ISO-10303-21;
HEADER;
FILE_DESCRIPTION (( 'STEP AP214' ),
    '1' );
FILE_NAME ('IR Cut mini.STEP',
    '2026-06-01T18:25:00',
    ( '' ),
    ( '' ),
    'SwSTEP 2.0',
    'SolidWorks 2026',
    '' );
FILE_SCHEMA (( 'AUTOMOTIVE_DESIGN' ));
ENDSEC;

DATA;
#1 = CARTESIAN_POINT ( 'NONE',  ( 12.15000000000000036, -2.437047130303232761E-15, -2.250000000000000444 ) ) ;
#2 = ORIENTED_EDGE ( 'NONE', *, *, #3108, .T. ) ;
#3 = ORIENTED_EDGE ( 'NONE', *, *, #3544, .T. ) ;
#4 = CARTESIAN_POINT ( 'NONE',  ( 7.450334700261794119, 5.468214267663324080, 3.160000000000037446 ) ) ;
#5 = CARTESIAN_POINT ( 'NONE',  ( 8.951121449966091603, 0.000000000000000000, 2.860000000000000320 ) ) ;
#6 = CARTESIAN_POINT ( 'NONE',  ( 8.119102487751137076, 5.082762530298214010, 3.159999999999999698 ) ) ;
#7 = DIRECTION ( 'NONE',  ( 0.000000000000000000, 0.000000000000000000, -1.000000000000000000 ) ) ;
#8 = CARTESIAN_POINT ( 'NONE',  ( 0.09739718417867614109, -8.823825010005823088, 3.160000000000000142 ) ) ;
#9 = ORIENTED_EDGE ( 'NONE', *, *, #4427, .T. ) ;
#10 = FACE_BOUND ( 'NONE', #2112, .T. ) ;
#11 = CARTESIAN_POINT ( 'NONE',  ( -7.549999999999999822, 6.032759606013504694, 3.134535599249788529 ) ) ;
#12 = B_SPLINE_CURVE_WITH_KNOTS ( 'NONE', 3,
 ( #1680, #4312, #924, #3930, #1705, #3204, #3562 ),
 .UNSPECIFIED., .F., .F.,
 ( 4, 3, 4 ),
 ( 0.000000000000000000, 0.0003281225752369919648, 0.0005507477957401075725 ),
 .UNSPECIFIED. ) ;
#13 = CIRCLE ( 'NONE', #3920, 0.9999999999999991118 ) ;
#14 = VERTEX_POINT ( 'NONE', #3209 ) ;
#15 = EDGE_CURVE ( 'NONE', #3952, #634, #3387, .T. ) ;
#16 = VERTEX_POINT ( 'NONE', #3861 ) ;
#17 = CARTESIAN_POINT ( 'NONE',  ( -8.100000000000001421, 5.382762530298221826, 3.132913281108373749 ) ) ;
#18 = DIRECTION ( 'NONE',  ( -0.000000000000000000, -0.000000000000000000, 1.000000000000000000 ) ) ;
#19 = ORIENTED_EDGE ( 'NONE', *, *, #2108, .T. ) ;
#20 = CARTESIAN_POINT ( 'NONE',  ( -3.800000000000000266, 8.300000000000000711, -1.199999999999999734 ) ) ;
#21 = CARTESIAN_POINT ( 'NONE',  ( 8.101121449966091959, 5.934645659804265172, 3.159250164125936955 ) ) ;
#22 = ORIENTED_EDGE ( 'NONE', *, *, #3320, .T. ) ;
#23 = CARTESIAN_POINT ( 'NONE',  ( 7.917322720673893421, 6.234645659804309403, 3.156155255472211874 ) ) ;
#24 = VERTEX_POINT ( 'NONE', #148 ) ;
#25 = CARTESIAN_POINT ( 'NONE',  ( -0.09739718417867623823, -8.876174989994177977, 3.160000000000000142 ) ) ;
#26 = ORIENTED_EDGE ( 'NONE', *, *, #2574, .F. ) ;
#27 = DIRECTION ( 'NONE',  ( -1.000000000000000000, -1.045014142154703244E-16, 0.000000000000000000 ) ) ;
#28 = DIRECTION ( 'NONE',  ( -1.000000000000000000, 0.000000000000000000, 0.000000000000000000 ) ) ;
#29 = LINE ( 'NONE', #2356, #3027 ) ;
#30 = EDGE_CURVE ( 'NONE', #4817, #1554, #3116, .T. ) ;
#31 = EDGE_CURVE ( 'NONE', #2156, #3299, #2202, .T. ) ;
#32 = ORIENTED_EDGE ( 'NONE', *, *, #118, .T. ) ;
#33 = EDGE_CURVE ( 'NONE', #4127, #2732, #1570, .T. ) ;
#34 = CARTESIAN_POINT ( 'NONE',  ( 11.72499999999999964, 1.299759593155595194, 0.000000000000000000 ) ) ;
#35 = LINE ( 'NONE', #249, #3128 ) ;
#36 = DIRECTION ( 'NONE',  ( 0.000000000000000000, 0.000000000000000000, -1.000000000000000000 ) ) ;
#37 = APPLICATION_PROTOCOL_DEFINITION ( 'draft international standard', 'automotive_design', 1998, #4252 ) ;
#38 = EDGE_CURVE ( 'NONE', #4080, #662, #2398, .T. ) ;
#39 = ORIENTED_EDGE ( 'NONE', *, *, #1266, .T. ) ;
#40 = VERTEX_POINT ( 'NONE', #1279 ) ;
#41 = LINE ( 'NONE', #730, #2154 ) ;
#42 = DIRECTION ( 'NONE',  ( 0.000000000000000000, 0.000000000000000000, 1.000000000000000000 ) ) ;
#43 = AXIS2_PLACEMENT_3D ( 'NONE', #1433, #2497, #1788 ) ;
#44 = DIRECTION ( 'NONE',  ( -0.000000000000000000, -0.000000000000000000, 1.000000000000000000 ) ) ;
#45 = CARTESIAN_POINT ( 'NONE',  ( 0.000000000000000000, -8.849999999999999645, 3.060000000000000053 ) ) ;
#46 = CARTESIAN_POINT ( 'NONE',  ( 7.551121449966091248, 6.047394294978932550, 3.134579670684044306 ) ) ;
#47 = ORIENTED_EDGE ( 'NONE', *, *, #1396, .F. ) ;
#48 = EDGE_CURVE ( 'NONE', #146, #2704, #2049, .T. ) ;
#49 = CIRCLE ( 'NONE', #2861, 5.999999999999999112 ) ;
#50 = VERTEX_POINT ( 'NONE', #2965 ) ;
#51 = CARTESIAN_POINT ( 'NONE',  ( -1.000000000000000888, -8.980897512248862569, 3.159999999999999698 ) ) ;
#52 = AXIS2_PLACEMENT_3D ( 'NONE', #3224, #3927, #3557 ) ;
#53 = EDGE_CURVE ( 'NONE', #268, #3687, #1485, .T. ) ;
#54 = CARTESIAN_POINT ( 'NONE',  ( -7.989463984479857395, 5.108209155647768895, 3.060000000000000053 ) ) ;
#55 = CARTESIAN_POINT ( 'NONE',  ( -0.1492332267666492129, -8.156191830659555109, 3.133555375039716040 ) ) ;
#56 = AXIS2_PLACEMENT_3D ( 'NONE', #3534, #482, #898 ) ;
#57 = DIRECTION ( 'NONE',  ( -0.000000000000000000, -0.000000000000000000, 1.000000000000000000 ) ) ;
#58 = ORIENTED_EDGE ( 'NONE', *, *, #4323, .F. ) ;
#59 = DIRECTION ( 'NONE',  ( 1.320185673163183088E-16, 1.000000000000000000, -0.000000000000000000 ) ) ;
#60 =( BOUNDED_SURFACE ( )  B_SPLINE_SURFACE ( 2, 3, ( 
 ( #1359, #3971, #3944, #2407, #889, #1336, #3193, #3893, #4658, #2872, #2034, #1670, #1648, #3146, #1263, #597, #2846, #4374, #916, #3574, #986, #2431, #3922, #3550, #198, #2503, #4324, #935, #501, #1720, #2455, #575, #217, #3335 ),
 ( #1417, #1861, #2178, #2130, #3287, #3674, #3620, #3716, #4820, #353, #1840, #2527, #719, #3647, #263, #1490, #4449, #4844, #4057, #2943, #1462, #289, #1766, #1794, #4082, #1819, #3354, #1386, #672, #4, #2152, #2897, #309, #2988 ),
 ( #331, #4499, #3311, #3696, #2919, #1083, #1439, #3266, #1058, #4396, #2578, #4421, #1104, #697, #4775, #4800, #2198, #1008, #3997, #2968, #621, #4475, #4026, #2219, #1031, #645, #2554, #2603, #4103, #2684, #1568, #106, #2271, #378 ) ),
 .UNSPECIFIED., .F., .T., .F. ) 
 B_SPLINE_SURFACE_WITH_KNOTS ( ( 3, 3 ),
 ( 4, 2, 2, 2, 2, 2, 2, 2, 2, 2, 2, 2, 2, 2, 2, 2, 4 ),
 ( 0.000000000000000000, 1.000000000000000000 ),
 ( 0.000000000000000000, 0.3926990816987241395, 0.7853981633974482790, 1.178097245096172418, 1.570796326794896558, 1.963495408493620697, 2.356194490192344837, 2.748893571891068976, 3.141592653589793116, 3.534291735288517255, 3.926990816987241395, 4.319689898685965090, 4.712388980384689674, 5.105088062083414258, 5.497787143782137953, 5.890486225480861648, 6.283185307179586232 ),
 .UNSPECIFIED. ) 
 GEOMETRIC_REPRESENTATION_ITEM ( )  RATIONAL_B_SPLINE_SURFACE ( (
 ( 1.000000000000000000, 1.000000000000000000, 1.000000000000000000, 1.000000000000000000, 1.000000000000000000, 1.000000000000000000, 1.000000000000000000, 1.000000000000000000, 1.000000000000000000, 1.000000000000000000, 1.000000000000000000, 1.000000000000000000, 1.000000000000000000, 1.000000000000000000, 1.000000000000000000, 1.000000000000000000, 1.000000000000000000, 1.000000000000000000, 1.000000000000000000, 1.000000000000000000, 1.000000000000000000, 1.000000000000000000, 1.000000000000000000, 1.000000000000000000, 1.000000000000000000, 1.000000000000000000, 1.000000000000000000, 1.000000000000000000, 1.000000000000000000, 1.000000000000000000, 1.000000000000000000, 1.000000000000000000, 1.000000000000000000, 1.000000000000000000),
 ( 0.7071067811865475727, 0.7071067811865475727, 0.7071067811865475727, 0.7071067811865475727, 0.7071067811865475727, 0.7071067811865475727, 0.7071067811865503483, 0.7071067811865503483, 0.7071067811865475727, 0.7071067811865475727, 0.7071067811865503483, 0.7071067811865503483, 0.7071067811865475727, 0.7071067811865475727, 0.7071067811865475727, 0.7071067811865475727, 0.7071067811865475727, 0.7071067811865475727, 0.7071067811865475727, 0.7071067811865475727, 0.7071067811865475727, 0.7071067811865475727, 0.7071067811865503483, 0.7071067811865503483, 0.7071067811865475727, 0.7071067811865475727, 0.7071067811865503483, 0.7071067811865503483, 0.7071067811865475727, 0.7071067811865475727, 0.7071067811865475727, 0.7071067811865475727, 0.7071067811865475727, 0.7071067811865475727),
 ( 1.000000000000000000, 1.000000000000000000, 1.000000000000000000, 1.000000000000000000, 1.000000000000000000, 1.000000000000000000, 1.000000000000000000, 1.000000000000000000, 1.000000000000000000, 1.000000000000000000, 1.000000000000000000, 1.000000000000000000, 1.000000000000000000, 1.000000000000000000, 1.000000000000000000, 1.000000000000000000, 1.000000000000000000, 1.000000000000000000, 1.000000000000000000, 1.000000000000000000, 1.000000000000000000, 1.000000000000000000, 1.000000000000000000, 1.000000000000000000, 1.000000000000000000, 1.000000000000000000, 1.000000000000000000, 1.000000000000000000, 1.000000000000000000, 1.000000000000000000, 1.000000000000000000, 1.000000000000000000, 1.000000000000000000, 1.000000000000000000) ) ) 
 REPRESENTATION_ITEM ( '' )  SURFACE ( )  );
#61 = AXIS2_PLACEMENT_3D ( 'NONE', #865, #1133, #2377 ) ;
#62 = ORIENTED_EDGE ( 'NONE', *, *, #1049, .T. ) ;
#63 = ADVANCED_FACE ( 'NONE', ( #3333 ), #4842, .F. ) ;
#64 = ADVANCED_FACE ( 'NONE', ( #4079 ), #738, .T. ) ;
#65 = CARTESIAN_POINT ( 'NONE',  ( -8.400000000000000355, 5.714053142798650953, 3.155291219544285486 ) ) ;
#66 = LINE ( 'NONE', #1545, #2340 ) ;
#67 = CARTESIAN_POINT ( 'NONE',  ( -7.549999999999999822, 6.232762530298220582, 2.860000000000000320 ) ) ;
#68 = B_SPLINE_CURVE_WITH_KNOTS ( 'NONE', 3,
 ( #760, #1533, #101, #1901, #46, #3034, #2699 ),
 .UNSPECIFIED., .F., .F.,
 ( 4, 3, 4 ),
 ( 8.673617379884035472E-19, 9.507506556396967928E-05, 0.0001481270605054689482 ),
 .UNSPECIFIED. ) ;
#69 = ORIENTED_EDGE ( 'NONE', *, *, #2640, .F. ) ;
#70 = ORIENTED_EDGE ( 'NONE', *, *, #904, .F. ) ;
#71 = DIRECTION ( 'NONE',  ( 0.000000000000000000, 0.000000000000000000, 1.000000000000000000 ) ) ;
#72 = VECTOR ( 'NONE', #27, 1000.000000000000000 ) ;
#73 = DIRECTION ( 'NONE',  ( -1.000000000000000000, -4.336808689942017736E-15, 0.000000000000000000 ) ) ;
#74 = CARTESIAN_POINT ( 'NONE',  ( -7.250000000000000000, -7.250000000000001776, 0.000000000000000000 ) ) ;
#75 = ORIENTED_EDGE ( 'NONE', *, *, #4652, .T. ) ;
#76 = VECTOR ( 'NONE', #848, 1000.000000000000000 ) ;
#77 = FACE_OUTER_BOUND ( 'NONE', #2370, .T. ) ;
#78 = CYLINDRICAL_SURFACE ( 'NONE', #4437, 5.999999999999999112 ) ;
#79 = VERTEX_POINT ( 'NONE', #1 ) ;
#80 = VECTOR ( 'NONE', #120, 1000.000000000000000 ) ;
#81 = CARTESIAN_POINT ( 'NONE',  ( -0.1000000000000009076, -8.836910248775115662, 3.160000000000000142 ) ) ;
#82 = CARTESIAN_POINT ( 'NONE',  ( -9.224626510837095950, 5.822402806843419043, 3.060000000000000053 ) ) ;
#83 = CARTESIAN_POINT ( 'NONE',  ( 0.000000000000000000, -8.156191830659555109, 2.860000000000000320 ) ) ;
#84 = EDGE_CURVE ( 'NONE', #2641, #305, #4100, .T. ) ;
#85 = CARTESIAN_POINT ( 'NONE',  ( 8.162621277676416653, 6.032400833819361985, 3.160000000000000142 ) ) ;
#86 = VERTEX_POINT ( 'NONE', #3714 ) ;
#87 = EDGE_CURVE ( 'NONE', #1969, #2150, #1836, .T. ) ;
#88 = ORIENTED_EDGE ( 'NONE', *, *, #483, .F. ) ;
#89 = CARTESIAN_POINT ( 'NONE',  ( -8.400000000000000355, 5.382762530298221826, 3.132913281108438142 ) ) ;
#90 = CARTESIAN_POINT ( 'NONE',  ( 0.000000000000000000, 0.000000000000000000, 0.000000000000000000 ) ) ;
#91 = CARTESIAN_POINT ( 'NONE',  ( 8.300000000000000711, -8.299999999999998934, 0.000000000000000000 ) ) ;
#92 = DIRECTION ( 'NONE',  ( 0.000000000000000000, 0.000000000000000000, 1.000000000000000000 ) ) ;
#93 = CARTESIAN_POINT ( 'NONE',  ( -0.2617498999416651428, -7.876028158213236097, 3.159999999999999698 ) ) ;
#94 = VERTEX_POINT ( 'NONE', #2649 ) ;
#95 = UNCERTAINTY_MEASURE_WITH_UNIT (LENGTH_MEASURE( 1.000000000000000082E-05 ), #1557, 'distance_accuracy_value', 'NONE');
#96 = ORIENTED_EDGE ( 'NONE', *, *, #3794, .F. ) ;
#97 = CARTESIAN_POINT ( 'NONE',  ( 0.7007667732333509036, -8.706191830659554043, 3.132967493099959366 ) ) ;
#98 = AXIS2_PLACEMENT_3D ( 'NONE', #1364, #4780, #4824 ) ;
#99 = CARTESIAN_POINT ( 'NONE',  ( -3.500000000000000000, 4.286263797015736595E-16, 0.2000000000000000111 ) ) ;
#100 = CARTESIAN_POINT ( 'NONE',  ( 4.724999999999999645, 5.999999999999999112, 0.000000000000000000 ) ) ;
#101 = CARTESIAN_POINT ( 'NONE',  ( 7.551121449966091248, 5.998019974898570084, 3.134204867937302019 ) ) ;
#102 = CARTESIAN_POINT ( 'NONE',  ( -7.635451737365110070, 6.882427830036421668, 3.060000000000000053 ) ) ;
#103 = ORIENTED_EDGE ( 'NONE', *, *, #3954, .F. ) ;
#104 = CARTESIAN_POINT ( 'NONE',  ( -0.8737872232358486757, -8.346383035211564660, 3.160000000000000142 ) ) ;
#105 = ORIENTED_EDGE ( 'NONE', *, *, #2167, .T. ) ;
#106 = CARTESIAN_POINT ( 'NONE',  ( 8.152602815821319737, 6.056587540304050776, 3.160000000000000142 ) ) ;
#107 = FACE_OUTER_BOUND ( 'NONE', #1159, .T. ) ;
#108 = PLANE ( 'NONE',  #3414 ) ;
#109 = VERTEX_POINT ( 'NONE', #1859 ) ;
#110 = DIRECTION ( 'NONE',  ( 0.000000000000000000, 0.000000000000000000, -1.000000000000000000 ) ) ;
#111 = CARTESIAN_POINT ( 'NONE',  ( 8.101121449966091959, 5.384645659804266238, 3.133129105500461087 ) ) ;
#112 = DIRECTION ( 'NONE',  ( 5.782411586589291769E-15, 1.000000000000000000, 0.000000000000000000 ) ) ;
#113 = EDGE_CURVE ( 'NONE', #3603, #2830, #906, .T. ) ;
#114 = ORIENTED_EDGE ( 'NONE', *, *, #2574, .T. ) ;
#115 = CARTESIAN_POINT ( 'NONE',  ( -11.72499999999999964, -6.000000000000002665, 3.000000000000000000 ) ) ;
#117 = CARTESIAN_POINT ( 'NONE',  ( -0.6992332267666493406, -8.706191830659554043, 2.860000000000000320 ) ) ;
#116 = CARTESIAN_POINT ( 'NONE',  ( 3.931679811453397545E-14, 6.232762530298172621, 2.860000000000000320 ) ) ;
#118 = EDGE_CURVE ( 'NONE', #1723, #1970, #3006, .T. ) ;
#119 = CYLINDRICAL_SURFACE ( 'NONE', #4544, 7.000000000000000000 ) ;
#120 = DIRECTION ( 'NONE',  ( -0.000000000000000000, -1.000000000000000000, -0.000000000000000000 ) ) ;
#121 = ORIENTED_EDGE ( 'NONE', *, *, #1210, .F. ) ;
#122 = ADVANCED_FACE ( 'NONE', ( #1728 ), #1953, .F. ) ;
#123 = CARTESIAN_POINT ( 'NONE',  ( 7.249999999999999112, 8.878689293818308102E-16, 9.500000000000000000 ) ) ;
#124 = CARTESIAN_POINT ( 'NONE',  ( -7.450334700261795895, 5.468214267663325856, 3.060000000000000053 ) ) ;
#125 = EDGE_LOOP ( 'NONE', ( #4073, #4313, #3817, #4564 ) ) ;
#126 = CIRCLE ( 'NONE', #43, 42.50896765755696549 ) ;
#127 = CARTESIAN_POINT ( 'NONE',  ( -9.250000000000000000, 5.951865018049244505, 3.060000000000000053 ) ) ;
#128 = ORIENTED_EDGE ( 'NONE', *, *, #1375, .T. ) ;
#129 = CARTESIAN_POINT ( 'NONE',  ( -7.250000000000000000, 5.300000000000000711, 0.000000000000000000 ) ) ;
#130 = ADVANCED_FACE ( 'NONE', ( #4356 ), #3246, .T. ) ;
#131 = DIRECTION ( 'NONE',  ( -0.000000000000000000, -0.000000000000000000, -1.000000000000000000 ) ) ;
#132 = CARTESIAN_POINT ( 'NONE',  ( -0.8351646544245032722, -8.299999999999998934, -0.6999999999999999556 ) ) ;
#133 = AXIS2_PLACEMENT_3D ( 'NONE', #4669, #1682, #4626 ) ;
#134 = AXIS2_PLACEMENT_3D ( 'NONE', #4826, #2952, #4137 ) ;
#135 = VECTOR ( 'NONE', #3875, 1000.000000000000000 ) ;
#136 = DIRECTION ( 'NONE',  ( 0.000000000000000000, 0.000000000000000000, 1.000000000000000000 ) ) ;
#137 = DIRECTION ( 'NONE',  ( -0.000000000000000000, -0.000000000000000000, -1.000000000000000000 ) ) ;
#138 = FACE_OUTER_BOUND ( 'NONE', #4004, .T. ) ;
#139 = AXIS2_PLACEMENT_3D ( 'NONE', #1944, #4560, #4234 ) ;
#140 = VERTEX_POINT ( 'NONE', #473 ) ;
#141 = CYLINDRICAL_SURFACE ( 'NONE', #274, 0.9999999999999991118 ) ;
#142 = EDGE_CURVE ( 'NONE', #402, #3662, #1983, .T. ) ;
#144 = CARTESIAN_POINT ( 'NONE',  ( -0.1492332267666493517, -9.228530233777611613, 3.154990266372520669 ) ) ;
#143 = CARTESIAN_POINT ( 'NONE',  ( 6.200000000000001954, 8.795429631088410360, 3.000000000000000000 ) ) ;
#145 = CARTESIAN_POINT ( 'NONE',  ( 8.951121449966096932, 6.082762530299529402, 3.134423960895940109 ) ) ;
#146 = VERTEX_POINT ( 'NONE', #4636 ) ;
#147 = DIRECTION ( 'NONE',  ( -0.000000000000000000, 0.000000000000000000, 1.000000000000000000 ) ) ;
#148 = CARTESIAN_POINT ( 'NONE',  ( 8.300000000000000711, 8.299999999999998934, -2.250000000000000000 ) ) ;
#149 = VECTOR ( 'NONE', #3071, 1000.000000000000000 ) ;
#150 = CARTESIAN_POINT ( 'NONE',  ( -8.864548262634887266, 5.283097230560008128, 3.060000000000000053 ) ) ;
#151 = CARTESIAN_POINT ( 'NONE',  ( 8.401121449966090893, 5.384645659804266238, 3.133080262257537107 ) ) ;
#152 = CARTESIAN_POINT ( 'NONE',  ( 1.000000000000000888, -8.849999999999999645, 3.104652759693188990 ) ) ;
#153 = DIRECTION ( 'NONE',  ( -0.000000000000000000, -0.000000000000000000, 1.000000000000000000 ) ) ;
#154 = CARTESIAN_POINT ( 'NONE',  ( -11.72499999999999964, -13.00000000000000000, 3.000000000000000000 ) ) ;
#155 = AXIS2_PLACEMENT_3D ( 'NONE', #3409, #799, #4532 ) ;
#156 = ORIENTED_EDGE ( 'NONE', *, *, #2553, .T. ) ;
#157 = ADVANCED_FACE ( 'NONE', ( #1240 ), #2754, .F. ) ;
#158 = FACE_OUTER_BOUND ( 'NONE', #2515, .T. ) ;
#159 = DIRECTION ( 'NONE',  ( -0.000000000000000000, -0.000000000000000000, 1.000000000000000000 ) ) ;
#160 = DIRECTION ( 'NONE',  ( -0.000000000000000000, -0.000000000000000000, 1.000000000000000000 ) ) ;
#161 = ORIENTED_EDGE ( 'NONE', *, *, #1051, .F. ) ;
#162 = DIRECTION ( 'NONE',  ( 0.000000000000000000, -1.000000000000000000, 0.000000000000000000 ) ) ;
#163 = CARTESIAN_POINT ( 'NONE',  ( -0.01308975122489209296, -8.950000000000001066, 3.160000000000000142 ) ) ;
#164 = DIRECTION ( 'NONE',  ( -1.000000000000000000, 0.000000000000000000, 0.000000000000000000 ) ) ;
#165 = DIRECTION ( 'NONE',  ( -0.000000000000000000, -0.000000000000000000, -1.000000000000000000 ) ) ;
#166 = CARTESIAN_POINT ( 'NONE',  ( -8.250000000000000000, 6.082762530298216674, 0.000000000000000000 ) ) ;
#167 = LINE ( 'NONE', #3536, #1872 ) ;
#168 = LINE ( 'NONE', #1253, #2229 ) ;
#169 = CARTESIAN_POINT ( 'NONE',  ( -8.753616964788541566, 6.956549753534022607, 3.060000000000000053 ) ) ;
#170 = EDGE_LOOP ( 'NONE', ( #2680, #2203, #32, #4426 ) ) ;
#171 = LINE ( 'NONE', #4674, #3948 ) ;
#172 = CARTESIAN_POINT ( 'NONE',  ( 8.951121449966091603, 6.234645659804266771, 3.132757235625303061 ) ) ;
#173 = CARTESIAN_POINT ( 'NONE',  ( 0.8737872232358500080, -8.346383035211561108, 3.060000000000000053 ) ) ;
#174 = ORIENTED_EDGE ( 'NONE', *, *, #1798, .F. ) ;
#175 = ADVANCED_FACE ( 'NONE', ( #496 ), #550, .F. ) ;
#176 = CARTESIAN_POINT ( 'NONE',  ( -7.376794309627872970, 6.587593379508167146, 3.059999999999999609 ) ) ;
#177 = CARTESIAN_POINT ( 'NONE',  ( -0.2411300743322413731, -9.006191830659522779, 3.158248776768947330 ) ) ;
#178 = CARTESIAN_POINT ( 'NONE',  ( 7.988250100058363223, 7.056734372084987328, 3.060000000000000053 ) ) ;
#179 = ADVANCED_FACE ( 'NONE', ( #1260 ), #2775, .T. ) ;
#180 = CARTESIAN_POINT ( 'NONE',  ( 7.250000000000000000, -7.250000000000000000, -2.250000000000000000 ) ) ;
#181 = ORIENTED_EDGE ( 'NONE', *, *, #87, .F. ) ;
#182 = CARTESIAN_POINT ( 'NONE',  ( -8.950000000000001066, 5.995939600611688292, 3.134066780521129303 ) ) ;
#183 = EDGE_CURVE ( 'NONE', #808, #2878, #3189, .T. ) ;
#184 = CARTESIAN_POINT ( 'NONE',  ( -8.100000000000019185, 2.554774573711326550E-14, 2.860000000000000320 ) ) ;
#185 = B_SPLINE_CURVE_WITH_KNOTS ( 'NONE', 3,
 ( #4491, #1880, #3031, #2696 ),
 .UNSPECIFIED., .F., .F.,
 ( 4, 4 ),
 ( 2.602085213965210642E-18, 0.0005506228227119235041 ),
 .UNSPECIFIED. ) ;
#186 = LINE ( 'NONE', #2067, #2583 ) ;
#187 = VERTEX_POINT ( 'NONE', #3941 ) ;
#188 = CARTESIAN_POINT ( 'NONE',  ( -4.724999999999998757, 6.000000000000000000, -1.199999999999999956 ) ) ;
#189 = ORIENTED_EDGE ( 'NONE', *, *, #693, .F. ) ;
#190 = CARTESIAN_POINT ( 'NONE',  ( -8.753616964788541566, 6.956549753534019942, 3.160000000000007248 ) ) ;
#191 = CARTESIAN_POINT ( 'NONE',  ( 7.250000000000000000, -7.250000000000000000, -2.250000000000000000 ) ) ;
#192 = CARTESIAN_POINT ( 'NONE',  ( -10.85082562675532003, 5.418525115168312922, 3.160000000000000142 ) ) ;
#193 = CIRCLE ( 'NONE', #2933, 2.000000000000000000 ) ;
#194 = CARTESIAN_POINT ( 'NONE',  ( -0.1308975122489191290, -7.849999999999999645, 3.060000000000000053 ) ) ;
#195 = VECTOR ( 'NONE', #2655, 1000.000000000000000 ) ;
#196 = ORIENTED_EDGE ( 'NONE', *, *, #53, .F. ) ;
#197 = EDGE_CURVE ( 'NONE', #3007, #4537, #982, .T. ) ;
#198 = CARTESIAN_POINT ( 'NONE',  ( 8.380897512248862924, 5.082762530298214010, 3.060000000000000053 ) ) ;
#199 = PLANE ( 'NONE',  #2500 ) ;
#200 = VECTOR ( 'NONE', #879, 1000.000000000000000 ) ;
#201 = DIRECTION ( 'NONE',  ( -1.000000000000000000, 0.000000000000000000, 0.000000000000000000 ) ) ;
#202 = ADVANCED_FACE ( 'NONE', ( #3572 ), #4727, .F. ) ;
#203 = EDGE_CURVE ( 'NONE', #94, #40, #4072, .T. ) ;
#204 = ORIENTED_EDGE ( 'NONE', *, *, #1335, .T. ) ;
#205 = AXIS2_PLACEMENT_3D ( 'NONE', #3295, #4429, #112 ) ;
#206 = CARTESIAN_POINT ( 'NONE',  ( 8.101121449966091959, 6.234645659804266771, 2.860000000000000320 ) ) ;
#207 = LINE ( 'NONE', #942, #3106 ) ;
#208 =( BOUNDED_SURFACE ( )  B_SPLINE_SURFACE ( 2, 3, ( 
 ( #3547, #4273, #2405, #1333, #2030, #3523, #1741, #2844, #194, #4744, #1640, #4341, #2825, #954, #173, #3188, #1354, #4702, #2867, #1310, #4321, #932, #2078, #1715, #3214, #4021, #2125, #259, #3617, #1005, #1760, #4771, #3262, #1382 ),
 ( #4392, #2523, #2892, #104, #1212, #4151, #813, #1183, #3008, #788, #2301, #3064, #3784, #2986, #2681, #4521, #376, #762, #4497, #1903, #1535, #1933, #1102, #2269, #1129, #397, #3842, #4175, #422, #2328, #3399, #4576, #51, #3037 ),
 ( #3425, #81, #2652, #2625, #741, #4202, #4126, #1884, #1955, #2703, #4552, #3448, #2352, #3816, #1566, #447, #2245, #3738, #1591, #1158, #838, #3090, #4604, #1979, #3760, #2725, #4224, #468, #1488, #3375, #3469, #25, #1511, #4246 ) ),
 .UNSPECIFIED., .F., .T., .T. ) 
 B_SPLINE_SURFACE_WITH_KNOTS ( ( 3, 3 ),
 ( 4, 2, 2, 2, 2, 2, 2, 2, 2, 2, 2, 2, 2, 2, 2, 2, 4 ),
 ( 0.000000000000000000, 1.000000000000000000 ),
 ( 0.000000000000000000, 0.3926990816987241395, 0.7853981633974482790, 1.178097245096172418, 1.570796326794896558, 1.963495408493620697, 2.356194490192344837, 2.748893571891068976, 3.141592653589793116, 3.534291735288517255, 3.926990816987241395, 4.319689898685965090, 4.712388980384689674, 5.105088062083414258, 5.497787143782137953, 5.890486225480861648, 6.283185307179586232 ),
 .UNSPECIFIED. ) 
 GEOMETRIC_REPRESENTATION_ITEM ( )  RATIONAL_B_SPLINE_SURFACE ( (
 ( 1.000000000000000000, 1.000000000000000000, 1.000000000000000000, 1.000000000000000000, 1.000000000000000000, 1.000000000000000000, 1.000000000000000000, 1.000000000000000000, 1.000000000000000000, 1.000000000000000000, 1.000000000000000000, 1.000000000000000000, 1.000000000000000000, 1.000000000000000000, 1.000000000000000000, 1.000000000000000000, 1.000000000000000000, 1.000000000000000000, 1.000000000000000000, 1.000000000000000000, 1.000000000000000000, 1.000000000000000000, 1.000000000000000000, 1.000000000000000000, 1.000000000000000000, 1.000000000000000000, 1.000000000000000000, 1.000000000000000000, 1.000000000000000000, 1.000000000000000000, 1.000000000000000000, 1.000000000000000000, 1.000000000000000000, 1.000000000000000000),
 ( 0.7071067811865475727, 0.7071067811865475727, 0.7071067811865474617, 0.7071067811865474617, 0.7071067811865475727, 0.7071067811865475727, 0.7071067811865475727, 0.7071067811865475727, 0.7071067811865475727, 0.7071067811865475727, 0.7071067811865475727, 0.7071067811865475727, 0.7071067811865475727, 0.7071067811865475727, 0.7071067811865475727, 0.7071067811865475727, 0.7071067811865475727, 0.7071067811865475727, 0.7071067811865475727, 0.7071067811865475727, 0.7071067811865475727, 0.7071067811865475727, 0.7071067811865475727, 0.7071067811865475727, 0.7071067811865475727, 0.7071067811865475727, 0.7071067811865475727, 0.7071067811865475727, 0.7071067811865475727, 0.7071067811865475727, 0.7071067811865475727, 0.7071067811865475727, 0.7071067811865475727, 0.7071067811865475727),
 ( 1.000000000000000000, 1.000000000000000000, 1.000000000000000000, 1.000000000000000000, 1.000000000000000000, 1.000000000000000000, 1.000000000000000000, 1.000000000000000000, 1.000000000000000000, 1.000000000000000000, 1.000000000000000000, 1.000000000000000000, 1.000000000000000000, 1.000000000000000000, 1.000000000000000000, 1.000000000000000000, 1.000000000000000000, 1.000000000000000000, 1.000000000000000000, 1.000000000000000000, 1.000000000000000000, 1.000000000000000000, 1.000000000000000000, 1.000000000000000000, 1.000000000000000000, 1.000000000000000000, 1.000000000000000000, 1.000000000000000000, 1.000000000000000000, 1.000000000000000000, 1.000000000000000000, 1.000000000000000000, 1.000000000000000000, 1.000000000000000000) ) ) 
 REPRESENTATION_ITEM ( '' )  SURFACE ( )  );
#209 = CARTESIAN_POINT ( 'NONE',  ( -0.1492332267666492129, -8.706191830659554043, 3.159287460144481141 ) ) ;
#210 = ORIENTED_EDGE ( 'NONE', *, *, #1765, .T. ) ;
#211 = PLANE ( 'NONE',  #2940 ) ;
#212 = VERTEX_POINT ( 'NONE', #530 ) ;
#213 = FACE_OUTER_BOUND ( 'NONE', #458, .T. ) ;
#214 = CARTESIAN_POINT ( 'NONE',  ( 0.000000000000000000, -8.849999999999999645, 0.000000000000000000 ) ) ;
#215 = FACE_OUTER_BOUND ( 'NONE', #1086, .T. ) ;
#216 = EDGE_CURVE ( 'NONE', #2631, #1223, #4350, .T. ) ;
#217 = CARTESIAN_POINT ( 'NONE',  ( 7.249999999999997335, 5.951865018049239175, 3.060000000000000053 ) ) ;
#218 = CARTESIAN_POINT ( 'NONE',  ( -0.3330335663361306819, -9.006191830659595610, 3.156081940150599952 ) ) ;
#219 = CARTESIAN_POINT ( 'NONE',  ( -6.199999999999999289, 5.000000000000000888, 4.400000000000000355 ) ) ;
#220 = ORIENTED_EDGE ( 'NONE', *, *, #2858, .F. ) ;
#221 = EDGE_CURVE ( 'NONE', #402, #2329, #579, .T. ) ;
#222 = CIRCLE ( 'NONE', #2967, 1.000000000000003553 ) ;
#223 = EDGE_LOOP ( 'NONE', ( #2100, #4496, #4085, #2440, #1001, #2004 ) ) ;
#224 = VECTOR ( 'NONE', #1649, 1000.000000000000000 ) ;
#225 = CARTESIAN_POINT ( 'NONE',  ( 5.400000000000001243, 6.050000000000000711, -1.199999999999999956 ) ) ;
#226 = CARTESIAN_POINT ( 'NONE',  ( 0.000000000000000000, 0.000000000000000000, 0.2000000000000000111 ) ) ;
#227 = CARTESIAN_POINT ( 'NONE',  ( -8.864548262634889042, 6.882427830036423444, 3.060000000000000053 ) ) ;
#228 = CARTESIAN_POINT ( 'NONE',  ( -4.725000000000000533, -13.00000000000000178, 3.000000000000000000 ) ) ;
#229 = LINE ( 'NONE', #1324, #200 ) ;
#230 = ORIENTED_EDGE ( 'NONE', *, *, #2108, .F. ) ;
#231 = VERTEX_POINT ( 'NONE', #3976 ) ;
#232 = CARTESIAN_POINT ( 'NONE',  ( -8.349999999999999645, 6.082762530298216674, 3.160000000000000142 ) ) ;
#233 = EDGE_LOOP ( 'NONE', ( #481, #4189, #156, #4619 ) ) ;
#234 = CARTESIAN_POINT ( 'NONE',  ( 3.500000000000000000, 0.000000000000000000, 0.000000000000000000 ) ) ;
#235 = CARTESIAN_POINT ( 'NONE',  ( 0.1507667732333506927, 0.000000000000000000, 2.860000000000000320 ) ) ;
#236 = LINE ( 'NONE', #3497, #504 ) ;
#237 = CARTESIAN_POINT ( 'NONE',  ( 9.224418981861495226, 5.822282182093943881, 3.060000000000000497 ) ) ;
#238 = VERTEX_POINT ( 'NONE', #3796 ) ;
#239 = CARTESIAN_POINT ( 'NONE',  ( -4.184992307805102563, 5.000000000000000888, 3.160000000000000142 ) ) ;
#240 = DIRECTION ( 'NONE',  ( -0.000000000000000000, -0.000000000000000000, 1.000000000000000000 ) ) ;
#241 = CARTESIAN_POINT ( 'NONE',  ( 4.724999999999999645, 13.00000000000000000, 3.000000000000000000 ) ) ;
#242 = VERTEX_POINT ( 'NONE', #1963 ) ;
#243 = DIRECTION ( 'NONE',  ( -1.253887771891026454E-16, -1.000000000000000000, 0.000000000000000000 ) ) ;
#244 = ORIENTED_EDGE ( 'NONE', *, *, #1049, .F. ) ;
#245 = CARTESIAN_POINT ( 'NONE',  ( 0.000000000000000000, 5.382762530298221826, 2.860000000000000320 ) ) ;
#246 = B_SPLINE_CURVE_WITH_KNOTS ( 'NONE', 3,
 ( #1665, #3161, #2101, #1713 ),
 .UNSPECIFIED., .F., .F.,
 ( 4, 4 ),
 ( 8.673617379884034509E-19, 0.0005508692980146598795 ),
 .UNSPECIFIED. ) ;
#247 = DIRECTION ( 'NONE',  ( 0.000000000000000000, -0.000000000000000000, -1.000000000000000000 ) ) ;
#248 = CARTESIAN_POINT ( 'NONE',  ( -7.376212776764187851, 5.579145565509681326, 3.159999999999980158 ) ) ;
#249 = CARTESIAN_POINT ( 'NONE',  ( 8.300000000000000711, -8.299999999999998934, -0.7000000000000000666 ) ) ;
#250 = ORIENTED_EDGE ( 'NONE', *, *, #2858, .T. ) ;
#251 = FACE_OUTER_BOUND ( 'NONE', #4352, .T. ) ;
#252 = ADVANCED_FACE ( 'NONE', ( #4584 ), #1189, .F. ) ;
#253 = ORIENTED_EDGE ( 'NONE', *, *, #1726, .T. ) ;
#254 = ORIENTED_EDGE ( 'NONE', *, *, #1765, .F. ) ;
#255 = ADVANCED_FACE ( 'NONE', ( #4158 ), #3123, .T. ) ;
#256 = CARTESIAN_POINT ( 'NONE',  ( -9.223971841786749337, 5.821012630356528383, 3.159999999999999698 ) ) ;
#257 = CARTESIAN_POINT ( 'NONE',  ( -8.099999999999999645, 6.782762530298222181, 3.132913281108372860 ) ) ;
#258 = CYLINDRICAL_SURFACE ( 'NONE', #1913, 1.100000000000000311 ) ;
#259 = CARTESIAN_POINT ( 'NONE',  ( -0.5036169647885088141, -9.723787223235820676, 3.060000000000000053 ) ) ;
#260 = CARTESIAN_POINT ( 'NONE',  ( 8.863649322655581031, 5.282095430792909774, 3.060000000000000053 ) ) ;
#261 = ORIENTED_EDGE ( 'NONE', *, *, #4258, .F. ) ;
#262 = CARTESIAN_POINT ( 'NONE',  ( 1.000000000000000888, -8.849999999999999645, 0.000000000000000000 ) ) ;
#263 = CARTESIAN_POINT ( 'NONE',  ( 9.123787223235813926, 6.586379495086744917, 3.160000000000020126 ) ) ;
#264 = LINE ( 'NONE', #3675, #3130 ) ;
#265 = B_SPLINE_CURVE_WITH_KNOTS ( 'NONE', 3,
 ( #521, #2029, #3522, #172 ),
 .UNSPECIFIED., .F., .F.,
 ( 4, 4 ),
 ( 0.0001481164296481727823, 0.0003000000113215364555 ),
 .UNSPECIFIED. ) ;
#266 = CARTESIAN_POINT ( 'NONE',  ( 8.864548262634883713, 5.283097230560001911, 3.060000000000000053 ) ) ;
#267 = ORIENTED_EDGE ( 'NONE', *, *, #1449, .T. ) ;
#268 = VERTEX_POINT ( 'NONE', #3746 ) ;
#269 = ORIENTED_EDGE ( 'NONE', *, *, #957, .T. ) ;
#270 = DIRECTION ( 'NONE',  ( 0.000000000000000000, 0.000000000000000000, 1.000000000000000000 ) ) ;
#271 = CYLINDRICAL_SURFACE ( 'NONE', #2637, 1.000000000000000888 ) ;
#272 = VECTOR ( 'NONE', #710, 1000.000000000000000 ) ;
#273 = VECTOR ( 'NONE', #3979, 1000.000000000000000 ) ;
#274 = AXIS2_PLACEMENT_3D ( 'NONE', #2763, #1320, #164 ) ;
#275 = CARTESIAN_POINT ( 'NONE',  ( 0.000000000000000000, 5.384645659804266238, 2.860000000000000320 ) ) ;
#276 = ORIENTED_EDGE ( 'NONE', *, *, #3239, .T. ) ;
#277 = DIRECTION ( 'NONE',  ( -0.000000000000000000, 0.000000000000000000, 1.000000000000000000 ) ) ;
#278 = VECTOR ( 'NONE', #793, 1000.000000000000000 ) ;
#279 = ADVANCED_FACE ( 'NONE', ( #4680, #1288, #2454, #2080 ), #1719, .F. ) ;
#280 = ORIENTED_EDGE ( 'NONE', *, *, #2750, .F. ) ;
#281 = ORIENTED_EDGE ( 'NONE', *, *, #1437, .T. ) ;
#282 = CARTESIAN_POINT ( 'NONE',  ( -8.199638303521146199, 6.170141252621798245, 3.160000000000000142 ) ) ;
#283 = LINE ( 'NONE', #665, #3453 ) ;
#284 = CARTESIAN_POINT ( 'NONE',  ( 8.250000000000000000, 6.082762530298216674, -0.6999999999999999556 ) ) ;
#285 = B_SPLINE_CURVE_WITH_KNOTS ( 'NONE', 3,
 ( #1653, #2042, #3274, #3980 ),
 .UNSPECIFIED., .F., .F.,
 ( 4, 4 ),
 ( 6.952433221959954168E-18, 0.0005506288100216628640 ),
 .UNSPECIFIED. ) ;
#286 = ORIENTED_EDGE ( 'NONE', *, *, #1208, .T. ) ;
#287 = LINE ( 'NONE', #1792, #4432 ) ;
#288 = B_SPLINE_CURVE_WITH_KNOTS ( 'NONE', 3,
 ( #4640, #2734, #1167, #1966, #3456, #1244, #1599 ),
 .UNSPECIFIED., .F., .F.,
 ( 4, 3, 4 ),
 ( 1.734723475976807094E-18, 0.0003279778210286644013, 0.0005507648976700440114 ),
 .UNSPECIFIED. ) ;
#289 = CARTESIAN_POINT ( 'NONE',  ( 8.864548262634883713, 5.283097230560001023, 3.159999999999999698 ) ) ;
#290 = DIRECTION ( 'NONE',  ( 1.000000000000000000, 0.000000000000000000, 0.000000000000000000 ) ) ;
#291 = CARTESIAN_POINT ( 'NONE',  ( 8.276174989994165898, 5.985365346119538188, 3.160000000000000142 ) ) ;
#292 = ORIENTED_EDGE ( 'NONE', *, *, #1402, .F. ) ;
#293 = FACE_OUTER_BOUND ( 'NONE', #2593, .T. ) ;
#294 = EDGE_CURVE ( 'NONE', #1783, #408, #498, .T. ) ;
#295 = VERTEX_POINT ( 'NONE', #596 ) ;
#296 = ORIENTED_EDGE ( 'NONE', *, *, #3582, .T. ) ;
#297 = AXIS2_PLACEMENT_3D ( 'NONE', #798, #110, #769 ) ;
#298 = FACE_OUTER_BOUND ( 'NONE', #4106, .T. ) ;
#299 = EDGE_CURVE ( 'NONE', #1013, #2888, #2107, .T. ) ;
#300 = DIRECTION ( 'NONE',  ( 0.000000000000000000, 0.000000000000000000, 1.000000000000000000 ) ) ;
#301 = ORIENTED_EDGE ( 'NONE', *, *, #1449, .F. ) ;
#302 = DIRECTION ( 'NONE',  ( 1.000000000000000000, 0.000000000000000000, 0.000000000000000000 ) ) ;
#303 = ORIENTED_EDGE ( 'NONE', *, *, #455, .F. ) ;
#304 = CARTESIAN_POINT ( 'NONE',  ( -8.311454826263489082, 6.162729060272037707, 3.160000000000000142 ) ) ;
#305 = VERTEX_POINT ( 'NONE', #4254 ) ;
#306 = DIRECTION ( 'NONE',  ( -0.000000000000000000, -0.000000000000000000, 1.000000000000000000 ) ) ;
#307 = CARTESIAN_POINT ( 'NONE',  ( -11.72499999999999964, -13.00000000000000000, 0.000000000000000000 ) ) ;
#308 = ORIENTED_EDGE ( 'NONE', *, *, #3905, .F. ) ;
#309 = CARTESIAN_POINT ( 'NONE',  ( 7.250000000000002665, 5.951865018049240064, 3.159999999999999698 ) ) ;
#310 = FACE_OUTER_BOUND ( 'NONE', #3346, .T. ) ;
#311 = CARTESIAN_POINT ( 'NONE',  ( 8.149999999999996803, 6.082762530298216674, 3.160000000000000142 ) ) ;
#312 = EDGE_LOOP ( 'NONE', ( #2709, #3974, #1786, #1552 ) ) ;
#313 = DIRECTION ( 'NONE',  ( -0.000000000000000000, -0.000000000000000000, -1.000000000000000000 ) ) ;
#314 = ORIENTED_EDGE ( 'NONE', *, *, #3652, .F. ) ;
#315 = ADVANCED_FACE ( 'NONE', ( #2379 ), #4656, .F. ) ;
#316 = EDGE_CURVE ( 'NONE', #4176, #2951, #4828, .T. ) ;
#317 = CARTESIAN_POINT ( 'NONE',  ( 0.1507667732333506927, -9.556191830659553688, 2.860000000000000320 ) ) ;
#318 = CARTESIAN_POINT ( 'NONE',  ( -8.400000000000000355, 6.232762530298217030, 3.159220816642476670 ) ) ;
#319 = CARTESIAN_POINT ( 'NONE',  ( -8.753616964788527355, 5.208975307062404525, 3.160000000000007248 ) ) ;
#320 = EDGE_CURVE ( 'NONE', #3232, #2525, #2552, .T. ) ;
#321 = ORIENTED_EDGE ( 'NONE', *, *, #1069, .F. ) ;
#322 = CARTESIAN_POINT ( 'NONE',  ( -8.949999999998127009, 6.109127106686169206, 3.134498163747058364 ) ) ;
#323 = VERTEX_POINT ( 'NONE', #1817 ) ;
#324 =( BOUNDED_SURFACE ( )  B_SPLINE_SURFACE ( 2, 3, ( 
 ( #1281, #1637, #3862, #2770, #1616, #517, #169, #543, #4629, #883, #2399, #3886, #2471, #2799, #909, #4318, #2026, #1685, #3519, #1662, #2099, #1712, #929, #2424, #3913, #3493, #3935, #2075, #150, #1236, #2051, #3159, #127, #2749 ),
 ( #862, #4671, #2445, #1329, #3542, #3210, #190, #4723, #3183, #3964, #2373, #4699, #3567, #1306, #2822, #565, #2841, #950, #4337, #4740, #1456, #4074, #2170, #614, #3990, #4441, #4792, #2122, #2863, #2961, #3614, #256, #1736, #3234 ),
 ( #232, #3664, #2519, #1785, #3281, #304, #2887, #1002, #2568, #4813, #1075, #282, #3302, #4017, #690, #1409, #4366, #3635, #2494, #1023, #635, #4465, #2912, #1350, #4389, #4413, #978, #3329, #2545, #2594, #4096, #2192, #2936, #3257 ) ),
 .UNSPECIFIED., .F., .T., .T. ) 
 B_SPLINE_SURFACE_WITH_KNOTS ( ( 3, 3 ),
 ( 4, 2, 2, 2, 2, 2, 2, 2, 2, 2, 2, 2, 2, 2, 2, 2, 4 ),
 ( 0.000000000000000000, 1.000000000000000000 ),
 ( 0.000000000000000000, 0.3926990816987241395, 0.7853981633974482790, 1.178097245096172418, 1.570796326794896558, 1.963495408493620697, 2.356194490192344837, 2.748893571891068976, 3.141592653589793116, 3.534291735288517255, 3.926990816987241395, 4.319689898685965090, 4.712388980384689674, 5.105088062083414258, 5.497787143782137953, 5.890486225480861648, 6.283185307179586232 ),
 .UNSPECIFIED. ) 
 GEOMETRIC_REPRESENTATION_ITEM ( )  RATIONAL_B_SPLINE_SURFACE ( (
 ( 1.000000000000000000, 1.000000000000000000, 1.000000000000000000, 1.000000000000000000, 1.000000000000000000, 1.000000000000000000, 1.000000000000000000, 1.000000000000000000, 1.000000000000000000, 1.000000000000000000, 1.000000000000000000, 1.000000000000000000, 1.000000000000000000, 1.000000000000000000, 1.000000000000000000, 1.000000000000000000, 1.000000000000000000, 1.000000000000000000, 1.000000000000000000, 1.000000000000000000, 1.000000000000000000, 1.000000000000000000, 1.000000000000000000, 1.000000000000000000, 1.000000000000000000, 1.000000000000000000, 1.000000000000000000, 1.000000000000000000, 1.000000000000000000, 1.000000000000000000, 1.000000000000000000, 1.000000000000000000, 1.000000000000000000, 1.000000000000000000),
 ( 0.7071067811865475727, 0.7071067811865475727, 0.7071067811865475727, 0.7071067811865475727, 0.7071067811865496822, 0.7071067811865496822, 0.7071067811865446862, 0.7071067811865446862, 0.7071067811865475727, 0.7071067811865475727, 0.7071067811865446862, 0.7071067811865446862, 0.7071067811865496822, 0.7071067811865496822, 0.7071067811865475727, 0.7071067811865475727, 0.7071067811865475727, 0.7071067811865475727, 0.7071067811865475727, 0.7071067811865475727, 0.7071067811865496822, 0.7071067811865496822, 0.7071067811865446862, 0.7071067811865446862, 0.7071067811865475727, 0.7071067811865475727, 0.7071067811865446862, 0.7071067811865446862, 0.7071067811865496822, 0.7071067811865496822, 0.7071067811865475727, 0.7071067811865475727, 0.7071067811865475727, 0.7071067811865475727),
 ( 1.000000000000000000, 1.000000000000000000, 1.000000000000000000, 1.000000000000000000, 1.000000000000000000, 1.000000000000000000, 1.000000000000000000, 1.000000000000000000, 1.000000000000000000, 1.000000000000000000, 1.000000000000000000, 1.000000000000000000, 1.000000000000000000, 1.000000000000000000, 1.000000000000000000, 1.000000000000000000, 1.000000000000000000, 1.000000000000000000, 1.000000000000000000, 1.000000000000000000, 1.000000000000000000, 1.000000000000000000, 1.000000000000000000, 1.000000000000000000, 1.000000000000000000, 1.000000000000000000, 1.000000000000000000, 1.000000000000000000, 1.000000000000000000, 1.000000000000000000, 1.000000000000000000, 1.000000000000000000, 1.000000000000000000, 1.000000000000000000) ) ) 
 REPRESENTATION_ITEM ( '' )  SURFACE ( )  );
#325 = FACE_OUTER_BOUND ( 'NONE', #2384, .T. ) ;
#326 = EDGE_LOOP ( 'NONE', ( #26, #4825, #1756, #3474 ) ) ;
#327 = CARTESIAN_POINT ( 'NONE',  ( 2.768897801671238204E-15, -9.631380629985365260, 3.160000000000000142 ) ) ;
#328 = DIRECTION ( 'NONE',  ( -0.000000000000000000, -0.000000000000000000, 1.000000000000000000 ) ) ;
#329 = CARTESIAN_POINT ( 'NONE',  ( 0.1308975122489176857, -9.850000000000001421, 3.159999999999999698 ) ) ;
#330 = ORIENTED_EDGE ( 'NONE', *, *, #1373, .T. ) ;
#331 = CARTESIAN_POINT ( 'NONE',  ( 8.149999999999996803, 6.082762530298216674, 3.160000000000000142 ) ) ;
#332 = CARTESIAN_POINT ( 'NONE',  ( 7.551121449970074728, 6.099232611051004227, 3.134646862644206333 ) ) ;
#333 = CARTESIAN_POINT ( 'NONE',  ( 7.249999999999992895, 6.213660042547195062, 3.159999999999999698 ) ) ;
#334 = CARTESIAN_POINT ( 'NONE',  ( 0.7007667732333509036, -8.706191830659554043, 3.132967493099959366 ) ) ;
#335 = EDGE_CURVE ( 'NONE', #4466, #2631, #4676, .T. ) ;
#336 = ORIENTED_EDGE ( 'NONE', *, *, #3041, .F. ) ;
#337 = CIRCLE ( 'NONE', #4269, 2.199999999999998845 ) ;
#338 = CARTESIAN_POINT ( 'NONE',  ( -0.6992332267666495627, -8.911537779143673177, 3.134340556175985615 ) ) ;
#339 = AXIS2_PLACEMENT_3D ( 'NONE', #4262, #3879, #2789 ) ;
#340 = EDGE_CURVE ( 'NONE', #3104, #4316, #1149, .T. ) ;
#341 = CARTESIAN_POINT ( 'NONE',  ( -7.988250100058347236, 7.056734372084977558, 3.160000000000007248 ) ) ;
#342 = EDGE_CURVE ( 'NONE', #3709, #2039, #1057, .T. ) ;
#343 = AXIS2_PLACEMENT_3D ( 'NONE', #764, #4607, #3428 ) ;
#344 = ORIENTED_EDGE ( 'NONE', *, *, #3517, .T. ) ;
#345 = DIRECTION ( 'NONE',  ( -0.000000000000000000, -0.000000000000000000, 1.000000000000000000 ) ) ;
#346 = AXIS2_PLACEMENT_3D ( 'NONE', #4688, #4664, #2064 ) ;
#347 = AXIS2_PLACEMENT_3D ( 'NONE', #921, #3153, #3928 ) ;
#348 = CARTESIAN_POINT ( 'NONE',  ( -0.1492332267666492129, -8.156191830659555109, 2.860000000000000320 ) ) ;
#349 = CARTESIAN_POINT ( 'NONE',  ( -0.5048308492099800038, -7.976794309627872614, 3.060000000000000497 ) ) ;
#350 = CARTESIAN_POINT ( 'NONE',  ( -8.099999999999999645, 0.000000000000000000, 2.860000000000000320 ) ) ;
#351 = VECTOR ( 'NONE', #3901, 1000.000000000000000 ) ;
#352 = ORIENTED_EDGE ( 'NONE', *, *, #3866, .T. ) ;
#353 = CARTESIAN_POINT ( 'NONE',  ( 8.380897512248866477, 7.082762530298219339, 3.159999999999999698 ) ) ;
#354 = LINE ( 'NONE', #698, #4385 ) ;
#355 = CARTESIAN_POINT ( 'NONE',  ( 7.376212776764187851, 6.586379495086747582, 3.160000000000020126 ) ) ;
#356 = FACE_OUTER_BOUND ( 'NONE', #4685, .T. ) ;
#357 = CARTESIAN_POINT ( 'NONE',  ( -8.276174989994165898, 6.180159714476892496, 3.160000000000000142 ) ) ;
#358 = CARTESIAN_POINT ( 'NONE',  ( 0.01308975122489191602, -8.749999999999998224, 3.160000000000000142 ) ) ;
#359 = ORIENTED_EDGE ( 'NONE', *, *, #3310, .F. ) ;
#360 = ADVANCED_FACE ( 'NONE', ( #1415 ), #641, .F. ) ;
#361 = CARTESIAN_POINT ( 'NONE',  ( -8.400000000000000355, 5.932762530298217207, 2.860000000000000320 ) ) ;
#362 = CARTESIAN_POINT ( 'NONE',  ( -8.400000000000000355, 6.782762530298222181, 2.860000000000000320 ) ) ;
#363 = LINE ( 'NONE', #2665, #3957 ) ;
#364 = VECTOR ( 'NONE', #743, 1000.000000000000000 ) ;
#365 = ORIENTED_EDGE ( 'NONE', *, *, #113, .F. ) ;
#366 = ORIENTED_EDGE ( 'NONE', *, *, #627, .F. ) ;
#367 = CARTESIAN_POINT ( 'NONE',  ( 8.300000000000000711, 8.299999999999998934, 0.000000000000000000 ) ) ;
#368 = VECTOR ( 'NONE', #416, 1000.000000000000000 ) ;
#369 = CARTESIAN_POINT ( 'NONE',  ( 0.7996652997382099892, -9.464548262634885134, 3.060000000000000053 ) ) ;
#370 = DIRECTION ( 'NONE',  ( 1.000000000000000000, 0.000000000000000000, 0.000000000000000000 ) ) ;
#371 = AXIS2_PLACEMENT_3D ( 'NONE', #1943, #159, #4233 ) ;
#372 = DIRECTION ( 'NONE',  ( -1.000000000000000000, 0.000000000000000000, 0.000000000000000000 ) ) ;
#373 = CARTESIAN_POINT ( 'NONE',  ( 10.82698101456414719, 6.375633764657958835, 3.000000000000000000 ) ) ;
#374 = ADVANCED_FACE ( 'NONE', ( #3418 ), #2502, .T. ) ;
#375 = ORIENTED_EDGE ( 'NONE', *, *, #876, .T. ) ;
#376 = CARTESIAN_POINT ( 'NONE',  ( 1.000000000000000888, -8.719102487751136721, 3.159999999999999698 ) ) ;
#377 = EDGE_LOOP ( 'NONE', ( #1384, #3279, #4214, #4718 ) ) ;
#378 = CARTESIAN_POINT ( 'NONE',  ( 8.149999999999996803, 6.082762530298216674, 3.160000000000000142 ) ) ;
#379 = FACE_OUTER_BOUND ( 'NONE', #3859, .T. ) ;
#380 = CARTESIAN_POINT ( 'NONE',  ( 8.199638303521146199, 6.170141252621800909, 3.160000000000000142 ) ) ;
#381 = CARTESIAN_POINT ( 'NONE',  ( -0.6992332267666493406, 0.000000000000000000, 2.860000000000000320 ) ) ;
#382 = EDGE_LOOP ( 'NONE', ( #2624, #2472, #2845, #4809 ) ) ;
#383 = PLANE ( 'NONE',  #3282 ) ;
#384 = DIRECTION ( 'NONE',  ( -1.000000000000000000, 0.000000000000000000, 0.000000000000000000 ) ) ;
#385 = VERTEX_POINT ( 'NONE', #779 ) ;
#386 = VERTEX_POINT ( 'NONE', #3644 ) ;
#387 = DIRECTION ( 'NONE',  ( -1.000000000000000000, 0.000000000000000000, 0.000000000000000000 ) ) ;
#388 = CARTESIAN_POINT ( 'NONE',  ( 0.5036169647885114786, -9.723787223235820676, 3.060000000000000053 ) ) ;
#389 = EDGE_CURVE ( 'NONE', #385, #4080, #2576, .T. ) ;
#390 = CARTESIAN_POINT ( 'NONE',  ( 8.300000000000000711, -8.299999999999998934, -2.250000000000000000 ) ) ;
#391 = DIRECTION ( 'NONE',  ( 0.000000000000000000, 1.000000000000000000, 0.000000000000000000 ) ) ;
#392 = CARTESIAN_POINT ( 'NONE',  ( -0.9720779101344365625, -11.37925492083945223, 3.000000000000000000 ) ) ;
#393 = DIRECTION ( 'NONE',  ( -1.000000000000000000, 0.000000000000000000, 0.000000000000000000 ) ) ;
#394 = EDGE_CURVE ( 'NONE', #2156, #2830, #4055, .T. ) ;
#395 = EDGE_CURVE ( 'NONE', #613, #1499, #287, .T. ) ;
#396 = ORIENTED_EDGE ( 'NONE', *, *, #2814, .T. ) ;
#397 = CARTESIAN_POINT ( 'NONE',  ( -0.1308975122489208498, -9.850000000000001421, 3.159999999999999698 ) ) ;
#398 = VERTEX_POINT ( 'NONE', #2262 ) ;
#399 = DIRECTION ( 'NONE',  ( 0.000000000000000000, 0.000000000000000000, 1.000000000000000000 ) ) ;
#400 = CARTESIAN_POINT ( 'NONE',  ( 5.400000000000002132, 8.299999999999998934, -1.199999999999999956 ) ) ;
#401 = DIRECTION ( 'NONE',  ( 1.000000000000000000, 0.000000000000000000, 0.000000000000000000 ) ) ;
#402 = VERTEX_POINT ( 'NONE', #1898 ) ;
#403 = DIRECTION ( 'NONE',  ( 1.000000000000000000, 0.000000000000000000, 0.000000000000000000 ) ) ;
#404 = DIRECTION ( 'NONE',  ( 0.000000000000000000, 0.000000000000000000, -1.000000000000000000 ) ) ;
#405 = DIRECTION ( 'NONE',  ( -1.000000000000000000, -1.045014142154703244E-16, 0.000000000000000000 ) ) ;
#406 = DIRECTION ( 'NONE',  ( 0.000000000000000000, 0.000000000000000000, -1.000000000000000000 ) ) ;
#407 = VECTOR ( 'NONE', #1311, 1000.000000000000000 ) ;
#408 = VERTEX_POINT ( 'NONE', #262 ) ;
#409 = ORIENTED_EDGE ( 'NONE', *, *, #1421, .T. ) ;
#410 = VECTOR ( 'NONE', #4540, 1000.000000000000000 ) ;
#411 = CARTESIAN_POINT ( 'NONE',  ( -0.6992332267666491186, -8.838958166035119746, 3.134611714230939761 ) ) ;
#412 = AXIS2_PLACEMENT_3D ( 'NONE', #2619, #4516, #1611 ) ;
#413 = CARTESIAN_POINT ( 'NONE',  ( 8.250000000000000000, 6.082762530298216674, 3.160000000000000142 ) ) ;
#414 = EDGE_CURVE ( 'NONE', #3969, #2941, #4773, .T. ) ;
#415 = VECTOR ( 'NONE', #1526, 1000.000000000000000 ) ;
#416 = DIRECTION ( 'NONE',  ( 0.000000000000000000, 1.000000000000000000, 0.000000000000000000 ) ) ;
#417 = ORIENTED_EDGE ( 'NONE', *, *, #3045, .F. ) ;
#418 = LINE ( 'NONE', #4492, #2479 ) ;
#419 = DIRECTION ( 'NONE',  ( 0.000000000000000000, -0.000000000000000000, -1.000000000000000000 ) ) ;
#420 = ADVANCED_FACE ( 'NONE', ( #2870 ), #984, .F. ) ;
#421 = EDGE_LOOP ( 'NONE', ( #2477, #1622 ) ) ;
#422 = CARTESIAN_POINT ( 'NONE',  ( -0.6145482626348893751, -9.649665299738208191, 3.159999999999999698 ) ) ;
#423 = EDGE_LOOP ( 'NONE', ( #1822, #821, #1252, #1061, #1427, #2860, #2610, #69 ) ) ;
#424 = CARTESIAN_POINT ( 'NONE',  ( -9.250000000000000000, 6.082762530298216674, 3.060000000000000053 ) ) ;
#425 = CARTESIAN_POINT ( 'NONE',  ( -8.300000000000000711, 8.300000000000000711, 0.000000000000000000 ) ) ;
#426 = FACE_OUTER_BOUND ( 'NONE', #2626, .T. ) ;
#427 = VERTEX_POINT ( 'NONE', #3389 ) ;
#428 = AXIS2_PLACEMENT_3D ( 'NONE', #4370, #153, #617 ) ;
#429 = ORIENTED_EDGE ( 'NONE', *, *, #3298, .T. ) ;
#430 = LINE ( 'NONE', #4232, #76 ) ;
#431 = CYLINDRICAL_SURFACE ( 'NONE', #1068, 3.500000000000000000 ) ;
#432 = CARTESIAN_POINT ( 'NONE',  ( 0.1507667732333506927, 0.000000000000000000, 2.860000000000000320 ) ) ;
#433 = VERTEX_POINT ( 'NONE', #2674 ) ;
#434 = EDGE_CURVE ( 'NONE', #242, #3989, #193, .T. ) ;
#435 = ORIENTED_EDGE ( 'NONE', *, *, #3395, .T. ) ;
#436 = CARTESIAN_POINT ( 'NONE',  ( -8.400000000000000355, 5.382762530298221826, 3.132913281108438142 ) ) ;
#437 = CARTESIAN_POINT ( 'NONE',  ( -1.100000000000000977, -8.849999999999999645, 3.060000000000000053 ) ) ;
#438 = CARTESIAN_POINT ( 'NONE',  ( 8.879124301663583907, 5.934645659803988949, 3.140202520526561347 ) ) ;
#439 = ORIENTED_EDGE ( 'NONE', *, *, #4046, .T. ) ;
#440 = CIRCLE ( 'NONE', #750, 1.000000000000003553 ) ;
#441 = DIRECTION ( 'NONE',  ( -1.000000000000000000, 0.000000000000000000, 0.000000000000000000 ) ) ;
#442 = CARTESIAN_POINT ( 'NONE',  ( 0.000000000000000000, -9.006191830659554753, 2.860000000000000320 ) ) ;
#443 = VECTOR ( 'NONE', #3084, 1000.000000000000000 ) ;
#444 = CARTESIAN_POINT ( 'NONE',  ( -8.119102487751140629, 7.082762530298215786, 3.159999999999999698 ) ) ;
#445 = ORIENTED_EDGE ( 'NONE', *, *, #1400, .T. ) ;
#446 = AXIS2_PLACEMENT_3D ( 'NONE', #1832, #1150, #2675 ) ;
#447 = CARTESIAN_POINT ( 'NONE',  ( 0.09739718417867614109, -8.823825010005823088, 3.160000000000000142 ) ) ;
#448 = DIRECTION ( 'NONE',  ( 1.105928998847831388E-16, -1.000000000000000000, 0.000000000000000000 ) ) ;
#449 = CARTESIAN_POINT ( 'NONE',  ( -11.72499999999999964, -13.00000000000000000, 3.000000000000000000 ) ) ;
#450 = CARTESIAN_POINT ( 'NONE',  ( 0.000000000000000000, -8.706191830659554043, 2.860000000000000320 ) ) ;
#451 = VERTEX_POINT ( 'NONE', #3775 ) ;
#452 = CARTESIAN_POINT ( 'NONE',  ( -7.249999999999999112, 0.000000000000000000, 9.500000000000000000 ) ) ;
#453 = PLANE ( 'NONE',  #1475 ) ;
#454 = CARTESIAN_POINT ( 'NONE',  ( 9.950000000000001066, -2.437047130303232761E-15, -2.250000000000000000 ) ) ;
#455 = EDGE_CURVE ( 'NONE', #4235, #4459, #803, .T. ) ;
#456 = CARTESIAN_POINT ( 'NONE',  ( 0.6145482626348920396, -8.050334700261794652, 3.159999999999999698 ) ) ;
#457 = EDGE_CURVE ( 'NONE', #238, #1313, #2895, .T. ) ;
#458 = EDGE_LOOP ( 'NONE', ( #2286, #1431, #4805, #2275 ) ) ;
#459 = EDGE_LOOP ( 'NONE', ( #2458, #3243, #2374, #3280, #2260, #3228, #1770, #2993 ) ) ;
#460 = LINE ( 'NONE', #558, #135 ) ;
#461 =( GEOMETRIC_REPRESENTATION_CONTEXT ( 3 ) GLOBAL_UNCERTAINTY_ASSIGNED_CONTEXT ( ( #95 ) ) GLOBAL_UNIT_ASSIGNED_CONTEXT ( ( #1557, #3906, #4570 ) ) REPRESENTATION_CONTEXT ( 'NONE', 'WORKASPACE' ) );
#462 = PLANE ( 'NONE',  #1733 ) ;
#463 = EDGE_CURVE ( 'NONE', #2464, #3624, #4025, .T. ) ;
#464 = FACE_OUTER_BOUND ( 'NONE', #1110, .T. ) ;
#465 = ORIENTED_EDGE ( 'NONE', *, *, #3646, .T. ) ;
#466 = DIRECTION ( 'NONE',  ( -1.000000000000000000, 0.000000000000000000, -0.000000000000000000 ) ) ;
#467 = CARTESIAN_POINT ( 'NONE',  ( -0.8731325541854783046, -9.355007141275132554, 3.060000000000000053 ) ) ;
#468 = CARTESIAN_POINT ( 'NONE',  ( -0.05036169647885137268, -8.937378722323582991, 3.160000000000000142 ) ) ;
#469 = EDGE_LOOP ( 'NONE', ( #2565, #603, #9, #2849 ) ) ;
#470 = DIRECTION ( 'NONE',  ( 0.000000000000000000, 0.000000000000000000, -1.000000000000000000 ) ) ;
#471 = LINE ( 'NONE', #449, #1522 ) ;
#472 = DIRECTION ( 'NONE',  ( -1.000000000000000000, 0.000000000000000000, 0.000000000000000000 ) ) ;
#473 = CARTESIAN_POINT ( 'NONE',  ( -0.9720779101344365625, -11.37925492083945223, 3.160000000000000142 ) ) ;
#474 = VERTEX_POINT ( 'NONE', #855 ) ;
#475 = DIRECTION ( 'NONE',  ( 0.000000000000000000, 0.000000000000000000, -1.000000000000000000 ) ) ;
#476 = EDGE_CURVE ( 'NONE', #2223, #1379, #4289, .T. ) ;
#477 = DIRECTION ( 'NONE',  ( -1.253887771891026701E-16, -1.000000000000000000, 0.000000000000000000 ) ) ;
#478 = CYLINDRICAL_SURFACE ( 'NONE', #2343, 2.000000000000000000 ) ;
#479 = CARTESIAN_POINT ( 'NONE',  ( -9.265388436421766016, 8.227956890226110431, 3.160000000000000142 ) ) ;
#480 = EDGE_CURVE ( 'NONE', #915, #2246, #1465, .T. ) ;
#481 = ORIENTED_EDGE ( 'NONE', *, *, #2227, .F. ) ;
#482 = DIRECTION ( 'NONE',  ( -0.000000000000000000, -0.000000000000000000, -1.000000000000000000 ) ) ;
#483 = EDGE_CURVE ( 'NONE', #934, #3978, #1950, .T. ) ;
#484 = DIRECTION ( 'NONE',  ( -1.000000000000000000, 0.000000000000000000, 0.000000000000000000 ) ) ;
#485 = CARTESIAN_POINT ( 'NONE',  ( -6.199999999999999289, 5.000000000000000888, 4.400000000000000355 ) ) ;
#486 = VERTEX_POINT ( 'NONE', #877 ) ;
#487 = LINE ( 'NONE', #4243, #655 ) ;
#488 = CARTESIAN_POINT ( 'NONE',  ( -7.550000000000002487, 6.082762530269799406, 3.134535599249993254 ) ) ;
#489 = CIRCLE ( 'NONE', #2859, 2.200000000000000622 ) ;
#490 = CARTESIAN_POINT ( 'NONE',  ( -7.250000000000000000, 6.082762530298216674, 3.104721359549998283 ) ) ;
#491 = EDGE_LOOP ( 'NONE', ( #3482, #751, #4661, #2691 ) ) ;
#492 = CARTESIAN_POINT ( 'NONE',  ( -0.1492332267666492129, -9.556191830659553688, 3.132292679490856990 ) ) ;
#493 = CARTESIAN_POINT ( 'NONE',  ( 1.000000000000000888, -8.849999999999999645, 3.060000000000000053 ) ) ;
#494 = CARTESIAN_POINT ( 'NONE',  ( -0.6992332267666493406, -9.006191830659554753, 2.860000000000000320 ) ) ;
#495 = CIRCLE ( 'NONE', #1286, 0.9999999999999991118 ) ;
#496 = FACE_OUTER_BOUND ( 'NONE', #312, .T. ) ;
#497 = VERTEX_POINT ( 'NONE', #4571 ) ;
#498 = LINE ( 'NONE', #4746, #4600 ) ;
#499 = VECTOR ( 'NONE', #3331, 1000.000000000000000 ) ;
#500 = CARTESIAN_POINT ( 'NONE',  ( -9.950000000000001066, 1.218523565151616775E-15, -0.2499999999999997780 ) ) ;
#501 = CARTESIAN_POINT ( 'NONE',  ( 7.635451737365110958, 5.283097230560009017, 3.060000000000000053 ) ) ;
#502 = DIRECTION ( 'NONE',  ( 1.000000000000000000, 0.000000000000000000, 0.000000000000000000 ) ) ;
#503 = LINE ( 'NONE', #850, #3565 ) ;
#504 = VECTOR ( 'NONE', #4655, 1000.000000000000000 ) ;
#505 = EDGE_CURVE ( 'NONE', #3198, #3952, #2416, .T. ) ;
#506 = CARTESIAN_POINT ( 'NONE',  ( 8.754830849210037513, 5.209556839926088756, 3.060000000000000497 ) ) ;
#507 = ORIENTED_EDGE ( 'NONE', *, *, #3163, .F. ) ;
#508 = DIRECTION ( 'NONE',  ( 0.000000000000000000, 0.000000000000000000, 1.000000000000000000 ) ) ;
#509 = CARTESIAN_POINT ( 'NONE',  ( -8.949999999999999289, 5.932762530298217207, 2.860000000000000320 ) ) ;
#510 = CARTESIAN_POINT ( 'NONE',  ( 8.951121449966091603, 5.984009264053555377, 3.133905723955988876 ) ) ;
#511 = EDGE_LOOP ( 'NONE', ( #2268, #4651, #961, #3568, #1851, #2679, #2862, #3619 ) ) ;
#512 = CARTESIAN_POINT ( 'NONE',  ( 0.7007667732333509036, -8.706191830659554043, 2.860000000000000320 ) ) ;
#513 = B_SPLINE_CURVE_WITH_KNOTS ( 'NONE', 3,
 ( #1743, #2779, #552, #3240, #3528, #4278, #1693, #4748, #2109, #1291, #4344, #2806, #3169, #2057, #176, #3217, #2827, #3599 ),
 .UNSPECIFIED., .F., .F.,
 ( 4, 2, 2, 2, 2, 2, 2, 2, 4 ),
 ( 0.000000000000000000, 0.06249999999999986122, 0.1249999999999997224, 0.1874999999999995837, 0.2499999999999994449, 0.3124999999999993339, 0.3749999999999995559, 0.4374999999999997780, 0.5000000000000000000 ),
 .UNSPECIFIED. ) ;
#514 = EDGE_CURVE ( 'NONE', #624, #2339, #3326, .T. ) ;
#515 = ORIENTED_EDGE ( 'NONE', *, *, #1961, .F. ) ;
#516 = VECTOR ( 'NONE', #527, 1000.000000000000000 ) ;
#517 = CARTESIAN_POINT ( 'NONE',  ( -8.864548262634889042, 6.882427830036423444, 3.060000000000000053 ) ) ;
#518 = ORIENTED_EDGE ( 'NONE', *, *, #1731, .F. ) ;
#519 = ADVANCED_FACE ( 'NONE', ( #1273 ), #4667, .F. ) ;
#520 = LINE ( 'NONE', #2028, #3394 ) ;
#521 = CARTESIAN_POINT ( 'NONE',  ( 8.951121449966096932, 6.082762530299529402, 3.134423960895940109 ) ) ;
#522 = CYLINDRICAL_SURFACE ( 'NONE', #4308, 1.100000000000000311 ) ;
#523 = CARTESIAN_POINT ( 'NONE',  ( -8.311454826263489082, 6.002796000324396530, 3.160000000000000142 ) ) ;
#524 = VECTOR ( 'NONE', #2439, 1000.000000000000000 ) ;
#525 = ORIENTED_EDGE ( 'NONE', *, *, #4042, .T. ) ;
#526 = ADVANCED_FACE ( 'NONE', ( #900 ), #1176, .F. ) ;
#527 = DIRECTION ( 'NONE',  ( 1.000000000000000000, 2.098455817713879566E-16, 0.000000000000000000 ) ) ;
#528 = DIRECTION ( 'NONE',  ( 1.000000000000000000, 0.000000000000000000, 0.000000000000000000 ) ) ;
#529 = DIRECTION ( 'NONE',  ( -0.000000000000000000, -0.000000000000000000, -1.000000000000000000 ) ) ;
#530 = CARTESIAN_POINT ( 'NONE',  ( -11.72499999999999964, 5.999999999999992895, 0.000000000000000000 ) ) ;
#531 = ORIENTED_EDGE ( 'NONE', *, *, #2671, .F. ) ;
#532 = PLANE ( 'NONE',  #4523 ) ;
#533 = DIRECTION ( 'NONE',  ( -1.000000000000000000, 0.000000000000000000, 0.000000000000000000 ) ) ;
#535 = CARTESIAN_POINT ( 'NONE',  ( 0.000000000000000000, 0.000000000000000000, 1.899999999999999911 ) ) ;
#534 = LINE ( 'NONE', #1606, #1813 ) ;
#536 = EDGE_CURVE ( 'NONE', #1999, #3052, #953, .T. ) ;
#537 = LINE ( 'NONE', #2835, #4076 ) ;
#538 = ORIENTED_EDGE ( 'NONE', *, *, #847, .F. ) ;
#539 = CARTESIAN_POINT ( 'NONE',  ( 0.000000000000000000, -8.849999999999999645, -0.6999999999999999556 ) ) ;
#540 = AXIS2_PLACEMENT_3D ( 'NONE', #3679, #2582, #601 ) ;
#541 = EDGE_CURVE ( 'NONE', #2181, #3726, #3758, .T. ) ;
#542 = CARTESIAN_POINT ( 'NONE',  ( 0.2605360155204690109, -9.824553374650445647, 3.060000000000000053 ) ) ;
#543 = CARTESIAN_POINT ( 'NONE',  ( -8.511749899941653652, 7.056734372084979334, 3.060000000000000053 ) ) ;
#544 = ORIENTED_EDGE ( 'NONE', *, *, #38, .F. ) ;
#545 = FACE_OUTER_BOUND ( 'NONE', #1408, .T. ) ;
#546 = CARTESIAN_POINT ( 'NONE',  ( 7.250000000000000000, 7.250000000000000000, 0.000000000000000000 ) ) ;
#547 = CARTESIAN_POINT ( 'NONE',  ( -7.549999999999999822, 6.182771530878975241, 3.134005257820719148 ) ) ;
#548 = EDGE_CURVE ( 'NONE', #1013, #1578, #3464, .T. ) ;
#549 = EDGE_CURVE ( 'NONE', #4270, #2055, #1227, .T. ) ;
#550 = PLANE ( 'NONE',  #2774 ) ;
#551 = ORIENTED_EDGE ( 'NONE', *, *, #1524, .F. ) ;
#552 = CARTESIAN_POINT ( 'NONE',  ( -9.224418981861502331, 6.343242878502270088, 3.059999999999999609 ) ) ;
#553 = CARTESIAN_POINT ( 'NONE',  ( 9.050667099505574242, 6.696411852953428223, 3.060000000000000497 ) ) ;
#554 = PLANE ( 'NONE',  #736 ) ;
#555 = ORIENTED_EDGE ( 'NONE', *, *, #4471, .F. ) ;
#556 = CARTESIAN_POINT ( 'NONE',  ( -8.949999999998020428, 6.077534389367057699, 3.134534125578513741 ) ) ;
#557 = CARTESIAN_POINT ( 'NONE',  ( -0.02617498999416696670, -8.947397184178678131, 3.160000000000000142 ) ) ;
#558 = CARTESIAN_POINT ( 'NONE',  ( -8.300000000000000711, -8.300000000000000711, 0.000000000000000000 ) ) ;
#559 = CARTESIAN_POINT ( 'NONE',  ( -8.380897512248862924, 5.082762530298217563, 3.060000000000000053 ) ) ;
#560 = DIRECTION ( 'NONE',  ( -0.000000000000000000, -0.000000000000000000, 1.000000000000000000 ) ) ;
#561 = ORIENTED_EDGE ( 'NONE', *, *, #395, .F. ) ;
#562 = DIRECTION ( 'NONE',  ( -1.000000000000000000, -5.981805089575197430E-17, 0.000000000000000000 ) ) ;
#563 = ADVANCED_FACE ( 'NONE', ( #649 ), #1012, .T. ) ;
#564 = ORIENTED_EDGE ( 'NONE', *, *, #4708, .T. ) ;
#565 = CARTESIAN_POINT ( 'NONE',  ( -7.276028158213255992, 6.344512430239911183, 3.159999999999999698 ) ) ;
#566 = AXIS2_PLACEMENT_3D ( 'NONE', #4339, #2076, #3545 ) ;
#567 = ORIENTED_EDGE ( 'NONE', *, *, #3707, .T. ) ;
#568 = ADVANCED_FACE ( 'NONE', ( #293 ), #2877, .F. ) ;
#569 = DIRECTION ( 'NONE',  ( 0.000000000000000000, 0.000000000000000000, 1.000000000000000000 ) ) ;
#570 = CARTESIAN_POINT ( 'NONE',  ( -8.400000000000000355, 6.782762530298222181, 3.132913281108373305 ) ) ;
#571 = VECTOR ( 'NONE', #2390, 1000.000000000000000 ) ;
#572 = CARTESIAN_POINT ( 'NONE',  ( -8.300000000000000711, 5.299999999999999822, -6.608326913195983643 ) ) ;
#573 = VECTOR ( 'NONE', #3040, 1000.000000000000000 ) ;
#574 = VERTEX_POINT ( 'NONE', #4425 ) ;
#575 = CARTESIAN_POINT ( 'NONE',  ( 7.276028158213235564, 5.821012630356563911, 3.060000000000000053 ) ) ;
#576 = CARTESIAN_POINT ( 'NONE',  ( 7.636350677344212023, 6.883429629803316629, 3.060000000000000053 ) ) ;
#577 = VECTOR ( 'NONE', #1501, 1000.000000000000000 ) ;
#578 = CARTESIAN_POINT ( 'NONE',  ( 7.450334700261792342, 6.697310792933109269, 3.060000000000000053 ) ) ;
#579 = LINE ( 'NONE', #180, #644 ) ;
#580 = VECTOR ( 'NONE', #2487, 1000.000000000000000 ) ;
#581 = ORIENTED_EDGE ( 'NONE', *, *, #3438, .F. ) ;
#582 = VECTOR ( 'NONE', #653, 1000.000000000000000 ) ;
#583 = LINE ( 'NONE', #1341, #1772 ) ;
#584 = CARTESIAN_POINT ( 'NONE',  ( -6.200000000000000178, 12.84283384278765006, 4.400000000000000355 ) ) ;
#585 = CARTESIAN_POINT ( 'NONE',  ( -8.119102487751140629, 7.082762530298215786, 3.060000000000000053 ) ) ;
#586 = FACE_OUTER_BOUND ( 'NONE', #4000, .T. ) ;
#587 = CARTESIAN_POINT ( 'NONE',  ( 3.500000000000000000, 0.000000000000000000, 0.000000000000000000 ) ) ;
#588 = VERTEX_POINT ( 'NONE', #2507 ) ;
#589 = ORIENTED_EDGE ( 'NONE', *, *, #3525, .T. ) ;
#590 = CARTESIAN_POINT ( 'NONE',  ( -8.829462139125547893, 6.276042890244141859, 3.000000000000000000 ) ) ;
#591 = CARTESIAN_POINT ( 'NONE',  ( -0.04925730578756988554, -9.556191830659553688, 3.134487070438701117 ) ) ;
#592 = DIRECTION ( 'NONE',  ( -1.000000000000000000, 0.000000000000000000, 0.000000000000000000 ) ) ;
#593 = CARTESIAN_POINT ( 'NONE',  ( 8.101121449966091959, 6.784645659804266593, 2.860000000000000320 ) ) ;
#594 = DIRECTION ( 'NONE',  ( 0.000000000000000000, -0.000000000000000000, -1.000000000000000000 ) ) ;
#595 = EDGE_LOOP ( 'NONE', ( #2586, #4123, #910, #4474 ) ) ;
#596 = CARTESIAN_POINT ( 'NONE',  ( 4.724999999999999645, 13.00000000000000000, 4.400000000000000355 ) ) ;
#597 = CARTESIAN_POINT ( 'NONE',  ( 9.223971841786767101, 6.344512430239869438, 3.060000000000000053 ) ) ;
#598 = CARTESIAN_POINT ( 'NONE',  ( -7.250000000000000000, -7.250000000000000888, -2.250000000000000000 ) ) ;
#599 = CARTESIAN_POINT ( 'NONE',  ( 9.123787223235817478, 5.579145565509694649, 3.060000000000000053 ) ) ;
#600 = ORIENTED_EDGE ( 'NONE', *, *, #957, .F. ) ;
#601 = DIRECTION ( 'NONE',  ( -1.000000000000000000, 0.000000000000000000, -0.000000000000000000 ) ) ;
#602 = CIRCLE ( 'NONE', #155, 2.000000000000000000 ) ;
#603 = ORIENTED_EDGE ( 'NONE', *, *, #3825, .T. ) ;
#604 = VECTOR ( 'NONE', #2058, 1000.000000000000000 ) ;
#605 = DIRECTION ( 'NONE',  ( 0.000000000000000000, 0.000000000000000000, 1.000000000000000000 ) ) ;
#606 = CARTESIAN_POINT ( 'NONE',  ( 7.149999999999996803, 6.082762530298216674, 3.060000000000000053 ) ) ;
#607 = ADVANCED_FACE ( 'NONE', ( #963 ), #3291, .F. ) ;
#608 = CARTESIAN_POINT ( 'NONE',  ( -9.250000000000000000, 6.082762530298216674, 3.060000000000000053 ) ) ;
#609 = EDGE_CURVE ( 'NONE', #618, #4679, #2434, .T. ) ;
#610 = ORIENTED_EDGE ( 'NONE', *, *, #1027, .T. ) ;
#611 = DIRECTION ( 'NONE',  ( 0.000000000000000000, 0.000000000000000000, -1.000000000000000000 ) ) ;
#612 = ORIENTED_EDGE ( 'NONE', *, *, #4070, .F. ) ;
#613 = VERTEX_POINT ( 'NONE', #3651 ) ;
#614 = CARTESIAN_POINT ( 'NONE',  ( -7.988250100058349012, 5.108790688511456679, 3.160000000000007248 ) ) ;
#615 = FACE_OUTER_BOUND ( 'NONE', #4093, .T. ) ;
#616 = DIRECTION ( 'NONE',  ( -1.000000000000000000, 0.000000000000000000, -0.000000000000000000 ) ) ;
#617 = DIRECTION ( 'NONE',  ( -1.000000000000000000, 0.000000000000000000, 0.000000000000000000 ) ) ;
#618 = VERTEX_POINT ( 'NONE', #2531 ) ;
#619 = CARTESIAN_POINT ( 'NONE',  ( 0.000000000000000000, 0.000000000000000000, 3.159999999999999698 ) ) ;
#620 = VECTOR ( 'NONE', #2344, 1000.000000000000000 ) ;
#621 = CARTESIAN_POINT ( 'NONE',  ( 8.329966529973823697, 6.021307704034725816, 3.160000000000000142 ) ) ;
#622 = CARTESIAN_POINT ( 'NONE',  ( -8.300000000000000711, -8.300000000000000711, -2.250000000000000000 ) ) ;
#623 = CARTESIAN_POINT ( 'NONE',  ( 8.401121449966090893, 5.934645659804266060, 2.860000000000000320 ) ) ;
#624 = VERTEX_POINT ( 'NONE', #4030 ) ;
#625 = EDGE_LOOP ( 'NONE', ( #1669, #4075, #1304, #1268 ) ) ;
#626 = DIRECTION ( 'NONE',  ( -0.000000000000000000, -0.000000000000000000, 1.000000000000000000 ) ) ;
#627 = EDGE_CURVE ( 'NONE', #3882, #24, #4086, .T. ) ;
#628 = DIRECTION ( 'NONE',  ( -1.000000000000000000, 0.000000000000000000, -0.000000000000000000 ) ) ;
#629 = CARTESIAN_POINT ( 'NONE',  ( 0.7007667732333499044, -8.802061364359483164, 3.134459308978564174 ) ) ;
#630 = ORIENTED_EDGE ( 'NONE', *, *, #1818, .T. ) ;
#631 = B_SPLINE_CURVE_WITH_KNOTS ( 'NONE', 3,
 ( #4677, #2449, #3939, #886, #2103, #1689, #3141 ),
 .UNSPECIFIED., .F., .F.,
 ( 4, 3, 4 ),
 ( 0.000000000000000000, 0.0003334549971278195587, 0.0005507614244764718562 ),
 .UNSPECIFIED. ) ;
#632 = CARTESIAN_POINT ( 'NONE',  ( 8.300000000000000711, 5.084013312526304951, -0.6999999999999999556 ) ) ;
#633 = VERTEX_POINT ( 'NONE', #1062 ) ;
#634 = VERTEX_POINT ( 'NONE', #2484 ) ;
#635 = CARTESIAN_POINT ( 'NONE',  ( -8.170033470026179856, 6.021307704034728481, 3.160000000000000142 ) ) ;
#636 = ORIENTED_EDGE ( 'NONE', *, *, #1761, .T. ) ;
#637 = LINE ( 'NONE', #4742, #859 ) ;
#638 = CARTESIAN_POINT ( 'NONE',  ( -8.300000000000000711, 8.300000000000000711, -2.250000000000000000 ) ) ;
#639 = ADVANCED_FACE ( 'NONE', ( #2134 ), #3700, .F. ) ;
#640 = EDGE_LOOP ( 'NONE', ( #4097, #1349, #989, #2950 ) ) ;
#641 = PLANE ( 'NONE',  #1030 ) ;
#642 = VECTOR ( 'NONE', #3863, 1000.000000000000000 ) ;
#643 = EDGE_CURVE ( 'NONE', #2278, #2651, #3604, .T. ) ;
#644 = VECTOR ( 'NONE', #939, 1000.000000000000000 ) ;
#645 = CARTESIAN_POINT ( 'NONE',  ( 8.236910248775114241, 5.982762530298214365, 3.160000000000000142 ) ) ;
#646 = DIRECTION ( 'NONE',  ( 0.000000000000000000, 1.000000000000000000, -0.000000000000000000 ) ) ;
#647 = CARTESIAN_POINT ( 'NONE',  ( 8.864548262634883713, 5.283097230560001023, 3.159999999999999698 ) ) ;
#648 = ORIENTED_EDGE ( 'NONE', *, *, #31, .F. ) ;
#649 = FACE_OUTER_BOUND ( 'NONE', #491, .T. ) ;
#650 = AXIS2_PLACEMENT_3D ( 'NONE', #2597, #2173, #3668 ) ;
#651 = ORIENTED_EDGE ( 'NONE', *, *, #2396, .T. ) ;
#652 = AXIS2_PLACEMENT_3D ( 'NONE', #1216, #3787, #2706 ) ;
#653 = DIRECTION ( 'NONE',  ( -3.154042683594223224E-15, -1.000000000000000000, 0.000000000000000000 ) ) ;
#654 = CARTESIAN_POINT ( 'NONE',  ( 0.8351646544245030501, -8.299999999999998934, -0.6999999999999999556 ) ) ;
#655 = VECTOR ( 'NONE', #2818, 1000.000000000000000 ) ;
#656 = VECTOR ( 'NONE', #1562, 1000.000000000000000 ) ;
#657 = AXIS2_PLACEMENT_3D ( 'NONE', #4456, #3626, #247 ) ;
#658 = ORIENTED_EDGE ( 'NONE', *, *, #4430, .T. ) ;
#659 = FACE_OUTER_BOUND ( 'NONE', #2211, .T. ) ;
#660 = AXIS2_PLACEMENT_3D ( 'NONE', #1672, #1722, #201 ) ;
#661 = ORIENTED_EDGE ( 'NONE', *, *, #3342, .T. ) ;
#662 = VERTEX_POINT ( 'NONE', #334 ) ;
#663 = DIRECTION ( 'NONE',  ( -0.000000000000000000, 0.000000000000000000, 1.000000000000000000 ) ) ;
#664 = ORIENTED_EDGE ( 'NONE', *, *, #2871, .F. ) ;
#665 = CARTESIAN_POINT ( 'NONE',  ( 0.1507667732333506927, -8.706191830659554043, 2.860000000000000320 ) ) ;
#666 = FACE_OUTER_BOUND ( 'NONE', #4530, .T. ) ;
#667 = ADVANCED_FACE ( 'NONE', ( #1390 ), #2901, .T. ) ;
#668 = ADVANCED_FACE ( 'NONE', ( #2948 ), #2558, .T. ) ;
#669 = ORIENTED_EDGE ( 'NONE', *, *, #394, .T. ) ;
#670 = CARTESIAN_POINT ( 'NONE',  ( -7.250000000000000000, 7.250000000000000000, -2.250000000000000000 ) ) ;
#671 = ADVANCED_FACE ( 'NONE', ( #1842 ), #1466, .T. ) ;
#672 = CARTESIAN_POINT ( 'NONE',  ( 7.635451737365117175, 5.283097230560001911, 3.159999999999963283 ) ) ;
#673 = CARTESIAN_POINT ( 'NONE',  ( 0.1507667732333506649, -8.247419132423708277, 3.142654932761898223 ) ) ;
#674 = CARTESIAN_POINT ( 'NONE',  ( 9.049665299738206770, 6.697310792933109269, 3.159999999999999698 ) ) ;
#675 = ORIENTED_EDGE ( 'NONE', *, *, #1987, .F. ) ;
#676 = CARTESIAN_POINT ( 'NONE',  ( 0.000000000000000000, -8.849999999999999645, -0.6999999999999999556 ) ) ;
#677 = AXIS2_PLACEMENT_3D ( 'NONE', #1593, #4606, #1131 ) ;
#678 = ADVANCED_FACE ( 'NONE', ( #356 ), #3743, .T. ) ;
#679 = VERTEX_POINT ( 'NONE', #1865 ) ;
#680 = ORIENTED_EDGE ( 'NONE', *, *, #2082, .T. ) ;
#681 = VECTOR ( 'NONE', #477, 1000.000000000000000 ) ;
#682 = CARTESIAN_POINT ( 'NONE',  ( -0.6992332267666495627, -8.895761070624290667, 3.134479589595954518 ) ) ;
#683 = CYLINDRICAL_SURFACE ( 'NONE', #3485, 7.249999999999999112 ) ;
#684 = CIRCLE ( 'NONE', #3436, 1.100000000000000977 ) ;
#685 = ORIENTED_EDGE ( 'NONE', *, *, #457, .F. ) ;
#686 = DIRECTION ( 'NONE',  ( 0.000000000000000000, 0.000000000000000000, -1.000000000000000000 ) ) ;
#687 = EDGE_CURVE ( 'NONE', #1896, #3143, #3404, .T. ) ;
#688 = CARTESIAN_POINT ( 'NONE',  ( 0.9739718417867599953, -9.111749899941660402, 3.060000000000000053 ) ) ;
#689 = VERTEX_POINT ( 'NONE', #3791 ) ;
#690 = CARTESIAN_POINT ( 'NONE',  ( -8.162621277676420206, 6.133124226777064258, 3.160000000000000142 ) ) ;
#691 = LINE ( 'NONE', #1811, #1043 ) ;
#692 = DIRECTION ( 'NONE',  ( 0.000000000000000000, -1.000000000000000000, 0.000000000000000000 ) ) ;
#693 = EDGE_CURVE ( 'NONE', #3919, #679, #1135, .T. ) ;
#694 = VERTEX_POINT ( 'NONE', #723 ) ;
#695 = CARTESIAN_POINT ( 'NONE',  ( 8.101121449966091959, 6.418315054854240032, 3.157373778653305596 ) ) ;
#696 = EDGE_CURVE ( 'NONE', #740, #1013, #767, .T. ) ;
#697 = CARTESIAN_POINT ( 'NONE',  ( 8.329966529973823697, 6.144217356561708421, 3.160000000000000142 ) ) ;
#698 = CARTESIAN_POINT ( 'NONE',  ( 5.249999999999995559, 5.000000000000002665, 9.500000000000000000 ) ) ;
#699 = CARTESIAN_POINT ( 'NONE',  ( 8.350000000000003197, 6.095852281523113980, 3.160000000000000142 ) ) ;
#700 = VERTEX_POINT ( 'NONE', #4478 ) ;
#701 = EDGE_CURVE ( 'NONE', #1554, #3687, #1087, .T. ) ;
#702 = DIRECTION ( 'NONE',  ( 1.000000000000000000, -1.045014142154703244E-16, -0.000000000000000000 ) ) ;
#703 = CARTESIAN_POINT ( 'NONE',  ( -0.01308975122489192816, -8.749999999999998224, 3.160000000000000142 ) ) ;
#704 = EDGE_LOOP ( 'NONE', ( #3063, #2966, #3591, #1377 ) ) ;
#705 = PRODUCT ( 'IR Cut mini', 'IR Cut mini', '', ( #4090 ) ) ;
#706 = CARTESIAN_POINT ( 'NONE',  ( -7.550000000000000711, 5.932762530298217207, 2.860000000000000320 ) ) ;
#707 = DIRECTION ( 'NONE',  ( -0.000000000000000000, -0.000000000000000000, 1.000000000000000000 ) ) ;
#708 = MANIFOLD_SOLID_BREP ( 'Fillet4', #3165 ) ;
#709 = EDGE_LOOP ( 'NONE', ( #1706, #802, #4253, #161 ) ) ;
#710 = DIRECTION ( 'NONE',  ( -0.000000000000000000, -0.000000000000000000, -1.000000000000000000 ) ) ;
#711 = CARTESIAN_POINT ( 'NONE',  ( 0.8737872232358132596, -9.353616964788527000, 3.060000000000000053 ) ) ;
#712 = EDGE_LOOP ( 'NONE', ( #3440, #244, #1735, #435 ) ) ;
#713 = DIRECTION ( 'NONE',  ( 0.000000000000000000, 0.000000000000000000, 1.000000000000000000 ) ) ;
#714 = PLANE ( 'NONE',  #3226 ) ;
#715 = DIRECTION ( 'NONE',  ( -0.000000000000000000, -1.000000000000000000, -0.000000000000000000 ) ) ;
#716 = EDGE_CURVE ( 'NONE', #2411, #3494, #2366, .T. ) ;
#717 = CARTESIAN_POINT ( 'NONE',  ( -1.734723475976807094E-15, -33.25896765755696549, 3.160000000000000142 ) ) ;
#718 = VERTEX_POINT ( 'NONE', #99 ) ;
#719 = CARTESIAN_POINT ( 'NONE',  ( 8.864548262634883713, 6.882427830036432326, 3.159999999999999698 ) ) ;
#720 = DIRECTION ( 'NONE',  ( 0.000000000000000000, 0.000000000000000000, -1.000000000000000000 ) ) ;
#721 = CARTESIAN_POINT ( 'NONE',  ( 8.329966529973823697, 6.021307704034725816, 3.160000000000000142 ) ) ;
#722 = EDGE_LOOP ( 'NONE', ( #1247, #2429, #3514, #88, #3739, #2955, #1932, #4157 ) ) ;
#723 = CARTESIAN_POINT ( 'NONE',  ( 7.249999999999999112, 8.878689293818308102E-16, 9.500000000000000000 ) ) ;
#724 = CARTESIAN_POINT ( 'NONE',  ( 0.06145482626348944266, -8.770033470026179501, 3.160000000000000142 ) ) ;
#725 = VERTEX_POINT ( 'NONE', #3535 ) ;
#726 = DIRECTION ( 'NONE',  ( -1.000000000000000000, 0.000000000000000000, 0.000000000000000000 ) ) ;
#727 = DIRECTION ( 'NONE',  ( 1.000000000000000000, 0.000000000000000000, 0.000000000000000000 ) ) ;
#728 = VECTOR ( 'NONE', #3820, 1000.000000000000000 ) ;
#729 = ORIENTED_EDGE ( 'NONE', *, *, #4111, .F. ) ;
#730 = CARTESIAN_POINT ( 'NONE',  ( 11.72500000000000142, -13.00000000000000533, 1.899999999999999911 ) ) ;
#731 = VECTOR ( 'NONE', #3029, 1000.000000000000000 ) ;
#732 = VECTOR ( 'NONE', #3829, 1000.000000000000000 ) ;
#733 = FACE_OUTER_BOUND ( 'NONE', #993, .T. ) ;
#734 = LINE ( 'NONE', #2012, #1121 ) ;
#735 = CARTESIAN_POINT ( 'NONE',  ( -3.799999999999997158, 6.050000000000000711, -1.199999999999999956 ) ) ;
#736 = AXIS2_PLACEMENT_3D ( 'NONE', #219, #4326, #891 ) ;
#737 = ORIENTED_EDGE ( 'NONE', *, *, #2730, .T. ) ;
#738 = CYLINDRICAL_SURFACE ( 'NONE', #4508, 42.50896765755696549 ) ;
#739 = ADVANCED_FACE ( 'NONE', ( #1272 ), #462, .T. ) ;
#740 = VERTEX_POINT ( 'NONE', #3878 ) ;
#741 = CARTESIAN_POINT ( 'NONE',  ( -0.07996652997382150407, -8.788545173736510563, 3.160000000000000142 ) ) ;
#742 = ORIENTED_EDGE ( 'NONE', *, *, #1325, .T. ) ;
#743 = DIRECTION ( 'NONE',  ( 1.105928998847831388E-16, -1.000000000000000000, 0.000000000000000000 ) ) ;
#744 = CARTESIAN_POINT ( 'NONE',  ( 0.1507667732333506927, -8.156191830659555109, 3.133522209644453493 ) ) ;
#745 = CARTESIAN_POINT ( 'NONE',  ( 8.300361696478853801, 6.170141252621800909, 3.160000000000000142 ) ) ;
#746 = VERTEX_POINT ( 'NONE', #509 ) ;
#747 = CARTESIAN_POINT ( 'NONE',  ( -0.1492332267666492129, -8.706191830659554043, 2.860000000000000320 ) ) ;
#748 = DIRECTION ( 'NONE',  ( -0.000000000000000000, -0.000000000000000000, 1.000000000000000000 ) ) ;
#749 = APPLICATION_PROTOCOL_DEFINITION ( 'draft international standard', 'automotive_design', 1998, #1021 ) ;
#750 = AXIS2_PLACEMENT_3D ( 'NONE', #2661, #1911, #1243 ) ;
#751 = ORIENTED_EDGE ( 'NONE', *, *, #1317, .T. ) ;
#752 = ADVANCED_FACE ( 'NONE', ( #899 ), #3081, .T. ) ;
#753 = CARTESIAN_POINT ( 'NONE',  ( 7.249999999999999112, 8.878689293818308102E-16, 3.159999999999999698 ) ) ;
#754 = EDGE_CURVE ( 'NONE', #3198, #385, #534, .T. ) ;
#755 = AXIS2_PLACEMENT_3D ( 'NONE', #878, #2045, #3837 ) ;
#756 = DIRECTION ( 'NONE',  ( 1.105928998847831388E-16, -1.000000000000000000, 0.000000000000000000 ) ) ;
#757 = ORIENTED_EDGE ( 'NONE', *, *, #2467, .F. ) ;
#758 = AXIS2_PLACEMENT_3D ( 'NONE', #2969, #2944, #4450 ) ;
#759 = CARTESIAN_POINT ( 'NONE',  ( -6.199999999999999289, 5.000000000000000888, 4.400000000000000355 ) ) ;
#760 = CARTESIAN_POINT ( 'NONE',  ( 7.551121449966091248, 5.934645659804266060, 3.133068244959285931 ) ) ;
#761 = ORIENTED_EDGE ( 'NONE', *, *, #221, .F. ) ;
#762 = CARTESIAN_POINT ( 'NONE',  ( 1.000000000000000888, -8.980897512248862569, 3.159999999999999698 ) ) ;
#763 = CARTESIAN_POINT ( 'NONE',  ( -4.724999999999998757, 6.000000000000000000, 4.400000000000000355 ) ) ;
#764 = CARTESIAN_POINT ( 'NONE',  ( -8.300000000000000711, -8.300000000000000711, -2.250000000000000000 ) ) ;
#765 = DIRECTION ( 'NONE',  ( 0.000000000000000000, 0.000000000000000000, 1.000000000000000000 ) ) ;
#766 = ORIENTED_EDGE ( 'NONE', *, *, #3954, .T. ) ;
#767 = LINE ( 'NONE', #381, #1654 ) ;
#768 = EDGE_LOOP ( 'NONE', ( #2805, #1213, #2518, #4854 ) ) ;
#769 = DIRECTION ( 'NONE',  ( -1.000000000000000000, 0.000000000000000000, -0.000000000000000000 ) ) ;
#770 = DIRECTION ( 'NONE',  ( 0.000000000000000000, 0.000000000000000000, -1.000000000000000000 ) ) ;
#771 = DIRECTION ( 'NONE',  ( 0.000000000000000000, 0.000000000000000000, -1.000000000000000000 ) ) ;
#772 = DIRECTION ( 'NONE',  ( -0.000000000000000000, -0.000000000000000000, 1.000000000000000000 ) ) ;
#773 = DIRECTION ( 'NONE',  ( 0.000000000000000000, 0.000000000000000000, 1.000000000000000000 ) ) ;
#774 = AXIS2_PLACEMENT_3D ( 'NONE', #4752, #313, #2157 ) ;
#775 = VERTEX_POINT ( 'NONE', #143 ) ;
#776 = EDGE_CURVE ( 'NONE', #109, #3532, #2017, .T. ) ;
#777 = DIRECTION ( 'NONE',  ( -1.000000000000000000, 0.000000000000000000, -0.000000000000000000 ) ) ;
#778 = DIRECTION ( 'NONE',  ( 0.000000000000000000, 0.000000000000000000, 1.000000000000000000 ) ) ;
#779 = CARTESIAN_POINT ( 'NONE',  ( 0.7007667732333509036, -9.006191830659554753, 2.860000000000000320 ) ) ;
#780 = CARTESIAN_POINT ( 'NONE',  ( 11.72500000000000142, -13.00000000000000533, 0.000000000000000000 ) ) ;
#781 = ORIENTED_EDGE ( 'NONE', *, *, #1854, .F. ) ;
#782 = B_SPLINE_CURVE_WITH_KNOTS ( 'NONE', 3,
 ( #744, #673, #1084, #2528, #1105, #2628, #2153 ),
 .UNSPECIFIED., .F., .F.,
 ( 4, 3, 4 ),
 ( 0.000000000000000000, 0.0002750498954160419604, 0.0005506914631937802774 ),
 .UNSPECIFIED. ) ;
#783 = CARTESIAN_POINT ( 'NONE',  ( 10.94999999999999929, -2.314582450388497219E-15, -2.250000000000000000 ) ) ;
#784 = DIRECTION ( 'NONE',  ( -0.000000000000000000, -0.000000000000000000, -1.000000000000000000 ) ) ;
#785 = ORIENTED_EDGE ( 'NONE', *, *, #4257, .T. ) ;
#786 = DIRECTION ( 'NONE',  ( 0.000000000000000000, -1.000000000000000000, 0.000000000000000000 ) ) ;
#787 = ORIENTED_EDGE ( 'NONE', *, *, #434, .T. ) ;
#788 = CARTESIAN_POINT ( 'NONE',  ( 0.1308975122489190734, -7.849999999999998757, 3.159999999999999698 ) ) ;
#789 = ORIENTED_EDGE ( 'NONE', *, *, #1773, .F. ) ;
#790 = EDGE_CURVE ( 'NONE', #2348, #1045, #2119, .T. ) ;
#791 = CARTESIAN_POINT ( 'NONE',  ( -7.376659916838634423, 5.577876013772488761, 3.060000000000000053 ) ) ;
#792 = CARTESIAN_POINT ( 'NONE',  ( 7.250000000000000000, -7.250000000000000000, 0.000000000000000000 ) ) ;
#793 = DIRECTION ( 'NONE',  ( -1.000000000000000000, -0.000000000000000000, -0.000000000000000000 ) ) ;
#794 = FILL_AREA_STYLE_COLOUR ( '', #3843 ) ;
#795 = CARTESIAN_POINT ( 'NONE',  ( -8.152602815821323290, 6.108937520292387013, 3.160000000000000142 ) ) ;
#796 = EDGE_CURVE ( 'NONE', #2055, #1978, #13, .T. ) ;
#797 = ORIENTED_EDGE ( 'NONE', *, *, #2786, .T. ) ;
#798 = CARTESIAN_POINT ( 'NONE',  ( 9.950000000000001066, -2.437047130303232761E-15, -0.2499999999999997780 ) ) ;
#799 = DIRECTION ( 'NONE',  ( 0.000000000000000000, 0.000000000000000000, 1.000000000000000000 ) ) ;
#800 = DIRECTION ( 'NONE',  ( -1.000000000000000000, 0.000000000000000000, 0.000000000000000000 ) ) ;
#801 = ORIENTED_EDGE ( 'NONE', *, *, #796, .T. ) ;
#802 = ORIENTED_EDGE ( 'NONE', *, *, #1295, .F. ) ;
#803 = CIRCLE ( 'NONE', #3554, 1.100000000000003642 ) ;
#804 = CYLINDRICAL_SURFACE ( 'NONE', #2469, 1.000000000000000000 ) ;
#805 = AXIS2_PLACEMENT_3D ( 'NONE', #2102, #2002, #2802 ) ;
#806 = CARTESIAN_POINT ( 'NONE',  ( -0.1492332267666493517, -9.339529271979179370, 3.148918767168845001 ) ) ;
#807 = DIRECTION ( 'NONE',  ( 0.000000000000000000, 0.000000000000000000, -1.000000000000000000 ) ) ;
#808 = VERTEX_POINT ( 'NONE', #2320 ) ;
#809 = DIRECTION ( 'NONE',  ( -1.000000000000000000, 0.000000000000000000, 0.000000000000000000 ) ) ;
#810 = FACE_OUTER_BOUND ( 'NONE', #3634, .T. ) ;
#811 = CARTESIAN_POINT ( 'NONE',  ( -9.223971841786745784, 5.821012630356531048, 3.060000000000000053 ) ) ;
#812 = VERTEX_POINT ( 'NONE', #1203 ) ;
#813 = CARTESIAN_POINT ( 'NONE',  ( -0.5036169647885104794, -7.976212776764185719, 3.159999999999999698 ) ) ;
#814 = EDGE_LOOP ( 'NONE', ( #4282, #3636, #1747, #114 ) ) ;
#815 = VECTOR ( 'NONE', #2459, 1000.000000000000000 ) ;
#816 = CARTESIAN_POINT ( 'NONE',  ( -9.123132554185477971, 5.577755389022835075, 3.060000000000000053 ) ) ;
#817 = CARTESIAN_POINT ( 'NONE',  ( -8.250000000000000000, 6.082762530298216674, 3.160000000000000142 ) ) ;
#818 = DIRECTION ( 'NONE',  ( -0.000000000000000000, -0.000000000000000000, 1.000000000000000000 ) ) ;
#819 = EDGE_CURVE ( 'NONE', #4732, #2697, #4291, .T. ) ;
#820 = EDGE_CURVE ( 'NONE', #3709, #3650, #4192, .T. ) ;
#821 = ORIENTED_EDGE ( 'NONE', *, *, #549, .T. ) ;
#822 = FACE_OUTER_BOUND ( 'NONE', #1300, .T. ) ;
#823 = FACE_OUTER_BOUND ( 'NONE', #1934, .T. ) ;
#824 = CARTESIAN_POINT ( 'NONE',  ( -7.250000000000000000, -7.250000000000000888, 0.000000000000000000 ) ) ;
#825 = ADVANCED_FACE ( 'NONE', ( #3834 ), #3463, .T. ) ;
#826 = VERTEX_POINT ( 'NONE', #3055 ) ;
#827 = ORIENTED_EDGE ( 'NONE', *, *, #3149, .F. ) ;
#828 = CARTESIAN_POINT ( 'NONE',  ( -0.6992332267666495627, -8.850000000000001421, 3.134611714230939761 ) ) ;
#829 = AXIS2_PLACEMENT_3D ( 'NONE', #3011, #470, #3471 ) ;
#831 = CARTESIAN_POINT ( 'NONE',  ( 8.401121449966094445, 5.528877987608885824, 3.145456108646255799 ) ) ;
#830 = DIRECTION ( 'NONE',  ( 0.000000000000000000, -1.000000000000000000, 0.000000000000000000 ) ) ;
#832 = DIRECTION ( 'NONE',  ( 1.000000000000000000, -1.045014142154703244E-16, -0.000000000000000000 ) ) ;
#833 = DIRECTION ( 'NONE',  ( -0.000000000000000000, -0.000000000000000000, -1.000000000000000000 ) ) ;
#834 = VECTOR ( 'NONE', #3111, 1000.000000000000000 ) ;
#835 = CARTESIAN_POINT ( 'NONE',  ( -8.380897512248859371, 7.082762530298215786, 3.060000000000000053 ) ) ;
#836 = VERTEX_POINT ( 'NONE', #3857 ) ;
#837 = CIRCLE ( 'NONE', #4643, 7.249999999999999112 ) ;
#838 = CARTESIAN_POINT ( 'NONE',  ( 0.07996652997382136530, -8.911454826263488727, 3.160000000000000142 ) ) ;
#839 = ORIENTED_EDGE ( 'NONE', *, *, #2834, .T. ) ;
#840 = EDGE_CURVE ( 'NONE', #4577, #3007, #3681, .T. ) ;
#841 = CARTESIAN_POINT ( 'NONE',  ( 7.250000000000000000, 7.250000000000000000, -2.250000000000000000 ) ) ;
#842 = CARTESIAN_POINT ( 'NONE',  ( 0.000000000000000000, 5.384645659804266238, 2.860000000000000320 ) ) ;
#843 = FACE_OUTER_BOUND ( 'NONE', #4642, .T. ) ;
#844 = ORIENTED_EDGE ( 'NONE', *, *, #2314, .T. ) ;
#845 = CARTESIAN_POINT ( 'NONE',  ( -1.734723475976807094E-15, -33.25896765755696549, 3.160000000000000142 ) ) ;
#846 = CARTESIAN_POINT ( 'NONE',  ( -0.1492332267666492129, -9.006191830659554753, 3.159165545822005150 ) ) ;
#847 = EDGE_CURVE ( 'NONE', #1824, #3232, #4239, .T. ) ;
#848 = DIRECTION ( 'NONE',  ( -0.000000000000000000, -0.000000000000000000, 1.000000000000000000 ) ) ;
#849 = LINE ( 'NONE', #3476, #1800 ) ;
#850 = CARTESIAN_POINT ( 'NONE',  ( -8.400000000000000355, 5.382762530298221826, 2.860000000000000320 ) ) ;
#851 = ORIENTED_EDGE ( 'NONE', *, *, #1793, .F. ) ;
#852 = FACE_OUTER_BOUND ( 'NONE', #919, .T. ) ;
#853 = VECTOR ( 'NONE', #4623, 1000.000000000000000 ) ;
#855 = CARTESIAN_POINT ( 'NONE',  ( 5.249999999999996447, 5.000000000000002665, 4.400000000000000355 ) ) ;
#854 = DIRECTION ( 'NONE',  ( 1.000000000000000000, 0.000000000000000000, 0.000000000000000000 ) ) ;
#856 = DIRECTION ( 'NONE',  ( -1.000000000000000000, 0.000000000000000000, 0.000000000000000000 ) ) ;
#857 = ORIENTED_EDGE ( 'NONE', *, *, #1111, .T. ) ;
#858 = CARTESIAN_POINT ( 'NONE',  ( -6.199999999999999289, 8.795429631088417466, 3.000000000000000000 ) ) ;
#859 = VECTOR ( 'NONE', #4794, 1000.000000000000000 ) ;
#860 = CARTESIAN_POINT ( 'NONE',  ( -7.250000000000000888, 6.213660042547187068, 3.060000000000000053 ) ) ;
#861 = CARTESIAN_POINT ( 'NONE',  ( 0.1322415382129706329, -9.849927267146645349, 3.060000000000000497 ) ) ;
#862 = CARTESIAN_POINT ( 'NONE',  ( -9.250000000000000000, 6.082762530298216674, 3.159999999999999698 ) ) ;
#863 = PLANE ( 'NONE',  #1195 ) ;
#864 = DIRECTION ( 'NONE',  ( -1.000000000000000000, 0.000000000000000000, -0.000000000000000000 ) ) ;
#865 = CARTESIAN_POINT ( 'NONE',  ( 0.000000000000000000, 0.000000000000000000, 0.2000000000000000111 ) ) ;
#866 = CARTESIAN_POINT ( 'NONE',  ( -8.349999999999999645, 6.082762530298216674, 3.160000000000000142 ) ) ;
#867 = EDGE_LOOP ( 'NONE', ( #669, #1846, #3556, #1890 ) ) ;
#868 = CARTESIAN_POINT ( 'NONE',  ( 0.000000000000000000, 0.000000000000000000, -2.250000000000000000 ) ) ;
#869 = CARTESIAN_POINT ( 'NONE',  ( -5.999999999999999112, 7.347880794884118750E-16, 0.1999999999999987899 ) ) ;
#870 = FACE_OUTER_BOUND ( 'NONE', #2683, .T. ) ;
#871 = CARTESIAN_POINT ( 'NONE',  ( -8.300000000000000711, 5.084013312526308503, -0.6999999999999999556 ) ) ;
#872 = EDGE_LOOP ( 'NONE', ( #1422, #3959, #3749, #551 ) ) ;
#873 = VERTEX_POINT ( 'NONE', #1225 ) ;
#874 = DIRECTION ( 'NONE',  ( 1.000000000000000000, 2.098455817713879566E-16, 0.000000000000000000 ) ) ;
#875 = EDGE_CURVE ( 'NONE', #3726, #2339, #4569, .T. ) ;
#876 = EDGE_CURVE ( 'NONE', #4394, #2181, #3911, .T. ) ;
#877 = CARTESIAN_POINT ( 'NONE',  ( -0.8351646544245038273, -8.299999999999998934, -0.6999999999999999556 ) ) ;
#878 = CARTESIAN_POINT ( 'NONE',  ( 8.250000000000000000, 6.082762530298216674, 3.060000000000000053 ) ) ;
#879 = DIRECTION ( 'NONE',  ( -0.000000000000000000, -0.000000000000000000, 1.000000000000000000 ) ) ;
#880 = EDGE_CURVE ( 'NONE', #3677, #3994, #2588, .T. ) ;
#881 = CARTESIAN_POINT ( 'NONE',  ( -1.000000000000001110, -8.982798579333351796, 3.060000000000000941 ) ) ;
#882 = AXIS2_PLACEMENT_3D ( 'NONE', #885, #2475, #1688 ) ;
#883 = CARTESIAN_POINT ( 'NONE',  ( -8.119102487751140629, 7.082762530298215786, 3.060000000000000053 ) ) ;
#884 = LINE ( 'NONE', #951, #2708 ) ;
#885 = CARTESIAN_POINT ( 'NONE',  ( 4.724999999999999645, 5.999999999999999112, 4.400000000000000355 ) ) ;
#886 = CARTESIAN_POINT ( 'NONE',  ( 0.4840701886470241688, -9.006191830659554753, 3.149096857170440078 ) ) ;
#887 = AXIS2_PLACEMENT_3D ( 'NONE', #3087, #3839, #466 ) ;
#888 = AXIS2_PLACEMENT_3D ( 'NONE', #1675, #270, #1368 ) ;
#889 = CARTESIAN_POINT ( 'NONE',  ( 7.450334700261792342, 6.697310792933109269, 3.060000000000000053 ) ) ;
#890 = CARTESIAN_POINT ( 'NONE',  ( 7.376659916838599784, 6.587649046823808696, 3.060000000000000053 ) ) ;
#891 = DIRECTION ( 'NONE',  ( -1.000000000000000000, -2.098455817713879566E-16, 0.000000000000000000 ) ) ;
#892 = ORIENTED_EDGE ( 'NONE', *, *, #2666, .F. ) ;
#893 = CIRCLE ( 'NONE', #4529, 3.500000000000000000 ) ;
#894 = ADVANCED_FACE ( 'NONE', ( #1828 ), #4486, .T. ) ;
#895 = ORIENTED_EDGE ( 'NONE', *, *, #1992, .F. ) ;
#896 = FACE_OUTER_BOUND ( 'NONE', #3689, .T. ) ;
#897 = ADVANCED_FACE ( 'NONE', ( #3851 ), #3734, .T. ) ;
#898 = DIRECTION ( 'NONE',  ( -1.000000000000000000, 0.000000000000000000, 0.000000000000000000 ) ) ;
#900 = FACE_OUTER_BOUND ( 'NONE', #3613, .T. ) ;
#899 = FACE_OUTER_BOUND ( 'NONE', #2468, .T. ) ;
#901 = EDGE_CURVE ( 'NONE', #1723, #3965, #1193, .T. ) ;
#902 = CARTESIAN_POINT ( 'NONE',  ( 8.951121449966088051, 6.033387415839945866, 3.134423960895948102 ) ) ;
#903 = ORIENTED_EDGE ( 'NONE', *, *, #1262, .F. ) ;
#904 = EDGE_CURVE ( 'NONE', #4181, #238, #908, .T. ) ;
#905 = CARTESIAN_POINT ( 'NONE',  ( -6.200000000000000178, 12.84283384278765006, 3.000000000000000000 ) ) ;
#906 = B_SPLINE_CURVE_WITH_KNOTS ( 'NONE', 3,
 ( #4148, #2298, #4495, #4518, #23, #1156, #1508 ),
 .UNSPECIFIED., .F., .F.,
 ( 4, 3, 4 ),
 ( 4.358438792651350852E-18, 0.0002750550346625479123, 0.0005507151442598089749 ),
 .UNSPECIFIED. ) ;
#907 = CARTESIAN_POINT ( 'NONE',  ( 0.1507667732333506927, -9.228504532082128620, 3.154968322087560395 ) ) ;
#908 = CIRCLE ( 'NONE', #2884, 0.9999999999999991118 ) ;
#909 = CARTESIAN_POINT ( 'NONE',  ( -7.376212776764170087, 6.586379495086701397, 3.060000000000000053 ) ) ;
#910 = ORIENTED_EDGE ( 'NONE', *, *, #4461, .T. ) ;
#911 = DIRECTION ( 'NONE',  ( 0.000000000000000000, 0.000000000000000000, 1.000000000000000000 ) ) ;
#912 = CARTESIAN_POINT ( 'NONE',  ( 8.300000000000000711, -8.299999999999998934, -2.250000000000000000 ) ) ;
#913 = CARTESIAN_POINT ( 'NONE',  ( -3.500000000000000000, 4.286263797015736595E-16, 0.000000000000000000 ) ) ;
#914 = VECTOR ( 'NONE', #756, 1000.000000000000000 ) ;
#915 = VERTEX_POINT ( 'NONE', #846 ) ;
#916 = CARTESIAN_POINT ( 'NONE',  ( 9.223971841786765324, 5.821012630356568351, 3.060000000000000053 ) ) ;
#917 = LINE ( 'NONE', #3529, #224 ) ;
#918 = CARTESIAN_POINT ( 'NONE',  ( 9.123787223235812149, 6.586379495086751135, 3.060000000000000053 ) ) ;
#919 = EDGE_LOOP ( 'NONE', ( #1103, #2010, #1024, #1348 ) ) ;
#920 = DIRECTION ( 'NONE',  ( -0.000000000000000000, -0.000000000000000000, -1.000000000000000000 ) ) ;
#921 = CARTESIAN_POINT ( 'NONE',  ( 9.950000000000001066, -2.437047130303232761E-15, -0.2499999999999997780 ) ) ;
#922 = ADVANCED_FACE ( 'NONE', ( #4657 ), #2292, .F. ) ;
#923 = ADVANCED_FACE ( 'NONE', ( #3776 ), #119, .T. ) ;
#924 = CARTESIAN_POINT ( 'NONE',  ( 8.101121449966091959, 5.715887872569015649, 3.155371174694444392 ) ) ;
#925 = EDGE_LOOP ( 'NONE', ( #2621, #2216, #2602, #250 ) ) ;
#926 = DIRECTION ( 'NONE',  ( -0.000000000000000000, -0.000000000000000000, 1.000000000000000000 ) ) ;
#927 = AXIS2_PLACEMENT_3D ( 'NONE', #2182, #4348, #243 ) ;
#928 = ORIENTED_EDGE ( 'NONE', *, *, #1111, .F. ) ;
#929 = CARTESIAN_POINT ( 'NONE',  ( -7.746383035211458434, 5.208975307062411630, 3.060000000000000053 ) ) ;
#930 = ORIENTED_EDGE ( 'NONE', *, *, #113, .T. ) ;
#931 = CARTESIAN_POINT ( 'NONE',  ( -8.099999999999999645, 5.932762530298217207, 2.860000000000000320 ) ) ;
#932 = CARTESIAN_POINT ( 'NONE',  ( 0.6145482626348909294, -9.649665299738204638, 3.060000000000000053 ) ) ;
#933 = CARTESIAN_POINT ( 'NONE',  ( -11.72499999999999964, -13.00000000000000000, 3.000000000000000000 ) ) ;
#934 = VERTEX_POINT ( 'NONE', #1541 ) ;
#935 = CARTESIAN_POINT ( 'NONE',  ( 7.746383035211468204, 5.208975307062401860, 3.060000000000000053 ) ) ;
#936 = FACE_OUTER_BOUND ( 'NONE', #2168, .T. ) ;
#937 = CARTESIAN_POINT ( 'NONE',  ( 0.000000000000000000, 0.000000000000000000, 9.500000000000000000 ) ) ;
#938 = VERTEX_POINT ( 'NONE', #488 ) ;
#939 = DIRECTION ( 'NONE',  ( -0.000000000000000000, -1.000000000000000000, -0.000000000000000000 ) ) ;
#940 = ORIENTED_EDGE ( 'NONE', *, *, #776, .F. ) ;
#941 = LINE ( 'NONE', #2879, #3411 ) ;
#942 = CARTESIAN_POINT ( 'NONE',  ( 8.300000000000000711, 1.455163221085522096, -8.472539674441618374 ) ) ;
#943 =( BOUNDED_CURVE ( )  B_SPLINE_CURVE ( 2, ( #3336, #1418, #4083 ),
 .UNSPECIFIED., .F., .T. ) 
 B_SPLINE_CURVE_WITH_KNOTS ( ( 3, 3 ),
 ( 0.000000000000000000, 0.5325982926783029425 ),
 .UNSPECIFIED. ) 
 CURVE ( )  GEOMETRIC_REPRESENTATION_ITEM ( )  RATIONAL_B_SPLINE_CURVE ( ( 1.000000000000000000, 0.8440055717229026921, 0.8541758757812254466 ) ) 
 REPRESENTATION_ITEM ( '' )  );
#944 = FACE_BOUND ( 'NONE', #2165, .T. ) ;
#945 = ORIENTED_EDGE ( 'NONE', *, *, #3073, .T. ) ;
#946 = DIRECTION ( 'NONE',  ( -0.000000000000000000, 0.000000000000000000, 1.000000000000000000 ) ) ;
#947 = CARTESIAN_POINT ( 'NONE',  ( -0.9739718417867226918, -9.111749899941749220, 3.060000000000000053 ) ) ;
#948 = CARTESIAN_POINT ( 'NONE',  ( 8.301145821146283410, 6.784645659804267481, 3.134903705723027567 ) ) ;
#949 = EDGE_LOOP ( 'NONE', ( #2114, #4242, #3772, #280 ) ) ;
#950 = CARTESIAN_POINT ( 'NONE',  ( -7.250000000000000000, 5.951865018049246281, 3.159999999999999698 ) ) ;
#951 = CARTESIAN_POINT ( 'NONE',  ( 8.401121449966090893, 6.234645659804266771, 2.860000000000000320 ) ) ;
#952 = CARTESIAN_POINT ( 'NONE',  ( 11.72499999999999964, 5.999999999999998224, 3.000000000000000000 ) ) ;
#953 = CIRCLE ( 'NONE', #4349, 0.9999999999999991118 ) ;
#954 = CARTESIAN_POINT ( 'NONE',  ( 0.7996652997382107664, -8.235451737365115932, 3.060000000000000053 ) ) ;
#955 = VECTOR ( 'NONE', #4179, 1000.000000000000000 ) ;
#956 = ORIENTED_EDGE ( 'NONE', *, *, #476, .T. ) ;
#957 = EDGE_CURVE ( 'NONE', #746, #3543, #430, .T. ) ;
#958 = CARTESIAN_POINT ( 'NONE',  ( 1.100000000000000977, -8.849999999999999645, 3.160000000000000142 ) ) ;
#959 = VECTOR ( 'NONE', #2813, 1000.000000000000000 ) ;
#960 = CARTESIAN_POINT ( 'NONE',  ( 8.380897512248866477, 7.082762530298219339, 3.060000000000000053 ) ) ;
#961 = ORIENTED_EDGE ( 'NONE', *, *, #414, .F. ) ;
#962 = EDGE_CURVE ( 'NONE', #4616, #3745, #1220, .T. ) ;
#963 = FACE_OUTER_BOUND ( 'NONE', #2687, .T. ) ;
#964 = PRODUCT_DEFINITION_SHAPE ( 'NONE', 'NONE',  #1474 ) ;
#965 = VECTOR ( 'NONE', #1604, 1000.000000000000000 ) ;
#966 = ORIENTED_EDGE ( 'NONE', *, *, #514, .T. ) ;
#967 = VECTOR ( 'NONE', #2562, 1000.000000000000000 ) ;
#968 = DIRECTION ( 'NONE',  ( -0.000000000000000000, -0.000000000000000000, 1.000000000000000000 ) ) ;
#969 = CARTESIAN_POINT ( 'NONE',  ( 0.1000000000000009076, -8.863089751224887181, 3.160000000000000142 ) ) ;
#970 = EDGE_CURVE ( 'NONE', #3494, #4722, #2359, .T. ) ;
#971 = PLANE ( 'NONE',  #657 ) ;
#972 = CARTESIAN_POINT ( 'NONE',  ( -8.864548262634889042, 6.882427830036422556, 3.160000000000031672 ) ) ;
#973 = CARTESIAN_POINT ( 'NONE',  ( 8.250000000000000000, 6.082762530298216674, -0.6999999999999999556 ) ) ;
#974 = ORIENTED_EDGE ( 'NONE', *, *, #1559, .T. ) ;
#975 = CARTESIAN_POINT ( 'NONE',  ( 8.951121449966091603, 6.234645659804266771, 2.860000000000000320 ) ) ;
#976 = ORIENTED_EDGE ( 'NONE', *, *, #2430, .T. ) ;
#977 = EDGE_LOOP ( 'NONE', ( #2964, #2490, #3341, #648 ) ) ;
#978 = CARTESIAN_POINT ( 'NONE',  ( -8.276174989994164122, 5.985365346119541741, 3.160000000000000142 ) ) ;
#979 = DIRECTION ( 'NONE',  ( 1.000000000000000000, 0.000000000000000000, 0.000000000000000000 ) ) ;
#980 = DIRECTION ( 'NONE',  ( 1.000000000000000000, 0.000000000000000000, 0.000000000000000000 ) ) ;
#981 = DIRECTION ( 'NONE',  ( -1.000000000000000000, 0.000000000000000000, 0.000000000000000000 ) ) ;
#982 = LINE ( 'NONE', #933, #407 ) ;
#983 = VERTEX_POINT ( 'NONE', #3099 ) ;
#984 = PLANE ( 'NONE',  #1839 ) ;
#985 = ADVANCED_FACE ( 'NONE', ( #4255 ), #3047, .F. ) ;
#986 = CARTESIAN_POINT ( 'NONE',  ( 9.049665299738206770, 5.468214267663323191, 3.060000000000000053 ) ) ;
#987 = PLANE ( 'NONE',  #3987 ) ;
#988 = FACE_OUTER_BOUND ( 'NONE', #3803, .T. ) ;
#989 = ORIENTED_EDGE ( 'NONE', *, *, #754, .F. ) ;
#990 = CIRCLE ( 'NONE', #2819, 2.000000000000000000 ) ;
#991 = ORIENTED_EDGE ( 'NONE', *, *, #2208, .F. ) ;
#992 = ADVANCED_FACE ( 'NONE', ( #822 ), #2381, .T. ) ;
#993 = EDGE_LOOP ( 'NONE', ( #1651, #3563, #1143, #3498 ) ) ;
#994 = LINE ( 'NONE', #4353, #3023 ) ;
#995 = CARTESIAN_POINT ( 'NONE',  ( 0.08737872232358280533, -8.900361696478855222, 3.160000000000000142 ) ) ;
#996 = DIRECTION ( 'NONE',  ( -1.000000000000000000, 0.000000000000000000, 0.000000000000000000 ) ) ;
#997 = FACE_BOUND ( 'NONE', #3573, .T. ) ;
#998 = ORIENTED_EDGE ( 'NONE', *, *, #3790, .F. ) ;
#999 = LINE ( 'NONE', #2516, #272 ) ;
#1000 = EDGE_LOOP ( 'NONE', ( #3665, #4125 ) ) ;
#1001 = ORIENTED_EDGE ( 'NONE', *, *, #1789, .T. ) ;
#1002 = CARTESIAN_POINT ( 'NONE',  ( -8.276174989994165898, 6.180159714476892496, 3.160000000000000142 ) ) ;
#1003 = CARTESIAN_POINT ( 'NONE',  ( -1.000000000000000888, -8.717582595624689290, 3.059999999999999609 ) ) ;
#1004 = FACE_OUTER_BOUND ( 'NONE', #977, .T. ) ;
#1005 = CARTESIAN_POINT ( 'NONE',  ( -0.7996652997382098782, -9.464548262634885134, 3.060000000000000053 ) ) ;
#1006 = ORIENTED_EDGE ( 'NONE', *, *, #1507, .F. ) ;
#1007 = DIRECTION ( 'NONE',  ( -0.000000000000000000, -0.000000000000000000, 1.000000000000000000 ) ) ;
#1008 = CARTESIAN_POINT ( 'NONE',  ( 8.350000000000003197, 6.069672779073319369, 3.160000000000000142 ) ) ;
#1009 = DIRECTION ( 'NONE',  ( 0.000000000000000000, -0.000000000000000000, -1.000000000000000000 ) ) ;
#1010 = CARTESIAN_POINT ( 'NONE',  ( 8.236910248775114241, 6.182762530298219872, 3.160000000000000142 ) ) ;
#1011 = ORIENTED_EDGE ( 'NONE', *, *, #1347, .F. ) ;
#1012 = CYLINDRICAL_SURFACE ( 'NONE', #4568, 1.000000000000000888 ) ;
#1013 = VERTEX_POINT ( 'NONE', #2310 ) ;
#1014 = CARTESIAN_POINT ( 'NONE',  ( 8.300000000000000711, -8.299999999999998934, 0.000000000000000000 ) ) ;
#1015 = PLANE ( 'NONE',  #1365 ) ;
#1016 = DIRECTION ( 'NONE',  ( 0.000000000000000000, -1.000000000000000000, 0.000000000000000000 ) ) ;
#1017 = EDGE_CURVE ( 'NONE', #4535, #3587, #1942, .T. ) ;
#1018 = CARTESIAN_POINT ( 'NONE',  ( 9.350000000000004974, 6.082762530298216674, 3.160000000000000142 ) ) ;
#1019 = EDGE_CURVE ( 'NONE', #3663, #3323, #3201, .T. ) ;
#1020 = ORIENTED_EDGE ( 'NONE', *, *, #3320, .F. ) ;
#1021 = APPLICATION_CONTEXT ( 'automotive_design' ) ;
#1022 = ORIENTED_EDGE ( 'NONE', *, *, #4480, .T. ) ;
#1023 = CARTESIAN_POINT ( 'NONE',  ( -8.162621277676420206, 6.032400833819364649, 3.160000000000000142 ) ) ;
#1024 = ORIENTED_EDGE ( 'NONE', *, *, #3818, .T. ) ;
#1025 = DIRECTION ( 'NONE',  ( -0.000000000000000000, -0.000000000000000000, 1.000000000000000000 ) ) ;
#1026 = DIRECTION ( 'NONE',  ( -0.000000000000000000, -0.000000000000000000, 1.000000000000000000 ) ) ;
#1027 = EDGE_CURVE ( 'NONE', #474, #574, #4707, .T. ) ;
#1028 = EDGE_LOOP ( 'NONE', ( #3736, #4386, #895, #3290, #409, #2160, #1909, #3138, #2068, #336 ) ) ;
#1029 = DIRECTION ( 'NONE',  ( 0.000000000000000000, 0.000000000000000000, -1.000000000000000000 ) ) ;
#1030 = AXIS2_PLACEMENT_3D ( 'NONE', #390, #2151, #42 ) ;
#1031 = CARTESIAN_POINT ( 'NONE',  ( 8.263089751224887536, 5.982762530298214365, 3.160000000000000142 ) ) ;
#1032 = CARTESIAN_POINT ( 'NONE',  ( 7.551121449966093024, 6.132172463595978229, 3.134472129874505519 ) ) ;
#1033 = CARTESIAN_POINT ( 'NONE',  ( 8.380897512248862924, 5.082762530298214010, 3.159999999999999698 ) ) ;
#1034 = ORIENTED_EDGE ( 'NONE', *, *, #142, .F. ) ;
#1035 = DIRECTION ( 'NONE',  ( -0.000000000000000000, -0.000000000000000000, 1.000000000000000000 ) ) ;
#1036 = VECTOR ( 'NONE', #3915, 1000.000000000000000 ) ;
#1037 = ORIENTED_EDGE ( 'NONE', *, *, #1852, .F. ) ;
#1038 = CIRCLE ( 'NONE', #3178, 7.000000000000000000 ) ;
#1039 = ORIENTED_EDGE ( 'NONE', *, *, #4582, .F. ) ;
#1040 = CARTESIAN_POINT ( 'NONE',  ( -5.999999999999999112, 7.347880794884118750E-16, -16.97056274847713553 ) ) ;
#1041 = CARTESIAN_POINT ( 'NONE',  ( 8.401121449966090893, 5.934645659804266060, 2.860000000000000320 ) ) ;
#1042 = CARTESIAN_POINT ( 'NONE',  ( -7.746383035211460211, 6.956549753534026159, 3.160000000000007248 ) ) ;
#1043 = VECTOR ( 'NONE', #4814, 1000.000000000000000 ) ;
#1044 = EDGE_CURVE ( 'NONE', #2882, #2171, #2573, .T. ) ;
#1045 = VERTEX_POINT ( 'NONE', #869 ) ;
#1046 = DIRECTION ( 'NONE',  ( 0.000000000000000000, 0.000000000000000000, 1.000000000000000000 ) ) ;
#1047 = AXIS2_PLACEMENT_3D ( 'NONE', #4556, #2656, #1163 ) ;
#1048 = CARTESIAN_POINT ( 'NONE',  ( 0.2617498999416627559, -7.876028158213241426, 3.060000000000000053 ) ) ;
#1049 = EDGE_CURVE ( 'NONE', #3709, #427, #440, .T. ) ;
#1050 = ORIENTED_EDGE ( 'NONE', *, *, #3197, .T. ) ;
#1051 = EDGE_CURVE ( 'NONE', #3007, #2520, #3797, .T. ) ;
#1052 = CARTESIAN_POINT ( 'NONE',  ( -7.250000000000000888, 6.082762530298216674, 3.060000000000000053 ) ) ;
#1053 = DIRECTION ( 'NONE',  ( 0.000000000000000000, 0.000000000000000000, 1.000000000000000000 ) ) ;
#1054 = CYLINDRICAL_SURFACE ( 'NONE', #650, 1.000000000000000888 ) ;
#1055 = DIRECTION ( 'NONE',  ( -0.000000000000000000, -0.000000000000000000, 1.000000000000000000 ) ) ;
#1056 = VERTEX_POINT ( 'NONE', #4639 ) ;
#1057 = LINE ( 'NONE', #4373, #410 ) ;
#1058 = CARTESIAN_POINT ( 'NONE',  ( 8.236910248775114241, 6.182762530298219872, 3.160000000000000142 ) ) ;
#1059 = DIRECTION ( 'NONE',  ( -0.000000000000000000, -0.000000000000000000, -1.000000000000000000 ) ) ;
#1060 = CARTESIAN_POINT ( 'NONE',  ( 8.276174989994165898, 6.180159714476896937, 3.160000000000000142 ) ) ;
#1061 = ORIENTED_EDGE ( 'NONE', *, *, #3294, .T. ) ;
#1062 = CARTESIAN_POINT ( 'NONE',  ( -8.099999999999999645, 6.232762530298224135, 2.860000000000000320 ) ) ;
#1063 = CARTESIAN_POINT ( 'NONE',  ( -0.02617498999416709160, -8.752602815821321158, 3.160000000000000142 ) ) ;
#1064 = ORIENTED_EDGE ( 'NONE', *, *, #2425, .F. ) ;
#1065 = CARTESIAN_POINT ( 'NONE',  ( -8.950000000000001066, 1.340988245066351923E-15, -2.250000000000000000 ) ) ;
#1066 = VECTOR ( 'NONE', #391, 1000.000000000000000 ) ;
#1067 = CARTESIAN_POINT ( 'NONE',  ( -9.250000000000000000, 6.082762530298216674, 3.060000000000000053 ) ) ;
#1068 = AXIS2_PLACEMENT_3D ( 'NONE', #90, #1575, #3072 ) ;
#1069 = EDGE_CURVE ( 'NONE', #2894, #4304, #2758, .T. ) ;
#1070 = EDGE_LOOP ( 'NONE', ( #1323, #2992, #1130, #966 ) ) ;
#1071 = CARTESIAN_POINT ( 'NONE',  ( -8.099999999999999645, 5.932762530298217207, 2.860000000000000320 ) ) ;
#1072 = ADVANCED_FACE ( 'NONE', ( #2335 ), #4613, .T. ) ;
#1073 = CARTESIAN_POINT ( 'NONE',  ( -0.6145482626348913735, -8.050334700261796428, 3.060000000000000053 ) ) ;
#1074 = ORIENTED_EDGE ( 'NONE', *, *, #1017, .T. ) ;
#1075 = CARTESIAN_POINT ( 'NONE',  ( -8.223825010005835878, 6.180159714476892496, 3.160000000000000142 ) ) ;
#1076 = EDGE_LOOP ( 'NONE', ( #1392, #2190, #2288, #2495, #2913, #1074 ) ) ;
#1077 = CARTESIAN_POINT ( 'NONE',  ( 0.000000000000000000, 0.000000000000000000, 0.000000000000000000 ) ) ;
#1078 = PLANE ( 'NONE',  #1605 ) ;
#1079 = ORIENTED_EDGE ( 'NONE', *, *, #3695, .F. ) ;
#1080 = CARTESIAN_POINT ( 'NONE',  ( 0.9739718417867604394, -9.111749899941658626, 3.159999999999999698 ) ) ;
#1081 = DIRECTION ( 'NONE',  ( 0.000000000000000000, -1.000000000000000000, 0.000000000000000000 ) ) ;
#1082 = ORIENTED_EDGE ( 'NONE', *, *, #1262, .T. ) ;
#1083 = CARTESIAN_POINT ( 'NONE',  ( 8.188545173736509142, 6.162729060272040371, 3.160000000000000142 ) ) ;
#1084 = CARTESIAN_POINT ( 'NONE',  ( 0.1507667732333878852, -8.339001312562194457, 3.148344654275732513 ) ) ;
#1085 = CARTESIAN_POINT ( 'NONE',  ( 8.263089751224887536, 6.182762530298219872, 3.160000000000000142 ) ) ;
#1086 = EDGE_LOOP ( 'NONE', ( #4174, #4298, #2657, #1797 ) ) ;
#1087 = LINE ( 'NONE', #4156, #4403 ) ;
#1088 = CARTESIAN_POINT ( 'NONE',  ( -8.300361696478853801, 6.170141252621798245, 3.160000000000000142 ) ) ;
#1089 = EDGE_LOOP ( 'NONE', ( #1525, #292, #1742, #661 ) ) ;
#1090 = CARTESIAN_POINT ( 'NONE',  ( -0.6992332267666495627, -8.850000000000001421, 3.134611714230939761 ) ) ;
#1091 = CARTESIAN_POINT ( 'NONE',  ( -8.349999999999999645, 6.082762530298216674, 3.160000000000000142 ) ) ;
#1092 = VERTEX_POINT ( 'NONE', #34 ) ;
#1093 = DIRECTION ( 'NONE',  ( 0.000000000000000000, 0.000000000000000000, 1.000000000000000000 ) ) ;
#1094 = B_SPLINE_CURVE_WITH_KNOTS ( 'NONE', 3,
 ( #436, #1921, #3774, #17 ),
 .UNSPECIFIED., .F., .F.,
 ( 4, 4 ),
 ( 1.734723475976807094E-18, 0.0002999999999999964501 ),
 .UNSPECIFIED. ) ;
#1095 = CARTESIAN_POINT ( 'NONE',  ( -0.8737872232358506741, -8.346383035211562884, 3.060000000000000053 ) ) ;
#1096 = CARTESIAN_POINT ( 'NONE',  ( 8.250000000000000000, 6.082762530298216674, -0.6999999999999999556 ) ) ;
#1097 = ORIENTED_EDGE ( 'NONE', *, *, #30, .F. ) ;
#1098 = CARTESIAN_POINT ( 'NONE',  ( 6.200000000000000178, 12.84283384278765006, 4.400000000000000355 ) ) ;
#1099 = DIRECTION ( 'NONE',  ( 0.000000000000000000, 0.000000000000000000, -1.000000000000000000 ) ) ;
#1100 = DIRECTION ( 'NONE',  ( 0.000000000000000000, -1.000000000000000000, 0.000000000000000000 ) ) ;
#1101 = ORIENTED_EDGE ( 'NONE', *, *, #30, .T. ) ;
#1102 = CARTESIAN_POINT ( 'NONE',  ( 0.5036169647885129219, -9.723787223235824229, 3.159999999999999698 ) ) ;
#1103 = ORIENTED_EDGE ( 'NONE', *, *, #4401, .F. ) ;
#1104 = CARTESIAN_POINT ( 'NONE',  ( 8.311454826263490858, 6.162729060272040371, 3.160000000000000142 ) ) ;
#1105 = CARTESIAN_POINT ( 'NONE',  ( 0.1507667732333878852, -8.522404905462950708, 3.156323461915269579 ) ) ;
#1106 = CARTESIAN_POINT ( 'NONE',  ( 8.864548262634883713, 6.882427830036432326, 3.159999999999999698 ) ) ;
#1107 = CARTESIAN_POINT ( 'NONE',  ( -8.300000000000000711, -1.455163221085520542, -8.472539674441618374 ) ) ;
#1108 = CARTESIAN_POINT ( 'NONE',  ( -8.170033470026179856, 6.144217356561705756, 3.160000000000000142 ) ) ;
#1109 = CIRCLE ( 'NONE', #4672, 1.000000000000000888 ) ;
#1110 = EDGE_LOOP ( 'NONE', ( #47, #2095 ) ) ;
#1111 = EDGE_CURVE ( 'NONE', #2660, #79, #4145, .T. ) ;
#1112 = ORIENTED_EDGE ( 'NONE', *, *, #2571, .F. ) ;
#1113 = EDGE_CURVE ( 'NONE', #1171, #3156, #1644, .T. ) ;
#1114 = CARTESIAN_POINT ( 'NONE',  ( 0.000000000000000000, 0.000000000000000000, 0.000000000000000000 ) ) ;
#1115 = DIRECTION ( 'NONE',  ( -0.000000000000000000, -0.000000000000000000, 1.000000000000000000 ) ) ;
#1116 = AXIS2_PLACEMENT_3D ( 'NONE', #4250, #864, #3402 ) ;
#1117 = ORIENTED_EDGE ( 'NONE', *, *, #1400, .F. ) ;
#1118 = LINE ( 'NONE', #1948, #731 ) ;
#1119 = AXIS2_PLACEMENT_3D ( 'NONE', #1882, #4147, #1207 ) ;
#1120 = CARTESIAN_POINT ( 'NONE',  ( 0.6145482626348909294, -9.649665299738204638, 3.060000000000000053 ) ) ;
#1121 = VECTOR ( 'NONE', #2295, 1000.000000000000000 ) ;
#1122 = AXIS2_PLACEMENT_3D ( 'NONE', #2546, #4098, #3637 ) ;
#1123 = DIRECTION ( 'NONE',  ( 1.000000000000000000, 0.000000000000000000, 0.000000000000000000 ) ) ;
#1124 = PLANE ( 'NONE',  #1997 ) ;
#1125 = CARTESIAN_POINT ( 'NONE',  ( 0.000000000000000000, 5.932762530298217207, 2.860000000000000320 ) ) ;
#1126 = ORIENTED_EDGE ( 'NONE', *, *, #3439, .F. ) ;
#1127 = EDGE_CURVE ( 'NONE', #1184, #187, #1574, .T. ) ;
#1128 = ORIENTED_EDGE ( 'NONE', *, *, #970, .T. ) ;
#1129 = CARTESIAN_POINT ( 'NONE',  ( 0.1308975122489176857, -9.850000000000001421, 3.159999999999999698 ) ) ;
#1130 = ORIENTED_EDGE ( 'NONE', *, *, #4218, .T. ) ;
#1131 = DIRECTION ( 'NONE',  ( -1.000000000000000000, 0.000000000000000000, 0.000000000000000000 ) ) ;
#1132 = CARTESIAN_POINT ( 'NONE',  ( 5.400000000000001243, 6.050000000000000711, -1.199999999999999956 ) ) ;
#1133 = DIRECTION ( 'NONE',  ( 0.000000000000000000, 0.000000000000000000, 1.000000000000000000 ) ) ;
#1134 = ORIENTED_EDGE ( 'NONE', *, *, #3904, .F. ) ;
#1135 = LINE ( 'NONE', #1107, #4247 ) ;
#1136 = EDGE_CURVE ( 'NONE', #1435, #873, #1598, .T. ) ;
#1137 = ORIENTED_EDGE ( 'NONE', *, *, #1789, .F. ) ;
#1138 = DIRECTION ( 'NONE',  ( 0.000000000000000000, -1.000000000000000000, 0.000000000000000000 ) ) ;
#1139 = CARTESIAN_POINT ( 'NONE',  ( 8.401121449966090893, 5.384645659804266238, 3.133080262257537107 ) ) ;
#1140 = CARTESIAN_POINT ( 'NONE',  ( 5.400000000000001243, 6.050000000000000711, 0.000000000000000000 ) ) ;
#1141 = CARTESIAN_POINT ( 'NONE',  ( 8.250000000000000000, 6.082762530298216674, -0.6999999999999999556 ) ) ;
#1142 = AXIS2_PLACEMENT_3D ( 'NONE', #2083, #1314, #3500 ) ;
#1143 = ORIENTED_EDGE ( 'NONE', *, *, #3083, .T. ) ;
#1144 = ORIENTED_EDGE ( 'NONE', *, *, #2960, .T. ) ;
#1145 = CARTESIAN_POINT ( 'NONE',  ( 0.2601542286805833548, -8.706191830659552267, 3.158205753097378388 ) ) ;
#1146 = VECTOR ( 'NONE', #1299, 1000.000000000000000 ) ;
#1147 = CARTESIAN_POINT ( 'NONE',  ( -0.2617498999416627559, -7.876028158213243202, 3.060000000000000053 ) ) ;
#1148 = EDGE_CURVE ( 'NONE', #775, #3323, #2480, .T. ) ;
#1149 = LINE ( 'NONE', #2177, #2541 ) ;
#1150 = DIRECTION ( 'NONE',  ( 0.000000000000000000, -1.000000000000000000, 0.000000000000000000 ) ) ;
#1151 = ORIENTED_EDGE ( 'NONE', *, *, #1521, .F. ) ;
#1152 = PLANE ( 'NONE',  #4761 ) ;
#1153 = CYLINDRICAL_SURFACE ( 'NONE', #3633, 7.000000000000000000 ) ;
#1154 = ADVANCED_FACE ( 'NONE', ( #4681 ), #4704, .F. ) ;
#1155 = B_SPLINE_CURVE_WITH_KNOTS ( 'NONE', 3,
 ( #1855, #2644, #4572, #3444, #3755, #438, #4119 ),
 .UNSPECIFIED., .F., .F.,
 ( 4, 3, 4 ),
 ( 1.734723475976807094E-18, 0.0003336502095226411045, 0.0005507578199461284898 ),
 .UNSPECIFIED. ) ;
#1156 = CARTESIAN_POINT ( 'NONE',  ( 8.009225485242904341, 6.234645659804241902, 3.158311260228902739 ) ) ;
#1157 = ORIENTED_EDGE ( 'NONE', *, *, #4693, .T. ) ;
#1158 = CARTESIAN_POINT ( 'NONE',  ( 0.08737872232358280533, -8.900361696478855222, 3.160000000000000142 ) ) ;
#1159 = EDGE_LOOP ( 'NONE', ( #3963, #4230, #1752, #3254 ) ) ;
#1160 = CARTESIAN_POINT ( 'NONE',  ( -1.000000000000000888, -8.849999999999999645, -0.6999999999999999556 ) ) ;
#1161 = CARTESIAN_POINT ( 'NONE',  ( 9.950000000000001066, -2.437047130303232761E-15, 1.899999999999999689 ) ) ;
#1162 = VECTOR ( 'NONE', #165, 1000.000000000000000 ) ;
#1163 = DIRECTION ( 'NONE',  ( -1.000000000000000000, 0.000000000000000000, 0.000000000000000000 ) ) ;
#1164 = EDGE_LOOP ( 'NONE', ( #1479, #220, #4140, #1219 ) ) ;
#1165 = ORIENTED_EDGE ( 'NONE', *, *, #2906, .T. ) ;
#1166 = CARTESIAN_POINT ( 'NONE',  ( 11.72500000000000142, -13.00000000000000533, 0.000000000000000000 ) ) ;
#1167 = CARTESIAN_POINT ( 'NONE',  ( 8.619781475207140886, 6.234645659804268547, 3.155225886334009910 ) ) ;
#1168 = CARTESIAN_POINT ( 'NONE',  ( -8.400000000000000355, 6.232762530298217030, 2.860000000000000320 ) ) ;
#1169 = DIRECTION ( 'NONE',  ( 1.000000000000000000, -0.000000000000000000, 0.000000000000000000 ) ) ;
#1170 = AXIS2_PLACEMENT_3D ( 'NONE', #4595, #1175, #2695 ) ;
#1171 = VERTEX_POINT ( 'NONE', #4305 ) ;
#1172 = ORIENTED_EDGE ( 'NONE', *, *, #3073, .F. ) ;
#1173 = CARTESIAN_POINT ( 'NONE',  ( 7.149999999999996803, 6.082762530298216674, 3.160000000000000142 ) ) ;
#1174 = CARTESIAN_POINT ( 'NONE',  ( -10.85082562675532003, 5.418525115168312922, 3.160000000000000142 ) ) ;
#1176 = PLANE ( 'NONE',  #3098 ) ;
#1175 = DIRECTION ( 'NONE',  ( 0.000000000000000000, -1.000000000000000000, -0.000000000000000000 ) ) ;
#1177 = EDGE_CURVE ( 'NONE', #4860, #2506, #513, .T. ) ;
#1178 = CARTESIAN_POINT ( 'NONE',  ( 8.300000000000000711, -1.455163221085526759, -2.250000000000000444 ) ) ;
#1179 = ADVANCED_FACE ( 'NONE', ( #158 ), #60, .T. ) ;
#1180 = DIRECTION ( 'NONE',  ( -1.000000000000000000, 0.000000000000000000, 0.000000000000000000 ) ) ;
#1181 = CARTESIAN_POINT ( 'NONE',  ( 0.000000000000000000, 0.000000000000000000, -16.97056274847713553 ) ) ;
#1182 = EDGE_LOOP ( 'NONE', ( #2079, #4605, #1126, #4343 ) ) ;
#1183 = CARTESIAN_POINT ( 'NONE',  ( -0.2617498999416651428, -7.876028158213236097, 3.159999999999999698 ) ) ;
#1184 = VERTEX_POINT ( 'NONE', #1513 ) ;
#1185 = DIRECTION ( 'NONE',  ( -0.000000000000000000, -0.000000000000000000, 1.000000000000000000 ) ) ;
#1186 = EDGE_CURVE ( 'NONE', #386, #836, #1790, .T. ) ;
#1187 = DIRECTION ( 'NONE',  ( -1.000000000000000000, 0.000000000000000000, 0.000000000000000000 ) ) ;
#1188 = LINE ( 'NONE', #4633, #3645 ) ;
#1189 = PLANE ( 'NONE',  #1438 ) ;
#1190 = DIRECTION ( 'NONE',  ( -0.000000000000000000, -0.000000000000000000, 1.000000000000000000 ) ) ;
#1191 = LINE ( 'NONE', #2712, #3744 ) ;
#1192 = CARTESIAN_POINT ( 'NONE',  ( -11.72499999999999964, 1.299759593155596082, -8.472539674441618374 ) ) ;
#1193 = LINE ( 'NONE', #2739, #3897 ) ;
#1194 = B_SPLINE_CURVE_WITH_KNOTS ( 'NONE', 3,
 ( #1463, #2989, #3288, #4027 ),
 .UNSPECIFIED., .F., .F.,
 ( 4, 4 ),
 ( 2.710505431213761085E-18, 0.0005506219662282166305 ),
 .UNSPECIFIED. ) ;
#1195 = AXIS2_PLACEMENT_3D ( 'NONE', #3139, #2052, #2001 ) ;
#1196 = EDGE_LOOP ( 'NONE', ( #1134, #2736, #4016, #4200 ) ) ;
#1197 = ORIENTED_EDGE ( 'NONE', *, *, #4831, .T. ) ;
#1198 = AXIS2_PLACEMENT_3D ( 'NONE', #619, #3995, #4447 ) ;
#1199 = DIRECTION ( 'NONE',  ( -1.000000000000000000, 0.000000000000000000, -0.000000000000000000 ) ) ;
#1200 = CIRCLE ( 'NONE', #805, 3.500000000000000000 ) ;
#1201 = CARTESIAN_POINT ( 'NONE',  ( -7.697957576620677145, 6.232762530298224135, 3.145619380466357917 ) ) ;
#1202 = EDGE_CURVE ( 'NONE', #2951, #212, #4631, .T. ) ;
#1204 = CARTESIAN_POINT ( 'NONE',  ( 8.401121449966401755, 5.456644778906611037, 3.140383851671663340 ) ) ;
#1203 = CARTESIAN_POINT ( 'NONE',  ( -8.100000000000001421, 5.382762530298221826, 3.132913281108373749 ) ) ;
#1205 = CIRCLE ( 'NONE', #133, 19.22081024236551272 ) ;
#1206 = CARTESIAN_POINT ( 'NONE',  ( -0.1492332267666492129, -9.556191830659553688, 2.860000000000000320 ) ) ;
#1207 = DIRECTION ( 'NONE',  ( -1.105928998847831388E-16, 1.000000000000000000, 0.000000000000000000 ) ) ;
#1208 = EDGE_CURVE ( 'NONE', #2506, #4860, #2281, .T. ) ;
#1209 = CARTESIAN_POINT ( 'NONE',  ( -9.250000000000000000, 5.951865018049244505, 3.060000000000000053 ) ) ;
#1210 = EDGE_CURVE ( 'NONE', #1697, #1783, #2737, .T. ) ;
#1211 = ORIENTED_EDGE ( 'NONE', *, *, #2287, .F. ) ;
#1212 = CARTESIAN_POINT ( 'NONE',  ( -0.7996652997382099892, -8.235451737365114155, 3.159999999999999698 ) ) ;
#1213 = ORIENTED_EDGE ( 'NONE', *, *, #3695, .T. ) ;
#1214 = VECTOR ( 'NONE', #4806, 1000.000000000000000 ) ;
#1215 = DIRECTION ( 'NONE',  ( -1.000000000000000000, 0.000000000000000000, 0.000000000000000000 ) ) ;
#1216 = CARTESIAN_POINT ( 'NONE',  ( 8.300000000000000711, 8.299999999999998934, -2.250000000000000000 ) ) ;
#1217 = CARTESIAN_POINT ( 'NONE',  ( 7.250000000000000000, -7.250000000000000888, -2.250000000000000000 ) ) ;
#1218 = CARTESIAN_POINT ( 'NONE',  ( -8.188545173736510918, 6.002796000324396530, 3.160000000000000142 ) ) ;
#1219 = ORIENTED_EDGE ( 'NONE', *, *, #1290, .T. ) ;
#1220 = LINE ( 'NONE', #4159, #2415 ) ;
#1221 = CARTESIAN_POINT ( 'NONE',  ( 8.201098117288188050, 5.384645659804267126, 3.135289257402580354 ) ) ;
#1222 = DIRECTION ( 'NONE',  ( -0.000000000000000000, 0.000000000000000000, 1.000000000000000000 ) ) ;
#1223 = VERTEX_POINT ( 'NONE', #3819 ) ;
#1224 = PLANE ( 'NONE',  #2797 ) ;
#1225 = CARTESIAN_POINT ( 'NONE',  ( -5.249999999999997335, 5.000000000000000888, 3.159999999999999698 ) ) ;
#1227 = LINE ( 'NONE', #4240, #2196 ) ;
#1226 = DIRECTION ( 'NONE',  ( -0.000000000000000000, -0.000000000000000000, 1.000000000000000000 ) ) ;
#1228 = EDGE_CURVE ( 'NONE', #3232, #402, #2247, .T. ) ;
#1229 = DIRECTION ( 'NONE',  ( 1.000000000000000000, 0.000000000000000000, 0.000000000000000000 ) ) ;
#1230 = ORIENTED_EDGE ( 'NONE', *, *, #1908, .F. ) ;
#1231 = CARTESIAN_POINT ( 'NONE',  ( 0.7007667732333493493, -8.954138122025234736, 3.133884435429556969 ) ) ;
#1232 = AXIS2_PLACEMENT_3D ( 'NONE', #4859, #44, #370 ) ;
#1233 = CARTESIAN_POINT ( 'NONE',  ( -8.511749899941651876, 7.056734372084981999, 3.160000000000007248 ) ) ;
#1234 = CARTESIAN_POINT ( 'NONE',  ( -0.8006670995053694062, -9.463649322655426133, 3.060000000000000053 ) ) ;
#1235 = CIRCLE ( 'NONE', #371, 5.999999999999999112 ) ;
#1236 = CARTESIAN_POINT ( 'NONE',  ( -9.049665299738210322, 5.468214267663330297, 3.060000000000000053 ) ) ;
#1237 = CARTESIAN_POINT ( 'NONE',  ( 0.000000000000000000, -8.849999999999999645, -0.6999999999999999556 ) ) ;
#1238 = DIRECTION ( 'NONE',  ( 0.000000000000000000, -0.000000000000000000, 1.000000000000000000 ) ) ;
#1239 = CARTESIAN_POINT ( 'NONE',  ( 8.101121449966091959, 0.000000000000000000, 2.860000000000000320 ) ) ;
#1240 = FACE_OUTER_BOUND ( 'NONE', #2979, .T. ) ;
#1241 = ORIENTED_EDGE ( 'NONE', *, *, #2187, .F. ) ;
#1242 = DIRECTION ( 'NONE',  ( -1.000000000000000000, 0.000000000000000000, 0.000000000000000000 ) ) ;
#1243 = DIRECTION ( 'NONE',  ( -1.000000000000000000, 0.000000000000000000, 0.000000000000000000 ) ) ;
#1244 = CARTESIAN_POINT ( 'NONE',  ( 8.877243509149330691, 6.234645659804762374, 3.140322397324045944 ) ) ;
#1245 = DIRECTION ( 'NONE',  ( -0.000000000000000000, -0.000000000000000000, -1.000000000000000000 ) ) ;
#1246 = EDGE_LOOP ( 'NONE', ( #301, #445, #2446, #1389 ) ) ;
#1247 = ORIENTED_EDGE ( 'NONE', *, *, #316, .F. ) ;
#1248 = CARTESIAN_POINT ( 'NONE',  ( 0.000000000000000000, 0.000000000000000000, 9.500000000000000000 ) ) ;
#1250 = CARTESIAN_POINT ( 'NONE',  ( 0.1507667732333506927, -9.006191830659554753, 2.860000000000000320 ) ) ;
#1249 = CARTESIAN_POINT ( 'NONE',  ( 4.724999999999999645, 5.999999999999999112, -1.199999999999999956 ) ) ;
#1251 = DIRECTION ( 'NONE',  ( -1.000000000000000000, 0.000000000000000000, 0.000000000000000000 ) ) ;
#1252 = ORIENTED_EDGE ( 'NONE', *, *, #2396, .F. ) ;
#1253 = CARTESIAN_POINT ( 'NONE',  ( -8.949999999999999289, 0.000000000000000000, 2.860000000000000320 ) ) ;
#1254 = CARTESIAN_POINT ( 'NONE',  ( 0.8733400831611478621, -9.354886516526022433, 3.060000000000000053 ) ) ;
#1255 = DIRECTION ( 'NONE',  ( 0.000000000000000000, 0.000000000000000000, -1.000000000000000000 ) ) ;
#1256 = ORIENTED_EDGE ( 'NONE', *, *, #541, .T. ) ;
#1257 = CARTESIAN_POINT ( 'NONE',  ( 0.1507667732333506927, -9.556191830659553688, 3.132258838314112559 ) ) ;
#1258 = CARTESIAN_POINT ( 'NONE',  ( -7.550000000000000711, 5.932762530298217207, 2.860000000000000320 ) ) ;
#1259 = CYLINDRICAL_SURFACE ( 'NONE', #4692, 0.9999999999999991118 ) ;
#1260 = FACE_OUTER_BOUND ( 'NONE', #1246, .T. ) ;
#1261 = ORIENTED_EDGE ( 'NONE', *, *, #2263, .F. ) ;
#1262 = EDGE_CURVE ( 'NONE', #4176, #4088, #3845, .T. ) ;
#1263 = CARTESIAN_POINT ( 'NONE',  ( 9.123787223235812149, 6.586379495086751135, 3.060000000000000053 ) ) ;
#1264 = CARTESIAN_POINT ( 'NONE',  ( 7.275581018138822742, 6.343242878502809212, 3.060000000000000941 ) ) ;
#1265 = FACE_OUTER_BOUND ( 'NONE', #326, .T. ) ;
#1266 = EDGE_CURVE ( 'NONE', #4435, #1597, #2244, .T. ) ;
#1267 = EDGE_CURVE ( 'NONE', #4454, #1435, #1980, .T. ) ;
#1268 = ORIENTED_EDGE ( 'NONE', *, *, #3010, .F. ) ;
#1269 = CYLINDRICAL_SURFACE ( 'NONE', #2158, 0.9999999999999991118 ) ;
#1270 = FACE_OUTER_BOUND ( 'NONE', #1711, .T. ) ;
#1271 = AXIS2_PLACEMENT_3D ( 'NONE', #3966, #911, #3521 ) ;
#1273 = FACE_OUTER_BOUND ( 'NONE', #4772, .T. ) ;
#1272 = FACE_OUTER_BOUND ( 'NONE', #1076, .T. ) ;
#1274 = AXIS2_PLACEMENT_3D ( 'NONE', #3144, #2005, #3499 ) ;
#1275 = CARTESIAN_POINT ( 'NONE',  ( 8.300000000000000711, -8.299999999999998934, -2.250000000000000000 ) ) ;
#1276 = ORIENTED_EDGE ( 'NONE', *, *, #3322, .T. ) ;
#1277 = CARTESIAN_POINT ( 'NONE',  ( 8.401121449966090893, 0.000000000000000000, 2.860000000000000320 ) ) ;
#1278 = VECTOR ( 'NONE', #1740, 1000.000000000000000 ) ;
#1279 = CARTESIAN_POINT ( 'NONE',  ( 7.249999999999997335, 6.082762530298216674, 3.060000000000000053 ) ) ;
#1280 = AXIS2_PLACEMENT_3D ( 'NONE', #2718, #777, #4538 ) ;
#1281 = CARTESIAN_POINT ( 'NONE',  ( -9.250000000000000000, 6.082762530298216674, 3.060000000000000053 ) ) ;
#1282 = ORIENTED_EDGE ( 'NONE', *, *, #4853, .T. ) ;
#1283 = CARTESIAN_POINT ( 'NONE',  ( -0.6992332267666493406, -9.006191830659554753, 3.132853382035026168 ) ) ;
#1284 = CARTESIAN_POINT ( 'NONE',  ( -8.300000000000000711, 5.299999999999999822, -1.199999999999999734 ) ) ;
#1285 = DIRECTION ( 'NONE',  ( 1.000000000000000000, -6.308085367188387283E-15, 0.000000000000000000 ) ) ;
#1286 = AXIS2_PLACEMENT_3D ( 'NONE', #4788, #1406, #2591 ) ;
#1287 = VERTEX_POINT ( 'NONE', #129 ) ;
#1288 = FACE_BOUND ( 'NONE', #3699, .T. ) ;
#1289 = CIRCLE ( 'NONE', #3107, 6.999999999999999112 ) ;
#1290 = EDGE_CURVE ( 'NONE', #146, #915, #3740, .T. ) ;
#1291 = CARTESIAN_POINT ( 'NONE',  ( -8.117758461787046187, 7.082835263151572747, 3.059999999999999165 ) ) ;
#1292 = CARTESIAN_POINT ( 'NONE',  ( 11.72500000000000142, -6.000000000000001776, 3.000000000000000000 ) ) ;
#1293 = DIRECTION ( 'NONE',  ( 1.000000000000000000, 0.000000000000000000, -0.000000000000000000 ) ) ;
#1294 = VECTOR ( 'NONE', #529, 1000.000000000000000 ) ;
#1295 = EDGE_CURVE ( 'NONE', #3327, #4577, #2627, .T. ) ;
#1296 = ORIENTED_EDGE ( 'NONE', *, *, #4013, .F. ) ;
#1297 = DIRECTION ( 'NONE',  ( 1.000000000000000000, 0.000000000000000000, 0.000000000000000000 ) ) ;
#1298 = LINE ( 'NONE', #4311, #965 ) ;
#1299 = DIRECTION ( 'NONE',  ( -0.000000000000000000, -0.000000000000000000, 1.000000000000000000 ) ) ;
#1300 = EDGE_LOOP ( 'NONE', ( #2923, #3366 ) ) ;
#1301 = FACE_OUTER_BOUND ( 'NONE', #469, .T. ) ;
#1302 = CARTESIAN_POINT ( 'NONE',  ( 0.1308975122489176579, -9.850000000000001421, 3.060000000000000053 ) ) ;
#1303 = EDGE_CURVE ( 'NONE', #433, #1663, #1886, .T. ) ;
#1304 = ORIENTED_EDGE ( 'NONE', *, *, #483, .T. ) ;
#1305 = VECTOR ( 'NONE', #3382, 1000.000000000000000 ) ;
#1306 = CARTESIAN_POINT ( 'NONE',  ( -7.450334700261796783, 6.697310792933107493, 3.159999999999957510 ) ) ;
#1307 = ADVANCED_FACE ( 'NONE', ( #4524 ), #2654, .T. ) ;
#1308 = CARTESIAN_POINT ( 'NONE',  ( -8.675612041535810448, 6.232762530298252557, 3.152068427962582575 ) ) ;
#1309 = CARTESIAN_POINT ( 'NONE',  ( -8.199976151682790260, 6.782762530298222181, 3.135097106810915246 ) ) ;
#1310 = CARTESIAN_POINT ( 'NONE',  ( 0.8737872232358132596, -9.353616964788527000, 3.060000000000000053 ) ) ;
#1311 = DIRECTION ( 'NONE',  ( 1.000000000000000000, -2.219262442614252548E-16, 0.000000000000000000 ) ) ;
#1312 = CIRCLE ( 'NONE', #2664, 0.9999999999999991118 ) ;
#1313 = VERTEX_POINT ( 'NONE', #3401 ) ;
#1314 = DIRECTION ( 'NONE',  ( 0.000000000000000000, -1.000000000000000000, 0.000000000000000000 ) ) ;
#1315 = CARTESIAN_POINT ( 'NONE',  ( 7.551121449966091248, 0.000000000000000000, 2.860000000000000320 ) ) ;
#1316 = CARTESIAN_POINT ( 'NONE',  ( 7.376212776764187851, 6.586379495086752911, 3.060000000000000053 ) ) ;
#1317 = EDGE_CURVE ( 'NONE', #4766, #1442, #3039, .T. ) ;
#1318 = VERTEX_POINT ( 'NONE', #2426 ) ;
#1319 = CARTESIAN_POINT ( 'NONE',  ( -8.949999999999999289, 5.932762530298217207, 3.132913281108374193 ) ) ;
#1320 = DIRECTION ( 'NONE',  ( -0.000000000000000000, -0.000000000000000000, -1.000000000000000000 ) ) ;
#1321 = CARTESIAN_POINT ( 'NONE',  ( -7.276028158213256880, 6.344512430239910294, 3.060000000000000053 ) ) ;
#1322 = FACE_BOUND ( 'NONE', #2418, .T. ) ;
#1323 = ORIENTED_EDGE ( 'NONE', *, *, #875, .F. ) ;
#1324 = CARTESIAN_POINT ( 'NONE',  ( -7.150000000000000355, 6.082762530298216674, 3.060000000000000053 ) ) ;
#1325 = EDGE_CURVE ( 'NONE', #873, #187, #2782, .T. ) ;
#1326 = CARTESIAN_POINT ( 'NONE',  ( -6.999999999999997335, 8.300000000000000711, -2.250000000000000000 ) ) ;
#1327 = ORIENTED_EDGE ( 'NONE', *, *, #4759, .T. ) ;
#1328 = ADVANCED_FACE ( 'NONE', ( #545 ), #863, .T. ) ;
#1329 = CARTESIAN_POINT ( 'NONE',  ( -9.123787223235822808, 6.586379495086704949, 3.159999999999999698 ) ) ;
#1330 = ORIENTED_EDGE ( 'NONE', *, *, #3905, .T. ) ;
#1331 = CARTESIAN_POINT ( 'NONE',  ( 9.265388436421757135, 8.227956890226110431, 3.160000000000000142 ) ) ;
#1332 = DIRECTION ( 'NONE',  ( -0.000000000000000000, -0.000000000000000000, 1.000000000000000000 ) ) ;
#1333 = CARTESIAN_POINT ( 'NONE',  ( -0.8737872232358506741, -8.346383035211562884, 3.060000000000000053 ) ) ;
#1334 = VERTEX_POINT ( 'NONE', #1331 ) ;
#1335 = EDGE_CURVE ( 'NONE', #4766, #486, #1109, .T. ) ;
#1336 = CARTESIAN_POINT ( 'NONE',  ( 7.635451737365118063, 6.882427830036432326, 3.060000000000000053 ) ) ;
#1337 = CARTESIAN_POINT ( 'NONE',  ( 8.382241538212955589, 7.082835263151576299, 3.060000000000000053 ) ) ;
#1338 = FACE_OUTER_BOUND ( 'NONE', #2387, .T. ) ;
#1339 = ORIENTED_EDGE ( 'NONE', *, *, #2438, .T. ) ;
#1340 = ORIENTED_EDGE ( 'NONE', *, *, #2731, .F. ) ;
#1341 = CARTESIAN_POINT ( 'NONE',  ( -8.950000000000001066, 1.340988245066351923E-15, -0.2499999999999997780 ) ) ;
#1342 = CARTESIAN_POINT ( 'NONE',  ( 7.250000000000000000, -7.250000000000000000, 0.000000000000000000 ) ) ;
#1343 = CARTESIAN_POINT ( 'NONE',  ( -9.123787223235826360, 6.586379495086705838, 3.060000000000000053 ) ) ;
#1344 = DIRECTION ( 'NONE',  ( -1.000000000000000000, -0.000000000000000000, -0.000000000000000000 ) ) ;
#1345 = ORIENTED_EDGE ( 'NONE', *, *, #203, .F. ) ;
#1346 = DIRECTION ( 'NONE',  ( 0.000000000000000000, 1.000000000000000000, 0.000000000000000000 ) ) ;
#1347 = EDGE_CURVE ( 'NONE', #2246, #634, #4819, .T. ) ;
#1348 = ORIENTED_EDGE ( 'NONE', *, *, #1421, .F. ) ;
#1349 = ORIENTED_EDGE ( 'NONE', *, *, #4167, .F. ) ;
#1350 = CARTESIAN_POINT ( 'NONE',  ( -8.223825010005835878, 5.985365346119541741, 3.160000000000000142 ) ) ;
#1351 = EDGE_LOOP ( 'NONE', ( #3430, #62, #1627 ) ) ;
#1352 = CARTESIAN_POINT ( 'NONE',  ( -7.250000000000000000, 5.299999999999998934, -1.199999999999999956 ) ) ;
#1353 = CARTESIAN_POINT ( 'NONE',  ( -8.400000000000000355, 5.382762530298221826, 2.860000000000000320 ) ) ;
#1354 = CARTESIAN_POINT ( 'NONE',  ( 1.000000000000000888, -8.719102487751136721, 3.060000000000000053 ) ) ;
#1355 = EDGE_CURVE ( 'NONE', #4817, #268, #2842, .T. ) ;
#1356 = VECTOR ( 'NONE', #3992, 1000.000000000000000 ) ;
#1357 = ORIENTED_EDGE ( 'NONE', *, *, #389, .T. ) ;
#1358 = CARTESIAN_POINT ( 'NONE',  ( 8.101121449966091959, 6.784645659804266593, 3.132745156015924959 ) ) ;
#1359 = CARTESIAN_POINT ( 'NONE',  ( 7.249999999999997335, 6.082762530298216674, 3.060000000000000053 ) ) ;
#1360 = CARTESIAN_POINT ( 'NONE',  ( -8.099999999999999645, 5.932762530298217207, 3.159220816642475782 ) ) ;
#1361 = VECTOR ( 'NONE', #3658, 1000.000000000000000 ) ;
#1362 = LINE ( 'NONE', #623, #3804 ) ;
#1363 = ORIENTED_EDGE ( 'NONE', *, *, #4471, .T. ) ;
#1364 = CARTESIAN_POINT ( 'NONE',  ( -8.250000000000000000, 6.082762530298216674, 3.060000000000000053 ) ) ;
#1365 = AXIS2_PLACEMENT_3D ( 'NONE', #1370, #628, #2137 ) ;
#1366 = ORIENTED_EDGE ( 'NONE', *, *, #3793, .T. ) ;
#1367 = VECTOR ( 'NONE', #818, 1000.000000000000000 ) ;
#1368 = DIRECTION ( 'NONE',  ( 1.000000000000000000, 0.000000000000000000, 0.000000000000000000 ) ) ;
#1369 = CARTESIAN_POINT ( 'NONE',  ( 0.09739718417867633538, -8.876174989994165543, 3.160000000000000142 ) ) ;
#1370 = CARTESIAN_POINT ( 'NONE',  ( -0.1492332267666492129, 0.000000000000000000, 2.860000000000000320 ) ) ;
#1371 = CARTESIAN_POINT ( 'NONE',  ( 11.72500000000000142, -6.000000000000001776, 0.000000000000000000 ) ) ;
#1372 = ORIENTED_EDGE ( 'NONE', *, *, #2167, .F. ) ;
#1373 = EDGE_CURVE ( 'NONE', #4144, #4424, #3937, .T. ) ;
#1374 = CARTESIAN_POINT ( 'NONE',  ( 0.000000000000000000, 0.000000000000000000, 2.860000000000000320 ) ) ;
#1375 = EDGE_CURVE ( 'NONE', #4722, #700, #884, .T. ) ;
#1376 = ORIENTED_EDGE ( 'NONE', *, *, #2738, .T. ) ;
#1377 = ORIENTED_EDGE ( 'NONE', *, *, #2325, .T. ) ;
#1378 = DIRECTION ( 'NONE',  ( -1.000000000000000000, 0.000000000000000000, -0.000000000000000000 ) ) ;
#1379 = VERTEX_POINT ( 'NONE', #151 ) ;
#1380 = CARTESIAN_POINT ( 'NONE',  ( 8.300000000000000711, -8.299999999999998934, 0.000000000000000000 ) ) ;
#1381 = DIRECTION ( 'NONE',  ( -1.000000000000000000, 0.000000000000000000, -0.000000000000000000 ) ) ;
#1382 = CARTESIAN_POINT ( 'NONE',  ( -1.000000000000000888, -8.849999999999999645, 3.060000000000000053 ) ) ;
#1383 = AXIS2_PLACEMENT_3D ( 'NONE', #1891, #1138, #3868 ) ;
#1384 = ORIENTED_EDGE ( 'NONE', *, *, #3790, .T. ) ;
#1385 = DIRECTION ( 'NONE',  ( -1.000000000000000000, 0.000000000000000000, 0.000000000000000000 ) ) ;
#1386 = CARTESIAN_POINT ( 'NONE',  ( 7.746383035211469092, 5.208975307062401860, 3.159999999999993037 ) ) ;
#1387 = CARTESIAN_POINT ( 'NONE',  ( 0.000000000000000000, 0.000000000000000000, 3.159999999999999698 ) ) ;
#1388 = CARTESIAN_POINT ( 'NONE',  ( 8.511749899941637665, 7.056734372084986440, 3.159999999999993037 ) ) ;
#1389 = ORIENTED_EDGE ( 'NONE', *, *, #4430, .F. ) ;
#1390 = FACE_OUTER_BOUND ( 'NONE', #2717, .T. ) ;
#1391 = VECTOR ( 'NONE', #1729, 1000.000000000000000 ) ;
#1392 = ORIENTED_EDGE ( 'NONE', *, *, #1553, .F. ) ;
#1393 = EDGE_CURVE ( 'NONE', #1939, #1810, #4590, .T. ) ;
#1394 = ORIENTED_EDGE ( 'NONE', *, *, #1521, .T. ) ;
#1395 = AXIS2_PLACEMENT_3D ( 'NONE', #2131, #3147, #3551 ) ;
#1396 = EDGE_CURVE ( 'NONE', #836, #386, #1516, .T. ) ;
#1397 = LINE ( 'NONE', #1748, #3874 ) ;
#1398 = FACE_OUTER_BOUND ( 'NONE', #3805, .T. ) ;
#1399 = B_SPLINE_CURVE_WITH_KNOTS ( 'NONE', 3,
 ( #111, #1221, #2007, #1139 ),
 .UNSPECIFIED., .F., .F.,
 ( 4, 4 ),
 ( 0.000000000000000000, 0.0003000000039761038166 ),
 .UNSPECIFIED. ) ;
#1400 = EDGE_CURVE ( 'NONE', #2575, #4080, #520, .T. ) ;
#1401 = CARTESIAN_POINT ( 'NONE',  ( -7.250000000000000000, 5.951865018049246281, 3.159999999999999698 ) ) ;
#1402 = EDGE_CURVE ( 'NONE', #1184, #694, #3325, .T. ) ;
#1403 = AXIS2_PLACEMENT_3D ( 'NONE', #116, #3154, #4622 ) ;
#1404 = DIRECTION ( 'NONE',  ( -1.000000000000000000, 0.000000000000000000, -0.000000000000000000 ) ) ;
#1405 = ORIENTED_EDGE ( 'NONE', *, *, #536, .F. ) ;
#1406 = DIRECTION ( 'NONE',  ( 0.000000000000000000, 0.000000000000000000, -1.000000000000000000 ) ) ;
#1407 = VERTEX_POINT ( 'NONE', #1283 ) ;
#1408 = EDGE_LOOP ( 'NONE', ( #2613, #2308, #3767, #555, #1230 ) ) ;
#1409 = CARTESIAN_POINT ( 'NONE',  ( -8.152602815821323290, 6.108937520292387013, 3.160000000000000142 ) ) ;
#1410 = CARTESIAN_POINT ( 'NONE',  ( -0.8733400831612100346, -8.345113483474047911, 3.060000000000000053 ) ) ;
#1411 = CARTESIAN_POINT ( 'NONE',  ( -6.199999999999999289, 8.795429631088410360, 3.160000000000000142 ) ) ;
#1412 = AXIS2_PLACEMENT_3D ( 'NONE', #1823, #4001, #1799 ) ;
#1413 = CARTESIAN_POINT ( 'NONE',  ( -0.1492332267666491574, -8.247419508409993938, 3.142683310491228177 ) ) ;
#1414 = ORIENTED_EDGE ( 'NONE', *, *, #1437, .F. ) ;
#1415 = FACE_OUTER_BOUND ( 'NONE', #949, .T. ) ;
#1416 = AXIS2_PLACEMENT_3D ( 'NONE', #4804, #3315, #1771 ) ;
#1417 = CARTESIAN_POINT ( 'NONE',  ( 7.249999999999997335, 6.082762530298216674, 3.159999999999999698 ) ) ;
#1418 = CARTESIAN_POINT ( 'NONE',  ( 9.250000000000005329, 6.082762530298217563, 3.104621016379362164 ) ) ;
#1419 = CARTESIAN_POINT ( 'NONE',  ( 7.276028158213233787, 6.344512430239874767, 3.159999999999980158 ) ) ;
#1420 = ORIENTED_EDGE ( 'NONE', *, *, #4747, .F. ) ;
#1421 = EDGE_CURVE ( 'NONE', #4014, #812, #246, .T. ) ;
#1422 = ORIENTED_EDGE ( 'NONE', *, *, #4697, .F. ) ;
#1423 = LINE ( 'NONE', #1520, #967 ) ;
#1424 = CARTESIAN_POINT ( 'NONE',  ( -8.400000000000000355, 6.599901756828476351, 3.151562059502343249 ) ) ;
#1425 = EDGE_CURVE ( 'NONE', #3052, #4031, #171, .T. ) ;
#1426 = ADVANCED_FACE ( 'NONE', ( #213 ), #3914, .T. ) ;
#1427 = ORIENTED_EDGE ( 'NONE', *, *, #1782, .F. ) ;
#1428 = CARTESIAN_POINT ( 'NONE',  ( 5.400000000000001243, 8.299999999999998934, 0.000000000000000000 ) ) ;
#1429 = ORIENTED_EDGE ( 'NONE', *, *, #643, .F. ) ;
#1430 = PLANE ( 'NONE',  #446 ) ;
#1431 = ORIENTED_EDGE ( 'NONE', *, *, #3017, .F. ) ;
#1432 = LINE ( 'NONE', #4368, #2902 ) ;
#1433 = CARTESIAN_POINT ( 'NONE',  ( -1.734723475976807094E-15, -33.25896765755696549, 3.000000000000000000 ) ) ;
#1434 = DIRECTION ( 'NONE',  ( -0.000000000000000000, -0.000000000000000000, 1.000000000000000000 ) ) ;
#1435 = VERTEX_POINT ( 'NONE', #2447 ) ;
#1436 = DIRECTION ( 'NONE',  ( -0.000000000000000000, 0.000000000000000000, 1.000000000000000000 ) ) ;
#1437 = EDGE_CURVE ( 'NONE', #16, #2941, #337, .T. ) ;
#1438 = AXIS2_PLACEMENT_3D ( 'NONE', #4231, #2334, #1623 ) ;
#1439 = CARTESIAN_POINT ( 'NONE',  ( 8.199638303521146199, 6.170141252621800909, 3.160000000000000142 ) ) ;
#1440 = CARTESIAN_POINT ( 'NONE',  ( 1.100000000000000977, -8.849999999999999645, 3.060000000000000053 ) ) ;
#1441 = CARTESIAN_POINT ( 'NONE',  ( 7.635451737365117175, 5.283097230560001911, 3.159999999999963283 ) ) ;
#1442 = VERTEX_POINT ( 'NONE', #3212 ) ;
#1443 = DIRECTION ( 'NONE',  ( 1.000000000000000000, 0.000000000000000000, 0.000000000000000000 ) ) ;
#1444 = CIRCLE ( 'NONE', #882, 7.000000000000000888 ) ;
#1445 = VERTEX_POINT ( 'NONE', #931 ) ;
#1446 = EDGE_CURVE ( 'NONE', #1663, #1461, #4724, .T. ) ;
#1447 = CIRCLE ( 'NONE', #3792, 1.100000000000000977 ) ;
#1448 = CARTESIAN_POINT ( 'NONE',  ( -0.6992332267646410582, -8.864206511761915763, 3.134597238885228343 ) ) ;
#1449 = EDGE_CURVE ( 'NONE', #2575, #3046, #283, .T. ) ;
#1450 = PLANE ( 'NONE',  #4131 ) ;
#1451 = AXIS2_PLACEMENT_3D ( 'NONE', #2414, #3200, #533 ) ;
#1452 = VECTOR ( 'NONE', #405, 1000.000000000000000 ) ;
#1453 = ORIENTED_EDGE ( 'NONE', *, *, #3866, .F. ) ;
#1454 = CARTESIAN_POINT ( 'NONE',  ( 7.551121449966091248, 5.934645659804266060, 3.133068244959285931 ) ) ;
#1455 = ORIENTED_EDGE ( 'NONE', *, *, #3253, .T. ) ;
#1456 = CARTESIAN_POINT ( 'NONE',  ( -7.450334700261796783, 5.468214267663326744, 3.159999999999994369 ) ) ;
#1457 = VERTEX_POINT ( 'NONE', #4468 ) ;
#1458 = LINE ( 'NONE', #2265, #656 ) ;
#1459 = DIRECTION ( 'NONE',  ( -1.000000000000000000, 0.000000000000000000, 0.000000000000000000 ) ) ;
#1460 = ADVANCED_FACE ( 'NONE', ( #4019 ), #714, .T. ) ;
#1461 = VERTEX_POINT ( 'NONE', #2214 ) ;
#1462 = CARTESIAN_POINT ( 'NONE',  ( 9.049665299738206770, 5.468214267663324080, 3.159999999999999698 ) ) ;
#1463 = CARTESIAN_POINT ( 'NONE',  ( -0.6992332267666493406, -8.706191830659554043, 3.133123559574609196 ) ) ;
#1464 = CARTESIAN_POINT ( 'NONE',  ( 7.988250100058360559, 5.108790688511448685, 3.159999999999993037 ) ) ;
#1465 = B_SPLINE_CURVE_WITH_KNOTS ( 'NONE', 3,
 ( #3907, #1656, #144, #806, #1585, #4292, #1631 ),
 .UNSPECIFIED., .F., .F.,
 ( 4, 3, 4 ),
 ( 0.000000000000000000, 0.0003334948969001692485, 0.0005507846176408466880 ),
 .UNSPECIFIED. ) ;
#1466 = CYLINDRICAL_SURFACE ( 'NONE', #2598, 19.22081024236551272 ) ;
#1467 = CARTESIAN_POINT ( 'NONE',  ( -8.199638303521146199, 6.170141252621798245, 3.160000000000000142 ) ) ;
#1468 = CARTESIAN_POINT ( 'NONE',  ( 0.07996652997382147632, -8.788545173736510563, 3.160000000000000142 ) ) ;
#1469 = ORIENTED_EDGE ( 'NONE', *, *, #1602, .F. ) ;
#1470 = CARTESIAN_POINT ( 'NONE',  ( -0.6992332267646410582, -8.879983800162534635, 3.134565102906557321 ) ) ;
#1471 = AXIS2_PLACEMENT_3D ( 'NONE', #1519, #2538, #1751 ) ;
#1472 =( NAMED_UNIT ( * ) SI_UNIT ( $, .STERADIAN. ) SOLID_ANGLE_UNIT ( ) );
#1473 = CARTESIAN_POINT ( 'NONE',  ( -7.376212776764171863, 6.586379495086702285, 3.159999999999999698 ) ) ;
#1474 = PRODUCT_DEFINITION ( 'UNKNOWN', '', #4288, #4711 ) ;
#1475 = AXIS2_PLACEMENT_3D ( 'NONE', #4614, #3434, #4559 ) ;
#1476 = VERTEX_POINT ( 'NONE', #1758 ) ;
#1477 = PLANE ( 'NONE',  #1280 ) ;
#1478 = CARTESIAN_POINT ( 'NONE',  ( 5.249999999999995559, 5.000000000000002665, 3.159999999999999698 ) ) ;
#1479 = ORIENTED_EDGE ( 'NONE', *, *, #480, .T. ) ;
#1480 = FACE_OUTER_BOUND ( 'NONE', #2087, .T. ) ;
#1481 = PLANE ( 'NONE',  #4118 ) ;
#1482 = ORIENTED_EDGE ( 'NONE', *, *, #1582, .T. ) ;
#1483 = CARTESIAN_POINT ( 'NONE',  ( 1.000000000000000888, -8.719102487751136721, 3.159999999999999698 ) ) ;
#1484 = EDGE_CURVE ( 'NONE', #2732, #4127, #4066, .T. ) ;
#1485 = LINE ( 'NONE', #4472, #3940 ) ;
#1486 = EDGE_CURVE ( 'NONE', #4535, #2193, #637, .T. ) ;
#1487 = VERTEX_POINT ( 'NONE', #257 ) ;
#1488 = CARTESIAN_POINT ( 'NONE',  ( -0.06145482626348926919, -8.929966529973821565, 3.160000000000000142 ) ) ;
#1489 = ORIENTED_EDGE ( 'NONE', *, *, #3539, .F. ) ;
#1490 = CARTESIAN_POINT ( 'NONE',  ( 9.223971841786767101, 6.344512430239874767, 3.159999999999980158 ) ) ;
#1491 = DIRECTION ( 'NONE',  ( 1.000000000000000000, 0.000000000000000000, 0.000000000000000000 ) ) ;
#1492 = CARTESIAN_POINT ( 'NONE',  ( 9.049665299738206770, 5.468214267663324080, 3.159999999999999698 ) ) ;
#1493 = VECTOR ( 'NONE', #3512, 1000.000000000000000 ) ;
#1494 = CARTESIAN_POINT ( 'NONE',  ( 0.08737872232358279145, -8.799638303521158278, 3.160000000000000142 ) ) ;
#1495 = EDGE_CURVE ( 'NONE', #3592, #2150, #1432, .T. ) ;
#1496 = VERTEX_POINT ( 'NONE', #1352 ) ;
#1497 = CARTESIAN_POINT ( 'NONE',  ( 0.000000000000000000, 0.000000000000000000, 1.899999999999999911 ) ) ;
#1498 = LINE ( 'NONE', #2206, #4051 ) ;
#1499 = VERTEX_POINT ( 'NONE', #1380 ) ;
#1500 = VERTEX_POINT ( 'NONE', #2496 ) ;
#1501 = DIRECTION ( 'NONE',  ( 0.000000000000000000, 0.000000000000000000, 1.000000000000000000 ) ) ;
#1502 = CARTESIAN_POINT ( 'NONE',  ( -8.300000000000000711, -8.300000000000000711, -2.250000000000000000 ) ) ;
#1503 = ORIENTED_EDGE ( 'NONE', *, *, #1303, .F. ) ;
#1504 = DIRECTION ( 'NONE',  ( -0.000000000000000000, 0.000000000000000000, -1.000000000000000000 ) ) ;
#1505 = DIRECTION ( 'NONE',  ( -1.000000000000000000, -6.672013369141565463E-17, 0.000000000000000000 ) ) ;
#1506 = ORIENTED_EDGE ( 'NONE', *, *, #4167, .T. ) ;
#1507 = EDGE_CURVE ( 'NONE', #140, #1500, #4793, .T. ) ;
#1508 = CARTESIAN_POINT ( 'NONE',  ( 8.101121449966091959, 6.234645659804266771, 3.159213133238458315 ) ) ;
#1509 = VECTOR ( 'NONE', #1643, 1000.000000000000000 ) ;
#1510 = ORIENTED_EDGE ( 'NONE', *, *, #3627, .T. ) ;
#1511 = CARTESIAN_POINT ( 'NONE',  ( -0.1000000000000009076, -8.863089751224887181, 3.160000000000000142 ) ) ;
#1512 = ORIENTED_EDGE ( 'NONE', *, *, #221, .T. ) ;
#1513 = CARTESIAN_POINT ( 'NONE',  ( -7.249999999999999112, 0.000000000000000000, 9.500000000000000000 ) ) ;
#1514 = FACE_OUTER_BOUND ( 'NONE', #3231, .T. ) ;
#1515 = CARTESIAN_POINT ( 'NONE',  ( -9.350000000000001421, 6.082762530298216674, 3.060000000000000053 ) ) ;
#1516 = CIRCLE ( 'NONE', #566, 1.100000000000003642 ) ;
#1517 = ORIENTED_EDGE ( 'NONE', *, *, #2817, .T. ) ;
#1518 = DIRECTION ( 'NONE',  ( 0.000000000000000000, -0.000000000000000000, 1.000000000000000000 ) ) ;
#1519 = CARTESIAN_POINT ( 'NONE',  ( 0.000000000000000000, 0.000000000000000000, 0.000000000000000000 ) ) ;
#1520 = CARTESIAN_POINT ( 'NONE',  ( 6.200000000000008171, -13.92022127119432717, 3.160000000000000142 ) ) ;
#1521 = EDGE_CURVE ( 'NONE', #2278, #4679, #4390, .T. ) ;
#1522 = VECTOR ( 'NONE', #4525, 1000.000000000000000 ) ;
#1523 = ORIENTED_EDGE ( 'NONE', *, *, #3943, .F. ) ;
#1524 = EDGE_CURVE ( 'NONE', #4459, #4235, #2636, .T. ) ;
#1525 = ORIENTED_EDGE ( 'NONE', *, *, #3947, .F. ) ;
#1526 = DIRECTION ( 'NONE',  ( 1.000000000000000000, -1.045014142154703244E-16, -0.000000000000000000 ) ) ;
#1527 = AXIS2_PLACEMENT_3D ( 'NONE', #1952, #833, #3445 ) ;
#1528 = AXIS2_PLACEMENT_3D ( 'NONE', #4443, #3712, #2123 ) ;
#1529 = CARTESIAN_POINT ( 'NONE',  ( 8.101121449966091959, 6.601789989277554227, 3.151493565797567786 ) ) ;
#1530 = VECTOR ( 'NONE', #4162, 1000.000000000000000 ) ;
#1531 = CYLINDRICAL_SURFACE ( 'NONE', #1232, 3.500000000000000000 ) ;
#1532 = CARTESIAN_POINT ( 'NONE',  ( -8.300000000000000711, -8.300000000000000711, -2.250000000000000000 ) ) ;
#1533 = CARTESIAN_POINT ( 'NONE',  ( 7.551121449966093913, 5.966330014152804395, 3.133750015337726680 ) ) ;
#1534 = AXIS2_PLACEMENT_3D ( 'NONE', #3429, #4251, #4227 ) ;
#1535 = CARTESIAN_POINT ( 'NONE',  ( 0.7996652997382107664, -9.464548262634883358, 3.159999999999999698 ) ) ;
#1536 = EDGE_LOOP ( 'NONE', ( #3887, #1339, #1734, #2560 ) ) ;
#1537 = CARTESIAN_POINT ( 'NONE',  ( -6.199999999999997513, -13.92022127119433073, 3.160000000000000142 ) ) ;
#1538 = CARTESIAN_POINT ( 'NONE',  ( -0.04925635431460748115, -8.156191830659553332, 3.135705978890756196 ) ) ;
#1539 = FACE_OUTER_BOUND ( 'NONE', #511, .T. ) ;
#1540 = VERTEX_POINT ( 'NONE', #1834 ) ;
#1541 = CARTESIAN_POINT ( 'NONE',  ( -4.724999999999998757, 13.00000000000000000, -1.199999999999999956 ) ) ;
#1542 = CARTESIAN_POINT ( 'NONE',  ( -8.263089751224885759, 6.182762530298216319, 3.160000000000000142 ) ) ;
#1543 = ORIENTED_EDGE ( 'NONE', *, *, #480, .F. ) ;
#1544 = CARTESIAN_POINT ( 'NONE',  ( -8.400000000000000355, 5.604854649614681605, 3.149530390632250487 ) ) ;
#1545 = CARTESIAN_POINT ( 'NONE',  ( 8.101121449966091959, 0.000000000000000000, 2.860000000000000320 ) ) ;
#1546 = LINE ( 'NONE', #4211, #732 ) ;
#1547 = EDGE_CURVE ( 'NONE', #2150, #1810, #691, .T. ) ;
#1548 = CARTESIAN_POINT ( 'NONE',  ( 7.989519651795736088, 5.108343548436816484, 3.060000000000000053 ) ) ;
#1549 = AXIS2_PLACEMENT_3D ( 'NONE', #1141, #773, #4163 ) ;
#1550 = ADVANCED_FACE ( 'NONE', ( #615 ), #4077, .F. ) ;
#1551 =( BOUNDED_CURVE ( )  B_SPLINE_CURVE ( 2, ( #1914, #2361, #3799 ),
 .UNSPECIFIED., .F., .T. ) 
 B_SPLINE_CURVE_WITH_KNOTS ( ( 3, 3 ),
 ( 0.000000000000000000, 0.5342988817761634701 ),
 .UNSPECIFIED. ) 
 CURVE ( )  GEOMETRIC_REPRESENTATION_ITEM ( )  RATIONAL_B_SPLINE_CURVE ( ( 1.000000000000000000, 0.8435074807081511805, 0.8542425175442414087 ) ) 
 REPRESENTATION_ITEM ( '' )  );
#1552 = ORIENTED_EDGE ( 'NONE', *, *, #1051, .T. ) ;
#1553 = EDGE_CURVE ( 'NONE', #4817, #3587, #2194, .T. ) ;
#1554 = VERTEX_POINT ( 'NONE', #4837 ) ;
#1555 = CARTESIAN_POINT ( 'NONE',  ( 10.82698101456414719, 6.375633764657958835, 3.160000000000000142 ) ) ;
#1556 = CIRCLE ( 'NONE', #2420, 2.199999999999998845 ) ;
#1558 = CARTESIAN_POINT ( 'NONE',  ( 8.369984615610201573, 5.418525115168312922, 3.000000000000000000 ) ) ;
#1557 =( LENGTH_UNIT ( ) NAMED_UNIT ( * ) SI_UNIT ( .MILLI., .METRE. ) );
#1559 = EDGE_CURVE ( 'NONE', #3238, #3663, #1458, .T. ) ;
#1560 = LINE ( 'NONE', #3058, #3666 ) ;
#1561 = ORIENTED_EDGE ( 'NONE', *, *, #2473, .F. ) ;
#1562 = DIRECTION ( 'NONE',  ( -6.672013369141565463E-17, 1.000000000000000000, 0.000000000000000000 ) ) ;
#1563 = CARTESIAN_POINT ( 'NONE',  ( 11.72500000000000142, -13.00000000000000533, 3.000000000000000000 ) ) ;
#1564 = DIRECTION ( 'NONE',  ( 1.000000000000000000, 0.000000000000000000, 0.000000000000000000 ) ) ;
#1565 = VERTEX_POINT ( 'NONE', #2784 ) ;
#1566 = CARTESIAN_POINT ( 'NONE',  ( 0.08737872232358279145, -8.799638303521158278, 3.160000000000000142 ) ) ;
#1567 = ORIENTED_EDGE ( 'NONE', *, *, #2191, .F. ) ;
#1568 = CARTESIAN_POINT ( 'NONE',  ( 8.162621277676416653, 6.032400833819361985, 3.160000000000000142 ) ) ;
#1569 = FACE_OUTER_BOUND ( 'NONE', #170, .T. ) ;
#1570 = B_SPLINE_CURVE_WITH_KNOTS ( 'NONE', 3,
 ( #2422, #2821, #2839, #1254, #1615, #3841, #2444, #542, #861, #4245, #4698, #1661, #1635, #1234, #467, #2769, #881, #3468 ),
 .UNSPECIFIED., .F., .F.,
 ( 4, 2, 2, 2, 2, 2, 2, 2, 4 ),
 ( 0.5000000000000000000, 0.5625000000000000000, 0.6250000000000000000, 0.6875000000000000000, 0.7500000000000000000, 0.8125000000000000000, 0.8750000000000000000, 0.9375000000000000000, 1.000000000000000000 ),
 .UNSPECIFIED. ) ;
#1571 = CARTESIAN_POINT ( 'NONE',  ( 8.188545173736509142, 6.002796000324393866, 3.160000000000000142 ) ) ;
#1572 = CARTESIAN_POINT ( 'NONE',  ( -8.188545173736510918, 6.162729060272037707, 3.160000000000000142 ) ) ;
#1573 = ORIENTED_EDGE ( 'NONE', *, *, #2786, .F. ) ;
#1574 = LINE ( 'NONE', #452, #2659 ) ;
#1575 = DIRECTION ( 'NONE',  ( -0.000000000000000000, -0.000000000000000000, 1.000000000000000000 ) ) ;
#1576 = PLANE ( 'NONE',  #4212 ) ;
#1577 = ADVANCED_FACE ( 'NONE', ( #1480, #3369 ), #1124, .F. ) ;
#1578 = VERTEX_POINT ( 'NONE', #2698 ) ;
#1579 = ORIENTED_EDGE ( 'NONE', *, *, #2876, .F. ) ;
#1580 = EDGE_CURVE ( 'NONE', #3965, #14, #4545, .T. ) ;
#1581 = CARTESIAN_POINT ( 'NONE',  ( -0.6992332267666491186, -8.743081037664122590, 3.133893695019702719 ) ) ;
#1582 = EDGE_CURVE ( 'NONE', #238, #4181, #3261, .T. ) ;
#1583 = CARTESIAN_POINT ( 'NONE',  ( -7.990654975721404263, 6.232762530298222359, 3.158142053964175577 ) ) ;
#1585 = CARTESIAN_POINT ( 'NONE',  ( -0.1492332267666493517, -9.411854337315217478, 3.144962682650382035 ) ) ;
#1584 = CARTESIAN_POINT ( 'NONE',  ( 0.000000000000000000, 6.784645659804266593, 2.860000000000000320 ) ) ;
#1586 = DIRECTION ( 'NONE',  ( -0.000000000000000000, -1.000000000000000000, -0.000000000000000000 ) ) ;
#1587 = PLANE ( 'NONE',  #887 ) ;
#1588 = CARTESIAN_POINT ( 'NONE',  ( -7.376212776764189627, 5.579145565509687543, 3.060000000000000053 ) ) ;
#1589 = ADVANCED_FACE ( 'NONE', ( #896 ), #532, .F. ) ;
#1590 = ORIENTED_EDGE ( 'NONE', *, *, #514, .F. ) ;
#1591 = CARTESIAN_POINT ( 'NONE',  ( 0.09739718417867633538, -8.876174989994165543, 3.160000000000000142 ) ) ;
#1592 = ORIENTED_EDGE ( 'NONE', *, *, #3061, .F. ) ;
#1593 = CARTESIAN_POINT ( 'NONE',  ( 8.250000000000000000, 6.082762530298216674, 3.060000000000000053 ) ) ;
#1594 = CARTESIAN_POINT ( 'NONE',  ( -8.949999999999999289, 5.932762530298217207, 3.132913281108374193 ) ) ;
#1595 = CARTESIAN_POINT ( 'NONE',  ( -9.950000000000001066, 1.218523565151616775E-15, -8.472539674441618374 ) ) ;
#1596 = CARTESIAN_POINT ( 'NONE',  ( -8.236910248775114241, 5.982762530298217918, 3.160000000000000142 ) ) ;
#1597 = VERTEX_POINT ( 'NONE', #392 ) ;
#1598 = LINE ( 'NONE', #239, #516 ) ;
#1599 = CARTESIAN_POINT ( 'NONE',  ( 8.951121449966091603, 6.234645659804266771, 3.132757235625303061 ) ) ;
#1600 = CARTESIAN_POINT ( 'NONE',  ( 12.15000000000000036, -2.437047130303232761E-15, 1.899999999999999689 ) ) ;
#1601 = ORIENTED_EDGE ( 'NONE', *, *, #687, .F. ) ;
#1602 = EDGE_CURVE ( 'NONE', #1970, #2641, #418, .T. ) ;
#1603 = VECTOR ( 'NONE', #3030, 1000.000000000000000 ) ;
#1604 = DIRECTION ( 'NONE',  ( 1.000000000000000000, 0.000000000000000000, 0.000000000000000000 ) ) ;
#1605 = AXIS2_PLACEMENT_3D ( 'NONE', #284, #3350, #616 ) ;
#1607 = CARTESIAN_POINT ( 'NONE',  ( 8.401121449966089116, 5.823434473453081850, 3.158147382511603318 ) ) ;
#1606 = CARTESIAN_POINT ( 'NONE',  ( 0.000000000000000000, -9.006191830659554753, 2.860000000000000320 ) ) ;
#1608 = CIRCLE ( 'NONE', #4833, 42.50896765755696549 ) ;
#1609 = LINE ( 'NONE', #2347, #3983 ) ;
#1610 = ORIENTED_EDGE ( 'NONE', *, *, #2368, .F. ) ;
#1611 = DIRECTION ( 'NONE',  ( -1.000000000000000000, 0.000000000000000000, 0.000000000000000000 ) ) ;
#1612 = AXIS2_PLACEMENT_3D ( 'NONE', #454, #2690, #3410 ) ;
#1613 = CARTESIAN_POINT ( 'NONE',  ( -9.049665299738208546, 6.697310792933105716, 3.060000000000000053 ) ) ;
#1614 = AXIS2_PLACEMENT_3D ( 'NONE', #184, #4287, #3558 ) ;
#1615 = CARTESIAN_POINT ( 'NONE',  ( 0.8005642397175994907, -9.463546462867892473, 3.060000000000000497 ) ) ;
#1616 = CARTESIAN_POINT ( 'NONE',  ( -9.049665299738208546, 6.697310792933105716, 3.060000000000000053 ) ) ;
#1617 = AXIS2_PLACEMENT_3D ( 'NONE', #4113, #4851, #727 ) ;
#1618 = CARTESIAN_POINT ( 'NONE',  ( -7.249927267146643928, 5.950520992085321481, 3.059999999999999609 ) ) ;
#1619 = LINE ( 'NONE', #3451, #195 ) ;
#1620 = CARTESIAN_POINT ( 'NONE',  ( -10.85082562675532003, 5.418525115168312922, 3.000000000000000000 ) ) ;
#1621 = CARTESIAN_POINT ( 'NONE',  ( 7.250000000000000000, 7.250000000000000000, -2.250000000000000000 ) ) ;
#1622 = ORIENTED_EDGE ( 'NONE', *, *, #3092, .T. ) ;
#1623 = DIRECTION ( 'NONE',  ( 0.000000000000000000, 0.000000000000000000, 1.000000000000000000 ) ) ;
#1624 = DIRECTION ( 'NONE',  ( 1.000000000000000000, 0.000000000000000000, 0.000000000000000000 ) ) ;
#1625 = DIRECTION ( 'NONE',  ( 0.000000000000000000, 0.000000000000000000, 1.000000000000000000 ) ) ;
#1626 = LINE ( 'NONE', #1192, #4362 ) ;
#1627 = ORIENTED_EDGE ( 'NONE', *, *, #3019, .T. ) ;
#1628 = ORIENTED_EDGE ( 'NONE', *, *, #1019, .F. ) ;
#1629 = CARTESIAN_POINT ( 'NONE',  ( 8.300000000000000711, 1.455163221085522096, 0.000000000000000000 ) ) ;
#1631 = CARTESIAN_POINT ( 'NONE',  ( -0.1492332267666492129, -9.556191830659553688, 3.132292679490856990 ) ) ;
#1630 = DIRECTION ( 'NONE',  ( 0.000000000000000000, 0.000000000000000000, -1.000000000000000000 ) ) ;
#1632 = LINE ( 'NONE', #485, #834 ) ;
#1633 = LINE ( 'NONE', #3206, #4124 ) ;
#1634 = VECTOR ( 'NONE', #1285, 1000.000000000000000 ) ;
#1635 = CARTESIAN_POINT ( 'NONE',  ( -0.6135464628677267385, -9.650564239717674297, 3.060000000000000053 ) ) ;
#1636 = VECTOR ( 'NONE', #528, 1000.000000000000000 ) ;
#1637 = CARTESIAN_POINT ( 'NONE',  ( -9.250000000000000000, 6.213660042547189732, 3.060000000000000053 ) ) ;
#1638 = DIRECTION ( 'NONE',  ( -1.000000000000000000, 0.000000000000000000, 0.000000000000000000 ) ) ;
#1639 = DIRECTION ( 'NONE',  ( 0.000000000000000000, 0.000000000000000000, 1.000000000000000000 ) ) ;
#1640 = CARTESIAN_POINT ( 'NONE',  ( 0.2617498999416627559, -7.876028158213241426, 3.060000000000000053 ) ) ;
#1641 = ADVANCED_FACE ( 'NONE', ( #3811 ), #3002, .F. ) ;
#1642 = EDGE_CURVE ( 'NONE', #1457, #1318, #3033, .T. ) ;
#1643 = DIRECTION ( 'NONE',  ( -0.000000000000000000, -0.000000000000000000, 1.000000000000000000 ) ) ;
#1644 = B_SPLINE_CURVE_WITH_KNOTS ( 'NONE', 3,
 ( #4531, #3408, #65, #1544, #4558, #2688, #89 ),
 .UNSPECIFIED., .F., .F.,
 ( 4, 3, 4 ),
 ( 0.000000000000000000, 0.0003280510365338116141, 0.0005507579681743096298 ),
 .UNSPECIFIED. ) ;
#1645 = VERTEX_POINT ( 'NONE', #3059 ) ;
#1646 = CARTESIAN_POINT ( 'NONE',  ( -4.724999999999998757, 6.000000000000000000, 3.000000000000000000 ) ) ;
#1647 = DIRECTION ( 'NONE',  ( -1.000000000000000000, 0.000000000000000000, 0.000000000000000000 ) ) ;
#1648 = CARTESIAN_POINT ( 'NONE',  ( 8.864548262634883713, 6.882427830036431438, 3.060000000000000053 ) ) ;
#1649 = DIRECTION ( 'NONE',  ( 0.000000000000000000, 0.000000000000000000, -1.000000000000000000 ) ) ;
#1650 = DIRECTION ( 'NONE',  ( 1.000000000000000000, 0.000000000000000000, 0.000000000000000000 ) ) ;
#1651 = ORIENTED_EDGE ( 'NONE', *, *, #3019, .F. ) ;
#1652 = FACE_OUTER_BOUND ( 'NONE', #3357, .T. ) ;
#1653 = CARTESIAN_POINT ( 'NONE',  ( -8.949999999999999289, 5.932762530298217207, 3.132913281108374193 ) ) ;
#1654 = VECTOR ( 'NONE', #2658, 1000.000000000000000 ) ;
#1655 = DIRECTION ( 'NONE',  ( 0.000000000000000000, 1.000000000000000000, 0.000000000000000000 ) ) ;
#1656 = CARTESIAN_POINT ( 'NONE',  ( -0.1492332267666492129, -9.117350731331828939, 3.158004345759439779 ) ) ;
#1657 = CARTESIAN_POINT ( 'NONE',  ( -0.1492332267666492129, -9.556191830659553688, 2.860000000000000320 ) ) ;
#1658 = ORIENTED_EDGE ( 'NONE', *, *, #2960, .F. ) ;
#1659 = CARTESIAN_POINT ( 'NONE',  ( 0.7007667732333499044, -8.902067258817613293, 3.134459308978564174 ) ) ;
#1660 = B_SPLINE_CURVE_WITH_KNOTS ( 'NONE', 3,
 ( #1871, #2256, #11, #1802 ),
 .UNSPECIFIED., .F., .F.,
 ( 4, 4 ),
 ( 8.673617379884035472E-19, 0.0001499999999715834545 ),
 .UNSPECIFIED. ) ;
#1661 = CARTESIAN_POINT ( 'NONE',  ( -0.5048865165257578891, -9.723340083161319924, 3.060000000000000053 ) ) ;
#1662 = CARTESIAN_POINT ( 'NONE',  ( -7.376212776764189627, 5.579145565509687543, 3.060000000000000053 ) ) ;
#1663 = VERTEX_POINT ( 'NONE', #1532 ) ;
#1664 = ADVANCED_FACE ( 'NONE', ( #2646 ), #4862, .F. ) ;
#1665 = CARTESIAN_POINT ( 'NONE',  ( -8.099999999999999645, 5.932762530298217207, 3.159220816642475782 ) ) ;
#1666 = DIRECTION ( 'NONE',  ( 1.000000000000000000, 0.000000000000000000, 0.000000000000000000 ) ) ;
#1667 = LINE ( 'NONE', #913, #3050 ) ;
#1668 = CARTESIAN_POINT ( 'NONE',  ( 0.000000000000000000, 0.000000000000000000, -16.97056274847713553 ) ) ;
#1669 = ORIENTED_EDGE ( 'NONE', *, *, #2208, .T. ) ;
#1670 = CARTESIAN_POINT ( 'NONE',  ( 8.753616964788536237, 6.956549753534030600, 3.060000000000000053 ) ) ;
#1671 = CARTESIAN_POINT ( 'NONE',  ( 7.989463984479560743, 7.057315904948670671, 3.060000000000000941 ) ) ;
#1672 = CARTESIAN_POINT ( 'NONE',  ( 0.000000000000000000, 0.000000000000000000, 9.500000000000000000 ) ) ;
#1673 = EDGE_LOOP ( 'NONE', ( #3715, #286 ) ) ;
#1674 = ADVANCED_FACE ( 'NONE', ( #3756, #4146 ), #1152, .F. ) ;
#1675 = CARTESIAN_POINT ( 'NONE',  ( -4.724999999999998757, 6.000000000000000000, 4.400000000000000355 ) ) ;
#1676 = CARTESIAN_POINT ( 'NONE',  ( 4.724999999999999645, -13.00000000000000355, 3.000000000000000000 ) ) ;
#1677 = VECTOR ( 'NONE', #569, 1000.000000000000000 ) ;
#1678 = EDGE_CURVE ( 'NONE', #3629, #2575, #3151, .T. ) ;
#1679 = VECTOR ( 'NONE', #2918, 1000.000000000000000 ) ;
#1680 = CARTESIAN_POINT ( 'NONE',  ( 8.101121449966091959, 5.934645659804265172, 3.159250164125936955 ) ) ;
#1681 = ORIENTED_EDGE ( 'NONE', *, *, #4070, .T. ) ;
#1682 = DIRECTION ( 'NONE',  ( 0.000000000000000000, 0.000000000000000000, 1.000000000000000000 ) ) ;
#1683 = VECTOR ( 'NONE', #2195, 1000.000000000000000 ) ;
#1684 = ORIENTED_EDGE ( 'NONE', *, *, #4635, .F. ) ;
#1685 = CARTESIAN_POINT ( 'NONE',  ( -7.250000000000000888, 5.951865018049247169, 3.060000000000000053 ) ) ;
#1686 = VERTEX_POINT ( 'NONE', #783 ) ;
#1687 = DIRECTION ( 'NONE',  ( -1.000000000000000000, 2.664535259100376091E-15, 0.000000000000000000 ) ) ;
#1688 = DIRECTION ( 'NONE',  ( 1.000000000000000000, 0.000000000000000000, 0.000000000000000000 ) ) ;
#1689 = CARTESIAN_POINT ( 'NONE',  ( 0.6287051852979699262, -9.006191830659910025, 3.140079238039235499 ) ) ;
#1690 = CARTESIAN_POINT ( 'NONE',  ( -8.223825010005835878, 5.985365346119541741, 3.160000000000000142 ) ) ;
#1691 = EDGE_LOOP ( 'NONE', ( #507, #1128, #128, #4843 ) ) ;
#1692 = CIRCLE ( 'NONE', #134, 7.000000000000000000 ) ;
#1693 = CARTESIAN_POINT ( 'NONE',  ( -8.754830849209993104, 6.955968220670343705, 3.060000000000000497 ) ) ;
#1694 = CARTESIAN_POINT ( 'NONE',  ( 0.000000000000000000, 6.234645659804266771, 2.860000000000000320 ) ) ;
#1695 = PLANE ( 'NONE',  #3486 ) ;
#1696 = CARTESIAN_POINT ( 'NONE',  ( 4.724999999999999645, -6.000000000000002665, 3.000000000000000000 ) ) ;
#1697 = VERTEX_POINT ( 'NONE', #2323 ) ;
#1698 = UNCERTAINTY_MEASURE_WITH_UNIT (LENGTH_MEASURE( 1.000000000000000082E-05 ), #2207, 'distance_accuracy_value', 'NONE');
#1699 = CARTESIAN_POINT ( 'NONE',  ( -8.949999999999999289, 6.082762530298217563, 3.134535599249993254 ) ) ;
#1700 = CARTESIAN_POINT ( 'NONE',  ( 0.05036169647885160167, -8.937378722323582991, 3.160000000000000142 ) ) ;
#1701 = CARTESIAN_POINT ( 'NONE',  ( 0.000000000000000000, 6.782762530298222181, 2.860000000000000320 ) ) ;
#1702 = EDGE_CURVE ( 'NONE', #3386, #3962, #734, .T. ) ;
#1703 = CARTESIAN_POINT ( 'NONE',  ( 8.250000000000000000, 6.082762530298216674, 3.060000000000000053 ) ) ;
#1704 = ADVANCED_FACE ( 'NONE', ( #1652 ), #1927, .F. ) ;
#1705 = CARTESIAN_POINT ( 'NONE',  ( 8.101121449966091959, 5.532555054565122532, 3.145758085088731448 ) ) ;
#1706 = ORIENTED_EDGE ( 'NONE', *, *, #840, .F. ) ;
#1707 = DIRECTION ( 'NONE',  ( -0.000000000000000000, -0.000000000000000000, 1.000000000000000000 ) ) ;
#1708 = CARTESIAN_POINT ( 'NONE',  ( -0.6145482626348892641, -9.649665299738208191, 3.060000000000000053 ) ) ;
#1709 = ADVANCED_FACE ( 'NONE', ( #77 ), #1269, .F. ) ;
#1710 = CARTESIAN_POINT ( 'NONE',  ( -8.329966529973821920, 6.144217356561705756, 3.160000000000000142 ) ) ;
#1711 = EDGE_LOOP ( 'NONE', ( #1405, #296, #4446, #2917 ) ) ;
#1712 = CARTESIAN_POINT ( 'NONE',  ( -7.635451737365110070, 5.283097230560012569, 3.060000000000000053 ) ) ;
#1713 = CARTESIAN_POINT ( 'NONE',  ( -8.100000000000001421, 5.382762530298221826, 3.132913281108373749 ) ) ;
#1714 = CARTESIAN_POINT ( 'NONE',  ( -3.800000000000000266, 6.050000000000000711, -1.199999999999999956 ) ) ;
#1715 = CARTESIAN_POINT ( 'NONE',  ( 0.2617498999416671412, -9.823971841786757864, 3.060000000000000053 ) ) ;
#1716 = CARTESIAN_POINT ( 'NONE',  ( 9.250072732853357849, 5.950520992084815219, 3.059999999999999609 ) ) ;
#1717 = VECTOR ( 'NONE', #3798, 1000.000000000000000 ) ;
#1718 = ORIENTED_EDGE ( 'NONE', *, *, #1069, .T. ) ;
#1719 = PLANE ( 'NONE',  #3396 ) ;
#1720 = CARTESIAN_POINT ( 'NONE',  ( 7.450334700261799448, 5.468214267663317862, 3.060000000000000053 ) ) ;
#1721 = DIRECTION ( 'NONE',  ( 0.000000000000000000, -1.000000000000000000, 0.000000000000000000 ) ) ;
#1722 = DIRECTION ( 'NONE',  ( -0.000000000000000000, -0.000000000000000000, -1.000000000000000000 ) ) ;
#1723 = VERTEX_POINT ( 'NONE', #225 ) ;
#1724 = ORIENTED_EDGE ( 'NONE', *, *, #3270, .F. ) ;
#1725 = CARTESIAN_POINT ( 'NONE',  ( -8.949999999999992184, 5.964348232894545632, 3.133603222339375272 ) ) ;
#1726 = EDGE_CURVE ( 'NONE', #1487, #3677, #4612, .T. ) ;
#1727 = CARTESIAN_POINT ( 'NONE',  ( 9.250000000000003553, 6.082762530298216674, 0.000000000000000000 ) ) ;
#1728 = FACE_OUTER_BOUND ( 'NONE', #872, .T. ) ;
#1729 = DIRECTION ( 'NONE',  ( -0.000000000000000000, -0.000000000000000000, 1.000000000000000000 ) ) ;
#1730 = ORIENTED_EDGE ( 'NONE', *, *, #340, .F. ) ;
#1731 = EDGE_CURVE ( 'NONE', #3543, #4360, #2537, .T. ) ;
#1732 = CARTESIAN_POINT ( 'NONE',  ( 8.300000000000000711, -8.299999999999998934, -2.250000000000000000 ) ) ;
#1733 = AXIS2_PLACEMENT_3D ( 'NONE', #1249, #3807, #3109 ) ;
#1734 = ORIENTED_EDGE ( 'NONE', *, *, #4221, .T. ) ;
#1735 = ORIENTED_EDGE ( 'NONE', *, *, #820, .T. ) ;
#1736 = CARTESIAN_POINT ( 'NONE',  ( -9.249999999999987566, 5.951865018049243616, 3.159999999999999698 ) ) ;
#1737 = ORIENTED_EDGE ( 'NONE', *, *, #33, .T. ) ;
#1738 = CARTESIAN_POINT ( 'NONE',  ( -8.949999999999999289, 6.232762530298217030, 3.132913281108374193 ) ) ;
#1739 = VECTOR ( 'NONE', #3259, 1000.000000000000000 ) ;
#1740 = DIRECTION ( 'NONE',  ( 0.000000000000000000, 0.000000000000000000, 1.000000000000000000 ) ) ;
#1741 = CARTESIAN_POINT ( 'NONE',  ( -0.5036169647885129219, -7.976212776764178614, 3.060000000000000053 ) ) ;
#1742 = ORIENTED_EDGE ( 'NONE', *, *, #1127, .T. ) ;
#1743 = CARTESIAN_POINT ( 'NONE',  ( -9.250000000000000000, 6.082762530298216674, 3.060000000000000053 ) ) ;
#1744 = CARTESIAN_POINT ( 'NONE',  ( -9.950000000000001066, 1.218523565151616775E-15, 0.000000000000000000 ) ) ;
#1745 = CARTESIAN_POINT ( 'NONE',  ( 9.250000000000003553, 5.951865018049240952, 3.060000000000000053 ) ) ;
#1746 = DIRECTION ( 'NONE',  ( -0.000000000000000000, -0.000000000000000000, -1.000000000000000000 ) ) ;
#1747 = ORIENTED_EDGE ( 'NONE', *, *, #3610, .F. ) ;
#1748 = CARTESIAN_POINT ( 'NONE',  ( -8.300000000000000711, 7.081511748070125734, -0.6999999999999999556 ) ) ;
#1749 = DIRECTION ( 'NONE',  ( 1.000000000000000000, 0.000000000000000000, 0.000000000000000000 ) ) ;
#1750 = EDGE_CURVE ( 'NONE', #934, #3723, #994, .T. ) ;
#1751 = DIRECTION ( 'NONE',  ( -1.000000000000000000, 0.000000000000000000, -0.000000000000000000 ) ) ;
#1752 = ORIENTED_EDGE ( 'NONE', *, *, #463, .F. ) ;
#1753 = VECTOR ( 'NONE', #1100, 1000.000000000000000 ) ;
#1754 = CARTESIAN_POINT ( 'NONE',  ( -8.300000000000000711, -8.300000000000000711, -2.250000000000000000 ) ) ;
#1755 = ORIENTED_EDGE ( 'NONE', *, *, #3412, .F. ) ;
#1756 = ORIENTED_EDGE ( 'NONE', *, *, #1843, .T. ) ;
#1757 = CARTESIAN_POINT ( 'NONE',  ( 0.7007667732333509036, -9.006191830659554753, 3.132696639911054959 ) ) ;
#1758 = CARTESIAN_POINT ( 'NONE',  ( -0.8351646544245038273, -8.299999999999998934, 0.000000000000000000 ) ) ;
#1759 = LINE ( 'NONE', #1411, #3870 ) ;
#1760 = CARTESIAN_POINT ( 'NONE',  ( -0.8737872232358500080, -9.353616964788438182, 3.060000000000000053 ) ) ;
#1761 = EDGE_CURVE ( 'NONE', #3978, #2259, #2635, .T. ) ;
#1762 = VECTOR ( 'NONE', #715, 1000.000000000000000 ) ;
#1763 = EDGE_LOOP ( 'NONE', ( #3397, #3211, #2581, #3308, #610, #1037, #742, #4372 ) ) ;
#1764 = CARTESIAN_POINT ( 'NONE',  ( -0.1492332267666492129, 0.000000000000000000, 2.860000000000000320 ) ) ;
#1765 = EDGE_CURVE ( 'NONE', #86, #4598, #3176, .T. ) ;
#1766 = CARTESIAN_POINT ( 'NONE',  ( 8.753616964788532684, 5.208975307062401860, 3.159999999999993037 ) ) ;
#1767 = DIRECTION ( 'NONE',  ( 0.000000000000000000, 0.000000000000000000, -1.000000000000000000 ) ) ;
#1768 = VECTOR ( 'NONE', #1996, 1000.000000000000000 ) ;
#1769 = CARTESIAN_POINT ( 'NONE',  ( 7.746383035211468204, 5.208975307062401860, 3.060000000000000053 ) ) ;
#1770 = ORIENTED_EDGE ( 'NONE', *, *, #2267, .F. ) ;
#1771 = DIRECTION ( 'NONE',  ( -1.000000000000000000, -1.045014142154703367E-16, 0.000000000000000000 ) ) ;
#1772 = VECTOR ( 'NONE', #2486, 1000.000000000000000 ) ;
#1773 = EDGE_CURVE ( 'NONE', #689, #3663, #3247, .T. ) ;
#1774 = ORIENTED_EDGE ( 'NONE', *, *, #3439, .T. ) ;
#1775 = VECTOR ( 'NONE', #3452, 1000.000000000000000 ) ;
#1776 = CARTESIAN_POINT ( 'NONE',  ( -8.099999999999999645, 6.232762530298224135, 3.159220816642476226 ) ) ;
#1777 = FACE_OUTER_BOUND ( 'NONE', #3815, .T. ) ;
#1778 = CARTESIAN_POINT ( 'NONE',  ( -7.450334700261796783, 6.697310792933107493, 3.159999999999957510 ) ) ;
#1779 = DIRECTION ( 'NONE',  ( 0.000000000000000000, -0.000000000000000000, -1.000000000000000000 ) ) ;
#1780 = ORIENTED_EDGE ( 'NONE', *, *, #414, .T. ) ;
#1781 = CARTESIAN_POINT ( 'NONE',  ( -8.949999999998127009, 6.122309156713408029, 3.134423438671380957 ) ) ;
#1782 = EDGE_CURVE ( 'NONE', #1978, #725, #1397, .T. ) ;
#1783 = VERTEX_POINT ( 'NONE', #2533 ) ;
#1784 = ORIENTED_EDGE ( 'NONE', *, *, #2958, .F. ) ;
#1785 = CARTESIAN_POINT ( 'NONE',  ( -8.337378722323579794, 6.133124226777064258, 3.160000000000000142 ) ) ;
#1786 = ORIENTED_EDGE ( 'NONE', *, *, #197, .F. ) ;
#1787 = CARTESIAN_POINT ( 'NONE',  ( -0.2605360155202006700, -7.875446625349550978, 3.060000000000000053 ) ) ;
#1788 = DIRECTION ( 'NONE',  ( -1.000000000000000000, 0.000000000000000000, 0.000000000000000000 ) ) ;
#1789 = EDGE_CURVE ( 'NONE', #2525, #3143, #4687, .T. ) ;
#1790 = CIRCLE ( 'NONE', #677, 1.100000000000003642 ) ;
#1791 = ORIENTED_EDGE ( 'NONE', *, *, #203, .T. ) ;
#1792 = CARTESIAN_POINT ( 'NONE',  ( 8.300000000000000711, -8.299999999999998934, 0.000000000000000000 ) ) ;
#1793 = EDGE_CURVE ( 'NONE', #3238, #2894, #941, .T. ) ;
#1794 = CARTESIAN_POINT ( 'NONE',  ( 8.511749899941641218, 5.108790688511448685, 3.159999999999993037 ) ) ;
#1795 = DIRECTION ( 'NONE',  ( -1.000000000000000000, 0.000000000000000000, 0.000000000000000000 ) ) ;
#1796 = CARTESIAN_POINT ( 'NONE',  ( 9.123787223235828137, 5.579145565509697313, 3.160000000000020126 ) ) ;
#1797 = ORIENTED_EDGE ( 'NONE', *, *, #3943, .T. ) ;
#1798 = EDGE_CURVE ( 'NONE', #1056, #3323, #2811, .T. ) ;
#1799 = DIRECTION ( 'NONE',  ( 0.000000000000000000, -0.000000000000000000, -1.000000000000000000 ) ) ;
#1800 = VECTOR ( 'NONE', #2311, 1000.000000000000000 ) ;
#1801 = ORIENTED_EDGE ( 'NONE', *, *, #1678, .T. ) ;
#1802 = CARTESIAN_POINT ( 'NONE',  ( -7.550000000000002487, 6.082762530269799406, 3.134535599249993254 ) ) ;
#1803 = DIRECTION ( 'NONE',  ( -0.000000000000000000, -0.000000000000000000, -1.000000000000000000 ) ) ;
#1804 = CARTESIAN_POINT ( 'NONE',  ( -7.746383035211457546, 5.208975307062409854, 3.160000000000007248 ) ) ;
#1805 = CARTESIAN_POINT ( 'NONE',  ( -1.000000000000000888, -8.850000000000001421, 3.159999999999999698 ) ) ;
#1806 = ORIENTED_EDGE ( 'NONE', *, *, #4401, .T. ) ;
#1807 = CARTESIAN_POINT ( 'NONE',  ( 8.951121449966091603, 0.000000000000000000, 2.860000000000000320 ) ) ;
#1808 = EDGE_LOOP ( 'NONE', ( #2364, #3334, #230, #1724, #4505, #3276 ) ) ;
#1809 = CARTESIAN_POINT ( 'NONE',  ( -4.725000000000000533, -13.00000000000000178, 0.000000000000000000 ) ) ;
#1810 = VERTEX_POINT ( 'NONE', #4379 ) ;
#1811 = CARTESIAN_POINT ( 'NONE',  ( -8.400000000000000355, 6.232762530298217030, 2.860000000000000320 ) ) ;
#1812 = LINE ( 'NONE', #2124, #4513 ) ;
#1813 = VECTOR ( 'NONE', #854, 1000.000000000000000 ) ;
#1814 = EDGE_CURVE ( 'NONE', #3745, #2830, #4712, .T. ) ;
#1815 =( BOUNDED_CURVE ( )  B_SPLINE_CURVE ( 2, ( #493, #152, #4272 ),
 .UNSPECIFIED., .F., .T. ) 
 B_SPLINE_CURVE_WITH_KNOTS ( ( 3, 3 ),
 ( 0.000000000000000000, 0.5329180420465258194 ),
 .UNSPECIFIED. ) 
 CURVE ( )  GEOMETRIC_REPRESENTATION_ITEM ( )  RATIONAL_B_SPLINE_CURVE ( ( 1.000000000000000000, 0.8439119193012303288, 0.8541881473080376042 ) ) 
 REPRESENTATION_ITEM ( '' )  );
#1816 = ORIENTED_EDGE ( 'NONE', *, *, #3316, .T. ) ;
#1817 = CARTESIAN_POINT ( 'NONE',  ( -8.099999999999999645, 6.782762530298222181, 2.860000000000000320 ) ) ;
#1818 = EDGE_CURVE ( 'NONE', #79, #3215, #2949, .T. ) ;
#1819 = CARTESIAN_POINT ( 'NONE',  ( 8.119102487751137076, 5.082762530298214010, 3.159999999999999698 ) ) ;
#1820 = DIRECTION ( 'NONE',  ( 0.000000000000000000, 0.000000000000000000, 1.000000000000000000 ) ) ;
#1821 = CARTESIAN_POINT ( 'NONE',  ( 9.223971841786767101, 6.344512430239874767, 3.159999999999980158 ) ) ;
#1822 = ORIENTED_EDGE ( 'NONE', *, *, #2730, .F. ) ;
#1823 = CARTESIAN_POINT ( 'NONE',  ( 0.000000000000000000, -9.006191830659554753, 2.860000000000000320 ) ) ;
#1824 = VERTEX_POINT ( 'NONE', #3199 ) ;
#1825 = CARTESIAN_POINT ( 'NONE',  ( -0.6992332267646410582, -8.859471015206276334, 3.134606884384026237 ) ) ;
#1826 = PLANE ( 'NONE',  #1922 ) ;
#1827 = CARTESIAN_POINT ( 'NONE',  ( -8.864548262634887266, 5.283097230560008128, 3.159999999999994369 ) ) ;
#1828 = FACE_OUTER_BOUND ( 'NONE', #712, .T. ) ;
#1829 = VERTEX_POINT ( 'NONE', #4329 ) ;
#1830 = CARTESIAN_POINT ( 'NONE',  ( 0.000000000000000000, 0.000000000000000000, 0.2000000000000000111 ) ) ;
#1831 = ORIENTED_EDGE ( 'NONE', *, *, #2299, .F. ) ;
#1832 = CARTESIAN_POINT ( 'NONE',  ( 0.000000000000000000, 6.234645659804266771, 2.860000000000000320 ) ) ;
#1833 = EDGE_LOOP ( 'NONE', ( #781, #1984, #3609, #3873 ) ) ;
#1834 = CARTESIAN_POINT ( 'NONE',  ( 0.1507667732333506927, -8.156191830659555109, 3.133522209644453493 ) ) ;
#1835 = LINE ( 'NONE', #2938, #4201 ) ;
#1836 = LINE ( 'NONE', #2242, #2380 ) ;
#1837 = ORIENTED_EDGE ( 'NONE', *, *, #876, .F. ) ;
#1838 = AXIS2_PLACEMENT_3D ( 'NONE', #191, #3186, #4700 ) ;
#1839 = AXIS2_PLACEMENT_3D ( 'NONE', #1764, #4818, #1436 ) ;
#1840 = CARTESIAN_POINT ( 'NONE',  ( 8.511749899941637665, 7.056734372084986440, 3.159999999999993037 ) ) ;
#1841 = CARTESIAN_POINT ( 'NONE',  ( 9.123787223235813926, 6.586379495086744917, 3.160000000000020126 ) ) ;
#1842 = FACE_OUTER_BOUND ( 'NONE', #3602, .T. ) ;
#1843 = EDGE_CURVE ( 'NONE', #3629, #1540, #2091, .T. ) ;
#1844 = CIRCLE ( 'NONE', #4603, 19.22081024236551983 ) ;
#1845 = CARTESIAN_POINT ( 'NONE',  ( 0.05036169647885155309, -8.762621277676418075, 3.160000000000000142 ) ) ;
#1846 = ORIENTED_EDGE ( 'NONE', *, *, #1814, .F. ) ;
#1847 = AXIS2_PLACEMENT_3D ( 'NONE', #4117, #1199, #2614 ) ;
#1848 = LINE ( 'NONE', #1040, #1214 ) ;
#1849 =( GEOMETRIC_REPRESENTATION_CONTEXT ( 3 ) GLOBAL_UNCERTAINTY_ASSIGNED_CONTEXT ( ( #1698 ) ) GLOBAL_UNIT_ASSIGNED_CONTEXT ( ( #2207, #4561, #1472 ) ) REPRESENTATION_CONTEXT ( 'NONE', 'WORKASPACE' ) );
#1850 = AXIS2_PLACEMENT_3D ( 'NONE', #1098, #4515, #3420 ) ;
#1851 = ORIENTED_EDGE ( 'NONE', *, *, #1295, .T. ) ;
#1852 = EDGE_CURVE ( 'NONE', #873, #574, #4734, .T. ) ;
#1853 = LINE ( 'NONE', #1555, #577 ) ;
#1854 = EDGE_CURVE ( 'NONE', #4181, #1875, #583, .T. ) ;
#1855 = CARTESIAN_POINT ( 'NONE',  ( 8.401121449966090893, 5.934645659804266060, 3.159228162913193305 ) ) ;
#1856 = DIRECTION ( 'NONE',  ( 0.000000000000000000, 0.000000000000000000, -1.000000000000000000 ) ) ;
#1857 = DIRECTION ( 'NONE',  ( -0.000000000000000000, -0.000000000000000000, 1.000000000000000000 ) ) ;
#1858 = ADVANCED_FACE ( 'NONE', ( #2115 ), #3605, .F. ) ;
#1859 = CARTESIAN_POINT ( 'NONE',  ( -1.100000000000000977, -8.849999999999999645, 3.060000000000000053 ) ) ;
#1860 = ORIENTED_EDGE ( 'NONE', *, *, #4317, .T. ) ;
#1861 = CARTESIAN_POINT ( 'NONE',  ( 7.249999999999992895, 6.213660042547195062, 3.159999999999999698 ) ) ;
#1862 = CARTESIAN_POINT ( 'NONE',  ( 7.551121449966091248, 6.234645659804266771, 3.132986126281307460 ) ) ;
#1863 = CARTESIAN_POINT ( 'NONE',  ( 7.450334700261794119, 5.468214267663324080, 3.160000000000037446 ) ) ;
#1864 = VERTEX_POINT ( 'NONE', #317 ) ;
#1865 = CARTESIAN_POINT ( 'NONE',  ( -8.300000000000000711, -1.455163221085522096, 0.000000000000000000 ) ) ;
#1866 = CARTESIAN_POINT ( 'NONE',  ( -8.223825010005835878, 6.180159714476892496, 3.160000000000000142 ) ) ;
#1867 = CARTESIAN_POINT ( 'NONE',  ( -0.7996652997382098782, -9.464548262634885134, 3.159999999999999698 ) ) ;
#1868 = ORIENTED_EDGE ( 'NONE', *, *, #3373, .T. ) ;
#1869 = ORIENTED_EDGE ( 'NONE', *, *, #3880, .T. ) ;
#1870 = CARTESIAN_POINT ( 'NONE',  ( 11.72499999999999964, -1.299759593155598747, 1.899999999999999689 ) ) ;
#1871 = CARTESIAN_POINT ( 'NONE',  ( -7.550000000000000711, 5.932762530298217207, 3.132913281108376857 ) ) ;
#1872 = VECTOR ( 'NONE', #4624, 1000.000000000000000 ) ;
#1873 = B_SPLINE_CURVE_WITH_KNOTS ( 'NONE', 3,
 ( #2289, #1145, #4855, #2642, #3441, #3079, #97 ),
 .UNSPECIFIED., .F., .F.,
 ( 4, 3, 4 ),
 ( 0.000000000000000000, 0.0003281779737867009865, 0.0005507578267587215142 ),
 .UNSPECIFIED. ) ;
#1874 = VECTOR ( 'NONE', #1491, 1000.000000000000000 ) ;
#1875 = VERTEX_POINT ( 'NONE', #1065 ) ;
#1876 = EDGE_CURVE ( 'NONE', #1045, #2253, #1848, .T. ) ;
#1877 = ORIENTED_EDGE ( 'NONE', *, *, #15, .T. ) ;
#1878 = CARTESIAN_POINT ( 'NONE',  ( -7.550000000000036238, 4.365720747874935701E-14, 2.860000000000000320 ) ) ;
#1879 = EDGE_CURVE ( 'NONE', #3723, #4535, #1289, .T. ) ;
#1880 = CARTESIAN_POINT ( 'NONE',  ( 7.733986071827557929, 5.934645659804266948, 3.151641709220946996 ) ) ;
#1881 = DIRECTION ( 'NONE',  ( -1.000000000000000000, 0.000000000000000000, 0.000000000000000000 ) ) ;
#1882 = CARTESIAN_POINT ( 'NONE',  ( -6.200000000000000178, 12.84283384278765006, 4.400000000000000355 ) ) ;
#1883 = EDGE_LOOP ( 'NONE', ( #4139, #2372, #2595, #4259 ) ) ;
#1884 = CARTESIAN_POINT ( 'NONE',  ( -0.02617498999416709160, -8.752602815821321158, 3.160000000000000142 ) ) ;
#1885 = VERTEX_POINT ( 'NONE', #4062 ) ;
#1886 = LINE ( 'NONE', #3376, #72 ) ;
#1887 = CARTESIAN_POINT ( 'NONE',  ( 8.401121449966090893, 6.784645659804266593, 2.860000000000000320 ) ) ;
#1888 = CARTESIAN_POINT ( 'NONE',  ( 8.380897512248866477, 7.082762530298219339, 3.159999999999999698 ) ) ;
#1889 = ORIENTED_EDGE ( 'NONE', *, *, #1935, .F. ) ;
#1890 = ORIENTED_EDGE ( 'NONE', *, *, #2788, .T. ) ;
#1891 = CARTESIAN_POINT ( 'NONE',  ( 0.000000000000000000, 6.234645659804266771, 2.860000000000000320 ) ) ;
#1892 = CARTESIAN_POINT ( 'NONE',  ( 0.7007667732333510147, -8.849999999999996092, 3.134459308978564174 ) ) ;
#1893 = CARTESIAN_POINT ( 'NONE',  ( 7.551121449966093913, 6.082762530298217563, 3.134646862643943876 ) ) ;
#1894 =( BOUNDED_CURVE ( )  B_SPLINE_CURVE ( 2, ( #3748, #2995, #1893 ),
 .UNSPECIFIED., .F., .T. ) 
 B_SPLINE_CURVE_WITH_KNOTS ( ( 3, 3 ),
 ( 0.000000000000000000, 0.5346178521391531380 ),
 .UNSPECIFIED. ) 
 CURVE ( )  GEOMETRIC_REPRESENTATION_ITEM ( )  RATIONAL_B_SPLINE_CURVE ( ( 1.000000000000000000, 0.8434140564518290972, 0.8542553945334698806 ) ) 
 REPRESENTATION_ITEM ( '' )  );
#1895 = ORIENTED_EDGE ( 'NONE', *, *, #3173, .F. ) ;
#1896 = VERTEX_POINT ( 'NONE', #2186 ) ;
#1897 = LINE ( 'NONE', #1878, #2715 ) ;
#1898 = CARTESIAN_POINT ( 'NONE',  ( 7.250000000000000000, 7.250000000000000000, -2.250000000000000000 ) ) ;
#1899 = CARTESIAN_POINT ( 'NONE',  ( -3.800000000000000266, 6.050000000000000711, 0.000000000000000000 ) ) ;
#1900 = DIRECTION ( 'NONE',  ( -0.000000000000000000, -0.000000000000000000, 1.000000000000000000 ) ) ;
#1901 = CARTESIAN_POINT ( 'NONE',  ( 7.551121449966091248, 6.029710750358693083, 3.134445434079165427 ) ) ;
#1902 = ORIENTED_EDGE ( 'NONE', *, *, #3525, .F. ) ;
#1903 = CARTESIAN_POINT ( 'NONE',  ( 0.8737872232358130375, -9.353616964788530552, 3.159999999999999698 ) ) ;
#1904 = DIRECTION ( 'NONE',  ( 1.000000000000000000, 0.000000000000000000, -0.000000000000000000 ) ) ;
#1905 = CARTESIAN_POINT ( 'NONE',  ( -8.949999999999999289, 6.232762530298217030, 2.860000000000000320 ) ) ;
#1906 = DIRECTION ( 'NONE',  ( -0.000000000000000000, 0.000000000000000000, 1.000000000000000000 ) ) ;
#1907 = EDGE_CURVE ( 'NONE', #323, #1487, #1498, .T. ) ;
#1908 = EDGE_CURVE ( 'NONE', #1407, #983, #2126, .T. ) ;
#1909 = ORIENTED_EDGE ( 'NONE', *, *, #1113, .F. ) ;
#1910 = AXIS2_PLACEMENT_3D ( 'NONE', #1646, #4277, #4420 ) ;
#1911 = DIRECTION ( 'NONE',  ( 0.000000000000000000, 0.000000000000000000, -1.000000000000000000 ) ) ;
#1912 = CARTESIAN_POINT ( 'NONE',  ( 5.400000000000002132, 12.96737934951154969, 0.000000000000000000 ) ) ;
#1913 = AXIS2_PLACEMENT_3D ( 'NONE', #2983, #4815, #980 ) ;
#1914 = CARTESIAN_POINT ( 'NONE',  ( -1.000000000000000888, -8.849999999999999645, 3.060000000000000053 ) ) ;
#1915 = LINE ( 'NONE', #3345, #1530 ) ;
#1916 = EDGE_CURVE ( 'NONE', #212, #3687, #1692, .T. ) ;
#1917 = CARTESIAN_POINT ( 'NONE',  ( 8.117758461786838353, 5.082689797444857049, 3.060000000000000053 ) ) ;
#1918 = AXIS2_PLACEMENT_3D ( 'NONE', #3467, #926, #2441 ) ;
#1919 = VERTEX_POINT ( 'NONE', #3363 ) ;
#1920 = ORIENTED_EDGE ( 'NONE', *, *, #643, .T. ) ;
#1921 = CARTESIAN_POINT ( 'NONE',  ( -8.300023848317204411, 5.382762530298221826, 3.135097106810917467 ) ) ;
#1922 = AXIS2_PLACEMENT_3D ( 'NONE', #3075, #1169, #406 ) ;
#1923 = VECTOR ( 'NONE', #968, 1000.000000000000000 ) ;
#1924 = DIRECTION ( 'NONE',  ( -0.000000000000000000, -0.000000000000000000, -1.000000000000000000 ) ) ;
#1925 = AXIS2_PLACEMENT_3D ( 'NONE', #2953, #2460, #4380 ) ;
#1926 = CARTESIAN_POINT ( 'NONE',  ( 8.401121449966090893, 5.384645659804266238, 2.860000000000000320 ) ) ;
#1927 = PLANE ( 'NONE',  #2231 ) ;
#1928 = FACE_OUTER_BOUND ( 'NONE', #2185, .T. ) ;
#1929 = AXIS2_PLACEMENT_3D ( 'NONE', #450, #2707, #1938 ) ;
#1930 = ORIENTED_EDGE ( 'NONE', *, *, #2585, .T. ) ;
#1931 = CARTESIAN_POINT ( 'NONE',  ( 5.400000000000001243, 6.050000000000000711, -1.199999999999999956 ) ) ;
#1932 = ORIENTED_EDGE ( 'NONE', *, *, #1916, .F. ) ;
#1933 = CARTESIAN_POINT ( 'NONE',  ( 0.6145482626348902633, -9.649665299738206414, 3.159999999999999698 ) ) ;
#1934 = EDGE_LOOP ( 'NONE', ( #4835, #1261, #330, #4498 ) ) ;
#1935 = EDGE_CURVE ( 'NONE', #2120, #725, #2081, .T. ) ;
#1936 = CARTESIAN_POINT ( 'NONE',  ( -8.863546462867464726, 5.282198290580167210, 3.060000000000000053 ) ) ;
#1937 = LINE ( 'NONE', #842, #573 ) ;
#1938 = DIRECTION ( 'NONE',  ( 0.000000000000000000, -0.000000000000000000, -1.000000000000000000 ) ) ;
#1939 = VERTEX_POINT ( 'NONE', #2611 ) ;
#1940 = EDGE_CURVE ( 'NONE', #613, #2660, #2975, .T. ) ;
#1941 = EDGE_CURVE ( 'NONE', #1223, #1829, #1423, .T. ) ;
#1942 = LINE ( 'NONE', #3852, #681 ) ;
#1943 = CARTESIAN_POINT ( 'NONE',  ( 0.000000000000000000, 0.000000000000000000, 0.1999999999999987899 ) ) ;
#1944 = CARTESIAN_POINT ( 'NONE',  ( 4.724999999999999645, 5.999999999999999112, 3.000000000000000000 ) ) ;
#1945 = AXIS2_PLACEMENT_3D ( 'NONE', #1965, #4585, #1624 ) ;
#1946 = ORIENTED_EDGE ( 'NONE', *, *, #3669, .T. ) ;
#1947 = ORIENTED_EDGE ( 'NONE', *, *, #1210, .T. ) ;
#1948 = CARTESIAN_POINT ( 'NONE',  ( 6.200000000000001954, 8.795429631088405031, 3.160000000000000142 ) ) ;
#1949 = AXIS2_PLACEMENT_3D ( 'NONE', #2803, #4302, #981 ) ;
#1950 = LINE ( 'NONE', #4646, #2710 ) ;
#1951 = CARTESIAN_POINT ( 'NONE',  ( 8.300000000000000711, -8.299999999999998934, 0.000000000000000000 ) ) ;
#1952 = CARTESIAN_POINT ( 'NONE',  ( 2.768897801671238204E-15, -9.631380629985365260, 3.160000000000000142 ) ) ;
#1953 = CYLINDRICAL_SURFACE ( 'NONE', #4265, 1.100000000000003642 ) ;
#1954 = ORIENTED_EDGE ( 'NONE', *, *, #1782, .T. ) ;
#1955 = CARTESIAN_POINT ( 'NONE',  ( -0.01308975122489192816, -8.749999999999998224, 3.160000000000000142 ) ) ;
#1956 = EDGE_LOOP ( 'NONE', ( #1831, #4419, #1469, #3351, #1869, #4611, #2648, #19 ) ) ;
#1957 = CARTESIAN_POINT ( 'NONE',  ( -8.382241538212911180, 5.082689797444862378, 3.060000000000000053 ) ) ;
#1958 = PLANE ( 'NONE',  #2630 ) ;
#1959 = CYLINDRICAL_SURFACE ( 'NONE', #3877, 2.199999999999998845 ) ;
#1960 = CARTESIAN_POINT ( 'NONE',  ( -8.150000000000000355, 6.069672779073319369, 3.160000000000000142 ) ) ;
#1961 = EDGE_CURVE ( 'NONE', #3706, #3579, #3682, .T. ) ;
#1962 = ORIENTED_EDGE ( 'NONE', *, *, #4274, .T. ) ;
#1963 = CARTESIAN_POINT ( 'NONE',  ( 9.265388436421757135, 8.227956890226110431, 3.000000000000000000 ) ) ;
#1964 = DIRECTION ( 'NONE',  ( -1.000000000000000000, 0.000000000000000000, 0.000000000000000000 ) ) ;
#1965 = CARTESIAN_POINT ( 'NONE',  ( 0.000000000000000000, -8.849999999999999645, 3.060000000000000053 ) ) ;
#1966 = CARTESIAN_POINT ( 'NONE',  ( 8.728954401310454969, 6.234645659804268547, 3.149443720834467886 ) ) ;
#1967 = PLANE ( 'NONE',  #3483 ) ;
#1968 = PRESENTATION_LAYER_ASSIGNMENT (  '', '', ( #2682 ) ) ;
#1969 = VERTEX_POINT ( 'NONE', #362 ) ;
#1970 = VERTEX_POINT ( 'NONE', #1140 ) ;
#1971 = FACE_OUTER_BOUND ( 'NONE', #704, .T. ) ;
#1973 = DIRECTION ( 'NONE',  ( 1.000000000000000000, 0.000000000000000000, 0.000000000000000000 ) ) ;
#1972 = CARTESIAN_POINT ( 'NONE',  ( 0.000000000000000000, 0.000000000000000000, 0.1999999999999987899 ) ) ;
#1974 = CARTESIAN_POINT ( 'NONE',  ( 9.950000000000001066, -2.437047130303232761E-15, -0.2499999999999997780 ) ) ;
#1975 = ORIENTED_EDGE ( 'NONE', *, *, #1507, .T. ) ;
#1976 = LINE ( 'NONE', #123, #3174 ) ;
#1977 = CARTESIAN_POINT ( 'NONE',  ( -9.223971841786749337, 6.344512430239907630, 3.159999999999999698 ) ) ;
#1978 = VERTEX_POINT ( 'NONE', #3384 ) ;
#1979 = CARTESIAN_POINT ( 'NONE',  ( 0.02617498999416729977, -8.947397184178678131, 3.160000000000000142 ) ) ;
#1980 = LINE ( 'NONE', #1537, #364 ) ;
#1981 = PLANE ( 'NONE',  #343 ) ;
#1982 = CARTESIAN_POINT ( 'NONE',  ( 8.199638303521146199, 5.995383807974632440, 3.160000000000000142 ) ) ;
#1983 = LINE ( 'NONE', #1621, #1509 ) ;
#1984 = ORIENTED_EDGE ( 'NONE', *, *, #1582, .F. ) ;
#1985 = DIRECTION ( 'NONE',  ( -1.000000000000000000, 0.000000000000000000, 0.000000000000000000 ) ) ;
#1986 = CARTESIAN_POINT ( 'NONE',  ( 8.950000000000001066, -2.437047130303232761E-15, -0.2499999999999997780 ) ) ;
#1987 = EDGE_CURVE ( 'NONE', #1500, #4336, #2319, .T. ) ;
#1988 = CARTESIAN_POINT ( 'NONE',  ( 1.100000000000000977, -8.849999999999999645, 3.060000000000000053 ) ) ;
#1989 = ORIENTED_EDGE ( 'NONE', *, *, #342, .T. ) ;
#1990 = PLANE ( 'NONE',  #346 ) ;
#1991 = CIRCLE ( 'NONE', #3783, 2.200000000000000622 ) ;
#1992 = EDGE_CURVE ( 'NONE', #3579, #938, #1660, .T. ) ;
#1993 = AXIS2_PLACEMENT_3D ( 'NONE', #1374, #277, #302 ) ;
#1994 = CARTESIAN_POINT ( 'NONE',  ( 8.101121449966091959, 6.234645659804266771, 3.159213133238458315 ) ) ;
#1995 = EDGE_CURVE ( 'NONE', #40, #1565, #1894, .T. ) ;
#1996 = DIRECTION ( 'NONE',  ( -0.000000000000000000, -0.000000000000000000, -1.000000000000000000 ) ) ;
#1997 = AXIS2_PLACEMENT_3D ( 'NONE', #45, #1504, #1180 ) ;
#1998 = CARTESIAN_POINT ( 'NONE',  ( -7.250000000000000888, 6.082762530298216674, 3.060000000000000053 ) ) ;
#1999 = VERTEX_POINT ( 'NONE', #3022 ) ;
#2000 = VECTOR ( 'NONE', #3502, 1000.000000000000000 ) ;
#2001 = DIRECTION ( 'NONE',  ( 0.000000000000000000, 0.000000000000000000, -1.000000000000000000 ) ) ;
#2002 = DIRECTION ( 'NONE',  ( 0.000000000000000000, 0.000000000000000000, 1.000000000000000000 ) ) ;
#2003 = DIRECTION ( 'NONE',  ( 0.000000000000000000, 0.000000000000000000, -1.000000000000000000 ) ) ;
#2004 = ORIENTED_EDGE ( 'NONE', *, *, #2671, .T. ) ;
#2005 = DIRECTION ( 'NONE',  ( 0.000000000000000000, -1.000000000000000000, 0.000000000000000000 ) ) ;
#2006 = CARTESIAN_POINT ( 'NONE',  ( 6.200000000000000178, 12.84283384278765006, 3.000000000000000000 ) ) ;
#2007 = CARTESIAN_POINT ( 'NONE',  ( 8.301145523979531760, 5.384645659804266238, 3.135274456461138559 ) ) ;
#2008 = CARTESIAN_POINT ( 'NONE',  ( -10.82698101456415074, 6.375633764657963276, 3.160000000000000142 ) ) ;
#2009 = CARTESIAN_POINT ( 'NONE',  ( 7.376867445814520252, 5.577755389023187682, 3.060000000000000053 ) ) ;
#2010 = ORIENTED_EDGE ( 'NONE', *, *, #2014, .T. ) ;
#2011 = AXIS2_PLACEMENT_3D ( 'NONE', #4177, #3066, #1215 ) ;
#2012 = CARTESIAN_POINT ( 'NONE',  ( 8.101121449966091959, 5.934645659804266060, 2.860000000000000320 ) ) ;
#2013 = DIRECTION ( 'NONE',  ( 1.000000000000000000, 0.000000000000000000, 0.000000000000000000 ) ) ;
#2014 = EDGE_CURVE ( 'NONE', #1445, #2726, #4533, .T. ) ;
#2015 = AXIS2_PLACEMENT_3D ( 'NONE', #3827, #1518, #3433 ) ;
#2016 = ADVANCED_FACE ( 'NONE', ( #298 ), #2162, .F. ) ;
#2018 = DIRECTION ( 'NONE',  ( 0.000000000000000000, 0.000000000000000000, 1.000000000000000000 ) ) ;
#2017 = LINE ( 'NONE', #437, #1493 ) ;
#2019 = LINE ( 'NONE', #2369, #4710 ) ;
#2020 = EDGE_LOOP ( 'NONE', ( #1376, #567, #4442, #359, #4823 ) ) ;
#2021 = B_SPLINE_CURVE_WITH_KNOTS ( 'NONE', 3,
 ( #570, #2427, #1309, #2077 ),
 .UNSPECIFIED., .F., .F.,
 ( 4, 4 ),
 ( 1.734723475976806902E-18, 0.0003000000000000016542 ),
 .UNSPECIFIED. ) ;
#2022 = CARTESIAN_POINT ( 'NONE',  ( 7.250000000000000000, -7.250000000000000000, 0.000000000000000000 ) ) ;
#2023 = VECTOR ( 'NONE', #1586, 1000.000000000000000 ) ;
#2024 = ORIENTED_EDGE ( 'NONE', *, *, #776, .T. ) ;
#2025 = VECTOR ( 'NONE', #2456, 1000.000000000000000 ) ;
#2026 = CARTESIAN_POINT ( 'NONE',  ( -7.250000000000000888, 6.213660042547187068, 3.060000000000000053 ) ) ;
#2027 = ORIENTED_EDGE ( 'NONE', *, *, #4621, .T. ) ;
#2028 = CARTESIAN_POINT ( 'NONE',  ( 0.000000000000000000, -8.706191830659554043, 2.860000000000000320 ) ) ;
#2029 = CARTESIAN_POINT ( 'NONE',  ( 8.951121449966088051, 6.133393288409684452, 3.134423960895929895 ) ) ;
#2030 = CARTESIAN_POINT ( 'NONE',  ( -0.7996652997382098782, -8.235451737365114155, 3.060000000000000053 ) ) ;
#2031 = CARTESIAN_POINT ( 'NONE',  ( -8.170033470026179856, 6.021307704034728481, 3.160000000000000142 ) ) ;
#2032 = EDGE_LOOP ( 'NONE', ( #4583, #3127, #254, #2406, #3222, #2143, #4791, #1592, #4203 ) ) ;
#2033 = EDGE_CURVE ( 'NONE', #3624, #3156, #503, .T. ) ;
#2034 = CARTESIAN_POINT ( 'NONE',  ( 8.511749899941637665, 7.056734372084987328, 3.060000000000000053 ) ) ;
#2035 = CARTESIAN_POINT ( 'NONE',  ( -0.1492332267666492129, -9.006191830659554753, 3.159165545822005150 ) ) ;
#2036 = CARTESIAN_POINT ( 'NONE',  ( 8.511749899941637665, 7.056734372084987328, 3.060000000000000053 ) ) ;
#2037 = EDGE_CURVE ( 'NONE', #1476, #1461, #2282, .T. ) ;
#2038 = DIRECTION ( 'NONE',  ( 1.000000000000000000, 2.098455817713879566E-16, 0.000000000000000000 ) ) ;
#2039 = VERTEX_POINT ( 'NONE', #4186 ) ;
#2040 = AXIS2_PLACEMENT_3D ( 'NONE', #4217, #2345, #3835 ) ;
#2041 = CARTESIAN_POINT ( 'NONE',  ( -8.099999999999999645, 6.691550381753897270, 3.142215413614786623 ) ) ;
#2042 = CARTESIAN_POINT ( 'NONE',  ( -8.767139226530252571, 5.932762530298218095, 3.151562059502341917 ) ) ;
#2044 = DIRECTION ( 'NONE',  ( -1.000000000000000000, 0.000000000000000000, 0.000000000000000000 ) ) ;
#2043 = DIRECTION ( 'NONE',  ( -0.000000000000000000, -0.000000000000000000, 1.000000000000000000 ) ) ;
#2045 = DIRECTION ( 'NONE',  ( -0.000000000000000000, 0.000000000000000000, -1.000000000000000000 ) ) ;
#2046 = ORIENTED_EDGE ( 'NONE', *, *, #3646, .F. ) ;
#2047 = DIRECTION ( 'NONE',  ( 0.000000000000000000, 1.000000000000000000, -0.000000000000000000 ) ) ;
#2048 = CARTESIAN_POINT ( 'NONE',  ( -0.1308975122489208498, -9.850000000000001421, 3.060000000000000053 ) ) ;
#2049 = LINE ( 'NONE', #3541, #2061 ) ;
#2050 =( BOUNDED_SURFACE ( )  B_SPLINE_SURFACE ( 2, 3, ( 
 ( #3946, #2808, #3577, #1316, #578, #4731, #4346, #178, #2874, #960, #2036, #4307, #2482, #3530, #918, #3622, #3973, #1745, #2433, #599, #4777, #266, #2111, #3242, #3171, #2781, #4376, #1769, #4281, #2946, #4802, #2200, #2180, #2556 ),
 ( #3698, #333, #1419, #355, #3356, #2921, #4398, #2580, #4423, #1888, #1388, #3313, #1106, #674, #1841, #1821, #2605, #4451, #4501, #1796, #1492, #647, #4028, #4477, #1033, #6, #1464, #4822, #1441, #1863, #2249, #3676, #2529, #4132 ),
 ( #311, #3742, #2899, #3378, #3289, #2990, #380, #2629, #1010, #1085, #1060, #745, #4059, #2155, #4846, #4084, #699, #3338, #2970, #4105, #721, #3649, #2222, #291, #3718, #4608, #3788, #1982, #1571, #4155, #85, #3765, #2332, #2305 ) ),
 .UNSPECIFIED., .F., .T., .F. ) 
 B_SPLINE_SURFACE_WITH_KNOTS ( ( 3, 3 ),
 ( 4, 2, 2, 2, 2, 2, 2, 2, 2, 2, 2, 2, 2, 2, 2, 2, 4 ),
 ( 0.000000000000000000, 1.000000000000000000 ),
 ( 0.000000000000000000, 0.3926990816987241395, 0.7853981633974482790, 1.178097245096172418, 1.570796326794896558, 1.963495408493620697, 2.356194490192344837, 2.748893571891068976, 3.141592653589793116, 3.534291735288517255, 3.926990816987241395, 4.319689898685965090, 4.712388980384689674, 5.105088062083414258, 5.497787143782137953, 5.890486225480861648, 6.283185307179586232 ),
 .UNSPECIFIED. ) 
 GEOMETRIC_REPRESENTATION_ITEM ( )  RATIONAL_B_SPLINE_SURFACE ( (
 ( 1.000000000000000000, 1.000000000000000000, 1.000000000000000000, 1.000000000000000000, 1.000000000000000000, 1.000000000000000000, 1.000000000000000000, 1.000000000000000000, 1.000000000000000000, 1.000000000000000000, 1.000000000000000000, 1.000000000000000000, 1.000000000000000000, 1.000000000000000000, 1.000000000000000000, 1.000000000000000000, 1.000000000000000000, 1.000000000000000000, 1.000000000000000000, 1.000000000000000000, 1.000000000000000000, 1.000000000000000000, 1.000000000000000000, 1.000000000000000000, 1.000000000000000000, 1.000000000000000000, 1.000000000000000000, 1.000000000000000000, 1.000000000000000000, 1.000000000000000000, 1.000000000000000000, 1.000000000000000000, 1.000000000000000000, 1.000000000000000000),
 ( 0.7071067811865475727, 0.7071067811865475727, 0.7071067811865475727, 0.7071067811865475727, 0.7071067811865475727, 0.7071067811865475727, 0.7071067811865503483, 0.7071067811865503483, 0.7071067811865475727, 0.7071067811865475727, 0.7071067811865503483, 0.7071067811865503483, 0.7071067811865475727, 0.7071067811865475727, 0.7071067811865475727, 0.7071067811865475727, 0.7071067811865475727, 0.7071067811865475727, 0.7071067811865475727, 0.7071067811865475727, 0.7071067811865475727, 0.7071067811865475727, 0.7071067811865503483, 0.7071067811865503483, 0.7071067811865475727, 0.7071067811865475727, 0.7071067811865503483, 0.7071067811865503483, 0.7071067811865475727, 0.7071067811865475727, 0.7071067811865475727, 0.7071067811865475727, 0.7071067811865475727, 0.7071067811865475727),
 ( 1.000000000000000000, 1.000000000000000000, 1.000000000000000000, 1.000000000000000000, 1.000000000000000000, 1.000000000000000000, 1.000000000000000000, 1.000000000000000000, 1.000000000000000000, 1.000000000000000000, 1.000000000000000000, 1.000000000000000000, 1.000000000000000000, 1.000000000000000000, 1.000000000000000000, 1.000000000000000000, 1.000000000000000000, 1.000000000000000000, 1.000000000000000000, 1.000000000000000000, 1.000000000000000000, 1.000000000000000000, 1.000000000000000000, 1.000000000000000000, 1.000000000000000000, 1.000000000000000000, 1.000000000000000000, 1.000000000000000000, 1.000000000000000000, 1.000000000000000000, 1.000000000000000000, 1.000000000000000000, 1.000000000000000000, 1.000000000000000000) ) ) 
 REPRESENTATION_ITEM ( '' )  SURFACE ( )  );
#2051 = CARTESIAN_POINT ( 'NONE',  ( -9.123787223235826360, 5.579145565509725735, 3.060000000000000053 ) ) ;
#2052 = DIRECTION ( 'NONE',  ( 1.000000000000000000, 0.000000000000000000, 0.000000000000000000 ) ) ;
#2053 = LINE ( 'NONE', #2448, #3328 ) ;
#2054 = DIRECTION ( 'NONE',  ( -0.000000000000000000, -0.000000000000000000, 1.000000000000000000 ) ) ;
#2055 = VERTEX_POINT ( 'NONE', #4615 ) ;
#2056 = ADVANCED_FACE ( 'NONE', ( #138 ), #1576, .T. ) ;
#2057 = CARTESIAN_POINT ( 'NONE',  ( -7.449332900494682441, 6.696411852953676913, 3.059999999999998721 ) ) ;
#2058 = DIRECTION ( 'NONE',  ( 0.000000000000000000, 1.000000000000000000, -0.000000000000000000 ) ) ;
#2059 = CARTESIAN_POINT ( 'NONE',  ( 8.401121449966090893, 5.934645659804266060, 3.159228162913193305 ) ) ;
#2060 = ADVANCED_FACE ( 'NONE', ( #1265 ), #3871, .T. ) ;
#2061 = VECTOR ( 'NONE', #3934, 1000.000000000000000 ) ;
#2062 = CARTESIAN_POINT ( 'NONE',  ( 6.200000000000000178, 12.84283384278765006, 4.400000000000000355 ) ) ;
#2063 = EDGE_CURVE ( 'NONE', #2732, #983, #1551, .T. ) ;
#2064 = DIRECTION ( 'NONE',  ( 1.000000000000000000, 0.000000000000000000, 0.000000000000000000 ) ) ;
#2065 = CARTESIAN_POINT ( 'NONE',  ( -9.250000000000012434, 6.213660042547189732, 3.159999999999999698 ) ) ;
#2066 = VECTOR ( 'NONE', #2526, 1000.000000000000000 ) ;
#2067 = CARTESIAN_POINT ( 'NONE',  ( 8.101121449966091959, 0.000000000000000000, 2.860000000000000320 ) ) ;
#2068 = ORIENTED_EDGE ( 'NONE', *, *, #1731, .T. ) ;
#2069 = CARTESIAN_POINT ( 'NONE',  ( 0.000000000000000000, -8.849999999999999645, 3.160000000000000142 ) ) ;
#2070 = AXIS2_PLACEMENT_3D ( 'NONE', #2891, #1381, #3332 ) ;
#2071 = CARTESIAN_POINT ( 'NONE',  ( -0.5036169647885088141, -9.723787223235820676, 3.060000000000000053 ) ) ;
#2072 = CARTESIAN_POINT ( 'NONE',  ( -8.337378722323579794, 6.133124226777064258, 3.160000000000000142 ) ) ;
#2073 = CARTESIAN_POINT ( 'NONE',  ( 0.1507667732333506927, -9.556191830659553688, 3.132258838314112559 ) ) ;
#2074 = VECTOR ( 'NONE', #4832, 1000.000000000000000 ) ;
#2075 = CARTESIAN_POINT ( 'NONE',  ( -8.753616964788527355, 5.208975307062404525, 3.060000000000000053 ) ) ;
#2076 = DIRECTION ( 'NONE',  ( -0.000000000000000000, -0.000000000000000000, -1.000000000000000000 ) ) ;
#2077 = CARTESIAN_POINT ( 'NONE',  ( -8.099999999999999645, 6.782762530298222181, 3.132913281108372860 ) ) ;
#2078 = CARTESIAN_POINT ( 'NONE',  ( 0.5036169647885114786, -9.723787223235820676, 3.060000000000000053 ) ) ;
#2079 = ORIENTED_EDGE ( 'NONE', *, *, #3045, .T. ) ;
#2080 = FACE_BOUND ( 'NONE', #2911, .T. ) ;
#2081 = CIRCLE ( 'NONE', #4686, 0.9999999999999991118 ) ;
#2082 = EDGE_CURVE ( 'NONE', #16, #588, #1626, .T. ) ;
#2083 = CARTESIAN_POINT ( 'NONE',  ( 0.000000000000000000, -9.556191830659553688, 2.860000000000000320 ) ) ;
#2084 = CARTESIAN_POINT ( 'NONE',  ( -7.732714545427374908, 5.932762530298216319, 3.151547146657422527 ) ) ;
#2085 = B_SPLINE_CURVE_WITH_KNOTS ( 'NONE', 3,
 ( #1360, #3945, #2084, #4345 ),
 .UNSPECIFIED., .F., .F.,
 ( 4, 4 ),
 ( 0.000000000000000000, 0.0005508692980146633490 ),
 .UNSPECIFIED. ) ;
#2086 = FACE_OUTER_BOUND ( 'NONE', #1000, .T. ) ;
#2087 = EDGE_LOOP ( 'NONE', ( #261, #1573 ) ) ;
#2088 = EDGE_CURVE ( 'NONE', #1686, #4031, #3961, .T. ) ;
#2089 = EDGE_CURVE ( 'NONE', #427, #4797, #3770, .T. ) ;
#2090 = ORIENTED_EDGE ( 'NONE', *, *, #3707, .F. ) ;
#2091 = LINE ( 'NONE', #2510, #1923 ) ;
#2092 = DIRECTION ( 'NONE',  ( -0.000000000000000000, -0.000000000000000000, 1.000000000000000000 ) ) ;
#2093 = CARTESIAN_POINT ( 'NONE',  ( -7.988250100058345460, 7.056734372084978446, 3.060000000000000053 ) ) ;
#2094 = PLANE ( 'NONE',  #4150 ) ;
#2095 = ORIENTED_EDGE ( 'NONE', *, *, #1186, .F. ) ;
#2096 = DIRECTION ( 'NONE',  ( -1.000000000000000000, 0.000000000000000000, 0.000000000000000000 ) ) ;
#2097 = ORIENTED_EDGE ( 'NONE', *, *, #4111, .T. ) ;
#2098 = ORIENTED_EDGE ( 'NONE', *, *, #48, .T. ) ;
#2099 = CARTESIAN_POINT ( 'NONE',  ( -7.450334700261795895, 5.468214267663325856, 3.060000000000000053 ) ) ;
#2100 = ORIENTED_EDGE ( 'NONE', *, *, #901, .T. ) ;
#2101 = CARTESIAN_POINT ( 'NONE',  ( -8.100000000000003197, 5.565477075725594247, 3.151547146657421639 ) ) ;
#2102 = CARTESIAN_POINT ( 'NONE',  ( 0.000000000000000000, 0.000000000000000000, 0.000000000000000000 ) ) ;
#2103 = CARTESIAN_POINT ( 'NONE',  ( 0.5564039624035009846, -9.006191830659554753, 3.145198090063137553 ) ) ;
#2104 = CARTESIAN_POINT ( 'NONE',  ( -0.1492332267666857670, -8.430598304252264086, 3.152353321483966742 ) ) ;
#2105 = AXIS2_PLACEMENT_3D ( 'NONE', #2898, #4397, #1009 ) ;
#2106 = ORIENTED_EDGE ( 'NONE', *, *, #2738, .F. ) ;
#2107 = LINE ( 'NONE', #2756, #4035 ) ;
#2108 = EDGE_CURVE ( 'NONE', #2668, #1287, #3126, .T. ) ;
#2109 = CARTESIAN_POINT ( 'NONE',  ( -8.382241538212959142, 7.082689797444863267, 3.060000000000000941 ) ) ;
#2110 = DIRECTION ( 'NONE',  ( -0.000000000000000000, -0.000000000000000000, 1.000000000000000000 ) ) ;
#2111 = CARTESIAN_POINT ( 'NONE',  ( 8.753616964788532684, 5.208975307062401860, 3.060000000000000053 ) ) ;
#2112 = EDGE_LOOP ( 'NONE', ( #3385, #1510 ) ) ;
#2113 = CARTESIAN_POINT ( 'NONE',  ( -8.369984615610194467, 5.418525115168305817, 3.160000000000000142 ) ) ;
#2114 = ORIENTED_EDGE ( 'NONE', *, *, #1940, .F. ) ;
#2115 = FACE_OUTER_BOUND ( 'NONE', #1883, .T. ) ;
#2116 = LINE ( 'NONE', #1342, #4358 ) ;
#2117 = CARTESIAN_POINT ( 'NONE',  ( -9.250000000000000000, 6.082762530298216674, 3.060000000000000053 ) ) ;
#2118 = CARTESIAN_POINT ( 'NONE',  ( 12.15000000000000036, -2.437047130303232761E-15, -8.472539674441618374 ) ) ;
#2119 = CIRCLE ( 'NONE', #3531, 5.999999999999999112 ) ;
#2120 = VERTEX_POINT ( 'NONE', #871 ) ;
#2121 = EDGE_LOOP ( 'NONE', ( #314, #3623, #4377, #1363, #22, #4452, #2959, #1868, #658, #4543 ) ) ;
#2122 = CARTESIAN_POINT ( 'NONE',  ( -8.753616964788527355, 5.208975307062404525, 3.160000000000007248 ) ) ;
#2123 = DIRECTION ( 'NONE',  ( 1.320185673163182841E-16, 1.000000000000000000, 0.000000000000000000 ) ) ;
#2124 = CARTESIAN_POINT ( 'NONE',  ( -7.250000000000000000, 5.300000000000000711, -2.250000000000000000 ) ) ;
#2125 = CARTESIAN_POINT ( 'NONE',  ( -0.2617498999416648653, -9.823971841786757864, 3.060000000000000053 ) ) ;
#2126 = B_SPLINE_CURVE_WITH_KNOTS ( 'NONE', 3,
 ( #4455, #3725, #2925, #338, #682, #1470, #1448, #1825, #4482, #1090 ),
 .UNSPECIFIED., .F., .F.,
 ( 4, 3, 3, 4 ),
 ( 0.000000000000000000, 9.466573379685318495E-05, 0.0001419968429423327432, 0.0001562030659257555994 ),
 .UNSPECIFIED. ) ;
#2127 = CARTESIAN_POINT ( 'NONE',  ( 9.123340083161084024, 5.577876013772307573, 3.060000000000000053 ) ) ;
#2128 = ORIENTED_EDGE ( 'NONE', *, *, #4502, .T. ) ;
#2129 = DIRECTION ( 'NONE',  ( -1.000000000000000000, 0.000000000000000000, -0.000000000000000000 ) ) ;
#2130 = CARTESIAN_POINT ( 'NONE',  ( 7.376212776764187851, 6.586379495086747582, 3.160000000000020126 ) ) ;
#2131 = CARTESIAN_POINT ( 'NONE',  ( 4.724999999999999645, -6.000000000000002665, 0.000000000000000000 ) ) ;
#2132 = CARTESIAN_POINT ( 'NONE',  ( -0.1492332267666492129, -9.556191830659553688, 3.132292679490856990 ) ) ;
#2133 = ORIENTED_EDGE ( 'NONE', *, *, #962, .F. ) ;
#2134 = FACE_OUTER_BOUND ( 'NONE', #2485, .T. ) ;
#2135 = VERTEX_POINT ( 'NONE', #67 ) ;
#2136 = CARTESIAN_POINT ( 'NONE',  ( -8.099999999999958789, 6.416563546427849651, 3.156147842791840130 ) ) ;
#2137 = DIRECTION ( 'NONE',  ( -0.000000000000000000, 0.000000000000000000, 1.000000000000000000 ) ) ;
#2138 = EDGE_CURVE ( 'NONE', #4732, #1457, #1546, .T. ) ;
#2139 = CARTESIAN_POINT ( 'NONE',  ( 0.7007667732333509036, -8.754119970563664310, 3.133970584524473413 ) ) ;
#2140 = ORIENTED_EDGE ( 'NONE', *, *, #4534, .F. ) ;
#2141 = DIRECTION ( 'NONE',  ( 1.000000000000000000, 0.000000000000000000, 0.000000000000000000 ) ) ;
#2142 = ADVANCED_FACE ( 'NONE', ( #3049 ), #1967, .T. ) ;
#2143 = ORIENTED_EDGE ( 'NONE', *, *, #2692, .F. ) ;
#2144 = ORIENTED_EDGE ( 'NONE', *, *, #2187, .T. ) ;
#2145 = ADVANCED_FACE ( 'NONE', ( #4161 ), #2383, .T. ) ;
#2146 = CARTESIAN_POINT ( 'NONE',  ( 8.369984615610201573, 5.418525115168312922, 3.160000000000000142 ) ) ;
#2147 = CARTESIAN_POINT ( 'NONE',  ( -9.350000000000001421, 6.082762530298216674, 3.060000000000000053 ) ) ;
#2148 = CARTESIAN_POINT ( 'NONE',  ( -1.734723475976807094E-15, -33.25896765755696549, 3.160000000000000142 ) ) ;
#2149 = VECTOR ( 'NONE', #4154, 1000.000000000000000 ) ;
#2150 = VERTEX_POINT ( 'NONE', #1168 ) ;
#2151 = DIRECTION ( 'NONE',  ( -1.000000000000000000, 0.000000000000000000, 0.000000000000000000 ) ) ;
#2152 = CARTESIAN_POINT ( 'NONE',  ( 7.376212776764187851, 5.579145565509689320, 3.160000000000020126 ) ) ;
#2153 = CARTESIAN_POINT ( 'NONE',  ( 0.1507667732333506927, -8.706191830659554043, 3.159272617429881524 ) ) ;
#2154 = VECTOR ( 'NONE', #2342, 1000.000000000000000 ) ;
#2155 = CARTESIAN_POINT ( 'NONE',  ( 8.329966529973823697, 6.144217356561708421, 3.160000000000000142 ) ) ;
#2156 = VERTEX_POINT ( 'NONE', #3457 ) ;
#2157 = DIRECTION ( 'NONE',  ( -1.000000000000000000, 0.000000000000000000, 0.000000000000000000 ) ) ;
#2158 = AXIS2_PLACEMENT_3D ( 'NONE', #2239, #3732, #1881 ) ;
#2159 = ORIENTED_EDGE ( 'NONE', *, *, #3173, .T. ) ;
#2160 = ORIENTED_EDGE ( 'NONE', *, *, #4448, .F. ) ;
#2161 = AXIS2_PLACEMENT_3D ( 'NONE', #3478, #1245, #800 ) ;
#2162 = PLANE ( 'NONE',  #205 ) ;
#2163 = FACE_OUTER_BOUND ( 'NONE', #382, .T. ) ;
#2164 = B_SPLINE_CURVE_WITH_KNOTS ( 'NONE', 3,
 ( #4807, #1424, #3683, #318 ),
 .UNSPECIFIED., .F., .F.,
 ( 4, 4 ),
 ( 0.000000000000000000, 0.0005506288100216732723 ),
 .UNSPECIFIED. ) ;
#2165 = EDGE_LOOP ( 'NONE', ( #4024, #589 ) ) ;
#2166 = DIRECTION ( 'NONE',  ( -1.000000000000000000, 0.000000000000000000, 0.000000000000000000 ) ) ;
#2167 = EDGE_CURVE ( 'NONE', #3263, #3532, #4128, .T. ) ;
#2168 = EDGE_LOOP ( 'NONE', ( #1157, #1784, #308, #269 ) ) ;
#2169 = ORIENTED_EDGE ( 'NONE', *, *, #4134, .T. ) ;
#2170 = CARTESIAN_POINT ( 'NONE',  ( -7.746383035211457546, 5.208975307062409854, 3.160000000000007248 ) ) ;
#2171 = VERTEX_POINT ( 'NONE', #1600 ) ;
#2172 = CARTESIAN_POINT ( 'NONE',  ( -0.9744189818613648857, -8.589519651795772148, 3.060000000000000497 ) ) ;
#2173 = DIRECTION ( 'NONE',  ( 0.000000000000000000, 0.000000000000000000, 1.000000000000000000 ) ) ;
#2174 = CARTESIAN_POINT ( 'NONE',  ( -0.1492332267666857670, -8.339001643896558846, 3.148370834192448342 ) ) ;
#2175 = AXIS2_PLACEMENT_3D ( 'NONE', #2733, #1190, #1985 ) ;
#2176 = ORIENTED_EDGE ( 'NONE', *, *, #4333, .T. ) ;
#2177 = CARTESIAN_POINT ( 'NONE',  ( 7.551121449966091248, 5.934645659804266060, 2.860000000000000320 ) ) ;
#2178 = CARTESIAN_POINT ( 'NONE',  ( 7.276028158213233787, 6.344512430239874767, 3.159999999999980158 ) ) ;
#2179 = CARTESIAN_POINT ( 'NONE',  ( 7.551121449966093024, 6.082762530298216674, 3.134646862643943876 ) ) ;
#2180 = CARTESIAN_POINT ( 'NONE',  ( 7.249999999999997335, 5.951865018049239175, 3.060000000000000053 ) ) ;
#2181 = VERTEX_POINT ( 'NONE', #2008 ) ;
#2182 = CARTESIAN_POINT ( 'NONE',  ( 5.400000000000002132, 12.96737934951154969, -1.199999999999999956 ) ) ;
#2183 = CIRCLE ( 'NONE', #2889, 19.22081024236551983 ) ;
#2184 = EDGE_CURVE ( 'NONE', #4790, #4394, #3854, .T. ) ;
#2185 = EDGE_LOOP ( 'NONE', ( #1006, #2776, #2900, #4223 ) ) ;
#2186 = CARTESIAN_POINT ( 'NONE',  ( 5.400000000000002132, 7.250000000000000000, 0.000000000000000000 ) ) ;
#2187 = EDGE_CURVE ( 'NONE', #3317, #3263, #2760, .T. ) ;
#2188 = CARTESIAN_POINT ( 'NONE',  ( -1.000000000000000888, -8.849999999999999645, -0.6999999999999999556 ) ) ;
#2189 = CARTESIAN_POINT ( 'NONE',  ( -9.265388436421766016, 8.227956890226110431, 3.160000000000000142 ) ) ;
#2190 = ORIENTED_EDGE ( 'NONE', *, *, #1355, .T. ) ;
#2191 = EDGE_CURVE ( 'NONE', #3657, #1435, #3148, .T. ) ;
#2192 = CARTESIAN_POINT ( 'NONE',  ( -8.347397184178676710, 6.056587540304046335, 3.160000000000000142 ) ) ;
#2193 = VERTEX_POINT ( 'NONE', #3552 ) ;
#2194 = LINE ( 'NONE', #3692, #499 ) ;
#2195 = DIRECTION ( 'NONE',  ( 1.000000000000000000, -0.000000000000000000, -0.000000000000000000 ) ) ;
#2196 = VECTOR ( 'NONE', #4453, 1000.000000000000000 ) ;
#2197 = ORIENTED_EDGE ( 'NONE', *, *, #2796, .F. ) ;
#2198 = CARTESIAN_POINT ( 'NONE',  ( 8.350000000000003197, 6.095852281523113980, 3.160000000000000142 ) ) ;
#2199 = CARTESIAN_POINT ( 'NONE',  ( 7.551121449966093024, 6.166332933351281298, 3.134230629312459104 ) ) ;
#2200 = CARTESIAN_POINT ( 'NONE',  ( 7.276028158213235564, 5.821012630356563911, 3.060000000000000053 ) ) ;
#2201 = CARTESIAN_POINT ( 'NONE',  ( -0.6145482626348893751, -9.649665299738208191, 3.159999999999999698 ) ) ;
#2202 = B_SPLINE_CURVE_WITH_KNOTS ( 'NONE', 3,
 ( #4335, #4628, #948, #3912 ),
 .UNSPECIFIED., .F., .F.,
 ( 4, 4 ),
 ( 0.000000000000000000, 0.0003000000040251812037 ),
 .UNSPECIFIED. ) ;
#2203 = ORIENTED_EDGE ( 'NONE', *, *, #901, .F. ) ;
#2204 = ADVANCED_FACE ( 'NONE', ( #3601 ), #554, .F. ) ;
#2205 = ADVANCED_FACE ( 'NONE', ( #4684 ), #2829, .T. ) ;
#2206 = CARTESIAN_POINT ( 'NONE',  ( -8.099999999999999645, 6.782762530298222181, 2.860000000000000320 ) ) ;
#2207 =( LENGTH_UNIT ( ) NAMED_UNIT ( * ) SI_UNIT ( .MILLI., .METRE. ) );
#2208 = EDGE_CURVE ( 'NONE', #295, #3723, #2848, .T. ) ;
#2209 = ORIENTED_EDGE ( 'NONE', *, *, #1843, .F. ) ;
#2210 = DIRECTION ( 'NONE',  ( -0.000000000000000000, -0.000000000000000000, 1.000000000000000000 ) ) ;
#2211 = EDGE_LOOP ( 'NONE', ( #600, #2300, #3085, #4550, #518 ) ) ;
#2212 = VECTOR ( 'NONE', #2748, 1000.000000000000000 ) ;
#2213 = CARTESIAN_POINT ( 'NONE',  ( 8.951121449966096932, 6.082762530299529402, 3.134423960895940109 ) ) ;
#2214 = CARTESIAN_POINT ( 'NONE',  ( -8.300000000000000711, -8.300000000000000711, 0.000000000000000000 ) ) ;
#2215 = LINE ( 'NONE', #3713, #2787 ) ;
#2216 = ORIENTED_EDGE ( 'NONE', *, *, #2757, .F. ) ;
#2217 = CARTESIAN_POINT ( 'NONE',  ( -3.800000000000000266, 8.300000000000000711, 0.000000000000000000 ) ) ;
#2218 = ORIENTED_EDGE ( 'NONE', *, *, #3342, .F. ) ;
#2219 = CARTESIAN_POINT ( 'NONE',  ( 8.276174989994165898, 5.985365346119538188, 3.160000000000000142 ) ) ;
#2220 = DIRECTION ( 'NONE',  ( -0.000000000000000000, -0.000000000000000000, 1.000000000000000000 ) ) ;
#2221 = ADVANCED_FACE ( 'NONE', ( #3999, #2086 ), #4750, .T. ) ;
#2222 = CARTESIAN_POINT ( 'NONE',  ( 8.300361696478853801, 5.995383807974632440, 3.160000000000000142 ) ) ;
#2223 = VERTEX_POINT ( 'NONE', #2059 ) ;
#2224 = CARTESIAN_POINT ( 'NONE',  ( -9.950000000000001066, 1.218523565151616775E-15, -0.2499999999999997780 ) ) ;
#2225 = VECTOR ( 'NONE', #2772, 1000.000000000000000 ) ;
#2226 = CARTESIAN_POINT ( 'NONE',  ( 0.1000000000000009076, -8.836910248775113885, 3.160000000000000142 ) ) ;
#2227 = EDGE_CURVE ( 'NONE', #4732, #2223, #1362, .T. ) ;
#2228 = ORIENTED_EDGE ( 'NONE', *, *, #1136, .T. ) ;
#2229 = VECTOR ( 'NONE', #2047, 1000.000000000000000 ) ;
#2230 = DIRECTION ( 'NONE',  ( 0.000000000000000000, 0.000000000000000000, -1.000000000000000000 ) ) ;
#2231 = AXIS2_PLACEMENT_3D ( 'NONE', #759, #3779, #4663 ) ;
#2232 = ADVANCED_FACE ( 'NONE', ( #1338 ), #1695, .F. ) ;
#2233 = CARTESIAN_POINT ( 'NONE',  ( 0.7996652997382096562, -8.235451737365115932, 3.159999999999999698 ) ) ;
#2234 = CIRCLE ( 'NONE', #1949, 42.50896765755696549 ) ;
#2235 = ORIENTED_EDGE ( 'NONE', *, *, #15, .F. ) ;
#2236 = LINE ( 'NONE', #4215, #2632 ) ;
#2237 = CARTESIAN_POINT ( 'NONE',  ( -0.5036169647885129219, -7.976212776764178614, 3.060000000000000053 ) ) ;
#2238 = CARTESIAN_POINT ( 'NONE',  ( 8.401121449966090893, 6.784645659804266593, 3.132696012259353235 ) ) ;
#2239 = CARTESIAN_POINT ( 'NONE',  ( -9.950000000000001066, 1.218523565151616775E-15, -0.2499999999999997780 ) ) ;
#2240 = FACE_OUTER_BOUND ( 'NONE', #4581, .T. ) ;
#2241 = ORIENTED_EDGE ( 'NONE', *, *, #4652, .F. ) ;
#2242 = CARTESIAN_POINT ( 'NONE',  ( -8.400000000000000355, 0.000000000000000000, 2.860000000000000320 ) ) ;
#2243 = ORIENTED_EDGE ( 'NONE', *, *, #687, .T. ) ;
#2244 = CIRCLE ( 'NONE', #829, 2.000000000000000000 ) ;
#2245 = CARTESIAN_POINT ( 'NONE',  ( 0.1000000000000009076, -8.836910248775113885, 3.160000000000000142 ) ) ;
#2246 = VERTEX_POINT ( 'NONE', #2132 ) ;
#2247 = LINE ( 'NONE', #841, #2412 ) ;
#2248 = LINE ( 'NONE', #2604, #3511 ) ;
#2249 = CARTESIAN_POINT ( 'NONE',  ( 7.376212776764187851, 5.579145565509689320, 3.160000000000020126 ) ) ;
#2250 = EDGE_LOOP ( 'NONE', ( #4592, #2740 ) ) ;
#2251 = DIRECTION ( 'NONE',  ( -1.000000000000000000, 0.000000000000000000, -0.000000000000000000 ) ) ;
#2252 = AXIS2_PLACEMENT_3D ( 'NONE', #3475, #136, #403 ) ;
#2253 = VERTEX_POINT ( 'NONE', #4706 ) ;
#2254 = ADVANCED_FACE ( 'NONE', ( #988 ), #2050, .T. ) ;
#2255 = FACE_OUTER_BOUND ( 'NONE', #709, .T. ) ;
#2256 = CARTESIAN_POINT ( 'NONE',  ( -7.550000000000000711, 5.982753529698523032, 3.134005257820308366 ) ) ;
#2257 = AXIS2_PLACEMENT_3D ( 'NONE', #275, #1016, #1779 ) ;
#2258 = CIRCLE ( 'NONE', #3359, 2.199999999999998845 ) ;
#2259 = VERTEX_POINT ( 'NONE', #3068 ) ;
#2260 = ORIENTED_EDGE ( 'NONE', *, *, #701, .F. ) ;
#2261 = CARTESIAN_POINT ( 'NONE',  ( -0.6992332267648252442, -8.779977761304463613, 3.134358079029327282 ) ) ;
#2262 = CARTESIAN_POINT ( 'NONE',  ( 8.951121449966091603, 6.234645659804266771, 3.132757235625303061 ) ) ;
#2263 = EDGE_CURVE ( 'NONE', #4144, #2766, #893, .T. ) ;
#2264 = CYLINDRICAL_SURFACE ( 'NONE', #4551, 1.000000000000002665 ) ;
#2265 = CARTESIAN_POINT ( 'NONE',  ( 11.72500000000000142, -13.00000000000000533, 3.000000000000000000 ) ) ;
#2266 = FACE_OUTER_BOUND ( 'NONE', #722, .T. ) ;
#2267 = EDGE_CURVE ( 'NONE', #1978, #3479, #2686, .T. ) ;
#2268 = ORIENTED_EDGE ( 'NONE', *, *, #2082, .F. ) ;
#2269 = CARTESIAN_POINT ( 'NONE',  ( 0.2617498999416658090, -9.823971841786754311, 3.159999999999999698 ) ) ;
#2270 = EDGE_LOOP ( 'NONE', ( #4767, #2306, #3527, #851 ) ) ;
#2271 = CARTESIAN_POINT ( 'NONE',  ( 8.149999999999996803, 6.069672779073319369, 3.160000000000000142 ) ) ;
#2272 = ADVANCED_FACE ( 'NONE', ( #843 ), #108, .F. ) ;
#2273 = LINE ( 'NONE', #3846, #955 ) ;
#2274 = PLANE ( 'NONE',  #1534 ) ;
#2275 = ORIENTED_EDGE ( 'NONE', *, *, #3270, .T. ) ;
#2276 = CARTESIAN_POINT ( 'NONE',  ( -8.311454826263489082, 6.162729060272037707, 3.160000000000000142 ) ) ;
#2277 = MECHANICAL_DESIGN_GEOMETRIC_PRESENTATION_REPRESENTATION (  '', ( #2682 ), #461 ) ;
#2278 = VERTEX_POINT ( 'NONE', #1515 ) ;
#2279 = DIRECTION ( 'NONE',  ( 1.000000000000000000, 0.000000000000000000, 0.000000000000000000 ) ) ;
#2280 = LINE ( 'NONE', #4185, #1717 ) ;
#2281 = B_SPLINE_CURVE_WITH_KNOTS ( 'NONE', 3,
 ( #2705, #1618, #2354, #791, #4225, #3091, #4204, #54, #3450, #1957, #2330, #4153, #1936, #3427, #816, #82, #4129, #424 ),
 .UNSPECIFIED., .F., .F.,
 ( 4, 2, 2, 2, 2, 2, 2, 2, 4 ),
 ( 0.5000000000000000000, 0.5625000000000000000, 0.6250000000000000000, 0.6875000000000000000, 0.7500000000000000000, 0.8125000000000000000, 0.8750000000000000000, 0.9375000000000000000, 1.000000000000000000 ),
 .UNSPECIFIED. ) ;
#2282 = LINE ( 'NONE', #91, #1452 ) ;
#2283 = DIRECTION ( 'NONE',  ( 1.000000000000000000, 0.000000000000000000, 0.000000000000000000 ) ) ;
#2284 = CARTESIAN_POINT ( 'NONE',  ( 0.1308975122489190734, -7.849999999999998757, 3.159999999999999698 ) ) ;
#2285 = CARTESIAN_POINT ( 'NONE',  ( 8.510536015520145270, 5.108209155647767119, 3.060000000000000053 ) ) ;
#2286 = ORIENTED_EDGE ( 'NONE', *, *, #4173, .F. ) ;
#2287 = EDGE_CURVE ( 'NONE', #1476, #486, #3821, .T. ) ;
#2288 = ORIENTED_EDGE ( 'NONE', *, *, #4115, .T. ) ;
#2289 = CARTESIAN_POINT ( 'NONE',  ( 0.1507667732333506927, -8.706191830659554043, 3.159272617429881524 ) ) ;
#2290 = ADVANCED_FACE ( 'NONE', ( #4580 ), #1959, .T. ) ;
#2291 = DIRECTION ( 'NONE',  ( -1.000000000000000000, 0.000000000000000000, 0.000000000000000000 ) ) ;
#2292 = PLANE ( 'NONE',  #3044 ) ;
#2293 = CARTESIAN_POINT ( 'NONE',  ( -7.150000000000000355, 6.082762530298216674, 3.060000000000000053 ) ) ;
#2294 = ORIENTED_EDGE ( 'NONE', *, *, #3041, .T. ) ;
#2295 = DIRECTION ( 'NONE',  ( -0.000000000000000000, -0.000000000000000000, 1.000000000000000000 ) ) ;
#2296 = PLANE ( 'NONE',  #3872 ) ;
#2297 = EDGE_CURVE ( 'NONE', #24, #1919, #1188, .T. ) ;
#2298 = CARTESIAN_POINT ( 'NONE',  ( 7.642335939297344893, 6.234645659804264106, 3.142262886477070527 ) ) ;
#2299 = EDGE_CURVE ( 'NONE', #305, #1287, #4180, .T. ) ;
#2300 = ORIENTED_EDGE ( 'NONE', *, *, #4067, .T. ) ;
#2301 = CARTESIAN_POINT ( 'NONE',  ( 0.2617498999416654759, -7.876028158213236097, 3.159999999999999698 ) ) ;
#2302 = ORIENTED_EDGE ( 'NONE', *, *, #294, .F. ) ;
#2303 = DIRECTION ( 'NONE',  ( -0.000000000000000000, -0.000000000000000000, 1.000000000000000000 ) ) ;
#2304 = CARTESIAN_POINT ( 'NONE',  ( 8.369984615610201573, 5.418525115168312922, 3.160000000000000142 ) ) ;
#2305 = CARTESIAN_POINT ( 'NONE',  ( 8.149999999999996803, 6.082762530298216674, 3.160000000000000142 ) ) ;
#2306 = ORIENTED_EDGE ( 'NONE', *, *, #3390, .F. ) ;
#2307 = SURFACE_SIDE_STYLE ('',( #4107 ) ) ;
#2308 = ORIENTED_EDGE ( 'NONE', *, *, #696, .T. ) ;
#2309 = VECTOR ( 'NONE', #1007, 1000.000000000000000 ) ;
#2310 = CARTESIAN_POINT ( 'NONE',  ( -0.6992332267666493406, -8.706191830659554043, 2.860000000000000320 ) ) ;
#2311 = DIRECTION ( 'NONE',  ( -0.000000000000000000, -0.000000000000000000, 1.000000000000000000 ) ) ;
#2312 = CARTESIAN_POINT ( 'NONE',  ( 0.000000000000000000, 0.000000000000000000, 2.860000000000000320 ) ) ;
#2313 = CIRCLE ( 'NONE', #1918, 7.000000000000000000 ) ;
#2314 = EDGE_CURVE ( 'NONE', #826, #408, #4056, .T. ) ;
#2315 = ORIENTED_EDGE ( 'NONE', *, *, #1486, .F. ) ;
#2316 = EDGE_LOOP ( 'NONE', ( #96, #1816, #4237, #3271 ) ) ;
#2317 = CARTESIAN_POINT ( 'NONE',  ( -1.734723475976807094E-15, -33.25896765755696549, 3.000000000000000000 ) ) ;
#2318 = CARTESIAN_POINT ( 'NONE',  ( -8.099999999999999645, 6.232762530298224135, 3.159220816642476226 ) ) ;
#2319 = CIRCLE ( 'NONE', #1617, 19.22081024236551272 ) ;
#2320 = CARTESIAN_POINT ( 'NONE',  ( -0.1492332267666492129, -8.156191830659555109, 3.133555375039716040 ) ) ;
#2321 = ADVANCED_FACE ( 'NONE', ( #426 ), #2753, .T. ) ;
#2322 = DIRECTION ( 'NONE',  ( -1.253887771891026701E-16, -1.000000000000000000, 0.000000000000000000 ) ) ;
#2323 = CARTESIAN_POINT ( 'NONE',  ( 0.8351646544245036052, -8.299999999999998934, -0.6999999999999999556 ) ) ;
#2324 = DIRECTION ( 'NONE',  ( 6.672013369141565463E-17, -1.000000000000000000, 0.000000000000000000 ) ) ;
#2325 = EDGE_CURVE ( 'NONE', #1597, #140, #29, .T. ) ;
#2326 = CARTESIAN_POINT ( 'NONE',  ( -8.753616964788541566, 6.956549753534019942, 3.160000000000007248 ) ) ;
#2327 = ORIENTED_EDGE ( 'NONE', *, *, #3310, .T. ) ;
#2328 = CARTESIAN_POINT ( 'NONE',  ( -0.7996652997382098782, -9.464548262634885134, 3.159999999999999698 ) ) ;
#2329 = VERTEX_POINT ( 'NONE', #1217 ) ;
#2330 = CARTESIAN_POINT ( 'NONE',  ( -8.510480348204264800, 5.108343548436923065, 3.060000000000000053 ) ) ;
#2331 = LINE ( 'NONE', #4555, #2149 ) ;
#2332 = CARTESIAN_POINT ( 'NONE',  ( 8.149999999999996803, 6.069672779073319369, 3.160000000000000142 ) ) ;
#2333 = EDGE_LOOP ( 'NONE', ( #3032, #2098, #4849, #3400, #4738, #1357, #1117, #3424, #581, #3719, #4751, #4488 ) ) ;
#2334 = DIRECTION ( 'NONE',  ( -1.000000000000000000, 0.000000000000000000, 0.000000000000000000 ) ) ;
#2335 = FACE_OUTER_BOUND ( 'NONE', #4095, .T. ) ;
#2336 = CARTESIAN_POINT ( 'NONE',  ( -8.829462139125547893, 6.276042890244141859, 3.160000000000000142 ) ) ;
#2337 = DIRECTION ( 'NONE',  ( 0.000000000000000000, 0.000000000000000000, 1.000000000000000000 ) ) ;
#2338 = VECTOR ( 'NONE', #448, 1000.000000000000000 ) ;
#2339 = VERTEX_POINT ( 'NONE', #1620 ) ;
#2340 = VECTOR ( 'NONE', #3769, 1000.000000000000000 ) ;
#2341 = ORIENTED_EDGE ( 'NONE', *, *, #3462, .F. ) ;
#2342 = DIRECTION ( 'NONE',  ( 6.672013369141565463E-17, -1.000000000000000000, 0.000000000000000000 ) ) ;
#2343 = AXIS2_PLACEMENT_3D ( 'NONE', #2336, #137, #4160 ) ;
#2345 = DIRECTION ( 'NONE',  ( 0.000000000000000000, 0.000000000000000000, 1.000000000000000000 ) ) ;
#2344 = DIRECTION ( 'NONE',  ( 0.000000000000000000, 0.000000000000000000, 1.000000000000000000 ) ) ;
#2346 = CARTESIAN_POINT ( 'NONE',  ( 5.400000000000002132, 12.96737934951154969, -1.199999999999999956 ) ) ;
#2347 = CARTESIAN_POINT ( 'NONE',  ( 0.1507667732333506927, -9.556191830659553688, 2.860000000000000320 ) ) ;
#2348 = VERTEX_POINT ( 'NONE', #4206 ) ;
#2349 = FACE_OUTER_BOUND ( 'NONE', #2032, .T. ) ;
#2350 = CARTESIAN_POINT ( 'NONE',  ( -9.049665299738210322, 5.468214267663330297, 3.060000000000000053 ) ) ;
#2351 = EDGE_LOOP ( 'NONE', ( #3406, #630, #4547, #3303, #3680, #3761 ) ) ;
#2352 = CARTESIAN_POINT ( 'NONE',  ( 0.06145482626348944266, -8.770033470026179501, 3.160000000000000142 ) ) ;
#2353 = ORIENTED_EDGE ( 'NONE', *, *, #1136, .F. ) ;
#2354 = CARTESIAN_POINT ( 'NONE',  ( -7.275581018138794320, 5.822282182093765357, 3.060000000000000497 ) ) ;
#2355 = CARTESIAN_POINT ( 'NONE',  ( 8.300000000000000711, -8.299999999999998934, 0.000000000000000000 ) ) ;
#2356 = CARTESIAN_POINT ( 'NONE',  ( -0.9720779101344365625, -11.37925492083945223, 3.160000000000000142 ) ) ;
#2357 = CARTESIAN_POINT ( 'NONE',  ( -8.263089751224887536, 5.982762530298217918, 3.160000000000000142 ) ) ;
#2358 = ORIENTED_EDGE ( 'NONE', *, *, #340, .T. ) ;
#2359 = LINE ( 'NONE', #4209, #1305 ) ;
#2360 = LINE ( 'NONE', #1912, #2577 ) ;
#2361 = CARTESIAN_POINT ( 'NONE',  ( -1.000000000000000888, -8.849999999999999645, 3.104789924348640984 ) ) ;
#2362 = EDGE_CURVE ( 'NONE', #740, #1407, #2729, .T. ) ;
#2363 = ADVANCED_FACE ( 'NONE', ( #1539 ), #2274, .F. ) ;
#2364 = ORIENTED_EDGE ( 'NONE', *, *, #2669, .F. ) ;
#2365 = PLANE ( 'NONE',  #3640 ) ;
#2367 = CARTESIAN_POINT ( 'NONE',  ( 8.401121449966094445, 5.601143651765177367, 3.149314781193230051 ) ) ;
#2366 = LINE ( 'NONE', #1584, #3223 ) ;
#2368 = EDGE_CURVE ( 'NONE', #408, #1442, #3185, .T. ) ;
#2369 = CARTESIAN_POINT ( 'NONE',  ( 8.300000000000000711, 8.299999999999998934, 0.000000000000000000 ) ) ;
#2370 = EDGE_LOOP ( 'NONE', ( #70, #2762, #4575, #685 ) ) ;
#2371 = FACE_OUTER_BOUND ( 'NONE', #233, .T. ) ;
#2372 = ORIENTED_EDGE ( 'NONE', *, *, #3818, .F. ) ;
#2373 = CARTESIAN_POINT ( 'NONE',  ( -7.988250100058347236, 7.056734372084977558, 3.160000000000007248 ) ) ;
#2374 = ORIENTED_EDGE ( 'NONE', *, *, #3847, .F. ) ;
#2375 = CARTESIAN_POINT ( 'NONE',  ( 0.000000000000000000, 0.000000000000000000, 3.159999999999999698 ) ) ;
#2376 = CARTESIAN_POINT ( 'NONE',  ( 8.300000000000000711, 7.081511748070128398, 0.000000000000000000 ) ) ;
#2377 = DIRECTION ( 'NONE',  ( 1.000000000000000000, 0.000000000000000000, 0.000000000000000000 ) ) ;
#2378 = DIRECTION ( 'NONE',  ( -0.000000000000000000, -0.000000000000000000, 1.000000000000000000 ) ) ;
#2379 = FACE_OUTER_BOUND ( 'NONE', #625, .T. ) ;
#2380 = VECTOR ( 'NONE', #786, 1000.000000000000000 ) ;
#2381 = PLANE ( 'NONE',  #297 ) ;
#2382 = DIRECTION ( 'NONE',  ( 1.000000000000000000, 0.000000000000000000, 0.000000000000000000 ) ) ;
#2383 = CYLINDRICAL_SURFACE ( 'NONE', #139, 7.000000000000000000 ) ;
#2384 = EDGE_LOOP ( 'NONE', ( #4116, #3632, #1860, #2400 ) ) ;
#2385 = EDGE_CURVE ( 'NONE', #4424, #718, #4290, .T. ) ;
#2386 = DIRECTION ( 'NONE',  ( -1.000000000000000000, 0.000000000000000000, 0.000000000000000000 ) ) ;
#2387 = EDGE_LOOP ( 'NONE', ( #4248, #2997, #787, #4029, #39, #2850, #1590, #3844, #998, #903, #2530, #3926, #3691, #4695, #525, #974, #2492 ) ) ;
#2388 = DIRECTION ( 'NONE',  ( 0.000000000000000000, -0.000000000000000000, -1.000000000000000000 ) ) ;
#2389 = CIRCLE ( 'NONE', #4351, 7.000000000000000000 ) ;
#2390 = DIRECTION ( 'NONE',  ( -0.000000000000000000, -0.000000000000000000, 1.000000000000000000 ) ) ;
#2391 = VECTOR ( 'NONE', #1346, 1000.000000000000000 ) ;
#2392 = CARTESIAN_POINT ( 'NONE',  ( 8.101121449966091959, 6.784645659804266593, 2.860000000000000320 ) ) ;
#2393 = EDGE_LOOP ( 'NONE', ( #3097, #2453, #3831, #664 ) ) ;
#2394 = DIRECTION ( 'NONE',  ( -1.000000000000000000, 0.000000000000000000, 0.000000000000000000 ) ) ;
#2395 = VECTOR ( 'NONE', #162, 1000.000000000000000 ) ;
#2396 = EDGE_CURVE ( 'NONE', #2120, #2055, #236, .T. ) ;
#2397 = AXIS2_PLACEMENT_3D ( 'NONE', #2926, #4757, #2511 ) ;
#2398 = LINE ( 'NONE', #3158, #2927 ) ;
#2399 = CARTESIAN_POINT ( 'NONE',  ( -7.988250100058345460, 7.056734372084978446, 3.060000000000000053 ) ) ;
#2400 = ORIENTED_EDGE ( 'NONE', *, *, #3132, .F. ) ;
#2401 = VECTOR ( 'NONE', #3848, 1000.000000000000000 ) ;
#2402 = EDGE_CURVE ( 'NONE', #938, #3994, #2700, .T. ) ;
#2403 = DIRECTION ( 'NONE',  ( -0.000000000000000000, -0.000000000000000000, 1.000000000000000000 ) ) ;
#2404 = LINE ( 'NONE', #235, #3631 ) ;
#2405 = CARTESIAN_POINT ( 'NONE',  ( -0.9739718417867219147, -8.588250100058250069, 3.060000000000000053 ) ) ;
#2406 = ORIENTED_EDGE ( 'NONE', *, *, #3083, .F. ) ;
#2407 = CARTESIAN_POINT ( 'NONE',  ( 7.376212776764187851, 6.586379495086752911, 3.060000000000000053 ) ) ;
#2408 = CARTESIAN_POINT ( 'NONE',  ( -7.250000000000000000, 7.250000000000000000, -2.250000000000000000 ) ) ;
#2409 = DIRECTION ( 'NONE',  ( 0.000000000000000000, 0.000000000000000000, 1.000000000000000000 ) ) ;
#2410 = CARTESIAN_POINT ( 'NONE',  ( 7.275373489162902274, 5.822402806843064660, 3.060000000000000053 ) ) ;
#2411 = VERTEX_POINT ( 'NONE', #593 ) ;
#2412 = VECTOR ( 'NONE', #4578, 1000.000000000000000 ) ;
#2413 = CARTESIAN_POINT ( 'NONE',  ( 0.000000000000000000, -8.849999999999999645, 3.060000000000000053 ) ) ;
#2414 = CARTESIAN_POINT ( 'NONE',  ( 8.369984615610201573, 5.418525115168312922, 3.160000000000000142 ) ) ;
#2415 = VECTOR ( 'NONE', #2279, 1000.000000000000000 ) ;
#2416 = LINE ( 'NONE', #1250, #571 ) ;
#2417 = CARTESIAN_POINT ( 'NONE',  ( 0.000000000000000000, -8.849999999999999645, 3.060000000000000053 ) ) ;
#2418 = EDGE_LOOP ( 'NONE', ( #276, #1791 ) ) ;
#2419 = DIRECTION ( 'NONE',  ( -1.000000000000000000, 0.000000000000000000, -0.000000000000000000 ) ) ;
#2420 = AXIS2_PLACEMENT_3D ( 'NONE', #4293, #2745, #1229 ) ;
#2421 = ADVANCED_FACE ( 'NONE', ( #215 ), #1259, .F. ) ;
#2422 = CARTESIAN_POINT ( 'NONE',  ( 1.000000000000000888, -8.849999999999999645, 3.060000000000000053 ) ) ;
#2423 = EDGE_CURVE ( 'NONE', #3952, #2508, #631, .T. ) ;
#2424 = CARTESIAN_POINT ( 'NONE',  ( -7.988250100058349012, 5.108790688511454903, 3.060000000000000053 ) ) ;
#2425 = EDGE_CURVE ( 'NONE', #3969, #679, #2561, .T. ) ;
#2426 = CARTESIAN_POINT ( 'NONE',  ( 8.951121449966091603, 5.934645659804266060, 3.132839654813467156 ) ) ;
#2427 = CARTESIAN_POINT ( 'NONE',  ( -8.300023848317206188, 6.782762530298222181, 3.135097106810916578 ) ) ;
#2428 = FACE_OUTER_BOUND ( 'NONE', #3899, .T. ) ;
#2429 = ORIENTED_EDGE ( 'NONE', *, *, #4708, .F. ) ;
#2430 = EDGE_CURVE ( 'NONE', #4454, #4394, #2234, .T. ) ;
#2431 = CARTESIAN_POINT ( 'NONE',  ( 8.864548262634883713, 5.283097230560001911, 3.060000000000000053 ) ) ;
#2432 = CARTESIAN_POINT ( 'NONE',  ( -0.6992332267666493406, -9.006191830659554753, 3.132853382035026168 ) ) ;
#2433 = CARTESIAN_POINT ( 'NONE',  ( 9.223971841786765324, 5.821012630356568351, 3.060000000000000053 ) ) ;
#2434 = CIRCLE ( 'NONE', #774, 1.100000000000000311 ) ;
#2435 = CARTESIAN_POINT ( 'NONE',  ( -8.099999999999958789, 6.508374571834037781, 3.152068427962585684 ) ) ;
#2436 = CARTESIAN_POINT ( 'NONE',  ( 0.07996652997382136530, -8.911454826263488727, 3.160000000000000142 ) ) ;
#2437 = CARTESIAN_POINT ( 'NONE',  ( 7.250000000000000000, -7.250000000000000000, -2.250000000000000000 ) ) ;
#2438 = EDGE_CURVE ( 'NONE', #2766, #718, #1667, .T. ) ;
#2439 = DIRECTION ( 'NONE',  ( -0.000000000000000000, -0.000000000000000000, 1.000000000000000000 ) ) ;
#2440 = ORIENTED_EDGE ( 'NONE', *, *, #2669, .T. ) ;
#2441 = DIRECTION ( 'NONE',  ( -1.000000000000000000, 0.000000000000000000, 0.000000000000000000 ) ) ;
#2442 = EDGE_CURVE ( 'NONE', #633, #2135, #3164, .T. ) ;
#2443 = CARTESIAN_POINT ( 'NONE',  ( -8.347397184178676710, 6.108937520292387013, 3.160000000000000142 ) ) ;
#2444 = CARTESIAN_POINT ( 'NONE',  ( 0.5048308492097123290, -9.723205690372127563, 3.060000000000000497 ) ) ;
#2445 = CARTESIAN_POINT ( 'NONE',  ( -9.223971841786749337, 6.344512430239907630, 3.159999999999999698 ) ) ;
#2446 = ORIENTED_EDGE ( 'NONE', *, *, #38, .T. ) ;
#2447 = CARTESIAN_POINT ( 'NONE',  ( -6.199999999999999289, 5.000000000000000888, 3.160000000000000142 ) ) ;
#2448 = CARTESIAN_POINT ( 'NONE',  ( -0.1492332267666492129, 0.000000000000000000, 2.860000000000000320 ) ) ;
#2449 = CARTESIAN_POINT ( 'NONE',  ( 0.2619127440827626052, -9.006191830659554753, 3.158024988239093389 ) ) ;
#2450 = ADVANCED_FACE ( 'NONE', ( #2428 ), #522, .F. ) ;
#2451 = ADVANCED_FACE ( 'NONE', ( #3993 ), #208, .T. ) ;
#2452 = CARTESIAN_POINT ( 'NONE',  ( -0.1492332267666857670, -8.522405152445870158, 3.156344947431741765 ) ) ;
#2453 = ORIENTED_EDGE ( 'NONE', *, *, #3727, .T. ) ;
#2454 = FACE_OUTER_BOUND ( 'NONE', #4557, .T. ) ;
#2455 = CARTESIAN_POINT ( 'NONE',  ( 7.376212776764186962, 5.579145565509683102, 3.060000000000000053 ) ) ;
#2456 = DIRECTION ( 'NONE',  ( 1.000000000000000000, 0.000000000000000000, 0.000000000000000000 ) ) ;
#2457 = DIRECTION ( 'NONE',  ( 0.000000000000000000, 0.000000000000000000, -1.000000000000000000 ) ) ;
#2458 = ORIENTED_EDGE ( 'NONE', *, *, #549, .F. ) ;
#2459 = DIRECTION ( 'NONE',  ( -0.000000000000000000, -0.000000000000000000, 1.000000000000000000 ) ) ;
#2460 = DIRECTION ( 'NONE',  ( -0.000000000000000000, -0.000000000000000000, -1.000000000000000000 ) ) ;
#2461 = CARTESIAN_POINT ( 'NONE',  ( -8.753616964788541566, 6.956549753534022607, 3.060000000000000053 ) ) ;
#2462 = VECTOR ( 'NONE', #4798, 1000.000000000000000 ) ;
#2463 = PLANE ( 'NONE',  #3353 ) ;
#2464 = VERTEX_POINT ( 'NONE', #3137 ) ;
#2465 = CARTESIAN_POINT ( 'NONE',  ( -10.82698101456415074, 6.375633764657963276, 3.160000000000000142 ) ) ;
#2466 = CARTESIAN_POINT ( 'NONE',  ( -1.000000000000000888, -8.980897512248860792, 3.060000000000000053 ) ) ;
#2467 = EDGE_CURVE ( 'NONE', #2506, #938, #4549, .T. ) ;
#2468 = EDGE_LOOP ( 'NONE', ( #1137, #3985, #3250, #2557, #4364, #2243 ) ) ;
#2469 = AXIS2_PLACEMENT_3D ( 'NONE', #4511, #1093, #3388 ) ;
#2470 = ORIENTED_EDGE ( 'NONE', *, *, #1935, .T. ) ;
#2471 = CARTESIAN_POINT ( 'NONE',  ( -7.635451737365110070, 6.882427830036421668, 3.060000000000000053 ) ) ;
#2472 = ORIENTED_EDGE ( 'NONE', *, *, #1642, .F. ) ;
#2473 = EDGE_CURVE ( 'NONE', #624, #4790, #990, .T. ) ;
#2474 = CARTESIAN_POINT ( 'NONE',  ( -8.491897138356481634, 6.232762530298196602, 3.158314189168977215 ) ) ;
#2475 = DIRECTION ( 'NONE',  ( 0.000000000000000000, 0.000000000000000000, 1.000000000000000000 ) ) ;
#2476 = CARTESIAN_POINT ( 'NONE',  ( -7.549999999999999822, 6.232762530298220582, 3.132913281108372416 ) ) ;
#2477 = ORIENTED_EDGE ( 'NONE', *, *, #790, .T. ) ;
#2478 = DIRECTION ( 'NONE',  ( 0.000000000000000000, 0.000000000000000000, 1.000000000000000000 ) ) ;
#2479 = VECTOR ( 'NONE', #809, 1000.000000000000000 ) ;
#2480 = LINE ( 'NONE', #2006, #3278 ) ;
#2481 = LINE ( 'NONE', #598, #4789 ) ;
#2482 = CARTESIAN_POINT ( 'NONE',  ( 8.864548262634883713, 6.882427830036431438, 3.060000000000000053 ) ) ;
#2483 = EDGE_LOOP ( 'NONE', ( #4553, #2653, #303, #827 ) ) ;
#2484 = CARTESIAN_POINT ( 'NONE',  ( 0.1507667732333506927, -9.556191830659553688, 3.132258838314112559 ) ) ;
#2485 = EDGE_LOOP ( 'NONE', ( #1211, #4102, #2638, #1503, #3778, #3936, #2974, #1144 ) ) ;
#2486 = DIRECTION ( 'NONE',  ( -0.000000000000000000, -0.000000000000000000, -1.000000000000000000 ) ) ;
#2487 = DIRECTION ( 'NONE',  ( -0.000000000000000000, -0.000000000000000000, -1.000000000000000000 ) ) ;
#2488 = DIRECTION ( 'NONE',  ( -0.000000000000000000, -0.000000000000000000, 1.000000000000000000 ) ) ;
#2489 = FACE_OUTER_BOUND ( 'NONE', #1956, .T. ) ;
#2490 = ORIENTED_EDGE ( 'NONE', *, *, #716, .T. ) ;
#2491 = CARTESIAN_POINT ( 'NONE',  ( -8.949999999999999289, 6.082762530298217563, 3.134535599249993254 ) ) ;
#2492 = ORIENTED_EDGE ( 'NONE', *, *, #1019, .T. ) ;
#2493 = ORIENTED_EDGE ( 'NONE', *, *, #3729, .T. ) ;
#2494 = CARTESIAN_POINT ( 'NONE',  ( -8.152602815821323290, 6.056587540304051664, 3.160000000000000142 ) ) ;
#2495 = ORIENTED_EDGE ( 'NONE', *, *, #1750, .T. ) ;
#2496 = CARTESIAN_POINT ( 'NONE',  ( 0.9720779101344400042, -11.37925492083944867, 3.160000000000000142 ) ) ;
#2497 = DIRECTION ( 'NONE',  ( 0.000000000000000000, 0.000000000000000000, 1.000000000000000000 ) ) ;
#2498 = DIRECTION ( 'NONE',  ( 1.000000000000000000, 0.000000000000000000, 0.000000000000000000 ) ) ;
#2499 = ADVANCED_FACE ( 'NONE', ( #4650 ), #324, .T. ) ;
#2500 = AXIS2_PLACEMENT_3D ( 'NONE', #3575, #1721, #4730 ) ;
#2501 = ORIENTED_EDGE ( 'NONE', *, *, #2692, .T. ) ;
#2502 = PLANE ( 'NONE',  #3781 ) ;
#2503 = CARTESIAN_POINT ( 'NONE',  ( 8.119102487751137076, 5.082762530298214010, 3.060000000000000053 ) ) ;
#2504 = CARTESIAN_POINT ( 'NONE',  ( 0.000000000000000000, 5.382762530298221826, 2.860000000000000320 ) ) ;
#2505 = DIRECTION ( 'NONE',  ( 0.000000000000000000, 0.000000000000000000, -1.000000000000000000 ) ) ;
#2506 = VERTEX_POINT ( 'NONE', #1052 ) ;
#2507 = CARTESIAN_POINT ( 'NONE',  ( -11.72499999999999964, 1.299759593155593418, 0.000000000000000000 ) ) ;
#2508 = VERTEX_POINT ( 'NONE', #1757 ) ;
#2509 = ORIENTED_EDGE ( 'NONE', *, *, #3883, .F. ) ;
#2510 = CARTESIAN_POINT ( 'NONE',  ( 0.1507667732333506927, -8.156191830659555109, 2.860000000000000320 ) ) ;
#2511 = DIRECTION ( 'NONE',  ( 1.000000000000000000, 0.000000000000000000, 0.000000000000000000 ) ) ;
#2512 = EDGE_CURVE ( 'NONE', #3726, #140, #2183, .T. ) ;
#2513 = ADVANCED_FACE ( 'NONE', ( #3593 ), #4047, .F. ) ;
#2514 = DIRECTION ( 'NONE',  ( -1.000000000000000000, 0.000000000000000000, 0.000000000000000000 ) ) ;
#2515 = EDGE_LOOP ( 'NONE', ( #1345, #429, #2106, #1112, #956, #417, #1579, #4733, #3722, #2836 ) ) ;
#2516 = CARTESIAN_POINT ( 'NONE',  ( 9.265388436421757135, 8.227956890226110431, 3.160000000000000142 ) ) ;
#2517 = ORIENTED_EDGE ( 'NONE', *, *, #3273, .F. ) ;
#2518 = ORIENTED_EDGE ( 'NONE', *, *, #1017, .F. ) ;
#2519 = CARTESIAN_POINT ( 'NONE',  ( -8.347397184178676710, 6.108937520292387013, 3.160000000000000142 ) ) ;
#2520 = VERTEX_POINT ( 'NONE', #1809 ) ;
#2521 = CARTESIAN_POINT ( 'NONE',  ( 0.1322415382132018924, -7.849927267146640908, 3.060000000000000053 ) ) ;
#2522 = LINE ( 'NONE', #307, #1762 ) ;
#2523 = CARTESIAN_POINT ( 'NONE',  ( -1.000000000000000888, -8.719102487751140274, 3.159999999999999698 ) ) ;
#2524 = CARTESIAN_POINT ( 'NONE',  ( 0.8737872232358482316, -8.346383035211562884, 3.159999999999999698 ) ) ;
#2525 = VERTEX_POINT ( 'NONE', #4836 ) ;
#2526 = DIRECTION ( 'NONE',  ( -0.000000000000000000, -0.000000000000000000, -1.000000000000000000 ) ) ;
#2527 = CARTESIAN_POINT ( 'NONE',  ( 8.753616964788536237, 6.956549753534030600, 3.159999999999993037 ) ) ;
#2528 = CARTESIAN_POINT ( 'NONE',  ( 0.1507667732333878852, -8.430597973792412603, 3.152329484282717420 ) ) ;
#2529 = CARTESIAN_POINT ( 'NONE',  ( 7.250000000000002665, 5.951865018049240064, 3.159999999999999698 ) ) ;
#2530 = ORIENTED_EDGE ( 'NONE', *, *, #316, .T. ) ;
#2531 = CARTESIAN_POINT ( 'NONE',  ( -7.150000000000000355, 6.082762530298216674, 3.160000000000000142 ) ) ;
#2532 = ORIENTED_EDGE ( 'NONE', *, *, #2425, .T. ) ;
#2533 = CARTESIAN_POINT ( 'NONE',  ( 1.000000000000000888, -8.849999999999999645, -0.6999999999999999556 ) ) ;
#2534 = ADVANCED_FACE ( 'NONE', ( #325 ), #1430, .T. ) ;
#2535 = DIRECTION ( 'NONE',  ( 0.000000000000000000, 0.000000000000000000, 1.000000000000000000 ) ) ;
#2536 = CARTESIAN_POINT ( 'NONE',  ( -7.988250100058349012, 5.108790688511456679, 3.160000000000007248 ) ) ;
#2537 = B_SPLINE_CURVE_WITH_KNOTS ( 'NONE', 3,
 ( #1319, #1725, #182, #3272, #2851, #4783, #4756, #556, #3625, #1699 ),
 .UNSPECIFIED., .F., .F.,
 ( 4, 3, 3, 4 ),
 ( 8.673617379884034509E-19, 9.477971115514798918E-05, 0.0001421678162641456134, 0.0001500098545218019714 ),
 .UNSPECIFIED. ) ;
#2538 = DIRECTION ( 'NONE',  ( 0.000000000000000000, 0.000000000000000000, -1.000000000000000000 ) ) ;
#2539 = VERTEX_POINT ( 'NONE', #2213 ) ;
#2540 = DIRECTION ( 'NONE',  ( 1.000000000000000000, 0.000000000000000000, 0.000000000000000000 ) ) ;
#2541 = VECTOR ( 'NONE', #3309, 1000.000000000000000 ) ;
#2542 = ORIENTED_EDGE ( 'NONE', *, *, #4178, .F. ) ;
#2543 = ORIENTED_EDGE ( 'NONE', *, *, #3192, .T. ) ;
#2544 = CIRCLE ( 'NONE', #412, 0.9999999999999991118 ) ;
#2545 = CARTESIAN_POINT ( 'NONE',  ( -8.311454826263489082, 6.002796000324396530, 3.160000000000000142 ) ) ;
#2546 = CARTESIAN_POINT ( 'NONE',  ( 8.250000000000000000, 6.082762530298216674, 3.160000000000000142 ) ) ;
#2547 = LINE ( 'NONE', #3638, #4036 ) ;
#2548 = EDGE_CURVE ( 'NONE', #1092, #689, #4143, .T. ) ;
#2549 = CARTESIAN_POINT ( 'NONE',  ( 0.6145482626348902633, -9.649665299738206414, 3.159999999999999698 ) ) ;
#2550 = VECTOR ( 'NONE', #1707, 1000.000000000000000 ) ;
#2551 = VERTEX_POINT ( 'NONE', #4193 ) ;
#2552 = LINE ( 'NONE', #670, #1603 ) ;
#2553 = EDGE_CURVE ( 'NONE', #2697, #1379, #2616, .T. ) ;
#2554 = CARTESIAN_POINT ( 'NONE',  ( 8.223825010005835878, 5.985365346119538188, 3.160000000000000142 ) ) ;
#2555 = CARTESIAN_POINT ( 'NONE',  ( 7.551121449966089472, 6.200492668445553690, 3.133740578185990167 ) ) ;
#2556 = CARTESIAN_POINT ( 'NONE',  ( 7.249999999999997335, 6.082762530298216674, 3.060000000000000053 ) ) ;
#2557 = ORIENTED_EDGE ( 'NONE', *, *, #142, .T. ) ;
#2558 = PLANE ( 'NONE',  #540 ) ;
#2559 = VECTOR ( 'NONE', #748, 1000.000000000000000 ) ;
#2560 = ORIENTED_EDGE ( 'NONE', *, *, #1373, .F. ) ;
#2561 = CIRCLE ( 'NONE', #428, 2.199999999999998845 ) ;
#2562 = DIRECTION ( 'NONE',  ( -3.317786996543495766E-16, 1.000000000000000000, 0.000000000000000000 ) ) ;
#2563 = CARTESIAN_POINT ( 'NONE',  ( -9.265388436421766016, 8.227956890226110431, 3.000000000000000000 ) ) ;
#2564 = CARTESIAN_POINT ( 'NONE',  ( -7.276028158213255992, 6.344512430239911183, 3.159999999999999698 ) ) ;
#2565 = ORIENTED_EDGE ( 'NONE', *, *, #1907, .F. ) ;
#2566 = DIRECTION ( 'NONE',  ( -0.000000000000000000, -0.000000000000000000, -1.000000000000000000 ) ) ;
#2567 = ORIENTED_EDGE ( 'NONE', *, *, #1908, .T. ) ;
#2568 = CARTESIAN_POINT ( 'NONE',  ( -8.263089751224885759, 6.182762530298216319, 3.160000000000000142 ) ) ;
#2569 = CARTESIAN_POINT ( 'NONE',  ( 0.6135464628678097831, -8.049435760282412033, 3.060000000000000053 ) ) ;
#2570 = CARTESIAN_POINT ( 'NONE',  ( 9.950000000000001066, -2.437047130303232761E-15, 0.000000000000000000 ) ) ;
#2571 = EDGE_CURVE ( 'NONE', #2223, #1318, #1155, .T. ) ;
#2572 = DIRECTION ( 'NONE',  ( 0.000000000000000000, -0.000000000000000000, -1.000000000000000000 ) ) ;
#2573 = CIRCLE ( 'NONE', #3431, 2.200000000000000622 ) ;
#2574 = EDGE_CURVE ( 'NONE', #4367, #808, #4514, .T. ) ;
#2575 = VERTEX_POINT ( 'NONE', #2721 ) ;
#2576 = LINE ( 'NONE', #4081, #1679 ) ;
#2577 = VECTOR ( 'NONE', #3853, 1000.000000000000000 ) ;
#2578 = CARTESIAN_POINT ( 'NONE',  ( 8.276174989994165898, 6.180159714476896937, 3.160000000000000142 ) ) ;
#2579 = LINE ( 'NONE', #83, #2935 ) ;
#2580 = CARTESIAN_POINT ( 'NONE',  ( 7.988250100058364112, 7.056734372084986440, 3.159999999999993037 ) ) ;
#2581 = ORIENTED_EDGE ( 'NONE', *, *, #335, .T. ) ;
#2582 = DIRECTION ( 'NONE',  ( 0.000000000000000000, 0.000000000000000000, -1.000000000000000000 ) ) ;
#2583 = VECTOR ( 'NONE', #3489, 1000.000000000000000 ) ;
#2584 = CARTESIAN_POINT ( 'NONE',  ( -0.07996652997382150407, -8.788545173736510563, 3.160000000000000142 ) ) ;
#2585 = EDGE_CURVE ( 'NONE', #3299, #700, #3510, .T. ) ;
#2586 = ORIENTED_EDGE ( 'NONE', *, *, #3092, .F. ) ;
#2587 = CARTESIAN_POINT ( 'NONE',  ( -8.250000000000000000, 6.082762530298216674, -0.6999999999999999556 ) ) ;
#2588 = B_SPLINE_CURVE_WITH_KNOTS ( 'NONE', 3,
 ( #2318, #1583, #3080, #4594, #1201, #3982, #2929 ),
 .UNSPECIFIED., .F., .F.,
 ( 4, 3, 4 ),
 ( 0.000000000000000000, 0.0003280510365338099336, 0.0005507579681743209055 ),
 .UNSPECIFIED. ) ;
#2589 = CARTESIAN_POINT ( 'NONE',  ( -9.249999999999987566, 5.951865018049243616, 3.159999999999999698 ) ) ;
#2590 = ORIENTED_EDGE ( 'NONE', *, *, #1027, .F. ) ;
#2591 = DIRECTION ( 'NONE',  ( -1.000000000000000000, 0.000000000000000000, 0.000000000000000000 ) ) ;
#2592 = CARTESIAN_POINT ( 'NONE',  ( 0.9739718417867225808, -8.588250100058251846, 3.060000000000000053 ) ) ;
#2593 = EDGE_LOOP ( 'NONE', ( #1601, #1962, #2810, #531 ) ) ;
#2594 = CARTESIAN_POINT ( 'NONE',  ( -8.329966529973821920, 6.021307704034728481, 3.160000000000000142 ) ) ;
#2595 = ORIENTED_EDGE ( 'NONE', *, *, #3172, .F. ) ;
#2596 = CARTESIAN_POINT ( 'NONE',  ( -0.6136493226553295655, -8.049332900494615473, 3.060000000000000053 ) ) ;
#2597 = CARTESIAN_POINT ( 'NONE',  ( 0.000000000000000000, -8.849999999999999645, -0.6999999999999999556 ) ) ;
#2598 = AXIS2_PLACEMENT_3D ( 'NONE', #2113, #1746, #3244 ) ;
#2599 = ADVANCED_FACE ( 'NONE', ( #733 ), #2264, .T. ) ;
#2600 = CARTESIAN_POINT ( 'NONE',  ( 1.000000000000000888, -8.980897512248862569, 3.159999999999999698 ) ) ;
#2601 = DIRECTION ( 'NONE',  ( -0.000000000000000000, -0.000000000000000000, -1.000000000000000000 ) ) ;
#2602 = ORIENTED_EDGE ( 'NONE', *, *, #3606, .F. ) ;
#2603 = CARTESIAN_POINT ( 'NONE',  ( 8.199638303521146199, 5.995383807974632440, 3.160000000000000142 ) ) ;
#2604 = CARTESIAN_POINT ( 'NONE',  ( 4.724999999999999645, -13.00000000000000355, 3.000000000000000000 ) ) ;
#2605 = CARTESIAN_POINT ( 'NONE',  ( 9.250000000000003553, 6.213660042547193285, 3.159999999999999698 ) ) ;
#2606 = ORIENTED_EDGE ( 'NONE', *, *, #4562, .F. ) ;
#2607 = ADVANCED_FACE ( 'NONE', ( #3711 ), #1531, .F. ) ;
#2608 = FILL_AREA_STYLE ('',( #794 ) ) ;
#2609 = CARTESIAN_POINT ( 'NONE',  ( -0.1000000000000009076, -8.849999999999999645, 3.160000000000000142 ) ) ;
#2610 = ORIENTED_EDGE ( 'NONE', *, *, #2817, .F. ) ;
#2611 = CARTESIAN_POINT ( 'NONE',  ( -8.949999999999999289, 6.232762530298217030, 3.132913281108374193 ) ) ;
#2612 = CARTESIAN_POINT ( 'NONE',  ( -0.1000000000000009076, -8.849999999999999645, 3.160000000000000142 ) ) ;
#2613 = ORIENTED_EDGE ( 'NONE', *, *, #2362, .F. ) ;
#2614 = DIRECTION ( 'NONE',  ( -0.000000000000000000, 0.000000000000000000, 1.000000000000000000 ) ) ;
#2615 = CARTESIAN_POINT ( 'NONE',  ( 0.7996652997382107664, -8.235451737365115932, 3.060000000000000053 ) ) ;
#2616 = LINE ( 'NONE', #1926, #4637 ) ;
#2617 = ORIENTED_EDGE ( 'NONE', *, *, #3197, .F. ) ;
#2618 = CARTESIAN_POINT ( 'NONE',  ( -9.950000000000001066, 1.218523565151616775E-15, -0.2499999999999997780 ) ) ;
#2619 = CARTESIAN_POINT ( 'NONE',  ( 9.950000000000001066, -2.437047130303232761E-15, -2.250000000000000000 ) ) ;
#2620 = AXIS2_PLACEMENT_3D ( 'NONE', #763, #399, #1904 ) ;
#2621 = ORIENTED_EDGE ( 'NONE', *, *, #1347, .T. ) ;
#2622 = EDGE_CURVE ( 'NONE', #2259, #3657, #4219, .T. ) ;
#2623 = VECTOR ( 'NONE', #2038, 1000.000000000000000 ) ;
#2624 = ORIENTED_EDGE ( 'NONE', *, *, #2571, .T. ) ;
#2625 = CARTESIAN_POINT ( 'NONE',  ( -0.08737872232358272206, -8.799638303521158278, 3.160000000000000142 ) ) ;
#2626 = EDGE_LOOP ( 'NONE', ( #4528, #3134, #4135, #1020 ) ) ;
#2627 = LINE ( 'NONE', #4554, #4303 ) ;
#2628 = CARTESIAN_POINT ( 'NONE',  ( 0.1507667732333094202, -8.614302035080743991, 3.158418200332053338 ) ) ;
#2629 = CARTESIAN_POINT ( 'NONE',  ( 8.223825010005835878, 6.180159714476896937, 3.160000000000000142 ) ) ;
#2630 = AXIS2_PLACEMENT_3D ( 'NONE', #1132, #4632, #1238 ) ;
#2631 = VERTEX_POINT ( 'NONE', #1478 ) ;
#2632 = VECTOR ( 'NONE', #345, 1000.000000000000000 ) ;
#2633 = DIRECTION ( 'NONE',  ( -1.000000000000000000, -1.045014142154703367E-16, 0.000000000000000000 ) ) ;
#2634 = DIRECTION ( 'NONE',  ( 0.000000000000000000, -0.000000000000000000, -1.000000000000000000 ) ) ;
#2635 = CIRCLE ( 'NONE', #888, 6.999999999999999112 ) ;
#2636 = CIRCLE ( 'NONE', #1122, 1.100000000000003642 ) ;
#2637 = AXIS2_PLACEMENT_3D ( 'NONE', #2905, #2535, #1749 ) ;
#2638 = ORIENTED_EDGE ( 'NONE', *, *, #1446, .F. ) ;
#2639 = VECTOR ( 'NONE', #2505, 1000.000000000000000 ) ;
#2640 = EDGE_CURVE ( 'NONE', #231, #3882, #2981, .T. ) ;
#2641 = VERTEX_POINT ( 'NONE', #1899 ) ;
#2642 = CARTESIAN_POINT ( 'NONE',  ( 0.4788016823766518271, -8.706191830659554043, 3.149583403743278165 ) ) ;
#2643 = B_SPLINE_CURVE_WITH_KNOTS ( 'NONE', 3,
 ( #1892, #629, #2139, #3724 ),
 .UNSPECIFIED., .F., .F.,
 ( 4, 4 ),
 ( 0.0001561933584159667736, 0.0003000001222690582415 ),
 .UNSPECIFIED. ) ;
#2644 = CARTESIAN_POINT ( 'NONE',  ( 8.512332717134645677, 5.934645659804266948, 3.158125196851057748 ) ) ;
#2645 = ORIENTED_EDGE ( 'NONE', *, *, #33, .F. ) ;
#2646 = FACE_OUTER_BOUND ( 'NONE', #3051, .T. ) ;
#2647 = CARTESIAN_POINT ( 'NONE',  ( -7.549999999999999822, 6.232762530298220582, 3.132913281108372416 ) ) ;
#2648 = ORIENTED_EDGE ( 'NONE', *, *, #4173, .T. ) ;
#2649 = CARTESIAN_POINT ( 'NONE',  ( 9.250000000000003553, 6.082762530298216674, 3.060000000000000053 ) ) ;
#2650 = EDGE_CURVE ( 'NONE', #4316, #3962, #185, .T. ) ;
#2651 = VERTEX_POINT ( 'NONE', #2293 ) ;
#2652 = CARTESIAN_POINT ( 'NONE',  ( -0.09739718417867630762, -8.823825010005823088, 3.160000000000000142 ) ) ;
#2653 = ORIENTED_EDGE ( 'NONE', *, *, #4697, .T. ) ;
#2654 = PLANE ( 'NONE',  #2620 ) ;
#2655 = DIRECTION ( 'NONE',  ( -0.000000000000000000, -0.000000000000000000, -1.000000000000000000 ) ) ;
#2656 = DIRECTION ( 'NONE',  ( 0.000000000000000000, 0.000000000000000000, -1.000000000000000000 ) ) ;
#2657 = ORIENTED_EDGE ( 'NONE', *, *, #1425, .T. ) ;
#2658 = DIRECTION ( 'NONE',  ( 0.000000000000000000, 1.000000000000000000, -0.000000000000000000 ) ) ;
#2659 = VECTOR ( 'NONE', #2711, 1000.000000000000000 ) ;
#2660 = VERTEX_POINT ( 'NONE', #1178 ) ;
#2661 = CARTESIAN_POINT ( 'NONE',  ( 8.250000000000000000, 6.082762530298216674, -0.6999999999999999556 ) ) ;
#2662 = CARTESIAN_POINT ( 'NONE',  ( 0.000000000000000000, 0.000000000000000000, 9.500000000000000000 ) ) ;
#2663 = CARTESIAN_POINT ( 'NONE',  ( -8.100000000000019185, 2.554774573711326550E-14, 2.860000000000000320 ) ) ;
#2664 = AXIS2_PLACEMENT_3D ( 'NONE', #1974, #3908, #1251 ) ;
#2665 = CARTESIAN_POINT ( 'NONE',  ( 8.101121449966091959, 5.384645659804266238, 2.860000000000000320 ) ) ;
#2666 = EDGE_CURVE ( 'NONE', #2193, #689, #3822, .T. ) ;
#2667 = ORIENTED_EDGE ( 'NONE', *, *, #3883, .T. ) ;
#2668 = VERTEX_POINT ( 'NONE', #74 ) ;
#2669 = EDGE_CURVE ( 'NONE', #1496, #2525, #3368, .T. ) ;
#2670 = DIRECTION ( 'NONE',  ( 0.000000000000000000, 0.000000000000000000, 1.000000000000000000 ) ) ;
#2671 = EDGE_CURVE ( 'NONE', #3143, #1723, #1560, .T. ) ;
#2672 = VECTOR ( 'NONE', #1025, 1000.000000000000000 ) ;
#2673 = CARTESIAN_POINT ( 'NONE',  ( -8.829462139125547893, 6.276042890244141859, 3.160000000000000142 ) ) ;
#2674 = CARTESIAN_POINT ( 'NONE',  ( 8.300000000000000711, -8.299999999999998934, -2.250000000000000000 ) ) ;
#2675 = DIRECTION ( 'NONE',  ( 0.000000000000000000, -0.000000000000000000, -1.000000000000000000 ) ) ;
#2676 = ORIENTED_EDGE ( 'NONE', *, *, #1702, .F. ) ;
#2677 = DIRECTION ( 'NONE',  ( -0.000000000000000000, 0.000000000000000000, -1.000000000000000000 ) ) ;
#2678 = DIRECTION ( 'NONE',  ( 1.000000000000000000, 0.000000000000000000, 0.000000000000000000 ) ) ;
#2679 = ORIENTED_EDGE ( 'NONE', *, *, #3576, .F. ) ;
#2680 = ORIENTED_EDGE ( 'NONE', *, *, #3727, .F. ) ;
#2681 = CARTESIAN_POINT ( 'NONE',  ( 0.8737872232358482316, -8.346383035211562884, 3.159999999999999698 ) ) ;
#2682 = STYLED_ITEM ( 'NONE', ( #3487 ), #708 ) ;
#2683 = EDGE_LOOP ( 'NONE', ( #1837, #4673, #1561, #3759 ) ) ;
#2684 = CARTESIAN_POINT ( 'NONE',  ( 8.170033470026178080, 6.021307704034725816, 3.160000000000000142 ) ) ;
#2685 = DIRECTION ( 'NONE',  ( -1.000000000000000000, 0.000000000000000000, 0.000000000000000000 ) ) ;
#2686 = LINE ( 'NONE', #3473, #1775 ) ;
#2687 = EDGE_LOOP ( 'NONE', ( #1050, #3549, #1296, #3671 ) ) ;
#2688 = CARTESIAN_POINT ( 'NONE',  ( -8.400000000000471090, 5.456617091572831590, 3.140445226426418213 ) ) ;
#2689 = CARTESIAN_POINT ( 'NONE',  ( 7.551121449966091248, 0.000000000000000000, 2.860000000000000320 ) ) ;
#2690 = DIRECTION ( 'NONE',  ( 0.000000000000000000, 0.000000000000000000, -1.000000000000000000 ) ) ;
#2691 = ORIENTED_EDGE ( 'NONE', *, *, #2287, .T. ) ;
#2692 = EDGE_CURVE ( 'NONE', #1919, #3650, #3809, .T. ) ;
#2693 = EDGE_LOOP ( 'NONE', ( #2800, #3432 ) ) ;
#2694 = DIRECTION ( 'NONE',  ( 5.782411586589291769E-15, 1.000000000000000000, 0.000000000000000000 ) ) ;
#2695 = DIRECTION ( 'NONE',  ( 0.000000000000000000, 0.000000000000000000, -1.000000000000000000 ) ) ;
#2696 = CARTESIAN_POINT ( 'NONE',  ( 8.101121449966091959, 5.934645659804265172, 3.159250164125936955 ) ) ;
#2697 = VERTEX_POINT ( 'NONE', #4597 ) ;
#2698 = CARTESIAN_POINT ( 'NONE',  ( -0.6992332267666493406, -8.706191830659554043, 3.133123559574609196 ) ) ;
#2699 = CARTESIAN_POINT ( 'NONE',  ( 7.551121449966093024, 6.082762530298216674, 3.134646862643943876 ) ) ;
#2700 = B_SPLINE_CURVE_WITH_KNOTS ( 'NONE', 3,
 ( #3571, #3916, #547, #2476 ),
 .UNSPECIFIED., .F., .F.,
 ( 4, 4 ),
 ( 0.0001499999999715834545, 0.0003000000000000042563 ),
 .UNSPECIFIED. ) ;
#2701 = CARTESIAN_POINT ( 'NONE',  ( -7.746383035211458434, 5.208975307062411630, 3.060000000000000053 ) ) ;
#2702 = EDGE_LOOP ( 'NONE', ( #561, #352, #321, #2543, #3598, #3, #2341, #2532, #3578, #3160, #3942, #1610, #4378, #4602 ) ) ;
#2703 = CARTESIAN_POINT ( 'NONE',  ( 0.01308975122489191602, -8.749999999999998224, 3.160000000000000142 ) ) ;
#2704 = VERTEX_POINT ( 'NONE', #1206 ) ;
#2705 = CARTESIAN_POINT ( 'NONE',  ( -7.250000000000000888, 6.082762530298216674, 3.060000000000000053 ) ) ;
#2706 = DIRECTION ( 'NONE',  ( 1.000000000000000000, -1.045014142154703367E-16, 0.000000000000000000 ) ) ;
#2707 = DIRECTION ( 'NONE',  ( 0.000000000000000000, -1.000000000000000000, 0.000000000000000000 ) ) ;
#2708 = VECTOR ( 'NONE', #2403, 1000.000000000000000 ) ;
#2709 = ORIENTED_EDGE ( 'NONE', *, *, #4858, .T. ) ;
#2710 = VECTOR ( 'NONE', #3056, 1000.000000000000000 ) ;
#2711 = DIRECTION ( 'NONE',  ( -0.000000000000000000, -0.000000000000000000, -1.000000000000000000 ) ) ;
#2712 = CARTESIAN_POINT ( 'NONE',  ( 8.401121449966090893, 6.784645659804266593, 2.860000000000000320 ) ) ;
#2713 = VECTOR ( 'NONE', #2915, 1000.000000000000000 ) ;
#2714 = CARTESIAN_POINT ( 'NONE',  ( 9.250000000000003553, 6.082762530298216674, -0.6999999999999999556 ) ) ;
#2715 = VECTOR ( 'NONE', #2694, 1000.000000000000000 ) ;
#2716 = ORIENTED_EDGE ( 'NONE', *, *, #1393, .T. ) ;
#2717 = EDGE_LOOP ( 'NONE', ( #857, #3268, #4630, #2934, #1453, #3191 ) ) ;
#2718 = CARTESIAN_POINT ( 'NONE',  ( 0.1507667732333506927, 0.000000000000000000, 2.860000000000000320 ) ) ;
#2719 = AXIS2_PLACEMENT_3D ( 'NONE', #245, #4507, #2634 ) ;
#2720 = DIRECTION ( 'NONE',  ( 0.000000000000000000, 0.000000000000000000, -1.000000000000000000 ) ) ;
#2721 = CARTESIAN_POINT ( 'NONE',  ( 0.1507667732333506927, -8.706191830659554043, 2.860000000000000320 ) ) ;
#2722 = LINE ( 'NONE', #1125, #4434 ) ;
#2723 = CARTESIAN_POINT ( 'NONE',  ( -9.123787223235822808, 6.586379495086704949, 3.159999999999999698 ) ) ;
#2724 = ORIENTED_EDGE ( 'NONE', *, *, #4582, .T. ) ;
#2725 = CARTESIAN_POINT ( 'NONE',  ( -0.01308975122489209296, -8.950000000000001066, 3.160000000000000142 ) ) ;
#2726 = VERTEX_POINT ( 'NONE', #4647 ) ;
#2727 = DIRECTION ( 'NONE',  ( 0.000000000000000000, 0.000000000000000000, -1.000000000000000000 ) ) ;
#2728 = CARTESIAN_POINT ( 'NONE',  ( -4.724999999999998757, -6.000000000000000888, 0.000000000000000000 ) ) ;
#2729 = LINE ( 'NONE', #494, #1367 ) ;
#2730 = EDGE_CURVE ( 'NONE', #4270, #231, #3155, .T. ) ;
#2731 = EDGE_CURVE ( 'NONE', #231, #3919, #1556, .T. ) ;
#2732 = VERTEX_POINT ( 'NONE', #4717 ) ;
#2733 = CARTESIAN_POINT ( 'NONE',  ( 4.724999999999999645, 5.999999999999999112, 3.000000000000000000 ) ) ;
#2734 = CARTESIAN_POINT ( 'NONE',  ( 8.510441891502530609, 6.234645659804267659, 3.158094387632217614 ) ) ;
#2735 = DIRECTION ( 'NONE',  ( 0.000000000000000000, -0.000000000000000000, -1.000000000000000000 ) ) ;
#2736 = ORIENTED_EDGE ( 'NONE', *, *, #3673, .F. ) ;
#2737 = CIRCLE ( 'NONE', #2011, 1.000000000000000888 ) ;
#2738 = EDGE_CURVE ( 'NONE', #1318, #2539, #4334, .T. ) ;
#2739 = CARTESIAN_POINT ( 'NONE',  ( 5.400000000000001243, 6.050000000000000711, -1.199999999999999956 ) ) ;
#2740 = ORIENTED_EDGE ( 'NONE', *, *, #4221, .F. ) ;
#2741 = VECTOR ( 'NONE', #4359, 1000.000000000000000 ) ;
#2742 = CARTESIAN_POINT ( 'NONE',  ( 0.000000000000000000, 6.232762530298217030, 2.860000000000000320 ) ) ;
#2743 = AXIS2_PLACEMENT_3D ( 'NONE', #2662, #1625, #2382 ) ;
#2744 = DIRECTION ( 'NONE',  ( -1.000000000000000000, 0.000000000000000000, 0.000000000000000000 ) ) ;
#2745 = DIRECTION ( 'NONE',  ( 0.000000000000000000, -0.000000000000000000, 1.000000000000000000 ) ) ;
#2746 = DIRECTION ( 'NONE',  ( -1.000000000000000000, 0.000000000000000000, -0.000000000000000000 ) ) ;
#2747 = CARTESIAN_POINT ( 'NONE',  ( -7.450334700261795895, 6.697310792933107493, 3.060000000000000053 ) ) ;
#2748 = DIRECTION ( 'NONE',  ( 0.000000000000000000, 0.000000000000000000, 1.000000000000000000 ) ) ;
#2749 = CARTESIAN_POINT ( 'NONE',  ( -9.250000000000000000, 6.082762530298216674, 3.060000000000000053 ) ) ;
#2750 = EDGE_CURVE ( 'NONE', #2660, #433, #4668, .T. ) ;
#2751 = CARTESIAN_POINT ( 'NONE',  ( -6.999999999999997335, 12.61999811178220909, -1.199999999999999956 ) ) ;
#2752 = DIRECTION ( 'NONE',  ( -0.000000000000000000, -0.000000000000000000, 1.000000000000000000 ) ) ;
#2753 = PLANE ( 'NONE',  #1929 ) ;
#2754 = CYLINDRICAL_SURFACE ( 'NONE', #3094, 5.999999999999999112 ) ;
#2755 = EDGE_LOOP ( 'NONE', ( #757, #2998, #2294, #2176, #2716, #3035, #2493, #253, #3470, #3850 ) ) ;
#2756 = CARTESIAN_POINT ( 'NONE',  ( 0.000000000000000000, -8.706191830659554043, 2.860000000000000320 ) ) ;
#2757 = EDGE_CURVE ( 'NONE', #1864, #634, #1609, .T. ) ;
#2758 = LINE ( 'NONE', #1166, #3503 ) ;
#2759 = DIRECTION ( 'NONE',  ( -1.000000000000000000, 0.000000000000000000, 0.000000000000000000 ) ) ;
#2760 = LINE ( 'NONE', #1988, #3265 ) ;
#2761 = VECTOR ( 'NONE', #830, 1000.000000000000000 ) ;
#2762 = ORIENTED_EDGE ( 'NONE', *, *, #1854, .T. ) ;
#2763 = CARTESIAN_POINT ( 'NONE',  ( -9.950000000000001066, 1.218523565151616775E-15, -0.2499999999999997780 ) ) ;
#2764 = CARTESIAN_POINT ( 'NONE',  ( 8.401121449966090893, 0.000000000000000000, 2.860000000000000320 ) ) ;
#2765 = DIRECTION ( 'NONE',  ( -0.000000000000000000, -0.000000000000000000, 1.000000000000000000 ) ) ;
#2766 = VERTEX_POINT ( 'NONE', #3858 ) ;
#2767 = CARTESIAN_POINT ( 'NONE',  ( 0.7007667732333509036, -9.006191830659554753, 2.860000000000000320 ) ) ;
#2768 = CARTESIAN_POINT ( 'NONE',  ( 0.2617498999416671412, -9.823971841786757864, 3.060000000000000053 ) ) ;
#2769 = CARTESIAN_POINT ( 'NONE',  ( -0.9746265108370963937, -9.110359723455049519, 3.060000000000000053 ) ) ;
#2770 = CARTESIAN_POINT ( 'NONE',  ( -9.123787223235826360, 6.586379495086705838, 3.060000000000000053 ) ) ;
#2771 = DIRECTION ( 'NONE',  ( -0.000000000000000000, -0.000000000000000000, 1.000000000000000000 ) ) ;
#2772 = DIRECTION ( 'NONE',  ( 1.000000000000000000, 0.000000000000000000, 0.000000000000000000 ) ) ;
#2773 = DIRECTION ( 'NONE',  ( -0.000000000000000000, -0.000000000000000000, 1.000000000000000000 ) ) ;
#2774 = AXIS2_PLACEMENT_3D ( 'NONE', #154, #3548, #3142 ) ;
#2775 = PLANE ( 'NONE',  #2778 ) ;
#2776 = ORIENTED_EDGE ( 'NONE', *, *, #2325, .F. ) ;
#2777 = DIRECTION ( 'NONE',  ( 1.000000000000000000, 0.000000000000000000, 0.000000000000000000 ) ) ;
#2778 = AXIS2_PLACEMENT_3D ( 'NONE', #3190, #3307, #594 ) ;
#2779 = CARTESIAN_POINT ( 'NONE',  ( -9.250000000000000000, 6.215179934673685125, 3.060000000000000941 ) ) ;
#2780 = LINE ( 'NONE', #1315, #604 ) ;
#2781 = CARTESIAN_POINT ( 'NONE',  ( 8.119102487751137076, 5.082762530298214010, 3.060000000000000053 ) ) ;
#2782 = CIRCLE ( 'NONE', #3004, 7.249999999999999112 ) ;
#2783 = ORIENTED_EDGE ( 'NONE', *, *, #1852, .T. ) ;
#2784 = CARTESIAN_POINT ( 'NONE',  ( 7.551121449966093024, 6.082762530298216674, 3.134646862643943876 ) ) ;
#2785 = CARTESIAN_POINT ( 'NONE',  ( -6.199999999999999289, 5.000000000000000888, 4.400000000000000355 ) ) ;
#2786 = EDGE_CURVE ( 'NONE', #109, #3317, #684, .T. ) ;
#2787 = VECTOR ( 'NONE', #1857, 1000.000000000000000 ) ;
#2788 = EDGE_CURVE ( 'NONE', #2411, #2156, #3465, .T. ) ;
#2789 = DIRECTION ( 'NONE',  ( -0.000000000000000000, 0.000000000000000000, 1.000000000000000000 ) ) ;
#2790 = EDGE_CURVE ( 'NONE', #3052, #1999, #1312, .T. ) ;
#2791 = VECTOR ( 'NONE', #2210, 1000.000000000000000 ) ;
#2792 = DIRECTION ( 'NONE',  ( -0.000000000000000000, -0.000000000000000000, 1.000000000000000000 ) ) ;
#2793 = ORIENTED_EDGE ( 'NONE', *, *, #2402, .T. ) ;
#2794 = CARTESIAN_POINT ( 'NONE',  ( 1.000000000000000888, -8.849999999999999645, 3.060000000000000053 ) ) ;
#2795 = VECTOR ( 'NONE', #626, 1000.000000000000000 ) ;
#2796 = EDGE_CURVE ( 'NONE', #2135, #3994, #537, .T. ) ;
#2797 = AXIS2_PLACEMENT_3D ( 'NONE', #2742, #4645, #2388 ) ;
#2798 = ORIENTED_EDGE ( 'NONE', *, *, #2640, .T. ) ;
#2799 = CARTESIAN_POINT ( 'NONE',  ( -7.450334700261795895, 6.697310792933107493, 3.060000000000000053 ) ) ;
#2800 = ORIENTED_EDGE ( 'NONE', *, *, #455, .T. ) ;
#2801 = DIRECTION ( 'NONE',  ( -0.000000000000000000, -0.000000000000000000, -1.000000000000000000 ) ) ;
#2802 = DIRECTION ( 'NONE',  ( 1.000000000000000000, 0.000000000000000000, 0.000000000000000000 ) ) ;
#2803 = CARTESIAN_POINT ( 'NONE',  ( -1.734723475976807094E-15, -33.25896765755696549, 3.160000000000000142 ) ) ;
#2804 = CARTESIAN_POINT ( 'NONE',  ( -8.152602815821323290, 6.056587540304051664, 3.160000000000000142 ) ) ;
#2805 = ORIENTED_EDGE ( 'NONE', *, *, #3061, .T. ) ;
#2806 = CARTESIAN_POINT ( 'NONE',  ( -7.745113483474228566, 6.956102613459539619, 3.059999999999998721 ) ) ;
#2807 = CARTESIAN_POINT ( 'NONE',  ( 8.510480348204412238, 7.057181512159471204, 3.060000000000000053 ) ) ;
#2808 = CARTESIAN_POINT ( 'NONE',  ( 7.249999999999997335, 6.213660042547194173, 3.060000000000000053 ) ) ;
#2809 = ADVANCED_FACE ( 'NONE', ( #464, #1322 ), #4263, .F. ) ;
#2810 = ORIENTED_EDGE ( 'NONE', *, *, #118, .F. ) ;
#2811 = LINE ( 'NONE', #2062, #3639 ) ;
#2812 = EDGE_CURVE ( 'NONE', #4285, #1919, #2019, .T. ) ;
#2813 = DIRECTION ( 'NONE',  ( -1.000000000000000000, -5.981805089575197430E-17, 0.000000000000000000 ) ) ;
#2814 = EDGE_CURVE ( 'NONE', #474, #2551, #1632, .T. ) ;
#2815 = CARTESIAN_POINT ( 'NONE',  ( -8.300000000000000711, 1.455163221085523206, -8.472539674441618374 ) ) ;
#2816 = ORIENTED_EDGE ( 'NONE', *, *, #434, .F. ) ;
#2817 = EDGE_CURVE ( 'NONE', #3882, #3479, #167, .T. ) ;
#2818 = DIRECTION ( 'NONE',  ( -0.000000000000000000, 1.000000000000000000, 0.000000000000000000 ) ) ;
#2819 = AXIS2_PLACEMENT_3D ( 'NONE', #590, #1255, #4268 ) ;
#2820 = CARTESIAN_POINT ( 'NONE',  ( -0.2617498999416648653, -9.823971841786757864, 3.060000000000000053 ) ) ;
#2821 = CARTESIAN_POINT ( 'NONE',  ( 1.000072732853356294, -8.982241538213125764, 3.059999999999999609 ) ) ;
#2822 = CARTESIAN_POINT ( 'NONE',  ( -7.376212776764171863, 6.586379495086702285, 3.159999999999999698 ) ) ;
#2823 = DIRECTION ( 'NONE',  ( -0.000000000000000000, -0.000000000000000000, 1.000000000000000000 ) ) ;
#2824 = CARTESIAN_POINT ( 'NONE',  ( 0.1507667732333506927, -8.156191830659555109, 3.133522209644453493 ) ) ;
#2825 = CARTESIAN_POINT ( 'NONE',  ( 0.6145482626348909294, -8.050334700261794652, 3.060000000000000053 ) ) ;
#2826 = EDGE_LOOP ( 'NONE', ( #281, #3612 ) ) ;
#2827 = CARTESIAN_POINT ( 'NONE',  ( -7.250072732853351631, 6.215004068511109203, 3.059999999999998721 ) ) ;
#2828 = CARTESIAN_POINT ( 'NONE',  ( 8.863546462867530451, 6.883326770016106266, 3.060000000000000053 ) ) ;
#2829 = CYLINDRICAL_SURFACE ( 'NONE', #660, 7.249999999999999112 ) ;
#2830 = VERTEX_POINT ( 'NONE', #1994 ) ;
#2831 = EDGE_LOOP ( 'NONE', ( #4002, #2885, #3520, #174, #612, #3490 ) ) ;
#2832 = CARTESIAN_POINT ( 'NONE',  ( 7.250000000000000000, 7.250000000000000000, -1.199999999999999956 ) ) ;
#2833 = PLANE ( 'NONE',  #1614 ) ;
#2834 = EDGE_CURVE ( 'NONE', #3386, #50, #186, .T. ) ;
#2835 = CARTESIAN_POINT ( 'NONE',  ( -7.549999999999999822, 6.232762530298220582, 2.860000000000000320 ) ) ;
#2836 = ORIENTED_EDGE ( 'NONE', *, *, #1995, .F. ) ;
#2837 = CARTESIAN_POINT ( 'NONE',  ( 0.7007667732333510147, -8.849999999999996092, 3.134459308978564174 ) ) ;
#2838 = CARTESIAN_POINT ( 'NONE',  ( -0.8737872232358500080, -9.353616964788438182, 3.060000000000000053 ) ) ;
#2839 = CARTESIAN_POINT ( 'NONE',  ( 0.9744189818614275023, -9.110480348204156087, 3.060000000000000497 ) ) ;
#2840 = EDGE_LOOP ( 'NONE', ( #2590, #396, #1681, #465, #4812, #636, #4387, #3449 ) ) ;
#2841 = CARTESIAN_POINT ( 'NONE',  ( -7.250000000000000000, 6.213660042547187068, 3.159999999999999698 ) ) ;
#2842 = LINE ( 'NONE', #2751, #642 ) ;
#2843 = CARTESIAN_POINT ( 'NONE',  ( 9.950000000000001066, -2.437047130303232761E-15, 0.000000000000000000 ) ) ;
#2844 = CARTESIAN_POINT ( 'NONE',  ( -0.2617498999416627559, -7.876028158213243202, 3.060000000000000053 ) ) ;
#2845 = ORIENTED_EDGE ( 'NONE', *, *, #2138, .F. ) ;
#2846 = CARTESIAN_POINT ( 'NONE',  ( 9.250000000000003553, 6.213660042547193285, 3.060000000000000053 ) ) ;
#2847 = CARTESIAN_POINT ( 'NONE',  ( 9.224553374650447779, 6.343298545818092826, 3.060000000000000053 ) ) ;
#2848 = LINE ( 'NONE', #241, #2639 ) ;
#2849 = ORIENTED_EDGE ( 'NONE', *, *, #1726, .F. ) ;
#2850 = ORIENTED_EDGE ( 'NONE', *, *, #3678, .F. ) ;
#2851 = CARTESIAN_POINT ( 'NONE',  ( -8.950000000000001066, 6.043327671706602011, 3.134441963303722822 ) ) ;
#2852 = FACE_OUTER_BOUND ( 'NONE', #814, .T. ) ;
#2853 = AXIS2_PLACEMENT_3D ( 'NONE', #572, #4418, #3642 ) ;
#2854 = CARTESIAN_POINT ( 'NONE',  ( -9.049665299738208546, 6.697310792933106605, 3.159999999999957510 ) ) ;
#2855 = CARTESIAN_POINT ( 'NONE',  ( 7.250000000000000000, -7.250000000000000000, -2.250000000000000000 ) ) ;
#2856 = ORIENTED_EDGE ( 'NONE', *, *, #4840, .F. ) ;
#2857 = CARTESIAN_POINT ( 'NONE',  ( 0.000000000000000000, -8.849999999999999645, 3.060000000000000053 ) ) ;
#2858 = EDGE_CURVE ( 'NONE', #2704, #2246, #3513, .T. ) ;
#2859 = AXIS2_PLACEMENT_3D ( 'NONE', #1161, #2752, #28 ) ;
#2860 = ORIENTED_EDGE ( 'NONE', *, *, #2267, .T. ) ;
#2861 = AXIS2_PLACEMENT_3D ( 'NONE', #4566, #2670, #4165 ) ;
#2862 = ORIENTED_EDGE ( 'NONE', *, *, #1202, .T. ) ;
#2863 = CARTESIAN_POINT ( 'NONE',  ( -8.864548262634887266, 5.283097230560008128, 3.159999999999994369 ) ) ;
#2864 = CARTESIAN_POINT ( 'NONE',  ( -0.8005642397177668013, -8.236453537132288005, 3.060000000000000497 ) ) ;
#2865 = DIRECTION ( 'NONE',  ( -1.000000000000000000, 0.000000000000000000, 0.000000000000000000 ) ) ;
#2866 = VECTOR ( 'NONE', #4641, 1000.000000000000000 ) ;
#2867 = CARTESIAN_POINT ( 'NONE',  ( 0.9739718417867599953, -9.111749899941660402, 3.060000000000000053 ) ) ;
#2868 = VECTOR ( 'NONE', #1803, 1000.000000000000000 ) ;
#2869 = ORIENTED_EDGE ( 'NONE', *, *, #3172, .T. ) ;
#2870 = FACE_OUTER_BOUND ( 'NONE', #1164, .T. ) ;
#2871 = EDGE_CURVE ( 'NONE', #14, #305, #3133, .T. ) ;
#2872 = CARTESIAN_POINT ( 'NONE',  ( 8.380897512248866477, 7.082762530298219339, 3.060000000000000053 ) ) ;
#2873 = FACE_OUTER_BOUND ( 'NONE', #423, .T. ) ;
#2874 = CARTESIAN_POINT ( 'NONE',  ( 8.119102487751133523, 7.082762530298219339, 3.060000000000000053 ) ) ;
#2875 = ORIENTED_EDGE ( 'NONE', *, *, #1559, .F. ) ;
#2876 = EDGE_CURVE ( 'NONE', #3962, #497, #12, .T. ) ;
#2877 = PLANE ( 'NONE',  #927 ) ;
#2878 = VERTEX_POINT ( 'NONE', #209 ) ;
#2879 = CARTESIAN_POINT ( 'NONE',  ( 11.72500000000000142, -6.000000000000001776, 3.000000000000000000 ) ) ;
#2880 = DIRECTION ( 'NONE',  ( 0.000000000000000000, 0.000000000000000000, -1.000000000000000000 ) ) ;
#2881 = DIRECTION ( 'NONE',  ( 0.000000000000000000, 0.000000000000000000, -1.000000000000000000 ) ) ;
#2882 = VERTEX_POINT ( 'NONE', #1870 ) ;
#2883 = CARTESIAN_POINT ( 'NONE',  ( -8.949999999998127009, 6.159129797386956540, 3.134214713537191166 ) ) ;
#2884 = AXIS2_PLACEMENT_3D ( 'NONE', #500, #475, #1647 ) ;
#2885 = ORIENTED_EDGE ( 'NONE', *, *, #4534, .T. ) ;
#2886 = ORIENTED_EDGE ( 'NONE', *, *, #3054, .T. ) ;
#2887 = CARTESIAN_POINT ( 'NONE',  ( -8.300361696478853801, 6.170141252621798245, 3.160000000000000142 ) ) ;
#2888 = VERTEX_POINT ( 'NONE', #747 ) ;
#2889 = AXIS2_PLACEMENT_3D ( 'NONE', #2146, #713, #4768 ) ;
#2890 = CARTESIAN_POINT ( 'NONE',  ( 0.5048865165259219800, -7.976659916838842790, 3.060000000000000053 ) ) ;
#2891 = CARTESIAN_POINT ( 'NONE',  ( 8.401121449966090893, 0.000000000000000000, 2.860000000000000320 ) ) ;
#2892 = CARTESIAN_POINT ( 'NONE',  ( -0.9739718417867240241, -8.588250100058248293, 3.160000000000000142 ) ) ;
#2893 = AXIS2_PLACEMENT_3D ( 'NONE', #4104, #2220, #290 ) ;
#2894 = VERTEX_POINT ( 'NONE', #1371 ) ;
#2895 = LINE ( 'NONE', #4395, #2066 ) ;
#2896 = ADVANCED_FACE ( 'NONE', ( #3362 ), #2463, .F. ) ;
#2897 = CARTESIAN_POINT ( 'NONE',  ( 7.276028158213234676, 5.821012630356558581, 3.159999999999980158 ) ) ;
#2898 = CARTESIAN_POINT ( 'NONE',  ( 0.000000000000000000, 5.934645659804266060, 2.860000000000000320 ) ) ;
#2899 = CARTESIAN_POINT ( 'NONE',  ( 8.152602815821319737, 6.108937520292382573, 3.160000000000000142 ) ) ;
#2900 = ORIENTED_EDGE ( 'NONE', *, *, #1266, .F. ) ;
#2901 = CYLINDRICAL_SURFACE ( 'NONE', #4487, 2.200000000000000622 ) ;
#2902 = VECTOR ( 'NONE', #979, 1000.000000000000000 ) ;
#2903 = ORIENTED_EDGE ( 'NONE', *, *, #1044, .T. ) ;
#2904 = CARTESIAN_POINT ( 'NONE',  ( -8.099999999999999645, 6.782762530298222181, 3.132913281108372860 ) ) ;
#2905 = CARTESIAN_POINT ( 'NONE',  ( 0.000000000000000000, -8.849999999999999645, -0.6999999999999999556 ) ) ;
#2906 = EDGE_CURVE ( 'NONE', #1645, #662, #2643, .T. ) ;
#2907 = CARTESIAN_POINT ( 'NONE',  ( -4.724999999999998757, -6.000000000000000888, 3.000000000000000000 ) ) ;
#2908 = DIRECTION ( 'NONE',  ( -0.000000000000000000, -0.000000000000000000, 1.000000000000000000 ) ) ;
#2909 = ADVANCED_FACE ( 'NONE', ( #2489, #10 ), #4136, .T. ) ;
#2910 = ORIENTED_EDGE ( 'NONE', *, *, #4011, .F. ) ;
#2911 = EDGE_LOOP ( 'NONE', ( #538, #2606, #761, #3245 ) ) ;
#2912 = CARTESIAN_POINT ( 'NONE',  ( -8.199638303521146199, 5.995383807974635992, 3.160000000000000142 ) ) ;
#2913 = ORIENTED_EDGE ( 'NONE', *, *, #1879, .T. ) ;
#2914 = CARTESIAN_POINT ( 'NONE',  ( 0.2604803482042582496, -7.875581018138585243, 3.060000000000000053 ) ) ;
#2915 = DIRECTION ( 'NONE',  ( 1.000000000000000000, 0.000000000000000000, 0.000000000000000000 ) ) ;
#2916 = CARTESIAN_POINT ( 'NONE',  ( -0.1492332267666492129, -8.706191830659554043, 3.159287460144481141 ) ) ;
#2917 = ORIENTED_EDGE ( 'NONE', *, *, #1425, .F. ) ;
#2918 = DIRECTION ( 'NONE',  ( 0.000000000000000000, 1.000000000000000000, -0.000000000000000000 ) ) ;
#2919 = CARTESIAN_POINT ( 'NONE',  ( 8.170033470026178080, 6.144217356561708421, 3.160000000000000142 ) ) ;
#2920 = CARTESIAN_POINT ( 'NONE',  ( 8.250000000000000000, 6.082762530298216674, 0.000000000000000000 ) ) ;
#2921 = CARTESIAN_POINT ( 'NONE',  ( 7.635451737365117175, 6.882427830036433214, 3.159999999999999698 ) ) ;
#2922 = ORIENTED_EDGE ( 'NONE', *, *, #904, .T. ) ;
#2923 = ORIENTED_EDGE ( 'NONE', *, *, #2790, .T. ) ;
#2924 = ORIENTED_EDGE ( 'NONE', *, *, #2757, .T. ) ;
#2925 = CARTESIAN_POINT ( 'NONE',  ( -0.6992332267666495627, -8.943091798500645950, 3.134062484028074191 ) ) ;
#2926 = CARTESIAN_POINT ( 'NONE',  ( 8.250000000000000000, 6.082762530298216674, 3.060000000000000053 ) ) ;
#2927 = VECTOR ( 'NONE', #4670, 1000.000000000000000 ) ;
#2928 = CARTESIAN_POINT ( 'NONE',  ( -0.9739718417867240241, -8.588250100058248293, 3.160000000000000142 ) ) ;
#2929 = CARTESIAN_POINT ( 'NONE',  ( -7.549999999999999822, 6.232762530298220582, 3.132913281108372416 ) ) ;
#2930 = ADVANCED_FACE ( 'NONE', ( #3958 ), #3628, .F. ) ;
#2931 = PLANE ( 'NONE',  #4683 ) ;
#2932 = EDGE_CURVE ( 'NONE', #2888, #2878, #4112, .T. ) ;
#2933 = AXIS2_PLACEMENT_3D ( 'NONE', #4166, #2942, #2291 ) ;
#2934 = ORIENTED_EDGE ( 'NONE', *, *, #3168, .T. ) ;
#2935 = VECTOR ( 'NONE', #3093, 1000.000000000000000 ) ;
#2936 = CARTESIAN_POINT ( 'NONE',  ( -8.349999999999999645, 6.069672779073319369, 3.160000000000000142 ) ) ;
#2937 = DIRECTION ( 'NONE',  ( -1.000000000000000000, 0.000000000000000000, -0.000000000000000000 ) ) ;
#2938 = CARTESIAN_POINT ( 'NONE',  ( -8.400000000000000355, 6.782762530298222181, 2.860000000000000320 ) ) ;
#2939 = ADVANCED_FACE ( 'NONE', ( #2255 ), #4382, .T. ) ;
#2940 = AXIS2_PLACEMENT_3D ( 'NONE', #1277, #2746, #147 ) ;
#2941 = VERTEX_POINT ( 'NONE', #2994 ) ;
#2942 = DIRECTION ( 'NONE',  ( 0.000000000000000000, 0.000000000000000000, -1.000000000000000000 ) ) ;
#2943 = CARTESIAN_POINT ( 'NONE',  ( 9.123787223235828137, 5.579145565509697313, 3.160000000000020126 ) ) ;
#2944 = DIRECTION ( 'NONE',  ( 0.000000000000000000, 0.000000000000000000, -1.000000000000000000 ) ) ;
#2945 = VECTOR ( 'NONE', #772, 1000.000000000000000 ) ;
#2946 = CARTESIAN_POINT ( 'NONE',  ( 7.450334700261799448, 5.468214267663317862, 3.060000000000000053 ) ) ;
#2947 = ORIENTED_EDGE ( 'NONE', *, *, #819, .F. ) ;
#2948 = FACE_OUTER_BOUND ( 'NONE', #3292, .T. ) ;
#2949 = CIRCLE ( 'NONE', #52, 2.200000000000000622 ) ;
#2950 = ORIENTED_EDGE ( 'NONE', *, *, #505, .T. ) ;
#2951 = VERTEX_POINT ( 'NONE', #4763 ) ;
#2952 = DIRECTION ( 'NONE',  ( 0.000000000000000000, 0.000000000000000000, -1.000000000000000000 ) ) ;
#2953 = CARTESIAN_POINT ( 'NONE',  ( 8.829462139125537234, 6.276042890244137418, 3.160000000000000142 ) ) ;
#2954 = ADVANCED_FACE ( 'NONE', ( #3747 ), #383, .T. ) ;
#2955 = ORIENTED_EDGE ( 'NONE', *, *, #53, .T. ) ;
#2956 = DIRECTION ( 'NONE',  ( -0.000000000000000000, -0.000000000000000000, 1.000000000000000000 ) ) ;
#2957 = CARTESIAN_POINT ( 'NONE',  ( -1.000000000000000888, -8.849999999999999645, 3.060000000000000053 ) ) ;
#2958 = EDGE_CURVE ( 'NONE', #2464, #1171, #3275, .T. ) ;
#2959 = ORIENTED_EDGE ( 'NONE', *, *, #3590, .T. ) ;
#2960 = EDGE_CURVE ( 'NONE', #1697, #486, #35, .T. ) ;
#2961 = CARTESIAN_POINT ( 'NONE',  ( -9.049665299738210322, 5.468214267663331185, 3.159999999999994369 ) ) ;
#2962 = CARTESIAN_POINT ( 'NONE',  ( 0.8732056903721269192, -8.345169150790081147, 3.060000000000000053 ) ) ;
#2963 = LINE ( 'NONE', #4469, #2713 ) ;
#2964 = ORIENTED_EDGE ( 'NONE', *, *, #2788, .F. ) ;
#2965 = CARTESIAN_POINT ( 'NONE',  ( 8.101121449966091959, 5.384645659804266238, 2.860000000000000320 ) ) ;
#2966 = ORIENTED_EDGE ( 'NONE', *, *, #875, .T. ) ;
#2967 = AXIS2_PLACEMENT_3D ( 'NONE', #3828, #404, #2759 ) ;
#2968 = CARTESIAN_POINT ( 'NONE',  ( 8.337378722323583347, 6.032400833819362873, 3.160000000000000142 ) ) ;
#2969 = CARTESIAN_POINT ( 'NONE',  ( 0.000000000000000000, -8.849999999999999645, -0.6999999999999999556 ) ) ;
#2970 = CARTESIAN_POINT ( 'NONE',  ( 8.347397184178680263, 6.056587540304051664, 3.160000000000000142 ) ) ;
#2971 = DIRECTION ( 'NONE',  ( -0.000000000000000000, -0.000000000000000000, 1.000000000000000000 ) ) ;
#2972 = CIRCLE ( 'NONE', #1395, 7.000000000000000000 ) ;
#2973 = CARTESIAN_POINT ( 'NONE',  ( -0.9739718417867252453, -9.111749899941749220, 3.159999999999999698 ) ) ;
#2974 = ORIENTED_EDGE ( 'NONE', *, *, #4811, .F. ) ;
#2975 = LINE ( 'NONE', #4089, #4445 ) ;
#2976 = CARTESIAN_POINT ( 'NONE',  ( 0.000000000000000000, 0.000000000000000000, 0.000000000000000000 ) ) ;
#2977 = CARTESIAN_POINT ( 'NONE',  ( -0.06145482626348926919, -8.929966529973821565, 3.160000000000000142 ) ) ;
#2978 = ADVANCED_FACE ( 'NONE', ( #997, #4331, #944, #586 ), #2094, .F. ) ;
#2979 = EDGE_LOOP ( 'NONE', ( #4060, #2987, #1282, #2 ) ) ;
#2980 = CARTESIAN_POINT ( 'NONE',  ( -0.6992332267648252442, -8.816874591399248118, 3.134533096132246399 ) ) ;
#2981 = LINE ( 'NONE', #1502, #1066 ) ;
#2982 = CARTESIAN_POINT ( 'NONE',  ( 8.951121449966091603, 5.934645659804266060, 2.860000000000000320 ) ) ;
#2983 = CARTESIAN_POINT ( 'NONE',  ( -8.250000000000000000, 6.082762530298216674, 3.060000000000000053 ) ) ;
#2984 = CARTESIAN_POINT ( 'NONE',  ( -0.2617498999416639771, -9.823971841786754311, 3.159999999999999698 ) ) ;
#2985 = ORIENTED_EDGE ( 'NONE', *, *, #4101, .F. ) ;
#2986 = CARTESIAN_POINT ( 'NONE',  ( 0.7996652997382096562, -8.235451737365115932, 3.159999999999999698 ) ) ;
#2987 = ORIENTED_EDGE ( 'NONE', *, *, #790, .F. ) ;
#2988 = CARTESIAN_POINT ( 'NONE',  ( 7.249999999999997335, 6.082762530298216674, 3.159999999999999698 ) ) ;
#2989 = CARTESIAN_POINT ( 'NONE',  ( -0.5163682353332385011, -8.706191830659554043, 3.151690029611085020 ) ) ;
#2990 = CARTESIAN_POINT ( 'NONE',  ( 8.188545173736509142, 6.162729060272040371, 3.160000000000000142 ) ) ;
#2991 = CARTESIAN_POINT ( 'NONE',  ( -1.000000000000000888, -8.850000000000001421, 3.159999999999999698 ) ) ;
#2992 = ORIENTED_EDGE ( 'NONE', *, *, #541, .F. ) ;
#2993 = ORIENTED_EDGE ( 'NONE', *, *, #796, .F. ) ;
#2994 = CARTESIAN_POINT ( 'NONE',  ( -11.72499999999999964, -1.299759593155593418, 1.899999999999999689 ) ) ;
#2995 = CARTESIAN_POINT ( 'NONE',  ( 7.249999999999997335, 6.082762530298216674, 3.104821627728298505 ) ) ;
#2996 = CARTESIAN_POINT ( 'NONE',  ( -0.1000000000000009076, -8.863089751224887181, 3.160000000000000142 ) ) ;
#2997 = ORIENTED_EDGE ( 'NONE', *, *, #4480, .F. ) ;
#2998 = ORIENTED_EDGE ( 'NONE', *, *, #1177, .F. ) ;
#2999 = CARTESIAN_POINT ( 'NONE',  ( 3.500000000000000000, 0.000000000000000000, 0.2000000000000000111 ) ) ;
#3000 = VECTOR ( 'NONE', #1434, 1000.000000000000000 ) ;
#3001 = CARTESIAN_POINT ( 'NONE',  ( -7.250000000000000000, -7.250000000000000888, -1.199999999999999956 ) ) ;
#3002 = PLANE ( 'NONE',  #1850 ) ;
#3003 = FACE_OUTER_BOUND ( 'NONE', #3867, .T. ) ;
#3004 = AXIS2_PLACEMENT_3D ( 'NONE', #2375, #3595, #1687 ) ;
#3005 = ORIENTED_EDGE ( 'NONE', *, *, #3371, .F. ) ;
#3006 = LINE ( 'NONE', #1931, #3000 ) ;
#3007 = VERTEX_POINT ( 'NONE', #228 ) ;
#3008 = CARTESIAN_POINT ( 'NONE',  ( -0.1308975122489191845, -7.849999999999998757, 3.159999999999999698 ) ) ;
#3009 = EDGE_LOOP ( 'NONE', ( #1276, #4213, #1489, #4068 ) ) ;
#3010 = EDGE_CURVE ( 'NONE', #295, #3978, #4736, .T. ) ;
#3011 = CARTESIAN_POINT ( 'NONE',  ( 2.768897801671238204E-15, -9.631380629985365260, 3.000000000000000000 ) ) ;
#3012 = DIRECTION ( 'NONE',  ( -0.000000000000000000, -0.000000000000000000, -1.000000000000000000 ) ) ;
#3013 = CARTESIAN_POINT ( 'NONE',  ( -8.300000000000000711, 5.299999999999999822, 0.000000000000000000 ) ) ;
#3014 = DIRECTION ( 'NONE',  ( 0.000000000000000000, 0.000000000000000000, -1.000000000000000000 ) ) ;
#3015 = AXIS2_PLACEMENT_3D ( 'NONE', #817, #3012, #2685 ) ;
#3016 = ORIENTED_EDGE ( 'NONE', *, *, #394, .F. ) ;
#3017 = EDGE_CURVE ( 'NONE', #2329, #3454, #4786, .T. ) ;
#3018 = AXIS2_PLACEMENT_3D ( 'NONE', #4720, #3515, #2096 ) ;
#3019 = EDGE_CURVE ( 'NONE', #427, #2039, #3737, .T. ) ;
#3020 = DIRECTION ( 'NONE',  ( -6.672013369141565463E-17, 1.000000000000000000, 0.000000000000000000 ) ) ;
#3021 = CARTESIAN_POINT ( 'NONE',  ( 7.551121449966091248, 5.934645659804266060, 2.860000000000000320 ) ) ;
#3022 = CARTESIAN_POINT ( 'NONE',  ( 10.94999999999999929, -2.314582450388497219E-15, -0.2499999999999997780 ) ) ;
#3023 = VECTOR ( 'NONE', #3533, 1000.000000000000000 ) ;
#3024 = VECTOR ( 'NONE', #2092, 1000.000000000000000 ) ;
#3025 = CARTESIAN_POINT ( 'NONE',  ( -0.1308975122489191845, -7.849999999999998757, 3.159999999999999698 ) ) ;
#3026 = ORIENTED_EDGE ( 'NONE', *, *, #335, .F. ) ;
#3027 = VECTOR ( 'NONE', #3403, 1000.000000000000000 ) ;
#3028 = ORIENTED_EDGE ( 'NONE', *, *, #3132, .T. ) ;
#3029 = DIRECTION ( 'NONE',  ( -0.000000000000000000, -0.000000000000000000, -1.000000000000000000 ) ) ;
#3030 = DIRECTION ( 'NONE',  ( -0.000000000000000000, -0.000000000000000000, 1.000000000000000000 ) ) ;
#3031 = CARTESIAN_POINT ( 'NONE',  ( 7.917457483071684621, 5.934645659804267837, 3.157468431796536912 ) ) ;
#3032 = ORIENTED_EDGE ( 'NONE', *, *, #4013, .T. ) ;
#3033 = LINE ( 'NONE', #2982, #4617 ) ;
#3034 = CARTESIAN_POINT ( 'NONE',  ( 7.551121449970074728, 6.065078476187180989, 3.134646862644206333 ) ) ;
#3035 = ORIENTED_EDGE ( 'NONE', *, *, #4831, .F. ) ;
#3036 = ORIENTED_EDGE ( 'NONE', *, *, #1267, .T. ) ;
#3037 = CARTESIAN_POINT ( 'NONE',  ( -1.000000000000000888, -8.850000000000001421, 3.159999999999999698 ) ) ;
#3038 = ORIENTED_EDGE ( 'NONE', *, *, #4494, .T. ) ;
#3039 = LINE ( 'NONE', #1160, #1677 ) ;
#3040 = DIRECTION ( 'NONE',  ( 1.000000000000000000, 0.000000000000000000, 0.000000000000000000 ) ) ;
#3041 = EDGE_CURVE ( 'NONE', #4860, #4360, #4003, .T. ) ;
#3042 = DIRECTION ( 'NONE',  ( -1.000000000000000000, 0.000000000000000000, -0.000000000000000000 ) ) ;
#3043 = ORIENTED_EDGE ( 'NONE', *, *, #4067, .F. ) ;
#3044 = AXIS2_PLACEMENT_3D ( 'NONE', #2346, #3836, #4168 ) ;
#3045 = EDGE_CURVE ( 'NONE', #497, #1379, #1399, .T. ) ;
#3046 = VERTEX_POINT ( 'NONE', #3501 ) ;
#3047 = CYLINDRICAL_SURFACE ( 'NONE', #1945, 1.100000000000000977 ) ;
#3048 = CARTESIAN_POINT ( 'NONE',  ( 5.400000000000001243, 7.250000000000000000, -1.199999999999999956 ) ) ;
#3049 = FACE_OUTER_BOUND ( 'NONE', #4188, .T. ) ;
#3050 = VECTOR ( 'NONE', #2773, 1000.000000000000000 ) ;
#3051 = EDGE_LOOP ( 'NONE', ( #940, #797, #2144, #729 ) ) ;
#3052 = VERTEX_POINT ( 'NONE', #1986 ) ;
#3053 = FACE_OUTER_BOUND ( 'NONE', #2393, .T. ) ;
#3054 = EDGE_CURVE ( 'NONE', #2411, #3745, #66, .T. ) ;
#3056 = DIRECTION ( 'NONE',  ( -0.000000000000000000, -0.000000000000000000, 1.000000000000000000 ) ) ;
#3055 = CARTESIAN_POINT ( 'NONE',  ( 0.8351646544245036052, -8.299999999999998934, 0.000000000000000000 ) ) ;
#3057 = EDGE_CURVE ( 'NONE', #3592, #1939, #849, .T. ) ;
#3058 = CARTESIAN_POINT ( 'NONE',  ( 5.400000000000002132, 12.96737934951154969, -1.199999999999999956 ) ) ;
#3059 = CARTESIAN_POINT ( 'NONE',  ( 0.7007667732333510147, -8.849999999999996092, 3.134459308978564174 ) ) ;
#3060 = CARTESIAN_POINT ( 'NONE',  ( -11.72499999999999964, -1.299759593155596749, 0.000000000000000000 ) ) ;
#3061 = EDGE_CURVE ( 'NONE', #2193, #4285, #2360, .T. ) ;
#3062 = CARTESIAN_POINT ( 'NONE',  ( -7.250000000000000888, 5.951865018049247169, 3.060000000000000053 ) ) ;
#3063 = ORIENTED_EDGE ( 'NONE', *, *, #2512, .F. ) ;
#3064 = CARTESIAN_POINT ( 'NONE',  ( 0.5036169647885114786, -7.976212776764185719, 3.159999999999999698 ) ) ;
#3065 = EDGE_LOOP ( 'NONE', ( #3379, #1737 ) ) ;
#3066 = DIRECTION ( 'NONE',  ( 0.000000000000000000, 0.000000000000000000, -1.000000000000000000 ) ) ;
#3067 = CARTESIAN_POINT ( 'NONE',  ( -1.100000000000000977, -8.849999999999999645, 3.160000000000000142 ) ) ;
#3068 = CARTESIAN_POINT ( 'NONE',  ( -6.200000000000000178, 12.84283384278765006, 4.400000000000000355 ) ) ;
#3069 = CARTESIAN_POINT ( 'NONE',  ( -8.150000000000000355, 6.095852281523113980, 3.160000000000000142 ) ) ;
#3070 = ORIENTED_EDGE ( 'NONE', *, *, #1995, .T. ) ;
#3071 = DIRECTION ( 'NONE',  ( 0.000000000000000000, 0.000000000000000000, -1.000000000000000000 ) ) ;
#3072 = DIRECTION ( 'NONE',  ( 1.000000000000000000, 0.000000000000000000, 0.000000000000000000 ) ) ;
#3073 = EDGE_CURVE ( 'NONE', #4336, #1334, #602, .T. ) ;
#3074 = DIRECTION ( 'NONE',  ( -0.000000000000000000, 0.000000000000000000, 1.000000000000000000 ) ) ;
#3075 = CARTESIAN_POINT ( 'NONE',  ( -7.250000000000000000, -7.250000000000000888, -2.250000000000000000 ) ) ;
#3076 = CARTESIAN_POINT ( 'NONE',  ( 7.745113483474082905, 5.209422447137038503, 3.060000000000000053 ) ) ;
#3077 = ORIENTED_EDGE ( 'NONE', *, *, #4406, .T. ) ;
#3078 = ORIENTED_EDGE ( 'NONE', *, *, #820, .F. ) ;
#3079 = CARTESIAN_POINT ( 'NONE',  ( 0.6269544174497451161, -8.706191830659170350, 3.140496808024629605 ) ) ;
#3080 = CARTESIAN_POINT ( 'NONE',  ( -7.881290612500436943, 6.232762530298225911, 3.155291219544282821 ) ) ;
#3082 = DIRECTION ( 'NONE',  ( 0.000000000000000000, 0.000000000000000000, -1.000000000000000000 ) ) ;
#3081 = PLANE ( 'NONE',  #1170 ) ;
#3083 = EDGE_CURVE ( 'NONE', #4797, #86, #222, .T. ) ;
#3084 = DIRECTION ( 'NONE',  ( -6.672013369141565463E-17, 1.000000000000000000, 0.000000000000000000 ) ) ;
#3085 = ORIENTED_EDGE ( 'NONE', *, *, #3057, .T. ) ;
#3086 = ADVANCED_FACE ( 'NONE', ( #870 ), #478, .T. ) ;
#3087 = CARTESIAN_POINT ( 'NONE',  ( 0.000000000000000000, 0.000000000000000000, 0.000000000000000000 ) ) ;
#3088 = CARTESIAN_POINT ( 'NONE',  ( -8.864548262634887266, 5.283097230560008128, 3.060000000000000053 ) ) ;
#3089 = EDGE_LOOP ( 'NONE', ( #75, #1394, #3314, #2985 ) ) ;
#3090 = CARTESIAN_POINT ( 'NONE',  ( 0.06145482626348934552, -8.929966529973821565, 3.160000000000000142 ) ) ;
#3091 = CARTESIAN_POINT ( 'NONE',  ( -7.636350677344600157, 5.282095430792839608, 3.060000000000000053 ) ) ;
#3092 = EDGE_CURVE ( 'NONE', #1045, #2348, #1235, .T. ) ;
#3093 = DIRECTION ( 'NONE',  ( 1.000000000000000000, 0.000000000000000000, 0.000000000000000000 ) ) ;
#3094 = AXIS2_PLACEMENT_3D ( 'NONE', #1668, #2378, #3918 ) ;
#3095 = DIRECTION ( 'NONE',  ( -0.000000000000000000, -0.000000000000000000, 1.000000000000000000 ) ) ;
#3096 = CARTESIAN_POINT ( 'NONE',  ( -8.276174989994164122, 5.985365346119541741, 3.160000000000000142 ) ) ;
#3097 = ORIENTED_EDGE ( 'NONE', *, *, #1580, .F. ) ;
#3098 = AXIS2_PLACEMENT_3D ( 'NONE', #535, #3082, #3110 ) ;
#3099 = CARTESIAN_POINT ( 'NONE',  ( -0.6992332267666495627, -8.850000000000001421, 3.134611714230939761 ) ) ;
#3100 = PLANE ( 'NONE',  #3830 ) ;
#3101 = VECTOR ( 'NONE', #1332, 1000.000000000000000 ) ;
#3102 = DIRECTION ( 'NONE',  ( -1.000000000000000000, 0.000000000000000000, -0.000000000000000000 ) ) ;
#3103 = AXIS2_PLACEMENT_3D ( 'NONE', #1807, #2141, #611 ) ;
#3104 = VERTEX_POINT ( 'NONE', #3021 ) ;
#3105 = FACE_OUTER_BOUND ( 'NONE', #1833, .T. ) ;
#3106 = VECTOR ( 'NONE', #4238, 1000.000000000000000 ) ;
#3107 = AXIS2_PLACEMENT_3D ( 'NONE', #3703, #3654, #384 ) ;
#3108 = EDGE_CURVE ( 'NONE', #4464, #2253, #4861, .T. ) ;
#3110 = DIRECTION ( 'NONE',  ( -1.000000000000000000, 0.000000000000000000, -0.000000000000000000 ) ) ;
#3109 = DIRECTION ( 'NONE',  ( -1.000000000000000000, 0.000000000000000000, -0.000000000000000000 ) ) ;
#3111 = DIRECTION ( 'NONE',  ( 1.000000000000000000, 2.098455817713879566E-16, 0.000000000000000000 ) ) ;
#3112 = ORIENTED_EDGE ( 'NONE', *, *, #3316, .F. ) ;
#3113 = CARTESIAN_POINT ( 'NONE',  ( 0.7007667732333509036, -9.006191830659554753, 3.132696639911054959 ) ) ;
#3114 = CARTESIAN_POINT ( 'NONE',  ( -8.119102487751137076, 5.082762530298217563, 3.060000000000000053 ) ) ;
#3115 = ADVANCED_FACE ( 'NONE', ( #3125 ), #453, .T. ) ;
#3116 = LINE ( 'NONE', #1326, #2212 ) ;
#3117 = CARTESIAN_POINT ( 'NONE',  ( -7.550000000000003375, 6.082762530269799406, 3.134535599249993254 ) ) ;
#3118 = ORIENTED_EDGE ( 'NONE', *, *, #3298, .F. ) ;
#3119 = CARTESIAN_POINT ( 'NONE',  ( -0.1492332267666492129, -9.006191830659554753, 2.860000000000000320 ) ) ;
#3120 = PLANE ( 'NONE',  #1116 ) ;
#3121 = CARTESIAN_POINT ( 'NONE',  ( 0.000000000000000000, 0.000000000000000000, 0.000000000000000000 ) ) ;
#3122 = EDGE_LOOP ( 'NONE', ( #4328, #1946, #2924, #2235 ) ) ;
#3123 = CYLINDRICAL_SURFACE ( 'NONE', #4196, 42.50896765755696549 ) ;
#3124 = CARTESIAN_POINT ( 'NONE',  ( 9.950000000000001066, -2.437047130303232761E-15, 1.899999999999999689 ) ) ;
#3125 = FACE_OUTER_BOUND ( 'NONE', #3175, .T. ) ;
#3126 = LINE ( 'NONE', #824, #2866 ) ;
#3127 = ORIENTED_EDGE ( 'NONE', *, *, #3762, .T. ) ;
#3128 = VECTOR ( 'NONE', #2633, 1000.000000000000000 ) ;
#3129 = DIRECTION ( 'NONE',  ( 0.000000000000000000, -1.000000000000000000, 0.000000000000000000 ) ) ;
#3130 = VECTOR ( 'NONE', #4058, 1000.000000000000000 ) ;
#3131 = DIRECTION ( 'NONE',  ( -1.000000000000000000, 0.000000000000000000, 0.000000000000000000 ) ) ;
#3132 = EDGE_CURVE ( 'NONE', #700, #398, #288, .T. ) ;
#3133 = LINE ( 'NONE', #3179, #4856 ) ;
#3134 = ORIENTED_EDGE ( 'NONE', *, *, #299, .T. ) ;
#3135 = CARTESIAN_POINT ( 'NONE',  ( -8.950000000000001066, 1.340988245066351923E-15, -0.2499999999999997780 ) ) ;
#3136 = ORIENTED_EDGE ( 'NONE', *, *, #1267, .F. ) ;
#3137 = CARTESIAN_POINT ( 'NONE',  ( -8.400000000000000355, 5.932762530298217207, 2.860000000000000320 ) ) ;
#3138 = ORIENTED_EDGE ( 'NONE', *, *, #4693, .F. ) ;
#3139 = CARTESIAN_POINT ( 'NONE',  ( -0.6992332267666493406, 0.000000000000000000, 2.860000000000000320 ) ) ;
#3140 = CARTESIAN_POINT ( 'NONE',  ( 0.000000000000000000, -9.556191830659553688, 2.860000000000000320 ) ) ;
#3141 = CARTESIAN_POINT ( 'NONE',  ( 0.7007667732333509036, -9.006191830659554753, 3.132696639911054959 ) ) ;
#3142 = DIRECTION ( 'NONE',  ( -1.000000000000000000, 2.219262442614252301E-16, 0.000000000000000000 ) ) ;
#3143 = VERTEX_POINT ( 'NONE', #3048 ) ;
#3144 = CARTESIAN_POINT ( 'NONE',  ( -11.72499999999999964, 13.00000000000000000, 3.000000000000000000 ) ) ;
#3145 = ADVANCED_FACE ( 'NONE', ( #3869 ), #3100, .T. ) ;
#3146 = CARTESIAN_POINT ( 'NONE',  ( 9.049665299738206770, 6.697310792933110157, 3.060000000000000053 ) ) ;
#3147 = DIRECTION ( 'NONE',  ( 0.000000000000000000, 0.000000000000000000, -1.000000000000000000 ) ) ;
#3148 = LINE ( 'NONE', #3924, #1294 ) ;
#3149 = EDGE_CURVE ( 'NONE', #836, #4235, #2280, .T. ) ;
#3150 = ORIENTED_EDGE ( 'NONE', *, *, #2750, .T. ) ;
#3151 = LINE ( 'NONE', #4121, #2395 ) ;
#3152 = ADVANCED_FACE ( 'NONE', ( #823 ), #431, .F. ) ;
#3153 = DIRECTION ( 'NONE',  ( -0.000000000000000000, -0.000000000000000000, -1.000000000000000000 ) ) ;
#3154 = DIRECTION ( 'NONE',  ( -6.308085367188387283E-15, -1.000000000000000000, 0.000000000000000000 ) ) ;
#3155 = LINE ( 'NONE', #2815, #4381 ) ;
#3156 = VERTEX_POINT ( 'NONE', #4586 ) ;
#3157 = DIRECTION ( 'NONE',  ( -1.000000000000000000, 0.000000000000000000, 0.000000000000000000 ) ) ;
#3158 = CARTESIAN_POINT ( 'NONE',  ( 0.7007667732333509036, -8.706191830659554043, 2.860000000000000320 ) ) ;
#3159 = CARTESIAN_POINT ( 'NONE',  ( -9.223971841786745784, 5.821012630356531048, 3.060000000000000053 ) ) ;
#3160 = ORIENTED_EDGE ( 'NONE', *, *, #2037, .F. ) ;
#3161 = CARTESIAN_POINT ( 'NONE',  ( -8.099999999999999645, 5.749146186056623087, 3.157409317119765468 ) ) ;
#3162 = LINE ( 'NONE', #3889, #1036 ) ;
#3163 = EDGE_CURVE ( 'NONE', #3494, #3299, #1191, .T. ) ;
#3164 = LINE ( 'NONE', #3237, #1634 ) ;
#3165 = CLOSED_SHELL ( 'NONE', ( #130, #2451, #1179, #4591, #1709, #667, #2599, #563, #3921, #2607, #3970, #3813, #4774, #985, #4665, #2205, #1460, #4037, #3293, #3480, #360, #252, #3933, #2363, #2954, #639, #4834, #3443, #3524, #752, #2909, #2232, #255, #64, #2978, #4799, #315, #175, #923, #2939, #3977, #2145, #3458, #671, #2221, #1577, #1664, #2809, #122, #1674, #2450, #2254, #897, #2499, #3230, #4388, #4690, #519, #4662, #4197, #825, #2016, #4022, #4634, #1858, #3584, #2056, #607, #1328, #2321, #4713, #2060, #2142, #179, #1589, #63, #4408, #1154, #420, #4541, #3415, #3145, #1072, #2513, #3826, #3802, #2534, #4296, #4716, #4110, #2930, #2272, #4283, #1641, #3996, #2204, #1704, #1307, #4808, #157, #3152, #279, #3115, #1426, #374, #568, #1550, #922, #739, #4536, #202, #4779, #4191, #894, #3766, #4517, #668, #2896, #2290, #526, #3344, #4565, #678, #2421, #992, #4034, #3086, #4719 ) ) ;
#3166 = CARTESIAN_POINT ( 'NONE',  ( -8.347397184178676710, 6.056587540304046335, 3.160000000000000142 ) ) ;
#3167 = ORIENTED_EDGE ( 'NONE', *, *, #2297, .T. ) ;
#3168 = EDGE_CURVE ( 'NONE', #2882, #4304, #917, .T. ) ;
#3169 = CARTESIAN_POINT ( 'NONE',  ( -7.636453537132223524, 6.883326770015852247, 3.059999999999999609 ) ) ;
#3170 = CARTESIAN_POINT ( 'NONE',  ( 8.117758461787044411, 7.082689797444865043, 3.060000000000000497 ) ) ;
#3171 = CARTESIAN_POINT ( 'NONE',  ( 8.380897512248862924, 5.082762530298214010, 3.060000000000000053 ) ) ;
#3172 = EDGE_CURVE ( 'NONE', #3624, #2726, #3218, .T. ) ;
#3173 = EDGE_CURVE ( 'NONE', #3104, #4616, #2780, .T. ) ;
#3174 = VECTOR ( 'NONE', #784, 1000.000000000000000 ) ;
#3175 = EDGE_LOOP ( 'NONE', ( #1420, #1034, #1512, #3285 ) ) ;
#3176 = LINE ( 'NONE', #1014, #273 ) ;
#3177 = FACE_OUTER_BOUND ( 'NONE', #2333, .T. ) ;
#3178 = AXIS2_PLACEMENT_3D ( 'NONE', #188, #4696, #3157 ) ;
#3179 = CARTESIAN_POINT ( 'NONE',  ( -3.800000000000000266, 5.299999999999999822, -6.608326913195983643 ) ) ;
#3180 = CARTESIAN_POINT ( 'NONE',  ( 8.951121449966091603, 6.234645659804266771, 2.860000000000000320 ) ) ;
#3181 = AXIS2_PLACEMENT_3D ( 'NONE', #2413, #1900, #3392 ) ;
#3182 = CARTESIAN_POINT ( 'NONE',  ( 0.1507667732333506927, -9.411828740826964079, 3.144936909479588927 ) ) ;
#3183 = CARTESIAN_POINT ( 'NONE',  ( -8.380897512248859371, 7.082762530298215786, 3.159999999999999698 ) ) ;
#3184 = ORIENTED_EDGE ( 'NONE', *, *, #4315, .F. ) ;
#3185 = CIRCLE ( 'NONE', #4765, 1.000000000000000888 ) ;
#3186 = DIRECTION ( 'NONE',  ( -5.981805089575197430E-17, 1.000000000000000000, 0.000000000000000000 ) ) ;
#3187 = DIRECTION ( 'NONE',  ( 0.000000000000000000, 0.000000000000000000, -1.000000000000000000 ) ) ;
#3188 = CARTESIAN_POINT ( 'NONE',  ( 0.9739718417867225808, -8.588250100058251846, 3.060000000000000053 ) ) ;
#3189 = B_SPLINE_CURVE_WITH_KNOTS ( 'NONE', 3,
 ( #4393, #1413, #2174, #2104, #2452, #4052, #2916 ),
 .UNSPECIFIED., .F., .F.,
 ( 4, 3, 4 ),
 ( 1.734723475976807094E-18, 0.0002750495874203644415, 0.0005506906918422524878 ),
 .UNSPECIFIED. ) ;
#3190 = CARTESIAN_POINT ( 'NONE',  ( 0.000000000000000000, -8.706191830659554043, 2.860000000000000320 ) ) ;
#3191 = ORIENTED_EDGE ( 'NONE', *, *, #1940, .T. ) ;
#3192 = EDGE_CURVE ( 'NONE', #2894, #3782, #2972, .T. ) ;
#3193 = CARTESIAN_POINT ( 'NONE',  ( 7.746383035211465540, 6.956549753534030600, 3.060000000000000053 ) ) ;
#3194 = CARTESIAN_POINT ( 'NONE',  ( 9.123205690372129695, 6.587593379508524194, 3.060000000000000497 ) ) ;
#3195 = DIRECTION ( 'NONE',  ( -0.000000000000000000, -0.000000000000000000, 1.000000000000000000 ) ) ;
#3196 = DIRECTION ( 'NONE',  ( 0.000000000000000000, 0.000000000000000000, -1.000000000000000000 ) ) ;
#3197 = EDGE_CURVE ( 'NONE', #1407, #915, #3950, .T. ) ;
#3198 = VERTEX_POINT ( 'NONE', #4682 ) ;
#3199 = CARTESIAN_POINT ( 'NONE',  ( -7.250000000000000000, -7.250000000000000888, -2.250000000000000000 ) ) ;
#3200 = DIRECTION ( 'NONE',  ( -0.000000000000000000, -0.000000000000000000, -1.000000000000000000 ) ) ;
#3201 = CIRCLE ( 'NONE', #2175, 7.000000000000000000 ) ;
#3202 = CARTESIAN_POINT ( 'NONE',  ( -8.511749899941653652, 7.056734372084979334, 3.060000000000000053 ) ) ;
#3203 = VECTOR ( 'NONE', #18, 1000.000000000000000 ) ;
#3204 = CARTESIAN_POINT ( 'NONE',  ( 8.101121449965630106, 5.458477836886153511, 3.140612804931233626 ) ) ;
#3205 = ORIENTED_EDGE ( 'NONE', *, *, #2368, .T. ) ;
#3206 = CARTESIAN_POINT ( 'NONE',  ( 7.551121449966091248, 6.234645659804266771, 2.860000000000000320 ) ) ;
#3207 = VECTOR ( 'NONE', #646, 1000.000000000000000 ) ;
#3208 = CARTESIAN_POINT ( 'NONE',  ( -0.7996652997382098782, -9.464548262634885134, 3.060000000000000053 ) ) ;
#3209 = CARTESIAN_POINT ( 'NONE',  ( -3.800000000000000266, 5.299999999999999822, -1.199999999999999734 ) ) ;
#3210 = CARTESIAN_POINT ( 'NONE',  ( -8.864548262634889042, 6.882427830036422556, 3.160000000000031672 ) ) ;
#3211 = ORIENTED_EDGE ( 'NONE', *, *, #3947, .T. ) ;
#3212 = CARTESIAN_POINT ( 'NONE',  ( -1.000000000000000888, -8.849999999999999645, 0.000000000000000000 ) ) ;
#3213 = LINE ( 'NONE', #912, #3101 ) ;
#3214 = CARTESIAN_POINT ( 'NONE',  ( 0.1308975122489176579, -9.850000000000001421, 3.060000000000000053 ) ) ;
#3215 = VERTEX_POINT ( 'NONE', #3972 ) ;
#3216 = DIRECTION ( 'NONE',  ( 1.000000000000000000, 0.000000000000000000, -0.000000000000000000 ) ) ;
#3217 = CARTESIAN_POINT ( 'NONE',  ( -7.275446625349553109, 6.343298545818444545, 3.059999999999998721 ) ) ;
#3218 = LINE ( 'NONE', #2504, #1636 ) ;
#3219 = CARTESIAN_POINT ( 'NONE',  ( 0.000000000000000000, 0.000000000000000000, 3.000000000000000000 ) ) ;
#3220 = ORIENTED_EDGE ( 'NONE', *, *, #4258, .T. ) ;
#3221 = CARTESIAN_POINT ( 'NONE',  ( 7.249999999999997335, 6.082762530298216674, 3.060000000000000053 ) ) ;
#3222 = ORIENTED_EDGE ( 'NONE', *, *, #3395, .F. ) ;
#3223 = VECTOR ( 'NONE', #4261, 1000.000000000000000 ) ;
#3224 = CARTESIAN_POINT ( 'NONE',  ( 9.950000000000001066, -2.437047130303232761E-15, -2.250000000000000444 ) ) ;
#3225 = FACE_OUTER_BOUND ( 'NONE', #1089, .T. ) ;
#3226 = AXIS2_PLACEMENT_3D ( 'NONE', #1077, #1856, #2937 ) ;
#3227 = DIRECTION ( 'NONE',  ( -0.000000000000000000, 0.000000000000000000, -1.000000000000000000 ) ) ;
#3228 = ORIENTED_EDGE ( 'NONE', *, *, #4473, .F. ) ;
#3229 = LINE ( 'NONE', #632, #4609 ) ;
#3230 = ADVANCED_FACE ( 'NONE', ( #936 ), #199, .F. ) ;
#3231 = EDGE_LOOP ( 'NONE', ( #1517, #3735, #1097, #4745, #1079, #4787, #3810, #366 ) ) ;
#3232 = VERTEX_POINT ( 'NONE', #2408 ) ;
#3233 = EDGE_CURVE ( 'NONE', #4722, #4164, #4659, .T. ) ;
#3234 = CARTESIAN_POINT ( 'NONE',  ( -9.250000000000000000, 6.082762530298216674, 3.159999999999999698 ) ) ;
#3235 = DIRECTION ( 'NONE',  ( 0.000000000000000000, 0.000000000000000000, -1.000000000000000000 ) ) ;
#3236 = DIRECTION ( 'NONE',  ( -1.000000000000000000, -8.881784197001252323E-16, 0.000000000000000000 ) ) ;
#3237 = CARTESIAN_POINT ( 'NONE',  ( 3.931679811453397545E-14, 6.232762530298172621, 2.860000000000000320 ) ) ;
#3238 = VERTEX_POINT ( 'NONE', #1292 ) ;
#3239 = EDGE_CURVE ( 'NONE', #40, #94, #3895, .T. ) ;
#3240 = CARTESIAN_POINT ( 'NONE',  ( -9.123340083161068037, 6.587649046824345156, 3.060000000000000053 ) ) ;
#3241 = DIRECTION ( 'NONE',  ( -0.000000000000000000, -0.000000000000000000, 1.000000000000000000 ) ) ;
#3242 = CARTESIAN_POINT ( 'NONE',  ( 8.511749899941641218, 5.108790688511448685, 3.060000000000000053 ) ) ;
#3243 = ORIENTED_EDGE ( 'NONE', *, *, #3273, .T. ) ;
#3244 = DIRECTION ( 'NONE',  ( -1.000000000000000000, 0.000000000000000000, 0.000000000000000000 ) ) ;
#3245 = ORIENTED_EDGE ( 'NONE', *, *, #1228, .F. ) ;
#3246 =( BOUNDED_SURFACE ( )  B_SPLINE_SURFACE ( 2, 3, ( 
 ( #608, #3561, #3981, #1343, #1613, #227, #2461, #3202, #835, #585, #2093, #4715, #102, #2747, #4244, #1321, #860, #3062, #3583, #1588, #124, #4601, #2701, #3840, #3114, #559, #4198, #4222, #3088, #2350, #3423, #811, #1209, #4627 ),
 ( #3446, #2065, #1977, #2723, #2854, #972, #2326, #1233, #3814, #444, #341, #1042, #4008, #1778, #1473, #2564, #4457, #1401, #4064, #248, #4483, #3656, #1804, #2536, #3297, #4852, #3684, #319, #1827, #3321, #4760, #4829, #2589, #4091 ),
 ( #1091, #3540, #2443, #2072, #1710, #2276, #1088, #357, #1542, #3380, #1866, #1467, #1572, #1108, #4183, #795, #3069, #1960, #2804, #3526, #2031, #1218, #4275, #1690, #1596, #2357, #3096, #4610, #523, #4228, #3849, #3166, #3891, #866 ) ),
 .UNSPECIFIED., .F., .T., .F. ) 
 B_SPLINE_SURFACE_WITH_KNOTS ( ( 3, 3 ),
 ( 4, 2, 2, 2, 2, 2, 2, 2, 2, 2, 2, 2, 2, 2, 2, 2, 4 ),
 ( 0.000000000000000000, 1.000000000000000000 ),
 ( 0.000000000000000000, 0.3926990816987241395, 0.7853981633974482790, 1.178097245096172418, 1.570796326794896558, 1.963495408493620697, 2.356194490192344837, 2.748893571891068976, 3.141592653589793116, 3.534291735288517255, 3.926990816987241395, 4.319689898685965090, 4.712388980384689674, 5.105088062083414258, 5.497787143782137953, 5.890486225480861648, 6.283185307179586232 ),
 .UNSPECIFIED. ) 
 GEOMETRIC_REPRESENTATION_ITEM ( )  RATIONAL_B_SPLINE_SURFACE ( (
 ( 1.000000000000000000, 1.000000000000000000, 1.000000000000000000, 1.000000000000000000, 1.000000000000000000, 1.000000000000000000, 1.000000000000000000, 1.000000000000000000, 1.000000000000000000, 1.000000000000000000, 1.000000000000000000, 1.000000000000000000, 1.000000000000000000, 1.000000000000000000, 1.000000000000000000, 1.000000000000000000, 1.000000000000000000, 1.000000000000000000, 1.000000000000000000, 1.000000000000000000, 1.000000000000000000, 1.000000000000000000, 1.000000000000000000, 1.000000000000000000, 1.000000000000000000, 1.000000000000000000, 1.000000000000000000, 1.000000000000000000, 1.000000000000000000, 1.000000000000000000, 1.000000000000000000, 1.000000000000000000, 1.000000000000000000, 1.000000000000000000),
 ( 0.7071067811865475727, 0.7071067811865475727, 0.7071067811865475727, 0.7071067811865475727, 0.7071067811865496822, 0.7071067811865496822, 0.7071067811865446862, 0.7071067811865446862, 0.7071067811865475727, 0.7071067811865475727, 0.7071067811865446862, 0.7071067811865446862, 0.7071067811865496822, 0.7071067811865496822, 0.7071067811865475727, 0.7071067811865475727, 0.7071067811865475727, 0.7071067811865475727, 0.7071067811865475727, 0.7071067811865475727, 0.7071067811865496822, 0.7071067811865496822, 0.7071067811865446862, 0.7071067811865446862, 0.7071067811865475727, 0.7071067811865475727, 0.7071067811865446862, 0.7071067811865446862, 0.7071067811865496822, 0.7071067811865496822, 0.7071067811865475727, 0.7071067811865475727, 0.7071067811865475727, 0.7071067811865475727),
 ( 1.000000000000000000, 1.000000000000000000, 1.000000000000000000, 1.000000000000000000, 1.000000000000000000, 1.000000000000000000, 1.000000000000000000, 1.000000000000000000, 1.000000000000000000, 1.000000000000000000, 1.000000000000000000, 1.000000000000000000, 1.000000000000000000, 1.000000000000000000, 1.000000000000000000, 1.000000000000000000, 1.000000000000000000, 1.000000000000000000, 1.000000000000000000, 1.000000000000000000, 1.000000000000000000, 1.000000000000000000, 1.000000000000000000, 1.000000000000000000, 1.000000000000000000, 1.000000000000000000, 1.000000000000000000, 1.000000000000000000, 1.000000000000000000, 1.000000000000000000, 1.000000000000000000, 1.000000000000000000, 1.000000000000000000, 1.000000000000000000) ) ) 
 REPRESENTATION_ITEM ( '' )  SURFACE ( )  );
#3247 = LINE ( 'NONE', #4006, #2795 ) ;
#3248 = FACE_BOUND ( 'NONE', #2250, .T. ) ;
#3249 = DIRECTION ( 'NONE',  ( -0.000000000000000000, -0.000000000000000000, 1.000000000000000000 ) ) ;
#3250 = ORIENTED_EDGE ( 'NONE', *, *, #1228, .T. ) ;
#3251 = LINE ( 'NONE', #1732, #1361 ) ;
#3252 = AXIS2_PLACEMENT_3D ( 'NONE', #2304, #131, #3377 ) ;
#3253 = EDGE_CURVE ( 'NONE', #4014, #3579, #2085, .T. ) ;
#3254 = ORIENTED_EDGE ( 'NONE', *, *, #2958, .T. ) ;
#3255 = VECTOR ( 'NONE', #3564, 1000.000000000000000 ) ;
#3256 = ORIENTED_EDGE ( 'NONE', *, *, #2731, .T. ) ;
#3257 = CARTESIAN_POINT ( 'NONE',  ( -8.349999999999999645, 6.082762530298216674, 3.160000000000000142 ) ) ;
#3258 = ORIENTED_EDGE ( 'NONE', *, *, #4257, .F. ) ;
#3259 = DIRECTION ( 'NONE',  ( -0.000000000000000000, -0.000000000000000000, 1.000000000000000000 ) ) ;
#3260 = DIRECTION ( 'NONE',  ( 0.000000000000000000, -0.000000000000000000, -1.000000000000000000 ) ) ;
#3261 = CIRCLE ( 'NONE', #3339, 0.9999999999999991118 ) ;
#3262 = CARTESIAN_POINT ( 'NONE',  ( -1.000000000000000888, -8.980897512248860792, 3.060000000000000053 ) ) ;
#3263 = VERTEX_POINT ( 'NONE', #958 ) ;
#3264 = DIRECTION ( 'NONE',  ( -0.000000000000000000, -1.000000000000000000, -0.000000000000000000 ) ) ;
#3265 = VECTOR ( 'NONE', #160, 1000.000000000000000 ) ;
#3266 = CARTESIAN_POINT ( 'NONE',  ( 8.223825010005835878, 6.180159714476896937, 3.160000000000000142 ) ) ;
#3267 = CARTESIAN_POINT ( 'NONE',  ( 7.551121449966093024, 6.115702794407853027, 3.134588563705601683 ) ) ;
#3268 = ORIENTED_EDGE ( 'NONE', *, *, #4299, .T. ) ;
#3269 = DIRECTION ( 'NONE',  ( 0.000000000000000000, 0.000000000000000000, 1.000000000000000000 ) ) ;
#3270 = EDGE_CURVE ( 'NONE', #1824, #2668, #2481, .T. ) ;
#3271 = ORIENTED_EDGE ( 'NONE', *, *, #3729, .F. ) ;
#3272 = CARTESIAN_POINT ( 'NONE',  ( -8.950000000000001066, 6.027531847535154697, 3.134316903955893796 ) ) ;
#3273 = EDGE_CURVE ( 'NONE', #4270, #588, #2258, .T. ) ;
#3274 = CARTESIAN_POINT ( 'NONE',  ( -8.583666108735634737, 5.932762530298217207, 3.157408826159346038 ) ) ;
#3275 = LINE ( 'NONE', #361, #1391 ) ;
#3276 = ORIENTED_EDGE ( 'NONE', *, *, #320, .T. ) ;
#3277 = PLANE ( 'NONE',  #1993 ) ;
#3278 = VECTOR ( 'NONE', #4729, 1000.000000000000000 ) ;
#3279 = ORIENTED_EDGE ( 'NONE', *, *, #2184, .T. ) ;
#3280 = ORIENTED_EDGE ( 'NONE', *, *, #1916, .T. ) ;
#3281 = CARTESIAN_POINT ( 'NONE',  ( -8.329966529973821920, 6.144217356561705756, 3.160000000000000142 ) ) ;
#3282 = AXIS2_PLACEMENT_3D ( 'NONE', #1114, #3608, #4506 ) ;
#3283 = CARTESIAN_POINT ( 'NONE',  ( 1.000000000000000888, -8.849999999999999645, 3.060000000000000053 ) ) ;
#3284 = DIRECTION ( 'NONE',  ( 0.000000000000000000, 0.000000000000000000, 1.000000000000000000 ) ) ;
#3285 = ORIENTED_EDGE ( 'NONE', *, *, #3017, .T. ) ;
#3286 = CARTESIAN_POINT ( 'NONE',  ( -8.400000000000000355, 0.000000000000000000, 2.860000000000000320 ) ) ;
#3287 = CARTESIAN_POINT ( 'NONE',  ( 7.450334700261793230, 6.697310792933107493, 3.159999999999999698 ) ) ;
#3288 = CARTESIAN_POINT ( 'NONE',  ( -0.3328975244865163829, -8.706191830659554043, 3.157523471694356321 ) ) ;
#3289 = CARTESIAN_POINT ( 'NONE',  ( 8.170033470026178080, 6.144217356561708421, 3.160000000000000142 ) ) ;
#3290 = ORIENTED_EDGE ( 'NONE', *, *, #3253, .F. ) ;
#3291 = PLANE ( 'NONE',  #1412 ) ;
#3292 = EDGE_LOOP ( 'NONE', ( #3909, #2470 ) ) ;
#3293 = ADVANCED_FACE ( 'NONE', ( #2873 ), #987, .F. ) ;
#3294 = EDGE_CURVE ( 'NONE', #2120, #725, #264, .T. ) ;
#3295 = CARTESIAN_POINT ( 'NONE',  ( -7.550000000000036238, 4.365720747874935701E-14, 2.860000000000000320 ) ) ;
#3296 = FACE_OUTER_BOUND ( 'NONE', #1808, .T. ) ;
#3297 = CARTESIAN_POINT ( 'NONE',  ( -8.119102487751137076, 5.082762530298218451, 3.159999999999999698 ) ) ;
#3298 = EDGE_CURVE ( 'NONE', #94, #2539, #943, .T. ) ;
#3299 = VERTEX_POINT ( 'NONE', #4422 ) ;
#3300 = LINE ( 'NONE', #975, #3407 ) ;
#3301 = ORIENTED_EDGE ( 'NONE', *, *, #4502, .F. ) ;
#3302 = CARTESIAN_POINT ( 'NONE',  ( -8.188545173736510918, 6.162729060272037707, 3.160000000000000142 ) ) ;
#3303 = ORIENTED_EDGE ( 'NONE', *, *, #3762, .F. ) ;
#3304 = CARTESIAN_POINT ( 'NONE',  ( -0.1322415382132019479, -7.850072732853355717, 3.060000000000000497 ) ) ;
#3305 = DIRECTION ( 'NONE',  ( 0.000000000000000000, 0.000000000000000000, 1.000000000000000000 ) ) ;
#3306 = CARTESIAN_POINT ( 'NONE',  ( 0.5036169647885129219, -9.723787223235824229, 3.159999999999999698 ) ) ;
#3307 = DIRECTION ( 'NONE',  ( 0.000000000000000000, -1.000000000000000000, 0.000000000000000000 ) ) ;
#3308 = ORIENTED_EDGE ( 'NONE', *, *, #3322, .F. ) ;
#3309 = DIRECTION ( 'NONE',  ( -0.000000000000000000, -0.000000000000000000, 1.000000000000000000 ) ) ;
#3310 = EDGE_CURVE ( 'NONE', #1457, #4164, #4500, .T. ) ;
#3311 = CARTESIAN_POINT ( 'NONE',  ( 8.152602815821319737, 6.108937520292382573, 3.160000000000000142 ) ) ;
#3312 = LINE ( 'NONE', #4821, #1874 ) ;
#3313 = CARTESIAN_POINT ( 'NONE',  ( 8.753616964788536237, 6.956549753534030600, 3.159999999999993037 ) ) ;
#3314 = ORIENTED_EDGE ( 'NONE', *, *, #609, .F. ) ;
#3315 = DIRECTION ( 'NONE',  ( -1.045014142154703367E-16, 1.000000000000000000, 0.000000000000000000 ) ) ;
#3316 = EDGE_CURVE ( 'NONE', #1969, #323, #3312, .T. ) ;
#3317 = VERTEX_POINT ( 'NONE', #1440 ) ;
#3318 = DIRECTION ( 'NONE',  ( 0.000000000000000000, 0.000000000000000000, -1.000000000000000000 ) ) ;
#3319 = CARTESIAN_POINT ( 'NONE',  ( 0.9720779101344400042, -11.37925492083945223, 3.160000000000000142 ) ) ;
#3320 = EDGE_CURVE ( 'NONE', #1578, #2878, #1194, .T. ) ;
#3321 = CARTESIAN_POINT ( 'NONE',  ( -9.049665299738210322, 5.468214267663331185, 3.159999999999994369 ) ) ;
#3322 = EDGE_CURVE ( 'NONE', #474, #2631, #354, .T. ) ;
#3323 = VERTEX_POINT ( 'NONE', #3355 ) ;
#3324 = CARTESIAN_POINT ( 'NONE',  ( 5.400000000000002132, 12.96737934951154969, 0.000000000000000000 ) ) ;
#3325 = CIRCLE ( 'NONE', #1271, 7.249999999999999112 ) ;
#3326 = CIRCLE ( 'NONE', #3949, 19.22081024236551983 ) ;
#3327 = VERTEX_POINT ( 'NONE', #4845 ) ;
#3328 = VECTOR ( 'NONE', #4369, 1000.000000000000000 ) ;
#3329 = CARTESIAN_POINT ( 'NONE',  ( -8.300361696478852025, 5.995383807974635992, 3.160000000000000142 ) ) ;
#3330 = EDGE_LOOP ( 'NONE', ( #2645, #4739, #3643, #4109, #1877, #1011, #1543, #2617, #2567, #3422 ) ) ;
#3331 = DIRECTION ( 'NONE',  ( 1.000000000000000000, -1.045014142154703367E-16, 0.000000000000000000 ) ) ;
#3332 = DIRECTION ( 'NONE',  ( -0.000000000000000000, 0.000000000000000000, 1.000000000000000000 ) ) ;
#3333 = FACE_OUTER_BOUND ( 'NONE', #640, .T. ) ;
#3334 = ORIENTED_EDGE ( 'NONE', *, *, #3904, .T. ) ;
#3335 = CARTESIAN_POINT ( 'NONE',  ( 7.249999999999997335, 6.082762530298216674, 3.060000000000000053 ) ) ;
#3336 = CARTESIAN_POINT ( 'NONE',  ( 9.250000000000003553, 6.082762530298216674, 3.060000000000000053 ) ) ;
#3337 = VECTOR ( 'NONE', #300, 1000.000000000000000 ) ;
#3338 = CARTESIAN_POINT ( 'NONE',  ( 8.350000000000003197, 6.069672779073319369, 3.160000000000000142 ) ) ;
#3339 = AXIS2_PLACEMENT_3D ( 'NONE', #2618, #4286, #372 ) ;
#3340 = CARTESIAN_POINT ( 'NONE',  ( -0.06145482626348931082, -8.770033470026179501, 3.160000000000000142 ) ) ;
#3341 = ORIENTED_EDGE ( 'NONE', *, *, #3163, .T. ) ;
#3342 = EDGE_CURVE ( 'NONE', #187, #4466, #837, .T. ) ;
#3343 = DIRECTION ( 'NONE',  ( -1.000000000000000000, 0.000000000000000000, 0.000000000000000000 ) ) ;
#3344 = ADVANCED_FACE ( 'NONE', ( #4476 ), #3648, .T. ) ;
#3345 = CARTESIAN_POINT ( 'NONE',  ( -11.72499999999999964, -13.00000000000000000, 0.000000000000000000 ) ) ;
#3346 = EDGE_LOOP ( 'NONE', ( #4294, #2676, #1039, #2358 ) ) ;
#3347 = FACE_OUTER_BOUND ( 'NONE', #3122, .T. ) ;
#3348 = CARTESIAN_POINT ( 'NONE',  ( 8.401121449966089116, 6.601790748598562075, 3.151459074146206962 ) ) ;
#3349 = DIRECTION ( 'NONE',  ( -0.000000000000000000, -0.000000000000000000, 1.000000000000000000 ) ) ;
#3350 = DIRECTION ( 'NONE',  ( 0.000000000000000000, 0.000000000000000000, -1.000000000000000000 ) ) ;
#3351 = ORIENTED_EDGE ( 'NONE', *, *, #4274, .F. ) ;
#3352 = ORIENTED_EDGE ( 'NONE', *, *, #970, .F. ) ;
#3353 = AXIS2_PLACEMENT_3D ( 'NONE', #1497, #2881, #1404 ) ;
#3354 = CARTESIAN_POINT ( 'NONE',  ( 7.988250100058360559, 5.108790688511448685, 3.159999999999993037 ) ) ;
#3355 = CARTESIAN_POINT ( 'NONE',  ( 6.200000000000000178, 12.84283384278765006, 3.000000000000000000 ) ) ;
#3356 = CARTESIAN_POINT ( 'NONE',  ( 7.450334700261793230, 6.697310792933107493, 3.159999999999999698 ) ) ;
#3357 = EDGE_LOOP ( 'NONE', ( #4803, #2228, #2783, #4830 ) ) ;
#3358 = SURFACE_STYLE_USAGE ( .BOTH. , #2307 ) ;
#3359 = AXIS2_PLACEMENT_3D ( 'NONE', #1744, #3241, #4749 ) ;
#3360 = CARTESIAN_POINT ( 'NONE',  ( -1.000000000000000888, -8.980897512248862569, 3.159999999999999698 ) ) ;
#3361 = ORIENTED_EDGE ( 'NONE', *, *, #31, .T. ) ;
#3362 = FACE_OUTER_BOUND ( 'NONE', #2826, .T. ) ;
#3363 = CARTESIAN_POINT ( 'NONE',  ( 8.300000000000000711, 8.299999999999998934, 0.000000000000000000 ) ) ;
#3364 = AXIS2_PLACEMENT_3D ( 'NONE', #4666, #1226, #484 ) ;
#3365 = ORIENTED_EDGE ( 'NONE', *, *, #1547, .T. ) ;
#3366 = ORIENTED_EDGE ( 'NONE', *, *, #536, .T. ) ;
#3367 = CARTESIAN_POINT ( 'NONE',  ( 0.9720779101344400042, -11.37925492083944867, 3.000000000000000000 ) ) ;
#3368 = LINE ( 'NONE', #3001, #368 ) ;
#3369 = FACE_BOUND ( 'NONE', #3065, .T. ) ;
#3370 = DIRECTION ( 'NONE',  ( 1.000000000000000000, 0.000000000000000000, 0.000000000000000000 ) ) ;
#3371 = EDGE_CURVE ( 'NONE', #1783, #4766, #4467, .T. ) ;
#3372 = DIRECTION ( 'NONE',  ( -1.000000000000000000, 0.000000000000000000, 0.000000000000000000 ) ) ;
#3373 = EDGE_CURVE ( 'NONE', #1540, #3046, #782, .T. ) ;
#3374 = ORIENTED_EDGE ( 'NONE', *, *, #1814, .T. ) ;
#3375 = CARTESIAN_POINT ( 'NONE',  ( -0.07996652997382110162, -8.911454826263488727, 3.160000000000000142 ) ) ;
#3376 = CARTESIAN_POINT ( 'NONE',  ( 8.300000000000000711, -8.299999999999998934, -2.250000000000000000 ) ) ;
#3377 = DIRECTION ( 'NONE',  ( -1.000000000000000000, 0.000000000000000000, 0.000000000000000000 ) ) ;
#3378 = CARTESIAN_POINT ( 'NONE',  ( 8.162621277676416653, 6.133124226777072252, 3.160000000000000142 ) ) ;
#3379 = ORIENTED_EDGE ( 'NONE', *, *, #1484, .T. ) ;
#3380 = CARTESIAN_POINT ( 'NONE',  ( -8.236910248775116017, 6.182762530298216319, 3.160000000000000142 ) ) ;
#3381 = ORIENTED_EDGE ( 'NONE', *, *, #693, .T. ) ;
#3382 = DIRECTION ( 'NONE',  ( 0.000000000000000000, -1.000000000000000000, 0.000000000000000000 ) ) ;
#3383 = CARTESIAN_POINT ( 'NONE',  ( -0.1492332267666492129, -8.706191830659554043, 2.860000000000000320 ) ) ;
#3384 = CARTESIAN_POINT ( 'NONE',  ( -8.300000000000000711, 7.081511748070125734, 0.000000000000000000 ) ) ;
#3385 = ORIENTED_EDGE ( 'NONE', *, *, #2263, .T. ) ;
#3386 = VERTEX_POINT ( 'NONE', #4130 ) ;
#3387 = B_SPLINE_CURVE_WITH_KNOTS ( 'NONE', 3,
 ( #4721, #4649, #907, #4267, #3182, #3518, #2073 ),
 .UNSPECIFIED., .F., .F.,
 ( 4, 3, 4 ),
 ( 0.000000000000000000, 0.0003334565863893318807, 0.0005507856569282361262 ),
 .UNSPECIFIED. ) ;
#3388 = DIRECTION ( 'NONE',  ( 1.000000000000000000, 0.000000000000000000, 0.000000000000000000 ) ) ;
#3389 = CARTESIAN_POINT ( 'NONE',  ( 9.250000000000003553, 6.082762530298216674, -0.6999999999999999556 ) ) ;
#3390 = EDGE_CURVE ( 'NONE', #3782, #4537, #2248, .T. ) ;
#3391 = CARTESIAN_POINT ( 'NONE',  ( 8.401121449966087340, 6.418315237195941769, 3.157339259246029872 ) ) ;
#3392 = DIRECTION ( 'NONE',  ( 1.000000000000000000, 0.000000000000000000, 0.000000000000000000 ) ) ;
#3393 = FACE_OUTER_BOUND ( 'NONE', #595, .T. ) ;
#3394 = VECTOR ( 'NONE', #3888, 1000.000000000000000 ) ;
#3395 = EDGE_CURVE ( 'NONE', #3650, #4797, #3589, .T. ) ;
#3396 = AXIS2_PLACEMENT_3D ( 'NONE', #868, #4728, #3216 ) ;
#3397 = ORIENTED_EDGE ( 'NONE', *, *, #4691, .F. ) ;
#3398 = AXIS2_PLACEMENT_3D ( 'NONE', #214, #3187, #592 ) ;
#3399 = CARTESIAN_POINT ( 'NONE',  ( -0.8737872232358474545, -9.353616964788436405, 3.159999999999999698 ) ) ;
#3400 = ORIENTED_EDGE ( 'NONE', *, *, #3669, .F. ) ;
#3401 = CARTESIAN_POINT ( 'NONE',  ( -10.94999999999999929, 1.218523565151616775E-15, -2.250000000000000000 ) ) ;
#3402 = DIRECTION ( 'NONE',  ( -0.000000000000000000, 0.000000000000000000, 1.000000000000000000 ) ) ;
#3403 = DIRECTION ( 'NONE',  ( 0.000000000000000000, 0.000000000000000000, 1.000000000000000000 ) ) ;
#3404 = LINE ( 'NONE', #4182, #4092 ) ;
#3405 = AXIS2_PLACEMENT_3D ( 'NONE', #2148, #4838, #1459 ) ;
#3406 = ORIENTED_EDGE ( 'NONE', *, *, #4299, .F. ) ;
#3407 = VECTOR ( 'NONE', #2908, 1000.000000000000000 ) ;
#3408 = CARTESIAN_POINT ( 'NONE',  ( -8.399999999999998579, 5.823417506019619161, 3.158142053964187124 ) ) ;
#3409 = CARTESIAN_POINT ( 'NONE',  ( 8.829462139125537234, 6.276042890244137418, 3.160000000000000142 ) ) ;
#3410 = DIRECTION ( 'NONE',  ( -1.000000000000000000, 0.000000000000000000, 0.000000000000000000 ) ) ;
#3411 = VECTOR ( 'NONE', #3580, 1000.000000000000000 ) ;
#3412 = EDGE_CURVE ( 'NONE', #1565, #3603, #3659, .T. ) ;
#3413 = EDGE_LOOP ( 'NONE', ( #3220, #2024, #1372, #1241 ) ) ;
#3414 = AXIS2_PLACEMENT_3D ( 'NONE', #1239, #3042, #1906 ) ;
#3415 = ADVANCED_FACE ( 'NONE', ( #310 ), #4776, .F. ) ;
#3416 = ORIENTED_EDGE ( 'NONE', *, *, #3233, .F. ) ;
#3417 = CARTESIAN_POINT ( 'NONE',  ( -0.6992332267648252442, -8.827916301145494415, 3.134585471581468052 ) ) ;
#3418 = FACE_OUTER_BOUND ( 'NONE', #223, .T. ) ;
#3419 = DIRECTION ( 'NONE',  ( -0.000000000000000000, -0.000000000000000000, 1.000000000000000000 ) ) ;
#3420 = DIRECTION ( 'NONE',  ( 3.317786996543495766E-16, -1.000000000000000000, 0.000000000000000000 ) ) ;
#3421 = CYLINDRICAL_SURFACE ( 'NONE', #1527, 2.000000000000000000 ) ;
#3422 = ORIENTED_EDGE ( 'NONE', *, *, #2063, .F. ) ;
#3423 = CARTESIAN_POINT ( 'NONE',  ( -9.123787223235826360, 5.579145565509725735, 3.060000000000000053 ) ) ;
#3424 = ORIENTED_EDGE ( 'NONE', *, *, #1678, .F. ) ;
#3425 = CARTESIAN_POINT ( 'NONE',  ( -0.1000000000000009076, -8.849999999999999645, 3.160000000000000142 ) ) ;
#3426 = ORIENTED_EDGE ( 'NONE', *, *, #3371, .T. ) ;
#3427 = CARTESIAN_POINT ( 'NONE',  ( -9.050667099505629309, 5.469113207643172103, 3.060000000000000053 ) ) ;
#3428 = DIRECTION ( 'NONE',  ( 0.000000000000000000, 0.000000000000000000, -1.000000000000000000 ) ) ;
#3429 = CARTESIAN_POINT ( 'NONE',  ( -11.72499999999999964, -13.00000000000000000, 3.000000000000000000 ) ) ;
#3430 = ORIENTED_EDGE ( 'NONE', *, *, #342, .F. ) ;
#3431 = AXIS2_PLACEMENT_3D ( 'NONE', #3124, #3455, #4184 ) ;
#3432 = ORIENTED_EDGE ( 'NONE', *, *, #1524, .T. ) ;
#3433 = DIRECTION ( 'NONE',  ( 1.000000000000000000, 0.000000000000000000, 0.000000000000000000 ) ) ;
#3434 = DIRECTION ( 'NONE',  ( -1.000000000000000000, 0.000000000000000000, 0.000000000000000000 ) ) ;
#3435 = DIRECTION ( 'NONE',  ( -0.000000000000000000, -0.000000000000000000, 1.000000000000000000 ) ) ;
#3436 = AXIS2_PLACEMENT_3D ( 'NONE', #2417, #4241, #856 ) ;
#3437 = LINE ( 'NONE', #3704, #2945 ) ;
#3438 = EDGE_CURVE ( 'NONE', #4367, #3629, #2579, .T. ) ;
#3439 = EDGE_CURVE ( 'NONE', #50, #2697, #1937, .T. ) ;
#3440 = ORIENTED_EDGE ( 'NONE', *, *, #2089, .F. ) ;
#3441 = CARTESIAN_POINT ( 'NONE',  ( 0.5528938649492067814, -8.706191830659554043, 3.145671507641660813 ) ) ;
#3442 = CARTESIAN_POINT ( 'NONE',  ( 8.401121449966094445, 5.712201883490749310, 3.155244808335140760 ) ) ;
#3443 = ADVANCED_FACE ( 'NONE', ( #1569 ), #1958, .F. ) ;
#3444 = CARTESIAN_POINT ( 'NONE',  ( 8.734621031188249063, 5.934645659804267837, 3.149203611103955414 ) ) ;
#3445 = DIRECTION ( 'NONE',  ( -1.000000000000000000, 0.000000000000000000, 0.000000000000000000 ) ) ;
#3446 = CARTESIAN_POINT ( 'NONE',  ( -9.250000000000000000, 6.082762530298216674, 3.159999999999999698 ) ) ;
#3447 = ORIENTED_EDGE ( 'NONE', *, *, #4046, .F. ) ;
#3448 = CARTESIAN_POINT ( 'NONE',  ( 0.05036169647885155309, -8.762621277676418075, 3.160000000000000142 ) ) ;
#3449 = ORIENTED_EDGE ( 'NONE', *, *, #4567, .T. ) ;
#3450 = CARTESIAN_POINT ( 'NONE',  ( -8.117758461787088820, 5.082835263151572747, 3.060000000000000497 ) ) ;
#3451 = CARTESIAN_POINT ( 'NONE',  ( 10.94999999999999929, -2.314582450388497219E-15, -0.2499999999999997780 ) ) ;
#3452 = DIRECTION ( 'NONE',  ( 0.000000000000000000, 1.000000000000000000, 0.000000000000000000 ) ) ;
#3453 = VECTOR ( 'NONE', #306, 1000.000000000000000 ) ;
#3454 = VERTEX_POINT ( 'NONE', #792 ) ;
#3455 = DIRECTION ( 'NONE',  ( -0.000000000000000000, -0.000000000000000000, 1.000000000000000000 ) ) ;
#3456 = CARTESIAN_POINT ( 'NONE',  ( 8.803114729996467602, 6.234645659804268547, 3.145515940300700919 ) ) ;
#3457 = CARTESIAN_POINT ( 'NONE',  ( 8.101121449966091959, 6.784645659804266593, 3.132745156015924959 ) ) ;
#3458 = ADVANCED_FACE ( 'NONE', ( #3472 ), #3741, .T. ) ;
#3459 = CARTESIAN_POINT ( 'NONE',  ( 0.2617498999416654759, -7.876028158213236097, 3.159999999999999698 ) ) ;
#3460 = ORIENTED_EDGE ( 'NONE', *, *, #463, .T. ) ;
#3461 = CYLINDRICAL_SURFACE ( 'NONE', #1451, 19.22081024236551983 ) ;
#3462 = EDGE_CURVE ( 'NONE', #3969, #3327, #2331, .T. ) ;
#3464 = LINE ( 'NONE', #117, #853 ) ;
#3463 = PLANE ( 'NONE',  #1403 ) ;
#3465 = LINE ( 'NONE', #2392, #1146 ) ;
#3466 = EDGE_LOOP ( 'NONE', ( #3751, #4481, #3365, #4264 ) ) ;
#3467 = CARTESIAN_POINT ( 'NONE',  ( 4.724999999999999645, -6.000000000000002665, 3.000000000000000000 ) ) ;
#3468 = CARTESIAN_POINT ( 'NONE',  ( -1.000000000000000888, -8.849999999999999645, 3.060000000000000053 ) ) ;
#3469 = CARTESIAN_POINT ( 'NONE',  ( -0.08737872232358270819, -8.900361696478842788, 3.160000000000000142 ) ) ;
#3470 = ORIENTED_EDGE ( 'NONE', *, *, #880, .T. ) ;
#3471 = DIRECTION ( 'NONE',  ( -1.000000000000000000, 0.000000000000000000, 0.000000000000000000 ) ) ;
#3472 = FACE_OUTER_BOUND ( 'NONE', #1070, .T. ) ;
#3473 = CARTESIAN_POINT ( 'NONE',  ( -8.300000000000000711, -8.300000000000000711, 0.000000000000000000 ) ) ;
#3474 = ORIENTED_EDGE ( 'NONE', *, *, #3590, .F. ) ;
#3475 = CARTESIAN_POINT ( 'NONE',  ( 0.000000000000000000, 0.000000000000000000, 4.400000000000000355 ) ) ;
#3476 = CARTESIAN_POINT ( 'NONE',  ( -8.949999999999999289, 6.232762530298217030, 2.860000000000000320 ) ) ;
#3477 = VECTOR ( 'NONE', #2865, 1000.000000000000000 ) ;
#3478 = CARTESIAN_POINT ( 'NONE',  ( 0.000000000000000000, -8.849999999999999645, 3.160000000000000142 ) ) ;
#3479 = VERTEX_POINT ( 'NONE', #425 ) ;
#3480 = ADVANCED_FACE ( 'NONE', ( #379 ), #1981, .F. ) ;
#3481 = AXIS2_PLACEMENT_3D ( 'NONE', #2069, #3960, #2394 ) ;
#3482 = ORIENTED_EDGE ( 'NONE', *, *, #1335, .F. ) ;
#3483 = AXIS2_PLACEMENT_3D ( 'NONE', #432, #3102, #1222 ) ;
#3484 = LINE ( 'NONE', #2437, #959 ) ;
#3485 = AXIS2_PLACEMENT_3D ( 'NONE', #4735, #4354, #996 ) ;
#3486 = AXIS2_PLACEMENT_3D ( 'NONE', #3219, #2457, #3896 ) ;
#3488 = CARTESIAN_POINT ( 'NONE',  ( 8.401121449966090893, 5.384645659804266238, 3.133080262257537107 ) ) ;
#3487 = PRESENTATION_STYLE_ASSIGNMENT (( #3358 ) ) ;
#3489 = DIRECTION ( 'NONE',  ( 0.000000000000000000, -1.000000000000000000, 0.000000000000000000 ) ) ;
#3490 = ORIENTED_EDGE ( 'NONE', *, *, #3539, .T. ) ;
#3491 = DIRECTION ( 'NONE',  ( -1.000000000000000000, 0.000000000000000000, -0.000000000000000000 ) ) ;
#3492 = ORIENTED_EDGE ( 'NONE', *, *, #1325, .F. ) ;
#3493 = CARTESIAN_POINT ( 'NONE',  ( -8.380897512248862924, 5.082762530298217563, 3.060000000000000053 ) ) ;
#3494 = VERTEX_POINT ( 'NONE', #1887 ) ;
#3495 = CARTESIAN_POINT ( 'NONE',  ( -8.858787851455671714, 6.232762530298216141, 3.142215413614787511 ) ) ;
#3496 = CARTESIAN_POINT ( 'NONE',  ( 0.1507667732333506927, -8.156191830659555109, 2.860000000000000320 ) ) ;
#3497 = CARTESIAN_POINT ( 'NONE',  ( -8.300000000000000711, 5.084013312526308503, -0.6999999999999999556 ) ) ;
#3498 = ORIENTED_EDGE ( 'NONE', *, *, #4323, .T. ) ;
#3499 = DIRECTION ( 'NONE',  ( 0.000000000000000000, -0.000000000000000000, -1.000000000000000000 ) ) ;
#3500 = DIRECTION ( 'NONE',  ( 0.000000000000000000, -0.000000000000000000, -1.000000000000000000 ) ) ;
#3501 = CARTESIAN_POINT ( 'NONE',  ( 0.1507667732333506927, -8.706191830659554043, 3.159272617429881524 ) ) ;
#3502 = DIRECTION ( 'NONE',  ( 0.000000000000000000, 0.000000000000000000, 1.000000000000000000 ) ) ;
#3503 = VECTOR ( 'NONE', #3020, 1000.000000000000000 ) ;
#3504 = ADVANCED_BREP_SHAPE_REPRESENTATION ( 'IR Cut mini', ( #708, #4762 ), #1849 ) ;
#3505 = ORIENTED_EDGE ( 'NONE', *, *, #2548, .T. ) ;
#3506 = AXIS2_PLACEMENT_3D ( 'NONE', #3690, #1378, #663 ) ;
#3507 = CARTESIAN_POINT ( 'NONE',  ( 0.7007667732333509036, 0.000000000000000000, 2.860000000000000320 ) ) ;
#3508 = CARTESIAN_POINT ( 'NONE',  ( 0.06145482626348934552, -8.929966529973821565, 3.160000000000000142 ) ) ;
#3509 = LINE ( 'NONE', #606, #3024 ) ;
#3510 = B_SPLINE_CURVE_WITH_KNOTS ( 'NONE', 3,
 ( #2238, #3348, #3391, #3731 ),
 .UNSPECIFIED., .F., .F.,
 ( 4, 4 ),
 ( 8.673617379884035472E-19, 0.0005506377920035120154 ),
 .UNSPECIFIED. ) ;
#3511 = VECTOR ( 'NONE', #4801, 1000.000000000000000 ) ;
#3512 = DIRECTION ( 'NONE',  ( -0.000000000000000000, -0.000000000000000000, 1.000000000000000000 ) ) ;
#3513 = LINE ( 'NONE', #1657, #524 ) ;
#3514 = ORIENTED_EDGE ( 'NONE', *, *, #1761, .F. ) ;
#3515 = DIRECTION ( 'NONE',  ( 0.000000000000000000, 0.000000000000000000, -1.000000000000000000 ) ) ;
#3516 = AXIS2_PLACEMENT_3D ( 'NONE', #327, #1053, #4415 ) ;
#3517 = EDGE_CURVE ( 'NONE', #2171, #1885, #489, .T. ) ;
#3518 = CARTESIAN_POINT ( 'NONE',  ( 0.1507667732336378241, -9.484133926178863305, 3.139750149319792794 ) ) ;
#3519 = CARTESIAN_POINT ( 'NONE',  ( -7.276028158213238228, 5.821012630356568351, 3.060000000000000053 ) ) ;
#3520 = ORIENTED_EDGE ( 'NONE', *, *, #1148, .T. ) ;
#3521 = DIRECTION ( 'NONE',  ( 1.000000000000000000, 0.000000000000000000, 0.000000000000000000 ) ) ;
#3522 = CARTESIAN_POINT ( 'NONE',  ( 8.951121449966093380, 6.184027341254233257, 3.133879507417824506 ) ) ;
#3523 = CARTESIAN_POINT ( 'NONE',  ( -0.6145482626348913735, -8.050334700261796428, 3.060000000000000053 ) ) ;
#3524 = ADVANCED_FACE ( 'NONE', ( #1514 ), #4205, .F. ) ;
#3525 = EDGE_CURVE ( 'NONE', #4679, #618, #3951, .T. ) ;
#3526 = CARTESIAN_POINT ( 'NONE',  ( -8.162621277676420206, 6.032400833819364649, 3.160000000000000142 ) ) ;
#3527 = ORIENTED_EDGE ( 'NONE', *, *, #3192, .F. ) ;
#3528 = CARTESIAN_POINT ( 'NONE',  ( -9.050564239717843407, 6.696308993165889234, 3.060000000000000497 ) ) ;
#3529 = CARTESIAN_POINT ( 'NONE',  ( 11.72499999999999964, -1.299759593155599857, -8.472539674441618374 ) ) ;
#3530 = CARTESIAN_POINT ( 'NONE',  ( 9.049665299738206770, 6.697310792933110157, 3.060000000000000053 ) ) ;
#3531 = AXIS2_PLACEMENT_3D ( 'NONE', #1972, #2043, #2744 ) ;
#3532 = VERTEX_POINT ( 'NONE', #3067 ) ;
#3533 = DIRECTION ( 'NONE',  ( 1.000000000000000000, -0.000000000000000000, -0.000000000000000000 ) ) ;
#3534 = CARTESIAN_POINT ( 'NONE',  ( -8.250000000000000000, 6.082762530298216674, 3.060000000000000053 ) ) ;
#3535 = CARTESIAN_POINT ( 'NONE',  ( -8.300000000000000711, 7.081511748070125734, -0.6999999999999999556 ) ) ;
#3536 = CARTESIAN_POINT ( 'NONE',  ( -8.300000000000000711, 8.300000000000000711, -2.250000000000000000 ) ) ;
#3537 = EDGE_LOOP ( 'NONE', ( #4755, #4208 ) ) ;
#3538 = LINE ( 'NONE', #3910, #3255 ) ;
#3539 = EDGE_CURVE ( 'NONE', #2551, #1223, #2273, .T. ) ;
#3540 = CARTESIAN_POINT ( 'NONE',  ( -8.349999999999999645, 6.095852281523113980, 3.160000000000000142 ) ) ;
#3541 = CARTESIAN_POINT ( 'NONE',  ( -0.1492332267666492129, 0.000000000000000000, 2.860000000000000320 ) ) ;
#3542 = CARTESIAN_POINT ( 'NONE',  ( -9.049665299738208546, 6.697310792933106605, 3.159999999999957510 ) ) ;
#3543 = VERTEX_POINT ( 'NONE', #1594 ) ;
#3544 = EDGE_CURVE ( 'NONE', #2520, #3327, #2389, .T. ) ;
#3545 = DIRECTION ( 'NONE',  ( -1.000000000000000000, 0.000000000000000000, 0.000000000000000000 ) ) ;
#3546 = DIRECTION ( 'NONE',  ( 0.000000000000000000, -1.000000000000000000, 0.000000000000000000 ) ) ;
#3547 = CARTESIAN_POINT ( 'NONE',  ( -1.000000000000000888, -8.849999999999999645, 3.060000000000000053 ) ) ;
#3548 = DIRECTION ( 'NONE',  ( 2.219262442614252301E-16, 1.000000000000000000, -0.000000000000000000 ) ) ;
#3549 = ORIENTED_EDGE ( 'NONE', *, *, #1290, .F. ) ;
#3550 = CARTESIAN_POINT ( 'NONE',  ( 8.511749899941641218, 5.108790688511448685, 3.060000000000000053 ) ) ;
#3551 = DIRECTION ( 'NONE',  ( -1.000000000000000000, 0.000000000000000000, 0.000000000000000000 ) ) ;
#3552 = CARTESIAN_POINT ( 'NONE',  ( 5.400000000000002132, 12.96737934951154969, 0.000000000000000000 ) ) ;
#3553 = VECTOR ( 'NONE', #2771, 1000.000000000000000 ) ;
#3554 = AXIS2_PLACEMENT_3D ( 'NONE', #413, #1924, #1385 ) ;
#3555 = CIRCLE ( 'NONE', #3398, 1.000000000000000888 ) ;
#3556 = ORIENTED_EDGE ( 'NONE', *, *, #3054, .F. ) ;
#3557 = DIRECTION ( 'NONE',  ( 1.000000000000000000, 0.000000000000000000, 0.000000000000000000 ) ) ;
#3558 = DIRECTION ( 'NONE',  ( -3.154042683594223224E-15, -1.000000000000000000, 0.000000000000000000 ) ) ;
#3559 = EDGE_CURVE ( 'NONE', #1499, #826, #4226, .T. ) ;
#3560 = CIRCLE ( 'NONE', #3018, 0.9999999999999991118 ) ;
#3561 = CARTESIAN_POINT ( 'NONE',  ( -9.250000000000000000, 6.213660042547189732, 3.060000000000000053 ) ) ;
#3562 = CARTESIAN_POINT ( 'NONE',  ( 8.101121449966091959, 5.384645659804266238, 3.133129105500461087 ) ) ;
#3563 = ORIENTED_EDGE ( 'NONE', *, *, #2089, .T. ) ;
#3564 = DIRECTION ( 'NONE',  ( -3.317786996543495766E-16, 1.000000000000000000, -0.000000000000000000 ) ) ;
#3565 = VECTOR ( 'NONE', #3435, 1000.000000000000000 ) ;
#3566 = EDGE_LOOP ( 'NONE', ( #1628, #789, #892, #2315, #4045, #991, #2046, #4152 ) ) ;
#3567 = CARTESIAN_POINT ( 'NONE',  ( -7.635451737365110070, 6.882427830036421668, 3.160000000000031672 ) ) ;
#3568 = ORIENTED_EDGE ( 'NONE', *, *, #3462, .T. ) ;
#3569 = CARTESIAN_POINT ( 'NONE',  ( -9.950000000000001066, 1.218523565151616775E-15, 1.899999999999999689 ) ) ;
#3570 = CARTESIAN_POINT ( 'NONE',  ( 8.101121449966091959, 6.234645659804266771, 2.860000000000000320 ) ) ;
#3571 = CARTESIAN_POINT ( 'NONE',  ( -7.550000000000002487, 6.082762530269799406, 3.134535599249993254 ) ) ;
#3572 = FACE_OUTER_BOUND ( 'NONE', #1196, .T. ) ;
#3573 = EDGE_LOOP ( 'NONE', ( #105, #2097 ) ) ;
#3574 = CARTESIAN_POINT ( 'NONE',  ( 9.123787223235817478, 5.579145565509694649, 3.060000000000000053 ) ) ;
#3575 = CARTESIAN_POINT ( 'NONE',  ( 0.000000000000000000, 5.932762530298217207, 2.860000000000000320 ) ) ;
#3576 = EDGE_CURVE ( 'NONE', #2951, #4577, #471, .T. ) ;
#3577 = CARTESIAN_POINT ( 'NONE',  ( 7.276028158213234676, 6.344512430239868550, 3.060000000000000053 ) ) ;
#3578 = ORIENTED_EDGE ( 'NONE', *, *, #4621, .F. ) ;
#3579 = VERTEX_POINT ( 'NONE', #3764 ) ;
#3580 = DIRECTION ( 'NONE',  ( 0.000000000000000000, 0.000000000000000000, -1.000000000000000000 ) ) ;
#3581 = LINE ( 'NONE', #3319, #2868 ) ;
#3582 = EDGE_CURVE ( 'NONE', #1999, #1686, #1619, .T. ) ;
#3583 = CARTESIAN_POINT ( 'NONE',  ( -7.276028158213238228, 5.821012630356568351, 3.060000000000000053 ) ) ;
#3584 = ADVANCED_FACE ( 'NONE', ( #107 ), #3120, .F. ) ;
#3585 = AXIS2_PLACEMENT_3D ( 'NONE', #100, #807, #3777 ) ;
#3586 = CARTESIAN_POINT ( 'NONE',  ( -4.184992307805098122, -13.92022127119433073, 3.160000000000000142 ) ) ;
#3587 = VERTEX_POINT ( 'NONE', #400 ) ;
#3588 = CARTESIAN_POINT ( 'NONE',  ( -8.099999999999999645, 0.000000000000000000, 2.860000000000000320 ) ) ;
#3589 = CIRCLE ( 'NONE', #4236, 1.000000000000003553 ) ;
#3590 = EDGE_CURVE ( 'NONE', #808, #1540, #4015, .T. ) ;
#3591 = ORIENTED_EDGE ( 'NONE', *, *, #3678, .T. ) ;
#3592 = VERTEX_POINT ( 'NONE', #1905 ) ;
#3593 = FACE_OUTER_BOUND ( 'NONE', #867, .T. ) ;
#3594 = EDGE_LOOP ( 'NONE', ( #1730, #2159, #439, #1755, #2910 ) ) ;
#3595 = DIRECTION ( 'NONE',  ( 0.000000000000000000, 0.000000000000000000, 1.000000000000000000 ) ) ;
#3596 = CARTESIAN_POINT ( 'NONE',  ( -6.999999999999996447, 12.61999811178220909, 0.000000000000000000 ) ) ;
#3597 = CARTESIAN_POINT ( 'NONE',  ( -8.250000000000000000, 6.082762530298216674, 3.060000000000000053 ) ) ;
#3598 = ORIENTED_EDGE ( 'NONE', *, *, #4858, .F. ) ;
#3599 = CARTESIAN_POINT ( 'NONE',  ( -7.250000000000000888, 6.082762530298216674, 3.060000000000000053 ) ) ;
#3600 = CARTESIAN_POINT ( 'NONE',  ( -0.4248444498335383623, -9.006191830659595610, 3.152003615811669324 ) ) ;
#3601 = FACE_OUTER_BOUND ( 'NONE', #3009, .T. ) ;
#3602 = EDGE_LOOP ( 'NONE', ( #675, #1327, #2169, #2128 ) ) ;
#3603 = VERTEX_POINT ( 'NONE', #4320 ) ;
#3604 = CIRCLE ( 'NONE', #98, 1.100000000000000311 ) ;
#3605 = PLANE ( 'NONE',  #2719 ) ;
#3606 = EDGE_CURVE ( 'NONE', #2704, #1864, #3864, .T. ) ;
#3607 = CYLINDRICAL_SURFACE ( 'NONE', #2397, 1.100000000000003642 ) ;
#3608 = DIRECTION ( 'NONE',  ( 0.000000000000000000, 0.000000000000000000, -1.000000000000000000 ) ) ;
#3609 = ORIENTED_EDGE ( 'NONE', *, *, #457, .T. ) ;
#3610 = EDGE_CURVE ( 'NONE', #4367, #2888, #2053, .T. ) ;
#3611 = CARTESIAN_POINT ( 'NONE',  ( -8.949999999999999289, 6.232762530298217030, 3.132913281108374193 ) ) ;
#3612 = ORIENTED_EDGE ( 'NONE', *, *, #4199, .T. ) ;
#3613 = EDGE_LOOP ( 'NONE', ( #2903, #344, #3077 ) ) ;
#3614 = CARTESIAN_POINT ( 'NONE',  ( -9.123787223235822808, 5.579145565509726623, 3.159999999999999698 ) ) ;
#3615 = CARTESIAN_POINT ( 'NONE',  ( 0.9999272671466455931, -8.717758461786875301, 3.060000000000000941 ) ) ;
#3616 = CARTESIAN_POINT ( 'NONE',  ( 7.250000000000000000, 7.250000000000000000, 0.000000000000000000 ) ) ;
#3617 = CARTESIAN_POINT ( 'NONE',  ( -0.6145482626348892641, -9.649665299738208191, 3.060000000000000053 ) ) ;
#3618 = B_SPLINE_CURVE_WITH_KNOTS ( 'NONE', 3,
 ( #3113, #1231, #1659, #2837 ),
 .UNSPECIFIED., .F., .F.,
 ( 4, 4 ),
 ( 1.734723475976806902E-18, 0.0001561933584159667736 ),
 .UNSPECIFIED. ) ;
#3619 = ORIENTED_EDGE ( 'NONE', *, *, #3847, .T. ) ;
#3620 = CARTESIAN_POINT ( 'NONE',  ( 7.746383035211466428, 6.956549753534030600, 3.159999999999993037 ) ) ;
#3621 = CARTESIAN_POINT ( 'NONE',  ( 7.449435760282690389, 6.696308993166218748, 3.060000000000000497 ) ) ;
#3622 = CARTESIAN_POINT ( 'NONE',  ( 9.223971841786767101, 6.344512430239869438, 3.060000000000000053 ) ) ;
#3623 = ORIENTED_EDGE ( 'NONE', *, *, #1484, .F. ) ;
#3624 = VERTEX_POINT ( 'NONE', #1353 ) ;
#3625 = CARTESIAN_POINT ( 'NONE',  ( -8.950000000000002842, 6.080148460039571212, 3.134535599249992810 ) ) ;
#3626 = DIRECTION ( 'NONE',  ( 0.000000000000000000, -1.000000000000000000, 0.000000000000000000 ) ) ;
#3627 = EDGE_CURVE ( 'NONE', #2766, #4144, #1200, .T. ) ;
#3628 = PLANE ( 'NONE',  #2257 ) ;
#3629 = VERTEX_POINT ( 'NONE', #3496 ) ;
#3630 = CARTESIAN_POINT ( 'NONE',  ( 11.72500000000000142, -1.299759593155600301, 0.000000000000000000 ) ) ;
#3631 = VECTOR ( 'NONE', #3546, 1000.000000000000000 ) ;
#3632 = ORIENTED_EDGE ( 'NONE', *, *, #3233, .T. ) ;
#3633 = AXIS2_PLACEMENT_3D ( 'NONE', #4574, #1099, #393 ) ;
#3634 = EDGE_LOOP ( 'NONE', ( #1455, #515, #103, #1806 ) ) ;
#3635 = CARTESIAN_POINT ( 'NONE',  ( -8.150000000000000355, 6.069672779073319369, 3.160000000000000142 ) ) ;
#3636 = ORIENTED_EDGE ( 'NONE', *, *, #2932, .F. ) ;
#3637 = DIRECTION ( 'NONE',  ( -1.000000000000000000, 0.000000000000000000, 0.000000000000000000 ) ) ;
#3638 = CARTESIAN_POINT ( 'NONE',  ( -8.100000000000001421, 5.382762530298221826, 2.860000000000000320 ) ) ;
#3639 = VECTOR ( 'NONE', #4309, 1000.000000000000000 ) ;
#3640 = AXIS2_PLACEMENT_3D ( 'NONE', #1701, #3129, #3833 ) ;
#3641 = EDGE_CURVE ( 'NONE', #1442, #1476, #3555, .T. ) ;
#3642 = DIRECTION ( 'NONE',  ( 0.000000000000000000, -0.000000000000000000, 1.000000000000000000 ) ) ;
#3643 = ORIENTED_EDGE ( 'NONE', *, *, #4142, .F. ) ;
#3644 = CARTESIAN_POINT ( 'NONE',  ( 7.149999999999996803, 6.082762530298216674, 3.060000000000000053 ) ) ;
#3645 = VECTOR ( 'NONE', #57, 1000.000000000000000 ) ;
#3646 = EDGE_CURVE ( 'NONE', #1056, #295, #1444, .T. ) ;
#3647 = CARTESIAN_POINT ( 'NONE',  ( 9.049665299738206770, 6.697310792933109269, 3.159999999999999698 ) ) ;
#3648 = CYLINDRICAL_SURFACE ( 'NONE', #2893, 2.200000000000000622 ) ;
#3649 = CARTESIAN_POINT ( 'NONE',  ( 8.311454826263490858, 6.002796000324393866, 3.160000000000000142 ) ) ;
#3650 = VERTEX_POINT ( 'NONE', #2376 ) ;
#3651 = CARTESIAN_POINT ( 'NONE',  ( 8.300000000000000711, -1.455163221085527203, 0.000000000000000000 ) ) ;
#3652 = EDGE_CURVE ( 'NONE', #4127, #1645, #1815, .T. ) ;
#3653 = ORIENTED_EDGE ( 'NONE', *, *, #1987, .T. ) ;
#3654 = DIRECTION ( 'NONE',  ( 0.000000000000000000, 0.000000000000000000, -1.000000000000000000 ) ) ;
#3655 = CARTESIAN_POINT ( 'NONE',  ( -6.999999999999998224, 8.299999999999998934, -1.199999999999999956 ) ) ;
#3656 = CARTESIAN_POINT ( 'NONE',  ( -7.635451737365110070, 5.283097230560012569, 3.159999999999994369 ) ) ;
#3657 = VERTEX_POINT ( 'NONE', #4701 ) ;
#3658 = DIRECTION ( 'NONE',  ( -0.000000000000000000, -1.000000000000000000, -0.000000000000000000 ) ) ;
#3659 = B_SPLINE_CURVE_WITH_KNOTS ( 'NONE', 3,
 ( #2179, #332, #3267, #1032, #2199, #2555, #1862 ),
 .UNSPECIFIED., .F., .F.,
 ( 4, 3, 4 ),
 ( 0.0001481270605054689482, 0.0001975370996417197776, 0.0003000214635782471120 ),
 .UNSPECIFIED. ) ;
#3660 = AXIS2_PLACEMENT_3D ( 'NONE', #2673, #778, #73 ) ;
#3661 = CARTESIAN_POINT ( 'NONE',  ( 1.000000000000000888, -8.980897512248862569, 3.060000000000000053 ) ) ;
#3662 = VERTEX_POINT ( 'NONE', #546 ) ;
#3663 = VERTEX_POINT ( 'NONE', #952 ) ;
#3664 = CARTESIAN_POINT ( 'NONE',  ( -8.349999999999999645, 6.095852281523113980, 3.160000000000000142 ) ) ;
#3665 = ORIENTED_EDGE ( 'NONE', *, *, #1402, .T. ) ;
#3666 = VECTOR ( 'NONE', #2322, 1000.000000000000000 ) ;
#3667 = CARTESIAN_POINT ( 'NONE',  ( 0.8006670995052863615, -8.236350677344494997, 3.060000000000000053 ) ) ;
#3668 = DIRECTION ( 'NONE',  ( 1.000000000000000000, 0.000000000000000000, 0.000000000000000000 ) ) ;
#3669 = EDGE_CURVE ( 'NONE', #3198, #1864, #2404, .T. ) ;
#3670 = CARTESIAN_POINT ( 'NONE',  ( 9.050564239717521886, 5.469216067430423323, 3.060000000000000497 ) ) ;
#3671 = ORIENTED_EDGE ( 'NONE', *, *, #2362, .T. ) ;
#3672 = CARTESIAN_POINT ( 'NONE',  ( 8.101121449966091959, 6.234645659804266771, 3.159213133238458315 ) ) ;
#3673 = EDGE_CURVE ( 'NONE', #14, #1496, #4654, .T. ) ;
#3674 = CARTESIAN_POINT ( 'NONE',  ( 7.635451737365117175, 6.882427830036433214, 3.159999999999999698 ) ) ;
#3675 = CARTESIAN_POINT ( 'NONE',  ( -8.300000000000000711, -8.300000000000000711, -0.7000000000000000666 ) ) ;
#3676 = CARTESIAN_POINT ( 'NONE',  ( 7.276028158213234676, 5.821012630356558581, 3.159999999999980158 ) ) ;
#3677 = VERTEX_POINT ( 'NONE', #4725 ) ;
#3678 = EDGE_CURVE ( 'NONE', #2339, #1597, #1844, .T. ) ;
#3679 = CARTESIAN_POINT ( 'NONE',  ( -8.250000000000000000, 6.082762530298216674, -0.6999999999999999556 ) ) ;
#3680 = ORIENTED_EDGE ( 'NONE', *, *, #3925, .T. ) ;
#3681 = CIRCLE ( 'NONE', #3364, 7.000000000000000000 ) ;
#3682 = LINE ( 'NONE', #706, #2559 ) ;
#3683 = CARTESIAN_POINT ( 'NONE',  ( -8.400000000000000355, 6.416428639033862069, 3.157408826159366022 ) ) ;
#3684 = CARTESIAN_POINT ( 'NONE',  ( -8.511749899941635888, 5.108790688511451350, 3.160000000000007248 ) ) ;
#3685 = CARTESIAN_POINT ( 'NONE',  ( -0.6145482626348913735, -8.050334700261794652, 3.159999999999999698 ) ) ;
#3686 = VECTOR ( 'NONE', #702, 1000.000000000000000 ) ;
#3687 = VERTEX_POINT ( 'NONE', #3596 ) ;
#3688 = LINE ( 'NONE', #1754, #2391 ) ;
#3689 = EDGE_LOOP ( 'NONE', ( #4412, #1165, #544, #4338, #1506 ) ) ;
#3690 = CARTESIAN_POINT ( 'NONE',  ( 8.101121449966091959, 0.000000000000000000, 2.860000000000000320 ) ) ;
#3691 = ORIENTED_EDGE ( 'NONE', *, *, #840, .T. ) ;
#3692 = CARTESIAN_POINT ( 'NONE',  ( 8.300000000000000711, 8.299999999999998934, -1.199999999999999956 ) ) ;
#3693 = DIRECTION ( 'NONE',  ( -0.000000000000000000, -0.000000000000000000, 1.000000000000000000 ) ) ;
#3694 = EDGE_LOOP ( 'NONE', ( #1684, #3258, #3167, #2501, #3078, #1989, #58, #210 ) ) ;
#3695 = EDGE_CURVE ( 'NONE', #4285, #3587, #3162, .T. ) ;
#3696 = CARTESIAN_POINT ( 'NONE',  ( 8.162621277676416653, 6.133124226777072252, 3.160000000000000142 ) ) ;
#3697 = DIRECTION ( 'NONE',  ( 1.000000000000000000, -0.000000000000000000, 0.000000000000000000 ) ) ;
#3698 = CARTESIAN_POINT ( 'NONE',  ( 7.249999999999997335, 6.082762530298216674, 3.159999999999999698 ) ) ;
#3699 = EDGE_LOOP ( 'NONE', ( #2542, #4589 ) ) ;
#3700 = PLANE ( 'NONE',  #1416 ) ;
#3701 = CARTESIAN_POINT ( 'NONE',  ( 0.02617498999416716099, -8.752602815821321158, 3.160000000000000142 ) ) ;
#3702 = ORIENTED_EDGE ( 'NONE', *, *, #4342, .T. ) ;
#3703 = CARTESIAN_POINT ( 'NONE',  ( 4.724999999999999645, 5.999999999999999112, -1.199999999999999956 ) ) ;
#3704 = CARTESIAN_POINT ( 'NONE',  ( 5.999999999999999112, 0.000000000000000000, -16.97056274847713553 ) ) ;
#3705 = AXIS2_PLACEMENT_3D ( 'NONE', #4548, #1081, #2572 ) ;
#3706 = VERTEX_POINT ( 'NONE', #1258 ) ;
#3707 = EDGE_CURVE ( 'NONE', #2539, #398, #265, .T. ) ;
#3708 = LINE ( 'NONE', #2118, #4519 ) ;
#3709 = VERTEX_POINT ( 'NONE', #4675 ) ;
#3710 = CIRCLE ( 'NONE', #4280, 2.200000000000000622 ) ;
#3711 = FACE_OUTER_BOUND ( 'NONE', #1536, .T. ) ;
#3712 = DIRECTION ( 'NONE',  ( 1.000000000000000000, -1.320185673163182841E-16, 0.000000000000000000 ) ) ;
#3713 = CARTESIAN_POINT ( 'NONE',  ( 11.72499999999999964, 1.299759593155595194, -8.472539674441618374 ) ) ;
#3714 = CARTESIAN_POINT ( 'NONE',  ( 8.300000000000000711, 5.084013312526304951, 0.000000000000000000 ) ) ;
#3715 = ORIENTED_EDGE ( 'NONE', *, *, #1177, .T. ) ;
#3716 = CARTESIAN_POINT ( 'NONE',  ( 7.988250100058364112, 7.056734372084986440, 3.159999999999993037 ) ) ;
#3717 = DIRECTION ( 'NONE',  ( -1.000000000000000000, 0.000000000000000000, 0.000000000000000000 ) ) ;
#3718 = CARTESIAN_POINT ( 'NONE',  ( 8.263089751224887536, 5.982762530298214365, 3.160000000000000142 ) ) ;
#3719 = ORIENTED_EDGE ( 'NONE', *, *, #3610, .T. ) ;
#3720 = VECTOR ( 'NONE', #605, 1000.000000000000000 ) ;
#3721 = CARTESIAN_POINT ( 'NONE',  ( -0.8737872232358474545, -9.353616964788436405, 3.159999999999999698 ) ) ;
#3722 = ORIENTED_EDGE ( 'NONE', *, *, #4011, .T. ) ;
#3723 = VERTEX_POINT ( 'NONE', #4340 ) ;
#3724 = CARTESIAN_POINT ( 'NONE',  ( 0.7007667732333509036, -8.706191830659554043, 3.132967493099959366 ) ) ;
#3725 = CARTESIAN_POINT ( 'NONE',  ( -0.6992332267666493406, -8.974644757118920069, 3.133571443816025148 ) ) ;
#3726 = VERTEX_POINT ( 'NONE', #192 ) ;
#3727 = EDGE_CURVE ( 'NONE', #3965, #2641, #4301, .T. ) ;
#3728 = CARTESIAN_POINT ( 'NONE',  ( 5.999999999999999112, 0.000000000000000000, 9.500000000000000000 ) ) ;
#3729 = EDGE_CURVE ( 'NONE', #451, #1487, #2021, .T. ) ;
#3730 = CARTESIAN_POINT ( 'NONE',  ( 1.000000000000000888, -8.719102487751136721, 3.060000000000000053 ) ) ;
#3731 = CARTESIAN_POINT ( 'NONE',  ( 8.401121449966090893, 6.234645659804266771, 3.159190879356658321 ) ) ;
#3732 = DIRECTION ( 'NONE',  ( -0.000000000000000000, -0.000000000000000000, -1.000000000000000000 ) ) ;
#3733 = PLANE ( 'NONE',  #1119 ) ;
#3734 =( BOUNDED_SURFACE ( )  B_SPLINE_SURFACE ( 2, 3, ( 
 ( #2957, #4463, #4490, #1095, #4438, #1073, #2237, #1147, #3753, #4857, #1048, #4071, #4041, #2615, #4512, #2592, #3730, #3661, #688, #711, #369, #1120, #388, #2768, #1302, #2048, #2820, #2071, #1708, #3208, #2838, #947, #2466, #4009 ),
 ( #1805, #4485, #2928, #4065, #4433, #3685, #4458, #93, #3025, #2284, #3459, #3771, #456, #2233, #2524, #4023, #1483, #2600, #1080, #4417, #4841, #2549, #3306, #4816, #329, #4470, #2984, #4087, #2201, #1867, #3721, #2973, #3360, #2991 ),
 ( #2609, #4848, #4503, #4479, #2584, #3340, #4108, #1063, #703, #358, #3701, #1845, #724, #1468, #1494, #8, #2226, #969, #1369, #995, #2436, #3508, #1700, #3902, #4310, #163, #557, #4138, #2977, #4407, #4114, #4484, #2996, #2612 ) ),
 .UNSPECIFIED., .F., .T., .F. ) 
 B_SPLINE_SURFACE_WITH_KNOTS ( ( 3, 3 ),
 ( 4, 2, 2, 2, 2, 2, 2, 2, 2, 2, 2, 2, 2, 2, 2, 2, 4 ),
 ( 0.000000000000000000, 1.000000000000000000 ),
 ( 0.000000000000000000, 0.3926990816987241395, 0.7853981633974482790, 1.178097245096172418, 1.570796326794896558, 1.963495408493620697, 2.356194490192344837, 2.748893571891068976, 3.141592653589793116, 3.534291735288517255, 3.926990816987241395, 4.319689898685965090, 4.712388980384689674, 5.105088062083414258, 5.497787143782137953, 5.890486225480861648, 6.283185307179586232 ),
 .UNSPECIFIED. ) 
 GEOMETRIC_REPRESENTATION_ITEM ( )  RATIONAL_B_SPLINE_SURFACE ( (
 ( 1.000000000000000000, 1.000000000000000000, 1.000000000000000000, 1.000000000000000000, 1.000000000000000000, 1.000000000000000000, 1.000000000000000000, 1.000000000000000000, 1.000000000000000000, 1.000000000000000000, 1.000000000000000000, 1.000000000000000000, 1.000000000000000000, 1.000000000000000000, 1.000000000000000000, 1.000000000000000000, 1.000000000000000000, 1.000000000000000000, 1.000000000000000000, 1.000000000000000000, 1.000000000000000000, 1.000000000000000000, 1.000000000000000000, 1.000000000000000000, 1.000000000000000000, 1.000000000000000000, 1.000000000000000000, 1.000000000000000000, 1.000000000000000000, 1.000000000000000000, 1.000000000000000000, 1.000000000000000000, 1.000000000000000000, 1.000000000000000000),
 ( 0.7071067811865475727, 0.7071067811865475727, 0.7071067811865474617, 0.7071067811865474617, 0.7071067811865475727, 0.7071067811865475727, 0.7071067811865475727, 0.7071067811865475727, 0.7071067811865475727, 0.7071067811865475727, 0.7071067811865475727, 0.7071067811865475727, 0.7071067811865475727, 0.7071067811865475727, 0.7071067811865475727, 0.7071067811865475727, 0.7071067811865475727, 0.7071067811865475727, 0.7071067811865475727, 0.7071067811865475727, 0.7071067811865475727, 0.7071067811865475727, 0.7071067811865475727, 0.7071067811865475727, 0.7071067811865475727, 0.7071067811865475727, 0.7071067811865475727, 0.7071067811865475727, 0.7071067811865475727, 0.7071067811865475727, 0.7071067811865475727, 0.7071067811865475727, 0.7071067811865475727, 0.7071067811865475727),
 ( 1.000000000000000000, 1.000000000000000000, 1.000000000000000000, 1.000000000000000000, 1.000000000000000000, 1.000000000000000000, 1.000000000000000000, 1.000000000000000000, 1.000000000000000000, 1.000000000000000000, 1.000000000000000000, 1.000000000000000000, 1.000000000000000000, 1.000000000000000000, 1.000000000000000000, 1.000000000000000000, 1.000000000000000000, 1.000000000000000000, 1.000000000000000000, 1.000000000000000000, 1.000000000000000000, 1.000000000000000000, 1.000000000000000000, 1.000000000000000000, 1.000000000000000000, 1.000000000000000000, 1.000000000000000000, 1.000000000000000000, 1.000000000000000000, 1.000000000000000000, 1.000000000000000000, 1.000000000000000000, 1.000000000000000000, 1.000000000000000000) ) ) 
 REPRESENTATION_ITEM ( '' )  SURFACE ( )  );
#3735 = ORIENTED_EDGE ( 'NONE', *, *, #4473, .T. ) ;
#3736 = ORIENTED_EDGE ( 'NONE', *, *, #1208, .F. ) ;
#3737 = CIRCLE ( 'NONE', #4462, 1.000000000000003553 ) ;
#3738 = CARTESIAN_POINT ( 'NONE',  ( 0.1000000000000009076, -8.863089751224887181, 3.160000000000000142 ) ) ;
#3739 = ORIENTED_EDGE ( 'NONE', *, *, #4115, .F. ) ;
#3740 = LINE ( 'NONE', #3119, #4781 ) ;
#3741 = CYLINDRICAL_SURFACE ( 'NONE', #3252, 19.22081024236551983 ) ;
#3742 = CARTESIAN_POINT ( 'NONE',  ( 8.149999999999996803, 6.095852281523113980, 3.160000000000000142 ) ) ;
#3743 = PLANE ( 'NONE',  #4005 ) ;
#3744 = VECTOR ( 'NONE', #2110, 1000.000000000000000 ) ;
#3745 = VERTEX_POINT ( 'NONE', #3570 ) ;
#3746 = CARTESIAN_POINT ( 'NONE',  ( -6.999999999999996447, 12.61999811178220909, -1.199999999999999956 ) ) ;
#3747 = FACE_OUTER_BOUND ( 'NONE', #459, .T. ) ;
#3748 = CARTESIAN_POINT ( 'NONE',  ( 7.249999999999997335, 6.082762530298216674, 3.060000000000000053 ) ) ;
#3749 = ORIENTED_EDGE ( 'NONE', *, *, #3149, .T. ) ;
#3750 = EDGE_CURVE ( 'NONE', #433, #1499, #3213, .T. ) ;
#3751 = ORIENTED_EDGE ( 'NONE', *, *, #3057, .F. ) ;
#3752 = LINE ( 'NONE', #367, #415 ) ;
#3753 = CARTESIAN_POINT ( 'NONE',  ( -0.1308975122489191290, -7.849999999999999645, 3.060000000000000053 ) ) ;
#3754 = CARTESIAN_POINT ( 'NONE',  ( -11.72499999999999964, -1.299759593155593418, -8.472539674441618374 ) ) ;
#3755 = CARTESIAN_POINT ( 'NONE',  ( 8.806888989551994840, 5.934645659804267837, 3.145312165475683042 ) ) ;
#3756 = FACE_OUTER_BOUND ( 'NONE', #4018, .T. ) ;
#3757 = PLANE ( 'NONE',  #4678 ) ;
#3758 = CIRCLE ( 'NONE', #2040, 19.22081024236551983 ) ;
#3759 = ORIENTED_EDGE ( 'NONE', *, *, #4218, .F. ) ;
#3760 = CARTESIAN_POINT ( 'NONE',  ( 0.01308975122489177377, -8.950000000000001066, 3.160000000000000142 ) ) ;
#3761 = ORIENTED_EDGE ( 'NONE', *, *, #3517, .F. ) ;
#3762 = EDGE_CURVE ( 'NONE', #1092, #4598, #3710, .T. ) ;
#3763 = CARTESIAN_POINT ( 'NONE',  ( -6.200000000000000178, 12.84283384278765006, 3.000000000000000000 ) ) ;
#3764 = CARTESIAN_POINT ( 'NONE',  ( -7.550000000000000711, 5.932762530298217207, 3.132913281108376857 ) ) ;
#3765 = CARTESIAN_POINT ( 'NONE',  ( 8.152602815821319737, 6.056587540304050776, 3.160000000000000142 ) ) ;
#3766 = ADVANCED_FACE ( 'NONE', ( #4078 ), #1078, .T. ) ;
#3767 = ORIENTED_EDGE ( 'NONE', *, *, #548, .T. ) ;
#3768 = CARTESIAN_POINT ( 'NONE',  ( -4.725000000000000533, -13.00000000000000178, 3.000000000000000000 ) ) ;
#3769 = DIRECTION ( 'NONE',  ( 0.000000000000000000, -1.000000000000000000, 0.000000000000000000 ) ) ;
#3770 = LINE ( 'NONE', #2714, #4357 ) ;
#3771 = CARTESIAN_POINT ( 'NONE',  ( 0.5036169647885114786, -7.976212776764185719, 3.159999999999999698 ) ) ;
#3772 = ORIENTED_EDGE ( 'NONE', *, *, #3750, .F. ) ;
#3773 = ORIENTED_EDGE ( 'NONE', *, *, #701, .T. ) ;
#3774 = CARTESIAN_POINT ( 'NONE',  ( -8.199976151682790260, 5.382762530298220938, 3.135097106810917023 ) ) ;
#3775 = CARTESIAN_POINT ( 'NONE',  ( -8.400000000000000355, 6.782762530298222181, 3.132913281108373305 ) ) ;
#3776 = FACE_OUTER_BOUND ( 'NONE', #2270, .T. ) ;
#3777 = DIRECTION ( 'NONE',  ( -1.000000000000000000, 0.000000000000000000, 0.000000000000000000 ) ) ;
#3778 = ORIENTED_EDGE ( 'NONE', *, *, #3750, .T. ) ;
#3779 = DIRECTION ( 'NONE',  ( -2.098455817713879566E-16, 1.000000000000000000, 0.000000000000000000 ) ) ;
#3780 = CARTESIAN_POINT ( 'NONE',  ( 0.000000000000000000, 5.932762530298217207, 2.860000000000000320 ) ) ;
#3781 = AXIS2_PLACEMENT_3D ( 'NONE', #4054, #1029, #2129 ) ;
#3782 = VERTEX_POINT ( 'NONE', #4099 ) ;
#3783 = AXIS2_PLACEMENT_3D ( 'NONE', #2570, #1026, #4020 ) ;
#3784 = CARTESIAN_POINT ( 'NONE',  ( 0.6145482626348920396, -8.050334700261794652, 3.159999999999999698 ) ) ;
#3785 = ORIENTED_EDGE ( 'NONE', *, *, #2512, .T. ) ;
#3786 = CARTESIAN_POINT ( 'NONE',  ( -11.72499999999999964, 6.000000000000000000, 3.000000000000000000 ) ) ;
#3787 = DIRECTION ( 'NONE',  ( -1.045014142154703367E-16, -1.000000000000000000, 0.000000000000000000 ) ) ;
#3788 = CARTESIAN_POINT ( 'NONE',  ( 8.223825010005835878, 5.985365346119538188, 3.160000000000000142 ) ) ;
#3789 = ORIENTED_EDGE ( 'NONE', *, *, #2622, .F. ) ;
#3790 = EDGE_CURVE ( 'NONE', #4088, #4790, #126, .T. ) ;
#3791 = CARTESIAN_POINT ( 'NONE',  ( 11.72499999999999964, 5.999999999999998224, 0.000000000000000000 ) ) ;
#3792 = AXIS2_PLACEMENT_3D ( 'NONE', #2857, #4094, #2166 ) ;
#3793 = EDGE_CURVE ( 'NONE', #4088, #4454, #1759, .T. ) ;
#3794 = EDGE_CURVE ( 'NONE', #1969, #451, #1835, .T. ) ;
#3795 = ORIENTED_EDGE ( 'NONE', *, *, #1355, .F. ) ;
#3796 = CARTESIAN_POINT ( 'NONE',  ( -10.94999999999999929, 1.218523565151616775E-15, -0.2499999999999997780 ) ) ;
#3797 = LINE ( 'NONE', #3768, #149 ) ;
#3798 = DIRECTION ( 'NONE',  ( -0.000000000000000000, -0.000000000000000000, 1.000000000000000000 ) ) ;
#3799 = CARTESIAN_POINT ( 'NONE',  ( -0.6992332267666495627, -8.850000000000001421, 3.134611714230939761 ) ) ;
#3800 = SHAPE_DEFINITION_REPRESENTATION ( #964, #3504 ) ;
#3801 = VECTOR ( 'NONE', #1297, 1000.000000000000000 ) ;
#3802 = ADVANCED_FACE ( 'NONE', ( #4770 ), #4444, .T. ) ;
#3803 = EDGE_LOOP ( 'NONE', ( #3118, #4850, #3070, #4038, #930, #3016, #3361, #1930, #3028, #2090 ) ) ;
#3804 = VECTOR ( 'NONE', #3195, 1000.000000000000000 ) ;
#3805 = EDGE_LOOP ( 'NONE', ( #2302, #121, #4522, #844 ) ) ;
#3806 = CARTESIAN_POINT ( 'NONE',  ( 5.400000000000002132, 12.96737934951154969, -1.199999999999999956 ) ) ;
#3808 = CARTESIAN_POINT ( 'NONE',  ( 8.401121449966090893, 5.934645659804266060, 3.159228162913193305 ) ) ;
#3807 = DIRECTION ( 'NONE',  ( 0.000000000000000000, 0.000000000000000000, -1.000000000000000000 ) ) ;
#3809 = LINE ( 'NONE', #1951, #2023 ) ;
#3810 = ORIENTED_EDGE ( 'NONE', *, *, #2297, .F. ) ;
#3811 = FACE_OUTER_BOUND ( 'NONE', #2831, .T. ) ;
#3812 = DIRECTION ( 'NONE',  ( 0.000000000000000000, -1.000000000000000000, 0.000000000000000000 ) ) ;
#3813 = ADVANCED_FACE ( 'NONE', ( #4416 ), #258, .F. ) ;
#3814 = CARTESIAN_POINT ( 'NONE',  ( -8.380897512248859371, 7.082762530298215786, 3.159999999999999698 ) ) ;
#3815 = EDGE_LOOP ( 'NONE', ( #1172, #3301, #2816, #4365 ) ) ;
#3816 = CARTESIAN_POINT ( 'NONE',  ( 0.07996652997382147632, -8.788545173736510563, 3.160000000000000142 ) ) ;
#3817 = ORIENTED_EDGE ( 'NONE', *, *, #2796, .T. ) ;
#3818 = EDGE_CURVE ( 'NONE', #2726, #812, #2547, .T. ) ;
#3819 = CARTESIAN_POINT ( 'NONE',  ( 6.200000000000001954, 5.000000000000003553, 3.160000000000000142 ) ) ;
#3820 = DIRECTION ( 'NONE',  ( -1.000000000000000000, -1.045014142154703244E-16, 0.000000000000000000 ) ) ;
#3821 = LINE ( 'NONE', #132, #2401 ) ;
#3822 = CIRCLE ( 'NONE', #3585, 7.000000000000000000 ) ;
#3823 = EDGE_LOOP ( 'NONE', ( #1658, #1947, #3426, #204 ) ) ;
#3824 = DIRECTION ( 'NONE',  ( -0.000000000000000000, -0.000000000000000000, -1.000000000000000000 ) ) ;
#3825 = EDGE_CURVE ( 'NONE', #323, #633, #4391, .T. ) ;
#3826 = ADVANCED_FACE ( 'NONE', ( #1004 ), #1481, .T. ) ;
#3827 = CARTESIAN_POINT ( 'NONE',  ( 9.950000000000001066, -2.437047130303232761E-15, -2.250000000000000444 ) ) ;
#3828 = CARTESIAN_POINT ( 'NONE',  ( 8.250000000000000000, 6.082762530298216674, 0.000000000000000000 ) ) ;
#3829 = DIRECTION ( 'NONE',  ( 1.000000000000000000, 0.000000000000000000, 0.000000000000000000 ) ) ;
#3830 = AXIS2_PLACEMENT_3D ( 'NONE', #2689, #502, #770 ) ;
#3831 = ORIENTED_EDGE ( 'NONE', *, *, #84, .T. ) ;
#3832 = ORIENTED_EDGE ( 'NONE', *, *, #2088, .F. ) ;
#3833 = DIRECTION ( 'NONE',  ( 0.000000000000000000, -0.000000000000000000, -1.000000000000000000 ) ) ;
#3835 = DIRECTION ( 'NONE',  ( 1.000000000000000000, 0.000000000000000000, 0.000000000000000000 ) ) ;
#3834 = FACE_OUTER_BOUND ( 'NONE', #125, .T. ) ;
#3836 = DIRECTION ( 'NONE',  ( -1.000000000000000000, 1.253887771891026454E-16, 0.000000000000000000 ) ) ;
#3837 = DIRECTION ( 'NONE',  ( -1.000000000000000000, 0.000000000000000000, 0.000000000000000000 ) ) ;
#3838 = ORIENTED_EDGE ( 'NONE', *, *, #2138, .T. ) ;
#3839 = DIRECTION ( 'NONE',  ( 0.000000000000000000, 0.000000000000000000, -1.000000000000000000 ) ) ;
#3840 = CARTESIAN_POINT ( 'NONE',  ( -7.988250100058349012, 5.108790688511454903, 3.060000000000000053 ) ) ;
#3841 = CARTESIAN_POINT ( 'NONE',  ( 0.6136493226554970981, -9.650667099505206181, 3.060000000000000053 ) ) ;
#3842 = CARTESIAN_POINT ( 'NONE',  ( -0.2617498999416639771, -9.823971841786754311, 3.159999999999999698 ) ) ;
#3843 = COLOUR_RGB ( '',0.7921568627450980005, 0.8196078431372548767, 0.9333333333333333481 ) ;
#3844 = ORIENTED_EDGE ( 'NONE', *, *, #2473, .T. ) ;
#3845 = LINE ( 'NONE', #3763, #2338 ) ;
#3846 = CARTESIAN_POINT ( 'NONE',  ( 6.200000000000001954, 5.000000000000003553, 4.400000000000000355 ) ) ;
#3847 = EDGE_CURVE ( 'NONE', #212, #588, #2522, .T. ) ;
#3848 = DIRECTION ( 'NONE',  ( -0.000000000000000000, -0.000000000000000000, -1.000000000000000000 ) ) ;
#3849 = CARTESIAN_POINT ( 'NONE',  ( -8.337378722323579794, 6.032400833819369979, 3.160000000000000142 ) ) ;
#3850 = ORIENTED_EDGE ( 'NONE', *, *, #2402, .F. ) ;
#3851 = FACE_OUTER_BOUND ( 'NONE', #2121, .T. ) ;
#3852 = CARTESIAN_POINT ( 'NONE',  ( 5.400000000000002132, 12.96737934951154969, -1.199999999999999956 ) ) ;
#3853 = DIRECTION ( 'NONE',  ( -1.253887771891026701E-16, -1.000000000000000000, 0.000000000000000000 ) ) ;
#3854 = LINE ( 'NONE', #479, #2000 ) ;
#3855 = ORIENTED_EDGE ( 'NONE', *, *, #87, .T. ) ;
#3856 = CARTESIAN_POINT ( 'NONE',  ( -9.350000000000001421, 6.082762530298216674, 3.160000000000000142 ) ) ;
#3857 = CARTESIAN_POINT ( 'NONE',  ( 9.350000000000004974, 6.082762530298216674, 3.060000000000000053 ) ) ;
#3858 = CARTESIAN_POINT ( 'NONE',  ( -3.500000000000000000, 4.286263797015736595E-16, 0.000000000000000000 ) ) ;
#3859 = EDGE_LOOP ( 'NONE', ( #189, #3184, #4322, #2027 ) ) ;
#3860 = DIRECTION ( 'NONE',  ( 0.000000000000000000, 0.000000000000000000, -1.000000000000000000 ) ) ;
#3861 = CARTESIAN_POINT ( 'NONE',  ( -11.72499999999999964, 1.299759593155596082, 1.899999999999999689 ) ) ;
#3862 = CARTESIAN_POINT ( 'NONE',  ( -9.223971841786745784, 6.344512430239905854, 3.060000000000000053 ) ) ;
#3863 = DIRECTION ( 'NONE',  ( 1.320185673163183088E-16, 1.000000000000000000, -0.000000000000000000 ) ) ;
#3864 = LINE ( 'NONE', #3140, #2225 ) ;
#3865 = DIRECTION ( 'NONE',  ( 1.000000000000000000, 0.000000000000000000, 0.000000000000000000 ) ) ;
#3866 = EDGE_CURVE ( 'NONE', #613, #4304, #1991, .T. ) ;
#3867 = EDGE_LOOP ( 'NONE', ( #4411, #4297, #4741, #3505, #3931, #2875, #4043, #1718 ) ) ;
#3868 = DIRECTION ( 'NONE',  ( 0.000000000000000000, -0.000000000000000000, -1.000000000000000000 ) ) ;
#3869 = FACE_OUTER_BOUND ( 'NONE', #3594, .T. ) ;
#3870 = VECTOR ( 'NONE', #3305, 1000.000000000000000 ) ;
#3871 = PLANE ( 'NONE',  #4839 ) ;
#3872 = AXIS2_PLACEMENT_3D ( 'NONE', #3780, #3812, #419 ) ;
#3873 = ORIENTED_EDGE ( 'NONE', *, *, #4178, .T. ) ;
#3874 = VECTOR ( 'NONE', #920, 1000.000000000000000 ) ;
#3875 = DIRECTION ( 'NONE',  ( 0.000000000000000000, 1.000000000000000000, 0.000000000000000000 ) ) ;
#3876 = CIRCLE ( 'NONE', #56, 1.100000000000000311 ) ;
#3877 = AXIS2_PLACEMENT_3D ( 'NONE', #1595, #3095, #3865 ) ;
#3879 = DIRECTION ( 'NONE',  ( -1.000000000000000000, 0.000000000000000000, -0.000000000000000000 ) ) ;
#3878 = CARTESIAN_POINT ( 'NONE',  ( -0.6992332267666493406, -9.006191830659554753, 2.860000000000000320 ) ) ;
#3880 = EDGE_CURVE ( 'NONE', #1896, #3662, #4863, .T. ) ;
#3881 = CARTESIAN_POINT ( 'NONE',  ( 8.951121449966091603, 5.934645659804266060, 3.132839654813467156 ) ) ;
#3882 = VERTEX_POINT ( 'NONE', #638 ) ;
#3883 = EDGE_CURVE ( 'NONE', #1334, #1829, #4754, .T. ) ;
#3884 = LINE ( 'NONE', #2767, #2550 ) ;
#3885 = ORIENTED_EDGE ( 'NONE', *, *, #2014, .F. ) ;
#3886 = CARTESIAN_POINT ( 'NONE',  ( -7.746383035211461099, 6.956549753534023495, 3.060000000000000053 ) ) ;
#3887 = ORIENTED_EDGE ( 'NONE', *, *, #3627, .F. ) ;
#3888 = DIRECTION ( 'NONE',  ( 1.000000000000000000, 0.000000000000000000, 0.000000000000000000 ) ) ;
#3889 = CARTESIAN_POINT ( 'NONE',  ( 5.400000000000002132, 8.299999999999998934, -2.250000000000000000 ) ) ;
#3890 = CARTESIAN_POINT ( 'NONE',  ( 9.950000000000001066, -2.437047130303232761E-15, -0.2499999999999997780 ) ) ;
#3891 = CARTESIAN_POINT ( 'NONE',  ( -8.349999999999999645, 6.069672779073319369, 3.160000000000000142 ) ) ;
#3892 = ORIENTED_EDGE ( 'NONE', *, *, #4315, .T. ) ;
#3893 = CARTESIAN_POINT ( 'NONE',  ( 7.988250100058363223, 7.056734372084987328, 3.060000000000000053 ) ) ;
#3894 = CARTESIAN_POINT ( 'NONE',  ( 7.745169150790258250, 6.955968220670347257, 3.060000000000000497 ) ) ;
#3895 = B_SPLINE_CURVE_WITH_KNOTS ( 'NONE', 3,
 ( #3923, #3998, #1264, #890, #3621, #576, #3894, #1671, #3170, #1337, #2807, #4306, #2828, #553, #3194, #2847, #4705, #4325 ),
 .UNSPECIFIED., .F., .F.,
 ( 4, 2, 2, 2, 2, 2, 2, 2, 4 ),
 ( 0.000000000000000000, 0.06250000000000024980, 0.1250000000000004996, 0.1875000000000007494, 0.2500000000000006106, 0.3125000000000004441, 0.3750000000000003331, 0.4375000000000001665, 0.5000000000000000000 ),
 .UNSPECIFIED. ) ;
#3896 = DIRECTION ( 'NONE',  ( -1.000000000000000000, 0.000000000000000000, -0.000000000000000000 ) ) ;
#3897 = VECTOR ( 'NONE', #1964, 1000.000000000000000 ) ;
#3898 = CARTESIAN_POINT ( 'NONE',  ( 7.249999999999997335, 5.949963950964762383, 3.060000000000000941 ) ) ;
#3899 = EDGE_LOOP ( 'NONE', ( #1151, #1920, #4709, #1902 ) ) ;
#3900 = VECTOR ( 'NONE', #1344, 1000.000000000000000 ) ;
#3901 = DIRECTION ( 'NONE',  ( 0.000000000000000000, -1.000000000000000000, 0.000000000000000000 ) ) ;
#3902 = CARTESIAN_POINT ( 'NONE',  ( 0.02617498999416729977, -8.947397184178678131, 3.160000000000000142 ) ) ;
#3903 = CARTESIAN_POINT ( 'NONE',  ( 7.551121449966091248, 6.234645659804266771, 2.860000000000000320 ) ) ;
#3904 = EDGE_CURVE ( 'NONE', #1496, #1287, #1812, .T. ) ;
#3905 = EDGE_CURVE ( 'NONE', #746, #2464, #2963, .T. ) ;
#3907 = CARTESIAN_POINT ( 'NONE',  ( -0.1492332267666492129, -9.006191830659554753, 3.159165545822005150 ) ) ;
#3906 =( NAMED_UNIT ( * ) PLANE_ANGLE_UNIT ( ) SI_UNIT ( $, .RADIAN. ) );
#3908 = DIRECTION ( 'NONE',  ( 0.000000000000000000, 0.000000000000000000, -1.000000000000000000 ) ) ;
#3909 = ORIENTED_EDGE ( 'NONE', *, *, #3294, .F. ) ;
#3910 = CARTESIAN_POINT ( 'NONE',  ( 6.200000000000000178, 12.84283384278765006, 4.400000000000000355 ) ) ;
#3911 = CIRCLE ( 'NONE', #3660, 2.000000000000000000 ) ;
#3912 = CARTESIAN_POINT ( 'NONE',  ( 8.401121449966090893, 6.784645659804266593, 3.132696012259353235 ) ) ;
#3913 = CARTESIAN_POINT ( 'NONE',  ( -8.119102487751137076, 5.082762530298217563, 3.060000000000000053 ) ) ;
#3914 = PLANE ( 'NONE',  #1838 ) ;
#3915 = DIRECTION ( 'NONE',  ( 0.000000000000000000, 0.000000000000000000, -1.000000000000000000 ) ) ;
#3916 = CARTESIAN_POINT ( 'NONE',  ( -7.549999999999999822, 6.132765454545041628, 3.134535599250197091 ) ) ;
#3917 = B_SPLINE_CURVE_WITH_KNOTS ( 'NONE', 3,
 ( #2491, #4737, #322, #1781, #2883, #4039, #3611 ),
 .UNSPECIFIED., .F., .F.,
 ( 4, 3, 4 ),
 ( 0.0001500098545218019714, 0.0001895559228962138748, 0.0003000205349329459928 ),
 .UNSPECIFIED. ) ;
#3918 = DIRECTION ( 'NONE',  ( 1.000000000000000000, 0.000000000000000000, 0.000000000000000000 ) ) ;
#3919 = VERTEX_POINT ( 'NONE', #4050 ) ;
#3920 = AXIS2_PLACEMENT_3D ( 'NONE', #166, #1630, #3131 ) ;
#3921 = ADVANCED_FACE ( 'NONE', ( #666 ), #1054, .T. ) ;
#3922 = CARTESIAN_POINT ( 'NONE',  ( 8.753616964788532684, 5.208975307062401860, 3.060000000000000053 ) ) ;
#3923 = CARTESIAN_POINT ( 'NONE',  ( 7.249999999999997335, 6.082762530298216674, 3.060000000000000053 ) ) ;
#3924 = CARTESIAN_POINT ( 'NONE',  ( -6.199999999999999289, 5.000000000000000888, 4.400000000000000355 ) ) ;
#3925 = EDGE_CURVE ( 'NONE', #1092, #1885, #2215, .T. ) ;
#3926 = ORIENTED_EDGE ( 'NONE', *, *, #3576, .T. ) ;
#3927 = DIRECTION ( 'NONE',  ( 0.000000000000000000, -0.000000000000000000, 1.000000000000000000 ) ) ;
#3928 = DIRECTION ( 'NONE',  ( -1.000000000000000000, 0.000000000000000000, 0.000000000000000000 ) ) ;
#3929 = CARTESIAN_POINT ( 'NONE',  ( -7.250000000000000000, -7.250000000000000888, -2.250000000000000000 ) ) ;
#3930 = CARTESIAN_POINT ( 'NONE',  ( 8.101121449966091959, 5.606663730819382074, 3.149643986986436772 ) ) ;
#3931 = ORIENTED_EDGE ( 'NONE', *, *, #1773, .T. ) ;
#3932 = DIRECTION ( 'NONE',  ( -0.000000000000000000, -0.000000000000000000, 1.000000000000000000 ) ) ;
#3933 = ADVANCED_FACE ( 'NONE', ( #3003 ), #3757, .F. ) ;
#3934 = DIRECTION ( 'NONE',  ( 0.000000000000000000, -1.000000000000000000, 0.000000000000000000 ) ) ;
#3935 = CARTESIAN_POINT ( 'NONE',  ( -8.511749899941635888, 5.108790688511451350, 3.060000000000000053 ) ) ;
#3936 = ORIENTED_EDGE ( 'NONE', *, *, #3559, .T. ) ;
#3937 = LINE ( 'NONE', #234, #3553 ) ;
#3938 = CARTESIAN_POINT ( 'NONE',  ( 8.369984615610201573, 5.418525115168312922, 3.000000000000000000 ) ) ;
#3939 = CARTESIAN_POINT ( 'NONE',  ( 0.3730796295262587825, -9.006191830659554753, 3.155079212557814206 ) ) ;
#3940 = VECTOR ( 'NONE', #1055, 1000.000000000000000 ) ;
#3941 = CARTESIAN_POINT ( 'NONE',  ( -7.249999999999999112, 0.000000000000000000, 3.159999999999999698 ) ) ;
#3942 = ORIENTED_EDGE ( 'NONE', *, *, #3641, .F. ) ;
#3943 = EDGE_CURVE ( 'NONE', #4031, #1686, #2544, .T. ) ;
#3944 = CARTESIAN_POINT ( 'NONE',  ( 7.276028158213234676, 6.344512430239868550, 3.060000000000000053 ) ) ;
#3945 = CARTESIAN_POINT ( 'NONE',  ( -7.916383655758404636, 5.932762530298216319, 3.157409317119765468 ) ) ;
#3946 = CARTESIAN_POINT ( 'NONE',  ( 7.249999999999997335, 6.082762530298216674, 3.060000000000000053 ) ) ;
#3947 = EDGE_CURVE ( 'NONE', #694, #4466, #1976, .T. ) ;
#3948 = VECTOR ( 'NONE', #2801, 1000.000000000000000 ) ;
#3949 = AXIS2_PLACEMENT_3D ( 'NONE', #1558, #2018, #1973 ) ;
#3950 = B_SPLINE_CURVE_WITH_KNOTS ( 'NONE', 3,
 ( #2432, #4279, #4375, #3600, #218, #177, #2035 ),
 .UNSPECIFIED., .F., .F.,
 ( 4, 3, 4 ),
 ( 0.000000000000000000, 0.0002750562349057952046, 0.0005507190728284872428 ),
 .UNSPECIFIED. ) ;
#3951 = CIRCLE ( 'NONE', #3015, 1.100000000000000311 ) ;
#3952 = VERTEX_POINT ( 'NONE', #4122 ) ;
#3953 = CARTESIAN_POINT ( 'NONE',  ( -5.249999999999997335, 5.000000000000000888, 9.500000000000000000 ) ) ;
#3954 = EDGE_CURVE ( 'NONE', #1445, #3706, #2722, .T. ) ;
#3955 = FACE_OUTER_BOUND ( 'NONE', #2483, .T. ) ;
#3956 = CIRCLE ( 'NONE', #3481, 1.100000000000000977 ) ;
#3957 = VECTOR ( 'NONE', #707, 1000.000000000000000 ) ;
#3958 = FACE_OUTER_BOUND ( 'NONE', #1182, .T. ) ;
#3959 = ORIENTED_EDGE ( 'NONE', *, *, #1186, .T. ) ;
#3960 = DIRECTION ( 'NONE',  ( -0.000000000000000000, -0.000000000000000000, -1.000000000000000000 ) ) ;
#3961 = CIRCLE ( 'NONE', #1612, 0.9999999999999991118 ) ;
#3962 = VERTEX_POINT ( 'NONE', #21 ) ;
#3963 = ORIENTED_EDGE ( 'NONE', *, *, #1113, .T. ) ;
#3964 = CARTESIAN_POINT ( 'NONE',  ( -8.119102487751140629, 7.082762530298215786, 3.159999999999999698 ) ) ;
#3965 = VERTEX_POINT ( 'NONE', #735 ) ;
#3966 = CARTESIAN_POINT ( 'NONE',  ( 0.000000000000000000, 0.000000000000000000, 9.500000000000000000 ) ) ;
#3967 = DIRECTION ( 'NONE',  ( -0.000000000000000000, -0.000000000000000000, 1.000000000000000000 ) ) ;
#3968 = DIRECTION ( 'NONE',  ( -0.000000000000000000, -0.000000000000000000, -1.000000000000000000 ) ) ;
#3969 = VERTEX_POINT ( 'NONE', #3060 ) ;
#3970 = ADVANCED_FACE ( 'NONE', ( #3393 ), #78, .F. ) ;
#3971 = CARTESIAN_POINT ( 'NONE',  ( 7.249999999999997335, 6.213660042547194173, 3.060000000000000053 ) ) ;
#3972 = CARTESIAN_POINT ( 'NONE',  ( 8.300000000000000711, 1.455163221085522096, -2.250000000000000444 ) ) ;
#3973 = CARTESIAN_POINT ( 'NONE',  ( 9.250000000000003553, 6.213660042547193285, 3.060000000000000053 ) ) ;
#3974 = ORIENTED_EDGE ( 'NONE', *, *, #3390, .T. ) ;
#3975 = DIRECTION ( 'NONE',  ( 1.000000000000000000, 0.000000000000000000, 0.000000000000000000 ) ) ;
#3976 = CARTESIAN_POINT ( 'NONE',  ( -8.300000000000000711, 1.455163221085523206, -2.250000000000000444 ) ) ;
#3977 = ADVANCED_FACE ( 'NONE', ( #2266 ), #1153, .T. ) ;
#3978 = VERTEX_POINT ( 'NONE', #4493 ) ;
#3979 = DIRECTION ( 'NONE',  ( -0.000000000000000000, -1.000000000000000000, -0.000000000000000000 ) ) ;
#3980 = CARTESIAN_POINT ( 'NONE',  ( -8.399999999999998579, 5.932762530298216319, 3.159220816642475782 ) ) ;
#3981 = CARTESIAN_POINT ( 'NONE',  ( -9.223971841786745784, 6.344512430239905854, 3.060000000000000053 ) ) ;
#3982 = CARTESIAN_POINT ( 'NONE',  ( -7.623854561274611363, 6.232762530298690429, 3.140445226426415992 ) ) ;
#3983 = VECTOR ( 'NONE', #2765, 1000.000000000000000 ) ;
#3984 = DIRECTION ( 'NONE',  ( -1.000000000000000000, 0.000000000000000000, 0.000000000000000000 ) ) ;
#3985 = ORIENTED_EDGE ( 'NONE', *, *, #320, .F. ) ;
#3986 = LINE ( 'NONE', #3324, #2074 ) ;
#3987 = AXIS2_PLACEMENT_3D ( 'NONE', #622, #3697, #1767 ) ;
#3988 = ORIENTED_EDGE ( 'NONE', *, *, #294, .T. ) ;
#3989 = VERTEX_POINT ( 'NONE', #373 ) ;
#3990 = CARTESIAN_POINT ( 'NONE',  ( -8.119102487751137076, 5.082762530298218451, 3.159999999999999698 ) ) ;
#3991 = CARTESIAN_POINT ( 'NONE',  ( 0.9745533746504482231, -8.589463984479740688, 3.060000000000000053 ) ) ;
#3992 = DIRECTION ( 'NONE',  ( 0.000000000000000000, -1.000000000000000000, 0.000000000000000000 ) ) ;
#3993 = FACE_OUTER_BOUND ( 'NONE', #3330, .T. ) ;
#3994 = VERTEX_POINT ( 'NONE', #2647 ) ;
#3995 = DIRECTION ( 'NONE',  ( 0.000000000000000000, 0.000000000000000000, 1.000000000000000000 ) ) ;
#3996 = ADVANCED_FACE ( 'NONE', ( #2240 ), #3733, .F. ) ;
#3997 = CARTESIAN_POINT ( 'NONE',  ( 8.347397184178680263, 6.056587540304051664, 3.160000000000000142 ) ) ;
#3998 = CARTESIAN_POINT ( 'NONE',  ( 7.249999999999997335, 6.215179934673432882, 3.060000000000000053 ) ) ;
#3999 = FACE_BOUND ( 'NONE', #3537, .T. ) ;
#4000 = EDGE_LOOP ( 'NONE', ( #1256, #3785, #1975, #3653, #945, #2667, #4782, #4276, #3026, #2218, #3492, #2353, #3136, #976, #375 ) ) ;
#4001 = DIRECTION ( 'NONE',  ( 0.000000000000000000, -1.000000000000000000, 0.000000000000000000 ) ) ;
#4002 = ORIENTED_EDGE ( 'NONE', *, *, #1941, .T. ) ;
#4003 =( BOUNDED_CURVE ( )  B_SPLINE_CURVE ( 2, ( #2117, #4210, #4256 ),
 .UNSPECIFIED., .F., .T. ) 
 B_SPLINE_CURVE_WITH_KNOTS ( ( 3, 3 ),
 ( 0.000000000000000000, 0.5336088038559771984 ),
 .UNSPECIFIED. ) 
 CURVE ( )  GEOMETRIC_REPRESENTATION_ITEM ( )  RATIONAL_B_SPLINE_CURVE ( ( 1.000000000000000000, 0.8437095998514265727, 0.8542150666577578155 ) ) 
 REPRESENTATION_ITEM ( '' )  );
#4004 = EDGE_LOOP ( 'NONE', ( #1330, #3460, #2869, #3885, #766, #3038, #4520, #4509, #3112, #3855, #4638, #3043 ) ) ;
#4005 = AXIS2_PLACEMENT_3D ( 'NONE', #2224, #3014, #2251 ) ;
#4006 = CARTESIAN_POINT ( 'NONE',  ( 11.72499999999999964, 5.999999999999998224, 3.000000000000000000 ) ) ;
#4007 = DIRECTION ( 'NONE',  ( -1.000000000000000000, 0.000000000000000000, -0.000000000000000000 ) ) ;
#4008 = CARTESIAN_POINT ( 'NONE',  ( -7.635451737365110070, 6.882427830036421668, 3.160000000000031672 ) ) ;
#4009 = CARTESIAN_POINT ( 'NONE',  ( -1.000000000000000888, -8.849999999999999645, 3.060000000000000053 ) ) ;
#4010 = CARTESIAN_POINT ( 'NONE',  ( -4.724999999999998757, 13.00000000000000000, 4.400000000000000355 ) ) ;
#4011 = EDGE_CURVE ( 'NONE', #4316, #1565, #68, .T. ) ;
#4012 = FACE_OUTER_BOUND ( 'NONE', #2020, .T. ) ;
#4013 = EDGE_CURVE ( 'NONE', #740, #146, #4195, .T. ) ;
#4014 = VERTEX_POINT ( 'NONE', #4172 ) ;
#4015 = B_SPLINE_CURVE_WITH_KNOTS ( 'NONE', 3,
 ( #55, #1538, #4743, #2824 ),
 .UNSPECIFIED., .F., .F.,
 ( 4, 4 ),
 ( 5.421010862427522170E-20, 0.0003000000018332388838 ),
 .UNSPECIFIED. ) ;
#4016 = ORIENTED_EDGE ( 'NONE', *, *, #2871, .T. ) ;
#4017 = CARTESIAN_POINT ( 'NONE',  ( -8.170033470026179856, 6.144217356561705756, 3.160000000000000142 ) ) ;
#4018 = EDGE_LOOP ( 'NONE', ( #2241, #1429 ) ) ;
#4019 = FACE_OUTER_BOUND ( 'NONE', #2702, .T. ) ;
#4020 = DIRECTION ( 'NONE',  ( -1.000000000000000000, 0.000000000000000000, 0.000000000000000000 ) ) ;
#4021 = CARTESIAN_POINT ( 'NONE',  ( -0.1308975122489208498, -9.850000000000001421, 3.060000000000000053 ) ) ;
#4022 = ADVANCED_FACE ( 'NONE', ( #810 ), #2296, .F. ) ;
#4023 = CARTESIAN_POINT ( 'NONE',  ( 0.9739718417867244682, -8.588250100058250069, 3.159999999999999698 ) ) ;
#4024 = ORIENTED_EDGE ( 'NONE', *, *, #609, .T. ) ;
#4025 = LINE ( 'NONE', #3286, #2462 ) ;
#4026 = CARTESIAN_POINT ( 'NONE',  ( 8.300361696478853801, 5.995383807974632440, 3.160000000000000142 ) ) ;
#4027 = CARTESIAN_POINT ( 'NONE',  ( -0.1492332267666492129, -8.706191830659554043, 3.159287460144481141 ) ) ;
#4028 = CARTESIAN_POINT ( 'NONE',  ( 8.753616964788532684, 5.208975307062401860, 3.159999999999993037 ) ) ;
#4029 = ORIENTED_EDGE ( 'NONE', *, *, #4134, .F. ) ;
#4030 = CARTESIAN_POINT ( 'NONE',  ( -10.82698101456415074, 6.375633764657963276, 3.000000000000000000 ) ) ;
#4031 = VERTEX_POINT ( 'NONE', #4220 ) ;
#4032 = CARTESIAN_POINT ( 'NONE',  ( -8.099999999999958789, 6.599969453513560680, 3.147998616989947429 ) ) ;
#4033 = CARTESIAN_POINT ( 'NONE',  ( 8.401121449966090893, 6.234645659804266771, 2.860000000000000320 ) ) ;
#4034 = ADVANCED_FACE ( 'NONE', ( #1928 ), #3421, .T. ) ;
#4035 = VECTOR ( 'NONE', #2777, 1000.000000000000000 ) ;
#4036 = VECTOR ( 'NONE', #3693, 1000.000000000000000 ) ;
#4037 = ADVANCED_FACE ( 'NONE', ( #2349 ), #1587, .T. ) ;
#4038 = ORIENTED_EDGE ( 'NONE', *, *, #3412, .T. ) ;
#4039 = CARTESIAN_POINT ( 'NONE',  ( -8.950000000000001066, 6.195950079273696787, 3.133717392642651589 ) ) ;
#4040 = VECTOR ( 'NONE', #562, 1000.000000000000000 ) ;
#4041 = CARTESIAN_POINT ( 'NONE',  ( 0.6145482626348909294, -8.050334700261794652, 3.060000000000000053 ) ) ;
#4042 = EDGE_CURVE ( 'NONE', #4537, #3238, #2313, .T. ) ;
#4043 = ORIENTED_EDGE ( 'NONE', *, *, #1793, .T. ) ;
#4044 = CIRCLE ( 'NONE', #4207, 3.500000000000000000 ) ;
#4045 = ORIENTED_EDGE ( 'NONE', *, *, #1879, .F. ) ;
#4046 = EDGE_CURVE ( 'NONE', #4616, #3603, #1633, .T. ) ;
#4047 = PLANE ( 'NONE',  #3506 ) ;
#4048 = ORIENTED_EDGE ( 'NONE', *, *, #1303, .T. ) ;
#4049 = CARTESIAN_POINT ( 'NONE',  ( -1.000000000000000888, -8.849999999999999645, 3.060000000000000053 ) ) ;
#4050 = CARTESIAN_POINT ( 'NONE',  ( -8.300000000000000711, -1.455163221085520542, -2.250000000000000444 ) ) ;
#4051 = VECTOR ( 'NONE', #1115, 1000.000000000000000 ) ;
#4052 = CARTESIAN_POINT ( 'NONE',  ( -0.1492332267666106049, -8.614302180779196405, 3.158437343787856566 ) ) ;
#4053 = ORIENTED_EDGE ( 'NONE', *, *, #3794, .T. ) ;
#4054 = CARTESIAN_POINT ( 'NONE',  ( 4.724999999999999645, 5.999999999999999112, -1.199999999999999956 ) ) ;
#4055 = B_SPLINE_CURVE_WITH_KNOTS ( 'NONE', 3,
 ( #1358, #1529, #695, #3672 ),
 .UNSPECIFIED., .F., .F.,
 ( 4, 4 ),
 ( 8.673617379884035472E-19, 0.0005506364988068369447 ),
 .UNSPECIFIED. ) ;
#4056 = CIRCLE ( 'NONE', #1047, 1.000000000000000888 ) ;
#4057 = CARTESIAN_POINT ( 'NONE',  ( 9.223971841786754666, 5.821012630356565687, 3.159999999999980158 ) ) ;
#4058 = DIRECTION ( 'NONE',  ( 0.000000000000000000, 1.000000000000000000, 0.000000000000000000 ) ) ;
#4059 = CARTESIAN_POINT ( 'NONE',  ( 8.311454826263490858, 6.162729060272040371, 3.160000000000000142 ) ) ;
#4060 = ORIENTED_EDGE ( 'NONE', *, *, #1876, .F. ) ;
#4061 = ORIENTED_EDGE ( 'NONE', *, *, #2834, .F. ) ;
#4062 = CARTESIAN_POINT ( 'NONE',  ( 11.72499999999999964, 1.299759593155594084, 1.899999999999999689 ) ) ;
#4063 = FACE_OUTER_BOUND ( 'NONE', #421, .T. ) ;
#4064 = CARTESIAN_POINT ( 'NONE',  ( -7.276028158213240005, 5.821012630356573681, 3.160000000000020126 ) ) ;
#4065 = CARTESIAN_POINT ( 'NONE',  ( -0.8737872232358486757, -8.346383035211564660, 3.160000000000000142 ) ) ;
#4066 = B_SPLINE_CURVE_WITH_KNOTS ( 'NONE', 3,
 ( #4049, #1003, #2172, #1410, #2864, #2596, #349, #1787, #3304, #2521, #2914, #2890, #2569, #3667, #2962, #3991, #3615, #3283 ),
 .UNSPECIFIED., .F., .F.,
 ( 4, 2, 2, 2, 2, 2, 2, 2, 4 ),
 ( 0.000000000000000000, 0.06250000000000000000, 0.1250000000000000000, 0.1875000000000000000, 0.2500000000000000000, 0.3125000000000000000, 0.3750000000000000000, 0.4375000000000000000, 0.5000000000000000000 ),
 .UNSPECIFIED. ) ;
#4067 = EDGE_CURVE ( 'NONE', #746, #3592, #168, .T. ) ;
#4068 = ORIENTED_EDGE ( 'NONE', *, *, #2814, .F. ) ;
#4069 = DIRECTION ( 'NONE',  ( 1.000000000000000000, 0.000000000000000000, 0.000000000000000000 ) ) ;
#4070 = EDGE_CURVE ( 'NONE', #2551, #1056, #3538, .T. ) ;
#4071 = CARTESIAN_POINT ( 'NONE',  ( 0.5036169647885140321, -7.976212776764180390, 3.060000000000000053 ) ) ;
#4072 = B_SPLINE_CURVE_WITH_KNOTS ( 'NONE', 3,
 ( #4371, #1716, #237, #2127, #3670, #260, #506, #2285, #4187, #1917, #1548, #3076, #4588, #4618, #2009, #2410, #3898, #3221 ),
 .UNSPECIFIED., .F., .F.,
 ( 4, 2, 2, 2, 2, 2, 2, 2, 4 ),
 ( 0.5000000000000000000, 0.5625000000000000000, 0.6250000000000000000, 0.6875000000000000000, 0.7500000000000000000, 0.8125000000000000000, 0.8750000000000000000, 0.9375000000000000000, 1.000000000000000000 ),
 .UNSPECIFIED. ) ;
#4073 = ORIENTED_EDGE ( 'NONE', *, *, #4427, .F. ) ;
#4074 = CARTESIAN_POINT ( 'NONE',  ( -7.635451737365110070, 5.283097230560012569, 3.159999999999994369 ) ) ;
#4075 = ORIENTED_EDGE ( 'NONE', *, *, #1750, .F. ) ;
#4076 = VECTOR ( 'NONE', #2792, 1000.000000000000000 ) ;
#4077 = PLANE ( 'NONE',  #1528 ) ;
#4078 = FACE_OUTER_BOUND ( 'NONE', #1351, .T. ) ;
#4079 = FACE_OUTER_BOUND ( 'NONE', #377, .T. ) ;
#4080 = VERTEX_POINT ( 'NONE', #512 ) ;
#4081 = CARTESIAN_POINT ( 'NONE',  ( 0.7007667732333509036, 0.000000000000000000, 2.860000000000000320 ) ) ;
#4082 = CARTESIAN_POINT ( 'NONE',  ( 8.380897512248862924, 5.082762530298214010, 3.159999999999999698 ) ) ;
#4083 = CARTESIAN_POINT ( 'NONE',  ( 8.951121449966096932, 6.082762530299529402, 3.134423960895940109 ) ) ;
#4084 = CARTESIAN_POINT ( 'NONE',  ( 8.347397184178680263, 6.108937520292382573, 3.160000000000000142 ) ) ;
#4085 = ORIENTED_EDGE ( 'NONE', *, *, #3673, .T. ) ;
#4086 = LINE ( 'NONE', #4847, #3686 ) ;
#4087 = CARTESIAN_POINT ( 'NONE',  ( -0.5036169647885097023, -9.723787223235824229, 3.159999999999999698 ) ) ;
#4088 = VERTEX_POINT ( 'NONE', #858 ) ;
#4089 = CARTESIAN_POINT ( 'NONE',  ( 8.300000000000000711, -1.455163221085526759, -8.472539674441618374 ) ) ;
#4090 = PRODUCT_CONTEXT ( 'NONE', #4252, 'mechanical' ) ;
#4091 = CARTESIAN_POINT ( 'NONE',  ( -9.250000000000000000, 6.082762530298216674, 3.159999999999999698 ) ) ;
#4092 = VECTOR ( 'NONE', #7, 1000.000000000000000 ) ;
#4093 = EDGE_LOOP ( 'NONE', ( #3795, #1101, #3773, #196 ) ) ;
#4094 = DIRECTION ( 'NONE',  ( -0.000000000000000000, -0.000000000000000000, -1.000000000000000000 ) ) ;
#4095 = EDGE_LOOP ( 'NONE', ( #3447, #4510, #3374, #365 ) ) ;
#4096 = CARTESIAN_POINT ( 'NONE',  ( -8.337378722323579794, 6.032400833819369979, 3.160000000000000142 ) ) ;
#4097 = ORIENTED_EDGE ( 'NONE', *, *, #2423, .T. ) ;
#4098 = DIRECTION ( 'NONE',  ( -0.000000000000000000, -0.000000000000000000, -1.000000000000000000 ) ) ;
#4099 = CARTESIAN_POINT ( 'NONE',  ( 4.724999999999999645, -13.00000000000000355, 0.000000000000000000 ) ) ;
#4100 = LINE ( 'NONE', #2217, #1753 ) ;
#4101 = EDGE_CURVE ( 'NONE', #2651, #618, #229, .T. ) ;
#4102 = ORIENTED_EDGE ( 'NONE', *, *, #2037, .T. ) ;
#4103 = CARTESIAN_POINT ( 'NONE',  ( 8.188545173736509142, 6.002796000324393866, 3.160000000000000142 ) ) ;
#4104 = CARTESIAN_POINT ( 'NONE',  ( 9.950000000000001066, -2.437047130303232761E-15, -8.472539674441618374 ) ) ;
#4105 = CARTESIAN_POINT ( 'NONE',  ( 8.337378722323583347, 6.032400833819362873, 3.160000000000000142 ) ) ;
#4106 = EDGE_LOOP ( 'NONE', ( #4149, #2793, #2197, #4347, #4778 ) ) ;
#4107 = SURFACE_STYLE_FILL_AREA ( #2608 ) ;
#4108 = CARTESIAN_POINT ( 'NONE',  ( -0.05036169647885149064, -8.762621277676418075, 3.160000000000000142 ) ) ;
#4109 = ORIENTED_EDGE ( 'NONE', *, *, #2423, .F. ) ;
#4110 = ADVANCED_FACE ( 'NONE', ( #2371 ), #211, .T. ) ;
#4111 = EDGE_CURVE ( 'NONE', #3532, #3263, #3956, .T. ) ;
#4112 = LINE ( 'NONE', #3383, #4229 ) ;
#4113 = CARTESIAN_POINT ( 'NONE',  ( -8.369984615610194467, 5.418525115168305817, 3.160000000000000142 ) ) ;
#4114 = CARTESIAN_POINT ( 'NONE',  ( -0.08737872232358270819, -8.900361696478842788, 3.160000000000000142 ) ) ;
#4115 = EDGE_CURVE ( 'NONE', #268, #934, #1038, .T. ) ;
#4116 = ORIENTED_EDGE ( 'NONE', *, *, #1375, .F. ) ;
#4117 = CARTESIAN_POINT ( 'NONE',  ( -3.800000000000000266, 8.300000000000000711, -6.608326913195983643 ) ) ;
#4118 = AXIS2_PLACEMENT_3D ( 'NONE', #4795, #692, #3260 ) ;
#4119 = CARTESIAN_POINT ( 'NONE',  ( 8.951121449966091603, 5.934645659804266060, 3.132839654813467156 ) ) ;
#4120 = ORIENTED_EDGE ( 'NONE', *, *, #1702, .T. ) ;
#4121 = CARTESIAN_POINT ( 'NONE',  ( 0.1507667732333506927, 0.000000000000000000, 2.860000000000000320 ) ) ;
#4122 = CARTESIAN_POINT ( 'NONE',  ( 0.1507667732333506927, -9.006191830659554753, 3.159150134390775300 ) ) ;
#4123 = ORIENTED_EDGE ( 'NONE', *, *, #1876, .T. ) ;
#4124 = VECTOR ( 'NONE', #3932, 1000.000000000000000 ) ;
#4125 = ORIENTED_EDGE ( 'NONE', *, *, #4691, .T. ) ;
#4126 = CARTESIAN_POINT ( 'NONE',  ( -0.05036169647885149064, -8.762621277676418075, 3.160000000000000142 ) ) ;
#4127 = VERTEX_POINT ( 'NONE', #2794 ) ;
#4128 = CIRCLE ( 'NONE', #2161, 1.100000000000000977 ) ;
#4129 = CARTESIAN_POINT ( 'NONE',  ( -9.249999999999998224, 5.949963950965117654, 3.060000000000000941 ) ) ;
#4130 = CARTESIAN_POINT ( 'NONE',  ( 8.101121449966091959, 5.934645659804266060, 2.860000000000000320 ) ) ;
#4131 = AXIS2_PLACEMENT_3D ( 'NONE', #226, #2880, #4007 ) ;
#4132 = CARTESIAN_POINT ( 'NONE',  ( 7.249999999999997335, 6.082762530298216674, 3.159999999999999698 ) ) ;
#4133 = AXIS2_PLACEMENT_3D ( 'NONE', #937, #2409, #1293 ) ;
#4134 = EDGE_CURVE ( 'NONE', #4435, #3989, #1205, .T. ) ;
#4135 = ORIENTED_EDGE ( 'NONE', *, *, #2932, .T. ) ;
#4136 = PLANE ( 'NONE',  #1471 ) ;
#4137 = DIRECTION ( 'NONE',  ( -1.000000000000000000, 0.000000000000000000, 0.000000000000000000 ) ) ;
#4138 = CARTESIAN_POINT ( 'NONE',  ( -0.05036169647885137268, -8.937378722323582991, 3.160000000000000142 ) ) ;
#4139 = ORIENTED_EDGE ( 'NONE', *, *, #4448, .T. ) ;
#4140 = ORIENTED_EDGE ( 'NONE', *, *, #48, .F. ) ;
#4141 = CARTESIAN_POINT ( 'NONE',  ( -6.200000000000000178, 8.795429631088417466, 3.160000000000000142 ) ) ;
#4142 = EDGE_CURVE ( 'NONE', #2508, #1645, #3618, .T. ) ;
#4143 = LINE ( 'NONE', #780, #443 ) ;
#4144 = VERTEX_POINT ( 'NONE', #587 ) ;
#4145 = CIRCLE ( 'NONE', #2015, 2.200000000000000622 ) ;
#4146 = FACE_BOUND ( 'NONE', #1673, .T. ) ;
#4147 = DIRECTION ( 'NONE',  ( 1.000000000000000000, 1.105928998847831388E-16, -0.000000000000000000 ) ) ;
#4148 = CARTESIAN_POINT ( 'NONE',  ( 7.551121449966091248, 6.234645659804266771, 3.132986126281307460 ) ) ;
#4149 = ORIENTED_EDGE ( 'NONE', *, *, #1992, .T. ) ;
#4150 = AXIS2_PLACEMENT_3D ( 'NONE', #3586, #3227, #2514 ) ;
#4151 = CARTESIAN_POINT ( 'NONE',  ( -0.6145482626348913735, -8.050334700261794652, 3.159999999999999698 ) ) ;
#4152 = ORIENTED_EDGE ( 'NONE', *, *, #1798, .T. ) ;
#4153 = CARTESIAN_POINT ( 'NONE',  ( -8.754886516525917983, 5.209422447136938139, 3.060000000000000053 ) ) ;
#4154 = DIRECTION ( 'NONE',  ( -0.000000000000000000, -1.000000000000000000, -0.000000000000000000 ) ) ;
#4155 = CARTESIAN_POINT ( 'NONE',  ( 8.170033470026178080, 6.021307704034725816, 3.160000000000000142 ) ) ;
#4156 = CARTESIAN_POINT ( 'NONE',  ( -6.999999999999997335, 12.61999811178220909, 0.000000000000000000 ) ) ;
#4157 = ORIENTED_EDGE ( 'NONE', *, *, #1202, .F. ) ;
#4158 = FACE_OUTER_BOUND ( 'NONE', #4439, .T. ) ;
#4159 = CARTESIAN_POINT ( 'NONE',  ( 0.000000000000000000, 6.234645659804266771, 2.860000000000000320 ) ) ;
#4160 = DIRECTION ( 'NONE',  ( -1.000000000000000000, 0.000000000000000000, 0.000000000000000000 ) ) ;
#4161 = FACE_OUTER_BOUND ( 'NONE', #3566, .T. ) ;
#4162 = DIRECTION ( 'NONE',  ( 1.000000000000000000, -2.219262442614252548E-16, 0.000000000000000000 ) ) ;
#4163 = DIRECTION ( 'NONE',  ( 1.000000000000000000, 0.000000000000000000, 0.000000000000000000 ) ) ;
#4164 = VERTEX_POINT ( 'NONE', #3180 ) ;
#4165 = DIRECTION ( 'NONE',  ( 1.000000000000000000, 0.000000000000000000, 0.000000000000000000 ) ) ;
#4166 = CARTESIAN_POINT ( 'NONE',  ( 8.829462139125537234, 6.276042890244137418, 3.000000000000000000 ) ) ;
#4167 = EDGE_CURVE ( 'NONE', #385, #2508, #3884, .T. ) ;
#4168 = DIRECTION ( 'NONE',  ( -1.253887771891026454E-16, -1.000000000000000000, 0.000000000000000000 ) ) ;
#4169 = CARTESIAN_POINT ( 'NONE',  ( -6.200000000000000178, 12.84283384278765006, 4.400000000000000355 ) ) ;
#4170 = ORIENTED_EDGE ( 'NONE', *, *, #716, .F. ) ;
#4171 = DIRECTION ( 'NONE',  ( 0.000000000000000000, 0.000000000000000000, -1.000000000000000000 ) ) ;
#4172 = CARTESIAN_POINT ( 'NONE',  ( -8.099999999999999645, 5.932762530298217207, 3.159220816642475782 ) ) ;
#4173 = EDGE_CURVE ( 'NONE', #3454, #2668, #4295, .T. ) ;
#4174 = ORIENTED_EDGE ( 'NONE', *, *, #3582, .F. ) ;
#4175 = CARTESIAN_POINT ( 'NONE',  ( -0.5036169647885097023, -9.723787223235824229, 3.159999999999999698 ) ) ;
#4176 = VERTEX_POINT ( 'NONE', #905 ) ;
#4177 = CARTESIAN_POINT ( 'NONE',  ( 0.000000000000000000, -8.849999999999999645, -0.6999999999999999556 ) ) ;
#4178 = EDGE_CURVE ( 'NONE', #1313, #1875, #3560, .T. ) ;
#4179 = DIRECTION ( 'NONE',  ( -0.000000000000000000, -0.000000000000000000, -1.000000000000000000 ) ) ;
#4180 = LINE ( 'NONE', #3013, #278 ) ;
#4181 = VERTEX_POINT ( 'NONE', #3135 ) ;
#4182 = CARTESIAN_POINT ( 'NONE',  ( 5.400000000000001243, 7.250000000000000000, -2.250000000000000000 ) ) ;
#4183 = CARTESIAN_POINT ( 'NONE',  ( -8.162621277676420206, 6.133124226777064258, 3.160000000000000142 ) ) ;
#4184 = DIRECTION ( 'NONE',  ( -1.000000000000000000, 0.000000000000000000, 0.000000000000000000 ) ) ;
#4185 = CARTESIAN_POINT ( 'NONE',  ( 9.350000000000004974, 6.082762530298216674, 3.060000000000000053 ) ) ;
#4186 = CARTESIAN_POINT ( 'NONE',  ( 8.300000000000000711, 5.084013312526304951, -0.6999999999999999556 ) ) ;
#4187 = CARTESIAN_POINT ( 'NONE',  ( 8.382241538213163423, 5.082835263151568306, 3.060000000000000497 ) ) ;
#4188 = EDGE_LOOP ( 'NONE', ( #2209, #1801, #267, #4414 ) ) ;
#4189 = ORIENTED_EDGE ( 'NONE', *, *, #819, .T. ) ;
#4190 = PLANE ( 'NONE',  #1847 ) ;
#4191 = ADVANCED_FACE ( 'NONE', ( #4332 ), #4648, .T. ) ;
#4192 = LINE ( 'NONE', #4216, #620 ) ;
#4193 = CARTESIAN_POINT ( 'NONE',  ( 6.200000000000001954, 5.000000000000003553, 4.400000000000000355 ) ) ;
#4194 = DIRECTION ( 'NONE',  ( 1.000000000000000000, 0.000000000000000000, 0.000000000000000000 ) ) ;
#4195 = LINE ( 'NONE', #442, #4355 ) ;
#4196 = AXIS2_PLACEMENT_3D ( 'NONE', #845, #3824, #1242 ) ;
#4197 = ADVANCED_FACE ( 'NONE', ( #1301 ), #4266, .T. ) ;
#4198 = CARTESIAN_POINT ( 'NONE',  ( -8.511749899941635888, 5.108790688511451350, 3.060000000000000053 ) ) ;
#4199 = EDGE_CURVE ( 'NONE', #2941, #16, #487, .T. ) ;
#4200 = ORIENTED_EDGE ( 'NONE', *, *, #2299, .T. ) ;
#4201 = VECTOR ( 'NONE', #328, 1000.000000000000000 ) ;
#4202 = CARTESIAN_POINT ( 'NONE',  ( -0.06145482626348931082, -8.770033470026179501, 3.160000000000000142 ) ) ;
#4203 = ORIENTED_EDGE ( 'NONE', *, *, #2666, .T. ) ;
#4204 = CARTESIAN_POINT ( 'NONE',  ( -7.745169150789966039, 5.209556839926091421, 3.060000000000000497 ) ) ;
#4205 = PLANE ( 'NONE',  #652 ) ;
#4206 = CARTESIAN_POINT ( 'NONE',  ( 5.999999999999999112, 0.000000000000000000, 0.1999999999999987899 ) ) ;
#4207 = AXIS2_PLACEMENT_3D ( 'NONE', #1830, #1046, #2540 ) ;
#4208 = ORIENTED_EDGE ( 'NONE', *, *, #4461, .F. ) ;
#4209 = CARTESIAN_POINT ( 'NONE',  ( 8.401121449966090893, 0.000000000000000000, 2.860000000000000320 ) ) ;
#4210 = CARTESIAN_POINT ( 'NONE',  ( -9.250000000000000000, 6.082762530298217563, 3.104721359549997839 ) ) ;
#4211 = CARTESIAN_POINT ( 'NONE',  ( 0.000000000000000000, 5.934645659804266060, 2.860000000000000320 ) ) ;
#4212 = AXIS2_PLACEMENT_3D ( 'NONE', #2312, #3074, #1650 ) ;
#4213 = ORIENTED_EDGE ( 'NONE', *, *, #216, .T. ) ;
#4214 = ORIENTED_EDGE ( 'NONE', *, *, #2430, .F. ) ;
#4215 = CARTESIAN_POINT ( 'NONE',  ( -8.099999999999999645, 6.232762530298224135, 2.860000000000000320 ) ) ;
#4217 = CARTESIAN_POINT ( 'NONE',  ( 8.369984615610201573, 5.418525115168312922, 3.160000000000000142 ) ) ;
#4216 = CARTESIAN_POINT ( 'NONE',  ( 8.300000000000000711, 7.081511748070128398, -0.6999999999999999556 ) ) ;
#4218 = EDGE_CURVE ( 'NONE', #2181, #624, #4314, .T. ) ;
#4219 = LINE ( 'NONE', #4169, #914 ) ;
#4220 = CARTESIAN_POINT ( 'NONE',  ( 8.950000000000001066, -2.437047130303232761E-15, -2.250000000000000000 ) ) ;
#4221 = EDGE_CURVE ( 'NONE', #718, #4424, #4044, .T. ) ;
#4222 = CARTESIAN_POINT ( 'NONE',  ( -8.753616964788527355, 5.208975307062404525, 3.060000000000000053 ) ) ;
#4223 = ORIENTED_EDGE ( 'NONE', *, *, #4759, .F. ) ;
#4224 = CARTESIAN_POINT ( 'NONE',  ( -0.02617498999416696670, -8.947397184178678131, 3.160000000000000142 ) ) ;
#4225 = CARTESIAN_POINT ( 'NONE',  ( -7.449435760282304031, 5.469216067430500594, 3.060000000000000497 ) ) ;
#4226 = LINE ( 'NONE', #2355, #728 ) ;
#4227 = DIRECTION ( 'NONE',  ( 0.000000000000000000, 0.000000000000000000, -1.000000000000000000 ) ) ;
#4228 = CARTESIAN_POINT ( 'NONE',  ( -8.329966529973821920, 6.021307704034728481, 3.160000000000000142 ) ) ;
#4229 = VECTOR ( 'NONE', #3249, 1000.000000000000000 ) ;
#4230 = ORIENTED_EDGE ( 'NONE', *, *, #2033, .F. ) ;
#4231 = CARTESIAN_POINT ( 'NONE',  ( 8.300000000000000711, -8.299999999999998934, -2.250000000000000000 ) ) ;
#4232 = CARTESIAN_POINT ( 'NONE',  ( -8.949999999999999289, 5.932762530298217207, 2.860000000000000320 ) ) ;
#4233 = DIRECTION ( 'NONE',  ( -1.000000000000000000, 0.000000000000000000, 0.000000000000000000 ) ) ;
#4234 = DIRECTION ( 'NONE',  ( -1.000000000000000000, 0.000000000000000000, 0.000000000000000000 ) ) ;
#4235 = VERTEX_POINT ( 'NONE', #1018 ) ;
#4236 = AXIS2_PLACEMENT_3D ( 'NONE', #2920, #720, #3717 ) ;
#4237 = ORIENTED_EDGE ( 'NONE', *, *, #1907, .T. ) ;
#4238 = DIRECTION ( 'NONE',  ( -0.000000000000000000, -0.000000000000000000, 1.000000000000000000 ) ) ;
#4240 = CARTESIAN_POINT ( 'NONE',  ( -8.300000000000000711, -8.300000000000000711, 0.000000000000000000 ) ) ;
#4239 = LINE ( 'NONE', #3929, #4796 ) ;
#4241 = DIRECTION ( 'NONE',  ( -0.000000000000000000, -0.000000000000000000, -1.000000000000000000 ) ) ;
#4242 = ORIENTED_EDGE ( 'NONE', *, *, #395, .T. ) ;
#4243 = CARTESIAN_POINT ( 'NONE',  ( -11.72499999999999964, -13.00000000000000000, 1.899999999999999911 ) ) ;
#4244 = CARTESIAN_POINT ( 'NONE',  ( -7.376212776764170087, 6.586379495086701397, 3.060000000000000053 ) ) ;
#4245 = CARTESIAN_POINT ( 'NONE',  ( -0.1322415382129701611, -9.850072732853355717, 3.060000000000000053 ) ) ;
#4246 = CARTESIAN_POINT ( 'NONE',  ( -0.1000000000000009076, -8.849999999999999645, 3.160000000000000142 ) ) ;
#4247 = VECTOR ( 'NONE', #2971, 1000.000000000000000 ) ;
#4248 = ORIENTED_EDGE ( 'NONE', *, *, #1148, .F. ) ;
#4249 = CARTESIAN_POINT ( 'NONE',  ( -8.767206923215333347, 6.232762530298252557, 3.147998616989945209 ) ) ;
#4250 = CARTESIAN_POINT ( 'NONE',  ( -8.400000000000000355, 0.000000000000000000, 2.860000000000000320 ) ) ;
#4251 = DIRECTION ( 'NONE',  ( 1.000000000000000000, 0.000000000000000000, 0.000000000000000000 ) ) ;
#4252 = APPLICATION_CONTEXT ( 'automotive_design' ) ;
#4253 = ORIENTED_EDGE ( 'NONE', *, *, #3544, .F. ) ;
#4254 = CARTESIAN_POINT ( 'NONE',  ( -3.800000000000000266, 5.299999999999999822, 0.000000000000000000 ) ) ;
#4255 = FACE_OUTER_BOUND ( 'NONE', #3413, .T. ) ;
#4256 = CARTESIAN_POINT ( 'NONE',  ( -8.949999999999999289, 6.082762530298217563, 3.134535599249992810 ) ) ;
#4257 = EDGE_CURVE ( 'NONE', #24, #3215, #3251, .T. ) ;
#4258 = EDGE_CURVE ( 'NONE', #3317, #109, #1447, .T. ) ;
#4259 = ORIENTED_EDGE ( 'NONE', *, *, #2033, .T. ) ;
#4260 = FACE_OUTER_BOUND ( 'NONE', #2316, .T. ) ;
#4262 = CARTESIAN_POINT ( 'NONE',  ( -8.400000000000000355, 0.000000000000000000, 2.860000000000000320 ) ) ;
#4261 = DIRECTION ( 'NONE',  ( 1.000000000000000000, 0.000000000000000000, 0.000000000000000000 ) ) ;
#4263 = PLANE ( 'NONE',  #755 ) ;
#4264 = ORIENTED_EDGE ( 'NONE', *, *, #1393, .F. ) ;
#4265 = AXIS2_PLACEMENT_3D ( 'NONE', #1703, #2488, #1564 ) ;
#4266 = PLANE ( 'NONE',  #4758 ) ;
#4267 = CARTESIAN_POINT ( 'NONE',  ( 0.1507667732333506927, -9.339490692924865556, 3.148895212699493573 ) ) ;
#4268 = DIRECTION ( 'NONE',  ( -1.000000000000000000, 0.000000000000000000, 0.000000000000000000 ) ) ;
#4269 = AXIS2_PLACEMENT_3D ( 'NONE', #3569, #2823, #4319 ) ;
#4270 = VERTEX_POINT ( 'NONE', #4764 ) ;
#4271 = CARTESIAN_POINT ( 'NONE',  ( -8.583801016129623207, 6.232762530298252557, 3.156147842791836133 ) ) ;
#4272 = CARTESIAN_POINT ( 'NONE',  ( 0.7007667732333509036, -8.849999999999996092, 3.134459308978564174 ) ) ;
#4273 = CARTESIAN_POINT ( 'NONE',  ( -1.000000000000000888, -8.719102487751138497, 3.060000000000000053 ) ) ;
#4274 = EDGE_CURVE ( 'NONE', #1896, #1970, #3986, .T. ) ;
#4275 = CARTESIAN_POINT ( 'NONE',  ( -8.199638303521146199, 5.995383807974635992, 3.160000000000000142 ) ) ;
#4276 = ORIENTED_EDGE ( 'NONE', *, *, #216, .F. ) ;
#4277 = DIRECTION ( 'NONE',  ( -0.000000000000000000, -0.000000000000000000, 1.000000000000000000 ) ) ;
#4278 = CARTESIAN_POINT ( 'NONE',  ( -8.863649322655250629, 6.883429629803639926, 3.060000000000000053 ) ) ;
#4279 = CARTESIAN_POINT ( 'NONE',  ( -0.6080207958786365552, -9.006191830659554753, 3.142154304474608306 ) ) ;
#4280 = AXIS2_PLACEMENT_3D ( 'NONE', #2843, #3967, #3236 ) ;
#4281 = CARTESIAN_POINT ( 'NONE',  ( 7.635451737365110958, 5.283097230560009017, 3.060000000000000053 ) ) ;
#4282 = ORIENTED_EDGE ( 'NONE', *, *, #183, .T. ) ;
#4283 = ADVANCED_FACE ( 'NONE', ( #251 ), #3277, .T. ) ;
#4284 = AXIS2_PLACEMENT_3D ( 'NONE', #539, #3860, #3491 ) ;
#4285 = VERTEX_POINT ( 'NONE', #1428 ) ;
#4286 = DIRECTION ( 'NONE',  ( 0.000000000000000000, 0.000000000000000000, -1.000000000000000000 ) ) ;
#4287 = DIRECTION ( 'NONE',  ( -1.000000000000000000, 3.154042683594223224E-15, 0.000000000000000000 ) ) ;
#4288 = PRODUCT_DEFINITION_FORMATION_WITH_SPECIFIED_SOURCE ( 'ANY', '', #705, .NOT_KNOWN. ) ;
#4289 = B_SPLINE_CURVE_WITH_KNOTS ( 'NONE', 3,
 ( #3808, #1607, #3442, #2367, #831, #1204, #3488 ),
 .UNSPECIFIED., .F., .F.,
 ( 4, 3, 4 ),
 ( 8.673617379884035472E-19, 0.0003336493136564548027, 0.0005507447198942263004 ),
 .UNSPECIFIED. ) ;
#4290 = CIRCLE ( 'NONE', #61, 3.500000000000000000 ) ;
#4292 = CARTESIAN_POINT ( 'NONE',  ( -0.1492332267669233270, -9.484146523261255624, 3.139778623821834369 ) ) ;
#4291 = LINE ( 'NONE', #2764, #2761 ) ;
#4293 = CARTESIAN_POINT ( 'NONE',  ( -9.950000000000001066, 1.218523565151616775E-15, -2.250000000000000444 ) ) ;
#4294 = ORIENTED_EDGE ( 'NONE', *, *, #2650, .T. ) ;
#4295 = LINE ( 'NONE', #2022, #4040 ) ;
#4296 = ADVANCED_FACE ( 'NONE', ( #4012 ), #4361, .F. ) ;
#4297 = ORIENTED_EDGE ( 'NONE', *, *, #4406, .F. ) ;
#4298 = ORIENTED_EDGE ( 'NONE', *, *, #2790, .F. ) ;
#4299 = EDGE_CURVE ( 'NONE', #79, #2171, #3708, .T. ) ;
#4300 = CARTESIAN_POINT ( 'NONE',  ( -8.400000000000000355, 6.232762530298217030, 3.159220816642476670 ) ) ;
#4301 = LINE ( 'NONE', #1714, #1278 ) ;
#4302 = DIRECTION ( 'NONE',  ( 0.000000000000000000, 0.000000000000000000, 1.000000000000000000 ) ) ;
#4303 = VECTOR ( 'NONE', #1185, 1000.000000000000000 ) ;
#4304 = VERTEX_POINT ( 'NONE', #3630 ) ;
#4305 = CARTESIAN_POINT ( 'NONE',  ( -8.399999999999998579, 5.932762530298216319, 3.159220816642475782 ) ) ;
#4306 = CARTESIAN_POINT ( 'NONE',  ( 8.754886516525770546, 6.956102613459540507, 3.059999999999999165 ) ) ;
#4307 = CARTESIAN_POINT ( 'NONE',  ( 8.753616964788536237, 6.956549753534030600, 3.060000000000000053 ) ) ;
#4308 = AXIS2_PLACEMENT_3D ( 'NONE', #3597, #2054, #2498 ) ;
#4309 = DIRECTION ( 'NONE',  ( -0.000000000000000000, -0.000000000000000000, -1.000000000000000000 ) ) ;
#4310 = CARTESIAN_POINT ( 'NONE',  ( 0.01308975122489177377, -8.950000000000001066, 3.160000000000000142 ) ) ;
#4311 = CARTESIAN_POINT ( 'NONE',  ( 0.000000000000000000, 5.934645659804266060, 2.860000000000000320 ) ) ;
#4312 = CARTESIAN_POINT ( 'NONE',  ( 8.101121449966091959, 5.825276561141414788, 3.158194665351806485 ) ) ;
#4313 = ORIENTED_EDGE ( 'NONE', *, *, #2442, .T. ) ;
#4314 = LINE ( 'NONE', #2465, #1768 ) ;
#4315 = EDGE_CURVE ( 'NONE', #1663, #3919, #3688, .T. ) ;
#4316 = VERTEX_POINT ( 'NONE', #1454 ) ;
#4317 = EDGE_CURVE ( 'NONE', #4164, #398, #3300, .T. ) ;
#4318 = CARTESIAN_POINT ( 'NONE',  ( -7.276028158213256880, 6.344512430239910294, 3.060000000000000053 ) ) ;
#4319 = DIRECTION ( 'NONE',  ( -1.000000000000000000, 0.000000000000000000, 0.000000000000000000 ) ) ;
#4320 = CARTESIAN_POINT ( 'NONE',  ( 7.551121449966091248, 6.234645659804266771, 3.132986126281307460 ) ) ;
#4321 = CARTESIAN_POINT ( 'NONE',  ( 0.7996652997382099892, -9.464548262634885134, 3.060000000000000053 ) ) ;
#4322 = ORIENTED_EDGE ( 'NONE', *, *, #1446, .T. ) ;
#4323 = EDGE_CURVE ( 'NONE', #86, #2039, #3229, .T. ) ;
#4324 = CARTESIAN_POINT ( 'NONE',  ( 7.988250100058359671, 5.108790688511448685, 3.060000000000000053 ) ) ;
#4325 = CARTESIAN_POINT ( 'NONE',  ( 9.250000000000003553, 6.082762530298216674, 3.060000000000000053 ) ) ;
#4326 = DIRECTION ( 'NONE',  ( -2.098455817713879566E-16, 1.000000000000000000, 0.000000000000000000 ) ) ;
#4327 = CARTESIAN_POINT ( 'NONE',  ( -4.184992307805102563, 5.000000000000000888, 3.160000000000000142 ) ) ;
#4328 = ORIENTED_EDGE ( 'NONE', *, *, #505, .F. ) ;
#4329 = CARTESIAN_POINT ( 'NONE',  ( 6.200000000000001066, 8.795429631088410360, 3.160000000000000142 ) ) ;
#4330 = LINE ( 'NONE', #2785, #4526 ) ;
#4331 = FACE_BOUND ( 'NONE', #2693, .T. ) ;
#4332 = FACE_OUTER_BOUND ( 'NONE', #3823, .T. ) ;
#4333 = EDGE_CURVE ( 'NONE', #4360, #1939, #3917, .T. ) ;
#4334 = B_SPLINE_CURVE_WITH_KNOTS ( 'NONE', 3,
 ( #3881, #510, #902, #145 ),
 .UNSPECIFIED., .F., .F.,
 ( 4, 4 ),
 ( 8.673617379884035472E-19, 0.0001481164296481727823 ),
 .UNSPECIFIED. ) ;
#4335 = CARTESIAN_POINT ( 'NONE',  ( 8.101121449966091959, 6.784645659804266593, 3.132745156015924959 ) ) ;
#4336 = VERTEX_POINT ( 'NONE', #4384 ) ;
#4337 = CARTESIAN_POINT ( 'NONE',  ( -7.276028158213240005, 5.821012630356573681, 3.160000000000020126 ) ) ;
#4338 = ORIENTED_EDGE ( 'NONE', *, *, #389, .F. ) ;
#4339 = CARTESIAN_POINT ( 'NONE',  ( 8.250000000000000000, 6.082762530298216674, 3.060000000000000053 ) ) ;
#4340 = CARTESIAN_POINT ( 'NONE',  ( 4.724999999999999645, 12.99999999999999822, -1.199999999999999956 ) ) ;
#4341 = CARTESIAN_POINT ( 'NONE',  ( 0.5036169647885140321, -7.976212776764180390, 3.060000000000000053 ) ) ;
#4342 = EDGE_CURVE ( 'NONE', #1334, #242, #999, .T. ) ;
#4343 = ORIENTED_EDGE ( 'NONE', *, *, #4840, .T. ) ;
#4344 = CARTESIAN_POINT ( 'NONE',  ( -7.989519651795592203, 7.057181512159468539, 3.059999999999999609 ) ) ;
#4345 = CARTESIAN_POINT ( 'NONE',  ( -7.550000000000000711, 5.932762530298217207, 3.132913281108376857 ) ) ;
#4346 = CARTESIAN_POINT ( 'NONE',  ( 7.746383035211465540, 6.956549753534030600, 3.060000000000000053 ) ) ;
#4347 = ORIENTED_EDGE ( 'NONE', *, *, #4494, .F. ) ;
#4348 = DIRECTION ( 'NONE',  ( -1.000000000000000000, 1.253887771891026454E-16, 0.000000000000000000 ) ) ;
#4349 = AXIS2_PLACEMENT_3D ( 'NONE', #4596, #2720, #2044 ) ;
#4350 = LINE ( 'NONE', #4327, #2623 ) ;
#4351 = AXIS2_PLACEMENT_3D ( 'NONE', #2728, #4579, #1187 ) ;
#4352 = EDGE_LOOP ( 'NONE', ( #2724, #839, #1774, #2947, #3838, #2327, #3416, #3352, #4170, #2886, #2133, #1895 ) ) ;
#4353 = CARTESIAN_POINT ( 'NONE',  ( 4.724999999999999645, 13.00000000000000000, -1.199999999999999956 ) ) ;
#4354 = DIRECTION ( 'NONE',  ( -0.000000000000000000, -0.000000000000000000, -1.000000000000000000 ) ) ;
#4355 = VECTOR ( 'NONE', #2678, 1000.000000000000000 ) ;
#4356 = FACE_OUTER_BOUND ( 'NONE', #1028, .T. ) ;
#4357 = VECTOR ( 'NONE', #2337, 1000.000000000000000 ) ;
#4358 = VECTOR ( 'NONE', #4784, 1000.000000000000000 ) ;
#4359 = DIRECTION ( 'NONE',  ( -0.000000000000000000, -0.000000000000000000, 1.000000000000000000 ) ) ;
#4360 = VERTEX_POINT ( 'NONE', #4810 ) ;
#4361 = PLANE ( 'NONE',  #3103 ) ;
#4362 = VECTOR ( 'NONE', #771, 1000.000000000000000 ) ;
#4363 = EDGE_CURVE ( 'NONE', #1875, #1313, #495, .T. ) ;
#4364 = ORIENTED_EDGE ( 'NONE', *, *, #3880, .F. ) ;
#4365 = ORIENTED_EDGE ( 'NONE', *, *, #4342, .F. ) ;
#4366 = CARTESIAN_POINT ( 'NONE',  ( -8.150000000000000355, 6.095852281523113980, 3.160000000000000142 ) ) ;
#4367 = VERTEX_POINT ( 'NONE', #4410 ) ;
#4368 = CARTESIAN_POINT ( 'NONE',  ( 0.000000000000000000, 6.232762530298217030, 2.860000000000000320 ) ) ;
#4369 = DIRECTION ( 'NONE',  ( 0.000000000000000000, -1.000000000000000000, 0.000000000000000000 ) ) ;
#4370 = CARTESIAN_POINT ( 'NONE',  ( -9.950000000000001066, 1.218523565151616775E-15, 0.000000000000000000 ) ) ;
#4371 = CARTESIAN_POINT ( 'NONE',  ( 9.250000000000003553, 6.082762530298216674, 3.060000000000000053 ) ) ;
#4372 = ORIENTED_EDGE ( 'NONE', *, *, #1127, .F. ) ;
#4373 = CARTESIAN_POINT ( 'NONE',  ( 8.300000000000000711, -8.299999999999998934, -0.7000000000000000666 ) ) ;
#4374 = CARTESIAN_POINT ( 'NONE',  ( 9.250000000000003553, 5.951865018049240952, 3.060000000000000053 ) ) ;
#4375 = CARTESIAN_POINT ( 'NONE',  ( -0.5164395374412283912, -9.006191830659595610, 3.147934877325698544 ) ) ;
#4376 = CARTESIAN_POINT ( 'NONE',  ( 7.988250100058359671, 5.108790688511448685, 3.060000000000000053 ) ) ;
#4377 = ORIENTED_EDGE ( 'NONE', *, *, #2063, .T. ) ;
#4378 = ORIENTED_EDGE ( 'NONE', *, *, #2314, .F. ) ;
#4379 = CARTESIAN_POINT ( 'NONE',  ( -8.400000000000000355, 6.232762530298217030, 3.159220816642476670 ) ) ;
#4380 = DIRECTION ( 'NONE',  ( -1.000000000000000000, 0.000000000000000000, 0.000000000000000000 ) ) ;
#4381 = VECTOR ( 'NONE', #4694, 1000.000000000000000 ) ;
#4382 = CYLINDRICAL_SURFACE ( 'NONE', #4785, 7.000000000000000000 ) ;
#4383 = ORIENTED_EDGE ( 'NONE', *, *, #1818, .F. ) ;
#4384 = CARTESIAN_POINT ( 'NONE',  ( 10.82698101456414719, 6.375633764657958835, 3.160000000000000142 ) ) ;
#4385 = VECTOR ( 'NONE', #1059, 1000.000000000000000 ) ;
#4386 = ORIENTED_EDGE ( 'NONE', *, *, #2467, .T. ) ;
#4387 = ORIENTED_EDGE ( 'NONE', *, *, #2622, .T. ) ;
#4388 = ADVANCED_FACE ( 'NONE', ( #659 ), #2931, .T. ) ;
#4389 = CARTESIAN_POINT ( 'NONE',  ( -8.236910248775114241, 5.982762530298217918, 3.160000000000000142 ) ) ;
#4390 = LINE ( 'NONE', #2147, #2672 ) ;
#4391 = LINE ( 'NONE', #350, #1356 ) ;
#4392 = CARTESIAN_POINT ( 'NONE',  ( -1.000000000000000888, -8.850000000000001421, 3.159999999999999698 ) ) ;
#4393 = CARTESIAN_POINT ( 'NONE',  ( -0.1492332267666492129, -8.156191830659555109, 3.133555375039716040 ) ) ;
#4394 = VERTEX_POINT ( 'NONE', #2189 ) ;
#4395 = CARTESIAN_POINT ( 'NONE',  ( -10.94999999999999929, 1.218523565151616775E-15, -0.2499999999999997780 ) ) ;
#4396 = CARTESIAN_POINT ( 'NONE',  ( 8.263089751224887536, 6.182762530298219872, 3.160000000000000142 ) ) ;
#4397 = DIRECTION ( 'NONE',  ( 0.000000000000000000, -1.000000000000000000, 0.000000000000000000 ) ) ;
#4398 = CARTESIAN_POINT ( 'NONE',  ( 7.746383035211466428, 6.956549753534030600, 3.159999999999993037 ) ) ;
#4399 = EDGE_LOOP ( 'NONE', ( #2517, #737, #3256, #3381, #1064, #1780, #1414, #680 ) ) ;
#4400 = CARTESIAN_POINT ( 'NONE',  ( 9.950000000000001066, -2.437047130303232761E-15, -8.472539674441618374 ) ) ;
#4401 = EDGE_CURVE ( 'NONE', #1445, #4014, #4460, .T. ) ;
#4402 = ORIENTED_EDGE ( 'NONE', *, *, #1317, .F. ) ;
#4403 = VECTOR ( 'NONE', #59, 1000.000000000000000 ) ;
#4404 = CARTESIAN_POINT ( 'NONE',  ( -8.100000000000017408, 6.324659668654705413, 3.158314189168995867 ) ) ;
#4405 = LINE ( 'NONE', #654, #3337 ) ;
#4406 = EDGE_CURVE ( 'NONE', #1885, #2882, #41, .T. ) ;
#4407 = CARTESIAN_POINT ( 'NONE',  ( -0.07996652997382110162, -8.911454826263488727, 3.160000000000000142 ) ) ;
#4408 = ADVANCED_FACE ( 'NONE', ( #3347 ), #1477, .T. ) ;
#4409 = DIRECTION ( 'NONE',  ( 0.000000000000000000, -0.000000000000000000, -1.000000000000000000 ) ) ;
#4410 = CARTESIAN_POINT ( 'NONE',  ( -0.1492332267666492129, -8.156191830659555109, 2.860000000000000320 ) ) ;
#4411 = ORIENTED_EDGE ( 'NONE', *, *, #3168, .F. ) ;
#4412 = ORIENTED_EDGE ( 'NONE', *, *, #4142, .T. ) ;
#4413 = CARTESIAN_POINT ( 'NONE',  ( -8.263089751224887536, 5.982762530298217918, 3.160000000000000142 ) ) ;
#4414 = ORIENTED_EDGE ( 'NONE', *, *, #3373, .F. ) ;
#4415 = DIRECTION ( 'NONE',  ( -1.000000000000000000, 0.000000000000000000, 0.000000000000000000 ) ) ;
#4416 = FACE_OUTER_BOUND ( 'NONE', #3089, .T. ) ;
#4417 = CARTESIAN_POINT ( 'NONE',  ( 0.8737872232358130375, -9.353616964788530552, 3.159999999999999698 ) ) ;
#4418 = DIRECTION ( 'NONE',  ( -0.000000000000000000, 1.000000000000000000, 0.000000000000000000 ) ) ;
#4419 = ORIENTED_EDGE ( 'NONE', *, *, #84, .F. ) ;
#4420 = DIRECTION ( 'NONE',  ( -1.000000000000000000, 3.593355771666243492E-15, 0.000000000000000000 ) ) ;
#4421 = CARTESIAN_POINT ( 'NONE',  ( 8.300361696478853801, 6.170141252621800909, 3.160000000000000142 ) ) ;
#4422 = CARTESIAN_POINT ( 'NONE',  ( 8.401121449966090893, 6.784645659804266593, 3.132696012259353235 ) ) ;
#4423 = CARTESIAN_POINT ( 'NONE',  ( 8.119102487751133523, 7.082762530298219339, 3.159999999999999698 ) ) ;
#4424 = VERTEX_POINT ( 'NONE', #2999 ) ;
#4425 = CARTESIAN_POINT ( 'NONE',  ( -5.249999999999998224, 5.000000000000000888, 4.400000000000000355 ) ) ;
#4426 = ORIENTED_EDGE ( 'NONE', *, *, #1602, .T. ) ;
#4427 = EDGE_CURVE ( 'NONE', #633, #3677, #2236, .T. ) ;
#4428 = PRODUCT_RELATED_PRODUCT_CATEGORY ( 'part', '', ( #705 ) ) ;
#4429 = DIRECTION ( 'NONE',  ( 1.000000000000000000, -5.782411586589291769E-15, 0.000000000000000000 ) ) ;
#4430 = EDGE_CURVE ( 'NONE', #3046, #662, #1873, .T. ) ;
#4431 = LINE ( 'NONE', #584, #580 ) ;
#4432 = VECTOR ( 'NONE', #3264, 1000.000000000000000 ) ;
#4433 = CARTESIAN_POINT ( 'NONE',  ( -0.7996652997382099892, -8.235451737365114155, 3.159999999999999698 ) ) ;
#4434 = VECTOR ( 'NONE', #4599, 1000.000000000000000 ) ;
#4435 = VERTEX_POINT ( 'NONE', #3367 ) ;
#4436 = CARTESIAN_POINT ( 'NONE',  ( -8.949999999999999289, 0.000000000000000000, 2.860000000000000320 ) ) ;
#4437 = AXIS2_PLACEMENT_3D ( 'NONE', #1181, #4546, #3370 ) ;
#4438 = CARTESIAN_POINT ( 'NONE',  ( -0.7996652997382098782, -8.235451737365114155, 3.060000000000000053 ) ) ;
#4439 = EDGE_LOOP ( 'NONE', ( #2509, #3702, #1022, #2140 ) ) ;
#4440 = AXIS2_PLACEMENT_3D ( 'NONE', #1248, #508, #2013 ) ;
#4441 = CARTESIAN_POINT ( 'NONE',  ( -8.380897512248862924, 5.082762530298218451, 3.159999999999999698 ) ) ;
#4442 = ORIENTED_EDGE ( 'NONE', *, *, #4317, .F. ) ;
#4443 = CARTESIAN_POINT ( 'NONE',  ( -6.999999999999997335, 12.61999811178220909, -1.199999999999999956 ) ) ;
#4444 = PLANE ( 'NONE',  #2070 ) ;
#4445 = VECTOR ( 'NONE', #36, 1000.000000000000000 ) ;
#4446 = ORIENTED_EDGE ( 'NONE', *, *, #2088, .T. ) ;
#4447 = DIRECTION ( 'NONE',  ( -1.000000000000000000, 0.000000000000000000, 0.000000000000000000 ) ) ;
#4448 = EDGE_CURVE ( 'NONE', #3156, #812, #1094, .T. ) ;
#4449 = CARTESIAN_POINT ( 'NONE',  ( 9.250000000000003553, 6.213660042547193285, 3.159999999999999698 ) ) ;
#4450 = DIRECTION ( 'NONE',  ( -1.000000000000000000, 0.000000000000000000, 0.000000000000000000 ) ) ;
#4451 = CARTESIAN_POINT ( 'NONE',  ( 9.250000000000003553, 5.951865018049240952, 3.159999999999999698 ) ) ;
#4452 = ORIENTED_EDGE ( 'NONE', *, *, #183, .F. ) ;
#4453 = DIRECTION ( 'NONE',  ( 0.000000000000000000, 1.000000000000000000, 0.000000000000000000 ) ) ;
#4454 = VERTEX_POINT ( 'NONE', #4141 ) ;
#4455 = CARTESIAN_POINT ( 'NONE',  ( -0.6992332267666493406, -9.006191830659554753, 3.132853382035026168 ) ) ;
#4456 = CARTESIAN_POINT ( 'NONE',  ( 0.000000000000000000, 5.934645659804266060, 2.860000000000000320 ) ) ;
#4457 = CARTESIAN_POINT ( 'NONE',  ( -7.250000000000000000, 6.213660042547187068, 3.159999999999999698 ) ) ;
#4458 = CARTESIAN_POINT ( 'NONE',  ( -0.5036169647885104794, -7.976212776764185719, 3.159999999999999698 ) ) ;
#4459 = VERTEX_POINT ( 'NONE', #1173 ) ;
#4460 = LINE ( 'NONE', #1071, #2791 ) ;
#4461 = EDGE_CURVE ( 'NONE', #2253, #4464, #49, .T. ) ;
#4462 = AXIS2_PLACEMENT_3D ( 'NONE', #973, #2230, #3984 ) ;
#4463 = CARTESIAN_POINT ( 'NONE',  ( -1.000000000000000888, -8.719102487751138497, 3.060000000000000053 ) ) ;
#4464 = VERTEX_POINT ( 'NONE', #3728 ) ;
#4465 = CARTESIAN_POINT ( 'NONE',  ( -8.188545173736510918, 6.002796000324396530, 3.160000000000000142 ) ) ;
#4466 = VERTEX_POINT ( 'NONE', #753 ) ;
#4467 = CIRCLE ( 'NONE', #758, 1.000000000000000888 ) ;
#4468 = CARTESIAN_POINT ( 'NONE',  ( 8.951121449966091603, 5.934645659804266060, 2.860000000000000320 ) ) ;
#4469 = CARTESIAN_POINT ( 'NONE',  ( 0.000000000000000000, 5.932762530298217207, 2.860000000000000320 ) ) ;
#4470 = CARTESIAN_POINT ( 'NONE',  ( -0.1308975122489208498, -9.850000000000001421, 3.159999999999999698 ) ) ;
#4471 = EDGE_CURVE ( 'NONE', #983, #1578, #4753, .T. ) ;
#4472 = CARTESIAN_POINT ( 'NONE',  ( -6.999999999999996447, 12.61999811178220909, -1.199999999999999956 ) ) ;
#4473 = EDGE_CURVE ( 'NONE', #3479, #1554, #3752, .T. ) ;
#4474 = ORIENTED_EDGE ( 'NONE', *, *, #4853, .F. ) ;
#4475 = CARTESIAN_POINT ( 'NONE',  ( 8.311454826263490858, 6.002796000324393866, 3.160000000000000142 ) ) ;
#4476 = FACE_OUTER_BOUND ( 'NONE', #2351, .T. ) ;
#4477 = CARTESIAN_POINT ( 'NONE',  ( 8.511749899941641218, 5.108790688511448685, 3.159999999999993037 ) ) ;
#4478 = CARTESIAN_POINT ( 'NONE',  ( 8.401121449966090893, 6.234645659804266771, 3.159190879356658321 ) ) ;
#4479 = CARTESIAN_POINT ( 'NONE',  ( -0.08737872232358272206, -8.799638303521158278, 3.160000000000000142 ) ) ;
#4480 = EDGE_CURVE ( 'NONE', #242, #775, #1608, .T. ) ;
#4481 = ORIENTED_EDGE ( 'NONE', *, *, #1495, .T. ) ;
#4482 = CARTESIAN_POINT ( 'NONE',  ( -0.6992332267666491186, -8.854735506378851539, 3.134611714230939761 ) ) ;
#4483 = CARTESIAN_POINT ( 'NONE',  ( -7.450334700261796783, 5.468214267663326744, 3.159999999999994369 ) ) ;
#4484 = CARTESIAN_POINT ( 'NONE',  ( -0.09739718417867623823, -8.876174989994177977, 3.160000000000000142 ) ) ;
#4485 = CARTESIAN_POINT ( 'NONE',  ( -1.000000000000000888, -8.719102487751140274, 3.159999999999999698 ) ) ;
#4486 = CYLINDRICAL_SURFACE ( 'NONE', #1549, 1.000000000000002665 ) ;
#4487 = AXIS2_PLACEMENT_3D ( 'NONE', #4400, #1035, #3975 ) ;
#4488 = ORIENTED_EDGE ( 'NONE', *, *, #696, .F. ) ;
#4489 = FACE_OUTER_BOUND ( 'NONE', #4644, .T. ) ;
#4490 = CARTESIAN_POINT ( 'NONE',  ( -0.9739718417867219147, -8.588250100058250069, 3.060000000000000053 ) ) ;
#4491 = CARTESIAN_POINT ( 'NONE',  ( 7.551121449966091248, 5.934645659804266060, 3.133068244959285931 ) ) ;
#4492 = CARTESIAN_POINT ( 'NONE',  ( 5.400000000000001243, 6.050000000000000711, 0.000000000000000000 ) ) ;
#4493 = CARTESIAN_POINT ( 'NONE',  ( -4.724999999999998757, 13.00000000000000000, 4.400000000000000355 ) ) ;
#4494 = EDGE_CURVE ( 'NONE', #3706, #2135, #1897, .T. ) ;
#4495 = CARTESIAN_POINT ( 'NONE',  ( 7.733917141212107715, 6.234645659804309403, 3.148031639504564438 ) ) ;
#4496 = ORIENTED_EDGE ( 'NONE', *, *, #1580, .T. ) ;
#4497 = CARTESIAN_POINT ( 'NONE',  ( 0.9739718417867604394, -9.111749899941658626, 3.159999999999999698 ) ) ;
#4498 = ORIENTED_EDGE ( 'NONE', *, *, #2385, .T. ) ;
#4499 = CARTESIAN_POINT ( 'NONE',  ( 8.149999999999996803, 6.095852281523113980, 3.160000000000000142 ) ) ;
#4500 = LINE ( 'NONE', #5, #3207 ) ;
#4501 = CARTESIAN_POINT ( 'NONE',  ( 9.223971841786754666, 5.821012630356565687, 3.159999999999980158 ) ) ;
#4502 = EDGE_CURVE ( 'NONE', #3989, #4336, #1853, .T. ) ;
#4503 = CARTESIAN_POINT ( 'NONE',  ( -0.09739718417867630762, -8.823825010005823088, 3.160000000000000142 ) ) ;
#4504 = ORIENTED_EDGE ( 'NONE', *, *, #1547, .F. ) ;
#4505 = ORIENTED_EDGE ( 'NONE', *, *, #847, .T. ) ;
#4506 = DIRECTION ( 'NONE',  ( -1.000000000000000000, 0.000000000000000000, -0.000000000000000000 ) ) ;
#4507 = DIRECTION ( 'NONE',  ( 0.000000000000000000, -1.000000000000000000, 0.000000000000000000 ) ) ;
#4508 = AXIS2_PLACEMENT_3D ( 'NONE', #717, #2601, #3372 ) ;
#4509 = ORIENTED_EDGE ( 'NONE', *, *, #3825, .F. ) ;
#4510 = ORIENTED_EDGE ( 'NONE', *, *, #962, .T. ) ;
#4511 = CARTESIAN_POINT ( 'NONE',  ( -8.250000000000000000, 6.082762530298216674, -0.6999999999999999556 ) ) ;
#4512 = CARTESIAN_POINT ( 'NONE',  ( 0.8737872232358500080, -8.346383035211561108, 3.060000000000000053 ) ) ;
#4513 = VECTOR ( 'NONE', #3284, 1000.000000000000000 ) ;
#4514 = LINE ( 'NONE', #348, #3203 ) ;
#4515 = DIRECTION ( 'NONE',  ( -1.000000000000000000, -3.317786996543495766E-16, 0.000000000000000000 ) ) ;
#4516 = DIRECTION ( 'NONE',  ( 0.000000000000000000, 0.000000000000000000, -1.000000000000000000 ) ) ;
#4517 = ADVANCED_FACE ( 'NONE', ( #4489 ), #804, .T. ) ;
#4518 = CARTESIAN_POINT ( 'NONE',  ( 7.825512347133456892, 6.234645659804309403, 3.152088682259567953 ) ) ;
#4519 = VECTOR ( 'NONE', #2956, 1000.000000000000000 ) ;
#4520 = ORIENTED_EDGE ( 'NONE', *, *, #2442, .F. ) ;
#4521 = CARTESIAN_POINT ( 'NONE',  ( 0.9739718417867244682, -8.588250100058250069, 3.159999999999999698 ) ) ;
#4522 = ORIENTED_EDGE ( 'NONE', *, *, #4811, .T. ) ;
#4523 = AXIS2_PLACEMENT_3D ( 'NONE', #3507, #4194, #4171 ) ;
#4524 = FACE_OUTER_BOUND ( 'NONE', #2840, .T. ) ;
#4525 = DIRECTION ( 'NONE',  ( -0.000000000000000000, -1.000000000000000000, -0.000000000000000000 ) ) ;
#4526 = VECTOR ( 'NONE', #874, 1000.000000000000000 ) ;
#4527 = CARTESIAN_POINT ( 'NONE',  ( 0.000000000000000000, -8.849999999999999645, 0.000000000000000000 ) ) ;
#4528 = ORIENTED_EDGE ( 'NONE', *, *, #548, .F. ) ;
#4529 = AXIS2_PLACEMENT_3D ( 'NONE', #3121, #765, #401 ) ;
#4530 = EDGE_LOOP ( 'NONE', ( #4402, #3005, #3988, #3205 ) ) ;
#4531 = CARTESIAN_POINT ( 'NONE',  ( -8.399999999999998579, 5.932762530298216319, 3.159220816642475782 ) ) ;
#4532 = DIRECTION ( 'NONE',  ( -1.000000000000000000, -1.734723475976807094E-15, 0.000000000000000000 ) ) ;
#4533 = LINE ( 'NONE', #2663, #582 ) ;
#4534 = EDGE_CURVE ( 'NONE', #1829, #775, #1118, .T. ) ;
#4535 = VERTEX_POINT ( 'NONE', #3806 ) ;
#4536 = ADVANCED_FACE ( 'NONE', ( #3053 ), #4190, .F. ) ;
#4537 = VERTEX_POINT ( 'NONE', #1676 ) ;
#4538 = DIRECTION ( 'NONE',  ( -0.000000000000000000, 0.000000000000000000, 1.000000000000000000 ) ) ;
#4539 = VECTOR ( 'NONE', #2727, 1000.000000000000000 ) ;
#4540 = DIRECTION ( 'NONE',  ( 0.000000000000000000, -1.000000000000000000, 0.000000000000000000 ) ) ;
#4541 = ADVANCED_FACE ( 'NONE', ( #3177 ), #1990, .T. ) ;
#4542 = DIRECTION ( 'NONE',  ( 0.000000000000000000, 0.000000000000000000, 1.000000000000000000 ) ) ;
#4543 = ORIENTED_EDGE ( 'NONE', *, *, #2906, .F. ) ;
#4544 = AXIS2_PLACEMENT_3D ( 'NONE', #1696, #3196, #2386 ) ;
#4545 = LINE ( 'NONE', #20, #351 ) ;
#4546 = DIRECTION ( 'NONE',  ( -0.000000000000000000, -0.000000000000000000, 1.000000000000000000 ) ) ;
#4547 = ORIENTED_EDGE ( 'NONE', *, *, #4635, .T. ) ;
#4548 = CARTESIAN_POINT ( 'NONE',  ( 0.000000000000000000, -9.006191830659554753, 2.860000000000000320 ) ) ;
#4549 =( BOUNDED_CURVE ( )  B_SPLINE_CURVE ( 2, ( #1998, #490, #3117 ),
 .UNSPECIFIED., .F., .T. ) 
 B_SPLINE_CURVE_WITH_KNOTS ( ( 3, 3 ),
 ( 0.000000000000000000, 0.5336088038559797520 ),
 .UNSPECIFIED. ) 
 CURVE ( )  GEOMETRIC_REPRESENTATION_ITEM ( )  RATIONAL_B_SPLINE_CURVE ( ( 1.000000000000000000, 0.8437095998514259065, 0.8542150666577579265 ) ) 
 REPRESENTATION_ITEM ( '' )  );
#4550 = ORIENTED_EDGE ( 'NONE', *, *, #4333, .F. ) ;
#4551 = AXIS2_PLACEMENT_3D ( 'NONE', #1096, #4542, #1123 ) ;
#4552 = CARTESIAN_POINT ( 'NONE',  ( 0.02617498999416716099, -8.752602815821321158, 3.160000000000000142 ) ) ;
#4553 = ORIENTED_EDGE ( 'NONE', *, *, #1396, .T. ) ;
#4554 = CARTESIAN_POINT ( 'NONE',  ( -11.72499999999999964, -6.000000000000000888, 3.000000000000000000 ) ) ;
#4555 = CARTESIAN_POINT ( 'NONE',  ( -11.72499999999999964, -13.00000000000000000, 0.000000000000000000 ) ) ;
#4556 = CARTESIAN_POINT ( 'NONE',  ( 0.000000000000000000, -8.849999999999999645, 0.000000000000000000 ) ) ;
#4557 = EDGE_LOOP ( 'NONE', ( #3892, #1340, #2798, #4563, #785, #4383, #928, #3150, #4048 ) ) ;
#4558 = CARTESIAN_POINT ( 'NONE',  ( -8.400000000000000355, 5.530720106918892931, 3.145619380466359694 ) ) ;
#4559 = DIRECTION ( 'NONE',  ( 0.000000000000000000, 0.000000000000000000, 1.000000000000000000 ) ) ;
#4560 = DIRECTION ( 'NONE',  ( 0.000000000000000000, 0.000000000000000000, -1.000000000000000000 ) ) ;
#4561 =( NAMED_UNIT ( * ) PLANE_ANGLE_UNIT ( ) SI_UNIT ( $, .RADIAN. ) );
#4562 = EDGE_CURVE ( 'NONE', #2329, #1824, #3484, .T. ) ;
#4563 = ORIENTED_EDGE ( 'NONE', *, *, #627, .T. ) ;
#4564 = ORIENTED_EDGE ( 'NONE', *, *, #880, .F. ) ;
#4565 = ADVANCED_FACE ( 'NONE', ( #3105 ), #141, .F. ) ;
#4566 = CARTESIAN_POINT ( 'NONE',  ( 0.000000000000000000, 0.000000000000000000, 9.500000000000000000 ) ) ;
#4567 = EDGE_CURVE ( 'NONE', #3657, #574, #4330, .T. ) ;
#4568 = AXIS2_PLACEMENT_3D ( 'NONE', #676, #3269, #1443 ) ;
#4569 = LINE ( 'NONE', #1174, #1162 ) ;
#4571 = CARTESIAN_POINT ( 'NONE',  ( 8.101121449966091959, 5.384645659804266238, 3.133129105500461087 ) ) ;
#4570 =( NAMED_UNIT ( * ) SI_UNIT ( $, .STERADIAN. ) SOLID_ANGLE_UNIT ( ) );
#4572 = CARTESIAN_POINT ( 'NONE',  ( 8.623565184040460352, 5.934645659804267837, 3.155183685823959916 ) ) ;
#4573 = CARTESIAN_POINT ( 'NONE',  ( -8.250000000000000000, 6.082762530298216674, 3.060000000000000053 ) ) ;
#4574 = CARTESIAN_POINT ( 'NONE',  ( -4.724999999999998757, 6.000000000000000000, 3.000000000000000000 ) ) ;
#4575 = ORIENTED_EDGE ( 'NONE', *, *, #4363, .T. ) ;
#4576 = CARTESIAN_POINT ( 'NONE',  ( -0.9739718417867252453, -9.111749899941749220, 3.159999999999999698 ) ) ;
#4577 = VERTEX_POINT ( 'NONE', #115 ) ;
#4578 = DIRECTION ( 'NONE',  ( 1.000000000000000000, -0.000000000000000000, -0.000000000000000000 ) ) ;
#4579 = DIRECTION ( 'NONE',  ( 0.000000000000000000, 0.000000000000000000, -1.000000000000000000 ) ) ;
#4580 = FACE_OUTER_BOUND ( 'NONE', #4399, .T. ) ;
#4581 = EDGE_LOOP ( 'NONE', ( #1082, #1366, #3036, #1567, #3789, #564 ) ) ;
#4582 = EDGE_CURVE ( 'NONE', #3104, #3386, #1298, .T. ) ;
#4583 = ORIENTED_EDGE ( 'NONE', *, *, #2548, .F. ) ;
#4584 = FACE_OUTER_BOUND ( 'NONE', #3694, .T. ) ;
#4585 = DIRECTION ( 'NONE',  ( -0.000000000000000000, -0.000000000000000000, 1.000000000000000000 ) ) ;
#4586 = CARTESIAN_POINT ( 'NONE',  ( -8.400000000000000355, 5.382762530298221826, 3.132913281108438142 ) ) ;
#4587 = DIRECTION ( 'NONE',  ( 0.000000000000000000, -1.000000000000000000, 0.000000000000000000 ) ) ;
#4588 = CARTESIAN_POINT ( 'NONE',  ( 7.636453537132207536, 5.282198290580594424, 3.060000000000000053 ) ) ;
#4589 = ORIENTED_EDGE ( 'NONE', *, *, #4363, .F. ) ;
#4590 = B_SPLINE_CURVE_WITH_KNOTS ( 'NONE', 3,
 ( #1738, #3495, #4249, #1308, #4271, #2474, #4300 ),
 .UNSPECIFIED., .F., .F.,
 ( 4, 3, 4 ),
 ( 3.496446946337351263E-18, 0.0002750557605307512384, 0.0005507193614800670947 ),
 .UNSPECIFIED. ) ;
#4591 = ADVANCED_FACE ( 'NONE', ( #1270 ), #4714, .F. ) ;
#4592 = ORIENTED_EDGE ( 'NONE', *, *, #2385, .F. ) ;
#4593 = CARTESIAN_POINT ( 'NONE',  ( -0.6992332267666493406, -8.706191830659554043, 3.133123559574609196 ) ) ;
#4594 = CARTESIAN_POINT ( 'NONE',  ( -7.772092119316469372, 6.232762530298225023, 3.149530390632248267 ) ) ;
#4596 = CARTESIAN_POINT ( 'NONE',  ( 9.950000000000001066, -2.437047130303232761E-15, -0.2499999999999997780 ) ) ;
#4595 = CARTESIAN_POINT ( 'NONE',  ( 7.250000000000000000, 7.250000000000000000, -2.250000000000000000 ) ) ;
#4597 = CARTESIAN_POINT ( 'NONE',  ( 8.401121449966090893, 5.384645659804266238, 2.860000000000000320 ) ) ;
#4598 = VERTEX_POINT ( 'NONE', #1629 ) ;
#4599 = DIRECTION ( 'NONE',  ( 1.000000000000000000, 0.000000000000000000, 0.000000000000000000 ) ) ;
#4600 = VECTOR ( 'NONE', #2478, 1000.000000000000000 ) ;
#4601 = CARTESIAN_POINT ( 'NONE',  ( -7.635451737365110070, 5.283097230560012569, 3.060000000000000053 ) ) ;
#4602 = ORIENTED_EDGE ( 'NONE', *, *, #3559, .F. ) ;
#4603 = AXIS2_PLACEMENT_3D ( 'NONE', #3938, #1639, #1666 ) ;
#4604 = CARTESIAN_POINT ( 'NONE',  ( 0.05036169647885160167, -8.937378722323582991, 3.160000000000000142 ) ) ;
#4605 = ORIENTED_EDGE ( 'NONE', *, *, #2553, .F. ) ;
#4606 = DIRECTION ( 'NONE',  ( -0.000000000000000000, -0.000000000000000000, -1.000000000000000000 ) ) ;
#4607 = DIRECTION ( 'NONE',  ( 1.000000000000000000, -0.000000000000000000, 0.000000000000000000 ) ) ;
#4608 = CARTESIAN_POINT ( 'NONE',  ( 8.236910248775114241, 5.982762530298214365, 3.160000000000000142 ) ) ;
#4609 = VECTOR ( 'NONE', #2566, 1000.000000000000000 ) ;
#4610 = CARTESIAN_POINT ( 'NONE',  ( -8.300361696478852025, 5.995383807974635992, 3.160000000000000142 ) ) ;
#4611 = ORIENTED_EDGE ( 'NONE', *, *, #4747, .T. ) ;
#4612 = B_SPLINE_CURVE_WITH_KNOTS ( 'NONE', 3,
 ( #2904, #2041, #4032, #2435, #2136, #4404, #1776 ),
 .UNSPECIFIED., .F., .F.,
 ( 4, 3, 4 ),
 ( 8.673617379884035472E-19, 0.0002750557605307498289, 0.0005507193614800683958 ),
 .UNSPECIFIED. ) ;
#4613 = PLANE ( 'NONE',  #1383 ) ;
#4614 = CARTESIAN_POINT ( 'NONE',  ( 7.250000000000000000, -7.250000000000000000, -2.250000000000000000 ) ) ;
#4615 = CARTESIAN_POINT ( 'NONE',  ( -8.300000000000000711, 5.084013312526308503, 0.000000000000000000 ) ) ;
#4616 = VERTEX_POINT ( 'NONE', #3903 ) ;
#4617 = VECTOR ( 'NONE', #3349, 1000.000000000000000 ) ;
#4618 = CARTESIAN_POINT ( 'NONE',  ( 7.449332900494693099, 5.469113207642741337, 3.060000000000000053 ) ) ;
#4619 = ORIENTED_EDGE ( 'NONE', *, *, #476, .F. ) ;
#4620 = FACE_OUTER_BOUND ( 'NONE', #3466, .T. ) ;
#4621 = EDGE_CURVE ( 'NONE', #1461, #679, #460, .T. ) ;
#4623 = DIRECTION ( 'NONE',  ( -0.000000000000000000, -0.000000000000000000, 1.000000000000000000 ) ) ;
#4622 = DIRECTION ( 'NONE',  ( 1.000000000000000000, -6.308085367188387283E-15, 0.000000000000000000 ) ) ;
#4624 = DIRECTION ( 'NONE',  ( -0.000000000000000000, -0.000000000000000000, 1.000000000000000000 ) ) ;
#4625 = ORIENTED_EDGE ( 'NONE', *, *, #2876, .T. ) ;
#4626 = DIRECTION ( 'NONE',  ( 1.000000000000000000, 0.000000000000000000, 0.000000000000000000 ) ) ;
#4627 = CARTESIAN_POINT ( 'NONE',  ( -9.250000000000000000, 6.082762530298216674, 3.060000000000000053 ) ) ;
#4628 = CARTESIAN_POINT ( 'NONE',  ( 8.201097829516784898, 6.784645659804265705, 3.134918586548806285 ) ) ;
#4629 = CARTESIAN_POINT ( 'NONE',  ( -8.380897512248859371, 7.082762530298215786, 3.060000000000000053 ) ) ;
#4630 = ORIENTED_EDGE ( 'NONE', *, *, #1044, .F. ) ;
#4631 = LINE ( 'NONE', #3786, #4539 ) ;
#4632 = DIRECTION ( 'NONE',  ( 0.000000000000000000, 1.000000000000000000, 0.000000000000000000 ) ) ;
#4633 = CARTESIAN_POINT ( 'NONE',  ( 8.300000000000000711, 8.299999999999998934, -2.250000000000000000 ) ) ;
#4634 = ADVANCED_FACE ( 'NONE', ( #852 ), #2833, .T. ) ;
#4635 = EDGE_CURVE ( 'NONE', #3215, #4598, #207, .T. ) ;
#4636 = CARTESIAN_POINT ( 'NONE',  ( -0.1492332267666492129, -9.006191830659554753, 2.860000000000000320 ) ) ;
#4637 = VECTOR ( 'NONE', #3419, 1000.000000000000000 ) ;
#4638 = ORIENTED_EDGE ( 'NONE', *, *, #1495, .F. ) ;
#4639 = CARTESIAN_POINT ( 'NONE',  ( 6.200000000000000178, 12.84283384278765006, 4.400000000000000355 ) ) ;
#4640 = CARTESIAN_POINT ( 'NONE',  ( 8.401121449966090893, 6.234645659804266771, 3.159190879356658321 ) ) ;
#4641 = DIRECTION ( 'NONE',  ( 0.000000000000000000, 1.000000000000000000, 0.000000000000000000 ) ) ;
#4642 = EDGE_LOOP ( 'NONE', ( #4625, #2856, #4061, #4120 ) ) ;
#4643 = AXIS2_PLACEMENT_3D ( 'NONE', #1387, #1820, #1795 ) ;
#4644 = EDGE_LOOP ( 'NONE', ( #801, #1954, #1889, #651 ) ) ;
#4645 = DIRECTION ( 'NONE',  ( 0.000000000000000000, -1.000000000000000000, 0.000000000000000000 ) ) ;
#4646 = CARTESIAN_POINT ( 'NONE',  ( -4.724999999999998757, 13.00000000000000000, 3.000000000000000000 ) ) ;
#4647 = CARTESIAN_POINT ( 'NONE',  ( -8.100000000000001421, 5.382762530298221826, 2.860000000000000320 ) ) ;
#4648 = PLANE ( 'NONE',  #4284 ) ;
#4649 = CARTESIAN_POINT ( 'NONE',  ( 0.1507667732333506927, -9.117337909260436746, 3.157984043529869389 ) ) ;
#4650 = FACE_OUTER_BOUND ( 'NONE', #2755, .T. ) ;
#4651 = ORIENTED_EDGE ( 'NONE', *, *, #4199, .F. ) ;
#4652 = EDGE_CURVE ( 'NONE', #2651, #2278, #3876, .T. ) ;
#4653 = CARTESIAN_POINT ( 'NONE',  ( 0.05079137311475955679, -9.556191830659553688, 3.134476832537468560 ) ) ;
#4654 = LINE ( 'NONE', #1284, #3477 ) ;
#4655 = DIRECTION ( 'NONE',  ( 0.000000000000000000, 0.000000000000000000, 1.000000000000000000 ) ) ;
#4656 = PLANE ( 'NONE',  #1274 ) ;
#4657 = FACE_OUTER_BOUND ( 'NONE', #768, .T. ) ;
#4658 = CARTESIAN_POINT ( 'NONE',  ( 8.119102487751133523, 7.082762530298219339, 3.060000000000000053 ) ) ;
#4659 = LINE ( 'NONE', #1694, #2025 ) ;
#4660 = CARTESIAN_POINT ( 'NONE',  ( 0.000000000000000000, -8.156191830659555109, 2.860000000000000320 ) ) ;
#4661 = ORIENTED_EDGE ( 'NONE', *, *, #3641, .T. ) ;
#4662 = ADVANCED_FACE ( 'NONE', ( #4260 ), #2365, .T. ) ;
#4663 = DIRECTION ( 'NONE',  ( -1.000000000000000000, -2.098455817713879566E-16, 0.000000000000000000 ) ) ;
#4664 = DIRECTION ( 'NONE',  ( -0.000000000000000000, 0.000000000000000000, 1.000000000000000000 ) ) ;
#4665 = ADVANCED_FACE ( 'NONE', ( #1971 ), #3461, .T. ) ;
#4667 = PLANE ( 'NONE',  #339 ) ;
#4666 = CARTESIAN_POINT ( 'NONE',  ( -4.724999999999998757, -6.000000000000000888, 3.000000000000000000 ) ) ;
#4668 = LINE ( 'NONE', #1275, #80 ) ;
#4669 = CARTESIAN_POINT ( 'NONE',  ( -8.369984615610194467, 5.418525115168305817, 3.000000000000000000 ) ) ;
#4670 = DIRECTION ( 'NONE',  ( -0.000000000000000000, -0.000000000000000000, 1.000000000000000000 ) ) ;
#4671 = CARTESIAN_POINT ( 'NONE',  ( -9.250000000000012434, 6.213660042547189732, 3.159999999999999698 ) ) ;
#4672 = AXIS2_PLACEMENT_3D ( 'NONE', #1237, #3235, #1638 ) ;
#4673 = ORIENTED_EDGE ( 'NONE', *, *, #2184, .F. ) ;
#4674 = CARTESIAN_POINT ( 'NONE',  ( 8.950000000000001066, -2.437047130303232761E-15, -0.2499999999999997780 ) ) ;
#4675 = CARTESIAN_POINT ( 'NONE',  ( 8.300000000000000711, 7.081511748070128398, -0.6999999999999999556 ) ) ;
#4676 = CIRCLE ( 'NONE', #1198, 7.249999999999999112 ) ;
#4677 = CARTESIAN_POINT ( 'NONE',  ( 0.1507667732333506927, -9.006191830659554753, 3.159150134390775300 ) ) ;
#4678 = AXIS2_PLACEMENT_3D ( 'NONE', #1563, #1505, #2324 ) ;
#4679 = VERTEX_POINT ( 'NONE', #3856 ) ;
#4680 = FACE_BOUND ( 'NONE', #4703, .T. ) ;
#4681 = FACE_OUTER_BOUND ( 'NONE', #925, .T. ) ;
#4682 = CARTESIAN_POINT ( 'NONE',  ( 0.1507667732333506927, -9.006191830659554753, 2.860000000000000320 ) ) ;
#4683 = AXIS2_PLACEMENT_3D ( 'NONE', #4436, #4069, #686 ) ;
#4684 = FACE_OUTER_BOUND ( 'NONE', #1763, .T. ) ;
#4685 = EDGE_LOOP ( 'NONE', ( #1482, #2922 ) ) ;
#4686 = AXIS2_PLACEMENT_3D ( 'NONE', #2587, #3318, #3343 ) ;
#4687 = LINE ( 'NONE', #2832, #3801 ) ;
#4688 = CARTESIAN_POINT ( 'NONE',  ( 0.000000000000000000, 0.000000000000000000, 2.860000000000000320 ) ) ;
#4689 = CIRCLE ( 'NONE', #4440, 7.249999999999999112 ) ;
#4690 = ADVANCED_FACE ( 'NONE', ( #4620 ), #1224, .T. ) ;
#4691 = EDGE_CURVE ( 'NONE', #694, #1184, #4689, .T. ) ;
#4692 = AXIS2_PLACEMENT_3D ( 'NONE', #3890, #3968, #4726 ) ;
#4693 = EDGE_CURVE ( 'NONE', #3543, #1171, #285, .T. ) ;
#4694 = DIRECTION ( 'NONE',  ( 0.000000000000000000, 0.000000000000000000, -1.000000000000000000 ) ) ;
#4695 = ORIENTED_EDGE ( 'NONE', *, *, #197, .T. ) ;
#4696 = DIRECTION ( 'NONE',  ( 0.000000000000000000, 0.000000000000000000, -1.000000000000000000 ) ) ;
#4697 = EDGE_CURVE ( 'NONE', #386, #4459, #3509, .T. ) ;
#4698 = CARTESIAN_POINT ( 'NONE',  ( -0.2604803482044227292, -9.824418981861253286, 3.060000000000000053 ) ) ;
#4699 = CARTESIAN_POINT ( 'NONE',  ( -7.746383035211460211, 6.956549753534026159, 3.160000000000007248 ) ) ;
#4700 = DIRECTION ( 'NONE',  ( -1.000000000000000000, -5.981805089575197430E-17, 0.000000000000000000 ) ) ;
#4701 = CARTESIAN_POINT ( 'NONE',  ( -6.199999999999999289, 5.000000000000000888, 4.400000000000000355 ) ) ;
#4702 = CARTESIAN_POINT ( 'NONE',  ( 1.000000000000000888, -8.980897512248862569, 3.060000000000000053 ) ) ;
#4703 = EDGE_LOOP ( 'NONE', ( #1523, #3832 ) ) ;
#4704 = PLANE ( 'NONE',  #1142 ) ;
#4705 = CARTESIAN_POINT ( 'NONE',  ( 9.249927267146647480, 6.215004068511619906, 3.060000000000000053 ) ) ;
#4706 = CARTESIAN_POINT ( 'NONE',  ( -5.999999999999999112, 7.347880794884118750E-16, 9.500000000000000000 ) ) ;
#4707 = CIRCLE ( 'NONE', #2252, 7.249999999999999112 ) ;
#4708 = EDGE_CURVE ( 'NONE', #2259, #4176, #4431, .T. ) ;
#4709 = ORIENTED_EDGE ( 'NONE', *, *, #4101, .T. ) ;
#4710 = VECTOR ( 'NONE', #832, 1000.000000000000000 ) ;
#4711 = PRODUCT_DEFINITION_CONTEXT ( 'detailed design', #1021, 'design' ) ;
#4712 = LINE ( 'NONE', #206, #815 ) ;
#4713 = ADVANCED_FACE ( 'NONE', ( #2852 ), #1015, .F. ) ;
#4714 = CYLINDRICAL_SURFACE ( 'NONE', #347, 0.9999999999999991118 ) ;
#4715 = CARTESIAN_POINT ( 'NONE',  ( -7.746383035211461099, 6.956549753534023495, 3.060000000000000053 ) ) ;
#4716 = ADVANCED_FACE ( 'NONE', ( #2163 ), #971, .F. ) ;
#4717 = CARTESIAN_POINT ( 'NONE',  ( -1.000000000000000888, -8.849999999999999645, 3.060000000000000053 ) ) ;
#4718 = ORIENTED_EDGE ( 'NONE', *, *, #3793, .F. ) ;
#4719 = ADVANCED_FACE ( 'NONE', ( #1777 ), #4827, .T. ) ;
#4720 = CARTESIAN_POINT ( 'NONE',  ( -9.950000000000001066, 1.218523565151616775E-15, -2.250000000000000000 ) ) ;
#4721 = CARTESIAN_POINT ( 'NONE',  ( 0.1507667732333506927, -9.006191830659554753, 3.159150134390775300 ) ) ;
#4722 = VERTEX_POINT ( 'NONE', #4033 ) ;
#4723 = CARTESIAN_POINT ( 'NONE',  ( -8.511749899941651876, 7.056734372084981999, 3.160000000000007248 ) ) ;
#4724 = LINE ( 'NONE', #4769, #1739 ) ;
#4725 = CARTESIAN_POINT ( 'NONE',  ( -8.099999999999999645, 6.232762530298224135, 3.159220816642476226 ) ) ;
#4726 = DIRECTION ( 'NONE',  ( -1.000000000000000000, 0.000000000000000000, 0.000000000000000000 ) ) ;
#4727 = PLANE ( 'NONE',  #2853 ) ;
#4728 = DIRECTION ( 'NONE',  ( 0.000000000000000000, -0.000000000000000000, 1.000000000000000000 ) ) ;
#4729 = DIRECTION ( 'NONE',  ( -3.317786996543495766E-16, 1.000000000000000000, -0.000000000000000000 ) ) ;
#4730 = DIRECTION ( 'NONE',  ( 0.000000000000000000, -0.000000000000000000, -1.000000000000000000 ) ) ;
#4731 = CARTESIAN_POINT ( 'NONE',  ( 7.635451737365118063, 6.882427830036432326, 3.060000000000000053 ) ) ;
#4732 = VERTEX_POINT ( 'NONE', #1041 ) ;
#4733 = ORIENTED_EDGE ( 'NONE', *, *, #2650, .F. ) ;
#4734 = LINE ( 'NONE', #3953, #3720 ) ;
#4735 = CARTESIAN_POINT ( 'NONE',  ( 0.000000000000000000, 0.000000000000000000, 9.500000000000000000 ) ) ;
#4736 = LINE ( 'NONE', #4010, #3900 ) ;
#4737 = CARTESIAN_POINT ( 'NONE',  ( -8.950000000000002842, 6.095944792120740807, 3.134535599249992810 ) ) ;
#4738 = ORIENTED_EDGE ( 'NONE', *, *, #754, .T. ) ;
#4739 = ORIENTED_EDGE ( 'NONE', *, *, #3652, .T. ) ;
#4740 = CARTESIAN_POINT ( 'NONE',  ( -7.376212776764187851, 5.579145565509681326, 3.159999999999980158 ) ) ;
#4741 = ORIENTED_EDGE ( 'NONE', *, *, #3925, .F. ) ;
#4742 = CARTESIAN_POINT ( 'NONE',  ( 5.400000000000002132, 12.96737934951154969, -1.199999999999999956 ) ) ;
#4743 = CARTESIAN_POINT ( 'NONE',  ( 0.05079040051034689612, -8.156191830659553332, 3.135695920611202503 ) ) ;
#4744 = CARTESIAN_POINT ( 'NONE',  ( 0.1308975122489190179, -7.849999999999999645, 3.060000000000000053 ) ) ;
#4745 = ORIENTED_EDGE ( 'NONE', *, *, #1553, .T. ) ;
#4746 = CARTESIAN_POINT ( 'NONE',  ( 1.000000000000000888, -8.849999999999999645, -0.6999999999999999556 ) ) ;
#4747 = EDGE_CURVE ( 'NONE', #3662, #3454, #2116, .T. ) ;
#4748 = CARTESIAN_POINT ( 'NONE',  ( -8.510536015520184350, 7.057315904948664453, 3.060000000000000497 ) ) ;
#4749 = DIRECTION ( 'NONE',  ( -1.000000000000000000, 8.881784197001250351E-16, 0.000000000000000000 ) ) ;
#4750 = PLANE ( 'NONE',  #4133 ) ;
#4751 = ORIENTED_EDGE ( 'NONE', *, *, #299, .F. ) ;
#4752 = CARTESIAN_POINT ( 'NONE',  ( -8.250000000000000000, 6.082762530298216674, 3.160000000000000142 ) ) ;
#4753 = B_SPLINE_CURVE_WITH_KNOTS ( 'NONE', 3,
 ( #828, #411, #3417, #2980, #2261, #1581, #4593 ),
 .UNSPECIFIED., .F., .F.,
 ( 4, 3, 4 ),
 ( 0.0001562030659257555994, 0.0001893279534579043566, 0.0003000205921253515351 ),
 .UNSPECIFIED. ) ;
#4754 = CIRCLE ( 'NONE', #3405, 42.50896765755696549 ) ;
#4755 = ORIENTED_EDGE ( 'NONE', *, *, #3108, .F. ) ;
#4756 = CARTESIAN_POINT ( 'NONE',  ( -8.949999999998020428, 6.074920320766922011, 3.134531180935107297 ) ) ;
#4757 = DIRECTION ( 'NONE',  ( -0.000000000000000000, -0.000000000000000000, 1.000000000000000000 ) ) ;
#4758 = AXIS2_PLACEMENT_3D ( 'NONE', #3588, #2419, #946 ) ;
#4759 = EDGE_CURVE ( 'NONE', #1500, #4435, #3581, .T. ) ;
#4760 = CARTESIAN_POINT ( 'NONE',  ( -9.123787223235822808, 5.579145565509726623, 3.159999999999999698 ) ) ;
#4761 = AXIS2_PLACEMENT_3D ( 'NONE', #4573, #2677, #441 ) ;
#4762 = AXIS2_PLACEMENT_3D ( 'NONE', #2976, #92, #2283 ) ;
#4763 = CARTESIAN_POINT ( 'NONE',  ( -11.72499999999999964, 5.999999999999992895, 3.000000000000000000 ) ) ;
#4764 = CARTESIAN_POINT ( 'NONE',  ( -8.300000000000000711, 1.455163221085520320, 0.000000000000000000 ) ) ;
#4765 = AXIS2_PLACEMENT_3D ( 'NONE', #4527, #2003, #472 ) ;
#4766 = VERTEX_POINT ( 'NONE', #2188 ) ;
#4767 = ORIENTED_EDGE ( 'NONE', *, *, #4042, .F. ) ;
#4768 = DIRECTION ( 'NONE',  ( 1.000000000000000000, 0.000000000000000000, 0.000000000000000000 ) ) ;
#4769 = CARTESIAN_POINT ( 'NONE',  ( -8.300000000000000711, -8.300000000000000711, -2.250000000000000000 ) ) ;
#4770 = FACE_OUTER_BOUND ( 'NONE', #1691, .T. ) ;
#4771 = CARTESIAN_POINT ( 'NONE',  ( -0.9739718417867226918, -9.111749899941749220, 3.060000000000000053 ) ) ;
#4772 = EDGE_LOOP ( 'NONE', ( #1197, #4504, #181, #4053 ) ) ;
#4773 = LINE ( 'NONE', #3754, #2309 ) ;
#4774 = ADVANCED_FACE ( 'NONE', ( #3955 ), #3607, .F. ) ;
#4775 = CARTESIAN_POINT ( 'NONE',  ( 8.337378722323583347, 6.133124226777072252, 3.160000000000000142 ) ) ;
#4776 = PLANE ( 'NONE',  #2105 ) ;
#4777 = CARTESIAN_POINT ( 'NONE',  ( 9.049665299738206770, 5.468214267663323191, 3.060000000000000053 ) ) ;
#4778 = ORIENTED_EDGE ( 'NONE', *, *, #1961, .T. ) ;
#4779 = ADVANCED_FACE ( 'NONE', ( #1398 ), #271, .T. ) ;
#4780 = DIRECTION ( 'NONE',  ( -0.000000000000000000, -0.000000000000000000, -1.000000000000000000 ) ) ;
#4781 = VECTOR ( 'NONE', #2303, 1000.000000000000000 ) ;
#4782 = ORIENTED_EDGE ( 'NONE', *, *, #1941, .F. ) ;
#4783 = CARTESIAN_POINT ( 'NONE',  ( -8.949999999998020428, 6.059124011562789569, 3.134513387026508280 ) ) ;
#4784 = DIRECTION ( 'NONE',  ( -0.000000000000000000, -1.000000000000000000, -0.000000000000000000 ) ) ;
#4785 = AXIS2_PLACEMENT_3D ( 'NONE', #2907, #4409, #726 ) ;
#4786 = LINE ( 'NONE', #2855, #2741 ) ;
#4787 = ORIENTED_EDGE ( 'NONE', *, *, #2812, .T. ) ;
#4788 = CARTESIAN_POINT ( 'NONE',  ( -9.950000000000001066, 1.218523565151616775E-15, -2.250000000000000000 ) ) ;
#4789 = VECTOR ( 'NONE', #240, 1000.000000000000000 ) ;
#4790 = VERTEX_POINT ( 'NONE', #2563 ) ;
#4791 = ORIENTED_EDGE ( 'NONE', *, *, #2812, .F. ) ;
#4792 = CARTESIAN_POINT ( 'NONE',  ( -8.511749899941635888, 5.108790688511451350, 3.160000000000007248 ) ) ;
#4793 = CIRCLE ( 'NONE', #3516, 2.000000000000000000 ) ;
#4794 = DIRECTION ( 'NONE',  ( -0.000000000000000000, -0.000000000000000000, 1.000000000000000000 ) ) ;
#4795 = CARTESIAN_POINT ( 'NONE',  ( 0.000000000000000000, 6.784645659804266593, 2.860000000000000320 ) ) ;
#4796 = VECTOR ( 'NONE', #1655, 1000.000000000000000 ) ;
#4797 = VERTEX_POINT ( 'NONE', #1727 ) ;
#4798 = DIRECTION ( 'NONE',  ( 0.000000000000000000, -1.000000000000000000, 0.000000000000000000 ) ) ;
#4799 = ADVANCED_FACE ( 'NONE', ( #3225 ), #683, .T. ) ;
#4800 = CARTESIAN_POINT ( 'NONE',  ( 8.347397184178680263, 6.108937520292382573, 3.160000000000000142 ) ) ;
#4801 = DIRECTION ( 'NONE',  ( -0.000000000000000000, -0.000000000000000000, 1.000000000000000000 ) ) ;
#4802 = CARTESIAN_POINT ( 'NONE',  ( 7.376212776764186962, 5.579145565509683102, 3.060000000000000053 ) ) ;
#4803 = ORIENTED_EDGE ( 'NONE', *, *, #2191, .T. ) ;
#4804 = CARTESIAN_POINT ( 'NONE',  ( 8.300000000000000711, -8.299999999999998934, -2.250000000000000000 ) ) ;
#4805 = ORIENTED_EDGE ( 'NONE', *, *, #4562, .T. ) ;
#4806 = DIRECTION ( 'NONE',  ( -0.000000000000000000, -0.000000000000000000, 1.000000000000000000 ) ) ;
#4807 = CARTESIAN_POINT ( 'NONE',  ( -8.400000000000000355, 6.782762530298222181, 3.132913281108373305 ) ) ;
#4808 = ADVANCED_FACE ( 'NONE', ( #3248, #4063 ), #1450, .F. ) ;
#4809 = ORIENTED_EDGE ( 'NONE', *, *, #2227, .T. ) ;
#4810 = CARTESIAN_POINT ( 'NONE',  ( -8.949999999999999289, 6.082762530298217563, 3.134535599249993254 ) ) ;
#4811 = EDGE_CURVE ( 'NONE', #1697, #826, #4405, .T. ) ;
#4812 = ORIENTED_EDGE ( 'NONE', *, *, #3010, .T. ) ;
#4813 = CARTESIAN_POINT ( 'NONE',  ( -8.236910248775116017, 6.182762530298216319, 3.160000000000000142 ) ) ;
#4814 = DIRECTION ( 'NONE',  ( -0.000000000000000000, -0.000000000000000000, 1.000000000000000000 ) ) ;
#4815 = DIRECTION ( 'NONE',  ( -0.000000000000000000, -0.000000000000000000, 1.000000000000000000 ) ) ;
#4816 = CARTESIAN_POINT ( 'NONE',  ( 0.2617498999416658090, -9.823971841786754311, 3.159999999999999698 ) ) ;
#4817 = VERTEX_POINT ( 'NONE', #3655 ) ;
#4818 = DIRECTION ( 'NONE',  ( -1.000000000000000000, 0.000000000000000000, -0.000000000000000000 ) ) ;
#4819 = B_SPLINE_CURVE_WITH_KNOTS ( 'NONE', 3,
 ( #492, #591, #4653, #1257 ),
 .UNSPECIFIED., .F., .F.,
 ( 4, 4 ),
 ( 1.626303258728256651E-19, 0.0003000000019087085165 ),
 .UNSPECIFIED. ) ;
#4820 = CARTESIAN_POINT ( 'NONE',  ( 8.119102487751133523, 7.082762530298219339, 3.159999999999999698 ) ) ;
#4821 = CARTESIAN_POINT ( 'NONE',  ( 0.000000000000000000, 6.782762530298222181, 2.860000000000000320 ) ) ;
#4822 = CARTESIAN_POINT ( 'NONE',  ( 7.746383035211469092, 5.208975307062401860, 3.159999999999993037 ) ) ;
#4823 = ORIENTED_EDGE ( 'NONE', *, *, #1642, .T. ) ;
#4824 = DIRECTION ( 'NONE',  ( -1.000000000000000000, 0.000000000000000000, 0.000000000000000000 ) ) ;
#4825 = ORIENTED_EDGE ( 'NONE', *, *, #3438, .T. ) ;
#4826 = CARTESIAN_POINT ( 'NONE',  ( -4.724999999999998757, 6.000000000000000000, 0.000000000000000000 ) ) ;
#4827 = CYLINDRICAL_SURFACE ( 'NONE', #1925, 2.000000000000000000 ) ;
#4828 = CIRCLE ( 'NONE', #1910, 7.000000000000000000 ) ;
#4829 = CARTESIAN_POINT ( 'NONE',  ( -9.223971841786749337, 5.821012630356528383, 3.159999999999999698 ) ) ;
#4830 = ORIENTED_EDGE ( 'NONE', *, *, #4567, .F. ) ;
#4831 = EDGE_CURVE ( 'NONE', #451, #1810, #2164, .T. ) ;
#4832 = DIRECTION ( 'NONE',  ( -1.253887771891026701E-16, -1.000000000000000000, 0.000000000000000000 ) ) ;
#4833 = AXIS2_PLACEMENT_3D ( 'NONE', #2317, #71, #387 ) ;
#4834 = ADVANCED_FACE ( 'NONE', ( #3296 ), #1826, .T. ) ;
#4835 = ORIENTED_EDGE ( 'NONE', *, *, #2438, .F. ) ;
#4836 = CARTESIAN_POINT ( 'NONE',  ( -7.250000000000000000, 7.250000000000000000, -1.199999999999999956 ) ) ;
#4837 = CARTESIAN_POINT ( 'NONE',  ( -6.999999999999998224, 8.300000000000000711, 0.000000000000000000 ) ) ;
#4838 = DIRECTION ( 'NONE',  ( 0.000000000000000000, 0.000000000000000000, 1.000000000000000000 ) ) ;
#4839 = AXIS2_PLACEMENT_3D ( 'NONE', #4660, #4587, #2735 ) ;
#4840 = EDGE_CURVE ( 'NONE', #50, #497, #363, .T. ) ;
#4841 = CARTESIAN_POINT ( 'NONE',  ( 0.7996652997382107664, -9.464548262634883358, 3.159999999999999698 ) ) ;
#4842 = PLANE ( 'NONE',  #3705 ) ;
#4843 = ORIENTED_EDGE ( 'NONE', *, *, #2585, .F. ) ;
#4844 = CARTESIAN_POINT ( 'NONE',  ( 9.250000000000003553, 5.951865018049240952, 3.159999999999999698 ) ) ;
#4845 = CARTESIAN_POINT ( 'NONE',  ( -11.72499999999999964, -6.000000000000002665, 0.000000000000000000 ) ) ;
#4846 = CARTESIAN_POINT ( 'NONE',  ( 8.337378722323583347, 6.133124226777072252, 3.160000000000000142 ) ) ;
#4847 = CARTESIAN_POINT ( 'NONE',  ( 8.300000000000000711, 8.299999999999998934, -2.250000000000000000 ) ) ;
#4848 = CARTESIAN_POINT ( 'NONE',  ( -0.1000000000000009076, -8.836910248775115662, 3.160000000000000142 ) ) ;
#4849 = ORIENTED_EDGE ( 'NONE', *, *, #3606, .T. ) ;
#4850 = ORIENTED_EDGE ( 'NONE', *, *, #3239, .F. ) ;
#4851 = DIRECTION ( 'NONE',  ( 0.000000000000000000, 0.000000000000000000, 1.000000000000000000 ) ) ;
#4852 = CARTESIAN_POINT ( 'NONE',  ( -8.380897512248862924, 5.082762530298218451, 3.159999999999999698 ) ) ;
#4853 = EDGE_CURVE ( 'NONE', #2348, #4464, #3437, .T. ) ;
#4854 = ORIENTED_EDGE ( 'NONE', *, *, #1486, .T. ) ;
#4855 = CARTESIAN_POINT ( 'NONE',  ( 0.3695611776881026489, -8.706191830659554043, 3.155351050066982133 ) ) ;
#4856 = VECTOR ( 'NONE', #560, 1000.000000000000000 ) ;
#4857 = CARTESIAN_POINT ( 'NONE',  ( 0.1308975122489190179, -7.849999999999999645, 3.060000000000000053 ) ) ;
#4858 = EDGE_CURVE ( 'NONE', #2520, #3782, #1915, .T. ) ;
#4859 = CARTESIAN_POINT ( 'NONE',  ( 0.000000000000000000, 0.000000000000000000, 0.000000000000000000 ) ) ;
#4860 = VERTEX_POINT ( 'NONE', #1067 ) ;
#4861 = CIRCLE ( 'NONE', #2743, 5.999999999999999112 ) ;
#4862 = CYLINDRICAL_SURFACE ( 'NONE', #3181, 1.100000000000000977 ) ;
#4863 = LINE ( 'NONE', #3616, #1683 ) ;
ENDSEC;
END-ISO-10303-21;
