L_fuse,Arw,Art,bw,SM_0,SM_dry,Max_Speed,ROC_Stall,Stall_Speed,Endurance_min,W_total,Result
5.46215484922836,6.60985390632769,4.95943662995549,5.33076779964016,0.219132600083649,0.156084962982605,185.405405405405,49.1820627993697,50.5005443416392,144.444785075578,19.5457330752472,FAIL
5.58968409524029,7.26172231723798,4.62128341098262,5.46941256023583,0.218537216190711,0.15211359259186,186.486486486486,49.3418651559973,51.6240257077287,149.243512376085,19.571208345382,FAIL
5.07795860693582,6.42189537103785,4.21050031615352,4.95935220387654,0.176261415774063,0.116199602966671,190.540540540541,49.5210766973906,53.0914817015928,134.973129738552,19.2445847631565,FAIL
5.3801478689925,7.43400119809719,3.39269559299014,6.17801551306264,0.116601337636266,0.0548692150508071,179.189189189189,49.0358864337215,46.6663977106743,167.187186704144,19.9322392840726,PASS
4.1949348898395,6.94182418582248,3.89099181104379,5.64770056953409,0.0411847153184879,-0.0146222619431782,185.945945945946,49.8274742119316,48.7484134532066,156.3935631178,19.465378907053,FAIL
4.21468507020562,6.6209044755162,3.03195158328225,5.35082605649556,0.0289168225793611,-0.0249432895194727,188.648648648649,49.9327954048403,50.0166290621309,147.293396168111,19.2852536596969,FAIL
4.60096843226773,6.94396635432961,4.3114699894609,6.03220295510731,0.081166482388754,0.0238820594963352,180,49.2672743870725,46.0402179752216,165.073931294053,19.8011857819573,FAIL
5.82108817185334,7.35802318279267,4.7480157037809,4.66614687159315,0.311984655060604,0.239229947027816,196.486486486486,49.5251702800182,60.1831901416143,127.074513678907,19.1063725087846,FAIL
5.34826560941928,7.87975544692779,3.76996909837315,5.8178505734082,0.144559209554711,0.0791852802219678,185.675675675676,49.5062077639176,50.6697883236893,159.918525421115,19.6599649880109,PASS
4.03889513302837,7.5965792315438,3.66886292837576,4.72810669042621,0.0382180794009566,-0.019905934903614,202.702702702703,50.6448289551797,59.868542010436,133.380147348472,18.8029504524679,FAIL
5.33593769055072,7.48610999930957,3.35478148927718,5.29185562117573,0.148969792359889,0.0842169269149685,190.540540540541,49.7230653613116,53.8760879094793,145.036939686189,19.3563759670278,PASS
4.9843284058032,7.27576739930795,4.27073359454307,4.80546373267128,0.178511099610935,0.114535312519247,197.027027027027,49.9785365148771,58.022582374246,133.032994937219,19.0483816041214,FAIL
5.85861702840436,8.14033101403161,3.53117824607126,5.51810310517439,0.199673939845435,0.128212332692475,188.918918918919,49.5299900283486,54.1139387848135,150.847583347989,19.526662630254,FAIL
4.98089089283524,6.48306844746278,3.80931562236891,5.25693372091256,0.136902810320657,0.0784477936728156,187.027027027027,49.4694398298863,50.5257192900187,142.963409555528,19.3990999190755,PASS
4.33377524858226,8.09900341310167,4.30554879157354,5.5375365236124,0.0615119503952071,1.75552353353092e-05,192.432432432432,50.2854912421525,53.4875642685899,156.571346992501,19.3098740948639,FAIL
5.44198357819318,6.56248707244401,4.85537185977582,4.56804108596704,0.267842395832332,0.20239983280723,195.675675675676,49.4521501821982,57.9880815165257,123.983241479712,19.0608032033207,FAIL
4.45300342857068,7.39968985683529,3.28456605851705,5.00431043622156,0.0652667045577412,0.00625263615055027,196.486486486486,50.2961211392699,56.1783200398983,139.505397302864,19.0407757334581,FAIL
5.81630156299569,7.47540439618941,4.71700142415889,5.54650534443074,0.242849777068162,0.17387421638648,185.675675675676,49.2522424424742,51.7375551220253,151.115953243639,19.6375886343516,FAIL
5.69911855799148,6.87680908470823,3.23164408889512,5.79433385889907,0.152277093778998,0.09015227852898,180.540540540541,48.9596520096479,47.6935531061663,155.090377065727,19.797556550548,PASS
4.21513121120554,6.97108527027608,3.19682807821782,5.07258068092393,0.0380203259224648,-0.0177977824586596,194.324324324324,50.235188454511,53.8488549215404,140.970039027503,19.0801880577099,FAIL
5.82478923906264,7.42766556997161,3.52966345682324,5.18492024313766,0.212969558791022,0.143935407839182,190.27027027027,49.4719449173065,54.8104964705795,140.652213977948,19.383467255161,FAIL
4.98283085789684,7.98370499617746,3.51359939452819,5.73732249654265,0.0997892563042517,0.036454255207098,187.837837837838,49.8063019981365,51.5461522198936,159.021187657385,19.5289422700434,FAIL
5.99203872632064,6.4270547391988,3.91752542446914,5.54178373516857,0.2203963560393,0.156899645653981,180.540540540541,48.7228410823708,48.1696020371732,146.91606193157,19.7653923310894,FAIL
5.7546312070053,6.70252412024321,3.37036056126895,6.35971111172238,0.140557453257877,0.0810222482953156,172.702702702703,48.322935823689,43.3502677502127,167.639362366108,20.2158559202476,PASS
5.56831956102695,6.71924986854852,4.87346459957219,4.63078105517566,0.280317404398504,0.213197532344866,195.135135135135,49.4412244285414,57.9486486079804,125.694192057781,19.1049762984785,FAIL
4.76103350258564,7.78407489744426,3.0557487862635,6.27470837101824,0.0425818730712154,-0.0165239264979307,181.081081081081,49.4284769778437,46.9002796821868,172.14527609507,19.8336719218187,FAIL
5.83312796247694,7.27698718808177,3.45638971721328,5.71829497028977,0.179172355494298,0.113435029869782,182.972972972973,49.1094091248225,49.6317203319451,154.049945564632,19.7320555665896,FAIL
5.85071642568405,7.67121645688164,3.10963419659035,6.48435797692288,0.129258976784187,0.0652069903193918,175.945945945946,48.64434375849,45.4357025255878,173.403900609743,20.1714165050034,PASS
4.59123242911615,6.88018206038826,3.77173768383026,5.02222517271221,0.103387991986025,0.0449239790123317,193.513513513514,49.9914620653607,54.1175948361197,138.885892686528,19.13998434958,PASS
4.44939318373672,7.13628701139822,3.34861299051728,6.0362428150002,0.0380514147087002,-0.0181052350749376,181.621621621622,49.4967427292377,46.5422190929982,165.503686206977,19.7163918554369,FAIL
5.16738311469293,7.02984864932792,4.80862680448541,6.29611794625044,0.13823774283481,0.0781994872534744,176.216216216216,48.7444064017776,44.6947779366176,170.225591523177,20.0810065193391,PASS
4.86957367008638,6.54126885569069,4.28994711044135,6.1766460362237,0.103502276071554,0.0472210566155993,175.675675675676,48.7767849723732,43.8614298295757,166.120723875149,20.0023569215877,PASS
5.80746459552814,7.6402428467415,3.84999239874943,4.51179319261933,0.28213700718538,0.208161669582183,200,49.6175399829653,63.1987287416061,122.57179683907,18.9705562453138,FAIL
5.94017393575298,7.46143478517276,3.68149878614436,5.68376374552689,0.202845795208475,0.134886728197556,183.783783783784,49.140875325068,50.541030478473,153.458551570687,19.715602184971,FAIL
5.78257667304864,7.30693196797743,4.38843937461185,6.32975337609631,0.183288530486208,0.119192953380689,175.945945945946,48.5705941729857,45.4093463505229,169.710329345537,20.1558533240847,FAIL
4.22284947918185,6.84686760289441,3.97637195279104,6.09655972339259,0.0350547664695322,-0.0198169227360827,179.72972972973,49.3596286195935,45.2113434940343,166.971192185195,19.7808402016654,FAIL
4.8821519596842,6.73915479043507,4.76620227893412,4.55749185534563,0.197339161133116,0.135360336778247,198.378378378378,49.8539184084505,58.7166194586628,125.61396859375,18.9426455084685,FAIL
4.71760667251962,8.1284577274777,4.47042210048614,5.81200498486633,0.101080862227296,0.0376863474823055,188.108108108108,49.8948925255481,51.3661041348623,162.935419779688,19.5465103828314,FAIL
4.992228234391,6.59688704302576,3.52581884803456,5.42823113015133,0.119540066506641,0.0613285075698569,185.405405405405,49.4365466681403,49.4713754176129,147.468330009784,19.4875731633679,PASS
5.02374826712767,7.59296500704373,3.94123441236675,5.32735406226864,0.141259863289648,0.0775171749209309,191.351351351351,49.8843405468677,53.8667938276252,147.594846179536,19.3341975820223,PASS
5.02637006430712,6.71359865387989,3.48472262928168,4.89132344032348,0.145515468804987,0.0851355665100263,193.243243243243,49.7429392869386,54.8893271865346,133.589724802585,19.1401517626147,PASS
5.39996932815193,7.49506041787195,3.20278190910454,5.19504418442441,0.151635912225953,0.0862369773964562,191.621621621622,49.7425397721825,54.8356846219958,142.165321724219,19.3019891531671,PASS
5.76763964339067,6.63127304527571,4.73942447997882,5.92997752831946,0.208799168442842,0.146334673292153,177.297297297297,48.5903927600538,45.9824641289757,158.160064793436,19.9878388889449,FAIL
4.33538207006854,8.16564179037626,3.15451347618551,5.90614862478269,0.0114148597086587,-0.0479557675655449,188.378378378378,50.095162372982,50.5934283024554,165.165396420833,19.4930057395933,FAIL
5.33901727842645,7.77617640656793,4.97711948645086,4.62066740049137,0.268219697377002,0.197385487774869,200.540540540541,49.9283857267276,62.2560470238165,128.090195927216,18.9704909456238,FAIL
5.24323637083141,7.37352951233468,3.60945145053982,4.79200942635647,0.180516324483593,0.114880806587853,197.027027027027,49.887043598707,58.5889969377964,131.627152198403,19.0574243372232,FAIL
5.91101125376126,8.32097559619857,4.74767030898492,6.00017217993868,0.233342184377802,0.161366814217022,183.513513513514,49.1802332562609,50.7365003895712,164.556868431126,19.8548389009657,FAIL
4.7597803207862,7.63571991153597,4.42080234932239,4.61657714853388,0.167798782642078,0.103308150750413,201.891891891892,50.240807985825,61.5858480778368,129.047302387947,18.8722739547251,FAIL
5.13009580465362,7.49009919926044,4.94785966691265,4.73657129075595,0.226920514390995,0.159787879278523,198.378378378378,49.9629717188193,59.6943981490368,131.529917106705,19.0274205383608,FAIL
5.26910660223888,6.69489874017004,3.42870524237504,4.56899543343834,0.186751843748502,0.123758015457423,197.027027027027,49.6504116809123,58.4405136338868,123.975554252804,18.984434184872,FAIL
5.54820260931204,6.91533375535047,4.57139883535969,5.71941438696446,0.195919661506096,0.13259942805925,181.891891891892,49.0329996883242,48.4148045926098,154.658182190227,19.7659877713078,FAIL
4.059161367201,8.21945427342134,3.74802613019736,5.32793386011972,0.016540769943164,-0.0433876871840518,196.756756756757,50.6130116103501,55.7140102117234,151.239504407747,19.1106596984865,FAIL
5.84914699219965,7.31280375696246,4.93544385787172,4.89498675098879,0.301730975663546,0.229971484282871,193.243243243243,49.4619176677318,57.4190711863616,133.395372515834,19.257664769714,FAIL
5.57076696906918,8.07654258115247,4.54346420161252,5.27298139778415,0.233071739343318,0.161920154433194,192.432432432432,49.7493323512648,56.1714427777818,145.890177512184,19.3637881832532,FAIL
5.89662705916069,7.48074423535521,4.09406887625233,5.09365176192295,0.257014441179378,0.185861919315439,191.351351351351,49.4606080612111,55.9446215683915,138.457047584151,19.3509614946907,FAIL
5.49822684654748,6.63647839777209,3.33066814085486,6.48290208088444,0.115502567602325,0.0580674133263513,171.621621621622,48.2838881031711,42.3682859522089,170.928409175339,20.2654010159714,PASS
4.13467927901237,7.91679346362064,3.86528112801168,4.78301085807364,0.052569416397568,-0.00748997395984974,202.702702702703,50.6753036326048,60.4602082416843,135.424534328992,18.8306308598001,FAIL
4.10013770459383,8.3316648095562,3.45671551564021,5.27418610704803,0.0117354610303855,-0.0483879173000132,197.837837837838,50.6624202468716,56.6011930428027,149.575012360716,19.0678820162518,FAIL
4.29599683333405,7.56245916954884,3.86559592542776,4.70607955476487,0.0804554791233462,0.0205270902954593,201.891891891892,50.4906536170209,60.0737314242819,132.282339891087,18.8406931888813,FAIL
4.01027331534809,7.18873519515579,4.761995818298,5.08591328933257,0.055439518317576,-0.00227026192539348,195.405405405405,50.3656636779178,54.5350094801508,143.503696407654,19.0769251998035,FAIL
5.37499629692537,7.87634372764838,4.80716844603182,5.94173405583464,0.178110638707975,0.111775110116474,183.783783783784,49.3447839510983,49.7482052134527,163.792019525314,19.7755589036399,FAIL
5.28774270112821,7.75475309989173,4.46384659451059,6.29727119154677,0.141591374040497,0.0779908261642641,179.189189189189,49.039947438905,46.8343987717924,172.157825413077,19.9958049132279,PASS
5.86753295467811,7.28215736721423,3.70225181145256,6.36173462142173,0.163704437683261,0.100162840752027,175.405405405405,48.5272648522725,45.119031865505,169.616971867965,20.1689252342886,FAIL
5.90793732027181,6.53728027133443,3.68352724700924,4.52752706667791,0.270621645988921,0.202493207562506,194.864864864865,49.2041025961736,58.4341295167679,120.821452751514,19.0866775902484,FAIL
4.79221799572309,7.61016557675653,3.29220928480538,5.31243684851743,0.0888777354580402,0.0275046627608603,192.432432432432,50.0525321159922,53.9812333673232,147.397643673222,19.264211389097,FAIL
4.15105559424212,7.63144482882077,3.66487456936537,4.67025744347527,0.0546908567677616,-0.00427892934534146,203.243243243243,50.6004692516907,60.7202917357724,131.535435449298,18.7851534385108,FAIL
5.50230677678442,7.89347347928529,3.46287663142024,5.1292236287176,0.181296812515906,0.112462516381721,193.783783783784,49.8279366737197,56.9230383763102,140.994801895165,19.2523361108806,FAIL
4.32369654220394,6.48461633300594,4.10758516926126,5.84326657274041,0.0585574017515613,0.00412631950065157,180.810810810811,49.3435368241251,45.7937383165195,159.488490877591,19.6839151076754,FAIL
5.97510538041919,8.1973741119364,3.29709703143448,4.67686624192704,0.25358605947882,0.176370495867236,199.189189189189,49.6878887806866,63.2645927481884,127.13730070302,19.0383256070569,FAIL
4.70520248780304,8.1013175586538,4.40652002719678,4.82618929730358,0.147052989125743,0.0815679071071158,201.081081081081,50.3867457957003,60.8038951844009,135.964971658383,18.9490754785813,FAIL
4.39577676230417,8.27509146610058,3.52476823389106,4.58151178537909,0.0799224602880364,0.0170743963227376,206.216216216216,50.6302346634973,64.3507132429457,129.138495759333,18.7250815193805,FAIL
5.29764685549126,7.17343211628999,4.40908773628326,4.6384357093892,0.233611333870308,0.166904163212206,197.837837837838,49.7790407714444,59.631149007436,127.326061594102,19.0122982907013,FAIL
5.86206685540775,6.90987029929851,4.34499579684502,5.00483932005771,0.265389877840737,0.197035997568436,190,49.287244080676,54.7252539019766,135.105693807024,19.3534380625865,FAIL
5.88890014850507,7.05267748142153,4.87351841469282,5.02294333003846,0.289537648808908,0.219649890636266,190.27027027027,49.3053838539395,55.1086733917197,136.152585449746,19.3675470590769,FAIL
5.68454648147408,7.70124482731987,4.26907334328471,5.09631359455993,0.24379286151531,0.173108043319653,192.972972972973,49.6465607583722,56.6614726810838,139.763958893073,19.3018638407913,FAIL
5.30645467659823,8.35844357717306,4.40260176147245,5.20778895007086,0.201891141104519,0.131546412345783,195.135135135135,50.0090938145382,57.6936282751303,145.356048887529,19.2534789497473,FAIL
5.48056051843614,6.99020365064848,3.94028292549752,6.01694266186413,0.1541741021264,0.092693779862173,178.648648648649,48.8847501191779,46.4501859738318,161.949839510525,19.9209023035397,PASS
5.08142873706862,8.01614621318367,3.30155997045824,4.90161845317508,0.138474496886026,0.072087155639974,198.648648648649,50.1665140732015,59.685772449403,136.000650393129,19.0338738365066,FAIL
5.52864375553557,6.99443800675093,3.99467278113563,5.76025558497071,0.172547366086526,0.109750350058995,181.891891891892,49.0750440905124,48.3395525115463,155.612527190035,19.7609631186407,FAIL
4.84847557197526,6.7872212838683,3.13663624561577,4.71727518314943,0.117909392090026,0.058497627723508,196.756756756757,49.9262028585822,56.9953348821955,129.269328374905,18.9863380015157,FAIL
4.87686236901881,7.17749550023188,3.50375785155831,5.78398980238438,0.0910880022072476,0.0319070414122939,184.054054054054,49.5049315461973,48.6010510504978,158.416584323138,19.6266241239547,FAIL
5.29473167764798,7.64430499343102,3.06047861145816,4.99759092384902,0.142180438117467,0.0764220771187367,195.405405405405,49.9279893530826,57.3369403664735,137.282223397098,19.1480522865996,FAIL
5.42620453297435,7.86695940183367,4.77687167220549,5.577835191044,0.203364080810661,0.135370746082392,188.108108108108,49.5829680876074,52.6636391245059,154.237590527198,19.5532229957126,FAIL
4.38314471271575,7.94498406750933,4.23671101384969,6.37699194746568,0.0392882609418629,-0.0201216017428378,181.081081081081,49.4965829944465,46.6575748659865,177.142025778143,19.8634738864989,FAIL
4.98378256845566,7.10859458154928,4.6284808072417,5.14246884159757,0.169977284268082,0.107300074335112,191.621621621622,49.7869726152253,53.9186021630189,142.137425358644,19.280088141774,FAIL
5.95235863078209,7.15667312929993,3.18549004282104,4.54207325479013,0.245678166907396,0.174152933713927,197.297297297297,49.4202399693934,60.8578116225382,121.890328540202,19.0327666856804,FAIL
5.05849354651889,6.59379584185599,4.82966558095353,5.94713403130416,0.142647083499216,0.0840771569101008,178.378378378378,48.9008116538883,45.6055031143767,160.742008957006,19.8877949126964,PASS
4.91603068142194,6.94177435941195,4.66272577206633,4.61478463064616,0.195233120996096,0.132321380131276,198.378378378378,49.9112288622225,58.8824145836498,127.480103950912,18.9616347954583,FAIL
5.11065963210188,7.58957892413185,3.61400558813913,5.23192604784852,0.141534004213573,0.0773626743614244,192.432432432432,49.897409273305,54.7612720772589,144.517710495059,19.2807863357653,PASS
5.9874206651915,7.63435128023442,4.63341016594317,5.70171955979137,0.24908557764255,0.178783277450344,184.054054054054,49.1211417710233,51.0014075398525,154.87442748589,19.7458604727876,FAIL
4.1084515416962,6.51900193164965,3.86861231991939,5.87428648740993,0.0309389993303534,-0.0225092791612008,181.081081081081,49.4494596175353,45.6381168497985,160.698606197836,19.6542620642942,FAIL
5.34667789625961,7.11842575058721,3.98264340380643,4.84608499059343,0.206058544662318,0.140520575746172,194.864864864865,49.7173903097687,57.047572329154,132.59252090969,19.1401176495729,FAIL
4.22387387338472,7.5486496466999,3.74305296863789,5.21489247590929,0.0473270215822775,-0.0113074987411699,194.864864864865,50.3602599004549,54.5767963358286,146.476534117109,19.1297678404612,FAIL
4.19080448982268,8.36995533837358,3.84633233935245,6.03113611677701,0.0136373580910391,-0.0465883788669094,187.837837837838,50.0919470287029,50.2356533140901,169.867067276305,19.5511092723768,FAIL
5.49055710636586,8.13230588123303,4.61878214050911,5.54323245326219,0.209188462663634,0.13948123778396,189.459459459459,49.6664489602368,53.8229557840827,153.598005053613,19.5128065408539,FAIL
4.51234001997347,8.16610287578339,4.69581285535526,4.54155669416273,0.147035658560394,0.0819179622231107,205.945945945946,50.5180809890563,64.5383540292676,128.51924467347,18.754374214278,FAIL
4.12007559012308,7.77856314378903,3.52141989822345,4.54185684775637,0.0483236404807591,-0.0108070567737353,205.945945945946,50.6640535077349,62.8785513667757,127.974556389062,18.6915248032504,FAIL
5.18346537461659,6.47919474170368,3.20536989250421,5.22237392549053,0.132571089840768,0.0736710647674087,187.297297297297,49.4229797714989,50.8328691063911,141.146955043982,19.38993329112,PASS
4.01586664783472,7.32933846260615,3.23351108171769,5.93706641007052,-0.0073535996343167,-0.0624738144158197,184.594594594595,49.8878525590596,47.7528242406934,164.521451015247,19.5501158113539,FAIL
5.33512923257997,7.51840592786646,4.13445821888133,5.43325854236749,0.177083734888084,0.111619415102882,188.648648648649,49.6214659237661,52.7342915747234,149.417196404483,19.464953886307,FAIL
4.74156302344375,6.47009394587124,4.72968992356181,6.42139201491987,0.0932452965664803,0.0379785171490236,172.432432432432,48.5009527963199,42.1444686152107,171.936515790234,20.1790687211338,FAIL
5.81994045632871,7.91035355232705,3.57162067054617,5.15978359513636,0.219242799240015,0.147479532128466,192.702702702703,49.6396176468143,56.7532653563484,140.938999869524,19.3250649613362,FAIL
4.9416564338365,7.53844340000459,4.20546966171785,4.97610772394216,0.160939294181388,0.0966637160651218,195.945945945946,50.0518860570567,57.1407765033471,138.36925999612,19.1188743187006,FAIL
5.15279809756561,7.13676405656847,3.54323171143405,6.47100511562483,0.0942062815691034,0.0357463489885216,174.864864864865,48.7133916939686,43.8740089768654,173.82181992642,20.1339488420429,FAIL
5.29584049478878,7.1820504946268,3.23174032398258,5.11674824802793,0.147475967848832,0.0840428966743408,191.621621621622,49.7167991325889,54.4516425331193,139.750195028597,19.2678735937726,PASS
4.08280211825004,7.1604818744162,4.44740198928037,6.05391345161707,0.0278970133701798,-0.028306006287572,181.891891891892,49.5949154463802,46.4693002909294,167.759046690472,19.7031020340787,FAIL
4.20096123156838,8.23983610221377,4.37430588459202,4.72895604080553,0.0790093684832492,0.0166352904015341,204.594594594595,50.7226726390567,62.3326355937401,134.650255857011,18.798151072613,FAIL
5.51768099021968,7.89380915981175,4.63543791512074,5.6997346306743,0.201734794196939,0.133592412546569,186.486486486486,49.467535396939,51.7380169942167,157.064381871132,19.6387744333978,FAIL
5.13574091331939,8.04939758733174,4.93164378384146,4.59590332223672,0.242917878349146,0.172646745546745,202.432432432432,50.1184247635218,63.5651277087027,128.361535504967,18.9011579542719,FAIL
4.32372896521247,8.06120654563682,3.0209080252803,5.81525662483016,0.00825543586094835,-0.0506243360347876,188.918918918919,50.1430935205888,50.9848241955501,162.506390331438,19.4397979559819,FAIL
5.70614040004032,7.1390249099311,4.4434749314313,5.2741576591978,0.23604861770483,0.168783972974265,188.108108108108,49.3449156899273,52.9505930577749,143.349496291299,19.4751651802547,FAIL
5.86197611545306,7.34422909934388,4.04898204258772,4.57095559640669,0.291471141191506,0.218701643461097,197.837837837838,49.5073630609561,61.2755809558675,123.792622802355,19.042099842825,FAIL
4.4434437774878,8.01632804868376,3.22138754473214,5.3813219360037,0.0422900692685129,-0.0182117662558741,194.054054054054,50.3431317279816,54.614090089199,150.917310975577,19.2080839961876,FAIL
5.35301734156513,7.32077282186352,3.04084224315321,5.88092366166057,0.108846211696214,0.0472991137372073,182.432432432432,49.2863489984549,48.4061892523502,159.493024908718,19.7336816089759,PASS
4.45440510893649,6.83539235549045,3.16019173296963,5.58108434717481,0.0475602416172548,-0.00804874845419612,185.945945945946,49.7464566313971,48.9339245486578,153.259544232559,19.452077617523,FAIL
5.1882661807877,6.54879777650653,3.36441042759295,5.32521505212019,0.135621941525953,0.0764362790348405,186.216216216216,49.3804556706956,50.2010723254339,144.047501729238,19.4540883587949,PASS
4.33554817419451,8.16480084502852,4.82092963600667,5.36133878391628,0.0819645219880692,0.0192769655819205,195.135135135135,50.399418326095,55.3255031493083,152.43846655986,19.2098434256081,FAIL
4.26150858923869,7.4138676972829,4.59163978181283,5.69861245659142,0.05901421346296,0.000347845292777094,187.567567567568,49.9323713595101,49.9425044323169,159.472471873381,19.476289536927,FAIL
5.36078756376034,7.3336225276953,4.42406346291663,5.07839523728054,0.211663125951257,0.145255131682386,192.432432432432,49.7030049174775,55.449556340251,139.646315018004,19.2753720045736,FAIL
4.05705018259467,7.39769157074527,3.39061556668103,6.42764720290474,-0.0091746152087353,-0.0641244053162928,178.648648648649,49.4164250840198,44.6800111389106,176.448550787668,19.8749736643185,FAIL
5.52619422263044,7.62558748074816,3.77259636828938,6.32279592090519,0.139295150048072,0.0758419135602527,178.108108108108,48.8849998153519,46.3109939842253,171.027401002187,20.0440464348269,PASS
5.07170165236445,7.89919000237584,3.8157424234481,5.18226665659666,0.148871461468055,0.0831706734512766,194.324324324324,50.0352647316636,56.3169074981044,144.054315667349,19.2223607385565,FAIL
5.49379619027737,8.01009430169707,3.78798718026248,6.05018175817576,0.148979830464328,0.0828808998916967,182.972972972973,49.2943608119246,49.3231669997995,165.638277550986,19.8186148465935,PASS
5.01550265449169,7.18851454337381,3.76562883933351,6.26685907349864,0.0962309925622652,0.0372934207933769,177.837837837838,48.9921103623124,45.2880253484564,169.876733605565,19.975591374197,FAIL
5.46078196018126,7.93249764074908,3.97813674292909,5.3155895978469,0.192504091534847,0.123859764181797,191.621621621622,49.7656734778476,55.2299634006603,146.670217555723,19.3693309204979,FAIL
5.74841127483876,6.89525411564394,3.03394010802062,4.69489181522586,0.202604547618222,0.135586563747824,194.864864864865,49.4657596480842,57.9056920275639,126.241311566578,19.1080156696504,FAIL
5.61680990039881,8.36316361936284,3.99091242582547,5.35900234831893,0.210047468424426,0.138167660076949,192.432432432432,49.7867569038583,56.2721102199117,148.170757544204,19.3845569124977,FAIL
5.39220064126207,6.8370009039319,3.15251967343265,5.42137438906056,0.138551591481493,0.0773101176727587,185.675675675676,49.3674143676979,50.4530905086518,146.570615840215,19.5074671660199,PASS
4.76836233904074,6.88194373247258,4.52088609215798,6.43010541175706,0.089332402608569,0.0323876733887605,174.594594594595,48.737149280311,43.3389472019377,173.720197776488,20.1165710761715,FAIL
4.18985007597535,7.95961428709186,3.37727631693848,4.51897321029116,0.0503291226252049,-0.00967797092167078,206.756756756757,50.6719216132653,63.897583021319,127.261987098874,18.6736212721996,FAIL
4.82015476118407,6.68265201218747,4.06551861990797,5.61551944068799,0.113137657164279,0.0552413007035286,183.783783783784,49.3971843034135,48.2557975584264,153.255385574411,19.588545670778,PASS
5.38687941950135,8.15273728218405,3.03926924378236,5.87318819926191,0.108670480100028,0.0431102670310439,185.945945945946,49.5861936518337,51.0373467642127,161.259221027434,19.6468414054926,PASS
5.97286063184094,8.37152292302885,3.91216240613902,5.19602103471688,0.256831387407949,0.180847958086499,193.243243243243,49.6560311748507,58.0046005899729,142.483694086843,19.3434700620681,FAIL
5.96582780168306,7.3717401358358,3.63018852597616,5.26276974706759,0.22715920520955,0.157488203816807,188.648648648649,49.3366082890996,53.906848322121,142.222784134284,19.4634031578477,FAIL
4.03602093589026,7.40726356414125,3.25398398258304,5.1103491328374,0.0132873340867347,-0.0432240626017406,196.216216216216,50.4781423943909,55.0293244911718,143.330234042109,19.0328525347201,FAIL
4.51211700502713,6.40458363049164,4.54542555162383,5.82359774221248,0.0878320019057633,0.0324801036635443,180,49.1999647008452,45.7167102964027,158.500038716502,19.7294034739527,FAIL
4.7959326620764,7.40210235697579,4.22510216989071,4.7661448677519,0.155851804175927,0.0926783568628556,198.648648648649,50.1373705558891,58.9030545622596,132.671517307304,18.9813544306923,FAIL
4.56670771800635,8.07480066603283,4.73186245783608,4.60951759376129,0.15201542977435,0.086882155131741,204.324324324324,50.4677541054552,63.3230727957074,130.278134344928,18.8094146302359,FAIL
4.9863690807678,8.06029681365775,4.83697025132087,6.10246563232435,0.129024933577549,0.0647527925473196,183.513513513514,49.474126295786,49.0232211629983,169.61472169783,19.7940886919179,PASS
5.9575619115473,7.54295618908592,3.12751294626215,4.67286774756297,0.234148845876305,0.161137316786577,197.027027027027,49.5474105363487,60.8003412946969,126.102028470292,19.0769790366805,FAIL
5.9535976485707,7.29742415322396,4.78834020699251,6.32237781327255,0.21165426608421,0.146146487239745,175.405405405405,48.4639379569657,45.4765123557832,169.189205786737,20.1947171876472,FAIL
5.92282880982883,7.95612093925084,4.89620196698968,5.85815564437265,0.245034843083777,0.173998882685637,183.783783783784,49.1499721868144,50.7544491065603,160.104483486267,19.8080100115206,FAIL
5.42831920580983,6.67519269344537,3.165550262234,4.72445172468492,0.178398852313905,0.115191214706987,194.324324324324,49.5524228871835,56.6033557499908,127.636649105291,19.0983371925562,FAIL
4.73843084624489,8.33083084599808,3.72477939536889,6.36078744401171,0.059218871380295,-0.00267176953663695,182.432432432432,49.5198241000644,47.8853739538266,176.418290863175,19.8523256523285,FAIL
4.1919654044865,6.64386112733963,3.97722426977833,6.34501669662771,0.0286159083426633,-0.024879357018127,175.405405405405,49.0077921716473,43.0006682140629,171.958568495768,19.9741163479927,FAIL
4.26967323607809,6.68876218186192,3.66662967860898,5.40998416805217,0.0527355199914576,-0.00249102889570207,187.837837837838,49.8570451114858,49.8033416906566,149.294535616757,19.3479686609006,FAIL
4.01678380924305,7.21667917886271,3.36176111192114,6.24670476059532,-0.00776175186853689,-0.0621990198758876,180.27027027027,49.5344208683581,45.2890239518642,171.696209669007,19.7707278420613,FAIL
5.09775844075459,8.12263405502537,3.10624422419416,5.5220775427984,0.0992671563654649,0.0345733481420938,191.081081081081,49.9567347196557,53.825495169776,152.992683281779,19.3890421946933,FAIL
4.2915918334777,7.2773141932086,3.91052104822545,5.13627325778286,0.0660644490908127,0.00771822635193131,194.594594594595,50.2572265548404,54.3990782782383,143.740139807291,19.1240721009099,FAIL
5.8510320360136,7.84302984531158,4.27312397137698,6.39160199680384,0.185248372589783,0.118435154670482,177.297297297297,48.7166578748683,46.5681633154595,172.620387463097,20.1365920916919,FAIL
5.46065573699507,7.44385384564709,4.29448470170373,5.97201298233071,0.167570663493165,0.10342223168162,181.351351351351,49.1243467528794,48.2002952949874,162.618359342448,19.8433604204348,FAIL
5.74201824673385,8.1341919018371,3.45772870243947,5.10209577853537,0.208951335261824,0.136624863076297,194.324324324324,49.7701789584321,58.0971025260422,139.893214858022,19.2559043914063,FAIL
4.81981030708774,6.78465754829881,3.38910099403903,4.79928613410103,0.123533894295699,0.0641265479693167,195.405405405405,49.9148450721636,56.0890433553004,131.751856318463,19.039414757432,FAIL
5.71040634722552,8.26135777094316,4.55913584190327,4.81658992918772,0.288777129272703,0.213148431142501,198.378378378378,49.8363588812483,61.7697638941585,133.0091255216,19.100818281311,FAIL
5.45833139224525,6.78700950941683,3.91636872518012,6.21081354673668,0.143181347668514,0.0835365054456939,175.405405405405,48.6133721358789,44.5124558081326,165.83108983522,20.0749194135292,PASS
4.26351455436611,7.62773643814068,4.27682281787632,6.00405727364862,0.0407478312298598,-0.0177915885849094,184.594594594595,49.776567130886,48.2810953753503,167.468420392912,19.6390455563195,FAIL
4.51334534353254,7.4973137158304,4.87607713048136,6.40013472182698,0.0688816017158931,0.00996994648350136,178.378378378378,49.1802697276709,45.2899417952283,176.410965033322,19.9778269639285,FAIL
5.21103075077758,8.02113625336634,3.63020972539395,5.04426813695336,0.163643182502818,0.0961020338524834,196.486486486486,50.0488992160808,58.1894746114534,139.888962184286,19.1479145520226,FAIL
4.85748827326915,7.8945237928248,3.92996539154939,6.46748029831895,0.0766605074820658,0.015895091922674,178.918918918919,49.175463405179,46.0144329993633,177.533159722614,19.9988311989265,FAIL
5.69731234592807,7.04372394148259,3.35719363617706,6.21044962377105,0.140837323903608,0.0793302024432324,176.216216216216,48.6705807615578,45.327577396735,165.641472746856,20.0558443408092,PASS
5.72076134065362,6.61000994288277,4.52105247315155,4.77822490963561,0.271318101701606,0.204591957708826,192.162162162162,49.2947257478688,55.8761079904073,128.846481341098,19.2245212509628,FAIL
5.21413356082208,7.98542255122567,3.42358333595327,4.56410196266229,0.182021989679743,0.113222951706595,202.702702702703,50.0806202172894,63.6964332198823,125.987607943884,18.867535520577,FAIL
5.6068766029644,6.47861403848419,4.48199939073454,5.17863577307719,0.227963254830954,0.164574592615484,186.486486486486,49.1507572887747,51.3710467831532,139.434875746991,19.4741105532149,FAIL
4.83218172434398,6.78759174065442,4.89411397728209,4.77111187192987,0.180816513034878,0.119346725917578,195.675675675676,49.8646627023855,56.4678745868446,131.889215121206,19.0633202740483,FAIL
4.93874844088352,8.1026774584677,3.49364677331341,5.3627913290808,0.109688982702724,0.0451123208935891,193.243243243243,50.1017146753224,55.202153532512,149.479620446051,19.2813510142477,FAIL
5.98841395253247,8.25530192731614,3.08604398944356,5.59543207557271,0.179008284165656,0.106905279947909,188.108108108108,49.4775621200323,53.8007205013683,152.336558349705,19.5696316920171,FAIL
4.00298817513387,7.84952276524215,4.23753806695803,5.24466609139869,0.0302282162367727,-0.0289518337998733,196.216216216216,50.5506845891023,55.2902305842525,148.851174745913,19.0968356242458,FAIL
4.58831811548949,6.51028219240551,4.40137909563838,6.28593429090948,0.076721511885376,0.0218295486804667,174.594594594595,48.7742500255252,43.0359696527785,169.341827656502,20.0389618846816,FAIL
5.45204976380833,7.57104264670396,4.90441620101769,5.22149572839271,0.231370088247812,0.163084597605214,191.351351351351,49.6618324945204,54.9269412340862,144.085596586961,19.3676605653466,FAIL
4.18250467452968,7.37383371258538,3.33116830579335,5.01464903695791,0.0363121123772262,-0.0210839875133806,197.027027027027,50.4251648434353,55.9126799872119,140.411517718236,19.0055542512608,FAIL
4.00348827427186,7.92650155048432,4.52759222641469,4.53135210433309,0.065438264004069,0.00513111894413409,206.756756756757,50.7548646132514,63.5976626282137,128.989746617333,18.6779218548674,FAIL
4.24749740908403,6.56088314936888,3.15614708628604,5.68249010302745,0.0290719383596849,-0.0243818178080136,183.513513513514,49.6274714087231,47.1638586194509,155.428719147517,19.5166783540405,FAIL
4.99225589315028,7.3858778898833,4.29639783189397,6.18148630545833,0.112436340330155,0.0518588096075219,179.72972972973,49.1422898621293,46.4618072417191,168.998330702329,19.9089369444657,PASS
4.03429968866329,8.08811828626277,4.54379298081545,5.07821487540185,0.0459533112409507,-0.0147597012812912,199.459459459459,50.681185495602,57.8006669712048,144.933536987182,18.989456122778,FAIL
5.40126731427842,8.22608514568292,4.88979416741982,5.03594693255653,0.24411351020509,0.172293066328771,196.486486486486,49.9644648568193,59.0882413289708,140.415797876963,19.1886045026965,FAIL
4.30872115103351,7.14119269408603,3.44562769332079,4.55252310795687,0.0757232540122934,0.0177365865335297,202.432432432432,50.3635067385633,60.2431420695629,126.843966820456,18.7767736041163,FAIL
4.36215951115734,6.88769778354964,4.99423689762365,5.80986847488804,0.0780956740843145,0.0208301285267037,182.972972972973,49.5262191093441,47.415473984506,160.63589826365,19.6413296790095,FAIL
4.23566763635952,8.04953435319194,4.46284515544041,5.92875940171796,0.0405759963094204,-0.0197417747187673,187.567567567568,50.0160389844595,50.1088759502924,167.010261109659,19.5460223021812,FAIL
5.11443591322052,7.16213663333231,3.69471024804476,4.67075769991242,0.17741409421741,0.113317869258822,198.108108108108,49.8990160365503,59.1290097473111,128.281946190096,18.984775270089,FAIL
4.42433597747891,6.57714318530661,4.51906903587727,4.63924332180684,0.126767076860669,0.0689585185261313,197.837837837838,50.0387039929425,56.9609611809136,128.634423327805,18.9270878633449,FAIL
5.17155409109101,6.96558363931595,4.04331782083977,6.44854025703266,0.113137481153793,0.0546756408768647,174.054054054054,48.6030609673239,43.531952800606,172.930553055989,20.1675802009147,PASS
5.36842932039678,7.2029621566804,3.20954355378172,5.32977278708194,0.142790422778147,0.0795143328825827,188.648648648649,49.5869230908782,52.5417500908256,145.214924530512,19.4083001497118,PASS
5.09539870667758,6.86270161079223,3.01205917220483,5.5822717753677,0.0988272662915823,0.040005805269726,184.594594594595,49.4371701512686,49.1462211059206,151.5321844492,19.5514634831679,PASS
5.75979442742151,7.1568411945357,4.65299159265934,4.80547232927497,0.285558479692393,0.215346347695243,194.054054054054,49.4821158612809,57.7696287200514,130.717455045462,19.1965024162039,FAIL
5.20056888126653,8.07671935344399,3.64459322490789,5.31191375008034,0.14843186448074,0.0816305772337922,193.243243243243,49.9684232143964,55.670411894981,147.393002096813,19.301367518754,FAIL
4.82909029385287,7.55618585143608,3.25726270182833,4.70834224279227,0.118607898010757,0.0557931560566266,200.27027027027,50.2044037937015,60.137499704388,130.494414849746,18.9145635935815,FAIL
4.2871912366524,7.27951065987469,3.94369184017753,5.87338814558771,0.0422324892873249,-0.0149265430583664,184.594594594595,49.7490893165909,48.1530055779699,162.851763272586,19.5881847693399,FAIL
4.7186711310733,7.01894884940655,3.08231280421469,6.39503904409495,0.0446906371591596,-0.0109098889750774,175.945945945946,48.9825260519668,43.8840100806641,172.630823340705,20.0031830647168,FAIL
4.14923260921697,8.29940711672634,3.46492019778227,4.67094064361376,0.0391698259970691,-0.0217221685193371,205.945945945946,50.784231242305,63.2218439405325,132.303897380978,18.731308599838,FAIL
5.45700838150889,7.90799824174551,4.79034308083751,5.70586183417944,0.199894830314775,0.131970794220581,186.486486486486,49.4944300158764,51.7241650176287,157.579746296988,19.6351891550261,FAIL
4.96339935614672,7.04149661030888,3.92647211749349,5.41493324963372,0.130749001078879,0.0701106058312274,187.837837837838,49.6451725243896,51.1685298460347,148.718429889995,19.4356599806656,PASS
5.17924377338435,7.86907421433704,4.99863604248955,6.15579768131323,0.151511145150931,0.0869573522638959,181.621621621622,49.2476156952461,48.1316923332154,169.876913687341,19.8874670056011,PASS
4.55907069732135,8.06355126453631,4.0564145435048,4.5148888588862,0.131553397366052,0.0672517427435038,205.945945945946,50.4696526875739,64.487867017512,126.954289431908,18.7411387385025,FAIL
5.51401138788124,8.10120478253612,3.45017646123453,5.39960440373737,0.16685405439846,0.098063141643942,191.351351351351,49.7714290195204,54.9867340128573,148.668337217833,19.3982387216786,FAIL
5.77492411825451,6.58508273583028,3.9927495098393,4.95728362043374,0.241223416186019,0.17562897492774,189.459459459459,49.2244863853918,53.9095466468357,133.13598436219,19.3343613527238,FAIL
4.22147328388019,7.30048893401793,3.06373866871521,4.96738800569723,0.0320313673075945,-0.0249252668553959,197.297297297297,50.4081910646958,56.1280034779638,138.674618869049,18.9817209351012,FAIL
4.98282160365898,7.08841643667757,4.18149703249581,4.96447332869853,0.165156642472654,0.102607532134696,194.054054054054,49.867726588062,55.5987481268532,136.980430153556,19.1601691930132,FAIL
5.78016167280933,7.53496812464306,4.66068844320542,4.83571253690088,0.290753659799129,0.21836766969493,195.135135135135,49.5930530155003,58.8865457344386,132.217454702986,19.1842076007064,FAIL
4.62797146900071,7.5531414602358,3.24333990288868,5.83667105287615,0.0524806247314363,-0.006410314475784,185.675675675676,49.7682450799145,49.3296807591639,161.268425605857,19.5655292798097,FAIL
4.36110484595819,6.75590561277161,4.62041510075562,4.61495492412802,0.12192755291148,0.0636101952364259,199.189189189189,50.1546692033023,57.9712120790193,128.570948182076,18.8863611121111,FAIL
5.16651273940783,7.80836110565523,4.80819822457575,5.07896465267372,0.204764782829545,0.137148831465386,195.135135135135,49.9630092318633,57.1108357194139,141.520153080718,19.2087761692257,FAIL
5.71981939643246,7.21987801085458,4.99597725387969,5.73273547463667,0.227519013077008,0.161129505037731,182.702702702703,49.0521765934717,49.3697696692045,155.641401905444,19.7782709289209,FAIL
5.92028647089529,6.47757429306109,3.36057692298319,4.72214248379905,0.237358939903273,0.170922411835374,191.891891891892,49.1759682044665,55.9409749395963,125.821834355749,19.2042790353786,FAIL
4.37252688397064,8.15501223030489,4.2303407294235,6.01549527119847,0.0471676615311927,-0.0137221892213751,186.486486486486,49.9231400346317,49.7853426710438,168.909967154125,19.6061959242484,FAIL
5.08983874146596,6.79317749412794,4.52128085268875,4.84450936912942,0.196075430485972,0.133419739278185,194.054054054054,49.7156641778557,55.7502733935422,132.948808985178,19.1422425637936,FAIL
5.723118499568,8.06304467801047,4.49810464705058,5.94242530405455,0.205862246341601,0.136592970656285,183.783783783784,49.2455685523689,50.3670378744899,162.889883454712,19.8058457016312,FAIL
5.04610948172639,8.22442516161395,3.56178457528552,4.72147487869198,0.159633652769971,0.0916620322576476,201.891891891892,50.245299972708,62.5683552460053,131.452301374327,18.9160940629787,FAIL
4.70886542689451,6.63561949060757,4.21186114497948,5.21976882686805,0.122907890290552,0.0646813643639158,188.918918918919,49.6985379098261,51.3808010780709,143.455527964251,19.3239088754532,PASS
5.15025805517556,7.6387339721158,4.44171885224283,5.61445704412097,0.158547339001521,0.0940253861395824,187.567567567568,49.6337650640719,51.5437318187472,155.253328859243,19.5442060582615,PASS
4.89902674555326,7.0910507916663,3.12050181145676,5.38808728838362,0.0919036481060864,0.0325134628396727,188.648648648649,49.7620832671015,51.52287265694,147.795423410954,19.3745204434547,FAIL
4.44176162992378,7.84951860855541,4.48575896540521,5.02194504806951,0.103927982938761,0.0415910577383142,198.108108108108,50.4090183737171,57.6605378859994,141.864712031644,19.0427840240929,FAIL
4.00785808668796,7.9713942068955,4.9740222101523,5.71699964730354,0.0304342447272461,-0.0295176420343518,190.27027027027,50.2547441716987,51.5131228251382,162.391792114591,19.395901730363,FAIL
4.71884471362587,8.3286513099666,4.74644497535898,5.37027014966526,0.129659599464973,0.0640266838408339,194.594594594595,50.2409136533495,55.8629410177914,151.882650408627,19.2635956214012,FAIL
4.30655255740201,7.70273056207985,3.32101597189056,5.13906573220638,0.0423636313445049,-0.0167458637577147,196.486486486486,50.4252716269923,55.8584672975732,144.161355064774,19.0710165238181,FAIL
4.29767832334848,6.72235104425274,3.50419407971628,5.46503469527353,0.048674433095765,-0.006492752386558,187.297297297297,49.8322605668321,49.4638164339996,150.612612244958,19.3781394428244,FAIL
4.85617727865985,8.18992855108429,3.5751367277793,5.10019798151909,0.116286460740352,0.0511195598686146,197.297297297297,50.2802392466729,58.0912791975241,142.725790068807,19.1068023480466,FAIL
5.12962474570259,7.9349786510082,4.81285712917032,5.23213946369865,0.191023207442904,0.123621988053947,193.513513513514,49.9607774912518,55.9965789108151,146.108092635174,19.2844840649713,FAIL
4.61184507785261,7.60765035532835,3.97843063249923,4.98886454489444,0.111320310936721,0.0494074757395541,197.027027027027,50.2614601244853,57.1669582590566,139.612507803866,19.0596632920558,FAIL
5.74482000096496,7.46265359699932,4.46330373903311,5.30967195702779,0.241482882709546,0.172317419959646,188.918918918919,49.4315617848307,53.7694489017545,144.948659641725,19.4708738141253,FAIL
5.44401296355553,7.80762331523142,3.59473443114018,4.6611597018739,0.212895986842226,0.1428419192932,199.72972972973,49.9053211998205,61.8526537577777,128.005318276742,18.9783286482689,FAIL
5.23830587686792,7.33673505272555,4.90567946982048,5.17047190817598,0.207702937186907,0.141981543076591,191.621621621622,49.7154487244227,54.5416046426011,142.847993714971,19.3234881793766,FAIL
5.38718071877303,7.32960140324961,3.50682184531873,5.45425613280821,0.153744336473614,0.0897321137138262,187.567567567568,49.539942148713,51.8960404787849,148.900124299091,19.4863868951404,PASS
5.22372479379613,7.29752963069545,3.17223930448946,6.44572363906225,0.0855655583411774,0.0264901665280342,175.945945945946,48.8135644237651,44.4907433074526,173.361108961174,20.0899563177368,FAIL
4.39732911405845,6.57939929036925,4.08606273462502,4.82477786545144,0.102037350240525,0.0451712629600568,195.135135135135,50.0239639541722,54.9227145311729,133.538635529227,19.0258717244846,PASS
4.00954819473521,7.4918700585608,4.26131680289537,5.28622117554169,0.0341158513489487,-0.0238519286958074,194.054054054054,50.3934434632346,53.676317434696,149.203700316047,19.1574642202926,FAIL
5.13496613474185,6.56651094779541,4.00183838937334,4.67214936643013,0.192384011728721,0.13062082442371,195.135135135135,49.642828069076,56.7022534006703,127.279440099263,19.0533600961923,FAIL
4.50398762067323,6.74605681035037,3.06539618801678,6.25298241049496,0.0328909163572939,-0.0210564117395886,176.756756756757,49.0875021461623,43.8958436144675,168.930499612347,19.9087225288073,FAIL
4.1154987175221,7.33517820574723,4.21469650397471,5.21544450493874,0.0500475840667565,-0.00789760734409095,194.054054054054,50.3212552604314,53.8165897700998,146.667971383423,19.145931913457,FAIL
4.8925631941863,7.99245283894638,4.62752997196788,5.10597108676472,0.162822043800818,0.0967814585990731,196.216216216216,50.1685145109745,57.400631727226,143.320539421405,19.1594103169228,FAIL
4.49370796140195,7.17867098657959,3.328609875401,6.0024046332682,0.0419296903229867,-0.0146251266463447,182.162162162162,49.5244377492385,46.9188371099746,164.695676713974,19.6957780356237,FAIL
4.1211238506134,6.58267381145312,4.8798243032006,5.66733850921974,0.0566277043692089,0.00139461489391524,183.783783783784,49.6149842746244,47.4002943972761,156.594335285578,19.5429546576498,FAIL
5.71595710966681,7.16059584693282,3.72073457664307,5.084156996245,0.217518025420837,0.150100674596399,190.810810810811,49.4635797927107,54.814591776954,137.857579910561,19.3354055567918,FAIL
4.17124955293845,7.69118744586293,4.86639210496938,5.58879864565801,0.055645625121538,-0.00413049843509328,190.27027027027,50.1676881922314,51.7243760445327,157.855641685494,19.3689565592444,FAIL
5.33994788802853,8.25022280232776,4.14933085080933,6.32559522028745,0.135950479661569,0.0703179800156358,181.081081081081,49.1970046627011,48.0430380892872,173.882100143561,19.9558494185141,PASS
5.85508906140296,6.97543036229935,4.88138859069263,6.12913499255158,0.212878579563187,0.148740586311771,176.216216216216,48.5355740361971,45.7491489886196,163.910754373626,20.0939621441403,FAIL
5.05040128897309,8.03916753283563,4.3932459477421,6.2489955946105,0.117466592936001,0.0538804033513325,181.621621621622,49.3219678401348,47.9248232742731,172.568588121958,19.8885248316403,PASS
5.13541972851688,7.75685142200095,3.05763299193883,6.01884583056136,0.0836916546506588,0.0219392109724347,183.243243243243,49.4595442630938,48.6892314183752,164.757399503557,19.7369016861742,FAIL
4.3508402686832,7.51975861934321,4.06434930997515,5.10802114695112,0.0772621992574437,0.0174186470579972,195.945945945946,50.3234962792629,55.5657659109089,143.474511380975,19.0980161796212,FAIL
5.40014012356204,8.30413861282163,4.08956022323309,5.01817368468546,0.211937027971169,0.140671723252205,197.027027027027,50.0089916276909,59.5237644753123,139.40836779073,19.1535703311008,FAIL
4.04217534243125,7.91484514914982,3.01573524359066,5.0309869901021,-0.00104769935103954,-0.05894090424915,199.72972972973,50.6887039125877,57.6324662098148,141.829936917825,18.9352284303118,FAIL
5.10010586695889,6.67707265200363,3.8920948867592,4.78368891662601,0.177286945655189,0.115705353544965,194.324324324324,49.6935374764166,55.9155312494642,130.615420912392,19.1019121168095,FAIL
5.75126999417607,7.50023155129255,4.16910021629645,5.56159808279117,0.21431645475196,0.146389337353255,185.945945945946,49.3110775713603,51.6571178413611,151.398592629722,19.6181046575254,FAIL
5.71919227703436,7.41435863926955,4.47254085393212,6.21497393087741,0.186252961871096,0.121427955242124,177.837837837838,48.7508483272088,46.4722433303014,167.655611952337,20.0569310782369,FAIL
4.22855885221436,7.26651555049845,3.56954330912193,6.23713895445458,0.0173959865100518,-0.0382930337761704,180,49.453552116879,45.5521786622812,171.396885965582,19.8031880861603,FAIL
4.13391009681515,7.62280802997294,3.68866727412449,5.03934952237305,0.0398389815002682,-0.0186957727509444,197.837837837838,50.5175022389795,56.5628925804327,141.982033769395,19.0006901496242,FAIL
5.14026117843922,6.66436419354187,3.26994578861432,6.37006276349086,0.0891090287348696,0.0328960558982357,173.783783783784,48.5995822786262,43.0531405512126,169.61314838548,20.1191926143563,FAIL
4.67127098897745,6.795238073111,3.14314913845636,6.3235614679024,0.0471000553760986,-0.00765361055950065,175.945945945946,48.9545650866069,43.6436320192358,170.340216939846,19.9817148343694,FAIL
5.91388323654383,7.11864071488158,3.19218114124753,6.28707252388588,0.146596290076307,0.0839812069146821,175.405405405405,48.5416227761222,45.0914200181985,166.873545336207,20.126111053543,PASS
4.76728924280641,6.71626094768144,4.28376867385036,4.57681666598796,0.165736438352464,0.105283991764007,198.378378378378,49.9179683955417,58.3446673659125,126.13720125758,18.9266600360592,FAIL
4.13369886401283,7.47797183956512,4.83651056974351,4.8334260955665,0.081975937755536,0.0222340216264161,200,50.5068151272558,58.2833332453637,136.910081267509,18.9185251301064,FAIL
4.24921934091745,6.42738918063235,4.52552535979384,5.9455083673184,0.0570983052940395,0.00289824042123188,179.189189189189,49.2286309805101,44.8976642136064,162.144482757679,19.7634637306385,FAIL
5.70887840397827,6.89991412148317,4.2298005816866,4.59722261660303,0.275492680161517,0.20668418565436,195.945945945946,49.4459636175452,59.1059187097643,124.335644338959,19.0757447316521,FAIL
4.22558916194481,7.09629486229509,3.94389849140298,4.65906397012842,0.0798371905545492,0.0219177625123199,200.810810810811,50.3741966672395,58.7831992993715,130.355436825989,18.8427508735228,FAIL
5.36405872290557,7.45057455710213,4.03173314587951,6.38078008195879,0.131744827626261,0.0698991457577315,176.756756756757,48.8161716274699,45.4090869062993,172.537718067461,20.0870194691222,PASS
4.26345471662519,7.70156266457263,4.69437400997223,5.19180707583638,0.0789914076194822,0.0182978078282191,195.675675675676,50.3760251422022,55.3772611435287,146.897605577654,19.1334531654192,FAIL
4.13629664680871,6.42296081443961,3.01358012356826,5.08494947771885,0.030370413633327,-0.0226933991947803,191.621621621622,50.0299230231506,51.6258157565427,140.032337097473,19.1268759168051,FAIL
4.43532459430043,7.00380396392025,4.19079459407367,5.62738585272633,0.0745158266122857,0.0169931361499673,185.945945945946,49.7329179905225,49.1802206217042,155.704665051797,19.4954168855597,FAIL
4.43599154533344,7.18116849319403,3.67624630457623,5.99174522919492,0.0475952476296803,-0.00923554286494277,182.432432432432,49.5367070993901,47.0067132286364,164.858416445773,19.6926202621867,FAIL
4.73798826495367,7.24644084140629,4.14287062965241,5.67624047003152,0.102294610027997,0.042439439417447,185.945945945946,49.6550278666406,49.6612561899194,156.784535837999,19.5480929914839,PASS
4.05749157061413,6.58226040643923,4.00204252134375,6.33650584921013,0.0175661686029087,-0.0353247582341111,175.405405405405,49.0375462560474,42.838531973862,171.819397608546,19.9556534675443,FAIL
4.49523208182989,7.7058757947312,3.13040644815056,4.53267496606467,0.079011168743193,0.0180728719928248,204.594594594595,50.4397056906858,62.797696593199,126.426522153163,18.7433300366284,FAIL
5.04017880404375,7.70469666309299,3.78830899271429,5.26127143425312,0.140042228695818,0.0757064741471449,192.702702702703,49.9554338109591,54.8682322801163,145.892010423861,19.281462947213,PASS
4.73921052549769,7.90626002365268,4.2237997870903,4.97830274277951,0.136222111742256,0.0718564207765646,198.108108108108,50.2818981192439,58.3951996989237,139.712472596783,19.0553962277316,FAIL
5.85052028275571,7.16377247435785,3.74690986769952,5.15955126200565,0.227482489785516,0.159263821445616,189.459459459459,49.361406761214,54.1224513042676,139.471561784919,19.4047999656136,FAIL
5.80756843370517,7.33223335207817,4.01640103305438,6.08945798807895,0.18393109943375,0.11896646177196,178.648648648649,48.8146755410091,47.0798578414704,163.775567888315,19.9831274674634,FAIL
4.27020064033936,6.80999151083784,3.38035238049036,4.50378221057533,0.0736529471030949,0.0172172463460248,201.621621621622,50.2644866360557,59.4531625364962,124.930876886819,18.7685312793503,FAIL
5.71555008785778,6.42001853819112,3.01736910065097,6.18097050928628,0.128693218885493,0.0706285656532443,173.513513513514,48.3965473996608,43.5417243743864,162.484289819012,20.1122418855407,PASS
5.54008638646777,8.11431952759065,4.8669041960706,4.53014618978036,0.304310735787218,0.22943821965794,202.162162162162,49.8797459081342,64.7862503189129,125.257479972796,18.9238802941636,FAIL
4.37968842391443,7.78820783571346,4.95459502563604,5.65052134078034,0.0804325082960347,0.0192769455554487,189.459459459459,50.0477059671579,51.5691840819024,159.259001160293,19.435342604409,FAIL
5.12474036813539,8.28354860797235,4.37271117200147,5.16231500158386,0.180599413891718,0.111979584263254,195.945945945946,50.1084036681728,57.862298173599,144.505790528362,19.201542140604,FAIL
4.68011292384993,8.26874294325187,3.61499171541882,4.57752523568599,0.123447302115275,0.0581029225372715,205.405405405405,50.4603299386919,64.4634262502742,128.367102480293,18.7724495966594,FAIL
5.13556014541228,7.70169866342553,4.47738248585369,6.41274642106162,0.122133365873992,0.0599591033116516,178.108108108108,48.9763094083611,45.8993723402985,175.223464574076,20.0533659402454,PASS
4.61211252337109,7.91820774707391,3.56265429949629,6.30381895580781,0.0458801014199475,-0.0137275552282279,181.621621621622,49.4899816628197,47.0837723134334,174.072026716116,19.8333121645077,FAIL
5.34117624800951,6.98309805811777,3.6469697728142,5.93354354095824,0.134286733522158,0.0737006288679981,180,49.0449034578607,46.9738108987479,160.179915164486,19.8318802310025,PASS
4.36845769650093,7.28065560767889,3.72903321469612,4.92701385915563,0.0773056840462142,0.0184612670074346,197.297297297297,50.3093572118863,56.544851251541,137.695771311617,19.0044534989545,FAIL
5.0670932057901,8.06454290445358,3.94558995763646,5.76471362249862,0.124941728847828,0.0601965411810523,187.567567567568,49.7475137178419,51.60990771822,160.036730307778,19.5665409965336,PASS
4.39400213557758,8.39509853663006,3.00467516478094,5.73062581444657,0.0128419761557039,-0.0477002800902586,191.351351351351,50.2800864321885,52.7017715093253,160.837481279105,19.3687193872997,FAIL
5.64893711647809,7.22813147997854,4.79263306137494,5.52402568654673,0.226823781976502,0.160199793024305,185.405405405405,49.2502344396114,51.0646598284001,150.481237198637,19.6244907301848,FAIL
5.9233702033887,7.61573833841256,4.33218834879044,6.34290919586137,0.195143168953706,0.128734335505465,176.756756756757,48.6291830971482,46.2521315036451,170.540212815687,20.1465484090104,FAIL
4.89737779762396,7.66659610252499,3.42302984355583,5.62068662763214,0.0931930044536428,0.0315163699717739,188.378378378378,49.823769147387,51.4830271860018,155.440015297212,19.4704722756339,FAIL
4.2072184830408,6.98465774111803,4.08803396772832,4.8617433565043,0.0744350220799247,0.0170615676742809,197.297297297297,50.2899961838743,56.0846112129162,135.940748576228,18.9757316584848,FAIL
4.55215061183285,6.86519380419913,4.09763556675361,5.61409752689735,0.0858488788158117,0.0284313540073314,185.405405405405,49.6238145172855,48.8376617113982,154.568001950481,19.5204130199083,FAIL
5.24102508058304,6.40131383725662,3.37556730491278,5.45253863364936,0.135789994237292,0.0773943337335923,183.513513513514,49.1924863317463,48.6105676386865,146.673979173209,19.5641931580843,PASS
4.03631365632265,7.34981581919471,3.15318138508455,5.00138286361307,0.013249588259549,-0.0429919204711701,197.567567567568,50.5056946445288,55.9165514864584,140.157482204131,18.9695347942892,FAIL
5.16236321422064,6.70202734231293,3.82042114649633,6.28607158176869,0.112155273707855,0.054709669448097,174.594594594595,48.6438988688831,43.7138715996368,168.100300738317,20.0845991127538,PASS
5.70886749828862,7.48551070425749,3.92091648122404,4.79878956795136,0.249663724641464,0.178940867177517,195.945945945946,49.6436346954689,59.0717379998775,130.822904419769,19.1369907976761,FAIL
4.97780838368819,7.5382414430383,3.68291993848393,5.33584549310735,0.125358470363436,0.0625450269573388,191.081081081081,49.8963030118515,53.5800138839772,147.636214951078,19.3292171565735,PASS
4.35354422404704,8.06955347585802,4.35158955992347,4.8708861614569,0.0942007717711556,0.0315722985061522,201.351351351351,50.5701548925768,60.0782359787453,138.09291228508,18.9179021269576,FAIL
5.22226569522085,7.81030303409994,3.05663799432856,5.54173864479224,0.109135630871511,0.0450570999530532,189.189189189189,49.7775876628001,52.6740895013171,152.463304300238,19.4486940459388,PASS
4.51824097662349,7.41643199712168,4.94648217437994,6.1364633070551,0.0799639464939174,0.0206560933998042,181.351351351351,49.4048614930734,46.7889277176872,169.925450503098,19.8152530696945,FAIL
5.71752294847298,8.19323456154518,3.59900915661262,6.26005019153604,0.152124321300614,0.0847748088433179,180.810810810811,49.0809731652953,48.3879891025077,170.38089423617,19.9640001582715,PASS
4.51042655419644,6.7842962262201,3.37323686945721,6.22221539823586,0.043544293331051,-0.011099055443108,177.297297297297,49.1056419105118,44.2261780570046,168.536797405683,19.8983137435188,FAIL
4.88919791736621,7.17321119134173,4.66401192156402,4.91298457835384,0.173351393601201,0.110351826694231,195.405405405405,49.9551300423883,56.4523991162733,136.350798753212,19.1167545960822,FAIL
5.79560576545786,7.31900587286728,3.32689991945126,5.03749969135084,0.206601930879004,0.137996323230125,191.891891891892,49.5124736235573,55.8688827968147,136.426559722959,19.2925714486262,FAIL
5.04140170909601,7.94473584388404,3.77478180201772,4.58885035203884,0.178985250312836,0.111548904228119,202.702702702703,50.1691150318293,63.186732728989,127.417266340971,18.864804160019,FAIL
5.97369537146042,7.44604723696954,4.68736646798955,6.28371428063599,0.213601568682549,0.147112314555259,176.486486486486,48.5621658928963,46.1676323174353,168.662095856465,20.149044275938,FAIL
5.37117821377146,7.43568856791549,3.88391232100141,5.26028217433404,0.180010091778355,0.114372655264993,190.540540540541,49.6733283575008,54.027920610504,144.352286379648,19.3644680459618,FAIL
4.06368755764782,6.83176421712105,3.17060752120446,6.09375307185569,0.000129021311339739,-0.0530306448355095,180,49.4831785422161,45.1128702255629,166.580792216902,19.7201369703986,FAIL
4.80361108085726,6.49958767877,3.63297705019351,6.24243969753499,0.0785561471940516,0.0236695310187716,174.864864864865,48.7679172894795,43.2756406567619,167.252293399149,20.0162211471728,FAIL
5.86281180210216,7.25146858349428,4.73231056861268,5.46128601303657,0.251664432103831,0.183138466513395,185.675675675676,49.1909311250191,51.7231067439818,148.189446899083,19.6157651432015,FAIL
5.81668475857285,6.90106804557526,4.05328842246175,4.98966229142227,0.248685579581478,0.181024993337222,190.540540540541,49.3235290649937,54.8227755666099,134.645849598602,19.3294816778795,FAIL
5.67687893327542,7.45144694177953,3.69960766306892,5.01426305957291,0.218588846039673,0.149653125584502,192.972972972973,49.6153898488563,56.5826208047004,136.6630766302,19.2580321709058,FAIL
4.33765591575342,7.59846978798887,4.62198353748176,6.19783857436753,0.0507620659654313,-0.00800028008066545,181.891891891892,49.5296959320274,46.8636193076306,172.222864513212,19.7923885033889,FAIL
5.68954488771887,6.87000607072524,4.01657060492454,5.83870948111015,0.183896777537359,0.121027826657083,179.72972972973,48.8718182710295,47.3777958947227,156.632907902022,19.8563075719116,FAIL
4.18148264830519,7.48599738213757,3.59598267717598,5.26368641093645,0.0365552236511595,-0.0213478329582177,194.054054054054,50.3414864724576,53.8797943442225,147.624785695999,19.1537748323353,FAIL
5.06777316810669,7.25305134254481,3.46407221987182,4.55683812991466,0.167080508010883,0.102929873664979,200.27027027027,49.9649133554853,60.8479205609111,125.187476324987,18.8960098982231,FAIL
4.05205647747065,6.94860223424164,4.38896118930429,5.15999567936217,0.0522701996946547,-0.00423620774986699,193.243243243243,50.2121177818391,52.941545846624,144.522130353835,19.1454965575372,FAIL
5.50097805889839,7.99130442556324,3.10748365541263,4.51844788749052,0.196458028270869,0.125046859603774,202.432432432432,49.9075123297723,64.3848951128515,123.606099479485,18.879958679472,FAIL
5.45624900780671,7.72878401957677,4.17065322793171,6.33807557641513,0.146851903967689,0.0828923571462405,178.378378378378,48.9240290522724,46.5113879155803,172.256410455317,20.0444631149977,PASS
4.33467444362164,8.34392796781895,3.43921395630912,4.576497069443,0.0669925444259254,0.00452292326779558,206.756756756757,50.681979029729,64.6547777268182,129.138584694536,18.7054969680708,FAIL
4.45792281307932,7.81553147982764,3.70524410854289,5.91897569052724,0.047053068998983,-0.0124937885341877,186.216216216216,49.8625442961949,49.4969848885486,164.867966177602,19.5778167561542,FAIL
5.17738501803046,6.61751219349929,4.29364661724839,5.96222956181463,0.139928698190264,0.0812722145739245,178.108108108108,48.8718021161992,45.5822184388518,160.50262499931,19.8969141875692,PASS
5.72676021883493,6.44529515935981,3.30240250029608,5.55038816745828,0.169310811624238,0.108230714198578,181.351351351351,48.9007033985658,48.0845917279859,147.719878766411,19.7009851089215,FAIL
4.45312906538703,8.08332693970618,3.86006610174828,5.09878072615912,0.079696590791537,0.0173882887436455,198.108108108108,50.4632604940744,57.6500042204918,143.858712937101,19.0551945465516,FAIL
5.15433780980523,7.08950469465422,4.71402237107736,5.07313778309888,0.196672526889837,0.132624643593822,191.891891891892,49.7129984988666,54.5668170524194,139.772898001314,19.2693399253787,FAIL
4.88190714874882,7.93278228971662,3.76602893876634,4.97760781128683,0.135249875788376,0.0703351087813084,197.837837837838,50.222912864748,58.5157501598298,138.956787374337,19.0648566030744,FAIL
4.78782456516053,6.79166683137474,3.88140280281813,5.73680138898306,0.0992626404917429,0.0415754576359739,182.702702702703,49.3834577226489,47.6845872724395,156.579783182053,19.6422613894296,PASS
4.46371067195483,8.14286644448459,4.46284005771542,5.13989770736517,0.0993925010181211,0.0360429258428568,197.567567567568,50.4420055795279,57.4539240383933,145.628060786432,19.0916386483223,FAIL
5.62355326171804,7.31771144853037,4.35193791224612,5.0755701681117,0.238618856074634,0.170282302478471,191.621621621622,49.5539742413248,55.479933970153,138.667423457187,19.3169447179135,FAIL
5.46103963444657,7.8684429620252,4.41585831788913,4.91893060950783,0.238394171024322,0.167863438165569,196.486486486486,49.86931686083,59.100866363879,135.965066340047,19.1475168239476,FAIL
4.34231711673874,7.46748169470187,4.41772408855096,4.50202555318158,0.1166026578578,0.0557299310823067,204.324324324324,50.4299105629952,62.2500081725098,126.558070839919,18.7496318314632,FAIL
4.38196615984849,7.87202747408133,4.99108900545742,4.8942586055622,0.116187564893502,0.0533435150368758,200.27027027027,50.4787120937161,59.129965208883,138.874232836429,18.9659519546518,FAIL
4.46578086373535,7.07038151020205,3.27806042693679,5.17303632962601,0.0635170481367354,0.00599814925435849,192.702702702703,50.0927198496942,53.3120361641821,143.346321119729,19.1765696592369,FAIL
5.13229224846408,7.3219867313053,4.78309040564229,4.73479734606292,0.220573429260026,0.154404104440539,197.837837837838,49.9097075874707,59.0590650714839,131.051378647856,19.0379053263936,FAIL
4.21236018172895,7.18378074353997,4.39348629029389,6.27705392945046,0.0344295037280132,-0.0218513868524659,179.189189189189,49.3259595327337,45.078994601912,172.777830106795,19.8691490617832,FAIL
4.09240787444844,6.98435514332074,4.9074968896486,6.0219393167745,0.0395362170570241,-0.0165926032036925,181.351351351351,49.5114271556873,46.1591656499468,166.720189119305,19.7212532203922,FAIL
4.11154107217907,6.45684862581422,4.85414193931115,5.24118056145756,0.0706082299432158,0.0153077029352047,189.189189189189,49.8768596460093,50.4153010336079,145.446148172865,19.2767822603992,FAIL
4.03166747768667,7.40727248616598,4.8983081470576,6.3648765468207,0.0194239200600639,-0.0374568933626903,179.459459459459,49.4065173536523,45.1599989670895,176.474419830802,19.883904501023,FAIL
4.10741333475028,8.22910423836894,4.0075070240251,4.88308004163331,0.0468467903631277,-0.0142161603911162,202.702702702703,50.7543976155517,60.4311383748799,138.964868590813,18.8637854153566,FAIL
5.23766927879569,8.15064551914498,3.83975580211506,6.36086407661636,0.113268207196187,0.0491988003424776,180.540540540541,49.1967922958141,47.4938546598414,174.50830446939,19.9612271595931,PASS
5.06071770529759,8.08879493350154,4.52101008251277,5.79789604273029,0.142599529902987,0.0771703300673331,187.297297297297,49.7105759418419,51.436778987927,161.47277745226,19.6009322122034,PASS
5.85857979563596,7.79715904399588,3.45661759819487,5.90681490623035,0.173346902431021,0.105587667453076,182.972972972973,49.1631287435851,49.8201166193363,160.039892806983,19.7993979696186,FAIL
4.47606486314738,7.48067195868651,3.7545224933436,5.76576480355118,0.0581472961308974,-0.000603015647881011,186.486486486486,49.8390820743518,49.6405721174429,160.108436232011,19.5217598220567,FAIL
5.97519736640146,7.95386021608762,4.43376342656656,6.18524040319135,0.214286142147522,0.144955389083882,180,48.8761380692863,48.3136262581627,167.69195938512,20.014588193432,FAIL
4.52382823308504,7.32256670554129,3.72584349093043,5.73398873972051,0.0645348118204413,0.00613952170937149,186.216216216216,49.7743848976209,49.3910556174636,158.722462952384,19.5262625931752,FAIL
4.61889933122187,7.66531306232585,4.55810594232596,6.27607634419758,0.0765910454492414,0.0165994596308102,180.540540540541,49.348107487961,46.5873967313859,173.501939252952,19.8817953489462,FAIL
5.35767609589107,6.82879023705543,3.39348403580848,5.32121572413546,0.152235900808867,0.0905585935123511,187.027027027027,49.4244597496117,51.2937735469033,144.215767106387,19.4482009523824,PASS
5.533963132581,7.97339889049202,4.19919117817943,4.82012204226273,0.245880241675239,0.173981447001251,198.108108108108,49.8756388804996,60.6184914407505,132.959011872849,19.0877615063705,FAIL
4.37522185901585,8.11826944600555,4.03060479521849,5.43797106326149,0.0620281237681373,0.000423288131730315,193.783783783784,50.3436468940096,54.4425017142349,153.579018856903,19.2468049014725,FAIL
4.01055171160244,7.91520236412812,4.02736986190407,5.38380835127551,0.0205019948271701,-0.0385047464199118,194.594594594595,50.497290421736,54.1906865041348,152.53536609947,19.1707295548425,FAIL
5.94890651716268,7.10065025528122,3.39539999835049,5.45718591456533,0.199324642518468,0.132580079191841,185.135135135135,49.150664759377,51.2037096075934,146.560441544735,19.602632721989,FAIL
5.77778656779202,7.51965269016718,3.49823657587128,5.02992986889231,0.216833320453427,0.147005956320155,192.702702702703,49.5848395543806,56.684601514353,136.767002736155,19.2720736764072,FAIL
5.1267605987187,7.98631222587582,3.04235624285737,5.97383097296925,0.082291833617377,0.019504885508674,184.864864864865,49.5845029341016,49.7075163090155,164.227896558119,19.6823013523559,FAIL
4.80227626280032,7.82013143996707,4.28220196249876,5.79558588850681,0.106642762399251,0.0441883277718182,186.756756756757,49.7597374422055,50.5638452113162,161.314946269071,19.5764076637766,PASS
5.91745182172459,7.43133727106951,3.02569227669565,6.15718786310012,0.142589497366775,0.0780377298986079,178.378378378378,48.8162838919291,46.8878474972856,164.69501588099,19.9935817501937,PASS
5.25307025673487,7.6167737745139,4.41199079805602,5.57012032318975,0.171126674362844,0.105912475056553,187.567567567568,49.6018872206474,51.8669754636045,153.700690051915,19.5349416241747,FAIL
4.12228039966616,7.51124340886471,3.13379620344668,6.00397793682638,-0.00414318518985402,-0.0600553440994392,184.594594594595,49.868375500087,47.8467540081095,166.385700765526,19.5858973177625,FAIL
4.07077665900858,8.31724381595305,3.74762665051476,6.49357566484953,-0.0123525964221964,-0.0709203183422639,182.162162162162,49.703391874975,46.8361443240069,181.1776314624,19.8254394772538,FAIL
5.51746230832113,6.5667052477398,4.02547998923746,6.23387267744531,0.15080794087702,0.0919186229736785,173.783783783784,48.4320762135254,43.6907336525727,165.368682789067,20.1381319239258,PASS
5.31867104293259,6.53770756406088,4.85028298309773,4.57871088325298,0.251617480699536,0.187335378989013,195.675675675676,49.5121836437946,57.7264256384929,124.581971178069,19.0494508717566,FAIL
5.98144191341476,7.79926710608525,4.7239668811611,4.83671828828842,0.321717282594682,0.245781113061677,195.675675675676,49.5533631496558,59.9178449366388,132.114628505955,19.1969544827666,FAIL
5.38101006155939,8.096961318864,3.45903498686603,4.74979277078167,0.191985451518898,0.12170220397066,200,50.0213707861072,61.8384059235482,131.032206949087,18.9939812669516,FAIL
4.10236446342369,7.67903270625665,3.15642351776641,6.04140812022514,-0.00853445534474639,-0.0649275607440836,184.864864864865,49.9073293877898,48.0816448241783,167.819271689669,19.5884755432362,FAIL
5.11426161060185,6.5881283121927,4.4569213597617,5.34021624985412,0.167437106889333,0.107182055298928,186.216216216216,49.370040675199,50.2467133902444,145.396911622389,19.4824303838795,FAIL
5.34169479171339,8.01335474999289,4.77956645702315,5.83643265637486,0.179916328969914,0.112807616885805,185.675675675676,49.496391104399,50.9703588852718,161.577702393749,19.6873900309858,FAIL
5.65791301441999,8.33601728208695,4.49914321298093,5.66229577336956,0.217642986749787,0.146279571688657,188.378378378378,49.5705758638123,53.4557018971992,156.532687297574,19.5923595882815,FAIL
5.90494914213444,6.82966240338422,3.41198202761216,6.47074095178929,0.149359241812229,0.0887538240285755,171.891891891892,48.2019347198394,43.09863165593,170.143375272142,20.3005558108759,PASS
5.03289436454657,6.87638250620052,3.77244590358512,4.92565645373495,0.156852050868638,0.0953599639269626,193.513513513514,49.7844112203559,55.1841852595774,135.041783980639,19.154448559068,FAIL
4.59678743979297,7.77610100596789,4.24524605356072,4.70710474765836,0.133599175327158,0.0702111486481352,201.891891891892,50.3756240970043,60.9718008502576,132.194279113799,18.8832199337877,FAIL
4.57209778656288,7.60271401042414,4.73697662238748,6.13137031498762,0.0808551210921974,0.0207739884226181,182.162162162162,49.4749914434228,47.3842268570268,170.097630017576,19.7918418296109,FAIL
4.74983520625837,7.36594484173585,4.55564685371239,4.93798116925719,0.151299901093449,0.0886033447966943,196.216216216216,50.1009968559735,56.87352028951,137.774843576234,19.088103956369,FAIL
4.31034636509736,6.89380564884696,4.9543103428672,5.58151813932194,0.0797478185277153,0.0222830353035988,186.216216216216,49.7458497988457,49.1743488784854,155.085123678551,19.4802737535958,FAIL
5.32929288204532,7.74615247199864,4.22726468713795,4.63327334941278,0.234287269697858,0.164642911149158,200.27027027027,49.9395384150007,61.954638208715,127.913548360844,18.9631128409842,FAIL
4.92182611932144,7.10201414242493,4.21044361066132,5.72431745575506,0.121938600007085,0.0617670649854666,184.054054054054,49.454462123833,48.8521028590854,157.079009685014,19.6292898585267,PASS
4.60843977506737,8.0781672683738,3.34572510247268,4.51103956250811,0.103832802470421,0.0401539491156598,205.945945945946,50.4567545768409,64.5812225929994,126.145276796697,18.7294545270361,FAIL
4.43398085146613,7.46978646741846,3.68493847277298,4.83148613011569,0.0862243755154161,0.0261696049800582,199.459459459459,50.3663929402256,58.3085334582917,135.193082684649,18.9404240492313,FAIL
5.22366566013381,6.96974501645557,3.60464252155461,5.50143655212064,0.140453172785092,0.0792532241271822,185.675675675676,49.4341260245014,50.2304575779164,149.752874177312,19.5317775812304,PASS
5.05738046471996,6.42832290665006,3.2361888089498,4.77829537807344,0.143239797573974,0.0840613795971138,193.513513513514,49.6399430588708,54.9196325413328,129.662773866298,19.0974649334939,PASS
5.52417047194924,6.81393781153596,4.00702759309596,4.96750997687156,0.2169151046914,0.152007237752329,191.081081081081,49.4618779764398,54.641382073136,134.721519811316,19.2750208190305,FAIL
5.32426222986862,7.6836243967464,4.69934023371798,6.24779818142006,0.154035579058176,0.0901199417788339,179.459459459459,49.0238969688224,46.9762137463522,170.810368423049,19.9855475800298,PASS
5.89365952134783,8.01712767752365,3.15341519773594,5.10002133579914,0.203003254634459,0.130311988871623,193.513513513514,49.6667662187716,57.7367666172285,138.941449753135,19.2797890393516,FAIL
4.21046319689982,7.80581020474095,3.90540344350121,5.19921044918895,0.0490401916760286,-0.0106952017483288,196.216216216216,50.4602669383491,55.6216382998077,146.75239565949,19.0992596727624,FAIL
5.61070004614728,6.51454888089615,3.37655371505671,5.05909202930034,0.188417764248739,0.125679659614859,188.378378378378,49.274046065772,52.575441376914,135.813365139298,19.3597097090135,FAIL
5.50610462539806,7.21338028119028,3.63677611372457,5.37715217349272,0.175417480117568,0.11066746305561,187.837837837838,49.4671169269304,52.2053453018268,146.32754386889,19.4745730603095,FAIL
4.7007166693329,7.32160958832312,3.8244082202709,6.39424365445756,0.0643864095758145,0.00659254358911376,177.567567567568,49.075380620314,44.8128069083772,174.268780116063,19.9916326940242,FAIL
5.89578036109653,7.3208719495518,3.74036788948232,5.1734568370023,0.231811099612163,0.162417665148284,189.72972972973,49.3884988923731,54.5659662730066,140.03569087837,19.405048119324,FAIL
4.97687281732809,8.10306014357639,3.13629244511292,5.55247195993444,0.0876662237575707,0.0239408835322001,190.810810810811,49.9937905491116,53.4676627006793,154.141566343848,19.3900200883279,FAIL
4.65760995805598,7.08420843044114,4.46202683238919,6.16631991524098,0.0850097968078423,0.0270498892608603,178.918918918919,49.1695889813611,45.5897332359609,168.705570159429,19.8868982091438,FAIL
5.41551720501618,6.71630018611826,4.95364083590869,5.61959514146686,0.197858232061976,0.135601239930604,182.162162162162,49.0609157603734,48.4971675003267,152.197786939803,19.7144597520474,FAIL
4.94430391854459,7.19058810602565,3.16871219229094,5.05274671731826,0.111862541995451,0.0507942088334651,193.513513513514,49.940674084076,55.0301399711069,139.021162800655,19.167437423907,FAIL
4.73394508214888,7.9943440185739,3.02365009396316,4.95938019268659,0.0801512670674837,0.0172722715167115,198.918918918919,50.3570078091507,58.8624413087259,138.346282964598,19.0029352252046,FAIL
5.3741465602209,6.47336158719689,4.57269990398606,5.82196308703564,0.172130262233518,0.112432032176982,178.648648648649,48.801737822778,46.132528972282,156.180216720735,19.8653274930461,FAIL
5.51019699394826,7.4353057856605,4.98066815323837,4.85586570302877,0.267054547943723,0.197392564273014,195.405405405405,49.7054521257507,58.2277851190481,133.643964378941,19.1675769488903,FAIL
4.87405311750997,7.66117198491792,4.34722992610225,6.33499742376324,0.0956175366660997,0.0348408339217735,179.459459459459,49.1761278044682,46.229684823819,173.961828758528,19.957756176577,FAIL
5.81520449178213,6.5276424118903,4.27446227886746,5.46218166183757,0.223788189957212,0.160128934172162,182.432432432432,48.8984545342879,49.1482106190851,146.016740213323,19.6817413291729,FAIL
4.57501810821634,7.84308046710158,4.0097750799047,5.85459140469956,0.0710363895638049,0.0102305550466052,186.756756756757,49.8497438906724,50.1121926208389,163.284427076645,19.5643532466321,FAIL
5.60477486905988,7.76665945061753,3.23098730541696,6.41527736416754,0.118345422816385,0.0548693738975554,177.567567567568,48.8580039034644,46.1030339663803,172.986080085935,20.078339806261,PASS
4.67110542237975,7.03658300149864,4.33669548547489,4.79357071966035,0.142751507924123,0.081940638862662,197.027027027027,50.067765531921,57.1491862076117,133.147897878212,19.0129163753072,FAIL
4.55600809748221,7.71883147945247,4.08445380591181,5.06818972351106,0.103980045358165,0.0420097129722184,196.756756756757,50.2966301744123,56.7283627286252,142.261799765254,19.0909192753402,FAIL
5.95239119667614,7.54915750664049,4.4543942614362,6.25861923424516,0.205965445759747,0.139201922848096,177.297297297297,48.6563561694463,46.6248374949907,168.31997202454,20.1078395271688,FAIL
5.3241669299898,7.44360208667907,3.50953190900246,5.84735941678199,0.129865721400019,0.0671122899805093,183.243243243243,49.341966057359,49.0641905098355,159.400543409158,19.7123263022087,PASS
5.71820233676334,7.34506150962253,4.82505055045781,4.62499240648485,0.306019668820462,0.234040153423897,197.297297297297,49.579973490412,60.6035710908906,126.250535981894,19.0675641799847,FAIL
4.97512019040157,8.23013639034624,3.97963386144413,5.46860367444792,0.129823813008082,0.0640572263897659,192.432432432432,50.0433629332061,54.6618518866174,152.902998825351,19.3547124556465,PASS
4.54826429105595,6.58217697122214,4.33187982097286,4.7511122990121,0.130910022449822,0.0727439807923809,195.945945945946,49.9553224574565,55.7650785919938,131.296864541519,19.0115640870449,FAIL
4.21761096835952,7.28579173307831,4.10622423394646,6.42507585371113,0.0244698069191776,-0.0315825050663814,177.837837837838,49.2395305992221,44.4368375952996,176.315100054542,19.9451923252029,FAIL
5.14302076059286,6.55177934388399,3.72494403455367,4.53896361386634,0.189697464250259,0.127901215943669,197.027027027027,49.653661938826,58.1690640035502,123.379880112752,18.9675162755198,FAIL
4.92781314518016,8.31179865997721,4.95513724314694,4.78594972539512,0.200927968068371,0.131950861879835,201.621621621622,50.306803655857,62.1213663665186,134.924004240467,18.9581267651359,FAIL
4.54557006347561,8.34175324272815,4.54383075969844,5.71170810635325,0.0860879742125298,0.0225433416742804,190.810810810811,50.12778248809,52.8004147960848,161.389562039145,19.4366544520905,FAIL
5.68476638864036,7.75718849747068,4.84701639429355,6.44945494052303,0.184657035898109,0.118917705393063,176.756756756757,48.6717105124935,45.9427482666379,174.721055681235,20.1765912889781,FAIL
4.11615305589932,6.45275745411738,4.41953524253403,5.77993527277238,0.0460541786229118,-0.00796502143312405,181.621621621622,49.4649437189459,46.1080780020541,158.557742232927,19.6212567713442,FAIL
4.93587507302847,7.51433225684973,3.18868849679292,6.13980938855435,0.0698388897576002,0.0103610860706354,181.081081081081,49.3455609938397,47.069145187576,167.724574555145,19.8136359737191,FAIL
4.74946901837315,8.22446124375763,4.67878620480393,5.68580767206951,0.116144663934529,0.0516051281437135,190,49.9966422480901,52.7113307370285,159.973188381434,19.4695990029995,PASS
4.19186647631063,6.87664213396252,3.04659532910936,4.80806642115054,0.0386787726512536,-0.016709884849491,197.837837837838,50.3079077154248,56.1880815234088,133.519266025274,18.9201717786452,FAIL
5.76089221429343,6.63792158768044,4.71987678538025,6.23097811163198,0.192469513549385,0.13123508563411,173.783783783784,48.3084035937436,44.0064615304506,165.183315785066,20.1922821439245,FAIL
5.79091538917923,6.42337745543117,4.59219761106567,4.86429141805541,0.272733684035854,0.206861170168195,189.72972972973,49.1457163929304,54.2307229087798,130.538644293878,19.3125085633508,FAIL
4.06461095152607,6.72629274311615,4.09635144433735,6.03679289177235,0.0248068940972374,-0.0293048879796092,180,49.4217563289243,45.2026139847921,165.566302274371,19.7349514420828,FAIL
5.55902402543143,7.09814053336069,4.4165067545743,5.16124720950968,0.226432389826926,0.16005062439359,189.72972972973,49.4675908442271,53.8263621649693,140.712827533024,19.3832662369995,FAIL
5.23212089621528,7.31778897523761,3.43823902557743,5.36411610375071,0.13960358300851,0.0765031591002339,189.189189189189,49.6718065524745,52.6128546848599,146.945960323673,19.4031555073392,PASS
5.27873437724939,8.06226702814272,4.41745187533848,4.85954455568644,0.221395076503554,0.151324861994151,198.648648648649,50.038846961124,60.4276738557345,135.171874234064,19.0668032758772,FAIL
5.15980872703778,7.95579131956118,4.51809037307631,5.00124526601489,0.199624936878606,0.131461945635845,196.756756756757,50.0444149305871,58.4411136134279,139.43538776759,19.1417686726102,FAIL
4.68753492711042,7.8614623126159,3.57456795738708,5.38778724371361,0.085495204390279,0.0235225909449659,192.702702702703,50.1418172727986,54.1178971698557,150.457954262462,19.2784244958811,FAIL
5.6796639415238,8.36731201082802,4.22910641923543,4.8531000720018,0.266650267781024,0.191390148550067,198.648648648649,49.8828781165479,61.6988079128359,134.048431161262,19.1019740043606,FAIL
4.1281913875214,7.77139341970325,3.45986935909925,5.82902314168783,0.007231122716022,-0.0504091917828573,187.837837837838,50.0932847447735,49.9689570559471,163.013094286459,19.461011433323,FAIL
5.68844938696871,7.87009202025925,4.7990044440789,4.98847263903444,0.276813567009454,0.204064833294741,194.864864864865,49.7136381583681,58.4163262176626,137.471820632916,19.2351702457288,FAIL
5.76724801662425,6.49126055557132,3.98579163055722,5.66086657668748,0.197241915819143,0.135245631528818,180,48.7793580577531,47.4334917729385,150.79193309278,19.8006370043872,FAIL
5.89789817660799,7.66330679084423,3.94506216741582,4.74317125649032,0.278660202429016,0.204773647466846,196.756756756757,49.5890592767312,60.4446861176697,128.987369950429,19.1209658623436,FAIL
4.55942140890269,7.93842672500007,4.50159607855184,4.53616900039281,0.147732598147368,0.0833501023422046,204.864864864865,50.4362861631132,63.736857114023,127.767259045042,18.7714350556273,FAIL
5.69691214113793,8.20469322368612,4.35207802692444,4.58119651468802,0.297376837676815,0.221197662304434,201.351351351351,49.8198046925466,64.4857409456843,126.017469088698,18.9624766319296,FAIL
4.99083811895415,7.7731613936654,3.07374111217656,5.00114638301721,0.110708530220822,0.0467912335873563,196.756756756757,50.136059189918,57.6884948207203,138.491224994368,19.0893894126957,FAIL
4.63288987902181,6.73361916186593,3.91925210357199,6.33568056635243,0.0668540314038834,0.0115056442984618,175.405405405405,48.8594905559399,43.4117573512206,170.9647108072,20.027415281973,FAIL
4.09803068680178,6.96385697651225,4.63026898032756,6.28622530058372,0.0289489737032579,-0.0263447711961177,178.108108108108,49.2495879973044,44.3471118133266,172.612857747303,19.8944939781799,FAIL
5.58055151645992,6.44527891382892,3.15845675590573,6.34173940366292,0.119886002725629,0.0627486936455038,171.891891891892,48.2976933666249,42.6173856208192,166.679881523012,20.2032319787823,PASS
5.02827967547925,6.48493349360365,4.58125473048658,5.95622658960198,0.133668474591083,0.0760317449133463,177.837837837838,48.8647834137943,45.1686902420887,160.480269531597,19.8968380287898,PASS
4.19079957335082,7.97897121771168,4.41431860297121,5.27962886482459,0.0569168654054814,-0.00390143810337484,195.945945945946,50.4730352598997,55.4413761556028,149.814447888224,19.142562254444,FAIL
5.81227128007511,6.65469040506432,3.92068351649223,5.55456575466864,0.205181499000935,0.14163092782226,181.891891891892,48.9216336737892,48.838817212168,148.52225859372,19.714002990086,FAIL
5.228099781733,6.50356352822339,3.04306584281182,4.72296067351289,0.151913820314401,0.0912987533211037,194.054054054054,49.5976865071435,55.8579483678653,127.751405122735,19.077409693062,FAIL
5.11059962505474,7.61014030319647,4.56808678013769,6.40951227620826,0.122255394274919,0.0604978948247377,177.567567567568,48.9457356637054,45.6581209151378,174.986644349506,20.0615990116153,PASS
4.388630475902,7.33335393189552,4.82224217713695,5.33191711659775,0.0938836242560176,0.0339905928518761,191.621621621622,50.0880680961787,52.8189647067174,149.580807591444,19.280401632628,FAIL
4.59602537340828,6.9147191233943,4.66380834866639,5.88907128537275,0.0937581837945416,0.0358945216079042,181.891891891892,49.3652503542559,46.963605891611,161.79145212033,19.7203274868232,FAIL
4.01235693058676,7.67430425752901,4.63002525345236,5.82263895468844,0.0242281068386698,-0.034155054172778,187.567567567568,50.0652280205567,49.7414104265895,163.969105470457,19.4853887627128,FAIL
4.66986967258588,8.31831810698845,4.07069308008642,5.63327959958266,0.0898848578480462,0.0261116694595419,191.351351351351,50.1272953098404,53.4076930122669,158.461902102998,19.3984442735256,FAIL
4.23172550687358,7.41783167059533,4.62994644954776,5.76454218251616,0.0541375300296092,-0.00433849474391013,186.756756756757,49.8930116545638,49.432493313007,161.260639428058,19.5141606403814,FAIL
4.26018430965273,7.46648552524014,4.90216552450039,4.65598803575711,0.110412446767714,0.0496799774260316,202.162162162162,50.466423741758,60.3265197148833,131.573825835045,18.8363260947354,FAIL
4.87346286563182,7.96332235047428,3.32727982348362,5.88567507032687,0.0752131403870476,0.0133321529806169,186.216216216216,49.7579116026604,50.2714863449144,162.930214381864,19.5980966274646,FAIL
4.86936091106185,8.03980692442128,4.10882292716337,6.0762919005274,0.0966379164795369,0.0338948159804346,184.324324324324,49.5825898785076,49.1012896954859,168.623208555636,19.7373849450893,FAIL
4.53579611676193,7.45856511630928,4.29842535335382,4.86187625946924,0.11975465391126,0.0582788916920699,198.378378378378,50.2817985438555,57.9794988034829,136.238101880729,18.9921269556598,FAIL
4.39619153327612,6.71129334638431,4.97171582280266,5.00112968858557,0.115705010734287,0.0575522179243508,193.243243243243,49.9864576685415,53.6804065663914,139.212636561169,19.1440481745889,PASS
4.74524944237027,7.35863884872661,3.6088361630613,5.92285125771024,0.0763002549965188,0.0172516803985455,183.243243243243,49.5343476531846,48.1178088491666,162.837705839669,19.6765078280893,FAIL
4.94175484837231,7.65340384462053,3.4165584260743,5.28321658420635,0.111570276326725,0.0487520603099165,192.432432432432,49.996669148721,54.4441769717972,146.374861734441,19.2715766870454,PASS
4.34214690955014,7.56106702670504,3.55352838622182,4.68408891781304,0.0750727869543836,0.015283104062556,202.162162162162,50.4747109384295,60.3292401324109,131.288640716662,18.8276041163507,FAIL
4.52127249752176,8.07439719232319,4.5059217559749,5.22905633827737,0.104249253699344,0.0408972468753527,195.945945945946,50.3489367951479,56.3390920994592,147.849986969534,19.1614510886851,FAIL
5.19928720282497,7.08546498308136,3.87295951908163,5.01644149859315,0.174265665596074,0.110747338271935,192.702702702703,49.7388609228904,55.0969956214856,137.54291679199,19.2199014976152,FAIL
4.86414642111061,6.47116795374466,3.15745704166314,5.17891283286009,0.102795431750999,0.0457671040300459,188.648648648649,49.6147493776874,51.1194393722818,140.882648372176,19.3080702216341,PASS
4.41687708783495,7.88641201218537,3.99642711737754,4.63702755892916,0.103010546497486,0.0407668486973428,203.783783783784,50.5176024796323,62.1910545615322,130.604998682578,18.7987039296707,FAIL
4.78031826013106,6.91768047511671,4.51035049326713,6.258057520969,0.0958020040633515,0.0382092469141194,176.756756756757,48.9288775993393,44.5106254178003,169.900394378955,19.9948509125946,FAIL
5.73752423544345,6.82498789221304,3.89095351431833,4.54482906024028,0.265295655975889,0.196825759995811,196.486486486486,49.4085958766747,59.4176589242681,122.452376192206,19.0474335929209,FAIL
5.55309979214419,7.20142673512676,4.24665824965244,6.44710478319164,0.152734416408078,0.0910521135560207,174.594594594595,48.5185448364483,44.3144948611483,172.706579899589,20.205736782157,PASS
4.75804236122657,7.79368436816923,3.90461847785769,5.38696941311148,0.106730049631444,0.0441028727412787,192.162162162162,50.0661792741785,53.9309651327449,150.376089557307,19.3061094740684,PASS
4.48751693742092,6.73546946800551,4.28883689603866,4.525350363429,0.133557343857401,0.074803652014044,200.27027027027,50.0907932398643,58.968882505675,125.469291577871,18.847533139083,FAIL
4.02173429629711,7.22703640704432,3.64694426520584,5.18922994288369,0.0250509771492857,-0.0313002641839722,194.324324324324,50.3603543222381,53.6354011072684,145.440702367627,19.1082461811942,FAIL
4.48835677003767,7.2197069494842,3.0962033983992,6.39638782883462,0.0236158336427188,-0.0318697096059729,177.567567567568,49.1883391407837,44.4252387525141,173.968174480167,19.9380059703723,FAIL
4.07417153844043,7.46795956563094,4.0474491839995,4.67334240314774,0.0591500484879883,0.000670307322479857,202.702702702703,50.5837099412187,60.0452631243774,131.847179432526,18.7967568832624,FAIL
4.46348011153562,7.16697265326966,3.84943873047763,6.04723532488386,0.0537041025859594,-0.00330219443850011,181.351351351351,49.4582108545738,46.5876064171833,166.218237881898,19.7419915104013,FAIL
5.70593405095513,8.29149461402669,3.23646631339517,4.87543828792988,0.205476196778345,0.131907546094939,198.108108108108,49.8780340384157,61.1330760471213,133.715140694467,19.099375887176,FAIL
4.21824564714362,7.30893813042964,3.40434660516183,5.06664063058478,0.0423157612630901,-0.0150987892298823,195.945945945946,50.3611074741733,55.1608879917469,141.683333717143,19.0511233642411,FAIL
4.68031591773628,7.6207513012445,4.31334331067145,6.45934933755403,0.0713843619242647,0.0120430327155986,178.108108108108,49.1263364816919,45.2803473303617,177.28504768392,20.0111215512158,FAIL
4.84741849969641,8.07072609928453,3.3789402487554,5.28246722315847,0.0977043688288881,0.0338713567525849,194.594594594595,50.1855139698794,55.8377130732559,147.403098124357,19.2171257860685,FAIL
5.12421429144299,8.31367868366739,3.08843639571327,4.62906790036015,0.144223603257292,0.0756127051738356,203.243243243243,50.2247443699305,64.0640457861185,128.27345797434,18.8579623654831,FAIL
5.81667146666972,7.78793621230609,4.70857989829869,6.04473513940371,0.214914322677401,0.146586992199027,181.081081081081,49.0003146655221,48.8070274722563,164.532966744915,19.9236570463042,FAIL
5.91609782874891,7.16530248334979,3.84214264249301,5.02161307999474,0.248491451822518,0.178905094891942,191.081081081081,49.3713655639754,55.51230494803,135.63798877365,19.3331517283463,FAIL
4.99497377313121,6.41914392520855,4.75753739021929,5.15981851274723,0.172412914920363,0.112828402908953,187.837837837838,49.4462981120921,51.1899339332529,140.773223376914,19.374613680119,FAIL
4.38802007181362,6.96419148605245,4.90014375362111,5.78277303067901,0.0797185554385629,0.0220759999180725,183.783783783784,49.5820264540878,47.869525897608,160.096165621082,19.6151672916858,FAIL
4.55818458179477,7.01445903558481,3.88567100132708,6.28320430789937,0.0583318367781677,0.00202830971908696,177.567567567568,49.0998489477902,44.5767709843296,171.028370805821,19.9368970633439,FAIL
4.65067422371873,7.14908339857272,4.5509609994231,5.81485723759724,0.0987792556689644,0.0396279742549871,183.783783783784,49.5238239017265,48.2727278395246,160.515287059479,19.6473330020925,FAIL
4.0120213429571,6.5751427138224,3.49950660823346,5.02322653376446,0.0331652989126554,-0.0207310618044314,193.513513513514,50.1687512073499,52.7936689823844,139.365947615566,19.0676077256006,FAIL
4.22492214475431,7.38956746232146,3.94245651401946,5.57223781902118,0.0433622047177937,-0.0144476192155664,189.189189189189,50.0687801963976,50.8560239320049,155.70843539357,19.3730164985998,FAIL
5.86850522702668,6.52418240815912,3.16861622447473,6.10395515768779,0.149792713560198,0.0898444683267797,174.594594594595,48.4348891010165,44.4089791801819,160.680259264518,20.077532082326,PASS
5.01865331120708,7.17958658304284,3.23743497481415,5.81048498689109,0.0924002003630767,0.0329036006399688,183.243243243243,49.43554934424,48.4237115058269,158.486816851884,19.6568376415043,FAIL
4.5217924420433,7.44089365426618,3.06811343409033,6.42531215633464,0.0221981959671961,-0.0341610228615992,178.108108108108,49.2511324623436,44.8916776608365,175.273472147384,19.932749605722,FAIL
5.86467861071279,7.44550683423488,4.25489099860901,6.19116233569633,0.193615253704403,0.127868649593654,177.837837837838,48.7264360101023,46.7458709638232,166.541530450082,20.0543598010303,FAIL
5.75088731243633,6.5083439673256,3.14253892935365,4.89081016530689,0.197378668984013,0.133256069331275,190.27027027027,49.2651045263299,54.2326082882716,130.816672073839,19.2701135250396,FAIL
5.08327770486733,7.49258626952894,3.52374177571354,4.9187515364852,0.150751409130465,0.0863854973400076,196.216216216216,49.9970639981569,57.5929096626356,135.777821560057,19.0936181520868,FAIL
5.47240044951549,7.21219452267916,4.03097967249111,5.92115822649069,0.161346457111083,0.0983690890111366,181.081081081081,49.0704671505406,47.8371984749457,160.439639781672,19.8312254153453,FAIL
5.98294044193914,6.71190931732532,3.94877579265353,5.45856172520186,0.22779034572796,0.162284428738132,182.972972972973,48.9244264241967,49.8598279415606,145.762233891228,19.673611730184,FAIL
4.8478290110613,7.37468139481717,4.9885591764649,4.66272250773634,0.194909109214908,0.130301791985984,199.72972972973,50.0964836627517,60.0440604020102,130.070455429714,18.9473360629467,FAIL
4.02761426178152,8.37307731261177,4.90036105446744,6.06856307498609,0.0172998033627072,-0.0434928879374712,187.567567567568,50.0954152839783,49.9696606375391,172.317893777763,19.5781482716227,FAIL
4.14851648929643,7.23517911437362,3.71847402984601,6.4733947335894,0.00881774426044446,-0.0462222742239352,177.027027027027,49.2200696966922,43.964860275682,177.045457021342,19.9571472595042,FAIL
5.87809039666715,6.43087051592322,3.94652273069226,6.29632300203855,0.174720098444977,0.115038192210225,171.621621621622,48.1177801848701,42.9381808053352,164.99681489746,20.2611311688246,FAIL
4.28733036744645,6.89145053586373,3.26293158902724,5.90615978012197,0.0264045105956144,-0.0282631291745171,182.432432432432,49.5778591072145,46.6431295597316,161.91078458735,19.6312194782581,FAIL
4.66009393141486,6.60695212501722,3.44263327022652,6.20033631667198,0.0609392531666928,0.00630230867274695,176.216216216216,48.9563938620166,43.8420653812522,167.008680768823,19.9380884804015,FAIL
5.5762336649407,6.77134179341528,3.78968993750508,5.01926181050995,0.208908231294642,0.144317319552848,190.27027027027,49.4033191819946,53.9632995829088,135.717660268977,19.3140846557961,FAIL
5.19753612967531,7.73563885458984,3.15288006402815,5.28536364607386,0.123739338512103,0.0591606052290793,192.162162162162,49.8988414932439,54.7527585047418,145.646395425327,19.2991305055757,PASS
4.46312411509682,8.29233976956767,3.71883179521083,5.08145046331842,0.0748375787207162,0.0118767727328065,199.189189189189,50.5275618518517,58.5452279152363,143.567068341362,19.0262623115871,FAIL
4.19188880774828,7.68988578794461,3.99223575707364,5.03287695851297,0.0566655984909133,-0.00288194427555399,198.108108108108,50.5016383225321,56.896713298497,142.067311537115,19.0089999639253,FAIL
5.46573850774709,8.29859897228557,4.93143724812087,6.15690744728495,0.182421198731702,0.114234226833839,182.702702702703,49.2639409051745,49.4188668141108,170.132077826768,19.8874092957629,FAIL
4.37976131073996,7.96894435788555,3.9194490579691,4.75074185217627,0.0888497682400725,0.0268384804556115,202.702702702703,50.5560983951839,61.1025946973471,134.045574964624,18.8500952706911,FAIL
4.76623044581575,6.53485006283404,4.82101134801169,6.45081399316012,0.0959452150422559,0.0402880498259781,172.432432432432,48.4992239484206,42.1799824560615,172.862636117581,20.1966051425695,PASS
5.39615493407251,6.89192118536793,4.35087579976383,4.67981261622779,0.237838502759763,0.171986603899101,195.945945945946,49.6171764283763,58.032512442055,127.620226534551,19.0779429561959,FAIL
5.93671770696267,7.72955933577671,3.22637534621495,4.66553234152594,0.241464826111606,0.167393951752535,197.837837837838,49.6054233367963,61.6133979662139,126.283024078428,19.0576860692273,FAIL
4.07171127383728,7.54394678316419,4.67923718191288,6.03669494390127,0.0273884557847132,-0.0304794196672166,184.054054054054,49.7844087456136,47.7686113015926,168.822773300876,19.649759969902,FAIL
5.9992392409681,7.61021211547472,3.7344740987216,4.5338203189467,0.29475775256543,0.219156112963285,198.918918918919,49.5006885757118,62.8401215825489,122.509365236617,19.0141998593111,FAIL
4.4708908237531,7.75854280347068,3.85801728158843,4.83256362366216,0.0958034457260249,0.0341482364666866,200.540540540541,50.4329510836974,59.3917725238261,135.767696812287,18.9277829961539,FAIL
5.08548549496907,7.57722293877185,4.62321331790693,5.44442013440342,0.165888526393133,0.101315319061361,189.459459459459,49.7507936228601,52.7946253549715,150.997568827034,19.4376964753925,FAIL
5.83693976685172,8.126971955904,4.04367413673267,5.55787480648707,0.222198670381342,0.15048310890442,188.378378378378,49.4907193299522,53.7344498429435,152.356087008903,19.5644005693694,FAIL
5.35917036522869,7.7633689252379,3.37812345354277,5.44450482363117,0.144758678105159,0.0790505985389427,189.72972972973,49.7258249129475,53.4251284401719,149.620726020333,19.4280795401041,PASS
5.2339112462187,8.25185250616001,3.33229836664409,6.22823120658831,0.0962831222273488,0.0320797517102489,182.432432432432,49.3924361051273,48.6635018848831,171.115015231057,19.8452642378919,FAIL
4.548525112284,7.547945856305,3.24960869128217,5.53527889120161,0.0542330626483606,-0.00487253825025191,189.72972972973,50.0282540516984,51.7299181554624,153.761458800081,19.3644869550506,FAIL
4.16168638352277,7.14053860772148,4.34818920394534,4.55268846511824,0.0883932480840857,0.0300685590410543,202.702702702703,50.4254429680732,60.2349612135818,127.854940696776,18.7747576023351,FAIL
5.30357828761005,8.1853449225008,3.90043795207643,6.23387304146398,0.127056970658411,0.0619212970989582,181.891891891892,49.2905281943273,48.4765725147534,171.361025354023,19.8890897451474,PASS
5.50097270531727,7.29632512727891,4.21330278973924,5.90048513193737,0.171768365110348,0.107912832000406,181.621621621622,49.1027580698904,48.2684217256525,160.224819443555,19.8184476472335,FAIL
4.4669410446196,7.30816502770826,3.09545018522777,5.72266228090343,0.0368648245171951,-0.0202731720416733,186.486486486486,49.8464153246703,49.3905679171134,158.051234854336,19.4871398681892,FAIL
4.03417989488605,7.64863950262775,3.38872717856334,5.51164616971909,0.00406095990726141,-0.0530575365876381,191.891891891892,50.332701763549,52.1531933725121,154.670946626053,19.2580563090059,FAIL
4.95959751119827,7.82109425252876,4.38066104087311,5.95209995236613,0.120107561016627,0.0570667522104442,184.594594594595,49.5453974748341,49.3993771379863,164.884991574103,19.7055259903146,PASS
4.88207119982008,7.05726605678156,4.09420726819599,6.21676616195343,0.0960311783613133,0.0377433281203366,177.837837837838,49.0219201601795,45.2048914614154,168.874448678189,19.9496650935665,FAIL
5.82875357241219,7.65199912603883,4.03442214007614,5.57496233182366,0.216486374986434,0.147400163385815,186.216216216216,49.3233593010362,52.0540446394593,151.761258581111,19.6195976729703,FAIL
4.32200613509018,6.67646321977714,4.19091153565941,5.71391986362163,0.0623679523170934,0.0068208293113825,183.513513513514,49.5601384815966,47.385121031093,157.099268565223,19.5739282523752,FAIL
5.28861728041145,6.52721099664388,3.12690296391029,5.70771007075574,0.117968863944885,0.0598479504892554,180.810810810811,49.072644498559,47.0691450909577,153.101492013448,19.7124657637292,PASS
4.81650973799358,7.27761014135123,3.15882642042611,5.31532709940563,0.0871478277260512,0.0272201667203603,190.810810810811,49.9225279760387,52.8056908739821,146.585484668984,19.297668270203,FAIL
4.22580150197936,8.39421664668647,4.41178227233545,5.43088859681225,0.0526363124109824,-0.00960968892947067,195.405405405405,50.4997501054244,55.369893916223,154.687922977531,19.2035345751642,FAIL
4.24098337772348,7.90153561677038,4.93050478726635,6.23347104978273,0.042494070905045,-0.0172666879643799,182.972972972973,49.6548219466517,47.4920599018523,174.575181162089,19.7725453100269,FAIL
5.75952770981299,6.74732013818126,3.57546282787748,6.20260626859105,0.155697914050453,0.0950348611777563,174.864864864865,48.4788950796221,44.4819109813186,164.323183531337,20.1120415834973,PASS
4.92512030462188,8.39431388827861,3.56218602700304,5.21635723752297,0.117503892598785,0.0513118810201227,196.486486486486,50.2558974634572,57.597114563631,146.082542872735,19.1700424972217,FAIL
5.48001393853764,7.493239515262,4.14289493126641,4.64770518468365,0.245958551530994,0.176351213186465,198.648648648649,49.7809133866161,60.8279801721735,127.421466442122,19.0145693839962,FAIL
4.16647864433797,6.79503135008735,4.79361532091151,5.84702180633284,0.052637495044367,-0.00321147950423939,182.432432432432,49.5529386450344,46.7935351138438,161.569142701464,19.6391120747927,FAIL
5.21468243730088,6.50330182746008,4.01569114465303,5.1019132387171,0.17585554103219,0.115183049845278,188.648648648649,49.4304435198995,52.0665725687106,138.435908094434,19.3429353815232,FAIL
4.48108439012306,7.95199060543372,4.78502725914027,4.60613917546155,0.141223446278497,0.0771664361074403,204.324324324324,50.4863884441356,62.8755845781123,130.269319247796,18.8033183848412,FAIL
5.11326743412824,6.70269685273733,4.97867395123437,5.55242145554447,0.170522267576971,0.109815814971777,183.783783783784,49.2572491077125,48.9185263016315,151.43974839042,19.6215889814384,FAIL
5.07300982816937,7.82495085510547,4.63746683437689,6.24820287946028,0.126763698545007,0.0636836599031236,180.540540540541,49.2143479425678,47.3304400265076,172.035689660799,19.9242455261859,PASS
5.24342302254125,6.4212132013293,3.44454303751215,4.60523234478593,0.182466346711901,0.121171432239268,195.135135135135,49.5471684528255,56.8503548956381,124.513718615291,19.0293755454002,FAIL
5.02891120155794,8.18567175015186,4.15924903972988,5.75609548068349,0.128980419250243,0.0636638585327642,188.378378378378,49.8061492189318,52.051252175992,160.404300200942,19.5495241427629,PASS
4.28858592950848,7.89723114906051,3.56132210670294,6.23756043870508,0.0156559958324927,-0.0425593899984499,182.972972972973,49.7005230689668,47.4061538667138,173.21091094365,19.7376889803827,FAIL
5.60424887475902,7.3767545904301,4.94714084019398,5.55432318695168,0.226261156827378,0.159147298789121,185.675675675676,49.3101517568873,51.3048817852307,151.912954763107,19.6239538316923,FAIL
4.43511643118721,6.79316912263622,3.03538445458237,5.18865575561588,0.0527665173941941,-0.00307583310577875,191.081081081081,49.9912215222465,52.1327845630032,143.01893409617,19.2013298553352,FAIL
5.67060218146455,6.94933026261647,4.31512839423524,4.83953992775014,0.256193968108324,0.188464491566618,192.972972972973,49.4592439277206,56.5517464236677,131.295475508335,19.2145146756321,FAIL
4.58925946417312,7.14122002294891,4.29785818271862,5.63555886070343,0.092769748065062,0.0338341964571498,186.216216216216,49.7092656204372,49.6117239869519,155.984932387977,19.5138237460149,FAIL
5.02447413849119,6.52083729914939,4.55565069531416,4.56001714580624,0.207267026635381,0.145547596173399,196.756756756757,49.681369014135,57.7894663492674,124.704197732571,18.9844984953635,FAIL
5.36075256210245,8.18548662162692,3.74204926185538,5.74724958750301,0.148152354068661,0.0810861937429499,187.567567567568,49.658392823087,52.1805427436514,158.756375859415,19.5868668288535,PASS
5.385349629205,7.96995720684968,4.26482510323495,5.88057261483246,0.164974126625404,0.0985314524190434,184.864864864865,49.4457582105986,50.4826337957711,162.025562871504,19.7123966185947,FAIL
5.60524621344874,7.15157307469953,3.09574760144067,4.70599989684231,0.192787402584525,0.125596362379534,196.216216216216,49.6346581977045,58.7745716276342,127.452451792078,19.0701173292726,FAIL
5.08099130079121,8.09866981705765,4.06493871738405,6.31721882286289,0.107576133993877,0.0441858802721877,181.081081081081,49.2843115412134,47.620295578259,174.007772868693,19.9202367579544,PASS
4.17931089848084,8.1278912680755,4.71490315455823,6.26579137015471,0.0285841193783015,-0.0314317829666981,183.783783783784,49.7555578059051,47.8927898987699,175.989903556011,19.7508787476241,FAIL
4.14872095926323,7.08431777865724,3.45642649697144,6.18881965862532,0.0102184565189847,-0.0444317878981043,180,49.4586632081783,45.2981423796977,169.725506677653,19.77655221638,FAIL
4.26819005756697,8.16259645173423,3.38734624857592,6.19324688770927,0.00612358535472213,-0.0527591885444078,184.864864864865,49.8651751510537,48.4580797563273,172.718692986423,19.6703929106335,FAIL
4.41596193207099,7.7410790300999,3.43289183439459,4.62949456108362,0.0800008531822352,0.0191499429617056,203.513513513514,50.4912786617583,61.7032075498514,129.713744037294,18.791147898026,FAIL
4.85825034027766,7.00615771442501,4.17112861906071,4.99157113541357,0.148853105891736,0.0876008596118537,193.783783783784,49.8949467963858,54.9806642842194,137.88444980108,19.1640263553924,PASS
5.48010549232577,6.84604119944657,3.00083710883724,4.50585515007197,0.185896016589347,0.120759326550879,198.108108108108,49.5986327448794,59.8780078450147,121.646584078653,18.9549133730066,FAIL
5.85139703062569,6.47938481843666,4.07414946453437,4.88322912111857,0.256954233586674,0.190938899082903,189.72972972973,49.1514080004134,54.2580600619123,130.72298165737,19.3143958352259,FAIL
4.32730128375916,7.79448968139963,4.3374439082711,6.06878839561086,0.0458482584655139,-0.013535524304004,184.324324324324,49.7516961876223,48.3291738662243,169.455642531562,19.6746592874833,FAIL
5.04410845897128,7.99163746122102,4.15614860826871,5.53063200597595,0.141479322301571,0.0761945036054188,190.27027027027,49.8851442456808,53.3646925883579,153.997424377905,19.4309461946197,PASS
4.777758676978,7.56036462982743,3.98585919878132,5.61786131963782,0.102752726420701,0.0414257514458726,188.108108108108,49.8181072307849,51.1611042839,155.904112508106,19.4783103203618,PASS
5.70922880934244,7.78291990468928,3.0906583666773,6.30211895740356,0.123656316721376,0.0592260321321341,178.648648648649,48.9303192779582,46.9047142510594,169.90987721244,20.0140875461385,PASS
4.5085095303335,7.51139136438985,4.22648018162096,6.14034139387994,0.0625019226405577,0.00367848406706428,181.891891891892,49.4805543240146,47.0176492484643,169.766252655249,19.7814737029261,FAIL
5.09704063163403,6.45254152942928,4.67504409183864,6.42150985116519,0.124268875878247,0.0677678657572544,171.621621621622,48.3233325561695,42.1511467159907,170.755505302001,20.241116289295,PASS
5.66231587155231,7.20448782720941,4.00637746853108,5.80529451979523,0.183929246953428,0.119382079688126,181.891891891892,49.069467055802,48.7122552077051,156.931984367598,19.7876422617375,FAIL
5.39218607362832,7.95944713503411,4.75687166372448,4.9600231919828,0.241248154424531,0.170645897998537,196.486486486486,49.9176175306315,58.9695316370888,137.745331107137,19.1607296241583,FAIL
5.60072200890768,7.90644062567992,4.96467189592983,4.72218546242665,0.295633512769812,0.222055230738486,198.648648648649,49.8096912272652,61.5750149215218,130.40326607914,19.0627824398794,FAIL
5.43372780625864,7.73337368214682,3.35595934108302,5.20936528779906,0.16316636294297,0.0961678796256904,192.432432432432,49.7911712665527,55.5440931438302,143.020422262649,19.2996113163631,FAIL
4.77961450941722,7.57016194227079,3.38921704031614,4.84625458353428,0.112966524587214,0.0505830863504626,198.648648648649,50.2133984055602,58.5962944607721,134.646697924613,18.9897723753898,FAIL
5.83574732469842,7.10909029132615,3.13625265809789,4.8928337650891,0.206144490813513,0.137939814885548,192.702702702703,49.4626769478191,56.5905048096734,131.858381505502,19.2249934935417,FAIL
5.00708855995342,7.18552261507777,4.81061419399139,4.98677286672782,0.187847920632032,0.124007930144367,194.054054054054,49.866513043277,55.7625021353131,138.155274295333,19.1839261895978,FAIL
4.46577153217002,6.43213084814852,3.90004361330741,5.8910584086712,0.0664516354747066,0.0120394615627715,179.459459459459,49.211254016677,45.3026989573147,159.932015851415,19.7402256830334,FAIL
5.41189432938382,7.31997973896832,3.19548566692303,5.79851402580952,0.125135336050966,0.0626991612786292,183.243243243243,49.3057495483457,49.0464839917845,157.357459085097,19.6975167273613,PASS
5.25489478102061,6.69791956221932,3.40413914937303,5.82542845900161,0.122053829795895,0.0632729946121776,180.27027027027,49.0609105373238,46.7894226229433,156.759933784341,19.7734916496175,PASS
4.65889200072837,6.96089574376071,3.82301306193855,6.20712384584292,0.0686380108610759,0.0120408930531696,178.108108108108,49.1105553226221,44.9178102987113,168.746054649289,19.9078802340969,FAIL
4.60905993029537,7.9193704548141,4.09439058060474,6.05564039815156,0.0697846632329875,0.00886645451442825,184.594594594595,49.6861937445478,48.8426884830091,168.518486829456,19.6924971999481,FAIL
5.57412218629517,8.28763154380397,3.22526590686295,6.23318363417559,0.121345322715333,0.0549714568237494,181.891891891892,49.2354263001153,48.7947076130323,170.135680226927,19.8978898640372,PASS
5.69939219411214,6.99026385679625,3.46672041142127,5.45441803474872,0.180668695099346,0.116236911388187,185.135135135135,49.2306398049511,50.7929971763986,147.045141819411,19.5741596088128,FAIL
4.38211705914447,8.22797314606409,3.63171968874904,4.7174711347871,0.0770431405562342,0.0144725219932141,204.324324324324,50.6297509430664,62.4515289879488,133.188385597628,18.8054600615366,FAIL
4.87856167408136,7.47575255804615,3.09835245782248,5.60286909806565,0.0783279731033282,0.0180224738809186,187.837837837838,49.7928021359447,50.9908915567584,154.331821572875,19.4636111234369,FAIL
5.18285773416292,6.95048583285732,3.83685057002076,5.4982695849399,0.145937144320322,0.0847607677828519,185.675675675676,49.436464625478,50.1916050302007,149.892281139366,19.5331029443849,PASS
5.22630201831061,8.07655758384695,4.79279224780895,5.47338750704265,0.188074871421435,0.120161428299401,190.810810810811,49.8268547758335,54.214310621404,152.61476084416,19.4350719542198,FAIL
4.50146704621479,6.70414693334151,4.24490346793434,6.21734236456606,0.0658870990511284,0.0105036554502242,176.756756756757,49.0030947958901,44.0457665431345,168.723947515008,19.9409828929481,FAIL
5.78149191328207,6.71416305965391,4.19346227030552,6.16956873879019,0.181739913009042,0.120280046836729,174.864864864865,48.4399329314152,44.6221759519279,163.711855525987,20.1229381860245,FAIL
5.62014348198292,7.99525245985295,4.75681013442236,5.30287235094548,0.244290757976272,0.173015422064946,191.621621621622,49.6766648779777,55.628679672468,146.542818416704,19.4025960896829,FAIL
5.6757659196413,7.65209197689313,3.41398174159257,5.25283699158563,0.18831709848705,0.119833149285706,190.810810810811,49.6102174992748,54.9016609953941,143.318139948136,19.3754058226341,FAIL
5.41752327746596,6.45751331990072,3.56622954132793,5.74466435716373,0.146414862872245,0.087450626383477,179.459459459459,48.9024106281236,46.6033777044651,153.585765735984,19.7865907346534,PASS
4.20656353649306,7.13973489451936,4.00228722202018,5.1472963212286,0.0595571959121765,0.00206630034806099,193.783783783784,50.2342065741592,53.7794459755564,143.997481628282,19.1329121184125,FAIL
5.79097687019536,7.80398144923219,3.24110406385947,6.49009806388824,0.131108842776779,0.0666115452698726,176.486486486486,48.7100955039656,45.7680172590179,174.234696674606,20.1549934155411,PASS
5.88784166619197,7.97476488713012,4.24354957560088,6.4014220832814,0.187772277479453,0.12014470039746,177.837837837838,48.7429342738123,46.8809240027539,173.107720644739,20.132584898723,FAIL
4.22217714884992,8.15383255076273,4.53612956656639,5.8701484340386,0.0416904253698471,-0.0191301884521596,188.648648648649,50.1073294265559,50.873826015152,165.892080178116,19.4983271351751,FAIL
5.43849989288581,7.61246990464986,3.27105191643632,5.6355327489932,0.137847611911909,0.0731458737165094,186.486486486486,49.5181592680209,51.2971001542113,153.937986089532,19.5705112474493,PASS
4.6926561552295,7.75653246840811,3.67823600764161,5.15665343985248,0.100742970991459,0.0384764573703189,195.405405405405,50.214107966813,55.9809538131483,144.060208054482,19.1523044537951,FAIL
4.42896292045777,7.14356723592984,3.88215575738014,5.43405146438528,0.0710201715239391,0.0129989468006489,189.459459459459,49.9573717047745,51.2370520600092,150.93579721359,19.3451811451799,FAIL
4.5293844940439,8.18031387477173,3.10081250971372,5.39828462786797,0.0439084646530544,-0.0174807670357845,194.324324324324,50.3454829522507,55.0054790723443,151.356518085138,19.2143487006132,FAIL
5.79092370010789,8.22246438354895,3.31959809513083,5.66870269953117,0.172346812844019,0.102082199452431,187.567567567568,49.5161043962115,53.0309027089575,155.030744754728,19.5927579871666,FAIL
4.89382461368046,8.34683526725095,4.55422399013302,6.41193498785969,0.0985773189598831,0.034890850278841,181.351351351351,49.3528943343013,47.6520658391595,178.060108191599,19.9384786939379,FAIL
4.47397223600812,6.5274215987215,3.45845343650339,6.0628424825236,0.049702483962958,-0.00421148780119385,177.837837837838,49.1334880325143,44.4397265052342,164.02950656442,19.8255769629602,FAIL
5.92966411703792,6.84940904755525,4.76963022560737,6.39366735251588,0.202110492831685,0.139456019799078,172.432432432432,48.1767161036528,43.6842913413432,169.183357116002,20.3034450793985,FAIL
4.3743302225327,7.64180195587743,4.72514288131684,5.1176282868368,0.0979175085131935,0.0366566742328457,196.216216216216,50.3300932616989,55.9318091880126,144.474397869557,19.113120895929,FAIL
4.34396989385242,7.84828108867489,4.17222690245337,5.41253663166098,0.0653854466099189,0.00470814960296306,193.243243243243,50.2803205636979,53.7921563086745,152.530997774855,19.2547209842581,FAIL
4.90764890568427,6.63662338039236,3.00111489517472,6.3084542212924,0.0626966190436541,0.00782444475570754,174.864864864865,48.7877056410561,43.2845871180272,168.670398751654,20.0279948710746,FAIL
4.3176325278903,8.09215256540979,3.95337620471054,5.13211369704956,0.0643513097228192,0.00280085478705261,198.108108108108,50.5238432486623,57.3050456172796,145.230344452303,19.0540094129555,FAIL
4.2533457006586,7.74485000505888,4.83021378003875,5.18488229174225,0.0809765972021556,0.0200100115993306,195.945945945946,50.3971218299388,55.5970949979398,146.940538983331,19.1267492962073,FAIL
4.40820306012071,7.54926358376242,4.08454397603161,5.25474224674058,0.0787048190124263,0.0186326364040214,193.783783783784,50.2302830808425,54.2571039445748,147.391940061682,19.1948021019452,FAIL
4.17236058023848,7.23858848164328,4.28257188392902,4.75198311614741,0.0781258537935825,0.019634111314938,200,50.4314230777351,58.2738324367233,133.629152468094,18.8849233366412,FAIL
5.36706303065242,8.06279557705268,4.71002453086546,5.70209483585224,0.188313641421268,0.120375865053218,187.567567567568,49.6025159229347,52.2156915576452,158.095529795471,19.6000629381491,FAIL
5.60633360328163,7.85026364644546,4.40236326791503,6.37669393753422,0.167435590644418,0.101899694826169,178.108108108108,48.8469595512085,46.6430916668496,173.234921127045,20.0887879861198,FAIL
4.3777294862676,8.20829404598935,4.84690417170678,5.94950149719534,0.0644081337309242,0.00241507275238517,187.567567567568,49.9689970752376,50.465210648277,167.968854659042,19.5778323555632,FAIL
4.74818434990388,7.80435865291986,3.36667921370008,6.38013609720382,0.0506943141816396,-0.00864283211594508,180,49.3183241325621,46.2753733246472,175.00939622831,19.911074745446,FAIL
4.45524825142178,7.60286186780511,3.05325696126289,6.06159423556987,0.0220394322468743,-0.0354040798135469,183.513513513514,49.6969202976238,47.7769533224832,167.257178907626,19.6655320244493,FAIL
4.59805543750664,7.10865950293511,3.30171937896137,5.39297522407503,0.0701450032317648,0.0121276134202642,189.459459459459,49.9130480317568,51.4833657717495,148.90757708288,19.3319282612824,FAIL
5.69776753567979,8.20428864315363,3.84742548444199,5.04365366740183,0.231971117169344,0.158848039169522,195.405405405405,49.8137319558455,58.9670085251562,138.828642859101,19.2194054713881,FAIL
5.41012690203604,7.75726406948386,4.55534353193291,5.29112776368536,0.21107287285757,0.142861813646968,191.351351351351,49.7273768765107,54.8804655238997,146.253819808272,19.3774073232427,FAIL
4.05022893374151,8.31905144493405,3.94577196555056,6.26959129197629,-0.00485101424106593,-0.0640177471429603,184.864864864865,49.9204695752885,48.3434289982989,176.059043478375,19.6857392585997,FAIL
5.73501705464455,8.12280709672931,3.7578323027366,5.25180567703776,0.216286528333633,0.14437600054554,192.432432432432,49.7077508741653,56.5442384663714,144.243637718462,19.3535237551533,FAIL
5.23109988797879,7.72653001860701,3.58845767239574,4.70693384792757,0.184024961395156,0.116542467827364,199.72972972973,50.0094128737018,60.9282814154201,129.819723504858,18.975871195425,FAIL
4.04214022249487,6.69717676334011,3.66535527658092,4.5676098881782,0.0552114430484331,0.00013861835187301,200.810810810811,50.336710320816,58.1630489447954,127.222482855912,18.786797323921,FAIL
5.46545664180393,7.28630467643896,3.80866513111725,4.68479209797519,0.223091419962892,0.155291946030114,197.297297297297,49.7336549867967,59.5521939309816,127.945061752297,19.0432479978071,FAIL
5.65900636546541,8.25432269497785,4.64550059771427,4.73519047216557,0.293280562175623,0.217699339159189,199.72972972973,49.8633155484201,62.7169042564368,130.88716102699,19.047363212133,FAIL
4.34040232378397,7.98889657852881,3.75842790635215,6.28476187892585,0.0245385602397181,-0.0344161732712558,182.702702702703,49.6550390272628,47.3660877540244,174.69184460575,19.774160761197,FAIL
5.25682870795735,6.89444695966161,4.63720641316389,5.59506843097802,0.174955844348324,0.112983588507517,184.054054054054,49.2655784276632,49.2580902378398,152.464385498442,19.6398734176738,FAIL
4.40528248745439,8.12956191279813,3.44450908424206,5.70240248884531,0.0360691553576467,-0.0243957015439692,190.540540540541,50.1824587156474,52.1518207256025,159.960910007413,19.3936572776428,FAIL
4.49284770244994,8.20604046900314,4.27411889185017,4.78887010547922,0.114742194673443,0.0505859394793214,202.702702702703,50.5434174758151,61.5623180655882,135.51766728175,18.881416092955,FAIL
4.46775419749689,7.9703906026226,4.74193775645951,5.60770309911358,0.0873767752290041,0.0252169342087227,190.810810810811,50.1093930823953,52.5189051579337,158.1765066617,19.39965114038,FAIL
5.79555227369501,8.29666278461715,3.59860112161336,5.4989908690577,0.199144540168518,0.127240474534679,190,49.6176469336114,54.7735180641657,150.903506343991,19.4928798075321,FAIL
4.78733562180436,8.29810325368321,4.87921741387953,5.96708171618307,0.113247484257093,0.0487070553599079,186.756756756757,49.7765112640933,50.6844984741873,167.508912992531,19.650229057361,PASS
4.7005487607807,7.07720043823771,4.57790655519868,6.08875636044141,0.0946883252922539,0.0362493705277254,179.72972972973,49.2146875256903,46.1013813517345,166.804807777548,19.8470401297404,FAIL
4.7031924771966,7.0684826537015,3.81091578260062,5.61907612413602,0.0914603882523407,0.0328215110689197,185.945945945946,49.6577060916605,49.5049548848652,154.680522448009,19.5152063162686,FAIL
5.40288706589839,8.05374903232235,3.93434613721941,4.86200770744034,0.213972954549737,0.143451815160407,198.108108108108,49.9757195001263,60.3829716752819,134.47261986573,19.0780653808235,FAIL
5.94735049763708,6.9053988829482,3.93211519023139,4.57065828887078,0.289316606603908,0.218471604731688,195.675675675676,49.3165203664817,59.4969736341272,122.722046069872,19.0910872529799,FAIL
4.26724927316111,6.56183612551925,4.56963284928791,4.86012419847168,0.0978653877548855,0.0412332311714942,194.864864864865,50.0564811854967,54.4714601818244,135.092113549051,19.0405532681334,PASS
4.6519899103764,6.99094919039703,3.20664735764484,6.38456183312957,0.0441083615501471,-0.0113179209371473,176.216216216216,48.9996178618824,43.8590164362591,172.544464579938,19.9947509647152,FAIL
4.41302774501401,7.26230645615418,3.10091845757006,5.85158508174571,0.029171090315526,-0.0272966903922699,184.594594594595,49.7507683629792,48.2470383624341,161.28089221012,19.5652755845537,FAIL
4.22132459959567,7.26797566403189,4.66949276388999,4.69355902316452,0.0979021923402414,0.0384706919790003,200.810810810811,50.4181947674641,59.086641310118,132.204366244519,18.8643516985641,FAIL
5.56883711536233,7.2044685952574,4.29112251508764,5.72141918128095,0.190000764564557,0.125392195370405,182.972972972973,49.1653545071689,49.3501682623181,155.340577808041,19.7267269029062,FAIL
4.02892276286994,7.57072899951423,3.8428254763544,4.57068207033905,0.0492412526734489,-0.00907647755200935,204.864864864865,50.6507401167236,61.6826541783724,128.982715074651,18.716412418832,FAIL
5.31851886533764,7.95734215218052,3.35299364517335,6.34017459042765,0.101912250918891,0.0388162003763852,179.72972972973,49.1381285324223,47.0837423037961,172.785058025494,19.964044276594,FAIL
4.65292513010228,6.96436136300966,4.40405040460547,6.37767234539291,0.0771115290778582,0.0202629396468342,175.945945945946,48.9003651185526,43.8769665226638,173.118420772793,20.0441882405475,FAIL
5.66030406234148,7.31000870680905,3.81115708792793,6.47752073754544,0.146011757576989,0.0838460759061489,174.594594594595,48.5222539817544,44.4450883287163,173.144153165716,20.2124729243282,PASS
4.55771705388081,6.9998952066404,3.86774041199934,5.37964718006006,0.0875793282242919,0.0293848939276734,189.189189189189,49.8635874228603,51.2357462480975,148.794964381988,19.3479232216942,FAIL
4.95855284548341,6.77911061451443,3.99476110913241,6.25445554449822,0.100252969663306,0.0430688091317758,175.945945945946,48.8088773128938,44.1198767965276,168.406945664973,20.0238256748637,PASS
4.37849249623921,6.41285616340343,3.43260588176162,5.58568437524832,0.0544098240250508,0.000445289591334497,183.783783783784,49.5401395848696,47.4246532946485,152.427659468971,19.5066094016116,FAIL
5.05813545764151,7.90804411932018,4.2891369801532,5.86496060028634,0.131663652577872,0.0675158040247664,185.675675675676,49.6051159877843,50.3459826167937,162.538925844434,19.6545421478611,PASS
5.42388443418673,7.35983207579425,3.56796012461621,4.73641412237062,0.202011548856149,0.134752718223454,197.027027027027,49.786934281155,59.21674495983,129.484780483557,19.0542854008314,FAIL
5.07132603839011,7.49424425536082,4.64536899331584,5.88370998058564,0.142707913114714,0.0799362435511681,183.513513513514,49.4030783642023,48.9424740986083,162.096815791282,19.7250759638823,PASS
5.41617467030746,6.76700587298295,3.64299534019566,4.82356606611809,0.19763099985678,0.133716381212117,193.243243243243,49.5551002764436,55.9139513247944,130.832906466136,19.1625125012951,FAIL
5.4837445329738,7.53343273909709,4.48918236202979,5.07553278617791,0.23000664136166,0.161532829497396,192.972972972973,49.7045191279566,56.233526887738,139.652924062814,19.2767217845961,FAIL
4.18805682074284,7.56391174686944,3.17039183285197,6.04995446063546,0.00174816310053583,-0.054601502696188,184.054054054054,49.8127361819206,47.693278228812,167.55903124713,19.6220456727619,FAIL
5.42307720018141,6.44192258651046,3.41948063676645,5.8547747169352,0.136444284857365,0.0780932562274065,178.108108108108,48.8114722294733,45.7532706414897,156.073939393088,19.8573522328172,PASS
4.90626085201667,7.38643356701322,3.70535672598242,5.72379654946843,0.102709193996493,0.0420330679152823,185.675675675676,49.6188457945569,49.7582183586985,157.557313531437,19.5765157496595,PASS
4.91373896632984,6.98975842662951,4.67547971395148,5.19544939218974,0.160047499021317,0.0984532160521278,190.540540540541,49.7435194146238,52.969370249979,143.488874695914,19.3154959922919,FAIL
5.94034460351524,7.20494903337012,4.04880292888991,5.5207139116787,0.228146349883333,0.160343009493572,184.594594594595,49.1213014626616,51.0491266613216,148.892811485471,19.6520734529905,FAIL
5.14519260369634,8.18681796562685,3.74980030592643,6.43601677816653,0.0981661572733487,0.034843329476044,180,49.1925990158631,47.0733295640472,176.628961778237,19.9867053783006,FAIL
4.70657250251053,6.76788625732135,4.13011934660335,5.8867314636357,0.0931029449385251,0.0359650770260475,180.810810810811,49.2710877649794,46.5034285473516,160.543207545563,19.7395623271783,FAIL
5.03923613482593,7.81561992589416,4.81129977400625,6.25384884637711,0.127452634591481,0.0644232439423292,180.540540540541,49.2101427816797,47.2647646208645,172.393763825129,19.9286785484667,PASS
4.53522939727671,8.24091116182908,3.37873154001733,4.97666006051168,0.0734000516187698,0.0104735294647231,200.27027027027,50.5159279271111,59.5069968121651,140.030306916307,18.9718184703299,FAIL
5.07685268599607,6.66747142876526,3.45461329125846,5.01305913545714,0.143277360624958,0.0831659935778812,191.351351351351,49.6483940203811,53.4942053661521,136.588352910808,19.2278244066108,PASS
4.63477976603612,6.66596804495027,3.32799961414953,5.04243661830508,0.0915974754980881,0.0344595242260114,192.162162162162,49.8841012501286,53.0941383702872,138.511322982324,19.1682734907174,FAIL
4.69046330896975,6.80595460328181,3.14304089280419,6.24696151721476,0.0504377841104506,-0.00462103711442896,176.756756756757,49.0292195250669,44.1584222239544,168.574471360293,19.9318625064035,FAIL
4.30374994670281,7.9885713213243,4.89273292511495,5.20286943823413,0.0872508819997051,0.0250523735285751,196.486486486486,50.4424892896299,56.2683529053867,147.871640276979,19.1256990588185,FAIL
4.11784981795685,8.24277360987512,4.55430995244091,4.99837298389638,0.0600688346926548,-0.0017485833262475,201.081081081081,50.7103799421498,59.2120661008311,142.771973185412,18.9442123710004,FAIL
5.06340587719066,6.54719692932573,4.70318759877099,6.00264023801711,0.137905989993866,0.0798240348987601,177.297297297297,48.8263173213175,45.0708719514668,161.777009596114,19.9293585458582,PASS
4.35282621974894,8.05241192123004,3.06738653292506,4.53588745448519,0.0540611901795277,-0.00692156157831947,206.216216216216,50.6102703666089,64.0667638785659,127.238203611252,18.6954665046407,FAIL
5.42977566076244,8.24871584496892,4.10976695111349,6.15768656109771,0.151043914011188,0.08427490109402,182.702702702703,49.3047513563681,49.2326014009237,169.421834546228,19.8621636727505,PASS
4.71361125076337,7.0135581362695,4.34766696818356,4.61233306556482,0.158999815154608,0.0976060235509922,199.459459459459,50.062057328035,59.141570295986,127.911576072567,18.9130163410821,FAIL
4.65361790599701,8.16655572731538,3.82217228226448,5.50433125828253,0.0850531504071793,0.0220100424946071,192.432432432432,50.1794992949425,54.0532315407952,154.521633079187,19.323495715499,FAIL
4.7144879532239,8.37768915249338,3.92978636035879,6.39363698195414,0.0621532882273456,1.18802272967011e-05,182.162162162162,49.5026229625417,47.7965154747926,177.619381372422,19.8717608930229,FAIL
4.20046900488793,7.03913101653408,3.78865957611549,6.17713099949649,0.0243595291783695,-0.030781428574864,179.72972972973,49.4005537307113,45.2626476745086,169.454387962512,19.7973316302679,FAIL
4.32051353227956,6.86634458975546,3.32766840982333,5.63717432053025,0.0387301120728749,-0.0165517086093433,185.675675675676,49.7684553319952,48.5769266174914,155.192437385813,19.4683693696835,FAIL
4.30570637654217,7.74125205721707,4.79326184518702,5.84969650021192,0.0609504571289303,0.000897090838887893,187.027027027027,49.9158188580222,49.8090386681658,164.298719032104,19.5498735862698,FAIL
5.31589862088923,7.22811332732172,4.3111215955546,5.29606733144909,0.188426611654828,0.123791062785078,189.189189189189,49.5860171974227,52.9718376014412,145.288070734627,19.4108384239063,FAIL
5.17105869822011,8.02351689944722,4.36372108246813,6.43690384404682,0.121334102774,0.057789164976805,179.189189189189,49.0764345673938,46.6484275439628,176.627274833061,20.0325143825009,PASS
4.58015380190225,6.43149708499968,3.82025293302393,6.21443892330757,0.0656515254789733,0.0116176453837212,175.135135135135,48.8412252776298,43.2003772249019,167.061775953118,19.9774026562626,FAIL
5.96564894063678,8.03234547419428,3.37888996014818,4.57946291238843,0.265656932679727,0.188757585922127,200,49.6395058743481,63.8837907722212,124.222558134363,18.9950413919604,FAIL
5.21182616259866,7.86108312453569,3.09644946567578,6.08444778446434,0.0895774369684587,0.0270681286110166,182.702702702703,49.4007749175572,48.5419786129121,166.444705167015,19.7818576075749,FAIL
4.79056362976031,6.51956926353713,4.24147291902062,4.83038216110489,0.152555085792454,0.0934613696094126,193.783783783784,49.771563019339,54.7231130549577,132.597860301614,19.1054752220814,PASS
4.65865018125727,6.93988792859874,4.08217143701344,6.20745225797974,0.0755813441851924,0.0187570387249365,177.837837837838,49.0753052151573,44.8624059305769,168.862046953259,19.9210219671936,FAIL
4.86442077574707,7.55603816130275,3.27295573753831,5.6630839077608,0.0823793820815893,0.0217024558074216,187.297297297297,49.7769015650937,50.7626259444288,156.242538685254,19.497197201433,FAIL
5.34240844296683,8.07387821194095,4.26880972391739,4.92363074315789,0.218404733358788,0.148142779458251,197.567567567568,49.9972544169032,59.7527328233051,136.696975026581,19.1106947179443,FAIL
5.8134028547055,7.2102906229579,4.7772748821442,5.65010142251042,0.235352966095419,0.168231933753916,183.243243243243,49.0728800811433,50.0039449810938,153.086029544855,19.7351498671978,FAIL
4.0334191577463,7.4808089966527,4.70530442693151,4.94516300653421,0.0601723961012862,0.00123719823051915,198.648648648649,50.5303946944214,57.0482920331112,140.179544107826,18.965754495318,FAIL
5.27401037664336,7.82496329849885,3.66746072676314,4.60156904687351,0.201102161381646,0.132248828375339,201.351351351351,50.0041800739418,62.6210015873103,126.869498173902,18.9165429195244,FAIL
4.918682853073,8.13122037113132,4.55171474979539,5.18403828532942,0.159317582391001,0.0928061980123697,195.675675675676,50.1666273181612,57.0809308046871,145.609717733055,19.197069446496,FAIL
5.49640108045527,7.64958844027442,4.45618991264382,5.84023321821746,0.184136958090132,0.118082777442655,183.783783783784,49.2899812968495,49.8409764085089,159.940397547838,19.7454741894686,FAIL
4.97035238070217,7.5479996260538,4.60077453145363,5.39924685245987,0.154245653837298,0.0904470890437418,190.27027027027,49.8297566363214,53.071798238832,150.068342071002,19.3925213341731,PASS
4.55203233144151,7.85168034230116,3.79416687661049,5.277676041676,0.0831440208211995,0.0215015891859903,194.594594594595,50.2589221136986,55.0952820180331,148.027323227155,19.1965790517784,FAIL
5.21186725232852,6.43718559101822,4.38164904674833,5.42799819511914,0.17035823714617,0.110639278913538,183.783783783784,49.1898008300488,48.978351716784,146.808284824717,19.5732914956835,FAIL
5.53819536135753,7.06989809689704,3.32416156863695,5.66941986044754,0.148692021098723,0.0859967972151029,183.243243243243,49.2197179886919,49.2645375969743,153.125463959911,19.6700327526741,PASS
4.49320033700083,6.59679124029034,3.81963907849556,6.14638276282282,0.0581867004105081,0.00362479281670047,177.027027027027,49.0541710450968,44.1401647007999,166.406404350485,19.890538286856,FAIL
4.32798085322399,6.81135319192566,3.1950915782312,6.04026292619583,0.0259294819577116,-0.0282361341156272,180,49.4033922376199,45.4601303215582,164.711388783698,19.7338495628315,FAIL
5.96943731822209,7.28278492134464,3.2612556593939,4.99000136455007,0.221872284520491,0.151788280845358,191.891891891892,49.4201121090449,56.2626769057197,134.489044227982,19.2937568687588,FAIL
5.73272853773032,6.53144282323091,3.12067829688229,5.02003847963954,0.187019266128983,0.123500421452091,188.648648648649,49.2484071296346,53.0320913965353,134.337974227664,19.344372473265,FAIL
4.89392762804949,7.75031501092567,3.52297027876598,5.89235352755179,0.0864037773793793,0.0249927318518373,185.135135135135,49.6485031357834,49.5852609223097,162.668803284082,19.6352129768808,FAIL
5.11109429302183,6.48600148670652,3.33319003669612,5.67335500209137,0.113482166508644,0.0561058641837174,181.351351351351,49.148320507849,47.1586840971556,152.760059946139,19.6742599828287,PASS
5.01877821728936,8.39873388026138,4.95710152766278,6.0295655754873,0.139592399828355,0.0733533306443975,185.675675675676,49.6376952580676,50.5531773758259,168.705224140546,19.7209264444263,PASS
4.468477226785,7.87381182532323,4.33336926996111,5.74446569610599,0.0720986549792326,0.0110780225064258,188.648648648649,49.9859505520699,51.067265206097,161.130152841205,19.4837085659612,FAIL
5.71090606922295,7.49659508834582,4.81016349278907,4.53551777469064,0.315225859846005,0.242019962116238,199.189189189189,49.6229008745846,62.3233610779795,123.962587886123,19.0004374485303,FAIL
5.17173046641081,6.96224724860784,4.48777412087371,4.93184114721162,0.19963382216002,0.135880105201181,193.243243243243,49.7141409275383,55.5121567490106,135.453699645131,19.1918611437578,FAIL
4.10192484308023,6.96365827084693,3.26705857450743,5.41372986278651,0.0193703859518619,-0.0355669970088009,189.72972972973,50.0905179103331,50.6865408828568,150.228893802763,19.2758346978248,FAIL
4.44593036476884,7.50654076773365,3.14230178452133,4.69498731582098,0.0686594701735828,0.00904950353952516,201.621621621622,50.4111623445649,59.9977091111298,130.941916578407,18.8438877768713,FAIL
4.64863775913357,7.65763945485487,4.50345045052138,5.3920949064846,0.113593480785559,0.0514355994599895,191.621621621622,50.0495915303311,53.4274467938839,151.011721260866,19.3206243089252,PASS
4.46286648707026,7.53547767244858,3.42577129685565,5.04367157779882,0.0697762370362015,0.0100226807064585,196.486486486486,50.3198757942746,56.2747894798431,140.934481662868,19.0582378870373,FAIL
4.35181086105445,7.95121790254796,3.16372609022432,5.59745289892365,0.0241051951174941,-0.0351626251473363,191.351351351351,50.2401702911444,52.4534804354218,156.693867175107,19.3271596663169,FAIL
5.46411320237039,7.70649496409097,4.30606842513204,5.87733356105954,0.173904482563282,0.108108332474483,183.783783783784,49.3051341929419,49.7197219555315,161.0205471789,19.75301239453,FAIL
4.22158110279264,7.11569677042072,4.20188863977314,5.19582316996201,0.0652696589010809,0.00759931628516652,192.972972972973,50.1881266538344,53.2439305063135,145.359827190764,19.1736008315237,FAIL
5.62411581859351,6.63445609360622,3.83187424540582,6.08955747568858,0.159233045930644,0.0991461978913946,175.675675675676,48.5688933769578,44.8458462206812,161.868996656973,20.0393100244834,PASS
5.75344559037941,7.10642429655853,4.63013809424542,4.74632658616284,0.288210931645702,0.218078141170723,194.594594594595,49.4771891957396,58.2331797331563,128.986424405341,19.1636083017851,FAIL
4.696052690197,7.32118028350567,3.91073556136758,5.27222542463381,0.106853271769287,0.0462695749681014,191.891891891892,49.9884702811543,53.3599366077144,146.429513409212,19.2712384332713,PASS
4.12448503866454,7.24147266497552,4.98233141735245,6.11708060807363,0.0391296680555884,-0.0180007200408689,181.351351351351,49.5304867377932,46.3137489351711,169.897917038012,19.7584812594661,FAIL
5.09934067469152,8.01347829545957,3.91125009466222,5.6744099777083,0.13125307671086,0.0662755131387446,188.378378378378,49.7803906541345,52.2024090658018,157.445461955901,19.5197216830854,PASS
5.99757226948838,7.86732966670352,3.9334316779982,5.73283785926046,0.22040785752844,0.149748093849125,184.864864864865,49.2132068958218,51.4615769629438,155.697094165082,19.7219713543427,FAIL
4.25816607832834,8.19350008248738,3.33306443520023,4.94481880548569,0.0385332521908023,-0.0222676525947171,201.351351351351,50.6656114756184,59.6195060388153,139.68531379205,18.909507731305,FAIL
5.25665968457537,7.3884613199024,3.9221579444549,4.70728061613059,0.203356294563477,0.136798733328034,198.108108108108,49.8832807653297,59.6395495273,129.446944345047,19.0163453746946,FAIL
4.17616203762674,8.21491767470794,3.79713988390137,4.54890259915429,0.063066192288721,0.0016401240290409,207.297297297297,50.7367690576644,64.4996694201512,128.863679451833,18.6808748816226,FAIL
4.93377089731048,8.11658276667061,4.72713672586718,5.51091186533646,0.14862839738921,0.0828022896005944,191.351351351351,49.9772196626955,53.9350386712543,154.574216228143,19.4038483774512,PASS
4.97576640461788,6.87363608158404,4.94103230676926,4.7920857894445,0.199075467506922,0.136223382686725,195.405405405405,49.8154702082068,56.6192144503805,132.279768236514,19.0924862597251,FAIL
4.24344840107565,7.0187224148993,4.75929154928251,5.05992190144542,0.0876842720963622,0.0294187443876482,194.324324324324,50.184574897367,54.2203311649826,141.832626498293,19.1172784689222,FAIL
5.20260754765442,6.93873595031218,4.82724693111291,5.7107644807081,0.168709884339606,0.10701804290019,182.702702702703,49.2156890045005,48.4972159704377,155.783759976933,19.7067010702514,FAIL
4.32445963671873,8.24015586012725,3.21378997849693,4.78708170091673,0.0465132468243052,-0.0148870451415165,203.513513513514,50.6725095395771,61.6184111269903,134.97430049468,18.8234583781963,FAIL
5.27914265975381,6.93002088149785,3.01992847356429,6.20522087071463,0.0928801929918355,0.0346463999278085,176.756756756757,48.8608607521949,44.9140802333513,166.280713535603,19.9809963658656,FAIL
4.6164468673429,8.21705549317158,3.91669995229917,5.15728943888643,0.0991210641314522,0.0352286096815123,197.297297297297,50.3880242380659,57.5446282464116,145.339053486221,19.1077056726929,FAIL
5.98257201572458,8.02707888075462,3.59012163592875,6.25176747682838,0.175257291650124,0.106855685892365,179.459459459459,48.8924417317338,48.02688544525,168.816058263025,20.0211548173527,FAIL
4.6338240532489,8.31956462122894,4.85718961535415,5.49227946080766,0.11561800208013,0.0507435299073584,193.243243243243,50.2108070924286,54.6816813458177,155.527512848448,19.3268265161594,PASS
4.98351933797075,8.38440991482982,3.78972965573652,6.39454605037652,0.0846936199964942,0.0212825974249149,181.621621621622,49.3822366243559,47.8577554638158,176.725562719106,19.9124070843102,FAIL
4.18280320391855,7.16549393166643,4.46104063879383,5.99237803409315,0.0405281709695804,-0.0161906922532964,182.702702702703,49.6089857948257,46.9346254576085,166.077306889769,19.6793686459487,FAIL
4.34681352003583,7.12391781671248,4.32271711722488,5.75553401365949,0.0629053676465423,0.00539445638150726,185.135135135135,49.7255178377345,48.5674937818962,159.611881126551,19.5531129712763,FAIL
5.44947217026533,7.74520554294376,3.08578895783485,5.09952612672163,0.153933773928418,0.0867499593460104,193.783783783784,49.8406020774325,56.6761419124418,139.81162608916,19.2264643459351,FAIL
4.974746292635,7.08785411860445,3.15112117384672,5.17240772420135,0.109377274682755,0.0489082610726715,191.351351351351,49.8326520547754,53.4934935748942,141.917719020106,19.2550579782358,PASS
4.24490427301412,6.68548121051974,3.75285954680218,6.01725571814168,0.0358499781148169,-0.0183347205406699,179.72972972973,49.3542716100322,45.2234947349614,164.302470605877,19.7453428303899,FAIL
5.7290699333424,8.11323943715588,3.26606790761823,6.2264644751869,0.137524489064711,0.0708149832762699,180.810810810811,49.0996647511048,48.381534114832,169.041933583277,19.9397716515328,PASS
5.18859280766673,7.58052347845381,4.8359670675679,4.61188051602993,0.24133015500136,0.172963629813484,200.27027027027,49.9650206322835,61.55705723035,127.877585453302,18.9532971283267,FAIL
5.40935338943927,7.39595697724731,3.73161976832784,6.49642660302472,0.120994279502552,0.0599337070387029,175.135135135135,48.6699076392547,44.525944711915,174.653953431258,20.1675506132664,PASS
5.90999152652278,7.42664337300251,4.34056285740844,4.5037809008605,0.320177316657172,0.245676324531121,198.648648648649,49.4853854733835,62.4852776175805,122.046959138249,19.0103241227193,FAIL
4.98590879738044,7.46252368379749,3.61174592868059,6.21967517666202,0.0885831202670444,0.028678904359173,179.72972972973,49.1890198925064,46.4028701313922,169.649539327669,19.8980971582766,FAIL
4.13242264593163,7.46883709768739,3.01261841394909,5.8240105969534,-0.00308692339860861,-0.0589714059055676,186.756756756757,50.0057811478463,49.0440524132555,161.694061418893,19.4731493937388,FAIL
5.07765891259064,7.29118336560652,4.56825169068976,4.82113364993246,0.199942707351448,0.134870632044753,196.486486486486,49.9205105224863,57.9416157026961,133.431466473669,19.0789161069968,FAIL
4.3091445544923,8.02468358581922,4.95576165602681,5.07027566824318,0.095581915268679,0.0329441680341097,198.648648648649,50.5078195450243,57.748279435931,144.293567070991,19.0451983549563,FAIL
5.31461009713108,8.01347525059467,4.64006843132717,5.11027744022549,0.216595853253723,0.147128027328283,194.864864864865,49.9359713483777,57.5343644135352,142.193028465421,19.2306901928089,FAIL
4.14841552157337,7.63519002446621,3.2723221661011,6.11831488192618,-0.00121823053682657,-0.0577036734838102,183.513513513514,49.7916497249901,47.4220904013012,169.594989348508,19.6551951779339,FAIL
5.95576933531687,8.20085236885993,3.36551482387168,6.34405680844793,0.157365825306754,0.0890351297622398,179.459459459459,48.9058656366434,47.8698947136987,171.429528376282,20.0480552858938,PASS
4.27311800705177,6.48670850432066,4.34557767936304,4.75539523425277,0.0981426533063225,0.0419135128254405,196.216216216216,50.0592520233908,55.2616181532881,131.896387794203,18.9787770235729,FAIL
4.43853591931479,7.71770791513328,3.64517491715335,5.50495726464788,0.0571537330089633,-0.00265929406413412,191.081081081081,50.1470517428738,52.5416350459525,153.977312065985,19.3240835499904,FAIL
5.06884823359824,7.31818761666599,4.03736048368504,5.64433307254987,0.134670223872568,0.0726834554679332,185.945945945946,49.5438444110509,50.2192548744475,155.116878508575,19.5719650295664,PASS
4.76847928012834,8.11215636620456,3.71125346129717,6.21718221347712,0.0676945457416941,0.00612810419946663,182.972972972973,49.557481743953,48.2665068285442,172.224792113975,19.7885872619694,FAIL
4.84012110141424,6.86080078552877,4.44663644228488,4.68712377543551,0.173598230100627,0.112040020336494,197.297297297297,49.9208233358835,57.6862511284051,129.42177743684,18.9956798807935,FAIL
4.30645946073635,8.21013127740811,4.14746566032386,5.86470886333625,0.0417234865676399,-0.0192243522837207,188.918918918919,50.1057664919524,51.0885744546547,165.29465635363,19.4922762234801,FAIL
4.15649191158599,7.10414415923145,3.70664808948691,4.7301277114903,0.0600446711773868,0.00290658129492982,200,50.4100810257316,57.9687744777018,132.352174154996,18.8666320542817,FAIL
4.98487521108434,7.26657047072017,3.46459464555541,4.89878599248912,0.138334625572326,0.0757618312130923,195.945945945946,49.9808933645447,56.9339610039481,135.045653686684,19.083692857791,FAIL
4.51426209209914,6.58793974123149,3.53918195519896,4.89289897416361,0.0938897763981139,0.037178577287128,194.054054054054,49.9597264154271,54.2570403891837,134.759819108983,19.070727205676,FAIL
4.83499542367754,6.43595648740066,3.38391021939088,5.03084859509321,0.116188961978559,0.0587988183101104,190.540540540541,49.6664462212279,52.3634898222728,137.119072844337,19.2220071807764,PASS
5.1932241295616,6.63297998309157,3.3074899377536,5.34188885369041,0.132467198293267,0.072977633971283,186.216216216216,49.4160253880347,50.3640646975234,144.664591523878,19.4533647046759,PASS
4.08820460416867,7.35542498280747,4.90226083820823,6.28311123058724,0.0282585154440254,-0.0287788392613048,180,49.4375225155661,45.5435805800265,174.25413801973,19.8457831878635,FAIL
5.82233491741743,6.83012383386044,4.2505321848852,4.5299076005627,0.294439193544886,0.22463183895014,196.216216216216,49.3499782087444,59.6565360776833,122.000275128796,19.0606781768898,FAIL
5.56786950119795,6.41693976632238,4.52227392569207,5.16242685905784,0.225916262203366,0.163024448289491,186.486486486486,49.1428539180045,51.2755438212476,138.981158623425,19.4658146986353,FAIL
4.2090958071725,8.21760216665369,4.54443143701357,4.74860665953121,0.0846842958892992,0.0221241020154922,204.324324324324,50.7080591408284,62.0202623266696,135.322464011908,18.8159718197099,FAIL
5.91936680092837,7.07979592030844,4.21659678108654,5.65118995299033,0.224334511846123,0.157791753818078,182.432432432432,48.984010235056,49.5614213747964,152.026458394815,19.7523490688389,FAIL
5.97198514471144,8.37312604297045,3.91877782413716,5.25244354181699,0.252970256610626,0.177296584972675,192.702702702703,49.6373844393961,57.4366294184022,144.045869434986,19.3769412793156,FAIL
4.06358982587064,7.83823462481446,3.50375953282957,5.31352583458472,0.0139636693061326,-0.0443536116089557,195.405405405405,50.5028174068107,54.5796912630999,149.863140303231,19.1285326758484,FAIL
5.6514919167368,7.53385932054085,4.15230363051946,5.10833851199576,0.232541573116946,0.163220373206079,192.162162162162,49.6086321778203,55.930783693418,139.781907243963,19.3159385196309,FAIL
4.57905445436699,6.94281370381148,4.4189159833395,4.98077433340345,0.124420882223598,0.0648599140048951,194.324324324324,50.0159747024691,54.7924545574259,138.389198667941,19.1236992446011,PASS
5.11996768933991,7.05205781598873,3.55633928914343,5.03077499186725,0.150789696081699,0.0884774960758711,192.702702702703,49.7781968812452,54.7953496756229,137.883134448662,19.2093868189481,PASS
5.00493800494502,7.53580274559637,3.25221924108377,4.59773670320515,0.144690737763853,0.0802393944968517,201.081081081081,50.0970093097642,61.4464378008532,126.819328804306,18.8809685082971,FAIL
5.6263435811189,6.80289171455025,4.43781172116399,5.86998480300332,0.190742353909279,0.128256720381463,179.189189189189,48.8172197891458,46.9340872199886,157.625386463542,19.8897498839477,FAIL
4.32780519876634,8.09352162148054,3.95198751858617,5.91806985633097,0.0380008981623439,-0.0222709770073772,187.567567567568,50.0188846201126,50.3217729448079,166.121543610369,19.5346972512123,FAIL
4.59418424864293,6.85379340650449,4.80505179950681,5.74012618306521,0.102482495507767,0.0443933909681596,183.243243243243,49.4640253357977,47.8637069885519,158.040031382588,19.6334538492116,PASS
4.46451244027817,7.59999994920818,3.26863187898195,4.60737966830717,0.0801939119292779,0.0197571628960674,202.972972972973,50.4282216835521,61.4343944737232,128.624106213563,18.7927246998308,FAIL
4.41197463904738,6.85908860056228,4.28137384821994,4.9393698145179,0.102643051598924,0.0444862759968034,194.864864864865,50.0903885650331,54.8479319460787,137.414447896731,19.0752115029996,PASS
5.33812177056623,7.72225258751082,3.60675380056927,5.63367422350379,0.144932167868496,0.0799137989772503,187.297297297297,49.5947245852288,51.6600308511054,154.714955856985,19.5533400323314,PASS
5.30705465634183,7.73140265675197,4.00686883377686,4.56286343904996,0.226019328207032,0.156673955216841,201.351351351351,49.947353521996,62.7705345121039,125.769692737738,18.9147444294085,FAIL
5.52669062415187,7.97368234416079,4.64785517774499,5.26569212838287,0.231555906807174,0.16113274877349,192.162162162162,49.742103226199,55.8896935940762,145.711542490497,19.363668007299,FAIL
4.70721423962778,7.06103652546615,4.40490034598977,5.26778889282318,0.124879038941347,0.0646925851371781,190.540540540541,49.858521302907,52.5023848133124,146.00031925477,19.3116108831122,PASS
4.06227076297579,7.31328441822991,3.55883043395281,5.17255734082378,0.0263833628203821,-0.0303540562266609,194.864864864865,50.3873520473655,54.1077269589687,145.026589679588,19.0936482444821,FAIL
4.10436793558757,7.47997111505241,3.76187325966251,6.4968793641616,0.00194471714460631,-0.0538528272128395,178.108108108108,49.3298030179183,44.5152820871929,178.579390544261,19.9342599954968,FAIL
5.05923960747723,8.17287869901653,4.63114613518168,5.14938010057238,0.182296288934239,0.11432468940042,195.945945945946,50.1120224992254,57.6136674471959,144.363220867978,19.1980918242167,FAIL
4.53232622254454,6.95562356549709,4.5088844408535,6.45785032926506,0.0653966565365649,0.00912745687658756,175.135135135135,48.8604450886545,43.3476338193705,175.307976248934,20.0836593533716,FAIL
5.28492012414561,8.10448434832773,4.71047891520813,5.61771666687577,0.183969543146227,0.116114307507143,188.918918918919,49.7175677805126,53.0411550873591,156.254062440055,19.52955715918,FAIL
4.50617898665262,7.15326200453593,4.09008617147649,4.58963699301295,0.12420219762394,0.0639630522065699,201.081081081081,50.2389833673427,59.9178242718547,127.900438492912,18.8467637358947,FAIL
4.66938434594757,8.00516067121577,3.98712936360639,5.01760049208591,0.116063607888444,0.0522192085529373,198.378378378378,50.3447513211757,58.2954593070625,140.985493167679,19.0530161850697,FAIL
4.56935788809503,8.0338466803325,4.18268591101047,5.28773200702944,0.0975916229348311,0.0346220229713732,194.864864864865,50.2903657465034,55.6299920696875,148.962561638456,19.2001889667023,FAIL
4.22181900191553,8.39297436959768,3.01060054420173,5.00304513672913,0.0143015029380505,-0.0462838383876807,201.621621621622,50.7342748186872,59.6432020643346,141.388426901655,18.9124164307445,FAIL
5.34070714647404,7.64237978767863,3.84396954851042,5.7605483932691,0.149479201610486,0.0849408694499146,185.135135135135,49.4597747910001,50.3841751406872,157.942331530871,19.6498628104611,PASS
4.0786888088419,7.29191660685581,3.65638739300301,6.09499912019843,0.00776887471518628,-0.0478324825165353,182.162162162162,49.6705573955883,46.5557574308965,168.495466977207,19.6845081980744,FAIL
5.71120529697236,8.24669405673664,3.59188770464906,6.30517797718089,0.149292211207829,0.0819353446738955,180.540540540541,49.0628405207267,48.2245181566581,171.636298471625,19.9858574286654,PASS
4.19052820852388,7.18997663703705,4.35600535781846,4.8068401793476,0.0805715559303393,0.0221163262462247,198.918918918919,50.3883037699843,57.4789899612676,135.086097965038,18.9270232739064,FAIL
4.1305244689515,6.61274706533558,3.19292103646405,5.29177820464342,0.0279652849410423,-0.0258329708256345,189.459459459459,49.9915923003623,50.4855394077414,146.039284317227,19.2409951726522,FAIL
5.97034087222388,7.53790729995225,3.56454759356619,5.83724605498581,0.191658154913294,0.12395259692866,182.432432432432,49.0509432150501,49.57688886035,157.33572914175,19.8059610996039,FAIL
5.23871344821783,8.23092584326976,3.41480470334575,4.60197851526141,0.182296206020796,0.112269839259302,202.972972972973,50.1256858260796,64.1500073544665,127.312938723502,18.87583097258,FAIL
5.40611779204021,6.71944611667439,4.34211415077446,4.63662950023801,0.240534703724374,0.175361924380062,195.675675675676,49.5459517116248,57.8229361136092,126.036165735862,19.069695885701,FAIL
4.05949517456537,8.08323406001696,4.50785077626701,4.69556977380349,0.0646320317130133,0.00353834533266384,204.864864864865,50.7632474687473,62.1292124879977,133.892720392269,18.7696128068773,FAIL
4.41696980485858,6.57389714281644,4.73147565269056,4.54917685259422,0.136394819421351,0.0782737516701436,199.189189189189,50.0495382142517,57.9957023048658,126.259453287795,18.8758507418779,FAIL
4.5031301372303,7.63124637409243,3.93677174493503,5.97671269514415,0.0585249766384263,-0.000736342882861174,184.594594594595,49.7021271278269,48.527323631224,165.892769162696,19.6505240927241,FAIL
4.39043632660746,7.49651616771486,3.91823791390466,6.44274676835636,0.0345572598395258,-0.0226586499057464,178.378378378378,49.252330494895,44.9584168669652,176.89901503939,19.9515589362974,FAIL
4.64840397750927,6.80521670049156,4.13455029248244,5.46625731583848,0.102969373444528,0.0449665745875801,186.756756756757,49.6550962358084,49.8481237764756,150.412842396115,19.4494798577498,PASS
4.58483506682012,7.21030239473092,4.00551676984033,6.07935555075573,0.0685907022834552,0.0107576305370018,181.081081081081,49.3808198065037,46.5308364891958,166.932625065508,19.7840637368434,FAIL
4.18653646870604,6.8029695208244,3.04954771392626,5.862728892417,0.0124903181330789,-0.0411916830651485,182.702702702703,49.637855956955,46.6342226266316,160.652437693649,19.5876689602457,FAIL
5.47070171558533,6.69893974600037,3.6198056179443,5.16364108949686,0.181813390764933,0.119152824041673,188.108108108108,49.3764443441113,52.2754615695491,139.571546421815,19.3898277417745,FAIL
4.37319405746348,7.77523775245765,4.12926289635924,5.58841389686621,0.0616860243550079,0.00149041376051984,190.27027027027,50.1235553010117,52.0166170403752,156.900092896636,19.3740239381892,FAIL
5.8671007792078,6.4628346105953,4.32461067337486,6.05034589750567,0.19786903877692,0.136672100585413,174.864864864865,48.3619569019694,44.6141197331863,159.778386389832,20.0980626992699,FAIL
5.29589270715982,8.36945621329391,4.91005379395667,6.00149349784406,0.171470689099278,0.103527359647416,185.405405405405,49.5084885554536,50.7405122047411,166.965655210565,19.7516465822359,FAIL
4.19359161614831,7.33813749970475,3.20829776262065,5.24430879774373,0.0263447705847067,-0.0305059671656152,193.783783783784,50.3094465076169,53.5304715119308,146.431438281631,19.1454235521466,FAIL
4.13955130837681,8.22348324436385,4.19982053511491,6.46260628085533,0.00745378371823757,-0.0517311562737057,181.891891891892,49.641110950088,46.816631686089,180.553357124869,19.8441310993634,FAIL
5.82552018897093,7.40073544534108,3.09469061927539,5.88815032678304,0.150659525349811,0.0856048468079189,181.621621621622,49.0669206848357,48.7052191498661,158.410765965945,19.8109853247659,PASS
4.14806642527012,7.46472070209617,4.26261432349493,6.19335277245667,0.0243583127555802,-0.0327445850569849,181.621621621622,49.5816294506709,46.4467840355246,171.809124110852,19.7615745508729,FAIL
5.24736927797383,6.55144761859499,3.59949979943327,6.26645880331089,0.113299462037337,0.0563833378411629,174.054054054054,48.5578329479933,43.3708188229872,166.668810081258,20.0990033168027,PASS
5.46691338721405,7.58125380288354,4.25578464939092,6.01956773267116,0.164962089080153,0.10034167684083,181.351351351351,49.1393872136918,48.2765813261438,164.147460295405,19.8579661256752,FAIL
4.49471984382671,6.8419916603534,3.56299606581976,6.05499288293567,0.0514766181911576,-0.00396366789824931,179.72972972973,49.2939953589187,45.5090020159821,165.007210987063,19.7838828262157,FAIL
4.83622421346804,6.61672486278389,3.82858354818469,6.32445682968921,0.0835858626460355,0.0280247169146883,174.324324324324,48.714010050612,43.1539677245072,169.602987047108,20.0685977260762,FAIL
5.12779338553174,7.98906203081927,3.61649915866825,4.6916185761022,0.174570215914255,0.106713894415838,201.081081081081,50.1389396397479,62.0831810631846,130.080933303135,18.9308318597522,FAIL
4.15847960431669,7.51847177260008,3.71826369678812,6.11063810648007,0.0142102680054326,-0.0425719825891124,182.972972972973,49.7143344339244,47.1509825677617,169.465743854211,19.683268792885,FAIL
4.0930218040914,7.65576992576694,3.67794372296897,4.51258057256982,0.053463822835999,-0.00533217360644367,205.945945945946,50.6402279602184,62.7710967482356,127.142467477448,18.6832606615802,FAIL
5.84125369553442,6.78221026340423,4.1918117788426,6.10686806376832,0.190078350651048,0.127665826887755,175.675675675676,48.5030470067039,45.2601576182602,162.314924376004,20.0802965888252,FAIL
4.45403154463847,8.12469218761909,4.7888183173451,5.0186288759898,0.113755451500937,0.0499182857652611,199.189189189189,50.4800910665805,58.6767004947387,142.499401472441,19.0268453934386,FAIL
5.60582088478831,7.08856494286356,3.28597792853261,6.06466080591259,0.135818161726426,0.0741602974205405,178.378378378378,48.875673008767,46.4237746148218,162.606033262047,19.9346117445468,PASS
5.76203703710181,8.06061625026057,3.76726237878494,4.8942377966674,0.244526642750742,0.17088043511641,196.756756756757,49.7694599179161,60.126095675832,134.150809511205,19.1513797843797,FAIL
5.02440094844041,6.95561699802532,3.20624082268301,4.87949951268587,0.131243143699831,0.0701386279298415,194.594594594595,49.8574187678184,55.9458785105729,133.624293754681,19.0995558310948,FAIL
4.25909416139788,6.88121964954407,4.12640492258103,5.95654770758041,0.0453352042322991,-0.0102506054215095,181.621621621622,49.4851792635602,46.2885639146194,163.797799088087,19.6944300316563,FAIL
5.51316270280835,6.69371727167165,3.2421687323653,4.83271991750462,0.184928292054292,0.121254569845332,192.702702702703,49.4889114550331,55.52894376408,130.416841732614,19.1790409716896,FAIL
4.87686589245504,6.99381664765426,4.08514385662768,6.34887260127025,0.0911690025689869,0.0335526474693423,175.945945945946,48.8582049019639,44.1718064925647,171.703333320131,20.0466347839481,FAIL
4.50515156574596,7.59919191907471,3.48259067484923,5.17827168765992,0.0712604885210112,0.0111505452922069,194.864864864865,50.2608292164614,55.1643159399356,144.678432154235,19.1421581928581,FAIL
5.32874003861156,6.51362127763773,4.97835488940413,6.30797582029981,0.155981618613651,0.097545281677383,172.972972972973,48.3571456228184,43.0698430505069,167.948096558917,20.2011590737068,PASS
5.58811335439016,6.56958377024654,4.85644387463156,5.61236425169621,0.212055689005073,0.149607867840764,181.351351351351,48.9017246944721,48.0761701860829,150.921623985445,19.7553963088304,FAIL
4.58437054535951,6.42512235042784,3.83658521918058,6.49892491838165,0.0589914671031333,0.00561823076485912,171.621621621622,48.5312940637756,41.4958011294644,173.338872235413,20.1781858785331,FAIL
5.34708188425153,7.49969168764569,4.54390963381217,5.13938132846378,0.211538353677254,0.144504754927713,192.432432432432,49.7423209931587,55.4405070436727,141.785779376821,19.2976682463284,FAIL
5.37860422223451,7.12967629132392,3.14652299006318,6.33577480030362,0.101166471406958,0.0417392325075889,175.945945945946,48.7706468682988,44.710488689589,169.754184153514,20.0641451053697,PASS
4.20551704844367,7.89689340052764,4.56858393241929,5.20627359341164,0.0663545138340048,0.00545113623523708,196.486486486486,50.4704603799117,55.8876420926924,147.741836130291,19.1117935898829,FAIL
4.04231426201842,6.43284463885072,3.67798620073772,5.94091320948336,0.0200023523202573,-0.0325379457551584,179.72972972973,49.3901410477338,44.8708327326562,161.962246380978,19.6926329327006,FAIL
5.80279636699458,7.34731126644122,3.11148353723937,5.31553621366893,0.177429317910023,0.110246623114566,188.378378378378,49.4224930115584,53.2698084591166,143.75390914515,19.4536083408914,FAIL
4.67151167182867,7.00820622175544,3.59297000447202,6.44283626537643,0.0562706700316445,0.000300456042088393,175.405405405405,48.9050419096315,43.57913290637,174.138596105123,20.0528756203447,FAIL
5.15058638540146,6.87474926975301,4.82332899993348,4.57552285504949,0.232983003496939,0.16829745267852,197.837837837838,49.7484615783392,59.1387287250523,125.666948118149,18.9863174290945,FAIL
5.11406845819862,7.74893632025275,4.86505147635658,6.47696552177734,0.127270027372203,0.0647912033476862,177.567567567568,48.9208787715275,45.63570148529,177.268584610888,20.09938244167,PASS
4.34477627266175,6.40596138246975,3.24641358662241,4.8285691960956,0.0687151251083979,0.0140151291296268,194.594594594595,50.0036977183726,54.132621166899,132.833207061779,19.012660358901,FAIL
5.14334276792961,7.53483619332406,4.51533177180715,4.72098586207072,0.214640363718206,0.147632170236563,198.918918918919,49.9800142006432,60.0384132750922,130.832958459838,19.0073761984581,FAIL
5.47075822685291,7.46627666739633,3.92814164418801,5.68885273291252,0.169088138435278,0.104146671410546,185.135135135135,49.3696187711009,50.4254998385984,155.307048741577,19.6479797307608,FAIL
5.96642467781772,7.13035569960349,3.55091255369201,5.1559114195056,0.228026877483372,0.159281898680998,188.918918918919,49.2931986418016,54.0539609099095,138.813614336046,19.4190026065129,FAIL
5.77563558024854,7.95153397258212,3.46335053050919,5.80123589024762,0.171800987389534,0.103395973067733,185.135135135135,49.3393278330086,51.1020374847867,158.027433136143,19.7032894750192,FAIL
4.0637199013631,8.35023008510167,3.22958463305736,4.78477786235034,0.012335521939551,-0.0476509061838846,204.864864864865,50.8426029743461,61.972771729813,135.624142816781,18.771506692006,FAIL
5.43827484068369,7.05580277905879,4.35584901656008,4.70347048450659,0.242551388592433,0.175572618614771,196.216216216216,49.6532777179622,58.432360261578,128.480059130077,19.0840016474601,FAIL
5.11973736219187,6.64554291281685,3.50180900829832,5.6403504019066,0.121547832101507,0.0630455767299897,182.702702702703,49.2408852011024,47.9724270212072,152.530560854421,19.6398089580179,PASS
4.01776615498077,7.33692690120166,3.58808849867837,5.01868102500879,0.0263774407474057,-0.0304084543784565,197.297297297297,50.4890026703047,55.7073567314634,141.012736359127,18.9916314444136,FAIL
5.03895762984886,7.40213160002368,3.12911509222148,5.4696616023143,0.100552767687192,0.0391547153961629,188.648648648649,49.7670605335834,51.9120018349421,150.267234973707,19.416539981935,FAIL
5.63859418842289,7.71932917172964,3.38830306698873,6.41774035214656,0.12870320973618,0.0650280450466211,177.297297297297,48.8086242953791,45.9676118189321,172.898083690029,20.0983673898808,PASS
5.90786835623297,8.21379162948703,3.76213874314341,5.7835810738927,0.202321395071967,0.131054683488145,185.945945945946,49.3514319783268,52.0908386597714,157.961577956747,19.699030276512,FAIL
5.64062982785804,7.23392274920441,4.43563983017246,6.16460503487093,0.179333638445337,0.11571791300309,177.567567567568,48.7609053843633,46.2496415311112,166.092159521366,20.0320577098848,FAIL
5.33879299286653,7.51399474018227,4.91963083769093,6.28939573723872,0.158932501399553,0.0956364343060082,178.108108108108,48.8900050212744,46.2146682475048,171.354175677091,20.0437423202399,PASS
4.25185437436102,7.30643076010815,3.60673425643554,4.75392212599135,0.0652928032012601,0.00701983116658766,200.27027027027,50.4298233623298,58.5087192667226,133.098292951518,18.8760974559394,FAIL
4.64086469523939,7.13879543650173,4.71409820916487,4.86186887142295,0.146491608385702,0.085137068698766,196.756756756757,50.0971394542557,56.8074256849841,135.600996487415,19.0486383914304,FAIL
4.19858119315239,6.43526787229565,4.59571908299112,5.01307041931153,0.0846101581202007,0.0289936520687814,192.162162162162,49.9660387806887,52.4349267642378,139.040859494573,19.1405532466857,FAIL
4.71966107125481,8.0170592451945,4.13249462112286,6.06415225527579,0.0819646091844015,0.0200641945316334,184.594594594595,49.6589889359506,49.0926495865159,168.721405118135,19.7074402628158,FAIL
4.97561067409903,7.28313168217116,3.67589240531933,4.60956366369331,0.163970036821655,0.100279159205163,200,50.0236746224229,60.3065660577242,127.138165696299,18.9148475977445,FAIL
5.38468501556034,6.43544328603913,3.84283687251124,6.26275166536767,0.132974881658308,0.0756844944018097,173.243243243243,48.4082668562267,43.0636518838751,165.804140653402,20.1486429609999,PASS
4.00296096439271,7.40140555301749,4.50959412302515,5.85101478917967,0.0229500498425551,-0.0342390137699593,185.945945945946,49.9348096028325,48.6667720774223,163.796753803365,19.5292447203668,FAIL
4.36220359529699,8.39204580984885,4.78292254493615,5.89197644555302,0.0621806241146082,-0.000445246454140902,189.189189189189,50.0919349774835,51.4478253622858,166.939781028143,19.5191264203724,FAIL
4.20401418653939,8.14335352027631,4.81670899440119,6.31216318653,0.0319247251789414,-0.0282734597616719,183.243243243243,49.6995481614262,47.6289926126085,177.207049478595,19.7864605360776,FAIL
5.13427437557634,7.21647643970989,3.20127599716475,5.58775452383014,0.10937471107972,0.0484396960694101,186.216216216216,49.5600335039262,50.3184614207219,152.621330907954,19.5288342866731,PASS
4.88037157514421,7.66109049699047,3.42898769769515,5.77961917280627,0.0858157775298634,0.0246825844719726,186.216216216216,49.7143631840275,50.174256463239,159.55421215572,19.5677962873353,FAIL
5.93684089459437,7.79442641603162,4.76832996056318,6.35367159864023,0.21174480182052,0.143919239321551,177.297297297297,48.6602949060247,46.7143633893667,171.648846786689,20.1483000456563,FAIL
5.89051932268393,7.43576469248723,3.35635608853721,6.14394767599896,0.159188853256582,0.0942466923074745,178.378378378378,48.8128142378953,47.0039821398482,164.680468549568,19.9945142673687,PASS
4.09781810249064,6.65831319738382,4.86384997145302,5.06181418017786,0.074171005903799,0.0179007005292029,192.972972972973,50.0939281730666,52.8154916790289,141.372212844518,19.135640559925,FAIL
5.88819158374941,7.76867591339224,4.34829461983566,5.25339820023686,0.259310867026918,0.187152049007412,190.540540540541,49.4908572039739,55.3864807519279,143.560330076174,19.4273405731927,FAIL
5.73620021628868,7.51708136363159,3.60674676376141,6.19847842500509,0.155927130994122,0.0914515530399033,178.648648648649,48.8605741695516,46.8563112909903,166.915706806475,20.0045738122759,PASS
5.5691141314665,8.34125586673156,4.95649707672496,5.70653535936348,0.221258392499876,0.150247361803359,188.108108108108,49.5744802979935,53.0902855160568,158.38897544681,19.6162450373356,FAIL
4.02985520538804,6.91386637773312,3.62010103283069,4.95457769006049,0.0363322006946218,-0.0191219544123383,196.216216216216,50.3358004520568,54.7840228449895,138.37083482178,18.9964442418172,FAIL
5.44512949279442,7.69827656185557,4.85916820229443,5.58799185602421,0.206382541648809,0.139016342500738,187.297297297297,49.5022705188227,52.0396120048743,154.085773787562,19.5820562476508,FAIL
4.88369445906808,7.68045942563164,3.44035755139013,4.59900487708776,0.140683123276709,0.0763276139056368,202.162162162162,50.2026063233819,61.9748759368481,127.534041764332,18.8557602363346,FAIL
4.4209088321238,8.12837995904278,3.22168412497346,6.42994395825608,0.010489745714821,-0.0482077757384695,181.351351351351,49.5676288744239,46.7814135231466,177.834372949837,19.8440006825556,FAIL
4.80732537209487,6.76473839288393,4.12567562823988,5.32472683191362,0.125734390508598,0.066745352174846,188.108108108108,49.6470086712694,50.9423628632672,146.210681038726,19.389830074211,PASS
5.57681634668925,6.55406649433503,3.05448208479468,6.18370387326254,0.119787745702774,0.0617127748731415,174.594594594595,48.5298336719235,43.9307269501023,163.512970359687,20.0722232266331,PASS
4.24135894126324,8.30529606522945,4.22434035797039,5.02702725010771,0.0660392161289179,0.00370024657294632,200.540540540541,50.6576387255373,59.1364174504616,143.08607012178,18.9692236119273,FAIL
5.39296062758439,7.45283811960564,4.25795831582362,5.74128893710228,0.171077158761701,0.106503176735306,184.324324324324,49.3481077547347,49.9611447569816,157.092108824714,19.6804060671818,FAIL
5.44023245648271,6.4903632832768,4.61166730725739,5.28889386673482,0.208374025383831,0.146297916718506,185.405405405405,49.175198902761,50.4052347741071,142.886514762304,19.5201951798205,FAIL
4.33002705160734,8.19458474301196,4.78468040980092,6.1901391251386,0.0492771403800026,-0.0118659069720084,184.594594594595,49.7739323207299,48.6418580434403,174.030632676962,19.7226993847221,FAIL
5.19402684091601,7.23548405320901,4.11407741590408,5.58777934506281,0.152914735349806,0.0902711490095868,185.945945945946,49.4810585810964,50.4357238091775,153.118702617664,19.568592746712,PASS
5.43696226472662,7.14558098918454,3.48038367412905,5.83761142368146,0.139660201486357,0.0776268196230406,181.891891891892,49.1661238611784,48.208772093501,157.934768475989,19.758643893557,PASS
4.07335807627347,7.17116894365266,4.56612023233048,5.18696087019459,0.0557645464884916,-0.00184549144909107,193.783783783784,50.2766744981409,53.5054071439817,145.890773085872,19.1471222304783,FAIL
5.13203578961148,7.0365233073155,4.98616354172956,4.55464763110939,0.238873197066379,0.173289127296145,198.918918918919,49.8180782626522,60.0617541864908,125.540386406362,18.9591837205977,FAIL
4.54507730126985,7.40467428441834,3.73934683270177,4.94387577989697,0.0972439391959073,0.0368291149895809,197.027027027027,50.2511563479579,56.8727111754844,137.964704274583,19.0330846262126,FAIL
4.77276536706819,8.00853260540878,4.56925221230859,5.81082689443481,0.110551357554169,0.0471941786241995,187.567567567568,49.8185070937327,51.0266562531331,162.529442507291,19.5699322523687,PASS
4.71485129572234,7.07803257877912,3.1053996333858,6.22572363996848,0.0488006070798833,-0.00747574953910668,178.378378378378,49.1754776730475,45.1304349725289,168.950730811986,19.8828360888009,FAIL
4.14770137308483,7.76920995968767,4.1471735730071,5.36190474642049,0.0430495867409435,-0.0163366870251321,194.054054054054,50.3843754639686,53.9454249118636,151.450427617669,19.1974144702506,FAIL
4.97238244197644,7.75705380280764,3.40642332144332,5.23655533207224,0.116072654396401,0.0524846158950735,193.513513513514,50.037963866315,55.2528110496721,145.227305121502,19.2386910454933,FAIL
5.51978665091453,6.61000273439319,4.2782641049698,6.01111763366174,0.168522590303791,0.108328274324085,176.756756756757,48.6530636560261,45.2899466135912,160.536264232379,19.9887025904906,FAIL
5.29240871233616,7.73683418948833,4.18457315691241,5.98063560983839,0.147242408878477,0.0829214305504716,182.972972972973,49.3298559103812,48.9944325803837,164.149196696016,19.7832224325231,PASS
4.92816087615802,6.68715807881995,3.63743390380414,6.19569755366869,0.0894477963426162,0.0330812667907238,176.216216216216,48.8571146439061,44.1839361986295,166.570287834534,19.9774388102491,FAIL
5.31563567509443,7.17791577471228,4.83402618116761,5.55520564022041,0.190161985718328,0.126103116719758,185.675675675676,49.3856441184663,50.5640493430995,152.239328876014,19.5955649593361,FAIL
4.31781029420279,7.78602894935436,4.56681212448901,6.19290016322272,0.0461749010563784,-0.0131560707034505,182.702702702703,49.6266103254793,47.4394375020373,172.701134971633,19.7616580044895,FAIL
4.91458492533916,6.57791979288286,3.27124827623938,5.64263577411357,0.09435911249025,0.0375720288810295,182.702702702703,49.3269640642896,47.6675983859739,152.842982009067,19.6062339049903,FAIL
5.24707598760613,7.79430836929082,3.83146227666145,4.77746787702579,0.194482785428732,0.126438091846829,198.918918918919,50.0079991140631,60.3624720035747,132.063740137548,19.0205983674563,FAIL
4.62019146149426,7.82471095935795,3.42490224708448,5.96760956106357,0.0524249563311697,-0.0074579246911336,185.405405405405,49.7576168344574,49.1813755751646,165.432158371166,19.6248350625868,FAIL
4.77868413966067,6.44220529049023,4.30166012251146,5.76871605078385,0.110414035337112,0.0539036595411077,180.540540540541,49.1505754754356,46.2806174547947,156.435394273669,19.7239652133086,PASS
5.43685782798818,8.00323425978384,4.36173458305924,5.05397442067792,0.224331703712725,0.153982036299759,195.405405405405,49.8893502999242,58.1091929061293,140.009531813385,19.2115502390541,FAIL
5.30891673479612,7.92956065900273,3.58395034006264,6.13698207598889,0.118945896292697,0.0549905036881089,182.162162162162,49.2988482420458,48.411498330009,167.999842025029,19.8440268727267,PASS
4.1554448022311,8.2177605824361,4.99534820881235,5.33759711416202,0.0622671766499112,0.000177188800257411,196.216216216216,50.5216419008798,55.6857185513541,152.513036216204,19.164519080808,FAIL
4.53182050472768,6.91992989095473,3.68022880415656,6.07716124179194,0.0569319401530205,0.000915004852050094,179.72972972973,49.2830836996055,45.618152272754,165.790026397022,19.7991880006499,FAIL
5.27303153508638,7.89446870851514,4.80637621414535,6.49994149838751,0.141088136487585,0.0772773121446938,177.567567567568,48.884600722179,45.9249880203934,177.734842375895,20.1217739369124,PASS
5.95442085622286,7.35196556037446,3.95546951600505,4.63721822273487,0.291068943402564,0.217807746628073,196.486486486486,49.462631385007,60.5133704883599,125.33940275168,19.0935403715439,FAIL
4.60946520446266,8.24619189838307,4.37234502409644,5.07276423478046,0.118972996891432,0.0542150851540841,198.648648648649,50.4190026391856,58.5425967996839,143.453096427756,19.0656694326597,FAIL
4.86780999949766,7.13481666042961,4.00052226488408,4.81522313045557,0.153320404994683,0.0912065918353631,196.756756756757,50.0005698567967,57.3302790190278,133.175073998319,19.0410239876515,FAIL
4.89515148000154,8.22948396152868,3.17754060009281,5.24424587998176,0.093224655816168,0.0286354231560007,195.675675675676,50.2325156237834,56.7443756006484,146.325746821689,19.1827693640382,FAIL
4.10501554012465,8.04472930314937,4.61010176859687,6.18609912108529,0.0209156789241296,-0.0385284272935261,184.594594594595,49.8400570426169,48.1899368966165,173.860187147267,19.6927878892294,FAIL
5.32406254518796,8.32207703267692,4.19567836939867,6.25677517934438,0.139055273927679,0.0729002301510303,182.162162162162,49.2924015700123,48.7175795631752,172.491873542905,19.9027436289741,PASS
4.1048647605877,6.44638149874274,3.41045007399339,5.65545473943783,0.0255714456731264,-0.0273124687323797,183.513513513514,49.6355668478132,46.9545864220003,154.865726835384,19.500568467987,FAIL
5.54251902841851,8.14418235803073,3.16171697990361,6.20008265422642,0.116692997472263,0.0511498399841249,181.621621621622,49.2333769098669,48.6116246441084,169.014331522832,19.8838241930957,PASS
5.86085179151118,7.47524977695707,3.10530953856683,6.27360308164813,0.138083691396057,0.0740534340267273,177.297297297297,48.7546996176995,46.2283667010344,167.827915267273,20.0584625115754,PASS
4.31969771286052,7.99150366747409,3.61459443220546,5.80496768683669,0.0310212966176951,-0.0285730116883777,188.648648648649,50.0938859801411,50.88247705259,162.668895580371,19.4616552450917,FAIL
5.74857669914939,6.69076479688668,4.7387035112457,6.22456811148096,0.192487236258626,0.130994048077082,174.054054054054,48.35138123655,44.2114384415355,165.301834157911,20.1782801833147,FAIL
5.49504978212413,7.73501130029458,4.86337769692183,5.28607183102137,0.232060952342449,0.162925338083584,191.081081081081,49.6657298226134,54.8833624751916,146.022391701366,19.3980808040594,FAIL
4.88814271634618,6.83478049563137,4.59377334457591,6.24006592160379,0.108950707705243,0.0511239221631103,176.486486486486,48.8487507887443,44.3940663209866,168.894947396114,20.0159317283959,PASS
5.45246201316596,6.65811972864564,3.18914866613449,4.68733704350733,0.184417746497,0.120930452726275,194.594594594595,49.5333135297254,56.9545418819121,126.527135771913,19.0822536611732,FAIL
4.39030319334678,7.28493865437544,3.63707487437366,5.78844123942548,0.0466887056400058,-0.0106921633349653,185.405405405405,49.7869780732665,48.8171545601223,160.25202882339,19.539545454676,FAIL
5.48255601097257,7.0655933253688,4.63432800792251,5.00591144118047,0.236333152537657,0.169833484597902,191.891891891892,49.5524054010656,55.2251775196834,136.847031580808,19.2825338609029,FAIL
5.22735265739613,8.11308823998199,3.3581277835995,5.50905679305897,0.126836197732498,0.0607843053911279,190.810810810811,49.8764855716459,53.9536528853349,152.440848129991,19.4125318257118,PASS
5.42302783300931,6.86164001492622,4.61577213759497,5.65779596186931,0.18784703903219,0.125286362944578,182.432432432432,49.117555628048,48.6856611461128,153.390725627236,19.7124657212669,FAIL
5.95692014553359,8.17665917937888,4.52769628880288,6.26652186727503,0.213250580841422,0.143195545234818,180,48.8940072399255,48.3838913248172,170.442343244695,20.0424581416798,FAIL
4.65234413961952,7.84625611487949,3.92638073422886,5.97993310272421,0.0723597311315445,0.0115423035819723,185.135135135135,49.7096739737358,49.1838586886407,166.158818171794,19.653845655704,FAIL
5.12249906838418,7.22314994244396,3.12085062661569,5.5007664160588,0.107697937931123,0.0466678973739996,187.297297297297,49.6285351678297,51.0585034573158,150.391722125714,19.4683037414236,PASS
5.03135398021275,7.43510745429446,4.0125718381518,5.3446572186323,0.144047605527154,0.0809103876368802,190.27027027027,49.807476148809,53.1720276500948,147.726085779267,19.3638220123752,PASS
5.30994940805802,7.84175774728168,4.33205096287074,5.48725796628125,0.17994437624847,0.113090126203374,189.459459459459,49.7110577922239,53.3303893737665,151.823248265123,19.4678959685974,FAIL
4.19223848075418,8.01999580141814,3.7908734845432,5.24420371002815,0.0394169734511126,-0.0207404863495907,196.756756756757,50.5219165748346,55.8987908101191,148.333712849141,19.1012578329264,FAIL
4.62966760630451,7.21980674075946,4.03074802013367,5.06547640494462,0.113196417998884,0.0528300991849362,194.324324324324,50.0806767118587,54.9729396972807,140.910415074416,19.146311406235,PASS
4.9497604613113,6.45720514602151,3.27756484087873,4.7376851807254,0.136372180595752,0.0776093197184996,194.324324324324,49.7200891002104,55.4499636459524,128.943758445016,19.0529627455956,FAIL
5.02200899329866,8.2778228312972,3.71335574250821,6.38440576513589,0.0864503721056461,0.0233283834485439,181.351351351351,49.338587997546,47.638442293345,175.995341000428,19.9210448709118,FAIL
4.60924898760824,6.84982308964338,3.21762478926153,5.70868371314319,0.0602865251039921,0.00406212833551722,184.054054054054,49.5681191533696,48.0244187303866,156.125267633369,19.5609082742535,FAIL
5.11106422223435,7.609477231984,4.58535238654596,4.54184895799881,0.227126267010279,0.159368360372032,201.621621621622,50.0189166448346,62.5243285793751,125.959223941202,18.8921245615806,FAIL
5.97746130155288,6.57375330111997,4.80095004426713,4.97619457498881,0.293462815627714,0.225539716018878,188.648648648649,49.068202891969,53.7532214477878,133.428623411599,19.4027135715411,FAIL
5.618527942522,7.63018563106141,3.55842103513546,5.80181596888555,0.161475604756828,0.0956633449215766,184.054054054054,49.2971537012883,50.0674801808807,157.845237701881,19.7140764990801,FAIL
5.77376555326678,7.16173410140112,4.73716980665418,6.32580397652285,0.192519925221476,0.128840338887433,175.135135135135,48.4852769483927,45.0148095105415,169.358908804842,20.183490500215,FAIL
5.82221498162922,8.16098523530424,3.43193414058423,4.52841322538642,0.258733213454268,0.182370170886078,201.621621621622,49.7398252657532,65.0165096622936,123.36539038869,18.9351602282703,FAIL
4.1840257319672,7.83872932818361,3.61676303702062,4.92614752798852,0.0452567309317654,-0.014331834666041,200.27027027027,50.5999974868698,58.5547475673248,139.032514857929,18.9219355760146,FAIL
4.23428267982447,7.12660722013924,3.66562698036474,5.71757203652574,0.0351929027134184,-0.0210611667807779,185.945945945946,49.8493609149569,48.8165606242494,158.420923682388,19.4870902472066,FAIL
4.0218234097384,6.57706754826198,4.10995413955442,6.43629173342882,0.0142153387380387,-0.0384956866907228,174.324324324324,48.9359788007367,42.2297669872949,174.162922836539,20.0239007384661,FAIL
5.52888898326858,7.09710864472517,4.83599096051399,6.394067440349,0.169033181228235,0.107179359583996,174.594594594595,48.5017657295647,44.3521146568965,171.569892395178,20.2010437072389,FAIL
4.66463133536733,6.90522080516753,3.89738215410021,5.98038238238406,0.0786995318858043,0.0216723049777492,180.540540540541,49.2909105156884,46.2704455641045,163.229532201781,19.7678698792551,FAIL
4.1942953617583,7.9638163662306,3.54135802390554,4.75722917521648,0.0486828283997269,-0.0114485595437106,203.243243243243,50.6668559039613,60.9409429562579,134.329090299914,18.8138390289934,FAIL
5.89829469995379,8.03737696280179,3.25301189575528,5.96224125756364,0.163131223628161,0.0944210709558687,183.243243243243,49.200450268005,50.1227329055667,161.732684237995,19.8082638517059,FAIL
4.47822238780413,6.62326293249029,3.46158269577171,6.13487875007188,0.0472788013678376,-0.00689684280295744,177.567567567568,49.1105565180887,44.2787557530543,166.054533264132,19.8610846533688,FAIL
4.39397522970907,8.15656499907687,4.520697728558,6.25064768034674,0.0492231540982474,-0.0116351159088675,183.513513513514,49.6861585711624,48.1151747761437,174.981189535736,19.7687427014659,FAIL
4.05391705663579,6.87469090971804,3.82023987902944,5.32309412160896,0.0342202166759403,-0.0211012315029424,190.540540540541,50.1053003496488,51.1712650120414,148.177221375244,19.2397575341732,FAIL
4.47515203076956,8.15191599825073,3.17817102614308,5.83167586789872,0.0288583373710787,-0.0313779992416163,188.918918918919,50.0766602836559,51.1701932716995,162.924315247467,19.4730216871494,FAIL
4.49514798546396,6.62457275429256,4.20576255344972,6.43827220453418,0.0589947356235463,0.00451635713318743,173.513513513514,48.7366957668905,42.4528076935772,173.362026233288,20.1032283313579,FAIL
5.49161895591243,6.62426725827703,3.35130626286305,5.14699853689276,0.171435388211332,0.109327815068426,188.108108108108,49.3506472204418,52.140921859764,138.73605390314,19.3820552995041,FAIL
4.17374177998853,7.93025054764976,4.03055064487158,4.83453480687812,0.0613701123480415,0.000821961526713211,201.891891891892,50.6446082495589,59.9293432195142,136.981019813008,18.8700775285143,FAIL
5.1613468781039,6.82731304518426,3.31123786361736,5.69849224200749,0.114346240738847,0.0552059845990818,182.702702702703,49.2819231848322,48.1455375093754,154.29714469636,19.6541542205814,PASS
4.5830273599378,7.36956636211097,3.40151870726549,4.69806556115062,0.0987108816084264,0.0382457482062889,200.27027027027,50.2820924612551,59.4770305931884,130.658856574352,18.8871723057767,FAIL
4.61280020285633,6.80540419533136,4.69394402281769,5.89620662554455,0.0963859823730413,0.0388973735910262,181.081081081081,49.2961647632513,46.5619116700823,161.55020814887,19.7435499908023,FAIL
4.6943765365861,7.72122115883194,3.76876110740647,5.58929671878628,0.086568993484526,0.0252969101249095,189.459459459459,49.9544107495069,51.8929094780212,155.617678786131,19.4230109507859,FAIL
4.28053050795788,7.72629361145219,3.94017640810972,5.3769669293063,0.0530499022496059,-0.0065781872010382,193.243243243243,50.298504370841,53.6870757049513,151.257987704156,19.2271624038491,FAIL
5.55868109125009,6.61852623614222,4.38950244691469,4.62120123667909,0.260345214849242,0.194359206812842,194.864864864865,49.4186659632098,57.6191350061096,124.978193189614,19.0965146142839,FAIL
5.16346033931924,7.14834680789028,3.71820720374982,5.93486841736571,0.120452900277336,0.0599935944904115,181.351351351351,49.2082869514618,47.4590570980476,161.336624246817,19.7845856769436,PASS
5.39580210909413,7.98991965873672,4.16987771235482,5.41007540384096,0.188266375051572,0.119986361960378,190.810810810811,49.7639040433123,54.5273952723045,149.688692525652,19.4162744741213,FAIL
4.37775322746446,6.73126215103828,4.75485893229935,5.35590529604067,0.0931993464235994,0.0358960716372929,188.378378378378,49.8063967571254,50.4809604247896,148.513833327645,19.3596127407807,FAIL
4.82413649927891,7.40076884267098,4.10962580979364,5.35237607688143,0.124184765985545,0.0624180703341882,190.810810810811,49.8959558051984,52.9403050380702,148.533005410162,19.3402220026893,PASS
5.58735020966033,7.23641436503675,3.43858557665528,5.80202380924898,0.152570194187061,0.0890745552988569,182.432432432432,49.1587942322494,48.79933362214,156.811268460002,19.7485649817047,PASS
5.86163147769001,6.80030257605817,4.58789006665706,5.28176680378581,0.253809416566677,0.18713636678902,185.945945945946,49.1066367135465,51.700672524369,142.258792605112,19.5476595895562,FAIL
5.00368257666508,8.22668867749259,3.81098413375056,5.77935164806195,0.111943131108405,0.0471609653111803,188.378378378378,49.8330855183295,51.9655403713398,160.863338142091,19.5450257623746,PASS
4.80126105170485,6.75928620456145,4.73273888246835,6.27840353328547,0.102456060357808,0.0452926491450416,175.675675675676,48.8001734483284,43.9087862739805,169.819018334028,20.0434581992112,PASS
5.01818263394943,6.85668036639756,4.85491663880406,4.90146473052409,0.194550876562195,0.131886083598373,193.513513513514,49.7525924282494,55.3953442531637,135.062924260819,19.1671068745893,FAIL
5.34324382399628,7.34064248632708,4.68502486173975,4.55091220163857,0.258913533539694,0.190297929032144,199.72972972973,49.800098685378,61.3965964002784,125.171916765472,18.9593571282415,FAIL
4.90277192004674,7.23780172174849,3.09385507203167,6.35193357118665,0.0592369697245931,0.00179992827130304,177.297297297297,49.0397491689508,44.8358601645715,171.898875608158,19.9769139852354,FAIL
5.92645961089511,6.87321317755669,3.74466010796106,5.81901042940996,0.194659619370507,0.130520733678603,179.459459459459,48.7874194062784,47.5690446457221,155.230925512396,19.8728195845153,FAIL
4.61167517042419,8.26286854882283,3.37583450871269,5.92480796129266,0.0473509106900271,-0.0141636421389902,187.837837837838,49.9588052153997,50.8081062511952,165.401618198252,19.5504114900588,FAIL
4.20761405008685,7.02463775632764,4.57972520052121,4.78894168513466,0.0906983815119978,0.0324756546461162,198.378378378378,50.3165405490616,57.0458255893081,134.364605730679,18.9397864241777,FAIL
4.62922768243412,7.93272451392632,3.59921441657034,5.77494418305559,0.0652644506523923,0.00421205767564536,188.108108108108,49.9380764617374,51.0096468339254,160.954559864331,19.5006917279047,FAIL
5.45357645146931,7.82105053499653,4.32997310745581,5.18896567271822,0.214449512587804,0.145442773989633,192.702702702703,49.7774792885284,56.0936345197306,143.309345509208,19.3106031285353,FAIL
5.49478443986104,7.95716236610089,4.35427093827829,4.87014578253365,0.244325810659318,0.172906415764179,197.297297297297,49.8851423202273,59.9783936158552,134.587617172848,19.1155825250061,FAIL
4.61010056039266,7.02796180684925,4.99651530544901,6.07158165653356,0.0947719573924735,0.0364578391442288,180,49.2307404635525,46.0623658360652,166.776494363247,19.8398754889744,FAIL
5.40092615760598,8.06836490480863,3.73129591948761,6.15937647004044,0.132860755627594,0.0675895980857624,182.162162162162,49.2751099416395,48.6807522127442,168.751311178032,19.8643657140729,PASS
5.53335155574857,7.69449884339511,3.06180184864271,6.4990775601737,0.101421140049745,0.0392655640738609,176.486486486486,48.79641749887,45.3458984900766,174.841702531212,20.1220071080212,FAIL
5.55364370176195,7.05491648921264,3.08556923432432,5.42395300253019,0.14843009521776,0.085127090301829,186.486486486486,49.3820194501764,51.2285296595391,146.666158656036,19.5090406924721,PASS
5.14571440032419,7.45442760440824,3.51057979057678,6.11934187927923,0.102889273799796,0.0420161000202759,180.540540540541,49.2085420804772,47.0888994238162,166.657511973965,19.8565771504677,PASS
5.50988846169934,7.81667163832974,4.64205842800636,5.16611273734156,0.234971262113491,0.165053679493147,192.972972972973,49.744392297715,56.3311556058667,142.729494429562,19.314140460269,FAIL
4.97712954982408,8.36201589006936,4.88997410940571,4.80503888128089,0.20464720763512,0.135155081813848,201.351351351351,50.2888193392673,62.0846001239148,135.353614502895,18.9724219341266,FAIL
5.98929400427274,7.65401297777095,3.16416560117462,5.39160158582282,0.194152646416888,0.124062058807773,188.378378378378,49.388339551817,53.6718608026739,145.83748791848,19.5034692351342,FAIL
4.61212033542378,7.29738811318793,3.54472595821161,4.9776416161958,0.0963534483610818,0.036285282943911,195.945945945946,50.1711902406747,56.1286221979697,138.360147179686,19.0686848807613,FAIL
5.91359223832852,8.08048423439913,4.76423346346176,6.35342556359586,0.211653001259566,0.142534927760662,178.648648648649,48.7867243329117,47.5205791205732,172.609400200324,20.1100952811896,FAIL
5.90657173352069,6.52504260518929,4.81556030703483,6.23714065304903,0.206802567674341,0.145340244628739,172.702702702703,48.1631340227073,43.6415789628342,164.421665811205,20.2423443360967,FAIL
4.02210201913323,6.88190567530241,4.85995849449927,5.42035104951715,0.0499860077295883,-0.00636575358070268,189.189189189189,50.0153447848716,50.3918281091433,151.575471234475,19.325846032691,FAIL
4.89549516067211,6.54306664351034,4.00582117477823,5.26155073568642,0.134618751248404,0.0761316110475539,187.567567567568,49.5351606616781,50.6983380430276,143.618163190987,19.3867853132468,PASS
4.69830586884054,6.41314333814532,4.53947517561033,6.44149474755888,0.0854310713867504,0.0308127425672159,171.891891891892,48.477853904447,41.8372752383939,172.126732537977,20.1883732567684,FAIL
4.73112186389928,7.26966921413273,4.7417892820392,4.68123334849896,0.170040206593108,0.107089061519238,199.459459459459,50.1301308222431,59.3726407831361,130.565522648985,18.9430906024558,FAIL
5.91747990339437,7.4477315657626,3.65544734235539,5.48201349132389,0.210875324077349,0.142233159680328,186.486486486486,49.2769205900905,52.1792485502747,148.310570826492,19.5850191089713,FAIL
5.41830346848124,6.7818788747176,4.12496293073665,5.73536242565345,0.167580997466722,0.106267448283246,181.351351351351,49.0403594591955,47.8017432036568,154.760701499254,19.7574707478059,FAIL
4.3041648161131,8.30515764685757,3.41988819524617,6.25274348562145,0.00786314322119563,-0.0516127077005057,184.594594594595,49.8428080183858,48.45144476551,174.501002729667,19.7005786157675,FAIL
4.46485420405656,7.31735774063906,4.80944662395214,5.67292925113134,0.08879881187414,0.029257029120037,186.756756756757,49.8000145024789,49.885821504158,158.18057335569,19.5113301546472,FAIL
4.07963376844884,6.95478168499992,3.50274563795434,4.92971754875089,0.0385881833548022,-0.0171094860984143,196.486486486486,50.3437415928293,55.2019951327215,137.588720926066,18.9820142383768,FAIL
5.35226437926431,7.50663190044441,3.40557482572318,6.47222088259927,0.104077556273964,0.0431639634327036,176.216216216216,48.8012506303702,44.9647082399633,174.430550787023,20.1130194811024,PASS
4.05690146262758,7.7011672201453,3.1944538928675,5.2655172214681,0.0051400745999215,-0.0522249692774623,195.405405405405,50.4990141922886,54.5539477223554,148.017085748261,19.1007342326292,FAIL
4.64866278450459,6.5791702388811,3.54141687866979,6.29566577897095,0.0606097240265,0.00623060514847151,174.864864864865,48.8353484092654,43.164833599361,169.155681671265,20.0098816857214,FAIL
5.3540645720854,7.39639856133895,3.9215056071144,5.60155119053888,0.161460026164319,0.0973205357663325,185.945945945946,49.4656202618938,50.8833567325253,153.26312997298,19.5803294247674,FAIL
4.66135301153547,6.77304451403058,3.23030325583996,5.67179002102075,0.0674093182045667,0.0111550516815837,184.054054054054,49.5313049412946,48.0589949936773,154.848829153717,19.5559042298073,FAIL
4.72867702714594,6.5506562712985,3.66120410148066,5.68824895982116,0.0899547790625232,0.0337671292706452,182.432432432432,49.3396493652391,47.2084300194329,154.620142186211,19.6238253422752,FAIL
5.00368290436841,7.96259927674994,4.64679168418116,6.29443283667614,0.117806596790649,0.0546481715210893,180.810810810811,49.2592058626297,47.3974556779643,173.808443059918,19.926938475264,PASS
5.13916141406736,6.47999377133851,4.91497306319675,6.2987787393551,0.137662422921574,0.0802537872706574,173.243243243243,48.445645231021,42.9833907373608,168.161056114933,20.1656225933802,PASS
4.30468433524301,7.7323481984222,3.1153428964007,6.23613827729674,0.00479060244978691,-0.0522153086960773,182.162162162162,49.6585914186222,46.9216196467496,172.244548291905,19.7395948104025,FAIL
5.13659404254511,7.02192834782227,3.20674656322365,4.60638677923732,0.157348134944361,0.094272257739458,198.378378378378,49.858207195009,59.3091042684031,125.85585671597,18.9486953170112,FAIL
5.94014036410785,6.58836389213176,4.31180746674099,5.24163474056533,0.251728212398942,0.185814411480047,185.405405405405,48.995220880564,51.2841511274501,140.235433803437,19.5521466816579,FAIL
5.11695890079798,8.09878470194196,4.59208652701919,5.94650415940297,0.143914270451589,0.0784805816861395,185.405405405405,49.565626155402,50.3157222761742,165.179660039211,19.7053066121976,PASS
5.14249783608533,7.170253341098,4.754379286449,5.99309862930082,0.147639551317452,0.0861693485677115,180.540540540541,49.1195971983179,47.1497456546738,163.609696146344,19.8517698748948,PASS
4.13523297703055,6.4824894656552,4.70330779632189,5.67395898397519,0.0559272547621892,0.00123863749598374,183.243243243243,49.5496613844013,47.0017576487224,156.246509051869,19.5582924670113,FAIL
5.32201785023823,7.57595679126354,3.51524229878144,5.86097574446563,0.129122772349497,0.0658134515135285,183.783783783784,49.3851747721584,49.3757153024501,160.110010220511,19.7061295551551,PASS
5.79049470884296,7.16225799448388,3.62867848555442,4.81549240635457,0.238447354893949,0.169242516617016,194.054054054054,49.4980419337115,57.6481124969086,130.26867337956,19.1811129374398,FAIL
5.34183615160576,7.46343675416515,4.62187217225583,5.52986987599343,0.189429610283421,0.123956101693229,187.297297297297,49.5150034804836,51.7310328906288,152.136191690731,19.5463396382496,FAIL
4.37716810099023,7.95703135986015,4.80990302424358,5.62740672892281,0.0770113170707101,0.0153523481398893,190.540540540541,50.1348254954712,52.2911920274192,158.966189451488,19.3996904255398,FAIL
5.19953162628523,7.63982209021498,4.30107454425715,4.76393127473683,0.210672264267978,0.143099209376421,198.378378378378,49.9799321830744,59.9436404773995,131.913569059839,19.0285691937445,FAIL
4.50309161475298,7.78173924881394,3.76252173006546,5.61846716936529,0.0639249461617661,0.00356949420642327,189.72972972973,50.0537081014129,51.7982161641722,157.034362033863,19.4026389397094,FAIL
4.39473902903566,7.96957086169151,4.24098405385964,4.95929228079021,0.0924501713611897,0.0301884851487603,199.72972972973,50.4981395605575,58.7398283270659,140.235724529683,18.9820010284983,FAIL
4.17830110480931,8.36373243688977,4.29425318553517,5.95121177080222,0.0263712977741978,-0.0345250207609937,188.648648648649,50.1454633901913,50.8428657140345,168.340503448243,19.513846971401,FAIL
5.22956042366317,8.35262765216263,3.50142210822244,5.06215605298013,0.157944412754125,0.0890139979068503,197.297297297297,50.1275659738392,59.1450342366557,140.753144131307,19.1318376049129,FAIL
5.10040015218326,8.3115018334662,3.50366595466709,5.57639679833529,0.11747828034907,0.0514985570324475,191.081081081081,49.958598011224,53.9594077147213,155.138715093653,19.4193350721508,PASS
5.16568064049586,7.36735260923829,3.96290570111098,5.0831281622062,0.170991312769067,0.106480622942688,193.243243243243,49.8379749067233,55.4603193658246,140.118628679751,19.23036687578,FAIL
4.36319734649298,6.86550105658456,3.9766952877532,5.8290222947601,0.0561890465775149,0.000192871086475255,182.972972972973,49.5485495187821,47.163437772516,160.292150693295,19.6246660735379,FAIL
4.08407040634816,8.3010376727637,3.89141332752577,5.36079197033914,0.022339193060565,-0.0381715992036085,196.486486486486,50.6023713338692,55.6772287277511,152.38607625641,19.1316716787302,FAIL
5.49515111604886,6.89013230280471,4.48567793240346,5.06924631326131,0.226604315757893,0.161348518457987,190.27027027027,49.4522531613857,53.9322323041342,138.002553667526,19.3387408565374,FAIL
4.12276972300428,7.62552991037914,3.75710365723835,6.13751209487389,0.00960131568957212,-0.0474307918983984,183.243243243243,49.7470727618203,47.2777560782272,170.549114439202,19.6834208586382,FAIL
4.10143774049371,8.16546021286822,3.16216723692326,6.1725585491864,-0.0179781868092073,-0.0758140432318167,185.405405405405,49.9783170354964,48.5659787888541,172.303716755534,19.6194231848943,FAIL
5.39340246514231,7.60667870831003,4.02743331624766,4.99560437377736,0.205872608107424,0.138030913830698,194.594594594595,49.8193190350148,57.2884325117028,137.552703130278,19.1949530671592,FAIL
5.40844530802064,7.493448057141,4.76317339640804,4.76911158924514,0.25395760595724,0.184759337475967,197.027027027027,49.8022207778423,59.3958093907011,131.492956853978,19.0887307055541,FAIL
5.73764476805321,8.36177294621739,3.73996227210024,4.88888596135251,0.242862731585065,0.16788875975305,197.837837837838,49.8583435240031,61.2572617879227,134.487676812716,19.1209196753208,FAIL
4.96773223312695,7.27613062679181,3.31918260738539,6.34699796238487,0.0733362823007448,0.0150857278649924,177.297297297297,49.0137220717903,45.0043901912214,171.874628724267,19.9902473242289,FAIL
4.83979120898253,7.71852491467669,3.83907763369479,6.37097734176393,0.0761613078762374,0.0160421016833956,179.459459459459,49.2102133114462,46.1315615517132,174.670807210007,19.9501560071503,FAIL
5.42479341757412,8.30512673680309,4.83073864983332,4.86535483921351,0.259324000218735,0.186245323558557,198.918918918919,50.0066133830245,61.286311204195,135.581110381739,19.0845495331142,FAIL
5.33704937378105,6.59305149387586,4.96836261093192,5.98737996197927,0.17102937070623,0.111090829401396,177.297297297297,48.7144075180231,45.3865658694113,160.893089537788,19.9670539986932,FAIL
4.42671610404824,7.63478024644203,3.67119677625328,5.7652148549903,0.0489720100798894,-0.0100052243271163,187.297297297297,49.9326533600481,50.1177601143652,160.558926762479,19.4935049633266,FAIL
5.03151379128305,7.97383642080014,4.00522019675354,4.82907246558047,0.173358919125386,0.106294120385808,199.459459459459,50.1722711144823,60.3770617109757,134.584018234084,19.0053663239603,FAIL
5.01492442332678,8.04562702949957,3.85763813649364,4.81537021845777,0.165310447665625,0.0982387894322968,200,50.2070249701856,60.789042775238,134.233435880894,18.9855093178378,FAIL
5.34978282553277,6.95326154421336,3.74957206207562,5.29359046875421,0.169145987981453,0.106320638615728,188.108108108108,49.4815288669515,52.0017761831996,144.05994638564,19.4276666654805,FAIL
4.26423233859523,8.33245142600092,4.9223179646495,4.52802051974273,0.115954077366489,0.0519013726504498,207.567567567568,50.6987391254582,65.2896730908679,129.162794768052,18.6984300554612,FAIL
5.01873020970506,6.79017631538178,4.70604041152508,6.20576630475717,0.125333359283082,0.0669179361718579,176.216216216216,48.7853582252149,44.5037316194003,167.602220380619,20.0251054842842,PASS
5.1485933528752,7.03391263592938,3.77350779142916,6.02961574252021,0.117685921468516,0.0580501673891269,179.459459459459,49.0729614220249,46.4273787188962,163.338366793088,19.8610774410903,PASS
5.36086825421442,6.65060700839307,4.23967337973987,5.87533191609018,0.159153077293536,0.0991688598224416,178.918918918919,48.8806907673456,46.3320573502659,157.952389600977,19.8627269053715,PASS
5.52056218078493,6.85426852438758,3.44858833112894,4.53003200210416,0.217889446839238,0.151754437806176,197.567567567568,49.5607693527357,59.646943219064,122.467578031353,18.9884704694669,FAIL
5.17066002990511,7.86554733992318,4.7291102336753,4.65768916872854,0.233600274652296,0.164319306950236,200.810810810811,50.0580829811644,62.0858467806127,129.632868354365,18.9526283885256,FAIL
4.86520775847346,8.0095785640112,4.0191317034186,5.30998599850632,0.126595789996434,0.0620148359565343,193.783783783784,50.1165758719643,55.4004342626717,148.53642845029,19.2608566182358,FAIL
4.93138981971846,7.13714345888157,4.12406832554547,5.60470527924447,0.125355308791533,0.0647511443619558,185.945945945946,49.5619801872601,49.9126929730891,154.079888801181,19.5467839623773,PASS
4.36524879251773,7.74581776923183,4.28478805960918,6.13260071099307,0.0472165630888147,-0.0119584452933077,183.243243243243,49.6574899403791,47.7391379970795,170.73223544861,19.7261995649829,FAIL
4.52993769690891,7.99833497966694,3.62287813860981,5.93056732593594,0.0500230026295909,-0.0104285726439297,186.756756756757,49.8874927054336,49.971489778605,165.366404395173,19.5753556112336,FAIL
5.826516623278,7.80712242797865,3.17378079581263,5.51567583344659,0.173672959483418,0.10472573188354,187.837837837838,49.4625910937796,53.033970994019,149.94827712024,19.5383077355503,FAIL
5.55236372383171,7.40650084971965,3.1170675945859,5.83599149383739,0.131340007894422,0.067845479468072,182.972972972973,49.246609480564,49.0616189473165,158.030758137287,19.7320472893318,PASS
4.81935665846675,6.4020964430109,4.34855979448875,5.42276498344227,0.129993631730286,0.0725635881107176,184.864864864865,49.3775411141761,48.8095276879557,147.704354529812,19.5074605895051,PASS
5.91532208381193,7.17316160166531,3.52035206952734,4.9161579208973,0.237661065750566,0.167929482819111,192.432432432432,49.4164107921873,56.6243867219354,132.597448055472,19.2584013005466,FAIL
5.26930199813267,7.10868045321908,3.27074050846321,4.93345398176319,0.156651993196175,0.0930828902565269,193.783783783784,49.7647495380455,56.0284911914138,134.741604128112,19.1603394750158,FAIL
5.21218616885962,7.28760334484254,3.96085415909554,6.27399237405051,0.119880468817066,0.0593019369612361,177.567567567568,48.9213223602774,45.5846306790749,169.918581667934,20.0083972611782,PASS
4.025198541231,7.55698253403618,3.13287874301839,5.08489428296721,0.00587811907874813,-0.0509029053903461,197.297297297297,50.5546571489101,55.8101036773165,142.84008691952,18.9982356626911,FAIL
4.97401953861861,6.75244178257463,3.99210752250276,5.74369088797491,0.120581702819129,0.0620202072169189,182.162162162162,49.253001528777,47.5440417495386,156.1485869036,19.6872765095054,PASS
5.46395157970261,8.37571153304192,3.80408261472741,6.26912267788181,0.137362014732114,0.0706263852330137,181.891891891892,49.2510985229367,48.7933896934251,172.113890609578,19.9152599248228,PASS
4.38072540928106,7.73359275590813,3.97877871335144,5.43976689171842,0.0637734708457501,0.00362604900942898,192.162162162162,50.2087118207241,53.1693761639539,152.733207271848,19.2829992195472,FAIL
4.76971765154997,6.69488521830777,4.63444625360717,4.72061819118645,0.1685241007709,0.108059734502702,196.216216216216,49.8798743732679,56.6242074570849,130.302426874217,19.025280241357,FAIL
5.63107086943885,8.04080427718538,3.53641814088945,4.69360900905169,0.229914952109558,0.15702873557726,199.72972972973,49.8557234084686,62.3858372518246,128.649061442541,19.0089669899485,FAIL
5.11396397307369,8.06308227084144,4.35394160851733,5.01036095067856,0.187308655223423,0.119273559244152,197.027027027027,50.1029738155222,58.7040871199203,139.889764740518,19.1269529109902,FAIL
4.54691216085968,6.95360612593549,4.45258749285204,5.9999822639881,0.0799573278407896,0.0226298325547856,180.810810810811,49.3219343230326,46.2876798283438,164.58845693715,19.7739232703853,FAIL
4.70370991632596,8.3074604240099,4.90322954649435,5.69985823376463,0.115818880427469,0.0510073234918731,190.27027027027,50.0297154081435,52.8445661656875,160.873555972808,19.4685082218541,PASS
5.43320371580376,8.1935911995664,3.22846343957363,5.36968234034095,0.147090751099377,0.0787583088165141,192.162162162162,49.8690921548574,55.540590200242,148.110454918019,19.3515631644976,FAIL
5.68869627791811,7.65940299249465,4.64049621577487,4.64636158052737,0.296971253369723,0.223842388269318,198.378378378378,49.6951157449653,61.566673175392,127.35185192365,19.0455989260216,FAIL
5.95952867827504,7.83948904999725,4.93302248763804,5.19593001204757,0.297110539995386,0.222957268954352,191.351351351351,49.4799945182191,56.2309977787812,142.333784523003,19.4116557583356,FAIL
5.19585836401939,7.36644771448939,4.66147629613925,4.64279336301618,0.231678402705519,0.164596893030725,198.918918918919,49.897767618845,60.3310723886118,128.259305479948,18.9869349827257,FAIL
4.92854495666196,6.81686001355469,4.39756062760268,5.96387795125893,0.118644112756496,0.0601580940332664,179.72972972973,49.0939677130471,46.1746742159978,162.096318178135,19.831381655979,PASS
4.16092756503775,7.19758649585774,4.84503791432015,5.37293269604548,0.0654872515796745,0.00728862898735749,191.081081081081,50.1239908827692,51.9316096056496,150.903839724208,19.2828689408625,FAIL
4.47463422699765,6.8576701853183,3.54274409138513,6.12012811197007,0.0471554806790708,-0.00810024961170164,178.918918918919,49.2460882139508,45.118350121869,166.633777239762,19.8208843051564,FAIL
4.8878664613392,8.22028966098025,3.89053157618616,5.32821710574533,0.122901324906271,0.0575220039237557,194.324324324324,50.1651624302157,55.9221686582638,149.260956991038,19.2538191298664,FAIL
5.18076880042843,7.28780953691334,3.14604149784618,5.39668422329969,0.118438753137937,0.056375776368689,188.918918918919,49.6892013723627,52.1937970530641,147.689229554495,19.4073822057871,PASS
5.81541847491597,7.40235974521108,3.3322551693612,4.88481257325878,0.219172815783489,0.149174870788523,194.054054054054,49.5656598390417,57.7980212525054,132.349548998884,19.1965744234965,FAIL
5.05698233043859,8.22840878666309,3.07160618716422,4.82758305147651,0.124477826871161,0.0575448314946992,200.540540540541,50.2531603120181,61.2863718943818,134.083303125433,18.9645982533681,FAIL
4.31170385975855,7.37681196423095,3.76203993461146,6.04200806524807,0.0342887343191873,-0.0227808469714993,182.972972972973,49.6368800566373,47.2354407072987,167.06507136472,19.6834855322472,FAIL
4.28186289833385,7.74065090563356,4.15021812569312,6.13803027340958,0.0348946020796674,-0.0237223840479998,183.513513513514,49.6994217741819,47.6633277856744,170.928530572268,19.7115813308063,FAIL
5.21458836375027,7.86152982181247,4.48753764853587,5.73851621151983,0.161243600659019,0.0956565972646821,186.756756756757,49.5932387072101,51.2476208491197,158.854630942893,19.6115423483738,FAIL
4.49613275823926,6.68965245669855,3.97122481352597,5.26955169554717,0.0904731199931819,0.0335270688173902,189.189189189189,49.8117972103117,51.0789492592377,145.322690050249,19.3063362931833,FAIL
4.09528349067719,6.46640707546755,4.26236509267034,5.11887843989965,0.0609104765322058,0.00615232826762335,191.081081081081,49.9865086211584,51.5252643665577,141.944192755784,19.1778193396741,FAIL
4.37539709718028,7.93170742157181,4.22155360584192,5.93994351888536,0.0513532886432396,-0.00887494786075083,186.486486486486,49.9013010332001,49.6926514813804,166.400402443919,19.5818833680319,FAIL
5.18813284026643,7.84559770115005,4.81758003625954,4.7541566338018,0.231572498071812,0.162466083019455,199.459459459459,50.0363888856087,60.8494538149532,132.386087321026,19.0154444250764,FAIL
5.52003220954953,6.577282009119,4.36542490199328,6.31822207999283,0.157659029677964,0.0986383788765439,172.972972972973,48.3249217675181,43.2177364289183,167.494046850718,20.2087530921886,PASS
4.30836139940851,8.27845611616402,4.88302408218688,5.37295476983968,0.0787999384190603,0.015806683910087,195.405405405405,50.441577524661,55.5800831413763,153.118498268471,19.2038177870529,FAIL
4.49180603363951,6.54291114225052,4.70748890210689,5.68947763763272,0.0929778229101325,0.0366574678940084,182.702702702703,49.3958115149086,47.1669938255442,155.93303286439,19.6210541482408,FAIL
5.15160901018405,7.10397894435088,4.72925300596566,4.63547022098275,0.227047013279605,0.161516130194121,198.108108108108,49.8328517869174,59.3599925330455,127.743397090351,18.9996576091537,FAIL
4.40211616227236,8.21656710016289,3.38522241803045,4.7622791209225,0.066238392762942,0.00402312047920583,203.513513513514,50.6200807531667,61.8591784285813,134.20009499226,18.8286748406649,FAIL
5.55009389601592,7.82731324428972,3.93810325045349,5.21444734771261,0.206216266487574,0.136987461647855,192.432432432432,49.7290189028981,55.8714799795636,143.409403234823,19.3310918302258,FAIL
4.27018024556915,6.62423917308041,3.9652623751965,6.35180245430247,0.0356548867875923,-0.0179838564538635,175.135135135135,48.9466742681882,42.913471748464,171.839283721024,19.9948171397414,FAIL
4.45230435150824,6.57893859321185,4.01414337284978,5.10193164149577,0.0943779714103399,0.0377582187319794,191.081081081081,49.8803441086091,52.1834760082248,140.775489961526,19.2066499542136,FAIL
5.54991860757215,6.41474942005594,3.50227207774313,5.8304247925872,0.151323517575093,0.0922336241650979,178.108108108108,48.7427686642387,45.8616980516583,155.043697409413,19.8697834774715,PASS
4.39211650984295,8.38723659585967,4.51236436443371,5.15693504925415,0.0894603448991362,0.0256512538430794,198.648648648649,50.5434606123139,58.0857862317862,146.779471954577,19.0711265232582,FAIL
5.08243127754792,7.35669450045439,3.43353964179524,6.08700375265091,0.0956898617997232,0.0355955879354726,180.540540540541,49.2280980526237,47.0003262004863,165.718115078173,19.8334531972427,FAIL
5.27642860211547,7.9291409621198,4.4796176218461,4.7543287403257,0.230666751717478,0.160773599475678,199.459459459459,50.0139832428485,61.171992561918,132.011641680781,19.0164613600751,FAIL
5.36805059707832,7.89456611051968,3.71616935068085,4.88123143238905,0.196189008567168,0.127143927007756,197.567567567568,49.9568539731989,59.567137578111,134.706753574003,19.0904501366691,FAIL
5.14877506995425,6.9246991967537,3.78346146256122,5.1420837963742,0.158068369479258,0.0961891400955691,190.540540540541,49.6552720773811,53.2524615464251,140.630398955588,19.3031833400392,PASS
4.54028632031484,6.40939446372002,3.62570819200244,5.822183451067,0.0683043862465983,0.0138929294717872,180.27027027027,49.2482802847352,45.7098560192353,157.851160040368,19.6991120617625,FAIL
5.01384594200564,8.15626470467026,3.15221848970827,6.4287868241005,0.0619288715971961,0.000312610583441564,180.27027027027,49.2945894418347,46.9813583252087,176.23791330037,19.9383883119765,FAIL
4.26582435463337,7.59389320793602,3.75730188717878,5.29625867797638,0.0495148356375998,-0.00941560827133125,193.783783783784,50.3116595242777,53.9733814844219,148.67953962801,19.1825050678172,FAIL
5.57650963728033,7.47665931784196,3.90679400324912,4.52845983000718,0.254831847865424,0.184158022076252,199.72972972973,49.7141704856128,62.2650495804839,123.544030478126,18.9563316320757,FAIL
4.63649352032523,6.94602762986324,3.80382976812184,4.95998186932177,0.112075784018662,0.052898142263896,194.594594594595,50.0167171858353,55.0057205578779,137.254288859839,19.103439258582,FAIL
5.3668682159557,7.12899753089025,3.3853265016595,4.74114395748037,0.184471157340722,0.119157750182524,196.216216216216,49.7483444735162,58.2352545993274,129.264867127956,19.0625919324819,FAIL
5.30346598097214,7.02414746158975,3.14055508767637,5.79991729009149,0.11406269366058,0.0537649654879194,182.162162162162,49.2320649287165,48.0518607994827,156.859146459833,19.7125394263741,PASS
5.69779643480471,6.60265946073131,3.68472011440885,4.92326058666091,0.221201417743881,0.156342257154146,190.27027027027,49.2977283721475,54.2909470862222,132.335544467863,19.289179652349,FAIL
4.18241151078885,6.90523438431014,3.41404910370716,5.73210791607306,0.0249997877132391,-0.0298211580326867,184.864864864865,49.7756006024218,47.9522482196593,158.045370023409,19.5047511231014,FAIL
5.78369747090895,7.83282374868847,4.73044103667352,6.17649753088641,0.205361634726493,0.137592018508914,180,48.9192131340483,47.9945542057595,168.02147906268,19.9996450627992,FAIL
4.03913480513086,7.06248511734025,3.11250680413555,5.8452910305623,-0.00286039698340024,-0.0570636962002138,184.594594594595,49.8488464433059,47.5768359065539,161.356811657023,19.5217172596802,FAIL
4.47616142445484,7.34986935336921,3.11016686087107,6.18096178454067,0.0262956136342291,-0.0301290796133554,180.810810810811,49.4616949482095,46.200045619013,169.391112141107,19.7783236941102,FAIL
5.19974991675482,6.9589063056383,4.93008699974034,4.67546776785286,0.235760483368264,0.170478238718817,196.756756756757,49.74270479587,58.3245401631469,128.561363083525,19.0495169052072,FAIL
4.09379813741663,7.63525001085014,4.93701023127497,4.75266513363154,0.0813884428805983,0.0211302310887687,202.162162162162,50.5993823908545,59.7891346034063,135.083083142976,18.8524534770709,FAIL
4.74280910712181,6.94733415228739,3.25824384554244,5.27197333428924,0.0884697484043094,0.030114310948288,190,49.8418728642864,52.0161846003578,144.931246329905,19.2964484102102,FAIL
4.6263865836196,8.10923723569792,4.58630906859865,5.74747985883172,0.0963163710426951,0.0332241091919995,189.189189189189,49.9785130531378,51.8140565900395,161.587486591494,19.4958544732815,FAIL
5.10423761874053,6.87286293467233,3.47445833580016,5.11157192328142,0.141597725666528,0.0805946238952955,190.810810810811,49.6852145379641,53.326874713503,139.63252582835,19.2723958461558,PASS
4.44728124987054,6.72187321455408,4.78091851712658,6.05230276429915,0.0761347774514803,0.019939893571175,178.918918918919,49.1809377851335,45.1862236192838,165.469219065589,19.8351387352021,FAIL
5.75888766169841,8.00100520739573,3.16681456803084,4.82599182032388,0.208112389493087,0.135380598755582,197.567567567568,49.7840152827437,60.6673222182513,131.706748988814,19.0989915335813,FAIL
4.05234452053367,7.04482606633389,3.40939341377901,5.55479736993134,0.0140995383044175,-0.0409570994930692,188.378378378378,50.0460006257347,49.7851841339975,154.270031630652,19.3525668745979,FAIL
4.06782412974093,6.71512906752841,4.20776133940147,5.65841346881989,0.0372321112531898,-0.0175859788947067,184.864864864865,49.7530938264453,47.8849213715762,156.472754870071,19.4896807202901,FAIL
5.08070273161397,8.31241179760971,4.26178394855175,5.70021705586882,0.141223068961657,0.0747157299045154,189.459459459459,49.8551876607612,52.9195972689202,159.161977804074,19.5146592071837,PASS
4.09590258228049,6.85132314933417,3.71652477239828,5.97188662442033,0.0195651627881389,-0.0347580658384132,181.621621621622,49.5588919543525,46.0354275068786,164.115199756967,19.665508989757,FAIL
5.0559652573819,7.81926364929092,3.99127512218317,6.08813477672016,0.112109897033214,0.049418619982493,182.702702702703,49.4017612106565,48.4015857944673,167.630828660981,19.7967552989441,PASS
4.41347610758912,8.28369765864916,4.31278371817309,4.98669562664435,0.0946205694565491,0.031025559737564,200.540540540541,50.5669192097523,59.5511087575312,141.55531642475,18.9781275067827,FAIL
4.55895179972445,6.58896149090917,4.3606976106976,6.36210900600969,0.0703829040151586,0.0154838780814566,174.324324324324,48.7543459823476,42.813041834103,171.443709466109,20.0728753136927,FAIL
5.14567813033536,8.22147168870323,4.27584512452515,6.444242294945,0.115726389875573,0.0516097573115741,180,49.1644447707924,47.1368168881371,177.408983683837,20.00722395669,PASS
5.27470606093688,8.00164030704629,4.75871875414912,6.41357614421733,0.143929270542828,0.0793839322187611,178.918918918919,49.0199372154656,46.7749615482458,176.001176254174,20.0502844310563,PASS
4.62116608170535,7.60885039994051,3.54846871492038,4.64608673950406,0.111487234763651,0.0494631435752798,201.891891891892,50.3321599973744,61.0474857448156,129.5691853304,18.8479152370615,FAIL
4.2904763764099,7.05103200286733,4.10424960033205,4.85531027483558,0.0850046967554934,0.0268831673329295,197.297297297297,50.2720474800061,56.43111518155,135.717221739232,18.9797606173301,FAIL
5.1118199896647,7.72934865407043,4.08752965503583,6.25607687363969,0.114386763440007,0.0521746191704461,180,49.1750735660048,46.9868298807681,171.350437829177,19.929009735231,PASS
4.16210010118724,6.45437371931102,4.31437295192586,4.84123420519734,0.0804690869704301,0.0250714719450033,194.864864864865,50.0754129076584,54.1999825897085,134.398702702017,19.0164106013059,FAIL
4.97283690797227,7.57452542020937,3.62802144199846,5.21639266188412,0.128022206740981,0.0648259100172806,192.972972972973,49.9731504656062,54.8262779919578,144.485563234535,19.2501813322458,PASS
5.94573383926695,6.63106100423996,4.79079171142378,6.18900901805607,0.212759382163754,0.150317392016163,173.783783783784,48.2504256471058,44.2881890776304,163.620457185936,20.1979469333303,FAIL
4.24315512954964,6.7042758960009,4.5046348618988,4.85346741155156,0.0926411166532293,0.0356325671109052,195.945945945946,50.1383317364732,55.0988116993895,135.279652999605,19.0155546255668,FAIL
5.19269025015172,7.31871636881411,4.56078658628509,6.03580999000893,0.145843700324826,0.0837630194154253,180.540540540541,49.1366832515828,47.3125536577209,164.841186744354,19.8637460881177,PASS
5.11987042726514,8.13951239301804,3.44235664992662,6.11909281542753,0.0949672500712717,0.0314073450552246,183.513513513514,49.4949993939718,49.10331180235,168.586334078518,19.772857451416,FAIL
4.28846022328728,7.54952778639546,3.7675223364577,5.80120877105374,0.0369225153619429,-0.0211449519235372,186.756756756757,49.9340787284055,49.5429552134824,161.667697911365,19.5053250888243,FAIL
5.09432853416549,7.16582259466523,3.3055032444352,4.95365547005546,0.139360404196736,0.0768432810053711,194.324324324324,49.8765440687671,55.9930078592626,135.937351038985,19.1392675339023,FAIL
4.6295360273213,6.61775223476856,3.69899389271841,5.24681432796382,0.0972994438352518,0.040282209756045,188.918918918919,49.7351906840777,51.0338929946626,143.999811016557,19.3139214020745,PASS
4.57583621947386,8.27431996341395,4.96613936109545,6.32966063353632,0.076311692451102,0.013836401137268,182.702702702703,49.5433351140576,47.9561072941298,177.190308377352,19.8512821107186,FAIL
4.53173424792212,6.53972830068262,3.6727752544182,6.26876252713496,0.0551923319555557,0.0011826032728437,175.405405405405,48.8842172989878,43.1912104243859,168.778684435076,19.9832837646524,FAIL
4.01623931145877,6.69472040009178,3.57695106659386,4.76530656117553,0.0423252046776734,-0.0123516571410358,197.837837837838,50.3124281812232,55.9067101733826,132.711216611162,18.8994555779583,FAIL
4.08202174393678,8.2042916807282,4.92997812648286,5.34858795805809,0.0503485498324625,-0.0112039730409289,196.216216216216,50.551010609905,55.5169977307313,152.900823400038,19.1584915003127,FAIL
4.30872890364559,8.37884464614344,4.39717669814733,5.86846782464529,0.0471946689978859,-0.0146814004864936,189.459459459459,50.1470392219744,51.5695324678981,166.047654421573,19.4860530090837,FAIL
4.79279992990294,8.38176981164218,4.81987183996592,4.79225041831928,0.176651037022378,0.108717780845723,202.162162162162,50.4030112543157,62.2568395530809,135.499985998863,18.931699071185,FAIL
4.86838544309972,7.21500721606192,4.87923233582791,5.28750476084181,0.155628657808352,0.0933250575109253,190.540540540541,49.8068438482311,52.922154624818,146.782281915294,19.3469265015605,PASS
5.59769638266334,6.40537817731848,4.04236251981476,5.92277643347839,0.171372215102696,0.11176074620227,176.486486486486,48.5969261895261,45.2195114855095,157.312115866253,19.9631840197259,FAIL
4.44440804206387,6.97747650501638,4.60712758472327,6.28878429429784,0.0634778535714603,0.00694766669720526,177.297297297297,49.0878182325449,44.4376221914565,171.854430772701,19.9530280508576,FAIL
5.6232286852066,7.71715004223725,4.97448766893194,5.84649022207682,0.214120236521554,0.146341785908574,183.513513513514,49.2236867924622,50.0483280453474,160.247766511019,19.7781120299295,FAIL
4.40456137692549,6.68913600745935,3.40246194956692,4.69822210695745,0.0834942906178472,0.0269071102188423,197.837837837838,50.1230209311688,56.7105109456691,129.84768434373,18.9189206695192,FAIL
5.24663060388482,7.7592191869541,3.63968179512217,4.86462760412204,0.178669070878322,0.111384611745775,197.567567567568,49.993379955569,59.223278160767,134.328976725082,19.0694531728601,FAIL
5.82643212929474,6.632818036612,4.94947494819506,4.9135308015441,0.288185876573543,0.220658022031894,190,49.195725153022,54.5870630772388,132.456972377677,19.3348547668083,FAIL
5.83275039190849,7.73815532458811,3.4490503023827,4.80225517405727,0.23653290912908,0.163907545853183,196.486486486486,49.6619722814429,59.9996010505279,130.62429365153,19.1259018524279,FAIL
5.43489458690867,6.59663494154477,4.12098564040854,5.55241297198101,0.177676313999881,0.116561675147138,182.702702702703,49.0784054155383,48.5818708634872,149.593297542172,19.6635403664105,FAIL
4.43824866136596,7.73396578926681,3.90429167143653,5.48073988406566,0.0665938828503224,0.00630602157297022,191.621621621622,50.1569582551552,52.8178344999173,153.606215667801,19.3156573261503,FAIL
4.93551255913498,7.94774375847809,3.72524008319107,5.93077739757582,0.096116396038089,0.0334715366270917,185.405405405405,49.6580664605663,49.9101013241007,164.19493774943,19.652982526044,FAIL
4.31465973875757,7.39717024612524,3.39320390872703,4.86623090255333,0.0591570446306715,0.000628475355982205,198.918918918919,50.4104380858429,57.6080527002509,136.095712803212,18.9390580425352,FAIL
5.35437303282035,8.19414270652544,4.20451692692383,5.01974974900071,0.210966621892655,0.140490558332975,196.756756756757,50.0037186446557,59.1169615145538,139.513548292616,19.158301009739,FAIL
5.16484922636945,7.35391724865613,4.7366373631199,5.85156502566679,0.156433712760656,0.093559090574859,182.972972972973,49.3156861250497,48.7657774062787,160.644360871174,19.7391210522293,PASS
5.21486480727725,8.1604640493355,4.61145734703704,5.69805938745021,0.168377710151212,0.101167169182756,188.378378378378,49.7227652090203,52.514236356681,158.636473879297,19.5598432389338,FAIL
4.37013268798665,8.26347858006186,4.31955693724982,5.88814767680917,0.0526655679144599,-0.0089763931266057,188.648648648649,50.0659053559781,51.083443790789,166.042982959604,19.5176259625286,FAIL
5.60833891599642,7.15934721205041,3.49971191471515,5.15699872523298,0.190649429743043,0.124717399426856,190,49.5068628539306,54.0639851654353,139.995431131221,19.3557011243298,FAIL
5.95644607519626,6.89051320638428,3.78545850711891,4.55295415488261,0.283257427704869,0.212505883027107,195.945945945946,49.308028877364,59.6458750154597,122.089465648014,19.0795438499823,FAIL
5.55090613061994,7.2888517403419,3.23381144311893,6.49415571994639,0.112729634721401,0.0520806936560514,174.594594594595,48.595790838213,44.2339430501884,173.438550218244,20.1822584205008,PASS
5.35798488189883,7.28422981071703,3.30546821560185,5.1226419117185,0.157303584375062,0.0928195678622967,191.891891891892,49.7139785371446,54.783786495807,139.983535923592,19.2743891977286,PASS
5.06777987280317,7.2630753459208,4.78277187529427,4.80479876162245,0.206951346010439,0.141791561284733,196.756756756757,49.9138713554313,58.0201210076183,133.091747589006,19.0747691592217,FAIL
5.01605209281088,7.85064047408898,4.45481598525793,6.11354112763293,0.121401955557278,0.0583136939954069,182.432432432432,49.384176393116,48.323088279513,168.861056294675,19.8181050004754,PASS
5.38409917234783,7.48409328267135,3.26307725455913,5.39110200729481,0.143834513884488,0.0792379507037768,189.189189189189,49.6479015275263,52.9672567072312,147.447802830762,19.4224066016745,PASS
4.98317751395363,7.79772842678216,4.05480966191729,4.95165437858349,0.161715990448391,0.0961160104358493,197.297297297297,50.1231052318037,58.3503191199202,137.933992309333,19.0849570382111,FAIL
4.95249887471246,6.48716243672314,4.62700068957205,4.89964488227736,0.179027175048992,0.118804230294971,192.162162162162,49.6295710051007,53.9334399383642,134.151145686358,19.1894643384959,FAIL
5.04629434077875,7.8567771607907,3.11649697278554,5.3420597387225,0.10343948946865,0.039674766550212,192.432432432432,49.9945200453079,54.5896160160718,147.826996772379,19.2959114759387,FAIL
4.15916589309596,7.42706764593337,4.13197173975931,5.08729487802762,0.056997729314553,-0.00155080864750901,196.216216216216,50.3973861644329,55.3974576340399,143.231302019126,19.0637478838555,FAIL
5.73716848664852,7.87232902865346,4.32679831976425,6.42404781620546,0.175158606348461,0.108995260602801,177.297297297297,48.7490671806492,46.4199786821149,173.91520927035,20.1370727812457,FAIL
5.77576437397568,8.2568376312126,4.42539828205683,4.66659142110913,0.304208580112692,0.227251821409384,200.27027027027,49.7936440401126,63.6065464839316,128.377308758781,19.0222383321633,FAIL
4.50878819749308,7.09616817900878,4.79316195889415,5.9378298032014,0.0845284878947664,0.0262675701784408,182.162162162162,49.4497555342694,47.1825330225841,163.936219811109,19.7181547097909,FAIL
4.52182405512747,6.65645193357029,4.51833929382054,6.10960452857503,0.0771602633220414,0.0213560563105328,177.837837837838,49.0674823208157,44.6030752708373,166.174391679995,19.8877283519906,FAIL
4.52800274336138,7.99997322334401,3.85906659925313,6.27630704727055,0.0468871639992916,-0.0131125806422778,182.432432432432,49.5681040307256,47.4976721566326,174.149849665064,19.8032584487535,FAIL
5.5568779858704,6.92970514044427,3.41827561753737,5.25195233427009,0.175643631639094,0.111791697435203,187.837837837838,49.3991031854604,52.3249365645269,142.076641803395,19.4274764428701,FAIL
5.59846883850536,6.88571050025476,4.55774724792048,5.0576295569859,0.241298437707018,0.175165342439199,190,49.3978730540819,54.0557872196875,137.406172342167,19.3509299343739,FAIL
5.03565492693897,6.92791467999009,4.23758544027624,5.33179409248727,0.15307474372645,0.091899916159933,188.108108108108,49.5917208081846,51.5210803338924,146.252802590611,19.4171865859602,PASS
4.63690870084211,7.00101957196972,3.92663033704324,6.14473286437082,0.0709903581426852,0.014039758739678,178.918918918919,49.1959162173933,45.450715995271,167.565258351153,19.8608739395569,FAIL
4.89861264849066,8.31548481018412,3.8968893142684,4.63838051614501,0.163571205829137,0.0958059201971899,203.783783783784,50.3416809237837,63.9225577981288,129.848489401147,18.846279861169,FAIL
4.38228506690957,7.51432492319877,4.89417102073208,5.73005426582315,0.0777731199669801,0.0178772703589833,187.297297297297,49.8793568529697,50.0523302750448,160.497968764411,19.5140887986466,FAIL
5.6274222585374,7.52916039856407,4.07568725789587,4.51802313526337,0.271617860048583,0.199874296730151,200,49.692976742769,62.6310442575628,123.282571980664,18.9584065125684,FAIL
4.57753923989962,7.709934917195,4.74361523872903,5.92584597831533,0.0887399733321051,0.0277130987859587,185.135135135135,49.7043083157455,49.1911011085528,165.347383713357,19.6469558298761,FAIL
5.46808337914147,7.90770424987417,3.12521808654604,6.05686841569965,0.114378406157264,0.0499102146800759,182.702702702703,49.3110127665038,48.9346118742251,165.098500800523,19.8038819804701,PASS
4.03326451705907,7.09898808419217,4.33578942178248,5.66516301458948,0.0314835238556256,-0.0247884898372446,187.027027027027,49.9433362286336,49.1191575787828,158.023305466537,19.4447502217162,FAIL
5.58722919415322,6.56024332221101,3.15177652802024,5.49874384289423,0.152362416203079,0.0915613124280087,182.972972972973,49.0809513166513,48.8700310946942,147.15224530348,19.6229561921403,PASS
4.34987424393761,6.5766958300486,3.42452262996934,5.60476220316833,0.0490035356866856,-0.00546011332065566,184.594594594595,49.6322848529198,47.8457032415367,153.493728979859,19.4923717157253,FAIL
4.17740370172805,6.552245039364,4.87979059363961,5.51618654512264,0.0681278249311394,0.0125570764903611,185.675675675676,49.6954590208488,48.4787183685495,152.604860370387,19.4563868319335,FAIL
5.96671816567062,7.83825576021571,4.42630005677785,5.08783708031879,0.285198767435257,0.21096100280922,192.702702702703,49.5279182428763,57.3079598692573,138.996198011935,19.3352161848123,FAIL
5.89010647833431,7.21147784137945,3.1989136306439,4.58045635550398,0.237824764315792,0.166800400190719,197.027027027027,49.4786991009221,60.5914482992378,123.24754755037,19.0409260441867,FAIL
4.7902185903572,7.59572266124523,3.02201743209689,5.10089164539814,0.08339749903267,0.0220397041810332,195.135135135135,50.1611225446763,55.9684008108895,141.449090904014,19.1285066917751,FAIL
4.69497661897733,7.77637543054624,3.67358110977548,4.75365393992678,0.120294616081098,0.0570606697487677,200.810810810811,50.3285684350056,60.4229959410057,132.809260811948,18.9127459790081,FAIL
5.06606579521124,8.20849410489437,3.56546178609835,5.55521330837986,0.117947593200054,0.0524865765662206,191.081081081081,49.9555166335901,53.818128331543,154.529997357093,19.4118685811165,PASS
5.58959693454935,7.00909823994792,3.02916946867205,5.98994360246727,0.124700077727536,0.0636274300486289,179.189189189189,48.9340137881517,46.6761815454039,160.479533002018,19.8813620603638,PASS
4.56962571075381,8.25597808375501,3.01157062063113,5.44365399869529,0.0415483348840319,-0.0201232260094354,194.054054054054,50.3269250794849,54.8332197142775,152.53386037435,19.2385424017696,FAIL
4.27546772038502,6.9713832598664,4.07630217709406,5.17501602258901,0.0702252340953962,0.0129672493338054,192.432432432432,50.1094669379728,52.9238054194684,144.22135658484,19.1813310295058,FAIL
5.62740303141144,7.44659440012345,3.37221828391529,6.26090957800169,0.133406691911108,0.0705071949982489,177.837837837838,48.8422826744164,46.1959076874739,168.382626637599,20.0260984804589,PASS
4.11122810596026,7.47499602509331,4.2629319099275,6.26095175937367,0.0186727736074472,-0.0382075791304456,180.810810810811,49.5402551019631,46.0198800142253,173.529224422303,19.7985273168349,FAIL
5.50832380956128,7.14797852387446,4.69376172721597,5.4871088296714,0.210384151170809,0.145102373594296,185.945945945946,49.3187487340263,51.0691377322974,149.702880006168,19.5836272026239,FAIL
4.26378279817318,7.32202814571389,3.23066948669234,5.075344425759,0.0402077240345918,-0.0172150274808249,195.675675675676,50.3428211138754,55.1242752702409,141.704691577949,19.0571347762291,FAIL
4.81030135942918,6.54016901188033,3.78144033496766,6.02988697447235,0.0896938229396101,0.033872302060876,177.567567567568,48.9811741758518,44.7789520417863,162.590422624205,19.8723577584633,FAIL
5.86967552334166,8.27743912103829,3.62021317460224,5.79538588479647,0.190694044696389,0.119669792006269,186.216216216216,49.3922824444677,52.1727518395689,158.416838548767,19.6892142266818,FAIL
5.83834330528695,7.69214945018711,3.36690979503071,6.20000540074938,0.153198971953108,0.0875356326720551,179.189189189189,48.8987690768437,47.3725447432589,166.958773416491,19.9922661802459,PASS
5.95673899652702,7.04983080661837,3.50882082372068,5.63724109427688,0.196167091633385,0.130334388910135,182.702702702703,49.0023520524814,49.5493168823007,151.030790694051,19.7288622728777,FAIL
5.46588785270556,7.65863079179346,3.05501640706552,5.09157051254757,0.154014743909964,0.0871333291822389,193.513513513514,49.8081745870521,56.4530279594479,139.370409520891,19.2308751295665,FAIL
4.2418906788204,6.68740032956312,4.46579175515898,5.42223816761277,0.0694179681134379,0.0133386475193834,187.567567567568,49.8175913126054,49.7227025909608,150.230504366681,19.3767744080107,FAIL
5.06729091005152,6.9783402688398,4.68071819100247,4.81700136312707,0.201247629852781,0.13759691445052,195.135135135135,49.8080508340975,56.7749626120193,132.771695985347,19.1067703674676,FAIL
4.04585533897264,7.59874067237914,4.29691361698049,5.47790508823312,0.0322415803056295,-0.0260905558490762,191.891891891892,50.29328506094,52.3226157240296,154.499101366136,19.2725176336792,FAIL
5.98652072007791,7.42622243965472,3.76583356607071,5.59217636922832,0.216422221597218,0.147747965418475,184.864864864865,49.1572550562462,51.190584117848,150.942945547335,19.6718910606147,FAIL
4.14801454599457,8.06581734429641,3.50781339361415,4.84043676530134,0.0370355012599862,-0.0230099285190224,202.702702702703,50.7085417477644,60.3263255993733,136.934291563417,18.8454555725233,FAIL
4.94283430871081,6.86335904711701,3.60958147110302,5.49555886736639,0.114109779565573,0.0550281726507799,185.945945945946,49.5379861631762,49.8499469341699,150.142891403236,19.4934444284493,PASS
5.68691561697365,8.04761233712882,3.11417084055846,4.78729540754419,0.19921468991306,0.126863570169452,198.378378378378,49.8415351220333,61.2725720417988,130.857344936825,19.0597764606052,FAIL
4.51374074949992,8.17908553078058,3.49685717332092,5.2456057180703,0.0658080503417573,0.00356639251003654,196.486486486486,50.409919669407,56.4837659512233,147.600434410455,19.1340102389054,FAIL
4.61718863766653,7.25133727570301,3.25442393099574,6.05413960557194,0.0485545541047758,-0.00861605743261051,181.621621621622,49.4593159235311,46.8032482585006,165.796555109206,19.7383534528679,FAIL
4.4162923048021,7.98191547778113,4.70555024698238,4.51016096283356,0.134875337792518,0.071162686298488,205.945945945946,50.5263559817649,64.2151701208621,127.596209925245,18.7337365107371,FAIL
5.64653698684516,6.96701515501643,3.21994724263974,5.33732323138874,0.168639178145588,0.10457829656378,186.756756756757,49.3359853265043,51.7025635362268,143.997199533632,19.4848282582258,FAIL
4.32090458904925,6.51106521998363,4.53085188940919,6.22169132840316,0.0557098643545244,0.00146592951313618,175.945945945946,48.9590770926715,43.3896493834821,168.68490395342,19.953051890244,FAIL
5.58404992640265,6.99435230909206,4.727221194985,5.96449563086706,0.191528867187253,0.128369448732491,178.918918918919,48.8382313631853,46.8826903722041,160.87547077906,19.9295352423546,FAIL
4.1217666137518,7.73469615364853,3.14519392313859,4.69400201081827,0.0268904337415841,-0.0313714290747935,203.513513513514,50.6595573728211,60.798728415115,131.988723471589,18.7717365879513,FAIL
5.03249277809708,7.86372091856966,3.5684250141197,6.46973526500783,0.081053548627853,0.0200311976235065,178.378378378378,49.0970249570151,45.9323733257655,176.648257669757,20.0195759545311,FAIL
5.15889132468565,8.27468912747671,3.4772523356148,6.18978670704346,0.097144716027347,0.0329592302999278,183.243243243243,49.4611628492228,48.9917910446685,170.589532355832,19.8115515453853,FAIL
4.9036302741088,6.52482641426776,3.15154605757811,6.07485134469175,0.0755304557553221,0.0203306099168129,177.027027027027,48.9396588519061,44.418681603112,162.970670690103,19.8932550074058,FAIL
4.21465193264729,8.37909897382082,3.99862133766615,5.98181260734621,0.0219158324294407,-0.0387561890771356,188.378378378378,50.1192614620326,50.6482375583892,168.753993997667,19.5285112482762,FAIL
4.70542783021528,6.54620913791087,4.64720650919072,4.9838824206191,0.146333709800667,0.0875045845656793,191.891891891892,49.7613054399733,53.2708746754414,137.271438479693,19.1954160336675,PASS
4.11297674162696,6.51700954503694,4.41825082630764,5.35474873948205,0.0578555979535226,0.00294593794161879,187.837837837838,49.8467607122035,49.6450945188025,148.255402905429,19.3310166669496,FAIL
5.39631003632445,8.08068516368112,3.75407433501544,5.56565640195478,0.16146713613967,0.0939149863291285,189.459459459459,49.7218941839129,53.4060247147668,153.672083269568,19.4911415518883,FAIL
5.49383472657107,7.19932670387304,4.53146405542916,5.43456287101485,0.206975302965667,0.141504350764932,186.756756756757,49.3917631966217,51.6866331896278,148.423811915831,19.5373660647092,FAIL
5.76441048534026,6.95014914069356,4.42714588112712,4.76646297274952,0.277294450274697,0.208286213317937,193.783783783784,49.4159203615046,57.3822354527808,129.074982148567,19.1878106271355,FAIL
4.68660728400975,7.44334349044959,3.66148754773083,5.88954405894129,0.072872440775444,0.0136215917506952,184.324324324324,49.6203537203111,48.6191273604472,162.464275252354,19.6373003394464,FAIL
5.71813360241331,8.2270908250014,4.74084455415333,6.04077634837008,0.20945248889732,0.139578630228537,183.243243243243,49.2162425920898,50.1139651130778,166.008194603336,19.8576992335858,FAIL
5.49456398617995,7.80838557736807,4.19713571814779,5.85847210594082,0.174369530955279,0.107943046110636,184.324324324324,49.3498007326635,50.1813035784809,160.63268779001,19.7316559469113,FAIL
4.59938870996456,7.48088282403111,4.85318949625111,5.9109029405208,0.0950758080251535,0.0347032765869306,184.324324324324,49.6013660038156,48.6063354425812,164.314810316134,19.6703794368565,FAIL
5.54250510128168,7.55317696784293,4.92575546664843,4.56141157319906,0.296233057790873,0.224395409243474,199.72972972973,49.7408452865812,62.1789740267158,125.378725201329,18.9857666018032,FAIL
5.05705947842268,6.93556526047426,3.38595932012346,4.84774373178086,0.145670536306148,0.0840579177505543,194.864864864865,49.8345335025906,56.2220925152888,132.731445785315,19.0934157551895,FAIL
4.36787106107808,6.99171120864851,3.75512304378842,5.76853462209835,0.0513628876828659,-0.00498083740531208,184.324324324324,49.672277866304,48.0172998571157,159.034514278662,19.5620862466363,FAIL
4.76002181773374,7.32782798770339,4.51143609993859,5.01119059118953,0.147094118373912,0.0847159452800327,195.135135135135,50.0577334288686,55.9688601604665,139.652195478121,19.136903801265,FAIL
5.36316194023037,6.4812700693224,3.90817123485906,6.09402698444534,0.139657873722032,0.0816096068335996,175.405405405405,48.6029217279837,44.2756564580857,162.257040678723,20.0239992099813,PASS
5.13153193670103,7.61486077376622,4.50370505818443,5.84859942613611,0.146836763886922,0.0832234410721996,184.324324324324,49.455723526866,49.5926215599465,161.269465056454,19.6946421618518,PASS
5.46329097068902,7.1239064311243,4.79057951447387,6.4434933607731,0.159715587518242,0.0982928042359051,174.324324324324,48.4982085469405,44.1139139598538,172.990234690147,20.2184529524687,PASS
4.02256830185492,7.49067051907815,4.41785408892846,6.35793062766709,0.00976271048539257,-0.0468713650396957,180,49.4826098431536,45.4254002998482,176.190342218678,19.8509170831349,FAIL
4.0681556967082,8.23010806970323,4.15614627804234,4.7808757449783,0.0502866423379542,-0.0108175262659203,204.324324324324,50.7915408137161,61.6252083867553,136.247865778555,18.8017533378808,FAIL
4.61792309197249,6.89583870621738,3.09458983481012,4.89722798824159,0.083077232102484,0.02516464008035,195.405405405405,50.0624841037012,55.4236060502647,135.017045242407,19.0447503094321,FAIL
4.59628953892717,8.37913674346157,4.946798627627,5.5003723073064,0.112629713595836,0.0476790639891647,193.513513513514,50.2415501504289,54.7899525020879,156.061808347713,19.3223043142336,PASS
5.17907186260427,7.86460323315219,4.99100731665424,6.40402227875049,0.140109755352508,0.076417453628898,178.648648648649,49.0058149912414,46.4430798210114,175.836074752237,20.0513237091576,PASS
4.00922705139433,8.1805669750287,3.4877717183619,4.67376203926187,0.0221161834122491,-0.0374730369695339,205.945945945946,50.8323596945064,62.7080476010647,132.547370565834,18.7183913037675,FAIL
5.79505849270003,8.1981388623306,3.52032589181053,5.99129666496193,0.167820481878815,0.0988280304313481,183.783783783784,49.2690632190965,50.3694742660246,163.402157541316,19.8031095009269,FAIL
4.79675527586148,7.77613356381696,3.00468424018907,6.18088167711423,0.0460974259063829,-0.0133141630133297,182.162162162162,49.4969315297926,47.5213102546311,169.722021059429,19.7781713510137,FAIL
5.58334742156461,6.94842368032379,4.69500546099353,5.10364837012504,0.24186892443848,0.175554032831659,189.72972972973,49.4078656205775,53.8440556024667,138.91568198031,19.3741608081782,FAIL
4.28475298091125,7.79405330570143,3.41457219666796,4.87459997258048,0.0521147562908164,-0.00768701683015782,200.540540540541,50.5517541248854,58.9810477688968,137.095914529744,18.9065258294304,FAIL
4.74584777323763,7.82984753756394,3.84904997173784,5.0976587392324,0.116511162964686,0.0532021082462079,196.216216216216,50.2256770865808,56.854209147356,142.57000193755,19.1243036603303,FAIL
5.35519205891837,7.07018226908791,4.89627454546496,4.72939913343343,0.250968514414167,0.184097428281662,195.945945945946,49.6900425817537,58.1907693622812,129.812625096207,19.0968482615437,FAIL
5.82663066015229,8.24386719088873,3.02757653427966,4.5672322372442,0.223190928812028,0.147220448019966,201.351351351351,49.7773740383051,64.8011829350688,124.28458212865,18.9414510531573,FAIL
5.06276481639263,7.87531364813595,4.3869224519041,5.59267122260195,0.148463580348605,0.0834603715311162,188.918918918919,49.7862129485205,52.4671442146593,155.4985342559,19.4902650584961,PASS
4.65014158150192,7.5577345654937,4.79472312565619,6.2803008233837,0.0854070667867947,0.0254566301773451,180,49.2699994527584,46.2619495283499,173.348447493695,19.9108267468305,FAIL
4.60769145800914,6.92874771218553,4.33527479614248,5.1158929562409,0.118924394738836,0.0596252420875704,192.162162162162,49.9365536913519,53.4139667798157,141.858585742382,19.211885402645,PASS
5.26902495087962,7.52062493220348,3.19941479443618,5.26285347413661,0.135159514791014,0.0708797487042579,191.351351351351,49.7935123731464,54.2451227139124,144.430828470975,19.3188910578162,PASS
5.13523220958167,6.50033911656019,3.95996141946338,4.54658680526364,0.19868563939284,0.136922423725871,196.756756756757,49.628911970909,57.8654092215164,123.641941575562,18.9821408714584,FAIL
4.87955811316619,6.88469877131412,4.6228697194593,5.3786321817263,0.145179016486771,0.0848086671221868,187.567567567568,49.6098054201443,50.9387115001114,148.061230039915,19.4368925314549,PASS
5.77560798178538,6.60867109677532,4.87380530990112,5.2470047536191,0.254969718242358,0.189562888326857,185.675675675676,49.0672089439654,51.2963731492231,141.260442833212,19.5413368421562,FAIL
4.32302979012234,6.42958953534016,3.73269685991554,5.3598744601013,0.0644739460126366,0.00987974581162676,187.027027027027,49.7259116093392,49.2994682660315,147.159589490008,19.3589871312294,FAIL
4.85311268457104,6.43424517589174,3.61507863294395,5.04055342242676,0.126918942241876,0.0691304790698416,190.27027027027,49.641213401947,52.2789773731668,137.450491873657,19.2391189583538,PASS
5.73444811800509,7.83611488620843,3.45989765994604,5.1278100555757,0.205264994576726,0.134675849982866,192.972972972973,49.6812469353555,56.7939489682288,140.124218346345,19.2947596264466,FAIL
5.95800998662859,8.283095312423,4.54605411935309,6.16228177103864,0.220772697796762,0.149648714746664,181.621621621622,49.0193231554826,49.4250223564123,168.182869598792,19.9644049042657,FAIL
4.11150569206744,6.6845569586576,4.00857524392428,5.84858141702924,0.0328627763683472,-0.0214568660808884,182.162162162162,49.5569648672778,46.3764229499748,160.768719116658,19.6198246715413,FAIL
4.35169737235316,7.18032195588087,4.83694176433378,6.42463732484998,0.0527596400520058,-0.00417929537063355,177.027027027027,49.0797903292703,44.1870933494439,176.182385382467,20.0085841395856,FAIL
5.52014963163381,6.5459962137839,3.84602275923535,4.85585210073267,0.215160845297711,0.151487326202296,191.351351351351,49.3856893009729,54.7218118122153,131.018600720314,19.2286264163135,FAIL
4.52005242280503,7.23344120690706,3.46520805653855,4.84213549617742,0.0887079340723924,0.0293618117961616,197.837837837838,50.2436494409155,57.3055354301136,134.671023737813,18.975544360606,FAIL
4.86933327575506,6.85006610253804,4.89480813145629,5.25503499857626,0.157408256542162,0.0966382450854123,189.189189189189,49.6679974585247,51.9120661097457,144.953876758891,19.3671299063715,PASS
4.71863899519257,8.38232362649939,3.65181917277384,6.28465493398727,0.0567246791591561,-0.00535307787818895,183.513513513514,49.6221588287952,48.5415276023814,174.679840368147,19.7923564291269,FAIL
4.73991435072627,6.40481492347651,4.52186712443535,5.35332898787424,0.129263991946561,0.0718622670569135,185.945945945946,49.4597312439438,49.3844258630849,146.290403389136,19.4533085360714,PASS
4.26037662374403,8.10398988836113,3.94107400787554,4.52597927737132,0.0830172522505025,0.0211089746893314,206.756756756757,50.6571828594913,64.4075512713945,127.982346935607,18.6926976626302,FAIL
5.87799403353776,7.15473103629595,4.73456014506483,6.24573440189644,0.205991655865509,0.141408319268696,175.945945945946,48.5091143035552,45.5290164549972,167.11756485983,20.1475583830153,FAIL
4.04332986067611,8.14782917258828,4.74061335122201,4.71438495138927,0.06726889702832,0.00577744570586791,204.864864864865,50.7850029238303,62.1414453741548,134.779954835046,18.7777279855671,FAIL
5.91847538174632,7.22935889414079,4.83431377355889,5.57157018063971,0.253306452501529,0.184904232133154,184.054054054054,49.0753495911413,50.7320692051859,150.838575527988,19.7012032635444,FAIL
4.49707035510436,7.96379132295829,4.20176630399362,4.90727147641761,0.107354497943374,0.0443828148271395,200,50.4543398512729,59.3190484296271,138.452434384118,18.9679686192972,FAIL
4.75257946969498,6.53073395745477,4.97496360615494,5.5326621278093,0.132699679073139,0.0746214056455453,184.054054054054,49.3757833740534,48.3958496277737,151.446697451753,19.5701753762545,PASS
5.89151663531838,6.8339515198703,4.37348301051671,5.43295397221536,0.239139492412341,0.172986323745597,184.054054054054,49.0231919409383,50.5053101011576,146.005504164333,19.6402230609451,FAIL
4.51167177338518,8.07366737170884,3.58262066357058,4.73212603047277,0.0922982123781785,0.0294110343676539,202.972972972973,50.5183334480374,61.7365793252974,133.03585195555,18.8451262670522,FAIL
4.76505816396789,6.82551030048927,4.01712974374942,5.54009725878587,0.108576320537359,0.0502035463288293,185.675675675676,49.5567457253554,49.3343762623476,151.939425540057,19.5106217418298,PASS
5.83803280425359,8.29037501490467,4.90058085767014,5.49289151721828,0.264676078837098,0.190766092542006,189.72972972973,49.5458666265611,54.8689238381281,151.651061726657,19.5322793200843,FAIL
5.15288934453121,8.38023270189318,4.13790677696221,5.72804107399554,0.143481218599771,0.0764344649305224,189.189189189189,49.8246050481253,52.9032999356522,159.700929731186,19.5341207638775,PASS
4.30002780547532,7.01413714711387,4.45232196027299,5.62822256698307,0.0658369316092539,0.00857543928720494,186.486486486486,49.7997292088059,49.1895255966754,156.301345265659,19.4798547915925,FAIL
4.29146678999121,7.50313151765592,4.25046022774452,5.86701715872756,0.0484463661459189,-0.00997611950689226,185.675675675676,49.8299228268619,48.9161057169396,163.610202846938,19.5689751435601,FAIL
5.34721191269178,6.98777491591895,3.28425955532093,6.42668940618331,0.102341495466033,0.0438347123848577,174.324324324324,48.6089605963864,43.72629981186,171.500762083504,20.14620951012,PASS
5.14108648999245,6.8098167399959,3.52759596882266,4.68154206200917,0.171267015172669,0.108925719746705,196.216216216216,49.760312398396,57.5815132350248,127.745894345424,19.0230765952367,FAIL
5.35704756862195,8.28296239744951,3.30639762019158,5.83461704878367,0.122137636881961,0.0556348045476072,187.027027027027,49.6548580740033,51.7426715190786,160.867276652088,19.6159295712548,PASS
5.56329631573135,8.2024095315855,4.01832560583308,5.26725836372244,0.21031978421583,0.139247195156527,192.972972972973,49.8103134241584,56.6265356633563,145.574186139595,19.3348119984316,FAIL
5.50369480623583,7.30668470140978,4.1408293988395,5.14685993806939,0.211706885895389,0.144937707517393,191.081081081081,49.5954050520762,54.6978996398715,140.798056988976,19.3364973057563,FAIL
4.53684119898264,7.86173575403504,3.01453686602871,5.79657445354397,0.0319755143451458,-0.0273219290428406,187.837837837838,49.9820180544003,50.5692938820124,161.064817206998,19.4836512635004,FAIL
4.40905448026378,7.70898709721154,3.55333070487764,6.21718298737561,0.0299542767254605,-0.0281256120306665,182.162162162162,49.5822235235296,47.0253372600365,171.882690820325,19.7663277861079,FAIL
4.78249567844339,7.8504516220543,3.56506492114778,5.28351845471185,0.100119555925345,0.0373385834278457,193.783783783784,50.1413907326846,55.0806848865356,147.354055786795,19.2319204218735,FAIL
4.55949153756423,7.53147266315502,3.75397976001106,4.75882111114952,0.107625406770302,0.0462565325572208,200.27027027027,50.3279352545739,59.4030398081505,132.981575778268,18.915088085502,FAIL
4.30514778444097,7.81475821137242,3.53548656672658,6.17029617083622,0.0191005915306788,-0.038983856722703,183.513513513514,49.7251667980695,47.6332904030669,171.284366103903,19.7056068893057,FAIL
4.34139083993956,7.75418794717815,3.48608025279018,5.79476722031065,0.0317728688544634,-0.0268974789296477,187.837837837838,50.0073922953358,50.2312386597285,161.655839365094,19.4785047454152,FAIL
4.66851226867692,7.32342444591727,4.41303310794705,5.2133067306394,0.122588610951714,0.0613899427330638,192.702702702703,50.015940932116,53.9330416418193,145.315909619078,19.243955848563,PASS
4.61515556723004,7.88166705157549,4.56788687962643,5.57125433123718,0.102700920881398,0.040176229624259,190.540540540541,50.0314853253852,52.5759855559386,156.439841789182,19.4059497971526,PASS
4.42773380560505,7.16699558748047,4.20260089996405,6.11732290554561,0.0569310832184814,-0.000215445733391939,180.540540540541,49.3858747444216,46.1156676443639,168.266821877782,19.7949700559968,FAIL
4.19013614847125,7.93546787488071,4.7468637096522,6.1619490671151,0.0350751661241737,-0.0245338705056481,184.054054054054,49.7699332216596,48.0677914172143,172.885523473181,19.7080738319238,FAIL
5.83422017198397,7.21837196226499,4.76697409905609,5.45529065766009,0.249923163362584,0.18172971911356,185.675675675676,49.1957805020064,51.6563628887881,148.063192883908,19.611750283579,FAIL
4.06264229448961,8.31554514068597,4.10580564063444,5.06815804627122,0.0359537299222984,-0.0250984141614656,200.540540540541,50.7458022976912,58.6779358779691,144.558911559048,18.9596975052173,FAIL
4.79820079000077,7.03977582585954,4.56803126258665,4.5113529206814,0.184064355322745,0.121445739566129,200.810810810811,50.0201502320459,60.5081276087047,124.999366492999,18.8692387106413,FAIL
5.46962714898858,7.61195687233196,4.33178259617519,6.17288571924516,0.160629668892304,0.0963344558743654,179.72972972973,49.0091804989004,47.2909376053151,168.019009794682,19.9575937374168,FAIL
4.16872468264642,7.79008120747964,3.68599949176724,6.00609020116695,0.0137048876709926,-0.0442249033430401,185.675675675676,49.9210019853173,48.70960395393,167.633031703548,19.5858798719039,FAIL
4.26265242669317,7.84191697733249,3.05004922806752,5.30923453776076,0.0189736832271691,-0.0396741197868621,194.864864864865,50.4279717989485,54.6585994281455,148.909820316774,19.1439148556934,FAIL
5.71632133868048,8.04297190743549,3.66707853125389,5.80413911867138,0.176951102232414,0.108266347283991,185.405405405405,49.3878872694808,51.3561608598209,158.671085752835,19.693202657084,FAIL
4.78109948274037,7.28414690285368,4.20228217359464,6.47774218124299,0.0796689933793028,0.0214443119466968,175.945945945946,48.9071661776885,44.2208271853613,176.114960107955,20.0814246521189,FAIL
4.14912074957315,7.11261368850164,3.41214144171464,5.30640891330128,0.0300127434746009,-0.026046065256889,191.891891891892,50.1951909629327,52.1670073315911,147.820949275774,19.2059691453095,FAIL
4.7223988057958,7.97356463197243,4.09072891467543,5.91943070735901,0.0865438366185007,0.0244845059308291,186.216216216216,49.7678756392812,50.0439345477436,164.927782358962,19.6192513962065,FAIL
5.04995187259793,7.56796671427363,3.44066395215611,5.86518101933663,0.10003780175371,0.0385363092689348,184.324324324324,49.5250400101611,49.2577814321366,160.976341745861,19.6609951639721,FAIL
4.66837850672424,7.77898299301731,4.95020514103526,5.91145398358724,0.104190220503055,0.042161486749023,185.405405405405,49.6885454000678,49.5365576872983,165.096653392757,19.6512249277915,PASS
5.19794906400346,6.74261095948462,4.68603765547403,5.47999080979545,0.175777983570753,0.114467006337519,184.864864864865,49.3006722215515,49.653376350072,149.307076495536,19.5749788972564,FAIL
4.51920441653916,6.80804577281931,4.83455499004987,6.04814992347497,0.084120333957804,0.0272175568996281,179.189189189189,49.1922877819803,45.5048577717066,165.543465493568,19.834000769066,FAIL
5.60183020922205,6.65736080581044,3.66680560688953,5.17820814494775,0.195664370335357,0.132298434728773,187.567567567568,49.2763789632079,52.0163513227145,139.47187463638,19.4271394245362,FAIL
4.45122576365026,8.39317015764606,3.45524671202628,5.04441528417714,0.0626936839859695,-0.000192144912732006,200.27027027027,50.580987440453,59.2724886559722,142.45742053122,18.987777607877,FAIL
4.69683267083934,7.13463526030039,4.08158210504146,5.59757314155951,0.0997299164779042,0.0404481036409596,186.486486486486,49.689615238403,49.9097349136386,154.540163517879,19.5016105255621,PASS
4.21295624767962,7.37075884914859,3.75041703772383,5.56865202651922,0.0369009006900773,-0.0205255504769534,189.189189189189,50.0797409405483,50.8128202383559,155.429103005336,19.3645198374885,FAIL
5.52395563689877,7.54164000618573,3.3239836957959,4.89302073691812,0.188669347685192,0.120618400526727,195.405405405405,49.7763371597407,58.157138482343,133.701609273391,19.1410848398328,FAIL
4.06053316071212,7.3823707724401,3.23407972446588,5.60731260876344,0.0033190331346602,-0.052629189149945,189.189189189189,50.1566104757318,50.4745553308345,156.323663374658,19.3433130905842,FAIL
4.73813615588991,7.22755658902123,3.61074723285323,5.23936932500817,0.102140604667312,0.0420340539476205,191.621621621622,49.9604895236703,53.332052486395,144.995404570741,19.2581823774681,PASS
4.58334181368016,8.14725016213543,4.28612659670662,6.00257411380675,0.0730274853636103,0.0109978978259897,186.216216216216,49.8216219199324,49.907140712718,168.056982230468,19.6363860762971,FAIL
5.63744649723246,8.02007633951809,3.77959630733415,4.58846070238289,0.254423453264971,0.180691563774092,200.810810810811,49.8276743231842,63.646401299817,125.751314575043,18.957253192539,FAIL
4.04826892905192,8.14372191107278,4.81197986845443,5.13379245418312,0.0518097052621014,-0.0094507628654612,198.918918918919,50.6620059336081,57.4267524234669,146.809812186506,19.0263011865894,FAIL
5.52187610587091,7.69781496967968,4.64597349113983,6.20303897089255,0.174487633119288,0.109237705163839,179.72972972973,48.9778395053148,47.3595469961359,169.078709179038,19.9861344525368,FAIL
4.55455735987259,6.62899654176654,4.21865304948482,4.81236924920125,0.124974932700083,0.0668169652002134,195.135135135135,49.9580299189907,55.2959370661117,132.996751941883,19.0427081734518,FAIL
4.10655697757152,7.15104460329669,4.8715558442844,4.90661593979113,0.0780228455029579,0.0196613679414809,197.567567567568,50.3772016077408,56.2495612701192,138.362650745046,18.9891312704341,FAIL
4.85926385602348,7.40685046261208,3.40057845073829,5.75510763797625,0.0849874929237413,0.0250070184296011,185.405405405405,49.6451572937705,49.5540913455761,158.310092571374,19.5751244927267,FAIL
4.03744582077305,8.03567874370052,3.67555929326808,4.85427466647333,0.0287010611322926,-0.0308070489865876,202.702702702703,50.7533664331105,60.0359264655594,137.677848149707,18.841728188907,FAIL
4.54553414375708,7.75566452845307,3.89520070207458,6.29442334666869,0.0510696628538628,-0.00809064232416667,181.081081081081,49.4405794788014,46.6841839363137,173.84126106071,19.8474446675301,FAIL
4.56742991786099,7.51606946914859,3.59571058913767,6.39008013891898,0.0438005471102419,-0.0139021849989646,178.648648648649,49.2502733086894,45.3652140487767,175.012466356359,19.931497373984,FAIL
5.51259937788539,7.55211847770714,3.87199611988237,6.12019880487132,0.150536332740492,0.0866199407085182,180,49.0386309539304,47.4671515857753,166.073553821654,19.9214424693141,PASS
5.24364205759285,7.12339904080575,3.11716507117642,5.99752130229382,0.100252539855732,0.0405115662017024,180.27027027027,49.1477828093671,46.9202639882988,162.146189577685,19.8175239995404,PASS
5.99809434237069,7.56856332805568,3.40905917250159,6.03314402135915,0.176180800439901,0.109250622273983,180,48.9062379072556,48.2113471711828,162.054685296151,19.9271249868954,FAIL
5.98791994970098,7.04923770642863,4.48121831974238,6.00262418710183,0.220145379764991,0.154631790307815,177.837837837838,48.6406299475319,46.859380677062,160.474756481207,20.0080799872702,FAIL
5.47044102318237,7.74899311648515,4.98057344038532,5.37980367339203,0.22678225473771,0.158025096888813,190,49.6299628250624,54.0529916134528,148.729422253142,19.4535660553244,FAIL
5.40801828890759,8.13857213683449,3.12837658683902,4.87255139132787,0.165108987730385,0.0954171761970622,198.378378378378,50.0215369788945,60.5347246990765,134.256761780988,19.056623636456,FAIL
4.01111400423274,8.13022749307923,4.12094014174292,4.67889068750171,0.0459364594248296,-0.0144776178192603,205.405405405405,50.8081466521812,62.4827738635924,133.229094568792,18.7402714312276,FAIL
4.84811036887803,6.50197529201218,3.40275794389671,4.78875258594552,0.129051261554334,0.0706859556892868,194.324324324324,49.7755757433497,55.0685180539103,130.778556243734,19.0668274782642,FAIL
4.92118037899648,8.00242330017186,3.22336437397949,5.26708652774229,0.098743003460701,0.0348734653132444,194.324324324324,50.139547079379,55.768959481913,146.518870775514,19.2210294022553,FAIL
5.6862187065711,7.26723802398703,4.98253902545625,5.22675343676561,0.25761273632784,0.189020030176965,189.189189189189,49.4143951323676,53.862850174691,142.819813692493,19.4422031717865,FAIL
5.54206078304047,7.73741970544275,3.2804823702186,4.6932611049968,0.201182764769824,0.131158856041484,198.918918918919,49.8401784853055,61.2035921557087,128.308318719005,19.009875678024,FAIL
5.94813781012829,6.69667729681376,3.71228732543601,4.84036719313597,0.2537441891815,0.185871985128871,191.081081081081,49.2200805680189,55.5847008399853,129.583029798777,19.2699223796277,FAIL
5.54683940894554,7.90719342880922,3.40166442908513,6.27311322045501,0.126887961760641,0.0623193086848938,179.72972972973,49.0612517667628,47.4405580927592,170.329264806505,19.967129842991,PASS
4.88013866340426,7.27744040286306,4.36773896154142,4.72328647674436,0.174286208362967,0.110745333837916,198.648648648649,50.0511297379315,58.9389432970976,131.095457996951,18.9839587403864,FAIL
5.1076416043097,8.34016367327386,4.20650475067999,5.80789378778866,0.13703603644431,0.0706475433263918,188.108108108108,49.7758722310518,52.114283565635,161.902571123002,19.5816135355894,PASS
5.33721595729116,7.26822747608452,4.01999477094017,4.95995855138675,0.199892209545154,0.134051463041051,193.783783783784,49.7453590789987,56.4014914280242,136.076438324275,19.1946825461468,FAIL
5.10276803094247,7.58056217651859,4.62589044109332,6.13184757954732,0.134430684518102,0.071899827398004,180.810810810811,49.2047357118621,47.4187253644104,168.347582997526,19.8816861288623,PASS
4.42995054258268,7.80413636489803,4.76048835435769,5.03044664443293,0.109889588385899,0.0474801826912238,197.837837837838,50.3912999027645,57.4164844374228,142.271489964167,19.0560820300815,FAIL
5.68459781097652,8.01007068975016,3.73164286364514,5.96407154581987,0.168834465785587,0.10114754139646,183.513513513514,49.270076777362,50.0042517037456,162.804746887867,19.7940826701886,FAIL
5.13772353896023,7.03393945057003,3.65334564686884,5.29441057099156,0.143699593884236,0.08202379775415,188.918918918919,49.6353261895442,52.2314480793481,144.861985698371,19.380854245041,PASS
4.20256837660422,6.94243279565949,3.06117890154035,5.82379285216079,0.0130936966203024,-0.0412563914526877,183.783783783784,49.7339671952144,47.3768547278965,160.111208133057,19.5481101829966,FAIL
5.81291061103332,7.15131968384673,3.51564717929707,6.25123147718246,0.155647723904927,0.0928755453091145,175.945945945946,48.6181610829961,45.4190090004813,166.670858984236,20.0952054642358,PASS
5.49233634846834,6.93304071297075,3.72676322120712,6.04904014536431,0.145901994547643,0.0850144298303371,178.108108108108,48.8400666908241,46.0407596222479,162.349036849232,19.9437268708428,PASS
5.70042235133486,7.73633900418475,3.55322848813554,4.92950619309261,0.219993573058904,0.149149162602797,195.135135135135,49.7179174833465,58.5298651229141,134.660057595217,19.1822064876976,FAIL
5.07189409968993,7.67642659294506,3.08007775283534,6.37468375890599,0.0686355764384415,0.00862684699227856,178.648648648649,49.1369062169917,45.9960207932739,173.333541030303,19.9650722224738,FAIL
5.53942429180521,7.18722496414747,4.2754998295922,5.62903146373815,0.191450774271961,0.126778954489103,184.324324324324,49.2445219481395,50.0197971352922,153.052115711454,19.6635596393754,FAIL
4.70361961390551,6.82985356856129,4.99229098012845,5.90922290266571,0.111352431103411,0.0530830818099055,180.810810810811,49.236444719999,46.5780063620122,161.889072999098,19.7734895164296,PASS
5.05052293047928,7.22796386876381,3.4191349251882,6.11058595979542,0.0921331785124122,0.032857795383746,179.72972972973,49.1657886095733,46.4371176429846,165.967530422171,19.8587737160599,FAIL
4.80745700638253,6.60578819955236,4.74663980156225,5.73176907450568,0.124740343476896,0.0667894369485184,181.621621621622,49.2337821502364,47.132452450621,156.320887374617,19.6954076955979,PASS
5.24771111345779,6.99395867287487,4.36791694975371,5.34956610405225,0.179184041248223,0.116264888036716,187.567567567568,49.4944824245807,51.6513725905619,146.33469397653,19.4603193613583,FAIL
5.46177835896079,7.66589081886851,4.82964582180482,5.03160202302187,0.244485459956578,0.174954133087697,194.054054054054,49.766166582115,57.169781387449,139.021624040424,19.2422199085512,FAIL
4.0163628791814,7.85573509927167,4.61946733546434,5.25320437003771,0.0409190940078457,-0.0188308920853946,196.216216216216,50.5312147760693,55.2460362596526,149.42469706926,19.1133224110146,FAIL
4.63931790168285,8.18664273214673,3.93531947997093,6.3441176223997,0.057257045343366,-0.00391855581649847,182.162162162162,49.5187454433517,47.5887265162995,176.099893587587,19.8480093126225,FAIL
5.34461307082848,6.64937198849023,3.91128209073305,5.17436258735398,0.181292840375411,0.119405053712115,188.108108108108,49.4020151064215,51.974795111934,140.273430183776,19.3905814766634,FAIL
5.61005679704835,7.45234307995099,3.19523035902461,5.40909681673594,0.160345826250615,0.0944016123366143,188.108108108108,49.5117877568906,52.7460281973147,147.100586531924,19.4719017225282,FAIL
5.92369132606872,7.29451769787845,3.3172794935344,5.66643111039049,0.182157123246996,0.115637127894834,183.513513513514,49.1161507634223,50.1142509377784,152.409171668579,19.7068542566125,FAIL
5.90917473514098,8.09440555604652,3.17251379002122,6.21485084893677,0.147953161515403,0.0801700274012823,180.540540540541,49.018330561943,48.4412079831127,168.02867533408,19.9608285326395,PASS
5.8854084143832,8.38261855725445,4.62109679882129,4.99595269955147,0.299701414934433,0.222509063216464,195.945945945946,49.7401770264694,60.1852900299476,137.773747126821,19.2269244966408,FAIL
4.53264809154714,6.61099725805209,3.57931653140503,4.82267134156209,0.100219558899249,0.0431287849075882,195.135135135135,49.9810838431756,55.0834682318762,132.888049253663,19.029311868261,FAIL
5.46938773441821,7.28543261872527,4.48306382949695,6.49833842352422,0.15020155677621,0.0884852404940493,174.324324324324,48.5342321585431,44.2400686902131,174.628940011375,20.2233483816611,PASS
5.64942099621722,7.55373013549836,3.98526300502249,4.96736402764878,0.234419794171887,0.164584122368456,194.054054054054,49.6665767805471,57.4565224122435,135.851351695202,19.223893765973,FAIL
4.30746034445762,7.83632428022,4.20113137713861,5.52832131201013,0.0576206084893239,-0.00265642970142477,191.621621621622,50.2197027328636,52.716919393507,155.697814554586,19.3217462892934,FAIL
5.68311680887421,6.96734333662946,4.00194809193493,4.713734211606,0.252951045717885,0.184818861376982,194.864864864865,49.487608488884,58.0083763028485,127.644555906352,19.1300701325182,FAIL
4.65583197449867,7.71343531281018,4.753550520702,6.02420554201335,0.093966698340422,0.0327617499844659,183.783783783784,49.5775410041713,48.493362994567,167.589314886038,19.7237051430268,FAIL
5.62370756033081,7.356641899892,3.5696607032212,5.40691737876179,0.182253465436435,0.116130225750079,187.837837837838,49.4474877525105,52.4593071676426,147.031347989289,19.4956233325222,FAIL
4.57467944186268,7.11476533342291,4.22622479907194,5.32905747478658,0.101710808841099,0.0423916628631478,190.27027027027,49.9198543846877,52.1032585442744,147.992643215186,19.3171108550685,PASS
5.8427568785808,7.04215668810221,4.5020226859473,4.91079324617009,0.278731518574867,0.209136084575779,191.891891891892,49.3729364796854,56.2011175712618,133.017967694879,19.2823380868386,FAIL
4.60732131399887,6.93731694931177,4.38628350460148,4.83370165410401,0.134438899569056,0.074482554155076,196.216216216216,50.0520578042127,56.3100209097248,134.253542838176,19.0375780627575,FAIL
5.06312263638022,6.80261710075579,3.31434089099266,6.01389009773494,0.0948209183505162,0.0372361269345274,178.918918918919,49.052434251306,45.7619869503795,162.153909125986,19.8480053276329,FAIL
5.82948633645105,6.83951392129398,3.33739669848265,6.09836725900375,0.155015393433973,0.093367935361963,176.486486486486,48.6118738046691,45.4573779391304,161.879327375074,20.0300876123475,PASS
5.22280839107511,7.94698804442545,4.1077959421654,5.0872343302462,0.185085369800175,0.117266142091927,195.405405405405,49.9909393259142,57.5002740879514,141.300497477943,19.1943287801941,FAIL
5.18120550423209,6.72741420984771,3.7428630239513,6.30395605253229,0.110593260231996,0.0530922939782584,174.594594594595,48.6377829946908,43.6814614477386,168.503748775968,20.0929951644145,PASS
4.82090775526454,8.06021006562889,4.94687111831323,5.62209608700706,0.135200665510189,0.0704056324046735,190,49.9384422729839,52.7668957820861,157.923295640312,19.4645977393151,PASS
5.36767220112021,7.4915687336158,4.49817535853066,5.78670896302144,0.174329344941507,0.109620538300244,184.054054054054,49.3343996006123,49.7328177065622,158.603945976785,19.7082842755119,FAIL
4.2917969328763,8.0760328427803,3.2602565824082,5.87311727555723,0.0128531726019123,-0.046223864148023,188.378378378378,50.1051652138953,50.5785778326568,164.320420005619,19.4780138823232,FAIL
5.88061195996784,7.31071637789027,3.22276831343328,4.62322702447379,0.236031524984722,0.164722344113792,197.027027027027,49.5175103279275,60.4679676788433,124.646407920764,19.0569512553505,FAIL
5.55237661852426,6.40542807018704,4.21353084263856,5.21380167738492,0.210311148573967,0.14812097828431,185.675675675676,49.1305460873414,50.755014797922,140.148389884085,19.4890624732364,FAIL
4.78917999747634,7.19318148981526,3.83869973588943,6.15407709626597,0.0813422820266493,0.0230485010456746,179.459459459459,49.2118542468625,46.0042200546594,167.958347674099,19.8642588396119,FAIL
5.45211645547044,8.21046717384326,4.56525581226134,5.15381009936817,0.229178742838931,0.157855675710946,194.864864864865,49.901992481557,57.7914103556506,143.264817873417,19.2613940361629,FAIL
4.40331465683987,7.71001847334311,3.21781673990243,6.27192808364679,0.0170963454560481,-0.0403413097781119,181.621621621622,49.560145637486,46.641904520424,172.907267920279,19.7866123974389,FAIL
5.17461637486328,7.96257126430009,4.19326135462964,4.84898540471703,0.198551133571778,0.130119403619878,198.648648648649,50.0790239685873,60.1509304679794,134.855327709006,19.0460664474407,FAIL
4.16092416298135,8.05750390650578,3.30694199879461,4.62297228164902,0.0380060397179978,-0.0219320582678177,205.675675675676,50.7222821061319,62.9189867244338,130.428877579897,18.7187855205734,FAIL
5.17976680681741,7.3311175445158,3.92473584601227,6.3186726247585,0.113984374527699,0.0535638252863514,177.297297297297,48.9203345564281,45.4167641136101,171.190336609877,20.0256248896261,PASS
4.31887626719801,7.98796052069983,4.34546275846702,6.33799085488393,0.0356510790879508,-0.0238618776647637,181.891891891892,49.5762848359338,47.0267465004235,176.609372839607,19.8257373226831,FAIL
5.12349957455337,6.80277970929855,3.51021421129521,5.7444014022812,0.117499162780906,0.0585402941025542,182.162162162162,49.2356667871063,47.7167351849208,155.582660746648,19.6886875950235,PASS
4.75202681251759,7.11790394797635,3.05730125273252,6.03474926092385,0.0547370893877748,-0.00226291602002249,180.810810810811,49.3651925676257,46.5408979745866,164.420084732876,19.7564099004815,FAIL
4.47476790980053,7.73182605391447,4.49698110212081,5.95687811309975,0.07013457359256,0.00987942211945392,185.135135135135,49.7478693038826,48.9952754324954,166.258963124688,19.6397490255101,FAIL
5.62857506702668,7.88016552383127,4.28903399328096,4.69800434881204,0.271075619685646,0.198039379927614,198.918918918919,49.7982466538568,61.7539464709015,129.108911114763,19.0411466103557,FAIL
5.99879732861382,7.2361917432167,3.15196050881609,5.982505837678,0.163729435873092,0.098683888416357,179.189189189189,48.8249957780664,47.5347481136871,159.717934067904,19.9228178279664,FAIL
5.9994180183264,7.49793844735382,4.18627979897138,4.8088234397859,0.29581875344821,0.221937800976775,194.864864864865,49.4700964118894,59.0888616308129,130.401978021133,19.1963744726009,FAIL
5.27330047985951,7.49214804696705,3.56882975057452,5.81545140187442,0.128962064747126,0.0661092127549711,184.054054054054,49.4070948487271,49.4535882757315,158.937434770445,19.6801453974931,PASS
5.98845539958123,7.41977535669581,3.41047676046834,5.76487367424488,0.188289833754123,0.120950875467862,182.702702702703,49.0589973451594,49.7592400325542,155.053946026179,19.7700826566838,FAIL
5.36617071739426,7.31025670286281,3.16888436938777,6.48098103371281,0.0956294717699291,0.0358970258574743,175.135135135135,48.7191355747141,44.3379345099647,173.764817114321,20.1359425074229,FAIL
4.07869891948525,7.88264289350209,4.1738704771959,6.41322150143334,0.00521694908880088,-0.0526115657644951,181.081081081081,49.5808808585942,46.1843453314664,178.433345151804,19.8400327802378,FAIL
4.79974160834395,7.42728391851957,4.5866797991962,5.29082407832751,0.139316821850639,0.0768508219526242,191.621621621622,49.9386846961018,53.6075528468272,147.391887967302,19.3081540746524,PASS
4.32131842386329,7.53890576454622,4.19432984925822,6.14171046295426,0.0418633880780717,-0.01621761016812,182.432432432432,49.5896917101999,47.0509106998652,170.341296311022,19.7459759905796,FAIL
5.98676467773794,7.08522450682488,3.00124206123122,4.62609594548573,0.227981228560146,0.157310101338511,195.675675675676,49.3946626576408,59.5400565359557,123.932971909239,19.0882588164621,FAIL
4.93191769980019,8.37446450789971,3.0790885902965,5.23314701728208,0.0912244008969091,0.0259117771787705,196.216216216216,50.2618753721083,57.3407576617007,146.065970622117,19.1676051091323,FAIL
4.3400600693801,8.13331877006967,4.27637009903776,6.27414248442216,0.0369897574483542,-0.0231919678181376,183.243243243243,49.6929746853559,47.8674280856613,175.379074064241,19.7693923863115,FAIL
5.52971839586716,7.37055739692657,3.13694499131776,5.5357360952136,0.143619789081666,0.0792679116206761,186.486486486486,49.4498935658497,51.3497742627742,150.418337078386,19.5433799191408,PASS
4.81233092586979,7.56340914206478,4.93273284445412,6.42510662971375,0.100052859337739,0.0395885498857643,177.837837837838,49.034817399731,45.3816646682009,176.406134282678,20.0390026988848,FAIL
5.99679481751539,7.4270548487621,4.4440081563325,4.79166913364649,0.308887315576965,0.235045121281195,194.594594594595,49.444311068301,59.0217790634821,129.976581067826,19.1979024018457,FAIL
4.37368560936686,6.87540898098766,4.83924956707512,4.66332070686104,0.126275874704991,0.0672135287260526,198.918918918919,50.185924893137,57.9131347925296,130.291530297449,18.9111679603955,FAIL
5.39182890944741,6.77736648649222,4.63414052477664,5.14876220490196,0.214407235450861,0.150615620405933,188.918918918919,49.4193354045586,52.7302281872134,140.229117083897,19.3881411841175,FAIL
5.60080352548964,8.03187688715998,3.63408902752758,4.90656402309576,0.217125731388735,0.145465328458715,197.027027027027,49.8582860705658,59.8357274413046,134.856937080266,19.1307158763826,FAIL
4.3229581911202,8.2227242296969,4.41455467224761,4.74135646606695,0.0977131822628634,0.0344925625238395,204.054054054054,50.6477419203362,62.1537258382134,134.724149111888,18.8276449519862,FAIL
5.28076532469038,6.69789977380003,3.16300204548419,5.98957443558296,0.107933271672133,0.0498765391670986,178.108108108108,48.9206526650959,45.6250975239665,160.481311946465,19.8761869988599,PASS
4.38582107315957,6.40141477943668,3.04326330457804,5.30439566176678,0.0498393920092046,-0.00401415914478476,187.567567567568,49.7578067513145,49.6447751608711,145.100823430207,19.3114606938738,FAIL
5.18221920616164,6.49426713438273,3.00633486559774,5.65275671312376,0.105761006563719,0.0483873432123068,181.621621621622,49.1627418689475,47.3404676830193,151.918854179989,19.6574736485616,PASS
4.70109166279569,6.72460384385189,4.24648276774581,5.60208029370452,0.10649949943848,0.0487592904018304,184.324324324324,49.4814747738975,48.4880144474821,153.514230728672,19.5601836812834,PASS
5.69884509393127,7.20278954465233,3.10804345952507,6.49628716086036,0.118328294018167,0.0574810395542906,173.783783783784,48.4921686629367,43.9926090145158,172.628727956013,20.2144213837543,PASS
4.08651532743287,6.65194932217802,3.9162495434729,6.10464733529177,0.0227052768418423,-0.0308558584203157,178.648648648649,49.3103629448518,44.5124712686501,166.690875637871,19.7882694150115,FAIL
4.80749569008344,7.90955808409865,3.6796052077451,5.18788733454523,0.112065902286073,0.0484645040677856,195.135135135135,50.1873061892184,56.2261747773416,144.888055562458,19.176886716865,FAIL
5.22427441654426,8.28121516660116,3.35431702229314,4.73511907898087,0.16797252478726,0.0984545692493985,201.351351351351,50.1599755377831,62.6489558108507,131.234164678599,18.9438213398302,FAIL
4.91744156366167,8.35276870432959,4.58700526579445,4.81408707119135,0.184449458037989,0.115915944630088,201.621621621622,50.3241059316371,61.9172043842283,135.535216478485,18.9623552730086,FAIL
5.58005513539052,7.83437968807302,3.61118959640652,4.78715188520818,0.220732620968389,0.149762328094026,197.837837837838,49.8310685584336,60.4770462874432,131.23417201999,19.0723020539877,FAIL
5.98578866690211,7.94615694617912,4.02647282998074,5.25638086920093,0.255890470080919,0.182292828044357,191.081081081081,49.50350484802,55.9742024371949,143.432196284622,19.4206837268753,FAIL
4.53261756059328,7.59364699059259,3.21577007279693,5.86688099416942,0.0408811448422315,-0.0175713256797894,185.675675675676,49.8122689712244,49.2038552110518,162.357051120989,19.562961110455,FAIL
4.4124789404712,8.17677839209372,4.23718515551723,4.5713057464754,0.113932107540961,0.0502223597467418,205.945945945946,50.586588102918,64.1440174190707,129.296154188242,18.7448858126932,FAIL
5.6988499293041,6.6798207031353,3.46144964777611,5.25119595489387,0.190562408207572,0.126958906400054,186.486486486486,49.2099302189642,51.4497864490576,141.010886508119,19.4800905451486,FAIL
4.40618965966471,7.73472834760829,3.25054321717778,6.17471217074293,0.0204929551114408,-0.0373014219829221,182.702702702703,49.6596147885552,47.3759228711826,170.662971077711,19.7231333433197,FAIL
5.40560153810531,6.98816494933184,4.50599444835301,6.17129774145342,0.158394478425442,0.0972476004252059,177.027027027027,48.7488867560065,45.4081974482247,166.202024785116,20.0322877929485,PASS
4.54329888058681,7.44954843276477,3.01998306041399,5.98454151631907,0.0324841577082078,-0.0248987638983114,183.513513513514,49.6634478890073,47.8794293220459,164.702215160427,19.647256953821,FAIL
5.93490467554391,8.35218993340748,4.32701554311337,5.33950000950073,0.263543646298557,0.188291443187404,191.621621621622,49.6035617857274,56.5146177054605,146.844407220232,19.4354492465262,FAIL
4.01694925043691,7.12588598973667,4.37928857997248,5.30927456461785,0.0409556266834612,-0.0158621275594578,191.891891891892,50.2241284226186,52.1981417530355,149.003521071114,19.2138218459173,FAIL
4.47371523838507,8.31348881128386,3.49309493024909,4.57614206433443,0.0890073726979771,0.02543615394307,206.216216216216,50.5950152851983,64.5868272610634,128.805535981238,18.7316380030347,FAIL
4.52661183944935,8.01414077502275,4.5932268282536,4.75366782149436,0.132850111097061,0.0686927414297157,202.162162162162,50.4720859955878,61.2992229435852,134.382614272397,18.8878622585036,FAIL
4.25663062570285,6.53044155533431,4.65993024358557,5.67320880428544,0.0677630079973182,0.0124678580562253,183.243243243243,49.5218111360336,47.1962340205929,156.075603191095,19.5704970142836,FAIL
4.67863391333257,7.91539283364017,4.35624357248888,5.04077818865775,0.129723614998771,0.0657267002092979,197.567567567568,50.2947353396654,57.7494004138908,141.758893527181,19.0848976196595,FAIL
5.22732870281045,7.35241230560686,3.40155755183085,5.67699070178435,0.123345928125497,0.0611977858955856,185.405405405405,49.4912458502841,50.0746586346637,155.096931874006,19.5936200093825,PASS
5.71972040831174,7.87917259651927,4.69678640881833,5.52916536896725,0.23673176588858,0.166330069309816,188.108108108108,49.4633929368774,53.1892692014582,151.956452487665,19.5685553568652,FAIL
4.68220509095654,6.76239813938263,3.16365916756155,5.42613871094894,0.0746637670591435,0.0179107644985649,187.027027027027,49.697290405061,49.9953635156246,148.541264678064,19.4004892279457,FAIL
4.1826973383152,7.57904142873463,4.6806770164366,4.58110478671151,0.0966249481158339,0.0361753893341001,204.054054054054,50.5539946441889,61.657299662508,129.627498302237,18.7658113273856,FAIL
4.76969995338989,7.45981155360934,4.29668754314568,4.71850772698309,0.158002432427448,0.0945739471056837,199.72972972973,50.1768298067503,59.6727079251281,131.552350204942,18.9454598629922,FAIL
5.51547566094201,7.18812154646311,3.07063200916738,4.62514836758488,0.187065645614981,0.120183742012429,197.567567567568,49.7005866984512,59.8501719758222,125.496719402785,19.0037323349914,FAIL
4.01998155827316,7.55181155601606,4.52261346274814,4.67412369429964,0.0644894307397815,0.00541385687607043,202.972972972973,50.6320303299792,60.3638122440213,132.519876277399,18.792075621127,FAIL
4.12582068554999,7.68027208981781,4.80976774179472,5.3200482519785,0.0586229664196546,-0.00121600212748141,194.054054054054,50.3665442775243,54.0524853511075,150.763892465135,19.1936709897317,FAIL
5.56338624681103,7.41198813076276,3.52481275466932,5.25839974227339,0.1823999157083,0.115904475803272,190,49.5779436902286,53.9917692679139,143.400621940906,19.386516235889,FAIL
4.94508339758615,7.83954710594364,4.15894305672761,5.43513159329846,0.135059195493939,0.0708073450547171,191.081081081081,49.9434695663929,53.6987528530582,151.426691937233,19.3700046871766,PASS
4.51751382350907,7.68671126805339,3.07659143997149,4.62127691226708,0.0749992234834455,0.0141946245687632,203.243243243243,50.4291828431641,61.6056944819168,128.869908027891,18.7973793835293,FAIL
5.47931034147967,6.44364298633784,4.29821489202237,6.27609053329666,0.15387687153186,0.0956495206231804,172.702702702703,48.3200051804707,43.0448902429441,166.077953224363,20.1912084753366,PASS
5.79959464510455,6.98816263296187,4.62557025526343,5.63498888728686,0.227869788792793,0.162137413708212,182.432432432432,48.9951442039198,49.3723239773868,152.001690861162,19.7452409845245,FAIL
5.86609330640801,7.9970207076828,3.5533440598113,6.49687930643647,0.152454031465539,0.0861437811744076,177.027027027027,48.7184508424908,46.2912267887968,174.949819530262,20.1628041674291,PASS
5.45354460278524,6.97322149688583,4.18310383453143,5.9982281400538,0.160839393652318,0.099243564548242,178.918918918919,48.8961979627727,46.5314203060117,161.688676050292,19.9148615513119,FAIL
4.90047235422123,6.4822047461366,4.91138366832114,5.4662126162196,0.150264000435269,0.0915656870655589,184.324324324324,49.3225674808804,48.7838238179425,149.151505507549,19.5557351617625,PASS
4.1664075672755,6.50642644588642,4.26176930035965,5.10973312221203,0.0689822382646553,0.013741577188473,191.351351351351,49.9759703325846,51.7788406040278,141.652253051988,19.1792106326456,FAIL
5.48045611126575,7.5258649140791,4.42493401539013,5.79132999461896,0.183474422866267,0.117971253655386,183.783783783784,49.2883051822992,49.8268417975531,158.395694482914,19.7241865486849,FAIL
4.61370531657511,7.48715975521999,4.59501293392398,5.85614131083773,0.0928658725150692,0.0325538773139633,184.864864864865,49.657565902607,49.0298800739098,162.721183457266,19.6290748842301,FAIL
5.94780577328733,7.72048799738914,3.49310346480601,5.40160331007498,0.210936621616076,0.14039728262866,188.378378378378,49.4102204883679,53.8105173420013,146.597113130925,19.5077477079724,FAIL
4.50388409898887,7.92099727837179,4.04442294580974,4.7172280077927,0.112438049400895,0.0494731375455546,202.702702702703,50.4727125379302,61.3640252998718,132.795197601179,18.8579173272345,FAIL
5.37259796905387,7.72511047037486,4.81148689410711,5.4796114486612,0.203432274708589,0.136092031125053,188.918918918919,49.6230352761185,53.0467366769781,151.515142285434,19.4977433091941,FAIL
4.92668170610518,7.72683426857849,4.87501798957892,5.15373080223869,0.171398208498001,0.106097523100114,194.324324324324,50.0381637148116,56.0086248950594,144.19499848561,19.2231191224089,FAIL
4.0464248153685,7.94616615953393,3.16973964397145,5.57129777530615,-0.00782796112346196,-0.0655702702254405,192.432432432432,50.4073392849329,52.5918159198529,156.641685711135,19.2603248467697,FAIL
5.59672949056477,7.49504837339593,4.6056468579927,5.13115418053921,0.243311264510179,0.174210937133852,191.891891891892,49.6024783204752,55.5673752579412,140.809489384987,19.336044164886,FAIL
4.79299947051352,7.34132450218595,3.52805728515662,6.05467417411233,0.0738477028329142,0.0150790448617534,181.621621621622,49.3908526347525,47.1250861922001,165.808741754065,19.7689508612755,FAIL
4.9881784065303,7.65382832522009,4.02448295734235,6.18896815112696,0.102989055682399,0.0416329087968099,180.810810810811,49.272707570514,47.1946958913826,169.833156228199,19.87084504762,PASS
5.60200189585566,7.39134578294754,4.73427265716312,5.49422101926497,0.223126882527658,0.155927524473456,186.756756756757,49.3647252065244,51.8565594143035,150.262148815216,19.5779990770473,FAIL
5.92359758939311,6.54566604995863,3.75485282036967,5.68184587666503,0.200535384009209,0.137618793512756,179.72972972973,48.7250804674596,47.4852426188643,150.860244006402,19.8250618221925,FAIL
4.43170244363563,7.75287180537189,4.33421713029663,6.00980892090682,0.0594799315710643,-0.000342023678832404,184.594594594595,49.7401276719449,48.6537117190369,167.605887689592,19.6590648034215,FAIL
5.5624799775256,7.63167860418493,4.61981858524935,5.08016801614721,0.244860689996742,0.175098411742422,192.972972972973,49.6876339199503,56.562047217562,139.822963522988,19.2867252353653,FAIL
4.52040363317285,6.52049211426048,4.44385628984296,5.39211129469687,0.101796725008039,0.0451202748585492,186.486486486486,49.61095162921,49.433359253662,148.205126999782,19.4244952885567,PASS
4.24775710788991,7.81703594346213,4.96384297298354,5.37834564083886,0.0747080808074316,0.0136452309171607,193.513513513514,50.3135337294933,54.0066444293415,152.482642057944,19.2407444479786,FAIL
4.34336182351564,6.41592045522917,3.55439516112879,5.39438804894856,0.0603600643669489,0.00603047354902653,186.486486486486,49.697160609671,48.9587092916752,147.828969315049,19.3801659673504,FAIL
4.08063601695079,6.51412849760862,3.08777384461952,5.81073969436319,0.00970093996047439,-0.0426433823684985,181.891891891892,49.5807670359102,46.0275328520003,158.696619733477,19.5755551594164,FAIL
4.06289091033482,8.12246607460134,3.39218738261322,4.96198450622197,0.0165745404261687,-0.0428344071888361,201.351351351351,50.744891163312,59.1307331265462,140.541055924469,18.8938995828246,FAIL
4.18733675113053,8.23101142196685,3.32570844186397,5.20689833961695,0.0204076375547938,-0.0397499063036089,198.108108108108,50.6234789352198,56.9541063631012,147.233565100556,19.0470293343172,FAIL
4.16284674320899,7.59316480727448,3.77261605568224,5.44227174024869,0.0333022375250769,-0.0249075298218721,192.162162162162,50.2758046493143,52.6222709248554,152.812037814038,19.2552413304517,FAIL
5.97339172608393,6.72750365789265,4.88949343074652,5.4241032074698,0.264846962309497,0.198145011942217,183.513513513514,48.9122259815752,50.2375394577963,145.50540938287,19.6757294000977,FAIL
5.88428608610925,7.06100519623433,4.77787977416452,4.56361221601143,0.325881711743839,0.253678592325176,196.486486486486,49.3863713134701,60.2419286171522,123.484296898842,19.0818661530582,FAIL
5.42431057875833,8.11224800068148,3.57827471607993,5.74096476707256,0.147103492731563,0.0801205700691862,187.297297297297,49.6131809351267,52.0144679602366,158.086511120814,19.595170165262,PASS
5.96057137561608,7.41512390880049,4.62316685419189,5.87822527869605,0.23279116984287,0.164742529307398,181.081081081081,48.91747171003,48.9197796710985,158.783213936522,19.879945904267,FAIL
4.07328492999036,6.62535885004802,4.97391732093469,5.01923642705729,0.075155750991596,0.0189586747175458,193.243243243243,50.1092120997864,53.0972550147608,140.276558040831,19.1109472681558,FAIL
4.14353141935545,6.43187476179108,3.99850089808578,4.92568142317019,0.0671496271282057,0.0124142176232374,193.783783783784,50.0478383172664,53.2388023078726,136.449352183482,19.0600391103363,FAIL
5.60544874784959,7.53898030950621,3.65962842941436,5.53234598622925,0.178669400618477,0.112156896654197,187.027027027027,49.4468476482977,51.9806955858343,150.843963885544,19.5552063757243,FAIL
4.82678472954172,7.48599280098868,4.93893566226594,4.64967927200994,0.191882253582186,0.126968998176436,200.540540540541,50.1463906635121,60.6305440336838,129.925202025392,18.9256887331991,FAIL
4.09440061048043,6.9501096548843,4.23425026136316,5.29438525551561,0.0491927301601943,-0.00716069242894835,191.081081081081,50.1199324788354,51.720596762318,147.862303806956,19.2326289272266,FAIL
5.41369577295442,7.17494505212673,3.25119890948171,5.21200415573736,0.155188290959702,0.0912327282978848,190,49.6087309906419,53.540085904174,141.933607354431,19.3473384305387,PASS
5.67604609456995,7.83798755997372,4.13329372669664,5.05936508915364,0.240362099738439,0.169032762155216,194.054054054054,49.7102275042783,57.5213043747568,138.931816170848,19.2626970753767,FAIL
5.17066552791528,7.17830575595929,3.34642683333814,4.54849356508547,0.172692198121297,0.108176960517943,199.72972972973,49.8835327759444,60.6686960148587,124.466218357345,18.9110094399517,FAIL
5.82920156305489,8.09246755061183,4.74152602447262,6.00468407439812,0.222167499105385,0.151990578026053,182.972972972973,49.141163350701,50.013253439956,164.362803367949,19.8674325309274,FAIL
5.22415751583516,6.802048688318,3.51418150380123,4.51917603341577,0.189811887038736,0.12634806067532,198.378378378378,49.7134132253882,59.4856120759625,122.952135772462,18.9397753796493,FAIL
4.67858831906751,7.89877864741218,3.56319317882421,4.50771121738231,0.125776556928816,0.0618446182230145,204.864864864865,50.3668811330885,63.9542245675948,125.819420642595,18.7569783366225,FAIL
4.06098376199195,7.78290380137255,3.5444083561843,4.69733219664719,0.0353953042843458,-0.0233129331322449,203.783783783784,50.6956716837761,60.9433759927334,132.631676899168,18.7709424425419,FAIL
4.76293867780547,7.66668984635219,3.68204574261484,5.76187680036911,0.0844452739674347,0.0235437126140856,186.756756756757,49.7771929668631,50.3181543226206,159.661023701565,19.545267615553,FAIL
5.30628772391164,8.23333085977357,4.4363786578238,4.72588037219419,0.237351589841238,0.165666073474207,200.810810810811,50.0750008540754,62.6512764113286,131.521943468833,18.9811228831955,FAIL
5.37005078691221,6.87566722649165,4.75642493917753,5.75917198468102,0.181260797135326,0.119156333481692,181.351351351351,49.0627449424862,47.950952162493,156.196238677229,19.7729692731003,FAIL
4.11308598013114,7.79930461271362,3.86101328125986,4.96921906946669,0.0435979939061266,-0.0157550398237346,199.72972972973,50.6062627333117,57.9366866241321,140.553449825467,18.9452301976974,FAIL
5.32744404192927,7.58277123422758,4.51111590956861,5.15395549567811,0.207600463207825,0.140406756030202,192.702702702703,49.7763818256145,55.5848014835869,142.397009747597,19.2946838218259,FAIL
5.46499084579696,6.45875190244976,3.21716244689312,6.2566553779512,0.116634349428061,0.0596135887535889,173.243243243243,48.4411651253007,43.1590360561801,165.216955271042,20.1257240090084,PASS
4.65685494597994,8.36307990507493,4.18436285200343,5.01901312581063,0.121132897686191,0.05571170030165,199.72972972973,50.4451634989592,59.5292849156428,141.827892148152,19.0284722873396,FAIL
4.70458503414952,7.37480346607702,3.55336933234744,6.10413355954406,0.0646147317176933,0.00622511039604468,181.351351351351,49.4024798135996,46.8664411375757,167.373835155361,19.7830719288693,FAIL
4.53182783269072,6.7807117433498,4.4864657992887,5.85906549257144,0.0850315158659298,0.0281360993037728,181.621621621622,49.3632602069135,46.7223903404276,160.649821153549,19.7017000850428,FAIL
5.40178535850444,6.72795737681251,3.77057646370632,5.770835196693,0.151637550360714,0.0912372559085922,180.540540540541,49.0200143482336,47.33678854616,155.289842562015,19.7726039867331,PASS
4.30600694388209,6.72651305397713,4.62258229056903,6.14572805440652,0.0560575975636367,0.000727545575255228,178.108108108108,49.1611833702893,44.5522933148319,167.930535656836,19.8686788912451,FAIL
5.7551246883781,6.63790181744321,4.28235327944207,5.62485484326033,0.209791793277448,0.146585764947216,181.081081081081,48.8733501590064,48.2299195342373,150.596696531893,19.7650111258844,FAIL
5.71402415423771,7.89533312660451,3.06168869755719,6.20709216822781,0.125814918823987,0.0604759028831603,180.27027027027,49.0599096204625,47.8762471386876,167.896640978343,19.9396854918981,PASS
4.93747202246295,7.37175927066643,4.03159003500128,5.27692206615012,0.137806945609678,0.0753480100429372,191.351351351351,49.8720646373633,53.5542501098429,146.07123548427,19.3130237628422,PASS
4.76859484090211,6.80959890773741,3.21751510825577,5.93008294106367,0.0683649486723074,0.0120735480967302,180.540540540541,49.2852837002079,46.3029972522853,160.96712431702,19.7374201401185,FAIL
4.04461855824975,8.39534949096758,3.15184305750316,5.284631583209,-0.00828722628369971,-0.0677645921599231,198.108108108108,50.7161406246469,56.6782020590212,149.749661313875,19.0499989515218,FAIL
4.66411938309199,7.70728508953145,3.98656665476261,4.54663500872878,0.141971296085718,0.0783780820688136,203.513513513514,50.3217437223776,62.7064856075523,127.06393621137,18.8007795199766,FAIL
4.08146327593272,7.20788912371631,3.93827667616151,6.40763797676258,0.00888833451468207,-0.0462379128688903,177.837837837838,49.2905892017962,44.2843685775285,175.776650604615,19.9141109966752,FAIL
4.57793498343716,7.71673446502508,4.33430136241996,4.51992290386283,0.145499702437981,0.0820335049037499,204.324324324324,50.3670116428823,63.0775780335598,126.793167646633,18.7780586449641,FAIL
5.43217846145804,7.34351553748946,3.17616950659311,5.40930189783223,0.142876707794889,0.0788098808860379,188.108108108108,49.5654825722201,52.3315861569843,147.402827137186,19.4526330067955,PASS
4.73910533911659,8.29131079466367,3.49170175267974,6.08676146389553,0.0597260694473311,-0.00239152333010706,185.675675675676,49.7643886061373,49.6980971012543,169.328004201389,19.6743804230879,FAIL
5.80751129163105,8.21489140674608,3.4511515786871,5.16827271498811,0.211512262190154,0.1384884554562,193.783783783784,49.7351147176293,57.7017263911082,141.635224204092,19.2991777259783,FAIL
4.03371711996249,7.23514855840589,4.6324533729634,6.18207617138722,0.0218036878737948,-0.034490850913597,180.810810810811,49.5215363108132,45.8272697099109,171.332661259244,19.7761338227006,FAIL
4.16811514441605,8.33957829048673,3.30229382427069,6.05199694510093,-0.00611918518035226,-0.0652659580886135,187.567567567568,50.1046996495967,49.9620923833756,169.758704635152,19.543696977961,FAIL
5.00483266297083,7.85037747643404,4.56305708618853,6.40422742061677,0.111504757789208,0.0492428418964677,179.189189189189,49.1093655263581,46.3516788203448,176.000107420855,20.0099527384138,PASS
5.21718607932247,7.00858348900679,4.79087279054791,5.21562154975468,0.197043139643265,0.133339195018997,189.459459459459,49.5736417517996,52.9234500709485,143.231996931578,19.379847756762,FAIL
4.23686049934278,7.12234848394528,3.87324798991511,5.91304745015682,0.0357434309069816,-0.0204466458068925,183.513513513514,49.6700920510457,47.351660066687,163.400807283134,19.6219471433202,FAIL
5.78898677598173,6.61975453841786,4.74456388075105,4.67465056862864,0.296329466814033,0.228251643099918,193.243243243243,49.2722739924374,57.0834421757227,125.961062919012,19.1755972997305,FAIL
4.4313888029078,6.41508633764434,3.78967328110995,5.84800599580821,0.0618584868206778,0.00769972137592989,180,49.266788699727,45.5333838277263,158.867756014477,19.7035798955667,FAIL
5.57913000149782,7.43841056986003,4.1110472994135,5.48707126270521,0.19838800070424,0.131801094508263,187.027027027027,49.4271337709773,52.0480117950281,149.83472694593,19.5470632366739,FAIL
5.87069896039301,8.18350709670957,4.167131151452,5.52923941615999,0.2339351933728,0.161341018066876,188.918918918919,49.5015121211616,54.1813845777243,151.701806657016,19.5507624687984,FAIL
4.70082884322404,6.73800732816323,4.29451726122158,4.80168740024573,0.145021957587369,0.0853828172848707,195.405405405405,49.9255826178965,55.8851384039531,132.611823754433,19.0511467803038,FAIL
4.26483543367692,6.60771882493025,4.6412432510637,4.7138953888686,0.105742518137551,0.0486751424224936,197.297297297297,50.1261811386145,56.2173837441363,131.251690503666,18.9461844639039,FAIL
4.72075711343911,7.91562157495967,4.73592103134355,4.65343885287711,0.171504612545779,0.105852613896809,202.702702702703,50.3363926963273,62.2075660339369,130.899642250177,18.8721592273254,FAIL
5.13322083964222,7.09189585462789,3.34301620259966,6.15552515258687,0.0955372381046796,0.0366819578100893,178.378378378378,49.0294760826105,45.7285934077146,166.290748155679,19.9166242960131,FAIL
5.18478426065148,8.03017579065399,3.68293937680927,6.30380891815008,0.104640873637266,0.0414124377332549,180.810810810811,49.2403612478084,47.5225429926705,172.819871259736,19.9228996057457,PASS
4.23268949229097,7.583030436109,4.29068458643193,4.6209987210783,0.0902273159729688,0.0299654321668966,203.513513513514,50.531042083699,61.1785632958711,130.365760938814,18.7888249108653,FAIL
5.62656234697575,8.31719526979998,4.51740126120112,5.48379880063532,0.226203659064028,0.154362922442872,190.540540540541,49.6871769867389,54.9744822908444,151.865249196673,19.4796252208228,FAIL
5.18590141053209,7.14559052850949,3.29611874152659,5.08367071310249,0.141767465977704,0.0790978013442072,192.162162162162,49.7740949175603,54.6201695198389,139.149650203479,19.2351226452266,PASS
5.27386010263279,7.2985918133513,4.73375424687965,5.88731120912454,0.165861646214212,0.102734177897269,182.162162162162,49.2031324551634,48.3461367256202,161.008398637608,19.787486772361,FAIL
5.20755745047413,7.1811659310833,3.94375336733006,5.0778779508902,0.174794843103046,0.110866588766682,192.432432432432,49.7452405387431,54.841928617436,139.436768753719,19.2516149542457,FAIL
5.94910926200708,6.56237721327898,3.8560056229059,4.66311930281929,0.273830958076106,0.205667057317127,192.972972972973,49.1817481339403,56.9804654062052,124.565953457921,19.1785611360831,FAIL
5.70562925688077,8.16780428410969,3.45250637868625,5.45772141369983,0.183385807472124,0.112921627413567,190.27027027027,49.6574067562504,54.7105627433735,149.735138177013,19.4595118794581,FAIL
5.27725375371871,7.21238955155322,3.18190025054712,5.9027902600546,0.109127464476934,0.0483844689574008,181.891891891892,49.2480662159586,47.8928639609541,160.042305054458,19.7537393582321,PASS
5.56757345989938,7.77013161658723,4.39901539649216,5.16153193983473,0.231993184877162,0.162092993437043,192.702702702703,49.7066763427739,56.2203855157012,142.147751998328,19.3191794114796,FAIL
5.34660693393187,8.0417578107944,4.768442000348,6.06533457347121,0.168242451261807,0.101828082419476,182.972972972973,49.3186314382497,49.312767290372,167.407176076617,19.8312211705222,FAIL
4.93248792601242,7.97609659957993,3.54820575696949,4.6347538966861,0.150033950744957,0.0839182541382237,202.702702702703,50.2508456282135,62.6849999907097,128.923907178449,18.8652422196295,FAIL
5.96871347758848,7.33157875904596,3.29865588318336,5.24540610992031,0.208470822689231,0.139383409158946,188.648648648649,49.3457955211584,53.9138845616348,141.456191243969,19.4461734047253,FAIL
4.80706636850173,7.51732435918619,4.58960446899212,5.03257953843049,0.154266988613255,0.0907173104679537,195.405405405405,50.0881351874738,56.4544293887782,140.564360988853,19.1419520351352,FAIL
4.72631350607492,6.64110994182518,4.03431632951422,6.09042359891625,0.0863496310298608,0.0302875434302721,177.567567567568,49.0055032447572,44.6992864854439,164.78355272085,19.8942552020049,FAIL
5.80665263991279,6.6810859750238,3.45314824216223,5.11328851119033,0.207912109809286,0.142924263086662,187.837837837838,49.2190994977637,52.7476897862679,137.090800163441,19.4103155768683,FAIL
5.00730692651149,6.84110719253,3.74711072553459,5.26383225238601,0.136061307447351,0.0758844015632191,188.918918918919,49.6303884430036,51.787236388595,144.015720542071,19.3640114784119,PASS
5.47223756485638,8.02088279771133,4.50235009035842,4.90518967711094,0.245908028550355,0.174349151517756,197.297297297297,49.9058075958873,59.8116776565245,135.86426075118,19.1308198936199,FAIL
4.10400357139862,8.34245017723939,3.02160450816631,5.52272787239023,-0.0119262994849342,-0.0710560252113439,194.594594594595,50.5462037527775,54.2764235476783,155.862659895009,19.2003120297963,FAIL
4.29090306387295,7.47498077015081,4.7910015599551,5.40783922602946,0.0772042963125004,0.0174373658181292,191.621621621622,50.1484038201427,52.5992021976086,152.184267363892,19.2960293742047,FAIL
4.33736204849842,7.15171215840039,3.53526838465956,6.47213077158664,0.0227960103556684,-0.0323382940308149,176.486486486486,49.1042605524074,43.7576943083797,176.144166059253,19.9924295732372,FAIL
5.797917958518,7.66131766081792,3.62065581282944,5.61786620534169,0.191000658075008,0.122844635447811,185.945945945946,49.3381079770791,51.6978009197682,152.689604650029,19.6270770573877,FAIL
5.54841396243643,6.56433568828734,4.45562746759101,5.4053200728737,0.207904838504311,0.145347325345635,184.054054054054,49.0864268176276,49.7018283432132,145.645048341508,19.6005813800619,FAIL
4.28959467615836,6.57572266325373,4.79390527938492,5.40806417382571,0.0828905624999422,0.0266717457495057,187.027027027027,49.7396126466272,49.4632764989911,149.618126108633,19.3989454115356,FAIL
5.77742987382508,7.21060647788892,4.1026509422527,4.67287634170258,0.274277188019966,0.203582687943696,196.216216216216,49.5185212075533,59.4837801850686,126.732662096086,19.1014385948029,FAIL
5.5541832898742,6.65660516099643,3.22891523541917,5.63018265285012,0.147577611739698,0.0868601955096583,181.891891891892,49.0528799253526,48.1651917792525,150.843695159595,19.6938639352595,PASS
5.93634154833162,7.24732418087513,3.9978016338375,6.07287242675949,0.195091505722107,0.129695364585737,178.378378378378,48.7242803593589,46.9586688295674,162.662708968544,20.0038853173828,FAIL
5.16803920545986,7.33985488371356,3.94616807921368,5.17889801889697,0.165116663189574,0.10104970104807,191.891891891892,49.7860928079778,54.4195858089401,142.627364082753,19.2916725940517,FAIL
5.255624750765,6.65073555127691,4.11540568188019,6.33574187266881,0.127233669879287,0.0694194489114242,173.513513513514,48.5022299396615,43.2801195160423,168.898922886593,20.1546076193753,PASS
4.6746422042295,7.05539378735406,4.1531895392682,5.87637061259011,0.0893469984420664,0.0310817469420667,182.432432432432,49.4336863112126,47.5055627717032,161.368655492384,19.6905663032744,FAIL
5.25215475557297,8.25952782283166,3.66276079337717,5.33374649928929,0.153976838104874,0.0860048123347265,193.513513513514,49.9836607508433,56.0761738121119,148.180037619464,19.3080511927806,FAIL
4.67162575797611,6.87556097083459,3.8004458800198,6.40781265156909,0.0641039664949284,0.00833137775365378,175.135135135135,48.8521730295778,43.405486296446,172.975000083611,20.0573198430445,FAIL
4.3864573437793,7.61640143881495,3.30912668501172,5.01345589210124,0.0563359584341988,-0.0031057527721563,197.567567567568,50.404014389464,56.8551974477818,140.344271426643,19.0167846576978,FAIL
5.59918444565755,6.86750510068176,3.73989490156989,5.13486782514083,0.202184080304972,0.137441839493865,188.918918918919,49.3864426903819,53.2099719720603,138.911963707189,19.3783940051088,FAIL
5.77141749038798,6.45586605790715,4.26036998831807,4.96467663843346,0.250716506085853,0.185617594356939,188.648648648649,49.1528927294199,53.3346742704865,133.164722952263,19.3606035092437,FAIL
5.42593020612813,6.55177672657299,4.94065673196044,5.30823540378281,0.215738695995373,0.153164357542804,185.405405405405,49.1873109068945,50.4734952010786,143.79356181663,19.5317066685766,FAIL
5.66137155853717,6.97168936013475,3.0299992589608,5.65211778474321,0.14426019606912,0.0816277040442743,182.972972972973,49.1448717889899,49.0821933294253,151.869105659659,19.6790657508917,PASS
4.11512583890366,7.60895244845885,4.23435836562398,6.06547404970608,0.021963651482801,-0.0357306686094673,184.054054054054,49.7863320010503,47.75172978947,169.221578007709,19.6541840546239,FAIL
5.09004633504668,7.34802016214721,3.66345999879666,5.06093884230383,0.150682307431103,0.0871543033299574,193.783783783784,49.8919896342531,55.5827726214257,139.486880860671,19.1974889702711,FAIL
5.70070417000499,6.82266654956712,3.27037962360901,5.62556658519811,0.162033445285139,0.099451181076912,182.432432432432,49.0553833343346,48.8054605104923,150.785160971803,19.6964245485582,FAIL
5.37389398071415,7.12527802969283,4.37387311609818,5.18917048204601,0.203000566081272,0.138003035614017,190,49.5676932480805,53.615030022622,142.069885075589,19.3659739704902,FAIL
5.65829732154905,7.72182840012018,3.71064505908481,4.66323245963562,0.244274277802633,0.172389092016929,198.648648648649,49.7521744922171,61.5589353987026,127.379821035232,19.0242857075491,FAIL
5.20133070290931,8.19439879828487,4.90591847960483,5.36187946501351,0.196186399723876,0.127405724920459,192.702702702703,49.9361275224127,55.6284990021725,150.028242706775,19.3545846209332,FAIL
5.84343838264696,7.52045689311354,4.87085537210049,4.50101640890443,0.338877093965944,0.263901227668022,199.459459459459,49.5430840114984,62.9021233979077,122.644275667884,19.001144150076,FAIL
4.8647614218448,7.61042290890865,4.58033803535187,6.4466648640653,0.0966936280990467,0.0362260904820128,177.837837837838,49.0276616050825,45.3768524278575,176.633500625727,20.0448266858123,FAIL
5.69376467557933,8.39544800657185,4.29460243278352,4.81292952053541,0.275528578184653,0.199680115475079,199.189189189189,49.8817461356548,62.2831867333324,132.943153837129,19.0804648998127,FAIL
4.0554881897719,8.29479826976903,3.20837916515801,5.62227147850642,-0.0114933260198374,-0.0704271026340542,193.243243243243,50.4832740634715,53.2490417600637,158.708398335277,19.262540454887,FAIL
5.53062618765341,7.47937490931549,3.94389595647802,5.91515079473,0.16437857055083,0.0998260634075081,182.162162162162,49.1706473950213,48.7291236965445,160.836655467431,19.8023036157612,FAIL
4.55054756742308,7.33968402018043,4.72903173563023,5.6766727523413,0.0965915168552963,0.0366332987606111,186.756756756757,49.7650568070064,49.9444405147996,158.043032057383,19.5234620709139,FAIL
5.97342657955926,8.28127682216408,4.89446518893697,5.63403458250724,0.269536804620927,0.195238917692782,187.567567567568,49.3874900356189,53.6160570733922,154.911800194532,19.6428108304836,FAIL
4.02445509044476,7.02423002175836,4.74553726242769,4.8343007486816,0.0682777368640476,0.0108899332783911,198.378378378378,50.3984498005373,56.5101897283935,136.174385712565,18.9406251835207,FAIL
5.72875340754952,7.72152871338592,3.21845254812906,6.44757692834673,0.126669683094421,0.0628054197306602,176.756756756757,48.749222247526,45.7922165268457,173.184551802303,20.1254351619351,PASS
4.40872510902689,7.48554488097898,3.03815301001775,5.65743833213253,0.0285423454881135,-0.0290057152810007,188.378378378378,50.0020874418067,50.4689200561598,156.943426700199,19.4149571460007,FAIL
4.87158860515765,6.78356822538737,4.86101855823866,6.11533368571813,0.117878846466755,0.0597378471902544,177.567567567568,48.9355919216883,45.0485617308691,166.023156303767,19.9441786314005,PASS
5.33489174163152,7.00197432523689,3.11385023281922,4.64034949549264,0.170524410463117,0.106170654884011,197.297297297297,49.739362295429,58.8714388723747,126.159576171681,19.0003824975025,FAIL
5.34392215524275,7.49039799020832,3.97000930365417,5.62857014355576,0.161152710047971,0.0966693701899387,186.216216216216,49.4861705699091,50.9687670374064,154.267502581507,19.5871703900528,FAIL
5.61759672587743,7.99098098499671,3.22440981535988,5.5021332569702,0.15826709952354,0.0899500224414914,189.189189189189,49.6390383567295,53.7064104071362,150.679609734143,19.4798917052407,PASS
4.13953207227023,8.13384974807362,4.75755928114166,6.28235522720082,0.0242696770603699,-0.0356213657650005,183.513513513514,49.7565368835288,47.7894765584713,176.545372537182,19.7553875768943,FAIL
5.27401972180323,7.80166596549075,3.79516066030032,6.05999762775871,0.127602253891357,0.0638718367511739,182.432432432432,49.3176632119499,48.5886010371662,166.037890168503,19.8106406701151,PASS
4.55805683331896,6.65354192821448,4.71977223956931,6.47908713764081,0.0732115048264222,0.0179511108739296,173.243243243243,48.6385954080022,42.334587275422,174.555754385339,20.1575422156521,FAIL
5.308533335745,6.50009801338254,4.65679386920183,6.3393521002034,0.145691013508083,0.0878189406521421,172.432432432432,48.3449948044414,42.8222889515952,168.477678512909,20.2107193788763,PASS
4.17145821297158,8.25247115286925,4.77571876971613,4.9853315306761,0.074222447443868,0.0117448359279548,201.081081081081,50.6840691950914,59.4102677372411,142.493083616956,18.9495659959066,FAIL
4.79963727257983,6.60852172318134,4.91265202960373,4.84975893247317,0.172062727344536,0.111796167248884,193.783783783784,49.7831563079024,54.9046038525597,133.715800397384,19.1260673203383,FAIL
5.0183477013721,7.24584751542386,4.26883590580965,5.59364386053723,0.139450310280482,0.077653875279173,186.216216216216,49.5666381804085,50.3903189744538,153.946653110878,19.5464018310163,PASS
4.25818763208749,7.39036549208467,4.0007231263412,5.35504771649574,0.0559354193690262,-0.00245641869216362,192.162162162162,50.195674195702,52.7458661578193,150.007547125913,19.2446405513728,FAIL
5.20748940750834,6.57521651316562,3.43081655774383,5.22470281015937,0.144921121717373,0.0850860453899374,187.567567567568,49.4392017503168,51.1885708815861,141.516408830284,19.3923887933572,PASS
4.46035859455861,6.68047984311731,4.43579562839191,5.0680514142093,0.107744729490892,0.050089256570141,191.891891891892,49.9212701330442,52.9090612155085,140.404717636857,19.1869812746996,PASS
5.13472399107672,6.60292519033726,4.89180031037865,5.22971252141439,0.187946532834533,0.126701314805184,187.567567567568,49.4178010798112,51.2893352388817,142.791182204445,19.4243086400352,FAIL
5.27013922495575,8.33184495082198,4.06863598703434,4.56529069496636,0.228046866351726,0.156104750212812,203.513513513514,50.1083489384086,65.0485825687484,126.783486072349,18.8687679118006,FAIL
4.66802817821508,6.56778238594284,4.5760640372707,5.30574334846705,0.124563078140796,0.0666267395072805,187.567567567568,49.6157008818483,50.376479813942,145.823339679236,19.3910590796795,PASS
4.26059682952288,7.81724964119643,4.32307688823551,5.05752946323148,0.0736499337935806,0.0128253088861613,198.108108108108,50.4883343014815,57.121783464912,143.120716040835,19.0326189600627,FAIL
4.98703330081464,7.88374529552852,3.9383612622927,6.27453557955015,0.0962210928867233,0.0342704614064051,180.810810810811,49.2917414367129,47.2755027390435,172.523780697692,19.8964261220216,FAIL
4.71859468782528,7.91822543565517,3.1480259959676,4.52159722272209,0.106590617686737,0.0429605028963995,204.864864864865,50.3605308863241,63.8402092920342,125.821622583144,18.7593014785118,FAIL
5.17104068269632,8.11404288953426,4.15943416454203,6.40650562751921,0.116152799358833,0.0523653396517998,180,49.1547307988122,47.0894169347659,175.998711132739,19.9951158619021,PASS
4.67631632855459,7.03334523886496,4.47705807986941,4.79766729902991,0.147640819208592,0.086647907399713,197.027027027027,50.0595029399319,57.097813063309,133.33544877464,19.019953154258,FAIL
5.99159575740019,6.94429355737067,3.30127094718926,5.99404871226281,0.170520689248018,0.106927842545682,177.837837837838,48.6765911321451,46.5342329616974,159.206975973911,19.972377124312,FAIL
4.3333010717158,7.99712351139524,4.52752604302336,4.67365469575562,0.107367436527079,0.0446545273254781,204.054054054054,50.586289352378,62.1527625359897,132.486908042803,18.8092937225179,FAIL
5.96551750805646,7.74626642160332,3.57252966407058,5.03887220325868,0.241509510752605,0.168640574200404,192.972972972973,49.5446026067088,57.4582006454783,136.876948660484,19.2908105071564,FAIL
5.01245135806049,7.54415674780035,3.38356778596616,5.68477297714143,0.100976252326091,0.0393551387448199,186.756756756757,49.6757848208966,50.5860177743183,156.421684039817,19.5410864785621,FAIL
4.86596015339278,6.65422962404431,3.31917125693577,4.93389088209583,0.119507763633979,0.0608063211920898,192.972972972973,49.7973618979024,54.1751845497024,134.952976287043,19.140543711303,PASS
4.58800620910109,7.96116780187195,3.64750827823245,5.6422469343401,0.0670696215138581,0.00577216562103422,190,50.065194819377,52.1815717736508,157.741019225847,19.4103732878943,FAIL
5.24866534432757,7.07472520421075,4.99423492216735,5.92861307592339,0.1672740700901,0.105224124367505,180.540540540541,49.0679798892976,47.337548367602,161.54423168695,19.8463358834778,FAIL
5.21200461107358,7.10893145452484,3.38732495074432,4.940551995033,0.156737159235335,0.0934475716890151,194.054054054054,49.7900683230088,55.946789700674,135.176505971071,19.158836807765,FAIL
4.1216376459525,7.96658799899893,3.34840833957043,4.90417841449245,0.0260054074082671,-0.0332215910647157,201.351351351351,50.6863703691019,59.2306217644007,138.50517805174,18.8809969669381,FAIL
4.13435303241519,7.97357435490752,3.42756300477093,4.95513333556258,0.0290892799568956,-0.0303249917942295,200.810810810811,50.6654341135264,58.699190764065,140.00232511823,18.9144642347256,FAIL
5.45848739924398,7.82542385775345,3.45803662755115,5.29892011254346,0.166678200384884,0.0992357204436292,191.621621621622,49.7631807281173,55.0051204167257,145.613210163827,19.352865914862,FAIL
5.17458881144671,7.3901836253417,4.91404835514957,6.28354863173477,0.142279767571999,0.0804075557630262,177.837837837838,48.9224426265433,45.8567002116559,171.317208749714,20.0277658982649,PASS
5.44756619584175,6.58217156678167,3.63123162353594,4.86130118389605,0.197400259136075,0.13437716015742,191.891891891892,49.4492852791503,54.7843708668067,131.345544690259,19.2097357532116,FAIL
4.20929620274383,6.96074186629005,4.98390562966704,5.37813723975109,0.0756178093556326,0.0179636836259478,189.72972972973,49.9794819550729,51.0755570665007,150.359675785089,19.3244272263911,FAIL
4.40597621890698,7.8823216479964,4.9523471834294,5.50879225846914,0.0891004149083909,0.0271778980120976,191.621621621622,50.1713133286239,53.0860975203663,155.697959813571,19.3416006637801,FAIL
5.91615165351649,8.24820727542378,4.02854038687937,5.20453774026371,0.255198035899169,0.180327786856552,192.972972972973,49.6488579335177,57.4945947100182,142.793030103227,19.3522277287677,FAIL
5.27069193093745,6.94944092725942,3.67891416012453,6.09813493101436,0.122832902927045,0.0632894273104447,178.108108108108,48.9190254849184,45.7138803551059,164.2404084421,19.9348301731213,PASS
4.47585261921055,6.78039629553628,4.74643920796411,4.52143477918506,0.145749530596631,0.0863362067284693,200.27027027027,50.1067527682572,59.2190762612189,125.766282672799,18.8491987914205,FAIL
5.62542670173695,7.3296419678973,3.79263723021702,5.33090062677577,0.197619440675377,0.131000603111186,188.648648648649,49.4652159402258,53.0589961466724,145.12184443704,19.4584680178056,FAIL
4.61039205189135,7.35695181720968,3.60896200381576,5.1052555104402,0.0929301286572504,0.032791316734643,194.594594594595,50.1418724760016,55.0539715481462,142.021918824507,19.1419658013273,FAIL
5.66046188020572,7.39546229973962,4.23494070339818,5.84779191837823,0.191109596998883,0.125507357649292,182.162162162162,49.1064288247066,49.0102217645947,158.707910716898,19.7999458868999,FAIL
4.39556352805295,7.22691955217373,4.18968249615516,5.27273539278712,0.081711126613241,0.0228477380369906,192.162162162162,50.0956052901026,52.9656019361066,147.237833150057,19.2388333482656,FAIL
5.22050270234286,6.43231683767797,4.03362257983573,5.58090888655335,0.152888003606405,0.0940178286306333,181.891891891892,49.0865974723412,47.7300812603048,150.368420624481,19.6652267223735,PASS
5.87514162839663,8.27883250016731,3.83517094557733,5.08638560098285,0.248776671160188,0.173762586685689,194.594594594595,49.7219161016723,58.810427306895,139.55683338202,19.2677192794651,FAIL
4.01221366566033,7.10167140224534,4.00270276036971,4.66990395602098,0.0534045544289834,-0.00337376633302444,201.081081081081,50.488681680288,58.6251778619942,131.194060932952,18.814637043181,FAIL
4.35294890540293,7.68464947208596,4.8585031117488,6.17196652969514,0.0573003168256426,-0.00216969450190763,182.432432432432,49.5753093776371,47.3052523494358,172.04393287658,19.7748848509255,FAIL
4.67938653719692,6.45421127057719,3.45986685294866,5.78511797368282,0.0765393423138115,0.0214873151939603,180.810810810811,49.2435999853391,46.1465936539154,156.656327005118,19.6848782813343,FAIL
5.08833850987745,6.96181045486737,3.72842608044061,5.69283038146912,0.124088714062699,0.0641458591410072,183.513513513514,49.3538364235453,48.6452479120175,155.03976488816,19.6375502607655,PASS
5.66473607380886,7.83487322992919,3.26457554054013,4.94723897414325,0.196828913020561,0.126329769495182,195.405405405405,49.7755415527709,58.6719145429832,135.219370893005,19.1701935986823,FAIL
4.43350769120184,6.91460301397791,4.78008952186389,5.97035016275339,0.0761542319029537,0.0190397454455838,181.081081081081,49.3667555557252,46.3593221603505,164.281788323924,19.750526817113,FAIL
5.02061522429154,7.32868679130962,3.05776472007588,5.34990039051012,0.100248416391335,0.0390630350472339,190,49.8229634785547,52.7116942434517,146.967596902823,19.3442259062126,FAIL
4.52351202593078,7.13495774058255,3.33879778248473,5.96583049644588,0.0464938302066521,-0.0101141473220357,182.162162162162,49.5250900330427,47.0471251990286,163.605803962481,19.6828857146334,FAIL
4.62975906053861,7.71283953955902,4.32560279412483,5.55180424539247,0.0989802854958303,0.0372920106286401,190,49.9855944187195,52.1926964959943,155.271568215749,19.406429413261,FAIL
5.14150120321394,7.95086011363637,4.87498791846869,6.42627476456965,0.132558728219719,0.0688859121229249,178.918918918919,49.0465810489748,46.5288058110858,176.675942368892,20.0456643865566,PASS
4.02767588734426,6.47456955915638,4.90920788754588,5.24693985655679,0.0613352532784375,0.0062561651151074,189.459459459459,49.9234933080551,50.4143675203947,145.881741367445,19.2655801378571,FAIL
5.16850216981113,7.55186106393981,3.82493948057823,5.55962227007305,0.14076381542197,0.0771124263133002,187.837837837838,49.6577242357732,51.7009670494072,153.081865908695,19.5032095698606,PASS
4.74133241902181,8.07808166936967,4.15598748615251,4.73813240523867,0.147602474095339,0.0820562239350261,202.162162162162,50.3738668424249,61.7651238975584,133.085091665704,18.9001370691432,FAIL
5.43599038554904,6.57500544383534,3.53572815510125,4.69963925300414,0.201506010972305,0.138132467198158,194.054054054054,49.4885027624775,56.4849215497737,126.925991888711,19.1060171027807,FAIL
4.79466304481679,7.70079358172273,4.88732607989158,4.99963500018513,0.163901423202544,0.0992288423217578,196.756756756757,50.1626243627373,57.4679940505256,140.282042575683,19.1102059441731,FAIL
4.62089289406895,7.62609669121617,4.40436863193822,5.07528291543638,0.122638147243756,0.0602112161993943,195.945945945946,50.2181203462161,56.3541609288857,142.353713971054,19.1223980989663,FAIL
4.37418530980721,7.45699529405611,3.55685080885744,5.39771067869444,0.0528804762844098,-0.00566744546646192,191.621621621622,50.1534436669988,52.5989377552769,150.637902560118,19.2699885620395,FAIL
4.07877005700829,8.27521370767173,3.23617575867649,5.54798470124453,-0.00578041959078324,-0.0649098445228291,194.054054054054,50.5123614297787,53.8450887609758,156.688727066055,19.2245268499728,FAIL
5.56530038978099,7.05106801985891,4.23774665800485,4.65111888750679,0.256392686775086,0.188262672568124,196.486486486486,49.5840683861983,59.050058852575,126.556187545542,19.0709716589649,FAIL
4.07825977541213,6.54887238455529,4.70096240680067,6.12018952264657,0.0367789494684506,-0.0172104992166248,177.837837837838,49.1959249260134,44.1131356261245,167.221864456977,19.8413513161308,FAIL
4.63547196146498,7.84553963911562,4.69640055209211,4.62324531666375,0.159834881033827,0.0951348617928461,202.972972972973,50.3685666804775,62.2912342633738,130.120046320579,18.8450416800825,FAIL
5.32688579639384,8.04588910847454,3.2087170706255,4.68745928232035,0.173016573922018,0.103658933390475,200.810810810811,50.0480790095824,62.3842007535567,129.146490978264,18.9462113949746,FAIL
5.19514630176496,7.6887253877613,3.14214766877896,6.41342395979813,0.080552795222286,0.0198670764207992,178.108108108108,49.0370630927714,45.8094206466148,173.952300633229,20.0127754570017,FAIL
4.22686162652737,6.40861972077746,4.26155334917226,6.20376902313534,0.043407848284252,-0.00985503129668819,175.675675675676,48.9768599513774,43.1471449292035,167.898025923727,19.9307223431658,FAIL
4.89226367901285,8.14837840618886,4.63837121863598,4.85480332045837,0.179370990803533,0.111965633974889,200.27027027027,50.2821107117806,60.6993656857231,136.510084689251,18.9982050525566,FAIL
4.22768950834149,7.30680711016686,4.86522697521428,5.79720316228964,0.0580977081822532,-0.000144451836698756,185.675675675676,49.8096791980358,48.8347564165341,161.948834660213,19.5541806863296,FAIL
4.0608528177719,8.38942880953749,4.14300504906393,6.13058122104679,0.00364578048073427,-0.0563029422216478,186.756756756757,50.0619663610732,49.5387847565496,173.015851754212,19.5989939720787,FAIL
4.63162972820193,6.62537084469944,3.11722633615668,6.25778026040928,0.0464468499973831,-0.00756268540030414,175.675675675676,48.9544186892202,43.5174858122194,168.287096210929,19.9540103239915,FAIL
4.15307681073256,7.41011819919692,3.34210947372484,4.68200375201698,0.0440324517799913,-0.0136559072273029,202.162162162162,50.5367633500282,59.7088650160145,131.249191065175,18.8013132444057,FAIL
4.16538812335998,6.90896617839765,4.18193799821915,5.05671300803627,0.065023699633849,0.00826175940943585,194.054054054054,50.2007708051671,53.8027735207731,141.244695612572,19.0987545608081,FAIL
4.46631127033562,6.81147567186361,3.63363829197553,6.3816849513132,0.0428083094904371,-0.0117791441731936,175.405405405405,48.9584115742918,43.324624944206,172.561890108786,20.0065087486898,FAIL
4.73437021058316,6.47236134402232,3.58497610378379,6.19894929260996,0.0727522969337221,0.0182111957771509,175.405405405405,48.8272513410865,43.4448207297994,166.322463996623,19.9766014562021,FAIL
4.94699792248213,7.42544698004701,3.42865507388463,6.34747713087178,0.0745865716922772,0.0156510209949312,178.108108108108,49.0856810736839,45.4403385128215,172.525685020455,19.9726172031705,FAIL
4.33102456083428,6.97219013090775,3.00801890608095,5.37249081306379,0.0338134910132948,-0.0218546559370193,189.72972972973,50.0255878135718,51.1094433084933,148.494825615313,19.2777620994345,FAIL
4.76895777065073,8.38407687306913,3.52588287989657,4.91112937290106,0.112037760177814,0.0463843024180114,200.810810810811,50.4286078831789,60.8139112734195,137.879578911522,18.9664278947195,FAIL
4.18954267261381,6.67788285821703,4.85891570129518,6.11876158501262,0.0493332075320689,-0.0056964585116821,178.378378378378,49.2039418815739,44.5603446574222,167.562383046621,19.8452933494605,FAIL
5.74181440385377,8.12395287520601,3.44862173390287,5.8747539509686,0.164559027253379,0.0959105594310663,184.864864864865,49.362643738456,51.0359852622521,160.400565184526,19.7259146297734,FAIL
4.59961653092581,7.93809711091223,4.65905726722071,6.08524641797548,0.0823543664593835,0.0207969346677939,184.054054054054,49.6463299525885,48.7032786322433,169.846748658804,19.7255218602145,FAIL
5.22049265406332,6.68674700863999,4.84309841405035,5.34628707376893,0.189644752660908,0.12788125209338,186.216216216216,49.3479541290227,50.5903621292641,145.755830764453,19.5028197975693,FAIL
4.25729503569983,6.54677286843177,4.13998496856636,4.77615230181561,0.0892692779361016,0.03316027986476,196.216216216216,50.0961517668134,55.2734344200634,132.51514429302,18.9772874115492,FAIL
4.2413782743543,7.16014888919339,4.99046427104889,5.20162026653815,0.0855335884889429,0.0266773257024376,192.972972972973,50.1653967509182,53.3818878673773,146.171745144095,19.1962000285929,FAIL
5.81505403361154,7.3391714835685,3.52874843041911,5.00858022580412,0.222858569995592,0.15353771625274,192.162162162162,49.5085650622882,56.2544194079023,135.748355405203,19.2826936412971,FAIL
4.31918389806026,7.5201108196043,3.38757910335232,4.69693570007122,0.064829978950257,0.00562356071472525,201.891891891892,50.4790193858077,60.0048771631414,131.512314556492,18.8299976226712,FAIL
4.6005313590199,6.86262334337273,4.21176969437783,5.4564261630516,0.100130357082152,0.042011578447083,187.297297297297,49.7105961958161,50.1238010593639,150.51561917223,19.4306161037157,PASS
5.85790724207144,7.26375306479183,4.22252020075509,4.65233018065901,0.291988230918663,0.219957491263154,196.216216216216,49.4851192619699,59.9649667788053,126.079301925985,19.1006152321565,FAIL
4.05026223274786,6.66725894096019,3.29590435473685,5.45222212817505,0.0184529598195554,-0.0351718997432851,187.837837837838,49.9468929380935,49.3111279028852,150.529349496992,19.3268825027785,FAIL
4.82171694107564,7.95867298039601,4.17856859418107,4.93854234655656,0.147305903148553,0.0820687513983959,198.648648648649,50.2626378937248,59.0366210520405,138.412157473357,19.0402244530301,FAIL
5.77663081538026,8.23451435496337,4.28938504879831,5.27734405677725,0.247102804416731,0.173660892795871,192.432432432432,49.6871412691509,56.695949640167,145.43127718224,19.3806825932824,FAIL
5.88580115960672,7.62390104784417,4.69387214743396,4.85584317569627,0.304381096117331,0.230551184706875,194.864864864865,49.5556194690524,59.022144322711,132.629959361699,19.2067637862857,FAIL
5.82527983874399,6.72512158164748,3.26252708118326,5.05285788827547,0.202417110646113,0.137032512265518,188.918918918919,49.25969401902,53.4904537204474,135.448931540333,19.364164572154,FAIL
4.69269934092405,6.57686183329295,3.38409491174308,5.15237221037751,0.096117207215354,0.0391795645814723,190,49.7550582742737,51.734347970157,141.066599378895,19.258651476096,FAIL
5.54281649837359,8.21482633467556,3.70329059113472,5.27664412641936,0.191345503493865,0.120869612565996,192.972972972973,49.8333090896893,56.5574283782619,145.659624082374,19.3271895382199,FAIL
4.31754452584126,8.09387448542309,3.42617994353566,4.50099979533372,0.0695350119689641,0.00801248792185982,207.027027027027,50.6263724335169,64.6969323569371,126.648273713718,18.6767399887886,FAIL
5.92309067448506,8.3522691434927,4.58562080936662,4.86958660143705,0.313623446504446,0.23550675601565,197.297297297297,49.72810835811,61.5287307808568,133.995349202419,19.16054218307,FAIL
4.29807326355273,6.91713463856184,4.2323827867546,6.38873454060171,0.0396387524067424,-0.0154937792737682,176.216216216216,49.043826068228,43.5945881175583,173.993419224832,19.9912885937926,FAIL
4.90734292704326,6.96400117825721,3.02357104315686,4.70676449092962,0.117193268781325,0.0567360989859204,197.567567567568,49.9690314636672,57.836395010001,129.087768869983,18.9697105933644,FAIL
5.73639156646207,6.6923068735048,4.40229927681377,5.79366465443455,0.203239805257333,0.140417749053849,179.189189189189,48.7718442478939,47.1420218066907,155.026775419464,19.8709872059316,FAIL
4.41621290032139,7.16716153643324,4.58760205566042,6.04585769988852,0.0663582983856321,0.00866322905905359,181.351351351351,49.4399825056159,46.6182651113284,166.888123965336,19.7584575340936,FAIL
5.56341728968302,7.41963692771398,3.5138988301354,5.69966245984269,0.1588874808782,0.09414119428644,184.594594594595,49.3180887381265,50.1893013119691,154.868473955873,19.6612032985273,PASS
5.12911719738242,7.10892325317498,3.3221226161475,5.54668688824627,0.116738214897537,0.0560139255420233,186.216216216216,49.5369391745542,50.2986366081305,151.384801637235,19.5185735698035,PASS
4.30967873823634,8.21010396386852,4.40102453933803,6.36781189997923,0.0332249904750798,-0.0270565708396606,182.702702702703,49.6378989669137,47.4462842967527,178.073058277904,19.8202160171647,FAIL
5.05247486751611,6.94948359816165,3.46117993062325,5.12317464493195,0.13498858486503,0.07402469751284,191.081081081081,49.7384161830552,53.4881130057345,140.263110788318,19.2624939414592,PASS
4.73133385870844,8.38909255876471,3.30594575858024,6.16478947964108,0.0482747695419652,-0.0136798525928027,185.135135135135,49.7472713690811,49.3960447890756,171.354325504077,19.7050726552125,FAIL
4.54750189047181,8.22538917876005,3.94340641355392,6.47222995012965,0.0439556900544646,-0.0166230753260251,181.081081081081,49.4515633643329,46.8311759058431,179.541933779322,19.91102977668,FAIL
4.17455662136616,7.60741078964987,3.07666273797944,5.08771201006991,0.0197032136525054,-0.0379602469779677,197.297297297297,50.4970593173307,55.9950243714478,142.660826995006,19.0186296746469,FAIL
4.97064543137448,6.7373200758827,4.21786149702226,5.50929764798559,0.137243154766961,0.0778505708314251,185.135135135135,49.4191239845681,49.3289467178403,150.42735137452,19.542546384223,PASS
5.57129991120337,6.6818482629605,3.68849459686475,4.79065148666882,0.217804115882423,0.152934752280467,192.972972972973,49.4403652044219,55.9651819823492,129.323037614752,19.1778784134489,FAIL
4.9768429467783,7.33970092003637,4.68109028485638,5.56520173953203,0.148534437754146,0.0860074734788582,187.027027027027,49.6305356115248,50.9437951686781,153.902074231876,19.5226256194083,PASS
5.63466698973063,7.90905889033703,3.07805516570413,4.7087354579554,0.195720492173291,0.124296529927219,198.918918918919,49.8379209918726,61.6839801378062,128.570059868024,19.015192485432,FAIL
4.58021366168674,7.48940520458536,3.24305943451507,5.71133065603886,0.0521940795051692,-0.00647609915508651,187.027027027027,49.8648492285209,50.0961633943122,158.061897367669,19.4853579351332,FAIL
5.32014364472145,7.12119113858343,3.53310114376088,6.27783524670566,0.114518937351793,0.054700160692271,176.756756756757,48.8156930518401,45.0625578571452,168.799874469814,20.0341554252076,PASS
4.75024192416477,7.74874429923724,3.64763247227126,6.11843950627102,0.0691346009934563,0.00892534770049969,182.702702702703,49.520330061502,47.8995252776967,168.787440793808,19.7598936848882,FAIL
4.1783510573632,7.0814916660786,4.00163115250224,4.76358148359537,0.0713577236485285,0.0137942817457305,199.189189189189,50.372683186434,57.5208585714622,133.419894488958,18.9001539714528,FAIL
5.93118435126091,7.21716081959646,4.94246956499865,5.77417987388618,0.244848335270913,0.177269229815829,181.621621621622,48.9117629949707,49.0823325911509,155.923522531165,19.8397774641115,FAIL
4.92124002243168,6.90312215042897,3.35592357995054,5.67804547233503,0.0949294208035969,0.036632829002523,183.783783783784,49.4511133311584,48.5106763595261,154.749944684643,19.5929129004973,FAIL
4.31903618525536,7.20338269412239,4.27635477160973,5.90141592499246,0.0535508104897772,-0.00381523717077314,183.783783783784,49.6533688032851,47.7265877081646,163.502850256233,19.6321970388338,FAIL
4.89584133470716,6.95045807265801,3.13412200661227,5.53827474075011,0.0877865136898602,0.0293896705791029,185.945945945946,49.6068196472653,49.7671557414411,151.306621173233,19.4846846165045,FAIL
5.11187722393352,8.01744256256133,4.21669247414157,5.51453988130037,0.15226750599694,0.0862725662042391,190.540540540541,49.8651781034904,53.6077670638236,153.470048991027,19.4316784920209,PASS
5.0841827592778,7.30739026573871,3.54256238644939,6.1583640938286,0.0978160883339335,0.0379901884427254,179.459459459459,49.1338970819744,46.3669079291225,167.346722005179,19.8910113432784,FAIL
4.94567564108188,7.68712637946617,4.19341842240452,4.77189991332347,0.173623161981205,0.108109051843137,199.459459459459,50.142648673177,59.9596259692787,132.886494478605,18.9849140477095,FAIL
4.49722990016568,7.05765761631539,3.10976062543065,5.94113809441749,0.0374347864238077,-0.0184543491177057,182.432432432432,49.5365717112568,46.9612277064851,162.672838568209,19.662093939746,FAIL
5.58285186287329,8.35648341502811,3.19837347763282,5.89821943585053,0.134566195633562,0.0664982048277941,185.945945945946,49.5214386042009,51.4980489908725,161.837967746145,19.6821266639204,PASS
4.27163149045388,7.03121634158312,3.82577820630031,4.55144865272208,0.087005889989506,0.0291053013909159,201.891891891892,50.3366449539842,59.811610550548,126.98691189834,18.789360631026,FAIL
5.23806765407708,7.40177251921778,3.68957395858775,4.51559267174818,0.202611256769536,0.135791130529114,200.810810810811,49.8986328477352,62.0265444801572,123.9042591655,18.8938791766316,FAIL
5.37588038092966,7.10005335532632,4.96414849888067,6.13310017899699,0.169602583699246,0.107472369376509,177.837837837838,48.8291311787971,46.0192119984435,166.105432594353,20.0008767902129,FAIL
4.87313695557102,7.54529929086389,4.9426566710929,6.37011384202218,0.108631971209348,0.0477970488143834,178.378378378378,49.057537751329,45.6913726582004,174.877272637463,20.0151339587061,PASS
5.07615271791378,8.2356183759366,4.52240250311835,6.45736799232118,0.115328153036036,0.05128899432594,180,49.1784849866616,47.0853515234984,178.213826973139,20.0105335022299,PASS
4.83837573162755,6.76944105981214,4.77460723246393,6.44723814822846,0.100981947523772,0.0440405358986466,173.513513513514,48.6023035507785,42.9226400226169,173.587243021636,20.1669229886419,PASS
5.70780407195562,6.49625858304924,3.40488548891253,6.16104213257474,0.146287107977571,0.087265481831291,174.054054054054,48.4207834689451,43.9327645382531,162.503749467074,20.1045470713516,PASS
4.64673303489067,8.17652236420318,3.2641060833799,6.40769703383107,0.033442911909782,-0.0265988132540141,181.351351351351,49.4946754139588,47.1074469456754,176.921220376018,19.8649108005067,FAIL
4.46211534709472,6.50795588701939,4.18755045920418,6.31129911287694,0.0600405384633091,0.00589597201522041,174.594594594595,48.817757434542,42.8426380698539,170.106272637088,20.0270743506208,FAIL
5.65766327848226,8.2492251689552,3.82190102829686,5.62482234109754,0.189360521414983,0.119118359711186,188.648648648649,49.5955106997629,53.4836645672113,154.789715788075,19.5577526135206,FAIL
5.32345946361992,6.71642241246941,4.72509376445691,5.31432686384153,0.199334332700946,0.136797109312171,186.486486486486,49.3292035998352,50.9939776805652,144.635687201791,19.4925418941254,FAIL
5.60388063050385,6.76638367236409,4.97544276260074,6.21989521066108,0.186053629766169,0.124688185345147,174.864864864865,48.4560364819169,44.4593804732746,166.115078352046,20.1469126514422,FAIL
5.64767076455413,7.21121177630983,3.13726039927504,5.72143443517036,0.145787860096715,0.0821431947791721,183.243243243243,49.1992386181171,49.3370077278464,154.356467263769,19.697875463997,PASS
5.98196079253142,7.27327768256767,3.31716966315195,6.27366760251687,0.158801017571087,0.0947364319103957,175.945945945946,48.5810471296502,45.6622969568286,166.912887326779,20.1140962109023,PASS
4.32740060496478,6.40347187891496,4.72871874954496,6.4480719951074,0.0545589228120998,0.00102814365527237,172.432432432432,48.6315590204626,41.7108022082288,173.343892840288,20.1378688554115,FAIL
5.44314935212714,7.84131000411177,4.0998827259825,5.70403897370345,0.173487661007386,0.106782557129225,186.486486486486,49.5079423718689,51.5006290712699,156.868089923685,19.6188517933964,FAIL
4.21211858150558,7.7772720011511,4.6511060167306,6.07601069700563,0.0395966944344304,-0.0195836606378531,184.324324324324,49.7818330389143,48.2142769433015,170.157227806693,19.6713090596418,FAIL
4.20053397689634,8.23100458990021,3.72395254613942,5.14933808168859,0.0393965358427587,-0.0215527027529533,198.918918918919,50.6266528736903,57.5605822720594,146.005524010976,19.0270956010235,FAIL
5.91330235869983,6.58163755233997,4.50764819020207,5.2514109440298,0.25583722111543,0.189993985384725,185.135135135135,48.9950200223784,51.1734128267285,140.659182510751,19.5604564472084,FAIL
4.17742156014114,8.3589613288425,4.35435150459938,6.15768612003785,0.0217674068492846,-0.0388164870234897,186.216216216216,49.9600990298506,49.2897893511126,173.600706635038,19.6457619483591,FAIL
5.92526462478671,7.6624414848743,3.05698238833983,5.4914882320293,0.175747354988292,0.106818561451734,187.297297297297,49.3811710612394,52.7866649890588,148.613787336261,19.549406027175,FAIL
4.36745480515306,7.62874050511041,3.75682194551021,5.76601791038591,0.0453668888292639,-0.0134167823146929,187.567567567568,49.9553862082647,50.0833129665609,160.787464183796,19.4875572659982,FAIL
5.69427940650731,7.90272202463123,3.75095939365516,5.87605978001677,0.174758717892408,0.107122426657175,184.054054054054,49.2922108219022,50.3581421976037,160.303770558535,19.7518272456728,FAIL
4.10533945761887,8.01011982863542,4.45033865869674,4.57127849937252,0.0761884985053772,0.01503682986412,206.216216216216,50.7216961977155,63.4283802457782,129.992127305416,18.7100851949508,FAIL
5.00345140871289,8.25619745879982,3.49599011177247,6.34225302956148,0.0777712659857885,0.0150230142717186,181.621621621622,49.3947362765155,47.8487798054455,174.768403779878,19.8847880658951,FAIL
4.30387952081926,6.8597008755539,4.67179132030732,6.06486359498492,0.0579601765916929,0.00188376203747787,179.72972972973,49.3171099474178,45.5076256893021,166.591867423765,19.7959991031978,FAIL
5.39981299514024,8.0957725248037,3.25928034794009,4.82293767167369,0.176289001223205,0.106454369934294,198.918918918919,50.0140469027202,60.9597453629635,132.911304629222,19.0337107211597,FAIL
4.40336864510879,7.46429263810205,4.75496927993476,5.67570830996218,0.0796138815644631,0.0198573993820937,187.567567567568,49.8962062255709,50.3250865389677,158.799669495452,19.4846546532159,FAIL
4.65170920211725,7.77143696865497,3.15097355142334,5.07436872539643,0.0750963257297168,0.0137067792020222,196.756756756757,50.2962489230275,56.8340548879977,141.504439853728,19.0788491097889,FAIL
5.18548733010834,6.74637885661729,3.42196960435381,6.28298969495993,0.10055119313023,0.0432883268686116,175.135135135135,48.6971836667124,43.8555720049219,167.90336685523,20.0624377553136,PASS
5.75592825012286,6.77111505083353,3.60350461097361,5.19860026781547,0.206395950483383,0.14146093557262,187.297297297297,49.23849238274,52.2848165239227,139.782667480125,19.4507345635212,FAIL
4.35400447793963,6.75980712865769,4.5628934198929,5.85244158895909,0.0685231513181856,0.0123508438762233,181.891891891892,49.4440675091892,46.6682450315552,160.940987036464,19.6722929867819,FAIL
5.07910388228757,7.64261960651441,3.52452169000246,5.12436319331656,0.139222103069448,0.0748436776941176,194.054054054054,49.9837165861151,55.9922519658732,141.731129659915,19.2028463009043,FAIL
5.70742046837427,6.51817937689802,3.67272591502881,6.38497810520689,0.148139464361882,0.0895129841174707,171.621621621622,48.1853163302752,42.6356852125924,167.759219390456,20.2680135070803,PASS
4.26047937133753,7.91286969119265,3.13319602718296,6.39602357781935,-0.00435100850910064,-0.0615315110500785,181.351351351351,49.5971170686573,46.36795539043,176.681855737411,19.8150039928225,FAIL
5.30734134486204,6.60649285885993,3.80053511323743,5.64041800954885,0.150075105961639,0.0903349037319029,181.891891891892,49.106836034193,47.8889809442028,152.011723092472,19.6876997036236,PASS
5.26398198277192,6.93953617064332,4.48018873260534,5.24750206473579,0.19027721833462,0.127047346282843,188.648648648649,49.5122838238347,52.3792630182765,143.549221424346,19.4073274555714,FAIL
5.54595092523359,7.88547145314453,4.88795265253651,4.69560569895647,0.287420695785891,0.214453862046431,199.189189189189,49.8379170191264,61.8016209506584,129.725495385938,19.0382701172212,FAIL
4.63870477042781,6.40122198329895,3.9958602884622,6.43674245141771,0.0691069862621273,0.0153173017887539,172.162162162162,48.5456734822574,41.7944165593565,171.819146679154,20.1547810534448,FAIL
4.0480818168244,7.39986036323242,3.83248603867162,6.15435751653755,0.00618131817269063,-0.0498379232905194,182.162162162162,49.6615446549254,46.4785123707336,170.47986909616,19.7114481021783,FAIL
5.43743014710682,6.48394569065819,4.52913665600709,4.86605486034803,0.232612494170864,0.169123509670917,191.081081081081,49.3760537024435,54.373148375715,131.766764099451,19.2466774773166,FAIL
5.19211666403886,7.59906292225188,4.69463582464744,6.21875561400368,0.141648814937494,0.0787566654894095,179.72972972973,49.0827354966589,46.8982258341042,170.268779039032,19.9540906548588,PASS
4.30628995442855,7.87097266235577,4.72723543903605,6.39879296274632,0.0413969516052481,-0.0179492974531849,180.540540540541,49.4561951859006,46.3119558711104,178.08559205974,19.889603820212,FAIL
4.76647296309065,6.58694269998613,3.39792919504731,5.22175156068804,0.10116838659418,0.0439127051058721,188.648648648649,49.6834923506449,51.1596970976529,142.709673826181,19.3141957154603,PASS
5.84828477119417,7.27814608460539,3.75423153857304,5.44960315797282,0.21032455805737,0.142853623051633,186.216216216216,49.2586634755253,51.8741737039759,147.355593612599,19.5741785499157,FAIL
4.16927811721194,7.35579106371293,4.54257261145198,4.79961243607677,0.0818859690620064,0.0227013827473546,200,50.4595882502631,58.1970819988813,135.405071081076,18.9085204842976,FAIL
4.60711188444439,8.36978491670059,3.79231376300401,5.82740539606076,0.0651914649754656,0.00244856828371864,189.459459459459,50.0514312051086,51.9150480580099,163.563664253119,19.4937261399845,FAIL
5.54376929892072,7.62761856513272,3.35590348953812,4.53902043058546,0.217037136414982,0.146741250659727,200.540540540541,49.7912417848178,62.7032023849882,123.788682633638,18.9315828103759,FAIL
4.3955090584582,7.49871835751162,3.62096370489354,4.90362135450349,0.0756934243150661,0.0159803700263652,198.648648648649,50.3825651153449,57.6106759831697,137.310388487624,18.9725160649832,FAIL
4.99889690583378,7.61832297857025,4.61556424158329,5.73084992278131,0.141294501270238,0.0779669838509887,186.216216216216,49.6120686090444,50.5009306857522,158.797841668476,19.5997092116022,PASS
4.81124497256013,7.34224458603773,3.01461303020218,5.37321491049848,0.0768802031123796,0.0170947747647753,190.27027027027,49.9281616352469,52.4992946332634,148.17347984534,19.3205144193424,FAIL
4.32072507219596,7.33839309072359,4.63287760863383,5.59418876425431,0.0710463022205718,0.0121592198694169,188.378378378378,49.9533431016867,50.5539471446966,156.473194799758,19.4292293914815,FAIL
4.08271747536664,6.9595887150679,3.10548219058831,5.20316804419672,0.0170732486462554,-0.0377524373399974,192.702702702703,50.2374067868073,52.5307527702687,144.639137284867,19.136017174933,FAIL
4.28072221279887,7.11966790798876,3.4042982691964,5.08252188027846,0.0509885830231898,-0.00604499178943807,194.594594594595,50.2480970692496,54.3263940674742,141.569380805879,19.0894189897829,FAIL
5.49939658819929,7.97997257903956,4.98829988651791,6.25379867778675,0.180873418640754,0.114267545286209,180.27027027027,49.0371044483495,47.8363226724477,171.523148114235,19.9928239177452,FAIL
4.41341541154604,6.82057870388042,4.88525129724602,5.83380817268831,0.0812648720601433,0.0242227029911372,182.432432432432,49.4451501046541,47.0265819317161,160.772992633768,19.6717078488179,FAIL
4.17962324446115,7.37805223140995,3.3089164540902,6.25105559592672,0.00370774433125087,-0.0518024794991535,180.540540540541,49.5357449242846,45.7699673711011,171.967046637484,19.7787288743699,FAIL
5.76964652145099,7.7185362741114,3.05400193355964,6.41609143125563,0.12234208847856,0.058362015011134,177.027027027027,48.7741031888985,45.9839650036696,172.192901328211,20.1044013068822,PASS
5.29191252376913,6.58001100583661,3.56400033116935,6.03390691483303,0.123906807422058,0.0659512089748588,177.027027027027,48.7812498931915,44.9639444375387,161.276408478911,19.9421312850504,PASS
4.39180531775817,6.44985883215813,3.26347886892404,5.19801350212646,0.061258486301658,0.00666526925374999,189.459459459459,49.8278172190113,50.7678213454735,142.612934382157,19.2474776559896,FAIL
5.37906556385057,6.59121299537016,3.99843914574432,4.7639477043815,0.213306852628347,0.149916159349383,193.243243243243,49.5003876985539,55.8518715851059,129.139358129206,19.1476843894235,FAIL
5.2536960218936,7.48771969189469,4.20758915267654,6.10908243800881,0.138266942780238,0.0757180675324383,180.540540540541,49.1339965953006,47.3128691342006,166.699190223872,19.8899246528948,PASS
5.04478939123549,6.60209386005663,4.35681294786207,6.13708869891576,0.122428049419623,0.0649267822820376,176.216216216216,48.7629909474054,44.3443147303859,164.972434965124,19.9982123687543,PASS
4.75203501863161,6.40014405765002,3.0325706117348,5.01905718751355,0.0932186601816392,0.0369741709448566,190.810810810811,49.7220694485881,52.29955623358,136.757273441609,19.192109840459,FAIL
5.88553254241535,7.20170523425095,3.29988919883367,5.10992609880346,0.208521955816712,0.140184998288203,190.27027027027,49.3976939543658,54.7319798039308,137.84389979795,19.361918466127,FAIL
4.33138175736654,7.14829167124147,4.32845928141449,5.96331929534314,0.0546060695535679,-0.00253844739785081,182.702702702703,49.5643832485797,47.1115672359353,164.845447730225,19.6834463213829,FAIL
4.26993858221673,6.89685585212411,4.95276129971194,5.90769110289697,0.0638886681086863,0.00718942267277711,182.162162162162,49.4861229296529,46.7171422535258,163.259450063337,19.6883408959238,FAIL
4.85518450077759,6.68761858207798,3.91707935573697,5.70050953954747,0.108755741071104,0.0510604634959427,182.432432432432,49.325479963164,47.621947683473,155.175817904162,19.6445614942999,PASS
5.50827561778242,6.77248095501838,4.64594875047889,4.95769088379491,0.240511260870274,0.17516817713953,191.081081081081,49.4340451754008,54.6004656701093,134.787856428114,19.2875011193661,FAIL
5.81184954461692,8.3070519365515,4.00303549545737,5.16423803942543,0.245623953469281,0.171266896389807,194.054054054054,49.7379544108514,58.0793608886583,142.102204836131,19.3055158402181,FAIL
4.38903919151201,6.55823048118048,3.32727673106751,5.76572419679028,0.045482444919163,-0.00863515095091694,182.162162162162,49.4751624693048,46.5761862493607,157.219415293914,19.6029339392863,FAIL
5.5167610177213,7.37214333263868,3.53482743081562,5.74303546165342,0.153499577600844,0.0894379856421834,183.783783783784,49.2895427428141,49.6831508271704,156.001408596514,19.6870053882265,PASS
5.67996071846875,6.79644466103647,4.57396601844767,5.57678195228645,0.216299459148983,0.152204650304001,182.702702702703,49.0098293664764,49.1537528566028,150.318627940375,19.7092945761942,FAIL
5.01806881584534,7.51393150741007,3.63805908127438,5.32259434901364,0.128412664382486,0.0654613722313026,191.081081081081,49.8744660080415,53.626084688831,147.07767465713,19.3287539907776,PASS
5.80890088101158,8.13267291516105,4.84506792482034,5.62747496667877,0.247994456604789,0.175872252317261,187.567567567568,49.4343345093355,53.1693771813922,154.93360348388,19.6240733180459,FAIL
4.37264923488357,7.75318365106886,3.71460186972039,4.86035775660074,0.0763986052562801,0.015682227468146,200.27027027027,50.4845403841401,59.0264984284145,136.673728497333,18.9244218030362,FAIL
4.82692746512871,8.00192420573932,3.50256654519595,5.82997637482305,0.0797219755263333,0.0175425782712961,187.297297297297,49.827487335721,50.8226443513715,161.891872505187,19.5580632565611,FAIL
4.3539297738705,7.26417107165844,3.1916404544121,5.10190686889027,0.0482991947779572,-0.00931311055573469,194.864864864865,50.2667695753008,54.6707164546319,142.06715318223,19.0924074784478,FAIL
5.43940734696514,7.16708125446248,3.87679153968682,4.51818389214641,0.23532707547556,0.16760497798708,199.189189189189,49.7022932972612,61.094395713884,123.151876676715,18.9522335159092,FAIL
4.34506154840057,6.56639855505034,4.31025631936404,5.36981677355651,0.0801593575603342,0.0242075800130275,187.567567567568,49.7538336352826,49.7438864146113,148.156178431553,19.3706099067577,FAIL
5.28496960732666,7.43582963749833,3.26324551063058,5.35857778041532,0.135901428363396,0.0721284256258572,189.72972972973,49.7029790737544,53.0731250991088,146.78807361163,19.3905953132608,PASS
5.98689884160222,7.16131303828323,4.67787795982443,4.59737932980969,0.332342162823167,0.258813917305539,196.216216216216,49.3635182160621,60.2639419546531,124.243651502516,19.1080014608501,FAIL
4.35960215080381,7.80641890586211,3.59570983348867,5.34649227630778,0.0511146968380697,-0.00879184260946175,193.783783783784,50.3172081851789,54.2396723416446,150.108529848374,19.2040276968367,FAIL
5.06754869899902,7.94326754752062,3.47603049501308,5.75121385183969,0.106304558220703,0.0426955961942974,187.297297297297,49.7396229346557,51.3247819137742,158.99800202945,19.5544786596806,PASS
5.43600365319546,6.8377389013428,3.97856162010921,6.27182338395145,0.140872847189388,0.0812336884468512,174.864864864865,48.5856898187502,44.2801403497156,167.534836679407,20.1078333990963,PASS
5.9991423054811,7.97312049208685,3.3256621727012,5.75384455122938,0.186717099605642,0.116430223816948,185.135135135135,49.2686407413848,51.5936890491204,156.013983248718,19.7039483160362,FAIL
4.6527780199026,7.59907011800165,4.49721109042785,6.22506388945477,0.0807919005266794,0.0208513733714536,180.810810810811,49.3525665221431,46.7402267914797,171.91620193635,19.8600793330301,FAIL
4.1230549905785,7.61461187683579,3.83013979187518,5.32813783813295,0.0336642310884615,-0.0246569823950658,193.783783783784,50.3718902728363,53.717488031472,149.96892912375,19.1781493562176,FAIL
4.74605251092081,6.88521222027812,4.01524731663509,6.45611710908384,0.0748266812924911,0.0185850747262979,174.324324324324,48.7531725035737,43.168277883428,174.037535234905,20.1106954647967,FAIL
4.91577089938342,8.35261017885009,3.08715207333035,5.60430208035568,0.0753386059026281,0.011256261766893,191.351351351351,50.0748654580347,53.7788548493686,156.135738519672,19.3872465887393,FAIL
5.75075548453279,6.99895569051903,3.12588791009093,5.68798139830001,0.155452067772852,0.092083117931548,182.432432432432,49.0750337952409,48.9162204677258,152.604506141941,19.7179178213003,PASS
4.38144775050165,6.99149363181396,3.47079039947454,5.76160507968052,0.0444364872416457,-0.0115839435554944,184.594594594595,49.6880678034174,48.0585664816222,158.616444767144,19.549281758246,FAIL
4.07554113126402,7.29817562135508,3.42749538874742,5.27557417814311,0.0208553803600646,-0.0355798540510414,193.243243243243,50.3239988544489,53.0829338473122,147.60814106135,19.1561031877031,FAIL
4.06732237641056,8.28907217101493,3.91872299526489,6.08102954203718,0.0011855060779129,-0.0582289188745163,187.027027027027,50.0776014341092,49.6082972510904,171.256966453373,19.5717257173654,FAIL
4.21384007110375,7.92095081584675,4.94548275569124,4.68425056161407,0.101367489531583,0.0392576503887049,203.783783783784,50.6271752680896,61.7167806749309,133.313952107294,18.8096892334222,FAIL
4.75137624725387,7.43159319650927,3.00791556008256,6.39476832536899,0.0402152677784557,-0.0170736004776233,178.108108108108,49.1684877540189,45.0976127732738,173.898366555673,19.9501875297487,FAIL
4.90304844902927,8.36628446424139,3.46625029553663,5.2347845457435,0.109315793848079,0.0436105441691269,196.216216216216,50.2570790799108,57.3082520190977,146.524504839102,19.1765949155175,FAIL
4.52567702921943,6.42649564877812,3.14075462765078,5.25653437658904,0.067925949794037,0.0130695166355983,188.108108108108,49.7217077684735,50.1868414658821,143.654233521881,19.3053065460771,FAIL
5.11975392846352,6.8720987821052,4.18173828779963,6.28701973158644,0.118455362597857,0.0600034434554904,175.675675675676,48.7306104670107,44.2392076772018,169.143801110905,20.0672151758687,PASS
5.30194452778836,7.40778163136396,4.28878379459454,6.01852080637293,0.149523091603244,0.0866635668451654,181.081081081081,49.1483861147041,47.7211186263572,164.156551891634,19.851108618042,PASS
4.65784805013619,7.49636073898264,4.5233173493471,4.80295949753271,0.146141891648692,0.08327873757356,198.918918918919,50.234153010106,58.8191495962834,134.487827277148,18.9791617754376,FAIL
5.83105023629867,7.87260573693771,4.81726372039616,5.71776161878195,0.240727983704512,0.170238616330383,185.405405405405,49.273225679986,51.5986031787159,156.560725709151,19.7097743354689,FAIL
5.25118408340728,7.11537571815319,4.77110688180794,5.02781758267395,0.212964060663025,0.147883741027786,192.432432432432,49.6896936010018,55.1399316637724,138.350952599745,19.2559880844303,FAIL
4.20923373259454,7.04961117704052,4.05057998199912,4.86198523051861,0.0730055274366112,0.0154256697282182,197.567567567568,50.3165843081343,56.3319442900584,136.054162302019,18.9689705682399,FAIL
5.08199679295842,6.98620077608849,4.92997510271438,5.20213854815421,0.186228816529164,0.123332539882975,190,49.6393313244092,52.9413651862653,143.317097947938,19.3546451261203,FAIL
4.86659681654178,8.09011990075371,3.68066432012272,5.80323769053427,0.0915904637032318,0.0284849103671421,187.837837837838,49.8457683105792,51.3210470633647,161.459042905228,19.5455974632767,FAIL
5.0547934475116,6.53493830709819,3.60512803994333,5.48799896032028,0.126212865883077,0.0680054456906437,184.054054054054,49.3227783087556,48.7771496264323,148.648232897567,19.5475151725616,PASS
5.33683479364673,8.3926248891796,4.27082173854575,6.04218822201895,0.153157428753826,0.0857308945302938,184.864864864865,49.4894589584995,50.4838109597037,167.35003259679,19.7636486702257,PASS
4.51709296711038,6.79776858059557,3.47726096546975,5.53838798308846,0.066598673692145,0.0102899337099502,186.216216216216,49.6996241302089,49.1754043539501,152.124813572737,19.4521867503421,FAIL
5.23737560762189,6.59976382626238,3.8124797932256,6.44237273719023,0.113209385728502,0.0564009962699157,172.162162162162,48.3934462415866,42.4700826293336,170.947572109579,20.2209561737234,PASS
5.30109366235584,7.96582429321011,3.15996488233454,5.46112231453884,0.125712383014668,0.0599168755156231,190.540540540541,49.8284259998848,53.9165720031732,150.489509488045,19.4021475469938,PASS
4.13303984167648,7.2692863741231,4.09226640694199,6.21455122140963,0.0208634092683682,-0.0352153359431957,180.540540540541,49.4911894457653,45.7132662861433,171.537040202449,19.7917613897633,FAIL
4.78442662088305,8.05874609889142,3.51715261727788,4.6013239706773,0.131292546783955,0.0660883533429473,203.783783783784,50.3559243566968,63.3823272129706,128.442561724074,18.8151067982222,FAIL
5.82795450907165,7.81739392833916,4.36726301795555,6.02051155342523,0.205546568252816,0.13725870005639,181.621621621622,49.0431668375647,49.0620425464979,163.720250563106,19.8961118932383,FAIL
4.06166309900396,7.64026748446534,4.03348827402167,5.64197095615712,0.0223903369985907,-0.0355953005757266,189.72972972973,50.1924795136031,51.0624956878863,158.596345371912,19.3655295534131,FAIL
5.15986938887414,6.81993437313825,4.65403068545404,5.13671495990157,0.190337196043307,0.127827855944194,189.72972972973,49.5659091779971,52.95042059664,140.741423920558,19.3375629705039,FAIL
4.88503040724807,6.76780464140055,3.52863691085667,4.64667700189524,0.145086960958479,0.084736291932817,197.297297297297,49.8904501099608,57.7440417276782,127.406645125707,18.9637266771429,FAIL
5.49904938247959,7.18186171389824,4.2465720116299,4.79227047437361,0.239366279242832,0.171702013249829,195.135135135135,49.6547115851524,57.9346768602318,130.94149274855,19.133523602665,FAIL
4.74436261907205,6.69520711874461,3.71185862737058,5.46416941918503,0.100377687211594,0.0428903892055971,185.945945945946,49.578126472808,49.480483715853,149.486835601748,19.4636525537139,PASS
5.13271756817639,7.53968863167401,4.60257913018747,6.13447035309404,0.1367432630209,0.0742647772163829,180.540540540541,49.1682483865467,47.2836154805259,168.166996322273,19.8927241623158,PASS
5.01212149416966,7.40620133284233,4.41223162530654,5.57286850896577,0.144249112528321,0.0815428213817234,187.297297297297,49.647089417065,51.0983766506908,153.975000068779,19.5185907706841,PASS
5.81320013572923,8.29814340315989,4.19735563733013,5.95287816802618,0.204240081683356,0.133542628769642,184.324324324324,49.2849405137661,50.9919500606881,163.178538177215,19.7946792350179,FAIL
4.85456567195982,6.41739421184641,4.06192323036744,4.92953295990035,0.148658124578709,0.0900959974768129,191.621621621622,49.6600651653658,53.3109273832412,134.719695590552,19.1848090184062,PASS
4.36660304793462,8.30709259848136,4.48888239004848,4.99080513292885,0.0934624114666591,0.0298795042254965,200.810810810811,50.5945646309715,59.5809905548735,141.992437987376,18.9749127288153,FAIL
4.21220961274573,8.39843390601508,4.32752628365311,5.43911789191679,0.0481890274735491,-0.013870740986085,195.405405405405,50.5060348317467,55.3002113562064,154.867259667634,19.2036769697814,FAIL
4.13482331249012,7.4186286393832,4.10576310266121,5.12579455328183,0.0518887443869462,-0.00642033803814623,195.675675675676,50.3919338032571,54.9781142285531,144.297335907056,19.0831740508307,FAIL
4.72472690526132,7.89847165008758,4.60338780690745,5.70139355982577,0.110899445867248,0.0479426116743513,188.648648648649,49.8852513078467,51.5618358006026,159.594919617089,19.5050871473328,PASS
4.59204900515457,7.75474105009656,3.80041052759616,5.593074860433,0.0761501737837743,0.0152969984945188,189.72972972973,50.0151955759137,51.9472511603481,156.104516587889,19.4057879257911,FAIL
5.2917042199437,7.7778601362478,4.31141787546738,4.9186457846301,0.212472900292984,0.143998399656367,196.756756756757,49.9425128531732,58.727636352028,136.244456083482,19.1244161135588,FAIL
5.90910705463821,7.35671325110405,3.92305817603669,5.46231744163283,0.224090073487412,0.155565714685375,186.216216216216,49.2424177423082,52.0522194078092,147.791755218744,19.5893813122851,FAIL
4.29957465021732,6.63246355377058,4.36713557546075,6.21104756590984,0.0498033311246342,-0.00471327734783211,176.756756756757,49.0653638057743,43.8280429273921,168.893832873461,19.9173322910496,FAIL
4.2893097521099,7.28642077537651,3.03489182038943,4.68308930033322,0.047839415531796,-0.00973726806920505,201.351351351351,50.4341119170148,59.2329329370214,130.541876965795,18.825619657221,FAIL
5.36031401151267,8.28520668806087,3.92770414870024,6.41747460828359,0.126041479525023,0.0607470345147206,180,49.1266235144675,47.5163276760346,175.931401664775,20.0070419219161,PASS
4.99735554639316,7.9671450963795,4.33644146631159,5.24999619320358,0.157462959394663,0.0915312177769106,194.054054054054,50.0494493396656,55.8818807388545,146.68953827009,19.2588101843715,FAIL
4.13559713565416,7.69408824131408,3.88677480904248,4.80022583435474,0.0548751325855606,-0.00443992680777106,201.621621621622,50.6042557616569,59.4345956879244,135.575715052305,18.8589268739393,FAIL
4.14487439535699,7.93652787311363,3.35557612285032,4.93056430540941,0.0287098028262588,-0.0305474059239291,200.810810810811,50.6575512592315,58.8362707409822,139.161327562099,18.9027573029693,FAIL
5.14634934516406,7.67292437993105,3.43930270250338,5.39314868138424,0.128959461953067,0.0649300465299658,190.540540540541,49.835395584114,53.5409534394115,148.765356558751,19.3717227173765,PASS
5.4183667967928,6.43646055489305,4.11494480972347,5.59666482683542,0.173321470901544,0.113289433571764,181.351351351351,48.9720630822021,47.6666658794303,150.207409527188,19.7112066206203,FAIL
4.01946222864436,7.30454421110942,3.67221486959893,5.19486943154218,0.0243812387400197,-0.0322628797406166,194.594594594595,50.389234680563,53.8583447579572,145.791394311102,19.1044407451374,FAIL
4.87250376946074,7.17124820535452,4.25509726480303,5.91378682194116,0.110285499604784,0.0505335267939785,182.162162162162,49.3537960468594,47.6477983672782,162.158839490846,19.7376037879378,PASS
4.47970176511542,7.78669163862183,3.39014263323118,5.37563475533132,0.0558623532643275,-0.00429504280069837,193.243243243243,50.2411528554695,53.9237386832455,150.367432896906,19.2370597830226,FAIL
5.3086224528394,6.79057546284757,4.54908410644284,4.62953867170618,0.23811812786045,0.173090743591885,196.216216216216,49.6285109304984,58.1828797902906,126.389784038744,19.0472136289121,FAIL
4.06100533103281,8.39634855219727,4.38757423566804,6.39673963317832,0.00243403702365352,-0.0573920006810605,183.513513513514,49.799084679025,47.710392562445,179.848653159594,19.7753893550882,FAIL
5.77582785903154,8.32473362381729,3.20132299781511,6.3012059944262,0.134746084600259,0.0671361069479124,180.810810810811,49.0898074381774,48.4637970702485,171.196198855035,19.9702755920445,PASS
5.05991622877018,8.03842068228174,4.50139722142925,6.27636499023605,0.120456823327783,0.0567808193600089,181.351351351351,49.284580656459,47.7411268462551,173.295586615762,19.911462345167,PASS
5.62683634539717,6.84552740138661,3.3034131866378,6.0262786907983,0.140273634460481,0.0795358544113554,177.567567567568,48.7779679789485,45.9239921370995,160.839846607037,19.9454093030434,PASS
5.93522300195563,8.21040075149546,3.38934025152526,4.80318433882021,0.246613240995905,0.170393598699602,197.837837837838,49.721810602155,61.7587191935347,130.955823940947,19.1056971219611,FAIL
4.93685581707787,8.21931416100448,3.38032994525359,5.8376434874131,0.0842049699437987,0.0206917920428034,187.837837837838,49.8462251361429,51.4377460112927,162.160249975013,19.5558001303533,FAIL
4.89975077438868,8.00211455780946,4.22097934573883,5.34745877697675,0.136335415910531,0.0713793336807624,193.243243243243,50.0693696022287,55.0359920485731,149.606880208661,19.2954938645528,FAIL
4.92526012483867,8.27539440734001,4.8252744714526,5.71119832056805,0.140331907126715,0.0743726177662507,189.459459459459,49.8962745467239,52.6991293642097,160.354351171525,19.5139341754934,PASS
5.75882054653298,7.04616518594404,4.54401305306407,5.20397122143089,0.249392937540173,0.181806068573697,188.378378378378,49.3120911256824,53.2832035761919,141.167682195731,19.4522473223459,FAIL
4.62360212614254,8.01852651688933,4.04978595685121,5.22723108079771,0.102525568746612,0.0393127341515876,195.675675675676,50.289930192707,56.1769564429055,147.008134961572,19.1706754879669,FAIL
5.27819579944975,6.78803263422296,4.46353283337055,5.02574658119768,0.204069665328226,0.140765616612723,190.810810810811,49.5462857793388,53.9204499865177,137.237049632987,19.2857458842646,FAIL
4.47624134767861,7.44471051420251,4.61893196505308,5.34618338958991,0.0986167885361352,0.0380705215920033,191.891891891892,50.0845207299817,53.086110275545,149.847615709707,19.2874082575022,FAIL
5.25425187132726,6.76030848501912,4.31498558901363,5.09368949524599,0.191987866899725,0.129386544033586,190,49.5221461428123,53.1446048790129,138.956353423981,19.3236409714291,FAIL
5.97850230169897,7.30042365921986,3.70276027801515,5.66991932054602,0.207328906591534,0.139861695711366,183.243243243243,49.0623343165259,50.1352833703339,152.577981943832,19.7317142037639,FAIL
5.76719966701067,8.02471909121471,4.36554724602634,6.48831006602192,0.176980656943134,0.110122431132656,177.297297297297,48.7306844426449,46.4382531173812,175.834848099507,20.1677419583253,FAIL
4.44108222485332,8.23813239430832,4.79013630137177,6.28187533029417,0.0589798497356583,-0.00263922675515671,183.513513513514,49.6511142970277,48.1481470655096,176.124023716496,19.7961706966689,FAIL
4.56536754536516,7.02553033735163,4.03226516064159,6.3518277144594,0.0606477615035458,0.00425278801491913,176.756756756757,49.0248959193713,44.1872817689435,172.737710323985,19.9887231464167,FAIL
5.06832931839491,7.75916153147668,3.22491973682137,5.71318221562677,0.0968228515749173,0.0342637725493498,187.027027027027,49.7156886022101,51.0454194400427,157.385449382163,19.5401136627732,FAIL
4.55936495572174,6.63066948394702,4.74645800308979,5.83837603651233,0.0948854541006756,0.0381870769514195,181.081081081081,49.2760860174675,46.38948094716,159.704753062391,19.7214093214325,FAIL
4.28829459726906,7.96041363197073,3.7782666820456,5.1298140140448,0.0556258906417301,-0.00502239724536724,197.567567567568,50.5054833865478,56.8620557296841,144.837413892892,19.0539443267339,FAIL
5.72222324714332,8.23038083358973,3.54467244267865,6.20889950681319,0.152240710789665,0.0845412489563167,181.621621621622,49.1378952255686,48.8506814394892,169.16343540777,19.9261207028492,PASS
4.13249117075488,7.66849231375818,4.75751051457861,4.73352705996157,0.0833013697967236,0.0228865500980283,202.432432432432,50.5942130234925,60.1434440529251,134.360258713088,18.8411975680641,FAIL
5.84314989712959,7.60972952041812,3.09013030694402,4.56942766187112,0.227326317273888,0.154610551480421,198.918918918919,49.6226207873226,62.3121463662259,123.580290867418,18.9920562689599,FAIL
4.25377127553868,8.13071361957756,4.0481692559551,4.87631768717674,0.0695982184612034,0.0078500899877213,201.891891891892,50.6477814409102,60.1981333944121,138.321410754344,18.8926788783429,FAIL
4.16668432013262,6.95328103642704,3.20127789969421,6.28252013432989,0.00484651981325779,-0.0488349810115755,178.108108108108,49.3084794135346,44.2878344004271,171.212634075484,19.8481054382806,FAIL
5.73034936309174,6.97668122341175,3.24365097410634,5.96469806358803,0.148067397133278,0.0858957360317728,178.918918918919,48.8540900960422,46.7898390705468,159.431083097611,19.9023026365637,PASS
4.48301364491822,6.53844046737346,3.70894611142396,5.34612945315352,0.0795147994495992,0.0237484529701629,187.297297297297,49.7116024167672,49.8476201591392,146.719680779106,19.3626947744502,FAIL
4.99282384615098,7.84901248654199,4.84379526875965,5.88267464600489,0.139836556195697,0.0757481496232278,185.405405405405,49.5783997170256,50.0354000826623,163.492198475071,19.6771214645803,PASS
5.59259862192413,8.07449466173962,3.09409963359576,6.21294217285014,0.116911940136408,0.0515130128102427,181.081081081081,49.1774683067893,48.3286309777895,168.936051142245,19.9049197473412,PASS
4.80608518956284,7.5263197563642,3.02540694969492,6.07074606351003,0.0532066674071836,-0.00557683501790562,182.432432432432,49.4857673162783,47.552155141825,166.334574595348,19.7384957183839,FAIL
4.97108246933627,7.06367967837789,4.04850422352802,6.09265198822488,0.107531899199526,0.0485039059332154,179.189189189189,49.1021821312728,46.0651618245799,165.671585327985,19.8792100910232,PASS
5.33710486963629,8.02913438204905,4.87927365881573,5.70850686972787,0.189698729557579,0.121964343374735,187.297297297297,49.5951978973665,52.0570396527494,158.414119467866,19.6068324680473,FAIL
4.88065255314433,7.87977648202331,3.50850863859309,5.30038193726733,0.107608235326019,0.0441668417866729,193.513513513514,50.0925433579861,55.0396372034938,147.542628986982,19.2541225331065,FAIL
5.56645590574062,7.8292000004974,4.33313051252784,5.23430182341168,0.224573459237788,0.154779868705597,191.891891891892,49.6984320813591,55.7025463355697,144.200230070593,19.3563027775554,FAIL
4.35858296274633,7.28538851566947,4.62719777711568,4.80150426924123,0.110005097428681,0.0498465215485452,198.918918918919,50.3270452563354,57.9577095483516,134.914055374611,18.9494462851381,FAIL
4.04138552465647,8.01727057088702,3.70523152458255,4.94228374058397,0.0274772225189102,-0.0319776245025341,201.351351351351,50.7233850203895,58.9835326861135,140.169450307416,18.8956807845938,FAIL
5.62225408203266,6.60880376871556,3.50645940689092,6.1105037929888,0.14568161130258,0.0862138400034593,175.405405405405,48.5692459479858,44.6101412100052,162.09377931747,20.0433610274704,PASS
4.60948941681386,7.80410590432206,4.35790056522162,5.06269263223321,0.11994020829829,0.0569090931330137,197.027027027027,50.2903184577413,57.1104131053764,142.353235502708,19.0960149206348,FAIL
4.38985761988337,6.9390470076717,3.31870610878333,5.02152573299748,0.0636971718561241,0.00680334629930268,194.324324324324,50.142336546286,54.2789087630427,139.202309321122,19.0856056215019,FAIL
4.23109797535426,7.49583667255674,4.32011256317663,5.38272740611742,0.0594769769383183,0.000458466432440408,192.162162162162,50.2200240028384,52.8629334733391,151.330954470424,19.2557017706075,FAIL
4.97830215921108,8.30459908724676,3.39553916770775,6.17428024984918,0.0765621193948729,0.0134123458735139,184.054054054054,49.5799229202628,49.1456022335786,170.758828230923,19.7649400635817,FAIL
4.59798430284073,7.68613138848025,3.96129886526626,4.6225283902725,0.127706000127536,0.0648971774254474,202.702702702703,50.3583764696408,61.6478054850832,129.389517096757,18.8347034613295,FAIL
4.96649423101025,7.67623399460772,3.77030023398077,5.0239830886809,0.143306480721723,0.0789657927507851,195.945945945946,50.0827593407285,57.1249361167701,139.553306507504,19.1280968335344,FAIL
5.21560539320781,7.23384670374563,3.72847511895148,4.60015866421231,0.195639404322838,0.130078871101403,199.189189189189,49.8659243123063,60.2879734849693,126.14363512749,18.9543923799753,FAIL
5.00962898985872,7.64074746327588,4.89339272646873,5.99295927312775,0.137641257568413,0.074638784244962,182.972972972973,49.3883893081857,48.5800909406574,165.634857767757,19.7758713292999,PASS
5.77055880349564,7.30077210664366,4.15466057180705,5.74492265048449,0.203768504939089,0.137568233228836,182.702702702703,49.0931917675112,49.5176596605923,155.45299791437,19.7602290528407,FAIL
4.47879741368845,6.66034475281837,3.50701810349088,4.9646247604603,0.0853569301770241,0.0287120224415947,193.513513513514,49.9908811387996,53.8081144879833,136.933300374569,19.1004619214568,FAIL
4.50035713901865,6.81014719276001,4.57817030248194,5.43000183345705,0.099754933520947,0.0418737102452189,187.567567567568,49.7388804481515,50.1530054785595,150.209312972213,19.4137554779979,PASS
4.15962166246866,6.51290139707785,4.29687320144084,4.73781707495171,0.0834642947200043,0.0277624804106256,196.756756756757,50.1397006639073,55.5289093351132,131.718195895504,18.9449095124055,FAIL
4.99682023787142,7.63761941488364,3.4539522462113,6.42450794954191,0.0762525020664694,0.0163740204879553,178.108108108108,49.074291252219,45.5709240540814,174.888739076795,20.0064287671229,FAIL
5.50000252111009,7.17674562900908,3.58795620722856,6.29645935397795,0.131026878924681,0.0699850206859454,176.216216216216,48.736275492821,45.1468409035078,168.884300577822,20.0720699526067,PASS
4.77199464164148,6.42415063465408,3.26725159514895,5.76492499859721,0.0789446894177287,0.0238336188640198,180.540540540541,49.2112965574461,46.1982809249623,155.706654556211,19.6831867089891,FAIL
5.10317594243234,6.90555319364014,3.79384577820801,4.8488039376296,0.169802683010743,0.107421999592586,194.594594594595,49.7766696467085,56.1222657403108,132.822314063481,19.1167181920839,FAIL
5.52509785591419,7.98608012895413,3.95672866598409,4.6712444466621,0.243999470097139,0.171764808030773,200,49.8917076353771,62.4446607354052,128.567586799702,18.993032900893,FAIL
5.23634460748845,8.34308928544603,4.00219294557333,5.45162468972571,0.161809555714746,0.0935312082220559,192.162162162162,49.9440050325083,55.2416288675916,151.878746499931,19.3789451634984,FAIL
5.9984878305077,7.83416325865083,3.93957124104744,4.53802134739882,0.310444822951716,0.233257583634003,199.72972972973,49.5523369841073,63.6829280437594,123.07120549086,19.0045973283963,FAIL
5.03055386538653,7.79457556803622,3.14946940525835,4.66389269704283,0.136800090579694,0.0713473023602462,201.351351351351,50.159954214106,61.6381444157059,128.94084116214,18.9006140620918,FAIL
5.24712248667433,7.22612462696447,3.83740963530533,5.58029571402543,0.148339316175974,0.0857320206594517,185.945945945946,49.4682065811878,50.465884710828,152.544308240185,19.5648686617723,PASS
4.149636691791,7.540806646157,4.66181254779216,5.0925708259185,0.0683791700911229,0.00880761079363679,196.486486486486,50.4293105121773,55.7684651173629,144.081937307885,19.0680335767093,FAIL
5.28811882990652,6.6756849253854,4.6890579187036,6.14827090849587,0.152686986968611,0.0933900775415885,175.945945945946,48.6458913027455,44.5649487037842,164.961493518833,20.0479123899542,PASS
5.50533534415479,8.23362420055922,3.90279969234104,5.91183192201137,0.16210729695401,0.0941986555801168,185.405405405405,49.4695379566135,51.0419225420589,162.768183122298,19.7142081523734,FAIL
5.35271658375513,7.21412327325262,4.81918159509329,6.22288801345444,0.159924885063486,0.0978303310791288,177.567567567568,48.8172104996694,45.7600810874553,168.61269083825,20.0376209415024,PASS
4.4696361211887,7.52921599321658,4.00074948282337,6.39513702232301,0.0453240515134471,-0.0125440576977559,178.918918918919,49.2698707930802,45.3700878399715,175.77771188074,19.9324813485822,FAIL
4.03264517003897,7.01923576108517,4.9328440132418,6.19676887156699,0.0283979062177928,-0.0273769731239241,179.459459459459,49.380922696873,45.0864757417373,171.135443924281,19.8246495594965,FAIL
4.19861085505565,6.48304008393888,4.81824211707767,5.60763237391918,0.0669115365626344,0.0117531095249851,184.054054054054,49.570603519532,47.5230712249386,154.542189434924,19.5281694589394,FAIL
5.68469218502678,7.02699151723677,4.04005784330082,4.89070640081336,0.242298157675242,0.174583019047249,192.702702702703,49.4785035912563,56.2997420009226,132.642726813445,19.2335184367301,FAIL
4.02624265633354,8.29310329903347,4.0679413628609,4.70088950077797,0.0439454165975665,-0.017008066249811,205.945945945946,50.8398951823798,62.8141303454587,134.012979131761,18.7426021878248,FAIL
4.90279622535434,7.89710300550323,4.06417345228002,6.35692186226505,0.0888839849042357,0.0273977881100133,180,49.2518686757999,46.7519644733167,174.907370584261,19.9387462426133,FAIL
4.78983654430438,6.7203165721568,4.69298039059447,4.8274994785399,0.166345842987456,0.105814374907829,194.594594594595,49.8500118352317,55.5749948992727,133.278920832978,19.0935101499491,FAIL
5.70811546270184,8.08632012278211,3.96894107429571,6.04790476672858,0.177812496204738,0.109637443904228,182.702702702703,49.2032367722558,49.6170333856756,165.211814168951,19.8514722009054,FAIL
5.6908674824802,7.19947488510899,4.11985910107617,5.53454330390642,0.205967378502302,0.139993467422871,185.135135135135,49.241782386799,50.8633319998889,150.090360691992,19.6220576126889,FAIL
4.5844503553647,8.24321345333941,3.80601103772366,6.31873513222196,0.0480137993452826,-0.012991531738372,182.702702702703,49.5980874990969,47.9006097824863,175.662764993833,19.8115299135737,FAIL
4.96717608960039,7.2182679586007,4.39812904830333,6.18029685583771,0.113125853322975,0.053284245362487,178.918918918919,49.0768397881249,45.9635564711422,168.551167668274,19.9289811449906,PASS
4.38163889208064,8.13287036261842,4.23351384545805,5.38450570771019,0.0711090052667906,0.00904390267616362,194.594594594595,50.3690632265815,54.9938544840203,152.341599999794,19.219776272703,FAIL
5.30791908184697,6.63687270347311,4.42405306680002,4.70588130872292,0.226630933413556,0.16282497323326,194.594594594595,49.5574751849248,56.6751324628639,128.104488847444,19.1062612748381,FAIL
5.13441372551759,7.87465924934068,4.83793576208454,6.2592251114155,0.137977370688566,0.074163841771257,180.540540540541,49.1822361890435,47.4183159930991,172.425823178285,19.9422335913225,PASS
4.74050261720842,7.81807846483311,3.76155503376092,5.39022189358959,0.0990569652988561,0.0366518908751428,192.432432432432,50.0878446597749,53.9722009287671,150.443690575883,19.2985950647912,FAIL
4.46397911082521,7.56779964438318,3.02846827396334,5.3170982277303,0.0424493061950355,-0.016302094489795,192.972972972973,50.2236291229139,53.70316794491,148.089909706669,19.2066545946699,FAIL
4.76674243412994,6.68730340203264,4.47970610725589,5.14957726852899,0.140172286562442,0.0809212660133376,190,49.719821491447,52.2382313172942,141.768212562099,19.290399991,PASS
4.76588818104496,8.37809411038007,4.2460010243536,5.30795303692638,0.122538897041431,0.0568579995777694,195.675675675676,50.275933412713,56.6186228813952,149.677848785434,19.2176237739847,FAIL
4.46462415520459,8.3312436075204,3.2896256833761,5.30203487379834,0.0474804788335568,-0.014548331099404,196.486486486486,50.4634163618529,56.409267822327,149.340797094884,19.1402861333507,FAIL
5.06410035217455,6.60189032254921,4.16155393968171,4.70897469240581,0.188344162021742,0.126827510138339,195.135135135135,49.6875138756505,56.4271695916357,128.663817583462,19.0648377953687,FAIL
5.19174475415059,7.3562195065074,4.63258460655385,5.64740452258453,0.166603118272808,0.103003634424297,185.675675675676,49.4679102586173,50.3687870570991,155.352912845766,19.6082246501433,FAIL
4.4212469099975,7.2621062071359,3.86558853745722,6.24246829293327,0.043675690684585,-0.0131302915182833,179.459459459459,49.3336395750771,45.5556510849184,171.299922614903,19.8521150847183,FAIL
5.49399021411699,7.19328450828609,3.33292608190764,5.58366554030244,0.149005869778758,0.0856562075284051,185.135135135135,49.354966341714,50.3583983014349,151.436858816226,19.5942004137514,PASS
4.04050922861982,6.64068076802948,4.26822821707438,5.46957295946177,0.0417777259600841,-0.0129915174223194,187.297297297297,49.8705777704007,49.1154043398264,151.61708873443,19.3732221209679,FAIL
5.98966445066799,7.71793379219928,4.94465021494986,6.26140723999093,0.226724229236427,0.158342332326074,177.837837837838,48.6814971826274,47.1254905831636,169.151115674675,20.110681877194,FAIL
5.40915179173115,6.56671556292928,3.88355309438615,4.5010439708282,0.229722322613557,0.165390231576244,196.756756756757,49.4983957215344,58.7625055061629,121.689613221186,18.9911423796835,FAIL
5.35724463011446,7.9496702756488,4.82375464298559,5.20849896924127,0.2212356457496,0.151886634631042,193.243243243243,49.8490640819619,56.3355614327565,144.780962665515,19.3069413237556,FAIL
5.08766553107168,7.70632728359508,3.35507103067661,6.46957438125471,0.0786218131769343,0.01827725965086,177.567567567568,49.024396191519,45.4933470716588,175.808432644749,20.0388099280699,FAIL
4.00546496596954,6.79153915249484,3.936500095371,5.61377294569478,0.0249169413460465,-0.0296812884530352,186.216216216216,49.8720040583293,48.4666839694254,155.534133129622,19.4312287950653,FAIL
4.5082077067973,8.38992890466382,3.89328451190189,4.6105764092035,0.110732284984117,0.0460195704366583,205.945945945946,50.5865752143057,64.4489314951435,130.180296299954,18.760991385868,FAIL
5.39285461608259,6.87532515002892,3.59937753319029,5.01209549601463,0.18199859797073,0.118457856116255,191.351351351351,49.5626084200216,54.3809724372016,136.206562366511,19.2624509163648,FAIL
4.17429239884317,7.53484544320739,3.53227326803531,4.56404963908738,0.0577560109102396,-0.000901405140658618,204.324324324324,50.5653281591701,61.6510182392542,128.165507140487,18.7317801450352,FAIL
5.28017352320472,7.60180382921457,3.38213256697195,5.87582398906047,0.11848108273249,0.0555601847848982,183.783783783784,49.4149873072726,49.3280130199834,160.583587842471,19.7006391352423,PASS
4.6209665473582,7.25299542632291,3.76303531670445,5.74936335402965,0.0756826499819344,0.0170658555420425,185.405405405405,49.6816367148818,49.0689897904833,158.681563806336,19.5617866267977,FAIL
5.5690950425001,7.58925412844503,4.30315086477332,5.67886185808706,0.194715196152651,0.12799599101013,185.405405405405,49.3555256020078,50.9395950303827,155.331760372415,19.656521382513,FAIL
4.31830540696613,6.48426579838904,3.27404946732181,5.06533284409111,0.0580917958901261,0.00349726310222898,191.621621621622,49.9541184717005,52.1010113514405,139.421984385058,19.1478337855411,FAIL
5.51384979041513,7.23004388660981,3.29130038064576,5.96803342563956,0.132019954226142,0.0698537603303088,180.540540540541,49.0691291868717,47.5288049731372,161.012492305302,19.8384402602608,PASS
5.33900222384199,7.67093872089034,4.08569159429318,5.00413594792302,0.201977091586622,0.134230130441159,195.135135135135,49.866988423757,57.4198383170163,138.118439779647,19.186943230985,FAIL
4.14780078315798,7.17436324563094,4.90934700016057,4.54834615154011,0.101356774583353,0.0423114610616564,202.972972972973,50.4375794009629,60.4415833698379,128.224701125291,18.7787852981031,FAIL
5.18268890506381,8.1687501639108,4.16380676271742,5.93263381555081,0.137708526391052,0.0720269326003552,185.675675675676,49.5867857015635,50.6280941024846,164.421574491119,19.6876918614375,PASS
5.43315625738809,7.1582971157588,3.30853536090794,4.81500370781877,0.182406966303561,0.116790841638016,195.135135135135,49.7131755037041,57.5352023151552,131.123401085278,19.1127418739375,FAIL
4.9251225035625,6.47003273569446,4.45298831410368,6.00374530121586,0.119035089064629,0.0621988367901587,177.297297297297,48.8648096000462,44.7741258866078,161.769376873884,19.9096876852158,PASS
4.90118000814249,6.97372593802897,3.28465677607436,5.48740888808409,0.0966511143907768,0.0377602925850671,186.756756756757,49.6391922466713,50.2761335459311,150.152043373966,19.4565433107811,FAIL
4.73021975526282,7.96175319044767,3.27884787352386,5.99282059795279,0.0556115683414243,-0.00509711462452356,185.405405405405,49.7436096664352,49.4196942027786,165.986324969404,19.6393054397364,FAIL
5.24120635661355,8.21551044450868,4.43575426109244,4.73510637079301,0.227718224700397,0.156779763371875,201.081081081081,50.107610978279,62.4547191494255,131.96112133942,18.9770027498306,FAIL
5.74135151526206,6.53191550667398,3.00269367083615,5.1133324175086,0.175390700617675,0.112382921822592,187.567567567568,49.2103977310274,52.1409975480784,136.7036136698,19.3998486342661,FAIL
4.7926406852764,6.97183545420159,4.2981088193441,5.02046134887729,0.143972260122934,0.0832085332861203,193.243243243243,49.8988580390435,54.5498587365597,138.858596734563,19.1778342966178,PASS
5.97208742545787,7.74581920098286,4.33449658637489,6.07871245969545,0.214515406238859,0.145891802016403,180.27027027027,48.895217510199,48.4532375310506,164.429013352486,19.9651979813349,FAIL
4.1388094423713,6.88649117602459,4.01974265984982,6.23145488086438,0.0240574059675743,-0.030478045121516,178.378378378378,49.2805264901252,44.4415847679916,170.481825713203,19.8532752135224,FAIL
5.99478108720392,7.61966683221721,3.04635959871167,6.31126797534163,0.143417619264761,0.0780516942188483,177.297297297297,48.7163483921698,46.4254885884332,168.665847788888,20.0854885134573,PASS
5.57475280765704,7.4171035155538,4.5092330561671,5.72201323965238,0.199267130365697,0.133305238753414,184.054054054054,49.243900962484,50.0469078477352,156.095215812847,19.7101554717994,FAIL
4.84430529836514,6.89316985453288,3.41261365951601,5.14702907984685,0.110774650606194,0.0515231561115738,191.081081081081,49.8223151838273,53.002519284731,141.324701682058,19.2468412094781,PASS
4.71365670504933,7.21599987933802,4.02880781051625,6.31758913989312,0.0742158456432759,0.0163490530489639,177.837837837838,49.0844008146671,44.9978017807146,172.237980572079,19.9646182436977,FAIL
4.23388201229162,6.76007374256906,3.93822961108246,5.12428360897519,0.0653625625576899,0.00923785962491996,192.162162162162,50.0693164260366,52.6042071652072,142.336701157645,19.1614343645547,FAIL
5.86391587113214,8.1555133169077,4.97881072651492,4.88875360046517,0.318972715086322,0.242235629724727,196.486486486486,49.7048626702057,60.6002400620948,134.720334287955,19.1851791789438,FAIL
5.63881533138063,7.62841938977632,3.47045615644378,6.08422760029418,0.146187669719402,0.0815100787949009,180.540540540541,49.0656940506021,47.9567349289875,164.712944833882,19.8951734870181,PASS
4.86686279589176,6.6593630154802,4.14050003464736,4.75567414279984,0.162039279948761,0.101758463413947,195.405405405405,49.8159884046313,56.1004799999823,130.617199499606,19.0544675258465,FAIL
4.43585610896079,7.33551295764481,3.97947496444292,4.88690820784192,0.0957394323099819,0.035858006058493,197.837837837838,50.2953330022908,57.206667471541,136.715484271119,18.993427649306,FAIL
4.24026438197401,7.7511692016949,4.9803193577046,5.81437404712353,0.0580151497449153,-0.00204689391570856,187.567567567568,49.9747554149512,50.1056450416601,163.759597232376,19.5201974318234,FAIL
4.45282290345663,8.05598792435094,3.74534814464193,5.89493313428584,0.0465279358671374,-0.013992023036092,187.567567567568,49.9710476636881,50.4067152298494,164.923551338345,19.5383519724363,FAIL
5.28990596926274,6.45066134719427,3.59546803532554,6.31124884806193,0.115465681335376,0.0589850816613692,172.972972972973,48.4346553153943,42.7877070207454,167.126965565951,20.1528544003189,PASS
5.31645968553351,7.0039728597616,4.16167861887441,5.24130313894086,0.185310836188616,0.121758674500913,188.918918918919,49.5280338407087,52.6689553533862,143.185960708617,19.3961567710186,FAIL
4.33814389693168,6.48284000504431,4.96474793153127,5.66978884424591,0.0824983205661378,0.0267596681993365,182.702702702703,49.4468704032168,47.0850402250717,155.805399527586,19.597764397371,FAIL
5.23626634388176,6.96003954724872,4.80447234986547,5.37995056519116,0.189597718369009,0.126538560679742,187.027027027027,49.4458636644531,51.2789146347338,147.345392488891,19.4937182893857,FAIL
4.48538581443771,6.48697538969309,3.24380049245447,5.49475608084258,0.0599835255082488,0.0053550877328491,185.135135135135,49.6124773218213,48.4145497831979,150.030546114539,19.4481616473167,FAIL
5.40181304460435,7.04615314403261,3.02572805413053,5.80155200840007,0.116339921088076,0.0555376113568693,181.891891891892,49.2049581174649,48.1256849368009,156.597396627412,19.7225162593877,PASS
4.37981529595829,7.44049469585833,4.85279906075325,5.43506795520804,0.0886330030291602,0.0285198131081436,190.810810810811,50.0690879450673,52.2651820255899,152.630786208911,19.3332672382344,FAIL
5.73578293681763,7.2438892272923,4.77523276749042,5.24298692425865,0.254641970452963,0.186077770734279,188.918918918919,49.3764830153071,53.6315469461573,142.902703414394,19.4580166452483,FAIL
4.26489293571993,7.25873876546243,3.7800026295802,6.46506794830313,0.0211456278898856,-0.034479402489662,177.027027027027,49.1856881187357,44.1083457570513,176.743904419172,19.9709504945542,FAIL
5.95915063699197,7.01492304888585,4.86375169048078,6.09898177644062,0.224027380304037,0.158933389184035,176.756756756757,48.5303669430027,46.0950737231509,162.979988321902,20.0850520679664,FAIL
5.87481576530245,7.63856113889938,3.73562184635187,5.31859473493848,0.222193529677345,0.151962189498574,189.189189189189,49.4493685432862,54.2931724847629,144.636598060939,19.4600903456824,FAIL
5.43914857788405,7.66656573644796,4.14725226045473,6.12886081859981,0.153562331014658,0.0892465683246152,180.540540540541,49.0991033346999,47.7452100267956,167.078959490366,19.9108795155615,PASS
4.29273561167595,6.93275482198518,3.7489642913084,4.70612055367251,0.0809601870142028,0.0235825202027236,199.189189189189,50.2742413707062,57.5957632926646,131.064186841916,18.8918072053268,FAIL
5.47874955039273,7.05203349083204,4.19081374957575,6.28378213648359,0.150995872791613,0.0898949969030929,175.675675675676,48.6548252290449,44.8752710814595,168.610273986942,20.100840462452,PASS
4.57579697326418,7.8830626294983,3.95313023395359,5.32949466581042,0.0893716842702823,0.0273413326117418,193.783783783784,50.2242907199434,54.7213232817103,149.569078225833,19.2336825097175,FAIL
5.65538927085306,7.44889576146042,3.95248990667951,6.22157326950229,0.161960644009275,0.097971010776627,178.108108108108,48.8283200855435,46.4971711953856,167.767410664154,20.027824690309,FAIL
4.26131999496235,6.64913772544322,3.26433287922113,5.80542645566809,0.0296393209215714,-0.0241684606876571,182.432432432432,49.5571181564666,46.5647512273635,158.746704527135,19.5924918542554,FAIL
5.95645386709009,7.57726830190921,3.83446720014846,4.51792306941337,0.297378047041278,0.222209183093082,199.189189189189,49.5125750605573,62.9059234443814,122.20369135313,19.0029163190618,FAIL
5.791684864268,8.35057157617035,4.98283319514464,6.3445596900416,0.208863567004716,0.138974168666754,180,48.946468045306,48.3152277167209,173.798896485553,20.0598189007828,FAIL
4.3643132199734,7.52415401203198,3.99988840129891,6.22881770940726,0.0393377023140165,-0.0184420946642957,181.081081081081,49.4856145845701,46.4170720023074,172.10391554032,19.8052907754946,FAIL
4.73719323186822,8.20704136402689,4.23060739446808,6.04420341495793,0.0867694337176694,0.0238525124874216,185.675675675676,49.7335361250092,49.8013755411431,168.770090184433,19.6809642421771,FAIL
5.4631421346456,8.34711232497828,4.5828191707257,5.42031762779093,0.214032881616021,0.143056013287457,191.891891891892,49.817320314471,55.6225441883013,150.80777057181,19.41275122877,FAIL
5.52984806702772,8.34420612749027,3.51206230010341,6.33147913579445,0.127888998400545,0.0615126371309321,181.081081081081,49.1700381755556,48.2742727568206,173.07519828761,19.9585501720014,PASS
4.66917973559918,6.76290644944562,3.86867645354756,6.02114672093756,0.0780215960387691,0.0217085864882365,179.189189189189,49.1766722376,45.5342655378692,163.665255134562,19.8140788042589,FAIL
5.83271696644698,7.403573366682,3.74944638788502,6.04315646334309,0.177563889154547,0.112201024951722,179.72972972973,48.8904429514022,47.617421794872,162.611396562757,19.9383961866379,FAIL
4.37952807627125,7.35398890028754,4.1623202985037,6.21471436957488,0.0467087926310127,-0.0107157483321227,180.27027027027,49.4079209513295,46.0170733130836,171.309691703458,19.8257460233591,FAIL
5.34291184737289,6.78689619830374,4.86702983887283,5.69786408776924,0.184296090484514,0.1224652480551,181.891891891892,49.0793951717972,48.1158994201733,154.546615688736,19.7425094823562,FAIL
5.30779063533786,7.15085743605297,3.65614074716232,4.56422779811735,0.204760404373978,0.138787362253413,198.918918918919,49.7846816963221,60.4116430839037,124.673913351518,18.9535241703285,FAIL
4.87689675928005,8.04221680147565,4.30459683084678,6.48894203981995,0.0880764941026773,0.0262180043607203,179.189189189189,49.1811170466694,46.3048025224281,178.788285042534,20.0122656950415,FAIL
5.19974539848381,7.43734299579975,3.14441190759885,5.82590509641833,0.102321373852595,0.0408295233732039,184.054054054054,49.4441518463983,49.1637613948083,158.979914564664,19.6639779806985,PASS
4.82021895294693,6.91967480676383,4.52725884503076,6.26142397422012,0.0998999456268299,0.042119708589915,176.756756756757,48.9062563260649,44.50358825671,169.87899667189,20.0042728868147,PASS
5.09672231648956,7.30292658465197,4.87052421483167,4.66682685868337,0.223816976669123,0.157711096062745,198.648648648649,49.9295972446094,59.7733426368051,129.255109625477,18.9947552838499,FAIL
4.73608261741257,6.46626365770771,3.09200912652579,5.78117991843917,0.0684132420448219,0.0135756396524573,180.810810810811,49.2534981750353,46.208640844209,156.253668986002,19.6742472711517,FAIL
5.02037294272367,7.52359582076632,3.56289835309067,5.85745666071033,0.102716238650432,0.0413781363049872,184.324324324324,49.5170048865708,49.1774073412739,160.845306915586,19.6605717278799,PASS
5.25372651803319,7.81789020353035,4.2307332677351,5.39914350911878,0.174713874793646,0.108190226837842,190.810810810811,49.7869852499709,54.0286714651378,149.528045428275,19.4035380583233,FAIL
5.4549735878668,8.36962849924488,4.06895211920026,6.05976326930497,0.156946938678818,0.0891380646166399,184.324324324324,49.4175517604692,50.3026673364264,167.161279959926,19.7906171825007,PASS
5.98305593844218,7.6731743559208,3.54654725539371,5.70615972793555,0.199459474778766,0.130331037699635,184.324324324324,49.1890234119188,51.0443339054608,154.314950580187,19.7097010866606,FAIL
5.27208070894296,8.22217161152719,4.23128461489001,6.38732976637485,0.129322918511796,0.0643388552923763,180.27027027027,49.15760568339,47.5385316000303,175.592850672195,19.9901401906968,PASS
4.5114680824806,6.79641179242962,3.88774017677998,6.25434340873192,0.0567541238538455,0.00145458759953332,176.756756756757,49.0434888506405,44.0848962178421,169.664907550206,19.9404787795986,FAIL
4.6967802943289,6.61504402213768,4.52947096326949,6.29255349254371,0.0885740016522131,0.0327036512171875,174.864864864865,48.7669712408453,43.3475291560927,169.714204475341,20.0503501985948,FAIL
4.37728579744357,7.74704497045207,4.03177960165994,6.22392679849967,0.0396086058666456,-0.0191133320890892,182.162162162162,49.5810264778249,47.1049885694384,172.684149330923,19.7787506252587,FAIL
4.59630986943129,7.00659380782643,3.44220878555632,4.77966809885976,0.100839187929283,0.0418385126512515,197.567567567568,50.1307088150417,57.1298631774224,132.287144414006,18.9708627195671,FAIL
5.91802347034729,7.76136573873402,4.60958861826858,5.5724124105353,0.250892869841051,0.179831310690626,186.486486486486,49.2930993179931,52.473620255014,152.080960162286,19.6382408705095,FAIL
5.64291164222633,6.92486644902113,4.39141022267411,6.20206305244305,0.175189245942074,0.113314219781844,175.675675675676,48.5712703196849,45.051975745507,165.834268727569,20.0983687188428,FAIL
4.17430674818639,8.33157356690871,4.40183510790263,4.6510710350264,0.0791299160996445,0.0165265885440363,206.216216216216,50.762678615787,63.6353519970866,132.581805946097,18.7433833199815,FAIL
5.8856793715756,8.32492543200427,3.77750562606544,5.65388397103242,0.209148471292099,0.13683527965444,187.837837837838,49.4809348777615,53.5174078506115,154.907727635093,19.6054017002142,FAIL
5.63432309967477,6.55308705371213,4.73062594367254,4.86274320748583,0.262306947621745,0.196738767338334,190.810810810811,49.2910130373629,54.7390666448321,131.367694620651,19.2745250139717,FAIL
5.6693481652027,8.08207110716595,4.01723500238262,5.54003803448759,0.204085550135582,0.133930036856585,188.918918918919,49.5785459526784,53.7094649489816,152.326001151405,19.5288491870524,FAIL
4.73379059337827,8.24720292881536,4.40045536807273,6.48145731044914,0.0753146458638739,0.013215566389662,180.540540540541,49.3330713656834,46.8868961411375,179.763207864621,19.9624476776027,FAIL
5.9379324862708,6.58545558285362,3.74119252316269,5.56032689935885,0.207872840959462,0.144117693190501,181.351351351351,48.8280435226778,48.5674588469097,147.953640451338,19.7413914905064,FAIL
4.16118524186282,7.80861036719343,3.69394317749716,4.72458398723843,0.0532074829204418,-0.00644154096897387,203.243243243243,50.6413393425019,60.7472773020221,133.370922894021,18.8052539930272,FAIL
5.88380133516741,6.81469167686113,3.01960964301199,6.23712605318462,0.13767902396808,0.0768581298051636,174.594594594595,48.4716386791176,44.4657876670376,164.688459903366,20.1208806415198,PASS
5.35726917615181,6.74340995741413,3.35332217077709,6.29171056559304,0.111449103589617,0.0535013246652143,174.594594594595,48.6104554725213,43.8205449030095,167.523033751059,20.0948898533257,PASS
4.16195423667742,6.54368689871369,3.0468706625105,5.64501721065767,0.0187556963482076,-0.0341861557835389,184.324324324324,49.7017055516575,47.3643012307577,154.574475269333,19.4752244981136,FAIL
4.65078207141878,7.44982663673528,3.80381556318398,5.75846198204251,0.0784443979168409,0.0188467164967091,185.945945945946,49.7408294949596,49.6390907658143,159.413339502189,19.5517957345466,FAIL
5.26324916640021,7.08535233924121,4.91331919082581,5.16668947117178,0.209485912674224,0.144794384658247,190.27027027027,49.603144406458,53.6770198277021,142.064568754989,19.3513930583123,FAIL
5.34208364377062,6.45234727805547,4.72354621016014,5.17034676038516,0.208441674881585,0.146652730843813,187.027027027027,49.2698117781131,51.2966587425661,140.088490030447,19.4344358242028,FAIL
5.8401386267922,6.89215927351434,3.1553168395706,5.06688841964101,0.196694251427609,0.130474955227521,189.459459459459,49.3246641285982,53.9865245973399,136.095533031176,19.3539801395859,FAIL
4.60588311557266,7.64431570374161,4.16356759766481,5.88463452063377,0.0789618109044344,0.0186433269586003,185.405405405405,49.7237410037005,49.2842848298398,163.553371473876,19.6150521536622,FAIL
4.28712259955559,7.09600900154792,4.24678611366204,6.21795401024499,0.0415013819547991,-0.0146618400087408,179.189189189189,49.3193803514728,45.205686922857,170.780787416124,19.8490247519167,FAIL
4.94313616704291,7.78143925308721,3.18751765094445,4.61519550672526,0.131778051729064,0.0669392597327855,202.162162162162,50.2038965788726,62.1697186905746,127.792111118766,18.8603719526937,FAIL
5.65040317980295,6.581580464127,3.41275681262688,6.08648003930809,0.14499032861675,0.0855435111326148,175.675675675676,48.5684348325046,44.6808398552377,161.29862286996,20.0316645408769,PASS
5.3634631053769,7.33998116983799,4.79553725859355,5.31705975473983,0.209473480315787,0.143481290875306,189.189189189189,49.5763315258315,53.1998923652209,146.300910011743,19.4330880158803,FAIL
5.31709681844227,8.31683886941281,3.60364073490399,5.94971158073874,0.127971712552703,0.061569487158423,185.945945945946,49.5832657263757,50.938675618663,164.278536237188,19.6879733015693,PASS
5.50380454058364,6.77126155875636,4.13675977201469,4.62222513723909,0.24453212430572,0.178461119832233,195.675675675676,49.5189014290918,58.2222095544052,125.335252876448,19.0669900680142,FAIL
5.36656317612679,7.73745180441929,3.26839949745904,6.28619342749232,0.10488853454606,0.042419782236532,179.459459459459,49.0835968552632,46.8212891927162,170.639432172812,19.9588922075567,PASS
4.33932871935707,7.4882199157043,3.06922792085627,6.1291282266424,0.0118341444594366,-0.0445650651427485,182.432432432432,49.642520002762,46.9375115398194,168.85301740812,19.702943884111,FAIL
5.1902049317136,7.21160074563631,4.28807041952145,5.23268620123541,0.177395772222005,0.113522657456896,190.27027027027,49.6825188557781,53.4699365175243,143.940388828255,19.351258691287,FAIL
5.99994066041512,7.81209045607855,3.393603243378,6.15914628136965,0.17019159291612,0.102598415503067,179.72972972973,48.8958698037265,48.0429982916576,165.776649597913,19.9804909300431,FAIL
4.60497706173467,7.44603533662839,4.24972922144625,4.50950235754639,0.147067943905658,0.0845757760964453,203.243243243243,50.2732861819521,62.1334224480194,125.941982412018,18.7955427049913,FAIL
5.55074100062578,6.82479138580198,3.40795710510329,6.08960428862623,0.136327382153813,0.0762116569918307,177.027027027027,48.7464310637686,45.4193852556556,162.560431955532,19.9822064568182,PASS
4.53980087288385,8.06158243283005,4.9945228023571,5.29075231622306,0.117130777304335,0.0532512085976836,195.135135135135,50.2912693209476,55.7147395993073,149.885847258731,19.2144052629096,FAIL
5.7992853141843,7.46168678432476,3.1645012578233,5.33709880095524,0.179544980868691,0.111801244464632,188.648648648649,49.450119183789,53.4705716023435,144.610774182363,19.456973965589,FAIL
4.03780848539023,8.20304258857959,3.74991786026406,4.52368705195104,0.0421721291287013,-0.0181603159365528,208.108108108108,50.810532122372,64.7474324547336,128.357616308919,18.643498662371,FAIL
5.00229996001553,7.28676745644215,4.70488761912332,5.5017256567975,0.155192429748199,0.0925386232932621,187.567567567568,49.6365290559732,51.3062967604798,152.058050151636,19.4929003527421,PASS
4.22439098195122,7.98280263833233,4.86965375993859,6.21177537329829,0.0394969206281974,-0.0204674651711926,183.513513513514,49.7222995060843,47.8683898927177,174.281828324496,19.7444893726477,FAIL
4.31001321646021,6.56260116113239,4.25652443235475,4.69391348632357,0.102530623337009,0.0458266482479869,197.297297297297,50.0949932593136,56.2496085916132,130.238690642383,18.9367451404172,FAIL
4.06686544798215,7.04722009505975,4.2901021462512,5.66855218770813,0.0347833157019611,-0.0213699466043561,186.486486486486,49.906611036844,48.9263936555471,157.840746527398,19.4574107879646,FAIL
5.34435397155023,7.9853776406638,3.76038858214009,4.65858663113482,0.211629150413309,0.141412402643586,200.810810810811,50.004105695395,62.5428666556991,128.597949497651,18.9513709843837,FAIL
4.86838370069891,7.9709476895949,3.60976345935096,5.96806372506482,0.0833821108221989,0.0213003904647177,185.405405405405,49.6766489993345,49.6777884759603,165.289952720384,19.6586470935973,FAIL
4.20039435498607,6.74553416074883,4.85023112296983,6.07684498572969,0.0508801152271441,-0.00452960611580044,179.189189189189,49.2812809413018,45.0524346007247,166.820212029773,19.8083670085437,FAIL
5.55765247912223,8.15461251354554,4.81944187104629,6.36077200615743,0.17766611742646,0.110482112652597,179.72972972973,48.9858564360879,47.6089834785236,174.299683900611,20.0477815074566,FAIL
4.80801143903021,6.97829886396645,4.53741864490959,6.38776079943906,0.0944026386860799,0.0367494690563299,175.405405405405,48.8135691354642,43.8911570341759,173.048369391858,20.0804738891706,FAIL
4.55879332885808,7.14226088040848,3.54642915131969,5.44707843594164,0.0733021040107635,0.0151056003539481,188.918918918919,49.9004970412082,51.1350525954986,150.678954382475,19.3642703217555,FAIL
5.92108840634337,6.60351354234321,4.08128935130347,5.11506193247885,0.24898331867191,0.182783308884022,187.027027027027,49.0883169584731,52.4882360180714,136.931848573961,19.4591044549023,FAIL
4.30330159134215,7.24524501274799,3.64842294315569,5.61281371125174,0.0436030467305388,-0.0135601226066496,187.837837837838,49.9530646359097,50.0507760992511,155.931751960097,19.4178877515182,FAIL
4.36888026324298,6.82980610145698,4.13052321671284,6.31729386983312,0.0469994866284804,-0.00806502404559717,176.486486486486,49.0395437863507,43.7780401152039,171.773639882852,19.9635875908201,FAIL
5.39979940297184,8.17092440833746,4.4863891955046,5.38936304275555,0.203629369579938,0.133990468713704,191.891891891892,49.8185037397411,55.3250984974346,149.746806958441,19.3963607397267,FAIL
4.23720639377718,8.27853922521209,4.19290389380265,5.16202531986459,0.0590771487086652,-0.00292471802701832,198.648648648649,50.6026021255131,57.6181269363077,146.817366825766,19.0492111645488,FAIL
4.58600271105836,7.40816324300893,4.68956220502547,6.3913284207477,0.0735363987715923,0.0148578700783849,178.108108108108,49.1205805307028,45.0957192905766,175.527777078797,19.9900801876228,FAIL
5.69662224804194,7.48803641520465,4.04167913527075,5.55243532434059,0.203874468002547,0.136532804624222,186.216216216216,49.3471359739962,51.67720305931,151.218793533328,19.6005944838648,FAIL
5.2501652174208,6.95761740035034,4.04377355754431,5.16048321957092,0.178241531705013,0.115240741882784,190,49.5894020912396,53.2335798606883,141.062574904914,19.3358699556024,FAIL
4.55018981300912,7.14582263668482,4.97264403270642,6.00670709271862,0.0898054474814146,0.0311294972474784,181.351351351351,49.3821052998349,46.8657635660871,165.794455607805,19.7698896632893,FAIL
4.89197998518557,8.0915561340784,4.00284876438032,5.60374332714282,0.115041567977938,0.0507690615394114,190.27027027027,49.9596801492658,53.0043528312387,156.478795442584,19.4365716962471,PASS
5.48551776060489,6.94483697137537,3.77269862550491,6.00722068294593,0.148829933740444,0.0877146624797158,178.648648648649,48.8820280539227,46.3671887130538,161.443718336299,19.9149317339315,PASS
4.98694206986881,7.73035885199991,4.80374089292681,5.16858213744087,0.175957603032987,0.110334578450255,194.054054054054,50.0005808174307,55.8853392872762,144.374771469655,19.24026935832,FAIL
4.59114129123178,7.63620218248584,3.36495839180512,4.924294141664,0.0859769437097266,0.0248772581814696,198.378378378378,50.3234756925427,57.9314995335395,137.429127694502,18.9981918524872,FAIL
5.61270534302751,6.61743747663553,4.35462421137665,4.88976919132325,0.24465759812908,0.179415655609905,191.081081081081,49.3375107880427,54.6987970502509,132.106422336888,19.2714591066273,FAIL
4.7435791666282,7.47943550571596,3.50227684212466,5.93829957995453,0.0710024847613114,0.0116599741613161,183.783783783784,49.5755887487492,48.3746450906592,163.489409188894,19.66813328774,FAIL
4.64232840497146,6.4752770582432,4.6237224570705,4.59062091873211,0.160088268017679,0.101180118699637,197.297297297297,49.8762770665931,57.1456445387909,126.544201533179,18.9462364179391,FAIL
4.59504896137063,7.00783501864284,4.07277022593001,4.74039830390549,0.127354813607195,0.0673975400807315,198.108108108108,50.1192628799679,57.5981670835547,131.632459922776,18.9642337558492,FAIL
5.59053366508688,7.4051015109691,3.45597030913523,6.16256402559532,0.138123950176043,0.0751495453376936,178.918918918919,48.9258073049094,46.7294775834739,166.092150146788,19.9639235509198,PASS
4.22688672044049,8.39864988135423,4.51660465324829,5.53691976395182,0.0515579299926437,-0.0106810055107206,194.054054054054,50.4325235646699,54.41793155735,157.669551375228,19.2700666839279,FAIL
4.95324949404669,6.94501632003886,4.92632491722396,5.13889364720513,0.174635236401314,0.112574571353068,191.081081081081,49.7263867175709,53.3557963328253,141.914656769008,19.2975144669085,FAIL
4.90590456425557,7.46643668231868,4.56676004104245,5.3246704970699,0.149528766253874,0.0863331205486776,191.081081081081,49.8767934232949,53.4545553756331,148.059957126991,19.342549020319,PASS
5.81959203256524,6.64130206569004,4.74493308121531,5.80277641402137,0.220859867785742,0.157499923379713,178.648648648649,48.6750569283367,46.9331951920224,154.99365876463,19.9090647144538,FAIL
4.86299138059849,6.67432617168308,3.03683497542706,5.23147725720827,0.0934884751929657,0.0358744515780691,188.918918918919,49.6936133492762,51.4005585600554,142.725196635061,19.3129718525471,FAIL
4.03461776506097,7.34288692233388,3.26331851554631,6.18970575335482,-0.00963124489872802,-0.0645231990403043,181.621621621622,49.6508313296271,46.0403503378865,170.639355327456,19.716171222942,FAIL
5.914813186879,6.79226085241594,4.47548356684954,4.61117598427838,0.307670908784504,0.237399736408038,194.594594594595,49.2787670020295,58.5547122091327,124.044455994476,19.1339622950915,FAIL
5.02898756724521,6.63756970025152,4.28530353000716,4.82531831374533,0.181686969686097,0.120424381119536,193.783783783784,49.6926451239125,55.3102302708347,132.097353336408,19.1304835853305,FAIL
4.12334421161902,7.51700699821893,3.28875596930208,5.23656359970781,0.0195048108537882,-0.0377594625849567,194.864864864865,50.4105906280112,54.2153946295586,146.819104227089,19.114600746759,FAIL
4.40238354987798,6.4003604878131,4.62000129278888,6.30614034837989,0.0636724651214778,0.00971370072122602,174.054054054054,48.7580572977447,42.5430209324164,169.943442787945,20.0471044722666,FAIL
4.88130678513229,7.13166870265841,3.72961009620875,5.07574958474595,0.130307395296407,0.0691417878649415,192.972972972973,49.9139649303583,54.5945361781848,140.075614073856,19.1946302593986,PASS
5.67018743083762,8.35176082207285,3.42858105854037,5.83202493810979,0.159168374858135,0.0898146475191037,186.486486486486,49.5063562677396,52.0450017252261,160.030709130589,19.6648629866309,PASS
4.88149767525397,7.22557560948118,4.6931048376062,5.50472904759232,0.141086261392076,0.0794422543808861,187.567567567568,49.6721765935871,51.0469344215466,152.323829373294,19.4809867243503,PASS
4.45803594687844,7.82408537749449,3.86436458923477,5.33189202037636,0.0725672955929849,0.0116051462933263,193.783783783784,50.2688708698883,54.4697896728977,149.744974107572,19.2181987781164,FAIL
5.86253005099001,6.69424076167098,3.03967639834273,5.34803496530347,0.175798726329697,0.111969039906162,184.864864864865,49.1050950465913,50.6650702566052,142.81480214608,19.5513441576988,FAIL
5.89360422303421,7.8615407572696,3.62381719496834,4.81015024507315,0.255077983488479,0.180933869474843,196.486486486486,49.6527677178957,60.3920338531509,130.966146101692,19.1355565883872,FAIL
5.97822520493453,8.10579704716782,4.3471949476637,5.03904281923048,0.290178913059187,0.214145180599925,194.324324324324,49.613245710944,58.7631774015804,138.023132336437,19.283376784795,FAIL
5.80509980654059,6.93141182051779,4.70730316736336,5.33825816714045,0.24972239533449,0.182858757840665,185.945945945946,49.1602983386712,51.6641130538325,144.327079147729,19.5626449931421,FAIL
4.17137347401557,8.27091604588313,4.64713615600359,6.36490508223649,0.022350646648468,-0.0378642679789655,183.243243243243,49.7201037481939,47.6139327543804,178.766053494268,19.7956849382404,FAIL
5.27406136254938,8.37303046885752,4.25850313675417,5.35817443576932,0.182597087444561,0.113205739616133,193.513513513514,49.9701821551723,56.2394820868248,149.502187782177,19.333292590251,FAIL
4.55403465406818,8.05866086148418,4.85892191755131,6.40915112479579,0.0697790128864796,0.00854400275030121,180.810810810811,49.3970295683518,46.8216993261806,178.402679871687,19.9207030848573,FAIL
4.33383404724868,6.76073467837172,4.89541032383368,5.76414187894878,0.075628108883644,0.0190076286591687,182.972972972973,49.5221507598616,47.3234463802903,159.077406351796,19.6200602013122,FAIL
5.09287276860856,7.69321210239147,4.98047038050042,6.12618870636986,0.142778291378299,0.0794097802558805,181.351351351351,49.2438859194142,47.8039902841895,168.872514946313,19.8734610290407,PASS
5.82671717016222,7.51824429717836,3.62572561634603,5.38791331432122,0.206555556389163,0.13785099587813,188.108108108108,49.4032776668025,53.2296543404995,146.288962870769,19.5031262473783,FAIL
4.53191612104177,6.68543175569101,4.53410327248963,5.71801636371879,0.0916844855804059,0.0348307056683047,182.972972972973,49.4368363715954,47.4413438659915,156.912239065037,19.6221895811564,FAIL
4.43554655520095,7.33870896042004,4.58935736080925,5.67214611405624,0.0804351362442002,0.0211957005427499,187.027027027027,49.832688511402,49.9474137695562,158.13130993529,19.4972490981536,FAIL
5.82713459431934,7.9040264602907,4.61865702702203,5.95402894855273,0.219056781753724,0.149750081120598,182.702702702703,49.1189179361753,49.8276695664153,162.500674871441,19.8512026925374,FAIL
5.69076330113102,7.63177591092652,4.22704074859713,4.51936149281381,0.288516969526229,0.215369339092449,200,49.678780251724,63.0486930662621,123.381650446417,18.9650024446959,FAIL
5.1262901600614,8.10815439964423,3.9037818290341,5.17661116103276,0.159645657440231,0.0924604985814809,195.135135135135,50.0671477080904,57.1049872816557,144.190913057181,19.2127411177172,FAIL
4.17033700286456,8.18976588135311,3.88941250209726,6.28716386574279,0.0079723440862931,-0.0511420087231309,183.783783783784,49.8043135998038,47.8851236055537,175.833763495274,19.7292907142815,FAIL
5.05435033810142,7.30601286971895,3.02827140351982,5.0356541787795,0.115353640418192,0.05318247894131,194.054054054054,49.9363361699527,55.6471464687064,138.386117120137,19.1597277730942,FAIL
5.59732517669105,6.8107365392033,4.28563340604761,5.88734161262571,0.182304349982255,0.120179267307841,179.189189189189,48.8326313990406,46.82337796533,158.072327309455,19.8903327940953,FAIL
4.19414550224922,7.87869164389109,4.95221319166067,6.01479622922862,0.0443615640889126,-0.0155648854443335,185.675675675676,49.8761503591611,48.9650890514962,169.263144064795,19.6260547289363,FAIL
4.41308632536438,6.75002428860278,4.82164372719118,5.03920028488017,0.112493505664088,0.0543150481718314,192.972972972973,49.9808260649146,53.4548033016328,140.195316967684,19.1630022187201,PASS
4.3788618618157,7.27089162896605,4.82481695872356,4.8802426890104,0.113979644930449,0.0536376658266977,197.837837837838,50.2848456339844,57.0510680652792,137.17805604009,19.0061827206848,FAIL
5.41803740459241,7.9272877136748,3.54429190311354,5.09014783624226,0.17929674418681,0.110739788131462,194.864864864865,49.8946222538994,57.4265008465602,140.302320981166,19.2146754765582,FAIL
5.92244182675528,6.82679449883286,3.76117627232943,5.83546265608409,0.194007624250883,0.130200990620222,179.189189189189,48.7458845862987,47.2945226690664,155.503665733174,19.8896722037296,FAIL
4.74831708501513,7.76626166176101,4.95064089120375,5.8378473825573,0.116605670460752,0.0540130997589938,186.216216216216,49.7040133824865,50.0789219442105,162.961261995038,19.6189414883134,PASS
5.39486570766362,6.89500496724482,4.74505227482964,6.05313484245299,0.168981029581172,0.107686062546989,177.837837837838,48.7989872408568,45.9149365735729,163.266520441942,19.971296768862,FAIL
4.2801611364304,6.90556397999061,4.11415962268247,5.51969064244808,0.0602577639481,0.00372833550228935,187.297297297297,49.851734561574,49.6764836215224,153.021090937083,19.4090460015593,FAIL
5.95202636607461,7.95982704965972,3.48589565654278,4.677359130013,0.263488389205982,0.18759743651474,198.378378378378,49.6449153806443,62.365024262823,127.058899978339,19.0568961307323,FAIL
5.6068924605593,7.80638893905436,4.85130492240889,5.30496762675519,0.244134933043951,0.173834169305644,190.810810810811,49.6189933676995,54.9725384463153,146.31414492424,19.4213335901376,FAIL
4.5103483564044,7.8798580950398,3.81122538353994,5.57845405204749,0.0671210110977213,0.00620231723938836,190.810810810811,50.112663662177,52.4548681327134,156.241815268481,19.3710471062239,FAIL
4.31750853578008,8.33922693325405,4.13112347143016,4.76027694608564,0.0855451499991829,0.0223645536732108,204.324324324324,50.6818784235394,62.3361317687196,135.20027515702,18.8230727019575,FAIL
5.06200252280754,6.87485400446883,4.72004597139242,6.33977932067817,0.124500609277825,0.0658881821505765,175.135135135135,48.6730549657523,43.9294559957316,170.886970592143,20.1126189859688,PASS
5.17007702432582,7.0819736560661,4.98835891210075,5.86223290955008,0.162245236845699,0.100380381692741,181.621621621622,49.1647489220731,47.8274021439378,160.197026474489,19.7878035044667,FAIL
4.35771599970043,6.8716879382684,4.47279350945555,5.61091101048744,0.0743360132118915,0.0173316092842913,185.675675675676,49.7092637710956,48.8584154309815,155.2907939879,19.4963926434169,FAIL
4.07925252349932,7.51430980999168,4.95045096310882,5.91766825278843,0.0367572460365466,-0.0215330638807475,185.405405405405,49.8661233705923,48.5534630465825,166.019800914667,19.5850520042403,FAIL
5.9328112876011,8.19924753775845,4.16034257850369,5.92668261243916,0.215526096150755,0.144322543686699,184.054054054054,49.2113893237909,50.9269987538275,161.83173430838,19.8069535280112,FAIL
5.68737450201314,7.77657403789303,3.32493938744938,4.78079518551518,0.214191654960989,0.14288276296076,197.297297297297,49.7628795785002,60.3503445380455,130.437956381946,19.0828680543052,FAIL
4.69115140331603,8.02547386545427,3.00992209952023,4.97546745794726,0.0736594116485165,0.0110396507543952,198.918918918919,50.3864408965287,58.7852520229525,138.948667802778,19.0022942238229,FAIL
4.06373207487909,7.75388534732441,4.70322231175536,6.03882677379293,0.0247656499859709,-0.0338492776410773,185.135135135135,49.8784510665665,48.3825039108483,169.559597068986,19.6261278455406,FAIL
5.15289425689937,6.9375967918073,4.83223783671061,6.17329401505482,0.142437428893573,0.0824850885812248,177.027027027027,48.8261978326232,45.202248219761,167.08186963949,20.0086189492405,PASS
5.8606476228307,8.172798599455,4.5291130741383,5.71580752238532,0.236233915167231,0.164268099190433,186.486486486486,49.3742197495455,52.5456983503247,156.905261018805,19.6757323054659,FAIL
5.49534216185801,6.99639747578012,4.44252262474457,6.302920427413,0.159105381638744,0.097984847825241,175.135135135135,48.5835026452694,44.5986135901103,168.952345241626,20.1337218643935,PASS
4.08813870713672,7.0849762861275,3.47680132276481,4.64138542728973,0.0467619492629983,-0.00963573442934917,201.351351351351,50.4591623953668,58.8899189664685,129.790975534854,18.7979701318699,FAIL
4.89685486255713,6.54127534643343,4.80807593978671,5.40214975224767,0.150593117331858,0.0915717974085494,185.405405405405,49.4085942610156,49.5189211651713,147.681950679309,19.5022774390391,PASS
5.05568720350396,8.34278694614153,4.59735233903565,5.5489237022355,0.157792875660786,0.0904307029394369,191.351351351351,49.9647022167444,54.3347257425141,155.591155407019,19.4237681835669,PASS
4.63910770679781,8.07640556991757,3.12211727451303,4.9105335719679,0.0764019079282382,0.0136387184409351,200.27027027027,50.4388789414114,59.6779951629614,137.420673699217,18.9557020317163,FAIL
4.56838411807563,7.86599957672163,4.14073673108208,5.74785077675499,0.0779933204188992,0.0167226299044535,188.378378378378,49.9381228840447,51.0302816672355,160.752328419029,19.4977795409022,FAIL
4.5134379596574,6.73913930204977,3.47869331882675,4.68206956297491,0.0992741325497392,0.0416812236787104,197.837837837838,50.0861507844299,57.1271969375009,129.281492825664,18.9247126621322,FAIL
5.70968825492566,8.1589204555949,4.38275542769233,4.97278111230044,0.26599779861491,0.191936415979179,196.216216216216,49.7956729860387,59.6059760022458,137.151521421915,19.1963106182286,FAIL
5.23156730259822,7.02273399411333,3.90379138157315,4.82687106878898,0.190473714611289,0.126350043674105,194.864864864865,49.752772003677,56.8530343892377,132.159592793847,19.1163357850539,FAIL
4.45437498411301,6.48615174090931,3.59639354299406,5.44680394720036,0.0702236662088106,0.015147392439807,185.945945945946,49.6346616008804,48.8091866894891,149.116045084813,19.4254772988146,FAIL
4.68741346796006,8.05757608146106,3.2854805116099,4.67488690911175,0.102294798935476,0.0384581457603107,203.243243243243,50.4232442039253,62.413153959809,130.650451398811,18.8348530774747,FAIL
5.81277305946966,8.20751097274275,3.469124128658,5.51560857759414,0.191891642452036,0.120560812476227,189.459459459459,49.5797912284038,54.3374410854621,151.014043124739,19.5094911997307,FAIL
5.10125496830662,7.676662564846,4.14557979476431,5.56293882645834,0.145708621545632,0.0815322208611218,188.378378378378,49.721850848635,52.079178150431,153.930047247109,19.4911083387794,PASS
5.83820603838375,6.43188155880238,3.41466618097692,5.66551349505658,0.178415519787659,0.117031084480464,179.459459459459,48.7460321337221,47.1790163709667,150.192766329238,19.8020638507464,FAIL
5.48245078408205,7.4528587878634,4.91553413413456,6.47190744037246,0.16447788056249,0.101359371022696,175.405405405405,48.6128733899986,44.901523298848,174.911470284547,20.1992863592409,FAIL
5.59682022808363,7.85450531866498,3.31277301343911,6.19799591107714,0.129930574285221,0.0651276169908512,180.27027027027,49.087899463367,47.8100438900007,168.133108680239,19.9293985113652,PASS
4.10310130033675,7.68851759601108,3.88376428308951,4.52663769546901,0.0616814232572039,0.0024041316356691,205.675675675676,50.6412807581696,62.7302723325511,127.750430639655,18.6954265639326,FAIL
4.29607758653187,7.63588035633213,4.86729586382863,5.77718204246433,0.0645581231267287,0.0047249319298277,187.297297297297,49.9360495058907,50.045698190923,162.248100358871,19.5154544643583,FAIL
5.83986740637391,7.88157717087301,3.75730708905706,5.22282994873591,0.227717517528567,0.155981228090898,191.621621621622,49.5890366208192,56.0373259041059,142.675661739665,19.3742820821193,FAIL
5.8533205084473,7.21589836200305,3.03218652787747,4.67602316901643,0.214659999162036,0.144753710857141,195.945945945946,49.5146763800272,59.4409446078797,125.950213407773,19.0856291197158,FAIL
5.41180292472367,8.19882363116024,4.65985508578747,5.47007011529328,0.206562220484467,0.136811367582606,190.810810810811,49.7713984997653,54.6766114510517,152.080719418073,19.4495518693864,FAIL
4.54977200165474,7.32920819825579,4.40603658400263,6.02602241865327,0.0760676770799488,0.0173077266905003,182.162162162162,49.4755549231826,47.2775829788364,166.446700301784,19.7418174860152,FAIL
5.98312291681119,7.83960293785835,3.91394964278875,5.52773335259354,0.230456008317784,0.159045080152943,187.297297297297,49.3413635083738,53.1030526059589,150.358323813371,19.5934652845757,FAIL
4.71042313621663,7.36915333702953,4.42244601616906,6.13630522716466,0.0891104685815326,0.029699786053434,180.810810810811,49.3117061400054,46.6668198345767,168.801729499963,19.8374068754522,FAIL
5.47492173861458,8.29611669805845,3.70210641275873,5.835750324416,0.153763026461217,0.0857605554825074,186.756756756757,49.5730573607044,51.8173559472661,160.886369993654,19.6490349321975,PASS
5.77633387713218,7.77865219691683,4.52554669266887,5.60464120390761,0.230640322858713,0.160853270063317,186.486486486486,49.3577791116433,52.2200902335955,153.372862663746,19.6308311216149,FAIL
4.13502457341185,7.549874799018,3.3987827093556,5.53638766459562,0.0161624191628134,-0.0410689743504424,190.810810810811,50.231390500677,51.6407120136348,154.896473864211,19.3005574284073,FAIL
5.90289887914118,6.63653681862461,4.9372197267583,6.22125366475708,0.21132542541716,0.149090900935828,173.513513513514,48.2401331149093,44.0978152803382,164.602258603155,20.2171825672394,FAIL
4.11274037119321,8.02035584983474,3.54858144295244,4.53636686133653,0.0460577309345608,-0.0138780587011257,207.027027027027,50.7292741324408,63.8900156380011,128.167083916358,18.6707113028126,FAIL
4.70886907764645,7.66512816603114,3.72390577671675,5.52652209651925,0.0892565417711392,0.028039116824658,190,49.969209692084,52.2477791381178,153.765870395452,19.390644510034,FAIL
5.99732688352579,7.83716350865827,4.74978802520809,5.35305473654869,0.281735365342143,0.208304036329553,189.189189189189,49.3938916937105,54.7113192889629,146.30619090491,19.5106172588773,FAIL
4.92918150779109,6.66824542886008,3.18349564650442,5.46350663397529,0.0977569874176554,0.0401530548892468,185.675675675676,49.498816918386,49.4047552120023,148.554953409213,19.4778515365071,PASS
5.86058298017653,7.29421792303138,3.62147615449329,4.98839523104571,0.233979607935055,0.164276665505206,192.162162162162,49.4683306911221,56.3120604454573,135.031131640205,19.2849264688041,FAIL
5.88051238809198,7.08539366131814,4.73792821781393,6.3604015569794,0.200067914625762,0.136322042871852,174.054054054054,48.35736950478,44.5887097413102,169.504439015009,20.2361118321676,FAIL
4.67490485730058,6.94233421555279,4.05224342317007,5.69749716440691,0.09371953397734,0.0356291903627951,184.324324324324,49.5377690498907,48.4716224572532,156.521374912939,19.5843880407949,FAIL
5.12925569862373,6.64829014167549,4.13402857953616,5.44566234866023,0.153686727338841,0.0937391716556696,185.135135135135,49.3416960437451,49.566524020538,148.022064121575,19.5362209057833,PASS
4.53941425133024,8.3678904613033,3.42598829992018,4.99990498439862,0.0743366779671981,0.0108760116226432,200.540540540541,50.5392531516538,59.6943473895876,140.908371881898,18.9778105727655,FAIL
5.90224968299961,7.88614474127961,4.02331259619756,5.41022296254857,0.235703203176733,0.163987938001446,189.189189189189,49.4595367628839,54.295942055467,147.710362003157,19.5061923434844,FAIL
4.61705420211376,7.82655768586151,4.81623963619221,5.38922595017493,0.118046984759411,0.0550273687373013,192.432432432432,50.1186870393283,54.0205831763443,151.673596004456,19.3051288527746,PASS
5.54891948017273,7.53612812626083,3.21108613411287,5.31084992382409,0.160570366670911,0.0942511628229414,190,49.6237862919885,53.9143675225817,144.890403071758,19.3937140703049,FAIL
4.67195675117354,6.91819432574511,3.93197075291747,5.65158848482471,0.091740083897029,0.0338103821475506,184.864864864865,49.5707090817702,48.7411920738376,155.225491593788,19.5529717871725,FAIL
5.70873417791268,6.4573616195351,4.46824784761788,4.96286590232731,0.252463925055844,0.187588719148251,188.918918918919,49.1805305261949,53.3519384600126,133.42300227035,19.3545266423511,FAIL
5.56181897750693,7.75643608875394,3.32518616641792,5.00006819477827,0.186606541494925,0.117592188204295,194.864864864865,49.7971013488857,57.7946222220435,136.916416956145,19.1927262756777,FAIL
5.95075272597791,7.94375616867634,4.69573425716067,5.23929568601771,0.284538549239443,0.210379936824003,191.081081081081,49.5068509656465,56.1498535684065,143.579378391655,19.4217939851697,FAIL
5.35353032778574,7.26334955816144,4.3078874746743,5.85822361434551,0.162485457667638,0.0994229063847168,182.162162162162,49.1952187642749,48.4510368492284,159.62612716481,19.7730320067451,FAIL
5.89497582399593,7.4128939326515,3.88649400458255,4.69284296599417,0.276400280718739,0.203783393529987,196.216216216216,49.5196042335717,60.0691077675897,127.139756663366,19.1099167115482,FAIL
4.89572571072501,8.03403773679671,3.82585339179227,5.7000192723154,0.104746112627858,0.0411964927219416,188.918918918919,49.8800940036558,52.0037635544415,158.702489663964,19.4966728720245,PASS
4.17335638365222,6.63463424759016,4.98295029978912,5.80775944258666,0.0591628938845606,0.00366291291335508,182.162162162162,49.4894036257497,46.5535677439739,160.150241888053,19.6416680291034,FAIL
5.27235550467444,8.13330710360461,3.55234619171177,5.83196317020022,0.126472236192926,0.060836554789744,186.756756756757,49.6359224901718,51.305909902006,160.944226319616,19.6231777000589,PASS
4.1493623544004,6.50973658640694,4.73392425753596,6.27613797877084,0.0408796907417959,-0.0129112305331547,175.405405405405,48.9723278638377,43.0258134188942,170.46134224963,19.9687970664181,FAIL
5.96276726953027,8.19640814354456,3.25560860924499,4.81012721683436,0.23865879201704,0.162469895693556,197.567567567568,49.705983342518,61.6263384834547,130.950350080951,19.1114858443492,FAIL
5.62691641123898,7.44016505923578,4.5844213382041,5.71679293647925,0.207631423815134,0.141094173695866,184.054054054054,49.2247338392208,50.1767609849302,155.908636301228,19.7151358800604,FAIL
5.53429359203582,8.28255356301537,4.32804956441291,5.97248680318099,0.179386688253491,0.110748962143569,184.864864864865,49.4034497412886,50.7395461802583,164.703332973248,19.765667055204,FAIL
4.50235554270259,6.59301949496957,4.55025089485315,5.91398149398954,0.0826704696268703,0.0267409803132408,180,49.2284741506864,45.7129166435547,161.402833813106,19.7617590555975,FAIL
5.40390525267977,6.85478245403998,4.83685569640381,5.43590531526193,0.2047852877734,0.141345811270507,185.405405405405,49.270387640738,50.465898869838,147.975135828911,19.5712376523508,FAIL
5.12903385623028,7.67361012887568,4.37483752192881,4.64389273654179,0.213602094940922,0.145980034588082,200.540540540541,50.0356890699619,61.4938399318479,128.803866938509,18.945236440036,FAIL
5.95992536010078,6.52345377380802,3.56312782798177,5.42095382175781,0.208771472722084,0.144816003431155,182.702702702703,48.8934842148277,49.472891323583,144.133699298127,19.6553411056781,FAIL
5.63573859922167,6.75160642792617,3.0521271961559,6.38555116394284,0.116346049164502,0.0577117491409225,172.972972972973,48.4145465194667,43.305089529288,168.653711861538,20.1901579121785,PASS
4.77654077784454,6.66423523288429,4.65061797051592,6.21596643218618,0.100940165748288,0.0442163393470594,175.945945945946,48.8252284516055,43.997627289071,168.021380223244,20.0077240802274,PASS
5.53702636798099,8.17872282618569,4.39518502872244,5.80254807608463,0.190975340309302,0.122027656283848,186.486486486486,49.4927452195578,51.7733712652982,160.151167986038,19.6714815194829,FAIL
4.87355173986627,7.39300682730992,3.9458155908854,5.66644187585106,0.110162731647702,0.0491683027157059,186.486486486486,49.6646285755842,50.2397416288335,156.400016933092,19.5418978098384,PASS
5.44277821821978,7.44730719411883,3.60419417587333,5.30505988674719,0.171850151618017,0.106172511074493,190,49.6306040095302,53.6549773485485,145.148475368984,19.3942736443022,FAIL
4.67789979494821,6.93511094477141,3.87767451069642,4.7067011602115,0.132226587915611,0.0722197814922942,197.837837837838,50.0548666990802,57.7014188285109,130.193989870634,18.9594177080684,FAIL
4.28932998199901,8.12100020523214,4.1294750435893,4.70110668020863,0.085597381522771,0.0233223867784987,204.324324324324,50.6477630813452,62.2513623777486,133.237781271252,18.800118495729,FAIL
5.26143889547265,7.3630740247124,4.71003456486493,6.34265251683922,0.143316997420749,0.081526753704431,177.027027027027,48.816968323076,45.4044091782318,172.176195116252,20.0794079510014,PASS
4.65117901538804,8.30515848736573,4.46686399310209,4.67983115415525,0.150728808295529,0.0844763474589283,204.054054054054,50.4779654176641,63.3098493125027,132.219495296374,18.8420077320022,FAIL
4.72673556095646,7.24943612529617,4.97153391368146,6.06030073629643,0.106368512201214,0.0465949662314223,180.810810810811,49.2938869207579,46.8487385928028,166.93596413656,19.8222113572672,PASS
5.11078147107664,7.66549839301792,3.18113183000179,5.84179348021358,0.0943257493238363,0.0323659447433793,185.135135135135,49.5695691686229,49.740696214018,160.265459026641,19.6357681693707,FAIL
4.06155784337454,7.51576417630122,4.98163745391308,5.03071524022318,0.0663545267152446,0.0069031855870697,197.567567567568,50.4873733893,56.297093131037,142.787735752856,19.0252530241238,FAIL
4.65738904487784,8.39684910555886,4.3236295014425,4.93870638988492,0.130780971000012,0.064860853871783,200.810810810811,50.4701239455114,60.5460102420936,139.714018337258,18.9824952902199,FAIL
5.13697523828074,7.10385511259943,3.08742971871629,6.30553999426,0.0804185919955893,0.0223193187865863,176.756756756757,48.9095082971849,44.7755941911162,169.677009365371,20.003471133063,FAIL
4.49764612604364,6.46899697770253,3.27454483549375,5.00030751017504,0.0788009393419021,0.023249728230222,191.891891891892,49.8883386300086,52.7041069050878,137.225522597065,19.1389262816129,FAIL
4.76046082367892,8.27588580792902,3.06942104785636,5.25632498902726,0.0716860656904569,0.00812236858142212,195.945945945946,50.3195041151763,56.739769476875,147.016990076153,19.1600764021109,FAIL
4.35650153866047,6.46968595020225,4.75123215400003,6.44202960652128,0.0572054226058081,0.00327097366804807,172.972972972973,48.6658281389721,41.9551397029041,173.463119436579,20.1281912481797,FAIL
5.16162552502905,7.13875793734547,4.82656218438012,5.77514305819269,0.161725632541149,0.0995264234194367,182.972972972973,49.2816419699985,48.6558323648894,158.149290154678,19.717181061525,FAIL
4.94058185330686,8.1801283649967,3.35867296133594,6.10064413254735,0.0744864776850258,0.0118966734321546,184.594594594595,49.6221414255823,49.3127793170948,168.696228898333,19.7234280648682,FAIL
5.82456692321896,7.98188280877629,4.62504148295714,5.71906092829119,0.234073165132981,0.16328405691505,185.945945945946,49.3234767582503,51.921808210631,156.738355417523,19.6931818335766,FAIL
5.80064544797679,6.45498775882175,3.46301636119735,6.38889088602052,0.147024075386337,0.0885326654090896,171.081081081081,48.1157773796007,42.4224304397906,167.179076311233,20.2870446708602,PASS
5.28011466869686,7.41896275666885,4.24338080866464,5.49432564497154,0.171652623902847,0.107121568807014,187.567567567568,49.5673248384192,51.8588345027052,151.021045328017,19.5075747412859,FAIL
5.22267438192707,6.62195274573866,3.47296458322683,4.53490678943693,0.186232894038229,0.123801736436663,197.297297297297,49.6444650903405,58.5273343662909,123.04113980057,18.9644527902059,FAIL
5.65361293614616,7.38522269178163,4.02510513173918,4.95241589561846,0.236618091031084,0.167521307462823,193.513513513514,49.6099353339056,56.9951925072795,135.135569561538,19.2317695407044,FAIL
4.36477944285021,8.24387086613415,4.89058560131676,5.61194782559108,0.076562406053306,0.0137880656091305,192.162162162162,50.2492818675515,53.3209035482437,159.346657404899,19.3625808181388,FAIL
5.24910222549971,7.65138241872496,3.5846208401582,6.30215199302688,0.107844585941046,0.0460242100445931,178.918918918919,49.0635389412749,46.4584441367729,171.372755417997,19.972817538047,PASS
4.04011945906132,6.73658637639596,4.08541092674356,4.71061082460049,0.0618005220786971,0.00610680141639475,198.648648648649,50.3162947465127,56.7032881968785,131.601121213987,18.8800539563737,FAIL
4.078176535956,7.04528015859213,4.84176652027263,5.90949399767465,0.0394912287128144,-0.0169437413666349,183.243243243243,49.6619763875687,47.1375093851845,164.204223417068,19.6339536692958,FAIL
5.27759294342262,6.57276186092286,3.46080888780591,5.14241767530989,0.156951928887949,0.0963776337818075,188.378378378378,49.4422322282653,51.9453988268138,139.181410439015,19.3532159312369,PASS
4.81876863624086,6.61310675248441,4.43234509802154,6.16806190926549,0.102095902439483,0.0455271444943137,176.216216216216,48.8420623073998,44.140526464696,166.45219939535,19.9820069760715,PASS
5.41311757851855,7.88935923935371,4.4730207191048,4.52473523478132,0.267008011733467,0.195067341578109,201.891891891892,49.9092836406756,63.9322199518101,124.901281701192,18.9084685244788,FAIL
5.16728528620032,7.79149272689982,3.01201271401565,5.54292596186019,0.101402668109611,0.0378692283705345,189.189189189189,49.8034654448196,52.5879898378907,152.588033609354,19.440292740126,FAIL
5.67462219896891,6.51525448994855,3.7631116988474,5.53962773732737,0.186518848398652,0.124744753083763,181.891891891892,48.9459363611616,48.4297041505297,148.06806268733,19.6936213816634,FAIL
5.65582938848876,8.25205141942902,4.07847328921664,5.43866059305838,0.212821039669183,0.14139712166989,190.810810810811,49.6916101871979,55.1727473523892,150.062235198274,19.4510649141929,FAIL
5.02357650991834,8.28327536366647,3.13530333250098,4.82478024488554,0.124842709545262,0.0578516100589247,201.081081081081,50.282922999731,61.5112423705764,134.221609198186,18.9554520976654,FAIL
5.54754133182356,7.84268442967103,4.42848615803999,5.87056518918339,0.187784730638003,0.120605802839496,184.054054054054,49.3143952005772,50.2132576379485,161.036734756352,19.7516808144995,FAIL
4.725754916741,6.46789408423325,4.79617346701029,4.50225371901556,0.181092338741445,0.121306811369581,198.378378378378,49.8295063458297,58.1788349432664,123.934513174256,18.9103360087962,FAIL
5.83675157766005,7.0882627847271,3.45296644887124,5.23082545211234,0.205351738968941,0.138399122469169,188.108108108108,49.3212765617182,53.1580666625634,141.046315552675,19.4451445339503,FAIL
5.16062634295409,7.28531085602159,4.14933093775581,5.58780286360186,0.150723251038364,0.0880129250856766,186.216216216216,49.5199177641521,50.5958400787923,153.384669652316,19.5585142542396,PASS
5.2608277203043,8.17845821459814,4.08337478583955,6.45279252961966,0.120593166226811,0.0562727758695255,179.459459459459,49.0926044636321,46.9784284440602,176.935455673914,20.0305607487365,PASS
4.78476081012883,7.06010645390164,4.0054223244585,6.04247017474456,0.0902849953376548,0.0320761992947743,180.27027027027,49.2418246766287,46.3586632046419,164.982334777185,19.8130695380052,FAIL
5.17450692754324,7.77748680246443,3.26907090955742,6.47046882920714,0.0821275374985253,0.0211622014694086,177.837837837838,49.0195215270563,45.6998846821861,175.719513837376,20.0417019084091,FAIL
5.67811650774188,6.46914233521302,3.14366537879774,4.66841298106296,0.204276713798964,0.139983625785516,193.243243243243,49.3279543789933,56.4315277751891,124.951843456028,19.1252719639057,FAIL
4.64123715916534,6.72345184061931,3.10577865026441,6.46335053018331,0.0409785322209562,-0.0129744993203292,173.783783783784,48.7868148682855,42.5782202737805,173.266630396139,20.0803049618026,FAIL
5.39127463619477,7.821550612605,3.4693162358073,6.07086855883694,0.124349280057349,0.0602949178975349,182.162162162162,49.2779072492431,48.5785901873128,165.725146121082,19.8230642167329,PASS
5.59698389040636,6.73802545380513,3.76338627468025,5.24642619001712,0.196011409082119,0.132394477902438,187.027027027027,49.2775709584065,51.6985547559962,141.52499573598,19.4636132481357,FAIL
5.59545073610665,7.12073198819296,4.11202976912436,5.31605926715265,0.208553523927843,0.142776229200786,187.837837837838,49.391911050222,52.4666909461213,144.537942459289,19.4757643381149,FAIL
5.93616926366971,7.79561940775268,4.50975096668117,4.78659791751566,0.310810614284532,0.235314377962519,196.486486486486,49.5877468805308,60.4654878266018,130.692871258941,19.1553707907403,FAIL
5.65956699186149,7.02883731402536,4.08153587001464,4.63014940281469,0.261364706032886,0.192609668111635,196.216216216216,49.5265028075974,59.225666559879,125.552553579549,19.07210401443,FAIL
4.53553292351389,7.11153552803464,3.10744509482368,5.38714863050741,0.0559801693990576,-0.0014145131114438,189.72972972973,49.9618875290171,51.5205210085791,148.790688379856,19.3102189516151,FAIL
5.12399622814294,8.34040418482087,3.18054135937765,4.53448561806985,0.156553975245487,0.0873385484196662,204.594594594595,50.2089108211519,65.4147609954223,125.603208543168,18.8058363284887,FAIL
4.46235492509928,6.52829052116268,4.00821091223299,4.96756661180757,0.101270207731811,0.0445878853096736,192.702702702703,49.9140791491686,53.280498301588,137.047003425686,19.1291932932601,PASS
5.96999318881117,7.61126967292281,3.95730883657835,6.09926480179716,0.196975800993098,0.129609587936439,179.459459459459,48.8465600009341,47.887749410567,164.268256602718,19.9810771135971,FAIL
4.73787110760689,7.70325879872861,3.14512953167604,4.75003912467056,0.098897734916411,0.0364713194447241,200.540540540541,50.3011426261057,60.1776296465131,132.068627041724,18.9087235911962,FAIL
4.3551997981774,6.99959247046366,4.64513109611777,5.87549711959664,0.0677470844863018,0.0105582395192695,182.972972972973,49.5395161715472,47.2860242669962,162.392484477249,19.6586755768408,FAIL
5.89399341364719,7.8627175531924,3.08100926084456,6.39009507525312,0.134328506751554,0.0687083626074074,177.567567567568,48.7910884284944,46.5867980596757,171.600660504972,20.0927723140693,PASS
5.88811443917707,6.58047159326525,3.27394685618979,5.231443880284,0.197956572361854,0.133714837930087,185.675675675676,49.080907920698,51.2896753060317,139.559738851879,19.5037533673945,FAIL
4.2678589008547,7.40435843247251,4.43230442465776,5.74931265349999,0.0546049200776225,-0.00377660535517477,186.756756756757,49.8940018708005,49.5083626112561,160.580518788565,19.5062470189157,FAIL
4.21652674524377,7.13282762826669,3.19705749838962,6.12796814684429,0.00966272547908431,-0.0451400655042333,180.810810810811,49.5296074784324,45.8507852416484,168.103456171581,19.7304503864472,FAIL
5.99820283652,7.67724880058262,3.6101395245712,6.20822386596309,0.17848006885227,0.111524751494352,178.648648648649,48.7878483545864,47.3158951120296,166.742375715599,20.0362027436842,FAIL
5.87334802759674,6.53217783812237,4.45930194553081,6.10697849537945,0.200221406445018,0.13870419586838,174.324324324324,48.3322251932686,44.4749161009633,161.407515772458,20.1324778787132,FAIL
4.15746954502737,7.33611316741077,4.37542879615224,4.66859446179998,0.0817616895895,0.0228068964095275,201.891891891892,50.4868257346159,59.6204754847758,131.552842067219,18.82648850539,FAIL
5.88840883394473,6.64326581003039,4.4090502199691,6.11591539569158,0.200164987320621,0.138042900707048,174.864864864865,48.3807715107313,44.7749825809904,161.9690760159,20.1226110769061,FAIL
5.04199877348154,7.51945016306106,4.84304683779075,6.42707969839894,0.12147660846717,0.0602189494634686,177.297297297297,48.907238019886,45.2847800467152,175.510208307265,20.0825096733274,PASS
4.11183327710265,6.98781829244687,4.96886324789245,5.08012884053555,0.0746914678509861,0.016997745206582,194.324324324324,50.2263785284621,53.883849953225,142.771242696668,19.1160105127113,FAIL
4.15479125585424,7.11868417570138,3.65870457900106,5.75884369438519,0.0257780607884784,-0.0300360449143201,185.675675675676,49.8536457939747,48.456756594314,159.600052615031,19.5007679330615,FAIL
4.8272141496238,7.55677108002909,3.95502672757823,5.90609149193082,0.0955800913618781,0.0347798472315792,184.324324324324,49.5661227453982,48.8905980574956,163.035645113406,19.6692114112064,FAIL
5.84539790196502,7.01045130960719,4.0728091789485,5.84970819718746,0.200223782000473,0.135609749537813,180,48.8441044215945,47.7905609070322,156.874368344542,19.8737058437694,FAIL
5.63007181974341,7.82261298279686,4.54967684315217,6.21856220161982,0.18203847388974,0.115686664312056,179.72972972973,48.9651078004661,47.6354601300609,169.397684863031,19.9968240039109,FAIL
4.55157251430385,6.76429622550269,3.69859001185211,6.35060981871193,0.0532959014989547,-0.00156588407594649,175.405405405405,48.9174003112102,43.3891344804158,171.497796025665,20.0097835516279,FAIL
4.76032265605853,7.42054826739862,3.82851856893607,5.07567241774722,0.119770086047701,0.0580270675712043,194.594594594595,50.0869341116166,55.6246558133132,141.105574776861,19.1495257726413,FAIL
5.44884136182233,7.86464265289155,3.93879515683444,5.22177713764307,0.194784097197329,0.126239212646251,192.702702702703,49.7938639185692,55.9032363725257,144.002435897245,19.3154017902935,FAIL
5.6806538321804,6.72335450853636,3.74561594946392,5.73547990434771,0.177045565639078,0.114917929427816,180.540540540541,48.9037743568097,47.6402800432869,153.515951484506,19.7958565966862,FAIL
4.38665375601762,7.31749182954513,4.48924143234145,6.10483698063723,0.0582332944195824,0.000303716563843648,181.621621621622,49.4736269208565,46.6632621936374,168.817796238513,19.7700725918133,FAIL
5.3762572463657,7.10306067327605,4.06899560795794,5.10182390841019,0.196690587011116,0.131834219682002,191.081081081081,49.6094449336689,54.3632612713537,139.477040077144,19.3058347136026,FAIL
5.95494539679177,7.28531460842449,3.56756009485871,5.85288694098593,0.18868110441353,0.122500240243172,181.081081081081,48.9449432169281,48.6535702941452,157.087583856005,19.8423708992911,FAIL
4.94249139598875,7.90440692079498,3.58007297445686,6.01854482131514,0.0881268176069178,0.0260770670350601,184.324324324324,49.5741350595472,49.1179285689509,166.13445675106,19.7090626032969,FAIL
5.40310173456256,7.57802173223983,3.58085410509348,4.67482422154729,0.205382807779093,0.136944439495792,198.918918918919,49.8669591095162,60.7881820223447,128.16833711794,18.9970081589017,FAIL
4.44770301682318,8.13717267917929,3.40412109238576,4.56809338730226,0.0825291650825307,0.0199461458031539,205.945945945946,50.5714915326333,64.0121891753923,128.345994429821,18.7324227113526,FAIL
5.66438374176448,6.63901923097637,4.50531994987134,5.95248499031885,0.191352494411894,0.129758451371621,177.297297297297,48.6364151283306,45.8228267770827,158.926879321074,19.9769240882889,FAIL
4.88028753591736,7.13279745629906,3.40785022741236,6.16362290810198,0.0755549368889066,0.0176931388385203,178.918918918919,49.1602409855856,45.7538042446082,167.411164507533,19.8764501048071,FAIL
5.11575182162848,8.24240529627338,4.5106970844906,6.11734725207656,0.133567149029481,0.0681806763259291,183.783783783784,49.4754363278404,49.4564071822466,169.78973133342,19.7965541789903,PASS
5.23344315380919,7.75667620186434,4.97374144505792,4.52908348984126,0.261208255334074,0.191118261936988,201.891891891892,49.978153074917,63.3190834314918,125.717598860457,18.9010705920649,FAIL
4.46120579721061,7.06197178128159,3.49478347396862,5.43274590943888,0.0625462419279883,0.0052226800004509,188.918918918919,49.9263297603906,50.9566564171943,150.313252163725,19.34580607998,FAIL
4.34312662761228,8.29379093688501,3.72456849569609,4.67153595042283,0.077471755562145,0.014757705371214,205.135135135135,50.6662730470612,63.2586913861466,132.113541167813,18.7706316824426,FAIL
5.9350855147829,6.91529555124071,3.09809970074149,4.69372632598886,0.225159753434563,0.15621340462073,194.324324324324,49.3605842374654,58.0500720350602,125.723594491463,19.1382613838439,FAIL
4.88312361174627,7.62748237593321,3.31274114133107,5.40866637744652,0.0953282211257194,0.0335084435476287,190.810810810811,49.9561440402648,53.1815844777018,149.754972122459,19.3372135547865,FAIL
5.10613760312071,8.11283343333705,3.47732302852908,5.22301418738166,0.134059043490986,0.0677921371673745,194.594594594595,50.0778595633401,56.6311247539921,145.179442303452,19.2243825563815,FAIL
4.90142615423763,8.17860881309959,3.56195106027378,5.14023834023862,0.119029555886149,0.0536906680819802,196.756756756757,50.2385596525637,57.6465671656783,143.681172683873,19.1384231126888,FAIL
5.43467827153662,7.54494537789458,4.61107439591947,5.63661150934206,0.193493875457686,0.12740351347479,185.945945945946,49.4264127230106,51.1247634867372,154.797488877944,19.6207183649591,FAIL
5.71652894486482,7.34026599978276,4.56412727056455,6.48873688395055,0.175549470797643,0.112124925200159,174.324324324324,48.4452678077787,44.5058349376096,173.838177388956,20.2541774003126,FAIL
5.09614412070269,7.31142352215256,4.7224891901024,5.97286882722298,0.143128304834839,0.0812326448048567,181.621621621622,49.2274504238706,47.724739341368,163.707540280772,19.8117717941734,PASS
4.73047399247552,8.27811725296913,4.35923567196659,4.62455864697253,0.161589127558056,0.0947922336360992,204.324324324324,50.4250747263814,63.9303096623146,130.251670009876,18.8232581927665,FAIL
5.83818296245251,6.76866576729376,3.93761370461563,5.22530993395878,0.228570619657034,0.162729871591147,186.756756756757,49.1615320792931,52.0637410993165,140.406751237697,19.4923391182565,FAIL
4.96104759609495,6.4464247322489,3.33589780543131,6.05710043826039,0.0881253684770598,0.0327187618913577,176.486486486486,48.8612330041093,44.3003944293397,162.186981290461,19.9112256455366,FAIL
5.04275008684215,7.80386291777934,4.38259888802622,6.07479352951063,0.123763472650902,0.0606908859774993,182.702702702703,49.3920883011452,48.4647491558084,167.627581041168,19.8005623146798,PASS
4.70708211829055,6.81977535577211,4.33468769812763,5.80730958640249,0.101041660773714,0.0432481930510791,182.162162162162,49.349865454315,47.2566397965164,158.933372177269,19.686918248226,PASS
5.88647706239829,7.61378595806596,4.08681942226693,5.69976116866288,0.216808329969299,0.148002922252814,184.324324324324,49.1938967002851,50.9087077471086,154.718225769707,19.7137376776338,FAIL
4.58202419993599,7.34764195133364,4.22048653622034,6.01909002924383,0.0749939055526558,0.0162161010210153,182.432432432432,49.4879722179647,47.3825783631083,166.100544256726,19.7343690889663,FAIL
4.70105830135692,8.27681382515295,3.2848915743064,5.20327870389669,0.0786824775348901,0.0150448636534833,196.756756756757,50.3637798567436,57.2703277978747,145.907622308312,19.1259273913502,FAIL
5.10676999517291,8.29873384501604,4.35846402699743,4.93935111584492,0.192261960749355,0.122996673965626,198.918918918919,50.1867859672447,60.3149567366949,138.294954885981,19.0655868489032,FAIL
5.31031915010075,7.76068481271736,3.13828909282818,4.71727545762244,0.164445402654961,0.096835637465137,199.459459459459,49.9884501277317,60.9350794980125,129.611413843094,18.9797009963567,FAIL
5.00786609509136,7.60832361290989,3.14513195567377,5.74466505993423,0.0868632471965078,0.0255402551561816,186.216216216216,49.6759568997915,50.2979430318636,157.944549438915,19.5619917566365,FAIL
4.57749023044906,6.47774058979853,3.86960992292376,4.83108261392572,0.116155943062734,0.0589898017858197,194.054054054054,49.8814047829667,54.481140252638,132.865557006394,19.064697878187,PASS
4.42263424504462,7.74985814387439,4.31722751539149,5.57985570073426,0.0731959135346764,0.0125769211638218,190.27027027027,50.0868854512532,52.0260826561005,156.653596427934,19.3850359127863,FAIL
4.98234089011678,6.43936114553376,4.76371810884238,5.14285463382623,0.172163477259972,0.112501037118638,188.378378378378,49.4738921519665,51.4191064389613,140.433533891307,19.3591791773199,FAIL
5.29773621071859,8.01986352986213,4.84298570553781,6.10343641296569,0.163140236417021,0.0971886729145413,182.702702702703,49.2997804053125,48.9638858997827,168.516340010372,19.8520700524817,FAIL
4.75633680951029,8.01770734043374,3.07835968975299,4.90962478568026,0.087852161790419,0.0244987296676811,199.72972972973,50.3592824449702,59.5063313862478,136.963229743377,18.9777592448538,FAIL
5.36283847193299,7.64098201404889,4.7249602195564,5.41388308850859,0.203019486957844,0.136002632659857,189.459459459459,49.6398202023056,53.3475508031048,149.544277476672,19.4612044012869,FAIL
5.80430383328533,6.66682258310515,3.40864531304754,6.27494862817012,0.149238575243891,0.0892463605681175,173.513513513514,48.3545362883749,43.7725937605727,165.442956364183,20.1733576824929,PASS
4.65472891638839,6.79660050658442,3.53855993563318,5.58276756976558,0.0806624739989656,0.0236980209953142,185.135135135135,49.5938142570838,48.848252165673,152.9138314531,19.5064205113842,FAIL
4.14717200816832,7.79447710004039,4.27801570419048,5.8333091896501,0.0311142787159876,-0.027825381619441,187.837837837838,50.0517299956523,50.0458917862019,163.940425027248,19.4918044866307,FAIL
5.20682956424199,7.14034712721378,4.06595798159232,5.12350379149035,0.176966174531861,0.11323218690806,191.621621621622,49.7061217729369,54.2489457379607,140.656676383975,19.2872174849702,FAIL
4.37662140806835,8.11873009160299,3.90386031916549,5.61992642431726,0.0515828021974967,-0.00952607514963832,191.621621621622,50.2309162673544,52.8280798135396,158.299853043827,19.3541891398759,FAIL
5.3775584201948,7.97480249060298,4.59899416818499,6.36815645703849,0.151842443474166,0.0868388780327592,179.189189189189,49.0072675394918,47.0127031793356,174.357515529815,20.0359590190978,PASS
5.40151647228265,7.84834908269311,3.38905521238178,6.27261148664055,0.113666691728355,0.0502704844091877,180,49.1110728136893,47.2452415996638,170.614404629142,19.9483412477733,PASS
4.93877468790061,8.21482166300664,4.08261727594835,4.79827944396634,0.167258743292022,0.0997455885960475,201.081081081081,50.2909143471616,61.5953959079888,134.398451132557,18.9557778467705,FAIL
5.73559901353002,7.89479670631158,4.54039052286939,4.98066201698058,0.272687581323037,0.19962579406522,194.864864864865,49.7025477731208,58.5924173261625,136.961074006432,19.230394713074,FAIL
4.27285824205932,7.97600908908043,4.77508649502865,5.20675620261684,0.0800702973995234,0.0182444288939789,196.486486486486,50.4550403401993,56.1756359949424,147.93096601853,19.1212824165936,FAIL
5.07599007751754,7.20351870448634,3.19569901213136,6.08363674346106,0.0862454767724474,0.027191594313927,180,49.1884827335044,46.5405461141186,165.020623248265,19.8388724152758,FAIL
4.49676734427079,7.32393673133078,3.57083144625743,4.70056784612957,0.0961487670282983,0.036206516264471,200.27027027027,50.3093607637476,59.2543055338351,130.997418474358,18.8828727347084,FAIL
5.17184902766959,6.41094183725474,3.47487643990297,6.48674908132457,0.0968448877318219,0.0417486192242758,170.810810810811,48.286302528676,41.6077707193284,171.129652909137,20.255987969017,PASS
5.49439854573665,6.57813147574154,3.13814485469127,6.08677884702283,0.120756996978609,0.0625296482821952,175.945945945946,48.6705209266739,44.6240630040017,161.66268431568,19.9932266896921,PASS
4.00895914599905,6.83001486069065,3.54705963165949,5.90722098447297,0.00864059973372544,-0.045168596127531,182.432432432432,49.6575897926945,46.3943729537294,162.53544418088,19.6041302676002,FAIL
5.61219224648449,7.71925374530493,3.93884073642717,6.0266413880676,0.167161714472413,0.101364843364384,181.621621621622,49.1353630056781,48.6599813477181,163.995286309281,19.8605573805076,FAIL
5.17926522215023,7.88500064072239,4.23140731940929,5.07030250575802,0.185908074387351,0.118505882739578,195.405405405405,49.9985956783406,57.4534132780487,140.948368536958,19.1853556022342,FAIL
4.24531455488897,7.35762058124934,4.00676322062938,4.95449138866507,0.0698191889228602,0.0110551041373879,197.567567567568,50.386149171282,56.5224867440199,139.129636050458,19.0009564636581,FAIL
5.15949780300449,6.92198886743859,3.1045564041786,5.0618090292746,0.130583851361526,0.0693843423717321,191.621621621622,49.7157721960207,53.988022184711,138.038852002492,19.2330262896647,PASS
5.53194778479369,7.13356019014499,3.34397808549076,5.4928210643322,0.157344483807478,0.0936722699045934,185.945945945946,49.3677109977167,50.920854358574,148.851281466759,19.5500607184757,PASS
5.27543575565514,7.07722642606053,4.99484379865723,6.26707874406735,0.154287476022985,0.0932200059098681,176.486486486486,48.7322712219344,45.0505602542961,169.509470338986,20.0788936378109,PASS
5.89100852102731,8.30277904309974,3.04623171812063,5.42451997412012,0.176486549563295,0.104194222167265,190.810810810811,49.6337417712071,55.4776525898708,148.168575438667,19.4449787192834,FAIL
5.41754566457674,8.16492154892712,3.25525511876362,5.16557791158609,0.15794907278272,0.0890244886763483,194.864864864865,49.950925070583,57.4541753715122,142.558118650618,19.2309696203092,FAIL
4.57034678696872,6.8573386506062,4.1110630047694,5.439636527829,0.0947766362371211,0.0369196330398216,187.567567567568,49.7373572536834,50.2354018907857,150.083795671344,19.4122600839621,FAIL
4.52912453655511,8.27103446057295,4.93776969560569,4.93144649737811,0.133259224730475,0.0680025445520788,200.810810810811,50.5016643962029,60.1744813615143,140.191320925147,18.9795410670256,FAIL
4.32385190224292,7.31217910516792,3.50964258749526,5.03186602747423,0.0595932760849853,0.00136674626426747,196.216216216216,50.3143111856275,55.553934943309,140.578788503411,19.0507967877754,FAIL
5.98159366927862,7.51814031348103,4.69561366372023,5.15187194817494,0.289190901740116,0.216677525695776,190.540540540541,49.3853568918651,55.5387487604594,140.241894901729,19.4126153600264,FAIL
4.47077525740064,7.85301556000621,3.27542045977334,5.67805011872208,0.0398886672538038,-0.0197000317056547,189.459459459459,50.0807519803739,51.4988975560802,158.392067050496,19.4102005926039,FAIL
5.37071214310663,8.28127642691123,4.58188821151669,4.79245684625852,0.247472020744822,0.175020580863833,200,50.0430676203023,62.0399928596537,133.428840556598,19.0298249232981,FAIL
5.51761997401356,7.21486684256828,3.72434059881021,6.29870839003982,0.137713150463196,0.076225934077077,176.486486486486,48.7304597123128,45.2561389254477,169.100170524213,20.0771404188953,PASS
4.91468749328693,6.73379728519391,3.6889116322109,4.60079001024316,0.158425260891324,0.0976756489709288,197.837837837838,49.8596565361993,58.1502160289635,126.076430781669,18.9487089004232,FAIL
4.18717247234151,6.72736162346747,4.26363375984558,5.98663449018851,0.0417055238778217,-0.0131172791367035,180.540540540541,49.3990357769642,45.5770490532958,164.235869170092,19.7281014682953,FAIL
5.55844297201622,7.44161668108259,3.04484331071869,5.69898800327614,0.133435096366084,0.069315630651488,184.594594594595,49.3618776379335,50.2416666759885,154.614634748119,19.6394101329378,PASS
4.6763333438589,7.96876699865347,4.79174514424708,5.35181292352801,0.126570094718273,0.0625537446242771,193.513513513514,50.1582237470627,54.8519126085996,150.791576695459,19.2781983447346,PASS
5.99629003725173,8.06153700048572,4.25768323312711,6.07558537700607,0.216345793240614,0.14597969368039,181.621621621622,49.007506219377,49.4123948742478,165.078422298306,19.9297745312672,FAIL
5.96566027579927,6.75864412586329,3.86658993479762,5.3315121903938,0.230606356841429,0.164454434638954,184.864864864865,49.0384729054957,51.1038335717161,142.675091530143,19.5803462740798,FAIL
5.92783904875551,6.61510116621078,4.62252436178425,5.41905213735986,0.25046440632582,0.184981023870258,183.243243243243,48.8980636148978,49.8570984801945,145.037356544074,19.6714486416313,FAIL
5.25123610752192,7.9743905240358,4.84940376679577,6.35556099778438,0.146417035557432,0.081825482912584,179.72972972973,49.0722118788827,47.0789183223848,174.682566523231,20.014069717812,PASS
5.98013589662401,8.24067800418024,3.86225608068602,6.05534173828314,0.19939653454751,0.128624975970794,182.702702702703,49.1174723701459,50.065789245694,164.761741414348,19.8823941370791,FAIL
4.8384466146871,7.72770544034835,3.39088012545736,4.8472631753421,0.119137526395558,0.0556533901685135,198.918918918919,50.2284435871849,59.1866437806262,134.774759731968,18.9872575524829,FAIL
5.91291255854362,8.37007322855824,4.88275566317362,5.10294653972019,0.305217799237114,0.228117421573321,194.594594594595,49.6895549313292,58.9933237322768,140.867158525479,19.3014832489989,FAIL
5.85324285211728,7.46116828929015,4.72054140270137,5.04588987501361,0.283375113762561,0.211740904456727,191.891891891892,49.4747213023062,56.3727125143355,137.680600323764,19.332086920536,FAIL
5.88515392642483,7.43982983660141,3.96301873356544,5.03863251509831,0.2528258329593,0.181887649407724,191.891891891892,49.4764751501064,56.3492790241282,136.829155268581,19.3157363471235,FAIL
5.24743316437821,8.31078571752827,3.87549329967251,6.24484587133339,0.120012327941264,0.0547536304845485,182.432432432432,49.3555620130797,48.7403414228948,172.125629586809,19.8724160728621,PASS
5.40281944133432,7.35456471627616,3.77879911537587,5.28510006929013,0.176992418940141,0.111749001905369,189.72972972973,49.6208101381874,53.5152647354863,144.657527468011,19.3899632534461,FAIL
4.33331596835366,7.1701535317063,3.48975045267162,6.12113246185258,0.0290123450592058,-0.0268302255694276,180.810810810811,49.4776701705526,46.0491540591619,168.0317187734,19.7537970412176,FAIL
4.63436197754754,7.5226831373493,3.58548753175138,6.11206209705064,0.0575778838510028,-0.0010956062609675,182.162162162162,49.4901283475593,47.2447783197414,168.234869676102,19.7598003243097,FAIL
4.3690956027385,6.44187843352708,3.76210460604256,4.75694944340229,0.092487821700759,0.0366689211304677,195.675675675676,50.0029597615118,55.060994098401,131.229361475935,18.9847471327963,FAIL
4.05132300204781,7.24415011491692,4.70480896898459,4.85493344153042,0.0682804888607325,0.0100175594377466,198.918918918919,50.4634543446581,57.136971498516,137.1304395161,18.9358902523187,FAIL
4.22632804975548,6.66790473826503,3.30568279965266,5.54756652000016,0.0337546410204986,-0.0204718182986693,185.945945945946,49.7869162400395,48.5803128390437,152.561953990996,19.4181762543464,FAIL
4.99688067831857,7.53119545657602,3.88605381582415,5.33674767090031,0.135708135851941,0.072519609709664,191.081081081081,49.8739203351698,53.5606641730615,147.744393197325,19.3398678010283,PASS
5.59647533710538,7.17531170923595,4.15571004366692,5.21105632608263,0.217346722385368,0.150788801446321,189.459459459459,49.4639979326272,53.631615858032,141.931172900227,19.405493889803,FAIL
4.91110636551421,7.19377407358435,3.29604361497376,4.81843263299852,0.126014102130871,0.064350390563553,197.027027027027,50.0215343449908,57.5038370777622,132.775842617999,19.024822457079,FAIL
4.04147311017391,7.33276589290154,4.06167019730224,5.59355958663274,0.0256505093262853,-0.0312605594493973,189.189189189189,50.1126504130968,50.4570188593962,156.617613923507,19.3652927688115,FAIL
4.08434487132481,8.02312018648151,4.30748718854192,5.6859182887541,0.026497135896943,-0.0332221524628492,190.810810810811,50.2838130172969,51.9229794114401,160.895361847918,19.3664185811186,FAIL
5.44142422046478,7.19395960169647,3.42987699082197,5.75340399585649,0.141346996863234,0.0788207147780964,183.243243243243,49.2546665437341,49.0034948848347,155.94046920529,19.6973603399089,PASS
5.64018863653232,7.54069790012926,4.40893828327944,5.94673715959045,0.19085425701403,0.124864307005948,181.621621621622,49.0886970334107,48.7264819087334,161.773283933436,19.8494387328232,FAIL
5.27814356057644,7.49179156139892,3.25505939480898,4.53351499923491,0.180155095695451,0.113256686970139,201.081081081081,49.9164855053586,62.1534120264997,124.145627181045,18.8923747713785,FAIL
5.14887622821482,7.20929158902892,4.83585014026037,4.73257726640599,0.223859145077117,0.158034805576485,197.297297297297,49.8608618264539,58.6497452786238,130.75663465514,19.0505390773088,FAIL
5.10523565198198,6.89018324136522,3.35207289407501,6.35501854384302,0.0883587344786964,0.0311250608937546,175.135135135135,48.7472051755859,43.8302980709429,170.294519103543,20.0735366211554,FAIL
4.24707367344089,8.00427524475858,3.67968808057528,4.71271641466761,0.0628408881600491,0.00195026205541271,203.783783783784,50.6491391721979,61.6460310620709,133.108537050766,18.7976264681445,FAIL
4.7124511807351,8.12835631605457,3.72044724327037,6.36409535403008,0.0576640862638602,-0.00330615401707457,181.621621621622,49.4552638206658,47.298549379452,176.002584802512,19.8718563847294,FAIL
5.50567560716132,7.68786303017385,4.81584953888109,5.16860771621955,0.239496759490374,0.17007636361476,192.432432432432,49.6980541102468,55.8622503251047,142.672856237039,19.3308314121549,FAIL
4.79877233276554,7.79332368638949,3.48831425688596,5.13246159600959,0.105467958969415,0.0425544748508682,195.405405405405,50.185015914528,56.3697368771959,143.015795559001,19.146654105853,FAIL
5.41459395373237,7.45858945556748,4.96010074584494,5.23096004262785,0.227134132068682,0.159675938645652,190.810810810811,49.6349466848983,54.4356991230513,144.240236549838,19.3796480827137,FAIL
5.23968127838644,8.16053615271319,4.06586787749294,4.74942891046051,0.208879534571733,0.13875455256024,200.540540540541,50.1037996323718,62.0640308841746,132.009666086259,18.9808746327728,FAIL
5.62075453451703,7.28464020985101,3.85803097951439,4.79098069254893,0.235472096989145,0.166689674443825,195.405405405405,49.6316824001302,58.3636561725957,130.477940464872,19.1336528136626,FAIL
4.4427528071404,7.15730128536803,4.25747783704045,5.88623905294134,0.0670685133274569,0.00934197154900129,183.513513513514,49.5851823124636,47.7160188062167,162.650682083271,19.6483944669401,FAIL
4.69394865152999,7.82481723732629,3.43195336178872,5.72863071162321,0.0679040510268952,0.00704890648210577,188.108108108108,49.9089466785175,51.0540956830208,159.182598301174,19.4877096898287,FAIL
4.95092475912382,7.08169009647924,4.48973762803734,5.83934864451448,0.12792495295795,0.0676893963441457,182.432432432432,49.3235313421784,47.9324182221089,159.976175683525,19.7207191648092,PASS
5.11430474364809,7.85562585019188,4.87048798590534,5.02703311139212,0.203956446878391,0.136291018543739,195.945945945946,50.0234633251402,57.8107496020709,140.377310377764,19.1660261519725,FAIL
4.37857156780965,6.94073972118053,3.29654479810365,4.82872228884316,0.0685588470800027,0.0114775116675441,197.297297297297,50.2195889517958,56.2756275704702,133.958816483431,18.9658174799883,FAIL
5.59871847858603,6.8524858917983,3.13369594523477,4.9003125213881,0.182659416392887,0.117899296889522,192.162162162162,49.4975190294523,55.4605294841368,132.267478180985,19.2149652655513,FAIL
5.8343132867573,7.00039860375874,4.03909469850259,6.46528509374666,0.168742597544987,0.106861292445016,172.702702702703,48.279159559138,43.6561077412202,171.276578127653,20.2868580485727,FAIL
5.04220079010308,7.53517180891845,3.44605386152971,5.24128189530693,0.125929785314572,0.0627633514329617,192.162162162162,49.9194066037897,54.4588618761339,144.734050312015,19.2748573793563,PASS
5.01167938089231,7.31212358827575,4.85406522553173,5.92721130457626,0.139626587081133,0.0779051589167362,182.162162162162,49.303580885461,48.045441154648,162.950232032861,19.7712369927936,PASS
5.34190908279205,6.72894659132446,3.28264138845981,5.18234404458901,0.15213335132674,0.090741473062614,188.648648648649,49.4725563209645,52.1701644932783,140.334440061931,19.3652000537084,PASS
4.02898761429755,7.49019367682116,3.74403181015921,6.39373459925168,-0.00395914034658484,-0.0597020498663475,179.72972972973,49.4828911740293,45.1694301213828,176.361198469751,19.8507792149674,FAIL
5.48649021295664,6.62904261419693,3.6490507983124,5.72494235415868,0.156453984863476,0.0960562612315511,180.540540540541,48.9704555993402,47.3551141325225,153.514036676727,19.7650252977252,PASS
4.96164377193455,6.76277901941759,3.42138842295266,4.85666797949238,0.137395825277243,0.0772250006342378,194.324324324324,49.8129944898062,55.4265264497563,132.90188739058,19.1011331149778,FAIL
5.97809224978353,7.42246351444188,4.99985968008863,4.95902889587078,0.315535828242961,0.242234198850572,192.432432432432,49.40894206756,57.1775194860032,135.008023915653,19.3093654235032,FAIL
5.99025110428132,8.03076588153825,3.33865352741535,6.08867552504758,0.170112029628861,0.101217877711059,181.351351351351,49.0440810349235,49.1847565318768,164.616505347516,19.9077382332664,FAIL
4.75265260151961,7.40809224553349,3.37837275637427,5.84211603529611,0.0708673356902223,0.0117114347180948,184.594594594595,49.6301169260334,48.8654525005386,160.779420867002,19.6114632856569,FAIL
5.55294048634112,6.6804986159278,3.06378136865849,5.63112111419688,0.138875700807255,0.0782901708886496,181.891891891892,49.0764087845465,48.231722856052,150.863398751512,19.6842368904676,PASS
5.38993284461899,7.90178503401125,4.37264770005251,5.49591354237169,0.190174931577924,0.122434128331804,189.459459459459,49.6809740969847,53.4691216987068,151.963328719943,19.4819690112345,FAIL
4.88165072550578,8.24629822237703,3.65748333900798,5.57913833196989,0.100800556796989,0.0363886998119213,191.351351351351,50.0457036879707,53.6873022824661,155.875098743537,19.395034665267,FAIL
5.1301764910548,7.09692119040615,4.93168219765991,5.49403089058234,0.175553918310268,0.112733449493647,186.486486486486,49.4829703918338,50.7616742307319,151.088270754381,19.5369273113775,FAIL
5.76305095099983,7.38353256950997,4.42725097601692,5.25841106177205,0.244795621907378,0.175713214593866,189.189189189189,49.4194064317795,53.9745783047593,143.322789680036,19.4489231705874,FAIL
5.77291123732534,7.8888884925798,4.73595530604913,4.99739156825639,0.28409046083197,0.210567278797282,194.594594594595,49.6699918995364,58.4064436645424,137.438213326239,19.2515030385856,FAIL
5.86536586804261,6.44876074057906,4.56698967451678,4.8093189510449,0.284383335904257,0.217537229376829,190.540540540541,49.1340640672485,54.9218698165894,128.893763503474,19.2865123161016,FAIL
4.14651022354587,8.11118103389042,4.08454186838766,5.53822944350056,0.032114087655109,-0.0281296762883337,193.243243243243,50.3937402376736,53.4676861303088,156.84639499,19.271377014107,FAIL
4.28312120399149,6.53379076567686,3.41652456586435,5.1890136327174,0.054946854454113,0.00028949591569627,190.27027027027,49.9272452302176,51.1480351312379,142.96466318067,19.2191636262241,FAIL
5.1420708561462,8.06728786013911,4.8960630224815,5.59238661856492,0.17420812129167,0.107231580313026,189.459459459459,49.7913246962189,53.1161786034307,156.110708472863,19.4981156037504,FAIL
5.78565027696157,8.00550991608215,3.28673187798708,5.31879173114946,0.188462669869539,0.117725042244872,191.081081081081,49.6394898167912,55.4907548504225,145.319853150944,19.397707636524,FAIL
4.35041757726656,7.43332433691145,3.05111388042332,6.06519269430505,0.0143129569493485,-0.042025235441872,182.972972972973,49.6731176562662,47.2178034789343,167.108832975793,19.6693432057846,FAIL
5.27576387921864,7.46164524128853,3.26612050477562,5.04723989731871,0.15055699375659,0.085649590414793,193.783783783784,49.8520873324358,56.1625886781048,138.511549019954,19.1972803212934,FAIL
5.93302845319762,7.43532444620512,3.99630351564066,5.070692170755,0.257211878431267,0.185994705391846,191.351351351351,49.4370366454906,56.0177741859489,137.560825719424,19.3445414662984,FAIL
4.64163197903166,8.25385396297381,4.63167544960303,6.16265309060759,0.0823550889651943,0.0195852268421352,184.594594594595,49.6746682955344,49.0658834444544,172.517117935231,19.7474071820591,FAIL
5.85479433100119,7.9264950542545,4.42388233166888,4.52343421178915,0.323352742405828,0.246540396940026,200.540540540541,49.6490588962477,64.2160070547991,123.542924488804,18.9764134135238,FAIL
4.75159099265564,8.27632884181893,4.02338296383928,5.25368290983479,0.115306292135221,0.0502979393689429,195.945945945946,50.286866716722,56.8074281616379,147.833611735108,19.1854683686554,FAIL
5.16339008929646,6.55414602764219,3.84709817485615,6.00634932804269,0.123706361810858,0.0660674233753186,177.297297297297,48.8318982588725,45.0529597590013,161.085190461228,19.9169984431273,PASS
5.11153535810794,6.69246101180162,3.38909659288452,6.3909340033417,0.0903506696152011,0.0340364673703614,173.513513513514,48.5975377462018,43.0145388151951,170.340619214373,20.1300814283877,FAIL
5.54698414727318,7.95773077267859,4.09755379655244,5.88203507678701,0.175153140945374,0.107871845451487,184.594594594595,49.3645573053056,50.4622881125351,161.361225195857,19.7365859343174,FAIL
4.83452101243299,7.81652815345079,4.32606905046588,4.6078431265551,0.175256295466735,0.109486791914318,202.432432432432,50.249491391069,62.4144077347357,128.794873301238,18.8635468660252,FAIL
5.57914040506643,6.98131560147275,3.22022816629776,6.26918618381192,0.123133641021626,0.0630050060013931,175.675675675676,48.6563881132406,44.7274798440422,167.099828705737,20.0773363927075,PASS
5.16397044416233,7.64960896082159,3.23246443517204,4.97384252266799,0.140411481393046,0.0753243412322642,195.945945945946,50.0008336542039,57.5845884469695,137.139165434076,19.117431176785,FAIL
5.98556939778541,8.10880081531341,4.82046421268659,5.83696212925341,0.252083315972678,0.179730502457326,184.594594594595,49.1906369446693,51.3981416375827,159.675894934123,19.7871901076139,FAIL
5.56313613192352,8.22455633103551,3.39569970865739,5.93399747242838,0.142253117839794,0.0747789672835677,185.135135135135,49.4503878913873,50.8320925465033,162.686622797503,19.7210659249875,PASS
4.42679785097666,7.81989932125407,4.46289585195274,5.38909095568797,0.0848817412702699,0.0234307433134927,192.972972972973,50.229456858175,53.942495814535,151.882228305535,19.2647826061643,FAIL
5.73159961244325,7.94484716869734,3.38857661346309,5.35807432299917,0.187120814014767,0.117190801613653,190.540540540541,49.6276767920479,54.9079732315255,146.512041888073,19.4211490053367,FAIL
4.15252899298507,6.7450188906677,4.16860675347354,5.15427363640936,0.0612139005044814,0.00527777432350651,191.891891891892,50.0808551576716,52.2583939440031,143.447033474476,19.1750304793335,FAIL
5.65017948417436,7.88530817670465,3.01502897756923,6.03763021234584,0.124463493279797,0.0589829736639794,182.432432432432,49.2330399212347,49.0409778310041,163.896403878251,19.8200508887311,PASS
4.31831529414204,7.5680327863169,4.97177845689337,4.51967093580283,0.128122926918521,0.0663860314629181,204.324324324324,50.4683807825899,62.4386975032478,127.700623256367,18.7590340414761,FAIL
4.86007291394289,7.2987774578418,3.14361266089313,5.47810800534574,0.0844709866738523,0.0246207684782305,188.648648648649,49.8126180043827,51.4508899293475,150.763404904649,19.4030058643122,FAIL
4.17400888097692,7.85851144955912,3.66461611621121,5.41346245927834,0.0291980977854874,-0.0298849052894193,193.783783783784,50.3887719945052,53.7565515899018,152.50871451224,19.2107776631535,FAIL
4.95073243512648,7.35399270133906,3.75541419048777,6.49857771353945,0.08176427635927,0.0231022974659723,175.945945945946,48.8668346042066,44.3073476297288,176.004025445244,20.0972723758232,FAIL
5.29881772665158,6.51990130866693,3.36148578352909,5.26505537590728,0.148436399680222,0.0885303368858662,186.486486486486,49.3456147805741,50.640833837996,142.096446885676,19.4374251871891,PASS
5.01185441942912,8.1919864027207,3.56921872071348,5.65792167082058,0.107849121602189,0.0431413168890312,189.72972972973,49.9132018240018,52.8629573562359,157.374825434497,19.4670311513572,PASS
5.98540615452314,8.26752142978237,4.08350131637803,5.96688408919164,0.215458583590071,0.14378737308313,183.783783783784,49.1806931275364,50.8260394530271,162.768089085782,19.831911975574,FAIL
5.81523950135264,8.26362838711734,3.56104022997315,5.97263908764612,0.17296844641673,0.103360202692362,184.054054054054,49.2917509889469,50.7111385121928,163.050885602295,19.7897661107296,FAIL
4.78328813335145,7.96541259934653,3.04269022857701,4.66997879607308,0.100132577763852,0.0362821160855414,202.702702702703,50.3529045817566,62.1414501860502,129.942061324684,18.847618516559,FAIL
4.48549783440143,6.9611150986263,3.56067333696739,5.15439488573663,0.0782120796810681,0.0205589972840329,192.162162162162,50.029573257054,53.1071488443148,142.744381433236,19.1891044365124,FAIL
5.39674570892979,7.03083912393274,4.79501336608101,5.7209026161909,0.187765239200922,0.124556632731448,182.702702702703,49.1528042231623,48.7647684155817,155.691905951151,19.7336061251101,FAIL
4.41089366060507,8.29483419693909,4.15091811380916,4.78268952902456,0.0986718882576221,0.0349628330335815,203.513513513514,50.6145661088164,61.9311669614619,135.572360748287,18.8550361805848,FAIL
4.65360785423183,7.10521978794986,4.14317774676864,5.88744880481866,0.0862746077931246,0.0279389958845544,182.702702702703,49.4637455739958,47.579812190268,161.852365557882,19.687673192075,FAIL
4.91702009548642,6.99096926836252,4.51423667950685,6.46873149867366,0.101381346152979,0.0434662868697115,174.324324324324,48.679837946264,43.4584522889906,174.58740471029,20.1521571864614,PASS
4.90272137443138,6.82459908970531,4.31713287930512,4.82184518960799,0.168605647570148,0.107271370356876,195.135135135135,49.8455679016432,56.0634603383824,132.811309057388,19.0889198789578,FAIL
5.40529370841843,7.55547830849602,3.56865626758907,4.56839471362042,0.212346271460149,0.143583410136235,200.27027027027,49.853049649432,62.0134369239859,125.080329718937,18.9369073676495,FAIL
4.49019069386315,7.71396277235032,3.50503741962724,5.43513351109576,0.0601487402329135,0.000138268734329761,191.891891891892,50.1688395834226,53.1508312898004,151.870102116613,19.2856904474051,FAIL
5.62600216586602,7.02303395238358,3.36830080926971,5.61984171160204,0.160920153245865,0.0976305060801197,183.513513513514,49.1854662733811,49.5216853420224,151.500383315201,19.6601309208989,FAIL
4.44108069674347,6.79030447556729,3.62284983036729,5.80556151062998,0.0556984816903651,9.16828580789231e-05,182.702702702703,49.5167175055344,47.0874059299939,159.022939078351,19.6191830161835,FAIL
4.74749959112388,8.05081980836091,3.96918119567336,6.23797769431926,0.0736673255918586,0.0121536960305407,182.702702702703,49.5106663115202,47.9545247328057,172.865330108013,19.814306873053,FAIL
5.21764467340397,8.09195968082035,3.07210268228858,5.37196527934748,0.115812724674948,0.049927442685333,192.432432432432,49.9638575697687,55.1269911771283,148.529747084226,19.3202809144485,FAIL
5.78633977699893,7.00572454401176,3.67499086307837,5.49852595281136,0.196572721212615,0.131350507383002,184.594594594595,49.1515798873314,50.5033666861186,148.060600665504,19.6224095415638,FAIL
4.60593678822524,6.77880250109662,4.27770417322782,5.79302911549067,0.0900984789499645,0.0329744077933186,182.432432432432,49.3965761105124,47.202895234142,158.69193637328,19.6638200024103,FAIL
4.06026037796576,7.57542031570102,4.31764143824066,4.64144407939431,0.0657733755374573,0.00661920149767659,203.513513513514,50.6239217965872,60.8533021004698,131.363422799838,18.7732724704679,FAIL
5.76458764546223,7.81785651964584,4.01936212113148,6.13621256042293,0.179811836056798,0.112878303591675,180.540540540541,48.9973463517153,48.2020778863468,166.510684854469,19.9488005990351,FAIL
4.11363987005881,6.92936005205531,3.47900400098751,6.08220710985702,0.0118771217590441,-0.0422903413992637,180.540540540541,49.5012878224855,45.5217996016214,166.779352450691,19.721516182514,FAIL
4.38799010032774,8.10374182419966,4.99823924500166,5.62234096736925,0.0821695915531439,0.0196813395845296,191.351351351351,50.1788775952449,52.8037948824724,159.327861540832,19.3888123791963,FAIL
4.74460112290294,8.38843868556791,4.27784237464153,5.40030101698937,0.116393826884528,0.0510114426985668,194.324324324324,50.242554686273,55.7596399690939,152.319010170848,19.2693425962532,FAIL
5.48855880432911,6.89582993853781,4.62497533054261,5.42047274422475,0.208442196986435,0.144405729871558,185.675675675676,49.2632259892219,50.7523879512445,147.303123754169,19.5646878650335,FAIL
5.47787868306039,7.4970644486249,4.13483389797593,6.27631264973,0.149993280549921,0.0868048620078538,178.108108108108,48.8746991408034,46.2482935726996,169.944394942444,20.0346377878187,PASS
4.43338957120262,7.62492554810522,3.43766554683074,6.02970869925741,0.0344182969188797,-0.0236784876880536,184.054054054054,49.7158305244031,48.0863168223408,166.918851335083,19.6549641740008,FAIL
5.46127365273388,7.75363183235695,3.93331471994203,5.00770036188025,0.209124560243803,0.140155112860853,194.864864864865,49.8276651852935,57.7043369428873,137.878411608161,19.1982029445665,FAIL
4.41280846024438,7.51918023953411,4.54487097223045,5.63802797390833,0.0770181845147514,0.0171693535538698,188.378378378378,49.9478825252351,50.802666863381,157.787710216294,19.4504276047324,FAIL
5.01427396798259,8.27076434648859,3.87225925171059,6.0134238045518,0.105568783533541,0.0411642463365474,185.675675675676,49.6569236605857,50.2623357925266,166.985989619332,19.6904429740464,PASS
4.82764512555992,7.95436814702855,3.81466930249168,5.20209358219616,0.119368116144239,0.0552805963186834,195.135135135135,50.1788803102291,56.248648354312,145.41821169159,19.1887634764713,FAIL
5.777781335871,6.50076111721955,3.96907003660646,6.11994206967933,0.175330158967372,0.115076669739645,174.324324324324,48.3808736249386,44.25088513395,161.633735819903,20.111594936644,FAIL
4.88934825933589,7.48808502644215,3.93485959313136,4.74879090452002,0.156949439825475,0.0930383881119466,199.189189189189,50.122476009973,59.4462044808631,131.860446265267,18.9721156716153,FAIL
4.50017600074505,7.29146994655443,3.37696674904178,5.79296868578899,0.0488860883873015,-0.00864810258360982,185.405405405405,49.7479110787419,48.8145901532118,159.900637900661,19.5505392342328,FAIL
4.46586346563714,6.67661113498385,3.10346269713406,6.04462317281239,0.0365839027547732,-0.0174355885704206,179.189189189189,49.2666007632618,45.0220514046811,163.959898843072,19.7744819221493,FAIL
5.41404642998376,7.63570733411479,4.08786782192647,4.56449288418884,0.242849404102585,0.172852058120749,200.540540540541,49.8569796677481,62.4041973712164,125.418570151775,18.942424815399,FAIL
5.14292282998824,8.31919528018305,4.6594727247622,5.2840986735668,0.186121479359903,0.117256095672828,194.594594594595,50.0499998508951,56.767739598432,148.127064599089,19.2812815487385,FAIL
5.6228557043309,8.22183951900548,4.62110266806481,5.14447900333763,0.253237618152509,0.180219739350065,194.324324324324,49.8099758704017,57.9710235468513,142.518592909744,19.284479139042,FAIL
5.31493479597934,6.61990851336396,4.65452224202236,5.64362721636335,0.177922279586314,0.117117930126864,181.891891891892,49.0584514137671,47.9466171722787,152.610285726701,19.7175416806567,FAIL
4.54631145387313,6.59003261795126,3.44999546039908,4.77581013546637,0.098810662962368,0.0418342815483661,195.675675675676,49.985613515991,55.4944296648308,131.447136961915,19.0010456066024,FAIL
4.37579247026911,6.70574069324291,3.55580357253786,5.84254847797017,0.0473686534164065,-0.00746387345920607,181.891891891892,49.4783032260783,46.5227903449243,159.756331959429,19.6409087353202,FAIL
4.21361993046342,7.38758266863585,3.12557643063066,5.56838810500219,0.0160739938263196,-0.0404627263414105,189.459459459459,50.1216661564073,50.8413062274208,154.932420657609,19.3402558258845,FAIL
5.09883073779667,8.07140360380716,3.91399130807996,5.80961910136245,0.125085531898772,0.0602893864230432,187.027027027027,49.7023892270516,51.2742299092155,161.084182903742,19.5982241908236,PASS
5.95005095249725,7.84392897458921,4.29331083216899,4.5870523630247,0.320850906011418,0.243999360011455,199.189189189189,49.586073938563,63.0871638456498,124.887599236926,19.032153177135,FAIL
5.19433597107253,7.38347324842513,3.36448564715109,6.28759490986579,0.0957406373399422,0.0356555941908723,178.108108108108,49.0078999021904,45.7491333678171,170.190257974468,19.9777382601401,FAIL
4.30623834520184,7.31844942219696,4.90182624262352,5.6857156277652,0.0717567034205727,0.0128813370087177,187.027027027027,49.8699166985413,49.7566160937443,159.003089308724,19.4950808559585,FAIL
4.50459121237373,7.9405095908959,4.82576812292834,5.30412284127779,0.107764530907345,0.0447932709515565,194.594594594595,50.2680336090001,55.1686397615609,149.951034876717,19.2236344208057,FAIL
5.8634394642726,7.74502968078701,4.86006469350849,5.95974896686134,0.229226195573147,0.160247336781025,181.891891891892,49.02345775502,49.3192146332501,162.259057523591,19.8855371222116,FAIL
5.1836255738039,6.62130987810332,4.57156189558948,5.72661325223981,0.158577834697785,0.0988390448830918,181.081081081081,49.0589866454,47.2933355919205,155.008452803646,19.7480337239719,PASS
4.70519356317693,7.6466348072964,3.9489701965737,5.75188468042936,0.0880440337026532,0.0271534473142333,187.027027027027,49.7921689055623,50.3331707532501,159.742601078193,19.5402782984389,FAIL
5.28248356330167,8.17536755240474,3.14847573097974,5.79675169180124,0.108218331122306,0.042833103362982,187.297297297297,49.6964478403009,51.699528464627,159.762154448136,19.5842726183544,PASS
5.23811561955185,7.26076585256511,3.41401411118772,5.78001777625759,0.120919534965743,0.0594422446864671,183.513513513514,49.3697339124958,48.9721264136383,157.414950946427,19.671886692019,PASS
4.11189586733801,7.83650790750051,4.38098140754147,4.62337591574966,0.0738327452860723,0.0133544992246302,204.864864864865,50.6721428532232,62.100476630731,131.190067139763,18.7524440112008,FAIL
5.25009416082293,7.96560878864198,3.90072314866259,4.81626126964979,0.196383029062804,0.127549590578434,198.918918918919,50.0471247694667,60.5489646813602,133.476102018457,19.0321004153895,FAIL
5.84806494822813,8.30341193181374,3.7723805207789,6.24099317296758,0.173518213530039,0.104409963506029,181.081081081081,49.0571834730319,48.8666649364228,169.900129467798,19.9686362392577,FAIL
5.47778502475168,8.32219294365419,4.66913773664256,5.30217047408197,0.226896600848427,0.155316335086159,193.243243243243,49.856505934215,56.6821132062016,147.562380990399,19.3478999891867,FAIL
5.01048177090884,7.69276199772785,4.54793165587989,6.32760322885037,0.114852051274932,0.053013059484887,179.189189189189,49.1153366410513,46.4036847031105,173.635733313547,19.9789789947266,PASS
5.40621453408105,7.64714373653487,4.93622145446858,4.65765431275067,0.271086400714979,0.200470720714098,199.189189189189,49.8544195826811,61.3153172413035,128.714833389174,19.0127695744161,FAIL
4.39047457970183,7.905175904126,4.06113779646977,6.30440183618886,0.0381179382718942,-0.021113145819842,181.891891891892,49.5568245693413,47.0200695193113,175.095601165354,19.8159520798492,FAIL
4.96912705753906,8.35333054403788,3.45287647724794,5.93145950435014,0.0866178135305368,0.0225220011267393,187.027027027027,49.7987613906777,51.1047335847175,164.840075628511,19.6091109463875,FAIL
5.22673856785546,7.42863456691684,4.3408618919024,6.34004379349939,0.13013466419556,0.0686150239245222,177.567567567568,48.8905180258285,45.5920357718685,172.187128464946,20.0505211003428,PASS
4.33124104224633,6.86589329723161,4.5684531679787,5.04222295365451,0.0958031195264761,0.0378741213959459,193.513513513514,50.0872247757735,53.8361608323052,140.618543401122,19.1323086403602,FAIL
5.43928112613402,7.56384332859112,4.7873140035531,5.7261124889077,0.194588292775108,0.128523600736971,184.864864864865,49.357286112817,50.4667033772048,157.24860912071,19.6815488738086,FAIL
5.66808786439239,7.92943389794963,3.57978465845358,6.03608083533264,0.156454699771314,0.0897841347608482,182.432432432432,49.2010788003349,49.2154570190222,164.330869388924,19.8400668038355,PASS
4.40217784559874,8.13422928613938,4.20458094191293,5.36630305398537,0.0735373539198133,0.0113512716406052,194.864864864865,50.3702560809093,55.1728916990943,151.769287927945,19.2113395305911,FAIL
4.68904854664745,6.50683072029913,3.63724682538329,5.10663743471686,0.107676700722061,0.0506104946137114,190,49.7349730522433,51.9017291228493,139.842562278207,19.2458177208375,PASS
5.54363374600691,8.33775883130528,3.20114836883063,6.40805652387691,0.110602081306353,0.0449308076122557,180.27027027027,49.1147317698904,47.7256770026133,174.600065218102,19.9976843099779,PASS
5.7562621047589,7.52330405089873,3.292378244439,5.94636291407773,0.153378676545313,0.0881297063659269,181.621621621622,49.0920366083556,48.650718927706,160.531173205861,19.8310133648812,PASS
4.19152813102536,7.44863808961916,3.03656450686232,4.74466251867169,0.0323618021269676,-0.0251227905588365,201.351351351351,50.5320662073024,59.1212911665104,132.762816085066,18.8318842030821,FAIL
4.19684320085788,6.6891570112766,3.64464509574005,6.10277626768914,0.0266276545163496,-0.0271031085846506,178.918918918919,49.3046280036941,44.6519814790931,166.350167401189,19.7896062504502,FAIL
5.94836037976828,7.13473034220408,4.82203026919415,5.78143182117458,0.241420657250756,0.174330786283271,181.081081081081,48.8665834822759,48.7575930465765,155.718612037882,19.8540880647114,FAIL
4.1722193315833,7.44667978233537,3.25599049098291,4.59610873031569,0.0453374395392762,-0.0125223173839458,203.513513513514,50.5471243572842,60.8902269366161,128.739670449423,18.7493091010242,FAIL
4.44413939495593,6.82954777447397,4.14290844135656,5.36385233045253,0.085071147768918,0.0277679717378997,188.648648648649,49.8397751843495,50.7559229829943,148.413223484687,19.3467184769935,FAIL
4.43822627929759,7.37095009476862,3.5648369943809,5.46010505181484,0.0588324678185758,0.000371971691828565,190.27027027027,50.0464753294817,51.7753787170793,151.916994398983,19.3284607131651,FAIL
5.36833343505473,6.79606365341017,3.31858091696661,6.25007637830389,0.112123632474572,0.0537809954723318,175.405405405405,48.6723875393812,44.2450653048766,166.71507791939,20.0592673304219,PASS
5.29497357918998,7.55495512706957,4.14937113393627,5.25627955888331,0.183512237853895,0.117510729589223,191.351351351351,49.7506033588747,54.4739881771019,144.93811486322,19.3453031696575,FAIL
5.52788315160328,6.51076818574029,3.76465514248238,5.65447156803355,0.167885339903034,0.107456276653574,180.810810810811,48.9301702976542,47.492192175203,151.339001829963,19.7455131025077,FAIL
5.38565760935701,7.53685267805206,3.8227014537926,5.07669330745092,0.189921632432644,0.123072790663759,193.513513513514,49.7817243714593,56.1846635386279,139.52037194004,19.2433009516983,FAIL
5.43852945475677,7.97844322252631,4.75737799954368,5.83729657473139,0.189699503630553,0.122120887669511,185.405405405405,49.4341375395239,50.8773102097504,161.171537953411,19.7072406117849,FAIL
4.62970769221801,7.13629499165411,3.90365291396541,6.32997000044754,0.0631762579102824,0.00617551189268539,177.567567567568,49.0835239997581,44.6609642733692,172.374407198463,19.9645200820851,FAIL
5.37454720041548,7.97988809593804,4.33246527152768,4.61403304872357,0.248559249531939,0.177109628939036,201.351351351351,49.9693483438646,63.1129334499007,127.639110567911,18.9440794928977,FAIL
4.12912267956302,6.81216699123712,4.03584558829884,4.67716668921972,0.0722059708112589,0.0157969297545091,199.459459459459,50.3107051953333,57.4068982287504,130.596163756482,18.8660398912981,FAIL
5.17674335261031,7.70355743270075,3.72092906040557,5.83336032534817,0.124853799244316,0.0615002164724285,185.135135135135,49.5184477278345,49.9639650544816,160.365235264895,19.6576794189428,PASS
4.85527942357995,8.09021766088994,3.03059753194062,6.00019513425738,0.0550954293302263,-0.00638917031076969,185.675675675676,49.7417863671663,49.7588337909659,165.92478592416,19.6418822457462,FAIL
5.63995560422656,6.62352266981557,4.92022396632539,5.33839808825149,0.236301679811812,0.172085406256166,184.864864864865,49.0905572748157,50.5217347307344,144.099365262256,19.5776954352099,FAIL
5.07287718368584,7.33398238642851,3.56003809602844,5.98967780320723,0.103375348449273,0.0429625259021903,181.621621621622,49.3036580154357,47.6215000571331,163.407796800665,19.7763152780739,PASS
4.09255551139845,7.43479974007556,3.32923868282923,6.14210588258161,-0.00262639373489237,-0.0582351574887607,182.432432432432,49.7041956513736,46.651865529586,169.742091107967,19.6868180292374,FAIL
5.53288598283451,6.70692745304107,4.69961547849696,5.08361362333432,0.235697129538192,0.170969153070526,188.918918918919,49.3362931560493,53.116277933923,137.931041239965,19.3797827604287,FAIL
5.44604082859119,7.40752326838721,4.4843927108725,4.89742673226643,0.237135674446154,0.16889482561758,194.864864864865,49.7360746070727,57.6346832412762,134.614712022134,19.1735648143715,FAIL
5.62182533344046,8.09645337051814,3.31176310131906,5.89042905823849,0.145126097021799,0.0777732086063917,184.864864864865,49.4128900796507,50.7975639097246,161.024945194962,19.7131935346463,PASS
5.24721890051327,6.40089894197349,3.99089474625443,5.32853354433795,0.166136118503292,0.106527262952132,185.135135135135,49.2335320529214,49.666612756616,143.863284289674,19.5063357991095,FAIL
4.109596132506,7.53704606878541,4.73375705437142,6.41025359103935,0.0227833294582254,-0.0345774224796668,179.189189189189,49.3891158295325,45.2558600740285,177.680204708603,19.9054074349553,FAIL
5.04824820867399,7.96244603116456,3.07589741447268,4.77556905254152,0.127442411100691,0.0615665034087541,200.27027027027,50.1950216907235,60.9256638202647,132.266244209028,18.9529348672433,FAIL
4.05737154496997,8.02599879242052,3.65022696550671,6.31994655651624,-0.0090003779534451,-0.0667026159408642,182.972972972973,49.7754974273176,47.1708718129424,176.124565535404,19.7400251399809,FAIL
5.84931300138452,8.28405254625471,3.90679418022812,4.88586695959863,0.265657231288295,0.189671886323463,197.297297297297,49.7709465545075,61.0519001971085,134.07114484765,19.1474513386475,FAIL
4.27649494800586,7.36115166564117,3.12982907815651,6.23308123608749,0.00768609886549565,-0.0478888102537534,180.540540540541,49.5125091221028,45.8481044210344,171.13569742064,19.7776529404504,FAIL
4.32605392849831,7.20231220092431,4.41470272258621,5.31316228086033,0.078067673230123,0.0194520122238617,191.621621621622,50.0927538826012,52.5035516657814,148.598999692349,19.2612185179482,FAIL
5.51176684393604,8.11784567597696,4.67709945954032,5.85251761919848,0.195073322745354,0.126473909178338,185.675675675676,49.436636844396,51.1934820200327,161.606140796601,19.7127031764817,FAIL
5.04130805869651,8.30450505081214,4.48851713196459,5.94480767867499,0.132589747412587,0.0668737062380172,186.486486486486,49.6821012751631,50.9165540601189,165.810730650406,19.6676307672972,PASS
4.25129677442494,7.57606941846341,3.43336946065619,4.56896721042576,0.0629512152688205,0.00379304706519579,204.324324324324,50.5363798122672,61.769130640137,128.114876017044,18.7416269575609,FAIL
5.99762276192921,7.15527210501361,4.91961490532694,5.3470419191262,0.279394054968635,0.209616546275112,186.486486486486,49.1365526950112,52.4297027911729,144.653916791119,19.5806898924908,FAIL
4.3295229905679,6.92324167184221,3.62565559790125,4.88917526385547,0.0736090726074031,0.0164627473769255,196.216216216216,50.2051964219736,55.5684341387194,135.932958976176,19.0059775419395,FAIL
4.23354953170094,8.29212442154029,3.88021455590246,6.49392835085326,0.00845733715632624,-0.0508578280335301,181.621621621622,49.6096050591686,46.8052475236424,180.943060331393,19.8614267050258,FAIL
4.82947008558948,7.4253756777128,3.30373477606904,5.40760833867786,0.0906725822321233,0.0300450431703424,190.27027027027,49.9123309045811,52.4959531874338,149.421215796826,19.347098937534,FAIL
5.92556338698735,6.44954595221602,3.0022943447163,5.56324447427866,0.168189417158804,0.106293991685332,180.810810810811,48.8175995508023,48.0238189666445,147.299800356789,19.7293469217855,FAIL
5.57526728511948,6.88639883270751,4.83341194089422,5.65708174670009,0.209777109140466,0.145927556210411,182.432432432432,49.0380773170501,48.8146325308655,153.096042443646,19.7408096117833,FAIL
5.68132351998245,6.40875529358748,4.30118461620027,5.01921345571877,0.238942071062668,0.174968754565964,188.108108108108,49.1546316269924,52.5983173444244,134.770300885855,19.3871298065091,FAIL
5.45877781244477,7.0783769883821,3.29787626944095,5.2215385566908,0.161629687717831,0.0977889709271726,189.459459459459,49.5367662168072,53.1155960300619,141.858424055537,19.3722284511093,FAIL
4.025512926151,6.41782662576217,3.77712256165332,6.27394920524986,0.0138964470076597,-0.0380999017663205,175.405405405405,49.0329235606645,42.6873892303463,169.635799123148,19.9234882512399,FAIL
5.88538652692693,7.06185619272928,3.7679643405868,5.47516229134769,0.211775944581733,0.145306083710304,184.864864864865,49.1352522898222,50.9195471414253,147.35335057178,19.6207842976209,FAIL
5.23103309600822,6.62691768265794,3.61499965265585,6.09034626019678,0.11839476042776,0.0606278826584631,176.486486486486,48.7790233886269,44.7317808932005,162.98212716974,19.9653508008001,PASS
4.94682600285506,6.91012477191757,4.11075393045327,6.42652059551148,0.0960332984996115,0.0386698520200316,174.594594594595,48.6943046254535,43.4608016441173,172.947775687959,20.1248919634177,FAIL
4.3253715143488,7.53890638309466,4.40091629537479,5.88290613006286,0.0549540429669954,-0.00390808696890554,185.675675675676,49.8126324879877,48.9208982485492,164.157800450791,19.5855831195431,FAIL
5.73849509122871,6.46347372234914,3.12091318514232,5.55151365179805,0.160787132476092,0.0997954633376809,181.351351351351,48.9246641669894,48.1337177444296,147.686747980533,19.6937229810784,FAIL
4.7280074105805,7.46927517596508,4.40254174693103,5.17658764520643,0.130947877859822,0.0686995217543885,193.513513513514,50.0575962694825,54.8148668305314,144.484123554786,19.2166457461954,PASS
5.95315859704036,7.69930161859258,4.89163503891515,5.7794293327104,0.250364988716844,0.180083064386537,183.513513513514,49.0988073459452,50.5857066344709,157.322277144123,19.7900275329688,FAIL
4.1158591031614,7.25082054308177,3.94561000406276,6.41173550025179,0.0117823245378782,-0.0436179538111354,178.108108108108,49.2958403248325,44.3911458923064,175.963109399973,19.9172294199787,FAIL
5.14277783273477,6.47347823363371,4.60697904357859,5.17396679039726,0.183622204064585,0.123096493238555,187.567567567568,49.3903839899292,51.2961496428976,140.778803849866,19.3977470096261,FAIL
4.6211836447074,7.44190311887877,4.1633001158248,5.78197735692497,0.0854396101546652,0.0256135472213544,185.675675675676,49.7136292489128,49.4396506699357,160.357619492964,19.5745470856657,FAIL
5.1053203559093,6.44760167801527,3.87434933417814,4.9417193323453,0.167928875906173,0.10792367840615,191.081081081081,49.5398039660799,53.3607436883289,134.303176859165,19.2253331086151,FAIL
5.38619628340199,7.69349849597421,3.83861983242395,6.27754294918709,0.130975317703063,0.0677717023788982,179.189189189189,49.0225478391593,46.7828451841052,170.672949412902,19.9848525169043,PASS
5.14949391893567,6.89889032121509,3.87744782069833,5.30146937395816,0.153723581504083,0.0923324150696266,188.108108108108,49.5545685457527,51.6966307715746,144.811532179307,19.4093024077573,PASS
4.98845400278354,7.21612342313933,4.72258546961665,6.31762379952407,0.117905439230287,0.0580255427349835,177.027027027027,48.9060408425937,45.0785498661203,171.934872714213,20.0362119430002,PASS
5.35228626859666,7.16694504567596,4.74339333690888,4.8558356193195,0.236582768584638,0.169881821850711,194.594594594595,49.7065451211298,57.1579355066084,133.43396938377,19.1610419085764,FAIL
4.21100897120842,6.69075774415425,3.65654184630838,6.13231626253204,0.02753911976969,-0.0262078384685701,178.378378378378,49.2655353238134,44.4675595165614,167.020190232055,19.8121929071334,FAIL
5.32092824743359,6.87421914305114,4.40961333783918,6.0324528357291,0.15369158067783,0.0931681934544575,178.108108108108,48.8693144381631,45.9628652657232,162.726983623014,19.9365891817829,PASS
5.07488572531716,6.7138945488761,3.47440047044739,4.88598862608764,0.150349533732962,0.0896363201685718,193.243243243243,49.717011356901,54.9568115995055,133.302180525443,19.1445701078428,PASS
5.5579538776581,8.34053196583003,3.71725184641196,6.24747843180843,0.143519255799161,0.0763512736033047,181.891891891892,49.2150805398965,48.8627218998057,171.099078647652,19.9178870494034,PASS
4.31618543981592,8.0301444497175,3.57703174755576,4.60357887284547,0.0723540673748864,0.0109259315535789,205.405405405405,50.6204081607594,63.1165437003987,129.717210668082,18.7424521283775,FAIL
4.37675794549567,7.75114608909416,4.34781547611127,5.66423165228155,0.0654845049216957,0.0052227474045633,189.189189189189,50.0470151594094,51.3158299269538,158.998721140434,19.4308133077222,FAIL
4.26520224471393,7.78155870963502,3.03787488407437,4.72353154527744,0.0376306091219663,-0.0215173861416903,202.972972972973,50.5960885974622,60.6562942417294,132.503930094444,18.8057632079638,FAIL
5.90100462910547,6.91111563553106,4.9067275904928,5.51494320612318,0.254090992187,0.187258276571544,183.513513513514,48.9797763746879,50.1119357932634,148.593058052143,19.7010086810851,FAIL
4.87671718291967,6.89304709971715,4.73503048379897,5.27868762359641,0.152919960594683,0.0921433269271617,188.918918918919,49.6712638350374,51.8511269256612,145.568098899352,19.3744441985359,PASS
4.18153933139809,7.06276774664539,4.55258062782384,6.15565983527906,0.0386173169035411,-0.0175036727333143,180,49.3976394175571,45.5046437133297,169.693864419603,19.8042276829842,FAIL
4.11195082888869,7.01150009996169,4.64299728502278,5.54050955781201,0.0513689999914756,-0.00543657445699586,187.837837837838,49.9505595032018,49.8527352503645,154.671028398719,19.3971814952979,FAIL
5.47188680399102,7.22896296326582,3.46685959394708,4.79015525653777,0.197504249957139,0.130862001386375,195.675675675676,49.7125072986151,58.1031301296807,130.548377738941,19.1026849255068,FAIL
4.55685479336951,6.96272422616155,3.83670851044377,4.56342852028652,0.123319453535895,0.0638120138049942,200.540540540541,50.1470466870661,59.4591335227883,126.505355707997,18.8500556416434,FAIL
4.85378250055269,6.50690791529604,4.87518013754698,6.38721618059617,0.107265757219336,0.0511826972257974,172.972972972973,48.5057197359014,42.4842375143444,171.103747383549,20.173274616736,PASS
5.14303190262122,7.94106094416511,3.58179850879312,4.6866349905902,0.174741454465653,0.107000135356352,201.081081081081,50.118161853191,61.9659750737679,129.799774721866,18.9331328504379,FAIL
5.74289810381912,7.09959021180143,4.32416192654346,5.21851033604807,0.238618969392812,0.171174691479564,188.648648648649,49.343566886184,53.3288082669538,141.593437220497,19.4471402089359,FAIL
4.32999176488473,7.62573306021623,3.16248546442895,6.39569031478772,0.00681512626338887,-0.0496680895510506,179.72972972973,49.4417665503625,45.5751274213949,175.69571091092,19.8619192435919,FAIL
5.25081221607147,6.95914774618121,3.9990762667851,5.89859421657738,0.140270878961274,0.0797420817319527,180.540540540541,49.0884780916774,47.1446823943889,159.766548019286,19.8097314067353,PASS
5.58689731216883,7.42088516301297,3.17293111695673,5.84304252136983,0.137017868873686,0.0731674005445055,182.702702702703,49.2249240376903,49.0636628964605,158.16940780019,19.7430612183621,PASS
4.60916327211699,8.30263943657349,4.08251735256625,4.78105135355469,0.123748740303607,0.0585758744868123,202.972972972973,50.5045670082794,62.0305826235634,134.951700600669,18.8848932249753,FAIL
5.82709338753676,6.51448258750787,3.62591517647624,4.95658241702339,0.228022238038575,0.162888385938729,189.189189189189,49.1802879780508,53.6341990974027,132.589866145376,19.3392892916143,FAIL
5.73285009555563,8.14244691834982,4.72434765428233,4.96978034706635,0.284270457143947,0.209644987314032,195.945945945946,49.7704320120055,59.5987623959247,137.223812961716,19.2072907069265,FAIL
4.7181515809719,7.40290224777309,4.09558522923823,5.46015543599338,0.107035502106186,0.0461756189482304,189.459459459459,49.8893196067659,51.9683459090754,151.66688960564,19.3891137884408,PASS
5.67223618179398,6.79628517788531,3.27265822760025,4.56695479539958,0.219843877458668,0.15309730545845,196.216216216216,49.4614202880223,58.9869123173741,122.862807591222,19.0355457661733,FAIL
5.5676536961207,7.98775679602936,4.30661330959914,5.88403764057059,0.185414431491306,0.117597009639913,184.594594594595,49.3544990333137,50.5505713428364,161.590073912757,19.7446919423399,FAIL
4.08429463794614,8.26926295245554,4.19750959329434,4.77883610602578,0.0537172650823899,-0.00768137746938069,204.324324324324,50.7927327370881,61.7973516716973,136.249194924476,18.8013646253258,FAIL
5.5341748111327,7.63182618295009,4.15478009641913,5.51397106629259,0.194908939400719,0.12774109494862,187.837837837838,49.5073050731521,52.4507066195304,151.18088120697,19.5377863418353,FAIL
5.66272805125824,7.08446500441002,4.75701137313017,5.12021021763671,0.253025623956508,0.185370617549949,190,49.4099852316962,54.2077583287106,139.476392647391,19.3849013326901,FAIL
5.36563564827112,6.40993120642333,3.67407362970172,5.41477286350903,0.161105549536469,0.101424939483799,183.783783783784,49.1425694433643,48.9904176403524,145.535654658037,19.570484460813,FAIL
4.57897848447893,7.93803320182348,3.27007308852903,6.20407814435454,0.0348266600000908,-0.0244920023461004,182.972972972973,49.6251732442356,47.7993242239262,171.533738368619,19.7495541211249,FAIL
5.5767487940222,7.76393618095962,3.77726398008392,6.23441094434443,0.147840172093472,0.0830876116684715,179.459459459459,48.9999711857423,47.313930868914,169.176637884257,19.9783276040122,PASS
4.36272083273695,6.82507381400956,4.92481228353311,5.36755626566342,0.0939810745928167,0.0362033329620238,188.648648648649,49.8468466950104,50.7189165690238,149.249594265473,19.3578877965323,FAIL
5.19111716268569,7.90909619836367,4.38460025910718,5.38785181316116,0.174247967863343,0.107536313143412,191.351351351351,49.8533436715023,54.4261850032792,149.741971133291,19.3817232548811,FAIL
5.23150049218885,6.73440017239651,4.29754909876816,4.9956888464025,0.194719812755145,0.132099768195932,191.081081081081,49.564758569318,53.9947916467096,136.34062614506,19.2605087910318,FAIL
5.03133553280533,7.53265420090194,4.44328868950747,5.16247137290911,0.169454731339088,0.104800013902489,193.243243243243,49.9211957332473,55.2505299425866,143.380784874223,19.2536180416813,FAIL
5.98118224377833,7.03711032722998,3.34297688869478,6.08390193907695,0.167963931472203,0.10427833863587,177.027027027027,48.6399807364724,46.207149149267,161.699491557552,20.0198387072188,FAIL
4.10390925269454,7.98380475067406,4.72327476601809,4.71285288444378,0.0771745470493101,0.0158658867837453,204.054054054054,50.7068749839549,61.5673481175248,134.32750955816,18.7988346604751,FAIL
4.34773813969809,6.42966970625286,3.57128511390516,4.51473595084004,0.093786154770191,0.0380990681656801,199.459459459459,50.0565480600726,57.7217350847382,124.450191990809,18.828987856519,FAIL
5.5240221860277,8.15985241886633,4.5908247882635,5.03130223997361,0.247757606096512,0.175475842738353,195.945945945946,49.8835070374863,58.9293238778756,139.549991685375,19.2049685604358,FAIL
5.24677215425948,6.50535482764109,4.47429461370088,5.17512108988553,0.190721163562085,0.129541498376277,187.567567567568,49.3591464326959,51.4248267644062,140.514643716939,19.40831763536,FAIL
5.36368671208748,7.04397901150527,3.42746192097347,5.82530234889911,0.131513954360475,0.0704367572837845,181.621621621622,49.1705575306875,47.9537015318761,157.526083822533,19.748555515772,PASS
4.00233767294034,7.90342634167501,4.47432834022419,5.60911734686591,0.0237120274663062,-0.0355337149295951,191.621621621622,50.3328102656492,52.1788456225343,158.942816019129,19.321229057191,FAIL
5.99215983765211,7.16356616064593,4.70317743517619,6.41270055018545,0.206978789903846,0.142436739054777,173.783783783784,48.2930985147704,44.515068369713,170.589325824147,20.2786438605674,FAIL
4.36833549051673,6.95405274782291,3.36303832967431,6.37131648821691,0.0254066392588456,-0.0290476719589065,176.486486486486,49.1167492227572,43.7847272745936,172.922589924642,19.9497679643102,FAIL
5.35861538132637,7.08770877693823,3.96152774282497,5.48868237114663,0.168737060722001,0.105605112424851,185.945945945946,49.4040858413965,50.7883298661812,149.566199663769,19.5447612888647,FAIL
4.75620871750112,7.26671058603994,4.79532441573562,5.13283964709131,0.148238555250348,0.0861091183527383,193.243243243243,49.973361069185,54.5377709214181,143.04087380822,19.2240315620475,PASS
5.41961061457525,7.9966204656965,4.94023142636467,5.56375510906458,0.209613718616217,0.140815939469144,188.918918918919,49.6351292053553,53.2050039563409,154.321866703097,19.5346962103608,FAIL
4.80209307813642,8.08133222786949,3.33250403965814,5.44851186093932,0.0835678914806297,0.0205054225726465,192.702702702703,50.129312357956,54.2976976502107,151.998350474889,19.3066909133725,FAIL
4.33590374656232,6.82717312263737,3.89050394083972,5.4789063255138,0.0624380784663664,0.00618210725538137,187.567567567568,49.8321119224689,49.7425914712162,151.45224396541,19.3943765428847,FAIL
5.94562109127083,7.69267327496784,4.9248599500451,6.04432856896113,0.234085553460083,0.165133028121237,180.540540540541,48.8863111895092,48.558018763392,163.958357252886,19.9624082401311,FAIL
5.8098518977184,6.44943468171079,4.86333597889546,4.98081338016307,0.275710033085602,0.20979496350461,188.378378378378,49.0979561908416,53.1809693781956,133.774918931483,19.393829091372,FAIL
4.32253111145409,8.32263222809546,3.92753749958805,4.66284520621146,0.083299284737944,0.0203198950482492,205.405405405405,50.6826076277366,63.4772611724554,132.131293291623,18.7650543707586,FAIL
5.72449943186854,6.45266337785344,4.77998990962024,6.1119250346515,0.195572670116459,0.134998252172416,174.054054054054,48.3366895712605,44.1694898163528,161.860107027533,20.1341809801728,FAIL
4.7729688800795,7.71360653271739,3.68390974438561,4.93515358658617,0.121174168510279,0.0580031930437341,197.837837837838,50.2321656431511,58.1563457597395,137.631733425289,19.0375149615949,FAIL
5.69692509543732,6.5722538713089,4.80546654975345,5.83330759960762,0.208849624833694,0.146660499362882,178.378378378378,48.6692333222303,46.4577764602015,155.911230624272,19.9206928466436,FAIL
4.35287134399831,7.62296780479898,4.98821959113921,5.16689421803853,0.0992732160532549,0.0379876603988674,195.405405405405,50.3048204453578,55.3797823308495,146.050141206896,19.1473959407127,FAIL
4.89625764072281,7.40660246752078,3.10991878238431,5.60428475736268,0.0810175804257363,0.020881103558307,187.297297297297,49.7537533344148,50.7567401747058,154.157200701701,19.4751571327726,FAIL
4.89451496590768,6.769998774191,3.23083532922136,4.77102267837613,0.12517842685495,0.065504874326493,195.675675675676,49.8810522081201,56.3480172717786,130.646990440652,19.031097048263,FAIL
5.89872020551432,7.49582417648643,3.1800541635469,6.15304637218996,0.150079013663122,0.0850709081733558,178.648648648649,48.8437295553162,47.1147890107811,164.937777203493,19.9870022072853,PASS
4.95208976651018,8.2177857911573,3.38997158994368,5.37025612472149,0.105301691695533,0.0403394436039113,193.783783783784,50.1302175081131,55.5063383068548,149.766842796702,19.2749168113286,FAIL
5.37669461689544,8.16559503080676,3.93142294359879,4.66347494886019,0.225868667129528,0.154233058277731,201.351351351351,50.0244040331227,63.1770262484671,129.01556869635,18.950557567782,FAIL
5.36132827289243,6.58221884215983,3.11238618303804,6.47551722573857,0.0970737542405766,0.0408013796402116,171.621621621622,48.3545023523302,42.2103802850617,170.878372546226,20.2342593560812,PASS
4.46762966891612,8.02457173336845,3.28341458491614,6.07609138400302,0.0269855621654883,-0.0324144625652759,185.135135135135,49.8294896417655,48.9361481565017,168.908551073236,19.6407681512398,FAIL
5.07448959072381,6.87120832632079,3.81834286311628,4.82686285829754,0.168943381864339,0.106835306911227,194.864864864865,49.7860158900916,56.2162689417826,132.245332153387,19.1026234056008,FAIL
4.8821556089571,7.25366071652694,3.62821539574688,6.38376087971426,0.0757269718771342,0.0176422655734788,177.027027027027,48.9832987237025,44.7055557275454,173.118696325198,20.0166388683741,FAIL
4.4923576468468,8.39625188053669,3.11245482365088,6.2272114829937,0.014949802352538,-0.0453006026205393,184.864864864865,49.8256741155162,48.9091102109691,173.341018040844,19.6948859150401,FAIL
5.17231205922908,7.57353552043727,3.78757054114886,5.47092964282762,0.143887957677593,0.0798763876468914,188.918918918919,49.7217793546595,52.5360205128859,150.781370809009,19.4450969372247,PASS
4.99363727680618,8.00246061756991,3.85794254158748,5.71205284763992,0.116111919509841,0.0520617682828433,188.378378378378,49.8069300724226,51.8293534221457,158.6752854335,19.5247123457537,PASS
5.26525215422401,7.45138522528381,3.80811456222152,5.87916840145566,0.135278287982884,0.0725517706733988,182.972972972973,49.3301960011542,48.8496145144254,160.616185899318,19.7328238899763,PASS
4.85046456254492,6.87740307801634,4.54887591882493,4.89987392466347,0.165350251282409,0.104048115288083,194.324324324324,49.8676380653783,55.441514886126,135.362881993374,19.1287981096272,FAIL
4.66678004309706,7.09214923238713,3.87855986199526,6.18098944721909,0.070737339419797,0.0134293992225087,178.918918918919,49.1934859596673,45.4946468439347,168.621432205951,19.8760879198663,FAIL
5.59625571029239,7.73153164593316,3.50670832270734,5.19851092002859,0.189084105509091,0.120484395330613,192.162162162162,49.6982293972426,55.6900222270949,142.325569701523,19.3249927578576,FAIL
4.91041915820537,7.81344799906935,3.99812496102892,5.19681846555497,0.137072651232929,0.0727159809827148,194.324324324324,50.0833212272668,55.8455730719731,144.913661586447,19.2168431096247,FAIL
5.61294131540807,6.74624977701103,3.429815525668,6.19076099143782,0.138457343506919,0.0787372110318861,175.135135135135,48.5729835498595,44.5200885067307,164.447253943809,20.0728884080404,PASS
4.86645022476849,8.28007126285843,4.56477417133535,6.15616353432174,0.106059015240363,0.0420314628040083,184.054054054054,49.5808863855216,49.2320687436534,171.694456490658,19.7767337243232,PASS
4.55058546926016,7.17630149203066,4.86719311946826,5.39187090551462,0.112476489233345,0.0524225865732938,189.72972972973,49.896133250854,51.7805192040456,150.336980533175,19.3634737332363,PASS
4.52634547631348,7.87420189511523,4.11102228450001,5.51544387440804,0.081182124260518,0.0196532410712895,191.351351351351,50.1312249046343,52.9986794299933,154.794993821999,19.3444623635003,FAIL
4.69333468598666,6.40901507525739,3.56540492672062,6.1905173807732,0.0694932713768378,0.0153922014860511,175.135135135135,48.8258181627361,43.2864296703959,165.975299594702,19.9727703075634,FAIL
4.62963032255244,8.28263994189089,4.336531146024,4.52051187123411,0.152787919115161,0.0866598282610515,206.216216216216,50.4739761194554,65.2867592790205,127.440471622773,18.7468732402015,FAIL
5.47321902916958,7.16150343508121,4.99798356136667,4.9053620438198,0.256105578082614,0.188380368670219,193.513513513514,49.6162541182251,56.6428953976723,134.575613174894,19.217681525531,FAIL
4.29952318261935,8.00221568284487,4.93075999742816,6.34277412554374,0.0451460596556018,-0.0150004741631209,181.891891891892,49.5620430700351,47.0528620620544,177.384668199268,19.8423224764288,FAIL
5.53828290461423,7.26618359088013,3.10577355584203,6.42006131704958,0.108347871821565,0.0477911429597072,175.405405405405,48.6812770032308,44.6140021567114,171.630534558766,20.1273466802144,PASS
4.31162713026641,6.68087109004846,4.43013696383125,6.39120405058507,0.046939687836822,-0.00750544693386934,174.864864864865,48.8865194640053,42.8777657460725,173.1828026631,20.0386630837083,FAIL
5.48984632197114,7.52226925929229,3.29072157160106,5.76817914164863,0.137807883182114,0.0736503078771741,184.324324324324,49.3621920467062,49.9495986023663,156.946424818383,19.6727368974664,PASS
5.25513431040516,8.09654463556915,4.80559089116618,4.74279094273063,0.243257295217258,0.172325828329243,200.27027027027,50.0641978442924,61.9381853711786,132.246165681915,19.0001652538461,FAIL
4.15929471051275,7.48310723853656,4.68689533152221,4.60984789446093,0.0924757086291058,0.0325395820768152,203.243243243243,50.5357426056775,60.9175399309897,130.35950876983,18.7865965916629,FAIL
5.59530845901109,6.4237455170285,3.59076650804388,4.93956835763066,0.204700235889178,0.141802373611547,189.459459459459,49.2723576583821,53.3874664518905,132.595162872207,19.2992516606515,FAIL
5.96017261324632,6.58531442377256,4.44329411343345,6.11152679803618,0.207298972025104,0.145036127934575,174.324324324324,48.3193409658938,44.6323804362202,161.424789926528,20.1416571723622,FAIL
4.68886827958114,8.32207512812989,4.57505924972183,5.42646834755793,0.117833686543603,0.0527737887402467,194.054054054054,50.229063706858,55.2989874852727,153.33549989798,19.2889882809364,FAIL
4.82478285166247,6.42190877120784,3.76387483493257,4.58977291089021,0.152595526074327,0.0937889197305402,196.756756756757,49.7722241158028,56.9406198271144,125.416079729733,18.9598466238678,FAIL
5.68506071966835,6.52113092924537,3.3461179989313,6.47757229872328,0.130505330170801,0.0727175270636171,170.540540540541,48.132179881448,42.082138412108,169.733302521204,20.3127813195185,PASS
4.68403190715266,7.46781192890237,4.8815293713959,4.57668145643721,0.175121382616448,0.11129067817245,201.891891891892,50.2269967688403,61.4147466837191,128.154299285288,18.8592971616207,FAIL
4.34814576993389,6.73974114716786,4.55431162922561,4.56798442784345,0.120967728864659,0.0628119767196843,200,50.1629034606614,58.4498363103254,127.20477549947,18.8557922729682,FAIL
4.98074070176747,7.89392871773924,4.53339474077337,5.11290738438808,0.170211526265456,0.104069548489075,195.405405405405,50.0882247487626,57.0056728877659,142.984772462704,19.1845218021121,FAIL
4.39403766775048,7.40272559175546,3.05885430102793,5.35768519236484,0.0372855342674473,-0.0204396642977411,191.891891891892,50.1758469115679,52.7529701701232,149.008779659199,19.2366188559164,FAIL
5.16454593078414,6.541207247929,4.3642207366809,6.24443359780163,0.129483851888131,0.0720481234541807,174.324324324324,48.5527822636535,43.4934531199373,166.81121202278,20.102410956796,PASS
4.09764951495869,6.54089122328406,3.74065560662572,4.86445173592803,0.0555264306983507,0.000869709718883671,195.405405405405,50.1612495786667,54.2705161888532,135.007100221415,18.9946348656646,FAIL
4.12630518300905,7.05326821968224,4.72113418256924,5.69039328631624,0.0493311463796533,-0.00754795406173725,186.216216216216,49.8393408012546,48.8051678469939,158.61457463676,19.4938653822234,FAIL
4.84081251355935,7.40403826349011,3.70040679792191,4.75775035579002,0.140236794450981,0.0774154496079061,198.918918918919,50.1296278284398,58.9976463283623,131.933048981556,18.9703870823038,FAIL
5.07049450346303,7.19499810200077,4.19485487943679,5.1863387265353,0.163292189289723,0.100280156128609,191.351351351351,49.7705011367019,53.8163566657744,142.963868754382,19.3015342427132,FAIL
4.38286110384098,6.41012000020175,3.26620117702041,5.57342055460127,0.0499034177962386,-0.00385140341309198,184.054054054054,49.5554413126939,47.502211731465,152.007512449406,19.492938218987,FAIL
4.31403599209911,7.25519938711464,4.84315971615812,6.15390742629402,0.0563202505264443,-0.00135952117766092,180.810810810811,49.4131955759385,46.1396371077214,170.247691086961,19.8094805903186,FAIL
5.97223152935833,8.11230208604382,3.40224007920923,5.15212827806941,0.225701402178369,0.15162193906628,192.972972972973,49.621806263998,57.5564931107872,140.455484682088,19.3236892158376,FAIL
5.6859969871258,6.53471814853317,4.59417489420675,5.92247500614146,0.196911537996353,0.135545477738729,177.027027027027,48.5938731906171,45.693314960341,157.808119723426,19.9782350977294,FAIL
4.7137089766953,7.21952282677637,3.13206949048773,6.17371220967929,0.0496484978323758,-0.00736523299310421,179.72972972973,49.292289829111,45.9037273122719,168.211132700072,19.8313529390709,FAIL
4.59399005411505,8.19379287807856,3.61299647032605,5.31311087344445,0.0774293538711889,0.0145577563888559,195.405405405405,50.3345905553361,55.8975876260831,149.374239696552,19.1898279423198,FAIL
5.71350876649362,7.35335996211163,4.00778812797847,5.8636121221732,0.18638628343688,0.120981519647494,181.621621621622,49.0607677320949,48.7590954660142,158.643010024158,19.816552250968,FAIL
4.55761189742089,8.04125507368997,4.9957964208688,6.00355921868304,0.0878424459307682,0.0255246465729587,185.675675675676,49.7644581135956,49.6084579256704,168.522228157106,19.6642500373883,FAIL
5.86528505743956,7.82409389279496,4.28783596478847,6.35194340248935,0.188941429117224,0.121939688101969,177.837837837838,48.7393443837427,46.7778960920547,171.58236282655,20.1155878943504,FAIL
5.52136382390072,6.71601180631072,4.69405733511285,6.46270567533189,0.160650044465453,0.101113244649725,171.891891891892,48.2356182138731,42.7913833886324,171.490699609237,20.3002848692309,FAIL
4.97369159607444,8.26526559145663,4.06530766569409,5.89967366817841,0.113038730582112,0.0483047002563629,187.027027027027,49.759052604057,51.1215386634495,164.382662129366,19.6191042103431,PASS
5.36881185163192,8.32388619176455,4.42908566667939,5.98403238027664,0.164920765635335,0.0971724546902081,185.135135135135,49.4895667218046,50.7399541944176,165.74182470721,19.743950418993,FAIL
4.5644833349509,8.14036052593662,3.24540691849482,5.28278731206073,0.0591494283205678,-0.00279701290437295,195.675675675676,50.3660028554721,55.9910519110019,148.188739586199,19.1598471459381,FAIL
5.54502717476919,8.06838975510708,4.01675852895213,6.49652583435855,0.143468683109886,0.0782132372145151,177.837837837838,48.870885932915,46.4479335730712,176.637626948434,20.117797817032,PASS
5.32853302622514,6.59079721955758,4.38974104712747,5.7150487056701,0.168046203460579,0.107831471724257,180.810810810811,48.9954952231762,47.297753192478,154.063468945703,19.7631022503323,FAIL
4.74342381667443,6.43851210139011,4.86272510698158,4.94114798790073,0.158636452844318,0.0997531424674964,191.621621621622,49.6986412639109,53.2835204756523,135.858662790439,19.1923521061857,PASS
4.18066022206064,7.49325421361075,3.86619476596548,5.55851256255324,0.0356154461300295,-0.0222837789209058,190,50.1437396526361,51.2989265361498,155.655017138032,19.343517251464,FAIL
5.7910373408899,6.54017802657653,3.15426692176327,4.89430339717271,0.201594060028576,0.136971018871365,190.27027027027,49.2589318860544,54.3344549132514,130.867756993399,19.2759152582435,FAIL
5.28095411409157,7.04065328147737,3.20605214880531,5.62092889888607,0.122280692637038,0.0613525788137449,184.594594594595,49.3845826558686,49.491402054823,152.553354046687,19.5945328566069,PASS
4.85765203579468,7.82010266176872,4.31503155921208,6.39962589904492,0.0902877961214975,0.0291572166896563,179.459459459459,49.1891317090769,46.2574474944993,176.034462858688,19.9770898652231,FAIL
5.11001683641493,6.5894552684076,3.85855897341817,5.11999712378865,0.158287873304278,0.098104562708517,189.189189189189,49.5309573216289,52.1971703009788,139.3578745501,19.3221751005577,PASS
5.45935764812729,6.79451578345452,3.31420949990866,4.95437251634011,0.176929567848819,0.113500655547729,191.621621621622,49.5259698817586,54.654127117495,134.114343102853,19.2369804215113,FAIL
4.41980765926146,7.19438910381827,3.00662939058582,5.78823212993891,0.0285770874252236,-0.0276298731766836,185.135135135135,49.7771865064663,48.5024895958184,159.433233264856,19.5298178629204,FAIL
5.10972807223623,8.23864907152311,4.06810204895847,4.81108042743775,0.188207148048439,0.119140864702984,200.540540540541,50.1960752020434,61.574994207461,134.28654220451,18.9893528011174,FAIL
4.36788335290669,8.38989080935215,4.5835408828543,5.31753661186802,0.0809434118356313,0.0174617215362349,196.486486486486,50.480970926457,56.4774112212939,151.382700897402,19.1640107565867,FAIL
4.44935043471969,7.18010427894145,3.86175181170078,4.64639480355358,0.105463118855891,0.0458999051499924,200.540540540541,50.2830055325134,59.3223767527502,129.543884152657,18.862998306694,FAIL
5.61544886910357,6.57077153162754,4.7909382396931,6.25889320382276,0.179786265950193,0.119694303677568,173.243243243243,48.3133637518154,43.5963410907452,166.056413608094,20.1999815664936,FAIL
4.21875793455316,6.54518455004805,3.8753250648757,6.27806331713553,0.0316983405798912,-0.0214978405882963,175.675675675676,49.0130636133434,43.1024707634251,169.912935686399,19.9437119173075,FAIL
5.15823275853229,8.3441153027334,4.14380654331711,5.13113086998675,0.177422593268856,0.108452622524348,196.486486486486,50.1233075347294,58.3908257858265,143.441574995738,19.1781757783385,FAIL
5.61297908565823,7.35533936225755,4.25275882326232,4.92330414786041,0.244491854633819,0.175490133213001,193.783783783784,49.6230922342475,57.1926230559335,134.556477521434,19.2159925502175,FAIL
4.08403278001031,6.58316793162216,4.20693262743874,5.77078936367797,0.0374178550062814,-0.016774933506524,182.702702702703,49.5754278741858,46.6014362469175,158.73676503945,19.5842204499531,FAIL
4.82030067095959,7.79001152951143,3.43059364832343,4.65368003971098,0.129012992063808,0.0648757038299035,201.891891891892,50.2717707706895,61.7023671367884,129.432070424087,18.8682127896385,FAIL
4.4712885705785,6.71828840858542,4.43424605099922,6.49769141375761,0.0589059529664332,0.00400840945106651,173.513513513514,48.7132957611497,42.3940897013834,175.300450913315,20.1345683445361,FAIL
4.78716753857249,6.44027572821845,4.25890452219799,4.85411906074886,0.151529259699666,0.0928535957490321,192.972972972973,49.7275678492033,54.1565979212701,133.060643433339,19.1289578638618,PASS
5.17767696939957,7.46049018803825,3.6867977268164,5.93083195696477,0.119997445222602,0.058079260940311,182.702702702703,49.3457924163205,48.4697158593441,162.105320259995,19.7459028562096,PASS
4.70117352933119,7.48634407113231,3.93740099085662,4.52609236609516,0.146399898039725,0.0834468800397886,202.972972972973,50.2363710607708,62.0982673128036,126.002545824759,18.8108396273032,FAIL
4.26226313343512,7.79395699065162,3.79918299687554,4.94166879014311,0.0618147845485095,0.00164148829328647,199.72972972973,50.5339975012671,58.2512246559448,139.375300081431,18.95272047966,FAIL
4.22383989523245,7.26336662837144,3.59792961036571,5.77847658650663,0.0289403271776363,-0.0275818069297713,185.945945945946,49.8711115164777,48.7868916576753,160.304748540009,19.5059551558909,FAIL
4.16519637849282,6.56455071696311,4.60502367182166,5.98071519533411,0.04762391407209,-0.00686416061953432,179.459459459459,49.303074877851,45.0978332290476,163.770867143977,19.7553515185593,FAIL
4.77216609225654,8.37209426454641,4.20999579787824,5.22361438263291,0.126348890139251,0.0604819181537212,196.486486486486,50.3100279532056,57.4379375691253,147.282857458651,19.1680510312115,FAIL
5.52206471639538,7.83841583196747,4.0362204247493,4.71823219500295,0.2430043908821,0.171663585465562,198.918918918919,49.8567303807803,61.3127547674149,129.768091377465,19.0328643690595,FAIL
4.21699572795796,6.80554819218811,4.40984740646777,5.87599867921281,0.0499828884591683,-0.00562536429445215,182.162162162162,49.523533832003,46.615860911878,161.905268353435,19.6534979548775,FAIL
5.6953962929323,7.6351049157023,4.57658482465667,5.75466668243122,0.213619441015223,0.145782777859461,184.324324324324,49.2385692647461,50.5132397953758,157.166946068472,19.729131179833,FAIL
4.23142740976834,6.86092111303231,3.62799309384488,5.12627305484023,0.054646023722748,-0.00142726187656406,192.702702702703,50.1274743116948,52.9473685728753,142.424581405012,19.1417650459323,FAIL
5.84108425650689,6.5164767141463,4.39885147857783,5.50259029277339,0.228189286831173,0.164463331036759,181.891891891892,48.8474234835035,48.7905629685252,146.973577508962,19.7181125028286,FAIL
5.0303089716219,7.30170836593284,4.66857500700162,5.44608265956935,0.160239318245777,0.0972215227156954,188.378378378378,49.6665042716045,51.8392849430656,150.541342611623,19.4596109425149,FAIL
5.45764445221699,7.20552657153365,3.23206187612685,5.28049091471526,0.15481646336203,0.0906724811117988,189.189189189189,49.5648243375319,53.0208898004419,143.666439749803,19.3931819950667,PASS
5.03815972676096,7.80933110945252,3.08765814437602,4.95602013994148,0.118593864244024,0.0539921686020698,197.297297297297,50.1308538147323,58.3166992354128,137.168859066619,19.068227794592,FAIL
5.6594616011596,7.34605746641347,3.75278055700633,5.35125550028498,0.197981865110654,0.131158117081505,188.378378378378,49.4424316729391,52.9373047613101,145.559496083086,19.4738974648243,FAIL
5.12296789146111,7.34774987970829,3.39367030000545,6.18521515444933,0.0943592047372486,0.0344442174521137,179.189189189189,49.120776662006,46.3080411758103,167.892327153972,19.9039949965378,FAIL
5.14278481807401,7.14953420804008,3.19147756767441,5.25618937710375,0.123892193890072,0.0622072747551793,190,49.7235191996692,52.9720475411191,143.818794588155,19.3299154430034,PASS
4.15210265191881,6.78540487536251,4.89388550173886,6.11542468343812,0.0450503377644991,-0.0103237820737576,178.918918918919,49.2895923192149,44.9157280131451,168.028139734202,19.8219573718899,FAIL
4.24892789872826,8.33233148333431,4.20600558767974,5.8532060873227,0.0358574783042012,-0.0253308719647618,189.72972972973,50.1816338110322,51.5328359257856,165.490105450051,19.465311232874,FAIL
4.48541307295842,8.26967148389803,4.0662789709023,4.51754554458416,0.120611590099741,0.0561331142406746,206.756756756757,50.5593012595197,65.2258880615193,127.490058850626,18.7166878605661,FAIL
5.94092163716904,8.16032912193172,4.29466645533829,4.67846288357422,0.315745049975669,0.237719049575277,199.189189189189,49.6773971939783,63.1363708476784,127.978853346825,19.0603163622495,FAIL
5.28386070295749,6.54637100808524,3.59939975623104,5.75057676900587,0.135743906522344,0.0770407654287706,180.27027027027,49.0124257693244,46.8397005197079,154.460316289665,19.7570723237875,PASS
4.0575720682472,6.71725593340638,4.45713618979266,5.5645337048504,0.0437909177739713,-0.0114266885480383,186.216216216216,49.817787888074,48.6310020137226,154.349667690701,19.4340926630571,FAIL
4.39337390892166,8.23656561786952,3.43053993417661,5.20577192201759,0.0496327141283349,-0.0119978344898741,197.567567567568,50.5124681030314,57.0404165190243,146.840121019754,19.0836595848776,FAIL
4.31647545073036,7.14014463533368,4.47418768146952,4.55999586489967,0.113030488614563,0.0535794321222368,202.162162162162,50.3358713835389,60.1893689132823,127.780798971438,18.807611362854,FAIL
5.12174877340084,6.83642242594499,4.83633551324634,5.53612790118202,0.169079517875251,0.10777627753966,184.594594594595,49.3432157459308,49.5114406918065,151.344610437387,19.5914527638444,FAIL
4.3136078957083,8.06065653141896,4.50291955866294,5.18735161197257,0.0787667745512913,0.0166969631075351,197.027027027027,50.4765865192833,56.6566655061357,147.219328483395,19.102717481291,FAIL
5.24277337914297,7.62270352623672,4.2179882772401,5.69206888226137,0.156975511652801,0.092453292557255,186.216216216216,49.5353892145703,50.8651733953561,156.745697394878,19.6039911540885,PASS
4.05866452790595,7.17450384436504,4.88773544674867,5.81950555195211,0.0394160973665915,-0.0176294615110351,185.135135135135,49.8138256818344,48.208027215882,162.506536027121,19.5565027832311,FAIL
5.86266384259512,8.17184325342938,4.41675998288208,5.38497259190905,0.254275656952793,0.180773745204149,190.540540540541,49.5684979266311,55.4767378977628,148.048808834075,19.4688802072528,FAIL
5.62726238184212,8.11051356228463,3.37198076017805,5.20642001933135,0.184862168060422,0.114339438379108,193.513513513514,49.7984586710703,56.9122265954971,143.024346996601,19.2980476986846,FAIL
5.13222099963809,6.76962463650953,3.93118934998937,4.86654443344923,0.177641145833125,0.115580734537547,193.513513513514,49.6966564590207,55.4126496808876,133.010506952074,19.1499130500891,FAIL
5.18284052993155,7.96199412997988,4.31094164192869,4.62009626878204,0.221475010106145,0.152012189547806,201.891891891892,50.0812815117965,62.9141989474981,128.345574663931,18.916888921546,FAIL
5.37491091500739,7.72371131606961,3.10656077021822,6.02664654301591,0.107063541005083,0.0439444219308449,182.432432432432,49.3121888572411,48.5850225800429,164.156472413679,19.7880227638035,PASS
4.06930003800218,8.19548016733371,4.41446741299006,4.67892464552433,0.0632433679187208,0.00182544308734478,205.675675675676,50.7882707395019,62.7515409703381,133.464182343742,18.7516143410019,FAIL
4.66764965423539,6.67671141277044,3.47845770710169,6.44215412011528,0.0557054838174981,0.00127855143524169,173.783783783784,48.7344886362162,42.5860825112825,172.746964227056,20.0958866474352,FAIL
5.94208760881849,8.01389599378712,4.84614760772292,5.86449000348494,0.24555419251921,0.174151530130029,183.783783783784,49.1588562484762,50.8832053691935,160.309773586505,19.8078754429761,FAIL
5.28800961790786,7.39349852262649,4.98374733251204,5.94814296316387,0.171286033772962,0.107579878820593,181.891891891892,49.1771084248602,48.2081455142508,162.935837791848,19.8255767575571,FAIL
4.75980740574449,6.55912274120432,4.46517460527291,5.52746906349681,0.121901796501288,0.0641803561144056,184.324324324324,49.4108440146039,48.5206067809707,151.084467414112,19.5493131742052,PASS
5.04469559559757,8.02871230976136,4.66924433472058,6.39370503647182,0.118641901355243,0.0552702919488524,180,49.1667981590261,46.9312848309672,176.287499804835,19.9920053606769,PASS
4.97310691746182,6.76047893291175,3.35717624830888,5.69539008533946,0.0999466138926873,0.0420549788208597,182.972972972973,49.3434451138504,47.9067046937282,154.597842142231,19.6306308859808,PASS
5.94945367650104,8.2550614801135,4.10784970761489,5.07791158157477,0.273026546987519,0.19698043207647,194.324324324324,49.6669526625908,58.8486067168918,139.25736652491,19.2838835904827,FAIL
4.45107539458165,7.93339403379173,3.43641102978872,5.38990413214309,0.0527657998198684,-0.00781461743358203,193.783783783784,50.294841185964,54.2739385428389,151.161962329875,19.2290534740614,FAIL
4.70240689177214,7.2419727756158,4.61328304503953,4.56121901326596,0.169782741283613,0.107055321052656,201.351351351351,50.1470045574363,60.6956598528437,127.083477043839,18.8665465984686,FAIL
4.46625962690815,8.21597785480105,4.68209139122035,6.1630707643168,0.0636373968709976,0.00183398506021437,184.594594594595,49.7473149655153,48.9199741742644,172.961720936194,19.7233036463683,FAIL
4.3110663938223,7.01111870200619,4.47440856095473,5.70245786273859,0.0650566715582865,0.00786808189906019,185.405405405405,49.7260222046762,48.6023507500845,158.143428628611,19.5309592661715,FAIL
5.18268471372438,8.22361049225337,4.00889651133524,6.08477614651729,0.125272266742747,0.0600662434415897,184.054054054054,49.4884384840091,49.6352188133011,168.258437819716,19.7732808417436,PASS
5.60939523962304,7.70203523654297,4.19807764745603,5.09596168395033,0.232092655767269,0.1621423147442,192.972972972973,49.6915272124621,56.6469227048939,139.943153805908,19.2873084101266,FAIL
5.93151190271525,8.24476226991581,4.30057123006746,4.85167637876005,0.300177087074493,0.222814221509617,197.297297297297,49.7063539952321,61.3454747152061,133.086544618928,19.1532619485912,FAIL
4.35769371564682,7.0505869508344,4.26708979255151,5.06691305553194,0.0889604090643872,0.0305573862864541,194.054054054054,50.1478882572294,54.279233496719,141.453413583078,19.124990048253,FAIL
4.60678706860943,8.1826727092389,4.95769701737952,6.20403374455253,0.0846082003992266,0.0220262430957346,183.783783783784,49.612638749313,48.5743240116834,173.745115117592,19.785126299028,FAIL
4.99211830841052,8.15094405526688,4.41922825593607,6.40664472439293,0.105795889134379,0.0425211229055236,180.540540540541,49.2418516286869,47.164913788914,176.916058303578,19.9693364406242,PASS
4.51799271178313,8.24757976325986,4.51112260980382,5.81806350224341,0.0779824608853869,0.0152239236036054,189.189189189189,50.0327452284007,51.6336431389033,163.991291565318,19.5059946883105,FAIL
4.44894030478211,8.03928550188665,3.86647393825972,5.27955552857998,0.0721814004917141,0.0103729708880647,195.405405405405,50.3728703399052,55.6853332227834,148.783142872429,19.1659826880572,FAIL
4.95379849681732,6.93918503606668,4.17765497306923,6.43941333051074,0.0978420744785187,0.0402815770916428,174.324324324324,48.6877641714588,43.4739326286911,173.379209236764,20.1332629844397,PASS
5.76137401883915,8.32689764737447,4.03001246798863,5.51979673442681,0.217358051003417,0.145101497638537,189.72972972973,49.6148801629792,54.6904918572124,151.990980040647,19.5100677013224,FAIL
5.11119906848763,8.09933223667899,4.67880584082807,4.75685716902395,0.217584633524992,0.148160381870438,200.540540540541,50.1518389561528,61.735850758507,132.997278937016,18.9818290254075,FAIL
4.50559737131052,7.07175442083374,4.46169329866994,5.86232965371528,0.0798744396454097,0.0219246683930897,183.243243243243,49.5256542870679,47.6383088434189,161.77432533644,19.6606624654472,FAIL
4.65424233958525,7.12082851055899,3.65986794009221,5.43268402822532,0.0879766112995729,0.0291622718792223,188.918918918919,49.8433633335699,51.2110148611373,150.077853307394,19.3774803584484,FAIL
5.74214841167023,8.3072688899851,4.12843405222074,6.38934743668436,0.171761673077388,0.103571028856378,179.72972972973,48.9600027048255,47.8502068560508,174.197849669806,20.0583199501118,FAIL
5.66527800850497,6.94188215228405,3.67488996586001,4.83495744450489,0.225214515069793,0.158355407529319,193.243243243243,49.4833498945813,56.5452758363988,130.782845515931,19.1943276133627,FAIL
5.93092349358496,7.2225241554261,4.73187571942547,6.34131252441565,0.206356668170103,0.141519485786527,174.864864864865,48.4198620405133,45.126875407134,169.397747580641,20.2121267840387,FAIL
5.57447051637751,7.08998160124483,3.13861210100938,6.02685945591315,0.127507808030102,0.0661002931252423,178.918918918919,48.9381129633786,46.6764167778274,161.724118350497,19.8977610859166,PASS
5.18994944987989,7.5286127001604,4.36829626487324,5.75202806630139,0.153355956874338,0.0896192275046996,185.135135135135,49.4735914714722,50.0795262336197,158.302345725197,19.6480581288806,PASS
5.4826849527767,7.85144815308384,3.67280620171408,5.01382969183443,0.198054070307264,0.128803029668783,195.135135135135,49.8526053908682,57.9838675021027,137.95758495635,19.1900418202427,FAIL
4.4658063928789,8.26482488320859,3.89263442226146,6.01720556777255,0.0471384989787648,-0.0141622386542157,186.756756756757,49.9301949642687,50.0986957406924,168.652471891956,19.6011275470917,FAIL
4.82278647973787,7.81652322832223,4.33438937898854,6.33057858065167,0.0897102505642067,0.0285486755730194,180.27027027027,49.26901273551,46.6923827809438,174.503843445437,19.9267941113154,FAIL
5.47556680716761,7.03734875060938,4.7762692504821,5.08018367067837,0.234982595240689,0.168824195195657,190.810810810811,49.5118264140125,54.3814791838455,138.890816796491,19.3341000239194,FAIL
5.83763183292915,8.37415094194112,3.92812027575536,6.20313889151269,0.181880066475792,0.112125916344198,181.891891891892,49.1104265011273,49.3395224001375,169.320354028722,19.9408782821934,FAIL
4.66884663887127,6.566546658173,4.99334337407368,5.04248747497821,0.147490577650761,0.0885366138344515,191.081081081081,49.7511214769472,52.7848581633658,139.194691353065,19.2328442075536,PASS
5.22675338349519,8.24496389959737,3.52124717640407,5.20154877902953,0.150888022768994,0.0829297319750543,195.135135135135,50.0548850410417,57.322786869586,144.48785828031,19.222211857508,FAIL
5.53807987235036,7.44236148377571,3.7086568482685,5.21323758826314,0.192013378070145,0.125119167253057,190.810810810811,49.6146744740592,54.5299396226462,142.465198513704,19.3573758772929,FAIL
5.54150748514957,6.61096647528303,3.15961744080341,6.41654701483362,0.113927140347377,0.0564130761586193,172.162162162162,48.3334410333383,42.6785679903841,169.142071624362,20.2222585446311,PASS
5.81672418901386,7.14114146972734,3.19522947214473,5.23540586579581,0.188070980549123,0.12138652103287,188.378378378378,49.3683761999383,53.2888553526299,141.19782222647,19.4302340110062,FAIL
5.3807579428451,8.2322219823716,4.12336301331814,5.6813287621929,0.170254189962935,0.102067513043238,188.648648648649,49.6887182432068,52.8958689242996,157.406279756299,19.5568297709218,FAIL
4.6990598683895,7.03799387669621,3.03111830865025,5.33122150743453,0.0710187320698566,0.0130295051032049,189.72972972973,49.8842594664336,51.7878361942043,146.67644377885,19.3077770620364,FAIL
5.85918905572028,7.06770937725472,3.60504916386083,4.77395771851384,0.246518487781124,0.177053221332701,194.054054054054,49.4306333488228,57.7559544109064,128.725844127819,19.1753878666271,FAIL
5.23537227467305,7.49134063893267,4.84813853104095,4.92300535510243,0.223459322570521,0.156211744264416,195.675675675676,49.8686717520782,57.6306069960524,136.382290072514,19.1548886946128,FAIL
5.66405186761013,7.16791488679824,4.54286899385123,4.93290326049198,0.259985913036109,0.191264808388229,192.702702702703,49.5151480171568,56.4067063542197,134.468474825249,19.2551104663402,FAIL
5.76724126114316,7.29415218408109,4.78845983898128,5.21855328731919,0.260924461214784,0.191709742621705,189.189189189189,49.3887353356552,54.0484327185316,142.2814141113,19.4430238398727,FAIL
5.38876871685429,7.57724973729017,4.63689703075695,4.82962931176549,0.242706698755459,0.173643940892933,196.756756756757,49.834276810942,59.0141909817757,133.322300872769,19.1117777176564,FAIL
4.33318397425358,7.52867306532586,4.14526338962781,6.24906228415039,0.0390532188565478,-0.0187570653110483,180.810810810811,49.4768721072462,46.2953544404206,172.807183132878,19.8179290508141,FAIL
5.1959100990154,7.4033102970042,3.60757683078394,5.22556561771728,0.150756890489016,0.0868113801817967,191.351351351351,49.7873878888425,54.1900339783577,143.692232615311,19.3086397306266,PASS
5.65422363129813,7.44475759487624,4.12516003557499,5.99246066952765,0.179198460157721,0.114109508734547,180.810810810811,49.0152585296675,48.087470794173,162.36077269341,19.8836389365378,FAIL
5.31647344653773,8.38126663006455,4.37610624614667,5.69007232290973,0.173015625795071,0.104344399297483,189.189189189189,49.7544082687781,53.2742007937768,158.392160943399,19.5448335672504,FAIL
5.51434226465626,7.54635039648866,4.59620635546914,6.34659012002646,0.164914371676887,0.101032305408952,177.297297297297,48.7836629621339,45.9580417367213,171.989142644346,20.0973659375514,FAIL
5.54248497056265,6.93888050610685,4.89513018356713,6.22680029750952,0.178842989518832,0.117025048652262,175.675675675676,48.5777380290889,44.93503877227,167.105365410735,20.1132791853838,FAIL
5.17847773981554,6.70286381985871,4.49232541329293,5.67216731204621,0.158593386195255,0.0984004713454784,182.162162162162,49.1565279647755,47.9789573492126,153.919413482834,19.6975156998381,PASS
5.51231272815209,6.52617913920755,3.82690352061534,6.27988401228351,0.142100987493128,0.0838290538901042,173.243243243243,48.3855320324918,43.267802268869,166.153082049471,20.1672230226857,PASS
5.75227062643461,8.27977352213798,3.67107263224281,4.68704495024447,0.255402155466806,0.179720372651047,200.27027027027,49.8314458541515,63.3989698906745,128.4973345607,19.01149880301,FAIL
4.99254837355106,6.58834839160732,4.73942731486799,4.71408902355971,0.199075246433925,0.137476109503214,195.135135135135,49.7063089596296,56.3181020680314,129.311952083915,19.0716030129805,FAIL
5.27966932552138,7.0732359656216,3.63148054642625,6.20714453127394,0.117468704181296,0.0577187783888914,177.297297297297,48.8714717744614,45.3726233930274,167.174414659104,19.9905859531613,PASS
5.13810587947207,7.3613109680337,4.2725981059431,5.01016126435863,0.18453621588485,0.119627426023815,194.054054054054,49.8654812102733,56.1860105572226,138.417553289576,19.1900812065439,FAIL
4.20843500577303,7.12076433067605,4.03681651367601,4.80604295615985,0.0741651842523985,0.016280126250909,198.648648648649,50.3604848750791,57.212610261858,134.639948308167,18.9279849813497,FAIL
4.24954446593669,8.12632769163644,3.53434197529173,5.15961193891098,0.0390759307721164,-0.0215029601696181,198.108108108108,50.5727116147316,57.1054603487375,145.815734051769,19.044395618581,FAIL
4.56429480390371,7.82206135036816,3.04919619283868,4.51082058961268,0.0827652042077466,0.0209517026211971,205.135135135135,50.4290908374732,63.5562354308085,125.705740694112,18.7317517970005,FAIL
4.16424778792934,6.98281758716878,4.7196571723102,4.67825759762575,0.0937801804729076,0.0356847810253684,200,50.3462854320865,58.1180118450752,131.378487143699,18.8725784081144,FAIL
5.82010509385599,6.68882235566923,4.34942511006006,4.9255920495878,0.264653063927539,0.197538652863804,190.27027027027,49.2432479097532,54.6623818902187,132.602076259504,19.3204169768104,FAIL
4.6481368966999,7.40856633539013,3.00782905577805,4.59073235567063,0.0900769389540114,0.0294420196898129,201.891891891892,50.2753322309958,60.9211367066825,127.215058576446,18.8207941100181,FAIL
5.76574009218556,6.53933154905029,4.18922213911887,5.18132878129246,0.233320406263161,0.168817368948833,186.216216216216,49.1010863913664,51.6007995450697,139.022802602689,19.4865062757496,FAIL
5.82811667135825,7.72783677935152,3.54686106694816,5.28720576731208,0.209461588448662,0.139260550009401,190.27027027027,49.529750454545,54.875556137107,143.99699273662,19.4188956400666,FAIL
4.31385630433545,7.89749489497936,3.07223019363832,6.45955062917836,-0.00254730514934232,-0.0596638545377429,180.27027027027,49.5056604375939,45.9241442433119,177.96355615997,19.8641313346472,FAIL
5.01113229099437,7.73053292558252,4.08087006664711,5.37828190171073,0.142601163680654,0.0783085658572531,191.351351351351,49.906522203649,53.8658128868596,149.407146674359,19.3542479257164,PASS
4.79718488083453,6.85501871975952,3.64931159760166,5.78758217470618,0.0905426544456949,0.03296216858302,182.432432432432,49.3804453611528,47.508160091408,157.850187136689,19.6604879470754,FAIL
5.45061272208755,6.45234692623881,3.70591221783202,5.24275885762257,0.1790261316943,0.117963396083471,185.945945945946,49.2225310433573,50.6328688300582,141.061940401808,19.4688051703867,FAIL
4.23655367772212,6.74534975414745,3.87897826841684,4.92908909965564,0.0712746471755803,0.0150188628178524,195.135135135135,50.1546899656667,54.4547969949229,137.020574619219,19.0402797419371,FAIL
4.72137219314438,7.77305756395016,4.54213923267754,5.17929269483719,0.134009010604355,0.0703819467411192,194.864864864865,50.1638780943144,55.8538719453455,145.340097925994,19.1923329710594,FAIL
4.0362065892329,6.72020444158289,3.57774034162704,5.33853047916354,0.0273057006491748,-0.0270126128529671,189.459459459459,50.0395519595231,50.4682379777605,148.007927072758,19.2561484956525,FAIL
4.61852527034652,7.31212433556852,3.6678432517499,4.78669378561987,0.11099748236655,0.0502743953168517,198.648648648649,50.2199773515598,58.256300148147,133.161227672862,18.9577021735345,FAIL
4.55185116429403,7.44196208066466,4.60834294092888,6.47710295911598,0.0655387947602758,0.00716309386285319,177.297297297297,49.0717164142219,44.6497524260661,177.663000837566,20.0347733050097,FAIL
5.35829000972029,6.7943603332198,3.27626820784856,5.64441516750732,0.132285372390707,0.0720436289694142,182.702702702703,49.2061860151553,48.4902612959795,152.241174884104,19.6548868329668,PASS
4.20694358844061,8.05963247755513,4.63714697977397,6.05341968629561,0.037063757455245,-0.023139940216648,185.945945945946,49.918774887577,49.2060263005644,170.413727845214,19.6243415624212,FAIL
5.53247340042021,7.90890688497114,3.50559451847057,6.1237724683722,0.136636080079099,0.0714258173691759,181.621621621622,49.1934228647163,48.4875863330283,166.830960357038,19.8726111710197,PASS
4.85261121169523,8.13849887712338,3.28923372412972,6.40276469441235,0.0540796924422769,-0.00690309063704109,180.810810810811,49.383304721596,47.078044372248,176.156219207417,19.9021400029959,FAIL
4.3058080579423,6.47984480819529,3.77430212385982,5.07794455451196,0.072972757919352,0.0177615496600092,191.351351351351,49.9294451311422,51.9852519336163,140.088373828161,19.1709566211239,FAIL
4.67979479278332,7.71739580395528,3.74366895985395,5.99944550619262,0.0694463874035055,0.00928918512423116,184.324324324324,49.642881032611,48.6503558603952,166.049935948436,19.6786666037768,FAIL
5.47707809266014,7.06499573791919,4.53563175570591,5.03733988042303,0.229936226988939,0.16371683763356,191.351351351351,49.5473768087764,54.9014189403496,137.649198978114,19.2987827508978,FAIL
4.38739589950262,6.47916732050603,3.78631134729328,5.98422019087649,0.0532162229275385,-0.000763840023762841,178.648648648649,49.1949887061734,44.8035308627204,162.433850930931,19.7784653584444,FAIL
5.45811336432491,7.37113918042283,3.26164293354958,5.87445401736122,0.12927927807106,0.0664835608223499,182.432432432432,49.2367433867598,48.6469603288054,159.280977748943,19.7507684528555,PASS
4.52958705064497,7.13092223400348,4.93438131585655,4.50676110734978,0.15903706178794,0.0975642066392572,202.162162162162,50.2040561668101,60.8837436647521,125.997063583131,18.8216739966071,FAIL
4.84279881456461,7.93014811631632,3.664745354648,4.51916589657944,0.151901760760527,0.086288060590334,204.324324324324,50.2767130648026,63.9762593660817,125.834289754944,18.7907939872412,FAIL
5.76705450793692,8.19490485211593,3.16134098150752,5.99560025304055,0.144709674810778,0.0765030897878856,183.783783783784,49.3040661944569,50.3037762793118,163.311406587121,19.7876752462247,PASS
4.03649198062602,6.56163581863345,3.55439304791914,5.8545663696226,0.0165678049345858,-0.0364186600904222,181.621621621622,49.5476041149582,45.8901789927405,160.310708259502,19.6105160401577,FAIL
4.63996267822706,6.48293214889806,4.33688289037815,5.64612019903296,0.102002182881821,0.0456023840968206,182.702702702703,49.3474754107309,47.3021221420134,154.019803337853,19.6138200805964,PASS
4.35665408396659,7.4569653060781,4.89913049757078,6.40275236305937,0.0529227894336534,-0.0052298343132009,178.648648648649,49.2301271426846,45.1278665096841,176.764938386089,19.9587374781746,FAIL
4.19019452333702,7.94241644233823,3.85325542168919,5.273176989691,0.040974711222328,-0.0189553374734025,195.945945945946,50.4809672087786,55.3590786581535,149.039977187669,19.1267826691714,FAIL
5.83838179943444,7.46132029475342,3.43711542124159,5.07143614854779,0.216180069503573,0.146424701996345,191.891891891892,49.5222500182905,56.0580835963367,137.557218809649,19.3105617668797,FAIL
4.55984917158936,6.5993959432081,3.75327428573804,5.96118171510315,0.0678181372885464,0.0126602715137738,179.459459459459,49.201768214682,45.386569441252,161.873726924044,19.7736765236026,FAIL
4.82649280319588,6.88096032451447,4.11093160036517,4.6241948693784,0.163872676113144,0.102582445864371,198.378378378378,49.9530982899922,58.4794972870336,127.526311469667,18.945350157747,FAIL
4.21309230006409,7.15094609635447,4.90300144019865,4.67588653663637,0.104112241544406,0.0448816678907565,200.540540540541,50.3786087414472,58.8358385875,131.661045585391,18.8677665337296,FAIL
5.81015512873331,7.40471015583396,3.50915721994849,5.09614675741395,0.215841817553231,0.146658498891758,191.351351351351,49.5063981266023,55.5998621697091,138.25181757356,19.3283772204295,FAIL
5.21092944756881,6.68779658611964,3.23975539084279,4.73252583221124,0.160558809321218,0.0988758682632787,194.864864864865,49.6773139316632,56.5158920934871,128.545635448189,19.0684889596452,FAIL
4.06687520314235,6.51949874355424,4.54888034277718,5.95061426687103,0.037878087074997,-0.0160955581277838,180,49.3554154367243,45.1329310530605,163.074511519519,19.7228033152308,FAIL
5.79710568491036,6.78645541882809,3.61984845470368,4.96140020774633,0.22611956508622,0.159691143057255,190.540540540541,49.3171318889669,54.6447363797607,133.438364040162,19.3078699465212,FAIL
4.02558565990495,6.61721448183283,4.29474620712407,5.22017947987359,0.0485896575012524,-0.00637347216243178,190.540540540541,50.0404376490414,51.1590364495967,145.199537992905,19.2137681223589,FAIL
5.71662162866545,7.36193232907538,3.31283629046037,5.14659348668251,0.191619869087248,0.123981706613248,190.810810810811,49.5361328611254,54.9140206779671,139.690006904195,19.3413405090657,FAIL
5.18520743458632,8.19766149403866,4.50202425161709,5.94028555807111,0.149131510904112,0.0829197991678031,185.675675675676,49.5736310088191,50.6683203690867,164.979717632437,19.7001645644496,PASS
4.2674051070458,7.95159522519096,4.19085910575774,6.48047728997737,0.0232220000906143,-0.03545897703567,180.27027027027,49.4543548958396,45.9841741446286,179.843194707425,19.9089647725572,FAIL
4.03123810366991,8.0664115428116,3.28278813782769,6.391437718243,-0.0237813707973549,-0.080838126720718,182.432432432432,49.7598935995126,46.7865199846753,177.581009979737,19.7619778159977,FAIL
4.68563085340161,7.6092863466595,3.13473991091772,6.09044007976999,0.0457008598014745,-0.0129351435730722,182.702702702703,49.5571254240128,47.6438350580181,167.458443762597,19.7259996501846,FAIL
4.55329943763748,6.46706172861026,4.63768970548161,6.04926570760088,0.0857533601983768,0.0303776758515492,177.297297297297,48.9940938863715,44.3987380995125,163.998161529526,19.884365753067,FAIL
4.26269455322819,6.64436712593818,3.67926391012432,5.27894917370472,0.0569771771613269,0.00173819584834078,189.459459459459,49.9199502583329,50.7658184619466,145.826755907565,19.2688723283427,FAIL
4.53412404739904,6.47167985788871,3.76388299437241,5.62000786510821,0.0774520404611625,0.0222002174416455,183.243243243243,49.4454748793961,47.4158270123314,153.272805446188,19.5603064673578,FAIL
4.5839479840554,6.44321385236848,3.55614653014794,5.75015634406515,0.0721077920645212,0.0173079285651445,181.351351351351,49.3102864942541,46.3475212326768,156.087704987887,19.6508779577487,FAIL
4.47658665636389,6.76919828650026,4.55266214854819,6.18421238250719,0.0702840156890346,0.0143114250386011,177.567567567568,49.0702311786148,44.4676332928709,168.49714153225,19.9155250838322,FAIL
5.31226739566904,6.84502304670128,4.16232266505112,6.41652138696455,0.130200370458622,0.0714106386327125,173.513513513514,48.4914550991967,43.39547746306,171.358640755917,20.1922862304203,PASS
4.64746718504923,6.66079189106671,4.48045270151476,6.35706725342755,0.0806762537078102,0.0250068547728045,174.594594594595,48.751374295115,43.0851326655998,171.4708337737,20.0777383503242,FAIL
4.73465330420917,6.64283770005422,3.31746852894697,6.23496083820712,0.0620008704253709,0.00716872340857788,175.945945945946,48.9106407278365,43.7444287943511,167.666385210505,19.9632613448879,FAIL
4.97337296875934,6.80086565660358,3.50608262513007,5.90633314835094,0.0979091260524482,0.0402057519959901,180.27027027027,49.1790766416402,46.4975233355309,159.956690678729,19.7698557199159,PASS
5.53386057483381,7.37091426114737,4.84778222808632,5.74352090792933,0.20428491750463,0.138548479874674,183.513513513514,49.2153574662075,49.7317471116556,156.875501523082,19.7321614574618,FAIL
4.44901242233754,8.0423568191264,3.33937324290722,6.34176328047375,0.0203016818989614,-0.0385904287422555,182.162162162162,49.5963619535272,47.1360268100259,175.5388169017,19.8068236449171,FAIL
5.55150385573771,8.24020851664408,3.45040478622826,5.374523306828,0.172383079442787,0.102509085956847,191.891891891892,49.8039813622642,55.6853897944042,148.129147684346,19.3774400385181,FAIL
5.30905253375967,8.3966901966441,3.10257889960089,5.07429191769113,0.141085449210164,0.0719566899853408,197.297297297297,50.1070873998448,59.1667188515125,140.585903477153,19.136826159583,FAIL
4.31952605296587,8.24097614054345,3.22210700063052,4.6450525343053,0.0518673746063854,-0.00967775027242745,205.675675675676,50.6790745754822,63.3691025527156,130.870851752538,18.7426023309338,FAIL
5.28932794858381,7.33048929668299,3.80280618460331,6.12061305728705,0.127398705138573,0.0659047533858148,179.459459459459,49.0560632229476,46.7469135317489,166.065895403128,19.9083351173767,PASS
4.12209216111672,6.53330641356605,4.90019423438732,5.65447279217237,0.0579361949854198,0.00285495410711001,183.783783783784,49.5997298583687,47.3283664112704,156.113267403679,19.5418832101697,FAIL
5.98446357370917,6.77707958631497,4.90237635895835,5.79112663881929,0.243122532362286,0.17776318595095,179.189189189189,48.6622217925758,47.5131096482787,154.727003055881,19.9151060170302,FAIL
4.83776036557499,6.63534142480848,3.54596922191797,4.61004142865908,0.142987204666324,0.0834606826733111,197.567567567568,49.8676379676071,57.605074908413,126.262514266764,18.946982209319,FAIL
4.04509959665419,7.61999702741946,4.87052836690812,5.93916989742812,0.0297190927024434,-0.028695893536872,185.675675675676,49.9143947377571,48.708776216911,166.883076114279,19.5786754229196,FAIL
4.09544011651047,8.12345039032208,3.10059644623422,6.12600948228483,-0.0192140964595022,-0.0768559131395721,185.945945945946,50.0130898728041,48.7735217760359,170.997996454372,19.5909367397857,FAIL
4.61582722890634,8.15376360622501,4.04354725087044,5.45700332585788,0.0906232746814523,0.0274497959672622,193.243243243243,50.2160482348489,54.4405346783531,153.537319034738,19.2959985818166,FAIL
4.90362448032125,7.07913376317867,3.78940543465892,5.27927324655586,0.125573709163001,0.0649437237389272,190,49.7816255701971,52.4825965425509,145.354950506832,19.3317408248502,PASS
5.18443310172708,6.58662161598265,3.78544373648751,6.29124985679629,0.1131710119971,0.0562230430048103,174.054054054054,48.5696705561638,43.3254489367254,167.665659671725,20.1080274348416,PASS
5.00114807909566,8.22640063454427,3.32080814452918,5.08650230552321,0.120360469528393,0.0542714490992318,197.297297297297,50.2233877205626,58.3860496351761,141.766586339816,19.1125657912077,FAIL
5.67292584347539,7.97281964616459,4.84510471144254,4.92368554997359,0.283424261924655,0.209908222650606,196.216216216216,49.76504289468,59.4942276240035,135.921714280178,19.1862683098912,FAIL
4.71234596151923,7.78443780454951,4.86234842565728,5.36535543134226,0.132423439608557,0.0688773184582834,192.432432432432,50.0667539950296,54.1236843220669,150.696271158907,19.3115272093179,PASS
5.21974155773624,7.77555002260794,4.58966276463553,6.23311398930944,0.141190958011505,0.0775199537414184,180.27027027027,49.1374515226757,47.3179971647736,171.005310963897,19.943615864493,PASS
4.89008973561022,7.8387670176545,4.55087835520293,5.43717095028619,0.14155166117471,0.0771866496562627,191.351351351351,49.9572143245492,53.6796938737164,151.965131816266,19.3727134243645,PASS
5.24230260112938,7.77462861717956,3.33187391592221,5.04007388681177,0.150892407013465,0.0846635803664237,195.405405405405,49.9722584694085,57.3574364891463,139.028847713623,19.1622187513067,FAIL
5.00835329731565,6.81200436771096,3.90495640901222,6.10848858977186,0.107055463029298,0.0491906851892652,177.837837837838,48.9528220287179,45.1718064971349,164.940491849505,19.9250632372513,PASS
5.34553404773429,6.92914002797542,3.03499904929948,5.74892623997439,0.114678621527381,0.0545759227515302,182.162162162162,49.2198480357436,48.12600956949,155.137013713471,19.6936409400562,PASS
5.34598581530066,7.20182637758797,4.77193848389433,5.46469764494528,0.196972887466673,0.132344051895289,186.756756756757,49.4430004082737,51.4115329309595,149.842683220958,19.5381261593079,FAIL
4.96116629872501,8.21810478611246,3.62820672254606,5.05677843407681,0.13355294743214,0.0672452660567631,197.837837837838,50.2406581734633,58.6773543100492,141.299767814504,19.0980663352042,FAIL
5.72235951437086,8.09363996692693,4.64490995314979,5.67573957915357,0.227507479884663,0.156724926328991,187.027027027027,49.4437267020476,52.6096942353818,156.242992878613,19.6383397306591,FAIL
5.96847250916621,6.9011825769156,4.49926356454426,5.11685514601455,0.274464547866804,0.205676748154919,188.378378378378,49.1763825761231,53.6219927684973,137.821177659657,19.4464710573394,FAIL
4.04231275912827,6.94863547584348,4.9828925258196,5.25760046392294,0.0596655933780714,0.00263847192729549,191.621621621622,50.1416961487963,52.0607782991905,147.571404961525,19.2206963529015,FAIL
5.98411298024123,6.92358517921013,4.30058392398997,5.93395292881491,0.216237535819565,0.151320816994944,178.108108108108,48.649211706403,46.935036748746,158.310630330799,19.9720963635504,FAIL
5.4344787025725,7.87281930323851,3.22051847390334,4.77055559272435,0.180486429657514,0.111250151802569,198.648648648649,49.9414187034538,60.7603533031568,130.97750834018,19.0248128716237,FAIL
5.17122693213838,7.42882806211234,4.27028327126332,6.32738386962089,0.123312163438508,0.0621165439752822,177.837837837838,48.9332514123412,45.6605509128028,172.015171263512,20.0300727875359,PASS
4.71659245232085,7.25618438598358,4.59297385257114,5.09323131207991,0.139817395711352,0.0781207798897861,193.783783783784,50.0180145004133,54.8720182506841,141.913528843781,19.1890084175913,PASS
5.1938763529773,8.06775259542549,3.17459391783489,5.6747885581637,0.106508252326152,0.0417492194613096,188.648648648649,49.7880373466586,52.3564387946347,156.663700296548,19.5055934820714,PASS
5.5833761984286,6.50714804606203,3.60730599837648,4.60984883293545,0.226304369366661,0.1616620977805,194.594594594595,49.380701911824,57.2546882486094,123.934173248912,19.0843320067607,FAIL
4.53652280658106,7.0063417492805,3.95723576550691,5.96188473817929,0.067727646442416,0.0107280275621751,181.621621621622,49.4134306498533,46.6992482813419,163.520515295769,19.7227644283803,FAIL
4.79837991550853,7.44001182883725,3.24935021272508,5.82021336774391,0.0704744745849427,0.0110870949075368,185.135135135135,49.6470065024488,49.1362632524715,160.09433869892,19.5965947618115,FAIL
4.84940842563283,8.11520065827332,4.91723297559889,4.98895826286646,0.173948734093123,0.107057415839921,198.378378378378,50.2615785773985,59.0713719085439,140.621959158056,19.0786116197872,FAIL
5.51417865893749,8.34158331082248,4.37487830337422,5.69637911089443,0.19469013137402,0.124731106576252,188.378378378378,49.6320067782244,53.144257640733,157.817357685565,19.585476519644,FAIL
4.94638344194049,6.65030358022767,3.94677941408377,5.86946349378808,0.112026538691115,0.0544681872672671,180,49.1143707311243,46.2785294761541,158.9034139436,19.7781932433136,PASS
4.83769243798544,7.10164717551003,3.40842060405931,4.89070242299111,0.120475048399042,0.0597411738284682,195.675675675676,50.007069438622,56.3538469499238,134.874382718887,19.067892554364,FAIL
4.41585058993423,6.6375306667687,4.25767653195332,6.42609061054563,0.0529815350930232,-0.00136689105287735,174.054054054054,48.7877486125079,42.551402578113,173.391613875349,20.0810807768135,FAIL
5.94794808989652,8.16888605470572,4.48176570088352,6.017957188304,0.224746442853503,0.153648679694663,182.702702702703,49.1068535773854,50.1542678389389,164.27189894972,19.8803173715899,FAIL
5.68169310137709,6.93313881381838,3.64642934615443,6.42789297092775,0.143367961950679,0.0829570680974512,173.243243243243,48.3879083574399,43.635754809251,170.450030284666,20.2285399547334,PASS
4.66135807776573,8.08813005401517,4.69009404330292,5.38833287820731,0.119882150866213,0.0556918858804627,193.513513513514,50.1891782864763,54.8959038528955,151.996323333546,19.2846944997947,PASS
5.86170594637484,6.72019718652994,3.01935254070777,6.17409250145606,0.138633535060634,0.078178195044594,174.864864864865,48.4889512930603,44.5708402892636,162.972219383631,20.0880631539817,PASS
4.68696199093066,6.65179083436696,4.11830819709441,4.92582714652257,0.131488488021337,0.0727909366835602,193.243243243243,49.8601548643055,54.2392110551748,135.710563508715,19.1301622275445,PASS
5.30721868159909,7.23089543599087,3.83447215810879,5.92279923937935,0.138530179373903,0.0766892196936864,181.351351351351,49.1791896007356,47.8423396485332,160.928850077947,19.7951563542329,PASS
5.83839640823228,7.68409513786829,3.66055891880974,5.93857832574526,0.180014857024089,0.112836691576026,182.162162162162,49.093423704425,49.2385553076252,160.756398222662,19.8360421490634,FAIL
4.43299339813489,7.03601737229945,3.32909564849142,4.88481065658634,0.0729366321590652,0.0151905562798234,196.756756756757,50.2095097881329,56.0614253725055,135.586315366938,19.000674184843,FAIL
5.71207880471842,6.74774613449764,3.4278553286703,6.00615454506414,0.153730252473668,0.0927561720555122,177.297297297297,48.6972468226652,45.7701628142701,159.822269414444,19.9650940028884,PASS
5.70066249908404,7.04495466711442,3.88102231010196,6.0930354849718,0.168117078684883,0.105451919321136,177.567567567568,48.7375630827352,46.1400041041629,163.191057439634,19.9993851249168,FAIL
5.86678627215123,7.27892687940204,3.31895481101026,6.09891377105745,0.157168699458277,0.0930414088186662,178.378378378378,48.8019879424851,46.8304180668012,163.182367500758,19.9786377963038,PASS
4.46012526788554,6.45994811550263,4.47920133733743,5.15458787673855,0.10616054557799,0.0495405605788783,189.72972972973,49.7637118108777,51.264169804168,142.094827913695,19.2689876035156,PASS
4.18411949975554,6.86441810671449,3.11556673695993,6.09887533513824,0.00869195103424236,-0.0449150740133146,180,49.4497501450788,45.2021031212208,166.534767962055,19.7371863555491,FAIL
4.89601164997413,6.53323856837265,4.95057314271327,5.11008005061637,0.169245094423528,0.109355465181753,189.459459459459,49.5764701988172,52.0679772156661,140.20917851072,19.3170354189139,FAIL
4.41686827109119,7.63123539739389,4.58747584042883,5.84438661511155,0.0702610621121699,0.0103254221766298,186.216216216216,49.8284041291274,49.5262784294616,163.382101447389,19.5716115936802,FAIL
4.43040655427392,7.75606184341808,3.20838071761139,5.88847284871918,0.0282530405148029,-0.030244991813432,186.486486486486,49.909183308556,49.5178560160777,163.564940911207,19.5415914740688,FAIL
5.62169473894097,8.33146603688466,4.65830266997108,6.26226886435995,0.185207690522214,0.116552882572401,181.351351351351,49.1160689913309,48.7847880084252,172.054956809508,19.9702273640321,FAIL
5.14079939051784,8.23856354062831,3.19479305192659,4.68408395877249,0.150547240703354,0.0821092199004764,202.162162162162,50.202080390961,63.0946721485045,129.820759933003,18.8997211367738,FAIL
5.4043127810548,6.65543506313922,4.2672273901344,6.4563095795006,0.139645541695698,0.0813622711890968,171.891891891892,48.2905201140922,42.6076034143219,171.222184220068,20.2692943881729,PASS
4.63412507472513,7.54062488814302,3.60574780529521,5.17354079221744,0.091480838835113,0.0306020084045701,194.324324324324,50.1660114889654,55.0416531055251,144.190540004633,19.1700625614088,FAIL
5.26106452727631,8.13005056567177,3.44431720882151,5.26106077616419,0.147281413809717,0.079888267055585,193.783783783784,49.9829712321466,56.3484855528668,145.755019007676,19.2703703574287,FAIL
4.43259266862398,7.28459379954014,3.98818826788539,6.02730773895938,0.0538610906174048,-0.00369514250159086,182.432432432432,49.5392227379424,47.0902049845475,166.308791890473,19.7139989045536,FAIL
4.30688108421946,8.1765922831325,4.92398261489547,6.39429955495468,0.0430909572170659,-0.0176057482231491,182.162162162162,49.5744797618831,47.1969174593764,179.14333870043,19.8569735215434,FAIL
4.78986739741898,7.96141160969131,4.67768841111068,6.02490919678157,0.10641727417357,0.0436012182692916,184.594594594595,49.6120279950398,49.2526223912337,167.871242402428,19.7170449199051,PASS
4.77842506060777,7.08989843192793,4.95456920238201,6.10723920347643,0.110018391908096,0.0508295123613773,179.459459459459,49.1465134727697,46.0446329855656,167.328449621699,19.8829148451799,PASS
4.14085349004202,7.72995000118698,4.58910148124127,5.99006883096668,0.033129121482715,-0.0256652454675282,185.405405405405,49.8799857471937,48.6774806195786,168.002107242027,19.607187410121,FAIL
5.001147236667,7.92009063182475,4.13054283149074,6.04786648969431,0.112572670943497,0.0494680239316406,183.783783783784,49.4954845716903,48.9854607750151,167.206288567433,19.7551716840994,PASS
5.25110061977919,8.00859285321518,4.09106237102909,4.99840626873299,0.193662807331979,0.125026419781371,196.756756756757,50.0198335539524,58.6663251905897,138.833269758062,19.1406567146851,FAIL
5.79027901533967,8.11017284729536,4.17761821502058,4.60522201679703,0.296451948641753,0.220110835442155,200.540540540541,49.7484778789407,63.8325957267686,126.179134689562,18.9945154348034,FAIL
4.99268671207504,7.91018089495883,4.79487668052745,4.66953817185514,0.210842658805982,0.142901611996891,201.621621621622,50.174234349054,62.0635060386433,130.61941559454,18.9280654977265,FAIL
5.01507886568124,6.43386352294844,3.39706722834882,5.24850053092629,0.124755320659878,0.0668667731428624,187.027027027027,49.4586912007908,50.4040806564728,142.277201765857,19.3910897475174,PASS
5.4530475449172,7.67972328633059,4.96173798736991,5.27692340266534,0.230498172079257,0.161823684116811,191.081081081081,49.6704364830464,54.7745418870999,145.859146161986,19.3930309461598,FAIL
4.2461909649771,8.14201443420073,4.5844123580372,6.20687956369953,0.0352489376251772,-0.0250641938205943,184.324324324324,49.7882878721911,48.3501129587371,174.299786512144,19.7188657062633,FAIL
5.6547616031072,8.36764064258667,3.64868700950455,4.99297388106935,0.220040114253708,0.146542534751845,197.027027027027,49.8963293983914,60.0701124715532,137.630711750545,19.1648150284706,FAIL
4.37871904674886,6.44286575092147,3.53224539355011,5.0319305212622,0.075075624825499,0.0199203562507182,191.621621621622,49.9064455553405,52.2829307904899,138.445389333845,19.1505924007958,FAIL
5.83252524414655,7.36810708669821,4.99714092911472,4.55532093161426,0.334593072414833,0.260795375804744,198.108108108108,49.5118681529369,61.5925496436034,124.066494188035,19.0462976873225,FAIL
5.77738391051714,7.34179161307775,3.31065241274655,5.80161786052308,0.162681790485744,0.0975658325134225,182.432432432432,49.112976215629,49.1748524747929,156.395029059335,19.7630737266199,FAIL
4.70199281785096,6.6022645084155,3.7120822965306,5.82591611941568,0.0840254427329505,0.0279929914129511,180.810810810811,49.2617667573292,46.3702409760288,158.242607542991,19.7054526303013,FAIL
4.29752587498818,7.86036413159224,3.99296463552159,5.43946673763237,0.0533596163682759,-0.00682045803082809,192.972972972973,50.2984775683047,53.5704065282386,153.228883146308,19.2571513539691,FAIL
5.14278924480075,7.68264439062985,3.53299586094933,5.49072995191877,0.128526796288856,0.064650754055275,189.459459459459,49.7795903505515,52.706332983928,151.445955461904,19.4333295139847,PASS
5.72257387150006,7.78617325124302,4.03343487731467,6.01846989996918,0.182177132503757,0.115161730586546,181.891891891892,49.1060681802697,48.9479989288974,163.682835792594,19.8696483182562,FAIL
4.19677918268509,7.33174960772117,4.48572140045563,6.29732073374415,0.032574195791801,-0.0242770683835214,179.459459459459,49.3786773346342,45.3878520963199,173.898383405352,19.8634845943205,FAIL
4.2018732583776,7.00569859500248,3.25084747601598,5.49938653574909,0.0262599920035932,-0.0291307303469353,188.648648648649,50.0021866617664,50.1324001838879,152.314169107424,19.3413245664855,FAIL
5.52323877436655,7.73312146724139,4.24271890409809,4.87913411464062,0.240079726622973,0.169715398087446,196.216216216216,49.8056971473037,59.0587205757561,134.295055137517,19.141277640523,FAIL
4.84736158529468,8.30938993245039,3.27013784798282,5.61922786124702,0.0774240747712158,0.0137053062918416,191.081081081081,50.0776175351033,53.5078866411901,156.80786306613,19.3950952891316,FAIL
4.09532162925867,6.79108298396407,4.01718801358198,5.34795390929191,0.0441103493741536,-0.0113053109741009,189.72972972973,50.0183494125611,50.6734311976338,148.651161130393,19.2783150126044,FAIL
5.85822628021869,7.61469647855351,3.76123568725196,4.61751566924049,0.273150020552081,0.19949623745398,198.378378378378,49.5990565313755,61.7612726825074,125.350155386329,19.0400816352527,FAIL
5.08642655361981,7.45273073504069,4.79309745942298,5.96999719709408,0.144210756809421,0.0816483886149693,182.162162162162,49.2959376362221,48.1842261468757,164.169900906123,19.7931435712897,PASS
5.19440185449305,8.11113161003471,3.20263268057285,5.61240945047961,0.110533622235261,0.0453297976928733,189.459459459459,49.8412624152155,53.0246413650169,155.143128527922,19.4645738518706,PASS
4.60530874427071,8.27380987659182,3.83930479409206,4.55082672040123,0.125764044680827,0.0606470542567497,205.945945945946,50.4988462817288,64.8226229248558,127.975211313829,18.7499638918086,FAIL
4.47138654082557,7.89817272419067,4.78997536361329,5.96150762096712,0.0754258032276101,0.0142213118964034,185.675675675676,49.7997534122722,49.4718092009103,167.119225832909,19.6323975524864,FAIL
4.57506428419565,7.98654854270119,3.45573273440158,5.59332963406393,0.0597687883612447,-0.00136542117677896,190.810810810811,50.1215519771562,52.6659879485585,156.374763067053,19.3693183996272,FAIL
4.6591337006684,7.74424589999486,4.39914030784902,5.64837873995537,0.100308755132993,0.0384617679675732,188.648648648649,49.9096778219279,51.4897759889856,157.845252880676,19.470749245428,FAIL
5.39820429844583,8.20453122668175,3.97961847372819,5.02899519850982,0.204990323441933,0.13441097188632,196.756756756757,49.9852392419086,59.0554082927041,139.470895148621,19.1646193025543,FAIL
5.37754075663744,8.07671398587512,4.94760834241643,6.24801356985912,0.167678200318696,0.101396357578717,181.081081081081,49.1462763799713,48.1257778812862,172.054767126895,19.9561575059501,FAIL
4.7771417150848,6.53723886350824,4.17732876306511,5.8319673641457,0.104323743194472,0.0476910234785881,180.27027027027,49.1518797627661,46.1437041006881,158.232430405496,19.7484446758891,PASS
4.53758193526301,7.66652305433438,4.55088489209189,5.79181555974428,0.0849382590186417,0.0241991676215709,186.756756756757,49.8263060556312,50.0681122016738,161.792303064062,19.5535496416563,FAIL
5.29298968959421,6.97948073776241,4.5769541635599,5.08143179481824,0.207077655100841,0.14277157704099,191.081081081081,49.5946942420568,54.1042512606671,139.221588217137,19.3056329530051,FAIL
5.92075103572396,7.24205554943449,3.89385209602448,5.21053724556442,0.239184054149351,0.170007430179891,188.918918918919,49.3233383366134,53.9401336359977,140.871365201796,19.4446158571172,FAIL
4.55253073198257,8.30499313481227,3.63065620966152,5.01615816854776,0.085173284428159,0.0215501629442507,200,50.5044614633642,59.3111866854883,141.431346316939,18.9997797831676,FAIL
4.09624417945521,6.99015492594285,3.22772485119141,5.99003519302386,0.00430804137424845,-0.0498049025193814,182.162162162162,49.6461723934059,46.3276473255633,164.624413731794,19.6392370567636,FAIL
4.52733567526004,8.08259396907769,4.51959050149486,5.01059561892765,0.116337351513899,0.0524742171039854,198.918918918919,50.4353084990917,58.6258927303621,141.770222914559,19.0317646411316,FAIL
5.3843002167571,6.5914276558957,4.43311108857294,5.78737740745787,0.171139623489583,0.110815140572253,179.72972972973,48.9042644145075,46.7788009410586,155.669088560046,19.8223191593849,FAIL
5.76942660376946,7.13394205490687,3.32929158955679,4.85878032666713,0.214892829668274,0.146675154949127,193.513513513514,49.506554518992,57.0456987943897,131.287116651362,19.1974229958748,FAIL
4.87948838027588,7.07282078836649,3.64804941463256,4.69478636890962,0.146581989478849,0.0848434579480113,198.108108108108,50.0028260723325,58.4308809965033,129.424434584435,18.9668870904514,FAIL
5.02925099331422,6.48981342897897,4.02932509367653,4.57590549239079,0.187435825134373,0.126503534842416,196.486486486486,49.6794310042059,57.4529890215089,124.768772129204,18.9853807287198,FAIL
4.76175483008156,7.56823574832088,4.87156376462642,4.53389123621463,0.189106505372931,0.124154201404849,202.702702702703,50.2102954727466,62.3758608643261,126.85744865372,18.8387820819513,FAIL
4.62549839466254,7.71791066176486,3.66234930350522,5.17981532236513,0.0914899031208258,0.0298925862126064,195.135135135135,50.2269139462194,55.5999339390633,144.788249310972,19.1579718168342,FAIL
5.57146085588228,6.85590909039803,3.12566307216381,6.37320688941079,0.115027867732092,0.056061143918645,173.783783783784,48.5022010470728,43.6894050253266,169.00676239327,20.1592986393652,PASS
4.11723022740575,6.51940217702234,4.04400232658317,6.45180935399931,0.0222964247530122,-0.0303518700159942,173.513513513514,48.8444367664897,41.9786464382033,174.004721368662,20.0578470205382,FAIL
4.09484703218852,7.30521898271327,4.58441024447595,6.1691662367592,0.0271474548534152,-0.0295905527350749,181.351351351351,49.5406851420792,46.1347825338243,171.098532837536,19.7673675191203,FAIL
4.36386512486603,7.22377197120662,4.8011372745823,5.28778121183438,0.0927646982293584,0.0333784746928263,191.891891891892,50.083131769147,52.8317620660398,148.17766452706,19.2595125819324,FAIL
5.17563501909627,7.05241914464105,3.55098931691548,5.21860329987749,0.14671323537937,0.0846064156593446,190,49.6687319274144,52.9962585488862,142.733135118548,19.3345045554635,PASS
5.26217035957404,7.28803227052662,4.32457295746553,5.46144370241286,0.174005135134685,0.110004603359789,187.567567567568,49.5437515565169,51.698806825455,149.944370817796,19.5001453928154,FAIL
4.77111573693345,7.14935832208196,4.91332303944137,4.82499906253815,0.171081916144783,0.108506522746997,196.756756756757,50.0313898970031,57.2877794620058,134.366148529358,19.051253421749,FAIL
4.95602432154075,8.33238036460349,4.85508298881681,4.52671131685353,0.221558470593344,0.151591448788408,205.135135135135,50.2819742940456,65.5040699593941,127.178726037959,18.8107128925421,FAIL
4.03977272397439,7.27420329009362,3.10519937051947,6.2129755898728,-0.0130834305982557,-0.0674638874249338,180.810810810811,49.6017998535733,45.6731347328359,170.827523035055,19.7336615201632,FAIL
5.64507469442426,7.36028151984303,4.30482821574834,5.01141204394668,0.243998851370473,0.17502850387698,192.702702702703,49.5807725393688,56.293439381922,136.914995305163,19.2758501081248,FAIL
5.35203020879238,6.9323553296326,4.71887583580823,5.37356188692446,0.199889834967198,0.136291570276566,186.756756756757,49.3792818647543,51.2589354146942,146.687958920095,19.5098995445183,FAIL
5.79821796421856,8.23298648596483,4.78968876813249,5.53647548922006,0.252125345522446,0.17919394815606,189.189189189189,49.5292947479504,54.2798014949189,152.741510515221,19.5550097187325,FAIL
5.25090904216999,6.61829705050441,3.02849356371248,5.4867973014918,0.118047884293696,0.0591525438447158,184.324324324324,49.3045248054187,49.0967559275568,147.984555665323,19.5465153561579,PASS
4.81029532769634,8.39396800027802,4.99990124885296,5.09366122575222,0.165355037675829,0.0977941569330861,198.108108108108,50.3261879087731,58.8964835172347,144.257404777793,19.1136535583743,FAIL
5.01736774964515,8.08975091619792,4.1540501549049,5.52794378675633,0.138509946834977,0.0729835404165525,190.810810810811,49.9334557148638,53.6961567466272,154.222335590235,19.4155932674933,PASS
4.05264514638649,6.42611450172779,4.34754453935187,6.20818638414447,0.0279739827736426,-0.0249145237789755,176.216216216216,49.0589603682515,43.146583656722,168.526478944088,19.9042600156141,FAIL
5.71430346517766,7.91387829314194,3.46255353581512,5.54747223635224,0.179113614155174,0.110236123447037,188.108108108108,49.5226235877992,53.0905140589993,151.58137472424,19.539207401461,FAIL
5.03241547009194,7.6489784435949,4.00949238353754,5.12891801202736,0.155453054472647,0.0907197702830027,194.054054054054,49.9906624848033,55.9779620142592,142.378315179558,19.211196611861,FAIL
4.06182886507654,6.49251412724697,3.99434044811651,4.6074332506663,0.0686395806350418,0.0137931165979041,198.918918918919,50.2209063324459,56.8570921268071,128.094202430825,18.8428531811054,FAIL
5.7374335201226,7.06876269350924,3.84678870919552,4.50576700507433,0.268426724018229,0.198412695317254,197.837837837838,49.491974338755,60.9199791054546,121.748386443599,19.0014054149932,FAIL
4.81955740364934,7.78783491270113,3.85521025350018,4.94467206593534,0.13361637772143,0.0695676436752308,197.837837837838,50.2201901487633,58.3410838960718,138.033409854701,19.0493171577638,FAIL
5.75123964588408,8.10553202617776,3.64257757499322,5.26385658532652,0.210609126675581,0.138863455761171,192.162162162162,49.6938132901486,56.3664500125299,144.397314053372,19.361549543614,FAIL
4.47248463727571,8.27126805918941,3.33062314279303,5.75524904306517,0.0359346273088615,-0.0251252431670793,190.27027027027,50.1636276966162,52.1569783616385,161.363464715717,19.42017625777,FAIL
4.28024213350705,6.71298658345942,4.7245709266456,4.89499896757987,0.100634574665188,0.0431973579879017,195.135135135135,50.1030773582529,54.7191855828198,136.486724508926,19.052012322012,PASS
5.92156778847634,7.12846779288376,3.00908700427001,6.21135978722996,0.140229788872782,0.0774648927491695,176.216216216216,48.6306291193613,45.6054083213965,165.022489013084,20.0669815503145,PASS
5.69563308244522,7.48142205213461,3.95155205190265,4.66995930965732,0.259890024262647,0.18864296785826,197.567567567568,49.6554165761606,60.5618607895188,127.255079311573,19.0595495650252,FAIL
4.75929128714995,7.44705463336254,4.94169806738441,5.37732603886395,0.139650099265269,0.0771653628618058,190.540540540541,49.9042258338199,52.8894442096319,150.122358454568,19.3623639659817,PASS
5.62389927496574,8.19217699942457,4.6600696054863,5.48008591854319,0.230650600951547,0.159264690811524,190,49.6480496382675,54.6136351137012,151.63499883346,19.4917014525313,FAIL
5.53484765950749,6.42658296792707,3.69690380091237,4.92846411989895,0.20461698824267,0.141960103652661,189.72972972973,49.3028816467501,53.5001775790136,132.544076897496,19.2852689890322,FAIL
5.25916070037199,7.06239704324852,3.39994615896734,6.22554819278616,0.106218158256062,0.0469932073205133,177.027027027027,48.8816900864388,45.2042523537846,167.484909448742,19.9909680293579,PASS
5.43538091266048,7.06081621861429,4.89202350984008,5.68008699675917,0.196879326575138,0.133037070406997,183.243243243243,49.1764411059133,49.1932910646599,154.705058458223,19.7123770486875,FAIL
4.8647298571755,6.80980471027292,3.37796975095569,4.52158003109743,0.142140651852861,0.0816700242426806,199.459459459459,49.9279552983025,59.3898584140385,123.941527834195,18.877415750885,FAIL
5.69386777596477,6.96092226159,3.8036854498827,5.93370729390703,0.171643353751619,0.108910481151577,179.189189189189,48.8446715333158,46.9787934800325,159.081365319253,19.9003789425831,FAIL
5.70167789326657,7.2907134779437,4.42659579444454,6.27668936465075,0.179592272693761,0.115792368823356,176.486486486486,48.6519028941262,45.6901685660891,168.715312106284,20.1098548212284,FAIL
5.26269140045831,8.3734252733268,3.34774516243968,5.75617749412339,0.118253196958058,0.0516854222199666,188.648648648649,49.7845099189315,52.6381009626375,159.357866428912,19.5450958626108,PASS
5.36924862754652,6.73507434262072,3.29815134025518,4.78487781926396,0.176807816383658,0.113771679660796,193.783783783784,49.5922650680947,56.1759272818871,129.653089737072,19.1237027818489,FAIL
4.18528640844204,8.23464757510265,4.70658902366089,5.2142635587559,0.0645620369234993,0.00242430515908343,197.837837837838,50.581347201635,56.9464646479473,148.805294913934,19.0873945144576,FAIL
4.18413155562659,7.06442128351833,3.13492363298404,4.67609212873666,0.0433982364343088,-0.0129050102453212,200.540540540541,50.4103878428133,58.4116637933968,130.273608342299,18.8261214282329,FAIL
5.4460978610669,7.2214116711789,4.0402293439209,5.0404457261821,0.207461935953652,0.141280538707082,192.162162162162,49.6415934873796,55.4259030916056,137.852336399269,19.2669740404592,FAIL
5.44761913131251,8.13768683028994,3.35334081976955,5.29165829897267,0.160244241595212,0.0915400312352695,192.972972972973,49.8733743372109,56.1155077395434,145.950128117107,19.3161504845623,FAIL
4.80485192697003,7.44517727105122,3.34969835702948,5.33143298870735,0.093112110581471,0.0322946406516533,191.351351351351,49.9745930630944,53.2461290692974,147.557174857166,19.295725937342,FAIL
4.00916768503105,8.23088572884964,3.86331908347237,5.97275474181865,-0.00360624592073233,-0.0626647683170831,188.378378378378,50.1807779963774,50.2351288394751,168.439927892311,19.497997308749,FAIL
4.2005931010887,6.56790249454406,4.56507836706558,6.34647091491152,0.0408679121448317,-0.0130022987712011,174.864864864865,48.9159125626249,42.7841081553565,172.057268040536,20.0112875407039,FAIL
4.45864177561874,7.30498057537716,3.41439964799792,4.71377992604043,0.0842255237988829,0.0248771334961594,200.27027027027,50.3277509343315,59.009641747246,131.318605365363,18.8815511665476,FAIL
4.17189775621758,8.38582501542961,3.88163642999613,5.00811559546781,0.045077915938015,-0.0166160115979443,201.351351351351,50.7307986624323,59.5883996867222,142.504514983117,18.9320878694058,FAIL
5.45885470949202,7.17228570263099,4.17614372068308,6.05511372636611,0.158878181305961,0.0964931548446023,179.189189189189,48.9393924437465,46.7622442290132,163.698318335598,19.9273658164429,PASS
5.42271750728017,8.2941811553499,4.52010772755944,4.84938110080291,0.24722671135712,0.174526132776347,199.189189189189,50.0115490168081,61.423001311166,134.873520059449,19.0692387240577,FAIL
5.00136403408514,6.99560264968545,4.72504156339029,5.82652364816134,0.139783600667567,0.0793820139643786,182.162162162162,49.2533141988878,47.7670781145586,159.385917581784,19.738921527076,PASS
5.37363968205417,6.63229483982366,4.21999854634297,5.22492639984131,0.193001850778179,0.130815662377641,187.297297297297,49.3362853642988,51.4698940954305,141.633789038801,19.4390596811378,FAIL
4.81050287800766,6.78381607446353,4.66107198854271,6.39061616289491,0.0979401767690581,0.0410050858451408,174.324324324324,48.6975548756106,43.2946309479482,172.389461199495,20.1164647382453,PASS
5.8049182683164,7.60119679753857,3.84815196459662,4.51668832033858,0.280865399392961,0.207169928250451,199.72972972973,49.6086898261154,62.9775680856316,122.665269163447,18.9758926434702,FAIL
4.09849077895554,7.43995263885902,3.96470553026627,4.52554894395995,0.0662848872663134,0.00777889356143535,204.594594594595,50.5686334500409,61.7550510019912,127.423455433354,18.7149859276608,FAIL
4.92076196886473,6.45239085214964,4.53788606336381,5.36389895045692,0.148177208098824,0.0896294672658067,185.405405405405,49.3873198432243,49.5100466109503,146.198637033824,19.4849525684966,PASS
5.9231201901047,7.53420066659483,4.74629165758484,5.64602981380883,0.249142220666377,0.179481480656757,184.594594594595,49.1518123667024,51.1234967414616,153.487807174853,19.7134405367796,FAIL
4.95293607608699,7.58630386025226,4.87513744517459,4.52527189210787,0.217080317775726,0.150427014214167,202.432432432432,50.1011722276538,62.6109866289067,126.096523581823,18.8639393426792,FAIL
4.56221923197589,6.55136939390524,4.33854777698537,5.7560501991241,0.089799279490744,0.033685840193914,181.621621621622,49.3242096159551,46.7033428098551,157.15758667209,19.6646021881201,FAIL
4.18671728571775,7.73784177720086,3.21676801590748,5.76643698667273,0.00717652466093721,-0.0503232039973452,188.648648648649,50.1188001569054,50.3570289033255,160.988906836477,19.4261897837503,FAIL
4.34355418393508,7.01678306470753,3.67993031501186,6.19733487875093,0.0350989699416249,-0.0203018556960545,179.189189189189,49.3059023601635,45.0850712339022,169.430685192729,19.833966400535,FAIL
4.44189070908646,8.03013572305239,4.14086913328915,5.67546424655954,0.0651685504358716,0.00380992264526525,190.27027027027,50.1166852767949,52.106530639849,159.615612384094,19.4149550066701,FAIL
5.33064422287158,6.73514292704405,3.9126831747035,5.21972893352932,0.177623395131947,0.115548495777434,188.108108108108,49.4222466127227,51.8766651827338,141.72689277246,19.4073106972036,FAIL
4.23499767800671,6.93124467811919,4.49369041730211,5.7182410938606,0.0572622175897823,0.000713586737274619,184.864864864865,49.7144212176999,48.2010425151999,158.484290676872,19.5388379692586,FAIL
4.66929576946201,7.10063110861669,3.95040258820192,5.22904255546173,0.108096315211028,0.0484411509040689,191.351351351351,49.9368416839046,52.9737788523576,144.856459248543,19.2637788603175,PASS
5.45840209482535,7.38233456704614,3.11617901006425,6.46683544419527,0.100589554343225,0.0400748591529877,175.405405405405,48.7258714604904,44.6469972897565,173.362397263381,20.130130132118,PASS
4.14516223247597,7.18873354998327,4.48190931238242,5.88967108169571,0.0395507852201704,-0.017315189029674,184.054054054054,49.7319552608524,47.7378911554152,163.753715369445,19.6032613628336,FAIL
4.02363852075041,7.48899163556021,3.79850599535725,5.11823585096784,0.0287147888943469,-0.0288499723418559,196.486486486486,50.4898008123554,55.2640700357171,144.215876840846,19.0447444763798,FAIL
4.971242092811,8.39706415458129,4.91111484791304,6.13199161211154,0.128128290436095,0.0625545222931184,184.594594594595,49.575259126164,49.7742969088639,171.397058438016,19.7768935150036,PASS
5.93364317225996,7.0788682910649,4.76600761793164,5.24638516168633,0.273574084339745,0.204396302606643,187.567567567568,49.2007820172678,53.0540637336972,141.942971329708,19.5103919277373,FAIL
4.36946207194352,6.90691483627438,4.16144157948401,5.43809511704152,0.0740392260573502,0.0168953337255597,188.378378378378,49.8662429790501,50.3801054531096,150.751541944843,19.3731310544704,FAIL
5.46203382356787,8.04763493162393,4.58481635938981,5.20983789660715,0.225901145198693,0.155494376792911,193.513513513514,49.8268979118525,56.672967390078,144.49184732918,19.3109764248151,FAIL
4.29115544394611,6.70791534553567,3.72274740508073,5.48784843078021,0.0539758506675739,-0.00137130190718637,186.756756756757,49.7979457502056,49.2346041369075,151.316438265603,19.4012502629198,FAIL
4.99056220077251,7.25745595141374,3.17365478026238,6.03433465392352,0.0791412302353017,0.0201898982090326,181.081081081081,49.3024002925249,47.0317269043943,164.23882848991,19.784651272722,FAIL
5.01279189119341,8.2585777770021,4.10564434591896,4.94827418979931,0.168546169220475,0.100627979844395,199.189189189189,50.234898554219,60.039550010985,138.55730794975,19.0523820135336,FAIL
5.37427614366606,6.96334613240649,4.72695851273089,5.05578633718777,0.22287851725008,0.157812403816344,191.081081081081,49.5457867867819,54.3198781933176,138.341228012147,19.3085290186203,FAIL
5.28420880049082,7.43973826111499,4.43153756090899,5.47847542196387,0.179619425446498,0.114683966311662,187.837837837838,49.5763517531653,52.0734487951214,150.783892909302,19.501437966571,FAIL
4.45186930131913,7.22375842856436,3.55718146949288,5.17672767761784,0.0713482463857658,0.0128874842428975,193.243243243243,50.1464366173241,53.8400217916901,144.034484424523,19.1703504742899,FAIL
5.38416504963958,7.85007609508981,4.18108516550147,4.63103456413404,0.240062900516917,0.16943073706467,200.540540540541,49.9359810333035,62.3969598514536,127.805960846942,18.9618720881943,FAIL
4.47607588729305,6.68003420780108,4.60725966619524,6.10863602132958,0.0742625311783766,0.0184374107992402,178.108108108108,49.0962255255401,44.6790746616024,166.428120743448,19.878807357724,FAIL
5.34276361278256,7.23634617169677,3.72024307218422,4.72724775000319,0.201342214295322,0.135154362929173,197.027027027027,49.7877536205776,58.8255342217716,129.353872874382,19.050278408695,FAIL
4.17813749535958,6.77779471548568,4.83689635312981,6.05025181899741,0.0487910200079821,-0.00670674164402363,179.72972972973,49.3368284901522,45.327701933325,166.365961623623,19.7814474955389,FAIL
5.69774134179628,8.39293978213406,4.49704842998104,4.60356558246417,0.305425498300353,0.228164633778745,201.621621621622,49.8574948870895,64.9093650806062,127.011154572077,18.9653760309527,FAIL
4.04096172150487,8.01874355301336,4.3709136043174,6.34703895716236,0.00510883202045864,-0.0534187578566221,182.432432432432,49.7114742755169,46.9972588235706,177.565092539872,19.7812272927637,FAIL
5.68276619273106,7.55914200387545,4.53646264475115,6.21641638269735,0.185516722348153,0.12012924487857,178.378378378378,48.8304449656558,46.887989609007,168.331513669651,20.0356338767157,FAIL
4.78905945939802,6.63966232437822,3.88853759925924,4.93916024685136,0.134432778286585,0.0754932509828238,192.702702702703,49.8064050528644,54.0718864548651,135.61576089368,19.1502945186848,PASS
4.2397977580116,6.53515029805864,3.99741835890616,5.25927637370299,0.0651270649543639,0.009975918121366,189.189189189189,49.8797802780929,50.5442495455171,145.277246470676,19.2757855686255,FAIL
4.33134013966926,8.00445838225471,3.00216779468952,5.52280253227214,0.0163321562482528,-0.0428557481016195,192.702702702703,50.3268833563554,53.2577853546435,154.736010551785,19.2675040839453,FAIL
4.56551193229337,7.01150225594007,4.30278549765697,5.41385603051191,0.0997746004124418,0.0410136204518859,188.648648648649,49.8216994500262,51.0002607763079,150.006645950647,19.3829240676278,PASS
5.24676958928806,7.17648004894991,3.55653603773362,4.79336812914067,0.177784395856012,0.113154878693794,196.216216216216,49.8187434011561,57.8106512686761,131.262583589895,19.0747117618877,FAIL
5.033775766368,7.43767106292509,4.10083033401849,5.4369634614617,0.142949572533034,0.0799453372009237,189.189189189189,49.7487522448938,52.3596306779171,150.224003763748,19.424112489917,PASS
5.28240957206648,7.16614601297013,3.4111457356496,4.57613075872245,0.187286124409452,0.12186139175927,198.918918918919,49.8139968792589,60.3108041406565,124.95483300301,18.9484465238934,FAIL
5.79792276411094,6.5017649814423,3.58404877649481,4.6248535848687,0.245847745418238,0.179528935136868,193.513513513514,49.2576967220015,57.1115738228619,123.6977962302,19.1286860720551,FAIL
4.18918755464439,8.31659202072547,4.06021560692841,6.21069522840461,0.0149976883085711,-0.0450098940693698,185.405405405405,49.9039147633853,48.7829489281054,174.454091721888,19.6762944317814,FAIL
5.23461670573085,7.93115867211141,3.18267583692681,5.31459805017422,0.127278081848949,0.0615924547846236,192.432432432432,49.927302933343,55.1459791643282,146.71921429937,19.3065239456194,FAIL
5.95190260078532,6.45799592970779,3.25597685904236,4.56337346168584,0.244794527247161,0.177536261610605,193.783783783784,49.1648281365116,57.6591700201436,121.314260967,19.1109908762961,FAIL
4.44960552452821,6.67301139981753,4.52163886842829,4.59425804811917,0.132128960209389,0.0736983863630098,198.918918918919,50.075980093354,57.8861805517447,127.525546732255,18.8943026051027,FAIL
4.42046476903628,8.34981733913774,3.53770896553982,5.27200427157918,0.0540451907573399,-0.00822515417267866,197.027027027027,50.4964853972802,56.7656477169625,148.899301957728,19.1213214003064,FAIL
4.12113336303871,6.8117882971994,4.68767389434299,5.73442213968573,0.0490599373535622,-0.00676202495626965,184.324324324324,49.6876523783756,47.6641812942936,158.906265816778,19.5512544643112,FAIL
5.46652126095789,6.68105059512518,4.97180434427686,5.84352436924672,0.191206904935532,0.129628600222474,179.189189189189,48.8285184402937,46.709199722212,157.391685055197,19.8784256344337,FAIL
5.78431593783139,6.88898031623635,4.23256536730809,5.34980997696513,0.228840837395712,0.162934959234428,185.675675675676,49.1660902537383,51.3885351074243,144.289260325757,19.5580890145148,FAIL
4.77232287783935,8.19789420227243,4.68893307938443,5.59052082432805,0.123747445119521,0.0589111185820871,191.081081081081,50.0398734080777,53.4511368796776,157.33484923344,19.4172757240963,PASS
5.59811333540437,6.59171236875959,3.68696490432861,5.58084720809016,0.174625677361157,0.113174288132039,181.891891891892,48.9950733184572,48.3551430627986,149.528112744191,19.6951610189403,FAIL
4.88913485347906,6.59685939963873,4.22454683388522,5.78867220821483,0.117793144429418,0.0602085555225436,180.810810810811,49.1638017155079,46.6805574010582,157.108535773244,19.7317192680849,PASS
5.16069614591455,7.26872824297656,4.35601303797558,4.88160780437629,0.198211898354602,0.133051671230312,195.405405405405,49.8562166400193,57.2066196661578,134.677855102253,19.1263493186527,FAIL
5.81265184677614,8.37363209264533,4.88742179863999,5.14073328721603,0.289765040055163,0.213841023364874,194.324324324324,49.7376593855926,58.5809076333157,142.262944177234,19.3072595718078,FAIL
4.15625383461354,6.42608722926107,4.43063887189603,6.3000826885748,0.0371186620662438,-0.0159929423959206,174.864864864865,48.9061665303884,42.6077582824397,170.412566880461,19.9892006488021,FAIL
5.26123876603328,6.94177981159538,3.38125235559118,6.46544713719298,0.0983184936824786,0.0404278009638391,173.783783783784,48.5812788461249,43.34553032265,172.526261595598,20.1691275275592,PASS
4.82056796578706,7.64232724807531,4.85098323026713,5.76391908085021,0.125927103438088,0.0633617020704027,186.216216216216,49.6818288358713,50.2837509875908,160.437548363605,19.5946553004335,PASS
4.30726278709083,6.86351761928075,4.87729299643737,5.48496912393029,0.0817285126697616,0.0243078914056655,187.567567567568,49.8132771426245,49.8507309702155,152.494568070583,19.4185526619414,FAIL
4.97081949369017,7.46824074624603,4.79618242147988,5.46617066754744,0.156291547323105,0.0928159412453764,188.918918918919,49.7501939896246,52.2187605829411,151.775427959874,19.4479289162645,PASS
4.14602726637758,7.93003184528067,3.96603929739592,4.83744866694187,0.0552979077474336,-0.00497884914200042,202.162162162162,50.6606816547864,59.8853085806555,137.069028674157,18.8655975309151,FAIL
4.5875142812358,6.94918369590035,3.58455661917233,6.3824607560117,0.0507673605389355,-0.00476641564787927,175.945945945946,48.972635829096,43.754084457502,172.765039668863,20.0056142203279,FAIL
4.81749908815531,7.23492339039705,3.93174661021524,5.12568191916461,0.12836006479046,0.0670108307462,192.972972972973,49.9611557505856,54.4749810186692,141.978163251458,19.2103694135061,PASS
5.72273602790575,7.51222250638882,4.10595634268593,4.66043226973051,0.272400458846923,0.200469238353887,197.567567567568,49.6446122335081,60.8104847195115,127.055331768964,19.0595684457582,FAIL
4.70580183490263,7.06768421234151,4.68180439323324,5.10721184360567,0.140409680015949,0.0795175250419029,192.702702702703,49.9343726480982,54.0460328967739,141.935182738668,19.2172139235928,PASS
4.66691362038922,7.99757587800136,4.20102488962783,4.69688812754906,0.141781397335107,0.0770071502577443,202.702702702703,50.3971722059797,61.948421155682,132.015014379116,18.8709916083673,FAIL
5.4908770424526,7.09230903258603,3.54061628169469,4.97707601476066,0.191543903401267,0.12609142991172,192.432432432432,49.6077738135027,55.5794516648779,135.402865170994,19.2336445770781,FAIL
5.69287187578948,7.53128048111548,3.46673685016898,5.04555072830729,0.205315638432619,0.136295051048444,192.972972972973,49.6340557824805,56.5430446701607,137.459260399344,19.2654379673337,FAIL
5.78211750637351,7.42518339143093,4.61356396113507,6.30759539333943,0.192077084395626,0.127054257542015,176.486486486486,48.6289565349775,45.9099705884681,169.762298521131,20.1329156125794,FAIL
5.40004785373438,7.38359342253127,3.82250770385059,5.48602881952927,0.16787050673665,0.103191308861919,187.297297297297,49.5150706550418,51.8208998199352,150.036564875276,19.5132886500608,FAIL
5.13374453564837,8.04688568681245,4.02656580943525,4.90958542109821,0.182192506483215,0.114160926931728,198.378378378378,50.1193096348131,59.7506409003877,136.699624547943,19.0642234415801,FAIL
4.97605382003756,6.47135717548487,3.0617105660769,5.68028474666094,0.0904474853326585,0.0342430720491663,181.621621621622,49.2216644260552,47.0145027446256,153.140823398934,19.6462972902243,FAIL
4.41502925826949,7.6153150997065,3.20305187361229,4.97645064417759,0.0561818672786905,-0.00331509528780127,198.108108108108,50.4039690852709,57.2431924035896,139.160416820307,18.9964037024554,FAIL
5.67385011089459,8.22854052346566,3.22921596211604,4.85083842016885,0.202878465984022,0.129851311242551,198.108108108108,49.8846192414948,61.1852428593327,133.027164974768,19.0843052975377,FAIL
5.85507079250227,8.17985715207757,4.96744589324741,5.88721836148885,0.240667100071503,0.169057812283907,184.594594594595,49.2401876928605,51.1908571935361,161.706261129501,19.7939079917057,FAIL
5.46227826178215,8.26837358325665,4.43523503603743,5.45280580349214,0.205539903736059,0.135255732384793,191.351351351351,49.782054667584,55.0620011020053,151.408324686901,19.4355183013477,FAIL
5.17867469131138,7.82767702270405,3.22269813277654,6.1296574093502,0.0913959319754124,0.029173728931183,182.162162162162,49.3581654396159,48.1205678234832,167.663060808053,19.8140460139691,FAIL
4.96464987487957,7.76710976196817,4.78700170141774,5.88348124306562,0.135080396227464,0.0715725457963123,185.135135135135,49.5627417811834,49.7707383540425,163.326710206683,19.6802062339495,PASS
4.01929822317723,7.00515248508088,4.09491619181071,5.73653938699066,0.0240231035727966,-0.0314492307405326,185.675675675676,49.8594563735075,48.2450432204977,159.351402486425,19.4921587598415,FAIL
5.07004108759008,6.44274057287834,4.07264054217253,4.53715662917255,0.196293998462495,0.135134151834526,196.756756756757,49.6357225184549,57.7162378679803,123.504089522837,18.9742711755809,FAIL
5.64474907371008,7.90250973405545,3.94175056569376,6.04055256369567,0.170251968266733,0.103406582080117,182.162162162162,49.1753421257903,49.1137058181422,164.735880065377,19.8548165782461,FAIL
5.15818688370481,7.03878166935504,3.7285882520748,4.83453039160555,0.173885380345964,0.110504453239652,195.135135135135,49.8056437136254,56.8071608788805,132.504540747023,19.1024661246052,FAIL
4.73179283327032,8.12263965385476,3.08925805639998,6.42406374301193,0.0343313845907306,-0.025602183836926,180.810810810811,49.4311545079149,46.8597045360627,176.776009616745,19.8881213901461,FAIL
4.03512902374333,7.37572921843212,3.76395029621775,5.87311769844556,0.00990446011307899,-0.0463335322088495,185.675675675676,49.9256023056713,48.3972575326243,163.526667424391,19.5274764952214,FAIL
5.11470416044739,8.17691627985945,4.13885386118392,5.91427440960482,0.130373396481016,0.0650656309110356,186.216216216216,49.6392325169141,50.778859162482,164.169020009896,19.6630753608354,PASS
5.01297930352851,7.6952799860422,3.38873569192,5.45065586496973,0.110194284071728,0.0472333863669678,190.27027027027,49.884109029339,53.0656352379965,150.695299265725,19.3808138047915,PASS
4.19830124088909,8.30212442671314,3.73497921789099,6.21367812112825,0.00736578996620108,-0.052172767029958,185.135135135135,49.9098425434888,48.709267718397,174.108456380086,19.6699674748671,FAIL
5.95819219007562,7.01434181304968,4.67553913940745,4.59228437872571,0.326811907122553,0.254443249909883,195.675675675676,49.329977980698,59.7168299400512,123.922741389643,19.1133268709649,FAIL
5.73698081834752,7.07123760475729,3.6025980558792,6.29067867605465,0.151534172281953,0.0896533981184591,175.405405405405,48.5719252196878,44.9121652038618,167.615557546038,20.1233246471732,PASS
5.0388007914288,6.92107702982725,4.88179851043613,6.11547807648659,0.134765218644436,0.0752117162110627,178.108108108108,48.9269217574922,45.5127548310528,166.054161096194,19.9537977349847,PASS
4.20201505885057,8.37180871837842,3.23171387736118,5.54773661997408,0.00684120313200054,-0.0532568562523955,194.054054054054,50.4797328061688,54.1780474714424,156.613224808522,19.2367298156869,FAIL
4.20649200441881,6.57228134207943,4.11509228571722,6.33661693682572,0.033708973559834,-0.0197249232713594,175.135135135135,48.9543813185111,42.839507830468,171.533323289949,19.9875646242929,FAIL
4.12237058601258,8.15902685742442,3.98299224610845,5.18282502746124,0.0375334364335526,-0.0230544021696503,198.108108108108,50.6249232149977,56.9672474824072,147.243035954231,19.04659633763,FAIL
5.6464030248599,8.29343181871425,4.29904821965161,6.45562362237242,0.165740990528776,0.0983174943267047,178.918918918919,48.9305513695656,47.3598064270818,176.234257763559,20.0925073960583,FAIL
5.01152693677295,8.20911853380132,4.08914570276919,6.13857845067902,0.108082925361976,0.0440437392926467,183.783783783784,49.5188469012455,49.1684460585727,170.174676003622,19.7826393731453,PASS
5.74395986767484,8.04237587517221,4.56131965516119,6.26643550167871,0.192480824540148,0.124514893142227,179.72972972973,48.9489017600256,47.9616700416941,170.829500160466,20.0224652757188,FAIL
4.06314109647014,8.36425992584916,4.75657762597522,5.79555128174038,0.0273024864261203,-0.0338795180499983,190.810810810811,50.3110900501397,52.0713736501354,165.068887287163,19.4102991540674,FAIL
5.41301639267259,8.297489262277,3.86418718118912,6.3223966271694,0.132592518588206,0.0666522744181961,181.081081081081,49.198263587562,48.1991150673197,173.433975935585,19.9511107235468,PASS
5.9663198049353,7.28195601155586,3.49951484589943,5.75899216237608,0.1909913341108,0.124404462817769,182.162162162162,49.0099090232581,49.3595731768699,154.670220618395,19.7815304577377,FAIL
5.19681816172754,6.4201343076002,4.07285350338567,5.53869032368602,0.153879313659122,0.0950212855441125,182.432432432432,49.1213713646201,48.0129024941142,149.380417161987,19.6362317875087,PASS
5.84409333221497,6.75129470591226,4.19392634184696,4.51203636183301,0.294715713660013,0.225152605612604,196.216216216216,49.3084562267504,59.5442493530118,121.258463085965,19.0594313514884,FAIL
5.61796739812099,7.57211269547933,3.56622550416135,4.96177111184513,0.208945131780701,0.139842601759509,194.324324324324,49.7068563217403,57.5586308759001,135.535624342444,19.2021327425787,FAIL
4.1935562569991,7.46362988444711,3.27527189177811,6.03457872271757,0.00739292350883625,-0.0488141632610744,183.783783783784,49.7715452264448,47.5052941144701,166.981634958551,19.6290832019394,FAIL
4.09274669669339,6.42473110346169,4.64962221063301,6.16937937718296,0.0376137215286272,-0.015779580852808,176.486486486486,49.0624007259122,43.4036718625227,167.754540223698,19.8954202014203,FAIL
4.3489630133734,7.97643789491621,3.61465778254765,6.36304130309571,0.0194240518679353,-0.0391558644278773,181.621621621622,49.5795948839387,46.8033878865555,176.368540482344,19.8219899766336,FAIL
5.76153794377188,6.80980677891248,4.07869744227332,5.96037215054082,0.186369693317899,0.12380171793121,177.837837837838,48.6972025184204,46.3272570874781,159.157623547323,19.9598518462703,FAIL
5.60117772962333,8.0999277195635,3.94161165639893,6.22876801530595,0.157669414478739,0.0909496946489373,181.081081081081,49.1095247834138,48.33256864314,170.049338990368,19.9468855582602,PASS
5.26849137484607,6.84158899016812,3.28027533672204,4.78982397712842,0.165287600511026,0.102532550641222,194.594594594595,49.6954511788766,56.5234820786537,130.285658219197,19.0990654821979,FAIL
5.54818454070069,7.40217986869321,3.66175166317251,6.16134156904977,0.143432434997857,0.0804435563014106,178.918918918919,48.9316580689435,46.7303502056392,166.333437297048,19.9646261768465,PASS
5.46053755404202,6.47002859706778,4.59467319028578,6.01420756766346,0.171672195498365,0.112186615788517,175.945945945946,48.5791513241166,44.8117149896464,160.432039196207,20.0127112656506,FAIL
5.38651286087582,7.39973394650762,3.38953449546937,5.82959526618645,0.130923117898221,0.0680941569872465,183.243243243243,49.3137072474084,49.0678371376673,158.556416510218,19.7118191879577,PASS
4.32751072676503,7.17761165056318,3.30619096337832,4.60544480325315,0.0693298129335678,0.0113641536842808,201.621621621622,50.3712316674098,59.7456049051367,128.268311043317,18.8038728369538,FAIL
5.38465707109644,6.53669997024084,4.14203073434382,6.39946431975835,0.136713410944882,0.0790439636515761,171.891891891892,48.3016086955634,42.5703346409121,169.445007473086,20.2402090918391,PASS
4.21766055711026,7.5327191134903,3.26419119554838,4.72250864428985,0.0457125858703981,-0.0126475865582603,201.891891891892,50.538741787757,59.7195411596999,132.392801780108,18.8234336827454,FAIL
5.60673444675196,8.19108352696592,3.5802091547994,5.63113015296104,0.171174575845424,0.101989960495444,188.378378378378,49.6126370006148,53.2255949377568,154.801244662428,19.5507309534151,FAIL
4.03965844250575,7.00972633340559,4.81820959539636,5.68711027573367,0.0416319934965983,-0.0148518244793516,185.945945945946,49.8634365064282,48.6714164106408,158.668939904071,19.4850883857501,FAIL
5.16308442320228,8.13436855640794,4.66857793045049,4.78893938893711,0.22208927653376,0.152160121212267,200.27027027027,50.1282161798489,61.4942720762512,133.810783571182,19.0062456983674,FAIL
4.10610200874958,8.15504827162467,3.83961393819014,4.79450103552907,0.0449773952596635,-0.0156523251768774,203.783783783784,50.7551454491202,61.1890638508291,136.151243757152,18.8139544917037,FAIL
4.45113067725187,7.01482296960212,4.5265234878509,5.1271158109939,0.104766958478425,0.0457830292883452,192.972972972973,50.0473512407774,53.594561485329,142.93072739567,19.1885941374133,PASS
4.04069775045101,8.06009225716323,4.98354968865919,6.45854821557618,0.012761898655423,-0.0464090631542053,181.351351351351,49.5857491562331,46.4068976974792,180.983830815071,19.8685899563383,FAIL
5.21071933729493,7.55806068746808,3.71901022214062,6.24452838885155,0.111869978771654,0.0503016476455077,179.189189189189,49.0905956900459,46.5680751499902,169.935386860159,19.9451663207116,PASS
5.64788087134666,6.95160896599105,3.94999924559169,4.63370970527459,0.252478326317109,0.184444014012433,195.945945945946,49.5080875454284,58.8602447361945,125.465085506171,19.0760569919514,FAIL
4.02259201053534,8.07986573442315,3.1941629761641,5.50892993663947,-0.0100835660007444,-0.0682654174057873,193.783783783784,50.5050845338337,53.5588988199069,155.334270068704,19.207277303377,FAIL
5.67010770658761,7.70603818524563,4.24019654842778,5.85155586222167,0.193648661582108,0.126432890549174,183.513513513514,49.2220660354655,49.9576572708586,159.638692851736,19.7691436253305,FAIL
5.6584816729123,7.27672263152109,3.1084425996053,4.94171959181778,0.184700242363071,0.117402590968972,193.243243243243,49.6124036804845,56.6635662526911,134.028822553185,19.2088054872792,FAIL
5.76331556691443,7.52951265734575,3.38561019040594,4.65621738535553,0.234208914927734,0.162762217232272,197.837837837838,49.6468158439693,60.910529278871,126.360976239494,19.0439287993651,FAIL
4.37964756020243,8.33072305550929,3.75811409631659,5.96323704661252,0.0344715235966199,-0.0265441363906258,188.108108108108,50.0475699102978,50.6763906188729,167.520226798527,19.5418184396232,FAIL
4.24475908926964,7.62272483109871,3.47431595464606,6.06156816112337,0.0160066646113345,-0.0412416302336605,184.054054054054,49.7756878372551,47.8144285264902,168.16596648251,19.6449015419203,FAIL
4.61608264826129,6.98603174465076,4.77250998505824,5.15667319702237,0.129578828862739,0.0695703279602021,191.891891891892,49.9242755848633,53.2547386762381,143.367210542811,19.244088836247,PASS
4.26258825591547,7.45606160652009,3.42644116861518,6.31143082401215,0.012668254803552,-0.043501857687945,180,49.4600445393823,45.6277279787898,173.564937904434,19.8278683541212,FAIL
4.8454013244877,7.37363342293427,3.16158581634104,6.42554618313131,0.0539679385752811,-0.00367219583570488,177.297297297297,49.0531512908696,44.7636245682091,174.267000511812,20.0014379445835,FAIL
4.95856628937408,6.74330188233181,3.11800131202659,6.1141304927146,0.0756751182368645,0.0194168578516585,177.567567567568,49.0004841998068,44.8694193150006,164.506098137004,19.896188039135,FAIL
4.02306751745204,6.79505795225273,4.42232556308356,5.50345308948486,0.0401930977790395,-0.0152317439801106,187.567567567568,49.9255229151759,49.382977292222,153.105727126148,19.3777829398653,FAIL
5.64834614867576,6.73397124602817,4.68990445384145,5.09783670067992,0.247138179338431,0.18149055208475,188.648648648649,49.2794911540244,53.1089129601479,138.012744828972,19.4047289235412,FAIL
5.16622165096001,8.344275834338,4.71861920018078,5.9425596304857,0.153977789711955,0.0870107547619421,186.216216216216,49.6235246256752,51.0864520776143,165.658189153944,19.6898361980981,PASS
5.34382907795991,7.99795269392087,4.60903723224253,5.19989199375935,0.21281612933852,0.143560625062569,193.783783783784,49.8812424519847,56.5753773729963,144.518439182926,19.2902078921639,FAIL
4.04357164331308,7.51240527348285,3.47508002321703,5.22696865638957,0.0172967089139155,-0.0398558884065071,195.135135135135,50.4452254519864,54.2802580925564,146.879516201963,19.1019086938562,FAIL
4.84502648217467,7.6697342722408,4.69379911685106,6.24287564285049,0.104723901238925,0.0434039510491183,180.540540540541,49.263541864523,46.8727907042563,172.168537443731,19.9022806850663,PASS
5.89662233655921,8.18367514577321,3.23406795590528,5.93384078705033,0.163410674832583,0.0938769432698379,184.054054054054,49.2727313425834,50.7760150927968,161.347355826655,19.7748318891391,FAIL
5.28689956971578,6.53784265404713,4.55210564748183,5.12679872911164,0.200433163233537,0.138588052662023,188.378378378378,49.3749957471869,52.0038892203879,139.272769765157,19.382147520953,FAIL
4.7131007658179,6.64251830736236,3.51394681058938,5.2858550874874,0.0974859792357698,0.040256579309738,188.378378378378,49.6898211822177,50.7905952430156,144.737038583044,19.3435653314658,PASS
5.95306615391011,7.06481668305419,4.11458175117891,6.03977107108223,0.201853962224862,0.137044362893808,177.837837837838,48.6538384164636,46.6276829001605,161.298341157034,20.0124334441999,FAIL
5.10159945705695,6.97619455703251,3.96538001766159,5.83088422715754,0.127855647622951,0.0678866519641486,181.891891891892,49.2325424527606,47.6622048261101,158.611146362898,19.7365247927329,PASS
5.90258539292069,8.21572263095521,4.69676080209302,6.03191402584602,0.227706029759675,0.156539052247549,182.972972972973,49.1255569521187,50.1848585625759,165.077011685911,19.8830085811643,FAIL
4.26592205981809,7.72237871348619,4.19161960411075,5.36288917240293,0.059199242829153,-0.000697626730224221,193.513513513514,50.3054928877776,53.8093774191664,151.132765296913,19.2235971409128,FAIL
5.44905206815362,8.32146440267307,3.12346878067937,5.04788065004215,0.159040508708961,0.0888353136006095,196.756756756757,50.013170525339,59.2311625479767,139.326665211934,19.1509835839169,FAIL
5.13424952618791,7.94670097345275,3.45723081881961,5.4932115718742,0.123362982758131,0.0585073249290683,190.540540540541,49.8774502224103,53.5422464233737,152.048230476834,19.4057812879522,PASS
4.42657467328837,8.34524836695033,3.59359268755857,5.87183853648263,0.0367406299910122,-0.0245113822560603,189.189189189189,50.1109889122261,51.4367493040701,164.926016773614,19.4862444273544,FAIL
4.74179930805462,7.17219640657525,3.76042629552211,5.61060138196908,0.093444110519347,0.0342142661665165,186.486486486486,49.6900321980089,49.9260603749023,154.612866042461,19.5026408876482,FAIL
4.65897158447658,6.91063160953462,4.73093170286292,4.65193760785444,0.161630270089551,0.100691584166356,198.648648648649,50.0418935879383,58.2568669956119,129.219330312173,18.9459525030458,FAIL
5.73051545666012,8.07303086046547,3.93451611860673,6.04307054199733,0.178683777696258,0.110437683932321,182.702702702703,49.1928089353073,49.6170636961703,164.95253541104,19.8523995874573,FAIL
5.52052058486285,6.74533281100018,4.92751023076639,6.2611766227966,0.175160407085245,0.11452880051367,174.324324324324,48.4489509818955,44.1150400330844,167.222458722973,20.162949254987,FAIL
5.20281928092854,6.44329593413254,3.36358960880288,5.09766906468802,0.147759463357585,0.0883049457401132,188.648648648649,49.4421671623654,51.8435603490598,137.840358035853,19.3239991509908,PASS
5.08657089787563,7.8116342646703,3.06971025854635,5.23208546998075,0.109802208451219,0.0456838098882724,193.513513513514,50.0134587307704,55.4946088340238,144.619372505763,19.2389568750471,FAIL
5.1452500881964,7.07197432599368,3.50320470613199,5.62793627245157,0.122985905720917,0.0623202803761149,184.864864864865,49.4426318989173,49.5263044846032,153.413953397493,19.5840129455616,PASS
5.61289955842522,8.26193807398148,4.66975460395442,6.31212135313919,0.181738951257231,0.113663142200376,180.540540540541,49.0497485042239,48.2437394077884,173.118454216969,20.0088829642298,FAIL
5.14990472745859,8.29356897015671,3.08231941563877,5.94405063058789,0.0859137125471408,0.0215317975498658,186.486486486486,49.7007461562929,50.8524425970382,164.150334107345,19.6389990862928,FAIL
5.26945362338427,6.79659598828778,4.41390050229629,6.27728030580277,0.13871644128364,0.0796308222300492,174.864864864865,48.6153640408936,44.1061100359518,168.300271926295,20.1057962248279,PASS
4.14466862466008,8.28049217742412,4.24980308285114,5.13049190384084,0.0495190541811913,-0.012043952531873,199.459459459459,50.6645698833992,57.9290451075939,146.211986639949,19.0163330719229,FAIL
5.1223942914933,6.57216635616625,3.4930332799125,5.19535619460519,0.140943639476472,0.0814750696906937,188.108108108108,49.4960260554902,51.4255209719762,141.031031538197,19.3620654008589,PASS
5.72917570319264,6.59873644765118,4.47660547498006,5.06429944276822,0.249105665245162,0.183702420966117,188.108108108108,49.1934278997076,52.9235768102507,136.406830774894,19.406558274115,FAIL
4.24049710900056,8.06847894637114,4.52847882813826,6.03138499429635,0.0392703892635919,-0.0210268863445532,186.216216216216,49.9273684077868,49.397198297079,169.700670086086,19.6118806213298,FAIL
4.18959655445024,7.8214992223076,3.92629541574948,4.68840523823297,0.0670596236378771,0.00680162804686746,203.513513513514,50.6278654761358,61.2479247357835,132.48689548266,18.7938263052981,FAIL
5.16921868681411,8.04165274450552,3.29103003573355,6.23387638365864,0.0890921012463742,0.0262466008656793,181.891891891892,49.3447516250124,48.0121900849053,170.870550052934,19.8584919162836,FAIL
5.93924023285093,6.59122463233213,3.77585865613898,6.03885696390776,0.185221741746056,0.123464086187809,175.405405405405,48.4397650970938,45.1004768033684,159.475104129153,20.0621657344224,FAIL
4.58984023757066,8.15175668979661,3.30582290695634,6.4010644533005,0.0300346283205329,-0.0297231562977853,181.621621621622,49.5166265114179,47.0735569563263,176.88224116407,19.8554345800124,FAIL
5.09231594845942,8.08198098251579,4.66103981813446,5.2825506935321,0.178906390207915,0.111472242559607,193.783783783784,50.0083227974333,55.9849155540255,147.782676768347,19.2922886692795,FAIL
4.52611417230027,7.94722847516869,4.66634112135937,5.03863112257118,0.119453788555799,0.0559911352315441,198.108108108108,50.3828484086029,57.8564215977156,142.437801005001,19.0627144929448,FAIL
5.49472201504146,7.63234258508405,3.81310246985957,5.8101873682212,0.160928878789915,0.0956396926044841,184.324324324324,49.3381740593819,49.993841628994,158.654408340359,19.7073220659125,FAIL
4.91391659305374,7.89849618503121,3.20683421820718,4.8207913634274,0.118280900292613,0.0537158886960107,200,50.2458532865821,60.1312726898902,133.938859707068,18.9655405619287,FAIL
5.11205941776756,7.23029165620387,3.66357913564592,4.92946419238263,0.160345459438059,0.0967943872582538,194.864864864865,49.8816597659656,56.5102982810981,135.589695256409,19.132467734471,FAIL
5.54370777186408,7.8549226281386,4.68346076923874,4.80456993583568,0.268996375652045,0.19694783030581,197.567567567568,49.8287655920391,60.3811108270446,132.650657361309,19.1003575969419,FAIL
5.63240539730263,6.58722280283868,4.05532011641004,4.84173266908962,0.237449984018282,0.172371511204523,191.621621621622,49.3353686811811,55.0700547126826,130.517209916487,19.2398840434444,FAIL
5.27133637460138,6.69309194174779,4.84286502724651,6.01457228067261,0.160765173325032,0.100874170683276,177.567567567568,48.7882991502581,45.5101564942252,162.056375790304,19.9559100551476,FAIL
5.8580318506275,8.07457487968153,3.02609550739208,5.14645440499293,0.187214634705586,0.115016873859672,193.243243243243,49.6963691105966,57.4393079982359,140.33306150099,19.2924402945388,FAIL
4.58157798069971,6.63025322258715,4.70055609320114,6.45779705126758,0.0758570968388134,0.0205813014603788,173.243243243243,48.6365012041026,42.3915270102334,173.905658921613,20.1497176585449,FAIL
5.06220599933316,7.50378892486754,4.07316684069959,5.1521401509854,0.160027759822839,0.095714590709396,193.243243243243,49.9112309031996,55.2433932039755,142.671247021255,19.2454289044128,FAIL
5.10409944400228,6.7586097883513,4.0673178684802,4.9709409127561,0.173811370769241,0.112143162680598,192.162162162162,49.6633551715734,54.2967041544612,135.970871820043,19.2149358886606,FAIL
4.90280244816492,6.88703285252081,4.71102379947391,4.6014135978072,0.195804451820731,0.133156111159183,198.378378378378,49.8983760844647,58.8138179289253,127.060695200882,18.9575106228144,FAIL
4.38530011670817,8.18824198930847,4.55264546567679,4.76842235809907,0.109984787066196,0.0462918885790217,203.243243243243,50.5977697848815,61.7226067644602,135.419678705933,18.8590345188683,FAIL
4.71385364864375,7.49327316392805,3.27171722114939,5.62240842614122,0.0694026085903401,0.00974762955533071,188.108108108108,49.8617782881095,50.8592164097929,155.463415207854,19.4529163777551,FAIL
4.84321368820388,7.15419726444458,4.15077384286187,6.20872204271766,0.0937260898197334,0.0351103655030007,178.648648648649,49.0912940359943,45.5469343305277,169.187633037294,19.9266365527476,FAIL
5.69106008578314,7.97830729133228,3.30033716751868,5.73225852025409,0.158265532835792,0.0903095921058686,186.216216216216,49.4502185497647,51.7174669622119,156.475934316313,19.6375562883149,PASS
4.35191675327428,7.3268746302261,3.08835630963884,6.18757545379123,0.0145117448782642,-0.0412593520682967,180.810810810811,49.5099769369971,46.0608299239708,169.752288375104,19.7632310118736,FAIL
5.07030470805459,8.24457237667064,4.46356219948402,5.2866656730922,0.169565767967804,0.101840886991216,194.324324324324,50.0732312448011,56.4719649231158,148.117553862349,19.2722992563304,FAIL
5.22817965387447,7.61674752612857,4.7923257961818,6.43993468699884,0.138359488540125,0.0758325717631411,177.027027027027,48.8504788375614,45.5153913648286,175.515334981418,20.1086123635761,PASS
5.1491367243301,7.07981933581367,4.75945342718331,6.41353210858175,0.130668535211787,0.070908775512428,174.864864864865,48.6620538274801,44.1072600274828,173.137649610718,20.1495200134981,PASS
5.48699254500193,8.23933111050232,4.34775370852232,6.37506032398208,0.155273130388946,0.0887256701418807,180,49.0628374292793,47.7161018796831,174.731519327372,20.020675643903,PASS
4.27866772366535,7.43676040167228,3.96607463358859,5.41750678816283,0.0547430187247315,-0.00378141775089791,191.351351351351,50.1632726008914,52.3506802572423,151.689729008302,19.2811073025092,FAIL
5.4874599404106,7.39697292020553,3.31134597251344,5.84252028402655,0.135618488469662,0.0723221139606022,182.972972972973,49.2577829936642,48.9780731803694,158.499347481571,19.7343121993745,PASS
5.61620995732488,7.68346941547177,3.88095534059294,5.01902252814072,0.222729839911069,0.152882861824293,194.054054054054,49.7168972012767,57.3684037321327,137.542763079571,19.2352851572985,FAIL
5.17399390415425,7.02407240158282,4.64688583681545,5.15837692366406,0.191278160425339,0.127759116223772,190.540540540541,49.6374141187318,53.5025448520754,141.792901022397,19.3311735570027,FAIL
5.11833268953803,8.21345068175173,3.11504476465967,5.85875985290536,0.0882126252918093,0.0240440743885507,187.027027027027,49.7510474522829,51.2787960388292,161.917325924624,19.5899602151194,FAIL
5.41594480264524,8.29785500265682,4.91447865418779,6.13162211933464,0.17781118544652,0.109876231785128,183.243243243243,49.3126073896881,49.5891725028868,169.654532552056,19.8623586394978,FAIL
5.72777608006188,6.73511252124338,3.65409604853193,6.04610942424211,0.162973527855833,0.101840682548143,176.486486486486,48.6301405931772,45.4714085795167,160.78950336967,20.0058099792549,FAIL
4.06911701703402,6.47688744885952,4.99241781582065,4.94030590379496,0.0793535814433269,0.0236503560235345,193.783783783784,50.0772781341039,53.2911352815187,137.777346212102,19.0775873586411,FAIL
5.33321062184535,7.31100675612716,3.54555585828802,5.0864409195859,0.169533124354272,0.104620204361449,192.432432432432,49.7404040096826,55.2448328785847,139.296413777708,19.2533508906083,FAIL
5.86548038126084,8.13142747219226,3.1956850319703,4.76762786575939,0.226297065547375,0.1513776039632,198.378378378378,49.7527803571399,61.8681051792431,129.917190878704,19.0740848681844,FAIL
5.34653986263149,7.23024345113517,4.02035498907885,4.50955027271354,0.232529706069167,0.165103346383204,199.72972972973,49.7728421295939,61.4445258893863,123.369270711899,18.9300653825238,FAIL
5.56572771395734,6.42467217455968,4.36241414516887,6.29673111724604,0.162093450146237,0.103560018051175,172.162162162162,48.2370490642919,42.8774564198196,166.211577633146,20.2259778417855,FAIL
5.92365499303192,6.86826808943935,3.76538268645347,5.65501232444062,0.203968235934745,0.139118166703209,181.621621621622,48.9063748233871,48.7993799193318,151.2124959241,19.7660847913126,FAIL
5.63290400535369,8.15862786811623,3.32593658323907,5.59293154101484,0.161396560110991,0.0923770000162764,188.648648648649,49.625749605481,53.4491402947851,153.438983042465,19.5260998054141,FAIL
4.06196813551917,7.59075050575652,4.77986326865795,5.46179161954402,0.0454037365081343,-0.0135821007022433,191.891891891892,50.2785952388801,52.4581329984097,154.447840819532,19.2789496913664,FAIL
4.52382508096022,6.7647225226612,4.7356340172463,6.33259579932834,0.0738550627985285,0.017878073243036,175.675675675676,48.8829941117775,43.5387427316563,171.871500805361,20.0326079309949,FAIL
4.43323730610191,8.28924880186054,4.06871286808264,6.17856458531513,0.0435181422404064,-0.0175979696708248,185.135135135135,49.8046204879958,48.9863180470679,173.015238443377,19.7007053727199,FAIL
5.93493088574193,8.37699495362287,3.73688393336253,5.54980513252686,0.218633493467409,0.145147224797231,189.189189189189,49.5311371788963,54.6058588168186,152.05906467642,19.5441988404746,FAIL
5.30382859581928,6.70643140745351,3.17557336570312,4.99420333091766,0.152255193446952,0.0907619417325118,191.081081081081,49.5681065276271,53.8701431329384,135.365624052378,19.2401913038948,PASS
4.27587348818675,7.83520579320882,3.02737299666467,5.73670016784567,0.00847712153497915,-0.0495173186357636,189.189189189189,50.1460994294471,50.9085575087763,160.094034329394,19.4056258123707,FAIL
5.94786435958564,7.57262463125636,4.00968040433869,4.80764523156054,0.281548862160305,0.207959359904445,195.405405405405,49.5279688475577,59.3661767804025,130.537912309968,19.1764729078113,FAIL
5.32628828440047,7.81836828784117,4.16506681455908,5.69924711847701,0.163917409167224,0.0980303596931564,186.756756756757,49.5620397503129,51.4444543040892,157.117207154946,19.6005453998484,FAIL
4.04626318148028,7.89864656670663,4.33571426640297,4.51729207423787,0.0671156606710699,0.00686649670689998,206.756756756757,50.7242285516139,63.6786480298254,128.280415493655,18.6751244452176,FAIL
5.29819828855811,6.68760789793773,4.30440207049331,5.1636918921316,0.191900016918213,0.129618316725194,188.648648648649,49.4334264551362,52.2219150428806,140.469787186882,19.3832948227046,FAIL
5.29114253784355,7.62147926008543,4.61885770763905,6.27085308482572,0.147316889070012,0.0840376269265036,178.918918918919,48.9972696173968,46.6309937443186,171.206908992005,20.0002532828056,PASS
5.44893087116343,7.51013235534869,4.38941699918583,5.59861734217633,0.189424065421593,0.12351265028089,186.216216216216,49.4384432260274,51.3209935606815,153.520934659913,19.5963985950012,FAIL
4.81643905839438,6.73057761021977,3.45776457902727,4.74748199623309,0.12912462089799,0.0697592337234554,195.945945945946,49.9007271122401,56.4381495859752,130.266109232607,19.0148114374312,FAIL
4.39918132386662,6.52448669276114,4.78160247355705,5.96118217754018,0.0755412452480959,0.0201610609701148,179.189189189189,49.1835078972038,45.1511577489758,162.680208676778,19.7937643088865,FAIL
4.24398156747982,6.78758014117575,3.79311702599007,5.95202826646989,0.037191597064515,-0.0175623717020754,181.081081081081,49.4692913090345,46.0013071613152,163.150473663443,19.6891749996414,FAIL
4.74799635483764,6.97056355461265,3.21141537544154,6.09345408549901,0.0601899042715763,0.0037250170358859,179.459459459459,49.2303225382399,45.6864846154621,165.452258797551,19.8201461813324,FAIL
5.02356743162095,7.60706174874142,3.095413298936,5.34095053881042,0.101333848075797,0.0388315899387149,191.351351351351,49.9236277802777,53.7508679735669,147.348398541499,19.3136033542294,FAIL
5.67829521963281,7.18780174983167,3.82186692970594,5.0615431215267,0.220426156807574,0.152933836385905,191.351351351351,49.5010642861266,55.1356623118215,137.489406564564,19.3155535125047,FAIL
4.4761652810421,8.1668388445071,3.0638894464844,5.95875689920909,0.0205324447885191,-0.039306600421517,187.297297297297,49.9875599173138,50.2181415978802,166.085638715004,19.5456806019116,FAIL
4.57705718407866,7.6116825715346,4.54452995774642,6.39724314219463,0.068245641510208,0.0089661554311492,178.918918918919,49.2210074817999,45.6356795185491,176.291971729465,19.9611824095076,FAIL
4.51044781827588,7.22972197146678,3.0500344997264,5.43812515355936,0.0481768796641053,-0.0093546408916948,189.72972972973,49.9971768984128,51.4769360194777,150.427193993359,19.322991047793,FAIL
5.26024114724748,7.68466585746789,4.00631951157214,5.3087691046503,0.171153794387481,0.10516971131072,191.351351351351,49.7954371323638,54.410603444287,146.62712749957,19.3553907993473,FAIL
5.13231230500891,7.55277549846582,4.50904625877737,4.74227266413191,0.21154671819232,0.144624473901672,198.648648648649,49.9899824391175,59.8544610745441,131.497646184602,19.016548239316,FAIL
5.34609614404928,8.09552267944836,3.56423523394038,6.02995750259937,0.125758855739623,0.0604827573235261,184.054054054054,49.4302117269823,49.6830569008974,165.645975586337,19.7638887926982,PASS
4.9543789647423,6.73478432607688,4.53419042985533,6.42153116110172,0.107712945550094,0.0506281705697451,173.513513513514,48.5769822194683,42.9826491033202,172.361033141078,20.1656407981268,PASS
4.47584222723344,6.50269720873196,3.21999498317206,6.10408257893453,0.0419909206393697,-0.0114078813833597,177.297297297297,49.1023357211281,44.0790761303186,164.748265467637,19.8465219804272,FAIL
4.77976446092016,7.54328884083657,3.29304215940906,5.51152874004185,0.08046162532537,0.0199232238063192,189.459459459459,49.9197010629563,51.9720163695157,152.545447223389,19.3907551422172,FAIL
5.89110440429788,8.20231080078664,3.83437190980127,5.40936172028749,0.227287282025461,0.154240976746597,190.27027027027,49.5722353310947,55.3308050452669,148.201936231769,19.4698218415238,FAIL
4.64229102434112,6.59901158379372,3.86200583120429,5.12958390312579,0.109018043049244,0.0515551648073632,190.27027027027,49.7785415729748,52.0386557155072,140.957298619895,19.2490675833583,PASS
5.9755717613635,7.26810161560327,3.80274074947237,5.28951524627191,0.234920677449822,0.165657767520836,187.837837837838,49.2720205251775,53.3025590409663,142.779514962624,19.4975054209493,FAIL
4.32537551970262,7.23503444286895,4.01761544818791,5.06437955648462,0.0765583868551478,0.0179368473988675,195.135135135135,50.2517705483966,54.9659553030036,141.699027734607,19.0928880369101,FAIL
5.3041426986498,7.64347042513269,4.41726265309945,5.00612006739668,0.211468151042785,0.143730662686151,194.864864864865,49.8675786095728,57.3033375150318,138.471573659322,19.1930476829729,FAIL
4.98064604654807,7.04365956903793,4.29454926786153,6.46376650353328,0.102033676112488,0.0438367331014269,174.594594594595,48.6991126435284,43.6462806458966,174.343184525695,20.1437172763961,PASS
5.56314195172849,7.18771925593003,3.91552676060512,5.60375042866787,0.181233005170629,0.11673486131806,184.594594594595,49.2651002327449,50.2167816016191,152.093780295213,19.6397696203657,FAIL
5.33975498400823,7.97215158401961,3.81667338001356,5.88909084708521,0.142417025242418,0.07687498369896,185.135135135135,49.4874169916366,50.3949379289805,162.02290070884,19.6954978592818,PASS
4.56176489806824,6.67381633028392,3.02381386405128,4.57244711516203,0.088814479248302,0.031725582320795,199.189189189189,50.0648446651874,58.1117277403761,125.698573129533,18.8591832996503,FAIL
4.70568087660175,8.00726783745194,3.87119144750522,4.78837192445491,0.127993607738348,0.0635321519094454,201.351351351351,50.3774649123084,60.8836134990905,134.28870472584,18.9218855177115,FAIL
4.62387076405776,6.65302877750037,4.67940999915687,5.39239363853373,0.118070020156644,0.0600610161793355,187.027027027027,49.616994050781,49.9405789325662,148.493599738171,19.4322501540834,PASS
4.1973261501903,8.28466713051176,4.92524860323666,5.05021714579898,0.0786341192004533,0.0157760534109168,200.27027027027,50.6542417400289,58.8281059968538,144.463399038171,18.9927104357463,FAIL
5.68866263613241,8.15835484512142,4.25001000933414,5.42326345670762,0.224650168596446,0.153124064542811,190.540540540541,49.6469700351256,55.0271672958158,149.49635922185,19.4601104792506,FAIL
5.38546877924171,7.02831738174064,4.0319184602299,5.19024807815848,0.190561370803085,0.126383231330106,189.72972972973,49.5318429685584,53.2423561541972,141.604159001191,19.3691951206031,FAIL
5.11185528563591,7.82637634422696,3.72158413043708,4.83843770149409,0.168800754498024,0.102146798239716,198.648648648649,50.0915177038224,59.7368356404564,134.158719823344,19.0285712378892,FAIL
5.30044209415047,7.07551166541708,4.04577649416031,5.74566849397472,0.153475434632077,0.09154712421917,182.972972972973,49.2434324695257,48.6730410102502,156.256124203831,19.704817410104,PASS
5.35888597392977,8.24636081721386,3.17343701205484,5.52328208419861,0.128747410542894,0.0614530343087154,190.810810810811,49.848955691427,54.2722653335862,152.516825307773,19.4249624393453,PASS
5.19346409068827,7.87896481667776,3.34857392391051,5.60542778384713,0.119133949184934,0.0546935831918282,188.648648648649,49.7587303353856,52.3556993854193,154.586340020762,19.4871562487041,PASS
5.38522062432417,6.44687998786652,4.40986584770378,5.25510076484019,0.198122528671527,0.136717033148341,185.945945945946,49.2079198030945,50.5182776268445,141.94807587763,19.4886499378089,FAIL
5.91643879124611,7.60925480064992,3.84055671167967,5.22602677238449,0.237918033112343,0.1668821804541,190.27027027027,49.4532462290288,55.0864020594986,142.044384373066,19.4161054811584,FAIL
4.07464524109826,6.74882562591392,3.80480392125322,4.9798936568571,0.0483449671010243,-0.00695972608742268,194.864864864865,50.2233358809584,53.915581382284,138.717419908683,19.0420056490378,FAIL
4.25278066255072,7.25830806410546,4.97693761310943,5.59516435438284,0.0705784233453955,0.0119355545378996,188.108108108108,49.9395254457576,50.2782029829025,156.711206369664,19.4366747501749,FAIL
5.01448409496934,7.00095747779063,4.13756155277855,5.12387333044292,0.158237896975591,0.0963823932413119,191.351351351351,49.7510978317535,53.6914439640447,140.95877635833,19.2717730068548,PASS
4.08716058695312,7.35085154462344,4.40599059659091,5.91505802997708,0.0292369959095696,-0.0278725764040715,184.864864864865,49.8149583116481,48.0470910969857,164.957352967519,19.5878486737785,FAIL
5.16932778503295,7.17283268213345,3.09187790011688,5.66239233396957,0.104472243368435,0.0439213630956075,184.864864864865,49.4775492332776,49.5727152566412,154.226180412181,19.5824399240742,PASS
4.55642382083042,7.01512471632829,4.02919504988232,5.18683227286167,0.100253571329978,0.0414078065325866,191.891891891892,49.9788944166798,53.0355974852736,143.888334247491,19.2298598100043,PASS
5.57731359302408,7.93282872920822,3.52027921169369,5.2291929873284,0.186697558301722,0.117366695713479,192.432432432432,49.7585397892887,56.0764683208641,143.603857642983,19.3230084803754,FAIL
4.54179091730974,7.38189555569515,3.90971918402932,6.33033383532509,0.0530369644499467,-0.00459013669706321,178.918918918919,49.2391791492334,45.3665774227853,173.493585561818,19.9172574524979,FAIL
5.57979345188378,7.66327216499917,3.96676983692388,5.1041738544403,0.217106041264336,0.147941003564418,192.972972972973,49.7006038131145,56.4094849402189,140.017725985841,19.2847098838324,FAIL
5.79858363319293,7.7275340065079,4.43339383746549,4.91134922675213,0.279039009985133,0.20606300009477,194.864864864865,49.6343287108149,58.7567517570685,134.459439742099,19.2109321863595,FAIL
5.64908962700873,7.77117443384163,4.45695682378959,5.99234646379015,0.192241494317565,0.125187193610833,182.162162162162,49.1354554621674,49.0968005516738,163.571121536356,19.8557241587311,FAIL
5.06368870094722,6.48214496633674,3.92842457063629,5.88412897335384,0.122261681200222,0.064983204758436,178.648648648649,48.9457010724573,45.6365906532208,158.284399703536,19.8309804422003,PASS
5.59638263036517,7.32248149292719,3.16336252204356,5.86188723981193,0.13668443330201,0.073339715378782,182.162162162162,49.1634937620684,48.6106520612846,158.332692116682,19.7674980590938,PASS
5.64320905256492,8.28753411289544,3.22416623838198,6.3646837792582,0.122150490418563,0.055846508854119,180.27027027027,49.0857733805514,47.900557214106,173.107673998917,19.9931690584703,PASS
5.4599439576842,7.00929697744062,4.07586762870126,5.87729897728758,0.163466955700154,0.101344657743408,180.540540540541,49.0177133183131,47.5066615402637,158.799132822795,19.827241879652,FAIL
4.7624016509284,7.89279790271286,4.88646792115961,6.2453357318936,0.0997299358365773,0.0377020871689039,181.621621621622,49.3851096100429,47.4911744857119,173.35406333671,19.8691180960697,FAIL
5.99248480032505,6.85932227364997,3.2952353649285,5.27585242902506,0.206656058451286,0.140207491209798,186.216216216216,49.1312014554449,51.9436969296757,141.097615562644,19.5182985552311,FAIL
4.15230530581018,7.42597038064671,3.14954695881327,6.3164419966818,-0.0055515803177304,-0.0607674997217011,180.27027027027,49.5191792789654,45.4716489315735,173.569502425071,19.8036568611861,FAIL
5.00652431797039,6.68797498820103,4.13759195728989,4.693493522878,0.181933876836367,0.1203958922766,195.945945945946,49.7614004098775,56.9388132477623,128.574456739855,19.0364867852586,FAIL
5.58207488300413,7.03166351802264,3.57604136794141,5.25593675836407,0.186061135716621,0.121292227600911,188.378378378378,49.4165093967862,52.6699745290903,142.445353848221,19.4285581761002,FAIL
4.71648137458874,7.70547120786448,3.80028154275486,5.50784328181002,0.0934514051909628,0.0318745085829982,190.27027027027,49.9882060777933,52.5466878515733,153.413742498744,19.3787970364466,FAIL
5.85656039989186,7.25493846999046,3.83678988958141,5.50190351227029,0.211889040358886,0.144616059787996,185.405405405405,49.2086492859146,51.3510169524278,148.673216124501,19.6138332037643,FAIL
5.74577545716688,8.262456422125,3.91398533938761,5.79741991330213,0.193199150106916,0.122844690544964,186.216216216216,49.4356026240513,52.0959955817855,159.102765604889,19.6807294890418,FAIL
5.54181453312705,7.09888390024444,4.26762116855128,4.83658404939278,0.241233498727409,0.17380922905166,194.054054054054,49.5912081392712,57.134271772806,131.886386662921,19.1757770494999,FAIL
4.5444087987093,6.83890569885357,3.82855760362467,5.06653231786776,0.0984987897121776,0.040482435064052,192.702702702703,49.9778085976608,53.5190245443764,140.139101982739,19.1656508286052,PASS
4.90328274477413,7.89514229866683,3.45599781371256,4.63208020493835,0.141564127424116,0.0761870877603723,202.432432432432,50.2498515797493,62.3973718514873,128.746408566842,18.8623999380722,FAIL
4.13938718779252,6.88094784653328,4.62183554184604,6.36264903244228,0.0320347049540939,-0.0229149179173983,176.486486486486,49.1013167142724,43.6306911778882,173.926938831105,19.9656764820706,FAIL
4.69180066252137,7.25242040170156,3.98327737896238,6.24389373147427,0.0729695899268176,0.0149176338434255,178.918918918919,49.1882655253898,45.5755433027936,170.668606615076,19.9050795733593,FAIL
5.35634802309618,7.39282639032649,4.72619093010753,5.46379192219179,0.197832181753147,0.132245477425382,187.567567567568,49.5169753751367,52.0695526123896,150.261252227579,19.5172067320732,FAIL
4.09940757918177,7.58037849856648,3.99617135440259,6.3766221817788,0.00796029855812053,-0.0487130075789954,180,49.4895479809018,45.5615851980724,176.373585146432,19.849990614497,FAIL
4.01067366363502,8.32609708820935,4.65619604746385,6.00988144872698,0.0126408582441668,-0.0477263991594,188.108108108108,50.1479668658836,50.2619100610562,170.489136051884,19.5362179186771,FAIL
5.50355441912616,6.75993182038442,3.61623195407686,6.37326848369968,0.130203845867306,0.0713951026780955,173.243243243243,48.4388845956209,43.4098513914362,169.109827026502,20.1850990485943,PASS
4.55119996013594,8.11423660981392,3.98084849372032,4.76480929062685,0.113097318936142,0.0492115940930865,202.432432432432,50.4944976634338,61.5193931495505,134.278473735853,18.8772895722575,FAIL
5.21765340979399,7.84731971680531,4.16139881229408,5.83018314409147,0.145885159834353,0.0810479344183199,185.405405405405,49.5317680608525,50.4608265472026,160.886985318623,19.6618302328443,PASS
5.73131803512088,7.3952692869701,3.58040720034262,6.49622150830878,0.142020298489337,0.0794074092414881,174.594594594595,48.5236824913304,44.5786194133827,173.478518203667,20.2158990475488,PASS
4.98936946085428,8.06442322952606,4.47649832499058,5.5133722397676,0.147234111208824,0.081557047992094,191.081081081081,49.9366778250006,53.7502709443517,154.141401434422,19.4130962641239,PASS
5.93791364597504,6.51180229682296,3.21273157847568,5.98573747632352,0.161963290426241,0.10114022969095,175.945945945946,48.4972232386893,45.1704583186396,157.684188198713,20.0131427348343,FAIL
4.18487282556348,7.66428640353903,3.96192746765861,5.46741620014807,0.0398946699899344,-0.0189080936175199,191.891891891892,50.2667140837119,52.6496171964914,153.764082269863,19.2732588826642,FAIL
4.84513079046823,7.56512166361043,4.49937388714388,4.71152625701772,0.175819087737384,0.111088125715571,200,50.1635107011467,60.1880312080968,131.47149450725,18.9495876371204,FAIL
4.94579732620639,6.61811787325869,3.26699156521299,5.17650485570412,0.114619897591882,0.0562781838083448,189.189189189189,49.6354244497393,51.7196276576495,141.041634783401,19.3073072017138,PASS
4.18170392546466,8.22478713920886,4.32120104655684,5.66801500944428,0.0375530279346077,-0.023384532695343,191.891891891892,50.316974114073,52.7192961591596,160.690370001126,19.3530178510357,FAIL
4.30887428162155,7.57775673573431,4.25862186042106,5.06189598582081,0.0794350050154529,0.0192935463575326,196.756756756757,50.3820099636346,56.2360829026128,142.59346230784,19.0628606604659,FAIL
4.31166451962565,7.44681290347719,3.51862342287482,4.65922564496105,0.0718066504132012,0.0126670347861271,202.162162162162,50.4582351998686,60.1731559914491,130.440332490958,18.8163247196204,FAIL
4.09116325598257,6.54906983643686,3.96014731024623,5.57736863464412,0.0385352781397402,-0.0155458430999325,185.135135135135,49.7317364165009,47.9321541941724,153.689551213224,19.4538314133842,FAIL
5.72463966144888,6.98502576536804,3.0082363581371,5.58824696817915,0.150958517482304,0.0876075260978393,183.513513513514,49.1630891940651,49.6492937422338,150.092350474498,19.6463326899475,PASS
5.23739112563757,7.14509096689194,3.93369183376564,6.13571087891518,0.12688272267197,0.0664083095722726,178.648648648649,48.976134824999,46.0728763363825,166.07218232865,19.9381490396832,PASS
4.16640959755673,6.53457378321252,4.6309078462782,5.00217480451373,0.0811611890098433,0.0252445521376932,192.972972972973,50.0316698104214,52.9213181976947,139.127347681866,19.1176252177569,FAIL
4.46370949873616,7.13940450381467,3.02390603119729,5.27260506874087,0.048443734892567,-0.00874436075892404,191.621621621622,50.0828051739717,52.6211109952514,145.974201527291,19.2212088269738,FAIL
5.61829296402142,7.95581339879374,3.78068633010522,6.15784560628983,0.155479812608503,0.089246591874621,181.081081081081,49.1211313769117,48.4126015195257,167.728177511478,19.9141612158868,PASS
4.96137449441197,6.87482584591341,4.54467269540322,5.34144942452316,0.153890085797446,0.0930787336943123,187.837837837838,49.5881331506345,51.2418080002568,146.777688681289,19.4257414439013,PASS
4.05523906248407,7.12889228709172,3.866035332178,5.48265079718169,0.0278757288715943,-0.0282450144584934,189.459459459459,50.1082048656953,50.6895157888241,153.022629445589,19.3137932271147,FAIL
4.5731662190769,7.3478215597526,3.89717645209225,6.41313400514862,0.0536713553636181,-0.00373884830476134,177.567567567568,49.1262151811743,44.7497453276093,175.204832304263,19.9818336318879,FAIL
5.17872542784616,7.38255495900122,3.44484109273084,5.79446203988206,0.115819004221065,0.0541469993210127,184.054054054054,49.438646347935,49.2411999292321,158.315729682329,19.6584369711385,PASS
4.68176991700928,7.76979568331607,4.80006449781168,5.14067486921836,0.138627859708924,0.0748830423120153,195.405405405405,50.195809346853,56.2269401139653,144.590376463951,19.1686597655826,FAIL
4.60155208808264,6.58834548603079,3.40712215917912,6.44030566542428,0.049123244057555,-0.00460073118793003,173.513513513514,48.7234277701565,42.3131182937802,172.47391539639,20.0936500037417,FAIL
5.28675219087375,7.21919742267209,3.45279365205768,5.73904525045287,0.128910214692835,0.0671405292603833,183.783783783784,49.3514680360023,49.1656075692278,156.151566916576,19.6600842344073,PASS
5.71616739529823,8.19611632074002,4.20349660024825,5.82718494509356,0.201030768331839,0.130995266704267,185.675675675676,49.3954722817628,51.6593194198668,160.062750568098,19.7096551392885,FAIL
4.89040975519573,6.69062772432021,4.1587387647616,6.48286419940861,0.0914938217621507,0.0354367893132473,172.702702702703,48.5416384625697,42.4616729528026,173.491012102391,20.1898623824449,FAIL
4.7256908621154,7.44810188516314,3.70294751932704,4.52709577794481,0.139065023190077,0.076416014314731,202.702702702703,50.2162478151197,61.9289787802935,125.737221511821,18.8128142592725,FAIL
4.86557076703629,6.89564859614414,4.3211566820792,5.29781191315564,0.138993847192175,0.0787873733187058,188.918918918919,49.6869235329554,51.6719438968727,145.836349187101,19.3731269152368,PASS
5.82659095931924,7.2245497673369,3.83868746735525,4.79410119282559,0.256246137526866,0.185968140722729,194.324324324324,49.4941630889339,58.1462899493845,129.815236839033,19.1743124345119,FAIL
4.9989391840712,7.17136644722942,3.60432218058104,6.05519257320572,0.0966014419264511,0.0374201478556041,180.27027027027,49.2033981951998,46.6422926072833,164.741049496273,19.8283217046661,FAIL
4.249322495206,7.47729399909542,4.70354792983895,5.24129053430558,0.0766839930067348,0.0169630878286712,194.054054054054,50.2762221814513,54.1198424666184,147.777034258583,19.1830311856606,FAIL
4.7047503694857,8.33036609262667,3.62112713543593,4.94795645726232,0.107047587126484,0.042051849275842,200.540540540541,50.4428993801554,60.1946159379448,139.115614106838,18.9834490195184,FAIL
5.87799176042547,7.72476528640239,3.81168282801726,5.30963066410506,0.227753315283523,0.156883426356248,189.72972972973,49.4784995129299,54.6756575059005,144.620503646825,19.449280324163,FAIL
4.97914771950491,7.06406751158714,4.9210913784873,6.25383113887333,0.124018117394014,0.0644678420260654,177.027027027027,48.8891543676622,45.0365207965046,170.045686674749,20.0188580126241,PASS
5.00834106031178,6.61440760812296,4.13673285966401,5.26224064451737,0.150428895022435,0.0908073099828428,187.567567567568,49.5038987720122,50.9867524631371,143.593589756301,19.4015903668208,PASS
5.20058940383702,6.50283514064639,4.39527273463869,6.05042622097889,0.141212474683628,0.0831622141493245,176.216216216216,48.7113149960477,44.6214969140697,162.113672891554,19.9815714352602,PASS
5.63551990283292,8.1760433212047,4.36209578307346,6.30378375465177,0.173668753237467,0.106161376751946,180.27027027027,49.0293150108021,48.0535983294123,172.329678900118,20.0070672167229,FAIL
5.72727463003645,7.69844931826223,3.8048259625231,5.56779020075887,0.196327026873962,0.128047886391934,186.756756756757,49.4110070526413,52.2346194684311,151.849063590168,19.5862599441374,FAIL
4.07061571019123,6.64335225802678,4.13434746028167,6.47967446265602,0.0174157639963159,-0.0356369974585591,174.054054054054,48.9042565940302,42.1883984908993,175.322469782185,20.052907338371,FAIL
4.71762036308908,8.24121708079036,3.93361585593752,5.40320071165684,0.100814838387593,0.0366691208479273,194.054054054054,50.2235935286456,55.2391541204598,151.871845310262,19.2697934797552,FAIL
5.9156943323598,7.65499306797382,4.70963068570076,5.16875590723267,0.282842982199689,0.210215440650696,191.081081081081,49.4615750279273,55.840021131939,141.208553547118,19.3995013431874,FAIL
5.09194592194087,7.64779805455866,4.63180468420398,5.35382315056467,0.172170090564198,0.106939728404196,191.081081081081,49.8268409889323,53.8510605615602,148.748194841632,19.3754735972984,FAIL
4.09107093844892,7.98587881877078,4.56759254335156,5.85827861225375,0.0283244609348845,-0.0313594214167137,188.378378378378,50.1184891789862,50.4338806106982,165.489669386669,19.4865194366439,FAIL
5.90132003126574,7.18834005371307,3.25509280604928,5.80611148896606,0.169726879051288,0.104656114323113,181.351351351351,48.9889130713537,48.6687386539542,155.64598439902,19.8022474710857,FAIL
5.78239529005019,6.72222775691338,4.06369125529629,5.42917898677282,0.215835826202668,0.151407149858196,184.054054054054,49.0485056652102,50.1042796299253,145.756229101267,19.6235201336977,FAIL
4.55497405221125,8.00894359134982,3.84800791726498,4.63938684930159,0.115106769876717,0.0515651939845745,203.783783783784,50.4732172953,62.6600690125887,130.369291219199,18.810478842491,FAIL
4.29129013984687,7.44817937391306,3.57183575685868,5.40051384878762,0.0442474414434895,-0.0138519960983928,191.621621621622,50.1915138177456,52.5257477941648,150.903753590755,19.2591317059122,FAIL
5.58523136289091,8.05112205846098,4.1545932619057,6.06409119006057,0.172328316441842,0.105008161992195,182.702702702703,49.2299163157455,49.3761345528961,166.091531767955,19.8509541339792,FAIL
4.71120664851039,6.46547806994032,4.71346883002696,5.17931469017077,0.138886010643,0.0807512726629588,188.648648648649,49.6142066519728,51.1257182914836,142.209768216046,19.3328096401481,PASS
4.7915075490434,7.94347549126854,4.88959081010426,4.75153569471316,0.180081160679807,0.113790636090565,201.081081081081,50.2944380422031,61.1432558094061,133.697624037228,18.9420390588889,FAIL
5.3198211474261,6.55264210868379,3.86177381589961,6.38469708108934,0.123596346694625,0.0664063049185381,172.432432432432,48.3755246752241,42.6831244907515,169.236640730276,20.2045287933425,PASS
5.20713699676715,6.52467361988645,3.52147652184999,5.90983820356431,0.120005331477202,0.0624056278150469,178.378378378378,48.9053233199468,45.609100668803,158.391232952266,19.8503231818414,PASS
5.8979599843421,7.05063288238364,3.82844463767074,5.86067576948165,0.19449186430326,0.129658025072236,180,48.8469232445875,47.8404343756097,156.940100445107,19.8760321948482,FAIL
4.01454845131773,7.26877029027347,4.21247743221075,6.27810298451949,0.00961940450150045,-0.0460806795876685,180,49.4722781803572,45.2789712626596,173.378344104641,19.818062919241,FAIL
5.17773971221051,7.90176010447139,3.82386001825826,6.23751159659713,0.112120111394961,0.0490743856370938,181.081081081081,49.2486029663922,47.6130073324952,170.99148839368,19.8985894721593,PASS
5.30181464587158,7.56510928175177,3.07876351612394,5.75420962343631,0.110180313601554,0.0473431399751891,185.135135135135,49.5033617830139,50.1450049660695,157.147486341981,19.6193079194391,PASS
4.80037030340047,6.82838621461436,3.92638900318668,5.8730390598978,0.0966743364849821,0.0390532777119715,181.081081081081,49.2788994814322,46.8095954597241,160.018780367696,19.7310252022692,FAIL
4.53978244551795,7.78910806318798,4.89100699678142,5.40207198266424,0.109669099690546,0.0472022181542664,192.432432432432,50.136278828746,53.7635435275087,152.210137053499,19.3054953249595,PASS
4.54425269609336,7.97801040486289,3.83901554495796,5.72230456935525,0.0660256043637769,0.00480972687507752,189.189189189189,50.0247233276512,51.5678863635946,160.156240303812,19.4571029460067,FAIL
4.35996602373767,6.89370931093301,4.77456630849516,4.77127208613052,0.117131951620589,0.0583001231233614,197.567567567568,50.179748626774,56.768538322813,133.34075196279,18.9715580268944,FAIL
4.56900020579152,6.86788740595014,3.53240848907035,4.53673815228444,0.114022405553693,0.0552170412253152,200.540540540541,50.1146356732938,59.3790763951053,125.344414918934,18.8366345096164,FAIL
4.21135294395716,7.68880624427737,4.3930384406627,6.48341836466232,0.0240701366808282,-0.0336802746208399,178.918918918919,49.3519858737859,45.2334741055193,179.366638428119,19.9407385714328,FAIL
5.73132074554228,6.47674224968872,4.40115550025795,4.69979511690843,0.27235967859799,0.20610017042844,192.432432432432,49.2461389012573,56.1802820589458,126.317153040658,19.1885095192231,FAIL
5.61773179983066,6.54088603884415,4.29288759111847,5.80217783164284,0.187592631919863,0.126428393832231,178.648648648649,48.7526801968929,46.540842507265,155.023298662124,19.8740392889622,FAIL
5.40632664949755,7.34732211885617,3.2350163118676,6.08960913542037,0.115200539147314,0.0536377726241231,179.72972972973,49.074933083339,47.0086193786581,164.612582485308,19.8827715479286,PASS
5.62560137004649,7.66711361674783,3.6459793695048,5.50805239823394,0.181654925646318,0.114268682789594,187.837837837838,49.4976249384084,52.617902213345,150.433621146501,19.5300547232911,FAIL
4.27574838847206,7.20346678302078,4.20312167525968,6.23920498816057,0.0378195087631654,-0.0186215392461709,179.459459459459,49.3542156955491,45.3872901200319,171.655652154188,19.8452983588968,FAIL
4.12610811759319,7.77500001704259,4.46520396641305,4.72516930139736,0.0741358181655855,0.0137441062988802,202.972972972973,50.6363659769898,60.6334284582565,134.077722213408,18.820483413029,FAIL
5.8512570122434,6.55861244586572,3.18223227174767,6.0919579297522,0.149617217648406,0.0895148395085358,174.864864864865,48.4747934452191,44.5965165772146,160.591074784296,20.0620759871723,PASS
4.23223761088999,6.41017581552244,3.03392666480455,5.63824341680603,0.0268640474309758,-0.0258214900991424,183.513513513514,49.5965362073531,46.9645119456776,153.820115351201,19.4997706223311,FAIL
5.92025849516873,6.64746877361868,3.18846020743322,5.80834189638033,0.167090173885024,0.104914460208212,178.648648648649,48.7261844638491,46.8660287779427,153.980972883736,19.8717686537189,FAIL
4.43392333659674,6.89012794358364,3.36216240569933,6.30227603213314,0.0334340937784627,-0.0211542537547811,177.027027027027,49.1156030554619,44.0314997169515,170.951778807686,19.9235482038992,FAIL
4.8676477219983,7.31311746379775,3.37754182807455,6.36103737221475,0.0661772386300417,0.00819324404730182,177.567567567568,49.0606829533797,45.0078155104126,172.657903783612,19.9802716438216,FAIL
5.59013174868846,6.75913031249903,3.432138254214,6.08506289565822,0.140837901828924,0.0807849372342082,176.486486486486,48.6921622410092,45.2497008874181,162.11154158304,19.9959905584167,PASS
5.0087735711295,7.03397330807221,3.14820235004016,5.98123619233859,0.082904126886587,0.0247150738526623,180.540540540541,49.2332894119691,46.7071396788089,162.195555887207,19.7797094328256,FAIL
5.91917163229277,6.45741764714227,3.40488033098478,4.82898415601885,0.232514250711325,0.166675369827413,190.27027027027,49.1494469256617,54.7169154059836,128.673815574575,19.2738321269588,FAIL
4.41066092919509,7.02607961019203,4.72024706202996,5.51769298951602,0.0881786649939311,0.0298559507113418,187.567567567568,49.8187263534715,50.1578038606291,153.439686294123,19.4335077447438,FAIL
5.18046848675285,7.55622827206674,3.93093671438243,4.64005490210607,0.199853477486179,0.132901861648967,200,49.9811467835572,61.0808323732348,128.041681217913,18.9506118588206,FAIL
4.39699765415739,7.20026822051269,4.12139206563916,5.36173019174614,0.0766813497973315,0.0181573809137271,190.810810810811,50.0341675117145,52.0668806370161,149.463009454882,19.2955219277637,FAIL
4.9304308267782,8.23826705969069,3.91996016820753,4.93667131931896,0.150386800299508,0.0834691074886394,199.459459459459,50.2842926980406,60.0696611707783,138.281040244207,19.0289619819078,FAIL
4.54076253255492,6.41885789306996,4.64274804433855,6.35989929710736,0.0753299988614052,0.0209291682027298,173.243243243243,48.6423229778819,42.3068613767906,170.862827317356,20.106501294892,FAIL
4.99428817556308,7.71654154446612,3.60441174857013,4.79399981627513,0.151429318308533,0.0862800681709323,199.189189189189,50.1371770856172,59.8033499109697,132.976081099727,18.988756490333,FAIL
4.46648982454556,7.50789351782275,4.47604352238475,4.84142426714329,0.117184323370702,0.0557130916106997,199.189189189189,50.3391500048716,58.3798719574409,136.077272474913,18.96822231914,FAIL
4.4346541695005,7.28405478616733,4.25615716185344,4.96748260348472,0.101139172590835,0.0412314911037583,196.486486486486,50.2415835303735,56.1700106238491,139.056999638792,19.0537600691171,FAIL
4.16891136920114,7.10569368428597,3.2662893298329,5.42759482929033,0.0239446262385964,-0.0317926677352576,190,50.1080428383873,51.0759083019641,150.808212517977,19.280253046098,FAIL
4.18999470873416,7.82852883964414,3.73486980615548,6.02609411167795,0.0163962608102822,-0.0417958504263838,185.405405405405,49.9058303441086,48.6848598138836,168.237509703317,19.5998020728053,FAIL
4.95103202055856,7.53548939896575,3.56148626460968,4.80117064889453,0.143981706080709,0.0800588523603697,198.378378378378,50.1073448198213,59.0259252010852,132.972135639185,18.9994313173268,FAIL
4.44180713246037,7.73710919952922,3.5108433012047,4.7044645093571,0.0835491854395831,0.0225069698899996,202.432432432432,50.4701008157967,60.7848061467782,131.866767108105,18.840998400795,FAIL
5.34298087380763,6.77914439915877,3.72939952030955,5.58709142647707,0.15302166421258,0.0921351967639817,183.513513513514,49.2140013563212,48.9071411643156,151.077255013229,19.6342085642819,PASS
4.20033459111678,7.48989246878014,4.02967303444861,5.73060119545493,0.0371192954655183,-0.0208060828891546,187.567567567568,49.9952686959144,49.8978961139842,160.159481987152,19.4608332973211,FAIL
4.31805925621873,6.94384709871403,4.58782322136994,5.37219505586324,0.0806930288744203,0.023026091689341,189.459459459459,49.9337019708994,51.0779050275441,149.59752735951,19.3304392613989,FAIL
4.26752855767067,6.94569722520004,4.31401743169992,5.50474220639745,0.0638391287930545,0.0069399034448232,187.837837837838,49.8793037385181,49.9426142242272,152.940478509573,19.3987095224595,FAIL
4.77516116191443,7.14452439206327,4.74032186226464,5.78898434718776,0.117718998031067,0.0577004380011639,183.783783783784,49.4728002223492,48.4858166121144,159.634953682951,19.6577148202539,PASS
4.90891880034235,6.42776204896285,3.4991852830754,5.81003640001508,0.0975577646779207,0.0415960413212547,179.72972972973,49.0878948401869,45.9252974095647,156.538465000464,19.7457686509528,PASS
5.00509531951247,7.22730510718059,4.52986763306754,5.00216974586885,0.17793751169636,0.114281833248133,194.054054054054,49.8862351556176,55.7498922901904,138.486580487079,19.1823009570606,FAIL
4.50217694716889,7.38944349127908,4.95891665961836,5.95685165908131,0.0850122849039648,0.0254598152948643,183.513513513514,49.5661137570087,47.9691263363265,165.519936390802,19.6977957337102,FAIL
4.27595431455565,7.63985494025952,4.48209471418745,5.19146915878371,0.0756113600135702,0.0153333616674646,195.405405405405,50.3555621040577,55.1620526279257,146.545188218932,19.1358806944311,FAIL
4.61850392313543,6.84992736957945,3.35132100253093,4.56505241695973,0.110274140503734,0.051527631181434,199.72972972973,50.0876148092637,58.9671837003954,125.869782029858,18.8581252931954,FAIL
4.2566770346376,8.01133551901296,3.29398086833743,6.44864482400518,-0.00175647339753238,-0.0594201996531329,181.081081081081,49.5744165066339,46.308903925581,178.377985366493,19.8441806807638,FAIL
4.38414708997195,7.41260667700096,3.44288845718227,5.48113248674237,0.0476311290037609,-0.0104859165540691,190.27027027027,50.084770524721,51.7162246911523,152.600607054584,19.3239294974434,FAIL
4.85837399316889,6.41201649248784,3.39186571547438,6.01745004699995,0.083011038374167,0.0280255855780693,177.027027027027,48.9296127836872,44.4321399029276,161.457900685492,19.8745356465166,FAIL
4.63842138154795,7.10455659997169,4.34402493043513,5.70059370754559,0.0969301647108721,0.0379941096981427,185.135135135135,49.6158815052772,48.9899102056063,157.411659817323,19.5699024382202,FAIL
4.82480441348137,7.99968668549374,4.37868370344915,6.43217629422434,0.0868675331192145,0.0251876087584129,179.72972972973,49.2427156924938,46.5447739287024,177.535124372822,19.9736265232081,FAIL
5.77759364511394,7.62373534614909,4.92982823567265,5.43694523814454,0.255093856399192,0.184889635471748,187.837837837838,49.3877540845624,53.1846072672468,148.904593503566,19.5517751067707,FAIL
5.18461999856144,7.16425076393323,4.60450765540854,5.32651954090823,0.181828041513319,0.11815777772991,188.918918918919,49.6057415370677,52.4520546871077,146.534315792086,19.4228723209008,FAIL
4.53669954568506,6.91657469541922,4.54966566258532,5.91423095998886,0.0841939076076845,0.0267629346219768,181.621621621622,49.3839440102742,46.7734175033277,162.491255901654,19.7231314427397,FAIL
4.8649834939106,7.13038466686669,4.74181480085063,5.99379758617436,0.118793974501199,0.0589343348537711,180.810810810811,49.2382188420738,46.9633896368916,164.342316955984,19.8098975521288,PASS
4.58713055261228,6.93486190806404,3.94932593998676,4.87516989441247,0.115631595041839,0.0564438344024049,195.675675675676,50.062345786241,55.8371542331195,135.146098297141,19.0484840598246,FAIL
4.92893392864426,8.26417907257284,4.0455930124411,5.67911160503011,0.117084273124962,0.0520192939156261,190,49.9433483483494,52.9072051100542,158.772157050448,19.4743468945306,PASS
5.73896212311059,7.27630522821454,3.64593816587908,6.01036149281448,0.165979652571607,0.101865460022763,179.72972972973,48.9157396834049,47.4333041214578,161.674599161044,19.9126567706914,FAIL
5.67939840614809,7.55619905215808,4.33311490205511,5.41093615488355,0.223328405760904,0.154793633860762,188.378378378378,49.4531515249965,53.1465562674516,147.961092542536,19.5102961167802,FAIL
4.24244893548383,7.35996358655432,4.10209576219629,5.53954026050447,0.050945615406643,-0.0070995913038624,189.459459459459,50.0604908586016,51.0411389146714,154.880771987762,19.3635360147571,FAIL
5.10576098554586,7.00123407539685,3.76404417479031,5.27315210618279,0.146109048456194,0.0845778021625472,189.189189189189,49.6431371479489,52.3043171675383,144.391617725634,19.3692697513698,PASS
4.58607240176327,6.4169890679764,3.46319820989103,4.86936858677747,0.100975160277613,0.0446490402559124,193.243243243243,49.8555030628537,53.8262035715832,133.48433330987,19.0841874279882,PASS
5.5145906181749,7.98952927218847,3.62292871555725,5.27746553131959,0.183115341158497,0.114091131760779,192.432432432432,49.7858693715851,55.7860127691611,145.297090487056,19.3398203941463,FAIL
4.46779317780004,7.31051427623499,4.87805516098102,6.13691456412994,0.0737228474542952,0.0151276852139777,180.810810810811,49.3785371512559,46.4538389916958,169.65737353732,19.8183557355969,FAIL
4.81742720357885,7.83217358419293,3.06337920574128,6.16767957250819,0.0504276825593821,-0.00944365657967661,182.432432432432,49.5159965312488,47.7840502140003,169.541930383909,19.7696687174048,FAIL
5.85767128109268,6.47572465772023,3.88929247834783,6.12049606984841,0.178887352567669,0.118427886263148,174.054054054054,48.3348972278817,44.1775563269809,161.246445811574,20.126137005702,FAIL
4.14500042232194,7.06894668640995,3.41536485106869,6.26515215807552,0.00743991033201941,-0.0469441510399548,178.918918918919,49.3796160489603,44.7544451537647,171.426253107054,19.8268202010594,FAIL
5.51599282122709,6.96645180947437,3.95867568652136,5.9963276638022,0.158908268619103,0.0972468292795217,178.648648648649,48.8773049237662,46.5260489304322,161.275622733208,19.9169849816767,PASS
4.65401280464565,6.9932156957873,4.70368886506508,5.62637572819155,0.110877997922877,0.0517558807716382,185.405405405405,49.5990060494219,49.2187066039002,155.416576206854,19.5484850258872,PASS
4.75314117936016,6.58512337716273,3.9462461356925,5.84424145077707,0.0951191353133397,0.0386841778270446,180.27027027027,49.1918223390394,46.2023957244526,158.625789333221,19.7375639126337,FAIL
4.81119989383223,7.69965468401805,4.93714934100852,4.84130099057847,0.177529563720832,0.112288635841413,198.918918918919,50.1963470163662,59.2014807222507,135.817129692501,19.0191118564912,FAIL
4.25289262276915,8.23010565393866,4.4460483047121,5.82985761295055,0.0440210286228445,-0.0171795953223925,189.459459459459,50.1546474264872,51.4247821069324,164.879866264215,19.468279808514,FAIL
5.66198265090143,7.62356835880091,3.57164993649484,4.59806984755097,0.240375302193471,0.168861172151811,199.189189189189,49.7217341422521,61.9786722368735,125.271327721376,18.991074604025,FAIL
5.72606729530149,6.52188612673343,3.97495054300304,5.76794197867639,0.187853838118728,0.126381918474342,178.918918918919,48.729258208125,46.7333803584003,153.613263288587,19.8607260178687,FAIL
5.43671516123799,7.10442349609122,4.42647273883895,5.56068513898878,0.189657035960628,0.12564332033284,184.864864864865,49.3035211778755,50.2816691285065,151.514439472505,19.6164002234389,FAIL
4.37733987577535,6.64037103273402,4.29007017670805,4.76701283725321,0.107867627767607,0.0505258826224032,196.486486486486,50.0724744239911,55.7863856399745,132.284554912578,18.9858008013954,FAIL
5.56493847966604,6.77498294320605,4.10103413533677,5.74828385746887,0.17979155997851,0.117721843790598,180.810810810811,48.9551095691021,47.7102105422822,154.573037220627,19.7907861494276,FAIL
5.39084346985076,8.1230691215222,4.10137042442433,6.34222373024865,0.1384513849203,0.0731905609835107,180.27027027027,49.1136406763689,47.5842394094208,173.710532960767,19.9876347941521,PASS
4.13328572153296,8.32658485138362,4.72971621433341,4.59672792949809,0.0856261004376361,0.0228637091933107,207.027027027027,50.7819462890645,64.3153329109439,131.355323675834,18.7125039514152,FAIL
5.31865078585277,8.20681793535869,3.40496161941183,4.75803301819022,0.180902611757928,0.110821481873326,200.540540540541,50.0859839897302,62.1242452053873,131.55972260916,18.9790525592149,FAIL
5.24791609936324,6.44816649252472,3.67128909376592,6.32612164213792,0.114108670396017,0.0577807348612051,172.702702702703,48.4251266852493,42.6862629253204,167.614794035843,20.1598491801623,PASS
4.17435692305288,7.50496533317083,4.71791977606084,5.32332459479755,0.0640454054511603,0.00471021075044498,193.243243243243,50.27630708604,53.4341052356467,150.241898099073,19.2188086780926,FAIL
4.8201167043593,7.71644430350168,3.64902564104062,4.8025422874819,0.132180114518999,0.0683755828551981,199.72972972973,50.2340772493741,59.6610018869818,133.743194146819,18.9661171073882,FAIL
4.88620013751631,8.35292578043739,4.67802430668913,5.03895178247967,0.168684832761712,0.100932029572482,198.648648648649,50.2961724753037,59.3539866579602,142.143516602083,19.0903436477625,FAIL
4.54239056788032,7.46194859833272,4.38651000347898,5.33989721855565,0.100548168556261,0.0398274431235391,191.891891891892,50.0663933365266,53.2091555674366,149.358451011861,19.2867233121093,FAIL
5.20946207451944,7.60398804954887,4.69359803328532,5.04299180130259,0.207400027157709,0.140411841397827,194.594594594595,49.8880994988505,56.7619467038527,139.90176945733,19.2097554335255,FAIL
4.76523182315469,8.1157560110566,3.4146589651615,4.77499064986881,0.113715513161626,0.0490153918179312,201.891891891892,50.3851975698544,61.4376915237836,133.516950890627,18.9041877113903,FAIL
5.73323646304725,7.94990768260915,4.52664856765348,5.68953562482593,0.222179551667111,0.152234766886242,186.216216216216,49.3843201006585,52.0424446720467,156.131806588452,19.6598006173895,FAIL
4.63261940337447,7.67008414907524,4.497224790039,6.26026126516761,0.0771363034408152,0.0170929003338686,180.810810810811,49.3598426005901,46.7071190682459,173.047254792669,19.8711555573371,FAIL
4.76686944852115,6.59969317529084,4.48681811344894,4.84161502232591,0.156721193608943,0.0971474760798755,194.054054054054,49.8118303990329,54.9316773055701,133.311844346811,19.1062148325914,PASS
5.53267704114388,7.76030305103379,3.43713045521028,5.57004057305906,0.158705157867484,0.0921161757818719,187.567567567568,49.5543032774705,52.3565267271146,152.403740597447,19.5367296332966,PASS
5.22599527515538,8.12478623429961,3.05559319382167,5.63154600891687,0.104419963635707,0.0392410542470908,189.189189189189,49.8253323900548,52.9028352866709,155.459233912462,19.4748176772532,FAIL
4.18365925779235,7.08862070787592,4.53282429152797,5.6138676943336,0.0543104803323937,-0.00285213655637617,187.297297297297,49.8993188841895,49.5312627916842,156.511817724806,19.4443568120898,FAIL
4.29372377295825,8.16712646007869,3.13639634139039,5.16267916273834,0.0267988746788428,-0.0335194590032341,198.108108108108,50.5755089942514,57.205063345484,145.486034981766,19.0380344495506,FAIL
4.05320829343557,6.96127030110106,3.41324860945611,6.04219094335213,0.00478272024131421,-0.0492634361012307,181.351351351351,49.5863209122184,45.8776974340408,166.006394462065,19.6777660778743,FAIL
4.18716685862405,6.83129408260963,3.17508737548043,6.06942323273495,0.0118414205303468,-0.0417948138582195,180,49.4511088083492,45.2982605381637,165.765479081273,19.7254576654659,FAIL
5.18210651907574,7.04147412634606,4.25382768176733,6.30670087704004,0.125093202095701,0.0655490670518148,175.945945945946,48.7674097998216,44.644094775972,170.095493330994,20.0697099202014,PASS
4.51778885862776,7.18455231661788,3.39339735507217,6.13920027911301,0.0426507725445859,-0.0138314112840155,180.27027027027,49.3867608330463,46.0033066899516,167.981789743557,19.7912928430472,FAIL
4.1136423696867,7.30773254175969,3.49521366629746,5.24315606648439,0.0281878308666992,-0.0286083270257635,193.783783783784,50.3219268757494,53.4291260590563,146.744381655896,19.1439363181594,FAIL
4.31615964774092,7.5778301492358,4.11188626655101,4.78771775804434,0.0879269391410076,0.0275639718635062,200.810810810811,50.466169569171,59.1972763686313,134.783744475061,18.8967813948955,FAIL
5.95888656777116,7.87421945450916,3.2139447134645,4.68354682470271,0.242367069001984,0.167353610610884,198.108108108108,49.6293377381859,61.9526012299363,126.913812174982,19.0604647013754,FAIL
5.05471461628722,7.04608288883403,3.95961783625132,4.71043594861348,0.179960590290019,0.116640524200104,197.297297297297,49.8805540048006,58.2017282724569,129.524650125268,19.0159660647006,FAIL
5.95222691301241,7.93532831706287,4.77454861187632,5.84399216106121,0.244574696435054,0.173482514541042,183.783783783784,49.1422793902443,50.8041990556285,159.497501996306,19.8027607900531,FAIL
5.64366045724812,6.83804267369324,4.61792388672287,5.01593312473819,0.250960924614774,0.184500817410242,190.27027027027,49.3630342970172,54.2991746594684,136.073694585281,19.3388346145175,FAIL
5.4963643542709,7.18870613319198,3.02232323320966,4.8259037502184,0.169739040159702,0.103935362105631,195.135135135135,49.7006174808193,57.5346225881786,131.123193897995,19.1177726466441,FAIL
4.34206985641151,7.33170382459031,3.75810824218652,4.91775340861496,0.0751295834457576,0.0161946157236036,197.837837837838,50.3441467832737,56.8289397935619,137.628433557343,18.9906515544843,FAIL
4.27486742093663,7.77772066678647,4.32602828688564,4.95234279453823,0.0804577697104251,0.0195470293705232,199.459459459459,50.5043422541125,58.1003678523965,140.072493893871,18.9757518875899,FAIL
4.69754281143048,7.88302793911649,3.2035287533445,6.13065475826739,0.0459681556033091,-0.0138024985070206,183.513513513514,49.6195535130115,48.1753883088905,169.218646499996,19.7261929096741,FAIL
4.77825931875163,7.00734815069112,4.70646093542167,5.64166576300327,0.123840219810086,0.064061114428305,185.135135135135,49.5245246463343,49.1717112218852,155.487567510807,19.5777973874173,PASS
4.70111767277344,7.4411535358907,3.63189382035724,5.48332507444533,0.0879329886899505,0.027696741189417,189.459459459459,49.9177106890637,51.8729781150102,152.05025435843,19.382163818357,FAIL
4.88819544423316,7.98281535447617,4.09369826049909,5.3291297497831,0.131226887826069,0.0665484404433778,193.243243243243,50.0843418505441,55.1375236634089,148.99842800566,19.2807175659852,FAIL
4.45967753000899,6.82761524704982,4.61208006439833,6.38428168945397,0.0633946048743453,0.0076349055698044,175.405405405405,48.89651068848,43.3982317598163,173.391597301859,20.0433950175673,FAIL
4.50007384667087,8.08198967926309,3.03153797069123,4.77589560651097,0.0603017544882659,-0.00151726417806619,202.702702702703,50.5414001532223,61.2138694001761,133.86477599633,18.8522503449694,FAIL
5.69292713955425,7.0273781611797,4.10129930911119,6.10848947042193,0.174807422610867,0.112080195171406,177.297297297297,48.7079406557249,45.9883418349101,163.661919820757,20.0189829761966,FAIL
4.03724325098041,7.03023709857047,3.87667989580347,4.51072399697344,0.0598370703232246,0.00326347918908343,203.243243243243,50.4643676231038,60.2484023488713,126.385977331524,18.7277576293422,FAIL
4.90186593166733,7.51380847743429,3.48846440973002,5.66363828010754,0.0955462422656383,0.0345004035976569,187.027027027027,49.7290167779414,50.6403068680416,156.208084412239,19.5162210040512,FAIL
5.25085378076792,7.14083354145215,3.18944331860767,5.98448600776349,0.104589357171335,0.0445778937091695,180.540540540541,49.1601471345968,47.0725592954925,161.904432437645,19.8112828593743,PASS
5.40343028483973,7.1217930061496,4.52593726433274,5.92156124605359,0.170745704457621,0.108053818281632,180.540540540541,49.036260279104,47.5527639705522,160.722001359121,19.8475455969282,FAIL
5.19789825783129,7.0382878634587,4.12320011973218,4.93174314984533,0.189411252521692,0.12553248160686,193.513513513514,49.741884277391,55.7971714565874,135.306969855371,19.1791968238303,FAIL
4.31509108476754,7.45506948293287,3.6185463804358,5.71500417173163,0.0387274508733034,-0.0190561588226075,187.567567567568,49.956736193206,49.917055636975,159.039795178807,19.4603883627546,FAIL
4.96254273940123,7.53167994136691,3.28252003047975,5.43900086966158,0.101227481401403,0.0394294688514737,190,49.8632554349627,52.6064208591033,150.092767986326,19.3774258758512,FAIL
4.8142050250212,7.29306388551881,4.38787827484873,4.99169506836064,0.150863141087544,0.0883734886886935,195.135135135135,50.0248152836016,56.0501727414453,138.798991436218,19.1342816220555,FAIL
4.4657858688159,6.65324454712932,4.10211552153625,5.59555166557894,0.0791580871965754,0.0229743831452727,184.594594594595,49.5765419554642,48.2373847525119,153.666907662917,19.5205484497531,FAIL
4.19467273466037,7.04125103420753,3.34135613911617,6.20699686393467,0.0115599834817123,-0.0428945222441013,179.459459459459,49.4059129473011,45.0514600671592,169.816541100134,19.7971712116968,FAIL
4.7089445025302,7.4613144514861,3.68068496110413,6.2866776015442,0.0630230354544191,0.00454471381366617,179.459459459459,49.2539739258052,45.9043077379198,172.091024734533,19.8978472949472,FAIL
4.23222946848994,8.07672987515239,3.55204795272795,4.98592673102831,0.0442810025608146,-0.0162635116732147,200.27027027027,50.6292162309492,58.7589045862353,140.935995938948,18.9441787065317,FAIL
4.69640884166003,6.72462063012232,4.62230593833687,4.63716831235794,0.164064646746694,0.103786084025973,197.837837837838,49.9496041531816,57.6698596391441,128.244167380238,18.958671135789,FAIL
5.47046729015922,7.91877672023899,3.12567346686527,6.09388410884569,0.113156308230828,0.0487598247785225,182.162162162162,49.2827620394908,48.6993229022354,166.033373508304,19.8266026913973,PASS
4.19001897552292,6.45995001009067,4.80322642507331,5.97734622633211,0.0545678924005798,0.000208102306389901,178.918918918919,49.2240532317909,44.7895508061298,163.346668415258,19.7794064588152,FAIL
4.19243968453781,7.57256342841691,3.75023861087395,6.05043797294828,0.0193766487308588,-0.037888763723531,184.054054054054,49.7740670030969,47.7446942453606,168.120847990434,19.6450488652666,FAIL
5.65867815439809,8.10620805284152,3.93078997730983,5.37244206856515,0.209268509233027,0.13843891043491,191.081081081081,49.6852107914651,55.3127909430932,147.868480589075,19.419992377338,FAIL
5.24898199296643,8.22290754094747,4.54195401614647,6.24340700038355,0.143053008133716,0.0773323814136333,181.891891891892,49.2881204407688,48.5305223328212,172.449036762749,19.9030664180622,PASS
4.32807982023923,8.18087631448896,3.82074377208089,5.78246092833802,0.0374873974852556,-0.0231674142460331,189.72972972973,50.1635648832594,51.6501646825447,162.719344062831,19.4375347333441,FAIL
4.23551913407495,8.09468395015939,4.82330932042927,4.81309964507692,0.0939571317904125,0.0313653354735689,202.702702702703,50.6468826271952,60.8212618042214,137.175817328185,18.8726477800403,FAIL
4.30839857003789,7.85480371957046,4.08419936105627,4.75629461705065,0.0856459853047495,0.0243183985130027,202.432432432432,50.560338848301,60.5990746749585,134.345619786167,18.8541222414313,FAIL
5.6679846426622,7.46123365247434,4.60409708543236,4.66548013713374,0.28842352973599,0.216727626876909,197.567567567568,49.6502195054967,60.5531198159873,127.610585884015,19.0689715497287,FAIL
4.44928324781576,8.1048001013095,4.25051040002131,5.91760547386,0.0600665918585787,-0.00125221322740221,187.297297297297,49.9474998351016,50.3976030930128,166.124458029718,19.5632788340568,FAIL
4.22911985719085,8.24785858861766,4.57627718748713,5.82527096415354,0.0442251884516937,-0.0170899502802012,189.72972972973,50.1706977039019,51.5141522018889,164.992520352838,19.4632940663301,FAIL
4.17377811255788,8.03923761943265,4.990999928778,4.82577901486162,0.0887349773554212,0.026557006885891,202.432432432432,50.6613863382857,60.4609729219193,137.74130514354,18.8774110484677,FAIL
5.82659327784958,7.61461426331773,3.4454938899853,5.8831640759359,0.170652235428178,0.103960549007308,182.432432432432,49.1269155665933,49.4299761837732,159.079414576126,19.798258468214,FAIL
5.40602845918138,8.29911885864236,3.08449804535391,4.73031145451309,0.170338718921138,0.099381905200483,201.081081081081,50.064433094487,62.8109204041754,130.370126600459,18.9622547821227,FAIL
5.28204540379888,7.95504225684676,3.09614149431058,5.86820598213804,0.10330301365742,0.0392179620804657,185.675675675676,49.5721986590734,50.4588578484578,161.0527256334,19.647858169185,FAIL
4.85035453271508,7.93514903791973,3.72301425840954,4.89725456790203,0.133754576954554,0.0689284765129314,199.189189189189,50.2617579060759,59.4007965766143,136.751511543862,19.0110885162334,FAIL
5.80839258677021,6.6116364952626,4.1486777906891,4.98470615230686,0.24983789833834,0.183770107081012,189.189189189189,49.1998383039288,53.7547535079165,133.91223445709,19.3586950628653,FAIL
5.44245815449334,7.64694557107002,3.9101551927992,6.06657210631994,0.147926377526579,0.0837445620057264,181.351351351351,49.1606882323027,48.1180889343931,165.307075238223,19.8649576662319,PASS
4.67536529898942,6.70436093622615,4.24787078794362,5.05316439429926,0.127822719718425,0.0690737743149982,191.891891891892,49.831186720842,53.1857993051944,139.369303646737,19.2058274468653,PASS
4.03194507962828,8.34606482154439,3.22856235336399,4.95746499386258,0.00296201281810671,-0.0566951185510122,202.432432432432,50.8278934940906,59.947309296259,140.632236674536,18.8646660956485,FAIL
4.22291871653027,8.34698245660447,3.30755812050007,5.88980351448819,0.00363805149421259,-0.0560782707654415,189.459459459459,50.2143133736123,51.2406563216359,165.555295428617,19.4524207492299,FAIL
4.24569032969185,7.8360513103462,4.81592382399182,5.97724487140054,0.0493851778766322,-0.0105296853204188,185.945945945946,49.8704024757367,49.1210930115092,167.94956080428,19.6116007264044,FAIL
4.46427324401896,6.83267982055564,4.43307352909107,6.07514580293794,0.0695541117581833,0.0132537637444666,179.189189189189,49.2235457936277,45.3755781536615,166.144174936555,19.8261714745278,FAIL
4.81370947981939,8.01914665765418,3.12263289181221,4.86486474341153,0.0990386350051555,0.035044255416262,200,50.3329636263587,60.0353532684812,135.577103313197,18.96267926024,FAIL
4.55030960902598,8.30756988705773,3.31893150985622,5.21802462717093,0.0621126034671312,-0.000609435247714174,197.297297297297,50.4469972870799,57.187705454539,146.79685919975,19.1080233315232,FAIL
4.66287269366526,8.04382200470442,3.30945036358354,5.56026729007017,0.0636910597894692,0.00197226432638331,191.351351351351,50.1251952697056,53.1471626725775,155.258901764864,19.3535762965452,FAIL
4.76637677325274,8.28206440156361,4.90313716928255,6.48864539629288,0.0905034211717467,0.0275568365107463,180.540540540541,49.2967043845096,46.9600283439139,180.425885022334,19.9847331134814,FAIL
4.75428362233542,7.16206081634643,4.33877376708798,4.75182470199976,0.155507242708995,0.0934949144995779,198.108108108108,50.0781463629618,58.1277552615326,132.009795250461,18.9898745284313,FAIL
4.83326901114955,6.65268935673353,4.01719384639836,6.31126440148309,0.0884959310581812,0.0325308714249996,174.864864864865,48.7379526840318,43.3536060718435,169.578491022551,20.0612565974704,FAIL
5.4008341882947,7.46448501353928,4.23993566089507,4.73491101699819,0.233900979506998,0.165401422754718,197.567567567568,49.8130684868206,59.6607298021149,130.146434232018,19.0578142728651,FAIL
4.27027801545033,7.23204661570333,4.42208092284124,5.92113138439878,0.0506663974720706,-0.00674158687960347,183.783783783784,49.6671104540878,47.6692032077569,164.317731836289,19.6379494721332,FAIL
5.21882791252345,7.91911903858216,4.16892523587994,5.28365426459657,0.175238105945367,0.108186209845111,192.702702702703,49.9027275221184,55.4405083419791,146.692917488263,19.3160576970776,FAIL
5.98783796272864,7.61267843860944,4.85401285997111,6.2526889716467,0.223270046117384,0.15550191307867,177.567567567568,48.6503528765339,46.8730924730994,168.546776580493,20.1147924209805,FAIL
4.17647699878721,6.96566575573689,3.10845880053775,4.80048552873632,0.0386381325593278,-0.0171044655566285,198.378378378378,50.3529596559051,56.6198311847084,133.561201837698,18.9067557098985,FAIL
5.4997992432022,7.19983735614812,4.3990117719837,4.67557984906045,0.255198800616009,0.18675860921526,196.756756756757,49.6688123416578,59.34877674709,127.813191178315,19.0653151558262,FAIL
5.3261704218653,7.1760544902249,3.86927021776973,6.08920840335267,0.134604183888061,0.0734330371901221,179.189189189189,48.9962736105273,46.499241100446,164.743418469047,19.9158961161262,PASS
4.60119429037698,7.17042767094319,4.75788841848498,6.30833583912229,0.0803950686568787,0.0223465017832442,177.837837837838,49.0836916875781,44.9286198301025,172.727300365401,19.9711411824517,FAIL
5.57072375176919,7.01916618445256,3.0327945935747,4.83046663705633,0.177447066892246,0.11189933078553,194.054054054054,49.5976929226351,56.8441675859754,130.723747654081,19.1485831631449,FAIL
4.51245643669235,7.34881415768911,3.76428239487656,4.56985785446124,0.112559781182912,0.0519161257418594,202.432432432432,50.309587209514,60.9376594564587,127.414984348214,18.8118640406311,FAIL
5.98984932732458,6.61793014888729,4.65755569620613,6.37987467019729,0.203244793616686,0.141573196301167,171.351351351351,48.0418834760213,43.0674056885043,167.64671364078,20.3362893427226,FAIL
5.66904490206311,6.72760253427077,3.37631499797322,5.21585907744969,0.185436220533165,0.121759237187603,187.297297297297,49.2722828383791,51.9354750035583,140.265042858179,19.4442753635755,FAIL
5.34834552380143,8.25999875348917,3.30923781615981,6.36786597376711,0.100543898500018,0.0361227456659317,180.810810810811,49.2125164425968,47.7474887235309,174.15385871219,19.9517543997697,FAIL
5.62754261217308,6.74248186421885,4.15112388067517,4.63554619252849,0.257882264495466,0.190959688928921,195.135135135135,49.4344440220978,57.9794031958481,125.291731558689,19.0986071102148,FAIL
5.94579074795374,6.86651972607245,4.77514583405411,5.80109655269457,0.235820702660836,0.170376872267978,179.459459459459,48.7263836503117,47.7247679259372,155.323981198568,19.8995538753105,FAIL
4.7996771293674,7.23070238723793,3.30437234375534,4.54997196039016,0.127509303266311,0.0658624756351794,201.351351351351,50.1180071412215,60.7639201343664,125.582252286708,18.8451976439048,FAIL
4.16438958552921,6.71242498854038,4.95257781219503,4.8352188731368,0.0935361252282736,0.0363790225151223,196.216216216216,50.1805615178689,55.3188537793893,135.287704872942,19.0007765160331,FAIL
5.4556083638118,6.84124687872861,3.51258686191935,5.49560214750594,0.1584839734215,0.0965578885892188,184.594594594595,49.264800764326,49.8778160945817,148.479411506368,19.5786318148325,PASS
4.00646847917144,6.48607081393722,4.16904774098416,6.25878425872603,0.0186583450187773,-0.0340433930578748,175.945945945946,49.0799320195774,43.0085285399265,169.89427565082,19.9149683130004,FAIL
4.41237089117185,8.33080415340518,4.03806611179315,5.81244257559866,0.0517722894942293,-0.0101131118028753,189.72972972973,50.1365113558102,51.886273900656,163.853728808984,19.4629007292885,FAIL
4.39513260328432,6.5838710153674,3.90066344367728,5.0984803676644,0.0848190108632585,0.0286094506792772,191.351351351351,49.918820790767,52.2169325262547,140.769380310007,19.1908881418634,FAIL
5.08156102131849,7.64225269647698,3.58853060233555,5.160173782017,0.140765023406067,0.07638499056168,193.783783783784,49.9636876317239,55.6370349168884,142.747639879529,19.2268168687232,FAIL
4.00009878837044,6.57323385744337,4.91059523865094,4.8732247384546,0.070891951716045,0.0151541565531194,195.405405405405,50.1937383210962,54.3298955822756,136.331517807674,19.010945271018,FAIL
5.39366665489289,7.74476059035695,3.76924002787122,6.03912477630592,0.138949149092085,0.0747001413263614,182.162162162162,49.2537269375498,48.5933631428098,164.960257195096,19.8228501352172,PASS
4.51638069795536,6.82135064337909,4.57601044513781,6.21738910765435,0.0732850513255091,0.0169947904926949,177.297297297297,49.0455556894012,44.4256467536683,169.376874792081,19.9381754627413,FAIL
4.59974928954287,8.0490907678812,4.00174123326714,5.16885664034166,0.1004068367351,0.0371783246158586,196.486486486486,50.3403875204386,56.856016090003,145.480971796663,19.1278947732109,FAIL
4.29312019464859,6.92554865381965,4.29952212294541,4.65761510168068,0.101013053646169,0.0428698825600415,199.72972972973,50.2642434139026,58.1430823053409,130.076024478888,18.877361123775,FAIL
5.6220342671139,7.57090408108055,4.49836570159768,5.80117614174204,0.20022006035946,0.133501895181411,183.513513513514,49.2204827749985,49.9253991824913,158.354837559447,19.7514792320884,FAIL
5.94312758745828,8.3555158331212,4.40237164616477,4.74321380202495,0.318647680114915,0.239748901574497,198.918918918919,49.7202809003009,63.0578838353537,130.176067085428,19.086359246869,FAIL
5.63046433235948,7.86618978194919,4.86373519620714,4.69509550456073,0.297393020868851,0.223712932738204,198.918918918919,49.782649487928,61.7564343731593,129.402446854571,19.0528979806409,FAIL
5.52688909979739,7.16451693339312,3.98199567204425,5.62341012907977,0.179311599057477,0.115165876557873,184.324324324324,49.2561133816592,49.9748617970783,152.689441578355,19.6511505008137,FAIL
4.22847207722789,6.58154938757945,4.09537558205201,4.69000683979769,0.0878924282571906,0.0317598823438048,197.837837837838,50.151711813288,56.3448509209495,130.266228342946,18.9146996720016,FAIL
4.29520958500452,8.1911768443734,3.52276167655627,6.20381464382406,0.0127209248437615,-0.0465717133576526,184.594594594595,49.8439681221333,48.4768592449448,173.136406096953,19.6839588413813,FAIL
4.0758802503494,7.46585130412346,4.45193978616884,4.51301384521216,0.0786462202269411,0.0195296975645106,204.864864864865,50.581910957601,62.0304132743163,127.534987854397,18.7126596721655,FAIL
5.56485879457562,7.22834595272118,3.37957203045754,5.83776555803413,0.146157754196444,0.0830672951431529,181.891891891892,49.143950953932,48.4954688521668,157.706893547908,19.7664586739899,PASS
5.87444527417789,6.99899885452071,4.82214733035604,5.23939098555449,0.268775751790208,0.200428112072569,187.297297297297,49.2004946662494,52.8187733679156,141.781464052775,19.5062816682776,FAIL
5.06525375776956,7.63000762550452,3.85515644191354,4.75855090635579,0.174423608981753,0.108605654592163,198.918918918919,50.066802995972,59.9171637686385,131.81461010447,18.9932435128857,FAIL
5.30605381220075,7.93961934305942,4.04838008628588,5.73580005192597,0.155683791519658,0.0896597532250375,186.756756756757,49.5951810183873,51.5163291994262,158.326544568865,19.6042539463177,PASS
4.63741066614114,7.587013578281,4.74561767038517,6.33473074014657,0.081025748803253,0.021204798924318,179.459459459459,49.2374054723653,45.9864054673946,174.734434899179,19.9396054576341,FAIL
4.58820866357979,7.57729794025896,3.82791771651766,5.63684138241011,0.0761758123040431,0.016095803560119,188.378378378378,49.915109514712,51.0106902251785,156.837217071463,19.4514436024528,FAIL
5.52485973321626,7.59281663016133,3.81960872625443,6.32514030801575,0.140903341649262,0.0775603297328217,177.837837837838,48.8630569376561,46.2025239450893,171.018758060014,20.0512287452393,PASS
4.32635073117038,6.69837810147822,4.21140821537174,6.14134857798622,0.0505635833399424,-0.00428127452727767,178.108108108108,49.1672873408307,44.4796080639423,167.378539956434,19.858750329046,FAIL
4.76527793036515,7.37868235725474,3.52137441469896,4.92303866693536,0.114839074617123,0.0533292440299989,196.756756756757,50.1356821806379,57.0434303892529,136.582684048922,19.0533402008639,FAIL
5.16718601976766,8.01814667614025,3.86616515588743,5.50234123944696,0.145109704515597,0.0791438362605049,190.540540540541,49.8570162106645,53.7172765782307,152.67990122199,19.4232182887654,PASS
5.35048529072315,7.92027332131382,4.03470335740578,5.78468765975097,0.157321272103228,0.0912763803304046,186.216216216216,49.5291961291098,51.0703045627794,159.381002870938,19.6439459137733,PASS
4.22480232476832,6.81904081149084,3.96786933429852,5.75718148034723,0.0444194214928567,-0.0109523173339122,183.783783783784,49.6536842648866,47.5111989165625,158.71054020456,19.5596330617889,FAIL
5.73572522309151,6.743842941763,4.40214245407991,5.60143493122897,0.214162808051827,0.150275698238551,181.891891891892,48.9477071707363,48.7810917099741,150.4864585593,19.7363277399519,FAIL
5.867056835826,7.58007931318145,4.88003964486521,6.25526224638468,0.212003019627496,0.145168828539108,177.567567567568,48.6908763157884,46.737291670489,168.940928614083,20.1009485741548,FAIL
4.7428880978973,7.28982338823443,3.45017302372257,5.48609906206302,0.0860341206406993,0.0264504904794748,188.648648648649,49.8427465177478,51.3411160563901,151.494636669542,19.4005064958172,FAIL
5.65112839123336,6.72716730853803,4.82308367361665,6.20859526461422,0.186902046136421,0.125591922410682,174.594594594595,48.4324779708696,44.4122444310754,165.454667307183,20.1480066923361,FAIL
4.16835615300108,8.27945564360212,4.91480399922876,6.39286234654467,0.026171650986429,-0.0343112556533071,182.702702702703,49.6831828183789,47.4597769929747,179.752764884741,19.8204031076455,FAIL
4.64920102813308,6.80020227279075,3.68870577200824,6.06271720203262,0.0694952793905592,0.0134369836833091,178.918918918919,49.1763869120901,45.3604966549336,164.717050413624,19.8262494816736,FAIL
5.73071730824463,8.31722586309957,3.47643273882553,6.14150253830564,0.152708131573061,0.0843447909761097,182.702702702703,49.2253217407209,49.5807788877042,167.627839822241,19.8732840539788,PASS
5.51491915583101,7.09544286392512,3.96071935945303,6.42896027735698,0.140831485751469,0.080118761824987,174.324324324324,48.528639106906,44.0949209719227,171.831574457911,20.1906959462859,PASS
4.16510179855601,7.74298860389193,3.79148849556474,5.28537972185751,0.0375212026634618,-0.0214684139905811,194.864864864865,50.4217298727093,54.5609108112779,148.966421974072,19.1460489723547,FAIL
5.97532051307546,7.4368919150716,4.31515765622928,4.74478227395116,0.304418326014863,0.230612687224584,195.405405405405,49.4667896688058,59.5893109234255,128.668444589845,19.1624047096174,FAIL
5.25324072544151,6.61435325813838,3.07433878551681,5.60738553988192,0.115883554470739,0.0573013753472764,182.702702702703,49.217311078546,48.125746508532,150.995692181004,19.6273009292922,PASS
4.33285829633501,7.97786355217068,3.27174358421363,6.06462622644913,0.0139032433283797,-0.0446886182240567,185.405405405405,49.885944969269,48.8537181958751,168.812218660118,19.6150263156625,FAIL
4.83799209149374,7.03163530280805,3.78388690380004,6.3005881724388,0.0805358820497014,0.023160961667988,176.756756756757,48.9635241710038,44.5673931986042,170.637974233701,19.9899859183241,FAIL
5.32779660528137,8.02109663527134,4.73128883119146,6.30286763477671,0.153660642426028,0.0883592734960059,180.27027027027,49.1091562197122,47.5748787365135,173.206176677575,19.9834366836765,PASS
5.88298929275723,7.70144553311014,3.76708360777617,6.37665314095149,0.168142021264817,0.102373364360623,177.027027027027,48.6902732982586,46.2472036788996,171.328157102421,20.1305884756805,FAIL
4.44337716589377,7.92655213384245,4.80083227953982,5.47821152407137,0.0914229006081361,0.0292379018680363,192.162162162162,50.1909578945615,53.5034210808733,154.758542303435,19.3209533792048,FAIL
4.71841425356543,6.84274747000806,3.45405075129659,5.00088274442816,0.106047511293637,0.0473880729139387,193.243243243243,49.9280663643775,54.2034383661011,137.673608104437,19.1420602185744,PASS
5.0343967936087,6.75712945984123,4.30361576331245,4.80428863213217,0.184526196793448,0.12256973210474,194.594594594595,49.7489354111834,56.0152027843767,131.794395359262,19.1064473353216,FAIL
4.83668128244302,7.93353466967638,3.53013979399394,4.99570779944926,0.117784718773044,0.0536143330270482,197.837837837838,50.2516281378323,58.3012336162131,139.399167938159,19.0614087947034,FAIL
5.54057119623322,7.43127708126033,4.89348863055982,5.46024743412175,0.224053304612555,0.156784466581804,187.297297297297,49.4304166108007,52.2772135271957,149.790416186067,19.5460150096755,FAIL
4.66933158471087,7.88922198065626,4.22771529796482,5.74017886216893,0.0921796079759453,0.0301305687945926,188.108108108108,49.8981292663817,51.1902667233027,160.408458465572,19.5102858763844,FAIL
5.22178212012693,7.79902120990494,4.22816727678117,5.98617396504579,0.141332689212667,0.0771302547238309,183.513513513514,49.3816956473106,49.1282106220824,164.723788958325,19.7693610354933,PASS
5.31840756167833,8.32496883175645,4.01139677601122,4.82174110834453,0.211867181512876,0.14057942245337,200,50.0944738298384,61.813509465796,134.039444301939,19.0223486420828,FAIL
4.83065335165916,7.22221964370784,3.26444364776718,5.10741102968176,0.102409279980777,0.0419510964366206,193.243243243243,49.9861307433661,54.5813721840769,140.946459103348,19.1819167294232,PASS
5.34960986479313,6.60068553290979,4.8163625698564,6.25800515735498,0.156568168033915,0.0975877089180412,174.054054054054,48.4584877780237,43.6478366624249,167.042239280003,20.1502487416845,PASS
4.22886043547732,7.77477543131044,3.90578464613038,6.18747182431042,0.0215606785780232,-0.0365441854258631,182.972972972973,49.7059733956729,47.3991348836255,172.118120191772,19.7220301912753,FAIL
4.38585268918251,7.73816361268299,4.07497830806976,5.47936334764618,0.0658112258662584,0.00555962834869861,191.621621621622,50.179300759908,52.8385834549577,153.865311481287,19.3106458418938,FAIL
4.60584191075266,8.29303675712054,3.1507052075466,5.17627712757249,0.0617929693425512,-0.00105512351265902,197.567567567568,50.4371703196991,57.5693256911611,145.316562024174,19.0886804596187,FAIL
5.03442715263333,8.3979980393109,3.32243529108591,4.84252943340876,0.136765177317834,0.0689227276328485,201.081081081081,50.2945101231553,61.7236122664075,135.003472183582,18.9645967335617,FAIL
4.3173847424777,6.95458561096972,4.46146597864424,5.82977625885395,0.0617535078342863,0.00501544706402801,183.243243243243,49.5883555668299,47.4592162333104,161.083181892793,19.622114901006,FAIL
4.32049288594743,6.45719787068018,4.85491846339766,5.98894671358098,0.0684198560315799,0.0135919519617448,178.648648648649,49.1472161241619,44.7298406551147,163.31239506088,19.8117883259708,FAIL
5.20591162889558,7.11925582525332,4.24645320103747,5.30771821620981,0.173184516682621,0.109940387735088,188.918918918919,49.600393716509,52.4542963874702,145.618353077045,19.409548058721,FAIL
5.29714895707409,7.52195956833353,3.39073709765772,4.66503216177203,0.182453983687911,0.115507735776984,199.189189189189,49.9191186396339,60.6519143681537,127.983751461623,18.9731521770929,FAIL
5.45540086847833,7.44289249227911,4.03344415370856,4.55119706740923,0.244763685702385,0.175378444887501,199.72972972973,49.7772280627625,61.8123652668478,124.586665231731,18.9553773535195,FAIL
4.92936438345691,7.3964987588156,3.49553593342246,6.17725056588259,0.0809753037147253,0.0216750735239341,180,49.2342091782816,46.474647292417,168.509037696032,19.864087793114,FAIL
5.86418331737276,8.37338214566368,4.31641451847744,4.98986038047451,0.282578791154392,0.205995524651584,196.216216216216,49.7587300713956,60.2048715428933,137.417350469612,19.2137138326069,FAIL
4.98046194003634,7.67018877112474,3.11417308984956,4.67266590485515,0.128797460177586,0.064407221508869,200.810810810811,50.1568961055492,61.0378955778044,129.131313292389,18.9057837317551,FAIL
4.38463366717419,6.87983208385004,4.54128369859401,4.50198863270758,0.128498096462007,0.0694809875577284,201.351351351351,50.2011421000258,59.8452297580681,125.511504204792,18.8088481829344,FAIL
4.09952950607432,8.03198595230487,3.27047568197273,5.14007986114369,0.012002988758564,-0.0469574668800671,198.378378378378,50.6413072099794,56.9334179256644,145.181257045708,19.0074335534462,FAIL
4.40999332143952,6.75529855409871,3.36635608719777,6.41541393636233,0.0305917362714355,-0.0231382287189796,174.864864864865,48.9358863935981,42.9289137509261,173.059939163537,20.0159769300087,FAIL
5.1204570399524,7.94736266554565,4.69147157780405,5.45537829381888,0.172662931740204,0.106148284077755,190.810810810811,49.8551509405779,53.9297567526898,152.10195556183,19.4158231621081,FAIL
4.04879462436333,7.04969025691214,3.4196001086217,6.23329162992367,-0.000502901243366494,-0.0545512300799843,179.459459459459,49.4508763333303,44.8823023785736,170.810438315354,19.7918907644683,FAIL
4.73906839281907,7.04710619263222,4.09674320136163,4.92063216392983,0.136036899221732,0.0753087810200375,195.135135135135,50.004518938066,55.8345589815436,136.325851906989,19.0945461621871,FAIL
4.20677456652337,6.94487990588117,3.77715927010557,5.91044261080826,0.0323590503163079,-0.0229147347801949,182.702702702703,49.6073310298894,46.7929847299493,162.755749872588,19.6340069012478,FAIL
4.859099535685,7.58776203188236,3.62387504644066,5.95542217746609,0.085442866324579,0.0249214405141737,183.783783783784,49.5410210133632,48.6118405759518,163.986990558406,19.6909971642343,FAIL
4.6886316797777,8.34729664801634,3.82582876054222,5.45918259882128,0.0903401862614629,0.0262654745063479,193.783783783784,50.2438738005268,55.047172343176,153.5725947473,19.2864190194099,FAIL
5.28414083085701,7.94327247274099,3.51930582725928,4.86472268385235,0.176624406659398,0.108329452105913,198.108108108108,50.0278636132473,59.9020239861844,134.419180087563,19.0577613212355,FAIL
5.95608472426936,7.99918615910986,3.65215339741819,5.16604123121139,0.238475083979409,0.164877967584372,192.432432432432,49.5835555168816,57.0330015557856,140.88683669663,19.3461505471719,FAIL
4.4127092043145,7.76193272487387,3.39318636063866,5.05458701974024,0.060152592152291,-6.46733612611472e-05,197.567567567568,50.4184762022833,56.9570604574518,141.75054786556,19.0356972933459,FAIL
5.27188848188896,6.60396514456577,3.16136753219881,5.98541522611691,0.10779609465534,0.050220070021522,177.837837837838,48.8791967102973,45.3454176194146,160.081425072078,19.8848711776036,PASS
4.66988103477825,7.63249975152868,3.95036477452454,5.99882415053867,0.0755331786707634,0.0154837824958739,183.783783783784,49.601460329641,48.4051397314004,166.000795523732,19.6933950945647,FAIL
5.25341619511266,7.0011153748712,4.85997502032655,5.47971194305441,0.187544881977813,0.124453292248908,185.945945945946,49.3907687556831,50.5763951809459,150.012455953209,19.557626204936,FAIL
4.22133422997875,8.03283316535546,4.81052536116944,5.76469909074504,0.0520706590690784,-0.0088262834125854,189.459459459459,50.139420978428,51.3570407303942,163.135016256076,19.4516610987084,FAIL
4.68018087791441,7.49585883493719,3.16398853829603,5.19738954202565,0.0762690365408739,0.0160202958120628,193.783783783784,50.1373524075182,54.6432353500099,144.278672419062,19.1820104012318,FAIL
5.84961581662534,8.09196133553098,3.39071239485625,6.12074545035728,0.1594249364236,0.0913250660300057,181.621621621622,49.1088298181445,49.1036549995809,166.080807013556,19.9000721700665,PASS
4.54876215852088,7.68261065854227,4.11035288119827,5.63217340250065,0.0802543027845891,0.0195878676540084,188.918918918919,49.9687684263319,51.3911445252697,157.331387764086,19.4398076788559,FAIL
5.71535320522402,6.60170264929582,4.75162472496754,5.95901280564184,0.202591740567541,0.140690039576122,176.756756756757,48.5669320835473,45.6741724812862,158.913479903491,20.0035109141132,FAIL
4.88592331160557,6.81403464906275,3.31076712191234,5.95844470571127,0.081187909396997,0.0242628910895996,180,49.192967405027,46.1467443049852,161.386485766028,19.7795222016159,FAIL
4.5968679338036,7.52994216253418,4.11082258009759,5.92536151555297,0.0757257671058462,0.0160665171086879,184.324324324324,49.6461969145174,48.6222694582251,164.221138153164,19.6508205711132,FAIL
5.97374771008157,7.36922738747643,4.49265249845992,5.56616515640014,0.248443377593685,0.179185924576165,184.594594594595,49.1222665973644,51.2449261334051,150.669973958393,19.681769266925,FAIL
5.98223547619069,6.64545285536972,4.90321252244795,4.76471539351338,0.316722312457292,0.247118816974675,191.621621621622,49.1558794516974,56.2429072024245,127.975612472316,19.2644690636636,FAIL
4.24189967590281,8.22739453535619,4.89678233569758,5.82880235687854,0.0528947362074174,-0.00878472696859267,189.459459459459,50.1435286150147,51.4387781597319,165.317173939004,19.4782437992776,FAIL
5.12143797035411,6.71446987024173,4.39328318290987,5.32448625264614,0.167301147157539,0.106415235051749,187.027027027027,49.4469976896781,50.8418598818174,145.307218192114,19.4562314342802,FAIL
5.16832284703133,8.37705655005522,3.03517479769834,5.74360938422025,0.0920869999627285,0.0266553527994754,189.189189189189,49.864434829095,52.7169720047329,159.059343854505,19.5097378389782,FAIL
4.28120228447975,8.0072763550465,3.16300085242584,5.15972647207528,0.0285142107547194,-0.0312245970276352,197.567567567568,50.5345253134768,56.6897643005271,145.190994176917,19.0480278717867,FAIL
4.51383709553331,6.54794288615811,3.54474108917342,5.51989764059386,0.071441537280632,0.0160484787878792,185.135135135135,49.5897069809577,48.4511407878192,150.956627040671,19.4732013386812,FAIL
4.79650783493074,6.40912188211675,3.25768131505607,6.33685545932425,0.0646617206758361,0.0109335064828225,173.243243243243,48.6459252218001,42.3971062933053,168.821070525569,20.076762322673,FAIL
4.54955669669847,7.90388495695532,4.95699977893932,5.64669664541902,0.101146562333583,0.0386287351279067,189.72972972973,50.0070324854728,52.0054397969596,158.99107733251,19.4499291892113,FAIL
4.95887547122217,6.63763181028483,4.10094169407012,5.89971574415322,0.11657925936794,0.0589200704614252,179.459459459459,49.0637838737087,46.0319398872901,159.639213489761,19.8079597571621,PASS
5.4148432078546,6.88391722730269,3.98253687973121,5.60666050581585,0.168682769277722,0.106592855954587,183.513513513514,49.1991818445511,49.1374145975066,151.812216186826,19.6548465440454,FAIL
4.88138843708647,7.73659330786343,4.86820707357636,5.80448114863783,0.131422598157737,0.0682069762016518,186.216216216216,49.6549188580676,50.2732417637999,161.562174675474,19.6210840343872,PASS
4.33440701411357,6.88009218851956,3.77065855496641,5.1413419093513,0.0699325502046264,0.0130866510428331,192.432432432432,50.0690145682796,52.9060556136274,142.729522399146,19.1708627200271,FAIL
5.15546627906336,8.37440265635319,3.53689039063409,5.65614880035397,0.121218222171575,0.0547846959010955,190,49.8969206722192,53.4725422979705,157.238402668947,19.4724973386998,PASS
4.58426099375915,8.23667967008168,3.22877275211169,5.44872586954638,0.0538457109165634,-0.00821836351436611,193.783783783784,50.2991175585958,54.7390678383284,152.797760024266,19.2532792561235,FAIL
5.59829486993033,8.05166007687321,3.74780744561623,5.08320298535922,0.211473224305067,0.140385543045547,194.864864864865,49.8227213954985,57.9863223426354,139.916873815067,19.2359118548373,FAIL
4.74912455523892,8.37345970649707,3.86660562963671,6.13086762998553,0.0725377391165013,0.00962071443755008,185.135135135135,49.7288450837917,49.6278742566986,170.978294393105,19.7089035663051,FAIL
4.12851910478618,7.25551170849219,3.03989067787265,5.26304376411153,0.0134463287991323,-0.0424757876930015,193.243243243243,50.3088158327566,53.0422420847176,146.751987859196,19.1479302185574,FAIL
4.82794958175345,7.5196345489653,4.76684796563223,5.47310870856769,0.13848611115856,0.0757164923401977,189.459459459459,49.841874922196,52.2970404059923,152.49848494081,19.4221727237879,PASS
5.52812037630073,7.74167106433425,4.61737085086987,6.484755911934,0.161269143789208,0.0968896423205063,176.486486486486,48.7200999323714,45.6372596786007,175.855153634353,20.1680470080458,FAIL
5.65922205216598,6.81469202676876,4.75042230547806,4.76508975779889,0.276606712911613,0.208907839126455,193.513513513514,49.414066290876,56.8407231856368,129.259000911871,19.1905446751284,FAIL
4.77410752185202,6.67106203154074,4.94303580324916,4.65378533524188,0.181988550606975,0.121115609113338,197.027027027027,49.8701626372738,57.2881920370356,128.56699965109,18.9941612930929,FAIL
5.54537151965858,7.94510605207642,3.63015709135173,5.31773863720833,0.184268287489214,0.115363427594805,191.621621621622,49.7367612875122,55.2572813522226,146.20975886862,19.3733836921635,FAIL
5.10516345867635,7.26994464162041,3.23584753609742,6.02940626608673,0.0918976144523336,0.0321763873246169,180.810810810811,49.2476328877977,47.1313666166298,163.858006548415,19.8020535896849,FAIL
5.3236647300077,8.11898742728129,4.86893043719219,5.43966285790612,0.204604815901649,0.135555593288352,191.081081081081,49.8048172145762,54.6843150441549,151.549557169129,19.4285247859214,FAIL
5.64778411865098,6.5786757957231,3.59926399348716,4.65840218404371,0.229489726441647,0.164128934824466,194.054054054054,49.3711508205135,57.0175331228488,125.221749453458,19.1172094387446,FAIL
4.69832799594961,8.0184633432775,4.40048505209255,6.45101233119286,0.0736195254345878,0.0124995279657899,180,49.2891760893916,46.4508092047484,178.43297996466,19.962886528847,FAIL
5.85132281162124,6.58786391676484,3.27038609243964,4.61624890500434,0.233036243804413,0.166137753336203,194.054054054054,49.2782316267287,57.5738999959927,123.317998293464,19.1142511471134,FAIL
5.2267124233841,8.06050489319732,4.18875807804459,5.21918792463599,0.181278531785843,0.113268961333514,194.054054054054,49.970348703034,56.5514519609212,145.201216317337,19.2665217488735,FAIL
5.94447150071769,6.92605339589009,4.94534966259754,5.60122822542835,0.254166109558786,0.187307957968291,182.162162162162,48.9040102164712,49.472291938807,150.686697417394,19.7640952075115,FAIL
4.89066384599581,8.19688418473153,4.00473498759203,6.33783105754062,0.0853496114693061,0.0227379155599603,181.621621621622,49.3988880725597,47.713917962277,175.318388246228,19.8881712513943,FAIL
5.86542436012006,6.62989484049881,4.47560141310803,5.82364581687985,0.215448900861521,0.152232183615113,178.378378378378,48.6402954148105,46.7421951224854,155.153544288036,19.9238677541763,FAIL
5.53161883010682,6.66126749610629,4.95892990074914,5.84353225359317,0.197134185289048,0.135306840063129,178.918918918919,48.7869864770125,46.6556296041531,157.102102666781,19.8918098941511,FAIL
5.75404993931647,6.50823531237066,3.98273983951724,5.4759422391412,0.206029795667905,0.143267105220736,182.432432432432,48.9324961289849,48.9416386744657,146.333567605823,19.6735918345438,FAIL
5.16360827354293,8.22325430173709,4.50730821654591,6.27184752795213,0.131744034582045,0.0666694859796785,181.891891891892,49.306332065248,48.3148126293073,173.397205745267,19.9058183285611,PASS
4.34917298552228,6.54789948621173,3.53856803665341,4.92540646311186,0.0749774630027723,0.019381696116035,193.783783783784,50.0168827740319,53.730440996046,135.950505685837,19.0675604508632,FAIL
4.65734805666487,7.72164380804523,3.96032476553241,4.92323731731459,0.119145625254445,0.0563521977534566,198.378378378378,50.2932284827046,58.2974333403747,137.85171635156,19.0179114301036,FAIL
5.6622614678689,6.84181691805451,4.4465869508129,5.82302544528288,0.197041139370961,0.133943530031477,180,48.8592208187797,47.411665882897,156.510454425933,19.8595101274716,FAIL
4.45197140996279,7.88367613076976,4.78444256544436,5.94310045647854,0.0737884424626726,0.0127003523523727,185.945945945946,49.818837133361,49.5622130334381,166.664317857431,19.6187314285227,FAIL
4.82206422580531,7.83110515530611,4.88316545859538,6.37081550264246,0.101440564704594,0.0397223888522504,179.72972972973,49.2101446793592,46.4900819446115,175.982682186719,19.969160064693,FAIL
5.13328844013026,6.47068373589289,3.12044131934948,4.87697405238013,0.139552854676459,0.0801156155520326,192.162162162162,49.598805359227,54.0772761829053,132.146917492981,19.1625149828201,PASS
4.75228624077672,7.53734959831765,4.33806421548167,6.3099717824869,0.0844960366673823,0.0247487514719995,179.189189189189,49.2056897575315,46.0107831196415,173.311914181964,19.9355214265048,FAIL
5.55885972118729,8.17221711843611,4.30809265675733,4.75262854902622,0.261679463067932,0.188065761572281,199.459459459459,49.9105925385336,62.1630435720494,131.331133429937,19.039895582838,FAIL
4.0032126537683,6.74788705515571,4.26772487107646,6.13607408909798,0.0192705508709962,-0.0347592106548748,178.918918918919,49.3546236624712,44.6097950931301,168.22650228922,19.7945674304009,FAIL
4.89819559002747,8.01785234431047,3.05740814616709,4.57005794411973,0.119475312871199,0.0541363761384706,203.783783783784,50.2887371109125,63.6397253776773,126.810653810815,18.8067662547718,FAIL
4.76698515419373,7.01348336231565,3.63946340005158,4.96105990473045,0.119947854989081,0.0598922432936674,194.324324324324,49.9793228399771,55.275883600962,136.965790915576,19.1143147244998,FAIL
5.77214819527005,7.37457457124428,3.08215735601197,5.92385604040414,0.144059213126149,0.0796709538577751,181.081081081081,49.0531779434548,48.3460030535216,159.387125950956,19.8273806604108,PASS
5.28722404513873,8.30813463353065,4.32361400263872,5.06321134259814,0.205578640966251,0.135179577117213,196.756756756757,50.0570279355984,59.0286895599459,141.22876344505,19.1666866799162,FAIL
5.55786220528289,6.5478573405499,3.57932724457622,5.16264411095367,0.187953426300107,0.125536780038806,187.297297297297,49.2609508657635,51.7323410357261,138.86644842888,19.4196592264104,FAIL
4.40708320270715,7.57242441739318,4.12203195908829,4.50963623330163,0.114649899379566,0.0533133323046704,204.324324324324,50.4285747058462,62.5810973829969,126.556873945272,18.7502299436482,FAIL
5.38182810352023,6.99382454682038,3.99909054328501,5.30665004090337,0.182100254883007,0.118582418696887,187.837837837838,49.4615839466655,52.0475895501182,144.564598375946,19.4446253266811,FAIL
5.25276364653922,7.70531962956319,3.12882615839272,5.75528482550712,0.107805290858627,0.0445805413731696,185.945945945946,49.5792452072439,50.5720737843568,157.701935462242,19.5991250586006,PASS
4.97867396133456,6.42323703545104,3.01142997840421,5.47411939349183,0.0958093018707292,0.0393438816211753,184.054054054054,49.3589237740115,48.4424299074854,147.869978749763,19.5163498594236,FAIL
5.60058047632229,7.81272019958255,3.46798299631638,5.31034996873897,0.181055181871273,0.112553910555548,191.081081081081,49.6759227482072,54.8875295703915,145.45515098644,19.3848996884377,FAIL
5.40835171595851,6.99034054027402,4.76400608604915,4.62707636466951,0.260285338258739,0.193136299781454,197.027027027027,49.6418890061933,59.0652122169856,126.553428008665,19.0480583308265,FAIL
5.24736938993003,7.59331050632187,4.58090435587869,5.69902211229094,0.169075706786675,0.104256792223536,185.945945945946,49.4984372213941,50.7296110797925,157.107685182837,19.6229711016731,FAIL
5.69467568849057,6.71704639260375,4.90511263245191,5.82787265028312,0.212733699608927,0.149659645107177,178.918918918919,48.7481263770365,46.9853467156931,156.364881349733,19.8993460399099,FAIL
5.75420286165941,6.63513895508223,4.5150532106927,5.48699082751623,0.225755247558868,0.161744812311211,182.702702702703,48.9591696730886,49.3267665166842,147.300471682004,19.6813966854121,FAIL
4.45782294779207,7.41998812177322,3.29064317755775,4.66817789832993,0.0793698577548749,0.0197167083760443,201.351351351351,50.373670259031,59.9897820055478,130.124976404101,18.8416237787996,FAIL
5.00256910251425,8.34018511515037,3.26445476621877,6.43630542695215,0.0644803735799285,0.00203754812650525,181.081081081081,49.3526848168239,47.4381635559776,177.052751252243,19.9262470160088,FAIL
5.59832339390042,8.3570087944419,4.83250277893373,5.55824363128022,0.230246126955423,0.158413750730674,189.72972972973,49.6617003312825,54.4309218905591,154.295110183704,19.5248565991676,FAIL
5.94333550128496,6.92859894950254,4.01664718288012,5.47285943215216,0.227843090670625,0.161373646408548,184.054054054054,49.0316406454568,50.4987600510659,146.902254631372,19.652453021723,FAIL
4.9934363583107,7.04485041841185,4.3892766390442,5.05358351718978,0.16846924766328,0.106046161890375,192.432432432432,49.802385898826,54.5448135263812,139.406773423168,19.2267648720729,FAIL
4.92842126797161,7.78113398901625,3.40231945988265,5.57725052445195,0.0965580727428231,0.0341242416802963,189.189189189189,49.8805270709382,52.2247383234355,154.468244992516,19.4366820934114,FAIL
4.76938434896031,7.9920518828643,3.32374106244298,5.83192592345268,0.0663524311613394,0.00482998341732854,187.297297297297,49.8605186021074,50.7560514852443,161.922977497186,19.5440036873248,FAIL
4.63388293345574,7.07166813365137,3.99241074362812,5.72672719003389,0.0859839642336206,0.0276949199770233,184.594594594595,49.6013610924441,48.6642158380143,157.717297533507,19.5786503832741,FAIL
4.59077228727571,6.49438983596545,4.60155276065238,4.89933948140294,0.136138763851372,0.0780694273691434,192.972972972973,49.8336091949025,53.8796517624082,135.157123936873,19.127510392086,PASS
4.87594892585015,7.16770157203205,4.07983595735637,5.28942264451771,0.132379276575648,0.0711767283512599,190.27027027027,49.8153129444433,52.7101048929892,146.12699578358,19.3328802159763,PASS
4.8627009724925,6.72033559804217,3.44024637448493,4.55429785818074,0.143548722352341,0.0834824370176634,198.648648648649,49.8915273496916,58.6197193919696,124.740428705484,18.9065176565857,FAIL
5.06496785041596,7.83281880241202,3.00628896013051,5.25264346753833,0.102845828990716,0.0389682523498682,193.513513513514,50.0258444626504,55.3589392512138,145.233294926226,19.2435618629292,FAIL
4.44760846351155,8.25497882077567,3.72915774989376,6.26511554176332,0.0328502783621668,-0.027553144101768,183.783783783784,49.7230465596794,48.2697632917529,174.664493009371,19.7498916907635,FAIL
4.20677009857357,6.44695206718676,3.0544537639597,4.82010559597225,0.0462908303820805,-0.00755911308846791,195.405405405405,50.1115297139152,54.3446377752291,132.905118501061,18.9733594613992,FAIL
5.28756765040496,7.97296624406234,3.71706401317821,5.40485621236088,0.156460083865937,0.0896804473276298,191.351351351351,49.8391319375062,54.4760043419051,149.487416233756,19.3834478324527,PASS
4.76997687571444,8.19421419463727,4.88375748313488,4.94212752199304,0.16512787200302,0.0984442601805452,199.72972972973,50.3418927029677,59.8454968683773,139.636935411156,19.0307415255533,FAIL
5.56066377125626,7.30633902352174,4.04323184173962,6.39786633558857,0.148975733496777,0.0867933878347781,175.675675675676,48.6339800426512,44.9192028955934,171.792977760572,20.1514713260695,PASS
4.34030672092224,7.77543990179887,3.7199427029765,4.65678385230413,0.0812929381690088,0.0204422333776463,203.513513513514,50.5361558531457,61.4906027940926,130.973173720769,18.7990917155558,FAIL
4.59260117024801,7.90567737629482,4.56961710219893,5.92646917618238,0.0854831935010717,0.0238111868693415,185.945945945946,49.7802433957069,49.776615587726,165.724288424872,19.6234731844907,FAIL
4.19744558187564,7.24611605404092,4.82890032146628,5.34695750766157,0.0702931776970734,0.0117180348419698,191.621621621622,50.1409125586796,52.3379774186956,150.248005203349,19.2670056667337,FAIL
4.24058230638353,6.94668533420013,4.32841458688926,6.16989711746726,0.0412198724990062,-0.0143824082693682,179.189189189189,49.3052005857162,45.0567570790479,169.283077603551,19.8321707386436,FAIL
4.73375344119406,8.28428484020463,3.3129128431031,6.13230724552632,0.0505915043387439,-0.0110749737765713,185.135135135135,49.7382685725775,49.3350150678083,170.289952935707,19.6958847189727,FAIL
5.39900869929243,7.68789773143823,4.14191083982776,4.50250041597841,0.249152483478955,0.178703610847464,201.621621621622,49.8689474592517,63.4102469805169,123.784209969948,18.9012701456706,FAIL
5.6980660749524,7.90679378706362,3.21692545531962,6.28162105543684,0.130173819981282,0.0649510231940403,179.459459459459,48.9927464953221,47.402761837496,169.892642921235,19.9904477015669,PASS
4.71415782698907,6.70118208950959,4.58076270337347,5.5671990278332,0.117842782266258,0.0596824467420978,184.594594594595,49.4752362418601,48.6976067024204,152.746470763262,19.5528237698046,PASS
4.61380509939399,7.22903669261376,4.46455996882784,5.2578201490548,0.115730675684817,0.0552821831974688,191.621621621622,49.9804664634088,53.1714591132001,146.468034638075,19.2734896156206,PASS
4.66387439331181,6.72970431116378,3.75257642190728,5.67869449558051,0.0857166372261399,0.0289185803719114,183.513513513514,49.472051293538,47.8841894797194,155.208986441377,19.5865291233236,FAIL
4.68724434418194,6.94511157258753,3.50136335636121,6.21340221749882,0.0616656035710329,0.00545169543396729,177.837837837838,49.1015341677967,44.8191466008002,168.534802730766,19.905773081455,FAIL
5.06545234130742,7.70881951511459,3.52773040959721,6.2910902334177,0.0891572936616658,0.0281259762572245,179.72972972973,49.1944942162152,46.6587614783632,171.81117879704,19.9251930633083,FAIL
5.93474967118415,7.27502849889285,4.75460372524227,6.21173285337264,0.214543484835147,0.14881024021673,176.756756756757,48.5681370764105,46.1282889395416,166.563472129661,20.1185976629982,FAIL
4.3302810274141,6.43697936167865,3.8023365288652,5.18594431383536,0.0729999072896936,0.0179725608311627,189.459459459459,49.835873224004,50.8381000459852,142.747399660751,19.2497182961787,FAIL
5.5024815805977,6.65591310459704,4.92066337405544,4.90666432936627,0.251612080022667,0.1864540311066,191.081081081081,49.3933633874636,54.6718057464217,133.305703580348,19.2736542604721,FAIL
5.03624598626684,7.79688454065491,4.5447026907374,5.82829918500843,0.13886363016985,0.0749111815190572,185.675675675676,49.5924685468025,50.2955385823112,161.591837670448,19.6468835896392,PASS
4.58610732656361,8.32828545332123,3.72587962560483,4.86235132983224,0.100931961138628,0.0365273991798998,201.891891891892,50.5218375667725,61.1399542218964,137.078408432039,18.917313517637,FAIL
5.18524846070252,7.37634459912172,3.49242646522844,6.3854725566698,0.096775350233869,0.0368993703914198,177.027027027027,48.8994499335409,45.1046919690518,172.571423524037,20.0475130417474,FAIL
4.97166411017733,8.22565575851025,3.26436242247709,5.11777775489224,0.112319207535496,0.0466549122375527,197.027027027027,50.2324598357164,58.0444099163121,142.675506161857,19.1242886065681,FAIL
4.83210376473366,7.21075216278343,4.93191841197935,4.8714102387189,0.176743216923808,0.113566522574227,196.216216216216,50.0096863798581,57.0345188011799,135.62567222732,19.0843150691613,FAIL
5.51319348781551,8.29484406990656,4.13739404259968,4.65839781261957,0.256046424399843,0.182059478481961,201.351351351351,49.966881629549,63.7698101996226,128.781815385584,18.9656330178751,FAIL
4.12310933522553,7.65975117635513,3.40030770823904,6.00405931398645,0.00229786292416057,-0.0545611886812396,185.135135135135,49.9069059832274,48.3099477401523,167.042387289587,19.5803565278813,FAIL
4.65663730798629,7.31942065789714,3.91923077043991,5.16873216832563,0.107289206241831,0.0467125559744538,193.243243243243,50.0596602865469,54.3229258823739,143.76871226981,19.2012645236568,PASS
5.38647044849006,7.65430246840093,3.23285967132168,4.61402856583255,0.185772617560622,0.117404933185272,200.27027027027,49.9071738288761,61.8111532535869,126.355499128548,18.9435254283248,FAIL
4.86324423130122,8.26439690737491,3.21355387609565,4.54311529399184,0.125985441478488,0.0595971219223417,205.135135135135,50.3532200823767,64.9365468482682,126.523482036468,18.7735716642297,FAIL
5.36323793831922,7.86906662060619,3.48519311566014,6.26335417969769,0.114858946778642,0.051427239544157,180.27027027027,49.1420365025818,47.3645303863093,170.648579740914,19.9374386939045,PASS
5.18742434060204,7.57690409129404,3.82852164578737,4.65670887428196,0.194548087274106,0.127636591163935,199.72972972973,49.9859261450422,60.9564055374175,128.457628171713,18.9573338817401,FAIL
5.45482923254926,8.1083180011152,3.68747038564543,6.24747837360648,0.132381529782656,0.0669770090342232,181.081081081081,49.1873810370011,48.1851051671171,170.80167052687,19.9240006076582,PASS
5.64434881025799,6.78401979903893,4.32220693395353,4.66998456772213,0.265082848825915,0.197732484481943,194.594594594595,49.4332995562256,57.7650495447188,126.37623168807,19.1225699603645,FAIL
5.28491356185285,7.52483526278839,4.82228781055256,6.15339211575752,0.157278691186896,0.0938548593254493,180,49.0591781701757,47.1473092054293,168.249090518975,19.939679908916,PASS
4.71497061520464,7.92880474526751,4.46842107264714,4.66061722385737,0.160845385152634,0.0955339041515459,202.702702702703,50.3481431491606,62.1580856398067,130.939467117393,18.8689000335926,FAIL
5.01714089293365,7.00961484367309,4.195350435655,5.51098531162619,0.140993070410681,0.0801204733520465,186.216216216216,49.5215250978022,50.2689447301576,151.123224066325,19.5180336476202,PASS
4.33804527705924,8.01915319204067,4.30482078795791,5.57310812674602,0.0612344512908295,7.07489818442264e-05,191.621621621622,50.232170722692,52.9246468917635,157.323448658439,19.3399140876636,FAIL
5.78081992896168,6.50923399341043,3.58199044224694,5.64490074363557,0.182557766634496,0.120802358574467,180.27027027027,48.8236268948867,47.6025466292965,150.207956790523,19.7749450065113,FAIL
5.00272464842835,7.85785905768178,3.944056910104,6.35665482791361,0.0950820078527612,0.0333948541807698,179.72972972973,49.1959296540339,46.657611919862,174.370388795003,19.9558490955427,FAIL
5.91164679530296,7.7409986596096,4.02564790761766,6.1036758410559,0.19503604071618,0.127336997796357,180.27027027027,48.9194790160837,48.2355437777077,164.99965871771,19.9614672651875,FAIL
4.44563239006205,8.16931860712464,4.43641652967169,6.15141826833957,0.0561634332836477,-0.00510111015734227,184.864864864865,49.759555902462,48.8566705948659,172.356928568532,19.7099077765715,FAIL
4.22223105185622,7.52555500042523,4.74853000433567,6.13437178681481,0.0429848095035157,-0.0153039358521267,182.432432432432,49.6105425634772,47.0628121778632,170.852838531682,19.7437469494849,FAIL
4.13822258537328,7.49349666665142,4.97441185215633,6.07804840370007,0.0394255218248365,-0.0187649473016724,183.243243243243,49.6806335153343,47.3487218415979,169.778410159578,19.7030057498416,FAIL
4.47275050790989,7.18022324761413,3.25576814973718,4.70943269079657,0.0798508921550573,0.021141615102916,199.72972972973,50.2820563259848,58.5666201371003,130.829834477248,18.8873808786282,FAIL
4.66332930733487,7.8904428741545,3.82449567428371,6.21423129689851,0.0622971039646912,0.00196378957152221,182.432432432432,49.5211437332112,47.6355200899503,171.929493337283,19.7973674717788,FAIL
5.18174021140759,7.75635129362412,4.07020863406538,4.6846170771181,0.204370086339065,0.136426862134133,200.27027027027,50.0344308955185,61.3179456185546,129.725775619284,18.9643555857587,FAIL
4.78216699286501,7.2943981654448,3.11741594707055,5.93384496921009,0.0611086926752304,0.00289344178404138,182.972972972973,49.5085636063645,47.8198248553833,162.455798448494,19.677551682134,FAIL
4.5969994522373,8.39185347625934,3.16915181636864,4.53041956998513,0.0889875314418009,0.0245640197950202,206.756756756757,50.5366917461608,65.5132082552677,126.948349264986,18.7132347910294,FAIL
4.39935998378963,8.01433432870754,3.94037378598812,5.12502942767835,0.075150987321028,0.0133739359502543,197.567567567568,50.4590147383228,57.1310159409992,144.677123143925,19.0695892798581,FAIL
4.5716784078558,8.3605104581521,4.51659150476565,4.76087816348375,0.135988473526758,0.0702656000612206,203.513513513514,50.5337983659923,62.4894456202876,134.927010067471,18.872388065529,FAIL
5.25441121265711,7.31487563275341,4.35260031299403,5.91437425520724,0.151461207230922,0.088881168419414,181.891891891892,49.219590858959,48.1794444923731,161.517057272335,19.7882053900145,PASS
4.34724486369405,7.4092650948712,4.06376337754448,5.57231780405987,0.0602543764835047,0.00162405223591167,188.918918918919,50.0073797409513,50.9524938410496,155.568181428763,19.3954421997396,FAIL
4.83150018260266,7.51190059532303,4.35123574085368,5.52308514471433,0.124619404523277,0.0624760937518213,188.918918918919,49.8186000445786,51.8259148152069,153.456004649841,19.4437385329958,PASS
5.12983485495566,6.58842816446243,3.94024043459474,4.83603601102609,0.179288429214957,0.118027903852657,192.972972972973,49.6241266302455,55.0106863949984,131.780232097399,19.1497689771366,FAIL
5.44209144519047,8.36430065495225,4.83783731421333,5.31268107714338,0.228406120682565,0.156777425752501,193.243243243243,49.8789890063739,56.714035940166,148.184577229211,19.3486709359858,FAIL
5.49296952540861,7.27792400250785,4.6968457768207,5.390810480435,0.215661136070737,0.149444650010059,187.837837837838,49.4431169732053,52.3467992452126,147.604645680045,19.505318642175,FAIL
5.43237963920459,7.71376845186762,3.13459992267155,5.72714285383984,0.125593157959185,0.0610140804802025,185.945945945946,49.5079833575074,50.8639230784229,156.449968909661,19.6110711484587,PASS
4.47231750647872,7.46562983863133,3.36537112792892,6.46803880756764,0.0265827955846207,-0.030026880285093,177.837837837838,49.2139623781541,44.70333165733,176.69823778129,19.9632266764734,FAIL
5.38427627655857,6.98089343927305,4.34099165661375,5.64809754283554,0.176363138135366,0.11370685444394,183.513513513514,49.2111219620989,49.1462145440987,153.467404823906,19.6764019838135,FAIL
5.63519719952075,6.90090643134985,3.46739273385784,5.03906079896767,0.197714343416339,0.132492569464212,190.540540540541,49.4336782335972,54.2608600739908,136.174963663874,19.3125036405025,FAIL
4.4286173324175,8.34337380167422,4.88796481120263,6.28436956677981,0.058937656768031,-0.00311564583351542,183.783783783784,49.6896280724101,48.4243891535268,176.62052570184,19.7871027219816,FAIL
4.06776085740162,7.00018996258459,3.68570129686671,4.92830513640294,0.0426286763127124,-0.0134446347199488,196.756756756757,50.3584616827956,55.3951557709413,137.813406312708,18.980213929368,FAIL
5.96828335950916,7.01254308504846,4.40697334984606,5.40460472907999,0.251600406018875,0.183695993450527,185.135135135135,49.0820731092668,51.3960876514077,145.546144778628,19.6148335671559,FAIL
5.88194996258693,7.15824627911842,4.77996798003904,4.9885460372268,0.289513877911243,0.218997987919714,191.351351351351,49.3653773612185,55.8512414189512,135.425791871702,19.3321060238956,FAIL
4.19254158707832,6.8269925222291,3.92559076111668,6.12081711869059,0.0306035510604803,-0.0239752400853762,179.189189189189,49.3416260379795,44.9802938997157,167.496900666936,19.7927496554596,FAIL
5.2815840565138,7.51709953131321,4.35942508582011,5.15303345014827,0.196295264396946,0.129946789091642,192.432432432432,49.7836977825049,55.3451009360403,142.265202602333,19.2888423839321,FAIL
4.90799047630662,7.73081778375137,3.6478443940401,5.23785826457299,0.120303555622815,0.0569189113578377,193.513513513514,50.0533849157961,55.1454510718269,145.589048104744,19.2386063569409,FAIL
5.38851249967519,7.17930372700666,3.85532364385444,4.9437375374777,0.198774880924801,0.133128716143265,193.513513513514,49.6961797316451,56.2430256458135,135.185786169672,19.1972053722228,FAIL
5.50497529918768,7.9498263934464,3.87155253826154,4.64289862540873,0.238707016264621,0.166848899440306,200.27027027027,49.8964413452202,62.6517810669814,127.698824093039,18.974038395366,FAIL
5.32896470129232,7.26250921897101,4.85658120506402,5.99288953077577,0.169517528603623,0.106480969165677,180.540540540541,49.0622244986629,47.4809898834956,163.38383215594,19.8745612950053,FAIL
4.71971613124131,7.15291868758494,3.30678748000723,5.82830600372505,0.0674618159540474,0.00959199757436213,183.783783783784,49.5553904183386,48.1453124460988,159.74816847377,19.6237316241181,FAIL
4.35770968550809,8.16519598399298,3.02431883585637,4.61517733585169,0.0478614358171259,-0.0133838770775181,205.675675675676,50.6444387419291,63.4670957076975,129.645173840449,18.7318036847126,FAIL
5.53950055050369,6.49255484252279,4.75264475491561,6.03760125759627,0.181977236999896,0.121899521499203,175.675675675676,48.5235233299637,44.7508034298706,160.898219665904,20.0441237663428,FAIL
4.19528802046791,7.2911146625242,4.16129990133551,5.7137818963061,0.04229929324737,-0.015066307398484,187.027027027027,49.9189058621462,49.3951039499434,159.303460593227,19.4757132098826,FAIL
4.41321024165181,6.70708409594281,4.0118259840552,5.46755088181644,0.0753478732804154,0.0190460110845371,186.756756756757,49.7290942421492,49.4364477986776,150.696809906996,19.4186307629499,FAIL
4.24589188372212,6.99982572738326,3.27222485845443,4.60499435822546,0.060020648880115,0.00328932395372794,201.081081081081,50.3535452969251,59.0074993088398,128.115495271361,18.8043173211293,FAIL
4.76864876855903,7.87919450813887,4.31175656917786,6.41637003710213,0.0803747569365756,0.0194846833104911,179.459459459459,49.2401225127114,46.2974843115429,176.883139520443,19.9656724934733,FAIL
5.01052342426746,7.67179193033381,3.69203411781979,4.99222515497272,0.146540846158396,0.0819077619902983,196.216216216216,50.0691103268711,57.4514962467019,138.4768120512,19.1146510685153,FAIL
5.90243719680629,6.73079052691793,4.05497786718435,6.49392932371298,0.172822806185366,0.11208583256954,171.081081081081,48.066406194078,42.6951659578009,170.610180521298,20.3600399882774,FAIL
5.81863654761518,7.70363903930653,3.26289505301779,5.94875516506315,0.157076376130684,0.0905462035493118,182.162162162162,49.1308898126744,49.199177234778,160.842702103541,19.8218469532517,PASS
5.26664089014275,7.99504603337256,4.49636189016363,4.56842398035115,0.245460238507555,0.174608062994386,202.162162162162,50.0307533625536,63.7332117078804,126.775732117089,18.9023421203585,FAIL
5.00558151480174,7.15175798037129,4.78645507728998,4.86571138640688,0.194563743170759,0.130567607754488,195.675675675676,49.8933818495294,56.9085306990505,134.740433014588,19.1120291950757,FAIL
4.23164180435264,7.20470487226578,4.362484987631,6.00077545714165,0.0431461474197141,-0.0137822152183728,182.702702702703,49.5994187654308,47.0038140938624,166.21442728092,19.6850685216712,FAIL
5.43541704212962,7.86582624891739,3.63099150694032,5.84101375783773,0.14588298407365,0.080260901289181,185.135135135135,49.445718314603,50.457413301935,160.079424620682,19.6858534996849,PASS
4.22813827248679,8.29842049804092,3.9563649888963,5.69072840422827,0.0317524828624397,-0.0291470676829373,191.621621621622,50.3151102664955,52.7494203975823,160.966658869189,19.3574362816558,FAIL
5.20095799943204,7.19252557018841,3.16995601321097,5.02301068903204,0.139250243852122,0.0762524295489666,193.243243243243,49.8095353003066,55.3987576101906,137.483959150739,19.1919460721397,FAIL
4.53012489047876,7.40777939316175,3.42586171007322,5.20803969892375,0.0721441797511699,0.0127675244612144,193.513513513514,50.1651020969891,54.2079522222577,144.976155567384,19.1804463204828,FAIL
4.38957718437497,7.4188059326461,4.37758343029438,5.40530860947013,0.0796543673954535,0.0200762277546418,191.081081081081,50.0929785959859,52.4391643345708,151.386970772679,19.3059277632021,FAIL
5.93191698504931,7.92369634183744,3.02671945848234,6.3033643151869,0.137429262946705,0.0709570573838991,178.648648648649,48.87979391192,47.3407227369945,169.540508610873,20.0335971075629,PASS
5.02789205349811,7.65422554949808,4.44028839602783,4.54927510407263,0.209749801037837,0.142724842291523,202.162162162162,50.0842862835804,62.5792822767576,126.383011128709,18.8762827860866,FAIL
5.33960938789369,7.92303279152134,3.25331407182469,5.8682721069361,0.117083186152059,0.052505415574025,185.135135135135,49.5206210615218,50.3812503794714,160.918550912687,19.6670440826746,PASS
5.41746971166122,7.85097005547214,4.66505348886291,5.70071605141219,0.191406082362822,0.124150974277421,186.486486486486,49.5021711733421,51.574103811116,157.336409497948,19.6277741747397,FAIL
5.95124070007266,8.21103033352216,3.12150036944614,6.00560286090598,0.157724760125542,0.0881503058629148,183.243243243243,49.2093554796771,50.3125246269319,162.94824452042,19.821657040342,PASS
5.00973467588285,6.76134516680609,3.04229132347591,6.44486952107311,0.0674589032836905,0.0119193637692947,173.513513513514,48.6585670101403,42.8647311049586,171.949485696663,20.1218326543035,FAIL
4.12991394371245,7.77077327795432,4.83048817642261,5.9657421118056,0.0368741817653817,-0.0223409018535607,185.945945945946,49.9130706436697,48.9860277920941,167.764180944777,19.5921156824222,FAIL
5.67856941185113,8.00186915510146,3.21220118766094,5.92994871162594,0.142861910157775,0.0758666658887387,184.054054054054,49.3283189614181,50.2141387594009,161.539189413537,19.7530716676216,PASS
5.95362119785396,6.58222912235355,4.65938299953732,5.05961039440922,0.279382927066715,0.212156460889155,187.567567567568,49.0570487766,52.9621402679839,135.643869126225,19.447527082282,FAIL
4.09822242127601,7.4884423230136,4.58979478923404,5.58186299355469,0.0428923272617874,-0.0155006516347588,189.72972972973,50.1400284709635,51.0977985024788,157.073228772764,19.366155237164,FAIL
4.41935342628261,6.99984890090336,4.19075774770596,5.85465964705707,0.0652412853806652,0.00825988898616181,182.972972972973,49.5529535142392,47.4341244585738,161.375914763289,19.6412259689962,FAIL
5.19354194493604,7.03014905074106,4.76047636894726,6.43637446718404,0.13398446396494,0.0743191238330969,174.324324324324,48.5908538443312,43.8295249379308,173.318512470782,20.1801214067093,PASS
5.84100567449504,7.10444864134496,3.25077484056995,4.98218520480179,0.208717435770475,0.140753366987357,191.621621621622,49.4287971992401,55.6430582347292,134.322089791623,19.2842837654916,FAIL
4.96474437283946,8.23586387689437,3.55521546783175,5.76769501675436,0.0975447300932079,0.0333153018635762,188.648648648649,49.8773449144138,52.0688334706176,160.466055948625,19.5219540255957,FAIL
5.18137289685204,7.26996945837789,4.66392275838994,4.73526880770153,0.222273399130584,0.1560953854093,197.297297297297,49.8655942983056,58.8591759832125,130.742479825493,19.0483436965853,FAIL
4.9333306259404,7.05462896561649,3.39614073393343,6.11746417728576,0.0817715968977221,0.0238824122062197,179.189189189189,49.1385989339418,45.8321233421672,165.894356547759,19.8646456587109,FAIL
5.68159351040176,7.89399487726715,4.58109271147053,6.36251363009701,0.181343337352035,0.114881698620105,178.378378378378,48.831377506498,46.8818296763866,172.91883459367,20.092866128013,FAIL
5.60023978015527,7.85236633287315,4.25657816861522,4.55594473411657,0.277873257867817,0.204617025163037,200.810810810811,49.7961082905407,63.4237742201876,125.04279529054,18.9553881120028,FAIL
4.77829374618687,6.72470812984717,3.58958307628882,5.83927903583972,0.0858965207649268,0.0291781891702541,181.081081081081,49.2839342277536,46.691727789756,158.695615131969,19.705936648669,FAIL
5.76058344309931,6.53936875706596,3.26727744262288,5.60986481439801,0.167540734774048,0.106024762830995,181.081081081081,48.8965406453427,47.9583059908461,149.355236593805,19.7318954765735,FAIL
5.79662457064126,6.42212534563694,3.98769263471903,5.41122374408905,0.213318606537872,0.150483621321996,182.702702702703,48.9013214699332,49.1681619165922,144.319169532823,19.6495371816056,FAIL
5.70664184975248,7.69174334118408,3.61509642828813,4.61540121663827,0.247409536373796,0.175093307933139,199.189189189189,49.7140891424709,62.0430470112168,125.759095139107,19.0043292967689,FAIL
4.24798928487047,8.2831483493882,4.74133298070376,5.34251148651141,0.0684068995203712,0.00587160508666507,196.216216216216,50.4957481056395,55.8656877596007,152.316805124076,19.1715825128171,FAIL
4.07462074781791,7.95620935376764,3.64276251792533,5.7614429420045,0.00626867217830418,-0.052143910130881,189.72972972973,50.2326126966146,51.069162004495,162.032161341017,19.3975091472534,FAIL
5.4168725236577,8.17881381409522,3.86479350936491,6.4266817394471,0.12866757097603,0.0636143634812114,179.459459459459,49.0550788561249,47.1721432759671,175.605354115309,20.0321081830181,PASS
5.09325438908394,7.77215336954304,4.02063855553089,4.62131161420325,0.195263026276508,0.127891975817656,201.351351351351,50.0910281658831,62.132950580713,128.151282761878,18.9105985744654,FAIL
4.642473292183,7.0798992648209,4.13917316496017,4.94354543946845,0.124770108388796,0.0645158908376412,195.405405405405,50.0635597006578,55.6988563405919,137.319948495489,19.0903861112907,FAIL
5.03178579175879,8.19085063286934,3.44042092730515,5.39338171149598,0.115594674637202,0.0501490627102544,192.972972972973,50.0648856854697,55.2221351748022,150.152076046961,19.3059809579919,FAIL
4.97386627225741,8.01942653174858,4.99290483386954,5.33335626189254,0.171118330654098,0.104602444866149,192.972972972973,50.018266075102,55.2716977497667,149.669957738272,19.3168212276797,FAIL
4.10800222232282,8.18576007648437,4.81146363142858,4.74896364518052,0.0771616728134817,0.0150551868831713,204.324324324324,50.7539457140926,61.8806929977077,135.758732851172,18.8070721172283,FAIL
4.42196647488454,7.47827492685158,4.01592214887266,5.60119323094988,0.0657260196661307,0.00657544708975322,188.648648648649,49.9786234501043,50.9541618371714,156.262671828757,19.4174046681847,FAIL
4.03751512106515,7.91235652269159,3.88149146971344,5.20026313298952,0.0254401990289661,-0.0336809526412825,197.297297297297,50.5862378323238,55.9322462097242,147.34848932414,19.0608158908142,FAIL
5.76774002183447,8.31973414943874,4.16020700863326,5.52397869700356,0.22394342195211,0.151519559943045,189.72972972973,49.6017693743566,54.6366355269672,152.176134549659,19.5179684345065,FAIL
4.62973379060606,7.04852827377687,3.14427788157623,5.36896983231482,0.0680462305440807,0.0102973803786872,189.459459459459,49.8955954178374,51.4822993072382,147.943400914817,19.3228652652011,FAIL
5.18751881654474,7.09100601682903,3.99402242627333,5.32087736560807,0.16120529250242,0.0985704392702498,188.648648648649,49.6014081953674,52.2217847277784,145.776749212159,19.4103890185471,FAIL
4.55622956520125,8.08702993013194,3.10168676024583,5.96550166280463,0.0307278680773998,-0.0292926980591139,186.756756756757,49.9113670643648,49.9503759954924,165.907626317855,19.5728734947503,FAIL
5.90090381430148,7.04835602513397,4.73136646108181,5.13593558329759,0.276688752398834,0.207438760224207,188.918918918919,49.2574998685878,53.9769450162379,139.036877218736,19.4374853308472,FAIL
4.48492618181179,6.87289208235105,3.7113153910245,4.8686454141631,0.0958909760299961,0.0378917791451128,195.945945945946,50.1020884693553,55.6300358043828,134.934580337073,19.0268817848322,FAIL
5.12860677283834,8.08667641231674,3.8970095868611,5.53168930676611,0.140716161158616,0.074780235405563,190.540540540541,49.8814600942561,53.6685887960013,153.750609761852,19.4293387104335,PASS
5.44119435288981,7.83771579666471,3.11130824792361,5.30265456419641,0.144249899215986,0.0774493341970209,191.621621621622,49.7938307087841,54.9905589184919,145.53639554243,19.3395160877411,PASS
5.78237464566691,7.50206393731644,3.79910544969487,6.47180178207395,0.156307593047105,0.0925025685785777,175.135135135135,48.5562908086708,45.0546995074302,173.260407210025,20.2032864937615,PASS
5.55689240452905,8.30232040093392,4.21207211508744,4.98446812378474,0.239562764624879,0.166523152220233,197.027027027027,49.923100868892,59.9341586147699,138.060886031527,19.1628083507105,FAIL
5.14334465747649,7.83168026299876,4.11037402644045,5.27807279314243,0.164272260559177,0.0982410995193727,192.702702702703,49.9205214126428,55.1780870419057,146.549886037929,19.3063980667915,FAIL
5.41066091575283,7.9576251933507,3.64905798647159,6.40022677547656,0.120690119010841,0.0568462001729575,178.918918918919,49.0113267034642,46.720661548845,174.162821801703,20.0307580922728,PASS
4.04830079197379,7.06061479615054,3.59838596058534,5.92816047856385,0.0100709488207117,-0.0447661069354817,183.243243243243,49.7296799979504,46.9959395737596,163.752443192432,19.5970288720019,FAIL
4.82389610460036,8.22602463797079,4.2748860628477,5.38502400745857,0.127048155397173,0.0617291935158231,193.783783783784,50.1588495848313,55.3995508213205,151.351112643308,19.2872336957832,FAIL
4.9091926879876,8.15210114034616,3.75745769676404,5.9136621123442,0.094510194147498,0.0310946430456208,186.756756756757,49.7576338380065,50.6489914638237,164.376951826633,19.6181130241014,FAIL
4.31191437041706,8.23792172234686,3.29447169790377,5.15828314458729,0.0355397849937383,-0.0254194428433513,198.378378378378,50.5809931892004,57.5012191538375,145.588434027338,19.0378970309256,FAIL
4.67775555761913,8.23475141670634,3.48467641799409,6.03784194986624,0.0551437540544514,-0.00653149982635692,185.945945945946,49.8182173648183,49.8843308559723,168.125148637358,19.6387328969406,FAIL
4.24642984321138,7.70070425916965,3.73692142820435,6.42458626166565,0.0141462285949059,-0.0430684726318911,179.72972972973,49.4400788006692,45.6155752537112,177.326662028263,19.881922229004,FAIL
4.75802666933484,7.57570961088683,3.85022907235549,4.55895571517939,0.147871209747092,0.084283822893033,202.702702702703,50.2336664117935,62.0494929408317,126.871386298073,18.8302495584626,FAIL
4.53463777464087,7.09975016798785,4.66089531121259,5.25375082073812,0.11212660642659,0.0524213033457916,191.351351351351,49.9665108719137,52.7387196050705,146.391482186716,19.2764569432752,PASS
5.86165519115437,7.4691283463973,4.43516950496927,5.32675052913426,0.251782337668171,0.181751264537622,188.378378378378,49.3635551323081,53.6598046717054,145.015733275435,19.499574830259,FAIL
4.97917566276178,7.51973486722484,4.06404690544155,5.50090805399458,0.132557534035998,0.0697727956038071,188.918918918919,49.7712037404515,52.0642257491934,152.235501673589,19.4454163415467,PASS
4.09113935093897,8.0840438450668,4.61129203960727,4.60525059343413,0.0766500041904954,0.0151553497741171,206.216216216216,50.7472107937925,63.2756593149033,131.266767004531,18.7250681188383,FAIL
5.78481632959092,7.90267660795656,4.83342963605841,4.58538500368051,0.327505789793446,0.251475220893615,200,49.690696586107,63.3102816163161,125.799320909727,19.0106981915602,FAIL
5.02397267578194,7.59102704514309,3.07243372140138,4.68658620764526,0.130589394046794,0.066292323931326,200,50.1109725444324,60.573935250619,129.263195374169,18.925895311419,FAIL
5.94271533247887,7.03070944219727,4.1559073551859,4.82399869422899,0.280860111252939,0.210403126314596,192.702702702703,49.3433161792179,57.0999065658172,130.107380654912,19.2379230006569,FAIL
5.43831322558753,6.44801794038331,3.68526657784708,5.46921087478062,0.165541544871499,0.105405092106348,182.972972972973,49.0878621827859,48.7004169789509,146.798548731337,19.613749920509,FAIL
5.96703168905092,7.46362923906919,4.27608388197465,5.20355618022949,0.264873828427755,0.193549835942201,189.72972972973,49.3667546910692,54.821443068373,141.277055241969,19.4367450832939,FAIL
5.96630325882994,6.66054755301649,3.54833152015136,5.95956795387149,0.181552203815594,0.11919012519723,176.756756756757,48.5524958577047,45.8620076273536,157.656846228797,19.9939185021091,FAIL
4.9170056229991,8.09408866853401,4.97448725109714,6.24742881458136,0.11845404652406,0.0547146499320519,182.162162162162,49.3813972889424,48.0855924558539,173.622704733378,19.8763571414917,PASS
4.80828139171877,7.0183031981485,4.17793906866077,6.10314746958837,0.0953725613807117,0.0371857391404603,179.189189189189,49.1414462530547,45.826509746858,166.335962061808,19.869243805334,FAIL
5.21731821906566,8.13046993541499,4.89448794367835,5.14760310631177,0.211570511076791,0.142204115591541,195.135135135135,50.0052335988658,57.5357636244547,143.951693596839,19.2327947708656,FAIL
5.93383165048213,7.43999508507576,4.46592642307894,5.79293600755993,0.229837860336908,0.161611920201092,182.432432432432,49.0129662294731,49.6385838281541,156.716085672363,19.8123391152893,FAIL
5.37187491541902,7.14162239900823,4.41801368907086,5.60050337687979,0.180689473861275,0.117062916291424,184.864864864865,49.3252329307794,50.0677685781023,152.831389955403,19.6266369645905,FAIL
4.90623804088574,7.80947439667889,4.44476427137713,4.87591898936048,0.171905352544297,0.106136765662645,198.648648648649,50.178589976623,59.2245785149529,136.35105721221,19.0356314946305,FAIL
5.78131371199132,6.87694494901149,3.31718000863028,4.57646192819459,0.233587193657393,0.165360105522599,196.216216216216,49.4258894207575,59.2400106684613,122.975335439778,19.0531413766853,FAIL
5.22319513783327,7.25291049745954,4.7755154137685,5.61580668492391,0.175473101882566,0.111903905092439,185.405405405405,49.4257251946015,50.2961413210474,154.254055229031,19.6089116628682,FAIL
4.72694324195058,7.14644688625011,4.07341910445435,4.62426307469335,0.149905780510412,0.0882160601484783,200,50.1098095326268,59.5311250509382,128.275622046005,18.9040671097599,FAIL
5.20733523243006,6.62147215111515,3.36758791882423,5.51542776781014,0.129058409120301,0.0699894865415442,183.783783783784,49.2815836203363,48.8842767475632,149.013776172039,19.5710626848745,PASS
5.00778147488979,7.21666386109627,4.26515061648465,6.01702252986936,0.119889111884333,0.0595266654294196,180.810810810811,49.2151808611821,47.0800191239091,164.416029055599,19.8231301955687,PASS
5.28672815050368,7.88437615209599,3.73173337012193,5.29565025949717,0.162846347831002,0.0960657713560629,192.162162162162,49.8655950427004,55.2068400866048,146.388428999697,19.3254318972192,FAIL
5.14483486203579,6.57855124865709,4.66215944384133,4.62913364710398,0.220849748744825,0.158046031124608,195.675675675676,49.6286746394506,57.2667717697856,126.467306646514,19.0434992989819,FAIL
5.18013148442298,7.50328035999908,4.81781875167068,4.93059205571662,0.215034915286186,0.148229051943907,195.675675675676,49.9029551900868,57.5782863090702,136.764529911456,19.1485817377315,FAIL
4.58784923426128,8.12314055844639,4.80835378549175,4.6518562663721,0.154951493481365,0.0894445810019211,204.054054054054,50.4666410594123,62.9774955097368,131.591964464036,18.8352570676587,FAIL
5.73409792946926,8.24454876694972,4.7942142528018,5.84244529536632,0.224990106288683,0.153959715839423,185.675675675676,49.3658110957321,51.7085549521435,160.997510752584,19.7341940505034,FAIL
4.76017453202363,6.83733688802109,3.74894142541904,5.66743421237508,0.0946861231104237,0.0369372692233563,184.054054054054,49.4805550042968,48.3555791816896,155.000181264384,19.5817431218525,FAIL
4.48968779986799,8.27069141913993,3.83872061140539,5.80100271975374,0.0551363483773426,-0.00669859428653441,189.459459459459,50.0953908509999,51.8079799334659,163.017887989308,19.4683799023259,FAIL
4.09112206768218,7.09542773514048,3.58853407166424,5.11631474905106,0.0351143097090654,-0.0210922571415798,194.594594594595,50.3113998476845,53.8715633901851,142.994563531466,19.0865422950407,FAIL
4.21287840385121,8.11682217510857,3.05281150888445,4.76162238164614,0.0265430285851946,-0.0333858751387373,203.783783783784,50.7110968984765,61.4353002254129,134.182041239283,18.7945535687298,FAIL
5.60138274783394,7.23326026107797,4.91275971669622,5.55551680395984,0.223597533129273,0.157284717173332,185.135135135135,49.2554126865585,50.812557869637,151.535355256659,19.6394412808208,FAIL
5.97852932587741,8.31211605055938,4.14934158363884,5.14625202633094,0.273832130609718,0.197517215944378,193.783783783784,49.6453715269142,58.3306283811186,141.184107718523,19.3257335732312,FAIL
5.83227684515514,8.06671213666017,3.53949984580272,6.3182107026071,0.156678481876422,0.0894903330218818,179.459459459459,48.9287280603298,47.6522347295435,171.007457135978,20.0322794186885,PASS
5.55180136352207,7.23797467658572,4.64542906443744,5.27071523273428,0.227816801597181,0.160950693969761,188.918918918919,49.4656622044311,53.3058888744701,144.125771623205,19.4421638707598,FAIL
5.06258019288149,6.48892167547138,4.98259048390826,5.45095976535782,0.169919971161459,0.110220611763214,184.054054054054,49.2523169038286,48.9685132243842,148.347142354008,19.5739931183859,FAIL
5.85695294207854,7.76295423392922,3.91015273040232,4.68492256285428,0.277919432914941,0.203608679843737,197.837837837838,49.6405597683057,61.5127587885138,127.59122072295,19.0713041424629,FAIL
5.95970078199443,6.98170711870889,3.63632590622315,5.69123367665427,0.19965614787033,0.134259018926218,181.621621621622,48.9201367069665,48.9012447081031,152.249395770074,19.7771273599764,FAIL
5.81834174994555,7.12568714027099,3.55281414436755,5.50000225396728,0.193827577159375,0.127899018658719,184.864864864865,49.1953051227384,50.9052848513138,148.23526983679,19.6108718887164,FAIL
5.08877478860019,8.3915961474769,4.41997280436092,6.03732246493588,0.131509230494429,0.0655080418151038,185.675675675676,49.6141024889612,50.4697692442873,168.168985982849,19.723272871478,PASS
5.41485736111456,7.84028307031039,4.42216504933138,6.20891043688837,0.157088825583831,0.092089353592016,180.540540540541,49.095268473952,47.704908957436,169.842613202845,19.9479083498636,PASS
4.58796717944052,8.0863508752485,4.95148149491189,5.82468104342765,0.0976141429085721,0.0345872742841392,188.108108108108,49.9181479020827,51.1257499004287,163.964223724129,19.5498428962546,FAIL
4.82194970374042,6.74396607075389,3.905288471655,6.31252442945213,0.0839600244842708,0.0277757208859002,175.135135135135,48.8017024885005,43.6201217188645,169.9387534283,20.0417983094087,FAIL
5.0420093556431,8.10908743554984,3.64963048974057,6.22650254043657,0.0922165981553722,0.0292752948721823,182.432432432432,49.4156312808454,48.2465595497935,171.575645314706,19.8390663009151,FAIL
5.0430059024759,8.22888098519494,3.55753491706552,6.3524631809355,0.0837934772541311,0.0208752680287843,181.351351351351,49.3497263083902,47.7151099584973,174.879426032459,19.9034134198647,FAIL
5.72197368818248,7.02771339899078,3.24991818873662,5.83830863705369,0.153085262304321,0.0901881068081177,180.540540540541,48.9849210962709,47.8683885310413,156.554176541707,19.8120696705676,PASS
5.56735098826521,7.1716509031469,3.77412618704336,6.20334400750389,0.147786921842915,0.0858163377983538,177.297297297297,48.7733433880747,45.7597028323617,166.592468959086,20.0295482956929,PASS
4.89814797471422,8.05716600575409,4.67117961458871,6.28519068324792,0.107478054266965,0.0444336458484788,181.621621621622,49.35623549326,47.7073427510439,174.223536073669,19.8928603302837,PASS
5.50288749588737,7.74925110965268,3.24055825530806,4.55904734990715,0.20328643877287,0.133049833414235,200.810810810811,49.8551931413621,62.9112502357471,124.569171234526,18.9241890281944,FAIL
5.22716068659018,7.8639931740924,4.90497717407835,5.7527634757116,0.174634898214374,0.108534087709182,186.486486486486,49.5610369555258,51.1577869948549,159.519052726986,19.6338551056602,FAIL
4.93766828135858,7.37225272253639,4.73261254702437,6.13544521284276,0.120014985230491,0.0591521741769605,180.27027027027,49.1831627582616,46.7392756468732,168.347582670194,19.8851137353479,PASS
5.21676916416883,7.5364269942658,4.013906303507,6.22998850019256,0.123382221420808,0.0614536370223693,179.459459459459,49.0714742705981,46.6160122432931,169.728325550396,19.9503907331197,PASS
5.34434562885826,6.9771670551911,4.81169920730478,4.61891295642741,0.254550343565891,0.187926328563984,197.027027027027,49.6734541785142,59.0932440452422,126.515943416999,19.034798021589,FAIL
5.05699665526697,7.41648332758517,3.97593387005542,6.19945322774913,0.108401802764041,0.0477989857528639,179.459459459459,49.127115253099,46.4319567505914,169.082381997663,19.9165860637807,PASS
5.76757390518629,8.26294139192761,3.3009787649523,4.56252505029041,0.240139096416863,0.164255929651946,201.621621621622,49.8049145976363,64.9324437569364,124.541550660874,18.9352708472941,FAIL
4.39184835537723,7.6739471486349,4.50167349718856,5.11766838992347,0.0940726997281773,0.032854970562889,196.216216216216,50.3391720951584,56.0411020959603,144.315855513666,19.1078132481238,FAIL
4.85134499835623,7.6547354007836,4.24756253065836,5.67630327301841,0.116485457056647,0.0541566258054283,187.567567567568,49.7605226603806,51.0112527961974,157.651448193492,19.5256343325221,PASS
4.61494373556335,7.050543721944,4.88879313759578,6.23575219384103,0.0873421833522832,0.029422527850997,178.108108108108,49.0805235776163,45.040735663806,170.639345470916,19.9451915263358,FAIL
5.2662735914788,7.51302086156744,3.73953391312528,5.56237610182557,0.147081316735095,0.083083872183297,187.297297297297,49.5918357114755,51.5679025361679,152.692023134397,19.522580169641,PASS
5.39085841366735,7.87091203031492,4.2854387741692,6.04143757596221,0.158092772290166,0.0926413989985688,182.702702702703,49.2755065108372,48.9743515321911,165.793985626652,19.8273689855916,PASS
4.44919562073395,7.26366003516501,3.56110929054436,6.14980442777818,0.0403653495230173,-0.016351549753465,180.810810810811,49.4302814805422,46.1670188114134,168.794981143066,19.7834913254409,FAIL
5.13531201939296,7.95543115029561,3.80505941190635,5.87114643333637,0.122049515135037,0.057862748818576,185.675675675676,49.6012295529995,50.4389393784761,162.16391688391,19.651068459611,PASS
5.66039290096107,8.02184333757702,4.6863388212636,5.19674505203902,0.254389018101165,0.182222959080738,192.972972972973,49.7102546009383,56.768167174875,143.518543654414,19.3406277362207,FAIL
5.87757812726904,6.54528332917001,3.38298631265981,5.59861509550382,0.183538511891946,0.121034916608947,180.810810810811,48.8342659569802,48.0960761563907,148.782230839936,19.7480509014528,FAIL
4.94613605096305,6.5519370274979,3.05533829702759,4.60330278904831,0.130477633761994,0.0713041988176704,197.027027027027,49.7933676779665,57.3361146809515,125.344481410838,18.9538772638544,FAIL
4.7885867232717,8.34456093132857,3.71586396468123,5.55960652291232,0.0932685275765598,0.0289496923859794,192.162162162162,50.1353210666686,54.1479597446366,155.877218469778,19.3606970887742,FAIL
5.50875606832826,7.12238392926064,3.43127739502061,4.52919929920678,0.216694010058935,0.149245720197877,198.648648648649,49.6606773407717,60.7716260866909,122.915080369695,18.9623156053313,FAIL
5.34351345037304,6.7668158907175,4.0725741211426,5.02588798894008,0.196615491597924,0.133419688012197,190.810810810811,49.5171764463211,53.8382399807254,136.755294268816,19.2883524042429,FAIL
4.65402042029213,8.35611471206075,3.39889813225741,6.10498391315967,0.0463595741934402,-0.0153438541375358,185.945945945946,49.819329471694,49.7266183619757,170.083181023653,19.6614109656686,FAIL
4.91494397168317,7.54491863340952,3.37165572654061,4.73874980180828,0.133284527049324,0.0697308341885967,199.459459459459,50.1454930835483,59.7640569296743,131.187364558231,18.9507024872951,FAIL
4.52140844147043,7.63600150159844,3.99401776252065,6.47641001545983,0.047132248163666,-0.0111624047217463,178.378378378378,49.2143021007229,45.1727445330804,177.890007333818,19.9814865687668,FAIL
4.28613272488859,7.10799123841359,4.05778325429885,5.87012760890519,0.0467451124677436,-0.00990606561828822,183.783783783784,49.6663490260287,47.6360095311992,162.337070509713,19.6106108586564,FAIL
5.03164939918929,6.58148844975394,4.91778555814443,5.39258216520385,0.168325144183555,0.108242240679379,185.405405405405,49.3611717192945,49.777195522845,147.230692064073,19.5165227314614,FAIL
4.65418148696605,6.4725399938882,4.0266463124389,6.11061867969794,0.0800422848402913,0.0250629840520168,176.486486486486,48.9203096034827,44.0116634610228,164.783152504911,19.9206435702836,FAIL
5.87197243606564,7.36949460430498,3.93969971222443,6.18861400850779,0.181957836580526,0.116912000647763,177.567567567568,48.7153346994192,46.5232175142102,165.991947316128,20.0521408328942,FAIL
4.24249333935935,6.70252645485194,4.32913953274452,6.13477088296798,0.044827747704679,-0.00988586681886749,178.378378378378,49.2075340500475,44.5240727149457,167.530421360585,19.843583327778,FAIL
5.62661916935909,8.14503198287034,3.82244844177571,4.73255231997657,0.24510974258179,0.171499639652721,199.459459459459,49.8760676371974,62.3070138863264,130.135732444805,19.0302329094039,FAIL
4.05192633552747,6.68052973875002,4.35385762445743,6.18272670947158,0.0254240822730299,-0.0285153500120233,177.837837837838,49.2396536699913,44.1107067834644,169.00235719373,19.8476642973154,FAIL
5.2086873454085,6.74050659978952,4.13569780293591,6.18962978344689,0.129056938131561,0.070549326880347,175.945945945946,48.7179783678474,44.4653836432583,166.088660739435,20.033326559286,PASS
4.77527566013887,7.62867167569761,4.02288167313462,5.3441386053762,0.11545272418649,0.0531270623420734,191.891891891892,50.0163307927812,53.7786944327363,148.916113808159,19.3018611209543,PASS
4.20059796214122,7.9516163038158,3.52221405908972,4.61164188436205,0.0546404440144889,-0.00558662167266066,205.405405405405,50.6678085267986,62.6799943772218,130.066998954722,18.7320714676552,FAIL
4.72476761287622,6.80946998527033,4.36774872932613,4.74277220363923,0.153469383739923,0.0931466681849525,196.486486486486,49.9575374951686,56.8225233384575,131.128079352613,19.0136032440338,FAIL
4.99302156599603,7.70776448143169,4.06273984512215,6.40974611305624,0.0964797989119718,0.0354799093266784,178.378378378378,49.0770233866179,45.8910913446763,175.279535065754,20.0116162085416,FAIL
5.42290139414252,8.09774476242988,3.92914271087969,6.1638339236605,0.142874011193667,0.0770838960107952,182.162162162162,49.2582114947325,48.7468633208176,169.037213469568,19.8748243440908,PASS
5.10407271631425,7.12718000693799,4.35404611116367,6.03132753586466,0.131420560414596,0.0709026172787699,180,49.1022061703721,46.7236094951467,164.229551199797,19.863375154442,PASS
4.9246032230616,7.63377325191894,3.39056355952026,5.85296770676217,0.086034063914845,0.0250175955164451,185.135135135135,49.6283038166382,49.5267906615518,161.177093158787,19.6230064797891,FAIL
4.39309514339732,7.53240524691161,4.90195209666688,6.42471535257406,0.0556678065837385,-0.00287109495029381,178.648648648649,49.2290972812873,45.2131672630891,177.456735846725,19.9699115445945,FAIL
5.56174369299158,7.94282817981684,3.99780321357904,4.72347594400839,0.246253769623938,0.174061266304138,199.189189189189,49.8601745806902,61.6523306925067,129.923225828904,19.0335334790041,FAIL
5.83084961961714,8.11055552907556,3.3897304582846,5.2581943342584,0.203696911756971,0.131549331876685,192.162162162162,49.6646541535216,56.4470583877412,143.798441903765,19.3632149641432,FAIL
4.39911443351629,7.66641399140199,3.22196081613005,6.44178364597903,0.013610077447164,-0.0432968417808969,179.189189189189,49.3790218759952,45.4149253013089,176.796125679534,19.9016637210827,FAIL
5.88663291297002,7.68772809181725,3.85707450517076,6.17227894513231,0.181856616711426,0.115117765362873,179.189189189189,48.8633421690948,47.5833389423162,166.470087079835,20.0020761569902,FAIL
4.28921694029651,6.73242801082245,4.82895439631993,5.46283986577929,0.0804048782052065,0.0236057070757731,187.027027027027,49.7759727889396,49.5689732862029,151.534869345491,19.4158873239277,FAIL
4.79833733732223,7.43999809664437,4.83403923362107,5.83191663057056,0.120166358792966,0.0587766666301143,184.594594594595,49.5516504919217,49.11318771183,161.62046285386,19.6570439972159,PASS
4.20012346012374,8.25791316803206,3.45193609985748,6.15610247317365,0.000891379147083593,-0.0581837360532527,185.675675675676,49.9622755770979,48.9814500220664,172.259238735013,19.6280347454324,FAIL
5.84904524418616,8.02104640352153,4.44569304061415,4.78525347793146,0.300381085564344,0.224580251947509,197.567567567568,49.7001262007356,61.2957526200851,131.23557773503,19.1210529505927,FAIL
5.45073370938641,7.94320757751832,4.37154553553554,6.39334687160539,0.150921469828301,0.0859814330617619,178.648648648649,48.9498655529274,46.7640468267207,174.423221516851,20.0612029269813,PASS
5.43008752793738,6.89087309075251,3.37028861269555,5.02174845216672,0.173436821680341,0.109901707592764,191.081081081081,49.5572882227093,54.3422745188386,136.253194579536,19.2656406453344,FAIL
4.15704975763141,6.46206791777027,3.96795179588121,5.31425811550733,0.0544204006214059,3.21259678913721e-05,188.108108108108,49.848087171602,49.7788228318735,146.64537732503,19.3052392890469,FAIL
4.93733774548922,7.65589061590665,3.58540357839478,4.71090834163561,0.14849359005221,0.0838709239651004,200.27027027027,50.1600525085006,60.5329020469996,130.665641773002,18.9351501581385,FAIL
5.06540025484652,8.22922139263654,4.22265505639397,6.26677180423752,0.112892923380681,0.0486892041282403,182.162162162162,49.3769886497397,48.3353338896801,173.343677606112,19.8760753758845,PASS
4.64560633158151,6.84762124997508,4.45956792593335,5.20342985360278,0.122938479760708,0.0638086995804655,190.540540540541,49.8293229196796,52.3070889858612,143.949955955531,19.2855910797627,PASS
4.75086614890488,6.98444265333803,3.67261985572965,6.16944985745002,0.0736549607649963,0.0166648434353992,178.378378378378,49.1238625465744,45.2470649314223,167.589019005784,19.8890537503808,FAIL
5.86192484265333,7.72079039745102,4.60088472948321,5.07961843282088,0.280111173511692,0.207258971045023,192.702702702703,49.5483313070079,56.9575510180546,139.011725934603,19.3274789173709,FAIL
5.96023625687967,8.26932172028717,3.50577815324209,5.90402817624607,0.186999799595803,0.11598195744261,184.594594594595,49.271881457979,51.2907804499332,160.781028634653,19.7686832637152,FAIL
4.45440830020411,7.80519837032528,3.74477608000139,6.02871483757889,0.044719894281718,-0.01459628781008,184.864864864865,49.7645090919223,48.6525922524201,167.620837077675,19.6494175857794,FAIL
5.15763325483223,7.09324298688464,4.29579065726476,6.08021039316451,0.132941091664414,0.0725186006272567,179.189189189189,49.0213268671757,46.2887870447147,165.075282913217,19.9074737977967,PASS
4.42863694114244,8.32843369225395,3.36886810982014,5.87690940486827,0.0286272858647372,-0.0322134413776081,189.189189189189,50.1112076626919,51.3367857401735,164.781356158159,19.483374590613,FAIL
5.75568946057229,8.32096439741881,3.89609629835328,5.82032115765713,0.192366532224536,0.121775846948592,186.216216216216,49.4340854997282,52.0873400304842,159.773972556451,19.6905010647509,FAIL
4.35581795997448,7.5404065468415,4.75072966383469,4.87792524531765,0.108104002778585,0.0469428969883768,199.189189189189,50.3945086469372,58.0786392451097,137.667164085778,18.9749464119383,FAIL
5.0412670941053,7.22581002033233,3.7815192811371,5.42172446282619,0.132733635935666,0.0710017834156345,188.378378378378,49.6847690682314,51.7590481858766,149.042614177786,19.4282231394888,PASS
5.6838549138686,6.61100366594771,4.16762869653377,5.33527717967441,0.215383677518477,0.151725503912597,184.864864864865,49.0967242197683,50.4845461268078,143.420233197001,19.5630093374163,FAIL
4.57175605220633,8.10576262483451,3.64591510670443,4.5946824196925,0.110071789821314,0.0462544453964828,204.864864864865,50.4882161069528,63.5928267493437,128.979640003806,18.7761069489057,FAIL
5.47350077497106,6.45211479897581,3.01195736494126,5.3512053046786,0.142210787038171,0.0823599368949135,184.594594594595,49.1912162191616,49.6664079961277,143.414011797376,19.5163599156621,PASS
4.22862332350084,6.62146895588119,4.20075187497948,5.24234693348258,0.0687618771957582,0.0130406279563064,189.72972972973,49.9249663715536,51.0189385336079,145.253807864598,19.2589312017436,FAIL
4.39552341976879,7.48875557879666,3.81119902078964,6.27318385354604,0.0367494263371705,-0.0206851093245899,180.27027027027,49.4260310297619,46.0171338741271,172.798803826855,19.8370770911165,FAIL
4.6505374397026,7.14026785896453,3.88144927414295,4.72168237124963,0.127576636275154,0.0669129477803038,198.648648648649,50.1442701667488,58.3409949754307,131.086325302207,18.9451858576173,FAIL
5.06108534790181,6.67844291864175,4.29673967045453,6.41519787101146,0.112146684108113,0.0551040184923348,173.243243243243,48.511518187438,42.8593086580899,171.506234095128,20.1793601342219,PASS
5.32850482902181,7.99160686609061,3.84766930598707,4.79318403995719,0.20491544365798,0.135229690029512,199.189189189189,50.0121520411759,60.9335805505134,132.580919756491,19.0282859487038,FAIL
4.96612345726675,8.05971400301442,3.61405348288435,6.30048850157214,0.0811483767285266,0.0191039321323453,181.351351351351,49.3710827496331,47.5808348601827,173.437182585164,19.8776530181874,FAIL
5.07265867261451,6.5335019554755,3.34760397959191,4.63475153454776,0.157792483520958,0.0974273592259677,195.945945945946,49.6940924907745,56.9433941926494,125.9852384553,19.004907628487,FAIL
5.64363144895826,6.96323809103744,4.60596278359392,4.75085070570983,0.272207075552886,0.203896902379019,194.324324324324,49.4882762447955,57.5851329494972,129.144245234542,19.1612767155112,FAIL
4.76171405237216,6.81447287995847,3.36787749669383,5.96911153371784,0.0720353949054271,0.0156325403071867,180,49.2434308145406,46.0521993534326,162.028301491786,19.7678777310576,FAIL
5.51797510455736,8.35333326892246,4.36563207520879,6.14524416385465,0.170449570067375,0.102252862775274,182.972972972973,49.2925816857092,49.6494847997712,169.316161098576,19.8664443056382,FAIL
4.32229945726795,6.54480380337392,3.95552135305527,5.22987624286886,0.0738944459674721,0.0183367540968208,189.459459459459,49.8611531357909,50.8561546522956,144.315540236314,19.2683889490725,FAIL
5.30520376959902,7.96275385205394,4.24693723912852,4.58551953720251,0.237498960555868,0.166810655991203,201.891891891892,50.0053061414357,63.3895836979888,126.931671034362,18.9156721760127,FAIL
5.10763606798902,8.04901446075606,4.0490284605492,6.44907217853361,0.104817855787634,0.04192927280797,179.189189189189,49.1250047085052,46.614702841331,176.919094014082,20.0156538484967,PASS
5.06347549977409,8.28348914346366,4.54230043907873,6.47687931552164,0.113763485194479,0.0496345981251162,180,49.1825786334189,47.0865758721251,178.885279142079,20.0163412229933,PASS
5.08435008923989,7.78900075838251,3.94396811476755,5.009505397445,0.165732065015288,0.099702151993853,196.216216216216,50.0507185519101,57.7182856015146,139.147211608527,19.1340529427557,FAIL
4.35085815710875,8.17752943455059,4.4093125805388,4.67599396899775,0.105256346796668,0.041918393445816,204.594594594595,50.6236112982348,62.7994437043861,132.676555686151,18.7979087031513,FAIL
5.32236645665333,8.2187757069669,4.46787769996427,5.01004623018824,0.219275423245277,0.148593674874077,197.027027027027,50.0239961518369,59.3098972105421,139.592232836262,19.1515026479008,FAIL
4.32611810278534,6.90571112114831,4.33005927371015,5.45584129962223,0.0728041118877341,0.0156940095984455,188.108108108108,49.8650066662199,50.2238757422077,151.437680368646,19.3824053904809,FAIL
4.97505433709472,6.97448114093245,4.33131687832706,5.52437863608438,0.140178316494296,0.0795854064010928,185.945945945946,49.516652285058,50.0337980218598,151.580719724057,19.5278345135386,PASS
5.25080507068348,7.35509592226551,3.66685547155084,6.28704822697569,0.112531652770286,0.051861522835563,177.837837837838,48.945361162807,45.6943517106904,170.119732100643,20.0033372403067,PASS
4.72206591185843,7.48789054134173,3.36906446989479,6.42931655621553,0.0497723265225994,-0.00807360987265093,177.837837837838,49.1423192525809,45.0559088936632,175.233015271484,19.977715102485,FAIL
5.71565410796342,6.82287168879663,4.03389324852685,4.60227073150946,0.265561287532634,0.197398082508719,195.675675675676,49.4196614659573,58.7206190447312,124.197329620479,19.0822923960562,FAIL
4.82819382262396,7.07108082453729,3.69461647758657,4.5984060122264,0.148110210975532,0.0864611402772573,199.72972972973,50.0362861313506,59.5468867854734,126.877539112047,18.90249460111,FAIL
4.46223537862532,6.82291577833396,3.40881436690262,5.90392684663242,0.04808643958878,-0.00724500873007949,181.621621621622,49.445605027185,46.4794135566052,161.314414131614,19.674575853782,FAIL
4.36341463843336,7.05766229592071,3.50869889776187,5.53757811822449,0.0496580310505119,-0.00700027837100103,187.837837837838,49.903507396757,50.0421645520927,153.24922320508,19.3964926038598,FAIL
5.13930127764042,6.88389946261695,3.31093839037713,6.21163776866103,0.0941111441017132,0.0363748190812261,176.756756756757,48.8705201522429,44.7188731625996,166.848668323002,19.9816617090484,FAIL
4.54619953659132,7.47422563116018,4.28126888784748,6.23404846161854,0.0650270891413581,0.00633471116128559,180.27027027027,49.3562504401817,46.2831427560732,171.833657139578,19.8560107898035,FAIL
5.94453773098507,7.5423960922806,4.53057756424953,5.91799125595075,0.226713502597595,0.158381400612024,181.351351351351,48.9499421773525,49.0131500772599,160.126031613244,19.8855088009965,FAIL
5.93201431863806,7.65700193281031,4.09381692144178,5.62361035886184,0.226524598360937,0.156765053435002,185.405405405405,49.2371802144404,51.6852731967013,152.728912885717,19.6687832395726,FAIL
4.40189214901767,7.74911601692824,3.36735415884465,5.7846405634943,0.0342389224519399,-0.0245478031523794,187.837837837838,49.993459560208,50.302817286124,161.13208752089,19.4785841733189,FAIL
4.87532490867549,7.74320604464678,4.67995904543287,6.08162600411453,0.113885965557798,0.0516654528816118,182.702702702703,49.4311354235761,48.2122023356696,168.380425669931,19.7926852172175,PASS
5.53189682132135,7.49698217733995,3.02196083632344,6.11864526865798,0.113183345767678,0.0506031372302174,180,49.0693369084272,47.2747654871713,165.220515888202,19.8955070973107,PASS
5.62848455090345,7.70204962546441,3.10769001715469,5.3869867902908,0.157736221506594,0.0904475938735431,189.459459459459,49.6076770914304,53.7901692988176,146.933300531126,19.4340584713218,PASS
4.59692813498312,7.26493676858898,4.99104407634265,6.41486186090213,0.0803993100870009,0.0220060198448764,177.027027027027,49.0046701177109,44.5462753434553,175.737109810235,20.0372329307771,FAIL
5.248743302528,7.10983266091104,4.87431027444761,4.77684802913721,0.233695966759979,0.167677535698267,195.945945945946,49.7574324536819,57.7848520845924,131.52088919763,19.1039712730887,FAIL
4.54635041664133,6.93750549803446,4.33934215594555,4.64544791049477,0.135484704332425,0.0756337939500804,199.189189189189,50.1276087752158,58.3991012290959,129.139840000873,18.9119516856881,FAIL
4.33422985840486,7.44563492189836,3.41474881402986,5.8307393001511,0.0310112492148821,-0.026315872676813,185.945945945946,49.8653057938169,48.9832628714956,161.709247045445,19.5304885004489,FAIL
5.90657844581877,7.22676344756947,3.09339718843277,5.42599360545405,0.179366598565109,0.11255409721329,186.216216216216,49.2606320387249,51.8849958309835,146.025059221952,19.5510669247994,FAIL
5.61738378338751,8.32891546270746,3.25581983154593,5.31586613938234,0.170528077013121,0.0997027317598553,192.972972972973,49.8276688836131,56.5470761410233,146.320981356552,19.3398054258922,FAIL
5.22298128321835,6.74233586630393,4.36115299996663,5.49611710222084,0.167959505875887,0.106907428481231,184.594594594595,49.2944001370575,49.5132619404835,149.437727354666,19.5801864592953,FAIL
4.84798218472378,8.37420196464107,3.88313627841076,6.07441559509198,0.0856859645645256,0.0220261335667719,185.675675675676,49.7275016401785,50.0681198404828,169.291407961074,19.6906618070049,FAIL
5.09159701203663,8.1194924273935,4.80990352270267,6.07154874111215,0.141464738392935,0.0762582521720262,184.054054054054,49.469461639659,49.4419583000379,168.651852056149,19.7848878344208,PASS
5.76236247990171,6.59649797676632,3.45151160791572,5.79966070446081,0.167890918753792,0.106570732316686,178.918918918919,48.7614140848938,46.739125740764,154.237977977911,19.8575234258115,FAIL
4.94342555789498,7.80330981079275,3.29608523864328,4.90178394166083,0.123054249675236,0.0587266645668542,198.378378378378,50.1850281121848,58.876543107597,136.065960008,19.0276984122876,FAIL
4.7536750542162,7.06518084112224,3.69513238524292,5.72453909725717,0.0888258291084816,0.0303482510743677,184.324324324324,49.5563158488268,48.6719809488526,157.09308418407,19.5879049488386,FAIL
5.01224958013451,6.91074403226181,4.98592270630697,5.56738916146395,0.15956395467111,0.0984700054499795,184.864864864865,49.4072221484242,49.4964616003454,152.796026320502,19.5883940698418,PASS
4.62576311017956,7.20847397452623,4.57801681273107,4.54265549298345,0.159385490077784,0.0973728800371212,201.621621621622,50.1802640154,60.7678062424585,126.675651534765,18.8449747427225,FAIL
4.23974441639903,6.97665881497451,4.80420901304135,5.51400323171857,0.0706086087410546,0.0131674458753391,187.837837837838,49.8800210569334,49.9847267171966,153.700604447671,19.4103499708951,FAIL
5.82156816527583,6.93959455641429,4.66811573423096,5.74272560939806,0.224582510071763,0.159393894396532,180.810810810811,48.8752238707148,48.3774883848917,154.478497149817,19.8271751421609,FAIL
5.17199378824072,7.64353316576974,3.71883077636387,5.44990401737955,0.141902194990633,0.0776031704692692,189.72972972973,49.7620854837398,52.9515858211332,150.337362513772,19.4228818874538,PASS
4.62791471709822,6.53292679729022,3.48604093394901,5.71168589225746,0.0743232650155951,0.0189596776974754,182.162162162162,49.3733641342996,46.9438124838354,155.30416775817,19.6177740740658,FAIL
4.86401441837058,7.27026725906089,3.18998550193073,4.61883092754388,0.124750721548268,0.0627790433363224,200.27027027027,50.1006492861929,60.0919662622112,127.35868907452,18.8894258591555,FAIL
5.74630884991662,6.73262305976906,3.28313531856464,5.8102434491532,0.158099003541481,0.0964239228216693,179.459459459459,48.8493418151936,47.1081016087592,154.903763623236,19.8366229966454,PASS
4.17147186374662,7.94986167176685,4.04703425015184,4.9844426210336,0.0553565699171975,-0.00511511625575556,200,50.6110041814091,58.3317193689471,141.283656128865,18.9563779688789,FAIL
4.25653453052882,6.64305802179243,3.09096383028359,6.08063819265238,0.0178997371394019,-0.0351143498422897,178.918918918919,49.3192060848128,44.6341366260815,165.166325215442,19.7668165307487,FAIL
4.15641709642754,7.32329197943707,4.70664516611824,5.80685924797182,0.046425517230429,-0.0113882526774232,185.945945945946,49.851763219397,48.7931025182313,162.285281820966,19.5418326710294,FAIL
5.60343445489705,8.37018566729892,4.41549027097546,5.24493374737576,0.23611871354985,0.163251661783429,193.783783783784,49.8305873241202,57.4306577966218,145.457513879634,19.3243403097681,FAIL
5.4085406911723,8.0096391658859,3.17691310221794,4.63842516857468,0.183165016885817,0.113029079193311,201.081081081081,49.9877949390153,62.8802249721219,127.424834692047,18.9333954251263,FAIL
5.54633387229641,8.13004749140019,3.70750041295521,5.86928915570025,0.159235268904483,0.0916083123864466,185.405405405405,49.4552758849459,51.0667277209625,161.136456993545,19.6981827827167,PASS
5.20885698442158,6.79097739789741,4.29729418110409,5.1582363305878,0.182797137348869,0.120578583528332,189.459459459459,49.5296610553835,52.6384509309983,140.866456261927,19.3530117942166,FAIL
4.84783058302557,8.01885966884744,4.41821499838551,5.10078420750632,0.150273403262332,0.0846978496724172,196.486486486486,50.2087368917927,57.5272362996513,143.18759214772,19.1416990067982,FAIL
4.19860812009061,7.10175652117443,4.72831165565318,6.26070513974965,0.0402714412083964,-0.0160470565849536,178.918918918919,49.2931443436059,44.9483573392528,172.397015450638,19.8783597319873,FAIL
5.96095773345587,7.2686648983064,3.37959024932344,5.24247652926294,0.212698583778697,0.143895034525349,188.648648648649,49.3223966963428,53.7202362574965,141.318060684476,19.4520933128472,FAIL
4.77324903653068,6.80101858996831,4.66500173291479,5.20569165544532,0.143010666954621,0.0831399552974926,189.72972972973,49.7281636512773,52.1515023478568,143.656173193239,19.3191822898671,PASS
4.86457795618213,7.07559847207848,3.29859397696086,4.95583018207868,0.115145681141198,0.0546694851371133,194.594594594595,49.9673236460153,55.5735084056055,136.458167593674,19.1107379434722,FAIL
5.243539258829,7.95962093179506,3.4655475669638,4.54714292844259,0.189387023736765,0.12029171973532,202.702702702703,50.0517251149794,63.8273969956915,125.408791111554,18.8656279866684,FAIL
5.17848755227656,6.71022812084851,3.26556909375648,5.70442297026747,0.114171869802328,0.0555676765433379,181.891891891892,49.2115018675725,47.7051067110991,154.005642811937,19.6737918707538,PASS
5.44194235376983,7.86933588614225,4.76858628204656,6.19552011163965,0.171099447599587,0.10536877171903,180.540540540541,49.0888672575249,47.9004561711505,169.791726118984,19.9511958696953,FAIL
4.55043155582936,7.38561296697249,3.74094640064721,6.0298824147003,0.0578493014560354,-0.000297567925110376,182.432432432432,49.5387806103623,47.395885982018,166.177733601268,19.714447363647,FAIL
5.60912929255495,7.57079869983663,4.35973233769717,4.94941308489245,0.248776776806075,0.178655079613923,194.324324324324,49.6878895298337,57.7157169515802,135.775620994246,19.2143664529043,FAIL
4.42396350040735,7.77194118822001,4.7800796989337,5.00624229486246,0.110919241508211,0.048607182997659,198.108108108108,50.3918575757997,57.5563629967206,141.563892762894,19.0437768713394,FAIL
5.69173897227748,6.65192049991262,4.27739954003203,6.39713732626161,0.166526997134043,0.10666123872156,171.891891891892,48.2161029709093,42.9994977461618,168.961886693072,20.2779121438114,FAIL
5.57613888240377,7.62022440004838,4.14166479957059,4.51137077195511,0.270265208593414,0.198431320076128,200.540540540541,49.7454076731848,63.0719031773052,123.420084055237,18.9405823739328,FAIL
5.20645147558701,6.89641909850777,3.61653218137867,5.90638072523127,0.12238648979772,0.0628990453739866,180.27027027027,49.0990666521717,46.8597716174092,159.642069510154,19.8012104571309,PASS
4.98824263099569,8.33444521046107,3.10306639255003,6.35433759485309,0.0583284532422945,-0.00399651598579687,182.162162162162,49.4472688681129,47.9600010169946,174.954101762817,19.8652673480084,FAIL
4.53261875704878,8.28835851617835,4.2878448247502,5.44713759340392,0.0883462133354865,0.0248358311522162,194.054054054054,50.2998766004953,54.9515959678287,154.002848312495,19.2708538298007,FAIL
5.57521072368282,6.41648857693164,3.29504610701408,5.87144490896942,0.14276579389165,0.0839494111223166,177.567567567568,48.7137384894254,45.5734467253404,155.847695824538,19.8924593998201,PASS
5.08023435550718,7.49140616238286,3.96555578731881,4.71846971679031,0.183676805322897,0.11809264947772,198.918918918919,50.016351400134,59.863799797055,130.484317629567,18.9862735549454,FAIL
5.132878425892,7.09587060359354,4.64618789263275,5.45168192552815,0.170212833078169,0.107551402197014,187.027027027027,49.5245584546277,51.1072536011029,149.796824650758,19.502603540641,FAIL
5.95920637338464,6.52530734476993,3.44011359764318,5.63994428348349,0.190967702040316,0.128149127611442,180,48.7503902823778,47.7259692623257,149.500171388638,19.7938531438568,FAIL
4.58864907023005,7.09957348206427,4.00458564959191,6.30303877466941,0.062980987363071,0.00610880078351905,177.567567567568,49.1038763321244,44.7181253658103,171.807337756187,19.9483533027037,FAIL
4.98306393046205,6.50974024354225,3.35316851121961,5.31839227771913,0.116612690748812,0.0588014642153385,186.486486486486,49.4773994913285,50.070993967291,144.35042433767,19.4196623467632,PASS
5.3006360479069,7.376965436706,4.87400330812534,6.29867525506682,0.153202719848176,0.0908265774668739,177.567567567568,48.8434172299098,45.7422824190397,171.185208661651,20.059888869841,PASS
5.32018911619523,8.06276392231677,4.72556004252538,5.20726117060743,0.21412654440131,0.144649507757837,193.783783783784,49.9077886003517,56.720276736818,145.013017379956,19.2878416976465,FAIL
4.79151042300783,6.52306398074308,4.15315049544157,5.96883650997918,0.100219785825109,0.0439594133859753,178.378378378378,49.0191314301742,45.1461091655169,161.372505379596,19.8445181193601,PASS
5.82153900671267,7.39658520842931,3.68327927171062,5.00962981922744,0.232756966608617,0.162851240723099,192.432432432432,49.5162860015382,56.4636588370086,135.968379543128,19.2836932294168,FAIL
5.7191488135193,7.51433475965957,4.93488477396901,6.35696788559246,0.193528207426505,0.128312510257854,176.486486486486,48.636264302774,45.8502743423319,171.669123772432,20.1541992295878,FAIL
4.8232335968355,6.55066687994955,4.94341437324675,5.24517578865008,0.153606830541256,0.0943964807822124,187.837837837838,49.5495805341769,50.8901889845698,143.988327043416,19.3898693245443,PASS
4.2110655249006,6.89275279925081,4.77370415721531,5.88734793173803,0.0550365698878621,-0.00127174864248591,182.432432432432,49.5446880808559,46.83075563367,162.769781465124,19.6598955724956,FAIL
4.47991613503788,8.14985869435519,4.45480056198623,5.95093259874091,0.0675470892801804,0.00571922666737879,187.027027027027,49.9127251068296,50.2900655503975,167.203544556591,19.5909980509225,FAIL
5.31433396037844,7.81015882795151,3.00895034513202,6.17031611129052,0.0912359984298597,0.0287598638828241,181.351351351351,49.2618368138116,47.8000343688727,168.029294554605,19.8556246269803,FAIL
5.24336148918008,6.98889002800672,4.11588642782468,4.72260075799056,0.207739981079012,0.143064713714826,196.216216216216,49.7452447597853,57.888348099499,129.306832760674,19.0637680669861,FAIL
4.44469964303045,7.47115226889307,4.19877636462817,6.27291341997985,0.0515554856241001,-0.00650585670192982,180,49.3710295097701,45.9936821431769,172.947304492822,19.8618424220739,FAIL
4.30115681409595,8.39058020178673,3.44976253307726,6.41314116606892,0.00386312224709784,-0.0556185304858856,182.972972972973,49.7215787764972,47.5943872926148,178.657353613342,19.7939861054384,FAIL
4.33357195061676,7.72865540678332,3.66998922555075,5.52647562448779,0.0454662280652012,-0.0138220632960143,191.081081081081,50.1884382847616,52.3677842464338,154.849457558973,19.3193782258776,FAIL
4.92187944835723,7.7220273529906,3.25344556587475,5.58738853407163,0.0889061841201454,0.0270202741410382,188.918918918919,49.8651816434026,51.9391046739271,154.50006990865,19.4422937651986,FAIL
4.26483002047211,7.23697134199966,4.25851672743006,5.52161269177238,0.0591570584576206,0.0012427508798678,188.918918918919,50.0023284364144,50.7910602018416,154.16219849741,19.3741098656843,FAIL
5.86955531424453,7.62501316258675,4.99061687207525,6.42069706724599,0.207069389182288,0.140610700703275,175.945945945946,48.5464572936588,45.7916163258623,173.059536388678,20.2100730394229,FAIL
5.25682540421959,6.88984368481651,3.86435782320807,5.33650337757074,0.162304753255572,0.100400411646431,187.297297297297,49.474487837008,51.3774581444155,145.364630398922,19.4500897961096,FAIL
5.81532892220897,6.65371243016282,4.96904206469239,4.94842934230986,0.285109735242422,0.217692648557709,189.72972972973,49.1992094587648,54.3132702776756,133.485650593215,19.3532898080652,FAIL
5.4466234703401,8.1142750373819,3.58158602803154,6.42006750389763,0.120145548929805,0.0555562444095401,179.189189189189,49.0432684811919,47.0306380642147,174.917626252118,20.0291897290537,PASS
4.779591989073,7.6235176174897,4.55872557161773,5.11997895859514,0.145036092590232,0.0814761710296078,194.864864864865,50.1058926778219,55.9368660687416,143.246233933638,19.1800343135493,FAIL
5.94381066710335,8.02686740803554,4.90187449601237,5.34455902378715,0.284839798073156,0.210626555124487,190.27027027027,49.4834668049635,55.417600587116,146.766574559566,19.4825265466463,FAIL
4.74020531704021,7.70694423012465,4.76336606808155,6.13077385074484,0.09937810942342,0.0380424392446834,182.162162162162,49.4337544275354,47.7326366386859,169.948540153277,19.8084913121139,FAIL
5.19660343979298,7.40235861876097,3.83438168338477,5.47964468774045,0.147956025119349,0.0845287169222132,188.108108108108,49.6368677736544,51.8943499961633,150.558517070044,19.4736340019036,PASS
5.84316228529782,7.46200206780175,4.57393045922757,4.68719043142758,0.306665643179097,0.233401893712314,196.756756756757,49.5477258270319,60.3405318272229,127.668865587971,19.1099817837788,FAIL
4.20138001053913,6.94207019700286,4.89485368849864,6.45107391875612,0.0397038418863164,-0.0157857176868954,175.675675675676,48.9951272861572,43.3010951176096,176.234239312936,20.0375661861457,FAIL
5.44385252904148,7.73367644701016,4.73005231066165,5.36628218330125,0.216151333900642,0.147891987898675,190.27027027027,49.6559167457384,54.111299386952,148.238211206916,19.4360994861129,FAIL
4.52089588814184,7.25350751924383,4.70666288831078,6.10068467669478,0.0775397187861347,0.0190476814237706,180.810810810811,49.3735097243566,46.5318990439388,168.311520257253,19.805363586184,FAIL
5.78427906605298,6.67562274189386,4.54834604037214,5.11201741947561,0.254917591338762,0.188799423585159,187.837837837838,49.1782284153149,52.7785625211698,137.729776718085,19.4392790358847,FAIL
4.40111780936379,7.24060815507351,3.09970624133652,5.06836509769753,0.0507284763046495,-0.00696192733872714,195.135135135135,50.2522725017981,54.9240529468136,140.928503395838,19.0791079976408,FAIL
4.17925187961686,6.48296081112376,3.61420941778705,6.16090309052192,0.0257203527700205,-0.0269953037792118,177.027027027027,49.1381526245453,43.615649235381,166.9154453954,19.8551062620017,FAIL
4.02178380106303,8.10534084476028,3.68184043419024,5.21971139744363,0.0142576430217538,-0.0451023659588778,197.837837837838,50.6536276053768,56.3799049405161,148.07257474283,19.0477004421559,FAIL
4.78962506864292,7.74097202425366,3.27712058015743,5.28395276383816,0.0882010540246904,0.0262672759040522,193.243243243243,50.1156894792659,54.6936585445648,146.894004876293,19.2339498438397,FAIL
4.63570593344278,8.05155532099582,3.21549764028655,6.37732276563721,0.0324906043058507,-0.027028602759532,181.351351351351,49.4835243099879,46.9572672175856,175.830777447816,19.8552251854778,FAIL
4.82490644346457,7.95696926335881,3.86877867342526,4.87816369680567,0.138244039812255,0.0732658061056594,199.459459459459,50.2819344690613,59.6942516609188,136.437999996461,18.9977539088125,FAIL
4.15864988861596,8.21992758754827,3.72459390659809,6.25707864588236,0.00269623939023456,-0.0562951798422994,184.324324324324,49.8590146253445,48.1667689317227,175.02615169134,19.6989210057159,FAIL
5.04934776255233,7.24215219506504,4.77800400859728,5.26261669543422,0.175552235975442,0.112015005773247,190.540540540541,49.7403617086955,53.2850784188066,145.577197935558,19.3561608994997,FAIL
4.73263448969234,6.83712503259791,4.77236468575267,5.29562669400535,0.136614334451846,0.0769082312854293,188.918918918919,49.7125895410739,51.4673060452039,146.296730995419,19.3685117075008,PASS
4.28433129172431,8.03189383057355,3.9186288436515,5.01827644931671,0.063895951462998,0.00266028343875657,199.459459459459,50.5667404960422,58.2809193619434,141.991798309245,18.9852433158885,FAIL
5.40723404701827,7.27923397948204,3.0517652875629,5.14336134659558,0.146104621072962,0.0817480236942918,191.351351351351,49.6909140084201,54.5620659959374,140.221544735935,19.2868890107602,PASS
4.8581980892103,6.94492117577354,3.32024467584076,6.0828553039175,0.0742883540037957,0.0172409094765477,179.189189189189,49.1636083634652,45.704854977415,164.874628801762,19.8401291661482,FAIL
5.09540320819755,7.02090199372349,4.7906358870462,5.23251471928605,0.182211040566679,0.119303802759301,189.72972972973,49.6381885038119,52.7839513754526,144.081744929467,19.3688562978215,FAIL
4.65804485489894,7.62951411300385,3.39209729426864,5.15439295590841,0.0852485600124172,0.0241482776243667,194.864864864865,50.20271859549,55.5384528479957,143.6127731346,19.1477565712777,FAIL
4.35470451034656,7.31666251078273,4.60193638660632,5.37085190402238,0.0830774260571253,0.0237468821164732,191.081081081081,50.0798988280693,52.3964395354627,150.486947704825,19.2951899678125,FAIL
4.16606045810659,7.56354391144823,4.10800396538938,4.57153725857241,0.0774121631048109,0.0178638059628524,204.324324324324,50.5670855217106,61.6912819007056,128.913564655973,18.7464465572346,FAIL
4.32949627605988,8.24167229228697,3.76527146902454,5.53721008503448,0.0432410187009116,-0.0179908797007813,193.243243243243,50.3560806120107,53.9186954045833,156.34425916442,19.2804686352052,FAIL
4.63605961372352,7.46602894718936,4.36382565250079,5.16250092450939,0.119308598275117,0.057670102189847,194.054054054054,50.1161894164578,54.917148250821,144.324834597628,19.1919340912117,PASS
4.41070535292647,7.72748263024017,4.8896699365602,4.76939263974942,0.124727303172474,0.0621675921444474,201.351351351351,50.4480616387049,60.0241972225593,134.897318131876,18.9065815218997,FAIL
4.61392553644328,7.88754314109383,4.19507993452391,4.60459725285038,0.139873240884335,0.0757833183496437,203.783783783784,50.4001026606386,62.6641241613399,129.310794146991,18.8170558787234,FAIL
5.22579351278525,6.8939532614631,3.71087780822707,4.5458815259159,0.198660959495497,0.134534325954753,198.378378378378,49.7406710907207,59.5550844030775,123.980764751489,18.9529909094753,FAIL
5.168682314963,6.57531226099398,4.34024296933601,5.64053943872196,0.154649678231524,0.0951955022290785,181.891891891892,49.1257897842962,47.7739661744166,152.65201919388,19.6870057236156,PASS
5.83963306370197,6.94377663223443,4.62019261302214,4.76772755485729,0.293771339054558,0.223927983788915,193.513513513514,49.3649267516107,57.3681160901264,128.980483257278,19.2061567624871,FAIL
4.21368479148267,8.00009111917351,3.6173088437126,4.66312217675866,0.0578705977477841,-0.00272296732241173,204.594594594595,50.6706351095361,62.2270894859275,131.685538674908,18.7624611576995,FAIL
5.9512544338,6.86791362996085,3.36454924576235,6.18226088032639,0.162268322602502,0.100065182323795,175.135135135135,48.4839074773074,45.0166764621655,163.546784780606,20.1042955851635,FAIL
4.49210205434533,6.58299321963032,4.97757092875299,5.41370694292162,0.109119963771334,0.0517812973310933,186.486486486486,49.6269080858756,49.4925162594996,149.365528068499,19.440942709094,PASS
5.12425710675639,7.10432857215325,3.10630389599756,4.52589227579175,0.154239469238299,0.0907854795116745,200,49.8941767299262,60.6219157340112,123.688485792528,18.8893439010767,FAIL
5.85957905269609,7.28491792315603,4.40330191066312,6.3845616156328,0.18796125641788,0.123741897441532,174.864864864865,48.4644617929919,45.0114685970158,170.649364737132,20.2095220210311,FAIL
4.03304319695232,6.92018001683655,3.95400362858733,5.63621344844666,0.0260332534126754,-0.0291404187472075,186.486486486486,49.9031281439059,48.7337557367178,156.446625772398,19.4352177207787,FAIL
5.51791952935612,6.90283356252993,3.80728660339713,4.65465050333007,0.228833660631048,0.162482410807257,195.945945945946,49.5685089988969,58.3772754523619,126.255921369877,19.0680626719786,FAIL
4.40387416498389,8.1789691051138,4.31593332444261,5.76953646304173,0.0612808529023288,-0.000462123351007704,189.72972972973,50.111477372892,51.7865312746225,162.684567191803,19.4575921523079,FAIL
4.03145042855256,6.76918460384519,3.04979573836572,6.08924563906986,-0.0051167433070719,-0.0577571288330938,180,49.4865066207596,44.9325445762851,166.233593974346,19.7144575243483,FAIL
4.60279012117691,7.37295700616159,3.98627932997867,4.62051779629191,0.130384953161898,0.0687626258040612,201.351351351351,50.2593329058751,60.4455502521368,128.835842166616,18.8599457036005,FAIL
5.42813642732846,6.40087477894936,4.43578089502686,5.42152355619219,0.193640251041611,0.132770782759371,183.243243243243,49.0596175500979,48.9463642533409,145.897660904913,19.6117530862513,FAIL
5.40642190146837,7.97760753797763,3.01733492343893,5.00108716524864,0.149881688168557,0.0816828587119519,196.216216216216,49.9639035658467,58.5200722826983,137.557559396375,19.1398294120148,FAIL
4.18641282647814,7.96922347685442,3.03203824020024,6.16933025497096,-0.011309903071691,-0.068627678748905,184.594594594595,49.8769885999017,48.0376059903516,171.435870867486,19.6469399866269,FAIL
4.13834415057329,6.780152413966,3.15428519102358,6.00163436024141,0.00894726505064614,-0.0444055884598683,180.810810810811,49.5129649992665,45.5834796412305,164.074960623694,19.6782617148028,FAIL
4.29192521463064,7.18030188814431,3.91821162673115,4.8980357779491,0.0765233422192098,0.0182048020490451,197.567567567568,50.3136044484296,56.4626434782245,137.025514548088,18.9887243694233,FAIL
4.647336640628,8.31658168767364,3.31594730501915,5.93193713740521,0.0479018144291611,-0.013901228179795,187.837837837838,49.9584852037555,50.9157237411806,165.552246004058,19.5534880057396,FAIL
4.46988109235708,8.02235612377564,4.56850317447535,5.98570735301768,0.0686489718221523,0.00728970160503017,186.216216216216,49.8341672010405,49.651976303205,167.876249437377,19.6279198465755,FAIL
5.4851182441993,6.57272346729006,3.60863301616563,5.415739541231,0.16927081378331,0.108110056777208,184.324324324324,49.1656020211344,49.5967555240276,145.652320844942,19.5681102679991,FAIL
5.08855482815137,7.24989944037562,3.44949622938839,5.21275911683146,0.133031861917289,0.0707309577480549,191.351351351351,49.8002040746497,53.7354142559382,143.222207614542,19.2928641784162,PASS
4.17568573855731,7.24077678100002,3.10899896830135,6.49680003690443,-0.00515472484017698,-0.0593863404600278,177.027027027027,49.2404400692123,43.8143417645803,177.026806119924,19.9488836701781,FAIL
4.37959289485542,6.93797922160987,3.21795139760828,6.40093446921198,0.0217044311069594,-0.0324560180871543,176.216216216216,49.0840280559892,43.5506011627097,173.408624791164,19.967065833779,FAIL
5.31492234079838,8.15379390595558,4.8244476802368,4.5578074193829,0.268648429053709,0.196104334338935,202.702702702703,50.0317506324747,64.5074262803171,126.775801899809,18.8992171689575,FAIL
4.91453848675705,7.24993439202903,3.97506233323245,6.31623897035196,0.0914654099588352,0.0326190624093116,177.567567567568,49.0111401809106,45.1434171594794,171.70133831379,19.9914393480208,FAIL
5.80538529404326,7.6584867631117,4.73061432805951,5.83457996519855,0.225717002881564,0.15716293761509,183.243243243243,49.1230290049478,49.9881433961514,158.99102665285,19.8007852984793,FAIL
4.70258105304325,6.84836388146225,3.34203541795781,4.50809579847871,0.122339273687454,0.0629149944086238,200.540540540541,50.0364603222085,59.6738052397001,124.033937197937,18.8381861346029,FAIL
4.97740358285813,7.36126480996862,3.55472392085971,6.03395676056439,0.0926019912012362,0.0327183321156014,181.621621621622,49.324868191168,47.3707890224774,164.850609051297,19.785423808859,FAIL
5.5108162599291,6.99957206075963,3.96725658626338,5.29845434217061,0.194388190912528,0.129954736536979,187.837837837838,49.4032979324661,52.1692637819878,143.945214979753,19.4593573531079,FAIL
4.75732250566419,7.41589189173903,4.5353600104104,5.27366917173056,0.133645737029432,0.0715096729029617,191.891891891892,49.9669815119734,53.7156842162938,146.990706266024,19.2902018584215,PASS
5.28517080069542,7.01352078788535,3.82512572959171,4.74243610537303,0.198271967014646,0.133586881241509,195.945945945946,49.7356436457709,57.7614114077856,129.600373665651,19.0728088252792,FAIL
5.4359917107953,7.44561863936597,3.7731918531017,5.50675970713466,0.168353567952466,0.103265959736483,187.297297297297,49.5093889342551,51.856732305567,150.578654100237,19.524230732444,FAIL
4.14196340009768,7.59204292501556,4.27123229367892,5.18115617945507,0.0536903044861168,-0.00543069063562562,195.675675675676,50.4189508902539,55.0558168506061,146.304143192138,19.1061554865012,FAIL
4.45626261291481,7.13165948080086,3.0740719549406,4.85891516368361,0.0639663016392469,0.00608328787098544,197.567567567568,50.2515410238124,56.6989618427184,134.824935154693,18.9718823308708,FAIL
4.23669727768712,7.78568100400469,4.4483009927649,4.50060096638455,0.100812904747438,0.0394764186860764,205.945945945946,50.5822541763514,63.5114304888547,127.281762076655,18.707699087144,FAIL
5.33171854068716,8.29970587482788,4.3279523416781,4.54897749728811,0.250840332455496,0.177994187552385,203.513513513514,50.0549032590155,65.1704072494744,126.282968350384,18.8772148482881,FAIL
4.10045892586717,7.24519367765296,3.28864670991082,5.16503545704695,0.022592518596334,-0.0336803396917209,194.594594594595,50.3555634085735,53.9331956659016,144.371422386692,19.0933044235959,FAIL
4.55573324010476,8.33914765205689,3.53163993388558,5.30773081918918,0.0687228413143964,0.00567875105108573,196.216216216216,50.4038585118735,56.4129740736543,149.511085915816,19.1657704420927,FAIL
4.53645713949551,7.96073394088686,4.42076019302387,6.01524020301569,0.0718506834451575,0.0106364847882612,185.405405405405,49.7597745905383,49.2585730953447,168.1288827985,19.6602333355456,FAIL
4.4692669512025,7.25446298063487,3.30943608122511,4.53557374698081,0.0889335923751489,0.0296166197679694,202.702702702703,50.315511909411,60.9518385929991,126.058049607322,18.7804066541292,FAIL
5.12035266921058,7.19746907569922,3.35810337169288,6.0703711823963,0.0973739071376807,0.0378359636024176,180,49.1600689271744,46.6304536221825,164.655639101271,19.8455044234226,FAIL
4.6192652018138,7.45354397303585,3.62010803447343,6.25253425813824,0.0537249072127129,-0.00431959215915756,180,49.3337620365882,46.0854364954702,171.455041415219,19.8586136384375,FAIL
4.16812501500914,7.35627417762955,3.23469615517152,5.92203516583656,0.0075373918055347,-0.0483058920511616,184.594594594595,49.8413434090712,47.9782016226664,163.93783699273,19.5633921618781,FAIL
5.09393270802334,8.29781557667486,4.35163765364245,5.05388273915605,0.182765680319173,0.114003712916145,197.567567567568,50.1664953812109,59.0452224045647,141.571035977874,19.1305846951048,FAIL
4.93164255256696,7.72540684008835,4.24309782185974,4.69319962722586,0.179027272238166,0.11317548126735,200.810810810811,50.1679838560378,61.0354549078197,130.778731758741,18.9344738228223,FAIL
5.4821408466944,8.10894592779225,4.35417885341754,5.91699450316682,0.177023083020686,0.109306880230784,184.864864864865,49.4136034674882,50.6430799288719,163.059255915207,19.7401442208098,FAIL
4.19339236578309,7.17172936745743,3.10845626158491,6.07911899952151,0.00517414211722,-0.0496317660780429,181.891891891892,49.6153517551791,46.2925033609464,167.043268969015,19.6857019132482,FAIL
4.37145473554246,7.08590774157846,3.16064025791357,6.13730803456403,0.0229404635373619,-0.0322124402070204,180.27027027027,49.4246401960936,45.6729443007924,167.800773630522,19.7674451128343,FAIL
4.32168265317338,7.96098537607005,4.94021807671301,5.25233537708978,0.0887033477026402,0.0265239259323117,195.675675675676,50.3978633174496,55.6951697734359,149.16826785165,19.1621974427013,FAIL
5.60745018840198,6.69846690395625,4.76188203564689,5.49125054205693,0.219298272113902,0.155659683444785,183.513513513514,49.056251115363,49.4946436166051,148.21385473695,19.6587400220331,FAIL
4.31153692983466,7.76087458526036,4.23143995547048,5.7136305295834,0.053078941666245,-0.00665447076112413,188.918918918919,50.0530125731107,50.9244472400321,160.359062075438,19.4463663340253,FAIL
5.54215288972983,6.94679288740771,4.95030524329267,5.40673257536,0.225324169334911,0.160273169118324,185.945945945946,49.2530105377689,51.0727681326967,147.125438851157,19.5675474655774,FAIL
4.85935227141118,7.39845236447976,3.11545900278124,5.38546529408951,0.0857465488935437,0.0252921242504698,190.27027027027,49.9091555696989,52.5987520241594,148.558147543481,19.3343081105626,FAIL
4.47266400187179,6.79763580094638,4.02375415757555,5.77842127983375,0.070596729349711,0.014252198640049,182.972972972973,49.5037730346473,47.3356137954839,158.581857883561,19.6204385234412,FAIL
4.27384050753364,6.9272223430594,4.43674061738467,5.50169613592564,0.0676154589751909,0.0106102383524088,187.567567567568,49.8650495317975,49.9101174423808,152.883587227884,19.4036499259157,FAIL
4.32285203139845,7.12552476464441,3.24140947087826,5.93862282985636,0.0252494851574974,-0.0303633622241098,182.972972972973,49.6471243942918,47.1656928477008,163.332543355074,19.6281443927102,FAIL
4.54514163327601,7.7582037822606,4.35364384114065,5.02229506130948,0.113680448465027,0.0511854424449029,197.567567567568,50.3260964915056,57.3535019849497,141.313726072839,19.0649346560835,FAIL
4.96576058495485,7.36496938859556,3.8131783273835,6.23821515410139,0.0933969776055109,0.0337956534723756,178.918918918919,49.1263566802242,45.9949555334235,169.988474589259,19.927018927834,FAIL
5.7496950387356,7.12943106911591,4.16951984223229,6.11090338623195,0.182556807837168,0.118903081821745,177.567567567568,48.7211422818933,46.3028718921544,163.922155954485,20.019074319616,FAIL
5.49445880562552,6.80671261341293,3.36840118229551,4.99253037195946,0.181174822952502,0.117484014345234,191.081081081081,49.4971814007239,54.3272418051259,135.089898311566,19.266884924527,FAIL
5.74622346413982,7.26578839229423,3.59212912343147,5.36820048057497,0.197047846104206,0.130272238539129,187.567567567568,49.3655224977188,52.5189819596616,145.431563900914,19.5020147211053,FAIL
5.1750633112463,7.82989707858993,3.35616829449648,6.27962771185856,0.0919094450281569,0.0299778636683861,180.27027027027,49.2149901440972,47.0977592378944,171.420684123593,19.9151877826242,FAIL
4.70891373796299,8.20278651144522,4.14668174334511,5.40291049746622,0.107690120104058,0.0434590912972734,193.783783783784,50.2082960688133,55.1240251472332,152.009368527958,19.2773865650958,FAIL
4.95747583263431,7.87336799255031,4.17225247952139,5.95339470154003,0.113314129842725,0.050324025318379,184.864864864865,49.5776159338712,49.5386717050238,164.890001427579,19.6938076561456,PASS
4.7846593058946,8.17231382297232,4.92054098244212,5.65603188603496,0.128430464357664,0.0635249673303545,190,49.972736393857,52.8186407284841,159.174089895213,19.4681766358978,PASS
4.64947396844411,6.48449013936568,3.79311700575926,5.96035895958916,0.0781205164427039,0.0230345807347898,178.648648648649,49.0940110747122,45.0332746061044,161.208975469994,19.8065222944926,FAIL
5.21394422659474,7.83797914378604,3.50199104459984,4.60667605582461,0.183767071300553,0.115689875062209,201.621621621622,50.0480855473093,62.5835474796481,127.088164414775,18.904438022973,FAIL
5.51810960377715,7.97186304906637,3.16926710367119,6.03230326402765,0.121969916671417,0.0567137794133102,182.972972972973,49.3241544675974,49.317822904517,164.521087727611,19.7918537007621,PASS
5.5597026097642,7.98339941490931,4.62895801593942,5.68411821427202,0.207650563583503,0.138709312179158,187.027027027027,49.4870065598932,52.1578050394137,156.733526588552,19.6267835286927,FAIL
4.99902598333845,7.56060522653188,3.24931475216484,6.08196131717372,0.0795763994725801,0.0193138396097442,181.891891891892,49.3799325089005,47.6275493200785,166.316840456778,19.7842408267032,FAIL
4.5350939434719,7.96072395117347,4.73323677984268,6.11568515292608,0.0755840564327844,0.0142444608731719,184.054054054054,49.6548888123573,48.5401312734801,170.913696133836,19.7338462704772,FAIL
4.68258547500001,6.83342197427927,3.21261630640596,6.10686862876006,0.0555708902600596,-5.69508289127718e-06,178.648648648649,49.180069535362,45.1538989645635,165.477228935564,19.8363427112893,FAIL
5.0244221432472,7.29469384616476,4.16947635503105,5.12500033715785,0.160656743999824,0.097352028909604,192.702702702703,49.8624282231411,54.7564047774182,141.664363936173,19.2452143101266,FAIL
4.40820765165538,7.67548775411902,3.97097617131104,4.70531621421179,0.0985256569023397,0.0372653207510031,202.162162162162,50.4598749974306,60.5496477821985,132.253638131002,18.8524181137004,FAIL
4.12674517220923,7.84419671965707,3.48473601074622,5.90384063259255,0.00513716438362033,-0.0526701539860667,187.297297297297,50.0603955352722,49.6171741734113,165.110966730935,19.5010053648982,FAIL
5.09396988944635,7.93850749134252,4.45823200332259,5.6215612676365,0.152982701262476,0.087501150099442,188.918918918919,49.7677307160758,52.4320644935965,156.368246705552,19.5092748908796,PASS
4.53749828747523,7.09267146636398,4.52810291883003,5.6208070622291,0.0937107868599949,0.0349299007672188,186.216216216216,49.7155571808876,49.5653651983,155.781112798707,19.5081599318654,FAIL
4.23006024770597,7.58941798734119,3.83302702338917,5.35684047770001,0.0457308437933039,-0.0130136513417486,192.972972972973,50.291035888227,53.3941766598645,150.439334904469,19.2162622554383,FAIL
4.24951729342405,7.08099799383777,3.72669223996366,5.70774276221086,0.039274564994385,-0.0169735192387311,185.945945945946,49.8269360941484,48.7486978150162,158.055429003963,19.4909283576523,FAIL
5.3478622745374,6.83019081953433,3.30140678620492,4.74634914061335,0.17709882211576,0.113599544602301,194.864864864865,49.6494383969481,56.9766275319262,128.851986340879,19.0876375455007,FAIL
4.5148693303122,6.46962503618445,4.7003636067432,5.95504454541579,0.0862769022879927,0.0307604166351666,178.648648648649,49.0999728189489,45.031253043218,161.954227105304,19.8148667399121,FAIL
4.8258588814766,6.69211807680005,4.09536713783192,6.11485652134252,0.0960341521740152,0.0393176729596062,177.297297297297,48.9561636485734,44.7232822159412,165.302541492197,19.9227120833353,FAIL
4.72661845617378,7.34659171133169,3.89750719138965,5.92456139450051,0.083915451379582,0.0246258784929633,183.243243243243,49.5141978266995,48.0766007790111,163.121540024236,19.6863945717925,FAIL
5.6162963868601,6.84274958780247,3.59772336044243,6.46061770862634,0.135153356476579,0.0757103868961133,172.432432432432,48.3405702001391,43.1548270222283,171.021104354244,20.2510886195235,PASS
5.4083219737677,7.20128057526849,3.75386856389672,5.16399191204594,0.182900221874942,0.117954279732213,190.810810810811,49.6168925328314,54.113452696711,141.056218185705,19.3305423219725,FAIL
5.46660046143644,7.48492219005796,4.10567099028864,4.77560488076163,0.232708804467002,0.163857720749871,196.756756756757,49.7811070518708,59.2800382162537,131.03740986306,19.0879201138499,FAIL
5.36875556349856,6.9757463117368,4.84007331255449,4.7474348679723,0.248395116701432,0.182033654575027,195.405405405405,49.645345742219,57.6129274440002,130.044940192364,19.1178659812002,FAIL
5.51374667570178,7.2873352233756,4.77633176371622,6.19860017152784,0.175866112969795,0.112490609139534,177.837837837838,48.7943978217074,46.1717627749997,167.738004542343,20.037502305145,FAIL
5.2991371262731,8.34640180217268,4.72793759815255,5.44660960065251,0.197864406365627,0.12814702512073,192.162162162162,49.8885737468544,55.3406037307848,152.176293049678,19.4049784957396,FAIL
5.81342441594354,7.0505310808846,4.27368728820422,6.37141274248369,0.179202470288952,0.116537817282402,174.054054054054,48.3957812309814,44.3851286534632,169.558124069633,20.2207280427371,FAIL
4.80813262890995,8.17147239880454,4.23406030235409,4.68049400199264,0.163644396626365,0.0969136803568842,202.972972972973,50.3582170269583,62.8408443075577,131.42291904476,18.8729272087904,FAIL
5.4392404573229,6.65332137821923,4.70639665598702,4.60177048538892,0.260486701492011,0.194858132924377,195.675675675676,49.4942424040585,57.9721247193783,125.039575883353,19.0687408468925,FAIL
4.72367741920124,8.14656043084471,4.03051541285678,5.674066200907,0.0937193148053468,0.0304349391300996,190,50.0171696245556,52.5394466824825,158.969148091788,19.4472267087727,FAIL
5.40153533864484,8.12596218464869,3.41957598349534,5.27053517678034,0.160422746052492,0.0919706710449847,193.243243243243,49.9013188019275,56.2747461144928,145.550284658595,19.2989596587265,FAIL
5.60138246134587,7.39246104821319,3.19837706842482,5.29089169739714,0.165771090940668,0.099700713556965,189.459459459459,49.554152916132,53.6131425419419,143.886287512638,19.403648608444,FAIL
5.79547462893069,6.70494634947425,4.52712431447253,6.4557634949832,0.180128751718186,0.119437800288067,171.351351351351,48.1136835212406,42.8416222600543,170.282581911718,20.3377968868441,FAIL
4.31275039609749,8.21066415802234,3.70924271953787,5.88265532286325,0.0289300752444007,-0.0314047849096479,188.648648648649,50.1078636512274,50.9319460742143,165.289621771811,19.4904215565085,FAIL
4.14515462630421,7.11462362734403,4.7171878686198,5.39936437461661,0.0606786657481542,0.0030475422459979,190.27027027027,50.0820311002916,51.4051671524436,151.307906232034,19.3027447797087,FAIL
4.20989316461545,7.43236345754996,3.84258244750915,6.06353775747165,0.0248445566166328,-0.0320826494658082,182.972972972973,49.6861837424127,47.2360922414097,168.064535460202,19.6763858856992,FAIL
5.83061082643499,7.75486406939982,4.18332233909372,5.50351981670435,0.228554032203616,0.158390567931428,187.567567567568,49.3969298312254,53.014868140138,150.244225277822,19.5692609571858,FAIL
5.72279985667382,7.13517218885452,4.1765051095129,4.6181248124074,0.275415129941116,0.205300155481458,196.756756756757,49.5231673912037,59.8210824167,125.274055257342,19.0681070926155,FAIL
5.47582808289835,7.19076809502885,3.43352159524349,4.82517883468413,0.19365907940391,0.127370816687581,195.135135135135,49.6928631303579,57.5650204067105,131.416316614126,19.1267440130774,FAIL
5.19237964788297,6.67527233938154,3.01971023978971,6.15007620867856,0.0895676402295403,0.0327657341640684,176.216216216216,48.820960882621,44.4580820759337,164.361643323846,19.964830457241,FAIL
4.37388900112959,6.55879559599728,3.18193210434743,6.00902274391064,0.0335838813483804,-0.0197983182009708,179.189189189189,49.2786224855143,44.8656377126674,162.972946217024,19.7552924638092,FAIL
5.84953975390718,6.6170938225606,4.25748306440986,6.15288216056706,0.190019341396476,0.128567115638094,174.324324324324,48.3621923489247,44.4372643724737,162.76397349603,20.1398720561484,FAIL
4.17717338224551,6.43918851932256,4.79869385883201,5.46579216904074,0.0693493601411783,0.0142413784972724,185.675675675676,49.6764561219666,48.4760603717978,150.906032424216,19.4357765533038,FAIL
5.62859195663802,8.25486453624381,3.276597920133,4.7849785264348,0.205975202581951,0.132875008255024,199.189189189189,49.9175875955353,62.0519893572294,131.358309893165,19.0385394467078,FAIL
5.74744042266135,7.01942040174937,3.34218474940442,6.18221217744733,0.145277141640606,0.0835129502068642,176.486486486486,48.6652767133118,45.4471779551011,164.72775506884,20.0480702114097,PASS
4.93416026675718,7.47078569004398,4.97249902575489,4.72298461468882,0.202365689166454,0.136833655937982,199.189189189189,50.0713182497303,59.7285586117702,131.703222574348,18.9890407367832,FAIL
5.27419505226549,6.66230698703812,4.80509043251099,6.33856836825193,0.146161918832069,0.0875068738107627,173.513513513514,48.4493649985917,43.3295104296137,169.355968768187,20.1835454008247,PASS
5.11046107142259,7.05360010120406,4.82613784287917,5.36793919661754,0.177310473618539,0.114532456982552,188.108108108108,49.5640553390516,51.6863208893167,147.697357580071,19.4548440939273,FAIL
5.56667505805306,6.86404948525887,3.49467462149159,4.62233273224758,0.219093988061973,0.152826305716698,195.945945945946,49.5385894761631,58.5947774295324,124.958287192351,19.0516236954558,FAIL
5.06925303191305,7.37431145303369,4.59996014840563,5.8543711966029,0.142499728442738,0.0802355150831737,183.513513513514,49.3773153685757,48.7842472502394,160.977707655015,19.7183433747416,PASS
5.39524724347599,7.11166924549993,4.11114543431836,5.56202705611233,0.174321847606399,0.110912439740112,185.135135135135,49.3428870076999,50.2739644245321,151.489340507896,19.5998652380077,FAIL
4.76841259267825,7.90250179417096,4.35966587928902,5.68219085133209,0.109813624547341,0.0468290347822251,188.648648648649,49.8888691468495,51.7334952132548,158.769824068826,19.493186879602,PASS
4.14344587911242,6.70044982275258,3.64276976178937,6.24630514518047,0.018364758760823,-0.0349660865935549,177.297297297297,49.1838667499774,43.7576427169662,169.815776758787,19.8757004984294,FAIL
5.57971160165909,7.74683025799584,3.80040361596047,6.40750611849263,0.141730385476484,0.0776825266194305,177.567567567568,48.8252928071634,46.1194190903689,173.250439569301,20.0952701853007,PASS
5.70481524873988,7.17803813670412,4.36096870530832,5.43455613566953,0.222719496716627,0.156049148508708,186.216216216216,49.2777106109527,51.6534990319185,147.578635486878,19.5701458887673,FAIL
4.30168017214922,6.88081279565775,3.43642770238909,5.66402602138614,0.039481663154007,-0.015888639887719,185.405405405405,49.7608666470981,48.4181351900667,156.027249817193,19.4849380333101,FAIL
4.64639501508849,6.45300436730613,4.20617208022861,5.59266305878218,0.10158293409172,0.045313685910933,183.243243243243,49.377171403003,47.601801505223,152.503628181474,19.579171180703,PASS
5.21122205479081,7.37388064667112,4.99358318039159,5.12017212632928,0.210654438210243,0.144684379961084,192.432432432432,49.7666382869115,55.1632086688372,141.717574589551,19.2860918952998,FAIL
4.54301074933138,6.81030520810023,4.72116407833719,4.75677024046284,0.140382014202739,0.0808320869307764,196.756756756757,50.0457731084401,56.638829493257,132.23620595939,19.0002137743864,FAIL
5.63518933381608,8.11915583943349,3.99478819748058,6.24481592495535,0.162381020241901,0.095344999887751,180.810810810811,49.0825895039519,48.2847321387679,170.424217803841,19.9627437732312,FAIL
5.42115776169337,7.65930838632799,4.26300067223053,6.34332572971074,0.146251038785717,0.0827247676314901,178.108108108108,48.900846590226,46.2742684274145,172.345606640081,20.0537578803994,PASS
5.96692381684903,7.73905180287981,3.29461649558465,4.56682049697334,0.257813819320468,0.1826608739239,199.189189189189,49.572752243142,62.8998555462004,123.434356745715,19.0069135613345,FAIL
4.42839022024853,7.06942875728932,4.11673257943749,5.29606482110812,0.0835639628523065,0.0252827220371756,190.810810810811,50.0049777568568,52.201497785638,147.31690032748,19.273490055971,FAIL
4.09732303256311,7.40147173021611,3.88911591909868,5.11601482195717,0.0415359422253855,-0.0162312668949832,195.945945945946,50.4167785349096,54.9955087441474,143.894103400734,19.0665503753929,FAIL
5.71933177644318,7.47937012986174,3.70865679347408,4.67158387876223,0.248594094387975,0.177466124210877,197.567567567568,49.6480392197026,60.5307416373046,127.063959716568,19.0584440101238,FAIL
4.81326133691508,7.32870040650961,3.44473141453387,4.63905292991959,0.1313136129911,0.0691247969524268,200.27027027027,50.1391571000701,60.0793587224859,128.338868968079,18.8953281224216,FAIL
5.44601202530292,6.82676674246174,3.59402986728529,5.65200698718126,0.153874049939404,0.0925322576641369,182.702702702703,49.146265619253,48.575048443496,152.435948525334,19.6828949614434,PASS
5.52294312458843,8.04252120067566,3.97199940347988,5.43983625706822,0.19207447701801,0.122917763163264,190.27027027027,49.7037415967931,54.4479468140486,150.023644565846,19.4452991734305,FAIL
5.0010179037041,7.91586444553039,3.58678614165392,6.12816264470616,0.0901132099261281,0.0279946310878291,182.702702702703,49.453033414108,48.3706469427145,168.707883907521,19.7878306009081,FAIL
5.40579727105868,6.41037506493525,3.31539754813925,5.81806808677176,0.132201769546676,0.0741176399318569,178.378378378378,48.8374438134115,45.8972124068126,155.093913382458,19.8298281590744,PASS
5.71631339135,7.18699324008266,4.38401181793835,6.46215691203816,0.170696173549315,0.108120129200158,173.783783783784,48.4098220874405,44.2163538424451,172.537344064105,20.2509681289238,FAIL
5.83711889724029,7.43081687225416,4.26736998035443,5.26033871027938,0.246313369215987,0.176566413177946,189.189189189189,49.4024713496133,54.1335078818896,143.133168094163,19.4533936309517,FAIL
4.18155356532922,6.8630596465824,3.16819383680196,6.47567628129849,0.00306027638307615,-0.0499201885227364,175.135135135135,49.057517801197,42.841514316562,175.200870709502,19.9919100022065,FAIL
4.92377202524482,7.93182410795643,4.49458149497339,5.44006387561812,0.143707054500649,0.0788004930525595,191.621621621622,49.971435673117,53.9646730723631,152.105350522579,19.3698473437002,PASS
4.89647914826698,8.00757106870031,4.19902408204292,5.35376505068945,0.134828719941596,0.0699185653144172,192.972972972973,50.0705540083002,54.9930480130709,149.780274910405,19.2977009263568,PASS
4.62438487473147,7.01937424313658,4.43791612936359,5.8744771518093,0.0916437745322369,0.0334268099878871,182.432432432432,49.4303864241694,47.4044368186384,161.551951295687,19.6947375133853,FAIL
5.10659985852669,8.15822214528787,3.12927863425948,6.28260593259488,0.0735987818255939,0.011044066408976,181.891891891892,49.38825522609,47.9851031490149,172.421691703527,19.8595385330639,FAIL
5.25069022117702,6.52086888252616,4.96337010115629,6.29022989362979,0.149275983289941,0.0911100337711271,173.243243243243,48.414936778696,43.1859524954764,167.824867889679,20.1736623681344,PASS
4.60613437941337,7.48639421275118,3.69623154027055,5.23032326867811,0.0898302086194598,0.0293274884558581,193.243243243243,50.1290736425306,54.3012866042636,145.758643243291,19.2077628692877,FAIL
5.02623764881273,8.00335868713273,3.9532652248569,6.48107318333597,0.0927982963211145,0.0307517613583519,178.918918918919,49.1224845374051,46.2630539955876,177.704546345731,20.0245304574181,FAIL
4.74623564257051,8.0941275125159,3.06806736547704,6.05324858177712,0.0450106932963188,-0.0157990720475371,185.135135135135,49.7495499171258,49.3545568407151,167.596546021165,19.6577434769888,FAIL
4.66501127058004,6.92054179006366,4.29874462572574,6.43250003648677,0.0745518898092614,0.0180940353435848,174.864864864865,48.8173097383015,43.4115593784487,174.07467963213,20.0864156751168,FAIL
5.16835333261146,8.13365818431674,4.04380084592472,5.32440076138256,0.162401076651132,0.0950764779622228,193.243243243243,49.982186266161,55.7477626318568,148.276943701662,19.3100151656062,FAIL
5.07995639000383,6.97368313820902,4.36036548768496,5.31392460748769,0.162784215396628,0.100925477456381,188.378378378378,49.5928104668884,51.8573787573108,145.858566528362,19.4116236066283,FAIL
4.26945797444891,7.56387317328946,3.2475127286094,6.38384706889248,0.00504527991093573,-0.0511330091373842,179.72972972973,49.4505268816214,45.4664706621735,175.43097313018,19.8552505453008,FAIL
4.6459939674622,7.84201580362211,4.6607190923245,4.62518550241269,0.160024153091504,0.0953027801429209,202.972972972973,50.3618298407658,62.2551161713063,130.114942931719,18.8474616358397,FAIL
4.47442246276248,7.61355061885359,4.65880691235266,5.87634387830788,0.0773906603316394,0.0172326850293005,185.675675675676,49.7621841220651,49.2429780581521,164.040667009068,19.6059530766339,FAIL
4.0949299576666,7.76828019173908,4.79616717488541,4.61560266638684,0.0838266437661362,0.0231631301488161,204.594594594595,50.6574824851206,61.9441931893167,131.236130473726,18.758811743076,FAIL
4.19495640476419,7.19597144320556,4.78861470347563,5.84120541694803,0.0523797765936133,-0.00514113298058527,184.594594594595,49.7433722010365,48.1399942640101,162.711668706088,19.5884363518451,FAIL
5.64887232778785,8.13708224740735,4.26079922205677,5.64494285460891,0.206638514694208,0.136532370923206,187.837837837838,49.533402272828,52.976023814676,155.473364641094,19.5921133692583,FAIL
4.9160115681054,7.28482872717279,3.17121039262469,4.55837009307263,0.132667697332151,0.0700971117924101,201.081081081081,50.073971761184,60.9041687918727,125.506234708929,18.8610572962037,FAIL
5.61439604292663,7.7490233858832,3.55751050282866,4.88583254971995,0.213971911843385,0.143651427619656,196.216216216216,49.7783417554833,59.0383278412448,133.732221376742,19.1412570788297,FAIL
4.78766387345498,7.66477867991069,3.45229880031414,4.57967592167685,0.130662946029712,0.0671073344774398,202.702702702703,50.2529628730145,62.1308896936742,127.223687372036,18.8302980017889,FAIL
4.1782361866319,7.04683275952181,4.21394625127146,5.35617191519346,0.0554300820239805,-0.00155989258375033,190.540540540541,50.0799289837753,51.534471294994,149.527361816985,19.2744890928533,FAIL
5.79721510158262,7.44944244154629,4.66095597454436,5.53501799908477,0.23933686093787,0.170651363608561,185.945945945946,49.2618004632206,51.7426639689703,150.776937344824,19.6283615628011,FAIL
4.7925886284409,6.81278374078653,4.44293246001342,5.23061289647571,0.137865354744437,0.0781411430599068,189.459459459459,49.7216628186925,51.9637375354409,144.143533952894,19.3309631213987,PASS
5.10891824010304,7.67880879907662,4.50747480741335,5.40214867943127,0.167487379540665,0.102298666662729,190.540540540541,49.8061907991086,53.5140874968966,149.960091477887,19.4020506736512,FAIL
4.04155390905414,6.79311276094007,3.51916508844192,5.53263861196065,0.0202532451929782,-0.0340300511607039,187.297297297297,49.9387232769944,49.1057194650015,153.107155280506,19.3701111995826,FAIL
4.49731435094679,7.6742900543159,4.38665698431046,6.02127376325844,0.0680863461907885,0.00821935068830093,184.054054054054,49.6582661588465,48.3500913237624,167.531315312082,19.6881680860941,FAIL
4.52211071597239,6.79070648869083,4.68033401928554,4.92553342702736,0.12781931901472,0.0688261249301991,194.324324324324,49.9952772826982,54.7658284712837,136.850091358575,19.1021864459767,PASS
5.44082330914451,7.59542987411591,3.30038982701291,5.64601029565458,0.139172505783888,0.0745293568492701,186.216216216216,49.5034407217838,51.1573504415226,154.179968213527,19.5802951357743,PASS
4.80336335542461,7.07886096833048,4.09870235380745,6.21179154920582,0.0887802254577874,0.030736169443658,178.108108108108,49.0736284891734,45.2880600549089,169.069503016116,19.9301227724694,FAIL
4.90749907990073,7.10923121726893,3.82886643905524,5.14341098330441,0.133874500475723,0.0726769855465579,191.891891891892,49.859355770382,53.863361592793,141.837728389466,19.2459298642729,PASS
5.81606760747797,8.29964519647388,4.41025419344149,4.6854236314372,0.307468790628404,0.229955611190191,200,49.7795849469455,63.538440293408,128.840613175243,19.0363409177465,FAIL
5.61825417792955,6.94181930547987,4.37363615623431,6.32672477650535,0.166903968653228,0.105570565625774,174.324324324324,48.4687527885718,44.3039528675889,168.83856953348,20.1763083522073,FAIL
4.18744825920291,6.9939282488871,4.54023463349372,5.53794603296207,0.0582432977700632,0.00129731492137575,187.837837837838,49.9109950598711,49.8264885790004,154.295877050088,19.40747361686,FAIL
5.23420778641701,6.6383598191794,4.12109183698208,6.41294834467838,0.122780051954985,0.0653597838097093,172.702702702703,48.4230689225414,42.7745145584669,170.644369275034,20.2067769581805,PASS
5.4548521853833,8.24664790498589,3.10662932136843,5.95065756438187,0.115401302421701,0.0491224244642761,185.405405405405,49.5198506108342,50.7305968845262,163.275620109219,19.6999255150323,PASS
4.16443581915026,7.847477509659,3.09202619373767,5.67092608833165,0.000979669370920866,-0.0567293983404404,190.27027027027,50.2496634300738,51.462244135125,158.720756797294,19.3476182530151,FAIL
4.60237359716753,7.22922845783326,4.9172078937751,4.89693943829816,0.145046644210571,0.0834027056480102,196.756756756757,50.1377956051877,56.7730153612897,137.014940687891,19.0595925957255,FAIL
4.98798133692893,6.57887902630387,4.6816191506066,5.78890151657115,0.139111273990556,0.0806408183181475,180.540540540541,49.0796335117059,46.6556173644018,157.03155378821,19.7660767327302,PASS
4.0151549678605,8.31619265984567,3.44797437910764,4.9595628046084,0.0102408366410499,-0.0495969846409635,202.432432432432,50.8219556172302,59.8255002505828,140.908982092852,18.871529405682,FAIL
5.55616099086329,8.38459110188612,4.09369391993339,4.70514320698618,0.256161242786421,0.181549455432443,200.810810810811,49.9616829210816,63.5213634194844,130.088253095491,18.992214258912,FAIL
4.11231838473474,6.85291668385874,3.61908659292559,6.12442478340702,0.015412637529555,-0.0385839663329555,179.459459459459,49.4099737739653,45.0081315662073,167.615510847718,19.7655681058483,FAIL
5.71180003050627,6.68861092865798,3.42607358308486,4.55336551301825,0.234132969556145,0.167356873038478,195.675675675676,49.3902550292902,58.7122086119946,122.256698248024,19.0483825001501,FAIL
4.67383173446181,7.75265310913242,4.91062485118458,4.60003772304983,0.173638962497125,0.108713237836607,202.972972972973,50.3170569846984,62.2406824649303,129.35073523965,18.8492164003263,FAIL
5.4233184677916,6.86329735162041,3.32001855447298,5.98755761719438,0.125898062859638,0.0660561118017443,178.648648648649,48.9211901796997,46.2092398290121,160.633554556207,19.8836641267177,PASS
5.94201490773138,7.14049524220852,4.31042152500924,5.86312975089034,0.218282872609244,0.152119334406582,180.27027027027,48.834475176727,48.1416273550449,157.437122657605,19.8904397128242,FAIL
4.25334553724489,8.33506402463209,3.48492819716195,5.56551409114849,0.0224965941783378,-0.0381551707537618,193.513513513514,50.4186822358109,53.9296994529657,157.173941633022,19.2676969621185,FAIL
5.66288349172065,7.76459035416618,4.03428687207729,5.31954039642545,0.215935622293303,0.146422115692584,190.27027027027,49.5958433767953,54.6764010251791,145.829190183584,19.4223461008245,FAIL
4.2902059286655,6.89089380933859,4.39773588592415,5.33667437407815,0.0748085747024566,0.0176452109995408,189.72972972973,49.9581651880166,51.1861959473387,148.458190768153,19.3038411563216,FAIL
4.30463619057535,8.02676682293269,3.19214013822072,6.24656435326192,0.00352652995669622,-0.0546286049598664,183.513513513514,49.7603852645356,47.6992677359993,173.383962839843,19.7168434421186,FAIL
5.03093428825059,6.72741728067211,4.49168326599965,5.3604737053711,0.158800847565429,0.0983838586421167,186.756756756757,49.4744958946734,50.5613309919064,146.601817661685,19.4655708076136,PASS
4.31538822639301,6.57001609390105,4.72789562688669,6.05427463817309,0.0628582811173103,0.00783974786348374,178.378378378378,49.1601015580547,44.6576521032645,165.22572573871,19.8345224474701,FAIL
4.53403107628631,6.96930093113849,4.21397481398623,4.59464537822408,0.132489008008399,0.0726595807528952,200,50.1524647404979,59.1198386963349,127.716354382225,18.8735428897274,FAIL
5.67110307266481,8.33761035778353,4.50019790572243,6.34846694966549,0.1805964339862,0.112123426014245,180.27027027027,49.0231930825693,48.2106603755951,173.86797210897,20.0287785784134,FAIL
4.21400356760314,8.21834601638131,4.63916142206941,5.7872220453065,0.0452969054463196,-0.015982430252409,190,50.1963678147846,51.7311366709165,164.034310142996,19.4416036683314,FAIL
5.99767212869497,6.82957669750047,4.98147128238617,4.54506339196486,0.345563581790465,0.273372140027223,195.405405405405,49.2321550344695,59.5393966343305,122.30733676596,19.114684570122,FAIL
4.79043764006911,7.52605029065685,4.12776984019822,5.43888932822764,0.116720413710623,0.0548266914735482,190.27027027027,49.9105621895575,52.5862254363574,151.230775746899,19.3762397421544,PASS
4.88712467404577,6.80314315564318,3.39235326556675,6.20446179810026,0.0768042757419162,0.0204564342478338,176.756756756757,48.9507532361384,44.47071934512,167.182347040967,19.9489068819107,FAIL
5.38227782984371,7.15771292318141,3.38050023395348,5.01124976415576,0.169940562437226,0.10537127466053,192.702702702703,49.6916308949077,55.4421281594461,136.689454258966,19.225151927398,FAIL
4.59386802077708,8.19161110430401,4.98192045400762,4.66798888126855,0.160348860252504,0.0943483930287449,203.783783783784,50.4782349908941,63.038220523164,132.285598879949,18.8438814845542,FAIL
4.69408267061804,6.57697796650338,4.26127538262935,5.00367876487539,0.133114853823949,0.0746973930630138,191.891891891892,49.7829223526672,53.1804142720151,137.676191882142,19.1923458001335,PASS
4.85179453790461,7.41824473717592,3.55692900476528,5.57656888961032,0.097148868936962,0.0364685819351287,187.837837837838,49.7720454537873,51.0366163544324,153.928083740957,19.4656498664121,FAIL
5.60503796988877,6.64454471943076,4.50094072918218,5.45981705334562,0.21232235679774,0.149135612845323,183.513513513514,49.0626344474629,49.5513596713046,147.113193164448,19.6369610390163,FAIL
5.99774698215464,7.33402640151959,4.08221801871574,4.67653733621204,0.299391327291529,0.225864916017231,195.945945945946,49.4292096342257,59.9863754855377,126.363360187561,19.1286253092215,FAIL
5.93979319321273,7.64473523943884,3.8995378434135,6.32007951439655,0.181114966124581,0.114854225087788,177.297297297297,48.6784445524147,46.4709296743023,169.718427190732,20.114883945658,FAIL
5.81286170756453,6.65297099465488,3.51423259915226,5.7067510881941,0.17943837325467,0.117040567381915,180.27027027027,48.8386587595246,47.6331878070121,152.041561677024,19.799476111236,FAIL
4.37628067560046,6.93143422835826,3.34762926356087,5.51702136548091,0.0475025066442327,-0.0085239107597157,187.567567567568,49.8640392422885,49.7743779561044,152.229142076618,19.3941201384236,FAIL
5.25316910230742,7.22912811149936,3.18777715908116,5.19963095824538,0.136710970940754,0.0737135206750615,190.810810810811,49.7265027459623,53.8112880639441,142.167066068131,19.3053673527888,PASS
5.0582627731913,8.38481234412384,3.21121767357101,5.76108857469577,0.0902898880679164,0.0253511478562944,189.189189189189,49.9006824807216,52.5787446288756,160.016977744135,19.5078028036623,FAIL
5.2080694153489,7.94920979898161,3.93762117856672,4.79223210741449,0.194609658646318,0.126090992259532,199.459459459459,50.0693270924522,60.7598992285295,132.920586756457,19.0133215829193,FAIL
4.43444293942972,8.1428709635421,4.88464140591734,4.71424799834835,0.130574646260572,0.0661944190960854,203.513513513514,50.5582956522948,62.2369791386444,133.92147387362,18.8458825981831,FAIL
5.00636019370713,7.00961975609254,4.55197223933545,5.9552408801071,0.130334845905309,0.0704041454863397,180.540540540541,49.1552668263994,46.8750682602242,162.434315932826,19.818017423853,PASS
4.53608651323959,7.93699413267035,4.6827789103241,5.30546774054318,0.107977456990456,0.0449971721498349,194.324324324324,50.253327390764,55.1467582104103,149.772346247518,19.2266422915154,FAIL
5.88075278015875,6.43114001186962,4.22816365660392,4.81751487973303,0.271200690055675,0.204747960306717,190.27027027027,49.1248303059698,54.7547674669622,128.845928224247,19.2874235067889,FAIL
4.76237894090176,7.24954059761492,4.36234899167722,5.27249439189118,0.129357841750612,0.0681016593898723,191.081081081081,49.9054339476942,53.1388224639578,146.413920432505,19.302688110764,PASS
4.50795228793529,7.93779893003232,3.36428096712641,6.49704352441915,0.0241218303879506,-0.0343372381325141,179.72972972973,49.3702451927116,45.8515930200971,178.79426434408,19.9302382568143,FAIL
4.64248743332057,6.64131424023654,4.554289092546,6.42450906612128,0.0797435535896296,0.0242679614027063,173.513513513514,48.6616052609582,42.6255273593313,172.951672441723,20.1297122627969,FAIL
4.78478548047773,7.75122231946564,3.59371731773085,4.95850355082198,0.11717869021822,0.0539564600956913,197.837837837838,50.2335121095276,58.0388590535422,138.245378374087,19.0476310581251,FAIL
5.68135122159331,7.17968524024724,4.24475873557216,6.13007196647768,0.178263647606769,0.114753870893979,177.837837837838,48.7567681125924,46.3173669426084,164.825063286565,20.0163847528929,FAIL
5.91404160204785,7.39133701247072,4.68753005432643,5.58844693213162,0.248383507500489,0.179355038956742,184.594594594595,49.1413687068622,51.126619405788,151.627564241545,19.6890873792659,FAIL
5.2038017923239,7.28724784912613,4.36386205280171,5.84565849233733,0.149868019823144,0.0874687903600132,182.702702702703,49.2872991375006,48.5924919964904,159.903178641807,19.7384868593113,PASS
5.83779993691434,7.62599995660004,3.46552532336262,4.78680871177274,0.238562100729298,0.166401631117686,196.216216216216,49.627265706492,59.7573894047101,130.01350684346,19.1271715859725,FAIL
4.34631169297974,7.90599188183131,3.15091133293554,4.64794930865556,0.0548581996812072,-0.00558243400883884,204.054054054054,50.5838633678352,62.0747608096906,130.408648708865,18.770190717998,FAIL
4.50993769706386,6.70826161853369,3.3808907856449,5.79409871718441,0.0558554147000472,0.000600227119063823,182.432432432432,49.4648329255714,46.900932438799,158.138117943838,19.6244239323041,FAIL
5.57647020617781,6.41648284356458,4.96729705894428,4.51570780822624,0.290495240776701,0.224448145286963,195.135135135135,49.3079920247657,58.0147134912788,121.882579027182,19.0679105517742,FAIL
5.6230402386127,6.61750397859632,4.83990499082786,4.55842574845802,0.290559998805043,0.223274088982434,195.405405405405,49.3725568847867,58.3811109874848,123.292789272296,19.0788609873801,FAIL
5.21461940319049,7.84316495799272,3.15615210069695,5.94877269729382,0.097784339563841,0.034795130503824,184.324324324324,49.5013627910626,49.4909117150251,163.064958080771,19.7009189042406,FAIL
5.83294791862579,7.79564407602955,4.77427883613758,5.70466489463312,0.239506114832906,0.169388041637226,185.135135135135,49.2561008562374,51.4621492477371,155.991422599977,19.7086232517046,FAIL
5.95374921100428,8.01709200495132,4.93548211357388,5.38156334459939,0.284251860748133,0.210164930183912,189.72972972973,49.4558713116056,55.0398959581251,147.732113192432,19.5086594737067,FAIL
5.40004931007108,7.6183602449136,3.78645937956125,4.76598624533769,0.210343943636342,0.141804208911188,197.837837837838,49.8706321368961,59.8705504653059,130.967947568943,19.0520950987789,FAIL
5.29853136698785,7.51576088074326,3.59184826272217,4.59826045701882,0.198923667313976,0.131440235294518,200,49.907302636934,61.4541713249317,126.204389924565,18.9403974347908,FAIL
5.4156049995163,6.65398069548326,4.79751194252734,4.61111007365966,0.260137634080019,0.194635824048569,195.675675675676,49.5068547844021,57.8633247048293,125.419986955057,19.0725333930754,FAIL
4.52803924124645,6.55577858833406,4.86351997549691,4.51466063980658,0.156505769468376,0.097571945038441,199.189189189189,49.9766840781934,58.3615841861135,125.039886070176,18.8778383013346,FAIL
4.25428381334882,8.39828743117449,3.64582895349178,4.54281808940966,0.0665968997827461,0.00419656910114996,207.837837837838,50.7327491501923,65.2923598405493,128.581464100116,18.6748388817916,FAIL
4.36598121021884,6.84844325846512,4.91153559369985,4.76386784636326,0.121797726687242,0.0629508740216653,197.567567567568,50.1534396682593,56.6757481828592,133.107521840922,18.9755445014641,FAIL
4.69947931230712,8.24133580351541,3.79139880863286,6.25579652382566,0.0613597491762705,-0.000355398558233522,183.243243243243,49.5980685920175,48.3514777653221,173.792513293324,19.7906152795776,FAIL
5.19998796146799,7.44759313718608,3.18488114096519,6.41263999492767,0.0842965916850661,0.0245594724129942,177.027027027027,48.9236455080843,45.127178444052,173.181594138222,20.0450115245638,FAIL
5.07538067927827,8.02206576706771,4.08418772912567,5.89932667648803,0.124965884765053,0.0605885630475879,185.675675675676,49.619898064827,50.4205339812822,163.476045173536,19.6610057158706,PASS
5.97254858002609,6.58026147043768,4.89876144228602,4.59731869846749,0.329686501459304,0.259680866825079,193.783783783784,49.151508182938,57.8547473814162,123.2846705953,19.1653276732191,FAIL
5.89929039619163,6.78622301172012,3.4032666160438,5.17636726192493,0.210242407373529,0.144306211714588,187.297297297297,49.1888154005132,52.5697161816103,138.683550133305,19.4520543718448,FAIL
4.04636451922562,7.12883231390688,3.97692387813523,4.85313310399318,0.0499322169046316,-0.00696627759520141,198.648648648649,50.4387846032593,56.6880078079436,136.285814990183,18.9269471581182,FAIL
5.66185641047281,6.44988480722198,4.33466808623415,5.9554859638475,0.184953619501563,0.124566919980206,176.216216216216,48.5433737357422,45.1691931818996,158.196438079085,20.000428159562,FAIL
4.115068448805,7.61430586791086,3.01767090221826,5.80215210540142,-0.00634437654832753,-0.0627020679449847,187.567567567568,50.088772199692,49.6650084075352,161.551301398919,19.4411119790866,FAIL
4.88286401539037,7.62096196802309,3.30592015422185,4.79170348039387,0.122968882236085,0.0595856102848918,199.189189189189,50.1828738867221,59.4282385542061,132.848439355648,18.9682806295737,FAIL
5.95173465960753,7.85961356547388,3.04121453996123,5.14441824155839,0.196850236708956,0.124879279415724,192.162162162162,49.5821384344938,56.7399263242866,139.635894734818,19.3250690606255,FAIL
4.73965029434282,6.806054912063,3.98333136982479,4.80177296975007,0.138840448256372,0.0790432013021152,195.675675675676,49.9432553090177,56.1531261883851,132.460251038083,19.0426703577042,FAIL
5.68886875663676,7.45967934427155,4.19429569249933,5.12716168206847,0.236637452772472,0.167427653332845,191.351351351351,49.5545354276714,55.4874529706915,140.049930966175,19.3417435191056,FAIL
4.68527532237428,7.3181561564461,3.13233872995689,5.08956569614519,0.0808253675391258,0.0210823354736949,194.324324324324,50.1165173323408,55.065310309132,140.963906963883,19.1332229796345,FAIL
5.37854699481295,6.69231260180079,4.95719920648207,6.48038628744369,0.153250933526599,0.0943075594111806,171.891891891892,48.2526378131595,42.6005247658805,172.396524820804,20.301477292253,PASS
4.29275278527858,7.24393181809203,4.38268505103313,5.70455696370888,0.0590569049852591,0.00115394148305692,186.486486486486,49.8475409439079,49.3436550667121,158.880691839479,19.4986388197681,FAIL
5.81131548544865,6.72853078195255,3.69166959247096,5.44986795427033,0.201171582284471,0.137051874671312,183.783783783784,49.0412884487165,49.9438675147481,145.991466265681,19.6285505087422,FAIL
4.69747508825372,7.5541111141116,4.12170037906915,6.42281158127578,0.0697763025139867,0.0107602518964161,178.108108108108,49.1366991153874,45.3159040712465,175.993607653813,19.9912737664806,FAIL
4.96850982703621,7.34944539208058,4.11776538010457,5.8987846773189,0.11607122260369,0.0551657488096098,182.972972972973,49.4031580380961,48.3346715044768,161.954012660065,19.7178807752097,PASS
5.80014637814744,6.9644949180583,4.40593766787582,5.74534717643041,0.213761609752818,0.148865756542503,181.081081081081,48.914056744571,48.4260988113781,154.530805621646,19.81408720843,FAIL
4.57345360112287,8.21708956288204,4.56985120673398,6.37302137693024,0.0659982622136661,0.00430597294372548,181.891891891892,49.4979717006054,47.4912323222017,177.697396850282,19.8733820611556,FAIL
5.7834989636198,7.07183576209473,4.23820262998938,5.43106084363945,0.225296197199045,0.158748539726231,185.675675675676,49.1947492641069,51.3280653517194,146.875639798624,19.5893098141951,FAIL
4.24268226784513,8.27235859324827,4.05733719260678,6.32424245341851,0.0183278384025488,-0.041536773904705,183.513513513514,49.7556057836862,47.8839349415653,176.990598445235,19.7623919491241,FAIL
4.47674682314985,7.04604549002291,4.28418297138786,5.28006787667961,0.0945676035935413,0.0358881975643948,190.810810810811,49.9706608254213,52.280334703742,146.832076633006,19.2789093395494,FAIL
4.10553124927193,7.97781877899902,4.33556668512278,5.73434064035086,0.0287160913022986,-0.0309095080491876,190,50.2187536833376,51.3906258855408,162.025213870221,19.405408848208,FAIL
4.16286144500879,6.93367653769846,4.20298755581789,6.40819391462143,0.0253806609480629,-0.0292948818337821,176.216216216216,49.0912681220183,43.4993973420621,174.791159446519,19.977740478242,FAIL
4.46986846473865,6.755587026252,3.79751724094114,5.35082814197978,0.0789136550765152,0.0222043038561875,188.648648648649,49.8203526225296,50.5950107137029,147.561020736804,19.3404453588705,FAIL
5.20290278017433,6.58309005695997,4.90466730028427,4.87512330035014,0.218168703429006,0.155451190427546,192.162162162162,49.5387694401775,54.6355997002633,133.164796474598,19.2116654396063,FAIL
5.94561078428801,7.1214478553309,4.95449256644435,4.7816928458739,0.320895252451342,0.248753320854938,193.783783783784,49.3593089024782,57.9525294564975,129.595876977623,19.2225951509756,FAIL
4.50571749517591,6.76694047729947,3.82305452892262,5.47694527946291,0.078827581814329,0.0221054366239342,186.756756756757,49.7182616091706,49.5817570054835,150.744358297271,19.4267632072544,FAIL
5.58726423719348,7.55030687060801,3.95141484294525,5.57612040739115,0.187941268897385,0.121298806631963,186.486486486486,49.4185538051825,51.6544842445594,152.274818445912,19.5879017131849,FAIL
4.08034753336215,7.32309541125295,4.43491269645283,5.69474556935753,0.0356461377263728,-0.0217157743749273,187.567567567568,49.993943119012,49.6343772142715,159.410081893947,19.4487317457471,FAIL
5.94208733702905,7.72511633479748,3.30327717026663,4.75938976408511,0.240816801700131,0.167136289761156,196.756756756757,49.60144895498,60.4727837728257,128.964134584995,19.115673871879,FAIL
5.82045470041876,8.23964154795215,3.27738809250386,4.59864824949893,0.241287112759218,0.165169772216363,201.081081081081,49.7773044907575,64.3823520802758,125.388102446651,18.9652213541414,FAIL
4.51462657485034,8.2823974071407,3.79555805446831,5.26791612512928,0.076546334933344,0.0135012314825039,196.486486486486,50.4187344433133,56.6187210189331,148.676851794925,19.1475812718446,FAIL
5.52618534957756,6.71862717176402,4.69676449512329,5.16993244169496,0.229182840635186,0.164782111609386,187.837837837838,49.3032021942101,52.3458639536012,140.248942590505,19.432385265564,FAIL
5.2667476844863,6.46246243603423,4.25996213869514,6.05651822343589,0.143297148797245,0.0852927757346493,175.945945945946,48.6544318391093,44.456553167239,161.81129435573,19.9982399187441,PASS
4.88022412533966,6.61731328607929,3.16687469672513,5.74964489416257,0.0832738130321323,0.0269101742825052,181.621621621622,49.2838800370472,46.9856604707936,155.631665911478,19.6608910167747,FAIL
4.62822880047338,8.0989191126112,3.16117884952823,6.01922532116371,0.0387237412972119,-0.0217021521119044,185.945945945946,49.8321787242128,49.6002926272101,167.155342872478,19.6198097419948,FAIL
5.3871474278744,7.80772686653746,3.32420001745841,5.15538032224447,0.159476798605639,0.092342594807262,193.513513513514,49.8634068755837,56.3251301839513,141.81051425867,19.2518907826244,FAIL
5.50421088488434,6.63132309687957,4.73499683527267,5.60513617311052,0.201114655169345,0.138935819808703,181.891891891892,48.9895459279896,48.3261860039363,151.149831400717,19.7246526355916,FAIL
5.74300872311013,8.35022341034721,4.23725729688535,5.05076588419124,0.258770809610645,0.183964344432679,195.675675675676,49.8127963020052,59.4208899844753,139.424766903071,19.2294498760496,FAIL
4.0244896292619,8.31075826146022,4.3900376158446,4.80278605475433,0.0494620114445411,-0.0119347458645775,204.324324324324,50.8296329172897,61.6514531422779,137.318094604427,18.8063554809736,FAIL
5.26897566210762,6.80871463385433,4.87211047279353,4.95487938723372,0.221045166120367,0.157014271549312,191.891891891892,49.5750857556091,54.7207253498957,135.658398494603,19.2476142932647,FAIL
4.30220240064859,8.37292101227541,4.92429920012037,6.22088968696652,0.046665965311673,-0.0150869809025086,185.135135135135,49.82184090961,48.9251958764274,175.505728277798,19.7226526619303,FAIL
4.86448435646067,7.35870059864267,4.62965492585847,5.34052757836014,0.145639293743688,0.0831455019314313,190.540540540541,49.8450248823774,52.9312888826718,148.385557763847,19.3581701782118,PASS
4.01240319577892,6.56929327580375,3.90645987094007,6.42538641757857,0.0100494197472613,-0.0423857548126267,174.324324324324,48.9616414576916,42.259047437417,173.758546045033,20.0074357963437,FAIL
4.58754009114213,7.06592924410288,4.44125237259061,4.7875207206802,0.135850906361691,0.0753247932836931,197.567567567568,50.1259444644856,57.3137066007676,133.339668762454,18.9950838638101,FAIL
5.51261636123578,8.05019349572339,4.34648078827216,4.92333640386668,0.242919733681181,0.171110979871,197.027027027027,49.8916149794228,59.7179691111287,136.180186716205,19.1423361011313,FAIL
5.99385632330844,8.14383379135334,4.61319619828607,5.49516216703547,0.269049002572089,0.194881389363085,188.648648648649,49.4244872237146,54.4060557836339,150.652958198427,19.5658529048873,FAIL
5.0573394430364,6.85181944134435,4.04561382651627,4.95151840024004,0.169051369892935,0.107225371894258,192.972972972973,49.7376129594476,54.8411228116775,135.789293541636,19.1847318988743,FAIL
4.64527855502834,6.83180014071815,3.9562739366218,5.49680141327636,0.0960793408984829,0.0382682336505672,186.486486486486,49.6541715153336,49.6809354692241,151.155242099152,19.4597226033656,FAIL
5.66703201651882,7.0920675691625,3.08738319298931,6.10859069415436,0.129098469406158,0.0675187015764158,177.837837837838,48.8256148981992,46.135856476062,163.355597513223,19.9645045302975,PASS
5.36199217088198,8.0477717660927,3.26508788512542,4.6107244731733,0.186012081578209,0.115894286156266,201.621621621622,50.0175421372478,63.3687769774067,126.872272468009,18.9097381162392,FAIL
5.67903692098101,7.97839221358155,4.97824525102898,4.55676653596326,0.323630617006698,0.24800121827871,200.810810810811,49.7675722191782,63.9503025500368,125.500240336799,18.9738540376389,FAIL
5.51194158786009,6.73001923426684,3.61397525685433,5.22787213538777,0.182030359269434,0.119171070689391,187.297297297297,49.334989712246,51.8112704897649,141.197417101573,19.4336450611734,FAIL
4.85252414074992,8.22386755510474,4.52604917147378,5.82314112850466,0.117721170580307,0.0531035327147197,188.108108108108,49.8453004358551,51.5967971055235,163.105870796852,19.5684390953076,PASS
5.69068862665536,6.52420149338131,3.01339952509453,4.63459828706343,0.19892359670302,0.13426523522205,194.054054054054,49.3574116697417,57.0422644086882,124.042093924057,19.096884307029,FAIL
4.15944457791594,8.18557621489881,3.59878250155221,4.73384388927968,0.0450612120271155,-0.0156976033973297,204.594594594595,50.7452800378048,62.0328617051912,134.094839922406,18.7799492487216,FAIL
4.29841738792237,7.91939857044388,3.81416544193228,5.75557778160556,0.0371424622980443,-0.0224665695585016,189.189189189189,50.104028572815,51.0602184956,161.473198178418,19.4412043744518,FAIL
4.15218967611565,7.81634948822611,4.79418521122872,5.00654522023365,0.0736462715152149,0.0128135819215528,198.918918918919,50.5556656657806,57.6430856855413,142.361348780781,18.9949840279627,FAIL
5.80072875067267,6.72248446172175,4.79665223886848,5.87946173489749,0.216955266166023,0.153535104375516,178.108108108108,48.660092689136,46.6488564107786,157.21272616861,19.9480067493368,FAIL
5.93731893617854,7.21645197274877,4.84630455762151,5.15525144512407,0.285685135502927,0.215143087567127,189.189189189189,49.293405652999,54.4170123710169,139.902594378638,19.4409526375458,FAIL
4.10786775835567,7.66605787456818,3.39251616146952,4.5519011331692,0.0420881102302133,-0.0163639633067156,205.405405405405,50.6432528254681,62.2988456248242,128.029274183553,18.7001771439328,FAIL
5.16128281492611,7.41986731879942,4.27282735244973,6.13121944187936,0.130329242171815,0.0685929604212471,180,49.1232929505721,46.9390979114975,167.360176524273,19.89936568466,PASS
5.58343258405488,7.23510280463346,3.55827270218218,5.81530847858901,0.157224272479174,0.0936469926612045,182.162162162162,49.1437285666001,48.6990183975474,157.227121194636,19.761203792002,PASS
5.04425564057489,6.48172235150223,4.3544814779505,5.04570760874525,0.172571447005557,0.112507958610502,189.72972972973,49.5273836974548,52.4884877343081,137.59689662686,19.290968471893,FAIL
4.73005709837055,8.014641950679,4.90072563110596,5.27500596448126,0.14050589797043,0.0756416047728538,194.594594594595,50.1830304282626,55.7534051714125,148.730371759625,19.2387456704202,FAIL
5.95151111444658,6.59897743510807,4.84527683742447,4.50756883490409,0.334091704645741,0.263723966380183,195.135135135135,49.1701131866525,58.9952106943986,120.875360795748,19.1035367772164,FAIL
5.63686211468803,8.14744474828265,4.55726642726324,6.31151066497547,0.179951780241693,0.112380004908234,180,49.001945029781,47.9283367305999,172.595054679549,20.0217533292867,FAIL
4.70497893576227,8.13846498819443,4.22324137990498,6.49910454583921,0.0675782558288286,0.00630128652564521,180,49.2951836696052,46.4654016251025,179.761296258394,19.9754288348485,FAIL
4.55499856763119,6.98880563905873,4.73377502647766,5.16404328277199,0.120906464311473,0.061288685815734,191.891891891892,49.9519881370765,53.1797926362943,143.71406939743,19.2372167246294,PASS
4.41854422178487,7.32475046054898,4.18262505898935,4.52104235358776,0.118855683569749,0.0583236273486986,203.243243243243,50.345919674002,61.4420546103835,126.515176717937,18.7796697803795,FAIL
4.19958069044953,7.8441681487103,3.10078360668435,5.15169944634595,0.0186217511818425,-0.0399706541901793,197.297297297297,50.5323500378141,56.1867330752189,144.809371015227,19.0411808461507,FAIL
4.59206148260149,8.24265630674736,4.40252847109808,4.70115114892481,0.138491508109871,0.0730934412093632,203.783783783784,50.4988457156159,62.7943267922485,132.86419407749,18.8475207183926,FAIL
4.51402463331583,6.83172825425513,3.65237777185443,5.20436828465436,0.0836865051392119,0.026364392423563,190.810810810811,49.9289800742163,52.1777237881433,143.736193100756,19.2418973304482,FAIL
5.68981217842468,6.61717371366395,3.27835750019688,4.91186009803168,0.199025222679691,0.134659174750876,190.540540540541,49.3351764476623,54.4442014339282,131.873679091034,19.2661474376204,FAIL
4.09196145755159,7.54631263526272,4.69777310825063,5.13594941411166,0.0598031992058631,0.00052510984971943,196.216216216216,50.4390816228253,55.3424039348722,145.449108575053,19.0851200153947,FAIL
4.03643773220186,7.24011924677138,4.37410245577356,4.79395084685763,0.0606897881863305,0.00287868050828677,200,50.4934858092646,57.7766252882058,135.193185475946,18.8893907680479,FAIL
4.48835460919351,6.80269797791791,3.53094374453048,5.76485565434571,0.0585227064471459,0.00270534115228283,183.243243243243,49.5380554789097,47.4343859132374,157.884182479593,19.5954131393032,FAIL
4.60138976616476,7.16178710514925,4.20047919623469,4.9534746880426,0.121088789562647,0.0606932969559896,195.675675675676,50.1100917246676,55.8973260395231,137.925636410243,19.0832671248274,FAIL
5.10646172907117,7.04794398195882,4.4315870558775,4.84944727492622,0.195668858621302,0.131782044887844,195.135135135135,49.8096823621655,56.6959861107837,133.543017898004,19.1204822159282,FAIL
5.80428001210613,6.5205410127378,4.60164096457421,4.51950623241027,0.304676028483305,0.236453226382465,195.135135135135,49.2300557078973,58.4666283370249,121.354379955503,19.0891513628437,FAIL
4.14326931153679,7.10749346898902,3.80994854077118,5.37433937371251,0.0396212359545696,-0.016879181945188,190.810810810811,50.1294848269736,51.5628878557224,149.919595224444,19.2610671283626,FAIL
4.37459265476686,6.50726252924172,4.85995979356108,5.70469597430488,0.0831522962809278,0.0273391361834631,182.432432432432,49.413733714385,46.9126366727644,156.585983877541,19.6208826048426,FAIL
5.90133784722654,7.48466648363968,4.93405977026236,4.82370206416313,0.316956291377233,0.243339867410644,194.864864864865,49.5024938902914,58.8711225512385,131.587088017867,19.2072551941817,FAIL
4.00081632212639,8.12432874315819,3.63911300671414,4.89032622353239,0.0201875408818409,-0.0393060580321322,202.702702702703,50.790276693988,59.9323266116492,138.877512739038,18.8487529775325,FAIL
5.99872351238939,6.82081312612616,3.54515275853517,6.39684386142072,0.165122440381298,0.103575928747226,172.432432432432,48.2173848050964,43.5389063767911,168.209586438889,20.27321171375,FAIL
4.03098385343323,8.17432498374019,4.30818015254163,6.40927548525787,-0.000452051835222234,-0.0592871519280785,182.432432432432,49.7183065956676,47.0126643464077,179.473160009807,19.800122692607,FAIL
4.76552435740905,7.600344225333,3.50590803192835,5.70102160523841,0.0806475239884311,0.0201024289442325,187.297297297297,49.8059631851586,50.5867465913864,157.787673841046,19.5082262681542,FAIL
4.40625258288823,7.7673572406973,3.30344485192507,5.16062854614224,0.0516250433471087,-0.00825587461272337,196.216216216216,50.3849336694246,55.8921162361955,144.618459522608,19.0943642027647,FAIL
5.54780102067202,7.08506803721739,3.12645437406083,5.95860779732633,0.127379818263485,0.0659201899595445,180,49.0104403742087,47.1364767778352,160.142670997598,19.8486962712721,PASS
5.1957594946711,6.48563174213216,4.58551549061441,6.09498316239996,0.14372700793096,0.0857263238933625,175.675675675676,48.6418134176242,44.2800595705077,163.197238357647,20.0207942196027,PASS
5.84074655522435,7.52447970368114,3.27310812653446,5.17235723786911,0.199992236376122,0.130615148616397,190.810810810811,49.5156071766793,55.2685101930528,140.28811366499,19.3610202870713,FAIL
5.14890476696289,6.83302837786979,4.50388496627214,5.86576492969641,0.14714287961376,0.0870779704014223,180.540540540541,49.0740242406103,46.9706395236786,159.189250182866,19.8043779374698,PASS
5.04222964816428,7.67764675875663,4.89447509379975,4.55176128642724,0.228865107745713,0.161070890602814,201.891891891892,50.0760032377345,62.6591229589949,126.7648119936,18.8873760077415,FAIL
4.71791504960346,7.31922344835903,3.51710529266703,5.18761263717394,0.0978195089503507,0.0374754301927841,192.972972972973,50.037713223882,54.1380672350568,143.804647608374,19.2109013299161,FAIL
5.79946601107904,8.11558913444643,4.15903578526068,4.56634891477565,0.30024622520776,0.22357412976469,200.810810810811,49.7367563507143,64.3609398176354,125.016224490558,18.972958732619,FAIL
4.54535379993294,7.90793828002629,4.55761527917347,5.86806215464872,0.0819869441478317,0.0204305737062009,187.027027027027,49.8520718542572,50.2206069084492,164.373775662301,19.5777251440333,FAIL
5.6930371669297,7.69178018037413,4.50349388678938,5.87244763344731,0.204414029103968,0.136895407284047,183.243243243243,49.177932785539,49.7676413908451,160.245808911174,19.7960131281322,FAIL
4.03962608060205,6.87401849750637,3.6571351842346,5.20208587640944,0.0316389069569726,-0.0235289006370608,192.432432432432,50.1934778343345,52.2452300272149,144.910921480391,19.1562194431191,FAIL
4.0508920931292,7.17687416263843,3.38126380567733,5.34493749866311,0.0164310627821609,-0.0393084420598406,191.891891891892,50.2473624839392,52.0237488808978,149.16814368315,19.2054900922292,FAIL
4.61928481771435,7.6703708718172,3.34262815081374,4.71019628434402,0.0976216555665371,0.0358163203087408,201.351351351351,50.3547674641038,60.5018623275458,131.344644415557,18.8743197426536,FAIL
4.60655883172277,7.03222143212252,3.07150812432662,5.02153381233348,0.0747810927731138,0.0166550056959432,194.324324324324,50.0810681308095,54.6685234034392,138.695159660672,19.1041230521516,FAIL
4.66621141473619,8.33431340277392,3.85914797681897,5.95738901989539,0.069653155075576,0.00691967610712929,187.297297297297,49.9026767684556,50.7993092551643,166.729326905212,19.5897945669212,FAIL
4.38303527429906,6.87204640784545,4.17301252152205,5.77801461801467,0.064540837041604,0.00809549843777202,183.513513513514,49.5789503777483,47.5730587886761,159.159088334921,19.6004261959672,FAIL
4.85586740810022,7.68296526966822,4.77774910214497,5.80982551916356,0.12599176690815,0.0632620850120714,185.945945945946,49.6456429328117,50.0557577207582,161.554009329182,19.6235494267762,PASS
4.76082698342705,7.00805934623564,3.59334871145567,6.27285704054752,0.0688569441227429,0.012091065018906,177.297297297297,49.0368493237864,44.6484745682954,170.000543929933,19.9534700939457,FAIL
4.30072581781431,8.20989389541543,4.03137827309887,5.17384112301161,0.0622773765637858,0.000364534602640632,198.108108108108,50.5473627582584,57.2763673381353,146.715230698515,19.0682895466445,FAIL
4.09891825007125,8.07933944489446,4.83872890328454,6.38154661247778,0.0188566307611242,-0.0405857946489422,182.162162162162,49.651730687837,46.9671632613927,178.9425114194,19.8215161790657,FAIL
4.60472797542086,7.12590465340896,3.6157655712644,5.29152922591627,0.0865429071997827,0.0277438055443454,190.810810810811,49.9620227905355,52.4617312161622,146.503064582129,19.2787912715411,FAIL
4.3084336648787,6.7268915973801,4.70590460540497,6.03949357013222,0.0609045865723271,0.00526080892535674,179.459459459459,49.2656581535032,45.2582876665948,165.501087786139,19.7995367146437,FAIL
4.98277088889905,8.39831491504017,3.81517660150503,5.96990284554793,0.101496085291972,0.0367145611499066,186.756756756757,49.7552383183063,50.9568002798305,166.229075234253,19.6434988002021,FAIL
5.79306711988096,7.39231182246377,4.15157202404319,5.97270184514592,0.194025238884956,0.128186310627575,180.540540540541,48.9368258514542,48.0976442730807,161.275575235928,19.9012877442566,FAIL
5.67637108557299,7.69370202242958,3.89717166410564,5.08577901490668,0.225675274066505,0.155529102298137,192.972972972973,49.664896011018,56.7261909038855,139.216860799604,19.2849726511853,FAIL
4.17953675714244,7.83895061971387,4.77443250000009,5.78398676656098,0.0469575428410878,-0.0129692389742597,188.378378378378,50.0731742924332,50.5954861692566,163.19182823348,19.4756684862728,FAIL
5.05088358654692,6.77626727402861,3.51074537069379,5.59937193579218,0.116716596519529,0.0578525064797952,184.054054054054,49.3734340786907,48.7288402548055,152.126043526664,19.5853992814712,PASS
4.65402296183027,6.72361129547281,4.82357723148952,6.17300674525493,0.093677992650817,0.0369038955388716,177.027027027027,48.9555565059362,44.4410846049273,167.742070389416,19.9541107382339,FAIL
5.34601155660874,7.3204248083953,3.1071372684056,4.59362455867507,0.173867042918118,0.107659128587378,199.189189189189,49.8381173406566,60.7230803295557,125.323194354378,18.9476115315632,FAIL
4.51868863037348,6.70557899104861,4.29174861574959,4.88206538300147,0.119172625585078,0.0609339418889269,194.594594594595,49.9904477910441,54.8651975771885,135.219484749638,19.0737887795297,PASS
5.55838120534143,6.85079661801746,3.9171705281744,5.02087196069244,0.213249245998566,0.14821125397643,190.540540540541,49.4408602575979,54.2523061912802,136.077555353096,19.3074891974058,FAIL
5.53204045199449,8.06981408550273,3.6041566695729,5.31122339042402,0.182220409372386,0.112830506853612,192.162162162162,49.7865510014635,55.7318488028846,146.291802485178,19.3555127851785,FAIL
5.86432850998453,6.80273743967898,4.53713873809804,5.75855407611119,0.222347223417837,0.157835983007865,180,48.7807678103497,47.8042449443414,154.20525857218,19.8585845309204,FAIL
4.4958809908406,7.17553600685988,3.51233319360264,6.29331997503103,0.0404764412362835,-0.015707277807656,178.378378378378,49.2320908386259,44.9666771522745,171.721350766625,19.8956918215501,FAIL
4.79570617727717,8.14176392792391,3.21167561643468,5.82215386931818,0.0632314648218281,0.00112400554497027,188.108108108108,49.9138175888919,51.2884052331524,161.843781346792,19.5235782139841,FAIL
4.96894120773032,6.61447375232497,4.32172549067025,4.63724633484971,0.187661053673099,0.126366409364705,196.486486486486,49.7527323814416,57.2686213831657,127.073767176492,19.007748062091,FAIL
5.43719711196882,7.49848042621425,4.96849297965632,4.61927854448875,0.277962212845921,0.207628866106951,198.918918918919,49.7910400686842,61.2130357177681,127.2944842703,19.0079398927072,FAIL
4.93391042836403,6.48684841469865,4.93340473610496,5.36826662313807,0.159226228160597,0.100046152614498,185.675675675676,49.3758792071194,49.6166222001662,146.610220640474,19.4966937488374,PASS
4.21286609942676,7.56130365688591,3.112515017925,6.2814495498646,-0.00243876353827677,-0.0583710066597998,181.081081081081,49.5863326349439,46.1040233460647,173.012689815331,19.7730151772117,FAIL
4.54931083880526,7.34588435323629,4.43259762376295,5.59881372400023,0.0923172214459832,0.0325109120463001,187.837837837838,49.8433273880923,50.5835653366884,155.84390025926,19.4643093346218,FAIL
4.40611949974701,7.38365435124801,4.32844862757093,4.73375602896788,0.110583631837407,0.0500129365500847,200.27027027027,50.355153817959,59.1071932222976,132.846854296881,18.9013677615656,FAIL
4.44121506296215,7.2776204744678,4.38135014206955,5.40692540889629,0.0865949834592071,0.0272964259431308,190.27027027027,50.0062729200493,51.9553852085016,150.935725231032,19.3305702292106,FAIL
5.86504032685285,7.94586943979277,3.02041551967018,6.3529838890214,0.129812569660267,0.063911673893101,178.378378378378,48.8780193272203,47.0576649681978,171.0104083666,20.0515063438749,PASS
4.20607201008557,7.21829505310128,3.13481293095405,5.95318971473876,0.00915594779118212,-0.0461298756914731,183.513513513514,49.7446016843501,47.3238383310513,164.140443316152,19.6018433175129,FAIL
5.88923712296027,7.74243652222726,3.92572705624926,4.80925008339896,0.27196963131036,0.198115353748915,196.216216216216,49.613886978353,59.9692045414556,130.985108274024,19.1516333790208,FAIL
4.1550241907674,7.31486298324736,3.79979541502858,6.28839571399429,0.0142841302157644,-0.0415310448815733,179.72972972973,49.4416913096425,45.3587512614584,173.120626604025,19.8274965989308,FAIL
5.08139858843846,6.91414912502208,3.99943264925182,4.95897672963229,0.169573204650478,0.107366341779118,192.972972972973,49.7514962096963,55.0084959966436,136.034263761276,19.1856763699438,FAIL
4.3338046321394,7.03501008349336,4.20694156585722,5.44357284183284,0.0700484682462751,0.0125204558598231,188.918918918919,49.9350774741887,50.7731642455597,151.379724200558,19.3572646269351,FAIL
5.55177771539532,8.0422685759183,3.56229895155849,5.81498779449515,0.155228422121798,0.0879596672813706,185.675675675676,49.471239933766,51.2263783195344,159.405927620552,19.6688297701791,PASS
4.24408258735204,7.91454720625189,3.04404978069469,5.42370654474078,0.0126620416355945,-0.0459617565021797,193.783783783784,50.3987149866471,53.8347408944928,152.155171666045,19.2027629879333,FAIL
4.49700444779436,7.84429090421308,4.70257518482002,4.62662250357215,0.139810296322237,0.0761813659100007,203.513513513514,50.4487222979723,62.2065313454842,130.596377978706,18.8242891872934,FAIL
5.33542558716969,7.75242580308433,3.07421299897102,5.41270892899015,0.126722628670314,0.0616106886043689,190.27027027027,49.7708613782046,53.6552694348727,148.608138359052,19.3949499149159,PASS
4.24263685184347,7.2993367444568,4.80506195932933,4.53332336679204,0.112616969322961,0.0526133090992837,203.243243243243,50.4292796716656,61.1583162479895,127.713378508062,18.7729797949799,FAIL
5.82320043120428,7.01726968554105,4.70192179734592,4.63465862858817,0.308002260083649,0.237104881107501,195.675675675676,49.4098287255775,59.189050904752,125.536640568126,19.1171109689594,FAIL
4.48860086710267,7.09227172529215,3.89172206069103,4.75266051232823,0.106814704517736,0.0474664635202106,198.648648648649,50.2118462768084,57.7598785135735,132.294640583825,18.9414375517986,FAIL
5.04633454054009,8.08846049844215,4.34284819322535,6.35657427763773,0.111215282367821,0.0478419104122741,180.540540540541,49.2447798922528,47.3315571464721,175.286580191515,19.9505164399321,PASS
4.8932579984056,6.77685520124056,3.81787130062727,4.71942085445223,0.154683769975361,0.0940092529409072,196.216216216216,49.8684008668707,56.9708463044798,129.600144812797,19.0163308284221,FAIL
4.27423851383864,6.62637550451012,4.59231867366617,6.34397601973552,0.0479055251082967,-0.00646766784100106,175.135135135135,48.9190602408601,42.9938998100388,172.094392247528,20.0139530486802,FAIL
4.87994129518013,7.10686553582351,4.5029051252547,5.46283310567539,0.137741278465036,0.0767317709539114,187.567567567568,49.6585597064916,50.9893049135055,150.781586145132,19.4620293962475,PASS
5.13372094197244,6.77348822634818,3.81207576047667,5.24249015713206,0.152584198075053,0.0917935898654744,188.378378378378,49.540934028771,51.7635968285329,142.950389746847,19.381345930353,PASS
4.19752145800336,8.25817536097557,4.50564321339176,4.68036709629105,0.0849250682593543,0.0222925571986421,205.405405405405,50.7296585073352,63.0045424219281,133.380211251979,18.7711824913357,FAIL
4.69028222654579,6.9285353351698,3.95939552446068,5.48738790788549,0.100697429222122,0.0422188887852657,187.027027027027,49.6862698434836,50.1046144531281,151.074448130349,19.4499061892394,PASS
5.84151890439466,6.72937588355593,4.67784413757831,6.03342310331149,0.208994841316614,0.146057049097124,176.216216216216,48.5113619940213,45.6032859607697,160.68281175428,20.0547487132145,FAIL
5.07662154104491,6.68818173888323,4.2025898506379,6.30152486931251,0.115092658478274,0.0577027682557146,174.594594594595,48.638636033866,43.5761678902147,168.888874416441,20.0980299218946,PASS
4.46441594705086,7.60587681548005,4.38521325559475,4.56458694476538,0.128825763349257,0.0666668576793782,203.513513513514,50.4040434496336,62.0375447051292,128.261515761279,18.7946852305315,FAIL
4.64632673782666,7.59175840753326,4.11304194685945,5.01919901834613,0.119003050100091,0.0568035647486493,196.486486486486,50.223062654232,56.8050478996612,140.435470776807,19.0885301631447,FAIL
4.48827631217787,7.06239464978053,4.76692458731081,5.42158519591811,0.101939385019937,0.0428485280142726,188.918918918919,49.8645841217226,51.1108535179432,150.89395271726,19.3820197590673,PASS
4.0962477704775,7.652940596436,4.8715034221536,5.76504553727243,0.0408682079980239,-0.0181572303667727,188.108108108108,50.051500789836,50.1511116262014,162.479972357618,19.4719947406886,FAIL
5.4276303659939,6.47098740351862,3.91625084751345,5.07835332678271,0.194777914325528,0.132914528437107,188.378378378378,49.3180230292111,52.2065960853414,137.042899969238,19.3641394911849,FAIL
5.93051678866952,7.23664268953181,3.09248811093584,5.73907579759851,0.165850338204244,0.100257244459101,182.432432432432,49.0539582532639,49.3393861635204,153.925889644043,19.7517895512356,FAIL
4.92622681956999,6.85285227026592,4.90921314491759,5.71020223608675,0.141555386506164,0.0816728629078753,182.972972972973,49.313894737412,48.1596756057626,156.392541149398,19.673013491241,PASS
5.65083879904897,6.70069198593217,4.18895384940714,6.01213489089121,0.177535775509286,0.116259859107523,177.027027027027,48.640297554175,45.5993657764294,160.421484377901,19.9952830224892,FAIL
4.24649241675085,8.3760499518363,3.13710111482526,4.89797188792959,0.0273382371004266,-0.0337082301404092,202.702702702703,50.7357501975098,60.7795181213925,138.443375377616,18.8616636807231,FAIL
4.45729603252515,7.03451315995022,4.01840290473841,5.27168070650388,0.0851528054273215,0.0269416387283989,191.081081081081,49.9912562949155,52.3002821211007,146.437072056629,19.2639076268778,FAIL
5.90549704384389,7.06423140213185,4.32931562116572,6.11223580428871,0.201733679924991,0.137305484853696,177.027027027027,48.5985312756642,46.1283831579189,163.313460986071,20.0606002211,FAIL
4.15538479936991,6.55786080913936,3.11554209854976,5.24202930303755,0.0298547936566868,-0.0237843758145875,190,49.9884377841677,50.7213135875413,144.501953171129,19.2171886299685,FAIL
5.25593527770651,8.06645319551235,3.76715655525512,5.52139961096972,0.149421173101762,0.0827990436942398,190.27027027027,49.8183187710593,53.719196092071,152.927784319473,19.442268035054,PASS
4.54915080749167,7.18772920863099,4.58847581045127,4.70053643452987,0.139970020012808,0.0788568341773863,199.459459459459,50.2057009211106,58.7718458845435,131.348381549123,18.9284030835374,FAIL
4.30963676315579,6.50608058968106,3.883274634673,6.47080250580656,0.0361476394634315,-0.016793867677711,172.972972972973,48.7329186451175,41.8562128889269,173.817966510079,20.0996681866581,FAIL
4.19717994023858,8.03477559898662,4.25679750723296,5.4798305224238,0.0457640028684903,-0.0147948196072888,193.513513513514,50.3737309333754,53.7610839666185,155.177229348255,19.256116708671,FAIL
4.92583610795393,7.4772894996764,3.72844722437323,5.8660272373425,0.0996262473426867,0.0388141143635066,184.324324324324,49.5329172244902,48.9550953652648,161.340869238996,19.6612864507349,FAIL
5.86868825419412,7.38111667584599,4.15644292420035,5.08776210406054,0.256464728794999,0.186008136054091,191.081081081081,49.4412972895061,55.6392833717171,138.225569417788,19.3538223954208,FAIL
5.29989987372661,8.18836698790444,4.58074728269451,4.52275442067794,0.259525741891132,0.187118097083927,203.513513513514,50.0452346494147,65.0941215137904,125.656480975616,18.8696754039834,FAIL
5.26996056781526,6.52277105628247,3.8232478752015,6.3686722331137,0.118967024212736,0.062136953418698,172.432432432432,48.4022105343303,42.6753722140847,168.890648416439,20.1879616289007,PASS
4.07097158417844,7.95855053572633,4.39135347594674,4.50044841769884,0.0729249176025391,0.0122254730156326,207.297297297297,50.72313922926,64.1440531193112,127.858191275393,18.6664860267101,FAIL
4.97490361096359,6.89052721422364,4.20071297373346,5.7737029045607,0.125372013282461,0.0660145992161336,182.432432432432,49.2860472221324,47.7892146670115,157.47226161394,19.6964689015595,PASS
5.37735888089014,7.1277468342038,4.29248765580764,5.66898169936625,0.173430657207069,0.110225066838209,183.783783783784,49.2731974223239,49.4690303021234,154.418601295779,19.6696581832153,FAIL
4.0147176558202,6.60873325081293,4.68852534523003,4.80144091125244,0.0708418250589453,0.0150867993903722,196.756756756757,50.2334536944065,55.2160720494693,134.284882917053,18.9595552621863,FAIL
4.22732565180479,7.43924090047192,3.83299553220404,5.87617840592224,0.0312783703928111,-0.0260684891773425,185.405405405405,49.84834484991,48.6169858763472,163.437516698938,19.5573297283569,FAIL
5.42332206595691,8.32671587932576,3.81397999618247,5.55969211020056,0.168045386744845,0.0990445902046826,190.27027027027,49.784851150364,54.2439276617048,153.981838586235,19.4716236635405,FAIL
5.41538466675889,8.17564187169741,4.99585504952347,5.35364701822341,0.226102403430737,0.155585724413922,192.162162162162,49.8141312199649,55.6996802603657,149.143550000372,19.3889899728745,FAIL
4.67396108380739,6.75817631369939,3.75560978317915,5.92900373225487,0.0782140962607898,0.0218246973435413,180.540540540541,49.262321459966,46.1505563503726,161.367811501166,19.7496764583095,FAIL
5.24262781002699,6.99960906613937,4.36802199182063,5.01946367794693,0.198133494930491,0.134114026185568,192.162162162162,49.6614963834747,54.7736347490142,137.624166468993,19.2511263211433,FAIL
4.0874999885409,6.84141893910249,4.22729368811931,5.01745658482397,0.0588632132784106,0.00263466547072255,194.594594594595,50.2263280359869,53.916854780284,140.235295266464,19.0696329900772,FAIL
4.67592848669013,7.32428651057792,3.63965602209101,5.23495188286364,0.0961762492403148,0.0359954517683662,192.432432432432,50.0311913420962,53.7024996057596,145.29183748163,19.2362866011864,FAIL
4.83019472077965,8.32480976855339,4.18727700211255,5.39650282940749,0.124013662524876,0.0583982111972661,194.054054054054,50.1822463143696,55.6085839282462,151.758988628236,19.2844095377067,FAIL
4.54687984015504,7.91288278138776,3.8005761097192,5.22567131826333,0.0845830045899096,0.0226262042325357,195.405405405405,50.3078260007933,55.8055715584311,146.74981641589,19.1591723049209,FAIL
4.82968363123306,7.48393354935946,4.46877334909744,6.4581454045627,0.0905786127110556,0.0309536657259486,177.027027027027,48.9851619676548,44.9342977977817,176.464004702196,20.0592091939721,FAIL
5.48125162972661,8.3536347812189,3.28358557321942,4.9312707822259,0.180689881309883,0.109253921521611,198.378378378378,50.0166772951881,60.6541958025193,136.113049362071,19.0913258151904,FAIL
5.53755457333602,8.27723803794247,4.66190922375192,4.97113311748602,0.258342318861269,0.184990517883754,197.027027027027,49.9185096000948,60.0057566224944,138.061904877147,19.163875789735,FAIL
5.10097115879256,7.64148649963307,4.92322061567059,6.41186582798033,0.129897272008661,0.0676847320220608,177.837837837838,48.9463444871229,45.7437639985151,175.460282863213,20.0690571875905,PASS
4.40519489458033,6.98508518422178,4.14711757071964,5.50918168916898,0.0744418703242847,0.0169634011198417,187.567567567568,49.8355856865959,50.0648269477093,152.69611521716,19.4151207820024,FAIL
4.08130033263852,6.84226537420871,3.58087110950353,4.57796174021188,0.0550125141022252,-0.00067402396837235,201.351351351351,50.3767797828567,58.6520423004637,127.648833255455,18.7837740623019,FAIL
5.27947114872297,7.11027809921726,4.11893724673519,4.92298653853758,0.199292640256176,0.134423630650912,193.783783783784,49.7256106725494,56.1830669460814,134.976969921981,19.1802281639464,FAIL
5.92312275372029,7.5300166055777,4.27914821423721,4.51431387160902,0.319080039893178,0.243958719150527,198.918918918919,49.5091062286749,62.7698764612583,122.423353073287,19.0091321919609,FAIL
4.99372671897181,7.03701279954608,4.34270365585776,4.74781646488847,0.185393578424388,0.122198635730581,196.756756756757,49.8944604416048,57.7409548332525,130.973653914206,19.0388012457009,FAIL
4.02693835872415,7.46397285800864,3.86067370590459,5.86387205525228,0.0105061130031933,-0.0461592357609969,186.216216216216,49.9687480215539,48.745172344243,163.656001816619,19.5134614429658,FAIL
5.96141440914373,7.07444909199514,3.76624853592888,5.99329293560032,0.190679000157135,0.125968436510938,178.378378378378,48.7154029116223,46.9700661580488,159.973336810238,19.9688430132425,FAIL
5.43764125711783,8.36821652520719,3.87260450513658,5.60894496856154,0.169799741685209,0.100609686118446,189.72972972973,49.7577190887472,53.9435989738692,155.379264748752,19.5021036030352,FAIL
5.80470827221534,6.63288663265854,3.15417475160414,6.18526821701192,0.141072466680711,0.0812453097576223,174.324324324324,48.4489853399601,44.2192400840372,163.152092979818,20.105238224075,PASS
4.6459157798864,7.33223218149297,4.42537744388933,5.40558277629354,0.111354472245015,0.0506659982145137,190,49.9209013172864,52.2020734624971,150.515687740595,19.3596060898618,PASS
4.6256777546643,6.44344976776612,3.01116874687512,4.63390747152946,0.0945841567981968,0.0381817963624643,197.027027027027,49.920919710457,56.4461033144577,126.785191856753,18.9285076476468,FAIL
4.09161380252109,7.40243614346281,3.48806288963685,5.22494951309544,0.0247686263756206,-0.0322634555441657,194.594594594595,50.3810116331905,53.927343937582,146.50562147994,19.1196422752843,FAIL
5.72076898277501,8.24897801105696,4.88629485858217,4.52306249380602,0.333249203235595,0.255592280272698,202.162162162162,49.7922466153765,65.4524894479142,124.682470798934,18.9404173065452,FAIL
5.85929896328524,6.95254152710062,3.18812508243426,6.13349141236398,0.148464227456785,0.086401010856703,176.486486486486,48.6315795696358,45.5762597081928,162.911874900578,20.0364818799591,PASS
5.27474593303612,7.54249165013255,3.00157199105115,5.09714024597339,0.131702166937364,0.0670321391552814,193.513513513514,49.8773113104816,55.9330143002128,139.851105691618,19.2108663955779,FAIL
5.75911769839524,7.27883740919256,3.45857716577474,5.96313577275975,0.16117741788792,0.0969765558405355,180.27027027027,48.9580905139135,47.7751074949318,160.347271773958,19.8775519395945,FAIL
4.3284102614708,7.53130931367302,4.3107443818322,4.58192239505794,0.106567536568762,0.0457815694159684,203.513513513514,50.4613550166381,61.4857206169068,128.934159857409,18.7864915945011,FAIL
4.33169227826201,6.69486495805073,4.42673032840735,6.22397696645616,0.0531066853216899,-0.00181277593602014,177.027027027027,49.0641195715746,43.9501337692942,169.405185086387,19.9244668336971,FAIL
4.95732761302673,7.37600525936394,4.03359665267078,5.21002609058622,0.143482916336563,0.0806864019700887,192.162162162162,49.8957313251263,54.2035621300262,144.23568551151,19.2746459417873,PASS
4.39364659846877,7.04067343348158,4.56941334825266,4.62257979366167,0.123351585788291,0.0637568164006824,200.540540540541,50.2498113867064,59.0550107585213,129.248486004334,18.8686275566061,FAIL
5.20155745564379,7.90988096038644,4.54089294529958,4.97541520402246,0.207288578892027,0.138873958833181,196.756756756757,50.0137338938134,58.5684400835633,138.519025947154,19.137631973242,FAIL
5.38985677065804,7.05531078593698,4.85416028389228,5.51469909190503,0.200386160003659,0.136291718173077,185.405405405405,49.3157869539664,50.4999378397465,150.629765781842,19.5966281780748,FAIL
4.49175798339921,6.60403996028094,4.55341623954845,6.29428976133936,0.0696758226063218,0.0145899701044214,175.135135135135,48.8585311362241,43.2656105411896,170.292884551553,20.0189649368403,FAIL
5.04260896648995,7.28721249480868,4.39690325796876,6.4160890221416,0.111419688052677,0.0516164222479406,176.216216216216,48.8362881824939,44.6659935102079,174.068933994342,20.0911825384274,PASS
5.23784725702442,6.48145992255866,4.55862284335699,5.69473369134316,0.164827979122896,0.105402822452464,180.540540540541,48.9892003106958,47.0611482857532,153.564416936512,19.7547351968031,FAIL
4.93768757872413,6.87367170811454,3.95579517365468,6.00543039377575,0.105550712575171,0.047392528167566,179.459459459459,49.1109998293995,46.052813101245,162.972194864737,19.8373653090479,PASS
4.69142336518224,8.21033778943667,4.30705049624799,5.5523421323427,0.104114304886749,0.0401165710362009,191.891891891892,50.1261357622391,53.7925167272782,156.239254800691,19.3690051449682,PASS
5.1650997960245,7.58843868841942,4.28133020837011,4.75845279716577,0.205630896965469,0.138600420602597,198.378378378378,49.9854577908304,59.8024241760268,131.759055222855,19.0234312747234,FAIL
4.56319719787349,8.10143175507675,3.37676287965793,5.13345544372148,0.0712319096534696,0.00892613020125543,197.567567567568,50.4127488934348,57.3601392188716,144.130758447953,19.0787704760154,FAIL
5.55253131204608,7.46162526850125,3.71744878614498,6.30982736380135,0.139952224896455,0.0771415287507307,177.297297297297,48.8137848869548,45.9207358217234,170.068947399417,20.0581729103379,PASS
4.12759305212063,7.94393331309125,3.49425732645471,6.22067593608759,-0.00288371808711929,-0.0605246050854349,183.783783783784,49.8172192375856,47.6193493588708,173.20154310265,19.6914933763038,FAIL
4.67279684614196,8.23750434380525,3.7411409490284,6.34077531911938,0.0543460467054869,-0.00693090072754077,182.432432432432,49.5341341873795,47.7505752380462,175.877416850043,19.8389399131221,FAIL
4.74016630129315,6.81925401502496,4.20368721014196,4.95043263024469,0.138700294464278,0.0788907113876333,193.783783783784,49.8962111404326,54.6572784293109,136.688082696712,19.1389285464879,PASS
4.62594963582179,6.8815686752479,3.29157051740692,5.2512840703748,0.0795170467903867,0.0220007848986064,190.27027027027,49.8855905401672,51.9407793537397,144.559729092843,19.2722612319503,FAIL
5.25531666228665,7.94495094735823,3.9614891958738,4.60427467263541,0.215153735599732,0.145493491122327,201.621621621622,50.0380580104706,63.0566627929697,127.38640376037,18.9132153147278,FAIL
5.76409489176447,7.14626317296332,3.85904332534616,4.91308906507999,0.241187549914171,0.172468778492043,192.702702702703,49.4798302300902,56.5321274033521,133.138291784147,19.2439004068999,FAIL
5.41949213809482,7.47004975686266,4.55375355915059,4.78901511955221,0.245412265684884,0.176558234605563,196.756756756757,49.7904442957891,59.0738393841764,131.835709063239,19.0999175063268,FAIL
4.53118602139036,7.43445585131566,3.78461839707053,4.76175165012434,0.105693552250738,0.0448656759999791,199.72972972973,50.3118456033761,58.9921407383387,132.994168902721,18.9210303313839,FAIL
4.21822145955983,6.63607749257332,4.89376902485042,5.15462734132454,0.0859611372655348,0.0293138668310063,191.081081081081,49.9633641085837,51.8895501299965,143.493903305854,19.2183050321254,FAIL
4.07521515093168,7.19637584701195,4.96864985290115,4.99275959450241,0.0718964197890404,0.0135090112853828,196.486486486486,50.3742483389407,55.5201295863201,140.98653259569,19.0344612384032,FAIL
4.00994477060742,7.74008803200321,3.53531740295588,5.63175845249856,0.00179167189355522,-0.0556076636192496,190.540540540541,50.2901433778486,51.4329677583862,158.194802578171,19.324020160256,FAIL
5.51818516529288,6.7373289862241,4.88847584128627,5.36992345716557,0.221571204196665,0.157703576825953,185.405405405405,49.1964280297482,50.6358458834433,145.6111137751,19.5630582818237,FAIL
4.10457817585161,7.20532043923847,4.7261074644286,4.60038388918881,0.08786873938999,0.0292226293318845,202.432432432432,50.4718513576191,59.9142600229932,129.747238966763,18.7960859270052,FAIL
4.09806138469791,7.01715146922852,3.88398897761598,5.33713596359513,0.0387312529803092,-0.017379879771897,190.810810810811,50.1330416601493,51.5660706558797,148.874925883939,19.2422536332601,FAIL
4.9099886517985,6.78220013525702,3.08247738756122,5.75691041776298,0.0807161113978268,0.0236251632725664,182.432432432432,49.3554976219841,47.4890396413515,156.203746572592,19.6456901451556,FAIL
5.592678575953,7.51967064447166,4.41173321231961,4.95673413026697,0.248062929723612,0.178324659164066,194.054054054054,49.6771446565929,57.4467833200183,135.967433219786,19.2218877137891,FAIL
4.14793158368696,7.19680110395543,3.63123877850682,5.00444439028223,0.0455274764656564,-0.0115191478574633,196.486486486486,50.3682526350732,55.3700591528427,140.094162251342,19.0192936593865,FAIL
4.26300296781603,7.50200741744024,3.63303092792274,5.10777873720133,0.0524022456765867,-0.0062610607087713,196.216216216216,50.3806225162193,55.4657909801242,143.284031410016,19.0725717783764,FAIL
5.31736349136278,7.21687580903821,3.98035711488202,4.70421183524443,0.212718474272628,0.146405293340854,197.297297297297,49.7901146873583,59.0193556165456,128.919885261923,19.0408183378965,FAIL
4.18991966500096,6.88480480903122,4.41398280135887,6.11659108763521,0.0397664120499643,-0.0156139662251217,179.459459459459,49.3491067793894,45.208910802977,167.989973122134,19.7991946331173,FAIL
5.45400737846137,6.48439588046359,3.21326911344631,6.49948308433373,0.107741813197654,0.0514627618163113,170.540540540541,48.2121758356451,41.7962434716149,170.741808169285,20.2877922574508,PASS
5.66331697227537,8.11605345577469,3.47274101077271,6.4856749472611,0.13183245209558,0.0663092977342025,178.108108108108,48.8802553335867,46.6468026782817,175.664790147048,20.1039499728247,PASS
4.77198052432192,7.70855736990224,4.72222270004536,5.32413021466667,0.138100360657079,0.0745485675534104,192.432432432432,50.0342527436689,54.2599698108009,149.12862091633,19.2999195205592,PASS
5.12660240428142,7.42344537380088,3.52545675700321,6.15292621594733,0.100667508600064,0.0401172054351898,180,49.1741896394379,46.761540497805,167.440671486674,19.8796022733733,PASS
4.89874095990581,7.17677779551004,4.57641675105672,5.2168392118302,0.154479205819405,0.0923048485642407,191.081081081081,49.8244559498743,53.4372958698962,144.508882457196,19.3039650797405,PASS
4.13082331246878,6.88310331660371,4.11923082520761,4.69739391598674,0.0733576625327962,0.0165814062003131,199.459459459459,50.3318401676762,57.4684957206374,131.362856787014,18.87389376122,FAIL
5.12646596125626,6.66685526575165,4.49767988727907,5.73072048396982,0.150795276034904,0.0912293604693633,181.351351351351,49.1174841201383,47.40319059855,155.398468187755,19.7326197771682,PASS
5.48574172804542,6.73056161447012,3.37009845678488,6.36695952628654,0.119664711170465,0.0613808869701662,173.243243243243,48.4619195502575,43.3430446324075,168.779607078033,20.1708350609823,PASS
4.5333788707746,8.14167658666638,4.24088678274012,4.64183338053754,0.127657105425424,0.063225388939848,204.324324324324,50.5118127207818,63.1390608492949,131.010281621727,18.8076120281488,FAIL
5.68587826673394,7.86269463434204,4.15133170275184,4.52451322238792,0.286130873265434,0.211886619487205,201.081081081081,49.7417371217889,63.8943799233414,123.813273886182,18.9482806194822,FAIL
5.60382156118102,8.31604347970512,4.5536407292266,5.17032074618477,0.247078156564537,0.173962258875206,194.594594594595,49.8395887162417,58.0153447645984,143.409118264484,19.2875093349656,FAIL
5.4775470841436,8.3842079222803,3.38978682807212,4.87263538866669,0.191333329240729,0.119353998036754,199.189189189189,50.0277423015717,61.4423026512049,134.582361996982,19.0578072692917,FAIL
4.90138695689926,6.45833756967639,3.64572576831225,5.15396929307139,0.127720246658521,0.0697795534255989,188.648648648649,49.5659973461699,51.3282719649745,140.364650842536,19.3173866671612,PASS
5.1430885981701,7.21546312900524,4.33391153220808,5.35766965835596,0.166871934134458,0.10364398642593,188.918918918919,49.6393526135277,52.3328978186017,147.425602325049,19.4226907009933,FAIL
5.88885657394267,7.37358861241736,4.48730851125439,4.82196378176969,0.294997752970281,0.22262899823608,194.324324324324,49.484810026937,58.448957668152,131.085984823235,19.2041327648504,FAIL
4.59951991958796,7.86041456626471,4.49626124583895,6.42614811663965,0.067202129185485,0.00697596748603746,179.72972972973,49.2921217233949,46.1557611391767,177.705134753661,19.9517052103649,FAIL
4.12369645134364,8.06214032214496,4.21883359892125,5.24920723198686,0.0432472216925172,-0.0172697883925199,196.756756756757,50.5565832215348,55.9912454146586,149.120429028073,19.1007101140927,FAIL
5.6561085451952,6.96762676409731,3.18555701123952,5.67513291256194,0.151470513442106,0.0887489778205329,182.432432432432,49.1148699775341,48.894866734195,152.529187454223,19.6999853566233,PASS
5.50111286657202,6.89871412405626,3.78510489148436,5.6345869200596,0.167752432649329,0.105398804158782,182.972972972973,49.1561512501096,48.9763259674468,152.161102482628,19.6788899269146,FAIL
5.94621145203853,8.25421706060445,4.59333600130294,4.90597250663421,0.312080057027738,0.234470448238029,196.486486486486,49.6882621514467,60.7646001561142,134.814463781389,19.1932180766983,FAIL
5.09355381713533,6.85480028114682,4.36715960683948,6.22466324712892,0.123380306422933,0.0647355099097918,176.216216216216,48.7826035893005,44.5841912498983,167.843275170807,20.0295354421922,PASS
5.00787845196143,7.3596650563804,3.21084711569157,6.16883077198085,0.0772848778069789,0.0181342880849297,179.72972972973,49.2104723119469,46.4223162287895,167.756853983521,19.864308376908,FAIL
5.35383486190451,6.55068952751427,3.41904630999185,5.95966758934497,0.126358933286603,0.0681806090010255,177.567567567568,48.8089619460822,45.3751610286918,159.159112748469,19.9005734007896,PASS
4.34289417265214,6.99958876534763,4.75793534878555,6.07108435365077,0.0623241097919012,0.00546053236813659,180.27027027027,49.3564525159189,45.9156582768148,167.219007713191,19.7903654035049,FAIL
4.98282830041624,6.54477183005605,3.94910610084277,5.72379006363857,0.121538472039057,0.0638839914144562,181.081081081081,49.1584475462831,46.987283567637,154.910341951458,19.7017921487769,PASS
4.98640913319926,8.05248795610047,3.09860304040136,5.10547532725989,0.105577953124553,0.0407676429899665,196.486486486486,50.1881059308175,57.5741731615377,141.877662077356,19.1280136465294,FAIL
4.01634173060124,8.0550686349565,4.83967857251434,6.39395862325186,0.00929368974830758,-0.0497324624286852,182.162162162162,49.671086711622,46.8016858939427,179.336891514236,19.8182620624827,FAIL
4.62980012287405,7.97109289430138,4.28502525298274,5.79936537360242,0.0867052277316133,0.0246242880355555,187.837837837838,49.9001420176586,50.9611974523393,162.300709528763,19.5341489273851,FAIL
4.27113854720011,8.20403018411582,4.64036264751387,4.97615705495773,0.085597872272328,0.022807348526925,200.810810810811,50.6207567314914,59.3638881009273,141.782374252795,18.9617212478106,FAIL
4.29280845152011,7.99560142351925,4.81004934737053,5.84793669503741,0.058175634545832,-0.00277994433960793,188.108108108108,50.0218185534965,50.5972447290829,164.999507617681,19.5200128268461,FAIL
4.69697895439993,8.14128180770324,4.14025222363726,4.93100489462173,0.129876600128106,0.0648853380189642,200,50.3871209325746,59.737677056729,138.822383785165,18.9997074888674,FAIL
4.49482473380294,6.47791240505908,3.73279272102339,5.8157608046336,0.0666382236397506,0.0119703345789268,180.810810810811,49.3075178870053,45.9837996958017,158.128704615518,19.6815765932504,FAIL
5.46553717651502,6.5617522575552,3.33415468533431,6.21864255748373,0.1223831604081,0.0645649914623975,174.324324324324,48.5252067046495,43.7284516437067,164.811830938166,20.0896205451104,PASS
5.79904020364118,8.1851715624074,3.54180853826609,5.72620298703241,0.182940773528252,0.112732096206344,186.756756756757,49.4509120460286,52.4431657206722,156.600678574723,19.6406413611919,FAIL
5.63165400016079,7.90188121545286,3.43368647821341,5.46247427159109,0.17397816970938,0.105490698168184,189.459459459459,49.6134446406044,53.784993182014,149.56217862014,19.4734420205001,FAIL
5.8667498826893,7.61544874593002,3.71033139791315,6.44063210329256,0.161291253192205,0.0964009509271115,175.945945945946,48.6021150947783,45.5857581102445,172.564488294375,20.1786460609513,FAIL
4.60307107449618,6.8530132786598,3.93542605459439,5.89850839196192,0.0768409070253624,0.0200669937470943,181.351351351351,49.3630035063993,46.6682857608745,161.277479972708,19.7114558205486,FAIL
4.17973623673577,6.46273586092043,4.03804305792535,6.2640942797056,0.0327259502529756,-0.0202381096386044,175.405405405405,48.981237834029,42.9291747081817,169.451418329614,19.946992204452,FAIL
4.21096378032919,7.92069225247009,4.69188417873385,4.67950942855731,0.0942914036011431,0.0325050267511019,204.054054054054,50.6323754174682,61.7647987041687,132.978341570548,18.8014675019473,FAIL
4.64171152773693,6.73450552667517,4.6948818714043,5.46934753083042,0.116794052692698,0.0584957356414949,186.216216216216,49.5956051061938,49.5938214711373,150.666454809147,19.4756808451447,PASS
5.40014997621418,7.41191934795119,3.58757995136589,5.75665089388996,0.144427693841948,0.0809140618193449,184.054054054054,49.3530139482557,49.6822359434616,156.858580719616,19.6735865797177,PASS
5.27090253281882,7.93692639196852,4.27945122239078,5.89047399136127,0.152877768883756,0.0873583972125306,185.135135135135,49.4865999092899,50.281622357572,162.576026557702,19.7032955035567,PASS
4.32624662098859,8.32755824597133,4.32356176941359,4.97103196046359,0.0834065374783963,0.0202161522017961,201.081081081081,50.6314261647471,59.8544096990142,141.413718692134,18.9513394165366,FAIL
4.42703879056192,8.35957996033698,4.4645056938452,5.44351350972241,0.0800688139307271,0.0167110176990338,194.594594594595,50.3744878748389,55.1930588587674,154.50235664176,19.2493139432018,FAIL
5.30632438288093,6.8467361312238,4.91832769909156,5.01371248665444,0.223070820191488,0.158736493619214,191.081081081081,49.5450721595323,54.2860174020081,137.249607519061,19.2878312407334,FAIL
5.98845296695239,8.08652142053889,4.1693289581624,6.05219156230207,0.213371821256713,0.142925840508575,181.891891891892,49.0444545116665,49.6530081751723,164.518752259264,19.9079661678929,FAIL
4.55909311609961,6.89554494404176,3.15206011332135,5.76448188554315,0.05113744457873,-0.00481958886959255,183.513513513514,49.5758049950853,47.7413962156208,157.730172439817,19.5800758593517,FAIL
5.31117283747789,6.96426895148085,3.79144907956009,5.71313775963426,0.146640969661233,0.0853888339550005,182.702702702703,49.2232268762085,48.5458798274055,154.910143944255,19.690229803445,PASS
4.17683928234818,7.14423401350959,3.71217862965637,5.30378424037713,0.0422985242526295,-0.0144542424265319,191.891891891892,50.17803858623,52.3218804873345,148.007673639217,19.2156415301051,FAIL
4.93660251594499,6.68092587348253,3.72172076599366,4.74221584358986,0.154398074739436,0.0940540427028166,195.405405405405,49.8045181794065,56.3355202248856,129.846251235081,19.0442017399389,FAIL
4.85301306537312,6.73346380356701,3.64197694097072,5.01052876488586,0.128151727421263,0.0688955869090245,192.162162162162,49.7925829539497,53.7295506229163,137.425971739009,19.187888235721,PASS
4.51687858983909,7.45099273049466,4.46978025994909,4.70725431304871,0.131117755435656,0.0693139568341987,200.540540540541,50.3158829167503,59.7106259973226,132.032332855427,18.9015146397721,FAIL
5.49111424449355,7.58524852458075,3.51223448388155,4.64267947865597,0.213613522766367,0.144278409297915,199.189189189189,49.8184473589344,61.2275110400396,126.956895053831,18.9903502036732,FAIL
5.23557509458531,6.54582763942721,3.25822670064556,6.10225528617073,0.105313883023581,0.0484195316869859,175.945945945946,48.75397356116,44.3758661074743,162.75554154651,19.970182697641,PASS
4.96782864233706,6.51005895311684,4.33356656269757,4.6077274797896,0.189593696691159,0.1287171190651,196.486486486486,49.7121927548726,57.1675650701638,126.038871048952,19.0002892525408,FAIL
5.59621346487655,7.64304536324403,3.8429799404645,4.78631854464647,0.234792405705165,0.164329833938185,197.027027027027,49.7602620179652,59.7812653416742,131.027354184744,19.0958564358474,FAIL
5.23891148137337,8.06380407393547,3.2195115732562,6.00125909907691,0.100332785142103,0.036309671546217,184.594594594595,49.5222695914032,49.7646047010756,164.901240123677,19.7177828320731,FAIL
4.42902023058159,7.78208373284012,4.29281453644903,4.9000248514051,0.102447108980266,0.0404968407423931,199.72972972973,50.4375546050356,58.7271898899988,138.186755948399,18.9692989288566,FAIL
5.08029398338042,7.32665685912019,4.22675383240954,4.87902281211407,0.183969686172245,0.119303791451581,195.945945945946,49.9272012396918,57.4293931086065,134.870880084104,19.1029515009647,FAIL
5.55726676863427,7.02552866160808,3.15191824759213,5.72200324083033,0.13924278752749,0.077097706034421,182.432432432432,49.1650076208339,48.7019868289202,154.151768883836,19.7052850154367,PASS
4.51692133275082,7.82379180664686,4.87722858132603,5.94938804941826,0.0834090717775983,0.0221427874152172,185.405405405405,49.7523384173356,49.3518581109608,166.551607092215,19.642940427944,FAIL
5.08421910090193,8.19791327390292,4.48265577325286,5.47338329653359,0.161138405899686,0.0940897209697835,191.621621621622,49.9527269410278,54.5601392239781,153.069739947951,19.3923981491879,FAIL
5.15627397860619,8.19362217799835,3.08942098587495,4.75528263579669,0.141029398698535,0.0730741177675591,201.081081081081,50.1891449950383,62.0508222211331,131.693683613855,18.9427920163811,FAIL
4.21761293794492,7.3500295314595,4.69296039949395,5.96141528929229,0.0480936169565598,-0.00978210409182356,183.783783783784,49.6961056451839,47.745479762793,166.036400505122,19.6492676081748,FAIL
5.24765496661704,8.39935921006889,4.73232902680687,4.62365848331237,0.251975198671842,0.179312564353508,202.972972972973,50.1365043776664,64.5525055383331,129.170421696989,18.9070478423159,FAIL
4.35422712790441,7.90599196244295,3.01202535877869,5.99691947583864,0.00861248313608043,-0.049520274723969,185.945945945946,49.9253670486343,49.1293670384506,166.655529146181,19.572872995868,FAIL
5.4189943368822,7.02092452989513,4.9448224971162,5.69318088759338,0.195660183334747,0.132113537916723,182.972972972973,49.1533272988568,48.9564872418659,154.992936722411,19.7246057652624,FAIL
4.89724520506782,8.01171743074368,3.85919533437654,4.93710693290698,0.1434904276732,0.0778808198413625,198.648648648649,50.2440037432214,59.2494620282534,137.980151547944,19.0397148888644,FAIL
4.71036356086047,7.59124510334435,4.26244326766211,4.95645260400856,0.135491146573381,0.0725246650141257,197.297297297297,50.2030098847987,57.4872589729853,138.629976155796,19.0653278860257,FAIL
4.03682221799206,7.74205251295719,4.1374575414655,4.66390062687272,0.0545268177237012,-0.00479537814966746,204.054054054054,50.6881930835848,61.2096564438511,132.179332968729,18.7652572258032,FAIL
5.91171285681605,8.04257836505122,3.11338878793201,6.41785835173884,0.136367342850534,0.0698256515024992,178.108108108108,48.8222037438144,46.9150640361238,172.728408186828,20.0947105473749,PASS
5.38113966350389,6.87052471859792,4.02413343027741,6.40176748402401,0.132567682321652,0.0734345982903206,173.783783783784,48.5001124159168,43.5680811410507,170.822466190121,20.1845432234777,PASS
5.94113511149031,7.94411951831917,3.09969285212774,5.54191193061266,0.17791720283121,0.107551384989773,187.837837837838,49.4362586279993,53.2706377048045,150.490729899639,19.5578646351361,FAIL
5.15355728624066,7.87630649568353,4.6581114930158,5.80384269342989,0.156525004357802,0.0912897258555371,185.945945945946,49.5736387347672,50.7628214601103,160.901809143892,19.645918471188,PASS
4.79434852975747,7.153271997443,3.11311986425697,5.30175513496795,0.084210808566382,0.0249817269137019,190.540540540541,49.8956915897476,52.4851606190558,145.972197084256,19.2965570396219,FAIL
4.41393560905687,8.00904540527827,3.35586426161261,5.26274728873836,0.0488964953512642,-0.0118302025457816,195.675675675676,50.4106692136054,55.7163599175457,147.884334093999,19.1373553447517,FAIL
4.52790200581707,6.43933394792995,4.16670723106871,4.96481182573156,0.113976223359008,0.0571195904470925,192.162162162162,49.8308222130736,52.9785678579996,136.666619444073,19.1530189821515,PASS
5.32239572113499,6.47479292689865,3.32419638602169,5.56389774427623,0.135687138112495,0.0768907283180712,182.162162162162,49.116804768264,48.0018083900444,149.399773213369,19.6390179891908,PASS
5.22037112008521,7.48689717108895,3.14010078905551,4.69423206106152,0.15638311147067,0.0907916973165246,198.918918918919,49.9630566753847,60.1338529100941,128.81259895231,18.9730642846187,FAIL
5.58659649971658,6.98928239271348,3.38897609208472,4.87034193653291,0.199063308405352,0.133159110399912,193.243243243243,49.5508495358189,56.3190098625192,131.911099487539,19.1897145396138,FAIL
4.36793440733792,7.96814158161182,4.04595802250654,6.03739761546783,0.0425289884528742,-0.0173725992435779,185.405405405405,49.8442923663276,49.0665750954695,168.789221325594,19.6329779639825,FAIL
4.84720446279845,8.0078104652003,4.87337960928742,5.4759618777712,0.143892285462459,0.0788306780089787,191.621621621622,50.0046484428681,53.8833443238369,153.781264224866,19.3815410924345,PASS
4.72895306202327,7.2397996992639,3.77898291996634,5.8260817401239,0.0844838641130876,0.0255369596014542,184.054054054054,49.5591957006924,48.4649405385469,160.269563105561,19.6315295743167,FAIL
5.93627178722558,7.90159037630317,4.18639180769286,6.45635625326449,0.1869884501699,0.119724374008455,176.756756756757,48.6409500483989,46.3270626440141,173.96343242992,20.1837642107114,FAIL
5.10897394340072,7.91111214273748,3.53908161416152,6.20072710446854,0.0959282085858262,0.0335081989738494,181.621621621622,49.3391474236631,47.8668734782733,170.098847886424,19.8513475592433,FAIL
5.21969976668948,7.39623756201523,3.87887048160753,4.87730389949859,0.185852262871382,0.120216303335307,195.945945945946,49.8834075036949,57.7321367551739,134.300753064855,19.1098034045603,FAIL
5.74521485941295,6.58598385648012,4.52214153883588,4.50945327037177,0.296362301427367,0.228307431238441,195.675675675676,49.2918195620233,58.8530642171247,121.338693023937,19.065028245604,FAIL
4.15440310173298,6.65753217805803,4.87609708721569,6.03877516517501,0.0483851132792191,-0.00661343212410892,179.459459459459,49.2922245946826,45.0168179030378,165.712531144616,19.7881961274879,FAIL
5.09342217476208,7.99720142330285,4.12902674290825,6.304154765696,0.111589015048178,0.0484344394868576,180.810810810811,49.2464474618311,47.427797578405,173.412944241288,19.9275444988179,PASS
5.68713624806612,8.06744491694659,3.3975667311831,5.79352831506329,0.160524041919827,0.0922829910866674,185.945945945946,49.4339211390816,51.497836647966,158.337548673919,19.6698208116988,FAIL
4.14700351343568,8.19185469928519,4.39414232267581,4.90244277211978,0.0641695629048891,0.00245826415017092,202.162162162162,50.7106939777668,60.1031889836532,139.736460664034,18.8933961219771,FAIL
5.26047118998632,6.43788300653863,4.61710193596145,4.53341176504922,0.239300026416956,0.176091517294869,196.216216216216,49.5076449412326,57.8069929283602,123.149146249238,19.0169202525252,FAIL
5.69223755636739,6.72045155549339,4.42513518984643,5.24374823017855,0.232373551496013,0.167384458097842,186.486486486486,49.1882956432323,51.7054652495014,141.498253552766,19.4998056554345,FAIL
5.13881224189408,8.31036280623739,4.24923572392862,4.62552232863356,0.214336869117693,0.143791014693468,203.243243243243,50.1887240944837,64.149075434247,129.057748620068,18.8866336413268,FAIL
4.41160170181145,6.54396499556191,3.03660604672707,5.57783319333275,0.0426674027394253,-0.0113942637752306,184.594594594595,49.6315907723132,47.9337016532501,152.341684447512,19.4735077696993,FAIL
5.80254674829691,8.04964711081807,3.8736940971543,4.69296421027599,0.271679847046511,0.19644127343711,199.189189189189,49.7446128839019,62.4870344211057,128.367126683158,19.0445030479255,FAIL
4.81362550343924,7.16839917758666,4.28788244715733,5.62658002742573,0.116888651209096,0.0566595923716099,185.945945945946,49.6145531353598,49.8218929928044,155.190037995304,19.5424694841632,PASS
4.38885582070589,7.63456200379264,3.64618655831073,6.24662482176559,0.0307433455448143,-0.0270428729289244,181.351351351351,49.5289878660847,46.610274025873,172.496906266985,19.7943937524657,FAIL
5.51410091937001,7.90411784968494,4.08123837147542,5.57822894840916,0.187317602523472,0.119323387690803,188.108108108108,49.5776046726887,52.7734541919089,153.501966337762,19.5453062443853,FAIL
4.15664130266378,7.09054559590454,4.3872786855431,5.04937928183106,0.0678582854836375,0.0101907699425416,195.135135135135,50.2757254761819,54.5568954742059,141.656163968337,19.0795358616876,FAIL
4.28676999807788,7.63219626748953,4.09544568275897,4.69674829651276,0.0873188434033471,0.0268615275044336,202.432432432432,50.5129838345121,60.458676984523,132.339475932815,18.8336500131009,FAIL
5.37858901492018,7.02231362909981,4.82970622825604,6.05901989464623,0.169738625070251,0.107843209584013,178.378378378378,48.8662361844096,46.2761458236577,163.971485670039,19.9577266927047,FAIL
5.07561228952461,7.20448408723703,4.61079669251868,4.83760823405444,0.199645271310767,0.134998537677151,195.945945945946,49.8853857542804,57.4279379723242,133.750351250757,19.0975265495175,FAIL
5.4850116282723,6.97115413018464,3.48813892762524,5.02496443963457,0.185057736491349,0.12053817481802,191.351351351351,49.552039369603,54.6325061487582,136.421379481701,19.2723964586841,FAIL
4.73245762506107,8.19818296834921,4.69794625483376,5.52348188117889,0.122325737785062,0.057560339478823,192.162162162162,50.1042030738137,54.0342781653333,155.672982764834,19.369532692084,PASS
4.21333326125002,7.5950918834108,4.12210924053383,4.51713154095499,0.0869035788926185,0.0268639255212149,205.135135135135,50.5474934685424,62.521433716442,127.280940068299,18.7207168261822,FAIL
5.03581380024307,6.93079934582886,3.93608288377468,4.93863030678279,0.163161874708104,0.101215089047599,193.513513513514,49.7932026493417,55.2676047479727,135.611839207077,19.1621029347115,FAIL
5.79425898205151,6.79845040374138,4.3207716145767,4.93620060667418,0.261087585080052,0.193629968007135,190.810810810811,49.301992222667,54.9757761393612,133.205074906137,19.3103693804034,FAIL
5.31998350582509,6.95061148831729,3.85998744856868,6.47190546986704,0.119533881546128,0.0607402591478241,173.513513513514,48.509718707706,43.3668859948673,172.810564980009,20.2036560900903,PASS
4.19649600551134,7.94033003268034,4.94017639557986,4.7339472329139,0.0959454246032039,0.033937451665362,203.243243243243,50.6369903003185,61.1833268953383,134.826875961847,18.8341759152569,FAIL
5.38500798809123,7.65767686392821,3.66243949476425,5.77420050309157,0.145466627959604,0.0808589550562165,185.135135135135,49.4435470910442,50.3258993842332,158.047989162676,19.658118482478,PASS
5.25783793964502,6.87084972799532,4.34529759315874,5.05457259184143,0.196270088214597,0.132926082192903,191.081081081081,49.585615788644,53.9427604206271,138.200754608192,19.2884324225402,FAIL
5.85614228236609,7.81908065700824,3.95038813509957,5.32230324730614,0.232555685826073,0.161248696412064,190,49.5099138086594,54.8766444052959,145.324684004775,19.4487102740481,FAIL
5.52943044823172,7.00556105981174,4.88968330116599,5.48258218199951,0.217908588647883,0.152995673605673,185.135135135135,49.2425729988443,50.6284785114154,149.240758954032,19.6060138137033,FAIL
5.35932483915817,7.04635974805211,3.77009209816233,5.54962186624036,0.158042799129114,0.0955661824494037,185.135135135135,49.3572214417644,50.1318989186475,150.879489992082,19.5822440119942,PASS
4.30583847086409,7.43526933676347,3.87592598412499,5.99346237294399,0.0374684249781628,-0.0200423403150637,183.783783783784,49.7034337243635,47.7634680695282,166.172629246315,19.6481986963986,FAIL
5.9197258444683,7.2836361094034,4.93880395845428,5.50028601066331,0.262429999006275,0.193268329285693,185.135135135135,49.1405348935358,51.5178354210134,149.225598588762,19.6521329975642,FAIL
4.42539450130599,7.41809326994626,3.09585484088614,5.98679226398942,0.0249192028867367,-0.0319193341384667,183.783783783784,49.6965958865667,47.7460983944138,165.015277287561,19.63559380814,FAIL
4.01156251947916,7.52819383691831,3.49666363021237,5.37985284236301,0.00997652322122089,-0.046946198161644,192.972972972973,50.3790487370606,52.9131099603918,151.078167417722,19.1888412394306,FAIL
5.62563399407873,8.07807179784961,4.94118138165308,5.59412122146762,0.232224698523565,0.161584578636482,188.108108108108,49.5333181714245,53.2470127140024,154.626677332831,19.5802713875365,FAIL
4.5394916888955,6.42567962363766,4.0015459153573,4.99340039210973,0.109168399387827,0.0525643834534353,191.621621621622,49.8060556064984,52.6424929374239,137.25860046797,19.169853009295,PASS
4.86999052514583,6.42405539405029,4.21702426295602,5.04756976196539,0.149279693233937,0.0906978148783557,190,49.5978878279035,52.2013591138671,137.907589422439,19.2659832217871,PASS
5.81735008601126,8.11588521618325,3.85701532785108,4.93641813121104,0.253410664443941,0.179009219395165,196.216216216216,49.7430041237871,59.8661004011997,135.314523149119,19.1832459462684,FAIL
5.0773177406253,7.76983307115222,4.44610307250564,5.24309079332268,0.170968129278872,0.10516372618483,192.972972972973,49.9406277787673,55.3008848540145,145.940361180175,19.2885420911877,FAIL
5.33847476339305,6.78968573603266,3.52715339551772,5.73123335005209,0.137991309511425,0.0778304196759044,181.621621621622,49.1258591588727,47.8166428422248,154.573002676307,19.7186349249977,PASS
5.33290103167186,7.48496122746949,3.78406974372378,6.3291041150488,0.122294124190998,0.0605869490420696,177.837837837838,48.9115505002265,45.8240096641458,171.362444148622,20.0333359828734,PASS
4.54652160460345,6.56959107530509,3.32197567352942,4.56604006577064,0.102777904385477,0.0457317651124226,198.648648648649,50.013226271071,57.7566812765063,125.530701013659,18.8719915478448,FAIL
5.52478957298657,7.71638167343065,3.12433339214643,4.73454140629543,0.185520052565702,0.11621068365891,198.378378378378,49.8512489367471,60.6163211913952,129.395747853989,19.0280139962581,FAIL
5.57897675740494,7.24674627953296,3.73538717005623,6.04223677502447,0.154239843751402,0.091273210208674,179.459459459459,48.9513976963995,47.0883235364075,162.937927513324,19.9136584904921,PASS
5.60099566698116,7.20680230785473,3.76862288804885,4.97640569395572,0.21536762155243,0.148107720022562,192.702702702703,49.580099957314,56.0536091360349,135.429646282076,19.2472320993891,FAIL
4.66027015994336,7.42228786709518,4.86869424610614,5.20145080560332,0.134650876535739,0.0725359922359274,193.243243243243,50.0513321000611,54.4094694958129,145.590660810865,19.236778908898,PASS
5.91301245537251,7.12774289459908,4.00954093720561,4.96816827752722,0.260323151190002,0.19049413276116,191.351351351351,49.3670007272579,55.9260263222172,134.230441256757,19.3081502036278,FAIL
5.51167207188473,7.98588616735682,3.15559132158162,6.35753164571882,0.108293577586246,0.044274587503953,179.459459459459,49.0531136166234,47.0772606746918,172.504708018497,19.9962468040954,PASS
5.59155692852464,7.56329319748544,3.13922921838677,5.79387520124289,0.137426439171435,0.0727125607720821,184.054054054054,49.3185655732471,49.8924844854076,157.270679587852,19.6956252422109,PASS
4.35326007994788,6.7508827367494,3.88175187236574,4.91333403201947,0.0855263891472241,0.0286031175287416,194.864864864865,50.1019282344078,54.6651678452636,136.326228341148,19.0495869190041,FAIL
5.63982955623216,7.9500149379019,3.92352604142916,6.33768112611012,0.155315847259893,0.0895149008003783,178.918918918919,48.9361238512131,47.1703103345074,172.108537779562,20.0402190819189,PASS
5.52340023860142,7.49381813265755,3.42562984356279,5.61479430127161,0.154888330249022,0.0898505203572841,185.945945945946,49.4346952398382,51.1088340855613,152.95863929317,19.5897400689176,PASS
4.23467235007383,8.3045126320905,4.52403458503125,5.35610276659633,0.0603432273988752,-0.00189859429215367,195.945945945946,50.5077817063889,55.7941486859677,152.558244905073,19.1704866256729,FAIL
5.03060847124681,6.94758047286547,3.00721465830332,6.13939576303244,0.0744507864776236,0.0171940167941822,178.108108108108,49.0500173421841,45.3518547224351,165.538502978301,19.8920688651982,FAIL
5.60265024608019,7.84524582100456,3.06653252859753,5.79018006502044,0.133834309861291,0.0677885205340751,185.135135135135,49.4248464574155,50.8041329474128,157.773951340705,19.6629124302185,PASS
5.12963039632533,6.40885359376717,4.98375726695401,6.36731609657785,0.135521323476722,0.0786426357887615,171.891891891892,48.3225181133804,42.3506537899387,169.429037197823,20.2266929871632,PASS
5.50320968719873,7.82456892308732,4.02917216061756,4.56971800791755,0.252115278296384,0.180367094962949,200.810810810811,49.8540019235925,63.1024029826919,125.533167713736,18.9444652728228,FAIL
5.51464129287075,6.87112454260518,3.96705481145759,5.01714032577086,0.211266815213059,0.146374541976268,190.810810810811,49.4756098756497,54.358681986616,136.188896303193,19.2972172347298,FAIL
4.02637541788453,7.70609304190065,3.79540599491485,5.34338693053911,0.0195318004028766,-0.0385580449612803,194.324324324324,50.448849801261,53.8615138127674,150.748218763946,19.1614462052177,FAIL
4.40907727704287,7.98710156353851,4.41882262852622,4.65179462865098,0.116051501713098,0.052934475808437,204.054054054054,50.5423548173375,62.40310863053,131.552392372196,18.8077343664233,FAIL
5.74153111742773,7.23429661994027,3.06669068509627,5.27733120652667,0.170972262127058,0.104773063772195,188.648648648649,49.4316699319197,53.2081957376642,142.6696360015,19.4295002514841,FAIL
5.81360711705196,7.43909344477513,4.21488366332884,5.91988721473463,0.20145578941587,0.134934628650927,181.081081081081,48.9864394013111,48.6378780879426,160.092635608063,19.8668157915455,FAIL
4.78252187077487,6.98548261962042,4.97797177208261,6.28997580075955,0.104327184622042,0.0460380694078922,176.756756756757,48.9035286928382,44.5325062392229,171.216116957676,20.0229462553232,PASS
4.23319669548615,8.18457622525514,4.268011255804,6.39576390996887,0.0212670054429536,-0.0383781071514756,182.432432432432,49.6440071228113,47.1694768804774,178.71153714227,19.8236190856284,FAIL
4.86460822252737,7.26452851185454,4.77810873080672,6.26906244007284,0.10855209228803,0.0488378953148042,178.108108108108,49.0389981945797,45.5130378359935,171.398666613172,19.9775202947213,PASS
4.99228098023377,7.02869212190454,3.68007919793194,5.48880567974261,0.121332603191853,0.0611119567505159,186.756756756757,49.5861187826734,50.4924392410464,150.332528836445,19.4807677298717,PASS
4.29734724184233,6.47469064700692,4.78008802413122,4.6743590772446,0.11586912875643,0.0589603604340333,197.027027027027,50.0489351152704,56.1164389647457,129.849775499749,18.9442536862876,FAIL
4.37446404575929,7.7348085102041,3.6206960025638,6.21946087921223,0.0282391724923241,-0.029877835872882,182.162162162162,49.6073876292221,47.0810741321266,172.159760113663,19.7615412622521,FAIL
5.45353545399767,6.5103711396916,4.47504176949067,5.88866363215908,0.173742495065617,0.113766465434699,177.837837837838,48.7312104124442,45.7978755888314,157.598393019322,19.9154712744138,FAIL
5.80871482931714,8.24035017691052,3.63324399848724,5.43301888652949,0.206192545399742,0.134085406562345,190.540540540541,49.6259802025204,55.2051270372989,149.017480070974,19.4611169788388,FAIL
4.27516276003338,6.58819141855164,4.07830445354928,4.77405177740976,0.0894119579685163,0.0331181885372244,196.486486486486,50.1100400604526,55.4661253807999,132.470863934649,18.9729941518346,FAIL
4.67550006718014,7.10317766990972,4.00412570839686,5.84905829759262,0.0859992671471876,0.0276480062383532,183.243243243243,49.4927476542987,47.8537212476695,160.738875698676,19.6617797679082,FAIL
4.03634154748437,7.87957271943482,4.44316106461703,4.99412408697822,0.0487226906835639,-0.0112416826832675,199.72972972973,50.650072266654,57.9583832539822,142.094349169587,18.9548646919051,FAIL
5.89374948450361,6.63227288955021,3.2693354490532,4.79960350919343,0.22465969728492,0.158039182481917,191.621621621622,49.2547784406524,55.7268591478463,128.275515800638,19.2286875968651,FAIL
5.86636139750076,6.71664808306508,3.23589870241601,5.23082086339643,0.194244845092938,0.129443763769798,186.486486486486,49.1596554124598,51.7958198288984,139.941793156326,19.4826800040422,FAIL
5.66375475439593,8.31035181556066,4.6687221732722,4.66783905382056,0.301979210657567,0.225671492151714,200.810810810811,49.8714228466976,63.7675459438979,129.015011340491,19.0057021176039,FAIL
5.22114131808097,6.80432274990421,4.17692411410857,6.35000388292062,0.125172018177752,0.0667669289503409,174.324324324324,48.5817528323782,43.6601997288814,169.992226191172,20.1375525443768,PASS
4.80723227539624,8.27613591019877,4.47961973770382,4.63213353150368,0.17692902305653,0.109328630471854,204.054054054054,50.3770160014014,63.8513244340667,130.35330223881,18.8428469624782,FAIL
4.2874240845392,8.13293206945636,3.64486436178561,6.02576309651894,0.0209104335734005,-0.0386656485345729,186.756756756757,49.9771431969306,49.6011867533237,168.717659975534,19.580928016805,FAIL
5.76118549978538,7.41048403954952,3.94153041503487,5.8697535996557,0.188046119831723,0.122136814196305,181.891891891892,49.0569330778505,48.9006895259355,158.75487033784,19.8196191703643,FAIL
4.58980569515329,7.7098546030944,4.81278894616944,6.10576355323676,0.0849048383891127,0.0241706990328354,182.972972972973,49.5329756205674,47.8877942198566,169.825250588677,19.7676761260011,FAIL
5.43628499808297,7.78796381682873,4.19985202712716,5.78886840651425,0.172017839493497,0.105812374262884,185.135135135135,49.4260636605302,50.6515960924955,159.008876850685,19.6798540592604,FAIL
4.75599046944331,7.63088377946475,3.14747128416298,4.91855713887813,0.0939501045339128,0.0320530436334229,197.837837837838,50.2406033591439,58.0059954885443,136.656003918121,19.0159727214837,FAIL
4.62595352806247,8.15796362045267,3.40613961734551,5.01210119835388,0.0847937935570403,0.0215397759261269,199.189189189189,50.4328899967593,58.854362480158,140.691319280001,19.014608655159,FAIL
5.66358091637534,7.28185850901394,4.8985326761805,5.68042661431813,0.222472261681895,0.156014363886708,183.783783783784,49.1512400639215,49.9700261298239,154.63323016986,19.7247268664755,FAIL
5.08969166728184,7.74299230477812,3.67979462939524,6.46752186562148,0.0909074681917798,0.0299384793693954,177.837837837838,49.0131714521285,45.6253438574943,176.131538016615,20.0470954804142,FAIL
4.81312574338481,8.31320936508093,4.58854006005936,6.39684404972913,0.0914069460490721,0.0281944437827335,181.621621621622,49.3934143121454,47.6457297360162,177.876147942047,19.9197070822213,FAIL
4.99981049774422,6.6217146767672,4.12111957779259,5.78026167398292,0.125804464976203,0.0676630962361943,180.810810810811,49.1379038329651,46.8437472488816,156.601114890966,19.7378556080144,PASS
5.30817931934648,7.99710616818552,4.63891440219847,4.85354077524798,0.234272660970278,0.163952771036874,198.378378378378,49.9996147783926,60.2752753485649,134.973235438725,19.0780983557437,FAIL
5.13988072955145,6.61143906848676,4.61840518838358,5.13683783982857,0.186241024983671,0.124923300203356,188.918918918919,49.479255973002,52.1599201081005,140.220666716799,19.3571636400011,FAIL
5.50278475326158,8.26020061153591,4.96350151544496,4.61329764360706,0.297197906614321,0.222258525418118,201.891891891892,49.9472916760512,64.2440531393394,128.072383434266,18.9570342870117,FAIL
5.6871403748339,7.76083865118884,4.01159977695807,5.09076274056833,0.232784063116855,0.162063878181774,193.243243243243,49.6745648014815,56.9202878605217,139.528415919833,19.2869435216978,FAIL
4.59772980835562,8.25489395278137,4.94639093386109,6.45935044567969,0.0738932384605535,0.0117378919290747,181.081081081081,49.3987445776543,47.0441017486173,180.180877839301,19.9410825628841,FAIL
5.29938206969136,6.70887018293868,3.38622331761514,6.37664334388248,0.105497185763848,0.0482191922205051,173.513513513514,48.5251638246767,43.1848207990589,169.50709311322,20.1497324070905,PASS
4.50161026238111,6.84257227073027,4.62746118918517,5.38281810923095,0.102844951165067,0.0446731197344278,188.378378378378,49.7851380050144,50.6702233213409,149.123049377392,19.3810734463323,PASS
5.52668893126156,6.70053736928413,3.18381073045026,4.85290352696893,0.181572394664017,0.117924567271242,192.432432432432,49.481292070592,55.3434091217084,130.906655801033,19.1910029406607,FAIL
4.41894860514425,7.46127742403161,3.51273032376146,6.4548453220663,0.0264930254850858,-0.0301298346727371,178.108108108108,49.2373049440027,44.769483039005,176.633527130558,19.9523853682175,FAIL
4.08235651020127,7.97185353698757,4.43294820440611,5.97857076744454,0.0210923948360682,-0.0381458417667521,186.756756756757,50.0219815588752,49.4670920951937,168.378408276036,19.5587175100491,FAIL
4.83243662277192,7.43410050170797,3.86440938512071,4.8584447970995,0.140828122338703,0.077954303293865,197.567567567568,50.1202236391471,57.9838444153275,134.956421343574,19.0305922324925,FAIL
5.11735241066681,6.98427380843601,3.51562602881963,5.70150200383042,0.118175050759733,0.058278738674999,183.513513513514,49.362918590996,48.6494701983531,155.097303618294,19.6374779260897,PASS
5.38138542758638,7.35461602473671,3.23053409412593,5.78012131911642,0.124880173246664,0.0623557850887548,183.783783783784,49.3477129534809,49.294594660744,157.107986779225,19.6781686314127,PASS
4.94310130006183,8.39994554358741,3.68880748031108,4.95999695644088,0.139466713719924,0.072178086401296,199.72972972973,50.3195022689603,60.3672815881391,138.947792888177,19.0266251659878,FAIL
4.14227798933821,6.45998212655748,3.3267687156874,4.94430849425468,0.0456744019355724,-0.00820783717367335,193.783783783784,50.0873397505181,53.136240444379,136.58364619114,19.047308898921,FAIL
4.74826500677029,8.18071165852959,3.3155107855748,5.64563874109866,0.0689864571629595,0.00640347889034376,190.540540540541,50.0698253740868,52.8606120725876,157.563937710796,19.4075910690876,FAIL
5.23167402396864,7.19896071430571,3.28765646699268,6.22921575225184,0.0985609355528143,0.0390278581912429,177.837837837838,48.9639200845417,45.5835439272075,168.046777115462,19.9657344332444,FAIL
5.46240981854836,7.82613969073363,3.50506887372331,6.39930396459588,0.119458752212389,0.0560971424091281,178.108108108108,48.9458872863045,46.3602725591929,173.459791816477,20.0485061782089,PASS
5.37110750647366,6.82046996530259,3.38567552586177,5.80288320757773,0.131771187435033,0.0717081067889074,180.810810810811,49.0819579330811,47.38459775699,156.241400039387,19.7615010316995,PASS
4.2575531742011,6.61536383113576,4.80922410455602,5.029788080868,0.0943346060100706,0.0374973605892425,192.702702702703,50.0091007107727,52.9940235969278,139.974995099836,19.1457156232948,FAIL
4.15390602699141,7.00742587337757,4.33409580121048,5.76171087483875,0.0430319708721214,-0.013224044952013,184.864864864865,49.7579644722599,48.0996925520466,159.878881287287,19.5389483707848,FAIL
4.16028422130741,7.13472208506035,4.8422908624857,6.13183635852768,0.0413470678756885,-0.015332014157884,180.540540540541,49.4497215777467,45.8904097414117,169.672404133777,19.7842730093433,FAIL
4.51787596369484,7.18911684664368,4.35712793771013,4.51001914987763,0.139427456524532,0.0784896188384721,202.432432432432,50.2390820323817,61.0600115218049,125.838334172018,18.80473282237,FAIL
4.8839593613944,6.58979163590048,4.0437453171872,5.28630621060601,0.133400482769482,0.0747795998036654,187.567567567568,49.5491513441622,50.6532135210681,144.446472115973,19.3963105718066,PASS
5.97520393002936,7.71525481915815,4.15471427779953,6.02596778862417,0.210323356508395,0.141795714458474,180.810810810811,48.9352307809757,48.7366398308818,162.903426269512,19.9290537167463,FAIL
5.59762618782577,8.21790609709157,3.61804671885043,4.83386188676727,0.221999423257388,0.149105402759284,198.648648648649,49.915480657922,61.3429604665548,133.064357734742,19.0734360662778,FAIL
5.71069594864905,6.95588793659208,3.39075307498436,5.33121317262123,0.184187411251677,0.119445270509721,186.756756756757,49.2884441955091,51.7394375420103,143.708106488723,19.4991239842855,FAIL
4.20060850624332,6.42046003398647,3.08467971907472,5.64784725974457,0.0253238868176181,-0.0273444771918114,183.513513513514,49.6070714617847,46.9244040374378,154.187291441926,19.5015640881945,FAIL
4.52106910141112,7.43386239893411,4.21925153128907,4.85496738868884,0.115684084367577,0.0544942031767107,198.378378378378,50.2855026838679,57.956111383937,135.975406040935,18.9857941119256,FAIL
4.13713068128286,8.29998187036619,4.35931647856365,5.95991165883435,0.0233178214461733,-0.0372359912489771,188.378378378378,50.1337747117222,50.5833572103509,168.566946732691,19.5204567458025,FAIL
5.13703906271437,7.38986778511893,3.77297948926486,4.64866043541925,0.185725229469638,0.120184325455375,199.459459459459,49.9605427869023,60.3048047054157,128.034924822562,18.9581076247657,FAIL
4.73209418720304,7.92916202108204,3.36887533562773,5.53808590164655,0.0752979717702791,0.0134496990368554,191.081081081081,50.0626160501048,52.9931242582463,154.295323424599,19.3643670728523,FAIL
5.63061958635993,7.35677507195006,3.70574133047002,6.08253397383076,0.155914592058335,0.0922877103612615,179.459459459459,48.9398153026441,47.1543262227878,164.061485098156,19.9341109035725,PASS
4.20285784601683,8.08125388627911,4.24716748272815,5.20625345886549,0.0558909411304938,-0.00523372545830847,197.297297297297,50.5410191129845,56.5003673448207,147.818226816715,19.0873914584817,FAIL
4.17575252002168,8.3806069137526,3.16828886158286,6.10462784614614,-0.0117491755523211,-0.0707540801501028,187.027027027027,50.0784014921166,49.6843854900136,171.008002504862,19.5683827928062,FAIL
4.31363457914604,8.31972597891577,4.60353183898475,4.74166653873612,0.101991188019262,0.0382461457643822,204.324324324324,50.6734998442297,62.5077989370377,135.062892068307,18.8232054249106,FAIL
5.75122356989173,8.13452657981309,3.91214018376095,4.58643788984382,0.27789287649789,0.202105008553766,200.810810810811,49.7798561379876,64.1483245664432,125.589316870232,18.9697479509294,FAIL
4.29971865293482,8.38035356436606,3.98374253027036,6.36095613879177,0.0206662042574044,-0.0396524437608408,183.513513513514,49.7355972405853,47.9405351850052,177.968315855477,19.7815532820521,FAIL
4.10904599066384,7.01852487526989,4.75555788385298,4.57356894266801,0.0917870516779793,0.0337476014718443,201.891891891892,50.4041713083345,59.4821601315563,128.636492099522,18.7979397956929,FAIL
5.92196357911085,7.42022617964209,4.82567925689766,5.64752026337571,0.250449083477231,0.181342055900682,184.054054054054,49.1008683701953,50.7418942461408,153.279310654696,19.728950264793,FAIL
5.44503314431482,8.20722892297628,4.57128118355181,5.67091942885599,0.19501362871788,0.125872042586107,188.378378378378,49.6350582427872,52.9384205888658,157.247148226847,19.5760263425726,FAIL
5.58196421023944,7.89658214278297,3.62848167171876,5.50431272598175,0.177276051100001,0.109102697491932,188.918918918919,49.6040585965706,53.3914936560479,150.966420897843,19.4976988583496,FAIL
5.48337410768888,7.46879096794428,4.3960940039796,5.8538031468329,0.17927142395481,0.114298188578901,182.972972972973,49.2131562217596,49.1655707587843,159.76723651264,19.7706190136404,FAIL
5.5324822132555,7.66935839187554,4.07800598622604,5.72399330575577,0.180129037881793,0.113727070898779,185.405405405405,49.3856276082497,50.8131312825453,156.642205809142,19.6636118273158,FAIL
5.60060732299608,7.62931075064962,3.118038614083,5.18512326841392,0.166312294516063,0.0987347149756282,191.891891891892,49.6881041951173,55.4478330022965,141.485095371936,19.3140875720367,FAIL
5.05727284739931,7.07030684850732,4.15039735797135,4.96612587300349,0.172460847174184,0.109517882223321,193.783783783784,49.8206482181422,55.5299942421734,136.747505920594,19.1745250238082,FAIL
4.31046223438331,7.92118155211727,3.29359076571379,5.40551907686296,0.030842814143361,-0.0286260010817726,193.783783783784,50.3615456122865,54.0503534284451,151.763982610865,19.2111822319918,FAIL
4.58799057844062,6.41899885035779,4.87615091438071,4.69080141729543,0.15422699895517,0.095816117523719,195.675675675676,49.8563553919664,55.7767742679762,129.467479561279,19.011034931698,FAIL
4.92272593364993,7.79917549992835,3.80041278137992,6.27806445083853,0.0855652982865986,0.0244927463886147,180.540540540541,49.2948062332885,46.9901591284692,172.430007452018,19.8924764290683,FAIL
5.22418348534407,8.35276155601203,4.12757554788181,4.85542175601364,0.203289712617194,0.132734200621619,200,50.1503083878109,61.4945128061578,135.428706968339,19.0269308726809,FAIL
4.78434966540598,6.89636822689087,3.270648527764,6.15466931643478,0.0644415726867126,0.0081908659029496,178.108108108108,49.1067064026354,45.0581065089242,166.574305594231,19.8795730896103,FAIL
4.25539524009995,6.60732568039584,3.45086023100401,5.59487844266876,0.0405869126892077,-0.0136599497962795,184.864864864865,49.695868397509,48.0104540819575,153.587727993466,19.4670165257959,FAIL
5.75287436715623,7.06402406343728,3.7411615966643,6.07220902209881,0.168023779815269,0.105037730120599,177.837837837838,48.7505381137913,46.3458407092364,162.500638913462,19.9864176649516,FAIL
5.0001932474556,6.58081109881756,3.6738523483978,4.62589124961067,0.166098970231861,0.105538522769911,196.486486486486,49.7427667534699,57.2398423597796,126.222102322484,18.9924260842063,FAIL
4.69977031456621,7.80963007282789,4.29483255909062,4.78675867544189,0.144619751266583,0.080415662643505,200.540540540541,50.3160854645059,60.1851283501385,134.288627858697,18.9453729741932,FAIL
4.04540442393157,6.77732968623851,4.00408273764852,4.91338918882692,0.0523583113972781,-0.00324253801019125,195.945945945946,50.2724512906706,54.6984264517802,137.194376197057,18.9987732265986,FAIL
5.67194910588133,7.74592865757864,3.03354348290058,5.4646850447944,0.153013749449185,0.0856165442680106,188.648648648649,49.5608896877888,53.2415683143474,148.886928162524,19.4818696932693,PASS
4.23693982338198,6.73576828733198,3.32306583667974,5.20611118420881,0.043995544070542,-0.0110672737239995,191.081081081081,50.0432340600045,51.7305923203071,143.990183932251,19.1958264678849,FAIL
4.899770561446,8.08459531121963,4.82520223124693,6.02537027051271,0.122423089002865,0.0583269805598872,184.864864864865,49.5945017498061,49.640860360999,168.019055383319,19.7269511500856,PASS
4.04537522858413,8.25321734428494,4.14475454150665,6.29143915034478,-0.000481146145088762,-0.0596377544043118,184.324324324324,49.8679858299862,48.0172818098224,176.649946443104,19.7126057513607,FAIL
5.76927324365108,7.93562450751785,3.3552140691253,5.41888919206169,0.185280037759109,0.115412450262677,189.72972972973,49.5753741823535,54.3201283957205,147.969791566318,19.4640486114844,FAIL
5.24522188327044,7.34163516193513,3.9865990456611,5.87577884701907,0.140157442100465,0.0778151170867156,182.702702702703,49.2867215078939,48.5329522465196,160.409410390684,19.7462066826771,PASS
4.06831791198673,6.58240059479176,3.00497427696128,6.14552851031763,-0.00103584554791569,-0.0529377297396655,178.108108108108,49.3119286041507,43.9781137045322,166.779910857429,19.7824253680045,FAIL
5.22681392455081,7.26159236670765,4.87472797683957,4.55237398345766,0.249810426909075,0.182421897913849,199.72972972973,49.8406087266167,61.0329445994026,125.540547948491,18.9515537026731,FAIL
4.36340205001401,7.25564987440558,3.44627208903671,5.87838733851112,0.0357941223831616,-0.0209074589556048,184.324324324324,49.7232626842913,48.0340146294985,162.310529063351,19.5888989995869,FAIL
4.61619236430446,7.30013917316965,3.28589507411637,6.12382358164162,0.0472325343424228,-0.0100140879748555,180.810810810811,49.4102694593163,46.4737809720121,167.648059311658,19.7789116079467,FAIL
5.88120810762459,6.42743828275205,3.88674523382416,5.60954539505031,0.205729155186011,0.143280246282567,180,48.7336601507006,47.6196581871572,148.913773555828,19.7907448655487,FAIL
4.64450236221179,8.14252966174641,3.29171856538211,6.38838595752348,0.0351005124421044,-0.0248946699848942,181.621621621622,49.4988792724732,47.1422086100854,176.397578280349,19.8570609191674,FAIL
5.17702962039711,7.7081079040256,3.33177070132694,5.80170854232893,0.109101525182677,0.0461856627584848,185.405405405405,49.5687904833411,50.2071653401111,159.271421113036,19.6230995824972,PASS
5.93801039146649,8.09376900389086,4.06364095281547,5.56064562178984,0.233256167145173,0.160845887076201,187.837837837838,49.4234159257469,53.6282795317021,152.035209715978,19.5866216586521,FAIL
4.93896414070704,7.90616776407535,4.8518586106844,6.29775520046265,0.115949595214756,0.0531554174430293,180.540540540541,49.2540814726778,47.2090795361785,174.089593975329,19.9309851010482,PASS
4.7020926910293,8.10562941476618,4.49458612157068,4.953395911432,0.142268067205757,0.0769641964583275,199.459459459459,50.361107747581,59.3762973135372,139.68443909328,19.0246964409769,FAIL
5.68831328651522,6.85563212500486,4.50760963530011,5.30643481104237,0.232007171959123,0.166479770832657,186.486486486486,49.2157743523916,51.6406336579167,143.551078197095,19.5260079065524,FAIL
4.68456469788746,6.6961264669931,3.50666344162842,6.1215357064913,0.0663684748568834,0.0109810176126337,177.567567567568,49.0667746277348,44.6385743406836,165.500027344007,19.8787893746592,FAIL
4.54522943557204,6.73545073510723,4.96139625378448,5.85849444054973,0.09633307481131,0.0390722883235644,181.351351351351,49.3130664470691,46.5976784223563,160.753692896889,19.7245050502178,FAIL
4.12275742640511,7.35082076935162,3.13994764714039,5.27330530273883,0.0151001152386796,-0.0412886295822902,193.513513513514,50.3381660778534,53.2850136245633,147.325081870458,19.1475112990251,FAIL
5.24944477241704,8.19882417617503,4.56145235469665,5.66023361789428,0.172903966553973,0.105203881853212,188.918918918919,49.7440089419851,52.9585064407123,157.579115314057,19.5371301981232,FAIL
5.37219345399789,8.38364625979385,3.30339431013487,5.14744592134418,0.157205640846659,0.0875145603353994,195.945945945946,50.0384483504304,58.3722128040601,142.580856766021,19.1970779403303,FAIL
4.23667750337801,6.58764650763058,4.15767772265551,5.44276275362524,0.0621149788514951,0.00685122584516307,186.756756756757,49.7675620265087,49.1839919431829,150.241159623087,19.3922519368427,FAIL
5.78767679190229,6.71230835275112,3.15452317168059,5.15983927858718,0.186407317027172,0.12202367717004,187.567567567568,49.2374169841703,52.4100641135427,138.288195766397,19.4223602534985,FAIL
4.41661283083853,6.82344081826424,3.08006846801482,6.46574820904727,0.0207572938100462,-0.032743460888731,174.864864864865,48.9479141129971,42.8208072280802,174.255794717108,20.0270056981328,FAIL
4.4301227780415,7.19824330160663,3.12323375335071,5.39370226953366,0.0450000393468153,-0.012188750078666,190.27027027027,50.048598065696,51.7409154198713,149.445137765574,19.2880271334532,FAIL
5.48019514341717,6.68981404605579,4.02344846734973,6.12053376118169,0.152307170432786,0.0925901375287463,175.945945945946,48.6290233951379,44.8003312275923,163.369019235039,20.0354533395171,PASS
4.52074854542851,6.75215914523036,3.6018514743998,4.70093275910953,0.104169831096365,0.0463277163661002,197.567567567568,50.0774930986527,56.9753586794885,129.892207541884,18.9396399383868,FAIL
4.69480440069526,7.48320084865989,3.17781012553538,5.77887551140605,0.0585853803664793,-0.000409481616443164,185.945945945946,49.7569947807735,49.5662066005186,159.40157068433,19.5453213747355,FAIL
5.02839104512092,6.42090881145935,4.43557142657245,5.88755626332862,0.133021168674383,0.0756416262383365,178.378378378378,48.9005919071499,45.4210401444666,158.52831789611,19.8545461186369,PASS
5.1528668056288,8.01623558632674,3.07569344748038,5.14089203292418,0.120336154839975,0.0545119041534053,195.405405405405,50.0742677638224,57.1242231284058,142.294154651988,19.1787051237686,FAIL
4.82958549078807,8.12075960483111,4.2861672234484,5.29004305547936,0.133058538100195,0.0678623815019598,194.594594594595,50.1725218239635,55.9639845616816,148.546134334269,19.2402712003204,FAIL
4.7596456789471,7.74535786983335,3.1502102608476,5.74067764834373,0.0625876519464703,0.00214591862093827,187.567567567568,49.8559732124968,50.7084571487404,158.886718247699,19.5037356047711,FAIL
5.20402485812833,7.76279134063722,4.95220756335851,5.58915083969523,0.181968785777654,0.115869471781726,188.108108108108,49.6515641599234,52.1876982136766,155.129844106174,19.5380945494165,FAIL
4.6527694723458,7.68658814159216,4.40175507258047,5.2678316366261,0.116876817823508,0.0544212896762444,193.513513513514,50.1326434586431,54.6756160702897,147.648943936221,19.2393194316864,PASS
5.80050751359961,6.57348320630911,3.07572469448611,5.01922971699016,0.190232224854619,0.126025371651917,188.648648648649,49.2296865762738,53.2171526335502,134.191814657989,19.3487997405387,FAIL
4.64825525966672,7.87256240946855,4.79195794242405,5.98451105955837,0.0950579540706742,0.0331144486071322,184.864864864865,49.6794852243496,49.2613676715967,167.125157536845,19.6800564647199,FAIL
5.05118910869307,8.32206162165277,3.4955129585021,5.63000223367591,0.109433990329908,0.0439422190081119,190.540540540541,49.9548115396094,53.5113284522064,156.722772104672,19.4423987775894,PASS
5.19632795155263,7.76401385671696,4.20297541993558,5.1058083455787,0.184138779553628,0.117315512789048,194.594594594595,49.9391739396266,56.6645691437966,141.625438200233,19.2193223870653,FAIL
4.64665274285019,6.71529852618908,4.19420141518046,5.65477580144852,0.0975448720255054,0.0402883074435091,183.783783783784,49.462881276769,48.0334250092098,154.911590615412,19.5850525811784,PASS
5.6334014010648,6.83404859841762,3.34492719621633,5.8272429923981,0.151055096334252,0.0895239681613724,180,48.9405450236141,47.3012253515442,156.029277903865,19.8182430631471,PASS
4.62325368724142,7.83887816300552,3.27546969218513,5.4971798289833,0.0618061073060134,0.0010290154628495,191.351351351351,50.1190460956933,53.0304598046083,153.237806684726,19.3263096481471,FAIL
4.72159789313946,6.71890296216601,3.6888525529299,4.5921926241075,0.136618890044523,0.0772803074452445,198.378378378378,49.9644384191763,58.1397398048611,126.327610176273,18.912988837147,FAIL
4.63583810027178,6.86967114691014,3.76727394611626,5.05370588979951,0.106856667982053,0.0482440259810751,192.702702702703,49.9452889068278,53.7785474453711,139.584408165702,19.1678891555088,PASS
4.9531639618965,8.28992200860641,3.6730956940885,5.30821170857182,0.121839253863946,0.0559550107458436,194.864864864865,50.1680116611211,56.3509988170697,148.453588261005,19.2407252052541,FAIL
4.7668538771642,7.07765102751174,4.16544069215749,5.49648673535469,0.114107149270141,0.0543450973412426,187.297297297297,49.6996656148859,50.5674756470979,151.658454360372,19.4578990129359,PASS
5.06905319829663,6.77681211807275,4.84876791919782,6.0230132584282,0.140904946163281,0.0816302263399322,178.378378378378,48.9290515556226,45.6833844931862,163.213390711971,19.9154860499005,PASS
5.76646489146832,7.32858376464286,4.16889233611876,5.43935957957198,0.222129015235136,0.154444945822002,186.756756756757,49.3086763611625,52.1348274879213,147.75742306264,19.5615623777685,FAIL
5.47753701096759,6.96414049382854,3.26832086873356,6.26022010290479,0.11767860659656,0.0580771551255088,175.945945945946,48.7023003188456,44.7156243734059,167.183141153925,20.0586848150607,PASS
4.47474139913601,8.05370812467824,3.86322249663895,5.32477786807807,0.0732928905826453,0.0113594071433369,194.864864864865,50.339646651168,55.305357241191,149.97370404907,19.1961299858903,FAIL
5.77516851342033,7.01997112227315,4.50612414633169,6.15190710836196,0.19352077938249,0.13008679806237,176.486486486486,48.598415546028,45.7062663207341,164.642018451976,20.0774188131441,FAIL
5.01990868081187,7.03712103507159,4.62468363372578,6.23824525046379,0.121993274547722,0.0626298237569519,177.027027027027,48.8870757775331,45.052046373418,169.252518790776,20.0092627642879,PASS
4.57164705738796,6.5895926423459,3.88890371523053,5.94546253997917,0.0731124713178543,0.0177434623877119,179.459459459459,49.2022914658871,45.4705921658466,161.521425767572,19.7717959787838,FAIL
4.77616542829008,7.98213085528549,4.28257713183843,4.55373079620658,0.169320000717588,0.103275731024025,204.054054054054,50.3233436325849,63.7303493004661,127.582947914093,18.8096465166925,FAIL
4.16855186689839,7.5389522559385,4.85289040747399,4.78941286363096,0.0889779930652678,0.0287464120836942,200.810810810811,50.5197728850677,59.0186123548318,135.70951625605,18.893121697734,FAIL
5.23566032984737,7.12975036603755,4.63364923273678,5.63689938181722,0.171202271593277,0.108364837805026,184.594594594595,49.351097457913,49.7137214014984,154.294210221061,19.6350026293528,FAIL
5.97269278969913,7.70618371493831,3.39840852447228,4.67035337898154,0.257758287273716,0.183197777247685,197.567567567568,49.571342630201,61.4813483267369,126.390239758104,19.0730025600185,FAIL
4.25282493342804,8.37403741017694,4.92519915919762,6.24655210535779,0.0399562356983536,-0.0215257183818215,184.864864864865,49.8213611700411,48.7372012589698,176.268857694057,19.7305496330264,FAIL
5.53546838773213,7.53811147335215,3.11018063474002,6.10239538551383,0.118667693616535,0.0556736185828302,180.27027027027,49.0916464662691,47.5176876250129,164.989064894175,19.8847850582012,PASS
4.94984225809794,7.28165340278734,4.84757801831646,5.01568901439055,0.180440400339143,0.116601025110819,194.324324324324,49.9228626762048,55.8102979387132,139.356878912505,19.1836859140637,FAIL
4.3077438806098,6.45419641381246,3.47088294279564,6.11015910898196,0.0351383142135824,-0.0177967260489049,177.297297297297,49.1244426393956,43.864221330938,165.25599189847,19.8406494407989,FAIL
4.11356403345948,8.16930606288653,3.7469986902696,4.89927525461014,0.038485395276923,-0.0220137331465824,202.162162162162,50.7370262653034,60.0254866980421,139.072784459622,18.8721798632126,FAIL
4.61276136201922,6.60393943062332,3.43084595996634,5.16249875374499,0.0893091817409515,0.0326429601140905,190,49.8025413178972,51.727674269734,141.643705930232,19.2501854326816,FAIL
5.27925903844041,7.61893490604071,3.63133902914811,4.65502010177877,0.195314902714712,0.127658707550649,199.72972972973,49.9495638772632,61.1567958657212,128.065980644218,18.9631499779892,FAIL
5.01208779047168,7.49845421926597,4.47948144045643,6.37150302702259,0.11184584824354,0.0510423763212124,177.837837837838,48.9891539208411,45.5571140552332,173.953051952502,20.0307230630101,PASS
4.01240466226001,6.72305792489724,4.83373399490177,4.66719244377766,0.0782024408775744,0.0217662173544966,199.189189189189,50.319788101138,57.1550809952918,130.939074045862,18.8680243181688,FAIL
4.70790643112065,6.95148761263159,3.39044850419248,5.21551157326154,0.0927164892761184,0.034218543511112,190.810810810811,49.8853114014234,52.5448467625828,143.637129558286,19.2596551816119,FAIL
4.57187944598498,6.57932041570145,3.24881743936523,5.44082041432736,0.0689466790378254,0.0134169689130573,186.216216216216,49.6550156589904,49.2013035450243,148.733626381487,19.4165979428304,FAIL
5.04634763842156,7.08648525762531,4.16589499027209,5.18292833328491,0.159647059299267,0.0973228299950134,190.810810810811,49.7395344707079,53.4500260617835,142.664828248313,19.3057881436788,PASS
5.66351705683289,8.12290152107824,3.52238120344374,4.57212343887909,0.242747480957085,0.168486120204693,201.351351351351,49.838220634028,64.2506252850054,125.136449362238,18.9387624707854,FAIL
4.73628450328701,7.34213734282729,3.66373061797379,5.89771941200267,0.0782620540502083,0.0191881401584995,183.513513513514,49.5466411087853,48.2517808350929,162.235261652346,19.6627644502174,FAIL
4.60028567867891,6.89966259007002,4.50287100722697,5.35146795059177,0.112071144343254,0.0532310548149754,188.918918918919,49.7874081526886,51.1612751756698,148.120452041128,19.3674703425063,PASS
5.46687588145325,7.33026486874915,3.20168497238684,5.6532575003909,0.136408106564701,0.0730291511064635,184.864864864865,49.3850017646665,50.2346401809289,153.561122608885,19.6135692612849,PASS
4.90281360514018,7.74905413642601,3.57210324191066,5.95557001905253,0.0869361544436246,0.0255834446018101,184.324324324324,49.5876708179123,49.1093041528376,164.262435393455,19.6787591326195,FAIL
5.75687504779386,6.46712629098074,4.48989945610106,5.88388571274076,0.201815436321029,0.140369028507574,177.027027027027,48.5589320045364,45.7454168573737,156.357479675836,19.970294434864,FAIL
5.75049885445069,6.88235081278128,4.6525642570233,6.09880568212079,0.1975592459997,0.1346231835894,176.486486486486,48.5773906732358,45.6317238284251,163.069830115925,20.0612833162026,FAIL
5.60388723073669,6.5898369429962,4.2659580408419,6.26869281455093,0.164078715248773,0.10450547034636,173.243243243243,48.3548594658465,43.572726224532,166.103300837579,20.1827782824507,FAIL
4.58889029360494,6.91742208856269,4.11749549427525,6.16030496108311,0.0714120511518547,0.0148145518532695,178.378378378378,49.1434613570216,45.088044462547,167.896957888949,19.8817734743635,FAIL
5.48076229397314,6.76795794188404,4.70242237270814,5.88687990650977,0.183705400352021,0.122025290188797,179.189189189189,48.8438341828866,46.6791154465167,158.541203085073,19.8897860111105,FAIL
4.13901132437484,8.27372241439118,4.10553947968734,5.56440998530988,0.0293851891706031,-0.0313672380742143,193.513513513514,50.4328874848436,53.7474498102564,157.928037201628,19.2719294060544,FAIL
4.65037574808927,7.8648531669351,3.60433021695154,4.92227835927742,0.102809019654915,0.0400136990194657,199.189189189189,50.3523250612252,58.8114636226974,137.797869711671,18.99493755035,FAIL
4.30211572546823,6.59885736320619,3.36164887298739,6.17749269170801,0.0283291136409108,-0.024884715792707,177.297297297297,49.1508748344599,43.8897051498863,167.306944897073,19.8588108882349,FAIL
4.67619817167782,7.90271970452259,4.80661561587799,5.53156244890882,0.118240051528776,0.0548991180119544,190.810810810811,50.0263056232772,53.009878438318,155.467640304259,19.3956729128481,PASS
4.85765242101965,6.85765559463804,3.75427673942437,6.4909175019954,0.0768497929769534,0.0206867580547468,173.783783783784,48.6680763951604,42.8894058263011,174.20935192796,20.146923718764,FAIL
4.57530900380023,6.66303295732777,4.02331146725054,5.96731473218255,0.0756572820298079,0.0198485039781688,179.459459459459,49.2083613274201,45.5673226710086,162.385975539577,19.7817689738505,FAIL
4.6326880658669,6.52669423646155,4.73393888957599,5.81764029943639,0.103412326298318,0.0468209859192947,180.540540540541,49.1981083019871,46.2033775089428,158.604725205015,19.7342254803165,PASS
4.29087266235386,7.69930626565666,3.38751607149526,6.30041841922902,0.0114625363362918,-0.04566883499744,181.351351351351,49.5679008298017,46.4078020801178,173.964882177588,19.7943554233276,FAIL
5.96055847533725,7.47909533452169,3.52455814921119,5.39994316554552,0.212793225142154,0.143409035567818,187.297297297297,49.3177518546653,53.0137495699196,146.015690986404,19.5334307455277,FAIL
4.00982963294167,7.17152374059857,4.10495391959131,6.28334752653517,0.008199535496906,-0.0469894827762475,179.459459459459,49.4294050386885,44.9508079687481,173.068043678846,19.8297801835061,FAIL
4.52296756692461,7.83829027988897,3.1056143958987,6.04838468830159,0.0281217347101961,-0.0306344366331746,184.594594594595,49.7654850283251,48.5916837861955,167.443332324246,19.6450680923319,FAIL
5.45360821410188,7.18309404551134,4.14624955835888,5.2593570442139,0.198906609531147,0.133576413705222,189.189189189189,49.5203129718884,53.1752235626481,143.669353304576,19.4108511983751,FAIL
4.73686965935934,7.85345257362284,4.71010375017359,5.82823095906578,0.109689967898308,0.0470460309937093,186.756756756757,49.760403171385,50.4114637134797,162.793927359514,19.5949279373811,PASS
5.29029997747071,7.571515574686,3.65419585061267,4.96673026626771,0.17777907823097,0.111363003401736,195.405405405405,49.888068083151,57.4259615544696,136.732071626275,19.1534519084931,FAIL
5.16088484459001,7.93997146928484,3.41531906001576,5.98858733539661,0.103316161036709,0.0399720185298031,184.324324324324,49.5142635647562,49.4846127222348,164.678182518299,19.7170691098594,FAIL
4.93940860540242,8.37074184496844,3.76855052537883,6.46983650935101,0.077059525424413,0.0141991633897394,180.810810810811,49.3284928376344,47.3115085269066,178.614016609104,19.9539293298284,FAIL
5.03762679462835,7.84185229823932,3.51751926079028,6.42871493123864,0.0810467851547564,0.0200360625860474,178.918918918919,49.1311435812451,46.1317462065068,175.556092219297,19.9940899065822,FAIL
5.85485665482834,6.72165353201095,3.14793442797504,4.90811156207985,0.206592853724101,0.140483691700627,190.810810810811,49.297574554028,54.9279357289412,131.440534926179,19.2757576945759,FAIL
5.08610598275872,7.33754495559564,3.56892749253241,6.3141363346356,0.0935196124466821,0.0339863819575823,177.837837837838,48.9993490988314,45.4305536182613,171.138400370316,19.9914993498555,FAIL
4.69094165116755,7.48099787542398,3.1487942858604,5.3874347270708,0.0698448506763882,0.0100317822980228,191.081081081081,50.0267599452552,52.8255783741568,149.281132267469,19.3003509835282,FAIL
5.3819950878472,6.53170448283432,4.1388670141485,5.40027614547579,0.180948228394733,0.119931993166835,184.324324324324,49.1795478477383,49.5779007252254,145.752410211279,19.5638286326294,FAIL
4.03557169704997,7.93411459319513,4.10931601696996,4.53792216125193,0.0569769689296512,-0.00299682029971104,206.756756756757,50.7431358000911,63.5358147181552,128.764583221839,18.6777688383859,FAIL
4.68206231766078,7.63509862127409,3.28797458004463,4.52868059435273,0.11154495090121,0.0491302777850873,203.513513513514,50.3065328387335,62.6274174497541,125.862459882229,18.7814843031749,FAIL
5.16145983882472,7.64144591557124,4.19936769521292,5.17092496704362,0.175601070696765,0.10983273239412,193.243243243243,49.8916496871096,55.5720588631311,143.264220802882,19.2639825626237,FAIL
5.63114081480057,7.18202300918809,4.76268345244825,4.50839163926455,0.300918195716944,0.230192265882263,198.648648648649,49.5726464874832,61.3622241992763,122.881768793626,18.9963796072791,FAIL
5.63523790189983,7.09112367492398,3.61464915246344,5.09096750048223,0.203114669052369,0.136891360654871,190.540540540541,49.4845953713673,54.467321890829,138.071698666249,19.3299088996835,FAIL
4.49820054738749,8.04498906777085,3.50291099697507,5.3093770351425,0.0628363800700339,0.00130166273458854,195.135135135135,50.347743169021,55.4136943862025,149.145360908159,19.1808593249538,FAIL
5.30637975087586,8.2020431868696,4.9592501789592,5.58034786876231,0.197184461770638,0.128310270787595,189.72972972973,49.7534200380958,53.6856943834843,155.620819943299,19.5069700724743,FAIL
4.08110623667591,8.248571151177,3.64303535818138,4.59999746193655,0.0405799453233127,-0.0200020362038045,207.027027027027,50.8049897293251,63.9258298713848,130.475276684898,18.687937911176,FAIL
4.48037238111752,6.54688423069824,4.20537880184407,5.47775461640054,0.0882599651130195,0.0321004230364309,185.675675675676,49.597364471859,48.807132483537,150.407241165807,19.4629759172665,FAIL
5.76824024025699,6.81859989236575,4.34825169153874,6.42234099922093,0.174524500123047,0.113429054208018,172.432432432432,48.2374528978291,43.3719383086634,169.999794344188,20.2852961092536,FAIL
5.68616019334205,7.58638742522232,4.20133620990553,5.48458215244872,0.214233605387643,0.145972676649717,187.567567567568,49.423484952573,52.5919700006963,149.845141695208,19.5507366836666,FAIL
5.33354658750828,7.16952193838904,3.51399356885546,5.53340975831808,0.145229220611994,0.0826145526802495,185.945945945946,49.4503838958999,50.6676984161216,150.709351501285,19.5447443028333,PASS
4.95973529392263,8.32733608782754,3.17434261486191,4.91029310867054,0.115368976634889,0.0489362707947439,200.27027027027,50.3188712549887,60.6585718278323,136.93739734071,18.9917627815111,FAIL
4.37261925085751,8.05194061516592,3.60939781905049,5.61366097403351,0.0419745382041942,-0.0184523195578081,191.351351351351,50.2269224704654,52.658756514645,157.710801616624,19.3466231058658,FAIL
5.78103145641908,8.15374959659607,3.82201312556058,4.6311822577373,0.272203803024588,0.196356542397381,200.27027027027,49.7760922418281,63.6488401503734,126.751551922237,18.9967600725671,FAIL
5.69469293900281,6.87213313117326,3.11316572378598,6.18197743401861,0.130388632613573,0.069991137254162,175.945945945946,48.6376949084652,44.9699401559632,164.270979423153,20.0484157497908,PASS
4.19320078671002,6.76621536732018,3.12804248999769,5.62553424279529,0.0214835446910464,-0.0325880339386848,185.675675675676,49.8060382859793,48.2901830860622,154.756580928934,19.4433729227186,FAIL
5.75453596005671,7.01040289172094,4.30460167373768,4.94697951442739,0.257501426705572,0.189234960722889,191.621621621622,49.4062107330307,55.6727337861947,134.084017490983,19.2883250154136,FAIL
4.07007138147678,7.68869401054644,4.0789316444769,6.49216243017651,0.00288656386944475,-0.05396033238412,179.189189189189,49.4294345324947,45.1383448057341,179.562430550525,19.9108412712923,FAIL
4.83846897431339,8.30198301414506,4.98534240676508,4.89829695716001,0.181198557554249,0.113293094058131,200.27027027027,50.339500654413,60.7438331141021,138.441244215352,19.0101236615212,FAIL
5.74051019885092,7.79633809966503,3.45107327752317,5.70017331081819,0.172642790029215,0.104846145569628,185.675675675676,49.3731196483455,51.4275037630447,155.187717030723,19.6493649704935,FAIL
4.0384524661761,7.82649698280345,4.04685826751411,5.96236319705473,0.00939470678562426,-0.0486863781711199,186.486486486486,50.0153127581063,49.1292295722892,167.276609052575,19.5443627370326,FAIL
5.06288724669925,8.13242458282141,3.61327706101889,4.51126266989786,0.178364867940761,0.109887912791342,204.324324324324,50.1885656470448,64.9291390046945,125.199053915245,18.8073517431052,FAIL
4.3774716433912,8.22229648183177,4.79056443739076,6.18066040541326,0.0550778734678596,-0.0064119750341628,184.594594594595,49.7710138322643,48.7977846631701,173.758421328035,19.7219120604174,FAIL
4.51566211033518,6.81739694402459,3.69635739753666,5.3627932560842,0.0795744376647768,0.022542335302462,188.648648648649,49.820476820983,50.7188142472561,147.853476589852,19.3452294359909,FAIL
5.19498798466746,7.15474997646021,4.93054190719742,5.14942540523774,0.203552030464434,0.138920433560727,191.081081081081,49.6787936854743,54.0793801856956,141.996831039993,19.3222931002987,FAIL
5.15591036240788,6.70003124427667,4.27724338295377,5.72163682406071,0.147857798112875,0.0881911703021077,181.621621621622,49.1415922925758,47.5811982481415,155.063150075815,19.7199891381179,PASS
4.67992863647223,6.45170209708673,4.46181050675335,5.23222055853677,0.126653816108492,0.0691367496117472,187.837837837838,49.6020494815854,50.5858425821733,143.473864725831,19.3565489581409,PASS
4.86591417881097,6.64714596064707,4.83055065582092,5.14414803655221,0.161090658023771,0.10105505509857,189.72972972973,49.6388304704147,52.1726010113523,141.445788850574,19.3174079759479,FAIL
4.03638035014666,8.25101734329612,4.30111569986494,5.36695748781471,0.0281408739562853,-0.0325152096130125,196.216216216216,50.5956159117048,55.4612528864489,152.983276326121,19.1425740985569,FAIL
5.49405668934612,6.52311133848983,3.43366101455238,6.00999614273021,0.136512980530988,0.0778925610077708,176.486486486486,48.6816715240057,44.9705717193682,159.810538046608,19.9628520017263,PASS
4.45468572100612,8.09770851870612,3.35809956709717,5.08113744435201,0.0596027630050283,-0.00201817574783181,198.648648648649,50.4906352382429,57.8628404860868,142.92818502113,19.0296770532975,FAIL
5.98450349368324,7.20010656909907,4.87769868067265,6.47662917160899,0.208429508196513,0.143851629490223,173.243243243243,48.2399226039741,44.2351914440719,172.319125045357,20.3220322005016,FAIL
4.58017783964123,8.20108415984703,4.66634905505119,5.83140350582236,0.0891290627915035,0.0260454691400072,188.648648648649,49.9679836731264,51.406555003808,164.193176704968,19.5336811321409,FAIL
5.31094754260039,6.89158917598058,3.22325653489482,6.40641242763593,0.098135461420632,0.0402688340640089,174.054054054054,48.6084886611028,43.5519426497394,170.763501767812,20.1371333014165,PASS
5.59789903551339,6.91826295460773,4.00120989328497,4.60450082499921,0.251414380847657,0.183813868715842,196.486486486486,49.5243366818799,59.0581530987144,124.766160469477,19.054604632581,FAIL
4.82764930554322,6.95568544686244,3.54693329922911,6.34841881735161,0.0714721740263251,0.0148989538065911,175.945945945946,48.8992764661839,44.0263342228823,171.324561372599,20.0211229670302,FAIL
4.52158177713323,7.90076410883182,4.25967336994987,5.17105554746651,0.099982160651109,0.0374952193776,196.216216216216,50.3276072160902,56.3170326361014,145.696621450668,19.1355527537807,FAIL
4.36297093732896,7.25914908100728,4.95123871091199,5.84800602143318,0.0737936043335731,0.0151573720363409,184.594594594595,49.671764023849,48.3316055063371,162.783633027621,19.6184424444758,FAIL
5.48577506236498,6.69231252055473,3.73237562268,4.53165256970427,0.229123963222051,0.163783861932638,196.756756756757,49.5117379069367,58.9446635136454,122.480256706375,19.0063253201658,FAIL
4.48767061438183,8.09422698439387,4.80773469367567,5.15710006033821,0.111877939100195,0.0481610278668552,197.027027027027,50.3986344403897,57.1303245140579,146.249620302709,19.1179487326971,FAIL
4.17765082866268,7.62182761000442,3.42397665630511,5.42600788219104,0.023811837805771,-0.0340728777822733,192.432432432432,50.3063306453429,52.8498049555713,152.098759003713,19.2336040247629,FAIL
5.62255582681436,6.44672352236752,4.9804580411729,5.35854483393476,0.23332527000641,0.170220720366265,183.783783783784,48.9934987730577,49.6992540029421,144.150154829722,19.6122132175944,FAIL
4.92171517098027,7.73306979996608,3.62309631655073,5.29416021415368,0.118088746512089,0.0547895614755005,192.702702702703,50.0204019055394,54.6172121101737,147.053891297042,19.2740712507055,PASS
5.58390184310807,7.80572825838246,4.49228394745663,5.64844832713218,0.206316919818361,0.138074935554199,186.486486486486,49.4427963247977,51.8942501420201,155.19037163562,19.622554681524,FAIL
5.24174751394296,6.79909426559138,4.80048757410814,4.69597181832888,0.233896687350879,0.169306169118752,195.675675675676,49.6558944997444,57.4476184040516,128.596225282334,19.0816591236269,FAIL
4.5907844827277,8.19596564006198,4.55471031238076,4.8515776823017,0.134812014920628,0.0696998548160842,201.351351351351,50.4695976924476,60.824869434879,137.285505714999,18.940890566818,FAIL
5.84876875440636,8.08285837447069,3.38643155650011,5.42963468507734,0.194839596027011,0.123537740580044,189.72972972973,49.5712594386997,54.723898496425,148.304170793682,19.471637830202,FAIL
4.58576331223441,7.76104613157329,3.46552210309205,5.86506008737113,0.054164590986772,-0.00559027225164632,186.486486486486,49.8359269322478,49.7581981920731,162.820815964099,19.5625800483508,FAIL
5.45585534323367,6.58331876727384,4.14924601046083,4.94406285142671,0.215845590680383,0.152412827419461,190.540540540541,49.3974239223277,53.9673370484283,133.832184539981,19.2777894931249,FAIL
4.17716521829397,6.7825859383967,4.99042693520268,4.50671212607106,0.111679251795242,0.0538179323215151,201.621621621622,50.2722659173689,59.3375142421811,126.254528998849,18.7955570733905,FAIL
4.63342401563485,7.79980633069874,3.51060762549429,5.12696172499418,0.0877814529102464,0.0259294457701679,196.216216216216,50.2784393860572,56.4083090339119,143.348852122252,19.1158963572031,FAIL
4.58799214173038,7.55520893684262,3.85225938281524,5.55744585610731,0.0800435553731901,0.0198456041490249,189.459459459459,49.9607986045148,51.6019624522263,154.747662000444,19.4047750357481,FAIL
5.83896300101672,6.4759859066406,3.85756526730123,4.72117400186739,0.257305974396951,0.190901700002131,191.891891891892,49.2044615752272,55.9470493812394,126.287019045419,19.2052810467721,FAIL
4.45308157455762,6.72920944006833,3.92544864775524,5.19195363150552,0.0871720222189308,0.0301985394244031,190.540540540541,49.9074251875109,51.9112783784966,143.486208506102,19.2439042344564,FAIL
5.53092161330973,7.99728080897521,4.27262019029707,5.01111952503264,0.234768497728902,0.163538811133386,195.675675675676,49.8487662733587,58.5666079260948,138.439547283952,19.1999233100698,FAIL
4.00306513334873,8.09901232869315,4.3495534276032,4.54105740094422,0.0581768422458762,-0.00245295015982472,207.297297297297,50.8009154551508,64.1307981197096,129.361023714309,18.667552733751,FAIL
4.669315824784,7.93183999092677,4.03197164647861,4.53887168750828,0.144781376899263,0.080159787572803,204.594594594595,50.3762312824694,63.6899216442862,127.173909954237,18.7817246689474,FAIL
4.63993555788596,7.31733871437472,4.10906858549301,5.51603928083762,0.0968293486863001,0.0368727533195726,188.648648648649,49.8567425303286,51.1852334366505,153.129268711438,19.4206200795429,FAIL
5.3344771252142,7.52325157431652,4.42576663708837,6.44150678687063,0.138713385259398,0.0764510930497982,176.486486486486,48.7756468021245,45.2454690246304,174.59449548333,20.1275871565376,PASS
5.83205833124093,7.16673915667655,3.57969354258697,5.05085158700974,0.223708562419348,0.155330132987484,190.810810810811,49.4214612387901,55.1909230181879,136.525228796083,19.3292545606088,FAIL
5.557270780229,7.17568652409305,4.70398165850673,6.20353737057545,0.177331482851641,0.114352645023872,177.027027027027,48.7207741662762,45.8067956130805,167.266624010468,20.0607583164115,FAIL
4.46649337525764,6.97910392238683,3.31053972627043,6.46531447061591,0.030012221750771,-0.0246189991727971,175.405405405405,48.9875687739749,43.3062284084903,174.871655907058,20.0240785579676,FAIL
5.66268856500335,7.59986470543718,3.82253686329728,4.84728304262269,0.23641089963472,0.16586791019932,195.945945945946,49.702720917242,58.9396075804093,132.446883729682,19.145977873387,FAIL
4.14527824362331,8.33751080354143,3.57098494334083,6.14857943903843,-0.00204312946905572,-0.0613399116939289,186.216216216216,50.0164537388213,49.2549668660528,172.514113183773,19.6103526583773,FAIL
5.72087954522802,7.46699503051148,4.30542660140175,6.42401058027217,0.171315918035972,0.107254562120336,175.675675675676,48.5848373735036,45.2628310581689,172.609779038023,20.1846970487353,FAIL
4.71680910459817,8.03046806343861,4.35700970109067,4.98362695242941,0.137739245474877,0.0728732576762172,198.648648648649,50.326104868688,58.777586491527,140.254108870919,19.0478457304585,FAIL
4.02021733224278,6.63407131030184,4.0570763181073,5.39168176626753,0.0373017577915586,-0.0172052122433175,188.378378378378,49.9420191962515,49.7234640287759,149.509431619302,19.3136027036676,FAIL
4.47220467676669,7.97560617877406,4.11144520636299,6.48261506948155,0.0423164422078514,-0.0171916225276645,180,49.3674040459419,46.0740389752088,179.388799221651,19.939832806916,FAIL
4.9750479664338,7.18589895040965,4.58946430407774,6.46220356099868,0.108246820241566,0.0491272682274916,175.405405405405,48.7601902124371,44.0825890822671,175.091081529759,20.1319815837468,PASS
4.57055497768052,7.2955313172106,4.76100263298659,6.09114216580891,0.0840522635336213,0.0250925382046729,181.081081081081,49.3704461676844,46.7377719238678,168.130550120798,19.8038090290569,FAIL
4.01628498582738,6.47454727833214,4.08934235917424,5.55242412681789,0.0351239209136895,-0.018586865806152,185.135135135135,49.7437158989739,47.8544547731232,153.076276348952,19.4389488883394,FAIL
4.46667098738232,7.149601279276,4.32169388371965,4.7489314366696,0.118486616138375,0.0584781319373422,198.918918918919,50.2346735992687,58.037837479155,132.667265911,18.9410737177789,FAIL
4.98132250523775,6.57704692213749,3.00778601831887,4.94147004069111,0.115500624903641,0.0569189889445559,192.162162162162,49.7175017754444,53.8071456968751,134.489967159931,19.1616752920766,PASS
5.28328715558269,7.53878481049899,4.12116755131234,4.56321662644181,0.227412633979296,0.159087493896326,200.540540540541,49.906764699381,62.0014147083889,125.644306105932,18.928499928467,FAIL
5.25217303772649,7.688414256169,4.09106666572759,6.19216882519049,0.130780221615113,0.0677552781311918,180.27027027027,49.1506042579606,47.3304676126563,169.242679892145,19.9160205751012,PASS
5.59748397927095,8.15394631829597,4.42248297475125,4.83476010453498,0.265114835383563,0.191455511592561,198.108108108108,49.877815083758,61.1316750465555,133.6225728721,19.097951116356,FAIL
5.82586411148869,7.94001831851733,3.67001397112548,6.28223248676832,0.163691852492381,0.0968287985504296,179.189189189189,48.9051093046591,47.5413040753973,169.911597273079,20.0272287845146,FAIL
5.68425854741687,6.80299070262958,4.53267493761982,5.57402227844653,0.215576975278614,0.151451298395393,182.702702702703,49.0198874794294,49.1978380483549,150.231020534192,19.7061477221673,FAIL
4.77774233007917,6.61653940724214,3.37046006758325,4.59363047366333,0.12908857119534,0.0702833119764092,197.837837837838,49.9003791874246,57.693626601805,125.825611455201,18.9238310425769,FAIL
4.91223057917694,8.27043215039004,4.06404193822371,4.55248045987386,0.179318250479389,0.11113749512974,204.864864864865,50.3086660173949,64.8837584278851,127.366747991209,18.8066806102541,FAIL
5.25172581435582,7.70456877417674,4.19257652945081,5.51342993944591,0.166427577905146,0.100886810422951,188.648648648649,49.6819910679258,52.6326178361862,152.269896534511,19.4839722000199,FAIL
4.13614737019803,6.68895127987691,4.75620453919915,5.48950238729224,0.0609496088078989,0.00508880784786736,186.756756756757,49.8102540430996,49.1621912892087,152.400881010009,19.4107610109051,FAIL
5.20647349438204,7.41029201294723,3.64847362606494,5.78130555791667,0.127535539989279,0.0652425384516389,184.324324324324,49.4292709341493,49.4467375917992,158.123691921612,19.6591159794663,PASS
4.06757112065177,6.52061820108684,4.78887465811538,5.273684938501,0.0625342404376358,0.00727468176992541,189.189189189189,49.9158477752446,50.3565439182033,146.542530562312,19.28073541363,FAIL
4.26333442458872,7.98685533235163,4.61904322652363,4.97828248505357,0.0849097252590812,0.0229743446543594,199.72972972973,50.561447288504,58.5739189377179,141.463940904359,18.9785921271842,FAIL
4.9485450419133,6.65496915665951,3.02485977671412,5.3178167755311,0.0976602653801238,0.0398757258762117,187.297297297297,49.5914139157418,50.5847312558666,144.663106478131,19.3834804478126,FAIL
4.42568927679653,7.97457807228104,3.01636971493354,6.19179910616889,0.0103288925588253,-0.0480051453696101,183.783783783784,49.746836361394,47.9448612849834,171.476392056072,19.700729457603,FAIL
5.64298877817888,7.80856936582911,4.53025647333558,6.03379456372161,0.192144158685797,0.125037617894063,181.891891891892,49.1139335106161,48.9060575228961,164.780568215367,19.8795728667728,FAIL
5.6412565259707,7.6079878025806,3.16688851468093,5.52696381846271,0.155666041855419,0.0892433607513473,187.297297297297,49.4862112987073,52.2398517726665,150.406259894525,19.5334736687464,PASS
5.06104635268191,7.48141467345659,3.75097994740338,6.08732269793733,0.105177682277466,0.0442211020907947,181.081081081081,49.2742125034862,47.3874242853232,166.406999994797,19.8274701116929,PASS
4.69458895846853,7.43367925239019,3.61502532929575,6.49823755968948,0.0538996205487364,-0.00378020592751172,176.756756756757,49.0409210227732,44.4817808504755,176.907315135348,20.0365920576127,FAIL
5.08951406659802,7.40659232001974,3.13524142565282,5.37401505784938,0.109579999973482,0.047539654553025,190,49.7965182731706,52.7826248074975,147.627792426695,19.3657115177464,PASS
4.34608997897586,6.48924207697658,3.37277711833799,5.29219483657248,0.057160423136168,0.00261153233295963,188.378378378378,49.8123390408327,50.0833418918092,145.328527995894,19.2990729741612,FAIL
4.3107365469541,7.74506766460307,3.36121167079334,6.24208222936745,0.0133202674373567,-0.0441340451126663,182.162162162162,49.636254903119,46.9321219209537,172.638565990705,19.7536024499693,FAIL
5.53579795436582,7.33524683194201,3.84086488872256,6.32623009367309,0.142551823370504,0.080343846490782,176.486486486486,48.7445732251877,45.4452336040719,170.174570439285,20.0874167287723,PASS
4.60780688153209,7.33967816850526,4.68789751226819,4.86445171610513,0.141192013796591,0.0792492099007617,197.567567567568,50.1886452317848,57.5353980716874,136.166637607638,19.0253736613002,FAIL
4.75848572012341,6.53739293949463,4.7468952644168,4.68859478149351,0.172144537252227,0.112276377701011,195.945945945946,49.8200189174,56.3322006130416,129.153453543258,19.0224485684539,FAIL
5.04208233829712,7.44395994819455,4.07494123258173,5.49822341657613,0.139932893958094,0.0770629244760016,188.378378378378,49.7086485137749,51.8492848481341,151.795182682833,19.4624922974883,PASS
5.10428544563223,6.7854786992338,3.82442315668872,4.91333147839832,0.167482763030965,0.105822297232465,192.972972972973,49.7071956492077,54.9773062126181,134.329690795222,19.169497339486,FAIL
4.35894335878506,7.73018549601291,4.20840323006483,4.56882101608938,0.1071150815795,0.0454923442162526,204.324324324324,50.5035897583506,62.4372845043853,128.707357739885,18.7662959747164,FAIL
5.96742132494329,6.88539858719537,3.52924711996154,6.076887273394,0.175919332336736,0.112856865497124,176.486486486486,48.5679457569295,45.7833080104632,161.178605755662,20.0410183678257,FAIL
4.07204549561114,6.57584592240824,4.57885447601844,4.62566864070016,0.0835107438289353,0.0275846190360768,198.918918918919,50.2323316775919,57.0235648770767,129.147351754195,18.8615904813873,FAIL
4.53583972501252,6.92833755844766,3.41046519749904,5.14781925171799,0.0784257835369375,0.0208356430295387,192.162162162162,50.0008205445143,53.0535727924942,142.257303568585,19.1919448259047,FAIL
4.04725605245181,6.82606681310599,4.93112379843694,4.72783862266384,0.0814964830481117,0.0244303755491733,198.648648648649,50.3286388597399,56.905011529221,132.849177704491,18.9028791973944,FAIL
4.47841854764918,6.84539434414677,4.30368349738117,6.3853919542138,0.059026737817089,0.00346117821803382,175.405405405405,48.9146121399741,43.4362888319384,173.221459624337,20.0333808971932,FAIL
5.75672964600119,6.65164727428568,3.13892952460768,4.57993612330321,0.217773987418724,0.151362657387135,195.135135135135,49.3628836366227,58.2377930124539,122.647766056212,19.0665282685476,FAIL
4.70240087336587,7.89831053465696,4.91011704525361,5.30359427560996,0.135625880715183,0.0714758089786913,193.783783783784,50.1437603429123,55.0826703542186,149.350128738646,19.2623171093148,FAIL
5.40080859109602,7.42877928438569,4.02045589794764,4.68592240266184,0.227041101069443,0.158808364378221,198.108108108108,49.8106557920818,60.0906781420384,128.552899745576,19.0265091474795,FAIL
5.20354310533223,6.42128121861963,4.78877619364751,4.61267960550154,0.232140800482633,0.169525219505508,195.135135135135,49.5262271067628,56.8077931006726,125.558459732452,19.0621946179056,FAIL
4.37598988085635,6.87065327962639,3.12916319638105,4.80612965110206,0.062584796501152,0.00603088140994534,197.297297297297,50.2072251364458,56.2350470035822,133.08983590614,18.9530553364657,FAIL
4.76714564032334,6.76055139424547,3.07307655713777,4.83061421977152,0.101265710391854,0.0428770745552668,195.135135135135,49.9406035020431,55.6295990587061,132.512931725891,19.04173978246,FAIL
4.15811177558095,8.03623537643929,3.36415413943828,6.19557076147849,-0.00434498372025682,-0.0622727542816788,184.324324324324,49.8676235753824,48.0575393530106,172.645840480914,19.6655106965376,FAIL
4.47075057045254,6.9074737673866,4.68175469589125,4.99076672322591,0.117931577741041,0.0588589267863648,194.324324324324,50.0470900748241,54.5409979726352,139.044587159286,19.12201399272,PASS
4.41748936519004,7.94852999485755,3.60174317279479,6.0623203023253,0.0341151980661267,-0.02528032268656,185.135135135135,49.8147228278782,48.8181333778844,168.798957838565,19.6437976998085,FAIL
5.78998335438173,6.774207463485,4.6721121211334,6.23678306522629,0.19421788077857,0.132172126494668,174.324324324324,48.3710644968324,44.3998118740845,165.736768202867,20.1788874206981,FAIL
5.46812456179325,7.23096398989603,3.94146931676709,5.78200466320438,0.164244724580707,0.100797702534563,182.702702702703,49.2042203936761,48.9324223004167,157.015935689894,19.7345069683331,FAIL
5.51132205366722,8.21529807984817,3.54961461685603,5.23063303885459,0.182116414517948,0.111941757540825,193.783783783784,49.875831961487,57.0016248216684,144.374356315726,19.289982082754,FAIL
5.54807115247299,7.67404529924424,3.09578955596258,5.08435054765203,0.165216875900223,0.0974666685779545,193.513513513514,49.7678035059582,56.6038214461824,138.976111088285,19.2402314532831,FAIL
5.09812003815196,8.20753681757093,4.41263029040146,6.4719893612504,0.11391327902537,0.0500458269300892,179.72972972973,49.1472172859237,46.9139106346939,178.3080024,20.0234172047325,PASS
4.78640990587827,7.52521055642775,3.57946148739047,4.97984187539464,0.116536722165927,0.0543112245859565,196.486486486486,50.1531968363599,56.989066396535,138.415824492468,19.0795315899838,FAIL
5.43106462989019,7.43413738001972,3.05119136372071,6.31150646939389,0.100133616620274,0.0390852231508813,177.567567567568,48.9181267689886,45.7722932744669,169.968021742916,20.0130370254346,FAIL
4.43995623372383,6.93633367875126,4.61089530997082,4.62751487768265,0.130776744818297,0.0712649194110925,199.72972972973,50.1811532191352,58.5860734946631,129.090248394096,18.8897681930658,FAIL
4.39024054540851,7.26026918954241,3.05195963492614,5.78220033179864,0.0269101266226748,-0.0294970109554591,185.675675675676,49.8224338861511,48.7568602726922,159.568532020635,19.5153876134159,FAIL
4.05093780026733,7.54012265562517,3.65456025019051,6.46640995010026,-0.00595979685958514,-0.0617012670762188,178.918918918919,49.4200724932811,44.8575681986232,178.082050463689,19.8926061263285,FAIL
5.37852237562,6.85131646807892,3.64353910463967,5.21810565963067,0.171188214862703,0.108550826972376,188.378378378378,49.4658886934822,52.3186626048224,141.676429563738,19.3926496144652,FAIL
5.65769487495525,7.00152275079216,4.1929319201535,5.53470036774151,0.204438294988569,0.139648461371238,184.324324324324,49.1669587520766,50.1827634725735,149.704329649341,19.6416082772487,FAIL
5.07543289016109,7.12626136224354,4.01701829777048,5.53250679451432,0.139962535197854,0.0784945561627763,186.486486486486,49.5380999994169,50.4942683121775,151.701697342043,19.522638222333,PASS
5.38107365125101,8.37560749223065,4.46906836237984,5.91594501176548,0.171387980148069,0.103015762876389,186.216216216216,49.5526756953877,51.42482975341,164.123598634576,19.6992567106334,FAIL
5.25177588712006,7.2895677574205,3.85565111296281,5.47599010615421,0.154631795167217,0.0913247309993331,187.567567567568,49.5604677070748,51.5577256237088,150.025757478707,19.4932031324871,PASS
4.89475623165176,7.63884146628316,4.72735466369598,5.82644806071133,0.128320531514473,0.0656607628737167,185.405405405405,49.5964408249006,49.7956426486764,161.691578175436,19.6442349165958,PASS
5.32821679106959,7.65768148313802,3.17120542214807,5.48914431041136,0.128499595395823,0.0639905626715729,188.918918918919,49.6915130928443,52.6626154474501,150.513212914062,19.4531090551182,PASS
4.79994382756452,6.93069400972986,4.81033541963729,6.1024771998625,0.109808302689078,0.0513484617979038,178.648648648649,49.064823002995,45.5806147081698,166.465364009961,19.9006900431219,PASS
4.26307819596155,6.75951427268604,3.00602971390825,6.39406874675049,0.00814777322625626,-0.0446145516633104,175.675675675676,49.0703198986955,43.0227337340455,172.705894496175,19.9575530669359,FAIL
4.2666752257596,7.55554416551755,4.20910282833256,6.07352787825695,0.0381737933555782,-0.0198948128146897,183.243243243243,49.6818294389167,47.56491438167,168.885101189936,19.6907347871175,FAIL
5.72628045916672,7.47475800008375,4.20096299933303,4.76876708549141,0.268277685597524,0.196942733729356,196.216216216216,49.6250163527493,59.3897905830345,130.099414948714,19.1298184201065,FAIL
4.29098871484508,7.34052379834156,4.45135118854124,5.98666874306608,0.0506169021395924,-0.00720107565770489,183.243243243243,49.6425306023571,47.5407789572884,166.241813512026,19.6719841708246,FAIL
4.69352662030586,6.51649687183638,3.83332563630427,5.44767148108792,0.100957642551974,0.0443123280665704,185.405405405405,49.516929783242,48.972603549667,148.742180500017,19.4709072905542,PASS
4.11368295688223,7.6560000809843,3.75677356483723,5.1610639974664,0.0351680035203273,-0.023341358590929,196.486486486486,50.4849252337265,55.4488240003521,145.494569208568,19.0692412396125,FAIL
5.24963337055199,7.06392389218281,4.79994784251202,6.07917146325923,0.155462124806534,0.0941543480516539,178.648648648649,48.9350750927784,46.2419806553167,164.997238847045,19.9428766774201,PASS
4.04925704185967,8.09497414209253,4.15518639528717,4.68608208666584,0.0526716799643725,-0.00792026006478719,205.135135135135,50.7770929063887,62.2743494878827,133.339413208163,18.7540423037612,FAIL
5.44913464836849,7.31306390430683,3.99045119238124,4.85742025177219,0.218248725764764,0.150914679185506,195.135135135135,49.7250837921156,57.6964611200602,132.981706550027,19.1461966806685,FAIL
5.6373180491283,7.99121041013178,3.64800536813497,5.09451503026636,0.209071191357279,0.138128810560391,194.324324324324,49.7838987033014,57.6629799934242,139.926535046949,19.2512737389578,FAIL
5.51317852390325,7.67482149470288,3.79616251270074,6.34969334292209,0.137963174196426,0.0744269741604399,177.837837837838,48.8857506606175,46.2754664901141,171.879159560867,20.0544615074753,PASS
5.96551649128627,7.75191604296573,3.94716829515706,4.72147799888183,0.289392706491452,0.214166308353126,197.027027027027,49.5738836429913,61.0585918065314,128.302359315776,19.1122854033025,FAIL
5.94283215169845,7.32951120534203,4.33503571411484,4.58099128819646,0.315008835309431,0.241203214824774,197.297297297297,49.4489922583846,61.123298980931,123.990439441987,19.0690766752425,FAIL
5.26821969392221,7.82081896213007,3.99005196483712,6.00359103876304,0.136872777732911,0.0726444213954807,183.243243243243,49.3654571184285,49.0649950108027,164.873120071314,19.7781497386688,PASS
4.71090974727247,7.53414211641091,4.00234683374353,6.05202618218961,0.080015300673593,0.0202213681403579,182.702702702703,49.486712482263,47.7354157251621,166.94310458458,19.7479209786197,FAIL
5.31189124802744,7.91667425944568,4.58377149504254,4.53270519334912,0.25779388178357,0.186628902733776,202.432432432432,49.9769793360524,63.9102237855532,125.552217203787,18.8966588147219,FAIL
5.45513054531839,7.65539156118071,4.66399720695728,4.8278374099693,0.252969787731169,0.182887216560369,196.756756756757,49.8197490947085,59.3456719840786,133.227207098954,19.1156090557392,FAIL
5.96539743491934,8.01649220770947,4.26056529926874,5.94725788753571,0.22047101784834,0.149938552176165,182.972972972973,49.1094846139216,50.2331480989548,161.867767714088,19.8473319545274,FAIL
4.48530540853316,7.78902517296069,4.21497675679097,4.52548560283855,0.127448315745221,0.0645903567922098,204.864864864865,50.4429698411945,63.2606832021952,127.211083186861,18.7580287687014,FAIL
5.95304757148702,8.22657263140713,3.95992089647355,5.71903494431473,0.220766089145997,0.148475419754056,186.486486486486,49.3643779714103,52.6829501175821,156.327136786024,19.67156493583,FAIL
4.60324154075022,7.92504492498141,3.66451957615569,4.98651823807838,0.0963903883142377,0.0337360611889699,198.648648648649,50.3771245086849,58.3164545112131,139.880230865686,19.0216194617387,FAIL
4.76521431577122,6.51794322463994,4.18402816852575,5.04158818304747,0.136972692132873,0.078588139854972,190.810810810811,49.7023037674098,52.5984256013207,138.281985433845,19.2327694843208,PASS
4.28560372315554,7.70026627382796,4.83883387229411,6.34846591041671,0.0439669478173724,-0.0148909805894668,180.540540540541,49.43620480507,46.1557056900654,176.479042688234,19.8771815958761,FAIL
4.65213730310535,8.26231359196182,3.8407799366289,5.67796534842897,0.0781864035626749,0.0151628046240376,190.810810810811,50.0981552018482,52.8394093246843,159.349390761823,19.4210132014704,FAIL
4.43859231260595,8.36437714840981,4.96036186679633,4.98522894703738,0.11766135492473,0.0527744303263409,200.810810810811,50.5626908477578,59.8756068959491,142.154538899802,18.9892862084186,FAIL
5.52314832042119,6.48052679787923,4.15370499186244,5.90166291396193,0.169646724884945,0.109842238111135,177.297297297297,48.6847721645878,45.6078540868872,157.395780944764,19.9292034514801,FAIL
5.06036045131765,7.3795141645505,3.47888318706275,5.26029924725246,0.128923346289553,0.0663292025901466,191.351351351351,49.8402514885672,53.7413268436016,144.880230346693,19.3055453698646,PASS
4.42973783860414,7.54675204898406,4.95387121992162,4.7758981963574,0.129113100449311,0.0670599846899236,200.27027027027,50.3773447129407,59.2740282214536,134.750668665259,18.9300211578967,FAIL
4.2173955722142,7.59899272915025,3.93270068968601,6.31455696708254,0.0197842264495889,-0.0374286908258152,180.810810810811,49.5108048390534,46.0365235342657,174.664604063853,19.8247151933403,FAIL
5.37698624438046,6.432372760789,3.36831909128104,6.09601381886573,0.121634045213551,0.064433924651389,175.135135135135,48.6167721489982,44.0807208145888,161.796069406812,20.0119878540676,PASS
5.78163826967993,6.97112949340377,4.59749980469244,6.25237335705656,0.191671838527799,0.128773811918642,175.135135135135,48.4688866642718,44.9036728226559,166.836720760463,20.1568452308084,FAIL
4.37841895861895,7.20074172655426,4.39776852262523,5.80163124851177,0.0659592271899302,0.00800781428413133,184.864864864865,49.7049576221567,48.4758564666801,160.974691973118,19.5815093767245,FAIL
4.26824260209013,7.82999879205241,4.80266347975006,5.79350185301295,0.0580389274196497,-0.00228404460579557,188.108108108108,50.0135743105093,50.5130881796353,163.217094465264,19.4984738468172,FAIL
4.2946153384782,7.04125752850007,3.96641417663433,6.07744329150524,0.0403074997479567,-0.0156104353446285,180.810810810811,49.4456183380273,45.9613203007198,167.031156856437,19.7537142670285,FAIL
5.91866426293227,7.35459771727924,4.01293259766827,5.66239992280892,0.217067482764727,0.149321982950866,183.783783783784,49.1043220523906,50.374405882213,152.937543110129,19.7212393654542,FAIL
5.51413315813461,7.9653686565115,3.44758199067973,4.81500821849979,0.201734844125512,0.131108138246889,198.108108108108,49.9075211702489,60.6131027692256,132.297378262709,19.0630940586222,FAIL
5.17249652627565,7.43808607299338,4.69539409635248,5.61591349959924,0.168241180127117,0.104209744803943,186.486486486486,49.5324891421988,50.892318185662,154.880074075439,19.577456228231,FAIL
4.51296427481,7.44756957042445,3.50921978523479,4.78111066440367,0.0909082521269899,0.030597323158317,199.72972972973,50.3312213400428,58.8047834523368,133.398953112145,18.920844104512,FAIL
4.05983484965533,7.78275450849994,4.1450814925981,5.55916830844433,0.0258186719114432,-0.0329178512537556,191.621621621622,50.3068854216621,52.2190013620718,156.904679105932,19.3025911643957,FAIL
4.38892467978223,7.30634318146835,3.41886817721033,5.45460811133592,0.0491848875164651,-0.00856436550584416,190,50.0554542153278,51.5865176419971,151.621461584256,19.3184215270857,FAIL
5.44906668067703,6.477739511601,4.25686251018191,6.07743139899707,0.158447523390668,0.0995490250110332,175.405405405405,48.5549439168776,44.4034609065503,161.778508388193,20.041142105788,PASS
5.93549638693231,6.42604734414249,4.81192857877387,6.3486346537535,0.203069525530369,0.142468905966476,170.810810810811,47.9728549758654,42.6533059457516,166.383051015742,20.3420313602866,FAIL
4.49854329886667,8.33277331605644,4.03746207078593,4.98167775072716,0.0963863614849637,0.0323808656768768,200.540540540541,50.5399326331376,59.7889559205129,141.015335313058,18.9791084513463,FAIL
4.44585197245024,7.30631241364169,4.94060197304545,4.75913297757268,0.132351568493355,0.0711311410952967,199.459459459459,50.2887175901447,58.5482762225598,133.757910844611,18.9433961501576,FAIL
4.32231365705352,6.4174135731279,4.32610270380828,4.79343327958036,0.102354791256258,0.0462206496275164,195.135135135135,49.9842261886874,54.5853755333426,132.629107618344,19.0177057711636,PASS
4.4010763965604,6.94627606519234,3.4335121362668,5.67657320853615,0.0480556038684659,-0.00798062248060727,185.405405405405,49.7290948508144,48.5614227254367,156.293236253762,19.5018326279822,FAIL
4.28387731917085,7.01533039825791,3.99137936891211,4.51719541585424,0.0961509881987948,0.0379687582663375,202.162162162162,50.3194286992494,60.1766266113769,126.069375320253,18.7766226563081,FAIL
5.08618140848476,7.18247350878521,4.10312449034468,5.80203531748282,0.131767596134949,0.0706878689616234,183.243243243243,49.3508878560548,48.5502445895457,158.683473713568,19.6943531691218,PASS
4.14212409101305,8.02216586610019,3.14374940636799,4.71137195893524,0.0250658242388612,-0.0342746235458008,204.324324324324,50.7265923547544,61.676783443689,132.8407681866,18.7637118591965,FAIL
5.96372263369142,7.5758422476547,3.65136100182016,6.48797528486882,0.16465466510423,0.0996490056846968,175.135135135135,48.4978865546445,45.1918655736803,173.156978805332,20.2292678455973,FAIL
4.84270201948594,6.92516675180231,4.71529492444449,5.69585421765045,0.128725548274154,0.069107951906009,183.783783783784,49.4116038930983,48.4876385758882,156.39860368319,19.6345854729164,PASS
4.00436104964766,8.11294967913731,3.01796137475752,6.11217628818304,-0.0308318647869539,-0.0879358797954741,186.216216216216,50.0696165793478,48.8190423983934,170.691969445748,19.5642700070832,FAIL
4.02556105425287,7.49359742213208,3.79426608689541,5.07706633456218,0.0300704749949493,-0.0275518627854545,197.027027027027,50.510678245117,55.6926603180442,143.091632623098,19.0196893398826,FAIL
5.03993887315989,7.30251629602875,4.81669401720021,4.59413240709776,0.219944830369849,0.154141084098261,200,49.9663962110653,60.6313507675403,127.315452257982,18.9409231621262,FAIL
4.71050492619782,6.8176515567503,3.37571214037069,4.91123189724171,0.105894125196365,0.047317175666248,194.324324324324,49.9580076244783,55.0105049443993,135.164310616507,19.085762609242,FAIL
4.23006877611518,7.0965138832893,4.24553574075154,4.91815334244228,0.0785536831013098,0.020493758237526,196.756756756757,50.2971586624244,55.9297535227904,137.801020720973,19.0071524919922,FAIL
4.88154278248962,7.02214806164599,4.7973852319903,6.23265601443539,0.112559301049303,0.053701920721462,177.297297297297,48.9440789239676,45.0224106875724,169.607864340872,19.9896872380968,PASS
4.15178028480866,7.22478017162139,4.81616437832281,4.68179335775457,0.0927243931247352,0.0336867292458402,201.081081081081,50.4411522696311,59.0405549674796,132.061461008708,18.8526706749766,FAIL
5.85718843060011,8.1585383952694,3.59964685745365,4.51163989411277,0.276764701208882,0.199649612074189,201.621621621622,49.7081214692671,65.2493396014331,122.889936985039,18.9356801760268,FAIL
5.9927912887008,7.56443930456876,3.5506171466561,5.63859210200092,0.203806947099483,0.134848395406914,184.864864864865,49.1885451442143,51.2503592528346,152.298579575105,19.6802502691134,FAIL
5.06938772547596,6.93064583646531,4.03606373653639,6.23208483921412,0.111617571472206,0.0531353175678141,176.756756756757,48.8518071999549,44.7519354422345,168.160685856222,20.0073157619066,PASS
5.94292708179966,8.13683380308979,3.10542495598618,4.96669339749952,0.213285222434416,0.138799122044024,195.675675675676,49.6999876253674,59.6019985009033,135.234846512665,19.1987553803812,FAIL
5.96618970016967,7.28823553432778,3.57176748125579,5.65413824339971,0.200366961170534,0.133155440960055,183.513513513514,49.0813049593227,50.2135921342343,152.103470902696,19.7162901876274,FAIL
5.80543051815705,7.20723306206581,3.91180671011094,4.5178463204594,0.280292732765707,0.208783407543998,198.108108108108,49.495720059065,61.3625113059413,122.152687285008,19.0095906870429,FAIL
5.96471479804003,8.19823557747927,3.90569572886744,4.50420216111535,0.312309052214267,0.233198145050469,201.351351351351,49.6410480780929,65.5465616200063,122.614459643109,18.9534100817494,FAIL
5.16291563366692,7.27062456512433,4.40909354483059,5.80213273858071,0.149089679848588,0.0868115277862235,183.243243243243,49.3342521009941,48.8616963756359,158.932523206672,19.7066524023406,PASS
4.24983636702973,7.21213253949574,3.02305814312597,4.87103237281261,0.0374926918946684,-0.0193452567668109,198.378378378378,50.3943246248092,56.8218545629719,135.756741017118,18.9356978441577,FAIL
5.53297109736176,6.68024914254104,3.89428589524957,5.2167765097295,0.19698889694698,0.133842842498785,187.297297297297,49.2930582112146,51.7440952628203,140.875623633491,19.4448936826497,FAIL
4.62914644270726,7.29516009640335,4.96748212004875,5.91759782692171,0.101156515541322,0.0412974624924249,183.243243243243,49.4940071693055,47.9875177399641,163.893468684319,19.7053798361599,PASS
5.98990659662815,6.66712618446813,3.03313176689768,5.98214066811228,0.156361109182448,0.0946140740209309,176.486486486486,48.5739977991306,45.7060339924076,157.896727318212,19.989126574287,PASS
4.37955956926831,7.11029640546713,3.56435499239764,5.32030501362584,0.0596459831611492,0.00224994879144169,191.081081081081,50.0554597864112,52.0938058433403,147.763058936144,19.2588213708211,FAIL
5.63375769491644,6.81650727211671,3.26555335453774,6.17441137056118,0.133385353835598,0.0733609193133529,175.675675675676,48.6279776882687,44.8419094988611,164.17078233393,20.0479324052908,PASS
5.36222962587719,6.88899472836474,4.28474023574805,4.62437680362646,0.235250885241056,0.169561936284047,196.756756756757,49.6434892830805,58.6533263481336,126.129372628699,19.037417901002,FAIL
5.42717861823506,8.3948895676293,4.4248603393192,6.41993636615776,0.150195566677885,0.0834064361495427,180.27027027027,49.1020113269764,47.8329976901846,176.533220091206,20.0250602392831,PASS
5.57004907684786,6.89815981989417,3.01388918619544,5.58677180368213,0.138796452572481,0.0769090113559414,183.513513513514,49.2061902745617,49.3319683579924,150.307362399681,19.6298814003142,PASS
5.99500867266548,7.6430927940406,3.53054930649326,5.71388727427599,0.199100924126652,0.130100499479439,184.324324324324,49.1690351756941,50.8874694739243,154.387905030849,19.7191453334964,FAIL
5.86842494868964,7.51537755617083,3.68785612191327,5.37245159373717,0.214864557046417,0.145678074836472,188.108108108108,49.385808896694,53.3721613663846,145.784597515606,19.5027553876575,FAIL
5.47716737728545,6.86881649235583,3.35484577841521,4.81447763307664,0.189250861640146,0.124697625854627,193.783783783784,49.5776587359144,56.4183187771198,130.449793138923,19.1482411247458,FAIL
5.45581225938127,7.75201177905437,3.09614088919241,5.89493612906146,0.118525358428696,0.0542944865250053,184.054054054054,49.3876912186137,49.6692456300035,160.689402180214,19.7147414568848,PASS
4.03812487950134,8.02250461548813,4.15662540222109,6.26618265321791,0.00221033471090848,-0.056191439165538,183.513513513514,49.8051913629985,47.5421023585268,175.407199785013,19.7208243035348,FAIL
4.31219259725449,7.48859191866933,3.77465247674064,5.27897885562227,0.05706913962619,-0.00177531019438526,193.513513513514,50.2597535262733,53.7843117594845,147.888710415701,19.1903583846607,FAIL
4.43256532838466,7.38779162121656,4.43284407063648,5.37280817948866,0.0876973555366491,0.0278849281995904,191.351351351351,50.0735713553776,52.6345950651488,150.381869610904,19.2975768982789,FAIL
5.81882350405304,7.30618210514773,3.85744039215133,5.49464821120026,0.209969474736284,0.142644966240487,185.945945945946,49.2535705477965,51.5793374729352,148.751770068886,19.5980555795522,FAIL
