L_fuse,Arw,Art,bw,SM_0,SM_dry,Max_Speed,ROC_Stall,Stall_Speed,Endurance_min,W_total,Result
5.25682836931357,8.5417495754435,5.26316665800883,6.00184895557825,0.177599298830326,0.108784582169327,185.945945945946,49.5727692221437,51.2385357307251,167.847554109216,19.7373518393792,FAIL
6.55656988089082,9.48801197334353,5.27245970558607,8.61964741008056,0.19301888064256,0.123757327051081,160.540540540541,46.4232116512527,39.3545118796303,223.976370983,21.6204641237546,FAIL
5.69814716959701,12.3143090715737,6.88069138139062,6.31918503477079,0.299114800008529,0.210288959917352,192.972972972973,49.8642268477659,58.451261529247,183.446489361199,19.7502249590837,FAIL
7.97445454850568,5.8376855446466,1.2517904126369,9.23261298811105,0.0394100283157364,-0.00927888118671971,138.378378378378,43.7503166949427,29.5563867689448,208.881834005476,22.7396314237647,FAIL
8.84921323778433,11.6349586767083,6.42274196778813,3.30906065383765,1.42762101873844,1.21584192353912,208.648648648649,44.1506557546202,105.510996907551,81.2792376143685,18.6772201170688,FAIL
3.35505674494369,2.56031252769849,1.83981854656395,7.94909918192795,0.0314356618607067,0.0042005003977334,120.810810810811,43.2657981869665,22.6474679528495,170.292478617291,22.5659869109565,FAIL
3.04312762969849,10.1107713181903,3.8444644560304,8.95550761602851,-0.167723895804857,-0.224588379735717,164.864864864865,47.7393895139083,38.6135527411526,234.571826357968,21.0837484060325,FAIL
8.83706346871358,8.53831137813389,9.03503549790653,7.00172894800047,0.559363326278624,0.465090138983701,167.297297297297,46.7379910852556,45.3958943476968,180.622800677356,21.0932707392674,FAIL
1.56151787957304,9.38998605559852,8.15450730481133,3.84021911920627,-0.46545529101709,-0.522103489117454,224.054054054054,50.6213214617048,79.8521375653314,96.9018734549825,17.8522241139714,FAIL
4.71869117223344,11.7384092267616,4.22122468592829,2.07363971129268,0.573251182897491,0.484860594868298,240.27027027027,33.9588724323714,163.555926614192,49.3677548396604,17.4687609703509,FAIL
7.95441322061461,3.44397963339363,9.20376019639025,6.1850667159327,0.368996173217056,0.319046121941046,147.837837837838,43.8003791824787,32.9871780264132,137.322482359346,21.5471931752273,FAIL
7.48763090900165,11.4414844638576,9.33737185472652,4.87837366203684,0.830207531923887,0.703730663573531,199.72972972973,49.0601790991654,72.1489091218793,135.457433791047,19.3018733427117,FAIL
6.43807980613149,8.02676725615569,3.69131294729578,4.92332593761772,0.310479699564737,0.230110869946208,194.054054054054,49.3664790788913,59.8456344580443,132.704161934561,19.2802930725723,FAIL
3.54687511741589,6.51818616221751,3.61139806576601,8.96150026339061,-0.0555011291002492,-0.101323655293822,148.108108108108,45.7523706325091,31.521213716419,219.27424722521,21.8229129829677,FAIL
1.62567015509785,5.60164938570697,4.65510207501791,5.80111264835136,-0.200669436814158,-0.248634419395381,175.945945945946,43.7990291226623,42.5024754380707,98.9552732853773,19.3467179192287,FAIL
2.94412579487067,10.4023347698723,9.41146454814919,9.33780433332326,-0.165154124228623,-0.226659536880511,161.891891891892,47.085806177348,37.9272907124147,252.833991904037,21.4948553889348,FAIL
5.30230126806703,12.1262297630572,2.66793733185279,6.95885197694196,0.019512384850521,-0.0559195497402614,187.567567567568,49.696659981259,52.9504041187355,195.309769331466,19.9599815949257,FAIL
5.11781719437539,3.55133646870389,3.74312333235443,4.36066662023591,0.198086207878971,0.153109264567582,179.459459459459,47.1808536142651,44.9756524937462,108.942386237672,19.3081680088791,FAIL
6.44705576087904,6.51885911832244,4.33857499304923,9.94793871348361,0.117893971197854,0.0692586008349004,137.297297297297,43.1356620550574,29.3019312359435,225.727224032784,23.2358877812816,PASS
9.21204506061868,12.035039099035,6.17623219208933,5.35729851960693,0.876504342041375,0.720150016534775,190.810810810811,48.1241928590994,68.2175494895024,141.541751886174,19.7837489082499,FAIL
1.04953085889971,1.67777758599058,6.37066369505434,2.68685237124956,-0.0932230262548947,-0.123057416623745,184.864864864865,41.8312556890132,48.4230804447867,61.7329230145171,17.9858191805728,FAIL
9.43474918541405,4.8153032691625,8.48131608580877,1.80035378089272,1.87430731617331,1.69203217819476,202.162162162162,31.5492011172005,123.399725279693,35.9416041426148,18.2722751183479,FAIL
8.73786877370776,11.3562632431011,2.70218583812481,6.13289104519043,0.339162927848029,0.217629875192535,184.054054054054,48.3282114014888,58.3515453722154,160.218271716444,20.1035125801699,FAIL
3.42620158206034,2.99438228345929,3.68995402666718,9.21952350522099,0.0240032581274484,-0.0047447265918063,117.567567567568,41.3569782924039,21.7122265083142,183.66712527163,23.8556142370727,FAIL
8.71890212126358,2.93115544884332,3.64257312832575,9.32754802425011,0.205805450858089,0.17376314395282,114.324324324324,39.0434840200167,21.749286573504,165.389488554724,25.0298554634046,FAIL
5.83898388153897,3.56138743867402,8.59297391500617,4.39461571865514,0.338258576096992,0.287246614134033,176.756756756757,46.5899691644403,45.0036422407508,108.620111506618,19.5789811449062,FAIL
8.96573132126887,7.37018636048608,5.25487157446397,2.25738729768215,1.48525657145434,1.28653725842158,208.648648648649,37.2132823893689,121.877590198131,48.9825384383378,18.3085342040961,FAIL
1.94281064149038,10.6698737586986,8.98356106206061,5.87585839052144,-0.346597595885796,-0.412391357930794,201.081081081081,51.4998043242124,57.3669121446441,167.033509413383,18.9835959740038,FAIL
5.35800883629596,2.02985126735502,1.54727678370235,3.23752322960934,0.183397104876634,0.149589104327015,180.810810810811,42.8767314883565,45.2329683168322,74.2399045998349,18.8340587136949,FAIL
4.20537683570386,11.6710593067115,6.20439562197394,2.00152572686135,0.565863493586147,0.492804593484026,244.324324324324,33.4207492267665,168.477432276412,48.655621629546,17.36871629699,FAIL
3.27619050011442,9.73257942427574,3.21255760186172,10.3796174508349,-0.145675203978742,-0.197699459896717,151.351351351351,45.6275455020162,33.5208836474925,253.84229216001,22.1736827595015,FAIL
4.19263757049692,11.5062282461814,9.63861617113411,10.0652624680524,-0.0330312880647333,-0.097854328524263,158.378378378378,45.9796512218949,37.5346134947261,271.061210288887,22.1132865779161,FAIL
6.4336342291502,4.07074400898947,2.65502552562678,2.93307512727653,0.377599156835997,0.314319503272895,203.513513513514,45.3628837861118,69.9539647476525,70.3661588741338,18.4361156348346,FAIL
7.70880269471086,5.92146003167216,3.00761237775742,7.73329255564619,0.190650537774741,0.13291698610382,151.351351351351,45.3857617957848,34.7094995167056,184.18338296939,21.6904696261629,FAIL
5.03756702597586,8.48600908891934,8.35672132906267,9.56977715246398,0.0688666101991131,0.0114075651858921,150.27027027027,45.1310292895908,34.0890753858398,242.617981752625,22.3564464840452,FAIL
8.97523136363069,4.96456480310574,2.82626734832608,1.98835912981242,0.9535270616073,0.799255738301388,204.864864864865,35.4267655524063,113.376892066237,40.6436012875866,18.2486079549707,FAIL
8.69843504596272,10.4336107562242,2.01877368073899,10.1749204495976,0.0872262636178038,0.0136290612573918,149.189189189189,44.314029226431,35.8891501642869,242.658485373659,22.7837883496528,FAIL
8.21781587083229,2.26790104387294,7.31557512835628,8.70108083191668,0.239504390357664,0.211188871769421,110.810810810811,37.8347541875969,20.6745136633554,144.577795234349,25.436952793152,FAIL
3.81771443231475,8.28621407653305,2.04659177344244,2.24158854866584,-0.0537177388759216,-0.103413951759203,241.081081081081,42.6515523929869,127.002236011026,55.3946648461786,17.4361484514402,FAIL
2.88863777397339,3.09250402597026,8.90549537443451,5.05062565162988,0.0258760930794967,-0.0138772153824909,165.945945945946,46.7643076280348,36.6895501407838,125.939385071754,19.7941580770877,FAIL
7.13258761021402,8.61157628951067,3.52453972418369,8.94914137277313,0.157172018824709,0.0924616972044184,153.783783783784,45.5553640115689,36.4364433846773,222.074736775504,22.0102114534835,PASS
8.86568146292946,4.57972763362279,4.62161510721132,8.8229138935925,0.256855033361293,0.208843378724111,131.891891891892,42.0086864863338,27.806768688058,184.384056989558,23.4292104655307,FAIL
1.44942078702606,2.4628414519285,3.84110601270648,9.63002671735631,-0.0322666365070638,-0.0572639058348938,106.756756756757,39.6310923450194,19.159883499625,162.781281744307,24.6420271440068,FAIL
6.18477779675473,3.27823224740093,1.72245947824986,6.42201443541258,0.111801101683374,0.0736666176088568,146.756756756757,44.9140493165135,30.6698732748562,146.680914724334,21.0959444841999,PASS
8.50147993140474,2.9673284693409,9.1261524562759,5.0250503826402,0.475998195381403,0.422524293198936,156.486486486486,43.7595277903293,37.0172345620164,111.142303794719,20.7871683562818,FAIL
1.99219519242336,4.73410601769815,9.37153500083085,2.41084154965208,-0.160243070869319,-0.19996460539749,231.891891891892,46.4810074004758,89.2521419730716,63.0002614340014,17.4344730350367,FAIL
7.69056285451931,6.09549695279313,3.61156284409226,3.91863602013987,0.498325407021262,0.407978904350529,194.864864864865,47.6363143541688,65.129495826219,98.1937551670421,19.0497087645433,FAIL
9.92548781835033,4.86407435316729,3.26669274200743,5.5032232040165,0.410962610971254,0.331577445378232,164.054054054054,45.7566311445906,43.1087195306083,128.081591622112,20.627019085769,FAIL
9.01014034708425,2.24502430228916,3.84105091713242,9.77308526173631,0.209109722599718,0.184019645167115,103.243243243243,36.33811020306,18.7499623147128,150.812462126449,26.6633860721402,FAIL
3.48947084788804,8.26123828255392,5.42594621325823,6.05785180550807,-0.0428849255354814,-0.101910024087355,188.108108108108,50.3030167813796,49.6286647225327,173.154633119526,19.5042608214037,FAIL
3.96359875699601,1.57013939837989,6.54550273792877,10.3471100894078,0.0836665687501515,0.066981544524802,80.8108108108108,32.6816737113809,15.4130920305129,122.094216755866,28.8769715953888,FAIL
6.42515148019376,7.02262740587908,5.4456790279919,3.38967659118824,0.59992169437521,0.511157965215754,209.72972972973,47.8022309027898,79.6583620914872,87.7697828961174,18.5076731043563,FAIL
6.74691182707301,9.51493737735617,3.26375878450113,7.39273582399751,0.173611593744948,0.098644888415237,171.621621621622,47.932780297027,44.9817355874405,196.189673472133,20.7180573426939,FAIL
6.3570417997593,7.32955240435424,1.77978772355144,10.4012350731146,0.0121112664384513,-0.0356120973804983,138.648648648649,43.5999038941608,29.6242008572196,239.356654883275,23.0918022960321,FAIL
1.70355339610958,2.37399346262819,1.13967246241339,10.0882362000743,0.00669654457973315,-0.0151043263417044,101.891891891892,39.5274055352937,17.9643885973585,160.057776455842,24.6631202975285,FAIL
5.93290008393301,8.06546128099204,1.11481951263297,6.44217137948396,-0.0581546948867864,-0.120104877312369,178.378378378378,49.1434732919024,46.663203655172,173.875472129079,19.9736122819595,FAIL
5.55286375914738,10.2337110609318,5.58218715540956,8.32113540579581,0.12323146085622,0.0544465851290014,167.297297297297,47.4800123515194,41.8735619172863,225.341467284343,21.1487163119836,PASS
9.81080571138834,11.4465785032546,3.92440563576774,6.4455637271264,0.555044535170945,0.418193002064897,178.648648648649,47.5480557261878,56.2890025815891,165.605726192635,20.5005448015717,FAIL
8.65724328458572,9.36130954784709,7.59691285851835,9.97266651816528,0.345807413682413,0.272177751190944,146.486486486486,43.6049732468738,34.947179419398,238.985571172846,23.1303615093749,FAIL
7.05915704301242,6.77215907681421,4.08836742076687,9.31501024576684,0.158507063485774,0.104613476836724,142.702702702703,43.995640137561,31.535135092103,217.288666520271,22.7143905320323,PASS
4.07755469763965,5.25583329133435,3.01483166841222,2.11098120159716,0.204568767032652,0.15790495243937,232.972972972973,42.5336572132949,107.695296235968,51.1418444764017,17.5304391168297,FAIL
9.43752927851822,4.70125834154196,9.29675432313113,3.49383486482008,0.960095796026818,0.853020973642897,187.837837837838,45.2423395311965,64.5742952762569,81.9036979037484,19.3011042366937,FAIL
5.05986820095418,3.92885017164072,5.28203741591163,3.94260806828937,0.259115585665682,0.209560228103073,190,47.6172377043111,51.8468159972689,100.755961833474,18.9591167566015,FAIL
4.18370244432032,5.40018915562783,6.91364133749927,4.01686028968229,0.178534371665042,0.124342462767948,201.621621621622,49.4720037083156,59.2084300149422,110.0109182291,18.6725549442433,FAIL
1.53981975196482,5.45884321488632,3.36242406290265,5.28513636695882,-0.209688377067888,-0.255705857761138,167.297297297297,-19.5383264851199,45.5832940959768,53.0674890286017,18.9537592901426,FAIL
2.79969175722371,10.0000922266985,2.19790252588588,4.57983491079703,-0.252762174718258,-0.306931090139508,217.297297297297,51.6681113917876,70.006569308755,128.565327950265,18.3250600374684,FAIL
3.82525419479219,11.0678747825544,5.93573194855111,2.01007013376598,0.348841977209395,0.288747416761945,246.216216216216,35.4330636386544,163.134368856363,49.3999309439808,17.3189393993347,FAIL
8.31457195603186,8.64902474708092,2.05467157754171,4.01501434345674,0.332551098253807,0.207212610800589,199.72972972973,47.7595921455361,75.602257371606,100.697090718328,18.9910406204704,FAIL
5.77640281871425,9.45500255747991,8.43719713922461,3.56474325504574,0.658084839168303,0.562476645660833,217.297297297297,48.7050716357058,87.6421096965256,97.8266611245401,18.403171855458,FAIL
9.30326437588715,5.44199312679499,1.34244891681846,7.34001945795683,0.096520119483341,0.0343074247489551,150.540540540541,45.2045936484314,34.9847407324422,170.644526334564,21.6006055862275,FAIL
8.36015360969862,6.03160253204946,8.24499117560673,3.36179668935849,0.956787881924969,0.843046612947114,198.648648648649,46.210005115258,75.2204878287126,82.3292491239497,18.899688259923,FAIL
3.80056766460697,10.9986601482672,6.2806221356818,8.26625945162426,-0.0665497618900889,-0.131622815584437,173.243243243243,48.5249414751802,43.2729477199476,232.505632672148,20.7387900871957,FAIL
7.79507194215116,1.70825950238971,6.7802188316332,7.73599572946215,0.236332702551726,0.21147468060329,110,37.6131418994286,20.0188051340084,124.351977729793,25.0280535597506,FAIL
3.08961714236456,4.59524165661695,2.85046492903639,9.08844734718265,-0.0401424174494726,-0.0768593754102563,134.324324324324,44.2236853277343,26.4678793981977,204.590468070952,22.4481990225305,FAIL
1.8577217875348,3.49777340083045,7.8677059715622,3.43372314909037,-0.101042721317332,-0.141719685376874,201.081081081081,48.0318446790399,55.0284554670539,89.2115302420288,18.1964095270406,FAIL
1.4217542317887,3.36482495051416,4.93428019557913,7.8140964105693,-0.0939880378855217,-0.129094582981723,132.162162162162,44.9764572975268,25.9592480844141,178.070404072062,21.7997466607681,FAIL
4.92992199738762,5.05988516131655,5.37365173811288,1.59883248645654,0.734489538751773,0.671361518903711,229.72972972973,32.6259787419704,139.177006810589,35.0736242959689,17.4450583427632,FAIL
1.48472418844615,5.33022719630649,7.92070402750763,7.02910450677679,-0.195293051595508,-0.243400400527655,151.081081081081,44.7068732526487,35.1446952045092,142.088209570073,20.4101415314082,FAIL
6.2553571134804,9.15031098718839,5.5916412733805,6.6866929478631,0.264308004451333,0.188204014107824,178.378378378378,48.6330383705239,48.2662484962259,183.122918293598,20.2929960292225,FAIL
9.69077798685438,3.0217861349947,7.97878539491293,7.70637036792506,0.353692287433562,0.311433429781985,126.756756756757,40.5690984089469,25.9743411580909,147.791722204516,23.6372683373623,FAIL
2.06421761107595,9.74980561613535,4.00156874968583,7.59042157490292,-0.274887497917721,-0.332635261298386,177.567567567568,49.2227458301269,43.6123041000839,185.157995340036,20.0366944343697,FAIL
4.57941668566232,2.86869450243036,6.54981980937366,8.66861948020871,0.087533556340522,0.0570029148959003,120.540540540541,40.9627803929735,22.6040654769345,168.444787601414,23.8594740028988,PASS
6.29755834058483,7.61229637827344,2.62785976519535,6.10375974797269,0.145142960224366,0.0773830114931155,178.918918918919,48.7846089082044,47.8575482848693,162.435522563028,19.9826112420752,PASS
9.68274114648184,7.42012304488865,5.98923011118314,3.24432353397441,1.17615768071765,1.00674985813101,198.648648648649,44.784885078634,86.5193952030054,76.4192835490301,18.929377427804,FAIL
3.4258761910131,11.6246157759778,1.92704530840086,3.15240662833089,-0.25414264524823,-0.308666130305185,239.189189189189,48.5303496204412,107.741083605321,84.5942070333762,17.6905244897007,FAIL
3.18768719682183,9.5912230469821,3.19533702940527,5.20308383114046,-0.141255119836953,-0.199742461022954,205.945945945946,51.4351106930361,61.0871729212085,149.496677247438,18.7767266166825,FAIL
3.38248232870287,6.57265579449924,4.45837065077368,3.37910009711082,0.0279373547633669,-0.0227849926026676,221.621621621622,49.8183809651427,76.2884987254572,93.3431049548635,18.0240148103987,FAIL
1.69648709006942,11.7495245829278,5.69871912550324,4.02220165840001,-0.53076656256774,-0.58866780245015,228.918918918919,50.9830840491487,85.2832874124504,102.548908910399,17.8528446844345,FAIL
4.75227628943768,4.31042891193309,5.72163270667866,5.15220939453963,0.164441039775278,0.116188004607504,174.324324324324,47.8552197497106,42.382306646581,132.699884196952,19.7200438406872,FAIL
5.9823693178647,4.37784940404525,8.13083030167121,1.78701669322055,1.00523606808101,0.926957310259786,220.540540540541,36.2777354224167,116.833060370331,39.471371709213,17.7500704370673,FAIL
7.1256292303238,10.9984565943363,9.9260977017875,8.67085894912985,0.34733341068764,0.264661605519901,163.783783783784,46.3932655947987,42.1906758883859,232.440826987434,21.6919021849408,FAIL
6.85607140766304,7.28609199678749,3.5865797687274,2.38580630427496,0.781949135670778,0.664847616110344,219.189189189189,41.5495651536626,113.778219831597,55.6079765390707,18.0287724066901,FAIL
6.30899265110147,11.4574825312102,4.34091517260556,4.0573404097396,0.520931106478638,0.411663831187361,213.513513513514,49.0398578291352,85.2685055760662,110.218423432873,18.6227222604069,FAIL
3.00460761877873,1.98448704708072,9.08410040204893,3.29472242061583,0.111207960801678,0.0776624061573347,182.432432432432,43.6412574444628,43.8656446713399,78.6331302450389,18.7633595497265,PASS
7.42842503879236,9.44490906236059,3.06034484483941,7.69532115837252,0.19368229177872,0.116060739996708,167.297297297297,47.28952048222,43.3792746495455,199.683104398794,21.0325758563382,FAIL
7.85873055741822,5.25059743698084,3.21020676649916,3.50880250947706,0.507941905686229,0.419559331134235,195.945945945946,46.6081808260583,67.2441686090918,85.1279106391625,18.9012513998596,FAIL
3.2212925768104,9.43950063304314,8.23928402722887,8.49140610489184,-0.111576501561844,-0.171801803504172,165.945945945946,47.8362499208716,39.3051727147913,233.246084601427,21.0369025649916,FAIL
2.46167054968545,5.21891107066098,1.27630132000028,1.81484749186281,-0.282182133127498,-0.306412958229874,243.243243243243,39.3490204963192,123.299864305988,42.1854400919724,17.1040022849355,FAIL
5.32000084195614,1.66460967373748,8.89168492587571,7.60525346548339,0.151535528991418,0.127845382711561,111.081081081081,38.275523506139,19.9472227403215,126.661666880776,24.6463164101898,FAIL
8.3737667092826,3.5551606442457,5.11310239052697,5.54073112139858,0.381142135847405,0.3262309287652,156.486486486486,44.7622268711152,36.8009927183418,125.758151074084,20.8480847244482,FAIL
3.05984017330337,2.61942404604706,6.26083410582494,6.7091896831734,0.031686763943284,-0.0010108885600435,136.756756756757,44.0092721793289,26.5621263955786,147.866422486991,21.6138524783048,FAIL
7.68591706693853,9.90015488395455,5.74847110768561,4.72262964563762,0.670809948602719,0.553704538506574,197.567567567568,48.8239254774705,69.2977489592375,126.536615789788,19.2857360160516,FAIL
4.05859670694287,11.3203235280185,7.066644969359,4.43176374667137,0.135029776538802,0.0609979691122282,218.648648648649,51.1147120840867,77.3066199146421,131.298149995714,18.4841679563572,FAIL
8.73474007943224,9.13865715940709,9.27492083467236,6.97035579124657,0.581200031868798,0.482633386749534,169.72972972973,47.017033647717,47.0537415455941,182.395574386517,20.9839869575127,FAIL
3.85705767469996,6.99395185380928,8.76394363508497,1.57035307978757,0.567472079912049,0.516900997153064,241.351351351351,30.1314990143582,165.524166715952,36.1121596647179,17.2213414398627,FAIL
6.28662071192714,10.7367167220913,2.35656538087362,4.51892517867481,0.199518148142163,0.103912185277328,207.297297297297,49.691783250571,74.5442893501955,122.552286020159,18.840817299304,FAIL
2.87128259225202,6.96998977864182,8.27163848370701,1.70441035685697,0.0578015252219322,0.0224721822132774,247.297297297297,35.8893050987122,151.803755872706,41.1632384745947,17.1219567454855,FAIL
9.6855309072347,5.21189550695342,6.28219371699819,4.14530309271961,0.770127592681159,0.665859406286651,181.891891891892,46.177125335318,57.8437490736231,98.6770186564236,19.6653609377315,FAIL
2.15109188599936,1.41894628801815,2.63492571136112,3.93796996150297,0.040039464086625,0.0147401070219188,NaN,-1165.98598926963,31.5432316058093,0.747106014930296,19.3848919865855,FAIL
2.11475556790528,9.52012665846377,8.28212390261115,6.30537130521709,-0.271014611359465,-0.333614729217255,191.351351351351,50.8483007912685,50.9896502792193,178.594811807349,19.3559658083278,FAIL
9.10976953786319,2.42607067297121,1.83807848862127,6.87840256714333,0.200400975257669,0.164654616078685,128.918918918919,41.6922748969021,25.4946192360736,133.983973254568,22.5964890784318,FAIL
7.9783161419612,10.8110605294394,8.40610241785889,4.15189282517086,1.02484173110683,0.879626190943402,203.783783783784,48.0511308719129,81.7735030586593,110.63177680267,19.0073402548947,FAIL
7.17112823149009,2.77854268209335,6.87091625857351,3.95542042560751,0.452352379213891,0.40145318962462,172.972972972973,44.4043087758957,44.2470750533652,90.835219396061,19.6521259705763,FAIL
9.61038359766748,5.96818448036567,6.24421437501746,7.81412280699393,0.404876340150732,0.335459907717841,147.837837837838,44.1902836783874,34.9290289172725,179.924249307839,22.2517116335487,FAIL
3.58936395873558,2.87602123703873,8.75506966805342,4.26671985291628,0.118146231889309,0.0783007326584779,175.675675675676,46.5190631811717,41.3804415503627,106.29202923472,19.3222894505371,PASS
8.56388738911577,7.3697600513029,2.43461947792842,5.06310221208175,0.321824914463141,0.223795203543782,183.783783783784,48.0351372039538,56.4000244219978,128.025177669291,19.7247178557666,FAIL
1.64792462321356,2.96029688132986,6.62509218043447,1.94082360089093,-0.143693857130504,-0.174104374691784,227.297297297297,40.1457641089403,87.1954013433868,45.308207931159,17.2463103784812,FAIL
1.94272120611862,3.61981283021784,5.99776733902916,6.43546637514739,-0.0805736276837657,-0.119995443623022,147.837837837838,45.6569361530868,31.7203776664774,150.000238947577,20.5221476959793,FAIL
4.72448045040762,5.61038202303715,3.74130565166846,10.2353901870144,0.0225767678317918,-0.0177242925445054,131.351351351351,42.7658900171758,26.5451556529894,225.335135741334,23.4562779183336,FAIL
8.49411901684089,9.8340205695005,2.5602426806715,1.65181452916655,1.29109539404983,0.993505276281005,210.810810810811,11.1466740171167,190.256642196252,31.7514129339993,17.9037201424247,FAIL
2.56110594887689,6.21136028751441,2.19138953213556,8.6586889738211,-0.120665245332846,-0.163592514836941,149.72972972973,46.266699869349,31.4993415148493,201.711737555928,21.3497445305518,FAIL
7.52395478031104,2.3761454555084,1.65311786990689,1.68085551824509,0.519742921161827,0.450800868143434,202.702702702703,31.0329667688551,92.2148072413288,33.0569252168921,18.0244178037737,FAIL
5.15709317649433,2.78560297531258,7.75208870575448,7.29821910122926,0.14179913024542,0.1076578482814,131.621621621622,42.4989108000867,25.7307145615803,151.217094590558,22.5678634320609,PASS
8.28230046881323,6.84631282707915,9.83921350738542,5.0344409716884,0.678630270923372,0.582953997586718,182.162162162162,47.7879732801912,54.8810300845365,130.38767203177,19.8775314579458,FAIL
5.48940825521539,5.46902726604946,3.28600553756659,4.29237846953557,0.217440648957442,0.158729657610377,194.054054054054,48.89244990516,56.2115453120969,113.083685869584,18.976195691192,FAIL
8.27198126800029,4.97983498317847,5.42495859145555,10.1961916358496,0.214824524749215,0.170998124359312,124.864864864865,40.6387863912861,25.6705176094686,205.465018838637,24.5246293464762,FAIL
1.06861012489537,4.22850016289852,9.1548449118928,5.39545253820657,-0.215379166943783,-0.261809370231863,169.189189189189,49.5742735476346,39.7291551927897,150.473687027403,19.3713655224018,FAIL
5.76068023760185,4.04413326378533,5.81898745086195,5.37655003255628,0.238839888798689,0.189400440519791,167.027027027027,46.8394641805203,39.7543977399167,133.155613392441,20.1383764981737,FAIL
6.98549874333703,8.47171351401365,6.13387601755309,7.8940405917702,0.270471749977983,0.199343791321717,162.432432432432,46.6738559914582,40.3510403609102,204.704269280715,21.3505514501576,FAIL
2.58033226803865,1.93203203066747,9.94089246902034,9.35246202615812,0.0238972497885227,0.00163347927804691,63.5135135135135,31.5139147386053,18.0126130476544,65.1164989112459,26.1856402952916,FAIL
7.7475385112795,10.3739856383596,8.58739465809945,9.46870454077037,0.334230228931896,0.256529355136691,154.594594594595,44.9723836855681,38.1630339176978,240.780259869851,22.4384807439638,FAIL
7.15981448611693,5.8446947255073,9.64512125909132,8.67378015160121,0.252761875086889,0.198331145594649,142.432432432432,43.6709297585538,31.4682138357427,201.301986152987,22.72329712754,FAIL
7.12899518708716,11.5956506536984,4.8540591844523,5.94059153136761,0.436382399573824,0.332494729323864,191.081081081081,49.239068521389,60.3702361738689,164.055751150277,19.7734379132403,FAIL
5.0705906418399,1.52329262905829,9.47779628465033,8.54442831981199,0.131621407928454,0.111546751647422,100.540540540541,35.7448579665389,17.6135327930654,126.679864966509,26.5062200810174,FAIL
9.65394345395391,7.08591727517427,8.71124596621687,7.28977632824702,0.535857824187074,0.450354497257477,157.567567567568,45.4036414329382,40.2571585958681,177.47039452909,21.6665986953994,FAIL
2.4349098331102,7.59802990311858,9.50962146826478,10.3673154963702,-0.160042420086362,-0.209757950762543,141.621621621622,44.1878604939775,30.064803978523,242.69292265554,22.7940007917764,FAIL
4.67620815609858,11.849534346485,6.36558984608024,4.58644734804258,0.246873617681931,0.164903069448476,215.405405405405,50.8066510959562,76.74158265592,134.248073287919,18.6373953261286,FAIL
9.75825735386441,6.37097797383054,3.58340782228085,5.04055228520534,0.515240074635658,0.411271569182535,177.027027027027,46.9525953629402,53.1106452074845,122.511420267494,20.0532825598996,FAIL
9.85270504405885,2.73776846957155,4.57834121889712,7.9652637324063,0.294312869062286,0.256842486615096,121.891891891892,40.0306596122719,24.0909221294032,146.317600374873,23.9763254061372,FAIL
7.4765465700669,8.91101260761339,5.66276747441923,2.20191621405766,1.41881583818417,1.24741090727038,218.918918918919,36.2883856507979,136.271789724159,49.7919880026724,18.0118621418872,FAIL
6.14541563315161,5.58418836349918,8.09496250009001,8.11308185162341,0.188423364829755,0.136727242649747,147.027027027027,44.7510727412759,32.4179037415563,194.08693951491,22.0827769866185,FAIL
1.38749520532032,7.69248295837508,3.91575199018302,5.26794280212318,-0.340879452250642,-0.394144566847689,194.864864864865,-563.201887434573,53.8751095125118,19.5797889195933,18.6665502990819,FAIL
2.72827350980481,3.60337187805791,5.34285857570231,3.65454946383752,0.00797972511937745,-0.032364913388769,197.837837837838,48.3047890772564,52.8196803078765,96.345867599884,18.434115937155,FAIL
2.53122955256318,11.6711269802905,7.12868355515886,8.3264085549085,-0.248634298838791,-0.313771517113585,176.486486486486,49.0511623377674,44.0051303039165,231.054646702145,20.5060228062588,FAIL
5.28398039968574,11.7808951113679,7.05727221916571,5.78676440388927,0.27201607049419,0.186880483207274,198.648648648649,50.3509966068224,61.8853207002599,169.456940890983,19.4062123404229,FAIL
2.60345503481277,8.73900761927253,4.75648320002578,2.67296670783488,-0.202301952426185,-0.247097234807763,242.432432432432,47.5573138940066,109.419512363133,71.6912872574981,17.449649387402,FAIL
7.14398718178911,7.56171999219725,9.06974482896956,3.86914738031579,0.771405659430608,0.669471179348494,202.432432432432,48.2592171054527,73.1715078112639,102.179295750779,18.895837131455,FAIL
6.23473114354811,7.70353856126755,1.60318366566567,7.58434514540482,0.0130837086882396,-0.0458142641247367,164.054054054054,47.546119662426,39.5910728629086,196.172332055561,20.8647233913337,FAIL
1.06670983553107,7.74403455917135,7.86456009049342,4.66460624456953,-0.445438601752198,-0.502922561681083,201.081081081081,52.1762006483288,60.4786800554144,137.494517500477,18.3205909664064,FAIL
8.43764206217172,10.2313838763957,1.94230675117761,2.07657167889292,0.673911602049938,0.425364849058339,214.324324324324,28.8372446307145,155.011187699444,43.2900929275226,18.0533472415762,FAIL
2.86652003618389,4.29540937031327,5.39521720580325,8.40866512161744,-0.0380551257796964,-0.0766403372877017,137.567567567568,44.5038320184465,27.4703109497033,192.204973593332,22.1436331761082,FAIL
9.90846453362115,5.28157594217654,4.43844938440385,10.2407281061084,0.260626111900028,0.211243944254824,125.405405405405,40.4419164364593,26.3785307206886,204.233901389383,24.6304031335899,FAIL
5.17241869635762,6.86738435846221,2.47064460826363,2.02965194735361,0.353895234987477,0.280268012723877,231.081081081081,39.1446944465764,128.291035151005,47.136581577005,17.6001584379689,FAIL
5.42957173230318,3.21329094790937,8.11720947855441,3.76157473885617,0.342940485319884,0.294702542083849,185.135135135135,46.1809873800633,49.3309221755934,92.6387017077252,19.1029299059311,FAIL
2.66772865427804,4.77739830208297,8.87813496044714,2.33602946452583,0.0175251735906099,-0.0232104052753033,233.243243243243,45.8296857803212,92.6990530575211,61.0056754113942,17.4979814261084,FAIL
6.73029113331851,3.15407892294151,1.78752037444427,8.35673859675009,0.107448901955509,0.0746720836731687,125.945945945946,42.2983868677873,24.1862830696722,170.128351881564,23.0893398148268,PASS
5.80393038433697,9.18935104238335,2.08776853266773,4.91155089993016,0.0938405935619258,0.0171996599323231,200.540540540541,50.0577329033569,63.782138018342,134.656967775112,19.0380637149271,FAIL
6.27453850017396,8.2341522026118,3.35645096703793,8.2760167991517,0.114173244309151,0.0524717235359347,159.459459459459,46.6292033667266,38.0042735041647,211.530583673851,21.4171106571157,PASS
9.78850506915332,5.32527358094241,8.84060296292181,2.23403262583751,1.66801182788215,1.49028519199282,201.081081081081,38.1374169972523,105.324994305951,47.4518755302905,18.5341281300007,FAIL
8.91078001091288,9.71771095934225,4.64486888291351,7.02930631869,0.450237980757701,0.348983277740381,171.081081081081,47.2190185882884,47.995421871847,181.258251215974,20.8801090124239,FAIL
7.07657706688444,10.8329328124805,7.68502875817642,9.16707492186752,0.282013069455991,0.204767775095515,159.459459459459,45.8365929246521,39.891967737473,239.735960445365,22.0068865387966,FAIL
5.40577546837558,2.41776401583206,4.82058325092354,3.75109555969931,0.279260734645522,0.239700858697582,175.945945945946,44.4081267451385,43.0968772870995,87.4823240350574,19.2693083692938,FAIL
6.47290043010651,10.8448822336785,7.3528889094239,7.36094575985865,0.314587598405062,0.23086627506031,176.486486486486,48.2498410214504,48.1458806716349,204.441602265249,20.6458533957952,FAIL
8.06717349759002,5.97165893267024,2.01190591998307,8.71951833781476,0.116001537604856,0.0625669829957138,142.702702702703,44.204012590568,31.4346017155827,199.823939181506,22.4273568666326,PASS
4.09821290072875,9.13205875800426,6.84521970818643,1.50602064265088,0.702927951929165,0.642131420795035,241.081081081081,20.0331236318116,197.045808582443,33.490691858222,17.1909441264278,FAIL
3.35634968543689,3.96456243032503,8.452160645591,6.11083976599746,0.0293123039441104,-0.0139947315366729,159.72972972973,46.8926234806936,34.8879781913164,153.49373810943,20.4376195077206,FAIL
4.39212798232318,8.4975566937615,2.48231984592892,6.70571431691866,-0.0326130090226727,-0.0905260494292695,180,49.5113225248259,45.9737427957373,184.662948288588,19.9382905932247,FAIL
6.1409649025641,6.21879727910291,3.40364369103415,7.72546850631344,0.125857670966081,0.0723092184328299,154.864864864865,46.2329654547319,35.3418234909883,191.38155842724,21.3694494831888,PASS
9.77693207901998,11.3606782128936,7.05909450782479,6.780291622352,0.733486927753367,0.60123788203799,175.405405405405,47.2519532225382,53.6725050894526,177.318003156724,20.7810933751311,FAIL
4.78211265570934,7.31441820504105,4.39068832220308,2.56580678333785,0.398351911924733,0.330340472971321,229.459459459459,45.4606568134681,105.310634040743,65.3304123767978,17.7944569723536,FAIL
9.7281512144565,9.72507062487184,6.06067487711163,9.77457859916934,0.397744073927193,0.314734319842434,147.837837837838,43.6912603639519,36.2699197401892,232.085493440428,23.0392684774279,FAIL
2.38743725074676,5.15821775747377,5.31456292355161,3.94692105892548,-0.0990601021608293,-0.144963430495616,205.405405405405,50.1412568901865,58.3499361132876,108.456337980525,18.3303244527507,FAIL
8.85711737285888,6.11581830785498,7.75759229823729,9.5063429958291,0.31316083772363,0.25611626959288,135.675675675676,42.169811600705,29.9393264230516,208.467736977337,23.6117735715545,FAIL
3.10621285652027,10.2332763623825,9.65258683411042,2.96762524408246,0.0135949859702353,-0.0451782016842175,240,48.7052085629319,107.277881745254,84.6235755679261,17.6561481278679,FAIL
6.83948296385859,8.17959857838237,2.96560409629942,10.3818869370776,0.085557606221024,0.0310804511016559,141.621621621622,43.6405070821044,31.3649510144327,242.069624744059,23.1090451078711,FAIL
7.22316698980576,8.37289006147584,4.8373137618362,9.06377667565662,0.205832404260346,0.141229772686544,151.621621621622,45.1235582529771,35.6499400369726,223.408061473868,22.2296582073938,FAIL
9.6132986073255,11.9206053093229,5.43664973068316,8.48856217762873,0.495748815447793,0.386477181568165,163.513513513514,45.9281606126068,44.9597956976046,216.086813923337,21.7816508272732,FAIL
4.16186633474538,11.2148790779089,6.70875800499996,6.75666937081645,0.0248539179608772,-0.0462208078815668,189.189189189189,50.1164432938134,52.2647644286203,198.307005167152,19.8226133017835,FAIL
7.60295337058139,5.2440197492191,8.56486864451373,2.11009173624065,1.30612372926042,1.18588204766286,212.162162162162,38.9811882761648,109.444054275625,46.9683750142274,18.1298776961732,FAIL
2.289587343198,5.767201318113,1.6109104414824,8.424313311068,-0.123591681950808,-0.16424755141176,146.756756756757,45.5024389984456,31.0552466173965,177.779828298116,21.1566084248908,FAIL
4.62747330092004,6.82089396145218,4.89764654601226,7.62445625002946,0.0521115361524992,-0.00126090373456988,161.081081081081,47.2851042013614,37.159617434706,198.625431074465,20.979305052684,FAIL
2.34692993877572,8.18899256748164,6.82175487407795,9.8426896675175,-0.18323450331165,-0.234937690020419,148.918918918919,45.4825630134531,32.3601580890312,233.654814927997,22.0846515307684,FAIL
1.59296864654201,11.829981421629,1.43583103781981,3.0340783960736,-0.733430382374339,-0.77129607588296,238.918918918919,43.2223460369956,111.748664339021,51.8116823213638,17.3231310026756,FAIL
5.78335596633549,2.95486442998844,3.30044309793031,9.51873505294805,0.106012252836403,0.0774446090988371,114.864864864865,39.9438710068537,21.226370560691,176.525083112257,24.6288750095972,FAIL
7.47840849743001,5.78548538134763,1.36456132107327,10.2720922343711,0.0370032382839902,-0.00620681020755071,130.810810810811,42.5267686967622,26.9259994459341,222.910725147011,23.5718603332567,FAIL
7.1607427455294,6.28950650212196,8.30890853375114,9.69438430242825,0.214768196805927,0.16257963591624,136.756756756757,42.6510403875486,29.6637917086941,218.655564817953,23.4395566761885,FAIL
2.83209267877112,7.82241795366059,9.61667229890547,3.97226269597573,-0.0713013064515733,-0.129042882919256,218.108108108108,51.2099690636096,71.2153242218969,116.772779446261,18.2370249642217,FAIL
4.19362033251674,11.7359521484784,6.01969910663664,7.17537711087976,0.00352991196196939,-0.0675861489210438,186.216216216216,49.8086152783717,50.6099109354407,208.866260898243,20.031545221704,FAIL
8.40989982618828,11.2437036468996,4.58799523881222,5.61696540168469,0.589318773509378,0.463354075935083,189.459459459459,48.5884645920451,62.9354717009776,149.580903375619,19.8133204901243,FAIL
5.30635008116081,5.80153670663555,8.59615999453313,4.56728955508055,0.313828023272679,0.250829629599412,191.891891891892,49.0680671832831,54.7163789954003,123.861255998522,19.1902626647086,FAIL
5.00785688899992,6.97028395769779,4.12551712993736,10.3462921316452,0.0251320563760808,-0.0211769650474083,137.837837837838,43.4703056049305,29.0855888379047,238.953386114882,23.1604448959845,FAIL
7.10083262878902,3.48338194692769,3.20880064168265,2.37380984851057,0.594220149332355,0.522722475510503,205.135135135135,41.4789849494786,79.6235816741776,53.0345871823718,18.2829533316626,FAIL
6.7951285941296,12.1040839564761,7.07495800649559,6.42109853526637,0.453773140922012,0.353744588817594,188.108108108108,49.16489535011,57.4053487966667,181.609350247004,20.0107624165202,FAIL
6.32442951640275,9.1283283955064,2.04465394144893,2.372652695956,0.375496518557438,0.257486016705903,225.405405405405,40.342701151713,127.493936677401,55.5422649695731,17.8701551987218,FAIL
6.62372433293586,11.1435234369975,2.23322336075417,7.39317190904717,0.0749545149445499,-0.00491046848251808,177.297297297297,48.5085033682712,48.4114502006499,199.207123031721,20.4930895363778,FAIL
8.31104705372943,7.45008500249358,4.72319807739194,4.0027098285888,0.697926466707444,0.582504022008109,196.486486486486,47.6299665958204,70.6112941431044,100.990061190172,19.1147007688158,FAIL
7.06334116080731,8.08141213944049,6.65564299833389,2.83836606185505,1.00686312827837,0.883714503282142,215.675675675676,44.8307283576389,101.421768751198,70.3172784650304,18.2803324414959,FAIL
1.49496040593279,2.79371379773257,4.61254293359019,6.20985735784147,-0.0719138110400903,-0.106298821070076,141.621621621622,45.9990352603948,28.9328147433974,143.93233185691,20.5984661757921,FAIL
2.78789002014648,6.52491123437146,7.82566208060434,5.2025886183993,-0.0793043046022242,-0.133567350845075,192.162162162162,50.49426692529,50.7949593193114,148.263625261692,19.0799737505872,FAIL
8.50464762539408,6.41547292591964,9.21442238459906,2.37612537965314,1.50864660479269,1.35152845918213,208.648648648649,40.4034175706554,108.168256951036,53.8061593770806,18.3561613529853,FAIL
9.27325223826302,8.22683056129777,3.95170969443112,3.56083308051987,0.855409503604438,0.69693451245195,199.459459459459,46.0429317480438,83.0860410689619,85.8678765576529,18.9670148874274,FAIL
5.34635149660002,2.43954187761976,9.28930151912594,5.10613204752411,0.230287021261952,0.192327957512773,153.243243243243,43.7924427365461,32.90364250697,114.310349175458,20.6269936911778,FAIL
4.99506858779764,2.13773607931768,5.8217074761235,6.4863831215426,0.147041463701018,0.116898520193675,131.351351351351,42.2504782427981,25.1276396515296,130.869676727776,22.1527002730113,PASS
3.34618060084803,11.4049032061995,1.108659826968,8.02776288038687,-0.246847758136279,-0.302292135850318,178.918918918919,49.4892608479876,44.7780345248169,213.15104795722,20.1975967010003,FAIL
8.70871557813781,7.15355817527933,6.33381394497194,5.96280233983228,0.52957400586348,0.439075214710216,172.432432432432,47.2683137779017,48.0707255552438,151.541180790167,20.4744498715409,FAIL
1.54831777861741,8.4350493920309,3.88507335786823,10.4381159359357,-0.251422167407988,-0.300534581168298,141.351351351351,43.0770996763172,31.043355107105,176.494630875098,22.1904486141209,FAIL
3.13687869055434,8.5256837456241,2.64026003838547,4.32392423884911,-0.139904494893188,-0.19333463216558,215.135135135135,51.2963909435471,68.4868699070144,122.275235301715,18.3363860038167,FAIL
5.9023185484849,4.91843147853699,1.92750913170428,8.34676409325601,0.0576974382831562,0.0155611667739712,141.621621621622,44.6860318941593,29.5537700875188,193.364631621098,22.0550277073493,FAIL
8.72611737691978,4.26300886129197,7.41679495928753,5.61802004956446,0.474648540109493,0.409518825816245,160.540540540541,45.3589150890568,39.7131704669226,131.490569784881,20.8157291425981,FAIL
5.64182819553934,4.99459822364486,4.57559964117637,6.1501052416204,0.176549542243042,0.124902191923675,164.864864864865,47.2492156421398,38.8957959908876,155.497230058752,20.4240581375628,FAIL
5.82392782666403,12.1033953871364,9.92337130842779,8.73651552755473,0.210136346694906,0.13141185615303,168.648648648649,47.199293425254,43.6166101089094,243.675711862615,21.3867738789517,FAIL
3.1167320918795,11.7910166648237,1.32947673931071,5.32082575263999,-0.308962596226647,-0.366013791399817,212.162162162162,51.74440921581,65.9956540835678,149.10919620027,18.6427368556394,FAIL
4.55244091897598,7.92843233142039,9.47300630437173,6.45167432590262,0.120940414363418,0.0567435254277758,179.189189189189,49.131333719839,46.3074225205964,182.081531528542,20.0692406548334,PASS
3.34212528314293,8.59229632134643,5.88501208037191,8.34881170729215,-0.0917266667071324,-0.148008632907705,163.783783783784,47.7303602358365,38.1171309080472,223.916905126148,21.0112876379184,FAIL
7.12820027967544,7.05326055119026,4.85627500740388,9.10400278481382,0.189183189032279,0.132063333784599,145.675675675676,44.3677687855541,32.7941596241888,216.295451085618,22.5289018577952,FAIL
7.67707586871821,7.17785664120965,2.1352364242664,2.4783984595052,0.526571986809682,0.392269904752377,213.783783783784,41.626570649996,109.180914525085,56.4866349401271,18.1849918294791,FAIL
4.8643469844831,6.43567071527914,8.5665169453333,9.62103639082941,0.061786132319347,0.0133215837928307,140.27027027027,43.7338131979019,29.8946756788211,227.204749437168,22.9144673287053,FAIL
6.76361701937022,9.96168139214542,2.75612277656253,7.6530005529408,0.129125308467938,0.0541612086903632,170.810810810811,47.8311224066265,44.5676342062483,202.516172568177,20.818152133336,PASS
7.40280440211952,9.73081166431304,8.13653395814227,7.55252411124237,0.395427491535762,0.310791901020757,169.189189189189,47.2595335849811,44.8999521917422,202.13530670436,21.0668258417581,FAIL
2.07704268239087,9.23900727464972,4.37070434371471,3.57584230045948,-0.345657130784413,-0.396197542721496,230.540540540541,50.8061655625942,84.8754147925206,97.4156263352278,17.7732725000952,FAIL
7.97829170376338,6.27028184034141,7.46875026396807,10.2475745933116,0.238934851656486,0.187333355531532,132.162162162162,41.6321757209759,28.3922060887354,221.679529340047,24.0671999380373,FAIL
8.67444442834698,4.75837396455227,9.49525606849799,9.97045416766055,0.277075073704289,0.231814232206936,124.324324324324,40.1611455516221,25.7751615728803,198.457967099234,24.742653832187,FAIL
5.13215221402964,10.0103330774581,4.91884301834301,6.38697449959181,0.138638765053461,0.0664342513977139,187.297297297297,49.7406042561945,52.2277731754723,181.15127695284,19.816047240883,PASS
6.92931210378039,7.32623712460595,1.35177176924508,3.72051198612143,0.0901429109671539,0.00129381307178189,205.135135135135,48.2705634654072,74.4257816475979,95.2289239105787,18.657069436114,FAIL
6.77430126139546,3.32975078039664,8.7026466241676,5.38886937866203,0.333767542443192,0.28523002605892,158.108108108108,45.0303757990156,36.447881892125,125.342010937718,20.6538181303125,FAIL
9.56115609515232,8.14548511968773,6.6533255795852,9.24307996388364,0.392775415043756,0.317091712139278,146.216216216216,43.6962159662801,35.0042195981598,216.702753885388,22.9102294782951,FAIL
9.25682090591327,7.47119347573428,8.37702089735219,5.61290559975054,0.696806302532893,0.59147374366778,175.945945945946,47.2921660705327,52.0028094686331,143.046809408619,20.3287783887461,FAIL
9.72970806756408,1.46446490970868,1.84005686532773,9.54562988881327,0.185140290992619,0.167143877013408,92.7027027027027,34.0788397784697,15.8508876800554,127.965335028952,27.8682414285769,FAIL
8.79151298879393,5.85644859576977,3.91470688933798,3.5976649745541,0.674486011508794,0.564186746316062,194.054054054054,46.3757573866108,69.5606330666281,86.4253122939219,19.063661861603,FAIL
3.14697239173403,11.9221296080929,6.5776851350894,2.01454452296055,0.0207208964886931,-0.0245528199096101,251.351351351351,35.4329367169835,168.372319359408,50.3803334721684,17.2033673933949,FAIL
7.34090413545962,4.31946143296047,2.22827310281212,7.33085660705093,0.147249539811357,0.100992499170709,145.135135135135,44.6573819401466,31.2844421028619,167.178288514939,21.7074521280441,PASS
5.19701276567556,4.0656806504273,9.52704449695265,5.77738038673153,0.203199843495329,0.154855079567948,162.432432432432,46.535276517472,37.3947753428593,143.429627581911,20.4655157415029,FAIL
5.05311682652841,9.97380017190487,5.3887174822395,2.58972968052821,0.599599748653219,0.511478853678339,232.972972972973,43.9863114293459,121.78244010628,66.3100095528629,17.778279222948,FAIL
8.2524834831123,3.47432761216192,4.95679195715796,6.06694734977069,0.33413734749612,0.283809476789613,149.72972972973,44.1571424006236,33.592602283033,134.873226288162,21.3122427709478,FAIL
5.50703571145005,8.27692126125653,9.33484496660627,1.57715988383409,1.45903036442853,1.34828449278235,230.540540540541,22.8558350169041,180.527763459883,34.5016011269402,17.4599420408186,FAIL
9.84780658215893,3.57627919956407,4.1988411449446,10.3710853943253,0.2340654095735,0.198477867144655,112.702702702703,38.1417501954864,21.9685494653867,181.220414982516,25.8756901749811,FAIL
5.34901166717287,3.24760189931834,9.6275024375055,10.2903294685386,0.106669796825797,0.0766394773301502,111.891891891892,38.351482840387,21.0543864313401,183.616230811056,25.7663633349784,FAIL
3.74035410505242,8.72983015972577,2.39523338655459,5.36055512154506,-0.0858860812419396,-0.143109446691999,199.459459459459,50.9589075613047,56.8870506028896,151.85676409019,18.9894657805868,FAIL
5.90342985720199,3.83161905339423,9.50760522501887,5.68125637533349,0.264630988508081,0.215608601307704,160.540540540541,45.9485851726887,37.0249665874846,137.62625931521,20.5858107656668,FAIL
5.20977944140884,2.23643557454678,3.60114799844673,8.96131784472341,0.107178182995881,0.0826472538384509,110,39.1462258508107,19.6979631828758,157.397152584819,24.8371744492471,FAIL
6.40230383621186,4.72909775577606,2.2528973902927,4.84676803219905,0.184739059996259,0.128673629535239,179.189189189189,47.8748362000363,46.9880142527687,122.506739817596,19.5511602638671,FAIL
4.42708748511507,11.9411831141292,8.93751388708136,3.32544655207458,0.427328725145061,0.344190424692079,231.891891891892,48.5993734827396,104.385318513567,94.548354054187,17.988858326812,FAIL
1.79097740217688,6.43904328820938,2.09954243300057,8.7601288656704,-0.174037970939774,-0.217571485442453,111.891891891892,7.6591714508469,31.6018679523712,117.061489364869,21.2176522489218,FAIL
2.29364956482715,3.94313214175001,7.36253652473374,8.50859857196591,-0.0644629485583296,-0.101953200226268,132.432432432432,43.7699369180111,26.1856003108375,186.816313769602,22.442538611094,FAIL
7.19362150800433,2.70204607043208,7.00011029127277,6.15385366790841,0.285747479986991,0.245846447192987,141.081081081081,42.7037752970064,29.5000133481896,130.036871221691,21.7429355936649,FAIL
1.45038753259388,11.398337768624,9.02686786074618,2.55059929928685,-0.801156207613198,-0.844998828390932,243.513513513514,43.7678388001979,129.884638408433,58.5419386184125,17.1644820597965,FAIL
4.82196134986443,8.06221070172451,4.42275291321204,3.76698253867084,0.248162480158952,0.17924135426845,215.405405405405,49.7654317448312,76.5355847828418,103.793513673621,18.37943065098,FAIL
7.97012254403246,12.0390999141995,5.83448484145265,8.4910251118112,0.37841816979122,0.284881884427869,167.027027027027,46.6644844079952,44.8781131615597,224.384524707165,21.5014418783845,FAIL
2.22657147041525,4.82512228115644,2.90846616418649,8.08147082608506,-0.0967590579238854,-0.136507164627337,143.513513513514,45.3958289290022,29.7212233112183,180.34997601949,21.3146414104729,FAIL
8.6460372476511,6.88798056200837,7.02503702731802,5.37082600735853,0.60411000534779,0.509538487981279,177.837837837838,47.5372401747027,51.9035877870396,136.950246038016,20.1120891697691,FAIL
3.02976019127601,4.68175639996847,9.95302968700313,8.87924336522035,-0.0376376348142369,-0.0789389131977671,136.216216216216,43.7908168129952,27.4709016188991,202.463474628505,22.6548456289993,FAIL
3.81902932071203,11.7013243883711,7.31933568516754,9.25831367015785,-0.0782531262342971,-0.143668969337319,166.216216216216,47.3898700663081,40.4579213426571,255.710335625403,21.3750956761504,FAIL
1.99570504052106,3.94081332183897,5.27675221458278,9.76213179126328,-0.0747889886771202,-0.108659758099454,90.2702702702703,42.5068658598418,23.3635059338533,216.394433699755,23.5316116061287,FAIL
6.40774509482976,4.19731878180761,4.98893271444433,2.97678641509741,0.537143002184529,0.470738517583734,203.513513513514,45.6284618637828,70.0962719251764,72.325418120587,18.492064973962,FAIL
6.30179801418294,7.16628931148101,7.71468933616406,2.80315402323469,0.844073893766478,0.746768422199844,217.837837837838,45.6851752740892,96.4624852448593,70.8309401460824,18.1881552757865,FAIL
8.17797480076308,3.20118663169911,2.97074992506288,1.67307531154924,0.928945918732622,0.825945626721226,203.513513513514,31.2211514411596,107.659663235704,32.7264605209128,18.0675054650703,FAIL
7.79361939771428,5.96156033119875,4.61227621501218,8.80132569274642,0.221437673075892,0.167052720941238,141.891891891892,43.7363590923787,31.2923632673723,201.095624014462,22.6821982410907,FAIL
1.31416607051212,8.95436094236652,3.28532806529668,4.29068256189077,-0.466547698663307,-0.518830328936178,NaN,-161.598402522188,70.0832402783644,12.900181245532,18.0019144852629,FAIL
5.35565777017673,10.5047042609812,4.91749546257341,4.33969560371304,0.332603651111385,0.247336408370893,212.432432432432,50.1560646477406,76.4053743314918,122.223055652977,18.6575535048534,FAIL
7.34515558230018,7.32181024043174,2.18236667156133,8.35071683449973,0.101818957514776,0.0415671359729317,153.513513513514,45.8099865927203,35.7714051219095,204.418020204493,21.7256720423012,PASS
4.70419576903281,9.75566676032832,2.4472560954327,7.47427054249179,-0.0374218580250379,-0.0989607472265959,175.945945945946,48.9609114344253,44.6488451672044,204.542647904727,20.350416653583,FAIL
1.88729837746357,9.88817279592783,1.20282662196577,4.08908460993862,-0.4432328158691,-0.488864763198479,224.594594594595,49.7173623788887,77.0432710308502,89.307354071046,17.8927769266237,FAIL
7.35297668638334,10.3341180491855,7.49069399945727,8.92428234497314,0.308126262027455,0.230228835756273,159.459459459459,45.8705874919514,39.9612108954074,231.832707139713,21.9392935440021,FAIL
9.00037915480343,5.18065239147931,5.25519214233187,7.55689555223867,0.339755240276825,0.279025184836217,146.486486486486,44.1722774684118,33.547763624301,171.89717115658,22.1157518763102,FAIL
1.99166247002052,2.90976047594378,8.55072855850573,5.04554860774012,-0.0505882450024491,-0.0890257244565872,162.702702702703,46.5469403656341,35.5440147178416,124.415837942115,19.7044665806359,FAIL
8.47371129402823,1.63689965858327,9.77114884995541,2.45500197869829,0.804181760265246,0.751343638730388,180,35.677920275506,53.9019411837961,49.2395896636861,19.0705237475921,FAIL
7.44259157151957,11.921031433256,8.52403206116211,5.08221180332063,0.780597567000467,0.655057822954363,198.918918918919,49.1497194799666,70.8281171196495,141.690655101126,19.3764965532086,FAIL
8.03463840780799,6.58676353176805,3.93689397639007,3.64544456638216,0.626992751601147,0.520818753461641,198.918918918919,47.1387641428933,72.5162477460578,90.3025809576379,18.9134931731295,FAIL
2.51463424239698,2.94507235162342,5.79204776444588,1.56412903600823,0.0624951687465544,0.0354699558839797,234.324324324324,34.9227297925358,107.652840210582,35.5528335137789,17.1621758078805,FAIL
1.64589840045009,10.7723214428463,6.42727279802763,5.06198252658246,-0.441292428212584,-0.503549165866333,211.621621621622,51.1887643248362,65.9268845964589,124.694070796519,18.4301665625311,FAIL
7.54359524093935,1.75312661321355,5.84558231047518,6.29430924909994,0.265152082934525,0.235819767037407,124.864864864865,40.0822575971198,23.8276868372131,114.593344379001,22.872772586697,FAIL
1.67504889385455,12.2353455530005,1.28498823324557,7.54800701439579,-0.402779683479026,-0.45903007206883,187.027027027027,27.0497492599035,48.5622817632733,50.7746961685441,19.5757627908818,FAIL
4.67742883595992,5.31061493169136,3.31334829705971,4.14281663478846,0.146922128858452,0.0940842050129869,197.837837837838,49.2340212468779,57.076805805717,110.707493007498,18.7688691237805,FAIL
3.47443993403465,4.12498835244072,3.73429594983706,8.19586574333488,-0.00117325106929006,-0.0384394704769122,138.378378378378,44.6408848489666,27.5400072163455,187.746304925055,22.0174601050599,FAIL
3.01441017188133,7.01567953661568,6.53639492338567,3.85087164293483,-0.0332554654178051,-0.0868805011928427,216.486486486486,50.7883884146958,69.542831859624,110.146328078256,18.2232259599924,FAIL
9.19520235842437,2.24222487617603,5.45180382048484,1.76143219730938,1.17920748789843,1.08816466008271,193.243243243243,30.6732978049377,86.406462773507,33.4952797157918,18.4169335952957,FAIL
5.80496669720388,5.45268090851545,2.60121052545807,3.68683588994448,0.242484207471001,0.179556107127655,202.162162162162,48.3343312164672,64.7646911183743,95.168196990383,18.6400168586564,FAIL
6.12333859594526,2.12867087636333,2.81606103098571,9.05135999943813,0.127541500595762,0.103952517574186,107.837837837838,38.5637912909758,19.1489982203528,153.831822049727,25.1584250424183,FAIL
7.51591939071884,9.78126687020582,3.90778400488056,7.97208245266889,0.245815446449696,0.166443776910251,165.675675675676,46.9728514904706,42.8198830490359,206.935653560498,21.2379005593262,FAIL
2.91309673731228,4.64631880399171,3.84513289418277,3.24519560707931,-0.0107831299660037,-0.0527698425778466,214.864864864865,48.8793240763777,66.7778784559875,86.9247086362583,18.0181485127603,FAIL
3.42876700537036,2.08255609221845,4.7854935498176,9.12973228053222,0.0533888830944677,0.03033921595946,102.972972972973,38.720258540265,18.781281151743,159.518381551603,25.1676102315753,FAIL
4.16053274773546,11.5790706898137,7.01662688573648,6.58605737302099,0.0339917591179715,-0.0388350478255525,192.162162162162,50.3475570813053,54.3105953201556,194.987333552094,19.697840415917,FAIL
2.53758396299983,6.78957705458603,9.50744269031618,7.62544152699378,-0.131162969965543,-0.184420627515762,162.702702702703,47.8252487769275,36.8769736352007,202.093445900294,20.7620383339205,FAIL
8.81183673885518,12.1118460384254,4.89160393140284,8.57431896346554,0.403041374218918,0.302468516333321,164.864864864865,46.2633870456226,44.745174513584,221.187348721206,21.6647416892908,FAIL
6.38104564510974,8.5990390026813,1.55170869121097,4.70619952638465,0.0566306849663316,-0.0238572230894756,199.189189189189,49.6532556777786,64.3800315824766,126.454335097442,19.0311616275695,FAIL
5.15132889923849,5.12599612564817,1.35599345366494,5.1069524114062,0.0243891829113351,-0.0242116808400833,181.351351351351,48.9495813053851,46.2317675467534,134.570190234319,19.3864602043808,FAIL
8.60043735019581,6.42116253507363,8.21103558555859,4.89826562872276,0.675931195529429,0.580117533324997,181.351351351351,47.4952978400543,54.6131923390748,124.346834628174,19.86727500432,FAIL
6.02577137544086,5.83219306625346,7.66862176033879,8.62552016472655,0.162594027311866,0.111900001755327,144.054054054054,44.3192893095889,31.3917105904496,204.233697959252,22.4099472911265,FAIL
6.87297572849748,12.2445874859119,9.84530465460711,5.52908595528769,0.653794499609246,0.541044105281881,197.027027027027,49.5104966109661,66.2442034255597,158.405577126995,19.5312690618396,FAIL
9.82313724259843,10.7048895278712,1.32066817144117,5.31391541647284,0.038038258642779,-0.110702943459121,187.297297297297,47.9252036733345,64.8763453220647,133.641267948086,19.7921061900253,FAIL
9.62233297775373,10.2994736180324,3.69559038333492,3.53382787519139,0.964813437691783,0.760378821617402,201.891891891892,45.0848512448539,93.5608864407127,84.4755452825314,18.9206732018737,FAIL
2.60739937333121,5.65870444966944,3.20924059441688,5.98121240933199,-0.102990743353036,-0.149252215540871,176.486486486486,49.3979062029973,41.676757455558,158.609697443111,19.5758874241692,FAIL
4.66582621605741,10.1434986164111,6.07220540149476,7.22604020956866,0.0712192327467074,0.0028607200915437,179.459459459459,49.1314207868646,47.0151504143124,204.926266651785,20.2843365347082,FAIL
2.1675337682746,6.05117687045595,4.71121303739832,3.61007964858172,-0.179596070547284,-0.225837584045925,217.297297297297,50.3912706652632,68.4559620104485,98.6672654307314,17.992373186264,FAIL
4.01518427786728,8.07333618035445,5.50119884394245,8.86933216917779,-0.0271822737367744,-0.0812150217709899,155.945945945946,46.5078790145927,35.2600620870507,229.49907899963,21.5956918796396,FAIL
3.14084820125897,5.37659314838614,5.1505289846114,8.17685846920879,-0.0473232898600707,-0.0913532278638146,148.108108108108,45.9092498537597,31.1675238920297,199.759676765368,21.5348853219342,FAIL
6.97615140739712,2.55904243984921,1.89197802819713,7.44732074059364,0.139819482182398,0.108560257033713,127.027027027027,42.232119210601,24.2423053152285,148.805742133411,22.7061046732665,PASS
7.12930915523637,8.74073293636322,5.16050791655668,10.0133891865233,0.181180592343782,0.11957129526002,145.945945945946,44.0371580418809,33.4657730248149,240.676250500509,22.9027819070382,FAIL
6.65242605296777,1.66259431611658,1.15608149329419,1.97845159108257,0.299420706003817,0.258820795280199,196.486486486486,33.213708433053,65.8278004137818,40.54220768207,18.1867638132883,FAIL
7.9201483087644,7.88421312380808,4.74017138185855,8.85525644156554,0.250274531526929,0.183881711661354,150.540540540541,44.8776966064896,35.4487573135382,214.483563645964,22.2801512165111,FAIL
8.37919875459406,6.28921717092727,9.83243851244123,6.57992134301281,0.481390147439864,0.405442981191426,162.702702702703,46.2515509150362,41.4513998127587,164.058958188368,21.0860576306623,FAIL
9.4467294190377,4.74471330879167,8.61225844935356,6.07532381803948,0.524053925515136,0.452526557816956,157.297297297297,45.0735491627283,39.1030898749918,141.655241087888,21.2042644682933,FAIL
9.84125218913284,5.04921972384651,4.76358148479908,9.22439566473083,0.293974195916587,0.24118735325407,131.081081081081,41.5659431611978,28.133152725606,191.011848448748,23.7771916175304,FAIL
5.3560899856794,12.3105489581595,6.50155842663291,4.28584662632691,0.448967644960005,0.353359296524126,217.027027027027,50.0381311008193,83.5753111835682,122.721700805295,18.5790716505949,FAIL
7.44120542812834,3.17876316338669,2.88920724453063,2.96709535594903,0.463992350406147,0.401000701760113,192.972972972973,43.7074457301015,61.6233040225369,67.7152271789148,18.7485191155854,FAIL
3.87862070690331,8.26791401822244,1.56063305623507,3.34418314200189,-0.121901652342379,-0.175063398367642,226.756756756757,49.5887593631238,86.2553792159352,90.6270017179776,17.9402589241897,FAIL
6.85839403229057,3.99952497753104,2.51129733074946,3.85001820737949,0.298034679669358,0.238740173488729,187.297297297297,46.7395934974606,53.7560519902874,93.908738414575,19.0916761119319,FAIL
3.36221772033184,9.61142413725764,2.12120950077936,5.60798871781336,-0.16286852020359,-0.219816370623356,200.540540540541,51.2099607486478,57.0616051775469,158.931879717401,18.9926980167049,FAIL
6.31168539959095,10.6664846803409,8.79787402048444,7.95397592962984,0.27913463242885,0.199925221379823,170.540540540541,47.5678564321848,44.6328450991501,219.187660740232,21.0634035351339,FAIL
8.62266728197135,2.92340825168284,2.20783729997666,3.87092134729189,0.35237063256505,0.293479956883912,173.243243243243,44.1905110991027,46.3256440795022,86.6188496049834,19.608949676167,FAIL
3.3143122140425,2.87888690025567,8.77172492580748,6.73661895103166,0.0419679635354386,0.00658653601460069,139.72972972973,44.113882815215,27.7275839549589,150.494800152683,21.6050658211329,FAIL
9.46988622674845,6.87258986076796,7.41573158523037,2.05437633313489,1.92129212911696,1.69661645333495,205.675675675676,33.6429852780261,129.354226535219,43.0012505862789,18.3177868190627,FAIL
1.4074315733901,11.6321511711017,1.05648059421429,5.00097734374277,-0.524856603941958,-0.575708080075833,NaN,-6943.82170425777,68.8703687637782,6.90667401894646,18.1797006297761,FAIL
5.21311953746282,4.5315157649828,8.67760832599487,5.60535331116085,0.212528965715809,0.16095701444516,168.648648648649,47.3365497261583,40.3947056153176,143.254433618236,20.1689624486264,FAIL
2.81919653832349,10.5748817511646,1.0202542385552,9.17672289982333,-0.241676598275779,-0.292305904110571,165.675675675676,47.8006604401326,38.3597547477613,214.771087324025,20.8892830140585,FAIL
5.22181101716182,9.43259009550754,6.06740343558838,1.7699042686345,1.04974192835079,0.948549935356153,234.594594594595,28.3038610922632,171.764443410145,40.0624642351628,17.466556707144,FAIL
8.8556006388623,6.2224135778081,7.43713682360915,2.09677653393797,1.6558773819026,1.47628338725399,207.837837837838,36.2778764619155,120.427508693433,44.9234916718209,18.2670744968783,FAIL
9.4799658546293,10.0181480238529,9.555735109709,4.85999767158993,1.05740032892771,0.903551066334259,190,47.7426426789598,68.4520285512777,126.927522784348,19.6937988473458,FAIL
6.1387338496341,1.61324629051754,5.36692295614042,3.29103309766848,0.365008342410623,0.330152428185662,169.189189189189,39.913232521758,40.2622604577693,69.9407994637396,19.4013659212516,FAIL
4.28092783404302,5.40607619902898,5.83694915827462,8.40657835614366,0.0349491154606363,-0.0101171391311062,145.135135135135,45.0903978020108,30.7013303431511,202.145821636346,21.9655929393798,FAIL
9.00444074428734,1.65394130994559,6.28584471026537,1.64677557317719,1.15968401015888,1.08740983418106,188.918918918919,26.0415014553146,79.4073503699214,30.206276627803,18.4307208828257,FAIL
1.4183309978159,5.59092090689816,7.10522043736959,6.16429179440071,-0.224846307928823,-0.274796912988795,165.135135135135,43.11946053852,40.2680763022048,109.798131407242,19.6461279473053,FAIL
9.40762929908585,11.921533489642,8.3422750478556,5.22088747641971,1.04371410643105,0.87907168382271,191.081081081081,47.9637925839855,69.648258811661,138.537943207397,19.7719382070639,FAIL
1.71375227470523,1.42938735914127,5.87836492468479,7.00343827302522,0.0119685167104263,-0.0101656202858762,109.459459459459,39.3622429950047,19.5520370066342,108.188314367364,23.3845420054386,FAIL
8.75844883254656,5.31736998640758,8.62478239221246,5.56817416865339,0.552301575165996,0.474475775977718,167.567567567568,46.3772446780873,44.4663277575241,136.209747149173,20.552442709266,FAIL
7.80550847325018,10.5389025745595,5.36992919466066,6.58071506395385,0.452709154313337,0.352745292196684,180,48.2992356370957,52.7132461060128,177.307742210498,20.3545956848824,FAIL
3.20097335397984,11.5699183453172,5.20685802549398,7.30552217261029,-0.154684750257835,-0.220255415762533,186.216216216216,50.0991244985205,49.232255426672,210.393614544068,19.9316783802212,FAIL
9.37066083141686,5.2268489702863,4.20612517686681,8.32389862771266,0.291307866093424,0.233932537567775,139.72972972973,43.1483198369727,31.0367081284995,182.63001033361,22.7633980108647,FAIL
2.19646093576597,7.53116615713153,4.34706019282512,5.54147292275156,-0.208456221356252,-0.26180101835802,193.513513513514,50.8031764480766,51.1309028293268,150.764479370918,19.0032244581548,FAIL
5.19947508095388,3.37820498055298,4.17255614964734,8.99168533954172,0.0923101257194524,0.0597136836759154,123.243243243243,41.623999779822,23.5424528707284,180.829268674677,23.6467683315163,PASS
1.11794113563708,8.55603835764859,9.84219549748017,3.91889549231337,-0.541835586413841,-0.599870189372075,214.594594594595,46.8782472223486,74.7362552053014,71.2576434512706,17.8726718291512,FAIL
7.01901689010431,2.49825802661825,7.96791088439037,1.56478711547659,1.1272971442492,1.05583370318183,206.216216216216,29.7708450853673,101.314549803816,31.1347306619024,17.9344905048059,FAIL
6.51377277690926,4.43654863214003,4.67346866830827,10.3555498024663,0.12592481684278,0.0891795661764363,121.351351351351,40.5023822161778,23.9016393681039,205.296770268695,24.616631790765,PASS
8.7758874733056,11.6849139762121,3.72292119358412,5.09053255525289,0.61700656780386,0.470530017316849,194.054054054054,48.3372136860204,70.3014144675116,132.777800637302,19.5389498968253,FAIL
6.05498332713796,2.73036703657146,3.32053170910618,9.1925859130343,0.121468051486543,0.0934696706128319,114.594594594595,39.8650828160001,21.0967459746599,168.421258778985,24.5559920416125,FAIL
2.60527720226379,11.8071703248066,8.91051335826665,7.81339900869447,-0.23749101603082,-0.305331709571299,181.891891891892,49.6866480840588,46.8239220205242,225.965959914496,20.2088652317847,FAIL
4.80993465434961,8.24485732412672,9.5189600893948,5.49955884623285,0.21232324061537,0.142740532232117,191.891891891892,49.9846313270101,54.5357992027629,158.033179684448,19.4494847293859,FAIL
9.92609010000187,10.6193148280049,5.39350977603974,9.74590261366903,0.406835029492913,0.316655415753863,150.540540540541,44.00977171685,37.8845164216643,233.935599361391,22.8845990866228,FAIL
2.79486871320001,6.75610773899108,6.41096066949769,6.51717845326425,-0.0999780411100297,-0.153094168989485,175.675675675676,49.3272478123564,42.1532167358187,179.034709467516,19.9138979120909,FAIL
8.85654523738073,9.56433134268056,3.92628930186465,1.8917927704837,1.71940829473253,1.43680812131253,210.810810810811,23.4744691027663,164.583572199852,38.3036798912314,18.0691470473439,FAIL
4.18965888128138,9.75801520827506,9.70100291900724,8.44059193634391,0.00852309235193938,-0.0557495578616211,166.216216216216,47.5744403892597,40.3245128686263,234.130772511735,21.1638537663161,FAIL
3.57156228289306,5.38839189514444,7.61912864775644,3.5256711136606,0.121376979391543,0.0700655926397871,211.891891891892,49.47078591214,66.6645218667607,97.2375412886717,18.2762096732162,FAIL
9.15639433610361,1.58349354525547,8.02632439247671,7.15224667317682,0.306495624165718,0.280037320992508,111.891891891892,37.2966588788754,20.7554723399996,113.495570949705,24.8088188439174,FAIL
5.28430192290048,1.41074934066165,1.66163325337899,5.62706934268853,0.137908435844148,0.114726741117012,127.567567567568,41.6356299955235,23.2766282105186,109.666846851984,21.678388334637,PASS
6.32980277626114,5.98979513066551,7.32150971303901,7.75142855118368,0.211747549074395,0.156073450557576,152.702702702703,45.5952982785799,34.8062700023155,190.802924890949,21.6640012355819,FAIL
6.55745524288972,5.89935497638848,4.24837035566815,1.61661487546709,1.12090680371511,1.00431646825308,220,28.5029065417191,149.597844302665,33.5923534622404,17.6738618882564,FAIL
9.68670771123439,2.94411312811815,2.97883373844201,4.3239865170324,0.432084525519914,0.369489889840176,164.324324324324,43.7667892833985,42.2124230708001,94.2513977871389,20.1728336247184,FAIL
9.01001854324914,2.64592722101583,2.44082638846429,1.97235694076132,0.739447881062417,0.648368292056803,195.945945945946,34.8032107956451,83.83260379571,39.0281798144435,18.4200674365929,FAIL
8.25915953351322,10.4221403298652,4.13164595245998,10.4739433588226,0.217878223827563,0.146189462091859,147.297297297297,43.7934643875049,35.0896248469073,250.440631853412,23.1043178021212,FAIL
3.5037445528673,6.72626269041373,8.04907472577348,2.94648998741194,0.14835311109341,0.0944311559884239,228.648648648649,48.7190390171475,88.0506908385874,81.1117432138003,17.8391363268753,FAIL
8.84071989051808,9.81420685447859,5.44637564976978,6.90319266704065,0.502845698174335,0.399444469024671,172.432432432432,47.3522356768213,49.0201514700642,179.593132415961,20.8001397892288,FAIL
1.56967519335598,3.77308608719381,2.5094871408685,1.933969883936,-0.25502910934539,-0.281904666526143,232.162162162162,38.3182860326165,98.3980090511669,40.6519540863587,17.1099009715702,FAIL
5.87075953278003,11.8404135782833,3.62253259893103,5.80618438710517,0.210503593378068,0.122809806429336,197.027027027027,50.067793228059,61.8963507609906,163.735839410464,19.4454070613499,FAIL
3.26587583480277,4.92198378067966,6.51967883249415,8.12770993638937,-0.0241044501522036,-0.067085361534712,145.135135135135,45.3220751084158,30.148466555818,195.326077610457,21.7469743771427,FAIL
9.92238648991948,1.61813672267082,9.1620974876615,8.10765254619206,0.307876357120605,0.283293746188928,104.054054054054,35.4589376691299,19.09685817853,118.156720005755,26.4101618738765,FAIL
2.51964347625441,11.7671859923171,3.1434026031057,9.92391650194498,-0.258147485259719,-0.315636430889977,162.702702702703,47.0232922734969,37.8876404691491,236.530725849424,21.417110540302,FAIL
4.06376845333892,4.11507377596669,6.56710342462503,9.82470330814727,0.0307215068635666,-0.00439158329106859,123.783783783784,41.5100387638953,23.944543094739,202.320661615921,23.9743336620176,FAIL
6.73186833843744,12.1710030172789,8.2192908223533,5.84287161052762,0.544625661366713,0.438874753536951,194.324324324324,49.5083867155461,62.7250620330852,166.888649147442,19.6734574185272,FAIL
6.27944677485086,10.3068985500938,4.4634019751582,7.43053000145457,0.19901078932354,0.122419084364152,174.864864864865,48.2565773660305,46.4805327406056,202.299287448243,20.6312694436969,FAIL
6.49024985036217,7.41700731248484,2.82288777713188,6.27522665780454,0.166164492759302,0.0986659409438808,175.675675675676,48.4387599976268,46.1514597381879,165.402686157721,20.1591949488571,FAIL
6.21928806863006,3.96573172410253,9.98775311883077,4.33395296884161,0.408345543099834,0.351183865594831,180.27027027027,46.9313531850684,48.076239106231,108.539382646582,19.5154335433534,FAIL
2.82389978256977,4.28173171501333,8.34654978874928,9.39505566479776,-0.0416514774016272,-0.0790902312851304,128.648648648649,42.6766779350656,25.1724743343038,202.354334394038,23.2864481325782,FAIL
6.75592794907211,11.4226338775073,6.08335461742649,6.64306373188334,0.379668697435285,0.286449623263827,184.594594594595,48.937433865507,54.1110758410624,185.507688906245,20.1657831398175,FAIL
7.63012049723288,2.6566702693639,4.14847010572552,5.87895019488001,0.277336020245116,0.236926938629597,143.783783783784,42.9699953992904,30.3895374624681,124.761457220339,21.4181650241058,FAIL
2.02294645799008,9.48641297947215,5.89952229249404,2.66432416721031,-0.419193059436293,-0.462602003136814,244.054054054054,47.318971402006,114.005140318171,70.3326507975073,17.3377661932923,FAIL
1.53033953384485,2.55306166370349,1.61947368974962,4.74213856275846,-0.0528471947478925,-0.0841753816128021,156.486486486486,47.4882822445887,34.9553224039873,114.019430951575,19.1860677295642,FAIL
4.99086921828312,5.03890980556287,2.34445005008605,9.36879877762915,0.0267789472476688,-0.0121780551083394,134.594594594595,43.7087775178096,27.0912052846322,210.139702142095,22.7908260429015,FAIL
6.17019554369775,12.343428399493,3.40083511735874,3.56620775909684,0.487621388981458,0.37072647485422,220.810810810811,47.6327651658044,99.8851137504156,94.1005878340084,18.3253040909419,FAIL
5.55010695052069,6.30510128939883,6.26863470948383,9.04597400986453,0.108383957819747,0.0585229043192944,143.783783783784,44.4048198332183,31.1690420577106,215.708292339652,22.4769659402367,PASS
4.57810017417753,10.2040217636001,3.57521547451707,2.76758526066149,0.268513255655488,0.194022068168504,234.594594594595,45.814103648133,115.210209340294,72.033185936983,17.76170887126,FAIL
7.62424015810686,2.06902887713745,7.29802091754566,6.90075959759364,0.264643249909434,0.233261962544245,123.783783783784,40.2094450841796,23.8284679294629,126.997783687019,23.2965525303769,FAIL
1.30235558661772,11.6513538652006,9.77459614089952,6.09597872444478,-0.521089591972447,-0.590508964376168,195.135135135135,16.3382928989073,57.7219685734352,33.9105021897132,18.943705556268,FAIL
2.29129900425997,3.19356134339101,2.02994486285414,5.57366628764274,-0.0389437134582082,-0.0735060895550213,157.027027027027,47.106832632379,33.7711944468141,140.337763184574,19.7775130318756,FAIL
5.81762453395781,10.4207323679844,8.59118037051972,4.22312991401449,0.574150552323987,0.47765147459304,211.351351351351,49.7418502739421,78.3205136275605,119.578171583864,18.7151739856686,FAIL
8.80858133082778,6.96875138077772,6.15825111602088,2.7048004546445,1.25490251955552,1.09505876299546,205.945945945946,42.6725534476188,99.5037654327519,62.3794479608406,18.5296278122647,FAIL
9.34741809760517,1.47772303203029,2.80186441015246,3.06434053347471,0.495804928374296,0.450984274852122,164.594594594595,36.8352892521187,41.6871383845115,59.5996718415629,19.6859941326747,FAIL
9.76307869931595,8.16247248007322,5.3676081453698,6.42062805505024,0.561473512441686,0.456117072477419,169.72972972973,46.8271743754099,48.0756317664672,160.831928267371,20.809204025528,FAIL
7.28187697116654,2.8084507726846,4.2313381191007,4.06120961484918,0.385786800039756,0.336054117336553,171.621621621622,44.5743071276234,43.3447161011263,92.9144202754141,19.6692814665197,FAIL
8.9778907070323,3.17644148000698,4.69897505421081,7.81230980381541,0.277552082360664,0.23674080174076,128.378378378378,41.3832240386374,26.0744959549976,154.078356484298,23.2874574088357,FAIL
4.51928055074775,10.5618523635221,8.72641903434399,7.77921050777134,0.0619407176215178,-0.00760676534531057,175.135135135135,48.5851472646211,44.9549552083455,221.978106940122,20.642308659937,FAIL
3.82545328208208,10.7465166931197,8.84759602250501,3.74917153597427,0.165499453942117,0.0945386787714599,227.297297297297,50.5206088950316,88.1868798684405,110.102375643649,18.1335583045591,FAIL
9.45852628326751,1.61552984880016,2.23813433376623,2.98327337292409,0.467761913000938,0.418759411492779,168.648648648649,37.44215135482,44.5791701140122,58.9061827119507,19.5167388080682,FAIL
1.01861056009569,6.90990872563468,8.86736484788828,4.06652434987415,-0.445398264919794,-0.500124725402194,205.135135135135,52.1368150364208,65.0290636593782,122.38684387804,18.0410420626954,FAIL
3.45639899791221,6.64197018281381,1.87502208726402,7.64305565026356,-0.0874663236290086,-0.133633622724731,162.162162162162,48.0069851077964,36.2676647270123,197.517596204291,20.6228403862194,FAIL
8.94674944623766,11.5287370150162,9.67046674240706,9.27493696076782,0.498272409682931,0.403570018054113,157.567567567568,45.0396602045122,41.0148789133645,237.413764212157,22.3766589166865,FAIL
9.07615087115502,6.78457634344969,3.07918746985841,4.86966600084018,0.448098731751194,0.345745692167678,182.432432432432,47.5261032158622,56.3296477701528,120.742936511661,19.7706915906404,FAIL
2.66322579987148,5.06795513495779,5.70329495422083,8.6009476279396,-0.0740299513512461,-0.116024533741795,141.891891891892,45.0420064925287,29.0483863136658,201.446392947387,21.9571537092475,FAIL
6.42848759024447,2.1211580328419,7.09693855319357,1.97519240657411,0.735200662087333,0.684154826681847,202.432432432432,35.6181792183188,74.4490075817888,41.7551492883643,18.1733833830304,FAIL
3.31106473082834,12.2806881445885,8.27022754758649,3.74341369999059,-0.00498705564432456,-0.073071691910096,232.972972972973,50.7206282274545,94.0494020453067,111.077198853819,17.9927356470586,FAIL
4.67059101453421,3.36702282077777,7.38428232924201,9.29299486826083,0.0799350226257478,0.0473556679083509,120.810810810811,40.8086184092051,22.9887973878132,182.703364482391,24.1640660423755,PASS
4.11789087226101,4.6551632531293,2.98853680959356,9.73382925698042,0.00592738339867716,-0.0302120835558091,129.189189189189,42.9502926845941,25.303297390358,211.230308884523,23.2305207602806,FAIL
4.2257431595161,6.80165069393545,3.02910693865425,7.77275667827433,-0.0141276965699872,-0.0640274803885235,160.27027027027,47.4416664755823,36.3479525253973,201.009617152239,20.9202995607956,FAIL
8.2853406053601,7.51925134419724,3.32559484204275,3.5690643407527,0.628076088720048,0.504403535225061,201.621621621622,46.8618733595786,78.9844463061739,87.8440941777524,18.8403723792578,FAIL
3.35749318102591,8.21378188326324,1.80297066689009,4.32405177544757,-0.14917482034015,-0.200849369731875,213.783783783784,51.1667498100051,67.268692203508,121.260167826746,18.3627088350101,FAIL
3.48228296181015,6.60661029924126,1.59062063501526,8.53140442199753,-0.0908985915119556,-0.134734594021973,152.972972972973,46.8409265285322,32.8941093327703,212.440892752159,21.2505809128494,FAIL
3.54106585243657,11.6880542994145,9.2427434764904,6.67834302610297,-0.0570245143145007,-0.128798748089363,192.702702702703,50.5479224075639,53.7800147680722,201.415060494884,19.6747504481163,FAIL
9.82615656993597,4.27416879857009,4.39504734923705,8.54101003693089,0.293840065067943,0.244197580257848,131.081081081081,41.6967935127665,27.7709249981347,174.558830053609,23.4649514472875,FAIL
9.76036788121616,8.66677285629706,1.82612265485287,8.52536025236682,0.126545842556756,0.0440642333084297,154.054054054054,45.2619948282343,38.3722353990837,204.014872219204,22.0127569952317,PASS
5.84004174524428,9.55356434686792,9.88570633539661,3.12044321586759,0.839359370719664,0.736102219011443,222.162162162162,47.1031797937943,100.065284608411,83.6884541293143,18.1930778831724,FAIL
1.96858537369183,7.41907086150281,2.84746849337191,6.77247693359448,-0.220647386393858,-0.271118645078171,176.756756756757,48.805341538866,42.2867664799559,153.85977546681,19.7072796275288,FAIL
8.8422703031191,8.49542429836813,5.8026078044411,3.48246805219341,1.05087934423642,0.895031783477126,202.162162162162,46.1193748697825,86.1066349403189,85.6489656009038,18.8683800879257,FAIL
3.70355582833426,5.43952668849533,8.45743023437139,8.93085724334793,-0.00494547826699321,-0.0495294390951203,140.810810810811,44.3556443822677,29.2950102127957,211.204972938515,22.4328609491602,FAIL
6.16099053688439,1.50223357703999,4.88573310356706,7.3473469179147,0.175028616607348,0.152769312654391,110.27027027027,38.3006806960709,19.5306677739134,120.691785238905,24.4359927074206,FAIL
1.47050669001639,9.25605228508097,6.16328208576036,2.38211824321359,-0.671815372033497,-0.710191754179682,241.621621621622,42.7635734166919,125.18605704271,52.0354798633293,17.1271431124441,FAIL
6.07715045839485,3.0949278887308,5.09151269942257,8.03451741402613,0.155613937696734,0.121125953500019,127.837837837838,42.0396393921775,24.9243717801593,163.142275682064,23.098813572051,PASS
4.10104620013566,4.67247876424798,1.3425246814607,6.37326746562053,-0.0172503981827235,-0.0578590647684619,162.972972972973,47.9605778739937,36.0795185545675,163.72356411093,20.1730049350907,FAIL
2.96588371916902,12.0770420881773,1.42635315716196,6.14001195942361,-0.305949683738749,-0.364025506013046,202.702702702703,51.4161420195693,58.4920809021886,169.325704751083,19.0390016874057,FAIL
1.03132889871905,9.88519787399821,2.3976608473274,9.74523473032077,-0.343594405587796,-0.396649178514485,154.864864864865,48.2008930698806,35.1768684716956,294.64975075043,21.1926743800017,FAIL
4.3652599608685,6.79076871234104,9.09256298310981,3.76222316194728,0.266406764644593,0.203209761217401,212.162162162162,49.8383020101148,70.4449879852889,105.568838616935,18.4392197225306,FAIL
6.34875030128987,10.3907393058079,2.02063226691274,6.3212264813515,0.0657780590117651,-0.0140658823972196,186.486486486486,49.4234926524661,53.8062888909611,172.662650507555,19.8469833291207,FAIL
8.38609039398266,8.45810993090994,6.19191265279136,7.60161353132375,0.402789576430824,0.320135380849115,162.432432432432,46.3821152785595,41.9030465222053,193.24429139314,21.3846240255442,FAIL
9.69687215487343,1.99981914754289,9.28340897885636,4.18461817981223,0.585121786146988,0.535302472258613,153.783783783784,40.5755122011677,36.4380633508287,84.4921418604808,20.7254371605142,FAIL
6.29904466991986,3.55187667922564,6.50908552654151,7.22716041794342,0.200702910433239,0.159410934518382,139.72972972973,43.5467937023271,29.0315058319894,159.009220950538,22.0947356683784,FAIL
3.4224204865031,6.39550270103916,7.90665146602096,8.81477195832336,-0.0437154370179202,-0.0923358766199121,148.108108108108,45.5332097095381,31.825126530404,219.029373783248,21.9361258052409,FAIL
2.15824297275094,6.15467568961178,9.57805119440102,5.59397957808324,-0.159841437330303,-0.213367689882435,184.324324324324,50.0558508991235,46.1662306459339,155.011352714161,19.3177965400841,FAIL
1.75999230281978,8.25606573158326,8.39205157178952,7.34236814713018,-0.273282406231298,-0.331594523533908,173.243243243243,48.5454599634534,41.5829819955166,172.079029958352,20.1280918250863,FAIL
2.31220507637437,5.32508868065525,5.30036383387785,6.55544753172939,-0.112192760774719,-0.15878724839452,166.216216216216,48.3361856058263,37.3811720473768,168.365506785831,20.1027674668431,FAIL
2.63828454042584,9.91723366967864,6.12646352644272,10.4518545797918,-0.193573906464532,-0.248544893777686,151.351351351351,45.4959097463682,33.6597216363037,255.452517277243,22.2479185142407,FAIL
9.92247899603845,11.7299149284469,2.02514335752557,5.32632921758364,0.300027930960309,0.135414520167537,188.648648648649,47.7906805291095,67.7679495114782,133.886498409986,19.8007670692622,FAIL
2.90522760808459,11.1993529515618,5.83093612134074,2.43451295928052,-0.135361696454241,-0.182781661879091,248.918918918919,43.9495909758388,135.588721570858,64.3721235569731,17.3440515414075,FAIL
3.27426219730685,11.190737919911,3.32589188303093,9.14477875808008,-0.171862298988834,-0.230682238747278,167.027027027027,47.8152775462135,39.796667775289,241.13510322076,21.0985822936787,FAIL
3.08734499204406,9.33470788893401,2.38213143531225,2.15452991247121,-0.232910999523026,-0.271974883747706,247.567567567568,41.2207858011782,139.554139689826,53.0364584226628,17.2648156540605,FAIL
6.19248349768838,5.19456061369807,9.41731326556008,1.86895642472958,1.14174688886105,1.0497989172345,221.351351351351,37.001452140511,121.821800440475,42.0143226899529,17.7898274163233,FAIL
9.00168200319108,5.0520679396468,9.87734976852522,3.75971672514482,0.885607817510637,0.783991219806077,187.567567567568,46.1144430884154,62.3153131138271,90.6856245942798,19.3688039640285,FAIL
1.31611174326616,10.960383576781,6.44491955582323,5.8229750757206,-0.490555718596877,-0.555117480518901,193.243243243243,-32.0068963874397,58.364747112804,21.9343327515269,18.7861376154391,FAIL
4.54289536838267,11.9630685628818,1.29114852807944,4.90035975623096,-0.192690079555287,-0.262065893075047,213.243243243243,51.0976269649486,72.212820123122,138.613112962987,18.6601067139424,FAIL
7.30575986317179,3.70897108305535,5.80287684641913,4.73971823955936,0.397631671860027,0.341068959988954,170,46.0298249676307,43.0253344531532,113.222976012331,19.9881355863666,FAIL
7.4185257240388,1.47632741040469,6.75617094859105,2.63628987559677,0.584279974410483,0.543151337799392,176.756756756757,36.153819000434,47.7105055152452,53.4593660767596,19.1031000685309,FAIL
7.97087618788633,7.31096949049525,6.33855405097775,2.57380787788765,1.22042669840468,1.07381434880329,211.621621621622,42.2566158468845,106.492158801199,60.177700392298,18.3182809837915,FAIL
6.50647395156795,6.78244793294418,4.40788623782543,1.60285710945775,1.21994865597917,1.09101993805762,221.351351351351,25.7678114284434,161.619143070434,33.2892778357849,17.6384704054979,FAIL
8.73707563922649,11.2042520125773,7.78974830883424,8.6983393873121,0.473063656431249,0.377892655722239,161.351351351351,45.7993479487675,42.6702915863193,224.772461362622,21.9186208401207,FAIL
2.20205724100944,4.42073847670282,9.43293906224567,10.4602353650061,-0.083892955439995,-0.119878246082896,118.648648648649,40.9858337261646,23.447673059509,203.965702545753,24.2582665448749,FAIL
9.5649672240529,6.89625100927541,6.67156589618927,1.66248742224944,2.32100419388602,2.04556766148089,203.243243243243,21.1348965289945,159.363926793239,32.0995794057611,18.1449549754424,FAIL
4.34945198365644,1.5005678929355,5.92045943989791,5.30227667439705,0.146525060283266,0.120190719219791,134.054054054054,41.3277133697823,25.3440697698014,104.792587119363,21.4532950854713,PASS
8.01126290112106,9.8624877422603,2.33445418506446,2.85344490500541,0.592645146779756,0.422789259021211,213.783783783784,42.8078295110871,111.61816187219,66.9896933094727,18.3355699022859,FAIL
5.82779251085916,7.57602123509123,3.80932559769429,3.34109336324226,0.418868666018837,0.337146557746825,215.135135135135,48.1207306401392,83.5432863138962,87.3195530505361,18.3329065238435,FAIL
6.57323893389089,6.50458834648748,6.53794060358068,1.55546317697103,1.51311919238139,1.38152180268742,220.27027027027,24.6135186322834,163.122588816219,32.255565459478,17.6441213689678,FAIL
5.35736988682217,5.18321011001816,2.10571659638673,5.81953307171988,0.0783783748965564,0.0287414721853116,171.351351351351,48.193128895994,41.3918042403936,150.220170842972,19.956223352479,FAIL
4.92872295923082,8.85800914751008,6.95661435030509,2.69576968457032,0.583791388328059,0.503168704408643,230.540540540541,45.7457824826792,110.468373035936,70.6205516459095,17.8475059529273,FAIL
3.03002480270525,2.8737230072347,5.8300743170828,1.97084592547344,0.155068226173077,0.12224069942031,226.216216216216,40.4347573969199,85.2093625442272,47.0251527597386,17.4947302047884,FAIL
3.30151064466659,6.30321619224366,2.81978720005631,9.47980184496615,-0.0740591319078586,-0.116856810579467,142.702702702703,45.0340257852688,29.5486255911066,223.501957036707,22.191316119495,FAIL
6.15544686257513,8.08629131741781,5.72464739587972,7.28688896636284,0.213235038400969,0.146058402567828,168.108108108108,47.634730355903,42.1698191380845,193.567256518857,20.816637123948,FAIL
3.62048542556722,4.9756277677575,8.1943108678194,8.53731130885566,0.000240689461800281,-0.0429745405663095,141.351351351351,44.5229024716378,29.1797075755217,201.191595018166,22.2345527435963,FAIL
6.66990135999109,6.33937918767473,1.10634791981401,2.60094419246653,0.0578867572481591,-0.0333136370330078,216.486486486486,44.2197264394952,97.5181912135406,61.987273986778,18.0908422446258,FAIL
7.81147923950204,6.25640233872174,7.40289169203763,10.1240038863306,0.232285626959262,0.18070117908729,132.972972972973,41.8602258688565,28.6209761442519,220.796046966854,23.9232949162572,FAIL
3.29973593137656,2.61945671124403,4.50935757388414,3.74438240943287,0.091157475830966,0.0554642710098004,183.243243243243,46.1739552960576,44.4223550730317,92.951530436064,18.8288805045691,PASS
3.10077938070028,7.13410855024163,4.43231255533234,4.02894064786723,-0.0540825963919789,-0.106500404458798,214.054054054054,50.8711186063381,67.1655988273226,114.132302989189,18.298183666379,FAIL
5.79764533845118,8.41412958910957,2.8141645363652,5.66296465976174,0.138412703351527,0.0679696357925007,188.648648648649,49.6067772244276,53.6470532541027,154.842862969898,19.5543067657859,PASS
1.94915245030523,5.29227280294163,7.01304224196546,5.73263806022428,-0.153452159329953,-0.20209982309929,176.756756756757,49.1291209911409,41.9533485775316,147.8784306012,19.4837369548679,FAIL
2.68550652372733,1.72623925274417,5.71907675904027,4.95582714111118,0.053014677305867,0.0244150606065194,143.243243243243,43.1943204489408,28.4009695146239,109.943346118986,20.4583129277844,FAIL
5.97274743210987,11.7755867679659,6.02886475397173,2.42091543337305,1.10203836586009,0.968675730381517,230.27027027027,38.8274134993094,141.711297525098,59.2239136794395,17.8179528066776,FAIL
3.00977616898942,9.78254495107633,1.49584804502581,7.33298955644079,-0.214871007403347,-0.268326490464731,180.810810810811,49.8607353268251,45.0565840760578,195.37285939349,19.8929403698209,FAIL
2.51651046856382,7.07209518074711,3.53765778530767,7.34675649378112,-0.149458963497404,-0.19941684306204,168.108108108108,48.6167770695626,38.6171770789059,189.508928450015,20.2897368873306,FAIL
4.48420592547413,5.92167111878145,1.59887041162943,4.91610744404992,-0.00714001395833241,-0.0571158050634305,190.810810810811,49.8237036079102,51.1920636655952,133.386510765076,19.0667159688621,FAIL
5.75259272681013,6.38712326377619,6.31290898044441,10.2042214677803,0.0993907854256376,0.052541018577652,134.864864864865,42.7188106994148,28.4434695607384,230.184902064183,23.5121189303131,PASS
1.84469680754498,2.04022608775634,8.807540089542,7.76118589134902,-0.0153468340459602,-0.0421696858410051,112.702702702703,40.5653487189451,21.1146560455735,133.399793235614,23.4648656027298,FAIL
8.61600633203578,7.99760350402213,8.09359623048498,4.74409433862164,0.792452180967976,0.676695322702312,188.648648648649,48.0005082644651,62.5222799009321,123.269450269635,19.6104947515638,FAIL
9.07896652627605,2.80253184096042,6.17896298668011,7.98915690984094,0.292199356609759,0.255169736206932,122.702702702703,40.1840426148084,24.2808129891403,148.974952841129,23.935911390433,FAIL
7.46799303711775,9.22215578540755,8.10209340939207,5.92141999063055,0.536081651404641,0.440392200409107,183.243243243243,48.5803127365958,54.3882411084486,161.246282324868,20.0494045571934,FAIL
4.30616689536704,10.0430438742847,1.78893643901448,5.27420421577561,-0.0992087787515317,-0.162180947611569,203.783783783784,51.0157277847846,61.9108121445628,149.49548736858,18.9257761655136,FAIL
9.9944479558066,7.78672214430013,7.85809186772289,4.85990324169407,0.899815168139882,0.766525907647056,182.972972972973,47.1812997869759,60.6970309553657,121.805734677103,19.9208395300887,FAIL
5.96356171004509,11.3734505567031,9.17571983963776,5.57267704222059,0.447220721288286,0.353109923191346,197.567567567568,49.9750366943825,63.2078281605766,161.789321039659,19.4468567820607,FAIL
1.43825296831306,9.63567558552861,5.7253685901493,3.54728574684635,-0.540149801311759,-0.592583008827497,227.297297297297,47.8119919340595,87.0747824190247,71.9195471220429,17.6509119269748,FAIL
8.19600532482578,4.96431814810289,8.29043700937783,10.486327100957,0.234797894390984,0.191476882063365,122.702702702703,39.9010350173685,25.1667669615316,207.499119369404,25.0100306631657,FAIL
8.84595523345466,5.01193218986922,6.8766734134376,3.77766482787427,0.776822215352995,0.679660090816264,187.837837837838,46.2266036028973,61.6997924293361,90.8362487043815,19.3232974352057,FAIL
9.36050983590483,6.23991518836392,5.64814404674154,2.44140767937977,1.35385933474632,1.17972024138885,203.783783783784,40.2023973661877,104.256628483493,53.5481451239453,18.50893594408,FAIL
7.2981204171336,8.07292152114482,5.71878801585954,7.37557566205875,0.307639109913115,0.234048541758802,165.135135135135,46.9940092946867,41.8884204813595,191.004418867468,21.0776047999459,FAIL
9.90404680590049,10.1502952829249,6.79904747598577,9.45552393380795,0.459731480100694,0.369401013374697,151.081081081081,44.1284313783553,38.0936003678029,228.634926177205,22.7860337755561,FAIL
2.93593567899209,6.07037812385009,9.72944500639338,7.4232981392518,-0.0700365182839962,-0.121104203969741,160.27027027027,47.442747337194,35.8914674284068,195.176001963371,20.8464767820526,FAIL
6.38004837818997,4.81949673742145,1.07365449068539,10.3638171087026,0.0170267425222764,-0.01838917603317,125.135135135135,42.1549707454581,24.4604298303931,219.779425446528,23.7704899252691,FAIL
2.9657348593716,9.45733918179175,8.212330807464,6.90440232321695,-0.131644611973399,-0.194470963517542,183.243243243243,49.984848207267,47.0537444935174,200.026299654707,19.8949919991135,FAIL
2.34061722776141,3.21684007228959,4.15228303962046,7.82768099998221,-0.0328050648562973,-0.0661057673605736,125.135135135135,44.2084011087781,25.4687707134124,177.342748031072,22.0254559937294,FAIL
1.03560961913048,3.0796146085871,9.57547641191034,10.4324700326228,-0.0927432301129664,-0.121729718008585,108.918918918919,39.1473278505145,20.0369865259282,187.750690575573,25.293848149184,FAIL
4.25050851278658,5.01867671433162,6.56375820702327,6.08107776281997,0.088999809770607,0.0397722617953581,167.837837837838,47.8971356109455,39.2119487459717,158.784817741481,20.1967235017798,FAIL
6.11313346811019,11.3738224008422,6.94828910067674,8.57590743604533,0.205824481883298,0.129400044662823,167.567567567568,47.186154752011,43.021614600842,233.775784656149,21.3353274131462,FAIL
3.43981376140116,3.40487290808914,8.53402126525424,1.94276582424112,0.274266421767822,0.236058742139625,228.918918918919,40.8363195217313,94.125846059677,46.7576107731674,17.5077349887161,FAIL
2.1782929635134,4.67862720457865,6.09809396524366,5.49857492124237,-0.104300681712406,-0.149912747762623,175.675675675676,48.9581241278281,41.1007917164037,143.969215473079,19.460518241735,FAIL
9.33457669094885,12.3915070725339,6.41294376128648,8.79937631921047,0.508509763177864,0.401828377970205,162.972972972973,45.7687578874402,44.3700709121773,226.065923372601,21.92966883407,FAIL
8.33626559185327,2.07841540017562,2.8549801028587,4.64356547964786,0.320963985284612,0.280417113209666,151.351351351351,41.9814846840436,33.3982409961024,96.4290471201701,20.6295691923656,FAIL
2.89806867439785,3.75026959957193,3.96285457758897,3.97209728093146,0.00663186322965892,-0.033637893420695,192.972972972973,48.6038813256906,49.8265275451967,104.69548201023,18.6196143194687,FAIL
7.59293059557853,9.18138634094508,3.58163693439972,1.55799480505463,1.59667000228513,1.36351968040456,215.135135135135,11.0088887835192,194.026259385574,30.4975926622649,17.7425870327733,FAIL
3.76808603862911,5.14074058489721,4.99538681496206,3.29120784699455,0.133754100397178,0.0848801678937369,214.324324324324,48.8415116380436,69.5261238325119,88.4967641438408,18.1573782202949,FAIL
4.32478164247761,9.62049182026003,3.87114673134406,10.3044704874176,-0.0533999725599923,-0.10763652509083,150.27027027027,45.2615025104982,33.7245555604043,257.066176222862,22.3778690887192,FAIL
9.63778009149526,10.7234428837975,6.29950027733705,2.48408516902762,1.99358688661719,1.70133672226563,208.108108108108,35.3081964507381,134.069283591619,54.7925586796633,18.4386649307994,FAIL
2.74026404467472,6.83667516878062,1.80164161515992,9.86837841702073,-0.125143360810617,-0.167151946143181,142.702702702703,45.0417112052864,29.517998160671,220.35448209739,22.1254758885542,FAIL
8.81050582191342,8.98274621183182,3.88120737353916,4.1467019263634,0.703437728395679,0.563358268537473,197.297297297297,47.5576238253683,74.9470669610038,104.337185965941,19.1680513512471,FAIL
6.40867885597638,4.29243703897753,3.77110914180282,4.10741249512892,0.329682581530087,0.27120967170672,186.486486486486,47.3675837854658,52.3319287517106,102.641122386366,19.1883823244488,FAIL
9.08242484160789,11.4962343226284,5.65361729992836,5.95294620755811,0.704305740623979,0.568811855506434,184.864864864865,48.1214939403388,60.5176373879468,157.561293331475,20.1253949873526,FAIL
8.92457118494068,8.17934822062859,2.30407898336132,2.5004837612734,0.719174098676294,0.52441048455366,208.918918918919,39.544151637221,116.07871118893,55.0419247927217,18.3614387461663,FAIL
2.32739533622707,12.0052494035906,5.41639191118924,7.17173679583609,-0.300103117072429,-0.365441354307128,190,50.5429279242784,50.7467801465367,199.210573859593,19.6682923810937,FAIL
4.55345685181782,10.1040254775034,7.20494912075343,7.89196613729452,0.0501197930061285,-0.0165559092834759,172.702702702703,48.3427617806473,43.4452867528469,221.227852842599,20.7411820663065,FAIL
2.0446285191782,11.6939925316739,3.90252751225009,10.2903853240802,-0.300527633958399,-0.358230566932809,159.189189189189,45.9730685149806,36.6136890250218,206.671992094328,21.6401174506318,FAIL
5.6318850837932,7.03441959455732,2.06149777220086,7.28093651156596,0.0365729503537303,-0.0185684116300097,164.864864864865,47.7371454719533,39.2507583260106,188.894672574405,20.6973381823336,FAIL
3.99813339757814,12.2254646545951,9.79259889247985,10.0253821653427,-0.0601043670023582,-0.126802413028226,161.081081081081,46.3349533295117,38.7072615040793,274.278686805394,21.9580397222343,FAIL
1.2349459698655,5.39988497060884,1.5643893694998,2.88783761942067,-0.353272799025375,-0.388581044544197,221.891891891892,37.5855931759907,79.5380409403835,45.6110983283234,17.4173863144392,FAIL
9.37649786130464,5.08955312824021,3.98961513769246,5.82386380061942,0.414671761006757,0.339732744073142,162.702702702703,45.915227022209,41.8027466627483,137.627128154991,20.7598675260218,FAIL
7.27592622862199,5.24416781089241,3.22965892153696,9.18745422740704,0.145239140466541,0.0994238688957803,135.135135135135,43.0216947019181,28.3532035350326,201.685280979341,23.0669535670755,PASS
8.93982932405001,10.9553361224809,2.56786891971209,3.49655003467483,0.642286077784184,0.451363365060886,205.945945945946,45.2584695581384,97.0974056735789,84.2410905410872,18.7560427636691,FAIL
4.93242117856282,1.90807129629199,6.63864538940187,2.32745328425402,0.412043141093141,0.375175193436223,198.918918918919,38.762082365112,60.0514012726456,51.9618030030534,18.2509641921782,FAIL
6.18352243001282,8.63695980583297,5.67319995913772,2.12879608566159,1.08442595196539,0.963644677642792,226.756756756757,37.4035506804969,137.885965661228,49.646143641619,17.783593860327,FAIL
8.87988404861447,5.0294770549083,9.56797178434005,9.68775350161677,0.302250907523849,0.253264400066522,127.837837837838,40.7986249286673,27.0498289692588,198.678155699376,24.3402228262877,FAIL
9.61111762041361,4.04684987789645,2.88743590789058,6.02581134916277,0.320003137693673,0.258209327631151,153.243243243243,44.6744956494535,36.3788594945093,135.128993308178,21.1682180751745,FAIL
5.8104715855932,1.90422444403412,1.37181366417107,8.37004178834724,0.104739766271453,0.0825398882446196,109.459459459459,39.9319837090188,19.2120674236968,150.271635153412,24.2079210878381,FAIL
5.21355518774127,8.87882950180543,6.36917711858684,6.25936149492529,0.184949201433142,0.114848238606337,184.324324324324,49.4458678236643,50.2793051264652,176.352509961684,19.8863491195718,FAIL
9.60802625827201,5.84544255841833,8.25982555300842,10.4822505000945,0.317724904273861,0.265109931755789,126.756756756757,40.3033757592931,27.2093929510946,213.687856865877,24.8085596405137,FAIL
6.63203451514975,4.15348043559428,8.85626347575627,2.00845366369367,1.03190284157359,0.94776640826533,214.594594594595,39.0293813034226,101.939942079401,44.9283711702775,17.9917083875075,FAIL
2.79189514676794,11.6142551470942,5.06558618299822,8.54346850783522,-0.217787642873022,-0.280538155429568,174.054054054054,48.7536682204207,42.9241227973429,232.772248254574,20.6420161996519,FAIL
3.36133289831615,12.2763772535169,6.40421705622355,5.27982049876145,-0.0853905663841618,-0.155666047763258,212.432432432432,51.6917660924875,68.0900723850462,159.263583061008,18.7675618395043,FAIL
9.414700028346,5.4279983673256,6.27215890936379,3.10898545135024,1.0298527031675,0.900530189137195,195.675675675676,44.5514102080519,77.2549060073678,71.9034330239998,18.9461940943618,FAIL
6.39027797341547,7.53975719257916,6.23823665450541,4.64186310875129,0.446526655779457,0.365065554112848,195.675675675676,49.2170916395453,61.385784349796,125.788571069733,19.1970762521582,FAIL
2.74070861250318,7.42356897308275,8.18525734594937,4.8191166061273,-0.102480508573741,-0.15951694388468,202.972972972973,51.157761791541,57.9616503107314,140.546212844366,18.7359526699782,FAIL
5.31353093438278,11.1874087995221,8.45370583594048,9.33272727235891,0.106527014958681,0.0372227849645566,161.891891891892,46.4526544111218,39.6226813381837,252.425005761727,21.789513761727,FAIL
9.52687606221964,4.48525927308922,1.43385814958549,2.93082465522834,0.31049686439017,0.197850772179959,194.054054054054,43.548291539569,74.288087912677,65.1032424344668,18.8409438154645,FAIL
2.10993666149673,8.98929770976715,1.14137161749284,8.71874540604271,-0.237041039029297,-0.28496919660462,162.972972972973,44.7260519801586,37.0239466793614,135.834247563045,20.6642585076118,FAIL
3.23640430727871,11.4098608418318,3.40782927695344,10.0721653424519,-0.178440309606527,-0.235801545533605,159.72972972973,46.6462203455135,37.0120885962703,256.042179345329,21.7132436339745,FAIL
4.16777472088863,10.1261646480405,1.84817974213231,7.50877668957028,-0.1195622234838,-0.178303729203498,178.108108108108,49.3467056983361,45.1149184136907,206.121140647783,20.2025373969749,FAIL
3.42620881995885,10.2653049188885,8.97172660779215,1.70502259654528,0.339085011756997,0.291963479690248,248.648648648649,28.2864659378386,184.330541929874,40.8318562131437,17.1535968072098,FAIL
7.00200911587831,9.29844056601907,4.88106107461145,3.14667341675554,0.82486176150808,0.699606498198916,215.405405405405,46.1231234295354,98.3555426210509,79.5674202102848,18.3638219942244,FAIL
7.880307187556,3.15695470579026,4.56269241162305,9.42240755951913,0.193649023221509,0.160856678543398,116.216216216216,39.451824543998,22.2711593413509,172.002387697018,24.8664188253011,FAIL
9.06673784680504,6.80762759282765,4.14727633953485,4.56682182375076,0.59640361055126,0.487615128150133,185.675675675676,47.4505982343099,59.9236566679334,113.401339070575,19.6110629534019,FAIL
8.02395452595313,11.4325873422816,9.15661303593066,4.90048301344621,0.910311654843055,0.773506589609003,197.567567567568,48.7116497659434,71.9778842951533,134.111005654304,19.4000824734797,FAIL
7.78127150251719,6.29922725482309,7.25018244391287,8.21841367913196,0.298457067726259,0.237549331956043,148.108108108108,44.5972531547891,34.0942020210753,195.607733681157,22.2188692772776,FAIL
2.35993118456781,8.73585744828855,2.2810599818355,7.55796615842007,-0.220120996965523,-0.272299195815483,174.324324324324,49.0720166019762,41.5167004194951,186.572388230306,20.0919543095165,FAIL
6.98336013503075,1.63999195138112,3.73795684256184,2.61298473029946,0.479705574945824,0.439089545341576,181.891891891892,37.4703442223917,50.4006161143152,54.405831206956,18.8528013698331,FAIL
6.29205279804628,8.14872931062895,8.11736917554939,7.90482855837022,0.235321618110129,0.168413979772576,161.891891891892,46.7206748674282,39.5178304711101,207.336957855426,21.3478125567411,FAIL
9.47373131814073,6.70216108942495,5.90027282523437,5.7261279461021,0.5815168813712,0.485168851394885,171.621621621622,46.8637113612468,48.4706601234113,141.877334078747,20.4897791038224,FAIL
7.18899922976477,3.24081604800993,3.61198271769791,6.59405484680855,0.219960454767442,0.178384756570457,142.972972972973,43.7198692851128,30.0790466760849,144.129425087213,21.6396901897443,FAIL
4.60547095785106,2.62357939522911,8.64147445820731,5.79801265006529,0.150245792099548,0.113769732365524,147.027027027027,43.9426982430823,30.3566956763458,129.834222110211,21.0496691172704,PASS
4.45111678936405,3.79459780914046,6.178082156101,5.73450547381404,0.123051735114595,0.079606720854611,161.891891891892,46.7342906231177,36.2483016359525,142.091882537925,20.2989555183444,PASS
5.55122753140707,6.98256118711557,3.91125756391198,2.50963258002115,0.527996451951589,0.447640001431341,224.864864864865,44.3382615303661,105.499988256316,61.8434643424847,17.8970946145767,FAIL
3.8296364001726,2.12462628531617,2.2474027349931,3.78609194025516,0.109611378246102,0.0784650459483291,174.324324324324,44.6580680492928,39.7872553841017,90.0183864316218,19.039691140828,PASS
2.31400504175446,11.1298475257829,2.02729510370876,9.88991262306324,-0.267933246131583,-0.321704214859692,161.081081081081,46.5999219941595,36.9072364390731,206.417776963353,21.3398283959796,FAIL
8.56651421285736,6.48413456215619,2.72828335592598,3.77006191696555,0.491488307546978,0.381370716674709,195.135135135135,47.0010186533202,69.8197542281447,91.932742790853,19.0490688791375,FAIL
8.38422657496094,6.02344985660538,3.64670006770051,9.44381224981802,0.20131520949015,0.148214369957062,136.756756756757,42.8022230593008,29.6794411783448,208.124619265383,23.2505377843839,FAIL
8.82101005609436,10.3957543631606,1.38582321769818,7.65291957904738,0.0184949054915782,-0.0748433699057203,168.378378378378,47.212198625759,45.7540534276362,195.236585877099,21.024690623524,FAIL
8.51460574609567,4.28068674057862,1.6391726516478,6.90622148766498,0.145480177420081,0.0939781182894265,147.837837837838,44.8055122365105,32.8980220804872,157.047471160346,21.4970717935164,PASS
1.30495185887129,7.30709617649563,3.00774708640978,7.57582930271957,-0.268760181110123,-0.31893365975041,164.324324324324,49.5114201707703,37.9446279445401,215.25730011018,20.1598970238385,FAIL
1.17085707457952,10.7078468435146,2.94569699884927,8.36481507806008,-0.397977333428818,-0.456207067837215,170.810810810811,49.807280081245,41.6674163325455,236.622017311751,20.224409777579,FAIL
3.13501543564536,2.1922060636704,4.87207804416737,6.82240264234928,0.0468643614270647,0.0181326858639763,128.648648648649,43.0730121154555,24.1458251499006,143.292559386789,22.0673201583909,FAIL
9.73818631126839,8.90866648691087,4.59888670517354,1.99033866343895,1.90920737441847,1.60382955283872,206.216216216216,26.8888200852798,151.784754621347,40.2170818479134,18.2628998776994,FAIL
6.74299375760542,2.42762366148801,3.86089616728962,6.95927791996929,0.193955434886242,0.161436174321218,129.72972972973,42.0159059704346,25.1720181830766,138.440699825448,22.5348798433922,FAIL
4.60944983774069,11.6816584373509,9.66583044401766,5.86605361282252,0.184195689344349,0.103928593923461,199.459459459459,50.6409617612937,60.7471070151795,176.301203006255,19.3780881220099,FAIL
9.66094314505953,2.19854454740953,2.74752568444177,1.51475805618813,1.053045573418,0.945922662127271,190,24.5259725355504,99.1753129247866,26.9477489045413,18.2991368514084,FAIL
8.86701553888067,10.8638828255215,1.18433297991567,1.56649372053387,0.0303827616473908,-0.340692122360569,207.027027027027,-2.26381262724561,210.871114370015,28.8262627344044,17.9051764035284,FAIL
3.93337776007844,10.2301790968415,5.78415862163008,10.130603003277,-0.0711686916530109,-0.128855915610551,154.054054054054,45.7329743722914,35.2134871522991,261.017618134602,22.1757134044367,FAIL
1.97437794425933,10.4309218502431,7.19794264825389,8.81343139797105,-0.293576433409794,-0.354629056235423,167.297297297297,47.8287521698443,39.6550812278656,212.359719855496,20.8755163680682,FAIL
8.0254871828846,6.24408753640837,7.79132289516494,9.6919688511373,0.26186018419681,0.20763280862853,135.945945945946,42.3308095598452,29.6568828441916,214.965256739116,23.587299074152,FAIL
2.25936330769916,10.4456991803935,3.80178195530306,3.94446567038419,-0.342463915568056,-0.396281262622366,228.378378378378,51.3785028122189,82.177362310544,109.353019526955,17.9314502407624,FAIL
8.43279452513123,3.99940008934313,2.89923447345066,8.68920706743378,0.187686469232845,0.145693028408131,129.189189189189,42.0053292254066,26.3449728306518,178.163639569594,23.3578640105129,FAIL
3.74657500444139,5.54116167798797,1.17789048675156,6.85250706321326,-0.0656138527844982,-0.107787137935022,164.054054054054,48.3616772672714,36.6021490484934,178.763814342156,20.2387416263934,FAIL
5.72634533664579,1.60502687097857,4.47134185550994,4.6112286136316,0.232509228848018,0.202756103822237,145.945945945946,40.8795219867461,29.5793455539684,94.3225818529323,20.6633292759717,FAIL
2.05184753561545,7.14501871259556,8.96957918701039,10.2528586854507,-0.181825231629367,-0.230096469061047,140.27027027027,43.852047367446,29.4413087534018,218.29953320784,22.733848953736,FAIL
7.58372319953464,7.23047069399302,9.99791252339462,4.61329371934326,0.686905507135611,0.590786474472012,190.810810810811,48.3698220671724,60.8860042315606,122.148702059423,19.4519329191446,FAIL
4.28746032553262,1.52094138146126,1.06858736693791,3.37553599514979,0.119315716738841,0.093583084200511,170,41.6161270570917,37.6844046908976,76.7724647788619,18.9656836738801,PASS
7.85673115339759,10.119263332669,4.07663100646112,2.01409761229072,1.48544411259584,1.26299925504765,217.567567567568,28.590064323347,158.518323793741,43.0492494237156,17.9573913860596,FAIL
2.76388968347576,7.82217346457736,9.3212823556328,4.83116968945523,-0.10378667919918,-0.16283990983682,204.594594594595,51.2840016613462,59.3324510402152,142.506614979369,18.7255203224298,FAIL
3.2261442285648,2.87279239121416,8.95356750626721,5.84015275275403,0.0476227469033897,0.0103899191110012,151.081081081081,45.1537962236134,31.2717193978945,137.198185321122,20.6975941202369,FAIL
4.06717220047238,4.95477232200934,7.41935591482924,5.01120415799717,0.114749320246947,0.0638295574332195,182.702702702703,48.9168621938262,46.3416011875324,135.031960035355,19.4032614078563,PASS
3.9801737293477,6.9852436805846,1.29866122782245,8.53908176354667,-0.0883419716417937,-0.133348037469938,154.594594594595,47.007236011979,33.7711446384614,215.935679012686,21.222889786609,FAIL
7.37170046950364,9.95744076471333,3.28981874171951,4.26110613760723,0.481786173094737,0.365838026348742,203.783783783784,48.6799001634974,76.3299024684888,111.90426642909,18.9390661654968,FAIL
8.3621582233935,2.90875121391962,7.27809924688108,9.95871259010689,0.22451263985823,0.194177578683128,109.459459459459,37.423160704248,20.7490007634997,167.080594789062,26.1677491166218,FAIL
4.56355803575702,5.53855631416977,1.50371695855669,2.65247452265264,0.0417890876166064,-0.00923293800006142,224.054054054054,46.3530421420662,88.7430033088313,66.9872893456376,17.8338982797823,FAIL
1.91781371869813,9.7200668595851,8.79414274176128,10.4693534171737,-0.267476189716181,-0.323730183903021,150,44.9048648669324,33.27846481275,220.109516459156,22.2622579179301,FAIL
1.88630261787682,3.29829663456573,5.36070218272018,9.93542057469237,-0.0544544537014833,-0.0844531136105817,110,40.8274311617309,21.3238903010463,188.730182610607,24.2598356011016,FAIL
5.58636380650215,3.77921008494029,1.46318805214716,7.34959218330594,0.0578505468772311,0.0206857383700002,142.432432432432,45.018279141386,29.0643762822942,169.627254592203,21.5238341563115,FAIL
4.62696648138604,3.82908716204156,1.43205002092849,5.69808967334167,0.0371263150507655,-0.0019610083891588,163.783783783784,47.4172690547898,36.3726100598736,142.969918052917,19.9979010117158,FAIL
6.13392977444056,9.42452797528149,9.73400227348983,6.02440703842701,0.385788781132964,0.302390446162952,186.216216216216,49.2357477840827,53.8371109542075,170.419274729535,19.897782230264,FAIL
4.36295904766841,9.70547343217579,4.84576379453171,7.07038505004336,0.0186231296357728,-0.0459492441466613,180.27027027027,49.3686739610835,46.8337261046223,199.381684367561,20.1399785790489,FAIL
8.51012685221474,2.51164497937701,5.54447557097812,8.83656028892023,0.235730478168737,0.20554051742086,112.972972972973,38.4976806419426,21.2969010605841,151.730632716029,25.1369880319014,FAIL
4.42122987591187,2.88908590837215,7.54163322772984,2.38780319991211,0.374794261963937,0.332257010858956,211.891891891892,42.7671695486981,71.5375332532435,57.3065625606759,18.0043190084739,FAIL
7.84443158538277,9.13840597406059,8.90123495094018,9.11493377748287,0.339283678502699,0.2652598378838,152.972972972973,44.8933281772146,37.1703049157385,228.41124858864,22.3924188620174,FAIL
3.95041489745052,2.51304840284132,7.23697064902653,2.26390350304961,0.306442846209926,0.269113577629912,212.432432432432,41.3730581079024,70.1793903846038,53.6601669704155,17.9063193776728,FAIL
5.59315554650024,6.21120359066712,3.54210361237605,7.78222730620029,0.0955018177314194,0.04387922180741,155.135135135135,46.3752985181367,35.0287671435958,194.186570959604,21.3281868767389,PASS
6.12945966678945,6.9330604069375,1.46073331699388,9.71542904381416,-0.00611507884246204,-0.0531908121172383,142.162162162162,44.4875426334513,30.4771843827286,229.258556182983,22.543474038025,FAIL
3.50198317560973,9.00505183969457,1.44490059134651,4.41816802480399,-0.18869639862526,-0.241900217159969,214.864864864865,51.2879046079468,68.9618045914425,124.204582212861,18.3775514981158,FAIL
1.18524880047071,2.60502361950788,2.93276044572469,9.83354625574519,-0.0420619614677099,-0.0673455462881107,107.567567567568,40.1048942193508,19.230606365715,171.015846764917,24.4718496230719,FAIL
7.18420899370757,5.42541547746081,9.93952951090027,2.07884054154636,1.30520733516225,1.19087203617029,215.135135135135,38.941886966175,112.729844325897,46.9111252734379,18.0451020416629,FAIL
5.61269935952719,10.2557976797366,7.57194078356557,6.87708946149795,0.233947375381835,0.15678602497471,181.351351351351,49.0154547726064,49.624046394048,194.954502429007,20.2440045177862,FAIL
2.01365663207637,7.41255362657453,8.99370149097483,3.79682737777027,-0.252448803041656,-0.306189533786901,219.72972972973,51.1933747497075,72.0996674584027,108.186691781589,18.0223970731624,FAIL
4.56016526679115,4.20056848168062,4.7955455355961,7.53346132595692,0.0741467830142624,0.0332850649924254,144.594594594595,44.9527845894728,29.9843559026711,176.398970750465,21.6542267006929,FAIL
9.30760496581884,3.36728903885674,9.08340651019332,7.67101644165477,0.358255478535077,0.312851769025509,130.810810810811,41.2701555543594,27.3570748528461,153.42591388928,23.3150806473636,FAIL
7.49052343536342,5.70387732348415,8.41792630581898,7.10811947094903,0.33743694791489,0.275345977973426,155.675675675676,45.650750912768,36.8563501295836,173.623573553656,21.4504340736943,FAIL
8.48416024959366,2.33315410206233,1.23301524419748,1.59638719728229,0.458440713517556,0.373447137746599,197.567567567568,28.2819339327248,96.4543970751865,30.0859653490766,18.1154565333802,FAIL
8.2538181907774,2.46737117662687,4.01395746003423,5.19908429709471,0.336094276082368,0.292911262663629,149.189189189189,42.8446515370207,32.7757147065621,110.066242481563,20.9795296088411,FAIL
9.92521242836851,12.1988019952319,2.96925285754101,4.83036025658862,0.625369684060548,0.437604983383586,193.243243243243,47.3920890407394,75.7157202540475,120.873159054896,19.5472718402532,FAIL
2.72710328913502,3.36804826318554,6.56236521046408,9.98971852022425,-0.0182356569212,-0.0486448969374012,114.324324324324,40.4770405729353,21.5503347809011,195.637388606538,24.5306136742437,FAIL
2.43299190779253,10.7127262956805,7.66615533917945,4.95952624881346,-0.252481370413838,-0.316341351890039,214.054054054054,52.0048486269349,67.281336867289,148.006869654086,18.5285645876722,FAIL
3.3449544702016,10.0257700049676,3.91643421031712,4.9095744474676,-0.100015317567212,-0.161333978658946,211.081081081081,51.5102252558439,65.9385459785685,142.703883058369,18.6346340676069,FAIL
9.56553208145682,6.23714354885395,5.45688093771799,2.02761286728173,1.64835330762472,1.43739242242301,204.324324324324,33.8788901830435,124.899335394265,41.7004002439775,18.3306036306715,FAIL
3.78215612113339,2.80820954457591,1.1774079372015,2.713424411343,0.0496002955507925,0.0171907175283862,207.837837837838,44.7671386333517,62.0309505690451,67.0724166596283,17.9843601629295,FAIL
3.70195737936659,3.95986308968732,6.81936453140586,4.90583608201147,0.084937546444278,0.040201940142959,176.756756756757,48.0796599347287,42.3932132583704,127.781534178753,19.4720080853668,PASS
7.70799886292419,3.31581621205043,8.27681409412555,1.65196972316255,1.35571648659423,1.25572747970444,206.756756756757,31.7091474301181,110.813474108104,33.2768880008267,18.0165251200656,FAIL
6.35280288660251,4.70109192371279,2.4425614934359,1.66397708676995,0.634939164052529,0.546161978938693,219.189189189189,32.3719710633034,129.797160019691,34.7608807185699,17.6888050017428,FAIL
8.41913932061487,9.29739559879407,7.9283093705794,10.2922351603933,0.319370468025316,0.249174641709454,144.324324324324,43.2214351805688,33.9212036935568,244.442905126327,23.3707567090436,FAIL
3.77875754793733,4.42112761881239,8.95688860258849,5.22422149433422,0.0863573954603556,0.0383116852949154,175.675675675676,48.2870185169444,42.267092807238,138.091659286003,19.6601596874688,FAIL
5.29834629561287,9.41914114944887,2.35836267478467,5.25744588743734,0.064545032231031,-0.00668833993336482,198.648648648649,50.3243646905989,60.4923830177859,146.441345433134,19.1430828256055,FAIL
3.11076620297098,3.2847207723655,9.40415472985432,6.67936922133349,0.0184729725907891,-0.0198903480409088,145.405405405405,44.915865019686,29.635475054888,155.804977729407,21.2651478114915,FAIL
3.77982851182595,2.75726079557412,7.28188300699576,10.1365455686607,0.0463839605659059,0.0200457958105221,108.108108108108,38.2931645076399,19.6809698806233,177.888161060854,25.7316286872799,FAIL
1.46619849016043,9.21941824392897,8.81262941880888,8.17783131876676,-0.336633676478448,-0.397107936264321,166.756756756757,17.6386364951261,39.8506377430716,51.9955451928993,20.5359834208663,FAIL
9.70668149559322,11.7550053621833,2.55017729936184,7.89832058710005,0.265699635032792,0.152450691956312,167.837837837838,46.6460888749901,47.4519505828124,199.044586021961,21.3023245116327,FAIL
6.29577771055852,5.4697520219043,5.54216108837499,8.99069682623321,0.148652974353428,0.101651974185609,138.648648648649,43.5295905094384,29.4223426249181,204.478859748339,22.8058225056124,PASS
2.9820197621409,11.9259513670361,6.76222494481507,6.68497820151643,-0.177006767203769,-0.245211118430618,194.594594594595,50.8729532552946,54.063993425794,198.387649814842,19.5251947419237,FAIL
4.99615612526512,7.9957137941716,3.77136466501935,9.33313044213002,0.0209486421646041,-0.0319821449197943,150.810810810811,45.5882049462378,33.6958890445115,232.612473242193,22.0507539912206,FAIL
4.01027069067419,4.82936725230735,7.83067346952059,3.83227601564646,0.175651024406162,0.124253231356424,201.351351351351,49.0610905692412,58.5911320101807,103.902117067861,18.6105531335849,FAIL
2.17468437556448,7.75794057929063,2.19958444918997,6.28008170870431,-0.222023656436321,-0.272266772215746,185.135135135135,49.9815252156048,46.2050811063089,156.203375731708,19.3479870294903,FAIL
5.87773967773593,4.3283493603079,6.27581358927928,3.61293510871407,0.416544456993236,0.357051681661,195.945945945946,47.3305185091502,59.1656357326871,91.6411860144645,18.8195511022167,FAIL
3.52944906434905,7.62604622051967,5.05320933146405,9.10093072066459,-0.0677924369687607,-0.118611857158459,152.432432432432,46.1462549769588,33.5211690584177,230.059995056875,21.7561813546637,FAIL
1.33228963741539,3.55140416434948,1.19198252913992,6.56370524567367,-0.088726970380888,-0.12274069296804,147.837837837838,48.0183727709963,30.5254776327124,167.715072988044,20.1509326169255,FAIL
1.48452993658818,5.09820482294305,5.12632976878648,9.37681220287776,-0.153137581742405,-0.193695083199704,132.972972972973,44.9287168071818,26.9841537410849,234.67777636391,22.3863317762394,FAIL
7.20627355623374,3.9494706284556,5.39817539101727,7.41194398630454,0.234277708463168,0.189113270139189,140.810810810811,43.584250358261,29.8960358748144,163.853306279145,22.1628065051724,FAIL
2.85951175845926,12.1653532176126,9.29214324415369,2.54471758523651,-0.103179713104031,-0.155690436237992,249.189189189189,44.7256689491579,135.339969109846,69.9518775814071,17.3811608642635,FAIL
9.44928628491344,5.94683257624865,3.13271240895913,1.73748566467037,1.33203361363157,1.10849812040639,203.243243243243,26.9340230690042,141.683971055764,33.5493317097841,18.1664623678852,FAIL
6.49081941948211,11.4867573658795,6.81352078836691,7.14084594071971,0.331127314474359,0.243197102676245,180.27027027027,48.6232677451499,50.823007367257,200.081240214451,20.4406533805201,FAIL
2.98226509330771,7.47542968034585,5.22917292836212,6.76633526552799,-0.101649936460369,-0.156040176518736,176.216216216216,49.4127220801933,42.7731432829678,186.505249659864,19.9749348895233,FAIL
5.74381733933787,9.59767276274827,6.5660568005586,6.67242055264893,0.23676474416781,0.161406732112737,181.081081081081,49.0014835552791,49.3944206419943,186.802467630986,20.175711086521,FAIL
3.92896732123508,7.77688821684747,1.42744292752301,2.84508078228425,-0.125683111842408,-0.176472289273081,232.162162162162,47.7458028265043,97.7411448833973,74.5222467892194,17.7259845043731,FAIL
5.92150956615931,10.9174179081416,2.51381507525321,5.42686096368797,0.128872705057429,0.0445491532544644,198.918918918919,50.1142810826541,63.2843145682973,150.713639857763,19.2593573082378,FAIL
2.85027030158247,9.10794497393941,3.27312085413263,2.25884999222664,-0.211643358320807,-0.251043116068138,247.297297297297,43.2311453573072,131.554497328806,57.0621210579622,17.2837492330693,FAIL
1.83636437123628,12.265561674338,9.8429353423417,9.45574955661353,-0.361019628580287,-0.427442259367479,167.297297297297,47.3936601980234,40.3403981004939,221.019129956314,21.1474017077836,FAIL
7.84693239572393,2.70363020452549,9.17277024326406,5.4421524493517,0.384937593549926,0.339520782366967,148.918918918919,43.0386678245874,32.9615880368893,117.337004715342,21.2169300914418,FAIL
8.43967416121289,2.39021656447713,3.66565434604144,4.56923684203102,0.374881793073453,0.328681229647545,156.486486486486,42.9243761569229,36.2382005434138,97.7117805754572,20.44822005241,FAIL
3.32106043875681,9.82019931127815,5.64263445831507,4.02972237421118,-0.0355397304528708,-0.0970866271080064,222.972972972973,51.2054427765969,78.579150515838,117.43695423305,18.201902516466,FAIL
5.22372925095837,9.07959473321116,4.40859668041765,7.63619460581123,0.0848306459220806,0.0207409275989668,170.540540540541,48.1362385522783,42.5398404144981,206.907958668565,20.7181702665162,FAIL
4.73626763562165,1.47174457344484,9.51319614606571,8.97614914568415,0.116982777553637,0.098382399797984,96.2162162162162,34.6636282027715,16.7439529461502,126.858312670533,27.3612441142744,FAIL
8.8267446082889,10.883448952089,5.69128084576296,7.39740216518633,0.5016885334979,0.39588522935144,171.351351351351,47.1503089273614,48.4342387878364,193.718784836547,21.0265997000576,FAIL
2.09233236172369,9.22272410359143,8.05016399004445,5.90327261157083,-0.270087168470942,-0.331725499364247,195.405405405405,51.1443103247589,53.2846713992441,167.790397607253,19.1250781904941,FAIL
9.02304271098499,3.10803076228561,7.82900927371826,3.2348565433718,0.789538015565636,0.712757110057056,182.702702702703,43.2272120817811,56.7150576396429,72.0540472756763,19.3060609257761,FAIL
7.2235577761107,12.023313023227,1.64030222183309,9.6529168004099,-0.0178514575006543,-0.0913861821696922,160,46.0766872908762,39.8369490734926,245.146301937577,21.924883120976,FAIL
1.78437394484287,6.98032861315533,4.18590813611325,3.58238724007761,-0.30419073160712,-0.351081515096778,221.351351351351,50.1109602952933,73.7723046180177,91.5365915197782,17.8372568503674,FAIL
7.93995238409475,7.57712757368091,3.61481444790868,2.31498456594349,1.01770473892133,0.85866594303239,214.054054054054,39.0731107089739,119.998841647174,51.7200043462142,18.1559041823484,FAIL
5.71845329743639,5.17444947817394,7.83756611773788,2.21193873571406,0.796486623118761,0.720899923794789,221.621621621622,42.1845531359711,103.015958702931,52.7609227870975,17.8880594036276,FAIL
5.84097902978814,8.92123025378689,7.84274072686282,5.32811204460446,0.369572231780331,0.288812389862531,193.783783783784,49.7331914017415,58.5283736909987,150.408136699321,19.4324266431388,FAIL
3.22892408008178,3.50868079436708,3.87004216417468,5.08694126199086,0.0270258336695244,-0.0122533994002997,170.540540540541,47.6687176049069,38.5747213074253,129.312536330247,19.5635360257265,FAIL
4.00722542538429,4.2083557590224,6.28968555632676,7.34750474239339,0.0501217224863053,0.00853946831762226,146.756756756757,45.3356721602596,30.6369400105103,175.082288841813,21.4649682372251,FAIL
5.26687873568705,4.71165220844589,6.60610744085515,9.5190405307648,0.0914691892048526,0.0514395435581242,130,42.3077053625227,26.193485964039,204.905140924776,23.5218730346515,PASS
8.86898639299341,10.5438949986455,8.07674276462278,6.27575164242647,0.707341862978786,0.587331681761921,180,47.8982310440803,55.3417141882964,167.607969706643,20.3942534759988,FAIL
1.0919767571311,5.74172432705905,8.916374319821,1.66149660591142,-0.692078161352054,-0.720743457627741,NaN,-47.1352802737112,140.201920780303,10.1455303094607,16.8475471628351,FAIL
2.00839127223167,3.50395853647833,6.77138476723953,5.79762993146479,-0.0730051617097943,-0.113151355629789,158.918918918919,46.8144606723129,34.245510091802,141.687143843613,20.0549450106689,FAIL
3.02346270428859,7.19379697673048,7.132912138618,8.19791116114631,-0.0930932368506242,-0.145529005406693,158.648648648649,47.2189780101345,35.6275259167755,214.491943290396,21.1393554692419,FAIL
8.36443319363922,11.5244005877211,8.72133476612487,6.2265179430215,0.7165303629042,0.594882777713845,184.054054054054,48.334834616949,58.0629358507732,170.371167703265,20.2181911770847,FAIL
2.58203390045585,7.40120561271029,9.04884349812967,6.44731238712028,-0.138135725244924,-0.195208683769058,179.72972972973,49.7724135667317,44.4567068914028,181.843969327364,19.7879912623124,FAIL
3.84248081002055,7.63512890676679,5.43749603109076,3.53275839160742,0.122521038472895,0.0638154458690502,221.351351351351,50.0334152665104,78.8826525456885,98.9644801870696,18.1320407124307,FAIL
9.97511346478681,12.3084858285838,8.47748078955148,8.44360650340763,0.659555619797254,0.5407268046184,164.054054054054,45.7740944120637,46.006644174222,217.720986265746,21.8556953111254,FAIL
8.2658263379869,8.41062393449233,2.27335101617372,9.70292559609583,0.113843460820621,0.0500848554240263,146.216216216216,44.2331353364532,33.7365873170955,228.359925982339,22.7118054268801,PASS
3.42711851955199,12.3136389811858,5.12877678365557,7.22040184407985,-0.131677842354587,-0.199804250396808,189.189189189189,50.2567305710305,51.2988761453492,210.041501904755,19.8620557164628,FAIL
6.94435001490761,1.99501691391073,1.38623667628027,3.99681807573855,0.200245718453592,0.163980412834909,162.702702702703,42.7867092590983,37.1675102693252,87.6372535220652,19.7188368537127,FAIL
1.66821611316103,8.35416912200861,4.12651429677443,6.57644839458485,-0.29437454746374,-0.34969380894199,182.972972972973,47.515307305423,45.927891517151,121.188716725719,19.4672569116661,FAIL
1.02974111573777,2.22409488172268,7.75735625807476,1.95374765701611,-0.20228095579348,-0.232416297667681,210.27027027027,40.3653464386494,75.1268524384713,46.8445388719857,17.268165060984,FAIL
5.63658177053986,3.32682708401713,7.8663415840374,6.86141137386756,0.181042390401873,0.140921019031853,141.891891891892,43.7798022650256,29.4047024937355,152.640906245028,21.8123491709061,FAIL
9.06217614279176,10.4342049279977,7.01670142034158,7.09327443770135,0.59119213644913,0.481377275229437,171.891891891892,47.1705219978505,49.3565079528249,185.928435579941,20.9408925402319,FAIL
9.89806919359397,7.7639217859792,5.40882753660472,7.45837346630333,0.47051610844632,0.380213546055516,158.648648648649,45.6149029955011,41.1406562877624,181.329025680694,21.6183082762914,FAIL
8.2850113262102,3.02037008691781,1.95795726180955,10.3320905238112,0.133016669772065,0.104564950685961,109.189189189189,38.3827447738308,20.1921077847826,179.182930125741,25.6892680497325,FAIL
8.4338988365778,9.34969603002883,2.62740493192587,2.14314311343299,0.98266171936182,0.758057911158209,213.783783783784,32.5075233947072,143.777075717906,45.5255102249808,18.1032404980365,FAIL
1.76574248504719,10.0991286666025,3.77609363288762,7.4683088666013,-0.326364937891005,-0.384853602560351,180,48.1703874767397,44.9124838546867,145.302851944948,19.8594381889721,FAIL
8.15688649807817,8.18978741638149,6.06148912778008,9.01775711645489,0.300017148000965,0.230666185002261,150,44.614670863235,35.6131683217057,218.719857692699,22.450077141859,FAIL
5.09788317924982,3.37587133857014,1.09237671011148,9.68010923707172,0.0353689256190981,0.00700357197627488,118.648648648649,41.8268534906605,21.9130948069827,198.146012615995,23.7604269109278,FAIL
6.93712386000858,5.50429087150356,6.57013324818944,2.96540564398987,0.75716334999517,0.668300704987207,207.567567567568,45.8941692601646,80.5248573378123,72.9637874991054,18.4671104167973,FAIL
2.26474514225518,2.8522151984862,9.63366096075859,6.99765031266108,-0.0286633060592225,-0.063560366166698,134.594594594595,44.0624628333223,26.6534353227709,156.473953026388,21.7420625858677,FAIL
3.88162499156743,4.55142102921649,1.91006633337783,7.84047521614724,-0.0102366162336684,-0.0485327863684399,145.405405405405,45.8032341318182,29.8120830696118,188.14772217964,21.3990542792997,FAIL
8.7865930626115,1.51428615120179,7.08294282247253,3.03873542054611,0.625701549629855,0.580598638167566,166.216216216216,37.1506601425926,42.5692314067548,60.1121157725127,19.6988837745408,FAIL
6.12459432674221,9.73264739120616,2.43583985033569,5.99320289896872,0.11434196065858,0.0369740330299355,188.648648648649,49.5850531946562,54.6997250119853,164.268071584152,19.6847286525706,FAIL
1.62398890195205,2.76138620870332,6.93371412731801,5.86496314758553,-0.0693564772946905,-0.105214228371011,140.27027027027,46.09691346661,30.3303946099781,138.990715640237,20.4282761041259,FAIL
5.47434747936019,5.35095256340656,2.34116733074724,7.80508329479937,0.057646980238228,0.012117335891216,150,45.9062342564951,32.5085570587542,189.246800574278,21.4482342212935,FAIL
1.11698718842291,3.26769163449566,2.4951867022756,9.83349168988306,-0.0725948799991214,-0.101612312896393,115.135135135135,42.0066081239965,21.1618511825128,193.250900546862,23.6240269751271,FAIL
7.37486496861103,3.16240635146125,3.89057088287757,7.71684232386043,0.200786246913837,0.163385740169379,130.540540540541,42.2676562511845,26.0857499112854,157.624117512194,22.8423302454334,FAIL
5.06779796837115,1.67315175995303,4.05486495486543,8.55067579880959,0.118974850845254,0.0982042986340943,103.783783783784,37.6456691894327,18.073336901088,138.163808903633,25.4457003547491,FAIL
4.72510117375425,9.57852455367385,4.84631891233275,7.66146811009185,0.0434859027309842,-0.020607203611839,172.972972972973,48.4826752408169,43.4303081511155,211.233107510478,20.6055103423421,FAIL
9.14861565972682,9.94772066248226,5.15494512098843,5.45148210456459,0.684506569954126,0.554069465353497,185.675675675676,48.0481757399314,61.1736867125583,141.6759474916,19.9299901142859,FAIL
1.04163450990777,10.8330386171673,4.87644729104327,7.90708675894311,-0.450273227553592,-0.51274172114423,174.324324324324,50.5388370200112,44.0627588467018,244.148598668022,19.9755277449724,FAIL
4.24042102104524,9.99582519507916,6.44542764127931,6.37765012149844,0.0510575892818452,-0.0171824031189136,189.459459459459,50.1551318466054,52.1058414618737,185.357736290245,19.6946255974226,FAIL
6.55361029111702,2.91299543423867,7.13620211781871,5.84970098158903,0.268724764764687,0.227074911163604,148.108108108108,43.8341337902048,31.8175346911275,129.67239113725,21.1998484565931,FAIL
7.61013355440733,5.53178187546949,5.46143286495725,8.01890580807708,0.253537336495956,0.198367779913761,145.945945945946,44.445010617557,32.7054143663337,186.721404148735,22.1654556333219,FAIL
9.88865399441578,10.5528027057784,9.96732673571273,10.2504197829163,0.489393961155508,0.402147415785765,146.486486486486,43.1201889989744,36.336329684449,245.366460947857,23.4352598094809,FAIL
6.48612718167815,4.14786929101004,9.62931537848871,10.0928920637848,0.159910743996593,0.122671718063109,120.540540540541,39.9182731805002,23.8431630029385,196.856413841062,24.8889230518458,FAIL
6.95605879522982,5.89786128997565,1.84643253355262,2.44100327630138,0.365739016895733,0.267679256603365,215.135135135135,42.7077088134402,100.245866443213,56.4402881051445,18.0986962839235,FAIL
9.65103934028109,11.5957589647432,8.6497035912314,1.63215470490317,3.68039147612912,3.21723201116417,205.135135135135,-3.14253836131508,210.09078240863,31.2704197346485,18.0763039019826,FAIL
5.36514504572929,7.59612712775093,7.40117792035051,4.30488437915489,0.369283109699629,0.295561362998369,203.783783783784,49.7813561659181,65.8181589801626,119.830585445279,18.8405854372691,FAIL
6.78585913759136,6.04199118550055,6.68952727460516,3.67575126113166,0.606111006342658,0.522754679159753,200.810810810811,47.8866223602642,68.7040054597675,94.736963605198,18.8169153432302,FAIL
7.87073144921686,6.68083815204712,4.08236687430554,2.69239472005046,0.874367325939684,0.746779342438943,210,43.5387216505544,97.4501017572339,62.9807156135961,18.36890540016,FAIL
6.69048052846839,6.43665680783613,1.30809198785876,6.10869322146937,0.0333582577913634,-0.0274704180590365,172.972972972973,48.3019142384891,44.1032736694905,158.535533322413,20.1025016018117,FAIL
1.02363358064808,1.58279032364526,6.34207013794392,7.89919086638227,-0.0220187184809607,-0.0442440255240299,106.216216216216,38.9768858709832,18.5657177583656,124.749080620156,24.2235333045283,FAIL
3.09784182650662,9.86228360793463,3.1824035296199,7.51227000221153,-0.164872975553298,-0.222647815554101,178.648648648649,49.5259759732163,44.4149050372382,205.78153891091,20.1230839951062,FAIL
2.30042273926057,7.20045870141676,2.89062120059116,6.06698775702962,-0.186986821752887,-0.237291239636198,184.864864864865,50.1621414903087,46.0640452365517,159.37729840477,19.3367016021987,FAIL
5.53129820993402,7.21440574314033,8.33044596597945,8.50410107959922,0.138392462271255,0.0813057692713323,152.972972972973,45.7081919462203,34.9797258118461,215.415664460182,21.8655919604853,PASS
6.43589188123651,11.6480618196865,6.8924283317038,2.30500941829361,1.40600095840944,1.2491756446436,227.567567567568,36.1157419485673,148.151939080383,55.0136000042167,17.8475495291667,FAIL
1.65812324624848,10.1274201775369,4.81704168323215,3.62251896985873,-0.496844201884344,-0.548913244651144,230.27027027027,50.05428498946,87.5303873160011,88.5605116120345,17.6975188012908,FAIL
7.78065368494652,7.60526621233146,6.94933839826446,2.79214098641405,1.15009693747384,1.01199417213212,211.351351351351,44.0294908674173,100.320633364869,67.3710491712296,18.3913229985148,FAIL
6.59301955164022,7.38046860539693,9.40356021874171,1.50190945616483,1.91627279419014,1.76464010132663,220.540540540541,18.9472697754982,179.797686786042,31.088174395118,17.613430094302,FAIL
1.75201105753448,8.55164118505906,5.12600495774718,4.65600175691652,-0.339664396395537,-0.394993616472975,210.27027027027,51.0598920627695,63.6976522694292,118.747919853521,18.3356295603062,FAIL
5.45596182165537,4.06753317338124,3.74424876266726,2.23036382291359,0.482135665806645,0.423779587959103,218.378378378378,42.2351104974746,90.596229334542,52.2160776923492,17.8942186468076,FAIL
9.1150940533963,7.64398160108108,2.17468164093671,5.98544970602068,0.249246620921764,0.154280723381439,174.054054054054,47.5032779804044,49.3502303778177,149.79146272572,20.3481289693403,FAIL
5.37122643030254,6.10420840131295,4.57642832776961,5.53108350133325,0.185247045674258,0.126495577962448,180.27027027027,48.8246690746165,46.9828854231916,147.814860310915,19.7216216136367,FAIL
7.7826008357668,6.3211829395382,1.01526306405418,3.75300185060303,0.028046166502832,-0.0633300800833252,198.108108108108,47.6828503357709,68.8955077371005,93.6809948967873,18.8544202116445,FAIL
5.39257013373887,8.26494049074365,3.50727869661477,4.46193018072617,0.217961932440595,0.145438695585717,204.324324324324,50.0039892546577,66.2063617924647,122.863102656085,18.8225053629761,FAIL
2.01723096334948,9.85943497375301,5.23600143910981,6.93935009656528,-0.291702316240734,-0.351922445377522,185.135135135135,50.1072651622549,47.496006003391,179.509754111662,19.6413767368562,FAIL
5.96478565522424,8.98818583941611,5.67403517658652,2.80253495438662,0.762611082278527,0.65959469782004,223.783783783784,45.2790138403423,107.643964209657,71.3671650520502,18.0501814943053,FAIL
4.38566111194445,3.64941909410677,1.27987909574325,3.52935082770431,0.046844650654935,0.00710156433050307,197.837837837838,47.6885699890177,55.0949490645593,90.6202051362476,18.4697776469912,FAIL
3.2091710369031,3.37087807697923,8.43785532129538,6.91813716975821,0.0205328932019324,-0.0175586662582985,143.783783783784,44.8145173108147,29.0982306506329,160.337676328287,21.4309109180663,FAIL
7.36618362058949,7.23690229855877,4.40141111654131,5.9304117934665,0.343825603958427,0.26639914552614,176.486486486486,48.0893520292612,48.2445732378856,154.546564943199,20.1644371582208,FAIL
3.98394333987425,8.45012296074267,9.33880446559837,7.26396303043911,0.0183137730733559,-0.0437423950808197,173.243243243243,48.677305826548,42.8746035371361,204.346872060234,20.4624028323308,FAIL
6.60631840278801,9.45268128863786,6.25475166452568,9.48563005402482,0.186858391993778,0.12095250888616,152.972972972973,45.1957505877017,36.2648368661503,239.628271223126,22.316237815262,FAIL
6.81860280545081,4.28520419125322,2.02910120101146,9.79240049085081,0.0868564105007992,0.050633769840319,124.594594594595,41.7131408842465,24.4446447287075,200.627813554174,23.8367173357816,PASS
1.28181534431319,5.30806166242325,6.0694526543516,5.72888610405269,-0.232640739034174,-0.281248135239069,173.783783783784,50.1983902543509,41.8805962595312,163.593988334737,19.3331358789141,FAIL
5.70482722053311,6.43556724075237,7.54703323202944,7.53885655572202,0.175851083082349,0.118905496698253,158.108108108108,46.4914678131637,36.7666714754774,192.435251466571,21.2816320731023,FAIL
9.94333452433837,12.0718886246418,5.11583146919791,2.18664996568317,2.28298462136462,1.89635400871646,207.567567567568,24.8032915921182,161.114750375947,45.2074717763621,18.32846501527,FAIL
8.93979548859125,3.67965741848618,9.67006131798558,9.82354399466885,0.274839093357292,0.236657156641696,117.027027027027,38.7467829394178,23.3229132428629,179.4090893516,25.4311950880356,FAIL
4.52048556656472,1.7355323645548,6.88580590285853,8.63075910419269,0.105759402023608,0.0841547677405762,104.054054054054,37.3196168963112,18.3200669065757,138.598900386048,25.6797953319474,FAIL
9.60709802462928,7.51073049365948,6.89181032258104,3.50832606467638,1.14458174423848,0.985338337158065,196.756756756757,45.7699988546637,80.7874244703737,84.5598230663118,19.0667828875937,FAIL
5.50873069797112,8.29550266090694,4.12697596129025,6.74955292060843,0.133985927666545,0.0687621842268359,176.216216216216,48.7169758493115,45.4868134468759,183.462182149359,20.2558516659664,PASS
2.38840283369473,2.2745992624008,6.28651948068853,4.76381839645726,0.0128409257618423,-0.0206096741333108,158.378378378378,45.2420462589359,33.354791211823,113.945628962943,19.7876457799089,FAIL
2.9169115373138,2.17036874119116,5.29506920395375,8.02272117336769,0.0328962853378926,0.0066754883760009,111.351351351351,41.2026432235954,21.0960345012479,156.013673244594,23.5279289344422,FAIL
3.23385801350641,3.46551694612697,1.46670592164528,5.42548590929659,-0.00769819183373022,-0.0430751415236524,165.405405405405,47.7750914204861,36.038658981332,138.15564264372,19.6661193964707,FAIL
3.07009928564564,6.23749340979426,7.70535276924236,3.43224460925657,0.01916841920199,-0.032313674216948,219.72972972973,50.0451381655512,73.24996218185,96.6212471753732,18.0648078737459,FAIL
6.51215160661786,5.05545748609785,1.98420023855903,8.85449092320695,0.0735107534950179,0.0307541073418402,137.567567567568,43.9102029632641,28.5630924954442,199.61450342822,22.5553389665608,FAIL
1.64278702148656,8.27823266259058,7.99515194299795,1.6164276746564,-0.698085023033244,-0.719891501387197,247.027027027027,29.908090802346,173.088916433804,36.1544358579062,16.8572069617344,FAIL
3.25558947188501,12.1501090660995,7.05567411166971,4.227378564509,-0.0639342944324864,-0.131936058447264,226.486486486486,51.4653133885782,83.3499928885398,126.462729508849,18.2156810648359,FAIL
6.14867052460322,4.18972401741823,1.50951653943869,3.20916891576066,0.172719011585647,0.115468848413532,201.351351351351,46.5698860621518,64.9762711051407,79.0016812708729,18.5004153987208,FAIL
4.51555333637233,11.5443134991412,2.85112970100508,2.02806148632906,0.262306492994829,0.184264534112973,241.621621621622,33.4110067130663,165.575484902819,47.5389333788856,17.4123893090943,FAIL
4.30516712529254,10.609236013833,9.90668406053702,3.30609243109094,0.385179058621484,0.307762665080644,230.27027027027,49.0051635975629,99.006944365364,94.2470052478207,18.0031856569052,FAIL
7.47784878509402,12.2443305739276,9.75631975897403,2.28167594437052,2.08855207904601,1.86762776487158,221.621621621622,32.7284192156622,154.108481482558,53.2540381637819,18.0010624011773,FAIL
1.65889045198295,6.57911715306802,7.03207155704945,2.54085536952218,-0.375243565747266,-0.416414756984001,236.216216216216,46.8620557450334,99.5212357844252,63.8270435719083,17.3259064120919,FAIL
1.24665346031538,3.40508849303554,8.55486544055709,3.07486752962075,-0.204259536977372,-0.244437141532806,202.432432432432,47.9498268467624,60.0815646758084,81.5541446100337,17.8681282218638,FAIL
3.98046591194436,5.77687246967614,7.00798707771931,5.35683467704508,0.0824595336699924,0.0287865182285676,183.513513513514,49.3654840951084,46.9026483362809,147.288809935712,19.4800744288524,FAIL
6.33709641425812,3.53991108455689,4.36371618121496,5.03526405955595,0.266237895925406,0.218185065425031,166.486486486486,46.1744207848078,39.6390715962478,120.850935653349,20.0618634602176,FAIL
5.59282816723668,10.4194061684374,1.77793790639413,3.343863044392,0.0816422211273495,-0.00835341127085476,223.243243243243,47.8822677348601,97.4073017129015,87.4315136288826,18.1513610488097,FAIL
7.83029001088841,11.0426075757739,8.98315291889219,10.0072044287471,0.333719901146654,0.255413194339043,152.432432432432,44.4541491629242,37.5326419597778,252.75108289796,22.7742639884598,FAIL
8.2192683675065,11.0791236441955,2.3107453641469,10.2305477669803,0.0994933894409556,0.0255913815165895,151.351351351351,44.5780024644903,36.6991535099153,247.842311279794,22.6817538980333,FAIL
4.81567315386411,3.16151287091552,2.35927541231123,6.47067231076334,0.0853750384730216,0.0498783076666923,146.216216216216,45.0446252554695,29.8516621970606,149.116809959366,21.0384175471497,PASS
2.69010825472811,4.67743891928009,7.57246933689576,10.1489301367258,-0.0609840975523585,-0.098340185279812,125.945945945946,42.0748408606062,24.5962881840672,213.709439016337,23.748912129919,FAIL
6.68412664281243,3.71587843258166,2.18704744136573,1.83066853929501,0.543050627061807,0.466050683836282,213.783783783784,35.9989351702985,105.42952418858,38.738214127174,17.8712366573307,FAIL
4.15546463646331,3.43573303997985,1.23784498939712,7.47245381422816,0.0179606659745611,-0.0146568282456573,138.918918918919,45.25997249904,27.2376760520412,173.910283396546,21.4941038197815,FAIL
5.41662969944777,10.5787052524104,1.54831267908933,4.54305685625341,-0.0364641278647874,-0.114816978382172,210.540540540541,50.3404609806732,73.3051959263356,125.462615905159,18.6898372232005,FAIL
4.68734208343078,4.85199924118438,6.05264809238346,5.59088546047992,0.142811560493059,0.0925088066806191,172.702702702703,48.0761606851668,41.6501340024593,145.912420384411,19.9225738727667,PASS
7.77896893749159,9.00781760706619,7.45368541566266,5.84670396292286,0.556695367388464,0.458614635876077,182.702702702703,48.4232357160327,54.4569071911767,157.297488828372,20.0623011213019,FAIL
5.21727539268156,6.91733873613123,4.42724469111923,9.6968889522638,0.0505571613178234,0.00192424374518707,142.432432432432,44.2373566173766,30.5960296580819,230.037272576184,22.6844430843612,FAIL
6.82219364865524,10.730131053787,6.78703396088884,2.87651205985839,1.13314122951289,0.990025201613708,221.081081081081,43.926089535385,114.99880835342,72.4987550214889,18.1796796563173,FAIL
2.04086562506163,4.84393323579898,4.01607343320167,8.03917155029874,-0.111245289575368,-0.152326220137889,142.432432432432,44.7400032498723,29.9457659885991,170.387693955387,21.3288515221038,FAIL
7.75807706594464,6.37158318069325,7.66038601086576,8.86822319389132,0.275931476637179,0.217847466426466,143.243243243243,43.7305707669994,32.1621687494199,206.21515120958,22.7608616553585,FAIL
9.64771970977118,8.30921953763345,1.4352684385,2.46861662059327,0.290727551083905,0.0627117797241272,205.675675675676,38.118276414369,118.757949686314,52.8489977580677,18.4393080539773,FAIL
7.89781618232693,4.83140017365026,9.06825173597432,8.92558842450932,0.268765180195585,0.220356908094667,133.243243243243,42.0649611940147,28.2638607718127,191.294824787931,23.4820412875915,FAIL
2.78603687353641,11.0721854862083,3.2241189277492,8.79203473714413,-0.221255338284561,-0.279621533993835,170.27027027027,48.3518857142392,40.8617475265192,228.358687278278,20.7802842617335,FAIL
9.36061104102884,3.26981822799933,4.39168243624073,7.34081436563102,0.304175377325653,0.259363612803903,133.243243243243,41.9757369797387,27.8473235123458,148.744411995828,22.7826357912382,FAIL
5.2753197081337,2.58312980394739,7.22624916360503,4.03597019614255,0.280375433010603,0.239199057973236,172.972972972973,44.9628213420844,41.6387680722207,95.2906943723589,19.490258026221,FAIL
6.9278341168013,10.5650797538279,6.49860190461258,2.08863554020206,1.60211210300762,1.42451222085858,224.054054054054,31.9438538036883,155.720184432326,47.4013622928693,17.8490267505535,FAIL
6.10747437496871,11.9017074565604,4.06409455578827,8.90129423924392,0.116551469238454,0.0425233752399194,166.756756756757,47.0982125207342,42.4656418864411,237.822365661263,21.4015192140194,PASS
1.69168310916445,7.59046453226745,9.54356119915595,6.00187340562797,-0.28024967412497,-0.338553510769618,186.216216216216,49.9010177670114,47.7757412290798,150.300471511336,19.3104479313427,FAIL
4.10259834815141,6.94957903365528,5.78173254593568,9.85380538221895,-0.0143591852399173,-0.0619124744177747,141.891891891892,44.2991196898318,30.1804059494874,235.667817705247,22.6867241718414,FAIL
3.18692833065121,8.57610624780133,6.25181818479293,3.69220988236451,-0.023610061858596,-0.081097401056214,224.594594594595,50.8110738308856,79.8523364103017,106.365607755245,18.0688302339775,FAIL
2.65478183018315,1.93661480020268,5.7520092388354,7.41909629677884,0.0308725020366043,0.0051245523419482,92.4324324324324,41.0976843888835,21.359570401791,129.448842487639,23.1161748550641,FAIL
3.96977715988403,3.2517638143443,2.48913071434174,1.91280421466523,0.20257447450312,0.166339713333109,226.216216216216,39.5052403301414,93.4818447472372,44.2233371003847,17.5286620634079,FAIL
3.06222916980204,7.7449505707473,4.65071590728561,2.97007630988784,-0.0465106956326069,-0.0959561344898238,233.783783783784,49.001929060917,93.3684666885507,81.3642602252377,17.7006491050714,FAIL
4.32073305855407,8.02438409339716,9.66591896148044,10.4209232714416,-0.000967939759990655,-0.0531945902689738,142.162162162162,43.8123769856197,30.9336412729673,253.275555341961,23.0852696557992,FAIL
1.62952804154927,3.95007617301058,3.48048017942741,8.7895479650871,-0.0947703900579402,-0.129946446682051,127.297297297297,44.6367730096922,25.2901550240327,204.378865011416,22.2998923899229,FAIL
9.78223462704599,1.40135370712244,5.25147660578383,5.77488848390063,0.356159683633375,0.326934644091154,121.891891891892,38.1837227311711,23.3530859025633,96.9923590060426,23.1366334074817,FAIL
2.16394461280313,5.43096605953955,5.36123351733054,8.73311480483558,-0.121429279837141,-0.164585865770868,142.972972972973,44.9827217118966,29.525674228403,193.587480973558,21.8239356005633,FAIL
7.14251588017362,1.63050171923495,2.19984742291804,7.23589098451319,0.171454936186051,0.147839431258318,114.054054054054,39.573794030681,20.3679311479219,125.379050857957,23.7480951197774,FAIL
4.73580905565886,2.21908931120918,8.793126395221,4.67895970699967,0.202030097768616,0.166131712557347,157.297297297297,43.7600616999995,33.9148008819353,105.527362381581,20.2290061419232,FAIL
8.79007150907318,5.04902996380338,7.25886836177381,7.30766362029563,0.380235935189638,0.319092544695278,147.837837837838,44.2965226615189,34.1544674943465,167.785558820328,21.9946147466829,FAIL
6.05675704016877,11.5962726117684,6.30185304936573,5.20503997377263,0.436040041071982,0.339342103926852,202.162162162162,50.0386053026322,67.908145888594,148.503030075049,19.206385515985,FAIL
5.69484229593913,11.0602767661173,5.15064273787534,5.41835910191491,0.2979748817925,0.21140205102049,199.72972972973,50.189129089624,63.8227844331523,154.436151983899,19.2749492578486,FAIL
6.34465953911747,2.22458044763094,1.32215793404734,4.14688517389993,0.164068150592353,0.127988169196036,165.135135135135,44.0197071914658,37.7391881297986,94.0944221385821,19.6269666502985,FAIL
7.81198396306261,9.84762517659095,1.80676128957477,4.24872636683162,0.215511509141022,0.0941550747974504,202.162162162162,48.4277775882745,76.1875347564552,109.30938410773,18.9681960600693,FAIL
2.84301874918218,1.53036459576153,6.82697526721063,7.85493607728657,0.0523652469539314,0.0310838546198423,NaN,-7223.35796179764,18.5403203375879,0.0919342816061262,24.7056930603519,FAIL
8.02085119417302,10.7216750121429,7.07628874105996,7.6718408110865,0.450242788386609,0.35583446642703,170,47.1661429827244,46.4583326757913,204.320250175265,21.1220438318505,FAIL
8.33165797974165,1.43771056710238,8.92340977220515,5.52722573331139,0.344309589859042,0.314937844468759,126.486486486486,38.6637484148236,24.4873933853509,96.8852474362745,22.7143455746418,FAIL
8.3845971393989,10.512174518285,8.84857615038405,3.9756895782643,1.14854241854644,0.9912586397622,203.243243243243,47.4581678464098,84.1818294207558,104.045540418155,18.9950860591985,FAIL
1.80198683661838,1.44865223463221,9.40900823810044,8.08376848389749,0.0124144620030185,-0.00811542600698636,100.810810810811,36.8371138688029,17.7494232473605,114.419339607552,25.3340287176052,FAIL
8.39067659055277,2.95406022912071,7.31336238771968,7.78348084995225,0.285323383367114,0.246943590375249,126.486486486486,40.9090112456808,25.3602340658446,150.995331539491,23.5129470591175,FAIL
4.35095392697991,7.65929235864039,4.34369750337302,7.07585572576462,0.023440162461721,-0.0333076117506398,171.891891891892,48.6066324666344,41.8086324147146,192.060046027009,20.3691726322128,FAIL
7.25727641204927,5.47194528024503,4.41285945888023,4.64324075888935,0.407947391203201,0.335437449801649,183.783783783784,47.8605499169136,52.7241844731854,117.833322113427,19.5250689483855,FAIL
7.92205647300488,2.60779182738303,7.00458090075746,9.66360097652393,0.210383216686888,0.182129274262654,108.378378378378,37.3348554572103,20.221055134087,159.573694845185,26.1026655457297,FAIL
8.1722911786996,3.68131064122679,6.07390041461401,6.89605305469845,0.312971799726162,0.264708744228231,142.432432432432,43.4057771235458,30.9197612435511,150.454269106395,22.0162404343354,FAIL
5.86953644906707,5.11270990378411,2.34325225314652,3.88693416282355,0.208818891945257,0.149104486674427,197.027027027027,48.32589905483,59.7331336431984,100.004191123193,18.796023928121,FAIL
7.02252880762847,7.3833184995418,3.84658729762333,9.12980967704286,0.155194686168546,0.0976655225743751,147.297297297297,44.693520906998,33.3544210344065,218.85580009185,22.3898318637611,PASS
4.51007799355391,3.79930343967997,1.78863566692349,2.59177353669271,0.133637755848216,0.0907746027328554,215.945945945946,45.1491660871314,75.4239733592969,63.8170256628029,17.9300338921389,FAIL
3.45087373160244,10.5358860699111,6.95380258455039,9.97187551427878,-0.116627598182357,-0.175818844677801,156.756756756757,46.176553728486,36.1327143478587,261.600295297367,21.9662529441697,FAIL
9.54725751222155,6.16399809871378,5.63525428351514,2.0154838741816,1.6688087674647,1.45958534965954,204.324324324324,33.7855774040035,124.895287738782,41.4213921782539,18.3256943660856,FAIL
8.83133013330851,4.94038135542338,5.44702222195084,6.91855439734859,0.364755535096192,0.302668092440815,151.081081081081,44.7778855724138,35.3916404295794,159.909747703669,21.6343477284735,FAIL
6.36376361490155,4.73583468152907,7.44878583959918,8.50386875409586,0.180767454386585,0.135345075141718,137.567567567568,43.2733441051939,28.9245107654459,190.10922198878,22.7740768552111,FAIL
9.90898444418087,6.73730519429316,5.79405802928548,7.61525416048098,0.443907838364004,0.364240870610955,152.972972972973,44.8639830988602,37.814703587577,179.813291222768,21.9419973978282,FAIL
1.75150340074434,2.58951704815468,4.83218617279866,4.34399222013377,-0.0547309102646401,-0.0898142754280732,132.972972972973,43.5215868750636,38.3225285147458,110.955828352466,19.0783050730461,FAIL
8.72739826925101,7.12113907915643,6.41282888327659,3.33527446082723,1.02193035426596,0.884713198801927,201.081081081081,45.9164250745524,82.2726227978644,81.1280741353771,18.8493573186365,FAIL
7.85490797950258,4.22825573213023,7.18935079068022,7.19966896089532,0.308172627546645,0.257163227386943,144.324324324324,43.8628271707915,31.7570941890412,161.669323004612,22.0402998303619,FAIL
5.84349841853249,9.50238208031385,9.28401380314144,9.58856758709537,0.150934285785182,0.0865985459168376,153.243243243243,45.2164190438498,35.9979327590039,246.835991629833,22.3512736405497,PASS
7.30701784340403,9.46097579124711,7.48447836945294,7.48549669994571,0.371564733156623,0.289184771972843,168.918918918919,47.3157943461681,44.6210467891926,199.704652612842,21.0211755045479,FAIL
3.91285043942505,7.0579603105661,4.9222667067778,2.06155357278922,0.294146483448031,0.241877610293743,239.459459459459,41.2889460965862,127.430769035945,50.7386605784245,17.4313418714914,FAIL
7.75075442555088,2.25131422943107,2.45054027347765,8.82063149526471,0.162892672405842,0.136753078653897,110.810810810811,38.8848746327207,20.100371530507,151.497639712004,24.8910710719467,FAIL
8.57678679818877,3.95020197772971,2.16625195992758,2.26617458784323,0.600722785158577,0.495015197585368,202.162162162162,39.7015547717852,89.0681012827565,48.2270457063406,18.3858617824821,FAIL
2.82831937584137,4.86648316591151,1.22815439687445,8.42038628268758,-0.0706763694708901,-0.10719497947068,141.891891891892,45.8690875402016,28.7419209613422,198.892993290301,21.4561877283626,FAIL
3.43451788487409,4.63132223708293,3.52872826745775,6.49513092841359,-0.00613352447703513,-0.0488928360134391,161.351351351351,47.5709136197549,35.4018860636074,165.258785239027,20.3514705007317,FAIL
5.36761896472473,9.63519262993938,9.61420586239507,2.57820570673275,0.889828021045529,0.791512542569277,230.540540540541,43.8855271966231,120.485445812463,66.7790625224292,17.8532004448267,FAIL
8.14793964784065,1.8158638721831,9.82020440438989,6.06997320540862,0.329573875122792,0.297068524024847,127.837837837838,39.8124397377547,25.1224234694222,111.27308619942,22.8289269110298,FAIL
2.50560892383225,1.94706020317237,3.41425588154567,1.97885380469398,0.0695395377078494,0.0431710103316699,216.486486486486,37.5628620923594,69.9276451517861,45.7125476465762,17.5314574187856,FAIL
8.13255991105742,3.50502200038774,4.64402384263543,2.38150858317293,0.844033280553932,0.756082431698228,200.540540540541,40.7811343134406,80.0208079768738,51.943786278226,18.4710503546467,FAIL
8.18234132283242,5.25325315557152,9.16773806603149,3.25779919088739,0.922162369918369,0.820163231562129,197.567567567568,45.846932158681,72.4143309330503,78.9958951528986,18.8860663446928,FAIL
5.98073179828026,3.17444773806359,2.9140006535774,7.41776203859869,0.130798516271289,0.0953409675309015,134.864864864865,43.4606803762367,26.7953244431463,158.972443569268,22.1854287660458,PASS
9.65748296003119,9.63687941559108,9.8474845453959,7.00153983651194,0.699870522269841,0.586997099047736,168.918918918919,46.6843020627095,48.2536002731448,181.182110437535,21.1145739212563,FAIL
6.25585407586594,10.1064369225637,4.39798182441084,8.57552566163895,0.146948203269722,0.077241757702935,163.783783783784,46.8911184791796,40.6343202537611,225.753772024571,21.4181326616357,PASS
3.66184402820841,7.46976522267454,9.26892359607002,7.18869575908545,-0.0107416921024437,-0.0685163567846144,170,48.4349596803134,40.7704548967014,198.649575139999,20.5001266315162,FAIL
2.01491110700303,3.27826656085305,2.53321060186013,8.6664570833933,-0.0443932147112454,-0.0753050027912468,111.081081081081,43.5904554265569,23.510037259976,176.620070300919,22.5744785084724,FAIL
3.42070717131843,2.21889301463217,8.50607050438681,2.62774730875811,0.195661088850808,0.160691504709665,201.621621621622,42.6579530794315,57.2361622858732,63.2133870249923,18.1737279999085,FAIL
8.45794025970326,7.8529302831565,5.48605030822456,2.42108173482884,1.36863051625731,1.18943362006605,211.081081081081,39.6277170497079,117.253377690134,54.6273858854881,18.294058315729,FAIL
1.94368000030738,6.73870496255265,8.82931344049041,2.34571480986904,-0.300322173550352,-0.34084445211412,241.351351351351,46.1012476826668,108.955206328438,61.4531994555526,17.2799358668166,FAIL
7.2230154943916,2.83853917317747,7.3432067723179,5.65757067729957,0.320638312230383,0.277142216159543,148.918918918919,43.5847092500313,32.4598513079772,123.989855913575,21.1802123664594,FAIL
5.60805093895545,11.0969756497722,1.33725392249054,9.20874359475312,-0.104612557765416,-0.166341360355871,163.243243243243,47.1388379690785,39.6358908423976,240.613124228474,21.4015658584099,FAIL
4.4633193360438,2.85325564803781,6.98887694513119,3.96625357004936,0.211161634449404,0.170128480330703,179.459459459459,46.0736147804825,44.1867906812206,97.41255062397,19.1901053800921,FAIL
4.75556531190644,6.07827971836513,8.2474625005261,7.90968637588272,0.0881869307303964,0.0364905815755727,153.513513513514,46.0653241350256,34.2489104058189,199.656873002667,21.5230363066926,FAIL
2.1406974931411,9.81942788445115,5.7241187014008,8.18326731615326,-0.259606759479808,-0.318785047842664,171.351351351351,48.6127972906686,41.0640917739653,207.451593623981,20.5004743036586,FAIL
4.15038851839651,12.361232379715,5.7003158851048,8.52020047820205,-0.0444089104454846,-0.113267081690787,174.864864864865,48.441678634537,44.5948688056748,240.321126596369,20.8199562163082,FAIL
1.25540938358121,4.06829435625359,7.43232220917639,5.42439607800332,-0.179507287592618,-0.223942263095241,167.837837837838,49.3919582562745,38.8238760440754,151.523765255829,19.4339184424104,FAIL
5.42033186415568,3.44738833175757,3.18329058244762,2.12445779362123,0.43975533384442,0.387210417611968,216.486486486486,40.7842438212204,87.5120208075465,48.5921554627649,17.8736647066311,FAIL
9.28345217609911,4.48647178323715,9.93018152970332,9.64606473354504,0.314123473001913,0.268033123699528,124.324324324324,40.0604851781585,25.8467837860221,189.737851904505,24.69906978982,FAIL
6.98261832838344,8.0951916956796,6.1623139906278,3.64772206567407,0.72082294413096,0.61564911167597,207.297297297297,48.020862183976,79.8544433896031,95.29775595441,18.6847241679083,FAIL
3.79065346789942,6.22936353633117,5.22448910445109,6.34134584015438,0.0133043814097666,-0.0387491030722169,173.513513513514,48.8574496998142,41.7062354840958,171.691032952062,20.0167404526653,FAIL
8.88417816939794,6.44479693690563,6.86888611231542,10.4724195147377,0.275548467407161,0.221519002161996,130.810810810811,41.1805340321338,28.3287157728856,222.422965483831,24.3450557073223,FAIL
1.73327568765684,5.9130134796771,6.21373536356966,8.50616351617513,-0.176150033378645,-0.222571331829629,136.216216216216,34.0795254529702,31.3470504117078,110.864600433818,21.4350313813068,FAIL
3.83434674379617,4.9717949358875,2.65282338668252,2.76560597672103,0.0883134752125875,0.0437581829084907,222.972972972973,47.1882407674411,80.6579602144338,71.4037431697402,17.841610174937,FAIL
2.5820477577173,4.01468911411962,3.25953524199544,7.88313977987669,-0.0481407903587091,-0.0848966799076393,140,45.2599731429944,27.9634566184543,182.715349142794,21.5774648129041,FAIL
5.81678244189543,10.2177922512642,4.91025587104987,4.71944266643395,0.361438198448306,0.273289949686721,205.405405405405,50.0437891939847,69.8308360854848,132.254866903154,18.9492060586598,FAIL
2.90701312611765,11.1818584371467,1.40178414646771,4.40552924142648,-0.336486237998647,-0.389567606427158,223.243243243243,51.608421865772,76.6492976664281,121.997331406093,18.1790305814891,FAIL
2.32126694450101,8.02116876028889,9.3167589291782,5.16075983933725,-0.194492733037176,-0.253659585879744,200.810810810811,51.3332881583251,56.4065920160544,150.862239698242,18.8330882422132,FAIL
9.73471727925735,5.98638832246968,9.6095675353609,5.58520784656804,0.685572148588567,0.591249416392966,168.918918918919,46.3263692290683,47.1144996150439,136.627522022967,20.6203073366014,FAIL
1.70954871253834,9.32401174108863,2.77881526303089,8.13194189440513,-0.292723683252849,-0.346877659668405,169.72972972973,41.1901251211769,40.0852591206732,95.6922552119079,20.3154892878673,FAIL
6.39035395518577,2.82220488938457,1.81869180585349,7.54814705606659,0.115244793705633,0.0831019250572628,129.72972972973,42.9104273927529,24.9889353199048,156.357739833562,22.4729375716351,PASS
4.87120755829108,4.216086745888,4.55976820359551,4.28530069856924,0.201535965450574,0.15244418922036,187.027027027027,48.1434674935883,49.5905162443205,110.925181904048,19.0951246731593,FAIL
4.03803356748345,7.12263341612498,3.06882505013099,10.4615858215288,-0.0483218119193904,-0.0926351763027501,138.648648648649,43.9320950284047,28.9372058988818,242.646931050495,22.9371689945849,FAIL
1.54850985135946,5.29151455909925,3.54410526566299,5.41575104656792,-0.198514806382099,-0.244235216199748,153.783783783784,-61.3262171643385,43.9411988449589,55.9002598583623,19.0789015254065,FAIL
4.16011446141974,10.4892758056882,5.51706985931002,4.59697500999284,0.106518939597777,0.0356930558839322,214.054054054054,51.0791183924721,71.9773205728869,134.274077828523,18.6063979772956,FAIL
9.03251024835367,6.79701277302314,9.72474344141408,7.91005531468533,0.448069256097211,0.374255650989992,151.621621621622,44.6940101704938,36.7276687071444,189.858976760897,22.1360360630031,FAIL
8.93502489415266,7.85670458638299,4.74155062387778,7.19682602024846,0.399244370583812,0.314199495349841,162.972972972973,46.4088942047709,42.4996828810732,179.536648085694,21.2268297692518,FAIL
4.81025144030139,4.69941722839641,7.90649889033042,8.97974824629454,0.0780630884176904,0.0365653551864099,134.594594594595,43.1443270498053,27.4128691303135,200.190187531872,22.9861098048517,FAIL
8.37137496130125,4.41347168393396,8.26178612982024,5.49479399178474,0.480989047169707,0.415017967278635,163.513513513514,45.7882086877361,41.1348796146514,130.995709759795,20.6355058827028,FAIL
4.81096480295487,9.51163348718878,9.74168075227334,7.90810230042024,0.100279470136075,0.0331056002878032,169.459459459459,47.9001148718364,42.2545913890665,220.393229169254,20.9271186708991,FAIL
5.38225405898301,10.9115925502834,2.90310102180829,7.91129479756568,0.0252579406490229,-0.0432803751760261,174.324324324324,48.4295895697443,44.9529054545688,215.596001389627,20.6630631453883,FAIL
4.09449203689685,3.09968783386115,7.30337990569055,9.81580204259876,0.0534534546732749,0.0240786572368103,114.324324324324,39.5856705606276,21.2153776640698,182.754967060089,24.9406249938367,FAIL
8.00600494922793,11.3006712185585,4.20058845146939,1.831424652066,1.83825924502582,1.56296224271995,216.756756756757,17.4946711093776,183.883127167798,37.5124813675805,17.8908019256722,FAIL
8.71042376366067,5.14064457778829,7.64592186456072,5.61764580562598,0.516714478971075,0.442041931072548,166.216216216216,46.2517394348193,43.3838603869518,136.400005592271,20.5977456221563,FAIL
2.33581463004026,9.94644628458532,3.84138142379531,2.48322025870448,-0.385666675807214,-0.424953410446562,247.567567567568,45.3906525835775,125.053349247046,63.8474006814177,17.2832484582639,FAIL
9.863407995593,4.93164492508737,9.8731460174552,3.18018302374971,1.15467734513153,1.02754341081582,191.081081081081,44.3492771916035,72.3631408482855,73.1278557592024,19.143415302441,FAIL
3.69885084733683,12.0870226604159,9.03624830265805,7.4652644630483,-0.0545799357122774,-0.126506019483639,184.864864864865,49.7242620346759,49.5224913730162,221.692918997424,20.1580353692839,FAIL
6.88417939236474,5.29796958552945,7.26482066775975,6.19065277136227,0.322486544777071,0.26185728819908,164.054054054054,46.7352167350351,40.0515076945197,154.949363108566,20.6858486465582,FAIL
3.26866846583909,5.26963801199186,2.62072576508396,7.68520599104475,-0.0495863110305223,-0.091754955850039,152.972972972973,46.8006839600255,32.4281609985008,190.62242377079,21.0110161792217,FAIL
2.69321505450162,10.9613642307074,4.19513855210196,8.0380283454388,-0.223478790151991,-0.284228799123862,177.297297297297,49.2580174291002,43.9810058048726,217.531648727416,20.3252991300083,FAIL
8.59731784435141,10.8901471187374,9.6000108155829,9.3808048296833,0.440756688241137,0.353494149915815,155.405405405405,44.8636264164396,39.4995000990065,238.360786880716,22.4751100344543,FAIL
4.63213299654765,3.92693839050124,5.24750273122948,5.5539745927073,0.133935196056084,0.0895009080656972,165.675675675676,47.1003036703693,37.8898697411637,139.002511367021,20.1035191619266,PASS
5.31187226549109,3.34618801589418,4.42303527573443,4.80448703631496,0.205934644110826,0.162231661665846,169.72972972973,46.5243261222563,40.0948014298905,117.244707267841,19.7693331555526,FAIL
4.83632364221742,3.99146884260249,6.65918535649508,2.2062895843905,0.506557668116698,0.453618982794641,221.351351351351,42.6497053946828,90.5338388261416,52.9699990276096,17.8191232417245,FAIL
8.84334121167515,4.48749497632096,5.47646125889449,2.51889343086392,1.03702426660628,0.91964673438075,200.540540540541,41.7700748043644,85.8562184646812,55.6524778978674,18.579383465949,FAIL
6.9752509058609,7.69266610568038,2.28729920862775,2.21173566998551,0.572007984593447,0.442391934919842,220,38.6387483541422,125.797501427329,49.7955247378694,17.939311301249,FAIL
5.53710650915,7.21693334452423,7.7828697443137,8.17172100182064,0.145254678989142,0.0872047370828223,156.216216216216,46.1994892503942,36.1745027916128,209.553962683722,21.5849815686645,PASS
2.59543831170173,4.70549136708598,3.60502243735227,8.56362124518871,-0.0688546003288296,-0.107807679278337,139.72972972973,44.9936613191972,28.0832122942067,196.297233911642,21.9116791979786,FAIL
3.17014261338413,7.42383625125943,2.96210353266974,7.4838613029607,-0.10629067210571,-0.156897040539109,168.108108108108,48.5795643960393,38.9579032241738,197.973701287788,20.4120394620367,FAIL
7.95837181698148,11.900441677339,8.12550404186032,4.6703938119771,0.940534427645347,0.797075525067744,201.081081081081,48.6099683105373,76.7203779955119,127.074770622224,19.2325808164479,FAIL
6.82135873792032,2.0787128853297,1.87791053978933,7.68123521399744,0.141273458348107,0.114936181143886,118.108108108108,40.7928983904968,21.5308785130471,142.388279900126,23.4565045815166,FAIL
9.25537029937463,5.82382920100875,2.61990480139671,2.10739485764962,0.915666935527618,0.737215913187853,204.864864864865,36.1536368979026,116.057678079849,43.5838396527301,18.3106234408145,FAIL
1.62970693780446,11.3461206555826,4.8367034913823,5.23966291410716,-0.461224357112012,-0.522834144944893,210.810810810811,50.6398791626415,65.4348648419049,117.662280642739,18.4692768897335,FAIL
5.87122635929868,10.3498229973461,5.43006963894351,5.08221650041676,0.358131846289955,0.270376214775792,201.081081081081,50.0631122926936,65.6262033873618,143.509007280544,19.1602043001858,FAIL
4.09796434223403,11.2940107876671,3.43595175543533,7.85998700828996,-0.0772529428679944,-0.141630230684746,178.378378378378,49.1162588859136,45.7362840076974,219.081040447301,20.3980843948584,FAIL
5.15453500199266,8.09744422295019,9.21507366724649,7.37253198883062,0.15224458382638,0.0878846906246569,168.648648648649,47.8430206182703,41.6853746783735,201.202465136604,20.7933737020633,PASS
6.8959322956616,11.8828351034524,9.95547288554491,7.36451572773969,0.434661536844984,0.340258285047638,178.108108108108,48.1999716631987,50.4099144794792,207.41607292062,20.6762803821807,FAIL
7.34267553216866,3.80479225398401,2.71522246529523,4.06144490571032,0.327236134544881,0.267461600292192,181.081081081081,46.355514405967,50.0484059417039,97.4248863590254,19.358997205154,FAIL
6.80853290847254,8.15368257009264,8.84675704296627,4.0175219284778,0.710317388807079,0.610719513848942,203.783783783784,48.7368087295811,73.1560790583886,108.18640176537,18.885814820808,FAIL
3.09751783151316,4.27186209055393,6.15951170023457,9.9349878559475,-0.0257367260142553,-0.0610488023299121,124.594594594595,41.9503523570332,24.0217504468038,207.641125606062,23.768344484182,FAIL
9.44962184712015,3.10933123877236,2.42259575115756,3.65853237184065,0.439076948107796,0.367923890228485,175.945945945946,43.8276296583037,50.4721540869975,80.7646235191669,19.5489154712723,FAIL
8.19205386872127,6.99651405800001,9.78288916311023,2.35026084770432,1.56206029468529,1.40191391337434,211.621621621622,40.0249662196101,113.941769614865,53.8074119885207,18.2721021695044,FAIL
3.9543743340165,12.3523537725602,5.45119764712424,5.66119737263347,0.0031443094793896,-0.0702097230876455,206.216216216216,51.2407997873998,64.188564879972,168.5628384281,19.0569931249727,FAIL
5.11524235716615,12.2276329218419,4.05162826467748,7.62356274302231,0.0573814577564953,-0.0169056498267107,181.351351351351,49.0753628005992,49.0376668544923,214.638218264209,20.3753621739407,FAIL
4.33950093280515,10.0633683379625,1.471317166162,2.49807273771555,-0.146595054527989,-0.210198524452166,238.648648648649,43.6657195964562,126.109981771899,62.5155062425308,17.5807699270267,FAIL
7.7227654473527,4.95243492143435,5.39847615306918,2.24936093283066,1.03329328638128,0.92209093694816,209.72972972973,40.4729277822519,100.015891367398,50.118941237183,18.2183781559772,FAIL
4.60031083859035,3.30285680117299,3.91389658757573,4.98418118141226,0.137212312175391,0.0965644636334888,167.837837837838,46.7446779309859,38.4146390005332,122.538093173617,19.78625418707,PASS
7.93894440799977,6.20965915976046,7.21922155789309,10.4252758817862,0.228446406580458,0.17816219447261,130.540540540541,41.3714712027912,27.8712010600413,223.036205238045,24.2376713562214,FAIL
1.95558889955818,6.76049216395701,8.3035625881988,2.13241147963684,-0.317315882527598,-0.354230662735696,244.054054054054,43.9592061451294,119.684416549969,54.3995821082435,17.1755675956863,FAIL
6.66289127963564,11.1339350298661,8.51271271928085,4.66798456088607,0.684924531239057,0.573924352757101,204.594594594595,49.4976077847999,73.9109263885208,131.211500471018,19.058977819807,FAIL
2.47360691437124,7.33999777079677,7.80997010627137,4.00802271555833,-0.146688805853943,-0.200926700913118,216.216216216216,51.2340043996416,68.3242925413557,115.935924447438,18.2132262071839,FAIL
8.33537152712622,9.61962815650189,5.12289446153747,6.00208315423727,0.522859950192982,0.416597143534582,181.621621621622,48.2366588818691,54.9419086534275,158.690743812284,20.1523357472946,FAIL
2.46462713612578,12.0497936923893,1.83272849010105,9.74437268550476,-0.282842763223516,-0.338378555987684,165.405405405405,47.2671458775182,38.8013949978354,216.24978621935,21.1492520821819,FAIL
1.99014099661466,9.82897244754662,5.40702630165053,10.0418453134806,-0.260606277313379,-0.315811401729899,154.324324324324,45.6102007975659,34.5202176090087,207.549215396204,21.7940609021473,FAIL
4.78096957885846,3.67382178755933,6.89451886664774,8.85394755198003,0.0851980674236653,0.0496409348394493,127.027027027027,42.0729131436143,24.8114450388742,184.189203517577,23.4170452975095,PASS
8.56721409112623,4.43256935797909,1.36889786562407,5.53612108813611,0.140382543906407,0.0788984617980845,164.054054054054,46.3469275981456,40.6611035643331,131.71963295219,20.3791524556342,PASS
9.75285326100625,9.28433784201311,5.42405487376083,6.40249502256121,0.607677011251192,0.490810240539086,173.513513513514,47.1700091779775,51.2555380090683,163.046620022296,20.6776571767586,FAIL
3.59387948673757,3.22431484797759,6.91008728614994,6.05874985759956,0.0607120399651374,0.0221768401504648,152.432432432432,45.655711176484,31.9392552315258,144.432839584298,20.7038134448501,FAIL
9.59068846274138,8.33311198660788,8.95226819083108,9.1319213669508,0.450209731742144,0.371157911890424,147.567567567568,43.7908857065115,35.8022023043646,216.977427034729,22.8669776221255,FAIL
4.17475384187551,9.72900055269029,4.81874666617098,9.51839195535681,-0.0460961050522384,-0.103572833334905,157.027027027027,46.3638959967978,36.2347053122719,247.566183205364,21.7961898649169,FAIL
3.03121057726014,7.73067733816055,2.24195313128157,2.4043768123255,-0.179491041488539,-0.219585008527088,242.162162162162,45.4214527135244,114.242240073694,61.2753051830109,17.3985521538294,FAIL
4.96935393926361,8.87993030320225,4.69238281404781,4.41953458479086,0.22983315088574,0.15724829190048,208.378378378378,50.3391142357143,69.0869171607448,124.412827428187,18.7157535626323,FAIL
9.78555602622823,8.7568144578587,3.27029592893559,7.51261155834878,0.344730639455742,0.249103826942576,162.162162162162,46.1573605804262,43.1609709299966,184.690682432763,21.4037715053127,FAIL
2.83689254045595,6.22278695041603,8.60395404873186,1.57101335411529,0.0818627958643854,0.0494935306038684,245.945945945946,33.34609525101,155.412271834927,36.9510945187542,17.0772372987241,FAIL
6.34370485270331,11.7207178353731,3.5828214147774,8.97419182547016,0.111747741086838,0.0379324783650524,165.405405405405,46.902893834227,41.8828378979052,237.016728592012,21.4872512438645,FAIL
2.23077560392195,10.1396025747595,2.45226744436276,1.8080836564982,-0.634019702600093,-0.65438852844717,251.891891891892,32.5954915524167,171.863626810845,40.7457679391091,16.9768154250537,FAIL
3.29493348103077,9.74712993767731,9.24535274137445,4.19736105228225,-0.000557267901934444,-0.0656810773155453,220.27027027027,51.3854675113079,75.4128623854176,125.547264700451,18.3247865930493,FAIL
1.18573522781649,8.94296271998449,9.7802706540705,3.7775724291249,-0.559330385401725,-0.616992015540922,NaN,-1346.01304758054,79.0785557515058,5.0956452711189,17.7882740522922,FAIL
4.37596090579517,9.73911931920316,4.47280898079766,4.74746842160279,0.102656989529816,0.0337349820127907,208.918918918919,50.8995139877115,67.4071167133623,136.625950280086,18.7451171334411,FAIL
8.11330250786445,9.75163273974677,1.62950733078794,4.12745187788148,0.1818550523536,0.0526312375059521,202.162162162162,48.058581790267,78.0098202897763,104.822255316655,18.9521039217876,FAIL
8.62044012401631,1.66336046152305,7.75862536259618,7.32423631440822,0.282247036039354,0.255863310585435,112.162162162162,37.6337947062311,20.7544714326077,118.133495742012,24.7647444801688,FAIL
6.65082089828702,3.6761482096007,7.93984961056895,4.51988616762386,0.399450178537165,0.34437418329658,174.054054054054,46.3223399291191,44.6696986825159,110.053763847076,19.7678848377363,FAIL
9.9430057338615,3.3974881233719,6.06536575052291,2.61862251728743,1.04157728367407,0.93356223216693,190,40.8524584118381,72.5541576305514,55.5526367498413,18.940203079957,FAIL
6.18034521557807,8.96385230907147,2.21133418694065,6.18637182071512,0.0905212674554967,0.0179645797233166,183.783783783784,49.2665164361392,51.0807480837253,167.695382410944,19.8593037032198,FAIL
6.37898298742038,2.99172631826163,9.24983457485474,7.11637622029441,0.22022071292837,0.182001190440409,134.594594594595,42.4860603597963,27.2994899158369,148.936384928479,22.4893641446416,FAIL
7.73707019378865,9.94984622907457,5.05857460086081,2.04253454900482,1.62435270812695,1.41286031385886,218.378378378378,30.1604024435675,155.004734547878,44.405742153764,17.9590994334861,FAIL
3.95640272930435,1.71685112403442,6.06750061204306,4.27130411040205,0.151897181881248,0.121680711539541,155.945945945946,42.3682921357358,32.4678513627694,93.7767078279803,19.9695198329062,PASS
5.01023748587728,7.03865273284582,8.98142763702584,2.49769673532164,0.656086641528691,0.581118693998824,228.108108108108,44.9665260602487,106.258848072356,64.0413065126711,17.8398933830395,FAIL
7.34121196277339,3.29252434254628,3.49991415118635,7.95802303669024,0.185063748157432,0.147725850606858,130,42.2648378647953,25.871335586928,162.770475310619,22.9504530099463,FAIL
2.47430970663176,9.04206001198801,2.95985087600919,6.39215779769618,-0.222549313398962,-0.277794545681037,189.189189189189,50.5916812694995,49.0494924554365,172.789366957619,19.3806705717752,FAIL
9.98057871857986,4.3905207742119,9.77961708869232,7.95896781027188,0.418916231413395,0.362549631377593,135.945945945946,41.9940942791183,30.0028991399638,167.717210850737,23.1524032564048,FAIL
7.86334500710848,5.15491709846617,4.59879565393548,9.22808825840174,0.206296485419282,0.158768206964485,133.513513513514,42.4333104461074,28.1686218143746,198.84915097463,23.3671187654519,FAIL
1.9271651781052,5.98107034372272,8.10800717745674,6.18763029268111,-0.180403531661962,-0.232052354707182,175.135135135135,49.1216565544063,41.5513266118274,159.814380779664,19.7020658343363,FAIL
2.37222725594894,3.18463375375823,3.86728358730509,4.59269873104826,-0.0286374628707192,-0.0659709199511385,175.675675675676,47.7316549340455,40.2513624635898,117.098947170187,19.1297707899219,FAIL
4.68374169366581,5.63727490227584,5.65473141267561,9.89585504744367,0.0390813060775768,-0.00340240785814372,133.783783783784,43.0209158274401,27.4170731751383,222.017405720162,23.2783285235151,FAIL
1.28237466954299,7.36027391407832,5.55717705193666,5.03562821619011,-0.35648289580406,-0.410929564484381,196.756756756757,31.5269224889772,54.9991974571572,53.0513989339257,18.5779683425917,FAIL
1.08340444948395,12.1830187935377,9.08203600453779,8.06466864780569,-0.513356556584328,-0.582909455556781,177.027027027027,50.06163279727,45.9145114925768,226.817121823098,20.0627403432872,FAIL
4.73584774284213,1.89974171339213,8.67138547453097,8.72606093485934,0.112120126383619,0.0889550258382563,106.216216216216,37.4893374424598,18.9423807641882,142.095855252547,25.637945640346,FAIL
5.66932151626247,3.76857849194682,9.55928239353765,2.74700200240929,0.572068637800503,0.51292987950856,207.027027027027,44.9824930025861,71.6649478045798,67.2849435638787,18.3326876328903,FAIL
6.79461279739883,5.86827010347377,1.22424581420859,6.42755198643511,0.0323680817725955,-0.0238403721012495,166.216216216216,47.665106174732,40.3281188958728,163.485988761192,20.411231306626,FAIL
3.60902063827249,11.7623687603626,7.84130375833099,1.72099019289158,0.418892833987806,0.365981171983655,248.648648648649,24.6479681394245,195.567544318167,40.7683331506633,17.1683176171777,FAIL
2.41945639686291,7.79160715271473,6.27649530563625,8.46642422133049,-0.170216867130562,-0.223317682190725,159.459459459459,47.3521336269001,35.8554019470437,215.278040102107,21.0840660665709,FAIL
3.16712783419042,7.17637112216746,5.98557708889948,4.54098289809098,-0.0328489598587618,-0.0882389909448525,205.405405405405,50.9555699397268,60.3073402566652,130.508361512383,18.629764585962,FAIL
8.96964781103412,3.46888414204191,6.31255872418894,2.71774772351147,0.920143171745706,0.827503841893384,192.702702702703,42.125896421874,70.4619313272051,59.7445292370866,18.8455903230556,FAIL
7.56160621465818,4.23667942849218,6.38764217198333,1.929295053595,1.17001239701407,1.06447669745586,210.27027027027,36.7977608939491,107.418987916118,41.1989895014917,18.0719902709484,FAIL
1.96335437294957,3.50384365576185,5.925949319381,6.35222183226994,-0.0741883015390448,-0.113057378819114,147.567567567568,45.6789795473796,31.6011194256698,149.456827641459,20.5014085941472,FAIL
5.43418375035492,3.03694321158142,3.91518544912106,1.85212606894602,0.555438663696895,0.504196172665636,217.297297297297,37.1598500922928,93.9354682928238,40.6540441332066,17.7678877415257,FAIL
1.6289762345944,1.78229252774657,6.07153927466485,6.29283055802213,-0.0135676870138612,-0.0407019309359846,124.054054054054,42.3947672112974,23.4454985841275,115.823539482151,21.7722949556115,FAIL
6.28071060230803,4.11185928987358,7.77586635604176,8.46612771320423,0.176131138726799,0.134627223425202,133.243243243243,42.5993043171814,27.2396447069103,182.011131671742,23.0571931758526,FAIL
5.90911216036688,10.6262371027758,2.89586737489408,5.34079485687831,0.17504057784542,0.0908786241553023,199.189189189189,50.0915722847165,63.4059152320828,148.466674296097,19.2381814693784,FAIL
2.08671962287824,9.0086673422953,9.0087939363645,2.88636905369728,-0.332960858676409,-0.382241489330777,240,49.04635732641,102.9832106519,80.3652178606023,17.4842979163299,FAIL
4.99587159323236,12.2979905035715,6.03263906849522,6.20512544274078,0.172277418800558,0.0908480067679336,196.486486486486,50.3469392236939,59.1869600770251,181.901589411065,19.5520014646334,FAIL
8.010902645203,11.1478538646805,1.97660332816402,7.22318508936142,0.11922721979019,0.0242877866203403,175.945945945946,48.0229913714721,49.6985127911887,189.552688747594,20.6074938897104,FAIL
4.00471947250879,3.78935911036776,1.02292613440663,1.55945629577591,-0.0208012435393505,-0.0547371213785171,232.162162162162,33.808771406441,122.915896509706,34.243546996216,17.2849820082493,FAIL
5.65525224395634,5.25587401056857,3.32975286036012,8.94683234508397,0.0798059514142708,0.0366088942960933,138.648648648649,43.9750784824894,28.8303924811684,204.095420869273,22.5666418093204,FAIL
3.46078948562983,9.85236267779874,1.82471033940918,7.84594765236365,-0.167116533541739,-0.222158093519503,174.864864864865,49.1498296326395,42.7077240440485,210.9160878029,20.3158712482599,FAIL
8.70261733152682,5.9657826552161,9.86611674381997,6.60228745984515,0.493259760934484,0.418182169113485,160.27027027027,45.8540719025023,40.368870084882,161.715169830058,21.2269107132824,FAIL
4.55870021110033,8.92155576003342,2.79249634730327,3.1390741102117,0.136177578343253,0.0688686030304764,227.837837837838,48.3206049869102,95.4969963901066,83.6383878228838,17.9561879406131,FAIL
8.30559045617358,9.04154260476476,1.73625571986286,7.46684419585863,0.0929200318305003,0.0110663756975842,166.756756756757,47.1907944637597,43.6921779798846,189.935514021377,20.9851079623077,FAIL
5.59716554518704,3.25194960538219,1.46762355349832,5.07961769189268,0.100549654974361,0.0608640204046574,164.864864864865,46.5339242988483,37.4819457682155,123.18084232397,19.871684229406,PASS
1.65115055911323,7.83243889740393,1.74694542951038,7.72635307916097,-0.24615839805683,-0.294629299305166,136.216216216216,-142.26684277566,38.5080982940892,57.3059608268472,20.1478358203887,FAIL
1.97951359947486,2.26786285026173,9.51401654627614,5.86794937103442,-0.0225844465004027,-0.0555354253191111,79.4594594594595,44.3173864725107,27.8317776850006,126.398766853268,20.9657303893653,FAIL
1.25605328155916,8.27651324942356,3.21638937985859,4.95893615852834,-0.400905123403727,-0.454002940353055,202.162162162162,41.9220103207963,58.9328871459461,67.0409309019938,18.3957385949933,FAIL
3.68570481272342,2.97765994785281,2.17918470082072,2.10559951244264,0.13258262212504,0.0992486948168471,222.162162162162,41.314261124469,81.4626535907173,49.8447775038089,17.6143135589639,FAIL
8.22268027178889,6.41820637132895,6.41057640152407,4.5009082778281,0.643731753931344,0.548266910143924,187.027027027027,47.7405961661014,58.8965410344759,114.386540111436,19.518138770136,FAIL
2.94201320182261,7.57951400394738,8.87898780672458,5.63958598994259,-0.0819641550685493,-0.14060792443978,191.081081081081,50.5765053239045,50.7711301252857,163.679244080091,19.2823038162614,FAIL
8.45450114913277,8.14083961808069,7.36042831605816,2.60300086913152,1.46379885478855,1.28776637539761,210.540540540541,41.4813129475236,111.314359377826,60.6200588985101,18.3845914802158,FAIL
3.69638854741316,8.9062990919396,7.77534230778834,6.4110922897664,-0.00924328915117878,-0.0726616722803024,185.945945945946,50.0259843004058,48.9966349437963,185.803300719062,19.7501984586223,FAIL
7.50233507196355,6.4921836358068,1.39354025837983,1.95428590349231,0.294650750664009,0.155964482925142,215.945945945946,34.8256409958815,130.736019574749,41.5515146559683,17.9245430735276,FAIL
6.95804203329989,10.899409969791,5.42301719096857,5.34092899112618,0.497507414239298,0.393542800787085,195.945945945946,49.4404755050787,64.572606273753,147.695904915353,19.4535750588343,FAIL
8.13074588132182,5.69727470045088,5.2829590001373,2.99730165617198,0.862098655850692,0.75102700921765,202.702702702703,45.1077215630424,81.443719837189,71.2487037190719,18.6458043979829,FAIL
6.01131520319714,1.95747845411017,7.13186207952355,9.97910250537297,0.142259482037156,0.121251608213838,98.3783783783784,35.1205188435478,17.4136940594197,146.430683438641,27.5004608124694,FAIL
6.96091528527778,2.66761296612412,2.39116547557172,4.14268888597538,0.268097923481183,0.223531209589353,169.72972972973,44.6376465175074,41.3841963814691,94.7252501109963,19.6418796333301,FAIL
9.34100826629257,10.2884842595846,6.17695245979494,6.57235132383856,0.632746038429125,0.513998766581075,175.675675675676,47.4512152163109,52.5205989307023,171.300790453015,20.6453218470133,FAIL
5.97632209920983,11.7381919213839,6.92648500553344,4.40826794823285,0.565071402383886,0.461553445056278,211.621621621622,49.7567007571819,79.7447839125798,124.727053126321,18.7677196752374,FAIL
1.32595106224259,12.093145257585,5.17596387870766,6.81937641425406,-0.490258998243263,-0.556053285303423,NaN,-7829.87454868073,53.0146151782315,10.0005815224828,19.2669716149262,FAIL
7.48575504602984,1.52882720615065,8.47246040146347,7.14684019042508,0.244516385006549,0.220092805248069,111.621621621622,37.6093265081923,20.3468488403937,114.885655408165,24.6567726536862,FAIL
9.97158935060393,2.01147480278241,3.90036841220755,10.3657187545136,0.223799264884977,0.201695739347373,95.945945945946,34.1435499675049,17.2148747439717,143.351542330729,28.2204642607599,FAIL
8.01126090726838,9.32898136410405,7.62422636077501,2.46623216634419,1.60389618109011,1.41654705270568,215.135135135135,39.2962233730314,125.191007919722,57.4794491156886,18.2159630275194,FAIL
8.87808234597303,10.9436531623135,1.55198079991635,8.47758185073444,0.0403702006338317,-0.0496221676379717,163.243243243243,46.4456286325916,42.8841687375172,213.273871974104,21.5301883457142,FAIL
1.90788153360416,9.88314723849882,8.0283116508002,1.79924505726418,-0.614226554383245,-0.640267496937071,251.891891891892,33.6427980190678,170.372151272304,43.0385641549347,16.9494168049079,FAIL
4.63071928377173,3.5547444312237,6.37009887699387,7.40557395668503,0.0982439752083233,0.0599822997748997,139.459459459459,44.0791842982151,28.2584654202005,166.278993532879,21.9623286338399,PASS
5.50544423923154,4.2096956461705,3.07600304781259,3.74162444272619,0.244175992004966,0.191759289839704,194.594594594595,47.6448026910716,56.2952658697158,94.8964326267185,18.788218962809,FAIL
4.83771258908552,4.68697559044856,1.70996603556836,3.288361236246,0.0972466465082373,0.0479974357661163,208.108108108108,47.9449424634464,66.6910751354473,84.7490430229402,18.2925377493333,FAIL
2.5884837155876,2.29971053430201,6.76437580619667,3.54542592365736,0.0456264170225819,0.0111885415664122,182.972972972973,45.3931052896623,43.8372680434743,87.3975599130822,18.7250416775439,FAIL
9.54014277948545,3.03176741179948,4.605855872042,5.18607102927395,0.438245524829404,0.381976306906354,154.054054054054,43.5702630793441,36.3747640306124,112.135317603403,20.9244274911229,FAIL
6.35166592570867,6.05578853880485,9.1300876206381,1.58058186809391,1.52054363700779,1.40369395934308,221.621621621622,27.5593727989442,154.88207280552,33.522419698266,17.641591757411,FAIL
7.0818431210278,11.7253114066234,6.72134382356591,6.66571354878335,0.447248432325891,0.348247257095763,184.054054054054,48.7848723059016,54.7179832730912,185.922369982636,20.2255921674481,FAIL
5.58695665277783,5.61737394918882,8.81722777410928,7.02880774549919,0.189920231097545,0.13532294612087,158.648648648649,46.5064184868887,36.6763247972724,178.072165433987,21.0898643974659,FAIL
7.3096022547588,11.9050565582021,3.05514280565956,8.04872793016637,0.18361935402467,0.0966832213278195,171.891891891892,47.592555126412,46.5322259601187,213.521723787623,21.0040412379454,FAIL
2.79140177173067,6.25649492629216,4.05091158980457,7.5209591732337,-0.0995051497973153,-0.147163463504642,161.081081081081,47.8079691239068,35.795584153348,193.086756388146,20.65125493073,FAIL
9.84145440786635,8.7671341806546,2.26251608441875,5.64707860852451,0.318808829536113,0.19695879026582,179.189189189189,47.5676447395119,55.7572562915129,140.797035826121,20.1588139507809,FAIL
1.20463501352401,5.41342740631047,3.99763007370313,9.84429362932164,-0.174383618641044,-0.214710744646881,132.432432432432,44.7940817740536,26.5721017643137,244.122800095123,22.5330919506837,FAIL
3.86383863712259,8.38024490190491,7.56975453569089,3.3909673746653,0.185145391479117,0.122158000458281,225.945945945946,49.8238320734937,85.8890832753505,96.0157338861768,18.0442410854289,FAIL
4.45725815455087,2.69015701701932,2.16136199950406,7.6547396597072,0.0673099753995604,0.0379333547193282,128.108108108108,43.2225845743279,24.0208538162996,161.115687540686,22.4043461932877,FAIL
7.4013661072377,5.85024889475683,1.05808538921789,4.62524698008879,0.0375198288556988,-0.0341936360799502,186.486486486486,48.3764703515664,54.4623716088249,118.208889546006,19.3357394623712,FAIL
6.16549812105187,7.25696726066739,3.0538603817703,10.3218161699935,0.0621005752414799,0.0131960903285241,138.648648648649,43.4169334728425,29.7566060424867,237.267924484672,23.1737352437863,FAIL
3.15881914799658,6.53191657204972,6.70235329952039,10.4517501363296,-0.0759533241837029,-0.120222282247725,135.675675675676,43.3645639852347,27.9087179074445,238.803264893114,23.2214510597624,FAIL
8.54900818170445,6.8957454257991,2.77996413179616,1.856899245687,1.07891923343585,0.880227427405736,210.27027027027,29.8979749451658,142.307496996253,37.6432973351855,18.0519114172218,FAIL
6.18575969433428,3.96716731377869,4.88839863806856,2.21302114361485,0.678207187810802,0.609508181347859,214.054054054054,41.4235434889287,90.4942063236606,50.7233285396071,18.0220559806557,FAIL
8.95240092048035,6.5671108201407,5.86650506750152,2.54339077397491,1.29230096347784,1.12873590803376,205.675675675676,41.409129345257,102.598948252153,57.2560418903071,18.4845903259692,FAIL
8.31392853150063,6.59960065508226,6.63866074477021,6.66000763577869,0.425303860698602,0.349355659563947,163.783783783784,46.5180340176387,41.8649742395718,166.472006458891,20.9993391593696,FAIL
5.845357072353,8.1274359239862,2.42416703462781,8.61461712751607,0.0366132895304394,-0.0201018154705596,156.756756756757,46.4693662756298,36.3740235816921,218.251832838287,21.5364079040122,FAIL
2.31310110390458,8.21208833920995,3.90920262891498,7.7567480091398,-0.199294188098769,-0.252577157323135,169.189189189189,48.6044668306221,39.5019757757477,196.047911526956,20.3805342347681,FAIL
6.50462460866122,5.34479432605078,2.4059898215106,3.81904201104164,0.270301096223417,0.202218636872542,197.297297297297,48.0013162391831,62.2249176518401,96.9521028419612,18.8355674729559,FAIL
5.21775214396418,3.9554436450589,1.50206668021429,6.21527125398968,0.0544842115761023,0.0142115934280234,157.297297297297,46.7344856974346,34.2878609806539,152.397271475886,20.4681189968948,FAIL
9.27819115064632,6.41210832436616,5.22396980671254,5.00769952593753,0.609873524079096,0.509449476860728,178.378378378378,47.1712834789737,53.5530778889819,123.954763500919,19.9947841751673,FAIL
9.86001663242607,2.05777248680646,8.08346037811733,4.93868924184926,0.49886298867482,0.453350353099828,144.054054054054,40.5101440226055,31.8713890598928,97.3601718267713,21.463483119356,FAIL
6.46404797915923,7.44755023936717,5.82450838785698,4.29303149994644,0.484668938059459,0.400550499127903,199.459459459459,49.0615830855751,65.6315153007299,115.195029290841,19.0025439405161,FAIL
9.01501776893048,3.5257027521625,2.82632781768421,8.10691810254737,0.216265917188042,0.174359779387706,129.459459459459,41.9119975744319,26.402550779785,163.516586434099,23.1648676884645,FAIL
2.41274809809423,9.96875694349452,1.28673058173433,5.29905306069189,-0.32052213032233,-0.371743669850191,207.837837837838,51.4483299991888,60.8544282307501,138.399295874442,18.5956805020889,FAIL
2.38775592775084,6.9844133300456,2.57739549863791,5.11428987627075,-0.183666729335884,-0.232527028875808,197.297297297297,50.8673361581126,53.0249599565734,138.41608283632,18.7704039957473,FAIL
9.42587590592705,4.60508295004858,2.29544775314821,9.7197594120719,0.165241637438112,0.121002738074149,125.405405405405,41.112893644405,25.6785740429313,194.531423308837,24.1150159514537,FAIL
9.32048756539577,3.34362780578223,1.34138626179261,4.95768771403057,0.189712801281687,0.131459722032543,161.081081081081,44.9153894977604,39.4099323382097,111.730605054672,20.3527903142621,FAIL
7.84924011026949,6.99991962887293,5.48743555036906,7.43654332381697,0.320056789381141,0.250460513976283,158.918918918919,46.1533785968848,38.9689325502783,185.163901216322,21.3874183456651,FAIL
2.40926896626688,9.18461874657521,6.09586993632239,9.00999864303753,-0.205498006074474,-0.26165871893525,160.810810810811,47.2701647571821,36.713784296037,228.464562261848,21.2382532776288,FAIL
8.14502193763987,1.6765331571519,5.02694128341267,4.16677064386037,0.405059041486495,0.367396015555957,151.351351351351,40.0159285577459,33.3681350107071,83.4161868154891,20.5552653102675,FAIL
1.38150009551672,10.276586569596,7.10706026000403,5.74770211540586,-0.451903778023535,-0.515527747004791,198.648648648649,39.9628499262612,57.2911843365417,62.042784250191,18.8099392658755,FAIL
2.99776896829775,4.69566524881339,5.83271977616899,3.78696368719794,0.0128473359215158,-0.0328632462423071,204.054054054054,49.5022728743,58.1341220838636,103.40408859377,18.4000737368315,FAIL
3.27693778059512,9.67314551594826,3.33161131165409,1.60572815565008,-0.0707898753154577,-0.105529077343188,247.837837837838,25.2452210387825,189.588212722756,36.108084061519,17.0793431010314,FAIL
5.12586604522398,3.86446371871749,8.71313037235008,7.28583440652627,0.140041401635114,0.0979442991882601,142.972972972973,44.2243894990311,29.8849445267042,166.963812307571,21.8698820306913,PASS
2.24145391056648,10.089982934427,6.12511885161629,2.59987961314132,-0.365450443343597,-0.409266558775501,246.486486486486,46.6446048187285,120.468582923829,69.4381704716813,17.3314868864112,FAIL
6.23259983979652,4.52361107134928,9.3666541610662,4.84020825644317,0.372033461897281,0.312886096344079,177.297297297297,47.4114374453393,46.2691884904803,123.23375155651,19.7650891281094,FAIL
1.27989358016749,11.4074669725188,2.49699117926142,5.28276377857003,-0.528370589322695,-0.585941427456127,195.135135135135,-63.2899128713849,64.9054353926669,18.0567125675052,18.372466829254,FAIL
4.16195894442349,7.00333350162255,1.25746584313007,3.49100341508486,-0.0949802801138417,-0.146413662445574,219.189189189189,49.7100783859594,76.39615664097,94.4869662383578,18.1055171560923,FAIL
7.18654583692559,8.94372166439215,5.57635112751537,1.70779801133443,1.74854689260761,1.55742907847534,219.72972972973,21.9293465393219,174.750905819159,35.6398161027079,17.7527557146052,FAIL
7.39008707966409,2.47371028383164,2.99403252540818,6.3052549769204,0.217748379396415,0.182073833334055,137.027027027027,42.6404540161772,27.6049178949762,129.792537820236,21.8324043546421,FAIL
6.57437599314468,6.16673303298155,5.87929857871448,9.68969904688817,0.154355425556818,0.105325467291685,137.027027027027,43.0004608513322,29.26853143018,219.148123837252,23.2508838844889,PASS
1.66602874169239,3.3656245578496,7.98882741652549,7.22179475855135,-0.0898127188280497,-0.127352736797959,131.351351351351,45.4742641027806,27.8521202515308,173.569947339808,21.4295628964804,FAIL
2.27895667967272,8.28673017214428,1.84215527216929,8.47715188673099,-0.20573041509225,-0.25447201478352,162.702702702703,47.3919592999364,36.6093657257755,185.899694579518,20.7192158345819,FAIL
8.12234855878612,4.46482066671962,6.16944489224994,9.83940307857759,0.222392401319855,0.180650676765582,124.054054054054,40.5247419116978,25.1687020955494,195.554923579624,24.4865330367509,FAIL
4.07075253953418,7.65626763043193,7.70256817817774,8.82821576298056,-0.00410577837006176,-0.0583089439225057,154.054054054054,46.1641867610704,34.6149890185177,227.888547692615,21.7434944533023,FAIL
9.14821877889307,11.1228698952698,8.14601515007891,10.1815562173192,0.422309870400248,0.33682812675654,149.72972972973,43.7765080749106,37.2923349589382,249.169251324656,23.1058950633233,FAIL
9.66423953518404,4.58848446910226,8.94451656454507,2.75964615050676,1.2310647646485,1.10163308144047,195.135135135135,42.6723237579566,79.8732110529423,61.5679246684598,18.8760880643468,FAIL
8.0731149573407,2.08908715012619,1.00183122307223,4.25448816505468,0.170356790360472,0.130729388485801,158.378378378378,42.8749318782151,36.0023068158238,92.1842370389939,20.0203153254691,FAIL
3.11814860575524,6.50745859309782,3.43051426288743,2.07581976863528,-0.0201417233635975,-0.0587190924487954,242.432432432432,42.5453853664611,121.115603121462,51.4026726533338,17.3157074639597,FAIL
8.47614983940446,11.2291420930856,1.78412707987857,8.46943671313316,0.0717088592581668,-0.0167854200936369,164.594594594595,46.6469427803854,43.4017850463734,215.214671593777,21.4511131835912,FAIL
8.23896516098417,11.8011489035648,2.52637263033065,9.68635633768167,0.134564252254028,0.0530540269215228,157.297297297297,45.3880163911208,39.6056268713054,240.959338383011,22.2322056154836,PASS
9.02728131787278,9.18097181011429,5.06174440368284,1.50591646560108,2.53346677423526,2.18599689660347,204.864864864865,1.67504889285676,201.895615501696,28.0760106811725,17.9489504691204,FAIL
1.42906839720273,3.7471868659415,5.28345091813976,1.93189403798295,-0.276261650035457,-0.306581521502608,230,37.8407194903958,98.1936015097784,39.9297908030341,17.1198441087747,FAIL
7.27067072498863,10.23664538775,5.22237487157287,5.0815662318578,0.541584636903716,0.434483277400542,195.945945945946,49.2039213530811,65.6690233901549,138.271976453378,19.3923665382632,FAIL
6.36602181305671,8.10743203506341,2.27154011368296,8.41139954766854,0.0579302940669476,-0.00144320018986821,157.837837837838,46.524854656581,37.150357742556,212.741507980797,21.470956067931,FAIL
8.12748611054691,1.81888427116857,7.77119096005726,4.96610185505397,0.383662993820542,0.346920999033025,141.891891891892,40.274947138976,29.7614215656422,97.7397582407178,21.4094591051466,FAIL
4.76241891582422,5.41866031121229,3.86532788907436,5.54691764774165,0.111598267056928,0.059933291169224,177.297297297297,48.7009942755399,44.1331352410698,146.868095014251,19.7157474313643,PASS
1.07655288678595,5.75384427123183,5.62773052237856,8.93253876955418,-0.218649214221283,-0.263785904371216,141.621621621622,46.3298531252445,29.6215321275198,235.808087689612,21.6909676268859,FAIL
3.23528849582086,1.48793889078842,3.5109271343844,1.94215905204497,0.189233546530215,0.163691950460193,207.027027027027,33.702652339867,62.6717617722874,42.7218797643768,17.7500864349544,FAIL
1.64192960628969,2.39195127022334,6.57199200833355,7.59999371421239,-0.0398963599138084,-0.069508400007972,120.810810810811,42.5666046694168,22.9056299871587,146.686165677588,22.5855564169695,FAIL
3.75042772277176,11.5473191719778,1.0995548788045,3.08432775232319,-0.366770863914573,-0.422091230421668,238.378378378378,47.9655001276755,109.766848113221,81.712299271939,17.6951576001791,FAIL
8.20889739879767,10.7745022996805,8.3135096058078,8.95466598569003,0.408370364078135,0.32193599969158,159.189189189189,45.5727540968328,40.791853802622,230.997994389743,22.0760120710941,FAIL
9.84099624479929,4.81955563770309,3.0668326825071,5.92295566896538,0.360201186479528,0.286731398802868,159.459459459459,45.4704318888336,40.1577326337342,136.885820194994,20.9257247234344,FAIL
7.34978183799911,6.0723958215161,2.28090078070794,6.28968801441362,0.171918780929818,0.108022460619422,167.297297297297,47.3866385364314,41.9879298405534,158.109921971725,20.4747795559155,FAIL
9.2588423213391,2.59279709836677,3.04650056482907,9.70708117868098,0.199963823934707,0.171560508061378,107.837837837838,37.6241560383203,19.9983076014637,160.007145686207,25.9100024148737,FAIL
1.24302474674676,9.08311852974518,2.54035261356682,6.75781293041491,-0.36523760845333,-0.420048217959655,181.891891891892,50.4765931172465,46.4770670869542,170.612918671553,19.3609628693422,FAIL
8.77710432646018,10.5541490266981,4.38595595542507,7.09013762739422,0.43824551809444,0.333105256609841,173.243243243243,47.43996102012,49.5062325279798,184.685439202173,20.8102854488885,FAIL
3.66359523249145,6.69230920837599,5.65669048496193,2.93488104567911,0.14372964588881,0.0906831181667817,228.108108108108,48.488517320592,88.1791563776715,79.5349163002014,17.8405837836906,FAIL
5.38366849196675,10.6609496871207,6.97307641428635,5.05849540708328,0.33858922624277,0.253661647258344,203.783783783784,50.376239349316,66.7632313970127,146.166247577756,19.0718884435253,FAIL
2.21750936549639,5.7957123439659,2.90028672269258,4.35524836740725,-0.163595584947794,-0.208790729161573,202.702702702703,50.4901680746347,56.1874513648518,116.635914713733,18.4191621617436,FAIL
8.49786108384761,7.36548770156439,2.43717526423328,2.69831515933069,0.649362813686536,0.495414143915002,208.378378378378,42.6046898465418,102.23267892757,61.542766825439,18.4177042348952,FAIL
7.79525614305865,8.38906797524021,7.29223130303486,10.2565013952784,0.253364660045317,0.190814113384783,141.891891891892,43.0965001835514,32.3545961299892,240.344519670291,23.4007034853683,FAIL
4.72126915808612,3.9831294232012,2.44673582437142,2.73182572254833,0.20566253354639,0.158937426261737,213.513513513514,45.7481793156961,73.5049567388985,67.7480715350941,18.0462507914163,FAIL
2.14873462471872,8.04474941354877,9.68683621902517,3.09397037411356,-0.258364772952906,-0.309415779110083,234.054054054054,50.0145804170196,91.1874779047257,87.6163203926551,17.6385289807203,FAIL
1.51420974784519,9.08992395589213,2.03175279778595,3.87925031815549,-0.464912255755688,-0.511856824230514,221.891891891892,43.88715560759,77.6380705544865,59.0228335536488,17.7892238694468,FAIL
1.13414568528028,2.32569240039346,4.45779203050271,9.46470700473125,-0.0416139630013875,-0.0663511810423918,106.486486486486,39.4920346367583,18.9570113205483,159.495283567354,24.6759560240749,FAIL
9.39924178884802,3.44452983992377,5.5232923745268,2.70496950847253,0.926071928378636,0.827937415544506,191.351351351351,41.7273973887578,70.6430686968461,58.5715563812664,18.8975752550003,FAIL
4.05447347909227,7.81586787357551,2.91216580721555,4.77069434661946,0.00396673384506929,-0.0536627475462708,202.972972972973,50.7201314140817,60.1655829406379,134.229081460104,18.7911953795051,FAIL
8.2852751951308,1.80981057590153,9.77279559342247,8.91109860355527,0.239663758727131,0.216294548590891,102.162162162162,35.3698018843914,18.5480836423279,130.820881872532,26.9091290940374,FAIL
3.71336116403075,7.7278196245236,5.41758881584696,5.12571936679219,0.0193897163740895,-0.0394928545730968,198.108108108108,50.6934541385495,56.0114515518259,146.96530442231,19.0142194735233,FAIL
1.02079880482314,4.97213664656049,4.24873323578189,7.87395620909902,-0.194744712461813,-0.237794123303896,145.945945945946,47.39288903184,30.7117344214508,208.474272096532,20.9663965620806,FAIL
9.47327423999412,4.14884078281222,6.24490369796958,8.35669708197053,0.324933159824406,0.275808145588908,131.621621621622,41.6891616823269,27.9354974471859,171.65404724809,23.4167998447261,FAIL
9.6904224159365,9.55376002670374,1.04374500265264,3.98627206827417,-0.0700213504444336,-0.239333140218501,197.027027027027,46.7621384366367,80.2895465850071,96.6811692679802,19.1139184805027,FAIL
2.06515630738891,2.85822261714077,4.43045116426521,7.98895574098351,-0.0328510166107033,-0.0638645191329328,92.4324324324324,43.0601893534108,23.7492204421178,149.135940576075,22.4519915562976,FAIL
6.17067221824876,11.4579966412617,7.01409896506119,5.42348174926911,0.450334883944084,0.353746183263037,198.918918918919,49.9281327681434,65.0489306750267,155.076740738228,19.3642273476332,FAIL
9.89406783954081,3.96606997432369,3.04014987938132,5.26882701513611,0.389670320861743,0.32010370304107,160.810810810811,45.0083019674786,40.67831362964,119.000640488141,20.6474091020174,FAIL
2.76471226885871,2.91958729773418,3.31598218992558,4.08082679083433,0.0161552162854091,-0.0194943205412743,181.621621621622,47.3077562100638,43.0662491611235,103.654981003687,18.859107207234,FAIL
4.7081376668205,3.65496604556169,4.05572663898929,6.03082381646093,0.112262815718878,0.0712757194081806,156.756756756757,46.2105321310568,34.0358531056784,145.760662021224,20.5501686820978,PASS
9.28680214261337,11.5711170011249,4.86204179347281,5.18699570974676,0.784610967205404,0.628655695373314,191.351351351351,48.0405762276047,68.9439220826691,134.905175003616,19.7024683478491,FAIL
9.96343526600625,11.9899254115641,8.37764614194778,7.42774657225503,0.749334910578817,0.618538004625362,171.081081081081,46.7087805198929,50.8395855435835,194.381088122118,21.201854544028,FAIL
1.13415620251372,5.63736004001874,4.55899836675412,2.27175686737665,-0.496867075479828,-0.532329214688474,221.621621621622,23.5440248149394,102.444183415473,27.1150535713133,17.1275289609931,FAIL
9.96971195736825,5.82206851839324,4.85550008672641,9.6543875228626,0.299867604936378,0.24292383942672,132.432432432432,41.6133142494502,28.9326791066381,203.222000935305,23.890300738873,FAIL
9.71759618996443,9.41484318986068,5.63032819848213,6.05198573712229,0.663595086598107,0.539981887755065,177.027027027027,47.4312176577982,54.2905660929462,154.966097649714,20.4410695061913,FAIL
8.68035675357289,5.92502065771589,6.14318613291629,3.77461634432629,0.791641177692664,0.684013724618702,192.432432432432,46.7528849119102,66.8972484785234,92.4723307093621,19.1842333366333,FAIL
1.44166050232862,5.67760261997136,6.52530866877275,9.28496363459323,-0.18508401350922,-0.229211714518197,137.567567567568,45.4157546995081,28.6026374366685,238.546673313193,22.1452076963367,FAIL
5.99962709725783,4.11001511137153,6.67877091260979,6.0203415953162,0.235636864451351,0.186706367074677,158.918918918919,46.0852523952156,36.2982659987721,145.933587378908,20.7129893070302,FAIL
2.2101629627999,3.76785468436874,2.71647079004026,6.53501197541965,-0.0641143689323715,-0.101366271948681,150.540540540541,46.5201598733344,31.7705156212155,157.701534750432,20.3947943845751,FAIL
7.82160393852356,8.6853167938686,7.39701281525946,6.40650428741153,0.488448370269464,0.397921109705105,175.675675675676,47.8943030478158,49.2867092652575,170.370106099177,20.4638996508934,FAIL
6.04199907640405,4.98104138329383,9.69713894750234,2.52079379569027,0.787195760907455,0.710389780319796,215.405405405405,44.3747723280171,89.297000081972,61.6383002852864,18.1342836607453,FAIL
7.02847453912676,11.1002495314374,7.63954385638318,9.94279148068652,0.246570251825419,0.172822734677399,154.324324324324,44.9475369595364,37.6736588252093,254.496507970411,22.5336578781878,FAIL
5.19529254931168,4.46482409643096,5.30623226891233,9.47036047507169,0.0824823461835821,0.0442842776168961,128.918918918919,42.2791886583885,25.620935919067,201.559521079609,23.5066543480451,PASS
7.70456428039368,5.13691606779838,1.56917205434832,7.23827740032575,0.0996843035791202,0.0468558730678068,151.621621621622,45.6751171305645,34.273995266256,171.773575265993,21.358444230544,PASS
9.43327356286169,9.87885996655517,9.08012172165938,7.86068263716021,0.586113659355411,0.48458187701216,162.972972972973,46.0085554772111,44.0465482227783,201.249808895131,21.6326453219267,FAIL
1.93625246489677,5.00886165481826,6.0850778189707,3.5285547105566,-0.168091221936651,-0.212733983849205,211.891891891892,49.7013986304838,63.7781782645736,94.488711281048,18.0248254911457,FAIL
5.93485971117788,3.30944027839174,7.28292127813765,8.75935999326012,0.148662068593654,0.11413738040753,123.783783783784,41.0993723765185,24.0185112326563,173.482241042488,23.8426512087002,PASS
2.35459538457166,8.98813384154733,7.2475135201429,5.29841277806191,-0.220488503783017,-0.280647828060515,202.972972972973,51.5323790276988,58.1269700919557,154.404842125539,18.8126334352469,FAIL
3.69255463353449,3.00282303901709,5.24634007102988,4.2162764655354,0.11056798222627,0.0715908166158742,178.378378378378,46.8800252640669,42.6161945679583,105.668579679026,19.166814003815,PASS
6.67530653457326,2.00043007737981,1.1314589996634,9.70420842772898,0.104249533486853,0.0836937481574873,101.351351351351,37.8417843070522,17.5274663744007,160.888243749481,25.7814485615434,FAIL
3.7756851681892,6.31104413064268,4.52566653842057,3.6488403989293,0.0891723681684319,0.0361107522890655,214.324324324324,49.9081239947451,69.6767988285904,100.773484480228,18.258162645568,FAIL
9.20595762025902,9.2010353618851,2.17690296090628,8.16045353858691,0.170888748500367,0.0852117377914422,159.459459459459,46.0254735968489,40.9380285611585,200.871079573614,21.6230979937983,FAIL
8.58399743833663,1.50387645622666,9.02654036476133,7.56288190761477,0.274010179689282,0.25027512525184,107.027027027027,36.3003122377196,19.4325898110633,114.227957065204,25.6033043587904,FAIL
8.92433691481316,7.54753020018547,7.7744085909707,3.27071586272571,1.18943015693819,1.03759598202479,201.891891891892,45.5069887149579,86.3356553869819,79.4913064648853,18.8335994373362,FAIL
9.60725536527216,1.63608461869044,1.77387233355759,6.56708624607031,0.22301857113115,0.1948085776545,119.189189189189,39.6224937567181,22.2383511239309,114.417389680349,23.2389776548422,FAIL
1.25308815834346,7.86329717569519,8.85047457148226,9.5992448255996,-0.290133323566111,-0.343334678290008,147.567567567568,46.3742140525633,32.3250278044178,257.910485662394,21.8282759686789,FAIL
6.39951673420772,11.3847737152823,7.64888773463823,7.69853177999555,0.2987407256793,0.214922216420296,174.864864864865,48.0453692354802,47.3547996948183,214.320092313907,20.8109349999681,FAIL
7.79729368112854,10.0841413015359,8.31059028293533,7.39447877767074,0.461262040109104,0.369722112778513,170.810810810811,47.3462037670029,46.5997923097186,198.193943660898,20.9901889197032,FAIL
5.98440001075545,7.03438274470873,5.76213546054462,1.50942670703868,1.33381610055887,1.21694191738862,224.324324324324,22.0929341691512,174.183760815829,31.4538715991742,17.5180420887147,FAIL
3.85735799294175,5.56640404919428,8.94208070469375,10.1702850275853,-0.00542434350615728,-0.0475511661470281,131.621621621622,42.5257680937104,26.6894419947302,226.071483794481,23.5962334075409,FAIL
3.30179972026238,11.3673782286838,4.35079412044814,5.09634467613431,-0.122265829140398,-0.187232558810927,212.702702702703,51.6631179370249,67.7006998005479,149.912925044833,18.6687725386825,FAIL
9.07978177432688,11.7139371157615,9.23083589741409,3.14212795009629,1.79288164427064,1.55866961008535,208.648648648649,42.7962651399613,111.407653132839,76.809771057467,18.6486358622125,FAIL
2.31270654688647,10.8513893756459,4.91815982918922,10.2675692267563,-0.250664820373015,-0.307500279695639,156.486486486486,46.1363090962345,35.5124406694784,239.728763101003,21.8415345707906,FAIL
8.56843141299391,5.73655350651192,3.27900850741469,5.53038479015094,0.358349987628036,0.280890539901652,171.351351351351,47.0489205858223,46.1721111338362,135.959633511389,20.2624188653173,FAIL
4.65635257481317,11.2453001403805,3.28697403307066,3.75212168441055,0.146798192741264,0.0697545242379654,224.594594594595,49.7236094060186,90.2988652691547,103.959262920498,18.1978272188603,FAIL
7.29502372783534,6.68964444197928,1.94616928769042,5.8385742620548,0.147112278462842,0.0769655470683739,175.675675675676,48.1729100777401,46.9784632895189,150.163697805196,20.0484300000488,PASS
8.68275527089555,6.45285880167624,9.69521748195122,3.76394897808364,0.962657993601098,0.845312230726492,194.324324324324,46.8835395467357,69.9874079506886,93.867971548054,19.1711111862038,FAIL
9.68765444898311,7.04066255452792,9.07233532493443,8.48098521552131,0.456135252637544,0.381217307440952,147.027027027027,43.8736501237138,35.2603413124116,198.36202302511,22.6424949782179,FAIL
8.43845384758838,6.06921708217251,6.97527588362457,8.80260824346771,0.305628536265134,0.246932368964468,141.351351351351,43.3570200136983,31.7125763196909,200.158582931327,22.8889200258367,FAIL
8.2879852893525,1.5371225859977,1.90775898568655,9.26934493942793,0.165199195610086,0.146592292084037,95.945945945946,35.4104878201781,16.4476514034152,133.172559903559,26.9568749114834,FAIL
1.46209281562456,1.50113983545595,2.63492547291605,2.1432322924136,-0.0321364347470443,-0.0562738596274724,174.864864864865,36.73538097139,56.7770502429238,43.5378416063988,17.5847081197264,FAIL
7.37789244352348,3.454197623704,8.22576980337093,6.11103805611362,0.328738071651651,0.280514190025008,149.72972972973,44.2218588405271,33.277751447104,137.756973260315,21.3433662464549,FAIL
7.72027482699398,7.44655687018054,1.07881535179824,4.19514938832376,0.0100082651964744,-0.0853686145836375,197.027027027027,48.4573060275099,67.1786227411039,107.331268918844,19.0140099320593,FAIL
2.11872217493018,8.24819609684025,6.43813564391552,7.64867411429449,-0.221035914183023,-0.27722202257823,170.27027027027,48.6785465646753,40.1274361942738,196.35387627983,20.3595576092486,FAIL
1.55983827931475,11.577850689733,6.78400814734563,8.63418431287892,-0.389380651041313,-0.453703316081592,172.432432432432,44.4078428874518,42.2941990605242,115.174945674896,20.5328138565696,FAIL
5.9878854161419,5.57579320615485,8.64083181744558,10.2181763407981,0.128358622108662,0.0842535833562946,130,41.7019623173519,26.8265938803045,220.545776348392,24.0238922613185,PASS
1.70171252253068,8.7661680127278,4.88899726168943,7.08934171951456,-0.297085557329122,-0.354116516518615,178.648648648649,47.9506291133374,43.9981616051734,139.370144777361,19.7853285457207,FAIL
6.27653610952262,2.98466670124284,7.58102131242436,4.91015269902202,0.310612559027263,0.265375472227717,162.162162162162,45.0437808644481,37.5104635193764,114.315713532871,20.2614812421861,FAIL
3.9265244065402,1.59845366745601,6.39196239695775,4.51108921473269,0.144352668676228,0.115558361556508,148.918918918919,41.518744226291,29.9447347879099,96.059624877345,20.3505380425912,PASS
3.2105793852398,10.8335404598488,7.58220300815338,4.9227767526451,-0.076097165128613,-0.143133850574389,213.513513513514,51.6987143106356,68.3565686671209,148.464305346498,18.6329901591676,FAIL
5.16284034087408,2.80225258951429,6.49406299900262,7.05682788466002,0.142232968829665,0.107710708510296,134.324324324324,42.9844146325748,26.4869332869741,149.010873128195,22.2252830460964,PASS
5.81497507606302,11.7936666679974,5.46819818251782,8.16235860148486,0.161786154475354,0.084904299760186,173.243243243243,47.9877876507483,45.5796896806082,225.630393410352,20.9217204652474,FAIL
7.7039858119927,12.3883825635506,5.37854957635164,5.10541074120667,0.681283826738407,0.550121641919298,198.918918918919,49.0172911051065,71.866129862442,139.102631992514,19.3716876102073,FAIL
2.01494623431018,1.99203126528592,4.21655134810232,7.17164184538278,0.00174228521263686,-0.0246080293492419,111.621621621622,41.5999963770621,22.0870029490766,117.299669243893,22.4536416428486,FAIL
5.89099787803994,2.24198791882837,9.51838714366208,1.58334775405583,0.885124419650976,0.832914431190142,210.540540540541,30.7384287037627,94.5305625355813,32.5834095608478,17.8129566653989,FAIL
6.72687273398984,11.6822116199233,5.60055644224478,8.43605222181832,0.248082263746324,0.166540214750039,168.918918918919,47.2204247501103,44.2624852883157,227.530424265549,21.2763543521048,FAIL
5.93473308545209,3.97817821597129,4.30743102778465,5.11493169703771,0.236004500189415,0.186527846002407,170,46.9647838670398,41.2274467088546,126.439047010499,19.9269345532526,FAIL
7.92606863801859,3.68526220711837,3.32788375568027,9.70153334362718,0.166980970999458,0.131637257715343,119.459459459459,40.2081670493409,23.2274204128063,184.75973266832,24.56328816921,FAIL
7.00369690529901,9.84231208049391,2.2917388223846,6.17507324201287,0.153321236278795,0.0676561976617424,184.594594594595,49.040666484412,53.7102851022219,165.901408061688,19.9238922349106,PASS
3.07828906720736,5.49770102105219,9.41660052438434,6.88291938018698,-0.0382044949814739,-0.0878394843548363,162.702702702703,47.6853599525581,36.5998847958944,181.066930620273,20.5776538810442,FAIL
2.43666741552235,6.36229555544957,3.87289470603667,4.64285862682625,-0.144523758059751,-0.193482938918172,201.081081081081,50.8223603333193,55.4942163324534,128.4370925481,18.6005034508465,FAIL
7.94620827416851,8.95435829671743,2.9954217498814,10.2726003430732,0.14045589622445,0.0775457794003284,144.324324324324,43.733890237535,33.1334923013791,240.774218838655,23.0639090572087,PASS
2.82482737447211,6.20621791832122,5.1635442899505,2.11124737635687,-0.027115624576861,-0.0653937765349826,242.162162162162,43.516805499442,116.274790216712,53.3669704320473,17.3098987747708,FAIL
9.69735973285036,10.5317721194473,3.40656030276429,9.70519330511798,0.277410093184177,0.190851425233537,151.081081081081,44.2979920182428,37.7503457257424,231.757764422749,22.7206612724317,FAIL
7.00209427929185,3.21813262039775,8.0613757166912,3.08659991610212,0.621797672247404,0.559882631306724,192.162162162162,44.3476549820409,59.7691907500424,72.4271307982973,18.8531389342306,FAIL
4.55881256769289,5.9701399382793,2.92918278080017,6.39279328801134,0.0401016604188274,-0.0102873636445912,170.540540540541,48.4585856911863,40.6170146042439,168.605206206283,20.1319102056359,FAIL
4.22439853631413,2.1361350814544,1.36182705042585,3.79324638372781,0.0983564829597193,0.0678491245898581,174.054054054054,44.7756309412384,39.8090495339433,90.5138589629171,19.0295791549016,PASS
7.51243328946882,10.6983208201913,7.97633655759727,8.78781218969212,0.345840337317994,0.26384326840467,161.351351351351,46.0666291161311,41.1920835437011,230.398171147789,21.8346185624353,FAIL
9.52509600862792,4.04894619723471,1.7386630210439,3.48195304977294,0.349882092111027,0.258858081707884,185.135135135135,44.8263525071461,60.0312869825459,78.8878448182945,19.2367321539273,FAIL
9.79223313701048,11.4259801005993,6.6845830404046,10.4307115393017,0.428400267498017,0.339384269731454,148.378378378378,43.3893511871048,37.0620835315806,250.031661481705,23.3166547492273,FAIL
6.28787522838147,5.73083720816188,3.99860836783089,7.59838556848506,0.156735755428926,0.104264492549731,152.972972972973,45.884062476331,34.5608054126485,185.543906706365,21.4518359214436,PASS
7.08539693579212,5.48211593987694,5.08169050847119,7.73656424576605,0.224851236597358,0.170837740327161,148.918918918919,45.0261392630652,33.4918632494017,183.539437036564,21.8322677663079,FAIL
4.12735549290894,2.99262080716048,4.27467443625639,8.59226700823006,0.0579110087832616,0.0273701815371221,122.972972972973,41.9390641634799,23.046942827541,173.630986542356,23.3594525611127,FAIL
9.51793636373149,2.29583021177789,9.09771694252619,8.71905413355615,0.29635654961784,0.266242507162808,110.27027027027,37.2217848070093,20.9033242209099,141.595788576231,25.793000643019,FAIL
7.66625018320499,4.51950527520776,7.22481584701225,2.37134286686412,1.03224560765579,0.932013321340962,207.297297297297,41.7324429662727,90.8890375083427,53.7467639256083,18.3228484454948,FAIL
9.83243800401456,11.2954005391064,8.61101571493306,7.3427806201332,0.72304524106902,0.598678067912294,170.27027027027,46.7159852936037,49.899624805632,191.700038473146,21.1878165797924,FAIL
7.15376725008769,6.47897949246461,8.48068726238837,7.08068205105411,0.331262675102526,0.265232422926144,160.540540540541,46.4126879654265,39.19522665288,179.142648479325,21.1924962925396,FAIL
8.94284192498546,2.09176262559897,6.91565545909808,10.1887653652837,0.228911807573622,0.205928177855212,98.1081081081081,34.4061800939548,17.8004635919914,144.595278936932,28.0327383522849,FAIL
1.75950483328463,3.1863338211932,6.86069555538784,3.66782257781627,-0.0947170916921437,-0.133912703880874,192.432432432432,47.3778095438323,49.4452234498994,92.5076984943967,18.4012034678032,FAIL
7.78384970783333,4.51020028274784,4.68673922345247,5.79728134070493,0.339446683060662,0.27987127858414,162.162162162162,46.085686087459,39.418851990099,138.860948837621,20.6411098146543,FAIL
1.15684494081153,9.00729582081455,6.13588364743317,9.8744191851396,-0.328378286628156,-0.383080924758037,150.540540540541,46.9576664219487,33.5212194027677,279.539851327547,21.6840542206184,FAIL
3.76394462422822,1.74880054179923,5.92975132170937,6.18767261603739,0.0974215813836636,0.0706913886076674,128.108108108108,41.9349022402813,23.7832437926108,122.895214811031,22.0764239356794,PASS
8.08132666132574,8.72604315918943,9.87671147165567,7.72454180575678,0.447713352130633,0.364523187431682,162.702702702703,46.3272202668784,41.9725842334628,200.065317167778,21.4749267902376,FAIL
5.95044406386913,8.32068919858961,9.73317878579063,2.62661095097148,0.96926324666565,0.865913335550488,224.054054054054,44.4340485667336,110.379215943328,66.8909409183941,18.008559898244,FAIL
3.87445915713111,5.38982315437674,7.45395587279543,8.68263358526208,0.00904435515873336,-0.0356501669871592,142.702702702703,44.6707802659927,29.8498697808508,207.002133873033,22.2170037133153,FAIL
3.2137892187669,4.19883914908013,9.75725766563501,10.2363855885485,-0.0177332328108836,-0.0530032788519173,121.351351351351,40.9068847527906,23.4158525461565,207.604276030046,24.392491305079,FAIL
2.03604765096196,12.1094757426803,8.35197602760093,6.9793117059057,-0.353568972500638,-0.422159951732656,192.162162162162,50.7603243522394,52.2143731479095,195.448460269072,19.5502429810337,FAIL
3.53972871910234,9.44481744222069,1.28688640590782,8.22789234178454,-0.173629481366514,-0.225437559367311,169.459459459459,48.6396080249479,40.1167817685623,216.659328278053,20.5640181767489,FAIL
9.47442583770759,7.17012542092028,6.9823405021056,6.62227337335634,0.545969716209502,0.454958420017724,164.324324324324,46.3103833423485,43.9706984892052,164.122048714265,21.0807646840864,FAIL
8.82449164053907,4.66324225777777,1.09623607434672,5.34128714221775,0.0915204843472212,0.0248477332935455,167.567567567568,46.6590790617954,43.0403090072117,128.294898068125,20.2035091751869,FAIL
3.1053325600606,6.32131654102221,5.80084459350123,6.81333903577711,-0.0604815746900393,-0.111433374282727,169.189189189189,48.5985803588141,39.3208756418584,183.045220948549,20.2409549143573,FAIL
7.31542834797156,1.60613260958992,1.92897104235239,7.2697992006119,0.167949988184501,0.144685732426637,113.243243243243,39.5004941603251,20.1439743992492,125.378324672489,23.8026837604783,FAIL
8.82469545808394,3.94443987573212,4.87976080424581,10.3883596692391,0.216117890285186,0.179227019903688,116.216216216216,38.922408726428,22.8489524265302,190.288624120732,25.4632231071093,FAIL
2.59231140568915,9.27505823913003,1.27226078494383,2.91401607769647,-0.4068836584757,-0.446178647571415,240.540540540541,48.3359515468321,103.520904441643,75.206894773051,17.4902304333809,FAIL
6.92393109072973,8.08323607266607,6.93242855135258,5.54707706366965,0.446202504033446,0.3618166431958,185.135135135135,48.8060064840117,54.0278069798681,150.204598497559,19.8084270093276,FAIL
2.7747835421445,3.68005963657537,4.1352911374531,7.83839546015783,-0.0251022800051237,-0.0609191020394587,137.297297297297,44.7420243559855,27.0782678126666,178.876391766417,21.8229479611334,FAIL
1.90753763890517,7.7168399871436,8.5165277105592,2.01900372292697,-0.413437410905843,-0.447995582371227,247.567567567568,41.6809652076449,134.704848786415,50.6218633100726,17.0872973087708,FAIL
1.61075468668831,2.66510174106029,1.3773677244528,4.07502240859834,-0.0623997390711632,-0.0936388523293641,161.081081081081,48.4346535043236,40.9317328913801,104.465158353512,18.6096689019011,FAIL
3.088745212501,11.4914340217087,4.37174757584989,7.12010175713356,-0.179037818486872,-0.243203380876708,188.378378378378,50.3456918601451,50.151444006011,203.492936480456,19.7804984516304,FAIL
5.41558535461216,9.23472938612247,9.57229961168527,3.21956686186058,0.674109709002698,0.582950088938199,222.702702702703,47.9985760046938,95.3307098319692,87.8102179546922,18.1848009445834,FAIL
6.3021707160609,9.59798566069944,3.87732728685219,8.07361010476191,0.146280002269405,0.0767076120922847,166.486486486486,47.3487312380738,41.7648507599414,213.263237506839,21.1178397409141,PASS
6.67738222340606,11.3063241237781,4.7378480874162,4.07811021945499,0.613289886549431,0.496661274910295,211.351351351351,48.8164229133326,84.4544226172181,110.069862536573,18.7030939560713,FAIL
9.4870029096054,4.99923055269539,9.97495237632906,10.2509819890366,0.31563425614551,0.267926318144425,123.513513513514,39.7035709594147,25.8650349725586,201.499656362794,25.0683695924058,FAIL
7.81411694823847,3.11800235043829,8.31129256727057,10.3040806895765,0.204768665521409,0.174182788059929,109.72972972973,37.3719685466211,20.8230045972086,174.574576209995,26.3209177250052,FAIL
4.60719494712334,2.61497738805681,5.95624723641348,7.23785402668328,0.109281374951328,0.0772899709835109,130.540540540541,42.6646082258103,25.0726151309691,149.666679202414,22.4503514792154,PASS
8.11952257111985,2.04228487849448,4.31454746891791,9.46042630093781,0.196161118887689,0.172673858364401,102.702702702703,36.3394420039481,18.4318566122001,145.075826958992,26.5408869630424,FAIL
7.21943930609634,7.65960239271183,9.4549855653878,4.25553192947394,0.7149595147801,0.615843664962214,197.837837837838,48.5864271248828,67.3727343601002,113.62695751427,19.1311907659597,FAIL
8.19248785060779,5.71310409085175,9.50567887704017,3.82106504844374,0.819128356267363,0.720567860981745,192.432432432432,47.0235203703727,64.9134184325619,95.4900298162328,19.1971986904274,FAIL
6.11754275079165,11.0123931558214,7.1303625777821,3.74463481188666,0.712458748269165,0.603083039207792,216.756756756757,48.6472188568154,90.23012022291,102.717949306548,18.480447315602,FAIL
6.29794924589382,5.5218033430673,9.92225188692443,7.91498542386064,0.217335525521771,0.164113485789991,148.108108108108,44.8200182928108,32.9941222191858,190.168627349923,22.0173291572522,FAIL
1.52704495159885,6.32762713230464,7.74680220903407,2.36024297490773,-0.419565781264952,-0.458958013731482,236.486486486486,45.0890087453002,104.775855743766,56.4293670160386,17.2292810290751,FAIL
3.59377865603408,6.37980386504003,8.8856607007058,9.0735619101991,-0.0296833373470249,-0.0781509563838064,145.405405405405,45.0047664017024,31.0851600165258,222.711508257988,22.2293454506041,FAIL
6.18358704921931,9.98847060286268,6.60726097587077,4.58402367340653,0.509324771337143,0.414233496881782,204.594594594595,49.7306285756862,71.1238080506015,128.085757668178,18.9712909378829,FAIL
1.50358752207663,9.85979119513974,4.40307024673075,2.41467384557641,-0.70593802252545,-0.742270403287309,242.432432432432,42.1471490569248,127.444473306399,50.529944282169,17.1223521994154,FAIL
6.55023824531953,4.12292146240765,9.839619076704,9.69733471429204,0.171380825835122,0.132927479066108,123.243243243243,40.4708102656594,24.5433441154064,193.083193595902,24.4928519400554,FAIL
5.16016542184354,2.46446543264117,8.28266469544525,6.13001073570262,0.174434802333798,0.139612759245328,140,43.0577560779091,28.1904366000813,130.958955871043,21.6010825909004,FAIL
8.26148171306527,1.68746624957714,6.89818427959167,4.6456763510855,0.399756191349946,0.363374651229512,143.783783783784,39.746488852383,30.4713642587884,90.8289027301907,21.1698985871869,FAIL
9.07045779227258,10.7640102443295,2.31825426759877,3.76594954859338,0.515942591193489,0.335307212045577,203.243243243243,46.2644841731861,89.7208299008698,91.7847355590812,18.9074791846559,FAIL
8.07062526481329,6.39597691581507,8.02883085291512,8.6827177872286,0.308750677284688,0.24819078274485,144.324324324324,43.8563244672598,32.8418438649171,202.637635113045,22.6637474186646,FAIL
3.50325414509029,10.9027317506128,9.99468158811346,8.73319074893333,-0.0933475467883053,-0.158969833569021,168.648648648649,47.8701607343326,41.1413021938574,246.278066058893,21.1075976319894,FAIL
2.34000516748985,7.51668973324282,3.60334019715966,9.39980208246003,-0.16748493564984,-0.215275296328937,150,45.8415805750907,32.1840171187826,212.769094549518,21.705183897849,FAIL
7.86441744813223,9.68727989905285,9.54367790596674,6.63230714904531,0.55007587364258,0.452828933487779,176.486486486486,47.9118549039426,50.3911959132969,179.589782328751,20.5545947119798,FAIL
1.92524862842594,7.95652826446492,9.41624006351695,10.1719288811782,-0.219248745395213,-0.270914954509209,144.864864864865,44.3100262352896,31.104855871825,210.777381215275,22.4290862469498,FAIL
6.89818804698395,10.780463574508,5.75668469270344,2.77388583140093,1.11477379215276,0.966313054727364,221.351351351351,42.8716336376194,119.391749382981,68.5836049544659,18.1367945531406,FAIL
7.84086965039394,9.10131559777695,3.52881003748896,5.54700578405256,0.391179745605095,0.291969429859126,186.216216216216,48.6680032992011,57.307119806747,146.359787083762,19.7925796324192,FAIL
8.60152264688429,5.27537894027582,9.65702572853571,3.05278050128188,1.06600298288898,0.95166952217831,198.648648648649,44.9356323349425,77.3233557293552,72.4625400343356,18.8291648666875,FAIL
4.50326254655379,10.2859797513746,3.77057160496457,2.21229914891497,0.372528014511913,0.298170732351976,239.72972972973,39.4054842111221,143.677057520598,54.1361500050396,17.5101176376749,FAIL
8.53755649536069,8.58304625711233,9.53728692895251,3.45274252070736,1.22765524419971,1.07504486084739,203.783783783784,46.2954470302831,87.2094872608727,86.9150983981196,18.8315719326946,FAIL
6.36429714428129,2.26979841164615,8.48181970427915,8.14452436422562,0.184273827595015,0.155674015747352,116.216216216216,39.3035528063393,21.6592037626639,144.798056589006,24.4400063241996,FAIL
4.24809616803901,3.19066039008078,8.7298471901461,1.78211650414384,0.503326086375436,0.460299705567671,225.675675675676,37.7966366163156,99.4879150180672,40.8577925720318,17.5632319276652,FAIL
5.40949327826321,3.78655556147162,3.36783944005612,1.98507802786049,0.494944780345367,0.438443531891337,220.27027027027,39.5905589269787,97.8641799135758,44.9236207126271,17.7676719545087,FAIL
1.14040379108609,9.7025277644723,6.60767058246705,6.30013858223309,-0.450221604046861,-0.512797365322062,188.378378378378,50.9886561165451,51.2195937524806,164.164786857353,19.1319723327091,FAIL
8.4153442644051,4.2337225871104,8.17886041719242,7.78259343968917,0.323490335338762,0.273227610943234,138.108108108108,42.7403575486771,29.8485839288148,168.418694247511,22.7219671752071,FAIL
1.09401203196835,11.8571514928639,4.59557807936732,1.85883261373831,-1.33307375937556,-1.35380683550216,NaN,-63331.4653978206,179.835212717617,0.0279275061650204,16.8004857527419,FAIL
4.76629090482146,5.38991942336719,7.01510907409153,6.34786324920843,0.129571337073741,0.0774805027086648,166.486486486486,47.6442645371166,39.1395266506445,165.374809605967,20.4162588765956,PASS
9.18912379626764,10.4497398421547,2.44508181472095,4.23169972134133,0.488287324098448,0.324774268270337,198.108108108108,47.3239042517899,79.2253494043324,105.190605793443,19.1745291348355,FAIL
2.42050903265157,5.34972542018118,1.53386930017289,8.32035678405069,-0.103530714776846,-0.142696946243436,145.405405405405,45.8276599804783,30.3180145364476,186.358041314927,21.2044052137727,FAIL
9.97038337420833,9.09699430093855,3.82689038742266,4.56852690211103,0.725099583586478,0.56924141120153,189.459459459459,47.258776410914,69.1895563604434,113.017283007832,19.5797758891823,FAIL
8.46379970134118,3.57889816718896,3.46122157080875,4.9800175119346,0.364024691163834,0.305590498781827,163.783783783784,45.3019946887532,40.5557178316945,114.46502045911,20.3183650190639,FAIL
6.39707917212469,4.4549635456489,1.02518458884027,8.71312183876148,0.0254206009139158,-0.012553757430682,135.135135135135,44.0615899671271,27.1854819880121,196.299713379179,22.4517226118304,FAIL
1.06752312760396,3.60798726216369,5.79940067665004,3.36149617123482,-0.229063207349709,-0.269367862914364,197.567567567568,49.653452867688,56.7123654258356,93.7658852747238,17.9567585767819,FAIL
9.66712030539264,6.96590304913855,1.47721920619724,10.0048208044378,0.070419011408538,0.0115240525872397,136.486486486486,42.7538944588705,30.2270410464239,220.15273833804,23.4047846088394,FAIL
3.7483509055282,6.7804473703326,6.07821120652902,9.61406722806512,-0.0348380703892888,-0.0822027052126319,143.243243243243,44.638323183813,30.4159060526542,231.817390695307,22.4817259891852,FAIL
7.32122442321512,8.11328058630672,1.27102278633705,6.49831326507423,0.00857515870674619,-0.0648106873867038,174.864864864865,48.3732840914943,46.7214462071262,170.167860374176,20.2539400572421,FAIL
5.80472855784445,10.0600589937716,2.71378550953441,6.02678140109525,0.111828898846758,0.0356518516856039,190,49.7777601868054,55.2384980364659,166.951612046652,19.6393110221166,FAIL
7.82630804703538,1.99372733624433,3.55492294365638,5.52293599321639,0.277208521309475,0.242625484908186,138.378378378378,41.5456888062703,28.1136837806067,110.042038584959,21.5566833292531,FAIL
7.2358484096996,2.6123875425853,9.53798901088926,2.56547896095364,0.752955919540849,0.691996367646932,194.594594594595,41.1018706008783,64.445572906938,57.0592827640658,18.6533853612248,FAIL
4.52495051100985,5.21225105743788,3.60723928553886,7.02715521544259,0.052432007282265,0.00618596815483818,158.108108108108,47.0026177881864,35.0979340861602,177.064315152149,20.80506364186,FAIL
7.8602643735905,4.24994258451029,4.61436398576164,9.71390943231305,0.190851700058573,0.1511756486161,123.783783783784,40.7543064088683,24.7853295315564,192.718455828012,24.3145706969315,FAIL
1.50253706671404,11.5554662823592,1.46906081159838,8.34696759585696,-0.375268236413401,-0.430764827485079,174.324324324324,24.7455137350202,43.2307447384877,58.858892888433,20.0875785860629,FAIL
5.79564393119572,1.51560395377764,9.11328638206373,2.08791472947502,0.576334114465303,0.538471906994055,194.054054054054,33.8091292017048,59.8402025450857,43.5720756134481,18.361073552553,FAIL
3.75932030888141,11.3693852957227,1.35907099374919,7.67486980054342,-0.207099737634398,-0.265445632170629,181.621621621622,49.711880578802,46.6363268078526,210.213272642802,20.0875003289293,FAIL
3.4175175394712,3.33777183258558,7.39626825233061,5.010794810506,0.0670965917954162,0.0260711878944577,168.918918918919,47.1131620008029,38.343823083781,126.2398451227,19.7160354790847,FAIL
4.54531753240217,7.44345519007524,5.42769230786441,6.6988789267093,0.0723589799247487,0.0137404171402675,174.594594594595,48.7853902496121,43.3661559710172,183.359659053923,20.2117402298644,FAIL
5.31994655702822,2.80280962576228,8.3403873144609,1.77894687181825,0.712706058245275,0.661903765421778,216.756756756757,36.0867945572374,93.9582730926484,39.0300832792652,17.7694743967043,FAIL
3.13693653034341,4.14166098961197,9.07417171841735,5.99322183106109,0.00835515293447814,-0.0362156262054563,162.972972972973,47.3447002665809,36.1935820103333,153.313237648852,20.2526317167059,FAIL
4.17516912404636,11.5063780561731,5.43063258494066,6.00890109350129,0.0314669603273213,-0.0406471353476358,198.918918918919,50.8164904529473,58.7917619962084,177.055995159745,19.3355530450358,FAIL
5.39697876264792,8.89536036514761,3.0613442179524,6.81216626254982,0.0750458269369292,0.00966609713074218,178.378378378378,49.0013278737598,46.5666356077434,186.009688116847,20.1664209812292,FAIL
5.76705037801706,7.43752738339938,5.62800792761594,7.08650526873343,0.179811053560307,0.11706966620854,167.837837837838,47.7461414802543,41.4718770891062,187.889241205383,20.7021385352847,FAIL
7.2530223382856,11.0734460028949,4.64915693791816,6.96200710772682,0.340431873898733,0.247765801511796,179.459459459459,48.4014771877731,51.1780622897028,189.174253683235,20.4374159311107,FAIL
3.18747627184045,6.95516901761923,8.70807171828368,2.01620947230703,0.163257298994906,0.118710449680954,243.783783783784,41.7834980852649,128.917697903834,51.1530786728447,17.3165300410028,FAIL
7.19638203238116,4.1260999589359,2.12907278042863,2.40649395009469,0.453238703094664,0.372978194884354,207.837837837838,42.1461969272149,85.3636593766612,54.2737959301622,18.232575718574,FAIL
6.1399098855258,9.21970662562547,6.06312716574775,2.30923609016725,1.0513780502887,0.93101591771807,227.027027027027,39.824714030393,131.55977796849,55.4796864512904,17.8458816491403,FAIL
3.17276150275708,8.39009795968251,9.53758263109701,7.8353078427321,-0.0917625186497241,-0.150774849898229,168.108108108108,48.23996967171,39.8757848748161,216.979075365758,20.7412898052438,FAIL
4.64182870482954,3.07263356670261,2.37323944647577,7.40044894912475,0.0697026291366223,0.036982490028469,135.135135135135,44.0718268512593,26.2698131794483,162.376919641388,21.9276204869649,FAIL
1.31742231388542,5.69565109434353,7.16365591737654,10.0772774664604,-0.189329472178318,-0.232047293728729,132.162162162162,44.2031988009208,26.824279815892,249.687728827562,22.8702741872183,FAIL
4.79397677997094,4.13776491634647,9.00627583413937,3.42910890002505,0.331944396627787,0.279100025484966,201.081081081081,47.5906186548978,60.5696596184255,89.0707975519445,18.5857111017849,FAIL
6.59194391324044,5.43309892528918,9.39803334533191,8.51142466050196,0.213094282441649,0.162187826873415,141.891891891892,43.7600434419126,30.8441296155143,197.023748621465,22.613829786581,FAIL
5.68553839975206,10.3855779007338,6.87488788907352,9.75595067280001,0.112733345141909,0.0475942911557288,155.405405405405,45.5378452529398,36.8884011966983,252.981574287671,22.2310698483973,PASS
8.97184921796541,6.00283397104876,8.81226092206057,2.47765587212497,1.45913841418757,1.30214345472871,204.864864864865,41.1871657821589,100.740058980858,55.7703644351798,18.5012987485263,FAIL
1.11511237791899,9.14472058761651,1.86402956747268,9.45044558544941,-0.306082611956745,-0.356442316789505,154.864864864865,48.4062293886704,34.7754611895203,284.070966714467,21.0548475840669,FAIL
7.99333175471851,8.92404370153854,4.79204907459679,10.081349624809,0.225173448828458,0.15955162115311,145.135135135135,43.7320669564203,33.6983637642019,238.89994802517,23.0550180604893,FAIL
5.38872674718785,10.0723454445674,5.31153141398737,5.22136921719932,0.262868286234912,0.182992050990302,200.27027027027,50.2910276294427,63.0367851923853,148.821311758283,19.1733713535319,FAIL
2.12548400711791,5.8688169825991,6.56126538558537,6.90314226141282,-0.148309111604043,-0.197546972277056,165.675675675676,48.2293743694429,37.4050707492227,175.24285509984,20.2523869096647,FAIL
9.21767648271963,10.2560336111064,3.98244464975339,6.77682339820569,0.457145315655381,0.345285778305725,174.324324324324,47.439587974234,50.9196477680822,174.514086067516,20.6974030337107,FAIL
7.0199478490988,2.21671265334022,6.2663609640374,5.88756534266377,0.271737761616972,0.23642963376095,137.837837837838,41.9745310736777,27.9563447954313,119.590718954886,21.7868794453925,FAIL
3.01522540849965,11.4351071202258,1.23593232743189,5.12228432802222,-0.321961897015976,-0.377104624133896,214.054054054054,51.7738036831932,67.3142058061706,142.635220643393,18.5341533694681,FAIL
9.14598120821632,3.06113743772166,3.99854743812141,5.44682880958018,0.377046017957995,0.324487486373261,151.621621621622,43.6900083199253,34.900691607917,118.079237174995,21.0448029395153,FAIL
1.21946866848699,3.66452313802725,9.81871675089408,2.50730790648284,-0.267965703543158,-0.306859163156858,217.297297297297,35.0113754876353,75.5708974229669,43.9576219153776,17.465426899883,FAIL
5.89436436090626,7.5448709762077,6.08755063555776,9.6419709244545,0.116903981807908,0.0626775334385885,144.864864864865,44.2962605232064,32.1418236642495,232.719025998115,22.6930578376783,PASS
4.28403353365235,11.5918189434943,4.75473649897488,8.31005328752413,-0.0342320212587967,-0.100936322327036,174.324324324324,48.4977388759954,44.1979491713964,231.862915215001,20.745907563449,FAIL
9.89168950516783,6.1467748947775,6.37811499293607,2.6832540723182,1.3557135146759,1.18098855736285,199.72972972973,41.8703737209071,94.7129481046546,59.6456692723642,18.7312676496245,FAIL
9.78970574314524,11.5137559990087,1.11931724075961,7.12970618756584,-0.0717010171378714,-0.191704885236121,173.783783783784,47.4603844738044,51.3512762978676,181.281416805538,20.7539565390327,FAIL
9.63514771499118,11.2751928981977,8.02193571233332,5.34471845243245,0.991696468206162,0.832667229541444,187.837837837838,47.8407388159833,66.3953841260418,140.5194284976,19.9101088382204,FAIL
7.42939603359577,2.22688496883788,6.38216361637979,7.18716253492369,0.243065896071064,0.211416125036237,123.513513513514,40.4987753199881,23.7614238801494,133.958455858536,23.3471700460147,FAIL
4.43791780945335,6.88243745557893,4.59023621592563,1.51125719581161,0.612742179948903,0.551708726372971,235.945945945946,26.4057815191143,170.886518577843,32.9432024078234,17.2751675545244,FAIL
7.69155540758501,5.48136024310639,7.22719545061326,2.88154945731563,0.927662472039095,0.824050808261257,205.135135135135,44.9670434808629,82.8733457641074,69.1170678115354,18.5466608150423,FAIL
1.98892159222,1.967339790167,5.77420499337968,2.81503293647107,0.00180883163693174,-0.0290743539899118,194.324324324324,43.016199124933,50.2390911789769,68.4988606143204,18.1235515832797,FAIL
4.26554096604354,10.7275111577965,2.21940165181256,3.35462168548667,-0.0277203893782105,-0.094638163302798,230.540540540541,48.977555672431,97.9566124480837,90.8082830829639,17.9443534529519,FAIL
2.92048020781615,4.11234583215993,6.11296733932515,9.11222773490186,-0.0303269840363376,-0.0667274466007066,129.72972972973,43.1133650404403,25.2724348095061,197.854917771853,22.9893051178856,FAIL
6.00846046931423,4.11210204172133,2.82938383061522,6.79154402485402,0.133563650396017,0.0899708037329777,150.540540540541,45.5449873100717,32.529105857725,160.001867581472,21.1587293341365,PASS
5.83459468336696,2.9364140512348,1.41539365447135,5.85186794591178,0.10009502760307,0.0641389958776097,150.540540540541,45.1751672591247,31.523149425583,135.102841352417,20.6587060485676,PASS
7.13801184865223,2.19868974696743,9.5710837620615,4.01581984904187,0.441674191424818,0.397518844702748,164.054054054054,42.6288525771865,39.1277343348583,87.9216050613781,20.0182481715071,FAIL
7.27797677048185,2.93289359298751,9.41857003937628,8.02352352786548,0.237969695109571,0.202007288091394,124.864864864865,40.7475513592328,24.6195562866143,155.383989224886,23.7173723081695,FAIL
7.73012989113887,5.91724140174055,3.44898379825964,4.02020166821894,0.467392265046218,0.379976246192803,192.702702702703,47.644636442373,62.6797548809253,100.57624289555,19.1294791121291,FAIL
8.49674645605002,3.67239647134013,4.47103605051071,9.96197312215498,0.204801808886681,0.169061870537794,117.027027027027,39.3371005854176,22.8294693203501,183.792675580866,25.107587012661,FAIL
9.8659294551882,5.4741258332741,1.0702933454157,2.67734439544149,0.125774513331065,-0.0256755306229839,198.378378378378,42.0878644958129,89.4315517521286,58.3536905181924,18.6701329033393,FAIL
6.54795863083763,4.62933514885698,8.30145974792853,3.252364021988,0.624507161916097,0.552433405049586,200.810810810811,46.5978694692984,67.7190660992623,81.2365985965734,18.6798664702149,FAIL
7.23779192118057,9.23131597750102,7.11976005578819,7.31288201867449,0.363784651231098,0.282314725498677,170,47.4757104992785,44.9961303426646,195.155710333557,20.9091329183817,FAIL
8.95041057166766,1.93850450982447,1.25768232435127,1.66864650993617,0.487066870856877,0.410003013846871,192.702702702703,28.0213312387444,84.506439894518,31.056681663148,18.2857871122047,FAIL
4.78898989161759,10.0308217052656,9.55532678147189,5.51473547985127,0.226658543596373,0.149952665837914,198.108108108108,50.4574109045391,59.7686562077031,162.559182998593,19.3077656093138,FAIL
1.88571850087113,11.7865084316819,8.9757983346981,5.64897271775301,-0.401899923276413,-0.469749576987597,207.297297297297,51.8285126358823,62.3683277772301,160.563972358929,18.7738851677778,FAIL
5.37829367070774,8.70429551086609,9.20809842606726,6.06727465579726,0.257039750759559,0.18378185798053,185.135135135135,49.3975297981308,51.3240226958531,172.203755689439,19.8594508022533,FAIL
7.72968827028684,3.5238808962201,7.63081372558329,6.32802033490787,0.334247214530774,0.285484233612673,147.567567567568,43.9401771989535,32.6171234654102,141.101992950045,21.5515246785493,FAIL
2.20978382774729,7.23593142494896,6.49184094659117,5.58916384185288,-0.190368714374315,-0.245232082861169,191.081081081081,50.6790839222475,49.8430376792556,155.630080753571,19.1196711456078,FAIL
3.81476007876686,6.87473501270203,6.04800909023814,9.53901351092918,-0.0308142591739325,-0.0787831340737129,144.324324324324,44.8079219064602,30.8126880200007,231.573797465661,22.4017688850991,FAIL
2.58705512116209,5.56299909170968,8.17113856132819,6.06073215155324,-0.0871824012819294,-0.137404773036466,174.054054054054,49.0410478624565,41.024235985815,164.171562218409,19.8104513713953,FAIL
2.86476515503784,10.0750283554608,8.76851152757301,1.90458907875193,-0.0302480647059311,-0.0699602378905695,251.351351351351,36.1312769015282,163.446762128508,47.8220221664751,17.1467225095798,FAIL
4.62696666177614,2.56742282043685,9.77405076417153,4.37456463720534,0.214922147160833,0.175266527032993,167.837837837838,45.0718867776595,38.5492214357704,103.695811041038,19.7458427980333,FAIL
7.02899352215797,7.08218868702465,9.89251665882231,3.68850201563077,0.784332357501626,0.685851026538568,203.513513513514,48.00016113093,74.1190393328704,96.7588232700778,18.8132702659766,FAIL
7.85488902805663,8.67940249108974,1.3583299873675,1.52788215335579,0.315695605764545,0.0776319586486354,212.162162162162,10.1358618046041,192.463663897902,29.1219570062244,17.7606787943396,FAIL
2.180832050967,6.03969848539967,9.84174620714519,9.30918354241435,-0.142640222243989,-0.189225998692806,141.891891891892,44.5630685918296,29.5385508220876,212.922315217851,22.3181643523491,FAIL
6.04921160882135,8.56574577184861,4.79117200457881,2.84475481336739,0.680608144324156,0.580411580709317,222.162162162162,45.6291710215589,103.638588526025,72.0556334356757,18.0900453071848,FAIL
7.96398759619124,9.32375113918404,2.97040781849374,5.52782637835541,0.345251891124341,0.243184862300303,187.027027027027,48.6765654670095,58.1665727433676,145.239612813045,19.7668396553941,FAIL
3.03534096492418,12.0519209745596,1.82439647964466,4.30362094945056,-0.31386678549433,-0.370382318262707,226.486486486486,51.4818274098404,81.3680475714958,120.404807074659,18.1380967875416,FAIL
2.62214015677706,7.81812439116893,6.21424505709409,3.90967726760935,-0.138769155928107,-0.192669729570159,219.72972972973,51.209565485308,72.1285541181911,112.536450195655,18.1328416587229,FAIL
2.18031267163318,8.79469888754676,3.09060890767094,1.8593644838664,-0.498298307807411,-0.523046402249859,250.540540540541,36.4962750391253,155.814422884787,43.1867322613847,17.0135747113526,FAIL
1.37075509254977,11.9513378321723,4.56049001718611,6.56642700432266,-0.483103540118349,-0.547574606947391,191.621621621622,-17.1457606524318,54.5269816027074,25.6851307316381,19.122153838175,FAIL
1.01646410090928,1.52448456910255,3.02210992394061,10.3661913546462,0.0121623448446208,-0.00418570734505649,88.1081081081081,34.1800404676313,14.8440480635154,124.753717594263,27.6880447300629,FAIL
4.22164129348294,2.43433635395714,6.91151087598316,8.86242126354043,0.0785769491783784,0.0516889731491495,113.513513513514,39.5905918711884,20.6826539232784,160.982265774323,24.6041801943664,FAIL
2.35178109732409,11.2103109000966,5.58882261995324,8.14268334549156,-0.268116893870255,-0.330792549128849,177.027027027027,49.1895889146512,43.9385879836881,217.760607219248,20.3555012705268,FAIL
5.29829106253918,6.51160095432119,9.49748756740065,2.92875830061209,0.59649506978475,0.521986008784648,219.459459459459,47.2351137797307,87.8938513823401,76.996687527066,18.1413019085261,FAIL
7.41480299573783,7.40990577907364,3.22965264292719,8.45665303041747,0.169562418455554,0.107610739842536,152.702702702703,45.5111340117008,35.6673224455206,206.391588603945,21.8875690238212,FAIL
5.13586382883609,4.24551782192473,9.87470717819673,7.99935799975157,0.125865949447405,0.0830909318006757,139.189189189189,43.7132220580285,28.8772094650501,181.348143349261,22.405890995658,PASS
3.76419636219439,9.24664450429258,6.77279332933203,8.97781900108355,-0.0582526745480578,-0.116501498607582,160.27027027027,46.9384711984732,37.176543095978,239.35321751432,21.4767079663772,FAIL
8.68007405362593,9.4081829449019,4.562256068194,2.10861487963327,1.64260555524915,1.39790897464495,212.432432432432,31.2240519745159,146.739487530446,44.867863052914,18.1407379552768,FAIL
2.48662352519775,12.2648333794048,3.16592142888585,9.89364955320351,-0.27316125734678,-0.331858363404013,164.594594594595,47.1953987438343,38.7259659031357,235.767498240056,21.3367409715009,FAIL
1.94203847301586,11.8879819463551,1.23981223183749,7.7324199067158,-0.361975334432135,-0.417235371537369,184.594594594595,46.9285208418776,46.9340456805907,121.434768720235,19.7501719475813,FAIL
3.36843758656495,3.6581756681777,9.21947298873236,4.11191073938066,0.0900676857247773,0.0457310239836997,187.837837837838,48.1224126571333,47.9360123417394,108.203277992487,18.9329715054215,PASS
3.39079394588557,6.97227701736313,6.23069355767821,1.76272450498057,0.223035888455734,0.181003879506466,244.324324324324,36.535043265259,147.239102213891,42.1698972692644,17.2231564094497,FAIL
1.55579317936386,12.3502358681288,6.4386930402305,8.97491263338974,-0.406919442306798,-0.472149258109987,171.621621621622,43.5759102592948,42.1665754351346,109.449197455986,20.6725496484156,FAIL
4.27436927919869,9.73512095227244,6.51915455660475,9.21435655872948,-0.0153197091650016,-0.0753863129982972,159.459459459459,46.6267799523241,37.3242221316267,244.795367186683,21.659198454957,FAIL
9.35050258483139,7.07823003354656,7.91952431281928,8.62048844766473,0.409682414817832,0.337853719307451,146.756756756757,43.909948919668,34.7900375490245,201.76943919624,22.6527558822977,FAIL
6.55994494792105,9.01868315491988,4.17377873769047,2.14124739348872,1.01640424172617,0.879618530376927,224.594594594595,36.4124102674729,140.264992008001,48.9002012910666,17.8304096760928,FAIL
6.70747161002434,10.5073003152298,4.97246533023252,2.19699588354962,1.25323602916962,1.09402901789222,225.135135135135,35.0056758709125,147.655388592866,50.5469876455554,17.8541063337692,FAIL
1.79535089388383,2.56121232541959,5.16754010724909,8.98855523333414,-0.0307214987194972,-0.0580399427521305,110.810810810811,40.6600965319331,20.6359285362898,158.763960570775,23.9471814121793,FAIL
3.07260632699907,9.19621689137937,6.67814533280477,8.03943158798473,-0.126838661298082,-0.185949266084393,169.72972972973,48.4689521865673,40.6266836330801,221.348338514058,20.6793270020508,FAIL
2.97238227567876,5.15794152709157,6.59447133704549,5.44946323519294,-0.0296866028374561,-0.078152295627584,179.72972972973,49.2847242831688,43.5585596347832,148.075478999247,19.4737788725962,FAIL
5.34316224430479,4.19280633812789,9.36803739171313,8.4336645421528,0.128338310169413,0.0870837023529326,134.594594594595,42.9919628273249,27.506139352296,185.393011361355,22.8801724594052,PASS
3.86902502496775,6.87034238300535,8.06811092786642,2.85572499840559,0.251710264162867,0.194296091008459,228.918918918919,48.1006565687873,91.8271878326439,77.60668922272,17.8430514944853,FAIL
6.29965403638318,4.3080023111099,1.81781575819257,6.20151341340444,0.107860387508276,0.0614907717094977,158.648648648649,46.590016494681,35.9562614241657,150.772444800096,20.5750396069878,PASS
7.20812293939291,7.57930133609548,5.7057787133064,4.26837022216517,0.58640246312662,0.490959578120954,197.567567567568,48.6051992340969,66.7574468787913,112.387991800164,19.0970638706447,FAIL
5.28931498422821,10.694370322778,9.06647285522413,3.36907368073065,0.648879226951814,0.553793131528739,224.594594594595,48.3255400125597,98.0370967050124,93.4998609070479,18.1852324297742,FAIL
6.78213996860632,4.03588608891861,6.60910642078164,9.60015432302247,0.168745164205195,0.131069899887181,123.243243243243,40.7411370585376,24.4334665632809,191.025810676414,24.302999555195,FAIL
5.48569152235747,6.0963131840534,9.43673832367127,1.57867734160165,1.22153795385991,1.13230652321935,227.837837837838,29.2261313656282,154.985489298907,34.5010285400672,17.5054682896265,FAIL
7.03597592330354,8.40641861982894,3.67244541536449,4.00837566799537,0.487801382964972,0.38693335827571,204.054054054054,48.5807822311711,74.3508483549612,104.813462197743,18.8351833357592,FAIL
2.53583819088357,8.07578453825866,9.35434042785279,8.73423119912302,-0.164389580574631,-0.219806178748327,158.108108108108,46.9935687762077,35.6089835517913,227.6278377357,21.3528560403672,FAIL
3.83666845638807,4.23308660489565,3.34083111054443,5.77769362531986,0.0384095903526751,-0.00396191998637346,166.756756756757,47.8169578197683,37.685069012848,147.613601731489,19.964694432091,FAIL
5.01453468275436,10.46944632769,5.46794855401741,6.38682786547041,0.140451331114554,0.0667257944941841,188.918918918919,49.8903389333344,53.3551005030315,183.11359701582,19.7729180639957,PASS
2.7233720170437,8.47571696183807,6.0190247857898,3.74843653861133,-0.135331136070998,-0.190056073573873,224.594594594595,51.1098778147993,78.0956629381339,107.967554868712,18.0239463325102,FAIL
2.99863599660261,9.76040982250361,1.06620957212703,2.76748572530018,-0.418343402996372,-0.458980156480584,242.432432432432,47.2635380078714,111.769245834408,71.496714392591,17.4750948120068,FAIL
1.34194584796989,8.79530010864391,3.45010760900168,7.30409798845143,-0.334192532881313,-0.389538696050141,174.324324324324,47.1567437073916,42.7922553130789,133.952206881755,19.8009052231774,FAIL
2.54055501255303,4.40607840112506,1.23721570258599,9.59870712659926,-0.0578917344402822,-0.0905248345428505,94.3243243243243,43.4121782169857,24.6272400697983,219.29879300337,22.608769329752,FAIL
1.65119765262557,2.38176518871722,5.58201789870736,2.95003362308577,-0.0666251909156995,-0.0999215686001748,195.135135135135,43.8915214094181,52.6159929428195,71.8401668205733,18.0327807997682,FAIL
2.86797917658022,7.92962547518483,1.0211977607216,7.67100967898853,-0.179286743709317,-0.225769609106953,169.459459459459,48.8627128198388,39.1028790656645,193.54170986147,20.2274915989784,FAIL
4.9978330399565,2.6365246788338,9.36202763442398,6.67339774907378,0.152371679696365,0.117447291946878,136.216216216216,42.8837503069081,27.065456904037,141.168595796797,22.0579465618546,PASS
3.45750748845129,1.46755655792362,4.10878059731893,8.81451329817935,0.0744984454921604,0.0562447102965423,41.6216216216216,18.5280348804138,16.6397851747989,27.7221316628731,26.1318063640115,FAIL
4.34921597605521,10.6508075584653,9.19666933231254,6.82417848891423,0.0774092700666755,0.00527221600107941,185.945945945946,49.7623313227572,50.6377478821681,200.631194516771,19.9866107957267,FAIL
6.50364574680744,8.07455399643302,9.17598692417695,9.02220706271401,0.216166766718909,0.153380788128901,151.351351351351,45.0392565635696,35.2199737011808,226.286152930778,22.2924225150554,FAIL
8.49148821007631,6.48709670527475,2.2066825499378,7.65028212601525,0.167126507839218,0.101945469076236,154.054054054054,45.6791819585538,36.6199046318068,183.373318025433,21.5680619548493,FAIL
1.76548266469872,2.06335533252638,7.22250615921773,6.20780797051721,-0.0230169202525347,-0.053063525012117,126.486486486486,43.3509734291987,25.3593691720572,120.20684979108,21.4117216901549,FAIL
9.25750814454058,6.40663495859838,8.07907492343169,4.91222721226132,0.734654370825619,0.631339544771017,179.459459459459,47.1306095200971,54.5555468426611,122.689526308756,19.9837466324076,FAIL
4.68332058634222,11.5537136303417,3.23629634038526,1.93616478510431,0.429039823133753,0.343435623679784,240.540540540541,30.3338642320942,173.471541281012,44.6274940550626,17.4057075922519,FAIL
9.75842992719309,11.0668572436879,8.12132277241948,7.3861707444436,0.686662672279903,0.566160487608355,169.72972972973,46.6793581893747,49.1342114181605,192.140926544115,21.2155615978467,FAIL
2.14923125695635,6.26454207266427,1.02771433499133,7.20611954957124,-0.160645547155734,-0.202712374525603,162.432432432432,45.9014059107905,36.8269768468777,138.812914701349,20.0409316497765,FAIL
6.85658028257976,3.26918238470378,9.30640181711081,2.91878744352976,0.666457209074037,0.603140926602273,195.945945945946,44.0561220272263,63.4707404538909,68.5986506899196,18.7147957704761,FAIL
6.25645202067826,8.89859008453889,9.13666182085599,7.54258477797021,0.272384291092259,0.19955683026532,168.378378378378,47.4713418523707,42.9141462637023,204.119409914356,20.9890280248739,FAIL
6.03155889624363,1.67858043895744,7.83882014659196,5.03988929339682,0.256908958410159,0.225945194153196,140.27027027027,40.8961769055306,28.0951181958428,100.498341838862,21.292847164177,FAIL
5.04002204427511,3.91152523620882,8.20396504954678,9.73386129559856,0.0889529108746049,0.0537429849341534,122.162162162162,40.7954098899111,23.7317905111256,194.77070857478,24.3196520085368,PASS
7.41369714322034,12.3101748932044,2.47908935305802,8.14622253608787,0.129084740723875,0.0409441867154529,172.162162162162,47.5809256929802,46.7683804114116,215.199495644717,21.0196340989588,PASS
2.58008009994329,4.32297319004415,3.36513541073013,1.79857087348444,-0.0596989709866849,-0.0887750681587421,239.72972972973,39.6641590103865,113.501699956967,42.5832738823915,17.1849976200972,FAIL
4.46773092217105,1.57597988736582,4.13270074422282,6.04750383943551,0.12873817624521,0.103767476625658,126.216216216216,41.4246882528104,23.1346387535361,116.557515888615,22.1411030692176,PASS
5.79618245063265,5.83170544662854,2.29853614250643,9.17579676879549,0.0469482604784481,0.0024703141584464,140.540540540541,44.3056390853086,29.5523343162102,212.750110588258,22.477486640372,FAIL
8.79095858779177,1.96536763943851,9.60974309642772,4.80159405078029,0.45917801394223,0.417296643404794,145.675675675676,40.6116456707878,31.887087850952,95.9774470152422,21.2632169151769,FAIL
9.99337301722608,7.38307557741529,8.24709490345337,8.5682007075842,0.468813913424046,0.390259967753141,147.567567567568,43.8894259329965,35.7554989320243,200.494804939871,22.6620820364783,FAIL
6.99680323345805,2.48858711315802,2.15230946378373,5.43605441500845,0.197477580451308,0.160176332435236,148.378378378378,43.6670479312941,31.3642898396126,118.346883357373,20.8236969133613,FAIL
8.04767193280072,4.34306678064125,3.97046584252673,9.78073046526361,0.184282507143417,0.144169873945195,123.783783783784,40.8216643453225,24.873678345145,194.427970222128,24.2939580046785,FAIL
5.33385078211745,3.69869068948018,8.91597025050281,7.12889129335031,0.159005864126422,0.117169963158092,142.972972972973,44.0784496497052,29.8672517051318,162.031341821285,21.8503636154871,PASS
4.71001628256781,11.8545883601956,9.31702899082906,10.1353866506819,0.0232426224624482,-0.0436221403832785,158.108108108108,45.8016794009166,37.9129240112484,272.147836924494,22.204494923675,FAIL
3.84944684252801,7.0124026208773,1.52332057365065,7.08829060500879,-0.0872560779309787,-0.135422619551144,170,48.8510024897749,39.7751002904641,188.797267785516,20.2074227016575,FAIL
3.33525558352845,4.84027461133218,1.82017601007358,2.78107378814753,-0.0331119433366538,-0.0722422010538101,224.054054054054,47.5121616559401,78.9533616391102,72.202927889255,17.7569531008824,FAIL
2.3528908668949,4.84433311729815,8.74141709000447,7.34804442950313,-0.0924779578610221,-0.137691921371837,152.702702702703,46.5477296519109,32.5196818759545,181.581947232338,21.0123341525142,FAIL
7.84826521043991,2.78555697024927,7.89640289768843,6.25002039228505,0.326896186443025,0.284741702996348,140.27027027027,42.4225900853142,29.6212163644729,130.847301163388,21.9345522938522,FAIL
8.67012953033291,8.58972979582945,4.8536078960409,8.56709046808523,0.323979715677372,0.246873131986948,154.594594594595,45.2526386414615,38.0646311877077,210.126329233778,22.0700150848328,FAIL
3.06746106832972,9.6593318246173,4.88477284580756,8.38577105594598,-0.146967731815796,-0.205040583700597,168.378378378378,48.2729157171565,40.0316182393731,226.226484334857,20.7977993504442,FAIL
2.42096069730121,5.08773547537193,7.50523608341521,4.94803032997396,-0.0881119307779876,-0.136592739026566,187.297297297297,49.8145313395732,47.1288134769372,135.767775535249,19.0539652613532,FAIL
1.70615074599865,1.91348735796708,3.07941093209255,8.45178536622645,0.00184671811148504,-0.0209907683657765,106.216216216216,39.798496152319,18.9762286566674,133.431548106212,23.9642204204249,FAIL
8.09953513049562,8.5335469665237,7.73322330700164,7.83574143108094,0.402570132904268,0.322436491318665,161.081081081081,46.192919041136,40.9784424086884,200.355680779879,21.5384118675766,FAIL
4.09539643590859,10.3092821412731,3.16960490057981,6.40985053081819,-0.0515445267499267,-0.115603261895608,190.810810810811,50.3882487903398,52.4917216987295,182.565919216612,19.5758752512211,FAIL
4.62840761570931,7.2116480249599,9.7038671125824,5.88531543974229,0.157218002802873,0.0941056261428587,182.702702702703,49.329085130627,48.080526763144,165.381634937139,19.7931800858126,PASS
1.94802433957237,6.16406306608196,9.33678343716028,9.99504685691239,-0.162123355908368,-0.207414982007229,135.945945945946,43.1003050457033,28.1111321452129,195.135139103224,22.831342172964,FAIL
1.67956009959354,10.125693095949,6.89653621839873,9.69559651562803,-0.311342372840167,-0.369640819096483,157.837837837838,43.8927935225151,36.0342499262881,142.970238968275,21.4895566009235,FAIL
8.93180168362383,3.24528645753607,7.60493421408074,3.23076053901485,0.789258285746707,0.710836575319999,184.054054054054,43.5194168779609,57.950847181958,72.5097392937459,19.2552097818038,FAIL
5.71641914459672,6.42453103899747,9.69065881419273,6.73939817648082,0.229194646723883,0.168106859094656,166.216216216216,47.4063031992783,40.549846774053,177.374385961403,20.7229419040511,FAIL
9.65772150918819,8.88210090814887,4.63543621945634,2.62872586708872,1.42449437828589,1.19004466227893,205.675675675676,39.5795847699936,115.625977985518,58.3882711897778,18.5420567867487,FAIL
5.20549477887405,11.8660596345597,9.01884844153821,3.99598871632904,0.52913813630306,0.434100966346098,220,49.7984694848467,87.6851259797005,115.182877632821,18.4444629533678,FAIL
3.72325678270162,3.54593649018215,4.53828821112007,10.1940923337809,0.0208879463690858,-0.00937738026331197,116.486486486486,40.4424560294554,21.6934525332187,198.205365534372,24.586442790601,FAIL
6.19211158671819,1.54702927618233,9.28317046979362,3.79338237540652,0.352652859545492,0.318868807783531,157.297297297297,39.8643922178415,34.8086588733588,78.4714790923308,20.0909960151898,FAIL
5.06692138065706,5.15423965807629,4.52861105188409,4.19630971615736,0.230580879009052,0.174825238808668,194.594594594595,48.8732951466061,55.7352581237156,111.243857403796,18.9191956581682,FAIL
1.28175890477812,7.3351372780269,9.24248688297607,4.06308949433706,-0.412167768594761,-0.46748881863116,206.216216216216,-4.29918050977313,67.0837148169392,25.3620443439613,18.0555579100023,FAIL
9.20752042365524,8.01632686267285,2.18359315791325,1.64978760629974,1.05319120356185,0.762396778716585,205.405405405405,16.6171629747047,172.619182560014,31.1553013744669,18.0356144088735,FAIL
7.65512544526682,1.88306577501728,3.06414651883375,3.06594537953063,0.436085526452002,0.391614583062816,175.675675675676,40.1094284379076,46.4674085478517,64.8271402706986,19.2146472885114,FAIL
5.36680707743322,9.36955781424963,5.9878591855809,3.60374573718476,0.469787314472435,0.384407954316235,218.648648648649,49.1081380885408,86.1524548058005,98.9571211242422,18.3398878388381,FAIL
3.5279559283604,2.36123609059705,9.18367394878159,5.02144398516827,0.0977792142436341,0.0625507219340492,155.405405405405,44.5204382462172,32.6368036477053,116.053657198939,20.2770720154181,PASS
9.0821944216759,9.55860357648059,9.62411353313737,8.88693358256587,0.475311297999036,0.388804336431825,154.324324324324,44.8147224579731,38.9833755548639,221.591687440837,22.3841432250429,FAIL
3.87150360018309,2.82975788985829,7.99490073044677,9.94353668846405,0.0495208043579541,0.0221156877766551,110.27027027027,38.6950554285582,20.2157481909136,177.572625316206,25.4556560455069,FAIL
1.05426106631161,11.5452385783819,9.16437738890304,4.29306543488536,-0.706697200076652,-0.771206126621799,216.486486486486,50.0336345269405,79.3408517885464,93.0527117922195,17.9142238030923,FAIL
5.34022221171476,7.82081806210019,3.22119541731297,5.39317943939165,0.136594358119161,0.0708204260372881,190.810810810811,49.7934228741557,54.0696695478139,148.317734322583,19.382828905007,PASS
6.47629021976372,6.6345749737475,5.28449171349953,8.95632622025706,0.159516203321348,0.105870309146679,145.405405405405,44.5060084852766,32.2543041467407,213.598390384535,22.4230264391073,PASS
4.32296434449687,9.89325096021634,3.2107408295727,8.69462467028019,-0.0557547808828205,-0.114386356474649,165.135135135135,47.6093998283022,39.3806803535431,231.279417234203,21.1252207642054,FAIL
8.10426375585089,6.53426886673829,9.05534181786149,5.00629327232165,0.631809505580879,0.541310566054975,181.891891891892,47.7714008484932,53.8889238899622,129.174142593388,19.8566861097291,FAIL
9.57116176319209,3.71045990058882,2.45012633952966,7.75600594569322,0.221576954370218,0.175000781682893,133.783783783784,42.4382089102568,28.0693081328498,160.145125012678,22.7711054427353,FAIL
2.8690181674043,12.079624581661,6.72307174510999,3.53122737486337,-0.166907520498099,-0.227573331610774,237.027027027027,50.4485382524084,98.3885973815227,102.683501328208,17.8139258683224,FAIL
3.33069416256671,2.07456440346018,1.49165234471139,1.58326162147481,0.108040519915681,0.0837594709813384,223.783783783784,32.0042213177789,89.7190923952111,34.4964655489822,17.3388529941085,FAIL
2.45699903713739,7.8381450341254,1.77771884089066,2.08219421251535,-0.395575176594402,-0.42476815345641,247.567567567568,41.687855947212,131.901535501695,50.0002474510981,17.1554080118608,FAIL
5.85303804743887,10.4825948110515,4.19045187726933,6.18644309108655,0.209919038817555,0.129776275745114,189.189189189189,49.6513521923841,55.1007825966564,173.341669861795,19.7606376100976,FAIL
5.7843352142005,10.7944110273554,8.31209350460825,2.09548481144521,1.33094519172677,1.20222784482199,231.891891891892,34.2128428022891,156.124699653304,49.9478733098618,17.6760609110939,FAIL
3.05860549041341,6.29495464725489,2.28425488283628,5.44444108579307,-0.0960142431573949,-0.143570950466704,187.837837837838,50.256813436917,47.7660407247521,149.045615150476,19.1524643670789,FAIL
9.50564554261658,4.69060723794258,1.88752067799115,1.85931883050395,0.710683307878978,0.540028821213587,201.621621621622,32.5584924448186,117.90397472245,36.4599739529391,18.264497666571,FAIL
6.09473863084145,12.0571703436101,7.35568884878789,9.80950934796337,0.166902854342507,0.0936611936059909,159.459459459459,45.8146448886089,39.4439287879049,260.078535002283,22.135109781253,FAIL
4.64962401772831,2.3785327552661,3.02719170893883,9.15992251135651,0.0811714069622904,0.0564302123485496,110.540540540541,39.6492693134226,19.8037869681985,165.959053238243,24.6628424641432,FAIL
6.42945850052169,1.94429249648021,7.64169327787791,6.69885757183897,0.217653438915509,0.18822037819772,124.594594594595,40.5209274539934,23.6556739386216,124.814350462161,23.0241026548876,FAIL
4.5160697618447,10.8779100265787,9.837738121414,10.3984149881493,0.00138572580833807,-0.0612329103562814,153.243243243243,45.1535036654,35.6528768610377,272.26429482345,22.5242407835659,FAIL
8.23081602355444,6.81882500077833,3.58062430661645,5.79731848163141,0.36054144014906,0.278330910353257,174.324324324324,47.6096131420139,47.9997181888943,146.765533342113,20.2439065249573,FAIL
5.10283993186926,11.5905518825553,1.18471029474885,1.67564557877252,-0.266861847010666,-0.369752191530176,235.945945945946,17.5411983927773,200.474424238405,35.6243901143829,17.3560278513755,FAIL
2.74419202240764,6.79476405158881,1.54826399839103,3.50619191302368,-0.198681184676441,-0.241261954027827,222.702702702703,50.3064734639766,74.5070821360443,94.8931462752216,17.9045855524818,FAIL
1.24370022562874,6.49857052554836,7.70090997777814,8.3873725052189,-0.2511643853894,-0.301567773164892,151.351351351351,47.5149615771532,33.0979842264528,233.098435510667,21.1402096567251,FAIL
5.4796941275369,11.3633334861078,7.41098404711253,2.67320879014343,0.89364516009967,0.7843984619002,231.351351351351,43.3067265744103,126.233764960054,69.1028401440724,17.864186886544,FAIL
1.61433677359622,5.53918396880797,4.00352915725434,6.53088439015177,-0.186772581362467,-0.233252324847344,130.810810810811,-72.6124005222418,38.0314150972591,70.6420832499157,19.8543350759071,FAIL
1.98603246254159,11.9445419320306,1.91658013369837,4.886045609321,-0.45312940771116,-0.507838006764252,219.189189189189,51.2265498373297,71.5710885312177,117.544963747957,18.2512642419916,FAIL
1.05163548303291,3.6303618904543,8.5138484557138,7.66815151502395,-0.145404973868431,-0.184306708252133,136.486486486486,45.3684644090162,27.3593111904951,180.902083128768,21.6129447818525,FAIL
7.47278621581345,7.03211746894078,6.15067033147296,4.33382951921185,0.605351633514478,0.511560592193649,194.054054054054,48.3423203662772,63.5507249752844,112.929667333456,19.2296209007016,FAIL
4.78528591722631,11.8706806497029,9.42990368419006,6.2185958565852,0.191315434091828,0.110205774097876,195.405405405405,50.334127925829,58.0959831614441,185.865729614974,19.6007834302547,FAIL
7.68737986271326,6.0248330784034,9.49529731556481,7.87496509351162,0.327942660456241,0.266517002712459,149.72972972973,44.758430659257,34.675477425635,188.781776555425,22.0632419966195,FAIL
5.81571120370341,12.3625553762503,2.96350541683824,4.4955849064481,0.242694676141407,0.145327275097829,212.972972972973,49.9108425896666,80.1184003430402,124.235931069944,18.7068589631505,FAIL
6.30070856941901,9.9407682474858,8.89222657911836,4.52095113421436,0.605984722026375,0.506959660969939,204.864864864865,49.6150759104653,71.9653199007036,127.052268836835,18.9827169157895,FAIL
7.71274042104431,2.60285938788513,9.53870771959566,3.50862080947608,0.590402687475878,0.534778314084168,176.756756756757,43.2856748612217,48.0667470673476,78.9410579132639,19.4797689184344,FAIL
3.27696684644801,9.34463236533756,8.06593146415891,2.04825810101772,0.162579996952452,0.114199399350739,247.567567567568,39.7379675397085,146.954136684052,52.1461224062845,17.2839478719512,FAIL
9.70527885735021,7.16342000976025,8.96769404475717,5.90055900603133,0.695865648003909,0.592571428075092,170.810810810811,46.7449122776957,48.8183668319944,147.84168083594,20.6492635189651,FAIL
9.29105959247592,4.93115005319809,2.52828438169039,9.41992734217157,0.179307347119372,0.131505275983559,129.72972972973,41.819748336037,27.1739116182515,194.974020591087,23.6877264432616,FAIL
5.02977003342782,10.7667412515528,2.36332828294809,2.03102346183011,0.2911796159892,0.199083195260359,237.027027027027,33.7243849943785,160.072955855816,46.8673780390622,17.5006309908519,FAIL
4.09130906407062,5.21759877248853,1.53215024325759,3.69529007975248,-0.00580516215941285,-0.0515493346783644,207.297297297297,49.3794288992028,62.7070249137434,98.9392496853995,18.3455594432997,FAIL
9.52418580131058,2.23474456755272,6.16573634943365,5.70863416260017,0.403090140487703,0.361088139476859,137.567567567568,40.9513497165499,29.0926787548686,111.916192403123,22.0027077876959,FAIL
1.52617902424571,2.59825332770702,1.70813969602259,4.8427124710813,-0.0554539010776704,-0.0871516141533021,155.945945945946,47.5461524353076,34.5954658667927,116.847897731251,19.2577886795131,FAIL
6.77604382666364,8.50811761310212,7.33280431021211,10.4686043733975,0.177690369829991,0.119165944238148,141.891891891892,43.2514238524139,31.9004187272308,248.104494583494,23.3673267455169,FAIL
1.65873171951417,6.54787733290715,1.35261460276271,7.40541269804705,-0.197464820033818,-0.241517522973173,153.513513513514,44.830069221808,36.6800242775997,143.715190042208,20.0876624062161,FAIL
7.33597903632829,2.64573632737,6.25271860263702,9.773998612572,0.183568597423752,0.155907292855749,108.378378378378,37.5623251206002,20.1003413226729,163.136347809801,26.0062075411278,FAIL
9.4293812706062,6.39790108028077,9.87401193584554,9.06895776338543,0.396118642001648,0.331546844805836,139.72972972973,42.6709714248893,31.8901911418202,203.479038425399,23.3057807308918,FAIL
4.50435765796796,11.0734196334688,6.42645547777402,1.89911447621026,0.756102109774755,0.674494977322847,241.621621621622,30.8130746869207,173.031649307017,45.0687663923926,17.3837632750163,FAIL
4.65804508707,10.4019084704824,3.96753685880594,5.6865955226648,0.0749309029685469,0.00402119049265526,198.108108108108,50.6012715762308,58.9632468427624,163.303669418659,19.2675548474594,FAIL
9.62913392733743,2.98894864819081,1.07078251799937,7.17532408367392,0.122329316353785,0.08143150356219,132.702702702703,42.6338014289065,27.0052854538111,147.22209593253,22.3941358076748,PASS
8.69404855400436,8.05605138563194,3.05206017442412,10.1972180415806,0.176089732197264,0.114052908251231,140.540540540541,43.0973681047228,31.8422212309239,231.601784181001,23.3302863079241,FAIL
6.67236131547126,3.54792616153683,7.1204506704245,2.86682653930666,0.63218716439845,0.56774478023555,199.72972972973,44.4243765784664,67.0744576871258,67.9524692140463,18.5786765424084,FAIL
1.83728255615257,5.72611845598788,1.6108208572656,8.41668778335877,-0.145219460610379,-0.185891095703938,124.324324324324,42.3967390841334,30.9145866107209,174.048732211786,21.0776004497633,FAIL
3.0179183305764,11.4121423800681,2.98131157442074,6.30384638133067,-0.214332775706243,-0.276095251016576,198.108108108108,51.1502398706227,55.6843977334483,179.327020815035,19.2478971270033,FAIL
4.09208033151582,6.87382699423853,3.49725711898992,2.85914886724411,0.150109870056977,0.0950872181139674,228.108108108108,47.7872931396557,91.7234462966129,75.4190902552528,17.836426207066,FAIL
3.60708344402641,2.16197785636515,6.06300111814257,6.39532158745556,0.0776780086141951,0.0477694711047503,133.513513513514,43.0471331213534,25.4180606500764,134.19944316321,21.788660470787,PASS
1.16153540330091,10.8820636348795,4.70604693359843,3.55615335670268,-0.70244978593531,-0.755287111226072,NaN,-184.361922561559,92.0525375189744,7.97302102777218,17.5546997196356,FAIL
4.94593509089459,3.00881879150716,6.25386854620862,10.426390751639,0.0851680323039087,0.0578239946753003,109.189189189189,38.1585055810462,20.0459467259196,182.247563267973,25.8819669903565,FAIL
1.80230989112713,7.92281486521047,9.7737903484448,9.58946677059496,-0.236139257637028,-0.289430780413007,149.189189189189,44.7256854631373,32.5644716680497,188.418989588709,21.9416688574777,FAIL
3.46056038764639,8.50946408688279,2.18169851098966,8.03334907177259,-0.124615883213202,-0.176593586847311,167.297297297297,48.3846226542402,39.0606057464534,211.83133313469,20.6272432291529,FAIL
4.93400892073098,7.33961535750751,2.11919167533947,4.29703189428559,0.0632133535854811,0.0016756250064931,205.135135135135,50.074734754851,64.5326206776182,117.431734143963,18.6764630155078,FAIL
5.67527144741675,7.17927875426853,6.04450454946661,4.21320949401385,0.384017090175378,0.31009548565259,202.432432432432,49.4447368910503,65.3979663052984,114.912187330337,18.8515017371018,FAIL
5.3460334506664,10.2928951244074,5.58556355822773,8.92192494168091,0.0842391952683874,0.0185349325882467,162.702702702703,46.8303883155626,39.5148048887045,237.8979980686,21.5264017174533,FAIL
1.78781853055877,3.88999426005101,7.95702458744956,2.01821060348834,-0.178940718208594,-0.212359889684555,233.513513513514,42.6222510566646,96.0929924870336,49.3077953251972,17.2361242898911,FAIL
7.14650957437675,11.0392375021908,4.31213756597124,1.77172838229817,1.63857485260597,1.42032411254746,221.621621621622,17.9817840393143,187.063408869026,36.9456098959128,17.7380171478188,FAIL
4.06255843537161,7.35715326389786,4.90358616078949,8.24163685352969,-0.0115972769815311,-0.064209699545336,158.378378378378,47.0092037784619,35.9226045213993,214.162435819964,21.2385544370588,FAIL
3.53932840527292,11.9354995698758,9.22389280721926,10.049430902076,-0.117299618296818,-0.181862867966074,160.540540540541,46.4150418917369,38.1155365563183,272.855181455021,21.9138449708966,FAIL
6.68634202577667,3.61733144902873,8.72862154455962,8.01680386943207,0.21270732210931,0.172219744557551,132.432432432432,42.2810959072944,26.9612173661997,168.440982866534,23.0231839248417,FAIL
1.3161884359869,5.88034611946177,6.52264217376034,5.51598066524527,-0.263670725550405,-0.314777331226699,180.27027027027,48.5443325209824,45.5034840709381,126.117977725274,19.098710957538,FAIL
6.70801973177742,4.18474449772167,2.33374326264718,1.52898705894425,0.704044624100291,0.609871531922249,214.594594594595,28.6687562334182,133.313798077402,30.6009230522315,17.6995020954203,FAIL
1.08318357981149,5.10015752523055,4.73529359428544,9.21910990065061,-0.180979405235008,-0.222046598910114,134.864864864865,45.3626436308557,27.2962361193132,229.399703931244,22.1346215474121,FAIL
6.57679485666481,9.31695646821348,7.55894950735265,8.44426673928762,0.244985952906873,0.173869508847634,161.081081081081,46.4401941439584,39.787119844932,221.800235416854,21.5976748553445,FAIL
3.64055088261386,12.325296154581,9.72059200548974,9.74874953501501,-0.10364163367661,-0.170637260500409,164.054054054054,46.8882217491336,39.7130372274485,270.253947365962,21.6789798503207,FAIL
4.91930715973455,4.91143877317742,6.58388347930482,7.81758389659828,0.0989302295168304,0.0533908156464132,146.756756756757,45.1086772115942,31.334012191579,187.007793360833,21.7791314998492,PASS
2.21814370345432,12.2134979451144,9.9464642538474,8.36209500531107,-0.309369058935057,-0.377821566139278,177.567567567568,49.1402857700636,44.7953469639639,232.821136709224,20.4799133501969,FAIL
4.17666542358766,9.26510294728923,8.03737938703935,8.94346614946651,-0.00770731419524406,-0.067801967874804,160,46.7603680915102,37.4312119719675,239.525602991047,21.5626154790674,FAIL
5.83908950452328,3.42363341891607,3.4222196677451,6.39222334589925,0.157085445780098,0.116762978619029,148.648648648649,44.9482312274857,31.5038199826997,146.814092264686,21.1161740629231,PASS
6.84747669337526,7.83544901316028,7.17347466729439,8.76949647798915,0.230171481765545,0.167021481754706,152.162162162162,45.2249194639507,35.5701499839747,218.407943289927,22.137521397659,FAIL
6.41677226326965,12.2432460456872,2.79118851594539,9.23629236565793,0.0618181900657199,-0.0118987547776173,164.864864864865,46.7671252090882,41.6800919696978,241.851292811019,21.578849054386,FAIL
4.74426418526747,5.69919443807555,4.96050231128985,7.42409076050092,0.0751571913708695,0.0259082736438859,156.486486486486,46.6753096956362,34.9855617865133,187.429721181081,21.1019674750146,FAIL
5.55801231253695,1.57686128377867,6.88318657694336,5.63691810498406,0.201852900396995,0.174415089029315,130.540540540541,40.7217007583034,24.7635422038019,107.257385273106,22.0286391033375,FAIL
3.41794565854665,11.984078471221,1.0614245591794,2.91317958902637,-0.45865369980744,-0.507960215133048,242.702702702703,46.9833269795191,117.941494730691,75.8805102045465,17.5604362920069,FAIL
5.79644973704083,10.7496486456412,2.52251994187738,2.26334362898392,0.473549637609449,0.356542954932434,231.081081081081,37.4546654845721,144.411573666752,52.9786777705635,17.7167026375337,FAIL
2.90772778717932,3.68425179814808,4.56334913022801,6.27518578035247,-0.0103479265741603,-0.0493873796815144,155.405405405405,46.6952142089594,32.7683165426912,154.359214098135,20.4589954697398,FAIL
1.50601916046742,10.1212753265496,5.46868720440094,4.80232225811436,-0.457197475667059,-0.516505303841025,212.162162162162,49.3465599970955,67.0941982867862,96.4997224026055,18.2856107435994,FAIL
6.59108707246277,6.22963872307476,7.30992825659212,2.00595003951517,1.18469888330776,1.0738626941686,220.810810810811,37.7671063790505,124.571702078261,45.4716887254547,17.8685097771289,FAIL
2.72805614673072,11.2702627330882,6.03999320832385,3.64023802260937,-0.206478764065736,-0.265006750953094,234.324324324324,50.8922870499078,92.3086629007977,105.46207889085,17.8600478130371,FAIL
5.99429782685393,11.9763226350883,3.15378628051735,1.61804074855295,1.06478284030874,0.898485670818266,228.648648648649,9.04002617168824,211.826173780832,33.3639464310663,17.4858536592481,FAIL
4.94136372812836,1.74633138148504,5.91495016676887,6.9369569286619,0.139578743359817,0.114149051529042,119.459459459459,40.3609969630708,21.7548966379375,126.808803785176,23.2486404024554,FAIL
4.39481723614105,10.6941132958157,7.6535035520728,6.52718484325424,0.0829158707089469,0.0107913212478981,189.459459459459,50.0785503524941,52.7733066508783,191.622973141461,19.7791593944755,FAIL
3.337239550999,2.97018470272101,1.46696197834664,4.13784059640184,0.0212572733707613,-0.0125038674327942,181.081081081081,47.4853590687385,42.8502704214493,105.595073669673,18.8687601248668,FAIL
4.56268103803782,7.68473436726936,9.86083804236737,3.96757574900893,0.303255260377316,0.234237898276965,211.891891891892,50.1217393864216,71.2385013314842,112.980427336673,18.5320437578574,FAIL
9.98500191537192,7.95606892677656,5.34979914384155,10.2598962196466,0.331601076697455,0.262879948735387,137.837837837838,42.1962055421902,31.7697556586861,227.546749274744,23.8060489436595,FAIL
9.56830277207313,6.25297760936773,3.99371169223052,5.97142425929077,0.445110408507139,0.35725934757011,167.027027027027,46.5046340032509,45.106593661398,144.851921539671,20.6833661292343,FAIL
6.18087186294282,11.99832473415,9.70673575947717,10.3499704222116,0.181862301400996,0.109611349893463,155.135135135135,44.942657398399,37.7013286718339,270.839309061416,22.6226299340727,FAIL
4.94772919033693,10.532540166384,5.61586589025918,6.73142958125996,0.118720385164111,0.0462470480770696,185.675675675676,49.624697363175,51.0309757827138,192.473357494557,19.9719931904409,PASS
5.12402022165411,6.60377732360829,2.01797606248894,5.00993641334047,0.0567995598767836,-0.000747004470940449,191.081081081081,49.7162972775195,53.2063044183717,135.698359685022,19.1809613772753,FAIL
4.86527531578526,3.86461289073625,4.35454493935214,4.66768273570275,0.175791746941391,0.12984321249623,177.837837837838,47.6211262987244,43.9803938934421,118.519225693265,19.4395883238634,FAIL
9.31633783135515,8.57275745105736,1.54814787559131,1.50415258419667,0.598763493105719,0.255327551529761,202.162162162162,3.69091659126551,195.48878067248,27.1761580741338,17.9795617461074,FAIL
9.45074184375496,11.5420012130885,1.53108669195923,5.54616567264328,0.104172022480609,-0.0409160546692888,187.837837837838,48.1598330338068,64.6039728155487,141.431377554318,19.8287431329104,FAIL
5.06412240389833,8.18140003102836,2.76266828057032,8.90934454227686,0.00144591084642542,-0.0523669877763165,155.405405405405,46.3743958918885,35.3663302548942,225.9905629115,21.6329651556305,FAIL
6.17266065024667,8.05831522549075,2.38338549408394,5.37805809574014,0.144008782435329,0.0713720486666912,189.72972972973,49.4815225555022,55.1456964259363,145.19554215816,19.4581771071559,FAIL
3.93587285625141,9.15844099848311,9.51600541009819,5.77425197211884,0.0603687734263055,-0.00709898598359504,194.324324324324,50.5367345468545,54.6597865441706,170.607549753929,19.3900061829705,FAIL
5.77536261875421,3.42428109863629,9.7230224997603,6.50545432826621,0.211410397137015,0.168585953812666,146.486486486486,44.2450686692336,31.2393637243312,148.076587037526,21.5011846692838,FAIL
9.92993472309432,5.65426239936394,1.11793093614834,5.42742380478053,0.0764198571353936,-0.0107469055448317,169.72972972973,46.7436338999691,46.7326658092882,130.226376179963,20.2826546629578,FAIL
7.79333381799312,3.2559226955903,8.54620535153788,3.93741848724644,0.562692371145529,0.501394554919978,176.486486486486,44.9925201178085,48.0810755189968,91.8741216815314,19.6231890903024,FAIL
3.55241062108418,2.37799201788604,6.1722600273605,3.69404206142247,0.133886435497049,0.0982476942987787,180,45.2426479236125,43.0599239468023,89.685348413857,18.9675820171263,PASS
8.87814228633444,11.710162439827,7.30857033321265,6.78125114397128,0.666252271300418,0.544337476092501,178.378378378378,47.7551457846655,54.259283785707,181.839593372624,20.6099541578832,FAIL
6.26389332633029,7.42478082075185,5.05059749786639,5.5303223529583,0.302199354398675,0.229545863381522,184.594594594595,48.9903904832288,51.8162465087246,149.28906120075,19.7161143875924,FAIL
7.53752066031647,3.12984000759798,2.82847431747164,1.69412858827586,0.80503639163084,0.717894371624919,206.756756756757,32.3587755186515,104.885604533667,33.8842901599989,17.9835137032929,FAIL
8.96972027546607,4.24957294308488,2.72263443963236,9.04440338047416,0.188879170824829,0.14524468669595,128.108108108108,41.6734858035454,26.2447826694301,183.806017563863,23.6359299746063,FAIL
2.20754730774353,8.87429900974959,9.70598586376975,1.74513066002757,-0.356094582193274,-0.385228234747068,251.891891891892,34.3331316025595,166.681715128423,42.7162054152601,16.9969084393803,FAIL
5.87503671743329,8.4878533030655,7.67414549345391,6.79945724810344,0.249648772707366,0.178401912649961,175.135135135135,48.394184133061,45.8670880386797,186.685890941028,20.4279667346145,FAIL
9.1331187386876,11.588555812261,6.64355324984199,9.66608526328091,0.423958423181706,0.332435662943398,154.864864864865,44.6409459338928,39.6571902415665,241.129727508839,22.6041396649278,FAIL
7.28131085463285,1.6273072736086,2.55504607070219,5.50688023938506,0.225295346747667,0.196598753936671,132.432432432432,40.9921255474481,25.5785057473567,105.523427162781,21.735228601776,FAIL
1.35400514033501,3.00406883847248,7.2559533485482,6.84737365938072,-0.0953518909194206,-0.131337086699077,138.108108108108,45.4209288300701,27.6040035018423,158.106364162176,21.2009097384283,FAIL
5.49398973788478,9.51297703263529,3.71271023850965,4.60147608824867,0.242073162365038,0.162680845792308,206.216216216216,50.1564093970866,68.919795676213,128.047686387153,18.8468175964194,FAIL
7.18465564453605,1.77675975462546,5.00270253063534,5.01202105260377,0.298011721622698,0.264814860664204,141.621621621622,40.9219694732331,29.0083033913905,100.026318633068,21.2086925584345,FAIL
7.40835296167435,6.311557250039,4.45579871084852,7.10476717913625,0.264005343579255,0.200368973377611,159.459459459459,46.3960638998104,38.5190510531216,176.286546116855,21.1537081643749,FAIL
1.26806305833052,5.33596841155577,5.02688141958249,8.53015483599287,-0.187374281424679,-0.230981364866903,142.702702702703,46.5690057461295,29.7339650618005,226.21932414464,21.4920779195908,FAIL
3.90473555764003,12.0394800709409,4.43185139175836,1.61555568511113,0.367454153486455,0.309208398106519,245.405405405405,16.9028190754489,210.736468779546,35.9955654471911,17.1627826526384,FAIL
5.00043061831604,8.16243211664318,1.81379179873474,3.53596296638501,0.0461023433935374,-0.0212052415037967,218.378378378378,49.2580133968292,81.7038910557041,94.6598511232693,18.2286072087846,FAIL
8.80238796286779,5.75515913204739,2.93912180047236,6.88516766107041,0.266352900395342,0.19883549763987,156.756756756757,45.7890436633403,38.0495215319238,163.951977356665,21.2589728797726,FAIL
6.6779518884888,11.2922457916248,6.80305610384026,5.91548091089974,0.460747912562159,0.362544073037177,191.621621621622,49.4275403937449,59.7752477573225,166.807926990568,19.7385267996333,FAIL
2.02789011031241,2.83743034520844,1.73808126341744,9.72782765285215,-0.0155084404742356,-0.0411902572634734,106.756756756757,40.8907504996301,20.0675459464589,167.015788600605,23.9423751976835,FAIL
7.2474827268621,7.34549689735447,6.41599475030195,3.37830441178662,0.802598853023373,0.695012524718451,207.297297297297,47.1712198797208,82.0014353289704,86.0316508454262,18.6247933824154,FAIL
9.07738541543015,7.56749437536173,5.59067210870386,2.50306482775632,1.41369747521712,1.22242573823511,207.297297297297,40.1208080223108,111.778778916562,55.9955034990551,18.4409370211309,FAIL
9.41387922911734,2.35960380979223,2.63359490290903,6.97248718326636,0.248582039310919,0.212778605856069,126.756756756757,41.0242552456977,24.9916511270268,131.861446964242,22.9402651833638,FAIL
1.81493899205936,3.52068497473701,1.49609443804191,9.18365661410355,-0.0515069570341688,-0.0815964595214141,119.459459459459,43.7685612779262,23.0384567541088,193.54168006892,22.6664261154544,FAIL
8.28616248116564,9.92856194704013,5.2010985266092,7.73549151683027,0.384452960552223,0.294616283749848,166.756756756757,46.8409998676676,44.4649622455306,200.562553952581,21.2421029042322,FAIL
3.29249926894639,9.09585277446399,8.88995487235497,7.20420937068849,-0.0802298755046956,-0.142608870058177,177.837837837838,49.34054495208,44.5705214837408,206.506733836149,20.2067670363775,FAIL
4.71415587846489,6.47657157950912,1.16882976637197,2.03315064071344,-0.0561309308368284,-0.11380069588186,233.513513513514,40.1969447673217,124.083266656414,47.7996207905605,17.5183240813566,FAIL
1.93616682090482,8.90223029217612,7.91396016058364,3.25121242062706,-0.363959640096674,-0.415513183903143,234.054054054054,50.3128590021551,91.2760326424329,90.3608389590677,17.6350847034047,FAIL
1.46672682023122,7.61198006024429,6.3042294497871,9.86915514197756,-0.247754813076679,-0.297682936547273,142.972972972973,44.7722647473662,31.0914330100704,207.32238658489,22.0503741356272,FAIL
1.83585283774363,3.99375046679054,9.18704253852612,10.3850563275639,-0.0900320720982581,-0.124044193188348,110.540540540541,41.0355642103389,22.5217436683319,217.363124586594,24.4181626998505,FAIL
6.90287234831422,6.1008529265528,8.61908599329951,4.86434024299956,0.488458676152766,0.412577851260563,184.864864864865,48.2665001950182,53.2610306654431,127.83856747218,19.613208284616,FAIL
3.36449792932769,2.73684491135261,9.95591706795137,4.40078738324894,0.0957572064006263,0.056788082852303,171.621621621622,46.1816315693471,39.2969701044664,108.497719968977,19.4805355758232,PASS
6.51302787788257,4.86858236767277,6.40312740716517,6.224468244075,0.270393171953674,0.215178160815076,161.621621621622,46.5119295053269,38.2269537660168,153.909165567534,20.7306799064267,FAIL
5.01411279598899,2.72000244952854,8.68407522341857,5.290543700152,0.197828277161345,0.158718624826239,154.864864864865,44.6060180294279,33.4786984847771,121.712713367217,20.560829089888,FAIL
1.43732972565472,7.69007035166381,1.92063479062589,2.90411295294584,-0.493066805171507,-0.531011800061503,228.648648648649,37.2378915505883,94.2293205746142,40.4369682733936,17.3596509383899,FAIL
5.72960903019759,10.0182987645387,7.72708340148123,9.63264091902772,0.128579695786454,0.0636249459683195,154.864864864865,45.4965784285546,36.6944371559228,249.743835612429,22.2315323613787,PASS
2.99799921048758,5.77077613591526,2.27264131284661,3.56264743835353,-0.0862922322093047,-0.129970048870372,215.945945945946,49.9883926834652,67.8907584604751,96.9303683623843,18.0719476904306,FAIL
4.30925985838814,4.01404049362331,6.20324330093871,6.2790207809419,0.0950473237064587,0.0517510849250546,157.027027027027,46.4569334383692,34.346797728874,154.616269717322,20.6560259486783,PASS
3.99933226789979,3.93584185678734,4.96351949892592,2.1511429593772,0.297058022839833,0.253987749475946,226.486486486486,42.7781549312564,91.7485174203821,52.2257090286943,17.642949504908,FAIL
5.04860834085651,8.23113637161397,2.66077545011025,10.138319766562,-0.0156009224590734,-0.065748955050704,145.675675675676,44.7401413964857,31.8256569824851,244.760210864453,22.5475366801684,FAIL
4.86260654522583,11.1819728190187,7.49788487507823,10.4669953494055,0.0225693888683006,-0.04034617004527,153.513513513514,45.1529967768215,35.908514193639,271.536367780452,22.521259518965,FAIL
9.01077299706372,4.36748627478641,3.71321527908228,8.46159375273251,0.244877752648016,0.196887479479835,133.243243243243,42.3254830682068,28.1386053175394,177.39630264691,23.1392939127697,FAIL
7.19046639943016,2.90976978703463,3.60396505108553,1.56819616457289,0.922263452808856,0.841778050266355,207.297297297297,29.8658323081364,108.958084299229,30.9255214188565,17.8868241069068,FAIL
3.03493977824349,4.07997070859196,9.57694213780797,1.90644177633565,0.17637823800923,0.138640886239852,235.405405405405,41.3276392772072,104.592620469018,46.7994810127065,17.3725795617851,FAIL
8.37634935146546,10.2429431781293,3.75025326720664,4.68020093243558,0.597202207022565,0.464910768976516,196.486486486486,48.3835268822795,71.1911779260017,121.644438955357,19.3209628628182,FAIL
4.85778900717393,10.4822054939347,6.93276538128472,2.95493347927412,0.545611508649343,0.46015993846365,231.351351351351,46.8020359501359,109.826570875168,79.6537191500367,17.9114097627291,FAIL
8.49531241228485,11.003991415405,2.13752587403125,2.43071858407111,0.69485067653116,0.459202213461557,214.324324324324,35.5538016148307,137.889223344264,53.2833969661677,18.1991852137622,FAIL
7.22291735617093,2.01869745052129,4.42489136738796,4.00003310080954,0.367521869546388,0.327310028746254,161.891891891892,42.1714266703821,37.5913824257768,85.8225053688499,19.9666269738745,FAIL
5.22746829450477,11.8563304615897,5.53038438700325,7.79400316189268,0.110330369609865,0.0353716258673764,178.108108108108,48.6909508186371,47.4651554828263,219.904349230978,20.5775113295717,FAIL
8.09202678245033,2.91686786809089,3.85235042060067,9.89162698891892,0.181814775850573,0.152272784455235,110.540540540541,38.2704577134696,20.7047420411567,170.416570257484,25.6348350597733,FAIL
7.55212468486704,10.9938020131746,1.81621722668978,4.43539186661255,0.187267709106319,0.0649734031508085,203.783783783784,48.7593656576872,77.1261761108682,115.868839528933,18.9754399318353,FAIL
2.76945987900241,6.46464498180855,2.86537161745239,2.81122803321205,-0.130312736954526,-0.171903964419775,232.972972972973,48.3732903533302,89.8840145986928,74.5679752643213,17.6069676901072,FAIL
8.22928934941745,6.52579162717511,9.6220306970534,9.66301171174588,0.296837406877068,0.239452585156208,137.027027027027,42.3955946686971,30.4014709443764,216.72650190203,23.5750801290432,FAIL
3.98880330805157,6.53522395498678,9.17603356069158,3.31465192782742,0.23693421604751,0.17788752599483,219.72972972973,49.3612014198486,77.7996461983197,92.1477801919861,18.1402305628637,FAIL
7.2393355203066,4.86615574563037,7.48596191633314,4.86799392582238,0.455492438525912,0.388160953128346,177.027027027027,47.2400393131556,47.8152205957054,122.287046169758,19.848082297932,FAIL
7.63277841815488,2.10977198352412,6.9525551464281,5.5643159339115,0.323407848035899,0.286707590070512,139.459459459459,41.475830071764,28.7821385228795,111.934519005624,21.6723663053087,FAIL
5.71947679483802,10.4890805493148,9.83706139818119,5.94249824884567,0.356776615994785,0.271413986422581,191.891891891892,49.7661474291352,57.2806491747124,172.226238282573,19.691950750334,FAIL
6.5411015631416,5.70517217069288,4.89660057758227,4.40077710727378,0.393084830440809,0.322845503459766,190.27027027027,48.3861037960276,56.3737373855111,114.308072691048,19.2316178459428,FAIL
6.95500045192767,8.68116196120493,5.65774668908995,5.57720073649031,0.422175728094311,0.334738898956431,186.756756756757,48.9784220504504,55.6088467462616,151.345112907192,19.752162248244,FAIL
5.15399072226682,6.72161782090278,9.61125629284639,10.4561847700395,0.0713339817589322,0.0234163786162034,135.135135135135,42.5599466059988,28.5712207420481,238.890384914539,23.6702284540313,FAIL
3.36404930935824,9.95623161142708,9.36840582009062,3.31441780684012,0.0744948416351748,0.0114581895881287,233.513513513514,49.9175849755479,95.3237892364092,96.0632446836624,17.8728695529281,FAIL
9.94635677444648,10.0599511040444,5.75881211142943,7.49243728732668,0.560926335019704,0.44982449843801,165.945945945946,46.3359453033534,46.3408327869679,189.351137253976,21.3624080118883,FAIL
2.12948181744694,3.01792284830339,8.31267877445774,6.38371439837303,-0.0435662185811173,-0.0804793275455118,144.054054054054,45.0964619256674,29.4797900512241,149.598691079726,20.9199051505254,FAIL
8.77665890349988,2.94695096626675,1.69405922989175,3.12589468138247,0.35410872996991,0.285497672677689,184.594594594595,43.0398535603532,56.7891810519049,68.9115259656642,19.0624693773879,FAIL
2.87204811490498,7.7717016870983,8.52225623471598,1.86519394153183,0.0277357224073853,-0.0110510975828502,248.108108108108,38.5740736681841,146.703717271889,46.4829018570969,17.1745861587255,FAIL
2.84332406065097,7.24786775532693,5.88365514740987,10.4160301171833,-0.116171158163676,-0.162660740729847,140,44.0661938963063,29.2633250692689,241.631549214498,22.8514472623074,FAIL
9.95969194487706,4.30261328506917,3.74396845179586,4.32040440404842,0.555430985960706,0.467501643688764,174.324324324324,45.4700000658217,50.7396053738511,99.2750079377904,19.9105304617641,FAIL
6.70997202899495,4.14423797669649,5.40941867390016,4.80097411244565,0.348279739026697,0.291547050573149,174.054054054054,46.8942854043949,44.7031298846376,118.416986723329,19.8135401284788,FAIL
1.35371679830366,5.79820201704417,6.53528013521316,7.40686778479537,-0.220413360240764,-0.269119597677414,156.486486486486,48.3169570537827,34.8761316243919,202.956870077641,20.5165641401437,FAIL
2.85574561197766,10.0610988443656,3.47671250645511,5.99322699825782,-0.194774954127319,-0.254077316478035,197.567567567568,51.1751719072929,54.8497641111534,170.549823225194,19.1468679098384,FAIL
2.27631258656609,6.63849359657737,9.71332924639358,3.82868848226002,-0.160253953745181,-0.21319578715682,215.945945945946,50.9807392263814,67.9006004925261,110.061884673921,18.1488840959382,FAIL
5.14520331870045,8.65188996087115,4.77986250813244,4.45841026585946,0.255771085859573,0.182319575671163,206.486486486486,50.2072702004198,67.7178941592325,124.903019530062,18.7814074912819,FAIL
8.55304940566899,7.20649909590384,9.66880578753723,10.2624947335815,0.308475474649596,0.248865955252525,135.945945945946,41.9235677825939,30.3250036325178,228.845794202124,23.9582700147956,FAIL
1.98419511369092,8.41194181158437,8.57742130356993,8.8126995595276,-0.235526621036297,-0.291563906879584,158.918918918919,46.933788571689,35.910967655425,210.40012833191,21.2250175850753,FAIL
5.26492568205381,4.04036769950591,2.01567561156098,3.41448634266674,0.169304693578388,0.120325222505326,200,47.319051646152,60.0103753904508,86.1257124401741,18.5248512927633,FAIL
7.89098885199737,5.16999825217455,2.47294608870979,5.56129294294719,0.24634230035446,0.180780278908504,169.459459459459,47.0674066725881,43.5510761968776,136.545128723652,20.2269827978442,FAIL
3.44983191144195,6.98771123192607,9.13269368526873,5.49101886754178,0.00840676081469527,-0.0497209801106846,189.459459459459,50.1860705562694,50.151179456305,157.490010691321,19.3466332556679,FAIL
8.43421834266677,1.63124197867245,1.41774410047331,7.38128028001235,0.168079363461158,0.144151662084209,112.432432432432,39.3296498628328,20.054386782033,126.145135233721,23.9461639471272,FAIL
8.63132896706223,5.03394724099395,8.1421233074064,3.76329098184064,0.799365376223094,0.703798903916505,188.648648648649,46.344639111223,62.0241242261185,91.2815999348617,19.2939165410325,FAIL
4.19879375905667,11.8469037256368,5.34585221308962,3.02418630311046,0.270138461769147,0.195610838576938,236.756756756757,47.2599425224271,113.707568343375,82.5449714391066,17.7935721393971,FAIL
9.72270697108047,10.3388014671169,6.67421991604733,2.36508676572423,2.11849465205071,1.81800440325891,207.567567567568,33.5717685237062,138.152670829449,51.3453483049209,18.4083432897821,FAIL
8.16471011788422,9.87921311479348,4.60719389428281,2.91312770738228,1.12089595804864,0.944321770646168,212.432432432432,43.1793253452253,109.658876937204,69.6613287148297,18.4143526180578,FAIL
3.15701012789459,5.51428878483114,4.08077310206751,3.72286070770861,-0.00567177885543513,-0.0526627921986397,210.810810810811,49.9562673701799,63.8375868546655,102.384019245772,18.2595119581224,FAIL
3.42806448655138,3.88829863309982,1.24222371866552,2.32415939119814,-0.0314510672371995,-0.0649995471216646,226.486486486486,44.4806919949963,84.2528036438257,57.6101208203912,17.5797664877276,FAIL
1.77572137764358,11.7271616240841,6.40051608608028,7.49520924412482,-0.380291632302769,-0.44589687229759,185.135135135135,49.5670594177365,48.1669293876029,175.24127798297,19.8127476882349,FAIL
7.90645954787563,8.80828839353003,6.20263169108946,5.9390414860085,0.511893849737773,0.415757756339606,180.810810810811,48.2776107492102,53.1114626810666,157.974419928437,20.1367737468227,FAIL
3.45239376067431,8.5544742664073,4.43992179890961,3.40750681883931,0.00604159975143326,-0.0501153781358271,228.108108108108,50.0663218655511,86.1212551787728,95.4291323871649,17.9462212934852,FAIL
1.10676080729612,12.0148856576805,6.54480677257468,8.50435422518807,-0.478267009940651,-0.544439025369246,172.702702702703,49.6159464698083,43.5072838201539,237.650542653493,20.312302528978,FAIL
5.0889654986799,6.19734230103888,9.03995540246882,7.50840316839265,0.132505163301133,0.0778079695419338,157.837837837838,46.5392702958275,36.1979095891366,192.76069437271,21.2485275412231,PASS
1.4761685659753,8.8729072800328,9.99191359107515,2.89297856951613,-0.55275130391354,-0.602198010365792,235.405405405405,47.9205782027526,101.709230486061,70.9602911309128,17.3947183374262,FAIL
6.85001114325709,6.06345623389241,4.08707007995442,10.4769175252597,0.124458656430387,0.0791971445579792,130.810810810811,41.9524621457334,27.2272015863642,225.875449610522,23.9235150757218,PASS
5.48925736318711,10.0767609987302,4.31598851245841,8.51740185231903,0.0797712101292311,0.0139699830624871,165.405405405405,47.2971544405868,40.6843560267085,227.271657498855,21.2432218146223,FAIL
2.70170887536726,4.67950206679743,6.54014519294253,3.56791211721611,-0.0223814598218539,-0.0674852047921856,208.648648648649,49.4573657557707,61.3013417067517,97.6046575884722,18.2238775153525,FAIL
5.49205826818245,8.03998311323508,1.18410427575456,3.92195717525011,-0.0503731946053109,-0.119850013067817,210.810810810811,49.6599881166226,73.6182725015857,105.533307142747,18.4839155799108,FAIL
7.2956388065393,6.70804901610837,5.74486763805654,10.0285344878145,0.188430480936437,0.136081130968943,136.756756756757,42.6670796196493,29.6493519344772,225.601599490834,23.4953166089921,FAIL
6.62300803809303,11.2434890506894,9.00535597450907,6.1697316289017,0.478964370257196,0.382127233016257,188.918918918919,49.2651838156195,57.4456750537547,175.723564103525,19.9167418481311,FAIL
1.41541632906758,4.30687705732804,9.13549169105078,4.67808672733418,-0.191106912690667,-0.237651789212351,157.297297297297,-5.88605529143867,45.6385979302192,63.9042663552966,18.8673464884596,FAIL
3.89427400597693,10.8116381097716,5.76159877152564,2.19154899035557,0.325477575273432,0.262836577489648,244.594594594595,39.5303091602894,148.260451122484,55.2613948970115,17.4073906183565,FAIL
9.97569982858257,3.13647593235177,4.05456994136688,3.15210198072299,0.720200001493849,0.633164696153566,181.621621621622,42.5346815356287,58.4907073542831,67.9381482345569,19.3198825308661,FAIL
9.61966343453112,11.5079303743579,9.41786581454415,5.14876317827608,1.10562410093024,0.938240773158491,190,47.8081265874474,69.4332662843083,136.034146047807,19.79775626188,FAIL
3.27436446138161,11.0980459695762,2.99859466852655,5.50132589651631,-0.169395633817481,-0.231414217292824,206.756756756757,51.521513984447,62.2921595134352,158.782350901991,18.8637127728016,FAIL
4.3362266594862,5.63091299013754,2.72695300646446,3.83280674673715,0.0924340165522443,0.0408565711080126,206.216216216216,49.4791166371971,63.0246501594463,103.165184924248,18.4734533995212,FAIL
9.58836300699243,5.4435981828015,1.02254451994957,10.3129371358649,0.0355159761293337,-0.0108158893517986,127.027027027027,41.6256055597074,26.262266566258,214.518305010626,24.0223375330895,FAIL
2.04498991264194,4.70323157265813,1.40651474359442,6.67489867712414,-0.110225614767201,-0.148948828939349,145.135135135135,43.603468256472,34.4430522515245,138.888604362327,20.0340349795171,FAIL
4.23389180885712,8.27968118546025,7.30981521449948,9.48221258579647,-0.00633610513358873,-0.0610441020184854,151.081081081081,45.530996216786,33.8227902754573,241.50652856466,22.1460767435062,FAIL
2.50077298457525,1.58168995404595,9.89605031635353,9.96851531827516,0.0360616200316372,0.0181891628114912,86.4864864864865,32.7768732902257,15.8909513805937,108.64498418351,28.2820949996836,FAIL
4.27722703805583,9.66862149253099,1.19440826595598,9.33909022714706,-0.143380903760422,-0.194997834170544,159.189189189189,47.1025262325246,36.4774216571306,239.812515509687,21.3975980206503,FAIL
7.62344245984335,8.96054481405885,6.35167863044494,7.47555490204225,0.364189592836209,0.283047738070759,166.756756756757,47.0553899361447,43.5652289480399,195.633425301247,21.1010773778764,FAIL
5.90763092647069,7.71803902168404,9.14664660287297,1.88801517521145,1.29408396661792,1.18270875156803,228.108108108108,34.2755496881834,146.492888285461,43.3845288808091,17.6688892630063,FAIL
3.77602221845394,9.4291659751951,4.87734798144191,8.18740904427275,-0.0650037080556106,-0.12412448057618,168.648648648649,48.183637727801,40.5283730145651,223.220080374602,20.8166197698471,FAIL
2.20781893120976,12.3641892318624,5.95058488474945,8.09441410372029,-0.318333124149504,-0.384120663877075,181.081081081081,49.521366096453,46.2474831292117,215.490781824013,20.2047543024087,FAIL
5.56170719290899,7.72278435797678,1.56921315628775,9.77572418891742,-0.0312839745319645,-0.0800050798192403,145.945945945946,45.0522000971606,31.8143577357404,236.374949646849,22.3276217395109,FAIL
6.94870389340736,3.73897029547526,7.03834875400568,8.60576199799489,0.200816110457611,0.161521557698385,128.378378378378,41.6878678938444,25.8064297734206,176.278486354685,23.5155246380029,FAIL
1.76508456010169,7.13861362241249,6.53663960800769,8.11627087896158,-0.221462381451047,-0.273467205842788,159.189189189189,45.8564906042383,35.5896529495624,156.191115716833,20.8362169097229,FAIL
6.17840437432813,2.74130833408178,4.04754575928634,6.38971075216498,0.188290357121523,0.152106812901513,140.27027027027,43.4326467494362,28.5258692289429,137.299172112332,21.6050094018185,FAIL
4.38698630187959,9.01007571242197,9.57638728328126,10.4336916848831,-0.00295935288594951,-0.0588023352121709,146.216216216216,44.336906156665,32.5845839828108,260.966668170587,22.8688377473888,FAIL
7.83073400923293,7.50060786544527,1.83682390670567,10.0327365173367,0.0631406385696729,0.00836406901619224,140.540540540541,43.6107634690178,31.0256728252076,230.171887620909,23.0280383238626,FAIL
6.97299780317805,10.6449451236617,9.75817867295391,3.06073884818768,1.23887064262285,1.09459897779027,218.378378378378,45.2037174501245,108.028895679618,79.1873692027968,18.3088544365939,FAIL
9.27921376508677,10.5880207395403,3.57167563006189,6.0616665979789,0.491738419189155,0.365543470516523,181.351351351351,47.9249562306553,57.1847575757901,156.502930623541,20.2302873213558,FAIL
7.08788914194548,4.11649038642467,7.3514461155428,2.65571239710019,0.798117801341415,0.718989368977829,204.594594594595,43.8323601211622,77.69982622049,62.3635033300208,18.4394195257503,FAIL
1.67777726712754,7.3227819937824,7.10290547237272,7.76148807602662,-0.242859836365784,-0.296631150137032,163.513513513514,45.5992729424303,37.4202524264957,138.590435619387,20.5352258614824,FAIL
1.81312270633149,5.11204551475759,8.34756634179905,6.98271421992246,-0.154002939395703,-0.201174417473234,158.108108108108,46.599379939467,34.7296300059422,156.949326061393,20.5081417946454,FAIL
2.81910519172394,11.6408029652857,2.45010106196207,4.48569294296862,-0.291279808118433,-0.348547171688788,223.243243243243,51.7189462097646,76.8984780160264,126.522736303536,18.2214866703482,FAIL
1.00317268662845,11.8686418823568,5.43719818741794,10.3028367824919,-0.436019647169199,-0.49718988554852,156.486486486486,47.630083068675,36.7239188769221,309.093287774274,21.5021965037069,FAIL
5.9083090889668,8.57933120893112,3.55200595683624,9.22796473593565,0.0745890987943261,0.0164870899590599,152.972972972973,45.6823867661604,35.2684727474597,231.166170490991,22.0091818770836,FAIL
2.01390847170099,9.04287912203706,4.7059445673106,4.21901756417246,-0.322632419843324,-0.376849996217139,219.72972972973,51.5080704586634,71.8325285610901,115.724775227737,18.1063296768261,FAIL
2.60951346434096,9.69653597535995,4.67916170303027,8.21813347564861,-0.20092165284861,-0.258709931619408,170.540540540541,48.6175864957253,40.718765030554,217.947349714342,20.5869086579768,FAIL
8.93669830891761,8.00662053982328,5.58611215894599,7.25677993219221,0.435535202882957,0.349193937097649,162.972972972973,46.3570078736446,42.5999267948157,181.891461610518,21.2778890093713,FAIL
3.20382550469889,2.41576557543104,9.28594889043646,2.56467275880333,0.170592210653961,0.1347820139293,206.486486486486,43.2325487827218,60.9743880212082,62.7137505609553,18.0458026583387,FAIL
2.52184011640903,10.7340126372867,7.16517759819263,9.8156125634837,-0.225241103656133,-0.284814989411253,159.459459459459,46.7138246503132,36.7889532370051,251.63900822187,21.6560751242452,FAIL
6.72126198663087,7.37959563111767,8.80061106240238,4.70649011564069,0.540388718146709,0.455045540855376,192.972972972973,48.9406566730842,60.1209431221718,127.372732086271,19.3412919455321,FAIL
7.21500847794833,8.71305038929653,2.48092334265084,10.2217083043711,0.0776655861079935,0.0194174994449456,144.594594594595,44.0696175199307,32.7220303259427,241.615140472368,22.8891360611714,FAIL
5.35894856542658,4.05481651872347,5.41307025674825,9.31215869275242,0.0973348775273608,0.0607933931358595,126.756756756757,41.9057699293185,24.8986157493934,193.50759058226,23.6348096878956,PASS
8.31799118243447,4.90198549777984,9.4272418225678,7.27450470234796,0.374235050998793,0.315441665419451,147.837837837838,44.2605565634616,33.8147313406877,167.763781667201,22.0048743189414,FAIL
5.61832071699816,2.92778879736061,6.62391053195018,2.58973829424365,0.502151912705832,0.452046048974182,203.513513513514,43.0166833338861,66.974117999982,60.8538238768217,18.3171622659524,FAIL
8.59586283015856,7.47787828140185,7.82979198330325,7.98125972846544,0.405468577035702,0.330383573535221,154.864864864865,45.2874554063783,37.9922230014659,196.122380576619,21.9192697668464,FAIL
2.34900864897246,8.60241157232706,5.93381230993087,1.8960853728268,-0.305566612483499,-0.336896582712573,250.540540540541,38.2290337190274,151.39283287848,46.5427283603799,17.0756940206169,FAIL
3.43003066210323,7.36463755746204,3.3314232150262,5.66484359217725,-0.0622469555326616,-0.115903862158807,189.72972972973,50.3947884769066,49.8169593739474,158.584007155067,19.2775161340694,FAIL
5.42471621612532,8.57623708294914,4.30355292869799,5.42584287012506,0.199266490803453,0.127908198716847,192.972972972973,49.9085752648923,56.2806936359674,151.277425083148,19.383344015483,FAIL
4.79834701185442,9.8296497546843,9.63737383288828,7.86079159831134,0.100548707543816,0.0321273128423029,171.351351351351,48.0853464383949,43.1331045985846,220.71986745362,20.8491393876605,FAIL
7.84939895884936,10.0390671658209,2.05577219108554,9.20049334260638,0.0793490990397796,0.00696036899086705,156.216216216216,45.7097224336014,38.2509812925879,228.602953407661,21.9930877537411,FAIL
7.24063180372303,12.3133491626764,8.92286741040904,9.36959563818235,0.332563911857896,0.247940734594368,161.621621621622,45.882917951653,41.6386542467819,249.486814805902,22.0359128399503,FAIL
9.61680615911395,5.217067761402,4.09917791337853,9.46176270153997,0.259719813299356,0.207936900529619,130.810810810811,41.590029741469,27.9117297646022,196.355033437292,23.8321543879189,FAIL
5.53109520335,10.3937743897481,8.5943337514496,6.94953822126045,0.234874826084035,0.157297935361307,181.081081081081,48.9885268188453,49.4835041093314,198.243558360227,20.2829759670535,FAIL
8.99252977448608,2.63448269905736,8.75059495486969,3.32144290701617,0.737529716776039,0.670934774392317,177.027027027027,42.4145258763373,51.1213137541394,72.4716991300389,19.5089734974386,FAIL
4.93795355844574,12.286243842208,6.96190029297251,3.2015886316166,0.563223578610365,0.469413555406172,231.081081081081,47.3728055138565,109.993732201352,87.9831500814793,17.9936794195811,FAIL
9.82129021656631,7.45497124888044,5.01499206183518,7.65758557481979,0.426174856207202,0.341557567361328,155.945945945946,45.3029215564471,39.4201245468826,183.964491728518,21.789431680684,FAIL
5.63334651380294,9.74375080495085,7.47431338012017,7.32119425894036,0.204527826176752,0.131504722899708,174.864864864865,48.3853067306756,45.820987288734,203.785729684439,20.5891658367062,FAIL
1.79225504707489,7.86875965483025,3.56679060057659,4.1060317427392,-0.326476539581564,-0.376327547400555,216.486486486486,50.6141228694632,68.7512505892881,102.674127225932,18.0539278900354,FAIL
5.13042562838742,1.96373581167416,1.58623212215971,10.282853961037,0.0883086880129028,0.0692950559120587,95.1351351351351,36.7706302430351,16.6376029493693,162.886180230838,26.5703919721869,FAIL
8.9370829596383,10.6469579329024,9.1335577799982,4.86169380871991,1.01092621483428,0.861656085247178,193.243243243243,48.1009843111177,70.3148712845987,129.15324458243,19.5666382040962,FAIL
7.47374435832406,12.217149299039,1.07811951965233,5.57069145034452,-0.116952833161465,-0.226364581085418,195.675675675676,49.4487792809231,65.5566429934625,149.963081812202,19.4604964021024,FAIL
3.64667651089815,8.14560867151275,4.99210031510279,9.42856108223168,-0.0690700870349802,-0.120940216913687,151.891891891892,45.9303638191372,33.5672505212777,238.086645364385,21.9215374405042,FAIL
4.38652831474161,9.27691088881143,5.25783201913689,3.95639706622379,0.191282909598297,0.121889452148659,218.378378378378,50.4033566820652,78.1251028180216,112.346545734313,18.3590301581728,FAIL
7.15036565526062,5.00580960095642,8.81744417202863,8.10905704225457,0.255229582311678,0.204099745226573,142.162162162162,43.7019005656552,30.9904286117051,185.188468500461,22.4902210234311,FAIL
6.30112737637107,8.92778535250291,8.75300118071275,1.95578161382545,1.49261626908428,1.35584928407814,226.756756756757,33.0415204125506,152.369385146473,44.8728384881043,17.7322800698293,FAIL
1.42298007064061,11.3172595259255,1.64654618376134,4.86692880635367,-0.521473377567728,-0.574416351192271,207.027027027027,-0.750407934579885,69.7617257232876,24.688136852168,18.1583054126401,FAIL
2.02083200519615,9.01774296774282,9.32984491133103,4.0351100174077,-0.309597440898104,-0.367768461235386,222.162162162162,51.6800400848071,74.909450069294,117.113895550004,18.0616864936958,FAIL
6.15539822400126,5.72971486980941,5.09372777792726,9.47737625387963,0.124474863922927,0.0783093485245211,136.486486486486,43.1963934680481,28.7458721347232,213.626657757421,23.0922572806012,PASS
8.85712062717309,11.6061662164805,4.20602910522921,9.21308700525269,0.321760283361123,0.230414369232609,158.918918918919,45.4531581270785,41.2028771780001,231.223950338771,22.1334350467273,FAIL
1.51220472086016,2.21015506771928,8.83288922229075,9.29341082579418,-0.0325915580598195,-0.0575203979238638,105.675675675676,38.4954238234015,19.0141774297548,152.091134217398,25.1857440211964,FAIL
6.78541996428726,8.50140371128839,4.16230819603696,2.10027912789359,1.05933725321846,0.91852238271084,222.702702702703,35.9414596757433,138.95010881701,47.3384974353153,17.8588442264816,FAIL
3.90232245854151,11.9600762013273,8.33639135563059,5.78291605852154,0.0365652408159775,-0.0382963655072859,203.513513513514,51.1367277270183,62.0288992286768,175.346192250308,19.1787435729403,FAIL
9.76385459737884,3.83907912610371,2.84277916825571,2.75304331780554,0.697641818455144,0.587872681370701,191.891891891892,42.0629718806869,73.2520670289311,59.3022269076824,18.884738206208,FAIL
6.34357786913534,4.46971123821293,6.03730447298356,7.15134107750474,0.207404084872173,0.159464347735196,148.648648648649,44.9876824809033,32.5324251446994,167.86034871108,21.5874114575197,FAIL
5.6994884003265,10.937099464456,5.96564992708699,10.3720026773163,0.0867162068519588,0.0226550236387213,152.702702702703,44.9609974259758,35.8847999955413,264.183868648658,22.5796035722494,FAIL
7.86716706382184,9.38535114419279,9.30493227276686,9.3602233060654,0.338931261678403,0.264768669324633,151.891891891892,44.6478297881089,36.8154079571535,233.923992331308,22.5555438076969,FAIL
2.95325058005555,8.76202129466555,1.62610323627881,2.32948961307198,-0.325683513398907,-0.362896266588688,245.675675675676,44.0553572525228,125.240054970274,58.2092000250374,17.3171303295216,FAIL
9.4146855243293,8.16122259943795,7.33417767879429,10.1609682964231,0.356384218362632,0.287509220808924,139.72972972973,42.4919893615652,32.3958662781356,230.889244343844,23.6682603812652,FAIL
8.30053153776047,8.90327280237046,4.15037438313669,8.58362950950637,0.273582759999412,0.197674930990798,156.216216216216,45.5787772884505,38.5592754410562,212.706241390876,21.9342177624915,FAIL
5.89859642132336,4.02127553039503,1.54805363644268,7.71589468268345,0.062409942282462,0.0240492605549341,140.810810810811,44.7147875369043,28.7433320421359,176.420664153172,21.8049526991992,FAIL
9.31911558190462,3.02592198039594,7.54292208841178,5.64109388797349,0.455504221901825,0.402517536795112,148.378378378378,43.0778648567156,33.8051630773778,120.64809432127,21.4243263210687,FAIL
3.41954959938309,9.97665166464614,5.9625197910719,7.60313071345529,-0.0961589812102019,-0.158404114205402,177.027027027027,49.2076766945008,44.3624530004471,214.86358270334,20.328408692045,FAIL
7.5937247409123,5.10518021517444,2.18153067593692,2.25658600143642,0.549559591511267,0.44255528361862,211.081081081081,40.5305105099672,101.037118761588,49.8981867841299,18.1520961026893,FAIL
8.07539075143652,7.10229202299283,8.08184373946829,9.73968768971632,0.280241240740041,0.2207826749678,139.72972972973,42.8694078072077,31.3336219115906,223.017719650916,23.3767917816658,FAIL
8.25378121336357,2.68455618442006,9.665787101924,1.65140149521909,1.38915182759904,1.29430916492271,200.810810810811,30.7422511708493,100.165461338077,32.4072610627027,18.1694179301117,FAIL
1.80969959647566,11.3432919440314,6.77555021350261,4.36431778783208,-0.454615327432052,-0.515456941344823,223.783783783784,51.7309540802733,77.6922226820576,119.281064253029,18.0684496276478,FAIL
6.87657470143715,8.36786125809662,2.54010676215399,7.9492114129658,0.112281097559411,0.0464111920615271,162.162162162162,46.9274144825403,39.6980966555713,203.187994573577,21.2151041229436,PASS
7.14252934637617,3.38129185930277,1.87304923763987,3.17196118808174,0.300058030274348,0.240667284012367,192.432432432432,44.8691487439581,59.4751907259863,74.1716688871158,18.7636330591315,FAIL
8.94479625986103,4.35591573116973,9.39231412244861,4.18160775678264,0.721528762780718,0.637981228572004,178.378378378378,45.8954839365822,52.543819066346,99.6463338741304,19.7570710338157,FAIL
8.11463583237531,3.91056007528532,8.45344263362171,10.2530070042739,0.225593020387553,0.188657150731759,116.756756756757,38.8471591091243,23.0671639099499,189.318421312398,25.4990572122455,FAIL
3.11797094327899,11.9033380691852,2.6528369567567,8.15457225459643,-0.216058321432966,-0.276801583809792,178.918918918919,49.33145566975,45.1704711448029,220.64049794365,20.319593572697,FAIL
2.87314571043177,8.72287903133956,5.68971995862379,8.67765447510368,-0.145863810629043,-0.201179788837904,161.621621621622,47.4950830449868,37.0615812040925,227.810531490361,21.1380499461763,FAIL
4.61770616907743,11.962821500787,5.0427814280307,7.77139915351179,0.0235799014711456,-0.0476887751391407,180,49.0479782270474,47.6498368212142,220.799408976226,20.4343025043191,FAIL
1.49380707773621,6.99429375345539,6.71039808514155,4.17679349207095,-0.335814538411521,-0.388329311646198,209.72972972973,48.7604984948099,63.90093189031,90.0021942398769,18.1563562748472,FAIL
5.47126053410599,10.891225834902,4.68538980042249,5.83965903353619,0.210606523610193,0.130025988661895,195.405405405405,50.1323425971686,59.0730456974793,166.490932828222,19.4782132742604,FAIL
8.19046717361266,1.96129643316379,5.63453214733599,7.0692195326548,0.265965395124035,0.236019336514786,120.27027027027,39.6450028338666,22.8125894531056,125.603765913213,23.6385613968735,FAIL
6.6360866876033,7.27009453382451,9.06505797926906,4.91992061204868,0.500383424374656,0.418321270333884,190,48.9147031997353,57.2826867743099,133.408302727299,19.4757892210554,FAIL
4.30804194043672,2.65526041527086,9.53633831185614,9.79696594116827,0.0736659282228497,0.0468413945071702,109.189189189189,38.1314070041616,19.978852462028,169.784069016788,25.7210876292237,FAIL
5.06465151724334,4.06529687049256,5.56138662446766,9.4113639795881,0.082511000706888,0.0463825396815877,126.216216216216,41.8579749870338,24.6954004698925,195.4374773699,23.6873891280823,PASS
4.73396474276317,9.27095518632845,4.92457262237503,7.32673640334281,0.0567661218369014,-0.00735709615730262,175.135135135135,48.7612761334467,44.4788147536841,202.996592010257,20.4209169045078,FAIL
4.21985857501537,2.88685231025839,5.65653203462575,4.96782041053729,0.133628526377637,0.0952143001598674,163.513513513514,45.9203364635773,36.1757693317661,119.532855854519,19.9441225639381,PASS
7.40185734447171,10.6429865169319,5.6167550109058,2.83857670982506,1.18264695037262,1.01972292316816,217.837837837838,42.9202314145736,116.279238402795,69.482645401239,18.2479587062946,FAIL
1.42468359353922,11.0376844741712,6.65922254732988,7.34023506038538,-0.42128689468525,-0.486108341232304,183.243243243243,31.3413366175235,47.5989060295871,54.7346364269579,19.7155127915186,FAIL
7.00392295143722,2.15986996892423,4.95770707143695,4.6659902514185,0.31924633791256,0.280561822322525,153.783783783784,42.6446500603873,33.7776959522331,99.9948938468536,20.5018129279844,FAIL
3.33461853153738,1.91042025963238,8.91630136998188,4.56031753161469,0.102359847959526,0.0702811685303071,155.135135135135,43.3201887656869,32.1829732393605,102.475254760014,20.0995231363234,PASS
2.85321549640928,2.31112730676337,4.97071537549374,5.16323368801504,0.0404415891723078,0.00786468015602715,152.972972972973,44.878593669674,31.3207619353344,120.755490559036,20.1723504980432,FAIL
9.90491308495799,3.00578138837278,8.56205572041822,4.39413490604372,0.645784842508657,0.578837196913089,162.972972972973,43.4908247569688,42.2359224817141,95.9744400109214,20.4279846923428,FAIL
5.58293844389986,4.86257463450969,1.07106446866477,8.07320539720276,0.00312694803413927,-0.0370829791103733,144.594594594595,45.5019908192801,30.0919282154311,193.025287207312,21.6370441769338,FAIL
2.17293280678806,2.75877915204848,9.34253229551486,6.13314081039061,-0.0303054123237683,-0.0662841023292476,144.054054054054,44.8572701575238,29.3128397882171,142.906074344008,20.8851163387469,FAIL
2.37195540737982,11.1744519362621,4.58003507797832,4.07400411019781,-0.322587934322699,-0.37977591259814,228.378378378378,51.5974714179194,82.4480013810697,115.912691700827,17.9990313167681,FAIL
4.37292167888632,4.78025777930709,8.07568165151022,8.14692711119874,0.0619422644153712,0.0181066313691999,142.972972972973,44.5640803044081,29.8746111492797,192.019749363297,22.0908812466847,FAIL
5.13560478593681,10.2208836518207,5.65091667284857,2.05747094187672,0.857273111223142,0.759483614708865,235.945945945946,35.3977743306378,154.207094114253,49.0076324977366,17.5573859824489,FAIL
8.90805879190326,4.27605708696599,3.19811381868797,1.51263914111419,1.29096317623751,1.12380944968475,201.081081081081,24.3392536253417,137.508579589676,28.2085148475423,18.0367771523179,FAIL
7.27472983640602,5.96038267823488,8.37522951967891,2.84182753574798,0.956168417920836,0.852515849579721,209.189189189189,45.1740022584898,87.3604941570055,69.4159827050437,18.4341717761261,FAIL
1.57349074580507,7.6353709531189,4.15382359037673,8.22153656699841,-0.251153472035245,-0.302609371762306,112.432432432432,-5163.38194112643,36.2002681889908,50.5872112350576,20.6810028323295,FAIL
9.14852855104102,2.3366647398982,5.13186747009865,8.25305246945799,0.264817728170254,0.233725441206305,114.864864864865,38.7879418657097,21.8098608332991,142.194008528586,24.717854419721,FAIL
2.2049690300747,2.40157387435841,8.27035722057182,8.64634196867317,-0.011114990277751,-0.0386372991147916,85.4054054054054,39.0759844377044,20.8352099441667,120.927470329145,24.0900001029439,FAIL
6.25859867932323,9.81774082422751,5.77626947032045,7.69565292863864,0.221811326230824,0.147668441121002,170.540540540541,47.7596904947629,44.0831457384213,208.315682040708,20.8976144558962,FAIL
5.79521215452455,2.22648704471936,7.67168671724452,8.00721801417021,0.160233476749614,0.132173756963012,117.027027027027,39.7193258558059,21.6964632202782,144.528598626696,24.1653559824716,FAIL
7.92829627377892,10.4282135409958,9.01815640411565,1.9985986133212,2.25627185605813,2.01799973736061,217.837837837838,27.4956466195798,162.257941373558,43.8267610455201,17.9773363930484,FAIL
1.25524476394291,2.33750823631783,7.65774346367593,8.89177155126166,-0.0512486886609098,-0.0780317885218927,110.810810810811,40.0544784292126,20.0630121588607,156.741175478236,24.2710122445956,FAIL
2.62887717810763,10.5637301349538,1.34341446506025,5.58250107739579,-0.309410826112256,-0.362867342350405,205.675675675676,51.5289083355857,59.7179529931616,150.25571113714,18.7552273204324,FAIL
4.3398589208056,6.08561206598814,1.84942158856586,5.93295665243954,-0.0145940707608335,-0.0636494619766464,177.837837837838,49.2590062987801,43.6971877591064,159.319695902079,19.6887088053718,FAIL
5.04580258570903,9.29229873133095,4.81178463824301,7.69006497858122,0.0755867776846346,0.01124589647093,171.081081081081,48.2051715413536,42.7286794776655,209.837954744379,20.7132368987854,FAIL
5.76281392658208,1.96137462162605,5.19989797110833,10.1411752625284,0.127584500650963,0.107192755520237,97.8378378378378,35.3144762173142,17.1289802124904,150.031607129537,27.4252891102723,FAIL
7.04823131421429,10.7363169588362,8.3347068061304,8.22423412561949,0.339323497572574,0.256492342445715,167.027027027027,46.9490481785687,43.6109116470893,221.601696604931,21.359845684867,FAIL
8.3777638306325,8.94317948192094,1.70023330522038,3.35499581566566,0.287810282715308,0.139882793689655,206.486486486486,45.9065644679745,91.1553389901014,81.0864091164763,18.6435415054237,FAIL
8.04976161095515,5.36313659006248,7.40193775730281,8.62691295862173,0.282688020284869,0.229235052990029,139.189189189189,43.0716244508341,30.4432126589324,192.782314668206,22.9268881107679,FAIL
4.7419381309547,1.44464553077774,8.74880125634166,10.3416062563768,0.109728933648216,0.0940495429641892,85.9459459459459,31.7000974266691,15.0521713391034,125.779364447898,29.9009632535005,FAIL
5.07194784357925,10.4834169408449,4.80377262368802,5.74777872945481,0.163146999942192,0.0874434741310518,196.486486486486,50.3338580592555,58.7447563985076,164.893069883415,19.3868661360201,FAIL
2.76543318999071,4.47643259376694,3.10306259536799,5.08951066597107,-0.0493649873248917,-0.0916430792966065,180.540540540541,49.1693039400211,43.1425442800184,134.737922656039,19.2001087913339,FAIL
1.36809665714862,3.43834116422777,2.41434617125169,2.21808114501775,-0.229420465113466,-0.258897265314966,223.243243243243,-27.2221159634665,82.2493152741061,22.26035771784,17.2561000361789,FAIL
3.480956744307,2.26903125851477,7.45134947828186,3.00107589396638,0.170702308003656,0.13533460567202,193.513513513514,43.9452470577103,51.0623419044776,72.7278889857848,18.4496066148431,FAIL
6.2719159557174,10.7077991180693,3.18694924138405,5.13358007573392,0.26076219849107,0.169272150338821,200.27027027027,49.8904994387595,66.132035488604,141.622829745023,19.18829650153,FAIL
7.37683271155947,10.1493853252771,3.33066863926576,7.14896065207094,0.240948435410731,0.155468710146635,174.864864864865,48.0418278705968,47.9137737295172,189.744101941647,20.6081497591192,FAIL
6.39834980984943,10.9833523493976,7.5868940777971,5.40306729259352,0.493993282404359,0.396185946880097,197.297297297297,49.7447897706305,64.0275383678267,153.531126409266,19.4245792759049,FAIL
8.67274442219507,5.90850200178501,8.29373057692563,2.5381045187789,1.3339988143072,1.19016718225054,205.405405405405,42.0270043960964,97.5333375546084,57.8706694212701,18.489278466213,FAIL
3.95980405961103,8.57444936038299,8.01711548569812,7.56215756357879,0.000902144745219657,-0.059981065535966,170.810810810811,48.4142332249626,41.6476980863218,210.3787287784,20.6224083966736,FAIL
3.65253232461602,6.83702415605032,6.74907379503713,5.52743805169652,0.0234936543586318,-0.0329821202096523,187.837837837838,50.0351704469523,49.326074555727,156.232144675761,19.3823279542122,FAIL
6.60681626301694,4.52774538912356,4.98370363827629,4.98001717930502,0.322740476335539,0.264648373495419,174.864864864865,47.2926247904263,45.0657454151427,124.602255454175,19.8310165433773,FAIL
9.1244936842831,11.1733418233212,2.00365592714183,1.73318953615096,0.959673208149994,0.588674173282533,208.378378378378,8.30385223993163,193.863247569393,32.8978474460857,18.012424480263,FAIL
7.00909766565745,2.81854081256624,4.61903719433513,7.63019318276811,0.199595136369018,0.165024911245438,127.837837837838,41.7635658860835,25.0056907331901,151.698286836086,23.0248401984148,FAIL
5.61929001768092,7.31859029107919,7.82096167255521,9.11965199243656,0.124945003644135,0.0696218056158192,148.108108108108,44.8856094156839,33.2082340733303,225.292904302068,22.3404971703358,PASS
9.1862979992432,6.80451650943327,8.80606882901271,2.7629237752979,1.43669736044544,1.27015311064795,203.513513513514,42.8762787245423,96.5585155496681,63.9730535022341,18.6463516395375,FAIL
3.33765983253192,9.02625529677181,9.9194954416655,1.82515946121256,0.277609533996592,0.230536656257264,247.837837837838,35.1422798856488,161.737789728024,45.0944326582376,17.2103299674303,FAIL
1.80895934656155,1.684503078729,7.19483839152201,6.92268595769395,0.000490234805827078,-0.0246248486063831,114.594594594595,40.6506421334869,21.228601327247,115.542097069393,22.8555874536558,FAIL
1.06461793773868,2.56235303555367,9.01516395082079,4.03089914989078,-0.135696158932993,-0.173553525938231,172.432432432432,47.337762364588,40.7948253760472,101.815221944986,18.8125310772985,FAIL
9.67283910897437,9.24499910996624,7.93949440541434,5.8969202536274,0.777711104829531,0.652325840317771,177.837837837838,47.439336121913,55.1501916866097,152.450181115714,20.3943497192569,FAIL
9.7961428899075,3.73188070930823,9.93525650457891,8.34287003904334,0.368852606062674,0.321800137244988,127.837837837838,40.7022495051094,26.810610931054,164.642553559127,23.8994990860743,FAIL
5.33273136626812,8.35403427179378,8.13333577890184,7.34729374796326,0.165628325373336,0.0999015130674731,169.72972972973,47.9515143370911,42.4358359442645,200.631583106438,20.7441790314432,FAIL
2.74225634846018,6.40089201355786,3.73571474350314,1.76700811733393,-0.112722407166377,-0.143329893822067,246.216216216216,37.7520258756703,140.320555640556,41.8846685011439,17.1218762655477,FAIL
3.84429999444962,11.7751392800853,3.16353890269824,6.65907381924049,-0.106185380304521,-0.17246988944903,193.243243243243,50.5794416691813,54.0031265874078,191.127864057699,19.5781471841834,FAIL
9.22354856749645,3.65578170174534,2.25967658817019,7.70161395146463,0.201760524360264,0.156663424513993,134.324324324324,42.6272928830735,27.9917196305788,160.082620007731,22.6628523548758,FAIL
1.17543127619768,8.97851464893687,8.93598380250367,3.12425194576602,-0.639962139064531,-0.691870366467982,NaN,-463.824923097215,94.8807804058066,5.08422818719657,17.4468196902446,FAIL
2.51203965169714,9.16525095603106,4.9948434310072,10.4594994476678,-0.189567901347807,-0.241407452647471,148.378378378378,45.1864149161042,32.3821666520312,244.391391432749,22.313177628205,FAIL
4.54275203560309,10.6631280789782,5.01201291295866,1.86138781280661,0.651367996768057,0.571476371458715,240.810810810811,30.2661086673018,173.192323223393,43.3688776976152,17.3747496806906,FAIL
3.55558615050329,6.55765275930679,4.77597114638955,3.34911498256859,0.0705825300221886,0.0184666051272823,221.351351351351,49.6591749409772,76.9212961707064,92.3296110588585,18.04168357027,FAIL
8.46416293573216,10.3695299412361,4.62832173092872,3.37763855970214,1.02970495578582,0.855372815844324,208.108108108108,45.4568567986398,97.5675602224969,83.1851084023046,18.6702589858557,FAIL
2.08546111270919,6.43044244637739,9.58207398797817,8.2759692971441,-0.167777716182627,-0.218368329789472,153.783783783784,46.5257261081157,33.4815598848826,201.23384771183,21.2853319110603,FAIL
9.90961856212653,1.55468533642018,5.75632254602563,5.77310954939348,0.376514896029687,0.344457344482954,125.135135135135,38.7241968226099,24.4927913937296,100.084474268736,22.9258705684218,FAIL
9.55130023981386,8.40605407655812,9.18032701368047,4.77262247492272,0.959145997568436,0.822551178181068,186.756756756757,47.5227542574596,63.9581558531138,122.201625006199,19.7599583373803,FAIL
9.90440222852106,8.07095404073314,2.49383538973948,2.4596881370646,0.884215861081664,0.64824836305704,204.054054054054,37.9258151058466,117.663898127612,52.3774529183199,18.5009426647498,FAIL
9.9301746915378,4.28427303645631,8.41440488114743,3.6737363245147,0.898034719289366,0.796343880957708,182.162162162162,44.9090360554452,59.0057672957742,84.4886271633267,19.5523932142801,FAIL
8.3393447737076,8.18622536465035,3.79388847453119,1.68210547172764,1.62298782291886,1.38236953432249,211.351351351351,20.0173160198736,170.558821246962,33.2512637440087,17.9243450818492,FAIL
6.67945443824893,12.1807994150626,6.79052803253782,8.82389701171698,0.261339068133224,0.179275958863276,166.756756756757,46.8505701477001,43.4537063947599,238.698233025975,21.5164636847571,FAIL
6.92587926573933,8.3665578080431,6.26419564100309,1.88564548962353,1.51538093412655,1.35808718769624,221.891891891892,30.7896900350279,153.286192147123,41.3427886177835,17.8012919490881,FAIL
6.06712238885497,2.22744806642064,5.61197172183928,7.19316260675842,0.179055221766928,0.149109149072074,124.594594594595,41.1707108517675,23.5932933333768,137.749256237997,23.0505598198117,FAIL
9.83064222507474,2.9032647603735,5.95755240270276,3.14225654544529,0.804219248186987,0.72279178770277,180.27027027027,42.1665060791585,56.540988923009,67.5711646186164,19.3818670788332,FAIL
1.49285164397126,9.93137740998769,7.54312151746501,7.84816460608405,-0.361064946019983,-0.423166582146047,174.054054054054,39.8611380823149,42.7347220807577,82.2601468517882,20.1911317350862,FAIL
3.26667968412569,6.91749498873638,4.67354135357003,9.20232632473802,-0.0778504158664001,-0.125363500411048,148.108108108108,45.6568071166276,31.7031212908233,225.892656666039,21.9342417036637,FAIL
7.54514906033041,5.23079700673382,6.57335355091671,4.22237833149043,0.562715926254268,0.484272080440915,187.027027027027,47.4432123931551,56.4660994015773,106.212418553632,19.3728792907159,FAIL
6.7778226941429,5.2346009790571,1.73871717622213,6.28307655519354,0.104367062039341,0.050358278836475,163.783783783784,47.1872208673225,39.0343880156468,156.475544161571,20.4846262440304,PASS
6.81750588014938,5.48109569991138,6.36926972700139,5.43540624135725,0.360461302857387,0.295197191029598,174.594594594595,47.6612414835456,45.6786159875137,139.250056692735,20.0490906817759,FAIL
2.65026355262606,5.33596518666426,9.33276898956377,2.77661288130085,-0.0186565958412369,-0.0640632984980107,228.108108108108,48.3226443957037,82.9073110405768,75.6569701057009,17.7041676837602,FAIL
9.91224986385038,3.53948719428111,4.54222198248175,5.04697169028396,0.487788001335803,0.420852799252789,159.72972972973,44.3947354820129,40.1431289397907,112.108730128105,20.6735951252585,FAIL
1.53951459121628,4.15319437621092,5.55263313218177,2.27276858694501,-0.250988867653495,-0.285627457662743,228.648648648649,43.4362991272593,88.3267857406869,52.3576854354588,17.2975743543931,FAIL
8.39075735968115,6.48045293163053,6.83180885789938,3.3219692733723,0.951569442025645,0.830596403789301,200.540540540541,46.1303106134193,78.766373958037,81.1657153430731,18.8338775138537,FAIL
8.90160207139957,10.543622007485,1.94873731413628,3.00671404797177,0.481435187361317,0.274901752508079,209.189189189189,42.5600099364458,110.077708466676,69.5117736114026,18.521039575041,FAIL
2.98045890389768,12.1533849949073,7.60441640257006,3.92800952351541,-0.127254645922373,-0.192366770264344,231.351351351351,51.2591145300161,89.2478450687248,117.05863831592,18.0266679780547,FAIL
4.52421964140853,8.09255580431654,6.31941566589135,3.68730262299555,0.271735203878041,0.203774856726708,217.837837837838,49.8788846197326,78.1909669989127,103.215164709716,18.3112167798543,FAIL
3.64149389011246,10.3922032027896,9.45641413783565,2.17460361253866,0.347917328884177,0.288476407427115,245.945945945946,40.3249064052908,146.378575979828,56.3626662830612,17.3812013271249,FAIL
3.32550417369455,1.88916416343644,5.11993854307653,4.22299917915739,0.10193071169928,0.0710934405891194,161.081081081081,43.6570197041521,34.1606068659992,96.8245309573718,19.6379262254082,PASS
4.51000553328248,4.71079186229954,1.21265250154288,2.39480244490668,0.0191523112724555,-0.0266971080802316,224.864864864865,44.6771142155748,90.3907881227774,58.8812365712168,17.7323375427273,FAIL
6.18947138958029,5.88847181125148,3.07771468343799,4.90617939639527,0.227606812215487,0.164046503853071,185.675675675676,48.7128759174179,51.6265954407984,128.344864516655,19.4224223768163,FAIL
6.75650716365457,3.13221055220611,2.9671850313634,4.16030500402218,0.293233029614597,0.244315372083273,174.864864864865,45.6424404815881,44.4991116337296,98.1616515191152,19.5062708383415,FAIL
7.14609505982896,10.3669195235647,3.66789615259722,2.95021362166475,0.799238197908803,0.654877991998939,218.108108108108,44.2322492213352,110.42113502148,72.4598759167888,18.2487780246867,FAIL
8.44563398735624,6.57675899751571,7.86537917648816,9.45610252046909,0.301801470749217,0.242843441731106,138.918918918919,42.7640671512072,31.0340477087658,213.476602651765,23.343256245122,FAIL
6.37774927204475,10.2315772235414,8.49266767375541,8.73574254641217,0.236063243917269,0.162738036065782,162.162162162162,46.449508047868,40.3722637674418,232.890721632559,21.6718229604084,FAIL
7.08294271800489,7.39651345298983,5.31703420123896,4.31480666729102,0.536994224187432,0.445793520647109,197.027027027027,48.6767027336581,65.2625152729805,113.64938192702,19.1115284173137,FAIL
5.36686429206976,6.18017927186334,6.09071871265372,3.82467771487714,0.364931126899613,0.298210698576694,204.864864864865,49.0366375783714,66.493239000853,102.788344175159,18.6558812668891,FAIL
1.98000494090292,12.0011899760705,1.62308453330936,10.478366471815,-0.310289897904864,-0.363750168367934,159.189189189189,42.3586532968375,36.3367237278181,125.36656699889,21.5340920017923,FAIL
9.4383191494779,7.39555087283424,8.67485903592243,6.91784136929121,0.564842464324713,0.47440177708072,162.432432432432,46.0714235455178,42.9648866552394,172.10595156818,21.2946342073344,FAIL
4.88152961611857,2.0391427650207,3.80277927749695,1.53934342063431,0.512690452372224,0.475543897462539,214.864864864865,29.5866454671678,92.1935519093108,31.7812785870617,17.607458573784,FAIL
7.77479776293403,11.8926845201102,9.72395524522046,8.89612292455149,0.419874193452853,0.329507942601137,163.243243243243,46.0933336516717,42.9251545292862,237.00020209322,21.8583593125425,FAIL
1.7466116611867,5.34082581849599,3.36899163879458,2.87025093381887,-0.258360417748658,-0.297016297420747,226.216216216216,47.6451962916656,79.8713909474786,70.1413446031011,17.5422779820911,FAIL
7.05712576656798,1.87026737368413,1.34256847402207,2.18863035560322,0.327120989058217,0.281575604487371,194.324324324324,36.1577535004752,63.409393083803,45.639165944608,18.3577945840951,FAIL
2.95675461661334,8.96094288886435,8.76015485547115,3.20109798849641,-0.0403902141676942,-0.0968766826444356,234.054054054054,49.944316009743,93.3987418069759,91.9674102223393,17.7827307647314,FAIL
9.64571932749246,1.69192937591283,1.02259606021277,7.72564875076159,0.154663101901004,0.13002827742843,110,38.9556500647838,19.6672057261254,129.984367959654,24.3245705957794,FAIL
4.73032473646403,9.50458429449054,4.12581568541081,5.21694272026599,0.116606830789535,0.0468465706403723,200.810810810811,50.5984086618575,61.1257992110332,148.845120440129,19.073056052884,FAIL
6.46300431973638,3.77529410307046,7.05110924428142,9.66405090086569,0.155447940508727,0.11992995069843,120.810810810811,40.3022129817945,23.5903534002567,188.006987895774,24.5419290213482,PASS
9.75060219586542,12.3472615300952,2.15436564412042,10.4069504904739,0.131201604890697,0.0410701661052097,151.621621621622,44.1252743577841,38.2776778697017,247.541984027763,22.9107692029423,PASS
8.13152645037295,8.0063991812346,5.39750155589087,7.74915821486265,0.339496017464213,0.263482195730606,160,46.176073470126,40.090524761221,194.804152589702,21.4895574896859,FAIL
1.51595858779847,8.76587695406939,9.9298761257591,4.44052435337905,-0.413301582558904,-0.473154138716001,212.702702702703,50.7205784667043,67.4035181317364,109.207437041381,18.2184089549312,FAIL
1.70964730076548,9.45145521790689,3.60086777464106,5.69247830758112,-0.352739937433935,-0.409542907602787,199.189189189189,49.8618907287718,55.491770989041,122.969434483541,18.8205986018217,FAIL
9.68651439992103,1.42022483948537,5.70654159176783,9.60958983223219,0.241376557066022,0.223577142008729,90.8108108108108,32.2018329555088,15.8650281235446,118.282256830286,29.1747044054692,FAIL
9.17821330139236,1.88043831602413,5.24792512542747,2.69054750719287,0.729324531145838,0.670351350227492,177.837837837838,37.7739306977893,52.9086055256134,54.3775461319569,19.2108704105803,FAIL
6.67992908727532,11.1705995686564,7.91098514010063,2.51105326722901,1.39506256189042,1.23973062188815,224.864864864865,39.85526769256,133.701030448107,61.5022698307374,17.987758575229,FAIL
1.48133827191419,4.62231674700053,8.6057677366878,7.68907757417044,-0.158918012959747,-0.202776019326331,143.513513513514,46.4598506868926,30.512758072643,199.020528387923,21.2287238585421,FAIL
9.43410061018279,4.62301940037333,1.04823738647061,7.91308165196635,0.0651344503936522,0.0134823862512241,140,43.8654233111269,30.3593984860885,175.445327984101,22.2548195589561,FAIL
3.68282328759233,5.99919670131817,3.87305528469853,6.33374814744045,-0.00935360633833959,-0.0588842498792507,172.702702702703,48.8444116021951,40.9415507045209,169.711713562943,19.9815525163583,FAIL
5.57483369429315,9.4169178790735,3.61609740919012,7.3896139896249,0.0971061288525257,0.0299092370579507,173.783783783784,48.429340971024,44.5773626745532,200.569006383588,20.5416647987889,FAIL
5.97490417158199,6.68016348643623,3.46958323741822,8.13811576533678,0.106468872456913,0.0526297784133268,153.783783783784,46.075923794586,34.9261813793898,202.023744881955,21.5593180666814,PASS
8.40415275726419,4.38316725371001,5.61192701155396,1.50125593371707,1.65329175927862,1.49751687186737,204.324324324324,24.770106840244,139.999077144067,28.6940880893212,17.9656920371662,FAIL
4.27573675193787,4.72175894156203,4.92877225528024,5.52693131985689,0.0948216832716973,0.0471161101467134,173.513513513514,48.2708939830517,41.4326829943556,144.52563384824,19.7980589342834,PASS
4.13357918672063,4.06483785354741,8.81821631341334,8.7852291818736,0.0481784509812614,0.009929221635396,131.351351351351,42.8220506396394,26.1045090500302,190.967926587651,23.065676590515,FAIL
9.29896817697729,3.99394660907383,4.81186976129917,9.82671523744634,0.244129500497756,0.203939360247504,120,39.6926443766119,24.0313003478302,185.328801795811,24.8909346149688,FAIL
1.3806753347605,6.47742940571272,4.84902240163461,10.285842561031,-0.203417241209823,-0.247374858161393,135.135135135135,44.8365015554868,27.8792432747937,265.646207354976,22.6313881748386,FAIL
7.37214706473187,11.4648248699851,6.4504422454203,8.30002269695386,0.341774946311899,0.254539992546358,168.108108108108,46.9866954221884,44.6372902467519,222.25617751726,21.3431714840994,FAIL
4.15022243471118,9.32434989437541,2.65311595004623,10.0884144176415,-0.0850092961913312,-0.136974588757917,151.351351351351,45.6629847415988,33.7299100396061,250.668543808573,22.1375627949181,FAIL
7.45411166425097,5.8001101793651,7.7974368654904,2.7572409490457,0.984721631472833,0.87814848491266,208.648648648649,44.5826990545175,88.7908411984805,66.3160758385144,18.4213608981275,FAIL
1.87409603263324,3.53446470417778,5.10125272908905,3.29471750052667,-0.104102122457378,-0.142586808691991,204.864864864865,47.7823184647255,57.419125263108,84.4121579790684,18.0508656813322,FAIL
8.1658364757163,7.63522651828919,1.12129755055508,7.94106923740029,-0.00549022978151226,-0.0722174980664363,157.567567567568,46.4152472456731,38.115046785295,197.210357314295,21.3895243778849,FAIL
2.86322448755875,2.70326013547042,5.42459272834973,4.92866253341601,0.0318748122422275,-0.00388711021376886,162.972972972973,46.1775828040531,35.1143128344179,120.131005281128,19.7519895810971,FAIL
4.10259158270912,7.73611896176163,2.98144263913085,7.84398593977559,-0.0400779257198841,-0.092842459401396,164.594594594595,47.9243813518895,38.2854787552936,206.978482917759,20.7821661283075,FAIL
3.42611030095029,11.9408896133774,7.40016546398383,1.52951419479094,0.333088953286706,0.290631020635983,248.378378378378,13.5253400995354,221.04296875649,34.6920779189603,17.0645925768768,FAIL
4.25067164341523,2.2711642696329,3.42058541582904,4.1665430186549,0.145914435183887,0.112166154554385,168.378378378378,44.7953249659705,37.7689297061032,97.868508246733,19.4376932073334,PASS
3.75196941106841,2.65058231490184,9.54762083059991,8.49606601952786,0.0568164343196878,0.0269851911284973,119.189189189189,40.6798226548889,22.2082213482503,163.220076828399,23.9438613945866,FAIL
7.12883414476012,7.19826417761645,8.06478151597727,6.12480792384447,0.411402252730949,0.334861872129507,174.324324324324,47.8829166774929,46.8066629951718,161.791493234285,20.3537623691698,FAIL
2.83924099516846,6.71467071465915,1.8474120235421,2.75540476382623,-0.18840497442827,-0.227935253089454,234.864864864865,48.0343118389897,93.3333893093255,72.1439662327574,17.5586991696079,FAIL
5.83734014820374,1.4068549968562,4.87336288922368,2.01360236897899,0.516488087186171,0.481369536969602,193.513513513514,31.8836677410193,59.658911849996,41.1034125761245,18.2860927863268,FAIL
6.61977697233907,9.09484671359291,8.56841311850496,5.06340713518543,0.536269506679099,0.443364521422108,194.864864864865,49.3937061216877,62.1292696949554,140.836283567182,19.3979120608875,FAIL
1.35639453101745,6.97820678755959,5.27396147114549,7.04234133141341,-0.272424710869107,-0.324970953137396,167.567567567568,48.149488256218,39.6859665695888,159.968920724571,19.9542957703105,FAIL
9.06483403884441,9.29975894975493,9.71374186366733,6.2477667638609,0.715730844366939,0.602858311246539,176.216216216216,47.5149058688029,52.3970744844392,164.528101399303,20.5430147567412,FAIL
9.78542550527767,11.8406309836546,4.02497856237805,8.22778775115347,0.427513367205369,0.314956713552095,165.135135135135,46.183892741045,46.0281951979807,207.808270145624,21.5929201975714,FAIL
6.49081002830929,9.55156859701744,5.78978451734544,8.19125327320457,0.218408256027425,0.146613144498638,164.594594594595,46.9750814663465,41.255407967823,216.741709290392,21.3137543626153,FAIL
1.37578159585582,8.14589616854571,1.89992843616697,3.7772770472394,-0.442275583337016,-0.487324717142997,207.297297297297,-26.1905447596997,75.4038562059533,19.7573816765833,17.7532593032658,FAIL
7.74035241413035,3.03103025409859,3.57277318949555,1.86690681353446,0.856052103737721,0.771891784968392,204.594594594595,35.1254525086375,94.0555951713867,38.207027572301,18.1341187798069,FAIL
6.94108402466662,7.00843471738717,5.86273224021359,6.8415736781756,0.294305844569057,0.226218452503263,166.486486486486,47.2353819833422,41.8020942814782,176.682930809466,20.8045937251017,FAIL
7.14874470446184,4.97731719062175,8.85170948696703,1.58258090781194,1.5946405886515,1.46972254270641,214.324324324324,28.7006599952545,140.87217093068,32.5428094904232,17.8016031486586,FAIL
8.37625036757555,7.93414548469265,9.85512103259016,4.05813128464529,0.961832949080626,0.836930539612089,196.756756756757,47.702960090793,72.0063316793413,104.977033505469,19.1851665243939,FAIL
6.08902099833132,2.09663057575814,3.8077682430317,2.03763152169078,0.543606657925599,0.498159555769567,202.972972972973,36.3135938956222,71.6518480344847,43.4179918134804,18.1240959319002,FAIL
2.88517661857991,8.35173461504538,7.73894893013513,6.03465161175699,-0.115174912166365,-0.17506762829787,189.72972972973,50.5653640130828,49.988740207098,175.100225411472,19.4242508430301,FAIL
1.55525380329266,10.5312086208928,4.07392073710851,3.13953617431908,-0.607838221147746,-0.654344776633569,236.486486486486,47.4144511115513,102.214848201286,68.5704643653242,17.4322287746213,FAIL
4.1513861894644,2.89339432324822,1.44489433004888,6.09129652849348,0.046471607902607,0.0140454134508175,148.648648648649,45.6379158496341,30.0190270127399,144.110061064201,20.6004760177428,FAIL
8.17798673843757,4.08498846488065,1.26388763104202,1.76710730466293,0.357192293764577,0.238627507267011,207.027027027027,33.0124846232464,115.023688944993,35.460220126681,18.0294204795948,FAIL
1.12521550183511,8.30585658687236,2.77704534290905,8.68588320587124,-0.302044296060396,-0.353358491868879,157.837837837838,48.8964808758382,35.7808214453533,260.635745174716,20.7308128093065,FAIL
3.80400221565896,8.0016690944524,1.3419613303452,6.80960775243207,-0.126100408438182,-0.177046237569869,178.108108108108,49.6660522247565,43.8567138817248,185.707599657487,19.8704615256001,FAIL
9.83653634018211,1.91255607380274,1.91905608902147,7.24212756965921,0.218100945219637,0.188354338520563,117.567567567568,39.6246130904971,22.0252139984081,126.422132962175,23.7154086063288,FAIL
3.83180389760195,3.55041440629326,3.56668889628465,4.48296899731915,0.0837948800316751,0.0431068894929743,180,47.8489781053438,43.5940896183127,114.810088406765,19.1769626830242,PASS
7.4798625009448,2.16723776864739,5.52631636447365,2.21342536535331,0.745673521524337,0.687770314452403,195.135135135135,37.2047703297745,67.7247191474566,46.3841610404832,18.4837380017812,FAIL
5.09031614444756,9.19364935426445,7.51763796608014,3.82717109989936,0.422140822923026,0.341579495900952,216.486486486486,49.7515720674592,80.5636307853124,107.659270032702,18.4339351883891,FAIL
5.91103510325207,12.1732187684843,4.23896063399216,9.0066236807153,0.102767732483683,0.0292129230793275,167.027027027027,47.1115905324002,42.462094403373,241.693758652862,21.4187244938865,FAIL
1.85629850396765,12.374320665524,7.66884463193551,10.1051123372587,-0.349084006795831,-0.41272713250545,162.162162162162,46.3920542672952,38.2677764906919,214.956097438623,21.5426714095015,FAIL
9.83672445923559,5.39078767249375,3.53251248596646,8.3016763214701,0.283893122743294,0.223414071874767,140.540540540541,43.2427211465418,31.5734305436696,182.112684479868,22.7193072006761,FAIL
5.36875355342718,10.823740130575,3.56620661720764,2.90014896866803,0.444257610241754,0.348861314342486,229.459459459459,45.6057806156573,113.77628556286,74.7064034327965,17.9324212698372,FAIL
1.10456302772325,8.01050747453977,7.13228501592621,10.4225986766012,-0.29250816311415,-0.343389389998254,141.621621621622,45.5322332027795,30.4229853134085,283.440538155018,22.3752466125242,FAIL
8.25140596966421,4.62052354946086,4.31050011570662,4.36576904149309,0.487375305400817,0.411989937391868,180,46.6824749950271,51.6621717250167,105.650077743079,19.6267240821608,FAIL
2.63200519097188,4.98022309369111,2.79716255214235,6.24732902042136,-0.0810006054696849,-0.123955065369109,168.108108108108,48.555089750982,37.7277254056583,161.074974841616,19.8853564035443,FAIL
1.08785381030776,3.0044439970495,6.17170280416626,1.84985016374226,-0.293261578945309,-0.323128131891152,221.621621621622,41.2309722115257,91.74147967159,45.6025681214727,17.0888424764284,FAIL
5.98387945808391,10.8778561782345,7.22874600633806,10.3583261335511,0.129825857578212,0.0639861754868191,151.891891891892,44.7630668933525,35.9137970787108,264.048277226319,22.6793535819015,PASS
4.21855710906839,6.24334489367612,7.93923426526559,5.35817017056233,0.116719472797431,0.059532184757206,185.675675675676,49.5229859347309,48.7329450898959,148.986943676306,19.4685303175015,PASS
3.25297665168427,3.43000507343438,5.23296022547814,3.18361557811486,0.0946240066893337,0.0547633266506804,204.864864864865,47.2262994686604,58.8244835161356,82.4134510025862,18.2278270535473,FAIL
9.53552364597452,7.54281932383414,5.21739040739299,3.26439248843181,1.08774755099062,0.921461673209931,199.459459459459,44.9527524707352,86.6328747146675,77.0573237762472,18.902039228316,FAIL
7.64413873418099,8.76616667123188,5.7380974383065,8.31912408880602,0.297133506735504,0.223194394290152,158.648648648649,46.0102094379649,39.281041294364,211.228419321601,21.7161903052726,FAIL
3.19715524587455,11.5246412226332,3.66665453908325,9.44097052462754,-0.181126275055567,-0.240540437256988,165.405405405405,47.519544028463,39.2759915435298,247.449931042569,21.2682795039089,FAIL
8.4887765804746,7.01455415937138,3.94193729548927,5.59474531324806,0.425342110893137,0.33628830376893,176.756756756757,47.6674661331716,50.3186461033896,141.746174203792,20.1414456191267,FAIL
8.90987249516942,4.92614327012682,2.65285379406108,7.64514745882215,0.21809024142056,0.162327411856503,144.594594594595,44.1776699471731,32.3079615295585,171.792756315721,22.0778095445886,FAIL
8.76926853551833,7.28736812691305,1.4814589873239,1.56790198365437,0.504613038758498,0.253636342506373,206.216216216216,16.2841899128675,172.716924882898,29.4819938826502,17.9394481193638,FAIL
3.0979551692366,3.71143802729796,3.36538208192218,2.49546883401387,0.0585498623414753,0.0222298647632436,222.702702702703,45.453256581745,76.9119359148749,63.0158516406151,17.6938258035492,FAIL
3.15395404144874,5.75772730222657,8.00834773889577,6.46318353493059,-0.0326467477710691,-0.0834918609065458,169.459459459459,48.5090378310809,39.4881939821587,174.039003166693,20.1673391825945,FAIL
5.23724243389411,2.98232658416285,3.68636602560437,2.07694731320913,0.450302692789781,0.403016082353479,214.864864864865,39.8579209470433,83.2581438391577,47.076628505008,17.8739847347998,FAIL
8.09764011824901,4.95061888091788,5.24798291531256,7.74510893779258,0.278909677868324,0.224887374635491,144.324324324324,44.0538171055933,32.0564406403424,175.932759522369,22.1972073976438,FAIL
2.62441324832805,2.55586751708758,7.43415537161013,2.89073892014313,0.058656190394707,0.0232382374077323,202.162162162162,45.0865737642635,55.7829810935475,72.4606125810369,18.1365640631009,FAIL
5.6543347998431,7.17014746436501,4.72607787001978,2.62676722340714,0.596984344893701,0.513377172589506,223.513513513514,45.0957001981475,102.353445295696,65.6669866745607,17.9718255938748,FAIL
5.90288156963606,2.48252141311049,9.59386384105138,9.58203712637743,0.144001384737774,0.117479684885897,108.108108108108,37.4518938906717,19.8660060416674,159.54672001201,26.0205214601302,FAIL
2.98806638282336,2.37389989223281,7.18290861407571,7.303946242636,0.031934419637053,0.00202082976321738,126.216216216216,42.5526494756074,23.728144577966,150.805761231624,22.555500547003,FAIL
5.90334939442278,4.31810918041005,1.02261605256957,6.72372757638303,0.0257886126410358,-0.015911317871985,153.783783783784,46.5276319180051,33.3759935626257,164.513271604222,20.7906074665907,FAIL
6.69292547665104,7.74036171617516,6.07834607322491,7.29264809816335,0.264487152371557,0.195852085152772,165.405405405405,47.199605783848,41.3831720955704,190.428567573042,20.976304891899,FAIL
5.46338736313135,2.38047874144861,5.73947548216508,3.95694774639117,0.282132505907497,0.242733746674502,171.351351351351,44.2762159651358,40.7800669371078,91.5681751013983,19.4995399686767,FAIL
9.55574408089114,2.18915140402272,2.73026246080542,8.59915086082736,0.217446236038974,0.189226060332397,110.540540540541,38.2855936817112,20.4163893004485,142.996521556022,25.0995183707801,FAIL
1.84977739164847,5.1267454392876,6.67031177629779,3.1261896826373,-0.200199214808429,-0.243818015784726,220.27027027027,49.1219212528324,72.3033547427024,82.8207581734102,17.7655217899237,FAIL
7.3757743130432,6.6357788574952,8.21949782157611,2.42992009803498,1.21705837024295,1.09140749181898,214.594594594595,42.0227984376172,107.092490170737,57.1909351750712,18.1920771927469,FAIL
6.74360203136549,2.09257871212698,8.17354492530008,4.638156383747,0.34041309027482,0.301877954393355,152.972972972973,42.3632755994237,33.526242204715,99.0325019302457,20.5992260099989,FAIL
7.38190733336328,3.34502375649374,9.22397238005782,4.85018160245416,0.42990589177175,0.375883570914548,164.594594594595,45.1829751303142,40.23175769931,113.372507287952,20.2920994211071,FAIL
9.12455980307604,4.29670220506526,3.0186483995698,5.30407467710776,0.357630317214511,0.28958175555614,164.324324324324,45.7388492153512,41.8681108265543,123.446081040169,20.460814093506,FAIL
6.366955856427,3.49899761436388,1.63797816618339,7.42556874698789,0.0943021750574546,0.0573147665196754,138.378378378378,44.1767439539757,27.9164550917289,164.546686977053,21.893163133656,PASS
7.9358426488905,8.48112660800243,6.67641080904978,5.77517265241859,0.538710712078841,0.442698758881811,181.351351351351,48.2581298924377,53.5162578049664,153.273198898686,20.0779813497863,FAIL
8.01012260952552,2.03946683061104,1.30878915770886,1.82111100949085,0.421772985185599,0.358153636650237,197.027027027027,31.9372346296639,79.2857430004488,35.7855664760048,18.222945158346,FAIL
2.14693207473899,7.45006268152944,7.53315074419736,2.50604563041364,-0.26462240686949,-0.307205278571149,241.621621621622,47.1222043312777,107.472769900341,66.9497838686573,17.3574962611436,FAIL
9.0806913098892,12.1521224098795,7.62788272460959,2.47082395686163,2.22542540779454,1.93020225128047,212.162162162162,33.8758481301749,143.047644964917,55.6936432579709,18.3258897778998,FAIL
6.98668454477344,10.4956720740829,7.91178906124178,9.88671116415633,0.241151449920333,0.169819718642104,152.972972972973,44.8140659092799,36.8803928042134,251.159616208421,22.5817029421015,FAIL
9.59693316922194,3.72469675279041,7.20421477503637,9.83002983623876,0.284557516487619,0.245362844708996,117.297297297297,38.8434073549259,23.4183987970717,179.141362710372,25.3632744186907,FAIL
2.6147646264364,6.04340020211036,8.03990311385375,7.05826636277282,-0.101814749538902,-0.152453724232347,164.594594594595,48.1272290909638,37.3165883142713,186.707405741454,20.4640114031722,FAIL
8.61367785759481,11.3681612117021,3.97117427904962,6.7437737931751,0.438562351709553,0.325648091237621,178.918918918919,47.9675393292231,53.5998437740207,177.812292068808,20.4887275144347,FAIL
1.7413026935413,9.57712135895722,8.50728409514284,9.40033498333178,-0.294275122102321,-0.352727420301501,158.378378378378,45.713480908696,36.0862508250105,180.095822178082,21.4194034098027,FAIL
9.37022518051373,4.65489705380819,2.05265948587365,3.74789293057464,0.385868400998922,0.291041087203225,185.405405405405,45.7710373443295,59.9221081558325,87.0649368947166,19.3157071629091,FAIL
7.88890086524357,7.01784166573158,7.28274428427163,3.99051195888588,0.766798205194704,0.661274564308648,196.486486486486,47.8147451678602,68.7297712015215,102.438339643382,19.1080178403063,FAIL
1.60327301454204,11.6816445274668,2.39864536628848,7.61295607247101,-0.395047862670519,-0.454196377411309,184.054054054054,37.5142539780617,47.2174777050217,68.3326253295653,19.7187964122749,FAIL
5.81933338633901,11.9916641352764,4.50135534071773,9.11423052764955,0.0997087972996227,0.0275021204390903,165.675675675676,46.9576712542941,41.7301985060743,244.072950787049,21.5047123215158,FAIL
1.87079095009625,4.79291447849467,3.39153750040736,4.18624907992414,-0.160208372679097,-0.202934718584963,198.378378378378,49.3643965010815,53.1228998026416,105.628461623447,18.3944231051366,FAIL
2.94611850450476,7.31160444919154,6.75576385535119,10.2196415211078,-0.108725914294964,-0.156472621641286,141.621621621622,44.2982619269676,29.8767975475914,242.17156079182,22.7299718711934,FAIL
2.40228837412749,11.6501337334737,9.45820889132413,10.4772179477297,-0.257734074831666,-0.319583908247823,157.027027027027,46.031675101293,36.2429416148931,266.707277728804,22.0637891528857,FAIL
5.40042486073884,6.94079073363354,8.95387065079602,7.74677427097632,0.154795349512972,0.09636386827499,158.918918918919,46.6082772287031,37.1916434175237,201.092746866222,21.3204204566047,PASS
2.10690655298955,9.43789915902716,8.37730414888573,7.5952649495746,-0.258760336553774,-0.32004113725104,175.675675675676,49.2674929516009,43.0661397590847,204.093025463807,20.2094543838738,FAIL
3.2547766425708,10.8560383855194,3.76625463178998,9.24059489403869,-0.161748540076968,-0.220145943149525,164.864864864865,47.5560165868031,38.9052927200077,243.092247651715,21.223550588797,FAIL
9.94834533919505,6.0412668413163,9.74004216580723,9.4085129214435,0.397855000223364,0.336144300955345,134.864864864865,41.7092297720083,30.2011388412182,202.842497818614,23.8249921577613,FAIL
4.83152064782271,11.6391707874139,1.51334400067152,7.9872941775568,-0.130852069208051,-0.194821296185892,177.297297297297,48.9649183589868,45.7563241834197,218.56214355944,20.4574618511177,FAIL
4.39110452127563,2.81986590250334,3.61675542145813,7.84461414524589,0.075305230981236,0.0444454875455046,127.567567567568,42.7746953775678,24.1457089238955,162.720900140454,22.6812409973574,PASS
4.23075512806777,2.68684633558863,2.08570188648366,7.63284890391197,0.0589073918611633,0.0297110716354678,128.108108108108,43.3856417158232,24.0348608480771,162.000221399856,22.3298548339553,FAIL
1.97548123246837,8.84132086014493,5.00712310735424,4.74339455369536,-0.30502411540853,-0.361028929436213,210.810810810811,51.5328850071165,63.689169377295,129.438408578726,18.4019858861725,FAIL
2.40241463973486,6.50938885584771,4.02510715972925,2.72702612487212,-0.179512713015638,-0.220712642693773,235.135135135135,48.1861864709213,92.7470915521867,72.3168248558958,17.5190742777827,FAIL
5.54411099048384,2.03034426856011,8.44740480942446,6.17105817270173,0.193778952533045,0.1626282210772,132.432432432432,41.6996492593601,25.7398102211825,122.719624772892,22.1529951316485,FAIL
2.79538097337877,8.49584655982672,1.12949296191648,5.8387477925033,-0.226573761198017,-0.27568339600124,194.324324324324,50.9686814254083,51.5971015679186,157.5497302017,19.0438853524916,FAIL
4.11125053380075,3.49013439431295,5.80812539499389,3.41844247019937,0.197885693177305,0.154193224068524,198.108108108108,47.1797167838422,55.7189895265859,87.5706952697487,18.5307517477623,FAIL
1.21201214839333,4.27418956973844,8.72942602847732,3.88346635417953,-0.240595429802942,-0.28631833508875,194.864864864865,50.2171265972243,53.889340795182,109.113290764348,18.2668317956444,FAIL
7.38445231060869,9.56472078250723,3.83312786106855,8.06459481834096,0.226039794689678,0.149522913593591,164.324324324324,46.8640442109612,41.9195835285615,208.611402641904,21.3009464724435,FAIL
5.0060318480292,10.2426781937903,7.14711495931935,5.94142626454317,0.200387209405502,0.124377796366162,193.243243243243,50.153798861865,56.4116809609067,172.482410539681,19.5514130754587,FAIL
3.24705214752969,12.0057321350244,4.96153736632791,5.19499353699572,-0.130560234384177,-0.19759659619177,213.243243243243,51.73560308196,68.2997418486333,154.292761275047,18.6935451907457,FAIL
3.81440213546043,5.37561576153082,5.68173921664333,2.48231257108477,0.232714403343743,0.184019691917859,229.459459459459,46.0169735529085,93.0721602786208,63.9864195437019,17.7009460100389,FAIL
2.78633966565593,6.22115895437237,3.68827030969455,6.52474253812467,-0.0999438380652011,-0.148466021644809,172.702702702703,49.1091102101762,40.4007293695425,173.736203606014,19.9115948158038,FAIL
1.81386737324637,6.64229997720256,1.78023838178861,5.66836618362973,-0.224821939535355,-0.271050306524056,187.027027027027,47.1803378856142,46.9436986198611,108.261128224711,19.0030842484569,FAIL
6.09377712343407,5.34587760946063,6.66965089854869,5.1773374418763,0.315423294418053,0.254068306513239,178.648648648649,48.1028682528215,47.0354161646952,134.862224626453,19.7749815939299,FAIL
6.83216656998005,8.21919080760612,9.11843663591899,10.2266138881063,0.20250730314647,0.143303499366665,142.162162162162,43.291406796506,32.0582329485173,243.395214048974,23.3123465500016,FAIL
4.87413346559649,12.1219013841431,5.67265533960867,6.66445519393476,0.117128591602982,0.0393758973801525,191.351351351351,50.0385148686191,55.0629627047711,194.055459475548,19.8038616150519,FAIL
7.91239264389911,1.84693827072371,1.48786951969158,5.28400831336321,0.196555759888175,0.164219845848668,139.459459459459,41.7928148280647,28.0503011699982,106.572330202469,21.2041972270857,FAIL
3.71003565478566,3.29249139647025,1.25556755933791,3.74929356145084,0.0200963819286736,-0.0153812748179868,191.891891891892,47.772975082653,49.3864742475518,96.7348558404791,18.5636111369219,FAIL
6.71435774753304,2.46074778215457,7.65898273438927,3.7092631227003,0.438571062583925,0.391951797377743,174.054054054054,43.6665126079961,44.2380287525315,84.365809624062,19.5061647709033,FAIL
6.96080260707065,4.85094056366296,3.24479915325119,3.52970805298346,0.418096991171253,0.345793627205276,197.027027027027,47.0096690461414,64.1000612334169,87.1704974467376,18.8122473743068,FAIL
5.81033713206299,6.7956215653713,3.65504792289171,3.42379916549612,0.376607782894172,0.301252743901325,211.621621621622,48.2879217196144,77.3847676599777,89.3113500108689,18.4149488829288,FAIL
4.54625652473526,10.0210362754274,5.71803713759727,6.98606794103561,0.0588161349517242,-0.00886253701656681,181.891891891892,49.427658122799,48.1293638566667,198.862272197074,20.1115430352405,FAIL
4.94102194950502,9.09118510508509,4.96680244576434,8.62295641516346,0.0451792278354315,-0.0150933547394068,161.351351351351,46.9821197026151,38.2957676265203,227.849695779593,21.3828512082023,FAIL
2.89039483486943,10.3833677032961,4.3304703800113,6.32291745752758,-0.183777357442345,-0.245293290135728,194.324324324324,50.9511028464822,53.09325687888,181.507751367503,19.3485176840596,FAIL
2.64033431971896,9.92713717633357,7.46092622893406,9.11615230221659,-0.19469261233628,-0.253899297820581,162.432432432432,47.3684015068479,37.7719408973349,241.124424578623,21.2916784293554,FAIL
4.58625896169471,8.13859796784721,5.14480166069784,4.17341413922467,0.200862049496126,0.134050374763462,210.810810810811,50.3352011426697,69.7657187942088,117.539349935459,18.569050219664,FAIL
3.01783311457449,10.3613921362969,1.9349199428759,2.35257623682243,-0.345197411916997,-0.385173719238339,247.837837837838,43.0995755244679,134.831237703672,58.7675714330252,17.3110144160611,FAIL
6.70707738219078,9.85489056867587,9.54637960536905,9.56821761595008,0.237993075817801,0.168394781693743,153.513513513514,45.026167090371,36.8082486980956,245.026176915444,22.4374121502066,FAIL
6.21016611396566,8.35271195450705,3.15470527279222,5.65507781326093,0.200928558860578,0.12652890219811,187.297297297297,49.3482564505062,53.6381005994552,153.390739295402,19.6367052063045,FAIL
3.92540046392072,10.4168863223977,4.13471790034828,4.07509675982822,0.0396088973531974,-0.0266614116812383,221.891891891892,50.8626605419158,80.2004149879639,116.730286381009,18.2794586788723,FAIL
6.32643526028036,3.83251572450538,8.28997711868235,2.0668774902782,0.889281706784197,0.815994930078258,214.324324324324,39.9097904736313,95.1743750028522,46.7356870504224,17.9993891569258,FAIL
1.98672272202662,2.97030381519706,7.00161522931441,2.53929578474246,-0.0578335374592914,-0.0928781795775768,215.675675675676,45.0145138772849,67.6071615366023,63.8964470429392,17.6881857256627,FAIL
1.66502821959543,2.78114770692717,5.36981107655156,3.27553049278882,-0.086578480237795,-0.122299843408319,194.594594594595,45.4853802882617,51.3956823913204,79.7405655240145,18.1662248773592,FAIL
7.18903298328554,11.451244053671,3.97791090968267,9.44389612805005,0.180912049855436,0.104852712195629,159.459459459459,45.8622848186311,39.8142238978698,242.065442800685,22.0089039758047,FAIL
8.86876237595828,2.46856754907592,5.34555939396071,1.5972042110714,1.28332224050091,1.18334628779098,196.216216216216,28.2859937368979,99.4664269176574,29.9986744220167,18.2264079295201,FAIL
5.24479076081506,6.70798442983832,1.12074873227796,2.55052482843421,-0.0330483530528363,-0.099202471608422,225.675675675676,45.0997620603907,101.549627219989,63.0875549163717,17.827724179477,FAIL
9.78990544250712,8.10795878353581,1.6451643117774,8.55248975710309,0.100942521223799,0.022970392620815,151.891891891892,45.0437028215762,37.0716538061981,202.574187591173,22.1019040291006,FAIL
6.28241885264884,4.92022643770831,2.25713971434898,7.64428824602795,0.0969514659932368,0.0511745397789597,147.837837837838,45.3838269220018,31.9265620348693,180.74517721556,21.5806987700171,PASS
3.35397743107394,9.26320591637207,9.50678010042972,3.41353988260942,0.0696118280812903,0.00756543149674682,230.27027027027,50.247035085958,89.4633234038977,99.1711657812979,17.9477856148141,FAIL
7.94411994293394,7.20010917715663,3.8982862017011,9.09570088478424,0.206975474035775,0.146465505626428,145.675675675676,44.2475663378902,33.1955414950876,213.682814526359,22.5717352136845,FAIL
6.34180526452269,2.63129612251386,7.92158732265074,3.71634914028425,0.415690380161763,0.36872453013051,177.027027027027,44.3603517827716,45.5239332307202,86.3799398138737,19.3916614133636,FAIL
5.00268647765953,4.95982518006398,1.03663783728821,2.02588100802652,0.00335293982705842,-0.0508113636161657,227.567567567568,40.7184014726076,109.261897759865,47.145716195954,17.6104782391742,FAIL
1.51937359115981,2.54730244946603,4.29640474573689,1.50980797086104,-0.173461884793135,-0.196623227189183,228.378378378378,30.5315218142763,103.206552538895,31.2841090086561,16.9922007851261,FAIL
7.70632772639249,6.09707404367573,3.04096013229585,7.47435245960529,0.201370173086471,0.141052504354396,154.594594594595,45.8356483579617,36.2386740499658,180.64703144267,21.4507484200991,FAIL
7.63059251872077,3.58080993825504,2.13632670619192,10.4335520723254,0.116307823837942,0.0849647994967521,114.054054054054,39.4106165095815,21.5515689782302,192.135149568972,25.1717300251953,FAIL
2.56149681377533,3.73950431707303,5.76055000967368,2.13136715846902,0.0127095549511338,-0.0216676512313422,231.351351351351,43.4682075019344,89.6977900687739,53.0799546132711,17.4236107719522,FAIL
3.8393750573892,6.83987279757085,4.36524720219648,6.62073294987804,-0.00629703663223591,-0.0594783065227833,173.783783783784,48.9447927803373,41.9335382290671,179.865405884368,20.0890457286634,FAIL
4.43317816596741,5.74649983967805,1.33912239989905,9.23680403227852,-0.0382441287420522,-0.0781303371064658,141.081081081081,45.0489433373563,28.930862211684,218.916435134081,22.1531245085148,FAIL
1.75869888644761,8.06769331708339,1.89187715633172,4.69117843241458,-0.325689329679971,-0.37398468566504,208.648648648649,49.204970560314,61.3493598875602,98.2225555765865,18.3023463113767,FAIL
9.48163557312324,10.1269834695948,4.03373276256638,1.55749976688536,2.37056205829741,1.96312589220107,203.513513513514,-1.22943589245148,205.444012817601,28.6652607126457,18.0233299032532,FAIL
2.87854783981188,3.38142501091954,7.92768001398859,2.34288818056311,0.102531813672307,0.0650416367870215,223.243243243243,44.4838287638804,78.1164413033604,59.1754084344807,17.6587694585955,FAIL
4.44179582436158,11.8736272929343,8.44263804346315,6.24853655656503,0.116327887507509,0.0387122251193117,196.216216216216,50.5110845517113,57.7455772389765,187.056182874024,19.5471229878726,FAIL
6.76291396784612,2.57159412031177,7.25946875097487,4.10749100009964,0.39856409074904,0.352537120676583,168.648648648649,44.1260244231075,41.1505377001012,93.5607920369119,19.8049622848185,FAIL
4.60054755401767,1.88139527898145,3.10737994420398,8.11293929412311,0.0986153889899539,0.0755326914906976,111.081081081081,39.8480972773123,19.6750462591484,145.430194496735,24.1423810920769,FAIL
7.50184029062797,8.95620736826242,4.05288934653532,5.97670914778551,0.364364234618595,0.274215891417024,182.162162162162,48.5807780827697,53.0711215256402,159.00190959289,20.0257508178127,FAIL
3.22940638159995,7.78178821277196,2.98174703244324,6.51642478109612,-0.106319179959846,-0.159444571513096,181.081081081081,49.8686198467478,45.0276412401219,179.327473997856,19.7228619344289,FAIL
3.34722916171311,1.8410881521335,1.72232967783908,9.02202498008126,0.0578186897434653,0.0376100083800105,NaN,-393.021122046075,17.7485524496562,1.52289370747325,24.8274158116673,FAIL
4.4093055747422,6.74057627016131,8.93684486818884,10.2886688316981,0.0175695215996551,-0.0297751217142993,137.027027027027,43.1450213756847,28.8758239881303,239.36400011691,23.3433023812559,FAIL
8.27174769331354,7.17374591057581,8.58508446353687,7.20480964350608,0.436443327936348,0.359518954245784,160.810810810811,46.1709122604014,40.679669207373,181.238509636423,21.3464682206291,FAIL
5.95440859181208,6.87114603480294,4.76659245788911,10.4723958374158,0.0882375489926187,0.0405664107096542,135.675675675676,42.7871304416594,28.7541761237346,236.780949477716,23.5253964576758,PASS
8.03266706196597,9.19669147640579,3.75735212065085,4.05024899713944,0.631269981338571,0.503839466092141,201.621621621622,47.9564937795459,77.2556108955257,103.717648654198,18.9785953039823,FAIL
6.17700362072589,2.9143050944117,7.79864817175915,1.6067596118182,0.980338173701565,0.915371852387438,213.513513513514,32.262063060996,106.118816249066,33.402163391623,17.7837672319769,FAIL
1.19670263917783,5.20888498768315,8.73888176549858,5.22738983464115,-0.258292118789208,-0.308672084010204,180,50.6471963062113,45.1177781242799,152.172517736499,19.0367405975146,FAIL
7.61085350406441,3.84011596763369,7.10450974279994,9.7402003701557,0.205799560416796,0.168623159627498,120,39.8685407624452,23.7258169889619,186.277084732146,24.7916806245081,FAIL
8.23595812450705,8.15112264387208,6.02827325394148,4.85556619199144,0.655137116509972,0.546865624864282,189.459459459459,48.2984903958402,61.6121099416075,126.758936209978,19.5734178537043,FAIL
7.77314321780816,5.39955662288826,1.70089272094635,4.85031701397264,0.180877659507226,0.109811655482112,180,47.7425396955801,50.2871896743362,121.065121096287,19.6412468940565,FAIL
7.61733296509596,10.7567094795922,3.63417329809061,7.452286521934,0.272683483691045,0.18339249186617,173.243243243243,47.7578389080212,47.5391778929824,197.365855268551,20.8005662180901,FAIL
9.63217273264765,7.8794185280877,1.06438483046579,4.27155593414821,-5.671178263289e-05,-0.134241576216617,190.810810810811,47.3589018807919,68.437255155824,104.455846355219,19.3346077379309,FAIL
4.7309180090915,5.29042174014148,9.72712013527787,9.11947265131442,0.070879864539596,0.0261472295114584,137.297297297297,43.447867226971,28.5914428495398,209.307502921477,22.9083323318489,FAIL
3.846269418806,5.46181267937124,2.72822100075566,6.86293438456852,-0.0119331109173157,-0.0572313605710876,162.702702702703,47.8495221174806,36.4638020638783,176.973793472583,20.4399094179755,FAIL
5.31081557875272,3.34680908876986,1.40975031232051,4.99554006280578,0.0847723276609418,0.0452594672449532,167.837837837838,46.920754481416,38.5193376640422,122.913404357035,19.7225810080133,PASS
1.19440159999037,8.9485990001374,6.51242452355153,6.00202406326103,-0.416561310287625,-0.476997431013724,189.72972972973,49.7680712385278,51.4859177396521,132.273958960959,19.0234599473408,FAIL
6.22647891263645,8.98675716718119,1.24293107771367,3.45029567452759,-0.00975402480060006,-0.101409594429009,215.945945945946,48.1061655749037,88.1051843010639,89.3232610384516,18.3309394454675,FAIL
2.22875312842954,8.79679164407531,4.76389493743289,2.54001509672568,-0.335987810856773,-0.376867008127065,244.594594594595,46.633811149233,115.116376864681,66.4494723395654,17.325855530544,FAIL
7.24323330738032,8.3920941733006,8.00488935002848,9.65077293875388,0.244558544010414,0.180802161988334,146.756756756757,44.1033587672378,33.9677186177264,234.524221372555,22.827522487335,FAIL
6.92047527694147,5.70623874435817,4.42500592320478,3.46473217802081,0.540201938948896,0.457839987830386,201.891891891892,47.3274706788492,70.6309615444774,87.0699459865176,18.7090532924179,FAIL
4.30873582525286,5.39916101378902,4.43604622812895,8.24871225868127,0.0283831760056218,-0.0161374807819102,146.756756756757,45.4662788942062,31.1206496876005,199.455113194214,21.7578266991156,FAIL
4.47306817417271,3.02418654317729,1.77283081274186,7.95537380547939,0.0504296670121219,0.0199750875210943,129.189189189189,43.602763941773,24.4888637442528,171.407852683397,22.3728880293944,FAIL
5.69920876320579,9.68592048685058,5.86439314574261,7.19882919531706,0.188388147967255,0.115976501185261,175.945945945946,48.5347867715203,46.3443176116874,199.090784307194,20.4855673742619,FAIL
8.05899277284201,2.7767304891211,6.36425160922477,7.51676815133518,0.267839089107584,0.230971244746809,127.297297297297,41.1466123366813,25.3207210252136,146.260015509916,23.2569571006861,FAIL
6.36957057854838,6.46943241064891,5.26002436011027,2.86397723239789,0.678207955166722,0.588895054480138,214.864864864865,45.9704434779151,89.8464363732206,71.4471312499095,18.2451243937941,FAIL
4.9237721612793,4.50800098862692,8.16730195204645,2.70172754552336,0.464826509420273,0.407663436955862,215.945945945946,45.9769982586314,79.1660828575622,68.4181956241691,18.0904589887746,FAIL
3.25718224908986,4.15588524321279,8.31429225453009,2.71119893244714,0.139333905568514,0.095718214826897,220.540540540541,46.925477480811,75.2684173531225,71.1288112923494,17.8631055965153,FAIL
8.89717167097674,4.782347488473,6.62851837428527,8.83603289370646,0.298787530733186,0.248346259232425,132.972972972973,41.9580508932235,28.4044446618802,186.528405321195,23.4810924471053,FAIL
4.53286828166008,9.09556158227519,6.98164861519939,6.94430075760912,0.0781849676613647,0.0125839869781283,178.918918918919,49.1395588918666,46.2393460444197,196.423675984564,20.2079875541925,FAIL
4.96929335105983,12.1907719933901,6.78120572865277,1.52295594275838,1.37233895031222,1.2586463546806,236.216216216216,5.54808831696842,225.857132639173,32.7750341575076,17.301480426506,FAIL
1.73760684963582,3.72405939900216,9.21169266350735,7.89935865597773,-0.0989017833494042,-0.137462157370265,118.108108108108,44.5253173612867,27.1059599626496,187.534760452257,21.9466796754544,FAIL
4.14125285768366,4.21362113716125,8.10604523208499,4.44042823803088,0.158040638391276,0.109549586257352,185.675675675676,48.4019590275777,47.929461642672,117.369388035714,19.1633531706357,PASS
7.59113223682899,8.47391892795159,5.7353044631623,3.93249003679259,0.744672647627565,0.629317910778303,202.702702702703,48.0904253233487,76.2437713058462,102.28522787155,18.9117566701969,FAIL
5.1821140836122,12.3608849425229,9.87196361693976,7.57556753060944,0.182978645088872,0.102065655382436,181.351351351351,48.9219856175319,49.7408894225288,221.201226757932,20.4776469593436,FAIL
9.27584847200748,12.0737789756785,8.82165494826183,1.86023131442784,3.20499086241598,2.81102309292702,210,12.6080182457927,188.240686259218,37.9259013777888,18.1046381558206,FAIL
8.10241657052991,12.129972484894,2.97733189270483,2.58794283582918,0.998812304535563,0.774469743994785,216.756756756757,37.3465285867066,135.962237347912,58.7818205953422,18.1952623420805,FAIL
2.43593945918973,5.46347386619457,7.30989510960955,9.51799561629431,-0.101701074533661,-0.144173596445842,136.486486486486,43.9501380349296,27.6953748133951,213.62684269045,22.6729901276296,FAIL
8.72605008558899,4.80513000645441,7.28169071235083,8.88307186041766,0.297590052805994,0.247483980537493,132.702702702703,41.9238763570551,28.3444595114426,187.874827478091,23.5195897729965,FAIL
6.50899649903341,4.71394677870324,7.28271810139824,7.57701401439299,0.21778239548359,0.168792119291892,145.945945945946,44.5102046203656,31.7977518484203,176.457496728826,21.952122201874,FAIL
3.24146274438936,4.49913544075046,8.33744875783156,4.93279428567613,0.0314689264909711,-0.0159726364965309,181.891891891892,48.8990773291575,44.7613701617016,132.790455257596,19.3168300678464,FAIL
4.26862994074214,3.7715301215979,3.72952558488413,7.77109266616762,0.0519807758904538,0.0151278533965272,138.648648648649,44.4414157600746,27.7292521391867,175.960218810292,21.9480066156466,FAIL
4.61664169699189,7.85233699745407,8.06254379010404,10.4817197203421,0.0191496948085985,-0.031953110943045,140.810810810811,43.6023101509724,30.4835362014114,251.043789156752,23.1776296949645,FAIL
2.91248944411353,10.3005890244574,7.21501212351337,9.17935269293538,-0.169847204535372,-0.229968553735551,163.243243243243,47.3660764167001,38.2426196428456,246.103655833273,21.3269865903915,FAIL
9.92631201181823,8.47738167746852,9.6529575490354,5.32070455156848,0.90675279877705,0.774498297554237,180.540540540541,47.3224642863766,58.1961866274388,136.056914532419,20.1621936276249,FAIL
7.7119487221737,12.2424756550559,2.4187119458287,2.66337886775058,0.696768040890331,0.496405739424432,218.918918918919,38.9403915804638,132.586745416934,61.4636162962033,18.1580431786555,FAIL
8.01053661773433,9.33328963895214,2.97582848614547,3.520096426378,0.607523245095554,0.467168594693424,207.297297297297,46.6998236622905,88.844891516201,87.4463759282302,18.6814883762052,FAIL
6.1358427009791,1.73407444537341,5.41455723668823,3.58546820012616,0.34163706182561,0.306219992990887,165.945945945946,41.0623214279076,38.5184396909613,76.9559577309681,19.6080117583114,FAIL
1.9181956447966,11.4240383803058,6.15708788584916,2.50476237275752,-0.589065872970594,-0.629553379330788,248.918918918919,44.7011558023642,132.585635487394,64.0778399758092,17.209907289374,FAIL
6.99803093818941,3.90963568721098,9.99918162436904,6.95302523214877,0.282664985519041,0.234784641980121,144.864864864865,43.9124475945315,31.5228995939201,157.071959593483,21.9046244632042,FAIL
5.75782071963534,11.3708690779417,2.30803369510588,6.32887272723906,0.0505273534416262,-0.0282966250973856,190.810810810811,49.8611116892316,56.0144910170737,176.26405380763,19.7029850261961,FAIL
5.97587215129533,4.86619357622894,3.83613650946463,8.37001079502242,0.118848430879552,0.0749103405351281,140.540540540541,44.1484161380563,29.4834898393485,191.252301315698,22.3096421884234,PASS
3.05021908180856,5.89177050745696,9.36207737669859,6.3550582668174,-0.0430562077007118,-0.095258040605587,171.891891891892,48.7329127199001,40.526738099725,173.223883380109,20.0700625077172,FAIL
2.10672653008886,7.35877040488486,9.03328436909197,5.18952036250725,-0.211922190576949,-0.268923133915014,197.297297297297,51.0719725171648,53.7881088060847,147.904046415386,18.8753020953951,FAIL
4.26767505380058,2.86625008084483,9.09609584351558,2.24062763236294,0.391830377911185,0.349715713707622,215.405405405405,41.9418493888943,75.7106755560864,53.529484029799,17.8982970624495,FAIL
8.06994936736848,10.8716890548493,5.86087823839606,5.12872270848673,0.700185486150489,0.574114749753342,194.324324324324,48.7609684714289,67.281147692947,137.929524030792,19.5245202672133,FAIL
5.48710944721174,5.56738923605699,9.72209711686099,3.86635217007359,0.426165311616661,0.359959904102015,200.540540540541,48.6789242363314,62.6815405343831,103.525445995394,18.8062727769505,FAIL
5.64924179878066,6.36546800144795,2.46105157720964,6.23057618220206,0.0927944523739307,0.036398461161374,172.972972972973,48.418584844863,43.0103405638782,163.500996243642,20.1114794080466,FAIL
2.9539781673004,8.35599745054119,7.7592321632023,2.86871814080278,-0.0261159563531372,-0.0783022733748125,237.297297297297,48.7186025783055,100.220290834718,80.0101940488104,17.6344107407579,FAIL
1.37074658056672,3.45827306417256,1.46216709962697,3.0500548328812,-0.168910963325059,-0.201241241515094,201.351351351351,47.4850850836458,60.7698908595663,80.0343314311266,17.7094510274674,FAIL
6.07071775840948,8.78995597028623,3.05456208148497,10.207736121804,0.0489693846794983,-0.00629288108793802,146.216216216216,44.4646966823217,32.7834522409536,246.155732101821,22.7119128581139,FAIL
2.44633264490465,8.10565873348172,1.44197895224939,4.91167288627073,-0.249994074075084,-0.297928638193638,206.216216216216,51.269268355979,59.073900054918,131.157837820043,18.5154391719277,FAIL
5.53168326996575,1.51714831947181,1.10439789355737,2.20217381188147,0.219773301735638,0.188928119839328,194.054054054054,35.3925991448423,56.5342836648021,47.0240170687455,18.2125647367205,FAIL
3.90631907807673,3.53256147702858,4.04218176301836,4.13428166068498,0.110335778798163,0.0688300891343675,185.945945945946,47.8014198058807,46.8777081137326,106.212189891875,18.9546298754502,PASS
8.13756797761654,11.9873739218139,4.31709850733386,9.32129983361984,0.278463595775402,0.191799775293878,160.27027027027,45.7204228180424,41.3068703640282,237.740843977397,22.0468049966452,FAIL
3.00161247822693,2.11676274974849,6.82337641248685,1.95080785263033,0.181138135121843,0.150756202630922,218.108108108108,37.9767779140683,74.1166068947121,45.2297724221992,17.6059732463975,FAIL
6.87179813322523,8.44328080820486,6.8389141258872,6.45602752052076,0.365429552708928,0.285904073250219,176.486486486486,48.2601927594396,48.0907571868978,174.133750811592,20.3523666010473,FAIL
2.80758349835246,10.1088436617853,1.72619080872062,3.0864520616692,-0.347181378568932,-0.392115860957955,239.459459459459,48.9829101500681,102.332072312561,81.9072696712693,17.5919225378375,FAIL
6.14508229298702,4.31224162320531,3.63920009905133,4.06529641537178,0.304670261265412,0.247810198570837,188.108108108108,47.5296065728763,52.8865792918263,102.255593379671,19.1092867048793,FAIL
4.11804739425859,3.69847677650275,3.83200876391993,3.37105506133116,0.161969490658735,0.118854461153179,201.351351351351,47.4317287813317,57.9899996784219,86.5671297592728,18.4198963898849,FAIL
4.435846590286,8.00433532224325,6.68095422646687,3.47741911637742,0.286780035826951,0.219613034594656,220.810810810811,49.5618107262426,82.190918880429,96.8341759577497,18.193181244418,FAIL
2.73819643647133,10.6330011526264,7.88448391397617,4.2079915028573,-0.170618303938,-0.233250232932498,224.324324324324,51.7405785680064,78.2660189900577,125.818009080263,18.1849666670873,FAIL
1.8117591907451,2.30874859483188,6.93934976958108,5.62243450511317,-0.0335199331889915,-0.0664722704710114,116.756756756757,44.8650412296159,29.0080459403568,114.899067104243,20.5390943170856,FAIL
8.08039748365938,9.50920223838385,3.21050990540742,9.31367077656574,0.186461317145206,0.114317488572206,152.972972972973,45.1057908078915,37.0169139181363,228.11368233305,22.282826185831,FAIL
4.2764399083238,7.65298979824943,3.416521337564,4.01397082159567,0.0910370420680111,0.0310495590213675,212.702702702703,50.3288170417102,70.0739365101195,111.656411253162,18.4290306645998,FAIL
4.92167654829031,10.7731291943528,7.06747538377412,2.23002219621168,0.822334216165715,0.729262134888166,237.297297297297,38.678873670551,146.216171711162,55.407086191129,17.5929834925331,FAIL
9.94280092079352,9.93762446789912,3.80528092098818,3.81289398981616,0.920950871979372,0.725222478622676,197.837837837838,45.9263199098672,85.6398517930759,91.8908883826672,19.1271766289158,FAIL
9.39839277890833,7.74750615680215,1.75965558146426,9.765417707921,0.0956848899391646,0.0311848230875942,141.891891891892,43.5133060241353,32.3962644906274,221.84337737553,23.0293545062087,FAIL
7.00021663774083,6.50139731001217,5.57290824054414,8.73133818544772,0.203626767567103,0.147871084253092,145.945945945946,44.4892320620489,32.720535206924,207.43621852385,22.38040204318,FAIL
7.45483214259387,8.34687077597154,8.87526343301087,7.23154780909918,0.400270158123346,0.320957286600777,167.027027027027,47.0637191002873,43.4073482474567,190.262079620806,21.0444470432818,FAIL
3.66927420846075,3.29916752534743,4.33189686517433,4.98590790444676,0.072952042672024,0.0337329178271503,169.189189189189,47.1486349025537,38.2465638103188,124.74577635127,19.649031808129,FAIL
6.09805824222072,8.22832979204248,7.10557949515506,5.03979969237596,0.403950025031381,0.323315745762636,194.054054054054,49.5223424424905,59.2922180078417,139.685129782685,19.3456100315949,FAIL
9.1893460465851,7.78337832121414,6.23115331079552,10.4176086469675,0.304458177779288,0.241019556895968,137.027027027027,42.0932099154362,31.0030192699583,231.902160474128,23.8917571165963,FAIL
9.84456002214776,7.57502086636784,7.87096970437155,3.79557999047313,1.13854310890389,0.982057549616803,193.243243243243,46.2938598237069,75.3972717645902,92.6016878236666,19.2732919472856,FAIL
5.4302499433512,2.11835165422913,2.26325320116091,9.08340894204233,0.102450641780921,0.079577377629327,107.567567567568,38.9988448737669,18.9580484158183,158.156443366231,24.9550881158714,FAIL
8.732135374295,12.2659354714943,4.13744867302475,4.8187464305367,0.733801053067211,0.575321889714294,197.567567567568,48.1710566150794,75.761830607106,125.678808210053,19.3704881533641,FAIL
3.80637176804334,12.3800706587685,2.43570496756186,10.380827889772,-0.16549789977802,-0.223739157747757,160,46.4558546036379,37.5235776890306,263.919962921171,21.8484942143663,FAIL
2.09226619187258,3.76842069272471,6.91126646415217,3.98917379135821,-0.0788833598269059,-0.121003028401411,192.972972972973,48.7759738825012,49.6546077009274,105.372686157399,18.5608481831538,FAIL
3.91639352658232,5.8111115657178,6.1061156730385,2.50870850450769,0.264836392168618,0.213164655648343,230.27027027027,46.1686004930371,95.7752692084429,65.0641642564754,17.710063874513,FAIL
2.1580716083635,2.21236616625449,2.60328603939143,3.18732279692225,-0.00329256083293233,-0.0334746352437536,190,44.9784772503117,47.2348632061612,79.4846474971044,18.2638607698041,FAIL
6.62820464327019,1.7123905594863,5.27488581742459,5.95810132944844,0.23229301820997,0.203624242613601,128.648648648649,40.7401132150803,24.5700164855347,112.246103971892,22.3098173577783,FAIL
3.93833802118528,5.99234114410314,2.45689891046548,1.7273090439471,0.138783901769812,0.0946134696495342,238.648648648649,35.8692834444614,139.591438210314,39.4606642102905,17.2955071713786,FAIL
7.4453542639268,7.11100523640696,3.4003375938318,5.22482838621803,0.340266690135042,0.2583083229111,184.054054054054,48.458516097244,53.65684957625,135.74764003364,19.7031460101967,FAIL
2.51045028213117,4.09288628026685,7.82444677332373,9.04009889053461,-0.0553435758951654,-0.0925101587862718,129.72972972973,43.1116019332715,25.3939059365783,195.660518181799,22.9534447468162,FAIL
5.29791723580451,4.56854372417569,7.82087299815122,8.10351059423587,0.126208182260823,0.0822677819074808,140.810810810811,44.0329761842966,29.5001567416225,186.284991160309,22.2992082687663,PASS
1.58926294575249,12.2880793154888,1.35712091447726,8.50121216126569,-0.386780870474862,-0.442962487140279,165.135135135135,-2630.15948071535,43.8149490858311,22.4797348979991,20.127716210186,FAIL
9.75927391656515,5.96640396361735,3.79699160177217,6.9360447425822,0.367983469989633,0.291771371248613,155.675675675676,45.3554491331153,38.6441260848772,162.948587914165,21.4659578541731,FAIL
2.21276821319253,3.4046940817837,5.0926255837651,4.42518559383732,-0.0503732911939078,-0.0898222390339072,181.081081081081,48.1783507536383,42.9914958291173,114.189992942462,18.9505653204713,FAIL
5.29133355891066,1.90242619123431,1.22729289636091,2.29599805974879,0.202412118683992,0.168695899868592,199.459459459459,38.5474467403449,60.5954299434768,50.9501318994656,18.1379054501774,FAIL
7.62339608565219,10.2325991875885,2.79191230986704,9.75895905737721,0.123798633975318,0.0539264934032829,152.972972972973,45.0529605628321,36.7358672374035,239.972352785383,22.3910158103123,PASS
9.07845314339078,7.82041187654684,7.12828293673807,9.0132195205333,0.376563419619313,0.304003414994163,147.297297297297,43.9848531548826,35.0327389902566,213.364959200268,22.7274458389094,FAIL
7.79356036871649,7.76002510854226,4.59960219969818,1.8835998124196,1.45978764974806,1.27561505407114,215.675675675676,30.2904073722859,148.359788480777,39.7431622405354,17.9398470294457,FAIL
1.44573893508393,4.73633649630333,7.61874083093828,4.24662435125418,-0.218374648243697,-0.26534835315661,193.513513513514,37.0756876653733,52.1534993051036,64.0155245743858,18.4622327864983,FAIL
4.18528173280853,7.53743958398486,2.72555627778546,6.79510781890187,-0.0257586521430071,-0.079868052481648,175.135135135135,49.0887593473687,42.8903321126912,184.394194466577,20.0890709436468,FAIL
1.38514573136754,10.2083335416484,4.28987219129289,3.70687605302976,-0.573021568966892,-0.625236583140362,224.864864864865,43.8542888148557,85.843109600656,56.3284484507806,17.6825271865637,FAIL
6.04410676014969,8.26672885381975,3.721383381265,5.75310982334925,0.21549132475401,0.142719590811027,186.216216216216,49.318697537336,52.5319282115153,156.789319394622,19.6965650249238,FAIL
6.29104355713924,10.9797927435635,2.53031190885457,5.85665257618413,0.143873070983335,0.0575031334596509,193.243243243243,49.7652432530082,59.2594058397086,161.517685748152,19.5565184018004,FAIL
5.77641775596955,10.589035531066,9.18608005960185,1.51325589181217,1.93224676676337,1.78209840774793,229.189189189189,8.60555640415376,212.718296047511,32.177889959128,17.4441658243412,FAIL
2.92878776552161,4.25994526472996,6.80912404383094,10.1078969320334,-0.034841516314464,-0.0699246095478696,122.972972972973,41.6192111836788,23.6792667826787,208.658401197125,23.9732142034514,FAIL
8.28809330656198,8.13185216694452,3.97929790722831,5.20037203314829,0.481700702565666,0.379751214217022,185.675675675676,48.2860058968839,57.7150963536357,134.561824722459,19.7483300749201,FAIL
6.26489587311539,5.2892447161779,4.58492346178848,1.52209267692303,1.1059705645933,1.00407556705826,220,27.1796434117034,150.156247778183,31.2932769643609,17.6054658269878,FAIL
7.07766893432127,11.5715326747517,9.93481961052173,3.6059161808343,1.11988730925947,0.977314066895479,214.324324324324,47.2970659691999,96.271511243221,96.9340468696249,18.5655628993352,FAIL
8.8654392240924,9.1158065249417,1.81189687471551,1.9183716650928,0.657837985093309,0.393387684166072,210.540540540541,25.5277413607265,158.45913650038,38.5048070165183,18.0707903405132,FAIL
8.84699635009207,11.8920822873606,9.65983163008271,2.6371145040079,2.15176212572995,1.88921770889636,212.702702702703,37.5505807623574,132.766020149184,61.7965452541814,18.3757941354509,FAIL
7.63372448635595,12.1313840255965,4.30098197207812,6.0807730471164,0.452806763651698,0.340209016335197,189.459459459459,48.9673022128244,60.5099438400452,165.750742482818,19.8944946567185,FAIL
3.83898941565976,2.80179519450048,8.35951779258437,8.20978272462522,0.0596131598751196,0.0282205699675462,123.783783783784,41.6347642718723,23.3472431178529,164.339890206111,23.3760068757984,FAIL
6.36800598999977,7.73118949768711,3.34769356943536,2.07964282814838,0.781655600887855,0.665582793039305,224.324324324324,37.2755542904357,133.586534160895,47.1121525388408,17.7962593416759,FAIL
4.93156863018551,7.4775734041999,6.83972881812459,5.39134403687321,0.198511092843064,0.133113425557864,190,49.761835609144,52.9621119762978,151.281251087089,19.4373104827215,FAIL
4.75107270665434,1.96910207081387,2.43830585922537,8.54955309239781,0.0933031387277455,0.0706523386980795,108.918918918919,39.6271863619718,19.2188237571262,152.561689765258,24.4424300337966,FAIL
2.33062400626519,11.4006563992921,6.32290858585533,9.47889762078423,-0.266023609542938,-0.327399765116025,164.864864864865,47.4347966202172,38.9021419446849,240.69926955649,21.2620439101646,FAIL
1.48280338222909,6.52930959121497,2.00878205325052,9.60655210167089,-0.185783346845209,-0.228126501312955,140.540540540541,46.4616296025995,29.4071093557697,261.976170437555,21.7893698578693,FAIL
9.57718949049365,10.3397501376519,3.9869974167002,3.94109509744414,0.905083805288064,0.719280842376497,198.918918918919,46.4565467446216,84.5027114124945,96.7723686844351,19.1221731879357,FAIL
1.46114615065385,11.1821033358039,9.86799296015522,4.77923972201775,-0.524883354473014,-0.590500839529603,214.864864864865,50.5773529434919,70.8158245248818,108.781747382426,18.2610999958458,FAIL
6.81697690176797,1.7176512540126,3.0729050333317,7.98644668348122,0.167370135853778,0.144531098540393,109.189189189189,38.4962116728904,19.315399096841,132.505345243765,24.6974291759431,FAIL
9.31955190077402,7.64225921710015,8.54892920790465,9.84857847006989,0.370891576974288,0.303371741466156,140,42.5752439999151,32.2719792855966,223.887730840121,23.5639836644652,FAIL
3.2643546277656,1.76663986310902,7.4988417240951,1.92763058586004,0.238274015568482,0.208723331654131,212.162162162162,35.7480453619014,68.7478404581601,43.444096996835,17.7210677709471,FAIL
5.98900806546552,2.0254702573179,9.08880758814358,6.20721614436655,0.218161633680937,0.186580944094589,131.621621621622,41.3862606157109,25.6496881456939,121.863676448573,22.3102388144979,FAIL
7.50696169318959,2.93070401542924,3.35566418988716,3.78726417497492,0.392145121102709,0.338604948722335,177.027027027027,44.6295021762823,47.1772122894568,86.8965368693946,19.4185127118559,FAIL
8.12785601726952,11.2370962847596,5.25814138866557,6.89290808520179,0.468924166606589,0.363751999976001,178.108108108108,48.0248184632726,52.2091231789447,184.861363820957,20.5454588854294,FAIL
4.92158210864625,6.62655736440774,2.42419599932465,4.15074119799911,0.105612305307724,0.0463181032657241,204.054054054054,49.7753376074278,63.44528037668,112.414658335268,18.6566715250303,FAIL
6.35498118527889,10.296133507656,9.3902853516278,6.80002568273238,0.3642673016783,0.279376027729471,180.27027027027,48.6783919418921,50.4148627801371,191.462962038276,20.3486824075462,FAIL
8.90465780973444,4.58769491146734,4.90626781902888,5.7908163490178,0.418490189692892,0.351398151095841,160.810810810811,45.6267862901463,39.9654363079407,135.968849309967,20.8126004032101,FAIL
5.56773905650475,7.14104450031141,9.98108562029921,9.33099554193748,0.126826036152431,0.0722802006837627,145.405405405405,44.3525801983865,32.2650960396678,227.781584135412,22.6272785277398,PASS
2.16987232839419,3.89068772515955,5.25451935126649,2.60197869787004,-0.0837069482865874,-0.120508514910366,223.243243243243,46.5668486667122,75.3537365333985,66.9990925632175,17.6141973296228,FAIL
2.8301393984851,6.59929395686325,7.76589712501103,7.75171648197004,-0.0963507110943971,-0.147782064956394,160.27027027027,47.4948646100054,35.8893434250032,203.173008462717,20.9074702161096,FAIL
1.90557154397482,5.59643354202991,4.92420847824422,3.7275454028873,-0.201494742737965,-0.24718905743354,212.162162162162,50.113761264035,63.8789056665422,98.9055895646262,18.0601620227093,FAIL
6.43176216781964,11.3334948016022,5.71254398880752,9.68055438667437,0.168532223717822,0.0969491697095221,158.108108108108,45.719392312741,38.7511151240672,251.500863668564,22.1348810147772,FAIL
8.58684296163271,4.26599715530068,9.43916027620967,3.71882707539313,0.77212424449658,0.687097467448394,185.135135135135,45.7254378989588,57.915264007309,88.6135821864011,19.3842794380045,FAIL
5.74159944343965,2.28180076254969,3.07222931612616,5.68064769723501,0.172094408684529,0.139199779971918,143.243243243243,43.3179140595243,28.9124789565025,121.957088728918,21.0746720183325,FAIL
8.91739667703428,12.0692207953273,4.59163920266707,9.61291815376723,0.336688322386105,0.245251017998287,157.027027027027,45.0489314534997,40.5031195510336,240.131663760505,22.3913551683788,FAIL
1.49467934395082,4.82300171619046,8.70668200763519,9.22312781316561,-0.152825255834543,-0.194117910884602,131.891891891892,44.4049260643066,26.7933858136609,224.720468975219,22.5718111139897,FAIL
6.25833971275649,4.02438953627472,6.05269179029282,10.1764184099829,0.131556220463378,0.0964803382479684,119.459459459459,40.0806150528936,23.2492172464043,197.328903540111,24.7958353671102,FAIL
6.36756295159183,11.7954507953407,6.11056002717695,3.13323004543192,0.926330502047962,0.795791082459795,222.702702702703,45.6379797928106,110.743424306421,81.5859653183506,18.1960906670044,FAIL
7.07475420383912,6.66180225260637,2.0587388280544,9.70022130338199,0.0676022086677481,0.0179033909820688,139.72972972973,43.7589992297077,30.1358471896144,222.357483584545,22.8670705675082,FAIL
8.09668584643399,7.36697166365992,7.69474128126506,9.7954342311912,0.279349920777883,0.218697991416489,140.540540540541,42.9928509253665,31.7046590533391,225.670551671786,23.3387039537587,FAIL
6.99115780732542,6.82969663343285,2.34766996073866,3.66034098462231,0.324452223010668,0.235692284122457,203.783783783784,47.9574665275884,73.1266541761302,92.8975362524107,18.7010183567792,FAIL
9.76801809559503,11.3369380042661,7.43953341954967,3.17953967910557,1.73638039970555,1.48256872012732,204.864864864865,42.5328375571609,108.675451130531,75.7141102353242,18.7744751097527,FAIL
3.28860393045321,6.96982590539429,6.97858887303234,7.45425502971907,-0.0561941581986829,-0.109521797216199,165.135135135135,48.0467806890347,38.128593987587,200.107406601492,20.6614272908051,FAIL
9.37090878415127,9.96897743015068,3.55079055735672,1.87887967947114,1.73964168403337,1.40984588215622,208.108108108108,20.2622792835083,169.489615568887,37.167368286633,18.1345043275047,FAIL
8.77211529207608,11.7731002923263,1.67298203273205,4.04952777735773,0.221077928893396,0.0487836613302866,203.513513513514,47.0553334928569,87.3570308763625,100.699326720195,18.9489794271573,FAIL
1.50981045011146,3.68734324518055,5.2775973770756,6.23378052260066,-0.118344442588082,-0.158276117041252,150,47.8360581855506,32.7944953429145,165.334831029389,20.2052173650878,FAIL
2.91419053290577,3.38017947032005,7.64257317946263,6.40176434909951,0.00296459288623446,-0.0358561866545666,150.27027027027,45.6868122553599,31.0583464325362,153.227598508466,20.8491541935747,FAIL
1.34598882941859,2.86452175111094,1.71343036992975,9.37562324004293,-0.039188078316345,-0.0659618415022949,113.783783783784,42.1174017673086,20.6738902635947,177.685281213868,23.381090177638,FAIL
8.61581368786219,6.88914733587706,8.77991113789454,6.02227934428601,0.565959019083312,0.47810291297108,170.810810810811,47.0638183661698,46.8391748474212,153.353656396833,20.5895552313087,FAIL
6.01988399130885,6.93150768705522,8.68127667889319,3.44670412447674,0.627350270034785,0.543618610287107,210.27027027027,48.2442564519539,77.8411712304195,91.5834218473578,18.5127610802599,FAIL
3.89578624237899,8.75390741089938,4.79853226721714,6.35559160237185,-0.0123247456788808,-0.0732496760652576,185.945945945946,50.0277992362775,48.9326509226374,180.614442262128,19.6960745239001,FAIL
6.99551075827938,7.02559663935252,7.55738259718927,9.18955237170552,0.220985284103262,0.163340953785953,144.594594594595,44.0579667705159,32.5557193504323,218.868511013025,22.7107913987071,FAIL
9.1483893453562,1.43463491885863,5.16853067282499,6.32895055553512,0.307959912171178,0.281192647344829,117.027027027027,38.1374983328604,21.8264108389342,104.20653986339,23.7114893623046,FAIL
3.10170217101965,4.49578320449664,2.52416223495312,2.90540844580394,-0.0101306263940101,-0.0491809002034687,220.27027027027,47.8350048548618,72.9971064301991,75.9752569890711,17.835795873172,FAIL
4.79848846661751,4.01756650514644,8.84662998962645,4.12729504768061,0.260581205584942,0.209900674456965,187.837837837838,47.8256018456156,50.2648647006786,107.11463583511,19.0971767627685,FAIL
2.10019155335909,10.4612272083611,2.35946543148135,3.93032722834682,-0.412334056256572,-0.462340764395299,228.918918918919,51.0184804506605,82.3918429742491,102.189073574143,17.8696231717992,FAIL
4.90237851985329,11.9821789170356,8.16830579859456,6.96033330248885,0.151603384635128,0.0727706823304766,187.297297297297,49.6645930381759,52.7346497874968,204.448984476379,20.0441931817566,PASS
6.3351720178643,8.42844792125352,8.28020266341056,9.7600294445573,0.173234232792326,0.113025598744938,147.027027027027,44.3144340733417,33.6067061003999,240.150838089223,22.755098409572,FAIL
9.08313097356318,3.32316391447661,2.44947358324069,1.80175548657629,0.852834749272695,0.732896958349338,199.72972972973,32.813237008622,102.403447270541,35.1038917701692,18.2617028085721,FAIL
4.04583275008375,9.56647101272515,1.31854284026609,4.63531480129525,-0.168201968723313,-0.226446198718079,211.891891891892,51.1739410519198,68.0584459505458,130.72871236813,18.5456875430025,FAIL
7.97101339506133,6.761880468945,1.85032952323978,2.414408884325,0.458653019361991,0.320164699977284,211.891891891892,40.9246720070649,108.852801142092,54.06511317346,18.209815449121,FAIL
7.37993253901766,2.4654386574092,7.0926710585209,3.02095561910796,0.600297886949802,0.545761474245222,184.594594594595,42.2476478444783,53.7049426515735,67.355318803404,19.0324710222241,FAIL
8.17392000842291,3.69167185378624,6.86140118640298,5.07737437512018,0.451513565776652,0.392082179850094,163.513513513514,45.3106564659465,40.520069377031,118.244887880329,20.4393847038747,FAIL
5.30987824069411,7.36323790629139,6.93825318975687,3.25166545686364,0.500172379119861,0.423816064881637,217.837837837838,48.3240631474642,84.4359723466341,87.1062717325453,18.2503027855456,FAIL
3.79601326117281,3.68883801167248,1.41959371725253,8.69744301614399,0.00239548513902943,-0.0292905151651279,129.72972972973,44.0467578581343,24.7807419987185,194.322480453487,22.4488648783609,FAIL
8.40638063054588,9.57275401169677,5.41308042610735,6.63205774484448,0.480981155170025,0.381386239245933,175.405405405405,47.7364703454671,50.1172958225454,174.298234544616,20.5734503226156,FAIL
4.31562641593831,10.5888287084292,9.09754380742659,7.45241010923315,0.0475857689811801,-0.0224001587064601,178.918918918919,49.0683121530358,46.7011975562919,215.647944704443,20.3926552960451,FAIL
8.01049434020602,1.43096675680018,8.83017648072255,2.11658246661708,0.820591361433455,0.771932131552391,184.054054054054,31.7965277229873,57.996116039659,41.3396569799889,18.7720126422739,FAIL
6.15958209594026,7.91205779521917,8.38413114676905,7.0216298674646,0.268131283552372,0.198749818213707,169.72972972973,47.7377773735164,43.1933502514533,188.707179356127,20.7248965019198,FAIL
5.84049041727599,7.29496671213715,9.75947106527418,2.68031678148608,0.849234437268732,0.757415320553937,221.891891891892,45.3722897242272,101.419700747273,68.4771263881259,18.0578383115155,FAIL
6.12726129828471,6.12285590572588,1.64314339156848,4.12160878008232,0.115881960341178,0.0496909064056561,198.108108108108,48.9248936018974,61.7283697297633,107.710426508937,18.846090945816,FAIL
9.26672891433455,2.52294285455554,6.59298809751939,5.66189328522572,0.413497491773608,0.367843571692943,142.432432432432,41.8522933186897,30.9550730677375,115.581891146108,21.7045999946317,FAIL
9.69534499908692,12.2935771524295,8.4801714640425,5.98469810945477,0.952118340863846,0.795637843739399,184.324324324324,47.7921635922369,62.4288351737909,159.345078418796,20.2417875379744,FAIL
8.63884156792928,11.0766094893536,5.54326302291657,6.2686097946158,0.595304725368845,0.476068330929529,182.162162162162,48.1641343913982,56.6077133923081,167.027240478199,20.2655795412014,FAIL
2.47945429173897,8.56614115152441,2.81140871767035,9.9942014621136,-0.18347018248747,-0.232126248272674,150,45.6561577770593,32.4646306965759,223.80101603889,21.9080680267841,FAIL
9.93466058345731,11.3740089970827,5.59244873787833,4.57847712583963,1.04752335005668,0.858640671864038,193.783783783784,47.1818883343323,77.0309141076025,115.890987567207,19.4953397110679,FAIL
8.52155762556637,2.31469186966934,1.84547260420979,7.09567660367924,0.184562408176004,0.151996674770345,125.945945945946,41.4686069036602,24.2627513732647,136.255524916137,22.8268881567502,FAIL
2.2425744374522,12.2362180697912,1.7174080322364,6.67144561866973,-0.364744773919812,-0.422809445783966,197.297297297297,50.7420502767512,54.4337630654665,162.616588797469,19.2132831723057,FAIL
6.82612525617487,6.73053423174729,8.68782170117327,4.97859176945128,0.490713155947119,0.411437595562025,186.486486486486,48.5786236227724,54.6383643366514,132.889037271276,19.5988707897857,FAIL
1.57374486118553,3.45378668346783,4.42846094447533,8.23747075037435,-0.0841181144986286,-0.118460527579946,128.108108108108,44.4970641973756,25.1486791068446,184.724421801133,22.1510742652301,FAIL
2.89677248272304,6.29101582981214,2.78209695480205,4.10863245536359,-0.0998611997219381,-0.146922221319273,209.189189189189,50.6775688832915,61.9144161858676,113.79443268015,18.3370532126027,FAIL
8.88128399237334,7.89970823311325,2.91952836141329,5.85754972788199,0.352219403872179,0.254787264514689,176.486486486486,47.7035872090892,51.1266537162432,148.256770383746,20.2389430585803,FAIL
7.36829467427534,4.40289092577633,7.82792742060375,6.36179654279839,0.334118908583624,0.27893955797624,155.135135135135,45.3633857534754,35.9463946442153,150.709273688883,21.1740763575546,FAIL
2.09896373893002,2.84161733518207,5.46067435397925,1.71972046002219,-0.0408721824557217,-0.0682926402249011,231.891891891892,37.5226867703878,96.25971677119,39.8853185008185,17.1914083373994,FAIL
3.00627129472219,5.32029588462492,2.47146338797916,8.32829970845971,-0.0678747120243363,-0.10868888048812,146.756756756757,46.0169505392543,30.3811876337594,200.041109613985,21.4515448224534,FAIL
8.46930910781035,2.56328065706621,4.10871032930488,1.57842447430705,1.13123646171043,1.03557819721545,198.648648648649,28.3105335384588,102.29058903866,29.8380807361206,18.1298823261095,FAIL
6.60723266344183,3.76296575128995,2.17275590908231,9.28279515059586,0.0986663962029312,0.0642645165111732,124.324324324324,41.7970368719293,24.0672839686759,188.445554553,23.6457779137259,PASS
2.70010003959062,2.56808054700664,5.43641597248504,8.07383981506603,0.00875893520426752,-0.0203862720065232,118.108108108108,42.2845507140259,22.5696287863097,167.053091750032,23.0500898492853,FAIL
8.83101754096714,5.42395946386479,6.17629550382712,3.75132158125369,0.7806805314825,0.677523982596312,190.27027027027,46.4259209506731,64.5058313286722,90.7248219293933,19.2451935538071,FAIL
8.91815561878898,1.87934229650438,6.38585085918428,3.69388890698524,0.548778682794509,0.501370703727563,161.351351351351,40.3265572567131,39.4166478829,75.6376625631992,20.1091318347537,FAIL
8.72019661586605,9.94431192559238,4.44806168370432,6.5522464625424,0.468242615165897,0.361943182230955,176.486486486486,47.7676502486386,51.6284313105516,170.965215994797,20.5142547675318,FAIL
1.79091121259491,7.88849713677578,4.42308713830357,2.00085692167469,-0.520372151333303,-0.549879640955886,246.756756756757,40.2224521972472,137.223981614249,46.7037940249741,17.0360930155386,FAIL
4.69526789441016,6.99255998956609,1.99663258916201,2.93499428014754,0.0892327637136452,0.0291372555147156,224.594594594595,47.6195515390426,90.3779421895001,76.1045352198777,17.9380565550908,FAIL
8.55044568744773,10.0558782513034,4.5313985526132,8.88359659000193,0.311082809301429,0.228331661982733,157.297297297297,45.4971469673619,39.6994597670386,221.928572122213,22.0495138563071,FAIL
8.32204026981384,9.4283037397854,5.87297949784383,1.73881487249003,2.19108820957738,1.92454673860818,213.243243243243,18.5875239241285,177.122374989875,35.2261491070188,17.9346189985472,FAIL
4.82955579964274,10.0336654133085,5.55757706048655,7.03839252632297,0.0891108047698997,0.0202115191568562,180.810810810811,49.2446372169219,47.8930147557143,199.08158436813,20.1884918899973,FAIL
5.17474294440694,8.1084478800615,7.19114882985484,3.7298107547217,0.419574174481928,0.343062333883234,214.324324324324,49.4926753775821,77.6644705215534,103.279146586015,18.4481495215661,FAIL
5.79598548210661,6.26169349092578,6.44209228128659,10.3023215870123,0.101711608566945,0.0556304959225907,133.513513513514,42.4515878844162,27.9843468624708,229.825032865175,23.6636058970241,PASS
2.83874175153898,9.16013882517571,4.71227000019239,8.19320369848456,-0.162624569466515,-0.219192253856489,168.648648648649,48.4074008718837,39.7881568981039,218.884835635198,20.6816539367498,FAIL
7.02519362356963,3.37355863473932,5.3486167551423,9.22329008006294,0.174930755093757,0.140704383544837,120.27027027027,40.3449072320336,23.2779647656758,176.401918517625,24.3582262274035,FAIL
5.22012036077642,5.99225928979704,7.00890265966576,6.99245846545336,0.147346487212578,0.0926950499769267,162.162162162162,47.1326565279368,37.8640795812082,180.688070617651,20.8543268485022,PASS
9.95257746901911,5.45773014493273,8.7042070923732,8.66788164959956,0.404885449991611,0.34351401265319,137.297297297297,42.2917691682665,30.8260515158921,187.862060531194,23.3196410458715,FAIL
2.67131278824088,5.34251135631882,1.90075220538835,9.94697798699797,-0.0830386434935458,-0.119874559403651,131.621621621622,43.9028889340131,26.208039853157,214.386019405214,22.6766091492433,FAIL
1.64136190029574,5.39854929120705,8.30890502237692,2.21257742077338,-0.324736577436757,-0.362035772733933,236.486486486486,44.6270486218933,103.214093587988,54.6392297854748,17.2214637273291,FAIL
3.56736940110383,9.22535197692244,6.44490451817395,10.3864597637551,-0.0907854361509943,-0.144676636041235,148.378378378378,45.0095100923086,32.8640566788791,259.638363377833,22.5147255337543,FAIL
7.56544375729628,9.29042051052997,7.01552333913949,6.8660319011214,0.4294492119606,0.341504219112822,173.783783783784,47.8028228594618,47.7823281620777,183.756706876476,20.6529954487958,FAIL
3.00558796035733,3.40162726887524,1.41999313422091,7.07989332794389,-0.0144236779196673,-0.0471899405265219,142.162162162162,46.0190593451733,28.272985342012,170.928450403448,20.998207077642,FAIL
5.41972578484521,8.08595902531222,9.04375432544203,9.34479931863783,0.111818596922187,0.053884375315459,150,45.0415539482166,34.0734315356251,235.488134410112,22.3517917980134,PASS
9.32407857181791,5.81547733864634,1.882773973002,7.89268066275815,0.15484831365218,0.0922528240992467,147.297297297297,44.6525725133474,33.9522230699977,181.291608120261,22.012648600494,PASS
9.3994949597728,3.35172793200829,6.28648244980419,10.0775302366878,0.255733366438137,0.221078930614226,112.702702702703,37.9802149821031,21.8961410879301,174.957082995561,25.8968416210972,FAIL
6.73122916864689,11.070641522753,1.21177725311441,2.25143661387911,-0.0267114264577188,-0.183280034756441,225.405405405405,35.1185678157474,147.818371021371,50.766109371395,17.8351045224947,FAIL
7.66157081162015,10.4281574426526,3.50416510239123,2.98802518172435,0.845947524591967,0.684676468594752,215.135135135135,43.9006476576241,109.6302687849,72.3976463394957,18.3440007192379,FAIL
1.9353606362929,12.1404103302549,1.34913172661542,9.44425386182609,-0.333686551843828,-0.388195177766354,168.378378378378,42.611377223553,39.8441324199464,109.451800209118,20.7923158052587,FAIL
9.61809858153212,5.26855490857892,3.41865695535921,10.1186083691172,0.218503021762722,0.169977053018658,126.486486486486,40.877977528175,26.5180982628139,204.265129961154,24.3616662485021,FAIL
8.95186824975208,6.03980704017197,6.79747518981529,2.0856254149905,1.60600544405559,1.42722858151428,207.027027027027,36.1576281197797,119.324672156032,44.3352444666216,18.2802541952823,FAIL
4.78217978527224,6.27756247204967,2.10998835095873,5.06692415827178,0.0424464310413348,-0.0116075497546364,189.459459459459,49.7079222550665,51.3167782499208,137.351576074431,19.1994462966754,FAIL
6.17498820152892,7.61621752793595,3.73020929197064,3.65856856946957,0.415682668741533,0.331104388843966,209.459459459459,48.5954837512286,76.9541638921169,96.1514548010259,18.5532279517305,FAIL
4.87851569327093,7.29569413110342,6.25483748724266,7.1355228352296,0.103435268394108,0.0447504643731232,168.108108108108,47.9889335371751,40.7177871183081,191.657003593468,20.6264976421789,PASS
7.43745692232618,6.88543680638593,3.49183763474262,4.76981550138279,0.383894058213296,0.2993841241111,188.378378378378,48.4650287517858,57.4563005553666,123.394279422693,19.4455019342984,FAIL
3.75649532207787,7.0322005566767,2.79772137605838,2.27806283996112,0.0660117549707244,0.018078278596831,238.108108108108,43.98627753681,115.292930272215,57.0169231464009,17.48709543226,FAIL
8.08303298715919,6.83675141862333,6.03097661957407,5.04318957258805,0.555643940933488,0.464662255707101,182.972972972973,47.9675868201815,54.6272433262244,129.835297144937,19.7902619123354,FAIL
9.86611791720828,9.14553744952864,3.44559412171471,1.53796796577869,2.07803665573222,1.67252232664354,200.27027027027,1.36404574694484,198.045393239842,27.8036955736781,18.0836881995689,FAIL
6.9194231638503,6.68034584584284,9.0047401841912,2.29477587086522,1.22231048590821,1.10384341430017,218.108108108108,41.0973868550837,113.346889199076,54.0514535589264,18.0539812694811,FAIL
9.55917969712568,2.38369448167349,6.08721978094441,4.26337299789503,0.544690072224602,0.490081522210767,158.648648648649,42.1856228456022,38.7962138971287,89.568856319558,20.4600614460274,FAIL
1.99182111899272,1.4751392022504,1.77987396531352,8.22345371088178,0.0401763108940855,0.021343374634555,98.3783783783784,38.1432322139148,17.2560056451752,110.31772720365,24.3348246974249,FAIL
1.44735124029674,3.44488713318252,4.01745443403998,2.8544621079446,-0.175785347230475,-0.211480470937251,210.540540540541,32.936042238983,64.7607694732537,48.5059427308407,17.6835616867053,FAIL
1.34620863457373,4.73538698534806,1.98529129150949,9.83426690859723,-0.120958158218837,-0.156290459216513,127.837837837838,44.5373143933116,24.9148774683792,233.416339920424,22.6005074996361,FAIL
8.09485379593286,2.39464987047151,8.83365078485308,6.23468530387224,0.335267611524218,0.296580886155444,135.135135135135,41.4407461975698,27.7684349169973,124.166635605793,22.3132089014508,FAIL
4.46523974355709,6.8402005634642,3.17220873118602,6.69987718007985,0.0227078461740703,-0.0306450540687876,171.891891891892,48.6650650215773,41.5514668814675,179.408304236127,20.1980638749619,FAIL
8.65935884422119,2.63463643301339,8.27645769830856,8.05983103128591,0.287464411200287,0.252659143385858,120.27027027027,39.6065720268136,23.4942163830211,146.768524274774,24.2619265678107,FAIL
2.41415335841077,8.60976624581165,1.51572736506917,4.27645353529712,-0.293001228498965,-0.340334453938773,218.108108108108,51.3205516488568,69.2254217921663,114.484257755058,18.1459433204456,FAIL
4.18782875166891,1.73301350839978,4.55699491806523,2.82943455880038,0.234207858702558,0.202859983949215,186.486486486486,40.6910336413962,47.4848809932866,64.1574454107089,18.5686461967509,FAIL
2.44451153658512,11.3683575531197,7.73073617547636,6.11644215999465,-0.261559055168403,-0.328339998227854,200.540540540541,51.4539919609777,57.1325242905373,181.228662122069,19.1486879523236,FAIL
9.55319522734396,9.35710095973156,2.47880117474949,3.16785158985576,0.688010980407766,0.485702181151189,203.513513513514,43.7302983420739,99.0096897814644,73.2002362045512,18.7419990969987,FAIL
2.82509128302103,1.85410787600639,9.40371040998317,2.34611376076531,0.139753597558873,0.108425434393995,203.783783783784,40.0334154233424,58.2801017049988,55.1844321578634,17.97529021498,FAIL
9.66145514501505,1.41121166093937,6.45579279015616,10.183109739578,0.235949439844971,0.219453154851414,87.2972972972973,30.8676622220302,15.2354279475592,117.295840825725,30.4053621756405,FAIL
7.20641208168873,11.7464710182223,5.47122508984708,6.93359882330004,0.391069951431772,0.294024566418054,181.351351351351,48.5432026689277,52.8554391582412,190.86094945279,20.3826925373504,FAIL
7.7555225051548,6.79133323004489,1.26256675060768,2.08653949472938,0.204431929822935,0.0586830765644759,214.864864864865,36.6208622512189,125.541892979726,44.9933674113179,18.0114094246197,FAIL
8.99288155968507,5.3579907030491,4.34757109768895,2.62294858326684,0.985010301666278,0.850568773574574,201.891891891892,42.3692806759944,90.1042619731185,58.5690228595164,18.5840532253298,FAIL
7.82425654799835,3.16875032139862,4.11269405510895,3.81647686863291,0.458324086403486,0.399284026500295,177.837837837838,44.8974147388434,48.7265478901622,88.0472144865541,19.4554244787774,FAIL
5.33638779660298,8.48056025654367,5.75246429074436,9.8814062547891,0.0656397998380005,0.0100689601710301,147.837837837838,44.7426588040672,33.151108567672,244.316233164939,22.5569953945266,FAIL
3.37835444089709,8.14858901737119,7.5344672199353,3.36647322576431,0.0652517821417341,0.00737448083604852,227.567567567568,50.1004520338762,85.1170266336851,95.9365929789838,17.9627562900899,FAIL
4.57598594658299,10.4520457794153,6.50723683046185,6.04392895663736,0.117363536262899,0.0446994258255602,194.054054054054,50.364646890111,55.965201270002,176.518835713827,19.5139735636268,FAIL
5.89299324591772,6.81437129310989,8.56381862276752,5.34864803181608,0.338918243336648,0.269155729834052,184.594594594595,48.9368120923729,51.2759883034806,145.806929324197,19.6771637862537,FAIL
6.3218411776094,11.8053206459373,3.90231830842957,2.63181299258329,0.833706544979925,0.695045115085726,226.756756756757,41.1341559217824,130.998500869931,64.170821945232,17.948869131987,FAIL
6.5213978124332,8.37474134318379,4.52291145489898,3.17129176604767,0.654856018721702,0.550815784428,215.675675675676,46.9048988584009,92.5332604136315,81.0711633390574,18.3302716436125,FAIL
2.58156677026542,10.3442686331935,7.99870893689767,6.95523485292691,-0.210994957636463,-0.275448008272599,186.486486486486,50.3373260899511,48.6959256407199,201.55950457884,19.7688421231302,FAIL
3.78897658040266,8.16425946444586,5.06699361695513,6.93439956695905,-0.0260198376583439,-0.0839358438917793,176.486486486486,49.2166308973425,43.7880252258488,192.770003909284,20.1318562141626,FAIL
6.68967953707611,9.63329089901445,1.40354655823728,5.5815791140168,0.00324142077565981,-0.0798162775530105,191.351351351351,49.5974450450901,58.1479960226255,151.081386029495,19.4931117672148,FAIL
9.62782956327375,5.84753403501944,5.39790606561998,5.26759210772725,0.586296814484267,0.492545332228303,172.162162162162,46.6079334511479,48.9994716459117,127.818782438372,20.3098392781684,FAIL
4.96442154630616,11.5726647358959,3.76977796713214,6.51983314117897,0.0680279937524395,-0.00649160002496141,191.351351351351,50.0776334549815,54.8795925090298,186.202508689985,19.7212083242154,FAIL
1.70376530182603,11.8503937270838,2.09853379663469,4.88707614225171,-0.495568868614593,-0.550664830723084,217.567567567568,49.6062751298963,71.1986032762134,96.5278937320115,18.2129608161571,FAIL
9.28869382201597,11.727417712605,7.41891086874697,5.88144954208653,0.846459292035756,0.702151913721598,185.135135135135,48.0215937154763,61.8773056203179,156.674907584552,20.132667443373,FAIL
4.19435342774189,11.5598948722604,6.36755718659622,4.09377020866883,0.180743379619985,0.105192662155429,222.972972972973,50.7042815439155,84.1882842122049,119.399106095773,18.3175982217733,FAIL
6.35539744165491,7.56997382167464,5.50235781512122,5.65423179962298,0.319737526661529,0.245751966912557,183.513513513514,48.9014928787885,51.2908192320858,152.820222660049,19.8063425333023,FAIL
5.61665156505146,6.56572417959542,6.06838463032384,7.45669914838865,0.155492755690453,0.0987849799324615,160,46.8159146059227,37.4068344698729,191.456774815087,21.1244153326627,PASS
5.16896137122547,5.48615604151767,2.52764800497021,9.79407242833308,0.0278507111051246,-0.012491090350656,134.054054054054,43.3918753476693,27.1927573754076,218.923366922793,23.0482064962703,FAIL
2.78606139822043,4.42410067459713,3.15444822147775,8.56292100782614,-0.0498743494354085,-0.0871463537275308,137.567567567568,44.7880150603686,27.3045166843795,195.648941785986,22.0272375446462,FAIL
6.06530901249638,11.8959644515955,4.34470942003479,1.99049235270166,1.15766388525547,1.00611304738749,230.540540540541,28.0688973358245,172.394754314506,44.7836509935202,17.6458115479704,FAIL
6.6284217322594,6.52183160052506,7.71184861545583,9.61085358339693,0.180152754219443,0.127989911365165,139.189189189189,43.209560996037,30.2893676924622,221.682662851249,23.1636465742941,FAIL
8.55821745490583,5.05559041655132,3.68269086631317,3.54049688487933,0.604657994003028,0.508948466895704,192.162162162162,46.1066817947316,65.6728526018437,84.2910838030105,19.0634055583585,FAIL
1.16166031581859,11.2678653082486,7.54971125660529,3.99347554046835,-0.681738092970537,-0.7420709228449,NaN,-211.921784695666,83.9462072551095,8.07226250774308,17.7801222642885,FAIL
7.20451354702471,2.5403635386988,9.53901498099127,4.15016018792212,0.451463247291326,0.403425289917597,166.486486486486,43.719203904515,40.6587392406819,93.3600722165888,19.9808444416112,FAIL
3.71246593353136,6.91874321385153,8.80311198210439,10.2926775233218,-0.0381211218423325,-0.0855203412954604,138.378378378378,43.5335808189352,29.1227619279122,242.454957178958,23.1508432368937,FAIL
2.95840251874997,12.363474529318,7.08987578056722,4.09148927053174,-0.148817425648899,-0.214342931590272,229.72972972973,51.475733707579,86.5763061251797,122.112877155071,18.0922497095566,FAIL
9.34268225019867,1.73308149385782,1.84370465968929,2.98567206817112,0.416110326568201,0.365471179669606,170.810810810811,38.3339328715323,46.0175370782214,59.9759555673753,19.417089903287,FAIL
5.71571489644103,7.52862003575117,9.92356178985466,5.00310723799046,0.382123343181154,0.307098282453156,192.702702702703,49.4911772968839,57.1543169901091,139.653072414526,19.3612992179693,FAIL
3.91571117530105,3.08862842671007,2.39295639199213,4.72278307778504,0.07055362223224,0.0338716378922229,171.081081081081,47.038516268622,38.8668014086289,117.501895095859,19.4473356216844,FAIL
7.40074644244215,3.8649058596515,2.23464002223424,8.21583735532815,0.136824307023261,0.0969679009276014,133.243243243243,43.0477252043547,27.0058679965336,174.95486434949,22.7066570928097,PASS
9.33007973694363,12.3447225488356,6.16650151299806,7.26933599875395,0.630040679935086,0.504494238954222,174.864864864865,47.2745180696205,52.3609400124077,191.809288235949,20.9216145146271,FAIL
6.02566312022038,11.2938052645826,1.18433793969005,4.7246418141794,-0.106206701862117,-0.194600861079045,207.567567567568,50.1171765559018,73.1131343810702,129.55036881597,18.8347761375011,FAIL
2.30797878825193,6.15660669701571,6.75966496756679,1.51592805093239,-0.196149126295278,-0.220733165803299,246.756756756757,31.8955813096205,159.664958608844,34.9160826070434,16.9631759829855,FAIL
5.57104961243175,5.634661346778,5.02085536685556,2.6324634723983,0.542681241524938,0.471675978965941,219.189189189189,45.4324331466321,90.709859305806,65.4327520468298,18.040062957178,FAIL
3.2531266405057,6.88329639914338,3.42060358965373,5.81657920057382,-0.0704305654486125,-0.122136503712724,185.405405405405,50.1139598643839,47.0580064878943,161.093303497183,19.4034093308247,FAIL
2.91713255011937,8.38910214052886,6.77368430630685,10.477543500513,-0.134157723369125,-0.184929100888118,144.594594594595,44.6044720301142,31.1686134955863,252.682247681691,22.6626454391703,FAIL
3.44685788565406,2.00533190844109,3.47062557174423,9.94415282316543,0.0548366962510018,0.0343192127077909,81.8918918918919,36.4538364979017,17.2794484178188,135.807849741803,26.2470948081513,FAIL
5.97161243090449,7.42648154812673,7.7994689911553,6.88590543974295,0.242554670144363,0.17647364093155,169.459459459459,47.7716526396568,42.6007253464235,184.025077761403,20.6559495470739,FAIL
7.38511776471492,3.81761556904899,4.79081454650314,4.0586395758392,0.4486461633691,0.386442941333932,180.810810810811,46.2093005730998,50.2625289809899,97.5722563479965,19.4325424761637,FAIL
9.39039485333153,9.91107864587194,9.79074670720988,2.27887837598211,2.36177522284454,2.07961022010905,209.189189189189,33.2228998947163,140.119271861286,50.1228651396559,18.339575974567,FAIL
6.36366605216634,8.5983198000768,6.38817036169939,3.45569487598381,0.692170630006555,0.591749015365065,213.783783783784,48.0112698838354,86.3499457978928,91.3972695229123,18.4609266512185,FAIL
5.53339654708892,12.2438182888296,1.05027479358292,5.8092241023286,-0.184646541490994,-0.262467471225185,199.72972972973,50.5397319633207,62.6120439721783,163.283760433393,19.2622636419707,FAIL
6.38476737464013,6.738912651821,9.21297097070644,3.55227832220595,0.671417555068619,0.584581959952793,206.756756756757,48.1605587824499,74.7460925242783,93.779480769821,18.6497625289111,FAIL
3.91016276195515,1.97248395821414,6.08745857732171,9.14980554233093,0.0746219613443557,0.0522199071699039,103.783783783784,37.7529280882411,18.4235261242617,152.2625292995,25.6819461906606,FAIL
7.7303021732307,6.7064988613439,5.25219968742615,3.98941695494514,0.635955943988504,0.537823040571542,196.216216216216,47.8506942503869,67.1540287343352,101.612451305876,19.0782845245243,FAIL
6.10961836494752,10.1879445789935,5.61589030858478,10.4594661959377,0.111736934017757,0.0495403089730505,148.918918918919,44.4274118999668,34.5302489288221,259.715763847909,22.8246464942759,PASS
7.10593400296111,6.1224020085199,6.00748553633867,3.68295680027803,0.626023194033902,0.538173786942674,200,47.7128104267118,69.0971323875508,94.0137134368218,18.8566104300691,FAIL
3.95125147197755,10.6099591623946,7.93740935271993,9.93655148843115,-0.0586360586073601,-0.1196208649874,156.756756756757,46.0141157923277,36.4607104468389,263.065243961925,22.0536302921578,FAIL
9.06369682863001,11.4765799508312,8.7006365373489,10.3076732397274,0.4279375898948,0.341758729541963,150,43.7349476688164,37.4552060880402,253.551826501468,23.1528978074334,FAIL
5.25189228877254,11.726564510457,9.95485603435809,3.00668713563062,0.809823701499274,0.706749060663012,230.27027027027,46.1897439896432,114.390183722792,81.8828660846656,17.9827195331557,FAIL
9.2586360980716,5.61583564676474,9.2373561221055,1.81292700948666,2.0299575713289,1.82889972049146,204.594594594595,30.7243624534089,132.146445597123,36.7037090342939,18.2192038775678,FAIL
7.78126093628569,3.32540968208043,2.68992773589661,2.77897200253536,0.504565015287396,0.433666168198934,195.675675675676,43.0183494624617,67.1187188934679,62.5020549879294,18.6501649302978,FAIL
8.12674542218866,2.55672503831829,8.10524044388489,3.44923430575884,0.615325299761982,0.557814652355532,176.216216216216,42.8998274551005,48.4709794319741,76.499343109925,19.4893400886019,FAIL
4.38643127197418,2.68085703582307,1.0460993244374,9.76555716630525,0.0447955485653439,0.0208803034177069,108.108108108108,40.6927106601671,19.5991563980144,190.470275918125,24.3594416665255,FAIL
4.45730226649789,4.17066027496976,5.28372023714226,4.45993483783656,0.163866151189094,0.116412393930771,184.864864864865,48.2538222163792,47.4949215851556,116.280945672464,19.1786809979359,FAIL
3.7608162744311,3.44240286009899,5.37034088888174,5.97837827067522,0.0642195416994926,0.024862835023936,155.945945945946,46.2391587864953,33.2752341659914,145.092232449935,20.4936588502721,FAIL
3.65384548075065,10.3013893578593,7.52213936467112,3.03685817804553,0.164031770344902,0.0998719545299094,236.756756756757,48.4914646252899,105.502864268258,85.2407882185719,17.7645370391212,FAIL
3.78093404238655,8.96961123739958,4.17935729490319,2.72578379599143,0.114754379400235,0.057267411348787,237.297297297297,46.9247532793582,109.337973682932,72.4210866494479,17.6531985885195,FAIL
2.45079293755065,9.11757860162557,9.66793870304875,9.14023757283322,-0.198839210552935,-0.256873508110968,158.918918918919,46.9398248091571,36.2502979117519,238.600979766165,21.4649947308616,FAIL
4.20126653406586,8.04429007991937,8.76887443787649,8.88464941916145,0.00806214904840619,-0.0482662115479475,155.135135135135,46.1915570689107,35.2727833508297,231.740866771993,21.7642899955716,FAIL
8.71053405973542,6.67144525443476,7.23925328527201,3.15775221328742,1.0905077953887,0.954848078107745,201.621621621622,45.346507890049,83.9619277513409,75.9618677314498,18.7833541333869,FAIL
2.44034310340999,12.3442298221988,1.59507568382921,10.4334543695404,-0.286327537763766,-0.340470467876932,160.810810810811,46.2991118277116,37.0240654250322,213.401851021022,21.549273180779,FAIL
2.95901274682892,11.1412020764757,4.03494877455281,4.34808421044871,-0.189366763103566,-0.249685140814454,223.513513513514,51.6439646408515,77.6232333481088,126.013747106661,18.2271796419048,FAIL
3.79416650054058,9.24424144315513,6.97311837668662,7.96174002100919,-0.0390017406423512,-0.100018946982929,169.72972972973,48.2906045763916,41.2058572712084,220.793093792992,20.755575812741,FAIL
1.94176309500802,9.10526922906613,1.72527786804164,9.52075970812677,-0.242069679752625,-0.291006905489968,154.324324324324,39.998892699069,34.6043220343007,111.445649068212,21.2511913005146,FAIL
7.24492145571418,6.20122389269041,6.91291998520412,10.0328482203759,0.19683431473954,0.146845495682644,134.054054054054,42.1979719526634,28.6372605424112,221.229529849027,23.7304617159718,FAIL
7.93948478125011,11.1168828439754,4.08676839416303,4.31398318305583,0.682313464362027,0.542951562555692,203.243243243243,48.26494655264,79.8413540606263,112.828247296207,19.0239996019588,FAIL
5.56919936391918,7.03775355303969,6.23662141051652,4.22507579226473,0.369548531206137,0.297451574753623,201.891891891892,49.4722752606259,64.575208943338,115.437323325398,18.8555310100641,FAIL
3.16647726004921,9.28079113992578,7.92912930061282,8.62116120588869,-0.117336227766836,-0.176490949784187,164.054054054054,47.622990449535,38.4773409261548,234.340775040507,21.1362924603439,FAIL
7.5701056063148,1.93305079086402,3.57686070226358,7.33617476114283,0.208937588154998,0.181445553235755,118.108108108108,39.8642371011514,21.8450026929438,130.344436215272,23.6849488357636,FAIL
5.96777066519261,9.15245897786595,9.54299578417427,5.13307171576502,0.445566717485721,0.359899743597381,196.216216216216,49.7564173894662,61.3868859260787,145.715235668076,19.3392778268856,FAIL
8.87280241226225,2.14069610158236,8.23480531804046,4.5366851466917,0.489996282705645,0.443795577797166,152.162162162162,41.5091597394665,34.8539519616088,93.6292198693416,20.8208517353671,FAIL
7.97889354190253,2.0818419537379,6.17831307826988,6.45689139955744,0.288324894058857,0.254993298752299,128.378378378378,40.7515811059399,25.2354935247895,122.14460347324,22.7350014752873,FAIL
8.19496731330512,5.56278926858212,5.80825459816744,10.0507455415823,0.22608217679602,0.177983893504605,129.459459459459,41.3993654509386,27.2919191493959,211.221518334236,24.1126128839474,FAIL
2.08995103960936,5.37386346707552,2.29739157020478,6.79852718656978,-0.134164613000685,-0.17711207821747,163.243243243243,47.509852004456,36.1766508042257,155.498731613112,20.0665142923903,FAIL
5.91320255120051,5.09608292875012,3.6510675696376,6.631531675367,0.154282833875217,0.103552163412915,159.72972972973,46.7541415164945,36.7445741645411,164.712665207954,20.7706372693942,PASS
8.22152989839443,5.78048039726426,7.19802646381618,9.67845908153666,0.259688260889846,0.207954891365203,133.243243243243,41.9553508082105,28.6763961583404,209.432543265255,23.7558087774409,FAIL
2.02378063710425,2.65804855202507,6.65447358307014,2.60267072366414,-0.0330487768763754,-0.0670656421421106,210.810810810811,44.5516629113438,62.5795603256477,64.9667993403379,17.7915069006159,FAIL
7.26596235870253,2.52079736384294,5.42325548606067,5.19271865850416,0.318174368512781,0.276666302100824,151.081081081081,43.3227536324152,33.0659402895997,112.603290674683,20.8490167706768,FAIL
9.10727843238747,7.07960608013749,7.04827645389825,3.37848801909486,1.09430406483652,0.949902140382757,198.918918918919,45.7754398302602,81.1830449289703,81.7175049958306,18.9425533677284,FAIL
5.78280845600844,7.09805506377265,5.97857283672963,2.75521095757754,0.66542103975769,0.579897724501362,221.081081081081,45.8488686788449,97.3577636071212,69.8677554973589,18.0710630986104,FAIL
8.94437689150189,2.756651548922,2.49272993125336,5.24865104063962,0.296145428398834,0.248126233129967,151.351351351351,43.4710960790849,34.2294869862902,112.762045459783,20.8730772390165,FAIL
5.48631935368801,10.6583136255733,9.5179380452439,8.34453887730749,0.169119915316699,0.0962818619031111,168.378378378378,47.4433566853022,42.671249826467,231.413015440498,21.2060162650305,FAIL
6.07713320778032,7.62759780944992,5.38389618823952,4.89800521498242,0.351174729092391,0.27496424932367,193.783783783784,49.4242463574906,58.6364204041733,133.645630189113,19.2778135213953,FAIL
1.73258909119489,7.95006380599264,6.16035674371212,3.30184765806685,-0.378165919054905,-0.427119793386202,229.189189189189,49.9778558051222,84.977467405495,86.3505414610895,17.6531897958079,FAIL
6.60184139274125,5.06649038687752,4.02707835556251,5.04174158590626,0.293714595920083,0.232622953430175,177.837837837838,47.8043241139227,46.9786989362048,128.119325879179,19.7391335458658,FAIL
6.6472875372108,6.25609580846647,2.78007728213827,3.77727308782142,0.336194434914755,0.257920627228041,201.351351351351,48.2173267680955,67.9366685612987,96.7602955481034,18.7643724489421,FAIL
8.1152036791315,2.39247489931331,1.50720432790584,4.66961358574787,0.21326046867596,0.17090675962218,156.216216216216,43.4935338166987,35.3516267019183,101.711844866529,20.3051160928466,FAIL
1.78384247877318,7.02149096592606,8.40731029307451,3.51095065026683,-0.300477838047858,-0.351449030348503,222.432432432432,50.5856337593959,75.5113070368696,95.9389068647873,17.8449879082852,FAIL
6.38432251594717,2.33911499896037,1.36306965270987,9.99538622593081,0.0955156658267191,0.0730171385313686,104.324324324324,38.3173018709145,18.3441914960686,171.23457179283,25.6222291668666,FAIL
5.0997690755357,11.8927372559349,8.29270472287891,5.71020504369416,0.272371582072657,0.18729867056602,200.27027027027,50.4910741395607,62.9075716754051,169.189528634818,19.341920711083,FAIL
8.4657825270378,3.82116243875488,9.46452574357225,4.1649332627538,0.640930938048471,0.568958002531897,176.216216216216,45.5340392392203,49.4395333118715,98.3475230332687,19.780692547234,FAIL
9.28147626394991,4.78557015468554,7.78709195886018,4.61633429292988,0.674468866326126,0.58804809612382,174.864864864865,46.160703550548,50.2208438243262,110.5201618753,20.0217023000383,FAIL
2.95774612302288,1.42743772005373,9.99717060472565,5.24367504515792,0.0762933394029754,0.0499911158023853,131.891891891892,41.3706494276192,24.9927343182512,104.914740981509,21.4493477723879,PASS
6.8596828057677,9.45512017947447,7.66934884404817,3.97083728703388,0.760520139495356,0.649606476359309,207.567567567568,48.673692566058,79.4923656072192,107.24128889618,18.7853869822139,FAIL
2.3292665345561,4.16252264518946,5.93871399192235,10.0604894744169,-0.0645408559535905,-0.0990274816938366,118.648648648649,41.7291279473004,23.4364644696152,203.711892849405,23.8088259195075,FAIL
4.66404534733589,2.37861775328738,3.49920333076311,4.51828966452899,0.160145271875311,0.125324554810874,163.243243243243,44.8140338000804,35.9439911663821,105.046744170243,19.7673410521716,FAIL
6.07451416463252,8.18651290054628,9.03925774225212,3.05899168745054,0.816242636392435,0.717693341127799,218.648648648649,46.9525586094079,94.6313659135194,80.2960869983802,18.2473597650016,FAIL
8.22792600203156,2.22461972424834,1.3174960487148,7.43561398223686,0.143936700256964,0.114374408539142,121.891891891892,41.289296265474,22.8366969007168,141.196316720344,23.1055673472623,PASS
3.73846630705199,8.54021835357805,4.97160835938709,6.66537028921857,-0.0328854609151826,-0.0922619013068735,181.621621621622,49.6963834059569,46.3189660876307,187.868492559547,19.8961696440984,FAIL
4.0486007807181,4.31306122422465,9.05212617697949,6.97714222337892,0.0666141551148237,0.0222852396112355,151.351351351351,45.8259518863549,32.4613560200688,170.366726477798,21.2019115430021,FAIL
4.7473205559722,11.9695355743681,3.59276015997111,9.53288175356555,-0.0384933731930415,-0.102859121095878,164.054054054054,46.9576620864332,39.9106629714722,253.173431696789,21.558630567986,FAIL
4.42635586924546,11.5612456060828,6.27547904262185,4.65706097357036,0.181205259844927,0.103470063270199,214.864864864865,50.9893725650013,74.6659526024005,136.97648729588,18.6438935811757,FAIL
3.66739560427593,5.13990839835945,6.71461942886441,2.78786288209019,0.189151918090932,0.1405334106001,223.513513513514,47.5764981016018,81.4220221014173,73.8744773614924,17.8707747874947,FAIL
8.0165241080364,4.48911518613627,3.66352969539497,5.05484414711348,0.363410631578305,0.298257748221142,170.810810810811,46.5748774361308,44.4855847017739,121.940096414893,20.080086107856,FAIL
3.8546410494509,3.97368152241188,3.1278129240069,4.89580869410564,0.0581436043254028,0.0161298965244792,177.567567567568,48.253846562127,42.4319846195385,126.710909321799,19.3604160316366,FAIL
1.68542504836581,10.2062290372927,3.04930125890027,3.23467747851262,-0.545296501818587,-0.590633995204467,235.945945945946,48.3694659717528,97.8381237547937,73.9988253091737,17.4938365608466,FAIL
3.34063316911384,2.27106228990285,7.76988186600828,3.4933126612837,0.130036925378303,0.0946018764524707,182.702702702703,44.8280581679816,44.3501023209319,84.7421550490271,18.8411451855744,PASS
6.59487246594993,2.32020321322822,8.10888633789321,1.66930921798544,0.954836495135509,0.8946707231564,207.027027027027,31.8753404781879,91.5902237723905,34.0953191094906,17.9604814184376,FAIL
2.28560714663564,7.56535003815172,2.79917307628713,7.56993891914053,-0.187297039667509,-0.237276562267981,168.378378378378,48.4925205496442,38.755137797822,184.858368056978,20.2808647271023,FAIL
3.25416081795786,5.94039120234194,6.47405326321383,3.56684771958006,0.0427938494779264,-0.00805357114072802,215.405405405405,49.9855201688084,69.0119678473521,99.5758764423861,18.1833997696705,FAIL
5.86418480784222,3.25692320050505,5.13047819636585,3.86028479073422,0.331306736143197,0.282635357779975,182.972972972973,46.1422631592604,48.4867810352635,93.9108658289846,19.1756482006472,FAIL
3.44699849776197,8.01189724979631,7.69465108598721,4.87240382583641,0.00823483183360807,-0.0525246912124862,203.513513513514,51.0079665779027,59.7046416762424,142.574950547023,18.8295328949486,FAIL
9.39880259496217,9.66856981132847,4.04003784760597,8.55102775751705,0.345588347944748,0.256239167029521,157.297297297297,45.4385852570447,40.3836698102237,210.291889767549,21.9866029506182,FAIL
2.89668551899452,9.95484699513055,7.80362158994537,4.40929596835745,-0.120021961669964,-0.182698084567709,218.918918918919,51.7139824777266,72.5964144232741,131.811397925877,18.3487477227708,FAIL
5.84541165882257,6.63745706450934,5.39074548563297,2.41336571474623,0.726578875172194,0.639942258297738,223.243243243243,43.4080936345637,107.042842774524,58.7364990986324,17.9238786594212,FAIL
3.65708065612575,3.0535267553737,5.57668513828947,7.01284905975291,0.0514720984477713,0.0165923244047093,138.918918918919,44.2880277909719,27.4716480839021,156.894080131092,21.6685003968682,FAIL
4.89611380242234,10.5476447271552,3.14904163446637,3.2787740507649,0.225891587941341,0.145960015585749,227.837837837838,48.2163338319799,99.6200699190159,87.8101867698588,18.0315617660223,FAIL
2.08374782517586,10.7237225237226,1.57336681207042,9.25032685648218,-0.284296243967122,-0.336963628188109,165.405405405405,46.0233662169833,38.2976648383916,157.153279621207,20.8634128189437,FAIL
1.51571193273799,12.2079246625159,5.49564687591058,5.48173721707169,-0.512046980329262,-0.576763157051565,209.189189189189,49.5124221956802,65.0166367282788,105.773868104453,18.5487974369564,FAIL
4.92758130682412,4.60770987897749,3.90195305470888,10.3814601547273,0.0477372917473546,0.0121661424568376,123.513513513514,41.3972603805941,24.0688285394455,213.560328617223,24.1553779374208,FAIL
9.96324412335341,2.16977970339818,4.77944779986797,6.4050028036587,0.352516916362241,0.314425645504436,128.918918918919,40.3949222188769,26.0220614978,119.247153422522,22.8233073020797,FAIL
3.72968237691761,4.28375019181009,4.16484092246038,8.36815313546485,0.0104873157957822,-0.0276520795523378,137.837837837838,44.4160913167625,27.5898577728485,191.070721855701,22.1822808037935,FAIL
2.62269240927423,1.4001210807569,5.40677807912553,4.01933701837004,0.0715259097165746,0.0448207667889588,151.081081081081,41.4252849577031,30.9833460515399,89.1180661596973,19.7456784650723,PASS
4.74179509923037,11.1769870068861,1.05255480938108,9.1792361345969,-0.170462418942155,-0.227526602786115,165.405405405405,47.6436180055382,39.6987585202108,241.778120888078,21.1794346570613,FAIL
4.22590543217008,7.18755119414003,8.391761190481,9.99986030874044,0.000920151772947186,-0.0486688506243733,141.621621621622,44.0005365045101,30.3786267536941,240.593998812047,22.8883963530722,FAIL
2.32376207098915,11.9860011057595,8.42051601516932,6.95592371959788,-0.294739180548757,-0.363258710213893,192.162162162162,50.7868139161344,52.1846444333214,202.553204228616,19.5971510263662,FAIL
3.96990134608727,9.67936538908073,8.76225132124385,5.61469547638174,0.0667709733784103,-0.0022761024474155,198.108108108108,50.7839384453282,57.5741518710285,166.790992570105,19.2456596213118,FAIL
5.28095356697582,1.79325178423173,8.73465296861612,5.69821272807629,0.193702433738467,0.163866462998057,134.054054054054,41.419175872852,26.0147476218971,112.73424077159,21.8447688395302,FAIL
5.50778221181881,9.87178132212999,8.73921550236059,2.43037875602849,0.986203986389436,0.881091908572535,231.081081081081,41.8585492151101,129.174320567085,61.4087585111873,17.7982351435781,FAIL
5.77823513083226,12.3523606409909,7.37715316691154,7.93559993094119,0.215110809020693,0.13350018946443,176.756756756757,48.3105345911984,47.8026692777324,224.661834888661,20.767586940621,FAIL
7.11793467704062,8.04068609337683,4.95923627008592,2.80670335413265,0.89473292065827,0.771355109028565,215.675675675676,44.5330615638757,102.252179628103,68.5707844475454,18.2606924561039,FAIL
4.1874740298411,3.72318058821379,2.85609608244752,7.78397421350762,0.0395059338362551,0.00374733390858473,138.378378378378,44.5876582326219,27.4657614993911,176.601936753923,21.8848784330982,FAIL
2.62159142718385,6.59383675896675,8.50801611053324,9.19490397800075,-0.118760115457803,-0.167234052637712,146.216216216216,45.3033883082501,31.0765334036868,223.66168335653,22.0746341000142,FAIL
9.17466169889622,9.73386167021202,1.68037132974964,9.75674215896692,0.0638421670705983,-0.0112558362924147,149.459459459459,44.4835315597383,36.022553219434,231.748753074114,22.6227628733376,FAIL
7.44138236774192,8.83888278226906,5.84419844881618,10.4089455820357,0.205854755231536,0.143983475267668,142.972972972973,43.3651970918204,32.6499690866136,245.974353004791,23.2945231400232,FAIL
2.11978771833495,11.2145006646962,1.22580767030579,5.47185703153657,-0.39501969179168,-0.447678220027129,209.459459459459,50.9816289510416,62.4623902385651,128.012898132044,18.5694446171577,FAIL
1.11430322041755,8.96888261735076,6.85847875718928,6.41301052339973,-0.418163911686027,-0.479136814307335,184.054054054054,51.281923697494,48.5533982957516,186.734496475998,19.2706783685704,FAIL
7.3102966631193,3.91778161667563,2.37900495065752,2.90125413138895,0.419564209323992,0.347886695804281,199.72972972973,44.5148419143219,69.6233519603743,67.56367310504,18.5657864261717,FAIL
5.84205533140234,2.26893929358469,9.39427013608759,2.83040602390564,0.48679909362657,0.441951819662703,190.27027027027,42.0078154448485,54.5439537192181,64.6563844106357,18.7257839438055,FAIL
5.44508691963464,10.9439247639574,3.80602320266099,1.82097491805114,0.869871972297182,0.751981081744147,234.054054054054,25.6500552237169,179.951630295115,40.4237768297196,17.4911584574152,FAIL
3.23641265225274,5.57939652287245,9.17988921889001,9.17964381262343,-0.0441551135742538,-0.0887848903607311,139.72972972973,44.2423955672224,28.9386948420143,216.367469014374,22.5472970853422,FAIL
7.50767387077272,2.73748765611729,5.1398947825943,5.0475380899081,0.34225484878932,0.297074656286226,155.405405405405,43.9271891555553,35.2555514479945,111.728576304307,20.6221641023186,FAIL
6.42535699815757,11.7288861010501,6.07113966042682,6.96354504020146,0.318647521233575,0.229692174136902,182.972972972973,48.8907808890147,52.4615441549255,195.598072883054,20.2842204590065,FAIL
7.1304646810353,4.17470013177588,5.8267710106835,2.77833694985033,0.714814641497821,0.637034512865898,203.243243243243,44.3806515912028,74.9140069848489,65.5241195456935,18.4987665710922,FAIL
6.61105999127775,7.25870403120681,1.61267657601433,1.75898614519763,0.358747876501106,0.230874542434328,222.162162162162,29.7387948572022,152.56704346368,37.0395389324137,17.6872120823553,FAIL
2.70902015936796,3.71064516124392,4.90868492721546,6.04099517245303,-0.0238098178016177,-0.0635280189853186,158.918918918919,47.0620856099721,33.9695308135814,150.414340412128,20.2310685821701,FAIL
1.16302778179791,9.02997711677437,2.3012928867505,10.3819588510677,-0.289481469959709,-0.338610936676795,147.027027027027,46.865332643666,32.0157836786746,299.314286902187,21.8108406356899,FAIL
9.63167115004824,5.95051522091233,3.23095568128215,5.82374060201347,0.392612122996083,0.306505666738232,167.027027027027,46.4676232077283,45.0333773300262,140.053068369886,20.6058572117142,FAIL
9.46940217750744,3.49977798239055,1.58733445165682,3.32724327842416,0.331219156449283,0.248446525738796,183.783783783784,43.9666245751816,58.354343023504,74.0448995451021,19.2020307188038,FAIL
3.34906497514236,1.84971560754923,9.23714057557555,4.6069993896852,0.103759802131582,0.0721923746152289,152.972972972973,42.9532443010713,31.435321647394,102.316051316322,20.2133985566006,PASS
6.66546321412203,11.9944973371248,1.13640693973907,5.21911887384502,-0.111378612422593,-0.209527192517258,201.621621621622,49.8998092800355,68.7936926238984,142.462248783369,19.1593928461352,FAIL
9.01154750034677,11.0180283810231,8.29396286470982,5.65602007294379,0.850564235860575,0.713317705839403,186.486486486486,48.1512253416399,62.175852914054,151.358271621907,20.0093819589714,FAIL
3.10514482979626,8.53311905019111,2.67624180298897,3.4193123063001,-0.145197715667382,-0.195447920114725,229.459459459459,50.2218355327409,85.529568835976,94.3425837790301,17.8679395022422,FAIL
2.23793024474385,12.3667591706435,8.35295930052908,7.39676354807646,-0.317170116225439,-0.386106869338229,188.378378378378,50.3811293230071,50.1349940471143,211.024374915807,19.8235612826217,FAIL
6.30381096633859,7.92438104804204,4.87882162276411,6.24835025974978,0.257999018588114,0.186309632416601,178.378378378378,48.6221643640735,47.8725476870745,168.311797491338,20.128464096653,FAIL
3.97005164437355,4.05478593554784,8.65943256324006,9.72637576669963,0.03032917326215,-0.00530105798552905,123.783783783784,41.3771927009351,24.0350840162623,200.025181891462,24.0268932999295,FAIL
4.40890217043906,5.59690214271083,5.72092146975492,3.45747078504285,0.239478973193351,0.183604391924146,211.351351351351,48.9582453367648,69.382170745677,93.165869749347,18.3289364458138,FAIL
9.63796180211887,3.47208020857951,6.43850311681226,9.44681605565533,0.283999826319827,0.245508155158482,117.837837837838,39.0835067828999,23.4034487280559,171.991051975324,25.0964944501829,FAIL
4.76096249591656,5.00026406990528,3.5508743433687,4.8002715620113,0.13437328527896,0.0835646389608764,185.405405405405,48.8820734901017,48.4209295431936,126.966937862931,19.2609228834834,PASS
8.03343280910251,4.6794650938875,9.21028782463245,3.79617594892979,0.721949907721029,0.638430236278218,188.108108108108,46.4856572352421,59.262879258537,92.9378311108474,19.2812028615978,FAIL
6.17941451463103,2.37568346104624,5.6559880339083,10.1334079567066,0.137727091170131,0.113831989175136,103.513513513514,36.6188795162206,18.5984216893664,161.258213316269,26.6530451389836,FAIL
2.77282338836199,10.8132613384929,6.02998806897021,5.72701927030391,-0.193298553729706,-0.257629961051843,203.513513513514,51.5444244686518,59.2591612865665,169.353892795012,18.9881985634432,FAIL
5.51359312428272,10.7686078413948,1.87934694759234,8.15097050479272,-0.042783336741704,-0.108450197840301,171.621621621622,48.203437432758,43.4722109968414,218.960122044528,20.7852242080019,FAIL
2.51963769087266,3.35354499188279,3.97270490690069,3.43061965664964,-0.0147308659022939,-0.0521569846081467,200.27027027027,47.7908291661889,54.0248304547812,89.206842426267,18.2599677159009,FAIL
1.15184582665447,8.75805544122103,5.42000711219777,5.24674558083255,-0.442572451809919,-0.500818163654432,198.378378378378,50.8379383623036,57.55005564773,126.28954152912,18.5582059738356,FAIL
4.21707483137711,6.96905622589479,1.85239990207776,6.52163591670634,-0.0467715979736108,-0.0976843084208645,175.675675675676,49.2281654456083,42.8011139771309,176.046979658947,19.9306494286781,FAIL
6.22685070517116,7.0463153239507,4.80285209264087,5.67928904901829,0.273542932496307,0.204490081770769,181.081081081081,48.7596809243438,49.3132842844135,151.973034061963,19.8438484187158,FAIL
2.48584454456999,6.62173662023004,4.59372408600386,10.4995002721014,-0.126752909380185,-0.16993176684904,136.216216216216,43.633142373257,27.8183228100264,227.628920469044,22.9667432085289,FAIL
2.94738188868383,4.96344104647351,3.53464246585407,3.91124589332593,-0.0320395705460156,-0.0762745075407022,204.324324324324,49.8145137184674,57.8471491861903,106.472155482954,18.3858396622663,FAIL
7.00390072737336,4.23940948572811,6.38718607218248,7.77788720407669,0.226618150885807,0.180807527699546,139.72972972973,43.488348054177,29.6636261559993,172.813089922932,22.3840448080014,FAIL
4.87225476435506,1.76490652134315,5.6310460109751,3.24154277934383,0.276487934537547,0.243040973844468,175.945945945946,41.448602732395,42.3809531057624,72.3994731408039,19.0631831239613,FAIL
6.64400698601225,4.81107711323286,3.05391261232684,2.29785051766509,0.591289680453716,0.508139609973577,214.594594594595,41.9177718998985,96.0683280509502,52.599550404292,18.0565122577369,FAIL
1.59996141637874,4.39642266433731,6.6205916156311,3.90797332869828,-0.182306329818028,-0.226642821126468,199.189189189189,48.0969223205798,54.3598559526878,92.9007255560929,18.2992172251076,FAIL
8.76436376106686,11.3263144423108,5.23781887410988,6.87766174793722,0.532127059484646,0.417819628330675,177.027027027027,47.7371848648107,52.6469683608156,181.9721740451,20.6353538648407,FAIL
6.75107885956461,4.14944232425695,5.46024176799503,7.35456044714956,0.214331802277174,0.168600037918,143.513513513514,44.1452922579475,30.7280141793204,166.566083686308,21.9414272536607,FAIL
1.07480076358424,7.1712356729114,8.26052299536454,4.16662517212452,-0.440861018258847,-0.495921812433241,205.945945945946,51.8403887909173,64.7286391245007,119.481480674085,18.0817307528625,FAIL
1.74095360373891,9.08674505358486,7.8829359318758,2.09805730578995,-0.582463568847177,-0.616924655952345,248.108108108108,41.1872186894233,140.55353151165,51.5290544326684,17.060118652732,FAIL
9.60397649114414,8.15013523452517,5.32438804996949,1.74647646850819,2.21369075170956,1.90493007073369,204.864864864865,20.1727215364461,164.961464486278,34.0039616551617,18.1550664561486,FAIL
7.87248588393056,11.6362172034959,2.44319342825535,9.90853304988546,0.103137009661436,0.0266692789012155,155.675675675676,45.2447938791917,38.5342888115319,245.878283772549,22.3343735461465,FAIL
3.56603750656368,4.16759166786514,3.22923192981346,3.17213501427591,0.0796508141621806,0.0377890909252014,211.081081081081,47.9760309082794,64.8865252104243,82.9709402376347,18.1217183178209,FAIL
8.36854442932588,7.25954732828799,7.01767068749163,2.81051567719003,1.22225671346057,1.07368272933603,207.837837837838,43.7403847764556,97.6839520702407,66.6644431068375,18.5089209716366,FAIL
8.63019984663386,6.0227861783145,1.40909497109644,1.85412618503835,0.392759521200219,0.215471054468253,208.648648648649,31.5107734251746,133.254939869702,37.3756565498761,18.0684100860818,FAIL
9.15102526340807,3.26272010979801,8.70528893269947,3.52238922100228,0.76874558437354,0.69190044841767,179.189189189189,43.9079515170374,53.6620420579644,79.3670766940296,19.5209716995859,FAIL
5.52118722761137,10.2235282944044,9.01658993440714,8.08180512821323,0.1769191286413,0.104803186232243,169.189189189189,47.6333054477946,43.0113254480176,223.76036388898,21.0694777876817,FAIL
9.19883273707606,3.890171256532,4.58400719255597,2.7665843944863,0.85980639691869,0.757008462839725,193.783783783784,42.585682916206,73.2765042196145,60.9604320417294,18.8330554002857,FAIL
5.19966751147741,5.68963024462678,8.02228897644722,2.37887260301153,0.651989772810798,0.58232865922349,224.324324324324,44.1452566555999,100.383331383193,59.0877520405806,17.8670852058713,FAIL
2.82144205155413,10.288960279569,1.02210366472546,9.582523034762,-0.228628029015155,-0.277992170139598,161.081081081081,47.1705866400843,36.4962695326376,218.692289513288,21.1912891710941,FAIL
6.12888927311452,3.04051723179052,7.54208659565554,7.96430275983144,0.175906358982748,0.140754066286983,127.567567567568,41.6946841884066,25.0002561983344,160.363144126608,23.2439078978685,FAIL
1.62502121882573,7.21633046288521,2.68142111958585,3.29165923447405,-0.37715719511045,-0.419901896979231,226.216216216216,47.8279128042842,81.1291975118055,71.8581284875171,17.6173206697635,FAIL
7.2391379486571,4.87720621800982,8.78141422946927,6.66495289164545,0.328270228441834,0.270981033751809,155.405405405405,45.518517397185,36.2057899311946,160.439763870781,21.2839033459349,FAIL
2.79042141506553,8.45472550001419,4.59458212345056,1.63435000139522,-0.149114213823299,-0.177558693762264,249.459459459459,30.5350660666084,173.921240120663,37.8530645866366,17.03601620341,FAIL
4.19797378797423,5.53454975570899,7.54612591058969,1.88551757637904,0.510779337457301,0.457445080226297,235.135135135135,39.5460430948053,123.483016418806,45.146147263004,17.4608550800494,FAIL
9.23325389920836,11.6205609934929,6.00662919874097,5.35089583101416,0.847807307816163,0.695336485716223,190,48.1057360068492,67.143680788967,140.845322602252,19.8019683992276,FAIL
9.25361602525066,12.1976388251128,1.99252287668918,7.82050885622355,0.150940141110615,0.0403421176321455,170.810810810811,47.07715059258,48.5939911884075,199.505885291306,21.1072459103697,PASS
2.43253708865035,3.1751926921683,6.74253376901418,3.47666475876007,-0.00581885307467311,-0.0447126949975099,197.027027027027,47.5598450324539,52.0367373772533,90.4237823614454,18.3758669094881,FAIL
5.81156856035212,5.2519287469355,5.54850032850318,5.87657118306354,0.223300745216106,0.167679394723859,169.72972972973,47.6243546195839,41.5370032462837,150.955983769426,20.2242149221784,FAIL
9.4162716624861,2.17387682119203,8.92983891865055,6.4945646537907,0.377216019175261,0.339740352699058,127.837837837838,40.0769470113399,25.8294237310524,120.542967591319,23.0763312874991,FAIL
2.58412899426835,10.9330846309704,7.12716562282436,8.7458497145618,-0.22430575915014,-0.286797598892286,169.72972972973,48.2671871967221,40.9141850567258,237.272325506294,20.8776347343276,FAIL
7.96369975388263,6.10944202255892,1.40297969806561,7.18536209449265,0.071514423241119,0.0106554458187409,157.567567567568,46.4197299938878,37.4445311091167,175.728633126774,21.1224716848362,FAIL
1.59285813656896,7.72841066441186,2.46051921285016,7.92417560043223,-0.248827127669509,-0.2984719352283,144.324324324324,-13.5313348413258,37.4837131502006,66.4501931859431,20.3505136944203,FAIL
4.38331130775165,3.78416418183,9.46930772203781,2.29363974749644,0.435696241052645,0.386909234833403,221.081081081081,43.6028776277467,84.8403700106722,56.4247577875619,17.8384749712967,FAIL
1.9817621582423,11.0189994712223,7.84372376996989,2.34922603175251,-0.539899417539688,-0.579511040106441,250.27027027027,43.4316548753254,138.671871117912,60.9865994434687,17.1694495594268,FAIL
6.38563943486841,9.18718822813209,5.31563402664692,9.65570805804665,0.144688943765367,0.0823107986572745,151.081081081081,45.0136489118791,35.1973942058469,240.974538272583,22.4119082974711,PASS
1.82352432667452,4.69713110789787,6.38200211808912,10.2180544338497,-0.1130712536489,-0.150218455380912,110.810810810811,42.5105160792579,24.3837561912552,226.493459294624,23.5601000226133,FAIL
7.79573018775999,9.05124364491379,3.15501089396782,5.34282078700318,0.365873953764498,0.265785149790225,188.378378378378,48.7631654025328,59.1290241121448,140.666247725833,19.6565164903159,FAIL
6.26529332527857,6.34371241667531,4.13946659793885,9.02630365083154,0.122339638120698,0.0718718230232895,143.783783783784,44.393630874982,31.3166107671045,212.745229485192,22.4542252622677,PASS
8.51353785497551,11.6078766608308,5.48048716612839,7.79793063883613,0.450962128366316,0.34830180739739,170.540540540541,47.0724515525928,47.6059958257592,205.476676542082,21.1641793581067,FAIL
3.11478224829288,1.90483384580241,3.16505553598871,5.04891246642786,0.0655730097398142,0.0369622099481813,147.027027027027,43.8809241158848,29.1662774347167,114.370302660353,20.2942386282085,FAIL
3.45799201349432,2.67774230831019,5.37692913760025,8.73770465501656,0.0384247747961653,0.0100080153618697,117.567567567568,41.0546293851055,21.6585286743006,170.328018512886,23.8427319498065,FAIL
9.71473771594077,5.73090609757583,2.18022586584292,8.44182898286048,0.183496740732783,0.12285121717648,141.621621621622,43.6714027808706,31.914806737478,187.788712622686,22.5790891838193,FAIL
2.07756291022789,8.24904962314997,6.41211993626753,3.59694059106783,-0.285182495970912,-0.337165783930633,226.756756756757,50.9951765669391,79.9053360846257,100.852796453948,17.8519783949077,FAIL
3.82987291889368,11.3862353474847,5.7429938045469,8.77013216849915,-0.0796802146170081,-0.144157591910791,170,48.0070877545652,41.7864399842689,242.795306871062,21.0268898741655,FAIL
6.251716564852,5.13343624777527,1.49828282652562,2.76165576967664,0.187317358334874,0.116765195114578,212.432432432432,45.4802394992959,82.8583428609153,66.9277723740564,18.1834202674006,FAIL
7.4964438408372,9.68696554728509,6.99652145600073,6.72878776890762,0.444322121606248,0.353345780211913,176.756756756757,48.0802924036706,49.6134373267192,181.815493455806,20.5095774972933,FAIL
7.66412261826167,9.69471202957422,3.40834257752376,9.7774866268063,0.16303531468298,0.0948076713102236,150.810810810811,44.7358403849981,35.8066693366714,238.386386292866,22.538217897662,FAIL
8.07249851598922,11.8900201188736,8.30927073889479,6.09828106652196,0.699865467769477,0.578465649288079,187.027027027027,48.6145542103842,59.9857260263356,168.299797871598,20.063204395803,FAIL
7.48751837730103,9.69588725331659,6.70925522934298,3.00698025423817,1.15320996444359,1.00372967432421,214.864864864865,44.7513295663839,105.133011019359,75.0054134949755,18.3748573184336,FAIL
3.56592268301454,5.73096401084864,7.64147838360203,6.72244732739744,0.00542134202008021,-0.0451731319146542,165.675675675676,47.9918871964225,38.1268830139787,178.407406403821,20.4344010505036,FAIL
1.36580831319082,1.88010290341567,2.0723125357883,9.42922442223615,0.00576925726569169,-0.0146554481535734,99.7297297297297,38.3917234676809,17.2267404624198,140.358884407698,25.0177771755113,FAIL
3.02505263245292,11.212794501773,8.05729995199589,8.12394533129721,-0.163800502488335,-0.229499923539583,176.486486486486,49.0170225620881,44.2305231767783,232.156350344432,20.5275183236685,FAIL
1.71108666044702,5.95712015852463,8.09912028465301,6.32253906801021,-0.205008687007592,-0.256559250602252,172.702702702703,48.0878074716083,40.6493619685572,144.180008717365,19.7663428367046,FAIL
9.08990798656227,1.52488315720604,4.4737760165901,2.52861622732453,0.688435553438278,0.637121201549524,175.405405405405,34.881904699134,50.669475893068,49.2400109744919,19.1908527051074,FAIL
7.53216782601982,11.0176821071157,9.67104731590747,4.18159455260624,0.991690818763292,0.855060836390444,205.675675675676,48.416410014888,81.8470342034427,113.648562236729,18.9527255257807,FAIL
1.17475771459182,1.6241776748425,2.09420948435952,3.61601550623683,-0.0318275698850892,-0.0586792572585638,162.432432432432,43.2594887354047,36.0915939078006,78.201718979818,18.6943913533535,FAIL
1.39754765568398,11.8872722074612,7.5874600419225,5.64028826416946,-0.523490780828266,-0.590663502971762,204.864864864865,46.6045963973022,62.5416655372353,84.1419679840445,18.6608513198289,FAIL
5.90115542802911,9.34444713157006,1.25696889682994,1.62294804203486,0.00563546439482066,-0.121554800085595,227.837837837838,19.6993706226108,186.539190406054,33.6763305820303,17.4850939636224,FAIL
7.67607451832853,5.07079424254844,2.3649929460043,3.62722856701948,0.366057293375915,0.285158800335512,194.324324324324,46.8724881904428,63.9836070810765,88.3766481797737,18.9357918710594,FAIL
6.32362011727793,10.2055135048433,6.5150356589381,5.012132943238,0.475812047070379,0.381144706050907,199.72972972973,49.7628689972789,66.1814636264169,140.608640332182,19.2200808829328,FAIL
6.21812619981004,1.90565386989901,5.7519732218206,1.54238835364245,0.821532064945843,0.772227947307073,205.675675675676,27.8699247033247,89.5912427035704,30.5464473588544,17.8626853711589,FAIL
4.28032795523674,4.6188984946616,8.52739010485308,3.12395346750975,0.29023135045288,0.237886230060309,211.891891891892,47.8438962287325,69.5815910525468,82.5269577463426,18.2360837699512,FAIL
8.33180551332532,10.326873015597,7.41774596597011,10.0250800272191,0.33547358971433,0.258788766262351,149.72972972973,44.0607006590205,36.3616321715547,246.138876867789,22.9385399871848,FAIL
7.85811537558795,8.55185342237288,6.22505888460676,4.09230378573484,0.780256984749199,0.661425087050405,200,48.1334603717713,73.8608716257584,106.604793740332,19.0448042498055,FAIL
1.34580199956149,2.94885514218394,5.12818375932168,3.0889942133609,-0.145586603319802,-0.18163400329989,192.702702702703,47.1354109725118,55.7558242266533,81.9473814058181,17.9321930245307,FAIL
3.92888256983604,3.40416126057895,8.44316822857057,9.16381284916667,0.0443691296477345,0.0112401722480305,122.432432432432,41.2523277033308,23.3179271451209,184.04058525695,23.9108135633606,FAIL
4.29527474925931,2.69185863469787,4.85464811486232,9.78584347062129,0.0664710190337817,0.0403109206592975,110,39.0149984798404,19.9390161666264,175.242286245209,25.2129641138692,FAIL
5.50503555308867,2.86621085013862,5.11544345250544,9.80654440286283,0.109293487776347,0.0815066324897752,111.621621621622,38.9142116575179,20.5549340804279,174.87430182167,25.2713366510798,FAIL
5.88038100498282,10.729005981676,3.34607945099931,2.08635479073614,0.774676113452085,0.647793246368145,231.081081081081,33.5300262301105,156.283094878569,47.7488593895326,17.6649746858277,FAIL
6.45215042785467,4.96742383236347,3.04210997059731,5.02780261659406,0.233635685205372,0.175265360558849,177.837837837838,47.8908448110961,46.5791787049581,127.605690704318,19.6825358024061,FAIL
6.9454133105851,1.89235144898003,5.69265577385837,1.80036684902812,0.807780586349254,0.754689133656976,200,31.8309626994398,77.1217699104145,36.2120195683819,18.1612763831312,FAIL
1.38022573585341,6.98426242504627,7.334045941405,5.84690533888322,-0.302018827051638,-0.357284244451251,162.972972972973,-2168.48963943933,46.8962148022925,27.1222971118254,19.1901924891173,FAIL
7.61301243943882,11.6908014458412,9.53413913611283,7.03471454493449,0.546939209435888,0.443321059441954,178.918918918919,48.1277134328139,52.2426549308657,195.358814814252,20.5954519534805,FAIL
9.42036235594756,6.76534485909241,5.99606353771073,4.16851534638974,0.829767035547499,0.706313708476372,188.648648648649,46.9709983998442,65.200200096112,102.518678879773,19.4644842701294,FAIL
8.55650818639903,6.9745046957721,4.54684038065599,7.4317997199108,0.333375131182769,0.260181047863817,157.837837837838,45.899305348492,38.9988857140805,181.869804123912,21.4709467338767,FAIL
1.47335231612664,6.89886515366339,8.35100703250994,9.20628335403666,-0.235164449509575,-0.285293696285862,143.783783783784,44.4506995777412,31.5309661225997,182.761177682285,21.7739764514065,FAIL
8.12172806900184,9.75287444891374,2.90318457485536,9.01356529867699,0.176635027713406,0.101372293113914,156.216216216216,45.5852829842343,38.5040292587114,223.425378846196,22.0163396515088,FAIL
8.65891960587229,3.6943139961132,7.02924863750482,9.73535831485796,0.247808221152375,0.210127335006351,118.378378378378,39.2823095876061,23.4247827009845,180.672017208244,25.0953577755622,FAIL
4.34965803721315,1.90590725877307,5.18004461598834,7.82805497785204,0.0998861888895123,0.0753678567543759,114.054054054054,39.9423312662056,20.4476112642097,141.188795418433,23.9642203521621,FAIL
9.37988082185174,3.80384766979833,3.18546295525671,3.91483540186225,0.506701416580324,0.427157678311976,177.837837837838,45.0794907694103,52.2457151538176,89.2706953021463,19.6054776674808,FAIL
2.62812522525999,5.79105398472054,1.8573378442245,2.78748919423911,-0.171878811683897,-0.209368491490097,231.081081081081,48.1383098460969,85.7435637794408,72.734459101068,17.5850661371876,FAIL
8.91757770641931,5.21753478773575,8.90392728565708,4.47280064012331,0.719277645301047,0.628296605316687,179.72972972973,46.6732368911147,53.8284949453267,109.556269517949,19.8057082580704,FAIL
8.34554540980654,11.5344273518916,1.39308419110552,8.00410993636008,-0.00720331821848819,-0.0992288635852892,169.72972972973,47.3335349812117,46.1281171015147,206.864975036924,21.06850313601,FAIL
9.87601335581674,5.02398981522283,4.76045379086938,9.64471982960888,0.281647632628227,0.231182893116342,127.837837837838,40.9720026127799,27.0755927368066,195.302564094049,24.196837184165,FAIL
5.13810217166079,1.8961632794087,3.50014038726516,5.68621324811292,0.155640699510055,0.126687553179655,137.027027027027,42.5739426801189,26.5076981369255,117.129431228439,21.3592874515687,PASS
4.4506585357289,4.78869959538246,6.03804851091623,2.19696998141065,0.43148871560718,0.378743857626838,227.567567567568,43.2166929169404,99.2215762240985,53.8054147881111,17.6894801380352,FAIL
4.10739263951102,12.3278899404966,4.18114024035985,5.81686300496863,-0.0144395512479284,-0.086861188687657,203.783783783784,51.093098665165,62.5523702305743,170.662100155155,19.1447032117651,FAIL
5.76038155361887,10.8932701715697,5.58590191479269,10.0182098082116,0.0941902081799098,0.0289380392661578,155.135135135135,45.4216767116568,36.860264177723,257.776732760331,22.3157265718061,FAIL
9.5023226382586,9.12097000918662,2.78478140737372,1.60299605143252,1.57721073454377,1.2173717433967,203.513513513514,7.75054205170974,189.579929041196,29.6368041945839,18.0501478769316,FAIL
9.28230468693333,6.86640207891019,3.1153560520321,3.51899556734509,0.666676135551962,0.52983681017454,196.486486486486,46.0170391220739,76.8867836351043,83.6128797353072,19.0056956314378,FAIL
7.94796378585316,6.01455093672867,7.94053948755958,3.74399650618826,0.787187338219218,0.687954483099951,195.675675675676,47.2087042634978,67.7363476977975,94.0799449126711,19.0626550215601,FAIL
8.18241321048522,6.52345929394719,1.97488107803011,9.16189528681585,0.104965415036503,0.0498851714739557,142.162162162162,43.9841235399323,31.424823482851,209.874665102767,22.6522089330708,PASS
6.01975603622619,11.0977253557534,2.45702652517429,9.75628138082692,0.00829482640761814,-0.0560986932430254,157.837837837838,46.0432733366968,37.9007009488027,248.943326050438,21.9634884453393,FAIL
7.00057664601941,2.46631972637856,2.49403457162349,5.43707853305538,0.213843225291377,0.176416709453448,147.837837837838,43.4750971625708,31.2559990481139,117.730153827735,20.8747257961133,FAIL
5.86398430389895,10.2691442323522,3.30727952843149,6.18341828475194,0.157253675482404,0.0792935075480488,188.648648648649,49.6461524166,54.547126037681,171.824469072479,19.7487184921138,PASS
3.05623591590059,10.5323360805923,8.75965487039368,6.67875766416416,-0.130841582352031,-0.197537068689728,189.72972972973,50.5084290427429,51.0477557584952,198.357194676089,19.6739762981179,FAIL
9.65301723207814,5.77101249508865,8.91199629967042,1.82866593569423,2.11239832175138,1.8919096629919,202.972972972973,30.1488281460782,133.030721584117,36.6809169959437,18.2806992116458,FAIL
3.73064987758551,5.42609437412476,1.90107929309568,2.78467944638664,-3.54175088478348e-05,-0.0437087714150384,225.405405405405,47.5242487685796,83.554643986249,72.2906795246745,17.7859241477193,FAIL
2.26116676538035,11.560857991063,7.81430627397559,9.02287234408965,-0.281880987148658,-0.345880661865131,169.189189189189,48.0907839609647,40.8575903039366,237.554932408338,20.9564266697979,FAIL
7.34005660922962,9.25772549026929,9.5555446384535,7.25302442751368,0.421325220770931,0.337016979815964,170.27027027027,47.4154407325583,45.4589518614308,194.965584400542,20.9336515783797,FAIL
2.57521735945867,10.8022320054084,7.19439856582431,4.06825621306591,-0.224710370836942,-0.285552644520071,227.027027027027,51.6833637118164,81.3437735030965,120.371503667123,18.0727356701611,FAIL
7.43044327072669,10.2141466910191,3.31643288220666,3.53993462887937,0.624734008599786,0.490335630841811,211.351351351351,47.0456542821641,92.1547690732279,89.8519420772529,18.5736046825835,FAIL
3.37066711617476,9.21776612529201,8.58052952827356,2.60376120197241,0.139169331278508,0.0828449555676547,241.351351351351,46.5349826384175,115.702813392226,71.0757580227214,17.5524049686514,FAIL
7.34535279864122,3.10822052225545,7.37392479614264,1.84153784129665,1.08257976560131,1.00040918293901,207.297297297297,35.4382096870073,96.4302102095309,38.50253625436,18.0862226293667,FAIL
9.08655442177135,4.00992591540197,5.91765969618516,8.69965612931702,0.287377109982136,0.242316886393844,128.378378378378,41.2468532181078,26.5691194289891,175.014277591235,23.75167927763,FAIL
9.12002229948254,10.9816224413447,6.38197545371898,4.32293326259851,1.05541689770804,0.884924105514159,198.378378378378,47.4664324788099,79.6681637426296,111.26762007761,19.2545043010804,FAIL
1.42351478769325,5.91153658920983,2.12720600346493,3.13340557140078,-0.342044258089248,-0.380980342288839,220.540540540541,27.8785078323452,77.0163175606154,36.123607657635,17.5618601214085,FAIL
8.38978460791457,1.43580950765677,1.44015096717076,8.43409299804073,0.161798522317983,0.142582422835691,100,36.725129434252,17.0997343611355,127.629226215593,25.8244361375295,FAIL
3.71182358713417,8.2278332654475,2.07874166250065,9.31961440948227,-0.104738258694406,-0.153487473476068,153.783783783784,46.479130777927,33.8944246421944,232.947471185274,21.619174774032,FAIL
9.10686415797026,4.73736658287279,4.75825977593565,7.4672091178721,0.325768934513716,0.268192875626124,144.324324324324,43.8300001221858,32.5127145558691,166.511805632668,22.1798329990135,FAIL
2.11998174350444,12.1926097154294,3.69947722008339,6.37730788243401,-0.362360315060819,-0.425269423473245,200.27027027027,51.1926501628514,56.690139168202,167.955960800442,19.1102037114437,FAIL
1.11751892483983,10.6961497003328,4.49775318783649,6.18878753723814,-0.492723046365002,-0.554959218057068,193.243243243243,51.4159875504699,54.4686028094364,160.837973271096,18.9386195106855,FAIL
2.06125832251898,10.4574240809652,8.78723410339255,9.0426267099552,-0.282212135210506,-0.343970752949293,165.135135135135,47.6105609363053,38.9006110742677,227.810689702296,21.0935417473115,FAIL
6.55867553400995,4.89467801561526,9.98945770474787,6.71117115912116,0.282948420482973,0.22792045481556,155.675675675676,45.7394879996413,35.9765671677956,163.698376229565,21.2316681951775,FAIL
7.28668033791931,12.2686165585212,6.03577841413152,5.19363040055313,0.643248684726122,0.521993709330152,199.189189189189,49.2901972015373,70.2932885165737,143.852690430858,19.3662879031346,FAIL
1.11961500736233,12.2229610972967,6.15595242107836,4.32738511162468,-0.709329395578142,-0.771400863618127,215.135135135135,36.3198805254069,80.9379792324913,42.4372483102441,17.89169771633,FAIL
7.61524254279035,3.54453419019648,3.6046054661261,4.43297816452664,0.366102567012066,0.309037168815682,172.702702702703,45.828522300852,44.7263527136398,104.457273821087,19.7711147649286,FAIL
7.18848817798811,9.81579680594395,6.70993458395022,2.39553592905384,1.40823440952064,1.24446218641483,220.810810810811,38.8993258478724,131.561202960929,56.5141022300312,18.0388008572477,FAIL
7.01185345931278,5.1345377527613,8.14622471526932,4.92944132599607,0.448129139145754,0.380128484952728,178.378378378378,47.5463879846105,48.4668832633694,125.663076716609,19.817844264255,FAIL
3.46585057802377,11.0213402512743,9.88564582402842,10.1811582549116,-0.115337011671683,-0.177185585796555,156.486486486486,45.9177232875854,36.3413451511245,271.211575466419,22.1428815536629,FAIL
7.48953800085623,7.60290785346502,5.85149419879932,6.20992998016657,0.398250676981732,0.31801975143407,174.594594594595,47.8869164195257,47.4619892290037,162.783825686668,20.3684380582442,FAIL
4.60794119472365,3.1537523398056,8.73614927193925,1.50814663177689,0.69752868692886,0.651062720496694,224.864864864865,32.1236720308494,116.54940547316,32.5797210298501,17.4643268332126,FAIL
6.12579455988387,10.2100474554435,1.35766554516948,4.86558886065888,-0.0320455561507326,-0.116111090442471,202.972972972973,50.0525451021747,67.7598693930476,132.99206578485,18.978432994216,FAIL
6.9590352499366,5.69145564524779,6.19621418810739,4.18476035102081,0.512400154928605,0.43544984600082,191.891891891892,48.0540644573396,59.1460752052525,107.768627532847,19.1885370594502,FAIL
7.62489875071523,11.5836782436921,9.80395284511736,1.73087939214381,2.75919627423482,2.48834866886422,218.918918918919,12.4225409333759,196.519108463639,36.424649107766,17.8061026717572,FAIL
9.21459223082776,5.80540610071013,6.78686951910711,8.8630370013053,0.337779261757932,0.278391651347413,138.648648648649,42.7543167370102,30.9850684761002,195.94764602545,23.1584567070358,FAIL
5.69802899771141,1.5126113636058,9.99399126405353,8.7301335839461,0.152012464168377,0.132309551151112,98.9189189189189,35.0091033532464,17.3448115714874,124.937453422448,27.0225149532641,FAIL
7.37833592064225,8.51577799994727,5.75443917761157,4.70549595791304,0.578714506099097,0.478129209585407,194.864864864865,48.8599734760331,64.5495020234364,125.617733209012,19.3127644945248,FAIL
7.42923580751579,11.8730141513422,8.04213404880491,9.33764260942307,0.331361698113608,0.2477711701116,160.540540540541,45.7644485721532,41.0628912066236,245.593252916927,22.0741877867447,FAIL
9.97631682415681,11.3596635593646,5.82843099175049,9.91702669838443,0.436239954716067,0.34211033772405,151.351351351351,43.9804451904512,38.551019225483,239.788236756326,22.9372526892116,FAIL
9.01482315701244,7.70291064854632,5.82701351770612,6.24622325418466,0.52711485432323,0.431913892454279,171.351351351351,47.1436154384749,47.8052389934693,158.479965790216,20.6349445857405,FAIL
7.36594910082303,1.47029918988233,1.11361856411982,8.17434891428137,0.136047551067413,0.116710501647014,102.702702702703,38.0783340058857,17.570055542202,132.266278564995,25.0103095681015,FAIL
4.7386731955631,8.4557643444609,4.66500331685001,10.4791105696021,-0.000860815756200117,-0.0523022892648896,143.783783783784,44.2136764692129,31.4334708204337,252.866752370568,22.8745639393461,FAIL
4.80604978908528,2.47049237277693,5.93634636730674,4.67174033523233,0.192991989706878,0.155946897043695,161.351351351351,44.7193489040328,35.6293613749676,108.262308883407,19.9922707359604,FAIL
3.64277378444668,9.70322774327554,4.17259725215443,2.39126907827992,0.0969449421475301,0.0422857454620758,242.972972972973,43.6924589705105,128.930265328049,61.4931930059478,17.4631505488207,FAIL
3.94142546239104,9.96968290370349,1.88181003662608,4.44375646562393,-0.121270680648794,-0.18173203862937,215.945945945946,51.1356436937346,72.2586712670326,125.506294122219,18.4361940716236,FAIL
7.95391136320691,4.77924284625988,2.70949258474668,9.83330432938241,0.141771331863543,0.100007961043279,126.756756756757,41.5625809459494,25.759010646153,202.078293138701,23.9315260350494,PASS
6.11865391977985,3.67368795838439,2.80613960158636,4.34481033406067,0.234237436844756,0.184824568645976,178.648648648649,46.9055851826795,46.010598484737,106.703351551243,19.3922106289041,FAIL
8.96221367921094,9.31953115676014,5.73257065954578,2.06728360632865,1.95322535998756,1.68976343707519,210.810810810811,29.8318752780124,149.105524857527,43.6679996762614,18.1746351965981,FAIL
1.49097953505789,6.23156922499903,5.96996328450773,1.7753116231275,-0.534541136952564,-0.562136186480144,240.540540540541,36.2940805585621,137.067739367169,38.0337718072508,16.9392603600264,FAIL
7.05941110818372,9.52724537982422,9.4760973761423,7.23992691045788,0.397767480005189,0.314057710095016,171.891891891892,47.655571100108,46.0995222500329,196.721174585268,20.8432787258765,FAIL
4.744023803211,4.17489538048008,5.42901972602791,9.53853621748631,0.0631162600923817,0.0270181855635728,126.216216216216,41.9534430076067,24.6868086543936,199.309983487081,23.6766331401625,FAIL
6.84556788444354,11.9610920378836,7.07950090213287,8.6062305102373,0.293675447525006,0.209811217538957,167.837837837838,46.965377670387,44.0570010450448,233.182904669964,21.4267919603046,FAIL
4.64742643000888,5.25402419649091,3.72341351858956,8.84246200821362,0.0358751411198412,-0.00633867014237727,140.27027027027,44.447790280028,29.0111200713603,205.561041750253,22.3282920302459,FAIL
5.69493788599776,3.61134669421427,4.60612477279084,3.64385869109316,0.329376683860212,0.278277528307105,190.540540540541,46.6610265378125,53.6972881272078,90.282199872173,18.8986486185822,FAIL
4.5831655832572,9.30258720765569,4.74569355951624,7.05094048431082,0.0445077085325811,-0.0196264202999461,178.648648648649,49.162951875473,46.0504237596718,197.079270045254,20.2036475510823,FAIL
2.80353376256915,1.85385533594837,6.0100982020074,1.99147759495317,0.145356724538901,0.116896384067873,213.513513513514,37.1617473651546,68.0368163409118,45.7559497442559,17.6536758925032,FAIL
4.87690325416839,6.06254717591785,5.67272041342262,2.21505178861638,0.550605407413894,0.485007907900866,229.459459459459,42.773189711596,110.75781208476,54.1680598216126,17.6983813362923,FAIL
8.45596993213007,4.40489621621567,5.44007619242641,2.41328859962178,1.01917783562513,0.907880393177255,202.972972972973,41.2937743671795,88.5080918628003,53.283461548575,18.4637951031815,FAIL
4.37897868429476,3.91210784003081,5.36395115998663,5.85938124306833,0.106120772324959,0.062890217844337,161.621621621622,46.8532446242833,36.0384469378868,145.627566195003,20.3187507565592,PASS
5.24747603607488,11.8899565823301,7.97681744983163,2.87403961344075,0.791485011349397,0.688040786895779,231.891891891892,45.1216820563126,120.252674162084,76.616240570009,17.9088166741822,FAIL
5.82345274089386,9.35442491010811,1.76907145502238,2.58390362781278,0.179126425189955,0.0802829700189609,227.297297297297,43.2685449315715,118.522531863549,62.9155558568644,17.8734975346998,FAIL
5.84935646699958,9.15555686474107,4.31023059069632,2.3689838361975,0.76031601695822,0.653307244101058,228.378378378378,41.0320984134053,127.691408779401,57.2037215699923,17.8170156527342,FAIL
6.69425086585693,7.0202353394472,2.6254327164374,8.41049028620951,0.102740330246725,0.0466077786055747,152.162162162162,45.7481179860971,34.8032370990396,206.067143286548,21.757170258659,PASS
3.88453735103213,2.43525603207365,9.1162617949141,7.84639901489412,0.0735113311436713,0.0438253798019588,122.162162162162,41.2039322547383,22.7925916929352,152.780327192117,23.4129289277152,PASS
4.23540426740239,6.5668734184841,2.76307779755004,9.31648757752232,-0.0272401579813655,-0.0722187386380002,144.864864864865,45.1649101235704,30.659808616842,224.043831392752,22.1491378795791,FAIL
9.09824673478145,12.0497004248337,8.10456995335045,8.70256947619109,0.538374832024396,0.434258420020363,162.972972972973,45.836432897518,44.2108989469482,226.07230874658,21.9002772879622,FAIL
1.01054509757667,7.0698577308434,3.17408363453692,1.51555578221446,-0.965002805785555,-0.981745491014107,212.972972972973,13.540951666501,169.87222814458,20.9912358514984,16.7128347030879,FAIL
4.46195686952652,2.3091371405065,5.5937378512914,6.24397067632236,0.121952714414337,0.0902671630579566,137.297297297297,43.22396921227,26.7891386646702,132.495984099125,21.6003932326294,PASS
9.04472837735417,6.15279465732571,5.91329338049009,6.80747041696064,0.432553035117567,0.35698144584177,158.918918918919,45.7876502996334,39.8272452366223,164.539404445159,21.2976563287758,FAIL
9.37153809962874,2.98011703148235,1.20357141067904,2.98467622224122,0.266005734873857,0.189077425704065,185.135135135135,42.4306540055697,59.7514633141322,64.7884664282276,19.0252510949497,FAIL
9.1660373336043,12.236302399071,3.24664666021491,10.1091451577709,0.240316907032186,0.151506911956253,153.783783783784,44.5234240819741,39.0431264478084,246.080198898948,22.6955134613248,FAIL
7.46313859240386,11.6536752413209,3.15017358791844,7.22143789817198,0.24099850448189,0.147040747286696,178.108108108108,48.263086000539,50.7387117004862,193.574535673834,20.5369287451252,FAIL
6.51757211450541,7.84838807301024,8.96400560526898,6.90188465173329,0.318355575925351,0.246255654131389,170,47.6534422943983,43.7630101281737,184.709115476914,20.7224676820167,FAIL
5.8769913607475,10.9561360112649,4.86012732742795,1.69890416372055,1.33404900149835,1.18777220470345,230.27027027027,18.6332398294974,193.125232396168,36.5767765667265,17.5158234555279,FAIL
4.78517918540781,7.54261162872165,7.52331660485957,7.32560740108818,0.100221525781612,0.0404952653845032,167.297297297297,47.8631438280087,40.4408883492048,197.865219532564,20.7433589024728,PASS
3.59127579117694,4.25978611828368,6.94195172972641,1.53535744048064,0.377885375808468,0.340025437106418,236.486486486486,33.8450345009226,132.208938000349,34.6972250763939,17.2434836410853,FAIL
2.29048114533322,9.43249923572909,6.33367496878778,3.59772771969452,-0.275300467822268,-0.329398159041918,230.540540540541,51.0679234995215,85.3831409157547,102.660411309735,17.8338961595535,FAIL
4.87905994964119,6.27343254929322,7.92588660712299,10.3732060812856,0.0506102232521812,0.00539024444597952,133.513513513514,42.5617853967595,27.8016383297737,233.806157850079,23.6338095622997,FAIL
7.49192586813736,10.6463527591118,2.07994007463255,3.22592344535944,0.390825340739277,0.243854108164386,214.594594594595,45.431180872476,102.757382330624,79.2797375617154,18.3994779339845,FAIL
7.67782089057054,5.82780103785963,4.80897459130376,5.89533624799549,0.358882515965861,0.289206761404494,169.459459459459,47.1796836559912,43.8217724972015,147.944418601502,20.4157104990153,FAIL
8.7111766749201,9.17136870386514,1.4457603346572,5.75992940967629,0.0810535418836911,-0.0240882600245456,182.432432432432,48.3370759588473,55.6374072938368,148.213038640215,19.9620946374033,FAIL
8.58956774058747,11.8173691022459,9.0021877967991,9.99653579202927,0.418501959818944,0.331210652673007,153.783783783784,44.4048544405752,38.8853712177975,252.422386894654,22.7941248531207,FAIL
2.47831873302738,3.51248948221431,4.89674222617701,5.16618249668837,-0.031789417045041,-0.0714010023321256,169.72972972973,47.801036397571,37.9797854525912,131.630671379706,19.5389689650458,FAIL
3.69825604131472,2.43966830616875,3.09324678997238,8.06106478339427,0.0528472845491247,0.0256046370841363,120.27027027027,42.0654482541898,22.0593825523316,162.193796130326,23.1053694447491,FAIL
7.50523148696407,2.59066674978438,4.62821541331566,10.2668746141139,0.169738667387084,0.144001731646547,104.864864864865,36.8184919200457,19.1411959974938,165.250800538532,26.5751227842299,FAIL
9.05920884844541,12.3595837409501,4.58417120118486,2.47702759279096,1.73493820407691,1.44002929776403,212.162162162162,33.5352251775083,143.825437475186,54.6325800616947,18.3063358583832,FAIL
9.46808358667548,5.58027167545042,2.74848675671939,5.60334963213187,0.346789823786282,0.264370816590063,168.108108108108,46.514447929134,45.1660758442569,134.260488037541,20.461477662738,FAIL
2.0299675942041,5.19151476197974,8.87090473158705,3.34754934505043,-0.157618015452057,-0.204158256424332,216.486486486486,49.7808264805492,68.2877095443012,92.0145985617123,17.9439127204937,FAIL
1.34647054739399,5.71457130975857,1.11154548731889,4.4886036046345,-0.250742763263956,-0.291409880023119,196.216216216216,50.482909194466,53.906435035315,115.881096552414,18.2638465237396,FAIL
4.0373263421374,2.12569432347115,9.35461781156097,6.82004958385668,0.099858149591025,0.0702023940206081,127.567567567568,41.8004026067319,24.0641887506715,135.474880197272,22.5885771802091,PASS
7.451728871299,9.32286654020364,1.5215786513155,8.34716493113481,0.0153621975431183,-0.0547020249678531,161.621621621622,46.7761370985656,40.0497544425847,212.508171509337,21.3697977392486,FAIL
9.89166651702962,4.74492917723096,1.65419469591109,6.73167590054894,0.17507073628499,0.111009862879271,151.081081081081,44.8933953508859,35.4991016071502,152.777538388439,21.4547550785602,FAIL
9.58476400340951,12.2313006725595,1.80108108486716,4.61134795061689,0.26015330634284,0.0766346685800734,196.486486486486,47.4166309168434,79.0061795032687,114.777278830202,19.3453878268098,FAIL
5.39972170334397,11.2519832504451,5.18797467518514,9.85906382380074,0.0579274194011641,-0.00742288701312221,158.108108108108,45.9264559227842,37.855175551818,257.428410238453,22.0681019826907,FAIL
1.23234453691845,2.08755843679687,2.70047080905557,2.67820958754218,-0.0940996738326318,-0.123033685136193,192.972972972973,44.3410213948277,53.8543251251545,65.2788148121511,17.7649434424903,FAIL
2.57037280222579,5.59548961563703,5.110293296237,8.0672040249542,-0.0967252010938432,-0.141711466516115,151.081081081081,46.4125209153588,32.0274616812425,197.153764305908,21.2679290002502,FAIL
8.56779194344668,2.91595441482561,9.58111038962451,7.62090789987051,0.314576457957085,0.275088943345683,127.297297297297,40.7685795669633,25.7332886458198,147.691928242216,23.5123183214638,FAIL
5.84746038764017,11.7249800802196,4.7828079383554,7.20595090223719,0.187684302918251,0.106872406340716,182.162162162162,49.0054612235031,50.712670744159,202.253823122332,20.3037203832078,FAIL
4.8288200647586,8.57633886799031,2.58837820039738,9.78969199183228,-0.0321505817321951,-0.083887722331671,150,45.496837126628,33.354889645832,242.197797676478,22.162937097372,FAIL
4.33770022834518,10.5801171740875,8.7848588073326,9.45644658087524,-0.00385760002492408,-0.0676081424884141,160,46.4736619023892,38.0329293789255,255.328751727875,21.7950162779874,FAIL
6.07065543143182,9.70956974791037,1.27111604872906,2.2140399944339,0.00268019462818869,-0.113724058218822,228.378378378378,37.5156855554438,140.392643487911,50.9549528674832,17.7391095090636,FAIL
6.18774165458031,5.32327432898874,3.84544479124711,3.62963848775283,0.382475841575399,0.314494208173294,200.810810810811,47.9087852558408,65.1274183483029,92.7835103321815,18.7131886340352,FAIL
3.21718153368265,3.05691707268948,2.12249448664748,6.56931371537517,0.013267599977805,-0.0196616319313451,144.864864864865,45.6547920941803,28.797916987092,155.334896269252,20.8713562690397,FAIL
5.73602108182677,9.64953100610855,2.4473114513078,2.77093596148126,0.329698813218992,0.232329139401846,226.756756756757,44.8144380491682,112.482416529654,69.1949299046784,17.9468495501163,FAIL
1.95871804471188,11.6952290386284,1.09888791133692,3.33403311316127,-0.615496872529186,-0.655771791566457,239.459459459459,48.2414493056306,101.643223419008,74.1433212078815,17.5049195505448,FAIL
6.77785628953005,6.05278967987099,9.62006735028258,4.05450553518617,0.605084068661291,0.523649426056085,195.675675675676,48.2437315483221,62.7791571611277,106.396230070346,19.0819760960756,FAIL
8.98583417592812,2.12206814214471,8.59044899282402,3.98878518817603,0.567338118222071,0.516929327298607,160,41.4483770081736,38.9898577045664,83.2855454058397,20.3187714770642,FAIL
6.14399847203121,8.54609621574505,8.87249747291184,5.88796271133902,0.36696330418069,0.287968403179727,184.864864864865,49.0969327727336,52.4354843501149,164.120130602422,19.8831443677886,FAIL
2.67486255133597,5.24184099933462,4.91189781645693,6.94207594528936,-0.0772226931688724,-0.122657022564139,160.810810810811,47.7252515743281,35.3421001778568,177.454476790896,20.4715986607812,FAIL
6.19474548352685,6.96985446223687,3.23950949721577,6.30370890928565,0.16925569354545,0.105738292201636,173.783783783784,48.309399333914,44.5897040211853,165.826823909769,20.2073770007518,FAIL
7.95570748101148,7.46149719894362,7.65765066879642,10.0293114794464,0.263095828499864,0.203633792773761,139.459459459459,42.7774922955204,31.2628536680923,229.990211786208,23.4879799833321,FAIL
8.16118377225251,4.26801435531297,9.98575212865267,4.38370253228126,0.614814939776779,0.541580864768016,177.027027027027,46.2343755041776,49.6734333002908,106.190710905816,19.8050896126178,FAIL
8.27575211126975,9.49142066960599,7.50680506456741,2.16945292640395,1.92259753139999,1.70007719450193,214.864864864865,33.4351836805106,143.163463325039,48.085894392781,18.1178143863071,FAIL
7.0046800410785,6.12264214314292,7.71768987935741,4.32026569638453,0.558045073483942,0.476986697132414,191.891891891892,48.2673513416677,59.5277410585067,112.79506039681,19.2571944542228,FAIL
8.79761743542947,2.89440132079923,7.62616852437143,6.67153140648978,0.354884338652867,0.311194019141046,135.945945945946,41.889647167917,28.6154089663815,135.829722599579,22.4473154799697,FAIL
5.82458563048922,7.94974526987932,7.66102387675077,7.58398806680489,0.197854569976141,0.132969409793197,164.864864864865,47.2626979119754,40.3989573611848,201.556765716809,21.05011905735,FAIL
8.78305743554879,2.86050509200971,5.46294055144835,9.82291889144002,0.226143241381619,0.195682972245602,110,37.6789878585655,20.776987711672,165.285287161502,25.958269130703,FAIL
2.8665316486557,10.3826152405099,5.19753726837356,3.53294772842479,-0.159782113398547,-0.216256007718664,233.243243243243,50.6384215383572,91.2681996838338,101.016828710512,17.8516681681428,FAIL
1.86690297908863,7.63247196633084,5.34419497803175,7.7816233375146,-0.228652470505907,-0.281835876055745,165.675675675676,47.5287476584696,38.0433230299997,170.684628733258,20.4693596523358,FAIL
1.17601662397848,9.27898197660313,6.17658941128979,6.58890566916918,-0.412807963365399,-0.473722549270643,183.783783783784,50.4969750086611,48.1631387999866,167.801416717844,19.3476395250838,FAIL
9.9461129258711,3.48173532852226,4.42703920088343,7.22984155012217,0.336971839082341,0.287454930813083,135.675675675676,42.14524035622,29.0917043707972,148.261943923031,22.6502140105972,FAIL
2.13599310811248,9.58116829716259,8.0586919289078,1.60062800682659,-0.491105237897357,-0.512356082190869,251.891891891892,27.2551464873826,188.356017128985,37.4193877333901,16.9119437538692,FAIL
8.27697698787587,11.8432771147254,5.16683788654059,8.08442924879128,0.399554700769746,0.301098555275822,169.189189189189,46.9533868102437,46.5102439138761,212.97164926422,21.2812065198205,FAIL
3.72642528559289,1.99343012099449,8.92374345056393,7.02969912984021,0.0832034725718842,0.0553759140509292,123.243243243243,41.2519852227029,22.7901940079896,135.702777757621,22.9530645304455,PASS
1.03080776104692,11.9974316936524,6.80111943165475,5.89976064847609,-0.60018403968241,-0.668074762801072,198.648648648649,52.2326732556958,60.1671343895302,169.310147052479,18.7228228820497,FAIL
2.60839629604787,5.6781798940462,6.49346887981641,7.3683521065322,-0.0942038155526639,-0.141857857884191,158.918918918919,47.4510732579423,34.8872610854849,188.567128955007,20.746150269527,FAIL
8.67961998219956,6.6833920197754,5.93577537158319,1.6140177070954,2.02412039582445,1.79719683508846,207.567567567568,21.6408912253801,160.900693374395,31.5738461881698,17.989026413517,FAIL
9.88948942239725,1.81183489648599,2.74732808194424,5.46672326416083,0.321088464979718,0.28445050446686,134.054054054054,40.2657470280647,27.3211061213139,102.59722547672,21.9484719282454,FAIL
3.19135837096792,8.6894979704914,5.67883811253145,7.98528964025231,-0.108113946777412,-0.165071225309487,168.108108108108,48.3317995674784,39.7806340673991,217.076484283274,20.7015201125717,FAIL
1.94475751538277,3.60707144490494,9.52291191267094,10.0443321910595,-0.0708468227183758,-0.103510299568209,101.621621621622,40.8417316446592,22.1276019500665,204.105088733678,24.4133999137803,FAIL
6.8278350362903,1.82088705725813,2.11019682268404,4.14576477134552,0.245063204906031,0.210823250892662,157.027027027027,41.8707991160885,34.4882623613482,88.1690315383862,20.0143322914701,FAIL
7.12899022903549,8.48711076054807,2.6888476162209,5.25123241478964,0.259582858606721,0.172316448948869,189.72972972973,49.0743564628726,58.0512992595565,139.405456266674,19.5190498370256,FAIL
8.04113237313825,2.63520842106576,4.72425747560816,8.48544535378258,0.218814217745681,0.187146333719845,117.567567567568,39.692685711176,22.3717165840247,153.567076295528,24.3783946836727,FAIL
4.95236234489658,5.67320742751446,1.448792438217,2.29990020688358,0.0794853694701203,0.0217777294780744,227.297297297297,43.5283676767386,103.235530455985,55.5428518652805,17.714132268299,FAIL
1.78762204856128,3.32929951671564,6.53546986507841,7.41842065995314,-0.0758873972739585,-0.112134566739993,117.837837837838,45.2354186636288,27.0745513607043,176.463492820235,21.6005473713865,FAIL
2.25919154344455,9.21760681462084,9.77645893694169,2.87153369514239,-0.2746537637953,-0.325167293945542,241.081081081081,48.9664335056926,104.764043209202,80.9137087778222,17.5027516520818,FAIL
1.83585820218405,3.90335805563958,1.79720757518318,7.86675949274606,-0.0787347672498757,-0.113426010336502,128.378378378378,46.4668214657921,27.4499087538392,196.224787964163,21.2964560837659,FAIL
9.7402197253926,5.74107814576462,4.9857349424123,8.82925945575095,0.322440983167068,0.261990699219645,138.108108108108,42.7118009293479,30.9225340678127,192.829202388852,23.1460787961077,FAIL
9.58330349942536,10.5948315890439,3.60048478536088,8.91748868348705,0.320498503111612,0.227057896190233,157.027027027027,45.2654602830274,40.67622982762,218.814649582634,22.1383186937224,FAIL
9.94638439800771,9.48355449673415,2.84622985566792,7.94559150820105,0.294086731992249,0.196194534126637,160.810810810811,45.9212691086649,42.6779618084832,194.618356934007,21.6152786317394,FAIL
2.53845410881095,4.53145079317775,2.76095231405335,2.26405503772114,-0.0937381554379548,-0.126997398480703,234.054054054054,44.8363508920664,92.8793302111279,56.6417626111811,17.3959045295032,FAIL
3.22684304478574,3.60910004394199,3.52834131286881,10.0905484400508,-0.00349507772948604,-0.0337968023037713,117.297297297297,41.1636063686211,21.931311945376,202.441619907372,24.1897856965346,FAIL
4.3130436122184,3.85749475856617,8.07739602213361,5.13277955851307,0.144102852625546,0.0983184048382284,171.081081081081,47.4057744893474,40.3420408491799,130.833300596056,19.8147129111292,PASS
3.59137660802833,6.040499844716,6.81588830149555,3.03350768053651,0.147136078236571,0.095219458330611,224.054054054054,48.7779755565934,81.2584053534677,82.7234125912814,17.9318907763839,FAIL
8.85875616296219,9.25482769289041,2.43951285470351,2.28646568105978,0.882809015893708,0.651588042163441,211.081081081081,34.9952386439323,134.55039538823,48.9425945300724,18.2306925744409,FAIL
2.07308254306216,12.3598698152125,6.52405150566372,3.90640639353349,-0.438443859104237,-0.497670395443603,233.243243243243,51.4052292216635,90.0549916863065,111.019906811339,17.8496088145187,FAIL
3.25509294367567,9.64291634230823,4.09953090801979,7.99435503705419,-0.131681619746577,-0.189794799753518,172.162162162162,48.7580717986296,41.6885916777748,217.968037919141,20.5335994849616,FAIL
7.92240983460741,12.3328839884592,3.86473867468097,5.76549317845429,0.480266405501592,0.357736793560088,191.891891891892,48.9220747049183,64.1008403016483,155.5064251517,19.7427614744599,FAIL
2.86103724995699,10.0306162310029,4.43972821340873,3.61638006466325,-0.171595472026547,-0.226906412721759,231.351351351351,50.8085807466483,87.7440952320195,102.839335145778,17.8948677289087,FAIL
4.97782118584053,1.753542327096,8.46817227144083,9.39845444595711,0.117276567061307,0.0969007506921088,98.9189189189189,35.4413314592839,17.3672628286037,139.23097350754,27.0851693708969,FAIL
9.51331359426611,5.7769050159668,4.22675236089495,9.40425565701645,0.268190502986797,0.212179663741237,134.324324324324,42.150583459135,29.3759343161917,201.381461119428,23.5509905427368,FAIL
9.99332293215068,3.25427671921462,9.21888005192772,10.3736905899362,0.291088474271681,0.257050517306623,109.189189189189,36.7563164614631,21.2904359842098,171.730383869565,26.7210417442471,FAIL
8.1178165486329,10.4146525309863,6.0646753731029,7.51242611917805,0.43159887674868,0.33748928822605,170.27027027027,47.246556287873,46.6660368148166,198.579744257474,21.037283311025,FAIL
6.48628974897388,10.5534643401161,9.14462931694415,8.82223084833926,0.25491899721093,0.179641956343571,162.162162162162,46.3735443201898,40.6520351595052,235.910594632228,21.7269391142079,FAIL
8.84639214950634,11.9521101658314,4.47997609268024,6.99008235405912,0.493597628574339,0.375694412825906,177.567567567568,47.7386100081802,53.2338031015097,184.389543771336,20.6522398057121,FAIL
2.86995492589946,7.79517438080022,2.65169655955307,7.77177842232691,-0.144359970134469,-0.194787735350753,167.027027027027,48.4869951688227,38.5060479796261,201.744877940046,20.4807121911952,FAIL
7.55293932757231,7.60214123141127,1.6062706751101,1.98511018777891,0.399078196021152,0.239884623300741,217.027027027027,33.5112870714577,139.263873487409,42.2615669216999,17.9218326565457,FAIL
5.25109260618606,4.49666461821849,8.62029172401182,7.41641793467848,0.144406878183977,0.098556735561194,147.027027027027,44.9106987950754,31.5616373057955,175.775281646524,21.7214652301396,PASS
9.69028055340806,9.32480380365903,3.87363884815157,10.2739464654274,0.274961212571693,0.200057572456463,143.513513513514,43.1038115199448,34.0357546261163,235.926108715271,23.376411090535,FAIL
5.92415376923939,7.31977099232531,8.39434469701353,5.35788901017789,0.351117756220538,0.278290214086107,186.756756756757,49.1469724944385,52.9820105676946,147.415193387343,19.6254207229939,FAIL
9.95090660036804,3.14595174961108,6.33695017205258,6.60683958115717,0.405460776839963,0.355339649116799,138.378378378378,42.0203098995585,30.0611071107812,135.395027420711,22.3520614423089,FAIL
3.56257471108477,11.2194869590783,5.67279072350787,4.64404691224242,-0.0211702369265311,-0.0889615916242757,217.567567567568,51.5074912667127,73.4767589826003,137.643135314622,18.5008786858314,FAIL
3.41127277922093,2.81202387831154,6.0903139038397,10.2847275062524,0.0291030262188505,0.0029795472835521,107.297297297297,38.5211116736583,19.5589832069498,183.440615452001,25.6525945259147,FAIL
1.55550307599069,9.69895760551614,3.72398376480371,2.00917699204218,-0.786813522571597,-0.81304279312265,245.405405405405,36.1013524369489,151.192244822938,41.1160876783921,16.9606517120029,FAIL
5.37317381382309,12.2004155894429,6.42003805358427,8.87500030486356,0.106890734324642,0.0334311508764763,168.918918918919,47.3913166059855,43.0295487798867,244.785707973304,21.3092363679314,FAIL
4.77050927537687,10.7403134051076,2.26954803528646,6.51075567566627,-0.0401991914438831,-0.107538290760348,189.72972972973,50.1318057320223,52.8882531481433,183.132101155799,19.6805151357679,FAIL
9.64980824429938,11.0230844238316,3.59128074655782,4.7845185698112,0.700583001644902,0.532958129276596,192.702702702703,47.6272177044591,72.6547292579776,120.785179161524,19.5421933990649,FAIL
5.2978943907926,5.24412726718885,4.41814276640627,4.2606738600351,0.248213738916659,0.190732680497236,193.513513513514,48.8164305347877,55.4649763242642,112.583531282449,18.9842392530131,FAIL
1.61977521430337,6.23872953384992,6.03847540589681,8.75142024814744,-0.195485729421499,-0.242644472154415,120.540540540541,14.7209846148111,31.3535882758779,103.060106837709,21.5133279051684,FAIL
5.62389420503949,3.52904510292887,4.77014355425142,5.77451092924716,0.191045188556362,0.14764548077128,157.297297297297,45.8089953516155,34.9508532918158,137.316636434409,20.5759997828241,FAIL
4.08857686107595,6.38653285312034,1.69693307153741,8.67842408075647,-0.0545629616275874,-0.0983810844337139,149.72972972973,46.2626450358836,32.0073198597315,214.327723444398,21.5371077322794,FAIL
2.91534994024802,3.12672146628426,4.27681904376416,6.52695781308433,0.00546734836509222,-0.0298258831360125,145.945945945946,45.4147541783604,29.3593838546331,153.325842054676,20.9362292072652,FAIL
3.773131419342,6.54260574581454,5.69611815693283,1.97652856107012,0.30222921743919,0.253287279087093,239.72972972973,40.6584592700787,127.818306179272,48.3835116221516,17.3905664478179,FAIL
2.01635184921577,3.44961191983574,6.50951467418016,10.3719893210771,-0.0546676068556192,-0.0848768953847034,101.891891891892,40.1203415533834,21.0995823014041,194.109167206834,24.7499184229844,FAIL
8.74715997129242,4.74278509138199,2.68478912583971,9.71492046509158,0.167002388470284,0.123191464608144,126.756756756757,41.4008380836877,25.9981316666172,197.762520251476,23.977367772023,FAIL
3.35448485757237,8.77735901143211,3.49723666720129,2.70884479167871,-0.0382202327511496,-0.0885110551834684,239.189189189189,47.206763279187,108.594880137383,71.8983531500301,17.5749968747568,FAIL
1.73228186822583,6.18335590300245,3.88025435581895,3.67385418390547,-0.268106144933739,-0.313541501163388,215.945945945946,49.6648892883726,67.8785376816819,90.9954967369781,17.9290267453602,FAIL
9.29267929251514,3.41114733954896,5.52569055796698,6.89280297136814,0.351703106873244,0.30272910710979,138.918918918919,42.4980862389078,29.9827846193466,144.346887661525,22.3206765717669,FAIL
5.01526032063634,4.32421656446344,3.98292284065163,3.46348148555445,0.261124687236003,0.209394404133103,201.621621621622,47.7131903048105,61.2266453100118,88.9233563374612,18.5383641086946,FAIL
3.05830074445086,5.54831363424736,8.01090242160617,6.178640633358,-0.0348944345169985,-0.0851907771127522,171.891891891892,48.7274798924348,40.3608092394463,166.910746595638,19.9809794995923,FAIL
2.25311062903628,8.35152723209434,7.88905717431564,5.57626061375297,-0.217076457119731,-0.276282435707889,196.486486486486,51.1544322617646,53.541848676536,160.351867515282,19.0273857464793,FAIL
6.78594883281481,10.9067087428768,2.51190468555277,7.06908659925007,0.128467885449873,0.0455013581490633,179.189189189189,48.6493619897526,49.922165040922,190.749069724311,20.3559739161783,PASS
6.1491945176298,3.16538762271228,8.0794654721418,5.0023756199595,0.303256817384845,0.256949104015239,162.972972972973,45.4113914074502,37.9146853116847,118.017996668381,20.2587564675812,FAIL
8.69434346917193,11.0987990059284,5.97319044022583,7.78893555891593,0.476535103603427,0.37477526443193,168.648648648649,46.8669521124997,46.6984215646465,203.886742840759,21.2498961394431,FAIL
9.99069864491154,4.55744751827936,7.38988559534823,5.0551377249804,0.641875617315689,0.558160381952836,166.756756756757,45.4709320574092,45.290351918916,117.786223896593,20.5034938790175,FAIL
7.3006444636311,9.40392840889578,1.18995230826517,6.80731253106299,-0.0352601435527823,-0.11357172512391,176.486486486486,48.5229690295896,48.0847663274659,180.410474117219,20.3109042858272,FAIL
4.96035355623567,7.82555200310699,3.60528374713706,8.61867442852733,0.0269792378045786,-0.0271815808851632,156.216216216216,46.5108458601997,35.6639674722858,220.112595191925,21.5227347447689,FAIL
1.76861727143089,8.00078637529473,5.15957161434745,5.74570165502822,-0.284279156926432,-0.339961806904441,192.162162162162,50.1776033480889,50.861536059783,139.4033004288,19.0285014026762,FAIL
8.92634124715203,9.73116178874958,1.46408292409035,7.24869101332066,0.052931868957095,-0.0412904235524834,169.72972972973,47.3560286675266,46.5477944404681,184.431118053592,20.8557048364911,FAIL
8.10759008367318,2.32607943966383,9.51618666698083,8.55790910909684,0.249949020317629,0.220419887089809,112.432432432432,38.0272803766383,21.2273170986844,144.422207717206,25.2914183804188,FAIL
3.04126510585062,5.53656780635477,8.73837856850477,8.27643292861979,-0.0542916783402019,-0.100726966926519,147.837837837838,45.6855007967425,31.3693167775968,204.00504294871,21.7034147877537,FAIL
4.08840521784061,10.2319665103195,6.36902183254561,2.42271690857061,0.37925055274073,0.311656144795049,240.810810810811,43.2789251408436,131.005153645139,62.9993043777019,17.5507292416191,FAIL
7.6371865020375,1.54256816533726,9.40498492586987,3.56131050432712,0.485079101928523,0.44665593184592,159.189189189189,38.8702473183746,37.0191212784524,71.9386989946422,20.0862887890657,FAIL
6.85071977929019,8.38891748822657,6.61781668369812,3.03387741970037,0.910177598161837,0.793687956614418,215.405405405405,46.0317064691313,96.8127605264014,76.9613557011134,18.3327458654914,FAIL
9.78096369147514,8.98770084040725,3.47132038881184,3.21734209428164,0.95807345516819,0.756087989777916,201.621621621622,43.992381111509,95.7697890969084,74.6583047673989,18.8310748675929,FAIL
5.63438759834451,11.4200876625545,8.33686026647789,7.61928556635387,0.218208231147214,0.138994647594858,177.297297297297,48.4878454025854,47.7217541589414,216.484568317633,20.637830278695,FAIL
8.66041450895183,9.68913680903814,6.94917364194383,4.4720691440172,0.909562460253441,0.76936479994107,195.945945945946,48.0178778125829,72.4806741196467,116.691882223669,19.3307432746805,FAIL
5.2656068713592,2.00655316766366,3.2403926277585,8.17120249073436,0.117382468402195,0.0930925034823414,112.972972972973,39.8539681352082,20.1769205944606,146.268211556657,24.1492261075246,FAIL
1.74707476825686,7.55491959987496,9.61163837463767,9.99177087942437,-0.226054275132888,-0.276981969533391,143.243243243243,42.3517802659379,30.8047299865363,157.190207157724,22.3543513907544,FAIL
4.31314967875231,3.16686589398411,1.81207136876412,8.80688157407123,0.0390950898563838,0.00960041561525415,123.243243243243,42.6612916373051,23.002043298932,184.06930238686,23.1004078307603,FAIL
7.12986438917254,6.39673718020561,6.16834586499115,9.68345362600415,0.191929014869481,0.140079452790879,137.837837837838,42.9356098740217,29.8501598666953,219.295320050538,23.2845336156345,FAIL
9.13524134611091,2.76075898603892,1.8239520357602,3.97635333507265,0.315672874891553,0.25734077939077,168.918918918919,43.695589403588,44.0316497363902,87.3346840587355,19.7944542096147,FAIL
5.6746774895209,5.26034125222671,6.56929415074535,9.36348329523949,0.114517236316991,0.0705601929073971,134.864864864865,42.961191199958,27.9310013399163,208.823847382601,23.1796111670898,PASS
1.10068404106391,12.0017157493915,8.59719945764176,2.33256172433535,-1.11908645088165,-1.15862047660044,NaN,-12870.5856700816,145.043242734522,0.176965775330937,17.0016130903835,FAIL
8.978516645535,7.00009474021794,9.28163675496127,3.27348893279413,1.20750590369729,1.06273029924795,200.27027027027,45.5629200413991,83.1930052183788,79.5051648111539,18.8870285027042,FAIL
7.47318606514148,8.82045956136339,7.12255598084363,1.83447200972277,1.88565812319783,1.69048262720924,218.648648648649,26.896394302654,162.039901580898,39.2889393894169,17.8585865000397,FAIL
8.28468110508629,5.05585064782086,1.40517229062628,2.20719460887141,0.334153365910392,0.210874345230215,207.837837837838,39.3227622688574,102.988204197331,47.5092722937876,18.2194038332026,FAIL
6.53218392651756,5.79519803490561,9.65077113020261,10.3502464196088,0.163251221664056,0.117255237609313,129.72972972973,41.4332435861966,27.0992686898764,222.628975072075,24.2002812886788,FAIL
3.97787947138342,2.36964184926124,7.8679895346031,5.11817424037225,0.126256372620385,0.0912229035835669,153.783783783784,44.3468382763634,32.1781735562153,116.932573229397,20.4052714156486,PASS
1.01996613570915,10.5885477314788,3.66145134581082,5.27794639540386,-0.549493602874866,-0.60915163847881,202.432432432432,52.720151416472,62.6310415880498,156.668481719249,18.3969146755219,FAIL
2.33385351077405,3.14632185657266,6.45634988307755,6.59491937236539,-0.0325332404169783,-0.0690414647472096,144.324324324324,45.2756158443115,29.1965762865998,154.675159369231,21.0064111743658,FAIL
2.6048670093299,9.14898555857844,2.94610679097795,3.69265415670147,-0.247318470051179,-0.297620575711624,228.378378378378,50.9509015749907,82.0808801028354,102.427409107173,17.9003082797279,FAIL
4.47378203752673,10.4625514350989,8.43211862730251,5.14294151471888,0.187458719445813,0.111711699992927,205.405405405405,50.8781380083976,64.9262775799172,152.619926472672,18.9976003603235,FAIL
5.25396470712144,6.49810480641817,2.06436250628429,8.09008511936519,0.0147954991271403,-0.0341565742633622,154.594594594595,46.5712803397356,34.4566971798109,202.592680009825,21.31763081541,FAIL
5.76762914581317,9.45485073063628,3.39536067553768,4.00141961778874,0.312077611721148,0.22583992818596,212.432432432432,49.4845587113056,78.4295691909953,108.599125552425,18.5697197812505,FAIL
6.7721189845212,10.8907868534479,5.34757357115565,3.13843138335085,0.908995618916589,0.774470325826104,219.189189189189,45.6638747501861,106.479037944062,80.2857529840744,18.2795890778487,FAIL
7.72636264565889,7.36932064122284,4.98620098440346,2.27505472418558,1.20257318585421,1.05110112810921,215.135135135135,39.0541915723573,120.306598416499,51.3251061195831,18.1220494572451,FAIL
6.31455082791701,8.84361995431808,7.92164792747743,8.91463698161642,0.200326371105062,0.134769702536137,155.675675675676,45.7167808498101,37.0499296929616,229.250110238185,21.9899481262582,FAIL
5.5139275273642,4.87376478080961,7.65535181447204,2.37117473261812,0.67073684610954,0.602610342238141,219.72972972973,43.7555759017773,93.4520615223703,57.6912754386441,17.9602549831164,FAIL
2.85874841000442,11.589783378214,5.68640933240635,3.72893071450188,-0.181698809158389,-0.241676774426733,233.513513513514,50.9652543225042,91.5124088375522,108.227832959283,17.9112319397596,FAIL
4.77222763041012,5.82921749582798,2.95159661268339,7.22819086126528,0.0420095195365989,-0.0064004544522126,159.72972972973,47.2547246123165,36.0879066420624,184.11004022518,20.808679385954,FAIL
3.48568816666802,9.07478686476217,3.75504178037252,8.5039021362603,-0.105246512503702,-0.16066049314227,164.594594594595,47.8232601193119,38.4319827685841,225.462589480536,20.9825288811333,FAIL
8.37076358050862,5.8109272308678,6.57692862832405,3.49983571236454,0.835092767781541,0.728288363860637,196.216216216216,46.4565415313472,71.0782673104553,85.5273578516079,18.984349415538,FAIL
3.27854899415321,8.0705557188395,5.85701940070269,6.62011029264777,-0.0722856542916953,-0.129915078403422,180.540540540541,49.7203138831778,45.3020228282269,186.580799191924,19.8670952019398,FAIL
3.00861522161326,3.54253565481772,5.65807081343397,3.76605120653907,0.0439980690371635,0.00310713377169747,194.324324324324,48.1330493097024,51.021098562512,98.8342295370817,18.5793277654782,FAIL
6.40911779043333,2.16393927376316,6.68854119238235,2.72416220607996,0.527287614480415,0.481209403740044,189.459459459459,40.8873423980444,55.343746907159,60.5203611993704,18.7253588404643,FAIL
5.0675258132747,4.42807603952797,3.22452119207676,9.17157804849344,0.0585193142741627,0.0211158992655308,131.351351351351,43.0980728611681,26.0714489846015,199.475475713433,23.0184233896743,FAIL
6.31238317222444,7.49045528137814,2.83849740151272,9.09340317958555,0.0784098079336523,0.0239034978443814,149.189189189189,45.2441151775242,33.5366820056149,221.270442895675,22.1338538747085,FAIL
6.4547246772695,9.98660212244575,2.51035447370688,2.42779790431998,0.545803335889436,0.415340066576365,225.135135135135,40.0206505816841,130.442688664193,57.0544854110172,17.9027181596959,FAIL
5.810802044992,10.5163282508155,5.83022189445436,8.21781023264048,0.160004893128532,0.088055611314112,168.918918918919,47.5647953327863,42.9303374393096,223.518323592145,21.098367911507,FAIL
2.29848767185066,3.0047249837002,9.35934772288238,7.36368748598162,-0.0323183381999894,-0.0673627244359045,132.702702702703,43.8595630282524,26.154315186789,163.115035891764,22.0061895720753,FAIL
9.00622808354731,7.18577199991645,4.65457830492956,8.94018266468177,0.295995762509101,0.229080757942018,145.405405405405,43.9426413194382,33.8235178019582,207.456180237156,22.6844928329583,FAIL
3.60606734106634,3.252103594204,5.19198453581304,6.97942947224173,0.0430507895902603,0.00706323644613116,141.891891891892,44.7212872909009,28.3599456655224,159.433347775493,21.4762493457305,FAIL
1.19700598850976,11.263224977907,1.97773835805654,5.53455388640369,-0.514872363454016,-0.571417215465676,204.054054054054,47.8157183215986,61.7352764958583,90.7928676443669,18.4774251062788,FAIL
2.45141207685765,10.6928312946271,6.3948435461626,4.55545254953849,-0.258074134138642,-0.319430492301585,219.72972972973,51.9632248012819,72.7293064040504,134.183395021146,18.3004346858728,FAIL
3.5884070157036,6.96035572977904,5.33569775755223,9.21801809069045,-0.0506739528595807,-0.099086978798623,147.837837837838,45.4883310300002,31.8183505256115,227.505729587647,22.0328751741918,FAIL
3.76096655421774,12.2214841053423,5.79226534589682,5.94118811880124,-0.0350923774970933,-0.106943445083564,202.972972972973,51.1771819674772,61.0549083034238,177.3883950963,19.1926967400554,FAIL
7.53058329889557,3.42257611738401,8.97617582997244,7.623854473805,0.270335787715878,0.22831873777082,133.243243243243,42.138234269681,27.5074247699279,158.537786834897,22.9069950418688,FAIL
2.08156083854452,8.69717565097086,8.29750148790654,6.70680462190785,-0.247586582306281,-0.307735211630659,182.972972972973,50.1023587210539,46.2168930986737,184.351314936368,19.6936736372881,FAIL
6.121378060584,4.2494912805331,8.92009737683885,8.24193788768157,0.179166428690625,0.1359070310249,136.216216216216,43.0524936072214,28.2745797686672,181.539337029813,22.7817050091524,FAIL
3.25661978371185,3.07996952336912,5.89720784712285,8.9747971551467,0.0172928027891935,-0.0134123848011598,120.540540540541,41.5392897869718,22.54383918458,180.325095627691,23.6935858861332,FAIL
3.07451199565255,2.40796582411607,3.03583414696669,10.4100606077187,0.0299934928618222,0.0076376074862966,60.2702702702703,34.2524420682445,17.9732220167407,86.544413445533,25.9167326883034,FAIL
1.39352095385464,12.13245600179,4.6212216164747,5.16872815097338,-0.553882678804784,-0.61649419412823,210.810810810811,42.6312729867852,68.3713952581321,61.4204602792805,18.3501541323519,FAIL
7.65199634610775,4.11195101404723,3.1885640118465,7.08763864276795,0.21261491513895,0.164905191676259,145.405405405405,44.3626841171368,31.5850333564931,159.698084624983,21.7265143220809,FAIL
8.96544814023291,4.02256294541038,4.00905252145576,6.84266693094215,0.310389842336409,0.2567686169134,145.405405405405,43.8886915127138,32.4392750086463,150.832211105767,21.8354630700391,FAIL
1.66032438229472,9.30577021884801,4.40281523590353,9.77897378108391,-0.279433364419034,-0.333000462939423,150.540540540541,25.1929778757086,34.3141668048242,71.9948154244832,21.5701581377525,FAIL
6.64638848197243,7.00683301909332,7.12341560244933,2.21100353074775,1.14277134749907,1.0266100177802,220.810810810811,40.0428715895383,120.127879210775,51.6679735181814,17.9480346048159,FAIL
1.5815792721632,3.07237465663526,6.20763772526851,6.0103655322698,-0.0860805200323928,-0.123368976206149,143.783783783784,46.803522829111,31.1572250534291,149.290398839683,20.3477931058631,FAIL
2.45387691759305,3.32221921661781,2.53212251014864,4.88966906084162,-0.0339516892508896,-0.0703414076379002,172.432432432432,47.9275111059396,38.7457584450285,124.79231553764,19.2597725618255,FAIL
3.73686347198283,6.16683032306323,8.97629412511013,4.83976880390334,0.0815390810714052,0.0252037946050121,193.783783783784,50.0492818341666,53.0643998911984,136.813595919865,19.0662779887732,FAIL
1.68281037105566,8.8488644662935,9.58378808950729,5.89867947638809,-0.333234301125907,-0.395188653142885,193.243243243243,50.5812567529426,52.208455327942,151.297159151374,19.1062701903231,FAIL
2.18321060592054,10.0004638412217,4.12889458758172,4.86649134625185,-0.309676544283294,-0.367070198719403,213.513513513514,51.7804997312787,66.0548979573442,135.314032250778,18.4201852268486,FAIL
2.59284930790129,2.83960710136916,5.09775508054495,9.66101597964865,-0.00529786412235866,-0.0327623221900115,91.0810810810811,40.2537261712453,20.4735313156954,184.821604712868,24.5609429054274,FAIL
4.4572033157084,11.8235602464355,9.57792059979659,10.3830503553176,-0.00955503434599758,-0.0748996676809905,156.486486486486,45.5432307445514,37.0845560251538,276.911501197799,22.3542443560618,FAIL
5.47880072337976,1.72528957158697,8.6852235282112,1.52235463736133,0.750550220282866,0.709443690919675,207.837837837838,27.2656276606098,86.1934371821521,30.6580864610849,17.7905856577742,FAIL
7.80862778902691,4.29331387162122,8.94025485676357,5.61085940950537,0.430704641975563,0.369695429757576,162.162162162162,45.7859225595052,39.7795608765901,134.29420321559,20.6851310793188,FAIL
4.15379861670364,9.0410865029673,8.76482809003048,7.46652848702005,0.028140750273841,-0.0356907905252393,173.513513513514,48.6115906316904,43.2302204753971,210.461844916161,20.5430017550176,FAIL
6.63063634042754,6.5402591372406,1.7924395879224,7.67130778052766,0.060832838454922,0.0057423359954677,157.027027027027,46.6016571551146,36.3629788717118,191.116147314859,21.2097202277065,FAIL
2.51028930398829,10.5810186154845,5.84745965261048,7.69172962509123,-0.231972218796477,-0.294110763212088,179.459459459459,49.5722463967249,44.9717614774695,212.418631772894,20.1591637370554,FAIL
7.67262525330191,7.40757645854686,6.16436414191368,5.12987696401957,0.530353991598627,0.439764320288857,185.405405405405,48.376031211975,55.8021257123241,134.74404952073,19.7202045593255,FAIL
4.14012412759508,3.49496579103319,8.04150196837432,7.37327101995626,0.0744199937220049,0.0362490748600484,139.459459459459,44.0812101936604,28.1396025716079,166.075938180924,21.9576348622989,FAIL
5.25354811902318,8.29385532686163,1.03041518129115,8.84358639268161,-0.0934980126342955,-0.144511122561204,156.756756756757,46.9003785500012,35.6745395627119,226.835033988299,21.3938682617615,FAIL
6.20777092948733,11.9637073110996,9.59966809580873,7.79041583355435,0.307801912123484,0.222159605519012,175.945945945946,48.1116415592966,47.9855346799992,220.578935044639,20.8232422135652,FAIL
8.06617947266105,7.09648065577979,9.41875778828343,7.72617293650849,0.392539219831486,0.320848436734801,155.945945945946,45.541225574453,38.0831511204991,191.887564475294,21.7482217544251,FAIL
7.53020710033342,3.56541360739907,4.90458887905591,10.4303834539026,0.16909505577305,0.136695466652783,113.513513513514,38.6631251032799,21.6967893847836,187.616073274347,25.6067081904895,FAIL
4.28737429172047,5.00030560062339,8.91962157119856,9.1301677896754,0.0414409725798658,-0.00107568953196735,135.675675675676,43.3710372532162,27.7798812336498,207.146878840347,22.9347448765893,FAIL
6.42916376439927,6.43106797516695,2.81920110775424,9.86461094784817,0.0783341288145374,0.0311770708410436,137.837837837838,43.4517915258857,29.2316516119919,224.18712341203,23.0491919956794,FAIL
1.15272349613887,3.42138106720744,9.90607579372822,8.63790754353991,-0.120438512030515,-0.156029860577308,125.675675675676,43.2041914738413,24.2440798252741,186.465456069331,22.8506858273229,FAIL
2.88144269581389,10.7077252170332,9.40896543111527,2.46778978600083,-0.0583928718188684,-0.109315354545308,247.837837837838,44.9227725993222,130.924925494175,67.3098423671002,17.3794469396176,FAIL
2.36616167001499,7.37995354272259,8.66623035002627,5.69232716737417,-0.167933848857253,-0.225017151887111,190,50.6389351932844,49.5754368518984,162.602533886993,19.2367345583198,FAIL
5.53737632781974,12.3621626264302,2.70234742566892,3.97831887264894,0.209902198337699,0.1143406967736,220,49.3398070934846,89.8008654518237,108.407256914905,18.4050900195218,FAIL
4.38904134515793,1.89122974369752,2.06039482257167,5.92853794077896,0.101015765451806,0.0742522366696906,134.594594594595,43.317757164281,25.3677003558397,125.149056011556,21.319906217477,PASS
3.75851114175234,3.8222394884457,1.29468356436828,1.64730666908469,0.0110982318948408,-0.0213939687932557,233.513513513514,35.9517012690084,116.892977997143,36.9666599609121,17.2933861200653,FAIL
3.94803295979018,6.86308455301254,8.04156754762522,4.4899591921695,0.122619588430152,0.0630377479808754,202.432432432432,50.4016794072397,59.900163102624,128.125963317171,18.7885654590703,FAIL
8.20535886481753,11.0452188951333,3.85638961318275,7.76701572587206,0.319838740632719,0.225395590666729,170,47.214675291092,46.5374298390002,202.841698667256,21.0868158191707,FAIL
9.31435352665844,11.1850811988368,6.39271706939863,2.55315775821752,1.93721126437488,1.65883131306824,210,36.3536445816359,133.118472304196,57.3762969686999,18.4104745705743,FAIL
2.24560032366433,5.24241216741533,1.65627463286526,5.95160378749263,-0.128192668429747,-0.169967102379151,174.324324324324,48.9155867776173,40.1974340991874,147.415483041314,19.462816939383,FAIL
1.59076265497675,9.37977481093173,7.68766285374928,5.31134944858573,-0.386627346675654,-0.447976042703623,202.972972972973,50.608738024568,59.0013861534845,126.500349549375,18.6643961377646,FAIL
5.02203654014168,7.97119864670824,3.62774673502961,7.4755335046915,0.0537059144659381,-0.0047243618491305,167.837837837838,48.0282181243457,40.6837296272591,199.220530659901,20.6859011681589,FAIL
1.98688060539408,2.58976357417288,3.17131344404687,4.82909573997939,-0.0317740721638935,-0.0651467041076439,146.216216216216,46.1628531050154,34.8114618632447,123.282295070568,19.4530727023343,FAIL
1.93667409962182,3.33637772462748,3.26651128656352,9.52188714170718,-0.0492295765502277,-0.0793320777136809,111.621621621622,42.0615643905008,22.0338165762853,186.440196512308,23.5191964663745,FAIL
7.63984178618258,6.69298774075053,6.41289844018076,1.63308177460648,1.77831362134967,1.60284979151686,214.324324324324,24.8426511441556,158.470901113611,33.256281695785,17.8388586196655,FAIL
2.95463336876375,5.49706087162214,7.30009709277254,6.42893387242991,-0.0491679791591813,-0.0983505249672461,168.378378378378,48.4381944287827,38.7685253560147,171.451164471967,20.14550270948,FAIL
9.51572903819751,11.8650184076437,7.07356050438931,6.18034356568199,0.81440668066904,0.670738928628836,182.432432432432,47.7972129564412,59.5246712853981,163.704663545392,20.3340087301836,FAIL
2.54327894461262,1.73927238891393,1.32070951155493,9.46579749452939,0.047722270633565,0.0292199619143352,90.5405405405405,36.7356153529367,16.6043199716866,111.4992440083,25.3198528569998,FAIL
3.09112279548989,1.93291252977687,2.37180047734567,4.72754175490991,0.0616041552548527,0.0331038870538168,152.972972972973,44.2679831556145,31.0546330711771,110.100766970249,19.8784960455737,FAIL
7.62915391706578,10.4870246584504,6.96230553724706,7.89327033227856,0.386805073723238,0.299266338080862,168.108108108108,47.0480248779158,44.7686552154126,210.079841076915,21.2266733540351,FAIL
3.54835492734974,7.38315868515009,7.43712594044109,9.81022751945506,-0.0577989708409863,-0.107541919632489,144.864864864865,44.7435545565794,31.1211346534144,240.257517682106,22.506034277158,FAIL
6.4297348511942,6.00035134881318,1.50086192528768,10.093458013677,0.0198233425407347,-0.0227967483546767,134.054054054054,43.2564259811936,27.6757934508615,225.836861876395,23.1833192609718,FAIL
4.30596461836544,2.70019751999876,7.01155013690948,3.28408007862701,0.243101183897881,0.202855186419905,191.351351351351,45.2953174687871,51.2053909350103,80.512996409982,18.6696204563257,FAIL
3.3235040706097,5.28333149959457,4.43087562055763,5.88870178882372,-0.0149897090690486,-0.0622106252782016,174.054054054054,48.9041819768406,41.0959407411078,157.24295409614,19.7606528759505,FAIL
7.51057387593347,10.9124232556849,5.63616317856839,9.91699119900771,0.244481213153628,0.170109323135448,153.513513513514,44.8446187179801,37.4672661280101,248.996365798326,22.5535461840205,FAIL
7.36317218299485,6.66670033788902,4.27668604299619,7.19583145956368,0.254534367156114,0.189468828417577,160.540540540541,46.5494635639023,39.0706501386379,179.974046311363,21.1360818021549,FAIL
6.67200003302405,11.2641263147754,7.48478343658954,4.51229383618215,0.687214347396498,0.574088200982396,206.486486486486,49.3914887701588,76.7079949795735,125.78852783758,18.9605385973454,FAIL
8.60224516263052,7.05625726065963,8.08699030677317,5.16834740333948,0.666508593265412,0.567493094239648,180.810810810811,47.6878844758357,54.3973342309386,132.808710633163,19.9690037710231,FAIL
8.7628935828877,8.94301176344194,5.43359664380606,8.09664192545486,0.385384300755275,0.301073576351116,159.459459459459,45.8790885678432,40.7599119245427,202.88969818148,21.7102443660855,FAIL
1.80370328306285,2.92306591725609,7.23414127616667,7.97201757656047,-0.0555711991797652,-0.088275730346217,119.459459459459,43.2885276557565,24.1126966335452,164.999703433678,22.535210777969,FAIL
8.79103687602855,4.96387233834875,5.49346721188468,7.49025468308335,0.333434168757663,0.274971343450271,145.945945945946,44.0996641513613,33.1227624662987,169.824559308947,22.1053726309024,FAIL
1.78330194585931,9.87992317970444,8.27735709069893,5.82782171255939,-0.352854347077764,-0.416273706164926,198.648648648649,51.1459221512981,55.6445054141973,155.954562140551,18.9747338873073,FAIL
4.22389432744915,11.7259839881599,2.8803753501047,2.37404769806473,0.120518329483923,0.0510732163725123,242.162162162162,40.7797332067746,142.919080106811,59.0125877673792,17.5017784641996,FAIL
6.06508091099439,3.24206613420554,7.64938423108707,10.0947618720204,0.135495084815227,0.104945205742569,112.972972972973,38.6655375946078,21.3431229635448,181.413140563999,25.5245676645503,FAIL
3.02092572678193,4.54880020236596,3.19824291282176,5.84860595078513,-0.0331260955358083,-0.0755700361892663,169.459459459459,48.4628800491972,38.4181654565287,152.03600874127,19.7857848005343,FAIL
2.82042103966028,4.99011868253838,2.35617394539694,5.65548667013116,-0.072052891398576,-0.114937252880025,176.216216216216,49.2252538840239,41.2706580587619,149.352962081351,19.461846951109,FAIL
6.90228999138237,2.24651771847737,4.15469374909144,3.41448449642169,0.405685753239394,0.361096444748295,176.216216216216,42.6725048785505,45.6489947389784,75.9530530751862,19.2785804597421,FAIL
8.88549540487781,7.49300706853399,8.95639725708765,4.70021334145906,0.826790779385401,0.711373340096785,186.756756756757,47.7085983840179,61.1936878957274,120.743315789923,19.6817824848924,FAIL
9.87554666848932,10.4362396177144,8.74819119410855,3.02598594889229,1.85135046410551,1.59949512103206,204.324324324324,41.9143842218746,109.487793228573,71.2799878837919,18.749658026713,FAIL
3.76668049184893,9.56779741711441,8.60380994298047,10.3916122691262,-0.0696524565836141,-0.12613779100001,149.459459459459,44.958853132414,33.4947927710392,264.484726861389,22.5725519500207,FAIL
2.40807927097971,10.9826981530561,7.9414436934721,7.82521651121805,-0.252328193288969,-0.31715531733317,179.189189189189,49.5049254558138,45.1252304771129,219.447014901914,20.2392641118743,FAIL
5.46229970102216,3.87508097242523,7.35939327813645,2.56007716552544,0.548532772630394,0.490667163178162,211.891891891892,44.3942923231004,77.5831109700336,62.2222313535222,18.1481301232928,FAIL
3.44858549924013,6.46274266136555,1.88775645698761,4.41778546713014,-0.0794241305904596,-0.127404530589537,204.054054054054,50.6332970589793,58.7133475915483,122.32725484162,18.55830212891,FAIL
5.32383075496281,4.21649537435271,2.66643718860338,7.20904444739615,0.0865478928656014,0.0453033521633796,147.567567567568,45.468736111735,31.162319394628,170.116657245962,21.337105333815,PASS
9.88637836232843,10.5455167054843,6.40624055493715,3.33128871164479,1.49577334363764,1.26320636480247,202.432432432432,43.8293684036979,100.327084088308,79.4804631666437,18.8827497056643,FAIL
3.40185758290554,7.48604906998813,1.34954287654608,10.2293260924505,-0.116780004388613,-0.15935153005591,143.243243243243,45.0650681228487,29.9123636508744,238.740953286161,22.2953870011837,FAIL
2.88959644362162,6.56140735079741,7.38472903306993,5.11104857082808,-0.0653869712502737,-0.119621910772563,193.783783783784,50.5473518712189,51.7749525097374,145.765398217266,19.0254355499025,FAIL
3.31417121923332,4.32235477825812,3.83012266070428,10.2018696666838,-0.0190816504854418,-0.0529176729717585,123.243243243243,41.9149414896445,23.5641973013615,212.00681787557,23.8350795566153,FAIL
6.25678266439099,3.33003941695372,1.42616104536147,4.41086808118931,0.135479806015329,0.0906343833860336,174.594594594595,46.5687899070738,43.2175030543339,107.106878821833,19.4531654743069,PASS
4.01786103677045,6.50898854130098,5.97981307493892,9.2777033968884,-0.00814232172059287,-0.0555164003451459,144.324324324324,44.8426814261121,30.7700151112036,224.757092945608,22.3200444214249,FAIL
3.04987892525859,7.33739259408975,5.71159895520475,3.1282049404821,-0.0205892210981521,-0.0714171864079454,229.72972972973,49.5868951564367,86.5467682468181,87.0182543894109,17.8083024567492,FAIL
2.67785697422946,12.3321873003533,8.81032786289695,7.2982175259413,-0.234598721404328,-0.304407005652098,189.189189189189,50.3981390768404,50.7760052205521,216.126721655146,19.8510155179136,FAIL
6.05584887121423,2.52451734279286,6.60567898873649,3.65395975795721,0.375532819396833,0.331249103564264,177.567567567568,44.221789177447,45.2486831581371,84.794776033857,19.3033739968378,FAIL
5.89909610266501,11.0473580565335,8.54037957743842,5.6480792198882,0.407729584527717,0.316962576126248,196.216216216216,49.9448206421862,61.5350291320999,163.332809695583,19.4921670163509,FAIL
2.39403677258408,6.0144734311193,7.11290987650203,4.60142174487733,-0.122511858589329,-0.173715145900063,199.189189189189,50.6797414419192,54.549131158649,129.648264113155,18.6738695077103,FAIL
2.43616453678811,6.19375317454053,2.76478293880693,9.24294729422973,-0.123434540862737,-0.166044916587851,144.054054054054,45.2196434657182,29.8171997026131,205.689908523143,21.8611468140116,FAIL
3.49966989698716,9.03378373293277,4.03596112589759,7.38678116556364,-0.0910873322801744,-0.14895940267069,175.945945945946,49.20332079909,43.3557500923684,204.172476483419,20.2398066580955,FAIL
4.98716026611522,9.47728969369338,5.58606087446432,7.89504142615757,0.078412601395409,0.0135547981695286,169.72972972973,48.004047428356,42.1675991924198,215.864463368137,20.8475293905819,FAIL
5.20467749197124,6.32390975819999,5.89026895751143,2.3628779074166,0.608834329053523,0.536333945923502,226.486486486486,43.7854370605678,106.390191857457,58.3696020852714,17.8144434003828,FAIL
1.13704231366345,7.92562144517022,7.80192276685757,3.01944864460204,-0.58639081087059,-0.635362201381808,209.189189189189,6.26979839910356,92.175503631875,21.6547567620388,17.4230900885648,FAIL
2.86766083476066,11.2565763429278,5.91885346247965,8.76208237795692,-0.19664511333017,-0.259096940041516,170.540540540541,48.3188655914141,41.4284015042769,239.119566379576,20.8678098127161,FAIL
5.20673720730863,1.9050998814858,5.97751700106606,7.16171042577815,0.145910068620633,0.119354210914229,120,40.4940087704598,22.048297123126,132.086672708747,23.3312519465818,PASS
6.29523095257456,4.62324802176566,3.15202464456719,5.70394176261332,0.194773013448819,0.142564427119668,167.027027027027,47.1609323464091,40.1446066740852,141.798798853086,20.2175982033883,FAIL
4.62362209357449,11.523040422456,1.27076288694266,8.16440199746827,-0.165039222005503,-0.226180338295497,175.675675675676,48.8929103488314,44.602176710667,222.340591268887,20.5147371701566,FAIL
6.9225621568539,9.01594484382692,1.396611750512,3.64012471276869,0.0768603925039171,-0.0275521061739661,210.540540540541,48.0452119540019,84.1193922557207,93.3530436713606,18.5389744833409,FAIL
8.91937584400998,4.06945830035919,8.45718714614552,5.07706955564255,0.552974476158395,0.483857696394056,165.135135135135,45.4072663004468,42.5979509556725,118.786193947975,20.4898706289855,FAIL
4.40627638785054,3.19864570853216,5.53562826214267,2.80776763296198,0.286596590303843,0.24336938054176,206.756756756757,45.2156368602997,64.375009983345,69.4607035353272,18.2080308472743,FAIL
4.15074944383168,1.43332023929606,3.29605006933801,5.66110717345556,0.119351297467765,0.0955275402504658,127.567567567568,41.5980446813798,23.3558437347135,110.829038293897,21.7431677288594,PASS
6.7141597379587,6.14042616420937,9.22916149691087,8.09827571905503,0.245213803615062,0.187978250981757,149.459459459459,44.9564702832727,34.023510774582,196.750000426,22.0402759870387,FAIL
9.27955911439862,8.2698993930521,1.8931425212858,8.21274319403693,0.13361946546884,0.0549510304751466,155.945945945946,45.6525240377623,38.6980964978289,198.678934972726,21.7734696488737,PASS
1.82830773013241,6.18866466657617,9.83705575002873,9.5352433086192,-0.176932348031524,-0.22376542646641,139.189189189189,42.8880524938344,29.2455078062753,171.330736698261,22.4004691898899,FAIL
5.55310288483992,8.28708623755904,5.43627727788269,4.47848834177425,0.337205929835411,0.260395172246033,203.513513513514,49.8898877677571,66.1758083723799,124.308726181914,18.894339824456,FAIL
1.02196962076587,10.6363628317872,5.25074384677944,10.0527161979401,-0.394324401091167,-0.452694670541611,154.594594594595,47.5906626674368,35.6145425096936,299.046059238489,21.4832812545816,FAIL
6.2778608116234,4.27527219285854,1.61013796818059,2.22656927016293,0.285704961470781,0.216611261259178,215.405405405405,41.5609255439757,93.2254067893709,50.742343504685,17.9659174522356,FAIL
6.96864394799968,9.95220558257487,2.77878299399535,5.32867608194551,0.262959987593698,0.168560243772764,193.783783783784,49.3994103630712,61.8247225692997,143.782407454647,19.4408760049925,FAIL
6.8793344139181,11.8429234450093,7.43619268800574,4.66211129707419,0.718732573788191,0.599605819986578,205.405405405405,49.3372455979922,76.3037207633513,130.057371797732,19.04890245213,FAIL
4.78065498643463,3.3554997887305,3.83481524208284,2.83493822227646,0.285023794271915,0.240069576648791,206.486486486486,45.2922558977327,65.3429799748641,69.6293780080207,18.2305608777958,FAIL
2.57737608899175,5.16800447398621,7.54655006310788,4.30763010549065,-0.0638190128862555,-0.11242130283574,198.648648648649,50.1347346366389,53.9530705780243,119.94553738967,18.6319552623237,FAIL
5.78516020126041,4.39137590946068,5.69345017123485,10.2437355864903,0.104774753971404,0.0683659701666047,122.162162162162,40.7169417487069,23.9752319188853,205.483545332604,24.4857782719584,PASS
1.54831508547742,4.14899110326383,2.95001287420585,4.01266438143931,-0.16729842271479,-0.207178880312653,185.945945945946,27.8594668427836,51.4443268462711,61.9120251782842,18.3092401882701,FAIL
8.43364028269647,5.09298016828245,2.99417171418494,2.9950824176789,0.618164191118579,0.513181235550239,199.459459459459,44.7223825704339,77.1750909825095,69.416345579305,18.7013106580156,FAIL
3.80531476511961,5.32579711793875,3.91540353589071,4.00217020028677,0.0736744745679963,0.02451894968959,202.972972972973,49.6656904040823,58.8246272532859,109.00201311298,18.5522689430975,FAIL
3.65999361676743,5.60203937174191,8.7662123335408,7.83696737691455,0.00170083973025387,-0.0465177101787922,152.432432432432,46.1832333359492,33.1049014638843,197.438285116298,21.4193700632382,FAIL
7.70509186509787,4.02550151522208,2.13674211125356,4.23604319595562,0.278399411406014,0.215655243959701,179.459459459459,46.5450868975855,49.4958082478848,101.686227578791,19.4674819519208,FAIL
8.50816585347237,6.57716005735252,2.83568470362807,6.54707792923134,0.267275280771557,0.192324352909258,164.864864864865,46.8048028879953,42.3150684080617,161.684408028686,20.8026603643926,FAIL
7.78837782858356,9.30548359229605,7.55739505096272,8.26905925263434,0.363951599347371,0.284416819824284,160.540540540541,46.1236566172325,40.6848530226003,213.311826694114,21.682578978997,FAIL
5.04214790393336,3.84709659568542,9.35147048539715,10.4339265997551,0.0843416186388427,0.0511281994175346,116.486486486486,39.403731928447,22.3677871082872,198.056391926966,25.2394960149017,FAIL
7.94307138180005,8.60654137690922,7.64813476622771,5.74345362218315,0.577615984417891,0.479487335725274,181.891891891892,48.2862299062037,54.1899075798794,153.265724056988,20.0644181798113,FAIL
5.7347133025393,5.25680899724439,9.38013532987317,5.68646441889376,0.2728512334533,0.214616436616782,171.891891891892,47.6876975933115,42.8796577113644,147.994726362682,20.1621688970097,FAIL
5.95186812686971,1.47407427943566,3.74786581801097,6.43886955788886,0.176418784523286,0.152744435541098,118.918918918919,39.9126724807093,21.4414793877937,114.248012936055,23.0505638526261,FAIL
3.38759477047819,8.23893703739382,9.90479635314539,9.4857162929672,-0.0800226238838211,-0.134823331455128,151.351351351351,45.6782947777525,33.6821569535046,244.055287423962,22.0872192947419,FAIL
8.87110097036849,9.69672772510991,7.23652297813985,7.61565302740811,0.507658087248718,0.411349728395514,165.675675675676,46.5377861145619,44.7417076120799,196.625700182521,21.3445194671209,FAIL
5.68394845980331,6.10190274256666,7.44995123786236,4.55844176692926,0.354432835483349,0.287575443612792,192.432432432432,49.0467171835445,56.2268573238803,123.025135631306,19.1923137913252,FAIL
1.90676812262181,12.3947014742321,7.36107748900088,6.16996284068361,-0.40459722019886,-0.472710950922414,202.702702702703,51.4777572903657,58.9356363179803,169.71541908938,19.0176632712136,FAIL
1.78837650367368,11.4156017461401,5.20434453228403,6.43894851699045,-0.39048182758568,-0.454293679325739,196.216216216216,50.6041473513263,54.4178292595567,155.699783454544,19.1728068670426,FAIL
1.31620679057313,2.74902566682956,5.06460804055557,3.09337320350386,-0.1339351496835,-0.16914984970581,192.702702702703,47.6792773569681,53.8201558798996,83.150777773029,17.974131723098,FAIL
4.48393748281798,3.68273572749113,4.15901275746644,9.27999817238639,0.0538037555191355,0.0205805269715681,124.324324324324,41.9579195585525,23.7841677968497,190.864823023788,23.5816028349123,FAIL
7.20916716150706,9.23421506392523,1.28012393031005,6.77192704171364,-0.0150448015975594,-0.0921047732103125,176.486486486486,48.5278744010181,47.8826119846971,179.391816478895,20.297960179197,FAIL
5.99020461907243,11.9663631222598,9.26554069929162,8.32755746998736,0.24358497118723,0.162682344884985,171.621621621622,47.6068392253799,45.2327094459193,233.313066190276,21.1373471080484,FAIL
3.14699216820796,9.16550252451905,2.49485838195969,4.76664302328088,-0.161934576780894,-0.217261412596144,211.081081081081,51.4749075567439,64.7621758997639,135.461418830272,18.5346339604634,FAIL
1.79392928945234,3.75366551423626,3.16740766008906,3.70561789210592,-0.123019480775181,-0.161173620890185,198.378378378378,47.8114108625752,52.8632233539726,91.1134092910909,18.2240607581047,FAIL
6.52128863556152,2.45510965099863,1.78745820030448,3.2945524870086,0.252731673422607,0.209364521313199,182.972972972973,43.6293550079477,49.0275659834303,75.3895565657367,18.9441362240051,FAIL
7.74899714887824,9.48688396654904,5.12351812027236,9.15136763525465,0.259524690264862,0.186627457655036,154.324324324324,45.2546183887612,37.5706991123775,228.420058074626,22.2136100184115,FAIL
2.68367425469372,11.8403017519008,1.18305615595501,2.6522074034597,-0.586082734953104,-0.623136308563517,248.108108108108,45.283581992273,127.958254699079,66.0398543280546,17.3404748183437,FAIL
6.89330218872125,10.9787491663658,9.56320850365691,10.1125315156369,0.248788615508712,0.176150693200403,152.702702702703,44.6428493976223,36.9840055312324,258.818554524554,22.7126065771953,FAIL
5.93250842167733,2.65751064230269,8.1878843566364,8.45469917995111,0.15881489622933,0.128127214358324,118.918918918919,40.0731781303265,22.4703501500228,157.476640892892,24.211024179704,FAIL
7.96525044971669,9.12896741459039,7.97009681606122,1.53474974266767,2.61868222626567,2.35463574936849,212.702702702703,8.69978011980264,196.756569550067,30.3648182825248,17.8067286081354,FAIL
8.30915643293038,1.9536486880246,9.46530697032346,2.89148357256937,0.707739335165881,0.653976767072238,177.567567567568,39.4729398552873,50.2870823092433,60.6613305338652,19.2921237537706,FAIL
7.54662612033941,3.10161241997427,1.57071436484597,4.96402545596548,0.181154910082265,0.134684159382965,161.621621621622,45.3015460761293,37.7373320576884,114.375030214053,20.1694954113341,FAIL
5.11948687983386,2.50359083200659,3.4790526370261,7.97671503694709,0.107739686917965,0.0790594650935922,121.891891891892,41.5952899014208,22.6554638484025,155.933006836919,23.2542797693018,PASS
4.25382589119207,5.6411205196142,1.83482638163681,10.1540305815369,-0.0284779476997388,-0.0666320350720272,132.972972972973,43.57825787661,26.5850458109894,227.938311642251,23.0281238176692,FAIL
6.71875944292748,10.1831603040483,6.90834093912546,9.19897874832928,0.225650527619841,0.15408507810179,157.567567567568,45.7675400246593,38.5647520676605,238.398491537995,22.031796518713,FAIL
8.99543841034213,4.71428178824606,7.45299959736468,4.41103863408608,0.669159095266898,0.583959211914879,177.837837837838,46.274104351913,51.9205070590459,105.978440084218,19.8342694702442,FAIL
3.56372262096765,4.05541416512405,8.49996901105998,6.2778873306131,0.0427247167193983,-0.000974643459737579,158.108108108108,46.6947901601364,34.470685953981,156.96333176712,20.5856149981141,FAIL
4.80030614656954,5.94893823214976,8.43532057479263,7.99393088090379,0.0911864102345989,0.0401867289476868,151.891891891892,45.8079842659347,33.6186294827327,199.886961528216,21.6428027599125,PASS
6.38419954984502,4.86408846327482,2.45239112911284,2.25326493023028,0.473320701937564,0.394520417093219,216.486486486486,41.740888328441,98.2961325168429,51.6319509066812,17.9791056930724,FAIL
2.4260172468524,9.96789868305762,1.28946574713486,9.23638169019811,-0.241031145730108,-0.291089210468243,162.972972972973,47.1038842563462,37.0721300031167,194.429363904673,20.968500833513,FAIL
2.40848174278119,5.3191072350469,1.0327129518351,9.33101390519148,-0.0950206103173459,-0.13109663824395,111.621621621622,41.6645634952457,27.4080507277966,186.831451408932,21.9203457600806,FAIL
1.04353806390619,10.1811960953935,3.47763169745882,1.84549150114401,-1.17005225676848,-1.19173944705282,NaN,-19.8867102380637,167.851705452867,11.979040120535,16.8015360179325,FAIL
3.07262646165797,8.43547812621955,3.03359963978053,2.50006892500491,-0.130981131365335,-0.17494414834851,242.432432432432,45.9621097498982,114.901968500618,64.8664282837167,17.4389917659132,FAIL
1.76511539271067,7.63654775828385,8.7554282107482,2.63819292028051,-0.395099029685147,-0.439642713951899,238.648648648649,47.7712050356736,103.360972255751,69.5956399759531,17.3580675712915,FAIL
7.56522047985455,3.47573818301388,2.53167306095874,2.99231430810855,0.43774064056718,0.370068592312125,194.324324324324,44.1547307816263,63.8562380015587,68.7772940452883,18.7260507399496,FAIL
8.20092576013951,6.4915547092191,8.81210175507768,4.22087943346847,0.77130431313836,0.669802800832418,190.810810810811,47.6502418828768,62.9114440282377,107.756743379911,19.3637137578667,FAIL
3.3913667277431,3.86521857058592,9.46263033173779,9.16804349255307,0.0045555089217913,-0.0314850425658104,126.756756756757,42.139904410319,24.6184010515318,193.188061273312,23.4947663877753,FAIL
6.12420699328618,1.78759687977317,5.66126728540173,10.3281779713162,0.140263594281456,0.121560393436908,93.7837837837838,33.9353595172336,16.3290935970874,142.092644834026,28.364437062745,FAIL
7.06478378708906,10.7560124123092,2.49805102545548,4.90638508259823,0.268728083548647,0.163363362529187,200.27027027027,49.3854444083785,69.3229771322858,131.679241047176,19.1733744050502,FAIL
1.71227555653152,11.6850113072558,9.79016903797858,8.13101096942704,-0.383697586238484,-0.451344164943764,177.837837837838,48.7810258846509,44.8421804873325,189.76751143532,20.2817570309215,FAIL
5.93279922497502,9.88743943598332,7.46177424533584,4.22819822467383,0.546489840254366,0.452119838296438,209.72972972973,49.6508436784405,76.2719392231771,118.348411468482,18.751179612425,FAIL
3.47485309197057,3.33739682167707,7.04479320614301,2.95523769673949,0.158701914177994,0.117700113548966,207.837837837838,46.4645299196238,62.3822414021658,75.7993414037719,18.1539490334755,FAIL
3.58708485452175,6.26405368283984,6.33510383159896,2.40220040478276,0.200387753701816,0.151094001351129,235.135135135135,45.7123576289121,103.469526956292,62.455611083637,17.5816690921662,FAIL
7.65578341445256,2.82539527741805,8.01721068665883,8.97817487872332,0.221812067520436,0.189736050191826,115.675675675676,39.0073777573926,22.1538159637446,160.605939652868,24.961240644186,FAIL
9.7717226215836,4.40987448487436,9.94621088471043,10.2656847223875,0.314711772891918,0.270960504667376,119.189189189189,38.866522054547,24.4735606216254,192.278620758704,25.5162064501698,FAIL
7.60584425045662,8.794443519519,7.74111090945744,7.31607628135421,0.40151618581623,0.319464060123607,167.567567567568,47.1188783938802,44.0404750285379,192.612313414349,21.0438040595278,FAIL
9.59214321200155,3.07590130937757,2.42025428205596,9.56429526879832,0.186941363152189,0.153727683657234,114.054054054054,39.0408146284104,21.7595530318216,169.5465547922,25.1018464006391,FAIL
3.02485710699385,10.8429096658933,8.86289082357237,1.81732631888832,0.0604974104826155,0.020008912196857,251.621621621622,31.902501531302,177.596753892729,44.7919192948832,17.1262474144033,FAIL
4.34423989720171,1.80820395154995,3.12582018473669,5.39726915656503,0.123082355610324,0.0952214801003829,140,42.9302500227897,27.0165224317635,114.0796931003,20.9619559828786,PASS
9.88645886250359,3.35041515731392,7.84037811470668,6.31165826000537,0.454257454261381,0.399393391879347,143.243243243243,42.7136543186132,32.2172570131783,133.357819617725,22.0007570511496,FAIL
6.4392499997309,3.15305836974028,7.81232845483656,9.5063676853302,0.160918287738099,0.129065134332924,115.945945945946,39.3214978253178,22.1159509584432,174.651702563427,24.9908262833762,FAIL
8.61282733872978,4.72167254807487,3.95092414583769,2.89552376346512,0.763418183565614,0.658071381192657,198.378378378378,44.0599008795417,76.9067963760026,66.2375520303724,18.7223352470366,FAIL
1.79459940467866,2.62236865128434,8.48686650749401,7.41714094682635,-0.0465957550390354,-0.078801866744581,121.351351351351,43.2835938613623,24.4021290980308,150.278121372035,22.2693188828124,FAIL
7.50241185379574,8.43987282847258,5.15898370683949,3.29056607901567,0.848752544042406,0.722909835539096,210,46.5316625484191,90.063405265969,82.752629317681,18.5512949800158,FAIL
1.86242120966207,4.96736802343547,3.30836210437969,3.34621693928174,-0.192925326752669,-0.233531068570365,215.405405405405,48.9654003753368,66.6628759188813,85.0275338209559,17.8575598750303,FAIL
4.90147877018661,10.0200740748162,4.32267486767807,3.19697191342643,0.349081314669031,0.268892733569013,227.567567567568,48.0526582320952,99.5603652666236,85.9853373848647,18.024027700536,FAIL
7.4489713358993,10.5573445516697,9.85915940486192,8.80115301955011,0.362816182059556,0.281069690195195,160.810810810811,45.9560071467236,40.9155210159435,231.710372817639,21.8964038195502,FAIL
5.95279270584246,1.4944271004245,2.01244690778524,1.86795106406829,0.403056082551309,0.367612535217834,198.108108108108,30.7681985094701,65.9119930405151,37.8508739360746,18.0824518165112,FAIL
1.6161544701585,3.24501748407626,6.99303904791663,9.05703883903776,-0.074583056604648,-0.106923071659135,119.189189189189,42.2237451913419,22.7850918188469,184.877705767988,23.3953291256861,FAIL
7.40379457048265,8.01289588048381,9.53779457692101,8.26663780139464,0.329764702591286,0.259159794720067,156.216216216216,45.633066035184,37.9338613394584,209.578494292039,21.877344142152,FAIL
3.59313786301033,6.82666281763999,3.80844036475898,2.71390329240062,0.0769241499014749,0.0273755461681419,232.432432432432,47.4928202291853,95.9030393518487,71.6875407766532,17.689566862559,FAIL
9.5900002897376,9.7640590137628,1.56913165933558,5.50224391165386,0.13765102481577,0.00765080495261783,184.054054054054,47.9684761419627,60.0414172195007,138.830485146628,19.926146778825,FAIL
8.14460716611292,11.4303862161947,8.6722643528386,2.8370213657268,1.69258101151171,1.48627870804073,214.864864864865,41.467043047744,120.948517395795,69.1124970435157,18.3627440312521,FAIL
7.52943267128579,3.68420078728492,9.78122117902059,9.55718240406236,0.219236865564571,0.182104447431398,120,39.6549721451679,23.718011535511,181.523920414223,24.862522238276,FAIL
1.30812394687165,10.0361398911279,6.67585665860306,6.52629835527506,-0.42651396096594,-0.489587824643883,188.378378378378,-93.4938534839379,50.4740619251464,22.8508098194432,19.2741763532497,FAIL
9.0282885227181,7.27904981814728,7.17483318417178,10.0826927231954,0.315858118501591,0.253885125336332,137.027027027027,42.2224125440481,30.8910734865178,224.861677275078,23.7583648553259,FAIL
7.58430976218829,5.11134036380598,3.79479952170042,3.35347436814385,0.56171254559416,0.475886754152418,198.378378378378,46.4020814009503,69.2175239173182,81.4206313204793,18.7914145647926,FAIL
6.20204765659837,10.2918520183967,6.66424586963422,5.34882736889552,0.423926362735439,0.332894176659941,196.756756756757,49.7942571887063,62.5516356705265,151.096596240132,19.3897917665712,FAIL
4.2300508886668,11.482482800301,2.38114313524925,4.41974809190564,-0.0571327301524674,-0.125986248963153,218.918918918919,50.9678130297171,77.948882078558,125.223134940353,18.4268536476363,FAIL
2.81542689334265,10.6852783809206,5.18767954721183,10.1363994416242,-0.193885449884997,-0.250990990752216,156.756756756757,46.2852148148429,35.7240402961291,255.377253963847,21.8763521931532,FAIL
1.11944362182119,2.82456901242028,9.22462709921811,3.23332423396475,-0.172863266179571,-0.211513924372441,191.891891891892,47.8138959702284,52.3659148563806,85.5446647493945,18.0932210429369,FAIL
4.94155027809951,5.00478062091042,7.81517533260693,3.23639908467425,0.386046314356183,0.327067445627363,209.72972972973,47.8994071408935,70.15930123731,84.9871825044554,18.3646128753794,FAIL
7.46858431189807,3.79820561035523,6.67593587191472,6.46091609127684,0.306455639664246,0.257054006254507,148.918918918919,44.4191627543715,33.1014228166636,146.759412624741,21.4671913862511,FAIL
1.97155886102135,8.52704615884224,9.37320258936996,6.10138978809136,-0.266385795857075,-0.327158897070076,189.72972972973,50.6870010727835,49.818121530473,169.961434999498,19.3154929980216,FAIL
5.13250956474891,3.21651314366068,7.19130888299376,4.94770472913025,0.218436806989434,0.174919418406867,165.945945945946,46.1177636057439,38.3900175009233,119.850360333289,19.9954421228267,FAIL
6.13408170165335,3.84173309680101,5.78118426977935,3.15388661057183,0.485294772445314,0.425746706399769,199.189189189189,45.9399477029462,63.5152315767826,77.247426441887,18.6205672683899,FAIL
4.10104715448557,12.2159201540333,4.69999014588328,7.646298001979,-0.0494232013832591,-0.118740457154205,183.243243243243,49.4939994165963,48.7004596522709,218.893536072813,20.2355283823964,FAIL
2.09323832686449,6.96145099946849,7.79249935339403,3.96941636058863,-0.214546897711468,-0.267143436638029,215.135135135135,51.1472298841464,67.0786577675496,112.5248396461,18.1549242819684,FAIL
2.68041861175494,11.7820920559114,8.36473315981464,4.53813450667054,-0.211238271340825,-0.277330672780361,222.702702702703,51.9932015070413,76.6410140134798,137.549942215284,18.3031978550453,FAIL
8.86855573757467,9.51603091363162,2.26947460500134,3.45172832696381,0.516125123455364,0.347650487435806,204.594594594595,45.6703320942377,91.6856323607751,82.9622066966217,18.7625607956832,FAIL
3.4235943269819,12.2720207619442,9.45494362653242,6.16835580720225,-0.0688897519931375,-0.14238015027495,200.810810810811,51.1584199240112,59.1150932997177,188.95754536972,19.3148653753895,FAIL
8.9047590724449,3.78174785142514,9.29981980138997,9.60876740971824,0.279296900560619,0.239571916647692,119.459459459459,39.2984271850858,23.9991354342358,179.791271875343,25.0672192912535,FAIL
2.09789417016914,8.58741343465742,5.51117273547766,9.62747060876809,-0.218420623363012,-0.270996394709119,152.702702702703,45.8668599511791,33.60255573444,213.678298548204,21.7259524641653,FAIL
8.18471430539274,3.11087845725464,1.66030869999973,2.84450549170831,0.351732736999464,0.282253232978608,191.891891891892,42.7875302716848,63.5926320489266,63.2317460287358,18.7506481565507,FAIL
7.28105312746059,9.62304317625819,4.42071524019763,6.40212138788238,0.346052414340667,0.257247621973587,180.540540540541,48.5450728328252,51.5870833344667,172.203240385213,20.2064256242073,FAIL
3.7929675520795,5.73996916465953,9.53001760456978,7.04433931572822,0.026914756803299,-0.0243463327844127,161.621621621622,47.3622031143877,36.7148931470877,184.78069608135,20.7743615738571,FAIL
8.36243866663852,7.54971930439215,3.56114123259091,8.79593984577187,0.225255599003643,0.159249226068827,149.189189189189,44.7199651316547,34.9451873261793,209.304630231206,22.3090263274233,FAIL
2.38503041788505,11.0340830934333,3.45362750504104,10.3221808492589,-0.249552565249348,-0.30492700620408,156.756756756757,46.1629641150875,35.5747380277649,234.100507777062,21.7852361906537,FAIL
6.68215506460825,3.64641827955954,5.80502641159777,8.6446358963079,0.176595474613132,0.138914784615782,127.567567567568,41.74252314609,25.3574220021009,176.402105807318,23.4914215088935,FAIL
6.83520027637692,9.67647141559794,1.43073942229721,3.58193914873054,0.0760758513685349,-0.032975542849409,212.972972972973,47.8399208340068,88.4070289272474,91.8402812085692,18.4741793042788,FAIL
1.34800300142852,2.53319823426712,4.4973190016165,1.73353923368849,-0.186738737496835,-0.212946591306663,223.783783783784,16.8121070716905,89.9213177695147,27.2169624634158,17.0999827811501,FAIL
3.58303599071705,11.2801330872706,6.40088703338151,2.00975301891626,0.254386917953732,0.199735169141221,248.108108108108,35.5743698235484,164.52748105647,49.8360656151092,17.2790645508143,FAIL
7.29123807080927,2.91808680800817,6.74921816175176,7.79226842677063,0.2301667431574,0.194139911941578,127.027027027027,41.323496513383,25.0750725293976,153.52125003105,23.3230944931125,FAIL
8.17073498308608,8.51649801674996,9.52498113602003,9.40517900430829,0.344615858294178,0.273976025285058,147.837837837838,44.0516428748365,35.1034441050721,228.432339165965,22.8162734304735,FAIL
7.65167873044747,5.79825198657195,4.40571012654132,4.37450668232886,0.483052887691937,0.400975044826811,187.837837837838,47.8030513562092,57.383376740445,110.524587063459,19.3733827558462,FAIL
2.85832030755473,9.71369156014945,9.5710958525058,5.29678264927564,-0.130290577541164,-0.195226201412191,205.135135135135,51.5433641774652,60.5461102805952,159.874990092225,18.8749002250987,FAIL
8.90193115712206,2.76967125323074,7.66850229566642,4.02995854140631,0.592866263923888,0.532689811933126,167.837837837838,43.4529180310834,43.7630194022623,88.9125629973307,20.0197967358327,FAIL
4.34939691154298,12.2286552738615,7.51318071229076,10.3757822823391,-0.0347925211435173,-0.0998025583050508,158.108108108108,45.8213713119619,37.6233441316826,276.315363168551,22.2151864256252,FAIL
6.52512922336653,3.92569373173656,3.09088607954114,4.74278450503237,0.252762196959007,0.200577064825488,174.054054054054,46.9026231803376,43.9214431009267,116.156711838415,19.7049685589957,FAIL
1.79336476773336,3.26639396110356,7.96651051388127,5.58827482233127,-0.083499075079613,-0.123273006529635,151.081081081081,45.3252683354206,34.232777254023,131.106237796705,19.9730040578143,FAIL
4.92374557162253,1.58612558824983,4.57784705082082,7.76063986736363,0.125162997811943,0.103473785383458,108.648648648649,38.5997568522165,19.0486560519857,130.165312363836,24.5616955448937,FAIL
8.05774264135314,8.95311372347171,9.06065499043174,5.15457376335463,0.729082998053472,0.618200826679972,188.918918918919,48.5079794277687,61.0313946231614,138.396667280545,19.7056234179528,FAIL
5.38279134547493,11.4463093777405,6.1443716780869,7.9673024737447,0.134133603232985,0.0597641453750201,174.864864864865,48.2985818604341,45.8357321283525,223.04177977629,20.7700551489939,PASS
6.7844687010194,7.89932391417361,7.68140655938203,8.53087589956265,0.242223135641797,0.177576998863721,154.324324324324,45.5801620592862,36.552590289309,215.265865611325,21.9434958593761,FAIL
2.94932967466648,11.9721599159519,3.02078262988077,6.68131229424667,-0.234201423870857,-0.296927605869832,195.405405405405,50.9426557997085,54.0505427645059,188.676562397308,19.4188419578386,FAIL
5.96310240280123,8.56651273287818,7.62009514803213,4.71955919067833,0.443077987754955,0.359476507401336,199.72972972973,49.7136136947741,64.2137356742028,131.795510847382,19.1129118010042,FAIL
5.20891626261772,12.2698665426859,4.83612634254987,7.85824499899327,0.0875535867385802,0.0123523206495204,178.918918918919,48.7470104623163,47.8716172414847,221.244940208596,20.5607836653704,FAIL
3.06638418423277,2.27788947226383,1.19377786075368,10.4569677166473,0.0381548672659954,0.0177844680750971,71.3513513513514,34.0413405549173,17.2879642581974,79.4731689176786,25.5763621720231,FAIL
5.10581801405849,8.58792197876135,8.04418015151129,5.87689583562876,0.217454764221942,0.146623484569149,187.837837837838,49.6894031087368,52.3982904865013,167.261913025128,19.6840430675286,FAIL
8.524933271576,5.1792810683189,5.43267909380083,3.60243962446097,0.726806561011594,0.629399726793141,191.891891891892,46.2874212198829,65.4209567343118,86.7782647245713,19.117447146926,FAIL
3.98078241093979,5.41869708475441,5.75089156973792,10.0676220129978,-0.000935205102185033,-0.0414420139791978,131.621621621622,42.8101568974405,26.4959300810411,222.881672611389,23.4093546761924,FAIL
2.62601905353786,3.14303219030893,5.76571693918455,10.0949208784207,-0.0146269350775898,-0.0432422141346037,105.405405405405,40.0630896878774,20.7151101977447,196.303929024511,24.8029695288471,FAIL
3.0518571797485,10.3264019088753,5.06285691485578,7.92409367170873,-0.158475375812836,-0.219412509381446,175.675675675676,49.0935795472998,43.3927596765618,219.852769439012,20.4106527356337,FAIL
5.54340031918386,8.65549400642968,9.1771709080668,5.72808742148901,0.30499810435016,0.229315185465371,188.648648648649,49.5659514489298,53.9563979042357,162.547965572866,19.6736747181882,FAIL
7.98093520146105,3.49903372342324,3.70020789547832,3.9329974997705,0.444916852801407,0.381826851642992,178.648648648649,45.4261605774963,49.7099130341085,91.7757239209119,19.4740998839364,FAIL
5.28916315934613,12.2882918152655,1.54806725380537,2.43825817542426,-0.0249844161987769,-0.126477897200359,235.135135135135,39.4162036230708,143.145032186067,58.6126986696816,17.6722805359343,FAIL
3.87205617248004,9.73892615910981,6.87726934649685,5.17067441555899,0.0495951495138244,-0.0178881356756283,204.594594594595,51.1056394883387,62.2064975389113,152.849107703298,18.9376891947978,FAIL
2.15321302262729,10.9025296067175,1.82617517583073,8.02679057547647,-0.302231798621855,-0.357644764671784,177.837837837838,48.7145402397485,43.6766013048578,173.734632761698,20.0967780542247,FAIL
1.70245759093418,4.42181460798387,9.72482548017486,9.19249843282512,-0.123518300283719,-0.163021511138061,121.351351351351,43.5126637307813,25.8949854145678,210.430653934245,22.8438928493926,FAIL
9.25322030544071,12.2803841745029,6.87014271098562,4.03584507617916,1.29371689833781,1.09102236197428,202.162162162162,46.5197538386916,89.8391533619879,102.892838463664,19.0836083506288,FAIL
5.05936253122369,2.22116323117157,5.94135464766666,3.36713031020922,0.29529133795846,0.257100916429471,181.081081081081,43.568098051307,45.6943405929471,78.2275286804461,18.9992464294084,FAIL
5.75652124034144,10.8266221007444,5.15999228546527,3.2124956546112,0.632749207314583,0.528573000405128,224.054054054054,47.0868709568887,103.357707635379,85.0688877912558,18.1530678456058,FAIL
1.81096099900732,5.93386582573616,3.01841290625669,9.70378701328065,-0.151113456187679,-0.192367368907627,113.243243243243,39.5367209605676,28.036471765937,173.448781456721,22.2363592482639,FAIL
1.4994595896547,6.94041726402169,7.72910128323387,4.85144584281673,-0.308563652768453,-0.363324528166848,198.918918918919,48.3729786444542,55.4416057805063,99.7834386294465,18.5823471372223,FAIL
6.12286040361444,4.84310186003495,3.6366874849551,2.11318133083053,0.641214643520774,0.563690928531218,219.189189189189,40.5598371558491,104.308513819623,48.1829658694626,17.883874622605,FAIL
4.11527958341788,12.2593147570385,2.2389331406951,7.23734179554051,-0.135232532988517,-0.201039048851321,187.837837837838,50.0655185051482,51.102095498234,203.807402936245,19.8903105379319,FAIL
5.41347863469853,7.77397841151633,6.46288384279394,4.06859730987259,0.387265484535165,0.311764248669354,207.567567567568,49.6618704306309,70.1645868694224,112.382232374614,18.6876290103821,FAIL
2.77441366574445,6.20095733988121,4.83514259270334,8.10137208784532,-0.0973357852179751,-0.144458358315536,154.594594594595,46.8683880211058,33.4817667879999,203.086849418507,21.1517996048253,FAIL
5.6847439487958,3.45719569138327,5.02416970043392,4.01035567821885,0.302898786559907,0.254067475931798,182.702702702703,46.647638558553,48.1239709193635,98.8936024079579,19.2059991846484,FAIL
9.28245865916675,11.9947393866553,8.20955556182768,8.94913980510016,0.537098401069256,0.434026093150742,160.810810810811,45.4592776150106,43.1024143299389,230.067348881792,22.112973112577,FAIL
3.11024967549337,7.76269511757708,5.67974518380858,8.90204723022378,-0.103270848275061,-0.155154929356027,155.135135135135,46.6056885945223,34.3920591424279,227.731285553446,21.5256260218015,FAIL
7.31887317424715,7.81439407212159,5.30663614401423,4.85842118896191,0.503610345488215,0.411759346568088,191.081081081081,48.7628721099856,60.084761955064,128.824477562741,19.4399829545922,FAIL
8.89073312746191,3.45256619968737,4.93105478748889,5.32009562685003,0.418920676249654,0.361238244657714,157.297297297297,44.5370278801702,37.7062554393769,119.449600145836,20.7776223070059,FAIL
8.46590172739436,8.62793797356209,4.24095951658504,5.14666181552083,0.54062990459052,0.430323949731713,187.297297297297,48.2888729263812,60.0145416608768,133.427187746484,19.7119419242271,FAIL
4.00430896440674,6.32818644558993,6.05690806094537,6.60804473084843,0.0352284247835297,-0.0179208176413371,170.540540540541,48.4680735054367,40.5788633416195,177.972523538701,20.2552968214384,FAIL
9.23796862297834,8.86079831976205,3.18976682597409,10.1587180160532,0.212045304116076,0.142323806480995,143.243243243243,43.3126480280594,33.4567826866623,233.41048956188,23.2405008981841,FAIL
6.27191326198538,11.2715578900594,3.06290066724946,5.36133347162823,0.234450217125953,0.142041624410194,199.189189189189,49.9301416150224,65.124041185624,148.466199052523,19.2804228550063,FAIL
9.35207859654278,8.18124745439475,8.73937852801597,4.7205968853264,0.917405886255776,0.786355253669979,187.297297297297,47.5931880869742,63.7095809349303,120.893054639481,19.7086089777796,FAIL
5.97694784937767,7.44623078830205,7.73713374663835,6.9664702839154,0.23825326582148,0.172437989239765,168.648648648649,47.6902671935247,42.2194292583572,185.800669361254,20.7102802289046,FAIL
5.54239344276829,2.595148512514,5.52943751207383,6.91773903477311,0.16008599043705,0.126785674501948,132.972972972973,42.6782564733827,26.0214619246203,143.132337626963,22.2587971417206,FAIL
8.67119312357241,1.45728068481609,8.08967509900218,7.74927988065904,0.266459309243088,0.243882638590219,104.594594594595,35.8147737656076,18.8028885707726,113.89056927638,25.9717254481385,FAIL
8.0017736359759,4.33001934485016,5.14341378420271,8.97230578866295,0.223626344086249,0.180092401711303,129.72972972973,41.7854384313593,26.678169130428,185.710974035263,23.5886188746422,FAIL
4.96430196528515,2.08068236333777,7.87445921653129,9.95039471113613,0.107157689650692,0.0852005571734285,100.540540540541,35.9091519934222,17.8490347931275,152.862777702557,27.0256705060165,FAIL
1.12322031988892,1.9500354873317,1.73576008356885,5.18833460567883,-0.0322114450597466,-0.0600339627726605,142.972972972973,45.1441064408787,28.4222777282378,110.870854825186,19.8794044895918,FAIL
4.9049725983229,3.28750798365365,6.0998247935563,10.0815998414675,0.0812481071472972,0.051368063712631,114.324324324324,39.4136853253455,21.3420256726265,186.789524659917,25.1035733215806,FAIL
4.20536075158503,6.86266175029747,9.682774805869,10.3189313685127,0.00200900300840073,-0.0458235026653346,137.567567567568,43.2144823820337,29.0366556279721,241.610409504392,23.3207340381141,FAIL
2.98210929630822,11.0633724078719,3.02036819393129,5.77653531645029,-0.211853339876873,-0.272728971490684,203.783783783784,51.4808182393294,59.3945232546339,165.345590931388,18.9675968207714,FAIL
8.80805427385237,11.3670997211611,6.91137944928796,9.43701999023234,0.413818085043444,0.324058300623489,156.216216216216,44.9742458867146,40.0623477866935,238.071013503865,22.4163576790775,FAIL
7.46507116091962,4.03579143584799,9.80138190687692,3.88444766514914,0.606352814115049,0.536945445751655,184.324324324324,46.2579964361951,53.9055274196456,94.6970527811769,19.367278960568,FAIL
1.59170930897995,5.43049293300491,3.94004323274383,4.37613542738626,-0.225359723730168,-0.27118732856101,198.648648648649,46.9872410309076,54.0977165854766,89.0772058218362,18.3980712724907,FAIL
3.27907579416024,1.9821588254524,1.26367106330473,3.63126585091749,0.0607301905267661,0.032828794908263,175.675675675676,44.7331317958651,39.8119130288592,88.4099863239239,18.796453205662,FAIL
7.56902306828277,9.41469203082526,8.35581753616774,7.52397474674911,0.410181842578611,0.325758316922072,167.837837837838,47.1025541890855,44.3862256751766,199.87016210546,21.1182121402926,FAIL
9.42756091708044,7.88735659799197,8.38451664158834,7.2701067640421,0.546240601067909,0.455273874511153,161.351351351351,45.9401319739883,42.3908203144806,181.351205660288,21.4667311217638,FAIL
9.02600322908361,9.76867488968177,8.09831598017141,4.99208724755992,0.900572646730856,0.762809480293739,189.72972972973,48.057089919528,65.8111174784406,131.201318951421,19.6969681341209,FAIL
7.50671957027824,5.03869061868709,7.67956113831061,3.1470147806801,0.798895083604534,0.708969529588032,200.810810810811,45.9202203568534,73.0873168079183,76.7253330783048,18.7169932182402,FAIL
3.3180134263339,2.75485056025306,4.66968459838589,6.90126377825094,0.0385108167628836,0.00594497380429065,136.756756756757,44.1707009626354,26.503306972039,152.65937968844,21.6486847840997,FAIL
8.74623542534341,2.1129992030937,7.68146491744674,6.4567413937404,0.336913397240176,0.301557561614859,128.108108108108,40.3413646449796,25.5286234965015,120.668169528799,22.9221010104289,FAIL
5.23690944663079,6.6979982096925,2.88223794869419,7.49564260899372,0.0542460028539302,0.00142758858567649,161.351351351351,47.3210736655169,37.3890679406882,192.708360213391,20.9042296250038,FAIL
6.50278474703785,12.1880792014663,1.71966995195353,7.01273666069512,-0.00259722755457059,-0.0870152273056611,184.324324324324,49.1608293791016,52.9145280643269,191.63268862606,20.1401092476433,FAIL
7.95208885528441,4.48458912154649,1.10115596508669,2.56652388158307,0.170209394079318,0.0770836461626697,204.324324324324,42.920502098396,83.7744163081107,58.0275030267635,18.3765066305243,FAIL
1.49606209027298,9.63832588467574,9.40205790357282,1.8433350535439,-0.832982011955643,-0.860974261535924,246.486486486486,33.847550984223,164.01871091066,41.2782952963188,16.9069753725523,FAIL
2.2286457930491,3.38939404271472,8.76792070663809,4.7924936323898,-0.0473763074296193,-0.0888475306902832,174.054054054054,47.8319823354142,40.0151426939439,123.170901760762,19.3429157913736,FAIL
6.00627574140809,10.5268687703603,6.35536106000017,1.97565546684296,1.33437941957933,1.19610912620951,230.27027027027,30.8709656781845,163.446047012743,45.3002947320094,17.6581104584435,FAIL
7.81868326531303,9.46409387591724,6.53855445012692,1.84281826555595,2.01115725608318,1.78566244383655,217.027027027027,24.5892625961485,167.291478146584,38.9307215573271,17.9021745796922,FAIL
4.37315222565424,5.55629842818598,6.28663422635604,3.49257202983562,0.242143444868629,0.186252378190224,210.810810810811,49.0164914696195,68.4844359818125,94.4315753725871,18.3552845089422,FAIL
6.70276745521692,3.79259012467121,1.62891320664929,7.50036189952958,0.0963228154014454,0.0568884961649385,140,44.3061734911046,28.7619807375823,167.907140676024,21.8745075312696,PASS
9.10126434017628,12.3555295011068,7.03517019859185,9.89633071445701,0.438151567319942,0.344202708061568,155.135135135135,44.5586160271579,40.0684377072244,248.389069130627,22.686318808619,FAIL
5.96905451884325,9.00531538974855,5.35272206115944,3.05054486845834,0.669785522399409,0.570396708610924,221.081081081081,46.7209040108028,99.3075083571768,79.1547504134442,18.1673779707975,FAIL
4.37836129495855,10.0064018775964,3.13262292146798,8.45685289520627,-0.0519968436282345,-0.111657054695077,167.567567567568,47.9373077943107,40.553557935005,226.997199724425,20.9541337091096,FAIL
1.68810582692749,4.33529760623585,2.12614523140984,4.94950651934937,-0.141459451905825,-0.181355214596981,156.486486486486,25.2346671259197,43.3025829285999,83.3889897808814,18.8888128441903,FAIL
8.38864771886182,4.27440451944888,1.78422224946133,1.83640461975235,0.592198707795626,0.465732275819573,206.216216216216,33.9519399716117,113.43777447706,37.0392225844533,18.0987550385166,FAIL
4.45512008525387,9.13556128883476,8.64793496201986,8.81034593977755,0.0284615132593874,-0.0326201737359123,160.27027027027,46.7414122891919,37.7201885765031,236.274473346899,21.5511560594177,FAIL
1.25534464398684,8.42060502476148,9.42198769361645,6.10614697289148,-0.387143269946754,-0.448417880621893,186.486486486486,43.385303401953,49.3225420679039,84.8590035493775,19.2023458644326,FAIL
2.53484625876167,8.38080673102422,7.22856513525675,10.293297202711,-0.168873235141498,-0.220314748001325,146.216216216216,44.904710476776,31.5689976875701,245.792576694104,22.4603727841417,FAIL
8.17206303278796,5.94682482208235,7.89907167844713,4.8326598743602,0.608873680688861,0.522276984130348,181.081081081081,47.5079187316846,53.1937084700577,122.568929909318,19.8097970711458,FAIL
9.66775654781002,7.32142177138702,4.17434909460456,8.34458350815403,0.336721111980658,0.261011509622877,150,44.5585679503576,36.2432876377029,195.820284923557,22.27107854654,FAIL
9.84054430023675,5.59535222661011,9.81000917550215,2.23086184853961,1.77349980240205,1.58557536848872,201.351351351351,37.8687740417559,108.106073787704,47.5120603005253,18.5306343281082,FAIL
4.60422226685184,3.32378010216744,5.34613465229803,2.22459371593884,0.401062879381123,0.355740204977521,218.108108108108,42.254070464212,81.9968397217128,52.8801295265554,17.8457798591972,FAIL
1.23646271853249,7.58439100358987,4.76528043033079,3.60158894014065,-0.460553652714664,-0.509886706603579,NaN,-1225.29644902253,76.2507080954027,7.36246864068109,17.7266842807733,FAIL
1.57222560904448,1.54928897851193,8.03023468984505,7.50381804064659,-0.00272215674377563,-0.0254794491025285,108.378378378378,38.9999572170317,19.2412080936336,118.236240598946,23.9866172025238,FAIL
3.50799757973974,5.88435657431348,3.93609433255446,9.59057346302427,-0.0445533295756975,-0.0867512811695786,138.918918918919,44.3289217933607,28.4555449297834,222.549694126339,22.5629644250783,FAIL
4.68157181764588,8.52092928909976,7.33914665116117,2.34681982252589,0.612599656741597,0.537187493485787,234.864864864865,43.0089275010237,123.789579563087,59.6988329409436,17.6568360406195,FAIL
4.15210401112151,9.15926727281975,5.13375980409749,6.96116128711607,0.00576590318790582,-0.0566999805929373,179.72972972973,49.3967004967581,46.1623341701406,196.121977253989,20.0978849381095,FAIL
2.89182579014772,7.29387289688737,4.61778797858472,4.32380456292317,-0.0945879060234893,-0.147480903180455,210.27027027027,51.1140530018133,63.496382115986,123.223765844901,18.4223087122328,FAIL
4.36068155392193,1.89514948213522,2.06081075326951,1.6392884111671,0.28656731345754,0.256270983045296,215.405405405405,31.2476763771204,83.397226359504,34.680748556934,17.5809627722975,FAIL
4.24403953030992,9.08047091869879,7.53367901409892,3.82761236584613,0.232954257725027,0.163375324917822,220,50.3562637598546,79.7696901760016,109.905404124573,18.3018718738651,FAIL
8.50995415750134,6.91342610487686,5.22255948515448,3.06099251755535,0.977434866009449,0.841005610058889,204.054054054054,45.0320037707714,87.8932031040606,73.0409333309739,18.6643972119923,FAIL
2.36942450542872,6.55391738278194,3.69344530968662,6.66891876152733,-0.149780501788869,-0.199029567870356,173.243243243243,49.1510197962355,40.5403531968152,173.420472148847,19.881865052801,FAIL
9.65523820572907,11.7018184484249,7.60631309344314,8.73935292985608,0.559895659856985,0.453159985610343,160.810810810811,45.4876362896585,43.5292302070739,222.789873785303,22.0464845615171,FAIL
2.76149115258096,6.89736241590725,8.00182098555127,8.24815472831965,-0.111880031714083,-0.163496451487412,156.756756756757,46.986161468888,34.743186375205,213.191295328925,21.2247223923663,FAIL
1.51116253960574,9.20676021012789,1.39874960054444,3.24766326248142,-0.542552865444391,-0.582476681886963,229.72972972973,40.2041295561293,92.4777770962662,45.830066776952,17.4655429525285,FAIL
5.50446246481106,2.65030981349495,5.74297813166894,3.87523993679882,0.297112685378153,0.254918747689141,176.486486486486,45.0057769917627,43.7433376877745,91.6714808965717,19.3284290911692,FAIL
6.47982313075448,6.64622185030203,7.2447196196187,5.32818947338715,0.384082878117406,0.311680578483201,182.702702702703,48.5879416118,50.940500427327,142.311369430617,19.7598241185897,FAIL
2.80165944285678,11.1638373693015,7.5575715928612,8.00836171071232,-0.196846265250943,-0.261896652721849,177.567567567568,49.2401558026761,44.6363808882021,227.543327678371,20.4044072746364,FAIL
6.62643483478321,2.30374625872424,4.72678224058762,2.54412272606461,0.542158729408527,0.492724825509634,194.054054054054,40.4527478802787,60.8515394724799,56.1022108112695,18.5462788668076,FAIL
2.29425734941183,2.83620381965542,8.98409723825936,3.17042489367993,-0.00250727255452415,-0.0403811808513409,199.459459459459,46.5103804066508,53.7334923368472,81.3516889881788,18.2414690606669,FAIL
3.59068494921056,6.52644497633591,8.32734273073365,4.41958645706662,0.0713876118831512,0.0145722459621068,202.972972972973,50.4591523781661,59.2380739851363,126.234004999946,18.7223612595112,FAIL
8.03482477706596,7.34924802567819,8.70373931217144,9.89732103158761,0.282627671203248,0.222445255129895,139.72972972973,42.7935779919708,31.4225072174232,227.383495103837,23.4609856399072,FAIL
4.11910107934766,7.35915131395082,8.75921206661496,2.32068686495765,0.441143520909527,0.380022661896034,236.216216216216,44.2181825497309,116.140762897336,59.9772538814153,17.5973340618334,FAIL
1.62218996786917,12.3279461983835,6.74332982285153,8.52206577905287,-0.40538446511683,-0.471564651381804,175.945945945946,47.0608285385352,44.0700614265329,147.99202881608,20.3966347773063,FAIL
4.08277605823097,6.86457451665061,4.56479157569025,8.98334199714625,-0.0152381818253224,-0.0638424044774809,148.918918918919,45.6612781509983,32.3360981491004,222.507910150691,21.9133939483631,FAIL
4.47677616968118,11.5802095675525,4.52516603722765,6.90881618408343,0.0197242434150782,-0.0513764725085146,188.108108108108,49.9555538841382,52.0292299048944,198.841751552396,19.891055394606,FAIL
3.79882928407165,4.29108984892497,8.98286309965366,6.18090242370468,0.0629225712109804,0.0172468628095317,161.081081081081,47.0127323160226,35.9168200051309,156.824625261864,20.474065932895,FAIL
6.42187293892438,8.08681024311154,8.72244170055975,6.05360496195176,0.373951038452235,0.296386647715982,180.540540540541,48.6609584729921,49.8632235458956,165.909583621462,20.0855522856738,FAIL
7.53987992416653,11.4206529792781,9.093601083257,9.64992413447373,0.333376047904647,0.252661777925703,156.756756756757,45.1475950813949,39.2601515592404,249.855284944818,22.4043825830445,FAIL
7.37601076598448,12.1525434525219,7.14485492694513,6.19262074986124,0.563483533077296,0.452993057575108,188.918918918919,48.9936470341381,59.5820936940315,173.100178693536,19.9703409206927,FAIL
7.93148060572263,9.98380119112305,4.07864940848459,2.61183132957668,1.1297245895265,0.946533766233441,215.675675675676,40.4282912197221,122.341822525594,60.7010298593126,18.2312478670928,FAIL
6.07454232880411,3.82278578842252,4.09925365207614,1.61165608743729,0.829656889156533,0.756092308841904,218.108108108108,32.4274486312889,120.809258820692,33.6776540753244,17.6781737004093,FAIL
1.32128257975358,3.62315954277515,8.06300521583155,7.29870872235984,-0.127456493107802,-0.166687427776623,140.27027027027,45.8714520194481,28.5005572706842,177.444987339926,21.2903834678659,FAIL
1.84049447961001,3.73557042084882,5.76337916157051,6.93012206300712,-0.0907897855803537,-0.129899824149333,108.108108108108,36.3155261499038,30.1850856707732,148.671681269231,20.8824687371339,FAIL
1.1371681479383,4.85874972695007,3.52014651515082,8.68242046728233,-0.165008524142854,-0.205136125645597,138.108108108108,46.1410243946214,27.9897811097408,219.882108346033,21.6684714744578,FAIL
6.50962848566499,6.86720540544128,4.70153938528165,6.35246465956388,0.251863756369867,0.185582579567215,171.891891891892,47.9523668346537,44.0947644372208,166.290442482989,20.3681087553139,FAIL
2.02867316931415,7.084545997428,2.27691425514517,5.08207845765575,-0.233069387660191,-0.281193634539764,198.378378378378,50.5110790093077,53.5929981932971,127.682745024694,18.6663320949727,FAIL
3.84196309561756,4.55850729608315,4.02492475014631,10.1506522127212,0.000944321368277323,-0.0343850949312032,125.405405405405,42.0671968672678,24.2833943008902,213.588554284937,23.760534133204,FAIL
5.95526513337337,11.0942054330629,4.24841168471043,5.36275487550303,0.292393292627414,0.203236687480271,199.72972972973,50.072283320202,64.5704859956445,150.897983958178,19.2672606957952,FAIL
7.7723792608021,5.88972166934315,5.83488722168178,3.1260611218532,0.825218445430792,0.720618308159109,203.513513513514,45.8991198569278,79.4164184871396,76.0323429856169,18.6549000940359,FAIL
4.03169518929869,6.00237128478563,6.17165772649287,2.87028870752183,0.245871585240401,0.191390120845301,224.594594594595,47.890671099741,85.5566629003022,76.4961078642412,17.9105184131662,FAIL
3.63505494699398,11.4091545133591,7.91323719200319,2.08270939547621,0.330728443701281,0.272172371261642,247.837837837838,37.1124728813435,159.86003975489,52.7545020159122,17.3203194586936,FAIL
9.94699549983488,8.34700235220084,9.87666556361972,9.99970402770743,0.439350479623696,0.364527222754302,140.810810810811,42.4640459654433,33.2959530287192,228.733579951879,23.6754820515322,FAIL
2.24288298867733,9.32318596026141,9.7794539459659,2.41030961420255,-0.304958817150612,-0.349059177314616,247.297297297297,45.6280646272213,124.7309374477,65.1290013811171,17.282312995239,FAIL
4.66173231589748,3.82206750900222,6.50250149772755,1.89565095382901,0.54365382630582,0.493487812185369,225.675675675676,39.3979611501902,102.553308839944,43.8894489502375,17.6274674867855,FAIL
1.67135974753827,11.5354489617175,6.88501238294021,7.04813449884859,-0.402780123682632,-0.468852886305409,188.918918918919,49.6792622131273,50.454917078579,157.628231271217,19.5430809850377,FAIL
6.97071065801536,11.8747598602974,3.34294175209792,4.59016309076322,0.436552644760683,0.319291906345519,205.945945945946,49.215414713012,77.4371408671466,123.755231213582,18.9671548761227,FAIL
6.91285532036252,2.17572419678401,3.99509201467541,5.48151601976658,0.251929372899137,0.216784344799321,142.702702702703,42.3513541599813,29.3681914631094,113.999548034852,21.233623545736,FAIL
5.02296577175629,9.09168875075749,2.79939343761974,8.87082564030874,-0.0092562123167379,-0.0663735435059858,159.459459459459,46.8410970798709,37.2891301299573,229.58126953063,21.454589308819,FAIL
6.38082639743629,7.60424491726661,4.80242486862771,4.20456555646879,0.4423930909661,0.358491761474792,201.621621621622,49.1060507874172,67.5474185573159,112.496148634692,18.9093172008039,FAIL
2.14682646433242,7.60665005313774,7.74870766510193,5.5284935684663,-0.21163718553315,-0.268595601988802,193.513513513514,50.8996543245042,51.5726023609956,155.955610610541,19.0515558244558,FAIL
9.07869251398211,4.78298882692645,6.41611147016636,3.08218147180389,0.947326243103296,0.835793393504808,194.594594594595,44.4905974493886,73.1348479229444,71.1549078087702,18.9381670817563,FAIL
1.42643585515743,1.63100009182864,3.49319718692313,4.83410148058499,-0.0147293908317141,-0.0419218700642152,140.540540540541,43.1425811952797,28.0209088029276,95.8623395798464,20.0546066507711,FAIL
9.04145097234495,3.24200397319326,7.08425230937766,8.58309242938732,0.289519908395614,0.250520476085832,122.432432432432,40.1001031429616,24.4712705380282,162.074713294,24.258237666089,FAIL
2.42750403613207,8.92207351456794,4.1035192854788,7.3389368555026,-0.20870479091819,-0.264817086368197,177.027027027027,49.4749768547728,43.1465184499639,194.744397341265,20.0338396824399,FAIL
7.39322481352098,6.75074838296074,6.18190950887118,3.03751356483241,0.874391561802248,0.764101836297565,208.918918918919,45.894398551488,87.1242856690692,74.9706057713485,18.4941836449128,FAIL
4.15749645270633,6.20601092836255,6.36116085121092,10.1053866403645,8.48026514221334e-05,-0.0441680991160047,135.945945945946,43.3141137263829,28.1195603808991,231.756878689697,23.1943689225326,FAIL
7.51549185296961,9.62668205669815,6.97579432942568,1.57857963952574,2.33225189397884,2.09357023571166,216.756756756757,10.96585086012,196.101922582019,31.8513613164741,17.7456635224276,FAIL
5.89949600390218,3.04931213827534,5.43444054666017,1.72818379172488,0.776720117237283,0.716994291125918,215.675675675676,34.8962517947923,100.91971311041,36.8777472364301,17.7828825991564,FAIL
2.35044427621515,11.5246954734469,5.10656227714832,5.83194981147198,-0.299243985931543,-0.363003668332385,204.864864864865,51.6708522470407,59.9613662727421,167.005362053643,18.9153033876534,FAIL
2.1064658891762,4.0957416498799,9.43437768902387,8.47593793215736,-0.0851965770703469,-0.124382290633556,133.243243243243,43.7380296904708,26.7531018121796,184.051299811461,22.3801730202188,FAIL
5.4710495237724,5.20965328876909,8.39833809884195,3.01017524806508,0.534711311544901,0.467941440901546,212.162162162162,47.0700064309077,76.8253490242995,77.5158277443375,18.3002067974695,FAIL
2.80211481357726,6.46777505667913,9.66587513909937,10.0936876553714,-0.100992720427367,-0.147149241094454,137.837837837838,43.7282630721229,28.6109971436602,234.832242855565,22.9870361081171,FAIL
8.82989638842952,4.71465718397402,8.47927225874779,3.85952805794261,0.783206475538694,0.691267285265034,185.135135135135,46.1031065508807,58.7468751105113,92.6990755401752,19.4383769779564,FAIL
5.43651766788698,1.98629239442715,4.50076399869622,9.48558289942938,0.119535584960946,0.0977944838679346,102.432432432432,36.955469239789,18.017360792642,150.764584764084,26.2143680544474,FAIL
6.5190867900866,9.4170057567807,7.14044250048183,6.61503404803741,0.341905179566191,0.260566082729102,179.189189189189,48.5932589131218,49.5035518119813,182.346708673803,20.3000087936401,FAIL
8.4085495587588,6.20003966878442,9.07709298616997,4.32221024322374,0.762909653699883,0.663419135392933,187.567567567568,47.4584810504298,60.2453966316586,109.460286848759,19.4956274985966,FAIL
7.48659767349097,3.92220040336574,2.50514248631597,2.97200271184234,0.440191511096467,0.367060107147726,197.837837837838,44.6450810971368,68.1406876922698,69.1673043338179,18.6403396415567,FAIL
5.84222457015277,9.58419726534654,2.56787754328718,8.11712457199043,0.0427081702295659,-0.022055599859264,167.027027027027,47.6405268767787,41.39103913375,214.466605302442,20.9958524202689,FAIL
6.85728889824582,10.3687751309071,9.48290160344352,2.4813629073351,1.48580859528684,1.32995390848731,222.972972972973,40.1026388374827,130.490722225458,60.6434671542695,18.0253854147635,FAIL
7.63109768362719,8.13779220375472,3.86267260338453,8.59741314772034,0.211103826939454,0.144059238819882,154.054054054054,45.5417708808122,36.8078207462687,212.004559339927,21.9372095061999,FAIL
1.66239398021884,4.93461061569564,1.23616859626958,5.74262770526322,-0.153631092724606,-0.193361745274567,154.594594594595,45.3926734722106,40.1765109381748,131.755581746165,19.2302551263262,FAIL
7.06613180616025,3.77680096241584,8.86363219587813,4.75858239844501,0.42726357326064,0.369970710187105,170.540540540541,46.1245197916877,43.2763423606754,115.023325485484,20.0172475176447,FAIL
6.98752078689112,8.36511391732764,2.21806751146433,3.40482377321759,0.339264104918069,0.232827250864633,211.081081081081,47.3373582879747,86.4969261207978,85.9416209550441,18.4837863397502,FAIL
2.19732912249235,10.2603632684593,1.65275192187622,1.83875165169088,-0.730200032590376,-0.748539597014095,251.621621621622,32.9146782508964,169.985633494809,40.5012735266536,16.9738368964373,FAIL
8.16712306492756,1.47178466379856,1.48477527531505,7.86504132291261,0.164568863045828,0.143794587723035,105.135135135135,37.9307484762303,18.2298647111463,125.630723440158,24.89985451611,FAIL
5.14166513586059,9.09933780860884,1.96855732723625,9.31616682420896,-0.0452545779183905,-0.0998924256906351,155.945945945946,46.3687470747289,35.7394460618141,236.506464478917,21.7186353285944,FAIL
8.34674307200381,8.71687993875389,6.53390998034065,10.4911658471988,0.273600671055565,0.208674185660147,141.081081081081,42.7949227237677,32.371209342472,242.957439574939,23.5872040153247,FAIL
1.24161052607335,10.0044846624963,7.04240716492425,9.62300364038757,-0.362761189808312,-0.421561203967436,156.756756756757,47.1898568787172,35.9922521339988,243.66535455629,21.375525310417,FAIL
7.47715559482978,2.2123044747906,4.77331413360799,9.68047693783515,0.17893342210073,0.154799626321544,103.783783783784,36.653238982948,18.718284938888,152.109234731235,26.4577490965032,FAIL
2.33300256574743,2.39920424849488,5.57195135911388,5.47261013042558,4.24307482247421e-05,-0.0330184414241205,147.837837837838,44.9738840536699,30.2417215826767,129.439180571038,20.3519953105625,FAIL
8.49272259849373,1.79350797208383,1.7490401822883,10.3915142748352,0.151393399441386,0.132651920903583,93.5135135135135,34.625276704657,16.1179137151938,145.871534815663,27.8833013675155,FAIL
1.32803326283329,3.90107065700265,9.26384976757055,8.69437611104336,-0.130203596339396,-0.168227954729916,129.72972972973,43.9881751772765,25.5581833341861,199.02071872005,22.5644715368416,FAIL
1.89053439143812,4.70317526386544,7.60420518034045,9.83702951788144,-0.113747356535727,-0.152276931491129,57.8378378378378,-292.123830258086,25.1840216975791,163.705641413499,23.2626469644247,FAIL
9.86528772887278,3.5706940013897,6.79836036045434,2.3941193562144,1.19714790643113,1.07736991365514,193.513513513514,39.6310742246744,80.9854763703315,50.2149775416529,18.7683208022171,FAIL
2.80065592700001,5.10278141177644,7.753769540359,3.12471587316837,0.00164932823437136,-0.0444721536602404,220,49.0903734177389,72.5158146066723,85.6767696188278,17.9370796373404,FAIL
6.83536433110713,3.40768196566452,6.58912674759491,8.30258596737938,0.197658091264107,0.16011233224699,127.837837837838,41.6968874215093,25.4652774626624,168.378944297389,23.3849639832212,FAIL
3.21355121108404,2.37583522569686,8.51235463342391,6.33244029039135,0.0527102428820802,0.0202729833041015,137.567567567568,43.5598507770184,26.7692159573115,137.317633757944,21.5610231773669,FAIL
1.70323370968973,6.62244295786776,7.9940022418732,1.9977467460898,-0.427465666904933,-0.461276526552346,243.513513513514,41.8280439312664,126.065707246116,48.5674359378685,17.0737430394151,FAIL
5.96586226436303,6.02739945091573,2.35884393399174,10.4506586031476,0.0417813160772078,-0.000205116247741555,131.891891891892,42.6572440213954,27.0012653855257,229.382995526126,23.5503711490904,FAIL
8.74895402129251,10.6576222509077,8.62634324585157,8.69956923714077,0.476291756677545,0.384015216235677,159.72972972973,45.599811882503,41.6953233012539,223.506767914579,22.0080741227727,FAIL
5.19268542780011,6.82917099135607,2.55468645142172,2.69024800913419,0.266108984353805,0.197049487088778,224.594594594595,45.9533674301939,97.3811011094616,67.5993629661317,17.9158817085784,FAIL
8.63176341684575,6.68288819418576,9.29577405868446,2.62778248248461,1.41794502618083,1.26338752922382,206.756756756757,42.4828049241119,100.206977021952,61.0684920153681,18.496209108567,FAIL
6.78306899444291,3.09797402555335,9.92298217104972,3.73770585209337,0.500900587558095,0.445888943955146,180.540540540541,45.1406416751217,49.0814753631163,88.6968772383564,19.3659970221309,FAIL
8.6671999570419,10.0286831828152,9.08090555114643,9.07876355257784,0.434273974916117,0.349507972922717,155.135135135135,44.9438019314488,39.0753453778337,228.645921786341,22.3710992190346,FAIL
2.73168177596983,11.7585562330968,2.82832715814653,5.93716623685349,-0.271363437119438,-0.332429340271592,204.324324324324,51.5390894557531,59.5773063547036,167.377381765043,18.9687328106528,FAIL
1.89181880576462,2.39526173085806,2.76369393811771,6.49881872517815,-0.0205961982409189,-0.0503255460711775,122.702702702703,44.5241148941426,25.9012187308208,125.55083124373,21.0876625545572,FAIL
8.11443034684771,7.1294980755945,4.10525523618931,3.90043124431778,0.627008858016472,0.517558218421148,197.297297297297,47.5872115418605,70.7404595689504,97.9693412964396,19.0359355217632,FAIL
5.90371250380998,2.4854282994319,6.193114312237,2.93000158253663,0.445753486773829,0.399975366867965,191.351351351351,42.9672326033895,55.1114900058922,67.693819579789,18.702124796018,FAIL
2.6524250071756,3.11212416122466,1.01057771366694,2.85014079129671,-0.0531028648458885,-0.0830135063397656,211.351351351351,46.4246879892221,61.8928273192326,72.8739508731222,17.8249586323297,FAIL
8.95368760326254,7.24051042285399,8.41955167584927,1.79966709085749,2.23112601612198,1.99333449168986,208.378378378378,26.8694012595025,150.705703757411,36.7251918588352,18.1111788770691,FAIL
8.5826343117582,4.86537054503067,7.78136309626149,4.6824608670725,0.608178783065559,0.528139024088935,176.216216216216,46.5919609353333,49.8214123812468,114.213076134482,19.9405271760599,FAIL
1.09324606017403,11.659998141286,9.7198897677829,7.27992323252561,-0.519697100264944,-0.589404178383041,183.243243243243,50.6465930795948,49.2084286729571,198.304546445832,19.6203290605086,FAIL
4.59946434032614,10.3233744531301,2.87838122969577,8.55136689872556,-0.047129763952744,-0.107856652226217,167.567567567568,47.8542465020962,40.7851429638424,229.052067490314,21.0051386321528,FAIL
2.07938460434993,4.4107067179805,6.19062396599612,5.72307017256423,-0.103619587310089,-0.147970087591877,170,48.3350009139571,38.5611331118595,145.877524308337,19.6843785816104,FAIL
9.33399554769065,7.28890946413022,3.73550361199757,6.42593180682679,0.403058075944378,0.312358728802841,167.567567567568,46.7815940630861,45.3786332728832,158.951797048378,20.7962325924681,FAIL
1.01046715596602,8.37594604036998,7.17446290141205,5.35675538539791,-0.45274091779566,-0.512437698669689,193.243243243243,52.3940848864913,55.2754508407654,167.26565889783,18.6597800369842,FAIL
3.77163150450928,6.70144517300095,9.18211621862005,2.42591871026994,0.306326227209086,0.25143666901046,235.135135135135,45.7491859036724,106.092733408827,63.8813868567158,17.6208750286844,FAIL
5.59628349925975,2.55845670002651,9.14623780736615,9.73425988364155,0.128666623216611,0.102113602621418,108.108108108108,37.5620019898998,19.8486687366278,163.398744302235,26.0113410646722,FAIL
2.18036597713573,3.89516225499244,7.68648397241252,3.32537376509127,-0.0709427456065785,-0.112797449503104,207.567567567568,48.5635922769096,59.8109928529784,88.7502500814732,18.1046267884327,FAIL
6.25621860945298,2.71558135375505,4.21040764508829,2.79545186433153,0.455781803925268,0.405869551520311,195.405405405405,42.9368860066844,60.1558611679673,64.2804569543315,18.5639029638574,FAIL
2.59544237885203,2.17412912217425,3.60787060596309,7.17096272954373,0.0206602329397963,-0.0066749958709062,100,43.1154113503447,22.9771711600547,142.386930319516,22.2604987216256,FAIL
8.25407577721518,3.94147737289332,9.45304839570221,3.03190197997683,0.881100074837767,0.794158777533769,193.783783783784,44.3304738428908,67.4393374264741,70.5446467007558,18.9090643244042,FAIL
2.71701468842704,6.27905618808776,4.29805371064624,7.10631001826813,-0.10522096900753,-0.153845509624995,165.945945945946,48.3884804287217,37.6620188442654,185.681763000735,20.3363635619139,FAIL
1.64053667901085,7.62589391503186,1.12545538140209,3.55687236844713,-0.39173713763638,-0.43163047853336,223.783783783784,44.0658240560175,77.3257205230279,59.2369123025982,17.6834064325213,FAIL
4.83217375929807,10.1212953834642,4.22832953195306,3.39120103979822,0.299105837417371,0.220620039182921,225.675675675676,48.8180833217669,94.5333019791594,92.4594750299315,18.1014265886039,FAIL
6.42070768540104,6.17148850685946,7.8010704900133,6.04796671199979,0.317456743100053,0.252253115209706,171.621621621622,47.7413876666554,43.8713147712788,158.133814022928,20.3358501758692,FAIL
8.53741508181817,1.69304095411198,8.01560724397961,4.47872337363663,0.441952276182464,0.403673866596047,145.945945945946,39.6393819344183,31.5814764512517,87.779902720422,21.0658044404455,FAIL
5.33375886471774,9.24914245905827,8.26739863745042,9.76018909185019,0.0905923472537894,0.030103322572923,151.621621621622,45.1239451217651,34.9351434288422,249.298003969159,22.4084712933123,FAIL
1.05642667290456,9.79240087851685,6.24554716033855,4.44181251289697,-0.576741468640006,-0.636196466175515,210.810810810811,51.6916463366802,70.8737061853115,116.066949981921,18.0415449180197,FAIL
3.83722310632933,8.86288203171879,2.3496624890072,4.57650905002148,-0.0706459691675839,-0.128760272236678,210.540540540541,51.0902894448621,66.375431208207,129.499011311135,18.5601109194646,FAIL
9.76033145516196,5.35196400066681,8.8425978932566,6.84914817543333,0.508725332874248,0.435431172248085,152.702702702703,44.6445168500947,37.2941080667748,159.145407327642,21.7326439121104,FAIL
6.73625146690618,4.81071528784852,2.25313741617442,7.18489899640853,0.125076644138715,0.0768897231868552,151.081081081081,45.6630465247227,33.3855148293157,170.666770676449,21.3216106897331,PASS
8.19644939960634,6.63854477787554,4.6555011500111,3.35912719515849,0.779484947225102,0.662809735258546,201.621621621622,46.3646372238668,78.7406138674708,82.0250733885278,18.7866686459475,FAIL
3.00432930573387,4.0798366046627,7.80587706894518,9.35282057528361,-0.0247642956244927,-0.0610479463808837,127.297297297297,42.4614803030625,24.7317061344417,199.251232629589,23.3788295546622,FAIL
2.64570200399932,11.1580660448311,3.89421969074933,2.50190043537059,-0.320158687911124,-0.362570257161617,248.918918918919,44.7214235826105,131.596771454582,64.9471509821905,17.3186390520336,FAIL
3.48422139574546,4.65531631559207,7.48575120517392,2.42699124522104,0.201478726937324,0.156660168998119,228.108108108108,45.7554107947442,88.5369073008875,62.5964278651966,17.6810516597525,FAIL
3.9637910205051,10.870697274407,5.70673751136225,4.8396641169674,0.0570154418132039,-0.0132800241943951,212.432432432432,51.2706025813684,69.7526769422179,142.794317273356,18.6881785450926,FAIL
3.26138347969244,8.02604124856188,6.92473949768219,1.76794945584347,0.179049839726892,0.1374659067324,246.756756756757,35.2187994690755,157.327726562297,42.6378862441583,17.1838712530684,FAIL
2.29019839196743,12.3958219116117,2.15346560237472,5.98291648533183,-0.372695506653755,-0.432002975454421,206.216216216216,51.4571749743693,60.5282571899907,155.939489182024,18.8598861062119,FAIL
6.26889561433063,2.73036719448748,1.21434337664728,10.0459218612308,0.0778736004348504,0.0530721076218632,108.918918918919,39.4218344966907,19.4997531442497,182.730627856253,25.054684334663,FAIL
6.6816320090174,8.57318434469212,7.29012972060088,4.50028631399668,0.576556182969478,0.482073215528101,199.72972972973,49.2217162193692,67.34252687966,122.839037973932,19.0980540649823,FAIL
7.72151085327767,8.53720605992606,9.4628562722527,1.65200228679063,2.35869150907633,2.13769651207052,215.675675675676,19.380594946061,176.888438736426,34.1259854449462,17.8310367823937,FAIL
4.63207792742175,11.6766872054375,9.28821285905421,8.15765293729862,0.0687671551608673,-0.00414033523935886,174.864864864865,48.3666019953825,45.2622307128095,234.186656189263,20.8139681023049,FAIL
2.71733338300584,12.1037337062248,7.44055267137593,4.2869393149755,-0.213735201206878,-0.278603074091216,227.027027027027,51.8102037486574,81.9113430862351,128.619716966109,18.160825247475,FAIL
8.09556958884251,4.8332523906168,8.108234996939,9.53762959152823,0.252470601053843,0.206465288115989,128.648648648649,41.2062174502439,26.7896579243187,197.396553296872,24.0795263392999,FAIL
1.00919337736679,2.67406026255544,2.92205578710899,4.5666210955644,-0.11103251266749,-0.145496865395727,164.324324324324,47.8838789149601,36.9727554301541,113.882137684104,19.0044181201555,FAIL
1.53697799530193,10.076399864004,1.73090775849898,3.06393343809874,-0.617475987706933,-0.657055652145373,234.864864864865,43.2908125190536,102.273009644988,51.7034836883154,17.3719074116459,FAIL
7.85307975455018,3.41718673530978,2.28609513152463,8.32084950155442,0.154985678288372,0.117806587662943,127.837837837838,42.1057958640333,25.3234060519205,168.809202285901,23.162372080967,PASS
2.61189733436363,11.7173955855421,2.87429037749661,4.06609151315718,-0.327824118166746,-0.383309719112086,229.72972972973,51.4174211499573,84.5705776512226,113.617608333463,17.9901164077123,FAIL
9.80843986774797,6.6278057128267,3.42561208260989,1.8678525276578,1.43886697691957,1.19004624844596,203.243243243243,28.6592595556647,139.5113465489,36.6547508859676,18.2644515186379,FAIL
7.7932216771908,4.10064478436962,9.14261319153157,5.64353186330296,0.421335187940747,0.362423454422862,160.27027027027,45.5068754834515,38.7343414894167,133.68823675171,20.7737231986226,FAIL
7.49924225978535,2.04721548129377,1.10614333810497,5.10231239913695,0.154158588953457,0.120348376510883,145.945945945946,42.694909346853,30.2357405963639,108.493256485539,20.724493705017,PASS
9.95616499111253,11.6886231620017,7.5172214919016,9.96833714767564,0.496160808442977,0.399593236633995,151.621621621622,43.9244389779732,38.9474549832213,243.715694218137,22.9885945750476,FAIL
3.49750266346609,5.74058685757572,3.14654329261755,8.48533400111703,-0.0442828186908316,-0.0876061363070861,147.837837837838,45.9221752126894,31.0860226441966,206.562665059856,21.6064831474158,FAIL
1.60829520409465,6.85284900593806,1.78746676844797,7.09402188741054,-0.222611421638582,-0.269137903041936,153.243243243243,28.607271470501,38.9527408207076,89.7274186357039,19.8637893897089,FAIL
3.84998751278861,2.41394875031185,9.27056937702884,2.74672994354724,0.248245487204612,0.210375871457773,200.540540540541,43.4863003200324,57.2969614835184,66.51993529942,18.2910752119291,FAIL
9.98072789271375,10.6960622246156,7.18709665387155,9.88576379735539,0.466149210325239,0.375277307212988,149.459459459459,43.7303678119122,37.6255396394279,238.007464705554,23.0586664566787,FAIL
6.14746839675332,4.57090043402528,6.46301753600315,5.64999460923826,0.270673886312443,0.216615110390813,167.027027027027,46.9803757019051,40.375519532257,141.343329175152,20.2956388817322,FAIL
3.1310861850618,10.5340355351028,3.51987115739847,9.36712030723156,-0.170816299981681,-0.227577422291912,162.702702702703,47.3354867103956,37.8876392472527,242.237095707698,21.3149678708321,FAIL
1.9577975374215,3.07522299723963,7.4870378328043,2.02342194824557,-0.0758048017745507,-0.107867338674959,228.108108108108,41.8148365579018,85.480222851038,49.2092375926906,17.3420232746918,FAIL
1.17524805699994,4.93699468103201,7.13047429443326,8.9455040069087,-0.180534292953536,-0.222720924600982,136.216216216216,45.2702230065591,27.666826486108,222.617006940859,22.1175917064376,FAIL
2.72863067549212,11.4979680582087,5.62009276673848,7.34327759998608,-0.221591887605859,-0.28639819475629,186.216216216216,50.189492406246,48.7735437598575,209.290643615396,19.8883883524166,FAIL
3.79255723134642,7.32603232490595,9.46235266651905,8.19972167088567,-0.01250248100325,-0.0676050793620766,158.378378378378,46.8890516586277,36.0995304019485,216.759010439857,21.3208576453559,FAIL
2.01924204860719,10.0032497535223,8.79942293341921,5.94896928557652,-0.308044746018277,-0.372205343952922,197.837837837838,51.311588833361,55.0124680789835,169.782971132447,19.0869604874572,FAIL
8.59472321972008,3.57978292005878,4.70209281450998,6.42623889482433,0.327474777013625,0.276916267637031,146.216216216216,43.8020144060753,32.4332461399392,140.956948657126,21.6326663080518,FAIL
5.35736558892724,10.8103304383878,6.06773996638639,9.16332959686976,0.0871293726674131,0.0200253018455525,162.162162162162,46.6553505842164,39.5433862184099,244.966372553804,21.6514772957017,FAIL
4.94858020263653,5.23207278851179,4.59731382573804,4.39604215144889,0.205827981523686,0.150786610928475,192.432432432432,48.9996838823189,53.7464635436681,117.17021541585,19.0204978294954,FAIL
2.79441207318278,6.12802747539675,8.9500608486646,6.88999318069625,-0.0830633105923116,-0.134919476923718,167.027027027027,48.3350795641151,38.4073855027386,185.161944919075,20.371290568925,FAIL
8.12023258476635,1.90643742252248,8.89238335449059,3.33404642284213,0.587499528098072,0.539678686766967,169.189189189189,40.3593824267009,43.5123264495857,70.0781333663721,19.6796564663187,FAIL
1.19501215782252,11.052690219525,7.96777730937426,9.12103813175699,-0.420123901810225,-0.48372592038371,164.594594594595,48.0451658780365,39.4553769636139,226.188806523387,20.8883969967508,FAIL
9.47277064115185,7.21973811329997,1.71763071756185,1.71417014711886,0.684978520719211,0.415872151163369,204.324324324324,22.0654392987959,158.002127726718,32.6141260400026,18.1127526060591,FAIL
2.14363580323026,8.25657609494013,1.50064304199625,3.61089908599253,-0.346835396798279,-0.389849026506178,227.297297297297,50.3303514132526,79.4772537482267,91.9488656696797,17.7823270357961,FAIL
5.95790050433197,6.84445939511282,6.89010246663218,10.3851878622061,0.11322631202252,0.0642189625634829,135.945945945946,42.6639266354213,28.97780866033,236.119575976882,23.5880922596274,PASS
1.29107986237057,2.03689749415075,9.70332640121846,4.48796849787768,-0.0699406623666927,-0.103731162421081,155.945945945946,44.9766542166852,33.3329641081141,102.999571407844,19.5862128212826,FAIL
5.79180711880492,11.3372672678584,8.42679316588122,4.18612679856092,0.603082452837905,0.501809260284611,214.054054054054,49.6776773925481,82.2743041358213,118.970371786675,18.6516382115192,FAIL
6.57188718410858,11.301907191102,8.97095839750314,2.20587382672429,1.65231660768113,1.48693557478986,226.756756756757,34.3614912615795,152.459982766461,52.2746748763283,17.8399447684607,FAIL
6.65803308626656,11.5920038304915,7.39196892682803,5.58301562084578,0.524571825277503,0.421403842622688,195.945945945946,49.6000005581585,63.8354563728333,158.329784120888,19.5332846634541,FAIL
8.415904819313,3.01704563982407,3.52713539538623,8.07555114681859,0.220709725675755,0.184103849041965,125.135135135135,41.2002697733433,24.6831865051209,156.713410340266,23.4767020257233,FAIL
4.6910480398664,5.87011753263229,9.2140191557383,8.30126734817261,0.078493358299521,0.0286667794076965,148.378378378378,45.2755210329614,32.3731475810837,204.480797501752,21.9322926946096,FAIL
5.38246301565341,4.01174464939733,4.358970678518,9.40991629755016,0.0891329694766723,0.0535717971737993,125.675675675676,41.8599113965492,24.5294259354023,194.292931347075,23.674738006467,PASS
8.66686280690631,2.44967584036558,3.00936795293665,8.20349053228778,0.210585805768642,0.179521911456449,117.567567567568,39.8414678208672,22.2091123628382,147.461471506532,24.1559053973068,FAIL
4.94460813902719,10.9187838544847,1.84462072639101,8.61182134092881,-0.0862899251371247,-0.147843005321327,168.918918918919,47.9617669460384,41.6113524123647,229.978838139698,20.9658073169346,FAIL
7.17868188712917,8.85244922518561,3.92430900401459,5.30737942428416,0.381658958939879,0.289850904987589,190,49.0491166022662,58.7389437825124,142.195069281779,19.571371845031,FAIL
1.07356972293945,1.49010231576668,6.3372430050456,1.8854425781811,-0.10617502788638,-0.132162771429293,200.27027027027,34.8083639780421,63.9531546068195,41.4658814107729,17.3942876811718,FAIL
1.87576037883351,2.83403605171024,6.79904992950824,8.36383785896465,-0.0451713490390189,-0.0762217496555131,114.324324324324,42.3317699819362,22.8860107097329,162.972757629895,23.0472019401912,FAIL
8.83517309973532,7.08226500855396,9.77956367430223,7.34848731381596,0.484668256682199,0.405268919304194,158.108108108108,45.651253396935,39.8616462009995,181.90038430329,21.5976430142818,FAIL
4.2315454188367,11.1981641826587,7.47325548260482,6.35642054883717,0.061884895236024,-0.0111263526783465,193.513513513514,50.427164670145,55.2106247428985,188.456604205549,19.6063121303388,FAIL
1.59030432714383,12.1147361865882,1.05498716949838,10.4410784909582,-0.334484867550581,-0.386321310474264,158.108108108108,43.4606145138454,36.4706912293479,141.834424018033,21.3371751936171,FAIL
4.50757033357002,10.5950343216201,8.24392253158523,9.27373841480263,0.0160956736551502,-0.0484284538095766,161.621621621622,46.6832322671389,38.702257659352,251.256007328061,21.6746497899774,FAIL
8.7066500785724,11.5455590403759,8.65822267784423,9.45485048262868,0.447949224648734,0.357125759342609,156.756756756757,44.9637127767649,40.3201872242111,241.111448641857,22.4394195395682,FAIL
1.12251198688004,3.8114302193673,2.79752140853828,10.1212937432088,-0.0980188598155659,-0.129549113238418,118.108108108108,42.4618401654252,22.1620350729495,210.194897690918,23.5329046553116,FAIL
4.46231754895861,11.508171309664,7.74845213167946,4.97815343900035,0.195043326143731,0.116149701278055,210.540540540541,51.0229736214182,70.0565243727278,148.282285998802,18.8408107710768,FAIL
9.60693771307007,7.08859534122669,2.24419588771152,5.0727236770286,0.334047569089096,0.22525698615506,180,47.3925356449399,55.4789740406346,124.60078400217,19.9182529469521,FAIL
8.84357299855817,4.78469414629309,7.31925574576639,6.94011166244716,0.398856161661911,0.337436197957077,149.72972972973,44.452567935063,34.8357794440964,159.370231094139,21.7771966670585,FAIL
7.04783852715965,5.35049314530359,5.25470815991706,6.51127266997148,0.279462297741841,0.220519659751747,160.810810810811,46.4645768024887,38.4508076552787,160.675947791713,20.884354674499,FAIL
4.17474513839706,6.98310804163472,9.52325022884108,3.64654766625037,0.247487252172924,0.184751014905092,215.405405405405,49.8910148286541,73.4845173315548,102.867429784277,18.330693432746,FAIL
7.28686726049114,7.86427659535733,5.71056558242141,4.05520408837494,0.646593225140612,0.54456554149924,200.810810810811,48.4256201321657,71.3321782909645,106.263797843816,18.9674871819517,FAIL
7.12007144572417,8.43841708305828,3.64382941360171,7.61939908956852,0.207360651838735,0.136273524549522,164.864864864865,47.0999725508438,41.4616480755535,196.550878292875,21.0836477717136,FAIL
8.98603610316776,11.4175189462861,9.07959383465444,1.67256711233783,3.35160752758936,2.9653716663589,209.72972972973,4.04037310976833,202.963812854916,33.1268039100072,17.9930490925702,FAIL
7.58884459638668,10.3235177915815,2.98458136913368,2.86626991796676,0.747758245141375,0.586540668780645,216.486486486486,43.0864858288261,113.492221200331,68.5220700191484,18.2730409104956,FAIL
9.60772254006548,10.2116358998285,2.94504421121783,8.24349739161963,0.284846255371676,0.187814688538756,161.351351351351,45.9564717098917,42.7523363448231,203.974262745253,21.683009928914,FAIL
1.74693228518064,2.32138856315632,4.31047483834891,9.99974296695023,-0.0144801886297413,-0.0377663045021113,101.621621621622,38.0988831020657,18.2220109889754,154.632988239964,25.4973247885046,FAIL
2.55733924800452,10.3921591952899,3.34283211606931,1.55646977526834,-0.478546996229894,-0.496216584483041,251.081081081081,21.8042481621565,201.88457355345,34.4017883416253,16.9376843825641,FAIL
6.8989243736956,2.5429722315825,6.66882798708319,8.87599786423436,0.185081177945303,0.156060441648123,113.783783783784,38.9100004159796,21.2548925826628,156.141013871119,24.9507016587266,FAIL
7.15282900390572,4.7202895050996,7.37135453891748,7.44446188212086,0.26546516062709,0.213960400643119,146.486486486486,44.4247664601697,32.3830109289247,172.418651303432,21.948488234277,FAIL
9.27279192608644,11.3027827993568,3.90906144209026,4.49700290837317,0.781149245692758,0.610549281817099,197.027027027027,47.5607432697902,77.8339744370051,114.051487917976,19.3228660684969,FAIL
7.84349141251024,11.2809311537414,7.08580695552719,4.23770271928136,0.942934970343627,0.799410732666006,204.594594594595,48.231432770948,81.8240662868307,113.175126887265,18.9998562767772,FAIL
1.31209654265462,3.24534212475533,9.71631345418278,5.3822461493023,-0.132604444166262,-0.173655706099165,159.459459459459,47.8420261785926,35.2382543511152,140.036556172441,19.7591187127048,FAIL
8.11854900433904,6.27992466056814,7.46657713170137,2.94470600226354,1.05443493660156,0.931824623875869,205.135135135135,44.9467563175771,86.9213312115633,70.7661211020299,18.5974911860076,FAIL
6.70753221424342,2.16112677605212,5.54966022916547,9.0725489842928,0.168748504441725,0.143858655801523,107.567567567568,37.6582989962455,19.4435299527175,148.813592563242,25.6685183094757,FAIL
1.01698138357558,8.2922500606226,1.57885901810567,9.86905564733383,-0.267986789630709,-0.314729740543271,147.567567567568,47.5612236999662,32.0009754228887,287.950573210446,21.4425984109261,FAIL
8.49803755873456,10.4348854709812,7.8830743645905,7.77717774474027,0.500633564300295,0.403931421072496,167.297297297297,46.724352917425,45.4274683310678,204.421988054791,21.3238493325369,FAIL
8.19596909402189,11.2918129179163,5.67797158552872,3.59771064105326,1.09174258656442,0.92126373414104,208.918918918919,46.2831100109462,95.7068274198903,91.389328183238,18.7174551604552,FAIL
1.04218282020006,5.5830954279145,5.95012252505807,5.4597421044092,-0.284320982741844,-0.334378999768643,178.378378378378,51.1277746446508,44.7327758842925,163.571347328928,19.0455307141098,FAIL
6.45534930189801,2.42719167450187,4.92357523015702,10.2322580835199,0.141250539889739,0.117211031480274,103.513513513514,36.6716030819286,18.6156786337056,163.227404684407,26.6482575797617,FAIL
3.1582370758099,8.67911707749541,2.42689719593581,4.33741209425042,-0.151101969448008,-0.204490927191524,215.675675675676,51.3194497492154,68.8778741386635,122.496111964546,18.3323216423798,FAIL
1.58000802378801,4.12920965076787,4.93243606081431,7.80937939293099,-0.118709921522387,-0.157854127506071,137.027027027027,46.1902421670194,28.508521628362,198.190152207965,21.3987141700277,FAIL
9.17924696194428,2.12866951053248,4.21637590927799,3.92572833588954,0.488616395070738,0.438275193475743,161.351351351351,41.5498277840099,39.5124633169432,81.7001740057956,20.1498877472787,FAIL
9.10050526302104,2.77781174412483,7.68485024522558,10.2222946849703,0.246009007097627,0.216787833275344,106.216216216216,36.3570800571845,20.0199094797251,163.132468556691,26.8775931882875,FAIL
1.55612720152762,8.2605521267063,6.13684301574969,1.96228206043397,-0.648967253553963,-0.679040955208688,244.864864864865,38.4004179166194,142.953876213945,43.8580350371174,16.98156987627,FAIL
8.58481699432678,9.49759552477332,8.25364046388431,6.55436588018406,0.602788297501873,0.49882449471029,175.135135135135,47.6010095659386,50.5705468557997,173.629835008658,20.6212584740293,FAIL
9.13537594151587,7.51857597436906,6.72561735276375,5.62966524913401,0.634640510116488,0.531440944258376,176.486486486486,47.4043389045154,51.9549252982786,143.258213520794,20.2840734340553,FAIL
2.91168809317506,12.3702840165567,3.3259903165436,3.52267601298657,-0.266975790298909,-0.322913643041111,237.837837837838,50.1613202981811,99.701934890974,98.1555007275964,17.7764518429105,FAIL
9.40078293741356,5.0149508519122,8.90758538384329,4.44377569954297,0.75641275855688,0.662507247591144,177.837837837838,46.2568507609402,53.2390357808475,106.989757412742,19.8961989490564,FAIL
5.05332151614306,6.92975500503684,5.86253413393046,6.09911339192034,0.155880669884893,0.0952745418310788,178.108108108108,48.8956441239618,45.6847119541636,166.262692366454,19.972364824901,PASS
1.59518218248166,8.00426387874677,6.53950364233084,4.95796128205725,-0.335783206417266,-0.392289656360798,202.702702702703,50.1393929309385,58.2043239116661,115.49533881161,18.5467379616319,FAIL
5.90377086249827,5.94397687521409,1.07479509031336,7.22444943507805,-0.0153009548573724,-0.064169835288743,159.459459459459,47.3306864809438,36.4351963824972,183.875340116904,20.7800603110957,FAIL
7.61318630333079,10.1019093321932,5.15731003432215,3.94412970289594,0.782777276057842,0.651659795536422,206.216216216216,48.0050810900417,82.8348365937575,103.07779211946,18.8363661596277,FAIL
3.06076370417184,11.1235168941434,6.86602564866549,1.72913898532055,0.0239489624200118,-0.0131842504864039,251.351351351351,27.8214904820989,188.846261634463,41.2522445586409,17.0886063064732,FAIL
4.45177638267791,11.081747226766,4.46616772059414,9.19960729526147,-0.0334258186526429,-0.096317814006349,164.324324324324,47.1812839006632,39.6638835022206,246.683699206602,21.4186936855989,FAIL
8.62081707422739,6.00539705810088,5.41860648148533,9.79805785543875,0.251518710744102,0.198423102237333,133.513513513514,42.0025655534338,28.8681815393107,211.482271684914,23.7492173261558,FAIL
9.17126558685307,6.01566959165712,7.14133762526058,2.98602544407449,1.15378062668366,1.01352412617126,199.459459459459,44.2888880704859,84.3536750373207,69.6182468134378,18.8010984626211,FAIL
1.00093021276437,7.87246112484532,8.19643690813518,9.09821553872465,-0.324337488692586,-0.378840368221713,151.081081081081,47.4637314665311,33.7524447856589,260.258512636213,21.3542617900058,FAIL
1.90672541581568,6.4620404461865,7.30473238416842,5.16759356439763,-0.211708354671892,-0.264743269980426,192.702702702703,50.5047736024212,50.6555836714209,139.232572799299,18.9031354864618,FAIL
2.65581770703931,8.88755697253175,5.28684769476909,9.34911618376307,-0.172520626404933,-0.226404602436808,156.486486486486,46.6702233861129,35.0614231499106,234.929683450881,21.5521187112761,FAIL
3.58862481436565,8.00760358394516,4.78829420158624,8.54161763622749,-0.0669481584585601,-0.120234162198399,159.189189189189,47.1505041291254,36.1711790456459,223.115328489369,21.2507955162301,FAIL
5.97510469708548,1.60347089363569,3.98574945396834,8.27473911825766,0.149531669530744,0.128596798498003,104.594594594595,37.4845229524325,18.2580095943258,131.478625788779,25.3761992621726,FAIL
7.10223490725448,6.38819393205728,1.44841077767249,8.6976937064252,0.0349576349333398,-0.0163056881336732,146.486486486486,45.1128343753281,32.3185560011301,207.12581328597,22.049878354453,FAIL
8.17552677761968,9.531674698183,8.02724377516468,2.23304215119771,1.88744266671407,1.67367364795405,215.405405405405,34.9412229731234,139.435620223971,50.2620222837527,18.1319398398905,FAIL
8.41506094459892,7.38629714597518,4.28272059526532,7.17682325449481,0.334444071355907,0.257388313788171,162.432432432432,46.4825084023827,41.2744264300744,178.977099290216,21.1773685325103,FAIL
4.27528393846772,2.28969656501437,1.44862208435368,7.40996869688742,0.0644977470552143,0.038219804016735,124.324324324324,43.1810336559961,22.8586955648918,155.357271574839,22.3372587718736,FAIL
9.42666630333296,11.6063458744007,4.65438529793927,8.53498977647505,0.425919479375913,0.322070863781563,162.972972972973,45.9343349177217,44.1244843820802,216.098716157952,21.7842174182645,FAIL
5.7657009445087,11.9190347047502,7.56324717172168,9.79338223136116,0.134897164519658,0.0635300288569215,159.72972972973,45.9219717472596,39.2396659511731,260.873150496149,22.0875274959753,PASS
8.04719134453454,7.66283295406811,2.14036883143875,6.32297088464449,0.184470613552166,0.104055735287249,172.972972972973,47.8118898782433,46.8136613560386,161.568652851557,20.3831076524151,FAIL
5.51525036988294,3.5543753185717,2.95956138892876,7.06564660236156,0.114194659070425,0.0759201011976968,142.972972972973,44.5746208918274,29.3448057554106,160.166689043653,21.5613123649014,PASS
7.85773574978355,2.64167239144794,7.22970810913312,2.03835329902057,0.98933629116756,0.913832871062174,200,36.7510314398079,80.899167348985,42.5359746617715,18.3501763058109,FAIL
7.52512109994112,4.16285091927575,1.28767150489455,7.06046695856891,0.0870247401163128,0.0416356512954362,146.756756756757,45.0731588980659,31.6888932881407,162.909329922936,21.4369161831449,PASS
5.67074048907261,1.53265141564284,8.63078082809721,4.84961864814176,0.244909449819156,0.215386496158897,140,40.4043492629209,27.8505073142025,95.7119192429208,21.2182803073567,FAIL
3.39604265466119,10.1514645706861,5.42253474908303,8.45284930637729,-0.11459160901987,-0.175015651671959,169.189189189189,48.216897231115,40.7757675435462,231.579979676681,20.8619074089936,FAIL
5.2548832260651,1.9264033203253,5.88686716512405,2.09273572952125,0.488937892969135,0.450168452449211,203.243243243243,36.7712948912443,66.8376517203119,45.6322119025586,18.1048987364469,FAIL
4.22155367741015,3.30749826809136,2.22040323460209,5.73925967395535,0.0613319292064923,0.0245693895803373,157.837837837838,46.4945610468526,33.751860452349,139.494836991488,20.2245902705278,FAIL
7.00381283640426,4.00093529796779,2.74849250158082,7.7012477518519,0.153108806969037,0.110906032110153,139.189189189189,43.8359024705915,28.9593292667076,170.132626738479,22.1620450647443,PASS
6.24924668622247,9.94841276834147,4.47152010094757,1.54227788090928,1.47677067412547,1.31211201801702,224.864864864865,11.3755551611627,202.76147237217,31.6086296396538,17.5232440850453,FAIL
1.97081436262642,2.41929734764295,7.85090887338305,8.64005730016949,-0.0226659812749261,-0.0503372885236935,108.108108108108,40.2801160596833,20.8792395807579,147.693271798737,23.9797982800275,FAIL
5.3746057344541,5.17931146134357,7.67109203749014,2.53150117335889,0.611784201703576,0.544289855928433,219.459459459459,45.0198871310887,90.3515090639266,63.0478496172449,18.0064140730249,FAIL
4.2783794446192,10.5933135174311,9.68994687669935,5.22542200577641,0.157943169144073,0.0825806992722422,205.135135135135,50.9762286327748,64.3337785186163,156.747154098715,19.0178407846625,FAIL
5.79689742117837,1.75028776846283,1.04852048476065,7.87432364493807,0.10325176727867,0.0816780510554802,110.540540540541,40.5146647806993,19.3800168148779,144.181424939983,23.7190634602315,FAIL
2.57525326814124,8.66077522512925,7.64023109670619,3.54222025050608,-0.161048888008232,-0.216028385950838,228.648648648649,50.920857499491,83.2473672759337,102.507638789504,17.8981253398179,FAIL
3.85671173733462,4.57303944650005,4.67486832824492,2.30266474373472,0.235732687676916,0.19112634773798,228.378378378378,44.4760288433424,92.4154430808786,57.4783145609756,17.6529686352224,FAIL
4.24275403969535,10.4482425167923,2.28667722001246,2.78982267390496,0.0071849760688536,-0.0583363462171178,236.756756756757,46.1376605255703,115.437858062255,72.4361947421724,17.6961441956038,FAIL
8.13344471783151,10.3992085813423,8.73189779640103,7.50317584208401,0.504981384220675,0.408954312077591,170,47.1493612262087,46.7542347226107,200.430281494272,21.0961905565592,FAIL
8.38562356361735,9.92983513898152,3.22208020839093,5.82308482114845,0.392437421293771,0.28281539828251,184.324324324324,48.4314844390383,57.2839977926344,152.490999549632,19.9757459958229,FAIL
5.86676104791295,5.01856659823094,4.13024778316685,6.96957499390324,0.153137725794633,0.10374750497044,155.405405405405,46.2391371359813,34.9506039529086,170.676877496318,21.0772740834176,PASS
9.21546367247119,3.00306597648917,6.71584775421094,9.38568405799723,0.265204953802612,0.231254388283593,114.054054054054,38.3729627488133,22.0581857015825,163.693231298168,25.4436105409591,FAIL
5.85320294522769,9.72167076322402,5.32294470204972,6.45381346677963,0.232526483645121,0.155868632264751,183.783783783784,49.224073279523,51.1906012812232,180.081686150927,20.0144907509729,FAIL
3.92951203300261,1.93941229229624,7.97871824693948,7.94666164180418,0.0847151282982704,0.0596356293713762,113.513513513514,39.5399093407817,20.4331395624737,141.857518033066,24.2349247887052,FAIL
8.10724122562857,10.711355197827,9.74418465511756,3.87172504082807,1.18134288403981,1.02571264238577,205.675675675676,47.424699682565,87.0259696638394,102.0781490314,18.8944610964418,FAIL
1.16104916723727,2.4679752057813,4.4507968692882,1.67017159014094,-0.228008617571293,-0.253662719469001,221.351351351351,37.3356155087153,91.9549663485579,39.3736872310381,17.0374245402961,FAIL
7.74785183232851,5.64098945596753,5.50463978035819,9.63688746127488,0.21087540260124,0.161840162230692,133.513513513514,42.242184034604,28.3502710609554,209.097955952011,23.5887480646932,FAIL
5.03368614707869,4.92557720173246,1.63889120220381,9.80048050495212,0.00940077369542514,-0.0270840022493234,130.540540540541,43.2424873093444,25.7848984705034,215.820656555059,23.112165206866,FAIL
8.05887567659944,3.73102156668335,7.33721866492507,3.42391326613693,0.690232038478941,0.615519699089639,187.567567567568,45.0979324048791,58.4801081256524,80.4005395325048,19.1560630516777,FAIL
7.26023517168067,1.55552611165314,8.48478445994212,8.85496121998007,0.199827757327639,0.179619092367641,98.6486486486486,34.7022258987148,17.4144268040824,124.48078200315,27.2512585294963,FAIL
8.51488026622706,9.69668334195518,8.19046022800161,5.02391820807745,0.827388720104017,0.700418602971907,190.810810810811,48.362569775178,65.0556407800715,133.783296846298,19.6383049213697,FAIL
8.95835469687283,10.7901114121188,6.25186767609655,4.2578496135434,1.02844353334252,0.862797666314339,199.189189189189,47.4911892152982,80.065331105572,109.643285971305,19.2006481547115,FAIL
6.07668470821266,9.22350264965649,4.60947631184038,3.18651338944985,0.607798162739643,0.507088527518929,219.72972972973,47.1685952240165,96.3964517932354,82.8806982550101,18.23601284794,FAIL
5.90982476063727,11.5692449314404,6.06611213286324,10.1915590422192,0.11354739113548,0.0456070089824331,155.675675675676,45.319827434293,37.4091506714037,263.567119363768,22.3977351272303,PASS
3.09383717435974,4.92692248956742,1.35432004771273,2.1633609961827,-0.124208255694697,-0.156929599477463,236.216216216216,43.8204420336186,101.317559749594,53.2956000955153,17.3829658623104,FAIL
2.3788303014024,8.55394717590487,3.97087491335143,2.12754434352704,-0.32566241767412,-0.35957676763871,248.648648648649,42.1678315139433,134.907997447317,52.9221001015517,17.1687328471315,FAIL
9.44758087712986,4.81822579873602,8.91418803521538,4.35650607799134,0.76228006570534,0.669416440886984,177.837837837838,46.0705491615313,53.2010236807399,104.129462212996,19.8747489640441,FAIL
8.07712846714643,2.13280653142988,4.55232703828801,8.33595264718268,0.218099885943386,0.190692974822355,112.162162162162,38.5466653595986,20.6913323716775,140.97218946682,24.8661245039025,FAIL
4.3649198701235,6.16400511060814,2.4538274042905,10.2561194657429,-0.022937337837949,-0.0638456876322839,135.135135135135,43.5996192339517,27.5251014688815,232.466980027264,23.0479967019859,FAIL
4.60853336660593,4.20760889219629,8.57132739656049,10.441115541191,0.0567749748814651,0.0219103121891225,119.72972972973,40.205713070212,23.17838163652,206.32426587842,24.8140030803761,FAIL
4.7657048035695,6.58606303949619,9.01530482366563,8.96060935346083,0.0669059363296448,0.0156917055443757,146.486486486486,44.8706321277301,32.0251280062387,220.267233921242,22.2896437777746,FAIL
5.98565664316786,9.48151679567005,8.21408610519497,4.42442406876168,0.531367739854384,0.439547214524835,205.945945945946,49.7381917396401,71.652892305929,124.316113243434,18.896235767603,FAIL
9.01558516395803,11.1167044172058,5.55854135959179,3.28899410770014,1.32726103819295,1.11687090634669,207.297297297297,44.1111578534297,103.829760272199,79.7781312244985,18.7010507662127,FAIL
6.47760105500963,5.71412170532129,8.10011037633743,5.76299172881429,0.337346801235549,0.273257795988478,172.432432432432,47.6580730821941,44.1831478449513,149.432260024013,20.2270239456999,FAIL
5.099329821642,2.11852629418363,3.80975240985887,1.66874083406036,0.511923562243947,0.47247048899605,213.513513513514,32.2350848022447,86.9455568128338,35.0551655205835,17.7137653806145,FAIL
4.76640033209808,8.59897217431939,2.85128613780194,2.96431775981709,0.199206867645785,0.129263653579795,228.108108108108,47.4514522777135,99.1770601519569,77.5815291321785,17.9183330075728,FAIL
7.25858782665341,12.1997841940601,6.83160188774911,7.25634419482997,0.431353235340093,0.332778134722882,179.459459459459,48.2664331489762,51.7294798392479,201.058233432753,20.5888456560213,FAIL
8.55709251508922,9.71478567444951,4.0172520530103,8.61701851036002,0.291579672665492,0.209260657978328,158.378378378378,45.7398092842786,40.0731500644542,215.209579165356,21.8806373152268,FAIL
4.52861615498935,11.563307939722,8.65404718663604,5.11765993062569,0.212700249251045,0.132448822770216,208.648648648649,50.9760689531604,68.4808175646603,153.187318609568,18.9352395131924,FAIL
4.65742681303311,3.00271669885154,1.48023370287729,6.23089955168659,0.060177192529994,0.0266451717138369,147.837837837838,45.4421299740676,30.0117789125914,145.896128331818,20.760738201081,FAIL
1.79018954933408,10.5947559777269,2.36899674273172,4.75708454340988,-0.42958185132463,-0.483426568289935,216.216216216216,50.5540855465645,69.1790497823154,107.268695323945,18.2226754417164,FAIL
3.43406593981783,4.975539077718,6.32927954552824,4.54843525816738,0.0476759848369439,-0.00114937705699458,191.621621621622,49.549339898997,50.5573128992343,124.495605482833,18.9462836054225,FAIL
2.80187435802029,6.88308605669188,4.00930320206062,9.23858873769756,-0.114849568027046,-0.161336071421654,147.837837837838,45.7501208261898,31.4347192154906,222.0547020897,21.8433585580096,FAIL
6.56609610510043,12.1038270080946,4.37478084002125,8.83842173563981,0.174209643110825,0.0956538232802585,167.027027027027,46.997001871913,43.1612387491486,235.760110657996,21.4331848015021,FAIL
2.18470712655376,3.10314442764851,7.81898460599946,7.0266904901962,-0.0424031702424092,-0.0783810966989994,136.756756756757,44.5828282503736,27.5287395813748,160.451122278151,21.4953483842236,FAIL
8.09071638635017,10.2874103987197,2.6462803673722,3.02978941992973,0.672115689406359,0.500487420329887,212.702702702703,43.7794930409049,107.617693537368,72.2526338584185,18.4229154019637,FAIL
3.18329604511105,6.17436220063586,8.90512372854171,8.30585983689249,-0.0554834379732713,-0.104758604181652,151.621621621622,46.1571695308457,32.9021896872101,210.196936500265,21.5624880259868,FAIL
4.46998090441499,9.33375678156646,4.0696978158538,2.57202062749559,0.315691781991589,0.245581183648111,235.675675675676,44.8583500048834,118.302552621327,66.145863722828,17.6828726740823,FAIL
3.60867767633466,4.71700231438774,8.42861874194423,5.98983855800238,0.042098593985011,-0.00564221882999788,167.567567567568,47.8906366197786,38.541932488012,156.816873048411,20.1420324687352,FAIL
5.84097623578285,7.07385497044932,2.6183161387712,7.5646007387882,0.074726463380376,0.0185348743509643,161.621621621622,47.2272533725516,38.1354263067909,193.932849774159,20.9722610702952,FAIL
5.91845549513885,3.22088064114863,1.54573266274247,2.76564938364662,0.213975268755218,0.164708082855456,202.702702702703,44.2166556729754,65.7803909287951,65.4098078052135,18.3182797032246,FAIL
9.70816747806206,7.48007158022561,6.39321710853994,6.00168916874911,0.622356992797213,0.518275958462833,171.351351351351,46.8791460851828,49.0175322260173,150.051083061588,20.6260613334615,FAIL
3.98450644781395,12.0975735059837,7.06210928590164,2.49445187776622,0.375423784897921,0.304500873875251,243.513513513514,42.7415726863897,138.283939193412,65.8460991049923,17.5334609133931,FAIL
7.44016966573084,11.2551901478544,9.87165843979201,8.9962466636306,0.365823847182864,0.281876120481105,161.351351351351,45.9320117649074,41.3788919022762,238.284155236953,21.9482429875765,FAIL
7.89568943362396,3.0544757873497,1.48211898912227,6.32887879252154,0.147915605740061,0.107051946056622,143.513513513514,43.9003314331501,30.241636778561,138.43845787142,21.3796026700526,PASS
7.81493506246064,2.68554803548909,4.13962871347378,8.1703266894266,0.209548007598675,0.176914083264646,121.081081081081,40.4906132254122,23.2001873520267,152.879736542339,23.8506971241465,FAIL
6.09864644692917,3.795731393828,6.18399376943516,4.7863180034969,0.306304922566703,0.254970145949157,172.702702702703,46.7223986832211,42.9101734020009,117.924262557402,19.8107236985048,FAIL
8.89808918769991,2.76836479226111,1.71588720514359,10.0494087353948,0.140480070105042,0.112626435116582,108.108108108108,38.2037042714424,19.877694486338,171.145964489403,25.6957856245122,FAIL
6.36434095754931,5.92483698568647,9.94717187020534,9.12189347073896,0.185675273581647,0.134669873618473,140,43.3760788417657,30.2875973834802,210.922803197943,22.9665313005748,FAIL
6.94294119701223,10.5222092692516,3.50370181174416,2.5983352756128,0.854596584691981,0.704049180512822,221.891891891892,41.0556585776308,125.631634648385,61.8318391762872,18.0531769601154,FAIL
3.82821494268562,5.34880108313014,2.6008325996612,9.99996021271489,-0.0273251205060337,-0.065328745797692,132.162162162162,43.4543210472672,26.298026509376,222.494733251568,23.0493450093589,FAIL
5.12190632201456,11.9442017788237,9.13436343774272,9.83035483761386,0.0773470518079776,0.00776330828347771,160.27027027027,46.0785058457004,39.0900188991648,265.853948377087,22.0386603728377,FAIL
6.97883534191774,11.0048893462851,7.43876207744486,5.09650625530409,0.626363870660609,0.516711453351417,198.648648648649,49.4247909993123,67.8020623581527,142.260186472826,19.3427146681146,FAIL
2.26936841591816,6.96550090884843,4.16939448791538,6.67448743559999,-0.171919306221755,-0.223060791371731,175.405405405405,49.3612403143192,41.696957184026,173.940306322128,19.8227720976413,FAIL
7.57960082652761,6.38549568430448,9.81647996501715,8.48360149407293,0.300976785176816,0.240696169143378,146.486486486486,44.2193646361816,33.4401266997371,201.697434941543,22.4684910407229,FAIL
2.84445872512418,4.88522588273765,2.88585645503745,9.26991741791826,-0.0606853605010517,-0.0982925206060615,134.864864864865,44.2883629257392,26.7511545437415,208.043810955388,22.4400755990711,FAIL
8.06914574926308,3.80064278832498,3.6248202059608,9.39595620201433,0.183956738053144,0.146386466229692,122.432432432432,40.7166287777099,24.1840444566221,183.130330127355,24.2189300619131,FAIL
4.18198344691064,11.6857024071797,8.26496960857609,9.22235175323536,-0.026333887389008,-0.0934829840459552,165.945945945946,47.2421841459451,40.652473037604,255.831588176271,21.4424624548264,FAIL
5.75465759232169,4.90250151777172,8.53280057298806,1.57172072829374,1.15626754435699,1.0726019181489,223.513513513514,30.9250227200466,139.900960435455,33.7267119267823,17.5811221290845,FAIL
7.83024555274172,5.31841304206075,6.32488870051719,5.90290018756014,0.401146232094627,0.333775636667408,165.945945945946,46.6357886860585,41.9915620872321,145.777283893508,20.594205982852,FAIL
1.87136930756994,1.92682519657627,5.32954573965729,10.0481481368473,0.00554065443061572,-0.0148552028614063,95.4054054054054,35.9958806512528,16.877894073509,136.886309255977,26.6096050873016,FAIL
8.129124713752,8.02298508693081,8.77111663888683,10.4273015205177,0.28189713402706,0.220288050387685,138.648648648649,42.4307451023851,31.3594430962233,239.051879010821,23.7583751785719,FAIL
2.12556573856678,5.00379828590271,7.99332845031321,6.72713982503956,-0.119564207093226,-0.166348002210021,161.351351351351,47.6468694549805,35.5523223195717,169.35819821359,20.3783603986716,FAIL
6.01663212579583,9.72187178873921,3.66471637174051,4.11396648117384,0.36504684175077,0.273648924674729,210.540540540541,49.4622016280115,77.5445087336979,111.700799957625,18.6614712665607,FAIL
8.92443808093742,11.8370119177689,5.62831794150664,2.83651266353191,1.61625922083145,1.36937856367642,211.351351351351,39.9734675167,123.425610800714,66.2221825008484,18.459082591675,FAIL
1.12302963451077,2.91133009407552,4.23696626688259,2.68172005286752,-0.191542151460016,-0.225484373633408,204.864864864865,47.1018432936816,63.2288336310078,71.249390108592,17.6050776312572,FAIL
9.14806346993251,12.1387171721687,2.85668697352974,2.22189312699034,1.29444980628663,0.971515212035036,211.621621621622,27.3774429546618,158.459144036405,46.3327740407602,18.2045657497645,FAIL
9.7584835458612,3.6196651499017,4.15542083824973,6.96405841591068,0.33585739355186,0.28399997351632,139.72972972973,42.7408426842144,30.5365777338478,146.564177541255,22.2725178494363,FAIL
5.93469614574897,2.87298641433182,6.63864342527698,2.32246018850874,0.60694214384906,0.553343657260805,206.486486486486,41.1771186798363,73.7332175859249,53.013935810924,18.1953967655495,FAIL
6.74896953818815,6.88066520196294,4.4454276925478,6.34674339462831,0.262866650362265,0.195184160592729,171.621621621622,47.8613819428293,44.205219602569,165.236084603844,20.3934513728103,FAIL
3.66644161838095,3.00090018098581,6.89488125245378,1.6657415814459,0.357738359963836,0.322111702699273,228.918918918919,36.1238691847223,102.76919066233,37.8112615579558,17.4085160047869,FAIL
6.56618246916404,2.87403130599409,9.77370536315962,2.40084956124846,0.740630431153485,0.680264029470506,202.432432432432,41.286946144852,71.6982212601813,54.4516745849654,18.3792310783085,FAIL
8.66717710720028,8.6581247459346,2.26962537978757,9.16598151900523,0.137978492222489,0.0673688973626043,150.540540540541,44.8584364087578,35.9318804081986,219.35722402727,22.3339829800168,PASS
7.71849229255303,4.8689176192605,2.07386554480005,4.26906140023426,0.26933584745349,0.197900802836002,184.594594594595,47.3125104245443,53.8549848090021,104.944034992976,19.3533595592273,FAIL
4.52586833384909,3.27496807294307,7.80035134801026,2.74622585049344,0.348349023546324,0.302531298895204,207.837837837838,45.0732236757907,66.5894273202039,68.0706758120778,18.2032177880454,FAIL
9.60499467142111,8.02080796521747,9.13588847472802,2.06492204577849,2.27933343799437,2.01468166969074,206.486486486486,31.5445486098745,139.026304241962,43.488182738394,18.3170416702813,FAIL
1.56073324657913,5.50365016310757,4.40810689190513,7.4617802715826,-0.180138331858278,-0.225664949985399,145.675675675676,45.1276731864736,33.7825145843461,158.75365426965,20.5821250167493,FAIL
6.36098829999215,7.83320357071831,4.3683048136332,6.38156029033285,0.235576501063541,0.165223975970016,176.216216216216,48.4608049162728,46.7094963093777,170.62396165064,20.2207324233932,FAIL
5.16566483439149,10.6937319159437,3.89378529369339,6.42702944234547,0.103136051588739,0.0296140492310986,189.189189189189,49.8819199300504,53.5747878877455,182.010474002958,19.7644339605614,FAIL
9.52551121732789,11.6374299947135,6.82683551708799,1.97187416543883,2.74365189696651,2.36421431135781,208.918918918919,18.9362760629038,174.746519970046,40.3360912662502,18.1882350515838,FAIL
2.22887422523303,12.2243232474723,4.08368402676131,4.99329554785374,-0.372706097930861,-0.434048297707128,218.378378378378,51.9894106814784,71.1188452768141,139.699950465174,18.390404692755,FAIL
7.21008837408369,6.64831258534199,5.75433155059259,1.98663135705943,1.28142466351197,1.14557014249236,217.837837837838,35.8931455599117,130.175607201358,43.7609350613974,17.9330657128841,FAIL
7.92615038350475,3.52423595937325,6.23687679871114,3.60440863913718,0.597114890977773,0.529191305711448,183.783783783784,45.1547899287984,54.1720739562073,84.4065437871375,19.2852896113073,FAIL
5.62616564063626,2.27780189150394,9.07435323663904,7.23483164305293,0.172082582955169,0.141323354342161,124.864864864865,40.9988348856975,23.7872396090695,138.924078777323,23.1793459883525,FAIL
8.16375187485385,2.62346569697425,1.94587991347374,5.33112369156903,0.226443201139282,0.183995741456534,150,43.6002327298342,32.8398211312494,115.345599459119,20.8274388539582,FAIL
7.0422898466614,6.55420150949068,7.05735859792388,4.61866996631078,0.521463407661408,0.439443435355795,189.72972972973,48.4776966549046,57.8190496429282,121.560047239242,19.3967131309261,FAIL
8.10539515479655,3.95115149930719,3.98894736274082,2.73880162568432,0.709273052872951,0.62189379211187,198.648648648649,43.2829486366509,74.186660346139,62.0169245946393,18.6260724400252,FAIL
7.48697874723466,9.7899195998891,5.6656623540114,7.30668127116038,0.359466171014682,0.273698582358165,171.621621621622,47.6018156646777,46.3070007866376,194.509920162582,20.8461895406981,FAIL
9.23120908375039,9.13659969317947,3.37132672131562,2.3405110935992,1.24618537596691,1.00266086291886,208.918918918919,35.624952567843,130.938357283528,50.2755215031253,18.3249484139399,FAIL
6.12468657603867,7.54913707268861,6.48009543059878,2.96541501116271,0.725403760399303,0.631646459702387,217.837837837838,46.5671013878805,93.6625457624751,76.0941234378768,18.2170370606722,FAIL
9.95389344112418,5.23347572668704,4.96643993910036,7.67423152681053,0.373462662418167,0.308603834919096,144.594594594595,43.6992473702458,33.3771860733298,171.019460503094,22.3486448722319,FAIL
7.08701239136439,4.49330233999365,2.33519528287053,1.84332342226158,0.641344435259464,0.543200367686567,214.054054054054,35.5173186304822,115.226741024674,38.8413592561478,17.8984809101058,FAIL
8.83269301077271,5.27972830348274,9.31995284699441,6.48439605173456,0.478165786918773,0.407987134141084,157.297297297297,45.3977982900449,38.740095363175,154.869236989282,21.3069377041477,FAIL
7.71824862433275,7.06222806681402,2.25739689289568,2.50549545943878,0.561037587081902,0.428038592355974,213.243243243243,41.9158981020987,107.202074971639,57.2306205720001,18.210591761401,FAIL
8.90943439552805,9.74746231006627,3.35543451779907,3.74922791174745,0.742456341624945,0.578549125536943,202.162162162162,46.5826977425846,85.8123570649576,92.3125532626012,18.9305815129194,FAIL
8.74984901408711,1.4927567815989,3.6638138169547,6.66331740378888,0.261172419049529,0.235515510528869,115.405405405405,38.5295323582774,21.1889923953902,110.525511963653,23.8059070579619,FAIL
9.54361957120205,7.6566406789575,5.86506756872492,5.65438047525083,0.636106729759661,0.527263755037571,175.675675675676,47.2532330349369,52.264418833665,142.384747087322,20.3336907900729,FAIL
3.62921610756141,7.38281730457322,2.17354320201879,10.2478312557651,-0.0886851642181938,-0.132789270802825,142.162162162162,44.6948276374827,29.7944196690143,240.71817429911,22.5104328001995,FAIL
1.69114191691278,11.5392113896528,7.07942498147487,4.8916776410691,-0.469200903714122,-0.532934461057058,216.216216216216,51.61753257237,70.3919918132533,127.381550742134,18.3171630836945,FAIL
3.6467688452564,12.176715812909,4.95402342038544,2.90300651956681,0.0761260905739813,0.0122725680940059,241.621621621622,46.8484787344702,119.576773449172,79.0292545361655,17.6413447582287,FAIL
9.41509075165782,2.98389667246667,9.22839283269424,9.90671205701847,0.276243120044727,0.243657013895753,110,37.110066780966,21.1997246600466,164.862474081224,26.3516561585689,FAIL
8.83987504151411,4.71063135431578,9.91797532110882,4.12920150934851,0.75767624979201,0.669186748387018,181.621621621622,46.2478332626282,55.1799405330458,99.794456004039,19.6466119215093,FAIL
3.33846223725302,7.01449428397588,4.38679375044307,9.30606521365458,-0.0762158434235828,-0.123637203514202,147.567567567568,45.5686019104755,31.6082344461921,227.844496986785,21.9891512977429,FAIL
1.64781259799535,9.63570525609716,1.43308158217996,3.63961434321914,-0.499784089669428,-0.543315476669335,228.378378378378,46.634947025954,84.880808343537,66.409172691686,17.6570609591797,FAIL
9.68279819395909,11.4554160259832,6.61728912308665,10.3276410844686,0.424759287773772,0.335523811244568,149.189189189189,43.572887961987,37.3957347428015,248.988620361021,23.2117413283321,FAIL
9.72405071974136,2.41566418796525,1.24348776628614,1.93588258148202,0.435638472109892,0.340701166433732,191.891891891892,33.3530531716231,81.792428414716,37.2777743043744,18.5020496729896,FAIL
7.05605017638423,10.4975713627278,3.92587627355428,5.70920094526356,0.362562734973195,0.265355045712828,190.810810810811,49.2673419634374,59.6161115976127,155.706919968597,19.6725785834196,FAIL
1.87735690025771,3.1026029058305,7.4465263544813,6.58879958473142,-0.0644867963255926,-0.101330242018034,92.4324324324324,39.5379717647398,29.006724621302,155.99384923532,20.9872704072449,FAIL
7.79069117210388,11.1312472754957,5.96209389197746,9.96657097483163,0.276271191106277,0.199279195273283,153.513513513514,44.7164396835785,37.7109662268624,249.842319615019,22.6232602347975,FAIL
5.12305296403816,11.0341405427826,4.11524101410785,3.70248525884447,0.320362251080523,0.234338201667319,222.432432432432,49.2826407581385,90.8207352874241,101.938017759728,18.2679732162466,FAIL
1.74048179428809,9.80830230667806,4.19078949548495,3.76452583240468,-0.449793327753808,-0.501580140004803,228.108108108108,50.4860407786718,83.0953361699995,94.0119344497994,17.7849313285655,FAIL
8.44139583696274,4.76351071959201,3.50088236052976,8.32094004132602,0.222041955660985,0.172184886572414,137.837837837838,43.1544769790337,29.6090703037236,181.564612088718,22.7163920179273,FAIL
9.44241079000722,9.27359091493743,2.46720179210293,7.36316429776315,0.248924003056987,0.151860197163595,165.945945945946,46.7112135710144,45.0361328514032,183.703152123604,21.1385603224901,FAIL
4.08364474782288,4.62325097354928,7.10108996947138,5.32517865447444,0.10423540942149,0.0556210806246276,175.405405405405,48.3454350687071,42.4459001629317,140.497895933706,19.6999246808668,PASS
8.92924895148426,6.33542494223331,7.68449819186233,1.5897858333654,2.26437604324299,2.03175201004321,205.675675675676,21.3315757771535,159.233978877938,30.9223964197024,18.0320525243583,FAIL
9.25992361555118,1.72653838191476,8.01698974660112,3.07392714457899,0.698581195959487,0.646453236731613,168.378378378378,38.3174898131577,44.9349248603363,61.743862954088,19.6993146151852,FAIL
7.20455890245265,3.43808030596434,3.14928430838698,3.13780541298507,0.449793484082365,0.387085561970802,192.972972972973,44.7122212599656,60.6659459890115,73.2349093040637,18.7887601048517,FAIL
5.81737653377972,5.24546244082201,2.51936756656075,6.98330825748042,0.0972995006456005,0.0485594363327937,157.297297297297,46.6856855573067,35.5197240939644,172.817473467376,20.9098051527867,PASS
5.95878966572188,4.03310420886384,8.57172013208666,3.0936537283362,0.543496706340231,0.481715968999147,201.891891891892,46.1265109821496,66.239249327188,76.8691422991353,18.5612379287283,FAIL
4.72704450953466,4.74566718568787,6.67299931900429,6.0188251232497,0.136120139114002,0.0869303871919951,165.945945945946,47.4423610685296,38.6261933422634,154.379021084803,20.3030912464584,PASS
6.50270491133711,11.9903721216316,4.51876253671963,2.64548570118246,0.986756950424476,0.838753415359509,225.945945945946,40.8831832371692,131.469702085852,64.5811188733631,17.9846382652334,FAIL
8.37451241367126,5.37127601157017,3.26380402974907,8.64835305483654,0.203372748475324,0.15109886804608,139.189189189189,43.3747670991405,30.269538866793,191.972126495491,22.7443293340018,FAIL
3.85868992651455,3.36080209364432,3.13610347034865,9.88150026546214,0.0271474219184647,-0.00210144409961116,116.756756756757,40.943541489256,21.6346555837042,194.754534046969,24.2423646645057,FAIL
6.73061838542077,6.29832586179598,7.74556848179145,3.93776200415277,0.593381287960757,0.51034829465481,198.648648648649,48.3015842112679,65.7210435635942,103.168077531336,18.9563569365649,FAIL
5.44339929280321,8.62944379770146,8.49005735328611,8.81648485229189,0.127107679720166,0.0651183401353945,156.756756756757,46.0874186927454,36.8580845042657,230.08388068281,21.8145281512646,PASS
5.31551214494663,9.48919018934142,6.91952617282356,9.0251670523705,0.0965816861234257,0.0333333832931538,158.648648648649,46.3245317226478,37.7074418544419,237.661579299309,21.7574333331708,FAIL
6.14837066101292,2.04422515863822,8.13992331042247,3.4608325793756,0.402236181820224,0.361538491868446,173.513513513514,42.300018898534,43.084701849307,77.1010313182686,19.388794600429,FAIL
9.44183941420171,1.79949874012432,8.96373691578057,3.3274465814506,0.683158828296852,0.630835081439533,164.864864864865,39.111462367217,42.6479420731084,67.1096021623862,19.9498194932712,FAIL
9.94823178417923,5.33734011643791,9.99816291066207,2.94568436582306,1.31909335339336,1.17285440161966,194.864864864865,43.523173587794,80.913957495242,67.0375923897765,18.9743366124658,FAIL
7.13612590900544,9.4648196025618,6.27707075097976,3.48188130260839,0.870654530243835,0.746269223625529,211.621621621622,47.3252215501683,90.1563637949472,90.5062925719457,18.560109398653,FAIL
3.54504332788899,6.51823646336869,6.76480161218185,4.40797876098132,0.0512444840526302,-0.00415569244767355,203.243243243243,50.4934483325732,59.2999441329621,125.250693731246,18.6865710990033,FAIL
1.26505495132869,6.26277558734365,7.22619413147304,4.3789250286714,-0.331882863255305,-0.383884684147337,200.810810810811,32.8834450579555,57.9228616972013,52.5508703750353,18.3121932921738,FAIL
1.98584242115446,6.65108102097434,2.81030929002998,7.66898812143027,-0.181231269352861,-0.228324175212674,161.621621621622,46.7933420846465,36.0231922924206,158.614633035458,20.4559879254237,FAIL
9.60307631507653,10.7209387767201,1.63991210928861,6.65134882052361,0.115450663058731,-0.0038925547938784,175.945945945946,47.6349125372629,52.8376637429912,168.921769721859,20.5374264115041,FAIL
3.50888134915995,6.83093787346959,4.50948046555516,9.76424085873008,-0.0611866092645323,-0.107073263037574,142.702702702703,44.6934172416749,30.04241678648,232.870671761743,22.4563174999373,FAIL
6.9789219885034,6.03050801563053,9.51471389791591,8.81120315806735,0.23712288972946,0.182749322739954,142.432432432432,43.7142012873592,31.4821255791261,205.567329942325,22.7466161248613,FAIL
8.48882035296633,1.5728442201095,5.61029104455013,1.82247856029738,0.943616738037936,0.883976663695324,188.918918918919,28.8903077024233,70.1041969957566,34.4889424674278,18.5011769715307,FAIL
5.14807016169136,5.59538155580894,6.6464485214726,5.64608270670792,0.193521925136386,0.137236506339117,175.945945945946,48.3975349648498,44.2714640693573,149.938987492987,19.9060324295226,FAIL
3.07393506678215,4.63253733274934,8.93683539482573,3.4483747470449,0.0573912361632858,0.0101641648966203,209.72972972973,49.1249401435151,63.1445490196545,94.4118004474142,18.2454210440701,FAIL
5.71661095104848,11.3439134484366,8.70591350717851,9.98242884305688,0.132395154154899,0.0634166941553777,156.486486486486,45.4588774328378,37.7581888114812,262.938809250296,22.3256454608621,PASS
2.40256954007839,5.69913808620325,9.98754661313843,3.13691943301225,-0.0950853677070598,-0.143104530222507,223.513513513514,49.6441272524926,76.1432018445192,87.6530878782127,17.8456344943335,FAIL
4.84372647501996,4.260449467352,3.931940120045,2.44003942499696,0.35986149142687,0.307889646973324,219.459459459459,44.413169318408,84.7697216706966,59.5883940302947,17.9016044551614,FAIL
1.78935132701278,3.2405757571756,1.46457649592822,9.41267999740391,-0.0386224187926516,-0.0668502878872379,115.675675675676,42.8212191861252,21.7669060130692,185.901412952266,23.0924487198462,FAIL
3.95941037808835,8.62305492563231,5.95278193362965,9.69642438274776,-0.0446389210113219,-0.0986032295883637,151.351351351351,45.5994511153509,33.7492305500659,246.001342193336,22.1392040557249,FAIL
4.7709556703907,6.17765022492618,7.76310067881715,5.43854897661624,0.17896591104378,0.120022668522828,182.972972972973,49.1357255330345,47.9491618488001,149.07191860246,19.6235233716499,FAIL
7.2218908091899,4.25790829827413,1.71588827807504,4.08276454380427,0.209336616865662,0.147611223777487,184.864864864865,47.0694576255927,52.4809427546323,99.9657362708344,19.2215229825606,FAIL
9.62215289194452,10.7923454503683,1.23640169827376,5.5388709465436,-0.00390491035349116,-0.143861346427893,185.945945945946,48.0969023397214,62.6212457485246,140.578164030968,19.8720300193944,FAIL
2.09775666444646,3.91045022792763,8.28863869552531,4.70214123602657,-0.0834984693485065,-0.127392667398226,181.081081081081,48.6977821716934,43.5132475656959,123.558942310587,19.0844542913025,FAIL
8.84624947361567,3.39587778963487,6.28984406045157,2.08290629343247,1.17339517598629,1.0657963951096,199.72972972973,37.4049770401918,89.9553860549147,43.1968000848031,18.4295159789709,FAIL
7.17487850518239,9.96937888584906,9.93335838121714,4.52066540259795,0.788878919047933,0.67424837275449,201.351351351351,49.0407418227239,72.357143608593,124.610657747391,19.1324958823553,FAIL
3.06539653118754,9.75401965650854,8.79801409139028,8.2227076847074,-0.132981227323478,-0.194927428543512,170,48.3644670079788,41.0147494921674,229.928219788554,20.7873140433245,FAIL
5.52427231242156,7.74880073187004,3.62852792610082,6.12401901572016,0.141480436884642,0.0768984726457442,180.810810810811,49.125823724124,48.0181085151423,166.517725410654,19.8939416545009,PASS
1.39418865071063,5.72535087282241,8.77605820024574,8.84448351222694,-0.201951089351766,-0.248466174796411,141.891891891892,45.874029391218,29.9357598070243,229.433890662527,21.827077542889,FAIL
6.869894970394,4.08843991155861,9.96064051746538,5.95234721202539,0.333623933331548,0.280202527660752,157.837837837838,45.5603199529647,36.7842715011652,142.208374696641,20.9033256625376,FAIL
6.74971530639667,10.6083495704985,3.08957409735782,9.05087814512481,0.110413689833015,0.0397235240951357,160.810810810811,46.3760648332257,39.7084692409766,232.844119106634,21.705614134717,FAIL
2.16673920546052,8.88158027450636,9.75232665695564,4.96186596124808,-0.253155926465227,-0.314397545587796,207.297297297297,51.7252760456901,61.3859167327168,146.116528806411,18.6212777000576,FAIL
1.09920921327653,8.03890189985289,6.9129506714908,1.52100269439143,-1.06381625312683,-1.08270317875286,NaN,-2624.36552746783,180.579284116366,0.63294561258671,16.7290494866631,FAIL
6.2912909786876,3.18623032831605,2.02063161841449,2.56477293684107,0.330153151211382,0.27561533469751,204.054054054054,42.8973486551187,70.4705598513114,59.0775169321133,18.2771423872593,FAIL
8.04447936748943,10.1427185051671,1.48010234127043,1.88062923541628,0.340821295179002,0.098702206344301,215.945945945946,23.1017634698279,169.737817919089,38.2708479527349,17.9094148877393,FAIL
2.62428221976517,6.65985015796119,5.35387560995759,8.61746028789637,-0.121232845833548,-0.169393153280576,152.162162162162,46.4362342481234,32.846817662269,212.769274173509,21.4463256803871,FAIL
4.41680700684332,5.25263602206786,7.45190678442798,3.03401760840555,0.320816365349895,0.264960871783617,216.756756756757,47.9124888598537,76.1826023947453,80.3623994168868,18.1318729949477,FAIL
2.57465038628211,4.30795153012791,9.88500546265597,2.30178394311376,0.016180371738411,-0.0235146147705478,231.351351351351,45.425409871784,89.3545586748175,59.7028400099327,17.5050722018986,FAIL
8.72295905961727,5.65491320707926,3.41391283586189,8.57950355402671,0.227547758925702,0.171477972573592,141.081081081081,43.571952805268,31.2537638234491,192.107578602037,22.6660164328286,FAIL
2.86756098985388,12.278711414296,4.95616263372142,3.38607239859365,-0.212237801731343,-0.269612891971481,239.459459459459,49.8748931966005,103.196539440976,95.8552172800682,17.7272810106065,FAIL
9.25643357149958,2.59674857071815,5.41112494096193,1.98408970823003,1.10907068068223,1.01379338924713,194.324324324324,34.7741239965905,82.7834706183841,39.2959642337795,18.5204758618683,FAIL
4.21701918734877,3.88732357924901,8.05966594213355,5.00007977940303,0.140146811360674,0.0941705966576273,173.783783783784,47.6097675596875,41.4340523665271,128.390279092013,19.6829491389798,PASS
2.5302241344056,9.44393118695168,1.32482642119403,6.1639526027555,-0.265826590180634,-0.317389590927576,194.324324324324,50.8698694014361,51.6444597984223,160.758955891255,19.128698384332,FAIL
4.33905179570076,9.67024493466487,3.44917515162733,2.42549390227985,0.240361299397483,0.17291577098018,238.378378378378,43.2253163881925,127.332749165857,61.2070310931099,17.5839040605974,FAIL
4.38075754414036,9.14417878561468,6.33770025079151,9.63630613831361,-0.00847391220465976,-0.0654138767099992,153.513513513514,45.7522760245028,34.930146469674,248.002439435878,22.0876471731742,FAIL
1.78308403730087,6.47631382175054,4.37090056326054,5.98901389238096,-0.216329086103905,-0.266708016155426,181.081081081081,48.7920565981919,44.2715790260466,135.875774631384,19.3510686748889,FAIL
9.58080922487083,6.9409729529199,7.2869837544749,8.85984966095554,0.395867321064407,0.325857293955996,144.054054054054,43.4512456913224,33.7053739425887,203.480802728925,22.9035512873471,FAIL
3.7494901265718,9.01008783412098,5.63665266474139,5.83040188578055,-0.00758552411775881,-0.0703739179563052,193.783783783784,50.6187113133853,53.625217407019,169.015141840961,19.3409705669748,FAIL
7.25754868847834,6.86715615031079,6.80843990156602,9.05817376195308,0.232372718745962,0.174447774999717,144.864864864865,44.0816043001716,32.6156784297889,214.516656748299,22.6584073028831,FAIL
6.86228327755298,6.5419557270673,3.33951719312206,8.61236819237067,0.140526187138554,0.0862581399757416,147.837837837838,44.988817047808,33.0748330139865,205.779959550501,22.1108312700554,PASS
2.25554526129228,9.79444237335921,7.8949782693761,2.26105093878256,-0.347454912604633,-0.387340382358636,249.72972972973,43.4199980657135,135.960751048306,59.2544509563274,17.2004679283983,FAIL
2.79981715623576,4.76983456739216,5.86145372361973,9.69047138836428,-0.0565689300123403,-0.0947663150614024,130.27027027027,43.0797406307727,25.6814904305218,211.200814340856,23.1472346179885,FAIL
4.29261845211471,10.5102470589211,3.40107936431103,10.1517988379507,-0.0743238348125594,-0.130995459414986,154.864864864865,45.8875478983017,35.5445329003504,258.121086021777,22.0846682053887,FAIL
9.05099423556722,11.4876581380251,7.69376558905459,8.92588904392326,0.490385150417515,0.392805612349952,160,45.4777616538328,42.2784732250335,228.622253780302,22.0994889117164,FAIL
5.11464724896406,8.52450234745609,4.16448312380372,1.83902728187483,0.712639760988218,0.624850295940443,234.324324324324,32.683761879199,157.232219755974,41.8351947312806,17.4848767279528,FAIL
4.9946464581755,6.64372664477609,8.37424686443104,5.58217537124313,0.206744762449408,0.144436083427628,182.972972972973,49.1535996114942,48.5444602478293,153.996839905137,19.7036518294273,FAIL
3.11561004999784,6.61334554631714,8.73144163284707,7.20096030132972,-0.061186640118255,-0.114534174530649,165.945945945946,48.1398304042662,38.3511016820014,194.300840383937,20.5583133110874,FAIL
9.06272753322264,9.53267885712401,4.36137564360301,7.30254636044119,0.417979707509003,0.319868161223264,167.837837837838,46.8561177242499,45.9937200979181,186.085411248517,21.0961367974842,FAIL
1.63450211638113,10.354993029771,1.55119674032652,8.83870470446446,-0.313997365134277,-0.366606429252707,150.540540540541,-153.411977970959,39.086349399708,41.2784463735407,20.5470667738008,FAIL
9.6267994429666,7.84199308294294,2.79000585507494,6.47834475380508,0.331850392914417,0.234491484505785,168.648648648649,46.8997498768626,46.6533768555636,160.111531334084,20.7653855633171,FAIL
4.0322512247285,3.08754290088757,2.59890951462618,9.8518350218349,0.0377230625556087,0.0102630297752804,114.324324324324,40.5924092620179,20.8716667657912,190.626666110042,24.4122438230304,FAIL
7.85689687143922,9.71625150235243,5.4594781198708,2.91647792114803,1.15927623695721,0.99518834519776,213.783783783784,43.6691470150517,108.523077710839,70.829417336928,18.3795560023822,FAIL
6.67857151380176,9.89309779875918,7.42544659976905,9.80721258751665,0.203869416318639,0.136506228072668,151.891891891892,44.8415017983119,36.0676265979331,247.752033818602,22.5458275229953,FAIL
6.72406588391526,6.53293681833422,2.4044755061814,5.39402233851996,0.186308337882526,0.118106131172884,181.351351351351,48.6080755632954,49.8301193883625,140.646311126109,19.713922856887,FAIL
8.22917011445441,11.1103239023671,9.18225713642704,9.46647109620699,0.402136548899784,0.317110468197362,155.945945945946,44.9949570204353,39.4993647101077,242.20963859599,22.4337513315349,FAIL
7.02237493490273,9.24156653271415,7.72700143305714,3.79145664614802,0.824771618173492,0.709548384445272,208.378378378378,48.2469713792732,82.1778336555243,101.076530556061,18.726134785417,FAIL
5.42513780889649,11.8941598057577,4.51652689294139,4.19911574744637,0.358857202895751,0.265848071046422,217.027027027027,49.8981919666208,83.7537280302698,117.700658544847,18.5379792442289,FAIL
8.13257167427809,3.49144118296825,2.60967468087389,3.30557007582303,0.442120720214591,0.372172701888455,187.837837837838,44.6212560344734,58.392160984948,75.8449146493868,19.0225737439657,FAIL
6.42946971506252,3.09327572480615,8.60101838363356,6.64589824823669,0.238673128088379,0.198072482300112,140.810810810811,43.209944312622,29.3395438176944,144.201400538384,21.9112740202776,FAIL
7.71063489207913,8.23181997479277,8.39517316655231,6.94558427398669,0.436307561020289,0.353949938059659,168.918918918919,47.2278906247817,44.7177323273918,182.348028388369,20.8907207745376,FAIL
7.43097199165993,11.9628163944736,7.6503956481354,4.98943883523799,0.766561770170089,0.640180838047912,200,49.1488405891548,72.1516373225849,138.357148197207,19.3123233681466,FAIL
1.78842918309606,8.92013643011113,2.54693560538787,6.8135827120531,-0.29396306502283,-0.347752140631063,183.243243243243,47.7877782954571,45.8572328853728,126.123957491755,19.5104565395371,FAIL
3.97906974312794,6.14775244839095,5.58183576698042,5.22430561354471,0.0695114497057822,0.015239920749884,187.837837837838,49.7534939012398,49.385236393233,144.737317805652,19.3022184153669,FAIL
3.68754715341217,4.08230218452484,3.52080670756391,8.88052987618734,0.00664033823372356,-0.0288479656219909,131.621621621622,43.5796861758885,25.6766243524129,195.345564909705,22.7049546552392,FAIL
9.29476512178566,9.91267807140994,9.53435351847886,2.96187686958762,1.76016698672418,1.53839901664056,206.756756756757,42.4322726311942,108.716728981586,70.6979326112373,18.6469551593816,FAIL
9.32103602012485,5.98908454713826,3.96082660205159,6.63752386275356,0.37458358180108,0.298422413556796,159.459459459459,45.8674635051357,40.1793631176144,158.700233671109,21.1704465073004,FAIL
1.18777181478434,6.22840359566037,4.30109681313735,9.7058957964992,-0.212105340729099,-0.256249305978903,138.378378378378,45.7167976300033,28.6509075586763,255.881152011003,22.1331609861023,FAIL
3.46273715091572,5.51142075164524,9.20606361209082,2.14961208942503,0.253254674807329,0.206757259539523,236.486486486486,43.8234556153956,108.161915493613,54.7921514785125,17.485479177735,FAIL
1.94161789657319,8.71117192434884,6.94054176908029,8.94390396401114,-0.245960731920086,-0.301614363063014,159.189189189189,46.772921599002,35.9963878509086,201.908577640279,21.2113196464673,FAIL
2.38616649120756,9.26645940424449,2.01527853195879,9.34706813235559,-0.217495512787939,-0.267795586614449,158.918918918919,46.8018296643211,35.5320732826529,205.802735297553,21.2202385394213,FAIL
6.05194442656083,8.65780155853737,4.92856508024734,6.1641346222937,0.248032565217974,0.173873379509896,182.702702702703,49.0774962486116,50.5023662404142,169.177642671391,19.9541039697384,FAIL
7.02768098529273,5.39664964360299,7.31422517779877,3.49535286148672,0.661048110921891,0.578471199767822,199.459459459459,47.1864966816827,68.2783709226388,88.1529659588152,18.814656818122,FAIL
9.24302267389422,9.6918926428477,1.20616528444261,4.90478452724583,0.0121656431745545,-0.122027889069584,190.540540540541,48.1416671986088,66.4216734360712,123.980576343892,19.5219444002504,FAIL
7.69289859277392,7.10474084054799,5.97120839224555,4.01077986238383,0.685667575893899,0.583623545109532,197.297297297297,47.9842620257703,68.7260799944402,103.136480300873,19.0644697829043,FAIL
6.75755941332008,8.94082181381379,6.54269167254431,5.42083255908826,0.453202604413716,0.364204314205406,190,49.2018876416409,57.8657286795935,148.930929659224,19.6186704815059,FAIL
8.37060215294697,7.76800505136163,4.22817644150133,3.09382547203299,0.896500854461828,0.752471876797279,206.486486486486,45.0920181068808,92.0339542434835,74.2065966730415,18.6058904730138,FAIL
8.58807344671317,12.1405675733683,7.1995051812551,6.1537787361501,0.728679315534719,0.598444345099571,185.675675675676,48.3452660639649,60.1975897905423,167.113805198791,20.1500043147484,FAIL
9.76172818573942,2.44082684607126,2.97696309927914,2.27505329564888,0.774072183325878,0.687095945229861,188.378378378378,36.8528423395363,70.4851603949771,45.3537697039423,18.7807848400558,FAIL
1.70109549822007,7.59412644100723,1.83107043610856,4.61637459093857,-0.313512617080272,-0.360581387114385,207.567567567568,47.920891860541,60.4512070333868,88.8742960818002,18.2812710524113,FAIL
5.87739187559909,5.08076088350998,6.58620552274628,5.54824901079492,0.26298259841447,0.206176795136461,172.432432432432,47.7034296014416,43.0931928182244,142.879409662293,20.0573083838066,FAIL
7.46146230877002,7.96052128527273,6.88840449532765,10.0900874659534,0.225397445202586,0.165684699734858,141.621621621622,43.2462576561807,31.9584987813237,236.248204189074,23.2859129245394,FAIL
4.09624200852338,11.8085299109237,7.74140362564831,9.7439747641023,-0.0500317866520947,-0.115340418558854,162.162162162162,46.639036027679,38.9716874942945,265.012718592664,21.76943029975,FAIL
2.98194973270242,8.36536529934542,8.80616201942662,9.93076651565239,-0.125529719284367,-0.178793917420968,148.648648648649,45.2753760838356,32.5825168644555,249.116654768325,22.3111555166078,FAIL
4.65181383656728,2.01731137400077,8.17570675221025,9.80465795339922,0.0984754574847896,0.0767350972292928,100.540540540541,35.9946846466629,17.8030867269029,151.041924113138,26.9249401547324,FAIL
5.86811211371032,10.6340040482763,3.63563493687315,10.1515302504933,0.0503667851183671,-0.0119116970610803,153.513513513514,45.287866351117,35.9830069667729,255.594293128719,22.3683157593512,FAIL
3.8260128388654,3.07753971102702,2.72470760876512,2.64389863114239,0.144395061818926,0.107641922060169,211.621621621622,44.756587350402,66.6152809557527,65.1660778530089,17.9682522668362,FAIL
9.10513439969816,3.27244799773435,4.30512792638404,8.23519763239737,0.261368015466667,0.221343636910924,125.675675675676,41.0094698382347,25.3001319654717,159.995582476869,23.6479253149138,FAIL
3.73453939768123,6.47801893440781,1.49466898922174,2.96318738701418,-0.0861753099462348,-0.13215396167464,227.027027027027,48.4492774290985,85.8460118126843,78.2987000869712,17.8069049812243,FAIL
7.016007829378,5.10320107008713,8.58950174505007,7.99946300518635,0.250594927433162,0.198795840129954,143.783783783784,44.0357146054005,31.6000788433705,185.011205951927,22.3217117081274,FAIL
9.7296784131681,7.52257652845909,4.67264429347916,4.97719507369031,0.662903100766681,0.542143643534085,181.891891891892,47.3273413007122,58.2483812247502,123.66562676528,19.9178567922672,FAIL
2.775921039328,6.23735410719869,3.59570646742189,8.46876092462032,-0.102039607408806,-0.147375988424316,151.351351351351,46.4676149589892,32.2801548758777,206.952212407351,21.3590896488693,FAIL
4.54772488529481,12.344107950848,5.36680694219668,5.75355815274895,0.104425237596918,0.0263691151837724,202.972972972973,50.8677789758889,63.3846782021067,169.6303685079,19.2067576527727,FAIL
2.97825215679962,7.58995461946581,5.31428609150911,7.62192065465126,-0.108793926019391,-0.162308744456054,167.027027027027,48.3724151624519,38.8192430621778,204.210006623992,20.5615555407549,FAIL
5.53146530577711,8.33462492921852,9.82169768433975,8.51046738630612,0.153044509684468,0.0901722888802491,158.108108108108,46.2614494192128,37.412747643887,223.342441687128,21.6836378841496,PASS
1.66481123101476,9.26224919591306,1.2109259593364,3.59904866421544,-0.482801617942588,-0.524729160064117,228.108108108108,46.0526596415341,84.1299226137903,64.0194842922993,17.6454252645495,FAIL
7.48996254263948,10.9768985823034,3.17638945292862,2.69264725233151,0.864858347798891,0.6913732115766,218.648648648649,40.9557977316378,124.215135957796,63.4323584254155,18.1677224311268,FAIL
8.26520413036341,8.84786610911414,7.89139396892502,4.27517973937637,0.891308401630013,0.763693314095788,197.297297297297,48.0746340984935,72.2349928049114,111.877725193462,19.2148791040309,FAIL
5.76215039137265,7.7058801202802,8.18900961475111,9.20813613382938,0.137957763405788,0.0806269545197096,149.189189189189,44.9198567077325,33.762688605582,229.09880610924,22.3597752929894,PASS
7.36638289418097,2.07477671928968,3.54108510065097,4.54535922138857,0.310148657816003,0.271734490748203,153.783783783784,42.3763103744653,33.9202417931212,96.3955790043073,20.4246728644466,FAIL
2.9003210253333,9.79595533184887,7.53991685509001,5.47183127113437,-0.135353022307005,-0.199080548092023,202.972972972973,51.4506378169141,58.979157245037,163.179538559676,18.9534335611999,FAIL
2.0987400426561,9.10154411134759,9.76919164858752,4.40317325889718,-0.28387576169876,-0.344119753189104,216.756756756757,51.8647718277006,69.373281430124,129.52951441715,18.2756621232816,FAIL
8.12892892124174,2.36389170323214,6.86053162067208,9.68911214205786,0.214402090714212,0.188184731318167,105.135135135135,36.5208421461512,19.3716129558395,152.868963591039,26.5670986963136,FAIL
1.65687734454132,5.8592238102344,8.60921651014607,5.75251741922675,-0.21599305008939,-0.268005650898381,179.72972972973,48.5786574058414,43.8656543920791,133.108582672532,19.3730141915946,FAIL
9.33369388437933,9.00384236978826,2.77229957272097,6.3742666611106,0.336903778737747,0.230633137151739,174.054054054054,47.4732426604161,50.5128679297577,161.164281086758,20.526211525095,FAIL
2.74669662794025,4.31140763787704,9.66580437276316,3.79101364872314,0.00176646989723234,-0.0444759090253194,201.081081081081,49.2326501745053,55.7550135276305,103.650292154269,18.472753469716,FAIL
1.55363021992295,5.00079039895399,7.43993746907412,1.94645548207054,-0.354241149187552,-0.386933063812259,237.567567567568,41.1656568532231,112.477288922654,45.2110521169186,17.0864622834328,FAIL
5.85845913829657,7.84606513499483,2.01661770526212,10.0321419915394,0.00264257664044215,-0.047430367633757,144.054054054054,44.5199735912127,31.4510719170518,239.057542404831,22.6192660599089,FAIL
7.33931870170575,6.30283289367681,6.90878983295408,4.98189371921488,0.494811752704411,0.415217471250744,183.243243243243,48.1310996856197,52.9867921740123,129.56673405371,19.7088168608535,FAIL
2.48745184075256,7.49022227487743,8.94699109624124,4.96688556568798,-0.14883076839249,-0.206289950546156,201.081081081081,51.2048636363398,56.5664391535872,144.856980618472,18.7872605506485,FAIL
7.86974009796726,3.94898225961818,8.67562570299091,5.78730717464828,0.404685967136661,0.347960187080485,157.297297297297,45.127403260138,37.222473559536,135.087868557281,20.9483836894336,FAIL
6.80726715040505,4.09851732719658,7.35684276455388,7.07419439573251,0.24972509562613,0.202267460437587,145.675675675676,44.2952646460208,31.6509158207667,161.570243743659,21.805795759316,FAIL
9.46346042414883,3.27294809862933,7.00268697919851,6.55320272394761,0.400786471084258,0.350279178594779,140.540540540541,42.4731163408522,30.7874946756116,137.28774771773,22.1711878318517,FAIL
6.24613256812201,2.29622228000334,3.38420341800959,6.96310940088368,0.167215458246664,0.136745119761495,128.108108108108,42.0227942536646,24.4653514751147,137.845232552781,22.5303326239608,FAIL
4.71381332733416,7.41677463150114,7.88975195193832,3.41983684239276,0.372474976897697,0.303486217362623,218.378378378378,49.2044545555668,80.5751617049526,94.3167536653234,18.2503096055107,FAIL
6.49649120860471,7.48363998711478,6.82627609899317,5.42544366408308,0.389468033711818,0.312310023608743,185.405405405405,48.8988082794205,53.0315155368369,146.966211684551,19.7195899917934,FAIL
8.01438163849921,2.6584317164847,3.91179409209701,10.2057243726809,0.176786037624373,0.150164987262415,105.945945945946,37.1213819214965,19.4319676569787,166.269127074278,26.3735075359154,FAIL
8.75933859290055,10.9823890988053,3.44960013182918,6.33375508454791,0.423138778635891,0.306164843173662,181.351351351351,48.1242384968502,55.800559714363,165.782222748303,20.2756595295872,FAIL
5.70439933684252,3.80532759144336,4.31756644361148,7.35238159728503,0.140315778524779,0.0998595966927785,141.891891891892,44.2629841857369,29.3699151807588,166.038231406264,21.8444737796161,PASS
3.50792061797675,9.84748878135714,2.29630283162145,6.69248911449328,-0.145326401743109,-0.203301784453848,187.297297297297,50.3345685171153,49.2174687690445,187.132862118064,19.6408633928298,FAIL
9.45626686294238,2.22766396369492,5.9552186664014,9.27287001632672,0.256932929363073,0.229795618320079,105.675675675676,36.5239689167126,19.5829031422343,144.659240520126,26.3879097731627,FAIL
3.29580455652821,4.49104975714347,7.10131324541868,2.9797274195665,0.112237026185516,0.0671066573976165,217.567567567568,48.0214808443094,71.4371773175092,79.4833532465028,17.9856423928341,FAIL
4.00161981388189,3.98511547866658,7.98091743608164,5.3884578883255,0.103846722024262,0.0584857776011098,169.189189189189,47.4842062777705,39.1688449532353,137.969635359556,19.9269935088656,PASS
4.42550898417284,8.47551827233898,7.43155174241707,9.75768931221835,0.00585361994019751,-0.0491563150594353,149.459459459459,45.1516618391935,33.4182128831159,246.479929151016,22.3648672101761,FAIL
3.77895950792734,5.52239479248196,9.09309072911091,7.9161746949553,0.0125966775284953,-0.0353189593188517,150.810810810811,45.9143545243494,32.6339000449609,197.800119797922,21.5433590963735,FAIL
9.50179075344287,5.31325109375567,6.38885861011308,5.79434180485636,0.533164697556896,0.452881395615991,163.783783783784,45.916453129316,42.9651540591559,138.347286301631,20.7947067993531,FAIL
1.19819086611556,3.60306657103571,3.57370407088393,3.25568619922855,-0.204487667977829,-0.24201586941247,200.810810810811,49.6210234026802,58.3631391727908,91.7127178908744,17.8633230069934,FAIL
5.87685523405227,6.55468431656669,4.12208796594645,3.34902045834863,0.427243403322659,0.351454601055235,211.351351351351,48.0316307321954,77.6829584358925,86.9094248219675,18.4080382541961,FAIL
4.38685378867785,2.016192447079,1.00975443821968,3.37457586488913,0.095794418349801,0.0662723376255985,180.27027027027,43.955776877279,43.1333871791426,80.3434671511703,18.7329299999818,PASS
7.07497290475548,6.15070164894581,9.84129745109974,10.4542971479357,0.196998524386014,0.148365992337506,130.540540540541,41.3840077621001,27.6717840368621,225.904643580836,24.2555715227406,FAIL
1.67872495503319,6.83877366257952,9.83310602910131,6.63626677602555,-0.243480876204274,-0.298958145995798,173.783783783784,48.3741630529501,41.5965035729205,152.618952575304,19.8634769334984,FAIL
4.16518658764406,5.30192034832915,4.90808456029023,5.07106529743991,0.0939451205894185,0.043069616740296,184.324324324324,49.2031068602833,47.2941392646079,136.917431860476,19.3398023955618,PASS
7.76243837624855,4.46448172838175,8.56859873996623,8.50547514603441,0.266252659641918,0.219168166852196,134.324324324324,42.3227773817256,28.3446836029358,182.361852365191,23.2082028088583,FAIL
6.10506147576441,11.0532525616122,2.06585671155291,9.21268988058601,-0.00833269959670768,-0.074487826350507,162.162162162162,46.7361562810721,39.7009288511296,238.700821681225,21.5752740143264,FAIL
9.23021175210043,3.96279719081999,9.5940535997974,2.04579863811636,1.50607009890947,1.37171683643755,200.540540540541,36.8898752519029,98.9594589381696,42.5001183648248,18.437868878312,FAIL
6.11800735696794,6.1380399630647,6.81299032118546,8.6723263677209,0.161663365167196,0.109668648923257,145.405405405405,44.5410876406465,31.9768998867661,207.141075822195,22.3350229811401,FAIL
8.46735174411711,10.2058489210366,1.44675167413916,3.45037322987266,0.15622200842167,-0.00728885914857336,207.567567567568,45.8321058856217,94.7137863498284,83.7190366734331,18.6544129939359,FAIL
2.50510586581,5.05907913385107,7.26765440119307,5.3384342367317,-0.0788524776509964,-0.127022352213236,180.810810810811,49.4415662808238,43.8935107854085,144.955388395117,19.3476905845191,FAIL
6.41502134225817,11.9476299136962,5.0008872958488,3.81512052201782,0.662748139398073,0.543476772524399,216.486486486486,48.3523322265469,92.3280971386564,102.83351024997,18.5129107165085,FAIL
4.68539788307188,10.5320349095511,5.6166965764947,9.84266654275468,0.000368067306566022,-0.0606820945218449,156.756756756757,45.9631177167616,36.6654904727365,256.789143470419,22.0445087832409,FAIL
6.89969390251423,3.27186034980719,4.78403977549678,2.50248047608784,0.646835677019873,0.581184338421039,202.702702702703,42.2196057039336,73.4024312746918,56.8086386417767,18.3839868720263,FAIL
1.6754524116565,6.46531179586349,1.58821211457153,7.09628926927528,-0.200383088982466,-0.245183613560287,141.081081081081,17.1835877643194,37.8773003981838,91.3012447398724,19.9206432361633,FAIL
1.01023299325758,4.71114016684425,1.36535475169507,4.65409179835371,-0.217368546595106,-0.25718120013172,184.324324324324,51.6728943814771,47.446931345562,138.48582293932,18.4515263437965,FAIL
2.67194837387003,4.45376452507558,2.28595065026207,3.85561728127722,-0.0688683147952847,-0.108763391974343,202.162162162162,49.4819291959679,55.5001575562454,103.039008307707,18.3282580437137,FAIL
4.2727798937583,7.10732458639659,4.47339335342066,5.36049359568418,0.0720459388287571,0.0140688681020451,190.540540540541,50.0465862495233,51.7394708497924,149.774033876137,19.2938790983106,FAIL
4.2832165991367,5.9409468291673,8.27854132622526,2.84875054911268,0.345387257767083,0.287071310381886,223.513513513514,47.6492121344769,85.8821094413982,75.8753467499066,17.9610101569234,FAIL
7.31463444411574,9.90101439960958,9.37956495630276,9.78773872639915,0.282483652992506,0.211022141316852,151.081081081081,44.5113190172865,36.2807819702091,246.054046847503,22.7044243594179,FAIL
6.94182362666081,8.96436981800309,2.87295624820763,5.23111503079647,0.270875223307506,0.182185055032327,192.162162162162,49.2691102109008,59.7819175785307,140.210219471734,19.4482546562207,FAIL
1.93938372372682,10.0532664385767,5.35143778522627,5.41424304056498,-0.339394078762817,-0.399653516606065,205.405405405405,51.5069635147528,59.981779823696,146.131722793083,18.7016175736824,FAIL
6.25733854237796,7.93408647662611,1.84462627833537,10.3931095421996,0.00454323881354551,-0.0454921209439902,141.351351351351,43.9677158722644,30.739381770981,243.437341879205,22.9327697819361,FAIL
6.81414758574045,5.38630454459312,7.76962758967999,1.63474243557705,1.45221330975509,1.33351284857488,217.837837837838,30.0416660891668,141.68695428907,34.3190824642375,17.755776570258,FAIL
1.45610089180273,4.27989379785555,9.92692556860231,8.01878509327418,-0.145400251412533,-0.187257160453198,138.378378378378,45.5496680014433,28.4833493909524,200.052153623311,21.728935193058,FAIL
1.01950295283082,6.37299906119294,4.28419075766357,6.38203410052098,-0.293344262970929,-0.344051180801477,171.351351351351,50.8108593788394,41.3641615470967,193.391621827983,19.4937329158643,FAIL
1.39951435192908,11.8761681801144,6.81550036948415,5.09718946912754,-0.5498429026916,-0.614848341346297,211.621621621622,47.2886189927207,68.6072814238812,81.7109373414308,18.356835269132,FAIL
5.43570405309942,7.82913735619324,7.472593336346,7.68036163843573,0.153107396823331,0.0909510424613093,164.054054054054,47.2647312777787,39.6050492176171,204.19719283201,21.067971185839,PASS
8.18244235941827,4.68207131082017,8.06917171290169,4.17603207912548,0.643997788703483,0.56406615434345,182.702702702703,46.6321032926379,54.2639990363641,102.191638626524,19.551739175596,FAIL
9.44804416045979,2.72798578934447,8.72321214264493,7.92581513463079,0.330934879748504,0.293236857941272,121.891891891892,39.6823682890251,24.2628199696911,145.333820770874,24.1657622673293,FAIL
7.977037174996,2.35069450632907,4.45629402375666,5.83682257151247,0.296844858958202,0.258576128737996,139.72972972973,42.0874835453569,28.9642914832095,119.157902456559,21.6747842869349,FAIL
2.71011938229254,5.58036984202758,5.56589111972634,5.21781435848394,-0.0735421268152004,-0.122603858505439,186.486486486486,49.9496053028567,46.9414022200397,143.684958614218,19.1645468739593,FAIL
8.58255002592354,3.9749765104477,5.97173503032442,6.52041242688441,0.360945557814792,0.306392340900257,148.378378378378,44.1743189886625,33.6644694455094,146.197329739481,21.6088317998256,FAIL
9.63341541419515,3.48884233925827,2.21622722859113,8.80285260531082,0.187400535334659,0.147752124870167,123.243243243243,40.9024299738865,24.5709728786159,169.860910216738,23.9046503227094,FAIL
3.8425217642552,3.64360083924452,9.06131655367403,10.0484212602473,0.0299427773399417,-0.00257101204021071,117.837837837838,40.1534279239969,22.3733281759505,195.156691996798,24.7285262270536,FAIL
5.70936878243836,6.99945461647564,9.06829634946385,5.56314044223058,0.308207481159859,0.239341996826471,183.243243243243,48.9606170921137,50.0880049069985,152.695315358297,19.7749542089835,FAIL
4.46962729551247,7.53591453836847,2.96382105715716,1.67503977041661,0.355623435640365,0.293393058547412,237.567567567568,30.8290757337348,161.567717165152,37.3523541978201,17.3258931903191,FAIL
4.33505218625227,2.02995667101524,8.13856810539241,8.74359509998496,0.0935149445559142,0.0693781623881421,108.378378378378,38.215702591081,19.3985166153418,147.892546483062,25.2640239445643,FAIL
5.9434285087463,6.77541013729389,7.16275564982594,10.1690085915924,0.118599535603032,0.0690677981248556,137.027027027027,42.9013456839142,29.3441173673531,233.130178379993,23.4280377452058,PASS
7.10582579614998,8.48027197533505,4.80857891633255,7.49107292738452,0.263204568879632,0.189995983676413,165.945945945946,47.1794709376779,42.2288800531307,195.057242988198,21.0363104093319,FAIL
9.28928342933279,7.77807708308648,2.2826947775843,3.49272828690189,0.509246384860671,0.357630673901014,199.189189189189,45.8949212794399,82.2660123513345,82.9215084120875,18.9221476519571,FAIL
6.46367769344799,2.84285751220625,7.65545649077009,6.08836457619672,0.254780046829333,0.214642985064903,144.324324324324,43.3694915013959,30.4004680934787,132.713126318223,21.4822083116223,FAIL
4.35541279441383,1.9828109657154,9.6772108667077,1.89769036201969,0.451087969563551,0.414964886407678,211.621621621622,35.8525075194529,74.2300097632644,42.1335131321503,17.8402362461193,FAIL
9.4572217266812,3.19620307700151,9.97880532565318,2.40714443689665,1.19802347598531,1.0947364172925,192.972972972973,39.7248403231822,76.2504865202235,50.9764206510379,18.7900245413451,FAIL
8.41910397071866,8.94819082104446,9.63327947133511,5.8645733093372,0.677549436079933,0.570990159878654,180.540540540541,48.0148755995608,54.3218325317917,156.382692482571,20.2189501161226,FAIL
8.09178442613686,9.70526754239904,7.50543772289549,3.88161378926875,1.00774023787741,0.86568809161655,204.054054054054,47.5955657948727,82.6874585339698,100.986702142629,18.9220677687924,FAIL
7.1956084498288,11.6555561532123,1.81223696507671,6.65048702324257,0.0648351825321891,-0.0280997445417472,184.594594594595,48.9846769206424,54.4900211401496,179.302473361659,20.0853787929099,FAIL
6.21098102020611,10.4781343289399,3.99885036069044,1.55690274975796,1.37595290251232,1.20829083176484,225.675675675676,10.2130292121484,206.087031816073,31.8712536983401,17.5150956071975,FAIL
7.04108268366612,4.03458772073251,8.8014279793386,9.15886132733431,0.204174216184314,0.164062925007182,126.216216216216,41.0891393323001,25.4525872228484,185.63971492619,24.0115307453721,FAIL
9.80644273176432,10.4668792229903,1.4438028548769,9.51816166619005,0.0278612516887351,-0.0577919375832986,152.702702702703,44.8074856344846,38.1304314588505,227.856669347722,22.4338883532699,FAIL
4.10510730628395,2.38643805891781,9.34028820795767,9.1953179381484,0.0741828777696752,0.0480238109165883,110,38.5377643016503,20.008742776162,160.316080783772,25.28687198165,FAIL
8.42557596136781,4.31835960474036,7.88856694575777,3.11539381947793,0.874620922960187,0.781373805594634,194.324324324324,44.7753915289834,68.7272491066195,72.9245401270079,18.9250571415403,FAIL
5.864895901451,10.6491087774854,2.67423010400612,10.366548841548,0.00632281847611549,-0.0538397359419688,152.162162162162,45.1419318060766,35.3268926618423,257.733462842293,22.4511289707079,FAIL
8.52672810160878,7.38054131020885,8.2603079419413,4.8532388893063,0.731165891615493,0.625122137722858,185.675675675676,47.9016646136801,58.8769501057833,125.526083716449,19.7214074793943,FAIL
4.82712827024524,9.26259596868472,2.41406501109578,6.35037115499228,-0.00364846111661399,-0.0671783695814503,186.216216216216,49.8813561144667,50.400453408321,176.73575127607,19.7154438173268,FAIL
6.05130854022702,7.08859643873061,9.74705701714087,3.50056906333341,0.650912862206311,0.565368730220905,210,48.3580276128247,77.5775363420671,93.6105701099432,18.5464669259,FAIL
2.84751231394261,3.51447215233912,4.26826695448718,5.88235714543267,-0.0078441939877365,-0.0463107808340401,158.918918918919,46.9673275639411,33.8963009016436,145.84243007195,20.1659858552121,FAIL
6.38059123840363,11.3230318697618,1.77576986908732,8.81573698879139,-0.0206355777125679,-0.09052995555222,165.945945945946,47.2176701629749,41.7275567733383,230.882723867765,21.3045618750033,FAIL
5.15215362339892,2.45264703490048,2.21673120100672,3.41793343218469,0.198858160080232,0.161532141450421,184.054054054054,44.5661195154367,47.104756252658,80.812474405405,18.8405615702854,FAIL
3.22614298225699,4.10250515767125,5.32517370707439,1.83528387817689,0.173908197267223,0.138267412611252,235.675675675676,39.9710496896294,108.839502424471,43.7838023073331,17.3381450892475,FAIL
7.50789242552902,10.9256525980286,2.61928468565382,10.2904959227034,0.0934365794851308,0.0242904830634167,151.351351351351,44.686330598594,36.2042369960605,251.423323067502,22.6472875868768,FAIL
3.99304310153271,1.65720428445526,5.8114587395935,4.46844584826196,0.147255133921716,0.117992447344626,151.081081081081,41.929567909875,30.6891548347611,96.2816367163587,20.2292127414102,PASS
3.26436114735442,2.1808211103089,1.77049629595302,6.12558195456293,0.0460665258354313,0.0183115938384289,135.945945945946,44.7162536829123,26.1668841583069,139.125138915068,21.001526588779,FAIL
6.31747262174457,9.67885273016513,5.59468988720708,6.50567506990749,0.290506312401962,0.21016636957856,181.891891891892,48.9187405957465,50.824356573113,179.785153701153,20.1361671419593,FAIL
3.53370618389598,9.98791997865419,4.99093265806323,9.21353264303742,-0.106471036469749,-0.164460899453069,161.351351351351,47.1130554728975,37.6060364661063,243.836913505956,21.4271595395702,FAIL
7.15116163895593,7.25578589869898,1.22108873032081,7.90107228836573,7.61618542644005e-05,-0.0589593510284256,157.837837837838,46.6819037746122,37.2327797516297,198.329357474922,21.2623228337726,FAIL
9.55404436430234,4.05352380758912,2.00332669588586,1.83876219966778,0.758740210989637,0.605941047548313,199.72972972973,32.7485232225689,110.928010852522,35.7710092211424,18.2967111088492,FAIL
2.15943554198876,12.0470898808352,5.64955737030118,6.83216354092276,-0.333738952413865,-0.399475817555602,194.054054054054,50.8817409437664,53.0480334998925,188.04968034884,19.4377104643964,FAIL
7.6175490473395,7.24480050012817,9.53348316804333,4.93107163295185,0.63176807227977,0.538987310187133,187.027027027027,48.3398706551117,57.3123364839687,130.628825238061,19.6528072233105,FAIL
6.08800558269141,2.55554944120558,6.6731388564402,4.82079696932016,0.284066445098442,0.243467343285794,158.378378378378,44.2118583429699,35.410528928745,108.977943643725,20.3278008313979,FAIL
7.39062940775921,9.29371485828103,1.52881390061007,9.53909766782994,0.00341581122047308,-0.0597083772330718,151.891891891892,45.3569515873823,35.6598484212434,234.169963458334,22.1950642604343,FAIL
9.38369704939117,10.8107193496182,2.67741996054527,4.3175829708246,0.558293590375069,0.387079226708318,197.297297297297,47.286449532884,79.1167018961253,107.337498962171,19.24134004177,FAIL
4.81098318604667,5.82942773681052,1.90124962641409,3.98798229400248,0.0657680746379707,0.0118615186431911,203.243243243243,49.4682997969474,61.8295212571209,106.74251427463,18.5927856067554,FAIL
4.39025744839191,12.329608266197,4.84509550179265,3.9241004068459,0.187732448976741,0.109066085078097,225.945945945946,50.1904357950916,90.4770458903622,112.016867704535,18.225520602484,FAIL
1.38456612021987,1.54177597540896,1.13869626053836,2.39891781565417,-0.0255583810817714,-0.048434467122915,184.324324324324,39.1075473140672,51.541337729692,51.3622665665519,17.676367087777,FAIL
6.72739506619493,1.92808486594406,9.18965368324767,5.0572307977373,0.311152452267726,0.275887665183516,144.054054054054,41.2216140943905,29.953478984184,103.38011093313,21.216127617507,FAIL
3.67024246357221,6.91168550296698,4.94554422343995,2.03099193367612,0.224106004354933,0.176245174790046,240.810810810811,41.257832520683,127.823875889978,50.0625802334683,17.3831535678793,FAIL
9.02876773067942,12.3023427483747,2.25838579162145,7.83290918947895,0.193068687272986,0.0842349118303152,171.351351351351,47.1488984526863,48.7007341185552,201.043240126576,21.086356778543,FAIL
7.15313423156763,11.6488752314191,3.55601192666543,5.56480307158973,0.371982954488864,0.265113614667496,194.864864864865,49.3832379609097,64.1983910269263,151.930000516334,19.5315211323069,FAIL
8.88914340516793,3.57611597874975,6.15138072866768,5.10935104938369,0.476672131057781,0.415201026238957,161.081081081081,44.8193997024944,39.7880812424277,116.267600905856,20.6014627206498,FAIL
4.70862751447713,3.47771657649357,7.28034973375757,7.83023416380087,0.0997277178828872,0.0626387191215714,134.324324324324,43.2717477651135,26.754198676726,170.133543418767,22.4963149737411,PASS
9.02111613202626,3.18084357892369,3.3915116503714,5.27689662802481,0.35784930489775,0.303551714106614,155.405405405405,44.1890105703833,36.4986151817648,116.305566899099,20.789297222302,FAIL
9.56477105060511,9.30313682413147,2.16277815300221,9.73109889994548,0.142401447681039,0.0662921800553888,147.567567567568,44.0869664096586,35.4437878924005,227.544063690108,22.7953779086255,PASS
2.66667946973101,4.60894201801931,6.64784507253715,2.07950718982789,0.0142672643946803,-0.0222074590535453,237.027027027027,43.546931678359,101.863966785289,52.3060785030585,17.3553329964798,FAIL
8.55621369545853,11.1696695844036,9.52626092845133,4.68516086691408,1.04429950414862,0.893484461457185,197.297297297297,48.2352254515591,74.3822101926202,125.812802530272,19.3829118115458,FAIL
4.92720544434915,9.93284170205177,7.69531807528307,8.36805974610616,0.0840276577114185,0.0176773688824103,166.756756756757,47.4917709178725,41.0442090883789,229.570336229346,21.1715174621767,FAIL
5.95673877416409,10.0179812971357,8.57799381124316,6.16920047668076,0.344531235048755,0.261305587965927,187.297297297297,49.3910172304726,54.1948226248682,175.673192815974,19.8913987206024,FAIL
5.29387968515073,6.23878933477476,7.42765871692577,8.27273905884603,0.117584060648669,0.0654502820284302,150.27027027027,45.4945481369462,33.4243288448987,204.873316070954,21.8472055968492,PASS
8.26626377191736,11.6290686819751,5.15623694697137,10.2821812225744,0.280738549107309,0.201021930536183,152.162162162162,44.3366007614898,37.5408003216101,253.758266922305,22.8404575961256,FAIL
6.14100546409093,5.26448363792937,2.18599000310294,6.19815485210158,0.113982686479083,0.0616351835462912,165.945945945946,47.4991558873019,39.5503128600006,156.435588556331,20.348906906584,PASS
1.70926511001149,7.73840255197934,9.77779581514182,10.0243179825233,-0.235802741944102,-0.287408061343556,143.783783783784,41.3647062727829,31.0593198417668,141.920848368901,22.331320628015,FAIL
1.91328878436289,6.04866050102024,6.98006392980229,8.78304100539369,-0.164781999603157,-0.211480371356111,145.945945945946,44.7257631094921,30.8906779718017,178.921429248401,21.6949006541154,FAIL
8.7543698220271,9.83553848927354,8.58178780447635,8.3058802150325,0.479396156983277,0.388974724726375,160.540540540541,45.8034272608815,41.7831838889335,212.700802173036,21.8297327751003,FAIL
6.10385258137136,8.00192008280134,2.10393568236072,4.5096625598117,0.147982424742309,0.0716108172238299,200.540540540541,49.5952430904346,64.6560186020816,121.065023881571,18.9401743978879,FAIL
9.74106539234881,7.02531902021473,3.88375575788114,6.4766798610103,0.427092404271397,0.335499753993426,165.135135135135,46.4181277406766,44.3574785253211,157.921136412532,20.9432794126204,FAIL
4.09832715621295,8.50042984271689,6.28607703360126,5.18384274237583,0.0834412484021404,0.0191366719261711,199.459459459459,50.6916301347801,58.1620547994668,150.047751379137,19.0640165229543,FAIL
3.36304612058667,2.91628557224233,7.42168730566474,5.58149443035129,0.0593451656989788,0.0218578877436422,155.405405405405,45.6655329192842,32.7296516833244,133.182220335522,20.399798755248,FAIL
8.61083998843549,1.82824626948838,3.70038762098881,2.22365607180069,0.720357571836914,0.660933781654694,186.756756756757,34.8967246528201,62.3180732317821,44.1740560081679,18.7240911208206,FAIL
2.81679003525789,2.68159377482082,2.84635404971249,9.95484398201554,0.0115952051090542,-0.0133261422381373,58.6486486486486,36.536235509599,19.4122108114332,96.5182661562964,24.8255054232945,FAIL
3.42411956939879,3.0914318108934,6.90173885638058,5.23963587003187,0.0658610205965574,0.0268857276787042,162.702702702703,46.439300195302,35.5415232657041,128.606381269061,19.9980104111403,FAIL
6.44334668720196,2.95400007955446,8.18213160956659,8.48261776244576,0.181820224089337,0.148406835075226,121.891891891892,40.5285395969791,23.5144684774668,162.548656042605,24.0099800540368,FAIL
2.49002306470373,4.088619534234,8.33935342132661,9.46123009566367,-0.0565064495081707,-0.092806556237271,125.945945945946,42.3776549987816,24.4950472009521,199.33776910001,23.4178621559581,FAIL
4.6632593256993,7.81643504096692,3.83967061799773,8.07405384639717,0.0192746966787337,-0.0358504190310156,161.621621621622,47.3368399515812,37.6575264361119,211.381257743444,21.0838691949921,FAIL
5.73092286768374,9.05162507615803,5.1142080379989,4.93371722865728,0.316780746072271,0.236785537466548,199.459459459459,49.9719708160285,63.1653269785717,137.848031905458,19.1272098985352,FAIL
8.92718105213846,8.59892947757452,5.45573393457126,9.01190657410727,0.34094300437073,0.264963546322046,150.540540540541,44.5505933809901,36.5382078533067,217.243727777973,22.4778947022662,FAIL
7.85708849433116,12.2611721414293,6.51717229201359,2.75440419787418,1.56978402907957,1.36159412371727,217.567567567568,40.1183450096999,128.635472639419,66.2517187419898,18.2522757169827,FAIL
6.88288127007072,9.41615811387265,5.1246039226469,3.80067720195339,0.665795695518204,0.554520573912408,209.459459459459,48.3448332817079,82.6329923854188,100.442290907239,18.6735704049724,FAIL
8.89538433766644,9.00372582837385,3.58928528499808,7.76076352869316,0.315340653517593,0.228203669760259,162.432432432432,46.3542102299803,42.3706255111672,194.292257190428,21.4086146180844,FAIL
6.12922525026117,11.3453583473391,1.73009081998877,2.87005609852888,0.156328717758311,0.0390789720565383,225.945945945946,44.1110930948114,117.937462609764,70.9925113605719,18.0027266417975,FAIL
7.79001324591205,8.44693025096196,9.75881438343306,8.12064191790008,0.384776696144735,0.308300486705469,158.648648648649,45.8549316448627,39.542427596787,207.688820872319,21.7610899073008,FAIL
1.49812914283762,7.92310474574344,8.81735180023998,5.17669068659954,-0.347124113340244,-0.405797339918622,198.378378378378,49.1501617599232,55.6931179233109,109.714213539946,18.7018372413186,FAIL
9.30973379436343,8.68519091367786,6.18958365557176,9.02855548732925,0.38888042735786,0.309568105986699,150.27027027027,44.358909111207,36.7309218453275,216.88340674757,22.5731934667295,FAIL
1.68968933668929,3.26430851835301,2.74162003655442,5.95661154346202,-0.0775393530764908,-0.113248925874696,140,47.7983199626771,32.1465334014273,153.385331763233,20.0238612131414,FAIL
3.74232628086639,5.59086471959056,6.57065748320677,2.77264203636931,0.202685060117468,0.152108902965348,225.675675675676,47.6279697852385,85.3130144046226,73.6967598860899,17.8406786851993,FAIL
3.50994399935195,4.58618516761393,4.86111456163718,9.70036455128094,-0.0121756567749786,-0.0490588656321533,128.918918918919,42.7722403894636,25.2474044477026,209.827490570013,23.3147184269353,FAIL
6.29812789487256,8.21914817763385,6.37203349803196,1.63492074092303,1.52179123618299,1.38131695439595,224.864864864865,23.3968171270721,174.234561746678,34.7984893126678,17.5997859270684,FAIL
3.06424922795341,1.57657187573352,1.804883344403,7.7536396313582,0.061541513423788,0.0411883952111024,39.1891891891892,12.9180274938026,18.6609446952759,21.4196971156822,23.6721048183627,FAIL
6.04124672268781,7.60766323137692,1.03999524692812,7.26810468010759,-0.0570753526904551,-0.114021714450908,167.567567567568,48.1361923174063,40.7563275839082,191.360927309032,20.5614307088069,FAIL
6.64668695791583,7.79364556234066,7.81520804285432,2.69890077255914,1.01014929734544,0.896767685323013,218.648648648649,44.4579231918247,104.411301660189,67.1132448300495,18.1635351268916,FAIL
5.11371703972629,2.04478419187743,7.78690567930189,8.31080855289839,0.128620892780895,0.103223650433081,111.891891891892,38.8202029319962,20.2738191992565,143.613185656876,24.7504095386626,FAIL
3.54152146596137,7.75229834181436,6.94628996505661,2.65010679139631,0.165325067083292,0.110886762518517,236.216216216216,47.1791480555673,104.512452450473,71.4295671416903,17.6402413995004,FAIL
7.98744791098058,1.49627864970597,8.34074951425608,6.86325070238987,0.271157897569342,0.245945433505969,113.513513513514,37.7117321088574,20.8490570964258,111.009465635684,24.3945189665266,FAIL
9.84819149190548,3.76106918103399,4.95566770872913,5.66581546993198,0.454498921524479,0.390506464441237,154.324324324324,44.2774654641207,37.256881114179,125.77962858325,21.1202325516254,FAIL
4.45176040157679,5.6917786724277,3.36287674103237,5.53682336288224,0.0687717778521627,0.0176023593672703,180,49.105527742161,45.1684420666059,148.409540708152,19.5891562420573,FAIL
4.7275425418119,8.0427294422915,5.21791828375443,1.85244866442878,0.668178250464081,0.593947275005894,236.756756756757,34.7620269757722,151.444518870149,43.1226930595397,17.4448884800643,FAIL
2.37938829855223,6.64050015157059,7.83563147748401,1.68364082661562,-0.165199484189581,-0.194950223219326,248.108108108108,36.1926422237443,149.641542453982,40.4710795069002,17.0401978176607,FAIL
8.15812963831346,4.32661927217375,5.01811951609517,3.1984021654069,0.700471992769477,0.613937527098006,194.324324324324,45.1653637199575,66.9554698611537,75.1222365421332,18.8956466637081,FAIL
2.17117469499794,7.22150046850181,8.55874210651556,9.10346627894873,-0.178421279330456,-0.229595875907267,150.540540540541,45.8921855430304,32.602347170048,217.450308844665,21.7448312377559,FAIL
1.47957721990373,6.58829654459976,9.25073397700279,4.01079841179077,-0.327154957513725,-0.38020244891856,210,49.2611776831318,64.5207342316661,92.745715058845,18.1200464059947,FAIL
8.22662623509129,2.36762535162791,3.97064088277686,3.71040078570232,0.458932700901882,0.407943617010294,170,42.7173879522747,43.5801746789725,80.7023515455963,19.6869651406208,FAIL
3.47274326473196,6.94574555187709,4.55309038595438,2.45682129663248,0.0990686676614868,0.0509607361292799,237.027027027027,45.9885032850399,106.428044164125,63.9248612758947,17.5473930074976,FAIL
9.16431354163792,5.94724121744485,9.39492913460163,4.83911314132314,0.73975946636429,0.641629368145261,178.378378378378,46.9434589665107,53.3783264290464,120.259544377027,19.9994512444201,FAIL
4.12423536208679,8.16612062777143,3.28038619199748,5.28826790803241,0.0094246147578626,-0.049977985507364,197.027027027027,50.6004729419733,55.9166665978387,149.444894532668,19.0882374056804,FAIL
4.09466196071991,6.71706502010306,5.95228897665842,4.29362910108129,0.131159569699606,0.0729237919616887,204.594594594595,50.2710372748988,61.7850682591316,120.746877300207,18.6770695099486,FAIL
9.91892067893709,7.49693848371441,6.54468960188984,1.67971603609692,2.48103274761908,2.16495760215822,202.162162162162,18.7907102853617,164.672030806797,32.1753898351882,18.1928042433664,FAIL
9.21956930692839,8.21611365841402,4.83835773092454,2.30190523730153,1.52809611101373,1.30228305154115,208.108108108108,36.39830180754,126.304523376393,49.7727883398625,18.3408063859915,FAIL
3.56889727201727,4.09404601036436,2.75176010831984,2.71643069582737,0.082336266922552,0.0425165434625933,219.459459459459,46.5619983768318,74.5300016841367,69.3816007106459,17.8475651418477,FAIL
6.80295241264049,3.37160643311409,2.3032374319804,5.81739638566217,0.178674738057159,0.13531497541083,154.054054054054,45.2738139327508,34.024104061123,134.233800037541,20.7140971939104,FAIL
1.54025151826162,9.73553360412908,5.26702329691852,7.71385587006224,-0.343209381182144,-0.402742047217528,175.135135135135,39.7138564978537,42.9179417519748,81.7457695403104,20.0693462559834,FAIL
3.6294209801023,2.69167967780464,7.46065957162854,8.20440785990895,0.0507858549582705,0.0204354789648163,122.432432432432,41.5807631793665,22.9074262572319,163.244649876552,23.3935362788077,FAIL
3.89297981506492,10.8214965974272,4.94420021351677,9.38357634727827,-0.0826043120252739,-0.143214981170947,162.432432432432,47.0458285107346,38.4999502885463,250.318739049656,21.5001736737159,FAIL
8.04355737988089,8.03490710792091,4.52566730211108,7.32800391514699,0.324041670247616,0.246070764377566,164.054054054054,46.7644224333106,42.1168127870716,186.154566784182,21.1336103446335,FAIL
9.83067202432002,6.11463874970126,8.89218583102918,2.41470983603755,1.67299235971741,1.48357194213039,201.621621621622,39.6373432204784,104.591280229756,52.6967883321066,18.5961152908925,FAIL
6.64322156017882,4.72862917459745,5.42316879141379,8.17740965773341,0.185542241054138,0.13926693060234,140.27027027027,43.769465483949,29.8216349842014,184.846410464508,22.419778965515,FAIL
7.65411739146641,4.83546008300085,7.50133965873444,5.15604217300821,0.461716009681473,0.393861463283979,172.162162162162,46.8438581133206,45.3260678243111,127.714758705839,20.1355446782011,FAIL
5.77594198111544,3.3184056613618,7.26277570662554,4.50825066392012,0.303782905666137,0.25606079137401,172.702702702703,46.2312267120984,42.4811074511888,109.697452248284,19.7038217017157,FAIL
8.34251460803033,5.00762266367292,4.18487566121119,5.11002327047159,0.421111972703767,0.348135406574047,172.702702702703,46.8204469494753,46.4900759663931,124.540406726602,20.0912447918998,FAIL
9.86060127905404,3.62231588511884,1.89922594040347,7.76387928510795,0.189219869655573,0.143110091787646,132.972972972973,42.3795588867722,27.7205578824485,159.286844548233,22.7954061606702,FAIL
1.36672809986667,7.80723916189916,2.85297029142796,6.23598552803177,-0.312965398260351,-0.365194502415552,182.162162162162,44.3098706546075,46.5075218141352,97.0373221459616,19.2057505909441,FAIL
7.78741881641068,5.70776862396182,7.52246842913029,3.95298389070727,0.690175093373251,0.600069848837828,192.162162162162,47.4119718149358,62.7112755123053,99.6714463502204,19.193190399477,FAIL
2.27815774444156,3.53943474039156,3.56001493450096,2.55057344963515,-0.0607179589224508,-0.0947570156066001,221.621621621622,45.8067182251025,73.3209010022976,64.5537086569147,17.6144675618415,FAIL
1.54957643581229,9.32076145868697,9.95577870779224,3.94828870884195,-0.459059444656663,-0.51774036772581,222.162162162162,50.9201486430147,77.5351110152801,102.094113175776,17.924019611582,FAIL
9.25100098292906,1.94242700560726,7.9480222544324,8.43383348122152,0.279960391607163,0.253187063491109,107.567567567568,36.7038825686558,19.9226558178533,131.58368251993,25.9102721685064,FAIL
6.63069483494614,8.55250076811515,7.61179573761417,3.46405316730999,0.792726676532382,0.686439410022469,212.162162162162,47.8397785870179,86.0514735506364,91.4594502031707,18.5210145770785,FAIL
2.62861490386886,6.20175928670225,1.8325708256836,8.39187236541124,-0.119782101334223,-0.162472893084277,152.162162162162,46.7290300552793,32.2967756708199,198.845705820176,21.1151097041728,FAIL
4.98100256167226,2.8092277282859,3.54324258090767,6.66317758268627,0.117053838683317,0.0831165180170887,139.459459459459,43.9659935340259,27.673497670777,145.818678908171,21.576257187658,PASS
9.66315475384285,8.92156780124681,5.59466548288336,8.11061022336019,0.451593332407699,0.360097632578527,157.837837837838,45.4545507325907,40.8034598721391,199.553719271409,21.8842685369172,FAIL
6.28818088138474,1.55027661143534,4.6174096649045,6.11028713744501,0.20552421825008,0.179648476359287,124.054054054054,40.247861212065,22.9622379701913,111.313812638594,22.6367797101436,FAIL
1.29181759942791,6.76659895118792,9.38005485179484,3.520566650304,-0.410296635178775,-0.462024179813195,214.864864864865,32.3147197391834,73.8144884581527,40.0710275971869,17.7913993089107,FAIL
7.67857836059785,7.57798973248754,1.9755791569482,7.43469126540799,0.114010570690605,0.0456138619841396,162.432432432432,46.9092776152981,40.2487205516267,187.039562652442,21.0643565555804,PASS
7.07932119494988,3.92521140054526,6.25895838345716,10.2729405848966,0.166932620390644,0.131800165289708,117.567567567568,39.4563289083716,22.9087630953373,193.692980855766,25.153704657621,FAIL
2.96534755682056,9.5249473080946,9.50455276189349,1.89839538381904,0.051732044754395,0.00996368796520875,250.27027027027,36.7440658628723,159.555860166641,47.76932399382,17.1715085211567,FAIL
4.45881141619701,9.59290702876047,9.45575590328744,2.98804663634296,0.465122665836246,0.388980792569136,231.351351351351,47.7710105666741,103.876839585252,82.5127459513314,17.9033432170526,FAIL
4.15390216024925,7.85641385937173,3.76476020635535,9.30247880886951,-0.0365800290351577,-0.0873304994901401,151.351351351351,45.885961508041,33.3982631509843,232.957488983684,21.9024634473238,FAIL
6.00366697796595,12.205091769071,3.08823794135357,9.18875447028039,0.0517194147181488,-0.0200269665346337,165.675675675676,46.9607988462004,41.7503338952942,242.887783583681,21.4963302248588,FAIL
4.732322642427,5.34088019942174,6.14161641004621,4.7659754468087,0.190058095189967,0.135062781842526,187.837837837838,49.0648258144376,50.389990081223,128.380564755294,19.2509197927483,FAIL
6.96142338318896,4.93449527627933,2.22126837124556,9.44443023736612,0.0938645261595216,0.0524185244132385,131.621621621622,42.7727910697785,26.8573465181065,203.764622760337,23.2438020118774,PASS
1.97602163855921,10.0867847268124,6.32623065269587,9.73541928319371,-0.273547906171099,-0.330971972822007,157.837837837838,46.2609587834996,35.8767621232014,213.02077199785,21.5603211103237,FAIL
8.45554394834985,1.40834733071573,6.93812080133141,3.34311153954677,0.534322911574461,0.495054469333856,158.918918918919,37.2894404166928,37.6350097447441,65.3312676239071,20.0377151243098,FAIL
8.92864383558138,4.74215884690383,1.8791652938599,2.29778320713621,0.543866100188229,0.414112584088816,203.243243243243,39.740237318144,96.2721657829149,48.9441867543675,18.3956722404262,FAIL
4.23996531603337,2.70885907414412,5.70150826881923,6.87743164118922,0.0933325322682534,0.060131166365603,135.945945945946,43.5255524083337,26.5235342193183,148.087464287747,21.8978316312328,PASS
6.25851074994386,4.05803930625179,6.76002538346566,1.61035273756697,1.09303901558316,1.01025437534263,217.837837837838,32.1921881555889,124.686705727642,33.8589965015878,17.710803240896,FAIL
9.01666253578297,7.54829422555317,4.68390638342397,7.80659102189608,0.357628675986642,0.279750294559553,156.216216216216,45.550460970087,38.8576702006362,190.021948049955,21.7320014461379,FAIL
5.1787017913841,6.32800096142698,8.94003402974649,10.2953120396714,0.0750753433781774,0.0286154330691291,134.324324324324,42.5282468488794,28.1389090909215,232.800136971441,23.6428147092568,FAIL
6.32719121534378,8.21570396055775,7.19684954813911,1.51416903390995,1.7459362339923,1.5966278857588,223.243243243243,16.9272504335257,187.860190893698,31.4202684782964,17.556810894291,FAIL
1.35047505889481,9.93144120079025,9.28610762701893,7.32942989264597,-0.400035501657379,-0.464369479822108,175.945945945946,-16628.3468867382,45.37605318649,16.886250506814,19.8542609188145,FAIL
6.66625249725641,7.70331078138618,6.5841192346199,2.21543184894524,1.17272074504526,1.04798625466611,221.891891891892,39.3706015216562,125.634892281336,51.7362292647779,17.9280100838782,FAIL
2.65702804191724,5.29159057497699,2.07201031613824,9.27813218864484,-0.0845439938755872,-0.122764839894749,137.567567567568,44.7724509961465,27.630791230305,207.511538957284,22.1408196451267,FAIL
4.6755074089324,10.5120398964168,4.33979626584433,9.28192952164209,-0.0116306948737809,-0.0730996781184864,161.351351351351,46.8084674306757,38.4331384492304,245.386092310617,21.5810915583904,FAIL
3.5460643990603,5.45307449669657,8.91889738708036,5.3229899251933,0.0444188163829456,-0.00788813886313733,182.432432432432,49.3083849016715,45.8523984725797,146.640937942866,19.4744924346352,FAIL
1.61569265684456,11.7185705062069,2.67333608420756,10.3466401509207,-0.340959736740878,-0.3968946627969,137.567567567568,-1264.49066913101,36.3444386084517,31.404322706165,21.5115723907576,FAIL
2.43733012624626,10.9017494961847,6.77693991514982,4.25580734276956,-0.26772477998162,-0.328615959324448,224.864864864865,51.8635534664671,78.2557919087393,125.409610635464,18.1373099998927,FAIL
1.21786537612678,11.8281060255242,6.12040801945282,3.81952142374685,-0.712514034210975,-0.770269763577457,NaN,-30.3913000901284,89.6575055962723,14.8794014791323,17.6745420447323,FAIL
2.49975587415107,6.24379082634544,2.62297898281384,2.14453629247184,-0.213971983004666,-0.246712162499527,242.972972972973,43.7003232471482,114.607195983441,53.0369026166369,17.2470333630771,FAIL
4.39994875065727,6.3435253792232,4.04853055037351,5.28654445400877,0.0843463609637367,0.0292417358874081,187.297297297297,49.6704172267572,49.6308277411176,145.032157936647,19.3458718273354,FAIL
2.47145401209243,3.09831925339133,9.19792187417133,3.44984232255193,0.00728434869424816,-0.0325611846274371,196.216216216216,47.3489878640381,51.8635323910505,89.7633819076878,18.4191118750662,FAIL
9.12615276660274,11.3890373122069,5.28104025632012,5.18187838115401,0.798943417816326,0.64798406798022,191.351351351351,48.1358521155706,68.444911887021,135.612965489372,19.6898282306358,FAIL
9.8223626682928,9.30080003404699,3.15051889232331,3.32029951960105,0.869312186834158,0.665809529430659,201.081081081081,44.3497071964956,94.5065390328583,77.3957310620692,18.8725293697878,FAIL
7.23375722630807,2.41328867190311,8.97638293398592,4.87157347896084,0.374492428140831,0.331618167141132,153.783783783784,43.0496516444312,34.3817706973112,105.758396052632,20.7232513156051,FAIL
6.88279743317022,6.41329881539143,4.3531169189431,6.37060537432987,0.262723338751789,0.197398793654111,168.648648648649,47.5165326202608,42.6320717352494,163.375027821461,20.5033573881067,FAIL
6.44675214816838,3.13598031949173,8.3197942108357,3.94539236908269,0.425574322782965,0.373737640246869,178.378378378378,45.5343982115278,46.8707932359655,94.3707680903651,19.4394446210078,FAIL
3.10115894612471,9.80988177466147,5.35793674706546,2.02658267283877,-0.0170082652322445,-0.0595996417185121,249.189189189189,38.7056958381648,151.927271866975,50.5328253272107,17.2269554094514,FAIL
2.50789685936459,12.338515791137,8.11719111154844,5.93791102821457,-0.27035529365801,-0.339567033124885,205.675675675676,51.7391498790585,61.078656178122,178.861435904346,19.0044616437321,FAIL
7.66036794797738,2.98849510969168,1.36932584906682,2.85864369542639,0.266989941630937,0.205666344790187,192.702702702703,43.0585161803762,61.9056428337024,64.4026091658838,18.6810015084883,FAIL
7.78655257983267,4.39741354856624,2.41474765712883,3.94674880464582,0.34051988197365,0.269801419298306,185.945945945946,46.6844959488391,55.1969974186402,95.2801160870843,19.239099633672,FAIL
1.95165754198275,2.55734937138381,5.68505577469931,3.36341825926724,-0.0371345139610545,-0.0720695815207643,191.081081081081,46.0870026155489,48.2418537499664,84.5156823330004,18.3523566933319,FAIL
2.03295981967735,9.869796077252,8.9746174218534,2.69168496157925,-0.408410759387821,-0.455427402312366,244.594594594595,47.6215115206687,115.172400121329,73.590063910772,17.3583837508771,FAIL
7.73974115690261,6.37409065583402,7.56989101013163,8.26473932993871,0.299336588460053,0.238211666892051,148.378378378378,44.5854592279212,34.1215595899373,197.13350080165,22.2418037989745,FAIL
7.71141546063926,9.88396447727518,7.76058608727929,8.08647757972473,0.385623363182674,0.301832920880525,164.324324324324,46.5721220361449,42.6623238314074,212.405037495191,21.4658844656018,FAIL
4.51104605167336,12.3609119497019,1.28321429196399,8.491857168012,-0.185328793057593,-0.247319838486077,175.405405405405,48.742316330122,44.5404836128175,230.334189865347,20.6317885981506,FAIL
9.09366714475555,4.03888422239276,1.25185578465013,10.0369171892982,0.0884352207119768,0.0513253212784907,119.72972972973,40.6118942397038,23.4477096178278,195.353826772894,24.4462532278128,FAIL
5.04799139393012,2.55321499629372,4.02274081983008,8.35183716702533,0.104601221105198,0.076215895327961,119.459459459459,41.0158533936287,22.0531191593774,159.921883991754,23.6858444325199,FAIL
4.43343207791999,7.90638279983395,5.54723763397036,8.62550405010194,0.0153051874959,-0.0396665593381097,157.027027027027,46.5864763605411,35.8160821534174,223.724753897437,21.5188698278327,FAIL
7.25242313988627,9.55638494524061,9.64528462630696,6.71212485808886,0.467992884667038,0.378397498338274,176.756756756757,48.1054341194095,49.4117692297296,183.707881753979,20.5191516235901,FAIL
9.67992697138604,12.3769743388221,3.43104839566264,6.69948548675795,0.482757153854391,0.344820062680065,178.918918918919,47.6027459271246,56.3888688140139,172.791139727543,20.5554670891341,FAIL
1.84178007251384,2.52507906994289,7.80440241009286,3.04402497921755,-0.0498919742772074,-0.0853324819845365,197.837837837838,45.4452329605881,52.6517943427767,76.1763058817485,18.1351005701436,FAIL
2.66809653579155,3.38059472269779,6.14696642956151,6.43165124040221,-0.016487586292363,-0.0545173243147795,150,45.8729672406508,30.8578041995023,154.18881669851,20.7708407472131,FAIL
4.92740652653034,11.6079095613973,3.58355642078924,5.9174245942667,0.0787998533024493,0.00277447210361825,198.378378378378,50.5197429079182,60.0038925369739,169.765822720413,19.3616547762392,FAIL
3.91061098345482,6.44683375996776,1.13444221992257,8.87609323653273,-0.0818867997266003,-0.123812298106553,148.918918918919,46.309151324254,31.4479519829978,218.999115610985,21.5453795403022,FAIL
9.51878595327557,3.85277311281765,5.19158172921757,2.05525883237075,1.26174857192516,1.12641368201306,198.918918918919,36.5523967730978,97.199441756988,41.8070830324837,18.465425831715,FAIL
8.14364242003577,6.71822121824021,9.05317175225585,8.71405618591519,0.330382557411186,0.267158883656474,145.675675675676,43.9649208140092,33.5266775260479,205.547039574495,22.6485091654012,FAIL
2.29610504961954,5.03397355830567,1.64119789091368,2.2077675806729,-0.222929064610212,-0.252695263671692,237.837837837838,44.3062779018425,100.046040140587,53.9357018018234,17.2769770014217,FAIL
8.69085957289023,4.86551072022957,2.70626661589048,7.31158143097114,0.224298659992208,0.168004785610835,147.567567567568,44.6187063140032,33.3526095112477,166.558846943251,21.7884341502549,FAIL
7.37234702233667,6.15472313312869,8.88342231552702,9.56259311243638,0.234888915540797,0.182141431892161,136.756756756757,42.6058448498677,29.7421017181014,215.032459246793,23.4292461933605,FAIL
2.36187481035571,5.03549496860994,5.61235859798181,9.54409948557095,-0.0922348592811093,-0.131934551541036,132.972972972973,43.6086774999525,26.5746102053083,206.433855501111,22.7737070136161,FAIL
1.02299028541002,11.835633728974,3.85421502854036,4.63450655475005,-0.669392020052577,-0.72922345548696,213.243243243243,51.9289742567978,74.6131438802352,119.961949392987,18.01019180848,FAIL
6.0797087833509,5.19458334814317,5.67187513312185,4.52145372688388,0.345809069172001,0.283171928624511,187.027027027027,48.300388804798,52.4776993376782,117.634645899349,19.3208936576686,FAIL
2.50482340479986,6.35014137188964,3.2295062247512,8.63496625066703,-0.125445623659194,-0.170393669676142,150.540540540541,46.315182159851,31.9625056992477,204.271465865177,21.3841359087617,FAIL
9.62318184819997,6.63593998179753,2.55904219485646,7.7599098182685,0.237008958227278,0.163958871865168,152.162162162162,45.0832215181168,36.7485957744365,181.878748378051,21.8456298184852,FAIL
3.81526106734792,5.1191358933566,2.62138730343336,10.1186436023764,-0.0225163819781903,-0.0593120296982064,129.72972972973,43.0648192967184,25.5409601278161,221.404822268489,23.2591881967528,FAIL
3.06453908014487,9.60101035678457,8.87245173353151,2.38507962511017,0.0406270487076243,-0.0101573352614113,245.945945945946,44.6309089216068,128.329940754898,64.0675736872623,17.39470180912,FAIL
1.39516881810058,11.5154911904754,9.29259067956227,9.56120869277315,-0.40198732882475,-0.466400212256947,157.837837837838,-668.638103544028,38.7177737000483,22.5445573853157,21.2146590362791,FAIL
1.87912182781001,11.1927696720804,2.76497660115961,7.36534775229316,-0.349921466924947,-0.40892443255507,185.405405405405,49.0464337605535,47.7209383962608,152.231632832077,19.6761022591647,FAIL
2.96931712585241,2.32732295764966,5.15215941934224,2.08925009680872,0.141764531359971,0.110911897371908,217.837837837838,40.0291702613717,72.6277492024072,49.3834082356578,17.636059395047,FAIL
2.57498555629248,3.04861368638912,2.6200103589657,8.83302635414584,-0.0123393714601943,-0.0415570549603648,94.8648648648649,42.9508081988646,22.4803814919892,190.307609198811,23.0566488459925,FAIL
7.73900750110513,11.7795934905077,7.11995052110336,2.31734416800583,1.87250408725302,1.64881802287768,219.72972972973,33.7335799339974,149.052329556721,53.1856866595346,18.0551244101226,FAIL
1.93448292233646,9.85408851179605,1.01429940762088,8.99316473535528,-0.269630195375016,-0.318623155082466,159.72972972973,25.4401386368771,37.6010558234628,71.1623574524078,20.6862082588277,FAIL
4.05185418086546,11.0084591915252,1.11198721980455,3.69174525834075,-0.273772449706711,-0.334183286159969,228.378378378378,50.1195197685672,90.372012565494,101.425326598576,18.0250715276346,FAIL
8.04017937965718,3.69189420643317,7.28541758281334,2.28895535634738,1.0375192249517,0.943523977579768,202.972972972973,40.379356126406,85.3006132028143,50.1837167785965,18.4077995933851,FAIL
8.43953788049184,6.15100760084845,3.77720152124714,9.03964512974308,0.220430963603834,0.164204023123342,140.27027027027,43.4227760954475,31.0843153771816,203.56110892575,22.8829118127666,FAIL
5.10882027569525,2.29643182351133,1.96831446462589,10.3390177870039,0.081955451283812,0.0605165856995645,101.081081081081,37.6250097969524,17.7433110017264,173.163247440504,26.1244112676577,FAIL
6.53137075930652,4.48800109684002,1.50987075507562,5.03966984440365,0.113303410040138,0.0605823156720592,174.594594594595,47.6699391122231,44.1837039431246,126.376481291458,19.6946212096845,PASS
2.5729717174338,5.69567144358084,4.54461040276503,3.18982958023874,-0.0942468029834599,-0.138478487967859,222.702702702703,49.5280680318227,74.8636677566695,86.9505613139418,17.8486103300696,FAIL
4.21550349335177,4.67875503179049,1.89994813238383,6.5343818815604,0.00853671510059534,-0.0332832099845101,160.810810810811,47.5357068321272,35.3919663783219,165.590773854333,20.3779398513982,FAIL
2.60113048961952,2.88437610152911,2.83041923809626,1.60289697603749,0.0187154602087151,-0.00623689051139431,233.513513513514,35.1597504206865,103.997177697536,36.1195960368485,17.1741246845355,FAIL
8.69146691955421,8.09222068003395,1.30418258721014,2.23473696689038,0.210878568370859,0.0115064328948624,211.081081081081,36.0968711342062,128.582499385706,47.7431337828742,18.1895103874858,FAIL
8.42087368751193,9.04376357173732,1.83791282510238,2.90754201811927,0.406747297518822,0.238104411393678,210.27027027027,43.3116014283013,105.187606747157,67.7005642738671,18.4375886381739,FAIL
8.28634963371814,9.95728331516738,2.79314317882661,8.08136900246499,0.208120997728921,0.123741628793752,164.054054054054,46.6650195599766,42.7473893740233,205.425422248028,21.3658600248757,FAIL
8.52521201798464,11.8273792507649,3.02940199965929,6.98294768234297,0.320749640826413,0.210126516367019,178.108108108108,47.9622290944298,52.8821121434956,183.460073382049,20.5531699437167,FAIL
1.3445845312529,7.25574429986787,5.37387264033502,5.84832458104258,-0.313876183923637,-0.368228349686865,183.513513513514,31.5483759394142,47.6817618146824,62.7839369073599,19.1054701104196,FAIL
1.05305381451537,2.17015843319734,6.11476981540764,10.202788716673,-0.0374847467380086,-0.0599381548593795,99.4594594594595,37.1008661538102,17.5035456814949,155.247823126874,26.1981475806053,FAIL
7.91404283451626,12.1366025492438,3.12691362836655,4.61101009143077,0.515956754250561,0.375837238340252,202.432432432432,48.5569417267573,78.2375242608492,121.113649004317,19.1160161185385,FAIL
8.6975330169562,2.16177985942983,5.99663723977258,7.54750895929607,0.277154874268241,0.245868795627386,118.648648648649,39.3581937285562,22.6383244415315,133.086350133851,24.0744592845206,FAIL
5.45266247657904,8.59403490089509,2.83725318737259,3.1598998996178,0.291636350856429,0.210377646533912,221.891891891892,47.7006277160168,93.5387504716216,82.3332737497556,18.1219463134836,FAIL
8.73399667298966,1.65344072340089,3.07002993334062,8.50408140534641,0.208601538638896,0.186430260084361,103.243243243243,36.6080541973937,18.235468583432,128.859637592172,25.9281909771098,FAIL
5.04229451466566,7.13959601235792,7.81510254904867,7.33041151904828,0.128121727553615,0.0691274679445334,164.864864864865,47.4975649800079,39.4397561999707,195.110386496576,20.8700596837499,PASS
7.75545329418613,8.74629768529591,4.7507484493212,2.55501732559239,1.14518439720526,0.983957511547033,215.405405405405,41.2007090208239,117.00340591283,59.6350177660116,18.2151447272756,FAIL
3.83071317071016,2.80855738383989,7.33439914207619,7.65848514070253,0.0631969316221775,0.0307153544101704,128.918918918919,42.6450282978667,24.6823090005729,159.50793657104,22.680163990381,FAIL
1.36058836952549,11.0083421916733,6.85365152247928,10.2847186920443,-0.369375399599615,-0.429025577516611,154.864864864865,43.2362897634682,35.6184293445444,144.641235859104,21.7312454399539,FAIL
2.93833583976279,3.87465697937451,6.5795310582716,5.08056601125959,0.00482410018169499,-0.0380887410929815,174.324324324324,48.1836273804179,40.5152571623277,132.405262802645,19.4939707429677,FAIL
5.83894894918446,5.63652426266242,3.33899676572597,7.61652880893059,0.11128799758414,0.0614846630768421,152.972972972973,46.0707168190812,34.1279754180481,186.612312499739,21.3695817455293,PASS
7.49600525163493,4.45731744767183,1.177059728263,7.64591849701145,0.0627437975562627,0.0179788477573231,143.513513513514,44.7431805392011,30.5248294569485,175.69799163815,21.7853443799145,FAIL
4.8696818272092,5.16373860154827,1.93624617237576,3.55307334799244,0.103418255426424,0.051383680052331,206.486486486486,48.6484172677416,65.0006196960155,93.029472113578,18.4141325420993,FAIL
1.93310132529246,7.17775542925806,1.05340968443033,3.39632893934404,-0.344320575764046,-0.382564799055175,226.486486486486,48.772520640431,78.5394706735693,78.3203994818262,17.6717251757488,FAIL
4.10937333107136,1.78603916850812,9.634062908758,7.67585977821224,0.0989244903297027,0.0743701051073054,112.972972972973,39.1010673893696,20.3299767248771,133.808721082788,24.3057497975263,FAIL
6.65726063831912,7.22513874476842,4.77579230440708,7.53887782203546,0.212045565716411,0.148753126091166,161.081081081081,46.735486438272,38.8710018742187,192.289039051441,21.1880437810352,FAIL
3.54992293318171,2.01296110873916,2.16506450655842,7.42781118197588,0.0598220245501785,0.0350965916426009,116.756756756757,42.3791235767474,21.5612966765693,150.097105081535,22.7147651565924,FAIL
4.13305053930647,9.70043753782042,3.65225571404569,3.38924279933719,0.104509847608805,0.0392497120067639,228.378378378378,49.4262580103542,92.3253034768111,93.3940239991757,17.9939994267235,FAIL
3.65736171986616,7.35163315536151,5.36580623177432,2.02196633982526,0.23941645095489,0.190442989204216,241.891891891892,40.7762518879831,132.35634946036,49.9594872703763,17.3670378160489,FAIL
5.36879335709281,5.33107994008175,2.12664920029768,8.0459205677118,0.0418687151859736,-0.00231410482085098,147.837837837838,45.6455698896367,31.5914264058517,193.57687005609,21.6046349049652,FAIL
2.63638124684562,7.52996373786889,2.93434637889875,8.83638588862666,-0.149548995597905,-0.197656310161903,155.135135135135,46.8479700044122,33.9247545656221,214.120469453748,21.2746324064403,FAIL
9.01976251275069,7.72296296086254,4.92473278513722,7.27650197081078,0.404831353002501,0.320763410799481,161.621621621622,46.2138749944703,41.7715299760612,180.487651411706,21.3252577889481,FAIL
4.25929378479079,11.6493350548955,3.21146702200815,10.0982161677842,-0.0950510630146766,-0.15468877225109,159.189189189189,46.3652665872883,37.4421899043677,261.061019562208,21.8767521853409,FAIL
4.97665895069411,7.02919604444526,7.8088072017882,3.22329697697027,0.449220488732885,0.378472171555373,218.648648648649,48.4948307698112,83.1270503937463,87.0532085207137,18.2075663456922,FAIL
8.97046251275771,5.86391427437556,1.54721668180582,6.85045362752047,0.12428276856696,0.0564786987243645,157.837837837838,46.113319743497,38.4733246965883,164.136940093912,21.1175075707147,PASS
3.71057464168807,8.12909888210726,7.34379495623926,9.85310364662556,-0.0554877076234181,-0.107905771211048,147.837837837838,45.0920658738413,32.4245496012834,246.401886498542,22.3832824232865,FAIL
1.50878869630149,8.76592961196035,5.14976858737939,10.1658459520691,-0.275017432282078,-0.327022286165665,144.324324324324,40.3635852334266,32.3383994924194,132.436262128941,21.9785120495879,FAIL
1.78422864804648,10.2541906468457,2.96051567322828,3.77612097626399,-0.471289905281616,-0.521175997421361,229.459459459459,50.2164279946717,84.6472043677866,91.0319957480559,17.7618346937739,FAIL
2.12370560086457,5.76256207701888,8.24877904866327,1.72295619109937,-0.218891645114349,-0.248884989879145,245.675675675676,38.2295191166373,136.233305463225,41.5800358720434,17.0440035271877,FAIL
8.25276988762252,5.7200293738765,9.7035703145535,10.0094498853259,0.271968516477652,0.221291262822773,130.27027027027,41.2314273320824,27.8506760712449,212.310676963399,24.2195359757277,FAIL
9.78961561109009,3.52893574113169,7.48873284423822,3.87993936398707,0.745318360074171,0.663514136083181,174.864864864865,44.3293627913065,51.0436641849563,87.3742766819137,19.8135359047446,FAIL
6.09647731535088,3.31852410739485,5.06705456834428,5.98886122174516,0.215734112091255,0.173206344006835,151.891891891892,44.9450437220566,32.9745194769927,137.828295544718,20.9494510267991,FAIL
4.69676364339728,10.5704752240394,6.28309256097715,5.57646516399491,0.159670855718138,0.0846476699290951,199.72972972973,50.620768292449,60.5812223297094,163.013811756699,19.2473840439861,FAIL
3.28781765664321,6.10822069152953,1.40722460683622,3.38583715036333,-0.122402984329071,-0.165297212226074,220.27027027027,49.7610658549069,73.2824353205509,91.5568314895664,17.9675711250907,FAIL
3.12452763349686,1.75128993217052,3.4739151418173,5.74621056199713,0.0660028700918718,0.0395357012277711,132.162162162162,43.3033346673604,25.1322686585377,122.744522787517,21.2295399185954,FAIL
2.50724475260998,12.0650719037418,3.85785377802836,5.43429084572075,-0.30317607675916,-0.365657661202571,211.891891891892,51.8933322328039,65.4142801117809,155.198480541132,18.6712394606601,FAIL
7.50221570304699,8.67290124452611,3.45030857139027,6.10179187159054,0.306085992029258,0.219796013186326,180,48.4540048777583,51.2611802585445,161.091995627564,20.1094297596316,FAIL
9.82250403503063,3.43152532851769,2.26412511273133,9.59724120904507,0.181769224343895,0.145360443392883,117.027027027027,39.6055124750941,22.7770265678539,175.77078282484,24.8240045530078,FAIL
2.86367359673795,2.21298964732739,8.0764732731831,9.3756607609193,0.0261924230957757,0.00194759844461767,95.4054054054054,38.1938179296277,18.9787779168166,158.697195792996,25.5054534653633,FAIL
5.85662968193981,7.42807047716121,7.32111139658232,9.26491127594673,0.135917662531381,0.0802345331192683,147.297297297297,44.6906108002554,33.0171139997388,227.196300682045,22.4572671990726,PASS
8.82228958201673,4.11664045488892,3.02842409150348,2.57146124952334,0.717743308204192,0.612377221643439,198.648648648649,41.9298277495684,80.6029562771531,56.3006626402258,18.6033495403427,FAIL
2.43935908607633,11.3320862555904,2.82209558347194,7.53386671164619,-0.281024468074848,-0.340521518063357,184.324324324324,49.9546866060886,47.1744547999421,196.135235612428,19.8706441867499,FAIL
8.46355541479045,4.61774288876863,8.96324012095288,7.08655418044326,0.381627944115064,0.323757798853423,147.567567567568,44.1449270991496,33.649710141541,161.756877427253,21.9520611980492,FAIL
5.30860460911739,8.2981810034294,5.46796882769321,8.50565011257639,0.0906821781254336,0.0313810483838126,158.648648648649,46.5867631553207,37.2023631596056,221.161734243447,21.5102448298731,FAIL
9.68651418700298,10.3617721159448,4.91914544266408,4.08601764755625,1.01298549419747,0.828271876144885,197.297297297297,46.710662415045,81.8171005992827,101.412472553125,19.227675477161,FAIL
8.1631518858569,1.85436460857358,2.594266252583,4.97979035370198,0.280143077266532,0.244923588739851,142.972972972973,41.0621026465692,29.7364768319858,99.7568801435136,21.0803679755928,FAIL
8.4501297062316,9.5119003405685,6.67160235968404,2.76582012461407,1.45711536694273,1.26637404334726,211.621621621622,41.924478130357,113.335144410311,65.4868419866293,18.4154337253488,FAIL
9.35641393479323,7.11692545474031,6.79449376439252,10.074500673874,0.324658333533894,0.262518137974398,136.216216216216,42.0337410736248,30.6222269596897,222.076499601278,23.8396765991176,FAIL
8.38100236080895,4.42368033109859,2.30766241249773,9.0014661574056,0.151320324684035,0.108071211467493,130.27027027027,42.2685166247432,26.7362997159392,187.898785731228,23.3408972190065,PASS
6.13500259751018,6.00420945917081,8.85002358059973,1.6358450464426,1.37373338445131,1.26709501175499,223.513513513514,30.0594409919122,148.979891839789,35.3387689425774,17.6342086624246,FAIL
8.43081965535452,3.6666744617095,2.32024790937432,5.21214576567565,0.26946819942814,0.213036259620317,161.891891891892,45.4640238688506,39.2991822299527,120.127783456232,20.3985807852601,FAIL
8.57298693316277,10.4146008739655,9.93819089905755,7.55711507688788,0.568049830872273,0.467441089732827,168.648648648649,46.8530253115403,46.6004737512463,200.534128224333,21.2286451689133,FAIL
1.84495950973455,3.18274416554691,8.99354772497047,2.24022139501648,-0.10140533827394,-0.136271126365068,224.054054054054,43.7880808532308,78.8055501478669,55.716840846177,17.4568522030804,FAIL
1.92388665357964,6.45554665929833,3.34271527480762,3.30423747402515,-0.267270061981721,-0.310485976854009,224.594594594595,49.6655213137464,76.6858115659331,85.4019043657633,17.7301206277594,FAIL
3.20941720156437,8.91418103701633,6.84303652135991,4.97799307466102,-0.0575400278004441,-0.119167382833711,206.216216216216,51.3482793470399,61.5441467336265,146.927241374106,18.7703689889456,FAIL
9.82394763253376,3.63729800855409,6.78661247723182,5.70796834222979,0.494951954477376,0.432301692403427,152.702702702703,43.9636348161137,36.4953656178213,125.873931670841,21.2682540052789,FAIL
4.95400914032858,4.96152735946732,7.17721904342067,3.7912208606491,0.308109323450253,0.251019524711122,200,48.5817181661927,60.1950471575508,100.69649616739,18.7127007385232,FAIL
2.15354402886861,3.23031677509939,1.1651659730993,2.64623161395843,-0.0999215570881085,-0.12902688304274,217.567567567568,45.5660154572499,67.5129728293344,65.8964422159925,17.6139691851252,FAIL
2.94578132702408,8.43517583849237,4.95114519036608,3.84979082451809,-0.101686314853424,-0.156522351829088,222.432432432432,51.0855284680894,76.0240526803519,110.310074244311,18.1031576872092,FAIL
8.74535452879354,2.16431637661587,5.79680837378552,9.56002690434392,0.227275906210189,0.202217800303269,103.243243243243,36.0673088245836,18.8550453522544,146.014873837131,26.7623853707338,FAIL
5.99503385147699,10.9890549504969,5.27705232616452,7.96455124672377,0.179033161451428,0.103369610400559,172.432432432432,47.9395666442397,45.0591313425576,218.17379060057,20.8929652116608,FAIL
5.90889284336475,4.10644200717566,8.06749495173708,5.86459099809484,0.249578006351042,0.1997408264393,160.810810810811,46.2190393845315,37.1536032594679,143.316236451737,20.6102764636045,FAIL
5.60496886645829,11.7020876544333,4.39892421688461,2.89970973625341,0.629906405699239,0.521488229447222,229.189189189189,44.8293048933751,118.406432282759,74.6725186452526,17.9584343676191,FAIL
4.06245500228583,1.7191142455686,7.33828763889375,8.07737525470999,0.0935387588804152,0.0708672036466969,108.108108108108,38.4188323920911,19.1654635821624,136.260876789787,24.8511568981701,FAIL
1.79127400505317,1.52810415559865,7.3261982545714,6.0069402319813,0.00539386334879002,-0.0201279864662593,120.540540540541,41.1781975704329,22.8240666548864,102.76802044424,21.9286498439019,FAIL
3.16335055247297,7.16098137700469,4.76730928975094,4.0502797926088,-0.0380696048740213,-0.0913088379375681,213.513513513514,50.8633231316392,66.9858758719364,115.058181542985,18.324669938011,FAIL
6.81712148513832,1.88197299740573,4.11262980517346,10.3200105964154,0.150540834584648,0.131043382613621,95.4054054054054,34.5889041926469,16.6364244741829,146.263064146874,27.9215200807478,FAIL
1.74781530619665,5.48830705621451,8.8293510034095,5.80943927338512,-0.187630463688576,-0.238240703953276,176.486486486486,48.7864563118287,42.1813773336583,142.692774956944,19.5048995806328,FAIL
1.8277926379292,12.2049357950819,4.13144232685089,5.07068297359548,-0.460076718157145,-0.52126088465559,216.486486486486,51.5283671132776,69.9257482148806,127.878073216289,18.3630085499856,FAIL
6.61556637581436,7.10013317607983,4.56020585073101,10.2274159841348,0.125854021125872,0.0748990356657663,137.837837837838,43.0466771654935,29.8165665998223,233.533682241891,23.3481667148327,PASS
3.35580102135473,3.46099511435851,2.07730121203496,7.15031675816333,0.00371233927781278,-0.0304431072761229,142.702702702703,45.5810288581762,28.3724313902315,168.367827704133,21.1989748494975,FAIL
9.66927327043989,7.51419959574246,3.77354792012672,9.5535489566932,0.271013413896817,0.203112131757084,141.621621621622,43.1736604206779,32.7086514727483,215.65980638325,23.1656341084542,FAIL
3.84493147125586,6.71409923915928,1.80190899596723,9.182334378678,-0.0707312109434603,-0.114508044433183,147.297297297297,45.8266030703613,31.2193580083142,223.531876692724,21.8191868511233,FAIL
6.33362932177287,9.31751121608743,3.24463031004416,6.45104566588879,0.180377303067364,0.104278507855345,181.351351351351,48.9780143907412,50.199313337684,175.200542989744,20.0644858476353,FAIL
4.16942346684917,11.860611804741,1.92719107358765,2.57885151280913,-0.107314938353626,-0.173495193563191,241.351351351351,43.3462357692385,132.555155919373,65.0987603439735,17.5634975893985,FAIL
5.56047691586892,5.47924916684962,1.91097575242141,3.54264875358303,0.153342167010681,0.0933319368701926,205.675675675676,48.3545747005046,67.2935100054166,91.5876272479409,18.4907138141459,FAIL
6.20658158286463,6.91741970861901,3.58868756914773,6.28793227507331,0.187920622381621,0.124095492223752,173.783783783784,48.262804082356,44.5491224996892,165.420469138752,20.2219050085786,FAIL
8.5508083294183,5.24279911800553,6.90312414420994,8.26066331147771,0.317261636261519,0.261278695628028,141.081081081081,43.312822288129,31.2836731307322,184.836080961648,22.7077591052037,FAIL
4.12610776166325,12.2911180075206,6.43343160911374,1.53731652332547,0.769613034837765,0.699669482991613,243.243243243243,9.90816215887818,223.829451038281,34.0048700218063,17.1728285858591,FAIL
9.92596532884378,8.84585121095653,7.07965999481692,1.71009182566883,2.78785431149349,2.42438473599334,203.513513513514,14.9695550110461,175.650191806859,33.004166297943,18.1831307941084,FAIL
8.38638822867028,4.72648053713384,2.3511499378542,4.01860281110986,0.362585937489556,0.282574900042924,185.135135135135,46.6546480329678,56.3390717269623,96.4600835958306,19.3332043603035,FAIL
3.99861050310201,4.73007741377453,5.66302400455083,8.59851475228286,0.0231433873240536,-0.0177901405303112,138.918918918919,44.2747198164768,28.315718608978,198.293748797014,22.3411735639274,FAIL
4.03754656777402,7.90658349054335,6.08781254612888,3.50190102887512,0.182319406534382,0.120307851617641,221.891891891892,49.884695829831,80.9985687153142,98.1611089929004,18.1403531682814,FAIL
7.99947101271941,5.85371135464435,2.57271227366665,4.24960235276209,0.361621593415699,0.275612101563764,188.918918918919,47.6570641044604,59.2258117071739,105.704704706223,19.2912114403051,FAIL
8.23549561952509,11.4553827694526,8.75162399063522,9.83729441323266,0.383473425811872,0.299487086807691,154.324324324324,44.6507648077044,38.7847426151416,249.706592614952,22.6535221188086,FAIL
8.23137555804026,5.96272448009118,3.78727645987293,4.58833662179934,0.468669423563842,0.38140595400459,184.324324324324,47.6124269243658,55.7578963842659,114.620501046407,19.5681936332793,FAIL
5.41479594293291,10.6934149232562,1.92533576147738,6.56930068621718,-0.0204674238307392,-0.0914298650872574,187.297297297297,49.7908964526114,52.4720699276797,182.50907371394,19.8084471014866,FAIL
3.27949936109774,2.73915241863716,1.95124580561495,7.75853435566425,0.0232931887694328,-0.00551201264160112,126.216216216216,43.8642479569395,23.8131127480119,170.489685493938,22.2150700305195,FAIL
8.90535627070524,12.2028351044134,9.44756411985512,5.99970499265376,0.876676438548333,0.736077561131122,186.216216216216,48.2085572524688,61.8829029166685,163.429091430302,20.1378258455971,FAIL
6.1809254678076,6.97359776832726,9.53914988962653,1.84459018332777,1.36068352629268,1.24681340864983,225.135135135135,34.0390232613557,142.703047819963,41.6651622023751,17.7125693518276,FAIL
2.60778778660024,8.59100645616358,2.70620646605552,2.29538272006437,-0.299750499989124,-0.335977573246285,246.756756756757,44.09381910455,125.667780367541,57.6714285862214,17.2657812022085,FAIL
5.01637837103052,4.75003480456622,5.28790727413598,4.64403530706948,0.211210414821466,0.158496823215738,185.135135135135,48.4956291534903,48.8205539616651,121.947792093554,19.2917583814915,FAIL
4.3484366604896,11.1498759956793,4.50945535232345,3.22557632914788,0.230391211640468,0.156134801171399,232.432432432432,48.3511021347234,103.787310276702,88.3874801049846,17.918650450138,FAIL
2.21278295481637,6.45329563080167,4.4457924465005,8.98175813212167,-0.148299294578219,-0.194213267202725,147.567567567568,45.5857039228716,31.1815103491661,201.194468657807,21.6674408502694,FAIL
3.71617162602293,10.679743416928,9.50619933267635,1.53572663975201,0.617735839696432,0.564409882044561,245.945945945946,17.7990977670389,208.594871807797,35.1926672486617,17.1295693922574,FAIL
6.70970203744516,11.4629350504372,1.06000979547465,2.64585220620926,-0.152400049579095,-0.295325256652485,224.324324324324,41.0559956598493,128.519664003713,62.8640443576875,17.982359185249,FAIL
7.50256175007924,10.2526581388696,8.43029666550119,4.45423746658376,0.833111969451917,0.709859095623448,201.621621621622,48.780364028026,74.4482076116446,121.067693708711,19.1201336321704,FAIL
3.92391895181465,3.09124379599196,3.56953041456244,5.1860226775305,0.0828718480881971,0.0454357116002133,163.243243243243,46.537248655743,35.8179336604084,126.684142422235,19.8979710578828,PASS
9.4885105850604,7.30502994689508,3.95692335925321,10.1029195971793,0.252718590191141,0.190427050501149,137.027027027027,42.3626240602853,30.8191033598172,222.444987445014,23.6583234765256,FAIL
8.40946528953816,11.8941978838095,4.7318399921099,2.69544730458637,1.44759508838335,1.21627426031241,214.594594594595,38.8586082294662,129.66624619002,62.475980670653,18.30849234586,FAIL
5.44404624992063,5.24355897367782,1.47083640033251,8.36122006658602,0.013455122983786,-0.0284595548266324,144.324324324324,45.3350352358733,30.288862673628,199.124180902901,21.8047573418923,FAIL
5.42051845079506,3.24875762852489,3.98104323770293,8.72729485315234,0.104430321358535,0.0719107111848696,124.054054054054,41.758469475396,23.7071692094448,175.581981901328,23.4894884323563,PASS
2.50402228145135,7.82299888356838,1.34211855314243,5.0638065987823,-0.232711810230971,-0.280049882306681,202.702702702703,51.1603556012053,56.45539452088,135.376516328238,18.6236164949869,FAIL
4.16645450280239,2.34787777401719,1.85314401223009,6.13522268069363,0.0737747067021965,0.0443080878315884,140,44.4592281156743,27.1397231703605,136.824565510146,21.050779242964,PASS
3.78608596906797,8.3677317259913,2.5809937748031,4.89428428819076,-0.0576011646852904,-0.114592379473399,204.324324324324,50.9999914222495,60.6397443437404,138.56797602154,18.7653873507323,FAIL
8.42744393371604,7.15555748028826,3.26803486707463,3.47596577188987,0.638135446465388,0.514035238687491,201.081081081081,46.5262047627136,79.0972030020553,84.5839251823859,18.8322380273215,FAIL
8.86052562887401,2.9022035385582,1.15271630892264,7.76681489524185,0.119284216537849,0.0835561947224694,127.027027027027,42.1361276229478,24.8645535132105,155.607834939938,22.9082306246948,PASS
5.84121136464486,3.63930553327313,1.23789676009056,9.62363768638834,0.0467915040831279,0.0159991975053513,121.351351351351,41.9025993666251,22.8563082259239,197.162722474032,23.6997820830452,FAIL
9.4627261411825,12.2472184967131,1.93432574528107,6.57182598378579,0.190231933203683,0.0576439507764221,180.540540540541,47.8896077181554,56.9504519392033,168.771326027064,20.389246111637,FAIL
4.95397863782966,7.31608187534748,7.81129700406079,5.11145108404427,0.233289117581334,0.166937777930987,192.702702702703,49.8261883193789,55.0548075645199,143.739844847146,19.2962329265941,FAIL
3.75791377283709,7.43213978005902,4.73150328150519,6.25939821181354,-0.0112109902248858,-0.0673099305603864,181.351351351351,49.6600319485862,45.8518325319332,174.44550113736,19.7577216622395,FAIL
3.62355426982666,6.76121437926088,8.89936914169443,3.62568709076691,0.128074499409443,0.0706120990614231,217.027027027027,50.15817144042,72.5412930131031,102.950898993819,18.2389021319825,FAIL
7.45470707190763,4.81503303274438,7.38130464489606,2.04820288110629,1.20401681701896,1.09363265725915,212.162162162162,38.478400078497,107.924429845679,45.0711030700748,18.0908250844132,FAIL
9.62495031670449,6.63897418344015,3.02576698700605,5.97951998179411,0.373623771231536,0.282086767197525,168.648648648649,46.7516345815369,46.319168305596,145.669247425265,20.5980136993736,FAIL
4.63019243310456,9.7287727531063,6.27561769088861,5.33431286325205,0.160406706633971,0.0883435045478447,200.27027027027,50.6193636726549,60.604965257355,154.983744979268,19.1508253638516,FAIL
9.62424934817618,1.85495902656261,2.91037038788464,5.50081754509986,0.319301372543171,0.282741237791688,134.594594594595,40.4692267322508,27.4513171546557,104.159788253466,21.913851186982,FAIL
7.3138420067577,6.26122894798786,5.86991733346566,5.75444743816971,0.385989825763293,0.313707267051703,173.783783783784,47.6942049762693,46.3045367012625,148.071503588096,20.2146828050351,FAIL
8.46042381431526,11.1308347170152,1.26462871643048,4.08378855808482,0.0189375754444245,-0.134051443378449,203.783783783784,47.5742947697875,84.1655541794427,102.750479627032,18.9208093980836,FAIL
1.69990221613519,12.2717247874947,4.07441358155394,2.88153106577844,-0.70109061886331,-0.744299790213256,244.324324324324,46.3722441112416,119.775597390836,67.5673685246049,17.3041340352526,FAIL
7.37838127275489,4.48073947867367,6.34820038861333,3.66132630566839,0.590774106424555,0.51657927895197,191.081081081081,46.6093145528466,59.8021936191946,89.8430459454176,19.0736400112283,FAIL
9.43337698991268,3.04034504980869,5.46886233799433,8.34807619681564,0.288619646627062,0.250226055573622,122.162162162162,40.1253839554506,24.2985970504372,155.93699894665,24.1259546091339,FAIL
9.55928290920064,4.05375242766105,7.18651549567915,1.64703739033579,1.81656678636535,1.64468118454894,198.918918918919,28.5360244128141,123.666694480823,31.4975365076405,18.2443071151054,FAIL
9.23050780891338,11.3469322007132,3.94427262716889,9.35159104878476,0.317692086658212,0.226174538375022,156.486486486486,45.088616097604,40.2987156006012,230.972027551074,22.3124436364647,FAIL
6.27237763473475,8.71638382476851,7.16012951178074,7.68907995952797,0.238323254093336,0.168236766195102,166.216216216216,47.2954536073849,41.7480012211656,205.166897370265,21.074435835074,FAIL
5.38023764334857,4.29104872009017,2.81571452457677,5.86067490529683,0.122776571887576,0.0771052296884387,164.054054054054,47.1421470224457,37.6667025335165,145.772270729768,20.2450659647473,PASS
9.92581436047963,6.38344326658423,9.32888393935629,5.63215451850225,0.713923094259376,0.613483759464395,169.72972972973,46.4347227734902,48.2415223199926,138.462555464747,20.6161849469512,FAIL
3.8983388098425,10.519165951218,6.3399782363709,2.53278359491648,0.286670648135118,0.221829694023829,241.621621621622,44.4903740204089,127.100724791543,67.011938041593,17.5623687159325,FAIL
1.74459565437556,5.88187187337964,3.29316549493676,8.25768236818647,-0.167616025240856,-0.211887723385359,79.7297297297297,-6866.52120678856,31.9313106315228,99.6472432711963,21.0720336387812,FAIL
9.86574704272746,4.36213737516936,4.68229444779549,3.47900021547696,0.773050502493262,0.668314037608075,185.405405405405,44.7264737277283,62.5265860382137,79.0594196516135,19.3379832781435,FAIL
8.10549389058525,7.2545701721169,3.79034408834748,7.4531715161926,0.273801807365115,0.202359710683071,159.72972972973,46.2929507325309,39.5231964578753,184.834035573814,21.3229280493856,FAIL
1.96868802221459,3.55945784306729,2.33814676362401,3.85420948927273,-0.0932837445840351,-0.129724297743971,194.054054054054,48.0933342744589,49.6723453378791,97.3772063633498,18.3564326593662,FAIL
8.47672390094885,2.69727511492649,3.29261364951822,8.22554502538379,0.212269073935929,0.179102290481859,120.27027027027,40.3825750017004,23.1264954922149,152.673908023916,23.91640774385,FAIL
9.9782438646045,3.0092692671009,6.96236537092251,2.64000006546578,1.03144553864952,0.933590837887187,187.297297297297,40.4183038378282,67.8971112166787,55.5129158924234,19.0336287183195,FAIL
3.18540570239905,11.7363700486232,2.25344457493257,2.31970836851042,-0.31143842962629,-0.355146364780787,248.918918918919,41.2159549609844,145.516385748941,57.6116889366448,17.3072854669408,FAIL
1.8644256489844,10.1659699887192,2.25045928161209,2.42378574792741,-0.634196380829935,-0.666406045557179,247.027027027027,43.415143092318,129.062316671348,55.2660990177087,17.1597406047109,FAIL
5.29569248422567,2.29902882646888,6.33329393048034,2.82779278366775,0.388464800125381,0.347268246418009,192.702702702703,42.4687980937059,54.7411652660985,65.4304909594967,18.5802261994619,FAIL
9.15990028457376,5.2422643586936,3.68203302056571,5.58569085707346,0.406220912735591,0.32913403641576,166.756756756757,46.343934782679,43.9608220648459,133.715923594759,20.50400305584,FAIL
7.17345305463842,1.79338226698376,7.04892011812443,8.09093031620711,0.208621844782954,0.184193066605865,108.918918918919,37.555495383197,19.7041899800027,130.270192097279,25.2646564343499,FAIL
2.02550898840236,6.0037686741638,7.12828474016943,5.54529147049284,-0.172795596157,-0.224218836479912,184.324324324324,49.961024791346,45.9030705003199,148.876032709795,19.2389096051172,FAIL
4.19748143665281,7.87469702846937,5.05224424352642,7.8248223131333,0.00273413456795601,-0.0532657974867042,164.864864864865,47.7909637369206,38.8010027752886,209.203117960595,20.8676329114943,FAIL
1.01575233930725,7.25481627994126,5.86458075839729,8.18400837792602,-0.303641752684701,-0.356354806861196,156.756756756757,48.6888347910772,35.4622922307657,239.582110946133,20.6971951414879,FAIL
9.00443526970585,4.16606289643094,7.9069293396768,2.64876306002202,1.0988810923195,0.988149678737928,197.027027027027,42.3799041418192,79.0025022661436,59.0506186166671,18.7376131261208,FAIL
1.34278018390331,5.85189250665677,2.56156155151797,8.82696935042509,-0.183500697190524,-0.22600211069234,143.513513513514,47.0430547487147,30.0224781308939,241.875774517789,21.3940075909453,FAIL
5.41806187161591,5.84337283131529,9.3262853607359,8.52997606937921,0.130470760540807,0.0800814315161902,145.405405405405,44.6087542939664,31.6771739373263,205.273343407758,22.273940806258,PASS
6.90235480091642,11.2472523669155,6.77495999063912,5.17392052889576,0.586233403130537,0.477705262900601,198.648648648649,49.4968463146679,67.5357001599553,144.55659018018,19.3522762455642,FAIL
3.50670678549704,1.50297625381489,2.89991908241629,5.60168106869025,0.0900272485649443,0.065814540956085,128.378378378378,42.49607038846,23.9773665102707,114.758943204809,21.3973394269633,PASS
8.15609678065176,2.56882113982453,7.0935972680122,3.00569147843643,0.689502792488575,0.627433164852304,183.783783783784,42.0376027585836,55.2176845293569,66.0962712845942,19.115404386938,FAIL
5.23347050175933,1.99606860670253,6.74066254214994,3.65119309850569,0.289922908474261,0.253600849137499,171.081081081081,42.8362620320294,40.3710483817151,82.369120968137,19.4046747882505,FAIL
2.91564857618386,7.24256493254792,1.50774214465922,5.70686715345693,-0.160667879940256,-0.208535616906977,190,50.614662209124,48.8532437575503,155.67016980568,19.1320766926091,FAIL
1.36340884317549,11.0729888367912,9.54237158649949,1.85440611484364,-1.05813664822291,-1.0844733508122,243.783783783784,29.4161576853235,174.555137160042,37.3112991600165,16.8687259454809,FAIL
8.80276714014874,8.31589393993737,7.99472084403618,5.71979925951193,0.669677725246135,0.563035597862351,178.918918918919,47.7560926735192,53.7019341017638,149.137696517162,20.2257512308668,FAIL
9.73376185926703,9.54869953027029,6.80977693976162,10.196888296296,0.394882595798549,0.315923203279344,144.324324324324,43.0282519805139,34.7467979589616,238.116361509028,23.436505029526,FAIL
5.9981918865037,8.92155402669379,9.62851512240438,4.37017141259238,0.552152955849266,0.462119317758444,204.864864864865,49.6417217505569,70.4011819390025,122.609061606706,18.9142231526076,FAIL
7.90671917955226,8.40517265529783,1.19567336113234,2.32328276953095,0.0953791321370381,-0.0711903164792915,215.405405405405,38.2540970064992,125.726957706046,51.5053327951946,18.0961626757523,FAIL
8.01071232036777,1.7164406483645,2.04093988908676,2.11795228072366,0.515851700865367,0.463949167303157,189.459459459459,33.7799713988594,63.067998667479,42.1042066516543,18.5307853066027,FAIL
4.35309183582807,2.74153156951836,1.37766757562206,6.81453914449505,0.0522720001916024,0.0219702711835706,137.567567567568,44.7761890606338,26.6004534560194,153.94276452095,21.366332575811,FAIL
9.82937990859227,11.6056874481526,3.34022858109415,3.57451696716864,0.954459997788093,0.722290223331434,202.432432432432,44.5296507392552,98.2054924442494,84.8965300311311,18.9281245401171,FAIL
9.40795791518516,11.4479389338006,9.98176978433471,7.48953788420875,0.70402289237418,0.585320225710944,170.27027027027,46.7742537246924,49.292187641389,198.193354102914,21.2232113906254,FAIL
6.00606363578916,10.75416632922,7.55298781232474,3.67881451592467,0.709479297825994,0.603019367701915,217.567567567568,48.6146294834776,90.6665233544157,101.047583987088,18.4418775234264,FAIL
7.52440061431019,4.037365502502,2.79809739579013,5.67633362359712,0.242869298626418,0.189772933038102,160.540540540541,45.9701240397354,37.9921952733059,134.184418698124,20.5351892533357,FAIL
5.14014709328538,6.48762252326519,5.15161286371057,7.53956601132948,0.101261141770238,0.0474508914681662,159.459459459459,46.9264430270637,36.7405904231202,193.663536879479,21.0849006679344,PASS
3.0724014411178,6.83910353596651,8.83657993344789,5.4691501463416,-0.0451696823813247,-0.101658609831492,189.72972972973,50.3099670960385,49.7296523668743,156.755405871273,19.2816206812795,FAIL
6.02613335272774,1.66282124456386,6.08563504623096,4.38334214148994,0.280152573643269,0.247993023064088,150.27027027027,40.8822534236087,31.5404031031402,90.6069507183719,20.4914094001325,FAIL
5.31913138100711,11.9399838944996,1.77151522626907,9.93765407411673,-0.0917214254228689,-0.153445780463713,160.27027027027,46.4667033372825,38.4532548045465,255.921242398715,21.8023041865768,FAIL
8.04486358291875,5.81296306797249,1.43044453792977,3.07261041365315,0.226928626325873,0.122938673870993,203.243243243243,45.5486878809879,80.1208635526504,72.8066692031177,18.5857824617318,FAIL
9.25062168142249,8.35252363163354,4.37077552706096,4.36786095986639,0.733652871890923,0.5973456951559,191.891891891892,47.5044812129684,69.0379590632874,109.321213297411,19.4074269224416,FAIL
1.08006849298839,10.34779699533,5.58485913143488,7.46436560150242,-0.442910507312521,-0.505467681821997,177.297297297297,50.765525799144,45.3803459122921,224.236775770619,19.767223995,FAIL
9.8551295489015,11.5361883931811,2.84081053528088,4.52404894099588,0.617936364953951,0.430425211545465,195.135135135135,47.1674139555701,78.3174333523966,112.128337813784,19.3990881087092,FAIL
3.95718489048677,9.69180705772892,2.77042887370872,4.28690778417306,-0.0335666239538509,-0.0957678991437393,217.027027027027,50.994653777772,73.7731434784503,121.493990388117,18.3972231267709,FAIL
2.32841958557012,8.55514654329557,2.96656475841184,3.65812576704764,-0.279929266366946,-0.328231534466808,227.297297297297,50.867985896829,80.0374519582026,99.7533722585574,17.8627571668498,FAIL
2.45238526061333,12.1659405250727,7.41323303668883,5.0048712931866,-0.287086557368158,-0.353522834874338,217.567567567568,52.1310199943116,70.9642918776123,150.183930655333,18.4838339771091,FAIL
1.71550570705973,2.89788009420027,7.52792063341005,2.02607374688415,-0.11723609919093,-0.148870909487568,225.675675675676,41.2362589279344,82.8303650740745,48.365397888628,17.3253258602301,FAIL
6.37373327849031,12.0357691814034,8.70532823904355,5.99777024126804,0.475522389871314,0.376371235377877,193.513513513514,49.6188446547209,60.8333877628124,172.983960645532,19.7179599017703,FAIL
2.6522900667089,6.43667756653406,1.40219729687105,6.47525767862182,-0.145278803230986,-0.189962214514405,175.405405405405,49.4891282770053,41.1483563847332,167.684685322271,19.6620825825421,FAIL
9.29402119454134,7.56331968319737,5.50183061231261,7.87640994002294,0.403309278118797,0.323373451632581,155.135135135135,45.3003914601774,38.6683624527618,190.820879746977,21.8639135424382,FAIL
9.44030542502345,2.78673001813444,9.71426683551624,5.93125620501829,0.451005220308798,0.402090221374396,141.891891891892,41.9894590835286,31.2272687554549,122.273535411557,21.9451547905763,FAIL
2.73012696441249,7.94475558418814,7.95394876271699,6.45983361187754,-0.132167674543054,-0.190400932968319,182.432432432432,49.9961633757888,45.9012351493429,183.802737314406,19.727999169225,FAIL
2.53330346587463,10.1767788787157,1.68950810763625,9.33998220258814,-0.234692540942108,-0.286418544317996,162.702702702703,47.2989785509347,37.145003722771,212.479039093426,21.0840843768418,FAIL
5.8237950316268,2.09207073316878,2.93698881825574,7.46051595473257,0.138857920764884,0.11204996622165,120.540540540541,41.1188136415288,22.1181310457872,140.82635071899,23.2022654266809,PASS
3.00947228950928,8.53100537083512,2.04724115076375,2.5009420838806,-0.236072932486348,-0.277100751807235,242.972972972973,45.8673846858755,115.423969078775,64.1229360392996,17.4129052313087,FAIL
8.86979957687127,4.90810844594172,9.83684887523159,10.2756589457319,0.282340033306717,0.236831830478005,123.243243243243,39.7865810256876,25.5459328022068,202.497238576997,25.0276986806305,FAIL
4.61345489073487,11.996377146109,2.00631263840269,4.38260776441104,-0.0574352545642333,-0.131635968999594,218.918918918919,50.6800303609809,80.3856679343356,122.924464548618,18.4435501222479,FAIL
9.97331990463895,8.6815610040262,4.68757499919252,3.40141652651871,1.11355826145624,0.919443072135762,198.918918918919,44.8452236059516,89.390419736238,80.1770979735704,18.9834848822717,FAIL
9.58055685544557,7.15627747527578,9.44048566063472,5.4905460426487,0.752917860518687,0.644874767814714,175.135135135135,47.0459572322555,52.0621593330621,138.515224255708,20.3544996993648,FAIL
1.76085640029351,3.97941232487806,7.82299675756146,5.37677417057082,-0.121464667862642,-0.16523337562918,169.459459459459,47.3456212532316,38.8267609813854,128.301675414618,19.523566225673,FAIL
6.40282608273787,7.36222270331468,7.47138448744133,6.34888254741177,0.313900170774885,0.243215926538204,174.324324324324,48.1241596338374,45.6636225152102,169.990363075474,20.3515987607149,FAIL
7.8425264484114,11.968363495633,6.11262478358897,5.04436703014931,0.744907875593041,0.612377567873259,198.108108108108,48.9027397043389,71.5263913585587,137.266273190123,19.390249147738,FAIL
1.9198278040274,9.29789312836179,2.35480629029448,3.84217585240994,-0.398764971836774,-0.446703538135054,226.216216216216,50.5486801988688,79.392127720296,95.573146220235,17.8400876143755,FAIL
7.29833505598448,7.80660369908565,8.80318188364335,4.61608592813557,0.65358935930774,0.556789057178887,193.783783783784,48.7118418854818,63.0488490579392,123.777056487426,19.3424790991415,FAIL
8.01373879068148,3.3581332591321,5.75712038014043,4.71184915567237,0.437893176559697,0.381135466201489,165.945945945946,45.1327949170806,41.3871752826056,108.771664504501,20.187780678443,FAIL
3.31622200713694,9.16925473826826,7.89091894306804,6.85905706956406,-0.0761490741511018,-0.138678504321106,182.162162162162,49.7982687876865,46.7038370190181,197.976644564249,19.9513410499874,FAIL
5.08458614017962,12.0723880780455,8.43734720897487,3.29999881796589,0.636217332263256,0.539056569199263,228.918918918919,47.7995205738495,106.024304829206,91.7444622449789,18.0766280555914,FAIL
4.38614354615226,6.14813953940762,9.2030263932421,10.1778183787726,0.0236572516880156,-0.0215305399884613,134.594594594595,42.8300893916234,27.9510967372926,231.922068857917,23.4658104494917,FAIL
5.93734463929945,5.1394070945506,8.96309020032193,7.81039179999621,0.185810335586859,0.135802836906901,147.027027027027,44.7889970281049,32.2169539669568,186.127285134337,21.9620941069512,FAIL
9.85112352894825,11.845638759014,8.34674276543925,5.8086905999858,0.972738607222613,0.813853796043004,184.324324324324,47.7107130218724,63.0534967323587,153.37979493314,20.1877784789382,FAIL
6.29346657771135,3.89798049782413,5.03249081528544,6.44270654537015,0.212696642184191,0.16686541952023,151.621621621622,45.2594702681589,33.3663927957058,150.772920144437,21.1342932436141,FAIL
6.66280247933652,7.25134752673684,5.90425305901724,6.31129936033642,0.308229861954991,0.23735933997793,173.783783783784,48.0444547142216,45.5829107700259,166.954985342976,20.3467535028971,FAIL
3.33945319457346,3.24462621949723,7.58492801423419,7.34625704943789,0.0277514400792961,-0.00832380197831578,137.567567567568,44.1005462831808,27.1926727114202,164.265594683734,21.9251984424135,FAIL
8.07188879775205,3.55009802864477,4.53781921955339,3.5646820290697,0.551034075026924,0.482111927184319,184.324324324324,45.0941575524442,54.9091936293658,82.9040798334173,19.2381609531588,FAIL
9.76107692428229,12.1832928209497,9.94959220729589,7.27045085102211,0.800826324652297,0.667931088837526,173.243243243243,46.9355832422103,52.2011467373022,193.051752201644,21.0761006794759,FAIL
8.06957719316552,1.78711255642494,3.86433496889646,2.29747980085693,0.658626627151402,0.605550085676105,187.027027027027,35.6483704130183,59.6161000159598,46.4199651999354,18.7133178859386,FAIL
6.41841143300369,5.93552481012709,7.10744556880055,4.65081193926688,0.423422071047905,0.352440914901705,188.108108108108,48.5305484453389,54.630727590411,122.753823714638,19.3885162967223,FAIL
1.0211515478976,12.3752272052364,9.47605476484343,6.74380360744471,-0.587048196132289,-0.658736113768764,190,51.7105131276258,54.168892366842,201.543529293563,19.2233349013045,FAIL
4.37443140658921,5.70746578558103,6.0582256060676,10.3119159097533,0.0177680298200169,-0.0238119272403626,131.351351351351,42.5339102634637,26.6608231238173,227.887982592069,23.6077550469621,FAIL
6.69610711857505,10.0273022667262,9.45077263191174,2.72526926230895,1.26132753002047,1.12307684408061,221.891891891892,43.3320517512253,117.14859486223,68.7682633846583,18.1209545412657,FAIL
6.89449980757347,9.64252964354052,7.98058398554545,2.27123534379697,1.48434888375702,1.32825871501955,222.972972972973,37.5957362294119,137.179575773411,53.5378057862494,17.946690696158,FAIL
3.96260313302206,7.34479997166937,6.14442366978729,9.40173877932618,-0.0241757577057956,-0.0745271449664386,147.837837837838,45.2778450365264,32.1645545947796,233.324852229184,22.1954342237972,FAIL
1.32105054789049,1.53050396551121,2.76421419999835,4.76618301210898,-0.0102470184735841,-0.0361988605800028,139.459459459459,42.8981484070372,27.4962464163704,93.1186092950361,20.0044200885228,FAIL
2.32829313967967,3.19510891308763,1.55679798968256,4.72663401868023,-0.0430209917496689,-0.0771085136985543,172.702702702703,47.9529416042733,39.1181382533268,121.770136443471,19.0742211910838,FAIL
9.87551709743643,9.46616563176902,7.58929561610363,8.68813796693604,0.507631701117927,0.414755184047467,154.594594594595,44.7855175008292,39.6355619737845,213.072280030744,22.3316870460527,FAIL
8.35050636197762,8.51703550595523,1.92736178904825,6.23602971450904,0.166417590623096,0.0759390121442997,176.486486486486,48.0341927591921,49.9098974451329,160.278025828957,20.2755863810097,FAIL
3.49655087474486,9.26100547784344,3.05633251639185,2.72808433315286,-0.0459200337954844,-0.0980650951661302,239.459459459459,47.0112343993711,110.801061970604,72.060492857344,17.588040693953,FAIL
3.32593169556899,3.819436412664,5.84615062618275,7.26139328621024,0.0109847329111664,-0.0279325319187332,144.594594594595,45.2235216474327,29.5027151615478,170.959736514702,21.4208540033189,FAIL
6.05197482912478,11.9788416208723,7.86569812862429,2.04725358039565,1.55523249399011,1.40219111154629,231.081081081081,30.0314833450707,168.356743427449,47.789646486232,17.6791614831614,FAIL
6.47181776135361,3.43184981106987,5.45021354646489,3.75285508907003,0.411928224933341,0.357511091828177,184.864864864865,46.0137860961174,51.1774376976734,90.7497369446448,19.1612822115092,FAIL
4.89207658764063,6.96900926887034,1.48784980057265,3.11648648213993,0.0149889448830867,-0.0457635757505768,221.081081081081,48.1979681482748,85.2263271964189,81.3709620880988,18.0459260328674,FAIL
4.96346241637941,5.3558087033154,7.43731663441266,8.94464788238943,0.081947869392864,0.0369121731301463,139.189189189189,43.8429050917355,29.1741028509746,207.137411544609,22.6656737961236,FAIL
8.51773903020709,9.83585097421181,8.68520248219771,8.93258504100071,0.419200968979144,0.335712181452084,155.675675675676,45.1365659453026,39.2275425693606,225.591020525218,22.2534196485212,FAIL
8.72189859889142,3.69473494844067,8.7267963934147,1.77686968646893,1.54421633447531,1.41630583104515,202.702702702703,33.0968385081378,109.360226140029,35.7291122649754,18.2187611123769,FAIL
1.41387767353567,7.31615618946692,5.40485844840781,4.72936472780119,-0.342650875479703,-0.396093837330184,202.162162162162,37.7834983626302,58.1341219530695,56.7846566287815,18.418618659424,FAIL
3.82731815871108,5.70472151845016,3.09883752876011,7.31550068635241,-0.0156663359841155,-0.0615776217914578,159.189189189189,47.4254970201294,35.2227881172015,186.988916730017,20.7478594158089,FAIL
2.38366597953398,5.15407521593057,8.67153147776744,9.72028190821422,-0.0969728255566983,-0.138104253311241,132.702702702703,43.2325467759312,26.5643136987696,212.459470961135,23.0609048235071,FAIL
9.93277649222711,5.05006138881646,1.53440684563609,1.93823230425392,0.517707449546625,0.327681467065718,200.27027027027,33.1909164065423,117.619240013778,38.0920416760242,18.3461064740185,FAIL
4.12216936547239,3.42413475485296,9.10828147950579,6.69368296499318,0.0885868105603494,0.0488551661115667,146.216216216216,44.7204184880851,30.2681215971853,155.461952122387,21.3708868083994,PASS
3.05214559931458,1.5064344757583,6.81292323557529,8.01488069508329,0.0608280073496048,0.040146590561176,57.5675675675676,31.1416027423815,18.155483349842,55.409678734469,25.0571505894782,FAIL
3.80960153489264,7.78657536490815,9.99503540089601,1.93379623346835,0.463963569843409,0.408312760953349,242.432432432432,38.8074981045958,142.395427158437,48.0480901886916,17.359578980762,FAIL
3.51778293358575,5.42525522354357,4.22083265759392,4.97645288567595,0.015022186039975,-0.0337382407499038,188.108108108108,49.7172475039803,48.4802750686568,136.018357109164,19.1259028012229,FAIL
7.26143135379738,9.44438333953327,4.60402784115744,7.63158270498541,0.273059340486477,0.194437891623776,168.108108108108,47.3113673468505,43.7380103843912,200.506675485561,21.0303182356766,FAIL
9.86338495511143,4.6085962763649,9.57897517842651,5.6310959693092,0.606771499609224,0.529379527205744,160.540540540541,45.1138675294777,41.3491864011585,130.946637706263,20.9712010929421,FAIL
5.04112887154223,4.03702976753972,8.05098326386219,9.05505283336882,0.0964958883136343,0.0587081971521496,128.378378378378,42.0832082028306,25.472350063397,190.876744824821,23.4925537219327,PASS
5.11527432583592,6.0343413557861,6.77264293795031,7.93671152181588,0.107700165604455,0.0562662063388176,152.702702702703,45.9282243184463,34.0453193494158,198.199700689621,21.5694124356374,PASS
8.32910066898141,1.74662170367824,5.52771247819199,9.42185060131005,0.211994840005176,0.190946109719225,98.1081081081081,34.8023927200222,17.4016461524102,133.413566349312,27.4363551175231,FAIL
5.10120302585239,12.1708246765277,7.50458079532219,7.81395345283878,0.130984161044208,0.0539620387614262,178.918918918919,48.7255634106517,47.9818853812586,224.276712324844,20.5896244507736,PASS
4.32974517221516,9.89545112876464,1.86074235075509,2.80123933424979,-0.0463872469099638,-0.110749454482114,235.135135135135,46.4016833543613,111.961333998968,72.5182428400369,17.7203843115285,FAIL
1.84694374998051,8.03991395866078,3.22491433918933,8.19035994423166,-0.236152294294597,-0.287428684805372,163.513513513514,45.7106588638271,37.2043744781453,143.330366826177,20.5880286369829,FAIL
4.02984249431542,9.76383469225515,8.48221824981773,8.24662730515418,-0.0121001749254668,-0.07576977460822,168.648648648649,47.9522886384917,41.0939454035074,229.773452755435,20.9681526980707,FAIL
3.90329544485406,10.2619411294282,4.85767889721171,6.09290222046186,-0.0185431613562966,-0.0845621980145436,194.864864864865,50.673470083212,54.8593078682381,177.1969034946,19.4084887588857,FAIL
2.2892853245297,11.5770895581706,5.1418359017217,3.87466178211581,-0.357393054107115,-0.414390164606735,232.162162162162,51.3587769025457,87.9485569341236,110.022885186915,17.881247528216,FAIL
8.15990462233922,2.0537450173171,2.40199738913716,7.23054209840842,0.199678037951607,0.170448052769329,120.810810810811,40.5322997531312,22.6652883052887,132.331012920697,23.312554518068,FAIL
5.94084449929305,11.0171018180382,2.85859316858879,2.68591458163583,0.494183376607483,0.378776883560969,228.108108108108,42.8875801831844,123.889668231584,66.1395848327059,17.9167562250752,FAIL
7.46484522793165,4.51707792414533,7.22246908262996,3.23796231599239,0.717434282907777,0.636323046742943,197.027027027027,45.8718421688986,67.4397088305084,78.4441667471156,18.8186967782,FAIL
6.43984442155092,8.37147868201753,5.68382181809318,4.2665239720085,0.508618073323717,0.418165523675437,202.972972972973,49.2318214020298,69.8581359282093,115.529803624187,18.9170043796329,FAIL
4.0665102035204,2.10543459859421,7.02533031078752,7.73617484676692,0.0882435132306776,0.0614082142591065,118.108108108108,40.5846136443794,21.5941313454117,144.789183609331,23.6294955015718,FAIL
4.55377801804603,7.04506927707263,5.37575983414093,1.72951012095155,0.634614843643708,0.569317156677628,236.486486486486,33.5890667966251,151.564957927635,39.5933511685191,17.3872431769128,FAIL
3.85168435967585,5.3155513993704,9.39646682426313,3.95862470121251,0.153785369652684,0.0999939242095287,202.702702702703,49.5662914830099,59.5271364471655,109.605310390834,18.6226934874552,FAIL
3.56239707058863,5.32151092754722,2.86764079559411,9.14841392832502,-0.0353107896316877,-0.0752307218242834,139.189189189189,44.6644751399422,28.1953294254378,212.217093246274,22.2886197362584,FAIL
8.80573907131862,7.51616880719563,8.56826213208323,6.40090521719927,0.565799426246548,0.474503418312999,169.189189189189,46.9389365353155,46.2585030147919,163.519448400818,20.7941699878299,FAIL
5.35478158889275,8.40727266535797,8.12830144460062,8.73296639290974,0.117853145569818,0.0569764288323741,156.756756756757,46.1477857843473,36.6860662397777,227.467295524306,21.764210155689,PASS
4.87549470352699,8.96762219704703,3.7138958588423,1.51025221447281,0.723605044017846,0.6376183190055,234.324324324324,18.1434929836057,195.364830414297,32.0641213573337,17.3055976616672,FAIL
1.07661308070489,11.681831974407,2.03726722674943,3.7905790749517,-0.724314938044747,-0.7738106265283,222.972972972973,45.8127997926882,89.5512234363918,61.8043628508553,17.5839073775002,FAIL
8.83806699239098,5.95188379363812,7.87559289290776,3.97192355838505,0.836735754020684,0.729083254399111,189.459459459459,46.8859483480446,63.9976186016456,98.0562530359441,19.3529476497353,FAIL
2.41906485029007,4.52649443495386,3.25216984436316,2.42266586278779,-0.098921250955931,-0.133885659761876,231.081081081081,45.9831830536093,86.9330020660214,61.615970571781,17.4689409876919,FAIL
3.75217705698781,5.69085120963672,7.36028047170103,3.89404937445068,0.124244277642609,0.0707021914233772,206.756756756757,49.8400593932039,62.4036102813063,108.317200983958,18.4976808789249,FAIL
9.75683663353574,6.52590787319538,4.50526156760559,4.79595813146109,0.633641768177017,0.522458596573297,180,46.9948123599866,56.2838579162848,117.119229728046,19.9044287366564,FAIL
2.09595485543075,5.77574217038354,8.54889269330842,10.0340624095028,-0.136420663394719,-0.179600601983436,133.783783783784,43.1426930796281,27.2159384692378,207.548301934099,23.0178417864708,FAIL
6.23297704039731,9.13947379592776,3.20353730843695,10.0070393541336,0.0656033170778332,0.00748001516623165,148.918918918919,44.8066726277039,33.9652009429565,244.687846930413,22.533599650136,FAIL
3.45431913293717,6.76465993120702,5.61100422191411,4.17639318954917,0.0283635445381042,-0.0262153106418105,208.648648648649,50.6275856076064,63.4262447912395,118.49615835867,18.491279436802,FAIL
5.26217212085379,1.5062288940189,5.00917255562658,2.71216534054897,0.34751336976176,0.31515006669282,181.621621621622,38.0696024269922,46.4285298264976,58.2659868384121,18.766504472945,FAIL
9.78637482442846,6.06134057372253,4.55489007916107,6.63551337313095,0.433571799717236,0.352715241793213,158.918918918919,45.6559682440582,40.518500494342,157.676543357601,21.2598048714202,FAIL
1.76887890977336,4.26758236556567,1.10999236617738,7.66052171563287,-0.091359559362668,-0.126507606272479,138.108108108108,47.5467076945725,29.1499084442073,202.923612649585,20.8296200584272,FAIL
7.2977318339062,4.84369134129191,6.82899661682809,6.6693662455915,0.308575604580328,0.252175518223107,155.135135135135,45.5736246651417,36.0266858893092,159.811573777257,21.2477757431844,FAIL
9.07156438268346,1.65438380597395,4.92703906687754,10.2027579838444,0.214560206946792,0.195917696595427,91.8918918918919,32.7928327164526,16.0924706984378,130.647069074919,29.0480195248605,FAIL
7.74145463102165,7.10588469742304,4.88979050686836,9.79623810865393,0.205616567013785,0.149170208683522,140,43.1905891246236,31.0452821643264,224.04463598052,23.2040560513682,FAIL
3.85548288175491,5.029050830419,4.70046389953352,1.56354694508188,0.370791859905281,0.3287512341317,237.027027027027,33.2467532793441,141.113526426842,35.0732701141147,17.2562049248509,FAIL
2.98841873733436,3.45136171907442,2.76659852702457,4.01692272788933,0.00958053144637683,-0.0281138500812774,189.189189189189,48.2172807592343,47.3494363954599,104.391304454833,18.6852227265521,FAIL
7.52603901465207,4.82052948661914,2.87256270431855,3.24923241813669,0.468336246958437,0.386480991149339,198.648648648649,46.0597894798322,69.2567581783438,78.0164640126236,18.7267884029828,FAIL
6.60603670835185,5.36157128268446,7.47109942729006,5.14728541918631,0.382757589791388,0.317438772466883,177.837837837838,47.8319141536888,47.4732043487371,132.887468824367,19.8533447739458,FAIL
9.37676933127604,12.1938335369261,2.17861039959839,5.46677083993633,0.318188203447419,0.164458019715966,190,48.1421499827539,67.2727596890718,139.875254128324,19.7729805034655,FAIL
7.52175158944158,6.12234280729974,2.17520648087063,8.14661065883996,0.119734430625205,0.0646224147264201,148.918918918919,45.2472493957105,33.630530792216,193.524453450386,21.856262428912,PASS
8.70272297933002,10.8273803555491,6.37462005935098,8.95272679524667,0.405373307190057,0.315933887347447,158.648648648649,45.4727499491211,40.920869823894,227.218632837881,22.0978060274857,FAIL
4.12459869898856,8.99632442400576,1.8663853027942,4.51565019506042,-0.0802473004881611,-0.139596934657103,211.081081081081,50.9676802503617,67.7568324161377,126.976085228549,18.5504239355422,FAIL
7.87187679809573,4.41819107462421,6.68840430866659,10.4344213233197,0.203160980081865,0.164165423557378,119.72972972973,39.5887872753331,23.9224874709676,200.437933829144,25.1406839936032,FAIL
6.13353138446623,1.65225250989014,7.36608678960339,3.1787960930496,0.40564320810067,0.369120270369578,172.162162162162,39.8942900899768,42.0983962490616,68.0178716920636,19.3220053513485,FAIL
2.03989792525341,1.82446299671211,6.31332101936807,10.1247072820248,0.0142867283665972,-0.00521966782948044,92.972972972973,34.987085827376,16.4770387624314,129.81427390454,27.1932047945267,FAIL
2.07073248917326,4.29154983407001,5.3915156586737,3.70600817733321,-0.110005002716087,-0.15243824614558,203.513513513514,49.2843672508909,56.5434690097383,98.6224142407435,18.24045466754,FAIL
2.89082100397272,6.80460688822228,1.44990564588481,8.22717828674498,-0.129513930276192,-0.173603357442346,157.567567567568,47.4909243241228,34.2971545937332,202.74444438855,20.8586949687076,FAIL
5.68086269913508,5.8734876847815,6.24904716360859,9.28349978474319,0.11255579623024,0.0653335256572822,139.189189189189,43.6400130245374,29.5551756146491,214.391000659699,22.8489718906176,PASS
1.27995862270754,10.1174570823864,3.37513483302417,6.54018796967178,-0.418324818988223,-0.477158444013238,188.648648648649,44.5232141550785,50.4507368350722,89.8761730550911,19.1829895896846,FAIL
8.0914570282458,3.0983444699002,8.31104752799306,7.64166624561421,0.287451965621675,0.247458942357194,129.459459459459,41.3921913464856,26.2974842130523,152.404804606794,23.2352318907221,FAIL
5.34517353913242,1.80959182040347,8.89203543288967,6.11054102039895,0.185011854119199,0.15600510317645,129.189189189189,41.0779788269595,24.6498342103214,117.693551166756,22.3500697386207,FAIL
3.13845001728031,1.76194653788419,9.55714062278718,2.45525927565531,0.178238984290253,0.146726947261863,198.378378378378,39.9154804985458,54.5564010014246,57.0932486992375,18.1537183842032,FAIL
3.07818231379195,5.59654982834974,8.71097864660004,2.94679408107734,0.0651435232959306,0.0166393970052925,225.135135135135,48.7430659624111,80.3259862458508,80.8286105179368,17.8469295805003,FAIL
5.71272732017429,9.49922082428133,8.65854727053797,4.35460601531353,0.502022968094888,0.413141034846235,207.837837837838,49.8786088454578,72.7152672286379,123.284469381266,18.8162526449706,FAIL
5.94769886656225,3.16552552348536,3.94504615452486,7.02695114910166,0.15746087290371,0.120291230548417,138.648648648649,43.6784647813988,28.066342718819,152.845170291491,21.9044257116094,PASS
9.34845885574181,8.29491661968081,9.98941018991787,2.34696844385784,2.0344400416138,1.80132008146342,207.567567567568,37.057661005792,124.696023720042,52.1263900050717,18.4068663880193,FAIL
1.34478485643579,1.6545204733194,3.08397317800152,3.42819432641672,-0.03265047742786,-0.0605920025279587,166.216216216216,42.9710872220833,38.3270366720397,74.3531284636384,18.6012177456645,FAIL
4.1785282494669,7.07328740429323,9.34511752936807,3.11130754603267,0.314215344296779,0.251453932122604,224.054054054054,48.802781437647,85.9590235284379,85.8115299600962,18.0268440034699,FAIL
8.93818819443462,8.74892347706724,9.23075162828121,6.64247352198288,0.618690554241214,0.517558710852226,171.081081081081,47.1036448298772,48.1436301800779,172.843472145787,20.8379450554804,FAIL
9.66997360808949,5.53387486309183,5.67724667265801,3.22562733829374,0.989395913516669,0.857006682774758,193.783783783784,44.7777384656925,75.3687105966813,74.5531148058117,19.0394059216717,FAIL
7.59877724784341,6.05414625888281,5.55244454701457,5.82656979953044,0.389114485225353,0.317097271785876,171.351351351351,47.3770854750086,45.1055155587035,147.873625938361,20.3378235323424,FAIL
7.86265195863321,7.51352088713809,4.47658320579754,8.36421833188926,0.252575789126357,0.18605130699623,152.972972972973,45.3604176760594,36.3647698969507,204.23632499377,21.9503315843709,FAIL
2.76957034440646,4.08771274107008,7.56496342942581,4.58799226827109,-0.00945801739320895,-0.0540741477514584,184.594594594595,48.8749636401669,45.5626423820531,122.696311051552,19.0570189441055,FAIL
5.2391642701155,5.94612879675531,5.81135920870446,9.9281185989224,0.0703712569227954,0.0257817551216579,135.135135135135,43.0113275392774,28.0786618119242,224.143527973513,23.2983189937215,FAIL
9.70140851874352,8.5541890102796,8.0809313253988,1.941988525587,2.45866053222087,2.15753540533872,206.216216216216,26.5856096061455,152.421275002992,39.753119640085,18.2590354317573,FAIL
7.10479197368296,3.67512346695485,4.47394239479799,9.17439663545451,0.168511675836083,0.132232972292159,123.513513513514,41.0456427548556,24.2419071465766,181.407540272218,23.9932362848155,FAIL
3.57467125347981,7.21681394511463,4.4090714399478,10.0417042464471,-0.0654755351982368,-0.11203938566566,142.432432432432,44.5390463044443,30.1131057798878,239.175274045931,22.5866913277359,FAIL
4.20236823606237,3.82498965167123,3.48824139447455,7.88081805350983,0.0441663086617941,0.00750620755489884,138.108108108108,44.4445111346978,27.5616365984933,178.454548057252,21.9884449126874,FAIL
5.02402020885381,9.44683937972188,1.76025224514584,9.07306616966166,-0.0677186104694489,-0.123360124531099,159.459459459459,46.9133093269503,37.1617666467913,234.022571292052,21.4529244289838,FAIL
3.57026266133748,1.47188317597755,7.81294499213912,4.44600265022262,0.127568204394335,0.0996792594536126,147.027027027027,41.0636507380537,29.2027933520527,93.3993891355654,20.416771008398,PASS
1.0201413135919,3.18268901668912,8.9731595267188,7.49377489263061,-0.126475538106204,-0.16314164859926,133.243243243243,44.7848262464962,26.2943026735715,169.323176586774,21.7471610338716,FAIL
2.94468073685756,8.03461055767111,7.65891520239043,10.0984389018266,-0.123376244863058,-0.174464737000492,145.945945945946,44.9002584992863,31.5182905044258,247.327571942077,22.4771443982275,FAIL
4.07408100662741,10.1721727725863,2.73001207265252,6.78476045899345,-0.0766313058452052,-0.138656695599913,186.216216216216,50.0511807187495,49.5285074345199,190.914212631804,19.7896432598954,FAIL
9.05807866528438,11.5880154476263,6.47834396408477,7.01475168365062,0.619291277574387,0.499699160103301,175.675675675676,47.4872713508785,52.3929633517932,185.877655590752,20.7794303837051,FAIL
8.3105114173637,11.8354744986576,8.12236754206732,9.46535399827269,0.40861389166335,0.319622309706998,158.108108108108,45.2206359062473,40.6764087430417,243.758735889557,22.327773990817,FAIL
4.1302492548257,11.3292165903557,7.17178230948818,9.17597675462838,-0.0369331662477738,-0.102213636364503,165.405405405405,47.2653786130001,40.2017889211384,252.223722472774,21.4125140905236,FAIL
6.95749114409897,8.47884338494835,4.77408242916268,7.18821091664312,0.265699013140721,0.191713696872425,169.189189189189,47.584831639569,43.7566207312112,189.135125946924,20.8000669709775,FAIL
1.91311373563443,3.07443601459183,4.68022178381489,3.42279833172246,-0.0715818173350909,-0.10823522812375,197.027027027027,47.1993296581122,51.8018012066079,86.9436047798055,18.2288411426755,FAIL
7.4938801783171,3.76967923405735,1.29898242981644,4.48045296217323,0.14679390335416,0.0916398995407025,174.864864864865,46.5945711880493,45.427638817737,107.863339216503,19.5907900181062,PASS
3.65357884740077,3.62689627877458,3.10766623597288,5.92569649756522,0.0348424470962741,-0.00369922680326873,159.189189189189,46.914064475562,34.236600395166,146.490467640867,20.2300573451301,FAIL
6.98413166682687,4.13916014463096,2.2682778414265,6.39335215042913,0.161115001874208,0.113482692950703,154.054054054054,45.7283502327532,34.4885026010917,150.600071355348,20.9394791509733,FAIL
1.90323984633271,4.08181117412201,1.64390830722045,7.03276551958076,-0.0886382194141389,-0.125068062058004,111.081081081081,46.1486784207921,30.8138494385028,185.767003079709,20.509895696625,FAIL
1.71064503964745,7.15665672114857,5.453826861314,2.84050352406678,-0.375086651423016,-0.418360462934004,233.783783783784,48.2654773525683,93.169095343131,71.7301552212302,17.4460217612334,FAIL
3.78118510236054,3.38319159675984,9.45969224724742,8.99680610267134,0.0386754473200513,0.00505756094159271,123.513513513514,41.4443947498096,23.6071290818889,182.254151406211,23.7688763603369,FAIL
6.76352578242147,8.90065087710573,6.7482353500958,2.34676170608729,1.24030541279731,1.10219558770676,222.432432432432,39.8252732370852,127.645583602715,55.7520634164795,17.9721477363075,FAIL
2.21198243184163,4.91758808795942,3.0467190979031,9.31137798268512,-0.0951172413081531,-0.13301088104148,128.378378378378,43.4793965069537,26.6737440139505,188.884801020815,22.3622705277926,FAIL
2.96761870075977,3.94585426714937,6.09894871945621,7.5726363946736,-0.0181262951308326,-0.0570927438488162,142.702702702703,45.1094493575205,28.8712419688572,177.324549871643,21.5951524633246,FAIL
1.16357227556632,11.9038590971559,8.3688660830192,2.82157611969887,-0.922717390971039,-0.971568769195898,NaN,-23.028812125069,120.183044419042,13.0330029603851,17.2208403619811,FAIL
2.55314770400732,6.19072645281322,1.67501772488109,9.59278299112459,-0.116906900538135,-0.157062516135315,140.540540540541,44.8792234581424,28.8306918850739,206.839572536864,22.0257106212746,FAIL
3.04595535666331,8.85967499073291,8.46778068979338,8.47871747119451,-0.122197679067889,-0.180561061852077,163.783783783784,47.6561761698149,38.1839494037031,230.059249542325,21.0899914236907,FAIL
8.42140407550148,8.8077282316748,6.53417213392744,7.55213642523538,0.428232993324355,0.342197081149587,164.054054054054,46.5395144143503,42.9720748620416,193.624948869916,21.3167292395085,FAIL
3.87852233045106,6.20295554936533,4.06719700028807,2.40508717222062,0.189999469630834,0.140061989615144,233.513513513514,45.3661226290428,102.932029481819,61.2955806376856,17.6131170157451,FAIL
2.06004797744164,7.64482016241238,5.51658798038799,5.14537738983818,-0.234551704959097,-0.289241396821323,199.72972972973,51.113801910527,55.1149074401588,141.505412512166,18.753292734304,FAIL
1.56822241717355,2.2400115057429,2.18437154879264,8.94357937385066,-0.0101895692494959,-0.0341048279809653,108.108108108108,40.6330175868784,19.3443277980058,150.343566167441,23.8205586268899,FAIL
1.65377835818416,3.58598185121571,5.05416093410176,10.396230835645,-0.0740761100518744,-0.104693348734672,112.972972972973,40.7954282415025,21.3224062096571,202.761429120936,24.4280241204547,FAIL
7.00241070227055,6.36714574483457,1.56972614125448,7.17388751008678,0.0622193449001219,0.00455364636739608,160.540540540541,46.969449457132,38.1055429506787,179.722121674146,20.9224633654979,FAIL
2.6686963214703,2.07152886818347,7.92757169219302,3.40524779576806,0.0673533501565601,0.0338644809352024,181.891891891892,44.3527823272013,43.3377922875001,82.3924865290446,18.7418385599904,FAIL
7.09901503385548,9.908938666724,7.82915411188869,9.70143686147864,0.249354990596751,0.179207523153383,152.162162162162,44.7967040866038,36.4938423538627,244.661538791908,22.5505085418954,FAIL
9.11529829686476,7.84569932552488,5.03187876982744,9.06293862029354,0.321281683279252,0.249842740554891,147.027027027027,44.0719921312144,34.8577125879109,213.050279059922,22.6765175487711,FAIL
9.37423660759757,11.4362504868468,4.52024855302522,9.04847582109396,0.380542245924775,0.283791688672279,158.648648648649,45.3552974298049,41.6517285788252,225.756966302734,22.1414181962911,FAIL
4.62695050545109,1.60224965509011,4.74499748308956,6.65804221431405,0.128309600582409,0.104113784219571,119.72972972973,40.5616061013994,21.5813654869634,122.46023034606,22.9716883396375,FAIL
2.70784708668434,9.68934576230186,4.73873358477999,5.88750809713466,-0.19079311049338,-0.250836749606795,197.567567567568,51.2062875602934,54.7568476089847,169.339515511048,19.1213094548747,FAIL
6.60862430780671,10.2831420776156,2.39583369686844,10.474646059066,0.0319138753077184,-0.0290486642897652,149.189189189189,44.6296939037529,34.5410449547361,255.084648327041,22.6932133184915,FAIL
4.51469180769893,7.37930917272883,6.19502688468476,5.15445074246627,0.145808938521058,0.0833217273120332,193.783783783784,50.1044438367505,54.7162862334811,145.530464682557,19.2156234893452,PASS
3.40575548229738,8.29729265918796,7.4280283323991,4.3455452629741,0.0158555056238662,-0.0449387943520521,212.702702702703,51.1546104166933,67.5094880771471,127.241126605794,18.4907254671559,FAIL
2.23835065485877,4.69296022051372,4.39968320702916,7.83527984172991,-0.0933029789175566,-0.134355182043099,146.216216216216,45.7148430894147,30.2028566771757,181.298063412955,21.2730797872845,FAIL
1.90115224968247,5.84298077310068,7.41742932915692,7.76673492018219,-0.166127736830071,-0.21440298471374,155.135135135135,46.4339874316603,33.7196349797427,174.785686098667,20.9257200978392,FAIL
1.25371488458036,2.20177003639067,6.30305243692219,3.96037910681569,-0.0843483138868882,-0.118373107249753,168.108108108108,46.1540739483666,38.5640531381697,95.5401923465194,18.8859607815915,FAIL
2.00555738815891,3.2773132153695,6.65128874807957,3.89003742938926,-0.0669065768978434,-0.106583729541104,189.459459459459,47.9665824939592,47.5139858452101,100.547863486198,18.582524449243,FAIL
2.66192584796536,5.69508725989767,7.74998872066357,9.84976841244381,-0.0915103414539207,-0.13432703215119,135.405405405405,43.6104446448073,27.4902777809554,222.426862070112,22.9499681351872,FAIL
9.41079237562474,6.44867153568817,3.87077346261012,2.49624839288298,1.10570541237072,0.929694986430287,203.783783783784,40.4825278582772,103.683084039735,54.5500666883098,18.5179679224625,FAIL
1.45354397064853,11.069758445404,5.89755784798614,6.87269975578586,-0.428133242575393,-0.492432733837858,188.648648648649,41.3308361955642,50.5169428315621,74.4785820316935,19.4116697132042,FAIL
9.58689139394117,5.40709248316277,1.90839279766914,8.68965180531536,0.151170156272778,0.0955298093800023,138.108108108108,43.202345498223,30.2800191074406,189.876098435271,22.8257688598422,PASS
3.0104576971094,1.93760383980163,8.13181961286474,7.87581705017066,0.0446352979605316,0.0193869507745312,110.810810810811,40.0836473320399,20.4974417991482,144.895003087925,23.9771604730068,FAIL
6.27721360010303,6.00871803381627,7.62957359680547,8.50712155899486,0.184416501733669,0.131670784998887,145.945945945946,44.5481162403735,32.2235495592674,203.217761720041,22.2947384870803,FAIL
2.60876253262365,7.17607522116691,2.52721357465191,1.58184727962909,-0.307681052372143,-0.330206057693073,247.837837837838,31.219611758928,165.350749211248,35.5090101346852,16.9952136939338,FAIL
9.43698428323184,3.08153223573992,9.77672607108881,5.99017516400746,0.462090868450139,0.409696913202478,144.594594594595,42.6013356371394,32.4238933418866,126.56520373472,21.8230188303002,FAIL
9.47695252790042,9.98711483080407,7.03780048806993,4.32753471170034,1.07981925629343,0.912841239017047,195.135135135135,47.3149150630528,76.1160993538936,110.2627430061,19.3671760115179,FAIL
4.16653476982827,5.08570177626412,4.6680005027911,2.99712866723755,0.214296573939331,0.16363814951251,217.567567567568,47.8565250124873,75.7161045660593,78.6877799733031,18.0513041733713,FAIL
2.60750963481133,5.42320456661649,5.34109596170899,7.09828211010056,-0.0878731911018878,-0.134129587092375,160.27027027027,47.6693211661196,35.2273629109798,181.31714593796,20.5533664701085,FAIL
8.81462022695176,3.56297094164766,8.63499955963605,7.46420468362704,0.34584555214673,0.298841731068608,134.864864864865,42.0505752953918,28.6395053535421,154.957821514361,22.8643047211819,FAIL
6.68382538938357,6.04649514254193,9.63075394719036,6.14890204109663,0.353330727219928,0.287078860616736,169.189189189189,47.3550899849999,42.9006085559494,159.382778237641,20.515897468086,FAIL
8.06936732023633,3.16702372467967,8.96236325283388,8.85608467625323,0.251635749243667,0.215556785826221,120,39.6971088087015,23.595647052849,165.161912006356,24.5792236083808,FAIL
4.4664544252447,10.5895772500805,8.70572838865141,3.54344434517485,0.370092699363772,0.291254051667322,226.486486486486,49.5910283845641,92.6389250999207,101.391809104748,18.1397708922538,FAIL
6.63034345501835,12.1870644791964,4.59140152747516,7.52137629716108,0.253429804284384,0.165694214829111,178.648648648649,48.4067873564101,49.8851982785268,207.223402325883,20.5925962659541,FAIL
7.99320794792138,7.69004418458668,5.18701601081471,9.16413004179184,0.254114182234394,0.189928500835275,147.027027027027,44.2949745781995,34.07191050122,218.229477178142,22.6005390716153,FAIL
4.20429159351645,6.23677406138739,5.11992815820998,6.20954377030059,0.0562156122115763,0.00288571482156108,174.594594594595,48.8205936345041,42.5881320085519,167.841003164337,19.9898129981968,FAIL
6.40390022760052,10.250943215688,1.24175237855291,5.13778652262063,-0.0531327383578847,-0.13879113687727,199.189189189189,49.9434298093204,64.6026863263321,140.181813227813,19.1585047606007,FAIL
3.82669054907443,7.90014703676258,3.84585788940919,4.14201681279666,0.0326802632998847,-0.0253120317078539,213.243243243243,50.7354219055038,68.9760111475031,117.059116215531,18.4186105805665,FAIL
4.1224025003276,8.89029784054526,6.70330781355499,2.68638363190743,0.334917392596318,0.269448995865279,235.405405405405,46.4822306889727,110.632335998235,71.833547034978,17.7115305965212,FAIL
7.46689730831072,7.64690387517797,9.89119428468987,8.76133191334625,0.305487820225593,0.239390815094,150.27027027027,44.7234920877745,35.3527688033967,215.675327586684,22.3652458281884,FAIL
8.34265032413599,6.04627268369742,9.32209292741366,3.88324410646896,0.844889782342674,0.74100571505322,192.432432432432,47.1301618461034,65.756516612793,97.3761117345593,19.2243394144433,FAIL
9.50107148470776,11.9369703805409,3.66234368538536,10.1678349102929,0.286805867862757,0.197005665343947,152.162162162162,44.1985701198908,38.4771329650501,245.208122449264,22.8581163203547,FAIL
9.11215070848971,3.64599401228422,7.84463914226201,5.33874954446872,0.505748308224969,0.44333700314536,158.108108108108,44.572080170742,38.6871118499367,120.886772020019,20.8577729641588,FAIL
3.58893273543881,1.45029848039519,5.72308832788409,9.34920231537238,0.0778820887849886,0.0605504473261778,57.8378378378378,29.0000233860396,15.9669132935719,57.9131906080408,27.3908703236187,FAIL
2.99517295957075,5.72181725709037,6.60596384836399,2.02030141794593,0.07925505524377,0.0398028632365123,241.081081081081,42.603531245689,116.71110924896,50.6848975989772,17.3218758477428,FAIL
2.71500156751,3.2541020735553,5.09101922810114,2.42676619356704,0.0471113278654272,0.0120318255325671,221.081081081081,44.7189693694478,74.0070709790002,61.0250110079809,17.6702749619971,FAIL
6.65528709236727,11.7699238644491,8.90767313394746,5.2300564178584,0.622737892936476,0.513828684914365,200,49.6651803774762,68.3262803500659,149.222261151563,19.3413518322091,FAIL
9.87221703184632,3.59802394769444,2.18762331206577,6.73237879691023,0.240977171018673,0.188806899890228,142.162162162162,43.3147683000709,31.2393017626574,143.491367785611,21.9153215977424,FAIL
1.58894355547368,11.91590699508,5.78033048364485,5.98601430368778,-0.462691696225058,-0.528059675437839,202.432432432432,50.0989374705544,59.3127378234704,126.525090502443,18.8589067025243,FAIL
4.99024409954519,11.4255818297393,2.08734378175099,6.75009626710906,-0.0491458749013004,-0.119087684998861,188.648648648649,49.9681201951231,52.7770387389222,189.320377142883,19.8017612426648,FAIL
3.65700289946643,9.81396418889513,1.00127607880443,10.3193258353942,-0.175122864004042,-0.222930208962551,152.432432432432,46.1051961002389,33.6571677476256,250.040452117552,21.9121751624095,FAIL
5.21294324995163,2.37808850721637,7.79633134534622,6.44225743357168,0.166756197731391,0.133600539471843,135.135135135135,42.5867294776263,26.5961179999341,133.569583922757,22.0067957579893,FAIL
8.97180264588259,4.33674844636601,9.27481046530426,3.91018777021233,0.773849377550046,0.686477259515401,181.891891891892,45.7325717570654,55.7978150175565,92.7832968720051,19.5675996459203,FAIL
9.82024096733698,2.32348630058541,1.87604781283766,7.39664223947383,0.207785286939663,0.173819533570025,122.162162162162,40.5925546935401,23.6005692563224,136.369591526362,23.3800933762651,FAIL
8.85465227358925,3.95306014661978,6.02914439879975,10.4590267074684,0.231564450219684,0.194488744469574,115.675675675676,38.6360482307483,22.8040046445026,190.215379425931,25.6533175615399,FAIL
3.21265303367295,4.48247218768782,3.56186269276735,1.91315901970386,0.0900475523464528,0.0549130488503184,236.756756756757,40.978458590631,109.138089617383,45.9188805006812,17.3384154387371,FAIL
8.05666793790013,2.57026573160302,8.52841606107344,8.45538018379987,0.250613490849053,0.218590913723221,116.486486486486,39.020307424931,22.3345080754145,149.982478552048,24.7350738026715,FAIL
6.8266420723359,9.85808955061373,1.9946367128188,3.7821354686055,0.234732949676877,0.126039028975993,211.081081081081,48.3032559173816,84.7539261196158,98.078982337785,18.581177275432,FAIL
3.37640050561005,7.34592967536094,4.40560319318727,2.30049769744071,0.0711019793042365,0.0247647493324655,240.810810810811,44.5332822050486,116.539346524273,58.9402875779874,17.4427184415631,FAIL
7.31728476191163,5.5083248151896,6.47649875208796,4.43660433020548,0.517893023697508,0.441083660384197,186.486486486486,47.7954642062939,55.2406059431157,113.14895013081,19.4388647129445,FAIL
5.87920988369085,9.85588132603173,4.72009181635747,3.94830305306869,0.453936295798278,0.361131816599744,213.243243243243,49.3223167451455,81.1410603422873,107.853045051543,18.5643191176831,FAIL
2.91962172877794,6.5299267012875,6.55765090727221,6.09390947485037,-0.0759378504623778,-0.128983663437886,179.72972972973,49.6429788269004,44.0581217884055,169.111779204719,19.6792173721664,FAIL
3.52094506906796,5.4323768582706,8.40073501367383,10.0984370636961,-0.0257069689143195,-0.0670874671056368,131.351351351351,42.6689712791802,26.4991765853757,224.155374442905,23.4993239548452,FAIL
1.89702941823474,6.14286535943327,9.23008807406472,9.21059608018155,-0.170487045207975,-0.217655463810872,142.702702702703,44.1356640266648,29.9741321813262,187.090461018173,22.1192240839166,FAIL
7.90879703909891,1.95375616964805,9.23389079674481,4.29246018981174,0.449800578004956,0.407994334670842,154.324324324324,41.2711648161928,34.9805330946519,89.1074224909522,20.5715592579319,FAIL
2.67939733070785,8.60821359309065,8.23480708020714,7.89780317282982,-0.159385161358618,-0.217719210056963,168.918918918919,48.4713690010514,39.9671623518527,216.3037979159,20.6337603053537,FAIL
8.77188387124507,3.39057242192483,1.45493091017372,8.03170737555831,0.130375863232504,0.0911732225271577,129.72972972973,42.4166729257361,25.9855725246846,164.523630919305,22.9023202227474,PASS
8.01523508484212,4.33853739158582,6.32362920154871,3.13413989358363,0.76572485340215,0.678958830847597,195.675675675676,45.1053368317964,68.3401276811147,73.9818436912814,18.850251804417,FAIL
6.93029408879089,6.12039791993602,9.75306279251735,5.29771740716585,0.458631450837195,0.384925776740611,179.189189189189,48.016245483924,49.3762571169885,139.083697461689,19.929959836554,FAIL
3.02204202915894,10.2868378774881,6.51429144818533,1.62833090006528,0.0124221232033723,-0.0211021792155377,250.540540540541,25.5966692274828,192.643498876558,38.0246607165065,17.0523533157006,FAIL
7.80717508419395,4.10518694343233,6.2778605526014,5.11125327823244,0.425925958551396,0.364641166717036,167.297297297297,46.0726637137947,42.2685111909163,122.330202915204,20.2687955256491,FAIL
2.40645790126496,9.08337624147627,8.43672688457367,2.45401756770432,-0.232890748741878,-0.277574537579781,246.216216216216,46.0479268106724,121.089095831715,66.2974681851401,17.3296694164437,FAIL
3.12180471476356,8.62520423053823,7.36463759238498,4.13897119345369,-0.0411356960184113,-0.100820548611762,217.837837837838,51.2946032905144,71.9059513469324,121.533933599529,18.3070036238769,FAIL
3.43447446785259,5.02208800833649,5.26366382443404,3.90392695891428,0.0585987780205915,0.010710781154302,203.513513513514,49.599266622847,58.4695354480795,106.758074463634,18.4948370229011,FAIL
6.26961375838542,11.2582052849155,9.02076576391521,4.1503194791975,0.730707937969842,0.619869840656515,212.162162162162,49.282409448458,82.8415547721873,116.535653952334,18.7181339262978,FAIL
3.0577734062057,11.2166498875421,5.95996384094264,4.88238437279084,-0.134743618533681,-0.199972324477664,215.675675675676,51.8065637500765,69.966980979273,145.679231315306,18.5463825394814,FAIL
4.34514903424753,11.3560538743892,2.75204157612334,4.03717915661343,0.0158592789025908,-0.055279813888959,222.972972972973,50.4740309441354,84.5052146831914,113.298315535576,18.2712303714667,FAIL
6.84752246148021,7.09719744546871,8.82933906477466,5.95627413197799,0.405611056892613,0.330344377791665,176.216216216216,48.1023888744729,47.6322636314721,158.705429821929,20.2179483893411,FAIL
6.69840256311935,6.23821599858124,8.44446723628442,4.61446248235797,0.498038073267306,0.421151417802435,189.189189189189,48.5078867609952,56.4556616285703,122.186310222343,19.3940721728699,FAIL
4.87724568503738,2.37580978174167,6.44064905617746,4.22077911916165,0.225189712651872,0.187595278941754,167.567567567568,44.5442950873043,38.3495180914226,98.2552850429905,19.65918820697,FAIL
5.2429139502119,5.15896415427854,6.95463214944184,1.84027411193331,0.800404495581274,0.730760020080778,227.567567567568,37.6603563019845,122.693878619299,42.1255823461672,17.6165348992688,FAIL
8.87345264975223,7.88137547337443,8.53017602326693,7.68307532976832,0.471604733650998,0.38892326734355,158.648648648649,45.7070409016613,40.2996284385192,191.753846032188,21.6841509843923,FAIL
2.85906037996393,1.93754607724524,4.70763428707486,4.635754978354,0.0591831281150143,0.0288570696284831,154.864864864865,44.0129928294744,31.7321698502064,106.869639704286,19.9095123062476,FAIL
1.02811989129858,3.12846998247465,7.84670273568836,3.98254756502564,-0.180538724333284,-0.221124340104938,180.27027027027,48.8907743736448,45.299807953837,106.323785509814,18.5461960485314,FAIL
7.25180154174925,3.41175629126806,4.77009180528949,9.5170791986486,0.172131907486342,0.138446865978577,118.378378378378,39.9689951489436,22.8170419501215,179.191957770558,24.6388379697123,FAIL
4.12427879504481,12.2639273733162,5.27918990995219,5.69982400124673,0.0289538610289289,-0.045214307202822,204.864864864865,51.1208648487689,63.6104048787726,168.987605064955,19.1082896267331,FAIL
8.54739202394041,9.34551012290545,9.34091252526844,6.32260217763518,0.644470608615226,0.538813518820491,176.756756756757,47.7410254553963,51.8443916571376,168.293242971801,20.4957795208092,FAIL
7.93403660473971,9.92154888623928,7.80623529738479,7.03242623967061,0.490978556118205,0.396251161044483,173.513513513514,47.619240057735,48.3547849228775,188.470644275401,20.7769589022247,FAIL
8.5229490552484,4.44009791863957,5.20955466007315,4.5807585143115,0.517481134946258,0.443473911338895,175.135135135135,46.327872041827,48.5779531963791,109.774483963553,19.880753723224,FAIL
5.59420999721888,11.347601439239,5.90265663138894,4.96431415047021,0.363496032713765,0.273343132697183,205.945945945946,50.3046494956118,70.0633780137543,142.284243227571,19.0050387045954,FAIL
9.7607569962623,1.47062928127797,3.17892425210472,2.94543594410157,0.563737266935514,0.515593399285091,165.675675675676,36.0339238078317,43.2419623807687,56.6023620808944,19.6643193758467,FAIL
5.65614197489288,10.099641167808,4.00638962959508,4.0768890840905,0.349532117776083,0.261205453896281,213.513513513514,49.6591432483521,79.5673660769653,112.064708971306,18.5735100937482,FAIL
3.18647607228223,11.9527757267935,9.08142865919913,10.1610540425174,-0.1632577810255,-0.22697336181136,160,46.3996383438098,37.7332894784642,273.565675175029,21.9245284011241,FAIL
7.76436987634876,6.52192769262601,1.00509904836234,4.32926577093482,0.011387266607862,-0.0736645447995115,191.891891891892,48.3492614800883,61.1481889051837,110.251576165523,19.1554291876664,FAIL
2.35586375670908,12.227689706554,8.99211207215683,9.1625493180338,-0.282738222266528,-0.348996779804785,170,48.0789965694038,41.4472244465733,248.078892002207,21.0257415145808,FAIL
8.62337416683339,4.66721120260097,9.18618356692599,4.19320129819118,0.707078357241395,0.622632959477334,181.081081081081,46.3664814080148,54.0974033484077,101.686667184734,19.6543634282309,FAIL
7.75168306432788,7.7174887633115,7.1141545581945,3.49036331285115,0.911144280419197,0.790850639443279,204.864864864865,47.0850488753567,81.6317960867525,88.6820974659567,18.7523691036367,FAIL
4.48892274100088,11.1797316691557,1.63108655700056,4.33700388827869,-0.1180888720798,-0.186928387501938,218.378378378378,50.7789000026918,78.3592414436298,121.422776905767,18.4162356490815,FAIL
1.74079557235773,7.16156565701007,4.66635503391931,3.82700684794925,-0.309591261675675,-0.358668009525811,217.837837837838,50.3757097303257,70.1856522984168,97.3749265639493,17.9588844420425,FAIL
1.07522084987227,6.50403328469041,2.31544918353022,3.52067167182943,-0.411092624431292,-0.454316177525844,213.783783783784,51.3606263584062,72.1245094323705,98.8174790175271,17.6728346892014,FAIL
1.32272364644512,11.7679316057895,4.00529893561436,9.24632828154733,-0.40469814566805,-0.465507798969926,166.756756756757,45.5859127439559,40.0555826102741,144.246148625175,20.7795798151945,FAIL
1.00281475922134,4.29819338916496,1.32382892288955,8.59185418007164,-0.1175595857684,-0.15254115687183,134.324324324324,46.3741754599003,26.4976175372429,210.704569068402,21.4967928730734,FAIL
5.86509369507582,5.4530718450083,1.41797874174531,6.08804881411782,0.0389736385987984,-0.0119898132809453,169.189189189189,48.0719812287371,40.745840389735,156.732975187941,20.116562255505,FAIL
9.10899939225036,7.70456886532096,1.02978568607475,1.84792735283919,-0.00325663286177535,-0.248594937079195,207.837837837838,26.5871530635593,151.317871661749,36.5867715441741,18.0914788501431,FAIL
3.65942408357257,11.3851237173573,2.68305888755585,4.99103540660734,-0.128167420766387,-0.192190660770375,213.243243243243,51.4943398321806,69.1191056327239,143.79974038512,18.6342510070371,FAIL
5.1820269141059,9.03718895174935,3.22286457135115,9.02014285749597,0.0153070957908193,-0.0423095283022608,157.837837837838,46.5006507526221,36.709616798992,231.923860011647,21.6284474154446,FAIL
4.6066145266406,7.75804004554956,2.38650698585006,5.29525905227137,0.0185872948828825,-0.0405325654952842,194.054054054054,50.2728895240735,54.5522097036299,147.076664720448,19.1742892027369,FAIL
6.13555403245467,6.96362952100929,8.63529623813933,8.44618391403865,0.191357971660518,0.13324031088226,151.621621621622,45.3541361306558,34.7037559541466,210.584315731734,21.994320297037,FAIL
9.22913754809493,7.05727597896664,5.48347932904863,4.77822811449771,0.68507400873755,0.573380423727436,183.513513513514,47.4476528081402,58.5551585772127,119.619021759579,19.7742105661337,FAIL
7.07523626172195,4.53474286734838,4.32720341349889,5.94041615178836,0.274859660482435,0.219698444235744,161.891891891892,46.3448726440959,38.5460393927102,143.950964764273,20.611650509261,FAIL
6.65813989707024,6.75991446576164,5.58129073626968,7.91696799575039,0.211817542273303,0.152259464407095,155.135135135135,45.9128177837252,36.1507560537297,197.137009010196,21.601480675486,FAIL
5.6239390060118,11.5583921082847,2.25188576622781,9.58678325994198,-0.0312170974168592,-0.0955475781577948,161.351351351351,46.5836892893603,39.1312149914448,248.46940100709,21.7053720026712,FAIL
9.11768859935112,8.27294540650065,9.0501052494681,7.92593196604815,0.494900212482152,0.409279245117083,157.567567567568,45.4694140744143,40.1817322702737,197.511844516189,21.8559660409729,FAIL
9.73963525578,5.58121486867198,8.15614026498477,4.73090112373471,0.758239618759156,0.657184549902168,176.486486486486,46.4648253454774,52.9625287761933,114.660531147961,20.0525034688542,FAIL
8.28844384506869,10.0656903780255,1.22698565412857,3.55046729515905,0.0317660536728064,-0.120096856256918,207.297297297297,46.4605940522456,91.4475175951149,87.2706717703925,18.6699640333432,FAIL
9.72809324839848,8.70257406378632,3.05550073359472,2.64845686957849,1.0301539024214,0.800313440600886,204.864864864865,39.7982669249568,113.62640427094,58.16742904686,18.5510622478332,FAIL
7.60422982431235,8.56200357121896,4.06420326015866,3.30705535767713,0.751223076817617,0.623126212665513,209.459459459459,46.4532382742326,90.2752651958719,82.4744830614277,18.5574049451642,FAIL
5.86931781568318,7.45056297925541,3.89512746667513,2.00545575417278,0.7773335632183,0.677351198621616,227.567567567568,37.0800022352387,135.610437253623,45.8033759295927,17.6968302809042,FAIL
6.71725077571495,9.00592089089544,2.51880245474717,6.31208164322888,0.154672964359833,0.0771946627679507,181.081081081081,48.8717144609057,50.4066873840315,169.162049710601,20.0385169600803,PASS
9.80742894599565,4.91422716251805,1.87102346613293,3.67426508639408,0.370512866721764,0.263725791499728,186.216216216216,45.5756515829611,62.7795084706964,84.6247935088036,19.3016190675928,FAIL
4.78328739942153,4.15398578126893,3.12066015733051,8.67931890300862,0.0535810901701235,0.0167735699613922,133.513513513514,43.6135187029295,26.4588739209537,191.30202603889,22.6319082514532,FAIL
8.45124896910886,7.98665555533768,2.35824804728447,6.08601228561676,0.24441173222211,0.154664526337493,175.675675675676,47.8657968900492,49.5230444485172,155.260342754952,20.2762454194785,FAIL
2.61180063476733,6.98288829768487,7.64325420519983,4.39939725835368,-0.11194676976572,-0.16644452150045,207.837837837838,51.1387729774199,61.1770101510978,127.113087471335,18.4926834385709,FAIL
8.47923515284407,8.58467658103507,7.1001176760669,10.316805107924,0.296378950475035,0.230340571465139,141.351351351351,42.8732557198169,32.6220192422726,239.552151349989,23.5212483742224,FAIL
1.32642336354639,5.02657544772074,2.22993099842889,4.58985038781635,-0.22237083114504,-0.264788798764057,188.918918918919,50.7210749141398,49.729499065715,127.5729107036,18.4767335615113,FAIL
1.36213140658581,4.17921649757904,6.27101609990453,7.02923722662705,-0.149353815001379,-0.191270535041429,148.378378378378,47.3276575480765,31.3478284348026,184.96792246581,20.711360479783,FAIL
9.43871931557712,7.75386217531895,3.59202772880695,1.50683925667442,1.92963879011121,1.60585775558488,201.621621621622,8.28435498610552,185.829794323805,27.5679956998067,18.0268000411989,FAIL
7.65374613907719,2.95038008758604,8.77498525925591,2.34704184975646,0.910090149209105,0.836304531865568,199.189189189189,40.2474277447317,74.5394949902844,51.4678544281989,18.4930594107587,FAIL
6.05679634755879,1.76333649247015,7.48020890254888,4.21247678038107,0.307975474063419,0.273589878593577,154.864864864865,41.3900226303053,33.6195099008655,88.926125647181,20.2765832384453,FAIL
9.72217247155609,10.6729610621742,1.73103346969014,6.76180514258975,0.139703057698039,0.0205227509052959,174.594594594595,47.4794319242027,51.9788865994817,171.053168231121,20.6331956804842,FAIL
4.38712650359871,3.70643082715153,5.19757937693786,4.13013066637673,0.174480596873577,0.129527871109812,186.216216216216,47.7534821728471,48.1560730696068,106.08651072939,19.0259340857819,FAIL
6.30932527325326,6.72385252284285,9.10932678481685,3.86379310195213,0.592894207930247,0.51011682052568,202.702702702703,48.6361812586699,68.9574735145648,103.247442373879,18.821074029438,FAIL
7.17351942426082,11.8636693396727,3.77688563250629,4.30796383628189,0.563818335320333,0.436754253226056,207.837837837838,48.7326581020749,82.2487712548533,114.906820123848,18.8649681076668,FAIL
7.07199306903635,11.7710331793048,2.06048728929283,9.41778025353564,0.0331069582410156,-0.0406986177414678,161.081081081081,46.2669765535266,40.2926294017087,240.749011685252,21.8075016696835,FAIL
7.34056628792645,11.6368160261707,4.72241162837757,2.57391855428927,1.24973786471715,1.06627165964944,220.810810810811,39.0222882516517,133.518519494891,60.8283467137952,18.0930016553749,FAIL
2.37237483575839,7.07101364048503,7.14410226661454,4.77342674228385,-0.1605829736146,-0.215106696026769,202.432432432432,51.1473720532445,56.9997612612031,136.685999669732,18.6636721106565,FAIL
8.7627178726738,5.27224073344873,2.32742034016827,9.78099952528711,0.145401789163119,0.0985887103277648,130,41.9093102825361,27.0952573690353,204.749400364931,23.7481606804423,PASS
9.74611651907516,3.13421284426952,9.89081548035373,2.43713481471448,1.20848151540138,1.10338901260302,191.081081081081,39.6257976195767,74.7260418838793,51.2466015339928,18.8645631802025,FAIL
6.8812974307582,7.255797185302,1.0850972617118,9.42520851825142,-0.0276962715512051,-0.0786279900452704,145.405405405405,44.9540421946429,31.9674026983224,226.220032025921,22.3040472951253,FAIL
2.14867286530433,5.06034786106598,3.7926432640673,2.69269512437801,-0.165328001989607,-0.203303687132892,229.189189189189,47.6500995329772,82.867728849727,69.7867105773687,17.5403010194053,FAIL
9.30731460039382,4.92224610665762,7.91119748591731,2.06814078550469,1.59188197415771,1.43001634103677,202.972972972973,36.6341140569104,108.948307303535,43.2744444346557,18.3869638781788,FAIL
2.08561763150478,3.41482465065639,9.52415823341494,3.24573719104432,-0.061406607165581,-0.102183379363683,204.324324324324,47.8049827523135,57.4317309799548,85.4233637445159,18.1398746641324,FAIL
6.36231043990873,10.5878055550501,6.29118793195099,4.87247870080038,0.502917390460115,0.404415820520035,202.162162162162,49.7603869066881,69.168281856718,136.514036730568,19.1240597402304,FAIL
9.34802149040886,10.9304054267232,8.1279475199957,5.64656484455661,0.882319481043919,0.739650088103659,185.405405405405,47.9665509984948,62.1138247443503,149.642306323362,20.0623169663539,FAIL
9.51736118336825,6.89915886718284,1.17910156893772,4.21053494487735,0.0823993775387102,-0.0373967759638929,188.918918918919,47.2226076281359,65.0001713006117,102.260055299619,19.3543942314229,FAIL
9.35440226411028,4.02085738931107,3.33050628085728,6.91385688421831,0.29397771963126,0.239657236917147,144.324324324324,43.7030409316508,32.1580300508629,150.954736841869,21.9165983382305,FAIL
4.02571438138792,6.61471835179927,5.77328019436955,2.7968891277579,0.244963752363555,0.188865472836042,228.378378378378,47.6425349197928,91.9709953961415,74.4557697624679,17.8325352884255,FAIL
7.94852834628256,8.97775958889466,8.87190236146432,8.88107131618785,0.356264443261659,0.281082785000445,154.054054054054,45.087603051798,37.6977774290217,223.114287154588,22.2569889202465,FAIL
4.87684966247371,2.91372381047255,6.65499989365657,9.59300338446072,0.0913518427981168,0.0626051289406622,113.783783783784,39.3558326710751,21.065213632557,175.194960789789,24.9841582588383,FAIL
7.95279511947188,11.2572939155486,9.76018116938885,3.57195663176099,1.30646546803243,1.14002758921945,210,46.5059023209401,96.1966205814581,93.25154032911,18.6969236398809,FAIL
9.7558575055601,3.0633335921122,9.2267457629114,4.23648054375283,0.674738941299723,0.605774999726035,165.945945945946,43.6432684265955,44.0441759481531,93.3915969145973,20.2612059435457,FAIL
8.98738423786322,2.36431938234185,8.42629029929797,4.32304531578066,0.54042403916702,0.488608505519834,158.378378378378,42.3255587949064,38.1409147190257,91.7076609151747,20.4987706423299,FAIL
6.66092353024679,6.54178726620854,9.08894273449672,9.20992610061052,0.204590116996677,0.150069787352718,142.432432432432,43.7057170799446,31.450616275338,216.757946272578,22.8636923473887,FAIL
1.34339863489308,9.91316705198115,5.2547121676574,2.94097597072762,-0.668278885741995,-0.7143040597862,232.432432432432,41.9635597975508,105.565552327422,48.1169911355036,17.3335353345978,FAIL
7.5995232928529,1.92889254351185,9.67755246440515,6.8421340448653,0.273830332304064,0.243443666320096,121.891891891892,39.5733896128729,23.3320006323005,122.627460062799,23.5532724255872,FAIL
6.35922225438997,2.12474836349153,4.60399611861826,8.56537105993243,0.158174742491112,0.132774319852954,111.081081081081,38.7590839325041,20.0997344510249,146.706873969708,24.8678176216045,FAIL
8.68673302159786,5.21169857123578,8.11407181467603,9.55001555402564,0.288697746641918,0.238626796904075,130.27027027027,41.364923743279,27.7423739637926,200.176485507693,24.0097858076534,FAIL
8.79980306614221,8.99468457004741,4.47835171290281,3.59712943121414,0.907051448872128,0.750192264010525,202.432432432432,46.3932746415719,85.8104285865104,88.6298108049417,18.883326743591,FAIL
7.88073341118894,4.20123814316236,1.00915060364547,4.37225153826127,0.0896510933518994,0.0271529484990796,178.918918918919,46.9627494567857,48.9912142944211,106.395574206911,19.4689065562811,FAIL
8.98726572418938,11.5939173616151,5.15228417996776,6.95014118378316,0.547948804989598,0.429539480696994,176.486486486486,47.6128500906949,52.7865125646693,183.147605473587,20.6954640169696,FAIL
3.93274405833047,8.28337564743781,6.25202132683551,1.61204028767731,0.511071163726127,0.457151197441128,242.432432432432,28.1860453411133,175.463437787906,36.8575313505602,17.2182840486708,FAIL
1.16209097822014,7.69652793960957,2.75253845799796,5.35676996657588,-0.363213117125731,-0.414910273197704,192.972972972973,51.913220392589,52.9581302989263,153.245008725466,18.6401157774374,FAIL
8.47384192461694,10.6570494545148,5.27655320296427,4.05636686050432,0.921992902869244,0.765856877775408,202.702702702703,47.5040809033106,83.1095205627939,104.282526551221,19.0112730224418,FAIL
5.21273438870785,1.83285906299851,1.17232935077618,5.19515221877468,0.112538957173326,0.0852451709685876,143.243243243243,43.4011766886798,28.0156996640887,112.980358017786,20.6035759381804,PASS
8.28566472058674,4.51495067014948,5.05907004176823,4.02623983473898,0.570627087195052,0.491741483674429,183.783783783784,46.4196273678488,55.1053357526106,96.960773210259,19.4359490901615,FAIL
9.82747247673666,4.72943788172555,8.33647895214821,2.23404975818962,1.54843539912016,1.38735728278468,199.189189189189,38.4075220431735,99.3653551825079,47.0781373714111,18.5745504034772,FAIL
9.05553485820634,4.15676224549043,3.28215334953565,7.6633189872511,0.253198818772875,0.203088504587775,138.648648648649,43.0688038583243,29.8692199606781,164.509155680106,22.4697664506517,FAIL
6.12090098665544,3.75138096455703,9.28090759703017,2.90732980704635,0.600885864647792,0.538792666334303,202.432432432432,45.1974536161986,67.8853599246267,70.836817963383,18.5106579306497,FAIL
4.12489113390737,10.6313165593504,3.95571803286633,5.8061425339323,-0.00625810848502151,-0.0737444440928545,198.918918918919,50.8597513777833,58.3276487676535,168.208682339073,19.231335758625,FAIL
6.63737938625411,5.50749212614659,7.71025598694052,9.65666541726414,0.173282577200891,0.126783742014993,133.243243243243,42.2969583981024,27.9538622252886,211.751093113278,23.5861088458699,FAIL
9.83546553953105,10.9051733667595,9.14492056995632,2.08541572481169,2.8424416710317,2.47959621403337,207.567567567568,24.8904026701097,160.449160607489,43.7411961758525,18.3020520682051,FAIL
8.44084047735691,3.59834565721203,9.25915497270105,5.50729379205565,0.459949098193864,0.402330531701337,156.756756756757,44.5978506965952,37.335761459671,125.556314188383,20.9457449485503,FAIL
6.1691019109321,3.18758225706546,4.44194220404779,7.60751266685566,0.161364169638351,0.125120735621703,132.702702702703,42.852212164815,26.3933010062408,159.826751461103,22.5467299466972,FAIL
9.23151392444656,3.27015023385854,9.1814572121741,7.13865160068459,0.378889053871488,0.33192193815847,134.864864864865,41.7573541730373,28.6566016180755,145.760498008238,22.8132003834444,FAIL
4.67940462352988,3.08771420905618,9.45695228648471,8.02842157165633,0.103779007972679,0.0692718097410486,128.108108108108,42.0852462326623,24.9193668816049,165.305784108629,23.1083759439748,PASS
7.50976357771714,10.6675668983762,7.30948541269251,2.09291561547513,1.89207123347423,1.68222533551451,220.540540540541,30.6782546356311,156.5636802868,46.8608148759485,17.9428852104154,FAIL
3.25772651990146,1.78808333041831,1.7529683886163,8.71781572511867,0.0577207002903364,0.0373665592495966,NaN,-1199.54803191458,17.9914566158217,0.5413820885228,24.5263228619881,FAIL
1.53188040686567,8.39894677237997,7.76375477006083,8.08537194412286,-0.296942634327417,-0.354277802680293,164.324324324324,34.4270283685351,38.5112315692488,76.4534793487692,20.578900441902,FAIL
1.6230666228502,11.5489408357984,1.39451104559934,5.8716023741913,-0.445384710643965,-0.500008595716691,203.783783783784,40.642200439699,59.2579478234119,63.0101957337376,18.6868675274125,FAIL
9.06272818438915,8.13601741407422,4.19644603846637,5.4275636798207,0.536943247021631,0.427250409904036,181.081081081081,47.7947429666132,55.6928787299623,138.11596482526,20.0202498683866,FAIL
8.64261660511415,2.29326513157428,2.43290049698102,9.51281248457528,0.17372465808802,0.148243227994336,105.945945945946,37.5520154759225,19.1748863561421,154.601016084402,25.8643385184137,FAIL
6.98267380239393,4.00280799602916,8.19044216192659,8.12109761650391,0.226851212756609,0.183480496268041,134.594594594595,42.6123755470106,27.9348839607947,174.276698730132,22.9208447896792,FAIL
5.78882414885075,2.41427370304444,1.78967793384859,6.05749091761082,0.126211092988537,0.0942869527577506,140.810810810811,43.8358033168534,27.9729937753763,131.429290850403,21.2006467980246,PASS
1.99872346840141,10.7897221561566,7.57835533543876,10.0925367255201,-0.288407270239965,-0.347849167658828,157.297297297297,46.1208436694517,35.9650267814016,228.38584105087,21.768242434421,FAIL
5.84790747002262,11.2102218116118,8.8605163810113,6.58167907955326,0.321751712222374,0.23605767018273,186.756756756757,49.3591263676757,53.9357156428388,189.802834103109,20.0393792302326,FAIL
5.02069652150639,5.65067829863918,9.78770059791781,5.97984744796101,0.189755564130076,0.132937610685633,171.891891891892,48.0509865393255,42.3023985260433,159.035519528376,20.187464941062,FAIL
5.39663228233897,10.7371478268762,6.66150438436072,10.3829086812818,0.0683365993416768,0.0055411041066975,152.162162162162,44.9477537096176,35.5275563306654,265.303196543291,22.5918597754144,FAIL
2.251913520603,1.47898716425252,6.787665433304,3.24713566774765,0.0513370667359496,0.022915450802404,171.081081081081,41.4462772928587,38.506503903916,75.375516091537,18.8441614754751,FAIL
4.5017739256536,11.5404211426693,3.58634623112215,8.42483231845155,-0.041529893544673,-0.107050047329217,172.972972972973,48.3265909557249,43.5732514728876,231.363950326124,20.8167527985383,FAIL
4.3628495878549,2.6541133182775,2.56523537365653,4.08631340958183,0.129952379418461,0.0940772100083452,175.675675675676,45.9921904437259,41.3562175489927,99.1676354347777,19.1821675828776,PASS
3.55438696094716,11.7447517517828,5.57413039020044,10.3483423320251,-0.131554275065177,-0.192076914007815,157.837837837838,46.1195969566186,36.8229807420677,269.97657775577,22.0398070609596,FAIL
3.1103720707618,11.6668672109067,3.47740836916712,7.94294949032537,-0.19547227881642,-0.257603249255614,180.27027027027,49.4846402088316,45.8279226360487,219.153011274518,20.2461226481949,FAIL
7.13569802708852,2.97785426935438,6.78681412115974,3.14432408146081,0.581662901733101,0.522881230674302,188.648648648649,43.9514824590493,56.5830173617748,72.7191512754196,18.9494034960309,FAIL
4.29887442862555,4.31743128099218,3.1892529333849,10.4698203109013,0.0199608082057089,-0.0131377905014912,121.081081081081,41.2881849005468,23.1313638403792,212.826264295523,24.2174089801791,FAIL
9.25921603529286,9.83906828004282,6.82814898727343,10.4258313879693,0.361135100808197,0.284853717503651,144.324324324324,43.0287464858716,34.5302238482537,245.030073078231,23.4821782882459,FAIL
1.85257775591583,3.21133292645975,8.01879049605964,4.807713036848,-0.0785479926056245,-0.118780866985793,170.540540540541,47.2015129691204,38.8187273982745,119.589158702649,19.3351036430531,FAIL
1.64384259549623,5.75794115776842,1.37675873768453,9.17092129721534,-0.14534048695026,-0.184425634063622,138.378378378378,46.717642568775,28.7921850172921,248.932242605449,21.5863956766906,FAIL
3.73596891903289,7.94276954945667,3.60812987363173,4.28493957906019,0.00363694441401285,-0.0535905662836889,211.621621621622,50.8644966553635,66.9563484591613,121.3628576093,18.4745189359551,FAIL
6.08014761817784,3.83006904606219,7.01271751005561,6.94611225083153,0.203159312899832,0.159121877448906,145.675675675676,44.3805156122518,31.0629213547839,158.850391723476,21.6687450474878,FAIL
8.13781655356276,1.9187161233237,2.09100729196521,6.89315247935141,0.195671774772225,0.167045030750894,121.891891891892,40.682026316561,22.8408872443264,126.691853850778,23.0315496284088,FAIL
6.09484701204191,5.34315192463491,7.88858079392528,6.75964286855369,0.234425724874238,0.179156573588908,159.189189189189,46.4341184537484,37.1210385865887,169.193790751647,21.0069204742915,FAIL
2.94049120397151,12.3512695029646,3.9184374576818,7.08044569082728,-0.22438111595256,-0.289396610850715,191.891891891892,50.6146089199026,52.1208298048449,201.469967353426,19.6564194362381,FAIL
7.61022664204078,8.40687369029091,6.88277984743055,6.80516499290203,0.411665518235426,0.328754410176207,171.351351351351,47.5451151398573,45.933176540269,179.371974930882,20.7189589965027,FAIL
3.92658956973717,1.96112953552004,8.86457929589796,7.58640546317493,0.0877994337472612,0.0615433719778583,117.027027027027,40.1382052944894,21.3143370418773,139.116935965721,23.7673987317588,FAIL
9.547364057666,2.8538143770817,2.43494827477927,4.78152789952011,0.341943962221252,0.286387296325271,157.567567567568,43.6735367476057,37.9087255940441,103.408875758807,20.5238206173145,FAIL
9.93788970474145,3.51393003615393,4.77985408559121,8.47038457759884,0.298238780829069,0.254882098554517,125.405405405405,40.6855749962943,25.6293065372761,163.514729371562,23.908868999873,FAIL
4.84822002159851,8.7808282682319,9.8101329473214,2.4972774910812,0.705796629947719,0.624149400110668,232.972972972973,44.2920760484812,118.427509408664,65.0517795584919,17.7572409563871,FAIL
8.66089824860984,1.79888023514413,4.00193180401669,7.73339591477083,0.23934411104287,0.213244911320203,111.621621621622,38.2396008979377,20.4083162968718,127.12197657305,24.6845245308411,FAIL
1.84546988338687,11.1114493374218,5.23856053874633,8.00391093072761,-0.339969232240052,-0.402235726826734,177.837837837838,48.7532896662039,44.3016038026595,179.692255320025,20.1718093717391,FAIL
7.1381400027819,1.74417632310812,1.05926356324296,4.28241122567792,0.170334853734212,0.138091379753873,153.243243243243,41.9188606499514,32.7522181001282,91.1177171818867,20.1066611791366,FAIL
9.50874708781436,11.7430050087474,6.78272453315445,6.48035636810835,0.750239496343287,0.613705061727213,179.459459459459,47.6480252018758,56.7303437572544,171.158519173793,20.5173627456368,FAIL
6.97316422548628,11.4710486873634,1.59253856622437,5.086015444178,0.0537606526083425,-0.0500221712704225,200.540540540541,49.5925437759157,69.0861598601406,137.078668295524,19.1869748627198,FAIL
2.4822484027007,8.13855302920198,9.1270049164956,7.7012431933676,-0.172404731792052,-0.23005851399857,168.918918918919,48.5410587616055,39.772607996866,209.889442338135,20.550140331268,FAIL
5.05338813907225,4.91489792852053,4.1868991109109,3.23159944437028,0.303001335151414,0.246578165471267,209.189189189189,47.7394805885374,69.5814964161375,83.4263363605717,18.3391942045926,FAIL
2.64010475583476,3.71123987251228,4.50183837213323,10.1141244826404,-0.0320641694742119,-0.0633932802812386,115.405405405405,41.2708041816969,22.1637786846638,204.926332119379,24.1377812642428,FAIL
3.09734199054871,6.84987589723364,2.40431035238177,5.27518830709261,-0.105654325832079,-0.155211496026442,193.513513513514,50.6295013664076,51.2144722255353,146.253970997067,18.995503444239,FAIL
8.70226215511559,1.44853795556429,1.88055147678778,9.89801784369289,0.167743190056946,0.151089287498073,90.2702702702703,33.624811694864,15.3245690676873,130.283004851763,28.3149175387104,FAIL
3.62209737171267,12.1360410365361,5.21533506767793,9.78432105390541,-0.12850781398375,-0.191327964483819,163.783783783784,46.9977270274091,39.1803165698997,261.945743234474,21.5870058268795,FAIL
8.93275870723589,6.02529794170021,7.8627989190372,5.30681416731243,0.619111651630529,0.529494083592798,174.054054054054,46.9681714905637,49.298786696883,132.230407619599,20.2504122395449,FAIL
2.77881682923127,11.1606871903065,4.19459603167457,9.67143786839552,-0.212914716523248,-0.271183071725007,162.432432432432,47.155001976849,37.8659649159077,246.207878769553,21.4220676617738,FAIL
5.38964770533548,1.66315235403107,4.30877844328795,7.43003069943723,0.142925136770003,0.119680875444996,113.243243243243,39.3922231987443,20.1308778711732,128.950475356661,23.979867758193,FAIL
4.45298077342204,3.5320212957022,5.59842333909291,9.28233016789378,0.0619525324062336,0.0289947927757631,122.702702702703,41.4587931813655,23.4097131214966,187.305414185048,23.8317024460236,FAIL
5.05844486657917,5.58561135881436,6.96098903261853,5.8749913754282,0.176758518533951,0.121367080187479,172.972972972973,48.1965314525984,42.6810583976356,155.477656878631,20.0671772654269,FAIL
6.05232239923492,2.13218512974993,9.47429387913352,6.18001956449293,0.225176758267611,0.19227630803592,133.513513513514,41.6645096268138,26.3568736318757,123.409149635544,22.1827177074354,FAIL
7.89161851868923,3.05692694243672,7.65323638339787,3.59612275536245,0.598331659895411,0.536429357968394,179.72972972973,44.3521752665511,50.7321260131672,82.6684483338428,19.4098534241587,FAIL
5.36970675167827,3.35054650423856,7.9663223234977,3.7892926509821,0.335751112342871,0.286834555633258,186.216216216216,46.4654078853341,49.9707450384056,94.1074481057809,19.0767535108077,FAIL
4.6189509072179,3.72772541390635,3.23505033442297,1.74024859752367,0.402661048775589,0.356397526677993,227.027027027027,36.7883105526509,109.967610846829,38.8350601706873,17.5138015250835,FAIL
1.37833253058276,2.48988785346065,4.65857265566612,2.43326870991566,-0.127910980700551,-0.159306903720579,175.945945945946,13.1319319639092,64.3761600187995,51.0569621086631,17.5680138856835,FAIL
5.36061544095859,5.42678749354026,3.24141427976008,3.69990093558909,0.246652635329171,0.187116503328219,203.243243243243,48.5901097550821,64.3073575711135,96.7730678812901,18.5964856659278,FAIL
8.58219119811096,1.53950689760174,9.92370163651563,2.38944413235586,0.821987220234758,0.769991199464243,179.189189189189,34.5005120606653,53.7150314788765,47.2148853348602,19.0755015483658,FAIL
9.83268374235917,7.6088353858281,9.45112130874386,2.87638462058637,1.61730346243006,1.41899667812262,201.351351351351,42.6848906321579,98.4115949820951,66.520151403318,18.7732923281007,FAIL
5.71469605869671,7.7511867599167,1.09180543536413,7.2731229879412,-0.062376729536142,-0.118410185992086,168.648648648649,48.3186230973512,41.0467202704142,192.75813091524,20.4975879903802,FAIL
9.10656857111504,7.59445661076781,5.87058805844781,9.45501872771086,0.324675069634862,0.257099050012121,142.972972972973,43.3489017997656,33.1721708193259,217.913122087627,23.0912818269865,FAIL
7.62750222597449,2.56947934783379,9.35797016586976,2.38113762900534,0.857511158100303,0.791325310721442,195.675675675676,39.6846158493671,68.7397162610872,51.6714140810355,18.5870946030265,FAIL
9.36021025707131,6.59367369610743,3.0288249827082,10.3879651433377,0.191052358532849,0.136085691627888,132.162162162162,41.7262663325991,28.6850586528175,220.943355534624,24.0058547845991,FAIL
2.77989403723838,3.93852556923741,7.33844998168237,6.44711831463805,-0.0244899702001759,-0.0662198884422255,155.675675675676,46.6727806358636,33.0913055732602,159.85647485468,20.601440546878,FAIL
5.71903572394956,8.71278550882069,3.42353154029494,5.85247855177847,0.163266714277337,0.0919127768641589,187.567567567568,49.5741477918948,52.9560641893442,161.128081215144,19.6528804667687,FAIL
5.15434933306401,3.93202922721487,6.84846380734607,4.41933578884337,0.257283528417553,0.207414232695802,181.621621621622,47.529782515198,46.7529225479885,112.704426963121,19.3547233160829,FAIL
7.35157687060478,6.0489484613952,9.59616895651331,5.239215483715,0.505997282112147,0.429128661791664,178.648648648649,47.7921534780421,49.6818628032765,136.00952121378,19.9673556751956,FAIL
7.86962601431289,8.30038497587872,9.05605506232387,9.10957844349305,0.325809532835572,0.256330059652119,149.72972972973,44.4863961021866,35.5742259692955,223.521635824174,22.5549265468437,FAIL
3.31198468806286,7.49346278181588,9.97110394174631,8.48224497035482,-0.067250769900531,-0.12192114026063,157.027027027027,46.7478440993929,35.3871228000093,223.484116760278,21.4339270119169,FAIL
1.79372134878815,7.4286032191399,9.2664072417087,5.24620233074767,-0.269403304556253,-0.326836231647826,196.216216216216,50.8633834407095,53.426218305289,142.280923366584,18.8522830959773,FAIL
1.13858288253225,11.5516143096976,5.23660984344194,10.0813445283044,-0.4112324424732,-0.47165681676873,158.108108108108,47.6263710798461,36.9398553155393,283.451564423832,21.4021196668616,FAIL
2.39740675244328,2.44505187401866,2.89680661313136,5.20136192982156,0.00185986519758874,-0.0299837950001411,151.891891891892,45.838551650381,31.7719350556289,127.385182402576,19.911573354671,FAIL
1.68463261854273,2.71706133396291,2.60037765906602,10.3568417751944,-0.0245089635031009,-0.0490536344503919,104.324324324324,39.2916025861133,18.8426369413996,171.431611088382,24.9868077472512,FAIL
6.60458530708197,5.13302588353342,8.61881275317475,9.34301299485415,0.182586133141833,0.136878397431687,133.243243243243,42.3207060536285,27.8360758224809,203.965539422283,23.4903045385682,FAIL
8.6732699181112,4.40814397002704,6.38426970023535,5.93996685459728,0.428723119350554,0.365269703464613,158.108108108108,45.3033691343137,38.359941181911,138.777404002926,20.9961812063468,FAIL
7.73239998773182,3.85133527612327,8.45991059863992,5.79764875763882,0.388285587256108,0.333258288625012,156.486486486486,45.0457342078839,36.7070698590667,134.871513217689,20.9635140827453,FAIL
8.56649677098511,1.49235076887178,2.08306662031104,5.71852398322419,0.238657642518161,0.210764952785969,126.216216216216,40.0107535857378,23.9027802675649,103.381438421385,22.3185508518615,FAIL
1.53108429333519,7.37979390712036,3.58609160378017,6.38376763446664,-0.274982459799927,-0.327067126345901,176.486486486486,7.13269482731206,44.4077907157139,49.0807070571826,19.4133469736718,FAIL
8.16406927665794,6.78113402734277,3.8957896665242,4.80087914784395,0.47129522555744,0.378877800340494,185.405405405405,47.9983059220346,56.8827427692794,122.049956698149,19.6052530031122,FAIL
5.78457292468181,6.03116149617246,1.85385882255394,4.60461494716281,0.106178349451258,0.0456826724872227,191.891891891892,49.1908037493666,55.1993910537579,121.78498669062,19.0952974423186,FAIL
1.80705989669998,10.594879057751,6.75617852853355,5.95521515325135,-0.370211933752741,-0.433879143543924,199.459459459459,51.1385619321271,56.3963109837249,155.97132869626,18.9789629037013,FAIL
9.9609039933837,11.1388092165901,2.54107507117008,2.20372910769837,1.16579184159967,0.811518869370706,206.756756756757,27.3349819841158,153.58655851378,44.7491590080591,18.3339584476661,FAIL
6.70316780725382,3.86473844795584,9.28243464467438,6.51637779680206,0.279103109676372,0.230788432571539,149.72972972973,44.6227871512953,33.0895226521617,150.557683708458,21.4459644133118,FAIL
8.61108241610926,6.91677628235045,8.1628328769366,2.94333233514697,1.2318714993928,1.08676605321636,204.594594594595,44.4285108827784,91.3766114819158,70.2710383763439,18.6430578132477,FAIL
6.87062366411542,2.16181926551985,6.86047277254124,6.12346854959356,0.257975233468428,0.224125384906445,134.324324324324,41.6784732765941,26.7392954274225,121.95896051443,22.107910286401,FAIL
3.9790383670333,6.28566426893121,4.73310426830198,2.35020534535955,0.254621180843082,0.202578173589732,233.783783783784,44.845212588025,106.011363420177,59.6721604426941,17.605057701761,FAIL
4.00246618371898,2.44502442800649,1.54889565252711,9.48685713718233,0.0500797382533741,0.0266153144906092,106.216216216216,40.309056890049,19.3098751500252,180.128065543085,24.4676705571793,FAIL
1.06403612698592,8.23861597016569,5.56687456523963,7.06847743337242,-0.36584021047967,-0.423102529367805,172.972972972973,50.7146158088731,42.7314380080669,217.815220995275,19.740796991028,FAIL
9.0690251358442,10.6646213824404,2.2243298293109,5.52526147562428,0.300237915844103,0.169456760935723,187.297297297297,48.2693478084022,62.3419082215698,141.934805286069,19.8331906116316,FAIL
4.07363096918017,12.3595928044325,9.85833736497952,5.29466555098982,0.117826523057351,0.0387314697731853,210,51.2770395018396,68.4226424632661,161.903822970787,18.9297448619969,FAIL
8.72309272185677,11.7050598457796,5.06493159959402,2.77908875956114,1.50772639015989,1.26957890673917,212.432432432432,39.6888395195574,125.07333457973,64.6010474204118,18.400635748333,FAIL
7.88176321358245,9.62612661453535,8.49380766466642,8.117486360219,0.406443105111278,0.322708988765306,162.702702702703,46.3414707864097,42.0416945571067,211.824572014771,21.568709674788,FAIL
2.79134080853036,9.3497176073533,6.07289229055088,4.92955366760429,-0.151905652605091,-0.212206360776041,209.459459459459,51.6464611514137,63.4122361997802,145.086233764154,18.6309506540204,FAIL
9.25548549330723,3.93447100054569,9.39597374512341,6.78893394241957,0.428727293615227,0.372382786444299,144.054054054054,43.2653673238932,32.5397708703011,148.346899339605,22.1114881389759,FAIL
5.54132698537149,5.82820625361129,7.01054626702163,3.71466522547152,0.419702680632394,0.35227916633343,204.054054054054,48.6633910995538,66.4967619614179,98.8322061097309,18.6628350608778,FAIL
4.12418751085685,8.14005082119882,7.95779054098253,5.38421526398648,0.0991304244036438,0.0348051159253003,194.864864864865,50.4251474771768,55.063233996011,155.912832520399,19.2492280367179,FAIL
4.37756992428331,3.90165056769429,3.44151122564769,6.71745012586768,0.0658826807694087,0.0260599227279256,151.081081081081,45.9493984733911,31.8694263879352,161.234354164475,20.9402179484146,FAIL
8.50946322040552,6.52514855250184,4.12328753878888,8.1736251481916,0.271069484202603,0.206822666025888,149.189189189189,44.7690949381925,34.8024773329114,192.734491998438,22.1070871061529,FAIL
5.7042192814337,6.64804271113215,5.38183611426553,3.28965978775368,0.484394010725255,0.408557404522608,213.243243243243,48.040171048007,79.5409790336831,86.1459001047267,18.3595575026114,FAIL
8.05456500625333,3.22470133222693,8.15100619083095,6.04404166835734,0.367344065901934,0.318900422261148,147.297297297297,43.544020695292,32.6352734865902,132.470246743393,21.5085973503797,FAIL
7.00389192616818,6.10660351665685,1.9050867370429,4.90792804696231,0.169027849859889,0.0991160375244068,184.864864864865,48.5001451002159,52.6282765886298,126.409503854171,19.476329874926,FAIL
1.86798093860608,11.4287956219827,9.5947572738086,3.00951254680119,-0.526047176238284,-0.578133244770639,242.972972972973,48.8822726707377,111.105740414815,83.206025157098,17.4396200901115,FAIL
4.25338893011223,7.7948602330888,3.05806515331816,8.74242742212142,-0.0365625377001362,-0.0878408093216372,155.945945945946,46.6869495674298,35.0363649216861,223.056343440344,21.4568514720571,FAIL
4.47921683503016,11.2934869228542,2.30564714597428,7.27165022022146,-0.0825262209102942,-0.147823260037417,183.783783783784,49.6787261494608,49.0052730327476,203.179099288508,20.0445221716743,FAIL
5.8726560723068,9.59702672998731,8.54328210634214,10.0578738841862,0.134720812178727,0.0722023867153985,150,44.6328622471056,34.7459864158424,254.009703392598,22.6859584363879,PASS
3.21146062131609,9.50030309311015,3.3633041179421,3.0939078858891,-0.109400830787379,-0.161695798290127,236.486486486486,49.0837714427182,99.28703433796,84.5733503181431,17.7065744261736,FAIL
5.07696217532262,9.49144018947535,8.9201622778564,2.19850859965493,0.920739054043541,0.827921424459489,234.864864864865,39.5226410403164,139.379091363581,54.636174374792,17.6356574269055,FAIL
6.18002757743209,4.90255540874238,8.14263603619879,4.82063785324402,0.366138509288815,0.304880983168883,180.27027027027,47.844880732838,48.2153187030141,124.448318630781,19.6439472922686,FAIL
1.27320398173344,12.0070974618903,9.17896316541305,9.97482038757979,-0.42773579071255,-0.492559392120212,160.540540540541,45.1736542982224,38.0824661156403,164.29532011503,21.4236978897645,FAIL
8.08645991189954,10.093438497498,4.57401499687882,3.52965940821589,0.901781076555437,0.748184076540553,208.108108108108,46.4789758385011,92.1728303854289,88.6973855705277,18.6940965524258,FAIL
2.23721283641853,4.76657238872302,7.87555962325268,1.98654953693611,-0.107013850010929,-0.141617777178613,239.72972972973,42.819741195882,108.060655421734,49.7044739528283,17.2345510245005,FAIL
2.11804287944005,3.88620374903916,1.28647205637316,5.52338643696614,-0.0818026366212656,-0.117886913158776,161.351351351351,47.2658808818452,37.2311919475299,135.594229134563,19.3986428157881,FAIL
5.90723140991692,4.08214793012305,5.25128705968993,6.4245319181653,0.193485901056358,0.147232657410535,154.054054054054,45.7071531840998,34.1269416962151,153.267289087569,20.9923548261018,FAIL
7.78712236448632,9.32811306049345,6.73068191531881,5.50636302619464,0.588841786415816,0.484812326666011,187.297297297297,48.6722514376377,58.4754360608543,148.349134087961,19.81321680125,FAIL
5.93431608192064,3.70745782181609,1.6146475796945,2.66534387078065,0.224366646987088,0.169727946090412,207.837837837838,44.3973260989846,73.0003726843411,63.3545233390334,18.2034038891338,FAIL
4.05019190754646,6.36693528424158,3.82649177224002,2.38318631496559,0.216359349518608,0.164165869386465,233.243243243243,44.9857371131156,105.263403823913,60.2952613699064,17.6202696337386,FAIL
7.75848638708937,5.24594204570186,9.7196021210124,9.96968435009093,0.238572878967867,0.191924977548213,128.108108108108,41.0093891692652,26.8306396447069,207.916199192726,24.314959757006,FAIL
8.90569479282342,3.34688310031409,3.57522297882968,6.1948792291713,0.311202834577916,0.26126319736849,146.216216216216,43.6660577981586,32.4418886970475,134.247028533815,21.5134260763886,FAIL
9.66085049449616,9.83766457573235,5.75149717509078,7.4020239412614,0.539812503100889,0.432721166517753,166.486486486486,46.495330257793,46.292400037574,187.95785164588,21.2765167198393,FAIL
4.4371424243511,7.64081471819155,8.93269742848478,6.0107341704491,0.121835631395243,0.058516003263008,183.513513513514,49.531353417015,48.4387896904678,170.383280666704,19.7776239267144,PASS
5.19698527863792,6.52368206029283,8.09361072864913,5.67529746550722,0.221325004446323,0.159048537568483,180.810810810811,48.9105458495935,47.4467574182049,155.07171013217,19.813888792717,FAIL
4.71916270413547,10.6700571707401,4.46599381390176,9.42155243404099,-0.00844856433569996,-0.07026094329734,160.810810810811,46.6489024039629,38.2289849283225,248.527594588923,21.673841834405,FAIL
7.69366620650717,9.65525152080027,5.74831335522284,5.90111363422067,0.501650748604448,0.401710456142619,184.594594594595,48.6261562631118,55.7662294195251,159.059375346508,19.9948937099734,FAIL
2.28432396049955,12.0199345942373,8.97991938729572,6.32701935202267,-0.307323860727864,-0.376471972552023,199.72972972973,51.4236849617916,56.8970239576854,187.750837356625,19.2197394953202,FAIL
9.32459783229111,9.47607715328121,4.80912482072368,1.65141469164991,2.36171407239089,2.01015189302843,205.945945945946,10.2408929378429,187.559279468097,31.5292650632066,18.0481621940746,FAIL
4.1200786239007,3.33148810698742,4.10664046937718,7.68400429556208,0.057032356353148,0.0224126479991408,135.135135135135,43.9213742703189,26.4651114239042,169.164357407103,22.1287334910687,FAIL
4.05318798731977,3.35554283349416,6.0824920877014,8.39220937100409,0.0545481044806319,0.0205139851701816,128.378378378378,42.6527319463328,24.7808078932428,176.734403561365,22.9769791107966,FAIL
5.83171571779015,2.06791900081032,9.55795497899771,2.03077590287611,0.662891814873642,0.616873461289203,203.513513513514,36.5289265995734,71.4598764948607,43.9562648612466,18.1546205338586,FAIL
5.3375480368174,9.82533946847465,2.91979315063359,5.42290097163144,0.110171224793535,0.0363224098149209,197.567567567568,50.2832945797346,60.0449142924107,151.923715083926,19.2371360224735,FAIL
9.35813697807023,1.85840369691339,4.56641061445054,3.90165413919258,0.498537979391384,0.451967196268459,157.027027027027,40.3039319409432,37.3123051715545,78.6235244134869,20.3298330702884,FAIL
7.9776938345762,12.1396256703709,8.98914977435967,2.48558122123653,2.00904644183319,1.77742763558373,218.108108108108,36.1695406236021,141.503862363753,58.5277065200513,18.1660031538975,FAIL
5.94504674340813,8.66944282898627,2.51695089093167,5.33772212722577,0.139725443213961,0.065565973895515,192.972972972973,49.769412388507,57.4760778938519,145.842677995422,19.3538405732374,FAIL
2.98915118485158,8.48673267757466,1.92923833867643,8.16260748400623,-0.163209511707063,-0.21361052885914,166.486486486486,48.3478037126634,38.3762114206653,209.629483466021,20.6116933981001,FAIL
2.02067575544912,2.54375981879052,9.16783554571688,6.18290338238277,-0.031910048827879,-0.0662506897039786,123.783783783784,44.3684105579498,28.0393695650527,143.891611625903,21.0628667683618,FAIL
6.08487525677734,6.64202182547067,7.66283224940223,5.55766926317171,0.327377789702176,0.258902755160027,180.810810810811,48.6270408149897,48.9421730570229,149.528792137072,19.8574633228436,FAIL
8.71668323491651,5.41385213877714,1.48919962348398,9.90702279133797,0.0792387054061587,0.0331790464676586,130.27027027027,42.1883370837744,27.0477040339113,210.032110933685,23.6435627451723,FAIL
5.5589616310961,11.6884663664015,4.13927179917387,7.5651055185853,0.11250175543752,0.0366321143497802,179.189189189189,48.8077432027355,48.4154817266931,210.849582762681,20.4603537047924,FAIL
1.09907554702077,8.85492989350748,9.14618383075554,3.74532985364897,-0.581484671503259,-0.638582691128988,217.567567567568,47.2359809727849,79.293632023429,70.6749038147716,17.7559459213939,FAIL
4.38014426667374,5.09477664693889,1.53447114682231,2.82189518905341,0.03883712985525,-0.00837569073855016,220.27027027027,47.1469478581083,80.1968475946199,72.2257430990869,17.9202216613225,FAIL
3.52315295946491,2.86609014814923,9.15332603900208,2.62024034153222,0.212015052434738,0.172764795963,210,44.4805495784356,64.9947191201494,65.2653571110445,18.0393434797584,FAIL
7.78672218630172,2.13831808286868,1.69063204454233,4.09290419356645,0.25098464932295,0.209837811799699,161.891891891892,42.7698923330856,37.7495959002765,88.6159178418806,19.9015836806652,FAIL
3.01941029526974,5.71457954243981,5.8393268913165,5.92213703030168,-0.0467211558052171,-0.0964625250070246,176.756756756757,49.2508579026649,42.4286429168348,161.102083521057,19.6953216742759,FAIL
3.39006199353533,11.733251223752,4.83399696779524,4.96107756356187,-0.0948388995508431,-0.161746998371004,215.135135135135,51.6681984193255,70.5339158834669,146.831983301718,18.6038071825042,FAIL
7.62878002991165,5.34371763268799,4.32065269007983,6.51084688051727,0.289926257187503,0.228789561996856,160,46.262844046357,38.4844659036508,158.492747769219,20.9447202342057,FAIL
9.51366421925396,8.65080308041938,6.724814519653,7.56356776304485,0.513635059186565,0.41929865376691,161.621621621622,45.96834226099,42.743636258559,189.087682466036,21.5383327887403,FAIL
5.23395864515833,6.91856375985886,3.8217052555407,2.63832134930428,0.427239391845471,0.354528838610411,225.135135135135,45.6146372445962,99.9330725452186,66.4219534040013,17.9114230191375,FAIL
4.39560885027836,6.48951117043669,9.47536782452872,2.62653887100534,0.445161133526905,0.382480861397716,228.378378378378,46.5614444306233,97.0134468996256,69.233592540738,17.8357643372144,FAIL
2.39952047367176,2.57732090541343,8.32094232642623,6.40103599605777,-0.00683825528992543,-0.0406125564268921,138.648648648649,44.3264051858921,27.4165829535446,144.604359730631,21.3025144293824,FAIL
4.70396481793853,5.18158658180143,7.73220612791187,3.64821058618258,0.298346257692557,0.241072889939959,204.594594594595,48.7703141808114,63.6679909635342,97.9152059424534,18.5614331264536,FAIL
1.30367079994644,2.79244200221849,8.36607334011802,2.71519372136042,-0.159909517659347,-0.196191563449848,200.27027027027,44.6832784249631,61.3986850116312,67.9700313437607,17.7422131898019,FAIL
7.404380910144,8.61396737480321,4.05634118309261,8.44071476408291,0.214855068531228,0.14537206536885,157.567567567568,46.0258598604792,38.3753095330456,212.420793665355,21.7135675143014,FAIL
7.49986884248352,2.29611314360593,8.19541190905634,1.97870660108474,0.943464760546179,0.878113649020993,199.459459459459,35.4913937898779,77.6327445754504,40.9801484552051,18.3202575600242,FAIL
4.73850374813313,10.5858941856366,9.78607778504216,7.48823935307377,0.110560788011494,0.0382974967293199,177.837837837838,48.8035223276679,46.5963451652543,215.58310192228,20.5025447355211,FAIL
5.3496940571362,9.59538147224417,3.77297424916401,8.20945640166814,0.0597201954765202,-0.00411610417130981,166.756756756757,47.6201680431783,40.9926669160645,219.294912362921,21.040258822349,FAIL
3.69651073586093,5.24095878281136,3.49376175253558,3.74046937377559,0.0594446094432423,0.0118276957389294,207.297297297297,49.5180733368637,62.1355663053728,101.361389557151,18.3735957900442,FAIL
7.993602355761,3.92946802910994,6.79505770698187,9.44432868345398,0.227697280015649,0.188325230623975,122.702702702703,40.3603792676005,24.5801050091293,184.223282717254,24.4482663542782,FAIL
7.86684766319229,10.9904748626574,4.76727548674604,3.8875653542347,0.840050795317425,0.692597791822318,207.297297297297,47.5243046973398,87.5952295824005,100.573665759226,18.8092740152729,FAIL
1.24768070520382,11.1569522788374,9.07652024932375,9.02635282378853,-0.421991760475858,-0.486766529962366,165.945945945946,46.8051364070263,40.0169867424298,171.973846589399,20.8468276509334,FAIL
5.12358312064837,11.695785519577,1.15430365999688,2.04025338119124,-0.254801996671922,-0.351400108581747,237.297297297297,32.0839057067734,166.042194792374,46.5618616313186,17.492340469138,FAIL
5.50784878474779,11.2578768619631,2.40110745885471,3.55673762117832,0.190630606932666,0.0982738922732616,222.702702702703,48.4962847963074,95.3886480636341,94.7401370943258,18.2268963765502,FAIL
9.63831714727178,4.38776036025186,6.72822870792021,7.24094305441238,0.40224282022102,0.343399816828208,142.972972972973,43.3080971190346,32.3562245931332,158.442575638252,22.3015588322053,FAIL
5.35309302493535,8.11445530121301,9.48481171532172,7.40781380441853,0.174587485841127,0.109298864079869,168.108108108108,47.7017681477332,41.5934644992787,201.418992344659,20.8565806745102,FAIL
1.74816719669518,6.55750379576689,3.47232367257276,6.66118257822042,-0.212308465748575,-0.261387296421677,172.162162162162,46.0557550674088,40.4675590429441,121.705689973833,19.7537847221082,FAIL
4.52819073775303,8.10828301550503,3.01572579839017,10.3559251698519,-0.0361596962619136,-0.0847290925367924,143.783783783784,44.4951069169279,31.0185941033706,247.925830090311,22.6863851997873,FAIL
3.50543183919365,11.3598635861002,9.71296642587664,6.51614247008111,-0.0537769813354204,-0.125080086711563,193.783783783784,50.6445619415487,54.2359534652173,196.916953013333,19.5999407792468,FAIL
9.31848777090418,2.88100948571197,2.5867959357782,8.52398023956941,0.206129031188098,0.171282808957383,119.72972972973,40.2313117629976,23.1586218530363,157.5489466518,24.1122521811372,FAIL
1.33792593126874,1.75955910954322,1.60708739711532,6.83927359352522,0.00279016419541009,-0.0209163194095363,118.648648648649,42.8492878878301,21.4673000860623,122.136873791399,21.8395216720783,FAIL
7.61759145320668,7.4780270793233,5.19595816932212,4.59269927655981,0.555140977424549,0.459270044028819,192.162162162162,48.4771529169592,62.0415602066311,119.938622310939,19.3547060972598,FAIL
5.48683828076939,4.52144166687362,6.18062411733496,2.89263044352283,0.480361814642562,0.419428031027124,210.540540540541,46.270170985288,74.4270599363411,72.5614981878138,18.274389374258,FAIL
8.30222566973984,11.4417226530767,1.76398159103229,5.74187664635296,0.13915276895568,0.0204142992654421,189.459459459459,48.783143213699,62.0307442749297,150.866338300688,19.7652566684091,FAIL
7.45935469810214,11.7320386650336,2.46601024240421,2.73866409851341,0.645610177709396,0.467430784738606,219.459459459459,40.7577757050918,126.232004648619,64.3830985618815,18.1599723933256,FAIL
4.73658901558459,1.56822176989226,3.93401050743064,4.53903042814174,0.176219363467329,0.148165341653494,147.297297297297,41.3200869870569,29.5264598802102,95.0014013763795,20.4180208639207,FAIL
9.08271725244314,4.43133443175256,3.90676410499916,6.77633863473599,0.321826315943411,0.263325817783711,148.918918918919,44.4387307362624,34.2273974965742,152.755846315995,21.6409143168307,FAIL
5.14196206650903,7.05259110377443,4.2424817732458,1.73129296995795,0.724406029421792,0.644166737622925,232.162162162162,32.4291308123071,151.867926306887,38.6264606964313,17.474176816422,FAIL
9.16429728557906,2.60481066683823,2.88402887930075,4.84400546911119,0.352862812729954,0.302927321069462,154.594594594595,43.1468399568401,35.8657264194092,103.342004805654,20.6568704001327,FAIL
7.2377716043881,6.51509376769857,3.09208724128383,3.10601456852751,0.540237382028328,0.440490162625707,208.378378378378,46.2478084296339,83.6668373815408,76.0460481689037,18.4784349771768,FAIL
3.89166452518963,4.32620193778641,6.44167470638923,9.45620442867211,0.0194924297945948,-0.0175443322210477,128.378378378378,42.4708077185313,25.2068213573625,202.706990574775,23.4118244201923,FAIL
2.26490819563799,7.29111254548291,9.72520015661031,1.68157723399074,-0.237979294296149,-0.267567366309561,249.459459459459,35.2908325142714,156.857371373462,40.7642630613001,17.0106878659265,FAIL
7.24323047499865,7.73434771425747,2.17954448717155,9.93356604104955,0.069151632853733,0.0144695305266797,142.702702702703,44.0131246781937,31.6875958515298,231.999731574374,22.8369146527916,FAIL
2.66086666181299,9.76715441325433,8.15886932469571,2.43977015255634,-0.151462086009655,-0.19801182086424,247.297297297297,45.3777749895114,126.359633091904,65.8643402272828,17.3467716129515,FAIL
7.88034212418234,6.42701330241406,2.010930470679,2.76391788489716,0.438988320800162,0.320259047967951,208.648648648649,44.0554891411798,93.1467509575022,64.3649153862567,18.3843665036661,FAIL
4.58724929761943,1.54220963224538,1.59494477713926,10.495326017793,0.0926956320333285,0.0772682417123517,56.2162162162162,28.2291731904811,14.8234747867375,56.9506217612759,27.9782578362341,FAIL
3.74762289193084,5.78693056430383,3.69846621914052,2.70359983847378,0.120892101263992,0.0729370155853838,228.108108108108,47.2632365062719,88.8114778177944,70.6015699522489,17.760161872547,FAIL
5.08235651853214,12.2872091202703,6.18559879384958,8.86767522716858,0.0693593410346052,-0.00272219274486329,169.72972972973,47.5632685869514,43.1451096892965,245.606131499204,21.2374141920897,FAIL
3.53711962120813,2.84119434061016,5.90851554016324,2.01386108256367,0.251285844294877,0.215885058338295,222.972972972973,40.4262259732702,83.184978505093,47.6840392544692,17.6084070531976,FAIL
1.29751544867106,4.50656231468694,6.60240682620608,7.61788680451058,-0.164665854367515,-0.20732725498914,145.135135135135,46.8426789201064,30.3160764746815,198.774287109246,21.0980254307595,FAIL
6.67100823443167,11.0275482174524,3.21554263465162,3.32307943239124,0.561684543361864,0.436281181372507,218.378378378378,46.5971778034797,101.313189250594,84.9618076165264,18.3234238277871,FAIL
5.15850997395206,9.59888167484171,2.49214441556349,7.7588680945,-0.00287387090335689,-0.0653156095806354,171.621621621622,48.3784785151736,42.9588440411887,209.188420484753,20.6325756643596,FAIL
5.96573540456901,4.1374755546179,3.62858155662919,8.90905730955948,0.110531265688712,0.0725899122978935,130.540540540541,42.6824990002519,26.0077093476845,189.611318142371,23.1315345276441,PASS
4.5454318202651,4.82560264288346,5.6531616297889,6.81385026104434,0.0884173798155883,0.0418533394339599,157.297297297297,46.7004348922414,34.8663582107354,170.57560507479,20.8506194816571,PASS
2.73559671054327,9.13245551606639,9.45861314942055,9.38585693388278,-0.165852057652298,-0.223279044891156,156.756756756757,46.5317665637348,35.5216641564915,245.558778506837,21.6979686065599,FAIL
8.69807945818955,3.48767446446034,2.95029463394615,2.33155039103432,0.731239785978875,0.634694588793649,198.648648648649,39.8725535642228,81.6030578051273,49.5145312819885,18.502853506033,FAIL
4.57348774709396,9.77892129839744,8.44093792369898,9.91586851650411,0.014633158033864,-0.0453467346955859,153.243243243243,45.4362354416214,35.2738269551905,257.448334918703,22.302210061709,FAIL
5.41039782807108,2.41321114277129,3.54945200577222,1.72982813595227,0.536906421724495,0.491995720082833,213.783783783784,34.006181399604,89.6258210165443,36.6789403779846,17.7561604003892,FAIL
1.47996524605411,5.43741900721277,1.11168352841362,2.53713055791101,-0.359880624715426,-0.390242708304454,227.027027027027,27.0724967286185,90.4485612617121,31.8098606202127,17.2650695174603,FAIL
5.88616274051895,9.34806959954285,6.66928767657137,3.39721289236035,0.653785025770801,0.556563370636765,218.378378378378,48.1377774498514,91.2493626685137,91.2654572085469,18.3254835701415,FAIL
5.59170861595243,11.8505796106514,8.50962279567713,5.71888447773597,0.364165699566372,0.273724835167388,198.648648648649,50.1918980039245,62.8498403388701,167.686537423372,19.4340621400634,FAIL
7.08199086062967,6.1615325294396,5.23541932644284,9.60769633800008,0.175549168112748,0.125299183233903,137.297297297297,42.9809187000334,29.4940766303826,216.195028660201,23.2322661016414,FAIL
7.16583333082165,6.99743965921003,1.31171882164442,4.59659592576126,0.067179477828359,-0.0124310922487456,192.432432432432,48.8641215212348,59.7158994174343,119.519684420064,19.1948898036149,FAIL
4.41112881787197,4.50930715991701,4.68201021982288,3.38809230666568,0.216283959781428,0.166607019947583,206.216216216216,48.1415192580896,63.6470441678058,88.7385392047511,18.3835466533178,FAIL
2.10428495424189,5.5086620280162,9.17665088049167,8.56944502468527,-0.134212724327407,-0.180063315950338,144.864864864865,45.2030413406273,30.2951755531566,197.467665837853,21.8111410854888,FAIL
4.62862853644448,4.18821905678444,1.28057118050014,9.36531087923017,0.00689385679266125,-0.0261695265055853,128.648648648649,43.4465394099284,24.7722174690412,205.934111552718,22.9095706346331,FAIL
6.76056477068139,11.7348173143589,7.94170981602581,7.75538189344171,0.350323410817257,0.262014700047104,174.594594594595,47.8853013698475,47.8094050158945,215.248585858317,20.8847314772721,FAIL
1.86983904666857,9.55338617113493,1.9062375543918,4.20725948059785,-0.405294241376776,-0.454078227494923,221.621621621622,50.4557906323105,73.7985957444597,98.6993875896665,17.9891081296027,FAIL
1.62693238620769,4.93827149785644,8.31326190784335,8.5039107440787,-0.152311968222164,-0.195630457024697,129.459459459459,43.9459767316712,28.9315240396013,185.25027939892,21.8512970563152,FAIL
7.57706237337077,8.50072932952668,9.11782460043232,2.67374209135887,1.36544846841564,1.21519762222022,215.135135135135,42.9027052646243,110.420561900266,64.9611932133673,18.2791045789841,FAIL
4.47424510118091,9.22311623899187,4.49481866696482,7.91206112027597,0.00703359020743721,-0.0537404517703398,169.459459459459,48.1863487965645,41.4228892194053,215.4122262936,20.7612995061734,FAIL
2.30259824379811,11.9847931151611,9.62818306524753,7.22968452201924,-0.296068397292946,-0.365327334765705,188.918918918919,50.4826311906121,50.4410279624603,210.74759605791,19.7809972763382,FAIL
4.01914656333775,4.57185216169336,6.95151674362906,9.88553086438385,0.0203798210638554,-0.0170916816097658,127.027027027027,42.0006232021062,24.9699582426506,209.829773878026,23.7583141527705,FAIL
4.1081084058459,6.0370936655302,5.89109320344115,7.68032250170882,0.0253929494757108,-0.0241542578393848,156.486486486486,46.7889002564899,34.8443134567848,196.400621704503,21.1478877917421,FAIL
3.62090898317071,5.13953626973622,3.43933923148566,8.48895094067904,-0.0205300804315851,-0.0617472046843221,143.513513513514,45.2613611158464,29.5680654171967,201.729805636053,21.8525492157827,FAIL
3.52141796577608,10.0533076705697,7.85142103557749,2.30384192410514,0.224212886129647,0.167656472429016,245.135135135135,42.716758043707,136.041643432776,60.4257109490339,17.4185618023085,FAIL
2.32397505869563,4.38305137813937,8.57789020755443,3.53505177020592,-0.0672041590400104,-0.112017756805756,207.297297297297,49.3122853346438,59.8493716665959,96.4495561406975,18.2056571505217,FAIL
1.35395186807049,9.54526482039966,2.98605941766668,9.3541988659964,-0.315914706811459,-0.369424635762177,157.567567567568,47.4723015775618,35.9113564031223,224.477365518047,21.0746809041061,FAIL
9.996872348845,6.09946764275958,3.20576358718209,2.11963602431989,1.18118913865486,0.967751943880153,201.891891891892,35.102819555374,118.464643765558,43.1118750127772,18.4280903062367,FAIL
4.8875923433564,4.95784012189888,3.83734073675702,6.85084775848537,0.0873181514659094,0.0408504257787718,157.567567567568,46.7925817861613,35.1179814302489,171.010866004626,20.8126499202553,PASS
6.7977852467351,1.78318308121102,7.18962782524552,5.17723588917816,0.291550124440011,0.258826238358803,139.72972972973,40.9473173414952,28.2836722029149,102.838499536789,21.4359993835891,FAIL
6.60169371728189,4.55496192115652,4.21239168681345,7.22967525992501,0.189469372673738,0.14163202283751,148.378378378378,45.0621105821616,32.4743995033143,169.058715124609,21.5728370009332,FAIL
5.48579319456299,7.59830484033018,7.59117434132641,4.65298929271883,0.352814019461754,0.279300730770629,198.648648648649,49.7576063106659,61.2729095528514,129.735130567144,19.0702582275593,FAIL
7.1382495730261,12.1139969512663,3.79784438259597,1.87995004842199,1.48115489162545,1.2565634071978,222.972972972973,19.9564866973204,184.813665692426,39.7322951367243,17.7641935390759,FAIL
4.82767237505856,5.09118639736487,5.31827625875766,9.14213389971736,0.0602685575874803,0.0183255939540563,136.216216216216,43.5857696894048,27.9213515924693,206.933764793255,22.8150385524403,FAIL
2.63077005097382,4.21601353847001,1.11297890550543,7.33412286068105,-0.0603313603433617,-0.0955753608365119,145.405405405405,46.5904557386643,30.200716679881,179.762959080281,20.7444076114371,FAIL
7.10394909305129,4.91808839088334,9.35569914539822,5.19068146565727,0.437879635208042,0.372284206585824,173.243243243243,47.1154175976697,45.3544173663765,130.8396195216,20.0892528860965,FAIL
3.36369433580954,7.86017660461983,2.64397525103422,8.94561212291188,-0.107893908195105,-0.156879985410789,155.405405405405,46.8192722743391,34.3394480837483,225.039046570115,21.4016185138411,FAIL
7.10348865712863,5.66555701843478,5.05163416371508,1.78087884205048,1.22129865372279,1.09688924450273,216.756756756757,32.9487707652286,133.733421705985,37.7365781870504,17.8475341289404,FAIL
5.06032844927814,10.7654589273605,3.81700330091663,9.67371923875438,0.00142668132632173,-0.0602492062419535,158.648648648649,46.2662365575536,37.5663328385508,251.217932074959,21.8687614442578,FAIL
4.44773895196435,5.96990188739243,7.03180356646379,4.09631700050508,0.215501398981286,0.157140447233765,202.702702702703,49.6705494798813,61.0973928941209,113.054536023284,18.7041274670292,FAIL
9.40745437583435,5.16931834264249,1.0719538912622,2.03751906502684,0.178717015968274,0.0115462841360645,203.243243243243,35.632434001373,113.045013986158,41.4799811000592,18.2955336611991,FAIL
2.18430709071744,8.63335926180412,2.68773992353131,10.1705255486563,-0.205859866026389,-0.254174660381668,148.648648648649,44.844620213434,32.0662510559074,196.671448549051,21.9621840878492,FAIL
1.75315768233778,4.02487564485146,2.01717841618209,10.2953021849162,-0.0724289624865463,-0.103508816662363,116.756756756757,42.5693598386729,22.3906150074623,217.431543182439,23.5358533549546,FAIL
3.50636605796846,11.0468569796255,7.98341625811756,2.23811166503868,0.233412528664163,0.176328174711149,247.297297297297,40.7728043536113,146.589355084123,58.2334256606543,17.3700797578813,FAIL
5.63324925171431,7.97988304361648,5.61669925598974,9.77774059237278,0.0892137837868998,0.0346086749235255,146.216216216216,44.5111049248167,32.5512470805493,238.387081934624,22.630176083587,FAIL
1.26556271899744,2.70004076590658,2.32284002359325,7.38463741145955,-0.0563589319997496,-0.0865028274544431,128.648648648649,44.8412137879642,24.467163554892,156.474927332364,21.5539789920615,FAIL
6.58706337806442,2.48096962706494,5.96456769974013,4.30111376701233,0.346020103361556,0.303064133848817,164.594594594595,44.0044869957244,38.7416532339152,97.1324087962995,19.9511937304386,FAIL
3.23017583267644,11.0285656956517,2.92160182011341,2.12287593294128,-0.186265743011653,-0.229247760999251,249.189189189189,38.6115978419037,153.895700132824,51.9613383713956,17.2526311674555,FAIL
6.96029866670419,9.86050581396196,4.08346858810586,4.32193961933145,0.51150814274858,0.404116315026418,204.594594594595,49.0353599173047,74.8597334655107,115.602472476596,18.9246093725083,FAIL
4.88151178054204,11.9061275374433,9.33266873107345,2.59834206427347,0.806015889887553,0.709634015840598,236.486486486486,42.9475162378927,132.450091108698,68.5807305541987,17.7336778440428,FAIL
4.02884147691642,6.20652504509984,7.3219363253498,2.08400385984118,0.412001908079594,0.358171165456937,236.216216216216,42.1920546331675,118.453982423041,51.7981582830266,17.5033038640051,FAIL
1.35802009211497,2.28490892760052,2.62008602097236,8.60800644463867,-0.0252714182993644,-0.0505230126828318,111.891891891892,41.3893388365922,20.1220092425405,152.411853486849,23.4072899434143,FAIL
1.71997196595008,5.4453514421135,3.58832509977572,4.05739825411059,-0.217145216819178,-0.261760965486061,204.864864864865,49.1853715794688,58.1321553128931,97.1445034350647,18.2127021880162,FAIL
3.38143965638269,11.6340814520993,7.30440487186948,4.10232605359587,-0.0135119169300975,-0.0814589165076487,226.486486486486,51.2838906978068,83.9972929633283,122.18051279851,18.1941178886006,FAIL
2.09162029662864,4.17618279857497,6.99777069458845,6.34546826973977,-0.0920352014390294,-0.134994337675426,158.918918918919,47.2028590069078,34.3577315415266,156.389465283449,20.2893900515195,FAIL
8.03216890620152,5.30443429438808,3.13124914254011,7.23185482400603,0.226762341223726,0.169103007325051,151.891891891892,45.3443456625576,34.9894520377648,170.288529417712,21.5182416692609,FAIL
4.78280870906089,11.1514400700202,5.55615440499102,6.36210504883846,0.11329184371379,0.0386565119095106,192.162162162162,50.1665997697899,55.136680345792,184.582061779133,19.6708949970611,FAIL
2.51281181514099,10.3409838941231,9.15414812532416,9.12388425153511,-0.219027260246281,-0.280481433637485,163.783783783784,47.4893261305977,38.4908607587351,244.351192770089,21.2610687970353,FAIL
8.24841396321489,2.77372243587982,4.61831640347676,8.22852375687364,0.231825161568188,0.197798561197815,121.081081081081,40.3394291541827,23.4625424104453,153.598548531819,23.9553858593358,FAIL
8.01353570581181,1.9077031626027,8.80071895502505,2.79477085265725,0.687835295748396,0.636019232299185,179.459459459459,39.0710404608549,51.2472787330926,58.6753459483617,19.168821040049,FAIL
4.21172174873175,10.4318258071285,2.49543068418029,8.77871088062816,-0.0962512755792596,-0.154648298290603,166.486486486486,47.8098831564311,39.9807199920881,233.332076876263,21.0510887150933,FAIL
6.71885848896626,2.92486771418487,6.07974172195324,6.85773765916532,0.226640931204336,0.188509509638833,136.756756756757,42.8128007266399,27.8150463737353,144.32271876641,22.1762064832835,FAIL
9.73701015003626,6.17038946666576,6.87809861589084,3.51073103738519,1.03876796419543,0.901089567903325,192.702702702703,45.6374016211263,73.3945007019697,83.2570939812046,19.1814641861863,FAIL
6.46032796075232,3.28283220440056,9.61229120107608,10.21766770314,0.156040613293891,0.124924533855512,112.162162162162,38.1798775538125,21.3517103710494,180.908218015382,25.8459427173241,FAIL
2.7407169209794,2.90619043875858,5.47288242939856,5.57323796847889,0.00940728175747491,-0.0267997545102495,155.945945945946,46.0595923106708,32.5694025955043,134.59684022413,20.2107701894788,FAIL
1.42387570174281,5.94732603963488,9.50124079563661,4.47899543198619,-0.285926680615111,-0.338546254347535,198.648648648649,44.812202265219,55.4199769087827,77.916093286282,18.4690410407961,FAIL
6.06202446867342,11.2599711647351,5.51776868503765,5.03355174214777,0.415842284453373,0.320321339458842,203.243243243243,50.0162599533771,69.0368449329719,142.297357458667,19.118148955456,FAIL
6.16286031105002,2.71705538026698,1.43402678238859,5.86900973873929,0.11600537198744,0.0809988091804518,147.027027027027,44.5058439299593,30.3699825685995,132.051744634422,20.8445454550209,PASS
6.56959910207796,10.8687192535284,6.38171629813398,6.24467210709525,0.389223952239849,0.297684303409919,187.567567567568,49.2320699562267,55.8320609950295,175.168501502759,19.9379453785684,FAIL
7.58428328217255,2.15835332714757,1.19923911398903,3.11017817646245,0.234558893851956,0.188831193532785,179.72972972973,41.8300388038084,48.7939952700612,68.2577039476472,19.0218578465812,FAIL
5.34283860660163,2.60567412989612,6.9082493537744,9.49625428629102,0.116055093646552,0.0890326762584315,110.540540540541,38.5250016970501,20.2849800390842,165.630775922306,25.3866802557641,FAIL
2.6967243809775,2.4168647041971,4.88777402005623,3.47227156138452,0.048062102757812,0.014038199624931,186.756756756757,45.707661723978,45.7223746088527,86.224362513215,18.5910858595026,FAIL
7.37479706273933,4.64683146589533,7.54366245488942,3.8078991780718,0.606741802306628,0.531516519790371,190,46.8816576382324,58.6972305128558,94.4232983198192,19.1655530413218,FAIL
9.15311041085194,2.9388999544698,7.20146913662066,2.23415701214722,1.1140817481864,1.01800331986895,194.594594594595,38.1695948694493,78.4621229857657,46.3377718528024,18.6395259960763,FAIL
9.91184419118438,7.33965106124451,1.52142008322347,8.30065275638721,0.0936625069230194,0.0188858440988249,150.540540540541,44.9654758950514,36.3023333871679,194.698521289753,22.0541505528653,FAIL
1.30375674839973,11.6866159104363,9.16844729888284,4.6873172786787,-0.600143861643963,-0.665960447817024,214.054054054054,42.630234723223,73.6027157986162,58.1665203337261,18.155983711574,FAIL
3.63674107044105,11.4899793093512,1.76559124175277,8.85353069727513,-0.188903889742989,-0.246434287919419,170.540540540541,48.333782134038,41.38371454418,233.876590717579,20.8278701652016,FAIL
4.72469529372399,4.0911518172049,1.71343185749278,2.39525264804793,0.149004987622124,0.102665046674904,220.27027027027,44.1204002015812,84.4436493956427,58.0025233277817,17.8263826228683,FAIL
1.86375767153402,5.6385411676653,1.32322031181932,3.49880757300661,-0.245147822547858,-0.283107724623546,217.297297297297,48.4490048517214,67.8537805447095,81.2937060917374,17.8194228578823,FAIL
8.69990950892683,12.2268332216054,4.83411250015817,10.3084036851321,0.305461559789112,0.22023929882954,152.972972972973,44.3214474793232,38.4001141078008,253.878421730343,22.8457831692558,FAIL
6.4670532492654,8.88081763370558,8.91347463333166,2.58207847719968,1.15042061947523,1.02748291909488,222.702702702703,43.0846952847084,116.124010962012,64.3302925623506,18.0468809555986,FAIL
3.22634927927595,10.8219806079456,3.98374819221157,8.08524733051056,-0.158367275531251,-0.219251970279728,175.675675675676,49.0325233775959,43.5851344092222,222.565814337839,20.4563818191237,FAIL
8.60024778151659,4.56946507822336,3.33474278855796,4.86852798795661,0.394197398125043,0.322435997332486,172.432432432432,46.4608906468205,46.5197654656568,116.369022301431,20.0113867973255,FAIL
8.54905086211738,1.50816355236942,5.60692962658014,8.337769484321,0.23577465020892,0.214494038803666,101.351351351351,35.5167994452662,17.946839720895,120.300123044154,26.4666801763736,FAIL
4.44967855276656,4.35625616254405,9.13069746487487,10.1088978541758,0.0498069974162523,0.0131883887474885,123.243243243243,40.9698756539672,24.1267384131811,206.688661700248,24.3424121711799,FAIL
8.3366104272901,6.03998248271364,5.66976085882465,9.48840534103243,0.252309015079493,0.19828651197495,136.216216216216,42.5183131676491,29.6886155382133,209.130722307307,23.4208603756799,FAIL
2.57207158797717,9.27623493432407,4.28677097235873,8.42101368972356,-0.195891994650688,-0.251683812183049,167.027027027027,48.2005462359072,39.0278945317099,217.998245283977,20.7577093619892,FAIL
6.70678088915669,10.5107209396478,8.16581936047373,5.53255873936937,0.526165411123909,0.427655943772769,193.513513513514,49.4511915464057,61.4250958554997,155.866922636214,19.587698977771,FAIL
5.6630053402605,2.13476351790973,1.6440873957258,5.39535056952429,0.134422676231668,0.10361180685846,145.135135135135,43.5571618057048,29.1976595859252,117.66222832205,20.7232478372452,PASS
2.15525262826737,8.8494008753991,1.74808235043227,7.75962185501789,-0.242092531931136,-0.29291745016777,172.702702702703,48.3057817399622,40.7382660613918,168.055437601976,20.1300336397242,FAIL
3.1383839033503,8.29958182188203,6.42984770459889,4.91960934289141,-0.0626948791124433,-0.12193686214958,204.864864864865,51.2419231379061,60.0787188555027,143.864875972411,18.7637018918455,FAIL
9.48260238765037,1.441235957189,7.55010580319129,6.3701135019119,0.341273356003917,0.313785470821963,116.216216216216,37.6138686338889,21.8724960653697,103.156643921303,24.0119881677461,FAIL
2.9693488059451,3.5109364945671,5.38439193811797,7.83845510976622,-0.00723960501161808,-0.0428538201907305,135.675675675676,44.2516412788491,26.5872140107573,175.880068342501,22.0523975824267,FAIL
1.66498966588869,12.1455300623819,4.92714562328565,7.20919631199256,-0.417640825866687,-0.482623136064702,189.459459459459,48.9886050338725,50.6238514952457,141.976662607617,19.5496853304426,FAIL
4.13089272261487,1.48986929811624,8.84242095434243,1.60812502835817,0.44946663624725,0.419262296911891,210.27027027027,28.3432099389797,75.6347652537633,33.6257747361462,17.701356650252,FAIL
2.73583381111932,7.54936915668575,3.736859163865,3.92869049664678,-0.142590345373069,-0.193215575582434,218.378378378378,51.049123415571,70.5503703301604,110.576664279302,18.1407709465606,FAIL
4.0147170772672,10.6271794412627,4.24246816085197,1.80292263948587,0.342584045937484,0.281787465694946,244.594594594595,29.4294572090324,177.943769960677,41.8694409447667,17.2652916738332,FAIL
2.28296748504985,4.7218550429124,4.32530774644795,3.36202056623173,-0.105668938142201,-0.147441647777556,213.783783783784,49.3121215417237,64.9186157085957,90.1346917952583,17.9845160724205,FAIL
9.43104870567911,11.9904076055591,8.90758512264298,7.47556605708077,0.705834607664789,0.582860046810416,171.891891891892,46.9112832457241,50.456610580466,198.233393927266,21.15254077725,FAIL
1.18321767560076,4.46257947622773,1.37078375012646,10.4994612401438,-0.0997049646266198,-0.131778985397418,121.081081081081,43.4345262215205,22.9460751497845,233.54892099822,23.1865996182026,FAIL
7.63167888266004,5.95612781288657,4.72598857678814,9.15691365093925,0.205236083245016,0.152977176337361,139.189189189189,43.2773127903737,30.2535436790899,206.527437074043,22.9698895594914,FAIL
2.89433104107722,3.73428909153067,8.95710514528115,3.08944710253095,0.0622056379924211,0.0197947288387743,210.27027027027,47.7150033396746,63.0382385348605,81.8759590322883,18.1064747685924,FAIL
3.50861704229565,5.48780835599839,2.46756796210766,2.97331054876876,0.00775727241573831,-0.0363516740884183,223.243243243243,48.3607198871284,78.8614985221848,78.5915251518096,17.8600977395143,FAIL
5.95500593455263,1.403832305501,2.50135535292371,6.53778859773268,0.159537678332053,0.1373668804333,116.486486486486,39.9180229962683,20.642756535684,115.335483116056,23.1288515863028,FAIL
7.34808243622157,6.60264455822142,1.80635763605237,4.75239272509078,0.175016188677001,0.0965898755963909,188.108108108108,48.5527138212506,56.375457188619,122.28525997559,19.380235683636,FAIL
6.641858151351,11.0157365136177,6.09176890628296,6.13053127948913,0.402478738194861,0.308702570415192,188.918918918919,49.2999801830121,57.1509164588579,171.768604435168,19.8655803944666,FAIL
4.60718902502377,8.44718459801002,8.00422332653453,2.93756539652558,0.457706363944067,0.384705616389242,228.648648648649,47.6540817814854,99.2369169394953,79.5744219800383,17.9341915093608,FAIL
5.79686318159016,4.35745763715207,7.90828512973538,9.37749701459182,0.130721459142757,0.0912148913770661,128.108108108108,41.7495877194756,25.6967019613879,196.624725568608,23.7556897341913,PASS
6.03927970542606,4.5547968205253,4.43645848631789,5.62977926350464,0.22401711587912,0.171854052643242,167.567567567568,47.1651740307818,40.3495909956438,140.723469946513,20.1959447074825,FAIL
2.44608641387337,8.19357403971498,4.74672352001904,8.76368315700735,-0.178539921122459,-0.230991332858048,158.918918918919,47.194201956548,35.595858805969,217.72301937801,21.1724481375127,FAIL
6.4134936793021,8.53141353024045,9.26486677326331,7.93629598359096,0.262809268514774,0.19289634802081,162.702702702703,46.7540882416454,40.2849098178944,209.942129620587,21.3585460318034,FAIL
7.54726749081351,4.22461234297385,2.35571418693822,1.5278161435958,0.834776519183443,0.715959142653114,209.459459459459,27.2180701473385,134.533921435221,29.7505231397559,17.8275269829696,FAIL
6.26106147107482,7.43156244837813,4.35179174340217,10.1067978524866,0.103398065071741,0.0515741677937201,140.810810810811,43.5984302859545,30.6870070057934,235.871566050256,23.0742857300644,PASS
6.60117142317909,9.0811822779055,5.20217321928614,10.4682066751084,0.136556487493422,0.0773795647736254,144.594594594595,43.782516168791,32.7730989486644,251.183525185856,23.1051810670224,PASS
5.2455447750246,12.277455378729,9.47130351664514,2.7317907053543,0.920926169320657,0.812752723980175,233.513513513514,43.6184694845929,128.325497522677,72.3908813470313,17.8436858732772,FAIL
3.89901482661511,9.90030980693191,1.04973904578404,9.94240886131078,-0.168707689072259,-0.218154603781362,155.675675675676,46.570148067244,34.907669896139,247.929661014633,21.6894404006055,FAIL
5.14572658725455,6.54343332195272,4.72263533179925,1.62543277577072,0.809552821666417,0.730931674899191,231.081081081081,30.1971268595468,155.673051625728,35.5814563664877,17.4434102903006,FAIL
2.87884986810889,7.82061157528612,6.00860989222038,5.01759273375959,-0.102475623688972,-0.159236965696643,201.891891891892,51.1650673973898,57.2516317134647,145.26700210277,18.8103991367113,FAIL
8.92432252255759,7.69862181980525,9.3842104374296,6.85654637368015,0.553269916619574,0.463621867506318,165.135135135135,46.4913490044183,44.0568399970496,174.160589026057,21.1298644451164,FAIL
5.85593056656596,4.91555571128881,9.94636324924963,9.43145473720573,0.140183784313508,0.096921545803588,131.351351351351,42.1431995891028,27.0500236868942,204.505574036465,23.6043595096257,PASS
5.4758906463874,6.91431797134122,6.44927562858757,8.47351365582345,0.118200918027475,0.0635975909360599,152.162162162162,45.7015679304109,34.3432442935095,212.214166125152,21.8339610877255,PASS
9.02009795561759,9.78762715479434,7.21603290924681,9.84423045013712,0.379257750381645,0.300336991987834,148.378378378378,43.8301463292477,36.1002754577836,237.457371669089,23.0027273610681,FAIL
3.05747438817976,6.28200779135938,6.34693129413367,8.21856632533821,-0.0720234106362078,-0.120469399331613,153.513513513514,46.5803110557113,33.371684775218,208.104401363335,21.3462748641188,FAIL
7.46834910720187,8.61564146992879,6.29022957803661,9.92063104423095,0.229181228220007,0.165617873261624,145.675675675676,43.8777093928775,33.5858347546129,237.995537797353,22.9707643314772,FAIL
6.74899862309668,3.86041945876114,2.52406010396995,5.01844903082396,0.218245935140278,0.1674310355695,169.189189189189,46.6559875693844,41.3982824611399,121.501882224632,19.9315631578182,FAIL
5.13110277246709,10.699872942489,5.7995495139213,2.14151189509551,0.851267956717354,0.751818448500234,236.216216216216,36.5375050987707,151.704336761419,51.7195081964273,17.5845203943527,FAIL
4.18256287871961,11.6075812328464,4.72823175046792,4.82058445495112,0.0683955948934094,-0.00467607345971921,214.054054054054,51.1890111644044,72.3202086564416,141.047303836059,18.6659103336442,FAIL
8.65806470426602,10.173625986557,4.15212029407301,8.4875911499414,0.318848542828692,0.23168385571296,160.540540540541,45.9816498369001,41.5144049913225,213.958935414088,21.7551932019774,FAIL
1.43623151393639,7.8929775911438,2.42413906954937,9.93860016026309,-0.23779557661077,-0.284516057759291,145.405405405405,46.5464313646775,31.2343093876495,265.237378818153,21.7643427976825,FAIL
2.87656746805583,5.88829968838392,6.04610978177599,5.21389516757772,-0.058604338424673,-0.109418953973943,188.378378378378,50.1001124528867,48.2433629807238,145.241340531471,19.154993401768,FAIL
3.42111865972328,9.82008225639746,2.85811435159498,7.03170857992147,-0.135732501539273,-0.194208389752471,183.243243243243,49.96927181646,47.0436990287001,195.908847025684,19.864685855446,FAIL
9.46824152085791,5.91565959951769,1.2401915724511,6.03727368351615,0.0889027149741233,0.010121277330438,165.405405405405,46.7308656827098,43.293759798911,146.133296464514,20.5873919369565,FAIL
1.20490928844569,4.25183158945888,2.50608038557284,8.96969065295927,-0.121615179937717,-0.157311249570365,130.810810810811,45.1651056560478,25.5974724661987,212.091725375038,22.1026944254547,FAIL
4.83321705750845,3.57896627533039,8.27707543888529,7.16260730777208,0.123272134372615,0.0832481728888221,141.891891891892,44.1416113954423,29.231555680216,162.430615132461,21.8353776964301,PASS
3.11309715089307,1.58600077162279,4.05630309839155,4.8256433392133,0.0819360164343861,0.0551166891053311,143.243243243243,42.7094960064642,27.9446299669641,104.93553566323,20.4397672792522,PASS
8.26265561051695,7.2230808721907,2.65667507335223,7.28481029246428,0.211724631481212,0.13956938566265,161.081081081081,46.522765959404,40.2005820214694,180.352499260158,21.1665887262452,FAIL
2.51518838506628,3.71191716263902,4.60258271282586,1.51067240246988,-0.00331150256540602,-0.0289670028711296,238.918918918919,34.1350845423047,124.808956387868,34.1054205570374,17.0728487450661,FAIL
6.28732491565288,3.17993950343196,5.61909110017995,6.29839988468555,0.221043496032406,0.17992463948268,146.216216216216,44.1142919016958,30.9950579784726,140.834626927233,21.3647927008463,FAIL
7.9481355077622,5.72779014841987,1.98038603644676,7.79406554665452,0.128764720774494,0.0728740693360481,149.459459459459,45.2653832911437,33.9028614934006,183.76987764664,21.7313093571391,PASS
5.29150138124437,11.7538302136691,2.374696702395,1.66839193925878,0.469134598250013,0.35109379465327,234.324324324324,15.9319452208515,202.971125846115,35.3873216500791,17.3923172327452,FAIL
8.21458521026866,2.5473970182794,5.47579774885137,1.82786497739437,1.0544653152827,0.971657534290398,199.72972972973,33.440528497111,88.38090507831,36.464068757305,18.2633587732796,FAIL
5.47356417471783,10.7975921739504,1.76559328753747,4.717772875353,0.00385688352485114,-0.0760708520854468,208.648648648649,50.381511786048,71.5037953069712,130.702724176848,18.7878680007831,FAIL
4.82127974618119,1.48011504341197,6.72159019005671,4.51314883852517,0.201043712249543,0.17267037390135,145.135135135135,40.5470084773898,29.0179041737285,91.9788674611652,20.6570403739593,FAIL
3.53901787464965,4.69929822721821,2.95981903796782,5.34015538803195,0.00501327799203022,-0.0389929837603141,177.567567567568,48.9088226346902,42.4102355730694,141.224602119216,19.4575576192594,FAIL
1.9194635905477,7.25141363749578,5.94340024039659,6.14594139734679,-0.227593934774042,-0.281906933840745,183.243243243243,49.8988686275965,45.7297446497126,158.045819326348,19.4188665603045,FAIL
5.83426508211981,7.73717372708787,5.99203638327802,10.1720690386441,0.100314300634113,0.0473730293165758,141.891891891892,43.6926923181697,31.108973007099,241.382993528875,23.0717093515416,PASS
7.86176935114172,8.57974252933931,4.259959656386,3.84631730943792,0.684929061124435,0.562822035802674,202.972972972973,47.7545899271023,78.374843777689,98.1712425913115,18.8817182921301,FAIL
9.63958599989343,9.54433999133045,2.42497092543648,3.62902944750474,0.585411303808826,0.399672245501936,200,45.6937576777978,87.8284719769282,86.3835805184309,18.9748307653993,FAIL
5.69688800710166,3.15492700255143,8.69655173776654,7.97001772663564,0.158148313105777,0.12231735158163,128.918918918919,41.9629385601304,25.3889344866844,163.29924382575,23.1361122901615,PASS
6.39372616419705,5.54878042198438,5.74874209747692,4.08857729982245,0.440179369053087,0.36967346858459,194.324324324324,48.2811463041847,59.5483291927982,106.196256921726,19.0440021638684,FAIL
8.82613351686601,7.04135349955508,2.09427530570701,2.72931104652242,0.548262248864166,0.392277767500376,205.945945945946,42.6989558965965,99.0173363582529,61.7284180981013,18.490326103875,FAIL
7.96161931997992,11.9868763121391,6.94544468391552,5.26014818850371,0.76982950187703,0.637733212859634,195.675675675676,48.8800692254799,68.9074328768269,143.936028375023,19.5386363486761,FAIL
3.15386282822911,10.7347979263988,3.5668208742618,7.53368406576176,-0.169942467434904,-0.230673080847411,181.351351351351,49.7118228696892,46.1580014953184,209.47160851966,20.0810816205386,FAIL
8.59152486776964,7.82520787008824,1.60323663923043,6.05074276371658,0.123133316999939,0.0343745686936019,175.405405405405,47.8856405466948,49.2677556316924,153.759946368709,20.245067470829,FAIL
5.60428597288107,3.0276056314667,7.71875558028245,9.82808408106729,0.121034722146531,0.0915231927485642,112.972972972973,38.801335500869,21.1180473021284,176.35422568477,25.3640215139112,FAIL
2.3716488686967,5.32760150339331,3.57203758780824,6.49117028860663,-0.109771977125117,-0.15474283173997,167.297297297297,48.4933859100379,37.6505337397871,165.522757447959,19.986130585147,FAIL
4.6657337108175,11.5028251936174,4.70127423791538,4.49632964649143,0.184820210647252,0.106070792457819,215.945945945946,50.7476772364451,77.0097808824471,129.500697622031,18.581283825804,FAIL
7.40938705847287,5.0420163574934,5.87414329950189,3.54119465432499,0.629824160694543,0.547828846142617,195.945945945946,46.8257713826291,65.328967788013,87.5580175975139,18.9225262437696,FAIL
7.20414296213852,2.52867749861859,4.26013991330827,1.80118648597207,0.835040526852439,0.767395249228812,204.594594594595,33.8125740277693,88.9028737215854,36.7320961265073,18.0770553858475,FAIL
9.4778699767326,6.24379909973544,2.63319663225568,9.30348126987379,0.193331420830277,0.134665222804129,138.108108108108,42.9287415357178,30.6110489484554,204.375328160586,23.1563791660457,FAIL
6.23481408623651,1.97720679110813,8.98390450951029,2.03870522779588,0.703574723505404,0.656075447764616,200.540540540541,35.8839214535586,69.7698564181886,43.3877121619406,18.2416707265064,FAIL
9.17778004129595,7.22895085949328,4.76469636424103,5.06424644919116,0.601060353002096,0.493469993312097,181.351351351351,47.5385075651537,56.1119859906382,127.152918302039,19.913052843626,FAIL
9.27959528028076,10.1504898592055,8.17733511350451,3.78851129699976,1.30436723438065,1.1206739007008,200.810810810811,46.3772999433716,86.9302175434519,95.424375344441,19.0486358049243,FAIL
7.42581466193231,5.55560926581134,6.62180077250857,4.51488019579785,0.52489538825361,0.447206625267256,185.135135135135,47.7649162546723,54.6080173928716,115.06202088637,19.5049912681978,FAIL
5.65048915597624,10.7891116242467,5.84660575484593,9.74847063844648,0.0956635973913378,0.0299191123280108,157.027027027027,45.7703628255156,37.534796670038,253.677810863218,22.1221635530057,FAIL
8.86510272435124,6.42516399793721,4.82593053391541,5.44830065473466,0.504263401004603,0.414607571454083,174.864864864865,47.2434923395193,49.5353724613674,135.883881715145,20.2088198846685,FAIL
3.32743441966452,1.54401797938844,9.35618252688637,8.17623301055534,0.0689156884735294,0.0479122881906855,97.2972972972973,37.2077023738975,18.1729375480712,127.46744831676,25.490397533371,FAIL
5.52881012598335,1.68125019999071,7.8240891587986,4.27306615069068,0.267691346568561,0.235276594638287,152.972972972973,41.1371601406237,32.4094182595474,89.8134362605933,20.3358124800785,FAIL
1.5657609783195,3.15625720213164,9.27082039954452,5.00704940343608,-0.105462170000206,-0.145975565029684,129.459459459459,43.0202289172992,37.1134980884259,124.320270568339,19.5041631432064,FAIL
2.71911213394606,9.60418822840555,5.07670064340455,9.74548193666165,-0.182085718787538,-0.236989424053382,155.945945945946,46.4269355309661,35.1091486128891,243.851607403969,21.7299510930161,FAIL
2.81161386727415,10.8736255817493,7.97998876099818,2.14634180878057,-0.107315004584201,-0.150639721735394,251.351351351351,40.2661171209772,151.009344481375,55.6904969158461,17.2227784413257,FAIL
3.05580497149589,1.7042117202116,9.86872715817338,7.6837411565209,0.0544456662336998,0.0306771186919058,106.756756756757,39.1648806068208,19.8394108371191,133.790234797754,24.3081339455779,FAIL
2.39033948848418,9.02377529540201,7.10367043733314,10.2528751730756,-0.198504486622822,-0.252016963501358,149.189189189189,45.3241703211181,32.7363836741346,244.780442764016,22.2554636180837,FAIL
8.22990581582606,2.20521842120094,9.81177108444469,6.69210717291523,0.318270423985164,0.283246936930224,127.297297297297,40.3646079436198,25.2648648571728,125.680209660208,23.1089544416229,FAIL
5.26846858231003,3.67502971206403,8.5837372199171,6.9461027125106,0.15872452927085,0.116718706685573,144.864864864865,44.36181399334,30.4243029335417,159.288357024077,21.6638178112642,PASS
3.98483073191793,9.1271786332259,6.6459964983478,3.67546173002525,0.169321582050596,0.103261710720802,223.513513513514,50.2945114906048,82.9832137455833,105.086514035863,18.1693727158582,FAIL
6.38267468606454,11.3069871241195,7.58288405025772,7.20532641579758,0.327260528219292,0.240964743350796,179.459459459459,48.5534301015615,50.0371646067779,202.475186507178,20.4935870407823,FAIL
2.84129675488627,2.4580874558708,6.17332127934625,4.33091365167204,0.0485622353325587,0.0134316245197848,169.72972972973,45.8660179130897,37.7282655532257,105.660172313082,19.3627738904442,FAIL
8.96489053297359,6.69507994742746,4.04441782703345,5.04458534056864,0.514128998977414,0.415809839212458,180.27027027027,47.491299674873,54.1975043207267,125.860354172341,19.9033385823133,FAIL
6.88381679664643,4.27588005506394,9.66381591451422,8.61599700571145,0.216868073961924,0.173175697079155,132.432432432432,42.2023692098573,27.4426176656706,183.85992296675,23.3082039024345,FAIL
1.89970124656705,7.52483887244347,4.7403110526771,3.89323103201863,-0.291711416335926,-0.341871774129949,218.918918918919,50.913929142818,70.8004385723049,104.105779121458,17.9997808577902,FAIL
5.14777753203212,3.61539621941953,7.27718752820938,1.71163260413104,0.739722593544605,0.683545835698839,223.243243243243,35.9447464797536,110.447994328541,37.8883764655721,17.6219126079505,FAIL
2.56754633452967,8.39989851601141,6.87357702558671,8.13506721889756,-0.169575995572398,-0.225780870493959,165.675675675676,48.1179210407675,38.4642906700078,216.4639714092,20.7795377533967,FAIL
7.04221757018627,1.87108265519211,9.94563937998959,4.19076493011851,0.399372558381255,0.360571934176965,155.675675675676,41.3256812718679,34.9180595610113,87.9409076577667,20.4016834971126,FAIL
8.2600441815095,3.40546465497081,5.24838715703899,6.10639375097851,0.33741537107092,0.287834729108782,148.378378378378,43.9528100823637,33.1070094750184,134.860898919215,21.3946562486277,FAIL
9.35589641983163,7.48901359454374,5.67896927514611,4.98533003993694,0.696648475381013,0.581331287802063,182.432432432432,47.5038299812486,57.9783768236794,125.523552427722,19.8869183186857,FAIL
2.72922314630518,6.19294072553341,3.23469789766465,5.54388777826192,-0.108193901490499,-0.156581599911729,185.945945945946,50.1509780432778,46.6081946031656,151.226373895717,19.2189064584371,FAIL
9.33217799997156,5.28287691133337,9.95106255605153,8.50974013791259,0.385615150412431,0.326854400760919,138.108108108108,42.4853245878095,30.7967701646292,186.228358635783,23.1763276718843,FAIL
8.9257205719371,7.99104205198325,1.90917747599369,9.83896232615706,0.0988954584694749,0.0355200978341552,142.702702702703,43.6857067958783,32.6155446687885,225.879627754086,22.9729424278522,FAIL
3.5681063672722,4.7412079432099,4.94915431909159,9.5294562770158,-0.0116028155869634,-0.0496974659428144,131.351351351351,43.1788064030881,26.0013277495953,209.951686372292,23.0839681033329,FAIL
6.20639112783154,4.74548066237533,1.23933893241869,9.24839426640773,0.0275164890259301,-0.0105812667533339,132.972972972973,43.5806717511918,26.6497001572103,205.53227379011,22.819666425193,FAIL
9.39895555832317,7.75839686712933,4.0955680242978,3.67337564798056,0.83415229554811,0.683812752591426,196.756756756757,46.2996367074565,78.4352331105914,88.6811217179038,19.0745038838006,FAIL
2.47161915736983,8.56254561298118,2.92554156905906,4.89492595742478,-0.226248488989295,-0.279249894435708,207.837837837838,51.4862050454575,60.9670181575286,136.10989115015,18.5417806461661,FAIL
7.39284459477122,7.68573501293529,6.49987056340232,4.83632219630751,0.560655787196553,0.467672173900777,190.540540540541,48.6669829416997,59.9081559551537,128.429598682669,19.4710388063708,FAIL
1.81205537540519,11.696012766108,8.53887074655858,9.8060323218967,-0.342099942263937,-0.405416827522854,162.432432432432,46.5245194175884,38.2363960016843,209.186490752654,21.4276667172315,FAIL
4.1016243837004,5.20544695967644,3.70526521732222,7.7489087339111,0.016044357372692,-0.0278699400597763,150.810810810811,46.1828202761941,32.197269696896,190.453601372998,21.3173556534466,FAIL
7.824027593934,2.63775913019091,8.08817734039634,3.94309680700592,0.51795875052824,0.464966146107287,169.72972972973,43.6603810469218,43.4399224948122,88.4150969524253,19.8285063928989,FAIL
5.66594164993017,4.54640101792208,2.22422739059543,7.10230126323664,0.083724114337964,0.0400931907582115,151.351351351351,45.9513311946065,32.6991600390049,170.598960861802,21.1483168113852,PASS
5.21689070223864,7.25742702894313,5.00005589371778,8.77229540454769,0.0728531175599105,0.0194316527480699,151.621621621622,45.7217766278462,34.0232087392728,219.455034831631,21.8809680253426,FAIL
6.94101563023527,12.3591190019274,4.82961456675119,4.30664494214806,0.658611496373404,0.531800676469686,209.72972972973,48.8536596827591,83.886382536696,116.744092711211,18.8254657477791,FAIL
2.64049551394901,9.02035918869312,3.68574902428946,5.49798619345534,-0.197064109966155,-0.253623219821648,200.540540540541,51.3286626963109,56.2536046206825,155.691936332792,18.9041147691698,FAIL
4.57692338072051,11.1857563325726,4.26523107494195,3.16617998597128,0.28099077873423,0.202608423311511,231.891891891892,47.8667657728867,105.922483060523,85.7155326759661,17.9248002307415,FAIL
9.28968644807724,1.47707805210946,5.54522032957071,9.23578980631809,0.237763248941157,0.218658185225965,94.3243243243243,33.4255800712839,16.5470820330285,120.819022243314,28.1877005891921,FAIL
3.37403258867044,6.7711653647768,5.94990632270638,2.6830584959377,0.101029471957089,0.0512534375026654,233.783783783784,47.5957630914442,96.537207510338,71.9707758265239,17.6627572555237,FAIL
3.35804992433103,5.11667240478611,6.52533672302743,8.84865086499303,-0.0261333277618739,-0.068373243062805,139.72972972973,44.4617736370305,28.6136196586253,206.781643388211,22.3349138485974,FAIL
4.89815424033492,1.59950670451943,2.67053331349839,7.59613253352321,0.115037578107658,0.093501403848408,110,39.6384535576632,19.3092076309353,133.314637011667,23.9772891838012,FAIL
7.22085192273418,3.03921088196601,5.88824917885731,2.3009445150918,0.784943175199671,0.715540249005417,202.432432432432,40.3341576280897,76.8728714074859,50.7051018819307,18.351426887587,FAIL
5.46042125754194,5.59042409700627,7.29109287020766,8.12655420889132,0.132940607888532,0.0833109467631583,147.567567567568,45.0867694297843,32.2775460517882,196.511959117074,21.9402368209049,PASS
4.22552684838023,12.1453877389639,2.80210204175823,3.51447932276666,0.0161700038453112,-0.0555244287524568,231.621621621622,49.2329643929277,99.6007961882533,96.5333247701218,17.9849152292243,FAIL
8.17790643565241,5.39929849900695,2.49693987551465,5.82377679615592,0.249565742933223,0.181862690275684,167.297297297297,46.8896086663556,42.7021256396752,142.43750640047,20.4194136718692,FAIL
5.27013923869379,3.12574121252643,3.86872186195032,1.92759190044273,0.507406070286422,0.457679612852878,217.837837837838,38.418954166802,91.5908875631215,43.0440195425265,17.7768118482721,FAIL
3.36430171651979,8.6247901568545,4.7476740392675,3.91661430959212,-0.0246168060268837,-0.0822925973118873,220.810810810811,50.952635079607,75.7538509994923,112.173092158277,18.1951097719395,FAIL
5.58542898617005,4.39106974519179,8.05167001642948,2.86280393274381,0.541402519862208,0.479120926616967,209.72972972973,46.0252281514586,74.1728597264809,71.6607010769633,18.3052260413483,FAIL
4.93936037598283,8.19201836014657,7.82710967031546,5.58826251770122,0.206615689411051,0.137824483460874,190.27027027027,49.868770317043,53.5780376724337,158.995003275532,19.5078075638217,FAIL
5.43638090528706,6.22411456724088,5.32761278826526,5.32906000535358,0.222917003622242,0.161746051814597,183.513513513514,48.976049747498,49.0892457487424,143.428676171826,19.6005625150328,FAIL
3.46894153369367,5.39543913541025,6.180859888377,7.67358384644466,-0.0154343376168357,-0.0615528560123716,152.972972972973,46.4805092758296,33.0232721695566,192.542321088569,21.2169068567896,FAIL
8.75812667167687,5.08923705273848,1.76636194062962,8.5410826541893,0.124627694042041,0.0740211075643721,138.378378378378,43.4739032868581,29.7655129295302,188.334422839223,22.6397738656201,PASS
5.84228167968382,7.6715407521818,6.70121408891439,3.6753692790108,0.525655795531763,0.442616609105704,210.810810810811,48.8847356200346,76.8661083110675,99.1327340833269,18.5464727822739,FAIL
6.19293250977537,9.76791472037563,5.75753450387368,1.88361591980097,1.34654219213419,1.20445767722507,228.108108108108,29.0885970993355,165.139551185994,42.0934617540077,17.6586386341355,FAIL
3.36955783672154,5.01530197787364,6.45166660507441,2.51161675267267,0.147516372883581,0.102736736040976,229.189189189189,46.4522998832048,88.7848481064723,65.4954398948341,17.6750048188329,FAIL
4.07702738293066,8.45842678628279,2.40421217180209,3.60048705513756,-0.00353727636559897,-0.0621558048425683,222.432432432432,50.0160508758783,81.4247349200181,98.9651123938573,18.1141430851204,FAIL
8.85104173679184,5.52169417582864,3.08711173971923,8.93250651527971,0.206381923341618,0.152908069538131,137.297297297297,42.9770148941937,29.8847956225375,195.578209667825,23.0063164073823,FAIL
8.75916921013097,1.98293163781593,5.44940106686128,7.88945612328742,0.259915724433729,0.231810153329948,112.972972972973,38.3242164144431,21.0328084120636,131.683173966231,24.7544393202939,FAIL
6.11902733656045,10.7312401358408,2.07098114423859,8.70035419377459,0.00283655806743,-0.0644468402757664,165.405405405405,47.2545794676063,41.1268761254807,228.086903117255,21.2690245865925,FAIL
4.38385977965331,12.2818868570705,8.88177280846018,9.24594570774836,0.000219301278410189,-0.0696937490795874,167.297297297297,47.2712043685129,41.5713858087416,258.813965474006,21.4436526649151,FAIL
9.84142202139577,2.3970657708248,4.85011268165075,6.18387577459608,0.368321888554309,0.326235919813092,134.324324324324,41.1281431000047,28.0330506378357,120.295812985005,22.3488129123551,FAIL
6.27334680768612,4.49044093986083,3.4100036774013,8.38478041541841,0.125701899969434,0.0837092783506176,137.567567567568,43.712439656731,28.3902245674546,186.698242965115,22.4959443038981,PASS
8.4197404454661,10.6878531576267,2.02059306684633,7.96389285555745,0.122977222325132,0.0332823505780573,167.297297297297,47.0281505864967,44.7493456348827,203.738843933431,21.1838986909965,FAIL
8.1117758266075,6.35470068993479,2.00256759362152,8.61601667755876,0.115375538044076,0.0588621213294471,145.675675675676,44.5970335040171,32.6872058561093,200.686511715136,22.2508052349143,PASS
9.62870583340207,9.9383999076139,1.90372478705571,2.1072645891678,0.71493682688497,0.405051063774352,207.567567567568,27.930199819226,151.38575198528,42.5858015610022,18.2542439152716,FAIL
3.27439305382816,1.42137775891404,6.43932325480801,7.33906585052645,0.0745960484084009,0.0534623051817239,96.2162162162162,38.52175919476,18.9510843244626,115.703561650277,24.2612043327086,FAIL
5.97397954415493,4.02946132438388,2.74389895037171,8.72323221110613,0.0965177563751827,0.0593404590040236,131.351351351351,43.0133750503391,26.087646969006,186.973584920989,22.9113071125355,PASS
2.53722794119283,10.9660199872116,6.10928948043691,3.43298165744442,-0.258409905173236,-0.313931509933093,236.756756756757,50.487184547041,96.2245433107131,98.1937781149024,17.7393549642888,FAIL
8.54110106187957,11.5598034955108,3.59145128879978,5.96975360500734,0.46851846529109,0.344626741046117,186.486486486486,48.4671817371435,60.3167269870462,157.819614494232,19.9944779575156,FAIL
4.85896581929439,7.18567591848755,9.80238761774068,9.56892511023441,0.0629115091141942,0.0105042808269699,144.324324324324,44.3143580034434,31.6005446732203,233.791719311924,22.684018651741,FAIL
9.63847503840102,3.89615074213988,2.11415427088873,7.52607702253116,0.20511230041276,0.155573989941181,137.297297297297,42.9575353652799,29.4229731606454,159.186654957409,22.4360733460609,FAIL
8.48695087356949,3.69329832362618,7.05640098437202,9.06662498393121,0.258788448244927,0.218865605993836,123.243243243243,40.3575592584015,24.7586948998121,175.539951600744,24.3222969625677,FAIL
9.64196682563204,9.93752305172317,2.11111339198687,6.72486067644586,0.227421312356937,0.114645172781592,173.243243243243,47.3577622528213,50.4877587416318,169.5371594157,20.6791551244966,FAIL
4.01515836257419,10.9207264426606,8.5689370439243,4.29003975799778,0.161657763946141,0.0878199835774724,219.459459459459,51.0606967998516,78.3309499267027,127.626677418509,18.433596052379,FAIL
8.37973016352174,7.55550893658892,7.21123315783272,7.0564918426825,0.442799253788931,0.361685587224822,163.783783783784,46.5466432964595,42.4344455837308,178.953072953589,21.1554955545012,FAIL
9.15320583455914,3.67721359789871,1.61723443162643,9.74069353202436,0.126246558231636,0.0901749311430444,118.648648648649,40.3054322819652,23.0842920069154,185.133481313731,24.5112914686609,FAIL
1.99113685384409,9.9145480519069,5.20867870623918,3.86115477582629,-0.37593259354746,-0.430246287893501,227.837837837838,51.295017897538,81.6810919794501,106.209856155598,17.8844975686882,FAIL
6.87387103205673,6.05228180328141,3.84064690533551,2.48948988897592,0.725382472511267,0.625160470691097,215.135135135135,43.1710007844369,99.672651966227,58.5278970457027,18.1353438141553,FAIL
2.23269904433948,2.98639646603715,7.23927898919523,7.16691382658377,-0.0339295748692273,-0.0686289246977889,132.702702702703,44.2946912793267,26.605574207134,162.041988765648,21.7037285538774,FAIL
9.65360572664949,8.03614356186523,7.92018804740975,5.03861616689908,0.848941185751763,0.721776877886109,182.702702702703,47.4352824303204,59.5268291867337,128.021017020718,19.9559560266277,FAIL
7.67871835595126,12.007960800957,4.33645938888255,1.53268360701628,2.23142760821417,1.92268315148176,215.135135135135,-6.35832087931478,225.40999356484,29.5642393824222,17.7196145474904,FAIL
1.8092237608433,2.64834477252241,1.07775402236394,3.30800359371464,-0.0631275656919632,-0.0923981077997257,158.108108108108,41.7087135721186,49.5307861335395,85.4275009425609,18.0709106544616,FAIL
9.31772298983966,3.66651842678173,5.48375380018099,5.80663585867286,0.42827498451177,0.36919669587047,152.702702702703,44.2280413856971,35.9686393615851,129.106325694286,21.208771076118,FAIL
9.95901722363551,11.5561713888726,4.58128157815341,5.37557628420468,0.786801358616755,0.620890027319822,187.567567567568,47.6869914715514,66.8354800783107,137.565855040306,19.9123447243134,FAIL
2.03538449026059,11.5517639244465,6.54997137276191,4.42201953626419,-0.39708873539502,-0.458448369326795,224.054054054054,51.9589280802401,77.5026756005593,126.182611884289,18.1258580490826,FAIL
6.00411184634004,3.94889188652104,2.44690878143536,2.15152631027015,0.434457519159496,0.370639191429068,215.945945945946,40.9141151384532,92.6164328797461,48.807769395857,17.9252967134422,FAIL
9.48205569598423,8.31748845583593,4.37270625746962,8.46648452599998,0.349682210471059,0.268433746992853,153.243243243243,44.9564669980681,37.9771613098007,203.50864272777,22.1580329446828,FAIL
1.61115601040534,11.7137914585281,9.08971716751421,5.77411678466026,-0.461613957216127,-0.529750214931986,204.594594594595,51.1450121504341,60.8732907546484,144.024217916293,18.8017975863941,FAIL
1.78140477054232,9.38649843286179,1.55802834305929,2.61516688134138,-0.593111490554501,-0.626316322580676,242.702702702703,44.6469831822846,115.178980560148,56.3495209362149,17.2311331359742,FAIL
2.40433499091562,6.33679476638359,1.94223692110791,8.92550064651544,-0.132709114266794,-0.175119656827344,147.567567567568,45.7485676475268,30.9490442068969,195.769599020048,21.4665467546219,FAIL
8.86506687444524,8.92780708865094,8.129396253513,3.07513105254851,1.42184214590952,1.24049648286591,206.486486486486,44.2080764946452,99.4141652622592,74.4229843592213,18.6616987594238,FAIL
6.04276055858689,3.08787178439981,7.05485264868958,10.4647856161075,0.129100574509441,0.100680757384213,109.189189189189,37.7772173391121,20.3254272480714,180.333795806335,26.1187839580062,FAIL
1.2028384675343,4.93975564405442,5.01792615951831,7.46408795896568,-0.188679886976577,-0.232749042285395,150.27027027027,47.8494507582731,32.0987562896442,202.914484497541,20.7155570404399,FAIL
8.60347131626028,4.47864643598534,6.44440672335093,4.35486955756326,0.600277815645215,0.521823964230691,178.108108108108,46.2938151104094,51.1542905604843,104.583285231641,19.7533077219592,FAIL
2.39369045358711,10.3119394826203,3.02178632079622,2.39287861356011,-0.430479895132171,-0.467006920940697,249.189189189189,44.0134139865282,131.971219890973,60.1026410550797,17.2397759398653,FAIL
8.27662882348909,1.63415215524784,7.64302006418022,5.53595802363365,0.343681304920517,0.311751944098347,130.540540540541,39.6410576541698,25.8462996375382,101.65613400428,22.333768464154,FAIL
7.89493138340061,10.6628005702105,6.96161272080759,6.73501321394754,0.514580613058893,0.412957009840033,178.648648648649,48.1075911655907,51.9815112231076,182.538461716699,20.4915870053735,FAIL
6.34194067266941,4.9663438074374,3.04638391318605,4.65280196459025,0.249010120034033,0.189465044830603,183.243243243243,48.0700637592522,49.97805208686,118.699099717483,19.4098947201782,FAIL
4.19897233992874,2.50866761917094,4.52383750173532,2.6200868511003,0.254951796793422,0.217896861438956,204.054054054054,43.0572882584342,61.0121121725448,62.5660112316403,18.1590257820042,FAIL
8.78079382714768,1.42855238854119,2.54806256651366,4.13373423571801,0.343257295683277,0.308994649329049,146.216216216216,38.4852726034565,31.1529279996669,79.1977863420287,20.6946863466313,FAIL
5.36769174724497,2.02979864626695,2.19926252414482,6.0862824509485,0.132209712798407,0.103654080656317,134.594594594595,42.9972244373085,25.7315934831914,126.196353960971,21.5405498526854,PASS
3.77479616070938,8.9431490799052,1.80663554301832,7.00342217240406,-0.125141622403334,-0.179894122302147,180,49.7112339846899,45.1480072994431,192.277920769328,19.9287239036804,FAIL
8.19840466909034,6.5515008351502,8.30394920903877,3.50801325915281,0.935071724698432,0.820209741933009,199.459459459459,46.7565855816094,75.1684177198809,87.4903208117949,18.9201529436742,FAIL
7.50484492753185,5.37267722678523,5.74385407966405,6.82795743126885,0.305163406307664,0.245246697860115,156.756756756757,45.8725445400655,37.0418827921435,165.551523672992,21.2250704211635,FAIL
3.51376024892688,11.7867165779278,4.78842600020807,3.52780913367275,-0.0147124082048486,-0.0790247796362986,234.054054054054,50.0024112903179,97.5428850494683,100.304295387392,17.9093856066194,FAIL
2.93769010412786,5.44234280315631,7.6983667410556,10.0705602547107,-0.0655313458095365,-0.106662128851529,131.891891891892,42.9720505944832,26.4954790521424,223.42352142188,23.3204591730901,FAIL
5.73806574994412,3.76939720650485,4.07701577114964,4.04423793903098,0.282445115360405,0.231796399112609,185.135135135135,47.1200989430536,49.7460255310187,100.827762321088,19.1421380731011,FAIL
1.07432635698704,5.75165980157063,9.22010203566841,3.1649117837185,-0.421690483067569,-0.469695746778829,215.135135135135,50.148030945746,75.3495716051408,86.7446112010209,17.6264063208514,FAIL
5.72818139711968,5.1716050778176,3.08299203041159,8.06744660432622,0.0921224495085792,0.046785749150736,145.945945945946,45.1109941024318,31.1957290814703,190.730461032652,21.8327931541627,PASS
4.35475004850631,11.6932983779922,8.30844737078274,1.58724010897482,1.00498002981432,0.924621317884243,241.891891891892,15.1300551364044,211.846327808037,35.8188507861661,17.2370238138847,FAIL
8.700976537262,7.46838025941832,1.72625763504909,7.97903664247654,0.104747215077512,0.0343725080921972,155.405405405405,45.8539356803303,37.7146065984429,193.644699594752,21.6155273101143,FAIL
6.52278067733426,11.7015169458769,7.30481598008973,2.04976494894688,1.67979230320771,1.50583942982274,227.567567567568,29.4622476140368,166.551745199606,46.9868440354562,17.755647256512,FAIL
1.06791217244113,3.19216023035625,6.90077050796349,9.81573767615233,-0.0955159140232081,-0.126099802659824,114.324324324324,40.9249192507971,21.2099468736227,189.192578025461,24.2054153734104,FAIL
4.36967859566858,11.1971432830212,9.71285902406829,3.6052060982923,0.361884210082901,0.281718954850334,227.567567567568,49.7450448545051,93.6294100054712,104.474632428197,18.1405189096852,FAIL
6.90661286168563,8.06101700573649,7.94783455056109,5.41886023392667,0.481585921927569,0.395791741458132,186.486486486486,48.8539334045889,55.139191152531,147.35003310397,19.7432669658366,FAIL
2.12991473566887,1.61905573768741,2.78905426934362,4.15013555457092,0.02762651036001,0.000702669374156695,69.7297297297297,39.3485941924115,32.0089279181537,53.8196161121891,19.4301966147403,FAIL
7.39829786202607,7.13536757025099,5.4539597531262,9.73832543285192,0.200237939065873,0.144201135183607,140.810810810811,43.3679709604327,31.23712491074,225.017223576231,23.1188644959272,FAIL
6.58470547542752,8.44156147242857,6.27261462610351,10.1775645574866,0.158053693251995,0.099780460414886,144.054054054054,43.7777762006388,32.4668051419785,243.960945116494,23.0577128985417,PASS
6.42608580686208,9.931769834526,3.73982932308283,9.11361057200632,0.11849635049954,0.0518863189872434,158.378378378378,46.143520435401,38.2558977935356,233.590283716017,21.8184180520684,PASS
1.2016012221679,10.8363151476428,8.75878270132844,5.84469730855739,-0.516896043725338,-0.583756500064388,197.567567567568,36.1646963714796,57.869254440891,53.9676988661927,18.8195992056385,FAIL
7.32277169876956,9.93835302426865,1.60656317680868,3.12252618767211,0.20483963612291,0.069085593036339,215.405405405405,45.3908599427511,102.384833063253,76.4573837687677,18.3333228461832,FAIL
5.39474550221609,10.8209457903011,9.72217809343924,9.83022505796153,0.108096547530866,0.041066420706158,156.486486486486,45.5701971789433,37.3895338991252,260.011458229978,22.2553268537196,PASS
8.10993658653935,5.69869256721094,2.56173784821787,4.31206897600388,0.359107377880881,0.274249290378346,187.027027027027,47.54895989953,57.6978154629365,106.795456626744,19.3636437908741,FAIL
2.2307030644793,7.25793170581527,4.17696738088202,10.2495825142967,-0.163755698713797,-0.209447151751529,141.351351351351,44.1870891651733,29.5151851449529,212.875406959434,22.4782590815033,FAIL
8.24938889466435,8.40923140439375,1.10608100997629,5.15572618215091,-0.00787748163860469,-0.106775528853445,187.567567567568,48.6640481689206,58.9292902865702,133.407933652579,19.568519989166,FAIL
7.74524322459853,6.72750977203811,7.73362817969945,8.4471394787533,0.300262586064047,0.237733822095995,148.378378378378,44.578857373314,34.3488084943638,202.620208878432,22.3079940863142,FAIL
7.1435456416577,2.95254460984444,7.57486717781119,6.47702986508556,0.278104254454513,0.236975645013299,140.540540540541,42.8869510564367,29.4150127970165,138.147204397985,21.9162168247792,FAIL
5.66531000098749,9.96096562701567,3.19505061936242,6.91887513742691,0.0993897090458287,0.0280757125007732,180.27027027027,49.065070166211,48.5374046444519,190.284088574422,20.1834228768263,FAIL
2.37554921001062,7.62808691297985,5.98948465000136,2.825900855178,-0.202603668016868,-0.248267759447531,237.297297297297,48.7911583658451,96.9292374555463,77.1457041419046,17.5339585422485,FAIL
6.44799543081607,9.37597754129777,9.54811730168938,8.84571859768901,0.237605105927127,0.167808493776282,157.837837837838,45.9057796439457,38.3822597540142,231.252695474494,21.917092210687,FAIL
4.85975476873148,5.75371883884063,4.06312305436662,6.63350298236003,0.0883382767938782,0.037206604935188,165.675675675676,47.7660153961808,38.7388337594773,172.086047486713,20.4598516195136,FAIL
2.10433052510486,10.464667866147,9.80815059035123,7.93798681687898,-0.286078043584575,-0.350650349248334,175.945945945946,49.1739943171044,43.5422815190945,216.319620943711,20.3511911946942,FAIL
7.40507254474045,3.98620474507924,7.34010045517948,1.98804391038776,1.12407936831319,1.02796872557163,210,37.8918466880056,101.206792964639,43.0281159577113,18.1043877973591,FAIL
6.81999509511815,3.28876720489747,4.29880132572481,7.3569975952077,0.19493026931933,0.156106795259774,135.675675675676,43.0663148857678,27.5899186277875,156.313046936732,22.3326936406726,FAIL
7.62907465945645,1.79990584072206,9.49226950010808,2.97322140078514,0.607501841883741,0.561064271167583,175.405405405405,39.3205312181601,46.9852782580042,62.5503113071349,19.3286042666422,FAIL
1.20345875511092,8.10950199873323,5.50330909694217,4.45509560587973,-0.440716444323943,-0.495755114326758,207.567567567568,40.3986224056556,64.5214533220612,57.8731702475229,18.1635330269197,FAIL
8.92877543774522,12.0893118362106,1.73318617963181,1.66268802124742,0.718335343600023,0.322621571658003,208.918918918919,-0.652273281930601,209.808902495093,31.0372124216645,17.9448550156797,FAIL
9.31170453583805,4.35276183024561,4.00193618969706,7.16250180738443,0.3158779538968,0.259559309834889,144.324324324324,43.7577436830594,32.3920053971965,157.812267056529,22.0451181557333,FAIL
7.82605166606231,8.11819030819322,8.28202054081109,10.3941369559612,0.25913778450628,0.198151403506122,139.72972972973,42.6727935916212,31.5603897565501,240.437390180536,23.6305881870882,FAIL
2.13477075047682,3.80079816520589,6.59008655431478,3.95713377430796,-0.0750758537133815,-0.117084812693686,194.054054054054,48.8173550693252,50.2325961208056,104.736326824328,18.532332288624,FAIL
4.70177916330971,7.91822385338918,2.64585945344895,9.36920255458582,-0.0254960831276074,-0.0759325503052543,150.810810810811,45.7828610370148,33.3281936535989,232.660613395053,21.9519551698253,FAIL
9.83799687395296,12.0426073942658,1.0669553166116,9.47798286850047,-0.0915441955585349,-0.186766575625472,157.297297297297,45.3537695747671,40.8466287421703,232.050820295919,22.1868639820133,FAIL
8.18998128094631,9.56829177685887,6.02456369379198,6.21520051188964,0.529180286794622,0.426968543766614,179.72972972973,48.1411415043971,53.0915138320753,165.352154734055,20.2860863527839,FAIL
4.17413743147466,5.46119707516191,4.59845295829738,8.97128799053696,0.012519072630897,-0.0304318994515516,140.810810810811,44.5093938653174,29.1640377925558,210.388837409492,22.345456246936,FAIL
8.27668709062402,8.31569325265646,9.91623447313628,3.15379315146061,1.29150054934848,1.13966879679394,207.297297297297,45.4204049537951,93.5126205635053,78.397073755603,18.6457810473049,FAIL
6.16606370756548,9.39358292574072,1.58328884513579,9.58349181602536,-0.0331295705529939,-0.0908206709576999,153.513513513514,45.8238550953095,35.5295495434913,239.62651528851,22.0022885417388,FAIL
3.91882663489273,7.56069164056887,9.31094645456106,4.9052143634909,0.102883806330647,0.0402414553214709,199.459459459459,50.5683356363385,57.8556896037658,142.318966273134,18.9897295526908,FAIL
9.67812121953255,4.00900472743068,4.92142521281421,4.19903295020089,0.618238495498545,0.535266950037666,174.594594594595,45.2392586656586,50.3430927388253,96.3634551189589,19.8707360798261,FAIL
9.64976332317269,5.08628383570376,5.32011394145329,5.62616545356797,0.512471179522487,0.432458844957086,164.324324324324,45.8458847401154,43.2038538923205,132.984681117036,20.7081622419563,FAIL
7.51071961133707,10.689413186745,5.38581780496461,3.57780096237644,0.911879223701131,0.76862130291577,211.351351351351,47.0076328891549,93.3808468747228,92.3170403206502,18.6151388126051,FAIL
5.26349042772757,7.16286267627282,2.02603274597663,3.45277582789307,0.126955697569512,0.0600109492740626,215.135135135135,48.8230609200497,78.5006636640268,91.079236444992,18.2839056249855,FAIL
7.0472302529857,10.8627465427636,1.66642751886779,5.82126656617133,0.0576859244541659,-0.035953665156674,191.081081081081,49.4369094236533,59.4102488690778,157.281372615723,19.6286415703676,FAIL
7.87185139071249,6.38934862884894,5.44001269119195,8.00302502278312,0.281748356052269,0.219621598128191,150.810810810811,45.0404960623507,35.0560163403074,191.78933990641,21.9608458378117,FAIL
6.9816981875101,4.1166619411262,8.97304016438637,9.04161623722365,0.205615531260007,0.164574845063553,127.837837837838,41.3883998492285,25.9452386452432,185.90024678985,23.8305710180213,FAIL
9.68436108321249,3.35443833775272,1.58788986031987,6.66401718822953,0.183267326434716,0.134794029844195,141.081081081081,43.2657208998481,30.4286499378908,141.624268842837,21.8519373193751,FAIL
4.91611682931849,2.12323061415665,6.91513570435944,7.86430495192013,0.123530621797854,0.0966124961578363,117.027027027027,40.0842686059203,21.4614325372597,143.668280052839,23.9173529682595,FAIL
6.48996030430138,7.99389045143302,7.44280679142361,4.39794444753602,0.545898598184967,0.457117091593666,199.72972972973,49.2034356583837,66.4564719066384,119.737467279403,19.049694838732,FAIL
3.89980303616817,3.88113372392171,9.2736836072215,9.10379868244312,0.0346862174427782,-0.00168747127132113,127.297297297297,42.0953399605627,24.846464015519,191.714376914735,23.5010919268795,FAIL
5.41420293700326,4.26221725276323,7.53533535472398,8.88622813036798,0.117019574220535,0.0771847768819192,131.621621621622,42.5517175322681,26.5161377133891,191.472526818482,23.2215946538509,PASS
9.89928435802748,7.99376196872481,7.84553265758071,2.88550501450506,1.57973872001589,1.37183010865698,201.621621621622,42.4716023686624,100.520778963232,66.3908745185141,18.7618785140029,FAIL
7.20406182374753,10.5879809990137,7.89810086969491,1.78764622647799,2.1638349902087,1.94766279601483,221.621621621622,20.4347058660278,181.74101407024,38.3280826367895,17.7716629388046,FAIL
3.05730223710229,5.69486335771865,8.18104640679853,3.24955621786513,0.0387015938334767,-0.0108913966845609,220.27027027027,49.5251281824146,73.8036918073132,90.3346210659051,18.0050009527332,FAIL
5.65078472819585,5.47988761121005,4.60196741863811,4.33007592011127,0.289716307839821,0.228352155840657,192.702702702703,48.7645483178428,55.9023146204959,114.202594633327,19.061238909839,FAIL
6.40211579683758,11.7978845036038,4.74901984427193,4.47753764136766,0.513075152581069,0.404291209768676,209.189189189189,49.5188955610838,78.8705495053576,123.614169507697,18.844137221955,FAIL
7.79446814385252,7.4708840351434,3.53831510327097,6.770151391091,0.277204363860037,0.20186212092611,167.837837837838,47.297685966457,43.5466339525622,172.519213553265,20.7398743471466,FAIL
8.95395066781087,5.1066239691552,3.49008886399795,2.11959309368365,1.04922260180299,0.898883552159901,204.864864864865,37.4318723791644,108.060117686508,44.3918701118112,18.313618316412,FAIL
7.13024910004067,2.57436945843284,8.56377307900455,6.64909084717726,0.268748412858521,0.231660028094778,133.783783783784,41.9059462372244,27.0679175120914,134.633330704083,22.4303227063296,FAIL
7.14816427643162,6.95368532522841,1.55270508613881,9.13417151961869,0.0336090309611128,-0.0191678193969674,145.675675675676,44.8470446689805,32.2756162003158,217.001778455911,22.2815064563167,FAIL
5.75631338493095,4.53932147699704,7.4160033043674,2.27339597645483,0.725098398807485,0.655676065575681,218.378378378378,42.6691453819476,94.0827882599884,54.0615291784576,17.9660153692169,FAIL
3.26141365023271,3.13155772691665,9.18137471564721,1.50239727154254,0.318151777935935,0.285387868458046,232.972972972973,33.5222666034574,115.868431814233,33.7657559018699,17.2508930605374,FAIL
7.34679698430574,5.60048960840834,4.88969916936831,1.86644327403324,1.19129920649981,1.0643798670903,215.135135135135,34.6263681246513,127.153010313195,39.8193735125667,17.9278851547113,FAIL
7.18339302687254,10.2592090960224,5.55446796502686,3.15673904551385,0.975033952096469,0.83431213048927,215.945945945946,45.6149616775028,103.008257629819,79.9464810924717,18.3729857909689,FAIL
8.66187304687798,10.9949619846847,7.01258244144452,2.31782858207639,2.03559153813274,1.77491197974114,213.783783783784,33.3047136473228,144.595872891125,51.6946589834981,18.2117996795992,FAIL
3.88873995985691,9.35475776879966,6.77800867375844,4.67483182135607,0.0784942088308108,0.011970006470684,210.27027027027,51.1225001643248,66.9767135430635,137.320877333374,18.6818240641896,FAIL
5.49387129420643,9.48816713845367,5.68247354345019,8.78127149046164,0.103198416413184,0.0392940774902563,160.810810810811,46.647154303542,38.5818110522182,231.468538608482,21.5660136701839,FAIL
6.40602573998196,1.61075903814692,3.24383274555277,2.29223541917449,0.462311993194761,0.423628546691562,190,35.6611057567972,56.386752977059,47.7094712209702,18.4890334404863,FAIL
3.28284574641422,9.75983652948894,4.95879309215608,6.43021058339074,-0.106796354076156,-0.168630811686298,190,50.533536105166,50.8759173441717,185.431565987298,19.5480989352681,FAIL
8.24489587492534,7.32147938297704,9.80635237774217,3.35546809840428,1.10594970689016,0.975181445727477,202.972972972973,46.3708903772124,82.8134589039983,83.9516240368067,18.801019826675,FAIL
9.31531589089061,2.5455797947444,2.19262632512857,7.10892972216761,0.220098803769023,0.183268993489371,128.108108108108,41.4769383365251,25.3989568380157,137.451974338259,22.8310382029555,FAIL
5.37994022461321,12.0054099747371,7.62007269747378,3.58149414837499,0.623907231358874,0.523136627203874,224.054054054054,48.6037909998258,97.89791510143,100.012986985378,18.2545258206264,FAIL
6.84606269136446,3.17797286892089,1.25643800867265,9.30863604990014,0.0790141276085662,0.0490713961182704,118.648648648649,41.2328702804235,22.1846456510144,182.736749713368,23.922087931106,FAIL
2.45501945822904,10.0796010227848,1.7635464130221,3.66357125301824,-0.369657846629361,-0.416861437865225,231.891891891892,50.7340306616918,86.5936048293448,97.8638659454985,17.7995800510423,FAIL
2.61152438514109,10.8867104473833,4.48982433057902,6.68820812008883,-0.235600350672689,-0.297810135484447,191.891891891892,50.7858094806122,51.5765279790079,189.074009058677,19.4849486428687,FAIL
7.14066935693527,5.0865431982337,9.2806667315261,8.12641791278305,0.258393054059371,0.206660891565539,142.432432432432,43.7469455044752,31.1718392115148,186.298335770874,22.489127015937,FAIL
4.2699468889874,3.24920806112661,5.71320783727037,3.38970136783257,0.21793855049424,0.175090146003486,195.945945945946,46.6312256610608,54.2941857743674,85.5655917991241,18.5833573562722,FAIL
5.02597779263124,8.70159996058822,9.71002624312123,1.61054737121299,1.24922371791461,1.15499867817228,234.864864864865,24.4237360970911,180.913075049077,36.14163698758,17.3924185499689,FAIL
8.52480211202925,8.84755233972264,8.16973284369036,5.78540960538879,0.6612213896082,0.553977333134921,180.810810810811,48.006049005434,54.6928603702048,153.044590249945,20.1733736348327,FAIL
8.11540676419318,8.57270966410134,5.91992983587734,6.14454196167055,0.492592066360353,0.398337412418651,177.297297297297,47.9679820222184,50.8747231520468,161.629680202787,20.3206317274415,FAIL
2.04682094091838,6.93912529791313,3.72192336109389,5.51865603002839,-0.209429792339359,-0.260241021098519,190.810810810811,50.3985457725175,49.2892722384736,143.623042364238,19.0081087510186,FAIL
9.28215828269278,11.8117079265221,6.33924837922543,4.55362908295177,1.06505353279244,0.887076366261772,197.027027027027,47.5578388975096,78.6700835524736,117.92347354956,19.3684114205163,FAIL
8.19896603609037,6.99072818777675,3.14025758619375,8.29550179575693,0.207018913319134,0.142850906886337,151.081081081081,45.1587837001309,35.3910859426824,198.386361489974,21.9797555778988,FAIL
9.51269809941465,10.1311490257679,7.64351568202136,9.39922948029519,0.456959065707904,0.368769492947117,151.891891891892,44.3025640788278,38.2179742667634,229.979374403483,22.7056167734653,FAIL
6.33071737198286,7.25178752901846,2.60132184134051,5.8954718009537,0.154451425149962,0.0874136832755872,179.72972972973,48.7851255938074,48.2541497098135,156.286156685412,19.8945248088807,PASS
4.12149358079505,8.77472515408579,6.18256974938468,7.02020741829485,0.0176546364798469,-0.0442958133876526,177.567567567568,49.1610248901054,44.9218482674304,197.443069694354,20.2047635745876,FAIL
3.25622179041018,8.2737098993505,5.52831875540405,6.76504947829778,-0.0829351114084149,-0.140641264904256,179.72972972973,49.6640311270096,44.9520289873995,190.162184515742,19.9256472559272,FAIL
7.93965928968612,8.44616416569507,7.0534918217779,1.65257000426378,2.19886122482336,1.96881104044896,214.054054054054,18.9696407136521,176.023826910687,33.5444147357866,17.8597470761742,FAIL
9.07684035497008,11.0231725404495,3.77901612018214,5.427640208707,0.585246132481166,0.446241466144333,188.648648648649,48.2158141819458,64.4811933540013,140.906710928308,19.8086009791213,FAIL
9.24640604862706,7.91197460811897,3.7093531836707,9.95606411200249,0.240904235726835,0.175155169515068,140.810810810811,43.0329464769051,32.3145311848128,225.400200036577,23.3216018974281,FAIL
9.15539614937082,7.40688209620527,5.05859713603915,10.0370949072686,0.280206040882852,0.217630278747345,138.108108108108,42.5068514643588,31.1930235905543,224.012442761448,23.5921625173599,FAIL
2.13753738018492,7.61555777327461,2.61710158771396,2.34441973511143,-0.37603869839579,-0.4098278285737,244.054054054054,45.0025554614333,115.739232292397,57.8138182952979,17.2346468453505,FAIL
2.01528770427009,11.5716860403483,1.77721985569112,7.14971209446204,-0.355630389628219,-0.412673284041816,189.72972972973,49.5025354800446,49.747486823113,150.80035326788,19.4892412325671,FAIL
4.92427460166919,1.88729071688519,9.75024211107541,7.3164983023353,0.139140431179343,0.112526808073611,118.108108108108,39.7836823594178,21.6820414519143,131.660150524021,23.7706065340894,FAIL
6.42216145740453,9.28727786954293,9.63555060155602,9.27705273289129,0.216829393937615,0.149603843680494,154.054054054054,45.2928836037129,36.7079327757919,238.353911651198,22.2599221092009,FAIL
4.21438876068734,5.26743392516122,6.1110227828189,9.15800185243456,0.0247730525499145,-0.0177543156889869,137.567567567568,43.8810632320644,28.2743722779878,210.739948541573,22.6913573566837,FAIL
2.52306517300084,8.39081800723245,4.55258564375106,5.30324742916613,-0.188064462956003,-0.244057821326653,200.810810810811,51.29982934204,56.1543302684011,150.696170015863,18.841616352911,FAIL
8.44379262658637,11.575599541912,7.42071148950706,7.10623323703189,0.581635715068738,0.47080217071137,176.216216216216,47.6808528909499,51.659531734753,191.597302498443,20.754320815054,FAIL
6.34635228456169,8.41373026107623,2.6702924691949,10.3073761146093,0.0483664268560459,-0.00542465435378436,143.783783783784,44.1011613447104,31.8811668365528,244.286543868425,22.8795907911991,FAIL
5.09423104231842,6.13210203649033,7.29769511422831,1.78213263774653,0.863113948592805,0.788532658357951,231.081081081081,35.6338711037953,137.79083647179,40.8219617823132,17.5300648281266,FAIL
4.14107381881895,4.72411104948273,2.92603869518869,9.78021411204789,0.00464690271944435,-0.0316635247057639,129.459459459459,42.9639160514816,25.3718508878872,212.561598615224,23.2355577597474,FAIL
5.84396012275182,11.1842072645862,2.59511131668008,5.16081212148507,0.14529944273132,0.058852818835837,202.972972972973,50.2039846925776,67.061822960065,143.52329594309,19.0921032665091,FAIL
8.01491382632356,1.90931765749634,9.77812544343667,9.63493140558559,0.218202923639906,0.19584430220508,99.1891891891892,34.5393876324619,17.891328818113,137.153187416272,27.7444700895082,FAIL
6.77317240832835,7.77756369143533,7.90702918598839,2.92902949003516,0.951677987424572,0.840098751740126,215.405405405405,45.7874662181341,96.4736029273019,74.0617090503434,18.301769546725,FAIL
3.441535404311,2.13615615362483,1.7663648745042,8.1813838508429,0.0490697819788435,0.0251631004209532,105.405405405405,41.7391494676868,20.4290517704391,158.712860584428,23.3125152824762,FAIL
2.00161574978266,7.04467405025729,2.88855186031903,4.6126393951224,-0.241359988017678,-0.289917943733411,205.405405405405,50.7901013266428,58.4823570495785,119.4973756278,18.4145035147972,FAIL
3.96710693532508,3.17035672408838,2.76561982776114,4.88485645181015,0.0770204585473279,0.0394840017211094,169.189189189189,47.0255627509204,38.2021754196494,121.259070144407,19.5814047141103,FAIL
1.88290313848498,7.86286199214524,2.83625561468545,9.9317383665316,-0.207384322745289,-0.254314009334484,141.621621621622,36.9158073709505,31.2886054326098,113.892728678556,21.8934636701998,FAIL
8.61517319505261,3.33702636683801,7.02719502298753,10.0241969250134,0.235079111704476,0.201273774648566,113.243243243243,38.1951090159036,21.9087131329894,176.129851046665,25.7659080816244,FAIL
1.75104215348095,7.83824596053176,2.37388447556078,10.4868241128614,-0.207716432261694,-0.252791388559309,126.486486486486,34.7338101815128,29.8333967625164,132.628156956613,22.2611021556339,FAIL
9.83807659309703,10.8499591781933,5.03374403062683,5.77842453088995,0.728390177474653,0.582513703532539,182.972972972973,47.6992466130362,60.641378578787,148.824797567761,20.1744215969802,FAIL
4.92050539352929,11.4604853269113,1.38011939721891,2.50884516425058,-0.13554122108145,-0.219156796578834,236.486486486486,41.8662428577932,134.271045903486,61.6587803929546,17.6515003970126,FAIL
2.81756588268408,11.2659466241359,1.88985028813885,3.03304721969796,-0.383316565851547,-0.429246634709204,242.432432432432,48.3675864298796,109.790351184124,80.0563768875229,17.5465273031215,FAIL
4.07930995691404,6.45593222141333,7.25616017843676,4.99194670465731,0.10908549017489,0.0514925372632221,192.432432432432,49.9808875601742,52.7688991627867,140.303484549649,19.16060246395,PASS
8.8142925330862,5.26092145540237,7.58934848521797,1.58783802814227,2.0079150013952,1.81545861942591,204.864864864865,25.0817960579018,145.33894275987,30.9064413683381,18.0462407692884,FAIL
5.17660061421481,11.6509918522403,7.74813645366301,8.57964896733886,0.110733752924775,0.0379149380808209,170,47.6452342975956,43.3493154972334,239.471308787127,21.1647334026116,FAIL
6.23922120046042,12.3229590026501,8.74545413483695,1.82217719990314,1.97137201159401,1.79222270520769,229.459459459459,19.7579560554833,191.510305277809,40.6988009537069,17.616623953813,FAIL
3.61138470173349,1.89695710211161,6.67918359474463,7.42804792425114,0.0750292078775311,0.0494532354622008,117.297297297297,40.6453617465004,21.2672263146875,139.032486687068,23.4523174186043,FAIL
5.87344070830286,1.6438917656917,3.3343268497111,3.42257904455344,0.290426377006589,0.257486604806044,168.108108108108,40.6555990073102,39.059432186873,73.5124690844035,19.3801787810909,FAIL
3.76481846830948,6.91633362376734,7.33477091908311,8.82224281207449,-0.0239904791160539,-0.0747040878929776,150.810810810811,45.8348374207872,32.9969299562779,222.753844685741,21.8424486164331,FAIL
8.0124083057248,3.3207196399148,7.0517123148119,9.61292156785688,0.220754055347818,0.186474193017835,116.216216216216,39.0292006845852,22.5298904783489,174.732892571978,25.1807651284617,FAIL
5.39917181272632,12.3970233696539,6.74832688938276,8.74558309938143,0.120894154164884,0.0457969436763145,170.540540540541,47.5723751566924,43.9208804862833,243.130068508802,21.2165307635319,PASS
2.13772125193969,11.7306900173605,4.45357971361759,7.37329980449642,-0.324498306564069,-0.387689356678721,187.027027027027,50.1601125003327,48.8939889512086,191.624246221611,19.7507386133507,FAIL
2.88926129092421,2.73268987322867,3.24761361100911,2.71090765633891,0.0583934519247832,0.0254161352753461,208.918918918919,44.8311712567919,61.1588610619275,67.4507636908741,17.9320546248401,FAIL
2.36315224785126,6.71364572404207,5.1988027574479,8.12854605815425,-0.14704868917501,-0.19624972130115,157.297297297297,47.194242607426,34.5916764590295,201.333992603597,20.993396888137,FAIL
6.28514209819631,5.04445250463443,4.84917205603618,1.87567281617514,0.902609636703023,0.813525514869407,220.27027027027,36.880541822586,119.618497064245,41.3590901072121,17.7897149045903,FAIL
3.56176213104505,4.72090510228818,1.61483722178014,5.76160693228132,-0.0319515932180707,-0.0732389142574305,172.162162162162,48.7825698223825,39.6024621475204,151.268932041729,19.6597744827724,FAIL
3.68647349336332,6.59317002458108,2.53692352444383,8.51790574207269,-0.0600950239009274,-0.105955230505129,152.702702702703,46.5741060012218,33.0201123753776,212.614938586193,21.3895009678188,FAIL
9.98173787848091,8.29080293540285,2.07660354785374,4.45496845892919,0.369500079826254,0.224463465829134,188.918918918919,47.1873667729833,67.6274218633339,108.339177797047,19.5168853669345,FAIL
8.49576456172752,11.9813825937082,2.27399716765204,4.34504845581525,0.400880841080702,0.242129809789552,202.432432432432,47.8187375149097,82.3739746099046,110.565446570656,19.0605105249377,FAIL
2.03891487941941,7.11202839006922,4.56015893202314,7.41233167194746,-0.195387439679826,-0.246587588185699,167.297297297297,48.2384124469696,38.3860440372574,177.834453517044,20.2924785164205,FAIL
6.88111558159311,8.10570545998179,3.82226657221548,5.05895608778633,0.353982582115334,0.268887929487699,191.351351351351,49.107334984146,58.754536654045,135.223784158546,19.4305899274096,FAIL
3.4639744829761,2.52872629379428,1.65927561308728,7.54413746471126,0.035329211353527,0.00774310826084235,125.135135135135,43.8228849132168,23.4965092612142,164.757022169872,22.1511475063996,FAIL
7.14687388990803,11.3483724903628,3.01550292598258,4.7008352985224,0.387295268146946,0.272375331434433,203.243243243243,49.2061271754894,74.1122340247291,126.029145696617,19.0663899780638,FAIL
2.52804389969196,11.069721335193,3.83954462347538,5.41007807166845,-0.271940541134086,-0.332632896178411,209.189189189189,51.7872660515872,63.004521677612,154.367440754949,18.7105256265219,FAIL
6.35739508340647,2.95592536448749,8.72473559410957,7.75157326995265,0.197491038133636,0.161786995946142,128.108108108108,41.6220551881175,25.2949850579749,155.70497832422,23.1860771809751,FAIL
4.59903026017284,10.3432188477987,8.3005328179996,6.33327893507341,0.130877037811585,0.0576767218469207,190,50.0545187499686,53.4266070363482,185.63531213857,19.7328075712685,PASS
1.71919440047833,11.5580000419062,7.48483720466726,3.06717699021327,-0.598477689746773,-0.649144403860027,241.351351351351,48.6961454182127,109.592348381854,80.3033679795673,17.4272003401587,FAIL
1.12681763272305,2.63757442062667,7.329232246998,9.71448447324734,-0.0662797893523798,-0.0934445141128676,108.648648648649,39.5334315479988,19.7300772933638,171.169836432501,24.8293037740146,FAIL
2.55562459188815,6.24162099222371,3.63394697821023,2.60256908995561,-0.143299975222219,-0.1831621796598,235.945945945946,47.4767903134839,95.0830635917938,68.2681594907072,17.489832409453,FAIL
2.2850225159001,6.81432064495039,1.07176646204492,5.79600795156891,-0.198216703108237,-0.242497543901959,187.027027027027,49.9288199099449,46.5977533674331,141.756775006577,19.0825984140762,FAIL
4.97581536494132,10.5606385882387,5.94938743732438,7.21032303972469,0.108706538435599,0.0372581546847789,180.540540540541,49.119318451281,48.0775799830905,204.539794075593,20.2850759023552,FAIL
8.54032380392294,4.09866069271424,3.48252303417893,8.85807022658502,0.208157733179847,0.165462341497945,128.648648648649,41.7300138534301,26.2708213821244,180.494028317584,23.5535161130231,FAIL
2.5235849684636,12.0686894586738,3.36651606144815,2.43836708086585,-0.443131375622436,-0.482005699416996,251.081081081081,43.2060238552706,140.162730130895,61.7673522262285,17.2534254226844,FAIL
5.11628849981602,4.51175945915446,4.74522830562263,1.63578769201071,0.696472160108691,0.634536992872951,227.027027027027,33.8865245237377,128.694482954967,35.7310930822478,17.510557268276,FAIL
5.45874504787877,11.4635941252853,1.02220521507807,9.13164684763796,-0.155970855656899,-0.217120119242726,165.675675675676,47.4978170256879,40.4745179372053,241.131598332277,21.242858562381,FAIL
7.8662825338463,8.17960525956942,1.05803700457488,1.7767863388989,0.00615884081687512,-0.192694024071866,215.135135135135,25.2661746699204,161.127244250811,36.0059761756129,17.8627450720135,FAIL
3.25872676817352,10.8403028856837,4.88617563106286,8.44385246774129,-0.146284445446569,-0.207776032415882,171.891891891892,48.5288315282964,42.0507503671621,232.067283978617,20.7328750450707,FAIL
4.29909209225689,9.19175713172906,3.10064606413146,4.03002213030051,0.0601374956227997,-0.00465409027424635,217.567567567568,50.5244369468133,76.329453256108,112.939367164154,18.3515519924468,FAIL
7.82799945301663,2.513242405139,4.56818115377398,3.98375733342694,0.431316379230171,0.381876517300393,168.108108108108,43.4964327396036,41.9573060777035,88.2372991733089,19.817037859689,FAIL
7.01328522489059,6.83265690923186,2.35968114424234,3.53246027561859,0.342668990794309,0.25178224811406,205.135135135135,47.6911839094066,75.6572076083601,89.0939959245655,18.6353584042014,FAIL
4.77019926161061,10.0511118056395,5.41004865174164,9.38752802092617,0.016289293621562,-0.0447267002068419,158.648648648649,46.3826267597428,37.3343930519891,246.629600241439,21.7860629147864,FAIL
3.25023416357972,3.81701919733924,5.77576566193711,2.14869756868003,0.16200068086961,0.124102403282937,229.189189189189,43.2824913465943,90.188649397315,53.1674440279746,17.5388931066465,FAIL
4.74994826995431,10.3578150943269,9.39279914142986,10.0807322956527,0.0320011425164377,-0.0303337130312852,153.783783783784,45.3257544923544,35.781781741634,263.528702663176,22.3929911450769,FAIL
5.77535670546742,1.44886295568196,4.12746814103631,3.06834827948463,0.330251662997161,0.2984562883924,171.081081081081,38.5980635819779,40.7034626049354,64.5651022759053,19.1918519306672,FAIL
5.52358904958716,8.6432025094977,1.05895420796956,7.18052562389485,-0.0934853547551691,-0.152244447678186,173.783783783784,48.8517419651299,43.6882959016679,193.902337676105,20.2973886765475,FAIL
3.563368792168,1.89097738837882,3.28990375689951,6.15155819873236,0.0771817059623056,0.0502870382881683,131.351351351351,43.1497275874192,24.595026000864,129.1293126509,21.5799624475023,PASS
5.19520989379558,10.3610907354245,4.60304455117181,4.14717838683952,0.305792623211976,0.222994798783723,215.135135135135,50.0791163506039,79.1384584880782,116.273141634351,18.5330673149692,FAIL
7.08269679209513,2.1793335221108,8.62714379717141,4.42814367008696,0.387956355466572,0.346449892904825,157.027027027027,42.5545029717628,35.6618255883957,95.626926267587,20.3985371730566,FAIL
1.14060686959231,5.58385811073014,7.44757130131374,6.87931851899528,-0.244828218534549,-0.294432336177922,161.081081081081,49.1704949559756,36.5171018325551,197.241092557615,20.1475035742104,FAIL
2.39233849723023,10.7706251905196,7.95428951540276,6.59138592492537,-0.25438275469329,-0.319903715996777,192.432432432432,50.8889337190359,52.0353467729592,191.921700754297,19.4707036981,FAIL
8.65264836042206,10.4121184158824,8.00242828060951,3.52803680514943,1.3109253149852,1.13274981429562,205.945945945946,45.9635632461176,93.93245867759,89.1083744461069,18.8031525670652,FAIL
6.80874209226327,2.07246905437766,9.10402772797052,4.12088044460927,0.394783754707407,0.353946924097485,160.810810810811,42.3608741593732,37.1225302799433,89.3604851359921,20.129792108175,FAIL
5.69354251602003,7.95745666100148,2.51868618346399,8.91757231162537,0.0302783738058581,-0.024273109605272,153.513513513514,46.038677135047,34.9571874166201,223.093495624886,21.7702861388957,FAIL
4.38903398753305,5.39404088906784,5.33009827063832,1.88520000321953,0.47973193187504,0.425715322772371,233.513513513514,39.246275148176,122.008063053185,44.4105125245463,17.4843651730637,FAIL
5.03273171037138,4.16277415709154,3.40970612746397,5.45339869076855,0.132950587997635,0.0873759757421827,168.648648648649,47.46652930311,39.5724075080746,137.313505379758,19.9438394211742,PASS
7.54009396231642,5.87973378692704,2.98684522828148,4.81479271518307,0.327071132711583,0.25134496185939,183.243243243243,47.9921188278215,52.7847874987773,121.956326865,19.5833621529517,FAIL
9.79483630539902,10.6984629352517,3.8511380723187,9.6361797826355,0.320667702436784,0.231225179333334,151.891891891892,44.346223798827,38.296220308579,231.23420886283,22.6919804888987,FAIL
9.81150730451228,7.54687949911916,1.19231150674938,7.21743195655253,0.0322339635101455,-0.0528036920748272,160.810810810811,46.3643290229274,41.5059982348027,175.743785263872,21.1978532510403,FAIL
8.42100185668125,11.9081223519517,1.19692323012406,7.3167944476675,-0.0587204517920596,-0.160176790933239,176.216216216216,48.0260083987662,50.7198760952485,191.650861657218,20.6170708139771,FAIL
5.15076668368343,8.18679603415316,1.75959105377618,3.53833374426963,0.0516736761549683,-0.0176941294539622,217.837837837838,49.1627857169558,81.8217302044,94.3886118696978,18.2512708326826,FAIL
3.8926232989385,9.84327613503542,4.055222141902,5.79764672611976,-0.0278334790403625,-0.0918176737793536,197.027027027027,50.8225180316201,56.2229234384392,167.43900445384,19.2425600458552,FAIL
8.87917796713139,8.36684358528005,1.58579042273145,6.73715082894161,0.103515850178177,0.0145738073051342,170,47.4128282462772,46.2307347072561,170.058884987563,20.6692470055751,FAIL
5.0864194028566,12.2993451965711,2.23801827908593,7.68596594646996,-0.0524403474497792,-0.123068442457268,181.351351351351,49.1792359954686,48.7182246436706,212.989655033873,20.322166373355,FAIL
8.45243841038186,5.5612647868758,6.50443166819336,1.60207199161389,1.85648262278445,1.67179937093416,207.567567567568,25.3202364234019,147.840487856863,31.5342853970193,17.9824735555293,FAIL
3.66699899519307,9.71806310812707,7.04972405289124,10.4199266788008,-0.086187686527378,-0.142035183748533,150,45.1178561699037,33.6041156580119,264.005925033252,22.490894408223,FAIL
5.45843459207924,12.3101434601759,2.6629475853438,8.82054004712172,-0.0102652603886562,-0.0799653843235308,170,47.7079790552427,43.2984564378257,237.042833825276,21.1224475660093,FAIL
2.97853525921129,9.56828040671272,1.05832397636309,3.74941528264547,-0.331261555028333,-0.378183000943039,228.378378378378,50.8714660875982,82.7113379495324,102.360104103307,17.9182446697177,FAIL
4.84405573537802,10.3380841223427,8.54317385258123,2.73771146700234,0.655071765002127,0.568157095570837,233.243243243243,45.4326361145298,117.425545339371,73.0143835100418,17.8210231309314,FAIL
3.77584437663997,12.1186884601468,7.21841705337023,8.62783859658859,-0.0786754202875188,-0.146745349507571,173.513513513514,48.3480911495537,43.676530996682,244.918139205128,20.8889616044854,FAIL
6.19974235109807,10.1103458809657,6.66810178536994,9.76740948930716,0.154833889021372,0.0888992769835524,153.783783783784,45.2200053740815,36.4645929580486,249.562324660901,22.3669976319874,PASS
7.05080964185197,10.9927489033913,9.30474125635557,3.19702707246005,1.20860395841133,1.0624512393257,217.297297297297,45.742993707462,105.288553254186,83.3324648072692,18.3747234017933,FAIL
9.08854102887059,8.82503425477031,7.18286920296903,7.39000773142468,0.514329146054873,0.42038369841491,164.324324324324,46.3903676281138,43.9726010688533,188.044203693642,21.3309339682332,FAIL
6.08808873833825,11.0051514578297,7.07680283952481,6.99128584313363,0.288999535350231,0.20577624407433,181.351351351351,48.8606965714105,50.6631618958536,197.269026995901,20.3223931732602,FAIL
8.55790162616962,11.7513192622948,2.43451483286042,1.84913117316053,1.17942746259338,0.857612216076628,213.243243243243,14.9793482739311,186.113521747435,36.6514110034803,17.967052763071,FAIL
5.47501690224662,8.29697835365704,9.94803012436293,4.35620209742193,0.4429725333015,0.36278426763088,205.135135135135,49.874648408999,68.0204145506569,123.129984948957,18.8645654426338,FAIL
5.26104421267626,10.5505040702902,4.67981086348085,5.82304751703939,0.180387117982831,0.103155108559803,195.135135135135,50.2026809316758,58.2729274312878,166.295023185823,19.455092720636,FAIL
4.68734526571704,11.1446015747587,9.06345699390794,3.42280350430376,0.475776419395889,0.390689334030978,228.108108108108,48.944909611904,98.2787586843997,97.079533906237,18.1005131800025,FAIL
5.69598462630406,9.12314743456632,8.42160905996167,2.8720941451531,0.814141018647486,0.71521111023344,224.864864864865,46.046141734036,105.835422621682,75.292408261835,18.0545604933741,FAIL
5.54599459572909,7.17517784918447,4.93863683715503,6.97858216261692,0.149074721766324,0.0888161765782502,168.378378378378,47.8799340265456,41.2664450687607,184.750226888043,20.6047814076081,PASS
5.82709360097473,1.93501701840744,6.19340154345986,2.13733342200578,0.561772313740004,0.519414651519491,200,36.7872169257185,65.8190451330548,46.0618058551606,18.2320328222777,FAIL
5.97269895036591,7.42264879147231,8.93822352745257,1.90081908477662,1.26937839894895,1.15935334257636,227.297297297297,34.9879905568884,142.786550971175,43.6271986928699,17.6916946918691,FAIL
5.71733477274307,2.5627057465665,9.63624049708816,9.14267098742696,0.141903508722522,0.113699332850026,112.432432432432,38.5429589096997,20.8459332762559,159.814176043668,25.2675015262262,FAIL
7.0696065232067,5.12035500582021,1.60079948553002,5.8862675130412,0.111234912285514,0.0548150991889985,167.027027027027,47.3531078653906,40.9824276821409,146.685915214746,20.2603738560017,PASS
3.03490637233027,11.7593557767857,6.968822942202,4.96916009464212,-0.137980144354986,-0.205515627555258,215.945945945946,51.8680848996598,70.4459405627599,150.056137608554,18.5766143751438,FAIL
3.02928813599436,5.91777285592397,9.11528909740035,5.79834189528116,-0.0383034012915422,-0.091188794089319,179.459459459459,49.424260752587,44.043879130313,161.004394985944,19.6468371859334,FAIL
3.02968807615659,4.21614237229742,6.99951523105095,9.07991076570595,-0.0263636281385341,-0.0637474243861678,130.810810810811,43.16301298469,25.6697145506798,198.667181011224,22.9700608489577,FAIL
8.07177012624864,7.32453194062525,9.15016501547256,4.09077321433105,0.847265711313032,0.735895948624085,195.675675675676,47.8567675196844,68.6475744900255,105.829653328707,19.1934699929402,FAIL
6.50675610893757,5.81394443989485,5.90638582229752,5.73604134547663,0.307079350612986,0.243341976495527,173.513513513514,47.829498345702,44.6818394866387,148.472924482793,20.1413200789344,FAIL
1.45441952904986,6.54905104057974,3.32870100215414,10.2149456990937,-0.193046094068667,-0.236034978017524,135.945945945946,45.2367422037769,28.1040839601032,267.404308146735,22.4339006385676,FAIL
7.73055198124657,2.13113211034632,4.87248333338903,7.89017333852988,0.220276647701034,0.191830955833623,115.945945945946,39.3156253655616,21.5879800260813,138.166885528762,24.2693924768193,FAIL
6.12877932322899,3.20414324175198,7.97232969611859,2.01943167883072,0.801547410151063,0.738628763631975,212.432432432432,39.0173097482913,89.066087000984,45.047811227442,17.9987906545821,FAIL
1.04747307007063,11.1883481142677,1.71374762129387,4.66571093083845,-0.595386633430453,-0.648567809242718,212.432432432432,51.8908140761411,72.0394322900177,117.448299522347,18.0004110700956,FAIL
8.04100308502151,2.24728993267974,5.34164918375171,4.80509343598164,0.378449080652985,0.336075953634991,151.621621621622,42.3650886913092,33.6769061945582,101.19616218476,20.7721340340955,FAIL
7.87800400942729,10.6353429191444,5.82375918023337,1.92492281912451,1.98785328196823,1.74376217640407,217.837837837838,24.2561639550435,169.883332819893,40.9473573596993,17.9245748420965,FAIL
3.2859379678161,2.86634195642324,6.7344716737971,6.58495313845945,0.0402547540794921,0.00535338104262606,141.621621621622,44.465679904595,28.1456396555369,148.844871776334,21.3634700879181,FAIL
4.53259779454858,4.42942578355183,5.39691587192998,6.70883225463293,0.0912196260644798,0.0467089991422476,155.405405405405,46.3939474478573,33.9492265285869,165.361701340975,20.877494553415,PASS
4.62044387990722,5.59726526912115,1.87823439625147,6.42322601813927,0.00840428303568735,-0.0386607335792153,168.108108108108,48.2978768760355,39.1665483337762,167.540558657691,20.1573432828626,FAIL
3.83220003712997,2.73663934011628,9.73338410624321,8.95305438693723,0.0557280215344166,0.0263283652689905,116.486486486486,40.0433970556268,21.6306790358313,168.203434474563,24.4307815203264,FAIL
8.26200704033622,1.9051360240247,5.26634968067056,7.43362701000214,0.252422524610801,0.224305278591279,115.945945945946,38.9696245167125,21.6224827150601,127.452007664957,24.1745742566255,FAIL
6.96427393720876,10.4977186277647,6.39858493775579,6.46281432360324,0.410860311830968,0.318736358657814,183.243243243243,48.7871983682495,53.3217055622604,178.631490542202,20.1664135259275,FAIL
4.40561628284745,2.22151555742071,1.55792966156405,8.21267690353004,0.0690108517544195,0.0445501635804406,115.405405405405,41.6669781231104,20.7734052776097,161.682660959811,23.3564953948909,FAIL
7.99289230950796,3.70504257694633,1.34915034496691,7.21813374664426,0.110414245154907,0.0675674665258534,140.810810810811,44.0452626667338,29.5173834180407,159.557901239484,21.8416042639984,PASS
6.24680198025245,11.8476031404602,8.4013518987337,7.19588740340535,0.33536153289395,0.247115988235822,181.351351351351,48.7224118157851,51.2136359000817,204.824736074917,20.4353280241777,FAIL
9.85353584764749,6.34458256942353,9.53759603023711,5.80202051032522,0.686628998043746,0.589709131045139,168.108108108108,46.3255862130392,46.8225853286798,142.500693207099,20.7366414871849,FAIL
5.15383314877569,1.95321132880745,1.70962930421476,8.31834857009087,0.0965912445162625,0.0739229663380682,110.540540540541,40.2153834846107,19.5173040071396,151.774676603726,24.0567426985396,FAIL
6.82638617296826,7.85032966247016,9.61268218897504,3.21622646822686,0.925784821704176,0.816525864577431,212.162162162162,46.98977202558,88.6712419064263,83.4172856457146,18.468988249724,FAIL
1.10492838056502,9.4733356194653,6.81362671257515,3.02016440741276,-0.714253859063161,-0.763670699802945,215.135135135135,20.5857505846633,100.551060196212,25.432602605624,17.3541652574847,FAIL
1.67329237506805,6.51130660636102,1.12561282472523,8.63925379058013,-0.174386000044666,-0.215996925813976,146.756756756757,47.708722204927,32.0126879606875,231.069818989159,20.9411619425819,FAIL
6.75517188362956,3.96018644787798,4.05941491217067,3.92769718881942,0.38389341543636,0.324537596690159,185.675675675676,46.7194083429738,52.5662825523122,96.183982367313,19.1887668829735,FAIL
3.32647153243696,6.47480101161999,2.83154322918298,10.4733661304432,-0.0764268378837784,-0.11765276391732,135.675675675676,43.757842882349,27.5877382779681,236.076250897721,22.9853178931455,FAIL
4.08449223246898,11.0239869847296,9.56267902647942,2.6697679726753,0.43779374898768,0.364378908824287,239.72972972973,45.3939389490492,123.770540842275,72.7071236130071,17.6569260147216,FAIL
4.82035192947025,3.79031661608105,3.86032457545251,1.55633510123545,0.556156267855691,0.505419545313156,226.216216216216,32.7287089135033,123.775006056129,33.452967023784,17.4529491068747,FAIL
6.32925361484448,6.97141050539167,6.44094820826113,9.40810908551834,0.155553217025501,0.101723949323125,143.513513513514,44.0568269513849,31.6984667566532,223.621696796574,22.7422127664536,PASS
6.75210721753736,11.4907607402378,3.64500082990941,7.50811700938446,0.205358060306749,0.12089317741953,176.756756756757,48.2783482468108,48.5648208138072,203.696589071306,20.626666079711,FAIL
6.53772236956309,5.73588561204727,2.47277015238744,6.32482173473066,0.146211739063138,0.0891474135686742,166.486486486486,47.4933760348602,40.5424103534314,160.044938535912,20.4356003698289,PASS
9.32226397577406,9.78101523888029,8.05895365234242,8.45763929528544,0.503319398725203,0.410215610425265,158.108108108108,45.382451887843,41.1094068039839,212.673119088158,22.0327637239632,FAIL
3.9924454585873,2.15795993719221,9.22278251260284,1.9490091236618,0.378724465481556,0.343221228045917,214.594594594595,37.4893907391073,75.2689152914508,44.3373810670199,17.7782027777419,FAIL
3.29406163552734,4.74026181339937,1.49478065284787,8.96823099695769,-0.0455402676314076,-0.0813309494190758,136.486486486486,44.9235107149413,27.0336303025877,207.570164587955,22.1050833792038,FAIL
4.94263089081884,1.62033514638171,3.25014397095228,6.38204904135689,0.135145447691139,0.110605850528035,123.243243243243,41.2485883233663,22.3923162240387,120.982591451099,22.4690977262939,PASS
9.23597372293874,1.65414789629095,8.6399275555733,9.77843222280026,0.245602210075844,0.225674223220492,93.7837837837838,32.8214014602303,16.7452222947101,126.43913408416,28.8946961116001,FAIL
6.88719952713185,12.0160911400028,9.54732248981379,8.29913071655804,0.360185404330133,0.272125466246341,170.27027027027,47.2315752829939,45.6293149145716,229.015156404469,21.2746325080004,FAIL
1.55209648678938,8.38339558935496,4.99285196425265,6.4311725561126,-0.316675349702894,-0.373361979526579,184.324324324324,44.6904061392625,46.9391072372585,94.8392656238619,19.3776982811061,FAIL
3.55668245343546,6.38684916397641,5.61744578192049,3.47447745139145,0.0848042361043156,0.0319679320604761,218.378378378378,49.8445367017263,73.3615023184917,96.4948955337692,18.1343060994624,FAIL
8.17231412774502,3.32171300858115,7.17174662368446,9.05859714753722,0.241500398162975,0.205067538452743,120,39.8359105034366,23.622254204009,170.000266097856,24.5739311207319,FAIL
9.12042333996663,2.31936733632364,6.75971708198707,5.68546696499996,0.39784211590225,0.355480663322358,139.459459459459,41.2744721974762,29.666968677283,113.569677865594,21.866600190908,FAIL
3.52755195044137,2.19018749925406,4.22315852688513,10.2239599492616,0.0514182131671942,0.0298753328462349,95.1351351351351,37.0720589627914,17.6178208762601,166.196676721216,26.4078799788781,FAIL
5.02834975372864,8.5487343623098,4.13851344202235,6.25563054454547,0.106254536385157,0.0410298230102496,183.783783783784,49.523880400851,49.2909849276139,173.962483972222,19.8265672438319,PASS
5.04822932316297,8.88746125196099,9.923468462434,10.1894646694137,0.0634701557814777,0.0058437934317862,147.027027027027,44.3554588215573,33.1075237285601,255.018391217462,22.8270919029895,FAIL
3.77770237021473,3.55881604370206,8.65220592002071,6.42844896691448,0.0657032631823555,0.0249702805023276,151.081081081081,45.5599153414483,31.8311451865429,153.859356065457,20.9741110127655,FAIL
8.905226870482,12.2360426086747,1.31346295490879,4.90972529143601,0.0118319746490652,-0.142408771309127,196.756756756757,48.272300359626,74.2591267550116,125.648007004901,19.3662375872132,FAIL
5.47118069711864,10.4445441532631,6.1317572053229,7.62171388525752,0.153817691249349,0.0812759128810017,174.864864864865,48.387012791507,45.6421436312113,212.115664640878,20.6547543238205,PASS
9.06463657325829,5.50401785646573,7.34912852149406,8.32632892140469,0.355884309839744,0.296041446597835,141.351351351351,43.2397737788056,31.8534703275364,186.417810505971,22.7831082943122,FAIL
3.16562725385743,7.04684979510813,3.29127268447786,1.70273488982443,-0.0251047447875412,-0.0591891810083727,245.675675675676,34.8268281126658,152.882937272666,39.5362770608661,17.1430963335643,FAIL
8.83449616551749,8.69462168334404,8.98607511595524,9.95646149381783,0.365057583302591,0.293727061761426,143.783783783784,43.1675281266719,33.8814904157447,234.716690111,23.3322452989512,FAIL
4.90861670852508,7.22636935314347,3.84756996303986,7.75188370162866,0.0498014126775205,-0.00465910155344607,161.621621621622,47.3345250810971,37.6338911003864,201.74385046637,20.9954295064448,FAIL
9.6048847652949,8.87753146328092,8.32468796011276,9.54340758728645,0.433733578521835,0.354262074924129,146.486486486486,43.5421123565021,35.5185001865234,226.1593298883,23.0725787197492,FAIL
8.87447735993291,2.16988242896597,7.91406038216099,5.67977362904231,0.391991857117576,0.351989995803423,137.567567567568,40.9388981926096,28.8113370023815,111.704178518107,22.0001098676983,FAIL
9.58441645820252,6.58246671323646,1.44196012222833,2.52084260935607,0.321198164233534,0.141556432889582,203.243243243243,40.4556310287997,103.707179228592,54.4849330393192,18.5094113940925,FAIL
2.92839911559419,10.1185655918619,3.11810900707161,9.80140291452508,-0.184039027386116,-0.237971117372415,157.837837837838,46.6644645484258,35.7374220543363,242.796179457103,21.616040729891,FAIL
4.55615251547289,7.17465483829323,4.49365096769913,7.96879063006936,0.0305190533444457,-0.022807955681292,159.72972972973,47.1074601738303,36.6009560568101,206.890055146727,21.1368786382303,FAIL
9.3237062376959,8.75343924345766,5.35425984759726,8.60633753318614,0.386112044646675,0.30329346604032,153.783783783784,44.9627924837742,38.3698971764926,209.265845677296,22.208103488429,FAIL
1.07087619085417,11.3731512663911,2.30230630490868,8.32540214565857,-0.427068312275368,-0.485588320381809,172.702702702703,50.4347870060028,42.9883485132419,255.338225017139,20.0772081726596,FAIL
1.04244885555073,3.19920118065538,1.26594692695247,4.42940648891996,-0.122457363241056,-0.15645168088545,173.783783783784,49.6780434197548,41.2467458215208,119.060375934072,18.5994918220302,FAIL
8.6156712986988,9.98430985396985,5.32894127109498,5.00794325015125,0.712860847287164,0.58310952973999,191.621621621622,48.3526674166016,66.1364435275349,131.406841584795,19.586398911374,FAIL
4.72625257431349,10.9003151054561,4.95712406794892,10.2336144193374,-0.01335470951465,-0.0738099838996438,154.864864864865,45.5978151468879,36.0494411204338,263.400823566475,22.2581104442192,FAIL
7.35239432021355,11.0680614828699,2.38414872401427,4.29027611662818,0.332401056133236,0.20987688519751,205.945945945946,48.6754181270345,79.8118245434912,112.421001722073,18.8845037466177,FAIL
8.52706758412657,4.59879044361125,8.46580005858713,9.50277021732402,0.274200815721177,0.22865465703294,126.756756756757,40.7984698736082,26.3319799348746,192.529577438599,24.2714677884649,FAIL
2.24524307609699,9.118876994083,2.40261872762612,2.42966227773118,-0.440138141317064,-0.47502380928976,246.486486486486,45.0338340635291,122.254193360947,60.2284290280971,17.2484537120899,FAIL
9.61800616543847,1.53034778730103,2.83730987754299,3.01214168049537,0.523500588691395,0.47553980864765,165.945945945946,36.8463015418735,43.1187813149178,58.5761256117517,19.6501459707853,FAIL
9.00206071324708,4.76540951332909,9.22125697584678,10.4383630565331,0.277461276739277,0.233500812968829,121.081081081081,39.3796610144296,24.9055514509258,201.485606218462,25.2830269082846,FAIL
1.35509049234567,4.3676841484577,1.18553335476838,3.52883397110277,-0.21021102207546,-0.245581441043451,202.702702702703,48.8939159435706,59.2781795786422,90.6863409571742,17.8596571224205,FAIL
8.62597079521683,7.68456942671768,2.4062832702495,3.30911076962467,0.528754716131666,0.389011777622761,203.243243243243,45.8017436811968,85.8671918373708,79.1359845514425,18.7296544851638,FAIL
6.99699858469452,4.77461969917562,4.00389152639356,4.45689247831513,0.367045015438291,0.30193024839162,182.972972972973,47.5214088073451,51.21039096699,111.596779064471,19.4497438159448,FAIL
3.73897541188046,4.06069430938193,3.0521428523627,3.54329057351869,0.082143572378531,0.0397979991430214,202.432432432432,48.3271862468335,57.7655595244535,92.8778281194653,18.3917639160285,FAIL
5.46478019547715,8.9225195691365,8.87368049555545,3.29974459617438,0.636332611514466,0.547155861008162,220.540540540541,48.284179368026,91.5713472445054,89.9291235522885,18.2416670698816,FAIL
4.50670293505796,7.42260899844661,3.2043851324515,7.014907861701,0.0137963285770927,-0.0412681317678092,171.351351351351,48.589713026188,41.4813813824439,188.443605803917,20.3360196795056,FAIL
3.4669899514264,5.61900182475906,4.73121566196559,3.46483392802799,0.0626687766948264,0.0137411152213222,214.864864864865,49.5593652351148,69.0544833986463,94.8577432528896,18.1619137525685,FAIL
5.4160740428633,6.91719153544969,3.29210505108449,5.44363977305251,0.146692164425755,0.0847691095372461,185.945945945946,49.3711319894834,50.5591172504261,147.35864593393,19.5218106045044,PASS
2.22453166690031,8.80115628549913,5.84749356847616,6.69342618246996,-0.230808702470336,-0.289157904708976,183.783783783784,50.1794342995582,46.5271739053776,182.605163556014,19.6445798785407,FAIL
3.19640171875358,6.6661633826736,2.41441392457609,2.57732592429071,-0.082895568755187,-0.125110066480714,235.945945945946,46.9240846526154,99.3821316180797,66.8862994026071,17.5449251519908,FAIL
8.11820830936054,5.76889809248394,5.48063804078167,4.38473418526378,0.580469968125656,0.492590464140562,186.216216216216,47.4940875879724,57.2657903768193,109.876391904852,19.4830240184965,FAIL
4.39170355534027,5.78426637550507,7.54955896253027,5.78926567964827,0.116716898696582,0.0621145728531646,176.756756756757,48.7496395644799,43.8565089937593,156.721230786236,19.8673053910644,PASS
6.8702013959941,8.10107385017825,7.48017455012321,9.12639238834534,0.225454356162052,0.162390941082811,150.27027027027,44.8553736383259,34.9441359034633,225.897077768663,22.3808444491905,FAIL
2.12149903432819,12.1121171545818,2.88477674017507,1.93357534453738,-0.760457303131323,-0.781624712765498,253.513513513514,32.7271913179717,175.698090496938,43.7314012693449,16.9866756222576,FAIL
8.93962404165975,2.3264949134599,1.97506337834796,3.50493302085303,0.366779221087355,0.312149877625385,171.621621621622,42.1501471075457,45.5723135977724,75.0097600723939,19.5493205244286,FAIL
8.58321472598825,4.31532240787173,1.02430072168528,8.63764778649329,0.0589712447771444,0.0161948299815842,132.702702702703,43.1232473512361,27.2187315968859,186.140356993413,22.8341933315921,FAIL
1.45943286383014,8.11204088599446,1.92069942751957,3.71915804410582,-0.430877099388813,-0.475504168751418,219.72972972973,36.2883460212953,76.3959865071394,44.2403743124497,17.7407672276466,FAIL
4.58512051995009,10.318082183906,7.4182900670516,8.32197137738394,0.0430977806731191,-0.0232529711079476,169.189189189189,47.8492801195911,41.9168136427863,231.062245401195,21.0233611270307,FAIL
9.61858244494641,9.70982166148145,9.61859066828653,3.98487417623453,1.31340963507817,1.13339686554248,197.027027027027,46.679689709166,81.235114675801,100.755920763336,19.2387894765146,FAIL
7.06529330465967,10.9905327767821,1.61675116768604,6.08343329841739,0.0392945374845316,-0.0527374906443376,188.648648648649,49.3332485086292,57.3862695766838,164.401482438515,19.7681905074345,FAIL
3.07791891178405,10.1717202208911,4.07123751616328,1.77933355696509,-0.109179039561411,-0.144655490257153,250.27027027027,31.4646053663448,175.612287018628,41.8630410940746,17.1120603858629,FAIL
8.92499875475538,9.60889344246859,4.55777121167838,10.3063923870939,0.271304511491449,0.198791926690929,144.864864864865,43.400251584998,34.353675050878,241.660841592394,23.257260076906,FAIL
8.08839850602274,4.48903915536054,1.23506622951113,9.73349718290619,0.0648171971165522,0.0258404778677044,125.945945945946,41.9390324193914,25.1060571392074,201.721521976595,23.7144808343418,FAIL
6.6512556694462,6.20930229834495,1.28290328682593,2.4348834463432,0.143470184485936,0.050108881048323,217.567567567568,42.9054794404157,102.891890640956,56.9269401058783,18.0197192092379,FAIL
8.50410540050664,6.48077558566995,7.24505824200833,8.82279307175983,0.321103807987888,0.259292092570816,143.243243243243,43.6037442345454,32.6356038030166,203.582247287287,22.8055569123422,FAIL
3.70251806651317,4.77423010176449,6.23264728310785,7.98161235714523,0.0109456177379016,-0.0317786807897406,145.135135135135,45.2273451066704,30.2317756325202,191.12077488954,21.7408941729218,FAIL
1.38945902314672,3.97643492107666,5.56413814996773,3.65855703567561,-0.193809856947073,-0.235495959653355,162.432432432432,-343.05677403661,54.9896335657357,41.5521081245449,18.1451100334707,FAIL
4.81482609589628,12.3525198142355,9.54092382535757,7.95351681009229,0.106640900053328,0.0297107915094957,178.378378378378,48.6837142683883,47.5641615045056,231.254041550958,20.6535500606231,FAIL
5.25021406490509,10.1701397820436,1.30534030465875,6.49811784825533,-0.101901528560982,-0.167849722332631,187.027027027027,49.9401924952568,51.6331303055949,180.593083033526,19.7322827210937,FAIL
8.78046524099725,5.87063633253429,7.55596351196419,1.60849215353063,2.09259009792635,1.88428968748746,206.216216216216,24.0827420402932,151.493139709114,31.532187103206,18.0306267143876,FAIL
3.39333860522962,9.45864669219578,3.25405917183285,3.60456330632643,-0.0822865125147039,-0.138571893061066,228.108108108108,50.4636207367674,85.6895939341155,101.026129601405,17.9806196665007,FAIL
3.09955332033797,1.84238556039966,5.76078454474165,4.69737834493485,0.0795601790559822,0.0494972003814895,151.621621621622,43.2538794785599,30.7167173545654,105.378712663313,20.1443073259488,PASS
6.80030616474676,4.96284601512271,8.6358499328479,5.10341265735873,0.410193925636741,0.345918192134964,175.405405405405,47.3913678939359,46.1799111133661,129.786636335333,19.9511958491276,FAIL
2.91441919761178,8.20888934739732,4.5711554296689,3.59721286375521,-0.10707727073827,-0.159749534379159,225.945945945946,50.7310795617424,79.9721840273828,101.795457992521,17.9720642045765,FAIL
2.93123406152447,1.60006223389661,3.65678557558392,8.25593912034249,0.0545529282558618,0.0340902511139046,38.1081081081081,12.2538609415825,18.0408122945725,21.2933835970903,24.7161281742219,FAIL
4.44643881468195,5.49443096501518,1.11193227710382,4.48936686658064,-0.0410826599488794,-0.0880847800806358,194.864864864865,49.809795590294,53.6375201931967,121.600015834516,18.8129555339515,FAIL
1.73684405543946,6.38838072458399,3.86716737320973,9.81138471016683,-0.17454753653221,-0.218154291662853,116.216216216216,34.4491250741215,28.7769000969955,143.841487389696,22.2448771451068,FAIL
5.97337097665345,4.75402304364243,1.43673303459523,1.83041735871045,0.248210630541991,0.173694116679179,221.891891891892,36.5359458266364,118.661352194279,39.9232459874535,17.6900772339294,FAIL
7.72773330081453,5.31221835777262,3.40460083303878,9.42663768456793,0.164424891979543,0.117826839677496,133.243243243243,42.5555052209409,27.9855178846403,203.636402484939,23.354823112569,FAIL
7.64830756453466,11.7984087571126,4.74832358748338,2.38361889153296,1.45839678160497,1.24638076732374,220,35.1273982209908,145.03164635868,54.4130199770141,18.0570968471127,FAIL
4.6394198059084,2.58659235920181,5.22147549549578,7.86560953321944,0.0994084646498162,0.0693812112453479,124.054054054054,41.7867431688261,23.2924998819549,156.15807035208,23.1334898505731,PASS
9.94020609269641,9.8050552806198,4.46697276593709,3.21501327337803,1.22832740248217,1.00296546190526,202.162162162162,43.4574964387382,100.124400482571,74.8543691013881,18.8394198748289,FAIL
4.73556151467374,8.40525573123593,1.72126636856983,1.84981575696993,0.0712069527304082,0.000954139685713784,237.027027027027,33.721148310041,154.89051389994,41.9183283148105,17.4111650701019,FAIL
1.22194611558525,10.768403441835,2.63317410241375,4.62778897538083,-0.554885035547564,-0.609850779563857,209.459459459459,13.2767597237467,71.3678389196672,29.0645680888939,18.0581411127643,FAIL
9.45272245197787,4.24598895988832,8.2430428165766,7.48948341630194,0.395931058464769,0.340387315421764,139.72972972973,42.7513894121801,30.992998652064,161.356521430762,22.6216477278334,FAIL
7.21435244828835,12.1110218786954,6.50618495974893,3.27521100315925,1.1355781913544,0.977464801395958,217.567567567568,45.4084030803552,107.925195468371,84.297593636409,18.3914360695625,FAIL
9.24248062619421,8.19437299578753,2.43205251795909,4.70947307366607,0.397439994245859,0.273624877065458,188.378378378378,47.7713467210404,63.6717580476263,117.47463422786,19.561167171956,FAIL
6.55436599657198,2.49936904479394,8.70368063109571,2.61731288242208,0.627917143677609,0.574915276003303,194.864864864865,41.4957883383058,61.7005852253854,59.043775754653,18.6008007001832,FAIL
5.6763150471776,3.56729628710716,2.03296460088488,4.97553319537064,0.137309749158879,0.0938678034868149,169.459459459459,46.8898219914473,39.9699526816452,122.002323029331,19.7642125888288,PASS
9.63693295119748,7.33179399420297,7.16966542554948,9.83952827605266,0.360925663507127,0.294518468349738,138.378378378378,42.368563512075,31.6899052142398,219.797273473076,23.6402658858985,FAIL
3.20267130772407,2.50199486424794,4.83822272539384,6.58933640193101,0.0423781262649164,0.0108796726348223,136.756756756757,44.044674024973,26.3752563800713,144.904628240953,21.5210025886373,FAIL
4.96504424236778,6.04483840749569,8.02487353292187,9.91453894102876,0.064625220156614,0.0189182822011905,135.675675675676,43.0065637515938,28.360480331306,226.173648853134,23.3163028836552,FAIL
4.29961743751307,5.49216677341968,7.8249175503487,2.23390470373367,0.451173854668211,0.39560556830634,230.810810810811,43.791121848356,104.406946522793,55.9593293979757,17.6569843465294,FAIL
8.32601662887468,10.0930475618801,2.99834741582157,6.20805972326211,0.333114692441301,0.228401710786593,181.351351351351,48.3092211106491,54.4418056279739,162.66581802882,20.1756097167172,FAIL
3.86437577179341,7.36814405769395,7.24119160415074,1.93102579033458,0.409333153621331,0.355695890745826,241.351351351351,39.0190951288951,138.748692489797,47.291975061691,17.3679280942113,FAIL
9.6223389695583,12.0355090348594,2.12788839498636,4.78369435401234,0.370357199914429,0.193236920999925,194.594594594595,47.5996032300006,75.7657582368858,119.763299448095,19.4572072676884,FAIL
4.2605124710433,9.67804274504016,8.59948984956856,3.96046534876802,0.24638181293811,0.173735673287184,219.72972972973,50.5520465248463,79.7072824371318,115.230494891622,18.3557899247171,FAIL
9.12416428730674,1.79421147731733,5.19780377274349,6.84248264515792,0.29902771249954,0.269197000394865,118.918918918919,39.0542723834017,22.5883167716615,117.856111999311,23.7352435129278,FAIL
6.88528808970022,8.41154316420847,5.39038616738731,6.59719223539628,0.315573186301533,0.2382303743538,175.135135135135,48.1676943892531,47.0466125311779,176.313294825721,20.4160392407044,FAIL
8.13703823249298,10.6126818636628,7.49991114763393,3.51493910055064,1.20461586615264,1.03986805882887,208.918918918919,46.2845177820139,94.9353221507513,89.853145091195,18.7041637140358,FAIL
1.71529872239412,8.5451042120756,7.30911465063266,6.17981440622174,-0.307175960773458,-0.366535641058612,188.648648648649,50.0290337168221,49.1968290324519,150.658950768744,19.2832351838881,FAIL
8.65627885253891,11.6076978922348,1.70539063079261,4.87308101778656,0.176625064512271,0.0327074591497063,196.756756756757,48.3913069647918,72.8386398053343,125.252445439972,19.3489318782884,FAIL
2.5838577463531,2.69837841917062,6.41622245747626,8.05367701033522,-0.00228992701801145,-0.0327437011526767,120.540540540541,42.4883530143834,23.1383037357486,168.549561913048,22.9414451272378,FAIL
5.85778126721666,9.51127693406841,9.82542399731746,3.98934524900441,0.620147452164382,0.525479652374801,211.891891891892,49.4410195234444,79.069177305105,111.833152046884,18.6488060928006,FAIL
7.31360109409146,7.79084967449784,9.83072617541466,4.41988623338471,0.711980365423864,0.6121677116939,195.945945945946,48.637893148225,65.6040139706752,118.429403872758,19.2384622718947,FAIL
9.58910932317933,1.89505729235071,1.5535268392408,2.55278838142082,0.433170936724357,0.371114222798215,180,37.1156037934857,55.715703672906,50.9406726674132,19.0298208010822,FAIL
3.97312591016016,8.99041939299174,5.52215124318302,9.7534659635877,-0.0514317646803649,-0.106146922299435,152.432432432432,45.7293955507673,34.2254789462771,248.484063261673,22.0957748854224,FAIL
2.99186218240866,2.70861653291922,5.66035387258032,6.63737925268465,0.0248900090017459,-0.00831244439419221,138.918918918919,44.3795294242707,27.1804402538794,148.772917627993,21.4205634212588,FAIL
5.94385381043061,8.43736766260967,3.34277488390348,6.03491870268021,0.169854813972243,0.0990088157120074,183.783783783784,49.24751985986,50.7582385214104,164.396740531545,19.82536229168,FAIL
1.69806845627827,3.88498807072202,7.17942103383122,5.05820215843567,-0.125565540314529,-0.168766312906723,172.432432432432,46.8186445202071,40.515756579718,116.889819976094,19.2718211241753,FAIL
6.29011286795164,5.91519587560987,2.79980387172218,4.0114053047708,0.279945921318215,0.210422825894815,197.837837837838,48.5508170897132,62.3836264884829,103.896789825023,18.8728447675111,FAIL
7.80697784129291,6.50076659793359,6.70333829593208,3.7392825808083,0.757144543209979,0.655033600318457,198.108108108108,47.4347409786972,70.3571917486286,94.5881770529432,18.9802167015479,FAIL
6.87700613748788,6.56763861239127,5.14917143609446,5.18855760329533,0.379350410291067,0.304863792313172,183.243243243243,48.4772798859974,51.9198594939943,136.281760073548,19.6980496964614,FAIL
7.816158616192,2.49303931385703,8.97145979904578,8.49508558871882,0.240476916447114,0.209507578310359,115.405405405405,38.7846169735519,21.9545304038911,148.935844473378,24.872925489097,FAIL
4.40780224487691,5.46452226591149,4.90456088140103,8.40570324811784,0.036241236463927,-0.00866463683451824,145.675675675676,45.2034975072045,30.8354597230992,202.18149312255,21.9163858092475,FAIL
8.01481948552022,6.50077036114516,7.20414900344752,9.8653920873945,0.252598462792417,0.197884266249797,135.945945945946,42.3369041919671,29.7530090099891,219.405153911262,23.6264155101006,FAIL
4.74636002341311,9.68195440869771,1.20289121235693,9.16092205090865,-0.124924017745789,-0.178438047590159,160.27027027027,47.1622265809047,37.1793349950766,237.272422495595,21.3594837345684,FAIL
2.07600171199418,2.89464194284538,3.93681377935686,9.44225951910263,-0.0277813562725479,-0.0557576950725348,104.054054054054,40.7184746821777,20.9023676491055,163.355031828096,23.9894423908898,FAIL
5.59983433400366,7.90080981256138,9.75334091484112,6.33972335587575,0.260685613748209,0.190720048008663,178.108108108108,48.7063832316886,47.172441617378,175.750566941875,20.1798480611037,FAIL
5.21791105767254,6.18069880643509,2.96127657139675,7.6470149268121,0.0582462029870952,0.00815310579971318,157.027027027027,46.7714084128236,35.3911126086785,192.674996684998,21.1254953712042,FAIL
9.33085656231608,4.39417278828125,1.19872092196489,7.05421206823115,0.100063398513969,0.0455214187403543,146.486486486486,44.6099733094608,32.7463005502272,159.166570504842,21.6479389209629,PASS
1.28675917136685,11.1749863292199,3.6341101610023,1.94851437607807,-1.09198070236932,-1.11437689547808,227.297297297297,19.7498492041703,166.895162856992,24.0507539661688,16.8701871908535,FAIL
2.95273514757686,2.61769738125906,6.4115158781212,3.18742956771445,0.0853527143917195,0.049222053344721,195.675675675676,45.7077473983099,51.545545587607,79.9430860160512,18.3829925460572,PASS
8.49494277478853,6.14941027902967,7.59042754231121,3.20446642092363,1.01190392161066,0.89035098145049,200.27027027027,45.6674129796178,79.4995849156382,77.4679250318579,18.8139452950639,FAIL
2.78682005810037,4.13199599496567,1.10884741674227,5.50210766327038,-0.0627663340060684,-0.099515805939941,171.621621621622,48.8039161816859,38.5547824525943,143.749442807797,19.4145337198459,FAIL
5.96875115035673,6.04824329564253,7.00438675814095,4.03673795100368,0.443548991299741,0.372157898652412,198.918918918919,48.7531024357287,62.7439099157762,107.389634162265,18.9080696572398,FAIL
9.01093865593526,10.3784601442079,7.65899843799599,8.34448334400901,0.495163699210014,0.399688863765573,161.351351351351,45.8584140668423,42.7024482842938,213.672691672954,21.8093994666089,FAIL
4.96322344651123,7.8951118990235,1.57722689469699,4.20326567054421,-0.00993593196745157,-0.0728439556039484,208.648648648649,50.1828999653646,68.231530744715,115.052700552783,18.5719623708746,FAIL
4.10026957222239,2.97019225312969,7.40240263990895,2.50525187760854,0.304731597982654,0.26347046731683,211.621621621622,43.7791501711229,69.1586140293057,61.262620470942,18.01702030755,FAIL
9.18304765803905,11.0114337833141,9.75305107810172,6.36027884013809,0.800164397074771,0.671656602548934,179.459459459459,47.7289865161438,55.9315374854374,170.413925711314,20.4877435678223,FAIL
6.74696423837061,12.3226250983009,5.88114413972397,5.66401395730968,0.489817800161653,0.383348426682337,196.486486486486,49.6003772779871,64.874151894068,159.61681526919,19.5326403986445,FAIL
1.1854866954432,2.03034992957022,7.48133972771588,6.11876537369199,-0.0578839633622996,-0.088284600320009,132.432432432432,43.7853812461702,25.425602673673,125.823350508877,21.2506095547448,FAIL
