L_fuse,W_total,Stall_Speed,Max_Speed,ROC_Stall,SM_0,SM_dry,Result
3.5,19.359814961332,50.4613085177137,214.864864864865,73.9875828670158,-0.0514911541276329,-0.109913253736833,FAIL
3.501,19.3599861092409,50.4615315655157,214.864864864865,73.9869157395083,-0.0513717392182095,-0.109796949281209,FAIL
3.502,19.3601572549561,50.4617546094727,214.864864864865,73.9862485091879,-0.0512523343776369,-0.109680656851754,FAIL
3.503,19.3603283984783,50.4619776495861,214.864864864865,73.9855811762318,-0.0511329396053974,-0.109564376447763,FAIL
3.504,19.3604995398085,50.4622006858568,214.864864864865,73.9849137408168,-0.0510135549009765,-0.109448108068532,FAIL
3.505,19.3606706789473,50.462423718286,214.864864864865,73.9842462031193,-0.0508941802638564,-0.109331851713358,FAIL
3.506,19.3608418158957,50.4626467468747,214.864864864865,73.9835785633154,-0.0507748156935228,-0.109215607381537,FAIL
3.507,19.3610129506544,50.4628697716242,214.864864864865,73.9829108215809,-0.0506554611894586,-0.109099375072366,FAIL
3.508,19.3611840832242,50.4630927925354,214.864864864865,73.9822429780911,-0.0505361167511492,-0.108983154785142,FAIL
3.509,19.361355213606,50.4633158096096,214.864864864865,73.9815750330211,-0.0504167823780786,-0.108866946519161,FAIL
3.51,19.3615263418005,50.4635388228477,214.864864864865,73.9809069865457,-0.0502974580697311,-0.108750750273721,FAIL
3.511,19.3616974678086,50.463761832251,214.864864864865,73.9802388388391,-0.050178143825592,-0.108634566048119,FAIL
3.512,19.3618685916311,50.4639848378205,214.864864864865,73.9795705900753,-0.0500588396451457,-0.108518393841653,FAIL
3.513,19.3620397132687,50.4642078395573,214.864864864865,73.9789022404282,-0.0499395455278777,-0.108402233653619,FAIL
3.514,19.3622108327224,50.4644308374626,214.864864864865,73.9782337900708,-0.0498202614732718,-0.108286085483317,FAIL
3.515,19.3623819499928,50.4646538315373,214.864864864865,73.9775652391764,-0.0497009874808145,-0.108169949330043,FAIL
3.516,19.3625530650808,50.4648768217827,214.864864864865,73.9768965879174,-0.0495817235499907,-0.108053825193096,FAIL
3.517,19.3627241779873,50.4650998081998,214.864864864865,73.9762278364662,-0.0494624696802859,-0.107937713071775,FAIL
3.518,19.362895288713,50.4653227907898,214.864864864865,73.9755589849947,-0.0493432258711858,-0.107821612965378,FAIL
3.519,19.3630663972586,50.4655457695537,214.864864864865,73.9748900336747,-0.0492239921221758,-0.107705524873202,FAIL
3.52,19.3632375036251,50.4657687444926,214.864864864865,73.9742209826773,-0.0491047684327414,-0.107589448794548,FAIL
3.521,19.3634086078133,50.4659917156076,214.864864864865,73.9735518321734,-0.0489855548023699,-0.107473384728714,FAIL
3.522,19.3635797098238,50.4662146828999,214.864864864865,73.9728825823338,-0.0488663512305464,-0.107357332674999,FAIL
3.523,19.3637508096577,50.4664376463705,214.864864864865,73.9722132333287,-0.0487471577167566,-0.107241292632702,FAIL
3.524,19.3639219073155,50.4666606060205,214.864864864865,73.971543785328,-0.0486279742604876,-0.107125264601124,FAIL
3.525,19.3640930027982,50.466883561851,214.864864864865,73.9708742385013,-0.0485088008612262,-0.107009248579562,FAIL
3.526,19.3642640961065,50.4671065138632,214.864864864865,73.9702045930179,-0.0483896375184579,-0.106893244567318,FAIL
3.527,19.3644351872413,50.467329462058,214.864864864865,73.9695348490467,-0.0482704842316706,-0.106777252563691,FAIL
3.528,19.3646062762033,50.4675524064367,214.864864864865,73.9688650067564,-0.0481513410003501,-0.106661272567981,FAIL
3.529,19.3647773629933,50.4677753470002,214.864864864865,73.9681950663152,-0.048032207823984,-0.106545304579488,FAIL
3.53,19.3649484476122,50.4679982837497,214.864864864865,73.9675250278911,-0.0479130847020589,-0.106429348597513,FAIL
3.531,19.3651195300607,50.4682212166863,214.864864864865,73.9668548916516,-0.0477939716340622,-0.106313404621357,FAIL
3.532,19.3652906103397,50.4684441458111,214.864864864865,73.9661846577641,-0.047674868619482,-0.10619747265032,FAIL
3.533,19.3654616884499,50.4686670711251,214.864864864865,73.9655143263955,-0.0475557756578046,-0.106081552683702,FAIL
3.534,19.3656327643922,50.4688899926295,214.864864864865,73.9648438977126,-0.0474366927485174,-0.105965644720806,FAIL
3.535,19.3658038381673,50.4691129103253,214.864864864865,73.9641733718814,-0.0473176198911091,-0.105849748760931,FAIL
3.536,19.365974909776,50.4693358242137,214.864864864865,73.9635027490682,-0.0471985570850668,-0.105733864803381,FAIL
3.537,19.3661459792191,50.4695587342957,214.864864864865,73.9628320294384,-0.0470795043298795,-0.105617992847455,FAIL
3.538,19.3663170464975,50.4697816405723,214.864864864865,73.9621612131575,-0.046960461625034,-0.105502132892457,FAIL
3.539,19.3664881116119,50.4700045430448,214.864864864865,73.9614903003904,-0.046841428970019,-0.105386284937687,FAIL
3.54,19.3666591745631,50.4702274417142,214.864864864865,73.9608192913019,-0.046722406364323,-0.105270448982448,FAIL
3.541,19.3668302353519,50.4704503365815,214.864864864865,73.9601481860563,-0.0466033938074338,-0.105154625026041,FAIL
3.542,19.3670012939792,50.4706732276478,214.864864864865,73.9594769848176,-0.0464843912988407,-0.105038813067771,FAIL
3.543,19.3671723504456,50.4708961149143,214.864864864865,73.9588056877497,-0.0463653988380324,-0.104923013106937,FAIL
3.544,19.367343404752,50.471118998382,214.864864864865,73.9581342950158,-0.0462464164244965,-0.104807225142844,FAIL
3.545,19.3675144568992,50.4713418780521,214.864864864865,73.9574628067791,-0.0461274440577235,-0.104691449174795,FAIL
3.546,19.367685506888,50.4715647539255,214.864864864865,73.9567912232025,-0.0460084817372015,-0.104575685202091,FAIL
3.547,19.3678565547191,50.4717876260033,214.864864864865,73.9561195444482,-0.0458895294624199,-0.104459933224037,FAIL
3.548,19.3680276003935,50.4720104942867,214.864864864865,73.9554477706785,-0.0457705872328678,-0.104344193239936,FAIL
3.549,19.3681986439117,50.4722333587768,214.864864864865,73.9547759020551,-0.045651655048035,-0.104228465249091,FAIL
3.55,19.3683696852747,50.4724562194746,214.864864864865,73.9541039387397,-0.0455327329074107,-0.104112749250805,FAIL
3.551,19.3685407244832,50.4726790763811,214.864864864865,73.9534318808934,-0.0454138208104845,-0.103997045244383,FAIL
3.552,19.3687117615381,50.4729019294975,214.864864864865,73.952759728677,-0.0452949187567467,-0.103881353229129,FAIL
3.553,19.36888279644,50.4731247788249,214.864864864865,73.9520874822513,-0.0451760267456873,-0.103765673204346,FAIL
3.554,19.3690538291899,50.4733476243642,214.864864864865,73.9514151417763,-0.0450571447767949,-0.103650005169339,FAIL
3.555,19.3692248597884,50.4735704661167,214.864864864865,73.950742707412,-0.0449382728495613,-0.103534349123413,FAIL
3.556,19.3693958882365,50.4737933040834,214.864864864865,73.9500701793182,-0.0448194109634762,-0.103418705065871,FAIL
3.557,19.3695669145347,50.4740161382653,214.864864864865,73.9493975576542,-0.0447005591180295,-0.10330307299602,FAIL
3.558,19.3697379386841,50.4742389686635,214.864864864865,73.9487248425789,-0.0445817173127123,-0.103187452913163,FAIL
3.559,19.3699089606852,50.4744617952792,214.864864864865,73.948052034251,-0.0444628855470153,-0.103071844816605,FAIL
3.56,19.370079980539,50.4746846181133,214.864864864865,73.9473791328291,-0.0443440638204285,-0.102956248705653,FAIL
3.561,19.3702509982462,50.474907437167,214.864864864865,73.9467061384711,-0.0442252521324434,-0.10284066457961,FAIL
3.562,19.3704220138076,50.4751302524412,214.864864864865,73.946033051335,-0.0441064504825512,-0.102725092437783,FAIL
3.563,19.3705930272239,50.4753530639372,214.864864864865,73.9453598715781,-0.0439876588702419,-0.102609532279478,FAIL
3.564,19.3707640384961,50.475575871656,214.864864864865,73.9446865993576,-0.0438688772950083,-0.102493984104,FAIL
3.565,19.3709350476247,50.4757986755986,214.864864864865,73.9440132348305,-0.0437501057563406,-0.102378447910656,FAIL
3.566,19.3711060546107,50.4760214757661,214.864864864865,73.9433397781534,-0.0436313442537308,-0.102262923698752,FAIL
3.567,19.3712770594548,50.4762442721595,214.864864864865,73.9426662294825,-0.0435125927866705,-0.102147411467593,FAIL
3.568,19.3714480621578,50.4764670647801,214.864864864865,73.9419925889737,-0.0433938513546512,-0.102031911216487,FAIL
3.569,19.3716190627204,50.4766898536287,214.864864864865,73.9413188567829,-0.0432751199571648,-0.10191642294474,FAIL
3.57,19.3717900611435,50.4769126387065,214.864864864865,73.9406450330653,-0.0431563985937032,-0.101800946651658,FAIL
3.571,19.3719610574278,50.4771354200146,214.864864864865,73.939971117976,-0.0430376872637591,-0.10168548233655,FAIL
3.572,19.3721320515742,50.4773581975539,214.864864864865,73.9392971116698,-0.0429189859668238,-0.101570029998722,FAIL
3.573,19.3723030435833,50.4775809713257,214.864864864865,73.9386230143013,-0.0428002947023896,-0.101454589637481,FAIL
3.574,19.3724740334561,50.4778037413309,214.864864864865,73.9379488260245,-0.0426816134699497,-0.101339161252135,FAIL
3.575,19.3726450211931,50.4780265075706,214.864864864865,73.9372745469934,-0.0425629422689964,-0.101223744841991,FAIL
3.576,19.3728160067953,50.4782492700459,214.864864864865,73.9366001773616,-0.0424442810990225,-0.101108340406357,FAIL
3.577,19.3729869902634,50.4784720287579,214.864864864865,73.9359257172823,-0.0423256299595204,-0.100992947944542,FAIL
3.578,19.3731579715982,50.4786947837075,214.864864864865,73.9352511669087,-0.042206988849983,-0.100877567455852,FAIL
3.579,19.3733289508005,50.4789175348959,214.864864864865,73.9345765263934,-0.0420883577699037,-0.100762198939597,FAIL
3.58,19.373499927871,50.4791402823241,214.864864864865,73.9339017958887,-0.0419697367187761,-0.100646842395085,FAIL
3.581,19.3736709028105,50.4793630259932,214.864864864865,73.933226975547,-0.0418511256960924,-0.100531497821625,FAIL
3.582,19.3738418756198,50.4795857659043,214.864864864865,73.9325520655199,-0.0417325247013464,-0.100416165218523,FAIL
3.583,19.3740128462997,50.4798085020584,214.864864864865,73.9318770659591,-0.0416139337340322,-0.100300844585091,FAIL
3.584,19.3741838148509,50.4800312344565,214.864864864865,73.9312019770158,-0.0414953527936429,-0.100185535920638,FAIL
3.585,19.3743547812743,50.4802539630998,214.864864864865,73.9305267988409,-0.0413767818796723,-0.100070239224471,FAIL
3.586,19.3745257455705,50.4804766879892,214.864864864865,73.9298515315852,-0.0412582209916142,-0.0999549544959005,FAIL
3.587,19.3746967077404,50.4806994091259,214.864864864865,73.9291761753991,-0.041139670128963,-0.0998396817342359,FAIL
3.588,19.3748676677847,50.4809221265109,214.864864864865,73.9285007304326,-0.0410211292912126,-0.0997244209387872,FAIL
3.589,19.3750386257043,50.4811448401452,214.864864864865,73.9278251968356,-0.0409025984778576,-0.0996091721088642,FAIL
3.59,19.3752095814998,50.48136755003,214.864864864865,73.9271495747576,-0.0407840776883915,-0.099493935243776,FAIL
3.591,19.3753805351721,50.4815902561662,214.864864864865,73.9264738643479,-0.0406655669223093,-0.0993787103428335,FAIL
3.592,19.3755514867219,50.4818129585549,214.864864864865,73.9257980657553,-0.0405470661791056,-0.099263497405347,FAIL
3.593,19.37572243615,50.4820356571972,214.864864864865,73.9251221791287,-0.0404285754582749,-0.0991482964306265,FAIL
3.594,19.3758933834572,50.4822583520941,214.864864864865,73.9244462046164,-0.0403100947593129,-0.0990331074179832,FAIL
3.595,19.3760643286442,50.4824810432467,214.864864864865,73.9237701423665,-0.0401916240817134,-0.0989179303667269,FAIL
3.596,19.3762352717118,50.482703730656,214.864864864865,73.9230939925269,-0.040073163424972,-0.098802765276169,FAIL
3.597,19.3764062126608,50.4829264143232,214.864864864865,73.922417755245,-0.0399547127885842,-0.0986876121456214,FAIL
3.598,19.3765771514919,50.4831490942491,214.864864864865,73.9217414306683,-0.0398362721720449,-0.0985724709743943,FAIL
3.599,19.376748088206,50.4833717704349,214.594594594595,73.9210650189436,-0.0397178415748495,-0.0984573417617992,FAIL
3.6,19.3769190228037,50.4835944428817,214.594594594595,73.9203885202177,-0.0395994209964934,-0.0983422245071477,FAIL
3.601,19.3770899552858,50.4838171115904,214.594594594595,73.919711934637,-0.0394810104364728,-0.0982271192097518,FAIL
3.602,19.3772608856532,50.4840397765622,214.594594594595,73.9190352623477,-0.0393626098942832,-0.0981120258689224,FAIL
3.603,19.3774318139066,50.4842624377981,214.594594594595,73.9183585034957,-0.0392442193694204,-0.0979969444839728,FAIL
3.604,19.3776027400467,50.484485095299,214.594594594595,73.9176816582265,-0.0391258388613803,-0.097881875054214,FAIL
3.605,19.3777736640743,50.4847077490662,214.594594594595,73.9170047266855,-0.0390074683696596,-0.0977668175789591,FAIL
3.606,19.3779445859902,50.4849303991005,214.594594594595,73.9163277090178,-0.038889107893754,-0.0976517720575198,FAIL
3.607,19.3781155057952,50.4851530454031,214.594594594595,73.9156506053681,-0.0387707574331603,-0.0975367384892096,FAIL
3.608,19.3782864234899,50.4853756879751,214.594594594595,73.9149734158809,-0.038652416987375,-0.0974217168733411,FAIL
3.609,19.3784573390752,50.4855983268174,214.594594594595,73.9142961407005,-0.0385340865558939,-0.0973067072092262,FAIL
3.61,19.3786282525519,50.485820961931,214.594594594595,73.9136187799708,-0.0384157661382147,-0.0971917094961792,FAIL
3.611,19.3787991639206,50.4860435933171,214.594594594595,73.9129413338356,-0.0382974557338335,-0.0970767237335127,FAIL
3.612,19.3789700731822,50.4862662209767,214.594594594595,73.9122638024381,-0.0381791553422482,-0.0969617499205401,FAIL
3.613,19.3791409803374,50.4864888449108,214.594594594595,73.9115861859216,-0.0380608649629548,-0.0968467880565751,FAIL
3.614,19.379311885387,50.4867114651205,214.594594594595,73.910908484429,-0.0379425845954514,-0.0967318381409316,FAIL
3.615,19.3794827883318,50.4869340816068,214.594594594595,73.9102306981029,-0.0378243142392352,-0.0966169001729231,FAIL
3.616,19.3796536891724,50.4871566943707,214.594594594595,73.9095528270855,-0.0377060538938029,-0.096501974151864,FAIL
3.617,19.3798245879097,50.4873793034133,214.594594594595,73.908874871519,-0.0375878035586527,-0.0963870600770678,FAIL
3.618,19.3799954845445,50.4876019087357,214.594594594595,73.9081968315451,-0.0374695632332817,-0.0962721579478492,FAIL
3.619,19.3801663790774,50.4878245103387,214.594594594595,73.9075187073055,-0.0373513329171881,-0.0961572677635223,FAIL
3.62,19.3803372715092,50.4880471082236,214.594594594595,73.9068404989413,-0.0372331126098705,-0.0960423895234028,FAIL
3.621,19.3805081618408,50.4882697023913,214.594594594595,73.9061622065936,-0.0371149023108259,-0.0959275232268044,FAIL
3.622,19.3806790500728,50.4884922928429,214.594594594595,73.9054838304031,-0.0369967020195523,-0.0958126688730422,FAIL
3.623,19.380849936206,50.4887148795794,214.594594594595,73.9048053705103,-0.0368785117355486,-0.0956978264614313,FAIL
3.624,19.3810208202412,50.4889374626019,214.594594594595,73.9041268270554,-0.0367603314583126,-0.0955829959912871,FAIL
3.625,19.3811917021791,50.4891600419113,214.594594594595,73.9034482001783,-0.036642161187344,-0.0954681774619256,FAIL
3.626,19.3813625820206,50.4893826175087,214.594594594595,73.9027694900187,-0.0365240009221396,-0.0953533708726608,FAIL
3.627,19.3815334597662,50.4896051893952,214.594594594595,73.9020906967161,-0.0364058506621995,-0.0952385762228095,FAIL
3.628,19.3817043354169,50.4898277575718,214.594594594595,73.9014118204096,-0.0362877104070223,-0.0951237935116872,FAIL
3.629,19.3818752089733,50.4900503220395,214.594594594595,73.9007328612381,-0.0361695801561059,-0.09500902273861,FAIL
3.63,19.3820460804362,50.4902728827993,214.594594594595,73.9000538193403,-0.0360514599089505,-0.0948942639028942,FAIL
3.631,19.3822169498063,50.4904954398523,214.594594594595,73.8993746948545,-0.0359333496650555,-0.0947795170038558,FAIL
3.632,19.3823878170845,50.4907179931994,214.594594594595,73.8986954879188,-0.0358152494239192,-0.0946647820408113,FAIL
3.633,19.3825586822715,50.4909405428419,214.594594594595,73.8980161986711,-0.0356971591850418,-0.0945500590130777,FAIL
3.634,19.3827295453679,50.4911630887806,214.594594594595,73.8973368272491,-0.0355790789479221,-0.0944353479199714,FAIL
3.635,19.3829004063747,50.4913856310165,214.594594594595,73.89665737379,-0.0354610087120604,-0.094320648760809,FAIL
3.636,19.3830712652924,50.4916081695508,214.594594594595,73.895977838431,-0.035342948476956,-0.0942059615349079,FAIL
3.637,19.383242122122,50.4918307043845,214.594594594595,73.8952982213089,-0.0352248982421093,-0.0940912862415855,FAIL
3.638,19.383412976864,50.4920532355185,214.594594594595,73.8946185225603,-0.0351068580070191,-0.0939766228801586,FAIL
3.639,19.3835838295194,50.492275762954,214.594594594595,73.8939387423214,-0.0349888277711873,-0.0938619714499455,FAIL
3.64,19.3837546800887,50.4924982866918,214.594594594595,73.8932588807285,-0.0348708075341129,-0.0937473319502633,FAIL
3.641,19.3839255285729,50.4927208067331,214.594594594595,73.8925789379172,-0.0347527972952967,-0.09363270438043,FAIL
3.642,19.3840963749726,50.4929433230789,214.594594594595,73.8918989140232,-0.0346347970542388,-0.0935180887397636,FAIL
3.643,19.3842672192885,50.4931658357302,214.594594594595,73.8912188091818,-0.0345168068104401,-0.0934034850275824,FAIL
3.644,19.3844380615215,50.493388344688,214.594594594595,73.8905386235279,-0.0343988265634012,-0.0932888932432039,FAIL
3.645,19.3846089016722,50.4936108499534,214.594594594595,73.8898583571966,-0.0342808563126226,-0.0931743133859476,FAIL
3.646,19.3847797397415,50.4938333515274,214.594594594595,73.8891780103222,-0.0341628960576055,-0.0930597454551312,FAIL
3.647,19.38495057573,50.4940558494109,214.594594594595,73.8884975830392,-0.0340449457978508,-0.0929451894500736,FAIL
3.648,19.3851214096386,50.4942783436051,214.594594594595,73.8878170754815,-0.0339270055328601,-0.0928306453700947,FAIL
3.649,19.3852922414679,50.4945008341109,214.594594594595,73.887136487783,-0.0338090752621341,-0.0927161132145115,FAIL
3.65,19.3854630712187,50.4947233209293,214.594594594595,73.8864558200772,-0.0336911549851743,-0.0926015929826454,FAIL
3.651,19.3856338988917,50.4949458040614,214.594594594595,73.8857750724975,-0.0335732447014819,-0.0924870846738137,FAIL
3.652,19.3858047244878,50.4951682835083,214.594594594595,73.8850942451769,-0.0334553444105592,-0.0923725882873373,FAIL
3.653,19.3859755480076,50.4953907592708,214.594594594595,73.8844133382483,-0.0333374541119075,-0.0922581038225353,FAIL
3.654,19.3861463694519,50.4956132313501,214.594594594595,73.8837323518442,-0.0332195738050287,-0.0921436312787278,FAIL
3.655,19.3863171888214,50.4958356997471,214.594594594595,73.8830512860969,-0.0331017034894245,-0.0920291706552341,FAIL
3.656,19.3864880061169,50.4960581644629,214.594594594595,73.8823701411386,-0.0329838431645978,-0.0919147219513752,FAIL
3.657,19.3866588213391,50.4962806254984,214.594594594595,73.881688917101,-0.0328659928300495,-0.0918002851664705,FAIL
3.658,19.3868296344887,50.4965030828548,214.594594594595,73.8810076141158,-0.0327481524852827,-0.091685860299841,FAIL
3.659,19.3870004455666,50.496725536533,214.594594594595,73.8803262323144,-0.0326303221298002,-0.0915714473508066,FAIL
3.66,19.3871712545734,50.496947986534,214.594594594595,73.8796447718277,-0.0325125017631034,-0.0914570463186885,FAIL
3.661,19.3873420615099,50.4971704328589,214.594594594595,73.8789632327868,-0.0323946913846956,-0.091342657202807,FAIL
3.662,19.3875128663768,50.4973928755086,214.594594594595,73.8782816153222,-0.0322768909940792,-0.0912282800024836,FAIL
3.663,19.3876836691748,50.4976153144841,214.594594594595,73.8775999195643,-0.0321591005907579,-0.0911139147170396,FAIL
3.664,19.3878544699048,50.4978377497866,214.594594594595,73.8769181456432,-0.032041320174234,-0.0909995613457957,FAIL
3.665,19.3880252685674,50.4980601814169,214.594594594595,73.8762362936889,-0.0319235497440098,-0.090885219888073,FAIL
3.666,19.3881960651634,50.4982826093762,214.594594594595,73.8755543638311,-0.0318057892995901,-0.0907708903431944,FAIL
3.667,19.3883668596936,50.4985050336653,214.594594594595,73.874872356199,-0.0316880388404777,-0.0906565727104811,FAIL
3.668,19.3885376521585,50.4987274542854,214.594594594595,73.8741902709221,-0.0315702983661745,-0.0905422669892538,FAIL
3.669,19.3887084425591,50.4989498712374,214.594594594595,73.8735081081291,-0.031452567876186,-0.0904279731788359,FAIL
3.67,19.388879230896,50.4991722845224,214.594594594595,73.8728258679488,-0.0313348473700159,-0.0903136912785494,FAIL
3.671,19.38905001717,50.4993946941413,214.594594594595,73.8721435505097,-0.0312171368471663,-0.0901994212877161,FAIL
3.672,19.3892208013818,50.4996171000952,214.594594594595,73.87146115594,-0.0310994363071422,-0.0900851632056587,FAIL
3.673,19.3893915835322,50.499839502385,214.594594594595,73.8707786843677,-0.0309817457494477,-0.0899709170317001,FAIL
3.674,19.3895623636218,50.5000619010118,214.594594594595,73.8700961359207,-0.0308640651735862,-0.0898566827651629,FAIL
3.675,19.3897331416514,50.5002842959766,214.594594594595,73.8694135107263,-0.0307463945790626,-0.0897424604053697,FAIL
3.676,19.3899039176218,50.5005066872804,214.594594594595,73.868730808912,-0.0306287339653809,-0.0896282499516442,FAIL
3.677,19.3900746915337,50.5007290749241,214.594594594595,73.8680480306048,-0.0305110833320456,-0.0895140514033087,FAIL
3.678,19.3902454633878,50.5009514589089,214.594594594595,73.8673651759315,-0.0303934426785609,-0.0893998647596875,FAIL
3.679,19.3904162331848,50.5011738392356,214.594594594595,73.8666822450187,-0.0302758120044325,-0.089285690020104,FAIL
3.68,19.3905870009256,50.5013962159054,214.594594594595,73.8659992379929,-0.0301581913091641,-0.089171527183881,FAIL
3.681,19.3907577666107,50.5016185889191,214.594594594595,73.8653161549801,-0.0300405805922608,-0.0890573762503433,FAIL
3.682,19.390928530241,50.5018409582778,214.594594594595,73.8646329961062,-0.0299229798532279,-0.088943237218814,FAIL
3.683,19.3910992918172,50.5020633239826,214.594594594595,73.863949761497,-0.0298053890915704,-0.0888291100886183,FAIL
3.684,19.39127005134,50.5022856860343,214.594594594595,73.8632664512778,-0.0296878083067933,-0.0887149948590789,FAIL
3.685,19.3914408088102,50.5025080444341,214.594594594595,73.862583065574,-0.0295702374984024,-0.0886008915295218,FAIL
3.686,19.3916115642284,50.5027303991829,214.594594594595,73.8618996045104,-0.029452676665903,-0.0884868000992708,FAIL
3.687,19.3917823175954,50.5029527502817,214.594594594595,73.8612160682118,-0.0293351258088003,-0.0883727205676506,FAIL
3.688,19.391953068912,50.5031750977314,214.594594594595,73.8605324568029,-0.0292175849266004,-0.0882586529339862,FAIL
3.689,19.3921238181789,50.5033974415332,214.594594594595,73.8598487704078,-0.0291000540188092,-0.0881445971976021,FAIL
3.69,19.3922945653967,50.503619781688,214.594594594595,73.8591650091507,-0.0289825330849318,-0.0880305533578238,FAIL
3.691,19.3924653105663,50.5038421181968,214.594594594595,73.8584811731554,-0.0288650221244752,-0.087916521413977,FAIL
3.692,19.3926360536883,50.5040644510606,214.594594594595,73.8577972625456,-0.028747521136945,-0.0878025013653868,FAIL
3.693,19.3928067947635,50.5042867802803,214.594594594595,73.8571132774446,-0.0286300301218475,-0.0876884932113784,FAIL
3.694,19.3929775337926,50.5045091058571,214.594594594595,73.8564292179757,-0.0285125490786892,-0.0875744969512782,FAIL
3.695,19.3931482707764,50.5047314277918,214.594594594595,73.8557450842617,-0.0283950780069758,-0.087460512584411,FAIL
3.696,19.3933190057155,50.5049537460855,214.594594594595,73.8550608764255,-0.028277616906215,-0.0873465401101039,FAIL
3.697,19.3934897386107,50.5051760607392,214.594594594595,73.8543765945894,-0.0281601657759131,-0.0872325795276829,FAIL
3.698,19.3936604694627,50.5053983717539,214.594594594595,73.8536922388759,-0.0280427246155764,-0.087118630836474,FAIL
3.699,19.3938311982722,50.5056206791305,214.594594594595,73.8530078094069,-0.0279252934247124,-0.0870046940358035,FAIL
3.7,19.3940019250401,50.50584298287,214.594594594595,73.8523233063044,-0.0278078722028277,-0.0868907691249986,FAIL
3.701,19.3941726497669,50.5060652829735,214.594594594595,73.8516387296899,-0.0276904609494298,-0.0867768561033855,FAIL
3.702,19.3943433724534,50.5062875794419,214.594594594595,73.8509540796848,-0.0275730596640256,-0.0866629549702911,FAIL
3.703,19.3945140931004,50.5065098722762,214.594594594595,73.8502693564104,-0.0274556683461228,-0.0865490657250433,FAIL
3.704,19.3946848117085,50.5067321614774,214.594594594595,73.8495845599874,-0.027338286995228,-0.0864351883669676,FAIL
3.705,19.3948555282785,50.5069544470466,214.594594594595,73.8488996905369,-0.0272209156108503,-0.0863213228953932,FAIL
3.706,19.3950262428111,50.5071767289846,214.594594594595,73.8482147481791,-0.0271035541924961,-0.0862074693096465,FAIL
3.707,19.3951969553071,50.5073990072925,214.594594594595,73.8475297330345,-0.0269862027396737,-0.0860936276090555,FAIL
3.708,19.3953676657671,50.5076212819713,214.594594594595,73.8468446452231,-0.0268688612518908,-0.0859797977929477,FAIL
3.709,19.3955383741918,50.5078435530219,214.594594594595,73.8461594848647,-0.0267515297286552,-0.085865979860651,FAIL
3.71,19.3957090805821,50.5080658204453,214.594594594595,73.8454742520792,-0.026634208169476,-0.0857521738114938,FAIL
3.711,19.3958797849386,50.5082880842426,214.594594594595,73.8447889469858,-0.0265168965738604,-0.0856383796448041,FAIL
3.712,19.396050487262,50.5085103444147,214.594594594595,73.8441035697037,-0.0263995949413173,-0.0855245973599106,FAIL
3.713,19.396221187553,50.5087326009626,214.594594594595,73.8434181203521,-0.0262823032713547,-0.0854108269561413,FAIL
3.714,19.3963918858125,50.5089548538872,214.594594594595,73.8427325990497,-0.0261650215634811,-0.0852970684328244,FAIL
3.715,19.396562582041,50.5091771031896,214.324324324324,73.8420470059151,-0.0260477498172064,-0.0851833217892902,FAIL
3.716,19.3967332762393,50.5093993488708,214.324324324324,73.8413613410665,-0.0259304880320377,-0.0850695870248663,FAIL
3.717,19.3969039684082,50.5096215909317,214.324324324324,73.8406756046223,-0.025813236207485,-0.0849558641388822,FAIL
3.718,19.3970746585483,50.5098438293733,214.324324324324,73.8399897967003,-0.025695994343057,-0.0848421531306676,FAIL
3.719,19.3972453466604,50.5100660641966,214.324324324324,73.8393039174182,-0.025578762438263,-0.0847284539995505,FAIL
3.72,19.3974160327452,50.5102882954025,214.324324324324,73.8386179668935,-0.0254615404926117,-0.0846147667448623,FAIL
3.721,19.3975867168033,50.5105105229922,214.324324324324,73.8379319452436,-0.0253443285056125,-0.0845010913659311,FAIL
3.722,19.3977573988356,50.5107327469664,214.324324324324,73.8372458525855,-0.0252271264767756,-0.0843874278620875,FAIL
3.723,19.3979280788427,50.5109549673263,214.324324324324,73.8365596890362,-0.0251099344056096,-0.0842737762326607,FAIL
3.724,19.3980987568253,50.5111771840727,214.324324324324,73.8358734547122,-0.0249927522916249,-0.0841601364769821,FAIL
3.725,19.3982694327842,50.5113993972068,214.324324324324,73.8351871497301,-0.0248755801343311,-0.0840465085943805,FAIL
3.726,19.3984401067201,50.5116216067294,214.324324324324,73.834500774206,-0.0247584179332374,-0.0839328925841869,FAIL
3.727,19.3986107786337,50.5118438126415,214.324324324324,73.8338143282561,-0.0246412656878553,-0.0838192884457326,FAIL
3.728,19.3987814485257,50.5120660149441,214.324324324324,73.8331278119961,-0.0245241233976929,-0.0837056961783469,FAIL
3.729,19.3989521163967,50.5122882136382,214.324324324324,73.8324412255417,-0.0244069910622621,-0.0835921157813614,FAIL
3.73,19.3991227822476,50.5125104087247,214.324324324324,73.8317545690084,-0.0242898686810725,-0.0834785472541069,FAIL
3.731,19.3992934460791,50.5127326002047,214.324324324324,73.8310678425112,-0.0241727562536348,-0.0833649905959142,FAIL
3.732,19.3994641078918,50.5129547880791,214.324324324324,73.8303810461653,-0.0240556537794586,-0.0832514458061147,FAIL
3.733,19.3996347676865,50.5131769723488,214.324324324324,73.8296941800854,-0.0239385612580557,-0.0831379128840404,FAIL
3.734,19.3998054254638,50.513399153015,214.324324324324,73.8290072443861,-0.0238214786889362,-0.0830243918290218,FAIL
3.735,19.3999760812245,50.5136213300784,214.324324324324,73.8283202391818,-0.0237044060716118,-0.0829108826403916,FAIL
3.736,19.4001467349694,50.5138435035401,214.324324324324,73.8276331645867,-0.0235873434055921,-0.0827973853174806,FAIL
3.737,19.400317386699,50.5140656734012,214.324324324324,73.8269460207147,-0.0234702906903895,-0.0826838998596212,FAIL
3.738,19.4004880364141,50.5142878396624,214.324324324324,73.8262588076797,-0.0233532479255149,-0.0825704262661465,FAIL
3.739,19.4006586841155,50.5145100023249,214.324324324324,73.8255715255953,-0.0232362151104784,-0.0824569645363865,FAIL
3.74,19.4008293298038,50.5147321613895,214.324324324324,73.8248841745747,-0.0231191922447932,-0.0823435146696756,FAIL
3.741,19.4009999734798,50.5149543168573,214.324324324324,73.8241967547311,-0.0230021793279697,-0.0822300766653454,FAIL
3.742,19.4011706151441,50.5151764687293,214.324324324324,73.8235092661776,-0.0228851763595196,-0.0821166505227292,FAIL
3.743,19.4013412547974,50.5153986170063,214.324324324324,73.8228217090268,-0.0227681833389547,-0.0820032362411589,FAIL
3.744,19.4015118924406,50.5156207616894,214.324324324324,73.8221340833914,-0.0226512002657869,-0.0818898338199679,FAIL
3.745,19.4016825280742,50.5158429027795,214.324324324324,73.8214463893837,-0.0225342271395286,-0.0817764432584897,FAIL
3.746,19.401853161699,50.5160650402776,214.324324324324,73.8207586271159,-0.0224172639596912,-0.0816630645560571,FAIL
3.747,19.4020237933156,50.5162871741846,214.324324324324,73.8200707966999,-0.0223003107257874,-0.0815496977120035,FAIL
3.748,19.4021944229249,50.5165093045016,214.324324324324,73.8193828982476,-0.0221833674373287,-0.0814363427256624,FAIL
3.749,19.4023650505275,50.5167314312295,214.324324324324,73.8186949318703,-0.0220664340938281,-0.0813229995963676,FAIL
3.75,19.402535676124,50.5169535543693,214.324324324324,73.8180068976797,-0.0219495106947986,-0.0812096683234532,FAIL
3.751,19.4027062997153,50.5171756739218,214.324324324324,73.8173187957867,-0.0218325972397513,-0.0810963489062524,FAIL
3.752,19.402876921302,50.5173977898882,214.324324324324,73.8166306263024,-0.0217156937281999,-0.0809830413440998,FAIL
3.753,19.4030475408848,50.5176199022693,214.324324324324,73.8159423893376,-0.0215988001596571,-0.0808697456363294,FAIL
3.754,19.4032181584644,50.5178420110661,214.324324324324,73.8152540850028,-0.0214819165336356,-0.080756461782276,FAIL
3.755,19.4033887740415,50.5180641162796,214.324324324324,73.8145657134084,-0.0213650428496488,-0.0806431897812736,FAIL
3.756,19.4035593876169,50.5182862179107,214.324324324324,73.8138772746646,-0.0212481791072096,-0.0805299296326574,FAIL
3.757,19.4037299991912,50.5185083159605,214.324324324324,73.8131887688814,-0.0211313253058312,-0.0804166813357619,FAIL
3.758,19.4039006087651,50.5187304104298,214.324324324324,73.8125001961686,-0.0210144814450267,-0.0803034448899216,FAIL
3.759,19.4040712163393,50.5189525013196,214.324324324324,73.8118115566358,-0.0208976475243104,-0.0801902202944722,FAIL
3.76,19.4042418219146,50.5191745886309,214.324324324324,73.8111228503923,-0.0207808235431949,-0.0800770075487489,FAIL
3.761,19.4044124254916,50.5193966723646,214.324324324324,73.8104340775475,-0.0206640095011941,-0.0799638066520865,FAIL
3.762,19.4045830270711,50.5196187525217,214.324324324324,73.8097452382104,-0.0205472053978225,-0.0798506176038214,FAIL
3.763,19.4047536266536,50.5198408291032,214.324324324324,73.8090563324897,-0.0204304112325933,-0.0797374404032889,FAIL
3.764,19.40492422424,50.52006290211,214.324324324324,73.8083673604941,-0.02031362700502,-0.0796242750498242,FAIL
3.765,19.405094819831,50.5202849715431,214.324324324324,73.8076783223321,-0.020196852714618,-0.079511121542764,FAIL
3.766,19.4052654134271,50.5205070374034,214.324324324324,73.8069892181118,-0.020080088360901,-0.0793979798814438,FAIL
3.767,19.4054360050292,50.5207290996919,214.324324324324,73.8063000479414,-0.0199633339433825,-0.0792848500652003,FAIL
3.768,19.4056065946379,50.5209511584095,214.324324324324,73.8056108119288,-0.019846589461578,-0.0791717320933699,FAIL
3.769,19.405777182254,50.5211732135573,214.324324324324,73.8049215101815,-0.0197298549150008,-0.079058625965288,FAIL
3.77,19.405947767878,50.5213952651361,214.324324324324,73.8042321428072,-0.0196131303031674,-0.0789455316802929,FAIL
3.771,19.4061183515108,50.5216173131468,214.324324324324,73.8035427099131,-0.019496415625591,-0.0788324492377204,FAIL
3.772,19.406288933153,50.5218393575906,214.324324324324,73.8028532116063,-0.0193797108817861,-0.0787193786369069,FAIL
3.773,19.4064595128053,50.5220613984682,214.324324324324,73.8021636479938,-0.019263016071269,-0.07860631987719,FAIL
3.774,19.4066300904684,50.5222834357807,214.324324324324,73.8014740191823,-0.0191463311935542,-0.0784932729579075,FAIL
3.775,19.406800666143,50.5225054695291,214.324324324324,73.8007843252782,-0.0190296562481566,-0.0783802378783961,FAIL
3.776,19.4069712398298,50.5227274997142,214.324324324324,73.8000945663881,-0.0189129912345921,-0.0782672146379937,FAIL
3.777,19.4071418115295,50.522949526337,214.324324324324,73.7994047426181,-0.0187963361523749,-0.0781542032360374,FAIL
3.778,19.4073123812428,50.5231715493985,214.324324324324,73.7987148540741,-0.0186796910010222,-0.0780412036718651,FAIL
3.779,19.4074829489703,50.5233935688996,214.324324324324,73.7980249008619,-0.018563055780048,-0.0779282159448146,FAIL
3.78,19.4076535147129,50.5236155848413,214.324324324324,73.7973348830873,-0.0184464304889685,-0.0778152400542244,FAIL
3.781,19.407824078471,50.5238375972244,214.324324324324,73.7966448008556,-0.0183298151272999,-0.077702275999432,FAIL
3.782,19.4079946402456,50.5240596060501,214.324324324324,73.795954654272,-0.0182132096945581,-0.0775893237797761,FAIL
3.783,19.4081652000372,50.5242816113192,214.324324324324,73.7952644434416,-0.0180966141902581,-0.0774763833945953,FAIL
3.784,19.4083357578465,50.5245036130326,214.324324324324,73.7945741684694,-0.0179800286139172,-0.077363454843228,FAIL
3.785,19.4085063136743,50.5247256111913,214.324324324324,73.7938838294599,-0.017863452965051,-0.0772505381250128,FAIL
3.786,19.4086768675212,50.5249476057963,214.324324324324,73.7931934265177,-0.0177468872431761,-0.0771376332392889,FAIL
3.787,19.4088474193879,50.5251695968485,214.324324324324,73.7925029597472,-0.0176303314478083,-0.0770247401853947,FAIL
3.788,19.4090179692751,50.5253915843488,214.324324324324,73.7918124292524,-0.0175137855784647,-0.0769118589626697,FAIL
3.789,19.4091885171835,50.5256135682983,214.324324324324,73.7911218351373,-0.0173972496346627,-0.0767989895704539,FAIL
3.79,19.4093590631138,50.5258355486977,214.324324324324,73.7904311775058,-0.0172807236159175,-0.0766861320080856,FAIL
3.791,19.4095296070666,50.5260575255482,214.324324324324,73.7897404564614,-0.017164207521747,-0.0765732862749049,FAIL
3.792,19.4097001490428,50.5262794988505,214.324324324324,73.7890496721075,-0.0170477013516668,-0.0764604523702511,FAIL
3.793,19.4098706890428,50.5265014686057,214.324324324324,73.7883588245474,-0.0169312051051961,-0.0763476302934646,FAIL
3.794,19.4100412270675,50.5267234348148,214.324324324324,73.7876679138842,-0.0168147187818504,-0.0762348200438849,FAIL
3.795,19.4102117631176,50.5269453974785,214.324324324324,73.7869769402206,-0.016698242381148,-0.0761220216208534,FAIL
3.796,19.4103822971936,50.527167356598,214.324324324324,73.7862859036595,-0.0165817759026051,-0.076009235023708,FAIL
3.797,19.4105528292964,50.5273893121741,214.324324324324,73.7855948043033,-0.01646531934574,-0.075896460251791,FAIL
3.798,19.4107233594265,50.5276112642077,214.324324324324,73.7849036422544,-0.0163488727100706,-0.0757836973044422,FAIL
3.799,19.4108938875847,50.5278332126999,214.324324324324,73.7842124176149,-0.0162324359951136,-0.0756709461810022,FAIL
3.8,19.4110644137717,50.5280551576515,214.324324324324,73.7835211304868,-0.0161160092003874,-0.0755582068808124,FAIL
3.801,19.4112349379881,50.5282770990636,214.324324324324,73.782829780972,-0.0159995923254097,-0.0754454794032129,FAIL
3.802,19.4114054602346,50.5284990369369,214.324324324324,73.782138369172,-0.015883185369699,-0.0753327637475454,FAIL
3.803,19.411575980512,50.5287209712725,214.324324324324,73.7814468951884,-0.015766788332773,-0.0752200599131512,FAIL
3.804,19.4117464988208,50.5289429020713,214.324324324324,73.7807553591223,-0.01565040121415,-0.0751073678993711,FAIL
3.805,19.4119170151618,50.5291648293342,214.324324324324,73.780063761075,-0.0155340240133478,-0.0749946877055471,FAIL
3.806,19.4120875295357,50.5293867530622,214.324324324324,73.7793721011472,-0.0154176567298854,-0.0748820193310202,FAIL
3.807,19.4122580419432,50.5296086732562,214.324324324324,73.7786803794399,-0.015301299363281,-0.0747693627751327,FAIL
3.808,19.4124285523848,50.5298305899172,214.324324324324,73.7779885960534,-0.0151849519130541,-0.0746567180372271,FAIL
3.809,19.4125990608614,50.5300525030461,214.324324324324,73.7772967510884,-0.0150686143787216,-0.0745440851166438,FAIL
3.81,19.4127695673736,50.5302744126437,214.324324324324,73.776604844645,-0.0149522867598043,-0.0744314640127262,FAIL
3.811,19.412940071922,50.5304963187111,214.324324324324,73.7759128768231,-0.0148359690558201,-0.0743188547248166,FAIL
3.812,19.4131105745075,50.5307182212492,214.324324324324,73.7752208477228,-0.0147196612662883,-0.0742062572522569,FAIL
3.813,19.4132810751305,50.5309401202589,214.324324324324,73.7745287574437,-0.0146033633907282,-0.0740936715943906,FAIL
3.814,19.4134515737919,50.5311620157411,214.324324324324,73.7738366060854,-0.0144870754286588,-0.0739810977505593,FAIL
3.815,19.4136220704923,50.5313839076968,214.324324324324,73.7731443937472,-0.0143707973795991,-0.0738685357201061,FAIL
3.816,19.4137925652323,50.531605796127,214.324324324324,73.7724521205284,-0.0142545292430694,-0.0737559855023749,FAIL
3.817,19.4139630580127,50.5318276810324,214.324324324324,73.7717597865279,-0.0141382710185886,-0.0736434470967079,FAIL
3.818,19.4141335488342,50.5320495624141,214.324324324324,73.7710673918445,-0.0140220227056767,-0.0735309205024487,FAIL
3.819,19.4143040376973,50.5322714402731,214.324324324324,73.770374936577,-0.0139057843038533,-0.073418405718941,FAIL
3.82,19.4144745246029,50.5324933146101,214.324324324324,73.7696824208239,-0.0137895558126382,-0.0733059027455277,FAIL
3.821,19.4146450095515,50.5327151854262,214.324324324324,73.7689898446836,-0.0136733372315518,-0.073193411581553,FAIL
3.822,19.4148154925439,50.5329370527223,214.324324324324,73.768297208254,-0.0135571285601137,-0.0730809322263608,FAIL
3.823,19.4149859735807,50.5331589164993,214.324324324324,73.7676045116334,-0.0134409297978442,-0.0729684646792946,FAIL
3.824,19.4151564526626,50.5333807767581,214.324324324324,73.7669117549195,-0.0133247409442636,-0.0728560089396987,FAIL
3.825,19.4153269297903,50.5336026334997,214.324324324324,73.76621893821,-0.0132085619988924,-0.0727435650069174,FAIL
3.826,19.4154974049644,50.533824486725,214.324324324324,73.7655260616023,-0.013092392961251,-0.0726311328802949,FAIL
3.827,19.4156678781857,50.5340463364349,214.324324324324,73.7648331251938,-0.0129762338308603,-0.0725187125591761,FAIL
3.828,19.4158383494548,50.5342681826304,214.054054054054,73.7641401290817,-0.0128600846072403,-0.0724063040429049,FAIL
3.829,19.4160088187724,50.5344900253123,214.054054054054,73.7634470733629,-0.0127439452899124,-0.0722939073308269,FAIL
3.83,19.4161792861391,50.5347118644816,214.054054054054,73.7627539581342,-0.0126278158783969,-0.0721815224222861,FAIL
3.831,19.4163497515557,50.5349337001393,214.054054054054,73.7620607834924,-0.0125116963722161,-0.072069149316629,FAIL
3.832,19.4165202150227,50.5351555322861,214.054054054054,73.7613675495339,-0.0123955867708895,-0.071956788013199,FAIL
3.833,19.416690676541,50.5353773609231,214.054054054054,73.7606742563551,-0.0122794870739391,-0.0718444385113428,FAIL
3.834,19.4168611361111,50.5355991860512,214.054054054054,73.759980904052,-0.0121633972808863,-0.071732100810405,FAIL
3.835,19.4170315937337,50.5358210076713,214.054054054054,73.7592874927207,-0.0120473173912525,-0.071619774909732,FAIL
3.836,19.4172020494095,50.5360428257844,214.054054054054,73.7585940224571,-0.0119312474045593,-0.0715074608086689,FAIL
3.837,19.4173725031392,50.5362646403912,214.054054054054,73.7579004933567,-0.0118151873203272,-0.0713951585065613,FAIL
3.838,19.4175429549234,50.5364864514929,214.054054054054,73.7572069055152,-0.011699137138079,-0.0712828680027552,FAIL
3.839,19.4177134047628,50.5367082590902,214.054054054054,73.7565132590278,-0.0115830968573365,-0.0711705892965975,FAIL
3.84,19.4178838526581,50.5369300631841,214.054054054054,73.7558195539897,-0.0114670664776217,-0.0710583223874346,FAIL
3.841,19.41805429861,50.5371518637756,214.054054054054,73.7551257904959,-0.0113510459984565,-0.0709460672746122,FAIL
3.842,19.4182247426191,50.5373736608655,214.054054054054,73.7544319686413,-0.0112350354193623,-0.0708338239574766,FAIL
3.843,19.4183951846861,50.5375954544547,214.054054054054,73.7537380885205,-0.0111190347398628,-0.070721592435375,FAIL
3.844,19.4185656248116,50.5378172445443,214.054054054054,73.7530441502282,-0.0110030439594782,-0.0706093727076536,FAIL
3.845,19.4187360629964,50.538039031135,214.054054054054,73.7523501538586,-0.0108870630777332,-0.0704971647736603,FAIL
3.846,19.4189064992411,50.5382608142278,214.054054054054,73.7516560995059,-0.0107710920941491,-0.0703849686327415,FAIL
3.847,19.4190769335463,50.5384825938237,214.054054054054,73.7509619872643,-0.0106551310082484,-0.0702727842842445,FAIL
3.848,19.4192473659128,50.5387043699235,214.054054054054,73.7502678172275,-0.0105391798195547,-0.0701606117275168,FAIL
3.849,19.4194177963412,50.5389261425282,214.054054054054,73.7495735894893,-0.01042323852759,-0.0700484509619055,FAIL
3.85,19.4195882248322,50.5391479116386,214.054054054054,73.7488793041433,-0.0103073071318781,-0.0699363019867587,FAIL
3.851,19.4197586513863,50.5393696772557,214.054054054054,73.7481849612828,-0.0101913856319412,-0.0698241648014237,FAIL
3.852,19.4199290760045,50.5395914393804,214.054054054054,73.7474905610012,-0.010075474027303,-0.0697120394052488,FAIL
3.853,19.4200994986871,50.5398131980136,214.054054054054,73.7467961033915,-0.00995957231748601,-0.0695999257975812,FAIL
3.854,19.420269919435,50.5400349531562,214.054054054054,73.7461015885466,-0.00984368050201467,-0.0694878239777702,FAIL
3.855,19.4204403382488,50.5402567048092,214.054054054054,73.7454070165592,-0.00972779858041184,-0.0693757339451634,FAIL
3.856,19.4206107551292,50.5404784529734,214.054054054054,73.7447123875221,-0.009611926552201,-0.0692636556991094,FAIL
3.857,19.4207811700768,50.5407001976498,214.054054054054,73.7495747990034,-0.00949606441690609,-0.0691515892389565,FAIL
3.858,19.4209515830924,50.5409219388392,214.054054054054,73.7488792819728,-0.00938021217405027,-0.0690395345640533,FAIL
3.859,19.4211219941764,50.5411436765427,214.054054054054,73.7481837084731,-0.0092643698231577,-0.0689274916737489,FAIL
3.86,19.4212924033297,50.541365410761,214.054054054054,73.7474880785959,-0.00914853736375265,-0.0688154605673922,FAIL
3.861,19.4214628105529,50.5415871414951,214.054054054054,73.7467923924324,-0.00903271479535928,-0.0687034412443324,FAIL
3.862,19.4216332158466,50.5418088687459,214.054054054054,73.7460966500739,-0.00891690211750085,-0.0685914337039182,FAIL
3.863,19.4218036192116,50.5420305925143,214.054054054054,73.7454008516114,-0.00880109932970274,-0.0684794379454996,FAIL
3.864,19.4219740206484,50.5422523128012,214.054054054054,73.7447049971357,-0.00868530643148824,-0.0683674539684251,FAIL
3.865,19.4221444201578,50.5424740296075,214.054054054054,73.7440090867378,-0.00856952342238282,-0.0682554817720455,FAIL
3.866,19.4223148177403,50.5426957429342,214.054054054054,73.743313120508,-0.0084537503019102,-0.0681435213557102,FAIL
3.867,19.4224852133968,50.5429174527822,214.054054054054,73.742617098537,-0.00833798706959576,-0.0680315727187684,FAIL
3.868,19.4226556071277,50.5431391591522,214.054054054054,73.7419210209148,-0.00822223372496333,-0.0679196358605706,FAIL
3.869,19.4228259989338,50.5433608620453,214.054054054054,73.7412248877316,-0.00810649026753874,-0.0678077107804673,FAIL
3.87,19.4229963888158,50.5435825614624,214.054054054054,73.7405286990775,-0.00799075669684601,-0.0676957974778074,FAIL
3.871,19.4231667767742,50.5438042574043,214.054054054054,73.7398324550422,-0.00787503301241144,-0.0675838959519433,FAIL
3.872,19.4233371628099,50.544025949872,214.054054054054,73.7391361557154,-0.00775931921375916,-0.0674720062022242,FAIL
3.873,19.4235075469233,50.5442476388664,214.054054054054,73.7384398011866,-0.00764361530041502,-0.0673601282280012,FAIL
3.874,19.4236779291152,50.5444693243883,214.054054054054,73.7377433915451,-0.00752792127190327,-0.0672482620286242,FAIL
3.875,19.4238483093863,50.5446910064387,214.054054054054,73.7370469268803,-0.00741223712775119,-0.0671364076034459,FAIL
3.876,19.4240186877371,50.5449126850185,214.054054054054,73.736350407281,-0.00729656286748248,-0.0670245649518156,FAIL
3.877,19.4241890641685,50.5451343601285,214.054054054054,73.7356538328363,-0.00718089849062464,-0.0669127340730857,FAIL
3.878,19.4243594386809,50.5453560317697,214.054054054054,73.734957203635,-0.00706524399670161,-0.0668009149666068,FAIL
3.879,19.4245298112751,50.545577699943,214.054054054054,73.7342605197656,-0.00694959938524053,-0.0666891076317307,FAIL
3.88,19.4247001819517,50.5457993646493,214.054054054054,73.7335637813165,-0.0068339646557668,-0.0665773120678087,FAIL
3.881,19.4248705507113,50.5460210258894,214.054054054054,73.7328669883761,-0.00671833980780678,-0.0664655282741934,FAIL
3.882,19.4250409175548,50.5462426836643,214.054054054054,73.7321701410327,-0.00660272484088642,-0.0663537562502358,FAIL
3.883,19.4252112824826,50.5464643379749,214.054054054054,73.731473239374,-0.00648711975453209,-0.066241995995288,FAIL
3.884,19.4253816454954,50.546685988822,214.054054054054,73.7307762834882,-0.00637152454827006,-0.0661302475087021,FAIL
3.885,19.425552006594,50.5469076362066,214.054054054054,73.7300792734628,-0.00625593922162682,-0.0660185107898307,FAIL
3.886,19.4257223657789,50.5471292801296,214.054054054054,73.7293822093854,-0.00614036377412885,-0.0659067858380253,FAIL
3.887,19.4258927230508,50.5473509205918,214.054054054054,73.7286850913435,-0.00602479820530299,-0.0657950726526393,FAIL
3.888,19.4260630784104,50.5475725575942,214.054054054054,73.7279879194244,-0.00590924251467562,-0.0656833712330255,FAIL
3.889,19.4262334318583,50.5477941911376,214.054054054054,73.7272906937152,-0.00579369670177421,-0.0655716815785364,FAIL
3.89,19.4264037833951,50.548015821223,214.054054054054,73.7265934143028,-0.00567816076612515,-0.0654600036885243,FAIL
3.891,19.4265741330216,50.5482374478512,214.054054054054,73.7258960812741,-0.00556263470725615,-0.065348337562343,FAIL
3.892,19.4267444807384,50.5484590710231,214.054054054054,73.7251986947158,-0.00544711852469326,-0.0652366831993454,FAIL
3.893,19.4269148265461,50.5486806907397,214.054054054054,73.7245012547145,-0.0053316122179653,-0.0651250405988847,FAIL
3.894,19.4270851704453,50.5489023070018,214.054054054054,73.7238037613566,-0.00521611578659786,-0.065013409760314,FAIL
3.895,19.4272555124368,50.5491239198103,214.054054054054,73.7231062147282,-0.00510062923011956,-0.0649017906829875,FAIL
3.896,19.4274258525212,50.5493455291662,214.054054054054,73.7224086149157,-0.00498515254805776,-0.0647901833662589,FAIL
3.897,19.4275961906991,50.5495671350702,214.054054054054,73.7217109620047,-0.00486968573993996,-0.0646785878094813,FAIL
3.898,19.4277665269712,50.5497887375233,214.054054054054,73.7210132560814,-0.00475422880529386,-0.0645670040120098,FAIL
3.899,19.4279368613381,50.5500103365264,214.054054054054,73.7203154972313,-0.0046387817436474,-0.0644554319731973,FAIL
3.9,19.4281071938005,50.5502319320803,214.054054054054,73.7196176855399,-0.00452334455452885,-0.0643438716923986,FAIL
3.901,19.428277524359,50.5504535241861,214.054054054054,73.7189198210927,-0.00440791723746514,-0.0642323231689679,FAIL
3.902,19.4284478530143,50.5506751128444,214.054054054054,73.7182219039749,-0.00429249979198565,-0.0641207864022596,FAIL
3.903,19.428618179767,50.5508966980563,214.054054054054,73.7175239342717,-0.00417709221761819,-0.0640092613916285,FAIL
3.904,19.4287885046178,50.5511182798227,214.054054054054,73.7168259120679,-0.00406169451389127,-0.0638977481364299,FAIL
3.905,19.4289588275674,50.5513398581443,214.054054054054,73.7161278374485,-0.00394630668033247,-0.0637862466360173,FAIL
3.906,19.4291291486162,50.5515614330222,214.054054054054,73.7154297104981,-0.00383092871647162,-0.0636747568897469,FAIL
3.907,19.4292994677652,50.5517830044571,214.054054054054,73.7147315313013,-0.00371556062183631,-0.0635632788969728,FAIL
3.908,19.4294697850147,50.55200457245,214.054054054054,73.7140332999425,-0.00360020239595582,-0.063451812657051,FAIL
3.909,19.4296401003656,50.5522261370018,214.054054054054,73.7133350165059,-0.00348485403835852,-0.0633403581693366,FAIL
3.91,19.4298104138184,50.5524476981134,214.054054054054,73.7126366810756,-0.00336951554857379,-0.063228915433185,FAIL
3.911,19.4299807253739,50.5526692557855,214.054054054054,73.7119382937357,-0.00325418692613089,-0.0631174844479527,FAIL
3.912,19.4301510350326,50.5528908100192,214.054054054054,73.7112398545701,-0.0031388681705582,-0.0630060652129945,FAIL
3.913,19.4303213427951,50.5531123608153,214.054054054054,73.7105413636623,-0.00302355928138542,-0.0628946577276664,FAIL
3.914,19.4304916486623,50.5533339081747,214.054054054054,73.709842821096,-0.00290826025814106,-0.0627832619913244,FAIL
3.915,19.4306619526346,50.5535554520982,214.054054054054,73.7091442269546,-0.00279297110035615,-0.0626718780033254,FAIL
3.916,19.4308322547127,50.5537769925868,214.054054054054,73.7084455813214,-0.00267769180755872,-0.062560505763025,FAIL
3.917,19.4310025548973,50.5539985296413,214.054054054054,73.7077468842796,-0.00256242237927939,-0.0624491452697795,FAIL
3.918,19.431172853189,50.5542200632627,214.054054054054,73.7070481359121,-0.00244716281504709,-0.0623377965229461,FAIL
3.919,19.4313431495884,50.5544415934517,214.054054054054,73.7063493363019,-0.00233191311439196,-0.0622264595218809,FAIL
3.92,19.4315134440963,50.5546631202094,214.054054054054,73.7056504855316,-0.00221667327684416,-0.0621151342659408,FAIL
3.921,19.4316837367132,50.5548846435365,214.054054054054,73.7049515836839,-0.00210144330193285,-0.0620038207544829,FAIL
3.922,19.4318540274397,50.5551061634339,214.054054054054,73.7042526308413,-0.00198622318918951,-0.0618925189868645,FAIL
3.923,19.4320243162766,50.5553276799025,214.054054054054,73.703553627086,-0.00187101293814296,-0.0617812289624421,FAIL
3.924,19.4321946032245,50.5555491929433,214.054054054054,73.7028545725002,-0.00175581254832413,-0.0616699506805737,FAIL
3.925,19.432364888284,50.555770702557,214.054054054054,73.7021554671661,-0.00164062201926352,-0.061558684140616,FAIL
3.926,19.4325351714557,50.5559922087446,214.054054054054,73.7014563111656,-0.00152544135049093,-0.0614474293419272,FAIL
3.927,19.4327054527403,50.5562137115069,214.054054054054,73.7007571045803,-0.00141027054153808,-0.0613361862838655,FAIL
3.928,19.4328757321384,50.5564352108449,214.054054054054,73.7000578474921,-0.00129510959193424,-0.0612249549657873,FAIL
3.929,19.4330460096507,50.5566567067593,214.054054054054,73.6993585399823,-0.00117995850121211,-0.0611137353870519,FAIL
3.93,19.4332162852778,50.5568781992511,214.054054054054,73.6986591821324,-0.00106481726890073,-0.0610025275470162,FAIL
3.931,19.4333865590204,50.5570996883211,214.054054054054,73.6979597740236,-0.000949685894531482,-0.0608913314450392,FAIL
3.932,19.433556830879,50.5573211739702,214.054054054054,73.697260315737,-0.00083456437763596,-0.060780147080479,FAIL
3.933,19.4337271008543,50.5575426561994,214.054054054054,73.6965608073536,-0.000719452717745428,-0.0606689744526946,FAIL
3.934,19.433897368947,50.5577641350094,214.054054054054,73.6958612489544,-0.00060435091439015,-0.0605578135610432,FAIL
3.935,19.4340676351577,50.5579856104011,214.054054054054,73.6951616406198,-0.000489258967102391,-0.0604466644048849,FAIL
3.936,19.4342378994871,50.5582070823755,214.054054054054,73.6944619824306,-0.000374176875413412,-0.0603355269835784,FAIL
3.937,19.4344081619357,50.5584285509333,214.054054054054,73.6937622744671,-0.000259104638855145,-0.0602244012964823,FAIL
3.938,19.4345784225042,50.5586500160755,213.783783783784,73.6930625168098,-0.000144042256958188,-0.0601132873429557,FAIL
3.939,19.4347486811932,50.558871477803,213.783783783784,73.6923627095387,-2.89897292554686e-05,-0.0600021851223583,FAIL
3.94,19.4349189380034,50.5590929361165,213.783783783784,73.691662852734,8.60529447226366e-05,-0.0598910946340486,FAIL
3.941,19.4350891929355,50.559314391017,213.783783783784,73.6909629464755,0.000201085765442421,-0.0597800158773869,FAIL
3.942,19.43525944599,50.5595358425054,213.783783783784,73.690262990843,0.000316108733372955,-0.0596689488517326,FAIL
3.943,19.4354296971675,50.5597572905825,213.783783783784,73.6895629859162,0.000431121848981864,-0.0595578935564454,FAIL
3.944,19.4355999464688,50.5599787352492,213.783783783784,73.6888629317746,0.000546125112736884,-0.0594468499908853,FAIL
3.945,19.4357701938945,50.5602001765063,213.783783783784,73.6881628284976,0.000661118525105642,-0.059335818154412,FAIL
3.946,19.4359404394451,50.5604216143548,213.783783783784,73.6874626761644,0.000776102086556874,-0.059224798046385,FAIL
3.947,19.4361106831214,50.5606430487954,213.783783783784,73.6867624748543,0.000891075797555652,-0.0591137896661665,FAIL
3.948,19.4362809249239,50.5608644798291,213.783783783784,73.6860622246461,0.00100603965857127,-0.0590027930131154,FAIL
3.949,19.4364511648533,50.5610859074568,213.783783783784,73.6853619256189,0.00112099367007079,-0.0588918080865921,FAIL
3.95,19.4366214029102,50.5613073316792,213.783783783784,73.6846615778512,0.00123593783252041,-0.0587808348859584,FAIL
3.951,19.4367916390952,50.5615287524973,213.783783783784,73.6839611814217,0.00135087214638829,-0.0586698734105737,FAIL
3.952,19.4369618734091,50.561750169912,213.783783783784,73.683260736409,0.00146579661214119,-0.0585589236598001,FAIL
3.953,19.4371321058523,50.561971583924,213.783783783784,73.6825602428913,0.00158071123024617,-0.0584479856329972,FAIL
3.954,19.4373023364256,50.5621929945343,213.783783783784,73.681859700947,0.00169561600116919,-0.0583370593295279,FAIL
3.955,19.4374725651296,50.5624144017438,213.783783783784,73.681159110654,0.00181051092537743,-0.0582261447487524,FAIL
3.956,19.4376427919649,50.5626358055532,213.783783783784,73.6804584720904,0.00192539600333819,-0.0581152418900321,FAIL
3.957,19.4378130169321,50.5628572059635,213.783783783784,73.679757785334,0.00204027123551731,-0.0580043507527283,FAIL
3.958,19.4379832400319,50.5630786029755,213.783783783784,73.6790570504627,0.0021551366223812,-0.0578934713362036,FAIL
3.959,19.4381534612648,50.5632999965901,213.783783783784,73.6783562675538,0.00226999216439649,-0.0577826036398189,FAIL
3.96,19.4383236806316,50.5635213868081,213.783783783784,73.6776554366849,0.00238483786202903,-0.0576717476629369,FAIL
3.961,19.4384938981329,50.5637427736305,213.783783783784,73.6769545579333,0.00249967371574589,-0.0575609034049184,FAIL
3.962,19.4386641137692,50.563964157058,213.783783783784,73.6762536313763,0.00261449972601213,-0.0574500708651265,FAIL
3.963,19.4388343275413,50.5641855370916,213.783783783784,73.6755526570909,0.00272931589329362,-0.0573392500429237,FAIL
3.964,19.4390045394496,50.564406913732,213.783783783784,73.6748516351542,0.00284412221805719,-0.0572284409376717,FAIL
3.965,19.439174749495,50.5646282869803,213.783783783784,73.6741505656428,0.00295891870076781,-0.0571176435487333,FAIL
3.966,19.4393449576779,50.5648496568371,213.783783783784,73.6734494486336,0.00307370534189155,-0.0570068578754711,FAIL
3.967,19.4395151639991,50.5650710233034,213.783783783784,73.6727482842032,0.0031884821418936,-0.0568960839172478,FAIL
3.968,19.4396853684591,50.56529238638,213.783783783784,73.6720470724279,0.00330324910123991,-0.0567853216734271,FAIL
3.969,19.4398555710586,50.5655137460678,213.783783783784,73.6713458133841,0.00341800622039579,-0.0566745711433707,FAIL
3.97,19.4400257717981,50.5657351023677,213.783783783784,73.6706445071481,0.00353275349982618,-0.0565638323264424,FAIL
3.971,19.4401959706784,50.5659564552805,213.783783783784,73.6699431537959,0.00364749093999639,-0.0564531052220059,FAIL
3.972,19.4403661677001,50.5661778048071,213.783783783784,73.6692417534035,0.00376221854137171,-0.0563423898294241,FAIL
3.973,19.4405363628637,50.5663991509482,213.783783783784,73.6685403060468,0.00387693630441732,-0.0562316861480608,FAIL
3.974,19.4407065561699,50.5666204937049,213.783783783784,73.6678388118013,0.0039916442295973,-0.0561209941772793,FAIL
3.975,19.4408767476193,50.5668418330779,213.783783783784,73.6671372707429,0.00410634231737728,-0.0560103139164444,FAIL
3.976,19.4410469372126,50.5670631690681,213.783783783784,73.6664356829468,0.00422103056822221,-0.0558996453649182,FAIL
3.977,19.4412171249503,50.5672845016763,213.783783783784,73.6657340484885,0.0043357089825955,-0.0557889885220663,FAIL
3.978,19.4413873108332,50.5675058309035,213.783783783784,73.6650323674432,0.00445037756096278,-0.055678343387252,FAIL
3.979,19.4415574948617,50.5677271567504,213.783783783784,73.6643306398861,0.00456503630378846,-0.0555677099598398,FAIL
3.98,19.4417276770366,50.5679484792179,213.783783783784,73.663628865892,0.00467968521153694,-0.0554570882391946,FAIL
3.981,19.4418978573585,50.5681697983069,213.783783783784,73.6629270455358,0.00479432428467141,-0.0553464782246803,FAIL
3.982,19.4420680358279,50.5683911140182,213.783783783784,73.6622251788924,0.0049089535236565,-0.0552358799156624,FAIL
3.983,19.4422382124455,50.5686124263527,213.783783783784,73.6615232660362,0.00502357292895772,-0.0551252933115041,FAIL
3.984,19.442408387212,50.5688337353112,213.783783783784,73.6608213070418,0.00513818250103681,-0.055014718411572,FAIL
3.985,19.4425785601279,50.5690550408945,213.783783783784,73.6601193019837,0.00525278224035919,-0.05490415521523,FAIL
3.986,19.4427487311939,50.5692763431036,213.783783783784,73.659417250936,0.00536737214738769,-0.0547936037218442,FAIL
3.987,19.4429189004105,50.5694976419393,213.783783783784,73.6587151539729,0.00548195222258696,-0.0546830639307789,FAIL
3.988,19.4430890677785,50.5697189374024,213.783783783784,73.6580130111683,0.00559652246641995,-0.0545725358414002,FAIL
3.989,19.4432592332984,50.5699402294938,213.783783783784,73.6573108225963,0.0057110828793504,-0.0544620194530733,FAIL
3.99,19.4434293969708,50.5701615182143,213.783783783784,73.6566085883306,0.00582563346184117,-0.0543515147651639,FAIL
3.991,19.4435995587964,50.5703828035648,213.783783783784,73.6559063084448,0.00594017421435666,-0.0542410217770374,FAIL
3.992,19.4437697187758,50.5706040855461,213.783783783784,73.6552039830125,0.00605470513735928,-0.0541305404880605,FAIL
3.993,19.4439398769095,50.5708253641591,213.783783783784,73.6545016121071,0.00616922623131211,-0.0540200708975992,FAIL
3.994,19.4441100331983,50.5710466394046,213.783783783784,73.6537991958019,0.00628373749667865,-0.0539096130050188,FAIL
3.995,19.4442801876428,50.5712679112834,213.783783783784,73.6530967341702,0.006398238933921,-0.0537991668096867,FAIL
3.996,19.4444503402434,50.5714891797965,213.783783783784,73.6523942272848,0.00651273054350343,-0.0536887323109683,FAIL
3.997,19.444620491001,50.5717104449447,213.783783783784,73.651691675219,0.00662721232588792,-0.0535783095082299,FAIL
3.998,19.444790639916,50.5719317067287,213.783783783784,73.6509890780454,0.00674168428153676,-0.0534678984008393,FAIL
3.999,19.4449607869892,50.5721529651495,213.783783783784,73.6502864358367,0.00685614641091281,-0.0533574989881628,FAIL
4,19.445130932221,50.5723742202079,213.783783783784,73.6495837486656,0.00697059871447869,-0.053247111269567,FAIL
4.001,19.4453010756122,50.5725954719048,213.783783783784,73.6488810166046,0.00708504119269693,-0.0531367352444188,FAIL
4.002,19.4454712171634,50.572816720241,213.783783783784,73.648178239726,0.00719947384602926,-0.0530263709120856,FAIL
4.003,19.4456413568751,50.5730379652172,213.783783783784,73.6474754181021,0.00731389667493854,-0.0529160182719354,FAIL
4.004,19.445811494748,50.5732592068345,213.783783783784,73.646772551805,0.00742830967988595,-0.0528056773233345,FAIL
4.005,19.4459816307827,50.5734804450936,213.783783783784,73.6460696409067,0.0075427128613349,-0.0526953480656506,FAIL
4.006,19.4461517649798,50.5737016799953,213.783783783784,73.6453666854792,0.00765710621974625,-0.0525850304982513,FAIL
4.007,19.4463218973399,50.5739229115405,213.783783783784,73.6446636855941,0.00777148975558173,-0.0524747246205051,FAIL
4.008,19.4464920278637,50.5741441397301,213.783783783784,73.6439606413233,0.00788586346930342,-0.0523644304317793,FAIL
4.009,19.4466621565517,50.5743653645649,213.783783783784,73.6432575527382,0.00800022736137362,-0.0522541479314415,FAIL
4.01,19.4468322834046,50.5745865860457,213.783783783784,73.6425544199103,0.00811458143225263,-0.0521438771188601,FAIL
4.011,19.4470024084229,50.5748078041733,213.783783783784,73.6418512429109,0.00822892568240274,-0.0520336179934038,FAIL
4.012,19.4471725316074,50.5750290189487,213.783783783784,73.6411480218112,0.00834326011228526,-0.0519233705544404,FAIL
4.013,19.4473426529585,50.5752502303726,213.783783783784,73.6404447566824,0.00845758472236069,-0.051813134801339,FAIL
4.014,19.4475127724769,50.575471438446,213.783783783784,73.6397414475954,0.00857189951309112,-0.0517029107334678,FAIL
4.015,19.4476828901633,50.5756926431695,213.783783783784,73.6390380946211,0.00868620448493718,-0.0515926983501955,FAIL
4.016,19.4478530060182,50.5759138445441,213.783783783784,73.6383346978303,0.00880049963836083,-0.0514824976508906,FAIL
4.017,19.4480231200423,50.5761350425706,213.783783783784,73.6376312572935,0.00891478497382059,-0.051372308634923,FAIL
4.018,19.448193232236,50.5763562372498,213.783783783784,73.6369277730814,0.00902906049178032,-0.051262131301661,FAIL
4.019,19.4483633426002,50.5765774285827,213.783783783784,73.6362242452643,0.00914332619269809,-0.0511519656504745,FAIL
4.02,19.4485334511353,50.5767986165699,213.783783783784,73.6355206739126,0.0092575820770362,-0.0510418116807325,FAIL
4.021,19.4487035578421,50.5770198012124,213.783783783784,73.6348170590964,0.00937182814525472,-0.0509316693918038,FAIL
4.022,19.448873662721,50.5772409825109,213.783783783784,73.6341134008859,0.00948606439781374,-0.0508215387830593,FAIL
4.023,19.4490437657727,50.5774621604664,213.783783783784,73.6334096993509,0.00960029083517389,-0.0507114198538676,FAIL
4.024,19.4492138669978,50.5776833350797,213.783783783784,73.6327059545615,0.00971450745779567,-0.0506013126035988,FAIL
4.025,19.4493839663969,50.5779045063515,213.783783783784,73.6320021665873,0.00982871426613885,-0.0504912170316235,FAIL
4.026,19.4495540639707,50.5781256742828,213.783783783784,73.6312983354979,0.00994291126066349,-0.0503811331373112,FAIL
4.027,19.4497241597197,50.5783468388743,213.783783783784,73.6305944613629,0.01005709844183,-0.0502710609200321,FAIL
4.028,19.4498942536445,50.5785680001269,213.783783783784,73.6298905442518,0.010171275810098,-0.0501610003791565,FAIL
4.029,19.4500643457458,50.5787891580414,213.783783783784,73.6291865842337,0.0102854433659272,-0.0500509515140549,FAIL
4.03,19.4502344360241,50.5790103126187,213.783783783784,73.628482581378,0.0103996011097776,-0.0499409143240978,FAIL
4.031,19.4504045244801,50.5792314638596,213.783783783784,73.6277785357536,0.0105137490421081,-0.0498308888086564,FAIL
4.032,19.4505746111143,50.5794526117649,213.783783783784,73.6270744474296,0.0106278871633791,-0.0497208749671006,FAIL
4.033,19.4507446959274,50.5796737563354,213.783783783784,73.6263703164749,0.0107420154740498,-0.0496108727988019,FAIL
4.034,19.45091477892,50.579894897572,213.783783783784,73.6256661429581,0.0108561339745793,-0.0495008823031313,FAIL
4.035,19.4510848600927,50.5801160354756,213.783783783784,73.624961926948,0.0109702426654266,-0.0493909034794602,FAIL
4.036,19.4512549394461,50.5803371700469,213.783783783784,73.6242576685131,0.0110843415470517,-0.0492809363271594,FAIL
4.037,19.4514250169807,50.5805583012867,213.783783783784,73.6235533677217,0.0111984306199129,-0.0491709808456002,FAIL
4.038,19.4515950926972,50.580779429196,213.783783783784,73.6228490246423,0.0113125098844697,-0.0490610370341549,FAIL
4.039,19.4517651665963,50.5810005537754,213.783783783784,73.6221446393431,0.0114265793411805,-0.0489511048921941,FAIL
4.04,19.4519352386784,50.581221675026,213.783783783784,73.6214402118921,0.0115406389905044,-0.048841184419091,FAIL
4.041,19.4521053089443,50.5814427929484,213.783783783784,73.6207357423573,0.0116546888329,-0.0487312756142162,FAIL
4.042,19.4522753773944,50.5816639075435,213.783783783784,73.6200312308067,0.011768728868826,-0.0486213784769419,FAIL
4.043,19.4524454440295,50.5818850188122,213.783783783784,73.619326677308,0.011882759098741,-0.048511493006641,FAIL
4.044,19.45261550885,50.5821061267552,213.783783783784,73.6186220819289,0.0119967795231036,-0.0484016192026844,FAIL
4.045,19.4527855718567,50.5823272313734,213.783783783784,73.6179174447369,0.0121107901423708,-0.0482917570644462,FAIL
4.046,19.4529556330501,50.5825483326677,213.513513513514,73.6172127657996,0.0122247909570027,-0.0481819065912978,FAIL
4.047,19.4531256924308,50.5827694306388,213.513513513514,73.6165080451843,0.0123387819674565,-0.0480720677826121,FAIL
4.048,19.4532957499994,50.5829905252875,213.513513513514,73.6158032829581,0.0124527631741903,-0.0479622406377612,FAIL
4.049,19.4534658057565,50.5832116166148,213.513513513514,73.6150984791883,0.0125667345776624,-0.0478524251561191,FAIL
4.05,19.4536358597028,50.5834327046213,213.513513513514,73.614393633942,0.01268069617833,-0.0477426213370581,FAIL
4.051,19.4538059118388,50.583653789308,213.513513513514,73.613688747286,0.0127946479766519,-0.0476328291799514,FAIL
4.052,19.453975962165,50.5838748706757,213.513513513514,73.6129838192871,0.012908589973085,-0.047523048684172,FAIL
4.053,19.4541460106822,50.5840959487251,213.513513513514,73.6122788500121,0.0130225221680875,-0.0474132798490932,FAIL
4.054,19.454316057391,50.5843170234571,213.513513513514,73.6115738395275,0.013136444562116,-0.0473035226740893,FAIL
4.055,19.4544861022918,50.5845380948726,213.513513513514,73.6108687879,0.0132503571556293,-0.0471937771585328,FAIL
4.056,19.4546561453853,50.5847591629723,213.513513513514,73.6101636951959,0.0133642599490834,-0.0470840433017982,FAIL
4.057,19.4548261866722,50.5849802277571,213.513513513514,73.6094585614814,0.0134781529429365,-0.0469743211032586,FAIL
4.058,19.4549962261529,50.5852012892278,213.513513513514,73.6087533868229,0.0135920361376454,-0.0468646105622884,FAIL
4.059,19.4551662638282,50.5854223473852,213.513513513514,73.6080481712863,0.0137059095336669,-0.0467549116782617,FAIL
4.06,19.4553362996985,50.5856434022301,213.513513513514,73.6073429149377,0.0138197731314582,-0.0466452244505527,FAIL
4.061,19.4555063337646,50.5858644537634,213.513513513514,73.606637617843,0.0139336269314765,-0.0465355488785353,FAIL
4.062,19.4556763660269,50.5860855019858,213.513513513514,73.6059322800678,0.0140474709341781,-0.0464258849615842,FAIL
4.063,19.4558463964862,50.5863065468982,213.513513513514,73.605226901678,0.01416130514002,-0.0463162326990737,FAIL
4.064,19.4560164251429,50.5865275885015,213.513513513514,73.6045214827391,0.0142751295494593,-0.0462065920903788,FAIL
4.065,19.4561864519977,50.5867486267963,213.513513513514,73.6038160233165,0.0143889441629519,-0.0460969631348738,FAIL
4.066,19.4563564770512,50.5869696617836,213.513513513514,73.6031105234756,0.0145027489809539,-0.045987345831934,FAIL
4.067,19.456526500304,50.5871906934642,213.513513513514,73.6024049832817,0.0146165440039224,-0.0458777401809343,FAIL
4.068,19.4566965217566,50.5874117218388,213.513513513514,73.6016994027999,0.0147303292323133,-0.04576814618125,FAIL
4.069,19.4568665414097,50.5876327469084,213.513513513514,73.6009937820953,0.0148441046665827,-0.0456585638322559,FAIL
4.07,19.4570365592639,50.5878537686736,213.513513513514,73.6002881212329,0.0149578703071871,-0.0455489931333279,FAIL
4.071,19.4572065753197,50.5880747871353,213.513513513514,73.5995824202775,0.0150716261545825,-0.0454394340838404,FAIL
4.072,19.4573765895777,50.5882958022944,213.513513513514,73.5988766792939,0.0151853722092239,-0.0453298866831707,FAIL
4.073,19.4575466020386,50.5885168141517,213.513513513514,73.5981708983466,0.0152991084715681,-0.0452203509306931,FAIL
4.074,19.4577166127029,50.5887378227079,213.513513513514,73.5974650775003,0.0154128349420701,-0.0451108268257847,FAIL
4.075,19.4578866215713,50.5889588279638,213.513513513514,73.5967592168195,0.0155265516211868,-0.0450013143678196,FAIL
4.076,19.4580566286442,50.5891798299204,213.513513513514,73.5960533163684,0.015640258509372,-0.0448918135561757,FAIL
4.077,19.4582266339224,50.5894008285784,213.513513513514,73.5953473762113,0.0157539556070821,-0.0447823243902283,FAIL
4.078,19.4583966374064,50.5896218239386,213.513513513514,73.5946413964124,0.0158676429147726,-0.0446728468693541,FAIL
4.079,19.4585666390967,50.5898428160018,213.513513513514,73.5939353770357,0.0159813204328986,-0.0445633809929292,FAIL
4.08,19.458736638994,50.5900638047688,213.513513513514,73.5932293181451,0.0160949881619158,-0.04445392676033,FAIL
4.081,19.4589066370989,50.5902847902405,213.513513513514,73.5925232198046,0.0162086461022781,-0.0443444841709334,FAIL
4.082,19.459076633412,50.5905057724177,213.513513513514,73.5918170820778,0.016322294254441,-0.044235053224117,FAIL
4.083,19.4592466279338,50.5907267513012,213.513513513514,73.5911109050284,0.01643593261886,-0.0441256339192561,FAIL
4.084,19.459416620665,50.5909477268917,213.513513513514,73.59040468872,0.0165495611959896,-0.0440162262557291,FAIL
4.085,19.459586611606,50.5911686991901,213.513513513514,73.589698433216,0.0166631799862842,-0.0439068302329123,FAIL
4.086,19.4597566007576,50.5913896681972,213.513513513514,73.5889921385797,0.0167767889901989,-0.0437974458501831,FAIL
4.087,19.4599265881204,50.5916106339138,213.513513513514,73.5882858048744,0.0168903882081879,-0.0436880731069199,FAIL
4.088,19.4600965736948,50.5918315963408,213.513513513514,73.5875794321633,0.0170039776407063,-0.0435787120024983,FAIL
4.089,19.4602665574815,50.5920525554788,213.513513513514,73.5868730205094,0.0171175572882081,-0.043469362536297,FAIL
4.09,19.4604365394811,50.5922735113288,213.513513513514,73.5861665699757,0.0172311271511472,-0.0433600247076942,FAIL
4.091,19.4606065196941,50.5924944638916,213.513513513514,73.585460080625,0.017344687229978,-0.0432506985160672,FAIL
4.092,19.4607764981212,50.5927154131679,213.513513513514,73.5847535525201,0.0174582375251553,-0.0431413839607936,FAIL
4.093,19.4609464747629,50.5929363591585,213.513513513514,73.5840469857237,0.0175717780371322,-0.043032081041252,FAIL
4.094,19.4611164496199,50.5931573018643,213.513513513514,73.5833403802982,0.0176853087663641,-0.04292278975682,FAIL
4.095,19.4612864226926,50.593378241286,213.513513513514,73.5826337363063,0.0177988297133029,-0.042813510106877,FAIL
4.096,19.4614563939818,50.5935991774246,213.513513513514,73.5819270538103,0.0179123408784034,-0.0427042420908009,FAIL
4.097,19.4616263634879,50.5938201102807,213.513513513514,73.5812203328724,0.0180258422621196,-0.0425949857079695,FAIL
4.098,19.4617963312116,50.5940410398552,213.513513513514,73.5805135735548,0.0181393338649045,-0.0424857409577624,FAIL
4.099,19.4619662971535,50.5942619661488,213.513513513514,73.5798067759196,0.018252815687212,-0.042376507839558,FAIL
4.1,19.4621362613141,50.5944828891625,213.513513513514,73.5790999400288,0.0183662877294953,-0.0422672863527357,FAIL
4.101,19.462306223694,50.5947038088969,213.513513513514,73.5783930659444,0.0184797499922075,-0.042158076496674,FAIL
4.102,19.4624761842938,50.5949247253529,213.513513513514,73.5776861537279,0.0185932024758029,-0.0420488782707517,FAIL
4.103,19.4626461431141,50.5951456385313,213.513513513514,73.5769792034413,0.0187066451807328,-0.0419396916743489,FAIL
4.104,19.4628161001555,50.5953665484329,213.513513513514,73.576272215146,0.0188200781074525,-0.041830516706844,FAIL
4.105,19.4629860554186,50.5955874550585,213.513513513514,73.5755651889036,0.0189335012564128,-0.0417213533676177,FAIL
4.106,19.4631560089039,50.595808358409,213.513513513514,73.5748581247755,0.0190469146280682,-0.0416122016560486,FAIL
4.107,19.463325960612,50.596029258485,213.513513513514,73.574151022823,0.0191603182228706,-0.041503061571517,FAIL
4.108,19.4634959105435,50.5962501552874,213.513513513514,73.5734438831074,0.019273712041273,-0.0413939331134024,FAIL
4.109,19.463665858699,50.5964710488169,213.513513513514,73.5727367056897,0.0193870960837286,-0.0412848162810848,FAIL
4.11,19.4638358050791,50.5966919390745,213.513513513514,73.572029490631,0.0195004703506889,-0.0411757110739446,FAIL
4.111,19.4640057496844,50.5969128260609,213.513513513514,73.5713222379923,0.0196138348426074,-0.0410666174913611,FAIL
4.112,19.4641756925154,50.5971337097769,213.513513513514,73.5706149478343,0.0197271895599354,-0.0409575355327157,FAIL
4.113,19.4643456335727,50.5973545902233,213.513513513514,73.5699076202179,0.019840534503126,-0.0408484651973885,FAIL
4.114,19.4645155728569,50.5975754674009,213.513513513514,73.5692002552036,0.0199538696726307,-0.0407394064847594,FAIL
4.115,19.4646855103685,50.5977963413104,213.513513513514,73.5684928528521,0.0200671950689021,-0.0406303593942096,FAIL
4.116,19.4648554461083,50.5980172119528,213.513513513514,73.5677854132239,0.0201805106923924,-0.0405213239251201,FAIL
4.117,19.4650253800766,50.5982380793287,213.513513513514,73.5670779363792,0.0202938165435532,-0.0404123000768709,FAIL
4.118,19.4651953122742,50.598458943439,213.513513513514,73.5663704223784,0.0204071126228361,-0.0403032878488438,FAIL
4.119,19.4653652427016,50.5986798042845,213.513513513514,73.5656628712816,0.0205203989306932,-0.0401942872404201,FAIL
4.12,19.4655351713594,50.5989006618659,213.513513513514,73.564955283149,0.020633675467576,-0.0400852982509798,FAIL
4.121,19.4657050982481,50.5991215161841,213.513513513514,73.5642476580407,0.0207469422339366,-0.0399763208799057,FAIL
4.122,19.4658750233684,50.5993423672399,213.513513513514,73.5635399960164,0.0208601992302255,-0.0398673551265785,FAIL
4.123,19.4660449467207,50.599563215034,213.513513513514,73.562832297136,0.0209734464568953,-0.0397584009903795,FAIL
4.124,19.4662148683058,50.5997840595672,213.513513513514,73.5621245614592,0.0210866839143964,-0.0396494584706909,FAIL
4.125,19.4663847881241,50.6000049008405,213.513513513514,73.5614167890457,0.0211999116031798,-0.039540527566895,FAIL
4.126,19.4665547061763,50.6002257388544,213.513513513514,73.5607089799551,0.0213131295236983,-0.0394316082783719,FAIL
4.127,19.4667246224629,50.6004465736099,213.513513513514,73.5600011342466,0.0214263376764009,-0.0393227006045057,FAIL
4.128,19.4668945369845,50.6006674051076,213.513513513514,73.5592932519799,0.0215395360617403,-0.039213804544677,FAIL
4.129,19.4670644497416,50.6008882333485,213.513513513514,73.558585333214,0.0216527246801657,-0.0391049200982699,FAIL
4.13,19.4672343607349,50.6011090583333,213.513513513514,73.5578773780083,0.0217659035321291,-0.0389960472646644,FAIL
4.131,19.467404269965,50.6013298800628,213.513513513514,73.5571693864217,0.021879072618081,-0.038887186043245,FAIL
4.132,19.4675741774323,50.6015506985378,213.513513513514,73.5564613585133,0.0219922319384719,-0.0387783364333931,FAIL
4.133,19.4677440831376,50.601771513759,213.513513513514,73.5557532943419,0.0221053814937521,-0.038669498434492,FAIL
4.134,19.4679139870812,50.6019923257273,213.513513513514,73.5550451939665,0.0222185212843727,-0.0385606720459245,FAIL
4.135,19.4680838892639,50.6022131344435,213.513513513514,73.5543370574457,0.0223316513107833,-0.0384518572670737,FAIL
4.136,19.4682537896863,50.6024339399083,213.513513513514,73.5536288848381,0.0224447715734347,-0.0383430540973222,FAIL
4.137,19.4684236883487,50.6026547421225,213.513513513514,73.5529206762024,0.0225578820727768,-0.0382342625360534,FAIL
4.138,19.468593585252,50.602875541087,213.513513513514,73.552212431597,0.0226709828092603,-0.0381254825826507,FAIL
4.139,19.4687634803965,50.6030963368025,213.513513513514,73.5515041510802,0.0227840737833344,-0.0380167142364973,FAIL
4.14,19.468933373783,50.6033171292697,213.513513513514,73.5507958347103,0.0228971549954492,-0.0379079574969773,FAIL
4.141,19.4691032654119,50.6035379184896,213.513513513514,73.5500874825455,0.0230102264460549,-0.0377992123634733,FAIL
4.142,19.4692731552839,50.6037587044628,213.513513513514,73.549379094644,0.0231232881356017,-0.0376904788353699,FAIL
4.143,19.4694430433995,50.6039794871901,213.513513513514,73.5486706710636,0.0232363400645376,-0.0375817569120513,FAIL
4.144,19.4696129297593,50.6042002666724,213.513513513514,73.5479622118624,0.023349382233314,-0.0374730465929003,FAIL
4.145,19.4697828143638,50.6044210429104,213.513513513514,73.5472537170983,0.0234624146423793,-0.0373643478773019,FAIL
4.146,19.4699526972137,50.604641815905,213.513513513514,73.5465451868288,0.0235754372921835,-0.0372556607646402,FAIL
4.147,19.4701225783095,50.6048625856568,213.513513513514,73.5458366211117,0.0236884501831754,-0.0371469852542993,FAIL
4.148,19.4702924576517,50.6050833521667,213.513513513514,73.5451280200046,0.0238014533158047,-0.0370383213456639,FAIL
4.149,19.470462335241,50.6053041154355,213.513513513514,73.544419383565,0.0239144466905207,-0.0369296690381182,FAIL
4.15,19.4706322110779,50.605524875464,213.513513513514,73.5437107118502,0.0240274303077719,-0.0368210283310469,FAIL
4.151,19.470802085163,50.6057456322528,213.513513513514,73.5430020049175,0.0241404041680076,-0.0367123992238354,FAIL
4.152,19.4709719574968,50.6059663858029,213.243243243243,73.5422932628242,0.0242533682716769,-0.0366037817158682,FAIL
4.153,19.47114182808,50.606187136115,213.243243243243,73.5415844856275,0.0243663226192281,-0.0364951758065301,FAIL
4.154,19.471311696913,50.6064078831898,213.243243243243,73.5408756733842,0.0244792672111106,-0.0363865814952065,FAIL
4.155,19.4714815639966,50.6066286270283,213.243243243243,73.5401668261515,0.024592202047772,-0.0362779987812822,FAIL
4.156,19.4716514293311,50.606849367631,213.243243243243,73.5394579439862,0.0247051271296619,-0.0361694276641432,FAIL
4.157,19.4718212929173,50.6070701049989,213.243243243243,73.5387490269451,0.0248180424572285,-0.0360608681431752,FAIL
4.158,19.4719911547556,50.6072908391327,213.243243243243,73.5380400750848,0.02493094803092,-0.0359523202177626,FAIL
4.159,19.4721610148466,50.6075115700332,213.243243243243,73.5373310884621,0.0250438438511847,-0.0358437838872919,FAIL
4.16,19.472330873191,50.6077322977011,213.243243243243,73.5366220671333,0.0251567299184708,-0.0357352591511492,FAIL
4.161,19.4725007297892,50.6079530221373,213.243243243243,73.535913011155,0.0252696062332266,-0.0356267460087196,FAIL
4.162,19.4726705846419,50.6081737433425,213.243243243243,73.5352039205836,0.0253824727959003,-0.0355182444593897,FAIL
4.163,19.4728404377495,50.6083944613175,213.243243243243,73.5344947954752,0.0254953296069392,-0.0354097545025457,FAIL
4.164,19.4730102891128,50.6086151760631,213.243243243243,73.5337856358861,0.0256081766667924,-0.0353012761375729,FAIL
4.165,19.4731801387321,50.60883588758,213.243243243243,73.5330764418724,0.0257210139759062,-0.0351928093638596,FAIL
4.166,19.4733499866082,50.6090565958691,213.243243243243,73.53236721349,0.0258338415347292,-0.0350843541807903,FAIL
4.167,19.4735198327415,50.6092773009311,213.243243243243,73.5316579507951,0.0259466593437087,-0.0349759105877531,FAIL
4.168,19.4736896771327,50.6094980027667,213.243243243243,73.5309486538432,0.0260594674032929,-0.0348674785841335,FAIL
4.169,19.4738595197823,50.6097187013769,213.243243243243,73.5302393226903,0.0261722657139282,-0.034759058169319,FAIL
4.17,19.4740293606908,50.6099393967623,213.243243243243,73.529529957392,0.0262850542760622,-0.034650649342697,FAIL
4.171,19.4741991998589,50.6101600889237,213.243243243243,73.5288205580039,0.0263978330901433,-0.0345422521036535,FAIL
4.172,19.474369037287,50.6103807778618,213.243243243243,73.5281111245816,0.0265106021566174,-0.0344338664515759,FAIL
4.173,19.4745388729758,50.6106014635776,213.243243243243,73.5274016571804,0.0266233614759324,-0.0343254923858519,FAIL
4.174,19.4747087069258,50.6108221460717,213.243243243243,73.5266921558556,0.0267361110485342,-0.0342171299058693,FAIL
4.175,19.4748785391376,50.6110428253449,213.243243243243,73.5259826206626,0.0268488508748714,-0.0341087790110145,FAIL
4.176,19.4750483696118,50.611263501398,213.243243243243,73.5252730516565,0.0269615809553899,-0.0340004397006757,FAIL
4.177,19.4752181983488,50.6114841742318,213.243243243243,73.5245634488924,0.0270743012905361,-0.0338921119742408,FAIL
4.178,19.4753880253493,50.611704843847,213.243243243243,73.5238538124252,0.0271870118807575,-0.0337837958310973,FAIL
4.179,19.4755578506139,50.6119255102444,213.243243243243,73.52314414231,0.0272997127265002,-0.0336754912706335,FAIL
4.18,19.475727674143,50.6121461734247,213.243243243243,73.5224344386016,0.0274124038282108,-0.0335671982922372,FAIL
4.181,19.4758974959373,50.6123668333889,213.243243243243,73.5217247013548,0.0275250851863365,-0.0334589168952963,FAIL
4.182,19.4760673159973,50.6125874901375,213.243243243243,73.5210149306241,0.027637756801322,-0.0333506470792001,FAIL
4.183,19.4762371343236,50.6128081436715,213.243243243243,73.5203051264643,0.0277504186736152,-0.0332423888433356,FAIL
4.184,19.4764069509168,50.6130287939915,213.243243243243,73.5195952889297,0.0278630708036613,-0.0331341421870925,FAIL
4.185,19.4765767657773,50.6132494410983,213.243243243243,73.5188854180749,0.0279757131919065,-0.0330259071098591,FAIL
4.186,19.4767465789058,50.6134700849928,213.243243243243,73.5181755139541,0.028088345838798,-0.0329176836110233,FAIL
4.187,19.4769163903028,50.6136907256756,213.243243243243,73.5174655766218,0.0282009687447802,-0.0328094716899754,FAIL
4.188,19.4770861999689,50.6139113631476,213.243243243243,73.5167556061319,0.0283135819102993,-0.0327012713461033,FAIL
4.189,19.4772560079046,50.6141319974095,213.243243243243,73.5160456025387,0.0284261853358014,-0.0325930825787968,FAIL
4.19,19.4774258141105,50.614352628462,213.243243243243,73.5153355658962,0.0285387790217323,-0.0324849053874442,FAIL
4.191,19.4775956185872,50.614573256306,213.243243243243,73.5146254962583,0.0286513629685373,-0.0323767397714356,FAIL
4.192,19.4777654213351,50.6147938809422,213.243243243243,73.5139153936788,0.0287639371766617,-0.0322685857301598,FAIL
4.193,19.477935222355,50.6150145023714,213.243243243243,73.5132052582116,0.0288765016465512,-0.0321604432630075,FAIL
4.194,19.4781050216473,50.6152351205944,213.243243243243,73.5124950899103,0.0289890563786513,-0.0320523123693662,FAIL
4.195,19.4782748192126,50.6154557356119,213.243243243243,73.5117848888285,0.0291016013734068,-0.0319441930486279,FAIL
4.196,19.4784446150514,50.6156763474246,213.243243243243,73.5110746550199,0.0292141366312635,-0.0318360853001816,FAIL
4.197,19.4786144091643,50.6158969560334,213.243243243243,73.5103643885378,0.0293266621526661,-0.0317279891234165,FAIL
4.198,19.4787842015519,50.616117561439,213.243243243243,73.5096540894356,0.0294391779380597,-0.0316199045177235,FAIL
4.199,19.4789539922147,50.6163381636422,213.243243243243,73.5089437577666,0.029551683987889,-0.0315118314824929,FAIL
4.2,19.4791237811532,50.6165587626438,213.243243243243,73.508233393584,0.0296641803025995,-0.0314037700171141,FAIL
4.201,19.4792935683681,50.6167793584444,213.243243243243,73.507522996941,0.029776666882635,-0.0312957201209785,FAIL
4.202,19.4794633538599,50.6169999510449,213.243243243243,73.5068125678907,0.0298891437284405,-0.0311876817934764,FAIL
4.203,19.4796331376291,50.6172205404461,213.243243243243,73.5061021064859,0.0300016108404613,-0.0310796550339985,FAIL
4.204,19.4798029196763,50.6174411266486,213.243243243243,73.5053916127796,0.0301140682191409,-0.0309716398419351,FAIL
4.205,19.4799727000021,50.6176617096533,213.243243243243,73.5046810868247,0.0302265158649246,-0.030863636216677,FAIL
4.206,19.4801424786069,50.6178822894609,213.243243243243,73.5039705286738,0.0303389537782558,-0.0307556441576158,FAIL
4.207,19.4803122554915,50.6181028660723,213.243243243243,73.5032599383796,0.0304513819595792,-0.0306476636641421,FAIL
4.208,19.4804820306562,50.618323439488,213.243243243243,73.5025493159947,0.0305638004093394,-0.0305396947356473,FAIL
4.209,19.4806518041017,50.618544009709,213.243243243243,73.5018386615716,0.0306762091279801,-0.0304317373715227,FAIL
4.21,19.4808215758285,50.6187645767359,213.243243243243,73.5011279751627,0.0307886081159454,-0.0303237915711595,FAIL
4.211,19.4809913458372,50.6189851405696,213.243243243243,73.5004172568204,0.0309009973736794,-0.0302158573339493,FAIL
4.212,19.4811611141283,50.6192057012107,213.243243243243,73.499706506597,0.0310133769016251,-0.030107934659284,FAIL
4.213,19.4813308807024,50.6194262586601,213.243243243243,73.4989957245445,0.0311257467002274,-0.0300000235465548,FAIL
4.214,19.48150064556,50.6196468129185,213.243243243243,73.4982849107152,0.0312381067699288,-0.0298921239951541,FAIL
4.215,19.4816704087017,50.6198673639867,213.243243243243,73.4975740651611,0.0313504571111745,-0.0297842360044734,FAIL
4.216,19.481840170128,50.6200879118654,213.243243243243,73.4968631879341,0.0314627977244062,-0.0296763595739056,FAIL
4.217,19.4820099298396,50.6203084565554,213.243243243243,73.4961522790862,0.0315751286100682,-0.0295684947028417,FAIL
4.218,19.4821796878368,50.6205289980574,213.243243243243,73.495441338669,0.0316874497686043,-0.0294606413906748,FAIL
4.219,19.4823494441204,50.6207495363723,213.243243243243,73.4947303667344,0.0317997612004574,-0.0293527996367973,FAIL
4.22,19.4825191986908,50.6209700715007,213.243243243243,73.494019363334,0.0319120629060702,-0.0292449694406015,FAIL
4.221,19.4826889515485,50.6211906034434,213.243243243243,73.4933083285193,0.032024354885886,-0.0291371508014798,FAIL
4.222,19.4828587026943,50.6214111322011,213.243243243243,73.4925972623419,0.032136637140348,-0.0290293437188256,FAIL
4.223,19.4830284521285,50.6216316577747,213.243243243243,73.4918861648532,0.0322489096698997,-0.0289215481920309,FAIL
4.224,19.4831981998517,50.6218521801649,213.243243243243,73.4911750361045,0.0323611724749829,-0.0288137642204891,FAIL
4.225,19.4833679458645,50.6220726993724,213.243243243243,73.4904638761471,0.0324734255560407,-0.0287059918035935,FAIL
4.226,19.4835376901675,50.622293215398,213.243243243243,73.4897526850321,0.0325856689135158,-0.0285982309407369,FAIL
4.227,19.4837074327612,50.6225137282425,213.243243243243,73.4890414628107,0.0326979025478515,-0.0284904816313122,FAIL
4.228,19.4838771736461,50.6227342379065,213.243243243243,73.488330209534,0.0328101264594889,-0.028382743874714,FAIL
4.229,19.4840469128227,50.6229547443909,213.243243243243,73.4876189252528,0.0329223406488717,-0.0282750176703346,FAIL
4.23,19.4842166502917,50.6231752476964,213.243243243243,73.4869076100181,0.0330345451164423,-0.0281673030175682,FAIL
4.231,19.4843863860536,50.6233957478238,213.243243243243,73.4861962638807,0.0331467398626414,-0.0280595999158086,FAIL
4.232,19.4845561201089,50.6236162447738,213.243243243243,73.4854848868913,0.0332589248879126,-0.0279519083644494,FAIL
4.233,19.4847258524582,50.6238367385472,213.243243243243,73.4847734791005,0.0333711001926983,-0.0278442283628846,FAIL
4.234,19.484895583102,50.6240572291447,213.243243243243,73.4840620405591,0.033483265777439,-0.0277365599105081,FAIL
4.235,19.4850653120409,50.624277716567,213.243243243243,73.4833505713173,0.0335954216425787,-0.0276289030067142,FAIL
4.236,19.4852350392754,50.624498200815,213.243243243243,73.4826390714259,0.033707567788557,-0.0275212576508974,FAIL
4.237,19.4854047648061,50.6247186818893,213.243243243243,73.4819275409349,0.0338197042158178,-0.0274136238424511,FAIL
4.238,19.4855744886334,50.6249391597908,213.243243243243,73.4812159798948,0.0339318309248011,-0.027306001580771,FAIL
4.239,19.485744210758,50.6251596345201,213.243243243243,73.4805043883558,0.0340439479159491,-0.0271983908652514,FAIL
4.24,19.4859139311804,50.6253801060781,213.243243243243,73.479792766368,0.0341560551897038,-0.0270907916952864,FAIL
4.241,19.4860836499012,50.6256005744654,213.243243243243,73.4790811139814,0.0342681527465063,-0.0269832040702715,FAIL
4.242,19.4862533669208,50.6258210396829,213.243243243243,73.4783694312461,0.0343802405867977,-0.0268756279896011,FAIL
4.243,19.4864230822399,50.6260415017312,213.243243243243,73.4776577182119,0.0344923187110199,-0.0267680634526704,FAIL
4.244,19.4865927958589,50.6262619606111,213.243243243243,73.4769459749288,0.0346043871196136,-0.0266605104588752,FAIL
4.245,19.4867625077785,50.6264824163235,213.243243243243,73.4762342014464,0.0347164458130196,-0.02655296900761,FAIL
4.246,19.4869322179991,50.6267028688689,213.243243243243,73.4755223978145,0.03482849479168,-0.0264454390982698,FAIL
4.247,19.4871019265214,50.6269233182482,213.243243243243,73.4748105640827,0.0349405340560348,-0.0263379207302509,FAIL
4.248,19.4872716333458,50.6271437644621,213.243243243243,73.4740987003005,0.0350525636065253,-0.0262304139029486,FAIL
4.249,19.4874413384728,50.6273642075113,213.243243243243,73.4733868065175,0.0351645834435931,-0.0261229186157581,FAIL
4.25,19.4876110419031,50.6275846473967,213.243243243243,73.4726748827829,0.0352765935676768,-0.0260154348680761,FAIL
4.251,19.4877807436372,50.6278050841189,213.243243243243,73.4719629291462,0.0353885939792191,-0.0259079626592977,FAIL
4.252,19.4879504436757,50.6280255176787,213.243243243243,73.4712509456566,0.0355005846786597,-0.0258005019888196,FAIL
4.253,19.4881201420189,50.6282459480768,213.243243243243,73.4705389323633,0.0356125656664396,-0.0256930528560372,FAIL
4.254,19.4882898386676,50.6284663753141,213.243243243243,73.4698268893154,0.0357245369429978,-0.025585615260347,FAIL
4.255,19.4884595336222,50.6286867993911,213.243243243243,73.4691148165619,0.0358364985087766,-0.0254781892011452,FAIL
4.256,19.4886292268833,50.6289072203087,213.243243243243,73.4684027141519,0.0359484503642142,-0.025370774677829,FAIL
4.257,19.4887989184515,50.6291276380677,212.972972972973,73.4676905821341,0.036060392509752,-0.0252633716897943,FAIL
4.258,19.4889686083272,50.6293480526687,212.972972972973,73.4669784205574,0.0361723249458302,-0.0251559802364374,FAIL
4.259,19.489138296511,50.6295684641125,212.972972972973,73.4662662294707,0.0362842476728882,-0.0250486003171555,FAIL
4.26,19.4893079830035,50.6297888723998,212.972972972973,73.4655540089224,0.0363961606913656,-0.0249412319313459,FAIL
4.261,19.4894776678051,50.6300092775314,212.972972972973,73.4648417589614,0.0365080640017035,-0.0248338750784051,FAIL
4.262,19.4896473509165,50.6302296795081,212.972972972973,73.464129479636,0.0366199576043406,-0.0247265297577297,FAIL
4.263,19.4898170323381,50.6304500783305,212.972972972973,73.4634171709948,0.0367318414997168,-0.0246191959687179,FAIL
4.264,19.4899867120706,50.6306704739994,212.972972972973,73.4627048330861,0.0368437156882714,-0.0245118737107662,FAIL
4.265,19.4901563901144,50.6308908665156,212.972972972973,73.4619924659584,0.0369555801704448,-0.0244045629832725,FAIL
4.266,19.49032606647,50.6311112558798,212.972972972973,73.4612800696598,0.0370674349466756,-0.024297263785634,FAIL
4.267,19.4904957411381,50.6313316420927,212.972972972973,73.4605676442384,0.0371792800174033,-0.0241899761172485,FAIL
4.268,19.4906654141192,50.6315520251551,212.972972972973,73.4598551897425,0.0372911153830674,-0.0240826999775138,FAIL
4.269,19.4908350854137,50.6317724050677,212.972972972973,73.4591427062201,0.0374029410441068,-0.0239754353658276,FAIL
4.27,19.4910047550223,50.6319927818313,212.972972972973,73.4584301937191,0.0375147570009607,-0.0238681822815878,FAIL
4.271,19.4911744229455,50.6322131554465,212.972972972973,73.4577176522875,0.0376265632540685,-0.0237609407241922,FAIL
4.272,19.4913440891837,50.6324335259142,212.972972972973,73.457005081973,0.0377383598038682,-0.0236537106930401,FAIL
4.273,19.4915137537376,50.632653893235,212.972972972973,73.4562924828235,0.0378501466507996,-0.0235464921875287,FAIL
4.274,19.4916834166077,50.6328742574098,212.972972972973,73.4555798548866,0.0379619237953012,-0.0234392852070561,FAIL
4.275,19.4918530777945,50.6330946184391,212.972972972973,73.4548671982099,0.0380736912378116,-0.0233320897510216,FAIL
4.276,19.4920227372985,50.6333149763239,212.972972972973,73.454154512841,0.0381854489787691,-0.0232249058188236,FAIL
4.277,19.4921923951204,50.6335353310648,212.972972972973,73.4534417988274,0.0382971970186126,-0.0231177334098607,FAIL
4.278,19.4923620512605,50.6337556826625,212.972972972973,73.4527290562164,0.0384089353577811,-0.0230105725235317,FAIL
4.279,19.4925317057195,50.6339760311178,212.972972972973,73.4520162850555,0.0385206639967116,-0.0229034231592355,FAIL
4.28,19.492701358498,50.6341963764315,212.972972972973,73.4513034853919,0.0386323829358441,-0.022796285316371,FAIL
4.281,19.4928710095963,50.6344167186041,212.972972972973,73.4505906572729,0.0387440921756156,-0.0226891589943372,FAIL
4.282,19.4930406590151,50.6346370576366,212.972972972973,73.4498778007454,0.0388557917164638,-0.0225820441925341,FAIL
4.283,19.4932103067549,50.6348573935296,212.972972972973,73.4491649158566,0.0389674815588282,-0.0224749409103605,FAIL
4.284,19.4933799528162,50.6350777262839,212.972972972973,73.4484520026536,0.0390791617031458,-0.0223678491472156,FAIL
4.285,19.4935495971996,50.6352980559002,212.972972972973,73.4477390611832,0.0391908321498552,-0.0222607689024991,FAIL
4.286,19.4937192399056,50.6355183823792,212.972972972973,73.4470260914923,0.0393024928993935,-0.0221537001756109,FAIL
4.287,19.4938888809347,50.6357387057216,212.972972972973,73.4463130936277,0.0394141439521986,-0.0220466429659506,FAIL
4.288,19.4940585202874,50.6359590259283,212.972972972973,73.4456000676361,0.0395257853087089,-0.0219395972729181,FAIL
4.289,19.4942281579644,50.6361793429999,212.972972972973,73.4448870135642,0.0396374169693605,-0.0218325630959136,FAIL
4.29,19.4943977939661,50.6363996569371,212.972972972973,73.4441739314586,0.0397490389345927,-0.0217255404343365,FAIL
4.291,19.494567428293,50.6366199677407,212.972972972973,73.4434608213657,0.0398606512048411,-0.0216185292875879,FAIL
4.292,19.4947370609457,50.6368402754115,212.972972972973,73.4427476833321,0.0399722537805439,-0.0215115296550679,FAIL
4.293,19.4949066919248,50.6370605799501,212.972972972973,73.4420345174041,0.0400838466621393,-0.0214045415361753,FAIL
4.294,19.4950763212307,50.6372808813573,212.972972972973,73.4413213236281,0.0401954298500626,-0.0212975649303133,FAIL
4.295,19.495245948864,50.6375011796338,212.972972972973,73.4406081020502,0.0403070033447523,-0.0211905998368808,FAIL
4.296,19.4954155748252,50.6377214747803,212.972972972973,73.4398948527168,0.0404185671466452,-0.021083646255278,FAIL
4.297,19.4955851991148,50.6379417667976,212.972972972973,73.4391815756738,0.0405301212561775,-0.0209767041849077,FAIL
4.298,19.4957548217334,50.6381620556864,212.972972972973,73.4384682709674,0.0406416656737869,-0.0208697736251694,FAIL
4.299,19.4959244426815,50.6383823414475,212.972972972973,73.4377549386436,0.0407532003999095,-0.0207628545754647,FAIL
4.3,19.4960940619597,50.6386026240815,212.972972972973,73.4370415787482,0.0408647254349827,-0.0206559470351939,FAIL
4.301,19.4962636795684,50.6388229035892,212.972972972973,73.4363281913271,0.0409762407794424,-0.020549051003759,FAIL
4.302,19.4964332955082,50.6390431799713,212.972972972973,73.435614776426,0.0410877464337255,-0.0204421664805617,FAIL
4.303,19.4966029097796,50.6392634532285,212.972972972973,73.4349013340908,0.0411992423982693,-0.0203352934650023,FAIL
4.304,19.4967725223832,50.6394837233616,212.972972972973,73.4341878643671,0.041310728673509,-0.0202284319564832,FAIL
4.305,19.4969421333194,50.6397039903714,212.972972972973,73.4334743673004,0.0414222052598805,-0.0201215819544063,FAIL
4.306,19.4971117425888,50.6399242542584,212.972972972973,73.4327608429362,0.0415336721578214,-0.0200147434581727,FAIL
4.307,19.497281350192,50.6401445150235,212.972972972973,73.43204729132,0.0416451293677674,-0.0199079164671846,FAIL
4.308,19.4974509561295,50.6403647726673,212.972972972973,73.4313337124973,0.0417565768901544,-0.0198011009808438,FAIL
4.309,19.4976205604017,50.6405850271907,212.972972972973,73.4306201065133,0.0418680147254185,-0.019694296998552,FAIL
4.31,19.4977901630092,50.6408052785943,212.972972972973,73.4299064734133,0.0419794428739946,-0.0195875045197129,FAIL
4.311,19.4979597639526,50.6410255268788,212.972972972973,73.4291928132424,0.0420908613363199,-0.0194807235437277,FAIL
4.312,19.4981293632323,50.641245772045,212.972972972973,73.4284791260458,0.0422022701128305,-0.0193739540699982,FAIL
4.313,19.498298960849,50.6414660140937,212.972972972973,73.4277654118686,0.0423136692039602,-0.0192671960979282,FAIL
4.314,19.498468556803,50.6416862530254,212.972972972973,73.4270516707557,0.0424250586101464,-0.0191604496269193,FAIL
4.315,19.498638151095,50.641906488841,212.972972972973,73.4263379027522,0.0425364383318234,-0.0190537146563753,FAIL
4.316,19.4988077437255,50.6421267215411,212.972972972973,73.4256241079028,0.0426478083694276,-0.0189469911856982,FAIL
4.317,19.4989773346949,50.6423469511266,212.972972972973,73.4249102862523,0.0427591687233934,-0.018840279214291,FAIL
4.318,19.4991469240039,50.642567177598,212.972972972973,73.4241964378455,0.0428705193941569,-0.0187335787415567,FAIL
4.319,19.4993165116529,50.6427874009562,212.972972972973,73.4234825627271,0.0429818603821527,-0.0186268897668986,FAIL
4.32,19.4994860976425,50.6430076212018,212.972972972973,73.4227686609417,0.0430931916878163,-0.0185202122897206,FAIL
4.321,19.4996556819732,50.6432278383357,212.972972972973,73.4220547325337,0.0432045133115825,-0.0184135463094248,FAIL
4.322,19.4998252646455,50.6434480523584,212.972972972973,73.4213407775478,0.0433158252538864,-0.0183068918254155,FAIL
4.323,19.49999484566,50.6436682632707,212.972972972973,73.4206267960282,0.0434271275151632,-0.0182002488370957,FAIL
4.324,19.5001644250171,50.6438884710734,212.972972972973,73.4199127880195,0.0435384200958474,-0.0180936173438699,FAIL
4.325,19.5003340027174,50.6441086757671,212.972972972973,73.4191987535657,0.0436497029963729,-0.0179869973451412,FAIL
4.326,19.5005035787614,50.6443288773527,212.972972972973,73.4184846927112,0.0437609762171761,-0.0178803888403137,FAIL
4.327,19.5006731531496,50.6445490758307,212.972972972973,73.4177706055002,0.0438722397586906,-0.0177737918287908,FAIL
4.328,19.5008427258826,50.6447692712019,212.972972972973,73.4170564919767,0.0439834936213512,-0.0176672063099771,FAIL
4.329,19.5010122969609,50.6449894634671,212.972972972973,73.4163423521847,0.0440947378055913,-0.0175606322832774,FAIL
4.33,19.501181866385,50.6452096526269,212.972972972973,73.4156281861683,0.0442059723118465,-0.0174540697480947,FAIL
4.331,19.5013514341554,50.6454298386821,212.972972972973,73.4149139939713,0.0443171971405495,-0.0173475187038351,FAIL
4.332,19.5015210002726,50.6456500216334,212.972972972973,73.4141997756376,0.0444284122921369,-0.0172409791499011,FAIL
4.333,19.5016905647372,50.6458702014815,212.972972972973,73.4134855312109,0.0445396177670412,-0.0171344510856984,FAIL
4.334,19.5018601275497,50.6460903782271,212.972972972973,73.412771260735,0.0446508135656962,-0.0170279345106318,FAIL
4.335,19.5020296887106,50.6463105518709,212.972972972973,73.4120569642536,0.0447619996885368,-0.0169214294241058,FAIL
4.336,19.5021992482204,50.6465307224138,212.972972972973,73.4113426418102,0.0448731761359964,-0.016814935825525,FAIL
4.337,19.5023688060796,50.6467508898562,212.972972972973,73.4106282934483,0.0449843429085086,-0.0167084537142954,FAIL
4.338,19.5025383622888,50.6469710541991,212.972972972973,73.4099139192115,0.0450955000065074,-0.0166019830898211,FAIL
4.339,19.5027079168486,50.6471912154431,212.972972972973,73.409199519143,0.045206647430426,-0.0164955239515087,FAIL
4.34,19.5028774697593,50.6474113735889,212.972972972973,73.4084850932864,0.0453177851806992,-0.0163890762987614,FAIL
4.341,19.5030470210215,50.6476315286372,212.972972972973,73.4077706416848,0.0454289132577593,-0.0162826401309862,FAIL
4.342,19.5032165706358,50.6478516805888,212.972972972973,73.4070561643815,0.0455400316620396,-0.0161762154475884,FAIL
4.343,19.5033861186026,50.6480718294443,212.972972972973,73.4063416614196,0.0456511403939742,-0.0160698022479737,FAIL
4.344,19.5035556649225,50.6482919752045,212.972972972973,73.4056271328422,0.0457622394539956,-0.0159634005315471,FAIL
4.345,19.503725209596,50.6485121178701,212.972972972973,73.4049125786924,0.0458733288425375,-0.0158570102977156,FAIL
4.346,19.5038947526237,50.6487322574418,212.972972972973,73.4041979990132,0.0459844085600331,-0.0157506315458842,FAIL
4.347,19.5040642940059,50.6489523939202,212.972972972973,73.4034833938474,0.0460954786069152,-0.0156442642754592,FAIL
4.348,19.5042338337433,50.6491725273063,212.972972972973,73.4027687632378,0.0462065389836163,-0.015537908485847,FAIL
4.349,19.5044033718364,50.6493926576005,212.972972972973,73.4020541072274,0.0463175896905706,-0.0154315641764535,FAIL
4.35,19.5045729082857,50.6496127848037,212.972972972973,73.4013394258587,0.046428630728209,-0.015325231346686,FAIL
4.351,19.5047424430916,50.6498329089166,212.972972972973,73.4006247191746,0.0465396620969654,-0.0152189099959493,FAIL
4.352,19.5049119762548,50.6500530299398,212.972972972973,73.3999099872175,0.0466506837972722,-0.0151126001236515,FAIL
4.353,19.5050815077757,50.6502731478741,212.972972972973,73.3991952300301,0.0467616958295626,-0.0150063017291983,FAIL
4.354,19.5052510376549,50.6504932627202,212.972972972973,73.3984804476547,0.046872698194268,-0.0149000148119972,FAIL
4.355,19.5054205658928,50.6507133744788,212.972972972973,73.3977656401339,0.0469836908918214,-0.0147937393714545,FAIL
4.356,19.50559009249,50.6509334831506,212.972972972973,73.39705080751,0.0470946739226543,-0.0146874754069779,FAIL
4.357,19.505759617447,50.6511535887363,212.972972972973,73.3963359498253,0.0472056472872002,-0.0145812229179737,FAIL
4.358,19.5059291407643,50.6513736912366,212.972972972973,73.3956210671221,0.0473166109858907,-0.0144749819038495,FAIL
4.359,19.5060986624425,50.6515937906523,212.972972972973,73.3949061594425,0.0474275650191578,-0.0143687523640125,FAIL
4.36,19.5062681824819,50.651813886984,212.702702702703,73.3941912268286,0.0475385093874338,-0.0142625342978699,FAIL
4.361,19.5064377008833,50.6520339802325,212.702702702703,73.3934762693226,0.0476494440911498,-0.0141563277048296,FAIL
4.362,19.506607217647,50.6522540703984,212.702702702703,73.3927612869663,0.047760369130739,-0.0140501325842988,FAIL
4.363,19.5067767327735,50.6524741574825,212.702702702703,73.3920462798018,0.0478712845066317,-0.0139439489356857,FAIL
4.364,19.5069462462635,50.6526942414855,212.702702702703,73.391331247871,0.0479821902192613,-0.0138377767583973,FAIL
4.365,19.5071157581174,50.652914322408,212.702702702703,73.3906161912156,0.0480930862690578,-0.013731616051842,FAIL
4.366,19.5072852683357,50.6531344002508,212.702702702703,73.3899011098775,0.0482039726564538,-0.0136254668154284,FAIL
4.367,19.5074547769189,50.6533544750147,212.702702702703,73.3891860038983,0.0483148493818801,-0.0135193290485638,FAIL
4.368,19.5076242838676,50.6535745467002,212.702702702703,73.3884708733197,0.0484257164457691,-0.0134132027506563,FAIL
4.369,19.5077937891822,50.6537946153081,212.702702702703,73.3877557181832,0.0485365738485511,-0.0133070879211147,FAIL
4.37,19.5079632928633,50.6540146808391,212.702702702703,73.3870405385305,0.0486474215906575,-0.0132009845593479,FAIL
4.371,19.5081327949114,50.6542347432939,212.702702702703,73.3863253344029,0.0487582596725196,-0.0130948926647634,FAIL
4.372,19.508302295327,50.6544548026732,212.702702702703,73.3856101058419,0.0488690880945688,-0.01298881223677,FAIL
4.373,19.5084717941105,50.6546748589778,212.702702702703,73.3848948528888,0.0489799068572362,-0.0128827432747767,FAIL
4.374,19.5086412912626,50.6548949122083,212.702702702703,73.3841795755849,0.0490907159609523,-0.0127766857781918,FAIL
4.375,19.5088107867838,50.6551149623653,212.702702702703,73.3834642739715,0.049201515406148,-0.0126706397464255,FAIL
4.376,19.5089802806744,50.6553350094498,212.702702702703,73.3827489480897,0.0493123051932537,-0.0125646051788858,FAIL
4.377,19.5091497729351,50.6555550534622,212.702702702703,73.3820335979807,0.0494230853227012,-0.0124585820749815,FAIL
4.378,19.5093192635664,50.6557750944034,212.702702702703,73.3813182236855,0.0495338557949204,-0.0123525704341234,FAIL
4.379,19.5094887525687,50.655995132274,212.702702702703,73.3806028252451,0.0496446166103421,-0.0122465702557191,FAIL
4.38,19.5096582399426,50.6562151670747,212.702702702703,73.3798874027004,0.0497553677693966,-0.0121405815391789,FAIL
4.381,19.5098277256886,50.6564351988063,212.702702702703,73.3791719560924,0.0498661092725147,-0.0120346042839122,FAIL
4.382,19.5099972098071,50.6566552274694,212.702702702703,73.3784564854618,0.049976841120126,-0.0119286384893287,FAIL
4.383,19.5101666922988,50.6568752530648,212.702702702703,73.3777409908495,0.0500875633126611,-0.0118226841548383,FAIL
4.384,19.5103361731641,50.6570952755931,212.702702702703,73.3770254722961,0.0501982758505505,-0.0117167412798503,FAIL
4.385,19.5105056524035,50.657315295055,212.702702702703,73.3763099298423,0.050308978734224,-0.0116108098637751,FAIL
4.386,19.5106751300175,50.6575353114513,212.702702702703,73.3755943635288,0.0504196719641112,-0.0115048899060232,FAIL
4.387,19.5108446060067,50.6577553247825,212.702702702703,73.3748787733959,0.0505303555406436,-0.0113989814060033,FAIL
4.388,19.5110140803715,50.6579753350496,212.702702702703,73.3741631594843,0.0506410294642492,-0.0112930843631271,FAIL
4.389,19.5111835531125,50.658195342253,212.702702702703,73.3734475218344,0.0507516937353591,-0.0111871987768043,FAIL
4.39,19.5113530242301,50.6584153463936,212.702702702703,73.3727318604865,0.0508623483544023,-0.011081324646445,FAIL
4.391,19.5115224937249,50.658635347472,212.702702702703,73.3720161754808,0.0509729933218083,-0.0109754619714607,FAIL
4.392,19.5116919615973,50.658855345489,212.702702702703,73.3713004668578,0.0510836286380076,-0.0108696107512615,FAIL
4.393,19.5118614278479,50.6590753404451,212.702702702703,73.3705847346576,0.0511942543034291,-0.0107637709852579,FAIL
4.394,19.5120308924773,50.6592953323412,212.702702702703,73.3698689789203,0.0513048703185022,-0.0106579426728611,FAIL
4.395,19.5122003554857,50.6595153211779,212.702702702703,73.369153199686,0.0514154766836565,-0.0105521258134817,FAIL
4.396,19.5123698168739,50.6597353069559,212.702702702703,73.3684373969947,0.0515260733993208,-0.0104463204065318,FAIL
4.397,19.5125392766423,50.6599552896759,212.702702702703,73.3677215708864,0.0516366604659249,-0.0103405264514214,FAIL
4.398,19.5127087347914,50.6601752693387,212.702702702703,73.3670057214011,0.0517472378838971,-0.0102347439475627,FAIL
4.399,19.5128781913217,50.6603952459448,212.702702702703,73.3662898485786,0.0518578056536672,-0.0101289728943664,FAIL
4.4,19.5130476462337,50.660615219495,212.702702702703,73.3655739524586,0.0519683637756636,-0.0100232132912437,FAIL
4.401,19.513217099528,50.66083518999,212.702702702703,73.364858033081,0.052078912250316,-0.00991746513760694,FAIL
4.402,19.5133865512049,50.6610551574305,212.702702702703,73.3641420904855,0.0521894510780527,-0.00981172843286737,FAIL
4.403,19.5135560012651,50.6612751218172,212.702702702703,73.3634261247116,0.0522999802593023,-0.00970600317643655,FAIL
4.404,19.513725449709,50.6614950831507,212.702702702703,73.3627101357989,0.0524104997944937,-0.00960028936772717,FAIL
4.405,19.5138948965372,50.6617150414318,212.702702702703,73.361994123787,0.0525210096840556,-0.00949458700615013,FAIL
4.406,19.5140643417501,50.6619349966612,212.702702702703,73.3612780887154,0.0526315099284166,-0.00938889609111782,FAIL
4.407,19.5142337853482,50.6621549488395,212.702702702703,73.3605620306234,0.0527420005280036,-0.00928321662204346,FAIL
4.408,19.514403227332,50.6623748979674,212.702702702703,73.3598459495505,0.0528524814832476,-0.00917754859833753,FAIL
4.409,19.5145726677022,50.6625948440457,212.702702702703,73.3591298455358,0.0529629527945747,-0.00907189201941427,FAIL
4.41,19.514742106459,50.662814787075,212.702702702703,73.3584137186188,0.0530734144624146,-0.0089662468846845,FAIL
4.411,19.5149115436031,50.663034727056,212.702702702703,73.3576975688385,0.0531838664871943,-0.00886061319356168,FAIL
4.412,19.515080979135,50.6632546639894,212.702702702703,73.3569813962341,0.0532943088693427,-0.00875499094545851,FAIL
4.413,19.5152504130551,50.6634745978759,212.702702702703,73.3562652008447,0.0534047416092872,-0.00864938013978689,FAIL
4.414,19.5154198453639,50.6636945287162,212.702702702703,73.3555489827093,0.0535151647074558,-0.00854378077596096,FAIL
4.415,19.5155892760621,50.663914456511,212.702702702703,73.354832741867,0.0536255781642767,-0.00843819285339309,FAIL
4.416,19.5157587051499,50.664134381261,212.702702702703,73.3541164783565,0.0537359819801775,-0.00833261637149607,FAIL
4.417,19.5159281326281,50.6643543029668,212.702702702703,73.3534001922168,0.0538463761555859,-0.00822705132968349,FAIL
4.418,19.516097558497,50.6645742216292,212.702702702703,73.3526838834867,0.0539567606909294,-0.00812149772736803,FAIL
4.419,19.5162669827571,50.6647941372488,212.702702702703,73.351967552205,0.0540671355866359,-0.00801595556396362,FAIL
4.42,19.516436405409,50.6650140498263,212.702702702703,73.3512511984103,0.0541775008431323,-0.00791042483888404,FAIL
4.421,19.5166058264531,50.6652339593624,212.702702702703,73.3505348221413,0.0542878564608461,-0.00780490555154212,FAIL
4.422,19.5167752458901,50.6654538658579,212.702702702703,73.3498184234366,0.0543982024402051,-0.00769939770135208,FAIL
4.423,19.5169446637202,50.6656737693133,212.702702702703,73.3491020023347,0.0545085387816361,-0.00759390128772686,FAIL
4.424,19.5171140799441,50.6658936697294,212.702702702703,73.3483855588742,0.0546188654855666,-0.00748841631008157,FAIL
4.425,19.5172834945623,50.6661135671068,212.702702702703,73.3476690930934,0.0547291825524236,-0.00738294276782892,FAIL
4.426,19.5174529075752,50.6663334614464,212.702702702703,73.3469526050308,0.0548394899826334,-0.0072774806603837,FAIL
4.427,19.5176223189834,50.6665533527486,212.702702702703,73.3462360947246,0.0549497877766244,-0.00717202998715993,FAIL
4.428,19.5177917287873,50.6667732410143,212.702702702703,73.3455195622132,0.055060075934822,-0.00706659074757232,FAIL
4.429,19.5179611369875,50.666993126244,212.702702702703,73.3448030075347,0.0551703544576535,-0.00696116294103433,FAIL
4.43,19.5181305435844,50.6672130084386,212.702702702703,73.3440864307274,0.0552806233455462,-0.0068557465669612,FAIL
4.431,19.5182999485785,50.6674328875986,212.702702702703,73.3433698318292,0.0553908825989265,-0.00675034162476673,FAIL
4.432,19.5184693519704,50.6676527637248,212.702702702703,73.3426532108785,0.0555011322182205,-0.0066449481138664,FAIL
4.433,19.5186387537605,50.6678726368178,212.702702702703,73.3419365679129,0.0556113722038549,-0.00653956603367434,FAIL
4.434,19.5188081539494,50.6680925068784,212.702702702703,73.3412199029707,0.0557216025562562,-0.00643419538360579,FAIL
4.435,19.5189775525374,50.6683123739072,212.702702702703,73.3405032160896,0.0558318232758502,-0.00632883616307611,FAIL
4.436,19.5191469495252,50.6685322379049,212.702702702703,73.3397865073075,0.0559420343630647,-0.00622348837149911,FAIL
4.437,19.5193163449132,50.6687520988721,212.702702702703,73.3390697766623,0.0560522358183246,-0.00611815200829113,FAIL
4.438,19.519485738702,50.6689719568096,212.702702702703,73.3383530241916,0.056162427642056,-0.0060128270728671,FAIL
4.439,19.5196551308919,50.6691918117181,212.702702702703,73.3376362499331,0.0562726098346856,-0.00590751356464181,FAIL
4.44,19.5198245214835,50.6694116635982,212.702702702703,73.3369194539245,0.0563827823966393,-0.00580221148303151,FAIL
4.441,19.5199939104774,50.6696315124506,212.702702702703,73.3362026362034,0.0564929453283427,-0.00569692082745143,FAIL
4.442,19.5201632978739,50.669851358276,212.702702702703,73.3354857968073,0.0566030986302215,-0.00559164159731718,FAIL
4.443,19.5203326836736,50.670071201075,212.702702702703,73.3347689357737,0.0567132423027017,-0.00548637379204409,FAIL
4.444,19.520502067877,50.6702910408484,212.702702702703,73.3340520531399,0.0568233763462093,-0.00538111741104874,FAIL
4.445,19.5206714504846,50.6705108775969,212.702702702703,73.3333351489435,0.0569335007611695,-0.00527587245374717,FAIL
4.446,19.5208408314969,50.670730711321,212.702702702703,73.3326182232217,0.0570436155480076,-0.00517063891955505,FAIL
4.447,19.5210102109143,50.6709505420216,212.702702702703,73.3319012760118,0.0571537207071497,-0.00506541680788808,FAIL
4.448,19.5211795887373,50.6711703696992,212.702702702703,73.331184307351,0.0572638162390209,-0.00496020611816317,FAIL
4.449,19.5213489649666,50.6713901943546,212.702702702703,73.3304673172765,0.0573739021440459,-0.00485500684979645,FAIL
4.45,19.5215183396024,50.6716100159884,212.702702702703,73.3297503058255,0.0574839784226508,-0.00474981900220461,FAIL
4.451,19.5216877126454,50.6718298346013,212.702702702703,73.3290332730349,0.0575940450752611,-0.00464464257480368,FAIL
4.452,19.521857084096,50.6720496501939,212.702702702703,73.3283162189418,0.0577041021023005,-0.0045394775670109,FAIL
4.453,19.5220264539548,50.6722694627671,212.702702702703,73.3275991435831,0.0578141495041954,-0.00443432397824228,FAIL
4.454,19.5221958222221,50.6724892723214,212.702702702703,73.3268820469959,0.0579241872813703,-0.00432918180791486,FAIL
4.455,19.5223651888986,50.6727090788575,212.702702702703,73.3261649292168,0.0580342154342496,-0.00422405105544632,FAIL
4.456,19.5225345539847,50.6729288823762,212.702702702703,73.3254477902829,0.0581442339632585,-0.00411893172025291,FAIL
4.457,19.5227039174808,50.6731486828779,212.702702702703,73.3247306302308,0.0582542428688215,-0.0040138238017523,FAIL
4.458,19.5228732793875,50.6733684803636,212.702702702703,73.3240134490972,0.0583642421513637,-0.00390872729936087,FAIL
4.459,19.5230426397053,50.6735882748337,212.702702702703,73.3232962469188,0.0584742318113094,-0.00380364221249685,FAIL
4.46,19.5232119984347,50.6738080662891,212.702702702703,73.3225790237321,0.0585842118490829,-0.00369856854057737,FAIL
4.461,19.5233813555761,50.6740278547304,212.432432432432,73.3218617795739,0.0586941822651087,-0.00359350628302002,FAIL
4.462,19.52355071113,50.6742476401582,212.432432432432,73.3211445144805,0.0588041430598117,-0.0034884554392417,FAIL
4.463,19.523720065097,50.6744674225732,212.432432432432,73.3204272284885,0.0589140942336159,-0.00338341600866066,FAIL
4.464,19.5238894174775,50.6746872019761,212.432432432432,73.3197099216342,0.0590240357869457,-0.00327838799069502,FAIL
4.465,19.524058768272,50.6749069783676,212.432432432432,73.318992593954,0.0591339677202245,-0.00317337138476248,FAIL
4.466,19.524228117481,50.6751267517484,212.432432432432,73.3182752454841,0.0592438900338762,-0.00306836619028161,FAIL
4.467,19.5243974651049,50.6753465221191,212.432432432432,73.317557876261,0.0593538027283262,-0.00296337240666922,FAIL
4.468,19.5245668111444,50.6755662894804,212.432432432432,73.3168404863207,0.0594637058039978,-0.00285839003334443,FAIL
4.469,19.5247361555998,50.6757860538329,212.432432432432,73.3161230756995,0.0595735992613144,-0.00275341906972515,FAIL
4.47,19.5249054984717,50.6760058151774,212.432432432432,73.3154056444334,0.0596834831006998,-0.00264845951523063,FAIL
4.471,19.5250748397605,50.6762255735145,212.432432432432,73.3146881925585,0.0597933573225785,-0.00254351136927811,FAIL
4.472,19.5252441794667,50.6764453288449,212.432432432432,73.3139707201108,0.0599032219273736,-0.00243857463128661,FAIL
4.473,19.5254135175909,50.6766650811693,212.432432432432,73.3132532271262,0.0600130769155085,-0.00233364930067537,FAIL
4.474,19.5255828541334,50.6768848304883,212.432432432432,73.3125357136408,0.0601229222874072,-0.00222873537686208,FAIL
4.475,19.5257521890948,50.6771045768026,212.432432432432,73.3118181796902,0.0602327580434922,-0.00212383285926743,FAIL
4.476,19.5259215224757,50.6773243201128,212.432432432432,73.3111006253105,0.0603425841841879,-0.00201894174730888,FAIL
4.477,19.5260908542763,50.6775440604197,212.432432432432,73.3103830505372,0.0604524007099166,-0.0019140620404059,FAIL
4.478,19.5262601844974,50.677763797724,212.432432432432,73.3096654554062,0.0605622076211025,-0.00180919373797783,FAIL
4.479,19.5264295131392,50.6779835320262,212.432432432432,73.308947839953,0.0606720049181685,-0.00170433683944371,FAIL
4.48,19.5265988402024,50.678203263327,212.432432432432,73.3082302042134,0.0607817926015363,-0.00159949134422355,FAIL
4.481,19.5267681656874,50.6784229916272,212.432432432432,73.3075125482228,0.060891570671631,-0.00149465725173537,FAIL
4.482,19.5269374895947,50.6786427169274,212.432432432432,73.3067948720168,0.0610013391288737,-0.0013898345614004,FAIL
4.483,19.5271068119247,50.6788624392283,212.432432432432,73.3060771756309,0.0611110979736884,-0.0012850232726378,FAIL
4.484,19.5272761326781,50.6790821585304,212.432432432432,73.3053594591005,0.0612208472064973,-0.00118022338486656,FAIL
4.485,19.5274454518551,50.6793018748346,212.432432432432,73.3046417224609,0.0613305868277237,-0.00107543489750717,FAIL
4.486,19.5276147694564,50.6795215881414,212.432432432432,73.3039239657474,0.0614403168377895,-0.000970657809979625,FAIL
4.487,19.5277840854824,50.6797412984516,212.432432432432,73.3032061889955,0.0615500372371168,-0.000865892121704626,FAIL
4.488,19.5279533999337,50.6799610057658,212.432432432432,73.3024883922402,0.0616597480261294,-0.000761137832100856,FAIL
4.489,19.5281227128106,50.6801807100846,212.432432432432,73.3017705755167,0.0617694492052495,-0.000656394940588889,FAIL
4.49,19.5282920241136,50.6804004114088,212.432432432432,73.3010527388602,0.0618791407748982,-0.0005516634465903,FAIL
4.491,19.5284613338434,50.6806201097389,212.432432432432,73.3003348823058,0.0619888227354989,-0.000446943349523998,FAIL
4.492,19.5286306420002,50.6808398050757,212.432432432432,73.2996170058885,0.0620984950874732,-0.000342234648811668,FAIL
4.493,19.5287999485847,50.6810594974199,212.432432432432,73.2988991096433,0.062208157831244,-0.000237537343873218,FAIL
4.494,19.5289692535973,50.6812791867721,212.432432432432,73.2981811936051,0.0623178109672321,-0.000132851434129999,FAIL
4.495,19.5291385570384,50.6814988731329,212.432432432432,73.2974632578088,0.0624274544958605,-2.81769190022541e-05,FAIL
4.496,19.5293078589086,50.681718556503,212.432432432432,73.2967453022893,0.0625370884175507,7.64862020887769e-05,FAIL
4.497,19.5294771592084,50.6819382368832,212.432432432432,73.2960273270813,0.0626467127327244,0.000181137929722075,FAIL
4.498,19.5296464579382,50.682157914274,212.432432432432,73.2953093322197,0.062756327441804,0.000285778264476955,FAIL
4.499,19.5298157550985,50.6823775886761,212.432432432432,73.294591317739,0.0628659325452102,0.000390407206931398,FAIL
4.5,19.5299850506898,50.6825972600902,212.432432432432,73.2938732836739,0.0629755280433655,0.000495024757664941,FAIL
4.501,19.5301543447126,50.6828169285169,212.432432432432,73.2931552300592,0.0630851139366908,0.000599630917255567,FAIL
4.502,19.5303236371673,50.683036593957,212.432432432432,73.2924371569292,0.0631946902256078,0.000704225686282145,FAIL
4.503,19.5304929280545,50.683256256411,212.432432432432,73.2917190643186,0.0633042569105382,0.000808809065323213,FAIL
4.504,19.5306622173746,50.6834759158797,212.432432432432,73.2910009522618,0.0634138139919028,0.000913381054956419,FAIL
4.505,19.5308315051281,50.6836955723636,212.432432432432,73.2902828207932,0.0635233614701229,0.0010179416557603,FAIL
4.506,19.5310007913154,50.6839152258635,212.432432432432,73.2895646699471,0.06363289934562,0.0011224908683134,FAIL
4.507,19.5311700759372,50.6841348763801,212.432432432432,73.288846499758,0.0637424276188152,0.00122702869319358,FAIL
4.508,19.5313393589937,50.6843545239139,212.432432432432,73.2881283102601,0.0638519462901292,0.00133155513097782,FAIL
4.509,19.5315086404856,50.6845741684656,212.432432432432,73.2874101014876,0.0639614553599832,0.00143607018224512,FAIL
4.51,19.5316779204132,50.684793810036,212.432432432432,73.2866918734746,0.064070954828798,0.00154057384757256,FAIL
4.511,19.5318471987772,50.6850134486256,212.432432432432,73.2859736262554,0.0641804446969951,0.0016450661275389,FAIL
4.512,19.5320164755778,50.6852330842351,212.432432432432,73.2852553598641,0.0642899249649933,0.00174954702271946,FAIL
4.513,19.5321857508158,50.6854527168652,212.432432432432,73.2845370743346,0.0643993956332153,0.00185401653369366,FAIL
4.514,19.5323550244914,50.6856723465166,212.432432432432,73.2838187697009,0.0645088567020815,0.00195847466103838,FAIL
4.515,19.5325242966052,50.6858919731898,212.432432432432,73.2831004459971,0.0646183081720115,0.00206292140533071,FAIL
4.516,19.5326935671577,50.6861115968857,212.432432432432,73.282382103257,0.0647277500434256,0.0021673567671473,FAIL
4.517,19.5328628361493,50.6863312176047,212.432432432432,73.2816637415145,0.0648371823167454,0.00227178074706602,FAIL
4.518,19.5330321035805,50.6865508353476,212.432432432432,73.2809453608034,0.0649466049923909,0.00237619334566386,FAIL
4.519,19.5332013694519,50.686770450115,212.432432432432,73.2802269611574,0.0650560180707817,0.00248059456351701,FAIL
4.52,19.5333706337638,50.6869900619077,212.432432432432,73.2795085426104,0.0651654215523378,0.00258498440120247,FAIL
4.521,19.5335398965167,50.6872096707261,212.432432432432,73.2787901051959,0.0652748154374804,0.00268936285929755,FAIL
4.522,19.5337091577112,50.6874292765711,212.432432432432,73.2780716489476,0.0653841997266286,0.00279372993837756,FAIL
4.523,19.5338784173477,50.6876488794433,212.432432432432,73.277353173899,0.0654935744202032,0.00289808563902061,FAIL
4.524,19.5340476754267,50.6878684793432,212.432432432432,73.2766346800838,0.0656029395186237,0.00300242996180211,FAIL
4.525,19.5342169319486,50.6880880762716,212.432432432432,73.2759161675355,0.0657122950223096,0.00310676290729839,FAIL
4.526,19.534386186914,50.6883076702292,212.432432432432,73.2751976362873,0.0658216409316807,0.00321108447608576,FAIL
4.527,19.5345554403233,50.6885272612166,212.432432432432,73.2744790863729,0.065930977247157,0.00331539466874009,FAIL
4.528,19.5347246921769,50.6887468492343,212.432432432432,73.2737605178254,0.0660403039691585,0.00341969348583848,FAIL
4.529,19.5348939424754,50.6889664342832,212.432432432432,73.2730419306783,0.0661496210981032,0.00352398092795503,FAIL
4.53,19.5350631912193,50.6891860163639,212.432432432432,73.2723233249648,0.0662589286344125,0.00362825699566727,FAIL
4.531,19.5352324384089,50.6894055954769,212.432432432432,73.2716047007182,0.0663682265785046,0.00373252168955018,FAIL
4.532,19.5354016840448,50.689625171623,212.432432432432,73.2708860579715,0.0664775149307991,0.00383677501017954,FAIL
4.533,19.5355709281275,50.6898447448028,212.432432432432,73.270167396758,0.0665867936917154,0.00394101695813065,FAIL
4.534,19.5357401706574,50.690064315017,212.432432432432,73.2694487171107,0.0666960628616722,0.00404524753397906,FAIL
4.535,19.535909411635,50.6902838822661,212.432432432432,73.2687300190627,0.0668053224410891,0.00414946673830008,FAIL
4.536,19.5360786510608,50.690503446551,212.432432432432,73.2680113026469,0.0669145724303851,0.00425367457166947,FAIL
4.537,19.5362478889353,50.6907230078722,212.432432432432,73.2672925678964,0.0670238128299792,0.00435787103466168,FAIL
4.538,19.5364171252588,50.6909425662303,212.432432432432,73.266573814844,0.0671330436402906,0.00446205612785266,FAIL
4.539,19.536586360032,50.6911621216261,212.432432432432,73.2658550435226,0.0672422648617368,0.00456622985181598,FAIL
4.54,19.5367555932552,50.6913816740601,212.432432432432,73.265136253965,0.0673514764947383,0.00467039220712817,FAIL
4.541,19.536924824929,50.6916012235331,212.432432432432,73.2644174462041,0.0674606785397126,0.00477454319436255,FAIL
4.542,19.5370940550537,50.6918207700457,212.432432432432,73.2636986202725,0.0675698709970787,0.00487868281409498,FAIL
4.543,19.53726328363,50.6920403135985,212.432432432432,73.2629797762028,0.0676790538672549,0.00498281106689946,FAIL
4.544,19.5374325106582,50.6922598541922,212.432432432432,73.2622609140278,0.0677882271506598,0.00508692795335008,FAIL
4.545,19.5376017361388,50.6924793918274,212.432432432432,73.2615420337801,0.0678973908477127,0.00519103347402206,FAIL
4.546,19.5377709600724,50.6926989265048,212.432432432432,73.2608231354923,0.0680065449588312,0.00529512762948992,FAIL
4.547,19.5379401824593,50.692918458225,212.432432432432,73.2601042191968,0.0681156894844329,0.00539921042032732,FAIL
4.548,19.5381094033,50.6931379869887,212.432432432432,73.259385284926,0.0682248244249368,0.00550328184710791,FAIL
4.549,19.5382786225951,50.6933575127965,212.432432432432,73.2586663327125,0.0683339497807609,0.00560734191040635,FAIL
4.55,19.5384478403449,50.6935770356492,212.432432432432,73.2579473625886,0.0684430655523232,0.00571139061079629,FAIL
4.551,19.53861705655,50.6937965555472,212.432432432432,73.2572283745867,0.068552171740042,0.00581542794885248,FAIL
4.552,19.5387862712108,50.6940160724913,212.432432432432,73.256509368739,0.0686612683443348,0.00591945392514759,FAIL
4.553,19.5389554843279,50.6942355864821,212.432432432432,73.2557903450778,0.0687703553656197,0.00602346854025559,FAIL
4.554,19.5391246959015,50.6944550975203,212.432432432432,73.2550713036353,0.0688794328043146,0.00612747179475071,FAIL
4.555,19.5392939059323,50.6946746056066,212.432432432432,73.2543522444437,0.0689885006608363,0.00623146368920502,FAIL
4.556,19.5394631144207,50.6948941107415,212.432432432432,73.253633167535,0.0690975589356039,0.00633544422419308,FAIL
4.557,19.5396323213672,50.6951136129257,212.432432432432,73.2529140729414,0.0692066076290333,0.00643941340028764,FAIL
4.558,19.5398015267722,50.6953331121598,212.432432432432,73.252194960695,0.0693156467415436,0.00654337121806192,FAIL
4.559,19.5399707306362,50.6955526084446,212.432432432432,73.2514758308276,0.0694246762735514,0.00664731767808946,FAIL
4.56,19.5401399329597,50.6957721017806,212.432432432432,73.2507566833712,0.0695336962254741,0.00675125278094302,FAIL
4.561,19.5403091337431,50.6959915921685,212.432432432432,73.2500375183578,0.0696427065977286,0.00685517652719492,FAIL
4.562,19.5404783329869,50.6962110796089,212.162162162162,73.2493183358193,0.0697517073907331,0.00695908891741892,FAIL
4.563,19.5406475306916,50.6964305641025,212.162162162162,73.2485991357873,0.0698606986049044,0.00706298995218724,FAIL
4.564,19.5408167268577,50.69665004565,212.162162162162,73.2478799182938,0.0699696802406587,0.0071668796320723,FAIL
4.565,19.5409859214856,50.6968695242519,212.162162162162,73.2471606833705,0.0700786522984146,0.00727075795764709,FAIL
4.566,19.5411551145757,50.6970889999089,212.162162162162,73.2464414310489,0.0701876147785876,0.00737462492948404,FAIL
4.567,19.5413243061286,50.6973084726217,212.162162162162,73.2457221613609,0.0702965676815952,0.00747848054815481,FAIL
4.568,19.5414934961447,50.6975279423909,212.162162162162,73.245002874338,0.0704055110078546,0.00758232481423293,FAIL
4.569,19.5416626846245,50.6977474092172,212.162162162162,73.2442835700117,0.070514444757781,0.00768615772828896,FAIL
4.57,19.5418318715684,50.6979668731011,212.162162162162,73.2435642484136,0.0706233689317929,0.00778997929089598,FAIL
4.571,19.5420010569769,50.6981863340434,212.162162162162,73.2428449095752,0.0707322835303057,0.00789378950262576,FAIL
4.572,19.5421702408506,50.6984057920447,212.162162162162,73.2421255535279,0.0708411885537369,0.00799758836405051,FAIL
4.573,19.5423394231897,50.6986252471055,212.162162162162,73.2414061803032,0.0709500840025025,0.00810137587574222,FAIL
4.574,19.5425086039949,50.6988446992266,212.162162162162,73.2406867899323,0.0710589698770183,0.00820515203827099,FAIL
4.575,19.5426777832665,50.6990641484087,212.162162162162,73.2399673824465,0.0711678461777013,0.00830891685221047,FAIL
4.576,19.5428469610051,50.6992835946522,212.162162162162,73.2392479578772,0.0712767129049673,0.00841267031813053,FAIL
4.577,19.543016137211,50.699503037958,212.162162162162,73.2385285162557,0.071385570059233,0.00851641243660339,FAIL
4.578,19.5431853118849,50.6997224783265,212.162162162162,73.2378090576129,0.071494417640914,0.00862014320820037,FAIL
4.579,19.543354485027,50.6999419157586,212.162162162162,73.2370895819802,0.0716032556504261,0.00872386263349234,FAIL
4.58,19.543523656638,50.7001613502547,212.162162162162,73.2363700893887,0.0717120840881866,0.00882757071305107,FAIL
4.581,19.5436928267182,50.7003807818156,212.162162162162,73.2356505798693,0.0718209029546105,0.00893126744744699,FAIL
4.582,19.5438619952681,50.7006002104418,212.162162162162,73.2349310534531,0.0719297122501136,0.00903495283725131,FAIL
4.583,19.5440311622883,50.7008196361341,212.162162162162,73.2342115101711,0.0720385119751115,0.00913862688303491,FAIL
4.584,19.544200327779,50.701039058893,212.162162162162,73.2334919500542,0.0721473021300201,0.00924228958536844,FAIL
4.585,19.5443694917409,50.7012584787193,212.162162162162,73.2327723731334,0.0722560827152552,0.00934594094482277,FAIL
4.586,19.5445386541743,50.7014778956134,212.162162162162,73.2320527794395,0.0723648537312321,0.00944958096196846,FAIL
4.587,19.5447078150798,50.7016973095762,212.162162162162,73.2313331690032,0.0724736151783663,0.0095532096373756,FAIL
4.588,19.5448769744578,50.7019167206081,212.162162162162,73.2306135418554,0.0725823670570738,0.00965682697161518,FAIL
4.589,19.5450461323088,50.7021361287099,212.162162162162,73.2298938980269,0.0726911093677693,0.00976043296525697,FAIL
4.59,19.5452152886331,50.7023555338822,212.162162162162,73.2291742375483,0.0727998421108678,0.0098640276188714,FAIL
4.591,19.5453844434314,50.7025749361256,212.162162162162,73.2284545604502,0.0729085652867851,0.00996761093302856,FAIL
4.592,19.545553596704,50.7027943354408,212.162162162162,73.2277348667633,0.0730172788959358,0.0100711829082984,FAIL
4.593,19.5457227484514,50.7030137318284,212.162162162162,73.2270151565181,0.0731259829387358,0.0101747435452512,FAIL
4.594,19.545891898674,50.703233125289,212.162162162162,73.2262954297452,0.0732346774156002,0.010278292844457,FAIL
4.595,19.5460610473724,50.7034525158232,212.162162162162,73.225575686475,0.0733433623269426,0.0103818308064844,FAIL
4.596,19.546230194547,50.7036719034318,212.162162162162,73.2248559267381,0.0734520376731789,0.0104853574319044,FAIL
4.597,19.5463993401982,50.7038912881153,212.162162162162,73.2241361505648,0.0735607034547237,0.0105888727212858,FAIL
4.598,19.5465684843266,50.7041106698744,212.162162162162,73.2234163579855,0.0736693596719918,0.0106923766751978,FAIL
4.599,19.5467376269325,50.7043300487097,212.162162162162,73.2226965490305,0.0737780063253978,0.0107958692942111,FAIL
4.6,19.5469067680164,50.7045494246218,212.162162162162,73.2219767237301,0.0738866434153562,0.0108993505788935,FAIL
4.601,19.5470759075788,50.7047687976114,212.162162162162,73.2212568821145,0.0739952709422818,0.0110028205298153,FAIL
4.602,19.5472450456202,50.7049881676791,212.162162162162,73.220537024214,0.074103888906588,0.0111062791475446,FAIL
4.603,19.547414182141,50.7052075348256,212.162162162162,73.2198171500588,0.0742124973086907,0.0112097264326511,FAIL
4.604,19.5475833171416,50.7054268990514,212.162162162162,73.2190972596788,0.0743210961490035,0.0113131623857039,FAIL
4.605,19.5477524506226,50.7056462603572,212.162162162162,73.2183773531044,0.0744296854279407,0.0114165870072711,FAIL
4.606,19.5479215825844,50.7058656187437,212.162162162162,73.2176574303654,0.0745382651459161,0.0115200002979218,FAIL
4.607,19.5480907130274,50.7060849742115,212.162162162162,73.2169374914919,0.0746468353033444,0.0116234022582248,FAIL
4.608,19.548259841952,50.7063043267611,212.162162162162,73.216217536514,0.0747553959006392,0.0117267928887486,FAIL
4.609,19.5484289693589,50.7065236763933,212.162162162162,73.2154975654614,0.0748639469382153,0.0118301721900619,FAIL
4.61,19.5485980952484,50.7067430231087,212.162162162162,73.214777578364,0.0749724884164858,0.0119335401627326,FAIL
4.611,19.5487672196209,50.7069623669079,212.162162162162,73.2140575752519,0.0750810203358647,0.0120368968073291,FAIL
4.612,19.548936342477,50.7071817077914,212.162162162162,73.2133375561546,0.0751895426967659,0.0121402421244199,FAIL
4.613,19.549105463817,50.7074010457601,212.162162162162,73.2126175211021,0.0752980554996027,0.0122435761145723,FAIL
4.614,19.5492745836415,50.7076203808144,212.162162162162,73.2118974701241,0.0754065587447893,0.0123468987783553,FAIL
4.615,19.5494437019509,50.7078397129551,212.162162162162,73.2111774032501,0.0755150524327391,0.0124502101163364,FAIL
4.616,19.5496128187457,50.7080590421827,212.162162162162,73.21045732051,0.0756235365638652,0.0125535101290831,FAIL
4.617,19.5497819340262,50.7082783684979,212.162162162162,73.2097372219333,0.0757320111385814,0.0126567988171633,FAIL
4.618,19.5499510477931,50.7084976919013,212.162162162162,73.2090171075495,0.0758404761573012,0.0127600761811453,FAIL
4.619,19.5501201600466,50.7087170123936,212.162162162162,73.2082969773883,0.0759489316204378,0.0128633422215962,FAIL
4.62,19.5502892707874,50.7089363299753,212.162162162162,73.2075768314791,0.0760573775284046,0.0129665969390835,FAIL
4.621,19.5504583800157,50.7091556446471,212.162162162162,73.2068566698513,0.0761658138816144,0.0130698403341741,FAIL
4.622,19.5506274877322,50.7093749564096,212.162162162162,73.2061364925345,0.0762742406804806,0.0131730724074361,FAIL
4.623,19.5507965939372,50.7095942652635,212.162162162162,73.2054162995579,0.0763826579254152,0.0132762931594355,FAIL
4.624,19.5509656986312,50.7098135712094,212.162162162162,73.204696090951,0.0764910656168326,0.0133795025907407,FAIL
4.625,19.5511348018147,50.7100328742478,212.162162162162,73.2039758667429,0.0765994637551453,0.0134827007019183,FAIL
4.626,19.551303903488,50.7102521743795,212.162162162162,73.203255626963,0.0767078523407656,0.013585887493535,FAIL
4.627,19.5514730036518,50.7104714716051,212.162162162162,73.2025353716406,0.0768162313741068,0.0136890629661571,FAIL
4.628,19.5516421023063,50.7106907659251,212.162162162162,73.2018151008047,0.0769246008555813,0.0137922271203529,FAIL
4.629,19.5518111994522,50.7109100573403,212.162162162162,73.2010948144845,0.0770329607856014,0.0138953799566873,FAIL
4.63,19.5519802950897,50.7111293458512,212.162162162162,73.2003745127093,0.0771413111645803,0.0139985214757282,FAIL
4.631,19.5521493892194,50.7113486314584,212.162162162162,73.1996541955079,0.0772496519929302,0.014101651678041,FAIL
4.632,19.5523184818418,50.7115679141627,212.162162162162,73.1989338629095,0.0773579832710634,0.0142047705641922,FAIL
4.633,19.5524875729572,50.7117871939646,212.162162162162,73.198213514943,0.0774663049993927,0.0143078781347493,FAIL
4.634,19.5526566625662,50.7120064708647,212.162162162162,73.1974931516375,0.0775746171783298,0.0144109743902778,FAIL
4.635,19.5528257506692,50.7122257448636,212.162162162162,73.1967727730217,0.0776829198082869,0.0145140593313424,FAIL
4.636,19.5529948372666,50.7124450159621,212.162162162162,73.1960523791247,0.0777912128896772,0.0146171329585117,FAIL
4.637,19.5531639223589,50.7126642841606,212.162162162162,73.1953319699753,0.0778994964229117,0.0147201952723495,FAIL
4.638,19.5533330059465,50.7128835494599,212.162162162162,73.1946115456022,0.0780077704084026,0.0148232462734229,FAIL
4.639,19.55350208803,50.7131028118606,212.162162162162,73.1938911060342,0.0781160348465619,0.0149262859622968,FAIL
4.64,19.5536711686097,50.7133220713632,212.162162162162,73.1931706513001,0.0782242897378014,0.0150293143395368,FAIL
4.641,19.5538402476861,50.7135413279685,212.162162162162,73.1924501814285,0.0783325350825331,0.0151323314057092,FAIL
4.642,19.5540093252596,50.7137605816769,212.162162162162,73.1917296964481,0.0784407708811686,0.0152353371613793,FAIL
4.643,19.5541784013307,50.7139798324892,212.162162162162,73.1910091963876,0.0785489971341204,0.0153383316071123,FAIL
4.644,19.5543474758999,50.714199080406,212.162162162162,73.1902886812754,0.0786572138417987,0.0154413147434732,FAIL
4.645,19.5545165489676,50.7144183254279,212.162162162162,73.1895681511402,0.0787654210046156,0.0155442865710272,FAIL
4.646,19.5546856205343,50.7146375675555,212.162162162162,73.1888476060105,0.078873618622983,0.0156472470903403,FAIL
4.647,19.5548546906004,50.7148568067894,212.162162162162,73.1881270459146,0.078981806697312,0.0157501963019766,FAIL
4.648,19.5550237591663,50.7150760431303,212.162162162162,73.1874064708811,0.0790899852280142,0.0158531342065014,FAIL
4.649,19.5551928262325,50.7152952765788,212.162162162162,73.1866858809383,0.0791981542155,0.0159560608044792,FAIL
4.65,19.5553618917994,50.7155145071354,212.162162162162,73.1859652761147,0.0793063136601819,0.0160589760964756,FAIL
4.651,19.5555309558676,50.7157337348009,212.162162162162,73.1852446564384,0.07941446356247,0.0161618800830537,FAIL
4.652,19.5557000184374,50.7159529595758,212.162162162162,73.1845240219378,0.0795226039227757,0.0162647727647796,FAIL
4.653,19.5558690795093,50.7161721814608,212.162162162162,73.1838033726412,0.0796307347415102,0.0163676541422174,FAIL
4.654,19.5560381390838,50.7163914004564,212.162162162162,73.1830827085767,0.079738856019084,0.016470524215931,FAIL
4.655,19.5562071971613,50.7166106165633,212.162162162162,73.1823620297725,0.0798469677559087,0.016573382986485,FAIL
4.656,19.5563762537422,50.7168298297822,212.162162162162,73.1816413362568,0.0799550699523938,0.0166762304544433,FAIL
4.657,19.556545308827,50.7170490401136,212.162162162162,73.1809206280576,0.0800631626089516,0.0167790666203707,FAIL
4.658,19.5567143624161,50.7172682475581,212.162162162162,73.180199905203,0.0801712457259923,0.0168818914848309,FAIL
4.659,19.55688341451,50.7174874521164,212.162162162162,73.1794791677211,0.0802793193039255,0.0169847050483874,FAIL
4.66,19.5570524651092,50.717706653789,212.162162162162,73.1787584156397,0.080387383343163,0.017087507311605,FAIL
4.661,19.557221514214,50.7179258525767,212.162162162162,73.178037648987,0.0804954378441148,0.0171902982750464,FAIL
4.662,19.557390561825,50.71814504848,211.891891891892,73.1773168677907,0.080603482807191,0.0172930779392759,FAIL
4.663,19.5575596079425,50.7183642414996,211.891891891892,73.1765960720788,0.0807115182328025,0.0173958463048569,FAIL
4.664,19.5577286525671,50.7185834316359,211.891891891892,73.1758752618791,0.0808195441213595,0.017498603372353,FAIL
4.665,19.5578976956992,50.7188026188898,211.891891891892,73.1751544372193,0.0809275604732717,0.0176013491423279,FAIL
4.666,19.5580667373391,50.7190218032617,211.891891891892,73.1744335981274,0.0810355672889498,0.0177040836153439,FAIL
4.667,19.5582357774874,50.7192409847524,211.891891891892,73.1737127446309,0.0811435645688032,0.0178068067919652,FAIL
4.668,19.5584048161446,50.7194601633623,211.891891891892,73.1729918767577,0.0812515523132427,0.0179095186727546,FAIL
4.669,19.5585738533109,50.7196793390922,211.891891891892,73.1722709945354,0.0813595305226774,0.0180122192582749,FAIL
4.67,19.558742888987,50.7198985119426,211.891891891892,73.1715500979915,0.0814674991975182,0.0181149085490899,FAIL
4.671,19.5589119231732,50.7201176819142,211.891891891892,73.1708291871537,0.0815754583381741,0.0182175865457614,FAIL
4.672,19.5590809558701,50.7203368490076,211.891891891892,73.1701082620495,0.0816834079450551,0.0183202532488526,FAIL
4.673,19.5592499870779,50.7205560132234,211.891891891892,73.1693873227065,0.0817913480185708,0.0184229086589266,FAIL
4.674,19.5594190167972,50.7207751745621,211.891891891892,73.1686663691521,0.0818992785591313,0.0185255527765456,FAIL
4.675,19.5595880450285,50.7209943330245,211.891891891892,73.1679454014138,0.082007199567145,0.0186281856022718,FAIL
4.676,19.5597570717721,50.7212134886111,211.891891891892,73.1672244195189,0.0821151110430233,0.0187308071366685,FAIL
4.677,19.5599260970285,50.7214326413225,211.891891891892,73.166503423495,0.082223012987173,0.0188334173802971,FAIL
4.678,19.5600951207982,50.7216517911594,211.891891891892,73.1657824133692,0.0823309054000056,0.0189360163337204,FAIL
4.679,19.5602641430816,50.7218709381224,211.891891891892,73.1650613891689,0.0824387882819296,0.0190386039975006,FAIL
4.68,19.5604331638791,50.722090082212,211.891891891892,73.1643403509214,0.0825466616333538,0.0191411803721991,FAIL
4.681,19.5606021831912,50.722309223429,211.891891891892,73.1636192986539,0.0826545254546884,0.019243745458379,FAIL
4.682,19.5607712010183,50.7225283617738,211.891891891892,73.1628982323935,0.0827623797463415,0.0193462992566009,FAIL
4.683,19.5609402173609,50.7227474972472,211.891891891892,73.1621771521676,0.0828702245087228,0.019448841767428,FAIL
4.684,19.5611092322194,50.7229666298497,211.891891891892,73.1614560580031,0.0829780597422409,0.0195513729914208,FAIL
4.685,19.5612782455943,50.7231857595819,211.891891891892,73.1607349499272,0.0830858854473047,0.0196538929291417,FAIL
4.686,19.561447257486,50.7234048864444,211.891891891892,73.1600138279669,0.0831937016243226,0.0197564015811512,FAIL
4.687,19.5616162678949,50.723624010438,211.891891891892,73.1592926921492,0.0833015082737042,0.0198588989480123,FAIL
4.688,19.5617852768215,50.7238431315631,211.891891891892,73.1585715425012,0.0834093053958579,0.0199613850302852,FAIL
4.689,19.5619542842662,50.7240622498203,211.891891891892,73.1578503790498,0.0835170929911917,0.0200638598285316,FAIL
4.69,19.5621232902295,50.7242813652104,211.891891891892,73.1571292018219,0.083624871060115,0.0201663233433124,FAIL
4.691,19.5622922947118,50.7245004777338,211.891891891892,73.1564080108444,0.0837326396030359,0.020268775575189,FAIL
4.692,19.5624612977135,50.7247195873913,211.891891891892,73.1556868061441,0.0838403986203626,0.0203712165247222,FAIL
4.693,19.5626302992352,50.7249386941833,211.891891891892,73.1549655877478,0.0839481481125038,0.0204736461924729,FAIL
4.694,19.5627992992771,50.7251577981106,211.891891891892,73.1542443556824,0.084055888079868,0.0205760645790024,FAIL
4.695,19.5629682978398,50.7253768991737,211.891891891892,73.1535231099745,0.0841636185228631,0.0206784716848712,FAIL
4.696,19.5631372949238,50.7255959973733,211.891891891892,73.1528018506509,0.0842713394418967,0.0207808675106393,FAIL
4.697,19.5633062905294,50.7258150927099,211.891891891892,73.1520805777382,0.0843790508373782,0.0208832520568683,FAIL
4.698,19.563475284657,50.7260341851841,211.891891891892,73.1513592912631,0.084486752709715,0.020985625324118,FAIL
4.699,19.5636442773072,50.7262532747967,211.891891891892,73.1506379912522,0.0845944450593141,0.0210879873129485,FAIL
4.7,19.5638132684804,50.726472361548,211.891891891892,73.149916677732,0.084702127886585,0.0211903380239211,FAIL
4.701,19.563982258177,50.7266914454389,211.891891891892,73.1491953507292,0.0848098011919343,0.021292677457595,FAIL
4.702,19.5641512463974,50.7269105264698,211.891891891892,73.1484740102701,0.0849174649757709,0.0213950056145316,FAIL
4.703,19.5643202331421,50.7271296046414,211.891891891892,73.1477526563813,0.0850251192385014,0.0214973224952897,FAIL
4.704,19.5644892184116,50.7273486799544,211.891891891892,73.1470312890891,0.085132763980534,0.0215996281004294,FAIL
4.705,19.5646582022062,50.7275677524092,211.891891891892,73.1463099084201,0.0852403992022761,0.0217019224305109,FAIL
4.706,19.5648271845264,50.7277868220065,211.891891891892,73.1455885144005,0.0853480249041358,0.0218042054860943,FAIL
4.707,19.5649961653726,50.7280058887469,211.891891891892,73.1448671070567,0.0854556410865195,0.0219064772677385,FAIL
4.708,19.5651651447453,50.728224952631,211.891891891892,73.144145686415,0.0855632477498349,0.0220087377760038,FAIL
4.709,19.565334122645,50.7284440136595,211.891891891892,73.1434242525016,0.08567084489449,0.0221109870114489,FAIL
4.71,19.565503099072,50.7286630718328,211.891891891892,73.1427028053428,0.0857784325208917,0.0222132249746342,FAIL
4.711,19.5656720740267,50.7288821271517,211.891891891892,73.1419813449647,0.0858860106294468,0.0223154516661187,FAIL
4.712,19.5658410475097,50.7291011796167,211.891891891892,73.1412598713936,0.0859935792205626,0.0224176670864616,FAIL
4.713,19.5660100195214,50.7293202292285,211.891891891892,73.1405383846556,0.0861011382946464,0.0225198712362219,FAIL
4.714,19.5661789900622,50.7295392759876,211.891891891892,73.1398168847766,0.0862086878521047,0.0226220641159581,FAIL
4.715,19.5663479591325,50.7297583198946,211.891891891892,73.139095371783,0.0863162278933449,0.0227242457262304,FAIL
4.716,19.5665169267328,50.7299773609501,211.891891891892,73.1383738457005,0.0864237584187735,0.0228264160675969,FAIL
4.717,19.5666858928635,50.7301963991548,211.891891891892,73.1376523065553,0.0865312794287978,0.0229285751406171,FAIL
4.718,19.566854857525,50.7304154345093,211.891891891892,73.1369307543733,0.0866387909238238,0.023030722945849,FAIL
4.719,19.5670238207178,50.7306344670141,211.891891891892,73.1362091891804,0.0867462929042585,0.0231328594838515,FAIL
4.72,19.5671927824424,50.7308534966698,211.891891891892,73.1354876110025,0.086853785370509,0.0232349847551832,FAIL
4.721,19.5673617426991,50.7310725234771,211.891891891892,73.1347660198655,0.0869612683229815,0.0233370987604027,FAIL
4.722,19.5675307014883,50.7312915474366,211.891891891892,73.1340444157951,0.0870687417620816,0.0234392015000677,FAIL
4.723,19.5676996588106,50.7315105685488,211.891891891892,73.1333227988173,0.0871762056882167,0.0235412929747374,FAIL
4.724,19.5678686146664,50.7317295868143,211.891891891892,73.1326011689578,0.0872836601017931,0.0236433731849692,FAIL
4.725,19.5680375690561,50.7319486022338,211.891891891892,73.1318795262422,0.0873911050032165,0.0237454421313216,FAIL
4.726,19.56820652198,50.7321676148078,211.891891891892,73.1311578706963,0.087498540392894,0.0238474998143533,FAIL
4.727,19.5683754734388,50.732386624537,211.891891891892,73.1304362023457,0.0876059662712306,0.0239495462346211,FAIL
4.728,19.5685444234327,50.732605631422,211.891891891892,73.1297145212161,0.0877133826386329,0.0240515813926833,FAIL
4.729,19.5687133719623,50.7328246354633,211.891891891892,73.1289928273331,0.0878207894955075,0.0241536052890973,FAIL
4.73,19.5688823190279,50.7330436366615,211.891891891892,73.1282711207222,0.08792818684226,0.0242556179244219,FAIL
4.731,19.56905126463,50.7332626350174,211.891891891892,73.127549401409,0.0880355746792955,0.0243576192992137,FAIL
4.732,19.5692202087691,50.7334816305313,211.891891891892,73.1268276694189,0.0881429530070208,0.0244596094140302,FAIL
4.733,19.5693891514455,50.733700623204,211.891891891892,73.1261059247774,0.0882503218258409,0.0245615882694292,FAIL
4.734,19.5695580926597,50.733919613036,211.891891891892,73.12538416751,0.0883576811361622,0.0246635558659681,FAIL
4.735,19.5697270324121,50.734138600028,211.891891891892,73.1246623976421,0.0884650309383899,0.0247655122042036,FAIL
4.736,19.5698959707032,50.7343575841805,211.891891891892,73.1239406151989,0.0885723712329293,0.0248674572846933,FAIL
4.737,19.5700649075334,50.7345765654942,211.891891891892,73.1232188202059,0.088679702020187,0.0249693911079945,FAIL
4.738,19.5702338429032,50.7347955439695,211.891891891892,73.1224970126884,0.088787023300567,0.0250713136746634,FAIL
4.739,19.5704027768128,50.7350145196072,211.891891891892,73.1217751926716,0.0888943350744762,0.0251732249852582,FAIL
4.74,19.5705717092629,50.7352334924079,211.891891891892,73.1210533601808,0.0890016373423185,0.0252751250403342,FAIL
4.741,19.5707406402538,50.735452462372,211.891891891892,73.1203315152412,0.0891089301044995,0.0253770138404485,FAIL
4.742,19.5709095697859,50.7356714295003,211.891891891892,73.1196096578779,0.0892162133614253,0.025478891386159,FAIL
4.743,19.5710784978597,50.7358903937932,211.891891891892,73.118887788116,0.0893234871134998,0.0255807576780206,FAIL
4.744,19.5712474244756,50.7361093552515,211.891891891892,73.1181659059808,0.0894307513611289,0.0256826127165909,FAIL
4.745,19.5714163496341,50.7363283138757,211.891891891892,73.1174440114973,0.089538006104717,0.0257844565024257,FAIL
4.746,19.5715852733356,50.7365472696664,211.891891891892,73.1167221046904,0.0896452513446693,0.025886289036081,FAIL
4.747,19.5717541955804,50.7367662226242,211.891891891892,73.1160001855853,0.0897524870813902,0.0259881103181138,FAIL
4.748,19.5719231163691,50.7369851727496,211.891891891892,73.1152782542069,0.0898597133152853,0.0260899203490802,FAIL
4.749,19.5720920357021,50.7372041200434,211.891891891892,73.1145563105802,0.0899669300467589,0.0261917191295353,FAIL
4.75,19.5722609535797,50.737423064506,211.891891891892,73.1138343547301,0.0900741372762158,0.026293506660036,FAIL
4.751,19.5724298700025,50.7376420061381,211.891891891892,73.1131123866814,0.0901813350040604,0.0263952829411379,FAIL
4.752,19.5725987849708,50.7378609449402,211.891891891892,73.112390406459,0.0902885232306974,0.0264970479733967,FAIL
4.753,19.5727676984851,50.738079880913,211.891891891892,73.1116684140878,0.0903957019565305,0.0265988017573676,FAIL
4.754,19.5729366105459,50.7382988140571,211.891891891892,73.1109464095925,0.0905028711819653,0.0267005442936069,FAIL
4.755,19.5731055211534,50.738517744373,211.891891891892,73.1102243929979,0.0906100309074059,0.0268022755826699,FAIL
4.756,19.5732744303083,50.7387366718613,211.891891891892,73.1095023643287,0.0907171811332561,0.0269039956251127,FAIL
4.757,19.5734433380108,50.7389555965226,211.891891891892,73.1087803236096,0.0908243218599204,0.0270057044214894,FAIL
4.758,19.5736122442615,50.7391745183576,211.891891891892,73.1080582708653,0.0909314530878029,0.0271074019723562,FAIL
4.759,19.5737811490607,50.7393934373667,211.891891891892,73.1073362061205,0.0910385748173079,0.0272090882782676,FAIL
4.76,19.5739500524089,50.7396123535507,211.891891891892,73.1066141293996,0.0911456870488389,0.0273107633397791,FAIL
4.761,19.5741189543065,50.73983126691,211.891891891892,73.1058920407273,0.0912527897828,0.0274124271574457,FAIL
4.762,19.574287854754,50.7400501774453,211.621621621622,73.1051699401282,0.0913598830195953,0.0275140797318218,FAIL
4.763,19.5744567537517,50.7402690851573,211.621621621622,73.1044478276266,0.0914669667596286,0.0276157210634631,FAIL
4.764,19.5746256513001,50.7404879900463,211.621621621622,73.1037257032472,0.0915740410033045,0.0277173511529243,FAIL
4.765,19.5747945473996,50.7407068921131,211.621621621622,73.1030035670144,0.0916811057510252,0.0278189700007593,FAIL
4.766,19.5749634420507,50.7409257913582,211.621621621622,73.1022814189525,0.0917881610031945,0.0279205776075226,FAIL
4.767,19.5751323352537,50.7411446877823,211.621621621622,73.101559259086,0.0918952067602172,0.0280221739737702,FAIL
4.768,19.5753012270092,50.7413635813859,211.621621621622,73.1008370874391,0.0920022430224958,0.0281237591000545,FAIL
4.769,19.5754701173175,50.7415824721696,211.621621621622,73.1001149040363,0.0921092697904347,0.0282253329869315,FAIL
4.77,19.575639006179,50.741801360134,211.621621621622,73.0993927089019,0.092216287064436,0.0283268956349547,FAIL
4.771,19.5758078935942,50.7420202452797,211.621621621622,73.09867050206,0.092323294844904,0.0284284470446778,FAIL
4.772,19.5759767795635,50.7422391276072,211.621621621622,73.0979482835349,0.0924302931322416,0.0285299872166557,FAIL
4.773,19.5761456640874,50.7424580071173,211.621621621622,73.0972260533508,0.092537281926852,0.0286315161514419,FAIL
4.774,19.5763145471662,50.7426768838103,211.621621621622,73.0965038115319,0.0926442612291382,0.02873303384959,FAIL
4.775,19.5764834288003,50.742895757687,211.621621621622,73.0957815581024,0.0927512310395038,0.0288345403116551,FAIL
4.776,19.5766523089903,50.7431146287479,211.621621621622,73.0950592930862,0.0928581913583514,0.0289360355381896,FAIL
4.777,19.5768211877365,50.7433334969937,211.621621621622,73.0943370165076,0.092965142186084,0.0290375195297474,FAIL
4.778,19.5769900650394,50.7435523624248,211.621621621622,73.0936147283905,0.093072083523104,0.0291389922868823,FAIL
4.779,19.5771589408993,50.7437712250419,211.621621621622,73.092892428759,0.0931790153698158,0.0292404538101482,FAIL
4.78,19.5773278153168,50.7439900848456,211.621621621622,73.0921701176369,0.0932859377266203,0.0293419041000977,FAIL
4.781,19.5774966882921,50.7442089418364,211.621621621622,73.0914477950485,0.093392850593921,0.0294433431572843,FAIL
4.782,19.5776655598259,50.744427796015,211.621621621622,73.0907254610174,0.0934997539721206,0.029544770982261,FAIL
4.783,19.5778344299183,50.7446466473818,211.621621621622,73.0900031155676,0.0936066478616215,0.0296461875755816,FAIL
4.784,19.57800329857,50.7448654959377,211.621621621622,73.0892807587231,0.0937135322628261,0.0297475929377988,FAIL
4.785,19.5781721657813,50.745084341683,211.621621621622,73.0885583905075,0.0938204071761374,0.0298489870694655,FAIL
4.786,19.5783410315527,50.7453031846183,211.621621621622,73.0878360109448,0.0939272726019571,0.0299503699711342,FAIL
4.787,19.5785098958845,50.7455220247444,211.621621621622,73.0871136200587,0.0940341285406885,0.0300517416433588,FAIL
4.788,19.5786787587772,50.7457408620617,211.621621621622,73.0863912178729,0.0941409749927322,0.0301531020866909,FAIL
4.789,19.5788476202313,50.7459596965708,211.621621621622,73.0856688044112,0.094247811958492,0.0302544513016837,FAIL
4.79,19.579016480247,50.7461785282724,211.621621621622,73.0849463796972,0.094354639438369,0.0303557892888893,FAIL
4.791,19.5791853388249,50.7463973571669,211.621621621622,73.0842239437546,0.0944614574327657,0.0304571160488607,FAIL
4.792,19.5793541959654,50.746616183255,211.621621621622,73.083501496607,0.0945682659420843,0.0305584315821498,FAIL
4.793,19.5795230516689,50.7468350065373,211.621621621622,73.082779038278,0.0946750649667263,0.030659735889309,FAIL
4.794,19.5796919059358,50.7470538270144,211.621621621622,73.0820565687912,0.0947818545070936,0.0307610289708904,FAIL
4.795,19.5798607587666,50.7472726446867,211.621621621622,73.0813340881701,0.0948886345635884,0.0308623108274467,FAIL
4.796,19.5800296101616,50.747491459555,211.621621621622,73.0806115964382,0.0949954051366122,0.0309635814595294,FAIL
4.797,19.5801984601213,50.7477102716198,211.621621621622,73.079889093619,0.095102166226567,0.0310648408676906,FAIL
4.798,19.5803673086461,50.7479290808817,211.621621621622,73.079166579736,0.0952089178338534,0.0311660890524817,FAIL
4.799,19.5805361557365,50.7481478873412,211.621621621622,73.0784440548125,0.0953156599588746,0.0312673260144555,FAIL
4.8,19.5807050013927,50.7483666909989,211.621621621622,73.0777215188719,0.0954223926020306,0.0313685517541624,FAIL
4.801,19.5808738456154,50.7485854918555,211.621621621622,73.0769989719376,0.0955291157637235,0.0314697662721549,FAIL
4.802,19.5810426884048,50.7488042899115,211.621621621622,73.076276414033,0.0956358294443547,0.0315709695689844,FAIL
4.803,19.5812115297615,50.7490230851674,211.621621621622,73.0755538451813,0.0957425336443255,0.0316721616452019,FAIL
4.804,19.5813803696858,50.749241877624,211.621621621622,73.0748312654057,0.0958492283640371,0.0317733425013599,FAIL
4.805,19.5815492081781,50.7494606672816,211.621621621622,73.0741086747296,0.0959559136038903,0.031874512138008,FAIL
4.806,19.5817180452389,50.749679454141,211.621621621622,73.0733860731762,0.096062589364287,0.0319756705556986,FAIL
4.807,19.5818868808686,50.7498982382027,211.621621621622,73.0726634607686,0.0961692556456278,0.0320768177549823,FAIL
4.808,19.5820557150675,50.7501170194672,211.621621621622,73.0719408375299,0.0962759124483137,0.0321779537364105,FAIL
4.809,19.5822245478362,50.7503357979353,211.621621621622,73.0712182034833,0.0963825597727451,0.0322790785005334,FAIL
4.81,19.5823933791751,50.7505545736073,211.621621621622,73.070495558652,0.0964891976193246,0.0323801920479031,FAIL
4.811,19.5825622090845,50.750773346484,211.621621621622,73.0697729030589,0.0965958259884511,0.032481294379069,FAIL
4.812,19.5827310375649,50.7509921165658,211.621621621622,73.0690502367271,0.0967024448805263,0.0325823854945826,FAIL
4.813,19.5828998646167,50.7512108838535,211.621621621622,73.0683275596796,0.0968090542959511,0.0326834653949943,FAIL
4.814,19.5830686902402,50.7514296483475,211.621621621622,73.0676048719394,0.0969156542351252,0.0327845340808547,FAIL
4.815,19.5832375144361,50.7516484100484,211.621621621622,73.0668821735294,0.0970222446984499,0.0328855915527138,FAIL
4.816,19.5834063372046,50.7518671689568,211.621621621622,73.0661594644726,0.0971288256863254,0.0329866378111224,FAIL
4.817,19.5835751585461,50.7520859250733,211.621621621622,73.0654367447918,0.0972353971991526,0.0330876728566311,FAIL
4.818,19.5837439784611,50.7523046783984,211.621621621622,73.0647140145099,0.0973419592373315,0.033188696689789,FAIL
4.819,19.5839127969501,50.7525234289328,211.621621621622,73.0639912736498,0.097448511801262,0.0332897093111469,FAIL
4.82,19.5840816140133,50.752742176677,211.621621621622,73.0632685222342,0.0975550548913454,0.0333907107212553,FAIL
4.821,19.5842504296513,50.7529609216316,211.621621621622,73.062545760286,0.097661588507981,0.0334917009206627,FAIL
4.822,19.5844192438644,50.7531796637971,211.621621621622,73.0618229878278,0.0977681126515692,0.0335926799099203,FAIL
4.823,19.5845880566531,50.7533984031742,211.621621621622,73.0611002048824,0.0978746273225103,0.0336936476895776,FAIL
4.824,19.5847568680178,50.7536171397634,211.621621621622,73.0603774114725,0.0979811325212036,0.0337946042601833,FAIL
4.825,19.5849256779589,50.7538358735653,211.621621621622,73.0596546076208,0.0980876282480501,0.0338955496222885,FAIL
4.826,19.5850944864768,50.7540546045804,211.621621621622,73.0589317933499,0.0981941145034487,0.0339964837764414,FAIL
4.827,19.585263293572,50.7542733328094,211.621621621622,73.0582089686823,0.0983005912877999,0.0340974067231922,FAIL
4.828,19.5854320992448,50.7544920582528,211.621621621622,73.0574861336408,0.0984070586015032,0.03419831846309,FAIL
4.829,19.5856009034956,50.7547107809112,211.621621621622,73.0567632882477,0.0985135164449585,0.0342992189966844,FAIL
4.83,19.5857697063249,50.7549295007851,211.621621621622,73.0560404325258,0.0986199648185649,0.0344001083245238,FAIL
4.831,19.5859385077331,50.7551482178752,211.621621621622,73.0553175664973,0.0987264037227225,0.0345009864471577,FAIL
4.832,19.5861073077207,50.7553669321819,211.621621621622,73.0545946901849,0.0988328331578304,0.0346018533651353,FAIL
4.833,19.5862761062879,50.755585643706,211.621621621622,73.0538718036109,0.0989392531242889,0.0347027090790059,FAIL
4.834,19.5864449034353,50.7558043524479,211.621621621622,73.0531489067978,0.0990456636224959,0.0348035535893171,FAIL
4.835,19.5866136991632,50.7560230584082,211.621621621622,73.0524259997679,0.0991520646528522,0.0349043868966186,FAIL
4.836,19.5867824934721,50.7562417615875,211.621621621622,73.0517030825436,0.0992584562157561,0.035005209001459,FAIL
4.837,19.5869512863623,50.7564604619864,211.621621621622,73.0509801551473,0.099364838311607,0.0351060199043867,FAIL
4.838,19.5871200778344,50.7566791596054,211.621621621622,73.0502572176011,0.0994712109408051,0.0352068196059503,FAIL
4.839,19.5872888678887,50.7568978544452,211.621621621622,73.0495342699275,0.0995775741037481,0.0353076081066983,FAIL
4.84,19.5874576565255,50.7571165465062,211.621621621622,73.0488113121486,0.0996839278008355,0.0354083854071788,FAIL
4.841,19.5876264437455,50.7573352357891,211.621621621622,73.0480883442866,0.099790272032466,0.0355091515079405,FAIL
4.842,19.5877952295488,50.7575539222944,211.621621621622,73.0473653663638,0.0998966067990386,0.0356099064095308,FAIL
4.843,19.587964013936,50.7577726060227,211.621621621622,73.0466423784022,0.100002932100953,0.0357106501124989,FAIL
4.844,19.5881327969075,50.7579912869745,211.621621621622,73.0459193804241,0.100109247938607,0.035811382617392,FAIL
4.845,19.5883015784636,50.7582099651505,211.621621621622,73.0451963724515,0.1002155543124,0.0359121039247582,FAIL
4.846,19.5884703586049,50.7584286405512,211.621621621622,73.0444733545066,0.100321851222729,0.0360128140351454,FAIL
4.847,19.5886391373316,50.7586473131772,211.621621621622,73.0437503266113,0.100428138669995,0.0361135129491016,FAIL
4.848,19.5888079146443,50.758865983029,211.621621621622,73.0430272887877,0.100534416654595,0.0362142006671741,FAIL
4.849,19.5889766905433,50.7590846501073,211.621621621622,73.0423042410577,0.100640685176928,0.0363148771899109,FAIL
4.85,19.589145465029,50.7593033144125,211.621621621622,73.0415811834434,0.100746944237392,0.0364155425178589,FAIL
4.851,19.5893142381019,50.7595219759452,211.621621621622,73.0408581159667,0.100853193836386,0.0365161966515659,FAIL
4.852,19.5894830097624,50.7597406347061,211.621621621622,73.0401350386495,0.100959433974307,0.0366168395915799,FAIL
4.853,19.5896517800108,50.7599592906957,211.621621621622,73.0394119515136,0.101065664651554,0.0367174713384468,FAIL
4.854,19.5898205488476,50.7601779439145,211.621621621622,73.038688854581,0.101171885868526,0.0368180918927148,FAIL
4.855,19.5899893162732,50.7603965943632,211.621621621622,73.0379657478735,0.10127809762562,0.0369187012549309,FAIL
4.856,19.590158082288,50.7606152420422,211.621621621622,73.0372426314129,0.101384299923235,0.037019299425642,FAIL
4.857,19.5903268468924,50.7608338869522,211.621621621622,73.0365195052209,0.101490492761768,0.0371198864053947,FAIL
4.858,19.5904956100869,50.7610525290938,211.621621621622,73.0357963693193,0.101596676141617,0.0372204621947364,FAIL
4.859,19.5906643718718,50.7612711684674,211.621621621622,73.0350732237298,0.10170285006318,0.0373210267942137,FAIL
4.86,19.5908331322475,50.7614898050737,211.351351351351,73.0343500684742,0.101809014526856,0.0374215802043731,FAIL
4.861,19.5910018912145,50.7617084389132,211.351351351351,73.033626903574,0.10191516953304,0.0375221224257615,FAIL
4.862,19.5911706487731,50.7619270699865,211.351351351351,73.032903729051,0.102021315082133,0.0376226534589249,FAIL
4.863,19.5913394049238,50.7621456982941,211.351351351351,73.0321805449267,0.10212745117453,0.0377231733044108,FAIL
4.864,19.591508159667,50.7623643238367,211.351351351351,73.0314573512228,0.102233577810629,0.0378236819627646,FAIL
4.865,19.5916769130031,50.7625829466147,211.351351351351,73.0307341479608,0.102339694990829,0.0379241794345329,FAIL
4.866,19.5918456649325,50.7628015666289,211.351351351351,73.0300109351622,0.102445802715526,0.0380246657202619,FAIL
4.867,19.5920144154556,50.7630201838796,211.351351351351,73.0292877128485,0.102551900985118,0.038125140820498,FAIL
4.868,19.5921831645728,50.7632387983675,211.351351351351,73.0285644810413,0.102657989800002,0.0382256047357866,FAIL
4.869,19.5923519122845,50.7634574100932,211.351351351351,73.027841239762,0.102764069160575,0.0383260574666741,FAIL
4.87,19.5925206585912,50.7636760190571,211.351351351351,73.0271179890319,0.102870139067235,0.0384264990137063,FAIL
4.871,19.5926894034932,50.76389462526,211.351351351351,73.0263947288726,0.102976199520378,0.038526929377429,FAIL
4.872,19.5928581469909,50.7641132287023,211.351351351351,73.0256714593054,0.103082250520403,0.0386273485583883,FAIL
4.873,19.5930268890848,50.7643318293845,211.351351351351,73.0249481803516,0.103188292067705,0.0387277565571292,FAIL
4.874,19.5931956297753,50.7645504273074,211.351351351351,73.0242248920325,0.103294324162681,0.0388281533741971,FAIL
4.875,19.5933643690627,50.7647690224714,211.351351351351,73.0235015943695,0.10340034680573,0.0389285390101384,FAIL
4.876,19.5935331069475,50.764987614877,211.351351351351,73.0227782873838,0.103506359997246,0.0390289134654976,FAIL
4.877,19.5937018434301,50.7652062045249,211.351351351351,73.0220549710968,0.103612363737628,0.0391292767408205,FAIL
4.878,19.5938705785108,50.7654247914157,211.351351351351,73.0213316455294,0.103718358027272,0.0392296288366522,FAIL
4.879,19.5940393121902,50.7656433755498,211.351351351351,73.0206083107031,0.103824342866573,0.0393299697535375,FAIL
4.88,19.5942080444686,50.7658619569278,211.351351351351,73.0198849666389,0.103930318255931,0.0394302994920223,FAIL
4.881,19.5943767753463,50.7660805355504,211.351351351351,73.019161613358,0.104036284195739,0.0395306180526506,FAIL
4.882,19.5945455048239,50.766299111418,211.351351351351,73.0184382508815,0.104142240686396,0.0396309254359682,FAIL
4.883,19.5947142329017,50.7665176845312,211.351351351351,73.0177148792305,0.104248187728297,0.039731221642519,FAIL
4.884,19.5948829595802,50.7667362548906,211.351351351351,73.016991498426,0.10435412532184,0.0398315066728486,FAIL
4.885,19.5950516848596,50.7669548224967,211.351351351351,73.0162681084891,0.104460053467419,0.0399317805275009,FAIL
4.886,19.5952204087405,50.7671733873502,211.351351351351,73.0155447094407,0.104565972165431,0.0400320432070208,FAIL
4.887,19.5953891312232,50.7673919494515,211.351351351351,73.014821301302,0.104671881416273,0.0401322947119533,FAIL
4.888,19.5955578523082,50.7676105088013,211.351351351351,73.0140978840938,0.10477778122034,0.0402325350428417,FAIL
4.889,19.5957265719958,50.7678290654,211.351351351351,73.013374457837,0.104883671578029,0.0403327642002309,FAIL
4.89,19.5958952902865,50.7680476192483,211.351351351351,73.0126510225526,0.104989552489736,0.0404329821846658,FAIL
4.891,19.5960640071806,50.7682661703466,211.351351351351,73.0119275782614,0.105095423955856,0.0405331889966892,FAIL
4.892,19.5962327226786,50.7684847186957,211.351351351351,73.0112041249843,0.105201285976786,0.0406333846368466,FAIL
4.893,19.5964014367808,50.7687032642959,211.351351351351,73.0104806627422,0.10530713855292,0.0407335691056809,FAIL
4.894,19.5965701494878,50.768921807148,211.351351351351,73.0097571915558,0.105412981684656,0.0408337424037367,FAIL
4.895,19.5967388607998,50.7691403472523,211.351351351351,73.0090337114459,0.105518815372388,0.0409339045315575,FAIL
4.896,19.5969075707172,50.7693588846096,211.351351351351,73.0083102224332,0.105624639616512,0.0410340554896871,FAIL
4.897,19.5970762792406,50.7695774192203,211.351351351351,73.0075867245385,0.105730454417424,0.0411341952786692,FAIL
4.898,19.5972449863702,50.769795951085,211.351351351351,73.0068632177825,0.105836259775519,0.0412343238990474,FAIL
4.899,19.5974136921065,50.7700144802043,211.351351351351,73.0061397021859,0.105942055691193,0.0413344413513657,FAIL
4.9,19.5975823964499,50.7702330065787,211.351351351351,73.0054161777693,0.106047842164841,0.0414345476361669,FAIL
4.901,19.5977510994008,50.7704515302088,211.351351351351,73.0046926445533,0.106153619196858,0.0415346427539945,FAIL
4.902,19.5979198009596,50.7706700510952,211.351351351351,73.0039691025585,0.10625938678764,0.0416347267053915,FAIL
4.903,19.5980885011266,50.7708885692383,211.351351351351,73.0032455518056,0.106365144937582,0.0417347994909018,FAIL
4.904,19.5982571999024,50.7711070846388,211.351351351351,73.002521992315,0.106470893647079,0.0418348611110677,FAIL
4.905,19.5984258972873,50.7713255972971,211.351351351351,73.0017984241072,0.106576632916525,0.0419349115664324,FAIL
4.906,19.5985945932816,50.771544107214,211.351351351351,73.0010748472029,0.106682362746317,0.0420349508575399,FAIL
4.907,19.5987632878859,50.7717626143898,211.351351351351,73.0003512616224,0.106788083136849,0.0421349789849319,FAIL
4.908,19.5989319811005,50.7719811188253,211.351351351351,72.9996276673862,0.106893794088516,0.0422349959491517,FAIL
4.909,19.5991006729257,50.7721996205208,211.351351351351,72.9989040645147,0.106999495601713,0.0423350017507417,FAIL
4.91,19.5992693633621,50.7724181194771,211.351351351351,72.9981804530283,0.107105187676834,0.0424349963902448,FAIL
4.911,19.59943805241,50.7726366156945,211.351351351351,72.9974568329474,0.107210870314274,0.0425349798682029,FAIL
4.912,19.5996067400698,50.7728551091738,211.351351351351,72.9967332042923,0.107316543514429,0.0426349521851599,FAIL
4.913,19.5997754263419,50.7730735999154,211.351351351351,72.9960095670834,0.107422207277692,0.0427349133416566,FAIL
4.914,19.5999441112267,50.7732920879199,211.351351351351,72.995285921341,0.107527861604457,0.0428348633382364,FAIL
4.915,19.6001127947246,50.7735105731879,211.351351351351,72.9945622670852,0.107633506495121,0.0429348021754412,FAIL
4.916,19.600281476836,50.7737290557198,211.351351351351,72.9938386043365,0.107739141950076,0.0430347298538125,FAIL
4.917,19.6004501575613,50.7739475355163,211.351351351351,72.9931149331149,0.107844767969718,0.0431346463738933,FAIL
4.918,19.6006188369009,50.774166012578,211.351351351351,72.9923912534408,0.107950384554441,0.0432345517362254,FAIL
4.919,19.6007875148553,50.7743844869053,211.351351351351,72.9916675653342,0.108055991704638,0.0433344459413497,FAIL
4.92,19.6009561914247,50.7746029584988,211.351351351351,72.9909438688154,0.108161589420705,0.0434343289898097,FAIL
4.921,19.6011248666096,50.774821427359,211.351351351351,72.9902201639043,0.108267177703035,0.0435342008821459,FAIL
4.922,19.6012935404105,50.7750398934866,211.351351351351,72.9894964506213,0.108372756552021,0.0436340616189009,FAIL
4.923,19.6014622128276,50.7752583568821,211.351351351351,72.9887727289862,0.10847832596806,0.0437339112006151,FAIL
4.924,19.6016308838614,50.775476817546,211.351351351351,72.9880489990192,0.108583885951544,0.0438337496278315,FAIL
4.925,19.6017995535124,50.7756952754789,211.351351351351,72.9873252607403,0.108689436502866,0.0439335769010895,FAIL
4.926,19.6019682217808,50.7759137306812,211.351351351351,72.9866015141695,0.108794977622421,0.0440333930209323,FAIL
4.927,19.6021368886671,50.7761321831537,211.351351351351,72.9858777593268,0.108900509310604,0.0441331979879005,FAIL
4.928,19.6023055541717,50.7763506328968,211.351351351351,72.9851539962322,0.109006031567806,0.0442329918025349,FAIL
4.929,19.602474218295,50.7765690799111,211.351351351351,72.9844302249054,0.109111544394423,0.0443327744653773,FAIL
4.93,19.6026428810374,50.7767875241971,211.351351351351,72.9837064453666,0.109217047790848,0.0444325459769682,FAIL
4.931,19.6028115423993,50.7770059657553,211.351351351351,72.9829826576354,0.109322541757474,0.0445323063378492,FAIL
4.932,19.6029802023811,50.7772244045864,211.351351351351,72.9822588617319,0.109428026294694,0.0446320555485602,FAIL
4.933,19.6031488609831,50.7774428406909,211.351351351351,72.9815350576758,0.109533501402902,0.0447317936096422,FAIL
4.934,19.6033175182058,50.7776612740693,211.351351351351,72.9808112454869,0.109638967082493,0.0448315205216372,FAIL
4.935,19.6034861740496,50.7778797047222,211.351351351351,72.9800874251851,0.109744423333857,0.0449312362850839,FAIL
4.936,19.6036548285149,50.7780981326501,211.351351351351,72.97936359679,0.109849870157389,0.0450309409005241,FAIL
4.937,19.603823481602,50.7783165578535,211.351351351351,72.9786397603214,0.109955307553483,0.0451306343684976,FAIL
4.938,19.6039921333114,50.7785349803331,211.351351351351,72.9779159157991,0.110060735522532,0.0452303166895456,FAIL
4.939,19.6041607836434,50.7787534000894,211.351351351351,72.9771920632426,0.110166154064927,0.0453299878642079,FAIL
4.94,19.6043294325985,50.7789718171229,211.351351351351,72.9764682026718,0.110271563181063,0.0454296478930246,FAIL
4.941,19.6044980801771,50.7791902314341,211.351351351351,72.9757443341062,0.110376962871332,0.0455292967765358,FAIL
4.942,19.6046667263794,50.7794086430236,211.351351351351,72.9750204575653,0.110482353136128,0.0456289345152819,FAIL
4.943,19.6048353712061,50.779627051892,211.351351351351,72.9742965730689,0.110587733975842,0.0457285611098028,FAIL
4.944,19.6050040146573,50.7798454580398,211.351351351351,72.9735726806365,0.110693105390868,0.0458281765606385,FAIL
4.945,19.6051726567336,50.7800638614676,211.351351351351,72.9728487802876,0.110798467381599,0.0459277808683284,FAIL
4.946,19.6053412974354,50.7802822621759,211.351351351351,72.9721248720417,0.110903819948427,0.0460273740334126,FAIL
4.947,19.6055099367629,50.7805006601652,211.351351351351,72.9714009559184,0.111009163091744,0.0461269560564307,FAIL
4.948,19.6056785747166,50.780719055436,211.351351351351,72.9706770319371,0.111114496811944,0.0462265269379224,FAIL
4.949,19.605847211297,50.7809374479891,211.351351351351,72.9699531001173,0.111219821109418,0.0463260866784272,FAIL
4.95,19.6060158465044,50.7811558378248,211.351351351351,72.9692291604784,0.11132513598456,0.046425635278484,FAIL
4.951,19.6061844803391,50.7813742249437,211.351351351351,72.9685052130397,0.111430441437761,0.046525172738633,FAIL
4.952,19.6063531128017,50.7815926093464,211.351351351351,72.9677812578208,0.111535737469414,0.0466246990594129,FAIL
4.953,19.6065217438924,50.7818109910334,211.351351351351,72.9670572948408,0.111641024079911,0.0467242142413633,FAIL
4.954,19.6066903736117,50.7820293700053,211.351351351351,72.9663333241192,0.111746301269644,0.046823718285023,FAIL
4.955,19.60685900196,50.7822477462626,211.351351351351,72.9656093456753,0.111851569039006,0.046923211190931,FAIL
4.956,19.6070276289377,50.7824661198058,211.351351351351,72.9648853595283,0.111956827388388,0.0470226929596264,FAIL
4.957,19.6071962545451,50.7826844906355,211.351351351351,72.9641613656975,0.112062076318182,0.047122163591648,FAIL
4.958,19.6073648787826,50.7829028587523,211.081081081081,72.9634373642021,0.112167315828781,0.0472216230875347,FAIL
4.959,19.6075335016507,50.7831212241567,211.081081081081,72.9627133550614,0.112272545920576,0.0473210714478253,FAIL
4.96,19.6077021231498,50.7833395868491,211.081081081081,72.9619893382945,0.11237776659396,0.0474205086730582,FAIL
4.961,19.6078707432801,50.7835579468303,211.081081081081,72.9612653139207,0.112482977849323,0.0475199347637723,FAIL
4.962,19.6080393620422,50.7837763041006,211.081081081081,72.960541281959,0.112588179687057,0.0476193497205053,FAIL
4.963,19.6082079794364,50.7839946586607,211.081081081081,72.9598172424286,0.112693372107555,0.047718753543797,FAIL
4.964,19.6083765954631,50.7842130105111,211.081081081081,72.9590931953486,0.112798555111207,0.0478181462341842,FAIL
4.965,19.6085452101227,50.7844313596523,211.081081081081,72.958369140738,0.112903728698407,0.0479175277922065,FAIL
4.966,19.6087138234156,50.7846497060849,211.081081081081,72.957645078616,0.113008892869543,0.0480168982184008,FAIL
4.967,19.6088824353421,50.7848680498095,211.081081081081,72.9569210090014,0.113114047625009,0.0481162575133063,FAIL
4.968,19.6090510459028,50.7850863908265,211.081081081081,72.9561969319134,0.113219192965196,0.0482156056774597,FAIL
4.969,19.6092196550979,50.7853047291365,211.081081081081,72.9554728473709,0.113324328890494,0.0483149427114004,FAIL
4.97,19.6093882629278,50.78552306474,211.081081081081,72.9547487553929,0.113429455401296,0.0484142686156654,FAIL
4.971,19.609556869393,50.7857413976376,211.081081081081,72.9540246559983,0.113534572497993,0.0485135833907931,FAIL
4.972,19.6097254744938,50.7859597278299,211.081081081081,72.953300549206,0.113639680180974,0.0486128870373204,FAIL
4.973,19.6098940782306,50.7861780553173,211.081081081081,72.9525764350349,0.113744778450633,0.0487121795557856,FAIL
4.974,19.6100626806039,50.7863963801004,211.081081081081,72.9518523135039,0.113849867307358,0.0488114609467253,FAIL
4.975,19.610231281614,50.7866147021798,211.081081081081,72.9511281846319,0.113954946751543,0.0489107312106783,FAIL
4.976,19.6103998812612,50.786833021556,211.081081081081,72.9504040484376,0.114060016783576,0.0490099903481812,FAIL
4.977,19.610568479546,50.7870513382295,211.081081081081,72.9496799049398,0.114165077403851,0.0491092383597711,FAIL
4.978,19.6107370764688,50.7872696522008,211.081081081081,72.9489557541574,0.114270128612756,0.0492084752459857,FAIL
4.979,19.61090567203,50.7874879634706,211.081081081081,72.9482315961091,0.114375170410682,0.0493077010073615,FAIL
4.98,19.6110742662299,50.7877062720393,211.081081081081,72.9475074308136,0.114480202798021,0.0494069156444366,FAIL
4.981,19.611242859069,50.7879245779074,211.081081081081,72.9467832582896,0.114585225775164,0.0495061191577473,FAIL
4.982,19.6114114505476,50.7881428810756,211.081081081081,72.9460590785558,0.1146902393425,0.0496053115478302,FAIL
4.983,19.6115800406661,50.7883611815444,211.081081081081,72.9453348916309,0.11479524350042,0.0497044928152233,FAIL
4.984,19.6117486294249,50.7885794793142,211.081081081081,72.9446106975335,0.114900238249315,0.0498036629604625,FAIL
4.985,19.6119172168244,50.7887977743857,211.081081081081,72.9438864962822,0.115005223589575,0.0499028219840842,FAIL
4.986,19.6120858028649,50.7890160667594,211.081081081081,72.9431622878957,0.11511019952159,0.0500019698866258,PASS
4.987,19.612254387547,50.7892343564357,211.081081081081,72.9424380723924,0.11521516604575,0.050101106668623,PASS
4.988,19.6124229708709,50.7894526434153,211.081081081081,72.9417138497911,0.115320123162446,0.0502002323306127,PASS
4.989,19.6125915528371,50.7896709276987,211.081081081081,72.9409896201101,0.115425070872068,0.0502993468731315,PASS
4.99,19.6127601334459,50.7898892092864,211.081081081081,72.940265383368,0.115530009175006,0.0503984502967155,PASS
4.991,19.6129287126977,50.790107488179,211.081081081081,72.9395411395833,0.11563493807165,0.050497542601901,PASS
4.992,19.6130972905929,50.790325764377,211.081081081081,72.9388168887744,0.115739857562389,0.0505966237892236,PASS
4.993,19.6132658671319,50.7905440378808,211.081081081081,72.9380926309598,0.115844767647615,0.0506956938592197,PASS
4.994,19.6134344423151,50.7907623086912,211.081081081081,72.9373683661579,0.115949668327716,0.0507947528124252,PASS
4.995,19.6136030161429,50.7909805768085,211.081081081081,72.936644094387,0.116054559603084,0.0508938006493767,PASS
4.996,19.6137715886156,50.7911988422334,211.081081081081,72.9359198156657,0.116159441474106,0.0509928373706091,PASS
4.997,19.6139401597337,50.7914171049663,211.081081081081,72.9351955300122,0.116264313941173,0.0510918629766584,PASS
4.998,19.6141087294975,50.7916353650079,211.081081081081,72.9344712374448,0.116369177004674,0.0511908774680601,PASS
4.999,19.6142772979074,50.7918536223586,211.081081081081,72.9337469379819,0.116474030665001,0.0512898808453506,PASS
5,19.6144458649638,50.7920718770189,211.081081081081,72.9330226316417,0.116578874922541,0.051388873109065,PASS
