#VRML V1.0 ascii
Separator {
MaterialBinding {
value PER_FACE_INDEXED
}
Material {
ambientColor [
 0.792157 0.819608 0.933333
]
diffuseColor [
 0.792157 0.819608 0.933333
]
emissiveColor [
 0.000000 0.000000 0.000000
]
specularColor [
 0.396078 0.409804 0.466667
]
shininess [
 0.312500
]
transparency [
 0.000000
]
}
Coordinate3 {
point [
 -0.850000 -0.009154 -0.080189, -0.850000 -0.005171 -0.115165, -0.850000 -0.005147 -0.115376, -0.850000 -0.001000 -0.075481, -0.850000 -0.000297 -0.150456,
 -0.850000 0.000000 -0.150456, -0.850000 0.000297 -0.150456, -0.850000 0.001000 -0.075481, -0.850000 0.005147 -0.115376, -0.850000 0.005171 -0.115165,
 -0.850000 0.009154 -0.080189, -0.840321 0.009188 -0.081739, -0.801604 0.009324 -0.087939, -0.646732 0.009829 -0.112719, -0.611643 -0.009938 -0.118329,
 -0.408368 0.010538 -0.150817, -0.373279 -0.010638 -0.156422, -0.218400 -0.011067 -0.181159, -0.179680 -0.011172 -0.187342, -0.170000 -0.011198 -0.188887,
 -0.170000 -0.009170 -0.205090, -0.170000 -0.007378 -0.219412, -0.170000 -0.001000 -0.182999, -0.170000 -0.000529 -0.267945, -0.170000 0.000529 -0.267945,
 -0.170000 0.001000 -0.182999, -0.170000 0.005748 -0.231626, -0.170000 0.009133 -0.205085, -0.170000 0.011198 -0.188887
]
}
IndexedFaceSet {
coordIndex [
 14, 0, 1, -1, 14, 1, 16, -1, 19, 18, 20, -1,
 20, 18, 17, -1, 17, 16, 20, -1, 20, 16, 1, -1,
 20, 1, 21, -1, 21, 1, 2, -1, 21, 2, 23, -1,
 23, 2, 4, -1, 15, 28, 27, -1, 10, 11, 9, -1,
 9, 11, 12, -1, 9, 12, 13, -1, 24, 6, 26, -1,
 26, 6, 8, -1, 26, 8, 27, -1, 27, 8, 9, -1,
 27, 9, 15, -1, 15, 9, 13, -1, 23, 4, 24, -1,
 24, 4, 5, -1, 24, 5, 6, -1, 7, 10, 9, -1,
 1, 0, 3, -1, 8, 6, 9, -1, 9, 6, 5, -1,
 3, 7, 1, -1, 1, 7, 9, -1, 1, 9, 2, -1,
 2, 9, 5, -1, 2, 5, 4, -1, 7, 3, 25, -1,
 25, 3, 22, -1, 27, 20, 21, -1, 27, 21, 26, -1,
 26, 21, 23, -1, 26, 23, 24, -1, 22, 19, 25, -1,
 25, 19, 20, -1, 25, 20, 28, -1, 28, 20, 27, -1,
 10, 7, 11, -1, 11, 7, 25, -1, 11, 25, 12, -1,
 12, 25, 28, -1, 12, 28, 13, -1, 13, 28, 15, -1,
 19, 22, 18, -1, 18, 22, 3, -1, 18, 3, 17, -1,
 17, 3, 0, -1, 17, 0, 16, -1, 16, 0, 14, -1
]
materialIndex [
 0, 0, 0, 0, 0, 0, 0, 0, 0, 0, 0, 0, 0, 0, 0, 0, 0, 0, 0, 0, 0, 0, 0,
 0, 0, 0, 0, 0, 0, 0, 0, 0, 0, 0, 0, 0, 0, 0, 0, 0, 0, 0,
 0, 0, 0, 0, 0, 0, 0, 0, 0, 0, 0, 0,
]
}
}
Separator {
MaterialBinding {
value PER_FACE_INDEXED
}
Material {
ambientColor [
 0.792157 0.819608 0.933333, 1.000000 0.000000 0.000000
]
diffuseColor [
 0.792157 0.819608 0.933333, 1.000000 0.000000 0.000000
]
emissiveColor [
 0.000000 0.000000 0.000000, 0.000000 0.000000 0.000000
]
specularColor [
 0.396078 0.409804 0.466667, 0.700000 0.000000 0.000000
]
shininess [
 0.312500, 0.500000
]
transparency [
 0.000000, 0.000000
]
}
Coordinate3 {
point [
 -0.369500 0.056920 -0.822167, -0.369500 0.056945 -0.826077, -0.369500 0.057058 -0.843557, -0.369500 0.057427 -0.808566, -0.369500 0.057729 -0.800476,
 -0.369500 0.057794 -0.799806, -0.369500 0.058066 -0.860977, -0.369500 0.058441 -0.867445, -0.369500 0.058643 -0.791075, -0.369500 0.058991 -0.787502,
 -0.369500 0.059375 -0.878368, -0.369500 0.059980 -0.782419, -0.369500 0.060389 -0.780315, -0.369500 0.060863 -0.895765, -0.369500 0.061166 -0.778218,
 -0.369500 0.061613 -0.777012, -0.369500 0.062104 -0.776256, -0.369500 0.062272 -0.775997, -0.369500 0.062354 -0.913203, -0.369500 0.062442 -0.775831,
 -0.369500 0.062796 -0.775486, -0.369500 0.062842 -0.775460, -0.369500 0.063077 -0.775321, -0.369500 0.063236 -0.775227, -0.369500 0.063321 -0.775201,
 -0.369500 0.063583 -0.775121, -0.369500 0.063587 -0.775120, -0.369500 0.063854 -0.913203, -0.369500 0.063855 -0.775104, -0.369500 0.063945 -0.775098,
 -0.369500 0.064125 -0.775131, -0.369500 0.064297 -0.775163, -0.369500 0.064387 -0.775202, -0.369500 0.064638 -0.775313, -0.369500 0.064673 -0.775328,
 -0.369500 0.064863 -0.775467, -0.369500 0.065082 -0.775627, -0.369500 0.065264 -0.775833, -0.369500 0.065354 -0.913203, -0.369500 0.065626 -0.776243,
 -0.369500 0.066558 -0.778018, -0.369500 0.066614 -0.778192, -0.369500 0.066846 -0.895765, -0.369500 0.067415 -0.780672, -0.369500 0.067759 -0.782414,
 -0.369500 0.068334 -0.878368, -0.369500 0.068586 -0.786603, -0.369500 0.069066 -0.791077, -0.369500 0.069253 -0.867630, -0.369500 0.069639 -0.860977,
 -0.369500 0.069794 -0.797863, -0.369500 0.069880 -0.799807, -0.369500 0.070266 -0.808568, -0.369500 0.070650 -0.843557, -0.369500 0.070713 -0.826077,
 -0.369500 0.070737 -0.819266, -0.321500 0.056012 -0.824463, -0.321500 0.056058 -0.821151, -0.321500 0.056169 -0.813221, -0.321500 0.056183 -0.838045,
 -0.321500 0.056274 -0.840291, -0.321500 0.056569 -0.801988, -0.321500 0.056610 -0.800820, -0.321500 0.056684 -0.850443, -0.321500 0.056858 -0.853540,
 -0.321500 0.057065 -0.856883, -0.321500 0.057143 -0.792415, -0.321500 0.057290 -0.790098, -0.321500 0.057429 -0.788438, -0.321500 0.058011 -0.782864,
 -0.321500 0.058143 -0.781601, -0.321500 0.058955 -0.776116, -0.321500 0.059519 -0.773397, -0.321500 0.059748 -0.772291, -0.321500 0.060369 -0.770066,
 -0.321500 0.060851 -0.768800, -0.321500 0.061142 -0.768036, -0.321500 0.061575 -0.767195, -0.321500 0.061942 -0.766680, -0.321500 0.062239 -0.766264,
 -0.321500 0.062300 -0.766203, -0.321500 0.062542 -0.765964, -0.321500 0.062754 -0.765816, -0.321500 0.062854 -0.853540, -0.321500 0.062999 -0.765645,
 -0.321500 0.063031 -0.765623, -0.321500 0.063091 -0.765592, -0.321500 0.063273 -0.765526, -0.321500 0.063487 -0.765449, -0.321500 0.063557 -0.765439,
 -0.321500 0.063737 -0.765411, -0.321500 0.063854 -0.765417, -0.321500 0.064125 -0.765430, -0.321500 0.064152 -0.765436, -0.321500 0.064329 -0.765478,
 -0.321500 0.064436 -0.765526, -0.321500 0.064709 -0.765649, -0.321500 0.064786 -0.765684, -0.321500 0.064854 -0.853540, -0.321500 0.064941 -0.765785,
 -0.321500 0.064962 -0.765806, -0.321500 0.065398 -0.766215, -0.321500 0.065556 -0.766363, -0.321500 0.065703 -0.766546, -0.321500 0.065776 -0.766673,
 -0.321500 0.066593 -0.768094, -0.321500 0.066878 -0.768794, -0.321500 0.067037 -0.769185, -0.321500 0.068028 -0.772571, -0.321500 0.068201 -0.773396,
 -0.321500 0.068626 -0.775420, -0.321500 0.069614 -0.782004, -0.321500 0.069704 -0.782864, -0.321500 0.070252 -0.788139, -0.321500 0.070550 -0.792417,
 -0.321500 0.070643 -0.856883, -0.321500 0.070790 -0.854535, -0.321500 0.070850 -0.853540, -0.321500 0.070995 -0.798803, -0.321500 0.071102 -0.800915,
 -0.321500 0.071139 -0.801989, -0.321500 0.071458 -0.840312, -0.321500 0.071458 -0.840292, -0.321500 0.071579 -0.815022, -0.321500 0.071640 -0.821151,
 -0.321500 0.071697 -0.826854, -0.283073 0.065354 -0.919246, -0.283073 0.067570 -0.898892, -0.251951 0.071520 -0.857389, -0.249115 0.056152 -0.857410,
 -0.196649 0.055491 -0.857791, -0.196647 0.072217 -0.857791, -0.196647 0.057129 -0.878658, -0.196647 0.059449 -0.902016, -0.196647 0.060817 -0.913667,
 -0.196647 0.062354 -0.925288, -0.196647 0.065354 -0.925288, -0.196647 0.066891 -0.913667, -0.196647 0.068259 -0.902016, -0.196647 0.070579 -0.878658,
 -0.184987 0.072364 -0.857876, -0.157117 0.054993 -0.858079, -0.069250 0.062354 -0.934194, -0.069250 0.065354 -0.934194, -0.067716 0.061902 -0.931536,
 -0.063984 0.066850 -0.925072, -0.061569 0.060219 -0.920890, -0.061545 0.060213 -0.920848, -0.061538 0.067462 -0.920835, -0.055132 0.069063 -0.909740,
 -0.053656 0.069394 -0.907183, -0.053649 0.058341 -0.907172, -0.051511 0.057833 -0.903468, -0.051499 0.069877 -0.903448, -0.041100 0.071945 -0.885437,
 -0.040777 0.055705 -0.884877, -0.037338 0.055104 -0.878920, -0.037329 0.072569 -0.878904, -0.036883 0.055025 -0.878133, -0.030421 0.073711 -0.866940,
 -0.025855 0.053343 -0.859031, -0.025855 0.074365 -0.859031, -0.022685 0.062854 -0.853540, -0.022685 0.064854 -0.853540
]
}
IndexedFaceSet {
coordIndex [
 137, 136, 126, -1, 127, 42, 45, -1, 84, 22, 21, -1,
 22, 84, 23, -1, 96, 33, 32, -1, 6, 129, 65, -1,
 60, 2, 63, -1, 63, 2, 6, -1, 63, 6, 64, -1,
 64, 6, 65, -1, 141, 130, 132, -1, 151, 152, 132, -1,
 152, 155, 132, -1, 132, 155, 156, -1, 132, 156, 141, -1,
 141, 156, 158, -1, 141, 158, 160, -1, 146, 147, 134, -1,
 134, 147, 151, -1, 134, 151, 133, -1, 133, 151, 132, -1,
 135, 142, 134, -1, 134, 142, 144, -1, 134, 144, 146, -1,
 143, 136, 145, -1, 145, 136, 137, -1, 145, 137, 148, -1,
 148, 137, 149, -1, 150, 138, 153, -1, 153, 138, 139, -1,
 139, 131, 140, -1, 161, 159, 140, -1, 140, 159, 157, -1,
 140, 157, 139, -1, 139, 157, 154, -1, 139, 154, 153, -1,
 116, 49, 53, -1, 122, 121, 53, -1, 53, 121, 117, -1,
 53, 117, 116, -1, 122, 53, 125, -1, 125, 53, 54, -1,
 125, 54, 124, -1, 124, 54, 55, -1, 124, 55, 123, -1,
 123, 55, 52, -1, 123, 52, 120, -1, 120, 52, 119, -1,
 119, 52, 51, -1, 119, 51, 118, -1, 118, 51, 114, -1,
 114, 51, 50, -1, 114, 50, 113, -1, 113, 50, 47, -1,
 113, 47, 112, -1, 112, 47, 46, -1, 112, 46, 111, -1,
 111, 46, 44, -1, 111, 44, 110, -1, 110, 44, 109, -1,
 109, 44, 43, -1, 109, 43, 108, -1, 108, 43, 41, -1,
 108, 41, 107, -1, 37, 103, 39, -1, 39, 103, 104, -1,
 39, 104, 40, -1, 40, 104, 105, -1, 40, 105, 41, -1,
 41, 105, 106, -1, 41, 106, 107, -1, 33, 96, 34, -1,
 96, 97, 34, -1, 34, 97, 99, -1, 34, 99, 35, -1,
 35, 99, 100, -1, 35, 100, 36, -1, 36, 100, 101, -1,
 36, 101, 37, -1, 37, 101, 102, -1, 37, 102, 103, -1,
 24, 88, 25, -1, 25, 88, 89, -1, 25, 89, 26, -1,
 26, 89, 90, -1, 26, 90, 28, -1, 28, 90, 91, -1,
 28, 91, 29, -1, 29, 91, 92, -1, 29, 92, 30, -1,
 30, 92, 93, -1, 30, 93, 31, -1, 31, 93, 94, -1,
 31, 94, 32, -1, 32, 94, 95, -1, 32, 95, 96, -1,
 84, 85, 23, -1, 23, 85, 86, -1, 23, 86, 24, -1,
 24, 86, 87, -1, 24, 87, 88, -1, 75, 76, 16, -1,
 76, 77, 16, -1, 16, 77, 78, -1, 16, 78, 17, -1,
 17, 78, 79, -1, 17, 79, 19, -1, 19, 79, 80, -1,
 19, 80, 20, -1, 20, 80, 81, -1, 20, 81, 21, -1,
 21, 81, 82, -1, 21, 82, 84, -1, 72, 73, 14, -1,
 16, 15, 75, -1, 75, 15, 14, -1, 75, 14, 74, -1,
 74, 14, 73, -1, 69, 70, 11, -1, 14, 12, 72, -1,
 72, 12, 11, -1, 72, 11, 71, -1, 71, 11, 70, -1,
 11, 9, 69, -1, 69, 9, 8, -1, 69, 8, 68, -1,
 68, 8, 5, -1, 68, 5, 67, -1, 60, 59, 2, -1,
 2, 59, 56, -1, 2, 56, 1, -1, 1, 56, 57, -1,
 1, 57, 0, -1, 0, 57, 58, -1, 0, 58, 3, -1,
 3, 58, 61, -1, 3, 61, 4, -1, 4, 61, 62, -1,
 4, 62, 5, -1, 5, 62, 66, -1, 5, 66, 67, -1,
 138, 127, 139, -1, 139, 127, 45, -1, 139, 45, 131, -1,
 131, 45, 48, -1, 131, 48, 128, -1, 128, 48, 49, -1,
 128, 49, 115, -1, 115, 49, 116, -1, 129, 6, 130, -1,
 130, 6, 7, -1, 130, 7, 132, -1, 132, 7, 10, -1,
 132, 10, 133, -1, 133, 10, 13, -1, 133, 13, 134, -1,
 134, 13, 18, -1, 134, 18, 135, -1, 150, 149, 138, -1,
 138, 149, 137, -1, 138, 137, 127, -1, 127, 137, 126, -1,
 127, 126, 42, -1, 42, 126, 38, -1, 142, 143, 144, -1,
 144, 143, 145, -1, 144, 145, 146, -1, 146, 145, 148, -1,
 146, 148, 147, -1, 147, 148, 149, -1, 147, 149, 151, -1,
 151, 149, 150, -1, 151, 150, 152, -1, 152, 150, 153, -1,
 152, 153, 155, -1, 155, 153, 154, -1, 155, 154, 156, -1,
 156, 154, 157, -1, 156, 157, 158, -1, 158, 157, 159, -1,
 158, 159, 160, -1, 160, 159, 161, -1, 160, 161, 162, -1,
 162, 161, 163, -1, 83, 162, 98, -1, 98, 162, 163, -1,
 47, 50, 35, -1, 19, 20, 21, -1, 14, 15, 16, -1,
 50, 16, 17, -1, 24, 25, 50, -1, 50, 25, 26, -1,
 44, 46, 47, -1, 17, 19, 50, -1, 50, 19, 21, -1,
 50, 21, 24, -1, 24, 21, 22, -1, 24, 22, 23, -1,
 47, 35, 44, -1, 44, 35, 41, -1, 44, 41, 43, -1,
 26, 28, 50, -1, 50, 28, 29, -1, 50, 29, 30, -1,
 34, 35, 33, -1, 33, 35, 50, -1, 33, 50, 32, -1,
 32, 50, 30, -1, 32, 30, 31, -1, 39, 40, 37, -1,
 37, 40, 41, -1, 37, 41, 36, -1, 36, 41, 35, -1,
 16, 50, 14, -1, 14, 50, 11, -1, 14, 11, 12, -1,
 27, 18, 13, -1, 9, 11, 8, -1, 8, 11, 50, -1,
 8, 50, 5, -1, 5, 50, 51, -1, 5, 51, 4, -1,
 4, 51, 52, -1, 38, 27, 42, -1, 42, 27, 13, -1,
 42, 13, 45, -1, 45, 13, 10, -1, 45, 10, 48, -1,
 48, 10, 7, -1, 48, 7, 49, -1, 49, 7, 6, -1,
 49, 6, 53, -1, 53, 6, 2, -1, 53, 2, 54, -1,
 54, 2, 1, -1, 54, 1, 55, -1, 55, 1, 0, -1,
 55, 0, 52, -1, 52, 0, 3, -1, 52, 3, 4, -1,
 18, 27, 135, -1, 135, 27, 38, -1, 143, 142, 136, -1,
 136, 142, 135, -1, 136, 135, 126, -1, 126, 135, 38, -1,
 64, 65, 83, -1, 116, 117, 121, -1, 63, 64, 60, -1,
 60, 64, 83, -1, 60, 83, 59, -1, 95, 94, 93, -1,
 76, 75, 108, -1, 108, 96, 95, -1, 77, 76, 78, -1,
 78, 76, 108, -1, 78, 108, 79, -1, 79, 108, 80, -1,
 108, 107, 96, -1, 96, 107, 106, -1, 96, 106, 97, -1,
 95, 93, 108, -1, 108, 93, 92, -1, 108, 92, 91, -1,
 81, 80, 82, -1, 82, 80, 108, -1, 82, 108, 84, -1,
 84, 108, 87, -1, 84, 87, 85, -1, 85, 87, 86, -1,
 88, 87, 89, -1, 89, 87, 108, -1, 89, 108, 90, -1,
 90, 108, 91, -1, 125, 124, 56, -1, 56, 124, 57, -1,
 103, 102, 104, -1, 104, 102, 101, -1, 99, 97, 100, -1,
 100, 97, 106, -1, 100, 106, 101, -1, 101, 106, 105, -1,
 101, 105, 104, -1, 75, 74, 108, -1, 108, 74, 73, -1,
 108, 73, 109, -1, 109, 73, 72, -1, 109, 72, 110, -1,
 110, 72, 71, -1, 110, 71, 111, -1, 111, 71, 70, -1,
 111, 70, 112, -1, 112, 70, 69, -1, 112, 69, 113, -1,
 116, 121, 115, -1, 115, 121, 122, -1, 115, 122, 98, -1,
 98, 122, 125, -1, 98, 125, 83, -1, 83, 125, 56, -1,
 83, 56, 59, -1, 57, 124, 58, -1, 58, 124, 123, -1,
 58, 123, 61, -1, 69, 68, 113, -1, 113, 68, 67, -1,
 113, 67, 114, -1, 114, 67, 66, -1, 114, 66, 118, -1,
 118, 66, 62, -1, 118, 62, 119, -1, 119, 62, 61, -1,
 119, 61, 120, -1, 120, 61, 123, -1, 141, 160, 130, -1,
 130, 160, 162, -1, 130, 162, 129, -1, 129, 162, 83, -1,
 129, 83, 65, -1, 163, 161, 140, -1, 115, 98, 128, -1,
 128, 98, 163, -1, 128, 163, 131, -1, 131, 163, 140, -1
]
materialIndex [
 0, 0, 0, 0, 0, 0, 0, 0, 0, 0, 0, 0, 0, 0, 0, 0, 0, 0, 0, 0, 0, 0, 0, 0, 0, 0, 0, 0, 0, 0, 0, 0, 0, 0, 0, 0, 0, 0, 0, 0, 0, 0, 0, 0, 0, 0, 0, 0, 0, 0, 0, 0, 0, 0, 0, 0, 0, 0, 0, 0, 0, 0, 0, 0, 0, 0, 0, 0, 0, 0, 0, 0, 0, 0, 0, 0, 0, 0, 0, 0, 0, 0, 0, 0, 0, 0, 0, 0, 0, 0, 0, 0, 0, 0, 0, 0, 0, 0, 0, 0, 0, 0, 0, 0, 0, 0, 0, 0, 0, 0, 0, 0, 0, 0, 0, 0, 0, 0, 0, 0, 0, 0, 0, 0, 0, 0, 0, 0, 0, 0, 0, 0, 0, 0, 0, 0, 0, 0, 0, 0, 0, 0, 0, 0, 0, 0, 0, 0, 0, 0, 0, 0, 0, 0, 0, 0, 0, 0, 0, 0, 0, 0, 0, 0, 0, 0, 0, 0, 0, 0, 0, 0, 0, 0, 0, 0, 0, 0, 0, 0, 0, 0, 0, 0, 0, 0,
 0, 0, 0, 0, 0, 0, 0, 0, 0, 0, 0, 0, 0, 0, 0, 0, 0, 0, 0, 0, 0, 0, 0, 0, 0, 0, 0, 0, 0, 0, 0, 0, 0, 0, 0, 0, 0, 0, 0, 0, 0, 0, 0, 0, 0, 0, 0, 0, 0, 0, 0, 0, 0, 0, 0, 0, 0, 0, 0, 0, 0, 0, 0, 0, 0, 0, 0, 0, 0, 0, 0, 0, 0, 0, 0, 0, 0, 0, 0, 0, 0, 0, 0, 0, 0, 0, 0, 0, 0, 0, 0, 0, 0, 0, 0, 0, 0, 0, 0, 0, 0, 0, 0, 0, 0, 0, 0, 0, 0, 0, 0, 0, 0, 0, 0, 0, 0, 0, 0, 0, 0, 0, 0, 0, 0, 0, 0, 0,
 1, 1, 1, 1, 1, 0, 0, 0, 0, 0,
]
}
}
Separator {
MaterialBinding {
value PER_FACE_INDEXED
}
Material {
ambientColor [
 0.792157 0.819608 0.933333, 1.000000 1.000000 1.000000
]
diffuseColor [
 0.792157 0.819608 0.933333, 1.000000 1.000000 1.000000
]
emissiveColor [
 0.000000 0.000000 0.000000, 0.000000 0.000000 0.000000
]
specularColor [
 0.396078 0.409804 0.466667, 0.500000 0.500000 0.500000
]
shininess [
 0.312500, 0.400000
]
transparency [
 0.000000, 0.700000
]
}
Coordinate3 {
point [
 -0.081968 0.092916 -0.131094, -0.081929 0.093992 -0.126556, -0.081903 0.094729 -0.123445, -0.081896 0.094771 -0.123296, -0.081883 0.092176 -0.135040,
 -0.081837 0.091779 -0.137163, -0.081792 0.091387 -0.139255, -0.081570 0.096745 -0.116397, -0.081518 0.096925 -0.115859, -0.081458 0.090380 -0.146711,
 -0.081413 0.090246 -0.147700, -0.081362 0.090093 -0.148837, -0.081093 0.098407 -0.111431, -0.081030 0.091914 -0.146632, -0.080996 0.094243 -0.123718,
 -0.080980 0.093658 -0.126482, -0.080967 0.094391 -0.123215, -0.080951 0.098903 -0.109949, -0.080947 0.094858 -0.134881, -0.080930 0.091862 -0.134957,
 -0.080919 0.091463 -0.136839, -0.080909 0.091433 -0.137075, -0.080906 0.089502 -0.156138, -0.080779 0.089337 -0.158174, -0.080769 0.089324 -0.158328,
 -0.080746 0.089294 -0.158704, -0.080614 0.097721 -0.123094, -0.080544 0.096562 -0.115813, -0.080466 0.090199 -0.146630, -0.080420 0.090070 -0.147629,
 -0.080347 0.097571 -0.112374, -0.080240 0.089568 -0.151516, -0.080198 0.097948 -0.111361, -0.080196 0.100762 -0.105090, -0.080072 0.091637 -0.146558,
 -0.080037 0.101154 -0.104068, -0.080020 0.100458 -0.111275, -0.080010 0.094517 -0.134813, -0.080004 0.089008 -0.168604, -0.079934 0.089382 -0.155790,
 -0.079900 0.089004 -0.169905, -0.079769 0.089281 -0.158098, -0.079758 0.089275 -0.158247, -0.079703 0.097313 -0.123033, -0.079383 0.095176 -0.158064,
 -0.079305 0.097661 -0.146334, -0.079270 0.100295 -0.105065, -0.079227 0.092621 -0.169758, -0.079189 0.102764 -0.100322, -0.079142 0.099981 -0.111224,
 -0.079047 0.103034 -0.099693, -0.079024 0.088827 -0.168525, -0.079006 0.100066 -0.134568, -0.078982 0.103157 -0.099407, -0.078972 0.088966 -0.181464,
 -0.078919 0.088827 -0.169826, -0.078912 0.101203 -0.102631, -0.078831 0.090004 -0.181420, -0.078822 0.103461 -0.098699, -0.078523 0.088947 -0.187066,
 -0.078496 0.102375 -0.122773, -0.078415 0.094930 -0.158008, -0.078361 0.102122 -0.100592, -0.078353 0.097359 -0.146286, -0.078248 0.092428 -0.169692,
 -0.078121 0.102523 -0.099702, -0.078075 0.099704 -0.134527, -0.078046 0.088927 -0.193007, -0.078023 0.102686 -0.099341, -0.077986 0.088827 -0.181388,
 -0.077849 0.099149 -0.169476, -0.077844 0.089863 -0.181344, -0.077763 0.101227 -0.157771, -0.077763 0.104549 -0.110958, -0.077729 0.096991 -0.181146,
 -0.077591 0.101950 -0.122739, -0.077500 0.088905 -0.199805, -0.077471 0.103214 -0.146030, -0.077466 0.105543 -0.094330, -0.077424 0.088827 -0.188354,
 -0.077396 0.094766 -0.192790, -0.077295 0.105805 -0.093779, -0.077118 0.088895 -0.204545, -0.077054 0.088827 -0.192936, -0.076987 0.105102 -0.134256,
 -0.076893 0.104056 -0.110934, -0.076875 0.098925 -0.169434, -0.076858 0.092493 -0.204417, -0.076802 0.100952 -0.157739, -0.076770 0.106485 -0.099130,
 -0.076745 0.096816 -0.181094, -0.076666 0.104953 -0.094315, -0.076621 0.105027 -0.094149, -0.076527 0.102887 -0.146008, -0.076416 0.103723 -0.180853,
 -0.076406 0.094638 -0.192728, -0.076343 0.101915 -0.192500, -0.076326 0.106877 -0.122460, -0.076301 0.105443 -0.169179, -0.076189 0.088869 -0.216084,
 -0.076140 0.090190 -0.216034, -0.076124 0.088827 -0.204474, -0.076078 0.100033 -0.204128, -0.076064 0.104717 -0.134241, -0.076007 0.107064 -0.157468,
 -0.075944 0.105920 -0.099124, -0.075865 0.092409 -0.204346, -0.075820 0.107694 -0.090164, -0.075631 0.098093 -0.215744, -0.075605 0.088853 -0.223330,
 -0.075534 0.108574 -0.145721, -0.075474 0.108500 -0.110653, -0.075453 0.108165 -0.089263, -0.075439 0.103512 -0.180823, -0.075431 0.106432 -0.122452,
 -0.075363 0.108262 -0.089093, -0.075358 0.101748 -0.192459, -0.075335 0.105187 -0.169159, -0.075194 0.088827 -0.216002, -0.075144 0.090146 -0.215956,
 -0.075087 0.099906 -0.204076, -0.075054 0.106761 -0.157459, -0.075045 0.106953 -0.090512, -0.075040 0.108787 -0.192188, -0.075002 0.107276 -0.203814,
 -0.074986 0.088836 -0.231010, -0.074915 0.088827 -0.219455, -0.074898 0.110200 -0.180542, -0.074895 0.109965 -0.133945, -0.074781 0.105678 -0.215427,
 -0.074637 0.098003 -0.215683, -0.074626 0.088827 -0.223039, -0.074614 0.107989 -0.110657, -0.074598 0.108221 -0.145722, -0.074588 0.111504 -0.168866,
 -0.074467 0.107660 -0.089177, -0.074401 0.109873 -0.098850, -0.074363 0.109342 -0.087199, -0.074328 0.088834 -0.239152, -0.074256 0.094090 -0.238960,
 -0.074119 0.112688 -0.157155, -0.074107 0.111225 -0.122154, -0.074063 0.108579 -0.192167, -0.074018 0.107105 -0.203780, -0.073981 0.109559 -0.133955,
 -0.073929 0.109952 -0.180532, -0.073802 0.102260 -0.238633, -0.073792 0.105541 -0.215382, -0.073642 0.114221 -0.203480, -0.073630 0.111215 -0.168868,
 -0.073627 0.108686 -0.087238, -0.073603 0.112946 -0.215088, -0.073587 0.109293 -0.098873, -0.073497 0.115382 -0.191858, -0.073496 0.113742 -0.145408,
 -0.073380 0.108988 -0.086667, -0.073331 0.088827 -0.239075, -0.073259 0.094057 -0.238884, -0.073221 0.110761 -0.122173, -0.073182 0.116421 -0.180214,
 -0.073176 0.112356 -0.157167, -0.073158 0.112312 -0.110363, -0.073097 0.110885 -0.087093, -0.073033 0.110778 -0.084680, -0.072957 0.110078 -0.238280,
 -0.072808 0.102176 -0.238565, -0.072740 0.111048 -0.084244, -0.072713 0.117330 -0.168541, -0.072666 0.114005 -0.203462, -0.072657 0.111124 -0.084121,
 -0.072621 0.112760 -0.215055, -0.072571 0.113363 -0.145431, -0.072529 0.115132 -0.191854, -0.072475 0.090028 -0.262170, -0.072464 0.088829 -0.262225,
 -0.072339 0.110234 -0.087141, -0.072308 0.111786 -0.110394, -0.072305 0.098636 -0.261833, -0.072223 0.116136 -0.180223, -0.072117 0.119896 -0.214729,
 -0.072105 0.118099 -0.156831, -0.072025 0.113139 -0.098593, -0.071998 0.110277 -0.084558, -0.071968 0.109942 -0.238220, -0.071800 0.110461 -0.084256,
 -0.071785 0.088826 -0.270629, -0.071767 0.117007 -0.168561, -0.071755 0.117547 -0.237908, -0.071744 0.106877 -0.261473, -0.071725 0.121699 -0.191511,
 -0.071478 0.090029 -0.262089, -0.071470 0.088827 -0.262136, -0.071387 0.113425 -0.092729, -0.071364 0.118719 -0.145090, -0.071310 0.098589 -0.261755,
 -0.071221 0.112547 -0.098643, -0.071174 0.117737 -0.156863, -0.071145 0.119661 -0.214709, -0.071120 0.088827 -0.266468, -0.070898 0.088827 -0.269199,
 -0.070813 0.114753 -0.261097, -0.070774 0.117360 -0.237857, -0.070769 0.121408 -0.191523, -0.070752 0.106781 -0.261399, -0.070702 0.113611 -0.086888,
 -0.070684 0.122921 -0.168202, -0.070601 0.088823 -0.285284, -0.070573 0.094934 -0.285038, -0.070503 0.119181 -0.133329, -0.070450 0.118314 -0.145133,
 -0.070350 0.126529 -0.214356, -0.070329 0.122063 -0.179897, -0.070280 0.113311 -0.080590, -0.070232 0.124670 -0.237523, -0.070222 0.103494 -0.284674,
 -0.069974 0.113685 -0.081078, -0.069956 0.112950 -0.086964, -0.069945 0.088821 -0.293399, -0.069834 0.113666 -0.080056, -0.069826 0.114607 -0.261029,
 -0.069739 0.127739 -0.191151, -0.069612 0.118730 -0.133384, -0.069599 0.088827 -0.285204, -0.069577 0.094911 -0.284957, -0.069539 0.122263 -0.260709,
 -0.069535 0.119470 -0.121568, -0.069514 0.111679 -0.284299, -0.069408 0.114005 -0.079547, -0.069391 0.126247 -0.214348, -0.069261 0.124434 -0.237483,
 -0.069227 0.103428 -0.284595, -0.069189 0.128093 -0.179517, -0.069181 0.126911 -0.202771, -0.069128 0.112953 -0.080178, -0.068818 0.113242 -0.079706,
 -0.068796 0.127407 -0.191177, -0.068738 0.113301 -0.079621, -0.068672 0.118969 -0.121635, -0.068560 0.122068 -0.260649, -0.068523 0.111566 -0.284223,
 -0.068509 0.128277 -0.167855, -0.068466 0.119485 -0.283915, -0.068459 0.119548 -0.109830, -0.068413 0.131451 -0.237132, -0.068328 0.132848 -0.213975,
 -0.068257 0.127733 -0.179558, -0.067948 0.129410 -0.260316, -0.067717 0.128283 -0.156161, -0.067631 0.118992 -0.109912, -0.067590 0.127886 -0.167910,
 -0.067558 0.088824 -0.322746, -0.067554 0.133503 -0.190782, -0.067482 0.119325 -0.283844, -0.067455 0.131166 -0.237101, -0.067383 0.132520 -0.213977,
 -0.067264 0.119348 -0.098144, -0.067218 0.115748 -0.076931, -0.067167 0.116493 -0.307128, -0.067099 0.126913 -0.283527, -0.066980 0.129166 -0.260263,
 -0.066854 0.088825 -0.331406, -0.066825 0.128102 -0.144445, -0.066813 0.127860 -0.156230, -0.066799 0.096438 -0.331097, -0.066620 0.119121 -0.092335,
 -0.066513 0.088827 -0.323199, -0.066481 0.118734 -0.098248, -0.066423 0.105098 -0.330727, -0.066327 0.137892 -0.236739, -0.066179 0.116361 -0.307053,
 -0.066123 0.126704 -0.283462, -0.066075 0.138856 -0.213589, -0.066068 0.136195 -0.259923, -0.065999 0.124144 -0.306748, -0.065944 0.118798 -0.086555,
 -0.065940 0.127645 -0.144526, -0.065853 0.088827 -0.331327, -0.065850 0.127727 -0.132722, -0.065802 0.096410 -0.331016, -0.065736 0.116779 -0.075481,
 -0.065729 0.113355 -0.330354, -0.065434 0.133961 -0.283140, -0.065429 0.105032 -0.330646, -0.065384 0.137558 -0.236718, -0.065379 0.117028 -0.075132,
 -0.065240 0.118373 -0.080813, -0.065219 0.118122 -0.086686, -0.065187 0.138991 -0.190409, -0.065148 0.138483 -0.213603, -0.065113 0.135901 -0.259878,
 -0.065018 0.123967 -0.306676, -0.065004 0.116035 -0.075686, -0.064986 0.127232 -0.132816, -0.064979 0.088827 -0.354465, -0.064970 0.092701 -0.354315,
 -0.064801 0.127139 -0.121014, -0.064790 0.138636 -0.202040, -0.064738 0.113247 -0.330275, -0.064727 0.121205 -0.329982, -0.064713 0.101574 -0.353956,
 -0.064605 0.116327 -0.075265, -0.064535 0.131402 -0.306370, -0.064528 0.138745 -0.178789, -0.064512 0.117846 -0.075113, -0.064470 0.133704 -0.283081,
 -0.064378 0.117725 -0.074152, -0.064278 0.138578 -0.190461, -0.064159 0.088829 -0.364553, -0.064143 0.110033 -0.353596, -0.064118 0.089711 -0.365007,
 -0.064041 0.090805 -0.365569, -0.064003 0.143995 -0.236350, -0.063965 0.126602 -0.121124, -0.063925 0.142619 -0.259534, -0.063859 0.117106 -0.075274,
 -0.063832 0.118104 -0.073619, -0.063755 0.138290 -0.167144, -0.063742 0.121053 -0.329905, -0.063729 0.116968 -0.074342, -0.063682 0.126305 -0.109351,
 -0.063630 0.138311 -0.178858, -0.063617 0.144555 -0.213205, -0.063563 0.131177 -0.306302, -0.063495 0.140630 -0.282758, -0.063463 0.099025 -0.369794,
 -0.063432 0.128647 -0.329613, -0.063370 0.100349 -0.370474, -0.063277 0.117300 -0.073865, -0.063271 0.118073 -0.353238, -0.063162 0.088827 -0.364472,
 -0.063151 0.109942 -0.353512, -0.063078 0.143614 -0.236339, -0.063052 0.090797 -0.365488, -0.062986 0.142276 -0.259498, -0.062891 0.137622 -0.155477,
 -0.062880 0.125722 -0.109480, -0.062870 0.137832 -0.167229, -0.062839 0.094585 -0.367442, -0.062795 0.138265 -0.305996, -0.062734 0.106211 -0.373486,
 -0.062708 0.144138 -0.213229, -0.062657 0.144206 -0.190035, -0.062630 0.106922 -0.373851, -0.062545 0.140324 -0.282705, -0.062490 0.125174 -0.097767,
 -0.062482 0.098984 -0.369710, -0.062455 0.128449 -0.329539, -0.062375 0.100299 -0.370389, -0.062283 0.117940 -0.353154, -0.062107 0.125692 -0.352883,
 -0.062021 0.137139 -0.155577, -0.061952 0.136735 -0.143798, -0.061861 0.135678 -0.329249, -0.061835 0.137991 -0.305933, -0.061831 0.112343 -0.376635,
 -0.061783 0.119359 -0.071957, -0.061731 0.124541 -0.097920, -0.061626 0.114674 -0.376516, -0.061552 0.106818 -0.373751, -0.061550 0.149324 -0.247553,
 -0.061546 0.148684 -0.259154, -0.061516 0.114482 -0.377733, -0.061466 0.149762 -0.235968, -0.061381 0.115392 -0.378201, -0.061307 0.146921 -0.282383,
 -0.061281 0.149974 -0.224395, -0.061223 0.123696 -0.086303, -0.061127 0.125516 -0.352799, -0.061114 0.116736 -0.378891, -0.061111 0.118581 -0.072210,
 -0.061099 0.136225 -0.143912, -0.060977 0.149946 -0.212826, -0.060953 0.135618 -0.132125, -0.060894 0.135433 -0.329177, -0.060872 0.112215 -0.376534,
 -0.060798 0.144733 -0.305629, -0.060776 0.112970 -0.376923, -0.060667 0.132888 -0.352533, -0.060626 0.148293 -0.259125, -0.060561 0.149336 -0.235966,
 -0.060549 0.122472 -0.376184, -0.060543 0.149670 -0.201252, -0.060519 0.123010 -0.086484, -0.060384 0.149531 -0.224410, -0.060373 0.146566 -0.282337,
 -0.060125 0.121691 -0.381434, -0.060122 0.135078 -0.132256, -0.060095 0.120393 -0.070587, -0.060089 0.149487 -0.212860, -0.060041 0.116591 -0.378791,
 -0.060031 0.142300 -0.328892, -0.059983 0.149148 -0.189665, -0.059906 0.134253 -0.120485, -0.059881 0.121835 -0.074996, -0.059854 0.144410 -0.305571,
 -0.059696 0.132665 -0.352450, -0.059677 0.123941 -0.382589, -0.059665 0.149196 -0.201306, -0.059567 0.122310 -0.376091, -0.059469 0.124755 -0.383007,
 -0.059308 0.148383 -0.178059, -0.059248 0.120851 -0.070013, -0.059247 0.121092 -0.075210, -0.059196 0.129838 -0.375857, -0.059114 0.148659 -0.189738,
 -0.059101 0.133679 -0.120633, -0.059078 0.142006 -0.328823, -0.059045 0.121497 -0.381321, -0.058967 0.139661 -0.352190, -0.058956 0.154391 -0.258785,
 -0.058892 0.152835 -0.282020, -0.058886 0.154903 -0.247184, -0.058815 0.132611 -0.108908, -0.058741 0.155195 -0.235597, -0.058639 0.120044 -0.070322,
 -0.058568 0.150807 -0.305273, -0.058538 0.147376 -0.166435, -0.058510 0.155242 -0.224024, -0.058498 0.128553 -0.384955, -0.058450 0.147877 -0.178151,
 -0.058422 0.124567 -0.382904, -0.058222 0.129632 -0.375762, -0.058178 0.155031 -0.212456, -0.058057 0.153953 -0.258765, -0.058043 0.131999 -0.109078,
 -0.058008 0.139390 -0.352107, -0.057978 0.152431 -0.281981, -0.057962 0.148513 -0.328544, -0.057939 0.126946 -0.384131, -0.057858 0.154725 -0.235604,
 -0.057692 0.146853 -0.166544, -0.057691 0.146125 -0.154797, -0.057681 0.130655 -0.097429, -0.057656 0.121712 -0.068934, -0.057650 0.131871 -0.386657,
 -0.057641 0.150435 -0.305220, -0.057581 0.136772 -0.375534, -0.057411 0.132625 -0.387044, -0.057105 0.120952 -0.069151, -0.057051 0.120984 -0.069110,
 -0.057025 0.148169 -0.328478, -0.057022 0.146012 -0.351853, -0.056950 0.130002 -0.097625, -0.056859 0.145584 -0.154923, -0.056785 0.144624 -0.143158,
 -0.056638 0.135062 -0.388293, -0.056619 0.136518 -0.375438, -0.056503 0.128349 -0.086086, -0.056317 0.132365 -0.386926, -0.056276 0.158374 -0.281672,
 -0.056181 0.159743 -0.258432, -0.056126 0.156491 -0.304930, -0.056078 0.145691 -0.351772, -0.056047 0.160139 -0.246829, -0.055970 0.144062 -0.143302,
 -0.055959 0.122629 -0.067784, -0.055853 0.160296 -0.235241, -0.055834 0.142861 -0.131540, -0.055824 0.127650 -0.086312, -0.055718 0.143272 -0.375217,
 -0.055673 0.154321 -0.328206, -0.055595 0.134779 -0.388170, -0.055588 0.160191 -0.223667, -0.055385 0.157921 -0.281638, -0.055328 0.139197 -0.390413,
 -0.055306 0.159258 -0.258419, -0.055276 0.125663 -0.074907, -0.055242 0.159812 -0.212099, -0.055220 0.156069 -0.304881, -0.055181 0.159639 -0.246829,
 -0.055040 0.142275 -0.131702, -0.054995 0.159782 -0.235257, -0.054899 0.140312 -0.390984, -0.054851 0.151943 -0.351524, -0.054850 0.140819 -0.119969,
 -0.054805 0.159154 -0.200528, -0.054770 0.142969 -0.375120, -0.054757 0.153926 -0.328143, -0.054739 0.159664 -0.223700, -0.054664 0.124917 -0.075170,
 -0.054553 0.141211 -0.391444, -0.054402 0.159272 -0.212151, -0.054327 0.123409 -0.066857, -0.054273 0.158220 -0.188948, -0.054259 0.139242 -0.390473,
 -0.054081 0.140206 -0.120152, -0.053974 0.158602 -0.200601, -0.053939 0.140021 -0.390874, -0.053927 0.151571 -0.351444, -0.053840 0.138473 -0.108477,
 -0.053758 0.122580 -0.067234, -0.053652 0.157015 -0.177354, -0.053623 0.149342 -0.374905, -0.053496 0.161786 -0.304601, -0.053484 0.163540 -0.281340,
 -0.053451 0.157658 -0.189041, -0.053245 0.164741 -0.258098, -0.053188 0.159727 -0.327880, -0.053102 0.137831 -0.108684, -0.053058 0.165031 -0.246493,
 -0.052953 0.155541 -0.165747, -0.052840 0.156442 -0.177466, -0.052825 0.165067 -0.234903, -0.052805 0.135795 -0.097098, -0.052737 0.145937 -0.393865,
 -0.052693 0.148986 -0.374807, -0.052619 0.163039 -0.281313, -0.052615 0.161315 -0.304557, -0.052540 0.164824 -0.223326, -0.052474 0.157459 -0.351204,
 -0.052397 0.164211 -0.258091, -0.052295 0.159281 -0.327819, -0.052251 0.146995 -0.394406, -0.052189 0.153795 -0.154136, -0.052152 0.154957 -0.165879,
 -0.052107 0.135119 -0.097333, -0.051893 0.147774 -0.394805, -0.051743 0.132755 -0.085863, -0.051572 0.157034 -0.351125, -0.051401 0.153198 -0.154286,
 -0.051375 0.151771 -0.142535, -0.051372 0.124819 -0.065180, -0.051312 0.154983 -0.374598, -0.051231 0.146601 -0.394268, -0.051094 0.132043 -0.086132,
 -0.050902 0.147402 -0.394681, -0.050702 0.166698 -0.304289, -0.050645 0.129329 -0.074800, -0.050603 0.151159 -0.142706, -0.050542 0.168336 -0.281028,
 -0.050526 0.164736 -0.327567, -0.050524 0.149457 -0.130968, -0.050405 0.154574 -0.374499, -0.050174 0.169387 -0.257784, -0.050060 0.128579 -0.075108,
 -0.049942 0.169584 -0.246177, -0.049910 0.162564 -0.350893, -0.049901 0.152109 -0.397023, -0.049862 0.149929 -0.395984, -0.049849 0.166177 -0.304249,
 -0.049820 0.124490 -0.064991, -0.049772 0.148827 -0.131159, -0.049739 0.152407 -0.397175, -0.049705 0.167789 -0.281006, -0.049681 0.169509 -0.234584,
 -0.049660 0.164239 -0.327509, -0.049648 0.146835 -0.119460, -0.049526 0.125593 -0.064304, -0.049386 0.169140 -0.223005, -0.049355 0.168814 -0.257784,
 -0.049132 0.168998 -0.246191, -0.049070 0.125784 -0.064088, -0.049048 0.168466 -0.211434, -0.049035 0.162086 -0.350814, -0.049020 0.124805 -0.064652,
 -0.048919 0.146185 -0.119674, -0.048890 0.153969 -0.397973, -0.048879 0.168912 -0.234615, -0.048803 0.160199 -0.374296, -0.048753 0.143884 -0.108043,
 -0.048749 0.151954 -0.397028, -0.048701 0.125939 -0.063912, -0.048658 0.167490 -0.199862, -0.048593 0.168533 -0.223054, -0.048560 0.124986 -0.064457,
 -0.048355 0.154953 -0.398477, -0.048263 0.167851 -0.211502, -0.048204 0.166216 -0.188283, -0.048102 0.125166 -0.064263, -0.048054 0.143210 -0.108284,
 -0.047923 0.159736 -0.374197, -0.047880 0.166867 -0.199951, -0.047844 0.153603 -0.397879, -0.047841 0.140579 -0.096750, -0.047767 0.171231 -0.303995,
 -0.047711 0.169355 -0.327268, -0.047685 0.164648 -0.176694, -0.047473 0.172766 -0.280738, -0.047435 0.165586 -0.188392, -0.047359 0.154485 -0.398334,
 -0.047181 0.157656 -0.397765, -0.047180 0.167266 -0.350591, -0.047180 0.139880 -0.097022, -0.047102 0.162790 -0.165100, -0.047009 0.157428 -0.399742,
 -0.046991 0.173685 -0.257493, -0.046946 0.170662 -0.303958, -0.046925 0.164012 -0.176824, -0.046910 0.136896 -0.085609, -0.046876 0.168807 -0.327211,
 -0.046844 0.157733 -0.399897, -0.046723 0.173797 -0.245884, -0.046668 0.172173 -0.280719, -0.046464 0.160636 -0.153509, -0.046352 0.162146 -0.165251,
 -0.046336 0.166734 -0.350513, -0.046298 0.157202 -0.397643, -0.046296 0.136169 -0.085917, -0.046290 0.126951 -0.062768, -0.046204 0.173068 -0.257498,
 -0.046116 0.164996 -0.373999, -0.046028 0.156908 -0.399583, -0.045951 0.132814 -0.074645, -0.045780 0.158178 -0.141939, -0.045725 0.159984 -0.153681,
 -0.045397 0.132057 -0.074994, -0.045062 0.155402 -0.130412, -0.045056 0.157516 -0.142133, -0.044950 0.128309 -0.063874, -0.044772 0.127505 -0.062170,
 -0.044765 0.173590 -0.326984, -0.044716 0.175392 -0.303721, -0.044621 0.159470 -0.400904, -0.044494 0.162564 -0.397485, -0.044473 0.127524 -0.064268,
 -0.044355 0.154728 -0.130630, -0.044319 0.152292 -0.118956, -0.044305 0.171570 -0.350299, -0.044302 0.176836 -0.280470, -0.044288 0.126667 -0.062646,
 -0.044254 0.161780 -0.401963, -0.044081 0.162051 -0.402101, -0.043965 0.172992 -0.326929, -0.043929 0.174776 -0.303686, -0.043721 0.177636 -0.257226,
 -0.043635 0.151603 -0.119199, -0.043585 0.162827 -0.402498, -0.043557 0.148826 -0.107601, -0.043531 0.176198 -0.280455, -0.043497 0.170986 -0.350220,
 -0.043426 0.161286 -0.401841, -0.043424 0.177674 -0.245615, -0.043272 0.169378 -0.373705, -0.043258 0.176692 -0.268842, -0.043134 0.177413 -0.234017,
 -0.043028 0.161890 -0.402152, -0.042968 0.176978 -0.257235, -0.042903 0.148121 -0.107873, -0.042850 0.176830 -0.222431, -0.042781 0.144982 -0.096377,
 -0.042679 0.177007 -0.245640, -0.042562 0.175919 -0.210852, -0.042459 0.168804 -0.373603, -0.042397 0.176738 -0.234060, -0.042256 0.174688 -0.199273,
 -0.042162 0.144258 -0.096683, -0.042121 0.176148 -0.222493, -0.041986 0.140740 -0.085312, -0.041915 0.173144 -0.187688, -0.041840 0.175233 -0.210934,
 -0.041709 0.177451 -0.326716, -0.041638 0.167038 -0.397204, -0.041571 0.179188 -0.303467, -0.041540 0.173998 -0.199375, -0.041527 0.171291 -0.176099,
 -0.041413 0.139996 -0.085656, -0.041308 0.175486 -0.350017, -0.041218 0.127875 -0.061344, -0.041206 0.172450 -0.187812, -0.041165 0.136076 -0.074430,
 -0.041087 0.169127 -0.164509, -0.041052 0.180550 -0.280226, -0.040991 0.166280 -0.404257, -0.040825 0.166470 -0.397079, -0.040682 0.128999 -0.060559,
 -0.040649 0.135311 -0.074816, -0.040596 0.166647 -0.152930, -0.040393 0.168427 -0.164677, -0.040387 0.181245 -0.256984, -0.040309 0.130973 -0.063747,
 -0.040292 0.173353 -0.373415, -0.040138 0.167416 -0.404836, -0.040095 0.165635 -0.404084, -0.040083 0.129186 -0.060366, -0.040060 0.163839 -0.141379,
 -0.040017 0.129206 -0.060345, -0.039911 0.165943 -0.153121, -0.039864 0.130189 -0.064179, -0.039651 0.128382 -0.060833, -0.039592 0.128401 -0.060813,
 -0.039511 0.168125 -0.405197, -0.039488 0.160688 -0.129881, -0.039389 0.163130 -0.141595, -0.038888 0.157174 -0.118463, -0.038834 0.159971 -0.130123,
 -0.038644 0.167487 -0.405039, -0.038634 0.171083 -0.396921, -0.038566 0.180947 -0.326465, -0.038354 0.182628 -0.303234, -0.038267 0.153277 -0.107153,
 -0.038255 0.156448 -0.118733, -0.038209 0.179023 -0.349746, -0.037847 0.180254 -0.326409, -0.037758 0.170110 -0.406207, -0.037749 0.183914 -0.280006,
 -0.037662 0.152540 -0.107455, -0.037647 0.181923 -0.303202, -0.037628 0.148975 -0.095981, -0.037485 0.178337 -0.349666, -0.037218 0.169308 -0.405978,
 -0.037200 0.176929 -0.373130, -0.037057 0.148227 -0.096319, -0.037056 0.183193 -0.279996, -0.037012 0.184515 -0.256769, -0.036967 0.144249 -0.084975,
 -0.036695 0.183596 -0.268390, -0.036678 0.184430 -0.245156, -0.036513 0.171520 -0.406924, -0.036476 0.176248 -0.373025, -0.036440 0.143487 -0.085353,
 -0.036391 0.184024 -0.233551, -0.036336 0.183778 -0.256786, -0.036283 0.139078 -0.074157, -0.036151 0.183276 -0.221956, -0.036010 0.183687 -0.245189,
 -0.035944 0.182185 -0.210366, -0.035809 0.138304 -0.074578, -0.035748 0.180763 -0.198774, -0.035730 0.183276 -0.233603, -0.035564 0.133445 -0.063546,
 -0.035537 0.179018 -0.187178, -0.035508 0.174703 -0.396635, -0.035355 0.184090 -0.326231, -0.035293 0.181432 -0.210459, -0.035292 0.176952 -0.175579,
 -0.035219 0.130706 -0.058799, -0.035156 0.132661 -0.064013, -0.035087 0.185723 -0.303023, -0.035032 0.182192 -0.349486, -0.035000 0.174560 -0.163985,
 -0.034948 0.129903 -0.059298, -0.034895 0.178264 -0.187315, -0.034788 0.174021 -0.396506, -0.034659 0.171832 -0.152408, -0.034567 0.130910 -0.058588,
 -0.034409 0.173536 -0.407948, -0.034369 0.173806 -0.164168, -0.034272 0.168753 -0.140866, -0.034103 0.173829 -0.408097, -0.034022 0.180115 -0.372849,
 -0.033846 0.165304 -0.129385, -0.033661 0.167997 -0.141102, -0.033624 0.172771 -0.407764, -0.033387 0.161464 -0.117989, -0.033308 0.173074 -0.407921,
 -0.033250 0.164545 -0.129649, -0.032902 0.157213 -0.106710, -0.032812 0.160702 -0.118285, -0.032715 0.175159 -0.408772, -0.032394 0.152528 -0.095575,
 -0.032353 0.156445 -0.107040, -0.032290 0.177904 -0.396346, -0.032096 0.186890 -0.326014, -0.031878 0.151754 -0.095942, -0.031863 0.147389 -0.084611,
 -0.031797 0.185006 -0.349240, -0.031789 0.188482 -0.302833, -0.031473 0.186110 -0.325956, -0.031387 0.146610 -0.085020, -0.031304 0.141777 -0.073844,
 -0.031173 0.184230 -0.349156, -0.031173 0.187695 -0.302800, -0.031066 0.189630 -0.279640, -0.030977 0.176553 -0.409479, -0.030879 0.140994 -0.074297,
 -0.030786 0.175505 -0.409174, -0.030785 0.182924 -0.372574, -0.030716 0.135680 -0.063290, -0.030577 0.131946 -0.057562, -0.030463 0.188833 -0.279633,
 -0.030357 0.132003 -0.057506, -0.030350 0.134894 -0.063789, -0.030233 0.190062 -0.256419, -0.030208 0.131083 -0.058172, -0.030166 0.182146 -0.372466,
 -0.030000 0.131134 -0.058123, -0.029887 0.189881 -0.244805, -0.029646 0.189253 -0.256440, -0.029627 0.189368 -0.233193, -0.029454 0.188502 -0.221587,
 -0.029347 0.187288 -0.209982, -0.029269 0.185738 -0.198373, -0.029188 0.183860 -0.186759, -0.029078 0.181650 -0.175144, -0.029051 0.188553 -0.233253,
 -0.029015 0.180696 -0.396055, -0.028923 0.179100 -0.163537, -0.028806 0.189362 -0.325816, -0.028776 0.186473 -0.210083, -0.028732 0.178356 -0.410393,
 -0.028720 0.176195 -0.151952, -0.028621 0.183049 -0.186906, -0.028525 0.187480 -0.349008, -0.028468 0.172915 -0.140410, -0.028409 0.179911 -0.395923,
 -0.028364 0.178295 -0.163735, -0.028174 0.169240 -0.128933, -0.028168 0.175392 -0.152178, -0.028144 0.178744 -0.410589, -0.028072 0.132597 -0.056918,
 -0.027926 0.172114 -0.140665, -0.027844 0.165146 -0.117549, -0.027646 0.168440 -0.129219, -0.027514 0.185371 -0.372308, -0.027504 0.179166 -0.410803,
 -0.027483 0.160611 -0.106286, -0.027437 0.177853 -0.410385, -0.027335 0.164347 -0.117869, -0.027096 0.155611 -0.095174, -0.026998 0.159812 -0.106643,
 -0.026843 0.178270 -0.410600, -0.026683 0.150128 -0.084240, -0.026641 0.154813 -0.095570, -0.026266 0.149332 -0.084677, -0.026243 0.144143 -0.073509,
 -0.025871 0.143350 -0.073991, -0.025774 0.137644 -0.063003, -0.025720 0.183093 -0.395765, -0.025501 0.191519 -0.325637, -0.025456 0.136856 -0.063530,
 -0.025442 0.133137 -0.056400, -0.025233 0.189628 -0.348791, -0.025164 0.193044 -0.302517, -0.025155 0.132341 -0.056973, -0.024986 0.190664 -0.325574,
 -0.024722 0.188773 -0.348703, -0.024653 0.192186 -0.302481, -0.024540 0.181125 -0.411795, -0.024414 0.194064 -0.279370, -0.024236 0.187472 -0.372053,
 -0.024040 0.181390 -0.411928, -0.023912 0.193199 -0.279363, -0.023737 0.186613 -0.371940, -0.023698 0.180474 -0.411737, -0.023691 0.132705 -0.056626,
 -0.023559 0.194340 -0.256172, -0.023225 0.194081 -0.244559, -0.023071 0.193467 -0.256196, -0.023010 0.193493 -0.232942, -0.022963 0.187703 -0.186431,
 -0.022962 0.185412 -0.174794, -0.022935 0.189654 -0.198068, -0.022918 0.182765 -0.163169, -0.022916 0.192554 -0.221323, -0.022906 0.191271 -0.209699,
 -0.022826 0.179744 -0.151571, -0.022686 0.176326 -0.140020, -0.022531 0.192618 -0.233005, -0.022502 0.172486 -0.128540, -0.022483 0.186840 -0.186587,
 -0.022443 0.181911 -0.163380, -0.022440 0.185115 -0.395478, -0.022428 0.190400 -0.209807, -0.022356 0.178895 -0.151811, -0.022282 0.168201 -0.117158,
 -0.022224 0.175481 -0.140292, -0.022053 0.171647 -0.128846, -0.022029 0.163445 -0.105901, -0.021962 0.184247 -0.395342, -0.021849 0.167366 -0.117499,
 -0.021767 0.182592 -0.412536, -0.021749 0.158196 -0.094801, -0.021619 0.162616 -0.106282, -0.021443 0.152434 -0.083885, -0.021365 0.157374 -0.095222,
 -0.021335 0.133981 -0.055591, -0.021238 0.181648 -0.412342, -0.021111 0.146142 -0.073180, -0.021092 0.151620 -0.084349, -0.020799 0.145338 -0.073688,
 -0.020751 0.139305 -0.062711, -0.020644 0.134084 -0.055494, -0.020617 0.183200 -0.412843, -0.020486 0.138515 -0.063264, -0.020475 0.134110 -0.055470,
 -0.020388 0.133209 -0.056170, -0.020225 0.133234 -0.056147, -0.020109 0.183469 -0.412979, -0.020108 0.182187 -0.412620, -0.018889 0.194944 -0.325338,
 -0.018649 0.193012 -0.348415, -0.018589 0.196419 -0.302282, -0.018495 0.194028 -0.325270, -0.018262 0.192095 -0.348321, -0.018194 0.195502 -0.302243,
 -0.017912 0.197317 -0.279186, -0.017741 0.190718 -0.371591, -0.017523 0.196395 -0.279177, -0.017368 0.189797 -0.371474, -0.017132 0.197441 -0.256017,
 -0.017022 0.185579 -0.162883, -0.017007 0.182491 -0.151268, -0.016993 0.188273 -0.174529, -0.016948 0.178984 -0.139704, -0.016923 0.190597 -0.186189,
 -0.016849 0.175033 -0.128216, -0.016840 0.197118 -0.244407, -0.016826 0.192570 -0.197851, -0.016755 0.196516 -0.256042, -0.016725 0.194205 -0.209507,
 -0.016717 0.170610 -0.116830, -0.016682 0.196481 -0.232784, -0.016659 0.195509 -0.221151, -0.016644 0.184680 -0.163106, -0.016632 0.181599 -0.151522,
 -0.016580 0.178100 -0.139993, -0.016555 0.165692 -0.105574, -0.016544 0.189686 -0.186354, -0.016492 0.174156 -0.128540, -0.016374 0.169743 -0.117191,
 -0.016367 0.160253 -0.094478, -0.016350 0.193285 -0.209620, -0.016350 0.183980 -0.413545, -0.016311 0.195554 -0.232851, -0.016230 0.164836 -0.105975,
 -0.016155 0.154274 -0.083573, -0.016067 0.188127 -0.394934, -0.016064 0.159409 -0.094921, -0.015982 0.185167 -0.413836, -0.015920 0.147735 -0.072888,
 -0.015880 0.153444 -0.084059, -0.015721 0.187199 -0.394795, -0.015677 0.146923 -0.073418, -0.015662 0.140628 -0.062447, -0.015458 0.139835 -0.063021,
 -0.015448 0.134864 -0.054766, -0.015440 0.185333 -0.413920, -0.015251 0.133993 -0.055461, -0.015074 0.184352 -0.413737, -0.014539 0.135000 -0.054639,
 -0.014165 0.185725 -0.414117, -0.013834 0.184714 -0.413924, -0.012327 0.197274 -0.325120, -0.012129 0.195286 -0.348129, -0.012118 0.198713 -0.302122,
 -0.012061 0.196312 -0.325048, -0.011907 0.134504 -0.055000, -0.011872 0.194325 -0.348031, -0.011851 0.197751 -0.302079, -0.011791 0.186454 -0.414485,
 -0.011621 0.199502 -0.279071, -0.011422 0.192834 -0.371223, -0.011357 0.198538 -0.279061, -0.011266 0.184446 -0.151047, -0.011258 0.180889 -0.139471,
 -0.011240 0.187565 -0.162678, -0.011220 0.176868 -0.127973, -0.011180 0.190274 -0.174343, -0.011179 0.191871 -0.371102, -0.011155 0.172356 -0.116581,
 -0.011087 0.192598 -0.186026, -0.011067 0.167327 -0.105321, -0.011035 0.199491 -0.255931, -0.011004 0.183518 -0.151313, -0.011001 0.179971 -0.139772,
 -0.010975 0.186629 -0.162911, -0.010970 0.194560 -0.197711, -0.010970 0.175961 -0.128312, -0.010960 0.161755 -0.094226, -0.010915 0.171462 -0.116958,
 -0.010914 0.189331 -0.174545, -0.010847 0.196181 -0.209389, -0.010840 0.166447 -0.105740, -0.010833 0.155620 -0.083326, -0.010822 0.191649 -0.186197,
 -0.010821 0.199115 -0.244326, -0.010778 0.198525 -0.255957, -0.010750 0.197474 -0.221053, -0.010748 0.160893 -0.094687, -0.010726 0.198449 -0.232699,
 -0.010689 0.148904 -0.072653, -0.010641 0.154778 -0.083830, -0.010589 0.195222 -0.209506, -0.010528 0.141594 -0.062235, -0.010520 0.148084 -0.073200,
 -0.010473 0.197484 -0.232768, -0.010385 0.135388 -0.054281, -0.010385 0.140799 -0.062825, -0.010380 0.135389 -0.054280, -0.010269 0.134589 -0.054925,
 -0.010264 0.134590 -0.054924, -0.010111 0.189976 -0.394480, -0.009891 0.189011 -0.394339, -0.009593 0.186912 -0.414717, -0.009577 0.185957 -0.414565,
 -0.009388 0.185983 -0.414578, -0.008524 0.187135 -0.414829, -0.008334 0.186125 -0.414651, -0.007761 0.135634 -0.054055, -0.007553 0.187337 -0.414932,
 -0.005829 0.198601 -0.324988, -0.005756 0.200020 -0.302028, -0.005700 0.197612 -0.324913, -0.005695 0.196567 -0.347950, -0.005625 0.199029 -0.301982,
 -0.005608 0.177981 -0.127820, -0.005606 0.182039 -0.139325, -0.005596 0.173420 -0.116423, -0.005588 0.185618 -0.150910, -0.005571 0.195579 -0.347849,
 -0.005570 0.168327 -0.105160, -0.005550 0.188747 -0.162553, -0.005533 0.162678 -0.094064, -0.005529 0.200734 -0.279009, -0.005494 0.191453 -0.174232,
 -0.005486 0.156451 -0.083165, -0.005478 0.177053 -0.128169, -0.005472 0.181098 -0.139636, -0.005470 0.172507 -0.116811, -0.005452 0.167431 -0.105590,
 -0.005451 0.184666 -0.151184, -0.005428 0.149628 -0.072496, -0.005423 0.161803 -0.094536, -0.005420 0.193764 -0.185929, -0.005414 0.187786 -0.162792,
 -0.005400 0.199742 -0.278997, -0.005386 0.155600 -0.083680, -0.005359 0.142196 -0.062088, -0.005358 0.190484 -0.174438, -0.005339 0.148803 -0.073054,
 -0.005332 0.195705 -0.197631, -0.005301 0.193990 -0.370988, -0.005290 0.135724 -0.053971, -0.005285 0.192789 -0.186105, -0.005284 0.141400 -0.062689,
 -0.005249 0.200625 -0.255891, -0.005239 0.197300 -0.209325, -0.005220 0.134853 -0.054693, -0.005186 0.193004 -0.370864, -0.005160 0.198570 -0.221003,
 -0.005150 0.200214 -0.244289, -0.005123 0.199634 -0.255917, -0.005120 0.199536 -0.232659, -0.005109 0.196315 -0.209445, -0.004995 0.198546 -0.232729,
 -0.004596 0.190926 -0.394182, -0.004533 0.187683 -0.415106, -0.004495 0.189942 -0.394039, -0.004422 0.186655 -0.414924, -0.003728 0.187775 -0.415153,
 -0.003642 0.186760 -0.414979, -0.003236 0.187831 -0.415181, -0.002862 0.186866 -0.415033, -0.001027 0.135881 -0.053827, -0.000197 0.135116 -0.054462,
 -0.000185 0.135865 -0.053842, -0.000169 0.142404 -0.062032, -0.000167 0.141608 -0.062637, -0.000147 0.149882 -0.072435, -0.000144 0.149055 -0.072998,
 -0.000122 0.156742 -0.083103, -0.000118 0.155887 -0.083623, -0.000094 0.162999 -0.094003, -0.000090 0.162119 -0.094479, -0.000064 0.168672 -0.105100,
 -0.000061 0.167771 -0.105534, -0.000042 0.186808 -0.415003, -0.000038 0.187899 -0.415216, -0.000033 0.173785 -0.116364, -0.000031 0.172865 -0.116757,
 -0.000002 0.178361 -0.127764, 0.000000 0.177425 -0.128116, 0.000008 0.135861 -0.053846, 0.000009 0.135115 -0.054462, 0.000029 0.182427 -0.139271,
 0.000031 0.181477 -0.139585, 0.000061 0.186010 -0.150859, 0.000062 0.185049 -0.151136, 0.000092 0.188167 -0.162748, 0.000093 0.189137 -0.162506,
 0.000122 0.190860 -0.174398, 0.000123 0.191838 -0.174189, 0.000152 0.193154 -0.186069, 0.000154 0.194138 -0.185892, 0.000183 0.196065 -0.197600,
 0.000208 0.196652 -0.209420, 0.000212 0.197645 -0.209300, 0.000241 0.198901 -0.220982, 0.000266 0.198861 -0.232711, 0.000272 0.199858 -0.232642,
 0.000307 0.200537 -0.244273, 0.000340 0.199957 -0.255899, 0.000348 0.200957 -0.255873, 0.000433 0.200095 -0.278971, 0.000443 0.201095 -0.278984,
 0.000531 0.199404 -0.301947, 0.000541 0.200402 -0.301994, 0.000562 0.186795 -0.414997, 0.000578 0.187911 -0.415222, 0.000616 0.197989 -0.324867,
 0.000627 0.135114 -0.054463, 0.000628 0.198986 -0.324943, 0.000649 0.190184 -0.393947, 0.000662 0.191173 -0.394090, 0.000674 0.195936 -0.347791,
 0.000687 0.196931 -0.347892, 0.000690 0.193316 -0.370790, 0.000703 0.194308 -0.370914, 0.001231 0.187925 -0.415229, 0.004371 0.186717 -0.414956,
 0.004470 0.187701 -0.415116, 0.004778 0.186708 -0.414952, 0.004856 0.134881 -0.054668, 0.004923 0.135765 -0.053933, 0.004952 0.141419 -0.062673,
 0.004984 0.187666 -0.415098, 0.005022 0.142215 -0.062071, 0.005055 0.148829 -0.073038, 0.005138 0.149655 -0.072479, 0.005155 0.155629 -0.083664,
 0.005249 0.156481 -0.083149, 0.005250 0.161833 -0.094522, 0.005329 0.187642 -0.415086, 0.005338 0.167460 -0.105577, 0.005354 0.162708 -0.094049,
 0.005418 0.172531 -0.116798, 0.005451 0.168355 -0.105146, 0.005488 0.177073 -0.128156, 0.005533 0.196265 -0.209423, 0.005535 0.198474 -0.232706,
 0.005538 0.173445 -0.116409, 0.005544 0.181110 -0.139621, 0.005585 0.184670 -0.151170, 0.005596 0.192761 -0.186086, 0.005607 0.187780 -0.162776,
 0.005611 0.190468 -0.174421, 0.005613 0.178002 -0.127806, 0.005650 0.198508 -0.220981, 0.005671 0.197248 -0.209304, 0.005672 0.135751 -0.053946,
 0.005673 0.199462 -0.232637, 0.005675 0.182052 -0.139311, 0.005706 0.195665 -0.197611, 0.005719 0.185622 -0.150895, 0.005735 0.193736 -0.185911,
 0.005744 0.188741 -0.162537, 0.005750 0.191437 -0.174214, 0.005773 0.200130 -0.244266, 0.005810 0.199540 -0.255895, 0.005845 0.189792 -0.394080,
 0.005952 0.200530 -0.255869, 0.005973 0.190773 -0.394223, 0.006270 0.199627 -0.278979, 0.006419 0.200616 -0.278990, 0.006589 0.192842 -0.370888,
 0.006688 0.198895 -0.301971, 0.006731 0.193824 -0.371011, 0.006841 0.199882 -0.302016, 0.006929 0.195418 -0.347858, 0.006935 0.197462 -0.324910,
 0.007077 0.196402 -0.347959, 0.007087 0.198447 -0.324985, 0.009336 0.185917 -0.414544, 0.009364 0.187009 -0.414767, 0.009567 0.186959 -0.414742,
 0.009805 0.185835 -0.414502, 0.009898 0.134604 -0.054912, 0.010014 0.135423 -0.054248, 0.010032 0.186843 -0.414684, 0.010060 0.140841 -0.062789,
 0.010197 0.141636 -0.062197, 0.010249 0.148136 -0.073167, 0.010289 0.134582 -0.054931, 0.010409 0.135393 -0.054275, 0.010413 0.148956 -0.072619,
 0.010429 0.154835 -0.083800, 0.010597 0.160951 -0.094659, 0.010615 0.155678 -0.083295, 0.010751 0.166503 -0.105713, 0.010802 0.161814 -0.094197,
 0.010889 0.171511 -0.116932, 0.010972 0.167383 -0.105293, 0.011007 0.176000 -0.128285, 0.011035 0.195116 -0.209464, 0.011036 0.197333 -0.232723,
 0.011082 0.185614 -0.414387, 0.011100 0.179996 -0.139744, 0.011123 0.172406 -0.116553, 0.011158 0.191591 -0.186160, 0.011164 0.183526 -0.151283,
 0.011193 0.189296 -0.174510, 0.011196 0.186617 -0.162879, 0.011252 0.176908 -0.127945, 0.011263 0.197343 -0.221010, 0.011301 0.198295 -0.232655,
 0.011301 0.196073 -0.209348, 0.011354 0.180915 -0.139442, 0.011366 0.194477 -0.197672, 0.011376 0.188663 -0.394409, 0.011424 0.184454 -0.151017,
 0.011425 0.192539 -0.185989, 0.011459 0.190239 -0.174309, 0.011460 0.187553 -0.162646, 0.011465 0.198938 -0.244282, 0.011484 0.198330 -0.255915,
 0.011626 0.189621 -0.394551, 0.011755 0.199292 -0.255888, 0.012123 0.134481 -0.055020, 0.012237 0.198301 -0.279025, 0.012332 0.135248 -0.054408,
 0.012519 0.199260 -0.279035, 0.012642 0.191519 -0.371143, 0.012914 0.192474 -0.371264, 0.012919 0.197475 -0.302055, 0.013207 0.198432 -0.302097,
 0.013252 0.193987 -0.348045, 0.013304 0.196002 -0.325041, 0.013468 0.185989 -0.414253, 0.013535 0.194942 -0.348142, 0.013592 0.196957 -0.325112,
 0.014893 0.134059 -0.055401, 0.015048 0.184299 -0.413710, 0.015077 0.134889 -0.054742, 0.015141 0.139889 -0.062970, 0.015342 0.140682 -0.062394,
 0.015425 0.146994 -0.073370, 0.015428 0.185307 -0.413909, 0.015576 0.184124 -0.413619, 0.015663 0.147806 -0.072838, 0.015694 0.153524 -0.084015,
 0.015946 0.159493 -0.094879, 0.015952 0.185125 -0.413817, 0.015963 0.154354 -0.083526, 0.016179 0.164916 -0.105935, 0.016242 0.160338 -0.094434,
 0.016389 0.169815 -0.117151, 0.016497 0.165774 -0.105531, 0.016573 0.174213 -0.128499, 0.016723 0.178135 -0.139950, 0.016726 0.170684 -0.116788,
 0.016827 0.193117 -0.209559, 0.016836 0.181608 -0.151478, 0.016903 0.195314 -0.232787, 0.016905 0.184658 -0.163058, 0.016914 0.189594 -0.186299,
 0.016924 0.175091 -0.128174, 0.017086 0.179021 -0.139661, 0.017201 0.195301 -0.221089, 0.017206 0.182501 -0.151223, 0.017209 0.194035 -0.209447,
 0.017254 0.192438 -0.197795, 0.017281 0.185558 -0.162836, 0.017285 0.196236 -0.232721, 0.017296 0.190504 -0.186136, 0.017310 0.188217 -0.174479,
 0.017361 0.186577 -0.394876, 0.017481 0.196208 -0.255981, 0.017509 0.196838 -0.244343, 0.017651 0.184533 -0.413519, 0.017741 0.187492 -0.395016,
 0.017873 0.197128 -0.255955, 0.018025 0.183313 -0.413201, 0.018413 0.196024 -0.279125, 0.018819 0.196938 -0.279132, 0.018902 0.189208 -0.371521,
 0.018930 0.134384 -0.055210, 0.019200 0.183825 -0.413161, 0.019265 0.195072 -0.302207, 0.019303 0.190117 -0.371638, 0.019666 0.191554 -0.348336,
 0.019679 0.195981 -0.302244, 0.019743 0.193541 -0.325257, 0.019864 0.133302 -0.056085, 0.020079 0.192460 -0.348428, 0.020106 0.134167 -0.055417,
 0.020160 0.194448 -0.325322, 0.020178 0.138581 -0.063196, 0.020403 0.133220 -0.056159, 0.020438 0.139371 -0.062640, 0.020569 0.145426 -0.073626,
 0.020649 0.134066 -0.055512, 0.020874 0.146230 -0.073114, 0.020939 0.151723 -0.084289, 0.020950 0.185976 -0.395279, 0.021283 0.152537 -0.083822,
 0.021289 0.157482 -0.095165, 0.021314 0.181727 -0.412383, 0.021616 0.162721 -0.106227, 0.021665 0.158306 -0.094741, 0.021820 0.182626 -0.412556,
 0.021891 0.182594 -0.412540, 0.021918 0.167459 -0.117445, 0.022019 0.163552 -0.105844, 0.022097 0.181349 -0.412188, 0.022189 0.171719 -0.128791,
 0.022343 0.168296 -0.117101, 0.022422 0.175526 -0.140235, 0.022447 0.181181 -0.412101, 0.022589 0.182190 -0.412336, 0.022613 0.178904 -0.151752,
 0.022631 0.172562 -0.128483, 0.022754 0.181879 -0.163317, 0.022878 0.176373 -0.139962, 0.022896 0.186710 -0.186516, 0.022938 0.190164 -0.209728,
 0.023079 0.179755 -0.151511, 0.023148 0.192279 -0.232923, 0.023228 0.182734 -0.163106, 0.023325 0.185333 -0.174728, 0.023377 0.187573 -0.186361,
 0.023400 0.189470 -0.197994, 0.023405 0.132763 -0.056573, 0.023422 0.191032 -0.209622, 0.023485 0.192262 -0.221243, 0.023637 0.193149 -0.232861,
 0.023710 0.183270 -0.395416, 0.023813 0.193035 -0.256118, 0.023913 0.193688 -0.244478, 0.024223 0.184118 -0.395552, 0.024313 0.193900 -0.256093,
 0.024795 0.132421 -0.056897, 0.024806 0.192681 -0.279295, 0.025086 0.133244 -0.056290, 0.025154 0.136940 -0.063440, 0.025315 0.185737 -0.371983,
 0.025323 0.193537 -0.279301, 0.025359 0.132283 -0.057029, 0.025468 0.137727 -0.062908, 0.025502 0.133167 -0.056363, 0.025664 0.143460 -0.073908,
 0.025672 0.133127 -0.056403, 0.025719 0.191585 -0.302433, 0.025843 0.186579 -0.372095, 0.026030 0.144253 -0.073422, 0.026135 0.187996 -0.348711,
 0.026147 0.180130 -0.411294, 0.026150 0.149458 -0.084601, 0.026229 0.189978 -0.325551, 0.026248 0.192433 -0.302466, 0.026560 0.150255 -0.084158,
 0.026612 0.154945 -0.095497, 0.026671 0.188836 -0.348798, 0.026765 0.190820 -0.325612, 0.027050 0.159939 -0.106573, 0.027059 0.155745 -0.095097,
 0.027462 0.164460 -0.117800, 0.027478 0.177839 -0.410378, 0.027526 0.181891 -0.395831, 0.027527 0.160741 -0.106213, 0.027843 0.168528 -0.129150,
 0.027964 0.165262 -0.117477, 0.028150 0.178698 -0.410569, 0.028186 0.172167 -0.140593, 0.028365 0.169331 -0.128862, 0.028484 0.175399 -0.152103,
 0.028723 0.172971 -0.140337, 0.028731 0.178249 -0.163655, 0.028868 0.176917 -0.409902, 0.029032 0.176205 -0.151877, 0.029077 0.182878 -0.186817,
 0.029126 0.184313 -0.372344, 0.029288 0.179056 -0.163459, 0.029316 0.186163 -0.209987, 0.029490 0.181545 -0.175062, 0.029523 0.177716 -0.410072,
 0.029642 0.131231 -0.058030, 0.029645 0.183689 -0.186673, 0.029683 0.188107 -0.233153, 0.029770 0.185497 -0.198283, 0.029836 0.176274 -0.409571,
 0.029891 0.186975 -0.209889, 0.029956 0.186555 -0.349009, 0.029993 0.132095 -0.057410, 0.030045 0.188118 -0.221492, 0.030051 0.134990 -0.063676,
 0.030060 0.188554 -0.325785, 0.030182 0.178517 -0.395977, 0.030197 0.131094 -0.058159, 0.030268 0.188917 -0.233096, 0.030375 0.177107 -0.409763,
 0.030390 0.188685 -0.256345, 0.030413 0.135774 -0.063172, 0.030568 0.131958 -0.057543, 0.030582 0.189365 -0.244708, 0.030692 0.141122 -0.074192,
 0.030821 0.179274 -0.396110, 0.030989 0.189486 -0.256324, 0.031112 0.141906 -0.073734, 0.031306 0.146756 -0.084924, 0.031348 0.188154 -0.279550,
 0.031742 0.180936 -0.372494, 0.031775 0.147536 -0.084510, 0.031895 0.151908 -0.095852, 0.031964 0.188941 -0.279556, 0.032001 0.131616 -0.057877,
 0.032220 0.186906 -0.302738, 0.032387 0.181692 -0.372602, 0.032404 0.152684 -0.095479, 0.032460 0.156594 -0.106953, 0.032567 0.183182 -0.349152,
 0.032692 0.185201 -0.325920, 0.032852 0.187680 -0.302768, 0.032957 0.174863 -0.408625, 0.033001 0.160833 -0.118200, 0.033002 0.157365 -0.106618,
 0.033213 0.183941 -0.349234, 0.033334 0.185966 -0.325977, 0.033337 0.173048 -0.407907, 0.033512 0.164647 -0.129563, 0.033569 0.161600 -0.117900,
 0.033985 0.168056 -0.141014, 0.034072 0.176255 -0.396388, 0.034101 0.165410 -0.129296, 0.034154 0.173823 -0.408097, 0.034414 0.171082 -0.152525,
 0.034435 0.130053 -0.059149, 0.034536 0.173491 -0.407928, 0.034591 0.168816 -0.140777, 0.034792 0.173746 -0.164072, 0.034843 0.130786 -0.058718,
 0.034851 0.132765 -0.063875, 0.035033 0.171840 -0.152316, 0.035256 0.133547 -0.063401, 0.035391 0.178049 -0.187209, 0.035420 0.174502 -0.163890,
 0.035588 0.170975 -0.406838, 0.035600 0.178701 -0.372867, 0.035635 0.138443 -0.074452, 0.035753 0.176819 -0.175481, 0.035853 0.181045 -0.210345,
 0.036034 0.178803 -0.187076, 0.036104 0.139216 -0.074025, 0.036133 0.184819 -0.302951, 0.036217 0.170396 -0.406539, 0.036279 0.180462 -0.198668,
 0.036326 0.171619 -0.406977, 0.036363 0.182719 -0.233487, 0.036389 0.143651 -0.085235, 0.036424 0.180978 -0.349473, 0.036496 0.172170 -0.396533,
 0.036508 0.181795 -0.210256, 0.036571 0.183044 -0.326186, 0.036689 0.183051 -0.245074, 0.036751 0.182798 -0.221844, 0.036910 0.144413 -0.084851,
 0.037032 0.183461 -0.233438, 0.037068 0.183067 -0.256675, 0.037117 0.148400 -0.096209, 0.037244 0.172821 -0.396663, 0.037366 0.183786 -0.245043,
 0.037681 0.149150 -0.095865, 0.037754 0.183795 -0.256659, 0.037822 0.152709 -0.107349, 0.037915 0.182341 -0.279898, 0.037990 0.174669 -0.373032,
 0.038394 0.129749 -0.059768, 0.038421 0.153448 -0.107042, 0.038504 0.156597 -0.118629, 0.038575 0.169267 -0.405781, 0.038620 0.183051 -0.279907,
 0.038635 0.167441 -0.405015, 0.038655 0.180928 -0.303125, 0.038738 0.175325 -0.373137, 0.038823 0.176991 -0.349644, 0.039018 0.179099 -0.326359,
 0.039130 0.157327 -0.118355, 0.039157 0.160086 -0.130019, 0.039198 0.128449 -0.060791, 0.039377 0.181619 -0.303155, 0.039521 0.168094 -0.405184,
 0.039544 0.130302 -0.064010, 0.039563 0.128326 -0.060917, 0.039567 0.177655 -0.349724, 0.039605 0.167991 -0.405131, 0.039644 0.129316 -0.060228,
 0.039753 0.179775 -0.326413, 0.039774 0.163195 -0.141489, 0.039806 0.160806 -0.129775, 0.039986 0.131084 -0.063570, 0.040037 0.129179 -0.060372,
 0.040306 0.168965 -0.396935, 0.040346 0.165944 -0.153011, 0.040441 0.163908 -0.141273, 0.040481 0.135466 -0.074662, 0.040866 0.168351 -0.164562,
 0.040992 0.136230 -0.074268, 0.041027 0.166651 -0.152821, 0.041115 0.180451 -0.256866, 0.041328 0.170430 -0.176125, 0.041383 0.140176 -0.085513,
 0.041558 0.169053 -0.164397, 0.041733 0.172190 -0.187688, 0.041777 0.171554 -0.373411, 0.041902 0.179595 -0.280119, 0.041917 0.163430 -0.402947,
 0.041951 0.140921 -0.085162, 0.042030 0.171127 -0.175983, 0.042064 0.164942 -0.403578, 0.042089 0.173636 -0.199247, 0.042149 0.163147 -0.402801,
 0.042258 0.144450 -0.096549, 0.042397 0.164145 -0.397078, 0.042409 0.174767 -0.210802, 0.042444 0.172883 -0.187569, 0.042566 0.178070 -0.303381,
 0.042621 0.173959 -0.349986, 0.042713 0.175579 -0.222359, 0.042741 0.163957 -0.403076, 0.042807 0.174325 -0.199149, 0.042860 0.176147 -0.326656,
 0.042870 0.145176 -0.096236, 0.043019 0.176068 -0.233926, 0.043109 0.148308 -0.107745, 0.043135 0.175450 -0.210725, 0.043231 0.164681 -0.397204,
 0.043337 0.176241 -0.245509, 0.043338 0.161216 -0.401805, 0.043447 0.176255 -0.222302, 0.043670 0.176120 -0.257108, 0.043758 0.149016 -0.107467,
 0.043762 0.176736 -0.233887, 0.043860 0.166834 -0.373587, 0.043935 0.151769 -0.119074, 0.043940 0.126851 -0.062425, 0.044089 0.176899 -0.245486,
 0.044127 0.127646 -0.064064, 0.044259 0.161751 -0.401950, 0.044345 0.175164 -0.280341, 0.044408 0.127664 -0.061979, 0.044431 0.176768 -0.257100,
 0.044561 0.127611 -0.062035, 0.044601 0.128429 -0.063661, 0.044614 0.152461 -0.118827, 0.044685 0.126600 -0.062682, 0.044691 0.167380 -0.373689,
 0.044733 0.154854 -0.130505, 0.044741 0.169318 -0.350180, 0.044878 0.173560 -0.303593, 0.045059 0.171572 -0.326861, 0.045126 0.175789 -0.280356,
 0.045127 0.159489 -0.397347, 0.045223 0.132227 -0.074807, 0.045390 0.160107 -0.401111, 0.045435 0.155532 -0.130285, 0.045494 0.157585 -0.142006,
 0.045565 0.169879 -0.350258, 0.045677 0.174161 -0.303627, 0.045723 0.159537 -0.400820, 0.045773 0.132982 -0.074449, 0.045872 0.172151 -0.326916,
 0.045997 0.159967 -0.397471, 0.046208 0.159979 -0.153551, 0.046215 0.158250 -0.141812, 0.046278 0.136367 -0.085745, 0.046594 0.162305 -0.373870,
 0.046866 0.162052 -0.165116, 0.046885 0.172134 -0.257362, 0.046887 0.137095 -0.085429, 0.046945 0.160633 -0.153381, 0.047300 0.140090 -0.096860,
 0.047370 0.172956 -0.245747, 0.047452 0.171044 -0.280598, 0.047459 0.163816 -0.176685, 0.047459 0.162796 -0.373971, 0.047467 0.154507 -0.398345,
 0.047482 0.125399 -0.064023, 0.047519 0.164899 -0.350462, 0.047601 0.154289 -0.398232, 0.047615 0.162697 -0.164968, 0.047680 0.172741 -0.257359,
 0.047684 0.154397 -0.397615, 0.047855 0.169331 -0.303857, 0.047921 0.167248 -0.327135, 0.047957 0.140791 -0.096581, 0.047981 0.153671 -0.397914,
 0.047982 0.165278 -0.188248, 0.048187 0.153222 -0.397682, 0.048205 0.126146 -0.063667, 0.048219 0.164453 -0.176559, 0.048266 0.171625 -0.280616,
 0.048295 0.143415 -0.108130, 0.048377 0.165407 -0.350540, 0.048408 0.154953 -0.398479, 0.048436 0.166442 -0.199802, 0.048453 0.124981 -0.064488,
 0.048532 0.154742 -0.398371, 0.048535 0.154737 -0.398368, 0.048582 0.154819 -0.397737, 0.048627 0.124907 -0.064571, 0.048688 0.169884 -0.303893,
 0.048752 0.165907 -0.188144, 0.048768 0.167776 -0.327191, 0.048827 0.167305 -0.211351, 0.048989 0.144091 -0.107883, 0.049024 0.125816 -0.064033,
 0.049082 0.153635 -0.397804, 0.049158 0.125763 -0.064093, 0.049166 0.157359 -0.374156, 0.049168 0.167867 -0.222902, 0.049216 0.167063 -0.199719,
 0.049261 0.146365 -0.119524, 0.049472 0.168127 -0.234463, 0.049616 0.167917 -0.211289, 0.049751 0.168098 -0.246042, 0.049837 0.125490 -0.064397,
 0.049866 0.128759 -0.074887, 0.049966 0.168468 -0.222859, 0.049986 0.147018 -0.119306, 0.050010 0.167803 -0.257639, 0.050060 0.157796 -0.374256,
 0.050078 0.149100 -0.395556, 0.050149 0.160080 -0.350753, 0.050193 0.148963 -0.131010, 0.050280 0.168717 -0.234437, 0.050448 0.129507 -0.074568,
 0.050454 0.166563 -0.280876, 0.050568 0.168675 -0.246031, 0.050648 0.162537 -0.327423, 0.050713 0.164728 -0.304139, 0.050836 0.168367 -0.257641,
 0.050871 0.147372 -0.394665, 0.050942 0.149596 -0.130817, 0.051036 0.160534 -0.350831, 0.051074 0.132257 -0.085927, 0.051082 0.151230 -0.142555,
 0.051117 0.149537 -0.395709, 0.051299 0.167098 -0.280898, 0.051468 0.148831 -0.395347, 0.051525 0.163015 -0.327481, 0.051554 0.151991 -0.374447,
 0.051576 0.165233 -0.304179, 0.051719 0.132968 -0.085648, 0.051852 0.151845 -0.142386, 0.051912 0.147766 -0.394802, 0.051919 0.153184 -0.154133,
 0.052239 0.135347 -0.097141, 0.052473 0.152373 -0.374546, 0.052567 0.163668 -0.234765, 0.052572 0.143663 -0.392753, 0.052608 0.154853 -0.351053,
 0.052692 0.154841 -0.165721, 0.052706 0.153784 -0.153985, 0.052757 0.143260 -0.392545, 0.052823 0.123103 -0.066583, 0.052933 0.136024 -0.096897,
 0.053022 0.163124 -0.257938, 0.053105 0.164102 -0.223170, 0.053123 0.122974 -0.066727, 0.053219 0.157433 -0.327724, 0.053328 0.161716 -0.281174,
 0.053353 0.123875 -0.066287, 0.053364 0.138053 -0.108501, 0.053389 0.156212 -0.177303, 0.053403 0.164217 -0.234746, 0.053411 0.122822 -0.066914,
 0.053428 0.159746 -0.304438, 0.053493 0.155427 -0.165593, 0.053497 0.143973 -0.392860, 0.053520 0.155255 -0.351132, 0.053741 0.146194 -0.374742,
 0.053855 0.139991 -0.390859, 0.053877 0.163643 -0.257947, 0.053960 0.123596 -0.066613, 0.054001 0.157301 -0.188873, 0.054099 0.138697 -0.108288,
 0.054121 0.157860 -0.327784, 0.054173 0.142355 -0.392032, 0.054201 0.162203 -0.281202, 0.054202 0.156784 -0.177196, 0.054317 0.160201 -0.304482,
 0.054439 0.125114 -0.074908, 0.054448 0.140400 -0.119974, 0.054521 0.158112 -0.200430, 0.054659 0.123274 -0.066989, 0.054680 0.146524 -0.374841,
 0.054825 0.157861 -0.188787, 0.054877 0.149212 -0.351361, 0.054886 0.140299 -0.390978, 0.054946 0.158645 -0.211979, 0.055048 0.125858 -0.074632,
 0.055215 0.141015 -0.119787, 0.055283 0.158899 -0.223527, 0.055355 0.158660 -0.200365, 0.055487 0.142418 -0.131527, 0.055545 0.158881 -0.235085,
 0.055610 0.151930 -0.328037, 0.055666 0.138052 -0.389827, 0.055709 0.139966 -0.375043, 0.055789 0.127883 -0.086070, 0.055789 0.159180 -0.211933,
 0.055810 0.149562 -0.351441, 0.055897 0.158093 -0.258256, 0.055975 0.154377 -0.304753, 0.056049 0.156498 -0.281490, 0.056136 0.159421 -0.223500,
 0.056280 0.143006 -0.131363, 0.056407 0.159387 -0.235075, 0.056411 0.132379 -0.386933, 0.056465 0.128580 -0.085832, 0.056472 0.144131 -0.143125,
 0.056535 0.152305 -0.328100, 0.056621 0.135302 -0.388417, 0.056664 0.140245 -0.375140, 0.056683 0.131568 -0.386515, 0.056777 0.158567 -0.258272,
 0.056810 0.131190 -0.386320, 0.056888 0.154783 -0.304801, 0.056935 0.143153 -0.351677, 0.056946 0.156938 -0.281524, 0.056954 0.120940 -0.069219,
 0.057081 0.130249 -0.097399, 0.057286 0.144694 -0.142982, 0.057382 0.132612 -0.387038, 0.057393 0.145558 -0.154743, 0.057441 0.133305 -0.375348,
 0.057602 0.121738 -0.068883, 0.057618 0.131779 -0.386610, 0.057800 0.146022 -0.328362, 0.057809 0.130903 -0.097194, 0.057886 0.143452 -0.351758,
 0.058225 0.146099 -0.154620, 0.058238 0.146713 -0.166360, 0.058275 0.120238 -0.070078, 0.058309 0.132237 -0.108862, 0.058333 0.148620 -0.305082,
 0.058351 0.124548 -0.382894, 0.058381 0.153765 -0.235422, 0.058409 0.133536 -0.375444, 0.058591 0.150908 -0.281823, 0.058609 0.152710 -0.258592,
 0.058708 0.154357 -0.212279, 0.058744 0.146347 -0.328428, 0.058764 0.136672 -0.352001, 0.058785 0.127656 -0.384496, 0.058890 0.121066 -0.069712,
 0.058977 0.121308 -0.074904, 0.058994 0.147608 -0.177962, 0.058998 0.121010 -0.069781, 0.059034 0.154421 -0.223846, 0.059079 0.132850 -0.108686,
 0.059085 0.147235 -0.166256, 0.059265 0.148976 -0.305135, 0.059267 0.154227 -0.235420, 0.059346 0.125159 -0.383215, 0.059439 0.124746 -0.383002,
 0.059474 0.133883 -0.120424, 0.059510 0.151299 -0.281863, 0.059513 0.153137 -0.258615, 0.059610 0.122047 -0.074675, 0.059647 0.148248 -0.189546,
 0.059729 0.136922 -0.352084, 0.059769 0.139706 -0.328697, 0.059854 0.148111 -0.177877, 0.059857 0.118058 -0.379547, 0.059900 0.126393 -0.375754,
 0.060013 0.117388 -0.379202, 0.060121 0.116603 -0.378797, 0.060137 0.118678 -0.375975, 0.060145 0.119245 -0.071294, 0.060184 0.148637 -0.201111,
 0.060279 0.134458 -0.120272, 0.060347 0.129765 -0.352332, 0.060457 0.123265 -0.086201, 0.060476 0.142469 -0.305423, 0.060518 0.148735 -0.189479,
 0.060575 0.135224 -0.132050, 0.060594 0.148776 -0.212664, 0.060638 0.119408 -0.380263, 0.060728 0.139982 -0.328766, 0.060783 0.111818 -0.376329,
 0.060845 0.118199 -0.379642, 0.060878 0.148666 -0.224214, 0.060930 0.144942 -0.282169, 0.061051 0.148317 -0.235773, 0.061066 0.149107 -0.201064,
 0.061089 0.118629 -0.072132, 0.061096 0.116731 -0.378889, 0.061123 0.118819 -0.376068, 0.061135 0.146971 -0.258942, 0.061160 0.123949 -0.086007,
 0.061322 0.129968 -0.352415, 0.061406 0.135764 -0.131918, 0.061426 0.142776 -0.305481, 0.061485 0.149229 -0.212637, 0.061495 0.132980 -0.329039,
 0.061602 0.136288 -0.143706, 0.061665 0.122434 -0.352669, 0.061742 0.119385 -0.071899, 0.061778 0.149102 -0.224205, 0.061846 0.124809 -0.097656,
 0.061868 0.145285 -0.282217, 0.061938 0.111804 -0.376358, 0.061959 0.148735 -0.235780, 0.061977 0.103177 -0.371873, 0.062059 0.147352 -0.258973,
 0.062092 0.110900 -0.375894, 0.062153 0.110546 -0.375713, 0.062375 0.100299 -0.370389, 0.062382 0.135924 -0.305774, 0.062456 0.136797 -0.143593,
 0.062466 0.133208 -0.329112, 0.062547 0.137095 -0.155366, 0.062604 0.125441 -0.097494, 0.062649 0.122592 -0.352753, 0.062704 0.114679 -0.353010,
 0.062839 0.094585 -0.367442, 0.062884 0.118709 -0.072781, 0.062960 0.125843 -0.329389, 0.063023 0.103255 -0.371967, 0.063042 0.138599 -0.282527,
 0.063136 0.125975 -0.109229, 0.063162 0.088827 -0.364472, 0.063177 0.143763 -0.189836, 0.063187 0.143384 -0.213020, 0.063346 0.136182 -0.305837,
 0.063370 0.100349 -0.370474, 0.063370 0.117138 -0.074154, 0.063398 0.137660 -0.167014, 0.063419 0.137576 -0.155271, 0.063423 0.099781 -0.370182,
 0.063448 0.140876 -0.259304, 0.063449 0.106502 -0.353355, 0.063527 0.117335 -0.074922, 0.063532 0.142536 -0.236134, 0.063693 0.114793 -0.353095,
 0.063724 0.095301 -0.367880, 0.063938 0.126557 -0.109094, 0.063941 0.126024 -0.329464, 0.063996 0.138893 -0.282581, 0.064001 0.088827 -0.354164,
 0.064014 0.088899 -0.354044, 0.064031 0.128983 -0.306132, 0.064031 0.117938 -0.073846, 0.064099 0.143795 -0.213003, 0.064144 0.137995 -0.178639,
 0.064146 0.118294 -0.329743, 0.064159 0.088829 -0.364553, 0.064182 0.118070 -0.074745, 0.064220 0.116583 -0.074908, 0.064285 0.138115 -0.166935,
 0.064325 0.126813 -0.120881, 0.064390 0.141208 -0.259343, 0.064442 0.106575 -0.353438, 0.064460 0.142908 -0.236150, 0.064772 0.138109 -0.190239,
 0.064884 0.097942 -0.353783, 0.064901 0.131878 -0.282891, 0.064971 0.088829 -0.354535, 0.065004 0.088829 -0.354128, 0.065006 0.129193 -0.306200,
 0.065010 0.117280 -0.074756, 0.065011 0.088898 -0.354125, 0.065015 0.116063 -0.075613, 0.065037 0.110336 -0.330100, 0.065045 0.138426 -0.178577,
 0.065108 0.118389 -0.086361, 0.065134 0.118430 -0.329821, 0.065163 0.127348 -0.120768, 0.065261 0.138005 -0.201817, 0.065401 0.121647 -0.306494,
 0.065421 0.127374 -0.132577, 0.065523 0.134422 -0.259673, 0.065595 0.137686 -0.213380, 0.065619 0.101971 -0.330457, 0.065684 0.138517 -0.190194,
 0.065721 0.116802 -0.075416, 0.065798 0.136421 -0.236501, 0.065836 0.119060 -0.086216, 0.065869 0.132123 -0.282952, 0.065882 0.093204 -0.330812,
 0.065889 0.088827 -0.330981, 0.066015 0.115410 -0.076500, 0.066029 0.110429 -0.330179, 0.066286 0.127867 -0.132481, 0.066346 0.116381 -0.075998,
 0.066385 0.121811 -0.306566, 0.066417 0.127692 -0.144286, 0.066474 0.113917 -0.306858, 0.066481 0.134706 -0.259721, 0.066485 0.124778 -0.283260,
 0.066526 0.138052 -0.213374, 0.066559 0.119016 -0.097945, 0.066615 0.102024 -0.330538, 0.066743 0.136746 -0.236528, 0.066874 0.088830 -0.331068,
 0.066879 0.093218 -0.330893, 0.067303 0.127786 -0.155984, 0.067305 0.128146 -0.144206, 0.067316 0.088827 -0.313455, 0.067334 0.127608 -0.260046,
 0.067343 0.119625 -0.097830, 0.067463 0.124974 -0.283327, 0.067464 0.114035 -0.306934, 0.067769 0.117298 -0.283630, 0.067794 0.131678 -0.213740,
 0.067823 0.129968 -0.236872, 0.067852 0.119254 -0.109623, 0.067945 0.088827 -0.305684, 0.068021 0.132995 -0.190551, 0.068071 0.127671 -0.167659,
 0.068209 0.128204 -0.155921, 0.068305 0.127842 -0.260102, 0.068588 0.113317 -0.079683, 0.068682 0.119805 -0.109534, 0.068716 0.127363 -0.179304,
 0.068733 0.109440 -0.283995, 0.068741 0.131998 -0.213744, 0.068755 0.117447 -0.283702, 0.068783 0.130245 -0.236907, 0.068796 0.088830 -0.307362,
 0.068810 0.113136 -0.079959, 0.068853 0.120432 -0.260418, 0.068971 0.113253 -0.080785, 0.068992 0.128056 -0.167610, 0.068993 0.119177 -0.121354,
 0.069224 0.126870 -0.190921, 0.069358 0.101205 -0.284354, 0.069417 0.114029 -0.079457, 0.069427 0.114020 -0.079471, 0.069475 0.112595 -0.080782,
 0.069525 0.113934 -0.079608, 0.069577 0.126200 -0.202516, 0.069579 0.123175 -0.237239, 0.069629 0.092593 -0.284702, 0.069632 0.088827 -0.284848,
 0.069650 0.127716 -0.179270, 0.069688 0.113942 -0.080679, 0.069724 0.109542 -0.284072, 0.069758 0.125358 -0.214095, 0.069776 0.113228 -0.086595,
 0.069834 0.120617 -0.260481, 0.069859 0.119673 -0.121284, 0.069999 0.118858 -0.133107, 0.070054 0.112893 -0.260785, 0.070169 0.127195 -0.190902,
 0.070312 0.113240 -0.080704, 0.070353 0.101261 -0.284433, 0.070527 0.113882 -0.086504, 0.070533 0.113085 -0.092435, 0.070552 0.123403 -0.237285,
 0.070614 0.088831 -0.284942, 0.070625 0.092606 -0.284782, 0.070720 0.125631 -0.214110, 0.070870 0.118333 -0.144855, 0.070893 0.119303 -0.133051,
 0.070910 0.104989 -0.261141, 0.070910 0.111427 -0.082559, 0.071038 0.116040 -0.237600, 0.071042 0.113028 -0.260855, 0.071125 0.088827 -0.266401,
 0.071132 0.122672 -0.167938, 0.071152 0.120835 -0.191249, 0.071233 0.112832 -0.098298, 0.071314 0.113704 -0.092359, 0.071397 0.096720 -0.261481,
 0.071462 0.118723 -0.214440, 0.071499 0.088827 -0.261777, 0.071594 0.117621 -0.156580, 0.071756 0.088827 -0.258588, 0.071787 0.118732 -0.144814,
 0.071829 0.110481 -0.084191, 0.071874 0.112480 -0.104177, 0.071903 0.105075 -0.261217, 0.072020 0.116218 -0.237654, 0.072042 0.113417 -0.098236,
 0.072112 0.121117 -0.191244, 0.072167 0.116737 -0.168272, 0.072170 0.108560 -0.237948, 0.072326 0.111464 -0.083509, 0.072393 0.096757 -0.261560,
 0.072436 0.118949 -0.214466, 0.072458 0.112040 -0.110065, 0.072485 0.088831 -0.261869, 0.072528 0.117976 -0.156553, 0.072594 0.115700 -0.179931,
 0.072623 0.088831 -0.260171, 0.072650 0.111130 -0.084078, 0.072708 0.113031 -0.104127, 0.072862 0.114520 -0.191562, 0.072881 0.111773 -0.214770,
 0.072945 0.100732 -0.238276, 0.072986 0.111526 -0.115958, 0.073116 0.117051 -0.168257, 0.073160 0.108687 -0.238010, 0.073303 0.108962 -0.086811,
 0.073313 0.112557 -0.110026, 0.073325 0.092551 -0.238578, 0.073361 0.088827 -0.238709, 0.073464 0.110950 -0.121852, 0.073832 0.114760 -0.191573,
 0.073860 0.112011 -0.115928, 0.073864 0.111950 -0.214807, 0.073940 0.100807 -0.238347, 0.073977 0.110914 -0.168561, 0.073990 0.104503 -0.215079,
 0.074193 0.109543 -0.086791, 0.074244 0.109480 -0.180223, 0.074286 0.109657 -0.133638, 0.074322 0.092574 -0.238656, 0.074338 0.107926 -0.191858,
 0.074354 0.111404 -0.121830, 0.074357 0.088832 -0.238785, 0.074585 0.107641 -0.089089, 0.074590 0.107637 -0.089097, 0.074685 0.088832 -0.234746,
 0.074747 0.108972 -0.087766, 0.074772 0.096913 -0.215364, 0.074790 0.107367 -0.089634, 0.074925 0.108199 -0.145405, 0.074937 0.111193 -0.168565,
 0.074981 0.104631 -0.215129, 0.075074 0.088827 -0.217483, 0.075144 0.088827 -0.216620, 0.075191 0.107003 -0.092827, 0.075204 0.110053 -0.133627,
 0.075216 0.109718 -0.180238, 0.075218 0.089006 -0.215621, 0.075224 0.088827 -0.215628, 0.075260 0.099017 -0.203753, 0.075318 0.108124 -0.191885,
 0.075332 0.108265 -0.089080, 0.075368 0.106591 -0.157138, 0.075559 0.109316 -0.139520, 0.075572 0.101051 -0.192133, 0.075582 0.107961 -0.089645,
 0.075619 0.104851 -0.168834, 0.075692 0.103001 -0.180496, 0.075766 0.096994 -0.215428, 0.075854 0.106194 -0.098735, 0.075865 0.108542 -0.145406,
 0.075977 0.091473 -0.204006, 0.075997 0.105738 -0.092876, 0.075999 0.107593 -0.092806, 0.076076 0.088866 -0.217476, 0.076120 0.107730 -0.151284,
 0.076154 0.088827 -0.204097, 0.076214 0.089043 -0.215701, 0.076219 0.088870 -0.215713, 0.076252 0.099135 -0.203808, 0.076308 0.104791 -0.133903,
 0.076324 0.106884 -0.157152, 0.076433 0.105282 -0.104649, 0.076479 0.106005 -0.163010, 0.076551 0.104990 -0.094364, 0.076557 0.093898 -0.192385,
 0.076558 0.101209 -0.192178, 0.076588 0.105096 -0.168859, 0.076653 0.104161 -0.174698, 0.076671 0.103201 -0.180531, 0.076687 0.106747 -0.098728,
 0.076741 0.106559 -0.092250, 0.076790 0.102835 -0.145670, 0.076931 0.096262 -0.180750, 0.076932 0.104285 -0.110562, 0.076964 0.106236 -0.092906,
 0.076972 0.091549 -0.204080, 0.077050 0.100748 -0.157400, 0.077085 0.088827 -0.192555, 0.077091 0.098550 -0.169091, 0.077149 0.088892 -0.204170,
 0.077289 0.105799 -0.104654, 0.077355 0.103218 -0.116471, 0.077447 0.105540 -0.094322, 0.077511 0.103694 -0.096942, 0.077547 0.094016 -0.192450,
 0.077588 0.088903 -0.198719, 0.077711 0.102099 -0.122375, 0.077713 0.088827 -0.184768, 0.077808 0.104765 -0.110577, 0.077916 0.096427 -0.180805,
 0.077961 0.089266 -0.180982, 0.077965 0.102839 -0.098952, 0.078017 0.088827 -0.181004, 0.078077 0.088922 -0.192628, 0.078129 0.102531 -0.099676,
 0.078245 0.099747 -0.134167, 0.078250 0.103664 -0.116495, 0.078365 0.104213 -0.097020, 0.078393 0.092012 -0.169331, 0.078539 0.097271 -0.145927,
 0.078586 0.094686 -0.157648, 0.078622 0.102510 -0.122405, 0.078784 0.088949 -0.183821, 0.078862 0.103338 -0.098983, 0.078932 0.101319 -0.128308,
 0.078949 0.089397 -0.181060, 0.078950 0.088827 -0.169439, 0.079004 0.088958 -0.181081, 0.079024 0.088827 -0.168525, 0.079037 0.103030 -0.099674,
 0.079182 0.100095 -0.134205, 0.079192 0.090803 -0.175233, 0.079330 0.100271 -0.104986, 0.079339 0.100253 -0.105027, 0.079371 0.098841 -0.140095,
 0.079374 0.092193 -0.169399, 0.079439 0.100065 -0.105468, 0.079468 0.088976 -0.175302, 0.079495 0.093565 -0.163558, 0.079496 0.097559 -0.145975,
 0.079557 0.094918 -0.157707, 0.079558 0.096250 -0.151846, 0.079666 0.101923 -0.102158, 0.079745 0.097435 -0.122646, 0.079779 0.089240 -0.158094,
 0.079797 0.089250 -0.157856, 0.079933 0.088994 -0.169518, 0.080006 0.088997 -0.168604, 0.080057 0.089392 -0.154259, 0.080092 0.098142 -0.110948,
 0.080095 0.094525 -0.134431, 0.080147 0.089442 -0.153012, 0.080168 0.091506 -0.146177, 0.080179 0.100778 -0.105023, 0.080189 0.100757 -0.105076,
 0.080380 0.089097 -0.163731, 0.080416 0.090086 -0.147624, 0.080485 0.090252 -0.146235, 0.080526 0.089136 -0.161824, 0.080582 0.096702 -0.115053,
 0.080612 0.096501 -0.115781, 0.080658 0.096192 -0.116902, 0.080660 0.099705 -0.107709, 0.080773 0.089363 -0.158172, 0.080789 0.089378 -0.157936,
 0.080860 0.091151 -0.138721, 0.080883 0.091477 -0.137080, 0.080901 0.094563 -0.122808, 0.080917 0.091978 -0.134558, 0.081029 0.093587 -0.126462,
 0.081035 0.093667 -0.126058, 0.081048 0.098537 -0.111017, 0.081151 0.089713 -0.152554, 0.081174 0.089760 -0.152131, 0.081368 0.097573 -0.113745,
 0.081411 0.090255 -0.147694, 0.081484 0.090409 -0.146315, 0.081507 0.096928 -0.115851, 0.081581 0.096586 -0.116970, 0.081622 0.090698 -0.143727,
 0.081733 0.091220 -0.140485, 0.081803 0.095554 -0.120340, 0.081848 0.091757 -0.137154, 0.081865 0.094895 -0.122887, 0.081909 0.092047 -0.135354,
 0.081916 0.092197 -0.134640, 0.081954 0.093950 -0.126540, 0.081967 0.093432 -0.128776, 0.081978 0.093694 -0.127531
]
}
IndexedFaceSet {
coordIndex [
 1262, 1267, 1270, -1, 1044, 1063, 1062, -1, 1062, 1063, 1090, -1,
 1062, 1090, 1103, -1, 1103, 1090, 1102, -1, 1103, 1102, 1129, -1,
 1129, 1102, 1156, -1, 1270, 1267, 1312, -1, 1267, 1301, 1312, -1,
 1312, 1301, 1310, -1, 1312, 1310, 1318, -1, 1318, 1310, 1316, -1,
 1270, 1264, 1262, -1, 1262, 1264, 1255, -1, 1262, 1255, 1210, -1,
 1210, 1255, 1212, -1, 1210, 1212, 1197, -1, 1197, 1212, 1199, -1,
 1197, 1199, 1162, -1, 1162, 1199, 1163, -1, 1162, 1163, 1156, -1,
 1156, 1163, 1157, -1, 1156, 1157, 1129, -1, 1806, 1796, 1765, -1,
 1765, 1796, 1777, -1, 1765, 1777, 1748, -1, 1748, 1777, 1727, -1,
 1748, 1727, 1712, -1, 1712, 1727, 1724, -1, 1712, 1724, 1699, -1,
 1892, 1907, 1861, -1, 1861, 1907, 1864, -1, 1861, 1864, 1842, -1,
 1842, 1864, 1855, -1, 1842, 1855, 1828, -1, 1828, 1855, 1840, -1,
 1828, 1840, 1806, -1, 1806, 1840, 1822, -1, 1806, 1822, 1796, -1,
 1405, 1384, 1367, -1, 1367, 1384, 1372, -1, 1367, 1372, 1355, -1,
 1355, 1372, 1362, -1, 1355, 1362, 1316, -1, 1316, 1362, 1320, -1,
 1316, 1320, 1318, -1, 1457, 1445, 1405, -1, 1405, 1445, 1409, -1,
 1405, 1409, 1384, -1, 1724, 1705, 1699, -1, 1699, 1705, 1663, -1,
 1699, 1663, 1644, -1, 1644, 1663, 1652, -1, 1644, 1652, 1637, -1,
 1637, 1652, 1640, -1, 1637, 1640, 1633, -1, 1633, 1640, 1594, -1,
 1633, 1594, 1578, -1, 1578, 1594, 1586, -1, 1578, 1586, 1574, -1,
 1574, 1586, 1584, -1, 1574, 1584, 1555, -1, 1555, 1584, 1567, -1,
 1555, 1567, 1523, -1, 1523, 1567, 1520, -1, 1523, 1520, 1513, -1,
 1513, 1520, 1518, -1, 1513, 1518, 1461, -1, 1461, 1518, 1469, -1,
 1461, 1469, 1457, -1, 1457, 1469, 1464, -1, 1457, 1464, 1445, -1,
 2099, 2112, 2086, -1, 2086, 2112, 2104, -1, 2086, 2104, 2083, -1,
 2083, 2104, 2082, -1, 2104, 2103, 2082, -1, 2082, 2103, 2092, -1,
 2082, 2092, 2064, -1, 2064, 2092, 2079, -1, 2064, 2079, 2061, -1,
 2061, 2079, 2073, -1, 2061, 2073, 2053, -1, 2053, 2073, 2067, -1,
 2053, 2067, 2033, -1, 2033, 2067, 2052, -1, 2033, 2052, 2021, -1,
 2137, 2119, 2135, -1, 2135, 2119, 2118, -1, 2135, 2118, 2134, -1,
 2134, 2118, 2116, -1, 2134, 2116, 2132, -1, 2132, 2116, 2115, -1,
 2132, 2115, 2130, -1, 2130, 2115, 2107, -1, 2130, 2107, 2129, -1,
 2129, 2107, 2106, -1, 2129, 2106, 2126, -1, 2137, 2138, 2119, -1,
 2119, 2138, 2136, -1, 2119, 2136, 2120, -1, 2120, 2136, 2117, -1,
 2136, 2133, 2117, -1, 2117, 2133, 2131, -1, 2117, 2131, 2111, -1,
 2111, 2131, 2128, -1, 2111, 2128, 2110, -1, 2110, 2128, 2127, -1,
 2110, 2127, 2109, -1, 2109, 2127, 2124, -1, 2109, 2124, 2099, -1,
 2099, 2124, 2121, -1, 2099, 2121, 2112, -1, 2052, 2044, 2021, -1,
 2021, 2044, 2040, -1, 2021, 2040, 1997, -1, 1997, 2040, 2014, -1,
 1997, 2014, 1993, -1, 1993, 2014, 2010, -1, 1993, 2010, 1992, -1,
 1992, 2010, 1995, -1, 1992, 1995, 1974, -1, 1974, 1995, 1985, -1,
 1974, 1985, 1950, -1, 1950, 1985, 1966, -1, 1950, 1966, 1936, -1,
 1936, 1966, 1958, -1, 1936, 1958, 1909, -1, 1909, 1958, 1925, -1,
 1909, 1925, 1900, -1, 1900, 1925, 1910, -1, 1900, 1910, 1892, -1,
 1892, 1910, 1908, -1, 1892, 1908, 1907, -1, 38, 51, 25, -1,
 25, 51, 42, -1, 122, 81, 92, -1, 92, 81, 78, -1,
 92, 78, 91, -1, 91, 78, 58, -1, 91, 58, 68, -1,
 68, 58, 53, -1, 68, 53, 65, -1, 65, 53, 50, -1,
 65, 50, 62, -1, 62, 50, 48, -1, 62, 48, 56, -1,
 56, 48, 35, -1, 56, 35, 46, -1, 12, 8, 27, -1,
 27, 8, 7, -1, 27, 7, 16, -1, 16, 7, 3, -1,
 16, 3, 14, -1, 14, 3, 2, -1, 14, 2, 15, -1,
 27, 30, 12, -1, 12, 30, 32, -1, 12, 32, 17, -1,
 17, 32, 46, -1, 17, 46, 33, -1, 33, 46, 35, -1,
 2, 1, 15, -1, 15, 1, 0, -1, 15, 0, 19, -1,
 19, 0, 4, -1, 19, 4, 20, -1, 20, 4, 5, -1,
 20, 5, 21, -1, 21, 5, 6, -1, 21, 6, 28, -1,
 28, 6, 9, -1, 28, 9, 29, -1, 29, 9, 10, -1,
 29, 10, 31, -1, 31, 10, 11, -1, 31, 11, 39, -1,
 39, 11, 22, -1, 39, 22, 41, -1, 41, 22, 23, -1,
 41, 23, 42, -1, 42, 23, 24, -1, 42, 24, 25, -1,
 227, 218, 233, -1, 233, 218, 212, -1, 233, 212, 184, -1,
 233, 234, 227, -1, 227, 234, 236, -1, 227, 236, 256, -1,
 256, 236, 291, -1, 490, 455, 439, -1, 439, 455, 433, -1,
 439, 433, 438, -1, 438, 433, 414, -1, 433, 401, 414, -1,
 414, 401, 387, -1, 414, 387, 369, -1, 369, 387, 355, -1,
 369, 355, 327, -1, 327, 355, 315, -1, 327, 315, 318, -1,
 318, 315, 305, -1, 318, 305, 300, -1, 300, 305, 284, -1,
 300, 284, 291, -1, 291, 284, 279, -1, 291, 279, 256, -1,
 875, 865, 834, -1, 834, 865, 820, -1, 834, 820, 823, -1,
 823, 820, 799, -1, 823, 799, 775, -1, 775, 799, 770, -1,
 775, 770, 773, -1, 619, 598, 568, -1, 568, 598, 561, -1,
 568, 561, 564, -1, 564, 561, 551, -1, 564, 551, 554, -1,
 554, 551, 547, -1, 554, 547, 540, -1, 540, 547, 521, -1,
 540, 521, 490, -1, 490, 521, 482, -1, 490, 482, 455, -1,
 770, 768, 773, -1, 773, 768, 734, -1, 773, 734, 730, -1,
 730, 734, 725, -1, 730, 725, 679, -1, 679, 725, 675, -1,
 679, 675, 678, -1, 678, 675, 673, -1, 678, 673, 657, -1,
 657, 673, 664, -1, 657, 664, 619, -1, 619, 664, 609, -1,
 619, 609, 598, -1, 212, 169, 184, -1, 184, 169, 166, -1,
 184, 166, 182, -1, 182, 166, 163, -1, 182, 163, 155, -1,
 155, 163, 137, -1, 155, 137, 150, -1, 150, 137, 115, -1,
 150, 115, 135, -1, 135, 115, 112, -1, 135, 112, 122, -1,
 122, 112, 107, -1, 122, 107, 81, -1, 2097, 2105, 2078, -1,
 2078, 2105, 2108, -1, 2078, 2108, 2094, -1, 2094, 2108, 2113, -1,
 2094, 2113, 2095, -1, 2095, 2113, 2114, -1, 2095, 2114, 2098, -1,
 2098, 2114, 2122, -1, 2098, 2122, 2101, -1, 2101, 2122, 2123, -1,
 2101, 2123, 2106, -1, 2106, 2123, 2125, -1, 2106, 2125, 2126, -1,
 1027, 988, 980, -1, 980, 988, 978, -1, 980, 978, 979, -1,
 979, 978, 976, -1, 979, 976, 936, -1, 936, 976, 929, -1,
 936, 929, 927, -1, 927, 929, 925, -1, 927, 925, 876, -1,
 876, 925, 874, -1, 876, 874, 875, -1, 875, 874, 871, -1,
 875, 871, 865, -1, 1062, 1045, 1044, -1, 1044, 1045, 1043, -1,
 1044, 1043, 1027, -1, 1027, 1043, 1022, -1, 1027, 1022, 988, -1,
 307, 329, 293, -1, 293, 329, 276, -1, 293, 276, 260, -1,
 260, 276, 265, -1, 260, 265, 250, -1, 250, 265, 222, -1,
 250, 222, 217, -1, 217, 222, 199, -1, 217, 199, 206, -1,
 206, 199, 198, -1, 99, 109, 131, -1, 131, 109, 125, -1,
 131, 125, 156, -1, 156, 125, 138, -1, 156, 138, 191, -1,
 191, 138, 174, -1, 191, 174, 198, -1, 198, 174, 185, -1,
 198, 185, 206, -1, 131, 126, 99, -1, 99, 126, 118, -1,
 99, 118, 82, -1, 82, 118, 101, -1, 82, 101, 76, -1,
 76, 101, 83, -1, 51, 38, 55, -1, 55, 38, 40, -1,
 55, 40, 69, -1, 69, 40, 54, -1, 69, 54, 79, -1,
 79, 54, 59, -1, 79, 59, 83, -1, 83, 59, 67, -1,
 83, 67, 76, -1, 326, 347, 324, -1, 324, 347, 345, -1,
 324, 345, 310, -1, 345, 337, 310, -1, 310, 337, 332, -1,
 310, 332, 309, -1, 309, 332, 329, -1, 309, 329, 307, -1,
 428, 420, 399, -1, 931, 939, 984, -1, 984, 939, 983, -1,
 984, 983, 985, -1, 985, 983, 987, -1, 699, 707, 742, -1,
 742, 707, 735, -1, 742, 735, 744, -1, 765, 789, 806, -1,
 806, 789, 798, -1, 806, 798, 810, -1, 735, 738, 744, -1,
 744, 738, 748, -1, 744, 748, 765, -1, 765, 748, 763, -1,
 765, 763, 789, -1, 878, 877, 912, -1, 912, 877, 918, -1,
 912, 918, 928, -1, 928, 918, 926, -1, 928, 926, 931, -1,
 931, 926, 930, -1, 931, 930, 939, -1, 798, 804, 810, -1,
 810, 804, 827, -1, 810, 827, 833, -1, 833, 827, 830, -1,
 833, 830, 866, -1, 866, 830, 860, -1, 866, 860, 878, -1,
 878, 860, 872, -1, 878, 872, 877, -1, 635, 630, 620, -1,
 620, 630, 612, -1, 620, 612, 590, -1, 590, 612, 601, -1,
 487, 480, 504, -1, 487, 504, 523, -1, 523, 504, 512, -1,
 523, 512, 525, -1, 525, 512, 516, -1, 525, 516, 538, -1,
 538, 516, 537, -1, 538, 537, 560, -1, 560, 537, 542, -1,
 560, 542, 572, -1, 572, 542, 556, -1, 572, 556, 579, -1,
 579, 556, 565, -1, 579, 565, 601, -1, 601, 565, 584, -1,
 601, 584, 590, -1, 399, 420, 396, -1, 396, 420, 407, -1,
 396, 407, 385, -1, 399, 418, 428, -1, 428, 418, 434, -1,
 428, 434, 448, -1, 448, 434, 437, -1, 448, 437, 461, -1,
 461, 437, 445, -1, 461, 445, 484, -1, 484, 445, 464, -1,
 484, 464, 487, -1, 487, 464, 472, -1, 487, 472, 480, -1,
 672, 671, 685, -1, 685, 671, 680, -1, 685, 680, 699, -1,
 699, 680, 693, -1, 699, 693, 707, -1, 620, 621, 635, -1,
 635, 621, 626, -1, 635, 626, 672, -1, 672, 626, 662, -1,
 672, 662, 671, -1, 1760, 1743, 1757, -1, 1757, 1743, 1715, -1,
 1781, 1759, 1766, -1, 1766, 1759, 1746, -1, 1766, 1746, 1760, -1,
 1760, 1746, 1745, -1, 1760, 1745, 1743, -1, 1805, 1787, 1798, -1,
 1798, 1787, 1783, -1, 1798, 1783, 1786, -1, 1786, 1783, 1759, -1,
 1786, 1759, 1785, -1, 1785, 1759, 1781, -1, 1554, 1575, 1557, -1,
 1557, 1575, 1576, -1, 1557, 1576, 1564, -1, 1564, 1576, 1585, -1,
 1564, 1585, 1566, -1, 1566, 1585, 1615, -1, 1566, 1615, 1600, -1,
 1600, 1615, 1617, -1, 1600, 1617, 1610, -1, 1610, 1617, 1623, -1,
 1610, 1623, 1628, -1, 1628, 1623, 1647, -1, 1628, 1647, 1632, -1,
 1632, 1647, 1656, -1, 1632, 1656, 1650, -1, 1650, 1656, 1667, -1,
 1695, 1733, 1715, -1, 1715, 1733, 1734, -1, 1715, 1734, 1757, -1,
 1667, 1676, 1650, -1, 1650, 1676, 1691, -1, 1650, 1691, 1687, -1,
 1687, 1691, 1702, -1, 1687, 1702, 1693, -1, 1693, 1702, 1706, -1,
 1693, 1706, 1695, -1, 1695, 1706, 1723, -1, 1695, 1723, 1733, -1,
 1497, 1516, 1506, -1, 1506, 1489, 1497, -1, 1497, 1489, 1484, -1,
 1497, 1484, 1487, -1, 1487, 1484, 1450, -1, 1487, 1450, 1463, -1,
 1392, 1397, 1359, -1, 1392, 1403, 1397, -1, 1397, 1403, 1406, -1,
 1397, 1406, 1415, -1, 1415, 1406, 1425, -1, 1415, 1425, 1423, -1,
 1423, 1425, 1448, -1, 1423, 1448, 1450, -1, 1450, 1448, 1459, -1,
 1450, 1459, 1463, -1, 1276, 1251, 1256, -1, 1101, 1112, 1153, -1,
 1101, 1153, 1152, -1, 1152, 1153, 1154, -1, 1152, 1154, 1155, -1,
 1155, 1154, 1158, -1, 1155, 1158, 1175, -1, 1175, 1158, 1207, -1,
 1175, 1207, 1211, -1, 1211, 1207, 1216, -1, 1211, 1216, 1217, -1,
 1217, 1216, 1221, -1, 1217, 1221, 1251, -1, 1251, 1221, 1248, -1,
 1251, 1248, 1256, -1, 1256, 1279, 1276, -1, 1276, 1279, 1280, -1,
 1276, 1280, 1283, -1, 1283, 1280, 1288, -1, 1283, 1288, 1287, -1,
 1287, 1288, 1325, -1, 1287, 1325, 1336, -1, 1336, 1325, 1341, -1,
 1336, 1341, 1347, -1, 1347, 1341, 1354, -1, 1347, 1354, 1359, -1,
 1359, 1354, 1369, -1, 1359, 1369, 1392, -1, 1516, 1532, 1506, -1,
 1506, 1532, 1537, -1, 1506, 1537, 1554, -1, 1554, 1537, 1572, -1,
 1554, 1572, 1575, -1, 385, 407, 368, -1, 368, 407, 389, -1,
 368, 389, 363, -1, 363, 389, 376, -1, 363, 376, 361, -1,
 361, 376, 354, -1, 354, 376, 374, -1, 354, 374, 342, -1,
 342, 374, 358, -1, 342, 358, 339, -1, 339, 358, 347, -1,
 339, 347, 326, -1, 1087, 1098, 1099, -1, 1099, 1098, 1100, -1,
 1099, 1100, 1101, -1, 1101, 1100, 1105, -1, 1101, 1105, 1112, -1,
 983, 986, 987, -1, 987, 986, 989, -1, 987, 989, 1038, -1,
 1038, 989, 1036, -1, 1038, 1036, 1040, -1, 1040, 1036, 1039, -1,
 1040, 1039, 1042, -1, 1042, 1039, 1041, -1, 1042, 1041, 1056, -1,
 1056, 1041, 1057, -1, 1056, 1057, 1087, -1, 1087, 1057, 1088, -1,
 1087, 1088, 1098, -1, 1826, 1801, 1815, -1, 1815, 1801, 1795, -1,
 1815, 1795, 1809, -1, 1809, 1795, 1787, -1, 1809, 1787, 1805, -1,
 2097, 2078, 2096, -1, 2096, 2078, 2076, -1, 2096, 2076, 2087, -1,
 2087, 2076, 2062, -1, 1977, 1948, 1965, -1, 1965, 1948, 1946, -1,
 1965, 1946, 1962, -1, 1965, 1991, 1977, -1, 1977, 1991, 1994, -1,
 1977, 1994, 2001, -1, 2001, 1994, 2023, -1, 2001, 2023, 2002, -1,
 2002, 2023, 2027, -1, 2002, 2027, 2007, -1, 2007, 2027, 2049, -1,
 2007, 2049, 2025, -1, 2025, 2049, 2055, -1, 2025, 2055, 2047, -1,
 2047, 2055, 2063, -1, 2047, 2063, 2057, -1, 2057, 2063, 2072, -1,
 2057, 2072, 2062, -1, 2062, 2072, 2077, -1, 2062, 2077, 2087, -1,
 1946, 1939, 1962, -1, 1962, 1939, 1914, -1, 1962, 1914, 1930, -1,
 1930, 1914, 1887, -1, 1930, 1887, 1899, -1, 1899, 1887, 1878, -1,
 1899, 1878, 1874, -1, 1874, 1878, 1860, -1, 1874, 1860, 1838, -1,
 1838, 1860, 1819, -1, 1838, 1819, 1837, -1, 1837, 1819, 1801, -1,
 1837, 1801, 1826, -1, 1593, 1598, 1635, -1, 1339, 1398, 1393, -1,
 1543, 1613, 1595, -1, 1180, 1178, 1234, -1, 1478, 1474, 1408, -1,
 1627, 1674, 1671, -1, 2008, 1996, 2006, -1, 286, 216, 195, -1,
 211, 245, 249, -1, 254, 288, 296, -1, 709, 758, 764, -1,
 701, 753, 758, -1, 506, 543, 549, -1, 1939, 1946, 1944, -1,
 2007, 2006, 2002, -1, 2098, 2102, 2069, -1, 2119, 2120, 2117, -1,
 1997, 2003, 2021, -1, 1461, 1457, 1460, -1, 1367, 1355, 1364, -1,
 1267, 1262, 1266, -1, 1162, 1156, 1159, -1, 834, 823, 819, -1,
 773, 730, 726, -1, 657, 619, 614, -1, 614, 619, 568, -1,
 564, 554, 534, -1, 46, 32, 49, -1, 69, 71, 64, -1,
 71, 69, 79, -1, 596, 572, 579, -1, 1554, 1557, 1560, -1,
 1811, 1783, 1787, -1, 1795, 1801, 1819, -1, 1783, 1811, 1759, -1,
 1811, 1794, 1759, -1, 1759, 1794, 1747, -1, 1759, 1747, 1746, -1,
 1746, 1747, 1745, -1, 1693, 1695, 1704, -1, 1704, 1695, 1715, -1,
 1704, 1715, 1747, -1, 1747, 1715, 1743, -1, 1747, 1743, 1745, -1,
 1693, 1704, 1687, -1, 1687, 1704, 1677, -1, 1687, 1677, 1650, -1,
 1650, 1677, 1649, -1, 1650, 1649, 1632, -1, 1566, 1600, 1619, -1,
 1619, 1600, 1610, -1, 1619, 1610, 1649, -1, 1649, 1610, 1628, -1,
 1649, 1628, 1632, -1, 1557, 1564, 1560, -1, 1560, 1564, 1566, -1,
 1560, 1566, 1587, -1, 1587, 1566, 1619, -1, 1506, 1554, 1530, -1,
 1506, 1491, 1489, -1, 1489, 1491, 1484, -1, 1423, 1450, 1429, -1,
 1347, 1359, 1366, -1, 1366, 1359, 1397, -1, 1366, 1397, 1429, -1,
 1429, 1397, 1415, -1, 1429, 1415, 1423, -1, 1347, 1366, 1336, -1,
 1336, 1366, 1305, -1, 1336, 1305, 1287, -1, 1217, 1251, 1245, -1,
 1245, 1251, 1276, -1, 1245, 1276, 1305, -1, 1305, 1276, 1283, -1,
 1305, 1283, 1287, -1, 1217, 1245, 1211, -1, 1211, 1245, 1188, -1,
 1211, 1188, 1175, -1, 1139, 1152, 1188, -1, 1188, 1152, 1155, -1,
 1188, 1155, 1175, -1, 1092, 1099, 1139, -1, 1139, 1099, 1101, -1,
 1139, 1101, 1152, -1, 1040, 1042, 1037, -1, 1037, 1042, 1056, -1,
 1037, 1056, 1092, -1, 1092, 1056, 1087, -1, 1092, 1087, 1099, -1,
 1040, 1037, 1038, -1, 1038, 1037, 982, -1, 1038, 982, 987, -1,
 987, 982, 985, -1, 985, 982, 921, -1, 985, 921, 984, -1,
 878, 912, 858, -1, 858, 912, 928, -1, 858, 928, 921, -1,
 921, 928, 931, -1, 921, 931, 984, -1, 878, 858, 866, -1,
 866, 858, 794, -1, 866, 794, 833, -1, 744, 765, 732, -1,
 732, 765, 806, -1, 732, 806, 794, -1, 794, 806, 810, -1,
 794, 810, 833, -1, 685, 699, 732, -1, 732, 699, 742, -1,
 732, 742, 744, -1, 685, 732, 672, -1, 672, 732, 663, -1,
 672, 663, 635, -1, 579, 601, 596, -1, 596, 601, 612, -1,
 596, 612, 663, -1, 663, 612, 630, -1, 663, 630, 635, -1,
 532, 525, 538, -1, 525, 532, 523, -1, 523, 532, 505, -1,
 523, 505, 487, -1, 487, 505, 476, -1, 487, 476, 484, -1,
 484, 476, 446, -1, 484, 446, 461, -1, 461, 446, 448, -1,
 448, 446, 421, -1, 448, 421, 428, -1, 398, 374, 376, -1,
 376, 389, 398, -1, 398, 389, 407, -1, 398, 407, 421, -1,
 421, 407, 420, -1, 421, 420, 428, -1, 398, 348, 374, -1,
 374, 348, 330, -1, 374, 330, 358, -1, 358, 330, 347, -1,
 347, 330, 345, -1, 345, 330, 282, -1, 345, 282, 337, -1,
 157, 191, 190, -1, 190, 191, 198, -1, 190, 198, 199, -1,
 118, 126, 119, -1, 119, 126, 131, -1, 101, 118, 106, -1,
 106, 118, 119, -1, 106, 119, 130, -1, 130, 119, 131, -1,
 130, 131, 157, -1, 157, 131, 156, -1, 157, 156, 191, -1,
 61, 51, 64, -1, 64, 51, 55, -1, 64, 55, 69, -1,
 63, 41, 61, -1, 61, 41, 42, -1, 61, 42, 51, -1,
 31, 39, 29, -1, 29, 39, 34, -1, 19, 20, 37, -1,
 37, 20, 21, -1, 37, 21, 34, -1, 34, 21, 28, -1,
 34, 28, 29, -1, 19, 37, 15, -1, 15, 37, 43, -1,
 15, 43, 14, -1, 32, 30, 49, -1, 49, 30, 27, -1,
 49, 27, 43, -1, 43, 27, 16, -1, 43, 16, 14, -1,
 68, 65, 105, -1, 105, 65, 62, -1, 105, 62, 85, -1,
 122, 92, 105, -1, 105, 92, 91, -1, 105, 91, 68, -1,
 182, 155, 175, -1, 175, 155, 150, -1, 175, 150, 152, -1,
 152, 150, 135, -1, 216, 233, 184, -1, 327, 318, 314, -1,
 314, 318, 300, -1, 314, 300, 291, -1, 233, 216, 234, -1,
 234, 216, 286, -1, 234, 286, 236, -1, 438, 414, 402, -1,
 402, 414, 369, -1, 540, 490, 479, -1, 479, 490, 439, -1,
 677, 679, 678, -1, 924, 876, 873, -1, 873, 876, 875, -1,
 980, 979, 924, -1, 979, 936, 924, -1, 924, 936, 927, -1,
 924, 927, 876, -1, 1063, 1044, 1047, -1, 1047, 1044, 1027, -1,
 1047, 1027, 1024, -1, 1024, 1027, 980, -1, 1024, 980, 977, -1,
 977, 980, 924, -1, 1104, 1102, 1090, -1, 1213, 1210, 1197, -1,
 1316, 1310, 1313, -1, 1313, 1310, 1301, -1, 1555, 1523, 1515, -1,
 1515, 1523, 1513, -1, 1578, 1574, 1531, -1, 1699, 1644, 1660, -1,
 1660, 1644, 1637, -1, 1660, 1637, 1633, -1, 1765, 1748, 1725, -1,
 1725, 1748, 1712, -1, 1725, 1712, 1699, -1, 1892, 1845, 1900, -1,
 1900, 1845, 1902, -1, 1900, 1902, 1909, -1, 1892, 1861, 1845, -1,
 1845, 1861, 1842, -1, 1845, 1842, 1812, -1, 1812, 1842, 1828, -1,
 1812, 1828, 1806, -1, 1974, 1950, 1919, -1, 1919, 1950, 1936, -1,
 1974, 1919, 1992, -1, 1992, 1919, 1928, -1, 1992, 1928, 1993, -1,
 2021, 2003, 2033, -1, 2033, 2003, 2018, -1, 2033, 2018, 2053, -1,
 2083, 2082, 2031, -1, 2031, 2082, 2064, -1, 2031, 2064, 2018, -1,
 2018, 2064, 2061, -1, 2018, 2061, 2053, -1, 2109, 2099, 2043, -1,
 2043, 2099, 2086, -1, 2051, 2111, 2110, -1, 2118, 2119, 2093, -1,
 2102, 2107, 2115, -1, 2107, 2102, 2106, -1, 2106, 2102, 2098, -1,
 2106, 2098, 2101, -1, 2095, 2070, 2094, -1, 2094, 2070, 2068, -1,
 2057, 2062, 2060, -1, 2060, 2062, 2076, -1, 2060, 2076, 2068, -1,
 2068, 2076, 2078, -1, 2068, 2078, 2094, -1, 2047, 2057, 2034, -1,
 2034, 2057, 2042, -1, 2002, 2006, 2001, -1, 2001, 2006, 1996, -1,
 2001, 1996, 1977, -1, 1977, 1996, 1976, -1, 1977, 1976, 1948, -1,
 1787, 1795, 1811, -1, 1811, 1795, 1819, -1, 1811, 1819, 1820, -1,
 1820, 1819, 1860, -1, 642, 595, 570, -1, 570, 595, 553, -1,
 570, 553, 532, -1, 532, 553, 518, -1, 532, 518, 505, -1,
 505, 518, 488, -1, 505, 488, 476, -1, 476, 488, 452, -1,
 476, 452, 446, -1, 446, 452, 425, -1, 446, 425, 421, -1,
 421, 425, 395, -1, 421, 395, 398, -1, 398, 395, 367, -1,
 398, 367, 348, -1, 640, 636, 711, -1, 711, 636, 705, -1,
 711, 705, 769, -1, 550, 549, 599, -1, 643, 714, 718, -1,
 718, 714, 777, -1, 549, 543, 599, -1, 599, 543, 592, -1,
 599, 592, 633, -1, 633, 592, 628, -1, 633, 628, 702, -1,
 239, 278, 282, -1, 282, 278, 332, -1, 282, 332, 337, -1,
 463, 465, 426, -1, 426, 465, 423, -1, 426, 423, 384, -1,
 429, 423, 469, -1, 469, 423, 465, -1, 469, 465, 510, -1,
 510, 465, 463, -1, 510, 463, 506, -1, 378, 379, 333, -1,
 333, 379, 331, -1, 333, 331, 289, -1, 289, 331, 283, -1,
 289, 283, 259, -1, 384, 378, 343, -1, 343, 378, 333, -1,
 343, 333, 304, -1, 304, 333, 289, -1, 304, 289, 270, -1,
 270, 289, 259, -1, 270, 259, 252, -1, 478, 471, 557, -1,
 557, 471, 550, -1, 557, 550, 640, -1, 640, 550, 599, -1,
 640, 599, 636, -1, 636, 599, 633, -1, 636, 633, 705, -1,
 705, 633, 702, -1, 705, 702, 769, -1, 1072, 1023, 1033, -1,
 960, 1023, 1018, -1, 1018, 1023, 1072, -1, 1018, 1072, 1070, -1,
 903, 960, 955, -1, 955, 960, 1018, -1, 955, 1018, 1014, -1,
 1014, 1018, 1070, -1, 1014, 1070, 1068, -1, 972, 964, 911, -1,
 911, 964, 907, -1, 911, 907, 852, -1, 852, 907, 849, -1,
 852, 849, 788, -1, 788, 849, 791, -1, 658, 653, 723, -1,
 723, 653, 649, -1, 723, 649, 718, -1, 718, 649, 646, -1,
 718, 646, 643, -1, 795, 791, 850, -1, 850, 791, 849, -1,
 850, 849, 903, -1, 903, 849, 907, -1, 903, 907, 960, -1,
 960, 907, 964, -1, 960, 964, 1023, -1, 1023, 964, 972, -1,
 1023, 972, 1033, -1, 723, 731, 658, -1, 658, 731, 736, -1,
 658, 736, 667, -1, 658, 578, 653, -1, 653, 578, 571, -1,
 653, 571, 649, -1, 649, 571, 566, -1, 649, 566, 646, -1,
 646, 566, 563, -1, 646, 563, 643, -1, 1090, 1063, 1104, -1,
 1104, 1063, 1047, -1, 1104, 1047, 1049, -1, 1049, 1047, 1024, -1,
 1049, 1024, 1019, -1, 1019, 1024, 977, -1, 1019, 977, 974, -1,
 974, 977, 924, -1, 974, 924, 922, -1, 922, 924, 873, -1,
 922, 873, 869, -1, 869, 873, 815, -1, 753, 701, 750, -1,
 750, 701, 695, -1, 750, 695, 747, -1, 747, 695, 690, -1,
 747, 690, 745, -1, 745, 690, 684, -1, 745, 684, 741, -1,
 741, 684, 682, -1, 741, 682, 736, -1, 736, 682, 676, -1,
 736, 676, 667, -1, 758, 709, 701, -1, 701, 709, 645, -1,
 701, 645, 695, -1, 695, 645, 637, -1, 695, 637, 690, -1,
 690, 637, 625, -1, 690, 625, 684, -1, 684, 625, 615, -1,
 684, 615, 682, -1, 682, 615, 607, -1, 682, 607, 676, -1,
 676, 607, 604, -1, 676, 604, 667, -1, 667, 604, 594, -1,
 667, 594, 658, -1, 658, 594, 587, -1, 658, 587, 578, -1,
 506, 549, 510, -1, 510, 549, 550, -1, 510, 550, 469, -1,
 469, 550, 471, -1, 469, 471, 429, -1, 429, 471, 478, -1,
 429, 478, 383, -1, 383, 478, 388, -1, 383, 388, 340, -1,
 384, 423, 378, -1, 378, 423, 429, -1, 378, 429, 379, -1,
 379, 429, 383, -1, 379, 383, 331, -1, 331, 383, 340, -1,
 331, 340, 283, -1, 288, 254, 253, -1, 253, 254, 229, -1,
 253, 229, 238, -1, 238, 229, 219, -1, 238, 219, 239, -1,
 239, 219, 230, -1, 239, 230, 278, -1, 203, 201, 183, -1,
 183, 201, 197, -1, 183, 197, 170, -1, 201, 228, 197, -1,
 197, 228, 232, -1, 197, 232, 202, -1, 202, 232, 235, -1,
 202, 235, 245, -1, 83, 101, 95, -1, 95, 101, 106, -1,
 95, 106, 120, -1, 120, 106, 130, -1, 120, 130, 147, -1,
 147, 130, 157, -1, 147, 157, 165, -1, 165, 157, 190, -1,
 165, 190, 194, -1, 194, 190, 199, -1, 194, 199, 223, -1,
 223, 199, 222, -1, 223, 222, 265, -1, 245, 211, 202, -1,
 202, 211, 172, -1, 202, 172, 197, -1, 197, 172, 168, -1,
 197, 168, 170, -1, 221, 171, 209, -1, 209, 171, 160, -1,
 209, 160, 196, -1, 196, 160, 149, -1, 196, 149, 186, -1,
 186, 149, 145, -1, 186, 145, 178, -1, 178, 145, 142, -1,
 143, 142, 116, -1, 116, 142, 145, -1, 116, 145, 113, -1,
 113, 145, 149, -1, 113, 149, 117, -1, 117, 149, 160, -1,
 117, 160, 121, -1, 121, 160, 171, -1, 823, 775, 819, -1,
 819, 775, 771, -1, 819, 771, 764, -1, 764, 771, 716, -1,
 764, 716, 709, -1, 709, 716, 655, -1, 709, 655, 645, -1,
 645, 655, 582, -1, 645, 582, 637, -1, 637, 582, 569, -1,
 637, 569, 625, -1, 625, 569, 555, -1, 625, 555, 615, -1,
 615, 555, 541, -1, 615, 541, 607, -1, 607, 541, 528, -1,
 607, 528, 604, -1, 604, 528, 519, -1, 604, 519, 594, -1,
 594, 519, 514, -1, 594, 514, 587, -1, 587, 514, 501, -1,
 587, 501, 578, -1, 578, 501, 495, -1, 578, 495, 571, -1,
 571, 495, 486, -1, 571, 486, 566, -1, 566, 486, 481, -1,
 566, 481, 563, -1, 775, 773, 771, -1, 771, 773, 726, -1,
 771, 726, 716, -1, 716, 726, 665, -1, 716, 665, 655, -1,
 655, 665, 597, -1, 655, 597, 582, -1, 582, 597, 515, -1,
 582, 515, 569, -1, 569, 515, 498, -1, 569, 498, 555, -1,
 555, 498, 485, -1, 555, 485, 541, -1, 541, 485, 470, -1,
 541, 470, 528, -1, 528, 470, 454, -1, 528, 454, 519, -1,
 519, 454, 443, -1, 519, 443, 514, -1, 514, 443, 430, -1,
 514, 430, 501, -1, 501, 430, 419, -1, 501, 419, 495, -1,
 495, 419, 404, -1, 495, 404, 486, -1, 486, 404, 397, -1,
 486, 397, 481, -1, 568, 605, 614, -1, 614, 605, 677, -1,
 614, 677, 657, -1, 657, 677, 678, -1, 568, 564, 605, -1,
 605, 564, 534, -1, 605, 534, 524, -1, 524, 534, 458, -1,
 524, 458, 442, -1, 442, 458, 356, -1, 442, 356, 424, -1,
 424, 356, 335, -1, 424, 335, 405, -1, 405, 335, 312, -1,
 405, 312, 386, -1, 386, 312, 292, -1, 386, 292, 370, -1,
 370, 292, 275, -1, 370, 275, 350, -1, 350, 275, 262, -1,
 350, 262, 336, -1, 336, 262, 249, -1, 336, 249, 320, -1,
 320, 249, 245, -1, 320, 245, 306, -1, 306, 245, 235, -1,
 306, 235, 296, -1, 296, 235, 232, -1, 296, 232, 254, -1,
 254, 232, 228, -1, 254, 228, 229, -1, 229, 228, 201, -1,
 229, 201, 219, -1, 219, 201, 203, -1, 219, 203, 230, -1,
 554, 540, 534, -1, 534, 540, 479, -1, 534, 479, 458, -1,
 458, 479, 382, -1, 458, 382, 356, -1, 356, 382, 266, -1,
 356, 266, 335, -1, 335, 266, 248, -1, 335, 248, 312, -1,
 312, 248, 237, -1, 312, 237, 292, -1, 292, 237, 221, -1,
 292, 221, 275, -1, 275, 221, 209, -1, 275, 209, 262, -1,
 262, 209, 196, -1, 262, 196, 249, -1, 249, 196, 186, -1,
 249, 186, 211, -1, 211, 186, 178, -1, 211, 178, 172, -1,
 172, 178, 142, -1, 172, 142, 168, -1, 168, 142, 143, -1,
 168, 143, 170, -1, 56, 46, 62, -1, 62, 46, 49, -1,
 62, 49, 85, -1, 85, 49, 43, -1, 85, 43, 75, -1,
 75, 43, 37, -1, 75, 37, 66, -1, 66, 37, 34, -1,
 66, 34, 63, -1, 63, 34, 39, -1, 63, 39, 41, -1,
 83, 95, 79, -1, 79, 95, 90, -1, 79, 90, 71, -1,
 71, 90, 86, -1, 71, 86, 64, -1, 64, 86, 88, -1,
 64, 88, 61, -1, 61, 88, 93, -1, 61, 93, 63, -1,
 63, 93, 103, -1, 63, 103, 66, -1, 66, 103, 114, -1,
 66, 114, 75, -1, 75, 114, 132, -1, 75, 132, 85, -1,
 85, 132, 152, -1, 85, 152, 105, -1, 105, 152, 135, -1,
 105, 135, 122, -1, 369, 327, 402, -1, 402, 327, 314, -1,
 402, 314, 286, -1, 286, 314, 291, -1, 286, 291, 236, -1,
 439, 438, 479, -1, 479, 438, 402, -1, 479, 402, 382, -1,
 382, 402, 286, -1, 382, 286, 266, -1, 266, 286, 195, -1,
 266, 195, 248, -1, 248, 195, 176, -1, 248, 176, 237, -1,
 237, 176, 158, -1, 237, 158, 221, -1, 221, 158, 144, -1,
 221, 144, 171, -1, 171, 144, 133, -1, 171, 133, 121, -1,
 329, 332, 276, -1, 276, 332, 278, -1, 276, 278, 265, -1,
 265, 278, 230, -1, 265, 230, 223, -1, 223, 230, 203, -1,
 223, 203, 194, -1, 194, 203, 183, -1, 194, 183, 165, -1,
 165, 183, 170, -1, 165, 170, 147, -1, 147, 170, 143, -1,
 147, 143, 120, -1, 120, 143, 116, -1, 120, 116, 95, -1,
 95, 116, 113, -1, 95, 113, 90, -1, 90, 113, 117, -1,
 90, 117, 86, -1, 86, 117, 121, -1, 86, 121, 88, -1,
 88, 121, 133, -1, 88, 133, 93, -1, 93, 133, 144, -1,
 93, 144, 103, -1, 103, 144, 158, -1, 103, 158, 114, -1,
 114, 158, 176, -1, 114, 176, 132, -1, 132, 176, 195, -1,
 132, 195, 152, -1, 152, 195, 216, -1, 152, 216, 175, -1,
 175, 216, 184, -1, 175, 184, 182, -1, 1957, 1970, 1984, -1,
 1948, 1976, 1970, -1, 1970, 1976, 1996, -1, 1970, 1996, 1984, -1,
 1984, 1996, 2008, -1, 1984, 2008, 1989, -1, 1912, 1937, 1945, -1,
 1856, 1885, 1884, -1, 1884, 1885, 1918, -1, 1884, 1918, 1911, -1,
 1627, 1671, 1591, -1, 1674, 1716, 1671, -1, 1671, 1716, 1761, -1,
 1671, 1761, 1668, -1, 1716, 1763, 1761, -1, 1761, 1763, 1813, -1,
 1761, 1813, 1803, -1, 1803, 1813, 1852, -1, 1803, 1852, 1848, -1,
 1813, 1856, 1852, -1, 1852, 1856, 1884, -1, 1852, 1884, 1848, -1,
 1848, 1884, 1911, -1, 1848, 1911, 1834, -1, 1834, 1911, 1905, -1,
 1834, 1905, 1824, -1, 2057, 2060, 2042, -1, 2042, 2060, 2068, -1,
 2042, 2068, 2048, -1, 2048, 2068, 2070, -1, 2048, 2070, 2046, -1,
 2025, 2047, 2020, -1, 2020, 2047, 2034, -1, 2020, 2034, 2013, -1,
 2013, 2034, 2042, -1, 2013, 2042, 2016, -1, 2016, 2042, 2048, -1,
 2016, 2048, 2015, -1, 2015, 2048, 2046, -1, 2015, 2046, 2011, -1,
 1668, 1756, 1662, -1, 1662, 1756, 1749, -1, 1662, 1749, 1653, -1,
 1653, 1749, 1739, -1, 1653, 1739, 1642, -1, 1642, 1739, 1726, -1,
 1642, 1726, 1630, -1, 1630, 1726, 1711, -1, 1630, 1711, 1624, -1,
 1668, 1761, 1756, -1, 1756, 1761, 1803, -1, 1756, 1803, 1749, -1,
 1749, 1803, 1848, -1, 1749, 1848, 1739, -1, 1739, 1848, 1834, -1,
 1739, 1834, 1726, -1, 1726, 1834, 1824, -1, 1726, 1824, 1711, -1,
 1419, 1496, 1492, -1, 1492, 1496, 1588, -1, 1582, 1573, 1488, -1,
 1488, 1573, 1481, -1, 1488, 1481, 1413, -1, 1588, 1582, 1492, -1,
 1492, 1582, 1488, -1, 1492, 1488, 1419, -1, 1419, 1488, 1413, -1,
 1419, 1413, 1352, -1, 1352, 1413, 1349, -1, 1352, 1349, 1294, -1,
 1294, 1349, 1293, -1, 1294, 1293, 1230, -1, 1230, 1293, 1234, -1,
 1230, 1234, 1173, -1, 1173, 1234, 1178, -1, 1173, 1178, 1118, -1,
 1545, 1474, 1552, -1, 1552, 1474, 1478, -1, 1552, 1478, 1565, -1,
 1233, 1291, 1289, -1, 1289, 1291, 1346, -1, 1289, 1346, 1344, -1,
 1344, 1346, 1408, -1, 1344, 1408, 1404, -1, 1404, 1408, 1474, -1,
 1404, 1474, 1471, -1, 1471, 1474, 1545, -1, 1471, 1545, 1541, -1,
 1181, 1180, 1233, -1, 1233, 1180, 1234, -1, 1233, 1234, 1291, -1,
 1291, 1234, 1293, -1, 1291, 1293, 1346, -1, 1346, 1293, 1349, -1,
 1346, 1349, 1408, -1, 1408, 1349, 1413, -1, 1408, 1413, 1478, -1,
 1478, 1413, 1481, -1, 1478, 1481, 1565, -1, 1565, 1481, 1573, -1,
 1181, 1233, 1231, -1, 1231, 1233, 1289, -1, 1231, 1289, 1286, -1,
 1286, 1289, 1344, -1, 1286, 1344, 1342, -1, 1342, 1344, 1404, -1,
 1342, 1404, 1400, -1, 1400, 1404, 1471, -1, 1400, 1471, 1466, -1,
 1466, 1471, 1541, -1, 1466, 1541, 1534, -1, 1496, 1591, 1588, -1,
 1588, 1591, 1671, -1, 1588, 1671, 1582, -1, 1582, 1671, 1668, -1,
 1582, 1668, 1573, -1, 1573, 1668, 1662, -1, 1573, 1662, 1565, -1,
 1565, 1662, 1653, -1, 1565, 1653, 1552, -1, 1552, 1653, 1642, -1,
 1552, 1642, 1545, -1, 1545, 1642, 1630, -1, 1545, 1630, 1541, -1,
 1541, 1630, 1624, -1, 1541, 1624, 1534, -1, 2056, 2065, 2093, -1,
 2093, 2065, 2100, -1, 2093, 2100, 2118, -1, 2118, 2100, 2116, -1,
 1904, 1987, 1978, -1, 1978, 1987, 2029, -1, 2119, 2117, 2093, -1,
 2093, 2117, 2111, -1, 2093, 2111, 2056, -1, 2056, 2111, 2051, -1,
 2056, 2051, 1971, -1, 1971, 2051, 1961, -1, 1971, 1961, 1886, -1,
 1964, 1956, 1889, -1, 1889, 1956, 1876, -1, 1889, 1876, 1791, -1,
 1791, 1876, 1775, -1, 1791, 1775, 1689, -1, 1689, 1775, 1673, -1,
 1689, 1673, 1602, -1, 1602, 1673, 1590, -1, 1602, 1590, 1512, -1,
 1957, 1984, 1969, -1, 1969, 1984, 1989, -1, 1969, 1989, 1968, -1,
 1968, 1989, 1986, -1, 1968, 1986, 1964, -1, 1964, 1986, 1983, -1,
 1964, 1983, 1956, -1, 1956, 1983, 1947, -1, 1956, 1947, 1876, -1,
 1876, 1947, 1866, -1, 1876, 1866, 1775, -1, 1775, 1866, 1755, -1,
 1775, 1755, 1673, -1, 1673, 1755, 1661, -1, 1673, 1661, 1590, -1,
 1997, 1993, 2003, -1, 2003, 1993, 1928, -1, 2003, 1928, 2018, -1,
 2018, 1928, 1942, -1, 2018, 1942, 2031, -1, 2086, 2083, 2043, -1,
 2043, 2083, 2031, -1, 2043, 2031, 1951, -1, 1951, 2031, 1942, -1,
 1951, 1942, 1871, -1, 1871, 1942, 1928, -1, 1871, 1928, 1845, -1,
 1845, 1928, 1919, -1, 1845, 1919, 1902, -1, 1902, 1919, 1936, -1,
 1902, 1936, 1909, -1, 2110, 2109, 2051, -1, 2051, 2109, 2043, -1,
 2051, 2043, 1961, -1, 1961, 2043, 1951, -1, 1961, 1951, 1886, -1,
 1886, 1951, 1871, -1, 1886, 1871, 1779, -1, 1779, 1871, 1845, -1,
 1779, 1845, 1752, -1, 1752, 1845, 1812, -1, 1752, 1812, 1725, -1,
 1725, 1812, 1806, -1, 1725, 1806, 1765, -1, 1699, 1660, 1725, -1,
 1725, 1660, 1678, -1, 1725, 1678, 1752, -1, 1752, 1678, 1700, -1,
 1752, 1700, 1779, -1, 1779, 1700, 1800, -1, 1779, 1800, 1886, -1,
 1886, 1800, 1904, -1, 1886, 1904, 1971, -1, 1971, 1904, 1978, -1,
 1971, 1978, 2056, -1, 2056, 1978, 2029, -1, 2056, 2029, 2065, -1,
 1625, 1613, 1549, -1, 1549, 1613, 1543, -1, 1549, 1543, 1490, -1,
 2115, 2116, 2102, -1, 2102, 2116, 2100, -1, 2102, 2100, 2069, -1,
 2069, 2100, 2065, -1, 2069, 2065, 2041, -1, 2041, 2065, 2029, -1,
 2041, 2029, 1998, -1, 1998, 2029, 1987, -1, 1998, 1987, 1922, -1,
 1922, 1987, 1904, -1, 1922, 1904, 1830, -1, 1830, 1904, 1800, -1,
 1830, 1800, 1713, -1, 1713, 1800, 1700, -1, 1713, 1700, 1625, -1,
 1625, 1700, 1678, -1, 1625, 1678, 1613, -1, 1613, 1678, 1660, -1,
 1613, 1660, 1595, -1, 1595, 1660, 1633, -1, 2095, 2098, 2070, -1,
 2070, 2098, 2069, -1, 2070, 2069, 2046, -1, 2046, 2069, 2041, -1,
 2046, 2041, 2011, -1, 2011, 2041, 1998, -1, 2011, 1998, 1933, -1,
 1933, 1998, 1922, -1, 1933, 1922, 1850, -1, 1850, 1922, 1830, -1,
 1850, 1830, 1735, -1, 1735, 1830, 1713, -1, 1735, 1713, 1641, -1,
 1641, 1713, 1625, -1, 1641, 1625, 1570, -1, 1570, 1625, 1549, -1,
 1570, 1549, 1502, -1, 1502, 1549, 1490, -1, 1502, 1490, 1442, -1,
 1885, 1912, 1918, -1, 1918, 1912, 1945, -1, 1918, 1945, 1911, -1,
 1911, 1945, 1941, -1, 1911, 1941, 1905, -1, 1905, 1941, 1894, -1,
 1905, 1894, 1824, -1, 1824, 1894, 1807, -1, 1824, 1807, 1711, -1,
 1711, 1807, 1703, -1, 1711, 1703, 1624, -1, 1624, 1703, 1614, -1,
 1624, 1614, 1534, -1, 1534, 1614, 1525, -1, 1534, 1525, 1466, -1,
 1466, 1525, 1456, -1, 1466, 1456, 1400, -1, 1400, 1456, 1398, -1,
 1400, 1398, 1342, -1, 1342, 1398, 1339, -1, 1342, 1339, 1286, -1,
 1393, 1398, 1447, -1, 1447, 1398, 1456, -1, 1447, 1456, 1512, -1,
 1512, 1456, 1525, -1, 1512, 1525, 1602, -1, 1602, 1525, 1614, -1,
 1602, 1614, 1689, -1, 1689, 1614, 1703, -1, 1689, 1703, 1791, -1,
 1791, 1703, 1807, -1, 1791, 1807, 1889, -1, 1889, 1807, 1894, -1,
 1889, 1894, 1964, -1, 1964, 1894, 1941, -1, 1964, 1941, 1968, -1,
 1968, 1941, 1945, -1, 1968, 1945, 1969, -1, 1969, 1945, 1937, -1,
 1969, 1937, 1957, -1, 2007, 2025, 2006, -1, 2006, 2025, 2020, -1,
 2006, 2020, 2008, -1, 2008, 2020, 2013, -1, 2008, 2013, 1989, -1,
 1989, 2013, 2016, -1, 1989, 2016, 1986, -1, 1986, 2016, 2015, -1,
 1986, 2015, 1983, -1, 1983, 2015, 2011, -1, 1983, 2011, 1947, -1,
 1947, 2011, 1933, -1, 1947, 1933, 1866, -1, 1866, 1933, 1850, -1,
 1866, 1850, 1755, -1, 1755, 1850, 1735, -1, 1755, 1735, 1661, -1,
 1661, 1735, 1641, -1, 1661, 1641, 1590, -1, 1590, 1641, 1570, -1,
 1590, 1570, 1512, -1, 1512, 1570, 1502, -1, 1512, 1502, 1447, -1,
 1447, 1502, 1442, -1, 1447, 1442, 1393, -1, 1633, 1578, 1595, -1,
 1595, 1578, 1531, -1, 1595, 1531, 1543, -1, 1543, 1531, 1479, -1,
 1543, 1479, 1490, -1, 1490, 1479, 1437, -1, 1490, 1437, 1442, -1,
 1442, 1437, 1388, -1, 1442, 1388, 1393, -1, 1393, 1388, 1335, -1,
 1393, 1335, 1339, -1, 1339, 1335, 1284, -1, 1339, 1284, 1286, -1,
 1286, 1284, 1228, -1, 1286, 1228, 1231, -1, 1231, 1228, 1179, -1,
 1231, 1179, 1181, -1, 1181, 1179, 1124, -1, 1181, 1124, 1180, -1,
 1180, 1124, 1125, -1, 1180, 1125, 1178, -1, 1178, 1125, 1123, -1,
 1178, 1123, 1118, -1, 1118, 1123, 1075, -1, 1033, 1075, 1072, -1,
 1072, 1075, 1123, -1, 1072, 1123, 1070, -1, 1070, 1123, 1125, -1,
 1070, 1125, 1068, -1, 1068, 1125, 1124, -1, 1068, 1124, 1122, -1,
 1122, 1124, 1179, -1, 1122, 1179, 1176, -1, 1176, 1179, 1228, -1,
 1176, 1228, 1227, -1, 1227, 1228, 1284, -1, 1227, 1284, 1281, -1,
 1281, 1284, 1335, -1, 1281, 1335, 1333, -1, 1333, 1335, 1388, -1,
 1333, 1388, 1382, -1, 1382, 1388, 1437, -1, 1382, 1437, 1427, -1,
 1427, 1437, 1479, -1, 1427, 1479, 1473, -1, 1473, 1479, 1531, -1,
 1473, 1531, 1515, -1, 1515, 1531, 1574, -1, 1515, 1574, 1555, -1,
 1457, 1405, 1460, -1, 1460, 1405, 1410, -1, 1460, 1410, 1417, -1,
 1417, 1410, 1374, -1, 1417, 1374, 1378, -1, 1378, 1374, 1326, -1,
 1378, 1326, 1330, -1, 1330, 1326, 1275, -1, 1330, 1275, 1277, -1,
 1277, 1275, 1223, -1, 1277, 1223, 1225, -1, 1225, 1223, 1170, -1,
 1225, 1170, 1172, -1, 1172, 1170, 1117, -1, 1172, 1117, 1121, -1,
 1121, 1117, 1065, -1, 1121, 1065, 1067, -1, 1067, 1065, 1007, -1,
 1067, 1007, 1010, -1, 1010, 1007, 954, -1, 1010, 954, 953, -1,
 953, 954, 905, -1, 953, 905, 904, -1, 904, 905, 855, -1,
 904, 855, 853, -1, 853, 855, 800, -1, 853, 800, 797, -1,
 1405, 1367, 1410, -1, 1410, 1367, 1364, -1, 1410, 1364, 1374, -1,
 1374, 1364, 1319, -1, 1374, 1319, 1326, -1, 1326, 1319, 1272, -1,
 1326, 1272, 1275, -1, 1275, 1272, 1220, -1, 1275, 1220, 1223, -1,
 1223, 1220, 1168, -1, 1223, 1168, 1170, -1, 1170, 1168, 1115, -1,
 1170, 1115, 1117, -1, 1117, 1115, 1061, -1, 1117, 1061, 1065, -1,
 1065, 1061, 1006, -1, 1065, 1006, 1007, -1, 1007, 1006, 957, -1,
 1007, 957, 954, -1, 954, 957, 908, -1, 954, 908, 905, -1,
 905, 908, 856, -1, 905, 856, 855, -1, 855, 856, 802, -1,
 855, 802, 800, -1, 1355, 1316, 1364, -1, 1364, 1316, 1313, -1,
 1364, 1313, 1319, -1, 1319, 1313, 1269, -1, 1319, 1269, 1272, -1,
 1272, 1269, 1219, -1, 1272, 1219, 1220, -1, 1220, 1219, 1166, -1,
 1220, 1166, 1168, -1, 1168, 1166, 1113, -1, 1168, 1113, 1115, -1,
 1115, 1113, 1059, -1, 1115, 1059, 1061, -1, 1061, 1059, 1008, -1,
 1061, 1008, 1006, -1, 1006, 1008, 959, -1, 1006, 959, 957, -1,
 957, 959, 909, -1, 957, 909, 908, -1, 908, 909, 859, -1,
 908, 859, 856, -1, 856, 859, 807, -1, 856, 807, 802, -1,
 1262, 1210, 1266, -1, 1266, 1210, 1213, -1, 1266, 1213, 1215, -1,
 1215, 1213, 1161, -1, 1215, 1161, 1165, -1, 1165, 1161, 1109, -1,
 1165, 1109, 1111, -1, 1111, 1109, 1053, -1, 1111, 1053, 1055, -1,
 1055, 1053, 1012, -1, 1055, 1012, 1009, -1, 1009, 1012, 968, -1,
 1009, 968, 962, -1, 962, 968, 917, -1, 962, 917, 914, -1,
 914, 917, 864, -1, 914, 864, 862, -1, 862, 864, 812, -1,
 862, 812, 809, -1, 1156, 1102, 1159, -1, 1159, 1102, 1104, -1,
 1159, 1104, 1107, -1, 1107, 1104, 1049, -1, 1107, 1049, 1051, -1,
 1051, 1049, 1019, -1, 1051, 1019, 1016, -1, 1016, 1019, 974, -1,
 1016, 974, 971, -1, 971, 974, 922, -1, 971, 922, 920, -1,
 920, 922, 869, -1, 920, 869, 868, -1, 868, 869, 815, -1,
 868, 815, 813, -1, 1197, 1162, 1213, -1, 1213, 1162, 1159, -1,
 1213, 1159, 1161, -1, 1161, 1159, 1107, -1, 1161, 1107, 1109, -1,
 1109, 1107, 1051, -1, 1109, 1051, 1053, -1, 1053, 1051, 1016, -1,
 1053, 1016, 1012, -1, 1012, 1016, 971, -1, 1012, 971, 968, -1,
 968, 971, 920, -1, 968, 920, 917, -1, 917, 920, 868, -1,
 917, 868, 864, -1, 864, 868, 813, -1, 864, 813, 812, -1,
 1301, 1267, 1313, -1, 1313, 1267, 1266, -1, 1313, 1266, 1269, -1,
 1269, 1266, 1215, -1, 1269, 1215, 1219, -1, 1219, 1215, 1165, -1,
 1219, 1165, 1166, -1, 1166, 1165, 1111, -1, 1166, 1111, 1113, -1,
 1113, 1111, 1055, -1, 1113, 1055, 1059, -1, 1059, 1055, 1009, -1,
 1059, 1009, 1008, -1, 1008, 1009, 962, -1, 1008, 962, 959, -1,
 959, 962, 914, -1, 959, 914, 909, -1, 909, 914, 862, -1,
 909, 862, 859, -1, 859, 862, 809, -1, 859, 809, 807, -1,
 1513, 1461, 1515, -1, 1515, 1461, 1460, -1, 1515, 1460, 1473, -1,
 1473, 1460, 1417, -1, 1473, 1417, 1427, -1, 1427, 1417, 1378, -1,
 1427, 1378, 1382, -1, 1382, 1378, 1330, -1, 1382, 1330, 1333, -1,
 1333, 1330, 1277, -1, 1333, 1277, 1281, -1, 1281, 1277, 1225, -1,
 1281, 1225, 1227, -1, 1227, 1225, 1172, -1, 1227, 1172, 1176, -1,
 1176, 1172, 1121, -1, 1176, 1121, 1122, -1, 1122, 1121, 1067, -1,
 1122, 1067, 1068, -1, 1068, 1067, 1010, -1, 1068, 1010, 1014, -1,
 1014, 1010, 953, -1, 1014, 953, 955, -1, 955, 953, 904, -1,
 955, 904, 903, -1, 903, 904, 853, -1, 903, 853, 850, -1,
 850, 853, 797, -1, 850, 797, 795, -1, 1601, 1587, 1629, -1,
 1629, 1587, 1619, -1, 1629, 1619, 1666, -1, 1666, 1619, 1649, -1,
 1666, 1649, 1697, -1, 1697, 1649, 1677, -1, 1697, 1677, 1722, -1,
 1722, 1677, 1704, -1, 1722, 1704, 1751, -1, 1751, 1704, 1747, -1,
 1751, 1747, 1776, -1, 1776, 1747, 1794, -1, 1608, 1607, 1645, -1,
 1645, 1607, 1638, -1, 1645, 1638, 1682, -1, 1682, 1638, 1675, -1,
 1682, 1675, 1714, -1, 1714, 1675, 1707, -1, 1714, 1707, 1753, -1,
 1753, 1707, 1741, -1, 1753, 1741, 1788, -1, 1788, 1741, 1774, -1,
 1788, 1774, 1821, -1, 1821, 1774, 1797, -1, 1821, 1797, 1849, -1,
 1849, 1797, 1825, -1, 1849, 1825, 1867, -1, 1867, 1825, 1843, -1,
 1867, 1843, 1853, -1, 1598, 1605, 1635, -1, 1635, 1605, 1639, -1,
 1635, 1639, 1681, -1, 1681, 1639, 1683, -1, 1681, 1683, 1719, -1,
 1719, 1683, 1718, -1, 1719, 1718, 1768, -1, 1768, 1718, 1762, -1,
 1768, 1762, 1810, -1, 1810, 1762, 1799, -1, 1810, 1799, 1851, -1,
 1851, 1799, 1836, -1, 1851, 1836, 1879, -1, 1879, 1836, 1869, -1,
 1879, 1869, 1901, -1, 1901, 1869, 1883, -1, 1901, 1883, 1923, -1,
 1923, 1883, 1895, -1, 1923, 1895, 1935, -1, 1935, 1895, 1906, -1,
 1935, 1906, 1944, -1, 1944, 1906, 1913, -1, 1944, 1913, 1939, -1,
 1939, 1913, 1914, -1, 1605, 1608, 1639, -1, 1639, 1608, 1645, -1,
 1639, 1645, 1683, -1, 1683, 1645, 1682, -1, 1683, 1682, 1718, -1,
 1718, 1682, 1714, -1, 1718, 1714, 1762, -1, 1762, 1714, 1753, -1,
 1762, 1753, 1799, -1, 1799, 1753, 1788, -1, 1799, 1788, 1836, -1,
 1836, 1788, 1821, -1, 1836, 1821, 1869, -1, 1869, 1821, 1849, -1,
 1869, 1849, 1883, -1, 1883, 1849, 1867, -1, 1883, 1867, 1895, -1,
 1895, 1867, 1853, -1, 1895, 1853, 1906, -1, 1906, 1853, 1859, -1,
 1607, 1601, 1638, -1, 1638, 1601, 1629, -1, 1638, 1629, 1675, -1,
 1675, 1629, 1666, -1, 1675, 1666, 1707, -1, 1707, 1666, 1697, -1,
 1707, 1697, 1741, -1, 1741, 1697, 1722, -1, 1741, 1722, 1774, -1,
 1774, 1722, 1751, -1, 1774, 1751, 1797, -1, 1797, 1751, 1776, -1,
 1797, 1776, 1825, -1, 1825, 1776, 1794, -1, 1825, 1794, 1843, -1,
 1843, 1794, 1811, -1, 1843, 1811, 1853, -1, 1853, 1811, 1820, -1,
 1853, 1820, 1859, -1, 1859, 1820, 1860, -1, 1859, 1860, 1906, -1,
 1906, 1860, 1878, -1, 1906, 1878, 1913, -1, 1913, 1878, 1887, -1,
 1913, 1887, 1914, -1, 1444, 1453, 1380, -1, 1380, 1453, 1389, -1,
 1380, 1389, 1314, -1, 1314, 1389, 1324, -1, 1314, 1324, 1254, -1,
 1254, 1324, 1259, -1, 1254, 1259, 1201, -1, 1201, 1259, 1205, -1,
 1201, 1205, 1144, -1, 1144, 1205, 1148, -1, 1144, 1148, 1096, -1,
 1096, 1148, 1094, -1, 1096, 1094, 1028, -1, 1028, 1094, 999, -1,
 1028, 999, 948, -1, 948, 999, 937, -1, 948, 937, 888, -1,
 888, 937, 883, -1, 888, 883, 832, -1, 832, 883, 825, -1,
 832, 825, 774, -1, 774, 825, 760, -1, 774, 760, 708, -1,
 708, 760, 698, -1, 708, 698, 642, -1, 642, 698, 629, -1,
 642, 629, 595, -1, 538, 560, 532, -1, 532, 560, 572, -1,
 532, 572, 570, -1, 570, 572, 596, -1, 570, 596, 642, -1,
 642, 596, 663, -1, 642, 663, 708, -1, 708, 663, 732, -1,
 708, 732, 774, -1, 774, 732, 794, -1, 774, 794, 832, -1,
 832, 794, 858, -1, 832, 858, 888, -1, 888, 858, 921, -1,
 888, 921, 948, -1, 948, 921, 982, -1, 948, 982, 1028, -1,
 1028, 982, 1037, -1, 1028, 1037, 1096, -1, 1096, 1037, 1092, -1,
 1096, 1092, 1144, -1, 1144, 1092, 1139, -1, 1144, 1139, 1201, -1,
 1201, 1139, 1188, -1, 1201, 1188, 1254, -1, 1254, 1188, 1245, -1,
 1254, 1245, 1314, -1, 1314, 1245, 1305, -1, 1314, 1305, 1380, -1,
 1380, 1305, 1366, -1, 1380, 1366, 1444, -1, 1444, 1366, 1429, -1,
 1506, 1530, 1491, -1, 1491, 1530, 1544, -1, 1491, 1544, 1511, -1,
 1511, 1544, 1556, -1, 1511, 1556, 1526, -1, 1526, 1556, 1562, -1,
 1526, 1562, 1528, -1, 1528, 1562, 1561, -1, 1528, 1561, 1527, -1,
 1527, 1561, 1551, -1, 1527, 1551, 1517, -1, 1517, 1551, 1546, -1,
 1517, 1546, 1508, -1, 1426, 1505, 1501, -1, 1501, 1505, 1593, -1,
 1554, 1560, 1530, -1, 1530, 1560, 1587, -1, 1530, 1587, 1544, -1,
 1544, 1587, 1601, -1, 1544, 1601, 1556, -1, 1556, 1601, 1607, -1,
 1556, 1607, 1562, -1, 1562, 1607, 1608, -1, 1562, 1608, 1561, -1,
 1561, 1608, 1605, -1, 1561, 1605, 1551, -1, 1551, 1605, 1598, -1,
 1551, 1598, 1546, -1, 1546, 1598, 1593, -1, 1546, 1593, 1508, -1,
 1508, 1593, 1505, -1, 1508, 1505, 1432, -1, 1432, 1505, 1426, -1,
 1432, 1426, 1357, -1, 269, 297, 290, -1, 290, 297, 317, -1,
 290, 317, 322, -1, 322, 317, 346, -1, 322, 346, 353, -1,
 353, 346, 373, -1, 353, 373, 394, -1, 394, 373, 406, -1,
 394, 406, 435, -1, 435, 406, 440, -1, 435, 440, 468, -1,
 468, 440, 477, -1, 468, 477, 507, -1, 507, 477, 511, -1,
 507, 511, 539, -1, 539, 511, 545, -1, 539, 545, 586, -1,
 586, 545, 589, -1, 586, 589, 623, -1, 623, 589, 622, -1,
 623, 622, 696, -1, 696, 622, 692, -1, 696, 692, 761, -1,
 761, 692, 757, -1, 761, 757, 826, -1, 826, 757, 824, -1,
 826, 824, 884, -1, 884, 824, 882, -1, 884, 882, 938, -1,
 938, 882, 935, -1, 938, 935, 994, -1, 994, 935, 992, -1,
 994, 992, 1085, -1, 1085, 992, 1089, -1, 1085, 1089, 1145, -1,
 1145, 1089, 1149, -1, 1145, 1149, 1203, -1, 1203, 1149, 1206, -1,
 1203, 1206, 1257, -1, 1257, 1206, 1261, -1, 1257, 1261, 1321, -1,
 1321, 1261, 1327, -1, 1321, 1327, 1385, -1, 1385, 1327, 1390, -1,
 1385, 1390, 1451, -1, 1451, 1390, 1454, -1, 1443, 1436, 1379, -1,
 1379, 1436, 1370, -1, 1379, 1370, 1311, -1, 1311, 1370, 1306, -1,
 1311, 1306, 1252, -1, 1252, 1306, 1246, -1, 1252, 1246, 1198, -1,
 1198, 1246, 1194, -1, 1198, 1194, 1142, -1, 1142, 1194, 1138, -1,
 1142, 1138, 1083, -1, 1083, 1138, 1081, -1, 1083, 1081, 1015, -1,
 1015, 1081, 1031, -1, 1015, 1031, 942, -1, 942, 1031, 966, -1,
 942, 966, 887, -1, 887, 966, 898, -1, 887, 898, 831, -1,
 831, 898, 837, -1, 831, 837, 769, -1, 769, 837, 777, -1,
 769, 777, 711, -1, 711, 777, 714, -1, 711, 714, 640, -1,
 640, 714, 643, -1, 640, 643, 557, -1, 557, 643, 563, -1,
 557, 563, 478, -1, 478, 563, 481, -1, 478, 481, 388, -1,
 388, 481, 397, -1, 388, 397, 340, -1, 252, 269, 270, -1,
 270, 269, 290, -1, 270, 290, 304, -1, 304, 290, 322, -1,
 304, 322, 343, -1, 343, 322, 353, -1, 343, 353, 384, -1,
 384, 353, 394, -1, 384, 394, 426, -1, 426, 394, 435, -1,
 426, 435, 463, -1, 463, 435, 468, -1, 463, 468, 506, -1,
 506, 468, 507, -1, 506, 507, 543, -1, 543, 507, 539, -1,
 543, 539, 592, -1, 592, 539, 586, -1, 592, 586, 628, -1,
 628, 586, 623, -1, 628, 623, 702, -1, 702, 623, 696, -1,
 702, 696, 769, -1, 769, 696, 761, -1, 769, 761, 831, -1,
 831, 761, 826, -1, 831, 826, 887, -1, 887, 826, 884, -1,
 887, 884, 942, -1, 942, 884, 938, -1, 942, 938, 1015, -1,
 1015, 938, 994, -1, 1015, 994, 1083, -1, 1083, 994, 1085, -1,
 1083, 1085, 1142, -1, 1142, 1085, 1145, -1, 1142, 1145, 1198, -1,
 1198, 1145, 1203, -1, 1198, 1203, 1252, -1, 1252, 1203, 1257, -1,
 1252, 1257, 1311, -1, 1311, 1257, 1321, -1, 1311, 1321, 1379, -1,
 1379, 1321, 1385, -1, 1379, 1385, 1443, -1, 1443, 1385, 1451, -1,
 730, 679, 726, -1, 726, 679, 677, -1, 726, 677, 665, -1,
 665, 677, 605, -1, 665, 605, 597, -1, 597, 605, 524, -1,
 597, 524, 515, -1, 515, 524, 442, -1, 515, 442, 498, -1,
 498, 442, 424, -1, 498, 424, 485, -1, 485, 424, 405, -1,
 485, 405, 470, -1, 470, 405, 386, -1, 470, 386, 454, -1,
 454, 386, 370, -1, 454, 370, 443, -1, 443, 370, 350, -1,
 443, 350, 430, -1, 430, 350, 336, -1, 430, 336, 419, -1,
 419, 336, 320, -1, 419, 320, 404, -1, 404, 320, 306, -1,
 404, 306, 397, -1, 397, 306, 296, -1, 397, 296, 340, -1,
 340, 296, 288, -1, 340, 288, 283, -1, 283, 288, 253, -1,
 283, 253, 259, -1, 259, 253, 238, -1, 259, 238, 252, -1,
 252, 238, 239, -1, 252, 239, 269, -1, 269, 239, 282, -1,
 269, 282, 297, -1, 297, 282, 330, -1, 297, 330, 317, -1,
 317, 330, 348, -1, 317, 348, 346, -1, 346, 348, 367, -1,
 346, 367, 373, -1, 373, 367, 395, -1, 373, 395, 406, -1,
 406, 395, 425, -1, 406, 425, 440, -1, 440, 425, 452, -1,
 440, 452, 477, -1, 477, 452, 488, -1, 477, 488, 511, -1,
 511, 488, 518, -1, 511, 518, 545, -1, 545, 518, 553, -1,
 545, 553, 589, -1, 589, 553, 595, -1, 589, 595, 622, -1,
 622, 595, 629, -1, 622, 629, 692, -1, 692, 629, 698, -1,
 692, 698, 757, -1, 757, 698, 760, -1, 757, 760, 824, -1,
 824, 760, 825, -1, 824, 825, 882, -1, 882, 825, 883, -1,
 882, 883, 935, -1, 935, 883, 937, -1, 935, 937, 992, -1,
 992, 937, 999, -1, 992, 999, 1089, -1, 1089, 999, 1094, -1,
 1089, 1094, 1149, -1, 1149, 1094, 1148, -1, 1149, 1148, 1206, -1,
 1206, 1148, 1205, -1, 1206, 1205, 1261, -1, 1261, 1205, 1259, -1,
 1261, 1259, 1327, -1, 1327, 1259, 1324, -1, 1327, 1324, 1390, -1,
 1390, 1324, 1389, -1, 1390, 1389, 1454, -1, 1454, 1389, 1453, -1,
 788, 784, 852, -1, 852, 784, 847, -1, 852, 847, 911, -1,
 911, 847, 913, -1, 911, 913, 972, -1, 972, 913, 975, -1,
 972, 975, 1033, -1, 1033, 975, 1034, -1, 1033, 1034, 1075, -1,
 1075, 1034, 1078, -1, 1075, 1078, 1118, -1, 1118, 1078, 1119, -1,
 1118, 1119, 1173, -1, 1173, 1119, 1174, -1, 1173, 1174, 1230, -1,
 1230, 1174, 1232, -1, 1230, 1232, 1294, -1, 1294, 1232, 1296, -1,
 1294, 1296, 1352, -1, 1352, 1296, 1357, -1, 1352, 1357, 1419, -1,
 1419, 1357, 1426, -1, 1419, 1426, 1496, -1, 1496, 1426, 1501, -1,
 1496, 1501, 1591, -1, 1591, 1501, 1593, -1, 1591, 1593, 1627, -1,
 1627, 1593, 1635, -1, 1627, 1635, 1674, -1, 1674, 1635, 1681, -1,
 1674, 1681, 1716, -1, 1716, 1681, 1719, -1, 1716, 1719, 1763, -1,
 1763, 1719, 1768, -1, 1763, 1768, 1813, -1, 1813, 1768, 1810, -1,
 1813, 1810, 1856, -1, 1856, 1810, 1851, -1, 1856, 1851, 1885, -1,
 1885, 1851, 1879, -1, 1885, 1879, 1912, -1, 1912, 1879, 1901, -1,
 1912, 1901, 1937, -1, 1937, 1901, 1923, -1, 1937, 1923, 1957, -1,
 1957, 1923, 1935, -1, 1957, 1935, 1970, -1, 1970, 1935, 1944, -1,
 1970, 1944, 1948, -1, 1948, 1944, 1946, -1, 875, 834, 873, -1,
 873, 834, 819, -1, 873, 819, 815, -1, 815, 819, 764, -1,
 815, 764, 813, -1, 813, 764, 758, -1, 813, 758, 812, -1,
 812, 758, 753, -1, 812, 753, 809, -1, 809, 753, 750, -1,
 809, 750, 807, -1, 807, 750, 747, -1, 807, 747, 802, -1,
 802, 747, 745, -1, 802, 745, 800, -1, 800, 745, 741, -1,
 800, 741, 797, -1, 797, 741, 736, -1, 797, 736, 795, -1,
 795, 736, 731, -1, 795, 731, 791, -1, 791, 731, 723, -1,
 791, 723, 788, -1, 788, 723, 718, -1, 788, 718, 784, -1,
 784, 718, 777, -1, 784, 777, 847, -1, 847, 777, 837, -1,
 847, 837, 913, -1, 913, 837, 898, -1, 913, 898, 975, -1,
 975, 898, 966, -1, 975, 966, 1034, -1, 1034, 966, 1031, -1,
 1034, 1031, 1078, -1, 1078, 1031, 1081, -1, 1078, 1081, 1119, -1,
 1119, 1081, 1138, -1, 1119, 1138, 1174, -1, 1174, 1138, 1194, -1,
 1174, 1194, 1232, -1, 1232, 1194, 1246, -1, 1232, 1246, 1296, -1,
 1296, 1246, 1306, -1, 1296, 1306, 1357, -1, 1357, 1306, 1370, -1,
 1357, 1370, 1432, -1, 1432, 1370, 1436, -1, 1432, 1436, 1508, -1,
 1508, 1436, 1443, -1, 1508, 1443, 1517, -1, 1517, 1443, 1451, -1,
 1517, 1451, 1527, -1, 1527, 1451, 1454, -1, 1527, 1454, 1528, -1,
 1528, 1454, 1453, -1, 1528, 1453, 1526, -1, 1526, 1453, 1444, -1,
 1526, 1444, 1511, -1, 1511, 1444, 1429, -1, 1511, 1429, 1491, -1,
 1491, 1429, 1450, -1, 1491, 1450, 1484, -1, 1550, 1514, 1510, -1,
 1569, 1616, 1620, -1, 1581, 1618, 1612, -1, 1553, 1599, 1577, -1,
 1737, 1694, 1686, -1, 1891, 1920, 1897, -1, 2012, 2019, 1949, -1,
 2088, 2085, 2036, -1, 2038, 2035, 2009, -1, 1896, 1932, 1929, -1,
 97, 141, 128, -1, 242, 225, 141, -1, 576, 583, 660, -1,
 226, 214, 188, -1, 257, 280, 267, -1, 280, 257, 298, -1,
 591, 631, 624, -1, 661, 694, 688, -1, 1516, 1497, 1504, -1,
 1403, 1392, 1401, -1, 1369, 1354, 1375, -1, 1341, 1325, 1337, -1,
 8, 12, 36, -1, 1062, 1103, 1106, -1, 2127, 2128, 2066, -1,
 2125, 2123, 2091, -1, 2072, 2075, 2077, -1, 1994, 1991, 1988, -1,
 1988, 1991, 1965, -1, 1899, 1874, 1875, -1, 1837, 1841, 1838, -1,
 1837, 1826, 1815, -1, 2023, 1994, 2017, -1, 2026, 2045, 2027, -1,
 2027, 2045, 2049, -1, 2049, 2045, 2055, -1, 2055, 2045, 2054, -1,
 2055, 2054, 2063, -1, 2063, 2054, 2072, -1, 2072, 2054, 2059, -1,
 2072, 2059, 2075, -1, 2108, 2105, 2088, -1, 2088, 2105, 2097, -1,
 2088, 2097, 2085, -1, 2085, 2097, 2096, -1, 2085, 2096, 2087, -1,
 2122, 2114, 2090, -1, 2090, 2114, 2113, -1, 2126, 2089, 2129, -1,
 2129, 2089, 2084, -1, 2129, 2084, 2130, -1, 2130, 2084, 2132, -1,
 2132, 2084, 2080, -1, 2132, 2080, 2134, -1, 2133, 2136, 2074, -1,
 2134, 2080, 2135, -1, 2135, 2080, 2074, -1, 2135, 2074, 2137, -1,
 2137, 2074, 2136, -1, 2137, 2136, 2138, -1, 2058, 2121, 2124, -1,
 2112, 2121, 2104, -1, 2104, 2121, 2058, -1, 2104, 2058, 2103, -1,
 2073, 2079, 2050, -1, 2050, 2079, 2092, -1, 2044, 2052, 2039, -1,
 2039, 2052, 2067, -1, 2010, 2014, 2022, -1, 2022, 2014, 2040, -1,
 1966, 1985, 1927, -1, 1927, 1985, 1995, -1, 1916, 1925, 1958, -1,
 1840, 1855, 1857, -1, 1857, 1855, 1864, -1, 1864, 1907, 1857, -1,
 1857, 1907, 1908, -1, 1857, 1908, 1916, -1, 1916, 1908, 1910, -1,
 1916, 1910, 1925, -1, 1738, 1724, 1727, -1, 1822, 1827, 1796, -1,
 1796, 1827, 1738, -1, 1796, 1738, 1777, -1, 1777, 1738, 1727, -1,
 1724, 1738, 1705, -1, 1705, 1738, 1669, -1, 1705, 1669, 1663, -1,
 1586, 1594, 1604, -1, 1604, 1594, 1640, -1, 1604, 1640, 1669, -1,
 1669, 1640, 1652, -1, 1669, 1652, 1663, -1, 1586, 1604, 1584, -1,
 1584, 1604, 1538, -1, 1584, 1538, 1567, -1, 1468, 1469, 1521, -1,
 1521, 1469, 1518, -1, 1521, 1518, 1520, -1, 1412, 1445, 1468, -1,
 1468, 1445, 1464, -1, 1468, 1464, 1469, -1, 1362, 1372, 1371, -1,
 1371, 1372, 1384, -1, 1371, 1384, 1412, -1, 1412, 1384, 1409, -1,
 1412, 1409, 1445, -1, 1362, 1371, 1320, -1, 1320, 1371, 1317, -1,
 1320, 1317, 1318, -1, 1268, 1270, 1317, -1, 1317, 1270, 1312, -1,
 1317, 1312, 1318, -1, 1199, 1212, 1214, -1, 1214, 1212, 1255, -1,
 1214, 1255, 1268, -1, 1268, 1255, 1264, -1, 1268, 1264, 1270, -1,
 1129, 1157, 1160, -1, 1160, 1157, 1163, -1, 1045, 1046, 1043, -1,
 1043, 1046, 1017, -1, 1043, 1017, 1022, -1, 1022, 1017, 988, -1,
 988, 1017, 973, -1, 988, 973, 978, -1, 978, 973, 976, -1,
 976, 973, 923, -1, 976, 923, 929, -1, 929, 923, 925, -1,
 925, 923, 870, -1, 925, 870, 874, -1, 874, 870, 871, -1,
 871, 870, 816, -1, 871, 816, 865, -1, 767, 799, 816, -1,
 816, 799, 820, -1, 816, 820, 865, -1, 719, 768, 767, -1,
 767, 768, 770, -1, 767, 770, 799, -1, 673, 675, 669, -1,
 669, 675, 725, -1, 669, 725, 719, -1, 719, 725, 734, -1,
 719, 734, 768, -1, 561, 598, 608, -1, 608, 598, 609, -1,
 608, 609, 664, -1, 551, 602, 547, -1, 547, 602, 527, -1,
 547, 527, 521, -1, 521, 527, 466, -1, 521, 466, 482, -1,
 482, 466, 455, -1, 355, 393, 315, -1, 315, 393, 303, -1,
 315, 303, 305, -1, 305, 303, 284, -1, 355, 387, 393, -1,
 393, 387, 401, -1, 393, 401, 466, -1, 466, 401, 433, -1,
 466, 433, 455, -1, 227, 256, 285, -1, 285, 256, 279, -1,
 166, 169, 204, -1, 227, 285, 218, -1, 218, 285, 215, -1,
 218, 215, 212, -1, 115, 137, 162, -1, 162, 137, 163, -1,
 115, 136, 112, -1, 112, 136, 89, -1, 50, 53, 89, -1,
 89, 53, 58, -1, 89, 58, 78, -1, 78, 81, 89, -1,
 89, 81, 107, -1, 89, 107, 112, -1, 73, 36, 48, -1,
 35, 48, 33, -1, 33, 48, 36, -1, 33, 36, 17, -1,
 17, 36, 12, -1, 26, 3, 7, -1, 18, 4, 0, -1,
 2, 3, 1, -1, 1, 3, 26, -1, 1, 26, 0, -1,
 5, 13, 6, -1, 6, 13, 9, -1, 9, 13, 10, -1,
 10, 13, 22, -1, 10, 22, 11, -1, 59, 54, 57, -1,
 57, 54, 40, -1, 57, 40, 47, -1, 47, 40, 38, -1,
 47, 38, 25, -1, 109, 99, 100, -1, 100, 99, 82, -1,
 100, 82, 87, -1, 87, 82, 76, -1, 87, 76, 80, -1,
 139, 173, 138, -1, 138, 173, 174, -1, 185, 177, 207, -1,
 250, 217, 207, -1, 207, 217, 206, -1, 207, 206, 185, -1,
 307, 293, 309, -1, 309, 293, 294, -1, 309, 294, 310, -1,
 310, 294, 299, -1, 310, 299, 324, -1, 324, 299, 326, -1,
 326, 299, 308, -1, 326, 308, 339, -1, 328, 354, 308, -1,
 308, 354, 342, -1, 308, 342, 339, -1, 361, 357, 363, -1,
 363, 357, 380, -1, 363, 380, 368, -1, 418, 399, 403, -1,
 403, 399, 396, -1, 403, 396, 380, -1, 380, 396, 385, -1,
 380, 385, 368, -1, 418, 403, 434, -1, 434, 403, 436, -1,
 434, 436, 437, -1, 480, 472, 459, -1, 459, 472, 464, -1,
 459, 464, 436, -1, 436, 464, 445, -1, 436, 445, 437, -1,
 480, 459, 504, -1, 504, 459, 492, -1, 504, 492, 512, -1,
 512, 492, 516, -1, 516, 492, 522, -1, 516, 522, 537, -1,
 558, 556, 522, -1, 522, 556, 542, -1, 522, 542, 537, -1,
 621, 620, 613, -1, 613, 620, 590, -1, 613, 590, 580, -1,
 580, 590, 584, -1, 580, 584, 565, -1, 621, 613, 626, -1,
 626, 613, 651, -1, 626, 651, 662, -1, 662, 651, 671, -1,
 671, 651, 686, -1, 671, 686, 680, -1, 721, 707, 686, -1,
 686, 707, 693, -1, 686, 693, 680, -1, 763, 748, 751, -1,
 751, 748, 738, -1, 751, 738, 721, -1, 721, 738, 735, -1,
 721, 735, 707, -1, 763, 751, 789, -1, 789, 751, 785, -1,
 789, 785, 798, -1, 817, 827, 785, -1, 785, 827, 804, -1,
 785, 804, 798, -1, 851, 860, 817, -1, 817, 860, 830, -1,
 817, 830, 827, -1, 916, 930, 926, -1, 926, 918, 916, -1,
 916, 918, 877, -1, 916, 877, 851, -1, 851, 877, 872, -1,
 851, 872, 860, -1, 930, 916, 939, -1, 939, 916, 981, -1,
 939, 981, 983, -1, 1039, 1036, 1035, -1, 1035, 1036, 989, -1,
 1035, 989, 981, -1, 981, 989, 986, -1, 981, 986, 983, -1,
 1039, 1035, 1041, -1, 1041, 1035, 1093, -1, 1041, 1093, 1057, -1,
 1105, 1100, 1141, -1, 1141, 1100, 1098, -1, 1141, 1098, 1093, -1,
 1093, 1098, 1088, -1, 1093, 1088, 1057, -1, 1154, 1153, 1141, -1,
 1141, 1153, 1112, -1, 1141, 1112, 1105, -1, 1154, 1141, 1158, -1,
 1158, 1141, 1195, -1, 1158, 1195, 1207, -1, 1273, 1248, 1249, -1,
 1249, 1248, 1221, -1, 1249, 1221, 1195, -1, 1195, 1221, 1216, -1,
 1195, 1216, 1207, -1, 1288, 1280, 1308, -1, 1308, 1280, 1279, -1,
 1308, 1279, 1273, -1, 1273, 1279, 1256, -1, 1273, 1256, 1248, -1,
 1463, 1459, 1438, -1, 1459, 1448, 1438, -1, 1438, 1448, 1425, -1,
 1438, 1425, 1406, -1, 1572, 1537, 1540, -1, 1540, 1537, 1532, -1,
 1626, 1615, 1585, -1, 1615, 1626, 1617, -1, 1667, 1656, 1664, -1,
 1664, 1656, 1647, -1, 1664, 1647, 1626, -1, 1626, 1647, 1623, -1,
 1626, 1623, 1617, -1, 1667, 1664, 1676, -1, 1676, 1664, 1692, -1,
 1676, 1692, 1691, -1, 1734, 1733, 1744, -1, 1744, 1733, 1723, -1,
 1744, 1723, 1717, -1, 1717, 1723, 1706, -1, 1717, 1706, 1692, -1,
 1692, 1706, 1702, -1, 1692, 1702, 1691, -1, 1781, 1766, 1767, -1,
 1767, 1766, 1760, -1, 1767, 1760, 1744, -1, 1744, 1760, 1757, -1,
 1744, 1757, 1734, -1, 1786, 1814, 1798, -1, 1798, 1814, 1832, -1,
 1798, 1832, 1805, -1, 1841, 1837, 1835, -1, 1835, 1837, 1815, -1,
 1835, 1815, 1832, -1, 1832, 1815, 1809, -1, 1832, 1809, 1805, -1,
 722, 727, 752, -1, 752, 727, 756, -1, 752, 756, 787, -1,
 661, 668, 694, -1, 694, 668, 703, -1, 694, 703, 762, -1,
 762, 703, 772, -1, 762, 772, 828, -1, 828, 772, 835, -1,
 828, 835, 885, -1, 885, 835, 889, -1, 885, 889, 940, -1,
 940, 889, 952, -1, 940, 952, 1003, -1, 1003, 952, 1025, -1,
 1003, 1025, 1084, -1, 1084, 1025, 1082, -1, 1084, 1082, 1143, -1,
 1080, 1082, 1030, -1, 1030, 1082, 1025, -1, 1030, 1025, 965, -1,
 965, 1025, 952, -1, 965, 952, 896, -1, 896, 952, 889, -1,
 896, 889, 836, -1, 836, 889, 835, -1, 836, 835, 776, -1,
 776, 835, 772, -1, 776, 772, 706, -1, 706, 772, 703, -1,
 706, 703, 631, -1, 631, 703, 668, -1, 631, 668, 624, -1,
 624, 668, 661, -1, 497, 460, 451, -1, 451, 460, 415, -1,
 451, 415, 410, -1, 410, 415, 364, -1, 410, 364, 360, -1,
 360, 364, 313, -1, 260, 250, 263, -1, 263, 250, 214, -1,
 263, 214, 267, -1, 267, 214, 226, -1, 267, 226, 257, -1,
 575, 530, 526, -1, 526, 530, 493, -1, 526, 493, 494, -1,
 494, 493, 449, -1, 494, 449, 450, -1, 450, 449, 409, -1,
 450, 409, 411, -1, 411, 409, 359, -1, 411, 359, 362, -1,
 362, 359, 311, -1, 325, 298, 273, -1, 273, 298, 257, -1,
 273, 257, 241, -1, 241, 257, 226, -1, 241, 226, 200, -1,
 200, 226, 188, -1, 200, 188, 164, -1, 352, 325, 301, -1,
 301, 325, 273, -1, 301, 273, 258, -1, 258, 273, 241, -1,
 258, 241, 224, -1, 224, 241, 200, -1, 224, 200, 187, -1,
 187, 200, 164, -1, 187, 164, 151, -1, 427, 390, 375, -1,
 375, 390, 338, -1, 375, 338, 323, -1, 323, 338, 281, -1,
 323, 281, 272, -1, 272, 281, 246, -1, 272, 246, 243, -1,
 243, 246, 213, -1, 243, 213, 210, -1, 210, 213, 179, -1,
 1079, 1080, 1032, -1, 1032, 1080, 1030, -1, 1032, 1030, 969, -1,
 969, 1030, 965, -1, 969, 965, 901, -1, 901, 965, 896, -1,
 901, 896, 838, -1, 838, 896, 836, -1, 838, 836, 778, -1,
 778, 836, 776, -1, 778, 776, 710, -1, 710, 776, 706, -1,
 710, 706, 634, -1, 634, 706, 631, -1, 634, 631, 544, -1,
 544, 631, 591, -1, 583, 593, 666, -1, 603, 606, 681, -1,
 722, 687, 688, -1, 688, 687, 652, -1, 688, 652, 661, -1,
 661, 652, 618, -1, 661, 618, 624, -1, 624, 618, 585, -1,
 624, 585, 591, -1, 591, 585, 535, -1, 591, 535, 544, -1,
 544, 535, 502, -1, 544, 502, 508, -1, 508, 502, 462, -1,
 508, 462, 467, -1, 467, 462, 422, -1, 467, 422, 475, -1,
 475, 422, 381, -1, 650, 610, 611, -1, 611, 610, 574, -1,
 611, 574, 577, -1, 577, 574, 529, -1, 577, 529, 533, -1,
 533, 529, 496, -1, 533, 496, 499, -1, 499, 496, 453, -1,
 499, 453, 456, -1, 456, 453, 413, -1, 456, 413, 417, -1,
 417, 413, 365, -1, 417, 365, 371, -1, 371, 365, 321, -1,
 610, 575, 574, -1, 574, 575, 526, -1, 574, 526, 529, -1,
 529, 526, 494, -1, 529, 494, 496, -1, 496, 494, 450, -1,
 496, 450, 453, -1, 453, 450, 411, -1, 453, 411, 413, -1,
 413, 411, 362, -1, 413, 362, 365, -1, 365, 362, 311, -1,
 365, 311, 321, -1, 321, 311, 271, -1, 321, 271, 287, -1,
 287, 271, 251, -1, 460, 427, 415, -1, 415, 427, 375, -1,
 415, 375, 364, -1, 364, 375, 323, -1, 364, 323, 313, -1,
 313, 323, 272, -1, 313, 272, 268, -1, 268, 272, 243, -1,
 268, 243, 244, -1, 244, 243, 210, -1, 483, 391, 491, -1,
 491, 391, 400, -1, 302, 400, 341, -1, 341, 400, 391, -1,
 341, 391, 381, -1, 381, 391, 483, -1, 381, 483, 475, -1,
 687, 650, 652, -1, 652, 650, 611, -1, 652, 611, 618, -1,
 618, 611, 577, -1, 618, 577, 585, -1, 585, 577, 533, -1,
 585, 533, 535, -1, 535, 533, 499, -1, 535, 499, 502, -1,
 502, 499, 456, -1, 502, 456, 462, -1, 462, 456, 417, -1,
 462, 417, 422, -1, 422, 417, 371, -1, 422, 371, 381, -1,
 381, 371, 321, -1, 381, 321, 341, -1, 341, 321, 287, -1,
 341, 287, 302, -1, 302, 287, 251, -1, 302, 251, 231, -1,
 390, 352, 338, -1, 338, 352, 301, -1, 338, 301, 281, -1,
 281, 301, 258, -1, 281, 258, 246, -1, 246, 258, 224, -1,
 246, 224, 213, -1, 213, 224, 187, -1, 213, 187, 179, -1,
 179, 187, 151, -1, 250, 207, 214, -1, 214, 207, 177, -1,
 214, 177, 188, -1, 188, 177, 146, -1, 188, 146, 164, -1,
 164, 146, 129, -1, 164, 129, 151, -1, 151, 129, 148, -1,
 151, 148, 179, -1, 179, 148, 189, -1, 179, 189, 210, -1,
 210, 189, 220, -1, 210, 220, 244, -1, 530, 497, 493, -1,
 493, 497, 451, -1, 493, 451, 449, -1, 449, 451, 410, -1,
 449, 410, 409, -1, 409, 410, 360, -1, 409, 360, 359, -1,
 359, 360, 313, -1, 359, 313, 311, -1, 311, 313, 268, -1,
 311, 268, 271, -1, 271, 268, 244, -1, 271, 244, 251, -1,
 251, 244, 220, -1, 251, 220, 231, -1, 231, 220, 189, -1,
 231, 189, 205, -1, 76, 67, 80, -1, 80, 67, 59, -1,
 80, 59, 74, -1, 74, 59, 57, -1, 74, 57, 70, -1,
 70, 57, 47, -1, 70, 47, 44, -1, 44, 47, 25, -1,
 44, 25, 24, -1, 138, 125, 139, -1, 139, 125, 109, -1,
 139, 109, 108, -1, 108, 109, 100, -1, 108, 100, 102, -1,
 102, 100, 87, -1, 102, 87, 96, -1, 96, 87, 80, -1,
 96, 80, 94, -1, 94, 80, 74, -1, 94, 74, 98, -1,
 98, 74, 70, -1, 98, 70, 72, -1, 72, 70, 44, -1,
 72, 44, 45, -1, 432, 503, 412, -1, 412, 503, 489, -1,
 412, 489, 392, -1, 392, 489, 474, -1, 392, 474, 372, -1,
 372, 474, 457, -1, 372, 457, 351, -1, 351, 457, 444, -1,
 351, 444, 334, -1, 334, 444, 431, -1, 334, 431, 316, -1,
 316, 431, 416, -1, 503, 573, 489, -1, 489, 573, 559, -1,
 489, 559, 474, -1, 474, 559, 546, -1, 474, 546, 457, -1,
 457, 546, 531, -1, 457, 531, 444, -1, 444, 531, 520, -1,
 444, 520, 431, -1, 431, 520, 513, -1, 431, 513, 416, -1,
 416, 513, 500, -1, 602, 588, 517, -1, 344, 432, 319, -1,
 319, 432, 412, -1, 319, 412, 295, -1, 295, 412, 392, -1,
 295, 392, 277, -1, 277, 392, 372, -1, 277, 372, 261, -1,
 261, 372, 351, -1, 261, 351, 247, -1, 247, 351, 334, -1,
 247, 334, 240, -1, 240, 334, 316, -1, 141, 225, 128, -1,
 128, 225, 208, -1, 128, 208, 154, -1, 154, 208, 193, -1,
 154, 193, 180, -1, 26, 60, 52, -1, 52, 60, 84, -1,
 52, 84, 77, -1, 77, 84, 110, -1, 77, 110, 104, -1,
 104, 110, 140, -1, 104, 140, 134, -1, 134, 140, 167, -1,
 134, 167, 127, -1, 127, 167, 159, -1, 127, 159, 123, -1,
 123, 159, 153, -1, 123, 153, 124, -1, 24, 23, 44, -1,
 44, 23, 22, -1, 44, 22, 45, -1, 45, 22, 13, -1,
 45, 13, 18, -1, 18, 13, 5, -1, 18, 5, 4, -1,
 0, 26, 18, -1, 18, 26, 52, -1, 18, 52, 45, -1,
 45, 52, 77, -1, 45, 77, 72, -1, 72, 77, 104, -1,
 72, 104, 98, -1, 98, 104, 134, -1, 98, 134, 94, -1,
 94, 134, 127, -1, 94, 127, 96, -1, 96, 127, 123, -1,
 96, 123, 102, -1, 102, 123, 124, -1, 102, 124, 108, -1,
 60, 97, 84, -1, 84, 97, 128, -1, 84, 128, 110, -1,
 110, 128, 154, -1, 110, 154, 140, -1, 140, 154, 180, -1,
 140, 180, 167, -1, 167, 180, 205, -1, 167, 205, 159, -1,
 159, 205, 189, -1, 159, 189, 153, -1, 153, 189, 148, -1,
 153, 148, 124, -1, 124, 148, 129, -1, 124, 129, 108, -1,
 108, 129, 146, -1, 108, 146, 139, -1, 139, 146, 177, -1,
 139, 177, 173, -1, 173, 177, 185, -1, 173, 185, 174, -1,
 48, 50, 73, -1, 73, 50, 89, -1, 73, 89, 111, -1,
 111, 89, 136, -1, 111, 136, 161, -1, 161, 136, 181, -1,
 161, 181, 255, -1, 7, 8, 26, -1, 26, 8, 36, -1,
 26, 36, 60, -1, 60, 36, 73, -1, 60, 73, 97, -1,
 97, 73, 111, -1, 97, 111, 141, -1, 141, 111, 161, -1,
 141, 161, 242, -1, 242, 161, 255, -1, 366, 274, 285, -1,
 285, 274, 204, -1, 285, 204, 215, -1, 215, 204, 169, -1,
 215, 169, 212, -1, 602, 517, 527, -1, 527, 517, 447, -1,
 527, 447, 466, -1, 466, 447, 366, -1, 466, 366, 393, -1,
 393, 366, 285, -1, 393, 285, 303, -1, 303, 285, 279, -1,
 303, 279, 284, -1, 163, 166, 162, -1, 162, 166, 204, -1,
 162, 204, 192, -1, 192, 204, 274, -1, 192, 274, 264, -1,
 264, 274, 366, -1, 264, 366, 344, -1, 344, 366, 447, -1,
 344, 447, 432, -1, 432, 447, 517, -1, 432, 517, 503, -1,
 503, 517, 588, -1, 503, 588, 573, -1, 115, 162, 136, -1,
 136, 162, 192, -1, 136, 192, 181, -1, 181, 192, 264, -1,
 181, 264, 255, -1, 255, 264, 344, -1, 255, 344, 242, -1,
 242, 344, 319, -1, 242, 319, 225, -1, 225, 319, 295, -1,
 225, 295, 208, -1, 208, 295, 277, -1, 208, 277, 193, -1,
 193, 277, 261, -1, 193, 261, 180, -1, 180, 261, 247, -1,
 180, 247, 205, -1, 205, 247, 240, -1, 205, 240, 231, -1,
 231, 240, 316, -1, 231, 316, 302, -1, 302, 316, 416, -1,
 302, 416, 400, -1, 400, 416, 500, -1, 400, 500, 491, -1,
 2000, 1988, 1982, -1, 1982, 1988, 1965, -1, 1982, 1965, 1959, -1,
 2009, 2035, 2000, -1, 2027, 2023, 2026, -1, 2026, 2023, 2017, -1,
 2026, 2017, 2045, -1, 2045, 2017, 2028, -1, 2045, 2028, 2054, -1,
 1596, 1636, 1643, -1, 1924, 1932, 1888, -1, 1888, 1932, 1896, -1,
 1888, 1896, 1854, -1, 1823, 1773, 1764, -1, 1994, 1988, 2017, -1,
 2017, 1988, 2000, -1, 2017, 2000, 2028, -1, 2028, 2000, 2035, -1,
 2028, 2035, 2054, -1, 2054, 2035, 2038, -1, 2054, 2038, 2059, -1,
 2005, 2036, 2037, -1, 2037, 2036, 2085, -1, 2037, 2085, 2081, -1,
 2081, 2085, 2087, -1, 2081, 2087, 2077, -1, 2005, 1999, 2036, -1,
 2036, 1999, 2032, -1, 2036, 2032, 2088, -1, 2088, 2032, 2090, -1,
 2088, 2090, 2108, -1, 2108, 2090, 2113, -1, 2123, 2122, 2091, -1,
 2091, 2122, 2090, -1, 2091, 2090, 2030, -1, 2030, 2090, 2032, -1,
 2030, 2032, 1972, -1, 1972, 2032, 1999, -1, 1972, 1999, 1979, -1,
 1979, 1999, 2005, -1, 1890, 1963, 1940, -1, 1854, 1844, 1888, -1,
 1888, 1844, 1915, -1, 1888, 1915, 1924, -1, 1742, 1844, 1802, -1,
 1802, 1844, 1854, -1, 1802, 1854, 1870, -1, 1870, 1854, 1896, -1,
 1870, 1896, 1898, -1, 1898, 1896, 1929, -1, 1898, 1929, 1920, -1,
 2012, 1949, 2004, -1, 2128, 2131, 2066, -1, 2066, 2131, 2071, -1,
 2066, 2071, 1990, -1, 1990, 2071, 2004, -1, 1990, 2004, 1934, -1,
 1934, 2004, 1949, -1, 1934, 1949, 1877, -1, 2089, 2019, 2084, -1,
 2084, 2019, 2012, -1, 2084, 2012, 2080, -1, 2080, 2012, 2004, -1,
 2080, 2004, 2074, -1, 2074, 2004, 2071, -1, 2074, 2071, 2133, -1,
 2133, 2071, 2131, -1, 2092, 2103, 2050, -1, 2050, 2103, 2058, -1,
 2050, 2058, 1975, -1, 1975, 2058, 1980, -1, 1975, 1980, 1921, -1,
 2040, 2044, 2022, -1, 2022, 2044, 2039, -1, 2022, 2039, 1954, -1,
 1954, 2039, 1967, -1, 1954, 1967, 1893, -1, 2067, 2073, 2039, -1,
 2039, 2073, 2050, -1, 2039, 2050, 1967, -1, 1967, 2050, 1975, -1,
 1967, 1975, 1893, -1, 1893, 1975, 1921, -1, 1893, 1921, 1816, -1,
 2124, 2127, 2058, -1, 2058, 2127, 2066, -1, 2058, 2066, 1980, -1,
 1980, 2066, 1990, -1, 1980, 1990, 1921, -1, 1921, 1990, 1934, -1,
 1921, 1934, 1863, -1, 1863, 1934, 1877, -1, 1863, 1877, 1771, -1,
 1771, 1877, 1789, -1, 1771, 1789, 1685, -1, 1685, 1789, 1701, -1,
 1685, 1701, 1611, -1, 1816, 1847, 1729, -1, 1729, 1847, 1750, -1,
 1729, 1750, 1654, -1, 1654, 1750, 1670, -1, 1654, 1670, 1583, -1,
 1583, 1670, 1597, -1, 1583, 1597, 1509, -1, 1509, 1597, 1522, -1,
 1509, 1522, 1446, -1, 1816, 1921, 1847, -1, 1847, 1921, 1863, -1,
 1847, 1863, 1750, -1, 1750, 1863, 1771, -1, 1750, 1771, 1670, -1,
 1670, 1771, 1685, -1, 1670, 1685, 1597, -1, 1597, 1685, 1611, -1,
 1597, 1611, 1522, -1, 1880, 1927, 1943, -1, 1943, 1927, 1995, -1,
 1943, 1995, 2010, -1, 2010, 2022, 1943, -1, 1943, 2022, 1954, -1,
 1943, 1954, 1880, -1, 1880, 1954, 1893, -1, 1880, 1893, 1792, -1,
 1792, 1893, 1816, -1, 1792, 1816, 1708, -1, 1708, 1816, 1729, -1,
 1708, 1729, 1634, -1, 1634, 1729, 1654, -1, 1634, 1654, 1563, -1,
 1563, 1654, 1583, -1, 1563, 1583, 1500, -1, 1500, 1583, 1509, -1,
 1500, 1509, 1440, -1, 1440, 1509, 1446, -1, 1440, 1446, 1387, -1,
 1636, 1596, 1592, -1, 1592, 1596, 1503, -1, 1592, 1503, 1498, -1,
 1498, 1503, 1424, -1, 1498, 1424, 1420, -1, 1420, 1424, 1356, -1,
 1420, 1356, 1353, -1, 1353, 1356, 1298, -1, 1353, 1298, 1297, -1,
 1297, 1298, 1241, -1, 1297, 1241, 1238, -1, 1238, 1241, 1189, -1,
 1238, 1189, 1186, -1, 1186, 1189, 1131, -1, 1186, 1131, 1126, -1,
 1126, 1131, 1060, -1, 1126, 1060, 1058, -1, 1058, 1060, 995, -1,
 1058, 995, 997, -1, 997, 995, 946, -1, 997, 946, 949, -1,
 949, 946, 895, -1, 949, 895, 900, -1, 900, 895, 848, -1,
 900, 848, 854, -1, 854, 848, 796, -1, 854, 796, 801, -1,
 801, 796, 740, -1, 801, 740, 743, -1, 743, 740, 681, -1,
 743, 681, 683, -1, 683, 681, 606, -1, 683, 606, 616, -1,
 1958, 1966, 1916, -1, 1916, 1966, 1927, -1, 1916, 1927, 1857, -1,
 1857, 1927, 1880, -1, 1857, 1880, 1769, -1, 1769, 1880, 1792, -1,
 1769, 1792, 1688, -1, 1688, 1792, 1708, -1, 1688, 1708, 1621, -1,
 1621, 1708, 1634, -1, 1621, 1634, 1547, -1, 1547, 1634, 1563, -1,
 1547, 1563, 1485, -1, 1485, 1563, 1500, -1, 1485, 1500, 1434, -1,
 1434, 1500, 1440, -1, 1434, 1440, 1381, -1, 1381, 1440, 1387, -1,
 1381, 1387, 1329, -1, 1520, 1567, 1521, -1, 1521, 1567, 1538, -1,
 1521, 1538, 1468, -1, 1468, 1538, 1475, -1, 1468, 1475, 1412, -1,
 1412, 1475, 1421, -1, 1412, 1421, 1371, -1, 1371, 1421, 1377, -1,
 1371, 1377, 1317, -1, 1317, 1377, 1323, -1, 1317, 1323, 1268, -1,
 1268, 1323, 1271, -1, 1268, 1271, 1214, -1, 1822, 1840, 1827, -1,
 1827, 1840, 1857, -1, 1827, 1857, 1738, -1, 1738, 1857, 1769, -1,
 1738, 1769, 1669, -1, 1669, 1769, 1688, -1, 1669, 1688, 1604, -1,
 1604, 1688, 1621, -1, 1604, 1621, 1538, -1, 1538, 1621, 1547, -1,
 1538, 1547, 1475, -1, 1475, 1547, 1485, -1, 1475, 1485, 1421, -1,
 1421, 1485, 1434, -1, 1421, 1434, 1377, -1, 1377, 1434, 1381, -1,
 1377, 1381, 1323, -1, 1323, 1381, 1329, -1, 1323, 1329, 1271, -1,
 2089, 2024, 2019, -1, 2019, 2024, 1963, -1, 2019, 1963, 1949, -1,
 1949, 1963, 1890, -1, 1949, 1890, 1877, -1, 1877, 1890, 1808, -1,
 1877, 1808, 1789, -1, 1789, 1808, 1710, -1, 1789, 1710, 1701, -1,
 1701, 1710, 1622, -1, 1701, 1622, 1611, -1, 1611, 1622, 1533, -1,
 1611, 1533, 1522, -1, 1522, 1533, 1455, -1, 1522, 1455, 1446, -1,
 1446, 1455, 1394, -1, 1446, 1394, 1387, -1, 1387, 1394, 1334, -1,
 1387, 1334, 1329, -1, 1329, 1334, 1274, -1, 1329, 1274, 1271, -1,
 1271, 1274, 1218, -1, 1271, 1218, 1214, -1, 1214, 1218, 1160, -1,
 1214, 1160, 1199, -1, 1199, 1160, 1163, -1, 1045, 1062, 1046, -1,
 1046, 1062, 1106, -1, 1046, 1106, 1108, -1, 1108, 1106, 1164, -1,
 1108, 1164, 1167, -1, 1167, 1164, 1222, -1, 1167, 1222, 1224, -1,
 1224, 1222, 1278, -1, 1224, 1278, 1282, -1, 1282, 1278, 1338, -1,
 1282, 1338, 1340, -1, 1340, 1338, 1399, -1, 1340, 1399, 1402, -1,
 1402, 1399, 1467, -1, 1402, 1467, 1472, -1, 1472, 1467, 1542, -1,
 1472, 1542, 1548, -1, 1548, 1542, 1631, -1, 1548, 1631, 1646, -1,
 1646, 1631, 1730, -1, 1646, 1730, 1742, -1, 1742, 1730, 1829, -1,
 1742, 1829, 1844, -1, 1844, 1829, 1903, -1, 1844, 1903, 1915, -1,
 1802, 1754, 1742, -1, 1742, 1754, 1658, -1, 1742, 1658, 1646, -1,
 1646, 1658, 1558, -1, 1646, 1558, 1548, -1, 1548, 1558, 1476, -1,
 1548, 1476, 1472, -1, 1472, 1476, 1407, -1, 1472, 1407, 1402, -1,
 1402, 1407, 1343, -1, 1402, 1343, 1340, -1, 1340, 1343, 1285, -1,
 1340, 1285, 1282, -1, 1282, 1285, 1226, -1, 1282, 1226, 1224, -1,
 1224, 1226, 1169, -1, 1224, 1169, 1167, -1, 1167, 1169, 1110, -1,
 1167, 1110, 1108, -1, 1108, 1110, 1048, -1, 1108, 1048, 1046, -1,
 1046, 1048, 1011, -1, 1046, 1011, 1017, -1, 1017, 1011, 970, -1,
 1017, 970, 973, -1, 973, 970, 919, -1, 973, 919, 923, -1,
 923, 919, 867, -1, 923, 867, 870, -1, 870, 867, 814, -1,
 870, 814, 816, -1, 816, 814, 759, -1, 816, 759, 767, -1,
 767, 759, 712, -1, 767, 712, 719, -1, 719, 712, 659, -1,
 719, 659, 669, -1, 669, 659, 608, -1, 669, 608, 673, -1,
 673, 608, 664, -1, 1626, 1648, 1664, -1, 1664, 1648, 1680, -1,
 1664, 1680, 1692, -1, 1692, 1680, 1709, -1, 1692, 1709, 1717, -1,
 1717, 1709, 1740, -1, 1717, 1740, 1744, -1, 1744, 1740, 1770, -1,
 1744, 1770, 1767, -1, 1767, 1770, 1793, -1, 1767, 1793, 1781, -1,
 1781, 1793, 1814, -1, 1781, 1814, 1785, -1, 1785, 1814, 1786, -1,
 1648, 1655, 1680, -1, 1680, 1655, 1690, -1, 1680, 1690, 1709, -1,
 1709, 1690, 1721, -1, 1709, 1721, 1740, -1, 1740, 1721, 1758, -1,
 1740, 1758, 1770, -1, 1770, 1758, 1790, -1, 1770, 1790, 1793, -1,
 1793, 1790, 1817, -1, 1793, 1817, 1814, -1, 1814, 1817, 1846, -1,
 1814, 1846, 1832, -1, 1832, 1846, 1862, -1, 1832, 1862, 1835, -1,
 1835, 1862, 1872, -1, 1835, 1872, 1841, -1, 1841, 1872, 1875, -1,
 1841, 1875, 1838, -1, 1838, 1875, 1874, -1, 2126, 2125, 2089, -1,
 2089, 2125, 2091, -1, 2089, 2091, 2024, -1, 2024, 2091, 2030, -1,
 2024, 2030, 1963, -1, 1963, 2030, 1972, -1, 1963, 1972, 1940, -1,
 1940, 1972, 1979, -1, 1940, 1979, 1955, -1, 1955, 1979, 1981, -1,
 1955, 1981, 1960, -1, 1960, 1981, 1973, -1, 1960, 1973, 1953, -1,
 1953, 1973, 1952, -1, 1953, 1952, 1938, -1, 1938, 1952, 1926, -1,
 1938, 1926, 1917, -1, 2077, 2075, 2081, -1, 2081, 2075, 2059, -1,
 2081, 2059, 2037, -1, 2037, 2059, 2038, -1, 2037, 2038, 2005, -1,
 2005, 2038, 2009, -1, 2005, 2009, 1979, -1, 1979, 2009, 2000, -1,
 1979, 2000, 1981, -1, 1981, 2000, 1982, -1, 1981, 1982, 1973, -1,
 1973, 1982, 1959, -1, 1973, 1959, 1952, -1, 1952, 1959, 1931, -1,
 1952, 1931, 1926, -1, 1655, 1659, 1690, -1, 1690, 1659, 1696, -1,
 1690, 1696, 1721, -1, 1721, 1696, 1731, -1, 1721, 1731, 1758, -1,
 1758, 1731, 1772, -1, 1758, 1772, 1790, -1, 1790, 1772, 1804, -1,
 1790, 1804, 1817, -1, 1817, 1804, 1839, -1, 1817, 1839, 1846, -1,
 1846, 1839, 1865, -1, 1846, 1865, 1862, -1, 1862, 1865, 1882, -1,
 1862, 1882, 1872, -1, 1872, 1882, 1917, -1, 1872, 1917, 1875, -1,
 1875, 1917, 1926, -1, 1875, 1926, 1899, -1, 1899, 1926, 1931, -1,
 1899, 1931, 1930, -1, 1930, 1931, 1959, -1, 1930, 1959, 1962, -1,
 1962, 1959, 1965, -1, 1897, 1881, 1891, -1, 1891, 1881, 1868, -1,
 1891, 1868, 1873, -1, 1873, 1868, 1833, -1, 1873, 1833, 1823, -1,
 1823, 1833, 1778, -1, 1823, 1778, 1773, -1, 1773, 1778, 1720, -1,
 1773, 1720, 1764, -1, 1764, 1720, 1672, -1, 1764, 1672, 1665, -1,
 1665, 1672, 1580, -1, 1665, 1580, 1568, -1, 1568, 1580, 1486, -1,
 1568, 1486, 1480, -1, 1480, 1486, 1414, -1, 1480, 1414, 1411, -1,
 1411, 1414, 1348, -1, 1411, 1348, 1345, -1, 1345, 1348, 1292, -1,
 1345, 1292, 1290, -1, 1290, 1292, 1235, -1, 1290, 1235, 1229, -1,
 1229, 1235, 1177, -1, 1229, 1177, 1171, -1, 1171, 1177, 1116, -1,
 1171, 1116, 1114, -1, 1114, 1116, 1052, -1, 1114, 1052, 1050, -1,
 1050, 1052, 1002, -1, 1050, 1002, 1005, -1, 1005, 1002, 958, -1,
 1005, 958, 963, -1, 963, 958, 910, -1, 963, 910, 915, -1,
 915, 910, 861, -1, 915, 861, 863, -1, 863, 861, 808, -1,
 863, 808, 811, -1, 811, 808, 749, -1, 811, 749, 754, -1,
 754, 749, 697, -1, 754, 697, 704, -1, 704, 697, 639, -1,
 704, 639, 647, -1, 1920, 1891, 1898, -1, 1898, 1891, 1873, -1,
 1898, 1873, 1870, -1, 1870, 1873, 1823, -1, 1870, 1823, 1802, -1,
 1802, 1823, 1764, -1, 1802, 1764, 1754, -1, 1754, 1764, 1665, -1,
 1754, 1665, 1658, -1, 1658, 1665, 1568, -1, 1658, 1568, 1558, -1,
 1558, 1568, 1480, -1, 1558, 1480, 1476, -1, 1476, 1480, 1411, -1,
 1476, 1411, 1407, -1, 1407, 1411, 1345, -1, 1407, 1345, 1343, -1,
 1343, 1345, 1290, -1, 1343, 1290, 1285, -1, 1285, 1290, 1229, -1,
 1285, 1229, 1226, -1, 1226, 1229, 1171, -1, 1226, 1171, 1169, -1,
 1169, 1171, 1114, -1, 1169, 1114, 1110, -1, 1110, 1114, 1050, -1,
 1110, 1050, 1048, -1, 1048, 1050, 1005, -1, 1048, 1005, 1011, -1,
 1011, 1005, 963, -1, 1011, 963, 970, -1, 970, 963, 915, -1,
 970, 915, 919, -1, 919, 915, 863, -1, 919, 863, 867, -1,
 867, 863, 811, -1, 867, 811, 814, -1, 814, 811, 754, -1,
 814, 754, 759, -1, 759, 754, 704, -1, 759, 704, 712, -1,
 712, 704, 647, -1, 712, 647, 659, -1, 1858, 1818, 1831, -1,
 1831, 1818, 1784, -1, 1831, 1784, 1782, -1, 1782, 1784, 1732, -1,
 1782, 1732, 1728, -1, 1728, 1732, 1684, -1, 1728, 1684, 1679, -1,
 1698, 1694, 1736, -1, 1736, 1694, 1737, -1, 1736, 1737, 1780, -1,
 1636, 1686, 1643, -1, 1643, 1686, 1694, -1, 1643, 1694, 1651, -1,
 1651, 1694, 1698, -1, 1651, 1698, 1657, -1, 1818, 1780, 1784, -1,
 1784, 1780, 1737, -1, 1784, 1737, 1732, -1, 1732, 1737, 1686, -1,
 1732, 1686, 1684, -1, 1684, 1686, 1636, -1, 1684, 1636, 1679, -1,
 1679, 1636, 1592, -1, 1679, 1592, 1589, -1, 1589, 1592, 1498, -1,
 1589, 1498, 1493, -1, 1493, 1498, 1420, -1, 1493, 1420, 1418, -1,
 1418, 1420, 1353, -1, 1418, 1353, 1351, -1, 1351, 1353, 1297, -1,
 1351, 1297, 1295, -1, 1295, 1297, 1238, -1, 1295, 1238, 1236, -1,
 1236, 1238, 1186, -1, 1236, 1186, 1182, -1, 1182, 1186, 1126, -1,
 1182, 1126, 1120, -1, 1120, 1126, 1058, -1, 1120, 1058, 1054, -1,
 1054, 1058, 997, -1, 1054, 997, 1000, -1, 1000, 997, 949, -1,
 1000, 949, 951, -1, 951, 949, 900, -1, 951, 900, 906, -1,
 906, 900, 854, -1, 906, 854, 857, -1, 857, 854, 801, -1,
 857, 801, 805, -1, 805, 801, 743, -1, 805, 743, 746, -1,
 746, 743, 683, -1, 746, 683, 689, -1, 689, 683, 616, -1,
 689, 616, 627, -1, 1881, 1858, 1868, -1, 1868, 1858, 1831, -1,
 1868, 1831, 1833, -1, 1833, 1831, 1782, -1, 1833, 1782, 1778, -1,
 1778, 1782, 1728, -1, 1778, 1728, 1720, -1, 1720, 1728, 1679, -1,
 1720, 1679, 1672, -1, 1672, 1679, 1589, -1, 1672, 1589, 1580, -1,
 1580, 1589, 1493, -1, 1580, 1493, 1486, -1, 1486, 1493, 1418, -1,
 1486, 1418, 1414, -1, 1414, 1418, 1351, -1, 1414, 1351, 1348, -1,
 1348, 1351, 1295, -1, 1348, 1295, 1292, -1, 1292, 1295, 1236, -1,
 1292, 1236, 1235, -1, 1235, 1236, 1182, -1, 1235, 1182, 1177, -1,
 1177, 1182, 1120, -1, 1177, 1120, 1116, -1, 1116, 1120, 1054, -1,
 1116, 1054, 1052, -1, 1052, 1054, 1000, -1, 1052, 1000, 1002, -1,
 1002, 1000, 951, -1, 1002, 951, 958, -1, 958, 951, 906, -1,
 958, 906, 910, -1, 910, 906, 857, -1, 910, 857, 861, -1,
 861, 857, 805, -1, 861, 805, 808, -1, 808, 805, 746, -1,
 808, 746, 749, -1, 749, 746, 689, -1, 749, 689, 697, -1,
 697, 689, 627, -1, 697, 627, 639, -1, 1103, 1129, 1106, -1,
 1106, 1129, 1160, -1, 1106, 1160, 1164, -1, 1164, 1160, 1218, -1,
 1164, 1218, 1222, -1, 1222, 1218, 1274, -1, 1222, 1274, 1278, -1,
 1278, 1274, 1334, -1, 1278, 1334, 1338, -1, 1338, 1334, 1394, -1,
 1338, 1394, 1399, -1, 1399, 1394, 1455, -1, 1399, 1455, 1467, -1,
 1467, 1455, 1533, -1, 1467, 1533, 1542, -1, 1542, 1533, 1622, -1,
 1542, 1622, 1631, -1, 1631, 1622, 1710, -1, 1631, 1710, 1730, -1,
 1730, 1710, 1808, -1, 1730, 1808, 1829, -1, 1829, 1808, 1890, -1,
 1829, 1890, 1903, -1, 1903, 1890, 1940, -1, 1903, 1940, 1915, -1,
 1915, 1940, 1955, -1, 1915, 1955, 1924, -1, 1924, 1955, 1960, -1,
 1924, 1960, 1932, -1, 1932, 1960, 1953, -1, 1932, 1953, 1929, -1,
 1929, 1953, 1938, -1, 1929, 1938, 1920, -1, 1920, 1938, 1917, -1,
 1920, 1917, 1897, -1, 1897, 1917, 1882, -1, 1897, 1882, 1881, -1,
 1881, 1882, 1865, -1, 1881, 1865, 1858, -1, 1858, 1865, 1839, -1,
 1858, 1839, 1818, -1, 1818, 1839, 1804, -1, 1818, 1804, 1780, -1,
 1780, 1804, 1772, -1, 1780, 1772, 1736, -1, 1736, 1772, 1731, -1,
 1736, 1731, 1698, -1, 1698, 1731, 1696, -1, 1698, 1696, 1657, -1,
 1657, 1696, 1659, -1, 1497, 1487, 1504, -1, 1504, 1487, 1470, -1,
 1504, 1470, 1482, -1, 1482, 1470, 1452, -1, 1482, 1452, 1462, -1,
 1462, 1452, 1428, -1, 1462, 1428, 1431, -1, 1431, 1428, 1396, -1,
 1431, 1396, 1391, -1, 1354, 1341, 1375, -1, 1375, 1341, 1337, -1,
 1375, 1337, 1350, -1, 1350, 1337, 1322, -1, 361, 354, 357, -1,
 357, 354, 328, -1, 357, 328, 380, -1, 380, 328, 349, -1,
 380, 349, 403, -1, 403, 349, 377, -1, 403, 377, 436, -1,
 436, 377, 408, -1, 436, 408, 459, -1, 459, 408, 441, -1,
 459, 441, 492, -1, 492, 441, 473, -1, 492, 473, 522, -1,
 522, 473, 509, -1, 522, 509, 558, -1, 558, 509, 536, -1,
 558, 536, 600, -1, 600, 536, 581, -1, 600, 581, 632, -1,
 632, 581, 617, -1, 632, 617, 670, -1, 670, 617, 656, -1,
 670, 656, 700, -1, 700, 656, 691, -1, 700, 691, 739, -1,
 739, 691, 728, -1, 739, 728, 766, -1, 766, 728, 755, -1,
 766, 755, 803, -1, 803, 755, 792, -1, 803, 792, 829, -1,
 829, 792, 821, -1, 829, 821, 886, -1, 886, 821, 880, -1,
 886, 880, 941, -1, 941, 880, 933, -1, 941, 933, 1021, -1,
 1021, 933, 993, -1, 1021, 993, 1097, -1, 1097, 993, 1095, -1,
 1097, 1095, 1146, -1, 1146, 1095, 1150, -1, 1146, 1150, 1202, -1,
 1202, 1150, 1208, -1, 1202, 1208, 1258, -1, 1258, 1208, 1263, -1,
 1258, 1263, 1322, -1, 1322, 1263, 1331, -1, 1322, 1331, 1350, -1,
 565, 556, 580, -1, 580, 556, 558, -1, 580, 558, 613, -1,
 613, 558, 600, -1, 613, 600, 651, -1, 651, 600, 632, -1,
 651, 632, 686, -1, 686, 632, 670, -1, 686, 670, 721, -1,
 721, 670, 700, -1, 721, 700, 751, -1, 751, 700, 739, -1,
 751, 739, 785, -1, 785, 739, 766, -1, 785, 766, 817, -1,
 817, 766, 803, -1, 817, 803, 851, -1, 851, 803, 829, -1,
 851, 829, 916, -1, 916, 829, 886, -1, 916, 886, 981, -1,
 981, 886, 941, -1, 981, 941, 1035, -1, 1035, 941, 1021, -1,
 1035, 1021, 1093, -1, 1093, 1021, 1097, -1, 1093, 1097, 1141, -1,
 1141, 1097, 1146, -1, 1141, 1146, 1195, -1, 1195, 1146, 1202, -1,
 1195, 1202, 1249, -1, 1249, 1202, 1258, -1, 1249, 1258, 1273, -1,
 1273, 1258, 1322, -1, 1273, 1322, 1308, -1, 1308, 1322, 1337, -1,
 1308, 1337, 1288, -1, 1288, 1337, 1325, -1, 1599, 1553, 1571, -1,
 1571, 1553, 1535, -1, 1571, 1535, 1539, -1, 1539, 1535, 1499, -1,
 1539, 1499, 1494, -1, 1494, 1499, 1458, -1, 1494, 1458, 1449, -1,
 1609, 1616, 1559, -1, 1559, 1616, 1569, -1, 1559, 1569, 1519, -1,
 1519, 1514, 1559, -1, 1559, 1514, 1550, -1, 1559, 1550, 1609, -1,
 1609, 1550, 1606, -1, 1606, 1550, 1603, -1, 1603, 1550, 1510, -1,
 1603, 1510, 1507, -1, 1507, 1510, 1433, -1, 1507, 1433, 1430, -1,
 1430, 1433, 1360, -1, 1430, 1360, 1358, -1, 1358, 1360, 1300, -1,
 1358, 1300, 1299, -1, 1299, 1300, 1243, -1, 1299, 1243, 1244, -1,
 1244, 1243, 1191, -1, 1244, 1191, 1192, -1, 1192, 1191, 1135, -1,
 1192, 1135, 1133, -1, 1133, 1135, 1066, -1, 1133, 1066, 1064, -1,
 1064, 1066, 998, -1, 1064, 998, 996, -1, 996, 998, 943, -1,
 996, 943, 944, -1, 944, 943, 891, -1, 944, 891, 893, -1,
 893, 891, 845, -1, 893, 845, 846, -1, 846, 845, 790, -1,
 846, 790, 793, -1, 793, 790, 733, -1, 793, 733, 737, -1,
 737, 733, 666, -1, 737, 666, 674, -1, 674, 666, 593, -1,
 674, 593, 603, -1, 1618, 1581, 1579, -1, 1579, 1581, 1536, -1,
 1579, 1536, 1529, -1, 1529, 1536, 1483, -1, 1529, 1483, 1477, -1,
 1477, 1483, 1441, -1, 1477, 1441, 1439, -1, 576, 660, 654, -1,
 654, 660, 729, -1, 654, 729, 724, -1, 724, 729, 786, -1,
 724, 786, 783, -1, 783, 786, 842, -1, 783, 842, 840, -1,
 840, 842, 890, -1, 840, 890, 892, -1, 892, 890, 945, -1,
 892, 945, 947, -1, 947, 945, 1001, -1, 947, 1001, 1004, -1,
 1004, 1001, 1069, -1, 1004, 1069, 1071, -1, 1071, 1069, 1136, -1,
 1071, 1136, 1134, -1, 1134, 1136, 1190, -1, 1134, 1190, 1187, -1,
 1187, 1190, 1240, -1, 1187, 1240, 1239, -1, 1239, 1240, 1302, -1,
 1239, 1302, 1303, -1, 1303, 1302, 1363, -1, 1303, 1363, 1368, -1,
 1368, 1363, 1435, -1, 1368, 1435, 1373, -1, 1373, 1435, 1439, -1,
 1373, 1439, 1376, -1, 1376, 1439, 1441, -1, 1376, 1441, 1449, -1,
 1449, 1441, 1483, -1, 1449, 1483, 1494, -1, 1494, 1483, 1536, -1,
 1494, 1536, 1539, -1, 1539, 1536, 1581, -1, 1539, 1581, 1571, -1,
 1571, 1581, 1612, -1, 1571, 1612, 1599, -1, 583, 666, 660, -1,
 660, 666, 733, -1, 660, 733, 729, -1, 729, 733, 790, -1,
 729, 790, 786, -1, 786, 790, 845, -1, 786, 845, 842, -1,
 842, 845, 891, -1, 842, 891, 890, -1, 890, 891, 943, -1,
 890, 943, 945, -1, 945, 943, 998, -1, 945, 998, 1001, -1,
 1001, 998, 1066, -1, 1001, 1066, 1069, -1, 1069, 1066, 1135, -1,
 1069, 1135, 1136, -1, 1136, 1135, 1191, -1, 1136, 1191, 1190, -1,
 1190, 1191, 1243, -1, 1190, 1243, 1240, -1, 1240, 1243, 1300, -1,
 1240, 1300, 1302, -1, 1302, 1300, 1360, -1, 1302, 1360, 1363, -1,
 1363, 1360, 1433, -1, 1363, 1433, 1435, -1, 1435, 1433, 1510, -1,
 1435, 1510, 1439, -1, 1439, 1510, 1514, -1, 1439, 1514, 1477, -1,
 1477, 1514, 1519, -1, 1477, 1519, 1529, -1, 1529, 1519, 1569, -1,
 1529, 1569, 1579, -1, 1579, 1569, 1620, -1, 1579, 1620, 1618, -1,
 787, 756, 818, -1, 818, 756, 822, -1, 818, 822, 879, -1,
 879, 822, 881, -1, 879, 881, 932, -1, 932, 881, 934, -1,
 932, 934, 990, -1, 990, 934, 991, -1, 990, 991, 1091, -1,
 1091, 991, 1086, -1, 1091, 1086, 1151, -1, 1151, 1086, 1147, -1,
 1151, 1147, 1209, -1, 1209, 1147, 1204, -1, 1209, 1204, 1265, -1,
 1532, 1516, 1540, -1, 1540, 1516, 1504, -1, 1540, 1504, 1524, -1,
 1524, 1504, 1482, -1, 1524, 1482, 1495, -1, 1495, 1482, 1462, -1,
 1495, 1462, 1465, -1, 1465, 1462, 1431, -1, 1465, 1431, 1422, -1,
 1422, 1431, 1391, -1, 1422, 1391, 1383, -1, 1383, 1391, 1315, -1,
 1383, 1315, 1309, -1, 1309, 1315, 1250, -1, 1309, 1250, 1307, -1,
 1307, 1250, 1247, -1, 1307, 1247, 1304, -1, 1304, 1247, 1242, -1,
 1304, 1242, 1237, -1, 1237, 1242, 1183, -1, 1237, 1183, 1185, -1,
 1185, 1183, 1128, -1, 1185, 1128, 1132, -1, 1132, 1128, 1074, -1,
 1132, 1074, 1073, -1, 1073, 1074, 1020, -1, 1073, 1020, 1013, -1,
 1013, 1020, 956, -1, 1013, 956, 950, -1, 950, 956, 897, -1,
 950, 897, 894, -1, 894, 897, 841, -1, 894, 841, 839, -1,
 839, 841, 781, -1, 839, 781, 782, -1, 782, 781, 717, -1,
 782, 717, 720, -1, 720, 717, 644, -1, 720, 644, 648, -1,
 648, 644, 562, -1, 648, 562, 567, -1, 1406, 1403, 1438, -1,
 1438, 1403, 1401, -1, 1438, 1401, 1416, -1, 1416, 1401, 1386, -1,
 1416, 1386, 1395, -1, 1395, 1386, 1361, -1, 1395, 1361, 1365, -1,
 1365, 1361, 1332, -1, 1365, 1332, 1328, -1, 1328, 1332, 1260, -1,
 1328, 1260, 1253, -1, 1253, 1260, 1200, -1, 1253, 1200, 1196, -1,
 1196, 1200, 1140, -1, 1196, 1140, 1193, -1, 1193, 1140, 1137, -1,
 1193, 1137, 1184, -1, 1184, 1137, 1130, -1, 1184, 1130, 1127, -1,
 1127, 1130, 1077, -1, 1127, 1077, 1076, -1, 1076, 1077, 1029, -1,
 1076, 1029, 1026, -1, 1026, 1029, 967, -1, 1026, 967, 961, -1,
 961, 967, 902, -1, 961, 902, 899, -1, 899, 902, 843, -1,
 899, 843, 844, -1, 844, 843, 779, -1, 844, 779, 780, -1,
 780, 779, 713, -1, 780, 713, 715, -1, 715, 713, 638, -1,
 715, 638, 641, -1, 641, 638, 548, -1, 641, 548, 552, -1,
 1487, 1463, 1470, -1, 1470, 1463, 1438, -1, 1470, 1438, 1452, -1,
 1452, 1438, 1416, -1, 1452, 1416, 1428, -1, 1428, 1416, 1395, -1,
 1428, 1395, 1396, -1, 1396, 1395, 1365, -1, 1396, 1365, 1391, -1,
 1391, 1365, 1328, -1, 1391, 1328, 1315, -1, 1315, 1328, 1253, -1,
 1315, 1253, 1250, -1, 1250, 1253, 1196, -1, 1250, 1196, 1247, -1,
 1247, 1196, 1193, -1, 1247, 1193, 1242, -1, 1242, 1193, 1184, -1,
 1242, 1184, 1183, -1, 1183, 1184, 1127, -1, 1183, 1127, 1128, -1,
 1128, 1127, 1076, -1, 1128, 1076, 1074, -1, 1074, 1076, 1026, -1,
 1074, 1026, 1020, -1, 1020, 1026, 961, -1, 1020, 961, 956, -1,
 956, 961, 899, -1, 956, 899, 897, -1, 897, 899, 844, -1,
 897, 844, 841, -1, 841, 844, 780, -1, 841, 780, 781, -1,
 781, 780, 715, -1, 781, 715, 717, -1, 717, 715, 641, -1,
 717, 641, 644, -1, 644, 641, 552, -1, 644, 552, 562, -1,
 722, 688, 727, -1, 727, 688, 694, -1, 727, 694, 756, -1,
 756, 694, 762, -1, 756, 762, 822, -1, 822, 762, 828, -1,
 822, 828, 881, -1, 881, 828, 885, -1, 881, 885, 934, -1,
 934, 885, 940, -1, 934, 940, 991, -1, 991, 940, 1003, -1,
 991, 1003, 1086, -1, 1086, 1003, 1084, -1, 1086, 1084, 1147, -1,
 1147, 1084, 1143, -1, 1147, 1143, 1204, -1, 1575, 1572, 1577, -1,
 1577, 1572, 1540, -1, 1577, 1540, 1553, -1, 1553, 1540, 1524, -1,
 1553, 1524, 1535, -1, 1535, 1524, 1495, -1, 1535, 1495, 1499, -1,
 1499, 1495, 1465, -1, 1499, 1465, 1458, -1, 1458, 1465, 1422, -1,
 1458, 1422, 1449, -1, 1449, 1422, 1383, -1, 1449, 1383, 1376, -1,
 1376, 1383, 1309, -1, 1376, 1309, 1373, -1, 1373, 1309, 1307, -1,
 1373, 1307, 1368, -1, 1368, 1307, 1304, -1, 1368, 1304, 1303, -1,
 1303, 1304, 1237, -1, 1303, 1237, 1239, -1, 1239, 1237, 1185, -1,
 1239, 1185, 1187, -1, 1187, 1185, 1132, -1, 1187, 1132, 1134, -1,
 1134, 1132, 1073, -1, 1134, 1073, 1071, -1, 1071, 1073, 1013, -1,
 1071, 1013, 1004, -1, 1004, 1013, 950, -1, 1004, 950, 947, -1,
 947, 950, 894, -1, 947, 894, 892, -1, 892, 894, 839, -1,
 892, 839, 840, -1, 840, 839, 782, -1, 840, 782, 783, -1,
 783, 782, 720, -1, 783, 720, 724, -1, 724, 720, 648, -1,
 724, 648, 654, -1, 654, 648, 567, -1, 654, 567, 576, -1,
 293, 260, 294, -1, 294, 260, 263, -1, 294, 263, 299, -1,
 299, 263, 267, -1, 299, 267, 308, -1, 308, 267, 280, -1,
 308, 280, 328, -1, 328, 280, 298, -1, 328, 298, 349, -1,
 349, 298, 325, -1, 349, 325, 377, -1, 377, 325, 352, -1,
 377, 352, 408, -1, 408, 352, 390, -1, 408, 390, 441, -1,
 441, 390, 427, -1, 441, 427, 473, -1, 473, 427, 460, -1,
 473, 460, 509, -1, 509, 460, 497, -1, 509, 497, 536, -1,
 536, 497, 530, -1, 536, 530, 581, -1, 581, 530, 575, -1,
 581, 575, 617, -1, 617, 575, 610, -1, 617, 610, 656, -1,
 656, 610, 650, -1, 656, 650, 691, -1, 691, 650, 687, -1,
 691, 687, 728, -1, 728, 687, 722, -1, 728, 722, 755, -1,
 755, 722, 752, -1, 755, 752, 792, -1, 792, 752, 787, -1,
 792, 787, 821, -1, 821, 787, 818, -1, 821, 818, 880, -1,
 880, 818, 879, -1, 880, 879, 933, -1, 933, 879, 932, -1,
 933, 932, 993, -1, 993, 932, 990, -1, 993, 990, 1095, -1,
 1095, 990, 1091, -1, 1095, 1091, 1150, -1, 1150, 1091, 1151, -1,
 1150, 1151, 1208, -1, 1208, 1151, 1209, -1, 1208, 1209, 1263, -1,
 1263, 1209, 1265, -1, 1263, 1265, 1331, -1, 603, 681, 674, -1,
 674, 681, 740, -1, 674, 740, 737, -1, 737, 740, 796, -1,
 737, 796, 793, -1, 793, 796, 848, -1, 793, 848, 846, -1,
 846, 848, 895, -1, 846, 895, 893, -1, 893, 895, 946, -1,
 893, 946, 944, -1, 944, 946, 995, -1, 944, 995, 996, -1,
 996, 995, 1060, -1, 996, 1060, 1064, -1, 1064, 1060, 1131, -1,
 1064, 1131, 1133, -1, 1133, 1131, 1189, -1, 1133, 1189, 1192, -1,
 1192, 1189, 1241, -1, 1192, 1241, 1244, -1, 1244, 1241, 1298, -1,
 1244, 1298, 1299, -1, 1299, 1298, 1356, -1, 1299, 1356, 1358, -1,
 1358, 1356, 1424, -1, 1358, 1424, 1430, -1, 1430, 1424, 1503, -1,
 1430, 1503, 1507, -1, 1507, 1503, 1596, -1, 1507, 1596, 1603, -1,
 1603, 1596, 1643, -1, 1603, 1643, 1606, -1, 1606, 1643, 1651, -1,
 1606, 1651, 1609, -1, 1609, 1651, 1657, -1, 1609, 1657, 1616, -1,
 1616, 1657, 1659, -1, 1616, 1659, 1620, -1, 1620, 1659, 1655, -1,
 1620, 1655, 1618, -1, 1618, 1655, 1648, -1, 1618, 1648, 1612, -1,
 1612, 1648, 1626, -1, 1612, 1626, 1599, -1, 1599, 1626, 1585, -1,
 1599, 1585, 1577, -1, 1577, 1585, 1576, -1, 1577, 1576, 1575, -1,
 1392, 1369, 1401, -1, 1401, 1369, 1375, -1, 1401, 1375, 1386, -1,
 1386, 1375, 1350, -1, 1386, 1350, 1361, -1, 1361, 1350, 1331, -1,
 1361, 1331, 1332, -1, 1332, 1331, 1265, -1, 1332, 1265, 1260, -1,
 1260, 1265, 1204, -1, 1260, 1204, 1200, -1, 1200, 1204, 1143, -1,
 1200, 1143, 1140, -1, 1140, 1143, 1082, -1, 1140, 1082, 1137, -1,
 1137, 1082, 1080, -1, 1137, 1080, 1130, -1, 1130, 1080, 1079, -1,
 1130, 1079, 1077, -1, 1077, 1079, 1032, -1, 1077, 1032, 1029, -1,
 1029, 1032, 969, -1, 1029, 969, 967, -1, 967, 969, 901, -1,
 967, 901, 902, -1, 902, 901, 838, -1, 902, 838, 843, -1,
 843, 838, 778, -1, 843, 778, 779, -1, 779, 778, 710, -1,
 779, 710, 713, -1, 713, 710, 634, -1, 713, 634, 638, -1,
 638, 634, 544, -1, 638, 544, 548, -1, 548, 544, 508, -1,
 548, 508, 552, -1, 552, 508, 467, -1, 552, 467, 562, -1,
 562, 467, 475, -1, 562, 475, 567, -1, 567, 475, 483, -1,
 567, 483, 576, -1, 576, 483, 491, -1, 576, 491, 583, -1,
 583, 491, 500, -1, 583, 500, 593, -1, 593, 500, 513, -1,
 593, 513, 603, -1, 603, 513, 520, -1, 603, 520, 606, -1,
 606, 520, 531, -1, 606, 531, 616, -1, 616, 531, 546, -1,
 616, 546, 627, -1, 627, 546, 559, -1, 627, 559, 639, -1,
 639, 559, 573, -1, 639, 573, 647, -1, 647, 573, 588, -1,
 647, 588, 659, -1, 659, 588, 602, -1, 659, 602, 608, -1,
 608, 602, 551, -1, 608, 551, 561, -1
]
materialIndex [
 0, 0, 0, 0, 0, 0, 0, 0, 0, 0, 0, 0, 0, 0, 0, 0, 0, 0, 0, 0, 0, 0, 0, 0, 0, 0, 0, 0, 0, 0, 0, 0, 0, 0, 0, 0, 0, 0, 0, 0, 0, 0, 0, 0, 0, 0, 0, 0, 0, 0, 0, 0, 0, 0, 0, 0, 0, 0, 0, 0, 0, 0, 0, 0, 0, 0, 0, 0, 0, 0, 0, 0, 0, 0, 0, 0, 0, 0, 0, 0, 0, 0, 0, 0, 0, 0, 0, 0, 0, 0, 0, 0, 0, 0, 0, 0, 0, 0, 0, 0, 0, 0, 0, 0, 0, 0, 0, 0, 0, 0, 0, 0, 0, 0, 0, 0, 0, 0, 0, 0, 0, 0, 0, 0, 0, 0, 0, 0, 0, 0, 0, 0, 0, 0, 0, 0, 0, 0, 0, 0, 0, 0, 0, 0, 0, 0, 0, 0, 0, 0, 0, 0, 0, 0, 0, 0, 0, 0, 0, 0, 0, 0, 0, 0, 0, 0, 0, 0, 0, 0, 0, 0, 0, 0, 0, 0, 0, 0, 0, 0, 0, 0, 0, 0, 0, 0, 0, 0, 0, 0, 0, 0, 0, 0, 0, 0, 0, 0, 0, 0, 0, 0, 0, 0, 0, 0, 0, 0, 0, 0, 0, 0, 0, 0, 0, 0, 0, 0, 0, 0, 0, 0, 0, 0, 0, 0, 0, 0, 0, 0, 0, 0, 0, 0, 0, 0, 0, 0, 0, 0, 0, 0, 0, 0, 0, 0, 0, 0, 0, 0, 0, 0, 0, 0, 0, 0, 0, 0, 0, 0, 0, 0, 0, 0, 0, 0, 0, 0, 0, 0, 0, 0, 0, 0, 0, 0, 0, 0, 0, 0, 0, 0, 0, 0, 0, 0, 0, 0, 0, 0, 0, 0, 0, 0, 0, 0, 0, 0, 0, 0, 0, 0, 0, 0, 0, 0, 0, 0, 0, 0, 0, 0, 0, 0, 0, 0, 0, 0, 0, 0, 0, 0, 0, 0,
 0, 0, 0, 0, 0, 0, 0, 0, 0, 0, 0, 0, 0, 0, 0, 0, 0, 0, 0, 0, 0, 0, 0, 0, 0, 0, 0, 0, 0, 0, 0, 0, 0, 0, 0, 0, 0, 0, 0, 0, 0, 0, 0, 0, 0, 0, 0, 0, 0, 0, 0, 0, 0, 0, 0, 0, 0, 0, 0, 0, 0, 0, 0, 0, 0, 0, 0, 0, 0, 0, 0, 0, 0, 0, 0, 0, 0, 0, 0, 0, 0, 0, 0, 0, 0, 0, 0, 0, 0, 0, 0, 0, 0, 0, 0, 0, 0, 0, 0, 0, 0, 0, 0, 0, 0, 0, 0, 0, 0, 0, 0, 0, 0, 0, 0, 0, 0, 0, 0, 0, 0, 0, 0, 0, 0, 0, 0, 0, 0, 0, 0, 0, 0, 0, 0, 0, 0, 0, 0, 0, 0, 0, 0, 0, 0, 0, 0, 0, 0, 0, 0, 0, 0, 0, 0, 0, 0, 0, 0, 0, 0, 0, 0, 0, 0, 0, 0, 0, 0, 0, 0, 0, 0, 0, 0, 0, 0, 0, 0, 0, 0, 0, 0, 0, 0, 0, 0, 0, 0, 0, 0, 0, 0, 0, 0, 0, 0, 0, 0, 0, 0, 0, 0, 0, 0, 0, 0, 0, 0, 0, 0, 0, 0, 0, 0, 0, 0, 0, 0, 0, 0, 0, 0, 0, 0, 0, 0, 0, 0, 0, 0, 0, 0, 0, 0, 0, 0, 0,
 0, 0, 0, 0, 0, 0, 0, 0, 0, 0, 0, 0, 0, 0, 0, 0, 0, 0, 0, 0, 0, 0, 0, 0, 0, 0, 0, 0, 0, 0, 0, 0, 0, 0, 0, 0, 0, 0, 0, 0, 0, 0, 0, 0, 0, 0, 0, 0, 0, 0, 0, 0, 0, 0, 0, 0, 0, 0, 0, 0, 0, 0, 0, 0, 0, 0, 0, 0, 0, 0, 0, 0, 0, 0, 0, 0, 0, 0, 0, 0, 0, 0, 0, 0, 0, 0, 0, 0, 0, 0, 0, 0, 0, 0, 0, 0, 0, 0, 0, 0, 0, 0, 0, 0, 0, 0, 0, 0, 0, 0, 0, 0, 0, 0, 0, 0, 0, 0, 0, 0, 0, 0, 0, 0, 0, 0, 0, 0, 0, 0, 0, 0, 0, 0, 0, 0, 0, 0, 0, 0, 0, 0, 0, 0, 0, 0, 0, 0, 0, 0, 0, 0, 0, 0, 0, 0, 0, 0, 0, 0, 0, 0, 0, 0, 0, 0, 0, 0, 0, 0, 0, 0, 0, 0, 0, 0, 0, 0, 0, 0, 0, 0, 0, 0, 0, 0, 0, 0, 0, 0, 0, 0, 0, 0, 0, 0, 0, 0, 0, 0, 0, 0, 0, 0, 0, 0, 0, 0, 0, 0, 0, 0, 0, 0, 0, 0, 0, 0, 0, 0, 0, 0, 0, 0, 0, 0, 0, 0, 0, 0, 0, 0, 0, 0, 0, 0, 0, 0, 0, 0, 0, 0, 0, 0, 0, 0, 0, 0, 0, 0, 0, 0, 0, 0, 0, 0, 0, 0, 0, 0, 0, 0, 0, 0, 0, 0, 0, 0, 0, 0, 0, 0, 0, 0, 0, 0, 0, 0, 0, 0, 0, 0, 0, 0, 0, 0, 0, 0, 0, 0, 0, 0, 0, 0, 0, 0, 0, 0, 0, 0, 0, 0, 0, 0, 0, 0, 0, 0, 0, 0, 0, 0, 0, 0, 0, 0, 0, 0, 0, 0, 0, 0, 0, 0, 0, 0, 0, 0, 0, 0, 0, 0, 0, 0, 0, 0, 0, 0, 0, 0, 0, 0, 0, 0, 0, 0, 0, 0, 0, 0, 0, 0, 0, 0, 0, 0, 0, 0, 0, 0, 0, 0, 0, 0, 0, 0, 0, 0, 0, 0, 0, 0, 0, 0, 0, 0, 0, 0, 0, 0, 0, 0, 0, 0, 0, 0, 0, 0, 0, 0, 0, 0, 0, 0, 0, 0, 0, 0, 0, 0, 0, 0, 0, 0, 0, 0, 0, 0, 0, 0, 0, 0, 0, 0, 0, 0, 0, 0, 0, 0, 0, 0, 0, 0, 0, 0, 0, 0, 0, 0, 0, 0, 0, 0, 0, 0, 0, 0, 0, 0, 0, 0, 0, 0, 0, 0, 0, 0, 0, 0, 0, 0, 0, 0, 0, 0, 0, 0, 0, 0, 0, 0, 0, 0, 0, 0, 0, 0, 0, 0, 0, 0, 0, 0, 0, 0, 0, 0, 0, 0, 0, 0, 0, 0, 0, 0, 0, 0, 0, 0, 0, 0, 0, 0, 0, 0, 0, 0, 0, 0, 0, 0, 0, 0, 0, 0, 0, 0, 0, 0, 0, 0, 0, 0, 0, 0, 0, 0, 0, 0, 0, 0, 0, 0, 0, 0, 0, 0, 0, 0, 0, 0, 0, 0, 0, 0, 0, 0, 0, 0, 0, 0, 0, 0, 0, 0, 0, 0, 0, 0, 0, 0, 0, 0, 0, 0, 0, 0, 0, 0, 0, 0, 0, 0, 0, 0, 0, 0, 0, 0, 0, 0, 0, 0, 0, 0, 0, 0, 0, 0, 0, 0, 0, 0, 0, 0, 0, 0, 0, 0, 0, 0, 0, 0, 0, 0, 0, 0, 0, 0, 0, 0, 0, 0, 0, 0, 0, 0, 0, 0, 0, 0, 0, 0, 0, 0, 0, 0, 0, 0, 0, 0, 0, 0, 0, 0, 0, 0, 0, 0, 0, 0, 0, 0, 0, 0, 0, 0, 0, 0, 0, 0, 0, 0, 0, 0, 0, 0, 0, 0, 0, 0, 0, 0, 0, 0, 0, 0, 0, 0, 0, 0, 0, 0, 0, 0, 0, 0, 0, 0, 0, 0, 0, 0, 0, 0, 0, 0, 0, 0, 0, 0, 0, 0, 0, 0, 0, 0, 0, 0, 0, 0, 0, 0, 0, 0, 0, 0, 0, 0, 0, 0, 0, 0, 0, 0, 0, 0, 0, 0, 0, 0, 0, 0, 0, 0, 0, 0, 0, 0, 0, 0, 0, 0, 0, 0, 0, 0, 0, 0, 0, 0, 0, 0, 0, 0, 0, 0, 0, 0, 0, 0, 0, 0, 0, 0, 0, 0, 0, 0, 0, 0, 0, 0, 0, 0, 0, 0, 0, 0, 0, 0, 0, 0, 0, 0, 0, 0, 0, 0, 0, 0, 0, 0, 0, 0, 0, 0, 0, 0, 0, 0, 0, 0, 0, 0, 0, 0, 0, 0, 0, 0, 0, 0, 0, 0, 0, 0, 0, 0, 0, 0, 0, 0, 0, 0, 0, 0, 0, 0, 0, 0, 0, 0, 0, 0, 0, 0, 0, 0, 0, 0, 0, 0, 0, 0, 0, 0, 0, 0, 0, 0, 0, 0, 0, 0, 0, 0, 0, 0, 0, 0, 0, 0, 0, 0, 0, 0, 0, 0, 0, 0, 0, 0, 0, 0, 0, 0, 0, 0, 0, 0, 0, 0, 0, 0, 0, 0, 0, 0, 0, 0, 0, 0, 0, 0, 0, 0, 0, 0, 0, 0, 0, 0, 0, 0, 0, 0, 0, 0, 0, 0, 0, 0, 0, 0, 0, 0, 0, 0, 0, 0, 0, 0, 0, 0, 0, 0, 0, 0, 0, 0, 0, 0, 0, 0, 0, 0, 0, 0, 0, 0, 0, 0, 0, 0, 0, 0, 0, 0, 0, 0, 0, 0, 0, 0, 0, 0, 0, 0, 0, 0, 0, 0, 0, 0, 0, 0, 0, 0, 0, 0, 0, 0, 0, 0, 0, 0, 0, 0, 0, 0, 0, 0, 0, 0, 0, 0, 0, 0, 0, 0, 0, 0, 0, 0, 0, 0, 0, 0, 0, 0, 0, 0, 0, 0, 0, 0, 0, 0, 0, 0, 0, 0, 0, 0, 0, 0, 0, 0, 0, 0, 0, 0, 0, 0, 0, 0, 0, 0, 0, 0, 0, 0, 0, 0, 0, 0, 0, 0, 0, 0, 0, 0, 0, 0, 0, 0, 0, 0, 0, 0, 0, 0, 0, 0, 0, 0, 0, 0, 0, 0, 0, 0, 0, 0, 0, 0, 0, 0, 0, 0, 0, 0, 0, 0, 0, 0, 0, 0, 0, 0, 0, 0, 0, 0, 0, 0, 0, 0, 0, 0, 0, 0, 0, 0, 0, 0, 0, 0, 0, 0, 0, 0, 0, 0, 0, 0, 0, 0, 0, 0, 0, 0, 0, 0, 0, 0, 0, 0, 0, 0, 0, 0, 0, 0, 0, 0, 0, 0, 0, 0, 0, 0, 0, 0, 0, 0, 0, 0, 0, 0, 0, 0, 0, 0, 0, 0, 0, 0, 0, 0, 0, 0, 0, 0, 0, 0, 0, 0, 0, 0, 0, 0, 0, 0, 0, 0, 0, 0, 0, 0, 0, 0, 0, 0, 0, 0, 0, 0, 0, 0, 0, 0, 0, 0, 0, 0, 0, 0, 0, 0, 0, 0, 0, 0, 0, 0, 0, 0, 0, 0, 0, 0, 0, 0, 0, 0, 0, 0, 0, 0, 0, 0, 0, 0, 0, 0, 0, 0, 0, 0, 0, 0, 0, 0, 0, 0, 0, 0, 0, 0, 0, 0, 0, 0, 0, 0, 0, 0, 0, 0, 0, 0, 0, 0, 0, 0, 0, 0, 0, 0, 0, 0, 0, 0, 0, 0, 0, 0, 0, 0, 0, 0, 0, 0, 0, 0, 0, 0, 0, 0, 0, 0, 0, 0, 0, 0, 0, 0, 0, 0, 0, 0, 0, 0, 0, 0, 0, 0, 0, 0, 0, 0, 0, 0, 0, 0, 0, 0, 0, 0, 0, 0, 0, 0, 0, 0, 0, 0, 0, 0, 0, 0, 0, 0, 0, 0, 0, 0, 0, 0, 0, 0, 0, 0, 0, 0, 0, 0, 0, 0, 0, 0, 0, 0, 0, 0, 0, 0, 0, 0, 0, 0, 0, 0, 0, 0, 0, 0, 0, 0, 0, 0, 0, 0, 0, 0, 0, 0, 0, 0, 0, 0, 0, 0, 0, 0, 0, 0, 0, 0, 0, 0, 0, 0, 0, 0, 0, 0, 0, 0, 0, 0, 0, 0, 0, 0, 0, 0, 0, 0, 0, 0, 0, 0, 0, 0, 0, 0, 0, 0, 0, 0, 0, 0, 0, 0, 0, 0, 0, 0, 0, 0, 0, 0, 0, 0, 0, 0, 0, 0, 0, 0, 0, 0, 0, 0, 0, 0, 0, 0, 0, 0, 0, 0, 0, 0, 0, 0, 0, 0, 0, 0, 0, 0, 0, 0, 0, 0, 0, 0, 0, 0, 0, 0, 0, 0, 0, 0, 0, 0, 0, 0, 0, 0, 0, 0, 0, 0, 0, 0, 0, 0, 0, 0, 0, 0, 0, 0, 0, 0, 0, 0, 0, 0, 0, 0, 0, 0, 0, 0, 0, 0, 0, 0, 0, 0, 0, 0, 0, 0, 0, 0, 0, 0, 0, 0, 0, 0, 0, 0, 0, 0, 0, 0, 0, 0, 0, 0, 0, 0, 0, 0, 0, 0, 0, 0, 0, 0, 0, 0, 0, 0, 0, 0, 0, 0, 0, 0, 0, 0, 0, 0, 0, 0, 0, 0, 0, 0, 0, 0, 0, 0, 0, 0, 0, 0, 0, 0, 0, 0, 0, 0, 0, 0, 0, 0, 0, 0, 0, 0, 0, 0, 0, 0, 0, 0, 0, 0, 0, 0, 0, 0, 0, 0, 0, 0, 0, 0, 0, 0, 0, 0, 0, 0, 0, 0, 0, 0, 0, 0, 0, 0, 0, 0, 0, 0, 0, 0, 0, 0, 0, 0, 0, 0, 0, 0, 0, 0, 0, 0, 0, 0, 0, 0, 0, 0, 0, 0, 0, 0, 0, 0, 0, 0, 0, 0, 0, 0, 0, 0, 0, 0, 0, 0, 0, 0, 0, 0, 0, 0, 0, 0, 0, 0, 0, 0, 0, 0, 0, 0, 0, 0, 0, 0, 0, 0, 0, 0, 0, 0, 0, 0, 0, 0, 0, 0, 0, 0, 0, 0, 0, 0, 0, 0, 0, 0, 0, 0, 0, 0, 0, 0, 0, 0, 0, 0, 0, 0, 0, 0, 0, 0, 0, 0, 0, 0, 0, 0, 0, 0, 0, 0, 0, 0, 0, 0, 0, 0, 0, 0, 0, 0, 0, 0, 0, 0, 0, 0, 0, 0, 0, 0, 0, 0, 0, 0, 0, 0, 0, 0, 0, 1, 1, 1, 1, 1, 1, 1, 1, 1, 1, 1, 1, 1, 1, 1, 1, 1, 1, 1, 1, 1, 1, 1, 1, 1, 1, 1, 1, 1, 1, 1, 1, 1, 1, 1, 1, 1, 1, 1, 1, 1, 1, 1, 1, 1, 1, 1, 1, 1, 1, 1, 1, 1, 1, 1, 1, 1, 1, 1, 1, 1, 1, 1, 1, 1, 1, 1, 1, 1, 1, 1, 1, 1, 1, 1, 1, 1, 1, 1, 1, 1, 1, 1, 1, 1, 1, 1, 1, 1, 1, 1, 1, 1, 1, 1, 1, 1, 1, 1, 1, 1, 1, 1, 1, 1, 1, 1, 1, 1, 1, 1, 1, 1, 1, 1, 1, 1, 1, 1, 1, 1, 1, 1, 1, 1, 1, 1, 1, 1, 1, 1, 1, 1, 1, 1, 1, 1, 1, 1, 1, 1, 1, 1, 1, 1, 1, 1, 1, 1, 1, 1, 1, 1, 1, 1, 1, 1, 1, 1, 1, 1, 1, 1, 1, 1, 1, 1, 1, 1, 1, 1, 1, 1, 1, 1, 1, 1, 1, 1, 1, 1, 1, 1, 1, 1, 1, 1, 1, 1, 1, 1, 1, 1, 1, 1, 1, 1, 1, 1, 1, 1, 1, 1, 1, 1, 1, 1, 1, 1, 1, 1, 1, 1, 1, 1, 1, 1, 1, 1, 1, 1, 1, 1, 1, 1, 1, 1, 1, 1, 1, 1, 1, 1, 1, 1, 1, 1, 1, 1, 1, 1, 1, 1, 1, 1, 1, 1, 1, 1, 1, 1, 1, 1, 1, 1, 1, 1, 1, 1, 1, 1, 1, 1, 1, 1, 1, 1, 1, 1, 1, 1, 1, 1, 1, 1, 1, 1, 1, 1, 1, 1, 1, 1, 1, 1, 1, 1, 1, 1, 1, 1, 1, 1, 1, 1, 1, 1, 1, 1, 1, 1, 1, 1, 1, 1, 1, 1, 1, 1, 1, 1, 1, 1, 1, 1, 1, 1, 1, 1, 1, 1, 1, 1, 1, 1, 1, 1, 1, 1, 1, 1, 1, 1, 1, 1, 1, 1, 1, 1, 1, 1, 1, 1, 1, 1, 1, 1, 1, 1, 1, 1, 1, 1, 1, 1, 1, 1, 1, 1, 1, 1, 1, 1, 1, 1, 1, 1, 1, 1, 1, 1, 1, 1, 1, 1, 1, 1, 1, 1, 1, 1, 1, 1, 1, 1, 1, 1, 1, 1, 1, 1, 1, 1, 1, 1, 1, 1, 1, 1, 1, 1, 1, 1, 1, 1, 1, 1, 1, 1, 1, 1, 1, 1, 1, 1, 1, 1, 1, 1, 1, 1, 1, 1, 1, 1, 1, 1, 1, 1, 1, 1, 1, 1, 1, 1, 1, 1, 1, 1, 1, 1, 1, 1, 1, 1, 1, 1, 1, 1, 1, 1, 1, 1, 1, 1, 1, 1, 1, 1, 1, 1, 1, 1, 1, 1, 1, 1, 1, 1, 1, 1, 1, 1, 1, 1, 1, 1, 1, 1, 1, 1, 1, 1, 1, 1, 1, 1, 1, 1, 1, 1, 1, 1, 1, 1, 1, 1, 1, 1, 1, 1, 1, 1, 1, 1, 1, 1, 1, 1, 1, 1, 1, 1, 1, 1, 1, 1, 1, 1, 1, 1, 1, 1, 1, 1, 1, 1, 1, 1, 1, 1, 1, 1, 1, 1, 1, 1, 1, 1, 1, 1, 1, 1, 1, 1, 1, 1, 1, 1, 1, 1, 1, 1, 1, 1, 1, 1, 1, 1, 1, 1, 1, 1, 1, 1, 1, 1, 1, 1, 1, 1, 1, 1, 1, 1, 1, 1, 1, 1, 1, 1, 1, 1, 1, 1, 1, 1, 1, 1, 1, 1, 1, 1, 1, 1, 1, 1, 1, 1, 1, 1, 1, 1, 1, 1, 1, 1, 1, 1, 1, 1, 1, 1, 1, 1, 1, 1, 1, 1, 1, 1, 1, 1, 1, 1, 1, 1, 1, 1, 1, 1, 1, 1, 1, 1, 1, 1, 1, 1, 1, 1, 1, 1, 1, 1, 1, 1, 1, 1, 1, 1, 1, 1, 1, 1, 1, 1, 1, 1, 1, 1, 1, 1, 1, 1, 1, 1, 1, 1, 1, 1, 1, 1, 1, 1, 1, 1, 1, 1, 1, 1, 1, 1, 1, 1, 1, 1, 1, 1, 1, 1, 1, 1, 1, 1, 1, 1, 1, 1, 1, 1, 1, 1, 1, 1, 1, 1, 1, 1, 1, 1, 1, 1, 1, 1, 1, 1, 1, 1, 1, 1, 1, 1, 1, 1, 1, 1, 1, 1, 1, 1, 1, 1, 1, 1, 1, 1, 1, 1, 1, 1, 1, 1, 1, 1, 1, 1, 1, 1, 1, 1, 1, 1, 1, 1, 1, 1, 1, 1, 1, 1, 1, 1, 1, 1, 1, 1, 1, 1, 1, 1, 1, 1, 1, 1, 1, 1, 1, 1, 1, 1, 1, 1, 1, 1, 1, 1, 1, 1, 1, 1, 1, 1, 1, 1, 1, 1, 1, 1, 1, 1, 1, 1, 1, 1, 1, 1, 1, 1, 1, 1, 1, 1, 1, 1, 1, 1, 1, 1, 1, 1, 1, 1, 1, 1, 1, 1, 1, 1, 1, 1, 1, 1, 1, 1, 1, 1, 1, 1, 1, 1, 1, 1, 1, 1, 1, 1, 1, 1, 1, 1, 1, 1, 1, 1, 1, 1, 1, 1, 1, 1, 1, 1, 1, 1, 1, 1, 1, 1, 1, 1, 1, 1, 1, 1, 1, 1, 1, 1, 1, 1, 1, 1, 1, 1, 1, 1, 1, 1, 1, 1, 1, 1, 1, 1, 1, 1, 1, 1, 1, 1, 1, 1, 1, 1, 1, 1, 1, 1, 1, 1, 1, 1, 1, 1, 1, 1, 1, 1, 1, 1, 1, 1, 1, 1, 1, 1, 1, 1, 1, 1, 1, 1, 1, 1, 1, 1, 1, 1, 1, 1, 1, 1, 1, 1, 1, 1, 1, 1, 1, 1, 1, 1, 1, 1, 1, 1, 1, 1, 1, 1, 1, 1, 1, 1, 1, 1, 1, 1, 1, 1, 1, 1, 1, 1, 1, 1, 1, 1, 1, 1, 1, 1, 1, 1, 1, 1, 1, 1, 1, 1, 1, 1, 1, 1, 1, 1, 1, 1, 1, 1, 1, 1, 1, 1, 1, 1, 1, 1, 1, 1, 1, 1, 1, 1, 1, 1, 1, 1, 1, 1, 1, 1, 1, 1, 1, 1, 1, 1, 1, 1, 1, 1, 1, 1, 1, 1, 1, 1, 1, 1, 1, 1, 1, 1, 1, 1, 1, 1, 1, 1, 1, 1, 1, 1, 1, 1, 1, 1, 1, 1, 1, 1, 1, 1, 1, 1, 1, 1, 1, 1, 1, 1, 1, 1, 1, 1, 1, 1, 1, 1, 1, 1, 1, 1, 1, 1, 1, 1, 1, 1, 1, 1, 1, 1, 1, 1, 1, 1, 1, 1, 1, 1, 1, 1, 1, 1, 1, 1, 1, 1, 1, 1, 1, 1, 1, 1, 1, 1, 1, 1, 1, 1, 1, 1, 1, 1, 1, 1, 1, 1, 1, 1, 1, 1, 1, 1, 1, 1, 1, 1, 1, 1, 1, 1, 1, 1, 1, 1, 1, 1, 1, 1, 1, 1, 1, 1, 1, 1, 1, 1, 1, 1, 1, 1, 1, 1, 1, 1, 1, 1, 1, 1, 1, 1, 1, 1, 1, 1, 1, 1, 1, 1, 1, 1, 1, 1, 1, 1, 1, 1, 1, 1, 1, 1, 1, 1, 1, 1, 1, 1, 1, 1, 1, 1, 1, 1, 1, 1, 1, 1, 1, 1, 1, 1, 1, 1, 1, 1, 1, 1, 1, 1, 1, 1, 1, 1, 1, 1, 1, 1, 1, 1, 1, 1, 1, 1, 1, 1, 1, 1, 1, 1, 1, 1, 1, 1, 1, 1, 1, 1, 1, 1, 1, 1, 1, 1, 1, 1, 1, 1, 1, 1, 1, 1, 1, 1, 1, 1, 1, 1, 1, 1, 1, 1, 1, 1, 1, 1, 1, 1, 1, 1, 1, 1, 1, 1, 1, 1, 1, 1, 1, 1, 1, 1, 1, 1, 1, 1, 1, 1, 1, 1, 1, 1, 1, 1, 1, 1, 1, 1, 1, 1, 1, 1, 1, 1, 1, 1, 1, 1, 1, 1, 1, 1, 1, 1, 1, 1, 1, 1, 1, 1, 1, 1, 1, 1, 1, 1, 1, 1, 1, 1, 1, 1, 1, 1, 1, 1, 1, 1, 1, 1, 1, 1, 1, 1, 1, 1, 1, 1, 1, 1, 1, 1, 1, 1, 1, 1, 1, 1, 1, 1, 1, 1, 1, 1, 1, 1, 1, 1, 1, 1, 1, 1, 1, 1, 1, 1, 1, 1, 1, 1, 1, 1, 1, 1, 1, 1, 1, 1, 1, 1, 1, 1, 1, 1, 1, 1, 1, 1, 1, 1, 1, 1, 1, 1, 1, 1, 1, 1, 1, 1, 1, 1, 1, 1, 1, 1, 1, 1, 1, 1, 1, 1, 1, 1, 1, 1, 1, 1, 1, 1, 1, 1, 1, 1, 1, 1, 1, 1, 1, 1, 1, 1, 1, 1, 1, 1, 1, 1, 1, 1, 1, 1, 1, 1, 1, 1, 1, 1, 1, 1, 1, 1, 1, 1, 1, 1, 1, 1, 1, 1, 1, 1, 1, 1, 1, 1, 1, 1, 1, 1, 1, 1, 1, 1, 1, 1, 1, 1, 1, 1, 1, 1, 1, 1, 1, 1, 1, 1, 1, 1, 1, 1, 1, 1, 1, 1, 1, 1, 1, 1, 1, 1, 1, 1, 1, 1, 1, 1, 1, 1, 1, 1, 1, 1, 1, 1, 1, 1, 1, 1, 1, 1, 1, 1, 1, 1, 1, 1, 1, 1, 1, 1, 1, 1, 1, 1, 1, 1, 1, 1, 1, 1, 1, 1, 1, 1, 1, 1, 1, 1, 1, 1, 1, 1, 1, 1, 1, 1, 1, 1, 1, 1, 1, 1, 1, 1, 1, 1, 1, 1, 1, 1, 1, 1, 1, 1, 1, 1, 1, 1, 1, 1, 1, 1, 1, 1, 1, 1, 1, 1, 1, 1, 1, 1, 1, 1, 1, 1, 1, 1, 1, 1, 1, 1, 1, 1, 1, 1, 1, 1, 1, 1, 1, 1, 1, 1, 1, 1, 1, 1, 1, 1, 1, 1, 1, 1, 1, 1, 1, 1, 1, 1, 1, 1, 1, 1, 1, 1, 1, 1, 1, 1, 1, 1, 1, 1, 1, 1, 1, 1, 1, 1, 1, 1, 1, 1, 1, 1, 1, 1, 1, 1, 1, 1, 1, 1, 1, 1, 1, 1, 1, 1, 1, 1, 1, 1, 1, 1, 1, 1, 1, 1, 1, 1, 1, 1, 1, 1, 1, 1, 1, 1, 1, 1, 1, 1, 1, 1, 1, 1, 1, 1, 1, 1, 1, 1, 1, 1, 1, 1, 1, 1, 1, 1, 1, 1, 1, 1, 1, 1, 1, 1, 1, 1, 1, 1, 1, 1, 1, 1, 1, 1, 1, 1, 1, 1, 1, 1, 1, 1, 1, 1, 1, 1, 1, 1, 1, 1, 1, 1, 1, 1, 1, 1, 1, 1, 1, 1, 1, 1, 1, 1, 1, 1, 1, 1, 1, 1, 1, 1, 1, 1, 1, 1, 1, 1, 1, 1, 1, 1, 1, 1, 1, 1, 1, 1, 1, 1, 1, 1, 1, 1, 1, 1, 1, 1, 1, 1, 1, 1, 1, 1, 1, 1, 1, 1, 1, 1, 1, 1, 1, 1, 1, 1, 1, 1, 1, 1, 1, 1, 1, 1, 1, 1, 1, 1, 1, 1, 1, 1, 1, 1, 1, 1, 1, 1, 1, 1, 1, 1, 1, 1, 1, 1, 1, 1, 1, 1, 1, 1, 1, 1, 1, 1, 1, 1, 1, 1, 1, 1, 1, 1, 1, 1, 1, 1, 1, 1, 1, 1, 1, 1, 1, 1, 1, 1, 1, 1, 1, 1, 1, 1, 1, 1, 1, 1, 1, 1, 1, 1, 1, 1, 1, 1, 1, 1, 1, 1, 1, 1, 1, 1, 1, 1, 1, 1, 1, 1, 1, 1, 1, 1, 1, 1, 1, 1, 1, 1, 1, 1, 1, 1, 1, 1, 1, 1, 1, 1, 1, 1, 1, 1, 1, 1, 1, 1, 1, 1, 1, 1, 1, 1, 1, 1, 1, 1, 1, 1, 1, 1, 1, 1, 1, 1, 1, 1, 1, 1, 1, 1, 1, 1, 1, 1, 1, 1,
]
}
}
Separator {
MaterialBinding {
value PER_FACE_INDEXED
}
Material {
ambientColor [
 0.792157 0.819608 0.933333, 1.000000 0.000000 0.000000
]
diffuseColor [
 0.792157 0.819608 0.933333, 1.000000 0.000000 0.000000
]
emissiveColor [
 0.000000 0.000000 0.000000, 0.000000 0.000000 0.000000
]
specularColor [
 0.396078 0.409804 0.466667, 0.700000 0.000000 0.000000
]
shininess [
 0.312500, 0.500000
]
transparency [
 0.000000, 0.000000
]
}
Coordinate3 {
point [
 -0.107874 -0.029953 0.155486, -0.107867 -0.021681 0.155486, -0.107866 -0.013279 0.155486, -0.107864 0.008619 0.155486, -0.107864 0.018719 0.155486,
 -0.107864 0.029828 0.155486, -0.107864 0.030516 0.155486, -0.107864 0.039102 0.155486, -0.107864 0.049464 0.155486, -0.107863 0.052414 0.155486,
 -0.107863 0.063362 0.155486, -0.107862 0.074311 0.155486, -0.107862 0.075185 0.155486, -0.107830 -0.035176 0.155486, -0.107812 0.041621 0.199168,
 -0.107787 -0.040391 0.155486, -0.107762 0.052300 0.198922, -0.107748 -0.040636 0.155486, -0.107670 0.079753 0.155486, -0.107664 0.030996 0.199299,
 -0.107618 0.080972 0.155486, -0.107529 0.041826 0.239304, -0.107470 0.062902 0.198562, -0.107436 0.052153 0.238857, -0.107429 0.009220 0.177781,
 -0.107367 0.020430 0.199322, -0.107248 0.082357 0.155486, -0.107229 0.031620 0.239543, -0.107204 0.062632 0.218837, -0.106960 0.009912 0.199241,
 -0.106956 0.073394 0.198097, -0.106916 -0.012221 0.177547, -0.106884 -0.045970 0.155486, -0.106861 0.062336 0.238205, -0.106824 0.042081 0.275477,
 -0.106761 -0.046735 0.155486, -0.106699 0.051973 0.274888, -0.106634 0.021542 0.239585, -0.106563 0.084916 0.155486, -0.106533 0.078571 0.197828,
 -0.106436 0.072873 0.218171, -0.106432 0.010696 0.219812, -0.106421 0.062014 0.256618, -0.106367 0.056856 0.274490, -0.106365 0.032388 0.275794,
 -0.106310 -0.033629 0.177137, -0.106096 0.086664 0.155486, -0.106046 -0.038970 0.177009, -0.106015 0.081072 0.197685, -0.105936 -0.011007 0.198794,
 -0.105869 -0.031994 0.155486, -0.105864 -0.035727 0.155486, -0.105864 -0.035873 0.155486, -0.105863 0.021946 0.155486, -0.105863 0.030752 0.155486,
 -0.105863 0.041834 0.155486, -0.105863 0.008589 0.155486, -0.105863 0.052916 0.155486, -0.105863 0.057905 0.155486, -0.105862 0.063997 0.155486,
 -0.105862 0.075080 0.155486, -0.105862 0.075885 0.155486, -0.105862 -0.013572 0.155486, -0.105862 -0.014014 0.155486, -0.105860 0.061666 0.274028,
 -0.105845 0.072310 0.237364, -0.105825 0.078768 0.155486, -0.105824 -0.039566 0.155486, -0.105821 0.011570 0.239442, -0.105820 0.041982 0.197214,
 -0.105763 0.052763 0.196968, -0.105712 0.032825 0.292290, -0.105696 0.087416 0.155486, -0.105682 0.031240 0.197337, -0.105671 -0.041062 0.155486,
 -0.105632 0.080316 0.155486, -0.105551 0.042184 0.237753, -0.105507 0.042385 0.307272, -0.105474 0.009164 0.175569, -0.105470 0.022903 0.275852,
 -0.105470 0.063462 0.196598, -0.105460 -0.043136 0.155486, -0.105441 0.052563 0.237297, -0.105439 0.081872 0.155486, -0.105398 0.020548 0.197345,
 -0.105367 0.051759 0.306610, -0.105265 0.031899 0.237988, -0.105240 0.083503 0.197536, -0.105206 0.082737 0.155486, -0.105198 0.063137 0.217067,
 -0.105193 -0.051051 0.155486, -0.105160 0.071706 0.255628, -0.105156 0.061292 0.290386, -0.105109 0.077193 0.236877, -0.105103 0.012536 0.258077,
 -0.105098 -0.044196 0.176873, -0.105007 -0.012576 0.175305, -0.105007 0.009897 0.197246, -0.104963 0.074058 0.196113, -0.104943 0.056370 0.306163,
 -0.104910 0.032284 0.256824, -0.104898 -0.009637 0.219176, -0.104879 0.033299 0.307630, -0.104863 0.042436 0.274280, -0.104852 0.062783 0.236619,
 -0.104814 -0.046132 0.155486, -0.104719 -0.031852 0.198009, -0.104713 0.052323 0.273674, -0.104701 -0.046657 0.155486, -0.104682 0.021726 0.238015,
 -0.104665 0.023677 0.292354, -0.104644 0.084832 0.155486, -0.104559 0.042556 0.321399, -0.104532 0.085101 0.155486, -0.104498 0.079040 0.195825,
 -0.104484 0.010725 0.218023, -0.104474 -0.053030 0.155486, -0.104460 0.079547 0.236618, -0.104456 -0.034282 0.174863, -0.104443 0.082695 0.217369,
 -0.104436 0.089787 0.155486, -0.104429 0.073451 0.216370, -0.104423 0.032707 0.274594, -0.104420 0.051640 0.320729, -0.104411 0.062399 0.255205,
 -0.104362 0.071061 0.272920, -0.104319 0.047386 0.290618, -0.104302 0.042580 0.290905, -0.104292 -0.037051 0.197765, -0.104287 0.060891 0.305644,
 -0.104273 0.076432 0.255056, -0.104253 0.013593 0.275666, -0.104208 0.085867 0.197382, -0.104177 0.022413 0.256858, -0.104173 -0.039519 0.174716,
 -0.104138 0.052189 0.290250, -0.104032 -0.019744 0.218671, -0.104019 -0.011305 0.196757, -0.103950 0.081349 0.195672, -0.103893 0.003002 0.257705,
 -0.103880 0.011648 0.237847, -0.103850 0.061986 0.272775, -0.103842 0.033808 0.321762, -0.103827 0.072798 0.235737, -0.103782 0.033168 0.291244,
 -0.103781 -0.008110 0.238641, -0.103744 0.056906 0.289802, -0.103680 0.024513 0.307699, -0.103604 -0.049972 0.155486, -0.103589 0.047391 0.306065,
 -0.103579 0.081834 0.236350, -0.103564 0.042737 0.306364, -0.103561 0.087438 0.155486, -0.103542 0.023166 0.274633, -0.103489 0.091569 0.155486,
 -0.103428 0.070375 0.289192, -0.103392 -0.049213 0.176728, -0.103391 0.052044 0.305680, -0.103387 0.042739 0.334276, -0.103326 0.075623 0.272279,
 -0.103255 0.051512 0.333620, -0.103248 0.014742 0.292156, -0.103231 0.060464 0.319754, -0.103220 -0.042142 0.197504, -0.103193 -0.044501 0.174555,
 -0.103186 -0.007288 0.248014, -0.103172 0.012667 0.256662, -0.103157 0.083595 0.195514, -0.103149 0.061543 0.289279, -0.103149 -0.050971 0.155486,
 -0.103137 0.072099 0.254164, -0.103075 -0.029845 0.218055, -0.103065 0.077480 0.235219, -0.102978 -0.009872 0.217333, -0.102962 0.033668 0.306717,
 -0.102953 0.056602 0.305212, -0.102937 0.088138 0.197223, -0.102921 0.001652 0.237498, -0.102846 -0.032432 0.195922, -0.102806 0.004436 0.275251,
 -0.102802 -0.055831 0.155486, -0.102753 0.055814 0.333179, -0.102752 0.023985 0.291286, -0.102662 0.047397 0.320301, -0.102628 -0.017865 0.238006,
 -0.102627 0.080918 0.254436, -0.102625 0.042907 0.320603, -0.102577 0.034354 0.334631, -0.102561 -0.006427 0.257139, -0.102551 0.077818 0.271939,
 -0.102490 0.025411 0.321832, -0.102487 -0.034882 0.217707, -0.102450 0.051889 0.319912, -0.102431 -0.009094 0.227276, -0.102405 -0.037531 0.195651,
 -0.102401 0.079655 0.234943, -0.102368 0.082712 0.215517, -0.102349 0.089584 0.155486, -0.102339 0.069647 0.304400, -0.102336 0.071354 0.271607,
 -0.102335 0.013783 0.274415, -0.102286 0.061070 0.304665, -0.102265 0.064724 0.319159, -0.102249 0.074765 0.288502, -0.102231 0.076622 0.253555,
 -0.102116 0.085788 0.195352, -0.102089 -0.053297 0.155486, -0.102070 0.087194 0.216921, -0.102063 0.015981 0.307494, -0.102054 0.090107 0.155486,
 -0.101971 0.056277 0.319438, -0.101971 0.003030 0.256253, -0.101967 0.060011 0.332666, -0.101966 0.042934 0.345851, -0.101939 0.034206 0.320958,
 -0.101862 -0.008275 0.236980, -0.101849 0.051376 0.345233, -0.101783 0.024871 0.306759, -0.101570 0.079948 0.271585, -0.101566 0.005993 0.291711,
 -0.101515 0.081771 0.234659, -0.101513 0.047405 0.333271, -0.101479 -0.049279 0.174392, -0.101462 0.043090 0.333566, -0.101435 -0.047038 0.197226,
 -0.101406 0.070563 0.288016, -0.101405 0.094064 0.155486, -0.101405 0.065446 0.304041, -0.101358 -0.027608 0.237228, -0.101345 0.014996 0.291050,
 -0.101315 0.055510 0.344817, -0.101312 -0.042392 0.195357, -0.101293 -0.039819 0.217334, -0.101292 0.051724 0.332890, -0.101292 0.075711 0.270925,
 -0.101268 -0.007415 0.246438, -0.101237 0.060568 0.318883, -0.101215 -0.004588 0.274620, -0.101188 -0.030342 0.216144, -0.101177 0.038887 0.333779,
 -0.101139 0.086189 0.235783, -0.101125 -0.015794 0.256394, -0.101123 -0.058646 0.155486, -0.101072 0.068877 0.318497, -0.101071 0.026372 0.334701,
 -0.101060 0.034935 0.346187, -0.101020 0.073860 0.303681, -0.100965 -0.053942 0.176574, -0.100912 0.064097 0.332085, -0.100895 0.004538 0.273957,
 -0.100868 0.087870 0.195187, -0.100777 0.055932 0.332426, -0.100768 -0.055510 0.155486, -0.100690 0.034784 0.333910, -0.100674 0.017312 0.321626,
 -0.100646 -0.006514 0.255645, -0.100612 0.025825 0.320997, -0.100610 -0.032465 0.236790, -0.100592 -0.035284 0.215761, -0.100581 0.080773 0.252898,
 -0.100517 0.077741 0.270562, -0.100470 0.059532 0.344334, -0.100465 -0.026403 0.246473, -0.100387 0.078923 0.287755, -0.100386 0.047155 0.355827,
 -0.100335 -0.029207 0.225925, -0.100324 0.069725 0.303345, -0.100274 0.043142 0.356073, -0.100266 0.064757 0.318251, -0.100231 -0.056410 0.155486,
 -0.100227 0.074749 0.287280, -0.100201 0.092639 0.155486, -0.100180 0.016307 0.306510, -0.100178 0.051231 0.355516, -0.100149 0.007672 0.307031,
 -0.100124 0.085124 0.253770, -0.100121 0.047414 0.344918, -0.100053 0.043287 0.345195, -0.100019 0.086865 0.215049, -0.099983 0.060036 0.331882,
 -0.099894 0.051550 0.344560, -0.099888 0.039278 0.356255, -0.099852 0.092244 0.196889, -0.099732 0.039287 0.345393, -0.099719 -0.002593 0.291033,
 -0.099707 -0.060232 0.155486, -0.099671 0.006176 0.290555, -0.099621 0.072906 0.317771, -0.099617 0.055188 0.355143, -0.099608 0.068066 0.331438,
 -0.099546 -0.025141 0.255482, -0.099544 0.079718 0.270189, -0.099525 -0.047064 0.195053, -0.099500 -0.013532 0.273789, -0.099462 -0.028012 0.235480,
 -0.099429 -0.044573 0.216937, -0.099398 0.027395 0.346254, -0.099387 -0.040003 0.215348, -0.099349 0.055567 0.344122, -0.099347 0.093618 0.155486,
 -0.099334 0.063435 0.343786, -0.099309 -0.004588 0.273276, -0.099296 -0.037227 0.236320, -0.099266 0.035553 0.356375, -0.099218 -0.015991 0.254850,
 -0.099217 0.026847 0.333942, -0.099215 0.096686 0.155486, -0.099192 0.035402 0.345514, -0.099109 0.085797 0.234068, -0.099073 0.068842 0.317545,
 -0.099065 -0.053766 0.174230, -0.099058 0.077845 0.302902, -0.099057 0.018734 0.334502, -0.099017 0.073734 0.302577, -0.099008 0.084000 0.270840,
 -0.098970 -0.051664 0.196932, -0.098929 0.064031 0.331261, -0.098877 0.094159 0.155486, -0.098816 0.017716 0.320741, -0.098720 0.059026 0.354708,
 -0.098713 -0.032777 0.235000, -0.098641 -0.029798 0.254968, -0.098568 -0.026757 0.244800, -0.098531 0.009474 0.321161, -0.098503 0.059475 0.343607,
 -0.098465 0.047426 0.355184, -0.098424 0.047184 0.364682, -0.098387 0.078605 0.286489, -0.098377 0.043498 0.355430, -0.098286 0.043361 0.364889,
 -0.098275 0.007946 0.305991, -0.098258 0.035875 0.360940, -0.098237 0.051367 0.354862, -0.098220 0.051078 0.364420, -0.098119 0.084667 0.252202,
 -0.098051 -0.000442 0.306328, -0.098031 0.071904 0.330728, -0.098018 0.039714 0.355604, -0.097996 0.090056 0.235181, -0.097925 0.067214 0.343176,
 -0.097885 -0.059487 0.155486, -0.097855 0.039706 0.365042, -0.097847 -0.058301 0.176413, -0.097829 -0.002496 0.289819, -0.097800 0.091718 0.194847,
 -0.097771 0.082816 0.286952, -0.097731 -0.011077 0.290140, -0.097709 -0.059671 0.155486, -0.097668 0.055184 0.354468, -0.097648 -0.025442 0.253881,
 -0.097643 0.072669 0.316768, -0.097637 0.054849 0.364106, -0.097630 0.067914 0.330568, -0.097617 -0.022445 0.272770, -0.097601 -0.013627 0.272385,
 -0.097575 0.027937 0.345534, -0.097565 0.076712 0.316984, -0.097530 -0.044549 0.214917, -0.097509 0.062739 0.354215, -0.097486 0.098126 0.155486,
 -0.097447 0.028481 0.356436, -0.097426 0.036060 0.355708, -0.097398 -0.037335 0.234482, -0.097373 0.063268 0.343019, -0.097356 -0.041818 0.235820,
 -0.097232 0.019225 0.333683, -0.097209 -0.034365 0.254416, -0.097189 0.020247 0.346067, -0.097172 0.036206 0.365143, -0.097089 0.077436 0.301752,
 -0.097078 -0.051466 0.194742, -0.097032 0.083475 0.269410, -0.096957 0.088865 0.253061, -0.096928 -0.049075 0.216518, -0.096776 0.058887 0.354004,
 -0.096748 -0.030010 0.253319, -0.096695 0.058495 0.363740, -0.096689 0.011399 0.334049, -0.096688 0.009847 0.320210, -0.096558 -0.026882 0.272196,
 -0.096553 -0.063766 0.155486, -0.096527 0.047441 0.364003, -0.096436 0.036404 0.360256, -0.096416 0.043724 0.364206, -0.096394 0.081572 0.302066,
 -0.096360 0.029047 0.360997, -0.096303 0.051178 0.363736, -0.096268 0.096696 0.155486, -0.096228 0.070854 0.342508, -0.096187 0.001866 0.320453,
 -0.096184 -0.000238 0.305220, -0.096147 0.047214 0.372091, -0.096085 0.071554 0.329807, -0.096019 0.040168 0.364347, -0.096006 -0.064178 0.155486,
 -0.096005 0.036546 0.368979, -0.096002 0.066320 0.353667, -0.095993 0.089434 0.233446, -0.095983 -0.057880 0.174069, -0.095978 0.043594 0.372247,
 -0.095977 0.066943 0.342363, -0.095951 0.050917 0.371895, -0.095915 0.096081 0.196537, -0.095888 0.075525 0.329959, -0.095854 -0.055943 0.196623,
 -0.095847 -0.011059 0.288857, -0.095828 0.082221 0.285649, -0.095822 0.087609 0.270047, -0.095795 -0.008430 0.305399, -0.095725 -0.022630 0.271299,
 -0.095716 0.054785 0.363405, -0.095668 0.029096 0.355712, -0.095632 0.076212 0.315935, -0.095578 0.062471 0.353473, -0.095551 -0.019518 0.289046,
 -0.095499 0.040158 0.372363, -0.095473 -0.041733 0.233940, -0.095415 0.062009 0.363326, -0.095408 0.020833 0.345278, -0.095374 0.036757 0.364426,
 -0.095355 -0.062127 0.155486, -0.095353 0.097434 0.155486, -0.095353 0.054491 0.371658, -0.095327 -0.034386 0.252712, -0.095195 -0.038773 0.253830,
 -0.095194 0.029628 0.365196, -0.095051 -0.048843 0.214472, -0.095043 0.021851 0.356270, -0.095011 -0.031234 0.271580, -0.094887 0.011881 0.333154,
 -0.094860 0.080268 0.316140, -0.094821 -0.046175 0.235291, -0.094785 0.058275 0.363014, -0.094753 0.036895 0.372440, -0.094697 0.043715 0.375364,
 -0.094678 -0.026982 0.270671, -0.094610 0.029700 0.360251, -0.094598 0.013446 0.345642, -0.094571 0.086288 0.286098, -0.094488 0.080906 0.300878,
 -0.094372 0.057937 0.371382, -0.094355 0.002187 0.319424, -0.094341 -0.023716 0.288428, -0.094323 0.070392 0.341645, -0.094299 0.047462 0.371306,
 -0.094239 0.037119 0.368210, -0.094194 0.069756 0.353067, -0.094163 0.043965 0.371452, -0.094113 -0.062174 0.176244, -0.094104 0.004330 0.333358,
 -0.094098 0.093663 0.234543, -0.094095 0.065933 0.352881, -0.094081 0.050987 0.371110, -0.094006 0.074284 0.341784, -0.093999 -0.055519 0.194424,
 -0.093996 0.074933 0.328993, -0.093990 -0.063268 0.155486, -0.093947 0.030225 0.369025, -0.093937 -0.008288 0.304213, -0.093882 0.086881 0.268589,
 -0.093860 0.022688 0.360843, -0.093855 0.095367 0.194492, -0.093819 0.065385 0.362865, -0.093816 -0.053253 0.216077, -0.093730 0.047923 0.377605,
 -0.093727 0.040647 0.371548, -0.093725 0.101254 0.155486, -0.093707 0.047244 0.377625, -0.093675 -0.019576 0.287684, -0.093670 -0.005591 0.319517,
 -0.093625 0.044788 0.377700, -0.093528 0.061644 0.362567, -0.093499 0.050756 0.377556, -0.093484 0.043826 0.377746, -0.093481 0.030320 0.364411,
 -0.093481 0.054377 0.370866, -0.093463 0.051200 0.377548, -0.093414 0.037254 0.375519, -0.093357 0.099045 0.155486, -0.093337 -0.038617 0.252078,
 -0.093325 0.022537 0.355465, -0.093325 -0.016362 0.304262, -0.093187 0.084903 0.301176, -0.093175 0.052801 0.377536, -0.093154 -0.031157 0.269994,
 -0.093153 0.041560 0.377856, -0.093149 0.078905 0.329134, -0.093078 0.047476 0.374364, -0.093031 0.037490 0.371597, -0.093031 0.061245 0.371070,
 -0.092994 0.079531 0.315053, -0.092966 -0.045900 0.233378, -0.092930 0.044091 0.374475, -0.092928 -0.035439 0.270924, -0.092864 0.050893 0.374212,
 -0.092859 0.101781 0.155486, -0.092854 0.014045 0.344767, -0.092804 0.054118 0.377537, -0.092684 -0.027834 0.287766, -0.092668 0.085504 0.284765,
 -0.092630 -0.042965 0.253209, -0.092616 0.030838 0.372479, -0.092598 0.023547 0.365057, -0.092579 -0.064447 0.155486, -0.092520 0.047885 0.379409,
 -0.092517 0.057648 0.370575, -0.092485 -0.023693 0.287007, -0.092474 0.040895 0.374546, -0.092411 0.044869 0.379475, -0.092339 0.069185 0.352234,
 -0.092322 0.004779 0.332377, -0.092315 -0.061500 0.173910, -0.092287 0.055951 0.377538, -0.092280 0.030953 0.368183, -0.092270 0.051017 0.379370,
 -0.092257 0.054174 0.374020, -0.092235 0.015615 0.355889, -0.092183 0.023424 0.360011, -0.092161 0.073601 0.340880, -0.092158 -0.059767 0.196300,
 -0.092137 0.037924 0.378118, -0.092096 0.092870 0.232795, -0.092006 0.037618 0.378148, -0.091995 0.052546 0.379361, -0.091979 0.090966 0.269208,
 -0.091978 -0.052815 0.214013, -0.091969 -0.020301 0.303619, -0.091966 0.064887 0.362067, -0.091954 0.048061 0.376674, -0.091947 0.041769 0.379582,
 -0.091939 0.047492 0.376688, -0.091908 0.068610 0.362360, -0.091901 0.072988 0.352416, -0.091875 0.045003 0.376750, -0.091853 -0.005314 0.318400,
 -0.091779 0.006950 0.344993, -0.091763 0.044209 0.376782, -0.091753 0.037866 0.374577, -0.091718 0.036944 0.378215, -0.091716 -0.050231 0.234735,
 -0.091701 0.057338 0.377554, -0.091699 0.050811 0.376635, -0.091683 -0.067438 0.155486, -0.091660 0.051228 0.376630, -0.091653 0.083452 0.315241,
 -0.091505 0.057801 0.377559, -0.091479 -0.016279 0.302985, -0.091436 0.052425 0.376622, -0.091434 0.041858 0.376878, -0.091353 0.064409 0.370724,
 -0.091334 -0.002561 0.332446, -0.091330 0.099513 0.196166, -0.091328 0.078096 0.328132, -0.091325 0.084061 0.299957, -0.091278 0.057334 0.373789,
 -0.091255 0.024429 0.368903, -0.091242 0.077481 0.341007, -0.091239 0.041132 0.376922, -0.091208 0.060797 0.370240, -0.091196 0.031466 0.375551,
 -0.091148 0.055554 0.379363, -0.091103 -0.035200 0.269285, -0.091099 -0.067879 0.155486, -0.091021 0.058945 0.377571, -0.091008 0.031599 0.371559,
 -0.090996 0.053973 0.376623, -0.090974 0.048024 0.378133, -0.090972 0.024333 0.364181, -0.090955 0.038279 0.379762, -0.090949 0.047836 0.380909,
 -0.090944 0.016746 0.360491, -0.090918 -0.012977 0.318371, -0.090892 0.045065 0.378185, -0.090862 -0.027649 0.286279, -0.090847 0.044973 0.380948,
 -0.090804 -0.042634 0.251417, -0.090777 0.034739 0.378434, -0.090715 0.100854 0.155486, -0.090713 0.050780 0.380886, -0.090695 0.051068 0.378102,
 -0.090574 0.016336 0.354988, -0.090569 0.055474 0.376625, -0.090557 0.038599 0.377075, -0.090535 -0.031815 0.287062, -0.090519 0.008319 0.350319,
 -0.090480 0.052219 0.378097, -0.090457 0.042027 0.378273, -0.090456 0.052213 0.380881, -0.090413 0.038247 0.377104, -0.090410 0.042035 0.381012,
 -0.090367 -0.059110 0.194100, -0.090336 -0.039444 0.270231, -0.090335 0.060447 0.377402, -0.090250 0.037851 0.377137, -0.090205 -0.024164 0.302931,
 -0.090193 0.060395 0.377599, -0.090164 0.101231 0.155486, -0.090161 -0.057007 0.215616, -0.090151 -0.020143 0.302280, -0.090113 0.067940 0.361524,
 -0.090110 0.072220 0.351548, -0.090087 0.056594 0.376636, -0.090079 -0.000973 0.338449, -0.090068 0.007536 0.344021, -0.090048 0.090086 0.267728,
 -0.089949 0.081937 0.328256, -0.089943 0.060370 0.373523, -0.089936 0.057007 0.376585, -0.089935 0.058416 0.379386, -0.089912 0.057002 0.376640,
 -0.089901 -0.049767 0.232796, -0.089859 -0.065448 0.176068, -0.089833 0.082552 0.314123, -0.089828 0.025334 0.372375, -0.089799 -0.066279 0.155486,
 -0.089700 0.047975 0.379342, -0.089690 0.025261 0.367966, -0.089686 0.032110 0.378234, -0.089666 0.032254 0.374529, -0.089661 0.055035 0.380882,
 -0.089647 0.055148 0.378099, -0.089633 0.035223 0.379978, -0.089622 0.045146 0.379373, -0.089613 0.096898 0.233874, -0.089599 0.038881 0.378407,
 -0.089577 -0.002137 0.331366, -0.089576 0.017908 0.364737, -0.089573 0.063817 0.369865, -0.089554 0.071639 0.361812, -0.089535 -0.046877 0.252556,
 -0.089476 0.038725 0.381119, -0.089469 0.076603 0.340071, -0.089435 0.050860 0.379324, -0.089433 0.035506 0.377125, -0.089422 0.087991 0.300235,
 -0.089420 -0.016637 0.317724, -0.089395 0.061794 0.377626, -0.089349 0.067416 0.370343, -0.089345 -0.066578 0.155486, -0.089337 0.017527 0.359558,
 -0.089337 0.032259 0.378742, -0.089322 0.058374 0.376653, -0.089307 0.035552 0.377326, -0.089293 0.098622 0.194124, -0.089275 0.035475 0.377333,
 -0.089231 0.051949 0.379321, -0.089210 0.042243 0.379425, -0.089189 0.009726 0.355307, -0.089139 0.062182 0.377635, -0.089121 0.075998 0.351717,
 -0.089120 -0.012742 0.317154, -0.089091 0.047778 0.382035, -0.089033 0.031736 0.378807, -0.089005 0.045097 0.382053, -0.088873 0.088588 0.283837,
 -0.088869 0.050498 0.382024, -0.088854 0.008974 0.349335, -0.088763 0.000662 0.344136, -0.088754 -0.031484 0.285517, -0.088630 0.051819 0.382021,
 -0.088611 0.042347 0.382082, -0.088610 0.059948 0.376425, -0.088586 0.063391 0.377197, -0.088549 -0.039048 0.268546, -0.088520 0.057727 0.380896,
 -0.088446 0.057937 0.378119, -0.088443 0.054722 0.379322, -0.088438 0.059884 0.376679, -0.088433 -0.023861 0.301522, -0.088396 0.039235 0.379504,
 -0.088384 -0.056354 0.213542, -0.088372 0.061144 0.379424, -0.088348 0.035864 0.378583, -0.088339 0.026205 0.371358, -0.088314 0.026262 0.375468,
 -0.088309 -0.009361 0.331328, -0.088309 0.063278 0.377662, -0.088273 0.063278 0.373224, -0.088257 0.032911 0.377084, -0.088230 0.035816 0.381246,
 -0.088192 0.047918 0.380244, -0.088176 0.080979 0.327224, -0.088158 -0.064520 0.173754, -0.088129 0.019100 0.368621, -0.088127 0.045241 0.380258,
 -0.088125 0.061516 0.379430, -0.088103 -0.053894 0.234153, -0.088059 0.080357 0.340180, -0.088033 0.018745 0.363757, -0.087996 -0.027901 0.302198,
 -0.087972 -0.063031 0.195963, -0.087943 0.032337 0.380231, -0.087940 0.050613 0.380236, -0.087937 0.086400 0.314292, -0.087920 -0.035612 0.286317,
 -0.087919 0.033067 0.377582, -0.087897 0.054421 0.382022, -0.087823 0.070794 0.360950, -0.087787 0.011173 0.359953, -0.087762 0.039240 0.382131,
 -0.087753 -0.046376 0.250732, -0.087751 0.042496 0.380282, -0.087750 0.051628 0.380235, -0.087660 0.061210 0.376702, -0.087659 -0.016333 0.316440,
 -0.087633 0.095946 0.232114, -0.087628 0.066665 0.369459, -0.087611 0.032520 0.377639, -0.087610 0.093988 0.268327, -0.087579 0.010450 0.354301,
 -0.087575 0.087018 0.298989, -0.087556 -0.020225 0.317030, -0.087519 0.105027 0.155486, -0.087400 0.075055 0.350824, -0.087383 0.002346 0.349501,
 -0.087303 0.057368 0.379334, -0.087283 0.029356 0.379150, -0.087254 -0.043192 0.269502, -0.087209 0.036342 0.379607, -0.087092 0.001238 0.343056,
 -0.087046 0.060302 0.380918, -0.087034 0.047713 0.382732, -0.087025 0.064974 0.377705, -0.087014 0.054217 0.380235, -0.087002 0.039645 0.380318,
 -0.086969 0.045233 0.382736, -0.086944 0.070235 0.369931, -0.086922 -0.007467 0.337359, -0.086918 0.027160 0.374350, -0.086913 -0.069906 0.155486,
 -0.086904 0.062742 0.376211, -0.086845 0.056911 0.382028, -0.086840 0.060671 0.378152, -0.086824 0.050185 0.382729, -0.086813 0.060654 0.380922,
 -0.086767 0.074455 0.361225, -0.086729 0.033007 0.378790, -0.086709 0.027212 0.378173, -0.086704 0.103269 0.155486, -0.086675 -0.012723 0.330696,
 -0.086661 0.019988 0.367579, -0.086637 0.033057 0.381396, -0.086630 0.042689 0.382744, -0.086625 0.036494 0.382190, -0.086606 0.051381 0.382728,
 -0.086599 0.062613 0.376731, -0.086598 0.020322 0.372136, -0.086581 -0.008965 0.330138, -0.086524 0.047854 0.380795, -0.086498 0.066174 0.376973,
 -0.086475 0.045346 0.380798, -0.086435 0.105685 0.155486, -0.086350 -0.053234 0.232197, -0.086335 0.079342 0.339217, -0.086310 0.012659 0.364249,
 -0.086292 0.084739 0.327327, -0.086285 0.050340 0.380793, -0.086271 -0.027469 0.300728, -0.086271 -0.062139 0.193773, -0.086252 0.030045 0.380463,
 -0.086242 0.011964 0.358912, -0.086183 -0.035142 0.284721, -0.086145 0.042774 0.380804, -0.086136 0.085378 0.313146, -0.086129 0.102615 0.195779,
 -0.086121 0.030416 0.377890, -0.086108 0.051274 0.380792, -0.086094 -0.068226 0.155486, -0.086089 0.064197 0.379478, -0.086083 0.065982 0.377707,
 -0.086045 -0.060240 0.215135, -0.085968 -0.050427 0.251873, -0.085964 0.078712 0.350974, -0.085950 0.056695 0.380240, -0.085942 0.053740 0.382728,
 -0.085937 0.004077 0.354538, -0.085904 0.036889 0.380364, -0.085887 0.039805 0.382756, -0.085850 -0.019796 0.315675, -0.085817 0.027738 0.379404,
 -0.085775 0.059972 0.379354, -0.085768 0.002997 0.348407, -0.085701 0.092968 0.266827, -0.085670 0.033590 0.379728, -0.085611 0.063919 0.376759,
 -0.085515 -0.042643 0.267778, -0.085479 0.059306 0.382039, -0.085476 -0.005516 0.343084, -0.085476 0.040093 0.380812, -0.085431 0.053657 0.380792,
 -0.085428 0.028121 0.376934, -0.085363 -0.031470 0.301423, -0.085301 0.104016 0.155486, -0.085291 -0.023697 0.316291, -0.085282 0.030968 0.378958,
 -0.085282 0.069331 0.369033, -0.085262 0.059635 0.382040, -0.085220 0.021252 0.371015, -0.085205 -0.068560 0.155486, -0.085202 -0.068051 0.175885,
 -0.085193 0.090783 0.299247, -0.085163 0.033870 0.382258, -0.085103 0.073457 0.360346, -0.085041 0.030854 0.381531, -0.084993 -0.012268 0.329439,
 -0.084989 0.056008 0.382730, -0.084981 0.021576 0.375275, -0.084956 -0.070854 0.155486, -0.084883 0.063196 0.380951, -0.084881 0.037232 0.382771,
 -0.084873 0.047978 0.380968, -0.084870 0.047792 0.380968, -0.084868 0.065379 0.375980, -0.084857 -0.039175 0.285533, -0.084854 0.063287 0.378191,
 -0.084840 0.013511 0.363160, -0.084835 0.045449 0.380968, -0.084831 0.026651 0.379575, -0.084831 0.045138 0.380968, -0.084816 0.044969 0.382968,
 -0.084814 0.044969 0.380968, -0.084809 0.045375 0.382968, -0.084771 0.047644 0.382968, -0.084759 0.044434 0.380968, -0.084755 0.014184 0.368190,
 -0.084741 0.049402 0.382968, -0.084715 -0.016016 0.330019, -0.084691 0.049395 0.380968, -0.084629 0.049845 0.382968, -0.084605 0.050064 0.380968,
 -0.084605 0.067564 0.377709, -0.084592 0.091366 0.282865, -0.084589 0.028650 0.378118, -0.084554 0.099833 0.233174, -0.084540 0.083669 0.326270,
 -0.084519 0.050736 0.380968, -0.084516 0.059145 0.380249, -0.084501 0.043059 0.380968, -0.084487 0.037483 0.380824, -0.084475 0.050921 0.380968,
 -0.084475 0.034249 0.380418, -0.084469 0.083009 0.339305, -0.084451 0.055949 0.380794, -0.084432 0.065169 0.376759, -0.084424 0.043076 0.382968,
 -0.084420 0.005856 0.359241, -0.084385 0.004803 0.353419, -0.084363 0.050892 0.382968, -0.084352 -0.059371 0.213062, -0.084300 0.051666 0.380968,
 -0.084294 0.031618 0.379826, -0.084293 0.077645 0.350061, -0.084247 -0.049748 0.250024, -0.084199 0.041454 0.380968, -0.084161 0.072852 0.369489,
 -0.084060 -0.057073 0.233546, -0.084051 0.068777 0.376729, -0.084012 0.101629 0.193741, -0.083969 -0.003507 0.348498, -0.083905 0.040556 0.380968,
 -0.083885 0.027429 0.380749, -0.083879 0.062472 0.379377, -0.083872 0.040406 0.382968, -0.083849 -0.004956 0.341890, -0.083826 0.053008 0.382968,
 -0.083812 0.053085 0.380968, -0.083811 0.040111 0.382968, -0.083776 0.027712 0.378240, -0.083764 0.040126 0.380968, -0.083762 0.066686 0.379481,
 -0.083745 0.058205 0.382733, -0.083738 -0.046607 0.268739, -0.083712 -0.008560 0.342491, -0.083709 0.022532 0.374059, -0.083689 0.031756 0.382321,
 -0.083688 -0.030917 0.299900, -0.083686 0.053561 0.382968, -0.083652 0.053549 0.380968, -0.083647 0.077002 0.360600, -0.083639 -0.023158 0.314874,
 -0.083633 0.039578 0.382968, -0.083630 -0.066875 0.173601, -0.083589 0.039593 0.380968, -0.083573 0.034747 0.382789, -0.083547 0.058508 0.382733,
 -0.083535 0.068508 0.377687, -0.083462 0.062018 0.382054, -0.083434 0.054181 0.380968, -0.083406 -0.065669 0.195613, -0.083373 0.015090 0.367040,
 -0.083366 0.089690 0.297976, -0.083276 0.022860 0.378032, -0.083244 0.066430 0.376760, -0.083231 0.038501 0.380968, -0.083190 0.032343 0.380462,
 -0.083187 0.034960 0.380837, -0.083170 -0.038569 0.283895, -0.083126 0.058231 0.380796, -0.083119 0.015748 0.371769, -0.083096 -0.015457 0.328692,
 -0.083046 0.038050 0.380968, -0.083007 0.028339 0.379192, -0.082943 0.006652 0.358087, -0.082921 0.055187 0.380968, -0.082914 0.038072 0.382968,
 -0.082910 0.054988 0.382968, -0.082831 0.007684 0.363604, -0.082800 0.028321 0.381698, -0.082768 0.081892 0.338321, -0.082729 0.061512 0.380260,
 -0.082713 0.096742 0.267407, -0.082712 -0.069495 0.155486, -0.082677 0.065556 0.380952, -0.082646 -0.027017 0.315510, -0.082566 0.065715 0.378192,
 -0.082557 0.071815 0.368587, -0.082505 0.098796 0.231406, -0.082470 0.067850 0.375741, -0.082452 0.081209 0.350189, -0.082406 -0.002867 0.347288,
 -0.082401 -0.019204 0.329298, -0.082399 -0.001441 0.353595, -0.082386 -0.056215 0.231582, -0.082324 -0.034825 0.300608, -0.082242 0.032722 0.382805,
 -0.082234 0.087284 0.326353, -0.082201 0.056599 0.380968, -0.082137 -0.007953 0.341229, -0.082125 0.023821 0.376706, -0.082124 0.029059 0.379961,
 -0.082112 0.024199 0.379976, -0.082059 -0.045899 0.266985, -0.082030 0.075891 0.359709, -0.082008 0.033121 0.380847, -0.082007 0.087939 0.312124,
 -0.082001 -0.053530 0.251161, -0.081940 0.067571 0.376736, -0.081893 0.060716 0.382737, -0.081871 -0.071659 0.155486, -0.081870 0.035684 0.380968,
 -0.081853 0.069992 0.377652, -0.081837 0.016696 0.370546, -0.081823 -0.064545 0.193442, -0.081821 0.056992 0.382968, -0.081792 0.035719 0.382968,
 -0.081790 0.023955 0.380014, -0.081735 0.057318 0.380968, -0.081691 0.064792 0.379377, -0.081664 0.057281 0.382968, -0.081663 -0.011538 0.341854,
 -0.081607 0.029303 0.382397, -0.081586 0.035113 0.380968, -0.081571 -0.062888 0.214635, -0.081461 0.060452 0.380798, -0.081458 0.107934 0.155486,
 -0.081439 0.008542 0.362404, -0.081399 0.017351 0.374980, -0.081399 0.064224 0.382054, -0.081396 -0.042433 0.284713, -0.081353 0.057907 0.380968,
 -0.081285 0.071190 0.376469, -0.081260 0.025042 0.381016, -0.081229 0.058081 0.382968, -0.081219 0.058073 0.380968, -0.081171 0.034417 0.382968,
 -0.081167 0.009559 0.367620, -0.081152 0.025249 0.378568, -0.081151 0.029853 0.380523, -0.081140 0.034437 0.380968, -0.081102 0.069039 0.379442,
 -0.081089 0.075227 0.369019, -0.081048 -0.026375 0.314039, -0.080907 -0.000724 0.352360, -0.080841 -0.018554 0.327911, -0.080804 0.080049 0.349258,
 -0.080797 0.033917 0.380968, -0.080761 0.000683 0.358368, -0.080760 0.068604 0.376715, -0.080742 0.095646 0.265889, -0.080729 0.024916 0.378611,
 -0.080701 -0.034155 0.299039, -0.080676 0.033775 0.382968, -0.080660 0.063706 0.380260, -0.080511 0.085425 0.338387, -0.080499 0.086114 0.325272,
 -0.080482 0.093341 0.298215, -0.080462 0.025931 0.379410, -0.080356 -0.052673 0.249297, -0.080340 0.030346 0.382824, -0.080323 -0.070092 0.155486,
 -0.080303 0.025991 0.381853, -0.080272 0.105456 0.195377, -0.080244 -0.069938 0.175696, -0.080230 0.018323 0.373671, -0.080224 0.079340 0.359940,
 -0.080223 0.106441 0.155486, -0.080170 0.059375 0.380968, -0.080155 0.059267 0.382968, -0.080155 -0.010851 0.340527, -0.080152 0.067832 0.378161,
 -0.080131 0.067806 0.380929, -0.080119 0.030695 0.380862, -0.080052 -0.009199 0.347325, -0.079988 -0.061805 0.212571, -0.079987 0.062754 0.382737,
 -0.079870 0.010470 0.366365, -0.079851 -0.049613 0.267944, -0.079769 -0.041687 0.283040, -0.079764 0.032352 0.380968, -0.079751 -0.022253 0.328536,
 -0.079745 0.070146 0.375493, -0.079726 0.093953 0.281853, -0.079684 0.026698 0.380087, -0.079681 -0.059710 0.232916, -0.079637 -0.030145 0.314689,
 -0.079593 0.018993 0.377817, -0.079528 0.074087 0.368117, -0.079523 0.062506 0.380798, -0.079514 0.060189 0.380968, -0.079425 0.011483 0.371285,
 -0.079363 0.066831 0.379359, -0.079351 0.001470 0.357101, -0.079307 -0.014420 0.341177, -0.079275 0.106824 0.155486, -0.079263 0.027020 0.382467,
 -0.079195 0.021988 0.380328, -0.079184 0.021980 0.380329, -0.079144 0.069787 0.376666, -0.079109 0.031519 0.380968, -0.079074 -0.003398 0.351766,
 -0.079055 0.002864 0.362812, -0.078984 0.066350 0.382043, -0.078952 0.031320 0.380968, -0.078938 -0.070438 0.155486, -0.078924 0.031505 0.382968,
 -0.078923 -0.037906 0.299755, -0.078891 0.102529 0.232446, -0.078839 0.027532 0.380579, -0.078827 -0.068522 0.173451, -0.078824 0.084218 0.337383,
 -0.078656 0.072351 0.377536, -0.078630 0.078144 0.359040, -0.078605 0.083491 0.349363, -0.078600 0.092181 0.296921, -0.078554 -0.067634 0.195251,
 -0.078546 0.019966 0.376410, -0.078445 0.061156 0.382968, -0.078433 0.065650 0.380252, -0.078426 0.022866 0.381250, -0.078403 0.023087 0.378847,
 -0.078380 -0.006791 0.352491, -0.078368 0.061290 0.380968, -0.078355 -0.072576 0.155486, -0.078304 0.023009 0.378857, -0.078273 0.073387 0.376191,
 -0.078246 -0.048745 0.266168, -0.078246 -0.021521 0.327096, -0.078232 0.012432 0.369964, -0.078167 0.028106 0.382842, -0.078158 0.104350 0.193344,
 -0.078109 -0.058656 0.230953, -0.078093 -0.029404 0.313171, -0.077996 0.071340 0.379362, -0.077949 0.028410 0.380875, -0.077859 -0.013664 0.339793,
 -0.077781 0.061891 0.382968, -0.077762 0.061872 0.380968, -0.077743 0.089632 0.325334, -0.077735 0.003713 0.361504, -0.077721 -0.056134 0.250422,
 -0.077716 0.064740 0.382734, -0.077697 0.020674 0.380272, -0.077691 0.023725 0.379601, -0.077646 0.072972 0.377495, -0.077611 0.029804 0.382968,
 -0.077602 0.013454 0.374590, -0.077594 -0.045320 0.283858, -0.077593 0.070921 0.376620, -0.077589 0.023845 0.381989, -0.077572 0.029841 0.380968,
 -0.077494 0.020858 0.380495, -0.077405 0.064345 0.380796, -0.077361 -0.037114 0.298148, -0.077360 0.062259 0.380968, -0.077350 0.090332 0.311058,
 -0.077276 0.005103 0.366921, -0.077260 0.099279 0.266450, -0.077157 0.109876 0.155486, -0.077136 0.070021 0.380881, -0.077114 -0.066286 0.193109,
 -0.077061 0.070102 0.378096, -0.077057 0.029289 0.380968, -0.077013 0.024518 0.380196, -0.077009 -0.005986 0.351137, -0.077006 0.029260 0.382968,
 -0.076967 0.082251 0.348418, -0.076848 0.020428 0.380558, -0.076841 0.101383 0.230671, -0.076827 -0.064911 0.214118, -0.076780 0.021618 0.378760,
 -0.076779 -0.025132 0.327735, -0.076769 0.072247 0.375232, -0.076689 0.024897 0.382529, -0.076658 -0.017179 0.340460, -0.076645 -0.004317 0.357346,
 -0.076607 -0.072685 0.155486, -0.076570 0.021813 0.378999, -0.076520 0.014424 0.373196, -0.076499 0.081484 0.359246, -0.076372 0.063035 0.380968,
 -0.076365 0.069030 0.379320, -0.076346 0.028526 0.380968, -0.076324 0.062969 0.382968, -0.076316 0.097533 0.282225, -0.076304 -0.033026 0.313829,
 -0.076284 0.025370 0.380628, -0.076226 0.076182 0.367623, -0.076171 -0.055099 0.248550, -0.076165 0.021534 0.379032, -0.076159 0.021335 0.381402,
 -0.076123 0.071813 0.376571, -0.076116 0.068457 0.382021, -0.076054 0.006002 0.365566, -0.076039 -0.044432 0.282158, -0.075988 -0.009347 0.351883,
 -0.075959 0.088405 0.324231, -0.075747 0.025998 0.382857, -0.075695 0.015473 0.377531, -0.075675 -0.052161 0.267118, -0.075605 0.022267 0.379717,
 -0.075540 0.067758 0.380234, -0.075522 0.026262 0.380887, -0.075423 0.007399 0.370690, -0.075406 0.022327 0.382077, -0.075376 -0.063619 0.212074,
 -0.075363 0.063828 0.380968, -0.075351 -0.003461 0.355969, -0.075327 -0.024320 0.326249, -0.075325 -0.070909 0.155486, -0.075285 0.098087 0.264915,
 -0.075267 0.095706 0.297141, -0.075264 -0.016360 0.339028, -0.075213 -0.040652 0.298866, -0.075204 0.110527 0.155486, -0.075062 -0.071074 0.175501,
 -0.075049 -0.061768 0.232265, -0.074992 0.023070 0.380262, -0.074985 0.066722 0.382728, -0.074910 0.080217 0.358340, -0.074867 0.108604 0.155486,
 -0.074844 -0.001775 0.361885, -0.074818 -0.032183 0.312272, -0.074757 0.027155 0.380968, -0.074729 0.016441 0.376056, -0.074717 0.027199 0.382968,
 -0.074673 -0.008495 0.350480, -0.074626 0.066349 0.380792, -0.074602 0.023385 0.382568, -0.074595 0.074846 0.377373, -0.074412 0.086402 0.336404,
 -0.074382 0.096316 0.280802, -0.074338 0.023926 0.380657, -0.074304 0.008334 0.369280, -0.074177 0.079404 0.368000, -0.074165 0.107906 0.194960,
 -0.074158 -0.051133 0.265328, -0.074100 0.093799 0.311168, -0.074029 0.073793 0.379248, -0.073824 -0.069431 0.173305, -0.073768 0.064861 0.382968,
 -0.073765 0.024488 0.382867, -0.073730 -0.019787 0.339706, -0.073719 -0.039737 0.297229, -0.073702 0.017541 0.380101, -0.073698 0.064919 0.380968,
 -0.073656 0.024819 0.380894, -0.073634 -0.000876 0.360478, -0.073598 -0.060521 0.230311, -0.073575 0.074177 0.374958, -0.073555 0.073370 0.376485,
 -0.073526 -0.047791 0.282970, -0.073519 -0.027792 0.326895, -0.073492 0.009752 0.374111, -0.073489 -0.068899 0.194878, -0.073377 0.094463 0.295825,
 -0.073348 -0.011795 0.351240, -0.073315 0.025910 0.380968, -0.073281 0.072400 0.380813, -0.073204 -0.058204 0.249657, -0.073177 0.065298 0.382968,
 -0.073159 0.065272 0.380968, -0.073108 0.018238 0.380834, -0.073101 0.025744 0.382968, -0.073099 0.072515 0.378003, -0.073094 0.025755 0.380968,
 -0.072997 -0.005809 0.355361, -0.072995 0.025686 0.380968, -0.072975 0.000835 0.366103, -0.072972 0.104871 0.231693, -0.072917 0.073690 0.376463,
 -0.072906 0.025619 0.382968, -0.072891 0.109285 0.155486, -0.072851 0.018477 0.378539, -0.072799 0.091811 0.324275, -0.072693 0.084325 0.347542,
 -0.072692 -0.035608 0.312932, -0.072634 0.078121 0.367106, -0.072517 0.019164 0.381584, -0.072496 0.071383 0.379266, -0.072496 0.019308 0.379258,
 -0.072479 0.010706 0.372642, -0.072388 0.070736 0.381990, -0.072386 -0.018907 0.338232, -0.072320 0.065821 0.380968, -0.072255 0.092529 0.309951,
 -0.072216 -0.067334 0.192774, -0.072210 0.019158 0.379270, -0.072123 -0.026897 0.325372, -0.072082 -0.010899 0.349794, -0.072053 -0.046762 0.281251,
 -0.072017 0.020057 0.379865, -0.071951 0.106733 0.192933, -0.071882 -0.066281 0.213585, -0.071878 0.020166 0.382181, -0.071852 0.001766 0.364660,
 -0.071776 0.070029 0.380209, -0.071765 -0.056992 0.247787, -0.071623 0.077250 0.375590, -0.071606 -0.008986 0.356188, -0.071548 0.101502 0.265459,
 -0.071498 0.020868 0.380347, -0.071494 -0.073003 0.155486, -0.071481 0.012163 0.377180, -0.071394 0.068885 0.382720, -0.071352 0.089743 0.336431,
 -0.071277 -0.054221 0.266264, -0.071270 -0.034661 0.311344, -0.071260 -0.043022 0.297942, -0.071202 0.021225 0.382616, -0.071167 -0.073003 0.155486,
 -0.071036 0.003511 0.369993, -0.071001 0.090514 0.323149, -0.070994 -0.070999 0.155486, -0.070975 0.068524 0.380786, -0.070967 0.076700 0.377218,
 -0.070949 0.021726 0.380695, -0.070830 0.103664 0.229911, -0.070785 0.082175 0.357609, -0.070585 -0.064785 0.211569, -0.070573 0.013114 0.375647,
 -0.070552 -0.022205 0.338916, -0.070501 0.022324 0.382879, -0.070473 -0.014111 0.350563, -0.070410 -0.008058 0.354728, -0.070380 0.022615 0.380903,
 -0.070289 0.066825 0.382968, -0.070226 -0.063220 0.231592, -0.070165 0.067004 0.380968, -0.070122 0.075974 0.374672, -0.070031 0.077178 0.377178,
 -0.070013 -0.030189 0.326020, -0.070001 0.004464 0.368511, -0.069862 -0.053034 0.264469, -0.069861 -0.070999 0.155486, -0.069842 -0.041985 0.296284,
 -0.069833 0.023470 0.380968, -0.069803 -0.006099 0.360835, -0.069744 0.087593 0.347605, -0.069737 -0.071470 0.175301, -0.069712 0.023559 0.382968,
 -0.069602 0.088420 0.335387, -0.069581 0.023294 0.380968, -0.069550 0.076098 0.379113, -0.069487 0.100254 0.263907, -0.069458 0.075425 0.376342,
 -0.069388 0.014632 0.379891, -0.069259 -0.021259 0.337408, -0.069253 -0.049817 0.282051, -0.069250 -0.013171 0.349082, -0.069237 0.110545 0.155486,
 -0.069203 0.016240 0.381031, -0.069024 0.006255 0.373551, -0.069002 0.075654 0.376326, -0.068957 0.067666 0.380968, -0.068917 -0.061783 0.229658,
 -0.068905 0.074648 0.380733, -0.068859 -0.037857 0.312001, -0.068701 0.098421 0.279715, -0.068694 0.017176 0.381713, -0.068679 -0.005147 0.359355,
 -0.068676 -0.029208 0.324466, -0.068672 0.079959 0.366566, -0.068638 0.017280 0.379418, -0.068616 0.074779 0.377893, -0.068577 0.015554 0.378290,
 -0.068544 -0.069695 0.173148, -0.068507 -0.059716 0.248868, -0.068347 0.015858 0.381056, -0.068288 0.112829 0.155486, -0.068287 -0.069470 0.194494,
 -0.068227 0.018037 0.379969, -0.068149 0.018180 0.382255, -0.068128 0.072902 0.381953, -0.068097 0.073599 0.379200, -0.068076 0.007215 0.372023,
 -0.068042 0.086247 0.346632, -0.067961 0.085364 0.357768, -0.067937 -0.003135 0.365175, -0.067874 -0.048647 0.280323, -0.067820 0.096504 0.294691,
 -0.067785 0.018850 0.380406, -0.067603 -0.010185 0.354069, -0.067575 0.019237 0.382649, -0.067556 0.016787 0.379445, -0.067508 -0.036805 0.310389,
 -0.067476 0.110145 0.194529, -0.067472 0.072178 0.380179, -0.067386 -0.016264 0.349855, -0.067345 0.078370 0.377069, -0.067320 0.019705 0.380721,
 -0.067259 0.070949 0.382711, -0.067199 -0.058330 0.247009, -0.067159 -0.024395 0.338093, -0.067119 -0.044993 0.296986, -0.067054 -0.067782 0.192425,
 -0.066982 0.020328 0.382888, -0.066936 0.009067 0.376770, -0.066906 0.077282 0.379037, -0.066885 -0.002165 0.363671, -0.066840 0.020588 0.380909,
 -0.066831 0.094503 0.308806, -0.066806 -0.067005 0.213037, -0.066773 0.070590 0.380779, -0.066712 -0.055769 0.265382, -0.066662 0.076678 0.376249,
 -0.066647 0.068773 0.380968, -0.066515 0.021498 0.382968, -0.066514 0.107014 0.230916, -0.066490 0.021542 0.380968, -0.066380 0.021435 0.382968,
 -0.066361 0.021469 0.380968, -0.066345 0.068909 0.382968, -0.066341 0.068899 0.380968, -0.066335 0.077684 0.374372, -0.066311 0.075807 0.380687,
 -0.066310 -0.032293 0.325111, -0.066307 0.075797 0.377839, -0.066306 0.083999 0.356849, -0.066206 -0.015277 0.348344, -0.066077 0.069007 0.380968,
 -0.066072 0.010016 0.375194, -0.066004 -0.000093 0.369203, -0.065989 0.083053 0.366887, -0.065918 -0.023381 0.336557, -0.065891 0.111536 0.155486,
 -0.065824 0.074600 0.379168, -0.065786 -0.043832 0.295314, -0.065722 -0.013162 0.354906, -0.065720 0.092418 0.322031, -0.065692 -0.073002 0.155486,
 -0.065591 0.074023 0.381931, -0.065544 -0.065394 0.211047, -0.065416 -0.054424 0.263592, -0.065340 0.103538 0.264436, -0.065290 0.113827 0.155486,
 -0.065279 -0.064073 0.230901, -0.065239 0.073151 0.380165, -0.065164 0.108905 0.192511, -0.065081 0.020743 0.380968, -0.065039 -0.072399 0.165364,
 -0.065035 -0.031225 0.323533, -0.065025 0.000886 0.367671, -0.064857 -0.039749 0.311037, -0.064825 -0.051380 0.281103, -0.064784 0.072023 0.382705,
 -0.064769 0.011945 0.379645, -0.064644 0.101671 0.280057, -0.064602 -0.012158 0.353387, -0.064585 0.071529 0.380775, -0.064475 0.090250 0.334335,
 -0.064383 -0.071677 0.175095, -0.064376 0.081678 0.366004, -0.064322 -0.070998 0.155486, -0.064279 0.105746 0.229128, -0.064201 0.014006 0.381180,
 -0.064116 -0.018225 0.349116, -0.064003 0.003026 0.372915, -0.064002 -0.009970 0.359672, -0.064000 -0.062531 0.228985, -0.063981 0.012865 0.378017,
 -0.063924 0.069893 0.380968, -0.063902 0.069833 0.382968, -0.063859 0.099717 0.294883, -0.063814 0.080662 0.374933, -0.063791 -0.070557 0.163208,
 -0.063785 0.015069 0.379537, -0.063779 0.014953 0.381811, -0.063722 -0.070832 0.184675, -0.063693 -0.060676 0.248057, -0.063594 -0.026332 0.337239,
 -0.063582 -0.038592 0.309409, -0.063553 -0.050067 0.279373, -0.063443 0.015835 0.380047, -0.063437 0.013707 0.381188, -0.063341 0.112291 0.155486,
 -0.063329 0.015963 0.382311, -0.063193 0.102235 0.262869, -0.063179 0.079970 0.376910, -0.063111 -0.069883 0.172978, -0.063094 0.004003 0.371350,
 -0.063081 0.088000 0.345689, -0.063078 0.016653 0.380450, -0.063056 -0.069864 0.194101, -0.062978 -0.017186 0.347582, -0.062973 0.097678 0.308888,
 -0.062942 -0.008956 0.358142, -0.062857 0.017021 0.382674, -0.062834 -0.046547 0.296000, -0.062696 0.017509 0.380740, -0.062668 0.014629 0.379546,
 -0.062544 0.100348 0.278595, -0.062454 -0.034085 0.324171, -0.062430 -0.069085 0.182596, -0.062411 -0.059194 0.246209, -0.062406 -0.025249 0.335681,
 -0.062382 -0.068775 0.203368, -0.062371 0.018111 0.382894, -0.062302 0.018391 0.380914, -0.062237 0.079293 0.374059, -0.062223 -0.006691 0.364148,
 -0.061975 0.095552 0.322047, -0.061931 0.006223 0.376305, -0.061928 0.070713 0.380968, -0.061903 0.019282 0.380968, -0.061834 0.019310 0.382968,
 -0.061809 0.098374 0.293523, -0.061745 -0.068162 0.192058, -0.061699 -0.067562 0.212475, -0.061650 0.080558 0.376852, -0.061597 0.078605 0.376092,
 -0.061597 -0.045261 0.294322, -0.061523 0.085671 0.356062, -0.061433 -0.013952 0.352683, -0.061293 0.114791 0.155486, -0.061286 0.079463 0.378886,
 -0.061245 -0.032928 0.322576, -0.061223 -0.005671 0.362602, -0.061087 0.007185 0.374703, -0.061057 -0.067115 0.201362, -0.060996 0.078834 0.376073,
 -0.060975 0.096313 0.307626, -0.060852 0.093339 0.334333, -0.060783 0.077949 0.380596, -0.060761 -0.055381 0.262689, -0.060723 -0.041271 0.310043,
 -0.060702 0.077946 0.377717, -0.060698 -0.019974 0.348349, -0.060674 0.112059 0.194087, -0.060384 -0.003323 0.368329, -0.060362 -0.065942 0.210504,
 -0.060299 -0.064771 0.230192, -0.060294 0.076717 0.379096, -0.060168 0.076101 0.381889, -0.060091 0.018449 0.380968, -0.060030 0.094165 0.320878,
 -0.059922 0.108859 0.230117, -0.059894 -0.028001 0.336354, -0.059796 0.075216 0.380132, -0.059602 -0.018880 0.346797, -0.059592 0.091041 0.345720,
 -0.059531 -0.040005 0.308407, -0.059475 0.074017 0.382694, -0.059442 -0.002304 0.366765, -0.059328 0.012099 0.381228, -0.059303 0.018127 0.382968,
 -0.059294 0.018152 0.380968, -0.059235 0.073525 0.380767, -0.059176 -0.016645 0.353512, -0.058998 0.010429 0.377726, -0.058977 0.105306 0.263386,
 -0.058971 0.013063 0.381842, -0.058961 0.091932 0.333251, -0.058949 -0.063224 0.228287, -0.058936 0.013156 0.379576, -0.058908 0.113418 0.155486,
 -0.058845 -0.061491 0.247225, -0.058761 -0.026845 0.334781, -0.058733 0.071789 0.382968, -0.058669 0.071818 0.380968, -0.058647 0.013935 0.380072,
 -0.058591 0.014088 0.382329, -0.058479 -0.035553 0.323201, -0.058358 0.110733 0.192077, -0.058340 0.014765 0.380464, -0.058307 0.011743 0.381226,
 -0.058193 0.015160 0.382682, -0.058184 0.088656 0.356183, -0.058128 -0.015550 0.351957, -0.058018 0.015633 0.380747, -0.057922 0.072095 0.382968,
 -0.057915 0.072073 0.380968, -0.057784 0.016264 0.382896, -0.057755 0.089615 0.344718, -0.057754 0.101398 0.293704, -0.057686 0.016526 0.380915,
 -0.057675 0.107513 0.228324, -0.057604 -0.013218 0.358407, -0.057593 0.001142 0.370624, -0.057535 0.012667 0.379574, -0.057494 -0.060006 0.245381,
 -0.057352 0.017427 0.380968, -0.057342 -0.034303 0.321596, -0.057342 0.017462 0.382968, -0.057324 -0.057721 0.263546, -0.057190 0.113855 0.155486,
 -0.056914 0.072412 0.380968, -0.056810 0.103933 0.261803, -0.056616 0.086185 0.365695, -0.056602 -0.012123 0.356847, -0.056513 0.003678 0.375789,
 -0.056400 0.087214 0.355250, -0.056282 0.102007 0.277445, -0.056109 -0.020345 0.345990, -0.056087 -0.029391 0.335442, -0.055985 -0.056290 0.261758,
 -0.055724 -0.053461 0.279128, -0.055675 0.099993 0.292323, -0.055673 0.004668 0.374177, -0.055508 0.010767 0.381221, -0.055304 0.011889 0.379571,
 -0.055192 0.011746 0.381838, -0.055047 0.012680 0.380069, -0.055022 -0.008602 0.361463, -0.055012 -0.028158 0.333859, -0.054979 0.097889 0.306414,
 -0.054880 0.084733 0.364820, -0.054875 0.083628 0.374230, -0.054856 0.012788 0.382327, -0.054774 0.013523 0.380462, -0.054715 -0.016940 0.351212,
 -0.054679 0.016429 0.380968, -0.054552 0.082774 0.376614, -0.054505 0.013878 0.382681, -0.054488 0.014405 0.380746, -0.054408 -0.052075 0.277390,
 -0.054313 0.082833 0.376607, -0.054297 -0.006064 0.367379, -0.054261 0.081681 0.378719, -0.054194 0.015313 0.380915, -0.054183 0.095696 0.319693,
 -0.054143 0.015001 0.382896, -0.054039 0.116541 0.155486, -0.054033 -0.048713 0.293946, -0.053922 0.081016 0.375881, -0.053908 0.016196 0.380968,
 -0.053850 0.080137 0.380495, -0.053741 0.016240 0.382968, -0.053687 0.080130 0.377583, -0.053676 0.008270 0.377417, -0.053612 0.113726 0.193634,
 -0.053534 -0.022786 0.346736, -0.053383 -0.004986 0.365799, -0.053355 0.078876 0.379015, -0.053342 0.078230 0.381842, -0.053181 0.082176 0.373395,
 -0.053071 0.110474 0.229299, -0.052978 0.009987 0.381190, -0.052944 0.077326 0.380095, -0.052766 0.076068 0.382682, -0.052752 -0.047363 0.292251,
 -0.052606 0.081338 0.375850, -0.052525 -0.021571 0.345164, -0.052479 0.075571 0.380758, -0.052359 0.106859 0.262310, -0.052237 -0.043475 0.307972,
 -0.052184 0.010935 0.379541, -0.052124 0.073658 0.382968, -0.052011 0.073806 0.380968, -0.051682 -0.001276 0.369852, -0.051604 0.073922 0.380968,
 -0.051586 0.117133 0.155486, -0.051495 0.115095 0.155486, -0.051398 0.102882 0.292498, -0.051216 -0.018114 0.350448, -0.051142 0.112356 0.191634,
 -0.051003 -0.042155 0.306313, -0.050804 -0.015739 0.357053, -0.050793 0.115248 0.155486, -0.050761 0.001487 0.375229, -0.050714 0.074151 0.380968,
 -0.050683 0.109085 0.227502, -0.050509 0.015144 0.382968, -0.050502 0.015168 0.380968, -0.050326 -0.037747 0.321179, -0.050109 0.098542 0.319694,
 -0.050061 0.105445 0.260712, -0.049915 0.002525 0.373618, -0.049860 -0.014548 0.355482, -0.049679 0.008970 0.381150, -0.049665 0.103488 0.276267,
 -0.049489 0.010111 0.379515, -0.049420 0.014842 0.380968, -0.049417 0.009979 0.381791, -0.049318 0.096236 0.332118, -0.049276 0.010927 0.380032,
 -0.049200 0.101439 0.291095, -0.049148 -0.036453 0.319549, -0.049137 0.011057 0.382300, -0.049049 0.011798 0.380442, -0.048844 0.012187 0.382669,
 -0.048811 0.012712 0.380737, -0.048654 0.099298 0.305173, -0.048566 0.013654 0.380913, -0.048542 0.013352 0.382893, -0.048455 -0.010874 0.360260,
 -0.048416 0.093840 0.343730, -0.048325 0.014581 0.380968, -0.048285 -0.031530 0.333541, -0.048214 0.014624 0.382968, -0.048077 0.006417 0.377092,
 -0.048019 0.097066 0.318481, -0.047885 -0.008249 0.366361, -0.047489 0.008392 0.381100, -0.047393 0.091353 0.354509, -0.047284 0.094744 0.330996,
 -0.047170 -0.030258 0.331933, -0.046997 -0.007093 0.364780, -0.046932 0.075057 0.382968, -0.046921 0.075011 0.380968, -0.046885 0.084679 0.376392,
 -0.046665 0.009381 0.379463, -0.046657 0.083596 0.378563, -0.046526 0.117980 0.155486, -0.046439 0.092332 0.342697, -0.046328 0.082031 0.380401,
 -0.046305 0.115174 0.193172, -0.046274 0.082889 0.375702, -0.046241 0.088775 0.364435, -0.046105 -0.024824 0.345030, -0.046090 0.082011 0.377458,
 -0.045917 0.080077 0.381798, -0.045825 0.080740 0.378940, -0.045493 0.079152 0.380061, -0.045482 -0.003205 0.369039, -0.045471 0.089831 0.353561,
 -0.045449 0.077851 0.382671, -0.045116 0.077344 0.380750, -0.045055 -0.023574 0.343437, -0.044948 0.086107 0.373487, -0.044938 0.075408 0.382968,
 -0.044762 -0.000315 0.374629, -0.044731 0.075506 0.380968, -0.044472 0.085147 0.376333, -0.044370 0.087244 0.363565, -0.044160 0.116480 0.155486,
 -0.043996 0.116507 0.155486, -0.043941 -0.020050 0.348851, -0.043907 0.000788 0.373031, -0.043827 0.113732 0.191181, -0.043794 -0.072996 0.155486,
 -0.043771 -0.017629 0.355620, -0.043623 0.007371 0.381010, -0.043447 0.008550 0.379403, -0.043438 0.075799 0.380968, -0.043409 0.008418 0.381700,
 -0.043370 -0.072822 0.164922, -0.043355 -0.070996 0.155486, -0.043331 -0.072996 0.155486, -0.043273 0.009397 0.379959, -0.043180 0.009543 0.382248,
 -0.043123 0.084572 0.372686, -0.043087 0.010306 0.380400, -0.042970 0.013304 0.380968, -0.042944 -0.072502 0.174229, -0.042938 0.010726 0.382646,
 -0.042891 0.011264 0.380718, -0.042785 -0.016404 0.354036, -0.042688 0.012254 0.380909, -0.042688 0.011950 0.382887, -0.042645 0.083580 0.375631,
 -0.042515 -0.072036 0.183403, -0.042491 0.013218 0.380968, -0.042407 0.013311 0.382968, -0.042268 0.004885 0.376754, -0.042162 -0.070996 0.155486,
 -0.042082 -0.071423 0.192442, -0.041861 0.006979 0.380954, -0.041809 -0.070896 0.162935, -0.041644 -0.070665 0.201345, -0.041585 -0.012637 0.358988,
 -0.041361 -0.070635 0.172262, -0.041272 -0.009944 0.365283, -0.041200 -0.069760 0.210107, -0.041000 0.008025 0.379340, -0.040914 -0.070225 0.181456,
 -0.040714 0.117043 0.155486, -0.040467 -0.069667 0.190514, -0.040339 -0.008750 0.363703, -0.040289 -0.067511 0.227206, -0.040018 -0.068959 0.199435,
 -0.039566 -0.068103 0.208215, -0.039340 -0.064678 0.243719, -0.039176 0.119212 0.155486, -0.039111 0.116360 0.192701, -0.039111 -0.067097 0.216854,
 -0.039042 -0.004744 0.368179, -0.038959 0.113042 0.227613, -0.038910 0.012520 0.382968, -0.038900 0.012575 0.380968, -0.038683 0.086269 0.376192,
 -0.038677 0.109347 0.260092, -0.038650 -0.065942 0.225348, -0.038595 -0.001769 0.373994, -0.038510 0.085199 0.378421, -0.038346 -0.061260 0.259628,
 -0.038256 0.083620 0.380315, -0.038206 0.105276 0.290011, -0.038089 0.084448 0.375542, -0.037950 0.083581 0.377345, -0.037935 0.081631 0.381758,
 -0.037746 0.082299 0.378872, -0.037712 -0.063184 0.241892, -0.037693 -0.000618 0.372413, -0.037568 0.079351 0.382661, -0.037487 0.080681 0.380029,
 -0.037486 0.100829 0.317242, -0.037350 0.005976 0.380810, -0.037297 -0.057257 0.274916, -0.037192 0.078830 0.380742, -0.037186 0.002501 0.377984,
 -0.037186 0.007208 0.379242, -0.037177 0.007065 0.381568, -0.037150 0.076776 0.382968, -0.037045 0.008088 0.379854, -0.036989 0.008243 0.382172,
 -0.036893 0.009042 0.380340, -0.036892 0.076951 0.380968, -0.036790 0.009491 0.382611, -0.036743 -0.059829 0.257831, -0.036732 0.010052 0.380692,
 -0.036640 0.117599 0.155486, -0.036629 -0.019355 0.354119, -0.036621 0.114853 0.190720, -0.036584 0.010786 0.382878, -0.036565 0.011100 0.380902,
 -0.036533 0.111526 0.225808, -0.036460 0.096005 0.341655, -0.036400 0.012127 0.380968, -0.036364 0.012176 0.382968, -0.036324 0.107816 0.258466,
 -0.036285 0.003624 0.376401, -0.036187 -0.052669 0.289564, -0.036110 0.005754 0.380772, -0.035936 0.103725 0.288567, -0.035908 0.077125 0.380968,
 -0.035814 0.093452 0.352765, -0.035733 -0.055879 0.273146, -0.035656 0.101537 0.302619, -0.035607 0.119810 0.155486, -0.035308 0.099254 0.315985,
 -0.035199 0.006866 0.379194, -0.035069 0.090805 0.363123, -0.035005 -0.047496 0.303554, -0.034886 0.096877 0.328647, -0.034673 -0.051333 0.287819,
 -0.034557 0.011797 0.380968, -0.034549 -0.011472 0.364155, -0.034379 0.094406 0.340591, -0.034217 0.088064 0.372712, -0.033870 0.087009 0.376089,
 -0.033781 0.091842 0.351798, -0.033744 -0.041738 0.316867, -0.033555 -0.046193 0.301832, -0.033196 0.087113 0.376075, -0.033084 0.086268 0.377980,
 -0.033082 0.089186 0.362253, -0.033052 0.086024 0.378317, -0.032947 0.085228 0.375453, -0.032923 0.085049 0.379668, -0.032852 0.084514 0.376971,
 -0.032841 0.084434 0.380226, -0.032833 0.084368 0.377282, -0.032720 0.083519 0.378306, -0.032719 0.083510 0.381063, -0.032662 0.083081 0.378835,
 -0.032656 0.087248 0.375917, -0.032576 0.082434 0.381689, -0.032557 0.082284 0.379410, -0.032508 0.086427 0.377861, -0.032482 0.081717 0.382106,
 -0.032446 0.081449 0.380012, -0.032395 -0.035396 0.329484, -0.032367 -0.040461 0.315168, -0.032367 0.080854 0.380243, -0.032366 0.085355 0.375337,
 -0.032319 -0.003051 0.373329, -0.032291 0.085222 0.379586, -0.032273 0.080141 0.382621, -0.032271 0.086440 0.371938, -0.032258 0.088320 0.372565,
 -0.032249 0.084692 0.376899, -0.032221 0.079748 0.382750, -0.032198 0.079576 0.380738, -0.032197 0.086205 0.372611, -0.032159 0.079282 0.380774,
 -0.032077 0.083718 0.378283, -0.032014 0.083687 0.381014, -0.032013 0.086445 0.371913, -0.031948 0.077690 0.380968, -0.031948 0.077690 0.382968,
 -0.031858 0.082479 0.379427, -0.031691 0.081891 0.382083, -0.031602 0.081029 0.380279, -0.031345 0.087681 0.375509, -0.031334 0.079914 0.382744,
 -0.031327 0.089519 0.369080, -0.031321 0.079435 0.380800, -0.031178 0.087756 0.375452, -0.031128 0.087598 0.368559, -0.031121 0.086931 0.377549,
 -0.031099 -0.034137 0.327809, -0.031046 0.077872 0.380968, -0.030961 0.077844 0.382968, -0.030950 -0.028469 0.341389, -0.030870 0.004814 0.380613,
 -0.030791 0.085828 0.375001, -0.030775 0.085774 0.379371, -0.030733 0.118405 0.155486, -0.030729 0.005935 0.381438, -0.030710 0.006093 0.379084,
 -0.030610 0.085223 0.376642, -0.030598 0.085909 0.374955, -0.030596 0.007000 0.379751, -0.030576 0.007161 0.382098, -0.030472 0.007992 0.380281,
 -0.030413 0.008465 0.382578, -0.030340 0.009049 0.380666, -0.030331 0.084289 0.378107, -0.030324 0.084266 0.380886, -0.030243 0.009824 0.382870,
 -0.030203 0.010149 0.380896, -0.030068 0.011226 0.380968, -0.030054 0.011325 0.382968, -0.029982 0.088293 0.375046, -0.029967 0.083071 0.379323,
 -0.029806 0.091356 0.363170, -0.029790 0.082478 0.382024, -0.029737 -0.027224 0.339737, -0.029719 0.089697 0.369582, -0.029699 0.087633 0.377193,
 -0.029637 0.091547 0.362488, -0.029623 0.089435 0.362644, -0.029536 0.081627 0.380231, -0.029422 0.089664 0.361828, -0.029401 -0.020957 0.352562,
 -0.029303 0.086451 0.374653, -0.029270 0.088702 0.374784, -0.029232 0.086547 0.379124, -0.029199 0.087812 0.369162, -0.029198 0.080496 0.382729,
 -0.029076 0.085914 0.376376, -0.029060 0.078274 0.380968, -0.029058 0.080028 0.380788, -0.028721 0.089017 0.374581, -0.028704 0.085033 0.377922,
 -0.028605 0.085089 0.380739, -0.028576 0.078415 0.380968, -0.028576 0.078414 0.382968, -0.028407 0.078464 0.380968, -0.028402 0.088455 0.376833,
 -0.028385 0.086950 0.374420, -0.028289 0.091510 0.363619, -0.028268 -0.019722 0.350937, -0.028206 0.083852 0.379213, -0.028188 0.090144 0.370151,
 -0.027851 0.083335 0.381956, -0.027835 0.087452 0.378872, -0.027802 0.089620 0.363183, -0.027793 0.087272 0.374270, -0.027739 -0.012860 0.362985,
 -0.027608 0.082433 0.380181, -0.027537 0.086815 0.376080, -0.027509 0.089871 0.374100, -0.027488 -0.015751 0.356258, -0.027361 0.088349 0.369844,
 -0.027241 0.094247 0.352844, -0.027180 0.089413 0.376456, -0.027102 0.092300 0.352409, -0.027081 0.086003 0.377717, -0.027050 0.086063 0.380588,
 -0.027008 0.081374 0.382711, -0.026940 0.080850 0.380776, -0.026900 0.094598 0.351424, -0.026833 0.091902 0.364123, -0.026793 0.079080 0.380968,
 -0.026787 0.079064 0.382968, -0.026777 0.090847 0.370769, -0.026742 0.004207 0.380500, -0.026701 0.092714 0.350729, -0.026699 0.005528 0.378996,
 -0.026674 -0.011633 0.361390, -0.026623 0.005346 0.381364, -0.026603 0.006449 0.379692, -0.026530 0.088508 0.378608, -0.026496 0.007461 0.380248,
 -0.026492 0.006597 0.382054, -0.026450 0.084879 0.379090, -0.026383 0.008542 0.380651, -0.026352 0.007932 0.382558, -0.026350 0.088257 0.373873,
 -0.026275 0.079277 0.380968, -0.026264 0.009670 0.380892, -0.026207 0.009326 0.382865, -0.026153 0.010727 0.380968, -0.026119 0.079307 0.382968,
 -0.026090 0.084366 0.381885, -0.026086 0.087890 0.375758, -0.026084 0.087887 0.375770, -0.026055 0.090091 0.363787, -0.026053 0.010786 0.382968,
 -0.025956 -0.004178 0.372639, -0.025877 0.094364 0.353220, -0.025825 -0.007369 0.366331, -0.025731 0.010673 0.380968, -0.025680 0.083506 0.380125,
 -0.025667 0.089192 0.370587, -0.025606 0.079533 0.380968, -0.025597 0.087210 0.380428, -0.025558 0.087156 0.377500, -0.025476 0.092524 0.364669,
 -0.025464 0.092440 0.352860, -0.025091 0.111034 0.257807, -0.025088 0.114761 0.225876, -0.025016 0.000382 0.377172, -0.025007 0.082452 0.382693,
 -0.024997 0.118101 0.191740, -0.024969 0.079838 0.380968, -0.024967 0.106919 0.287449, -0.024937 -0.002959 0.371079, -0.024845 0.120923 0.155486,
 -0.024813 0.081960 0.380762, -0.024804 0.086106 0.378960, -0.024677 0.102417 0.314714, -0.024555 0.094674 0.353636, -0.024436 0.085594 0.381811,
 -0.024426 0.090836 0.364443, -0.024285 0.003937 0.380441, -0.024180 0.097528 0.339516, -0.024166 0.097412 0.340023, -0.024063 0.097518 0.339593,
 -0.024039 0.097540 0.339492, -0.024007 0.001596 0.375632, -0.023966 0.095548 0.339250, -0.023954 0.080428 0.380968, -0.023877 0.092812 0.353360,
 -0.023867 0.084800 0.380065, -0.023862 0.080427 0.382968, -0.023859 0.010490 0.382968, -0.023856 0.010524 0.380968, -0.023848 0.095659 0.338743,
 -0.023303 0.095171 0.354084, -0.023272 0.005167 0.378929, -0.023116 0.083755 0.382674, -0.022885 0.097598 0.339898, -0.022833 0.083362 0.380726,
 -0.022801 0.083317 0.380747, -0.022724 0.109395 0.256154, -0.022671 0.113132 0.224064, -0.022661 0.105266 0.285964, -0.022651 0.095904 0.350801,
 -0.022572 0.103055 0.299990, -0.022551 0.095644 0.339616, -0.022540 0.116476 0.189779, -0.022440 0.100746 0.313414, -0.022376 0.119244 0.155486,
 -0.022374 0.093409 0.353898, -0.022325 0.081376 0.380968, -0.022258 0.098340 0.326228, -0.022164 0.097238 0.331498, -0.021962 0.093301 0.374100,
 -0.021897 -0.073000 0.155486, -0.021733 0.097822 0.340230, -0.021712 0.081801 0.380968, -0.021712 0.081801 0.382968, -0.021699 0.092802 0.376456,
 -0.021688 -0.073241 0.164455, -0.021479 -0.073311 0.173312, -0.021458 0.093523 0.374100, -0.021268 -0.073210 0.182057, -0.021180 0.091816 0.378608,
 -0.021167 0.095914 0.340015, -0.021054 -0.072938 0.190687, -0.021036 0.091542 0.373873, -0.020976 0.095030 0.346485, -0.020875 0.098446 0.325956,
 -0.020861 -0.014107 0.361780, -0.020838 -0.072496 0.199202, -0.020826 0.091143 0.375758, -0.020625 0.098187 0.340583, -0.020620 -0.071883 0.207601,
 -0.020603 0.100744 0.324783, -0.020542 0.098758 0.324522, -0.020488 0.119434 0.155486, -0.020435 0.090401 0.380428, -0.020411 0.090354 0.377480,
 -0.020397 -0.071100 0.215882, -0.020170 -0.070145 0.224044, -0.020001 -0.070996 0.155486, -0.019836 0.096352 0.340440, -0.019817 -0.071235 0.162646,
 -0.019815 0.089222 0.378936, -0.019730 -0.012865 0.360174, -0.019702 -0.067725 0.240007, -0.019624 0.092165 0.373873, -0.019620 0.100794 0.325025,
 -0.019589 -0.071374 0.171505, -0.019523 -0.005149 0.371929, -0.019509 0.088640 0.381811, -0.019362 -0.071339 0.180250, -0.019360 0.098818 0.324814,
 -0.019210 -0.064621 0.255482, -0.019138 -0.071130 0.188881, -0.019074 0.087814 0.380042, -0.018915 -0.070747 0.197396, -0.018693 -0.070190 0.205795,
 -0.018691 -0.060835 0.270457, -0.018652 0.100944 0.325285, -0.018471 -0.069459 0.214076, -0.018454 0.086637 0.382674, -0.018448 -0.003899 0.370375,
 -0.018264 0.003274 0.380297, -0.018249 -0.068553 0.222238, -0.018230 0.086211 0.380733, -0.018197 0.098998 0.325127, -0.018140 -0.056366 0.284925,
 -0.018056 0.102921 0.313733, -0.017984 0.100955 0.313377, -0.017970 0.102990 0.313356, -0.017802 -0.066220 0.238201, -0.017774 0.101122 0.312457,
 -0.017743 0.121658 0.155486, -0.017708 0.101192 0.325560, -0.017658 0.003207 0.380283, -0.017630 0.004573 0.378821, -0.017585 0.004375 0.381220,
 -0.017570 0.005518 0.379577, -0.017554 -0.051214 0.298876, -0.017504 0.006566 0.380182, -0.017504 0.005670 0.381971, -0.017433 0.007693 0.380622,
 -0.017416 0.007062 0.382521, -0.017358 0.008874 0.380885, -0.017348 -0.063189 0.253675, -0.017334 0.084508 0.380968, -0.017334 0.084508 0.382968,
 -0.017325 0.008520 0.382855, -0.017287 0.010000 0.380968, -0.017225 0.010115 0.382968, -0.017210 0.102954 0.313937, -0.017063 0.099298 0.325457,
 -0.016969 0.100994 0.313622, -0.016927 -0.045380 0.312301, -0.016882 -0.059463 0.268653, -0.016543 0.009941 0.380968, -0.016528 0.102314 0.319440,
 -0.016398 -0.055041 0.283127, -0.016374 0.103061 0.314154, -0.016256 -0.038863 0.325190, -0.015994 0.095932 0.374100, -0.015965 0.101122 0.313882,
 -0.015891 -0.049925 0.297087, -0.015803 0.095401 0.376456, -0.015553 0.103241 0.314380, -0.015536 -0.031663 0.337534, -0.015425 0.094353 0.378608,
 -0.015385 0.105041 0.302092, -0.015354 -0.044116 0.310527, -0.015332 0.103067 0.301774, -0.015320 0.094062 0.373873, -0.015167 0.093638 0.375758,
 -0.014980 0.101338 0.314154, -0.014979 0.085547 0.380968, -0.014979 0.085547 0.382968, -0.014882 0.092849 0.380428, -0.014865 0.092800 0.377480,
 -0.014780 -0.037615 0.323439, -0.014763 -0.023780 0.349324, -0.014677 0.105059 0.302261, -0.014596 0.096329 0.374100, -0.014537 0.103652 0.298310,
 -0.014482 0.103089 0.301977, -0.014431 0.091596 0.378936, -0.014208 0.090977 0.381811, -0.014159 -0.030421 0.335815, -0.014010 0.102223 0.308914,
 -0.013974 0.105130 0.302437, -0.013933 -0.015215 0.360550, -0.013891 0.090099 0.380042, -0.013638 0.103174 0.302189, -0.013482 -0.022535 0.347649,
 -0.013440 0.088848 0.382674, -0.013280 0.105253 0.302621, -0.013276 0.088395 0.380733, -0.013041 -0.005967 0.371204, -0.012881 0.106880 0.291214,
 -0.012844 0.104901 0.290926, -0.012806 0.103321 0.302409, -0.012738 -0.013957 0.358931, -0.012624 0.086585 0.380968, -0.012624 0.086585 0.382968,
 -0.012296 0.106889 0.291353, -0.012191 0.002863 0.380177, -0.012142 0.104912 0.291093, -0.012127 0.107394 0.287973, -0.012122 0.107888 0.284836,
 -0.012085 0.112019 0.255477, -0.012025 0.094999 0.373873, -0.011984 0.115754 0.224104, -0.011911 -0.004685 0.369654, -0.011839 0.119093 0.190759,
 -0.011715 0.106934 0.291497, -0.011664 0.121897 0.155486, -0.011461 0.000211 0.374803, -0.011444 0.104966 0.291266, -0.011359 0.107917 0.284670,
 -0.011143 0.106065 0.283584, -0.011138 0.107014 0.291646, -0.011089 0.004186 0.378719, -0.010751 0.105062 0.291445, -0.010541 0.108474 0.281152,
 -0.010518 0.106492 0.280889, -0.010089 0.120104 0.155486, -0.010066 0.108477 0.281266, -0.009948 0.106494 0.281026, -0.009863 0.106906 0.278116,
 -0.009802 0.110275 0.253799, -0.009720 0.097714 0.374100, -0.009687 0.114016 0.222289, -0.009604 0.097163 0.376456, -0.009592 0.108502 0.281383,
 -0.009537 0.117355 0.188821, -0.009381 0.120121 0.155486, -0.009379 0.106525 0.281166, -0.009375 0.096072 0.378608, -0.009311 0.095770 0.373873,
 -0.009218 0.095328 0.375758, -0.009121 0.108552 0.281503, -0.009060 0.108595 0.281204, -0.009045 0.094508 0.380428, -0.009034 0.094456 0.377480,
 -0.008814 0.106585 0.281311, -0.008770 0.093205 0.378936, -0.008635 0.092561 0.381811, -0.008588 0.009627 0.382968, -0.008587 0.009654 0.380968,
 -0.008442 0.091647 0.380042, -0.008411 0.002625 0.380104, -0.008402 0.004027 0.378677, -0.008384 0.003813 0.381101, -0.008380 0.004988 0.379483,
 -0.008359 0.109848 0.271956, -0.008356 0.006062 0.380128, -0.008353 0.005140 0.381903, -0.008350 0.107862 0.271712, -0.008329 0.007225 0.380598,
 -0.008320 0.006575 0.382490, -0.008301 0.008446 0.380880, -0.008286 0.008083 0.382847, -0.008273 0.009643 0.380968, -0.008250 0.009625 0.382968,
 -0.008168 0.090346 0.382674, -0.008069 0.089875 0.380733, -0.007981 0.109846 0.272049, -0.007896 0.107860 0.271823, -0.007672 0.087992 0.380968,
 -0.007672 0.087992 0.382968, -0.007604 0.109859 0.272143, -0.007443 0.107875 0.271937, -0.007386 0.098040 0.374100, -0.007228 0.109886 0.272240,
 -0.006991 0.107909 0.272053, -0.006965 0.009596 0.380968, -0.006527 -0.006632 0.370469, -0.006332 0.109033 0.263448, -0.006327 0.111020 0.263676,
 -0.006099 0.002578 0.380069, -0.006035 0.111015 0.263751, -0.005981 0.109027 0.263537, -0.005743 0.111020 0.263826, -0.005630 0.109032 0.263628,
 -0.005452 0.111033 0.263903, -0.005344 -0.005319 0.368920, -0.005280 0.109048 0.263721, -0.005193 0.109100 0.263326, -0.004955 0.003966 0.378635,
 -0.004446 0.110016 0.256159, -0.004427 0.112005 0.256373, -0.004212 0.111999 0.256432, -0.004186 0.110008 0.256230, -0.004054 0.096502 0.373873,
 -0.003996 0.111998 0.256492, -0.003927 0.110007 0.256303, -0.003780 0.112002 0.256553, -0.003698 0.112328 0.253858, -0.003667 0.110012 0.256375,
 -0.003405 0.110481 0.252548, -0.003261 0.098614 0.374100, -0.003222 0.098052 0.376456, -0.003145 0.096940 0.378608, -0.003124 0.096632 0.373873,
 -0.003092 0.096182 0.375758, -0.003034 0.095345 0.380428, -0.003031 0.095293 0.377480, -0.002942 0.094017 0.378936, -0.002897 0.093360 0.381811,
 -0.002832 0.092429 0.380042, -0.002740 0.091102 0.382674, -0.002707 0.090622 0.380733, -0.002652 0.110817 0.249936, -0.002616 0.112808 0.250133,
 -0.002574 0.088702 0.380968, -0.002574 0.088702 0.382968, -0.002475 0.110810 0.249992, -0.002469 0.112802 0.250181, -0.002323 0.112798 0.250228,
 -0.002322 0.110946 0.248909, -0.002302 0.112929 0.249162, -0.002298 0.110805 0.250049, -0.002176 0.112797 0.250276, -0.002167 0.112923 0.249208,
 -0.002160 0.110938 0.248963, -0.002121 0.110804 0.250107, -0.002032 0.112919 0.249253, -0.001997 0.110933 0.249018, -0.001897 0.112917 0.249299,
 -0.001835 0.110931 0.249072, -0.001044 0.111370 0.245442, -0.001015 0.113354 0.245692, -0.000937 0.111363 0.245489, -0.000926 0.113348 0.245731,
 -0.000837 0.113343 0.245770, -0.000831 0.111357 0.245536, -0.000749 0.113340 0.245809, -0.000725 0.111353 0.245583, -0.000149 0.111574 0.243695,
 -0.000132 0.113560 0.243934, -0.000099 0.111569 0.243729, -0.000074 0.113555 0.243969, -0.000057 -0.011341 0.361820, -0.000054 -0.015527 0.356613,
 -0.000054 -0.015527 0.356613, -0.000052 -0.018267 0.353204, -0.000050 -0.005689 0.368297, -0.000050 -0.005688 0.368298, -0.000047 -0.003950 0.370290,
 -0.000037 0.111599 0.243477, -0.000035 -0.024627 0.344596, -0.000035 -0.024626 0.344597, -0.000035 -0.024745 0.344436, -0.000034 0.111595 0.243513,
 -0.000029 0.111564 0.243772, -0.000025 0.114228 0.220836, -0.000025 0.114228 0.220836, -0.000025 0.111583 0.243613, -0.000023 0.114782 0.216064,
 -0.000022 0.009586 0.380968, -0.000017 0.111572 0.243702, -0.000016 0.113550 0.244005, -0.000013 0.004848 0.379414, -0.000013 0.004848 0.379414,
 -0.000013 0.111566 0.243752, -0.000011 0.117575 0.188038, -0.000011 0.117575 0.188038, -0.000011 -0.047992 0.304279, -0.000011 -0.047037 0.306238,
 -0.000011 -0.047037 0.306239, -0.000011 -0.043364 0.313772, -0.000010 -0.030786 0.335508, -0.000010 0.117722 0.186565, -0.000010 0.111563 0.243780,
 -0.000009 -0.052217 0.294599, -0.000009 -0.040332 0.319378, -0.000009 -0.040331 0.319378, -0.000008 -0.052945 0.292717, -0.000008 -0.052945 0.292717,
 -0.000007 -0.038326 0.323086, -0.000006 -0.056041 0.284721, -0.000004 -0.058051 0.278808, -0.000004 -0.058051 0.278808, -0.000003 -0.059468 0.274638,
 -0.000003 -0.072387 0.186252, -0.000003 -0.072369 0.187382, -0.000003 -0.072369 0.187382, -0.000003 -0.072247 0.179145, -0.000003 -0.072247 0.179145,
 -0.000003 -0.072142 0.173864, -0.000003 -0.072239 0.195526, -0.000003 -0.072239 0.195526, -0.000002 -0.071975 0.170813, -0.000002 -0.071975 0.170813,
 -0.000002 -0.072194 0.198339, -0.000002 -0.071917 0.203573, -0.000002 -0.071917 0.203574, -0.000002 -0.071571 0.210135, -0.000002 -0.071445 0.211529,
 -0.000002 -0.071445 0.211529, -0.000001 -0.071514 0.162384, -0.000001 -0.071514 0.162384, -0.000001 -0.071447 0.161163, -0.000001 -0.062440 0.264539,
 -0.000001 -0.062440 0.264539, -0.000001 -0.062499 0.264340, -0.000001 -0.070733 0.219387, -0.000001 -0.070733 0.219387, -0.000001 -0.070528 0.221652,
 -0.000000 -0.069071 0.232901, -0.000000 -0.068747 0.234818, -0.000000 -0.068747 0.234818, -0.000000 0.005940 0.380089, -0.000000 -0.065957 0.249863,
 -0.000000 -0.065957 0.249863, -0.000000 -0.065132 0.253815, -0.000000 -0.067257 0.243632, -0.000000 -0.032901 0.332179, -0.000000 -0.032901 0.332180,
 0.000000 -0.074378 0.190154, 0.000000 -0.074350 0.188885, 0.000000 -0.074174 0.180677, 0.000000 -0.074100 0.196995, 0.000000 -0.073996 0.172373,
 0.000000 -0.073918 0.168738, 0.000000 -0.073775 0.205020, -0.000000 -0.073590 0.163978, 0.000000 -0.073545 0.210692, 0.000000 -0.073307 0.212950,
 -0.000000 -0.073004 0.155486, 0.000000 -0.072480 0.220778, 0.000000 -0.071463 0.230414, 0.000000 -0.070997 0.155486, 0.000000 -0.070461 0.236170,
 0.000000 -0.068162 0.249386, 0.000000 -0.067713 0.251206, 0.000000 -0.064105 0.265860, 0.000000 -0.063660 0.267664, 0.000000 -0.059640 0.280115,
 0.000000 -0.057965 0.285304, 0.000000 -0.054444 0.294006, 0.000000 -0.051067 0.302355, 0.000000 -0.048515 0.307544, 0.000000 -0.042948 0.318863,
 0.000000 -0.041848 0.320740, 0.000000 -0.034346 0.333546, 0.000000 -0.033574 0.334864, 0.000000 -0.032882 0.332211, 0.000000 -0.025976 0.345918,
 0.000000 -0.022900 0.350392, 0.000000 -0.016875 0.357943, 0.000000 -0.010870 0.365469, 0.000000 -0.007043 0.369636, 0.000000 0.002452 0.379975,
 -0.000000 0.003671 0.380990, -0.000000 0.003996 0.381259, -0.000000 0.005020 0.381812, -0.000000 0.005718 0.382189, -0.000000 0.006475 0.382421,
 -0.000000 0.007633 0.382775, 0.000000 0.008006 0.382823, 0.000000 0.008988 0.382950, -0.000000 0.009586 0.382968, -0.000000 0.088702 0.380968,
 -0.000000 0.088702 0.382968, -0.000000 0.098614 0.374100, -0.000000 0.111550 0.243892, -0.000000 0.113537 0.244118, -0.000000 0.113539 0.244097,
 -0.000000 0.113549 0.244013, -0.000000 0.113553 0.243984, -0.000000 0.113553 0.243984, -0.000000 0.113568 0.243854, -0.000000 0.113568 0.243854,
 0.000000 0.113584 0.243725, 0.000000 0.115976 0.222300, 0.000000 0.118334 0.201174, 0.000000 0.119338 0.189760, 0.000000 0.122354 0.155486,
 0.000000 0.120348 0.155486, 0.000014 0.007125 0.380580, 0.000014 0.007126 0.380580, 0.000017 0.003878 0.378574, 0.000029 0.008374 0.380875,
 0.000029 0.008375 0.380876, 0.000388 0.111453 0.244730, 0.000401 0.113440 0.244956, 0.000476 0.113444 0.244919, 0.000478 0.111458 0.244685,
 0.000551 0.113449 0.244881, 0.000568 0.111464 0.244640, 0.000626 0.113454 0.244844, 0.000658 0.111470 0.244595, 0.001341 0.111134 0.247405,
 0.001386 0.113121 0.247631, 0.001478 0.111138 0.247354, 0.001500 0.113124 0.247589, 0.001614 0.113128 0.247546, 0.001615 0.111143 0.247303,
 0.001728 0.113134 0.247504, 0.001752 0.111150 0.247252, 0.001851 0.110924 0.249129, 0.001896 0.112917 0.249296, 0.002014 0.110926 0.249074,
 0.002031 0.112920 0.249251, 0.002166 0.112924 0.249205, 0.002177 0.110931 0.249019, 0.002301 0.112930 0.249160, 0.002340 0.110939 0.248965,
 0.002574 0.088702 0.380968, 0.002574 0.088702 0.382968, 0.002707 0.090622 0.380733, 0.002740 0.091102 0.382674, 0.002832 0.092429 0.380042,
 0.002897 0.093360 0.381811, 0.002942 0.094017 0.378936, 0.003031 0.095293 0.377480, 0.003034 0.095345 0.380428, 0.003092 0.096182 0.375758,
 0.003124 0.096632 0.373873, 0.003145 0.096940 0.378608, 0.003164 0.110287 0.254229, 0.003222 0.098052 0.376456, 0.003259 0.112277 0.254406,
 0.003261 0.098614 0.374100, 0.003396 0.110284 0.254162, 0.003417 0.110482 0.252551, 0.003451 0.112275 0.254350, 0.003628 0.110287 0.254095,
 0.003644 0.112277 0.254295, 0.003724 0.112331 0.253865, 0.003837 0.112283 0.254240, 0.003860 0.110294 0.254028, 0.004054 0.096502 0.373873,
 0.004523 0.109516 0.260196, 0.004668 0.111503 0.260379, 0.004830 0.109505 0.260113, 0.004923 0.111494 0.260310, 0.004952 0.003965 0.378635,
 0.005137 0.109504 0.260031, 0.005179 0.111492 0.260242, 0.005189 0.109095 0.263340, 0.005340 -0.005320 0.368919, 0.005435 0.111498 0.260175,
 0.005445 0.109510 0.259950, 0.005956 0.108611 0.266961, 0.006099 0.002578 0.380069, 0.006154 0.110593 0.267149, 0.006346 0.108589 0.266859,
 0.006479 0.110574 0.267064, 0.006527 -0.006632 0.370469, 0.006736 0.108580 0.266760, 0.006804 0.110567 0.266981, 0.007128 0.108585 0.266662,
 0.007129 0.110571 0.266900, 0.007386 0.098040 0.374100, 0.007476 0.107568 0.274480, 0.007672 0.087992 0.380968, 0.007672 0.087992 0.382968,
 0.007732 0.109542 0.274673, 0.007957 0.107528 0.274357, 0.008069 0.089875 0.380733, 0.008132 0.109509 0.274570, 0.008168 0.090346 0.382674,
 0.008230 0.009621 0.380968, 0.008249 0.009707 0.382968, 0.008257 0.008446 0.380880, 0.008285 0.007224 0.380598, 0.008286 0.008083 0.382847,
 0.008312 0.006061 0.380128, 0.008320 0.006575 0.382490, 0.008336 0.004986 0.379482, 0.008353 0.005140 0.381903, 0.008358 0.004025 0.378676,
 0.008368 0.009622 0.380968, 0.008384 0.003813 0.381101, 0.008411 0.002625 0.380104, 0.008440 0.107509 0.274237, 0.008442 0.091647 0.380042,
 0.008535 0.109493 0.274470, 0.008635 0.092561 0.381811, 0.008770 0.093205 0.378936, 0.008925 0.107510 0.274119, 0.008938 0.109494 0.274372,
 0.009034 0.094456 0.377480, 0.009045 0.094508 0.380428, 0.009056 0.108593 0.281197, 0.009087 0.106377 0.282722, 0.009218 0.095328 0.375758,
 0.009311 0.095770 0.373873, 0.009375 0.096072 0.378608, 0.009406 0.108342 0.282920, 0.009604 0.097163 0.376456, 0.009670 0.106313 0.282573,
 0.009720 0.097714 0.374100, 0.009892 0.108289 0.282796, 0.010089 0.120104 0.155486, 0.010256 0.106279 0.282428, 0.010380 0.108260 0.282675,
 0.010792 0.105029 0.291660, 0.010845 0.106276 0.282287, 0.010870 0.108257 0.282558, 0.011048 0.004184 0.378718, 0.011145 0.106069 0.283586,
 0.011181 0.106980 0.291864, 0.011361 0.107921 0.284673, 0.011419 0.000207 0.374800, 0.011487 0.104932 0.291480, 0.011640 0.120004 0.155486,
 0.011664 0.121897 0.155486, 0.011760 0.106899 0.291715, 0.011815 0.117244 0.188997, 0.011839 0.119093 0.190759, 0.011867 -0.004690 0.369649,
 0.011978 0.113903 0.222616, 0.011984 0.115754 0.224104, 0.012025 0.094999 0.373873, 0.012085 0.112019 0.255477, 0.012100 0.110162 0.254233,
 0.012122 0.107888 0.284836, 0.012126 0.107397 0.287966, 0.012156 0.106022 0.283803, 0.012162 0.105370 0.287979, 0.012188 0.104877 0.291306,
 0.012191 0.002863 0.380177, 0.012344 0.106854 0.291570, 0.012593 0.103507 0.301267, 0.012624 0.086585 0.380968, 0.012624 0.086585 0.382968,
 0.012691 -0.013964 0.358922, 0.012893 0.104867 0.291139, 0.012931 0.106845 0.291431, 0.013041 -0.005967 0.371204, 0.013059 0.105441 0.301482,
 0.013276 0.088395 0.380733, 0.013365 0.009814 0.380968, 0.013366 0.009781 0.382968, 0.013411 0.103366 0.301051, 0.013433 -0.022544 0.347637,
 0.013440 0.088848 0.382674, 0.013741 0.105323 0.301302, 0.013891 0.090099 0.380042, 0.013933 -0.015215 0.360550, 0.014017 0.102224 0.308949,
 0.014107 -0.030431 0.335802, 0.014208 0.090977 0.381811, 0.014239 0.103285 0.300844, 0.014431 0.105255 0.301129, 0.014431 0.091596 0.378936,
 0.014494 0.101794 0.311522, 0.014538 0.103657 0.298312, 0.014596 0.096329 0.374100, 0.014725 -0.037626 0.323424, 0.014763 -0.023780 0.349324,
 0.014865 0.092800 0.377480, 0.014882 0.092849 0.380428, 0.014979 0.085547 0.380968, 0.014979 0.085547 0.382968, 0.015045 0.103703 0.311749,
 0.015073 0.103264 0.300645, 0.015126 0.105238 0.300963, 0.015167 0.093638 0.375758, 0.015297 -0.044128 0.310511, 0.015320 0.094062 0.373873,
 0.015343 0.100993 0.316124, 0.015425 0.094353 0.378608, 0.015445 0.101595 0.311263, 0.015536 -0.031663 0.337534, 0.015803 0.095401 0.376456,
 0.015832 -0.049937 0.297071, 0.015838 0.103537 0.311532, 0.015911 0.102910 0.316242, 0.015994 0.095932 0.374100, 0.016256 -0.038863 0.325190,
 0.016337 -0.055053 0.283110, 0.016340 0.009929 0.380968, 0.016354 0.100763 0.315842, 0.016413 0.101477 0.311014, 0.016522 0.102314 0.319405,
 0.016644 0.103439 0.311325, 0.016753 0.102719 0.316008, 0.016819 -0.059474 0.268638, 0.016927 -0.045380 0.312301, 0.017225 0.010087 0.382968,
 0.017245 0.009997 0.380968, 0.017283 -0.063200 0.253661, 0.017316 0.008872 0.380886, 0.017325 0.008520 0.382855, 0.017334 0.084508 0.380968,
 0.017334 0.084508 0.382968, 0.017386 0.100627 0.315574, 0.017390 0.101442 0.310779, 0.017390 0.007691 0.380622, 0.017416 0.007062 0.382521,
 0.017458 0.103410 0.311129, 0.017461 0.006563 0.380182, 0.017504 0.005670 0.381971, 0.017527 0.005515 0.379577, 0.017554 -0.051214 0.298876,
 0.017585 0.004375 0.381220, 0.017587 0.004569 0.378820, 0.017611 0.102606 0.315785, 0.017658 0.003207 0.380283, 0.017735 -0.066229 0.238188,
 0.017743 0.121658 0.155486, 0.017774 0.101125 0.312458, 0.017970 0.102990 0.313356, 0.018140 -0.056366 0.284925, 0.018181 -0.068562 0.222227,
 0.018230 0.086211 0.380733, 0.018264 0.003274 0.380297, 0.018283 0.098035 0.332071, 0.018365 -0.003910 0.370366, 0.018402 -0.069466 0.214066,
 0.018429 0.100584 0.315321, 0.018454 0.086637 0.382674, 0.018479 0.102571 0.315574, 0.018623 -0.070197 0.205787, 0.018691 -0.060835 0.270457,
 0.018845 -0.070753 0.197389, 0.018997 0.099898 0.332225, 0.019067 -0.071135 0.188876, 0.019074 0.087814 0.380042, 0.019210 -0.064621 0.255482,
 0.019291 -0.071343 0.180246, 0.019505 0.097678 0.331702, 0.019509 0.088640 0.381811, 0.019516 -0.071377 0.171503, 0.019523 -0.005149 0.371929,
 0.019624 0.092165 0.373873, 0.019641 -0.012880 0.360158, 0.019702 -0.067725 0.240007, 0.019744 -0.071236 0.162645, 0.019815 0.089222 0.378936,
 0.019927 -0.070996 0.155486, 0.020014 0.099602 0.331918, 0.020170 -0.070145 0.224044, 0.020397 -0.071100 0.215882, 0.020411 0.090354 0.377480,
 0.020435 0.090401 0.380428, 0.020488 0.119434 0.155486, 0.020620 -0.071883 0.207601, 0.020764 0.097461 0.331354, 0.020826 0.091143 0.375758,
 0.020838 -0.072496 0.199202, 0.020861 -0.014107 0.361780, 0.020877 0.098421 0.325950, 0.020970 0.095068 0.346496, 0.021004 0.095028 0.346672,
 0.021036 0.091542 0.373873, 0.021054 -0.072938 0.190687, 0.021063 0.099422 0.331628, 0.021180 0.091816 0.378608, 0.021268 -0.073210 0.182057,
 0.021458 0.093523 0.374100, 0.021479 -0.073311 0.173312, 0.021688 -0.073241 0.164455, 0.021699 0.092802 0.376456, 0.021712 0.081801 0.380968,
 0.021712 0.081801 0.382968, 0.021826 0.096866 0.346688, 0.021897 -0.073000 0.155486, 0.021962 0.093301 0.374100, 0.022047 0.097387 0.331032,
 0.022131 0.099359 0.331360, 0.022380 0.094563 0.346024, 0.022596 0.081256 0.380968, 0.022638 0.081169 0.382968, 0.022651 0.095904 0.350797,
 0.022801 0.083317 0.380747, 0.022833 0.083362 0.380726, 0.023001 0.096445 0.346295, 0.023116 0.083755 0.382674, 0.023158 0.005155 0.378927,
 0.023198 0.092398 0.358178, 0.023577 0.082754 0.380753, 0.023717 0.091745 0.360846, 0.023854 0.094250 0.345584, 0.023855 0.095617 0.338735,
 0.023867 0.084801 0.380064, 0.023890 0.001580 0.375624, 0.023928 0.083158 0.382683, 0.024048 0.097493 0.339483, 0.024098 0.010512 0.380968,
 0.024165 0.097378 0.339981, 0.024179 0.094125 0.358405, 0.024180 0.095299 0.340119, 0.024180 0.097528 0.339516, 0.024217 0.095629 0.338809,
 0.024229 0.096185 0.345928, 0.024285 0.003937 0.380441, 0.024436 0.085594 0.381811, 0.024496 0.098128 0.326661, 0.024541 0.080056 0.380968,
 0.024565 0.084265 0.380088, 0.024677 0.102417 0.314714, 0.024707 0.093481 0.360975, 0.024714 0.100530 0.313875, 0.024754 0.091743 0.357596,
 0.024805 0.086106 0.378960, 0.024815 -0.002979 0.371066, 0.024827 0.118998 0.155486, 0.024845 0.120923 0.155486, 0.024857 0.079895 0.382968,
 0.024865 0.079913 0.380968, 0.024877 0.102835 0.300460, 0.024967 0.106919 0.287449, 0.024972 0.116246 0.189947, 0.024993 0.105044 0.286430,
 0.024997 0.118101 0.191740, 0.025016 0.000382 0.377172, 0.025079 0.112903 0.224377, 0.025088 0.114761 0.225876, 0.025091 0.111034 0.257807,
 0.025100 0.109168 0.256567, 0.025145 0.085033 0.381844, 0.025305 0.091053 0.360234, 0.025368 0.094135 0.345182, 0.025438 0.085600 0.379012,
 0.025476 0.093580 0.357920, 0.025489 0.096089 0.345593, 0.025559 0.087156 0.377500, 0.025597 0.087210 0.380428, 0.025609 0.089270 0.370306,
 0.025656 0.081483 0.380768, 0.025699 -0.007392 0.366312, 0.025888 0.081942 0.382702, 0.025956 -0.004178 0.372639, 0.026029 0.092906 0.360466,
 0.026055 0.010787 0.382968, 0.026084 0.087887 0.375770, 0.026086 0.087890 0.375758, 0.026109 0.010743 0.380968, 0.026145 0.086681 0.377586,
 0.026207 0.009326 0.382865, 0.026219 0.086688 0.380499, 0.026223 0.009666 0.380893, 0.026341 0.008538 0.380651, 0.026350 0.088257 0.373873,
 0.026352 0.007932 0.382558, 0.026405 0.091333 0.357058, 0.026444 0.083047 0.380148, 0.026454 0.007456 0.380248, 0.026492 0.006597 0.382054,
 0.026530 0.088508 0.378608, 0.026544 -0.011658 0.361367, 0.026561 0.006444 0.379692, 0.026602 0.079134 0.382968, 0.026606 0.079143 0.380968,
 0.026623 0.005346 0.381364, 0.026645 0.087446 0.375893, 0.026657 0.005522 0.378995, 0.026705 0.092695 0.350726, 0.026716 0.090927 0.370486,
 0.026742 0.004207 0.380500, 0.026853 0.093238 0.357471, 0.026863 0.083881 0.381917, 0.026906 0.094575 0.351420, 0.026909 0.087850 0.374031,
 0.026997 0.090618 0.359669, 0.027025 0.078957 0.380968, 0.027089 0.088028 0.378725, 0.027145 0.084441 0.379141, 0.027173 0.078884 0.382968,
 0.027180 0.089413 0.376456, 0.027291 0.078839 0.380968, 0.027300 0.088432 0.369568, 0.027353 -0.015778 0.356230, 0.027439 0.092544 0.359996,
 0.027509 0.089871 0.374100, 0.027631 0.080553 0.380780, 0.027705 0.088977 0.376623, 0.027724 0.085590 0.377801, 0.027732 0.085607 0.380656,
 0.027739 -0.012860 0.362985, 0.027946 0.080961 0.382719, 0.028032 0.078583 0.380968, 0.028032 0.089482 0.374312, 0.028117 0.091176 0.356574,
 0.028125 0.090229 0.369872, 0.028129 -0.019751 0.350906, 0.028147 0.086431 0.376201, 0.028236 0.082143 0.380198, 0.028279 0.093107 0.357067,
 0.028376 0.086932 0.374422, 0.028394 0.086921 0.374426, 0.028448 0.087028 0.378986, 0.028544 0.011022 0.380968, 0.028548 0.010985 0.382968,
 0.028680 0.082934 0.381986, 0.028755 0.090450 0.359162, 0.028780 0.083572 0.379250, 0.028902 0.092404 0.359575, 0.028973 0.088071 0.376996,
 0.029134 0.087898 0.368889, 0.029234 0.084767 0.377985, 0.029263 0.088688 0.374785, 0.029278 0.088678 0.374791, 0.029340 0.084707 0.380804,
 0.029401 -0.020957 0.352562, 0.029427 0.089643 0.361824, 0.029466 0.078219 0.380968, 0.029534 0.078151 0.382968, 0.029577 0.085667 0.376466,
 0.029591 -0.027256 0.339701, 0.029643 0.091523 0.362484, 0.029652 0.089785 0.369307, 0.029790 0.086228 0.374770, 0.029865 0.079785 0.380793,
 0.029891 0.086189 0.379233, 0.030055 0.080231 0.382735, 0.030068 0.011224 0.382968, 0.030072 0.011197 0.380968, 0.030203 0.010149 0.380896,
 0.030243 0.009824 0.382870, 0.030272 0.081384 0.380249, 0.030308 0.087309 0.377350, 0.030340 0.009049 0.380666, 0.030413 0.008465 0.382578,
 0.030472 0.007993 0.380282, 0.030551 0.082214 0.382049, 0.030568 0.088009 0.375250, 0.030576 0.007161 0.382098, 0.030596 0.007001 0.379751,
 0.030601 0.085922 0.374954, 0.030640 0.082832 0.379361, 0.030710 0.006093 0.379084, 0.030729 0.005935 0.381438, 0.030733 0.118405 0.155486,
 0.030870 0.004814 0.380613, 0.030888 0.077857 0.380968, 0.030946 -0.034172 0.327768, 0.030950 -0.028469 0.341389, 0.030953 0.084060 0.378172,
 0.031001 0.084008 0.380940, 0.031058 0.087685 0.368290, 0.031180 0.087765 0.375450, 0.031194 0.085010 0.376737, 0.031255 0.089607 0.368808,
 0.031354 0.085637 0.375125, 0.031382 0.085530 0.379460, 0.031614 0.011374 0.380968, 0.031677 0.086708 0.377678, 0.031873 0.087489 0.375678,
 0.031948 0.077690 0.380968, 0.031948 0.077690 0.382968, 0.032013 0.086443 0.371912, 0.032159 0.079283 0.380774, 0.032198 0.079575 0.380739,
 0.032208 -0.040497 0.315125, 0.032221 0.079748 0.382750, 0.032259 0.088318 0.372565, 0.032273 0.080141 0.382621, 0.032319 -0.003051 0.373329,
 0.032367 0.080854 0.380243, 0.032395 -0.035396 0.329484, 0.032446 0.081448 0.380013, 0.032482 0.081717 0.382106, 0.032557 0.082284 0.379410,
 0.032576 0.082434 0.381689, 0.032662 0.083081 0.378835, 0.032719 0.083510 0.381063, 0.032720 0.083520 0.378306, 0.032833 0.084368 0.377282,
 0.032841 0.084434 0.380226, 0.032852 0.084514 0.376971, 0.032923 0.085049 0.379668, 0.032947 0.085228 0.375453, 0.033052 0.086024 0.378317,
 0.033084 0.086268 0.377980, 0.033196 0.087113 0.376075, 0.033389 -0.046230 0.301788, 0.033744 -0.041738 0.316867, 0.033808 0.085097 0.375468,
 0.033870 0.087009 0.376089, 0.034174 0.086159 0.372068, 0.034217 0.088064 0.372712, 0.034502 -0.051369 0.287776, 0.034549 -0.011472 0.364155,
 0.035005 -0.047496 0.303554, 0.035016 0.006834 0.379189, 0.035056 0.088896 0.362481, 0.035069 0.090805 0.363123, 0.035556 -0.055914 0.273105,
 0.035607 0.119810 0.155486, 0.035814 0.093452 0.352765, 0.035819 0.091542 0.352104, 0.036097 0.003588 0.376389, 0.036110 0.005754 0.380772,
 0.036187 -0.052669 0.289564, 0.036357 0.012211 0.382968, 0.036401 0.012125 0.380968, 0.036460 0.096005 0.341655, 0.036476 0.094098 0.340956,
 0.036560 -0.059862 0.257793, 0.036564 0.011101 0.380902, 0.036584 0.010786 0.382878, 0.036629 -0.019355 0.354119, 0.036732 0.010053 0.380692,
 0.036790 0.009491 0.382611, 0.036893 0.009042 0.380341, 0.036895 0.076969 0.380968, 0.036989 0.008243 0.382172, 0.037027 0.076949 0.380968,
 0.037035 0.096561 0.329055, 0.037045 0.008088 0.379854, 0.037173 0.076904 0.382968, 0.037177 0.007065 0.381568, 0.037186 0.007208 0.379242,
 0.037186 0.002501 0.377984, 0.037192 0.078829 0.380743, 0.037297 -0.057257 0.274916, 0.037350 0.005976 0.380810, 0.037486 0.100829 0.317242,
 0.037487 0.080680 0.380030, 0.037497 -0.000660 0.372392, 0.037507 0.098931 0.316418, 0.037525 -0.063213 0.241858, 0.037568 0.079351 0.382661,
 0.037746 0.082298 0.378873, 0.037898 0.101207 0.303063, 0.037935 0.081631 0.381758, 0.037950 0.083581 0.377345, 0.038089 0.084448 0.375542,
 0.038206 0.105276 0.290011, 0.038218 0.103389 0.289006, 0.038256 0.083620 0.380315, 0.038346 -0.061260 0.259628, 0.038458 -0.065967 0.225319,
 0.038510 0.085199 0.378421, 0.038595 -0.001769 0.373994, 0.038677 0.109347 0.260092, 0.038677 0.107470 0.258856, 0.038679 0.076644 0.380968,
 0.038683 0.086269 0.376192, 0.038685 0.076676 0.382968, 0.038830 0.012505 0.380968, 0.038840 -0.004789 0.368151, 0.038916 -0.067120 0.216828,
 0.038946 0.111172 0.226102, 0.038959 0.113042 0.227613, 0.039088 0.114494 0.190878, 0.039111 0.116360 0.192701, 0.039155 0.117255 0.155486,
 0.039176 0.119212 0.155486, 0.039340 -0.064678 0.243719, 0.039369 -0.068123 0.208193, 0.039819 -0.068977 0.199416, 0.040129 -0.008800 0.363668,
 0.040266 -0.069681 0.190499, 0.040289 -0.067511 0.227206, 0.040711 -0.070236 0.181444, 0.040715 0.117043 0.155486, 0.040787 0.007980 0.379335,
 0.041156 -0.070642 0.172255, 0.041200 -0.069760 0.210107, 0.041272 -0.009944 0.365283, 0.041369 -0.012690 0.358946, 0.041601 -0.070899 0.162932,
 0.041644 -0.070665 0.201345, 0.041782 0.013106 0.380968, 0.041791 0.013064 0.382968, 0.041861 0.006979 0.380954, 0.041953 -0.070996 0.155486,
 0.042049 0.004834 0.376741, 0.042082 -0.071423 0.192442, 0.042426 0.013225 0.382968, 0.042484 0.013249 0.380968, 0.042515 -0.072036 0.183403,
 0.042562 -0.016459 0.353989, 0.042688 0.011950 0.382887, 0.042688 0.012255 0.380909, 0.042891 0.011265 0.380719, 0.042938 0.010726 0.382646,
 0.042944 -0.072502 0.174229, 0.043087 0.010307 0.380400, 0.043180 0.009543 0.382248, 0.043273 0.009397 0.379960, 0.043331 -0.072996 0.155486,
 0.043341 -0.070996 0.155486, 0.043370 -0.072822 0.164922, 0.043409 0.008418 0.381700, 0.043447 0.008550 0.379403, 0.043623 0.007371 0.381010,
 0.043680 0.000731 0.373008, 0.043712 -0.020108 0.348800, 0.043771 -0.017629 0.355620, 0.043794 -0.072996 0.155486, 0.044160 0.116480 0.155486,
 0.044357 0.083254 0.375665, 0.044472 0.085147 0.376333, 0.044736 0.075527 0.380968, 0.044762 -0.000315 0.374629, 0.044820 -0.023635 0.343381,
 0.044851 0.084211 0.372806, 0.044919 0.075336 0.382968, 0.044948 0.086107 0.373487, 0.045017 0.075475 0.380968, 0.045115 0.077343 0.380750,
 0.045247 -0.003267 0.369007, 0.045449 0.077851 0.382671, 0.045493 0.079151 0.380061, 0.045634 0.013890 0.380968, 0.045825 0.080739 0.378941,
 0.045917 0.080077 0.381798, 0.045958 0.110002 0.226946, 0.046090 0.082011 0.377458, 0.046105 -0.024824 0.345030, 0.046178 0.086865 0.363777,
 0.046241 0.088775 0.364435, 0.046274 0.082889 0.375702, 0.046275 0.113299 0.191334, 0.046305 0.115174 0.193172, 0.046328 0.082031 0.380401,
 0.046422 0.009318 0.379458, 0.046498 0.116046 0.155486, 0.046526 0.117980 0.155486, 0.046657 0.083596 0.378563, 0.046755 -0.007160 0.364741,
 0.046885 0.084679 0.376392, 0.046923 -0.030322 0.331871, 0.047075 0.014235 0.380968, 0.047352 0.089437 0.353845, 0.047393 0.091353 0.354509,
 0.047489 0.008392 0.381100, 0.047830 0.006344 0.377077, 0.047885 -0.008249 0.366361, 0.048194 0.014695 0.382968, 0.048206 -0.010945 0.360214,
 0.048285 -0.031530 0.333541, 0.048324 0.014579 0.380968, 0.048387 0.091924 0.343037, 0.048416 0.093840 0.343730, 0.048542 0.013352 0.382893,
 0.048565 0.013655 0.380913, 0.048811 0.012713 0.380737, 0.048844 0.012187 0.382669, 0.048889 -0.036518 0.319483, 0.049049 0.011799 0.380442,
 0.049049 0.074564 0.380968, 0.049137 0.011057 0.382300, 0.049276 0.010927 0.380033, 0.049295 0.094322 0.331376, 0.049318 0.096236 0.332118,
 0.049417 0.009979 0.381791, 0.049489 0.010111 0.379515, 0.049604 -0.014623 0.355429, 0.049660 0.002441 0.373592, 0.049679 0.008970 0.381150,
 0.050089 0.096631 0.318884, 0.050109 0.098542 0.319694, 0.050326 -0.037747 0.321179, 0.050735 -0.042220 0.306246, 0.050761 0.001487 0.375229,
 0.050778 0.098851 0.305586, 0.050793 0.115248 0.155486, 0.050804 -0.015739 0.357053, 0.050953 -0.018193 0.350391, 0.051375 0.100980 0.291504,
 0.051398 0.102882 0.292498, 0.051419 -0.001371 0.369817, 0.051586 0.117133 0.155486, 0.051888 0.103018 0.276659, 0.051916 0.010853 0.379538,
 0.052000 0.073768 0.380968, 0.052066 0.073750 0.380968, 0.052079 0.073796 0.382968, 0.052237 -0.043475 0.307972, 0.052256 -0.021653 0.345102,
 0.052329 0.104966 0.261075, 0.052359 0.106859 0.262310, 0.052397 0.015699 0.380968, 0.052474 -0.047427 0.292184, 0.052478 0.075570 0.380759,
 0.052766 0.076068 0.382682, 0.052944 0.077325 0.380095, 0.052978 0.009987 0.381190, 0.053033 0.108587 0.227775, 0.053071 0.110474 0.229299,
 0.053113 -0.005090 0.365755, 0.053342 0.078230 0.381842, 0.053355 0.078876 0.379016, 0.053405 0.008171 0.377401, 0.053531 0.016083 0.380968,
 0.053534 -0.022786 0.346736, 0.053540 0.016056 0.382968, 0.053569 0.111842 0.191781, 0.053612 0.113726 0.193634, 0.053687 0.080130 0.377583,
 0.053773 0.016146 0.382968, 0.053850 0.080137 0.380495, 0.053903 0.016209 0.380968, 0.053922 0.081016 0.375881, 0.053987 0.114552 0.155486,
 0.054033 -0.048713 0.293946, 0.054039 0.116541 0.155486, 0.054115 0.080957 0.375886, 0.054120 -0.052136 0.277326, 0.054143 0.015001 0.382896,
 0.054194 0.015314 0.380915, 0.054261 0.081681 0.378719, 0.054297 -0.006064 0.367379, 0.054313 0.082833 0.376607, 0.054436 -0.017043 0.351151,
 0.054488 0.014405 0.380746, 0.054505 0.013878 0.382681, 0.054552 0.082774 0.376614, 0.054697 0.081748 0.373503, 0.054731 -0.028244 0.333789,
 0.054744 -0.008714 0.361411, 0.054774 0.013523 0.380463, 0.054856 0.012788 0.382327, 0.054875 0.083628 0.374230, 0.055047 0.012680 0.380069,
 0.055192 0.011746 0.381838, 0.055304 0.011889 0.379571, 0.055396 0.004553 0.374149, 0.055508 0.010767 0.381221, 0.055687 -0.056346 0.261699,
 0.055724 -0.053461 0.279128, 0.055824 -0.020452 0.345924, 0.056053 0.072675 0.380968, 0.056087 -0.029391 0.335442, 0.056102 0.095220 0.320081,
 0.056318 -0.012244 0.356789, 0.056471 0.084281 0.365013, 0.056513 0.003678 0.375789, 0.056616 0.086185 0.365695, 0.056946 0.097400 0.306810,
 0.057048 -0.034392 0.321522, 0.057188 -0.060057 0.245328, 0.057190 0.113855 0.155486, 0.057243 0.012565 0.379574, 0.057310 0.001012 0.370587,
 0.057323 0.017504 0.382968, 0.057324 -0.057721 0.263546, 0.057486 0.017422 0.380968, 0.057604 -0.013218 0.358407, 0.057686 0.099491 0.292715,
 0.057686 0.016527 0.380915, 0.057754 0.101398 0.293704, 0.057784 0.016264 0.382896, 0.057837 -0.015679 0.351893, 0.058018 0.015633 0.380747,
 0.058059 0.086740 0.355511, 0.058184 0.088656 0.356183, 0.058193 0.015160 0.382682, 0.058307 0.011743 0.381226, 0.058333 0.101494 0.277821,
 0.058339 0.014765 0.380464, 0.058462 -0.026961 0.334707, 0.058479 -0.035553 0.323201, 0.058591 0.014088 0.382329, 0.058635 -0.063267 0.228243,
 0.058647 0.013936 0.380072, 0.058662 0.071799 0.380968, 0.058705 0.071695 0.382968, 0.058711 0.010302 0.377709, 0.058845 -0.061491 0.247225,
 0.058899 0.103408 0.262151, 0.058936 0.013156 0.379576, 0.058971 0.013063 0.381842, 0.058977 0.105306 0.263386, 0.059152 -0.002450 0.366718,
 0.059176 -0.016645 0.353512, 0.059227 -0.040095 0.308331, 0.059235 0.073524 0.380768, 0.059304 -0.019016 0.346727, 0.059328 0.012099 0.381228,
 0.059475 0.074017 0.382694, 0.059479 0.089119 0.345030, 0.059592 0.091041 0.345720, 0.059796 0.075215 0.380132, 0.059834 0.106969 0.228587,
 0.059894 -0.028001 0.336354, 0.059922 0.108859 0.230117, 0.060040 -0.065976 0.210469, 0.060168 0.076101 0.381889, 0.060294 0.076717 0.379096,
 0.060299 -0.064771 0.230192, 0.060384 -0.003323 0.368329, 0.060580 0.110171 0.192219, 0.060674 0.112059 0.194087, 0.060698 -0.019974 0.348349,
 0.060702 0.077946 0.377717, 0.060723 -0.041271 0.310043, 0.060730 -0.067144 0.201333, 0.060744 0.091417 0.333599, 0.060783 0.077949 0.380596,
 0.060798 0.007036 0.374675, 0.060852 0.093339 0.334333, 0.060928 -0.005830 0.362547, 0.060935 -0.033051 0.322498, 0.060996 0.078834 0.376073,
 0.061132 -0.014109 0.352616, 0.061185 0.112839 0.155486, 0.061255 0.082783 0.365605, 0.061281 -0.045350 0.294247, 0.061286 0.079463 0.378886,
 0.061293 0.114791 0.155486, 0.061415 -0.068186 0.192035, 0.061650 0.080558 0.376852, 0.061699 -0.067562 0.212475, 0.061868 0.019243 0.382968,
 0.061869 0.093631 0.321248, 0.061918 0.019250 0.380968, 0.061931 0.006223 0.376305, 0.061975 0.095552 0.322047, 0.062095 -0.025398 0.335603,
 0.062096 -0.069103 0.182579, 0.062217 0.070605 0.380968, 0.062223 -0.006691 0.364148, 0.062301 0.018391 0.380914, 0.062320 0.019416 0.380968,
 0.062320 0.019416 0.382968, 0.062321 0.019417 0.380968, 0.062358 0.014506 0.379549, 0.062371 0.018111 0.382894, 0.062382 -0.068775 0.203368,
 0.062454 -0.034085 0.324171, 0.062603 0.070444 0.380968, 0.062609 0.070457 0.382968, 0.062642 -0.009129 0.358079, 0.062671 -0.017353 0.347510,
 0.062696 0.017509 0.380740, 0.062774 -0.069895 0.172967, 0.062802 0.003834 0.371311, 0.062834 -0.046547 0.296000, 0.062857 0.017021 0.382674,
 0.062865 0.078123 0.376131, 0.062867 0.095760 0.308005, 0.062973 0.097678 0.308888, 0.063054 0.085163 0.356310, 0.063056 -0.069864 0.194101,
 0.063078 0.016653 0.380450, 0.063179 0.079970 0.376910, 0.063228 -0.050154 0.279301, 0.063260 -0.038720 0.309329, 0.063329 0.015963 0.382311,
 0.063341 0.112291 0.155486, 0.063437 0.013707 0.381188, 0.063443 0.015835 0.380047, 0.063450 -0.070562 0.163204, 0.063519 0.078814 0.374155,
 0.063594 -0.026332 0.337239, 0.063656 -0.062579 0.228937, 0.063685 0.012707 0.378000, 0.063693 -0.060676 0.248057, 0.063722 -0.070832 0.184675,
 0.063750 0.097804 0.293898, 0.063779 0.014953 0.381811, 0.063785 0.015069 0.379537, 0.063814 0.080662 0.374933, 0.063859 0.099717 0.294883,
 0.063908 0.069860 0.382968, 0.063924 0.069892 0.380968, 0.063977 -0.070998 0.155486, 0.064002 -0.009970 0.359672, 0.064003 0.003026 0.372915,
 0.064116 -0.018225 0.349116, 0.064201 0.014006 0.381180, 0.064296 -0.012344 0.353318, 0.064383 -0.071677 0.175095, 0.064532 0.099761 0.278955,
 0.064584 0.071528 0.380776, 0.064644 0.101671 0.280057, 0.064670 0.087467 0.345987, 0.064713 -0.031385 0.323451, 0.064731 0.000697 0.367622,
 0.064769 0.011945 0.379645, 0.064784 0.072023 0.382705, 0.064825 -0.051380 0.281103, 0.064857 -0.039749 0.311037, 0.065039 -0.072399 0.165364,
 0.065080 -0.054507 0.263526, 0.065190 -0.065432 0.211010, 0.065224 0.101632 0.263202, 0.065239 0.073150 0.380165, 0.065279 -0.064073 0.230901,
 0.065290 0.113827 0.155486, 0.065340 0.103538 0.264436, 0.065453 -0.043963 0.295234, 0.065591 0.074023 0.381931, 0.065599 -0.023566 0.336477,
 0.065692 -0.073002 0.155486, 0.065717 0.021072 0.380968, 0.065718 0.081169 0.366178, 0.065722 -0.013162 0.354906, 0.065779 0.009833 0.375165,
 0.065823 0.074599 0.379169, 0.065895 -0.015475 0.348269, 0.065989 0.083053 0.366887, 0.066004 -0.000093 0.369203, 0.066072 0.068995 0.380968,
 0.066118 0.089694 0.334667, 0.066287 0.068769 0.382968, 0.066306 0.075797 0.377839, 0.066310 -0.032293 0.325111, 0.066311 0.075807 0.380687,
 0.066322 0.021544 0.382968, 0.066374 0.021446 0.380968, 0.066392 0.105114 0.229380, 0.066514 0.107014 0.230916, 0.066588 -0.002372 0.363613,
 0.066662 0.076678 0.376249, 0.066692 -0.067808 0.192400, 0.066712 -0.055769 0.265382, 0.066772 0.070589 0.380779, 0.066806 -0.067005 0.213037,
 0.066840 0.020589 0.380909, 0.066855 -0.058406 0.246951, 0.066906 0.077282 0.379037, 0.066936 0.009067 0.376770, 0.066982 0.020328 0.382888,
 0.067082 0.068573 0.380968, 0.067119 -0.044993 0.296986, 0.067159 -0.024395 0.338093, 0.067174 -0.036974 0.310305, 0.067231 0.016639 0.379453,
 0.067259 0.070949 0.382711, 0.067297 -0.010400 0.353999, 0.067320 0.019705 0.380721, 0.067345 0.078370 0.377069, 0.067352 0.108247 0.192647,
 0.067386 -0.016264 0.349855, 0.067414 0.091840 0.322383, 0.067471 0.072177 0.380180, 0.067476 0.110145 0.194529, 0.067508 0.077180 0.374463,
 0.067531 -0.048779 0.280247, 0.067575 0.019237 0.382649, 0.067702 0.083460 0.357084, 0.067785 0.018850 0.380406, 0.067786 0.007008 0.371983,
 0.067937 -0.003135 0.365175, 0.067961 0.085364 0.357768, 0.068097 0.073599 0.379201, 0.068128 0.072902 0.381953, 0.068149 0.018180 0.382255,
 0.068150 0.110866 0.155486, 0.068173 -0.069708 0.173137, 0.068227 0.018037 0.379969, 0.068277 0.015363 0.378272, 0.068287 -0.069470 0.194494,
 0.068288 0.112829 0.155486, 0.068346 -0.029408 0.324380, 0.068347 0.015858 0.381056, 0.068380 -0.005372 0.359290, 0.068507 -0.059716 0.248868,
 0.068564 -0.061853 0.229609, 0.068571 0.093904 0.309167, 0.068616 0.074778 0.377893, 0.068638 0.017280 0.379418, 0.068694 0.017176 0.381713,
 0.068859 -0.037857 0.312001, 0.068905 0.074648 0.380733, 0.068938 -0.021480 0.337325, 0.068941 -0.013401 0.349005, 0.069002 0.075654 0.376326,
 0.069024 0.006255 0.373551, 0.069184 0.023046 0.380968, 0.069203 0.016240 0.381031, 0.069237 0.110544 0.155486, 0.069253 -0.049817 0.282051,
 0.069388 0.014632 0.379891, 0.069400 0.023192 0.380968, 0.069406 0.023184 0.382968, 0.069483 -0.070999 0.155486, 0.069489 0.085682 0.346913,
 0.069498 -0.042161 0.296200, 0.069510 -0.053165 0.264399, 0.069550 0.076098 0.379113, 0.069604 0.095885 0.295049, 0.069714 0.004234 0.368461,
 0.069737 -0.071470 0.175301, 0.069744 0.087593 0.347605, 0.069776 0.023457 0.382968, 0.069803 -0.006099 0.360835, 0.069827 0.023479 0.380968,
 0.069902 0.079417 0.366730, 0.070013 -0.030189 0.326020, 0.070031 0.077178 0.377178, 0.070109 -0.008301 0.354656, 0.070161 0.066995 0.380968,
 0.070223 -0.064845 0.211531, 0.070226 -0.063220 0.231592, 0.070280 0.012896 0.375618, 0.070336 0.066911 0.382968, 0.070380 0.022616 0.380903,
 0.070473 -0.014111 0.350563, 0.070497 0.074904 0.376378, 0.070501 0.022324 0.382879, 0.070527 0.097783 0.280058, 0.070552 -0.022205 0.338916,
 0.070730 0.066703 0.380968, 0.070741 0.066725 0.382968, 0.070930 -0.034875 0.311256, 0.070949 0.021726 0.380695, 0.070967 0.076700 0.377218,
 0.070974 0.068523 0.380786, 0.070991 -0.070999 0.155486, 0.071036 0.003511 0.369993, 0.071096 0.087828 0.335702, 0.071167 -0.073003 0.155486,
 0.071171 0.075455 0.374757, 0.071202 0.021225 0.382616, 0.071260 -0.043022 0.297942, 0.071277 -0.054221 0.266264, 0.071348 0.066386 0.380968,
 0.071352 0.099597 0.264225, 0.071352 0.089743 0.336431, 0.071394 0.068885 0.382720, 0.071403 -0.057121 0.247725, 0.071481 0.012163 0.377180,
 0.071494 -0.073003 0.155486, 0.071498 0.020868 0.380347, 0.071548 0.101502 0.265459, 0.071568 0.001514 0.364602, 0.071606 -0.008986 0.356188,
 0.071623 0.077250 0.375590, 0.071699 -0.046943 0.281172, 0.071776 0.070028 0.380210, 0.071779 -0.011158 0.349716, 0.071793 -0.027137 0.325283,
 0.071846 -0.067383 0.192749, 0.071873 0.018981 0.379284, 0.071878 0.020166 0.382181, 0.071882 -0.066281 0.213585, 0.072017 0.020057 0.379865,
 0.072068 0.081599 0.357831, 0.072069 -0.019164 0.338147, 0.072195 0.010461 0.372602, 0.072387 0.025207 0.380968, 0.072388 0.070736 0.381990,
 0.072496 0.019308 0.379258, 0.072496 0.071382 0.379266, 0.072517 0.019164 0.381584, 0.072538 0.089898 0.323484, 0.072547 0.018254 0.378521,
 0.072692 -0.035608 0.312932, 0.072706 -0.006078 0.355288, 0.072766 0.102972 0.230151, 0.072799 0.091811 0.324275, 0.072838 0.025710 0.382968,
 0.072972 0.104871 0.231693, 0.072975 0.000835 0.366103, 0.072988 0.025693 0.380968, 0.073099 0.072515 0.378003, 0.073108 0.018238 0.380834,
 0.073204 -0.058204 0.249657, 0.073227 -0.060645 0.230259, 0.073281 0.072400 0.380813, 0.073348 -0.011795 0.351240, 0.073353 -0.001149 0.360411,
 0.073369 -0.039962 0.297142, 0.073447 -0.069469 0.173294, 0.073489 -0.068899 0.194878, 0.073492 0.009752 0.374111, 0.073519 -0.027792 0.326895,
 0.073526 -0.047791 0.282970, 0.073555 0.073370 0.376485, 0.073656 0.024820 0.380894, 0.073702 0.017541 0.380101, 0.073720 0.064782 0.382968,
 0.073728 0.077563 0.367260, 0.073730 -0.019787 0.339706, 0.073765 0.024488 0.382867, 0.073793 -0.051318 0.265255, 0.073801 0.064900 0.380968,
 0.073832 0.091889 0.310294, 0.073870 0.073179 0.376496, 0.073953 0.106010 0.193063, 0.074025 0.083714 0.347808, 0.074027 0.008063 0.369230,
 0.074029 0.073793 0.379248, 0.074100 0.093799 0.311168, 0.074165 0.107906 0.194960, 0.074177 0.079404 0.368000, 0.074338 0.023927 0.380657,
 0.074383 -0.008782 0.350400, 0.074433 0.016189 0.376027, 0.074479 -0.032442 0.312181, 0.074519 0.073636 0.375038, 0.074595 0.074846 0.377373,
 0.074602 0.023385 0.382568, 0.074625 0.066348 0.380792, 0.074774 0.027137 0.380968, 0.074775 0.027136 0.382968, 0.074844 -0.001775 0.361885,
 0.074859 -0.070918 0.155486, 0.074867 0.108604 0.155486, 0.074958 -0.016651 0.338941, 0.074985 0.066722 0.382728, 0.074991 0.093800 0.296164,
 0.074992 0.023070 0.380262, 0.074996 -0.063737 0.212033, 0.075004 -0.024601 0.326158, 0.075025 0.027339 0.380968, 0.075035 0.027327 0.382968,
 0.075049 -0.061768 0.232265, 0.075062 -0.071074 0.175501, 0.075075 -0.003755 0.355895, 0.075204 0.110527 0.155486, 0.075213 -0.040652 0.298866,
 0.075267 0.095706 0.297141, 0.075312 0.027572 0.380968, 0.075324 -0.070909 0.155486, 0.075406 0.022327 0.382077, 0.075423 0.007399 0.370690,
 0.075521 0.026262 0.380887, 0.075540 0.067757 0.380235, 0.075605 0.022267 0.379717, 0.075675 -0.052161 0.267118, 0.075679 -0.044666 0.282075,
 0.075695 0.015473 0.377531, 0.075747 0.025998 0.382857, 0.075785 0.005705 0.365507, 0.075789 0.085759 0.336701, 0.075798 -0.055284 0.248485,
 0.075988 -0.009347 0.351883, 0.076032 0.095631 0.281127, 0.076044 0.079621 0.358549, 0.076116 0.068457 0.382021, 0.076159 0.021335 0.381402,
 0.076165 0.021534 0.379032, 0.076233 0.014144 0.373157, 0.076235 0.021582 0.379026, 0.076284 0.025371 0.380628, 0.076304 -0.033026 0.313829,
 0.076316 0.097533 0.282225, 0.076365 0.069029 0.379321, 0.076372 0.063033 0.380968, 0.076381 0.063045 0.382968, 0.076478 0.021357 0.378743,
 0.076484 0.062952 0.380968, 0.076497 0.062970 0.382968, 0.076499 0.081484 0.359246, 0.076607 -0.072685 0.155486, 0.076645 -0.004317 0.357346,
 0.076658 -0.017179 0.340460, 0.076689 0.024897 0.382529, 0.076726 -0.066396 0.193082, 0.076735 -0.006300 0.351057, 0.076779 -0.025132 0.327735,
 0.076827 -0.064911 0.214118, 0.076847 0.062688 0.380968, 0.076848 0.020428 0.380558, 0.076952 0.029307 0.382968, 0.076967 0.097381 0.265216,
 0.077004 0.071279 0.376600, 0.077012 0.024519 0.380196, 0.077014 -0.037389 0.298058, 0.077058 0.029291 0.380968, 0.077061 0.070101 0.378096,
 0.077136 0.070021 0.380881, 0.077157 0.109876 0.155486, 0.077207 0.075595 0.367767, 0.077260 0.099279 0.266450, 0.077276 0.005103 0.366921,
 0.077379 0.087731 0.324547, 0.077404 0.064344 0.380797, 0.077474 0.003391 0.361438, 0.077494 0.020858 0.380495, 0.077570 -0.013986 0.339705,
 0.077589 0.023845 0.381989, 0.077593 0.070921 0.376620, 0.077594 -0.045320 0.283858, 0.077602 0.013454 0.374590, 0.077628 0.071675 0.375307,
 0.077646 0.072972 0.377495, 0.077691 0.023725 0.379601, 0.077697 0.020674 0.380272, 0.077716 0.064740 0.382734, 0.077721 -0.056134 0.250422,
 0.077727 -0.058841 0.230897, 0.077743 0.089632 0.325334, 0.077764 -0.029708 0.313078, 0.077877 -0.048986 0.266091, 0.077937 -0.021841 0.327003,
 0.077942 0.030161 0.380968, 0.077949 0.028411 0.380875, 0.077953 0.012124 0.369916, 0.077996 0.071340 0.379362, 0.078138 0.081619 0.348669,
 0.078167 0.028106 0.382842, 0.078252 0.019676 0.376384, 0.078273 0.073387 0.376191, 0.078304 0.023009 0.378857, 0.078355 -0.072576 0.155486,
 0.078361 0.061281 0.380968, 0.078380 -0.006791 0.352491, 0.078405 0.023088 0.378846, 0.078414 0.061116 0.382968, 0.078426 0.022866 0.381250,
 0.078431 -0.068623 0.173439, 0.078432 0.065650 0.380252, 0.078554 -0.067634 0.195251, 0.078583 0.100639 0.230899, 0.078605 0.083491 0.349363,
 0.078618 0.030923 0.380968, 0.078656 0.072351 0.377536, 0.078809 0.089628 0.311382, 0.078823 -0.003737 0.351686, 0.078839 0.027532 0.380579,
 0.078891 0.102529 0.232446, 0.078923 -0.037906 0.299755, 0.078937 -0.070438 0.155486, 0.078984 0.066350 0.382043, 0.079016 0.031438 0.382968,
 0.079055 0.002864 0.362812, 0.079084 0.031538 0.380968, 0.079098 0.001124 0.357028, 0.079183 0.031668 0.380968, 0.079184 0.021980 0.380329,
 0.079195 0.021988 0.380328, 0.079215 0.031643 0.382968, 0.079263 0.027020 0.382467, 0.079307 -0.014420 0.341177, 0.079363 0.066831 0.379359,
 0.079369 0.060344 0.380968, 0.079415 -0.041976 0.282953, 0.079425 0.011483 0.371285, 0.079522 0.062506 0.380799, 0.079593 0.018993 0.377817,
 0.079598 -0.061987 0.212529, 0.079599 0.010135 0.366310, 0.079601 0.060093 0.380968, 0.079637 -0.030145 0.314689, 0.079644 0.077512 0.359236,
 0.079681 -0.059710 0.232916, 0.079684 0.026699 0.380087, 0.079751 -0.022253 0.328536, 0.079851 -0.049613 0.267944, 0.079889 -0.011203 0.340438,
 0.079922 -0.070192 0.155486, 0.079944 0.018003 0.373636, 0.079945 0.069200 0.376690, 0.079954 0.103570 0.193466, 0.079980 -0.052919 0.249228,
 0.079987 0.062754 0.382737, 0.080029 0.083551 0.337663, 0.080052 -0.009199 0.347325, 0.080096 0.091449 0.297242, 0.080118 0.030696 0.380862,
 0.080131 0.067806 0.380929, 0.080151 0.067832 0.378161, 0.080171 0.059376 0.380968, 0.080223 0.106441 0.155486, 0.080224 0.079340 0.359940,
 0.080244 0.059285 0.380968, 0.080244 -0.069938 0.175696, 0.080272 0.105456 0.195377, 0.080279 0.059313 0.382968, 0.080303 0.025991 0.381853,
 0.080340 0.030346 0.382824, 0.080367 -0.034480 0.298947, 0.080372 0.024635 0.378647, 0.080409 0.073466 0.368252, 0.080462 0.025931 0.379410,
 0.080482 0.093341 0.298215, 0.080511 0.085425 0.338387, 0.080525 0.069534 0.375561, 0.080555 -0.018909 0.327817, 0.080610 0.033809 0.382968,
 0.080625 0.033568 0.380968, 0.080659 0.063705 0.380260, 0.080662 -0.001094 0.352282, 0.080737 -0.026722 0.313944, 0.080760 0.068604 0.376715,
 0.080761 0.000683 0.358368, 0.080836 0.033892 0.380968, 0.081003 0.034148 0.380968, 0.081089 0.075227 0.369019, 0.081102 0.069039 0.379442,
 0.081118 0.106014 0.155486, 0.081151 0.029853 0.380523, 0.081152 0.025249 0.378568, 0.081167 0.009559 0.367620, 0.081176 0.008181 0.362342,
 0.081255 0.093193 0.282161, 0.081260 0.025042 0.381016, 0.081285 0.071190 0.376469, 0.081396 -0.042433 0.284713, 0.081399 0.064224 0.382054,
 0.081399 0.017351 0.374980, 0.081424 -0.064722 0.193413, 0.081446 0.057773 0.380968, 0.081458 0.107934 0.155486, 0.081460 0.060452 0.380799,
 0.081560 0.016347 0.370503, 0.081571 -0.062888 0.214635, 0.081607 0.029303 0.382397, 0.081643 0.057257 0.382968, 0.081663 -0.011538 0.341854,
 0.081690 0.064792 0.379378, 0.081697 -0.046199 0.266905, 0.081721 0.057310 0.380968, 0.081735 0.085415 0.325570, 0.081790 0.023955 0.380014,
 0.081825 0.056982 0.382968, 0.081825 0.023473 0.376683, 0.081837 0.035712 0.382968, 0.081849 0.079375 0.349493, 0.081853 0.069992 0.377652,
 0.081858 0.035693 0.380968, 0.081871 -0.071659 0.155486, 0.081893 0.060716 0.382737, 0.081899 -0.008331 0.341140, 0.082001 -0.053530 0.251161,
 0.082002 -0.056465 0.231524, 0.082007 0.033122 0.380847, 0.082112 0.024199 0.379976, 0.082123 0.029060 0.379961, 0.082169 -0.003260 0.347206,
 0.082234 0.087284 0.326353, 0.082242 0.032722 0.382805, 0.082264 0.036425 0.380968, 0.082288 0.036412 0.382968, 0.082303 0.094860 0.266174,
 0.082324 -0.034825 0.300608, 0.082399 -0.001441 0.353595, 0.082401 -0.019204 0.329298, 0.082452 0.081209 0.350189, 0.082539 0.036923 0.380968,
 0.082566 0.065714 0.378192, 0.082646 -0.027017 0.315510, 0.082652 0.066948 0.376749, 0.082677 0.065556 0.380952, 0.082688 0.006265 0.358019,
 0.082711 -0.069496 0.155486, 0.082713 0.096742 0.267407, 0.082729 0.061512 0.380260, 0.082800 0.028321 0.381698, 0.082819 0.055457 0.380968,
 0.082830 -0.038912 0.283806, 0.082831 0.007684 0.363604, 0.082832 0.055464 0.382968, 0.082837 -0.015844 0.328597, 0.082897 0.038062 0.382968,
 0.082929 0.075224 0.359892, 0.082930 0.055270 0.380968, 0.082989 0.055040 0.382968, 0.083007 0.028339 0.379192, 0.083017 0.038099 0.380968,
 0.083103 0.014713 0.366991, 0.083119 0.015748 0.371769, 0.083125 0.058231 0.380796, 0.083151 0.067199 0.375806, 0.083186 0.034960 0.380837,
 0.083190 0.032344 0.380463, 0.083224 -0.067046 0.173588, 0.083244 0.066430 0.376760, 0.083271 0.087207 0.312429, 0.083276 0.022860 0.378032,
 0.083340 0.071154 0.368711, 0.083356 -0.023543 0.314778, 0.083376 -0.031288 0.299806, 0.083406 -0.065669 0.195613, 0.083418 0.022154 0.374029,
 0.083462 0.062018 0.382054, 0.083535 0.068508 0.377687, 0.083547 0.058508 0.382733, 0.083573 0.034747 0.382789, 0.083600 0.053781 0.380968,
 0.083621 -0.005372 0.341804, 0.083647 0.077002 0.360600, 0.083689 0.031756 0.382321, 0.083712 0.039810 0.380968, 0.083712 -0.008560 0.342491,
 0.083738 -0.046607 0.268739, 0.083745 0.058205 0.382733, 0.083757 0.052975 0.382968, 0.083762 0.066686 0.379481, 0.083776 0.027712 0.378240,
 0.083779 0.040450 0.382968, 0.083819 0.053089 0.380968, 0.083841 0.081177 0.338583, 0.083878 0.062472 0.379377, 0.083879 -0.050058 0.249953,
 0.083885 0.027429 0.380749, 0.083929 0.040548 0.380968, 0.083960 -0.059622 0.213016, 0.083969 -0.003507 0.348498, 0.084051 0.068777 0.376729,
 0.084060 -0.057073 0.233546, 0.084125 0.097959 0.231621, 0.084138 0.004391 0.353347, 0.084161 0.072852 0.369489, 0.084230 0.041573 0.380968,
 0.084260 0.028270 0.378167, 0.084285 0.041872 0.380968, 0.084294 0.031618 0.379826, 0.084302 0.041869 0.382968, 0.084412 0.051219 0.380968,
 0.084415 0.051199 0.380968, 0.084417 0.051200 0.382968, 0.084420 0.005856 0.359241, 0.084447 0.043062 0.382968, 0.084448 0.050918 0.382968,
 0.084450 0.055949 0.380794, 0.084459 0.050918 0.380968, 0.084469 0.083009 0.339305, 0.084475 0.034250 0.380419, 0.084486 0.037484 0.380824,
 0.084506 0.043058 0.380968, 0.084516 0.059145 0.380250, 0.084554 0.099833 0.233174, 0.084567 0.049845 0.382968, 0.084578 0.013107 0.363105,
 0.084594 0.050061 0.380968, 0.084605 0.067564 0.377709, 0.084655 0.088928 0.298278, 0.084715 -0.016016 0.330019, 0.084730 0.045388 0.382968,
 0.084755 0.014184 0.368190, 0.084756 0.044404 0.380968, 0.084769 -0.012684 0.329344, 0.084789 -0.068716 0.155486, 0.084810 0.045451 0.380968,
 0.084813 0.047639 0.382968, 0.084831 0.026651 0.379575, 0.084835 0.048521 0.380968, 0.084854 0.063287 0.378191, 0.084857 -0.039175 0.285533,
 0.084872 0.047792 0.380968, 0.084880 0.046824 0.380968, 0.084881 0.037232 0.382771, 0.084883 0.063196 0.380951, 0.084901 0.047227 0.380968,
 0.084904 0.046823 0.382968, 0.084937 0.020846 0.370979, 0.084956 -0.070854 0.155486, 0.084981 0.021576 0.375275, 0.084989 0.056008 0.382730,
 0.085041 0.030854 0.381531, 0.085044 0.064520 0.376759, 0.085141 0.027705 0.376916, 0.085163 0.033870 0.382258, 0.085171 -0.043002 0.267696,
 0.085193 0.090783 0.299247, 0.085202 -0.068051 0.175885, 0.085207 0.076934 0.350279, 0.085262 0.059635 0.382040, 0.085282 0.030968 0.378959,
 0.085291 -0.023697 0.316291, 0.085301 0.104016 0.155486, 0.085363 -0.031470 0.301423, 0.085430 0.053657 0.380793, 0.085439 0.064701 0.376041,
 0.085475 0.040093 0.380813, 0.085476 -0.005516 0.343084, 0.085479 0.059306 0.382039, 0.085529 0.002561 0.348330, 0.085599 -0.020216 0.315578,
 0.085611 0.063919 0.376759, 0.085637 0.082914 0.326549, 0.085670 0.033591 0.379728, 0.085685 0.100746 0.193857, 0.085774 0.059971 0.379354,
 0.085817 0.027738 0.379404, 0.085869 -0.035535 0.284630, 0.085872 -0.062389 0.193742, 0.085887 0.039805 0.382756, 0.085888 0.072749 0.360515,
 0.085904 0.036889 0.380364, 0.085904 0.090575 0.283155, 0.085937 0.004077 0.354538, 0.085942 0.053740 0.382728, 0.085949 0.056694 0.380241,
 0.085955 0.068628 0.369150, 0.085964 0.078712 0.350974, 0.085968 -0.050427 0.251873, 0.085975 -0.053551 0.232137, 0.085988 0.011532 0.358852,
 0.085991 -0.027882 0.300632, 0.086045 -0.060240 0.215135, 0.086083 0.065982 0.377707, 0.086089 0.064197 0.379478, 0.086093 -0.068226 0.155486,
 0.086107 0.051273 0.380793, 0.086121 0.030416 0.377890, 0.086129 0.102615 0.195779, 0.086144 0.042774 0.380804, 0.086252 0.030045 0.380463,
 0.086284 0.050339 0.380793, 0.086292 0.084739 0.327327, 0.086310 0.012659 0.364249, 0.086370 -0.009424 0.330048, 0.086386 0.019553 0.367538,
 0.086435 0.105685 0.155486, 0.086474 0.045346 0.380798, 0.086498 0.066174 0.376973, 0.086522 0.047854 0.380795, 0.086598 0.020322 0.372136,
 0.086606 0.051381 0.382728, 0.086625 0.036494 0.382190, 0.086630 0.042689 0.382744, 0.086637 0.033057 0.381396, 0.086639 0.026715 0.374328,
 0.086675 -0.012723 0.330696, 0.086704 0.103269 0.155486, 0.086709 0.027212 0.378173, 0.086728 0.033007 0.378790, 0.086767 0.074455 0.361225,
 0.086813 0.060654 0.380922, 0.086824 0.050185 0.382729, 0.086839 0.060671 0.378152, 0.086845 0.056911 0.382028, 0.086862 0.000777 0.342976,
 0.086913 -0.069906 0.155486, 0.086922 -0.007467 0.337359, 0.086944 0.070235 0.369931, 0.086969 0.045233 0.382736, 0.087001 0.039645 0.380318,
 0.087013 0.054217 0.380235, 0.087024 0.103080 0.155486, 0.087025 0.064974 0.377705, 0.087034 0.047713 0.382732, 0.087035 0.092149 0.267096,
 0.087046 0.060302 0.380918, 0.087116 0.061930 0.376717, 0.087208 0.036342 0.379607, 0.087254 -0.043192 0.269502, 0.087256 0.084585 0.313432,
 0.087262 0.078590 0.339462, 0.087283 0.029356 0.379150, 0.087302 0.057368 0.379334, 0.087333 0.009993 0.354237, 0.087375 0.062035 0.376268,
 0.087383 0.002346 0.349501, 0.087405 -0.046749 0.250658, 0.087449 -0.016785 0.316342, 0.087519 0.105027 0.155486, 0.087556 -0.020225 0.317030,
 0.087610 0.093988 0.268327, 0.087611 0.032520 0.377639, 0.087648 0.032586 0.377632, 0.087660 0.061210 0.376702, 0.087749 0.051628 0.380235,
 0.087750 0.042496 0.380282, 0.087752 -0.064767 0.173739, 0.087762 0.039240 0.382131, 0.087766 0.018282 0.363712, 0.087787 0.011173 0.359953,
 0.087897 0.054421 0.382022, 0.087920 -0.035612 0.286317, 0.087937 0.086400 0.314292, 0.087940 0.050613 0.380236, 0.087943 0.032337 0.380231,
 0.087972 -0.063031 0.195963, 0.087996 -0.027901 0.302198, 0.088004 -0.056676 0.213495, 0.088006 0.032418 0.377073, 0.088059 0.080357 0.340180,
 0.088068 0.025731 0.371332, 0.088103 -0.053894 0.234153, 0.088125 0.061516 0.379430, 0.088126 0.045241 0.380259, 0.088129 0.019100 0.368621,
 0.088176 0.065935 0.369567, 0.088187 0.074303 0.351027, 0.088190 -0.024312 0.301425, 0.088191 0.047918 0.380245, 0.088230 0.035816 0.381246,
 0.088235 -0.039461 0.268461, 0.088309 0.063278 0.377662, 0.088309 -0.009361 0.331328, 0.088314 0.026262 0.375468, 0.088348 0.035864 0.378583,
 0.088372 0.061144 0.379424, 0.088396 0.039235 0.379504, 0.088442 0.054722 0.379323, 0.088445 0.057937 0.378119, 0.088476 -0.031922 0.285425,
 0.088486 0.070041 0.361107, 0.088520 0.057727 0.380896, 0.088586 0.063391 0.377197, 0.088611 0.042347 0.382082, 0.088616 0.008490 0.349268,
 0.088630 0.051819 0.382021, 0.088715 0.086188 0.299272, 0.088734 0.062542 0.373303, 0.088763 0.000662 0.344136, 0.088852 0.059177 0.376667,
 0.088869 0.050498 0.382024, 0.088926 -0.013242 0.317061, 0.088985 0.059225 0.376475, 0.089004 0.095074 0.232317, 0.089005 0.045097 0.382053,
 0.089033 0.031736 0.378807, 0.089078 0.017036 0.359509, 0.089091 0.047778 0.382035, 0.089113 0.080185 0.327484, 0.089121 0.075998 0.351717,
 0.089139 0.062182 0.377635, 0.089189 0.009726 0.355307, 0.089210 0.042243 0.379425, 0.089231 0.051949 0.379322, 0.089275 0.035475 0.377333,
 0.089322 0.058374 0.376653, 0.089337 0.032259 0.378742, 0.089344 -0.066578 0.155486, 0.089349 0.067416 0.370343, 0.089364 -0.002644 0.331282,
 0.089395 0.061794 0.377626, 0.089420 -0.016637 0.317724, 0.089422 0.031732 0.374517, 0.089422 0.087991 0.300235, 0.089427 0.024758 0.367937,
 0.089434 0.050860 0.379325, 0.089476 0.038725 0.381119, 0.089535 -0.046877 0.252556, 0.089551 -0.050151 0.232734, 0.089554 0.071639 0.361812,
 0.089576 0.017908 0.364737, 0.089599 0.038881 0.378408, 0.089613 0.096898 0.233874, 0.089622 0.045146 0.379374, 0.089633 0.035223 0.379978,
 0.089647 0.055148 0.378099, 0.089661 0.055035 0.380882, 0.089686 0.032110 0.378234, 0.089699 0.047975 0.379343, 0.089828 0.025334 0.372375,
 0.089839 0.007027 0.343952, 0.089859 -0.065448 0.176068, 0.089935 0.058416 0.379386, 0.089949 0.081937 0.328256, 0.089955 -0.020628 0.302183,
 0.089981 -0.059435 0.194068, 0.090024 0.063052 0.369965, 0.090031 0.087722 0.284108, 0.090079 -0.000973 0.338449, 0.090089 0.056591 0.376636,
 0.090161 -0.057007 0.215616, 0.090164 0.101231 0.155486, 0.090180 0.037679 0.377151, 0.090193 0.060395 0.377599, 0.090197 0.037672 0.377114,
 0.090205 -0.024164 0.302931, 0.090225 0.056275 0.376633, 0.090251 0.037853 0.377136, 0.090254 0.075808 0.340297, 0.090311 0.059619 0.373593,
 0.090324 0.015818 0.354936, 0.090335 0.060447 0.377402, 0.090336 -0.039444 0.270231, 0.090410 0.042035 0.381012, 0.090456 0.052213 0.380881,
 0.090457 0.042027 0.378273, 0.090480 0.052219 0.378097, 0.090490 -0.043065 0.251342, 0.090519 0.008319 0.350319, 0.090535 -0.031815 0.287062,
 0.090557 0.038599 0.377075, 0.090569 0.055474 0.376625, 0.090628 -0.028129 0.286187, 0.090638 0.067160 0.361669, 0.090695 0.051068 0.378103,
 0.090696 0.097701 0.194233, 0.090713 0.050780 0.380886, 0.090716 0.023802 0.364149, 0.090762 0.071418 0.351737, 0.090771 0.031048 0.371546,
 0.090777 0.034739 0.378434, 0.090778 0.081720 0.314390, 0.090830 -0.035662 0.269199, 0.090847 0.044973 0.380948, 0.090892 0.045065 0.378185,
 0.090918 -0.012977 0.318371, 0.090944 0.016746 0.360491, 0.090949 0.047836 0.380909, 0.090955 0.038279 0.379762, 0.090974 0.048023 0.378133,
 0.091021 0.058945 0.377571, 0.091069 0.040501 0.376960, 0.091099 -0.067879 0.155486, 0.091148 0.055554 0.379363, 0.091196 0.031466 0.375551,
 0.091207 0.053229 0.376623, 0.091222 0.089187 0.267980, 0.091242 0.077481 0.341007, 0.091255 0.024429 0.368903, 0.091305 -0.016818 0.302895,
 0.091330 0.099513 0.196166, 0.091334 -0.002561 0.332446, 0.091353 0.064409 0.370724, 0.091434 0.041858 0.376878, 0.091436 0.052425 0.376622,
 0.091505 0.057801 0.377559, 0.091551 0.056570 0.373849, 0.091568 0.060017 0.370328, 0.091573 0.037254 0.374578, 0.091624 -0.053208 0.213964,
 0.091653 0.083452 0.315241, 0.091659 -0.005864 0.318315, 0.091660 0.051228 0.376630, 0.091666 0.043513 0.376811, 0.091683 -0.067438 0.155486,
 0.091701 0.057338 0.377554, 0.091716 -0.050231 0.234735, 0.091718 0.036944 0.378215, 0.091769 0.050050 0.376646, 0.091779 0.006950 0.344993,
 0.091875 0.045003 0.376750, 0.091901 0.072988 0.352416, 0.091908 0.068610 0.362360, 0.091920 0.046728 0.376707, 0.091925 -0.061826 0.173894,
 0.091936 0.022866 0.359978, 0.091947 0.041769 0.379582, 0.091954 0.048061 0.376674, 0.091969 -0.020301 0.303619, 0.091979 0.090966 0.269208,
 0.091995 0.052546 0.379361, 0.092006 0.037618 0.378148, 0.092050 0.030374 0.368170, 0.092109 0.077259 0.328373, 0.092111 0.004221 0.332304,
 0.092137 0.037924 0.378118, 0.092138 0.099879 0.155486, 0.092158 -0.059767 0.196300, 0.092235 0.015615 0.355889, 0.092270 0.051017 0.379370,
 0.092276 0.083191 0.300221, 0.092287 0.055951 0.377538, 0.092304 -0.024209 0.286915, 0.092341 0.040231 0.374555, 0.092396 0.064065 0.362200,
 0.092411 0.044869 0.379475, 0.092437 0.053400 0.374069, 0.092520 0.047885 0.379409, 0.092578 -0.064447 0.155486, 0.092598 0.023547 0.365057,
 0.092616 0.030838 0.372479, 0.092622 0.013475 0.344711, 0.092630 -0.042965 0.253209, 0.092652 -0.046345 0.233314, 0.092684 -0.027834 0.287766,
 0.092786 0.056857 0.370650, 0.092800 0.072753 0.341090, 0.092804 0.054118 0.377537, 0.092839 0.068358 0.352408, 0.092854 0.043370 0.374494,
 0.092857 0.036850 0.371601, 0.092859 0.101781 0.155486, 0.092928 -0.035439 0.270924, 0.092929 -0.031664 0.269908, 0.092949 0.050112 0.374251,
 0.093031 0.061245 0.371070, 0.093068 -0.039099 0.252001, 0.093073 0.046691 0.374393, 0.093087 0.021952 0.355430, 0.093149 0.078905 0.329134,
 0.093153 0.041560 0.377856, 0.093175 0.052801 0.377536, 0.093187 0.084903 0.301176, 0.093259 0.029713 0.364397, 0.093297 0.091905 0.232985,
 0.093325 -0.016362 0.304262, 0.093357 0.099045 0.155486, 0.093414 0.037254 0.375519, 0.093463 0.051200 0.377548, 0.093484 0.043826 0.377746,
 0.093499 0.050756 0.377556, 0.093521 -0.020151 0.287597, 0.093598 -0.063596 0.155486, 0.093599 0.039956 0.371562, 0.093623 0.084598 0.285019,
 0.093625 0.044788 0.377700, 0.093642 -0.055920 0.194390, 0.093658 0.053577 0.370928, 0.093670 -0.005591 0.319517, 0.093707 0.047244 0.377625,
 0.093725 0.101254 0.155486, 0.093730 0.047923 0.377605, 0.093763 -0.008880 0.304129, 0.093771 0.078654 0.315301, 0.093816 -0.053253 0.216077,
 0.093819 0.065385 0.362865, 0.093860 0.022688 0.360843, 0.093874 0.060809 0.362684, 0.093947 0.030225 0.369025, 0.094006 0.074284 0.341784,
 0.094071 0.036452 0.368216, 0.094092 0.043218 0.371477, 0.094098 0.093663 0.234543, 0.094104 0.004330 0.333358, 0.094113 -0.062174 0.176244,
 0.094163 0.001584 0.319351, 0.094167 0.050180 0.371160, 0.094194 0.069756 0.353067, 0.094297 0.046652 0.371343, 0.094341 -0.023716 0.288428,
 0.094372 0.057937 0.371382, 0.094395 0.029066 0.360237, 0.094503 0.065054 0.353039, 0.094512 -0.027527 0.270585, 0.094571 0.086288 0.286098,
 0.094598 0.013446 0.345642, 0.094619 0.074040 0.329217, 0.094673 0.011261 0.333097, 0.094697 0.043715 0.375364, 0.094738 -0.049302 0.214421,
 0.094753 0.036895 0.372440, 0.094799 0.069517 0.341839, 0.094821 -0.046175 0.235291, 0.094840 0.085940 0.268824, 0.094860 0.080268 0.316140,
 0.095011 -0.031234 0.271580, 0.095043 0.021851 0.356270, 0.095044 0.057431 0.363115, 0.095080 0.094341 0.194596, 0.095112 -0.034917 0.252635,
 0.095186 0.020195 0.345241, 0.095194 0.029628 0.365196, 0.095195 -0.038773 0.253830, 0.095209 -0.042234 0.233875, 0.095212 0.036062 0.364435,
 0.095259 0.079991 0.301123, 0.095353 0.054491 0.371658, 0.095354 -0.062128 0.155486, 0.095415 0.062009 0.363326, 0.095461 0.028435 0.355698,
 0.095499 0.040158 0.372363, 0.095551 -0.019518 0.289046, 0.095592 -0.023238 0.271219, 0.095624 -0.058285 0.174052, 0.095693 -0.011689 0.288777,
 0.095795 -0.008430 0.305399, 0.095822 0.087609 0.270047, 0.095854 -0.055943 0.196623, 0.095888 0.075525 0.329959, 0.095888 0.053933 0.363489,
 0.095901 0.039424 0.364369, 0.095907 0.061582 0.353612, 0.095915 0.096081 0.196537, 0.095951 0.050917 0.371895, 0.095978 0.043594 0.372247,
 0.096002 0.066320 0.353667, 0.096005 0.036546 0.368979, 0.096006 -0.064178 0.155486, 0.096012 -0.000885 0.305148, 0.096147 0.047214 0.372091,
 0.096187 0.001866 0.320453, 0.096228 0.070854 0.342508, 0.096239 0.075275 0.316164, 0.096268 0.096696 0.155486, 0.096280 0.035682 0.360266,
 0.096352 0.042925 0.364242, 0.096360 0.029047 0.360997, 0.096361 0.066009 0.342538, 0.096388 0.050321 0.363803, 0.096394 0.081572 0.302066,
 0.096493 0.009181 0.320151, 0.096529 0.046583 0.364054, 0.096534 0.070634 0.330012, 0.096553 -0.063766 0.155486, 0.096558 -0.026882 0.272196,
 0.096591 0.081268 0.285885, 0.096597 -0.030581 0.253242, 0.096605 0.096368 0.155486, 0.096689 0.011399 0.334049, 0.096695 0.058495 0.363740,
 0.096766 -0.051934 0.194707, 0.096928 -0.049075 0.216518, 0.096951 0.088427 0.233624, 0.096957 0.088865 0.253061, 0.097024 0.057990 0.354124,
 0.097029 0.018538 0.333645, 0.097172 0.036206 0.365143, 0.097189 0.020247 0.346067, 0.097193 -0.037887 0.234416, 0.097209 -0.034365 0.254416,
 0.097271 -0.045066 0.214866, 0.097276 0.035312 0.355720, 0.097333 -0.060063 0.155486, 0.097356 -0.041818 0.235820, 0.097384 0.027225 0.345521,
 0.097447 0.028481 0.356436, 0.097468 -0.014292 0.272311, 0.097486 0.098126 0.155486, 0.097509 0.062739 0.354215, 0.097536 -0.026080 0.253809,
 0.097565 0.076712 0.316984, 0.097617 -0.022445 0.272770, 0.097637 0.054849 0.364106, 0.097677 -0.003184 0.289750, 0.097678 0.076457 0.301979,
 0.097682 0.062326 0.343173, 0.097731 -0.011077 0.290140, 0.097771 0.082816 0.286952, 0.097786 0.082485 0.269629, 0.097835 0.054282 0.354568,
 0.097847 -0.058301 0.176413, 0.097855 0.039706 0.365042, 0.097885 -0.059488 0.155486, 0.097910 0.038919 0.355632, 0.097925 0.067214 0.343176,
 0.097987 0.066926 0.330752, 0.097996 0.090056 0.235181, 0.098031 0.071904 0.330728, 0.098051 -0.000442 0.306328, 0.098064 0.071703 0.316979,
 0.098102 0.007236 0.305934, 0.098220 0.051078 0.364420, 0.098258 0.035875 0.360940, 0.098286 0.043361 0.364889, 0.098320 0.042651 0.355475,
 0.098321 0.050462 0.354944, 0.098424 0.047184 0.364682, 0.098467 -0.027410 0.244733, 0.098470 0.046521 0.355246, 0.098531 0.009474 0.321161,
 0.098578 -0.033372 0.234934, 0.098632 0.016982 0.320702, 0.098641 -0.029798 0.254968, 0.098720 0.059026 0.354708, 0.098737 0.058527 0.343739,
 0.098754 0.090651 0.194944, 0.098755 -0.054243 0.174212, 0.098863 0.083642 0.252397, 0.098877 0.094159 0.155486, 0.098957 0.077585 0.286706,
 0.098970 -0.051664 0.196932, 0.099008 0.084000 0.270840, 0.099042 0.026085 0.333928, 0.099055 0.034605 0.345529, 0.099057 0.018734 0.334502,
 0.099058 0.077845 0.302902, 0.099107 -0.016689 0.254784, 0.099178 -0.005313 0.273212, 0.099192 -0.040574 0.215295, 0.099215 0.096686 0.155486,
 0.099218 0.063037 0.331423, 0.099266 0.035553 0.356375, 0.099273 -0.047595 0.195017, 0.099296 -0.037227 0.236320, 0.099334 0.063435 0.343786,
 0.099373 -0.028679 0.235418, 0.099398 0.027395 0.346254, 0.099400 0.067801 0.317733, 0.099409 0.072725 0.302785, 0.099429 -0.044573 0.216937,
 0.099500 -0.013532 0.273789, 0.099508 0.054617 0.344233, 0.099518 0.005425 0.290500, 0.099546 -0.025141 0.255482, 0.099608 0.068066 0.331438,
 0.099617 0.055188 0.355143, 0.099621 0.072906 0.317771, 0.099634 0.038444 0.345425, 0.099707 -0.060232 0.155486, 0.099719 -0.002593 0.291033,
 0.099841 0.084738 0.234234, 0.099852 0.092244 0.196889, 0.099888 0.039278 0.356255, 0.099976 0.050598 0.344650, 0.100003 0.042394 0.345245,
 0.100015 0.015529 0.306473, 0.100094 0.078658 0.270392, 0.100124 0.085124 0.253770, 0.100129 0.046466 0.344988, 0.100149 0.007672 0.307031,
 0.100178 0.051231 0.355516, 0.100201 0.092639 0.155486, 0.100203 0.059039 0.332022, 0.100230 -0.056411 0.155486, 0.100256 -0.029886 0.225870,
 0.100274 0.043142 0.356073, 0.100300 0.092504 0.155486, 0.100386 0.047155 0.355827, 0.100387 0.078923 0.287755, 0.100454 0.025017 0.320984,
 0.100465 -0.026403 0.246473, 0.100470 0.059532 0.344334, 0.100474 -0.035901 0.215709, 0.100475 -0.056001 0.155486, 0.100532 0.063714 0.318417,
 0.100536 -0.007273 0.255588, 0.100565 0.033940 0.333927, 0.100588 0.073697 0.287480, 0.100610 -0.032465 0.236790, 0.100621 0.068633 0.303531,
 0.100674 0.017312 0.321626, 0.100763 0.003749 0.273907, 0.100912 0.064097 0.332085, 0.100926 0.054935 0.332544, 0.100955 0.076666 0.270757,
 0.100965 -0.053942 0.176574, 0.101020 0.073860 0.303681, 0.101039 0.082717 0.234527, 0.101060 0.034935 0.346187, 0.101071 0.026372 0.334701,
 0.101072 0.068877 0.318497, 0.101109 0.079675 0.253079, 0.101120 -0.031033 0.216095, 0.101123 -0.058646 0.155486, 0.101125 -0.015794 0.256394,
 0.101128 -0.042979 0.195320, 0.101139 0.086189 0.235783, 0.101169 -0.008190 0.246385, 0.101201 0.014177 0.291014, 0.101215 -0.004588 0.274620,
 0.101232 -0.049821 0.174373, 0.101293 -0.039819 0.217334, 0.101315 0.055510 0.344817, 0.101358 -0.027608 0.237228, 0.101370 0.050729 0.332986,
 0.101405 0.094064 0.155486, 0.101418 0.042153 0.333620, 0.101435 -0.047038 0.197226, 0.101440 0.059525 0.319026, 0.101523 0.046416 0.333345,
 0.101566 0.005993 0.291711, 0.101570 0.079948 0.271585, 0.101575 0.086746 0.195278, 0.101621 0.074618 0.271110, 0.101642 0.024020 0.306747,
 0.101645 0.064355 0.304205, 0.101669 0.069421 0.288194, 0.101774 -0.009065 0.236931, 0.101827 0.033318 0.320976, 0.101849 0.051376 0.345233,
 0.101861 0.002206 0.256208, 0.101966 0.042934 0.345851, 0.101967 0.060011 0.332666, 0.102021 0.080637 0.234813, 0.102054 0.090107 0.155486,
 0.102063 0.015981 0.307494, 0.102070 0.087194 0.216921, 0.102089 -0.053298 0.155486, 0.102109 0.055236 0.319558, 0.102210 0.012926 0.274382,
 0.102249 0.074765 0.288502, 0.102265 0.064724 0.319159, 0.102305 -0.038167 0.195613, 0.102339 0.069647 0.304400, 0.102354 -0.009899 0.227232,
 0.102469 0.059983 0.304806, 0.102487 -0.034882 0.217707, 0.102490 0.025411 0.321832, 0.102524 0.050853 0.320010, 0.102551 0.077818 0.271939,
 0.102561 -0.006427 0.257139, 0.102564 0.070166 0.271771, 0.102577 0.034354 0.334631, 0.102587 0.041929 0.320658, 0.102627 0.080918 0.254436,
 0.102628 -0.017865 0.238006, 0.102628 0.023094 0.291274, 0.102673 0.046370 0.320376, 0.102715 0.084599 0.195441, 0.102753 0.055814 0.333179,
 0.102783 0.078503 0.235091, 0.102801 -0.033146 0.195888, 0.102802 -0.055831 0.155486, 0.102806 0.004436 0.275251, 0.102833 0.000796 0.237459,
 0.102863 0.032738 0.306735, 0.102900 -0.051517 0.155486, 0.102913 -0.010691 0.217294, 0.102937 0.088138 0.197223, 0.103019 0.088397 0.155486,
 0.103021 -0.045103 0.174535, 0.103068 0.011776 0.256633, 0.103075 -0.029845 0.218055, 0.103079 0.055520 0.305331, 0.103186 -0.007288 0.248014,
 0.103220 -0.042142 0.197504, 0.103231 0.060464 0.319754, 0.103248 0.014742 0.292156, 0.103255 0.051512 0.333620, 0.103313 0.060413 0.289414,
 0.103326 0.075623 0.272279, 0.103328 0.076308 0.235360, 0.103328 0.070865 0.254311, 0.103387 0.042739 0.334276, 0.103392 -0.049213 0.176728,
 0.103428 0.070375 0.289192, 0.103436 0.022238 0.274623, 0.103459 0.050969 0.305777, 0.103489 0.091569 0.155486, 0.103531 0.041721 0.306419,
 0.103561 0.087438 0.155486, 0.103579 0.081834 0.236350, 0.103601 0.046328 0.306139, 0.103604 -0.049973 0.155486, 0.103615 0.082391 0.195599,
 0.103680 0.024513 0.307699, 0.103696 0.032200 0.291261, 0.103781 -0.008110 0.238641, 0.103797 0.010724 0.237822, 0.103842 0.033808 0.321762,
 0.103857 0.055785 0.289916, 0.103893 0.003002 0.257705, 0.103976 -0.012150 0.196730, 0.103982 0.071521 0.235861, 0.103993 0.060816 0.272900,
 0.104032 -0.019744 0.218671, 0.104089 0.021451 0.256848, 0.104089 -0.040171 0.174695, 0.104099 0.086144 0.155486, 0.104199 0.051078 0.290342,
 0.104208 0.085867 0.197382, 0.104253 0.013593 0.275666, 0.104272 0.080126 0.195754, 0.104273 0.076432 0.255056, 0.104275 0.041529 0.290957,
 0.104287 0.060891 0.305644, 0.104292 -0.037051 0.197765, 0.104350 0.031704 0.274610, 0.104362 0.071061 0.272920, 0.104420 0.051640 0.320729,
 0.104422 0.009772 0.218003, 0.104434 -0.035016 0.174846, 0.104436 0.089787 0.155486, 0.104443 0.082695 0.217369, 0.104460 0.079547 0.236618,
 0.104474 -0.053030 0.155486, 0.104531 0.061192 0.255317, 0.104559 0.042556 0.321399, 0.104612 0.020733 0.238006, 0.104644 0.084832 0.155486,
 0.104665 0.023677 0.292354, 0.104690 0.077794 0.195904, 0.104701 -0.046658 0.155486, 0.104719 -0.031852 0.198009, 0.104767 0.051180 0.273760,
 0.104841 0.041351 0.274329, 0.104849 0.031248 0.256838, 0.104879 0.033299 0.307630, 0.104898 -0.009637 0.219176, 0.104913 0.083831 0.155486,
 0.104943 0.056370 0.306163, 0.104949 0.061540 0.236714, 0.104966 0.008918 0.197231, 0.104987 -0.013443 0.175290, 0.105039 0.072700 0.196181,
 0.105098 -0.044196 0.176873, 0.105103 0.012536 0.258077, 0.105109 0.077193 0.236877, 0.105156 0.061292 0.290386, 0.105160 0.071706 0.255628,
 0.105193 -0.051051 0.155486, 0.105217 0.030833 0.238000, 0.105240 0.083503 0.197536, 0.105364 0.019501 0.197340, 0.105367 0.051759 0.306610,
 0.105439 0.081872 0.155486, 0.105454 0.008162 0.175561, 0.105460 -0.043136 0.155486, 0.105470 0.022903 0.275852, 0.105479 0.051360 0.237362,
 0.105490 0.081461 0.155486, 0.105507 0.042385 0.307272, 0.105518 0.062155 0.196650, 0.105537 0.041043 0.237790, 0.105604 -0.041727 0.155486,
 0.105659 0.030123 0.197343, 0.105696 0.087416 0.155486, 0.105712 0.032825 0.292290, 0.105782 0.051510 0.197003, 0.105795 0.079010 0.155486,
 0.105814 0.040793 0.197233, 0.105821 0.011570 0.239442, 0.105824 -0.039567 0.155486, 0.105825 0.078768 0.155486, 0.105845 0.072310 0.237364,
 0.105857 -0.036476 0.155486, 0.105860 0.061666 0.274028, 0.105862 -0.014015 0.155486, 0.105862 -0.014458 0.155486, 0.105862 0.075885 0.155486,
 0.105862 0.073654 0.155486, 0.105862 0.062639 0.155486, 0.105863 0.057905 0.155486, 0.105863 0.051625 0.155486, 0.105863 0.007569 0.155486,
 0.105863 0.029597 0.155486, 0.105863 0.021945 0.155486, 0.105864 -0.035873 0.155486, 0.105869 -0.031995 0.155486, 0.105936 -0.011007 0.198794,
 0.106015 0.081072 0.197685, 0.106046 -0.038970 0.177009, 0.106096 0.086664 0.155486, 0.106310 -0.033629 0.177137, 0.106365 0.032388 0.275794,
 0.106367 0.056856 0.274490, 0.106421 0.062014 0.256618, 0.106432 0.010696 0.219812, 0.106436 0.072873 0.218171, 0.106533 0.078571 0.197828,
 0.106563 0.084916 0.155486, 0.106634 0.021542 0.239585, 0.106699 0.051973 0.274888, 0.106761 -0.046735 0.155486, 0.106824 0.042081 0.275477,
 0.106861 0.062336 0.238205, 0.106884 -0.045970 0.155486, 0.106916 -0.012221 0.177547, 0.106956 0.073394 0.198097, 0.106960 0.009912 0.199241,
 0.107204 0.062632 0.218837, 0.107229 0.031620 0.239543, 0.107248 0.082357 0.155486, 0.107367 0.020430 0.199322, 0.107429 0.009220 0.177781,
 0.107436 0.052153 0.238857, 0.107470 0.062902 0.198562, 0.107529 0.041826 0.239304, 0.107618 0.080972 0.155486, 0.107664 0.030996 0.199299,
 0.107670 0.079753 0.155486, 0.107748 -0.040636 0.155486, 0.107762 0.052300 0.198922, 0.107787 -0.040391 0.155486, 0.107812 0.041621 0.199168,
 0.107830 -0.035176 0.155486, 0.107862 0.075185 0.155486, 0.107862 0.074311 0.155486, 0.107863 0.063362 0.155486, 0.107863 0.052414 0.155486,
 0.107864 0.018719 0.155486, 0.107864 0.029828 0.155486, 0.107864 0.030516 0.155486, 0.107864 0.039102 0.155486, 0.107864 0.049464 0.155486,
 0.107864 0.008619 0.155486, 0.107866 -0.013279 0.155486, 0.107867 -0.021681 0.155486, 0.107874 -0.029953 0.155486
]
}
IndexedFaceSet {
coordIndex [
 4612, 4555, 4539, -1, 4612, 4539, 4600, -1, 4600, 4539, 4529, -1,
 4600, 4529, 4592, -1, 4592, 4529, 4508, -1, 4592, 4508, 4566, -1,
 4566, 4508, 4490, -1, 4566, 4490, 4522, -1, 4522, 4490, 4469, -1,
 4522, 4469, 4488, -1, 4469, 4434, 4488, -1, 4488, 4434, 4376, -1,
 4488, 4376, 4415, -1, 4415, 4376, 4371, -1, 4415, 4371, 4339, -1,
 466, 421, 359, -1, 359, 421, 387, -1, 359, 387, 306, -1,
 4371, 4328, 4339, -1, 4339, 4328, 4267, -1, 4339, 4267, 4287, -1,
 4287, 4267, 4253, -1, 4287, 4253, 4180, -1, 4253, 4166, 4180, -1,
 4180, 4166, 4126, -1, 4180, 4126, 4151, -1, 387, 317, 306, -1,
 306, 317, 299, -1, 306, 299, 226, -1, 226, 299, 271, -1,
 226, 271, 154, -1, 154, 271, 209, -1, 154, 209, 120, -1,
 120, 209, 197, -1, 120, 197, 72, -1, 72, 197, 152, -1,
 72, 152, 46, -1, 46, 152, 113, -1, 46, 113, 38, -1,
 3594, 3640, 3711, -1, 3711, 3640, 3735, -1, 3711, 3735, 3837, -1,
 3837, 3735, 3823, -1, 3837, 3823, 3915, -1, 3915, 3823, 3884, -1,
 3915, 3884, 4082, -1, 4082, 3884, 4007, -1, 4082, 4007, 4104, -1,
 495, 577, 466, -1, 466, 577, 478, -1, 466, 478, 421, -1,
 542, 614, 562, -1, 562, 614, 638, -1, 562, 638, 729, -1,
 729, 638, 767, -1, 729, 767, 807, -1, 807, 767, 798, -1,
 807, 798, 938, -1, 4007, 4138, 4104, -1, 4104, 4138, 4172, -1,
 4104, 4172, 4247, -1, 4247, 4172, 4227, -1, 4247, 4227, 4263, -1,
 4263, 4227, 4282, -1, 4263, 4282, 4358, -1, 4358, 4282, 4302, -1,
 4358, 4302, 4403, -1, 4403, 4302, 4373, -1, 4403, 4373, 4462, -1,
 4462, 4373, 4383, -1, 4462, 4383, 4525, -1, 4555, 4612, 4560, -1,
 4560, 4612, 4618, -1, 4560, 4618, 4569, -1, 4569, 4618, 4620, -1,
 4569, 4620, 4573, -1, 4383, 4437, 4525, -1, 4525, 4437, 4466, -1,
 4525, 4466, 4550, -1, 4550, 4466, 4493, -1, 4550, 4493, 4603, -1,
 4603, 4493, 4532, -1, 4603, 4532, 4606, -1, 4606, 4532, 4557, -1,
 4606, 4557, 4621, -1, 4621, 4557, 4564, -1, 4621, 4564, 4623, -1,
 4126, 4041, 4151, -1, 4151, 4041, 3921, -1, 4151, 3921, 3938, -1,
 3938, 3921, 3906, -1, 3938, 3906, 3895, -1, 3906, 3851, 3895, -1,
 3895, 3851, 3680, -1, 3895, 3680, 3693, -1, 3693, 3680, 3653, -1,
 3693, 3653, 3561, -1, 3561, 3653, 3496, -1, 3561, 3496, 3508, -1,
 3508, 3496, 3350, -1, 1298, 1201, 1143, -1, 1143, 1201, 1149, -1,
 1143, 1149, 1087, -1, 1087, 1149, 1023, -1, 1087, 1023, 954, -1,
 954, 1023, 995, -1, 954, 995, 751, -1, 751, 995, 792, -1,
 751, 792, 712, -1, 712, 792, 738, -1, 712, 738, 495, -1,
 495, 738, 596, -1, 495, 596, 577, -1, 32, 81, 105, -1,
 32, 105, 35, -1, 35, 105, 108, -1, 35, 108, 90, -1,
 108, 148, 90, -1, 90, 148, 169, -1, 90, 169, 116, -1,
 116, 169, 206, -1, 116, 206, 180, -1, 180, 206, 252, -1,
 180, 252, 242, -1, 242, 252, 269, -1, 242, 269, 285, -1,
 269, 340, 285, -1, 285, 340, 347, -1, 285, 347, 380, -1,
 380, 347, 420, -1, 380, 420, 394, -1, 394, 420, 456, -1,
 394, 456, 542, -1, 542, 456, 503, -1, 542, 503, 614, -1,
 2985, 3262, 3290, -1, 3290, 3262, 3373, -1, 3290, 3373, 3409, -1,
 3409, 3373, 3406, -1, 3409, 3406, 3420, -1, 3420, 3406, 3495, -1,
 3420, 3495, 3543, -1, 3543, 3495, 3512, -1, 3543, 3512, 3594, -1,
 3594, 3512, 3612, -1, 3594, 3612, 3640, -1, 3290, 2993, 2985, -1,
 2985, 2993, 2984, -1, 2985, 2984, 2969, -1, 2969, 2984, 2667, -1,
 81, 32, 74, -1, 74, 32, 17, -1, 74, 17, 67, -1,
 67, 17, 15, -1, 67, 15, 52, -1, 52, 15, 13, -1,
 52, 13, 51, -1, 51, 13, 0, -1, 51, 0, 50, -1,
 798, 911, 938, -1, 938, 911, 989, -1, 938, 989, 1052, -1,
 1052, 989, 1033, -1, 1052, 1033, 1105, -1, 1105, 1033, 1138, -1,
 1105, 1138, 1231, -1, 1231, 1138, 1242, -1, 1231, 1242, 1239, -1,
 1239, 1242, 1263, -1, 1239, 1263, 1359, -1, 1359, 1263, 1382, -1,
 1359, 1382, 1659, -1, 1659, 1382, 1666, -1, 1659, 1666, 1667, -1,
 1667, 1666, 1684, -1, 1667, 1684, 1980, -1, 1980, 1684, 2007, -1,
 1980, 2007, 2335, -1, 2335, 2007, 2338, -1, 2335, 2338, 2667, -1,
 2667, 2338, 2640, -1, 2667, 2640, 2969, -1, 2610, 2514, 2515, -1,
 2515, 2514, 2502, -1, 2515, 2502, 2384, -1, 1364, 1354, 1298, -1,
 1298, 1354, 1279, -1, 1298, 1279, 1201, -1, 2502, 2385, 2384, -1,
 2384, 2385, 2141, -1, 2384, 2141, 2121, -1, 2121, 2141, 2131, -1,
 2121, 2131, 2040, -1, 2040, 2131, 2002, -1, 2040, 2002, 1939, -1,
 1939, 2002, 1974, -1, 1939, 1974, 1758, -1, 55, 54, 6, -1,
 3496, 3368, 3350, -1, 3350, 3368, 3345, -1, 3350, 3345, 3285, -1,
 3285, 3345, 3245, -1, 3285, 3245, 3205, -1, 3205, 3245, 3201, -1,
 3205, 3201, 3101, -1, 50, 0, 63, -1, 63, 0, 1, -1,
 63, 1, 62, -1, 62, 1, 2, -1, 62, 2, 56, -1,
 56, 2, 3, -1, 56, 3, 53, -1, 53, 3, 4, -1,
 53, 4, 54, -1, 54, 4, 5, -1, 54, 5, 6, -1,
 3201, 3137, 3101, -1, 3101, 3137, 3099, -1, 3101, 3099, 3067, -1,
 1580, 1581, 1551, -1, 1551, 1581, 1514, -1, 1551, 1514, 1443, -1,
 1443, 1514, 1484, -1, 1443, 1484, 1364, -1, 1364, 1484, 1404, -1,
 1364, 1404, 1354, -1, 113, 111, 38, -1, 38, 111, 88, -1,
 38, 88, 26, -1, 26, 88, 83, -1, 26, 83, 20, -1,
 20, 83, 75, -1, 20, 75, 18, -1, 18, 75, 66, -1,
 18, 66, 12, -1, 12, 66, 61, -1, 12, 61, 11, -1,
 11, 61, 60, -1, 11, 60, 10, -1, 4564, 4572, 4623, -1,
 4623, 4572, 4575, -1, 4623, 4575, 4625, -1, 4625, 4575, 4587, -1,
 4625, 4587, 4638, -1, 4638, 4587, 4588, -1, 4638, 4588, 4637, -1,
 4637, 4588, 4578, -1, 4637, 4578, 4636, -1, 4636, 4578, 4577, -1,
 4636, 4577, 4635, -1, 4635, 4577, 4584, -1, 4635, 4584, 4630, -1,
 4630, 4584, 4586, -1, 4630, 4586, 4631, -1, 4631, 4586, 4585, -1,
 4631, 4585, 4632, -1, 4632, 4585, 4583, -1, 4629, 4634, 4633, -1,
 4573, 4620, 4579, -1, 4579, 4620, 4626, -1, 4579, 4626, 4580, -1,
 4580, 4626, 4627, -1, 4580, 4627, 4581, -1, 4581, 4627, 4628, -1,
 4581, 4628, 4582, -1, 4582, 4628, 4629, -1, 4582, 4629, 4583, -1,
 4583, 4629, 4633, -1, 4583, 4633, 4632, -1, 3099, 3061, 3067, -1,
 3067, 3061, 3021, -1, 3067, 3021, 3022, -1, 3022, 3021, 2994, -1,
 3022, 2994, 2950, -1, 2994, 2958, 2950, -1, 2950, 2958, 2949, -1,
 2950, 2949, 2890, -1, 2890, 2949, 2834, -1, 2890, 2834, 2708, -1,
 2708, 2834, 2707, -1, 2708, 2707, 2610, -1, 2610, 2707, 2646, -1,
 2610, 2646, 2514, -1, 1974, 1827, 1758, -1, 1758, 1827, 1740, -1,
 1758, 1740, 1702, -1, 1740, 1695, 1702, -1, 1702, 1695, 1655, -1,
 1702, 1655, 1632, -1, 1632, 1655, 1654, -1, 1632, 1654, 1580, -1,
 1580, 1654, 1587, -1, 1580, 1587, 1581, -1, 6, 7, 55, -1,
 55, 7, 8, -1, 55, 8, 57, -1, 57, 8, 9, -1,
 57, 9, 58, -1, 58, 9, 10, -1, 58, 10, 59, -1,
 59, 10, 60, -1, 91, 65, 33, -1, 1465, 1337, 1363, -1,
 1363, 1337, 1229, -1, 764, 551, 623, -1, 1087, 954, 991, -1,
 2040, 1939, 1935, -1, 1163, 1352, 1306, -1, 300, 339, 289, -1,
 99, 85, 123, -1, 1166, 1140, 985, -1, 1414, 1430, 1594, -1,
 2182, 2103, 2096, -1, 1002, 949, 1022, -1, 408, 481, 571, -1,
 2340, 2341, 2020, -1, 2337, 2339, 2012, -1, 1188, 1069, 1013, -1,
 262, 228, 257, -1, 179, 131, 94, -1, 228, 262, 184, -1,
 2333, 2334, 2005, -1, 1425, 1437, 1331, -1, 1985, 1980, 2335, -1,
 1980, 1985, 1667, -1, 1665, 1673, 1380, -1, 1397, 1412, 1299, -1,
 690, 888, 952, -1, 770, 597, 519, -1, 1726, 1686, 1650, -1,
 1661, 1622, 1588, -1, 1598, 1566, 1519, -1, 1528, 1494, 1431, -1,
 648, 676, 662, -1, 1845, 1850, 1761, -1, 1885, 1892, 1755, -1,
 2196, 2203, 2115, -1, 2219, 2226, 2117, -1, 2117, 2226, 2237, -1,
 2117, 2237, 2245, -1, 2196, 2115, 2184, -1, 2124, 2129, 2115, -1,
 2115, 2129, 2160, -1, 2115, 2160, 2184, -1, 2113, 2114, 2104, -1,
 2104, 2114, 1937, -1, 2104, 1937, 2075, -1, 2075, 1937, 2037, -1,
 2000, 2035, 1942, -1, 1746, 1948, 1947, -1, 1947, 1948, 1949, -1,
 1947, 1949, 1950, -1, 1768, 1799, 1815, -1, 1768, 1648, 1652, -1,
 1773, 1799, 1769, -1, 1769, 1799, 1768, -1, 1769, 1768, 1709, -1,
 1709, 1768, 1652, -1, 1393, 1407, 1438, -1, 1393, 1438, 1536, -1,
 1438, 1541, 1536, -1, 1536, 1541, 1545, -1, 1536, 1545, 1648, -1,
 1648, 1545, 1629, -1, 1648, 1629, 1652, -1, 1227, 1244, 1259, -1,
 1227, 1259, 1393, -1, 1393, 1259, 1318, -1, 1393, 1318, 1407, -1,
 1054, 1073, 1227, -1, 1227, 1073, 1158, -1, 1227, 1158, 1244, -1,
 856, 885, 960, -1, 960, 885, 940, -1, 960, 940, 1054, -1,
 1054, 940, 1040, -1, 1054, 1040, 1073, -1, 662, 676, 749, -1,
 676, 722, 749, -1, 749, 722, 769, -1, 749, 769, 856, -1,
 856, 769, 830, -1, 856, 830, 885, -1, 545, 563, 592, -1,
 592, 563, 595, -1, 592, 595, 662, -1, 662, 595, 636, -1,
 662, 636, 648, -1, 422, 401, 476, -1, 512, 440, 497, -1,
 497, 440, 422, -1, 497, 422, 483, -1, 483, 422, 476, -1,
 391, 464, 401, -1, 401, 464, 472, -1, 401, 472, 476, -1,
 434, 473, 470, -1, 538, 522, 477, -1, 477, 522, 520, -1,
 477, 520, 434, -1, 434, 520, 485, -1, 434, 485, 473, -1,
 652, 640, 617, -1, 617, 640, 576, -1, 652, 617, 716, -1,
 716, 617, 737, -1, 716, 737, 779, -1, 891, 930, 737, -1,
 737, 930, 817, -1, 737, 817, 779, -1, 1080, 1026, 1071, -1,
 1071, 1026, 1025, -1, 1275, 1280, 1173, -1, 1173, 1280, 1191, -1,
 1173, 1191, 1071, -1, 1071, 1191, 1096, -1, 1071, 1096, 1080, -1,
 1473, 1403, 1375, -1, 1375, 1403, 1384, -1, 1375, 1384, 1275, -1,
 1275, 1384, 1297, -1, 1275, 1297, 1280, -1, 1933, 1897, 1729, -1,
 1729, 1897, 1824, -1, 1729, 1824, 1752, -1, 2111, 2042, 2016, -1,
 2016, 2042, 2030, -1, 2016, 2030, 1933, -1, 1933, 2030, 1946, -1,
 1933, 1946, 1897, -1, 2111, 2103, 2156, -1, 2156, 2103, 2182, -1,
 2156, 2182, 2185, -1, 2, 1, 31, -1, 31, 1, 0, -1,
 31, 0, 45, -1, 156, 95, 35, -1, 0, 13, 45, -1,
 45, 13, 15, -1, 45, 15, 47, -1, 47, 15, 17, -1,
 47, 17, 95, -1, 95, 17, 32, -1, 95, 32, 35, -1,
 242, 342, 247, -1, 242, 285, 342, -1, 342, 285, 380, -1,
 342, 380, 448, -1, 448, 380, 394, -1, 448, 394, 611, -1,
 35, 90, 156, -1, 156, 90, 116, -1, 156, 116, 247, -1,
 247, 116, 180, -1, 247, 180, 242, -1, 394, 542, 611, -1,
 611, 542, 562, -1, 611, 562, 799, -1, 136, 49, 106, -1,
 29, 49, 41, -1, 41, 49, 101, -1, 41, 101, 68, -1,
 519, 597, 404, -1, 404, 597, 463, -1, 404, 463, 315, -1,
 315, 463, 373, -1, 315, 373, 224, -1, 224, 373, 295, -1,
 224, 295, 163, -1, 163, 295, 232, -1, 163, 232, 128, -1,
 128, 232, 191, -1, 128, 191, 106, -1, 106, 191, 171, -1,
 106, 171, 136, -1, 562, 729, 799, -1, 799, 729, 807, -1,
 799, 807, 992, -1, 1231, 1268, 1144, -1, 807, 938, 992, -1,
 992, 938, 1052, -1, 992, 1052, 1144, -1, 1144, 1052, 1105, -1,
 1144, 1105, 1231, -1, 1659, 1369, 1359, -1, 1359, 1369, 1268, -1,
 1359, 1268, 1239, -1, 1239, 1268, 1231, -1, 1397, 1299, 1380, -1,
 1412, 1425, 1299, -1, 1299, 1425, 1331, -1, 1299, 1331, 1183, -1,
 1183, 1331, 1222, -1, 1183, 1222, 1044, -1, 1044, 1222, 1098, -1,
 1145, 952, 1098, -1, 1098, 952, 888, -1, 1098, 888, 1044, -1,
 2333, 2005, 1999, -1, 1999, 2005, 1692, -1, 1999, 1692, 1996, -1,
 1996, 1692, 1688, -1, 1996, 1688, 1991, -1, 1991, 1688, 1685, -1,
 1991, 1685, 1988, -1, 1988, 1685, 1680, -1, 1988, 1680, 1986, -1,
 1986, 1680, 1673, -1, 1986, 1673, 1985, -1, 1985, 1673, 1665, -1,
 1985, 1665, 1667, -1, 1991, 2325, 1996, -1, 1996, 2325, 2328, -1,
 1996, 2328, 1999, -1, 1999, 2328, 2331, -1, 1999, 2331, 2333, -1,
 1145, 1098, 1256, -1, 1256, 1098, 1222, -1, 1256, 1222, 1365, -1,
 1365, 1222, 1331, -1, 1365, 1331, 1460, -1, 1460, 1331, 1437, -1,
 1460, 1437, 1698, -1, 2335, 2332, 1985, -1, 1985, 2332, 2330, -1,
 1985, 2330, 1986, -1, 1986, 2330, 2329, -1, 1986, 2329, 1988, -1,
 1988, 2329, 2327, -1, 1988, 2327, 1991, -1, 1991, 2327, 2326, -1,
 1991, 2326, 2325, -1, 184, 136, 228, -1, 228, 136, 171, -1,
 228, 171, 257, -1, 257, 171, 191, -1, 257, 191, 302, -1,
 302, 191, 232, -1, 302, 232, 364, -1, 364, 232, 295, -1,
 364, 295, 431, -1, 431, 295, 373, -1, 431, 373, 539, -1,
 539, 373, 463, -1, 539, 463, 686, -1, 686, 463, 597, -1,
 686, 597, 855, -1, 855, 597, 770, -1, 855, 770, 1013, -1,
 101, 145, 68, -1, 68, 145, 165, -1, 68, 165, 139, -1,
 139, 165, 188, -1, 139, 188, 237, -1, 49, 136, 101, -1,
 101, 136, 184, -1, 101, 184, 145, -1, 145, 184, 262, -1,
 145, 262, 165, -1, 165, 262, 241, -1, 165, 241, 188, -1,
 1013, 1069, 855, -1, 855, 1069, 935, -1, 855, 935, 686, -1,
 686, 935, 771, -1, 686, 771, 539, -1, 539, 771, 629, -1,
 539, 629, 431, -1, 431, 629, 500, -1, 431, 500, 364, -1,
 364, 500, 424, -1, 364, 424, 302, -1, 302, 424, 366, -1,
 302, 366, 257, -1, 257, 366, 321, -1, 257, 321, 262, -1,
 262, 321, 290, -1, 262, 290, 241, -1, 237, 188, 293, -1,
 293, 188, 241, -1, 293, 241, 353, -1, 353, 241, 290, -1,
 353, 290, 379, -1, 379, 290, 321, -1, 379, 321, 428, -1,
 428, 321, 366, -1, 428, 366, 493, -1, 493, 366, 424, -1,
 493, 424, 591, -1, 591, 424, 500, -1, 591, 500, 717, -1,
 717, 500, 629, -1, 717, 629, 871, -1, 871, 629, 771, -1,
 871, 771, 1006, -1, 1006, 771, 935, -1, 1006, 935, 1128, -1,
 1128, 935, 1069, -1, 1128, 1069, 1235, -1, 1235, 1069, 1188, -1,
 1235, 1188, 1333, -1, 2336, 2337, 2006, -1, 2006, 2337, 2012, -1,
 2006, 2012, 1698, -1, 1698, 2012, 1701, -1, 1698, 1701, 1460, -1,
 1460, 1701, 1485, -1, 1460, 1485, 1365, -1, 1365, 1485, 1398, -1,
 1365, 1398, 1256, -1, 1256, 1398, 1296, -1, 1256, 1296, 1145, -1,
 2339, 2340, 2012, -1, 2012, 2340, 2020, -1, 2012, 2020, 1701, -1,
 1701, 2020, 1714, -1, 1701, 1714, 1485, -1, 1485, 1714, 1513, -1,
 1485, 1513, 1398, -1, 1398, 1513, 1333, -1, 1398, 1333, 1296, -1,
 1296, 1333, 1188, -1, 1296, 1188, 1145, -1, 1145, 1188, 1013, -1,
 1145, 1013, 952, -1, 952, 1013, 770, -1, 952, 770, 690, -1,
 690, 770, 519, -1, 1380, 1673, 1397, -1, 1397, 1673, 1680, -1,
 1397, 1680, 1412, -1, 1412, 1680, 1685, -1, 1412, 1685, 1425, -1,
 1425, 1685, 1688, -1, 1425, 1688, 1437, -1, 1437, 1688, 1692, -1,
 1437, 1692, 1698, -1, 1698, 1692, 2005, -1, 1698, 2005, 2006, -1,
 2006, 2005, 2334, -1, 2006, 2334, 2336, -1, 389, 550, 449, -1,
 449, 550, 602, -1, 449, 602, 535, -1, 535, 602, 657, -1,
 535, 657, 584, -1, 274, 389, 323, -1, 323, 389, 449, -1,
 323, 449, 377, -1, 377, 449, 535, -1, 377, 535, 437, -1,
 437, 535, 584, -1, 437, 584, 516, -1, 274, 335, 389, -1,
 389, 335, 469, -1, 389, 469, 550, -1, 550, 469, 675, -1,
 550, 675, 602, -1, 602, 675, 727, -1, 602, 727, 657, -1,
 739, 571, 635, -1, 635, 571, 481, -1, 635, 481, 526, -1,
 1237, 1286, 1142, -1, 1142, 1286, 1205, -1, 1142, 1205, 1035, -1,
 1035, 1205, 1114, -1, 1035, 1114, 923, -1, 923, 1114, 1014, -1,
 923, 1014, 791, -1, 791, 1014, 913, -1, 791, 913, 689, -1,
 689, 913, 793, -1, 689, 793, 594, -1, 594, 793, 711, -1,
 1345, 1399, 1260, -1, 1260, 1399, 1322, -1, 1260, 1322, 1181, -1,
 1181, 1322, 1250, -1, 1181, 1250, 1100, -1, 1100, 1250, 1171, -1,
 1100, 1171, 1009, -1, 1009, 1171, 1103, -1, 1009, 1103, 920, -1,
 920, 1103, 1022, -1, 920, 1022, 826, -1, 826, 1022, 949, -1,
 1286, 1345, 1205, -1, 1205, 1345, 1260, -1, 1205, 1260, 1114, -1,
 1114, 1260, 1181, -1, 1114, 1181, 1014, -1, 1014, 1181, 1100, -1,
 1014, 1100, 913, -1, 913, 1100, 1009, -1, 913, 1009, 793, -1,
 793, 1009, 920, -1, 793, 920, 711, -1, 711, 920, 826, -1,
 976, 1050, 1104, -1, 1104, 1050, 1124, -1, 1104, 1124, 1228, -1,
 1124, 1185, 1228, -1, 1228, 1185, 1252, -1, 1228, 1252, 1357, -1,
 1456, 1477, 1385, -1, 1385, 1477, 1357, -1, 1385, 1357, 1317, -1,
 1317, 1357, 1252, -1, 1494, 1473, 1431, -1, 1431, 1473, 1375, -1,
 1431, 1375, 1326, -1, 1326, 1375, 1275, -1, 1326, 1275, 1232, -1,
 1232, 1275, 1173, -1, 1232, 1173, 1127, -1, 1127, 1173, 1071, -1,
 1127, 1071, 1015, -1, 1015, 1071, 1025, -1, 1015, 1025, 891, -1,
 891, 1025, 945, -1, 891, 945, 930, -1, 617, 674, 737, -1,
 737, 674, 806, -1, 737, 806, 891, -1, 891, 806, 956, -1,
 891, 956, 1015, -1, 1015, 956, 1075, -1, 1015, 1075, 1127, -1,
 1127, 1075, 1182, -1, 1127, 1182, 1232, -1, 1232, 1182, 1281, -1,
 1232, 1281, 1326, -1, 1326, 1281, 1386, -1, 1326, 1386, 1431, -1,
 1431, 1386, 1519, -1, 1431, 1519, 1528, -1, 1528, 1519, 1566, -1,
 674, 746, 806, -1, 806, 746, 898, -1, 806, 898, 956, -1,
 956, 898, 1019, -1, 956, 1019, 1075, -1, 1075, 1019, 1132, -1,
 1075, 1132, 1182, -1, 1182, 1132, 1240, -1, 1182, 1240, 1281, -1,
 1281, 1240, 1351, -1, 1281, 1351, 1386, -1, 1386, 1351, 1458, -1,
 1386, 1458, 1519, -1, 1519, 1458, 1588, -1, 1519, 1588, 1598, -1,
 1598, 1588, 1622, -1, 746, 824, 898, -1, 898, 824, 965, -1,
 898, 965, 1019, -1, 1019, 965, 1085, -1, 1019, 1085, 1132, -1,
 1132, 1085, 1197, -1, 1132, 1197, 1240, -1, 1240, 1197, 1307, -1,
 1240, 1307, 1351, -1, 1351, 1307, 1429, -1, 1351, 1429, 1458, -1,
 1458, 1429, 1546, -1, 1458, 1546, 1588, -1, 1588, 1546, 1650, -1,
 1588, 1650, 1661, -1, 1661, 1650, 1686, -1, 1560, 1466, 1523, -1,
 1523, 1466, 1421, -1, 1523, 1421, 1491, -1, 1491, 1421, 1372, -1,
 1491, 1372, 1454, -1, 1454, 1372, 1323, -1, 1454, 1323, 1417, -1,
 2343, 2344, 2034, -1, 2034, 2344, 2345, -1, 2034, 2345, 2046, -1,
 2067, 2061, 2349, -1, 1751, 2034, 1762, -1, 1762, 2034, 2046, -1,
 1762, 2046, 1771, -1, 1771, 2046, 2061, -1, 1771, 2061, 1791, -1,
 1791, 2061, 2067, -1, 1791, 2067, 1823, -1, 2345, 2346, 2046, -1,
 2046, 2346, 2347, -1, 2046, 2347, 2061, -1, 2061, 2347, 2348, -1,
 2061, 2348, 2349, -1, 1823, 1638, 1791, -1, 1791, 1638, 1617, -1,
 1791, 1617, 1771, -1, 1771, 1617, 1593, -1, 1771, 1593, 1762, -1,
 1762, 1593, 1574, -1, 1762, 1574, 1751, -1, 1751, 1574, 1552, -1,
 1586, 1477, 1560, -1, 1560, 1477, 1456, -1, 1560, 1456, 1466, -1,
 906, 976, 1030, -1, 1030, 976, 1104, -1, 1030, 1104, 1150, -1,
 1150, 1104, 1228, -1, 1150, 1228, 1266, -1, 1266, 1228, 1357, -1,
 1266, 1357, 1387, -1, 1387, 1357, 1477, -1, 1387, 1477, 1506, -1,
 1506, 1477, 1586, -1, 1506, 1586, 1621, -1, 824, 906, 965, -1,
 965, 906, 1030, -1, 965, 1030, 1085, -1, 1085, 1030, 1150, -1,
 1085, 1150, 1197, -1, 1197, 1150, 1266, -1, 1197, 1266, 1307, -1,
 1307, 1266, 1387, -1, 1307, 1387, 1429, -1, 1429, 1387, 1506, -1,
 1429, 1506, 1546, -1, 1546, 1506, 1621, -1, 1546, 1621, 1650, -1,
 1726, 1650, 1712, -1, 1712, 1650, 1621, -1, 1712, 1621, 1691, -1,
 1691, 1621, 1586, -1, 1691, 1586, 1660, -1, 1660, 1586, 1560, -1,
 1660, 1560, 1638, -1, 1638, 1560, 1523, -1, 1638, 1523, 1617, -1,
 1617, 1523, 1491, -1, 1617, 1491, 1593, -1, 1593, 1491, 1454, -1,
 1593, 1454, 1574, -1, 1574, 1454, 1417, -1, 1574, 1417, 1552, -1,
 1920, 1795, 1766, -1, 1920, 1766, 1879, -1, 1879, 1766, 1741, -1,
 1879, 1741, 1854, -1, 2073, 2086, 1854, -1, 2354, 2086, 2352, -1,
 2352, 2086, 2073, -1, 2352, 2073, 2351, -1, 2351, 2073, 2350, -1,
 2111, 2016, 2103, -1, 2103, 2016, 1995, -1, 2103, 1995, 2096, -1,
 2359, 2185, 2358, -1, 2358, 2185, 2182, -1, 2358, 2182, 2357, -1,
 2357, 2182, 2096, -1, 2357, 2096, 2356, -1, 2356, 2096, 2355, -1,
 2354, 2355, 2086, -1, 2086, 2355, 2096, -1, 2086, 2096, 1854, -1,
 1854, 2096, 1995, -1, 1854, 1995, 1879, -1, 1879, 1995, 2016, -1,
 1879, 2016, 1920, -1, 1920, 2016, 1933, -1, 1920, 1933, 1795, -1,
 1795, 1933, 1729, -1, 2349, 2350, 2067, -1, 2067, 2350, 2073, -1,
 2067, 2073, 1823, -1, 1823, 2073, 1854, -1, 1823, 1854, 1638, -1,
 1638, 1854, 1741, -1, 1638, 1741, 1660, -1, 1660, 1741, 1766, -1,
 1660, 1766, 1691, -1, 1691, 1766, 1795, -1, 1691, 1795, 1712, -1,
 1712, 1795, 1729, -1, 1712, 1729, 1726, -1, 1726, 1729, 1752, -1,
 925, 1067, 985, -1, 985, 1067, 1203, -1, 985, 1203, 1166, -1,
 2035, 2037, 1942, -1, 1942, 2037, 1937, -1, 1942, 1937, 1725, -1,
 1725, 1937, 1716, -1, 1725, 1716, 1594, -1, 1950, 2000, 1947, -1,
 1947, 2000, 1942, -1, 1947, 1942, 1746, -1, 1746, 1942, 1725, -1,
 1746, 1725, 1603, -1, 1603, 1725, 1594, -1, 1603, 1594, 1451, -1,
 1451, 1594, 1430, -1, 1451, 1430, 1234, -1, 289, 339, 336, -1,
 336, 339, 388, -1, 336, 388, 403, -1, 403, 388, 453, -1,
 403, 453, 486, -1, 486, 453, 556, -1, 486, 556, 605, -1,
 605, 556, 687, -1, 605, 687, 755, -1, 755, 687, 841, -1,
 755, 841, 925, -1, 925, 841, 983, -1, 925, 983, 1067, -1,
 1067, 983, 1234, -1, 1067, 1234, 1203, -1, 1203, 1234, 1430, -1,
 1203, 1430, 1166, -1, 1166, 1430, 1414, -1, 1166, 1414, 1140, -1,
 198, 129, 202, -1, 202, 129, 162, -1, 202, 162, 212, -1,
 212, 162, 181, -1, 212, 181, 230, -1, 230, 181, 216, -1,
 230, 216, 273, -1, 273, 216, 264, -1, 213, 160, 158, -1,
 158, 160, 123, -1, 158, 123, 112, -1, 112, 123, 85, -1,
 112, 85, 77, -1, 245, 303, 281, -1, 1892, 1948, 1755, -1,
 1755, 1948, 1746, -1, 1755, 1746, 1615, -1, 1615, 1746, 1603, -1,
 1615, 1603, 1469, -1, 1469, 1603, 1451, -1, 1469, 1451, 1267, -1,
 1267, 1451, 1234, -1, 1267, 1234, 1042, -1, 1042, 1234, 983, -1,
 1042, 983, 918, -1, 918, 983, 841, -1, 918, 841, 772, -1,
 772, 841, 687, -1, 772, 687, 649, -1, 649, 687, 556, -1,
 649, 556, 532, -1, 532, 556, 453, -1, 532, 453, 446, -1,
 446, 453, 388, -1, 446, 388, 396, -1, 396, 388, 339, -1,
 396, 339, 358, -1, 358, 339, 300, -1, 358, 300, 319, -1,
 1306, 1352, 1496, -1, 1496, 1352, 1517, -1, 1496, 1517, 1623, -1,
 1623, 1517, 1637, -1, 1623, 1637, 1761, -1, 727, 787, 657, -1,
 657, 787, 714, -1, 657, 714, 584, -1, 584, 714, 647, -1,
 584, 647, 516, -1, 516, 647, 570, -1, 516, 570, 460, -1,
 460, 570, 502, -1, 460, 502, 425, -1, 425, 502, 457, -1,
 425, 457, 395, -1, 395, 457, 433, -1, 433, 415, 395, -1,
 395, 415, 368, -1, 395, 368, 425, -1, 425, 368, 385, -1,
 425, 385, 460, -1, 460, 385, 427, -1, 460, 427, 516, -1,
 516, 427, 367, -1, 516, 367, 437, -1, 437, 367, 312, -1,
 437, 312, 377, -1, 377, 312, 254, -1, 377, 254, 323, -1,
 323, 254, 208, -1, 323, 208, 274, -1, 512, 540, 440, -1,
 440, 540, 545, -1, 440, 545, 489, -1, 489, 545, 592, -1,
 489, 592, 549, -1, 549, 592, 662, -1, 549, 662, 637, -1,
 637, 662, 749, -1, 637, 749, 726, -1, 726, 749, 856, -1,
 726, 856, 854, -1, 854, 856, 960, -1, 854, 960, 970, -1,
 970, 960, 1054, -1, 970, 1054, 1163, -1, 1163, 1054, 1227, -1,
 1163, 1227, 1352, -1, 1352, 1227, 1393, -1, 1352, 1393, 1517, -1,
 1517, 1393, 1536, -1, 1517, 1536, 1637, -1, 1637, 1536, 1648, -1,
 1637, 1648, 1761, -1, 1761, 1648, 1768, -1, 1761, 1768, 1845, -1,
 1845, 1768, 1815, -1, 538, 477, 559, -1, 559, 477, 501, -1,
 559, 501, 613, -1, 613, 501, 555, -1, 613, 555, 683, -1,
 683, 555, 626, -1, 683, 626, 754, -1, 754, 626, 698, -1,
 754, 698, 845, -1, 845, 698, 775, -1, 845, 775, 921, -1,
 921, 775, 858, -1, 921, 858, 1002, -1, 1002, 858, 872, -1,
 1002, 872, 949, -1, 949, 872, 739, -1, 949, 739, 826, -1,
 826, 739, 635, -1, 826, 635, 711, -1, 711, 635, 526, -1,
 711, 526, 594, -1, 576, 538, 617, -1, 617, 538, 559, -1,
 617, 559, 674, -1, 674, 559, 613, -1, 674, 613, 746, -1,
 746, 613, 683, -1, 746, 683, 824, -1, 824, 683, 754, -1,
 824, 754, 906, -1, 906, 754, 845, -1, 906, 845, 976, -1,
 976, 845, 921, -1, 976, 921, 1050, -1, 1050, 921, 1002, -1,
 1050, 1002, 1124, -1, 1124, 1002, 1022, -1, 1124, 1022, 1185, -1,
 1185, 1022, 1103, -1, 1185, 1103, 1252, -1, 1252, 1103, 1171, -1,
 1252, 1171, 1317, -1, 1317, 1171, 1250, -1, 1317, 1250, 1385, -1,
 1385, 1250, 1322, -1, 1385, 1322, 1456, -1, 1456, 1322, 1399, -1,
 1456, 1399, 1466, -1, 1466, 1399, 1345, -1, 1466, 1345, 1421, -1,
 1421, 1345, 1286, -1, 1421, 1286, 1372, -1, 1372, 1286, 1237, -1,
 1372, 1237, 1323, -1, 335, 408, 469, -1, 469, 408, 571, -1,
 469, 571, 675, -1, 675, 571, 739, -1, 675, 739, 727, -1,
 727, 739, 872, -1, 727, 872, 787, -1, 787, 872, 858, -1,
 787, 858, 714, -1, 714, 858, 775, -1, 714, 775, 647, -1,
 647, 775, 698, -1, 647, 698, 570, -1, 570, 698, 626, -1,
 570, 626, 502, -1, 502, 626, 555, -1, 502, 555, 457, -1,
 457, 555, 501, -1, 457, 501, 433, -1, 433, 501, 477, -1,
 433, 477, 415, -1, 415, 477, 434, -1, 415, 434, 399, -1,
 399, 434, 470, -1, 399, 470, 391, -1, 391, 470, 467, -1,
 391, 467, 464, -1, 2383, 2384, 2119, -1, 2119, 2384, 2121, -1,
 1702, 1632, 1635, -1, 2382, 2117, 2381, -1, 2381, 2117, 2245, -1,
 2381, 2245, 2380, -1, 1939, 1758, 1935, -1, 1935, 1758, 1703, -1,
 1935, 1703, 1706, -1, 1632, 1580, 1635, -1, 1635, 1580, 1559, -1,
 1635, 1559, 1565, -1, 1298, 1143, 1164, -1, 1551, 1443, 1457, -1,
 1457, 1443, 1364, -1, 1457, 1364, 1315, -1, 551, 495, 466, -1,
 495, 551, 712, -1, 712, 551, 764, -1, 712, 764, 751, -1,
 402, 359, 306, -1, 2203, 2219, 2115, -1, 2115, 2219, 2117, -1,
 2115, 2117, 1931, -1, 2113, 2124, 2114, -1, 2114, 2124, 2115, -1,
 2114, 2115, 1937, -1, 1937, 2115, 1931, -1, 1937, 1931, 1716, -1,
 2121, 2040, 2119, -1, 2119, 2040, 1935, -1, 2119, 1935, 1932, -1,
 1932, 1935, 1706, -1, 1932, 1706, 1710, -1, 1710, 1706, 1573, -1,
 1710, 1573, 1582, -1, 1582, 1573, 1503, -1, 524, 623, 450, -1,
 450, 623, 551, -1, 450, 551, 402, -1, 402, 551, 466, -1,
 402, 466, 359, -1, 1143, 1087, 1164, -1, 1164, 1087, 991, -1,
 1164, 991, 1036, -1, 1036, 991, 833, -1, 1036, 833, 910, -1,
 910, 833, 708, -1, 910, 708, 800, -1, 800, 708, 634, -1,
 800, 634, 693, -1, 693, 634, 482, -1, 693, 482, 544, -1,
 544, 482, 384, -1, 544, 384, 430, -1, 430, 384, 311, -1,
 430, 311, 356, -1, 356, 311, 246, -1, 356, 246, 287, -1,
 287, 246, 198, -1, 287, 198, 243, -1, 243, 198, 202, -1,
 243, 202, 248, -1, 248, 202, 212, -1, 248, 212, 261, -1,
 261, 212, 230, -1, 261, 230, 288, -1, 288, 230, 273, -1,
 1086, 1229, 1198, -1, 1198, 1229, 1337, -1, 1198, 1337, 1315, -1,
 1315, 1337, 1465, -1, 1315, 1465, 1457, -1, 1086, 1113, 1229, -1,
 1229, 1113, 1376, -1, 1229, 1376, 1363, -1, 1363, 1376, 1479, -1,
 1363, 1479, 1465, -1, 1465, 1479, 1565, -1, 1465, 1565, 1457, -1,
 1457, 1565, 1559, -1, 1457, 1559, 1551, -1, 1551, 1559, 1580, -1,
 1140, 910, 985, -1, 985, 910, 800, -1, 985, 800, 925, -1,
 925, 800, 693, -1, 925, 693, 755, -1, 755, 693, 544, -1,
 755, 544, 605, -1, 605, 544, 430, -1, 605, 430, 486, -1,
 486, 430, 356, -1, 486, 356, 403, -1, 403, 356, 287, -1,
 403, 287, 336, -1, 336, 287, 243, -1, 336, 243, 289, -1,
 289, 243, 248, -1, 289, 248, 300, -1, 300, 248, 261, -1,
 300, 261, 319, -1, 319, 261, 288, -1, 1758, 1702, 1703, -1,
 1703, 1702, 1635, -1, 1703, 1635, 1706, -1, 1706, 1635, 1565, -1,
 1706, 1565, 1573, -1, 1573, 1565, 1479, -1, 1573, 1479, 1503, -1,
 1503, 1479, 1376, -1, 1503, 1376, 1392, -1, 1392, 1376, 1113, -1,
 1364, 1298, 1315, -1, 1315, 1298, 1164, -1, 1315, 1164, 1198, -1,
 1198, 1164, 1036, -1, 1198, 1036, 1086, -1, 1086, 1036, 910, -1,
 1086, 910, 1113, -1, 1113, 910, 1140, -1, 1113, 1140, 1392, -1,
 1392, 1140, 1414, -1, 1392, 1414, 1503, -1, 1503, 1414, 1594, -1,
 1503, 1594, 1582, -1, 1582, 1594, 1716, -1, 1582, 1716, 1710, -1,
 1710, 1716, 1931, -1, 1710, 1931, 1932, -1, 1932, 1931, 2117, -1,
 1932, 2117, 2119, -1, 2119, 2117, 2382, -1, 2119, 2382, 2383, -1,
 120, 72, 132, -1, 26, 48, 38, -1, 38, 48, 87, -1,
 38, 87, 46, -1, 11, 30, 12, -1, 12, 30, 39, -1,
 12, 39, 18, -1, 18, 39, 20, -1, 226, 154, 282, -1,
 282, 154, 176, -1, 282, 176, 338, -1, 117, 150, 119, -1,
 33, 65, 28, -1, 28, 65, 40, -1, 28, 40, 22, -1,
 26, 20, 48, -1, 48, 20, 39, -1, 48, 39, 93, -1,
 93, 39, 30, -1, 19, 27, 14, -1, 14, 27, 21, -1,
 14, 21, 16, -1, 16, 21, 23, -1, 10, 9, 16, -1,
 16, 9, 8, -1, 16, 8, 14, -1, 14, 8, 7, -1,
 14, 7, 19, -1, 19, 7, 6, -1, 19, 6, 5, -1,
 2, 31, 3, -1, 3, 31, 24, -1, 3, 24, 4, -1,
 4, 24, 25, -1, 4, 25, 5, -1, 314, 407, 275, -1,
 275, 407, 372, -1, 275, 372, 240, -1, 240, 372, 338, -1,
 240, 338, 207, -1, 207, 338, 176, -1, 150, 117, 185, -1,
 185, 117, 189, -1, 185, 189, 218, -1, 11, 22, 30, -1,
 30, 22, 40, -1, 30, 40, 93, -1, 93, 40, 65, -1,
 93, 65, 130, -1, 130, 65, 91, -1, 218, 314, 185, -1,
 185, 314, 275, -1, 185, 275, 150, -1, 150, 275, 240, -1,
 150, 240, 119, -1, 119, 240, 207, -1, 119, 207, 132, -1,
 132, 207, 176, -1, 132, 176, 120, -1, 120, 176, 154, -1,
 72, 46, 132, -1, 132, 46, 87, -1, 132, 87, 119, -1,
 119, 87, 48, -1, 119, 48, 117, -1, 117, 48, 93, -1,
 117, 93, 189, -1, 189, 93, 130, -1, 189, 130, 159, -1,
 159, 130, 91, -1, 42, 64, 125, -1, 125, 64, 155, -1,
 125, 155, 203, -1, 27, 44, 21, -1, 21, 44, 34, -1,
 21, 34, 23, -1, 23, 34, 36, -1, 23, 36, 42, -1,
 42, 36, 43, -1, 42, 43, 64, -1, 64, 43, 92, -1,
 64, 92, 155, -1, 79, 110, 71, -1, 71, 110, 102, -1,
 71, 102, 77, -1, 77, 102, 142, -1, 77, 142, 112, -1,
 112, 142, 187, -1, 112, 187, 158, -1, 158, 187, 245, -1,
 158, 245, 213, -1, 213, 245, 281, -1, 213, 281, 267, -1,
 37, 94, 79, -1, 79, 94, 131, -1, 79, 131, 110, -1,
 5, 25, 19, -1, 19, 25, 37, -1, 19, 37, 27, -1,
 27, 37, 79, -1, 27, 79, 44, -1, 44, 79, 71, -1,
 44, 71, 34, -1, 34, 71, 77, -1, 34, 77, 36, -1,
 36, 77, 85, -1, 36, 85, 43, -1, 43, 85, 99, -1,
 43, 99, 92, -1, 237, 179, 139, -1, 139, 179, 94, -1,
 139, 94, 68, -1, 68, 94, 37, -1, 68, 37, 41, -1,
 41, 37, 25, -1, 41, 25, 29, -1, 29, 25, 24, -1,
 29, 24, 49, -1, 49, 24, 31, -1, 49, 31, 106, -1,
 106, 31, 45, -1, 106, 45, 128, -1, 128, 45, 47, -1,
 128, 47, 163, -1, 163, 47, 95, -1, 163, 95, 224, -1,
 224, 95, 156, -1, 224, 156, 315, -1, 315, 156, 247, -1,
 315, 247, 404, -1, 404, 247, 342, -1, 404, 342, 519, -1,
 519, 342, 448, -1, 519, 448, 690, -1, 690, 448, 611, -1,
 690, 611, 888, -1, 888, 611, 799, -1, 888, 799, 1044, -1,
 1044, 799, 992, -1, 1044, 992, 1183, -1, 1183, 992, 1144, -1,
 1183, 1144, 1299, -1, 1299, 1144, 1268, -1, 1299, 1268, 1380, -1,
 1380, 1268, 1369, -1, 1380, 1369, 1665, -1, 1665, 1369, 1659, -1,
 1665, 1659, 1667, -1, 11, 10, 22, -1, 22, 10, 16, -1,
 22, 16, 28, -1, 28, 16, 23, -1, 28, 23, 33, -1,
 33, 23, 42, -1, 33, 42, 91, -1, 91, 42, 125, -1,
 91, 125, 159, -1, 159, 125, 203, -1, 159, 203, 189, -1,
 189, 203, 263, -1, 189, 263, 218, -1, 218, 263, 345, -1,
 218, 345, 314, -1, 314, 345, 438, -1, 314, 438, 407, -1,
 407, 438, 524, -1, 407, 524, 372, -1, 372, 524, 450, -1,
 372, 450, 338, -1, 338, 450, 402, -1, 338, 402, 282, -1,
 282, 402, 306, -1, 282, 306, 226, -1, 954, 751, 991, -1,
 991, 751, 764, -1, 991, 764, 833, -1, 833, 764, 623, -1,
 833, 623, 708, -1, 708, 623, 524, -1, 708, 524, 634, -1,
 634, 524, 438, -1, 634, 438, 482, -1, 482, 438, 345, -1,
 482, 345, 384, -1, 384, 345, 263, -1, 384, 263, 311, -1,
 311, 263, 203, -1, 311, 203, 246, -1, 246, 203, 155, -1,
 246, 155, 198, -1, 198, 155, 92, -1, 198, 92, 129, -1,
 129, 92, 99, -1, 129, 99, 162, -1, 162, 99, 123, -1,
 162, 123, 181, -1, 181, 123, 160, -1, 181, 160, 216, -1,
 216, 160, 213, -1, 216, 213, 264, -1, 264, 213, 267, -1,
 2342, 2343, 2025, -1, 2025, 2343, 2034, -1, 2025, 2034, 1727, -1,
 1727, 2034, 1751, -1, 1727, 1751, 1525, -1, 1525, 1751, 1552, -1,
 1525, 1552, 1373, -1, 1373, 1552, 1417, -1, 1373, 1417, 1277, -1,
 1277, 1417, 1323, -1, 1277, 1323, 1180, -1, 1180, 1323, 1237, -1,
 1180, 1237, 1076, -1, 1076, 1237, 1142, -1, 1076, 1142, 958, -1,
 958, 1142, 1035, -1, 958, 1035, 813, -1, 813, 1035, 923, -1,
 813, 923, 694, -1, 694, 923, 791, -1, 694, 791, 583, -1,
 583, 791, 689, -1, 583, 689, 498, -1, 498, 689, 594, -1,
 498, 594, 442, -1, 442, 594, 526, -1, 442, 526, 414, -1,
 414, 526, 481, -1, 414, 481, 346, -1, 346, 481, 408, -1,
 346, 408, 284, -1, 284, 408, 335, -1, 284, 335, 219, -1,
 219, 335, 274, -1, 219, 274, 161, -1, 161, 274, 208, -1,
 161, 208, 147, -1, 147, 208, 254, -1, 147, 254, 190, -1,
 190, 254, 312, -1, 190, 312, 244, -1, 244, 312, 367, -1,
 244, 367, 296, -1, 296, 367, 427, -1, 296, 427, 360, -1,
 360, 427, 385, -1, 360, 385, 331, -1, 331, 385, 368, -1,
 331, 368, 341, -1, 341, 368, 415, -1, 341, 415, 329, -1,
 329, 415, 399, -1, 329, 399, 326, -1, 326, 399, 391, -1,
 326, 391, 333, -1, 333, 391, 401, -1, 333, 401, 351, -1,
 351, 401, 422, -1, 351, 422, 376, -1, 376, 422, 440, -1,
 376, 440, 417, -1, 417, 440, 489, -1, 417, 489, 462, -1,
 462, 489, 549, -1, 462, 549, 531, -1, 531, 549, 637, -1,
 531, 637, 628, -1, 628, 637, 726, -1, 628, 726, 735, -1,
 735, 726, 854, -1, 735, 854, 878, -1, 878, 854, 970, -1,
 878, 970, 994, -1, 994, 970, 1163, -1, 994, 1163, 1108, -1,
 1108, 1163, 1306, -1, 2341, 2342, 2020, -1, 2020, 2342, 2025, -1,
 2020, 2025, 1714, -1, 1714, 2025, 1727, -1, 1714, 1727, 1513, -1,
 1513, 1727, 1525, -1, 1513, 1525, 1333, -1, 1333, 1525, 1373, -1,
 1333, 1373, 1235, -1, 1235, 1373, 1277, -1, 1235, 1277, 1128, -1,
 1128, 1277, 1180, -1, 1128, 1180, 1006, -1, 1006, 1180, 1076, -1,
 1006, 1076, 871, -1, 871, 1076, 958, -1, 871, 958, 717, -1,
 717, 958, 813, -1, 717, 813, 591, -1, 591, 813, 694, -1,
 591, 694, 493, -1, 493, 694, 583, -1, 493, 583, 428, -1,
 428, 583, 498, -1, 428, 498, 379, -1, 379, 498, 442, -1,
 379, 442, 353, -1, 353, 442, 414, -1, 353, 414, 293, -1,
 293, 414, 346, -1, 293, 346, 237, -1, 237, 346, 284, -1,
 237, 284, 179, -1, 179, 284, 219, -1, 179, 219, 131, -1,
 131, 219, 161, -1, 131, 161, 110, -1, 110, 161, 147, -1,
 110, 147, 102, -1, 102, 147, 190, -1, 102, 190, 142, -1,
 142, 190, 244, -1, 142, 244, 187, -1, 187, 244, 296, -1,
 187, 296, 245, -1, 245, 296, 360, -1, 245, 360, 303, -1,
 303, 360, 331, -1, 303, 331, 281, -1, 281, 331, 341, -1,
 281, 341, 267, -1, 267, 341, 329, -1, 267, 329, 264, -1,
 264, 329, 326, -1, 264, 326, 273, -1, 273, 326, 333, -1,
 273, 333, 288, -1, 288, 333, 351, -1, 288, 351, 319, -1,
 319, 351, 376, -1, 319, 376, 358, -1, 358, 376, 417, -1,
 358, 417, 396, -1, 396, 417, 462, -1, 396, 462, 446, -1,
 446, 462, 531, -1, 446, 531, 532, -1, 532, 531, 628, -1,
 532, 628, 649, -1, 649, 628, 735, -1, 649, 735, 772, -1,
 772, 735, 878, -1, 772, 878, 918, -1, 918, 878, 994, -1,
 918, 994, 1042, -1, 1042, 994, 1108, -1, 1042, 1108, 1267, -1,
 1267, 1108, 1306, -1, 1267, 1306, 1469, -1, 1469, 1306, 1496, -1,
 1469, 1496, 1615, -1, 1615, 1496, 1623, -1, 1615, 1623, 1755, -1,
 1755, 1623, 1761, -1, 1755, 1761, 1885, -1, 1885, 1761, 1850, -1,
 2343, 2342, 2624, -1, 4624, 4622, 4615, -1, 4628, 4627, 4608, -1,
 4618, 4612, 4590, -1, 4008, 3917, 3789, -1, 4249, 4244, 4313, -1,
 4112, 4019, 3917, -1, 2882, 3002, 3015, -1, 4307, 4238, 4189, -1,
 4441, 4400, 4354, -1, 2919, 2701, 2693, -1, 3581, 3720, 3845, -1,
 2352, 2351, 2573, -1, 3322, 3399, 3330, -1, 3725, 3852, 3731, -1,
 4058, 4109, 4205, -1, 4369, 4308, 4359, -1, 4420, 4477, 4435, -1,
 2659, 2661, 2980, -1, 2600, 2612, 2701, -1, 2844, 2857, 2882, -1,
 3816, 3882, 3897, -1, 4131, 4147, 4226, -1, 4125, 4121, 4167, -1,
 2608, 2530, 2538, -1, 2456, 2452, 2359, -1, 2538, 2530, 2456, -1,
 2456, 2530, 2482, -1, 2456, 2482, 2452, -1, 2918, 2894, 2915, -1,
 2915, 2894, 2835, -1, 2915, 2835, 2716, -1, 2716, 2835, 2760, -1,
 2716, 2760, 2696, -1, 2936, 2998, 2968, -1, 3059, 3030, 2998, -1,
 2998, 3030, 2989, -1, 2998, 2989, 2968, -1, 3153, 3123, 3132, -1,
 3132, 3123, 3082, -1, 3132, 3082, 3059, -1, 3059, 3082, 3054, -1,
 3059, 3054, 3030, -1, 3246, 3174, 3275, -1, 3275, 3174, 3212, -1,
 3370, 3352, 3275, -1, 3275, 3352, 3266, -1, 3275, 3266, 3246, -1,
 3619, 3568, 3577, -1, 3577, 3568, 3552, -1, 3577, 3552, 3468, -1,
 3468, 3552, 3454, -1, 3468, 3454, 3370, -1, 3370, 3454, 3367, -1,
 3370, 3367, 3352, -1, 3704, 3620, 3759, -1, 3759, 3620, 3629, -1,
 3907, 3865, 3826, -1, 3907, 3826, 3759, -1, 3759, 3826, 3717, -1,
 3759, 3717, 3704, -1, 4070, 4006, 4027, -1, 4027, 4006, 3995, -1,
 4027, 3995, 3907, -1, 3907, 3995, 3931, -1, 3907, 3931, 3865, -1,
 4125, 4167, 4160, -1, 4169, 4208, 4175, -1, 4175, 4208, 4244, -1,
 4175, 4244, 4179, -1, 4179, 4244, 4249, -1, 4179, 4249, 4181, -1,
 4181, 4249, 4170, -1, 4161, 4168, 4243, -1, 4010, 4043, 4051, -1,
 4051, 4043, 4080, -1, 4051, 4080, 4095, -1, 3922, 3971, 3982, -1,
 3982, 3971, 4000, -1, 3489, 3575, 3592, -1, 3592, 3575, 3606, -1,
 3328, 3387, 3425, -1, 3425, 3387, 3404, -1, 3425, 3404, 3489, -1,
 3207, 3241, 3258, -1, 3258, 3241, 3328, -1, 3025, 3108, 3118, -1,
 3118, 3108, 3112, -1, 3002, 2996, 3025, -1, 2996, 3002, 2940, -1,
 2940, 3002, 2882, -1, 2940, 2882, 2880, -1, 2880, 2882, 2857, -1,
 2880, 2857, 2876, -1, 2763, 2789, 2891, -1, 2891, 2789, 2798, -1,
 2891, 2798, 2888, -1, 2888, 2798, 2811, -1, 2888, 2811, 2844, -1,
 2763, 2891, 2726, -1, 2726, 2891, 2898, -1, 2726, 2898, 2690, -1,
 2688, 2693, 2670, -1, 2670, 2693, 2701, -1, 2670, 2701, 2622, -1,
 2622, 2701, 2612, -1, 2507, 2511, 2525, -1, 2525, 2511, 2526, -1,
 2525, 2526, 2712, -1, 2712, 2526, 2537, -1, 2712, 2537, 2566, -1,
 2437, 2449, 2523, -1, 2523, 2449, 2460, -1, 2523, 2460, 2489, -1,
 2382, 2381, 2521, -1, 2521, 2381, 2380, -1, 2521, 2380, 2397, -1,
 2405, 2413, 2523, -1, 2523, 2413, 2436, -1, 2523, 2436, 2437, -1,
 4614, 4607, 4636, -1, 4593, 4638, 4607, -1, 4607, 4638, 4637, -1,
 4607, 4637, 4636, -1, 4591, 4623, 4593, -1, 4593, 4623, 4625, -1,
 4593, 4625, 4638, -1, 4484, 4603, 4545, -1, 4545, 4603, 4606, -1,
 4545, 4606, 4591, -1, 4591, 4606, 4621, -1, 4591, 4621, 4623, -1,
 4395, 4300, 4403, -1, 4194, 4263, 4300, -1, 4300, 4263, 4358, -1,
 4300, 4358, 4403, -1, 4403, 4462, 4395, -1, 4395, 4462, 4525, -1,
 4395, 4525, 4484, -1, 4484, 4525, 4550, -1, 4484, 4550, 4603, -1,
 3846, 4082, 4031, -1, 4031, 4082, 4104, -1, 4031, 4104, 4194, -1,
 4194, 4104, 4247, -1, 4194, 4247, 4263, -1, 4411, 4446, 4388, -1,
 4388, 4446, 4413, -1, 4413, 4446, 4472, -1, 4413, 4472, 4455, -1,
 4455, 4472, 4505, -1, 4455, 4505, 4497, -1, 4497, 4505, 4538, -1,
 4497, 4538, 4597, -1, 3656, 3837, 3846, -1, 3846, 3837, 3915, -1,
 3846, 3915, 4082, -1, 3380, 3409, 3420, -1, 3380, 3420, 3506, -1,
 3420, 3543, 3506, -1, 3506, 3543, 3594, -1, 3506, 3594, 3656, -1,
 3656, 3594, 3711, -1, 3656, 3711, 3837, -1, 2993, 3290, 2986, -1,
 2986, 3290, 3279, -1, 2993, 2986, 2984, -1, 2984, 2986, 2662, -1,
 2984, 2662, 2667, -1, 2667, 2662, 2332, -1, 2667, 2332, 2335, -1,
 3279, 3268, 2980, -1, 2980, 3268, 2974, -1, 2980, 2974, 2659, -1,
 2659, 2974, 2656, -1, 3279, 2980, 2986, -1, 2986, 2980, 2661, -1,
 2986, 2661, 2662, -1, 2662, 2661, 2330, -1, 2662, 2330, 2332, -1,
 3290, 3409, 3279, -1, 3279, 3409, 3380, -1, 3279, 3380, 3268, -1,
 3268, 3380, 3254, -1, 3268, 3254, 2974, -1, 2974, 3254, 2971, -1,
 2974, 2971, 2656, -1, 2656, 2971, 2650, -1, 3239, 3224, 2965, -1,
 2965, 3224, 2961, -1, 2965, 2961, 2647, -1, 2333, 2647, 2643, -1,
 2331, 2328, 2650, -1, 2650, 2328, 2325, -1, 2650, 2325, 2656, -1,
 2656, 2325, 2326, -1, 2656, 2326, 2659, -1, 2659, 2326, 2327, -1,
 2659, 2327, 2661, -1, 2661, 2327, 2329, -1, 2661, 2329, 2330, -1,
 3284, 3314, 3391, -1, 3391, 3314, 3433, -1, 3391, 3433, 3505, -1,
 3505, 3433, 3550, -1, 3505, 3550, 3635, -1, 3635, 3550, 3696, -1,
 3635, 3696, 3790, -1, 3790, 3696, 3881, -1, 3790, 3881, 3961, -1,
 3961, 3881, 4040, -1, 3961, 4040, 4106, -1, 4106, 4040, 4184, -1,
 4106, 4184, 4212, -1, 4212, 4184, 4271, -1, 4212, 4271, 4283, -1,
 4283, 4271, 4349, -1, 4283, 4349, 4343, -1, 4450, 4501, 4463, -1,
 4463, 4501, 4511, -1, 4463, 4511, 4477, -1, 4474, 4404, 4380, -1,
 4380, 4404, 4353, -1, 4380, 4353, 4322, -1, 4477, 4420, 4463, -1,
 4463, 4420, 4409, -1, 4463, 4409, 4450, -1, 3253, 3284, 3354, -1,
 3354, 3284, 3391, -1, 3354, 3391, 3455, -1, 3455, 3391, 3505, -1,
 3455, 3505, 3579, -1, 3579, 3505, 3635, -1, 3579, 3635, 3714, -1,
 3714, 3635, 3790, -1, 3714, 3790, 3877, -1, 3877, 3790, 3961, -1,
 3877, 3961, 4017, -1, 4017, 3961, 4106, -1, 4017, 4106, 4142, -1,
 4142, 4106, 4212, -1, 4142, 4212, 4222, -1, 4222, 4212, 4283, -1,
 4222, 4283, 4279, -1, 4279, 4283, 4343, -1, 4279, 4343, 4322, -1,
 4404, 4350, 4353, -1, 4353, 4350, 4291, -1, 4353, 4291, 4322, -1,
 4322, 4291, 4264, -1, 4322, 4264, 4279, -1, 4279, 4264, 4215, -1,
 4279, 4215, 4222, -1, 4222, 4215, 4152, -1, 4222, 4152, 4142, -1,
 4142, 4152, 4052, -1, 4142, 4052, 4017, -1, 4017, 4052, 3928, -1,
 4017, 3928, 3877, -1, 3877, 3928, 3775, -1, 3877, 3775, 3714, -1,
 3714, 3775, 3638, -1, 3714, 3638, 3579, -1, 3579, 3638, 3518, -1,
 3579, 3518, 3455, -1, 3455, 3518, 3413, -1, 3455, 3413, 3354, -1,
 3354, 3413, 3312, -1, 3354, 3312, 3253, -1, 3253, 3312, 3141, -1,
 3239, 3349, 3224, -1, 3224, 3349, 3208, -1, 3224, 3208, 2961, -1,
 2961, 3208, 3185, -1, 2961, 3185, 2956, -1, 2956, 3185, 3164, -1,
 2956, 3164, 2951, -1, 2647, 2961, 2643, -1, 2643, 2961, 2956, -1,
 2643, 2956, 2642, -1, 2642, 2956, 2951, -1, 2642, 2951, 2637, -1,
 2342, 2341, 2624, -1, 2624, 2341, 2629, -1, 2624, 2629, 2917, -1,
 2917, 2629, 2933, -1, 2917, 2933, 3125, -1, 3125, 2933, 3141, -1,
 3125, 3141, 3277, -1, 3277, 3141, 3312, -1, 3277, 3312, 3369, -1,
 3369, 3312, 3413, -1, 3369, 3413, 3465, -1, 3465, 3413, 3518, -1,
 3465, 3518, 3572, -1, 3572, 3518, 3638, -1, 3572, 3638, 3688, -1,
 3688, 3638, 3775, -1, 3688, 3775, 3829, -1, 3829, 3775, 3928, -1,
 3829, 3928, 3951, -1, 3951, 3928, 4052, -1, 3951, 4052, 4059, -1,
 4059, 4052, 4152, -1, 4059, 4152, 4144, -1, 4144, 4152, 4215, -1,
 4144, 4215, 4199, -1, 4199, 4215, 4264, -1, 4199, 4264, 4231, -1,
 4231, 4264, 4291, -1, 4231, 4291, 4296, -1, 4296, 4291, 4350, -1,
 2340, 2339, 2637, -1, 2637, 2339, 2337, -1, 2637, 2337, 2642, -1,
 2642, 2337, 2336, -1, 2642, 2336, 2643, -1, 2643, 2336, 2334, -1,
 2643, 2334, 2333, -1, 4250, 4308, 4319, -1, 4319, 4308, 4369, -1,
 4319, 4369, 4390, -1, 4165, 4235, 4178, -1, 4193, 4250, 4268, -1,
 4268, 4250, 4319, -1, 4268, 4319, 4334, -1, 4334, 4319, 4390, -1,
 4334, 4390, 4399, -1, 4045, 4118, 4011, -1, 3611, 3725, 3633, -1,
 3774, 3905, 3972, -1, 3972, 3905, 4011, -1, 3972, 4011, 4075, -1,
 4075, 4011, 4118, -1, 4075, 4118, 4165, -1, 4165, 4178, 4075, -1,
 4075, 4178, 4091, -1, 4075, 4091, 3972, -1, 3972, 4091, 3916, -1,
 3972, 3916, 3774, -1, 3525, 3623, 3699, -1, 3699, 3623, 3727, -1,
 3699, 3727, 3818, -1, 3818, 3727, 3850, -1, 3818, 3850, 3939, -1,
 3939, 3850, 3956, -1, 3939, 3956, 4045, -1, 4045, 4011, 3939, -1,
 3939, 4011, 3905, -1, 3939, 3905, 3818, -1, 3818, 3905, 3774, -1,
 3818, 3774, 3699, -1, 3699, 3774, 3647, -1, 3699, 3647, 3525, -1,
 3725, 3731, 3633, -1, 3633, 3731, 3637, -1, 3633, 3637, 3549, -1,
 3549, 3637, 3545, -1, 3549, 3545, 3471, -1, 3471, 3545, 3458, -1,
 3471, 3458, 3395, -1, 3464, 3399, 3386, -1, 3386, 3399, 3322, -1,
 3386, 3322, 3303, -1, 3544, 3596, 3726, -1, 3726, 3596, 3788, -1,
 3726, 3788, 3935, -1, 3935, 3788, 3988, -1, 3935, 3988, 4109, -1,
 3293, 3395, 3424, -1, 3424, 3395, 3458, -1, 3424, 3458, 3525, -1,
 3525, 3458, 3545, -1, 3525, 3545, 3623, -1, 3623, 3545, 3637, -1,
 3623, 3637, 3727, -1, 3727, 3637, 3731, -1, 3727, 3731, 3850, -1,
 3850, 3731, 3852, -1, 3850, 3852, 3956, -1, 4109, 4058, 3935, -1,
 3935, 4058, 3872, -1, 3935, 3872, 3726, -1, 3726, 3872, 3675, -1,
 3726, 3675, 3544, -1, 3544, 3675, 3494, -1, 3544, 3494, 3383, -1,
 3383, 3494, 3340, -1, 3383, 3340, 3217, -1, 3217, 3340, 3186, -1,
 3217, 3186, 3107, -1, 3212, 3318, 3275, -1, 3275, 3318, 3419, -1,
 3275, 3419, 3370, -1, 3370, 3419, 3520, -1, 3370, 3520, 3468, -1,
 3468, 3520, 3629, -1, 3468, 3629, 3577, -1, 3577, 3629, 3620, -1,
 3577, 3620, 3619, -1, 3212, 3264, 3365, -1, 3330, 3265, 3322, -1,
 3322, 3265, 3250, -1, 3322, 3250, 3303, -1, 3303, 3250, 3225, -1,
 3534, 3464, 3445, -1, 3445, 3464, 3386, -1, 3445, 3386, 3360, -1,
 3360, 3386, 3303, -1, 3360, 3303, 3278, -1, 3278, 3303, 3225, -1,
 3278, 3225, 3191, -1, 3611, 3534, 3509, -1, 3509, 3534, 3445, -1,
 3509, 3445, 3412, -1, 3412, 3445, 3360, -1, 3412, 3360, 3321, -1,
 3321, 3360, 3278, -1, 3321, 3278, 3233, -1, 3233, 3278, 3191, -1,
 3233, 3191, 3100, -1, 3035, 3128, 3090, -1, 2604, 2346, 2345, -1,
 3265, 3189, 3250, -1, 3250, 3189, 3180, -1, 3250, 3180, 3225, -1,
 3225, 3180, 3157, -1, 3225, 3157, 3191, -1, 3191, 3157, 3073, -1,
 3191, 3073, 3100, -1, 3100, 3073, 2885, -1, 3100, 2885, 2895, -1,
 2895, 2885, 2604, -1, 2895, 2604, 2613, -1, 2613, 2604, 2345, -1,
 2613, 2345, 2344, -1, 3128, 3035, 3057, -1, 3057, 3035, 2861, -1,
 3057, 2861, 2878, -1, 2878, 2861, 2579, -1, 2878, 2579, 2588, -1,
 2579, 2350, 2349, -1, 2579, 2349, 2588, -1, 2588, 2349, 2348, -1,
 2588, 2348, 2347, -1, 3611, 3633, 3534, -1, 3534, 3633, 3549, -1,
 3534, 3549, 3464, -1, 3464, 3549, 3471, -1, 3464, 3471, 3399, -1,
 3399, 3471, 3395, -1, 3399, 3395, 3330, -1, 3330, 3395, 3293, -1,
 3330, 3293, 3265, -1, 3265, 3293, 3170, -1, 3265, 3170, 3189, -1,
 3189, 3170, 3090, -1, 3189, 3090, 3180, -1, 3180, 3090, 3128, -1,
 3180, 3128, 3157, -1, 3157, 3128, 3057, -1, 3157, 3057, 3073, -1,
 3073, 3057, 2878, -1, 3073, 2878, 2885, -1, 2885, 2878, 2588, -1,
 2885, 2588, 2604, -1, 2604, 2588, 2347, -1, 2604, 2347, 2346, -1,
 2968, 2918, 2936, -1, 2936, 2918, 2915, -1, 2936, 2915, 2859, -1,
 2859, 2915, 2716, -1, 2859, 2716, 2733, -1, 2733, 2780, 2859, -1,
 2859, 2780, 2884, -1, 2859, 2884, 2936, -1, 2936, 2884, 2962, -1,
 2936, 2962, 2998, -1, 2998, 2962, 3032, -1, 2998, 3032, 3059, -1,
 3059, 3032, 3107, -1, 3059, 3107, 3132, -1, 3132, 3107, 3186, -1,
 2354, 2352, 2559, -1, 2559, 2352, 2573, -1, 2559, 2573, 2838, -1,
 3062, 2992, 3013, -1, 3013, 2992, 2903, -1, 3013, 2903, 2838, -1,
 2838, 2903, 2805, -1, 2838, 2805, 2559, -1, 2559, 2805, 2651, -1,
 2559, 2651, 2548, -1, 2548, 2651, 2634, -1, 2359, 2358, 2456, -1,
 2456, 2358, 2548, -1, 2456, 2548, 2538, -1, 2538, 2548, 2634, -1,
 2538, 2634, 2608, -1, 2608, 2634, 2616, -1, 2358, 2357, 2548, -1,
 2548, 2357, 2356, -1, 2548, 2356, 2559, -1, 2559, 2356, 2355, -1,
 2559, 2355, 2354, -1, 3424, 3263, 3293, -1, 3293, 3263, 3143, -1,
 3293, 3143, 3170, -1, 3170, 3143, 3062, -1, 3170, 3062, 3090, -1,
 3090, 3062, 3013, -1, 3090, 3013, 3035, -1, 3035, 3013, 2838, -1,
 3035, 2838, 2861, -1, 2861, 2838, 2573, -1, 2861, 2573, 2579, -1,
 2579, 2573, 2351, -1, 2579, 2351, 2350, -1, 3481, 3259, 3237, -1,
 3237, 3259, 3146, -1, 3720, 3581, 3666, -1, 3448, 3213, 3196, -1,
 2688, 2690, 2693, -1, 2693, 2690, 2898, -1, 2693, 2898, 2919, -1,
 2919, 2898, 3049, -1, 2919, 3049, 3056, -1, 4214, 4238, 4290, -1,
 4290, 4238, 4307, -1, 4290, 4307, 4356, -1, 4400, 4356, 4354, -1,
 4354, 4356, 4307, -1, 4354, 4307, 4251, -1, 4251, 4307, 4189, -1,
 4251, 4189, 4111, -1, 4476, 4441, 4392, -1, 4392, 4441, 4354, -1,
 4392, 4354, 4304, -1, 4304, 4354, 4251, -1, 4304, 4251, 4197, -1,
 4197, 4251, 4111, -1, 4197, 4111, 4019, -1, 3788, 3856, 3988, -1,
 3988, 3856, 4038, -1, 3988, 4038, 4109, -1, 4109, 4038, 4193, -1,
 4109, 4193, 4205, -1, 4205, 4193, 4268, -1, 4205, 4268, 4277, -1,
 4277, 4268, 4334, -1, 4277, 4334, 4346, -1, 4346, 4334, 4399, -1,
 4346, 4399, 4398, -1, 4431, 4398, 4452, -1, 4452, 4398, 4399, -1,
 4452, 4399, 4447, -1, 4447, 4399, 4390, -1, 4447, 4390, 4435, -1,
 4435, 4390, 4369, -1, 4435, 4369, 4420, -1, 4420, 4369, 4359, -1,
 4420, 4359, 4409, -1, 2844, 2882, 2888, -1, 2888, 2882, 3015, -1,
 2888, 3015, 2891, -1, 2891, 3015, 3029, -1, 2891, 3029, 2898, -1,
 2898, 3029, 3038, -1, 2898, 3038, 3049, -1, 3025, 3118, 3002, -1,
 3002, 3118, 3133, -1, 3002, 3133, 3015, -1, 3015, 3133, 3151, -1,
 3015, 3151, 3029, -1, 3029, 3151, 3177, -1, 3029, 3177, 3038, -1,
 3038, 3177, 3196, -1, 3038, 3196, 3049, -1, 3049, 3196, 3213, -1,
 3049, 3213, 3056, -1, 3328, 3425, 3258, -1, 3258, 3425, 3483, -1,
 3258, 3483, 3297, -1, 3297, 3483, 3542, -1, 3297, 3542, 3341, -1,
 3341, 3542, 3604, -1, 3341, 3604, 3381, -1, 3381, 3604, 3666, -1,
 3381, 3666, 3416, -1, 3416, 3666, 3581, -1, 3416, 3581, 3448, -1,
 3448, 3196, 3416, -1, 3416, 3196, 3177, -1, 3416, 3177, 3381, -1,
 3381, 3177, 3151, -1, 3381, 3151, 3341, -1, 3341, 3151, 3133, -1,
 3341, 3133, 3297, -1, 3297, 3133, 3118, -1, 3297, 3118, 3258, -1,
 3258, 3118, 3112, -1, 3258, 3112, 3207, -1, 3952, 3891, 4033, -1,
 4033, 3891, 3807, -1, 4033, 3807, 3959, -1, 3959, 3807, 3728, -1,
 3959, 3728, 3876, -1, 3876, 3728, 3654, -1, 3876, 3654, 3771, -1,
 3771, 3654, 3678, -1, 3489, 3592, 3425, -1, 3425, 3592, 3678, -1,
 3425, 3678, 3483, -1, 3483, 3678, 3654, -1, 3483, 3654, 3542, -1,
 3542, 3654, 3728, -1, 3542, 3728, 3604, -1, 3604, 3728, 3807, -1,
 3604, 3807, 3666, -1, 3666, 3807, 3891, -1, 3666, 3891, 3720, -1,
 3720, 3891, 3952, -1, 3720, 3952, 3845, -1, 4019, 4112, 4197, -1,
 4197, 4112, 4245, -1, 4197, 4245, 4304, -1, 4304, 4245, 4344, -1,
 4304, 4344, 4392, -1, 4392, 4344, 4432, -1, 4392, 4432, 4476, -1,
 3882, 3922, 3897, -1, 3897, 3922, 3982, -1, 3897, 3982, 4092, -1,
 4092, 3982, 4155, -1, 4092, 4155, 4228, -1, 4228, 4155, 4269, -1,
 4228, 4269, 4323, -1, 4323, 4269, 4355, -1, 4323, 4355, 4412, -1,
 4412, 4355, 4429, -1, 4412, 4429, 4478, -1, 4478, 4429, 4483, -1,
 4478, 4483, 4527, -1, 4155, 4200, 4269, -1, 4269, 4200, 4292, -1,
 4269, 4292, 4355, -1, 4355, 4292, 4370, -1, 4355, 4370, 4429, -1,
 3802, 4001, 3949, -1, 3949, 4001, 4128, -1, 3949, 4128, 4076, -1,
 4076, 4128, 4216, -1, 4076, 4216, 4186, -1, 4186, 4216, 4285, -1,
 4186, 4285, 4256, -1, 4256, 4285, 4341, -1, 4256, 4341, 4312, -1,
 4312, 4341, 4362, -1, 4312, 4362, 4301, -1, 4208, 4230, 4244, -1,
 4244, 4230, 4301, -1, 4244, 4301, 4313, -1, 4313, 4301, 4362, -1,
 4168, 4170, 4243, -1, 4243, 4170, 4249, -1, 4243, 4249, 4316, -1,
 4316, 4249, 4313, -1, 4316, 4313, 4375, -1, 4375, 4313, 4362, -1,
 3451, 3615, 3564, -1, 3564, 3615, 3741, -1, 3564, 3741, 3683, -1,
 3683, 3741, 3892, -1, 3683, 3892, 3820, -1, 3820, 3892, 4020, -1,
 3820, 4020, 3964, -1, 3964, 4020, 4139, -1, 3964, 4139, 4088, -1,
 4088, 4139, 4221, -1, 4088, 4221, 4188, -1, 4188, 4221, 4276, -1,
 4188, 4276, 4246, -1, 3615, 3802, 3741, -1, 3741, 3802, 3949, -1,
 3741, 3949, 3892, -1, 3892, 3949, 4076, -1, 3892, 4076, 4020, -1,
 4020, 4076, 4186, -1, 4020, 4186, 4139, -1, 4139, 4186, 4256, -1,
 4139, 4256, 4221, -1, 4221, 4256, 4312, -1, 4221, 4312, 4276, -1,
 4276, 4312, 4301, -1, 4276, 4301, 4246, -1, 4246, 4301, 4230, -1,
 4105, 4200, 4095, -1, 4095, 4200, 4155, -1, 4095, 4155, 4051, -1,
 4051, 4155, 3982, -1, 4051, 3982, 4010, -1, 4010, 3982, 4000, -1,
 3766, 3816, 3789, -1, 3789, 3816, 3897, -1, 3789, 3897, 4008, -1,
 4008, 3897, 4092, -1, 4008, 4092, 4185, -1, 4185, 4092, 4228, -1,
 4185, 4228, 4288, -1, 4288, 4228, 4323, -1, 4288, 4323, 4381, -1,
 4381, 4323, 4412, -1, 4381, 4412, 4459, -1, 4459, 4412, 4478, -1,
 4459, 4478, 4519, -1, 4519, 4478, 4527, -1, 4519, 4527, 4561, -1,
 4121, 4107, 4167, -1, 4167, 4107, 4084, -1, 4167, 4084, 4210, -1,
 4210, 4084, 4140, -1, 4140, 4084, 3973, -1, 4140, 3973, 4029, -1,
 4029, 3973, 3838, -1, 4029, 3838, 3899, -1, 3899, 3838, 3690, -1,
 3899, 3690, 3751, -1, 3751, 3690, 3573, -1, 3751, 3573, 3627, -1,
 3627, 3573, 3463, -1, 3627, 3463, 3514, -1, 3514, 3463, 3365, -1,
 3514, 3365, 3407, -1, 3407, 3365, 3264, -1, 3407, 3264, 3298, -1,
 3212, 3365, 3318, -1, 3318, 3365, 3463, -1, 3318, 3463, 3419, -1,
 3419, 3463, 3573, -1, 3419, 3573, 3520, -1, 3520, 3573, 3690, -1,
 3520, 3690, 3629, -1, 3629, 3690, 3838, -1, 3629, 3838, 3759, -1,
 3759, 3838, 3973, -1, 3759, 3973, 3907, -1, 3907, 3973, 4084, -1,
 3907, 4084, 4027, -1, 4027, 4084, 4107, -1, 4027, 4107, 4070, -1,
 3298, 3451, 3407, -1, 3407, 3451, 3564, -1, 3407, 3564, 3514, -1,
 3514, 3564, 3683, -1, 3514, 3683, 3627, -1, 3627, 3683, 3820, -1,
 3627, 3820, 3751, -1, 3751, 3820, 3964, -1, 3751, 3964, 3899, -1,
 3899, 3964, 4088, -1, 3899, 4088, 4029, -1, 4029, 4088, 4188, -1,
 4029, 4188, 4140, -1, 4140, 4188, 4246, -1, 4140, 4246, 4210, -1,
 4210, 4246, 4230, -1, 4210, 4230, 4167, -1, 4167, 4230, 4208, -1,
 4167, 4208, 4160, -1, 4160, 4208, 4169, -1, 3174, 3153, 3212, -1,
 3212, 3153, 3132, -1, 3212, 3132, 3264, -1, 3264, 3132, 3186, -1,
 3264, 3186, 3298, -1, 3298, 3186, 3340, -1, 3298, 3340, 3451, -1,
 3451, 3340, 3494, -1, 3451, 3494, 3615, -1, 3615, 3494, 3675, -1,
 3615, 3675, 3802, -1, 3802, 3675, 3872, -1, 3802, 3872, 4001, -1,
 4001, 3872, 4058, -1, 4001, 4058, 4128, -1, 4128, 4058, 4205, -1,
 4128, 4205, 4216, -1, 4216, 4205, 4277, -1, 4216, 4277, 4285, -1,
 4285, 4277, 4346, -1, 4285, 4346, 4341, -1, 4341, 4346, 4398, -1,
 4341, 4398, 4362, -1, 4362, 4398, 4431, -1, 4362, 4431, 4375, -1,
 4375, 4431, 4377, -1, 4375, 4377, 4316, -1, 4316, 4377, 4311, -1,
 4316, 4311, 4243, -1, 4243, 4311, 4226, -1, 4243, 4226, 4161, -1,
 4161, 4226, 4147, -1, 2948, 3018, 3022, -1, 3022, 2950, 2948, -1,
 2948, 2950, 2890, -1, 2948, 2890, 2715, -1, 2384, 2383, 2515, -1,
 2515, 2383, 2518, -1, 2515, 2518, 2610, -1, 2610, 2518, 2715, -1,
 2610, 2715, 2708, -1, 2708, 2715, 2890, -1, 3333, 3285, 3188, -1,
 3188, 3285, 3205, -1, 3188, 3205, 3093, -1, 3093, 3205, 3101, -1,
 3093, 3101, 3067, -1, 3657, 3887, 3895, -1, 4242, 4180, 4090, -1,
 4090, 4180, 4151, -1, 4090, 4151, 3887, -1, 3887, 4151, 3938, -1,
 3887, 3938, 3895, -1, 3895, 3693, 3657, -1, 3657, 3693, 3561, -1,
 3657, 3561, 3482, -1, 3482, 3561, 3508, -1, 3482, 3508, 3333, -1,
 3333, 3508, 3350, -1, 3333, 3350, 3285, -1, 4361, 4339, 4242, -1,
 4242, 4339, 4287, -1, 4242, 4287, 4180, -1, 2383, 2382, 2518, -1,
 2518, 2382, 2521, -1, 2518, 2521, 2715, -1, 2715, 2521, 2718, -1,
 2715, 2718, 2948, -1, 2948, 2718, 2946, -1, 2948, 2946, 3018, -1,
 3018, 2946, 3084, -1, 2397, 2405, 2521, -1, 2521, 2405, 2523, -1,
 2521, 2523, 2718, -1, 2718, 2523, 2719, -1, 2718, 2719, 2946, -1,
 2946, 2719, 2937, -1, 2946, 2937, 3084, -1, 3084, 2937, 3076, -1,
 3084, 3076, 3181, -1, 3181, 3076, 3168, -1, 3308, 3286, 3450, -1,
 3450, 3286, 3422, -1, 3450, 3422, 3610, -1, 3610, 3422, 3563, -1,
 3610, 3563, 3812, -1, 4022, 3812, 3736, -1, 3736, 3812, 3563, -1,
 3736, 3563, 3535, -1, 3535, 3563, 3422, -1, 3535, 3422, 3271, -1,
 3271, 3422, 3286, -1, 3271, 3286, 3168, -1, 3168, 3286, 3308, -1,
 3168, 3308, 3181, -1, 4119, 3845, 4013, -1, 4013, 3845, 3952, -1,
 4013, 3952, 4100, -1, 4100, 3952, 4033, -1, 4100, 4033, 4159, -1,
 4159, 4033, 3959, -1, 4159, 3959, 4087, -1, 4087, 3959, 3876, -1,
 4087, 3876, 3999, -1, 3999, 3876, 3771, -1, 3999, 3771, 3909, -1,
 3909, 3771, 3678, -1, 3909, 3678, 3793, -1, 3793, 3678, 3592, -1,
 3793, 3592, 3687, -1, 3687, 3592, 3606, -1, 3687, 3606, 3709, -1,
 4192, 4022, 3940, -1, 3940, 4022, 3736, -1, 3940, 3736, 3665, -1,
 3665, 3736, 3535, -1, 3665, 3535, 3510, -1, 3510, 3535, 3271, -1,
 2489, 2507, 2523, -1, 2523, 2507, 2525, -1, 2523, 2525, 2719, -1,
 2719, 2525, 2712, -1, 2719, 2712, 2937, -1, 2937, 2712, 2930, -1,
 2937, 2930, 3076, -1, 3076, 2930, 3065, -1, 3076, 3065, 3168, -1,
 3168, 3065, 3146, -1, 3168, 3146, 3271, -1, 3271, 3146, 3259, -1,
 3271, 3259, 3510, -1, 3510, 3259, 3481, -1, 3510, 3481, 3665, -1,
 4592, 4566, 4510, -1, 4510, 4566, 4468, -1, 4510, 4468, 4436, -1,
 4436, 4468, 4361, -1, 4566, 4522, 4468, -1, 4468, 4522, 4488, -1,
 4468, 4488, 4361, -1, 4361, 4488, 4415, -1, 4361, 4415, 4339, -1,
 4626, 4620, 4599, -1, 4599, 4620, 4618, -1, 4406, 4436, 4306, -1,
 4306, 4436, 4361, -1, 4306, 4361, 4192, -1, 4192, 4361, 4242, -1,
 4192, 4242, 4022, -1, 4022, 4242, 4090, -1, 4022, 4090, 3812, -1,
 3812, 4090, 3887, -1, 3812, 3887, 3610, -1, 3610, 3887, 3657, -1,
 3610, 3657, 3450, -1, 3450, 3657, 3482, -1, 3450, 3482, 3308, -1,
 3308, 3482, 3333, -1, 3308, 3333, 3181, -1, 3181, 3333, 3188, -1,
 3181, 3188, 3084, -1, 3084, 3188, 3093, -1, 3084, 3093, 3018, -1,
 3018, 3093, 3067, -1, 3018, 3067, 3022, -1, 4618, 4590, 4599, -1,
 4599, 4590, 4524, -1, 4599, 4524, 4547, -1, 4406, 4491, 4436, -1,
 4436, 4491, 4523, -1, 4436, 4523, 4510, -1, 4510, 4523, 4552, -1,
 4510, 4552, 4592, -1, 4592, 4552, 4600, -1, 4627, 4626, 4608, -1,
 4608, 4626, 4599, -1, 4608, 4599, 4598, -1, 4598, 4599, 4547, -1,
 4598, 4547, 4574, -1, 4574, 4605, 4598, -1, 4598, 4605, 4610, -1,
 4598, 4610, 4608, -1, 4608, 4610, 4616, -1, 4608, 4616, 4628, -1,
 4628, 4616, 4629, -1, 4629, 4622, 4634, -1, 4634, 4622, 4624, -1,
 4634, 4624, 4633, -1, 4633, 4624, 4632, -1, 2333, 2331, 2647, -1,
 2647, 2331, 2650, -1, 2647, 2650, 2965, -1, 2965, 2650, 2971, -1,
 2965, 2971, 3239, -1, 3239, 2971, 3254, -1, 3239, 3254, 3349, -1,
 3349, 3254, 3380, -1, 3349, 3380, 3462, -1, 3462, 3380, 3506, -1,
 3462, 3506, 3602, -1, 3602, 3506, 3656, -1, 3602, 3656, 3763, -1,
 3763, 3656, 3846, -1, 3763, 3846, 3955, -1, 3955, 3846, 4031, -1,
 3955, 4031, 4127, -1, 4127, 4031, 4194, -1, 4127, 4194, 4237, -1,
 4237, 4194, 4300, -1, 4237, 4300, 4330, -1, 4330, 4300, 4395, -1,
 4330, 4395, 4417, -1, 4417, 4395, 4484, -1, 4417, 4484, 4475, -1,
 4475, 4484, 4545, -1, 4475, 4545, 4516, -1, 4516, 4545, 4591, -1,
 4516, 4591, 4533, -1, 4533, 4591, 4593, -1, 4533, 4593, 4589, -1,
 4589, 4593, 4607, -1, 4589, 4607, 4609, -1, 4609, 4607, 4614, -1,
 4609, 4614, 4613, -1, 4630, 4631, 4619, -1, 2566, 2600, 2712, -1,
 2712, 2600, 2701, -1, 2712, 2701, 2930, -1, 2930, 2701, 2919, -1,
 2930, 2919, 3065, -1, 3065, 2919, 3056, -1, 3065, 3056, 3146, -1,
 3146, 3056, 3213, -1, 3146, 3213, 3237, -1, 3237, 3213, 3448, -1,
 3237, 3448, 3481, -1, 3481, 3448, 3581, -1, 3481, 3581, 3665, -1,
 3665, 3581, 3845, -1, 3665, 3845, 3940, -1, 3940, 3845, 4119, -1,
 3940, 4119, 4192, -1, 4192, 4119, 4273, -1, 4192, 4273, 4306, -1,
 4306, 4273, 4367, -1, 4306, 4367, 4406, -1, 4406, 4367, 4454, -1,
 4406, 4454, 4491, -1, 4491, 4454, 4524, -1, 4491, 4524, 4523, -1,
 4523, 4524, 4590, -1, 4523, 4590, 4552, -1, 4552, 4590, 4612, -1,
 4552, 4612, 4600, -1, 4449, 4480, 4513, -1, 4513, 4480, 4518, -1,
 4513, 4518, 4549, -1, 4549, 4518, 4576, -1, 4549, 4576, 4596, -1,
 4378, 4331, 4297, -1, 4297, 4331, 4236, -1, 4297, 4236, 4204, -1,
 4615, 4596, 4595, -1, 4595, 4596, 4576, -1, 4595, 4576, 4548, -1,
 4548, 4576, 4518, -1, 4548, 4518, 4485, -1, 4485, 4518, 4480, -1,
 4485, 4480, 4440, -1, 4440, 4480, 4449, -1, 4440, 4449, 4378, -1,
 4378, 4449, 4421, -1, 4378, 4421, 4331, -1, 4162, 4214, 4259, -1,
 4259, 4214, 4290, -1, 4259, 4290, 4335, -1, 4335, 4290, 4356, -1,
 4335, 4356, 4396, -1, 4396, 4356, 4400, -1, 4396, 4400, 4443, -1,
 4443, 4400, 4441, -1, 4443, 4441, 4515, -1, 4515, 4441, 4476, -1,
 4515, 4476, 4540, -1, 4540, 4476, 4554, -1, 4540, 4554, 4602, -1,
 4602, 4554, 4604, -1, 4602, 4604, 4617, -1, 4617, 4604, 4611, -1,
 4617, 4611, 4619, -1, 4619, 4611, 4613, -1, 4619, 4613, 4630, -1,
 4630, 4613, 4614, -1, 4630, 4614, 4635, -1, 4635, 4614, 4636, -1,
 3917, 4008, 4112, -1, 4112, 4008, 4185, -1, 4112, 4185, 4245, -1,
 4245, 4185, 4288, -1, 4245, 4288, 4344, -1, 4344, 4288, 4381, -1,
 4344, 4381, 4432, -1, 4432, 4381, 4459, -1, 4432, 4459, 4476, -1,
 4476, 4459, 4519, -1, 4476, 4519, 4554, -1, 4554, 4519, 4561, -1,
 4554, 4561, 4604, -1, 4474, 4571, 4546, -1, 4546, 4571, 4601, -1,
 4546, 4601, 4558, -1, 4558, 4601, 4594, -1, 4558, 4594, 4530, -1,
 4530, 4594, 4567, -1, 4530, 4567, 4495, -1, 4495, 4567, 4537, -1,
 4495, 4537, 4499, -1, 4631, 4632, 4619, -1, 4619, 4632, 4624, -1,
 4619, 4624, 4617, -1, 4617, 4624, 4615, -1, 4617, 4615, 4602, -1,
 4602, 4615, 4595, -1, 4602, 4595, 4540, -1, 4540, 4595, 4548, -1,
 4540, 4548, 4515, -1, 4515, 4548, 4485, -1, 4515, 4485, 4443, -1,
 4443, 4485, 4440, -1, 4443, 4440, 4396, -1, 4396, 4440, 4378, -1,
 4396, 4378, 4335, -1, 4335, 4378, 4297, -1, 4335, 4297, 4259, -1,
 4259, 4297, 4204, -1, 4259, 4204, 4162, -1, 4349, 4411, 4343, -1,
 4343, 4411, 4388, -1, 4343, 4388, 4322, -1, 4322, 4388, 4413, -1,
 4322, 4413, 4380, -1, 4380, 4413, 4455, -1, 4380, 4455, 4474, -1,
 4474, 4455, 4497, -1, 4474, 4497, 4571, -1, 4571, 4497, 4597, -1,
 4571, 4597, 4601, -1, 4483, 4499, 4527, -1, 4527, 4499, 4537, -1,
 4527, 4537, 4561, -1, 4561, 4537, 4567, -1, 4561, 4567, 4604, -1,
 4604, 4567, 4594, -1, 4604, 4594, 4611, -1, 4611, 4594, 4601, -1,
 4611, 4601, 4613, -1, 4613, 4601, 4597, -1, 4613, 4597, 4609, -1,
 4609, 4597, 4538, -1, 4609, 4538, 4589, -1, 4589, 4538, 4505, -1,
 4589, 4505, 4533, -1, 4533, 4505, 4472, -1, 4533, 4472, 4516, -1,
 4516, 4472, 4446, -1, 4516, 4446, 4475, -1, 4475, 4446, 4411, -1,
 4475, 4411, 4417, -1, 4417, 4411, 4349, -1, 4417, 4349, 4330, -1,
 4330, 4349, 4271, -1, 4330, 4271, 4237, -1, 4237, 4271, 4184, -1,
 4237, 4184, 4127, -1, 4127, 4184, 4040, -1, 4127, 4040, 3955, -1,
 3955, 4040, 3881, -1, 3955, 3881, 3763, -1, 3763, 3881, 3696, -1,
 3763, 3696, 3602, -1, 3602, 3696, 3550, -1, 3602, 3550, 3462, -1,
 3462, 3550, 3433, -1, 3462, 3433, 3349, -1, 3349, 3433, 3314, -1,
 3349, 3314, 3208, -1, 3208, 3314, 3284, -1, 3208, 3284, 3185, -1,
 3185, 3284, 3253, -1, 3185, 3253, 3164, -1, 3164, 3253, 3141, -1,
 3164, 3141, 2951, -1, 2951, 3141, 2933, -1, 2951, 2933, 2637, -1,
 2637, 2933, 2629, -1, 2637, 2629, 2340, -1, 2340, 2629, 2341, -1,
 4629, 4616, 4622, -1, 4622, 4616, 4610, -1, 4622, 4610, 4615, -1,
 4615, 4610, 4605, -1, 4615, 4605, 4596, -1, 4596, 4605, 4574, -1,
 4596, 4574, 4549, -1, 4549, 4574, 4547, -1, 4549, 4547, 4513, -1,
 4513, 4547, 4524, -1, 4513, 4524, 4449, -1, 4449, 4524, 4454, -1,
 4449, 4454, 4421, -1, 4421, 4454, 4367, -1, 4421, 4367, 4331, -1,
 4331, 4367, 4273, -1, 4331, 4273, 4236, -1, 4236, 4273, 4119, -1,
 4236, 4119, 4204, -1, 4204, 4119, 4013, -1, 4204, 4013, 4162, -1,
 4162, 4013, 4100, -1, 4162, 4100, 4214, -1, 4214, 4100, 4159, -1,
 4214, 4159, 4238, -1, 4238, 4159, 4087, -1, 4238, 4087, 4189, -1,
 4189, 4087, 3999, -1, 4189, 3999, 4111, -1, 4111, 3999, 3909, -1,
 4111, 3909, 4019, -1, 4019, 3909, 3793, -1, 4019, 3793, 3917, -1,
 3917, 3793, 3687, -1, 3917, 3687, 3789, -1, 3789, 3687, 3709, -1,
 3789, 3709, 3766, -1, 2344, 2343, 2613, -1, 2613, 2343, 2624, -1,
 2613, 2624, 2895, -1, 2895, 2624, 2917, -1, 2895, 2917, 3100, -1,
 3100, 2917, 3125, -1, 3100, 3125, 3233, -1, 3233, 3125, 3277, -1,
 3233, 3277, 3321, -1, 3321, 3277, 3369, -1, 3321, 3369, 3412, -1,
 3412, 3369, 3465, -1, 3412, 3465, 3509, -1, 3509, 3465, 3572, -1,
 3509, 3572, 3611, -1, 3611, 3572, 3688, -1, 3611, 3688, 3725, -1,
 3725, 3688, 3829, -1, 3725, 3829, 3852, -1, 3852, 3829, 3951, -1,
 3852, 3951, 3956, -1, 3956, 3951, 4059, -1, 3956, 4059, 4045, -1,
 4045, 4059, 4144, -1, 4045, 4144, 4118, -1, 4118, 4144, 4199, -1,
 4118, 4199, 4165, -1, 4165, 4199, 4231, -1, 4165, 4231, 4235, -1,
 4235, 4231, 4296, -1, 4105, 4131, 4200, -1, 4200, 4131, 4226, -1,
 4200, 4226, 4292, -1, 4292, 4226, 4311, -1, 4292, 4311, 4370, -1,
 4370, 4311, 4377, -1, 4370, 4377, 4429, -1, 4429, 4377, 4431, -1,
 4429, 4431, 4483, -1, 4483, 4431, 4452, -1, 4483, 4452, 4499, -1,
 4499, 4452, 4447, -1, 4499, 4447, 4495, -1, 4495, 4447, 4435, -1,
 4495, 4435, 4530, -1, 4530, 4435, 4477, -1, 4530, 4477, 4558, -1,
 4558, 4477, 4511, -1, 4558, 4511, 4546, -1, 4546, 4511, 4501, -1,
 4546, 4501, 4474, -1, 4474, 4501, 4450, -1, 4474, 4450, 4404, -1,
 4404, 4450, 4409, -1, 4404, 4409, 4350, -1, 4350, 4409, 4359, -1,
 4350, 4359, 4296, -1, 4296, 4359, 4308, -1, 4296, 4308, 4235, -1,
 4235, 4308, 4250, -1, 4235, 4250, 4178, -1, 4178, 4250, 4193, -1,
 4178, 4193, 4091, -1, 4091, 4193, 4038, -1, 4091, 4038, 3916, -1,
 3916, 4038, 3856, -1, 3916, 3856, 3774, -1, 3774, 3856, 3788, -1,
 3774, 3788, 3647, -1, 3647, 3788, 3596, -1, 3647, 3596, 3525, -1,
 3525, 3596, 3544, -1, 3525, 3544, 3424, -1, 3424, 3544, 3383, -1,
 3424, 3383, 3263, -1, 3263, 3383, 3217, -1, 3263, 3217, 3143, -1,
 3143, 3217, 3107, -1, 3143, 3107, 3062, -1, 3062, 3107, 3032, -1,
 3062, 3032, 2992, -1, 2992, 3032, 2962, -1, 2992, 2962, 2903, -1,
 2903, 2962, 2884, -1, 2903, 2884, 2805, -1, 2805, 2884, 2780, -1,
 2805, 2780, 2651, -1, 2651, 2780, 2733, -1, 2651, 2733, 2634, -1,
 2634, 2733, 2716, -1, 2634, 2716, 2616, -1, 2616, 2716, 2696, -1,
 2626, 2584, 2578, -1, 2392, 2373, 2400, -1, 2400, 2373, 2371, -1,
 2400, 2371, 2408, -1, 2408, 2371, 2429, -1, 2429, 2371, 2441, -1,
 2441, 2371, 2430, -1, 2441, 2430, 2453, -1, 2500, 2497, 2461, -1,
 2461, 2497, 2492, -1, 2461, 2492, 2430, -1, 2430, 2492, 2465, -1,
 2430, 2465, 2453, -1, 2500, 2577, 2564, -1, 2564, 2539, 2500, -1,
 2500, 2539, 2510, -1, 2500, 2510, 2497, -1, 2577, 2500, 2584, -1,
 2584, 2500, 2557, -1, 2584, 2557, 2578, -1, 2702, 2660, 2759, -1,
 2759, 2660, 2668, -1, 2759, 2668, 2775, -1, 2702, 2691, 2660, -1,
 2660, 2691, 2674, -1, 2660, 2674, 2578, -1, 2578, 2674, 2666, -1,
 2578, 2666, 2626, -1, 1969, 1960, 1987, -1, 1987, 1960, 1929, -1,
 1987, 1929, 1979, -1, 1979, 1929, 1896, -1, 1979, 1896, 1882, -1,
 1969, 1987, 1998, -1, 1998, 1987, 2068, -1, 1998, 2068, 2041, -1,
 2041, 2068, 2064, -1, 2064, 2068, 2088, -1, 2064, 2088, 2072, -1,
 2072, 2088, 2136, -1, 2072, 2136, 2101, -1, 2178, 2146, 2136, -1,
 2136, 2146, 2126, -1, 2136, 2126, 2101, -1, 2202, 2190, 2206, -1,
 2206, 2190, 2179, -1, 2206, 2179, 2178, -1, 2178, 2179, 2147, -1,
 2178, 2147, 2146, -1, 2202, 2206, 2228, -1, 2228, 2206, 2371, -1,
 2228, 2371, 2234, -1, 2234, 2371, 2373, -1, 2234, 2373, 2242, -1,
 2702, 2734, 2725, -1, 2857, 2844, 2812, -1, 2374, 2373, 2392, -1,
 2377, 2376, 2393, -1, 2393, 2376, 2375, -1, 2393, 2375, 2374, -1,
 2379, 2378, 2395, -1, 2395, 2378, 2377, -1, 2397, 2380, 2379, -1,
 2803, 2827, 2812, -1, 2812, 2827, 2842, -1, 2812, 2842, 2857, -1,
 2857, 2842, 2849, -1, 2857, 2849, 2876, -1, 2803, 2812, 2802, -1,
 2802, 2812, 2785, -1, 2802, 2785, 2783, -1, 2783, 2785, 2759, -1,
 2783, 2759, 2775, -1, 2379, 2395, 2397, -1, 2397, 2395, 2403, -1,
 2397, 2403, 2405, -1, 2405, 2403, 2411, -1, 2405, 2411, 2413, -1,
 2374, 2392, 2393, -1, 2393, 2392, 2400, -1, 2393, 2400, 2402, -1,
 2402, 2400, 2408, -1, 2402, 2408, 2410, -1, 2410, 2408, 2429, -1,
 2410, 2429, 2433, -1, 2433, 2429, 2441, -1, 2433, 2441, 2443, -1,
 2443, 2441, 2453, -1, 2443, 2453, 2455, -1, 2455, 2453, 2465, -1,
 2455, 2465, 2468, -1, 2468, 2465, 2492, -1, 2468, 2492, 2501, -1,
 2413, 2411, 2436, -1, 2436, 2411, 2435, -1, 2436, 2435, 2437, -1,
 2437, 2435, 2446, -1, 2437, 2446, 2449, -1, 2449, 2446, 2458, -1,
 2449, 2458, 2460, -1, 2460, 2458, 2485, -1, 2460, 2485, 2489, -1,
 2489, 2485, 2504, -1, 2489, 2504, 2507, -1, 2507, 2504, 2511, -1,
 2511, 2504, 2531, -1, 2511, 2531, 2526, -1, 2526, 2531, 2537, -1,
 2537, 2531, 2553, -1, 2537, 2553, 2566, -1, 2566, 2553, 2585, -1,
 2566, 2585, 2600, -1, 2492, 2497, 2501, -1, 2501, 2497, 2510, -1,
 2501, 2510, 2516, -1, 2516, 2510, 2539, -1, 2516, 2539, 2546, -1,
 2546, 2539, 2564, -1, 2546, 2564, 2576, -1, 2576, 2564, 2577, -1,
 2576, 2577, 2586, -1, 2586, 2577, 2584, -1, 2586, 2584, 2641, -1,
 2600, 2585, 2612, -1, 2612, 2585, 2607, -1, 2612, 2607, 2622, -1,
 2622, 2607, 2657, -1, 2622, 2657, 2670, -1, 2670, 2657, 2688, -1,
 2688, 2657, 2695, -1, 2688, 2695, 2690, -1, 2584, 2626, 2641, -1,
 2641, 2626, 2666, -1, 2641, 2666, 2677, -1, 2677, 2666, 2674, -1,
 2677, 2674, 2725, -1, 2725, 2674, 2691, -1, 2725, 2691, 2702, -1,
 2377, 2393, 2395, -1, 2395, 2393, 2402, -1, 2395, 2402, 2403, -1,
 2403, 2402, 2410, -1, 2403, 2410, 2411, -1, 2411, 2410, 2433, -1,
 2411, 2433, 2435, -1, 2435, 2433, 2443, -1, 2435, 2443, 2446, -1,
 2446, 2443, 2455, -1, 2446, 2455, 2458, -1, 2458, 2455, 2468, -1,
 2458, 2468, 2485, -1, 2485, 2468, 2501, -1, 2485, 2501, 2504, -1,
 2504, 2501, 2516, -1, 2504, 2516, 2531, -1, 2531, 2516, 2546, -1,
 2531, 2546, 2553, -1, 2553, 2546, 2576, -1, 2553, 2576, 2585, -1,
 2585, 2576, 2586, -1, 2585, 2586, 2607, -1, 2607, 2586, 2641, -1,
 2607, 2641, 2657, -1, 2657, 2641, 2677, -1, 2657, 2677, 2695, -1,
 2695, 2677, 2725, -1, 2695, 2725, 2761, -1, 2761, 2725, 2734, -1,
 2761, 2734, 2774, -1, 2811, 2798, 2774, -1, 2774, 2798, 2789, -1,
 2774, 2789, 2761, -1, 2761, 2789, 2763, -1, 2761, 2763, 2695, -1,
 2695, 2763, 2726, -1, 2695, 2726, 2690, -1, 2844, 2811, 2812, -1,
 2812, 2811, 2774, -1, 2812, 2774, 2785, -1, 2785, 2774, 2734, -1,
 2785, 2734, 2759, -1, 2759, 2734, 2702, -1, 1874, 1856, 1863, -1,
 1799, 1773, 1785, -1, 1785, 1813, 1799, -1, 1799, 1813, 1817, -1,
 1799, 1817, 1815, -1, 2378, 2379, 2247, -1, 2247, 2379, 2380, -1,
 2375, 2376, 2267, -1, 2267, 2376, 2377, -1, 2267, 2377, 2378, -1,
 2375, 2267, 2374, -1, 2374, 2267, 2240, -1, 2374, 2240, 2373, -1,
 2380, 2245, 2247, -1, 2247, 2245, 2237, -1, 2247, 2237, 2239, -1,
 2239, 2237, 2226, -1, 2239, 2226, 2229, -1, 2229, 2226, 2219, -1,
 2229, 2219, 2223, -1, 2223, 2219, 2203, -1, 2223, 2203, 2197, -1,
 2373, 2240, 2242, -1, 2242, 2240, 2232, -1, 2242, 2232, 2234, -1,
 2234, 2232, 2224, -1, 2234, 2224, 2228, -1, 2228, 2224, 2200, -1,
 2228, 2200, 2202, -1, 2202, 2200, 2188, -1, 2202, 2188, 2190, -1,
 2190, 2188, 2176, -1, 2190, 2176, 2179, -1, 2203, 2196, 2197, -1,
 2197, 2196, 2184, -1, 2197, 2184, 2186, -1, 2186, 2184, 2160, -1,
 2186, 2160, 2172, -1, 2172, 2160, 2129, -1, 2172, 2129, 2132, -1,
 2129, 2124, 2132, -1, 2132, 2124, 2113, -1, 2132, 2113, 2110, -1,
 2113, 2104, 2110, -1, 2110, 2104, 2075, -1, 2110, 2075, 2087, -1,
 2087, 2075, 2037, -1, 2087, 2037, 2058, -1, 2179, 2176, 2147, -1,
 2147, 2176, 2139, -1, 2147, 2139, 2146, -1, 2146, 2139, 2120, -1,
 2146, 2120, 2126, -1, 2126, 2120, 2095, -1, 2126, 2095, 2101, -1,
 2101, 2095, 2066, -1, 2101, 2066, 2072, -1, 1949, 1963, 1950, -1,
 1950, 1963, 2014, -1, 1950, 2014, 2000, -1, 2000, 2014, 2058, -1,
 2000, 2058, 2035, -1, 2035, 2058, 2037, -1, 2072, 2066, 2064, -1,
 2064, 2066, 2026, -1, 2064, 2026, 2041, -1, 2041, 2026, 1981, -1,
 2041, 1981, 1998, -1, 1949, 1948, 1963, -1, 1963, 1948, 1892, -1,
 1963, 1892, 1921, -1, 1892, 1885, 1921, -1, 1921, 1885, 1850, -1,
 1921, 1850, 1871, -1, 1850, 1845, 1871, -1, 1871, 1845, 1815, -1,
 1871, 1815, 1848, -1, 1848, 1815, 1817, -1, 1848, 1817, 1843, -1,
 2378, 2247, 2267, -1, 2267, 2247, 2239, -1, 2267, 2239, 2240, -1,
 2240, 2239, 2229, -1, 2240, 2229, 2232, -1, 2232, 2229, 2223, -1,
 2232, 2223, 2224, -1, 2224, 2223, 2197, -1, 2224, 2197, 2200, -1,
 2200, 2197, 2186, -1, 2200, 2186, 2188, -1, 2188, 2186, 2172, -1,
 2188, 2172, 2176, -1, 2176, 2172, 2132, -1, 2176, 2132, 2139, -1,
 2139, 2132, 2110, -1, 2139, 2110, 2120, -1, 2120, 2110, 2087, -1,
 2120, 2087, 2095, -1, 2095, 2087, 2058, -1, 2095, 2058, 2066, -1,
 2066, 2058, 2014, -1, 2066, 2014, 2026, -1, 2026, 2014, 1963, -1,
 2026, 1963, 1981, -1, 1981, 1963, 1921, -1, 1981, 1921, 1943, -1,
 1943, 1921, 1871, -1, 1943, 1871, 1893, -1, 1893, 1871, 1848, -1,
 1893, 1848, 1874, -1, 1874, 1848, 1843, -1, 1874, 1843, 1856, -1,
 1998, 1981, 1969, -1, 1969, 1981, 1943, -1, 1969, 1943, 1960, -1,
 1960, 1943, 1893, -1, 1960, 1893, 1929, -1, 1929, 1893, 1874, -1,
 1929, 1874, 1896, -1, 1896, 1874, 1863, -1, 1896, 1863, 1882, -1,
 2595, 2665, 2678, -1, 2563, 2595, 2621, -1, 2416, 2464, 2469, -1,
 2370, 2416, 2418, -1, 2109, 2175, 2170, -1, 2082, 2109, 2100, -1,
 1983, 2054, 2028, -1, 2028, 2054, 2082, -1, 2175, 2221, 2216, -1,
 2216, 2221, 2370, -1, 2464, 2534, 2545, -1, 2545, 2534, 2563, -1,
 1983, 2028, 1962, -1, 1962, 2028, 2017, -1, 1962, 2017, 1944, -1,
 1944, 2017, 2003, -1, 1944, 2003, 1927, -1, 1927, 2003, 1989, -1,
 1927, 1989, 1903, -1, 1903, 1989, 1984, -1, 1903, 1984, 1886, -1,
 1886, 1984, 1979, -1, 1886, 1979, 1882, -1, 2071, 2068, 1987, -1,
 2082, 2100, 2028, -1, 2028, 2100, 2092, -1, 2028, 2092, 2017, -1,
 2017, 2092, 2083, -1, 2017, 2083, 2003, -1, 2003, 2083, 2074, -1,
 2003, 2074, 1989, -1, 1989, 2074, 2071, -1, 1989, 2071, 1984, -1,
 1984, 2071, 1987, -1, 1984, 1987, 1979, -1, 2138, 2136, 2088, -1,
 2109, 2170, 2100, -1, 2100, 2170, 2152, -1, 2100, 2152, 2092, -1,
 2092, 2152, 2148, -1, 2092, 2148, 2083, -1, 2083, 2148, 2143, -1,
 2083, 2143, 2074, -1, 2074, 2143, 2138, -1, 2074, 2138, 2071, -1,
 2071, 2138, 2088, -1, 2071, 2088, 2068, -1, 2207, 2206, 2178, -1,
 2175, 2216, 2170, -1, 2170, 2216, 2214, -1, 2170, 2214, 2152, -1,
 2152, 2214, 2211, -1, 2152, 2211, 2148, -1, 2148, 2211, 2208, -1,
 2148, 2208, 2143, -1, 2143, 2208, 2207, -1, 2143, 2207, 2138, -1,
 2138, 2207, 2178, -1, 2138, 2178, 2136, -1, 2428, 2430, 2371, -1,
 2370, 2418, 2216, -1, 2216, 2418, 2420, -1, 2216, 2420, 2214, -1,
 2214, 2420, 2423, -1, 2214, 2423, 2211, -1, 2211, 2423, 2426, -1,
 2211, 2426, 2208, -1, 2208, 2426, 2428, -1, 2208, 2428, 2207, -1,
 2207, 2428, 2371, -1, 2207, 2371, 2206, -1, 2498, 2500, 2461, -1,
 2416, 2469, 2418, -1, 2418, 2469, 2486, -1, 2418, 2486, 2420, -1,
 2420, 2486, 2491, -1, 2420, 2491, 2423, -1, 2423, 2491, 2496, -1,
 2423, 2496, 2426, -1, 2426, 2496, 2498, -1, 2426, 2498, 2428, -1,
 2428, 2498, 2461, -1, 2428, 2461, 2430, -1, 2574, 2578, 2557, -1,
 2464, 2545, 2469, -1, 2469, 2545, 2551, -1, 2469, 2551, 2486, -1,
 2486, 2551, 2561, -1, 2486, 2561, 2491, -1, 2491, 2561, 2571, -1,
 2491, 2571, 2496, -1, 2496, 2571, 2574, -1, 2496, 2574, 2498, -1,
 2498, 2574, 2557, -1, 2498, 2557, 2500, -1, 2663, 2668, 2660, -1,
 2563, 2621, 2545, -1, 2545, 2621, 2632, -1, 2545, 2632, 2551, -1,
 2551, 2632, 2645, -1, 2551, 2645, 2561, -1, 2561, 2645, 2658, -1,
 2561, 2658, 2571, -1, 2571, 2658, 2663, -1, 2571, 2663, 2574, -1,
 2574, 2663, 2660, -1, 2574, 2660, 2578, -1, 2595, 2678, 2621, -1,
 2621, 2678, 2697, -1, 2621, 2697, 2632, -1, 2632, 2697, 2728, -1,
 2632, 2728, 2645, -1, 2645, 2728, 2750, -1, 2645, 2750, 2658, -1,
 2658, 2750, 2770, -1, 2658, 2770, 2663, -1, 2663, 2770, 2775, -1,
 2663, 2775, 2668, -1, 2808, 2816, 2781, -1, 2678, 2665, 2673, -1,
 2728, 2697, 2721, -1, 2770, 2750, 2767, -1, 2775, 2770, 2777, -1,
 2770, 2767, 2777, -1, 2777, 2767, 2792, -1, 2777, 2792, 2799, -1,
 2799, 2792, 2815, -1, 2799, 2815, 2822, -1, 2842, 2827, 2822, -1,
 2822, 2827, 2803, -1, 2822, 2803, 2799, -1, 2799, 2803, 2802, -1,
 2799, 2802, 2777, -1, 2777, 2802, 2783, -1, 2777, 2783, 2775, -1,
 2678, 2673, 2687, -1, 2687, 2673, 2709, -1, 2687, 2709, 2732, -1,
 2732, 2709, 2753, -1, 2732, 2753, 2781, -1, 2781, 2753, 2769, -1,
 2781, 2769, 2808, -1, 2728, 2721, 2741, -1, 2741, 2721, 2762, -1,
 2741, 2762, 2779, -1, 2779, 2762, 2795, -1, 2779, 2795, 2804, -1,
 2804, 2795, 2826, -1, 2804, 2826, 2840, -1, 2849, 2842, 2848, -1,
 2848, 2842, 2822, -1, 2848, 2822, 2846, -1, 2846, 2822, 2815, -1,
 2808, 2851, 2816, -1, 2816, 2851, 2856, -1, 2816, 2856, 2858, -1,
 2858, 2826, 2816, -1, 2816, 2826, 2795, -1, 2816, 2795, 2781, -1,
 2781, 2795, 2762, -1, 2781, 2762, 2732, -1, 2732, 2762, 2721, -1,
 2732, 2721, 2687, -1, 2687, 2721, 2697, -1, 2687, 2697, 2678, -1,
 2858, 2863, 2826, -1, 2826, 2863, 2865, -1, 2826, 2865, 2840, -1,
 2840, 2865, 2867, -1, 2840, 2867, 2870, -1, 2870, 2846, 2840, -1,
 2840, 2846, 2815, -1, 2840, 2815, 2804, -1, 2804, 2815, 2792, -1,
 2804, 2792, 2779, -1, 2779, 2792, 2767, -1, 2779, 2767, 2741, -1,
 2741, 2767, 2750, -1, 2741, 2750, 2728, -1, 2876, 2849, 2875, -1,
 2875, 2849, 2848, -1, 2875, 2848, 2874, -1, 2874, 2848, 2846, -1,
 2874, 2846, 2872, -1, 2872, 2846, 2870, -1, 1856, 1843, 1849, -1,
 1817, 1813, 1819, -1, 1895, 1914, 1890, -1, 1788, 1785, 1773, -1,
 1809, 1822, 1801, -1, 1801, 1822, 1814, -1, 1801, 1814, 1797, -1,
 1797, 1814, 1811, -1, 1806, 1786, 1811, -1, 1811, 1786, 1789, -1,
 1811, 1789, 1797, -1, 1796, 1780, 1806, -1, 1806, 1780, 1783, -1,
 1806, 1783, 1786, -1, 1773, 1774, 1788, -1, 1788, 1774, 1776, -1,
 1788, 1776, 1796, -1, 1796, 1776, 1778, -1, 1796, 1778, 1780, -1,
 1813, 1785, 1819, -1, 1819, 1785, 1788, -1, 1819, 1788, 1826, -1,
 1826, 1788, 1796, -1, 1826, 1796, 1838, -1, 1838, 1796, 1806, -1,
 1838, 1806, 1846, -1, 1846, 1806, 1811, -1, 1846, 1811, 1859, -1,
 1859, 1811, 1814, -1, 1859, 1814, 1867, -1, 1867, 1814, 1822, -1,
 1843, 1817, 1849, -1, 1849, 1817, 1819, -1, 1849, 1819, 1857, -1,
 1857, 1819, 1826, -1, 1857, 1826, 1865, -1, 1865, 1826, 1838, -1,
 1865, 1838, 1875, -1, 1875, 1838, 1846, -1, 1875, 1846, 1890, -1,
 1890, 1846, 1859, -1, 1890, 1859, 1895, -1, 1895, 1859, 1867, -1,
 1863, 1856, 1869, -1, 1869, 1856, 1849, -1, 1869, 1849, 1876, -1,
 1876, 1849, 1857, -1, 1876, 1857, 1889, -1, 1889, 1857, 1865, -1,
 1889, 1865, 1915, -1, 1915, 1865, 1875, -1, 1915, 1875, 1934, -1,
 1934, 1875, 1890, -1, 1934, 1890, 1956, -1, 1956, 1890, 1914, -1,
 1882, 1863, 1886, -1, 1886, 1863, 1869, -1, 1886, 1869, 1903, -1,
 1903, 1869, 1876, -1, 1903, 1876, 1927, -1, 1927, 1876, 1889, -1,
 1927, 1889, 1944, -1, 1944, 1889, 1915, -1, 1944, 1915, 1962, -1,
 1962, 1915, 1934, -1, 1962, 1934, 1983, -1, 1983, 1934, 1956, -1,
 2530, 2608, 2605, -1, 2542, 2471, 2474, -1, 2589, 2593, 2740, -1,
 2856, 2851, 2912, -1, 2452, 2482, 2481, -1, 2359, 2452, 2360, -1,
 2360, 2452, 2481, -1, 2360, 2481, 2361, -1, 2361, 2481, 2478, -1,
 2361, 2478, 2362, -1, 2362, 2478, 2363, -1, 2363, 2478, 2476, -1,
 2363, 2476, 2364, -1, 2364, 2476, 2365, -1, 2365, 2476, 2474, -1,
 2365, 2474, 2366, -1, 2366, 2474, 2367, -1, 2367, 2474, 2471, -1,
 2367, 2471, 2368, -1, 2863, 2858, 2924, -1, 2924, 2858, 2856, -1,
 2867, 2865, 2927, -1, 2927, 2865, 2863, -1, 2872, 2870, 2932, -1,
 2932, 2870, 2867, -1, 2935, 2874, 2872, -1, 2856, 2912, 2924, -1,
 2924, 2912, 2941, -1, 2924, 2941, 3006, -1, 2876, 2875, 2880, -1,
 2880, 2875, 2874, -1, 2880, 2874, 2940, -1, 2940, 2874, 2935, -1,
 2940, 2935, 2996, -1, 2996, 2935, 3023, -1, 2996, 3023, 3025, -1,
 2941, 3001, 3006, -1, 3006, 3001, 3072, -1, 3006, 3072, 3080, -1,
 3080, 3072, 3162, -1, 3025, 3023, 3108, -1, 3108, 3023, 3106, -1,
 3108, 3106, 3112, -1, 3112, 3106, 3204, -1, 3112, 3204, 3207, -1,
 3227, 3276, 3162, -1, 3162, 3276, 3175, -1, 3162, 3175, 3080, -1,
 3207, 3204, 3241, -1, 3241, 3204, 3317, -1, 3241, 3317, 3328, -1,
 3328, 3317, 3377, -1, 3328, 3377, 3387, -1, 3387, 3377, 3404, -1,
 3404, 3377, 3480, -1, 3404, 3480, 3489, -1, 3227, 3260, 3276, -1,
 3276, 3260, 3301, -1, 3276, 3301, 3325, -1, 3325, 3301, 3393, -1,
 3325, 3393, 3417, -1, 3417, 3393, 3401, -1, 3417, 3401, 3498, -1,
 3489, 3480, 3575, -1, 3575, 3480, 3588, -1, 3575, 3588, 3606, -1,
 3606, 3588, 3679, -1, 3606, 3679, 3709, -1, 3401, 3469, 3498, -1,
 3498, 3469, 3538, -1, 3498, 3538, 3578, -1, 3578, 3538, 3541, -1,
 3578, 3541, 3645, -1, 3709, 3679, 3766, -1, 3766, 3679, 3778, -1,
 3766, 3778, 3816, -1, 3816, 3778, 3882, -1, 3882, 3778, 3883, -1,
 3882, 3883, 3922, -1, 3922, 3883, 3971, -1, 3971, 3883, 3962, -1,
 3971, 3962, 4000, -1, 4000, 3962, 3975, -1, 4000, 3975, 4010, -1,
 3541, 3598, 3645, -1, 3645, 3598, 3658, -1, 3645, 3658, 3712, -1,
 3712, 3658, 3698, -1, 3712, 3698, 3767, -1, 3767, 3698, 3705, -1,
 3767, 3705, 3776, -1, 3776, 3705, 3839, -1, 4010, 3975, 4043, -1,
 4043, 3975, 4032, -1, 4043, 4032, 4080, -1, 3705, 3742, 3839, -1,
 3839, 3742, 3747, -1, 3839, 3747, 3777, -1, 4080, 4032, 4095, -1,
 4095, 4032, 4083, -1, 4095, 4083, 4105, -1, 3801, 3900, 3777, -1,
 3777, 3900, 3873, -1, 3777, 3873, 3839, -1, 4129, 4161, 4120, -1,
 4120, 4161, 4147, -1, 4120, 4147, 4083, -1, 4083, 4147, 4131, -1,
 4083, 4131, 4105, -1, 4137, 4170, 4129, -1, 4129, 4170, 4168, -1,
 4129, 4168, 4161, -1, 3801, 3804, 3900, -1, 3900, 3804, 3813, -1,
 3900, 3813, 3911, -1, 3911, 3813, 3825, -1, 3911, 3825, 3923, -1,
 3923, 3825, 3835, -1, 3923, 3835, 3918, -1, 4135, 4179, 4137, -1,
 4137, 4179, 4181, -1, 4137, 4181, 4170, -1, 4078, 4160, 4116, -1,
 4116, 4160, 4169, -1, 4116, 4169, 4135, -1, 4135, 4169, 4175, -1,
 4135, 4175, 4179, -1, 3835, 3819, 3918, -1, 3918, 3819, 3803, -1,
 3918, 3803, 3902, -1, 3902, 3803, 3798, -1, 3902, 3798, 3868, -1,
 3868, 3798, 3780, -1, 3868, 3780, 3744, -1, 4070, 4107, 4024, -1,
 4024, 4107, 4121, -1, 4024, 4121, 4078, -1, 4078, 4121, 4125, -1,
 4078, 4125, 4160, -1, 3723, 3768, 3744, -1, 3744, 3768, 3832, -1,
 3744, 3832, 3868, -1, 4070, 4024, 4006, -1, 4006, 4024, 3954, -1,
 4006, 3954, 3995, -1, 3995, 3954, 3889, -1, 3995, 3889, 3931, -1,
 3723, 3707, 3768, -1, 3768, 3707, 3669, -1, 3768, 3669, 3721, -1,
 3721, 3669, 3660, -1, 3669, 3621, 3660, -1, 3660, 3621, 3614, -1,
 3660, 3614, 3553, -1, 3931, 3889, 3865, -1, 3865, 3889, 3785, -1,
 3865, 3785, 3826, -1, 3826, 3785, 3686, -1, 3826, 3686, 3717, -1,
 3504, 3521, 3553, -1, 3553, 3521, 3590, -1, 3553, 3590, 3660, -1,
 3717, 3686, 3704, -1, 3704, 3686, 3599, -1, 3704, 3599, 3620, -1,
 3359, 3454, 3442, -1, 3442, 3454, 3552, -1, 3442, 3552, 3529, -1,
 3529, 3552, 3568, -1, 3529, 3568, 3599, -1, 3599, 3568, 3619, -1,
 3599, 3619, 3620, -1, 3504, 3493, 3521, -1, 3521, 3493, 3449, -1,
 3521, 3449, 3472, -1, 3472, 3449, 3382, -1, 3472, 3382, 3397, -1,
 3397, 3382, 3372, -1, 3397, 3372, 3319, -1, 3319, 3372, 3305, -1,
 3319, 3305, 3223, -1, 3223, 3305, 3220, -1, 3256, 3352, 3359, -1,
 3359, 3352, 3367, -1, 3359, 3367, 3454, -1, 3167, 3246, 3256, -1,
 3256, 3246, 3266, -1, 3256, 3266, 3352, -1, 3120, 3153, 3167, -1,
 3167, 3153, 3174, -1, 3167, 3174, 3246, -1, 3220, 3209, 3223, -1,
 3223, 3209, 3140, -1, 3223, 3140, 3147, -1, 3147, 3140, 3095, -1,
 3147, 3095, 3104, -1, 3104, 3095, 3091, -1, 3104, 3091, 3039, -1,
 3050, 3082, 3120, -1, 3120, 3082, 3123, -1, 3120, 3123, 3153, -1,
 2987, 3030, 3050, -1, 3050, 3030, 3054, -1, 3050, 3054, 3082, -1,
 3091, 3033, 3039, -1, 3039, 3033, 2972, -1, 3039, 2972, 2976, -1,
 2976, 2972, 2967, -1, 2976, 2967, 2902, -1, 2913, 2968, 2987, -1,
 2987, 2968, 2989, -1, 2987, 2989, 3030, -1, 2755, 2835, 2833, -1,
 2833, 2835, 2894, -1, 2833, 2894, 2913, -1, 2913, 2894, 2918, -1,
 2913, 2918, 2968, -1, 2967, 2896, 2902, -1, 2902, 2896, 2817, -1,
 2902, 2817, 2820, -1, 2820, 2817, 2794, -1, 2820, 2794, 2740, -1,
 2740, 2794, 2735, -1, 2740, 2735, 2589, -1, 2863, 2924, 2927, -1,
 2927, 2924, 3006, -1, 2927, 3006, 3010, -1, 3010, 3006, 3080, -1,
 3010, 3080, 3086, -1, 3086, 3080, 3175, -1, 3086, 3175, 3183, -1,
 3183, 3175, 3276, -1, 3183, 3276, 3288, -1, 3288, 3276, 3325, -1,
 3288, 3325, 3343, -1, 3343, 3325, 3417, -1, 3343, 3417, 3439, -1,
 3439, 3417, 3498, -1, 3439, 3498, 3528, -1, 3528, 3498, 3578, -1,
 3528, 3578, 3613, -1, 3613, 3578, 3645, -1, 3613, 3645, 3689, -1,
 3689, 3645, 3712, -1, 3689, 3712, 3765, -1, 3765, 3712, 3767, -1,
 3765, 3767, 3848, -1, 3848, 3767, 3776, -1, 3848, 3776, 3857, -1,
 3857, 3776, 3839, -1, 3857, 3839, 3913, -1, 3913, 3839, 3873, -1,
 3913, 3873, 3950, -1, 3950, 3873, 3900, -1, 3950, 3900, 3985, -1,
 3985, 3900, 3911, -1, 3985, 3911, 3990, -1, 3990, 3911, 3923, -1,
 3990, 3923, 3997, -1, 3997, 3923, 3918, -1, 3997, 3918, 3994, -1,
 3994, 3918, 3902, -1, 3994, 3902, 3983, -1, 3983, 3902, 3868, -1,
 3983, 3868, 3947, -1, 3947, 3868, 3832, -1, 3947, 3832, 3901, -1,
 3901, 3832, 3768, -1, 3901, 3768, 3843, -1, 3843, 3768, 3721, -1,
 3843, 3721, 3772, -1, 3772, 3721, 3660, -1, 3772, 3660, 3697, -1,
 3697, 3660, 3590, -1, 3697, 3590, 3622, -1, 3622, 3590, 3521, -1,
 3622, 3521, 3546, -1, 3546, 3521, 3472, -1, 3546, 3472, 3490, -1,
 3490, 3472, 3397, -1, 3490, 3397, 3411, -1, 3411, 3397, 3319, -1,
 3411, 3319, 3336, -1, 3336, 3319, 3223, -1, 3336, 3223, 3234, -1,
 3234, 3223, 3147, -1, 3234, 3147, 3152, -1, 3152, 3147, 3104, -1,
 3152, 3104, 3111, -1, 3111, 3104, 3039, -1, 3111, 3039, 3042, -1,
 3042, 3039, 2976, -1, 3042, 2976, 2979, -1, 2979, 2976, 2902, -1,
 2979, 2902, 2905, -1, 2905, 2902, 2820, -1, 2905, 2820, 2824, -1,
 2824, 2820, 2740, -1, 2824, 2740, 2745, -1, 2745, 2740, 2593, -1,
 2745, 2593, 2599, -1, 2867, 2927, 2932, -1, 2932, 2927, 3010, -1,
 2932, 3010, 3019, -1, 3019, 3010, 3086, -1, 3019, 3086, 3096, -1,
 3096, 3086, 3183, -1, 3096, 3183, 3194, -1, 3194, 3183, 3288, -1,
 3194, 3288, 3304, -1, 3304, 3288, 3343, -1, 3304, 3343, 3361, -1,
 3361, 3343, 3439, -1, 3361, 3439, 3457, -1, 3457, 3439, 3528, -1,
 3457, 3528, 3560, -1, 3560, 3528, 3613, -1, 3560, 3613, 3650, -1,
 3650, 3613, 3689, -1, 3650, 3689, 3733, -1, 3733, 3689, 3765, -1,
 3733, 3765, 3833, -1, 3833, 3765, 3848, -1, 3833, 3848, 3910, -1,
 3910, 3848, 3857, -1, 3910, 3857, 3925, -1, 3925, 3857, 3913, -1,
 3925, 3913, 3981, -1, 3981, 3913, 3950, -1, 3981, 3950, 4026, -1,
 4026, 3950, 3985, -1, 4026, 3985, 4054, -1, 4054, 3985, 3990, -1,
 4054, 3990, 4066, -1, 4066, 3990, 3997, -1, 4066, 3997, 4077, -1,
 4077, 3997, 3994, -1, 4077, 3994, 4073, -1, 4073, 3994, 3983, -1,
 4073, 3983, 4053, -1, 4053, 3983, 3947, -1, 4053, 3947, 4016, -1,
 4016, 3947, 3901, -1, 4016, 3901, 3969, -1, 3969, 3901, 3843, -1,
 3969, 3843, 3903, -1, 3903, 3843, 3772, -1, 3903, 3772, 3840, -1,
 3840, 3772, 3697, -1, 3840, 3697, 3738, -1, 3738, 3697, 3622, -1,
 3738, 3622, 3659, -1, 3659, 3622, 3546, -1, 3659, 3546, 3570, -1,
 3570, 3546, 3490, -1, 3570, 3490, 3513, -1, 3513, 3490, 3411, -1,
 3513, 3411, 3432, -1, 3432, 3411, 3336, -1, 3432, 3336, 3344, -1,
 3344, 3336, 3234, -1, 3344, 3234, 3244, -1, 3244, 3234, 3152, -1,
 3244, 3152, 3158, -1, 3158, 3152, 3111, -1, 3158, 3111, 3117, -1,
 3117, 3111, 3042, -1, 3117, 3042, 3046, -1, 3046, 3042, 2979, -1,
 3046, 2979, 2982, -1, 2982, 2979, 2905, -1, 2982, 2905, 2908, -1,
 2908, 2905, 2824, -1, 2908, 2824, 2828, -1, 2828, 2824, 2745, -1,
 2828, 2745, 2749, -1, 2749, 2745, 2599, -1, 2749, 2599, 2602, -1,
 2872, 2932, 2935, -1, 2935, 2932, 3019, -1, 2935, 3019, 3023, -1,
 3023, 3019, 3096, -1, 3023, 3096, 3106, -1, 3106, 3096, 3194, -1,
 3106, 3194, 3204, -1, 3204, 3194, 3304, -1, 3204, 3304, 3317, -1,
 3317, 3304, 3361, -1, 3317, 3361, 3377, -1, 3377, 3361, 3457, -1,
 3377, 3457, 3480, -1, 3480, 3457, 3560, -1, 3480, 3560, 3588, -1,
 3588, 3560, 3650, -1, 3588, 3650, 3679, -1, 3679, 3650, 3733, -1,
 3679, 3733, 3778, -1, 3778, 3733, 3833, -1, 3778, 3833, 3883, -1,
 3883, 3833, 3910, -1, 3883, 3910, 3962, -1, 3962, 3910, 3925, -1,
 3962, 3925, 3975, -1, 3975, 3925, 3981, -1, 3975, 3981, 4032, -1,
 4032, 3981, 4026, -1, 4032, 4026, 4083, -1, 4083, 4026, 4054, -1,
 4083, 4054, 4120, -1, 4120, 4054, 4066, -1, 4120, 4066, 4129, -1,
 4129, 4066, 4077, -1, 4129, 4077, 4137, -1, 4137, 4077, 4073, -1,
 4137, 4073, 4135, -1, 4135, 4073, 4053, -1, 4135, 4053, 4116, -1,
 4116, 4053, 4016, -1, 4116, 4016, 4078, -1, 4078, 4016, 3969, -1,
 4078, 3969, 4024, -1, 4024, 3969, 3903, -1, 4024, 3903, 3954, -1,
 3954, 3903, 3840, -1, 3954, 3840, 3889, -1, 3889, 3840, 3738, -1,
 3889, 3738, 3785, -1, 3785, 3738, 3659, -1, 3785, 3659, 3686, -1,
 3686, 3659, 3570, -1, 3686, 3570, 3599, -1, 3599, 3570, 3513, -1,
 3599, 3513, 3529, -1, 3529, 3513, 3432, -1, 3529, 3432, 3442, -1,
 3442, 3432, 3344, -1, 3442, 3344, 3359, -1, 3359, 3344, 3244, -1,
 3359, 3244, 3256, -1, 3256, 3244, 3158, -1, 3256, 3158, 3167, -1,
 3167, 3158, 3117, -1, 3167, 3117, 3120, -1, 3120, 3117, 3046, -1,
 3120, 3046, 3050, -1, 3050, 3046, 2982, -1, 3050, 2982, 2987, -1,
 2987, 2982, 2908, -1, 2987, 2908, 2913, -1, 2913, 2908, 2828, -1,
 2913, 2828, 2833, -1, 2833, 2828, 2749, -1, 2833, 2749, 2755, -1,
 2755, 2749, 2602, -1, 2755, 2602, 2605, -1, 2608, 2616, 2605, -1,
 2605, 2616, 2696, -1, 2605, 2696, 2755, -1, 2755, 2696, 2760, -1,
 2755, 2760, 2835, -1, 2482, 2530, 2481, -1, 2481, 2530, 2605, -1,
 2481, 2605, 2478, -1, 2478, 2605, 2602, -1, 2478, 2602, 2476, -1,
 2476, 2602, 2599, -1, 2476, 2599, 2474, -1, 2474, 2599, 2593, -1,
 2474, 2593, 2542, -1, 2542, 2593, 2589, -1, 2153, 2057, 2055, -1,
 930, 961, 860, -1, 883, 944, 904, -1, 520, 568, 529, -1,
 2368, 2169, 2367, -1, 2367, 2169, 2167, -1, 2367, 2167, 2366, -1,
 2366, 2167, 2365, -1, 2365, 2167, 2165, -1, 2365, 2165, 2364, -1,
 2364, 2165, 2363, -1, 2363, 2165, 2162, -1, 2363, 2162, 2362, -1,
 2111, 2156, 2158, -1, 2158, 2156, 2185, -1, 2362, 2162, 2361, -1,
 2361, 2162, 2158, -1, 2361, 2158, 2360, -1, 2360, 2158, 2185, -1,
 2360, 2185, 2359, -1, 1774, 1773, 1769, -1, 1774, 1769, 1776, -1,
 1776, 1769, 1713, -1, 1776, 1713, 1778, -1, 1783, 1780, 1715, -1,
 1715, 1780, 1778, -1, 1789, 1786, 1719, -1, 1719, 1786, 1783, -1,
 1801, 1797, 1723, -1, 1723, 1797, 1789, -1, 1732, 1809, 1801, -1,
 1769, 1709, 1713, -1, 1713, 1709, 1652, -1, 1713, 1652, 1631, -1,
 1801, 1723, 1732, -1, 1732, 1723, 1645, -1, 1732, 1645, 1649, -1,
 1652, 1629, 1631, -1, 1631, 1629, 1545, -1, 1631, 1545, 1547, -1,
 1545, 1541, 1547, -1, 1547, 1541, 1438, -1, 1547, 1438, 1444, -1,
 1444, 1438, 1407, -1, 1444, 1407, 1327, -1, 1407, 1318, 1327, -1,
 1327, 1318, 1259, -1, 1327, 1259, 1272, -1, 1272, 1259, 1244, -1,
 1272, 1244, 1167, -1, 1233, 1341, 1320, -1, 1320, 1341, 1391, -1,
 1320, 1391, 1374, -1, 1374, 1391, 1487, -1, 1374, 1487, 1471, -1,
 1471, 1487, 1499, -1, 1471, 1499, 1568, -1, 1568, 1499, 1576, -1,
 1568, 1576, 1645, -1, 1645, 1576, 1627, -1, 1645, 1627, 1649, -1,
 1244, 1158, 1167, -1, 1167, 1158, 1073, -1, 1167, 1073, 1062, -1,
 1070, 1169, 1147, -1, 1147, 1169, 1189, -1, 1147, 1189, 1233, -1,
 1233, 1189, 1255, -1, 1233, 1255, 1341, -1, 1073, 1040, 1062, -1,
 1062, 1040, 940, -1, 1062, 940, 969, -1, 969, 940, 885, -1,
 969, 885, 869, -1, 885, 830, 869, -1, 869, 830, 769, -1,
 869, 769, 768, -1, 937, 1046, 1004, -1, 1004, 1046, 1065, -1,
 1004, 1065, 1070, -1, 1070, 1065, 1112, -1, 1070, 1112, 1169, -1,
 769, 722, 768, -1, 768, 722, 676, -1, 768, 676, 685, -1,
 563, 608, 595, -1, 595, 608, 671, -1, 595, 671, 636, -1,
 636, 671, 685, -1, 636, 685, 648, -1, 648, 685, 676, -1,
 805, 943, 870, -1, 870, 943, 948, -1, 870, 948, 884, -1,
 884, 948, 962, -1, 884, 962, 937, -1, 937, 962, 997, -1,
 937, 997, 1046, -1, 563, 545, 608, -1, 608, 545, 540, -1,
 608, 540, 560, -1, 540, 512, 560, -1, 560, 512, 497, -1,
 560, 497, 523, -1, 733, 847, 744, -1, 744, 847, 864, -1,
 744, 864, 774, -1, 774, 864, 876, -1, 774, 876, 805, -1,
 805, 876, 905, -1, 805, 905, 943, -1, 497, 483, 523, -1,
 523, 483, 476, -1, 523, 476, 514, -1, 514, 476, 472, -1,
 514, 472, 504, -1, 822, 825, 733, -1, 733, 825, 828, -1,
 733, 828, 847, -1, 472, 464, 504, -1, 504, 464, 467, -1,
 504, 467, 508, -1, 733, 721, 822, -1, 822, 721, 725, -1,
 822, 725, 821, -1, 821, 725, 819, -1, 467, 470, 508, -1,
 508, 470, 473, -1, 508, 473, 529, -1, 529, 473, 485, -1,
 529, 485, 520, -1, 819, 725, 844, -1, 844, 725, 742, -1,
 844, 742, 777, -1, 520, 522, 568, -1, 568, 522, 538, -1,
 568, 538, 621, -1, 880, 866, 777, -1, 777, 866, 862, -1,
 777, 862, 844, -1, 538, 576, 621, -1, 621, 576, 640, -1,
 621, 640, 691, -1, 880, 777, 904, -1, 904, 777, 809, -1,
 904, 809, 883, -1, 944, 883, 964, -1, 964, 883, 924, -1,
 964, 924, 981, -1, 981, 924, 988, -1, 981, 988, 1034, -1,
 640, 652, 691, -1, 691, 652, 716, -1, 691, 716, 759, -1,
 759, 716, 779, -1, 759, 779, 860, -1, 860, 779, 817, -1,
 860, 817, 930, -1, 930, 945, 961, -1, 961, 945, 1025, -1,
 961, 1025, 1048, -1, 1034, 988, 1074, -1, 1074, 988, 1058, -1,
 1074, 1058, 1094, -1, 1094, 1058, 1126, -1, 1094, 1126, 1154, -1,
 1025, 1026, 1048, -1, 1048, 1026, 1080, -1, 1048, 1080, 1119, -1,
 1154, 1126, 1192, -1, 1192, 1126, 1170, -1, 1192, 1170, 1200, -1,
 1200, 1170, 1251, -1, 1200, 1251, 1269, -1, 1080, 1096, 1119, -1,
 1119, 1096, 1191, -1, 1119, 1191, 1207, -1, 1207, 1191, 1280, -1,
 1207, 1280, 1288, -1, 1288, 1280, 1297, -1, 1288, 1297, 1396, -1,
 1269, 1251, 1336, -1, 1336, 1251, 1325, -1, 1336, 1325, 1339, -1,
 1339, 1325, 1426, -1, 1339, 1426, 1434, -1, 1297, 1384, 1396, -1,
 1396, 1384, 1403, -1, 1396, 1403, 1480, -1, 1403, 1473, 1480, -1,
 1480, 1473, 1494, -1, 1480, 1494, 1530, -1, 1434, 1426, 1474, -1,
 1474, 1426, 1501, -1, 1474, 1501, 1512, -1, 1512, 1501, 1550, -1,
 1512, 1550, 1556, -1, 1494, 1528, 1530, -1, 1530, 1528, 1566, -1,
 1530, 1566, 1602, -1, 1566, 1598, 1602, -1, 1602, 1598, 1622, -1,
 1602, 1622, 1664, -1, 1556, 1550, 1591, -1, 1591, 1550, 1613, -1,
 1591, 1613, 1618, -1, 1618, 1613, 1678, -1, 1618, 1678, 1682, -1,
 1622, 1661, 1664, -1, 1664, 1661, 1686, -1, 1664, 1686, 1731, -1,
 1686, 1726, 1731, -1, 1731, 1726, 1752, -1, 1731, 1752, 1828, -1,
 1682, 1678, 1707, -1, 1707, 1678, 1743, -1, 1707, 1743, 1748, -1,
 1748, 1743, 1839, -1, 1748, 1839, 1842, -1, 1842, 1839, 1912, -1,
 1842, 1912, 1919, -1, 2042, 2044, 2030, -1, 2030, 2044, 1901, -1,
 1752, 1824, 1828, -1, 1828, 1824, 1897, -1, 1828, 1897, 1901, -1,
 1901, 1897, 1946, -1, 1901, 1946, 2030, -1, 1778, 1713, 1715, -1,
 1715, 1713, 1631, -1, 1715, 1631, 1634, -1, 1634, 1631, 1547, -1,
 1634, 1547, 1555, -1, 1555, 1547, 1444, -1, 1555, 1444, 1452, -1,
 1452, 1444, 1327, -1, 1452, 1327, 1344, -1, 1344, 1327, 1272, -1,
 1344, 1272, 1285, -1, 1285, 1272, 1167, -1, 1285, 1167, 1187, -1,
 1187, 1167, 1062, -1, 1187, 1062, 1088, -1, 1088, 1062, 969, -1,
 1088, 969, 1000, -1, 1000, 969, 869, -1, 1000, 869, 912, -1,
 912, 869, 768, -1, 912, 768, 808, -1, 808, 768, 685, -1,
 808, 685, 734, -1, 734, 685, 671, -1, 734, 671, 720, -1,
 720, 671, 608, -1, 720, 608, 664, -1, 664, 608, 560, -1,
 664, 560, 619, -1, 619, 560, 523, -1, 619, 523, 587, -1,
 587, 523, 514, -1, 587, 514, 578, -1, 578, 514, 504, -1,
 578, 504, 569, -1, 569, 504, 508, -1, 569, 508, 574, -1,
 574, 508, 529, -1, 574, 529, 589, -1, 589, 529, 568, -1,
 589, 568, 630, -1, 630, 568, 621, -1, 630, 621, 679, -1,
 679, 621, 691, -1, 679, 691, 741, -1, 741, 691, 759, -1,
 741, 759, 803, -1, 803, 759, 860, -1, 803, 860, 907, -1,
 907, 860, 961, -1, 907, 961, 990, -1, 990, 961, 1048, -1,
 990, 1048, 1078, -1, 1078, 1048, 1119, -1, 1078, 1119, 1133, -1,
 1133, 1119, 1207, -1, 1133, 1207, 1223, -1, 1223, 1207, 1288, -1,
 1223, 1288, 1301, -1, 1301, 1288, 1396, -1, 1301, 1396, 1405, -1,
 1405, 1396, 1480, -1, 1405, 1480, 1490, -1, 1490, 1480, 1530, -1,
 1490, 1530, 1537, -1, 1537, 1530, 1602, -1, 1537, 1602, 1607, -1,
 1607, 1602, 1664, -1, 1607, 1664, 1669, -1, 1669, 1664, 1731, -1,
 1669, 1731, 1734, -1, 1734, 1731, 1828, -1, 1734, 1828, 1833, -1,
 1833, 1828, 1901, -1, 1833, 1901, 1905, -1, 1905, 1901, 2044, -1,
 1905, 2044, 2048, -1, 1783, 1715, 1719, -1, 1719, 1715, 1634, -1,
 1719, 1634, 1640, -1, 1640, 1634, 1555, -1, 1640, 1555, 1563, -1,
 1563, 1555, 1452, -1, 1563, 1452, 1462, -1, 1462, 1452, 1344, -1,
 1462, 1344, 1360, -1, 1360, 1344, 1285, -1, 1360, 1285, 1302, -1,
 1302, 1285, 1187, -1, 1302, 1187, 1211, -1, 1211, 1187, 1088, -1,
 1211, 1088, 1121, -1, 1121, 1088, 1000, -1, 1121, 1000, 1031, -1,
 1031, 1000, 912, -1, 1031, 912, 957, -1, 957, 912, 808, -1,
 957, 808, 886, -1, 886, 808, 734, -1, 886, 734, 796, -1,
 796, 734, 720, -1, 796, 720, 786, -1, 786, 720, 664, -1,
 786, 664, 731, -1, 731, 664, 619, -1, 731, 619, 696, -1,
 696, 619, 587, -1, 696, 587, 659, -1, 659, 587, 578, -1,
 659, 578, 655, -1, 655, 578, 569, -1, 655, 569, 651, -1,
 651, 569, 574, -1, 651, 574, 653, -1, 653, 574, 589, -1,
 653, 589, 660, -1, 660, 589, 630, -1, 660, 630, 699, -1,
 699, 630, 679, -1, 699, 679, 743, -1, 743, 679, 741, -1,
 743, 741, 801, -1, 801, 741, 803, -1, 801, 803, 874, -1,
 874, 803, 907, -1, 874, 907, 950, -1, 950, 907, 990, -1,
 950, 990, 1024, -1, 1024, 990, 1078, -1, 1024, 1078, 1102, -1,
 1102, 1078, 1133, -1, 1102, 1133, 1157, -1, 1157, 1133, 1223, -1,
 1157, 1223, 1238, -1, 1238, 1223, 1301, -1, 1238, 1301, 1312, -1,
 1312, 1301, 1405, -1, 1312, 1405, 1416, -1, 1416, 1405, 1490, -1,
 1416, 1490, 1495, -1, 1495, 1490, 1537, -1, 1495, 1537, 1542, -1,
 1542, 1537, 1607, -1, 1542, 1607, 1609, -1, 1609, 1607, 1669, -1,
 1609, 1669, 1674, -1, 1674, 1669, 1734, -1, 1674, 1734, 1737, -1,
 1737, 1734, 1833, -1, 1737, 1833, 1835, -1, 1835, 1833, 1905, -1,
 1835, 1905, 1908, -1, 1908, 1905, 2048, -1, 1908, 2048, 2050, -1,
 1789, 1719, 1723, -1, 1723, 1719, 1640, -1, 1723, 1640, 1645, -1,
 1645, 1640, 1563, -1, 1645, 1563, 1568, -1, 1568, 1563, 1462, -1,
 1568, 1462, 1471, -1, 1471, 1462, 1360, -1, 1471, 1360, 1374, -1,
 1374, 1360, 1302, -1, 1374, 1302, 1320, -1, 1320, 1302, 1211, -1,
 1320, 1211, 1233, -1, 1233, 1211, 1121, -1, 1233, 1121, 1147, -1,
 1147, 1121, 1031, -1, 1147, 1031, 1070, -1, 1070, 1031, 957, -1,
 1070, 957, 1004, -1, 1004, 957, 886, -1, 1004, 886, 937, -1,
 937, 886, 796, -1, 937, 796, 884, -1, 884, 796, 786, -1,
 884, 786, 870, -1, 870, 786, 731, -1, 870, 731, 805, -1,
 805, 731, 696, -1, 805, 696, 774, -1, 774, 696, 659, -1,
 774, 659, 744, -1, 744, 659, 655, -1, 744, 655, 733, -1,
 733, 655, 651, -1, 733, 651, 721, -1, 721, 651, 653, -1,
 721, 653, 725, -1, 725, 653, 660, -1, 725, 660, 742, -1,
 742, 660, 699, -1, 742, 699, 777, -1, 777, 699, 743, -1,
 777, 743, 809, -1, 809, 743, 801, -1, 809, 801, 883, -1,
 883, 801, 874, -1, 883, 874, 924, -1, 924, 874, 950, -1,
 924, 950, 988, -1, 988, 950, 1024, -1, 988, 1024, 1058, -1,
 1058, 1024, 1102, -1, 1058, 1102, 1126, -1, 1126, 1102, 1157, -1,
 1126, 1157, 1170, -1, 1170, 1157, 1238, -1, 1170, 1238, 1251, -1,
 1251, 1238, 1312, -1, 1251, 1312, 1325, -1, 1325, 1312, 1416, -1,
 1325, 1416, 1426, -1, 1426, 1416, 1495, -1, 1426, 1495, 1501, -1,
 1501, 1495, 1542, -1, 1501, 1542, 1550, -1, 1550, 1542, 1609, -1,
 1550, 1609, 1613, -1, 1613, 1609, 1674, -1, 1613, 1674, 1678, -1,
 1678, 1674, 1737, -1, 1678, 1737, 1743, -1, 1743, 1737, 1835, -1,
 1743, 1835, 1839, -1, 1839, 1835, 1908, -1, 1839, 1908, 1912, -1,
 1912, 1908, 2050, -1, 1912, 2050, 2055, -1, 2055, 2057, 1912, -1,
 1912, 2057, 1957, -1, 1912, 1957, 1919, -1, 2169, 2153, 2167, -1,
 2167, 2153, 2055, -1, 2167, 2055, 2165, -1, 2165, 2055, 2050, -1,
 2165, 2050, 2162, -1, 2162, 2050, 2048, -1, 2162, 2048, 2158, -1,
 2158, 2048, 2044, -1, 2158, 2044, 2111, -1, 2111, 2044, 2042, -1,
 2664, 2665, 2594, -1, 2594, 2665, 2595, -1, 2594, 2595, 2562, -1,
 2562, 2595, 2563, -1, 2562, 2563, 2533, -1, 2533, 2563, 2534, -1,
 2533, 2534, 2463, -1, 2463, 2534, 2464, -1, 2463, 2464, 2415, -1,
 2415, 2464, 2416, -1, 2415, 2416, 2369, -1, 2369, 2416, 2370, -1,
 2369, 2370, 2220, -1, 2220, 2370, 2221, -1, 2220, 2221, 2174, -1,
 2174, 2221, 2175, -1, 2174, 2175, 2108, -1, 2108, 2175, 2109, -1,
 2108, 2109, 2081, -1, 2081, 2109, 2082, -1, 2081, 2082, 2053, -1,
 2053, 2082, 2054, -1, 2053, 2054, 1982, -1, 1982, 2054, 1983, -1,
 2836, 2850, 2851, -1, 2836, 2851, 2807, -1, 2807, 2851, 2808, -1,
 2807, 2808, 2782, -1, 2782, 2808, 2769, -1, 2782, 2769, 2771, -1,
 2665, 2664, 2673, -1, 2673, 2664, 2672, -1, 2673, 2672, 2709, -1,
 2672, 2699, 2709, -1, 2709, 2699, 2710, -1, 2709, 2710, 2753, -1,
 2753, 2710, 2754, -1, 2753, 2754, 2769, -1, 2769, 2754, 2766, -1,
 2769, 2766, 2771, -1, 3652, 3655, 3658, -1, 3221, 3219, 3220, -1,
 2265, 2368, 2470, -1, 2470, 2368, 2471, -1, 2793, 2738, 2794, -1,
 2794, 2738, 2689, -1, 2794, 2689, 2735, -1, 2735, 2689, 2590, -1,
 2735, 2590, 2589, -1, 2589, 2590, 2581, -1, 2589, 2581, 2542, -1,
 2542, 2581, 2541, -1, 2542, 2541, 2471, -1, 2471, 2541, 2480, -1,
 2471, 2480, 2470, -1, 2793, 2794, 2818, -1, 2818, 2794, 2817, -1,
 2818, 2817, 2847, -1, 2847, 2817, 2896, -1, 2847, 2896, 2897, -1,
 3077, 3036, 3091, -1, 3091, 3036, 3033, -1, 3036, 3027, 3033, -1,
 3033, 3027, 3008, -1, 3033, 3008, 2972, -1, 2972, 3008, 2973, -1,
 2972, 2973, 2967, -1, 2967, 2973, 2966, -1, 2967, 2966, 2896, -1,
 2896, 2966, 2942, -1, 2896, 2942, 2897, -1, 3220, 3219, 3209, -1,
 3209, 3219, 3211, -1, 3209, 3211, 3140, -1, 3140, 3211, 3142, -1,
 3140, 3142, 3095, -1, 3095, 3142, 3097, -1, 3095, 3097, 3091, -1,
 3091, 3097, 3089, -1, 3091, 3089, 3077, -1, 3221, 3220, 3291, -1,
 3291, 3220, 3305, -1, 3291, 3305, 3306, -1, 3306, 3305, 3372, -1,
 3306, 3372, 3366, -1, 3449, 3438, 3382, -1, 3382, 3438, 3384, -1,
 3382, 3384, 3372, -1, 3372, 3384, 3371, -1, 3372, 3371, 3366, -1,
 3504, 3503, 3493, -1, 3493, 3503, 3492, -1, 3493, 3492, 3449, -1,
 3449, 3492, 3452, -1, 3449, 3452, 3438, -1, 3621, 3618, 3616, -1,
 3621, 3616, 3614, -1, 3614, 3616, 3605, -1, 3614, 3605, 3553, -1,
 3605, 3585, 3553, -1, 3553, 3585, 3558, -1, 3553, 3558, 3504, -1,
 3504, 3558, 3511, -1, 3504, 3511, 3503, -1, 3618, 3621, 3670, -1,
 3670, 3621, 3669, -1, 3670, 3669, 3676, -1, 3780, 3798, 3794, -1,
 3794, 3786, 3780, -1, 3780, 3786, 3773, -1, 3780, 3773, 3744, -1,
 3773, 3749, 3744, -1, 3744, 3749, 3729, -1, 3744, 3729, 3723, -1,
 3723, 3729, 3722, -1, 3723, 3722, 3707, -1, 3707, 3722, 3710, -1,
 3707, 3710, 3669, -1, 3669, 3710, 3677, -1, 3669, 3677, 3676, -1,
 3835, 3824, 3819, -1, 3819, 3824, 3821, -1, 3819, 3821, 3803, -1,
 3803, 3821, 3810, -1, 3803, 3810, 3798, -1, 3798, 3810, 3796, -1,
 3798, 3796, 3794, -1, 3827, 3825, 3815, -1, 3815, 3825, 3813, -1,
 3815, 3813, 3806, -1, 3806, 3813, 3804, -1, 3806, 3804, 3800, -1,
 3800, 3804, 3801, -1, 3827, 3830, 3825, -1, 3825, 3830, 3834, -1,
 3825, 3834, 3835, -1, 3835, 3834, 3831, -1, 3835, 3831, 3824, -1,
 3739, 3746, 3747, -1, 3747, 3746, 3769, -1, 3747, 3769, 3777, -1,
 3777, 3769, 3781, -1, 3777, 3781, 3801, -1, 3801, 3781, 3799, -1,
 3801, 3799, 3800, -1, 3658, 3655, 3698, -1, 3655, 3692, 3698, -1,
 3698, 3692, 3702, -1, 3698, 3702, 3705, -1, 3705, 3702, 3739, -1,
 3705, 3739, 3742, -1, 3742, 3739, 3747, -1, 3540, 3551, 3541, -1,
 3541, 3551, 3595, -1, 3541, 3595, 3598, -1, 3598, 3595, 3625, -1,
 3598, 3625, 3658, -1, 3658, 3625, 3632, -1, 3658, 3632, 3652, -1,
 3540, 3541, 3537, -1, 3537, 3541, 3538, -1, 3537, 3538, 3474, -1,
 3474, 3538, 3469, -1, 3474, 3469, 3414, -1, 3414, 3469, 3401, -1,
 3414, 3401, 3400, -1, 3400, 3401, 3389, -1, 3389, 3401, 3393, -1,
 3389, 3393, 3320, -1, 3320, 3393, 3301, -1, 3320, 3301, 3299, -1,
 3299, 3301, 3260, -1, 3299, 3260, 3261, -1, 3261, 3260, 3227, -1,
 3261, 3227, 3226, -1, 3226, 3227, 3216, -1, 3216, 3227, 3162, -1,
 3216, 3162, 3161, -1, 3045, 3072, 3003, -1, 3003, 3072, 3001, -1,
 3003, 3001, 2997, -1, 3045, 3070, 3072, -1, 3072, 3070, 3071, -1,
 3072, 3071, 3162, -1, 3162, 3071, 3127, -1, 3162, 3127, 3161, -1,
 2997, 3001, 2939, -1, 2939, 3001, 2941, -1, 2939, 2941, 2909, -1,
 2909, 2941, 2912, -1, 2909, 2912, 2907, -1, 2907, 2912, 2851, -1,
 2907, 2851, 2850, -1, 868, 866, 880, -1, 1808, 1809, 1754, -1,
 1754, 1809, 1732, -1, 1754, 1732, 1736, -1, 1736, 1732, 1649, -1,
 1736, 1649, 1663, -1, 1663, 1649, 1627, -1, 1663, 1627, 1651, -1,
 1515, 1577, 1499, -1, 1499, 1577, 1576, -1, 1577, 1579, 1576, -1,
 1576, 1579, 1589, -1, 1576, 1589, 1627, -1, 1627, 1589, 1628, -1,
 1627, 1628, 1651, -1, 1391, 1432, 1487, -1, 1487, 1432, 1488, -1,
 1487, 1488, 1499, -1, 1499, 1488, 1500, -1, 1499, 1500, 1515, -1,
 1341, 1349, 1391, -1, 1391, 1349, 1390, -1, 1391, 1390, 1432, -1,
 1213, 1257, 1189, -1, 1189, 1257, 1255, -1, 1257, 1283, 1255, -1,
 1255, 1283, 1335, -1, 1255, 1335, 1341, -1, 1341, 1335, 1342, -1,
 1341, 1342, 1349, -1, 1083, 1109, 1065, -1, 1065, 1109, 1112, -1,
 1112, 1109, 1135, -1, 1112, 1135, 1169, -1, 1169, 1135, 1174, -1,
 1169, 1174, 1189, -1, 1189, 1174, 1190, -1, 1189, 1190, 1213, -1,
 959, 963, 962, -1, 962, 963, 996, -1, 962, 996, 997, -1,
 997, 996, 1018, -1, 997, 1018, 1046, -1, 1046, 1018, 1051, -1,
 1046, 1051, 1065, -1, 1065, 1051, 1066, -1, 1065, 1066, 1083, -1,
 959, 962, 946, -1, 946, 962, 948, -1, 946, 948, 926, -1,
 926, 948, 943, -1, 926, 943, 903, -1, 903, 943, 905, -1,
 903, 905, 887, -1, 887, 905, 876, -1, 887, 876, 877, -1,
 877, 876, 865, -1, 865, 876, 864, -1, 865, 864, 849, -1,
 849, 864, 847, -1, 849, 847, 839, -1, 819, 820, 818, -1,
 819, 818, 821, -1, 821, 818, 816, -1, 821, 816, 822, -1,
 816, 811, 822, -1, 822, 811, 810, -1, 822, 810, 825, -1,
 825, 810, 827, -1, 825, 827, 828, -1, 828, 827, 829, -1,
 828, 829, 847, -1, 847, 829, 835, -1, 847, 835, 839, -1,
 866, 868, 862, -1, 868, 859, 862, -1, 862, 859, 853, -1,
 862, 853, 844, -1, 844, 853, 837, -1, 844, 837, 819, -1,
 819, 837, 823, -1, 819, 823, 820, -1, 904, 893, 880, -1,
 880, 893, 882, -1, 880, 882, 868, -1, 964, 951, 944, -1,
 944, 951, 939, -1, 944, 939, 904, -1, 904, 939, 900, -1,
 904, 900, 893, -1, 1028, 1008, 1034, -1, 1034, 1008, 981, -1,
 981, 1008, 975, -1, 981, 975, 964, -1, 964, 975, 968, -1,
 964, 968, 951, -1, 1192, 1186, 1154, -1, 1154, 1186, 1152, -1,
 1154, 1152, 1094, -1, 1152, 1111, 1094, -1, 1094, 1111, 1091, -1,
 1094, 1091, 1074, -1, 1074, 1091, 1079, -1, 1074, 1079, 1034, -1,
 1034, 1079, 1032, -1, 1034, 1032, 1028, -1, 1336, 1271, 1269, -1,
 1269, 1271, 1265, -1, 1269, 1265, 1200, -1, 1200, 1265, 1196, -1,
 1200, 1196, 1192, -1, 1192, 1196, 1194, -1, 1192, 1194, 1186, -1,
 1474, 1463, 1434, -1, 1434, 1463, 1433, -1, 1434, 1433, 1339, -1,
 1433, 1368, 1339, -1, 1339, 1368, 1340, -1, 1339, 1340, 1336, -1,
 1336, 1340, 1338, -1, 1336, 1338, 1271, -1, 1556, 1540, 1512, -1,
 1512, 1540, 1510, -1, 1512, 1510, 1474, -1, 1474, 1510, 1475, -1,
 1474, 1475, 1463, -1, 1707, 1681, 1682, -1, 1682, 1681, 1672, -1,
 1682, 1672, 1618, -1, 1672, 1616, 1618, -1, 1618, 1616, 1601, -1,
 1618, 1601, 1591, -1, 1591, 1601, 1592, -1, 1591, 1592, 1556, -1,
 1556, 1592, 1554, -1, 1556, 1554, 1540, -1, 1957, 1923, 1919, -1,
 1919, 1923, 1913, -1, 1919, 1913, 1842, -1, 1842, 1913, 1841, -1,
 1842, 1841, 1748, -1, 1841, 1765, 1748, -1, 1748, 1765, 1747, -1,
 1748, 1747, 1707, -1, 1707, 1747, 1708, -1, 1707, 1708, 1681, -1,
 2057, 2056, 1957, -1, 1957, 2056, 1958, -1, 1957, 1958, 1923, -1,
 2169, 2368, 2265, -1, 2265, 2181, 2169, -1, 2169, 2181, 2168, -1,
 2169, 2168, 2153, -1, 2153, 2168, 2154, -1, 2153, 2154, 2057, -1,
 2057, 2154, 2063, -1, 2057, 2063, 2056, -1, 1956, 1914, 1926, -1,
 1926, 1936, 1956, -1, 1956, 1936, 1953, -1, 1956, 1953, 1983, -1,
 1983, 1953, 1976, -1, 1983, 1976, 1982, -1, 1861, 1867, 1821, -1,
 1821, 1867, 1822, -1, 1821, 1822, 1808, -1, 1808, 1822, 1809, -1,
 1861, 1866, 1867, -1, 1867, 1866, 1868, -1, 1867, 1868, 1895, -1,
 1895, 1868, 1894, -1, 1895, 1894, 1914, -1, 1914, 1894, 1910, -1,
 1914, 1910, 1926, -1, 170, 199, 141, -1, 334, 308, 397, -1,
 507, 537, 488, -1, 677, 627, 706, -1, 221, 223, 186, -1,
 1309, 1435, 1450, -1, 1526, 1605, 1611, -1, 1643, 1626, 1561, -1,
 1539, 1497, 1518, -1, 1446, 1415, 1289, -1, 1422, 1408, 1295, -1,
 292, 370, 310, -1, 222, 164, 231, -1, 96, 78, 97, -1,
 2248, 2250, 2107, -1, 1666, 1382, 1394, -1, 1394, 1382, 1263, -1,
 206, 169, 222, -1, 53, 54, 73, -1, 66, 75, 114, -1,
 2131, 2141, 2140, -1, 1978, 1977, 1994, -1, 581, 565, 515, -1,
 642, 633, 593, -1, 644, 695, 678, -1, 1730, 1760, 1750, -1,
 1899, 1961, 1951, -1, 2043, 2127, 2122, -1, 2191, 2194, 2388, -1,
 1899, 1951, 1829, -1, 1730, 1750, 1693, -1, 1619, 1558, 1575, -1,
 1575, 1600, 1619, -1, 1619, 1600, 1630, -1, 1619, 1630, 1683, -1,
 1683, 1630, 1662, -1, 1683, 1662, 1693, -1, 1478, 1389, 1419, -1,
 1419, 1483, 1478, -1, 1478, 1483, 1508, -1, 1478, 1508, 1558, -1,
 1558, 1508, 1529, -1, 1558, 1529, 1575, -1, 1294, 1202, 1216, -1,
 1216, 1292, 1294, -1, 1294, 1292, 1313, -1, 1294, 1313, 1389, -1,
 1389, 1313, 1395, -1, 1389, 1395, 1419, -1, 1053, 1106, 1099, -1,
 1099, 1106, 1118, -1, 1099, 1118, 1202, -1, 1202, 1118, 1209, -1,
 1202, 1209, 1216, -1, 979, 1049, 928, -1, 928, 1049, 1045, -1,
 790, 867, 928, -1, 928, 867, 966, -1, 928, 966, 979, -1,
 707, 765, 790, -1, 790, 765, 832, -1, 790, 832, 867, -1,
 633, 618, 593, -1, 593, 618, 537, -1, 593, 537, 588, -1,
 536, 548, 507, -1, 507, 548, 557, -1, 507, 557, 537, -1,
 537, 557, 582, -1, 537, 582, 588, -1, 530, 533, 492, -1,
 541, 528, 487, -1, 547, 543, 494, -1, 661, 607, 554, -1,
 554, 607, 601, -1, 703, 667, 661, -1, 661, 667, 641, -1,
 661, 641, 607, -1, 607, 641, 609, -1, 607, 609, 601, -1,
 745, 730, 784, -1, 784, 730, 812, -1, 917, 892, 812, -1,
 812, 892, 843, -1, 812, 843, 784, -1, 1010, 977, 917, -1,
 917, 977, 936, -1, 917, 936, 892, -1, 1101, 1077, 1010, -1,
 1010, 1077, 1027, -1, 1010, 1027, 977, -1, 1282, 1274, 1258, -1,
 1258, 1274, 1199, -1, 1258, 1199, 1178, -1, 1178, 1199, 1179, -1,
 1178, 1179, 1101, -1, 1101, 1179, 1120, -1, 1101, 1120, 1077, -1,
 1282, 1258, 1334, -1, 1334, 1258, 1343, -1, 1334, 1343, 1439, -1,
 1439, 1343, 1428, -1, 1439, 1428, 1449, -1, 1449, 1428, 1553, -1,
 1553, 1428, 1564, -1, 1553, 1564, 1570, -1, 1570, 1564, 1636, -1,
 1636, 1564, 1670, -1, 1636, 1670, 1679, -1, 1803, 1777, 1717, -1,
 1818, 1807, 1798, -1, 1798, 1807, 1803, -1, 1798, 1803, 1670, -1,
 1670, 1803, 1717, -1, 1670, 1717, 1679, -1, 1775, 1853, 1851, -1,
 1853, 1775, 1887, -1, 1887, 1775, 1770, -1, 1887, 1770, 1898, -1,
 1898, 1770, 1952, -1, 1952, 1770, 1767, -1, 1952, 1767, 1959, -1,
 1994, 1977, 2001, -1, 2001, 1977, 1973, -1, 2001, 1973, 2036, -1,
 1970, 2077, 1973, -1, 1973, 2077, 2039, -1, 1973, 2039, 2036, -1,
 1968, 2105, 1970, -1, 1970, 2105, 2089, -1, 1970, 2089, 2077, -1,
 2134, 2130, 1968, -1, 1968, 2130, 2125, -1, 1968, 2125, 2105, -1,
 2135, 2195, 2183, -1, 2236, 2137, 2244, -1, 2244, 2137, 2261, -1,
 2244, 2261, 2255, -1, 2225, 2218, 2135, -1, 2135, 2218, 2205, -1,
 2135, 2205, 2195, -1, 2264, 2262, 2140, -1, 2385, 2278, 2141, -1,
 2141, 2278, 2272, -1, 2141, 2272, 2140, -1, 2140, 2272, 2271, -1,
 2140, 2271, 2264, -1, 1827, 1974, 1972, -1, 1972, 1974, 2002, -1,
 1658, 1655, 1695, -1, 1587, 1654, 1584, -1, 1492, 1514, 1584, -1,
 1584, 1514, 1581, -1, 1584, 1581, 1587, -1, 1367, 1404, 1492, -1,
 1492, 1404, 1484, -1, 1492, 1484, 1514, -1, 1221, 1279, 1367, -1,
 1367, 1279, 1354, -1, 1367, 1354, 1404, -1, 1059, 1149, 1221, -1,
 1221, 1149, 1201, -1, 1221, 1201, 1279, -1, 857, 995, 1059, -1,
 1059, 995, 1023, -1, 1059, 1023, 1149, -1, 577, 596, 643, -1,
 643, 596, 738, -1, 643, 738, 857, -1, 857, 738, 792, -1,
 857, 792, 995, -1, 577, 643, 478, -1, 478, 643, 461, -1,
 478, 461, 421, -1, 421, 461, 387, -1, 387, 461, 344, -1,
 387, 344, 317, -1, 197, 209, 250, -1, 250, 209, 271, -1,
 250, 271, 344, -1, 344, 271, 299, -1, 344, 299, 317, -1,
 344, 278, 250, -1, 250, 278, 205, -1, 250, 205, 197, -1,
 197, 205, 152, -1, 83, 88, 138, -1, 138, 88, 111, -1,
 98, 60, 61, -1, 70, 57, 58, -1, 55, 57, 69, -1,
 69, 57, 70, -1, 69, 70, 82, -1, 97, 78, 84, -1,
 96, 56, 78, -1, 78, 56, 53, -1, 78, 53, 84, -1,
 84, 53, 73, -1, 84, 73, 86, -1, 86, 73, 76, -1,
 50, 63, 96, -1, 96, 63, 62, -1, 96, 62, 56, -1,
 51, 118, 52, -1, 52, 118, 134, -1, 52, 134, 67, -1,
 164, 81, 134, -1, 134, 81, 74, -1, 134, 74, 67, -1,
 169, 148, 222, -1, 222, 148, 108, -1, 222, 108, 164, -1,
 164, 108, 105, -1, 164, 105, 81, -1, 252, 310, 269, -1,
 269, 310, 398, -1, 269, 398, 340, -1, 511, 420, 398, -1,
 398, 420, 347, -1, 398, 347, 340, -1, 682, 503, 511, -1,
 511, 503, 456, -1, 511, 456, 420, -1, 798, 767, 881, -1,
 881, 767, 638, -1, 881, 638, 682, -1, 682, 638, 614, -1,
 682, 614, 503, -1, 798, 881, 911, -1, 911, 881, 1038, -1,
 911, 1038, 989, -1, 989, 1038, 1033, -1, 1033, 1038, 1168, -1,
 1033, 1168, 1138, -1, 1138, 1168, 1242, -1, 1242, 1168, 1295, -1,
 1242, 1295, 1263, -1, 1263, 1295, 1408, -1, 1263, 1408, 1394, -1,
 2338, 2007, 2308, -1, 2308, 2007, 2306, -1, 2306, 2007, 2307, -1,
 2307, 2007, 2009, -1, 2307, 2009, 2298, -1, 2298, 2009, 2299, -1,
 2299, 2009, 2015, -1, 2299, 2015, 2295, -1, 2291, 2290, 2018, -1,
 2018, 2290, 2294, -1, 2018, 2294, 2015, -1, 2015, 2294, 2293, -1,
 2015, 2293, 2295, -1, 2291, 2018, 2292, -1, 2292, 2018, 2021, -1,
 2292, 2021, 2296, -1, 2296, 2021, 2297, -1, 2297, 2021, 2023, -1,
 2297, 2023, 2300, -1, 2027, 2305, 2024, -1, 2024, 2305, 2304, -1,
 2304, 2303, 2024, -1, 2024, 2303, 2302, -1, 2024, 2302, 2023, -1,
 2023, 2302, 2301, -1, 2023, 2301, 2300, -1, 2315, 2314, 2031, -1,
 2031, 2314, 2313, -1, 2031, 2313, 2027, -1, 2027, 2313, 2312, -1,
 2027, 2312, 2305, -1, 2052, 2320, 2038, -1, 2038, 2320, 2319, -1,
 2319, 2322, 2038, -1, 2038, 2322, 2317, -1, 2038, 2317, 2031, -1,
 2031, 2317, 2316, -1, 2031, 2316, 2315, -1, 2309, 2311, 2052, -1,
 2052, 2311, 2321, -1, 2052, 2321, 2320, -1, 2309, 2052, 2310, -1,
 2310, 2052, 2062, -1, 2310, 2062, 2289, -1, 2284, 2283, 2065, -1,
 2283, 2286, 2065, -1, 2065, 2286, 2288, -1, 2065, 2288, 2062, -1,
 2062, 2288, 2287, -1, 2062, 2287, 2289, -1, 2275, 2274, 2070, -1,
 2070, 2274, 2273, -1, 2070, 2273, 2280, -1, 2282, 2281, 2076, -1,
 2076, 2281, 2276, -1, 2324, 2323, 2085, -1, 2085, 2323, 2285, -1,
 2251, 2257, 2099, -1, 2099, 2257, 2256, -1, 2258, 2277, 2093, -1,
 2093, 2277, 2353, -1, 2107, 2250, 2099, -1, 2099, 2250, 2249, -1,
 2099, 2249, 2251, -1, 2107, 2118, 2191, -1, 2191, 2118, 2157, -1,
 2191, 2157, 2194, -1, 2388, 2254, 2191, -1, 2191, 2254, 2253, -1,
 2191, 2253, 2107, -1, 2107, 2253, 2252, -1, 2107, 2252, 2248, -1,
 231, 164, 194, -1, 194, 164, 134, -1, 194, 134, 178, -1,
 178, 134, 118, -1, 178, 118, 137, -1, 115, 173, 137, -1,
 297, 357, 292, -1, 137, 173, 178, -1, 178, 173, 238, -1,
 178, 238, 194, -1, 194, 238, 258, -1, 194, 258, 231, -1,
 310, 370, 398, -1, 398, 370, 454, -1, 398, 454, 511, -1,
 511, 454, 590, -1, 511, 590, 682, -1, 682, 590, 758, -1,
 682, 758, 881, -1, 881, 758, 942, -1, 881, 942, 1038, -1,
 1038, 942, 1089, -1, 1038, 1089, 1168, -1, 1168, 1089, 1215, -1,
 1168, 1215, 1295, -1, 1295, 1215, 1324, -1, 1295, 1324, 1422, -1,
 1459, 1448, 1324, -1, 1324, 1448, 1436, -1, 1324, 1436, 1422, -1,
 2007, 1684, 2009, -1, 2009, 1684, 1687, -1, 2009, 1687, 2015, -1,
 2015, 1687, 1690, -1, 2015, 1690, 2018, -1, 2018, 1690, 1694, -1,
 2018, 1694, 2021, -1, 2021, 1694, 1696, -1, 2021, 1696, 2023, -1,
 2023, 1696, 1699, -1, 2023, 1699, 2024, -1, 2024, 1699, 1700, -1,
 2024, 1700, 2027, -1, 2027, 1700, 1704, -1, 2027, 1704, 2031, -1,
 1388, 1361, 1284, -1, 1284, 1361, 1248, -1, 1284, 1248, 1177, -1,
 1177, 1248, 1134, -1, 1177, 1134, 1060, -1, 1060, 1134, 1003, -1,
 1060, 1003, 922, -1, 922, 1003, 848, -1, 922, 848, 752, -1,
 752, 848, 670, -1, 752, 670, 610, -1, 610, 670, 525, -1,
 610, 525, 491, -1, 491, 525, 426, -1, 491, 426, 416, -1,
 416, 426, 357, -1, 416, 357, 362, -1, 362, 357, 297, -1,
 362, 297, 320, -1, 409, 349, 354, -1, 354, 349, 304, -1,
 354, 304, 301, -1, 301, 304, 255, -1, 301, 255, 249, -1,
 468, 409, 405, -1, 405, 409, 354, -1, 405, 354, 343, -1,
 343, 354, 301, -1, 343, 301, 286, -1, 286, 301, 249, -1,
 286, 249, 229, -1, 546, 468, 458, -1, 458, 468, 405, -1,
 458, 405, 390, -1, 390, 405, 343, -1, 390, 343, 330, -1,
 330, 343, 286, -1, 330, 286, 272, -1, 272, 286, 229, -1,
 272, 229, 217, -1, 1423, 1388, 1321, -1, 1321, 1388, 1284, -1,
 1321, 1284, 1226, -1, 1226, 1284, 1177, -1, 1226, 1177, 1117, -1,
 1117, 1177, 1060, -1, 1117, 1060, 987, -1, 987, 1060, 922, -1,
 987, 922, 852, -1, 852, 922, 752, -1, 852, 752, 700, -1,
 700, 752, 610, -1, 700, 610, 575, -1, 575, 610, 491, -1,
 575, 491, 479, -1, 479, 491, 416, -1, 479, 416, 423, -1,
 423, 416, 362, -1, 423, 362, 375, -1, 375, 362, 320, -1,
 375, 320, 294, -1, 294, 320, 265, -1, 294, 265, 193, -1,
 1453, 1423, 1362, -1, 1362, 1423, 1321, -1, 1362, 1321, 1262, -1,
 1262, 1321, 1226, -1, 1262, 1226, 1165, -1, 1165, 1226, 1117, -1,
 1165, 1117, 1055, -1, 1055, 1117, 987, -1, 1055, 987, 931, -1,
 931, 987, 852, -1, 931, 852, 785, -1, 785, 852, 700, -1,
 785, 700, 663, -1, 663, 700, 575, -1, 663, 575, 561, -1,
 561, 575, 479, -1, 561, 479, 484, -1, 484, 479, 423, -1,
 484, 423, 435, -1, 435, 423, 375, -1, 292, 357, 370, -1,
 370, 357, 426, -1, 370, 426, 454, -1, 454, 426, 525, -1,
 454, 525, 590, -1, 590, 525, 670, -1, 590, 670, 758, -1,
 758, 670, 848, -1, 758, 848, 942, -1, 942, 848, 1003, -1,
 942, 1003, 1089, -1, 1089, 1003, 1134, -1, 1089, 1134, 1215, -1,
 1215, 1134, 1248, -1, 1215, 1248, 1324, -1, 1324, 1248, 1361, -1,
 1324, 1361, 1459, -1, 1459, 1361, 1388, -1, 1459, 1388, 1482, -1,
 1482, 1388, 1423, -1, 1482, 1423, 1509, -1, 1509, 1423, 1453, -1,
 1509, 1453, 1524, -1, 435, 506, 484, -1, 484, 506, 573, -1,
 484, 573, 561, -1, 561, 573, 658, -1, 561, 658, 663, -1,
 663, 658, 761, -1, 663, 761, 785, -1, 785, 761, 896, -1,
 785, 896, 931, -1, 931, 896, 1007, -1, 931, 1007, 1055, -1,
 1055, 1007, 1123, -1, 1055, 1123, 1165, -1, 1165, 1123, 1219, -1,
 1165, 1219, 1262, -1, 1262, 1219, 1308, -1, 1262, 1308, 1362, -1,
 1362, 1308, 1401, -1, 1362, 1401, 1453, -1, 1453, 1401, 1544, -1,
 1453, 1544, 1524, -1, 2280, 2284, 2070, -1, 2070, 2284, 2065, -1,
 2070, 2065, 1764, -1, 1764, 2065, 2062, -1, 1764, 2062, 1756, -1,
 1756, 2062, 2052, -1, 1756, 2052, 1738, -1, 1738, 2052, 2038, -1,
 1738, 2038, 1721, -1, 1721, 2038, 2031, -1, 1721, 2031, 1711, -1,
 1711, 2031, 1704, -1, 1569, 1544, 1440, -1, 1440, 1544, 1401, -1,
 1440, 1401, 1356, -1, 1356, 1401, 1308, -1, 1356, 1308, 1264, -1,
 1264, 1308, 1219, -1, 1264, 1219, 1172, -1, 1172, 1219, 1123, -1,
 1172, 1123, 1082, -1, 1082, 1123, 1007, -1, 1082, 1007, 980, -1,
 980, 1007, 896, -1, 980, 896, 875, -1, 875, 896, 761, -1,
 875, 761, 757, -1, 757, 761, 658, -1, 757, 658, 668, -1,
 668, 658, 573, -1, 668, 573, 598, -1, 598, 573, 506, -1,
 1021, 972, 846, -1, 846, 972, 781, -1, 846, 781, 656, -1,
 656, 781, 603, -1, 656, 603, 496, -1, 719, 919, 863, -1,
 863, 919, 1029, -1, 1136, 1093, 1029, -1, 1176, 1136, 1021, -1,
 1021, 1136, 1029, -1, 1021, 1029, 972, -1, 972, 1029, 919, -1,
 972, 919, 781, -1, 781, 919, 719, -1, 781, 719, 603, -1,
 1442, 1377, 1415, -1, 1415, 1377, 1311, -1, 1415, 1311, 1289, -1,
 1289, 1311, 1253, -1, 1289, 1253, 1195, -1, 1596, 1507, 1527, -1,
 1527, 1507, 1409, -1, 1527, 1409, 1447, -1, 1447, 1409, 1304, -1,
 1447, 1304, 1350, -1, 1350, 1304, 1210, -1, 1350, 1210, 1249, -1,
 1249, 1210, 1107, -1, 1249, 1107, 1153, -1, 1153, 1107, 993, -1,
 1153, 993, 1045, -1, 1045, 993, 873, -1, 1045, 873, 928, -1,
 928, 873, 728, -1, 928, 728, 790, -1, 790, 728, 678, -1,
 790, 678, 707, -1, 707, 678, 695, -1, 1497, 1442, 1518, -1,
 1518, 1442, 1415, -1, 1518, 1415, 1532, -1, 1532, 1415, 1446, -1,
 1532, 1446, 1561, -1, 598, 704, 668, -1, 668, 704, 778, -1,
 668, 778, 757, -1, 757, 778, 879, -1, 757, 879, 875, -1,
 875, 879, 971, -1, 875, 971, 980, -1, 980, 971, 1061, -1,
 980, 1061, 1082, -1, 1082, 1061, 1151, -1, 1082, 1151, 1172, -1,
 1172, 1151, 1236, -1, 1172, 1236, 1264, -1, 1264, 1236, 1314, -1,
 1264, 1314, 1356, -1, 1356, 1314, 1400, -1, 1356, 1400, 1440, -1,
 1440, 1400, 1470, -1, 1440, 1470, 1569, -1, 1569, 1470, 1585, -1,
 1569, 1585, 1772, -1, 1772, 1585, 1792, -1, 1772, 1792, 2076, -1,
 2076, 1792, 2085, -1, 2076, 2085, 2282, -1, 2282, 2085, 2285, -1,
 1684, 1666, 1687, -1, 1687, 1666, 1394, -1, 1687, 1394, 1690, -1,
 1690, 1394, 1408, -1, 1690, 1408, 1694, -1, 1694, 1408, 1422, -1,
 1694, 1422, 1696, -1, 1696, 1422, 1436, -1, 1696, 1436, 1699, -1,
 1699, 1436, 1448, -1, 1699, 1448, 1700, -1, 1700, 1448, 1459, -1,
 1700, 1459, 1704, -1, 1704, 1459, 1482, -1, 1704, 1482, 1711, -1,
 1711, 1482, 1509, -1, 1711, 1509, 1721, -1, 1721, 1509, 1524, -1,
 1721, 1524, 1738, -1, 1738, 1524, 1544, -1, 1738, 1544, 1756, -1,
 1756, 1544, 1569, -1, 1756, 1569, 1764, -1, 1764, 1569, 1772, -1,
 1764, 1772, 2070, -1, 2070, 1772, 2076, -1, 2070, 2076, 2275, -1,
 2275, 2076, 2276, -1, 704, 804, 778, -1, 778, 804, 899, -1,
 778, 899, 879, -1, 879, 899, 973, -1, 879, 973, 971, -1,
 971, 973, 1056, -1, 971, 1056, 1061, -1, 1061, 1056, 1137, -1,
 1061, 1137, 1151, -1, 1151, 1137, 1217, -1, 1151, 1217, 1236, -1,
 1236, 1217, 1290, -1, 1236, 1290, 1314, -1, 1314, 1290, 1370, -1,
 1314, 1370, 1400, -1, 1400, 1370, 1445, -1, 1400, 1445, 1470, -1,
 1470, 1445, 1511, -1, 1470, 1511, 1585, -1, 1585, 1511, 1606, -1,
 1585, 1606, 1792, -1, 1792, 1606, 1820, -1, 1792, 1820, 2085, -1,
 2085, 1820, 2093, -1, 2085, 2093, 2324, -1, 2324, 2093, 2353, -1,
 804, 927, 899, -1, 899, 927, 998, -1, 899, 998, 973, -1,
 973, 998, 1064, -1, 973, 1064, 1056, -1, 1056, 1064, 1141, -1,
 1056, 1141, 1137, -1, 1137, 1141, 1212, -1, 1137, 1212, 1217, -1,
 1217, 1212, 1276, -1, 1217, 1276, 1290, -1, 1290, 1276, 1353, -1,
 1290, 1353, 1370, -1, 1370, 1353, 1424, -1, 1370, 1424, 1445, -1,
 1445, 1424, 1486, -1, 1445, 1486, 1511, -1, 1511, 1486, 1533, -1,
 1511, 1533, 1606, -1, 1606, 1533, 1625, -1, 1606, 1625, 1820, -1,
 1820, 1625, 1847, -1, 1820, 1847, 2093, -1, 2093, 1847, 2099, -1,
 2093, 2099, 2258, -1, 2258, 2099, 2256, -1, 1155, 1195, 1218, -1,
 1218, 1195, 1253, -1, 1218, 1253, 1278, -1, 1278, 1253, 1311, -1,
 1278, 1311, 1348, -1, 1348, 1311, 1377, -1, 1348, 1377, 1413, -1,
 1413, 1377, 1442, -1, 1413, 1442, 1468, -1, 1468, 1442, 1497, -1,
 1468, 1497, 1522, -1, 1522, 1497, 1539, -1, 1522, 1539, 1571, -1,
 1561, 1626, 1532, -1, 1532, 1626, 1614, -1, 1532, 1614, 1518, -1,
 1518, 1614, 1597, -1, 1518, 1597, 1539, -1, 1539, 1597, 1583, -1,
 1539, 1583, 1571, -1, 1657, 1643, 1578, -1, 1578, 1643, 1561, -1,
 1578, 1561, 1472, -1, 1472, 1561, 1446, -1, 1472, 1446, 1328, -1,
 1328, 1446, 1289, -1, 1328, 1289, 1176, -1, 1176, 1289, 1195, -1,
 1176, 1195, 1136, -1, 1136, 1195, 1155, -1, 1136, 1155, 1093, -1,
 1683, 1596, 1619, -1, 1619, 1596, 1527, -1, 1619, 1527, 1558, -1,
 1558, 1527, 1447, -1, 1558, 1447, 1478, -1, 1478, 1447, 1350, -1,
 1478, 1350, 1389, -1, 1389, 1350, 1249, -1, 1389, 1249, 1294, -1,
 1294, 1249, 1153, -1, 1294, 1153, 1202, -1, 1202, 1153, 1045, -1,
 1202, 1045, 1099, -1, 1099, 1045, 1049, -1, 1099, 1049, 1053, -1,
 1647, 1571, 1656, -1, 1656, 1571, 1583, -1, 1656, 1583, 1676, -1,
 1676, 1583, 1597, -1, 1676, 1597, 1689, -1, 1689, 1597, 1614, -1,
 1689, 1614, 1697, -1, 1697, 1614, 1626, -1, 1697, 1626, 1705, -1,
 1705, 1626, 1643, -1, 1705, 1643, 1722, -1, 1722, 1643, 1657, -1,
 1722, 1657, 1750, -1, 2011, 1872, 1883, -1, 1883, 1900, 2011, -1,
 2011, 1900, 1922, -1, 2011, 1922, 2029, -1, 1922, 1938, 2029, -1,
 2029, 1938, 1951, -1, 2029, 1951, 2122, -1, 2122, 1951, 1961, -1,
 2122, 1961, 2043, -1, 1847, 1872, 2099, -1, 2099, 1872, 2011, -1,
 2099, 2011, 2107, -1, 2107, 2011, 2029, -1, 2107, 2029, 2118, -1,
 2118, 2029, 2122, -1, 2118, 2122, 2157, -1, 2157, 2122, 2127, -1,
 1605, 1753, 1757, -1, 1959, 1767, 1978, -1, 1978, 1767, 1763, -1,
 1978, 1763, 1977, -1, 1977, 1763, 1759, -1, 1977, 1759, 1973, -1,
 1973, 1759, 1757, -1, 1973, 1757, 1970, -1, 1970, 1757, 1753, -1,
 1970, 1753, 1968, -1, 1481, 1464, 1549, -1, 1549, 1464, 1450, -1,
 1549, 1450, 1534, -1, 1534, 1450, 1435, -1, 1534, 1435, 1526, -1,
 309, 266, 350, -1, 350, 266, 313, -1, 350, 313, 412, -1,
 412, 313, 369, -1, 412, 369, 490, -1, 490, 369, 439, -1,
 490, 439, 612, -1, 612, 439, 553, -1, 612, 553, 763, -1,
 763, 553, 710, -1, 763, 710, 934, -1, 934, 710, 890, -1,
 934, 890, 1084, -1, 1084, 890, 1043, -1, 1084, 1043, 1214, -1,
 1214, 1043, 1184, -1, 352, 309, 392, -1, 392, 309, 350, -1,
 392, 350, 455, -1, 455, 350, 412, -1, 455, 412, 552, -1,
 552, 412, 490, -1, 552, 490, 681, -1, 681, 490, 612, -1,
 681, 612, 834, -1, 834, 612, 763, -1, 834, 763, 984, -1,
 984, 763, 934, -1, 984, 934, 1125, -1, 1125, 934, 1084, -1,
 1125, 1084, 1241, -1, 1241, 1084, 1214, -1, 650, 546, 534, -1,
 534, 546, 458, -1, 534, 458, 441, -1, 441, 458, 390, -1,
 441, 390, 378, -1, 378, 390, 330, -1, 378, 330, 318, -1,
 318, 330, 272, -1, 318, 272, 256, -1, 256, 272, 217, -1,
 256, 217, 214, -1, 400, 352, 443, -1, 443, 352, 392, -1,
 443, 392, 518, -1, 518, 392, 455, -1, 518, 455, 631, -1,
 631, 455, 552, -1, 631, 552, 753, -1, 753, 552, 681, -1,
 753, 681, 908, -1, 908, 681, 834, -1, 908, 834, 1039, -1,
 1039, 834, 984, -1, 1039, 984, 1159, -1, 1159, 984, 1125, -1,
 1159, 1125, 1270, -1, 1270, 1125, 1241, -1, 863, 747, 719, -1,
 719, 747, 625, -1, 719, 625, 603, -1, 603, 625, 510, -1,
 603, 510, 496, -1, 496, 510, 429, -1, 496, 429, 418, -1,
 418, 429, 365, -1, 418, 365, 355, -1, 355, 365, 305, -1,
 355, 305, 307, -1, 307, 305, 253, -1, 307, 253, 283, -1,
 283, 253, 239, -1, 283, 239, 277, -1, 747, 650, 625, -1,
 625, 650, 534, -1, 625, 534, 510, -1, 510, 534, 441, -1,
 510, 441, 429, -1, 429, 441, 378, -1, 429, 378, 365, -1,
 365, 378, 318, -1, 365, 318, 305, -1, 305, 318, 256, -1,
 305, 256, 253, -1, 253, 256, 214, -1, 253, 214, 239, -1,
 451, 400, 509, -1, 509, 400, 443, -1, 509, 443, 600, -1,
 600, 443, 518, -1, 600, 518, 713, -1, 713, 518, 631, -1,
 713, 631, 851, -1, 851, 631, 753, -1, 851, 753, 974, -1,
 974, 753, 908, -1, 974, 908, 1095, -1, 1095, 908, 1039, -1,
 1095, 1039, 1204, -1, 1204, 1039, 1159, -1, 1204, 1159, 1305, -1,
 1305, 1159, 1270, -1, 1526, 1611, 1534, -1, 1534, 1611, 1620, -1,
 1534, 1620, 1549, -1, 1549, 1620, 1624, -1, 1549, 1624, 1481, -1,
 1481, 1624, 1633, -1, 1481, 1633, 1502, -1, 1502, 1633, 1644, -1,
 1502, 1644, 1520, -1, 1520, 1644, 1653, -1, 1520, 1653, 1535, -1,
 1309, 1450, 1330, -1, 1330, 1450, 1464, -1, 1330, 1464, 1358, -1,
 1358, 1464, 1481, -1, 1358, 1481, 1379, -1, 1379, 1481, 1502, -1,
 1379, 1502, 1410, -1, 1410, 1502, 1520, -1, 1410, 1520, 1441, -1,
 1441, 1520, 1535, -1, 1441, 1535, 1381, -1, 1605, 1757, 1611, -1,
 1611, 1757, 1759, -1, 1611, 1759, 1620, -1, 1620, 1759, 1763, -1,
 1620, 1763, 1624, -1, 1624, 1763, 1767, -1, 1624, 1767, 1633, -1,
 1633, 1767, 1770, -1, 1633, 1770, 1644, -1, 1644, 1770, 1775, -1,
 1644, 1775, 1653, -1, 374, 413, 471, -1, 527, 451, 599, -1,
 599, 451, 509, -1, 599, 509, 697, -1, 697, 509, 600, -1,
 697, 600, 802, -1, 802, 600, 713, -1, 802, 713, 932, -1,
 932, 713, 851, -1, 932, 851, 1041, -1, 1041, 851, 974, -1,
 1041, 974, 1148, -1, 1148, 974, 1095, -1, 1148, 1095, 1247, -1,
 1247, 1095, 1204, -1, 1247, 1204, 1347, -1, 1347, 1204, 1305, -1,
 627, 527, 706, -1, 706, 527, 599, -1, 706, 599, 795, -1,
 795, 599, 697, -1, 795, 697, 915, -1, 915, 697, 802, -1,
 915, 802, 1016, -1, 1016, 802, 932, -1, 1016, 932, 1116, -1,
 1116, 932, 1041, -1, 1116, 1041, 1206, -1, 1206, 1041, 1148, -1,
 1206, 1148, 1291, -1, 1291, 1148, 1247, -1, 1291, 1247, 1381, -1,
 1381, 1247, 1347, -1, 1381, 1347, 1441, -1, 1441, 1347, 1305, -1,
 1441, 1305, 1410, -1, 1410, 1305, 1270, -1, 1410, 1270, 1379, -1,
 1379, 1270, 1241, -1, 1379, 1241, 1358, -1, 1358, 1241, 1214, -1,
 1358, 1214, 1330, -1, 1330, 1214, 1184, -1, 1330, 1184, 1309, -1,
 528, 530, 487, -1, 487, 530, 492, -1, 487, 492, 447, -1,
 447, 492, 465, -1, 447, 465, 393, -1, 565, 547, 515, -1,
 515, 547, 494, -1, 515, 494, 452, -1, 452, 494, 444, -1,
 452, 444, 381, -1, 381, 444, 383, -1, 381, 383, 328, -1,
 328, 383, 337, -1, 1224, 1068, 1122, -1, 1122, 1068, 955, -1,
 1122, 955, 1005, -1, 1005, 955, 815, -1, 1005, 815, 889, -1,
 889, 815, 688, -1, 889, 688, 740, -1, 740, 688, 567, -1,
 740, 567, 616, -1, 616, 567, 474, -1, 616, 474, 513, -1,
 513, 474, 419, -1, 513, 419, 445, -1, 1068, 902, 955, -1,
 955, 902, 760, -1, 955, 760, 815, -1, 815, 760, 639, -1,
 815, 639, 688, -1, 688, 639, 517, -1, 688, 517, 567, -1,
 567, 517, 436, -1, 567, 436, 474, -1, 474, 436, 382, -1,
 474, 382, 419, -1, 419, 382, 393, -1, 419, 393, 445, -1,
 445, 393, 465, -1, 223, 221, 276, -1, 276, 221, 280, -1,
 276, 280, 332, -1, 332, 280, 348, -1, 332, 348, 410, -1,
 410, 348, 432, -1, 410, 432, 505, -1, 505, 432, 558, -1,
 505, 558, 606, -1, 601, 581, 554, -1, 554, 581, 515, -1,
 554, 515, 475, -1, 475, 515, 452, -1, 475, 452, 386, -1,
 386, 452, 381, -1, 386, 381, 325, -1, 325, 381, 328, -1,
 730, 677, 812, -1, 812, 677, 706, -1, 812, 706, 917, -1,
 917, 706, 795, -1, 917, 795, 1010, -1, 1010, 795, 915, -1,
 1010, 915, 1101, -1, 1101, 915, 1016, -1, 1101, 1016, 1178, -1,
 1178, 1016, 1116, -1, 1178, 1116, 1258, -1, 1258, 1116, 1206, -1,
 1258, 1206, 1343, -1, 1343, 1206, 1291, -1, 1343, 1291, 1428, -1,
 1428, 1291, 1381, -1, 1428, 1381, 1564, -1, 1564, 1381, 1535, -1,
 1564, 1535, 1670, -1, 1670, 1535, 1653, -1, 1670, 1653, 1798, -1,
 1798, 1653, 1775, -1, 1798, 1775, 1818, -1, 1818, 1775, 1851, -1,
 543, 541, 494, -1, 494, 541, 487, -1, 494, 487, 444, -1,
 444, 487, 447, -1, 444, 447, 383, -1, 383, 447, 393, -1,
 383, 393, 337, -1, 337, 393, 382, -1, 337, 382, 361, -1,
 361, 382, 436, -1, 361, 436, 411, -1, 411, 436, 517, -1,
 411, 517, 480, -1, 480, 517, 639, -1, 480, 639, 580, -1,
 580, 639, 760, -1, 580, 760, 709, -1, 709, 760, 902, -1,
 488, 537, 564, -1, 564, 537, 618, -1, 564, 618, 673, -1,
 642, 644, 633, -1, 633, 644, 678, -1, 633, 678, 618, -1,
 618, 678, 728, -1, 618, 728, 673, -1, 673, 728, 873, -1,
 673, 873, 797, -1, 797, 873, 993, -1, 797, 993, 941, -1,
 941, 993, 1107, -1, 941, 1107, 1057, -1, 1057, 1107, 1210, -1,
 1057, 1210, 1162, -1, 1162, 1210, 1304, -1, 1162, 1304, 1261, -1,
 1261, 1304, 1409, -1, 1261, 1409, 1371, -1, 1371, 1409, 1507, -1,
 1371, 1224, 1261, -1, 1261, 1224, 1122, -1, 1261, 1122, 1162, -1,
 1162, 1122, 1005, -1, 1162, 1005, 1057, -1, 1057, 1005, 889, -1,
 1057, 889, 941, -1, 941, 889, 740, -1, 941, 740, 797, -1,
 797, 740, 616, -1, 797, 616, 673, -1, 673, 616, 513, -1,
 673, 513, 564, -1, 564, 513, 445, -1, 564, 445, 488, -1,
 488, 445, 465, -1, 488, 465, 507, -1, 507, 465, 492, -1,
 507, 492, 536, -1, 536, 492, 533, -1, 1693, 1750, 1683, -1,
 1683, 1750, 1657, -1, 1683, 1657, 1596, -1, 1596, 1657, 1578, -1,
 1596, 1578, 1507, -1, 1507, 1578, 1472, -1, 1507, 1472, 1371, -1,
 1371, 1472, 1328, -1, 1371, 1328, 1224, -1, 1224, 1328, 1176, -1,
 1224, 1176, 1068, -1, 1068, 1176, 1021, -1, 1068, 1021, 902, -1,
 902, 1021, 846, -1, 902, 846, 709, -1, 709, 846, 656, -1,
 709, 656, 580, -1, 580, 656, 496, -1, 580, 496, 480, -1,
 480, 496, 418, -1, 480, 418, 411, -1, 411, 418, 355, -1,
 411, 355, 361, -1, 361, 355, 307, -1, 361, 307, 337, -1,
 337, 307, 283, -1, 337, 283, 328, -1, 328, 283, 277, -1,
 328, 277, 325, -1, 1967, 1745, 1742, -1, 2002, 2131, 1972, -1,
 1972, 2131, 2140, -1, 1972, 2140, 2137, -1, 2137, 2140, 2262, -1,
 2137, 2262, 2261, -1, 1749, 1745, 1966, -1, 1966, 1745, 1967, -1,
 1966, 1967, 2135, -1, 1740, 1827, 1742, -1, 1742, 1827, 1972, -1,
 1742, 1972, 1967, -1, 1967, 1972, 2137, -1, 1967, 2137, 2135, -1,
 2135, 2137, 2236, -1, 2135, 2236, 2225, -1, 308, 278, 397, -1,
 397, 278, 344, -1, 397, 344, 521, -1, 521, 344, 461, -1,
 521, 461, 705, -1, 705, 461, 643, -1, 705, 643, 916, -1,
 916, 643, 857, -1, 916, 857, 1097, -1, 1097, 857, 1059, -1,
 1097, 1059, 1246, -1, 1246, 1059, 1221, -1, 1246, 1221, 1383, -1,
 1383, 1221, 1367, -1, 1383, 1367, 1505, -1, 1505, 1367, 1492, -1,
 1505, 1492, 1590, -1, 1590, 1492, 1584, -1, 1590, 1584, 1658, -1,
 1658, 1584, 1654, -1, 1658, 1654, 1655, -1, 196, 138, 167, -1,
 167, 138, 111, -1, 167, 111, 113, -1, 196, 195, 138, -1,
 138, 195, 114, -1, 138, 114, 83, -1, 83, 114, 75, -1,
 143, 104, 121, -1, 121, 104, 89, -1, 121, 89, 98, -1,
 98, 89, 80, -1, 98, 80, 60, -1, 60, 80, 59, -1,
 371, 334, 459, -1, 459, 334, 397, -1, 459, 397, 604, -1,
 604, 397, 521, -1, 604, 521, 782, -1, 782, 521, 705, -1,
 782, 705, 978, -1, 978, 705, 916, -1, 978, 916, 1139, -1,
 1139, 916, 1097, -1, 1139, 1097, 1273, -1, 1273, 1097, 1246, -1,
 1273, 1246, 1406, -1, 1406, 1246, 1383, -1, 1406, 1383, 1516, -1,
 1516, 1383, 1505, -1, 1516, 1505, 1595, -1, 1595, 1505, 1590, -1,
 291, 260, 259, -1, 259, 260, 195, -1, 259, 195, 220, -1,
 220, 195, 196, -1, 371, 291, 334, -1, 334, 291, 259, -1,
 334, 259, 308, -1, 308, 259, 220, -1, 308, 220, 278, -1,
 278, 220, 196, -1, 278, 196, 205, -1, 205, 196, 167, -1,
 205, 167, 152, -1, 152, 167, 113, -1, 234, 199, 204, -1,
 204, 199, 170, -1, 204, 170, 172, -1, 270, 260, 327, -1,
 327, 260, 291, -1, 327, 291, 406, -1, 406, 291, 371, -1,
 406, 371, 499, -1, 499, 371, 459, -1, 499, 459, 654, -1,
 654, 459, 604, -1, 654, 604, 831, -1, 831, 604, 782, -1,
 831, 782, 1011, -1, 1011, 782, 978, -1, 1011, 978, 1160, -1,
 1160, 978, 1139, -1, 1160, 1139, 1287, -1, 1287, 1139, 1273, -1,
 1287, 1273, 1420, -1, 1420, 1273, 1406, -1, 1420, 1406, 1521, -1,
 1521, 1406, 1516, -1, 1521, 1516, 1599, -1, 1599, 1516, 1595, -1,
 1599, 1595, 1749, -1, 1749, 1595, 1590, -1, 1749, 1590, 1745, -1,
 1745, 1590, 1658, -1, 1745, 1658, 1742, -1, 1742, 1658, 1695, -1,
 1742, 1695, 1740, -1, 316, 236, 268, -1, 268, 236, 201, -1,
 268, 201, 227, -1, 227, 201, 168, -1, 227, 168, 225, -1,
 236, 175, 201, -1, 201, 175, 146, -1, 201, 146, 168, -1,
 168, 146, 141, -1, 168, 141, 225, -1, 225, 141, 199, -1,
 225, 199, 270, -1, 270, 199, 234, -1, 270, 234, 260, -1,
 260, 234, 204, -1, 260, 204, 195, -1, 195, 204, 172, -1,
 195, 172, 114, -1, 143, 124, 104, -1, 104, 124, 82, -1,
 104, 82, 89, -1, 89, 82, 70, -1, 89, 70, 80, -1,
 80, 70, 58, -1, 80, 58, 59, -1, 54, 55, 73, -1,
 73, 55, 69, -1, 73, 69, 76, -1, 76, 69, 82, -1,
 76, 82, 107, -1, 107, 82, 124, -1, 322, 215, 235, -1,
 235, 215, 177, -1, 235, 177, 211, -1, 211, 177, 166, -1,
 211, 166, 200, -1, 200, 166, 153, -1, 200, 153, 182, -1,
 182, 153, 144, -1, 182, 144, 174, -1, 174, 144, 151, -1,
 174, 151, 186, -1, 186, 151, 183, -1, 186, 183, 221, -1,
 221, 183, 233, -1, 221, 233, 280, -1, 280, 233, 298, -1,
 280, 298, 348, -1, 348, 298, 374, -1, 348, 374, 432, -1,
 432, 374, 471, -1, 432, 471, 558, -1, 413, 374, 324, -1,
 324, 374, 298, -1, 324, 298, 251, -1, 251, 298, 233, -1,
 251, 233, 192, -1, 192, 233, 183, -1, 192, 183, 149, -1,
 149, 183, 151, -1, 149, 151, 127, -1, 127, 151, 144, -1,
 127, 144, 122, -1, 122, 144, 153, -1, 122, 153, 133, -1,
 133, 153, 166, -1, 133, 166, 140, -1, 140, 166, 177, -1,
 140, 177, 193, -1, 193, 177, 215, -1, 193, 215, 294, -1,
 294, 215, 322, -1, 294, 322, 375, -1, 61, 66, 98, -1,
 98, 66, 114, -1, 98, 114, 121, -1, 121, 114, 172, -1,
 121, 172, 143, -1, 143, 172, 170, -1, 143, 170, 124, -1,
 124, 170, 141, -1, 124, 141, 107, -1, 107, 141, 146, -1,
 107, 146, 135, -1, 135, 146, 175, -1, 252, 206, 310, -1,
 310, 206, 222, -1, 310, 222, 292, -1, 292, 222, 231, -1,
 292, 231, 297, -1, 297, 231, 258, -1, 297, 258, 320, -1,
 320, 258, 238, -1, 320, 238, 265, -1, 265, 238, 173, -1,
 265, 173, 193, -1, 193, 173, 115, -1, 193, 115, 140, -1,
 140, 115, 109, -1, 140, 109, 133, -1, 133, 109, 100, -1,
 133, 100, 122, -1, 122, 100, 103, -1, 122, 103, 127, -1,
 127, 103, 126, -1, 127, 126, 149, -1, 149, 126, 157, -1,
 149, 157, 192, -1, 192, 157, 210, -1, 192, 210, 251, -1,
 251, 210, 279, -1, 251, 279, 324, -1, 324, 279, 363, -1,
 324, 363, 413, -1, 51, 50, 118, -1, 118, 50, 96, -1,
 118, 96, 137, -1, 137, 96, 97, -1, 137, 97, 115, -1,
 115, 97, 84, -1, 115, 84, 109, -1, 109, 84, 86, -1,
 109, 86, 100, -1, 100, 86, 76, -1, 100, 76, 103, -1,
 103, 76, 107, -1, 103, 107, 126, -1, 126, 107, 135, -1,
 126, 135, 157, -1, 157, 135, 175, -1, 157, 175, 210, -1,
 210, 175, 236, -1, 210, 236, 279, -1, 279, 236, 316, -1,
 279, 316, 363, -1, 730, 606, 677, -1, 677, 606, 558, -1,
 677, 558, 627, -1, 627, 558, 471, -1, 627, 471, 527, -1,
 527, 471, 413, -1, 527, 413, 451, -1, 451, 413, 363, -1,
 451, 363, 400, -1, 400, 363, 316, -1, 400, 316, 352, -1,
 352, 316, 268, -1, 352, 268, 309, -1, 309, 268, 227, -1,
 309, 227, 266, -1, 266, 227, 225, -1, 266, 225, 313, -1,
 313, 225, 270, -1, 313, 270, 369, -1, 369, 270, 327, -1,
 369, 327, 439, -1, 439, 327, 406, -1, 439, 406, 553, -1,
 553, 406, 499, -1, 553, 499, 710, -1, 710, 499, 654, -1,
 710, 654, 890, -1, 890, 654, 831, -1, 890, 831, 1043, -1,
 1043, 831, 1011, -1, 1043, 1011, 1184, -1, 1184, 1011, 1160, -1,
 1184, 1160, 1309, -1, 1309, 1160, 1287, -1, 1309, 1287, 1435, -1,
 1435, 1287, 1420, -1, 1435, 1420, 1526, -1, 1526, 1420, 1521, -1,
 1526, 1521, 1605, -1, 1605, 1521, 1599, -1, 1605, 1599, 1753, -1,
 1753, 1599, 1749, -1, 1753, 1749, 1968, -1, 1968, 1749, 1966, -1,
 1968, 1966, 2134, -1, 2134, 1966, 2135, -1, 2134, 2135, 2163, -1,
 2163, 2135, 2183, -1, 745, 703, 730, -1, 730, 703, 661, -1,
 730, 661, 606, -1, 606, 661, 554, -1, 606, 554, 505, -1,
 505, 554, 475, -1, 505, 475, 410, -1, 410, 475, 386, -1,
 410, 386, 332, -1, 332, 386, 325, -1, 332, 325, 276, -1,
 276, 325, 277, -1, 276, 277, 223, -1, 223, 277, 239, -1,
 223, 239, 186, -1, 186, 239, 214, -1, 186, 214, 174, -1,
 174, 214, 217, -1, 174, 217, 182, -1, 182, 217, 229, -1,
 182, 229, 200, -1, 200, 229, 249, -1, 200, 249, 211, -1,
 211, 249, 255, -1, 211, 255, 235, -1, 235, 255, 304, -1,
 235, 304, 322, -1, 322, 304, 349, -1, 322, 349, 375, -1,
 375, 349, 409, -1, 375, 409, 435, -1, 435, 409, 468, -1,
 435, 468, 506, -1, 506, 468, 546, -1, 506, 546, 598, -1,
 598, 546, 650, -1, 598, 650, 704, -1, 704, 650, 747, -1,
 704, 747, 804, -1, 804, 747, 863, -1, 804, 863, 927, -1,
 927, 863, 1029, -1, 927, 1029, 998, -1, 998, 1029, 1093, -1,
 998, 1093, 1064, -1, 1064, 1093, 1155, -1, 1064, 1155, 1141, -1,
 1141, 1155, 1218, -1, 1141, 1218, 1212, -1, 1212, 1218, 1278, -1,
 1212, 1278, 1276, -1, 1276, 1278, 1348, -1, 1276, 1348, 1353, -1,
 1353, 1348, 1413, -1, 1353, 1413, 1424, -1, 1424, 1413, 1468, -1,
 1424, 1468, 1486, -1, 1486, 1468, 1522, -1, 1486, 1522, 1533, -1,
 1533, 1522, 1571, -1, 1533, 1571, 1625, -1, 1625, 1571, 1647, -1,
 1625, 1647, 1847, -1, 1847, 1647, 1656, -1, 1847, 1656, 1872, -1,
 1872, 1656, 1676, -1, 1872, 1676, 1883, -1, 1883, 1676, 1689, -1,
 1883, 1689, 1900, -1, 1900, 1689, 1697, -1, 1900, 1697, 1922, -1,
 1922, 1697, 1705, -1, 1922, 1705, 1938, -1, 1938, 1705, 1722, -1,
 1938, 1722, 1951, -1, 1951, 1722, 1750, -1, 1951, 1750, 1829, -1,
 1829, 1750, 1760, -1, 4500, 4509, 4487, -1, 4401, 4433, 4460, -1,
 4327, 4298, 4213, -1, 4433, 4401, 4397, -1, 3113, 3000, 3014, -1,
 4357, 4333, 4281, -1, 4368, 4363, 4414, -1, 3063, 3074, 2999, -1,
 3200, 3267, 3296, -1, 3296, 3267, 3363, -1, 3326, 3388, 3428, -1,
 3428, 3388, 3485, -1, 3904, 3960, 3836, -1, 2944, 2952, 2623, -1,
 2623, 2952, 2625, -1, 4569, 4531, 4512, -1, 4577, 4578, 4543, -1,
 2985, 2969, 2964, -1, 3779, 3795, 3842, -1, 4047, 4044, 4042, -1,
 3860, 3841, 3854, -1, 2929, 2879, 2881, -1, 2438, 2432, 2524, -1,
 2406, 2398, 2520, -1, 2406, 2520, 2414, -1, 2398, 2255, 2261, -1,
 2438, 2524, 2450, -1, 2506, 2488, 2524, -1, 2524, 2488, 2459, -1,
 2524, 2459, 2450, -1, 2711, 2556, 2714, -1, 2714, 2556, 2536, -1,
 2714, 2536, 2527, -1, 2527, 2536, 2528, -1, 2527, 2528, 2509, -1,
 2703, 2597, 2711, -1, 2711, 2597, 2565, -1, 2711, 2565, 2556, -1,
 2698, 2620, 2703, -1, 2703, 2620, 2611, -1, 2703, 2611, 2597, -1,
 2692, 2684, 2694, -1, 2694, 2684, 2669, -1, 2694, 2669, 2698, -1,
 2698, 2669, 2652, -1, 2698, 2652, 2620, -1, 2723, 2899, 2758, -1,
 2758, 2899, 2892, -1, 2758, 2892, 2784, -1, 2784, 2892, 2887, -1,
 2784, 2887, 2796, -1, 2796, 2887, 2806, -1, 2806, 2887, 2841, -1,
 2841, 2887, 2881, -1, 2841, 2881, 2852, -1, 2852, 2881, 2879, -1,
 2852, 2879, 2873, -1, 3113, 3102, 3098, -1, 3113, 3098, 3000, -1,
 3000, 3098, 3016, -1, 3000, 3016, 2995, -1, 3102, 3113, 3199, -1,
 3199, 3113, 3249, -1, 3199, 3249, 3235, -1, 3235, 3249, 3310, -1,
 3310, 3249, 3334, -1, 3310, 3334, 3364, -1, 3364, 3334, 3396, -1,
 3396, 3334, 3410, -1, 3396, 3410, 3466, -1, 3466, 3410, 3488, -1,
 3466, 3488, 3476, -1, 3476, 3488, 3574, -1, 3476, 3574, 3555, -1,
 3667, 3642, 3574, -1, 3574, 3642, 3571, -1, 3574, 3571, 3555, -1,
 3854, 3841, 3753, -1, 3841, 3757, 3753, -1, 3753, 3757, 3732, -1,
 3753, 3732, 3667, -1, 3667, 3732, 3674, -1, 3667, 3674, 3642, -1,
 4039, 4005, 3992, -1, 3992, 4005, 3989, -1, 3992, 3989, 3934, -1,
 3934, 3989, 3943, -1, 3934, 3943, 3926, -1, 4136, 4085, 4096, -1,
 4096, 4085, 4061, -1, 4154, 4108, 4102, -1, 4154, 4102, 4136, -1,
 4136, 4102, 4094, -1, 4136, 4094, 4085, -1, 4108, 4154, 4117, -1,
 4117, 4154, 4157, -1, 4117, 4157, 4113, -1, 4113, 4157, 4110, -1,
 4110, 4157, 4149, -1, 4110, 4149, 4103, -1, 4103, 4149, 4093, -1,
 4093, 4149, 4133, -1, 4093, 4133, 4081, -1, 4081, 4133, 4060, -1,
 4060, 4133, 4098, -1, 4060, 4098, 4047, -1, 4042, 4044, 4004, -1,
 4047, 4098, 4044, -1, 4044, 4098, 3958, -1, 4044, 3958, 4004, -1,
 3886, 3941, 3958, -1, 3958, 3941, 3942, -1, 3958, 3942, 4004, -1,
 3779, 3842, 3682, -1, 3682, 3842, 3706, -1, 3682, 3706, 3662, -1,
 3532, 3593, 3539, -1, 3539, 3593, 3597, -1, 3444, 3431, 3440, -1,
 3444, 3440, 3539, -1, 3539, 3440, 3530, -1, 3539, 3530, 3532, -1,
 3431, 3444, 3358, -1, 3358, 3444, 3348, -1, 3358, 3348, 3324, -1,
 3324, 3348, 3257, -1, 3257, 3348, 3252, -1, 3257, 3252, 3222, -1,
 3222, 3252, 3166, -1, 3166, 3252, 3163, -1, 3166, 3163, 3138, -1,
 3138, 3163, 3121, -1, 3121, 3163, 3088, -1, 3121, 3088, 3069, -1,
 3069, 3088, 3051, -1, 3051, 3088, 3031, -1, 3051, 3031, 3020, -1,
 3020, 3031, 2988, -1, 2988, 3031, 2970, -1, 2988, 2970, 2959, -1,
 2959, 2970, 2914, -1, 2914, 2970, 2893, -1, 2914, 2893, 2886, -1,
 2606, 2679, 2686, -1, 2686, 2679, 2757, -1, 2686, 2757, 2893, -1,
 2893, 2757, 2832, -1, 2893, 2832, 2886, -1, 2254, 2388, 2444, -1,
 2249, 2250, 2448, -1, 2250, 2248, 2448, -1, 2448, 2248, 2252, -1,
 2448, 2252, 2444, -1, 2444, 2252, 2253, -1, 2444, 2253, 2254, -1,
 2251, 2249, 2535, -1, 2535, 2249, 2448, -1, 2535, 2448, 2519, -1,
 2519, 2448, 2444, -1, 2519, 2444, 2479, -1, 2323, 2324, 2544, -1,
 2544, 2324, 2353, -1, 2544, 2353, 2277, -1, 2277, 2258, 2544, -1,
 2544, 2258, 2256, -1, 2544, 2256, 2535, -1, 2535, 2256, 2257, -1,
 2535, 2257, 2251, -1, 2281, 2282, 2550, -1, 2550, 2282, 2285, -1,
 2274, 2275, 2558, -1, 2558, 2275, 2276, -1, 2283, 2284, 2568, -1,
 2568, 2284, 2280, -1, 2568, 2280, 2273, -1, 2287, 2288, 2575, -1,
 2575, 2288, 2286, -1, 2587, 2320, 2321, -1, 2321, 2311, 2587, -1,
 2587, 2311, 2309, -1, 2587, 2309, 2580, -1, 2580, 2309, 2310, -1,
 2580, 2310, 2289, -1, 2320, 2587, 2319, -1, 2319, 2587, 2591, -1,
 2319, 2591, 2322, -1, 2314, 2315, 2609, -1, 2609, 2315, 2316, -1,
 2609, 2316, 2591, -1, 2591, 2316, 2317, -1, 2591, 2317, 2322, -1,
 2304, 2305, 2614, -1, 2614, 2305, 2312, -1, 2614, 2312, 2609, -1,
 2609, 2312, 2313, -1, 2609, 2313, 2314, -1, 2301, 2302, 2619, -1,
 2619, 2302, 2303, -1, 2291, 2292, 2625, -1, 2625, 2292, 2296, -1,
 2625, 2296, 2623, -1, 2623, 2296, 2297, -1, 2623, 2297, 2300, -1,
 2293, 2294, 2627, -1, 2627, 2294, 2290, -1, 2298, 2299, 2630, -1,
 2630, 2299, 2295, -1, 2307, 2633, 2306, -1, 2306, 2633, 2638, -1,
 2306, 2638, 2308, -1, 2308, 2638, 2640, -1, 2308, 2640, 2338, -1,
 2985, 2964, 3262, -1, 3373, 3346, 3406, -1, 3406, 3346, 3461, -1,
 3640, 3612, 3600, -1, 3600, 3612, 3512, -1, 3600, 3512, 3461, -1,
 3461, 3512, 3495, -1, 3461, 3495, 3406, -1, 3640, 3600, 3735, -1,
 3735, 3600, 3756, -1, 3735, 3756, 3823, -1, 3823, 3756, 3884, -1,
 3884, 3756, 3946, -1, 3884, 3946, 4007, -1, 4007, 3946, 4138, -1,
 4138, 3946, 4114, -1, 4138, 4114, 4172, -1, 4172, 4114, 4227, -1,
 4227, 4114, 4233, -1, 4227, 4233, 4282, -1, 4282, 4233, 4302, -1,
 4302, 4233, 4326, -1, 4302, 4326, 4373, -1, 4410, 4437, 4326, -1,
 4326, 4437, 4383, -1, 4326, 4383, 4373, -1, 4470, 4493, 4410, -1,
 4410, 4493, 4466, -1, 4410, 4466, 4437, -1, 4507, 4557, 4470, -1,
 4470, 4557, 4532, -1, 4470, 4532, 4493, -1, 4587, 4575, 4521, -1,
 4521, 4575, 4572, -1, 4521, 4572, 4507, -1, 4507, 4572, 4564, -1,
 4507, 4564, 4557, -1, 4543, 4578, 4521, -1, 4521, 4578, 4588, -1,
 4521, 4588, 4587, -1, 4577, 4543, 4584, -1, 4584, 4543, 4556, -1,
 4584, 4556, 4586, -1, 4586, 4556, 4553, -1, 4586, 4553, 4585, -1,
 4553, 4565, 4585, -1, 4585, 4565, 4570, -1, 4585, 4570, 4583, -1,
 4583, 4570, 4568, -1, 4583, 4568, 4582, -1, 4582, 4568, 4562, -1,
 4582, 4562, 4581, -1, 4581, 4562, 4544, -1, 4569, 4573, 4531, -1,
 4531, 4573, 4579, -1, 4531, 4579, 4544, -1, 4544, 4579, 4580, -1,
 4544, 4580, 4581, -1, 4494, 4555, 4512, -1, 4512, 4555, 4560, -1,
 4512, 4560, 4569, -1, 4458, 4529, 4494, -1, 4494, 4529, 4539, -1,
 4494, 4539, 4555, -1, 4422, 4490, 4458, -1, 4458, 4490, 4508, -1,
 4458, 4508, 4529, -1, 4325, 4434, 4422, -1, 4422, 4434, 4469, -1,
 4422, 4469, 4490, -1, 4328, 4371, 4325, -1, 4325, 4371, 4376, -1,
 4325, 4376, 4434, -1, 4328, 4325, 4267, -1, 4267, 4325, 4218, -1,
 4267, 4218, 4253, -1, 4253, 4218, 4065, -1, 4253, 4065, 4166, -1,
 3863, 4041, 4065, -1, 4065, 4041, 4126, -1, 4065, 4126, 4166, -1,
 3680, 3851, 3643, -1, 3643, 3851, 3906, -1, 3643, 3906, 3863, -1,
 3863, 3906, 3921, -1, 3863, 3921, 4041, -1, 3680, 3643, 3653, -1,
 3653, 3643, 3477, -1, 3653, 3477, 3496, -1, 3496, 3477, 3368, -1,
 3368, 3477, 3329, -1, 3368, 3329, 3345, -1, 3345, 3329, 3245, -1,
 3245, 3329, 3187, -1, 3245, 3187, 3201, -1, 3201, 3187, 3137, -1,
 3137, 3187, 3092, -1, 3137, 3092, 3099, -1, 3099, 3092, 3061, -1,
 3061, 3092, 3017, -1, 3061, 3017, 3021, -1, 3021, 3017, 2994, -1,
 2994, 3017, 2947, -1, 2994, 2947, 2958, -1, 2713, 2834, 2947, -1,
 2947, 2834, 2949, -1, 2947, 2949, 2958, -1, 2502, 2514, 2517, -1,
 2517, 2514, 2646, -1, 2517, 2646, 2713, -1, 2713, 2646, 2707, -1,
 2713, 2707, 2834, -1, 2385, 2502, 2278, -1, 2278, 2502, 2517, -1,
 2278, 2517, 2272, -1, 2272, 2517, 2271, -1, 4382, 4374, 4402, -1,
 4402, 4374, 4444, -1, 4402, 4444, 4467, -1, 4467, 4444, 4520, -1,
 3346, 3311, 3461, -1, 3461, 3311, 3430, -1, 3461, 3430, 3600, -1,
 3600, 3430, 3547, -1, 3600, 3547, 3756, -1, 3756, 3547, 3691, -1,
 3756, 3691, 3946, -1, 3946, 3691, 3867, -1, 3946, 3867, 4114, -1,
 4114, 3867, 4035, -1, 4114, 4035, 4233, -1, 4233, 4035, 4176, -1,
 4233, 4176, 4326, -1, 4326, 4176, 4270, -1, 4326, 4270, 4410, -1,
 4410, 4270, 4342, -1, 4410, 4342, 4470, -1, 4470, 4342, 4405, -1,
 4470, 4405, 4507, -1, 4507, 4405, 4442, -1, 4507, 4442, 4521, -1,
 4521, 4442, 4461, -1, 4521, 4461, 4543, -1, 4543, 4461, 4502, -1,
 4543, 4502, 4556, -1, 4556, 4502, 4542, -1, 4556, 4542, 4553, -1,
 3373, 3248, 3346, -1, 3346, 3248, 3231, -1, 3346, 3231, 3311, -1,
 3311, 3231, 3215, -1, 3311, 3215, 3206, -1, 2969, 2640, 2964, -1,
 2964, 2640, 2638, -1, 2964, 2638, 2960, -1, 2960, 2638, 2633, -1,
 2960, 2633, 2957, -1, 3373, 3262, 3248, -1, 3248, 3262, 2964, -1,
 3248, 2964, 3231, -1, 3231, 2964, 2960, -1, 3231, 2960, 3215, -1,
 3215, 2960, 2957, -1, 3215, 2957, 3206, -1, 2290, 2291, 2627, -1,
 2627, 2291, 2625, -1, 2627, 2625, 2953, -1, 2953, 2625, 2952, -1,
 2953, 2952, 3182, -1, 3182, 2952, 2944, -1, 3182, 2944, 3159, -1,
 3390, 3355, 3501, -1, 3501, 3355, 3456, -1, 3501, 3456, 3630, -1,
 3630, 3456, 3580, -1, 3630, 3580, 3787, -1, 3787, 3580, 3715, -1,
 3787, 3715, 3957, -1, 3957, 3715, 3878, -1, 3957, 3878, 4099, -1,
 4099, 3878, 4018, -1, 4099, 4018, 4209, -1, 4209, 4018, 4143, -1,
 4209, 4143, 4280, -1, 4280, 4143, 4223, -1, 4280, 4223, 4338, -1,
 4338, 4223, 4278, -1, 4338, 4278, 4382, -1, 4382, 4278, 4320, -1,
 4382, 4320, 4374, -1, 4430, 4464, 4407, -1, 4407, 4464, 4427, -1,
 4407, 4427, 4345, -1, 4266, 4320, 4219, -1, 4219, 4320, 4278, -1,
 4219, 4278, 4156, -1, 4156, 4278, 4223, -1, 4156, 4223, 4057, -1,
 4057, 4223, 4143, -1, 4057, 4143, 3936, -1, 3936, 4143, 4018, -1,
 3936, 4018, 3784, -1, 3784, 4018, 3878, -1, 3784, 3878, 3644, -1,
 3644, 3878, 3715, -1, 3644, 3715, 3524, -1, 3524, 3715, 3580, -1,
 3524, 3580, 3418, -1, 3418, 3580, 3456, -1, 3418, 3456, 3316, -1,
 3316, 3456, 3355, -1, 3316, 3355, 3251, -1, 3251, 3355, 3390, -1,
 3251, 3390, 3281, -1, 2295, 2293, 2630, -1, 2630, 2293, 2627, -1,
 2630, 2627, 2955, -1, 2955, 2627, 2953, -1, 2955, 2953, 3192, -1,
 3192, 2953, 3182, -1, 3192, 3182, 3281, -1, 3281, 3182, 3159, -1,
 3281, 3159, 3251, -1, 3251, 3159, 3136, -1, 3251, 3136, 3316, -1,
 3136, 3124, 3316, -1, 3316, 3124, 3280, -1, 3316, 3280, 3418, -1,
 3418, 3280, 3376, -1, 3418, 3376, 3524, -1, 3524, 3376, 3473, -1,
 3524, 3473, 3644, -1, 3644, 3473, 3583, -1, 3644, 3583, 3784, -1,
 3784, 3583, 3701, -1, 3784, 3701, 3936, -1, 3936, 3701, 3844, -1,
 3936, 3844, 4057, -1, 4057, 3844, 3970, -1, 4057, 3970, 4156, -1,
 4156, 3970, 4072, -1, 4156, 4072, 4219, -1, 4219, 4072, 4153, -1,
 4219, 4153, 4266, -1, 4266, 4153, 4203, -1, 3124, 3103, 3280, -1,
 3280, 3103, 3242, -1, 3280, 3242, 3376, -1, 3376, 3242, 3335, -1,
 3376, 3335, 3473, -1, 3473, 3335, 3426, -1, 3473, 3426, 3583, -1,
 3583, 3426, 3519, -1, 3583, 3519, 3701, -1, 3701, 3519, 3626, -1,
 3701, 3626, 3844, -1, 3844, 3626, 3740, -1, 3844, 3740, 3970, -1,
 3970, 3740, 3866, -1, 3970, 3866, 4072, -1, 4072, 3866, 3979, -1,
 4072, 3979, 4153, -1, 4153, 3979, 4062, -1, 4153, 4062, 4203, -1,
 4203, 4062, 4132, -1, 3103, 3078, 3242, -1, 3242, 3078, 3203, -1,
 3242, 3203, 3335, -1, 3335, 3203, 3287, -1, 3335, 3287, 3426, -1,
 3426, 3287, 3375, -1, 3426, 3375, 3519, -1, 3519, 3375, 3460, -1,
 3519, 3460, 3626, -1, 3626, 3460, 3557, -1, 3626, 3557, 3740, -1,
 3740, 3557, 3661, -1, 3740, 3661, 3866, -1, 3866, 3661, 3762, -1,
 3866, 3762, 3979, -1, 3979, 3762, 3880, -1, 3979, 3880, 4062, -1,
 4062, 3880, 3967, -1, 4062, 3967, 4132, -1, 4132, 3967, 4034, -1,
 4407, 4385, 4430, -1, 4430, 4385, 4337, -1, 4430, 4337, 4391, -1,
 4391, 4337, 4293, -1, 4391, 4293, 4352, -1, 4352, 4293, 4248, -1,
 4352, 4248, 4310, -1, 4310, 4248, 4195, -1, 4310, 4195, 4260, -1,
 4260, 4195, 4124, -1, 4260, 4124, 4207, -1, 4207, 4124, 4030, -1,
 4207, 4030, 4141, -1, 4345, 4317, 4407, -1, 4407, 4317, 4336, -1,
 4407, 4336, 4385, -1, 4385, 4336, 4286, -1, 4385, 4286, 4337, -1,
 4337, 4286, 4234, -1, 4337, 4234, 4293, -1, 4293, 4234, 4182, -1,
 4293, 4182, 4248, -1, 4248, 4182, 4101, -1, 4248, 4101, 4195, -1,
 4195, 4101, 4009, -1, 4195, 4009, 4124, -1, 4124, 4009, 3914, -1,
 4124, 3914, 4030, -1, 4030, 3914, 3984, -1, 4030, 3984, 4141, -1,
 4141, 3984, 4050, -1, 3734, 3672, 3617, -1, 3617, 3672, 3608, -1,
 3617, 3608, 3507, -1, 3507, 3608, 3548, -1, 3507, 3548, 3446, -1,
 3814, 3734, 3684, -1, 3684, 3734, 3617, -1, 3684, 3617, 3567, -1,
 3567, 3617, 3507, -1, 3567, 3507, 3459, -1, 3459, 3507, 3446, -1,
 3459, 3446, 3353, -1, 3548, 3485, 3446, -1, 3446, 3485, 3388, -1,
 3446, 3388, 3353, -1, 3353, 3388, 3326, -1, 3353, 3326, 3228, -1,
 3428, 3363, 3326, -1, 3326, 3363, 3267, -1, 3326, 3267, 3228, -1,
 3228, 3267, 3200, -1, 3228, 3200, 3130, -1, 2300, 2301, 2623, -1,
 2623, 2301, 2619, -1, 2623, 2619, 2944, -1, 2944, 2619, 2934, -1,
 2944, 2934, 3159, -1, 3159, 2934, 2923, -1, 3159, 2923, 3136, -1,
 3136, 2923, 2900, -1, 3136, 2900, 3124, -1, 3124, 2900, 2889, -1,
 3124, 2889, 3103, -1, 3103, 2889, 2883, -1, 3103, 2883, 3078, -1,
 3078, 2883, 3058, -1, 3078, 3058, 3203, -1, 3203, 3058, 3171, -1,
 3203, 3171, 3287, -1, 3287, 3171, 3243, -1, 3287, 3243, 3375, -1,
 3375, 3243, 3323, -1, 3375, 3323, 3460, -1, 3460, 3323, 3402, -1,
 3460, 3402, 3557, -1, 3557, 3402, 3487, -1, 3557, 3487, 3661, -1,
 3661, 3487, 3582, -1, 3661, 3582, 3762, -1, 3762, 3582, 3673, -1,
 3762, 3673, 3880, -1, 3880, 3673, 3761, -1, 3880, 3761, 3967, -1,
 3967, 3761, 3859, -1, 3967, 3859, 4034, -1, 4034, 3859, 3937, -1,
 2303, 2304, 2619, -1, 2619, 2304, 2614, -1, 2619, 2614, 2934, -1,
 2934, 2614, 2609, -1, 2934, 2609, 2923, -1, 2923, 2609, 2591, -1,
 2923, 2591, 2900, -1, 2900, 2591, 2587, -1, 2900, 2587, 2889, -1,
 2889, 2587, 2580, -1, 2889, 2580, 2883, -1, 2883, 2580, 2877, -1,
 2883, 2877, 3058, -1, 3058, 2877, 3043, -1, 3058, 3043, 3171, -1,
 3171, 3043, 3135, -1, 3171, 3135, 3243, -1, 3243, 3135, 3198, -1,
 3243, 3198, 3323, -1, 3323, 3198, 3273, -1, 3323, 3273, 3402, -1,
 3402, 3273, 3351, -1, 3402, 3351, 3487, -1, 3487, 3351, 3429, -1,
 3487, 3429, 3582, -1, 3582, 3429, 3502, -1, 3582, 3502, 3673, -1,
 3673, 3502, 3584, -1, 3673, 3584, 3761, -1, 3761, 3584, 3668, -1,
 3761, 3668, 3859, -1, 3859, 3668, 3743, -1, 3859, 3743, 3937, -1,
 3937, 3743, 3822, -1, 2289, 2287, 2580, -1, 2580, 2287, 2575, -1,
 2580, 2575, 2877, -1, 2877, 2575, 2855, -1, 2877, 2855, 3043, -1,
 3043, 2855, 3026, -1, 3043, 3026, 3135, -1, 3135, 3026, 3114, -1,
 3135, 3114, 3198, -1, 3198, 3114, 3156, -1, 3198, 3156, 3273, -1,
 3273, 3156, 3214, -1, 3273, 3214, 3351, -1, 3351, 3214, 3289, -1,
 3351, 3289, 3429, -1, 3429, 3289, 3362, -1, 3429, 3362, 3502, -1,
 3502, 3362, 3436, -1, 3502, 3436, 3584, -1, 3584, 3436, 3497, -1,
 3584, 3497, 3668, -1, 3668, 3497, 3569, -1, 3668, 3569, 3743, -1,
 3743, 3569, 3639, -1, 3743, 3639, 3822, -1, 3822, 3639, 3713, -1,
 3074, 3063, 3126, -1, 3126, 3063, 3109, -1, 3126, 3109, 3173, -1,
 3173, 3109, 3148, -1, 3173, 3148, 3229, -1, 2273, 2274, 2568, -1,
 2568, 2274, 2558, -1, 2568, 2558, 2837, -1, 2837, 2558, 2810, -1,
 2837, 2810, 2999, -1, 2999, 2810, 2991, -1, 2999, 2991, 3063, -1,
 3063, 2991, 3052, -1, 3063, 3052, 3109, -1, 3109, 3052, 3130, -1,
 3109, 3130, 3148, -1, 3148, 3130, 3200, -1, 3148, 3200, 3229, -1,
 3229, 3200, 3296, -1, 2276, 2281, 2558, -1, 2558, 2281, 2550, -1,
 2558, 2550, 2810, -1, 2810, 2550, 2786, -1, 2810, 2786, 2991, -1,
 2991, 2786, 2975, -1, 2991, 2975, 3052, -1, 3662, 3706, 3597, -1,
 3597, 3706, 3591, -1, 3597, 3591, 3539, -1, 3539, 3591, 3486, -1,
 3539, 3486, 3444, -1, 3444, 3486, 3392, -1, 3444, 3392, 3348, -1,
 3348, 3392, 3294, -1, 3348, 3294, 3252, -1, 3252, 3294, 3195, -1,
 3252, 3195, 3163, -1, 3163, 3195, 3122, -1, 3163, 3122, 3088, -1,
 3088, 3122, 3053, -1, 3088, 3053, 3031, -1, 3031, 3053, 2990, -1,
 3031, 2990, 2970, -1, 2970, 2990, 2921, -1, 2970, 2921, 2893, -1,
 2893, 2921, 2706, -1, 2893, 2706, 2686, -1, 3960, 3894, 3836, -1,
 3836, 3894, 3750, -1, 3836, 3750, 3695, -1, 3695, 3750, 3631, -1,
 3695, 3631, 3587, -1, 3587, 3631, 3522, -1, 3587, 3522, 3479, -1,
 3479, 3522, 3423, -1, 3479, 3423, 3379, -1, 3379, 3423, 3309, -1,
 3379, 3309, 3274, -1, 3274, 3309, 3197, -1, 3274, 3197, 3169, -1,
 3169, 3197, 3115, -1, 3169, 3115, 3085, -1, 3085, 3115, 3034, -1,
 3085, 3034, 3024, -1, 3024, 3034, 2963, -1, 3024, 2963, 2954, -1,
 2954, 2963, 2773, -1, 2954, 2773, 2751, -1, 2519, 2636, 2535, -1,
 2535, 2636, 2786, -1, 2535, 2786, 2544, -1, 2544, 2786, 2550, -1,
 2544, 2550, 2323, -1, 2323, 2550, 2285, -1, 3894, 3814, 3750, -1,
 3750, 3814, 3684, -1, 3750, 3684, 3631, -1, 3631, 3684, 3567, -1,
 3631, 3567, 3522, -1, 3522, 3567, 3459, -1, 3522, 3459, 3423, -1,
 3423, 3459, 3353, -1, 3423, 3353, 3309, -1, 3309, 3353, 3228, -1,
 3309, 3228, 3197, -1, 3197, 3228, 3130, -1, 3197, 3130, 3115, -1,
 3115, 3130, 3052, -1, 3115, 3052, 3034, -1, 3034, 3052, 2975, -1,
 3034, 2975, 2963, -1, 2963, 2975, 2786, -1, 2963, 2786, 2773, -1,
 2773, 2786, 2636, -1, 2773, 2636, 2751, -1, 2508, 2606, 2512, -1,
 2512, 2606, 2686, -1, 2512, 2686, 2618, -1, 2618, 2686, 2706, -1,
 2618, 2706, 2731, -1, 2731, 2706, 2921, -1, 2731, 2921, 2943, -1,
 2943, 2921, 2990, -1, 2943, 2990, 3005, -1, 3005, 2990, 3053, -1,
 3005, 3053, 3066, -1, 3066, 3053, 3122, -1, 3066, 3122, 3139, -1,
 3139, 3122, 3195, -1, 3139, 3195, 3232, -1, 3232, 3195, 3294, -1,
 3232, 3294, 3339, -1, 3339, 3294, 3392, -1, 3339, 3392, 3437, -1,
 3437, 3392, 3486, -1, 3437, 3486, 3531, -1, 3531, 3486, 3591, -1,
 3531, 3591, 3641, -1, 3641, 3591, 3706, -1, 3641, 3706, 3764, -1,
 3764, 3706, 3842, -1, 3764, 3842, 3904, -1, 3904, 3836, 3764, -1,
 3764, 3836, 3695, -1, 3764, 3695, 3641, -1, 3641, 3695, 3587, -1,
 3641, 3587, 3531, -1, 3531, 3587, 3479, -1, 3531, 3479, 3437, -1,
 3437, 3479, 3379, -1, 3437, 3379, 3339, -1, 3339, 3379, 3274, -1,
 3339, 3274, 3232, -1, 3232, 3274, 3169, -1, 3232, 3169, 3139, -1,
 3139, 3169, 3085, -1, 3139, 3085, 3066, -1, 3066, 3085, 3024, -1,
 3066, 3024, 3005, -1, 3005, 3024, 2954, -1, 3005, 2954, 2943, -1,
 2943, 2954, 2751, -1, 2943, 2751, 2731, -1, 2731, 2751, 2636, -1,
 2731, 2636, 2618, -1, 2618, 2636, 2519, -1, 2618, 2519, 2512, -1,
 2512, 2519, 2479, -1, 2512, 2479, 2508, -1, 2714, 2931, 2926, -1,
 2714, 2926, 2711, -1, 2711, 2926, 2922, -1, 2711, 2922, 2703, -1,
 2703, 2922, 2910, -1, 2703, 2910, 2698, -1, 2698, 2910, 2899, -1,
 2698, 2899, 2694, -1, 2694, 2899, 2723, -1, 2694, 2723, 2692, -1,
 3060, 3064, 3134, -1, 3134, 3064, 3144, -1, 3134, 3144, 3236, -1,
 3236, 3144, 3255, -1, 3236, 3255, 3356, -1, 3356, 3255, 3378, -1,
 3356, 3378, 3475, -1, 3475, 3378, 3499, -1, 3475, 3499, 3607, -1,
 3607, 3499, 3648, -1, 3607, 3648, 3758, -1, 3758, 3648, 3817, -1,
 3758, 3817, 3929, -1, 3929, 3817, 3986, -1, 3929, 3986, 4071, -1,
 4071, 3986, 4130, -1, 4071, 4130, 4183, -1, 4183, 4130, 4225, -1,
 4183, 4225, 4252, -1, 4252, 4225, 4294, -1, 4252, 4294, 4309, -1,
 4309, 4294, 4348, -1, 4309, 4348, 4347, -1, 4347, 4348, 4389, -1,
 4347, 4389, 4384, -1, 4384, 4389, 4425, -1, 4384, 4425, 4418, -1,
 4418, 4425, 4445, -1, 4418, 4445, 4438, -1, 3055, 3060, 3129, -1,
 3129, 3060, 3134, -1, 3129, 3134, 3210, -1, 3210, 3134, 3236, -1,
 3210, 3236, 3331, -1, 3331, 3236, 3356, -1, 3331, 3356, 3443, -1,
 3443, 3356, 3475, -1, 3443, 3475, 3565, -1, 3565, 3475, 3607, -1,
 3565, 3607, 3703, -1, 3703, 3607, 3758, -1, 3703, 3758, 3861, -1,
 3861, 3758, 3929, -1, 3861, 3929, 3998, -1, 3998, 3929, 4071, -1,
 3998, 4071, 4123, -1, 4123, 4071, 4183, -1, 4123, 4183, 4206, -1,
 4206, 4183, 4252, -1, 4206, 4252, 4262, -1, 4262, 4252, 4309, -1,
 4262, 4309, 4305, -1, 4305, 4309, 4347, -1, 4305, 4347, 4340, -1,
 4340, 4347, 4384, -1, 4340, 4384, 4372, -1, 4372, 4384, 4418, -1,
 4372, 4418, 4393, -1, 4393, 4418, 4438, -1, 4393, 4438, 4414, -1,
 4414, 4363, 4393, -1, 4393, 4363, 4351, -1, 4393, 4351, 4372, -1,
 4372, 4351, 4324, -1, 4372, 4324, 4340, -1, 4340, 4324, 4295, -1,
 4340, 4295, 4305, -1, 4305, 4295, 4257, -1, 4305, 4257, 4262, -1,
 4262, 4257, 4211, -1, 4262, 4211, 4206, -1, 4206, 4211, 4146, -1,
 4206, 4146, 4123, -1, 4123, 4146, 4048, -1, 4123, 4048, 3998, -1,
 3998, 4048, 3930, -1, 3998, 3930, 3861, -1, 3861, 3930, 3782, -1,
 3861, 3782, 3703, -1, 3703, 3782, 3646, -1, 3703, 3646, 3565, -1,
 3565, 3646, 3523, -1, 3565, 3523, 3443, -1, 3443, 3523, 3408, -1,
 3443, 3408, 3331, -1, 3331, 3408, 3300, -1, 3331, 3300, 3210, -1,
 3210, 3300, 3193, -1, 3210, 3193, 3129, -1, 3129, 3193, 3048, -1,
 3129, 3048, 3055, -1, 4333, 4357, 4386, -1, 3037, 3048, 3176, -1,
 3176, 3048, 3193, -1, 3176, 3193, 3272, -1, 3272, 3193, 3300, -1,
 3272, 3300, 3374, -1, 3374, 3300, 3408, -1, 3374, 3408, 3478, -1,
 3478, 3408, 3523, -1, 3478, 3523, 3589, -1, 3589, 3523, 3646, -1,
 3589, 3646, 3708, -1, 3708, 3646, 3782, -1, 3708, 3782, 3847, -1,
 3847, 3782, 3930, -1, 3847, 3930, 3966, -1, 3966, 3930, 4048, -1,
 3966, 4048, 4068, -1, 4068, 4048, 4146, -1, 4068, 4146, 4148, -1,
 4148, 4146, 4211, -1, 4148, 4211, 4202, -1, 4202, 4211, 4257, -1,
 4202, 4257, 4241, -1, 4241, 4257, 4295, -1, 4241, 4295, 4274, -1,
 4274, 4295, 4324, -1, 4274, 4324, 4299, -1, 4299, 4324, 4351, -1,
 4299, 4351, 4315, -1, 4315, 4351, 4363, -1, 4315, 4363, 4318, -1,
 4318, 4363, 4368, -1, 4318, 4368, 4314, -1, 3028, 3037, 3150, -1,
 3150, 3037, 3176, -1, 3150, 3176, 3238, -1, 3238, 3176, 3272, -1,
 3238, 3272, 3337, -1, 3337, 3272, 3374, -1, 3337, 3374, 3435, -1,
 3435, 3374, 3478, -1, 3435, 3478, 3527, -1, 3527, 3478, 3589, -1,
 3527, 3589, 3634, -1, 3634, 3589, 3708, -1, 3634, 3708, 3745, -1,
 3745, 3708, 3847, -1, 3745, 3847, 3869, -1, 3869, 3847, 3966, -1,
 3869, 3966, 3980, -1, 3980, 3966, 4068, -1, 3980, 4068, 4063, -1,
 4063, 4068, 4148, -1, 4063, 4148, 4134, -1, 4134, 4148, 4202, -1,
 4134, 4202, 4187, -1, 4187, 4202, 4241, -1, 4187, 4241, 4217, -1,
 4217, 4241, 4274, -1, 4217, 4274, 4239, -1, 4239, 4274, 4299, -1,
 4239, 4299, 4258, -1, 4258, 4299, 4315, -1, 4258, 4315, 4261, -1,
 4261, 4315, 4318, -1, 4261, 4318, 4255, -1, 4255, 4318, 4314, -1,
 4255, 4314, 4240, -1, 4317, 4289, 4336, -1, 4336, 4289, 4232, -1,
 4336, 4232, 4286, -1, 4286, 4232, 4171, -1, 4286, 4171, 4234, -1,
 4234, 4171, 4089, -1, 4234, 4089, 4182, -1, 4182, 4089, 3991, -1,
 4182, 3991, 4101, -1, 4101, 3991, 3893, -1, 4101, 3893, 4009, -1,
 4009, 3893, 3770, -1, 4009, 3770, 3914, -1, 3914, 3770, 3858, -1,
 3914, 3858, 3984, -1, 3984, 3858, 3933, -1, 3984, 3933, 4050, -1,
 4050, 3933, 3996, -1, 4050, 3996, 4115, -1, 4115, 3996, 4067, -1,
 4115, 4067, 4163, -1, 4163, 4067, 4122, -1, 4163, 4122, 4190, -1,
 4190, 4122, 4150, -1, 4190, 4224, 4163, -1, 4163, 4224, 4201, -1,
 4163, 4201, 4115, -1, 4115, 4201, 4158, -1, 4115, 4158, 4050, -1,
 4050, 4158, 4220, -1, 4050, 4220, 4141, -1, 4141, 4220, 4275, -1,
 4141, 4275, 4207, -1, 4207, 4275, 4321, -1, 4207, 4321, 4260, -1,
 4260, 4321, 4365, -1, 4260, 4365, 4310, -1, 4310, 4365, 4408, -1,
 4310, 4408, 4352, -1, 4352, 4408, 4439, -1, 4352, 4439, 4391, -1,
 4391, 4439, 4471, -1, 4391, 4471, 4430, -1, 4430, 4471, 4498, -1,
 4430, 4498, 4464, -1, 4240, 4173, 4255, -1, 4255, 4173, 4191, -1,
 4255, 4191, 4261, -1, 4261, 4191, 4198, -1, 4261, 4198, 4258, -1,
 4258, 4198, 4196, -1, 4258, 4196, 4239, -1, 4239, 4196, 4177, -1,
 4239, 4177, 4217, -1, 4217, 4177, 4145, -1, 4217, 4145, 4187, -1,
 4187, 4145, 4097, -1, 4187, 4097, 4134, -1, 4134, 4097, 4036, -1,
 4134, 4036, 4063, -1, 4063, 4036, 3965, -1, 4063, 3965, 3980, -1,
 3980, 3965, 3875, -1, 3980, 3875, 3869, -1, 3869, 3875, 3760, -1,
 3869, 3760, 3745, -1, 3745, 3760, 3663, -1, 3745, 3663, 3634, -1,
 3634, 3663, 3562, -1, 3634, 3562, 3527, -1, 3527, 3562, 3470, -1,
 3527, 3470, 3435, -1, 3435, 3470, 3385, -1, 3435, 3385, 3337, -1,
 3337, 3385, 3292, -1, 3337, 3292, 3238, -1, 3238, 3292, 3202, -1,
 3238, 3202, 3150, -1, 3150, 3202, 3131, -1, 3150, 3131, 3028, -1,
 3028, 3131, 3014, -1, 4061, 4046, 4096, -1, 4096, 4046, 4039, -1,
 4096, 4039, 4049, -1, 4049, 4039, 3992, -1, 4049, 3992, 3987, -1,
 3987, 3992, 3934, -1, 3987, 3934, 3854, -1, 3854, 3934, 3926, -1,
 3854, 3926, 3860, -1, 3014, 3131, 3113, -1, 3113, 3131, 3202, -1,
 3113, 3202, 3249, -1, 3249, 3202, 3292, -1, 3249, 3292, 3334, -1,
 3334, 3292, 3385, -1, 3334, 3385, 3410, -1, 3410, 3385, 3470, -1,
 3410, 3470, 3488, -1, 3488, 3470, 3562, -1, 3488, 3562, 3574, -1,
 3574, 3562, 3663, -1, 3574, 3663, 3667, -1, 3667, 3663, 3760, -1,
 3667, 3760, 3753, -1, 3753, 3760, 3875, -1, 3753, 3875, 3854, -1,
 3854, 3875, 3965, -1, 3854, 3965, 3987, -1, 3987, 3965, 4036, -1,
 3987, 4036, 4049, -1, 4049, 4036, 4097, -1, 4049, 4097, 4096, -1,
 4096, 4097, 4145, -1, 4096, 4145, 4136, -1, 4136, 4145, 4177, -1,
 4136, 4177, 4154, -1, 4154, 4177, 4196, -1, 4154, 4196, 4157, -1,
 4157, 4196, 4198, -1, 4157, 4198, 4149, -1, 4149, 4198, 4191, -1,
 4149, 4191, 4133, -1, 4133, 4191, 4173, -1, 4133, 4173, 4098, -1,
 3842, 4012, 3904, -1, 3904, 4012, 4069, -1, 3904, 4069, 3960, -1,
 3960, 4069, 4014, -1, 3960, 4014, 3894, -1, 3894, 4014, 3948, -1,
 3894, 3948, 3814, -1, 3814, 3948, 3879, -1, 3814, 3879, 3734, -1,
 3734, 3879, 3792, -1, 3734, 3792, 3672, -1, 3672, 3792, 3719, -1,
 3672, 3719, 3608, -1, 3608, 3719, 3713, -1, 3608, 3713, 3548, -1,
 3548, 3713, 3639, -1, 3548, 3639, 3485, -1, 3485, 3639, 3569, -1,
 3485, 3569, 3428, -1, 3428, 3569, 3497, -1, 3428, 3497, 3363, -1,
 3363, 3497, 3436, -1, 3363, 3436, 3296, -1, 3296, 3436, 3362, -1,
 3296, 3362, 3229, -1, 3229, 3362, 3289, -1, 3229, 3289, 3173, -1,
 3173, 3289, 3214, -1, 3173, 3214, 3126, -1, 3126, 3214, 3156, -1,
 3126, 3156, 3074, -1, 3074, 3156, 3114, -1, 3074, 3114, 2999, -1,
 2999, 3114, 3026, -1, 2999, 3026, 2837, -1, 2837, 3026, 2855, -1,
 2837, 2855, 2568, -1, 2568, 2855, 2575, -1, 2568, 2575, 2283, -1,
 2283, 2575, 2286, -1, 2398, 2261, 2520, -1, 2520, 2261, 2262, -1,
 2520, 2262, 2264, -1, 2432, 2414, 2524, -1, 2524, 2414, 2520, -1,
 2524, 2520, 2720, -1, 2720, 2520, 2717, -1, 2720, 2717, 2938, -1,
 4360, 4327, 4272, -1, 4272, 4327, 4213, -1, 4272, 4213, 4164, -1,
 4164, 4213, 4086, -1, 4164, 4086, 3993, -1, 3993, 4086, 3924, -1,
 3993, 3924, 3791, -1, 3791, 3924, 3724, -1, 3791, 3724, 3603, -1,
 3603, 3724, 3554, -1, 3603, 3554, 3447, -1, 3447, 3554, 3415, -1,
 3447, 3415, 3307, -1, 3307, 3415, 3282, -1, 3307, 3282, 3179, -1,
 3179, 3282, 3165, -1, 3179, 3165, 3083, -1, 3083, 3165, 3075, -1,
 3083, 3075, 3011, -1, 3011, 3075, 2938, -1, 3011, 2938, 2945, -1,
 2945, 2938, 2717, -1, 4481, 4423, 4460, -1, 4460, 4423, 4394, -1,
 4460, 4394, 4401, -1, 4401, 4394, 4366, -1, 4481, 4503, 4423, -1,
 4423, 4503, 4482, -1, 4423, 4482, 4451, -1, 2509, 2506, 2527, -1,
 2527, 2506, 2524, -1, 2527, 2524, 2714, -1, 2714, 2524, 2720, -1,
 2714, 2720, 2931, -1, 2931, 2720, 2938, -1, 2931, 2938, 3068, -1,
 3068, 2938, 3075, -1, 3068, 3075, 3154, -1, 3154, 3075, 3165, -1,
 3154, 3165, 3269, -1, 3269, 3165, 3282, -1, 3269, 3282, 3398, -1,
 3398, 3282, 3415, -1, 3398, 3415, 3526, -1, 3526, 3415, 3554, -1,
 3526, 3554, 3685, -1, 3685, 3554, 3724, -1, 3685, 3724, 3871, -1,
 3871, 3724, 3924, -1, 3871, 3924, 4037, -1, 4037, 3924, 4086, -1,
 4037, 4086, 4174, -1, 4174, 4086, 4213, -1, 4174, 4213, 4265, -1,
 4265, 4213, 4298, -1, 4265, 4298, 4329, -1, 4360, 4397, 4327, -1,
 4327, 4397, 4401, -1, 4327, 4401, 4298, -1, 4298, 4401, 4366, -1,
 4298, 4366, 4329, -1, 4329, 4366, 4394, -1, 4329, 4394, 4387, -1,
 4387, 4394, 4423, -1, 4387, 4423, 4426, -1, 4426, 4423, 4451, -1,
 4426, 4451, 4479, -1, 4509, 4500, 4534, -1, 4541, 4559, 4526, -1,
 4526, 4559, 4534, -1, 4526, 4534, 4504, -1, 4504, 4534, 4500, -1,
 4528, 4506, 4551, -1, 4551, 4506, 4536, -1, 4551, 4536, 4563, -1,
 4563, 4536, 4535, -1, 4416, 4457, 4453, -1, 4453, 4457, 4492, -1,
 4453, 4492, 4489, -1, 4489, 4492, 4514, -1, 4457, 4487, 4492, -1,
 4492, 4487, 4509, -1, 4492, 4509, 4514, -1, 4514, 4509, 4534, -1,
 4514, 4534, 4535, -1, 4535, 4534, 4559, -1, 4535, 4559, 4563, -1,
 4517, 4486, 4456, -1, 4517, 4456, 4496, -1, 4496, 4456, 4424, -1,
 4496, 4424, 4465, -1, 4465, 4424, 4379, -1, 4465, 4379, 4428, -1,
 4428, 4379, 4332, -1, 4428, 4332, 4386, -1, 4386, 4332, 4284, -1,
 4386, 4284, 4333, -1, 4333, 4284, 4229, -1, 4333, 4229, 4281, -1,
 4357, 4416, 4386, -1, 4386, 4416, 4453, -1, 4386, 4453, 4428, -1,
 4428, 4453, 4489, -1, 4428, 4489, 4465, -1, 4465, 4489, 4514, -1,
 4465, 4514, 4496, -1, 4496, 4514, 4535, -1, 4496, 4535, 4517, -1,
 4517, 4535, 4536, -1, 4517, 4536, 4486, -1, 4486, 4536, 4506, -1,
 4503, 4541, 4482, -1, 4482, 4541, 4526, -1, 4482, 4526, 4451, -1,
 4451, 4526, 4504, -1, 4451, 4504, 4479, -1, 4479, 4504, 4500, -1,
 4479, 4500, 4473, -1, 4473, 4500, 4487, -1, 4473, 4487, 4448, -1,
 4448, 4487, 4457, -1, 4448, 4457, 4419, -1, 4419, 4457, 4416, -1,
 4419, 4416, 4364, -1, 4364, 4416, 4357, -1, 4364, 4357, 4303, -1,
 4303, 4357, 4281, -1, 4303, 4281, 4254, -1, 4254, 4281, 4229, -1,
 2307, 2298, 2633, -1, 2633, 2298, 2630, -1, 2633, 2630, 2957, -1,
 2957, 2630, 2955, -1, 2957, 2955, 3206, -1, 3206, 2955, 3192, -1,
 3206, 3192, 3311, -1, 3311, 3192, 3281, -1, 3311, 3281, 3430, -1,
 3430, 3281, 3390, -1, 3430, 3390, 3547, -1, 3547, 3390, 3501, -1,
 3547, 3501, 3691, -1, 3691, 3501, 3630, -1, 3691, 3630, 3867, -1,
 3867, 3630, 3787, -1, 3867, 3787, 4035, -1, 4035, 3787, 3957, -1,
 4035, 3957, 4176, -1, 4176, 3957, 4099, -1, 4176, 4099, 4270, -1,
 4270, 4099, 4209, -1, 4270, 4209, 4342, -1, 4342, 4209, 4280, -1,
 4342, 4280, 4405, -1, 4405, 4280, 4338, -1, 4405, 4338, 4442, -1,
 4442, 4338, 4382, -1, 4442, 4382, 4461, -1, 4461, 4382, 4402, -1,
 4461, 4402, 4502, -1, 4502, 4402, 4467, -1, 4502, 4467, 4542, -1,
 4542, 4467, 4520, -1, 4542, 4520, 4553, -1, 4553, 4520, 4528, -1,
 4553, 4528, 4565, -1, 4565, 4528, 4551, -1, 4565, 4551, 4570, -1,
 4570, 4551, 4563, -1, 4570, 4563, 4568, -1, 4568, 4563, 4559, -1,
 4568, 4559, 4562, -1, 4562, 4559, 4541, -1, 4562, 4541, 4544, -1,
 4544, 4541, 4503, -1, 4544, 4503, 4531, -1, 4531, 4503, 4481, -1,
 4531, 4481, 4512, -1, 4512, 4481, 4460, -1, 4512, 4460, 4494, -1,
 4494, 4460, 4433, -1, 4494, 4433, 4458, -1, 4458, 4433, 4397, -1,
 4458, 4397, 4422, -1, 4422, 4397, 4360, -1, 4422, 4360, 4325, -1,
 4325, 4360, 4272, -1, 4325, 4272, 4218, -1, 4218, 4272, 4164, -1,
 4218, 4164, 4065, -1, 4065, 4164, 3993, -1, 4065, 3993, 3863, -1,
 3863, 3993, 3791, -1, 3863, 3791, 3643, -1, 3643, 3791, 3603, -1,
 3643, 3603, 3477, -1, 3477, 3603, 3447, -1, 3477, 3447, 3329, -1,
 3329, 3447, 3307, -1, 3329, 3307, 3187, -1, 3187, 3307, 3179, -1,
 3187, 3179, 3092, -1, 3092, 3179, 3083, -1, 3092, 3083, 3017, -1,
 3017, 3083, 3011, -1, 3017, 3011, 2947, -1, 2947, 3011, 2945, -1,
 2947, 2945, 2713, -1, 2713, 2945, 2717, -1, 2713, 2717, 2517, -1,
 2517, 2717, 2520, -1, 2517, 2520, 2271, -1, 2271, 2520, 2264, -1,
 4254, 4240, 4303, -1, 4303, 4240, 4314, -1, 4303, 4314, 4364, -1,
 4364, 4314, 4368, -1, 4364, 4368, 4419, -1, 4419, 4368, 4414, -1,
 4419, 4414, 4448, -1, 4448, 4414, 4438, -1, 4448, 4438, 4473, -1,
 4473, 4438, 4445, -1, 4473, 4445, 4479, -1, 4479, 4445, 4425, -1,
 4479, 4425, 4426, -1, 4426, 4425, 4389, -1, 4426, 4389, 4387, -1,
 4387, 4389, 4348, -1, 4387, 4348, 4329, -1, 4329, 4348, 4294, -1,
 4329, 4294, 4265, -1, 4265, 4294, 4225, -1, 4265, 4225, 4174, -1,
 4174, 4225, 4130, -1, 4174, 4130, 4037, -1, 4037, 4130, 3986, -1,
 4037, 3986, 3871, -1, 3871, 3986, 3817, -1, 3871, 3817, 3685, -1,
 3685, 3817, 3648, -1, 3685, 3648, 3526, -1, 3526, 3648, 3499, -1,
 3526, 3499, 3398, -1, 3398, 3499, 3378, -1, 3398, 3378, 3269, -1,
 3269, 3378, 3255, -1, 3269, 3255, 3154, -1, 3154, 3255, 3144, -1,
 3154, 3144, 3068, -1, 3068, 3144, 3064, -1, 3068, 3064, 2931, -1,
 2931, 3064, 3060, -1, 2931, 3060, 2926, -1, 2926, 3060, 3055, -1,
 2926, 3055, 2922, -1, 2922, 3055, 3048, -1, 2922, 3048, 2910, -1,
 2910, 3048, 3037, -1, 2910, 3037, 2899, -1, 2899, 3037, 3028, -1,
 2899, 3028, 2892, -1, 2892, 3028, 3014, -1, 2892, 3014, 2887, -1,
 2887, 3014, 3000, -1, 2887, 3000, 2881, -1, 2881, 3000, 2995, -1,
 2881, 2995, 2929, -1, 3795, 3886, 3842, -1, 3842, 3886, 3958, -1,
 3842, 3958, 4012, -1, 4012, 3958, 4098, -1, 4012, 4098, 4150, -1,
 4150, 4098, 4173, -1, 4150, 4173, 4190, -1, 4190, 4173, 4240, -1,
 4190, 4240, 4224, -1, 4224, 4240, 4254, -1, 4224, 4254, 4201, -1,
 4201, 4254, 4229, -1, 4201, 4229, 4158, -1, 4158, 4229, 4284, -1,
 4158, 4284, 4220, -1, 4220, 4284, 4332, -1, 4220, 4332, 4275, -1,
 4275, 4332, 4379, -1, 4275, 4379, 4321, -1, 4321, 4379, 4424, -1,
 4321, 4424, 4365, -1, 4365, 4424, 4456, -1, 4365, 4456, 4408, -1,
 4408, 4456, 4486, -1, 4408, 4486, 4439, -1, 4439, 4486, 4506, -1,
 4439, 4506, 4471, -1, 4471, 4506, 4528, -1, 4471, 4528, 4498, -1,
 4498, 4528, 4520, -1, 4498, 4520, 4464, -1, 4464, 4520, 4444, -1,
 4464, 4444, 4427, -1, 4427, 4444, 4374, -1, 4427, 4374, 4345, -1,
 4345, 4374, 4320, -1, 4345, 4320, 4317, -1, 4317, 4320, 4266, -1,
 4317, 4266, 4289, -1, 4289, 4266, 4203, -1, 4289, 4203, 4232, -1,
 4232, 4203, 4132, -1, 4232, 4132, 4171, -1, 4171, 4132, 4034, -1,
 4171, 4034, 4089, -1, 4089, 4034, 3937, -1, 4089, 3937, 3991, -1,
 3991, 3937, 3822, -1, 3991, 3822, 3893, -1, 3893, 3822, 3713, -1,
 3893, 3713, 3770, -1, 3770, 3713, 3719, -1, 3770, 3719, 3858, -1,
 3858, 3719, 3792, -1, 3858, 3792, 3933, -1, 3933, 3792, 3879, -1,
 3933, 3879, 3996, -1, 3996, 3879, 3948, -1, 3996, 3948, 4067, -1,
 4067, 3948, 4014, -1, 4067, 4014, 4122, -1, 4122, 4014, 4069, -1,
 4122, 4069, 4150, -1, 4150, 4069, 4012, -1, 2680, 2682, 2655, -1,
 2655, 2682, 2729, -1, 2655, 2729, 2744, -1, 2680, 2655, 2654, -1,
 2654, 2655, 2635, -1, 2654, 2635, 2653, -1, 2653, 2635, 2569, -1,
 2653, 2569, 2617, -1, 2617, 2569, 2570, -1, 2570, 2569, 2522, -1,
 2570, 2522, 2555, -1, 2495, 2532, 2522, -1, 2522, 2532, 2549, -1,
 2522, 2549, 2555, -1, 2439, 2447, 2451, -1, 2451, 2462, 2439, -1,
 2439, 2462, 2493, -1, 2439, 2493, 2495, -1, 2495, 2493, 2505, -1,
 2495, 2505, 2532, -1, 2447, 2439, 2440, -1, 2440, 2439, 2425, -1,
 2440, 2425, 2209, -1, 2372, 2391, 2243, -1, 2243, 2391, 2399, -1,
 2243, 2399, 2235, -1, 2235, 2399, 2407, -1, 2235, 2407, 2231, -1,
 2231, 2407, 2427, -1, 2231, 2427, 2204, -1, 2180, 2192, 2193, -1,
 2150, 2180, 2199, -1, 2199, 2180, 2193, -1, 2199, 2193, 2209, -1,
 2209, 2193, 2204, -1, 2209, 2204, 2440, -1, 2440, 2204, 2427, -1,
 2150, 2199, 2128, -1, 2128, 2199, 2144, -1, 2128, 2144, 2106, -1,
 2106, 2144, 2116, -1, 2106, 2116, 2094, -1, 2078, 2013, 1993, -1,
 1993, 2008, 2078, -1, 2078, 2008, 2059, -1, 2078, 2059, 2116, -1,
 2116, 2059, 2080, -1, 2116, 2080, 2094, -1, 1909, 1925, 1992, -1,
 1992, 1925, 1945, -1, 1992, 1945, 2013, -1, 2013, 1945, 1975, -1,
 2013, 1975, 1993, -1, 2263, 2259, 2396, -1, 2259, 2255, 2398, -1,
 2372, 2279, 2394, -1, 2279, 2270, 2394, -1, 2394, 2270, 2266, -1,
 2394, 2266, 2263, -1, 2772, 2790, 2764, -1, 2830, 2813, 2800, -1,
 2800, 2813, 2791, -1, 2259, 2398, 2396, -1, 2396, 2398, 2406, -1,
 2396, 2406, 2404, -1, 2404, 2406, 2414, -1, 2404, 2414, 2412, -1,
 2412, 2414, 2432, -1, 2412, 2432, 2434, -1, 2372, 2394, 2391, -1,
 2391, 2394, 2401, -1, 2391, 2401, 2399, -1, 2399, 2401, 2409, -1,
 2399, 2409, 2407, -1, 2407, 2409, 2431, -1, 2407, 2431, 2427, -1,
 2427, 2431, 2442, -1, 2427, 2442, 2440, -1, 2528, 2529, 2503, -1,
 2432, 2438, 2434, -1, 2434, 2438, 2450, -1, 2434, 2450, 2445, -1,
 2445, 2450, 2459, -1, 2445, 2459, 2457, -1, 2457, 2459, 2488, -1,
 2457, 2488, 2483, -1, 2483, 2488, 2506, -1, 2483, 2506, 2503, -1,
 2503, 2506, 2509, -1, 2503, 2509, 2528, -1, 2528, 2536, 2529, -1,
 2529, 2536, 2556, -1, 2529, 2556, 2552, -1, 2440, 2442, 2447, -1,
 2447, 2442, 2454, -1, 2447, 2454, 2451, -1, 2451, 2454, 2466, -1,
 2451, 2466, 2462, -1, 2462, 2466, 2499, -1, 2462, 2499, 2493, -1,
 2493, 2499, 2513, -1, 2493, 2513, 2505, -1, 2505, 2513, 2543, -1,
 2505, 2543, 2532, -1, 2556, 2565, 2552, -1, 2552, 2565, 2597, -1,
 2552, 2597, 2583, -1, 2583, 2597, 2611, -1, 2583, 2611, 2596, -1,
 2684, 2692, 2648, -1, 2648, 2692, 2683, -1, 2611, 2620, 2596, -1,
 2596, 2620, 2652, -1, 2596, 2652, 2648, -1, 2648, 2652, 2669, -1,
 2648, 2669, 2684, -1, 2532, 2543, 2549, -1, 2549, 2543, 2572, -1,
 2549, 2572, 2555, -1, 2555, 2572, 2582, -1, 2555, 2582, 2570, -1,
 2570, 2582, 2631, -1, 2570, 2631, 2617, -1, 2617, 2631, 2671, -1,
 2617, 2671, 2653, -1, 2692, 2723, 2683, -1, 2683, 2723, 2758, -1,
 2683, 2758, 2746, -1, 2873, 2845, 2852, -1, 2852, 2845, 2830, -1,
 2852, 2830, 2841, -1, 2841, 2830, 2800, -1, 2841, 2800, 2806, -1,
 2806, 2800, 2765, -1, 2806, 2765, 2796, -1, 2796, 2765, 2746, -1,
 2796, 2746, 2784, -1, 2784, 2746, 2758, -1, 2263, 2396, 2394, -1,
 2394, 2396, 2404, -1, 2394, 2404, 2401, -1, 2401, 2404, 2412, -1,
 2401, 2412, 2409, -1, 2409, 2412, 2434, -1, 2409, 2434, 2431, -1,
 2431, 2434, 2445, -1, 2431, 2445, 2442, -1, 2442, 2445, 2457, -1,
 2442, 2457, 2454, -1, 2454, 2457, 2483, -1, 2454, 2483, 2466, -1,
 2466, 2483, 2503, -1, 2466, 2503, 2499, -1, 2499, 2503, 2529, -1,
 2499, 2529, 2513, -1, 2513, 2529, 2552, -1, 2513, 2552, 2543, -1,
 2543, 2552, 2583, -1, 2543, 2583, 2572, -1, 2572, 2583, 2596, -1,
 2572, 2596, 2582, -1, 2582, 2596, 2648, -1, 2582, 2648, 2631, -1,
 2631, 2648, 2683, -1, 2631, 2683, 2671, -1, 2671, 2683, 2746, -1,
 2671, 2746, 2704, -1, 2704, 2746, 2765, -1, 2704, 2765, 2722, -1,
 2722, 2765, 2800, -1, 2722, 2800, 2772, -1, 2772, 2800, 2791, -1,
 2772, 2791, 2790, -1, 2653, 2671, 2654, -1, 2654, 2671, 2704, -1,
 2654, 2704, 2680, -1, 2680, 2704, 2722, -1, 2680, 2722, 2682, -1,
 2682, 2722, 2772, -1, 2682, 2772, 2729, -1, 2729, 2772, 2764, -1,
 2729, 2764, 2744, -1, 2266, 2270, 2260, -1, 1794, 1777, 1803, -1,
 1794, 1803, 1825, -1, 1825, 1803, 1831, -1, 1831, 1803, 1807, -1,
 1831, 1807, 1858, -1, 1884, 1870, 1855, -1, 1925, 1909, 1878, -1,
 2270, 2279, 2260, -1, 2260, 2279, 2372, -1, 2260, 2372, 2241, -1,
 2246, 2263, 2266, -1, 2244, 2255, 2259, -1, 2222, 2225, 2230, -1,
 2230, 2225, 2236, -1, 2230, 2236, 2238, -1, 2238, 2236, 2244, -1,
 2238, 2244, 2246, -1, 2246, 2244, 2259, -1, 2246, 2259, 2263, -1,
 2372, 2243, 2241, -1, 2241, 2243, 2235, -1, 2241, 2235, 2233, -1,
 2233, 2235, 2231, -1, 2233, 2231, 2227, -1, 2227, 2231, 2204, -1,
 2227, 2204, 2201, -1, 2201, 2204, 2193, -1, 2201, 2193, 2189, -1,
 2173, 2183, 2187, -1, 2187, 2183, 2195, -1, 2187, 2195, 2198, -1,
 2198, 2195, 2205, -1, 2198, 2205, 2222, -1, 2222, 2205, 2218, -1,
 2222, 2218, 2225, -1, 2133, 2134, 2173, -1, 2173, 2134, 2163, -1,
 2173, 2163, 2183, -1, 2112, 2125, 2133, -1, 2133, 2125, 2130, -1,
 2133, 2130, 2134, -1, 2090, 2089, 2112, -1, 2112, 2089, 2105, -1,
 2112, 2105, 2125, -1, 2193, 2192, 2189, -1, 2189, 2192, 2180, -1,
 2189, 2180, 2177, -1, 2177, 2180, 2150, -1, 2177, 2150, 2142, -1,
 2142, 2150, 2128, -1, 2142, 2128, 2123, -1, 2123, 2128, 2106, -1,
 2123, 2106, 2098, -1, 2098, 2106, 2094, -1, 2098, 2094, 2069, -1,
 2019, 2036, 2060, -1, 2060, 2036, 2039, -1, 2060, 2039, 2090, -1,
 2090, 2039, 2077, -1, 2090, 2077, 2089, -1, 1959, 1978, 1971, -1,
 1971, 1978, 1994, -1, 1971, 1994, 2019, -1, 2019, 1994, 2001, -1,
 2019, 2001, 2036, -1, 2094, 2080, 2069, -1, 2069, 2080, 2059, -1,
 2069, 2059, 2033, -1, 2033, 2059, 2008, -1, 2033, 2008, 1990, -1,
 1990, 2008, 1993, -1, 1990, 1993, 1954, -1, 1930, 1898, 1971, -1,
 1971, 1898, 1952, -1, 1971, 1952, 1959, -1, 1993, 1975, 1954, -1,
 1954, 1975, 1945, -1, 1954, 1945, 1918, -1, 1918, 1945, 1925, -1,
 1918, 1925, 1884, -1, 1884, 1925, 1878, -1, 1884, 1878, 1870, -1,
 2266, 2260, 2246, -1, 2246, 2260, 2241, -1, 2246, 2241, 2238, -1,
 2238, 2241, 2233, -1, 2238, 2233, 2230, -1, 2230, 2233, 2227, -1,
 2230, 2227, 2222, -1, 2222, 2227, 2201, -1, 2222, 2201, 2198, -1,
 2198, 2201, 2189, -1, 2198, 2189, 2187, -1, 2187, 2189, 2177, -1,
 2187, 2177, 2173, -1, 2173, 2177, 2142, -1, 2173, 2142, 2133, -1,
 2133, 2142, 2123, -1, 2133, 2123, 2112, -1, 2112, 2123, 2098, -1,
 2112, 2098, 2090, -1, 2090, 2098, 2069, -1, 2090, 2069, 2060, -1,
 2060, 2069, 2033, -1, 2060, 2033, 2019, -1, 2019, 2033, 1990, -1,
 2019, 1990, 1971, -1, 1971, 1990, 1954, -1, 1971, 1954, 1930, -1,
 1930, 1954, 1918, -1, 1930, 1918, 1877, -1, 1877, 1918, 1884, -1,
 1877, 1884, 1858, -1, 1858, 1884, 1855, -1, 1858, 1855, 1831, -1,
 1807, 1818, 1858, -1, 1858, 1818, 1851, -1, 1858, 1851, 1877, -1,
 1877, 1851, 1853, -1, 1877, 1853, 1930, -1, 1930, 1853, 1887, -1,
 1930, 1887, 1898, -1, 2210, 2424, 2422, -1, 2655, 2744, 2737, -1,
 2199, 2209, 2210, -1, 2116, 2144, 2145, -1, 2013, 2078, 2079, -1,
 1992, 1997, 1909, -1, 1909, 1997, 1916, -1, 2210, 2209, 2424, -1,
 2424, 2209, 2425, -1, 2424, 2425, 2439, -1, 2494, 2495, 2522, -1,
 2567, 2569, 2635, -1, 2487, 2422, 2490, -1, 2490, 2422, 2424, -1,
 2490, 2424, 2494, -1, 2494, 2424, 2439, -1, 2494, 2439, 2495, -1,
 2655, 2737, 2649, -1, 2649, 2737, 2736, -1, 2649, 2736, 2644, -1,
 2151, 2091, 2084, -1, 2547, 2487, 2554, -1, 2554, 2487, 2490, -1,
 2554, 2490, 2560, -1, 2560, 2490, 2494, -1, 2560, 2494, 2567, -1,
 2567, 2494, 2522, -1, 2567, 2522, 2569, -1, 2097, 2091, 2155, -1,
 2155, 2091, 2151, -1, 2155, 2151, 2215, -1, 2615, 2547, 2628, -1,
 2628, 2547, 2554, -1, 2628, 2554, 2639, -1, 2639, 2554, 2560, -1,
 2639, 2560, 2644, -1, 2644, 2560, 2567, -1, 2644, 2567, 2649, -1,
 2649, 2567, 2635, -1, 2649, 2635, 2655, -1, 1916, 1997, 1917, -1,
 1917, 1997, 2004, -1, 1917, 2004, 1928, -1, 1928, 2004, 2010, -1,
 1928, 2010, 1941, -1, 1941, 2010, 2022, -1, 1941, 2022, 1955, -1,
 1955, 2022, 2032, -1, 1955, 2032, 1964, -1, 2102, 2097, 2171, -1,
 2171, 2097, 2155, -1, 2171, 2155, 2217, -1, 2217, 2155, 2215, -1,
 2217, 2215, 2417, -1, 2078, 2116, 2079, -1, 2079, 2116, 2145, -1,
 2079, 2145, 2149, -1, 2149, 2145, 2212, -1, 2149, 2212, 2213, -1,
 2213, 2212, 2421, -1, 2213, 2421, 2419, -1, 2419, 2421, 2484, -1,
 2419, 2484, 2467, -1, 2467, 2484, 2540, -1, 2467, 2540, 2533, -1,
 2533, 2540, 2562, -1, 1964, 2032, 1965, -1, 1965, 2032, 2053, -1,
 1965, 2053, 1982, -1, 1997, 2084, 2004, -1, 2004, 2084, 2091, -1,
 2004, 2091, 2010, -1, 2010, 2091, 2097, -1, 2010, 2097, 2022, -1,
 2022, 2097, 2102, -1, 2022, 2102, 2032, -1, 2032, 2102, 2081, -1,
 2032, 2081, 2053, -1, 2463, 2415, 2417, -1, 2417, 2415, 2369, -1,
 2417, 2369, 2217, -1, 2217, 2369, 2220, -1, 2217, 2220, 2171, -1,
 2171, 2220, 2174, -1, 2171, 2174, 2102, -1, 2102, 2174, 2108, -1,
 2102, 2108, 2081, -1, 1992, 2013, 1997, -1, 1997, 2013, 2079, -1,
 1997, 2079, 2084, -1, 2084, 2079, 2149, -1, 2084, 2149, 2151, -1,
 2151, 2149, 2213, -1, 2151, 2213, 2215, -1, 2215, 2213, 2419, -1,
 2215, 2419, 2417, -1, 2417, 2419, 2467, -1, 2417, 2467, 2463, -1,
 2463, 2467, 2533, -1, 2594, 2562, 2615, -1, 2615, 2562, 2540, -1,
 2615, 2540, 2547, -1, 2547, 2540, 2484, -1, 2547, 2484, 2487, -1,
 2487, 2484, 2421, -1, 2487, 2421, 2422, -1, 2422, 2421, 2212, -1,
 2422, 2212, 2210, -1, 2210, 2212, 2145, -1, 2210, 2145, 2199, -1,
 2199, 2145, 2144, -1, 2664, 2594, 2675, -1, 2675, 2594, 2615, -1,
 2675, 2615, 2676, -1, 2676, 2615, 2628, -1, 2676, 2628, 2685, -1,
 2685, 2628, 2639, -1, 2685, 2639, 2705, -1, 2705, 2639, 2644, -1,
 2705, 2644, 2727, -1, 2727, 2644, 2736, -1, 2854, 2853, 2814, -1,
 2862, 2860, 2821, -1, 2866, 2864, 2831, -1, 2676, 2685, 2700, -1,
 2737, 2744, 2764, -1, 2672, 2681, 2699, -1, 2699, 2681, 2730, -1,
 2776, 2754, 2730, -1, 2730, 2754, 2710, -1, 2730, 2710, 2699, -1,
 2807, 2782, 2814, -1, 2814, 2782, 2771, -1, 2814, 2771, 2776, -1,
 2776, 2771, 2766, -1, 2776, 2766, 2754, -1, 2807, 2814, 2836, -1,
 2836, 2814, 2853, -1, 2836, 2853, 2850, -1, 2756, 2736, 2737, -1,
 2736, 2756, 2727, -1, 2705, 2727, 2739, -1, 2685, 2705, 2724, -1,
 2672, 2664, 2681, -1, 2681, 2664, 2675, -1, 2681, 2675, 2676, -1,
 2737, 2764, 2756, -1, 2756, 2764, 2790, -1, 2756, 2790, 2787, -1,
 2845, 2843, 2830, -1, 2830, 2843, 2809, -1, 2830, 2809, 2813, -1,
 2813, 2809, 2787, -1, 2813, 2787, 2791, -1, 2791, 2787, 2790, -1,
 2845, 2873, 2843, -1, 2843, 2873, 2871, -1, 2843, 2871, 2869, -1,
 2727, 2756, 2739, -1, 2739, 2756, 2787, -1, 2739, 2787, 2778, -1,
 2778, 2787, 2809, -1, 2778, 2809, 2801, -1, 2801, 2809, 2843, -1,
 2801, 2843, 2839, -1, 2839, 2843, 2869, -1, 2839, 2869, 2868, -1,
 2705, 2739, 2724, -1, 2724, 2739, 2778, -1, 2724, 2778, 2768, -1,
 2768, 2778, 2801, -1, 2768, 2801, 2797, -1, 2797, 2801, 2839, -1,
 2797, 2839, 2831, -1, 2831, 2839, 2868, -1, 2831, 2868, 2866, -1,
 2685, 2724, 2700, -1, 2700, 2724, 2768, -1, 2700, 2768, 2747, -1,
 2747, 2768, 2797, -1, 2747, 2797, 2788, -1, 2788, 2797, 2831, -1,
 2788, 2831, 2821, -1, 2821, 2831, 2864, -1, 2821, 2864, 2862, -1,
 2676, 2700, 2681, -1, 2681, 2700, 2747, -1, 2681, 2747, 2730, -1,
 2730, 2747, 2788, -1, 2730, 2788, 2776, -1, 2776, 2788, 2821, -1,
 2776, 2821, 2814, -1, 2814, 2821, 2860, -1, 2814, 2860, 2854, -1,
 1870, 1878, 1881, -1, 1831, 1855, 1860, -1, 1821, 1816, 1861, -1,
 1861, 1816, 1862, -1, 1861, 1862, 1866, -1, 1866, 1862, 1868, -1,
 1868, 1862, 1891, -1, 1868, 1891, 1894, -1, 1953, 1936, 1940, -1,
 1940, 1936, 1926, -1, 1940, 1926, 1891, -1, 1891, 1926, 1910, -1,
 1891, 1910, 1894, -1, 1953, 1940, 1976, -1, 1976, 1940, 1965, -1,
 1976, 1965, 1982, -1, 1800, 1805, 1782, -1, 1777, 1794, 1779, -1,
 1779, 1794, 1800, -1, 1779, 1800, 1781, -1, 1781, 1800, 1782, -1,
 1802, 1793, 1812, -1, 1812, 1793, 1790, -1, 1812, 1790, 1810, -1,
 1810, 1790, 1787, -1, 1810, 1787, 1805, -1, 1805, 1787, 1784, -1,
 1805, 1784, 1782, -1, 1821, 1808, 1816, -1, 1816, 1808, 1804, -1,
 1816, 1804, 1802, -1, 1852, 1812, 1844, -1, 1844, 1812, 1810, -1,
 1844, 1810, 1837, -1, 1837, 1810, 1805, -1, 1837, 1805, 1830, -1,
 1830, 1805, 1800, -1, 1830, 1800, 1825, -1, 1825, 1800, 1794, -1,
 1880, 1852, 1873, -1, 1873, 1852, 1844, -1, 1873, 1844, 1864, -1,
 1864, 1844, 1837, -1, 1864, 1837, 1860, -1, 1860, 1837, 1830, -1,
 1860, 1830, 1831, -1, 1831, 1830, 1825, -1, 1924, 1880, 1906, -1,
 1906, 1880, 1873, -1, 1906, 1873, 1888, -1, 1888, 1873, 1864, -1,
 1888, 1864, 1881, -1, 1881, 1864, 1860, -1, 1881, 1860, 1870, -1,
 1870, 1860, 1855, -1, 1878, 1909, 1916, -1, 1878, 1916, 1881, -1,
 1881, 1916, 1917, -1, 1881, 1917, 1888, -1, 1888, 1917, 1928, -1,
 1888, 1928, 1906, -1, 1906, 1928, 1941, -1, 1906, 1941, 1924, -1,
 1924, 1941, 1955, -1, 1924, 1955, 1964, -1, 1802, 1812, 1816, -1,
 1816, 1812, 1852, -1, 1816, 1852, 1862, -1, 1862, 1852, 1880, -1,
 1862, 1880, 1891, -1, 1891, 1880, 1924, -1, 1891, 1924, 1940, -1,
 1940, 1924, 1964, -1, 1940, 1964, 1965, -1, 2860, 2862, 2920, -1,
 2581, 2590, 2592, -1, 3027, 3036, 3040, -1, 3729, 3749, 3809, -1,
 3806, 3885, 3890, -1, 3625, 3595, 3628, -1, 2909, 2907, 2916, -1,
 2907, 2850, 2916, -1, 2916, 2850, 2853, -1, 2916, 2853, 2854, -1,
 2909, 2916, 2939, -1, 2939, 2916, 3004, -1, 2939, 3004, 2997, -1,
 3079, 3045, 3004, -1, 3004, 3045, 3003, -1, 3004, 3003, 2997, -1,
 3161, 3127, 3172, -1, 3172, 3127, 3071, -1, 3172, 3071, 3079, -1,
 3079, 3071, 3070, -1, 3079, 3070, 3045, -1, 3161, 3172, 3216, -1,
 3216, 3172, 3270, -1, 3216, 3270, 3226, -1, 3226, 3270, 3261, -1,
 3261, 3270, 3313, -1, 3261, 3313, 3299, -1, 3474, 3414, 3405, -1,
 3414, 3400, 3405, -1, 3405, 3400, 3389, -1, 3405, 3389, 3313, -1,
 3313, 3389, 3320, -1, 3313, 3320, 3299, -1, 3540, 3537, 3566, -1,
 3566, 3537, 3474, -1, 3566, 3474, 3491, -1, 3491, 3474, 3405, -1,
 3628, 3595, 3566, -1, 3566, 3595, 3551, -1, 3566, 3551, 3540, -1,
 3625, 3628, 3632, -1, 3632, 3628, 3694, -1, 3632, 3694, 3652, -1,
 3652, 3694, 3655, -1, 3655, 3694, 3752, -1, 3655, 3752, 3692, -1,
 3805, 3739, 3752, -1, 3752, 3739, 3702, -1, 3752, 3702, 3692, -1,
 3853, 3769, 3805, -1, 3805, 3769, 3746, -1, 3805, 3746, 3739, -1,
 3806, 3800, 3885, -1, 3885, 3800, 3799, -1, 3885, 3799, 3853, -1,
 3853, 3799, 3781, -1, 3853, 3781, 3769, -1, 3834, 3830, 3898, -1,
 3898, 3830, 3827, -1, 3898, 3827, 3890, -1, 3890, 3827, 3815, -1,
 3890, 3815, 3806, -1, 3834, 3898, 3831, -1, 3831, 3898, 3896, -1,
 3831, 3896, 3824, -1, 3786, 3794, 3855, -1, 3855, 3794, 3796, -1,
 3855, 3796, 3888, -1, 3888, 3796, 3810, -1, 3888, 3810, 3896, -1,
 3896, 3810, 3821, -1, 3896, 3821, 3824, -1, 3809, 3749, 3855, -1,
 3855, 3749, 3773, -1, 3855, 3773, 3786, -1, 3729, 3809, 3722, -1,
 3722, 3809, 3754, -1, 3722, 3754, 3710, -1, 3710, 3754, 3677, -1,
 3677, 3754, 3716, -1, 3677, 3716, 3676, -1, 3605, 3616, 3649, -1,
 3649, 3616, 3618, -1, 3649, 3618, 3716, -1, 3716, 3618, 3670, -1,
 3716, 3670, 3676, -1, 3605, 3649, 3585, -1, 3585, 3649, 3586, -1,
 3585, 3586, 3558, -1, 3558, 3586, 3511, -1, 3511, 3586, 3515, -1,
 3511, 3515, 3503, -1, 3503, 3515, 3492, -1, 3492, 3515, 3467, -1,
 3492, 3467, 3452, -1, 3315, 3306, 3394, -1, 3394, 3306, 3366, -1,
 3366, 3371, 3394, -1, 3394, 3371, 3384, -1, 3394, 3384, 3467, -1,
 3467, 3384, 3438, -1, 3467, 3438, 3452, -1, 3218, 3221, 3315, -1,
 3315, 3221, 3291, -1, 3315, 3291, 3306, -1, 3089, 3097, 3105, -1,
 3105, 3097, 3142, -1, 3105, 3142, 3145, -1, 3145, 3142, 3211, -1,
 3145, 3211, 3218, -1, 3218, 3211, 3219, -1, 3218, 3219, 3221, -1,
 3040, 3036, 3105, -1, 3105, 3036, 3077, -1, 3105, 3077, 3089, -1,
 2897, 2942, 2901, -1, 2901, 2942, 2966, -1, 2901, 2966, 2977, -1,
 2977, 2966, 2973, -1, 2977, 2973, 3040, -1, 3040, 2973, 3008, -1,
 3040, 3008, 3027, -1, 2897, 2901, 2847, -1, 2847, 2901, 2819, -1,
 2847, 2819, 2818, -1, 2818, 2819, 2793, -1, 2793, 2819, 2742, -1,
 2793, 2742, 2738, -1, 2592, 2590, 2742, -1, 2742, 2590, 2689, -1,
 2742, 2689, 2738, -1, 2581, 2592, 2541, -1, 2541, 2592, 2472, -1,
 2541, 2472, 2480, -1, 2480, 2472, 2470, -1, 2470, 2472, 2390, -1,
 2470, 2390, 2265, -1, 2473, 2387, 2389, -1, 2269, 2268, 2477, -1,
 2477, 2268, 2318, -1, 2873, 2879, 2871, -1, 2871, 2879, 2928, -1,
 2871, 2928, 2869, -1, 2869, 2928, 2868, -1, 2862, 2864, 2925, -1,
 2925, 2864, 2866, -1, 2925, 2866, 2868, -1, 2860, 2920, 2854, -1,
 2879, 2929, 2928, -1, 2928, 2929, 2995, -1, 2928, 2995, 3012, -1,
 2995, 3016, 3012, -1, 3012, 3016, 3098, -1, 3012, 3098, 3094, -1,
 3094, 3098, 3102, -1, 3094, 3102, 3190, -1, 3102, 3199, 3190, -1,
 3190, 3199, 3235, -1, 3190, 3235, 3302, -1, 3476, 3555, 3453, -1,
 3453, 3555, 3559, -1, 3235, 3310, 3302, -1, 3302, 3310, 3364, -1,
 3302, 3364, 3357, -1, 3357, 3364, 3396, -1, 3357, 3396, 3453, -1,
 3453, 3396, 3466, -1, 3453, 3466, 3476, -1, 3555, 3571, 3559, -1,
 3559, 3571, 3642, -1, 3559, 3642, 3651, -1, 3642, 3674, 3651, -1,
 3651, 3674, 3732, -1, 3651, 3732, 3730, -1, 3732, 3757, 3730, -1,
 3730, 3757, 3841, -1, 3730, 3841, 3828, -1, 3841, 3860, 3828, -1,
 3828, 3860, 3926, -1, 3828, 3926, 3912, -1, 3926, 3943, 3912, -1,
 3912, 3943, 3989, -1, 3912, 3989, 3978, -1, 3978, 3989, 4005, -1,
 3978, 4005, 4025, -1, 4025, 4005, 4039, -1, 4025, 4039, 4046, -1,
 4046, 4061, 4025, -1, 4025, 4061, 4085, -1, 4025, 4085, 4056, -1,
 4085, 4094, 4056, -1, 4056, 4094, 4102, -1, 4056, 4102, 4064, -1,
 4064, 4102, 4108, -1, 4064, 4108, 4079, -1, 4108, 4117, 4079, -1,
 4079, 4117, 4113, -1, 4079, 4113, 4074, -1, 4113, 4110, 4074, -1,
 4074, 4110, 4103, -1, 4074, 4103, 4055, -1, 4060, 4021, 4081, -1,
 4081, 4021, 4055, -1, 4081, 4055, 4093, -1, 4093, 4055, 4103, -1,
 4060, 4047, 4021, -1, 4021, 4047, 4042, -1, 4021, 4042, 3974, -1,
 4042, 4004, 3974, -1, 3974, 4004, 3942, -1, 3974, 3942, 3908, -1,
 3942, 3941, 3908, -1, 3908, 3941, 3886, -1, 3908, 3886, 3849, -1,
 3849, 3886, 3795, -1, 3849, 3795, 3748, -1, 3597, 3576, 3664, -1,
 3795, 3779, 3748, -1, 3748, 3779, 3682, -1, 3748, 3682, 3664, -1,
 3664, 3682, 3662, -1, 3664, 3662, 3597, -1, 3597, 3593, 3576, -1,
 3576, 3593, 3532, -1, 3576, 3532, 3517, -1, 3532, 3530, 3517, -1,
 3517, 3530, 3440, -1, 3517, 3440, 3434, -1, 3434, 3440, 3431, -1,
 3434, 3431, 3347, -1, 3431, 3358, 3347, -1, 3347, 3358, 3324, -1,
 3347, 3324, 3247, -1, 3324, 3257, 3247, -1, 3247, 3257, 3222, -1,
 3247, 3222, 3160, -1, 3222, 3166, 3160, -1, 3160, 3166, 3138, -1,
 3160, 3138, 3119, -1, 3138, 3121, 3119, -1, 3119, 3121, 3069, -1,
 3119, 3069, 3047, -1, 3069, 3051, 3047, -1, 3047, 3051, 3020, -1,
 3047, 3020, 2983, -1, 3020, 2988, 2983, -1, 2983, 2988, 2959, -1,
 2983, 2959, 2911, -1, 2959, 2914, 2911, -1, 2911, 2914, 2886, -1,
 2911, 2886, 2829, -1, 2886, 2832, 2829, -1, 2829, 2832, 2757, -1,
 2829, 2757, 2752, -1, 2752, 2757, 2679, -1, 2752, 2679, 2603, -1,
 2679, 2606, 2603, -1, 2603, 2606, 2508, -1, 2603, 2508, 2477, -1,
 2477, 2508, 2479, -1, 2477, 2479, 2269, -1, 2269, 2479, 2444, -1,
 2269, 2444, 2388, -1, 2868, 2928, 2925, -1, 2925, 2928, 3012, -1,
 2925, 3012, 3009, -1, 3009, 3012, 3094, -1, 3009, 3094, 3087, -1,
 3087, 3094, 3190, -1, 3087, 3190, 3184, -1, 3184, 3190, 3302, -1,
 3184, 3302, 3295, -1, 3295, 3302, 3357, -1, 3295, 3357, 3342, -1,
 3342, 3357, 3453, -1, 3342, 3453, 3441, -1, 3441, 3453, 3559, -1,
 3441, 3559, 3536, -1, 3536, 3559, 3651, -1, 3536, 3651, 3624, -1,
 3624, 3651, 3730, -1, 3624, 3730, 3700, -1, 3700, 3730, 3828, -1,
 3700, 3828, 3783, -1, 3783, 3828, 3912, -1, 3783, 3912, 3864, -1,
 3864, 3912, 3978, -1, 3864, 3978, 3932, -1, 3932, 3978, 4025, -1,
 3932, 4025, 3977, -1, 3977, 4025, 4056, -1, 3977, 4056, 4003, -1,
 4003, 4056, 4064, -1, 4003, 4064, 4015, -1, 4015, 4064, 4079, -1,
 4015, 4079, 4028, -1, 4028, 4079, 4074, -1, 4028, 4074, 4023, -1,
 4023, 4074, 4055, -1, 4023, 4055, 4002, -1, 4002, 4055, 4021, -1,
 4002, 4021, 3976, -1, 3976, 4021, 3974, -1, 3976, 3974, 3927, -1,
 3927, 3974, 3908, -1, 3927, 3908, 3862, -1, 3862, 3908, 3849, -1,
 3862, 3849, 3797, -1, 3797, 3849, 3748, -1, 3797, 3748, 3718, -1,
 3718, 3748, 3664, -1, 3718, 3664, 3636, -1, 3636, 3664, 3576, -1,
 3636, 3576, 3556, -1, 3556, 3576, 3517, -1, 3556, 3517, 3500, -1,
 3500, 3517, 3434, -1, 3500, 3434, 3421, -1, 3421, 3434, 3347, -1,
 3421, 3347, 3338, -1, 3338, 3347, 3247, -1, 3338, 3247, 3240, -1,
 3240, 3247, 3160, -1, 3240, 3160, 3155, -1, 3155, 3160, 3119, -1,
 3155, 3119, 3116, -1, 3116, 3119, 3047, -1, 3116, 3047, 3044, -1,
 3044, 3047, 2983, -1, 3044, 2983, 2981, -1, 2981, 2983, 2911, -1,
 2981, 2911, 2906, -1, 2906, 2911, 2829, -1, 2906, 2829, 2825, -1,
 2825, 2829, 2752, -1, 2825, 2752, 2748, -1, 2748, 2752, 2603, -1,
 2748, 2603, 2601, -1, 2601, 2603, 2477, -1, 2601, 2477, 2475, -1,
 2475, 2477, 2318, -1, 2475, 2318, 2386, -1, 2862, 2925, 2920, -1,
 2920, 2925, 3009, -1, 2920, 3009, 3007, -1, 3007, 3009, 3087, -1,
 3007, 3087, 3081, -1, 3081, 3087, 3184, -1, 3081, 3184, 3178, -1,
 3178, 3184, 3295, -1, 3178, 3295, 3283, -1, 3283, 3295, 3342, -1,
 3283, 3342, 3332, -1, 3332, 3342, 3441, -1, 3332, 3441, 3427, -1,
 3427, 3441, 3536, -1, 3427, 3536, 3516, -1, 3516, 3536, 3624, -1,
 3516, 3624, 3601, -1, 3601, 3624, 3700, -1, 3601, 3700, 3671, -1,
 3671, 3700, 3783, -1, 3671, 3783, 3737, -1, 3737, 3783, 3864, -1,
 3737, 3864, 3811, -1, 3811, 3864, 3932, -1, 3811, 3932, 3874, -1,
 3874, 3932, 3977, -1, 3874, 3977, 3920, -1, 3920, 3977, 4003, -1,
 3920, 4003, 3944, -1, 3944, 4003, 4015, -1, 3944, 4015, 3953, -1,
 3953, 4015, 4028, -1, 3953, 4028, 3968, -1, 3968, 4028, 4023, -1,
 3968, 4023, 3963, -1, 3963, 4023, 4002, -1, 3963, 4002, 3945, -1,
 3945, 4002, 3976, -1, 3945, 3976, 3919, -1, 3919, 3976, 3927, -1,
 3919, 3927, 3870, -1, 3870, 3927, 3862, -1, 3870, 3862, 3808, -1,
 3808, 3862, 3797, -1, 3808, 3797, 3755, -1, 3755, 3797, 3718, -1,
 3755, 3718, 3681, -1, 3681, 3718, 3636, -1, 3681, 3636, 3609, -1,
 3609, 3636, 3556, -1, 3609, 3556, 3533, -1, 3533, 3556, 3500, -1,
 3533, 3500, 3484, -1, 3484, 3500, 3421, -1, 3484, 3421, 3403, -1,
 3403, 3421, 3338, -1, 3403, 3338, 3327, -1, 3327, 3338, 3240, -1,
 3327, 3240, 3230, -1, 3230, 3240, 3155, -1, 3230, 3155, 3149, -1,
 3149, 3155, 3116, -1, 3149, 3116, 3110, -1, 3110, 3116, 3044, -1,
 3110, 3044, 3041, -1, 3041, 3044, 2981, -1, 3041, 2981, 2978, -1,
 2978, 2981, 2906, -1, 2978, 2906, 2904, -1, 2904, 2906, 2825, -1,
 2904, 2825, 2823, -1, 2823, 2825, 2748, -1, 2823, 2748, 2743, -1,
 2743, 2748, 2601, -1, 2743, 2601, 2598, -1, 2598, 2601, 2475, -1,
 2598, 2475, 2473, -1, 2473, 2475, 2386, -1, 2473, 2386, 2387, -1,
 2854, 2920, 2916, -1, 2916, 2920, 3007, -1, 2916, 3007, 3004, -1,
 3004, 3007, 3081, -1, 3004, 3081, 3079, -1, 3079, 3081, 3178, -1,
 3079, 3178, 3172, -1, 3172, 3178, 3283, -1, 3172, 3283, 3270, -1,
 3270, 3283, 3332, -1, 3270, 3332, 3313, -1, 3313, 3332, 3427, -1,
 3313, 3427, 3405, -1, 3405, 3427, 3516, -1, 3405, 3516, 3491, -1,
 3491, 3516, 3601, -1, 3491, 3601, 3566, -1, 3566, 3601, 3671, -1,
 3566, 3671, 3628, -1, 3628, 3671, 3737, -1, 3628, 3737, 3694, -1,
 3694, 3737, 3811, -1, 3694, 3811, 3752, -1, 3752, 3811, 3874, -1,
 3752, 3874, 3805, -1, 3805, 3874, 3920, -1, 3805, 3920, 3853, -1,
 3853, 3920, 3944, -1, 3853, 3944, 3885, -1, 3885, 3944, 3953, -1,
 3885, 3953, 3890, -1, 3890, 3953, 3968, -1, 3890, 3968, 3898, -1,
 3898, 3968, 3963, -1, 3898, 3963, 3896, -1, 3896, 3963, 3945, -1,
 3896, 3945, 3888, -1, 3888, 3945, 3919, -1, 3888, 3919, 3855, -1,
 3855, 3919, 3870, -1, 3855, 3870, 3809, -1, 3809, 3870, 3808, -1,
 3809, 3808, 3754, -1, 3754, 3808, 3755, -1, 3754, 3755, 3716, -1,
 3716, 3755, 3681, -1, 3716, 3681, 3649, -1, 3649, 3681, 3609, -1,
 3649, 3609, 3586, -1, 3586, 3609, 3533, -1, 3586, 3533, 3515, -1,
 3515, 3533, 3484, -1, 3515, 3484, 3467, -1, 3467, 3484, 3403, -1,
 3467, 3403, 3394, -1, 3394, 3403, 3327, -1, 3394, 3327, 3315, -1,
 3315, 3327, 3230, -1, 3315, 3230, 3218, -1, 3218, 3230, 3149, -1,
 3218, 3149, 3145, -1, 3145, 3149, 3110, -1, 3145, 3110, 3105, -1,
 3105, 3110, 3041, -1, 3105, 3041, 3040, -1, 3040, 3041, 2978, -1,
 3040, 2978, 2977, -1, 2977, 2978, 2904, -1, 2977, 2904, 2901, -1,
 2901, 2904, 2823, -1, 2901, 2823, 2819, -1, 2819, 2823, 2743, -1,
 2819, 2743, 2742, -1, 2742, 2743, 2598, -1, 2742, 2598, 2592, -1,
 2592, 2598, 2473, -1, 2592, 2473, 2472, -1, 2472, 2473, 2389, -1,
 2472, 2389, 2390, -1, 2127, 2043, 2045, -1, 1961, 1899, 1902, -1,
 1760, 1730, 1733, -1, 1693, 1662, 1668, -1, 1630, 1600, 1604, -1,
 1575, 1529, 1531, -1, 1508, 1483, 1489, -1, 1419, 1395, 1402, -1,
 1313, 1292, 1300, -1, 1216, 1209, 1220, -1, 1106, 1053, 1072, -1,
 1500, 1488, 1476, -1, 1190, 1174, 1156, -1, 1008, 1028, 1001, -1,
 1338, 1340, 1329, -1, 1540, 1554, 1548, -1, 1672, 1681, 1677, -1,
 1708, 1747, 1744, -1, 1765, 1841, 1840, -1, 2194, 2157, 2159, -1,
 2388, 2194, 2269, -1, 2269, 2194, 2159, -1, 2269, 2159, 2268, -1,
 2268, 2159, 2318, -1, 2387, 2386, 2164, -1, 2164, 2386, 2318, -1,
 2164, 2318, 2161, -1, 2161, 2318, 2159, -1, 2154, 2168, 2166, -1,
 2166, 2168, 2181, -1, 2387, 2164, 2389, -1, 2389, 2164, 2166, -1,
 2389, 2166, 2390, -1, 2390, 2166, 2181, -1, 2390, 2181, 2265, -1,
 1958, 2056, 2051, -1, 2051, 2056, 2063, -1, 1911, 1913, 1923, -1,
 1672, 1677, 1616, -1, 1592, 1601, 1612, -1, 1540, 1548, 1510, -1,
 1368, 1433, 1427, -1, 1427, 1433, 1463, -1, 1254, 1265, 1271, -1,
 1152, 1186, 1175, -1, 1175, 1186, 1194, -1, 1175, 1194, 1196, -1,
 1131, 1063, 1111, -1, 1028, 1032, 1001, -1, 1001, 1032, 1079, -1,
 1001, 1079, 1063, -1, 1063, 1079, 1091, -1, 1063, 1091, 1111, -1,
 1008, 1001, 975, -1, 975, 1001, 933, -1, 975, 933, 968, -1,
 968, 933, 895, -1, 968, 895, 951, -1, 951, 895, 939, -1,
 939, 895, 838, -1, 939, 838, 900, -1, 859, 868, 788, -1,
 788, 868, 882, -1, 788, 882, 838, -1, 838, 882, 893, -1,
 838, 893, 900, -1, 818, 820, 750, -1, 750, 820, 823, -1,
 750, 823, 762, -1, 762, 823, 837, -1, 762, 837, 788, -1,
 788, 837, 853, -1, 788, 853, 859, -1, 818, 750, 816, -1,
 816, 750, 748, -1, 816, 748, 811, -1, 756, 827, 748, -1,
 748, 827, 810, -1, 748, 810, 811, -1, 849, 839, 766, -1,
 766, 839, 835, -1, 766, 835, 756, -1, 756, 835, 829, -1,
 756, 829, 827, -1, 849, 766, 865, -1, 865, 766, 789, -1,
 865, 789, 877, -1, 877, 789, 842, -1, 877, 842, 887, -1,
 959, 946, 897, -1, 897, 946, 926, -1, 897, 926, 842, -1,
 842, 926, 903, -1, 842, 903, 887, -1, 959, 897, 963, -1,
 963, 897, 953, -1, 963, 953, 996, -1, 1109, 1083, 1081, -1,
 1081, 1083, 1066, -1, 1081, 1066, 1017, -1, 1017, 1066, 1051, -1,
 1017, 1051, 953, -1, 953, 1051, 1018, -1, 953, 1018, 996, -1,
 1156, 1174, 1081, -1, 1081, 1174, 1135, -1, 1081, 1135, 1109, -1,
 1342, 1335, 1332, -1, 1332, 1335, 1243, -1, 1335, 1283, 1243, -1,
 1243, 1283, 1257, -1, 1243, 1257, 1156, -1, 1156, 1257, 1213, -1,
 1156, 1213, 1190, -1, 1342, 1332, 1349, -1, 1349, 1332, 1378, -1,
 1349, 1378, 1390, -1, 1476, 1488, 1378, -1, 1378, 1488, 1432, -1,
 1378, 1432, 1390, -1, 1589, 1572, 1628, -1, 1628, 1572, 1646, -1,
 1628, 1646, 1651, -1, 1651, 1646, 1663, -1, 1589, 1579, 1572, -1,
 1572, 1579, 1577, -1, 1572, 1577, 1476, -1, 1476, 1577, 1515, -1,
 1476, 1515, 1500, -1, 1793, 1802, 1728, -1, 1728, 1802, 1804, -1,
 1663, 1646, 1736, -1, 1736, 1646, 1728, -1, 1736, 1728, 1754, -1,
 1754, 1728, 1804, -1, 1754, 1804, 1808, -1, 1787, 1790, 1724, -1,
 1724, 1790, 1793, -1, 1782, 1784, 1720, -1, 1720, 1784, 1787, -1,
 1779, 1781, 1718, -1, 1718, 1781, 1782, -1, 1777, 1779, 1717, -1,
 1717, 1779, 1718, -1, 1717, 1718, 1679, -1, 1679, 1718, 1639, -1,
 1455, 1553, 1557, -1, 1557, 1553, 1570, -1, 1557, 1570, 1639, -1,
 1639, 1570, 1636, -1, 1639, 1636, 1679, -1, 1293, 1334, 1346, -1,
 1346, 1334, 1439, -1, 1346, 1439, 1455, -1, 1455, 1439, 1449, -1,
 1455, 1449, 1553, -1, 1179, 1199, 1193, -1, 1193, 1199, 1274, -1,
 1193, 1274, 1293, -1, 1293, 1274, 1282, -1, 1293, 1282, 1334, -1,
 1179, 1193, 1120, -1, 1120, 1193, 1090, -1, 1120, 1090, 1077, -1,
 1077, 1090, 1027, -1, 1027, 1090, 999, -1, 1027, 999, 977, -1,
 977, 999, 936, -1, 936, 999, 914, -1, 936, 914, 892, -1,
 892, 914, 843, -1, 843, 914, 814, -1, 843, 814, 784, -1,
 784, 814, 745, -1, 745, 814, 732, -1, 745, 732, 703, -1,
 703, 732, 667, -1, 667, 732, 665, -1, 667, 665, 641, -1,
 641, 665, 609, -1, 609, 665, 620, -1, 609, 620, 601, -1,
 579, 547, 585, -1, 585, 547, 565, -1, 585, 565, 620, -1,
 620, 565, 581, -1, 620, 581, 601, -1, 566, 541, 579, -1,
 579, 541, 543, -1, 579, 543, 547, -1, 572, 530, 566, -1,
 566, 530, 528, -1, 566, 528, 541, -1, 586, 536, 572, -1,
 572, 536, 533, -1, 572, 533, 530, -1, 624, 557, 586, -1,
 586, 557, 548, -1, 586, 548, 536, -1, 672, 642, 624, -1,
 624, 642, 593, -1, 593, 588, 624, -1, 624, 588, 582, -1,
 624, 582, 557, -1, 794, 707, 736, -1, 736, 707, 695, -1,
 736, 695, 672, -1, 672, 695, 644, -1, 672, 644, 642, -1,
 986, 867, 901, -1, 901, 867, 832, -1, 901, 832, 794, -1,
 794, 832, 765, -1, 794, 765, 707, -1, 1793, 1728, 1724, -1,
 1724, 1728, 1646, -1, 1724, 1646, 1642, -1, 1642, 1646, 1572, -1,
 1642, 1572, 1567, -1, 1567, 1572, 1476, -1, 1567, 1476, 1467, -1,
 1467, 1476, 1378, -1, 1467, 1378, 1366, -1, 1366, 1378, 1332, -1,
 1366, 1332, 1316, -1, 1316, 1332, 1243, -1, 1316, 1243, 1225, -1,
 1225, 1243, 1156, -1, 1225, 1156, 1130, -1, 1130, 1156, 1081, -1,
 1130, 1081, 1047, -1, 1047, 1081, 1017, -1, 1047, 1017, 982, -1,
 982, 1017, 953, -1, 982, 953, 909, -1, 909, 953, 897, -1,
 909, 897, 836, -1, 836, 897, 842, -1, 836, 842, 773, -1,
 773, 842, 789, -1, 773, 789, 723, -1, 723, 789, 766, -1,
 723, 766, 702, -1, 702, 766, 756, -1, 702, 756, 692, -1,
 692, 756, 748, -1, 692, 748, 680, -1, 680, 748, 750, -1,
 680, 750, 684, -1, 684, 750, 762, -1, 684, 762, 701, -1,
 701, 762, 788, -1, 701, 788, 724, -1, 724, 788, 838, -1,
 724, 838, 776, -1, 776, 838, 895, -1, 776, 895, 840, -1,
 840, 895, 933, -1, 840, 933, 894, -1, 894, 933, 1001, -1,
 894, 1001, 967, -1, 967, 1001, 1063, -1, 967, 1063, 1037, -1,
 1037, 1063, 1131, -1, 1037, 1131, 1115, -1, 1787, 1724, 1720, -1,
 1720, 1724, 1642, -1, 1720, 1642, 1641, -1, 1641, 1642, 1567, -1,
 1641, 1567, 1562, -1, 1562, 1567, 1467, -1, 1562, 1467, 1461, -1,
 1461, 1467, 1366, -1, 1461, 1366, 1355, -1, 1355, 1366, 1316, -1,
 1355, 1316, 1303, -1, 1303, 1316, 1225, -1, 1303, 1225, 1208, -1,
 1208, 1225, 1130, -1, 1208, 1130, 1110, -1, 1110, 1130, 1047, -1,
 1110, 1047, 1020, -1, 1020, 1047, 982, -1, 1020, 982, 947, -1,
 947, 982, 909, -1, 947, 909, 861, -1, 861, 909, 836, -1,
 861, 836, 780, -1, 780, 836, 773, -1, 780, 773, 715, -1,
 715, 773, 723, -1, 715, 723, 666, -1, 666, 723, 702, -1,
 666, 702, 645, -1, 645, 702, 692, -1, 645, 692, 632, -1,
 632, 692, 680, -1, 632, 680, 615, -1, 615, 680, 684, -1,
 615, 684, 622, -1, 622, 684, 701, -1, 622, 701, 646, -1,
 646, 701, 724, -1, 646, 724, 669, -1, 669, 724, 776, -1,
 669, 776, 718, -1, 718, 776, 840, -1, 718, 840, 783, -1,
 783, 840, 894, -1, 783, 894, 850, -1, 850, 894, 967, -1,
 850, 967, 929, -1, 929, 967, 1037, -1, 929, 1037, 1012, -1,
 1012, 1037, 1115, -1, 1012, 1115, 1092, -1, 1782, 1720, 1718, -1,
 1718, 1720, 1641, -1, 1718, 1641, 1639, -1, 1639, 1641, 1562, -1,
 1639, 1562, 1557, -1, 1557, 1562, 1461, -1, 1557, 1461, 1455, -1,
 1455, 1461, 1355, -1, 1455, 1355, 1346, -1, 1346, 1355, 1303, -1,
 1346, 1303, 1293, -1, 1293, 1303, 1208, -1, 1293, 1208, 1193, -1,
 1193, 1208, 1110, -1, 1193, 1110, 1090, -1, 1090, 1110, 1020, -1,
 1090, 1020, 999, -1, 999, 1020, 947, -1, 999, 947, 914, -1,
 914, 947, 861, -1, 914, 861, 814, -1, 814, 861, 780, -1,
 814, 780, 732, -1, 732, 780, 715, -1, 732, 715, 665, -1,
 665, 715, 666, -1, 665, 666, 620, -1, 620, 666, 645, -1,
 620, 645, 585, -1, 585, 645, 632, -1, 585, 632, 579, -1,
 579, 632, 615, -1, 579, 615, 566, -1, 566, 615, 622, -1,
 566, 622, 572, -1, 572, 622, 646, -1, 572, 646, 586, -1,
 586, 646, 669, -1, 586, 669, 624, -1, 624, 669, 718, -1,
 624, 718, 672, -1, 672, 718, 783, -1, 672, 783, 736, -1,
 736, 783, 850, -1, 736, 850, 794, -1, 794, 850, 929, -1,
 794, 929, 901, -1, 901, 929, 1012, -1, 901, 1012, 986, -1,
 986, 1012, 1092, -1, 986, 1092, 1072, -1, 1053, 1049, 1072, -1,
 1072, 1049, 979, -1, 1072, 979, 986, -1, 986, 979, 966, -1,
 986, 966, 867, -1, 1118, 1106, 1129, -1, 1129, 1106, 1072, -1,
 1129, 1072, 1146, -1, 1146, 1072, 1092, -1, 1146, 1092, 1161, -1,
 1161, 1092, 1115, -1, 1161, 1115, 1175, -1, 1175, 1115, 1131, -1,
 1175, 1131, 1152, -1, 1152, 1131, 1111, -1, 1209, 1118, 1220, -1,
 1220, 1118, 1129, -1, 1220, 1129, 1230, -1, 1230, 1129, 1146, -1,
 1230, 1146, 1245, -1, 1245, 1146, 1161, -1, 1245, 1161, 1254, -1,
 1254, 1161, 1175, -1, 1254, 1175, 1265, -1, 1265, 1175, 1196, -1,
 1292, 1216, 1300, -1, 1300, 1216, 1220, -1, 1300, 1220, 1310, -1,
 1310, 1220, 1230, -1, 1310, 1230, 1319, -1, 1319, 1230, 1245, -1,
 1319, 1245, 1329, -1, 1329, 1245, 1254, -1, 1329, 1254, 1338, -1,
 1338, 1254, 1271, -1, 1395, 1313, 1402, -1, 1402, 1313, 1300, -1,
 1402, 1300, 1411, -1, 1411, 1300, 1310, -1, 1411, 1310, 1418, -1,
 1418, 1310, 1319, -1, 1418, 1319, 1427, -1, 1427, 1319, 1329, -1,
 1427, 1329, 1368, -1, 1368, 1329, 1340, -1, 1483, 1419, 1489, -1,
 1489, 1419, 1402, -1, 1489, 1402, 1493, -1, 1493, 1402, 1411, -1,
 1493, 1411, 1498, -1, 1498, 1411, 1418, -1, 1498, 1418, 1504, -1,
 1504, 1418, 1427, -1, 1504, 1427, 1475, -1, 1475, 1427, 1463, -1,
 1529, 1508, 1531, -1, 1531, 1508, 1489, -1, 1531, 1489, 1538, -1,
 1538, 1489, 1493, -1, 1538, 1493, 1543, -1, 1543, 1493, 1498, -1,
 1543, 1498, 1548, -1, 1548, 1498, 1504, -1, 1548, 1504, 1510, -1,
 1510, 1504, 1475, -1, 1600, 1575, 1604, -1, 1604, 1575, 1531, -1,
 1604, 1531, 1608, -1, 1608, 1531, 1538, -1, 1608, 1538, 1610, -1,
 1610, 1538, 1543, -1, 1610, 1543, 1612, -1, 1612, 1543, 1548, -1,
 1612, 1548, 1592, -1, 1592, 1548, 1554, -1, 1662, 1630, 1668, -1,
 1668, 1630, 1604, -1, 1668, 1604, 1671, -1, 1671, 1604, 1608, -1,
 1671, 1608, 1675, -1, 1675, 1608, 1610, -1, 1675, 1610, 1677, -1,
 1677, 1610, 1612, -1, 1677, 1612, 1616, -1, 1616, 1612, 1601, -1,
 1730, 1693, 1733, -1, 1733, 1693, 1668, -1, 1733, 1668, 1735, -1,
 1735, 1668, 1671, -1, 1735, 1671, 1739, -1, 1739, 1671, 1675, -1,
 1739, 1675, 1744, -1, 1744, 1675, 1677, -1, 1744, 1677, 1708, -1,
 1708, 1677, 1681, -1, 1829, 1760, 1832, -1, 1832, 1760, 1733, -1,
 1832, 1733, 1834, -1, 1834, 1733, 1735, -1, 1834, 1735, 1836, -1,
 1836, 1735, 1739, -1, 1836, 1739, 1840, -1, 1840, 1739, 1744, -1,
 1840, 1744, 1765, -1, 1765, 1744, 1747, -1, 1899, 1829, 1902, -1,
 1902, 1829, 1832, -1, 1902, 1832, 1904, -1, 1904, 1832, 1834, -1,
 1904, 1834, 1907, -1, 1907, 1834, 1836, -1, 1907, 1836, 1911, -1,
 1911, 1836, 1840, -1, 1911, 1840, 1913, -1, 1913, 1840, 1841, -1,
 2043, 1961, 2045, -1, 2045, 1961, 1902, -1, 2045, 1902, 2047, -1,
 2047, 1902, 1904, -1, 2047, 1904, 2049, -1, 2049, 1904, 1907, -1,
 2049, 1907, 2051, -1, 2051, 1907, 1911, -1, 2051, 1911, 1958, -1,
 1958, 1911, 1923, -1, 2157, 2127, 2159, -1, 2159, 2127, 2045, -1,
 2159, 2045, 2161, -1, 2161, 2045, 2047, -1, 2161, 2047, 2164, -1,
 2164, 2047, 2049, -1, 2164, 2049, 2166, -1, 2166, 2049, 2051, -1,
 2166, 2051, 2154, -1, 2154, 2051, 2063, -1
]
materialIndex [
 0, 0, 0, 0, 0, 0, 0, 0, 0, 0, 0, 0, 0, 0, 0, 0, 0, 0, 0, 0, 0, 0, 0, 0, 0, 0, 0, 0, 0, 0, 0, 0, 0, 0, 0, 0, 0, 0, 0, 0, 0, 0, 0, 0, 0, 0, 0, 0, 0, 0, 0, 0, 0, 0, 0, 0, 0, 0, 0, 0, 0, 0, 0, 0, 0, 0, 0, 0, 0, 0, 0, 0, 0, 0, 0, 0, 0, 0, 0, 0, 0, 0, 0, 0, 0, 0, 0, 0, 0, 0, 0, 0, 0, 0, 0, 0, 0, 0, 0, 0, 0, 0, 0, 0, 0, 0, 0, 0, 0, 0, 0, 0, 0, 0, 0, 0, 0, 0, 0, 0, 0, 0, 0, 0, 0, 0, 0, 0, 0, 0, 0, 0, 0, 0, 0, 0, 0, 0, 0, 0, 0, 0, 0, 0, 0, 0, 0, 0, 0, 0, 0, 0, 0, 0, 0, 0, 0, 0, 0, 0, 0, 0, 0, 0, 0, 0, 0, 0, 0, 0, 0, 0, 0, 0, 0, 0, 0, 0, 0, 0, 0, 0, 0, 0, 0, 0, 0, 0, 0, 0, 0, 0, 0, 0, 0, 0, 0, 0, 0, 0, 0, 0, 0, 0, 0, 0, 0, 0, 0, 0, 0, 0, 0, 0, 0, 0, 0, 0, 0, 0, 0, 0, 0, 0, 0, 0, 0, 0, 0, 0, 0, 0, 0, 0, 0, 0, 0, 0, 0, 0, 0, 0, 0, 0, 0, 0, 0, 0, 0, 0, 0, 0, 0, 0, 0, 0, 0, 0, 0, 0, 0, 0, 0, 0, 0, 0, 0, 0, 0, 0, 0, 0, 0, 0, 0, 0, 0, 0, 0, 0, 0, 0, 0, 0, 0, 0, 0, 0, 0, 0, 0, 0, 0, 0, 0, 0, 0, 0, 0, 0, 0, 1, 1, 1, 1, 1, 1, 1, 1, 1, 1, 1, 1, 1, 1, 1, 1, 1, 1, 1, 1, 1, 1, 1, 1, 1, 1, 1, 1, 1, 1, 1, 1, 1, 1, 1, 1, 1, 1, 1, 1, 1, 1, 1, 1, 1, 1, 1, 1, 1, 1, 1, 1, 1, 1, 1, 1, 1, 1, 1, 1, 1, 1, 1, 1, 1, 1, 1, 1, 1, 1, 1, 1, 1, 1, 1, 1, 1, 1, 1, 1, 1, 1, 1, 1, 1, 1, 1, 1, 1, 1, 1, 1, 1, 1, 1, 1, 1, 1, 1, 1, 1, 1, 1, 1, 1, 1, 1, 1, 1, 1, 1, 1, 1, 1, 1, 1, 1, 1, 1, 1, 1, 1, 1, 1, 1, 1, 1, 1, 1, 1, 1, 1, 1, 1, 1, 1, 1, 1, 1, 1, 1, 1, 1, 1, 1, 1, 1, 1, 1, 1, 1, 1, 1, 1, 1, 1, 1, 1, 1, 1, 1, 1, 1, 1, 1, 1, 1, 1, 1, 1, 1, 1, 1, 1, 1, 1, 1, 1, 1, 1, 1, 1, 1, 1, 1, 1, 1, 1, 1, 1, 1, 1, 1, 1, 1, 1, 1, 1, 1, 1, 1, 1, 1, 1, 1, 1, 1, 1, 1, 1, 1, 1, 1, 1, 1, 1, 1, 1, 1, 1, 1, 1, 1, 1, 1, 1, 1, 1, 1, 1, 1, 1, 1, 1, 1, 1, 1, 1, 1, 1, 1, 1, 1, 1, 1, 1, 1, 1, 1, 1, 1, 1, 1, 1, 1, 1, 1, 1, 1, 1, 1, 1, 1, 1, 1, 1, 1, 1, 1, 1, 1, 1, 1, 1, 1, 1, 1, 1, 1, 1, 1, 1, 1, 1, 1, 1, 1, 1, 1, 1, 1, 1, 1, 1, 1, 1, 1, 1, 1, 1, 1, 1, 1, 1, 1, 1, 1, 1, 1, 1, 1, 1, 1, 1, 1, 1, 1, 1, 1, 1, 1, 1, 1, 1, 1, 1, 1, 1, 1, 1, 1, 1, 1, 1, 1, 1, 1, 1, 1, 1, 1, 1, 1, 1, 1, 1, 1, 1, 1, 1, 1, 1, 1, 1, 1, 1, 1, 1, 1, 1, 1, 1, 1, 1, 1, 1, 1, 1, 1, 1, 1, 1, 1, 1, 1, 1, 1, 1, 1, 1, 1, 1, 1, 1, 1, 1, 1, 1, 1, 1, 1, 1, 1, 1, 1, 1, 1, 1, 1, 1, 1, 1, 1, 1, 1, 1, 1, 1, 1, 1, 1, 1, 1, 1, 1, 1, 1, 1, 1, 1, 1, 1, 1, 1, 1, 1, 1, 1, 1, 1, 1, 1, 1, 1, 1, 1, 1, 1, 1, 1, 1, 1, 1, 1, 1, 1, 1, 1, 1, 1, 1, 1, 1, 1, 1, 1, 1, 1, 1, 1, 1, 1, 1, 1, 1, 1, 1, 1, 1, 1, 1, 1, 1, 1, 1, 1, 1, 1, 1, 1, 1, 1, 1, 1, 1, 1, 1, 1, 1, 1, 1, 1, 1, 1, 1, 1, 1, 1, 1, 1, 1, 1, 1, 1, 1, 1, 1, 1, 1, 1, 1, 1, 1, 1, 1, 1, 1, 1, 1, 1, 1, 1, 1, 1, 1, 1, 1, 1, 1, 1, 1, 1, 1, 1, 1, 1, 1, 1, 1, 1, 1, 1, 1, 1, 1, 1, 1, 1, 1, 1, 1, 1, 1, 1, 1, 1, 1, 1, 1, 1, 1, 1, 1, 1, 1, 1, 1, 1, 1, 1, 1, 1, 1, 1, 1, 1, 1, 1, 1, 1, 1, 1, 1, 1, 1, 1, 1, 1, 1, 1, 1, 1, 1, 1, 1, 1, 1, 1, 1, 1, 1, 1, 1, 1, 1, 1, 1, 1, 1, 1, 1, 1, 1, 1, 1, 1, 1, 1, 1, 1, 1, 1, 1, 1, 1, 1, 1, 1, 1, 1, 1, 1, 1, 1, 1, 1, 1, 1, 1, 1, 1, 1, 1, 1, 1, 1, 1, 1, 1, 1, 1, 1, 1, 1, 1, 1, 1, 1, 1, 1, 1, 1, 1, 1, 1, 1, 1, 1, 1, 1, 1, 1, 1, 1, 1, 1, 1, 1, 1, 1, 1, 1, 1, 1, 1, 1, 1, 1, 1, 1, 1, 1, 1, 1, 1, 1, 1, 1, 1, 1, 1, 1, 1, 1, 1, 1, 1, 1, 1, 1, 1, 1, 1, 1, 1, 1, 1, 1, 1, 1, 1, 1, 1, 1, 1, 1, 1, 1, 1, 1, 1, 1, 1, 1, 1, 1, 1, 1, 1, 1, 1, 1, 1, 1, 1, 1, 1, 1, 1, 1, 1, 1, 1, 1, 1, 1, 1, 1, 1, 1, 1, 1, 1, 1, 1, 1, 1, 1, 1, 1, 1, 1, 1, 1, 1, 1, 1, 1, 1, 1, 1, 1, 1, 1, 1, 1, 1, 1, 1, 1, 1, 1, 1, 1, 1, 1, 1, 1, 1, 1, 1, 1, 1, 1, 1, 1, 1, 1, 1, 1, 1, 1, 1, 1, 1, 1, 1, 1, 1, 1, 1, 1, 1, 1, 1, 1, 1, 1, 1, 1, 1, 1, 1, 1, 1, 1, 1, 1, 1, 1, 1, 1, 1, 1, 1, 1, 1, 1, 1, 1, 1, 1, 1, 1, 1, 1, 1, 1, 1, 1, 1, 1, 1, 1, 1, 1, 1, 1, 1, 1, 1, 1, 1, 1, 1, 1, 1, 1, 1, 1, 1, 1, 1, 1, 1, 1, 1, 1, 1, 1, 1, 1, 1, 1, 1, 1, 1, 1, 1, 1, 1, 1, 1, 1, 1, 1, 1, 1, 1, 1, 1, 1, 1, 1, 1, 1, 1, 1, 1, 1, 1, 1, 1, 1, 1, 1, 1, 1, 1, 1, 1, 1, 1, 1, 1, 1, 1, 1, 1, 1, 1, 1, 1, 1, 1, 1, 1, 1, 1, 1, 1, 1, 1, 1, 1, 1, 1, 1, 1, 1, 1, 1, 1, 1, 1, 1, 1, 1, 1, 1, 1, 1, 1, 1, 1, 1, 1, 1, 1, 1, 1, 1, 1, 1, 1, 1, 1, 1, 1, 1, 1, 1, 1, 1, 1, 1, 1, 1, 1, 1, 1, 1, 1, 1, 1, 1, 1, 1, 1, 1, 1, 1, 1, 1, 1, 1, 1, 1, 1, 1, 1, 1, 1, 1, 1, 1, 1, 1, 1, 1, 1, 1, 1, 1, 1, 1, 1, 1, 1, 1, 1, 1, 1, 1, 1, 1, 1, 1, 1, 1, 1, 1, 1, 1, 1, 1, 1, 1, 1, 1, 1, 1, 1, 1, 1, 1, 1, 1, 1, 1, 1, 1, 1, 1, 1, 1, 1, 1, 1, 1, 1, 1, 1, 1, 1, 1, 1, 1, 1, 1, 1, 1, 1, 1, 1, 1, 1, 1, 1, 1, 1, 1, 1, 1, 1, 1, 1, 1, 1, 1, 1, 1, 1, 1, 1, 1, 1, 1, 1, 1, 1, 1, 1, 1, 1, 1, 1, 1, 1, 1, 1, 1, 1, 1, 1, 1, 1, 1, 1, 1, 1, 1, 1, 1, 1, 1, 1, 1, 1, 1, 1, 1, 1, 1, 1, 1, 1, 1, 1, 1, 1, 1, 1, 1, 1, 1, 1, 1, 1, 1, 1, 1, 1, 1, 1, 1, 1, 1, 1, 1, 1, 1, 1, 1, 1, 1, 1, 1, 1, 1, 1, 1, 1, 1, 1, 1, 1, 1, 1, 1, 1, 1, 1, 1, 1, 1, 1, 1, 1, 1, 1, 1, 1, 1, 1, 1, 1, 1, 1, 1, 1, 1, 1, 1, 1, 1, 1, 1, 1, 1, 1, 1, 1, 1, 1, 1, 1, 1, 1, 1, 1, 1, 1, 1, 1, 1, 1, 1, 1, 1, 1, 1, 1, 1, 1, 1, 1, 1, 1, 1, 1, 1, 1, 1, 1, 1, 1, 1, 1, 1, 1, 1, 1, 1, 1, 1, 1, 1, 1, 1, 1, 1, 1, 1, 1, 1, 1, 1, 1, 1, 1, 1, 1, 1, 1, 0, 0, 0, 0, 0, 0, 0, 0, 0, 0, 0, 0, 0, 0, 0, 0, 0, 0, 0, 0, 0, 0, 0, 0, 0, 0, 0, 0, 0, 0, 0, 0, 0, 0, 0, 0, 0, 0, 0, 0, 0, 0, 0, 0, 0, 0, 0, 0, 0, 0, 0, 0, 0, 0, 0, 0, 0, 0, 0, 0, 0, 0, 0, 0, 0, 0, 0, 0, 0, 0, 0, 0, 0, 0, 0, 0, 0, 0, 0, 0, 0, 0, 0, 0, 0, 0, 0, 0, 0, 0, 0, 0, 0, 0, 0, 0, 0, 0, 0, 0, 0, 0, 0, 0, 0, 0, 0, 0, 0, 0, 0, 0, 0, 0, 0, 0, 0, 0, 0, 0, 0, 0, 0, 0, 0, 0, 0, 0, 0, 0, 0, 0, 0, 0, 0, 0, 0, 0, 0, 0, 0, 0, 0, 0, 0, 0, 0, 0, 0, 0, 0, 0, 0, 0, 0, 0, 0, 0, 0, 0, 0, 0, 0, 0, 0, 0, 0, 0, 0, 0, 0, 0, 0, 0, 0, 0, 0, 0, 0, 0, 0, 0, 0, 0, 0, 0, 0, 0, 0, 0, 0, 0, 0, 0, 0, 0, 0, 0, 0, 0, 0, 0, 0, 0, 0, 0, 0, 0, 0, 0, 0, 0, 0, 0, 0, 0, 0, 0, 0, 0, 0, 0, 0, 0, 0, 0, 0, 0, 0, 0, 0, 0, 0, 0, 0, 0, 0, 0, 0, 0, 0, 0, 0, 0, 0, 0, 0, 0, 0, 0, 0, 0, 0, 0, 0, 0, 0, 0, 0, 0, 0, 0, 0, 0, 0, 0, 0, 0, 0, 0, 0, 0, 0, 0, 0, 0, 0, 0, 0, 0, 0, 0, 0, 0, 0, 0, 0, 0, 0, 0, 0, 0, 0, 0, 0, 0, 0, 0, 0, 0, 0, 0, 0, 0, 0, 0, 0, 0, 0, 0, 0, 0, 0, 0, 0, 0, 0, 0, 0, 0, 0, 0, 0, 0, 0, 0, 0, 0, 0, 0, 0, 0, 0, 0, 0, 0, 0, 0, 0, 0, 0, 0, 0, 0, 0, 0, 0, 0, 0, 0, 0, 0, 0, 0, 0, 0, 0, 0, 0, 0, 0, 0, 0, 0, 0, 0, 0, 0, 0, 0, 0, 0, 0, 0, 0, 0, 0, 0, 0, 0, 0, 0, 0, 0, 0, 0, 0, 0, 0, 0, 0, 0, 0, 0, 0, 0, 0, 0, 0, 0, 0, 0, 0, 0, 0, 0, 0, 0, 0, 0, 0, 0, 0, 0, 0, 0, 0, 0, 0, 0, 0, 0, 0, 0, 0, 0, 0, 0, 0, 0, 0, 0, 0, 0, 0, 0, 0, 0, 0, 0, 0, 0, 0, 0, 0, 0, 0, 0, 0, 0, 0, 0, 0, 0, 0, 0, 0, 0, 0, 0, 0, 0, 0, 0, 0, 0, 0, 0, 0, 0, 0, 0, 0, 0, 0, 0, 0, 0, 0, 0, 0, 0, 0, 0, 0, 0, 0, 0, 0, 0, 0, 0, 0, 0, 0, 0, 0, 0, 0, 0, 0, 0, 0, 0, 0, 0, 0, 0, 0, 0, 0, 0, 0, 0, 0, 0, 0, 0, 0, 0, 0, 0, 0, 0, 0, 0, 0, 0, 0, 0, 0, 0, 0, 0, 0, 0, 0, 0, 0, 0, 0, 0, 0, 0, 0, 0, 0, 0, 0, 0, 0, 0, 0, 0, 0, 0, 0, 0, 0, 0, 0, 0, 0, 0, 0, 0, 0, 0, 0, 0, 0, 0, 0, 0, 0, 0, 0, 0, 0, 0, 0, 0, 0, 0, 0, 0, 0, 0, 0, 0, 0, 0, 0, 0, 0, 0, 0, 0, 0, 0, 0, 0, 0, 0, 0, 0, 0, 0, 0, 0, 0, 0, 0, 0, 0, 0, 0, 0, 0, 0, 0, 0, 0, 0, 0, 0, 0, 0, 0, 0, 0, 0, 0, 0, 0, 0, 0, 0, 0, 0, 0, 0, 0, 0, 0, 0, 0, 0, 0, 0, 0, 0, 0, 0, 0, 0, 0, 0, 0, 0, 0, 0, 0, 0, 0, 0, 0, 0, 0, 0, 0, 0, 0, 0, 0, 0, 0, 0, 0, 0, 0, 0, 0, 0, 0, 0, 0, 0, 0, 0, 0, 0, 0, 0, 0, 0, 0, 0, 0, 0, 0, 0, 0, 0, 0, 0, 0, 0, 0, 0, 0, 0, 0, 0, 0, 0, 0, 0, 0, 0, 0, 0, 0, 0, 0, 0, 0, 0, 0, 0, 0, 0, 0, 0, 0, 0, 0, 0, 0, 0, 0, 0, 0, 0, 0, 0, 0, 0, 0, 0, 0, 0, 0, 0, 0, 0, 0, 0, 0, 0, 0, 0, 0, 0, 0, 0, 0, 0, 0, 0, 0, 0, 0, 0, 0, 0, 0, 0, 0, 0, 0, 0, 0, 0, 0, 0, 0, 0, 0, 0, 0, 0, 0, 0, 0, 0, 0, 0, 0, 0, 0, 0, 0, 0, 0, 0, 0, 0, 0, 0, 0, 0, 0, 0, 0, 0, 0, 0, 0, 0, 0, 0, 0, 0, 0, 0, 0, 0, 0, 0, 0, 0, 0, 0, 0, 0, 0, 0, 0, 0, 0, 0, 0, 0, 0, 0, 0, 0, 0, 0, 0, 0, 0, 0, 0, 0, 0, 0, 0, 0, 0, 0, 0, 0, 0, 0, 0, 0, 0, 0, 0, 0, 0, 0, 0, 0, 0, 0, 0, 0, 0, 0, 0, 0, 0, 0, 0, 0, 0, 0, 0, 0, 0, 0, 0, 0, 0, 0, 0, 0, 0, 0, 0, 0, 0, 0, 0, 0, 0, 0, 0, 0, 0, 0, 0, 0, 0, 0, 0, 0, 0, 0, 0, 0, 0, 0, 0, 0, 0, 0, 0, 0, 0, 0, 0, 0, 0, 0, 0, 0, 0, 0, 0, 0, 0, 0, 0, 0, 0, 0, 0, 0, 0, 0, 0, 0, 0, 0, 0, 0, 0, 0, 0, 0, 0, 0, 0, 0, 0, 0, 0, 0, 0, 0, 0, 0, 0, 0, 0, 0, 0, 0, 0, 0, 0, 0, 0, 0, 0, 0, 0, 0, 0, 0, 0, 0, 0, 0, 0, 0, 0, 0, 0, 0, 0, 0, 0, 0, 0, 0, 0, 0, 0, 0, 0, 0, 0, 0, 0, 0, 0, 0, 0, 0, 0, 0, 0, 0, 0, 0, 0, 0, 0, 0, 0, 0, 0, 0, 0, 0, 0, 0, 0, 0, 0, 0, 0, 0, 0, 0, 0, 0, 0, 0, 0, 0, 0, 0, 0, 0, 0, 0, 0, 0, 0, 0, 0, 0, 0, 0, 0, 0, 0, 0, 0, 0, 0, 0, 0, 0, 0, 0, 0, 0, 0, 0, 0, 0, 0, 0, 0, 0, 0, 0, 0, 0, 0, 0, 0, 0, 0, 0, 0, 0, 0, 0, 0, 0, 0, 0, 0, 0, 0, 0, 0, 0, 0, 0, 0, 0, 0, 0, 0, 0, 0, 0, 0, 0, 0, 0, 0, 0, 0, 0, 0, 0, 0, 0, 0, 0, 0, 0, 0, 0, 0, 0, 0, 0, 0, 0, 0, 0, 0, 0, 0, 0, 0, 0, 0, 0, 0, 0, 0, 0, 0, 0, 0, 0, 0, 0, 0, 0, 0, 0, 0, 0, 0, 0, 0, 0, 0, 0, 0, 0, 0, 0, 0, 0, 0, 0, 0, 0, 0, 0, 0, 0, 0, 0, 0, 0, 0, 0, 0, 0, 0, 0, 0, 0, 0, 0, 0, 0, 0, 0, 0, 0, 0, 0, 0, 0, 0, 0, 0, 0, 0, 0, 0, 0, 0, 0, 0, 0, 0, 0, 0, 0, 0, 0, 0, 0, 0, 0, 0, 0, 0, 0, 0, 0, 0, 0, 0, 0, 0, 0, 0, 0, 0, 0, 0, 0, 0, 0, 0, 0, 0, 0, 0, 0, 0, 0, 0, 0, 0, 0, 0, 0, 0, 0, 0, 0, 0, 0, 0, 0, 0, 0, 0, 0, 0, 0, 0, 0, 0, 0, 0, 0,
 0, 0, 0, 0, 0, 0, 0, 0, 0, 0, 0, 0, 0, 0, 0, 0, 0, 0, 0, 0, 0, 0, 0, 0, 0, 0, 0, 0, 0, 0, 0, 0, 0, 0, 0, 0, 0, 0, 0, 0, 0, 0, 0, 0, 0, 0, 0, 0, 0, 0, 0, 0, 0, 0, 0, 0, 0, 0, 0, 0, 0, 0, 0, 0, 0, 0, 0, 0, 0, 0, 0, 0, 0, 0, 0, 0, 0, 0, 0, 0, 0, 0, 0, 0, 0, 0, 0, 0, 0, 0, 0, 0, 0, 0, 0, 0, 0, 0, 0, 0, 0, 0, 0, 0, 0, 0, 0, 0, 0, 0, 0, 0, 0, 0, 0, 0, 0, 0, 0, 0, 0, 0, 0, 0, 0, 0, 0, 0, 0, 0, 0, 0, 0, 0, 0, 0, 0, 0, 0, 0, 0, 0, 0, 0, 0, 0, 0, 0, 0, 0, 0, 0, 0, 0, 0, 0, 0, 0, 0, 0, 0, 0, 0, 0, 0, 0, 0, 0, 0, 0, 0, 0, 0, 0, 0, 0, 0, 0, 0, 0, 0, 0, 0, 0, 0, 0, 0, 0, 0, 0, 0, 0, 0, 0, 0, 0, 0, 0, 0, 0, 0, 0, 0, 0, 0, 0, 0, 0, 0, 0, 0, 0, 0, 0, 0, 0, 0, 0, 0, 0, 0, 0, 0, 0, 0, 0, 0, 0, 0, 0, 0, 0, 0, 0, 0, 0, 0, 0, 0, 0, 0, 0, 0, 0, 0, 0, 0, 0, 0, 0, 0, 0, 0, 0, 0, 0, 0, 0, 0, 0, 0, 0, 0, 0, 0, 0, 0, 0, 0, 0, 0, 0, 0, 0, 0, 0, 0, 0, 0, 0, 0, 0, 0, 0, 0, 0, 0, 0, 0, 0, 0, 0, 0, 0, 0, 0, 0, 0, 0, 0, 0, 0, 0,
 0, 0, 0, 0, 0, 0, 0, 0, 0, 0, 0, 0, 0, 0, 0, 0, 0, 0, 0, 0, 0, 0, 0, 0, 0, 0, 0, 0, 0, 0, 0, 0, 0, 0, 0, 0, 0, 0, 0, 0, 0, 0, 0, 0, 0, 0, 0, 0, 0, 0, 0, 0, 0, 0, 0, 0, 0, 0, 0, 0, 0, 0, 0, 0, 0, 0, 0, 0, 0, 0, 0, 0, 0, 0, 0, 0, 0, 0, 0, 0, 0, 0, 0, 0, 0, 0, 0, 0, 0, 0, 0, 0, 0, 0, 0, 0, 0, 0, 0, 0, 0, 0, 0, 0, 0, 0, 0, 0, 0, 0, 0, 0, 0, 0, 0, 0, 0, 0, 0, 0, 0, 0, 0, 0, 0, 0, 0, 0, 0, 0, 0, 0, 0, 0, 0, 0, 0, 0, 0, 0, 0, 0, 0, 0, 0, 0, 0, 0, 0, 0, 0, 0, 0, 0, 0, 0, 0, 0, 0, 0, 0, 0, 0, 0, 0, 0, 0, 0, 0, 0, 0, 0, 0, 0, 0, 0, 0, 0, 0, 0, 0, 0, 0, 0, 0, 0, 0, 0, 0, 0, 0, 0, 0, 0, 0, 0, 0, 0, 0, 0, 0, 0, 0, 0, 0, 0, 0, 0, 0, 0, 0, 0, 0, 0, 0, 0, 0, 0, 0, 0, 0, 0, 0, 0, 0, 0, 0, 0, 0, 0, 0, 0, 0, 0, 0, 0, 0, 0, 0, 0, 0, 0, 0, 0, 0, 0, 0, 0, 0, 0, 0, 0,
 0, 0, 0, 0, 0, 0, 0, 0, 0, 0, 0, 0, 0, 0, 0, 0, 0, 0, 0, 0, 0, 0, 0, 0, 0, 0, 0, 0, 0, 0, 0, 0, 0, 0, 0, 0, 0, 0, 0, 0, 0, 0, 0, 0, 0, 0, 0, 0, 0, 0, 0, 0, 0, 0, 0, 0, 0, 0, 0, 0, 0, 0, 0, 0, 0, 0, 0, 0, 0, 0, 0, 0, 0, 0, 0, 0, 0, 0, 0, 0, 0, 0, 0, 0, 0, 0, 0, 0, 0, 0, 0, 0, 0, 0, 0, 0, 0, 0, 0, 0, 0, 0, 0, 0, 0, 0, 0, 0, 0, 0, 0, 0, 0, 0, 0, 0, 0, 0, 0, 0, 0, 0, 0, 0, 0, 0, 0, 0, 0, 0, 0, 0, 0, 0, 0, 0, 0, 0, 0, 0, 0, 0, 0, 0, 0, 0, 0, 0, 0, 0, 0, 0, 0, 0, 0, 0, 0, 0, 0, 0, 0, 0, 0, 0, 0, 0, 0, 0, 0, 0, 0, 0, 0, 0, 0, 0, 0, 0, 0, 0, 0, 0, 0, 0, 0, 0, 0, 0, 0, 0, 0, 0, 0, 0, 0, 0, 0, 0, 0, 0, 0, 0, 0, 0, 0, 0, 0, 0, 0, 0, 0, 0, 0, 0, 0, 0, 0, 0, 0, 0, 0, 0, 0, 0, 0, 0, 0, 0, 0, 0, 0, 0, 0, 0, 0, 0, 0, 0, 0, 0, 0, 0, 0, 0, 0, 0, 0, 0, 0, 0, 0, 0, 0, 0, 0, 0, 0, 0, 0, 0, 0, 0, 0, 0, 0, 0, 0, 0, 0, 0, 0, 0, 0, 0, 0, 0, 0, 0, 0, 0, 0, 0, 0, 0, 0, 0, 0, 0, 0, 0, 0, 0, 0, 0, 0, 0, 0, 0, 0, 0, 0, 0, 0, 0, 0, 0, 0, 0, 0, 0, 0, 0, 0, 0, 0, 0, 0, 0, 0, 0, 0, 0, 0, 0, 0, 0, 0, 0, 0, 0, 0, 0, 0, 0, 0, 0, 0, 0, 0, 0, 0, 0, 0, 0, 0, 0, 0, 0, 0, 0, 0, 0, 0, 0, 0, 0, 0, 0, 0, 0, 0, 0, 0, 0, 0, 0, 0, 0, 0, 0, 0, 0, 0, 0, 0, 0, 0, 0, 0, 0, 0, 0, 0, 0, 0, 0, 0, 0, 0, 0, 0, 0, 0, 0, 0, 0, 0, 0, 0, 0, 0, 0, 0, 0, 0, 0, 0, 0, 0, 0, 0, 0, 0, 0, 0, 0, 0, 0, 0, 0, 0, 0, 0, 0, 0, 0, 0, 0, 0, 0, 0, 0, 0, 0, 0, 0, 0, 0, 0, 0, 0, 0, 0, 0, 0, 0, 0, 0, 0, 0, 0, 0, 0, 0, 0, 0, 0, 0, 0, 0, 0, 0, 0, 0, 0, 0, 0, 0, 0, 0, 0, 0, 0, 0, 0, 0, 0, 0, 0, 0, 0, 0, 0, 0, 0, 0, 0, 0, 0, 0, 0, 0, 0, 0, 0, 0, 0, 0, 0, 0, 0, 0, 0, 0, 0, 0, 0, 0, 0, 0, 0, 0, 0, 0, 0, 0, 0, 0, 0, 0, 0, 0, 0, 0, 0, 0, 0, 0, 0, 0, 0, 0, 0, 0, 0, 0, 0, 0, 0, 0, 0, 0, 0, 0, 0, 0, 0, 0, 0, 0, 0, 0, 0, 0, 0, 0, 0, 0, 0, 0, 0, 0, 0, 0, 0, 0, 0, 0, 0, 0, 0, 0, 0, 0, 0, 0, 0, 0, 0, 0, 0, 0, 0, 0, 0, 0, 0, 0, 0, 0, 0, 0, 0, 0, 0, 0, 0, 0, 0, 0, 0, 0, 0, 0, 0, 0, 0, 0, 0, 0, 0, 0, 0, 0, 0, 0, 0, 0, 0, 0, 0, 0, 0, 0, 0, 0, 0, 0, 0, 0, 0, 0, 0, 0, 0, 0, 0, 0, 0, 0, 0, 0, 0, 0, 0, 0, 0, 0, 0, 0, 0, 0, 0, 0, 0, 0, 0, 0, 0, 0, 0, 0, 0, 0, 0, 0, 0, 0, 0, 0, 0, 0, 0, 0, 0, 0, 0, 0, 0, 0, 0, 0, 0, 0, 0, 0, 0, 0, 0, 0, 0, 0, 0, 0, 0, 0, 0, 0, 0, 0, 0, 0, 0, 0, 0, 0, 0, 0, 0, 0, 0, 0, 0, 0, 0, 0, 0, 0, 0, 0, 0, 0, 0, 0, 0, 0, 0, 0, 0, 0, 0, 0, 0, 0, 0, 0, 0, 0, 0, 0, 0, 0, 0, 0, 0, 0, 0, 0, 0, 0, 0, 0, 0, 0, 0, 0, 0, 0, 0, 0, 0, 0, 0, 0, 0, 0, 0, 0, 0, 0, 0, 0, 0, 0, 0, 0, 0, 0, 0, 0, 0, 0, 0, 0, 0, 0, 0, 0, 0, 0, 0, 0, 0, 0, 0, 0, 0, 0, 0, 0, 0, 0, 0, 0, 0, 0, 0, 0, 0, 0, 0, 0, 0, 0, 0, 0, 0, 0, 0, 0, 0, 0, 0, 0, 0, 0, 0, 0, 0, 0, 0, 0, 0, 0, 0, 0, 0, 0, 0, 0, 0, 0, 0, 0, 0, 0, 0, 0, 0, 0, 0, 0, 0, 0, 0, 0, 0, 0, 0, 0, 0, 0, 0, 0, 0, 0, 0, 0, 0, 0, 0, 0, 0, 0, 0, 0, 0, 0, 0, 0, 0, 0, 0, 0, 0, 0, 0, 0, 0, 0, 0, 0, 0, 0, 0, 0, 0, 0, 0, 0, 0, 0, 0, 0, 0, 0, 0, 0, 0, 0, 0, 0, 0, 0, 0, 0, 0, 0, 0, 0, 0, 0, 0, 0, 0, 0, 0, 0, 0, 0, 0, 0, 0, 0, 0, 0, 0, 0, 0, 0, 0, 0, 0, 0, 0, 0, 0, 0, 0, 0, 0, 0, 0, 0, 0, 0, 0, 0, 0, 0, 0, 0, 0, 0, 0, 0,
 0, 0, 0, 0, 0, 0, 0, 0, 0, 0, 0, 0, 0, 0, 0, 0, 0, 0, 0, 0, 0, 0, 0, 0, 0, 0, 0, 0, 0, 0, 0, 0, 0, 0, 0, 0, 0, 0, 0, 0, 0, 0, 0, 0, 0, 0, 0, 0, 0, 0, 0, 0, 0, 0, 0, 0, 0, 0, 0, 0, 0, 0, 0, 0, 0, 0, 0, 0, 0, 0, 0, 0, 0, 0, 0, 0, 0, 0, 0, 0, 0, 0, 0, 0, 0, 0, 0, 0, 0, 0, 0, 0, 0, 0, 0, 0, 0, 0, 0, 0, 0, 0, 0, 0, 0, 0, 0, 0, 0, 0, 0, 0, 0, 0, 0, 0, 0, 0, 0, 0, 0, 0, 0, 0, 0, 0, 0, 0, 0, 0, 0, 0, 0, 0, 0, 0, 0, 0, 0, 0, 0, 0, 0, 0, 0, 0, 0, 0, 0, 0, 0, 0, 0, 0, 0, 0, 0, 0, 0, 0, 0, 0, 0, 0, 0, 0, 0, 0, 0, 0, 0, 0, 0, 0, 0, 0, 0, 0, 0, 0, 0, 0, 0, 0, 0, 0, 0, 0, 0, 0, 0, 0, 0, 0, 0, 0, 0, 0, 0, 0, 0, 0, 0, 0, 0, 0, 0, 0, 0, 0, 0, 0, 0, 0, 0, 0, 0, 0, 0, 0, 0, 0, 0, 0, 0, 0, 0, 0, 0, 0, 0, 0, 0, 0, 0, 0, 0, 0, 0, 0, 0, 0, 0, 0, 0, 0, 0, 0, 0, 0, 0, 0, 0, 0, 0, 0, 0, 0, 0, 0, 0, 0, 0, 0, 0, 0, 0, 0, 0, 0, 0, 0, 0, 0, 0, 0, 0, 0, 0, 0, 0, 0, 0, 0, 0, 0, 0, 0, 0, 0, 0, 0, 0, 0, 0, 0, 0, 0, 0, 0, 0, 0, 0, 0, 0, 0, 0, 0, 0, 0, 0, 0, 0, 0, 0, 0, 0, 0, 0, 0, 0, 0, 0, 0, 0, 0,
 0, 0, 0, 0, 0, 0, 0, 0, 0, 0, 0, 0, 0, 0, 0, 0, 0, 0, 0, 0, 0, 0, 0, 0, 0, 0, 0, 0, 0, 0, 0, 0, 0, 0, 0, 0, 0, 0, 0, 0, 0, 0, 0, 0, 0, 0, 0, 0, 0, 0, 0, 0, 0, 0, 0, 0, 0, 0, 0, 0, 0, 0, 0, 0, 0, 0, 0, 0, 0, 0, 0, 0, 0, 0, 0, 0, 0, 0, 0, 0, 0, 0, 0, 0, 0, 0, 0, 0, 0, 0, 0, 0, 0, 0, 0, 0, 0, 0, 0, 0, 0, 0, 0, 0, 0, 0, 0, 0, 0, 0, 0, 0, 0, 0, 0, 0, 0, 0, 0, 0, 0, 0, 0, 0, 0, 0, 0, 0, 0, 0, 0, 0, 0, 0, 0, 0, 0, 0, 0, 0, 0, 0, 0, 0, 0, 0, 0, 0, 0, 0, 0, 0, 0, 0, 0, 0, 0, 0, 0, 0, 0, 0, 0, 0, 0, 0, 0, 0, 0, 0, 0, 0, 0, 0, 0, 0, 0, 0, 0, 0, 0, 0, 0, 0, 0, 0, 0, 0, 0, 0, 0, 0, 0, 0, 0, 0, 0, 0, 0, 0, 0, 0, 0, 0, 0, 0, 0, 0, 0, 0, 0, 0, 0, 0, 0, 0, 0, 0, 0, 0, 0, 0, 0, 0, 0, 0, 0, 0, 0, 0, 0, 0, 0, 0, 0, 0, 0, 0, 0, 0, 0, 0, 0, 0, 0, 0, 0, 0, 0, 0, 0, 0, 0, 0, 0, 0, 0, 0, 0, 0, 0, 0, 0, 0, 0, 0, 0, 0, 0, 0, 0, 0, 0, 0, 0, 0, 0, 0, 0, 0, 0, 0, 0, 0, 0, 0, 0, 0, 0, 0, 0, 0, 0, 0, 0, 0, 0, 0, 0, 0, 0, 0, 0, 0, 0, 0, 0, 0, 0, 0, 0, 0, 0, 0, 0, 0, 0, 0, 0, 0, 0, 0, 0, 0, 0, 0, 0, 0, 0, 0, 0, 0, 0, 0, 0, 0, 0, 0, 0, 0, 0, 0, 0, 0, 0, 0, 0, 0, 0, 0, 0, 0, 0, 0, 0, 0, 0, 0, 0, 0, 0, 0, 0, 0, 0, 0, 0, 0, 0, 0, 0, 0, 0, 0, 0, 0, 0, 0, 0, 0, 0, 0, 0, 0, 0, 0, 0, 0, 0, 0, 0, 0, 0, 0, 0, 0, 0, 0, 0, 0, 0, 0, 0, 0, 0, 0, 0, 0, 0, 0, 0, 0, 0, 0, 0, 0, 0, 0, 0, 0, 0, 0, 0, 0, 0, 0, 0, 0, 0, 0, 0, 0, 0, 0, 0, 0, 0, 0, 0, 0, 0, 0, 0, 0, 0, 0, 0, 0, 0, 0, 0, 0, 0, 0, 0, 0, 0, 0, 0, 0, 0, 0, 0, 0, 0, 0, 0, 0, 0, 0, 0, 0, 0, 0, 0, 0, 0, 0, 0, 0, 0, 0, 0, 0, 0, 0, 0, 0, 0, 0, 0, 0, 0, 0, 0, 0, 0, 0, 0, 0, 0, 0, 0, 0, 0, 0, 0, 0, 0, 0, 0, 0, 0, 0, 0, 0, 0, 0, 0, 0, 0, 0, 0, 0, 0, 0, 0, 0, 0, 0, 0, 0, 0, 0, 0, 0, 0, 0, 0, 0, 0, 0, 0, 0, 0, 0, 0, 0, 0, 0, 0, 0, 0, 0, 0, 0, 0, 0, 0, 0, 0, 0, 0, 0, 0, 0, 0, 0, 0, 0, 0, 0, 0, 0, 0, 0, 0, 0, 0, 0, 0, 0, 0, 0, 0, 0, 0, 0, 0, 0, 0, 0, 0, 0, 0, 0, 0, 0, 0, 0, 0, 0, 0, 0, 0, 0, 0, 0, 0, 0, 0, 0, 0, 0, 0, 0, 0, 0, 0, 0, 0, 0, 0, 0, 0, 0, 0, 0, 0, 0, 0, 0, 0, 0, 0, 0, 0, 0, 0, 0, 0, 0, 0, 0, 0, 0, 0, 0, 0, 0, 0, 0, 0, 0, 0, 0, 0, 0, 0, 0, 0, 0, 0, 0, 0, 0, 0, 0, 0, 0, 0, 0, 0, 0, 0, 0, 0, 0, 0, 0, 0, 0, 0, 0, 0, 0, 0, 0, 0, 0, 0, 0, 0, 0, 0, 0, 0, 0, 0, 0, 0, 0, 0, 0, 0, 0, 0, 0, 0, 0, 0, 0, 0, 0, 0, 0, 0, 0, 0, 0, 0, 0, 0, 0, 0, 0, 0, 0, 0, 0, 0, 0, 0, 0, 0, 0, 0, 0, 0, 0, 0, 0, 0, 0, 0, 0, 0, 0, 0, 0, 0, 0, 0, 0, 0, 0, 0, 0, 0, 0, 0, 0, 0, 0, 0, 0, 0, 0, 0, 0, 0, 0, 0, 0, 0, 0, 0, 0, 0, 0, 0, 0, 0, 0, 0, 0, 0, 0, 0, 0, 0, 0, 0, 0, 0, 0, 0, 0, 0, 0, 0, 0, 0, 0, 0, 0, 0, 0, 0, 0, 0, 0, 0, 0, 0, 0, 0, 0, 0, 0, 0, 0, 0, 0, 0, 0, 0, 0, 0, 0, 0, 0, 0, 0, 0, 0, 0, 0, 0, 0, 0, 0, 0, 0, 0, 0, 0, 0, 0, 0, 0, 0, 0, 0, 0, 0, 0, 0, 0, 0, 0, 0, 0, 0, 0, 0, 0, 0, 0, 0, 0, 0, 0, 0, 0, 0, 0, 0, 0, 0, 0, 0, 0, 0, 0, 0, 0, 0, 0, 0, 0, 0, 0, 0, 0, 0, 0, 0, 0, 0, 0, 0, 0, 0, 0, 0, 0, 0, 0, 0, 0, 0, 0, 0, 0, 0, 0, 0, 0, 0, 0, 0, 0, 0, 0, 0, 0, 0, 0, 0, 0, 0, 0, 0, 0, 0, 0, 0, 0, 0, 0, 0, 0, 0, 0, 0, 0, 0, 0, 0, 0, 0, 0, 0, 0, 0, 0, 0, 0, 0, 0, 0, 0, 0, 0, 0, 0, 0, 0, 0, 0, 0, 0, 0, 0, 0, 0, 0, 0, 0, 0, 0, 0, 0, 0, 0, 0, 0, 0, 0, 0, 0, 0, 0, 0, 0, 0, 0, 0, 0, 0, 0, 0, 0, 0, 0, 0, 0, 0, 0, 0, 0, 0, 0, 0, 0, 0, 0, 0, 0, 0, 0, 0, 0, 0, 0, 0, 0, 0, 0, 0, 0, 0, 0, 0, 0, 0, 0, 0, 0, 0, 0, 0, 0, 0, 0, 0, 0, 0, 0, 0, 0, 0, 0, 0, 0, 0, 0, 0, 0, 0, 0, 0, 0, 0, 0, 0, 0, 0, 0, 0, 0, 0, 0, 0, 0, 0, 0, 0, 0, 0, 0, 0, 0, 0, 0, 0, 0, 0, 0, 0, 0, 0, 0, 0, 0, 0, 0, 0, 0, 0, 0, 0, 0, 0, 0, 0, 0, 0, 0, 0, 0, 0, 0, 0, 0, 0, 0, 0, 0, 0, 0, 0, 0, 0, 0, 0, 0, 0, 0, 0, 0, 0, 0, 0, 0, 0, 0, 0, 0, 0, 0, 0, 0, 0, 0, 0, 0, 0, 0, 0, 0, 0, 0, 0, 0, 0, 0, 0, 0, 0, 0, 0, 0, 0, 0, 0, 0, 0, 0, 0, 0, 0, 0, 0, 0, 0, 0, 0, 0, 0, 0, 0, 0, 0, 0, 0, 0, 0, 0, 0, 0, 0, 0, 0, 0, 0, 0, 0, 0, 0, 0, 0, 0, 0, 0, 0, 0, 0, 0, 0, 0, 0, 0, 0, 0, 0, 0, 0, 0, 0, 0, 0, 0, 0, 0, 0, 0, 0, 0, 0, 0, 0, 0, 0, 0, 0, 0, 0, 0, 0, 0, 0, 0, 0, 0, 0, 0, 0, 0, 0, 0, 0, 0, 0, 0, 0, 0, 0, 0, 0, 0, 0, 0, 0, 0, 0, 0, 0, 0, 0, 0, 0, 0, 0, 0, 0, 0, 0, 0, 0, 0, 0, 0, 0, 0, 0, 0, 0, 0, 0, 0, 0, 0, 0, 0, 0, 0, 0, 0, 0, 0, 0, 0, 0, 0, 0, 0, 0, 0, 0, 0, 0, 0, 0, 0, 0, 0, 0, 0, 0, 0, 0, 0, 0, 0, 0, 0, 0, 0, 0, 0, 0, 0, 0, 0, 0, 0, 0, 0, 0, 0, 0, 0, 0, 0, 0, 0, 0, 0, 0, 0, 0, 0, 0, 0, 0, 0, 0, 0, 0, 0, 0, 0, 0, 0, 0, 0, 0, 0, 0, 0, 0, 0, 0, 0, 0, 0, 0, 0, 0, 0, 0, 0, 0, 0, 0, 0, 0, 0, 0, 0, 0, 0, 0, 0, 0, 0, 0, 0, 0, 0, 0, 0, 0, 0, 0, 0, 0, 0, 0, 0, 0, 0, 0, 0, 0, 0, 0, 0, 0, 0, 0, 0, 0, 0, 0, 0, 0, 0, 0, 0, 0, 0, 0, 0, 0, 0, 0, 0, 0, 0, 0, 0, 0, 0, 0, 0, 0, 0, 0, 0, 0, 0, 0, 0, 0, 0, 0, 0, 0, 0, 0, 0, 0, 0, 0, 0, 0, 0, 0, 0, 0, 0, 0, 0, 0, 0, 0, 0, 0, 0, 0, 0, 0, 0, 0, 0, 0, 0, 0, 0, 0, 0, 0, 0, 0, 0, 0, 0, 0, 0, 0, 0, 0, 0, 0, 0, 0, 0, 0, 0, 0, 0, 0, 0, 0, 0, 0, 0, 0, 0, 0, 0, 0, 0, 0, 0, 0, 0, 0, 0, 0, 0, 0, 0, 0, 0, 0, 0, 0, 0, 0, 0, 0, 0, 0, 0, 0, 0, 0, 0, 0, 0, 0, 0, 0, 0, 0, 0, 0, 0, 0, 0, 0, 0, 0, 0, 0, 0, 0, 0, 0, 0, 0, 0, 0, 0, 0, 0, 0, 0, 0, 0, 0, 0, 0, 0, 0, 0, 0, 0, 0, 0, 0, 0, 0, 0, 0, 0, 0, 0, 0, 0, 0, 0, 0, 0, 0, 0, 0, 0, 0, 0, 0, 0, 0, 0, 0, 0, 0, 0, 0, 0, 0, 0, 0, 0, 0, 0, 0, 0, 0, 0, 0, 0, 0, 0, 0, 0, 0, 0, 0, 0, 0, 0, 0, 0, 0, 0, 0, 0, 0, 0, 0, 0, 0, 0, 0, 0, 0, 0, 0, 0, 0, 0, 0, 0, 0, 0, 0, 0, 0, 0, 0, 0, 0, 0, 0, 0, 0, 0, 0, 0, 0, 0, 0, 0, 0, 0, 0, 0, 0, 0, 0, 0, 0, 0, 0, 0, 0, 0, 0, 0, 0, 0, 0, 0, 0, 0, 0, 0, 0, 0, 0, 0, 0, 0, 0, 0, 0, 0, 0, 0, 0, 0, 0, 0, 0, 0, 0, 0, 0, 0, 0, 0, 0, 0, 0, 0, 0, 0, 0, 0, 0, 0, 0, 0, 0, 0, 0, 0, 0, 0, 0, 0, 0, 0, 0, 0, 0, 0, 0, 0, 0, 0, 0, 0, 0, 0, 0, 0, 0, 0, 0, 0, 0, 0, 0, 0, 0, 0, 0, 0, 0, 0, 0, 0, 0, 0, 0, 0, 0, 0, 0, 0, 0, 0, 0, 0, 0, 0, 0, 0, 0, 0, 0, 0, 0, 0, 0, 0, 0, 0, 0, 0, 0, 0, 0, 0, 0, 0, 0, 0, 0, 0, 0, 0, 0, 0, 0, 0, 0, 0, 0, 0, 0, 0, 0, 0, 0, 0, 0, 0, 0, 0, 0, 0, 0, 0, 0, 0, 0, 0, 0, 0, 0, 0, 0, 0, 0, 0, 0, 0, 0, 0, 0, 0, 0, 0, 0, 0, 0, 0, 0, 0, 0, 0, 0, 0, 0, 0, 0, 0, 0, 0, 0, 0, 0, 0, 0, 0, 0, 0, 0, 0, 0, 0, 0, 0, 0, 0, 0, 0, 0, 0, 0, 0, 0, 0, 0, 0, 0, 0, 0, 0, 0, 0, 0, 0, 0, 0, 0, 0, 0, 0, 0, 0, 0, 0, 0, 0, 0, 0, 0, 0, 0, 0, 0, 0, 0, 0, 0, 0, 0, 0, 0, 0, 0, 0, 0, 0, 0, 0, 0, 0, 0, 0, 0, 0, 0, 0, 0, 0, 0, 0, 0, 0, 0, 0, 0, 0, 0, 0, 0, 0, 0, 0, 0, 0, 0, 0, 0, 0, 0, 0, 0, 0, 0, 0, 0, 0, 0, 0, 0, 0, 0, 0, 0, 0, 0, 0, 0, 0, 0, 0, 0, 0, 0, 0, 0, 0, 0, 0, 0, 0, 0, 0, 0, 0, 0, 0, 0, 0, 0, 0, 0, 0, 0, 0, 0, 0, 0, 0, 0, 0, 0, 0, 0, 0, 0, 0, 0, 0, 0, 0, 0, 0, 0, 0, 0, 0, 0, 0, 0, 0, 0, 0, 0, 0, 0, 0, 0, 0, 0, 0, 0, 0, 0, 0, 0, 0, 0, 0, 0, 0, 0, 0, 0, 0, 0, 0, 0, 0, 0, 0, 0, 0, 0, 0, 0, 0, 0, 0, 0, 0, 0, 0, 0, 0, 0, 0, 0, 0, 0, 0, 0, 0, 0, 0, 0, 0, 0, 0, 0, 0, 0, 0, 0, 0, 0, 0, 0, 0, 0, 0, 0, 0, 0, 0, 0, 0, 0, 0, 0, 0, 0, 0, 0, 0, 0, 0, 0, 0, 0, 0, 0, 0, 0, 0, 0, 0, 0, 0, 0, 0, 0, 0, 0, 0, 0, 0, 0, 0, 0, 0, 0, 0, 0, 0, 0, 0, 0, 0, 0, 0, 0, 0, 0, 0, 0, 0, 0, 0, 0, 0, 0, 0, 0, 0, 0, 0, 0, 0, 0, 0, 0, 0, 0, 0, 0, 0, 0, 0, 0, 0, 0, 0, 0, 0, 0, 0, 0, 0, 0, 0, 0, 0, 0, 0, 0, 0, 0, 0, 0, 0, 0, 0, 0, 0, 0, 0, 0, 0, 0, 0, 0, 0, 0, 0, 0, 0, 0, 0, 0, 0, 0, 0, 0, 0, 0, 0, 0, 0, 0, 0, 0, 0, 0, 0, 0, 0, 0, 0, 0, 0, 0, 0, 0, 0, 0, 0, 0, 0, 0, 0, 0, 0, 0, 0, 0, 0, 0, 0, 0, 0, 0, 0, 0, 0, 0, 0, 0, 0, 0, 0, 0, 0, 0, 0, 0, 0, 0, 0, 0, 0, 0, 0, 0, 0, 0, 0, 0, 0, 0, 0, 0, 0, 0, 0, 0, 0, 0, 0, 0, 0, 0, 0, 0, 0, 0, 0, 0, 0, 0, 0, 0, 0, 0, 0, 0, 0, 0, 0, 0, 0, 0, 0, 0, 0, 0, 0, 0, 0, 0, 0, 0, 0, 0, 0, 0, 0, 0, 0, 0, 0, 0, 0, 0, 0, 0, 0, 0, 0, 0, 0, 0, 0, 0, 0, 0, 0, 0, 0, 0, 0, 0, 0, 0, 0, 0, 0, 0, 0, 0, 0, 0, 0, 0, 0, 0, 0, 0, 0, 0, 0, 0, 0, 0, 0, 0, 0, 0, 0, 0, 0, 0, 0, 0, 0, 0, 0, 0, 0, 0, 0, 0, 0, 0, 0, 0, 0, 0, 0, 0, 0, 0, 0, 0, 0, 0, 0, 0, 0, 0, 0, 0, 0, 0, 0, 0, 0, 0, 0, 0, 0, 0, 0, 0, 0, 0, 0, 0, 0, 0, 0, 0, 0, 0, 0, 0, 0, 0, 0, 0, 0, 0, 0, 0, 0, 0, 0, 0, 0, 0, 0, 0, 0, 0, 0, 0, 0, 0, 0, 0, 0, 0, 0, 0, 0, 0, 0, 0, 0, 0, 0, 0, 0, 0, 0, 0, 0, 0, 0, 0, 0, 0, 0, 0, 0, 0, 0, 0, 0, 0, 0, 0, 0, 0, 0, 0, 0, 0, 0, 0, 0, 0, 0, 0, 0, 0, 0, 0, 0, 0, 0, 0, 0, 0, 0, 0, 0, 0, 0, 0, 0, 0, 0, 0, 0, 0, 0, 0, 0, 0, 0, 0, 0, 0, 0, 0, 0, 0, 0, 0, 0, 0, 0, 0, 0, 0, 0, 0, 0, 0, 0, 0, 0, 0, 0, 0, 0, 0, 0, 0, 0, 0, 0, 0, 0, 0, 0, 0, 0, 0, 0, 0, 0, 0, 0, 0, 0, 0, 0, 0, 0, 0, 0, 0, 0, 0, 0, 0, 0, 0, 0, 0, 0, 0, 0, 0, 0, 0, 0, 0, 0, 0, 0, 0, 0, 0, 0, 0, 0, 0, 0, 0, 0, 0, 0, 0, 0, 0, 0, 0, 0, 0, 0, 0, 0, 0, 0, 0, 0, 0, 0, 0, 0, 0, 0, 0, 0, 0, 0, 0, 0, 0, 0, 0, 0, 0, 0, 0, 0, 0, 0, 0, 0, 0, 0, 0, 0, 0, 0, 0, 0, 0, 0, 0, 0, 0, 0, 0, 0, 0, 0, 0, 0, 0, 0, 0, 0, 0, 0, 0, 0, 0, 0, 0, 0, 0, 0, 0, 0, 0, 0, 0, 0, 0, 0, 0, 0, 0, 0, 0, 0, 0, 0, 0, 0, 0, 0, 0, 0, 0, 0, 0, 0, 0, 0, 0, 0, 0, 0, 0, 0, 0, 0, 0, 0, 0, 0, 0, 0, 0, 0, 0, 0, 0, 0, 0, 0, 0, 0, 0, 0, 0, 0, 0, 0, 0, 0, 0, 0, 0, 0, 0, 0, 0, 0, 0, 0, 0, 0, 0, 0, 0, 0, 0, 0, 0, 0, 0, 0, 0, 0, 0, 0, 0, 0, 0, 0, 0, 0, 0, 0, 0, 0, 0, 0, 0, 0, 0, 0, 0, 0, 0, 0, 0, 0, 0, 0, 0, 0, 0, 0, 0, 0, 0, 0, 0, 0, 0, 0, 0, 0, 0, 0, 0, 0, 0, 0, 0, 0, 0, 0, 0, 0, 0, 0, 0, 0, 0, 0, 0, 0, 0, 0, 0, 0, 0, 0, 0, 0, 0, 0, 0, 0, 0, 0, 0, 0, 0, 0, 0, 0, 0, 0, 0, 0, 0, 0, 0, 0, 0, 0, 0, 0, 0, 0, 0, 0, 0, 0, 0, 0, 0, 0, 0, 0, 0, 0, 0, 0, 0, 0, 0, 0, 0, 0, 0, 0, 0, 0, 0, 0, 0, 0, 0, 0, 0, 0, 0, 0, 0, 0, 0, 0, 0, 0, 0, 0, 0, 0, 0, 0, 0, 0, 0, 0, 0, 0, 0, 0, 0, 0, 0, 0, 0, 0, 0, 0, 0, 0,
 0, 0, 0, 0, 0, 0, 0, 0, 0, 0, 0, 0, 0, 0, 0, 0, 0, 0, 0, 0, 0, 0, 0, 0, 0, 0, 0, 0, 0, 0, 0, 0, 0, 0, 0, 0, 0, 0, 0, 0, 0, 0, 0, 0, 0, 0, 0, 0, 0, 0, 0, 0, 0, 0, 0, 0, 0, 0, 0, 0, 0, 0, 0, 0, 0, 0, 0, 0, 0, 0, 0, 0, 0, 0, 0, 0, 0, 0, 0, 0, 0, 0, 0, 0, 0, 0, 0, 0, 0, 0, 0, 0, 0, 0, 0, 0, 0, 0, 0, 0, 0, 0, 0, 0, 0, 0, 0, 0, 0, 0, 0, 0, 0, 0, 0, 0, 0, 0, 0, 0, 0, 0, 0, 0, 0, 0, 0, 0, 0, 0, 0, 0, 0, 0, 0, 0, 0, 0, 0, 0, 0, 0, 0, 0, 0, 0, 0, 0, 0, 0, 0, 0, 0, 0, 0, 0, 0, 0, 0, 0, 0, 0, 0, 0, 0, 0, 0, 0, 0, 0, 0, 0, 0, 0, 0, 0, 0, 0, 0, 0, 0, 0, 0, 0, 0, 0, 0, 0, 0, 0, 0, 0, 0, 0, 0, 0, 0, 0, 0, 0, 0, 0, 0, 0, 0, 0, 0, 0, 0, 0, 0, 0, 0, 0, 0, 0, 0, 0, 0, 0, 0, 0, 0, 0, 0, 0, 0, 0, 0, 0, 0, 0, 0, 0, 0, 0, 0, 0, 0, 0, 0, 0, 0, 0, 0, 0, 0, 0, 0, 0, 0, 0, 0, 0, 0, 0, 0, 0, 0, 0, 0, 0, 0, 0, 0, 0, 0, 0, 0, 0, 0, 0, 0, 0, 0, 0, 0, 0, 0, 0, 0, 0, 0, 0, 0, 0, 0, 0, 0, 0, 0, 0, 0, 0, 0, 0, 0, 0, 0, 0, 0, 0, 0, 0, 0,
 0, 0, 0, 0, 0, 0, 0, 0, 0, 0, 0, 0, 0, 0, 0, 0, 0, 0, 0, 0, 0, 0, 0, 0, 0, 0, 0, 0, 0, 0, 0, 0, 0, 0, 0, 0, 0, 0, 0, 0, 0, 0, 0, 0, 0, 0, 0, 0, 0, 0, 0, 0, 0, 0, 0, 0, 0, 0, 0, 0, 0, 0, 0, 0, 0, 0, 0, 0, 0, 0, 0, 0, 0, 0, 0, 0, 0, 0, 0, 0, 0, 0, 0, 0, 0, 0, 0, 0, 0, 0, 0, 0, 0, 0, 0, 0, 0, 0, 0, 0, 0, 0, 0, 0, 0, 0, 0, 0, 0, 0, 0, 0, 0, 0, 0, 0, 0, 0, 0, 0, 0, 0, 0, 0, 0, 0, 0, 0, 0, 0, 0, 0, 0, 0, 0, 0, 0, 0, 0, 0, 0, 0, 0, 0, 0, 0, 0, 0, 0, 0, 0, 0, 0, 0, 0, 0, 0, 0, 0, 0, 0, 0, 0, 0, 0, 0, 0, 0, 0, 0, 0, 0, 0, 0, 0, 0, 0, 0, 0, 0, 0, 0, 0, 0, 0, 0, 0, 0, 0, 0, 0, 0, 0, 0, 0, 0, 0, 0, 0, 0, 0, 0, 0, 0, 0, 0, 0, 0, 0, 0, 0, 0, 0, 0, 0, 0, 0, 0, 0, 0, 0, 0, 0, 0, 0, 0, 0, 0, 0, 0, 0, 0, 0, 0, 0, 0, 0, 0, 0, 0, 0, 0, 0, 0, 0, 0, 0, 0, 0, 0, 0, 0, 0, 0, 0, 0, 0, 0, 0, 0, 0, 0, 0, 0, 0, 0, 0, 0,
 0, 0, 0, 0, 0, 0, 0, 0, 0, 0, 0, 0, 0, 0, 0, 0, 0, 0, 0, 0, 0, 0, 0, 0, 0, 0, 0, 0, 0, 0, 0, 0, 0, 0, 0, 0, 0, 0, 0, 0, 0, 0, 0, 0, 0, 0, 0, 0, 0, 0, 0, 0, 0, 0, 0, 0, 0, 0, 0, 0, 0, 0, 0, 0, 0, 0, 0, 0, 0, 0, 0, 0, 0, 0, 0, 0, 0, 0, 0, 0, 0, 0, 0, 0, 0, 0, 0, 0, 0, 0, 0, 0, 0, 0, 0, 0, 0, 0, 0, 0, 0, 0, 0, 0, 0, 0, 0, 0, 0, 0, 0, 0, 0, 0, 0, 0, 0, 0, 0, 0, 0, 0, 0, 0, 0, 0, 0, 0, 0, 0, 0, 0, 0, 0, 0, 0, 0, 0, 0, 0, 0, 0, 0, 0, 0, 0, 0, 0, 0, 0, 0, 0, 0, 0, 0, 0, 0, 0, 0, 0, 0, 0, 0, 0, 0, 0, 0, 0, 0, 0, 0, 0, 0, 0, 0, 0, 0, 0, 0, 0, 0, 0, 0, 0, 0, 0, 0, 0, 0, 0, 0, 0, 0, 0, 0, 0, 0, 0, 0, 0, 0, 0, 0, 0, 0, 0, 0, 0, 0, 0, 0, 0, 0, 0, 0, 0, 0, 0, 0, 0, 0, 0, 0, 0, 0, 0, 0, 0, 0, 0, 0, 0, 0, 0, 0, 0, 0, 0, 0, 0, 0, 0, 0, 0, 0, 0, 0, 0, 0, 0, 0, 0, 0, 0, 0, 0, 0, 0, 0, 0, 0, 0, 0, 0, 0, 0, 0, 0, 0, 0, 0, 0, 0, 0, 0, 0, 0, 0, 0, 0, 0, 0, 0, 0, 0, 0, 0, 0, 0, 0, 0, 0, 0, 0, 0, 0, 0, 0, 0, 0, 0, 0, 0, 0, 0, 0, 0, 0, 0, 0, 0, 0, 0, 0, 0, 0, 0, 0, 0, 0, 0, 0, 0, 0, 0, 0, 0, 0, 0, 0, 0, 0, 0, 0, 0, 0, 0, 0, 0, 0, 0, 0, 0, 0, 0, 0, 0, 0, 0, 0, 0, 0, 0, 0, 0, 0, 0, 0, 0, 0, 0, 0, 0, 0, 0, 0, 0, 0, 0, 0, 0, 0, 0, 0, 0, 0, 0, 0, 0, 0, 0, 0, 0, 0, 0, 0, 0, 0, 0, 0, 0, 0, 0, 0, 0, 0, 0, 0, 0, 0, 0, 0, 0, 0, 0, 0, 0, 0, 0, 0, 0, 0, 0, 0, 0, 0, 0, 0, 0, 0, 0, 0, 0, 0, 0, 0, 0, 0, 0, 0, 0, 0, 0, 0, 0, 0, 0, 0, 0, 0, 0, 0, 0, 0, 0, 0, 0, 0, 0, 0, 0, 0, 0, 0, 0, 0, 0, 0, 0, 0, 0, 0, 0, 0, 0, 0, 0, 0, 0, 0, 0, 0, 0, 0, 0, 0, 0, 0, 0, 0, 0, 0, 0, 0, 0, 0, 0, 0, 0, 0, 0, 0, 0, 0, 0, 0, 0, 0, 0, 0, 0, 0, 0, 0, 0, 0, 0, 0, 0, 0, 0, 0, 0, 0, 0, 0, 0, 0, 0, 0, 0, 0, 0, 0, 0, 0, 0, 0, 0, 0, 0, 0, 0, 0, 0, 0, 0, 0, 0, 0, 0, 0, 0, 0, 0, 0, 0, 0, 0, 0, 0, 0, 0, 0, 0, 0, 0, 0, 0, 0, 0, 0, 0, 0, 0, 0, 0, 0, 0, 0, 0, 0, 0, 0, 0, 0, 0, 0, 0, 0, 0, 0, 0, 0, 0, 0, 0, 0, 0, 0, 0, 0, 0, 0, 0, 0, 0, 0, 0, 0, 0, 0, 0, 0, 0, 0, 0, 0, 0, 0, 0, 0, 0, 0, 0, 0, 0, 0, 0, 0, 0, 0, 0, 0, 0, 0, 0, 0, 0, 0, 0, 0, 0, 0, 0, 0, 0, 0, 0, 0, 0, 0, 0, 0, 0, 0, 0, 0, 0, 0, 0, 0, 0, 0, 0, 0, 0, 0, 0, 0, 0, 0, 0, 0, 0, 0, 0, 0, 0, 0, 0, 0, 0, 0, 0, 0, 0, 0, 0, 0, 0, 0, 0, 0, 0, 0, 0, 0, 0, 0, 0, 0, 0, 0, 0, 0, 0, 0, 0, 0, 0, 0, 0, 0, 0, 0, 0, 0, 0, 0, 0, 0, 0, 0, 0, 0, 0, 0, 0, 0, 0, 0, 0, 0, 0, 0, 0, 0, 0, 0, 0, 0, 0, 0, 0, 0, 0, 0, 0, 0, 0, 0, 0, 0, 0, 0, 0, 0, 0, 0, 0, 0, 0, 0, 0, 0, 0, 0, 0, 0, 0, 0, 0, 0, 0, 0, 0, 0, 0, 0, 0, 0, 0, 0, 0, 0, 0, 0, 0, 0, 0, 0, 0, 0, 0, 0, 0, 0, 0, 0, 0, 0, 0, 0, 0, 0, 0, 0, 0, 0, 0, 0, 0, 0, 0, 0, 0, 0, 0, 0, 0, 0, 0, 0, 0, 0, 0, 0, 0, 0, 0, 0, 0, 0, 0, 0, 0, 0, 0, 0, 0, 0, 0, 0, 0, 0, 0, 0, 0, 0, 0, 0, 0, 0, 0, 0, 0, 0, 0, 0, 0, 0, 0, 0, 0, 0, 0, 0, 0, 0, 0, 0, 0, 0, 0, 0, 0, 0, 0, 0, 0, 0, 0, 0, 0, 0, 0, 0, 0, 0, 0, 0, 0, 0, 0, 0, 0, 0, 0, 0, 0, 0, 0, 0, 0, 0, 0, 0, 0, 0, 0, 0, 0, 0, 0, 0, 0, 0, 0, 0, 0, 0, 0, 0, 0, 0, 0, 0, 0, 0, 0, 0, 0, 0, 0, 0, 0, 0, 0, 0, 0, 0, 0, 0, 0, 0, 0, 0, 0, 0, 0, 0, 0, 0, 0, 0, 0, 0, 0, 0, 0, 0, 0, 0, 0, 0, 0, 0, 0, 0, 0, 0, 0, 0, 0, 0, 0, 0, 0, 0, 0, 0, 0, 0, 0, 0, 0, 0, 0, 0, 0, 0, 0, 0, 0, 0, 0, 0, 0, 0, 0, 0, 0, 0, 0, 0, 0, 0, 0, 0, 0, 0,
]
}
}
Separator {
MaterialBinding {
value PER_FACE_INDEXED
}
Material {
ambientColor [
 0.792157 0.819608 0.933333
]
diffuseColor [
 0.792157 0.819608 0.933333
]
emissiveColor [
 0.000000 0.000000 0.000000
]
specularColor [
 0.396078 0.409804 0.466667
]
shininess [
 0.312500
]
transparency [
 0.000000
]
}
Coordinate3 {
point [
 0.170000 -0.011198 -0.188887, 0.170000 -0.009170 -0.205090, 0.170000 -0.007378 -0.219412, 0.170000 -0.001000 -0.182999, 0.170000 -0.000529 -0.267945,
 0.170000 0.000529 -0.267945, 0.170000 0.001000 -0.182999, 0.170000 0.005748 -0.231626, 0.170000 0.009133 -0.205085, 0.170000 0.011198 -0.188887,
 0.179680 -0.011172 -0.187342, 0.218400 -0.011067 -0.181159, 0.373279 -0.010638 -0.156422, 0.408368 0.010538 -0.150817, 0.611643 -0.009938 -0.118329,
 0.646732 0.009829 -0.112719, 0.801604 0.009324 -0.087939, 0.840321 0.009188 -0.081739, 0.850000 -0.009154 -0.080189, 0.850000 -0.005290 -0.114237,
 0.850000 -0.005164 -0.115164, 0.850000 -0.001043 -0.145477, 0.850000 -0.001000 -0.075481, 0.850000 -0.000297 -0.150456, 0.850000 0.000000 -0.150456,
 0.850000 0.000297 -0.150456, 0.850000 0.001000 -0.075481, 0.850000 0.004806 -0.118076, 0.850000 0.005145 -0.115162, 0.850000 0.008612 -0.085421,
 0.850000 0.009154 -0.080189
]
}
IndexedFaceSet {
coordIndex [
 12, 11, 1, -1, 1, 11, 10, -1, 1, 10, 0, -1,
 4, 23, 2, -1, 2, 23, 21, -1, 2, 21, 1, -1,
 1, 21, 20, -1, 1, 20, 12, -1, 12, 20, 19, -1,
 12, 19, 14, -1, 14, 19, 18, -1, 17, 30, 29, -1,
 9, 13, 28, -1, 28, 13, 15, -1, 28, 15, 29, -1,
 29, 15, 16, -1, 29, 16, 17, -1, 25, 5, 27, -1,
 27, 5, 7, -1, 27, 7, 28, -1, 28, 7, 8, -1,
 28, 8, 9, -1, 23, 4, 24, -1, 24, 4, 5, -1,
 24, 5, 25, -1, 19, 28, 29, -1, 29, 30, 26, -1,
 19, 29, 18, -1, 18, 29, 26, -1, 18, 26, 22, -1,
 25, 27, 24, -1, 24, 27, 28, -1, 23, 24, 21, -1,
 21, 24, 28, -1, 21, 28, 20, -1, 20, 28, 19, -1,
 22, 26, 3, -1, 3, 26, 6, -1, 6, 9, 8, -1,
 1, 0, 3, -1, 3, 6, 1, -1, 1, 6, 8, -1,
 1, 8, 2, -1, 2, 8, 7, -1, 2, 7, 4, -1,
 4, 7, 5, -1, 26, 30, 17, -1, 9, 6, 13, -1,
 13, 6, 26, -1, 13, 26, 15, -1, 15, 26, 17, -1,
 15, 17, 16, -1, 0, 10, 3, -1, 3, 10, 11, -1,
 18, 22, 14, -1, 14, 22, 3, -1, 14, 3, 12, -1,
 12, 3, 11, -1
]
materialIndex [
 0, 0, 0, 0, 0, 0, 0, 0, 0, 0, 0, 0, 0, 0, 0, 0, 0, 0, 0, 0, 0, 0, 0, 0, 0,
 0, 0, 0, 0, 0, 0, 0, 0, 0, 0, 0, 0, 0, 0, 0, 0, 0, 0, 0, 0, 0,
 0, 0, 0, 0, 0, 0, 0, 0, 0, 0, 0, 0,
]
}
}
Separator {
MaterialBinding {
value PER_FACE_INDEXED
}
Material {
ambientColor [
 0.792157 0.819608 0.933333
]
diffuseColor [
 0.792157 0.819608 0.933333
]
emissiveColor [
 0.000000 0.000000 0.000000
]
specularColor [
 0.396078 0.409804 0.466667
]
shininess [
 0.312500
]
transparency [
 0.000000
]
}
Coordinate3 {
point [
 0.022685 0.062854 -0.853540, 0.022685 0.064854 -0.853540, 0.025855 0.053343 -0.859031, 0.025855 0.074365 -0.859031, 0.030421 0.073711 -0.866940,
 0.036883 0.055025 -0.878133, 0.037329 0.072569 -0.878904, 0.037338 0.055104 -0.878920, 0.040777 0.055705 -0.884877, 0.041100 0.071945 -0.885437,
 0.051499 0.069877 -0.903448, 0.051511 0.057833 -0.903468, 0.053649 0.058341 -0.907172, 0.053656 0.069394 -0.907183, 0.055132 0.069063 -0.909740,
 0.061538 0.067462 -0.920835, 0.061545 0.060213 -0.920848, 0.061569 0.060219 -0.920890, 0.063984 0.066850 -0.925072, 0.067716 0.061902 -0.931536,
 0.069250 0.062354 -0.934194, 0.069250 0.065354 -0.934194, 0.157117 0.054993 -0.858079, 0.184987 0.072364 -0.857876, 0.196647 0.057129 -0.878658,
 0.196647 0.059449 -0.902016, 0.196647 0.060817 -0.913667, 0.196647 0.062354 -0.925288, 0.196647 0.065354 -0.925288, 0.196647 0.066891 -0.913667,
 0.196647 0.068259 -0.902016, 0.196647 0.070579 -0.878658, 0.196647 0.072217 -0.857791, 0.196649 0.055491 -0.857791, 0.249115 0.056152 -0.857410,
 0.251951 0.071520 -0.857389, 0.283073 0.065354 -0.919246, 0.283073 0.067570 -0.898892, 0.321500 0.056012 -0.824463, 0.321500 0.056058 -0.821151,
 0.321500 0.056169 -0.813221, 0.321500 0.056183 -0.838045, 0.321500 0.056274 -0.840291, 0.321500 0.056569 -0.801988, 0.321500 0.056610 -0.800820,
 0.321500 0.056684 -0.850443, 0.321500 0.056858 -0.853540, 0.321500 0.057065 -0.856883, 0.321500 0.057143 -0.792415, 0.321500 0.057290 -0.790098,
 0.321500 0.057429 -0.788438, 0.321500 0.058011 -0.782864, 0.321500 0.058143 -0.781601, 0.321500 0.058955 -0.776116, 0.321500 0.059519 -0.773397,
 0.321500 0.059748 -0.772291, 0.321500 0.060369 -0.770066, 0.321500 0.060851 -0.768800, 0.321500 0.061142 -0.768036, 0.321500 0.061575 -0.767195,
 0.321500 0.061942 -0.766680, 0.321500 0.062239 -0.766264, 0.321500 0.062300 -0.766203, 0.321500 0.062542 -0.765964, 0.321500 0.062754 -0.765816,
 0.321500 0.062854 -0.853540, 0.321500 0.062999 -0.765645, 0.321500 0.063031 -0.765623, 0.321500 0.063091 -0.765592, 0.321500 0.063273 -0.765526,
 0.321500 0.063487 -0.765449, 0.321500 0.063557 -0.765439, 0.321500 0.063737 -0.765411, 0.321500 0.063854 -0.765417, 0.321500 0.064125 -0.765430,
 0.321500 0.064152 -0.765436, 0.321500 0.064329 -0.765478, 0.321500 0.064436 -0.765526, 0.321500 0.064709 -0.765649, 0.321500 0.064786 -0.765684,
 0.321500 0.064854 -0.853540, 0.321500 0.064941 -0.765785, 0.321500 0.064962 -0.765806, 0.321500 0.065398 -0.766215, 0.321500 0.065556 -0.766363,
 0.321500 0.065703 -0.766546, 0.321500 0.065776 -0.766673, 0.321500 0.066593 -0.768094, 0.321500 0.066878 -0.768794, 0.321500 0.067037 -0.769185,
 0.321500 0.068028 -0.772571, 0.321500 0.068201 -0.773396, 0.321500 0.068626 -0.775420, 0.321500 0.069614 -0.782004, 0.321500 0.069704 -0.782864,
 0.321500 0.070252 -0.788139, 0.321500 0.070550 -0.792417, 0.321500 0.070643 -0.856883, 0.321500 0.070790 -0.854535, 0.321500 0.070850 -0.853540,
 0.321500 0.070995 -0.798803, 0.321500 0.071102 -0.800915, 0.321500 0.071139 -0.801989, 0.321500 0.071458 -0.840312, 0.321500 0.071458 -0.840292,
 0.321500 0.071579 -0.815022, 0.321500 0.071640 -0.821151, 0.321500 0.071697 -0.826854, 0.369500 0.056903 -0.823299, 0.369500 0.056904 -0.826077,
 0.369500 0.056909 -0.837188, 0.369500 0.057101 -0.843556, 0.369500 0.057264 -0.848964, 0.369500 0.057281 -0.808955, 0.369500 0.057304 -0.808562,
 0.369500 0.057808 -0.799806, 0.369500 0.057937 -0.797551, 0.369500 0.057991 -0.860981, 0.369500 0.058133 -0.863344, 0.369500 0.058581 -0.791069,
 0.369500 0.058776 -0.789100, 0.369500 0.059370 -0.878368, 0.369500 0.059712 -0.783210, 0.369500 0.059906 -0.782406, 0.369500 0.060391 -0.890764,
 0.369500 0.060541 -0.779784, 0.369500 0.060829 -0.895768, 0.369500 0.061129 -0.778204, 0.369500 0.061462 -0.777310, 0.369500 0.062105 -0.776256,
 0.369500 0.062235 -0.776043, 0.369500 0.062354 -0.913203, 0.369500 0.062445 -0.775834, 0.369500 0.062785 -0.775495, 0.369500 0.062842 -0.775460,
 0.369500 0.063075 -0.775316, 0.369500 0.063176 -0.775254, 0.369500 0.063322 -0.775203, 0.369500 0.063514 -0.775135, 0.369500 0.063583 -0.775127,
 0.369500 0.063854 -0.913203, 0.369500 0.063854 -0.775095, 0.369500 0.063855 -0.775096, 0.369500 0.064126 -0.775127, 0.369500 0.064195 -0.775135,
 0.369500 0.064388 -0.775203, 0.369500 0.064532 -0.775254, 0.369500 0.064634 -0.775318, 0.369500 0.064866 -0.775464, 0.369500 0.064954 -0.775519,
 0.369500 0.065264 -0.775834, 0.369500 0.065354 -0.913203, 0.369500 0.065487 -0.776060, 0.369500 0.065607 -0.776255, 0.369500 0.066196 -0.777208,
 0.369500 0.066585 -0.778204, 0.369500 0.066870 -0.895767, 0.369500 0.067041 -0.779374, 0.369500 0.067809 -0.782405, 0.369500 0.067929 -0.782879,
 0.369500 0.068289 -0.879447, 0.369500 0.068372 -0.878371, 0.369500 0.068795 -0.788058, 0.369500 0.069122 -0.791071, 0.369500 0.069605 -0.795522,
 0.369500 0.069709 -0.860980, 0.369500 0.069892 -0.799807, 0.369500 0.069967 -0.857629, 0.369500 0.070258 -0.805285, 0.369500 0.070378 -0.808563,
 0.369500 0.070613 -0.844675, 0.369500 0.070632 -0.843557, 0.369500 0.070692 -0.817202, 0.369500 0.070800 -0.826078, 0.369500 0.070854 -0.830475
]
}
IndexedFaceSet {
coordIndex [
 16, 26, 25, -1, 4, 3, 23, -1, 167, 165, 97, -1,
 31, 32, 35, -1, 97, 165, 35, -1, 35, 165, 161, -1,
 35, 161, 31, -1, 32, 31, 23, -1, 23, 31, 6, -1,
 23, 6, 4, -1, 13, 10, 31, -1, 31, 10, 9, -1,
 31, 9, 6, -1, 29, 28, 21, -1, 21, 18, 29, -1,
 29, 18, 15, -1, 29, 15, 30, -1, 30, 15, 14, -1,
 30, 14, 13, -1, 19, 20, 27, -1, 26, 16, 27, -1,
 27, 16, 17, -1, 27, 17, 19, -1, 24, 11, 25, -1,
 25, 11, 12, -1, 25, 12, 16, -1, 24, 33, 22, -1,
 2, 5, 22, -1, 22, 5, 7, -1, 22, 7, 24, -1,
 24, 7, 8, -1, 24, 8, 11, -1, 117, 112, 46, -1,
 51, 50, 119, -1, 119, 50, 49, -1, 119, 49, 116, -1,
 116, 49, 48, -1, 116, 48, 115, -1, 115, 48, 44, -1,
 115, 44, 114, -1, 114, 44, 43, -1, 114, 43, 113, -1,
 113, 43, 40, -1, 113, 40, 108, -1, 108, 40, 39, -1,
 108, 39, 109, -1, 109, 39, 38, -1, 109, 38, 110, -1,
 110, 38, 41, -1, 110, 41, 111, -1, 111, 41, 42, -1,
 111, 42, 112, -1, 112, 42, 45, -1, 112, 45, 46, -1,
 119, 120, 51, -1, 51, 120, 122, -1, 51, 122, 52, -1,
 52, 122, 123, -1, 127, 55, 125, -1, 125, 55, 54, -1,
 125, 54, 123, -1, 123, 54, 53, -1, 123, 53, 52, -1,
 60, 59, 129, -1, 129, 59, 58, -1, 129, 58, 128, -1,
 128, 58, 57, -1, 128, 57, 127, -1, 127, 57, 56, -1,
 127, 56, 55, -1, 60, 129, 61, -1, 61, 129, 130, -1,
 61, 130, 62, -1, 130, 132, 62, -1, 62, 132, 133, -1,
 62, 133, 63, -1, 63, 133, 134, -1, 63, 134, 64, -1,
 64, 134, 135, -1, 64, 135, 66, -1, 66, 135, 67, -1,
 67, 135, 136, -1, 67, 136, 68, -1, 68, 136, 69, -1,
 69, 136, 137, -1, 69, 137, 70, -1, 70, 137, 138, -1,
 70, 138, 71, -1, 71, 138, 139, -1, 71, 139, 72, -1,
 72, 139, 141, -1, 72, 141, 73, -1, 73, 141, 142, -1,
 73, 142, 74, -1, 74, 142, 143, -1, 74, 143, 75, -1,
 75, 143, 76, -1, 76, 143, 144, -1, 76, 144, 77, -1,
 77, 144, 145, -1, 77, 145, 78, -1, 145, 146, 78, -1,
 78, 146, 147, -1, 78, 147, 79, -1, 79, 147, 148, -1,
 83, 82, 148, -1, 148, 82, 81, -1, 148, 81, 79, -1,
 148, 149, 83, -1, 83, 149, 150, -1, 83, 150, 84, -1,
 84, 150, 152, -1, 91, 90, 155, -1, 90, 89, 155, -1,
 155, 89, 88, -1, 155, 88, 154, -1, 154, 88, 87, -1,
 154, 87, 153, -1, 153, 87, 86, -1, 153, 86, 152, -1,
 152, 86, 85, -1, 152, 85, 84, -1, 159, 94, 158, -1,
 158, 94, 93, -1, 155, 157, 91, -1, 91, 157, 158, -1,
 91, 158, 92, -1, 92, 158, 93, -1, 102, 101, 166, -1,
 159, 162, 94, -1, 94, 162, 163, -1, 94, 163, 95, -1,
 95, 163, 164, -1, 95, 164, 96, -1, 96, 164, 166, -1,
 96, 166, 100, -1, 100, 166, 101, -1, 97, 98, 167, -1,
 167, 98, 99, -1, 167, 99, 170, -1, 170, 99, 103, -1,
 170, 103, 171, -1, 171, 103, 104, -1, 171, 104, 174, -1,
 174, 104, 107, -1, 174, 107, 173, -1, 173, 107, 106, -1,
 173, 106, 172, -1, 172, 106, 105, -1, 172, 105, 169, -1,
 169, 105, 102, -1, 169, 102, 168, -1, 168, 102, 166, -1,
 161, 160, 31, -1, 31, 160, 156, -1, 31, 156, 37, -1,
 37, 156, 151, -1, 37, 151, 36, -1, 46, 47, 117, -1,
 117, 47, 34, -1, 117, 34, 118, -1, 118, 34, 33, -1,
 118, 33, 121, -1, 121, 33, 24, -1, 121, 24, 124, -1,
 124, 24, 25, -1, 124, 25, 126, -1, 126, 25, 26, -1,
 126, 26, 131, -1, 131, 26, 27, -1, 13, 31, 30, -1,
 30, 31, 37, -1, 30, 37, 29, -1, 29, 37, 36, -1,
 29, 36, 28, -1, 4, 6, 5, -1, 5, 6, 7, -1,
 18, 21, 20, -1, 7, 6, 8, -1, 8, 6, 9, -1,
 8, 9, 11, -1, 11, 9, 10, -1, 11, 10, 12, -1,
 10, 13, 12, -1, 12, 13, 14, -1, 12, 14, 16, -1,
 16, 14, 15, -1, 16, 15, 17, -1, 17, 15, 18, -1,
 17, 18, 19, -1, 19, 18, 20, -1, 1, 3, 0, -1,
 0, 3, 4, -1, 0, 4, 2, -1, 2, 4, 5, -1,
 0, 65, 1, -1, 1, 65, 80, -1, 132, 130, 129, -1,
 138, 137, 139, -1, 139, 137, 159, -1, 133, 132, 134, -1,
 134, 132, 159, -1, 134, 159, 135, -1, 135, 159, 137, -1,
 135, 137, 136, -1, 140, 151, 156, -1, 152, 150, 153, -1,
 153, 150, 155, -1, 153, 155, 154, -1, 132, 129, 159, -1,
 159, 129, 128, -1, 159, 128, 127, -1, 157, 155, 158, -1,
 158, 155, 150, -1, 158, 150, 159, -1, 159, 150, 149, -1,
 159, 149, 148, -1, 148, 147, 159, -1, 159, 147, 146, -1,
 159, 146, 145, -1, 141, 139, 142, -1, 142, 139, 159, -1,
 142, 159, 143, -1, 143, 159, 145, -1, 143, 145, 144, -1,
 131, 140, 126, -1, 126, 140, 156, -1, 126, 156, 124, -1,
 124, 156, 160, -1, 124, 160, 121, -1, 121, 160, 161, -1,
 121, 161, 118, -1, 118, 161, 165, -1, 118, 165, 117, -1,
 117, 165, 167, -1, 117, 167, 112, -1, 112, 167, 170, -1,
 112, 170, 111, -1, 111, 170, 171, -1, 111, 171, 110, -1,
 110, 171, 174, -1, 110, 174, 109, -1, 109, 174, 173, -1,
 109, 173, 108, -1, 108, 173, 172, -1, 108, 172, 113, -1,
 113, 172, 169, -1, 113, 169, 114, -1, 114, 169, 168, -1,
 114, 168, 115, -1, 115, 168, 166, -1, 115, 166, 116, -1,
 116, 166, 164, -1, 116, 164, 119, -1, 119, 164, 163, -1,
 119, 163, 120, -1, 120, 163, 162, -1, 120, 162, 122, -1,
 122, 162, 159, -1, 122, 159, 123, -1, 123, 159, 127, -1,
 123, 127, 125, -1, 151, 140, 36, -1, 36, 140, 131, -1,
 36, 131, 28, -1, 28, 131, 27, -1, 28, 27, 21, -1,
 21, 27, 20, -1, 80, 107, 104, -1, 97, 80, 98, -1,
 98, 80, 104, -1, 98, 104, 99, -1, 99, 104, 103, -1,
 46, 45, 42, -1, 73, 74, 75, -1, 47, 46, 65, -1,
 65, 46, 42, -1, 65, 42, 38, -1, 38, 42, 41, -1,
 63, 90, 62, -1, 62, 90, 60, -1, 62, 60, 61, -1,
 86, 87, 88, -1, 77, 78, 90, -1, 90, 78, 88, -1,
 90, 88, 89, -1, 91, 53, 54, -1, 67, 68, 66, -1,
 66, 68, 90, -1, 66, 90, 64, -1, 64, 90, 63, -1,
 68, 69, 90, -1, 90, 69, 70, -1, 90, 70, 71, -1,
 76, 77, 75, -1, 75, 77, 90, -1, 75, 90, 73, -1,
 73, 90, 71, -1, 73, 71, 72, -1, 83, 84, 85, -1,
 94, 52, 93, -1, 93, 52, 53, -1, 93, 53, 92, -1,
 92, 53, 91, -1, 80, 65, 107, -1, 107, 65, 38, -1,
 107, 38, 106, -1, 106, 38, 39, -1, 106, 39, 105, -1,
 105, 39, 40, -1, 105, 40, 102, -1, 102, 40, 43, -1,
 102, 43, 101, -1, 101, 43, 44, -1, 101, 44, 100, -1,
 100, 44, 48, -1, 100, 48, 96, -1, 96, 48, 49, -1,
 96, 49, 95, -1, 95, 49, 50, -1, 95, 50, 94, -1,
 94, 50, 51, -1, 94, 51, 52, -1, 85, 86, 83, -1,
 83, 86, 88, -1, 83, 88, 82, -1, 82, 88, 78, -1,
 82, 78, 81, -1, 81, 78, 79, -1, 54, 55, 91, -1,
 91, 55, 56, -1, 91, 56, 90, -1, 59, 60, 58, -1,
 58, 60, 90, -1, 58, 90, 57, -1, 57, 90, 56, -1,
 0, 2, 22, -1, 47, 65, 34, -1, 34, 65, 0, -1,
 34, 0, 33, -1, 33, 0, 22, -1, 23, 3, 32, -1,
 32, 3, 1, -1, 32, 1, 35, -1, 35, 1, 80, -1,
 35, 80, 97, -1
]
materialIndex [
 0, 0, 0, 0, 0, 0, 0, 0, 0, 0, 0, 0, 0, 0, 0, 0, 0, 0, 0, 0, 0, 0, 0, 0, 0, 0, 0, 0, 0, 0, 0, 0, 0, 0, 0, 0, 0, 0, 0, 0, 0, 0, 0, 0, 0, 0, 0, 0, 0, 0, 0, 0, 0, 0, 0, 0, 0, 0, 0, 0, 0, 0, 0, 0, 0, 0, 0, 0, 0, 0, 0, 0, 0, 0, 0, 0, 0, 0, 0, 0, 0, 0, 0, 0, 0, 0, 0, 0, 0, 0, 0, 0, 0, 0, 0, 0, 0, 0, 0, 0, 0, 0, 0, 0, 0, 0, 0, 0, 0, 0, 0, 0, 0, 0, 0, 0, 0, 0, 0, 0, 0, 0, 0, 0, 0, 0, 0, 0, 0, 0, 0, 0, 0, 0, 0, 0, 0, 0, 0, 0, 0, 0, 0, 0, 0, 0, 0, 0, 0, 0, 0, 0, 0, 0, 0, 0, 0, 0, 0, 0, 0, 0, 0, 0, 0, 0, 0, 0, 0, 0, 0, 0, 0, 0, 0, 0, 0, 0, 0, 0, 0, 0, 0, 0, 0, 0, 0, 0, 0, 0, 0, 0, 0, 0, 0, 0, 0,
 0, 0, 0, 0, 0, 0, 0, 0, 0, 0, 0, 0, 0, 0, 0, 0, 0, 0, 0, 0, 0, 0, 0, 0, 0, 0, 0, 0, 0, 0, 0, 0, 0, 0, 0, 0, 0, 0, 0, 0, 0, 0, 0, 0, 0, 0, 0, 0, 0, 0, 0, 0, 0, 0, 0, 0, 0, 0, 0, 0, 0, 0, 0, 0, 0, 0, 0, 0, 0, 0, 0, 0, 0, 0, 0, 0, 0, 0, 0, 0, 0, 0, 0, 0, 0, 0, 0, 0, 0, 0, 0, 0, 0, 0, 0, 0, 0, 0, 0, 0, 0, 0, 0, 0, 0, 0, 0, 0, 0, 0, 0, 0, 0, 0, 0, 0, 0, 0, 0, 0, 0, 0, 0, 0, 0, 0, 0, 0, 0, 0, 0, 0, 0, 0, 0, 0, 0, 0, 0,
 0, 0, 0, 0, 0, 0, 0, 0, 0, 0,
]
}
}
Separator {
MaterialBinding {
value PER_FACE_INDEXED
}
Material {
ambientColor [
 0.792157 0.819608 0.933333
]
diffuseColor [
 0.792157 0.819608 0.933333
]
emissiveColor [
 0.000000 0.000000 0.000000
]
specularColor [
 0.396078 0.409804 0.466667
]
shininess [
 0.312500
]
transparency [
 0.000000
]
}
Coordinate3 {
point [
 -0.017023 0.082909 -0.893357, -0.017021 0.080605 -0.893356, -0.017008 0.061787 -0.893348, -0.017006 0.083695 -0.893347, -0.017003 0.080722 -0.893580,
 -0.016972 0.037282 -0.893327, -0.016949 0.022456 -0.893314, -0.016930 0.022018 -0.893303, -0.016862 0.021551 -0.893264, -0.016838 0.021381 -0.893250,
 -0.016836 0.091709 -0.893249, -0.016649 0.100534 -0.893141, -0.016596 0.020625 -0.893111, -0.016550 0.083151 -0.897263, -0.016496 0.020309 -0.893052,
 -0.016491 0.094092 -0.896380, -0.016357 0.022849 -0.898587, -0.016343 0.109265 -0.892964, -0.016186 0.019710 -0.892874, -0.016066 0.111399 -0.895497,
 -0.015772 0.023238 -0.903804, -0.015569 0.018904 -0.892518, -0.015558 0.089497 -0.904535, -0.015528 0.100952 -0.903266, -0.015466 0.018769 -0.892458,
 -0.015180 0.142526 -0.892293, -0.015155 0.118401 -0.901996, -0.015023 0.018361 -0.892202, -0.014826 0.018237 -0.892088, -0.014627 0.023999 -0.914018,
 -0.014467 0.097514 -0.911712, -0.014454 0.109648 -0.910082, -0.014304 0.163449 -0.891787, -0.014124 0.127296 -0.908452, -0.014122 0.165156 -0.893732,
 -0.013981 0.017708 -0.891601, -0.013942 0.024455 -0.920127, -0.013503 0.024683 -0.923996, -0.013487 0.017512 -0.891316, -0.013377 0.171320 -0.899458,
 -0.013298 0.106831 -0.918824, -0.013290 0.119771 -0.916854, -0.013155 0.024863 -0.927062, -0.013126 0.017444 -0.891107, -0.013079 0.024099 -0.927121,
 -0.012999 0.137664 -0.914884, -0.012840 0.023269 -0.927165, -0.012517 0.179174 -0.905192, -0.012426 0.022468 -0.927187, -0.012390 0.025260 -0.933797,
 -0.012275 0.017284 -0.890616, -0.012013 0.218200 -0.890464, -0.011848 0.021752 -0.927183, -0.011564 0.188342 -0.910944, -0.011138 0.021167 -0.927153,
 -0.010876 0.243127 -0.889808, -0.010801 0.127871 -0.932929, -0.010784 0.142662 -0.930327, -0.010716 0.244465 -0.891966, -0.010556 0.161128 -0.927726,
 -0.010433 0.026275 -0.951042, -0.010342 0.020747 -0.927099, -0.010223 0.248296 -0.896920, -0.010210 0.026359 -0.953013, -0.009643 0.253186 -0.901932,
 -0.009516 0.020501 -0.927026, -0.009467 0.209113 -0.922524, -0.009256 0.026720 -0.961424, -0.009206 0.026164 -0.961469, -0.009033 0.025539 -0.961503,
 -0.008991 0.258899 -0.907005, -0.008727 0.024935 -0.961520, -0.008709 0.020419 -0.926942, -0.008690 0.020437 -0.927144, -0.008297 0.024394 -0.961518,
 -0.008232 0.303919 -0.873774, -0.008232 0.303919 -0.873886, -0.008231 0.303919 -0.877985, -0.008230 0.303919 -0.882192, -0.008230 0.303919 -0.884102,
 -0.008225 0.149628 -0.946960, -0.008184 0.166342 -0.943769, -0.008182 0.303919 -0.869832, -0.008156 0.303919 -0.886501, -0.008131 0.303919 -0.865812,
 -0.008108 0.303919 -0.888053, -0.008103 0.303919 -0.888207, -0.008101 0.303919 -0.863448, -0.008071 0.027167 -0.971880, -0.008061 0.303919 -0.861779,
 -0.008009 0.185409 -0.940578, -0.007868 0.303919 -0.853545, -0.007865 0.303919 -0.853449, -0.007766 0.023953 -0.961495, -0.007549 0.303919 -0.844782,
 -0.007534 0.271850 -0.917322, -0.007501 0.303919 -0.843454, -0.007254 0.230615 -0.934196, -0.007170 0.023635 -0.961454, -0.007068 0.303919 -0.835252,
 -0.007052 0.303919 -0.834947, -0.007005 0.027570 -0.981278, -0.006954 0.159841 -0.953967, -0.006903 0.177453 -0.950489, -0.006753 0.196798 -0.947010,
 -0.006550 0.023450 -0.961400, -0.006532 0.303919 -0.827838, -0.006451 0.027779 -0.986167, -0.006205 0.303919 -0.824803, -0.006155 0.240697 -0.940054,
 -0.006025 0.023292 -0.960228, -0.005994 0.349360 -0.880360, -0.005959 0.349360 -0.878369, -0.005959 0.349360 -0.882183, -0.005959 0.285261 -0.927815,
 -0.005951 0.023388 -0.961336, -0.005930 0.027931 -0.990673, -0.005895 0.349360 -0.874690, -0.005883 0.349360 -0.886133, -0.005832 0.349360 -0.871120,
 -0.005805 0.349360 -0.890200, -0.005771 0.349360 -0.867639, -0.005757 0.349360 -0.892708, -0.005721 0.169111 -0.960976, -0.005711 0.349360 -0.864230,
 -0.005678 0.349360 -0.862351, -0.005671 0.349360 -0.894380, -0.005663 0.187531 -0.957210, -0.005639 0.303919 -0.819538, -0.005602 0.303919 -0.819323,
 -0.005538 0.207123 -0.953445, -0.005463 0.349360 -0.857579, -0.005452 0.349360 -0.898669, -0.005227 0.349360 -0.903062, -0.005171 0.349360 -0.851072,
 -0.005159 0.291548 -0.933097, -0.005103 0.349360 -0.849574, -0.005087 0.249830 -0.945914, -0.004839 0.028249 -1.000090, -0.004796 0.349360 -0.911474,
 -0.004748 0.349360 -0.912119, -0.004693 0.349360 -0.844648, -0.004678 0.303919 -0.813912, -0.004635 0.303919 -0.813662, -0.004543 0.177065 -0.967990,
 -0.004387 0.215959 -0.959880, -0.004367 0.297240 -0.938383, -0.004283 0.349360 -0.839726, -0.004141 0.303919 -0.811784, -0.004072 0.349360 -0.838242,
 -0.004071 0.257637 -0.951769, -0.004053 0.349360 -0.921428, -0.004044 0.304127 -0.811389, -0.004020 0.303919 -0.811327, -0.003778 0.303919 -0.810405,
 -0.003741 0.028569 -1.009581, -0.003615 0.349360 -0.835036, -0.003596 0.302102 -0.943658, -0.003438 0.183329 -0.975016, -0.003389 0.349360 -0.833452,
 -0.003350 0.349360 -0.930850, -0.003318 0.222884 -0.966313, -0.003187 0.028731 -1.014366, -0.003181 0.349360 -0.933108, -0.003180 0.304857 -0.809265,
 -0.003156 0.303919 -0.808889, -0.003124 0.263740 -0.957610, -0.003005 0.349360 -0.831836, -0.002962 0.027286 -1.006504, -0.002929 0.349360 -0.935544,
 -0.002917 0.185711 -0.978535, -0.002855 0.305898 -0.948907, -0.002821 0.225498 -0.969529, -0.002778 0.303919 -0.807968, -0.002681 0.266034 -0.960523,
 -0.002629 0.028893 -1.019184, -0.002625 0.305111 -0.808263, -0.002614 0.303919 -0.807676, -0.002508 0.349360 -0.829741, -0.002446 0.349360 -0.940197,
 -0.002420 0.187529 -0.982059, -0.002351 0.227475 -0.972745, -0.002262 0.267762 -0.963430, -0.002154 0.308390 -0.954116, -0.002085 0.349360 -0.828683,
 -0.002067 0.029057 -1.024039, -0.001969 0.349360 -0.944795, -0.001948 0.188738 -0.985590, -0.001935 0.305291 -0.807354, -0.001929 0.303919 -0.806758,
 -0.001911 0.228763 -0.975961, -0.001868 0.268875 -0.966331, -0.001821 0.309074 -0.956702, -0.001742 0.303919 -0.806507, -0.001737 0.349360 -0.827812,
 -0.001558 0.303919 -0.806334, -0.001519 0.305353 -0.806962, -0.001500 0.029222 -1.028937, -0.001500 0.189291 -0.989129, -0.001500 0.229308 -0.979177,
 -0.001500 0.269326 -0.969225, -0.001500 0.309343 -0.959274, -0.001500 0.349360 -0.949322, -0.001333 0.349360 -0.827213, -0.001206 0.349360 -0.827025,
 -0.001065 0.349360 -0.826898, -0.001050 0.303919 -0.805982, -0.001048 0.305397 -0.806642, -0.000993 0.016722 -0.884102, -0.000993 0.303919 -0.884102,
 -0.000941 0.303919 -0.805906, -0.000796 0.303919 -0.805838, -0.000789 0.305412 -0.806518, -0.000770 0.349360 -0.826632, -0.000566 0.349360 -0.826528,
 -0.000518 0.303919 -0.805756, -0.000518 0.305422 -0.806426, -0.000417 0.349360 -0.826452, -0.000311 0.303919 -0.805695, -0.000236 0.305428 -0.806373,
 -0.000172 0.349360 -0.826396, -0.000134 0.349360 -0.826387, -0.000000 0.029222 -1.028937, 0.000000 0.349360 -0.949322, 0.000001 0.303919 -0.805670,
 0.000051 0.303919 -0.805676, 0.000051 0.305430 -0.806359, 0.000169 0.349360 -0.826392, 0.000244 0.349360 -0.826411, 0.000336 0.305426 -0.806387,
 0.000469 0.349360 -0.826468, 0.000469 0.303919 -0.805727, 0.000616 0.305419 -0.806452, 0.000621 0.303919 -0.805770, 0.000643 0.303919 -0.805776,
 0.000820 0.349360 -0.826651, 0.000859 0.349360 -0.826672, 0.001007 0.016722 -0.884102, 0.001007 0.303919 -0.884102, 0.001139 0.349360 -0.826919,
 0.001142 0.305390 -0.806678, 0.001183 0.303919 -0.806028, 0.001369 0.349360 -0.827123, 0.001397 0.303919 -0.806169, 0.001500 0.029222 -1.028937,
 0.001500 0.189291 -0.989129, 0.001500 0.229308 -0.979177, 0.001500 0.269326 -0.969225, 0.001500 0.309343 -0.959274, 0.001500 0.349360 -0.949322,
 0.001617 0.305344 -0.806997, 0.001618 0.303919 -0.806371, 0.001822 0.309073 -0.956702, 0.001871 0.268873 -0.966331, 0.001907 0.349360 -0.827895,
 0.001913 0.228761 -0.975961, 0.001951 0.188736 -0.985591, 0.001990 0.349360 -0.944798, 0.002043 0.305279 -0.807381, 0.002066 0.349360 -0.828123,
 0.002071 0.029059 -1.024041, 0.002103 0.303919 -0.806815, 0.002159 0.308386 -0.954116, 0.002270 0.267755 -0.963431, 0.002274 0.349360 -0.828631,
 0.002361 0.227467 -0.972746, 0.002431 0.187520 -0.982060, 0.002487 0.349360 -0.940202, 0.002636 0.028897 -1.019188, 0.002699 0.266020 -0.960525,
 0.002769 0.305093 -0.808269, 0.002777 0.303919 -0.807762, 0.002809 0.349360 -0.937234, 0.002842 0.225479 -0.969531, 0.002873 0.305883 -0.948909,
 0.002923 0.303919 -0.807967, 0.002940 0.185691 -0.978537, 0.002948 0.349360 -0.935548, 0.003048 0.349360 -0.830523, 0.003153 0.263715 -0.957613,
 0.003198 0.028737 -1.014372, 0.003333 0.349360 -0.831740, 0.003335 0.349360 -0.930852, 0.003352 0.303919 -0.808880, 0.003354 0.222853 -0.966317,
 0.003363 0.304832 -0.809253, 0.003476 0.183296 -0.975020, 0.003633 0.302073 -0.943662, 0.003755 0.028577 -1.009589, 0.003796 0.303919 -0.809825,
 0.004057 0.349360 -0.834832, 0.004069 0.349360 -0.834920, 0.004111 0.349360 -0.921439, 0.004131 0.257585 -0.951774, 0.004254 0.303919 -0.811317,
 0.004294 0.304092 -0.811354, 0.004359 0.303919 -0.811656, 0.004386 0.349360 -0.918106, 0.004428 0.297192 -0.938390, 0.004461 0.215894 -0.959887,
 0.004509 0.349360 -0.838133, 0.004622 0.176995 -0.967999, 0.004738 0.349360 -0.912128, 0.004801 0.303919 -0.813096, 0.004862 0.028261 -1.000099,
 0.004865 0.349360 -0.840742, 0.004967 0.303919 -0.813889, 0.005144 0.349360 -0.844550, 0.005185 0.249746 -0.945923, 0.005246 0.291479 -0.933106,
 0.005271 0.349360 -0.903074, 0.005355 0.027430 -0.994932, 0.005381 0.024111 -0.969719, 0.005446 0.027764 -0.994914, 0.005469 0.028087 -0.994888,
 0.005529 0.349360 -0.898682, 0.005564 0.349360 -0.898094, 0.005576 0.028056 -0.993970, 0.005576 0.303919 -0.816810, 0.005583 0.349360 -0.850563,
 0.005595 0.349360 -0.850992, 0.005660 0.207016 -0.953456, 0.005679 0.349360 -0.894389, 0.005774 0.349360 -0.857520, 0.005790 0.187418 -0.957223,
 0.005809 0.349360 -0.890206, 0.005850 0.168997 -0.960989, 0.005936 0.349360 -0.886137, 0.005937 0.303919 -0.819301, 0.005953 0.027920 -0.990671,
 0.005956 0.349360 -0.864193, 0.005970 0.349360 -0.864689, 0.005973 0.349360 -0.867611, 0.005977 0.349360 -0.871101, 0.005982 0.349360 -0.874680,
 0.005986 0.349360 -0.878366, 0.005991 0.349360 -0.882185, 0.005993 0.349360 -0.884303, 0.006033 0.023388 -0.961334, 0.006071 0.285172 -0.927827,
 0.006294 0.240577 -0.940067, 0.006396 0.303919 -0.822477, 0.006585 0.023449 -0.961394, 0.006622 0.303919 -0.824741, 0.006925 0.196647 -0.947027,
 0.007025 0.303919 -0.828778, 0.007027 0.027533 -0.981263, 0.007083 0.177293 -0.950506, 0.007137 0.159678 -0.953986, 0.007203 0.023634 -0.961449,
 0.007323 0.303919 -0.832720, 0.007434 0.230460 -0.934213, 0.007461 0.303919 -0.835182, 0.007690 0.271728 -0.917338, 0.007765 0.303919 -0.840615,
 0.007798 0.023950 -0.961490, 0.007918 0.303919 -0.844727, 0.008042 0.303919 -0.848073, 0.008100 0.027147 -0.971872, 0.008152 0.303919 -0.888226,
 0.008164 0.303919 -0.853488, 0.008191 0.303919 -0.886506, 0.008207 0.020973 -0.933356, 0.008211 0.303919 -0.855534, 0.008231 0.185212 -0.940599,
 0.008245 0.303919 -0.884102, 0.008257 0.303919 -0.882193, 0.008270 0.303919 -0.880148, 0.008276 0.303919 -0.861751, 0.008278 0.303919 -0.877985,
 0.008294 0.303919 -0.873875, 0.008297 0.303919 -0.863736, 0.008297 0.303919 -0.865793, 0.008299 0.303919 -0.869822, 0.008300 0.303919 -0.872242,
 0.008329 0.024389 -0.961513, 0.008340 0.299972 -0.888335, 0.008417 0.166135 -0.943792, 0.008461 0.149417 -0.946984, 0.008759 0.024927 -0.961516,
 0.008812 0.020419 -0.926940, 0.009065 0.025528 -0.961500, 0.009088 0.284183 -0.888767, 0.009167 0.258762 -0.907022, 0.009240 0.026151 -0.961466,
 0.009293 0.026716 -0.961421, 0.009576 0.020500 -0.927021, 0.009716 0.208898 -0.922546, 0.009814 0.253053 -0.901948, 0.010038 0.026448 -0.954897,
 0.010253 0.026339 -0.953009, 0.010377 0.248177 -0.896934, 0.010399 0.020744 -0.927094, 0.010838 0.244372 -0.891977, 0.010862 0.160856 -0.927755,
 0.010985 0.243094 -0.889862, 0.011105 0.142375 -0.930358, 0.011127 0.127579 -0.932961, 0.011191 0.021161 -0.927148, 0.011387 0.018062 -0.899635,
 0.011843 0.188103 -0.910969, 0.011900 0.021740 -0.927179, 0.012003 0.221021 -0.890450, 0.012305 0.017285 -0.890624, 0.012448 0.025236 -0.933792,
 0.012478 0.022450 -0.927184, 0.012789 0.178942 -0.905215, 0.012893 0.023245 -0.927162, 0.013137 0.024070 -0.927119, 0.013155 0.017452 -0.891115,
 0.013217 0.024849 -0.927060, 0.013343 0.137360 -0.914915, 0.013567 0.024673 -0.923992, 0.013589 0.017537 -0.891365, 0.013622 0.171112 -0.899478,
 0.013641 0.024636 -0.923349, 0.013651 0.119451 -0.916888, 0.013664 0.106505 -0.918860, 0.013966 0.017687 -0.891583, 0.014316 0.164993 -0.893748,
 0.014459 0.127002 -0.908482, 0.014498 0.163426 -0.891890, 0.014680 0.023953 -0.914016, 0.014684 0.159139 -0.891998, 0.014805 0.109337 -0.910115,
 0.014823 0.097198 -0.911747, 0.014856 0.018233 -0.892097, 0.015031 0.018341 -0.892198, 0.015307 0.018580 -0.892357, 0.015457 0.118137 -0.902023,
 0.015587 0.018911 -0.892519, 0.015818 0.023205 -0.903803, 0.015844 0.100674 -0.903294, 0.015879 0.089214 -0.904566, 0.016095 0.019510 -0.892812,
 0.016220 0.119555 -0.892885, 0.016287 0.019823 -0.892923, 0.016305 0.111193 -0.895518, 0.016400 0.022823 -0.898586, 0.016553 0.109172 -0.893077,
 0.016629 0.020615 -0.893120, 0.016740 0.093874 -0.896403, 0.016749 0.020893 -0.893190, 0.016804 0.082929 -0.897287, 0.016864 0.021335 -0.893257,
 0.016886 0.021536 -0.893269, 0.016947 0.096852 -0.893304, 0.016986 0.022438 -0.893327, 0.017050 0.091594 -0.893364, 0.017193 0.068564 -0.893447,
 0.017209 0.080542 -0.893600, 0.017213 0.080471 -0.893458, 0.017216 0.082154 -0.893459, 0.017217 0.083102 -0.893460
]
}
IndexedFaceSet {
coordIndex [
 362, 380, 73, -1, 399, 403, 237, -1, 73, 380, 72, -1,
 72, 380, 399, -1, 72, 399, 50, -1, 50, 399, 237, -1,
 50, 237, 208, -1, 362, 73, 338, -1, 338, 73, 110, -1,
 338, 110, 312, -1, 222, 244, 312, -1, 197, 222, 168, -1,
 168, 222, 312, -1, 168, 312, 115, -1, 115, 312, 110, -1,
 316, 322, 391, -1, 145, 130, 137, -1, 190, 199, 198, -1,
 435, 439, 437, -1, 449, 447, 438, -1, 256, 260, 244, -1,
 266, 268, 260, -1, 286, 288, 280, -1, 317, 314, 301, -1,
 301, 314, 304, -1, 301, 304, 288, -1, 348, 346, 329, -1,
 389, 385, 378, -1, 378, 385, 358, -1, 378, 358, 346, -1,
 410, 404, 417, -1, 417, 404, 390, -1, 415, 412, 425, -1,
 425, 412, 410, -1, 422, 443, 431, -1, 431, 443, 450, -1,
 431, 450, 438, -1, 438, 450, 451, -1, 438, 451, 449, -1,
 437, 439, 441, -1, 439, 446, 441, -1, 441, 446, 448, -1,
 441, 448, 443, -1, 443, 448, 453, -1, 443, 453, 450, -1,
 450, 453, 452, -1, 450, 452, 451, -1, 435, 437, 423, -1,
 423, 437, 419, -1, 423, 419, 421, -1, 421, 419, 402, -1,
 402, 419, 393, -1, 402, 393, 395, -1, 325, 376, 393, -1,
 393, 376, 382, -1, 393, 382, 395, -1, 334, 369, 335, -1,
 335, 369, 367, -1, 335, 367, 336, -1, 336, 367, 366, -1,
 336, 366, 337, -1, 337, 366, 365, -1, 337, 365, 327, -1,
 327, 365, 361, -1, 327, 361, 325, -1, 325, 361, 359, -1,
 325, 359, 376, -1, 332, 373, 333, -1, 333, 373, 374, -1,
 333, 374, 334, -1, 334, 374, 370, -1, 334, 370, 369, -1,
 323, 363, 330, -1, 330, 363, 368, -1, 330, 368, 331, -1,
 331, 368, 371, -1, 331, 371, 332, -1, 332, 371, 372, -1,
 332, 372, 373, -1, 343, 345, 300, -1, 300, 345, 350, -1,
 300, 350, 305, -1, 305, 350, 352, -1, 305, 352, 307, -1,
 307, 352, 354, -1, 307, 354, 319, -1, 319, 354, 356, -1,
 319, 356, 320, -1, 320, 356, 357, -1, 320, 357, 323, -1,
 323, 357, 360, -1, 323, 360, 363, -1, 343, 300, 341, -1,
 341, 300, 291, -1, 341, 291, 328, -1, 295, 281, 278, -1,
 295, 278, 285, -1, 328, 291, 318, -1, 318, 291, 290, -1,
 318, 290, 306, -1, 306, 290, 281, -1, 306, 281, 303, -1,
 303, 281, 295, -1, 303, 295, 296, -1, 285, 289, 295, -1,
 295, 289, 294, -1, 295, 294, 296, -1, 250, 261, 258, -1,
 258, 261, 271, -1, 258, 271, 270, -1, 270, 271, 275, -1,
 270, 275, 285, -1, 285, 275, 283, -1, 285, 283, 289, -1,
 240, 243, 250, -1, 250, 243, 251, -1, 250, 251, 261, -1,
 232, 234, 240, -1, 240, 234, 241, -1, 240, 241, 243, -1,
 216, 218, 219, -1, 219, 218, 224, -1, 219, 224, 226, -1,
 226, 224, 225, -1, 226, 225, 229, -1, 229, 225, 231, -1,
 229, 231, 232, -1, 232, 231, 233, -1, 232, 233, 234, -1,
 206, 210, 212, -1, 212, 210, 211, -1, 212, 211, 216, -1,
 216, 211, 215, -1, 216, 215, 218, -1, 212, 207, 206, -1,
 206, 207, 196, -1, 206, 196, 195, -1, 195, 196, 193, -1,
 193, 196, 188, -1, 193, 188, 189, -1, 189, 188, 176, -1,
 189, 176, 177, -1, 177, 176, 173, -1, 173, 176, 164, -1,
 173, 164, 165, -1, 165, 164, 154, -1, 154, 164, 152, -1,
 154, 152, 153, -1, 129, 142, 167, -1, 167, 142, 143, -1,
 167, 143, 152, -1, 152, 143, 148, -1, 152, 148, 153, -1,
 167, 159, 129, -1, 129, 159, 156, -1, 129, 156, 128, -1,
 128, 156, 149, -1, 99, 100, 149, -1, 100, 106, 149, -1,
 149, 106, 108, -1, 149, 108, 128, -1, 149, 147, 99, -1,
 99, 147, 141, -1, 99, 141, 96, -1, 96, 141, 136, -1,
 96, 136, 94, -1, 94, 136, 134, -1, 94, 134, 92, -1,
 92, 134, 131, -1, 92, 131, 91, -1, 91, 131, 89, -1,
 131, 125, 89, -1, 89, 125, 124, -1, 89, 124, 87, -1,
 87, 124, 121, -1, 87, 121, 84, -1, 84, 121, 119, -1,
 78, 77, 112, -1, 112, 77, 76, -1, 112, 76, 117, -1,
 117, 76, 75, -1, 117, 75, 119, -1, 119, 75, 82, -1,
 119, 82, 84, -1, 112, 111, 78, -1, 78, 111, 113, -1,
 78, 113, 79, -1, 79, 113, 118, -1, 79, 118, 83, -1,
 83, 118, 85, -1, 85, 118, 120, -1, 85, 120, 86, -1,
 34, 32, 58, -1, 58, 32, 51, -1, 58, 51, 55, -1,
 15, 11, 19, -1, 19, 11, 17, -1, 19, 17, 34, -1,
 34, 17, 25, -1, 34, 25, 32, -1, 13, 3, 15, -1,
 15, 3, 10, -1, 15, 10, 11, -1, 6, 5, 16, -1,
 16, 5, 2, -1, 16, 2, 4, -1, 4, 2, 1, -1,
 4, 1, 0, -1, 0, 3, 4, -1, 4, 3, 13, -1,
 4, 13, 16, -1, 16, 13, 20, -1, 36, 29, 22, -1,
 22, 29, 20, -1, 30, 37, 36, -1, 60, 49, 40, -1,
 40, 49, 42, -1, 67, 63, 56, -1, 56, 63, 60, -1,
 80, 88, 67, -1, 102, 101, 88, -1, 158, 155, 138, -1,
 145, 158, 144, -1, 144, 158, 138, -1, 144, 138, 116, -1,
 175, 162, 180, -1, 180, 162, 170, -1, 180, 170, 172, -1,
 172, 170, 161, -1, 172, 161, 166, -1, 166, 161, 150, -1,
 130, 145, 127, -1, 127, 145, 144, -1, 127, 144, 123, -1,
 123, 144, 116, -1, 123, 116, 107, -1, 200, 199, 191, -1,
 191, 199, 190, -1, 191, 190, 182, -1, 185, 175, 187, -1,
 187, 175, 180, -1, 187, 180, 181, -1, 181, 180, 172, -1,
 181, 172, 174, -1, 174, 172, 166, -1, 201, 200, 192, -1,
 192, 200, 191, -1, 192, 191, 183, -1, 183, 191, 182, -1,
 183, 182, 171, -1, 135, 137, 109, -1, 109, 137, 130, -1,
 109, 130, 104, -1, 104, 130, 127, -1, 104, 127, 103, -1,
 103, 127, 123, -1, 103, 123, 102, -1, 102, 123, 107, -1,
 102, 107, 101, -1, 88, 80, 102, -1, 102, 80, 81, -1,
 102, 81, 103, -1, 103, 81, 90, -1, 103, 90, 104, -1,
 104, 90, 97, -1, 104, 97, 109, -1, 109, 97, 114, -1,
 109, 114, 135, -1, 197, 185, 198, -1, 198, 185, 187, -1,
 198, 187, 190, -1, 190, 187, 181, -1, 190, 181, 182, -1,
 182, 181, 174, -1, 182, 174, 171, -1, 171, 174, 166, -1,
 171, 166, 157, -1, 157, 166, 150, -1, 157, 150, 146, -1,
 151, 160, 146, -1, 146, 160, 163, -1, 146, 163, 157, -1,
 157, 163, 169, -1, 157, 169, 171, -1, 171, 169, 179, -1,
 171, 179, 183, -1, 183, 179, 186, -1, 183, 186, 192, -1,
 192, 186, 202, -1, 192, 202, 201, -1, 67, 56, 80, -1,
 80, 56, 57, -1, 80, 57, 81, -1, 81, 57, 59, -1,
 81, 59, 90, -1, 90, 59, 66, -1, 90, 66, 97, -1,
 97, 66, 95, -1, 97, 95, 114, -1, 60, 40, 56, -1,
 56, 40, 41, -1, 56, 41, 57, -1, 57, 41, 45, -1,
 57, 45, 59, -1, 59, 45, 53, -1, 59, 53, 66, -1,
 66, 53, 70, -1, 66, 70, 95, -1, 132, 70, 64, -1,
 64, 70, 53, -1, 64, 53, 47, -1, 47, 53, 45, -1,
 47, 45, 33, -1, 33, 45, 41, -1, 33, 41, 31, -1,
 31, 41, 40, -1, 31, 40, 30, -1, 30, 40, 42, -1,
 30, 42, 37, -1, 122, 58, 120, -1, 120, 58, 55, -1,
 120, 55, 86, -1, 20, 13, 22, -1, 22, 13, 15, -1,
 22, 15, 23, -1, 23, 15, 19, -1, 23, 19, 26, -1,
 26, 19, 34, -1, 26, 34, 39, -1, 39, 34, 58, -1,
 39, 58, 62, -1, 62, 58, 122, -1, 62, 122, 126, -1,
 36, 22, 30, -1, 30, 22, 23, -1, 30, 23, 31, -1,
 31, 23, 26, -1, 31, 26, 33, -1, 33, 26, 39, -1,
 33, 39, 47, -1, 47, 39, 62, -1, 47, 62, 64, -1,
 64, 62, 126, -1, 64, 126, 132, -1, 132, 133, 70, -1,
 70, 133, 139, -1, 70, 139, 95, -1, 95, 139, 140, -1,
 95, 140, 114, -1, 114, 140, 151, -1, 114, 151, 135, -1,
 135, 151, 146, -1, 135, 146, 137, -1, 137, 146, 150, -1,
 137, 150, 145, -1, 145, 150, 161, -1, 145, 161, 158, -1,
 158, 161, 170, -1, 158, 170, 155, -1, 155, 170, 162, -1,
 219, 220, 216, -1, 216, 220, 217, -1, 216, 217, 212, -1,
 212, 217, 214, -1, 212, 214, 207, -1, 207, 214, 213, -1,
 207, 213, 196, -1, 196, 213, 205, -1, 196, 205, 188, -1,
 205, 204, 188, -1, 188, 204, 203, -1, 188, 203, 176, -1,
 176, 203, 194, -1, 176, 194, 164, -1, 164, 194, 184, -1,
 164, 184, 152, -1, 152, 184, 178, -1, 152, 178, 167, -1,
 278, 264, 285, -1, 285, 264, 259, -1, 285, 259, 270, -1,
 270, 259, 254, -1, 270, 254, 258, -1, 258, 254, 242, -1,
 258, 242, 250, -1, 433, 425, 424, -1, 397, 378, 377, -1,
 288, 286, 301, -1, 301, 286, 284, -1, 301, 284, 299, -1,
 299, 284, 279, -1, 299, 279, 293, -1, 433, 424, 432, -1,
 432, 424, 420, -1, 432, 420, 429, -1, 429, 420, 406, -1,
 429, 406, 414, -1, 414, 406, 388, -1, 414, 388, 391, -1,
 391, 388, 315, -1, 391, 315, 316, -1, 410, 417, 425, -1,
 425, 417, 416, -1, 425, 416, 424, -1, 424, 416, 411, -1,
 424, 411, 420, -1, 420, 411, 400, -1, 420, 400, 406, -1,
 406, 400, 383, -1, 406, 383, 388, -1, 388, 383, 310, -1,
 388, 310, 315, -1, 415, 425, 422, -1, 422, 425, 433, -1,
 422, 433, 443, -1, 443, 433, 432, -1, 443, 432, 441, -1,
 441, 432, 429, -1, 441, 429, 437, -1, 437, 429, 414, -1,
 437, 414, 419, -1, 419, 414, 391, -1, 419, 391, 393, -1,
 393, 391, 322, -1, 393, 322, 325, -1, 397, 377, 396, -1,
 396, 377, 364, -1, 396, 364, 394, -1, 394, 364, 351, -1,
 394, 351, 387, -1, 387, 351, 339, -1, 387, 339, 353, -1,
 260, 256, 266, -1, 266, 256, 255, -1, 266, 255, 265, -1,
 265, 255, 253, -1, 265, 253, 263, -1, 263, 253, 252, -1,
 263, 252, 262, -1, 268, 266, 276, -1, 276, 266, 265, -1,
 276, 265, 273, -1, 273, 265, 263, -1, 273, 263, 269, -1,
 269, 263, 262, -1, 269, 262, 274, -1, 287, 293, 274, -1,
 274, 293, 279, -1, 274, 279, 269, -1, 269, 279, 284, -1,
 269, 284, 273, -1, 273, 284, 286, -1, 273, 286, 276, -1,
 276, 286, 280, -1, 276, 280, 268, -1, 326, 301, 324, -1,
 324, 301, 299, -1, 324, 299, 321, -1, 321, 299, 293, -1,
 321, 293, 308, -1, 308, 293, 287, -1, 308, 287, 298, -1,
 298, 287, 277, -1, 298, 277, 282, -1, 346, 348, 378, -1,
 378, 348, 347, -1, 378, 347, 377, -1, 377, 347, 344, -1,
 377, 344, 364, -1, 364, 344, 340, -1, 364, 340, 351, -1,
 351, 340, 309, -1, 351, 309, 339, -1, 339, 309, 292, -1,
 339, 292, 353, -1, 353, 292, 297, -1, 353, 297, 302, -1,
 317, 301, 329, -1, 329, 301, 326, -1, 329, 326, 348, -1,
 348, 326, 324, -1, 348, 324, 347, -1, 347, 324, 321, -1,
 347, 321, 344, -1, 344, 321, 308, -1, 344, 308, 340, -1,
 340, 308, 298, -1, 340, 298, 309, -1, 309, 298, 282, -1,
 309, 282, 292, -1, 389, 378, 390, -1, 390, 378, 397, -1,
 390, 397, 417, -1, 417, 397, 396, -1, 417, 396, 416, -1,
 416, 396, 394, -1, 416, 394, 411, -1, 411, 394, 387, -1,
 411, 387, 400, -1, 400, 387, 353, -1, 400, 353, 383, -1,
 383, 353, 302, -1, 383, 302, 310, -1, 244, 245, 256, -1,
 256, 245, 246, -1, 256, 246, 255, -1, 255, 246, 247, -1,
 255, 247, 253, -1, 253, 247, 248, -1, 253, 248, 252, -1,
 252, 248, 249, -1, 252, 249, 262, -1, 262, 249, 257, -1,
 262, 257, 274, -1, 274, 257, 267, -1, 274, 267, 287, -1,
 287, 267, 272, -1, 287, 272, 277, -1, 242, 239, 250, -1,
 250, 239, 236, -1, 250, 236, 240, -1, 240, 236, 235, -1,
 240, 235, 232, -1, 232, 235, 230, -1, 232, 230, 229, -1,
 229, 230, 228, -1, 229, 228, 226, -1, 226, 228, 227, -1,
 226, 227, 219, -1, 219, 227, 221, -1, 219, 221, 220, -1,
 237, 238, 208, -1, 208, 238, 209, -1, 197, 69, 68, -1,
 197, 74, 71, -1, 71, 74, 52, -1, 44, 8, 7, -1,
 6, 16, 7, -1, 7, 16, 20, -1, 7, 20, 29, -1,
 8, 44, 9, -1, 9, 44, 46, -1, 9, 46, 12, -1,
 12, 46, 14, -1, 14, 46, 48, -1, 14, 48, 18, -1,
 28, 27, 54, -1, 54, 27, 24, -1, 38, 35, 61, -1,
 61, 35, 28, -1, 65, 43, 38, -1, 49, 60, 44, -1,
 29, 36, 7, -1, 7, 36, 37, -1, 7, 37, 44, -1,
 44, 37, 42, -1, 44, 42, 49, -1, 60, 63, 44, -1,
 44, 63, 68, -1, 44, 68, 46, -1, 46, 68, 69, -1,
 46, 69, 48, -1, 197, 93, 74, -1, 74, 93, 54, -1,
 74, 54, 52, -1, 52, 54, 24, -1, 52, 24, 21, -1,
 50, 43, 72, -1, 72, 43, 65, -1, 72, 65, 73, -1,
 73, 65, 105, -1, 63, 67, 68, -1, 68, 67, 88, -1,
 68, 88, 101, -1, 138, 68, 116, -1, 116, 68, 101, -1,
 116, 101, 107, -1, 138, 155, 68, -1, 68, 155, 162, -1,
 68, 162, 175, -1, 175, 185, 68, -1, 68, 185, 197, -1,
 21, 18, 52, -1, 52, 18, 48, -1, 52, 48, 71, -1,
 71, 48, 69, -1, 71, 69, 197, -1, 197, 115, 105, -1,
 105, 115, 110, -1, 105, 110, 73, -1, 38, 61, 65, -1,
 65, 61, 98, -1, 65, 98, 105, -1, 105, 98, 197, -1,
 168, 115, 197, -1, 28, 54, 61, -1, 61, 54, 93, -1,
 61, 93, 98, -1, 98, 93, 197, -1, 362, 338, 342, -1,
 379, 375, 244, -1, 404, 410, 408, -1, 244, 349, 342, -1,
 355, 349, 244, -1, 375, 355, 244, -1, 313, 311, 244, -1,
 399, 380, 386, -1, 403, 399, 409, -1, 409, 399, 386, -1,
 409, 386, 413, -1, 413, 386, 418, -1, 427, 426, 398, -1,
 398, 426, 418, -1, 398, 418, 392, -1, 392, 418, 386, -1,
 436, 434, 401, -1, 401, 434, 430, -1, 401, 430, 398, -1,
 398, 430, 428, -1, 398, 428, 427, -1, 442, 440, 407, -1,
 407, 440, 436, -1, 407, 436, 405, -1, 405, 436, 401, -1,
 408, 445, 407, -1, 407, 445, 444, -1, 407, 444, 442, -1,
 447, 445, 438, -1, 438, 445, 408, -1, 438, 408, 431, -1,
 431, 408, 422, -1, 408, 410, 422, -1, 422, 410, 412, -1,
 422, 412, 415, -1, 313, 314, 317, -1, 329, 346, 384, -1,
 244, 260, 313, -1, 313, 260, 268, -1, 313, 268, 280, -1,
 280, 288, 313, -1, 313, 288, 304, -1, 313, 304, 314, -1,
 381, 379, 244, -1, 317, 329, 313, -1, 313, 329, 384, -1,
 313, 384, 311, -1, 311, 384, 381, -1, 311, 381, 244, -1,
 389, 390, 385, -1, 385, 390, 384, -1, 385, 384, 358, -1,
 358, 384, 346, -1, 338, 312, 342, -1, 342, 312, 244, -1,
 380, 362, 386, -1, 386, 362, 342, -1, 386, 342, 392, -1,
 392, 342, 349, -1, 392, 349, 398, -1, 398, 349, 355, -1,
 398, 355, 401, -1, 401, 355, 375, -1, 401, 375, 405, -1,
 405, 375, 379, -1, 405, 379, 407, -1, 407, 379, 381, -1,
 407, 381, 408, -1, 408, 381, 384, -1, 408, 384, 404, -1,
 404, 384, 390, -1, 214, 217, 220, -1, 223, 202, 186, -1,
 230, 235, 228, -1, 228, 235, 320, -1, 228, 320, 227, -1,
 235, 291, 300, -1, 259, 264, 254, -1, 254, 264, 235, -1,
 236, 239, 235, -1, 235, 239, 242, -1, 235, 242, 254, -1,
 290, 291, 281, -1, 281, 291, 235, -1, 281, 235, 278, -1,
 278, 235, 264, -1, 319, 320, 307, -1, 307, 320, 235, -1,
 307, 235, 305, -1, 305, 235, 300, -1, 167, 178, 320, -1,
 320, 178, 184, -1, 320, 184, 194, -1, 194, 203, 320, -1,
 320, 203, 204, -1, 320, 204, 205, -1, 221, 227, 220, -1,
 220, 227, 320, -1, 220, 320, 214, -1, 214, 320, 205, -1,
 214, 205, 213, -1, 136, 141, 320, -1, 159, 167, 156, -1,
 156, 167, 320, -1, 156, 320, 149, -1, 149, 320, 141, -1,
 149, 141, 147, -1, 322, 316, 132, -1, 132, 316, 315, -1,
 132, 315, 133, -1, 133, 315, 310, -1, 133, 310, 139, -1,
 139, 310, 302, -1, 139, 302, 140, -1, 140, 302, 297, -1,
 140, 297, 151, -1, 151, 297, 292, -1, 151, 292, 160, -1,
 160, 292, 282, -1, 160, 282, 163, -1, 163, 282, 277, -1,
 163, 277, 169, -1, 169, 277, 272, -1, 169, 272, 179, -1,
 179, 272, 267, -1, 179, 267, 186, -1, 186, 267, 257, -1,
 186, 257, 223, -1, 223, 257, 249, -1, 132, 126, 322, -1,
 322, 126, 122, -1, 322, 122, 325, -1, 325, 122, 120, -1,
 325, 120, 327, -1, 327, 120, 118, -1, 327, 118, 337, -1,
 337, 118, 113, -1, 337, 113, 336, -1, 336, 113, 111, -1,
 336, 111, 335, -1, 335, 111, 112, -1, 335, 112, 334, -1,
 334, 112, 117, -1, 334, 117, 333, -1, 333, 117, 119, -1,
 333, 119, 332, -1, 332, 119, 121, -1, 332, 121, 331, -1,
 331, 121, 124, -1, 331, 124, 330, -1, 330, 124, 125, -1,
 330, 125, 323, -1, 323, 125, 131, -1, 323, 131, 320, -1,
 320, 131, 134, -1, 320, 134, 136, -1, 223, 249, 248, -1,
 222, 197, 198, -1, 202, 223, 201, -1, 201, 223, 248, -1,
 201, 248, 200, -1, 200, 248, 247, -1, 200, 247, 199, -1,
 199, 247, 246, -1, 199, 246, 198, -1, 198, 246, 245, -1,
 198, 245, 222, -1, 222, 245, 244, -1, 238, 359, 361, -1,
 372, 371, 368, -1, 238, 373, 372, -1, 209, 89, 87, -1,
 85, 86, 83, -1, 83, 86, 209, -1, 83, 209, 79, -1,
 306, 303, 296, -1, 361, 365, 366, -1, 374, 373, 370, -1,
 370, 373, 238, -1, 370, 238, 369, -1, 369, 238, 361, -1,
 369, 361, 367, -1, 367, 361, 366, -1, 76, 77, 209, -1,
 209, 77, 78, -1, 209, 78, 79, -1, 363, 360, 91, -1,
 75, 76, 82, -1, 82, 76, 209, -1, 82, 209, 84, -1,
 84, 209, 87, -1, 372, 368, 238, -1, 238, 368, 363, -1,
 238, 363, 209, -1, 209, 363, 91, -1, 209, 91, 89, -1,
 261, 251, 271, -1, 271, 251, 91, -1, 271, 91, 275, -1,
 275, 91, 283, -1, 224, 91, 225, -1, 225, 91, 233, -1,
 225, 233, 231, -1, 210, 206, 211, -1, 211, 206, 91, -1,
 211, 91, 215, -1, 215, 91, 224, -1, 215, 224, 218, -1,
 206, 153, 148, -1, 234, 233, 241, -1, 241, 233, 91, -1,
 241, 91, 243, -1, 243, 91, 251, -1, 195, 193, 206, -1,
 206, 193, 189, -1, 154, 153, 165, -1, 165, 153, 206, -1,
 165, 206, 173, -1, 173, 206, 189, -1, 173, 189, 177, -1,
 99, 206, 100, -1, 100, 206, 108, -1, 100, 108, 106, -1,
 92, 91, 94, -1, 94, 91, 206, -1, 94, 206, 96, -1,
 96, 206, 99, -1, 360, 357, 91, -1, 91, 357, 356, -1,
 91, 356, 354, -1, 318, 91, 328, -1, 328, 91, 343, -1,
 328, 343, 341, -1, 318, 306, 91, -1, 91, 306, 296, -1,
 91, 296, 283, -1, 283, 296, 294, -1, 283, 294, 289, -1,
 128, 108, 129, -1, 129, 108, 206, -1, 129, 206, 142, -1,
 142, 206, 148, -1, 142, 148, 143, -1, 345, 343, 350, -1,
 350, 343, 91, -1, 350, 91, 352, -1, 352, 91, 354, -1,
 376, 359, 238, -1, 445, 447, 449, -1, 237, 403, 445, -1,
 445, 403, 409, -1, 427, 428, 426, -1, 426, 428, 445, -1,
 426, 445, 418, -1, 418, 445, 409, -1, 418, 409, 413, -1,
 448, 446, 439, -1, 434, 436, 430, -1, 430, 436, 440, -1,
 442, 444, 440, -1, 440, 444, 445, -1, 440, 445, 430, -1,
 430, 445, 428, -1, 445, 449, 237, -1, 237, 449, 451, -1,
 237, 451, 452, -1, 382, 376, 395, -1, 395, 376, 238, -1,
 395, 238, 402, -1, 402, 238, 237, -1, 402, 237, 421, -1,
 421, 237, 423, -1, 435, 423, 439, -1, 439, 423, 237, -1,
 439, 237, 448, -1, 448, 237, 452, -1, 448, 452, 453, -1,
 209, 86, 55, -1, 14, 18, 12, -1, 12, 18, 21, -1,
 12, 21, 9, -1, 9, 21, 8, -1, 50, 208, 43, -1,
 43, 208, 209, -1, 0, 1, 3, -1, 3, 1, 10, -1,
 11, 10, 17, -1, 17, 10, 209, -1, 38, 43, 35, -1,
 35, 43, 209, -1, 35, 209, 28, -1, 28, 209, 21, -1,
 28, 21, 27, -1, 27, 21, 24, -1, 25, 17, 32, -1,
 32, 17, 209, -1, 32, 209, 51, -1, 51, 209, 55, -1,
 10, 1, 209, -1, 209, 1, 2, -1, 209, 2, 21, -1,
 7, 8, 6, -1, 6, 8, 21, -1, 6, 21, 5, -1,
 5, 21, 2, -1
]
materialIndex [
 0, 0, 0, 0, 0, 0, 0, 0, 0, 0, 0, 0, 0, 0, 0, 0, 0, 0, 0, 0, 0, 0, 0, 0, 0, 0, 0, 0, 0, 0, 0, 0, 0, 0, 0, 0, 0, 0, 0, 0, 0, 0, 0, 0, 0, 0, 0, 0, 0, 0, 0, 0, 0, 0, 0, 0, 0, 0, 0, 0, 0, 0, 0, 0, 0, 0, 0, 0, 0, 0, 0, 0, 0, 0, 0, 0, 0, 0, 0, 0, 0, 0, 0, 0, 0, 0, 0, 0, 0, 0, 0, 0, 0, 0, 0, 0, 0, 0, 0, 0, 0, 0, 0, 0, 0, 0, 0, 0, 0, 0, 0, 0, 0, 0, 0, 0, 0, 0, 0, 0, 0, 0, 0, 0, 0, 0, 0, 0, 0, 0, 0, 0, 0, 0, 0, 0, 0, 0, 0, 0, 0, 0, 0, 0, 0, 0, 0, 0, 0, 0, 0, 0, 0, 0, 0, 0, 0, 0, 0, 0, 0, 0, 0, 0, 0, 0, 0, 0, 0, 0, 0, 0, 0, 0, 0, 0, 0, 0, 0, 0, 0, 0, 0, 0, 0, 0, 0, 0, 0, 0, 0, 0, 0, 0, 0, 0, 0, 0, 0, 0, 0, 0, 0, 0, 0, 0, 0, 0, 0, 0, 0, 0, 0, 0, 0, 0, 0, 0, 0, 0, 0, 0, 0, 0, 0, 0, 0, 0, 0, 0, 0, 0, 0, 0, 0, 0, 0, 0, 0, 0, 0, 0, 0, 0, 0, 0, 0, 0, 0, 0, 0, 0, 0, 0, 0, 0, 0, 0, 0, 0, 0, 0, 0, 0, 0, 0, 0, 0, 0, 0, 0, 0, 0, 0, 0, 0, 0, 0, 0, 0, 0, 0, 0, 0, 0, 0, 0, 0, 0, 0, 0, 0, 0, 0, 0, 0, 0, 0, 0, 0, 0, 0, 0, 0, 0, 0, 0, 0, 0, 0, 0, 0, 0, 0, 0, 0, 0, 0, 0, 0, 0, 0, 0, 0, 0, 0, 0, 0, 0, 0, 0, 0, 0, 0, 0, 0, 0, 0, 0, 0, 0, 0, 0, 0, 0, 0, 0, 0, 0, 0, 0, 0, 0, 0, 0, 0, 0, 0, 0, 0, 0, 0, 0, 0, 0, 0, 0, 0, 0, 0, 0, 0, 0, 0, 0, 0, 0, 0, 0, 0, 0, 0, 0, 0, 0, 0, 0, 0, 0, 0, 0, 0, 0, 0, 0, 0, 0, 0, 0, 0, 0, 0, 0, 0, 0, 0, 0, 0, 0, 0, 0, 0, 0, 0, 0, 0, 0, 0, 0, 0, 0, 0, 0, 0, 0, 0, 0, 0, 0, 0, 0, 0, 0, 0, 0, 0, 0, 0, 0, 0, 0, 0, 0, 0, 0, 0, 0, 0, 0, 0, 0, 0, 0, 0, 0, 0, 0, 0, 0, 0, 0, 0, 0, 0, 0, 0, 0, 0, 0, 0, 0, 0, 0, 0, 0, 0, 0, 0, 0, 0, 0, 0, 0, 0, 0, 0, 0, 0, 0, 0, 0, 0, 0, 0, 0, 0, 0, 0, 0, 0, 0, 0, 0, 0, 0, 0, 0, 0, 0, 0, 0, 0, 0, 0, 0, 0, 0, 0, 0, 0, 0, 0, 0, 0, 0, 0, 0, 0, 0, 0, 0, 0, 0,
 0, 0, 0, 0, 0, 0, 0, 0, 0, 0, 0, 0, 0, 0, 0, 0, 0, 0, 0, 0, 0, 0, 0, 0, 0, 0, 0, 0, 0, 0, 0, 0, 0, 0, 0, 0, 0, 0, 0, 0, 0, 0, 0, 0, 0, 0, 0, 0, 0, 0, 0, 0, 0, 0, 0, 0, 0, 0, 0, 0, 0, 0, 0, 0, 0, 0, 0, 0, 0, 0, 0, 0, 0, 0, 0, 0, 0, 0, 0, 0, 0, 0, 0, 0, 0, 0, 0, 0, 0, 0, 0, 0, 0, 0, 0, 0, 0, 0, 0, 0, 0, 0, 0, 0, 0, 0, 0, 0, 0, 0, 0, 0, 0, 0, 0, 0, 0, 0, 0, 0, 0, 0, 0, 0, 0, 0, 0, 0, 0, 0, 0, 0, 0, 0, 0, 0, 0, 0, 0, 0, 0, 0, 0, 0, 0, 0, 0, 0, 0, 0, 0, 0, 0, 0, 0, 0, 0, 0, 0, 0, 0, 0, 0, 0, 0, 0, 0, 0, 0, 0, 0, 0, 0, 0, 0, 0, 0, 0, 0, 0, 0, 0, 0, 0, 0, 0, 0, 0, 0, 0, 0, 0, 0, 0, 0, 0, 0, 0, 0, 0, 0, 0, 0, 0, 0, 0, 0, 0, 0, 0, 0, 0, 0, 0, 0, 0, 0, 0, 0, 0, 0, 0,
 0, 0, 0, 0, 0, 0, 0, 0, 0, 0, 0, 0, 0, 0, 0, 0, 0, 0, 0, 0, 0, 0, 0, 0, 0, 0, 0, 0, 0, 0, 0, 0, 0, 0, 0, 0, 0, 0, 0, 0, 0, 0, 0, 0, 0, 0, 0, 0, 0, 0, 0, 0, 0, 0, 0, 0, 0, 0, 0, 0, 0, 0, 0, 0, 0, 0, 0, 0, 0, 0, 0, 0, 0, 0, 0, 0, 0, 0, 0, 0, 0, 0, 0, 0, 0, 0, 0, 0, 0, 0, 0, 0, 0, 0, 0, 0, 0, 0, 0, 0, 0, 0, 0, 0, 0, 0, 0, 0, 0, 0, 0, 0, 0, 0, 0, 0, 0, 0, 0, 0, 0,
 0, 0, 0, 0, 0, 0, 0, 0, 0, 0, 0, 0, 0, 0, 0, 0, 0, 0, 0, 0, 0, 0, 0, 0, 0, 0, 0, 0,
]
}
}
Separator {
MaterialBinding {
value PER_FACE_INDEXED
}
Material {
ambientColor [
 0.792157 0.819608 0.933333, 1.000000 1.000000 1.000000, 1.000000 0.000000 0.000000
]
diffuseColor [
 0.792157 0.819608 0.933333, 1.000000 1.000000 1.000000, 1.000000 0.000000 0.000000
]
emissiveColor [
 0.000000 0.000000 0.000000, 0.000000 0.000000 0.000000, 0.000000 0.000000 0.000000
]
specularColor [
 0.396078 0.409804 0.466667, 0.500000 0.500000 0.500000, 0.700000 0.000000 0.000000
]
shininess [
 0.312500, 0.400000, 0.500000
]
transparency [
 0.000000, 0.700000, 0.000000
]
}
Coordinate3 {
point [
 -0.850000 -0.013843 0.017487, -0.850000 -0.013811 0.015651, -0.850000 -0.013326 -0.012144, -0.850000 -0.012934 -0.034608, -0.850000 -0.012731 0.029495,
 -0.850000 -0.012521 -0.039925, -0.850000 -0.011519 0.042583, -0.850000 -0.011339 0.043312, -0.850000 -0.010335 -0.068067, -0.850000 -0.008013 0.056797,
 -0.850000 -0.007605 0.058450, -0.850000 -0.005648 0.062646, -0.850000 -0.005297 0.063136, -0.850000 -0.004285 0.064548, -0.850000 -0.003860 0.065142,
 -0.850000 -0.003106 0.065804, -0.850000 -0.002527 0.066312, -0.850000 -0.002442 0.066356, -0.850000 -0.001672 0.066757, -0.850000 -0.001428 0.066885,
 -0.850000 -0.001000 -0.073456, -0.850000 -0.000853 0.067023, -0.850000 -0.000461 0.067117, -0.850000 0.000002 0.067117, -0.850000 0.000466 0.067116,
 -0.850000 0.000858 0.067022, -0.850000 0.001000 -0.073456, -0.850000 0.001418 0.066888, -0.850000 0.001678 0.066757, -0.850000 0.002419 0.066383,
 -0.850000 0.002448 0.066360, -0.850000 0.003117 0.065807, -0.850000 0.003628 0.065385, -0.850000 0.004281 0.064536, -0.850000 0.005335 0.063166,
 -0.850000 0.005338 0.063160, -0.850000 0.007635 0.058372, -0.850000 0.008091 0.056807, -0.850000 0.010165 0.049685, -0.850000 0.010335 -0.068067,
 -0.850000 0.010999 0.043271, -0.850000 0.012034 -0.039896, -0.850000 0.012790 0.029487, -0.850000 0.013500 0.024018, -0.850000 0.013663 0.015643,
 -0.850000 0.013709 -0.012141, -0.850000 0.014082 -0.005960, -0.848354 0.010342 -0.068323, -0.840314 -0.010380 -0.069572, -0.801569 -0.010557 -0.075596,
 -0.646595 -0.011210 -0.099723, -0.590660 0.011430 -0.108440, -0.333006 -0.012370 -0.148636, -0.332987 0.012370 -0.148639, -0.319500 0.055977 -0.827069,
 -0.319500 0.056167 -0.834282, -0.319500 0.056308 -0.810616, -0.319500 0.056456 -0.803258, -0.319500 0.056526 -0.847887, -0.319500 0.057923 -0.786989,
 -0.319500 0.058938 -0.775746, -0.319500 0.059077 -0.775210, -0.319500 0.060566 -0.769479, -0.319500 0.060914 -0.768141, -0.319500 0.061658 -0.766758,
 -0.319500 0.061959 -0.766198, -0.319500 0.062022 -0.766118, -0.319500 0.062108 -0.766009, -0.319500 0.062541 -0.765591, -0.319500 0.062735 -0.765404,
 -0.319500 0.062817 -0.765349, -0.319500 0.062854 -0.851540, -0.319500 0.062891 -0.765298, -0.319500 0.063145 -0.765180, -0.319500 0.063354 -0.765082,
 -0.319500 0.063488 -0.765047, -0.319500 0.063520 -0.765038, -0.319500 0.063855 -0.765009, -0.319500 0.063909 -0.765004, -0.319500 0.064069 -0.765018,
 -0.319500 0.064219 -0.765056, -0.319500 0.064457 -0.765118, -0.319500 0.064569 -0.765171, -0.319500 0.064731 -0.765247, -0.319500 0.064854 -0.851540,
 -0.319500 0.064885 -0.765359, -0.319500 0.065185 -0.765576, -0.319500 0.065197 -0.765585, -0.319500 0.065679 -0.766126, -0.319500 0.065774 -0.766233,
 -0.319500 0.066054 -0.766757, -0.319500 0.066796 -0.768146, -0.319500 0.067167 -0.769476, -0.319500 0.068468 -0.774138, -0.319500 0.068580 -0.775211,
 -0.319500 0.069808 -0.786993, -0.319500 0.071041 -0.798820, -0.319500 0.071075 -0.810616, -0.319500 0.071142 -0.834287, -0.319500 0.071182 -0.847887,
 -0.260861 0.012617 -0.159901, -0.258574 -0.012623 -0.160259, -0.216426 0.012769 -0.166839, -0.177685 0.012899 -0.172890, -0.168000 -0.012931 -0.174402,
 -0.168000 -0.006027 -0.229922, -0.168000 -0.001000 -0.181291, -0.168000 -0.000530 -0.268291, -0.168000 0.000530 -0.268291, -0.168000 0.001000 -0.181291,
 -0.168000 0.012138 -0.181291, -0.168000 0.012931 -0.174402, -0.143390 0.073626 -0.846476, -0.143385 0.054082 -0.846476, -0.107864 -0.038004 0.155486,
 -0.107864 -0.015000 0.155486, -0.107864 0.077354 0.155486, -0.107471 0.081273 0.155486, -0.107445 -0.041380 0.155486, -0.107351 0.082474 0.155486,
 -0.106952 -0.045354 0.155486, -0.106804 -0.046551 0.155486, -0.106474 0.085054 0.155486, -0.105622 -0.049591 0.155486, -0.105374 0.088288 0.155486,
 -0.105188 -0.000546 0.124552, -0.105186 0.000002 0.124526, -0.105181 0.001237 0.124469, -0.105178 -0.001469 0.124427, -0.105174 0.001603 0.124390,
 -0.105174 -0.001591 0.124386, -0.105168 0.001961 0.124313, -0.105130 -0.003117 0.123880, -0.105128 0.003114 0.123852, -0.105124 -0.003348 0.123803,
 -0.105105 0.003782 0.123585, -0.105102 -0.003835 0.123557, -0.105095 0.088723 0.155486, -0.105066 0.004546 0.123131, -0.105064 0.004584 0.123109,
 -0.105061 -0.004494 0.123075, -0.104979 -0.005791 0.122126, -0.104977 0.005780 0.122105, -0.104948 -0.006275 0.121772, -0.104898 0.006870 0.121190,
 -0.104890 -0.006953 0.121104, -0.104779 0.008023 0.119824, -0.104774 -0.007915 0.119761, -0.104717 0.008637 0.119096, -0.104548 -0.009786 0.117151,
 -0.104548 0.009774 0.117151, -0.104429 -0.010774 0.115772, -0.104338 -0.011348 0.114720, -0.104183 0.012247 0.112921, -0.103987 -0.013018 0.110657,
 -0.103661 -0.054634 0.155486, -0.103543 -0.015127 0.105530, -0.103540 0.015051 0.105497, -0.103441 -0.015615 0.104341, -0.103258 0.016283 0.102236,
 -0.102970 0.092039 0.155486, -0.102141 0.019553 0.089314, -0.102088 -0.019682 0.088698, -0.101835 0.093808 0.155486, -0.101383 0.021092 0.080548,
 -0.101382 -0.020972 0.080537, -0.100892 0.022088 0.074870, -0.100596 -0.058932 0.155486, -0.100512 0.095064 0.155486, -0.100169 -0.023189 0.066512,
 -0.099172 0.024367 0.054983, -0.099171 -0.024133 0.054968, -0.099154 0.024391 0.054777, -0.098626 -0.061696 0.155486, -0.098076 0.092264 0.090212,
 -0.097653 0.097777 0.155486, -0.097614 -0.025605 0.036964, -0.096941 -0.025932 0.029182, -0.096940 0.025890 0.029177, -0.096751 -0.026024 0.026991,
 -0.096750 0.077354 0.026975, -0.096729 0.026033 0.026736, -0.096518 0.081339 0.026432, -0.096479 -0.063534 0.155486, -0.095878 0.095414 0.089978,
 -0.095809 0.085214 0.025891, -0.094881 0.100407 0.155486, -0.094634 0.088911 0.025354, -0.094133 0.026401 -0.003289, -0.093378 0.098289 0.089750,
 -0.093362 -0.026300 -0.012202, -0.093045 0.092376 0.024820, -0.092452 -0.025896 -0.022723, -0.092452 0.025977 -0.022728, -0.092308 -0.067105 0.155486,
 -0.091541 0.025748 -0.033260, -0.091431 0.102524 0.155486, -0.091340 -0.067591 0.155486, -0.091115 0.095586 0.024288, -0.090387 0.085250 -0.038934,
 -0.089379 0.088957 -0.039773, -0.088987 -0.024360 -0.062792, -0.088915 0.098545 0.023760, -0.088014 0.092444 -0.040620, -0.087943 -0.023544 -0.074869,
 -0.087943 0.023531 -0.074869, -0.087742 0.103300 0.089315, -0.087379 0.023184 -0.081382, -0.086353 0.095693 -0.041474, -0.086060 -0.022073 -0.096640,
 -0.085656 0.021708 -0.101315, -0.085637 0.077354 -0.101535, -0.085499 -0.070521 0.155486, -0.085414 0.106215 0.155486, -0.084965 0.085273 -0.103754,
 -0.084658 0.106529 0.155486, -0.084563 -0.070991 0.155486, -0.084452 0.098708 -0.042332, -0.083931 0.103782 0.022713, -0.082984 0.092465 -0.106043,
 -0.081547 0.107495 0.088902, -0.080989 0.091966 -0.134045, -0.080968 0.092462 -0.131935, -0.080938 0.093165 -0.128947, -0.080841 0.095447 -0.119244,
 -0.080732 0.095823 -0.118105, -0.080277 0.089625 -0.150881, -0.080120 0.104107 -0.044063, -0.080020 -0.015636 -0.166481, -0.079988 0.098771 -0.108388,
 -0.079923 0.015518 -0.167600, -0.079889 0.098739 -0.109269, -0.079831 0.098940 -0.108658, -0.079814 0.098998 -0.108484, -0.079656 0.099546 -0.106822,
 -0.079617 -0.072079 0.155486, -0.079543 0.085307 -0.168564, -0.079141 0.098979 -0.119379, -0.079024 0.088827 -0.168525, -0.078912 0.088827 -0.169907,
 -0.078877 0.014086 -0.179703, -0.078876 -0.014179 -0.179714, -0.078414 0.108266 0.021678, -0.077893 -0.012927 -0.191076, -0.077417 0.103841 -0.096626,
 -0.077377 0.109550 0.155486, -0.077136 0.104205 -0.095917, -0.076978 0.100299 -0.141723, -0.076585 0.088827 -0.198719, -0.076302 0.099074 -0.161555,
 -0.076093 -0.072855 0.155486, -0.075834 0.104081 -0.121686, -0.075696 0.100299 -0.162068, -0.075521 0.093338 -0.200746, -0.075280 0.108803 -0.045804,
 -0.074997 0.111056 0.088508, -0.074605 0.103989 -0.139593, -0.074523 0.077354 -0.230045, -0.074121 0.085386 -0.233362, -0.073930 0.007322 -0.236901,
 -0.073843 0.108465 -0.087618, -0.073734 0.108606 -0.087343, -0.073665 0.088827 -0.234854, -0.073462 0.099299 -0.203690, -0.073359 0.108963 -0.086750,
 -0.073232 0.088827 -0.240219, -0.073054 0.100299 -0.203999, -0.072863 -0.073004 0.155486, -0.072531 0.112161 0.020656, -0.072460 0.111591 0.155486,
 -0.072340 0.093548 -0.242531, -0.072113 0.108614 -0.124020, -0.071918 0.108164 -0.137183, -0.071592 0.003596 -0.263940, -0.071509 -0.003524 -0.264892,
 -0.071470 0.108653 -0.136901, -0.070703 0.111499 -0.082547, -0.070623 0.099728 -0.245782, -0.070583 0.001989 -0.275604, -0.070417 0.100299 -0.245834,
 -0.070065 0.112947 -0.047547, -0.069881 0.088827 -0.281695, -0.069848 0.100299 -0.254869, -0.069747 -0.000563 -0.285267, -0.069747 0.000000 -0.285267,
 -0.069747 0.000563 -0.285267, -0.069284 0.112855 -0.080301, -0.068966 0.077354 -0.294300, -0.068878 0.113151 -0.079876, -0.068423 0.088827 -0.299744,
 -0.067787 0.100299 -0.287576, -0.067421 0.113058 -0.134357, -0.067161 0.088827 -0.315367, -0.065666 0.100299 -0.321231, -0.065153 0.115864 -0.075977,
 -0.064963 0.116043 -0.084956, -0.063689 0.116393 -0.128715, -0.063432 0.116232 -0.132525, -0.063410 0.077354 -0.358555, -0.063349 0.083091 -0.361514,
 -0.063162 0.088827 -0.364472, -0.062999 0.007974 -0.363308, -0.062999 0.077354 -0.363308, -0.062863 -0.010441 -0.363308, -0.062840 0.094567 -0.367432,
 -0.062441 0.117840 -0.073138, -0.062428 -0.012838 -0.363308, -0.062400 0.114381 0.155486, -0.062375 0.100299 -0.370389, -0.062050 0.103325 -0.371949,
 -0.061807 0.105596 -0.373120, -0.061647 -0.015341 -0.363308, -0.061211 0.116777 0.087766, -0.060432 -0.017945 -0.363308, -0.059962 0.118642 0.018665,
 -0.059559 0.119313 -0.130746, -0.059082 -0.073004 0.155486, -0.058858 0.123049 -0.382121, -0.058712 0.120003 -0.050991, -0.058683 -0.020587 -0.363308,
 -0.058541 0.120122 -0.130279, -0.058328 0.120186 -0.070162, -0.058119 0.125694 -0.383485, -0.056330 -0.023112 -0.363308, -0.055552 0.121770 -0.068154,
 -0.055409 0.116319 0.155486, -0.054911 0.122055 -0.067830, -0.054635 0.138163 -0.389916, -0.054020 0.122715 -0.128782, -0.053427 -0.025287 -0.363308,
 -0.052025 0.144506 -0.393187, -0.050189 -0.026889 -0.363308, -0.049404 0.150879 -0.396474, -0.048494 0.125883 -0.126953, -0.047023 0.117775 0.155486,
 -0.046902 -0.027843 -0.363308, -0.046463 0.123830 0.016782, -0.046101 0.125978 -0.063384, -0.044829 0.126545 -0.062741, -0.044167 0.159840 -0.401096,
 -0.043173 0.127083 -0.062196, -0.042998 0.128162 -0.125637, -0.042650 0.162437 -0.402435, -0.040102 0.003428 -0.622705, -0.039541 0.001831 -0.622705,
 -0.039225 -0.073004 0.155486, -0.039170 0.001032 -0.622705, -0.038730 0.000234 -0.622705, -0.038215 -0.000559 -0.622705, -0.037621 -0.001340 -0.622705,
 -0.036184 -0.002817 -0.622705, -0.035633 0.171009 -0.406855, -0.035508 0.131269 -0.123843, -0.034918 -0.028227 -0.363308, -0.034792 0.171730 -0.407227,
 -0.034251 0.119992 0.155486, -0.033256 0.063773 -0.707228, -0.033256 0.063855 -0.707236, -0.033253 0.063414 -0.707267, -0.033252 0.064359 -0.707280,
 -0.033251 0.064409 -0.707293, -0.033250 0.063305 -0.707301, -0.033246 0.064635 -0.707354, -0.033237 0.062827 -0.707448, -0.033235 0.062775 -0.707472,
 -0.033234 0.062728 -0.707493, -0.033233 0.064925 -0.707494, -0.033216 0.065344 -0.707696, -0.033212 0.065419 -0.707748, -0.033210 0.062302 -0.707764,
 -0.033202 0.065578 -0.707857, -0.033194 0.062007 -0.707952, -0.033181 0.061864 -0.708096, -0.033180 0.065834 -0.708109, -0.033120 0.061160 -0.708809,
 -0.033119 0.066558 -0.708822, -0.033112 0.066614 -0.708895, -0.033112 0.061103 -0.708897, -0.033094 0.066781 -0.709112, -0.033032 0.060497 -0.709820,
 -0.033030 0.067166 -0.709842, -0.032987 0.060152 -0.710347, -0.032810 0.068508 -0.712386, -0.032800 0.059150 -0.712511, -0.032693 0.069019 -0.713742,
 -0.032686 0.069038 -0.713822, -0.032685 0.058743 -0.713842, -0.032251 0.057211 -0.718858, -0.032238 0.130634 -0.058594, -0.031983 0.127941 0.015109,
 -0.031948 0.056509 -0.722356, -0.031946 0.071132 -0.722378, -0.031720 0.071772 -0.724992, -0.031577 0.055646 -0.726653, -0.031513 0.130870 -0.058356,
 -0.031456 0.120228 0.155486, -0.030438 0.053923 -0.739819, -0.030436 0.073636 -0.739839, -0.030288 0.132713 -0.123009, -0.030213 0.053582 -0.742417,
 -0.030048 0.131181 -0.058065, -0.029740 0.074647 -0.747894, -0.029468 0.176296 -0.409582, -0.028844 0.052256 -0.758256, -0.027750 0.076178 -0.770898,
 -0.027375 0.076272 -0.775237, -0.027375 0.051433 -0.775238, -0.027246 0.178203 -0.410566, -0.026708 0.051059 -0.782954, -0.025384 0.050801 -0.798265,
 -0.024942 0.076878 -0.803366, -0.024474 0.076789 -0.808786, -0.024277 0.051146 -0.811064, -0.024277 0.076697 -0.811067, -0.023976 0.180053 -0.411520,
 -0.023222 -0.028227 -0.363308, -0.022430 0.051721 -0.832421, -0.022034 0.134996 -0.121691, -0.021362 0.052357 -0.844766, -0.021298 0.052400 -0.845505,
 -0.021298 0.075308 -0.845505, -0.020776 0.062854 -0.851540, -0.020776 0.064854 -0.851540, -0.019034 0.021273 -0.871685, -0.019034 0.026954 -0.871685,
 -0.019034 0.030486 -0.871685, -0.019034 0.041051 -0.871685, -0.019034 0.055147 -0.871685, -0.019034 0.077354 -0.871685, -0.019015 0.079642 -0.871696,
 -0.018922 0.019912 -0.871750, -0.018922 0.019906 -0.871750, -0.018835 0.182963 -0.413021, -0.018639 0.019061 -0.871913, -0.018583 0.018891 -0.871946,
 -0.018438 0.086530 -0.872030, -0.018431 0.133653 -0.055761, -0.018353 0.018450 -0.872079, -0.018323 0.183130 -0.413106, -0.018107 0.090473 -0.872221,
 -0.018070 0.094740 -0.863927, -0.018058 0.096037 -0.861408, -0.018057 0.096150 -0.861189, -0.018047 0.018045 -0.872255, -0.017919 0.102064 -0.845656,
 -0.017909 0.102257 -0.845011, -0.017858 0.103310 -0.841482, -0.017856 0.103340 -0.841380, -0.017647 0.017516 -0.872486, -0.017590 0.017460 -0.872519,
 -0.017506 0.110495 -0.817404, -0.017413 0.017286 -0.872621, -0.017243 0.112698 -0.809147, -0.017107 0.113839 -0.804865, -0.016838 0.121971 -0.872953,
 -0.016730 0.128092 -0.863765, -0.016723 0.133815 -0.055616, -0.016722 0.016797 -0.873020, -0.016609 0.118016 -0.789206, -0.016416 0.130803 0.013873,
 -0.016359 0.016540 -0.873230, -0.016268 0.119642 -0.783172, -0.016161 0.135253 -0.811989, -0.016131 0.142157 -0.850589, -0.016105 0.120417 -0.780296,
 -0.016099 0.016411 -0.873380, -0.016093 0.016408 -0.873383, -0.016026 0.142104 -0.873422, -0.016017 0.136088 -0.121061, -0.015804 0.136106 -0.121050,
 -0.015740 0.121553 0.155486, -0.015516 0.133931 -0.055514, -0.015475 0.122411 -0.773167, -0.015377 0.016189 -0.873797, -0.014723 0.015989 -0.874174,
 -0.014645 0.153145 -0.795399, -0.014572 0.125267 -0.762955, -0.014414 0.125563 -0.761975, -0.014384 0.015944 -0.874370, -0.013907 0.180538 -0.823784,
 -0.013819 0.126680 -0.758273, -0.013492 0.196238 -0.874885, -0.013302 0.201191 -0.867129, -0.012721 0.212154 -0.856606, -0.012525 0.168329 -0.778807,
 -0.012330 0.221035 -0.875556, -0.012326 0.200116 -0.810221, -0.012294 0.185087 -0.414116, -0.012150 0.129813 -0.747887, -0.011734 0.130377 -0.746132,
 -0.011470 0.130734 -0.745020, -0.011017 0.016086 -0.876314, -0.010774 0.242001 -0.835581, -0.010674 0.131588 -0.742481, -0.010320 0.216798 -0.796664,
 -0.009680 0.185936 -0.414554, -0.009530 0.132816 -0.738830, -0.009459 0.257232 -0.825044, -0.009237 0.284185 -0.877342, -0.009175 0.133082 -0.738098,
 -0.009149 0.133101 -0.738044, -0.009130 0.178615 -0.762511, -0.008454 0.299972 -0.877794, -0.008357 0.301919 -0.877850, -0.008326 0.301919 -0.872925,
 -0.008281 0.301919 -0.870342, -0.008138 0.122195 0.155486, -0.008137 0.301919 -0.862104, -0.008006 0.301919 -0.854576, -0.007848 0.270236 -0.814521,
 -0.007821 0.180170 -0.758588, -0.007604 0.301919 -0.844734, -0.007402 0.134410 -0.734433, -0.007398 0.228227 -0.783311, -0.007330 0.016241 -0.878443,
 -0.007257 0.301919 -0.836238, -0.007178 0.301919 -0.835124, -0.006612 0.301919 -0.827084, -0.006362 0.016282 -0.879002, -0.006325 0.229991 -0.780082,
 -0.006291 0.301919 -0.824438, -0.006264 0.134985 -0.732963, -0.006203 0.186301 -0.414742, -0.006094 0.181259 -0.754852, -0.005785 0.135227 -0.732345,
 -0.005594 0.279191 -0.804112, -0.005391 0.135426 -0.731837, -0.005185 0.301919 -0.815323, -0.004971 0.181624 -0.753139, -0.004931 0.231251 -0.776992,
 -0.004707 0.301919 -0.813281, -0.004149 0.135832 -0.730860, -0.004032 0.231684 -0.775562, -0.003833 0.301919 -0.809549, -0.003750 0.281591 -0.799131,
 -0.003714 0.135056 -0.054514, -0.003588 0.181873 -0.751641, -0.003523 0.136037 -0.730368, -0.003206 0.301919 -0.808076, -0.003184 0.136103 -0.730213,
 -0.003083 0.281940 -0.797986, -0.002925 0.231986 -0.774299, -0.002779 0.181955 -0.751024, -0.002669 0.301919 -0.806815, -0.002274 0.232089 -0.773771,
 -0.002258 0.282186 -0.796957, -0.002198 0.137274 -0.120376, -0.002186 0.136300 -0.729754, -0.002049 0.136327 -0.729691, -0.001989 0.301919 -0.805858,
 -0.001941 0.301919 -0.805791, -0.001887 0.182012 -0.750538, -0.001767 0.282271 -0.796518, -0.001551 0.232161 -0.773350, -0.001345 0.301919 -0.805240,
 -0.001249 0.136419 -0.729479, -0.001213 0.282330 -0.796162, -0.001077 0.301919 -0.805074, -0.000993 0.016549 -0.882102, -0.000993 0.301919 -0.882102,
 -0.000951 0.301919 -0.804996, -0.000921 0.182044 -0.750225, -0.000912 0.282351 -0.796026, -0.000759 0.232202 -0.773075, -0.000597 0.282365 -0.795925,
 -0.000532 0.301919 -0.804839, -0.000471 0.301919 -0.804816, -0.000287 0.301919 -0.804780, -0.000272 0.282373 -0.795866, -0.000002 0.122099 0.155486,
 -0.000002 0.137178 -0.120432, -0.000001 0.134958 -0.054600, 0.000000 -0.073004 0.155486, 0.000000 -0.028227 -0.363308, 0.000000 0.016549 -0.882102,
 0.000000 0.186954 -0.415079, 0.000000 0.136467 -0.729367, 0.000001 0.131886 0.013408, 0.000001 0.186954 -0.415079, 0.000053 0.301919 -0.804771,
 0.000058 0.282375 -0.795852, 0.000074 0.232214 -0.772990, 0.000090 0.182054 -0.750129, 0.000104 0.136471 -0.729358, 0.000130 0.136472 -0.729356,
 0.000186 0.301919 -0.804767, 0.000388 0.282371 -0.795882, 0.000414 0.301919 -0.804802, 0.000630 0.301919 -0.804876, 0.000711 0.282361 -0.795954,
 0.000724 0.136455 -0.729396, 0.000903 0.232197 -0.773109, 0.000954 0.301919 -0.804987, 0.001007 0.016549 -0.882102, 0.001007 0.301919 -0.882102,
 0.001041 0.301919 -0.805031, 0.001096 0.182040 -0.750264, 0.001169 0.301919 -0.805122, 0.001322 0.282322 -0.796205, 0.001661 0.301919 -0.805470,
 0.001689 0.232151 -0.773405, 0.001758 0.301919 -0.805538, 0.001877 0.282258 -0.796563, 0.001961 0.301919 -0.805733, 0.002055 0.182004 -0.750605,
 0.002088 0.301919 -0.805905, 0.002206 0.136304 -0.729740, 0.002377 0.282170 -0.796996, 0.002386 0.136274 -0.729809, 0.002410 0.232074 -0.773835,
 0.002617 0.136235 -0.729899, 0.002832 0.301919 -0.806910, 0.002939 0.181943 -0.751108, 0.002976 0.301919 -0.807104, 0.003064 0.231966 -0.774365,
 0.003167 0.301919 -0.807449, 0.003183 0.136095 -0.730224, 0.003232 0.281915 -0.798010, 0.003381 0.301919 -0.808084, 0.003389 0.136044 -0.730343,
 0.003746 0.181856 -0.751734, 0.003931 0.281558 -0.799140, 0.004187 0.231653 -0.775624, 0.004367 0.135801 -0.730907, 0.004936 0.135609 -0.731362,
 0.005029 0.301919 -0.812958, 0.005080 0.301919 -0.813188, 0.005106 0.231209 -0.777047, 0.005131 0.181599 -0.753238, 0.005262 0.301919 -0.814020,
 0.005878 0.279130 -0.804091, 0.005918 0.135155 -0.732487, 0.006210 0.186343 -0.414764, 0.006261 0.181224 -0.754953, 0.006266 0.134994 -0.732885,
 0.006537 0.229931 -0.780126, 0.006624 0.301919 -0.824423, 0.007104 0.134607 -0.733845, 0.007116 0.301919 -0.828176, 0.007277 0.301919 -0.830216,
 0.007325 0.016295 -0.878454, 0.007330 0.134472 -0.734196, 0.007551 0.301919 -0.834274, 0.007584 0.301919 -0.835058, 0.007598 0.134311 -0.734612,
 0.007640 0.228150 -0.783348, 0.007979 0.301919 -0.844732, 0.008005 0.180118 -0.758686, 0.008211 0.270141 -0.814488, 0.008216 0.301919 -0.850530,
 0.008357 0.301919 -0.862106, 0.008375 0.301919 -0.877848, 0.008395 0.301919 -0.870333, 0.008406 0.301919 -0.866111, 0.009066 0.186062 -0.414619,
 0.009119 0.133028 -0.738200, 0.009160 0.132993 -0.738298, 0.009329 0.178548 -0.762605, 0.009821 0.257129 -0.825014, 0.009822 0.134699 -0.054827,
 0.010614 0.216678 -0.796689, 0.010779 0.131627 -0.742117, 0.010904 0.131475 -0.742574, 0.011008 0.016146 -0.876328, 0.011095 0.241909 -0.835556,
 0.011573 0.136669 -0.120725, 0.011751 0.130445 -0.745672, 0.011875 0.130294 -0.746127, 0.012294 0.185075 -0.414110, 0.012615 0.199984 -0.810241,
 0.012749 0.168221 -0.778890, 0.012893 0.212111 -0.856595, 0.012923 0.209216 -0.875222, 0.013385 0.201173 -0.867124, 0.013392 0.121942 0.155486,
 0.013527 0.196261 -0.874873, 0.013831 0.126751 -0.757677, 0.014160 0.180419 -0.823798, 0.014576 0.125401 -0.762077, 0.014707 0.125163 -0.762851,
 0.014755 0.015996 -0.874165, 0.014858 0.153026 -0.795468, 0.015378 0.016187 -0.873805, 0.015511 0.133893 -0.055553, 0.015587 0.122607 -0.771809,
 0.015752 0.121703 0.155486, 0.015785 0.122031 -0.773827, 0.015802 0.136075 -0.121068, 0.015869 0.146056 -0.873522, 0.016073 0.016400 -0.873404,
 0.016098 0.016414 -0.873389, 0.016263 0.142102 -0.850594, 0.016289 0.120100 -0.780807, 0.016344 0.135145 -0.812042, 0.016414 0.119441 -0.783245,
 0.016417 0.130803 0.013873, 0.016715 0.133723 -0.055707, 0.016737 0.016777 -0.873020, 0.016791 0.128069 -0.863768, 0.016842 0.121956 -0.872959,
 0.016867 0.016851 -0.872945, 0.017008 0.116315 -0.794806, 0.017271 0.113590 -0.804880, 0.017301 0.017235 -0.872695, 0.017337 0.112900 -0.807433,
 0.017739 0.108735 -0.822828, 0.017771 0.017652 -0.872423, 0.017837 0.017734 -0.872385, 0.017929 0.104648 -0.836759, 0.017941 0.183348 -0.413219,
 0.017962 0.103395 -0.840468, 0.017977 0.102815 -0.842183, 0.017998 0.135767 -0.121246, 0.018002 0.101860 -0.845012, 0.018077 0.098947 -0.853632,
 0.018080 0.018035 -0.872245, 0.018105 0.095701 -0.861463, 0.018114 0.094760 -0.863733, 0.018117 0.090405 -0.872223, 0.018117 0.094312 -0.864815,
 0.018163 0.098808 -0.853189, 0.018264 0.018356 -0.872139, 0.018319 0.183144 -0.413114, 0.018341 0.088883 -0.872094, 0.018482 0.086537 -0.872013,
 0.018619 0.018975 -0.871933, 0.018648 0.019058 -0.871917, 0.018857 0.019645 -0.871796, 0.018902 0.019916 -0.871770, 0.019024 0.020641 -0.871700,
 0.019027 0.030487 -0.871698, 0.019034 0.055540 -0.871694, 0.019034 0.077354 -0.871694, 0.020776 0.062854 -0.851540, 0.020776 0.064854 -0.851540,
 0.021298 0.052400 -0.845505, 0.021298 0.075308 -0.845505, 0.021362 0.075351 -0.844766, 0.022430 0.075987 -0.832421, 0.023198 0.132804 -0.056535,
 0.023222 -0.028227 -0.363308, 0.023999 0.180078 -0.411532, 0.024277 0.051011 -0.811067, 0.024277 0.076562 -0.811064, 0.024474 0.050919 -0.808783,
 0.024943 0.050830 -0.803361, 0.025384 0.076907 -0.798265, 0.026399 0.178782 -0.410864, 0.026642 0.132073 -0.057214, 0.026708 0.076649 -0.782954,
 0.027375 0.076275 -0.775239, 0.027375 0.051437 -0.775236, 0.027751 0.051530 -0.770893, 0.028844 0.075452 -0.758256, 0.029462 0.176283 -0.409576,
 0.029740 0.053061 -0.747891, 0.030035 0.131129 -0.058134, 0.030213 0.074126 -0.742417, 0.030314 0.132822 -0.122946, 0.030436 0.054072 -0.739837,
 0.030438 0.073786 -0.739821, 0.031443 0.120115 0.155486, 0.031577 0.072062 -0.726653, 0.031720 0.055936 -0.724991, 0.031904 0.132442 -0.123166,
 0.031947 0.056576 -0.722376, 0.031948 0.071199 -0.722359, 0.031984 0.127941 0.015109, 0.032218 0.130521 -0.058727, 0.032251 0.070496 -0.718858,
 0.032684 0.068965 -0.713844, 0.032686 0.058671 -0.713819, 0.032693 0.058689 -0.713742, 0.032800 0.068558 -0.712511, 0.032810 0.059200 -0.712385,
 0.032987 0.067556 -0.710347, 0.033031 0.060543 -0.709840, 0.033032 0.067212 -0.709822, 0.033094 0.060927 -0.709112, 0.033112 0.066607 -0.708899,
 0.033113 0.061096 -0.708893, 0.033119 0.061150 -0.708822, 0.033120 0.066547 -0.708809, 0.033180 0.061875 -0.708108, 0.033181 0.065845 -0.708098,
 0.033194 0.065701 -0.707952, 0.033202 0.062130 -0.707857, 0.033210 0.065408 -0.707765, 0.033212 0.062291 -0.707746, 0.033216 0.062364 -0.707696,
 0.033234 0.064980 -0.707493, 0.033234 0.062785 -0.707493, 0.033235 0.064936 -0.707473, 0.033237 0.064882 -0.707448, 0.033246 0.063073 -0.707354,
 0.033250 0.064406 -0.707302, 0.033251 0.063302 -0.707293, 0.033252 0.063349 -0.707280, 0.033253 0.064294 -0.707267, 0.033256 0.063856 -0.707235,
 0.033256 0.063935 -0.707228, 0.034366 0.172282 -0.407512, 0.034813 0.171761 -0.407243, 0.034918 -0.028227 -0.363308, 0.036184 -0.002817 -0.622705,
 0.037621 -0.001340 -0.622705, 0.038215 -0.000559 -0.622705, 0.038602 0.119391 0.155486, 0.038730 0.000234 -0.622705, 0.038963 0.128644 -0.060556,
 0.039170 0.001032 -0.622705, 0.039225 -0.073004 0.155486, 0.039541 0.001831 -0.622705, 0.040102 0.003428 -0.622705, 0.041935 0.163445 -0.402955,
 0.043034 0.128249 -0.125587, 0.043152 0.127034 -0.062278, 0.044112 0.159812 -0.401081, 0.045247 0.127415 -0.126068, 0.046083 0.125908 -0.063482,
 0.046463 0.123830 0.016782, 0.046902 -0.027843 -0.363308, 0.047025 0.117803 0.155486, 0.047139 0.126539 -0.126574, 0.049118 0.151458 -0.396772,
 0.050135 0.124351 -0.065148, 0.050189 -0.026889 -0.363308, 0.051993 0.144496 -0.393182, 0.053427 -0.025287 -0.363308, 0.053498 0.122794 -0.066938,
 0.054030 0.122727 -0.128775, 0.054766 0.137781 -0.389719, 0.054893 0.122028 -0.067892, 0.056330 -0.023112 -0.363308, 0.057485 0.120816 -0.129878,
 0.057747 0.115782 0.155486, 0.058057 0.125682 -0.383479, 0.058310 0.120151 -0.070230, 0.058683 -0.020587 -0.363308, 0.058713 0.120003 -0.050991,
 0.059082 -0.073004 0.155486, 0.059194 0.121503 -0.381324, 0.059496 0.119293 -0.130757, 0.059962 0.118642 0.018665, 0.060432 -0.017945 -0.363308,
 0.061212 0.116776 0.087767, 0.061647 -0.015341 -0.363308, 0.061918 0.118169 -0.072699, 0.061923 0.103310 -0.371941, 0.062375 0.100299 -0.370389,
 0.062414 0.114437 0.155486, 0.062428 -0.012838 -0.363308, 0.062840 0.094567 -0.367432, 0.062863 -0.010441 -0.363308, 0.062999 0.007974 -0.363308,
 0.062999 0.077354 -0.363308, 0.063162 0.088827 -0.364472, 0.063349 0.083091 -0.361514, 0.063410 0.077354 -0.358555, 0.063475 0.116282 -0.132496,
 0.063689 0.116392 -0.128714, 0.064964 0.116043 -0.084956, 0.065027 0.100299 -0.328986, 0.065174 0.115888 -0.075908, 0.066027 0.114350 -0.133611,
 0.066516 0.088827 -0.323089, 0.067686 0.100299 -0.287483, 0.067942 0.113949 -0.078637, 0.068410 0.088827 -0.299710, 0.068849 0.113121 -0.079979,
 0.068966 0.077354 -0.294300, 0.069659 0.100299 -0.256682, 0.069747 -0.000563 -0.285267, 0.069747 0.000000 -0.285267, 0.069747 0.000563 -0.285267,
 0.069872 0.088827 -0.281678, 0.070065 0.112946 -0.047547, 0.070351 0.100299 -0.245875, 0.070583 -0.001989 -0.275604, 0.070602 0.111519 -0.082574,
 0.070623 0.099728 -0.245782, 0.071401 0.108584 -0.136940, 0.071608 0.003597 -0.263754, 0.072113 0.108614 -0.124020, 0.072340 0.093548 -0.242531,
 0.072531 0.112161 0.020656, 0.072588 0.107311 -0.137675, 0.072863 -0.073004 0.155486, 0.073024 0.100299 -0.204154, 0.073230 0.088827 -0.240238,
 0.073321 0.111293 0.155486, 0.073358 0.006451 -0.243517, 0.073426 0.108939 -0.086753, 0.073462 0.099299 -0.203690, 0.073664 0.088827 -0.234878,
 0.073824 0.108447 -0.087691, 0.073874 0.100299 -0.190893, 0.073930 -0.007322 -0.236901, 0.074121 0.085385 -0.233362, 0.074523 0.077354 -0.230045,
 0.074647 0.104022 -0.139574, 0.074997 0.111056 0.088508, 0.075062 0.088827 -0.217633, 0.075281 0.108803 -0.045804, 0.075521 0.093338 -0.200746,
 0.075689 0.100299 -0.162140, 0.075834 0.104081 -0.121686, 0.076302 0.099074 -0.161555, 0.076586 0.088827 -0.198741, 0.076849 0.104701 -0.094820,
 0.076978 0.100299 -0.141723, 0.077123 0.104199 -0.095984, 0.077243 0.103981 -0.096490, 0.077391 0.109584 0.155486, 0.078414 0.108266 0.021678,
 0.078877 0.014089 -0.179703, 0.078877 -0.014086 -0.179703, 0.078912 0.088827 -0.169908, 0.079024 0.088827 -0.168525, 0.079141 0.098979 -0.119379,
 0.079543 0.085307 -0.168564, 0.079609 0.099661 -0.106519, 0.079652 -0.072162 0.155486, 0.079790 0.099018 -0.108493, 0.079790 0.015353 -0.169142,
 0.079814 0.098932 -0.108757, 0.079870 0.098729 -0.109378, 0.079893 0.089170 -0.156896, 0.079923 -0.015517 -0.167602, 0.079988 0.098771 -0.108388,
 0.080080 0.077354 -0.165790, 0.080081 0.091055 -0.149001, 0.080120 0.104106 -0.044063, 0.080671 0.095877 -0.118129, 0.080881 0.091253 -0.138096,
 0.080888 0.092445 -0.132623, 0.080892 0.093156 -0.129358, 0.080903 0.095047 -0.120675, 0.081410 -0.071945 0.155486, 0.081547 0.107495 0.088902,
 0.082984 0.092465 -0.106043, 0.083931 0.103782 0.022713, 0.084452 0.098708 -0.042332, 0.084659 0.106531 0.155486, 0.084965 0.085272 -0.103754,
 0.085433 0.106206 0.155486, 0.085453 -0.070372 0.155486, 0.085637 0.077354 -0.101535, 0.085655 -0.021708 -0.101320, 0.086062 0.022075 -0.096612,
 0.086353 0.095693 -0.041474, 0.087379 -0.023184 -0.081382, 0.087742 0.103300 0.089315, 0.087943 -0.023531 -0.074869, 0.087943 0.023544 -0.074869,
 0.088014 0.092444 -0.040620, 0.088915 0.098545 0.023760, 0.088988 0.024361 -0.062776, 0.089379 0.088957 -0.039773, 0.089493 -0.068801 0.155486,
 0.090387 0.085249 -0.038934, 0.091116 0.095586 0.024288, 0.091275 -0.067531 0.155486, 0.091452 0.102554 0.155486, 0.091541 -0.025748 -0.033260,
 0.092452 -0.025977 -0.022728, 0.092452 0.025896 -0.022723, 0.093045 0.092376 0.024820, 0.093363 0.026300 -0.012190, 0.093379 0.098289 0.089750,
 0.094133 -0.026401 -0.003289, 0.094396 0.100769 0.155486, 0.094634 0.088911 0.025354, 0.095809 0.085214 0.025891, 0.095878 0.095414 0.089978,
 0.096518 0.081338 0.026432, 0.096555 -0.063767 0.155486, 0.096729 -0.026033 0.026738, 0.096750 0.077354 0.026975, 0.096752 0.026024 0.027001,
 0.096941 -0.025890 0.029179, 0.096941 0.025932 0.029180, 0.097614 0.025605 0.036971, 0.097657 0.097775 0.155486, 0.098076 0.092264 0.090212,
 0.099155 -0.024390 0.054780, 0.099170 0.024133 0.054964, 0.099172 -0.024367 0.054987, 0.100170 0.023188 0.066520, 0.100559 0.095111 0.155486,
 0.100668 -0.058963 0.155486, 0.100892 -0.022088 0.074870, 0.101382 0.020973 0.080532, 0.101382 0.094355 0.155486, 0.101383 -0.021091 0.080554,
 0.101965 -0.057449 0.155486, 0.102088 0.019681 0.088699, 0.102141 -0.019553 0.089315, 0.102975 0.092036 0.155486, 0.103259 -0.016283 0.102238,
 0.103441 0.015616 0.104341, 0.103541 -0.015049 0.105504, 0.103543 0.015129 0.105523, 0.103603 -0.054184 0.155486, 0.104004 -0.013026 0.110859,
 0.104183 -0.012247 0.112921, 0.104338 0.011348 0.114720, 0.104429 0.010774 0.115773, 0.104548 0.009791 0.117145, 0.104549 -0.009770 0.117158,
 0.104717 -0.008637 0.119096, 0.104773 0.007920 0.119754, 0.104780 -0.008017 0.119830, 0.104867 0.089280 0.155486, 0.104890 0.006953 0.121104,
 0.104898 -0.006870 0.121190, 0.104948 0.006275 0.121772, 0.104977 -0.005773 0.122111, 0.104978 0.005798 0.122121, 0.105060 0.004501 0.123070,
 0.105064 -0.004584 0.123109, 0.105066 -0.004539 0.123136, 0.105083 0.088729 0.155486, 0.105102 0.003835 0.123557, 0.105105 -0.003782 0.123585,
 0.105124 0.003348 0.123803, 0.105128 -0.003106 0.123855, 0.105130 0.003126 0.123877, 0.105168 -0.001960 0.124313, 0.105174 0.001599 0.124384,
 0.105175 -0.001594 0.124392, 0.105178 0.001469 0.124427, 0.105181 -0.001237 0.124469, 0.105186 0.000007 0.124527, 0.105188 0.000546 0.124552,
 0.105850 -0.049703 0.155486, 0.106519 0.085062 0.155486, 0.106817 -0.045312 0.155486, 0.107093 0.083594 0.155486, 0.107381 0.081259 0.155486,
 0.107676 -0.041407 0.155486, 0.107714 -0.041234 0.155486, 0.107864 -0.038004 0.155486, 0.107864 -0.015000 0.155486, 0.107864 0.077354 0.155486,
 0.143385 0.054082 -0.846476, 0.143390 0.073626 -0.846476, 0.168000 -0.012931 -0.174402, 0.168000 -0.006027 -0.229922, 0.168000 -0.001000 -0.181291,
 0.168000 -0.000530 -0.268291, 0.168000 0.000530 -0.268291, 0.168000 0.001000 -0.181291, 0.168000 0.012138 -0.181291, 0.168000 0.012931 -0.174402,
 0.177685 0.012899 -0.172890, 0.216426 0.012769 -0.166839, 0.258574 -0.012623 -0.160259, 0.260861 0.012617 -0.159901, 0.319500 0.055977 -0.827069,
 0.319500 0.056167 -0.834282, 0.319500 0.056308 -0.810616, 0.319500 0.056456 -0.803258, 0.319500 0.056526 -0.847887, 0.319500 0.057923 -0.786989,
 0.319500 0.058938 -0.775746, 0.319500 0.059077 -0.775210, 0.319500 0.060566 -0.769479, 0.319500 0.060914 -0.768141, 0.319500 0.061658 -0.766758,
 0.319500 0.061959 -0.766198, 0.319500 0.062022 -0.766118, 0.319500 0.062108 -0.766009, 0.319500 0.062541 -0.765591, 0.319500 0.062735 -0.765404,
 0.319500 0.062817 -0.765349, 0.319500 0.062854 -0.851540, 0.319500 0.062891 -0.765298, 0.319500 0.063145 -0.765180, 0.319500 0.063354 -0.765082,
 0.319500 0.063488 -0.765047, 0.319500 0.063520 -0.765038, 0.319500 0.063855 -0.765009, 0.319500 0.063909 -0.765004, 0.319500 0.064069 -0.765018,
 0.319500 0.064219 -0.765056, 0.319500 0.064457 -0.765118, 0.319500 0.064569 -0.765171, 0.319500 0.064731 -0.765247, 0.319500 0.064854 -0.851540,
 0.319500 0.064885 -0.765359, 0.319500 0.065185 -0.765576, 0.319500 0.065197 -0.765585, 0.319500 0.065679 -0.766126, 0.319500 0.065774 -0.766233,
 0.319500 0.066054 -0.766757, 0.319500 0.066796 -0.768146, 0.319500 0.067167 -0.769476, 0.319500 0.068468 -0.774138, 0.319500 0.068580 -0.775211,
 0.319500 0.069808 -0.786993, 0.319500 0.071041 -0.798820, 0.319500 0.071075 -0.810616, 0.319500 0.071142 -0.834287, 0.319500 0.071182 -0.847887,
 0.332987 0.012370 -0.148639, 0.333006 -0.012370 -0.148636, 0.590660 0.011430 -0.108440, 0.646595 -0.011210 -0.099723, 0.801569 -0.010557 -0.075596,
 0.840314 -0.010380 -0.069572, 0.848354 0.010342 -0.068323, 0.850000 -0.014071 0.009960, 0.850000 -0.013739 0.015639, 0.850000 -0.013721 -0.012152,
 0.850000 -0.013551 -0.022904, 0.850000 -0.012928 0.029519, 0.850000 -0.012680 0.033769, 0.850000 -0.012340 -0.039912, 0.850000 -0.011150 0.043286,
 0.850000 -0.010335 -0.068067, 0.850000 -0.010021 0.050315, 0.850000 -0.007980 0.056774, 0.850000 -0.006933 0.060089, 0.850000 -0.005257 0.063121,
 0.850000 -0.004743 0.064051, 0.850000 -0.004298 0.064551, 0.850000 -0.003186 0.065802, 0.850000 -0.003136 0.065836, 0.850000 -0.002423 0.066331,
 0.850000 -0.001973 0.066643, 0.850000 -0.001675 0.066758, 0.850000 -0.001000 -0.073456, 0.850000 -0.000998 0.067018, 0.850000 -0.000858 0.067036,
 0.850000 -0.000000 0.067144, 0.850000 0.000002 0.067143, 0.850000 0.000863 0.067034, 0.850000 0.001000 -0.073456, 0.850000 0.001004 0.067017,
 0.850000 0.001679 0.066754, 0.850000 0.001996 0.066631, 0.850000 0.002429 0.066332, 0.850000 0.003143 0.065839, 0.850000 0.003143 0.065839,
 0.850000 0.004314 0.064558, 0.850000 0.004607 0.064237, 0.850000 0.005248 0.063109, 0.850000 0.006817 0.060350, 0.850000 0.007957 0.056762,
 0.850000 0.010061 0.050142, 0.850000 0.010335 -0.068067, 0.850000 0.011166 0.043286, 0.850000 0.012368 -0.039914, 0.850000 0.012641 0.034129,
 0.850000 0.012896 0.029515, 0.850000 0.013473 -0.024604, 0.850000 0.013660 0.015634, 0.850000 0.013722 -0.012151, 0.850000 0.014112 0.007439
]
}
IndexedFaceSet {
coordIndex [
 995, 990, 838, -1, 1037, 1035, 846, -1, 806, 808, 844, -1,
 810, 812, 846, -1, 449, 348, 347, -1, 518, 573, 514, -1,
 514, 573, 415, -1, 514, 415, 353, -1, 474, 478, 353, -1,
 353, 478, 491, -1, 353, 491, 514, -1, 466, 473, 331, -1,
 331, 473, 474, -1, 331, 474, 335, -1, 335, 474, 353, -1,
 466, 331, 465, -1, 465, 331, 329, -1, 465, 329, 460, -1,
 460, 329, 350, -1, 460, 350, 457, -1, 457, 350, 349, -1,
 457, 349, 451, -1, 449, 347, 448, -1, 448, 347, 346, -1,
 448, 346, 443, -1, 430, 431, 343, -1, 343, 431, 433, -1,
 343, 433, 344, -1, 344, 433, 434, -1, 344, 434, 437, -1,
 425, 424, 301, -1, 301, 424, 423, -1, 301, 423, 303, -1,
 356, 358, 301, -1, 358, 361, 301, -1, 301, 361, 363, -1,
 301, 363, 364, -1, 364, 365, 301, -1, 301, 365, 369, -1,
 301, 369, 371, -1, 371, 372, 301, -1, 301, 372, 374, -1,
 301, 374, 377, -1, 377, 379, 301, -1, 301, 379, 381, -1,
 301, 381, 383, -1, 383, 386, 301, -1, 301, 386, 387, -1,
 301, 387, 390, -1, 390, 393, 301, -1, 301, 393, 396, -1,
 301, 396, 399, -1, 408, 425, 406, -1, 406, 425, 301, -1,
 406, 301, 403, -1, 403, 301, 399, -1, 408, 409, 425, -1,
 425, 409, 412, -1, 425, 412, 416, -1, 416, 418, 425, -1,
 425, 418, 419, -1, 425, 419, 426, -1, 426, 419, 421, -1,
 426, 421, 427, -1, 427, 421, 428, -1, 421, 422, 428, -1,
 428, 422, 420, -1, 428, 420, 413, -1, 405, 302, 410, -1,
 410, 302, 428, -1, 410, 428, 411, -1, 411, 428, 413, -1,
 405, 404, 302, -1, 302, 404, 401, -1, 302, 401, 397, -1,
 397, 392, 302, -1, 302, 392, 391, -1, 302, 391, 385, -1,
 385, 384, 302, -1, 302, 384, 382, -1, 302, 382, 380, -1,
 380, 378, 302, -1, 302, 378, 376, -1, 302, 376, 375, -1,
 375, 373, 302, -1, 302, 373, 370, -1, 302, 370, 368, -1,
 368, 367, 302, -1, 302, 367, 366, -1, 302, 366, 362, -1,
 362, 360, 302, -1, 302, 360, 359, -1, 302, 359, 357, -1,
 732, 734, 731, -1, 731, 734, 733, -1, 731, 733, 730, -1,
 730, 733, 735, -1, 730, 735, 742, -1, 742, 744, 730, -1,
 730, 744, 745, -1, 730, 745, 751, -1, 752, 755, 854, -1,
 854, 755, 759, -1, 759, 763, 854, -1, 854, 763, 765, -1,
 854, 765, 771, -1, 771, 772, 854, -1, 854, 772, 774, -1,
 854, 774, 776, -1, 776, 778, 854, -1, 854, 778, 780, -1,
 854, 780, 781, -1, 781, 783, 854, -1, 854, 783, 786, -1,
 854, 786, 788, -1, 788, 789, 854, -1, 854, 789, 791, -1,
 854, 791, 794, -1, 796, 797, 855, -1, 855, 797, 799, -1,
 855, 799, 800, -1, 793, 792, 855, -1, 855, 792, 790, -1,
 855, 790, 787, -1, 800, 798, 855, -1, 855, 798, 795, -1,
 855, 795, 793, -1, 787, 785, 855, -1, 855, 785, 784, -1,
 855, 784, 782, -1, 782, 779, 855, -1, 855, 779, 777, -1,
 855, 777, 775, -1, 775, 773, 855, -1, 855, 773, 770, -1,
 855, 770, 769, -1, 769, 766, 855, -1, 855, 766, 762, -1,
 855, 762, 760, -1, 760, 757, 855, -1, 855, 757, 753, -1,
 855, 753, 750, -1, 750, 749, 855, -1, 855, 749, 746, -1,
 855, 746, 732, -1, 732, 746, 743, -1, 732, 743, 738, -1,
 738, 737, 732, -1, 732, 737, 736, -1, 732, 736, 734, -1,
 751, 752, 730, -1, 730, 752, 854, -1, 730, 854, 729, -1,
 729, 854, 728, -1, 1040, 851, 853, -1, 853, 851, 813, -1,
 853, 813, 727, -1, 721, 725, 813, -1, 813, 725, 726, -1,
 813, 726, 727, -1, 804, 697, 805, -1, 805, 697, 700, -1,
 682, 821, 680, -1, 680, 821, 803, -1, 680, 803, 663, -1,
 663, 803, 740, -1, 663, 740, 640, -1, 640, 740, 593, -1,
 593, 740, 573, -1, 593, 573, 574, -1, 574, 573, 518, -1,
 574, 518, 558, -1, 162, 165, 118, -1, 118, 165, 169, -1,
 118, 169, 171, -1, 171, 176, 118, -1, 118, 176, 177, -1,
 118, 177, 179, -1, 179, 190, 118, -1, 118, 190, 192, -1,
 118, 192, 201, -1, 204, 209, 303, -1, 209, 228, 303, -1,
 303, 228, 241, -1, 303, 241, 243, -1, 243, 274, 303, -1,
 303, 274, 283, -1, 303, 283, 301, -1, 301, 283, 284, -1,
 284, 285, 301, -1, 301, 285, 278, -1, 301, 278, 273, -1,
 273, 259, 257, -1, 357, 356, 302, -1, 302, 356, 301, -1,
 302, 301, 298, -1, 298, 301, 273, -1, 298, 273, 287, -1,
 287, 273, 257, -1, 259, 240, 257, -1, 257, 240, 230, -1,
 257, 230, 211, -1, 230, 210, 211, -1, 211, 210, 207, -1,
 211, 207, 205, -1, 205, 195, 211, -1, 211, 195, 193, -1,
 211, 193, 180, -1, 180, 193, 188, -1, 180, 188, 181, -1,
 181, 178, 180, -1, 180, 178, 172, -1, 180, 172, 116, -1,
 116, 172, 170, -1, 116, 170, 166, -1, 166, 164, 116, -1,
 116, 164, 161, -1, 116, 161, 159, -1, 159, 157, 116, -1,
 116, 157, 153, -1, 116, 153, 150, -1, 150, 148, 116, -1,
 116, 148, 146, -1, 116, 146, 144, -1, 144, 142, 116, -1,
 116, 142, 139, -1, 116, 139, 138, -1, 138, 135, 116, -1,
 116, 135, 133, -1, 116, 133, 115, -1, 115, 133, 131, -1,
 115, 131, 129, -1, 129, 127, 115, -1, 115, 127, 126, -1,
 115, 126, 125, -1, 125, 128, 115, -1, 115, 128, 130, -1,
 115, 130, 132, -1, 132, 134, 115, -1, 115, 134, 136, -1,
 115, 136, 140, -1, 140, 141, 115, -1, 115, 141, 143, -1,
 115, 143, 145, -1, 145, 147, 115, -1, 115, 147, 149, -1,
 115, 149, 151, -1, 151, 152, 115, -1, 115, 152, 154, -1,
 115, 154, 114, -1, 114, 154, 156, -1, 114, 156, 118, -1,
 118, 156, 158, -1, 118, 158, 162, -1, 854, 882, 874, -1,
 874, 873, 854, -1, 854, 873, 853, -1, 854, 853, 728, -1,
 728, 853, 727, -1, 970, 977, 1040, -1, 970, 1040, 965, -1,
 873, 872, 853, -1, 853, 872, 878, -1, 853, 878, 897, -1,
 897, 916, 853, -1, 853, 916, 928, -1, 853, 928, 948, -1,
 948, 951, 853, -1, 853, 951, 953, -1, 853, 953, 1040, -1,
 1040, 953, 964, -1, 1040, 964, 965, -1, 977, 980, 1040, -1,
 1040, 980, 985, -1, 1040, 985, 987, -1, 987, 991, 1040, -1,
 1040, 991, 994, -1, 1040, 994, 997, -1, 997, 999, 1040, -1,
 1040, 999, 1001, -1, 1040, 1001, 1041, -1, 1041, 1001, 1042, -1,
 1042, 1001, 1043, -1, 1043, 1001, 1004, -1, 1043, 1004, 1005, -1,
 1005, 1009, 1043, -1, 1043, 1009, 1010, -1, 1043, 1010, 1012, -1,
 1012, 1015, 1043, -1, 1043, 1015, 1017, -1, 1043, 1017, 1020, -1,
 1020, 1021, 1043, -1, 1043, 1021, 1024, -1, 1043, 1024, 1026, -1,
 1026, 1028, 1043, -1, 1043, 1028, 1030, -1, 1043, 1030, 1032, -1,
 1032, 1033, 1043, -1, 1043, 1033, 1034, -1, 1043, 1034, 1031, -1,
 1016, 1014, 1044, -1, 1031, 1029, 1043, -1, 1043, 1029, 1027, -1,
 1043, 1027, 1044, -1, 1044, 1027, 1025, -1, 1044, 1025, 1023, -1,
 1023, 1019, 1044, -1, 1044, 1019, 1018, -1, 1044, 1018, 1016, -1,
 1014, 1011, 1044, -1, 1044, 1011, 1008, -1, 1044, 1008, 1007, -1,
 1007, 1006, 1044, -1, 1044, 1006, 1002, -1, 1044, 1002, 1000, -1,
 1000, 996, 1044, -1, 1044, 996, 992, -1, 1044, 992, 978, -1,
 978, 992, 988, -1, 978, 988, 986, -1, 986, 982, 978, -1,
 978, 982, 981, -1, 978, 981, 979, -1, 957, 947, 966, -1,
 966, 947, 978, -1, 966, 978, 968, -1, 968, 978, 979, -1,
 957, 954, 947, -1, 947, 954, 949, -1, 947, 949, 930, -1,
 949, 924, 930, -1, 930, 924, 915, -1, 930, 915, 899, -1,
 899, 915, 891, -1, 899, 891, 870, -1, 870, 891, 882, -1,
 870, 882, 858, -1, 858, 882, 854, -1, 858, 854, 855, -1,
 855, 854, 794, -1, 855, 794, 796, -1, 810, 846, 808, -1,
 806, 844, 805, -1, 348, 319, 347, -1, 347, 319, 313, -1,
 347, 313, 346, -1, 346, 313, 344, -1, 346, 344, 443, -1,
 443, 344, 437, -1, 423, 430, 303, -1, 303, 430, 343, -1,
 303, 343, 306, -1, 306, 343, 344, -1, 306, 344, 311, -1,
 311, 344, 313, -1, 449, 451, 348, -1, 348, 451, 349, -1,
 348, 349, 319, -1, 319, 349, 350, -1, 319, 350, 323, -1,
 323, 350, 329, -1, 323, 329, 194, -1, 194, 183, 323, -1,
 323, 183, 173, -1, 323, 173, 319, -1, 319, 173, 167, -1,
 319, 167, 313, -1, 313, 167, 155, -1, 313, 155, 311, -1,
 201, 204, 118, -1, 118, 204, 303, -1, 118, 303, 120, -1,
 120, 303, 306, -1, 120, 306, 121, -1, 121, 306, 311, -1,
 121, 311, 123, -1, 123, 311, 155, -1, 250, 235, 335, -1,
 335, 235, 216, -1, 335, 216, 331, -1, 331, 216, 212, -1,
 331, 212, 329, -1, 329, 212, 197, -1, 329, 197, 194, -1,
 808, 846, 844, -1, 844, 846, 1035, -1, 844, 1035, 1003, -1,
 1040, 1037, 851, -1, 851, 1037, 846, -1, 851, 846, 813, -1,
 813, 846, 812, -1, 813, 812, 721, -1, 721, 812, 810, -1,
 721, 810, 715, -1, 715, 810, 808, -1, 715, 808, 707, -1,
 707, 808, 806, -1, 707, 806, 706, -1, 706, 806, 805, -1,
 706, 805, 703, -1, 703, 805, 700, -1, 838, 990, 833, -1,
 833, 990, 976, -1, 833, 976, 828, -1, 1003, 995, 844, -1,
 844, 995, 838, -1, 844, 838, 805, -1, 805, 838, 833, -1,
 805, 833, 804, -1, 804, 833, 828, -1, 804, 828, 697, -1,
 697, 828, 690, -1, 976, 962, 828, -1, 828, 962, 959, -1,
 828, 959, 826, -1, 826, 959, 946, -1, 826, 946, 938, -1,
 938, 821, 826, -1, 826, 821, 682, -1, 826, 682, 828, -1,
 828, 682, 689, -1, 828, 689, 690, -1, 938, 922, 821, -1,
 821, 922, 887, -1, 821, 887, 803, -1, 803, 887, 840, -1,
 803, 840, 740, -1, 740, 840, 811, -1, 740, 811, 573, -1,
 573, 811, 572, -1, 573, 572, 415, -1, 415, 572, 345, -1,
 415, 345, 353, -1, 353, 345, 316, -1, 353, 316, 335, -1,
 335, 316, 267, -1, 335, 267, 250, -1, 558, 559, 574, -1,
 574, 559, 594, -1, 574, 594, 593, -1, 801, 802, 679, -1,
 490, 489, 414, -1, 440, 439, 435, -1, 309, 435, 308, -1,
 308, 435, 429, -1, 308, 429, 304, -1, 304, 429, 300, -1,
 298, 299, 302, -1, 302, 299, 300, -1, 302, 300, 428, -1,
 428, 300, 429, -1, 309, 310, 435, -1, 435, 310, 317, -1,
 435, 317, 440, -1, 317, 322, 440, -1, 440, 322, 327, -1,
 440, 327, 441, -1, 441, 327, 330, -1, 441, 330, 442, -1,
 446, 445, 442, -1, 442, 445, 444, -1, 442, 330, 446, -1,
 446, 330, 332, -1, 446, 332, 447, -1, 447, 332, 339, -1,
 447, 339, 450, -1, 450, 339, 452, -1, 452, 339, 342, -1,
 452, 342, 351, -1, 354, 472, 351, -1, 351, 472, 464, -1,
 351, 464, 461, -1, 461, 458, 351, -1, 351, 458, 453, -1,
 351, 453, 452, -1, 402, 477, 354, -1, 354, 477, 476, -1,
 354, 476, 472, -1, 414, 489, 407, -1, 407, 489, 488, -1,
 407, 488, 402, -1, 402, 488, 480, -1, 402, 480, 477, -1,
 438, 500, 499, -1, 438, 499, 432, -1, 432, 499, 496, -1,
 432, 496, 414, -1, 414, 496, 493, -1, 414, 493, 490, -1,
 526, 524, 487, -1, 487, 524, 521, -1, 487, 521, 438, -1,
 438, 521, 512, -1, 438, 512, 500, -1, 548, 547, 522, -1,
 522, 547, 539, -1, 522, 539, 495, -1, 495, 539, 537, -1,
 495, 537, 487, -1, 487, 537, 531, -1, 487, 531, 526, -1,
 608, 632, 610, -1, 610, 632, 616, -1, 590, 584, 575, -1,
 608, 606, 632, -1, 632, 606, 590, -1, 632, 590, 578, -1,
 578, 590, 575, -1, 584, 583, 575, -1, 575, 583, 576, -1,
 575, 576, 522, -1, 522, 576, 555, -1, 522, 555, 548, -1,
 631, 624, 632, -1, 631, 632, 634, -1, 624, 623, 632, -1,
 632, 623, 619, -1, 632, 619, 616, -1, 632, 654, 634, -1,
 634, 654, 668, -1, 634, 668, 637, -1, 709, 722, 644, -1,
 709, 644, 668, -1, 668, 644, 641, -1, 668, 641, 637, -1,
 662, 661, 722, -1, 661, 656, 722, -1, 722, 656, 655, -1,
 722, 655, 644, -1, 754, 676, 667, -1, 662, 722, 666, -1,
 666, 722, 741, -1, 666, 741, 667, -1, 667, 741, 747, -1,
 667, 747, 754, -1, 801, 679, 754, -1, 754, 679, 678, -1,
 754, 678, 676, -1, 814, 701, 694, -1, 694, 692, 814, -1,
 814, 692, 686, -1, 814, 686, 802, -1, 802, 686, 684, -1,
 802, 684, 679, -1, 824, 705, 817, -1, 817, 705, 704, -1,
 817, 704, 814, -1, 814, 704, 702, -1, 814, 702, 701, -1,
 720, 713, 831, -1, 831, 713, 711, -1, 831, 711, 827, -1,
 827, 711, 710, -1, 827, 710, 824, -1, 824, 710, 708, -1,
 824, 708, 705, -1, 724, 723, 841, -1, 723, 718, 841, -1,
 841, 718, 719, -1, 841, 719, 836, -1, 836, 719, 717, -1,
 836, 717, 831, -1, 831, 717, 716, -1, 831, 716, 720, -1,
 720, 716, 714, -1, 720, 714, 713, -1, 857, 858, 855, -1,
 841, 848, 724, -1, 724, 848, 849, -1, 724, 849, 732, -1,
 732, 849, 852, -1, 732, 852, 855, -1, 855, 852, 856, -1,
 855, 856, 857, -1, 719, 718, 699, -1, 566, 565, 564, -1,
 439, 440, 454, -1, 454, 440, 455, -1, 454, 455, 467, -1,
 467, 455, 481, -1, 505, 504, 485, -1, 503, 502, 504, -1,
 504, 502, 498, -1, 504, 498, 485, -1, 485, 482, 505, -1,
 505, 482, 483, -1, 505, 483, 507, -1, 492, 511, 483, -1,
 483, 511, 508, -1, 483, 508, 507, -1, 497, 509, 520, -1,
 520, 517, 497, -1, 497, 517, 516, -1, 497, 516, 492, -1,
 492, 516, 515, -1, 492, 515, 511, -1, 538, 533, 525, -1,
 525, 533, 530, -1, 525, 530, 509, -1, 509, 530, 527, -1,
 509, 527, 520, -1, 545, 543, 540, -1, 540, 543, 538, -1,
 540, 538, 534, -1, 534, 538, 525, -1, 554, 550, 545, -1,
 545, 550, 549, -1, 545, 549, 543, -1, 545, 552, 554, -1,
 554, 552, 556, -1, 554, 556, 557, -1, 557, 556, 562, -1,
 557, 562, 560, -1, 568, 580, 567, -1, 567, 580, 579, -1,
 579, 580, 585, -1, 585, 580, 586, -1, 585, 586, 587, -1,
 589, 588, 587, -1, 588, 589, 592, -1, 592, 589, 595, -1,
 595, 589, 598, -1, 595, 598, 597, -1, 597, 598, 602, -1,
 597, 602, 599, -1, 599, 602, 601, -1, 601, 602, 607, -1,
 601, 607, 603, -1, 603, 607, 605, -1, 605, 607, 617, -1,
 605, 617, 611, -1, 611, 617, 613, -1, 613, 617, 621, -1,
 613, 621, 615, -1, 630, 625, 621, -1, 621, 625, 618, -1,
 621, 618, 615, -1, 648, 629, 630, -1, 630, 629, 626, -1,
 630, 626, 625, -1, 642, 639, 658, -1, 658, 639, 638, -1,
 658, 638, 648, -1, 648, 638, 636, -1, 648, 636, 629, -1,
 642, 658, 643, -1, 643, 658, 664, -1, 643, 664, 646, -1,
 646, 664, 649, -1, 649, 664, 671, -1, 649, 671, 650, -1,
 688, 675, 673, -1, 673, 675, 672, -1, 650, 671, 653, -1,
 653, 671, 673, -1, 653, 673, 652, -1, 652, 673, 672, -1,
 652, 672, 651, -1, 719, 699, 717, -1, 717, 699, 698, -1,
 717, 698, 716, -1, 677, 711, 691, -1, 691, 711, 713, -1,
 691, 713, 698, -1, 698, 713, 714, -1, 698, 714, 716, -1,
 704, 705, 693, -1, 693, 705, 708, -1, 693, 708, 710, -1,
 681, 701, 693, -1, 693, 701, 702, -1, 693, 702, 704, -1,
 679, 684, 670, -1, 684, 686, 670, -1, 670, 686, 692, -1,
 670, 692, 681, -1, 681, 692, 694, -1, 681, 694, 701, -1,
 657, 662, 666, -1, 666, 667, 657, -1, 657, 667, 676, -1,
 657, 676, 670, -1, 670, 676, 678, -1, 670, 678, 679, -1,
 662, 657, 661, -1, 661, 657, 647, -1, 661, 647, 656, -1,
 656, 647, 655, -1, 655, 647, 633, -1, 655, 633, 644, -1,
 631, 634, 628, -1, 628, 634, 637, -1, 628, 637, 633, -1,
 633, 637, 641, -1, 633, 641, 644, -1, 631, 628, 624, -1,
 624, 628, 620, -1, 624, 620, 623, -1, 623, 620, 612, -1,
 623, 612, 619, -1, 619, 612, 616, -1, 616, 612, 604, -1,
 616, 604, 610, -1, 596, 606, 604, -1, 604, 606, 608, -1,
 604, 608, 610, -1, 582, 584, 596, -1, 596, 584, 590, -1,
 596, 590, 606, -1, 561, 576, 582, -1, 582, 576, 583, -1,
 582, 583, 584, -1, 551, 548, 561, -1, 561, 548, 555, -1,
 561, 555, 576, -1, 536, 537, 542, -1, 542, 537, 539, -1,
 542, 539, 551, -1, 551, 539, 547, -1, 551, 547, 548, -1,
 528, 526, 536, -1, 536, 526, 531, -1, 536, 531, 537, -1,
 523, 521, 528, -1, 528, 521, 524, -1, 528, 524, 526, -1,
 510, 500, 523, -1, 523, 500, 512, -1, 523, 512, 521, -1,
 484, 480, 488, -1, 490, 493, 501, -1, 501, 493, 496, -1,
 501, 496, 510, -1, 510, 496, 499, -1, 510, 499, 500, -1,
 484, 488, 501, -1, 501, 488, 489, -1, 501, 489, 490, -1,
 472, 484, 464, -1, 464, 484, 475, -1, 472, 476, 484, -1,
 484, 476, 477, -1, 484, 477, 480, -1, 462, 458, 475, -1,
 475, 458, 461, -1, 475, 461, 464, -1, 462, 447, 450, -1,
 450, 452, 462, -1, 462, 452, 453, -1, 462, 453, 458, -1,
 440, 441, 455, -1, 455, 441, 442, -1, 455, 442, 463, -1,
 463, 442, 444, -1, 463, 444, 445, -1, 553, 563, 564, -1,
 565, 560, 564, -1, 564, 560, 562, -1, 564, 562, 553, -1,
 553, 562, 556, -1, 553, 556, 544, -1, 544, 556, 552, -1,
 544, 552, 541, -1, 541, 552, 545, -1, 541, 545, 532, -1,
 532, 545, 540, -1, 532, 540, 529, -1, 529, 540, 534, -1,
 529, 534, 519, -1, 519, 534, 525, -1, 485, 481, 482, -1,
 482, 481, 455, -1, 482, 455, 483, -1, 483, 455, 463, -1,
 483, 463, 492, -1, 492, 463, 479, -1, 492, 479, 497, -1,
 497, 479, 486, -1, 497, 486, 509, -1, 509, 486, 494, -1,
 509, 494, 525, -1, 525, 494, 513, -1, 525, 513, 519, -1,
 591, 586, 581, -1, 581, 586, 580, -1, 581, 580, 563, -1,
 563, 580, 568, -1, 563, 568, 564, -1, 564, 568, 567, -1,
 564, 567, 566, -1, 587, 586, 589, -1, 589, 586, 591, -1,
 589, 591, 598, -1, 598, 591, 600, -1, 598, 600, 602, -1,
 602, 600, 609, -1, 602, 609, 607, -1, 607, 609, 614, -1,
 607, 614, 617, -1, 617, 614, 622, -1, 617, 622, 621, -1,
 621, 622, 627, -1, 621, 627, 630, -1, 627, 635, 630, -1,
 630, 635, 645, -1, 630, 645, 648, -1, 648, 645, 660, -1,
 648, 660, 658, -1, 658, 660, 669, -1, 658, 669, 664, -1,
 664, 669, 677, -1, 664, 677, 671, -1, 671, 677, 691, -1,
 671, 691, 673, -1, 673, 691, 698, -1, 673, 698, 688, -1,
 688, 698, 699, -1, 710, 711, 693, -1, 693, 711, 677, -1,
 693, 677, 681, -1, 681, 677, 669, -1, 681, 669, 670, -1,
 670, 669, 660, -1, 670, 660, 657, -1, 657, 660, 645, -1,
 657, 645, 647, -1, 647, 645, 635, -1, 647, 635, 633, -1,
 633, 635, 627, -1, 633, 627, 628, -1, 628, 627, 622, -1,
 628, 622, 620, -1, 620, 622, 614, -1, 620, 614, 612, -1,
 612, 614, 609, -1, 612, 609, 604, -1, 604, 609, 600, -1,
 604, 600, 596, -1, 596, 600, 591, -1, 596, 591, 582, -1,
 582, 591, 581, -1, 582, 581, 561, -1, 561, 581, 563, -1,
 561, 563, 551, -1, 551, 563, 553, -1, 551, 553, 542, -1,
 542, 553, 544, -1, 542, 544, 536, -1, 536, 544, 541, -1,
 536, 541, 528, -1, 528, 541, 532, -1, 528, 532, 523, -1,
 523, 532, 529, -1, 523, 529, 510, -1, 510, 529, 519, -1,
 510, 519, 501, -1, 501, 519, 513, -1, 501, 513, 484, -1,
 484, 513, 494, -1, 484, 494, 475, -1, 475, 494, 486, -1,
 475, 486, 462, -1, 462, 486, 479, -1, 462, 479, 447, -1,
 447, 479, 463, -1, 447, 463, 446, -1, 446, 463, 445, -1,
 618, 625, 549, -1, 549, 597, 599, -1, 611, 613, 615, -1,
 543, 549, 538, -1, 538, 549, 625, -1, 538, 625, 533, -1,
 533, 625, 626, -1, 595, 597, 592, -1, 592, 597, 549, -1,
 592, 549, 588, -1, 615, 618, 611, -1, 611, 618, 549, -1,
 611, 549, 605, -1, 605, 549, 599, -1, 605, 599, 603, -1,
 603, 599, 601, -1, 549, 550, 554, -1, 587, 588, 585, -1,
 585, 588, 549, -1, 585, 549, 579, -1, 579, 549, 554, -1,
 579, 554, 557, -1, 566, 567, 565, -1, 565, 567, 579, -1,
 565, 579, 560, -1, 560, 579, 557, -1, 516, 643, 515, -1,
 515, 643, 646, -1, 515, 646, 511, -1, 511, 646, 508, -1,
 508, 646, 649, -1, 508, 649, 507, -1, 649, 650, 507, -1,
 507, 650, 653, -1, 507, 653, 505, -1, 505, 653, 652, -1,
 505, 652, 504, -1, 504, 652, 651, -1, 504, 651, 503, -1,
 503, 651, 594, -1, 503, 594, 559, -1, 642, 643, 639, -1,
 639, 643, 516, -1, 639, 516, 638, -1, 638, 516, 517, -1,
 638, 517, 636, -1, 636, 517, 520, -1, 636, 520, 629, -1,
 629, 520, 527, -1, 629, 527, 626, -1, 626, 527, 530, -1,
 626, 530, 533, -1, 917, 908, 904, -1, 293, 308, 304, -1,
 282, 277, 279, -1, 279, 277, 263, -1, 279, 263, 266, -1,
 252, 249, 247, -1, 247, 249, 237, -1, 247, 237, 256, -1,
 256, 237, 251, -1, 256, 251, 272, -1, 272, 251, 275, -1,
 296, 297, 271, -1, 271, 297, 291, -1, 288, 294, 295, -1,
 295, 294, 305, -1, 321, 328, 320, -1, 321, 324, 328, -1,
 328, 324, 326, -1, 328, 326, 333, -1, 305, 321, 295, -1,
 295, 321, 320, -1, 295, 320, 296, -1, 296, 320, 315, -1,
 296, 315, 297, -1, 338, 340, 341, -1, 333, 326, 341, -1,
 341, 326, 337, -1, 341, 337, 338, -1, 388, 398, 340, -1,
 340, 398, 352, -1, 340, 352, 341, -1, 388, 394, 398, -1,
 398, 394, 400, -1, 398, 400, 417, -1, 417, 400, 468, -1,
 400, 436, 468, -1, 468, 436, 456, -1, 468, 456, 469, -1,
 469, 456, 471, -1, 469, 471, 546, -1, 546, 471, 535, -1,
 546, 535, 570, -1, 756, 758, 748, -1, 748, 758, 712, -1,
 535, 571, 570, -1, 570, 571, 659, -1, 570, 659, 665, -1,
 665, 659, 683, -1, 665, 683, 687, -1, 687, 683, 696, -1,
 687, 696, 712, -1, 712, 696, 739, -1, 712, 739, 748, -1,
 756, 768, 758, -1, 758, 768, 809, -1, 758, 809, 764, -1,
 764, 809, 816, -1, 764, 816, 815, -1, 815, 816, 819, -1,
 830, 823, 832, -1, 832, 823, 818, -1, 832, 818, 829, -1,
 829, 818, 815, -1, 829, 815, 825, -1, 825, 815, 819, -1,
 860, 842, 861, -1, 861, 842, 834, -1, 861, 834, 830, -1,
 883, 864, 860, -1, 860, 864, 859, -1, 860, 859, 842, -1,
 906, 886, 883, -1, 883, 886, 881, -1, 883, 881, 864, -1,
 871, 877, 880, -1, 880, 877, 888, -1, 880, 888, 893, -1,
 893, 888, 896, -1, 893, 896, 907, -1, 907, 896, 905, -1,
 907, 905, 919, -1, 919, 905, 910, -1, 919, 910, 906, -1,
 906, 910, 900, -1, 906, 900, 886, -1, 865, 862, 868, -1,
 868, 862, 866, -1, 868, 866, 875, -1, 875, 866, 884, -1,
 865, 856, 862, -1, 862, 856, 852, -1, 862, 852, 849, -1,
 908, 902, 904, -1, 904, 902, 894, -1, 904, 894, 884, -1,
 884, 894, 889, -1, 884, 889, 875, -1, 936, 935, 931, -1,
 931, 935, 934, -1, 931, 934, 927, -1, 926, 933, 919, -1,
 919, 933, 937, -1, 919, 937, 907, -1, 907, 937, 936, -1,
 907, 936, 893, -1, 912, 921, 906, -1, 906, 921, 923, -1,
 906, 923, 919, -1, 919, 923, 925, -1, 919, 925, 926, -1,
 912, 906, 911, -1, 911, 906, 883, -1, 911, 883, 909, -1,
 867, 869, 861, -1, 861, 869, 879, -1, 861, 879, 860, -1,
 860, 879, 892, -1, 860, 892, 883, -1, 883, 892, 895, -1,
 883, 895, 909, -1, 832, 837, 830, -1, 830, 837, 847, -1,
 830, 847, 861, -1, 861, 847, 863, -1, 861, 863, 867, -1,
 286, 288, 276, -1, 276, 288, 295, -1, 276, 295, 264, -1,
 264, 295, 296, -1, 264, 296, 261, -1, 261, 296, 271, -1,
 261, 271, 260, -1, 260, 271, 246, -1, 244, 246, 251, -1,
 251, 246, 271, -1, 251, 271, 275, -1, 275, 271, 291, -1,
 225, 231, 237, -1, 237, 231, 232, -1, 237, 232, 251, -1,
 251, 232, 233, -1, 251, 233, 244, -1, 244, 233, 234, -1,
 225, 237, 224, -1, 224, 237, 249, -1, 224, 249, 223, -1,
 223, 249, 253, -1, 223, 253, 222, -1, 222, 253, 239, -1,
 222, 239, 221, -1, 221, 239, 238, -1, 221, 238, 226, -1,
 281, 265, 270, -1, 270, 265, 262, -1, 270, 262, 253, -1,
 253, 262, 248, -1, 253, 248, 239, -1, 252, 266, 249, -1,
 249, 266, 263, -1, 249, 263, 253, -1, 253, 263, 277, -1,
 253, 277, 270, -1, 270, 277, 282, -1, 270, 282, 281, -1,
 281, 282, 290, -1, 281, 290, 289, -1, 289, 290, 293, -1,
 289, 293, 292, -1, 292, 293, 304, -1, 292, 304, 300, -1,
 927, 918, 931, -1, 931, 918, 917, -1, 931, 917, 936, -1,
 936, 917, 904, -1, 936, 904, 893, -1, 893, 904, 884, -1,
 893, 884, 880, -1, 880, 884, 866, -1, 880, 866, 871, -1,
 1114, 1115, 1118, -1, 1137, 1136, 1118, -1, 1118, 1136, 1135, -1,
 1118, 1153, 1156, -1, 1145, 1144, 1118, -1, 1118, 1144, 1143, -1,
 1118, 1143, 1142, -1, 1151, 1153, 1138, -1, 1138, 1153, 1118, -1,
 1138, 1118, 1132, -1, 1132, 1118, 1120, -1, 1139, 1137, 1140, -1,
 1140, 1137, 1118, -1, 1140, 1118, 1141, -1, 1141, 1118, 1142, -1,
 1135, 1134, 1118, -1, 1118, 1134, 1133, -1, 1118, 1133, 1131, -1,
 1128, 1118, 1129, -1, 1129, 1118, 1131, -1, 1129, 1131, 1130, -1,
 1118, 1124, 1123, -1, 1156, 1158, 1118, -1, 1118, 1158, 1159, -1,
 1118, 1159, 1157, -1, 1125, 1124, 1126, -1, 1126, 1124, 1118, -1,
 1126, 1118, 1127, -1, 1127, 1118, 1128, -1, 1123, 1122, 1118, -1,
 1118, 1122, 1121, -1, 1118, 1121, 1119, -1, 1157, 1155, 1118, -1,
 1118, 1155, 1154, -1, 1118, 1154, 1152, -1, 1152, 1150, 1118, -1,
 1118, 1150, 1149, -1, 1118, 1149, 1145, -1, 1148, 1147, 1149, -1,
 1149, 1147, 1146, -1, 1149, 1146, 1145, -1, 1112, 1114, 1113, -1,
 1113, 1114, 1118, -1, 1113, 1118, 1116, -1, 1116, 1118, 1119, -1,
 1116, 1119, 1117, -1, 1050, 872, 1051, -1, 1051, 872, 873, -1,
 1051, 873, 874, -1, 1058, 1056, 915, -1, 915, 1056, 1055, -1,
 1055, 1054, 915, -1, 915, 1054, 1053, -1, 915, 1053, 891, -1,
 891, 1053, 1051, -1, 891, 1051, 882, -1, 882, 1051, 874, -1,
 1153, 1151, 1111, -1, 915, 924, 1058, -1, 1058, 924, 949, -1,
 1058, 949, 1105, -1, 1105, 949, 954, -1, 1105, 954, 1107, -1,
 1106, 953, 951, -1, 951, 948, 1106, -1, 1106, 948, 928, -1,
 1106, 928, 1057, -1, 1057, 928, 916, -1, 1057, 916, 1047, -1,
 1108, 1109, 1118, -1, 1118, 1109, 1110, -1, 1118, 1110, 1120, -1,
 872, 1050, 878, -1, 878, 1050, 1048, -1, 1047, 916, 1048, -1,
 1048, 916, 897, -1, 1048, 897, 878, -1, 1106, 1108, 953, -1,
 953, 1108, 1118, -1, 953, 1118, 964, -1, 964, 1118, 1115, -1,
 964, 1115, 965, -1, 965, 1115, 1114, -1, 965, 1114, 970, -1,
 970, 1114, 1112, -1, 970, 1112, 977, -1, 977, 1112, 1113, -1,
 977, 1113, 980, -1, 980, 1113, 985, -1, 985, 1113, 1116, -1,
 985, 1116, 987, -1, 987, 1116, 1117, -1, 987, 1117, 991, -1,
 991, 1117, 1119, -1, 991, 1119, 994, -1, 994, 1119, 1121, -1,
 994, 1121, 997, -1, 997, 1121, 1122, -1, 997, 1122, 999, -1,
 1123, 1004, 1122, -1, 1122, 1004, 1001, -1, 1122, 1001, 999, -1,
 1125, 1126, 1012, -1, 1125, 1012, 1124, -1, 1012, 1010, 1124, -1,
 1124, 1010, 1009, -1, 1124, 1009, 1123, -1, 1123, 1009, 1005, -1,
 1123, 1005, 1004, -1, 1127, 1128, 1017, -1, 1127, 1017, 1126, -1,
 1126, 1017, 1015, -1, 1126, 1015, 1012, -1, 1026, 1024, 1129, -1,
 1129, 1024, 1021, -1, 1129, 1021, 1128, -1, 1128, 1021, 1020, -1,
 1128, 1020, 1017, -1, 1129, 1130, 1026, -1, 1026, 1130, 1131, -1,
 1026, 1131, 1028, -1, 1028, 1131, 1030, -1, 1131, 1133, 1030, -1,
 1030, 1133, 1134, -1, 1030, 1134, 1032, -1, 1032, 1134, 1033, -1,
 1134, 1135, 1033, -1, 1033, 1135, 1136, -1, 1033, 1136, 1034, -1,
 1034, 1136, 1031, -1, 1031, 1136, 1029, -1, 1029, 1136, 1137, -1,
 1029, 1137, 1027, -1, 1019, 1023, 1140, -1, 1137, 1139, 1027, -1,
 1027, 1139, 1140, -1, 1027, 1140, 1025, -1, 1025, 1140, 1023, -1,
 1140, 1141, 1019, -1, 1019, 1141, 1142, -1, 1019, 1142, 1018, -1,
 1142, 1143, 1018, -1, 1018, 1143, 1144, -1, 1018, 1144, 1016, -1,
 1016, 1144, 1014, -1, 1014, 1144, 1011, -1, 1011, 1144, 1145, -1,
 1011, 1145, 1008, -1, 1145, 1146, 1008, -1, 1008, 1146, 1147, -1,
 1008, 1147, 1007, -1, 1007, 1147, 1148, -1, 1007, 1148, 1006, -1,
 1006, 1148, 1002, -1, 1002, 1148, 1149, -1, 1002, 1149, 1000, -1,
 1000, 1149, 1150, -1, 1000, 1150, 996, -1, 996, 1150, 992, -1,
 992, 1150, 1152, -1, 992, 1152, 988, -1, 988, 1152, 1154, -1,
 988, 1154, 986, -1, 986, 1154, 1155, -1, 986, 1155, 982, -1,
 982, 1155, 1157, -1, 982, 1157, 981, -1, 981, 1157, 979, -1,
 979, 1157, 1159, -1, 979, 1159, 968, -1, 968, 1159, 1158, -1,
 968, 1158, 966, -1, 966, 1158, 1156, -1, 966, 1156, 957, -1,
 957, 1156, 1153, -1, 957, 1153, 954, -1, 954, 1153, 1111, -1,
 954, 1111, 1107, -1, 1049, 1052, 1132, -1, 1132, 1052, 1138, -1,
 1048, 1050, 1051, -1, 1053, 1054, 1051, -1, 1051, 1054, 1052, -1,
 1051, 1052, 1048, -1, 1048, 1052, 1049, -1, 1048, 1049, 1047, -1,
 1052, 1058, 1105, -1, 1056, 1058, 1055, -1, 1055, 1058, 1052, -1,
 1055, 1052, 1054, -1, 1151, 1138, 1111, -1, 1111, 1138, 1052, -1,
 1111, 1052, 1107, -1, 1107, 1052, 1105, -1, 1047, 1049, 1057, -1,
 1057, 1049, 1132, -1, 1057, 1132, 1106, -1, 1106, 1132, 1120, -1,
 1106, 1120, 1108, -1, 1108, 1120, 1110, -1, 1108, 1110, 1109, -1,
 31, 32, 33, -1, 21, 22, 9, -1, 9, 22, 23, -1,
 10, 11, 9, -1, 9, 11, 12, -1, 31, 9, 30, -1,
 30, 9, 28, -1, 30, 28, 29, -1, 31, 33, 9, -1,
 9, 33, 34, -1, 9, 34, 35, -1, 4, 6, 40, -1,
 40, 6, 7, -1, 40, 7, 38, -1, 38, 7, 9, -1,
 38, 9, 37, -1, 37, 9, 35, -1, 37, 35, 36, -1,
 27, 28, 25, -1, 25, 28, 9, -1, 25, 9, 24, -1,
 24, 9, 23, -1, 12, 13, 9, -1, 9, 13, 14, -1,
 9, 14, 15, -1, 19, 21, 18, -1, 18, 21, 9, -1,
 18, 9, 17, -1, 17, 9, 15, -1, 17, 15, 16, -1,
 40, 42, 4, -1, 4, 42, 43, -1, 4, 43, 0, -1,
 0, 43, 44, -1, 0, 44, 1, -1, 1, 44, 46, -1,
 1, 46, 2, -1, 2, 46, 45, -1, 2, 45, 3, -1,
 3, 45, 41, -1, 3, 41, 5, -1, 20, 8, 26, -1,
 26, 8, 5, -1, 26, 5, 39, -1, 39, 5, 41, -1,
 283, 107, 284, -1, 284, 107, 108, -1, 284, 108, 285, -1,
 147, 13, 12, -1, 47, 39, 41, -1, 105, 107, 283, -1,
 283, 274, 105, -1, 105, 274, 243, -1, 105, 243, 104, -1,
 104, 243, 241, -1, 104, 241, 101, -1, 8, 48, 5, -1,
 5, 48, 49, -1, 241, 228, 101, -1, 101, 228, 209, -1,
 101, 209, 52, -1, 52, 209, 204, -1, 52, 204, 50, -1,
 53, 205, 207, -1, 47, 41, 51, -1, 285, 108, 278, -1,
 278, 108, 273, -1, 273, 108, 259, -1, 259, 108, 110, -1,
 259, 110, 240, -1, 240, 110, 111, -1, 240, 111, 103, -1,
 207, 210, 53, -1, 53, 210, 230, -1, 53, 230, 100, -1,
 100, 230, 240, -1, 100, 240, 102, -1, 102, 240, 103, -1,
 53, 51, 205, -1, 205, 51, 41, -1, 205, 41, 195, -1,
 195, 41, 45, -1, 195, 45, 193, -1, 193, 45, 188, -1,
 188, 45, 46, -1, 188, 46, 181, -1, 181, 46, 44, -1,
 181, 44, 178, -1, 178, 44, 43, -1, 178, 43, 172, -1,
 172, 43, 42, -1, 172, 42, 170, -1, 170, 42, 166, -1,
 166, 42, 40, -1, 166, 40, 164, -1, 164, 40, 38, -1,
 164, 38, 161, -1, 161, 38, 37, -1, 161, 37, 159, -1,
 34, 33, 146, -1, 34, 146, 35, -1, 146, 148, 35, -1,
 35, 148, 150, -1, 35, 150, 36, -1, 36, 150, 153, -1,
 36, 153, 37, -1, 37, 153, 157, -1, 37, 157, 159, -1,
 32, 31, 142, -1, 32, 142, 33, -1, 33, 142, 144, -1,
 33, 144, 146, -1, 133, 135, 30, -1, 30, 135, 138, -1,
 30, 138, 31, -1, 31, 138, 139, -1, 31, 139, 142, -1,
 30, 29, 133, -1, 133, 29, 28, -1, 133, 28, 131, -1,
 131, 28, 129, -1, 28, 27, 129, -1, 129, 27, 25, -1,
 129, 25, 127, -1, 127, 25, 126, -1, 130, 128, 23, -1,
 25, 24, 126, -1, 126, 24, 23, -1, 126, 23, 125, -1,
 125, 23, 128, -1, 23, 22, 130, -1, 130, 22, 21, -1,
 130, 21, 132, -1, 21, 19, 132, -1, 132, 19, 18, -1,
 132, 18, 134, -1, 134, 18, 136, -1, 136, 18, 140, -1,
 140, 18, 17, -1, 140, 17, 141, -1, 145, 15, 147, -1,
 147, 15, 14, -1, 147, 14, 13, -1, 17, 16, 141, -1,
 141, 16, 15, -1, 141, 15, 143, -1, 143, 15, 145, -1,
 11, 156, 154, -1, 154, 152, 11, -1, 11, 152, 151, -1,
 11, 151, 12, -1, 12, 151, 149, -1, 12, 149, 147, -1,
 11, 10, 156, -1, 156, 10, 9, -1, 156, 9, 158, -1,
 158, 9, 7, -1, 158, 7, 162, -1, 162, 7, 165, -1,
 165, 7, 169, -1, 169, 7, 6, -1, 169, 6, 171, -1,
 171, 6, 4, -1, 171, 4, 176, -1, 176, 4, 0, -1,
 176, 0, 177, -1, 177, 0, 1, -1, 177, 1, 179, -1,
 179, 1, 2, -1, 179, 2, 190, -1, 190, 2, 192, -1,
 192, 2, 3, -1, 192, 3, 201, -1, 201, 3, 5, -1,
 201, 5, 204, -1, 204, 5, 49, -1, 204, 49, 50, -1,
 109, 106, 26, -1, 26, 106, 20, -1, 109, 105, 106, -1,
 106, 105, 104, -1, 107, 105, 108, -1, 108, 105, 109, -1,
 108, 109, 110, -1, 110, 109, 111, -1, 103, 111, 109, -1,
 102, 103, 100, -1, 100, 103, 109, -1, 100, 109, 53, -1,
 53, 109, 26, -1, 53, 26, 51, -1, 51, 26, 39, -1,
 51, 39, 47, -1, 106, 104, 101, -1, 8, 20, 48, -1,
 48, 20, 106, -1, 48, 106, 49, -1, 49, 106, 101, -1,
 49, 101, 50, -1, 50, 101, 52, -1, 840, 887, 922, -1,
 395, 355, 334, -1, 155, 167, 123, -1, 123, 167, 569, -1,
 194, 197, 183, -1, 183, 197, 569, -1, 183, 569, 173, -1,
 173, 569, 167, -1, 1043, 1044, 1039, -1, 993, 989, 998, -1,
 998, 989, 197, -1, 913, 890, 850, -1, 245, 470, 395, -1,
 334, 325, 307, -1, 168, 569, 175, -1, 175, 569, 196, -1,
 175, 196, 186, -1, 569, 115, 114, -1, 345, 572, 1036, -1,
 1036, 572, 811, -1, 1036, 811, 840, -1, 840, 922, 1036, -1,
 1036, 922, 938, -1, 1036, 938, 946, -1, 1038, 1036, 1039, -1,
 1039, 1036, 990, -1, 913, 850, 943, -1, 674, 569, 685, -1,
 685, 569, 197, -1, 685, 197, 761, -1, 761, 197, 989, -1,
 761, 989, 807, -1, 807, 989, 983, -1, 807, 983, 822, -1,
 822, 983, 971, -1, 822, 971, 835, -1, 835, 971, 963, -1,
 835, 963, 850, -1, 850, 963, 945, -1, 850, 945, 943, -1,
 395, 334, 245, -1, 245, 334, 307, -1, 245, 307, 269, -1,
 213, 196, 215, -1, 215, 196, 569, -1, 215, 569, 245, -1,
 245, 569, 506, -1, 245, 506, 470, -1, 216, 235, 212, -1,
 212, 235, 1036, -1, 212, 1036, 197, -1, 197, 1036, 1022, -1,
 197, 1022, 998, -1, 998, 1022, 1013, -1, 235, 250, 267, -1,
 235, 267, 1036, -1, 1036, 267, 316, -1, 1036, 316, 345, -1,
 976, 990, 962, -1, 962, 990, 1036, -1, 962, 1036, 959, -1,
 959, 1036, 946, -1, 124, 122, 137, -1, 137, 122, 569, -1,
 137, 569, 160, -1, 160, 569, 168, -1, 160, 168, 163, -1,
 116, 115, 117, -1, 117, 115, 569, -1, 117, 569, 119, -1,
 119, 569, 122, -1, 121, 123, 120, -1, 120, 123, 569, -1,
 120, 569, 118, -1, 118, 569, 114, -1, 1035, 1043, 1003, -1,
 1003, 1043, 1039, -1, 1003, 1039, 995, -1, 995, 1039, 990, -1,
 1041, 1042, 1040, -1, 1040, 1042, 1043, -1, 1040, 1043, 1037, -1,
 1037, 1043, 1035, -1, 459, 389, 395, -1, 174, 191, 187, -1,
 857, 856, 865, -1, 889, 894, 898, -1, 933, 926, 929, -1,
 895, 892, 903, -1, 324, 321, 318, -1, 226, 238, 236, -1,
 229, 231, 225, -1, 221, 214, 222, -1, 222, 214, 219, -1,
 222, 219, 223, -1, 223, 219, 224, -1, 231, 229, 232, -1,
 217, 234, 229, -1, 229, 234, 233, -1, 229, 233, 232, -1,
 264, 261, 227, -1, 261, 260, 227, -1, 227, 260, 246, -1,
 227, 246, 217, -1, 217, 246, 244, -1, 217, 244, 234, -1,
 288, 286, 254, -1, 254, 286, 276, -1, 318, 321, 280, -1,
 280, 321, 305, -1, 280, 305, 294, -1, 326, 314, 337, -1,
 337, 314, 336, -1, 389, 340, 336, -1, 336, 340, 338, -1,
 336, 338, 337, -1, 400, 394, 389, -1, 389, 394, 388, -1,
 389, 388, 340, -1, 571, 535, 577, -1, 577, 535, 471, -1,
 577, 471, 459, -1, 459, 471, 456, -1, 459, 456, 389, -1,
 389, 456, 436, -1, 389, 436, 400, -1, 571, 577, 659, -1,
 659, 577, 695, -1, 659, 695, 683, -1, 756, 748, 767, -1,
 767, 748, 739, -1, 767, 739, 695, -1, 695, 739, 696, -1,
 695, 696, 683, -1, 820, 809, 767, -1, 767, 809, 768, -1,
 767, 768, 756, -1, 832, 829, 839, -1, 829, 825, 839, -1,
 839, 825, 819, -1, 839, 819, 820, -1, 820, 819, 816, -1,
 820, 816, 809, -1, 879, 869, 876, -1, 876, 869, 867, -1,
 867, 863, 876, -1, 876, 863, 847, -1, 876, 847, 839, -1,
 839, 847, 837, -1, 839, 837, 832, -1, 942, 912, 932, -1,
 932, 912, 911, -1, 932, 911, 909, -1, 926, 925, 929, -1,
 929, 925, 923, -1, 929, 923, 942, -1, 942, 923, 921, -1,
 942, 921, 912, -1, 935, 936, 940, -1, 940, 936, 937, -1,
 935, 940, 934, -1, 934, 940, 944, -1, 934, 944, 927, -1,
 927, 944, 920, -1, 927, 920, 918, -1, 894, 902, 898, -1,
 898, 902, 908, -1, 898, 908, 920, -1, 920, 908, 917, -1,
 920, 917, 918, -1, 889, 899, 875, -1, 875, 899, 870, -1,
 875, 870, 868, -1, 868, 870, 865, -1, 865, 870, 858, -1,
 865, 858, 857, -1, 292, 300, 299, -1, 299, 298, 292, -1,
 292, 298, 287, -1, 292, 287, 289, -1, 289, 287, 281, -1,
 281, 287, 257, -1, 281, 257, 265, -1, 262, 258, 248, -1,
 248, 258, 236, -1, 248, 236, 239, -1, 239, 236, 238, -1,
 257, 211, 214, -1, 262, 265, 258, -1, 258, 265, 257, -1,
 258, 257, 236, -1, 236, 257, 214, -1, 236, 214, 226, -1,
 226, 214, 221, -1, 889, 898, 899, -1, 899, 898, 920, -1,
 899, 920, 930, -1, 930, 920, 944, -1, 930, 944, 947, -1,
 807, 820, 761, -1, 761, 820, 767, -1, 761, 767, 685, -1,
 685, 767, 695, -1, 822, 835, 843, -1, 845, 850, 901, -1,
 901, 850, 890, -1, 913, 943, 939, -1, 945, 963, 952, -1,
 952, 963, 971, -1, 952, 971, 969, -1, 983, 989, 974, -1,
 993, 998, 984, -1, 984, 998, 1013, -1, 984, 1013, 1022, -1,
 1039, 975, 1038, -1, 1038, 975, 973, -1, 1038, 973, 1036, -1,
 1036, 973, 1022, -1, 971, 983, 969, -1, 969, 983, 974, -1,
 969, 974, 961, -1, 961, 974, 967, -1, 961, 967, 955, -1,
 892, 879, 903, -1, 903, 879, 876, -1, 903, 876, 885, -1,
 885, 876, 839, -1, 885, 839, 843, -1, 843, 839, 820, -1,
 843, 820, 822, -1, 822, 820, 807, -1, 909, 895, 932, -1,
 932, 895, 903, -1, 932, 903, 914, -1, 914, 903, 885, -1,
 914, 885, 901, -1, 901, 885, 843, -1, 901, 843, 845, -1,
 845, 843, 835, -1, 845, 835, 850, -1, 955, 967, 958, -1,
 958, 967, 972, -1, 958, 972, 960, -1, 890, 913, 901, -1,
 901, 913, 939, -1, 901, 939, 914, -1, 914, 939, 941, -1,
 914, 941, 932, -1, 932, 941, 956, -1, 932, 956, 942, -1,
 942, 956, 950, -1, 942, 950, 929, -1, 929, 950, 940, -1,
 929, 940, 933, -1, 933, 940, 937, -1, 116, 117, 182, -1,
 182, 117, 119, -1, 182, 119, 185, -1, 196, 206, 186, -1,
 186, 206, 189, -1, 186, 189, 175, -1, 175, 189, 168, -1,
 119, 122, 185, -1, 185, 122, 124, -1, 185, 124, 187, -1,
 187, 124, 137, -1, 187, 137, 174, -1, 174, 137, 160, -1,
 174, 160, 163, -1, 215, 245, 255, -1, 255, 245, 269, -1,
 255, 269, 312, -1, 312, 269, 307, -1, 312, 307, 325, -1,
 213, 215, 220, -1, 220, 215, 255, -1, 220, 255, 268, -1,
 268, 255, 312, -1, 268, 312, 314, -1, 314, 312, 325, -1,
 314, 325, 336, -1, 336, 325, 334, -1, 336, 334, 389, -1,
 389, 334, 355, -1, 389, 355, 395, -1, 191, 203, 187, -1,
 187, 203, 200, -1, 187, 200, 185, -1, 185, 200, 199, -1,
 185, 199, 182, -1, 182, 199, 180, -1, 182, 180, 116, -1,
 276, 264, 254, -1, 254, 264, 227, -1, 254, 227, 218, -1,
 218, 227, 217, -1, 218, 217, 202, -1, 184, 202, 198, -1,
 198, 202, 217, -1, 198, 217, 208, -1, 208, 217, 229, -1,
 208, 229, 219, -1, 219, 229, 225, -1, 219, 225, 224, -1,
 163, 184, 174, -1, 174, 184, 198, -1, 174, 198, 191, -1,
 191, 198, 208, -1, 191, 208, 203, -1, 203, 208, 219, -1,
 203, 219, 200, -1, 200, 219, 214, -1, 200, 214, 199, -1,
 199, 214, 211, -1, 199, 211, 180, -1, 163, 168, 184, -1,
 184, 168, 189, -1, 184, 189, 202, -1, 202, 189, 206, -1,
 202, 206, 218, -1, 218, 206, 242, -1, 218, 242, 254, -1,
 254, 242, 280, -1, 254, 280, 288, -1, 288, 280, 294, -1,
 196, 213, 206, -1, 206, 213, 220, -1, 206, 220, 242, -1,
 242, 220, 268, -1, 242, 268, 280, -1, 280, 268, 314, -1,
 280, 314, 318, -1, 318, 314, 326, -1, 318, 326, 324, -1,
 395, 470, 459, -1, 459, 470, 506, -1, 459, 506, 577, -1,
 577, 506, 569, -1, 577, 569, 695, -1, 695, 569, 674, -1,
 695, 674, 685, -1, 989, 993, 974, -1, 974, 993, 984, -1,
 974, 984, 967, -1, 967, 984, 1022, -1, 967, 1022, 972, -1,
 972, 1022, 973, -1, 972, 973, 960, -1, 960, 973, 975, -1,
 943, 945, 939, -1, 939, 945, 952, -1, 939, 952, 941, -1,
 941, 952, 969, -1, 941, 969, 956, -1, 956, 969, 961, -1,
 956, 961, 950, -1, 950, 961, 955, -1, 950, 955, 940, -1,
 940, 955, 958, -1, 940, 958, 944, -1, 944, 958, 960, -1,
 944, 960, 947, -1, 947, 960, 975, -1, 947, 975, 978, -1,
 978, 975, 1039, -1, 978, 1039, 1044, -1, 722, 848, 841, -1,
 848, 722, 849, -1, 849, 722, 709, -1, 849, 709, 668, -1,
 575, 522, 849, -1, 849, 522, 495, -1, 308, 849, 309, -1,
 309, 849, 330, -1, 309, 330, 310, -1, 330, 327, 310, -1,
 310, 327, 322, -1, 310, 322, 317, -1, 578, 575, 632, -1,
 632, 575, 849, -1, 632, 849, 654, -1, 654, 849, 668, -1,
 414, 407, 849, -1, 849, 407, 402, -1, 849, 402, 354, -1,
 841, 836, 722, -1, 722, 836, 831, -1, 722, 831, 827, -1,
 432, 414, 438, -1, 438, 414, 849, -1, 438, 849, 487, -1,
 487, 849, 495, -1, 332, 330, 339, -1, 339, 330, 849, -1,
 339, 849, 342, -1, 342, 849, 354, -1, 342, 354, 351, -1,
 801, 754, 802, -1, 802, 754, 817, -1, 802, 817, 814, -1,
 827, 824, 722, -1, 722, 824, 817, -1, 722, 817, 741, -1,
 741, 817, 754, -1, 741, 754, 747, -1, 849, 308, 862, -1,
 862, 308, 293, -1, 862, 293, 866, -1, 866, 293, 290, -1,
 866, 290, 871, -1, 871, 290, 282, -1, 871, 282, 877, -1,
 877, 282, 279, -1, 877, 279, 888, -1, 888, 279, 266, -1,
 247, 910, 252, -1, 252, 910, 905, -1, 252, 905, 266, -1,
 266, 905, 896, -1, 266, 896, 888, -1, 341, 352, 398, -1,
 469, 546, 570, -1, 910, 328, 333, -1, 468, 842, 859, -1,
 687, 712, 758, -1, 333, 341, 910, -1, 910, 341, 398, -1,
 910, 398, 900, -1, 900, 398, 417, -1, 900, 417, 886, -1,
 886, 417, 468, -1, 886, 468, 881, -1, 881, 468, 859, -1,
 881, 859, 864, -1, 247, 256, 910, -1, 910, 256, 272, -1,
 910, 272, 275, -1, 320, 328, 315, -1, 315, 328, 910, -1,
 315, 910, 297, -1, 297, 910, 275, -1, 297, 275, 291, -1,
 834, 842, 830, -1, 830, 842, 468, -1, 830, 468, 823, -1,
 823, 468, 815, -1, 823, 815, 818, -1, 570, 665, 469, -1,
 469, 665, 687, -1, 469, 687, 468, -1, 468, 687, 758, -1,
 468, 758, 815, -1, 815, 758, 764, -1, 1093, 1092, 1091, -1,
 1091, 1066, 1093, -1, 1093, 1066, 1095, -1, 1093, 1095, 1094, -1,
 1082, 1081, 1066, -1, 1066, 1081, 1080, -1, 1075, 1074, 1066, -1,
 1066, 1074, 1073, -1, 1091, 1090, 1066, -1, 1066, 1090, 1088, -1,
 1066, 1088, 1087, -1, 1083, 1082, 1084, -1, 1084, 1082, 1066, -1,
 1084, 1066, 1085, -1, 1085, 1066, 1087, -1, 1085, 1087, 1086, -1,
 1077, 1075, 1078, -1, 1078, 1075, 1066, -1, 1078, 1066, 1079, -1,
 1079, 1066, 1080, -1, 1068, 1067, 1069, -1, 1069, 1067, 1066, -1,
 1060, 1103, 1059, -1, 1059, 1103, 1102, -1, 1059, 1102, 1061, -1,
 1089, 1104, 1076, -1, 1076, 1104, 1103, -1, 1076, 1103, 1063, -1,
 1063, 1103, 1060, -1, 1096, 1095, 1097, -1, 1097, 1095, 1066, -1,
 1097, 1066, 1098, -1, 1098, 1066, 1065, -1, 1070, 1069, 1071, -1,
 1071, 1069, 1066, -1, 1071, 1066, 1072, -1, 1072, 1066, 1073, -1,
 1061, 1102, 1062, -1, 1062, 1102, 1101, -1, 1062, 1101, 1064, -1,
 1064, 1101, 1100, -1, 1064, 1100, 1065, -1, 1065, 1100, 1099, -1,
 1065, 1099, 1098, -1, 742, 735, 1045, -1, 1061, 744, 1059, -1,
 1059, 744, 742, -1, 1059, 742, 1060, -1, 1060, 742, 1045, -1,
 1060, 1045, 1063, -1, 1064, 752, 1062, -1, 1062, 752, 751, -1,
 1062, 751, 1061, -1, 1061, 751, 745, -1, 1061, 745, 744, -1,
 1067, 765, 1066, -1, 1066, 765, 763, -1, 1066, 763, 1065, -1,
 1065, 763, 759, -1, 1065, 759, 1064, -1, 1064, 759, 755, -1,
 1064, 755, 752, -1, 1068, 772, 1067, -1, 1067, 772, 771, -1,
 1067, 771, 765, -1, 1083, 795, 1082, -1, 1082, 795, 798, -1,
 798, 800, 1082, -1, 1082, 800, 799, -1, 1082, 799, 1081, -1,
 1081, 799, 797, -1, 1081, 797, 1080, -1, 1080, 797, 796, -1,
 1080, 796, 1079, -1, 1079, 796, 794, -1, 1079, 794, 1078, -1,
 1078, 794, 791, -1, 1078, 791, 1077, -1, 1077, 791, 789, -1,
 1077, 789, 1075, -1, 1075, 789, 788, -1, 1075, 788, 1074, -1,
 1074, 788, 786, -1, 1074, 786, 1073, -1, 1073, 786, 783, -1,
 1073, 783, 1072, -1, 1072, 783, 781, -1, 1072, 781, 1071, -1,
 1071, 781, 780, -1, 1071, 780, 1070, -1, 1070, 780, 778, -1,
 1070, 778, 1069, -1, 1069, 778, 776, -1, 1069, 776, 1068, -1,
 1068, 776, 774, -1, 1068, 774, 772, -1, 1083, 1084, 795, -1,
 795, 1084, 1085, -1, 795, 1085, 793, -1, 793, 1085, 1086, -1,
 793, 1086, 792, -1, 792, 1086, 1087, -1, 792, 1087, 790, -1,
 790, 1087, 1088, -1, 790, 1088, 787, -1, 787, 1088, 1090, -1,
 787, 1090, 785, -1, 785, 1090, 1091, -1, 785, 1091, 784, -1,
 784, 1091, 782, -1, 782, 1091, 1092, -1, 782, 1092, 779, -1,
 779, 1092, 1093, -1, 779, 1093, 777, -1, 770, 773, 1095, -1,
 1093, 1094, 777, -1, 777, 1094, 1095, -1, 777, 1095, 775, -1,
 775, 1095, 773, -1, 1095, 1096, 770, -1, 770, 1096, 1097, -1,
 770, 1097, 769, -1, 769, 1097, 1098, -1, 769, 1098, 766, -1,
 766, 1098, 1099, -1, 766, 1099, 762, -1, 762, 1099, 1100, -1,
 750, 753, 1100, -1, 753, 757, 1100, -1, 1100, 757, 760, -1,
 1100, 760, 762, -1, 1100, 1101, 750, -1, 750, 1101, 1102, -1,
 750, 1102, 749, -1, 749, 1102, 1103, -1, 749, 1103, 746, -1,
 746, 1103, 743, -1, 1046, 736, 737, -1, 1103, 1104, 743, -1,
 743, 1104, 1046, -1, 743, 1046, 738, -1, 738, 1046, 737, -1,
 735, 733, 1045, -1, 1045, 733, 1076, -1, 1045, 1076, 1063, -1,
 1104, 1089, 1046, -1, 1046, 1089, 734, -1, 1046, 734, 736, -1,
 1089, 1076, 734, -1, 734, 1076, 733, -1, 420, 422, 112, -1,
 112, 422, 84, -1, 112, 84, 99, -1, 58, 71, 113, -1,
 113, 71, 421, -1, 113, 421, 419, -1, 54, 55, 412, -1,
 112, 99, 98, -1, 420, 112, 413, -1, 413, 112, 98, -1,
 413, 98, 411, -1, 411, 98, 97, -1, 411, 97, 410, -1,
 410, 97, 405, -1, 405, 97, 96, -1, 405, 96, 404, -1,
 404, 96, 95, -1, 404, 95, 401, -1, 385, 391, 94, -1,
 94, 391, 392, -1, 94, 392, 95, -1, 95, 392, 397, -1,
 95, 397, 401, -1, 94, 93, 385, -1, 385, 93, 92, -1,
 385, 92, 384, -1, 384, 92, 91, -1, 384, 91, 382, -1,
 382, 91, 380, -1, 380, 91, 90, -1, 380, 90, 378, -1,
 378, 90, 89, -1, 378, 89, 376, -1, 376, 89, 88, -1,
 376, 88, 375, -1, 375, 88, 87, -1, 375, 87, 373, -1,
 373, 87, 86, -1, 373, 86, 370, -1, 370, 86, 85, -1,
 370, 85, 368, -1, 368, 85, 367, -1, 367, 85, 83, -1,
 367, 83, 366, -1, 366, 83, 82, -1, 366, 82, 362, -1,
 362, 82, 81, -1, 362, 81, 360, -1, 360, 81, 80, -1,
 360, 80, 359, -1, 359, 80, 79, -1, 359, 79, 357, -1,
 361, 358, 77, -1, 79, 78, 357, -1, 357, 78, 77, -1,
 357, 77, 356, -1, 356, 77, 358, -1, 77, 76, 361, -1,
 361, 76, 75, -1, 361, 75, 363, -1, 363, 75, 74, -1,
 363, 74, 364, -1, 364, 74, 73, -1, 364, 73, 365, -1,
 365, 73, 72, -1, 365, 72, 369, -1, 369, 72, 70, -1,
 369, 70, 371, -1, 371, 70, 69, -1, 371, 69, 372, -1,
 372, 69, 68, -1, 372, 68, 374, -1, 374, 68, 67, -1,
 374, 67, 377, -1, 377, 67, 66, -1, 377, 66, 379, -1,
 386, 383, 64, -1, 66, 65, 379, -1, 379, 65, 64, -1,
 379, 64, 381, -1, 381, 64, 383, -1, 64, 63, 386, -1,
 386, 63, 62, -1, 386, 62, 387, -1, 387, 62, 61, -1,
 406, 403, 59, -1, 403, 399, 59, -1, 59, 399, 396, -1,
 59, 396, 60, -1, 60, 396, 393, -1, 60, 393, 61, -1,
 61, 393, 390, -1, 61, 390, 387, -1, 59, 57, 406, -1,
 406, 57, 56, -1, 406, 56, 408, -1, 408, 56, 54, -1,
 408, 54, 409, -1, 409, 54, 412, -1, 113, 419, 418, -1,
 55, 58, 412, -1, 412, 58, 113, -1, 412, 113, 416, -1,
 416, 113, 418, -1, 68, 69, 70, -1, 86, 87, 61, -1,
 61, 87, 88, -1, 66, 67, 68, -1, 86, 61, 85, -1,
 85, 61, 82, -1, 85, 82, 83, -1, 68, 61, 62, -1,
 68, 70, 61, -1, 61, 70, 72, -1, 61, 72, 73, -1,
 81, 82, 80, -1, 80, 82, 61, -1, 80, 61, 79, -1,
 79, 61, 77, -1, 79, 77, 78, -1, 88, 89, 61, -1,
 61, 89, 90, -1, 61, 90, 91, -1, 76, 77, 75, -1,
 75, 77, 61, -1, 75, 61, 74, -1, 74, 61, 73, -1,
 65, 66, 64, -1, 64, 66, 68, -1, 64, 68, 63, -1,
 63, 68, 62, -1, 99, 84, 98, -1, 98, 84, 71, -1,
 91, 92, 61, -1, 61, 92, 93, -1, 61, 93, 60, -1,
 60, 93, 94, -1, 60, 94, 59, -1, 59, 94, 95, -1,
 59, 95, 57, -1, 57, 95, 96, -1, 57, 96, 56, -1,
 56, 96, 97, -1, 56, 97, 54, -1, 54, 97, 98, -1,
 54, 98, 55, -1, 55, 98, 71, -1, 55, 71, 58, -1,
 71, 84, 421, -1, 421, 84, 422, -1, 435, 439, 465, -1,
 466, 465, 473, -1, 473, 465, 439, -1, 473, 439, 474, -1,
 439, 454, 558, -1, 558, 454, 467, -1, 558, 467, 481, -1,
 503, 559, 502, -1, 502, 559, 558, -1, 502, 558, 498, -1,
 498, 558, 481, -1, 498, 481, 485, -1, 478, 474, 491, -1,
 491, 474, 439, -1, 491, 439, 514, -1, 514, 439, 558, -1,
 514, 558, 518, -1, 426, 427, 435, -1, 435, 427, 428, -1,
 435, 428, 429, -1, 465, 460, 424, -1, 424, 460, 457, -1,
 433, 424, 434, -1, 434, 424, 443, -1, 434, 443, 437, -1,
 465, 424, 435, -1, 435, 424, 425, -1, 435, 425, 426, -1,
 448, 443, 449, -1, 449, 443, 424, -1, 449, 424, 451, -1,
 451, 424, 457, -1, 433, 431, 424, -1, 424, 431, 430, -1,
 424, 430, 423, -1, 718, 593, 699, -1, 699, 593, 594, -1,
 594, 651, 672, -1, 672, 675, 594, -1, 594, 675, 688, -1,
 594, 688, 699, -1, 731, 730, 593, -1, 680, 663, 682, -1,
 682, 663, 640, -1, 682, 640, 593, -1, 715, 707, 721, -1,
 721, 707, 593, -1, 721, 593, 725, -1, 725, 593, 726, -1,
 707, 706, 593, -1, 593, 706, 703, -1, 593, 703, 700, -1,
 732, 731, 724, -1, 724, 731, 593, -1, 724, 593, 723, -1,
 723, 593, 718, -1, 727, 726, 728, -1, 728, 726, 593, -1,
 728, 593, 729, -1, 729, 593, 730, -1, 689, 682, 690, -1,
 690, 682, 593, -1, 690, 593, 697, -1, 697, 593, 700, -1
]
materialIndex [
 0, 0, 0, 0, 0, 0, 0, 0, 0, 0, 0, 0, 0, 0, 0, 0, 0, 0, 0, 0, 0, 0, 0, 0, 0, 0, 0, 0, 0, 0, 0, 0, 0, 0, 0, 0, 0, 0, 0, 0, 0, 0, 0, 0, 0, 0, 0, 0, 0, 0, 0, 0, 0, 0, 0, 0, 0, 0, 0, 0, 0, 0, 0, 0, 0, 0, 0, 0, 0, 0, 0, 0, 0, 0, 0, 0, 0, 0, 0, 0, 0, 0, 0, 0, 0, 0, 0, 0, 0, 0, 0, 0, 0, 0, 0, 0, 0, 0, 0, 0, 0, 0, 0, 0, 0, 0, 0, 0, 0, 0, 0, 0, 0, 0, 0, 0, 0, 0, 0, 0, 0, 0, 0, 0, 0, 0, 0, 0, 0, 0, 0, 0, 0, 0, 0, 0, 0, 0, 0, 0, 0, 0, 0, 0, 0, 0, 0, 0, 0, 0, 0, 0, 0, 0, 0, 0, 0, 0, 0, 0, 0, 0, 0, 0, 0, 0, 0, 0, 0, 0, 0, 0, 0, 0, 0, 0, 0, 0, 0, 0, 0, 0, 0, 0, 0, 0, 0, 0, 0, 0, 0, 0, 0, 0, 0, 0, 0, 0, 0, 0, 0, 0, 0, 0, 0, 0, 0, 0, 0, 0, 0, 0, 0, 0, 0, 0, 0, 0, 0, 0, 0, 0, 0, 0, 0, 0, 0, 0, 0, 0, 0, 0, 0, 0, 0, 0, 0, 0, 0, 0, 0, 0, 0, 0, 0, 0, 0, 0, 0, 0, 0, 0, 0, 0, 0, 0, 0, 0, 0, 0, 0, 0, 0, 0, 0, 0, 0, 0, 0, 0, 0, 0, 0, 0, 0, 0, 0, 0, 0, 0, 0, 0, 0, 0, 0, 0, 0, 0, 0, 0, 0, 0, 0, 0, 0, 0, 0, 0, 0, 0, 0, 0, 0, 0, 0, 0, 0, 0, 0, 0, 0, 0, 0, 0, 0, 0, 0, 0, 0, 0, 0, 0, 0, 0, 0, 0, 0, 0, 0, 0, 0, 0, 0, 0, 0, 0, 0, 0, 0, 0, 0, 0, 0, 0, 0, 0, 0, 0, 0, 0, 0, 0, 0, 0, 0, 0, 0, 0, 0, 0, 0, 0, 0, 0, 0, 0, 0, 0, 0, 0, 0, 0, 0, 0, 0, 0, 0, 0, 0, 0, 0, 0, 0, 0, 0, 0, 0, 0, 0, 0, 0, 0, 0, 0, 0, 0, 0, 0, 0, 0, 0, 0, 0, 0, 0, 0, 0, 0, 0, 0, 0, 0, 0, 0, 0, 0, 0, 0, 0, 0, 0, 0, 0, 0, 0, 0, 0, 0, 0, 0, 0, 0, 0, 0, 0, 0, 0, 1, 1, 1, 0, 0, 0, 0, 0, 0, 0, 0, 0, 0, 0, 0, 0, 0, 0, 0, 0, 0, 0, 0, 0, 0, 0, 0, 0, 0, 0, 0, 0, 0, 0, 0, 0, 0, 0, 0, 0, 0, 0, 0, 0, 0, 0, 0, 0, 0, 0, 0, 0, 0, 0, 0, 0, 0, 0, 0, 0, 0, 0, 0, 0, 0, 0, 0, 0, 0, 0, 0, 0, 0, 0, 0, 0, 0, 0, 0, 0, 0, 0, 0, 0, 0, 0, 0, 0, 0, 0, 0, 0, 0, 0, 0, 0, 0, 0, 0, 0, 0, 0, 0, 0, 0, 0, 0, 0, 0, 0, 0, 0, 0, 0, 0, 0, 0, 0, 0, 0, 0, 0, 0, 0, 0, 0, 0, 0, 0, 0, 0, 0, 0, 0, 0, 0, 0,
 0, 0, 0, 0, 0, 0, 0, 0, 0, 0, 0, 0, 0, 0, 0, 0, 0, 0, 0, 0, 0, 0, 0, 0, 0, 0, 0, 0, 0, 0, 0, 0, 0, 0, 0, 0, 0, 0, 0, 0, 0, 0, 0, 0, 0, 0, 0, 0, 0, 0, 0, 0, 0, 0, 0, 0, 0, 0, 0, 0, 0, 0, 0, 0, 0, 0, 0, 0, 0, 0, 0, 0, 0, 0, 0, 0, 0, 0, 0, 0, 0, 0, 0, 0, 0, 0, 0, 0, 0, 0, 0, 0, 0, 0, 0, 0, 0, 0, 0, 0, 0, 0, 0, 0, 0, 0, 0, 0, 0, 0, 0, 0, 0, 0, 0, 0, 0, 0, 0, 0, 0, 0, 0, 0, 0, 0, 0, 0, 0, 0, 0, 0, 0, 0, 0, 0, 0, 0, 0, 0, 0, 0, 0, 0, 0, 0, 0, 0, 0, 0, 0, 0, 0, 0, 0, 0, 0, 0, 0, 0, 0, 0, 0, 0, 0, 0, 0, 0, 0, 0, 0, 0, 0, 0, 0, 0, 0, 0, 0, 0, 0, 0, 0, 0, 0, 0, 0, 0, 0, 0, 0, 0, 0, 0, 0, 0, 0, 0, 0, 0, 0, 0, 0, 0, 0, 0, 0, 0, 0, 0, 0, 0, 0, 0, 0, 0, 0, 0, 0, 0, 0, 0, 0, 0, 0, 0, 0, 0, 0, 0, 0, 0, 0, 0, 0, 0, 0, 0, 0, 0, 0, 0, 0, 0, 0, 0, 0, 0, 0, 0, 0, 0, 0, 0, 0, 0, 0, 0, 0, 0, 0, 0, 0, 0, 0, 0, 0, 0, 0, 0, 0, 0, 0, 0, 0, 0, 0, 0, 0, 0, 0, 0, 0, 0, 0, 0, 0, 0, 0, 0, 0, 0, 0, 0, 0, 0, 0, 0, 0, 0, 0, 0, 0, 0, 0, 0, 0, 0, 0, 0, 0, 0, 0, 0, 0, 0, 0, 0, 0, 0, 0, 0, 0, 0, 0, 0, 0, 0, 0, 0, 0, 0, 0, 0, 0, 0, 0, 0, 0, 0, 0, 0, 0, 0, 0, 0, 0, 0, 0, 0, 0, 0, 0, 0, 0, 0, 0, 0, 0, 0, 0, 0, 0, 0, 0, 0, 0, 0, 0, 0, 0, 0, 0, 0, 0, 0, 0, 0, 0, 0, 0, 0, 0, 0, 0, 0, 0, 0, 0, 0, 0, 0, 0, 0, 0, 0, 0, 0, 0, 0, 0, 0, 0, 0, 0, 0, 0, 0, 0, 0, 0, 0, 0, 0, 0, 0, 0, 0, 0, 0, 0, 0, 0, 0, 0, 0, 0, 0, 0, 0, 0, 0, 0, 0, 0, 0, 0, 0, 0, 0, 0, 0, 0, 0, 0, 0, 0, 0, 0, 0, 0, 0, 0, 0, 0, 0, 0, 0, 0, 0, 0, 0, 0, 0, 0, 0, 0, 0, 0, 0, 0, 0, 0, 0, 0, 0, 0, 0, 0, 0, 0, 0, 0, 0, 0, 0, 0, 0, 0, 0, 0, 0, 0, 0, 0, 0, 0, 0, 0, 0, 0, 0, 0, 0, 0, 0, 0, 0, 0, 0, 0, 0, 0, 0, 0, 0, 0, 0, 0, 0, 0, 0, 0, 0,
 0, 0, 0, 0, 0, 0, 0, 0, 0, 0, 0, 0, 0, 0, 0, 0, 0, 0, 0, 0, 0, 0, 0, 0, 0, 0, 0, 0, 0, 0, 0, 0, 0, 0, 0, 0, 0, 0, 0, 0, 0, 0, 0, 0, 0, 0, 0, 0, 0, 0, 0, 0, 0, 0, 0, 0, 0, 0, 0, 0, 0, 0, 0, 0, 0, 0, 0, 0, 0, 0, 0, 0, 0, 0, 0, 0, 0, 0, 0, 0, 0, 0, 0, 0, 0, 0, 0, 0, 0, 0, 0, 0, 0, 0, 0, 0, 0, 0, 0, 0, 0, 0, 0, 0, 0, 0, 0, 0, 0, 0, 0, 0, 0, 0, 0, 0, 0, 0, 0, 0, 0, 0, 0, 0, 0, 0, 0, 0, 0, 0, 0, 0, 0, 0, 0, 0, 0, 0, 0, 0, 0, 0, 0, 0, 0, 0, 0, 0, 0, 0, 0, 0, 0, 0, 0, 0, 0, 0, 0, 0, 0, 0, 0, 0, 0, 0, 0, 0, 0, 0, 0, 0, 0, 0, 0, 0, 0, 0,
 0, 0, 0, 0, 0, 0, 0, 0, 0, 0, 0, 0, 0, 0, 0, 0,
 0, 0, 0, 0, 0, 0, 0, 0, 0, 0, 0, 0, 0, 0, 0, 0, 0, 0, 0, 0, 0, 0, 0, 0, 0, 0, 0, 0, 0, 0, 0, 0, 0, 0, 0, 0, 0, 0, 0, 0, 0, 0, 0, 0, 0, 0, 0, 0, 0, 0, 0, 0, 0, 0, 0,
 0, 0, 0, 0, 0, 0, 0, 0, 0, 0, 0, 0, 0, 0, 0, 0, 0, 0, 0, 0, 0, 0, 0, 0, 0, 0, 0, 0, 0, 0, 0, 0, 0, 0, 0, 0, 0, 0, 0, 0, 0, 0, 0, 0, 0, 0, 0, 0, 0, 0, 0, 0, 0, 0, 0, 0, 0, 0, 0, 0, 0, 0, 0, 0, 0, 0, 0, 0, 0, 0, 0, 0, 0, 0, 0, 0, 0, 0, 0, 0, 0, 0, 0, 0, 0, 0, 0, 0, 0, 0, 0, 0, 0, 0, 0, 0, 0, 0, 0, 0, 0, 0, 0, 0, 0, 0, 0, 0, 0, 0, 0, 0, 0, 0, 0, 0, 0, 0, 0, 0, 0, 0, 0, 0, 0, 0, 0, 0, 0, 2, 2, 0, 0, 0, 0, 0, 0,
 0, 0, 0, 0, 0, 0, 0, 0, 0, 0, 0, 0, 0, 0, 0, 0, 0, 0, 0, 0, 0, 0, 0, 0, 0, 0, 0, 0, 0, 0, 0, 0, 0, 0, 0, 0, 0, 0, 0, 0, 0, 0, 0, 0, 0, 0, 0, 0, 0, 0, 0, 0, 0, 0, 0, 0, 0, 0, 0, 0, 0, 0, 0, 0, 0, 0, 0, 0, 0, 0, 0, 0, 0, 0, 0, 0, 0, 0, 0, 0, 0, 0, 0, 0, 0, 0, 0, 0, 0, 0, 0, 0, 0, 0, 0, 0, 0, 0,
 0, 0, 0, 0, 0, 0, 0, 0, 0, 0, 0, 0, 0, 0, 0, 0, 0, 0, 0, 0, 0, 0, 0, 0, 0, 0, 0, 0, 0, 0, 0, 0, 0, 0, 0, 0, 0, 0, 0, 0, 0, 0, 0, 0, 0, 0, 0, 0, 0, 0, 0, 0, 0, 0, 0, 0, 0, 0, 0, 0, 0, 0, 0, 0, 0, 0, 0, 0, 0, 0, 0, 0, 0, 0, 0, 0, 0, 0, 0, 0, 0, 0, 0, 0, 0, 0, 0, 0, 0, 0, 0, 0, 0, 0, 0, 0, 0, 0, 0, 0, 0, 0, 0, 0, 0, 0, 0, 0, 0, 0, 0, 0, 0, 0, 0, 0, 0, 0, 0, 0, 0, 0, 0, 0, 0, 0, 0, 0, 0, 0, 0, 0, 0, 0, 0, 0, 0, 0, 0, 0, 0, 0, 0, 0, 0, 0, 0, 0, 0, 0, 0, 0, 0, 0, 0, 0, 0, 0, 0, 0, 0, 0, 0, 0, 0, 0, 0, 0, 0, 0, 0, 0, 0, 0, 0, 0, 0, 0, 0, 0, 0, 0, 0, 0, 0, 0, 0, 0, 0, 0, 0, 0, 0, 0, 0, 0, 0, 0, 0, 0, 0, 0, 0, 0, 0, 0, 0, 0, 0, 0, 0, 0, 0, 0, 0, 0, 0, 0, 0, 0, 0, 0, 0, 0, 0, 0, 0, 0, 0, 0, 0, 0, 0, 0, 0, 0, 0, 0, 0, 0, 0, 0, 0, 0, 0, 0, 0, 0, 0, 0, 0, 0, 0, 0, 0, 0, 0, 0, 0, 0, 0, 0, 0, 0, 0, 0, 0, 0, 0, 0, 0, 0, 0, 0, 0, 0, 0, 0, 0, 0, 0, 0, 0, 0, 0, 0, 0, 0, 0, 0, 0, 0, 0, 0, 0, 0, 0, 0, 0, 0, 0, 0, 0, 0, 0, 0, 0, 0, 0, 0, 0, 0, 0, 0, 0, 0, 0, 0, 0, 0, 0, 0, 0, 0, 0, 0, 0, 0, 0, 0, 0, 0, 0, 0, 0, 0, 0,
 0, 0, 0, 0, 0, 0, 0, 0, 0, 0, 0, 0, 0, 0, 0, 0, 0, 0, 0, 0, 0, 0, 0, 0, 0, 0, 0, 0, 0, 0, 0, 0, 0, 0, 0, 0, 0, 0, 0, 0, 0, 0, 0, 0, 0, 0, 0, 0, 0, 0, 0, 0, 0, 0, 0, 0, 0, 0, 0, 0, 0, 0, 0, 0, 0, 0, 0, 0, 0, 0, 0, 0, 0, 0, 0, 0, 0, 0, 0, 0, 0, 0, 0, 0, 0, 0, 0, 0, 0, 0, 0, 0, 0, 0, 0, 0, 0, 0, 0, 0, 0, 0, 0, 0, 0, 0, 0, 0, 0, 0, 0, 0, 0, 0, 0, 0, 0, 0, 0, 0, 0, 0, 0, 0, 0, 0, 0, 0, 0, 0, 0, 0, 0, 0, 0, 0, 0, 0, 0, 0, 0, 0, 0, 0, 0, 0, 0, 0, 0, 0, 0, 0, 0, 0, 0, 0, 0, 0, 0, 0, 0, 0, 0, 0, 0, 0, 0, 0, 0, 0, 0, 0, 0, 0, 0,
 0, 0, 0, 0, 0, 0, 0, 0,
 0, 0, 0, 0, 0, 0, 0, 0, 0, 0, 0, 0, 0, 0, 0, 0, 0, 0, 0, 0, 0, 0, 0, 0, 0, 0, 0, 0, 0, 0, 0, 0, 0, 0, 0, 0, 0, 0, 0, 0, 0, 0, 0, 0, 0, 0, 0, 0, 0, 0, 0, 0, 0, 0, 0, 0, 0, 0, 0, 0, 0, 0, 0, 0, 0, 0, 0, 0, 0, 0, 0, 0, 0, 0, 0, 0, 0, 0, 0, 0, 0, 0, 0, 0, 0, 0, 0, 0, 0, 0, 0, 0, 0, 0, 0, 0, 0, 0, 0, 0, 0, 0, 0, 0,
 0, 0, 0, 0, 0, 0, 0, 0, 0, 0, 0, 0, 0, 0, 0, 0, 0, 0, 0, 0, 0, 0, 0, 0, 0, 0, 0, 0, 0, 0, 0, 0, 0, 0, 0, 0, 0, 0, 0, 0, 0, 0, 0, 0, 0, 0, 0, 0, 0, 0, 0, 0, 0, 0, 0, 0, 0, 0, 0, 0, 0, 0, 0, 0, 0, 0, 0, 0, 0, 0, 0, 0, 0, 0, 0, 0, 0, 0, 0, 0, 0,
 0, 0, 0, 0, 0, 0, 0, 0, 0, 0, 0, 0, 0, 0, 0, 0, 0, 0, 0, 0, 0, 0, 0, 0, 0, 0, 0, 0, 0,
]
}
}
