    0     0     0     0     0     0  1000  1000  5000     0     0     0    20 1.181000e+02     0     0 
1.000000e-01 1.253889e-03 -4.613255e-03 -2.102530e-04 1.180484e+01 1.115270e-05 9.999287e+02  1000  5000 -1.866743e-02     0 2.617994e-01    20 1.180032e+02 6.786913e-03 1.903104e-04 
2.000000e-01 6.644942e-03 -3.556658e-02 -1.221470e-03 2.360001e+01 2.401709e-04 9.997262e+02  1000  5000 -2.497232e-02     0 2.617994e-01    20 1.179481e+02 -1.204006e-02 1.174601e-03 
3.000000e-01 1.541522e-02 -8.128864e-02 -3.496149e-03 3.538967e+01 1.085192e-03 9.993561e+02  1000  5000 -2.614725e-02     0 2.617994e-01    20 1.179808e+02 -4.131280e-02 2.948686e-03 
4.000000e-01 2.588629e-02 -1.286947e-01 -6.842560e-03 4.717876e+01 2.420819e-03 9.987628e+02  1000  5000 -2.507199e-02     0 2.103871e-01    20 1.181232e+02 -6.753495e-02 5.197872e-03 
5.000000e-01 3.675104e-02 -1.635448e-01 -1.057309e-02 5.897064e+01 3.239737e-03 9.978952e+02  1000  5000 -2.302781e-02     0 1.824076e-01    20 1.183742e+02 -7.806135e-02 7.691175e-03 
6.000000e-01 4.723138e-02 -1.832106e-01 -1.395672e-02 7.076684e+01 2.588266e-03 9.967335e+02  1000  5000 -2.186867e-02     0 1.812919e-01    20 1.187085e+02 -7.347121e-02 1.029221e-02 
7.000000e-01 5.710612e-02 -1.939246e-01 -1.668343e-02 8.256858e+01 4.237158e-04 9.952884e+02  1000  5000 -1.989566e-02     0 1.753693e-01    20 1.191030e+02 -6.171895e-02 1.280773e-02 
8.000000e-01 6.620865e-02 -2.004651e-01 -1.858199e-02 9.437780e+01 -2.454364e-03 9.935825e+02  1000  5000 -1.772997e-02     0 1.608750e-01    20 1.195441e+02 -4.801196e-02 1.497300e-02 
9.000000e-01 7.444729e-02 -2.045257e-01 -1.944266e-02 1.061972e+02 -4.645402e-03 9.916405e+02  1000  5000 -1.561955e-02     0 1.382614e-01    20 1.200233e+02 -3.401137e-02 1.654426e-02 
    1 8.182164e-02 -2.059144e-01 -1.906398e-02 1.180303e+02 -4.225693e-03 9.894870e+02  1000  5000 -1.366115e-02     0 1.152755e-01    20 1.205325e+02 -1.952115e-02 1.737312e-02 
1.100000e+00 8.848059e-02 -2.045158e-01 -1.739383e-02 1.298812e+02 1.371375e-03 9.871478e+02  1000  5000 -1.290747e-02     0 9.504333e-02    20 1.210627e+02 -4.537041e-03 1.743676e-02 
1.200000e+00 9.471649e-02 -2.008391e-01 -1.455587e-02 1.417546e+02 1.540273e-02 9.846504e+02  1000  5000 -1.164981e-02     0 7.704421e-02    20 1.216053e+02 1.036115e-02 1.684291e-02 
1.300000e+00 1.006064e-01 -1.955855e-01 -1.075875e-02 1.536557e+02 4.171861e-02 9.820224e+02  1000  5000 -1.025985e-02     0 6.038085e-02    20 1.221525e+02 2.452365e-02 1.575053e-02 
1.400000e+00 1.061477e-01 -1.892738e-01 -6.246734e-03 1.655896e+02 8.458636e-02 9.792907e+02  1000  5000 -8.872693e-03     0 4.495741e-02    20 1.226983e+02 3.756878e-02 1.433258e-02 
1.500000e+00 1.113256e-01 -1.822072e-01 -1.556853e-03 1.775608e+02 1.485173e-01 9.764805e+02  1000  5000 -7.540301e-03     0 3.109203e-02    20 1.232375e+02 4.936168e-02 1.275899e-02 
1.600000e+00 1.160187e-01 -1.745876e-01 4.511908e-03 1.895737e+02 2.381187e-01 9.736149e+02  1000  5000 -4.857477e-03     0 1.899086e-02    20 1.237658e+02 5.987668e-02 1.116205e-02 
1.700000e+00 1.199592e-01 -1.665932e-01 1.005949e-02 2.016318e+02 3.579319e-01 9.707152e+02  1000  5000 -3.210230e-03     0 8.630116e-03    20 1.242796e+02 6.911788e-02 9.595013e-03 
1.800000e+00 1.232079e-01 -1.583819e-01 1.574882e-02 2.137378e+02 5.122636e-01 9.678005e+02  1000  5000 -2.057810e-03     0 -1.177773e-04    20 1.247760e+02 7.710567e-02 8.121182e-03 
1.900000e+00 1.259108e-01 -1.500800e-01 2.141279e-02 2.258939e+02 7.050824e-01 9.648880e+02  1000  5000 -1.179873e-03     0 -7.379778e-03    20 1.252527e+02 8.388872e-02 6.812260e-03 
    2 1.281809e-01 -1.417837e-01 2.694536e-02 2.381013e+02 9.399662e-01 9.619928e+02  1000  5000 -4.753443e-04     0 -1.326703e-02    20 1.257080e+02 8.954122e-02 5.725932e-03 
2.100000e+00 1.298986e-01 -1.335701e-01 3.229805e-02 2.503605e+02 1.220068e+00 9.591280e+02  1000  5000 2.573302e-03     0 -1.789296e-02    20 1.261405e+02 9.415236e-02 4.855188e-03 
2.200000e+00 1.306578e-01 -1.255193e-01 3.750425e-02 2.626714e+02 1.548032e+00 9.563048e+02  1000  5000 3.882843e-03     0 -2.061856e-02    20 1.265496e+02 9.780817e-02 4.075298e-03 
2.300000e+00 1.306370e-01 -1.177873e-01 4.257091e-02 2.750332e+02 1.925910e+00 9.535330e+02  1000  5000 4.413165e-03     0 -2.255919e-02    20 1.269346e+02 1.004978e-01 3.337813e-03 
2.400000e+00 1.301509e-01 -1.103940e-01 4.748142e-02 2.874446e+02 2.355155e+00 9.508200e+02  1000  5000 4.566373e-03     0 -2.559627e-02    20 1.272958e+02 1.023701e-01 2.662827e-03 
2.500000e+00 1.294365e-01 -1.030856e-01 5.223447e-02 2.999038e+02 2.836743e+00 9.481719e+02  1000  5000 4.533125e-03     0 -2.659211e-02    20 1.276333e+02 1.037755e-01 2.094433e-03 
2.600000e+00 1.284678e-01 -9.592972e-02 5.680183e-02 3.124088e+02 3.371364e+00 9.455937e+02  1000  5000 6.585074e-03     0 -2.635667e-02    20 1.279467e+02 1.047068e-01 1.637318e-03 
2.700000e+00 1.269181e-01 -8.911687e-02 6.120214e-02 3.249572e+02 3.959378e+00 9.430898e+02  1000  5000 7.150138e-03     0 -2.503124e-02    20 1.282364e+02 1.050715e-01 1.199185e-03 
2.800000e+00 1.249555e-01 -8.281262e-02 6.543503e-02 3.375465e+02 4.600717e+00 9.406630e+02  1000  5000 7.087046e-03     0 -2.361542e-02    20 1.285031e+02 1.048044e-01 7.633179e-04 
2.900000e+00 1.228457e-01 -7.696540e-02 6.948938e-02 3.501740e+02 5.294911e+00 9.383148e+02  1000  5000 6.754309e-03     0 -2.361280e-02    20 1.287481e+02 1.040767e-01 3.702691e-04 
    3 1.207717e-01 -7.128132e-02 7.336735e-02 3.628368e+02 6.041227e+00 9.360456e+02  1000  5000 6.318248e-03     0 -2.201188e-02    20 1.289720e+02 1.032232e-01 7.262324e-05 
3.100000e+00 1.186848e-01 -6.580835e-02 7.704660e-02 3.755321e+02 6.838855e+00 9.338554e+02  1000  5000 7.656290e-03     0 -1.960861e-02    20 1.291754e+02 1.022067e-01 -1.190882e-04 
3.200000e+00 1.162845e-01 -6.070901e-02 8.054991e-02 3.882571e+02 7.686852e+00 9.317439e+02  1000  5000 7.810920e-03     0 -1.671084e-02    20 1.293591e+02 1.009147e-01 -2.819703e-04 
3.300000e+00 1.136883e-01 -5.610341e-02 8.388987e-02 4.010091e+02 8.584054e+00 9.297100e+02  1000  5000 7.486608e-03     0 -1.390992e-02    20 1.295241e+02 9.928454e-02 -4.346642e-04 
3.400000e+00 1.110987e-01 -5.192372e-02 8.707075e-02 4.137853e+02 9.529099e+00 9.277518e+02  1000  5000 6.974722e-03     0 -1.234848e-02    20 1.296720e+02 9.745491e-02 -5.519215e-04 
3.500000e+00 1.086518e-01 -4.793353e-02 9.010191e-02 4.265832e+02 1.052054e+01 9.258666e+02  1000  5000 6.408566e-03     0 -9.747409e-03    20 1.298037e+02 9.567044e-02 -6.000908e-04 
3.600000e+00 1.063005e-01 -4.416499e-02 9.297687e-02 4.394002e+02 1.155698e+01 9.240519e+02  1000  5000 7.249166e-03     0 -6.726471e-03    20 1.299199e+02 9.388746e-02 -5.777420e-04 
3.700000e+00 1.038019e-01 -4.072601e-02 9.572636e-02 4.522341e+02 1.263702e+01 9.223052e+02  1000  5000 7.193524e-03     0 -3.833493e-03    20 1.300215e+02 9.201752e-02 -5.497052e-04 
3.800000e+00 1.012411e-01 -3.763655e-02 9.837474e-02 4.650827e+02 1.375918e+01 9.206234e+02  1000  5000 6.788880e-03     0 -1.094512e-03    20 1.301098e+02 9.006700e-02 -5.344134e-04 
3.900000e+00 9.876880e-02 -3.485650e-02 1.009256e-01 4.779438e+02 1.492198e+01 9.190033e+02  1000  5000 6.260267e-03     0 1.614812e-03    20 1.301857e+02 8.809014e-02 -5.147300e-04 
    4 9.648391e-02 -3.234848e-02 1.033702e-01 4.908157e+02 1.612394e+01 9.174416e+02  1000  5000 5.709515e-03     0 4.326708e-03    20 1.302503e+02 8.612693e-02 -4.646094e-04 
4.100000e+00 9.434039e-02 -3.009499e-02 1.057081e-01 5.036966e+02 1.736367e+01 9.159346e+02  1000  5000 6.270069e-03     0 6.997256e-03    20 1.303045e+02 8.419405e-02 -3.808072e-04 
4.200000e+00 9.214044e-02 -2.808781e-02 1.079719e-01 5.165847e+02 1.863983e+01 9.144790e+02  1000  5000 6.150354e-03     0 9.583943e-03    20 1.303492e+02 8.230051e-02 -3.099489e-04 
4.300000e+00 8.994262e-02 -2.631408e-02 1.101800e-01 5.294788e+02 1.995111e+01 9.130713e+02  1000  5000 5.773599e-03     0 1.207157e-02    20 1.303853e+02 8.045684e-02 -2.633225e-04 
4.400000e+00 8.785624e-02 -2.475639e-02 1.123299e-01 5.423774e+02 2.129623e+01 9.117080e+02  1000  5000 5.312739e-03     0 1.445742e-02    20 1.304136e+02 7.867394e-02 -2.247944e-04 
4.500000e+00 8.595001e-02 -2.339701e-02 1.144097e-01 5.552793e+02 2.267396e+01 9.103856e+02  1000  5000 4.844953e-03     0 1.673721e-02    20 1.304350e+02 7.696029e-02 -1.712885e-04 
4.600000e+00 8.417728e-02 -2.222039e-02 1.164166e-01 5.681835e+02 2.408319e+01 9.091010e+02  1000  5000 5.294442e-03     0 1.890426e-02    20 1.304501e+02 7.532169e-02 -9.797859e-05 
4.700000e+00 8.237022e-02 -2.121406e-02 1.183759e-01 5.810889e+02 2.552287e+01 9.078509e+02  1000  5000 5.191771e-03     0 2.095306e-02    20 1.304597e+02 7.376228e-02 -4.030445e-05 
4.800000e+00 8.057268e-02 -2.036456e-02 1.203005e-01 5.939947e+02 2.699197e+01 9.066322e+02  1000  5000 4.881844e-03     0 2.288167e-02    20 1.304644e+02 7.228520e-02 -5.936061e-06 
4.900000e+00 7.887073e-02 -1.965757e-02 1.221858e-01 6.069002e+02 2.848951e+01 9.054420e+02  1000  5000 4.505094e-03     0 2.469023e-02    20 1.304648e+02 7.089242e-02 1.942617e-05 
    5 7.731796e-02 -1.907900e-02 1.240200e-01 6.198047e+02 3.001458e+01 9.042775e+02  1000  5000 4.123820e-03     0 2.637937e-02    20 1.304615e+02 6.958471e-02 5.566847e-05 
5.100000e+00 7.587046e-02 -1.861043e-02 1.258001e-01 6.327075e+02 3.156633e+01 9.031360e+02  1000  5000 4.532879e-03     0 2.807988e-02    20 1.304549e+02 6.836750e-02 1.073170e-04 
5.200000e+00 7.438542e-02 -1.826652e-02 1.275455e-01 6.456082e+02 3.314399e+01 9.020151e+02  1000  5000 4.463342e-03     0 2.952498e-02    20 1.304457e+02 6.721449e-02 1.448577e-04 
5.300000e+00 7.289916e-02 -1.803046e-02 1.292666e-01 6.585063e+02 3.474679e+01 9.009124e+02  1000  5000 4.213407e-03     0 3.083664e-02    20 1.304342e+02 6.613569e-02 1.620147e-04 
5.400000e+00 7.148615e-02 -1.787102e-02 1.309596e-01 6.714015e+02 3.637400e+01 8.998256e+02  1000  5000 3.903850e-03     0 3.194270e-02    20 1.304209e+02 6.514929e-02 1.713080e-04 
5.500000e+00 7.019302e-02 -1.775923e-02 1.326144e-01 6.842933e+02 3.802494e+01 8.987527e+02  1000  5000 3.588373e-03     0 3.306873e-02    20 1.304061e+02 6.426684e-02 1.901576e-04 
5.600000e+00 6.898210e-02 -1.770054e-02 1.342263e-01 6.971817e+02 3.969901e+01 8.976919e+02  1000  5000 3.971291e-03     0 3.412781e-02    20 1.303901e+02 6.346691e-02 2.227680e-04 
5.700000e+00 6.772579e-02 -1.770414e-02 1.358125e-01 7.100662e+02 4.139561e+01 8.966414e+02  1000  5000 3.927698e-03     0 3.506190e-02    20 1.303731e+02 6.273104e-02 2.435059e-04 
5.800000e+00 6.645884e-02 -1.776459e-02 1.373808e-01 7.229468e+02 4.311420e+01 8.955996e+02  1000  5000 3.721223e-03     0 3.588663e-02    20 1.303555e+02 6.205614e-02 2.469659e-04 
5.900000e+00 6.524824e-02 -1.786964e-02 1.389260e-01 7.358233e+02 4.485422e+01 8.945652e+02  1000  5000 3.459386e-03     0 3.662892e-02    20 1.303375e+02 6.144432e-02 2.443357e-04 
    6 6.413639e-02 -1.800931e-02 1.404374e-01 7.486956e+02 4.661517e+01 8.935368e+02  1000  5000 3.190076e-03     0 3.729837e-02    20 1.303192e+02 6.089470e-02 2.512402e-04 
6.100000e+00 6.308979e-02 -1.817750e-02 1.419114e-01 7.615637e+02 4.839659e+01 8.925133e+02  1000  5000 3.551216e-03     0 3.789482e-02    20 1.303009e+02 6.040349e-02 2.715020e-04 
6.200000e+00 6.199398e-02 -1.837041e-02 1.433644e-01 7.744273e+02 5.019804e+01 8.914935e+02  1000  5000 3.523838e-03     0 3.841944e-02    20 1.302828e+02 5.996655e-02 2.820931e-04 
6.300000e+00 6.088141e-02 -1.858351e-02 1.448031e-01 7.872867e+02 5.201908e+01 8.904764e+02  1000  5000 3.346968e-03     0 3.887735e-02    20 1.302648e+02 5.958042e-02 2.780088e-04 
6.400000e+00 5.981365e-02 -1.881168e-02 1.462221e-01 8.001416e+02 5.385931e+01 8.894613e+02  1000  5000 3.118220e-03     0 3.927467e-02    20 1.302473e+02 5.924186e-02 2.692334e-04 
6.500000e+00 5.882992e-02 -1.905018e-02 1.476114e-01 8.129922e+02 5.571832e+01 8.884473e+02  1000  5000 2.881185e-03     0 3.961650e-02    20 1.302302e+02 5.894752e-02 2.698405e-04 
6.600000e+00 5.790043e-02 -1.929534e-02 1.489675e-01 8.258384e+02 5.759575e+01 8.874338e+02  1000  5000 3.218559e-03     0 3.990703e-02    20 1.302137e+02 5.869396e-02 2.832647e-04 
6.700000e+00 5.692153e-02 -1.954491e-02 1.503052e-01 8.386803e+02 5.949126e+01 8.864203e+02  1000  5000 3.199826e-03     0 4.015023e-02    20 1.301978e+02 5.847789e-02 2.885464e-04 
6.800000e+00 5.592348e-02 -1.979641e-02 1.516306e-01 8.515180e+02 6.140451e+01 8.854061e+02  1000  5000 3.043469e-03     0 4.035048e-02    20 1.301825e+02 5.829620e-02 2.810318e-04 
6.900000e+00 5.496302e-02 -2.004707e-02 1.529384e-01 8.643514e+02 6.333516e+01 8.843909e+02  1000  5000 2.838788e-03     0 4.051215e-02    20 1.301679e+02 5.814585e-02 2.697361e-04 
    7 5.407649e-02 -2.029434e-02 1.542194e-01 8.771807e+02 6.528288e+01 8.833743e+02  1000  5000 2.625728e-03     0 4.063915e-02    20 1.301541e+02 5.802389e-02 2.674489e-04 
7.100000e+00 5.323701e-02 -2.053638e-02 1.554703e-01 8.900060e+02 6.724739e+01 8.823560e+02  1000  5000 2.939074e-03     0 4.073494e-02    20 1.301410e+02 5.792747e-02 2.772702e-04 
7.200000e+00 5.234996e-02 -2.077246e-02 1.567046e-01 9.028273e+02 6.922839e+01 8.813358e+02  1000  5000 2.924980e-03     0 4.080268e-02    20 1.301286e+02 5.785400e-02 2.799800e-04 
7.300000e+00 5.144342e-02 -2.100157e-02 1.579278e-01 9.156447e+02 7.122561e+01 8.803135e+02  1000  5000 2.784043e-03     0 4.084570e-02    20 1.301170e+02 5.780104e-02 2.712515e-04 
7.400000e+00 5.056973e-02 -2.122241e-02 1.591350e-01 9.284582e+02 7.323875e+01 8.792888e+02  1000  5000 2.598289e-03     0 4.086723e-02    20 1.301061e+02 5.776628e-02 2.592987e-04 
7.500000e+00 4.976251e-02 -2.143378e-02 1.603176e-01 9.412680e+02 7.526756e+01 8.782618e+02  1000  5000 2.404445e-03     0 4.087007e-02    20 1.300960e+02 5.774753e-02 2.558239e-04 
7.600000e+00 4.899729e-02 -2.163501e-02 1.614727e-01 9.540742e+02 7.731176e+01 8.772322e+02  1000  5000 2.694239e-03     0 4.085665e-02    20 1.300865e+02 5.774270e-02 2.636553e-04 
7.700000e+00 4.818734e-02 -2.182631e-02 1.626125e-01 9.668769e+02 7.937113e+01 8.762002e+02  1000  5000 2.682685e-03     0 4.082910e-02    20 1.300778e+02 5.774996e-02 2.651254e-04 
7.800000e+00 4.735862e-02 -2.200754e-02 1.637421e-01 9.796760e+02 8.144540e+01 8.751656e+02  1000  5000 2.554261e-03     0 4.078970e-02    20 1.300698e+02 5.776764e-02 2.562328e-04 
7.900000e+00 4.655935e-02 -2.217831e-02 1.648569e-01 9.924718e+02 8.353434e+01 8.741285e+02  1000  5000 2.384421e-03     0 4.074062e-02    20 1.300624e+02 5.779416e-02 2.445063e-04 
    8 4.582058e-02 -2.233821e-02 1.659490e-01 1.005264e+03 8.563770e+01 8.730889e+02  1000  5000 2.206962e-03     0 4.068368e-02    20 1.300556e+02 5.782804e-02 2.406905e-04 
8.100000e+00 4.511991e-02 -2.248724e-02 1.670156e-01 1.018054e+03 8.775526e+01 8.720468e+02  1000  5000 2.474180e-03     0 4.062036e-02    20 1.300494e+02 5.786794e-02 2.473769e-04 
8.200000e+00 4.437774e-02 -2.262607e-02 1.680682e-01 1.030840e+03 8.988680e+01 8.710024e+02  1000  5000 2.464111e-03     0 4.055194e-02    20 1.300437e+02 5.791269e-02 2.483078e-04 
8.300000e+00 4.361795e-02 -2.275504e-02 1.691111e-01 1.043623e+03 9.203210e+01 8.699556e+02  1000  5000 2.346454e-03     0 4.047981e-02    20 1.300386e+02 5.796126e-02 2.397903e-04 
8.400000e+00 4.288496e-02 -2.287422e-02 1.701403e-01 1.056403e+03 9.419093e+01 8.689066e+02  1000  5000 2.190619e-03     0 4.040529e-02    20 1.300340e+02 5.801271e-02 2.287378e-04 
8.500000e+00 4.220737e-02 -2.298361e-02 1.711486e-01 1.069181e+03 9.636307e+01 8.678554e+02  1000  5000 2.027707e-03     0 4.032942e-02    20 1.300299e+02 5.806615e-02 2.250235e-04 
8.600000e+00 4.156466e-02 -2.308353e-02 1.721332e-01 1.081955e+03 9.854833e+01 8.668022e+02  1000  5000 2.273532e-03     0 4.025299e-02    20 1.300262e+02 5.812080e-02 2.310226e-04 
8.700000e+00 4.088371e-02 -2.317481e-02 1.731048e-01 1.094727e+03 1.007465e+02 8.657471e+02  1000  5000 2.264412e-03     0 4.017662e-02    20 1.300229e+02 5.817600e-02 2.317763e-04 
8.800000e+00 4.018648e-02 -2.325798e-02 1.740674e-01 1.107496e+03 1.029574e+02 8.646901e+02  1000  5000 2.156361e-03     0 4.010104e-02    20 1.300199e+02 5.823123e-02 2.238826e-04 
8.900000e+00 3.951382e-02 -2.333328e-02 1.750172e-01 1.120262e+03 1.051808e+02 8.636314e+02  1000  5000 2.013195e-03     0 4.002698e-02    20 1.300173e+02 5.828600e-02 2.136920e-04 
    9 3.889203e-02 -2.340090e-02 1.759477e-01 1.133026e+03 1.074165e+02 8.625711e+02  1000  5000 1.863505e-03     0 3.995493e-02    20 1.300151e+02 5.833984e-02 2.102755e-04 
9.100000e+00 3.830230e-02 -2.346124e-02 1.768564e-01 1.145788e+03 1.096643e+02 8.615093e+02  1000  5000 2.089252e-03     0 3.988518e-02    20 1.300131e+02 5.839238e-02 2.158107e-04 
9.200000e+00 3.767749e-02 -2.351512e-02 1.777529e-01 1.158547e+03 1.119240e+02 8.604460e+02  1000  5000 2.080825e-03     0 3.981795e-02    20 1.300114e+02 5.844333e-02 2.165449e-04 
9.300000e+00 3.703776e-02 -2.356308e-02 1.786410e-01 1.171304e+03 1.141955e+02 8.593814e+02  1000  5000 1.981535e-03     0 3.975353e-02    20 1.300099e+02 5.849248e-02 2.093499e-04 
9.400000e+00 3.642063e-02 -2.360539e-02 1.795174e-01 1.184058e+03 1.164786e+02 8.583157e+02  1000  5000 1.849998e-03     0 3.969224e-02    20 1.300087e+02 5.853964e-02 2.000580e-04 
9.500000e+00 3.585025e-02 -2.364227e-02 1.803758e-01 1.196810e+03 1.187730e+02 8.572488e+02  1000  5000 1.712478e-03     0 3.963425e-02    20 1.300076e+02 5.858464e-02 1.969983e-04 
9.600000e+00 3.530938e-02 -2.367408e-02 1.812141e-01 1.209560e+03 1.210786e+02 8.561809e+02  1000  5000 1.919548e-03     0 3.957955e-02    20 1.300067e+02 5.862734e-02 2.021670e-04 
9.700000e+00 3.473639e-02 -2.370154e-02 1.820412e-01 1.222308e+03 1.233952e+02 8.551120e+02  1000  5000 1.911711e-03     0 3.952810e-02    20 1.300060e+02 5.866769e-02 2.029319e-04 
9.800000e+00 3.414979e-02 -2.372512e-02 1.828606e-01 1.235054e+03 1.257227e+02 8.540423e+02  1000  5000 1.820498e-03     0 3.947995e-02    20 1.300054e+02 5.870567e-02 1.964209e-04 
9.900000e+00 3.358398e-02 -2.374505e-02 1.836690e-01 1.247798e+03 1.280609e+02 8.529719e+02  1000  5000 1.699706e-03     0 3.943520e-02    20 1.300050e+02 5.874126e-02 1.879872e-04 
   10 3.306114e-02 -2.376149e-02 1.844610e-01 1.260539e+03 1.304096e+02 8.519008e+02  1000  5000 1.573438e-03     0 3.939380e-02    20 1.300046e+02 5.877445e-02 1.852741e-04 
1.010000e+01 3.256505e-02 -2.377363e-02 1.852345e-01 1.273279e+03 1.327686e+02 8.508290e+02  1000  5000 1.763613e-03     0 3.934921e-02    20 1.300044e+02 5.880634e-02 1.901059e-04 
1.020000e+01 3.204015e-02 -2.378289e-02 1.859976e-01 1.286017e+03 1.351378e+02 8.497567e+02  1000  5000 1.756156e-03     0 3.932031e-02    20 1.300042e+02 5.883587e-02 1.908999e-04 
1.030000e+01 3.150276e-02 -2.379100e-02 1.867536e-01 1.298752e+03 1.375170e+02 8.486840e+02  1000  5000 1.672322e-03     0 3.928730e-02    20 1.300041e+02 5.886196e-02 1.850149e-04 
1.040000e+01 3.098446e-02 -2.379760e-02 1.874995e-01 1.311486e+03 1.399060e+02 8.476108e+02  1000  5000 1.561411e-03     0 3.925960e-02    20 1.300040e+02 5.888539e-02 1.773644e-04 
1.050000e+01 3.050556e-02 -2.380253e-02 1.882302e-01 1.324218e+03 1.423048e+02 8.465372e+02  1000  5000 1.445533e-03     0 3.923342e-02    20 1.300040e+02 5.890652e-02 1.749580e-04 
1.060000e+01 3.005123e-02 -2.380555e-02 1.889440e-01 1.336948e+03 1.447131e+02 8.454633e+02  1000  5000 1.619842e-03     0 3.920753e-02    20 1.300040e+02 5.892585e-02 1.794679e-04 
1.070000e+01 2.957055e-02 -2.380681e-02 1.896482e-01 1.349677e+03 1.471308e+02 8.443891e+02  1000  5000 1.612955e-03     0 3.918724e-02    20 1.300041e+02 5.894371e-02 1.802691e-04 
1.080000e+01 2.907851e-02 -2.380684e-02 1.903459e-01 1.362403e+03 1.495578e+02 8.433147e+02  1000  5000 1.536006e-03     0 3.917006e-02    20 1.300042e+02 5.895987e-02 1.749409e-04 
1.090000e+01 2.860395e-02 -2.380608e-02 1.910344e-01 1.375128e+03 1.519938e+02 8.422401e+02  1000  5000 1.434300e-03     0 3.915359e-02    20 1.300043e+02 5.897410e-02 1.679865e-04 
   11 2.816555e-02 -2.380446e-02 1.917089e-01 1.387851e+03 1.544388e+02 8.411653e+02  1000  5000 1.328038e-03     0 3.913854e-02    20 1.300044e+02 5.898665e-02 1.658350e-04 
1.110000e+01 2.774975e-02 -2.380227e-02 1.923679e-01 1.400573e+03 1.568927e+02 8.400904e+02  1000  5000 1.487773e-03     0 3.912629e-02    20 1.300046e+02 5.899744e-02 1.700197e-04 
1.120000e+01 2.730985e-02 -2.379930e-02 1.930182e-01 1.413292e+03 1.593552e+02 8.390154e+02  1000  5000 1.481384e-03     0 3.911385e-02    20 1.300047e+02 5.900715e-02 1.707991e-04 
1.130000e+01 2.685945e-02 -2.379550e-02 1.936624e-01 1.426011e+03 1.618262e+02 8.379403e+02  1000  5000 1.410892e-03     0 3.910506e-02    20 1.300049e+02 5.901601e-02 1.659528e-04 
1.140000e+01 2.642515e-02 -2.379126e-02 1.942982e-01 1.438727e+03 1.643057e+02 8.368651e+02  1000  5000 1.317669e-03     0 3.909767e-02    20 1.300050e+02 5.902371e-02 1.596125e-04 
1.150000e+01 2.602402e-02 -2.378677e-02 1.949213e-01 1.451442e+03 1.667934e+02 8.357899e+02  1000  5000 1.220262e-03     0 3.909112e-02    20 1.300051e+02 5.903016e-02 1.576723e-04 
1.160000e+01 2.564388e-02 -2.378207e-02 1.955301e-01 1.464155e+03 1.692892e+02 8.347146e+02  1000  5000 1.366472e-03     0 3.908566e-02    20 1.300053e+02 5.903549e-02 1.615405e-04 
1.170000e+01 2.524122e-02 -2.377730e-02 1.961309e-01 1.476867e+03 1.717931e+02 8.336394e+02  1000  5000 1.360813e-03     0 3.908140e-02    20 1.300054e+02 5.903988e-02 1.622763e-04 
1.180000e+01 2.482907e-02 -2.377258e-02 1.967261e-01 1.489577e+03 1.743048e+02 8.325642e+02  1000  5000 1.296259e-03     0 3.907826e-02    20 1.300055e+02 5.904344e-02 1.578514e-04 
1.190000e+01 2.443171e-02 -2.376788e-02 1.973137e-01 1.502286e+03 1.768244e+02 8.314889e+02  1000  5000 1.210831e-03     0 3.907607e-02    20 1.300056e+02 5.904624e-02 1.520538e-04 
   12 2.406477e-02 -2.376319e-02 1.978896e-01 1.514993e+03 1.793515e+02 8.304137e+02  1000  5000 1.121557e-03     0 3.907472e-02    20 1.300057e+02 5.904835e-02 1.502878e-04 
1.210000e+01 2.371707e-02 -2.375851e-02 1.984524e-01 1.527699e+03 1.818862e+02 8.293385e+02  1000  5000 1.255668e-03     0 3.907410e-02    20 1.300058e+02 5.904982e-02 1.538442e-04 
1.220000e+01 2.334872e-02 -2.375403e-02 1.990080e-01 1.540403e+03 1.844282e+02 8.282634e+02  1000  5000 1.250518e-03     0 3.907407e-02    20 1.300059e+02 5.905074e-02 1.545244e-04 
1.230000e+01 2.297167e-02 -2.374979e-02 1.995584e-01 1.553106e+03 1.869776e+02 8.271883e+02  1000  5000 1.191364e-03     0 3.907459e-02    20 1.300059e+02 5.905118e-02 1.504694e-04 
1.240000e+01 2.260817e-02 -2.374577e-02 2.001018e-01 1.565807e+03 1.895341e+02 8.261132e+02  1000  5000 1.113068e-03     0 3.907563e-02    20 1.300060e+02 5.905120e-02 1.451538e-04 
1.250000e+01 2.227254e-02 -2.374189e-02 2.006346e-01 1.578507e+03 1.920977e+02 8.250382e+02  1000  5000 1.031243e-03     0 3.907710e-02    20 1.300060e+02 5.905084e-02 1.435339e-04 
1.260000e+01 2.195454e-02 -2.373816e-02 2.011553e-01 1.591206e+03 1.946682e+02 8.239633e+02  1000  5000 1.154305e-03     0 3.907893e-02    20 1.300060e+02 5.905017e-02 1.467934e-04 
1.270000e+01 2.161760e-02 -2.373471e-02 2.016694e-01 1.603903e+03 1.972456e+02 8.228884e+02  1000  5000 1.149632e-03     0 3.908101e-02    20 1.300060e+02 5.904921e-02 1.474128e-04 
1.280000e+01 2.127266e-02 -2.373156e-02 2.021789e-01 1.616598e+03 1.998297e+02 8.218135e+02  1000  5000 1.095426e-03     0 3.908331e-02    20 1.300060e+02 5.904804e-02 1.436876e-04 
1.290000e+01 2.094014e-02 -2.372866e-02 2.026819e-01 1.629293e+03 2.024204e+02 8.207387e+02  1000  5000 1.023660e-03     0 3.908582e-02    20 1.300060e+02 5.904668e-02 1.388054e-04 
   13 2.063315e-02 -2.372596e-02 2.031751e-01 1.641986e+03 2.050177e+02 8.196640e+02  1000  5000 9.486538e-04     0 3.908850e-02    20 1.300060e+02 5.904517e-02 1.373129e-04 
1.310000e+01 2.034231e-02 -2.372343e-02 2.036574e-01 1.654678e+03 2.076213e+02 8.185893e+02  1000  5000 1.061622e-03     0 3.909129e-02    20 1.300059e+02 5.904353e-02 1.402955e-04 
1.320000e+01 2.003408e-02 -2.372116e-02 2.041336e-01 1.667368e+03 2.102313e+02 8.175146e+02  1000  5000 1.057391e-03     0 3.909412e-02    20 1.300059e+02 5.904179e-02 1.408546e-04 
1.330000e+01 1.971850e-02 -2.371918e-02 2.046055e-01 1.680057e+03 2.128476e+02 8.164400e+02  1000  5000 1.007712e-03     0 3.909698e-02    20 1.300059e+02 5.904000e-02 1.374268e-04 
1.340000e+01 1.941429e-02 -2.371743e-02 2.050716e-01 1.692745e+03 2.154700e+02 8.153655e+02  1000  5000 9.419198e-04     0 3.909986e-02    20 1.300058e+02 5.903816e-02 1.329371e-04 
1.350000e+01 1.913349e-02 -2.371586e-02 2.055287e-01 1.705432e+03 2.180984e+02 8.142910e+02  1000  5000 8.731492e-04     0 3.910276e-02    20 1.300057e+02 5.903631e-02 1.315575e-04 
1.360000e+01 1.886746e-02 -2.371442e-02 2.059757e-01 1.718117e+03 2.207328e+02 8.132165e+02  1000  5000 9.768907e-04     0 3.910564e-02    20 1.300057e+02 5.903444e-02 1.342841e-04 
1.370000e+01 1.858547e-02 -2.371321e-02 2.064172e-01 1.730802e+03 2.233730e+02 8.121421e+02  1000  5000 9.730654e-04     0 3.910844e-02    20 1.300056e+02 5.903258e-02 1.347855e-04 
1.380000e+01 1.829672e-02 -2.371222e-02 2.068548e-01 1.743485e+03 2.260190e+02 8.110677e+02  1000  5000 9.275258e-04     0 3.911116e-02    20 1.300055e+02 5.903075e-02 1.316275e-04 
1.390000e+01 1.801838e-02 -2.371142e-02 2.072870e-01 1.756167e+03 2.286707e+02 8.099933e+02  1000  5000 8.671946e-04     0 3.911383e-02    20 1.300054e+02 5.902897e-02 1.274951e-04 
   14 1.776150e-02 -2.371074e-02 2.077110e-01 1.768847e+03 2.313280e+02 8.089190e+02  1000  5000 8.041250e-04     0 3.911642e-02    20 1.300054e+02 5.902722e-02 1.262175e-04 
1.410000e+01 1.751815e-02 -2.371016e-02 2.081259e-01 1.781527e+03 2.339908e+02 8.078447e+02  1000  5000 8.994269e-04     0 3.911893e-02    20 1.300053e+02 5.902552e-02 1.287090e-04 
1.420000e+01 1.726013e-02 -2.370974e-02 2.085356e-01 1.794205e+03 2.366590e+02 8.067704e+02  1000  5000 8.959703e-04     0 3.912132e-02    20 1.300052e+02 5.902388e-02 1.291574e-04 
1.430000e+01 1.699590e-02 -2.370948e-02 2.089417e-01 1.806882e+03 2.393326e+02 8.056961e+02  1000  5000 8.542146e-04     0 3.912359e-02    20 1.300051e+02 5.902231e-02 1.262461e-04 
1.440000e+01 1.674120e-02 -2.370936e-02 2.093430e-01 1.819558e+03 2.420115e+02 8.046219e+02  1000  5000 7.988760e-04     0 3.912577e-02    20 1.300050e+02 5.902081e-02 1.224406e-04 
1.450000e+01 1.650617e-02 -2.370930e-02 2.097367e-01 1.832233e+03 2.446955e+02 8.035477e+02  1000  5000 7.410184e-04     0 3.912785e-02    20 1.300049e+02 5.901938e-02 1.212568e-04 
1.460000e+01 1.628354e-02 -2.370930e-02 2.101220e-01 1.844907e+03 2.473847e+02 8.024735e+02  1000  5000 8.285946e-04     0 3.912983e-02    20 1.300048e+02 5.901801e-02 1.235340e-04 
1.470000e+01 1.604743e-02 -2.370940e-02 2.105026e-01 1.857580e+03 2.500789e+02 8.013993e+02  1000  5000 8.254717e-04     0 3.913168e-02    20 1.300047e+02 5.901672e-02 1.239347e-04 
1.480000e+01 1.580561e-02 -2.370962e-02 2.108800e-01 1.870252e+03 2.527780e+02 8.003251e+02  1000  5000 7.871748e-04     0 3.913341e-02    20 1.300046e+02 5.901551e-02 1.212503e-04 
1.490000e+01 1.557252e-02 -2.370991e-02 2.112529e-01 1.882922e+03 2.554821e+02 7.992509e+02  1000  5000 7.364012e-04     0 3.913505e-02    20 1.300045e+02 5.901437e-02 1.177450e-04 
   15 1.535746e-02 -2.371024e-02 2.116189e-01 1.895592e+03 2.581910e+02 7.981768e+02  1000  5000 6.833095e-04     0 3.913660e-02    20 1.300044e+02 5.901330e-02 1.166483e-04 
1.510000e+01 1.515376e-02 -2.371058e-02 2.119771e-01 1.908261e+03 2.609046e+02 7.971026e+02  1000  5000 7.638082e-04     0 3.913805e-02    20 1.300043e+02 5.901230e-02 1.187306e-04 
1.520000e+01 1.493768e-02 -2.371098e-02 2.123311e-01 1.920928e+03 2.636229e+02 7.960285e+02  1000  5000 7.609861e-04     0 3.913938e-02    20 1.300042e+02 5.901136e-02 1.190892e-04 
1.530000e+01 1.471634e-02 -2.371145e-02 2.126821e-01 1.933595e+03 2.663459e+02 7.949544e+02  1000  5000 7.258515e-04     0 3.914061e-02    20 1.300041e+02 5.901050e-02 1.166141e-04 
1.540000e+01 1.450301e-02 -2.371196e-02 2.130290e-01 1.946260e+03 2.690733e+02 7.938802e+02  1000  5000 6.792534e-04     0 3.914177e-02    20 1.300040e+02 5.900970e-02 1.133854e-04 
1.550000e+01 1.430620e-02 -2.371247e-02 2.133696e-01 1.958925e+03 2.718053e+02 7.928061e+02  1000  5000 6.305215e-04     0 3.914285e-02    20 1.300039e+02 5.900897e-02 1.123700e-04 
1.560000e+01 1.411981e-02 -2.371297e-02 2.137031e-01 1.971589e+03 2.745417e+02 7.917320e+02  1000  5000 7.045316e-04     0 3.914385e-02    20 1.300039e+02 5.900828e-02 1.142755e-04 
1.570000e+01 1.392205e-02 -2.371350e-02 2.140327e-01 1.984251e+03 2.772824e+02 7.906578e+02  1000  5000 7.019801e-04     0 3.914475e-02    20 1.300038e+02 5.900766e-02 1.145972e-04 
1.580000e+01 1.371945e-02 -2.371407e-02 2.143596e-01 1.996913e+03 2.800274e+02 7.895837e+02  1000  5000 6.697379e-04     0 3.914558e-02    20 1.300037e+02 5.900709e-02 1.123157e-04 
1.590000e+01 1.352418e-02 -2.371465e-02 2.146826e-01 2.009574e+03 2.827767e+02 7.885096e+02  1000  5000 6.269608e-04     0 3.914635e-02    20 1.300036e+02 5.900657e-02 1.093422e-04 
   16 1.334408e-02 -2.371522e-02 2.149999e-01 2.022234e+03 2.855301e+02 7.874355e+02  1000  5000 5.822190e-04     0 3.914706e-02    20 1.300035e+02 5.900609e-02 1.084030e-04 
1.610000e+01 1.317352e-02 -2.371576e-02 2.153107e-01 2.034893e+03 2.882876e+02 7.863613e+02  1000  5000 6.502761e-04     0 3.914772e-02    20 1.300035e+02 5.900566e-02 1.101482e-04 
1.620000e+01 1.299251e-02 -2.371631e-02 2.156179e-01 2.047551e+03 2.910492e+02 7.852872e+02  1000  5000 6.479676e-04     0 3.914831e-02    20 1.300034e+02 5.900527e-02 1.104381e-04 
1.630000e+01 1.280705e-02 -2.371687e-02 2.159227e-01 2.060208e+03 2.938148e+02 7.842130e+02  1000  5000 6.183721e-04     0 3.914884e-02    20 1.300033e+02 5.900491e-02 1.083358e-04 
1.640000e+01 1.262832e-02 -2.371744e-02 2.162240e-01 2.072865e+03 2.965843e+02 7.831389e+02  1000  5000 5.790935e-04     0 3.914933e-02    20 1.300032e+02 5.900460e-02 1.055982e-04 
1.650000e+01 1.246350e-02 -2.371798e-02 2.165199e-01 2.085520e+03 2.993577e+02 7.820648e+02  1000  5000 5.380055e-04     0 3.914978e-02    20 1.300032e+02 5.900432e-02 1.047306e-04 
1.660000e+01 1.230743e-02 -2.371849e-02 2.168099e-01 2.098175e+03 3.021350e+02 7.809906e+02  1000  5000 6.005969e-04     0 3.915020e-02    20 1.300031e+02 5.900406e-02 1.063306e-04 
1.670000e+01 1.214176e-02 -2.371900e-02 2.170966e-01 2.110829e+03 3.049160e+02 7.799164e+02  1000  5000 5.985062e-04     0 3.915057e-02    20 1.300030e+02 5.900383e-02 1.065931e-04 
1.680000e+01 1.197200e-02 -2.371951e-02 2.173811e-01 2.123482e+03 3.077008e+02 7.788423e+02  1000  5000 5.713339e-04     0 3.915089e-02    20 1.300030e+02 5.900363e-02 1.046572e-04 
1.690000e+01 1.180841e-02 -2.372002e-02 2.176623e-01 2.136134e+03 3.104892e+02 7.777681e+02  1000  5000 5.352602e-04     0 3.915120e-02    20 1.300029e+02 5.900345e-02 1.021377e-04 
   17 1.165758e-02 -2.372049e-02 2.179387e-01 2.148786e+03 3.132813e+02 7.766940e+02  1000  5000 4.975202e-04     0 3.915148e-02    20 1.300029e+02 5.900329e-02 1.013376e-04 
1.710000e+01 1.151477e-02 -2.372093e-02 2.182097e-01 2.161436e+03 3.160769e+02 7.756198e+02  1000  5000 5.550892e-04     0 3.915174e-02    20 1.300028e+02 5.900315e-02 1.028061e-04 
1.720000e+01 1.136315e-02 -2.372137e-02 2.184776e-01 2.174086e+03 3.188760e+02 7.745456e+02  1000  5000 5.531935e-04     0 3.915197e-02    20 1.300027e+02 5.900303e-02 1.030453e-04 
1.730000e+01 1.120777e-02 -2.372180e-02 2.187434e-01 2.186735e+03 3.216787e+02 7.734714e+02  1000  5000 5.282411e-04     0 3.915217e-02    20 1.300027e+02 5.900292e-02 1.012639e-04 
1.740000e+01 1.105805e-02 -2.372222e-02 2.190064e-01 2.199383e+03 3.244848e+02 7.723972e+02  1000  5000 4.951052e-04     0 3.915235e-02    20 1.300026e+02 5.900282e-02 9.894648e-05 
1.750000e+01 1.092004e-02 -2.372262e-02 2.192648e-01 2.212031e+03 3.272942e+02 7.713230e+02  1000  5000 4.604347e-04     0 3.915253e-02    20 1.300026e+02 5.900274e-02 9.821011e-05 
1.760000e+01 1.078938e-02 -2.372298e-02 2.195183e-01 2.224678e+03 3.301070e+02 7.702488e+02  1000  5000 5.133847e-04     0 3.915270e-02    20 1.300025e+02 5.900267e-02 9.955957e-05 
1.770000e+01 1.065063e-02 -2.372334e-02 2.197690e-01 2.237324e+03 3.329231e+02 7.691746e+02  1000  5000 5.116632e-04     0 3.915284e-02    20 1.300025e+02 5.900261e-02 9.977922e-05 
1.780000e+01 1.050844e-02 -2.372369e-02 2.200178e-01 2.249969e+03 3.357425e+02 7.681004e+02  1000  5000 4.887455e-04     0 3.915297e-02    20 1.300024e+02 5.900255e-02 9.814166e-05 
1.790000e+01 1.037143e-02 -2.372403e-02 2.202639e-01 2.262614e+03 3.385651e+02 7.670262e+02  1000  5000 4.583044e-04     0 3.915309e-02    20 1.300024e+02 5.900250e-02 9.601176e-05 
   18 1.024516e-02 -2.372435e-02 2.205059e-01 2.275257e+03 3.413908e+02 7.659520e+02  1000  5000 4.264499e-04     0 3.915321e-02    20 1.300024e+02 5.900246e-02 9.533570e-05 
1.810000e+01 1.012565e-02 -2.372464e-02 2.207433e-01 2.287901e+03 3.442197e+02 7.648778e+02  1000  5000 4.751482e-04     0 3.915332e-02    20 1.300023e+02 5.900243e-02 9.657755e-05 
1.820000e+01 9.998701e-03 -2.372492e-02 2.209782e-01 2.300543e+03 3.470516e+02 7.638036e+02  1000  5000 4.735819e-04     0 3.915342e-02    20 1.300023e+02 5.900239e-02 9.678110e-05 
1.830000e+01 9.868597e-03 -2.372520e-02 2.212114e-01 2.313185e+03 3.498866e+02 7.627293e+02  1000  5000 4.525304e-04     0 3.915351e-02    20 1.300022e+02 5.900237e-02 9.527771e-05 
1.840000e+01 9.743253e-03 -2.372547e-02 2.214421e-01 2.325826e+03 3.527246e+02 7.616551e+02  1000  5000 4.245628e-04     0 3.915359e-02    20 1.300022e+02 5.900234e-02 9.332209e-05 
1.850000e+01 9.627757e-03 -2.372572e-02 2.216690e-01 2.338466e+03 3.555656e+02 7.605809e+02  1000  5000 3.952936e-04     0 3.915368e-02    20 1.300022e+02 5.900232e-02 9.270331e-05 
1.860000e+01 9.518456e-03 -2.372594e-02 2.218917e-01 2.351106e+03 3.584095e+02 7.595066e+02  1000  5000 4.400741e-04     0 3.915377e-02    20 1.300021e+02 5.900230e-02 9.384800e-05 
1.870000e+01 9.402344e-03 -2.372616e-02 2.221121e-01 2.363745e+03 3.612563e+02 7.584324e+02  1000  5000 4.386457e-04     0 3.915384e-02    20 1.300021e+02 5.900228e-02 9.403868e-05 
1.880000e+01 9.283337e-03 -2.372638e-02 2.223309e-01 2.376384e+03 3.641059e+02 7.573582e+02  1000  5000 4.193069e-04     0 3.915391e-02    20 1.300021e+02 5.900226e-02 9.266073e-05 
1.890000e+01 9.168697e-03 -2.372659e-02 2.225475e-01 2.389022e+03 3.669584e+02 7.562839e+02  1000  5000 3.936113e-04     0 3.915399e-02    20 1.300020e+02 5.900225e-02 9.086749e-05 
   19 9.063089e-03 -2.372679e-02 2.227606e-01 2.401659e+03 3.698137e+02 7.552097e+02  1000  5000 3.667174e-04     0 3.915406e-02    20 1.300020e+02 5.900223e-02 9.030333e-05 
1.910000e+01 8.963165e-03 -2.372696e-02 2.229699e-01 2.414295e+03 3.726717e+02 7.541354e+02  1000  5000 4.078839e-04     0 3.915413e-02    20 1.300020e+02 5.900221e-02 9.136047e-05 
1.920000e+01 8.857000e-03 -2.372713e-02 2.231770e-01 2.426931e+03 3.755324e+02 7.530612e+02  1000  5000 4.065773e-04     0 3.915420e-02    20 1.300019e+02 5.900220e-02 9.154131e-05 
1.930000e+01 8.748185e-03 -2.372730e-02 2.233827e-01 2.439567e+03 3.783958e+02 7.519869e+02  1000  5000 3.888116e-04     0 3.915426e-02    20 1.300019e+02 5.900218e-02 9.028101e-05 
1.940000e+01 8.643377e-03 -2.372746e-02 2.235863e-01 2.452201e+03 3.812618e+02 7.509127e+02  1000  5000 3.652046e-04     0 3.915433e-02    20 1.300019e+02 5.900217e-02 8.863941e-05 
1.950000e+01 8.546853e-03 -2.372761e-02 2.237868e-01 2.464836e+03 3.841305e+02 7.498384e+02  1000  5000 3.404948e-04     0 3.915439e-02    20 1.300019e+02 5.900215e-02 8.812758e-05 
1.960000e+01 8.455542e-03 -2.372775e-02 2.239836e-01 2.477469e+03 3.870018e+02 7.487641e+02  1000  5000 3.783232e-04     0 3.915446e-02    20 1.300018e+02 5.900214e-02 8.910605e-05 
1.970000e+01 8.358517e-03 -2.372788e-02 2.241786e-01 2.490102e+03 3.898756e+02 7.476899e+02  1000  5000 3.771239e-04     0 3.915452e-02    20 1.300018e+02 5.900212e-02 8.927998e-05 
1.980000e+01 8.259071e-03 -2.372801e-02 2.243722e-01 2.502734e+03 3.927519e+02 7.466156e+02  1000  5000 3.608041e-04     0 3.915458e-02    20 1.300018e+02 5.900210e-02 8.813037e-05 
1.990000e+01 8.163303e-03 -2.372814e-02 2.245640e-01 2.515366e+03 3.956307e+02 7.455414e+02  1000  5000 3.391188e-04     0 3.915464e-02    20 1.300018e+02 5.900209e-02 8.663081e-05 
   20 8.075128e-03 -2.372826e-02 2.247528e-01 2.527998e+03 3.985120e+02 7.444671e+02  1000  5000 3.164191e-04     0 3.915471e-02    20 1.300017e+02 5.900207e-02 8.616939e-05 
2.010000e+01 7.991735e-03 -2.372836e-02 2.249384e-01 2.540628e+03 4.013957e+02 7.433928e+02  1000  5000 3.511600e-04     0 3.915477e-02    20 1.300017e+02 5.900205e-02 8.707741e-05 
2.020000e+01 7.903118e-03 -2.372846e-02 2.251222e-01 2.553258e+03 4.042818e+02 7.423185e+02  1000  5000 3.500546e-04     0 3.915483e-02    20 1.300017e+02 5.900204e-02 8.724725e-05 
2.030000e+01 7.812293e-03 -2.372857e-02 2.253047e-01 2.565888e+03 4.071703e+02 7.412443e+02  1000  5000 3.350648e-04     0 3.915489e-02    20 1.300017e+02 5.900202e-02 8.620219e-05 
2.040000e+01 7.724842e-03 -2.372867e-02 2.254856e-01 2.578517e+03 4.100612e+02 7.401700e+02  1000  5000 3.151492e-04     0 3.915495e-02    20 1.300017e+02 5.900200e-02 8.483613e-05 
2.050000e+01 7.644350e-03 -2.372877e-02 2.256638e-01 2.591146e+03 4.129543e+02 7.390957e+02  1000  5000 2.943015e-04     0 3.915501e-02    20 1.300016e+02 5.900198e-02 8.442354e-05 
2.060000e+01 7.568244e-03 -2.372885e-02 2.258390e-01 2.603774e+03 4.158498e+02 7.380215e+02  1000  5000 3.261823e-04     0 3.915507e-02    20 1.300016e+02 5.900196e-02 8.526877e-05 
2.070000e+01 7.487368e-03 -2.372893e-02 2.260126e-01 2.616401e+03 4.187475e+02 7.369472e+02  1000  5000 3.251582e-04     0 3.915513e-02    20 1.300016e+02 5.900194e-02 8.543727e-05 
2.080000e+01 7.404483e-03 -2.372902e-02 2.261850e-01 2.629028e+03 4.216475e+02 7.358729e+02  1000  5000 3.113931e-04     0 3.915518e-02    20 1.300016e+02 5.900192e-02 8.449138e-05 
2.090000e+01 7.324694e-03 -2.372910e-02 2.263559e-01 2.641654e+03 4.245497e+02 7.347986e+02  1000  5000 2.931092e-04     0 3.915524e-02    20 1.300016e+02 5.900191e-02 8.325128e-05 
   21 7.251279e-03 -2.372918e-02 2.265244e-01 2.654280e+03 4.274540e+02 7.337243e+02  1000  5000 2.739695e-04     0 3.915529e-02    20 1.300015e+02 5.900189e-02 8.288629e-05 
2.110000e+01 7.181885e-03 -2.372924e-02 2.266901e-01 2.666906e+03 4.303606e+02 7.326501e+02  1000  5000 3.031961e-04     0 3.915535e-02    20 1.300015e+02 5.900187e-02 8.367589e-05 
2.120000e+01 7.108145e-03 -2.372931e-02 2.268543e-01 2.679531e+03 4.332693e+02 7.315758e+02  1000  5000 3.022419e-04     0 3.915540e-02    20 1.300015e+02 5.900185e-02 8.384578e-05 
2.130000e+01 7.032580e-03 -2.372938e-02 2.270175e-01 2.692155e+03 4.361801e+02 7.305015e+02  1000  5000 2.896056e-04     0 3.915546e-02    20 1.300015e+02 5.900183e-02 8.299441e-05 
2.140000e+01 6.959857e-03 -2.372945e-02 2.271793e-01 2.704779e+03 4.390930e+02 7.294272e+02  1000  5000 2.728279e-04     0 3.915551e-02    20 1.300015e+02 5.900181e-02 8.187363e-05 
2.150000e+01 6.892968e-03 -2.372951e-02 2.273388e-01 2.717403e+03 4.420080e+02 7.283529e+02  1000  5000 2.552655e-04     0 3.915556e-02    20 1.300015e+02 5.900179e-02 8.155536e-05 
2.160000e+01 6.829766e-03 -2.372957e-02 2.274959e-01 2.730026e+03 4.449250e+02 7.272787e+02  1000  5000 2.820242e-04     0 3.915561e-02    20 1.300014e+02 5.900177e-02 8.229605e-05 
2.170000e+01 6.762612e-03 -2.372963e-02 2.276515e-01 2.742648e+03 4.478440e+02 7.262044e+02  1000  5000 2.811291e-04     0 3.915566e-02    20 1.300014e+02 5.900175e-02 8.247004e-05 
2.180000e+01 6.693807e-03 -2.372969e-02 2.278063e-01 2.755270e+03 4.507651e+02 7.251301e+02  1000  5000 2.695345e-04     0 3.915571e-02    20 1.300014e+02 5.900174e-02 8.170923e-05 
2.190000e+01 6.627608e-03 -2.372974e-02 2.279597e-01 2.767892e+03 4.536882e+02 7.240558e+02  1000  5000 2.541489e-04     0 3.915575e-02    20 1.300014e+02 5.900172e-02 8.070202e-05 
   22 6.566747e-03 -2.372980e-02 2.281111e-01 2.780513e+03 4.566132e+02 7.229815e+02  1000  5000 2.380452e-04     0 3.915580e-02    20 1.300014e+02 5.900170e-02 8.042992e-05 
2.210000e+01 6.509264e-03 -2.372984e-02 2.282602e-01 2.793134e+03 4.595401e+02 7.219072e+02  1000  5000 2.625043e-04     0 3.915584e-02    20 1.300014e+02 5.900168e-02 8.112806e-05 
2.220000e+01 6.448196e-03 -2.372989e-02 2.284080e-01 2.805754e+03 4.624690e+02 7.208329e+02  1000  5000 2.616582e-04     0 3.915589e-02    20 1.300013e+02 5.900167e-02 8.130886e-05 
2.230000e+01 6.385642e-03 -2.372994e-02 2.285550e-01 2.818374e+03 4.653998e+02 7.197587e+02  1000  5000 2.510263e-04     0 3.915593e-02    20 1.300013e+02 5.900165e-02 8.063530e-05 
2.240000e+01 6.325478e-03 -2.372999e-02 2.287008e-01 2.830993e+03 4.683325e+02 7.186844e+02  1000  5000 2.369295e-04     0 3.915597e-02    20 1.300013e+02 5.900163e-02 7.973676e-05 
2.250000e+01 6.270191e-03 -2.373004e-02 2.288448e-01 2.843612e+03 4.712670e+02 7.176101e+02  1000  5000 2.221769e-04     0 3.915601e-02    20 1.300013e+02 5.900162e-02 7.951062e-05 
2.260000e+01 6.217999e-03 -2.373007e-02 2.289866e-01 2.856231e+03 4.742034e+02 7.165358e+02  1000  5000 2.444876e-04     0 3.915605e-02    20 1.300013e+02 5.900160e-02 8.017221e-05 
2.270000e+01 6.162568e-03 -2.373012e-02 2.291273e-01 2.868849e+03 4.771416e+02 7.154615e+02  1000  5000 2.436812e-04     0 3.915609e-02    20 1.300013e+02 5.900159e-02 8.036260e-05 
2.280000e+01 6.105802e-03 -2.373016e-02 2.292673e-01 2.881467e+03 4.800816e+02 7.143872e+02  1000  5000 2.339404e-04     0 3.915612e-02    20 1.300013e+02 5.900158e-02 7.977363e-05 
2.290000e+01 6.051229e-03 -2.373020e-02 2.294061e-01 2.894084e+03 4.830235e+02 7.133129e+02  1000  5000 2.210386e-04     0 3.915616e-02    20 1.300013e+02 5.900156e-02 7.897963e-05 
   23 6.001108e-03 -2.373024e-02 2.295433e-01 2.906701e+03 4.859671e+02 7.122386e+02  1000  5000 2.075399e-04     0 3.915619e-02    20 1.300012e+02 5.900155e-02 7.879956e-05 
2.310000e+01 5.953821e-03 -2.373027e-02 2.296785e-01 2.919317e+03 4.889124e+02 7.111643e+02  1000  5000 2.278379e-04     0 3.915623e-02    20 1.300012e+02 5.900154e-02 7.943035e-05 
2.320000e+01 5.903617e-03 -2.373031e-02 2.298127e-01 2.931933e+03 4.918595e+02 7.100900e+02  1000  5000 2.270624e-04     0 3.915626e-02    20 1.300012e+02 5.900153e-02 7.963316e-05 
2.330000e+01 5.852225e-03 -2.373034e-02 2.299462e-01 2.944549e+03 4.948083e+02 7.090158e+02  1000  5000 2.181476e-04     0 3.915629e-02    20 1.300012e+02 5.900151e-02 7.912672e-05 
2.340000e+01 5.802843e-03 -2.373038e-02 2.300788e-01 2.957164e+03 4.977589e+02 7.079415e+02  1000  5000 2.063564e-04     0 3.915632e-02    20 1.300012e+02 5.900150e-02 7.843391e-05 
2.350000e+01 5.757518e-03 -2.373041e-02 2.302097e-01 2.969779e+03 5.007111e+02 7.068672e+02  1000  5000 1.940238e-04     0 3.915635e-02    20 1.300012e+02 5.900149e-02 7.830038e-05 
2.360000e+01 5.714788e-03 -2.373044e-02 2.303390e-01 2.982393e+03 5.036650e+02 7.057929e+02  1000  5000 2.124300e-04     0 3.915637e-02    20 1.300012e+02 5.900148e-02 7.890587e-05 
2.370000e+01 5.669444e-03 -2.373047e-02 2.304673e-01 2.995007e+03 5.066206e+02 7.047186e+02  1000  5000 2.116769e-04     0 3.915640e-02    20 1.300012e+02 5.900147e-02 7.912402e-05 
2.380000e+01 5.623050e-03 -2.373050e-02 2.305950e-01 3.007621e+03 5.095778e+02 7.036443e+02  1000  5000 2.035296e-04     0 3.915642e-02    20 1.300012e+02 5.900147e-02 7.869868e-05 
2.390000e+01 5.578498e-03 -2.373054e-02 2.307217e-01 3.020234e+03 5.125367e+02 7.025700e+02  1000  5000 1.927728e-04     0 3.915645e-02    20 1.300011e+02 5.900146e-02 7.810445e-05 
   24 5.537638e-03 -2.373056e-02 2.308471e-01 3.032847e+03 5.154971e+02 7.014957e+02  1000  5000 1.815272e-04     0 3.915647e-02    20 1.300011e+02 5.900145e-02 7.801824e-05 
2.410000e+01 5.499152e-03 -2.373059e-02 2.309709e-01 3.045459e+03 5.184592e+02 7.004214e+02  1000  5000 1.981489e-04     0 3.915650e-02    20 1.300011e+02 5.900144e-02 7.860378e-05 
2.420000e+01 5.458338e-03 -2.373061e-02 2.310939e-01 3.058071e+03 5.214229e+02 6.993471e+02  1000  5000 1.974101e-04     0 3.915652e-02    20 1.300011e+02 5.900143e-02 7.884030e-05 
2.430000e+01 5.416606e-03 -2.373064e-02 2.312163e-01 3.070683e+03 5.243882e+02 6.982728e+02  1000  5000 1.899775e-04     0 3.915654e-02    20 1.300011e+02 5.900143e-02 7.849524e-05 
2.440000e+01 5.376561e-03 -2.373067e-02 2.313378e-01 3.083295e+03 5.273550e+02 6.971985e+02  1000  5000 1.801867e-04     0 3.915656e-02    20 1.300011e+02 5.900142e-02 7.799772e-05 
2.450000e+01 5.339869e-03 -2.373069e-02 2.314582e-01 3.095906e+03 5.303233e+02 6.961242e+02  1000  5000 1.699573e-04     0 3.915658e-02    20 1.300011e+02 5.900142e-02 7.796001e-05 
2.460000e+01 5.305347e-03 -2.373071e-02 2.315771e-01 3.108516e+03 5.332933e+02 6.950499e+02  1000  5000 1.848884e-04     0 3.915660e-02    20 1.300011e+02 5.900141e-02 7.853077e-05 
2.470000e+01 5.268769e-03 -2.373073e-02 2.316952e-01 3.121127e+03 5.362647e+02 6.939756e+02  1000  5000 1.841560e-04     0 3.915661e-02    20 1.300011e+02 5.900141e-02 7.878887e-05 
2.480000e+01 5.231398e-03 -2.373076e-02 2.318128e-01 3.133736e+03 5.392377e+02 6.929013e+02  1000  5000 1.773909e-04     0 3.915663e-02    20 1.300011e+02 5.900140e-02 7.852387e-05 
2.490000e+01 5.195572e-03 -2.373078e-02 2.319297e-01 3.146346e+03 5.422121e+02 6.918270e+02  1000  5000 1.685051e-04     0 3.915664e-02    20 1.300011e+02 5.900140e-02 7.812196e-05 
   25 5.162785e-03 -2.373080e-02 2.320454e-01 3.158955e+03 5.451881e+02 6.907527e+02  1000  5000 1.592289e-04     0 3.915666e-02    20 1.300010e+02 5.900139e-02 7.813429e-05 
2.510000e+01 5.131978e-03 -2.373082e-02 2.321599e-01 3.171564e+03 5.481655e+02 6.896784e+02  1000  5000 1.725504e-04     0 3.915667e-02    20 1.300010e+02 5.900139e-02 7.869537e-05 
2.520000e+01 5.099375e-03 -2.373084e-02 2.322737e-01 3.184173e+03 5.511444e+02 6.886041e+02  1000  5000 1.718168e-04     0 3.915669e-02    20 1.300010e+02 5.900139e-02 7.897845e-05 
2.530000e+01 5.066100e-03 -2.373086e-02 2.323870e-01 3.196781e+03 5.541247e+02 6.875298e+02  1000  5000 1.656769e-04     0 3.915670e-02    20 1.300010e+02 5.900139e-02 7.879396e-05 
2.540000e+01 5.034239e-03 -2.373088e-02 2.324997e-01 3.209389e+03 5.571065e+02 6.864556e+02  1000  5000 1.576421e-04     0 3.915671e-02    20 1.300010e+02 5.900138e-02 7.848730e-05 
2.550000e+01 5.005123e-03 -2.373089e-02 2.326113e-01 3.221996e+03 5.600898e+02 6.853813e+02  1000  5000 1.492634e-04     0 3.915672e-02    20 1.300010e+02 5.900138e-02 7.855163e-05 
2.560000e+01 4.977813e-03 -2.373091e-02 2.327219e-01 3.234603e+03 5.630745e+02 6.843070e+02  1000  5000 1.610438e-04     0 3.915673e-02    20 1.300010e+02 5.900138e-02 7.910812e-05 
2.570000e+01 4.948955e-03 -2.373092e-02 2.328318e-01 3.247210e+03 5.660605e+02 6.832327e+02  1000  5000 1.603011e-04     0 3.915674e-02    20 1.300010e+02 5.900138e-02 7.941981e-05 
2.580000e+01 4.919543e-03 -2.373094e-02 2.329413e-01 3.259817e+03 5.690480e+02 6.821584e+02  1000  5000 1.547493e-04     0 3.915675e-02    20 1.300010e+02 5.900138e-02 7.931696e-05 
2.590000e+01 4.891424e-03 -2.373096e-02 2.330502e-01 3.272423e+03 5.720369e+02 6.810841e+02  1000  5000 1.475180e-04     0 3.915676e-02    20 1.300010e+02 5.900138e-02 7.910602e-05 
   26 4.865775e-03 -2.373097e-02 2.331582e-01 3.285029e+03 5.750272e+02 6.800098e+02  1000  5000 1.399881e-04     0 3.915677e-02    20 1.300010e+02 5.900138e-02 7.922479e-05 
2.610000e+01 4.841772e-03 -2.373098e-02 2.332653e-01 3.297634e+03 5.780189e+02 6.789355e+02  1000  5000 1.502834e-04     0 3.915677e-02    20 1.300010e+02 5.900138e-02 7.978177e-05 
2.620000e+01 4.816460e-03 -2.373100e-02 2.333717e-01 3.310239e+03 5.810119e+02 6.778612e+02  1000  5000 1.495236e-04     0 3.915678e-02    20 1.300009e+02 5.900138e-02 8.012603e-05 
2.630000e+01 4.790711e-03 -2.373101e-02 2.334779e-01 3.322844e+03 5.840063e+02 6.767869e+02  1000  5000 1.445272e-04     0 3.915679e-02    20 1.300009e+02 5.900138e-02 8.010672e-05 
2.640000e+01 4.766143e-03 -2.373102e-02 2.335835e-01 3.335449e+03 5.870020e+02 6.757126e+02  1000  5000 1.380585e-04     0 3.915679e-02    20 1.300009e+02 5.900138e-02 7.999283e-05 
2.650000e+01 4.743787e-03 -2.373104e-02 2.336883e-01 3.348053e+03 5.899991e+02 6.746383e+02  1000  5000 1.313357e-04     0 3.915680e-02    20 1.300009e+02 5.900138e-02 8.016901e-05 
2.660000e+01 4.722928e-03 -2.373105e-02 2.337922e-01 3.360657e+03 5.929976e+02 6.735640e+02  1000  5000 1.401888e-04     0 3.915680e-02    20 1.300009e+02 5.900138e-02 8.073169e-05 
2.670000e+01 4.700995e-03 -2.373106e-02 2.338957e-01 3.373260e+03 5.959973e+02 6.724897e+02  1000  5000 1.394035e-04     0 3.915681e-02    20 1.300009e+02 5.900138e-02 8.111288e-05 
2.680000e+01 4.678738e-03 -2.373107e-02 2.339989e-01 3.385863e+03 5.989984e+02 6.714154e+02  1000  5000 1.349344e-04     0 3.915681e-02    20 1.300009e+02 5.900139e-02 8.117983e-05 
2.690000e+01 4.657560e-03 -2.373108e-02 2.341016e-01 3.398466e+03 6.020008e+02 6.703411e+02  1000  5000 1.291938e-04     0 3.915681e-02    20 1.300009e+02 5.900139e-02 8.116532e-05 
   27 4.638351e-03 -2.373109e-02 2.342036e-01 3.411069e+03 6.050045e+02 6.692668e+02  1000  5000 1.232431e-04     0 3.915681e-02    20 1.300009e+02 5.900139e-02 8.140251e-05 
2.710000e+01 4.620501e-03 -2.373110e-02 2.343049e-01 3.423671e+03 6.080095e+02 6.681925e+02  1000  5000 1.306833e-04     0 3.915682e-02    20 1.300009e+02 5.900139e-02 8.197627e-05 
2.720000e+01 4.601807e-03 -2.373111e-02 2.344058e-01 3.436273e+03 6.110158e+02 6.671182e+02  1000  5000 1.298635e-04     0 3.915682e-02    20 1.300009e+02 5.900140e-02 8.239925e-05 
2.730000e+01 4.582905e-03 -2.373112e-02 2.345064e-01 3.448875e+03 6.140234e+02 6.660439e+02  1000  5000 1.258981e-04     0 3.915682e-02    20 1.300009e+02 5.900140e-02 8.255620e-05 
2.740000e+01 4.564987e-03 -2.373113e-02 2.346066e-01 3.461476e+03 6.170323e+02 6.649695e+02  1000  5000 1.208573e-04     0 3.915682e-02    20 1.300009e+02 5.900140e-02 8.264447e-05 
2.750000e+01 4.548808e-03 -2.373114e-02 2.347062e-01 3.474077e+03 6.200424e+02 6.638952e+02  1000  5000 1.156504e-04     0 3.915682e-02    20 1.300009e+02 5.900141e-02 8.294703e-05 
2.760000e+01 4.533860e-03 -2.373114e-02 2.348052e-01 3.486678e+03 6.230538e+02 6.628209e+02  1000  5000 1.216927e-04     0 3.915682e-02    20 1.300009e+02 5.900141e-02 8.353757e-05 
2.770000e+01 4.518298e-03 -2.373115e-02 2.349039e-01 3.499279e+03 6.260665e+02 6.617466e+02  1000  5000 1.208283e-04     0 3.915682e-02    20 1.300009e+02 5.900141e-02 8.400786e-05 
2.780000e+01 4.502645e-03 -2.373116e-02 2.350023e-01 3.511879e+03 6.290805e+02 6.606723e+02  1000  5000 1.173474e-04     0 3.915682e-02    20 1.300008e+02 5.900142e-02 8.425967e-05 
2.790000e+01 4.487887e-03 -2.373117e-02 2.351005e-01 3.524479e+03 6.320957e+02 6.595980e+02  1000  5000 1.129846e-04     0 3.915682e-02    20 1.300008e+02 5.900142e-02 8.445545e-05 
   28 4.474651e-03 -2.373117e-02 2.351981e-01 3.537078e+03 6.351121e+02 6.585237e+02  1000  5000 1.085003e-04     0 3.915681e-02    20 1.300008e+02 5.900143e-02 8.482868e-05 
2.810000e+01 4.462526e-03 -2.373118e-02 2.352953e-01 3.549678e+03 6.381298e+02 6.574494e+02  1000  5000 1.131432e-04     0 3.915681e-02    20 1.300008e+02 5.900143e-02 8.544214e-05 
2.820000e+01 4.450019e-03 -2.373118e-02 2.353921e-01 3.562277e+03 6.411487e+02 6.563751e+02  1000  5000 1.122229e-04     0 3.915681e-02    20 1.300008e+02 5.900144e-02 8.596608e-05 
2.830000e+01 4.437542e-03 -2.373119e-02 2.354888e-01 3.574875e+03 6.441689e+02 6.553008e+02  1000  5000 1.092119e-04     0 3.915680e-02    20 1.300008e+02 5.900144e-02 8.631904e-05 
2.840000e+01 4.425881e-03 -2.373120e-02 2.355852e-01 3.587474e+03 6.471903e+02 6.542265e+02  1000  5000 1.055121e-04     0 3.915680e-02    20 1.300008e+02 5.900145e-02 8.662861e-05 
2.850000e+01 4.415530e-03 -2.373120e-02 2.356812e-01 3.600072e+03 6.502129e+02 6.531522e+02  1000  5000 1.017366e-04     0 3.915680e-02    20 1.300008e+02 5.900145e-02 8.707894e-05 
2.860000e+01 4.406180e-03 -2.373121e-02 2.357769e-01 3.612669e+03 6.532367e+02 6.520779e+02  1000  5000 1.049604e-04     0 3.915679e-02    20 1.300008e+02 5.900146e-02 8.772211e-05 
2.870000e+01 4.396686e-03 -2.373121e-02 2.358723e-01 3.625267e+03 6.562618e+02 6.510036e+02  1000  5000 1.039709e-04     0 3.915679e-02    20 1.300008e+02 5.900146e-02 8.830712e-05 
2.880000e+01 4.387348e-03 -2.373122e-02 2.359676e-01 3.637864e+03 6.592880e+02 6.499293e+02  1000  5000 1.014198e-04     0 3.915678e-02    20 1.300008e+02 5.900147e-02 8.876923e-05 
2.890000e+01 4.378753e-03 -2.373122e-02 2.360627e-01 3.650461e+03 6.623155e+02 6.488550e+02  1000  5000 9.837534e-05     0 3.915678e-02    20 1.300008e+02 5.900148e-02 8.920078e-05 
   29 4.371264e-03 -2.373123e-02 2.361575e-01 3.663058e+03 6.653442e+02 6.477807e+02  1000  5000 9.530247e-05     0 3.915677e-02    20 1.300008e+02 5.900148e-02 8.973611e-05 
2.910000e+01 4.364673e-03 -2.373123e-02 2.362520e-01 3.675654e+03 6.683741e+02 6.467064e+02  1000  5000 9.706619e-05     0 3.915676e-02    20 1.300008e+02 5.900149e-02 9.041665e-05 
2.920000e+01 4.358186e-03 -2.373123e-02 2.363464e-01 3.688250e+03 6.714052e+02 6.456321e+02  1000  5000 9.599183e-05     0 3.915676e-02    20 1.300008e+02 5.900150e-02 9.107159e-05 
2.930000e+01 4.351992e-03 -2.373124e-02 2.364406e-01 3.700846e+03 6.744375e+02 6.445578e+02  1000  5000 9.389573e-05     0 3.915675e-02    20 1.300008e+02 5.900150e-02 9.165300e-05 
2.940000e+01 4.346472e-03 -2.373124e-02 2.365348e-01 3.713441e+03 6.774710e+02 6.434835e+02  1000  5000 9.150665e-05     0 3.915674e-02    20 1.300008e+02 5.900151e-02 9.221710e-05 
2.950000e+01 4.341858e-03 -2.373124e-02 2.366287e-01 3.726036e+03 6.805057e+02 6.424092e+02  1000  5000 8.913925e-05     0 3.915673e-02    20 1.300008e+02 5.900152e-02 9.284717e-05 
2.960000e+01 4.338046e-03 -2.373125e-02 2.367225e-01 3.738631e+03 6.835416e+02 6.413349e+02  1000  5000 8.937635e-05     0 3.915673e-02    20 1.300008e+02 5.900152e-02 9.357396e-05 
2.970000e+01 4.334603e-03 -2.373125e-02 2.368162e-01 3.751226e+03 6.865787e+02 6.402606e+02  1000  5000 8.819795e-05     0 3.915672e-02    20 1.300008e+02 5.900153e-02 9.430953e-05 
2.980000e+01 4.331601e-03 -2.373125e-02 2.369099e-01 3.763820e+03 6.896170e+02 6.391863e+02  1000  5000 8.655741e-05     0 3.915671e-02    20 1.300007e+02 5.900154e-02 9.502314e-05 
2.990000e+01 4.329211e-03 -2.373126e-02 2.370035e-01 3.776414e+03 6.926564e+02 6.381120e+02  1000  5000 8.483284e-05     0 3.915670e-02    20 1.300007e+02 5.900155e-02 9.573335e-05 
   30 4.327527e-03 -2.373126e-02 2.370970e-01 3.789008e+03 6.956971e+02 6.370376e+02  1000  5000 8.318353e-05     0 3.915669e-02    20 1.300007e+02 5.900156e-02 9.647032e-05 
3.010000e+01 4.326556e-03 -2.373126e-02 2.371905e-01 3.801601e+03 6.987389e+02 6.359633e+02  1000  5000 8.179649e-05     0 3.915668e-02    20 1.300007e+02 5.900157e-02 9.725389e-05 
3.020000e+01 4.326241e-03 -2.373126e-02 2.372839e-01 3.814195e+03 7.017820e+02 6.348890e+02  1000  5000 8.049038e-05     0 3.915667e-02    20 1.300007e+02 5.900157e-02 9.808323e-05 
3.030000e+01 4.326531e-03 -2.373127e-02 2.373773e-01 3.826787e+03 7.048262e+02 6.338147e+02  1000  5000 7.931212e-05     0 3.915666e-02    20 1.300007e+02 5.900158e-02 9.894545e-05 
3.040000e+01 4.327377e-03 -2.373127e-02 2.374707e-01 3.839380e+03 7.078716e+02 6.327404e+02  1000  5000 7.827148e-05     0 3.915664e-02    20 1.300007e+02 5.900159e-02 9.981920e-05 
3.050000e+01 4.328728e-03 -2.373127e-02 2.375642e-01 3.851972e+03 7.109182e+02 6.316661e+02  1000  5000 7.736444e-05     0 3.915663e-02    20 1.300007e+02 5.900160e-02 1.006784e-04 
3.060000e+01 4.330707e-03 -2.373127e-02 2.376577e-01 3.864564e+03 7.139660e+02 6.305918e+02  1000  5000 7.421706e-05     0 3.915662e-02    20 1.300007e+02 5.900161e-02 1.015315e-04 
3.070000e+01 4.333660e-03 -2.373127e-02 2.377513e-01 3.877156e+03 7.170149e+02 6.295175e+02  1000  5000 7.275351e-05     0 3.915661e-02    20 1.300007e+02 5.900162e-02 1.024710e-04 
3.080000e+01 4.337407e-03 -2.373128e-02 2.378448e-01 3.889748e+03 7.200651e+02 6.284432e+02  1000  5000 7.205133e-05     0 3.915659e-02    20 1.300007e+02 5.900163e-02 1.035028e-04 
3.090000e+01 4.341657e-03 -2.373128e-02 2.379385e-01 3.902339e+03 7.231164e+02 6.273689e+02  1000  5000 7.172628e-05     0 3.915658e-02    20 1.300007e+02 5.900164e-02 1.045626e-04 
   31 4.346206e-03 -2.373128e-02 2.380323e-01 3.914930e+03 7.261690e+02 6.262946e+02  1000  5000 7.159947e-05     0 3.915656e-02    20 1.300007e+02 5.900165e-02 1.055633e-04 
3.110000e+01 4.351303e-03 -2.373128e-02 2.381264e-01 3.927520e+03 7.292227e+02 6.252203e+02  1000  5000 6.650644e-05     0 3.915655e-02    20 1.300007e+02 5.900166e-02 1.065018e-04 
3.120000e+01 4.357736e-03 -2.373128e-02 2.382205e-01 3.940110e+03 7.322776e+02 6.241460e+02  1000  5000 6.484749e-05     0 3.915653e-02    20 1.300007e+02 5.900167e-02 1.075722e-04 
3.130000e+01 4.365177e-03 -2.373128e-02 2.383147e-01 3.952700e+03 7.353337e+02 6.230717e+02  1000  5000 6.464359e-05     0 3.915652e-02    20 1.300007e+02 5.900168e-02 1.088007e-04 
3.140000e+01 4.373077e-03 -2.373128e-02 2.384090e-01 3.965290e+03 7.383910e+02 6.219974e+02  1000  5000 6.508070e-05     0 3.915650e-02    20 1.300007e+02 5.900169e-02 1.100755e-04 
3.150000e+01 4.381057e-03 -2.373128e-02 2.385036e-01 3.977880e+03 7.414495e+02 6.209230e+02  1000  5000 6.578898e-05     0 3.915649e-02    20 1.300007e+02 5.900171e-02 1.112428e-04 
3.160000e+01 4.389513e-03 -2.373129e-02 2.385986e-01 3.990469e+03 7.445092e+02 6.198487e+02  1000  5000 5.850124e-05     0 3.915647e-02    20 1.300007e+02 5.900172e-02 1.122867e-04 
3.170000e+01 4.399722e-03 -2.373129e-02 2.386937e-01 4.003057e+03 7.475701e+02 6.187744e+02  1000  5000 5.659780e-05     0 3.915645e-02    20 1.300007e+02 5.900173e-02 1.135145e-04 
3.180000e+01 4.411192e-03 -2.373129e-02 2.387889e-01 4.015646e+03 7.506322e+02 6.177001e+02  1000  5000 5.692450e-05     0 3.915643e-02    20 1.300007e+02 5.900174e-02 1.149750e-04 
3.190000e+01 4.423083e-03 -2.373129e-02 2.388844e-01 4.028234e+03 7.536956e+02 6.166258e+02  1000  5000 5.818894e-05     0 3.915641e-02    20 1.300007e+02 5.900176e-02 1.165028e-04 
   32 4.434822e-03 -2.373129e-02 2.389803e-01 4.040822e+03 7.567601e+02 6.155515e+02  1000  5000 5.980837e-05     0 3.915639e-02    20 1.300007e+02 5.900177e-02 1.178691e-04 
3.210000e+01 4.446968e-03 -2.373129e-02 2.390767e-01 4.053410e+03 7.598258e+02 6.144772e+02  1000  5000 4.999253e-05     0 3.915637e-02    20 1.300007e+02 5.900178e-02 1.190440e-04 
3.220000e+01 4.461358e-03 -2.373129e-02 2.391733e-01 4.065997e+03 7.628928e+02 6.134029e+02  1000  5000 4.778008e-05     0 3.915635e-02    20 1.300007e+02 5.900180e-02 1.204639e-04 
3.230000e+01 4.477315e-03 -2.373129e-02 2.392701e-01 4.078584e+03 7.659610e+02 6.123286e+02  1000  5000 4.868229e-05     0 3.915633e-02    20 1.300007e+02 5.900181e-02 1.222027e-04 
3.240000e+01 4.493661e-03 -2.373129e-02 2.393672e-01 4.091171e+03 7.690304e+02 6.112543e+02  1000  5000 5.086298e-05     0 3.915631e-02    20 1.300007e+02 5.900182e-02 1.240336e-04 
3.250000e+01 4.509600e-03 -2.373129e-02 2.394649e-01 4.103757e+03 7.721011e+02 6.101800e+02 2.819599e+03 9.350762e+03 5.349683e-05     0 3.915628e-02    20 1.300006e+02 5.900184e-02 1.256413e-04 
3.260000e+01 5.592692e-03 -1.134185e-02 2.395127e-01 4.116343e+03 7.751729e+02 6.090993e+02 2.819599e+03 9.350762e+03 -1.155372e-02     0 -1.675554e-01    20 1.300056e+02 7.233994e-02 3.055025e-04 
3.270000e+01 9.298128e-03 3.370577e-02 2.392868e-01 4.128928e+03 7.782462e+02 6.080295e+02 2.819599e+03 9.350762e+03 -1.542063e-02     0 -1.255512e-01    20 1.299547e+02 1.134024e-01 1.360902e-03 
3.280000e+01 1.534278e-02 8.164837e-02 2.386666e-01 4.141510e+03 7.813223e+02 6.070663e+02 2.819599e+03 9.350762e+03 -1.606436e-02     0 -6.549923e-02    20 1.297893e+02 1.492410e-01 3.591211e-03 
3.290000e+01 2.221986e-02 1.108290e-01 2.376242e-01 4.154081e+03 7.844025e+02 6.062926e+02 2.819599e+03 9.350762e+03 -1.528344e-02     0 -6.232170e-02    20 1.295268e+02 1.622417e-01 6.565836e-03 
   33 2.895271e-02 1.248417e-01 2.364805e-01 4.166632e+03 7.874874e+02 6.057319e+02 2.813509e+03 9.350944e+03 -1.395329e-02     0 -7.693737e-02    20 1.292063e+02 1.600124e-01 9.557760e-03 
3.310000e+01 3.521051e-02 1.331514e-01 2.357803e-01 4.179155e+03 7.905771e+02 6.053725e+02 2.813509e+03 9.350944e+03 -1.281272e-02     0 -7.733155e-02    20 1.288499e+02 1.533999e-01 1.200348e-02 
3.320000e+01 4.106158e-02 1.396588e-01 2.359026e-01 4.191642e+03 7.936718e+02 6.051959e+02 2.813509e+03 9.350944e+03 -1.147888e-02     0 -6.296389e-02    20 1.284643e+02 1.462987e-01 1.360701e-02 
3.330000e+01 4.664192e-02 1.439191e-01 2.369491e-01 4.204087e+03 7.967720e+02 6.051849e+02 2.813509e+03 9.350944e+03 -1.012062e-02     0 -4.768604e-02    20 1.280542e+02 1.382867e-01 1.426249e-02 
3.340000e+01 5.207325e-02 1.454880e-01 2.388642e-01 4.216488e+03 7.998782e+02 6.053203e+02 2.813509e+03 9.350944e+03 -8.779280e-03     0 -3.363114e-02    20 1.276266e+02 1.291463e-01 1.401351e-02 
3.350000e+01 5.741733e-02 1.446970e-01 2.415051e-01 4.228840e+03 8.029914e+02 6.055804e+02 2.807925e+03 9.351111e+03 -7.456622e-03     0 -2.097156e-02    20 1.271885e+02 1.193797e-01 1.301682e-02 
3.360000e+01 6.262783e-02 1.421844e-01 2.446783e-01 4.241141e+03 8.061125e+02 6.059427e+02 2.807925e+03 9.351111e+03 -5.727536e-03     0 -8.989178e-03    20 1.267459e+02 1.096622e-01 1.148856e-02 
3.370000e+01 6.755029e-02 1.384605e-01 2.481717e-01 4.253392e+03 8.092427e+02 6.063848e+02 2.807925e+03 9.351111e+03 -4.306870e-03     0 2.467981e-03    20 1.263036e+02 1.004336e-01 9.650207e-03 
3.380000e+01 7.209375e-02 1.338277e-01 2.517685e-01 4.265593e+03 8.123832e+02 6.068857e+02 2.807925e+03 9.351111e+03 -3.051930e-03     0 1.308218e-02    20 1.258653e+02 9.187603e-02 7.724511e-03 
3.390000e+01 7.618277e-02 1.284857e-01 2.552762e-01 4.277744e+03 8.155352e+02 6.074264e+02 2.807925e+03 9.351111e+03 -1.922642e-03     0 2.258611e-02    20 1.254344e+02 8.405440e-02 5.904440e-03 
   34 7.974818e-02 1.226100e-01 2.585505e-01 4.289847e+03 8.186997e+02 6.079894e+02 2.803246e+03 9.351250e+03 -9.160156e-04     0 3.092235e-02    20 1.250135e+02 7.700505e-02 4.331964e-03 
3.410000e+01 8.262823e-02 1.163628e-01 2.615179e-01 4.301903e+03 8.218775e+02 6.085589e+02 2.803246e+03 9.351250e+03 1.513602e-03     0 3.814162e-02    20 1.246051e+02 7.075063e-02 3.069314e-03 
3.420000e+01 8.454519e-02 1.098792e-01 2.641959e-01 4.313914e+03 8.250694e+02 6.091211e+02 2.803246e+03 9.351250e+03 2.772949e-03     0 4.430231e-02    20 1.242110e+02 6.529232e-02 2.076094e-03 
3.430000e+01 8.561248e-02 1.032694e-01 2.666150e-01 4.325882e+03 8.282755e+02 6.096639e+02 2.803246e+03 9.351250e+03 3.458566e-03     0 4.945369e-02    20 1.238328e+02 6.060950e-02 1.325176e-03 
3.440000e+01 8.604750e-02 9.662384e-02 2.687989e-01 4.337810e+03 8.314962e+02 6.101768e+02 2.803246e+03 9.351250e+03 3.821886e-03     0 5.364887e-02    20 1.234717e+02 5.666817e-02 8.014323e-04 
3.450000e+01 8.603713e-02 9.001779e-02 2.707716e-01 4.349698e+03 8.347313e+02 6.106511e+02 2.799480e+03 9.351363e+03 3.986951e-03     0 5.695005e-02    20 1.231287e+02 5.342690e-02 4.869139e-04 
3.460000e+01 8.564312e-02 8.351276e-02 2.725717e-01 4.361550e+03 8.379808e+02 6.110793e+02 2.799480e+03 9.351363e+03 5.118535e-03     0 5.942585e-02    20 1.228043e+02 5.083990e-02 3.419528e-04 
3.470000e+01 8.478674e-02 7.715707e-02 2.742685e-01 4.373366e+03 8.412447e+02 6.114555e+02 2.799480e+03 9.351363e+03 5.439577e-03     0 6.114692e-02    20 1.224991e+02 4.885875e-02 2.868955e-04 
3.480000e+01 8.360594e-02 7.099136e-02 2.759115e-01 4.385150e+03 8.445226e+02 6.117749e+02 2.799480e+03 9.351363e+03 5.400961e-03     0 6.218484e-02    20 1.222131e+02 4.743347e-02 2.735161e-04 
3.490000e+01 8.227311e-02 6.504989e-02 2.775244e-01 4.396903e+03 8.478145e+02 6.120338e+02 2.799480e+03 9.351363e+03 5.196191e-03     0 6.261034e-02    20 1.219465e+02 4.651340e-02 2.828918e-04 
   35 8.091351e-02 5.936059e-02 2.791157e-01 4.408626e+03 8.511202e+02 6.122295e+02 2.796477e+03 9.351453e+03 4.919110e-03     0 6.249168e-02    20 1.216990e+02 4.604809e-02 3.110961e-04 
3.510000e+01 7.955134e-02 5.394476e-02 2.806927e-01 4.420322e+03 8.544396e+02 6.123604e+02 2.796477e+03 9.351453e+03 5.345189e-03     0 6.189428e-02    20 1.214704e+02 4.598820e-02 3.512681e-04 
3.520000e+01 7.810616e-02 4.881697e-02 2.822777e-01 4.431992e+03 8.577726e+02 6.124255e+02 2.796477e+03 9.351453e+03 5.292579e-03     0 6.088051e-02    20 1.212602e+02 4.628625e-02 3.758430e-04 
3.530000e+01 7.663207e-02 4.398803e-02 2.838785e-01 4.443636e+03 8.611192e+02 6.124246e+02 2.796477e+03 9.351453e+03 5.054069e-03     0 5.951011e-02    20 1.210678e+02 4.689695e-02 3.778430e-04 
3.540000e+01 7.520552e-02 3.946539e-02 2.854880e-01 4.455258e+03 8.644794e+02 6.123580e+02 2.796477e+03 9.351453e+03 4.749759e-03     0 5.783949e-02    20 1.208928e+02 4.777730e-02 3.673259e-04 
3.550000e+01 7.387528e-02 3.525283e-02 2.870933e-01 4.466858e+03 8.678533e+02 6.122266e+02 2.794075e+03 9.351524e+03 4.433300e-03     0 5.592093e-02    20 1.207343e+02 4.888669e-02 3.602554e-04 
3.560000e+01 7.261409e-02 3.135008e-02 2.886870e-01 4.478437e+03 8.712410e+02 6.120319e+02 2.794075e+03 9.351524e+03 4.819854e-03     0 5.380245e-02    20 1.205916e+02 5.018713e-02 3.630333e-04 
3.570000e+01 7.131140e-02 2.775253e-02 2.902810e-01 4.489997e+03 8.746425e+02 6.117756e+02 2.794075e+03 9.351524e+03 4.771679e-03     0 5.152790e-02    20 1.204639e+02 5.164343e-02 3.568103e-04 
3.580000e+01 6.999505e-02 2.445382e-02 2.918781e-01 4.501539e+03 8.780580e+02 6.114597e+02 2.794075e+03 9.351524e+03 4.557634e-03     0 4.913783e-02    20 1.203503e+02 5.322319e-02 3.380858e-04 
3.590000e+01 6.872362e-02 2.144617e-02 2.934702e-01 4.513063e+03 8.814877e+02 6.110866e+02 2.794075e+03 9.351524e+03 4.285692e-03     0 4.666922e-02    20 1.202501e+02 5.489670e-02 3.167950e-04 
   36 6.753631e-02 1.872010e-02 2.950454e-01 4.524572e+03 8.849316e+02 6.106589e+02 2.792148e+03 9.351582e+03 4.003102e-03     0 4.415502e-02    20 1.201624e+02 5.663687e-02 3.067905e-04 
3.610000e+01 6.640254e-02 1.626415e-02 2.965989e-01 4.536066e+03 8.883899e+02 6.101791e+02 2.792148e+03 9.351582e+03 4.419085e-03     0 4.162416e-02    20 1.200863e+02 5.841925e-02 3.114035e-04 
3.620000e+01 6.521201e-02 1.406453e-02 2.981443e-01 4.547545e+03 8.918628e+02 6.096503e+02 2.792148e+03 9.351582e+03 4.399075e-03     0 3.910190e-02    20 1.200208e+02 6.022209e-02 3.084794e-04 
3.630000e+01 6.399336e-02 1.210737e-02 2.996864e-01 4.559012e+03 8.953505e+02 6.090751e+02 2.792148e+03 9.351582e+03 4.210467e-03     0 3.661070e-02    20 1.199653e+02 6.202616e-02 2.921315e-04 
3.640000e+01 6.280710e-02 1.037892e-02 3.012192e-01 4.570467e+03 8.988529e+02 6.084567e+02 2.792148e+03 9.351582e+03 3.960924e-03     0 3.417014e-02    20 1.199189e+02 6.381464e-02 2.708602e-04 
3.650000e+01 6.169489e-02 8.865263e-03 3.027321e-01 4.581910e+03 9.023703e+02 6.077978e+02 2.790604e+03 9.351628e+03 3.697945e-03     0 3.179659e-02    20 1.198807e+02 6.557286e-02 2.578960e-04 
3.660000e+01 6.063018e-02 7.551867e-03 3.042200e-01 4.593343e+03 9.059027e+02 6.071013e+02 2.790604e+03 9.351628e+03 4.106757e-03     0 2.950336e-02    20 1.198500e+02 6.728828e-02 2.566996e-04 
3.670000e+01 5.950825e-02 6.423255e-03 3.056955e-01 4.604766e+03 9.094502e+02 6.063703e+02 2.790604e+03 9.351628e+03 4.093923e-03     0 2.730106e-02    20 1.198260e+02 6.895049e-02 2.461466e-04 
3.680000e+01 5.835731e-02 5.464759e-03 3.071626e-01 4.616181e+03 9.130129e+02 6.056073e+02 2.790604e+03 9.351628e+03 3.917754e-03     0 2.519845e-02    20 1.198082e+02 7.055093e-02 2.215748e-04 
3.690000e+01 5.723613e-02 4.662628e-03 3.086152e-01 4.627587e+03 9.165908e+02 6.048153e+02 2.790604e+03 9.351628e+03 3.682312e-03     0 2.320243e-02    20 1.197957e+02 7.208278e-02 1.923850e-04 
   37 5.618512e-02 4.003660e-03 3.100427e-01 4.638985e+03 9.201839e+02 6.039966e+02 2.789367e+03 9.351665e+03 3.433536e-03     0 2.131778e-02    20 1.197880e+02 7.354067e-02 1.723214e-04 
3.710000e+01 5.517938e-02 3.474759e-03 3.114399e-01 4.650376e+03 9.237923e+02 6.031540e+02 2.789367e+03 9.351665e+03 3.821833e-03     0 1.954728e-02    20 1.197844e+02 7.492062e-02 1.652906e-04 
3.720000e+01 5.411924e-02 3.062530e-03 3.128183e-01 4.661760e+03 9.274158e+02 6.022898e+02 2.789367e+03 9.351665e+03 3.810093e-03     0 1.789207e-02    20 1.197845e+02 7.622003e-02 1.511867e-04 
3.730000e+01 5.303110e-02 2.754701e-03 3.141821e-01 4.673139e+03 9.310545e+02 6.014062e+02 2.789367e+03 9.351665e+03 3.643337e-03     0 1.635241e-02    20 1.197878e+02 7.743743e-02 1.257562e-04 
3.740000e+01 5.197065e-02 2.540155e-03 3.155261e-01 4.684511e+03 9.347082e+02 6.005054e+02 2.789367e+03 9.351665e+03 3.420245e-03     0 1.492760e-02    20 1.197937e+02 7.857234e-02 9.798463e-05 
3.750000e+01 5.097631e-02 2.408561e-03 3.168410e-01 4.695879e+03 9.383770e+02 5.995894e+02 2.788381e+03 9.351695e+03 3.184388e-03     0 1.361578e-02    20 1.198018e+02 7.962510e-02 8.071617e-05 
3.760000e+01 5.002545e-02 2.349949e-03 3.181224e-01 4.707241e+03 9.420606e+02 5.986600e+02 2.788381e+03 9.351695e+03 3.538698e-03     0 1.241399e-02    20 1.198118e+02 8.059674e-02 7.728575e-05 
3.770000e+01 4.902575e-02 2.354322e-03 3.193814e-01 4.718599e+03 9.457591e+02 5.977192e+02 2.788381e+03 9.351695e+03 3.522728e-03     0 1.131849e-02    20 1.198233e+02 8.148899e-02 6.838959e-05 
3.780000e+01 4.800172e-02 2.412785e-03 3.206228e-01 4.729952e+03 9.494721e+02 5.967684e+02 2.788381e+03 9.351695e+03 3.363504e-03     0 1.032533e-02    20 1.198359e+02 8.230419e-02 4.974448e-05 
3.790000e+01 4.700508e-02 2.517546e-03 3.218427e-01 4.741301e+03 9.531997e+02 5.958091e+02 2.788381e+03 9.351695e+03 3.152479e-03     0 9.430302e-03    20 1.198495e+02 8.304506e-02 2.941622e-05 
   38 4.607154e-02 2.661575e-03 3.230330e-01 4.752647e+03 9.569415e+02 5.948428e+02 2.787605e+03 9.351718e+03 2.930052e-03     0 8.628649e-03    20 1.198636e+02 8.371464e-02 1.901007e-05 
3.810000e+01 4.518095e-02 2.838224e-03 3.241905e-01 4.763989e+03 9.606974e+02 5.938707e+02 2.787605e+03 9.351718e+03 3.242729e-03     0 7.915188e-03    20 1.198782e+02 8.431620e-02 2.137257e-05 
3.820000e+01 4.424962e-02 3.040882e-03 3.253253e-01 4.775327e+03 9.644673e+02 5.928939e+02 2.787605e+03 9.351718e+03 3.220801e-03     0 7.284488e-03    20 1.198929e+02 8.485328e-02 1.867549e-05 
3.830000e+01 4.329961e-02 3.263867e-03 3.264424e-01 4.786662e+03 9.682508e+02 5.919134e+02 2.787605e+03 9.351718e+03 3.069929e-03     0 6.731320e-03    20 1.199077e+02 8.532958e-02 6.956279e-06 
3.840000e+01 4.237764e-02 3.502409e-03 3.275386e-01 4.797994e+03 9.720479e+02 5.909302e+02 2.787605e+03 9.351718e+03 2.872940e-03     0 6.250570e-03    20 1.199223e+02 8.574889e-02 -6.498189e-06 
3.850000e+01 4.151582e-02 3.752357e-03 3.286070e-01 4.809323e+03 9.758582e+02 5.899451e+02 2.787009e+03 9.351736e+03 2.666397e-03     0 5.836998e-03    20 1.199367e+02 8.611497e-02 -1.122657e-05 
3.860000e+01 4.069606e-02 4.009853e-03 3.296449e-01 4.820649e+03 9.796815e+02 5.889588e+02 2.787009e+03 9.351736e+03 2.938950e-03     0 5.485283e-03    20 1.199507e+02 8.643158e-02 -4.697347e-06 
3.870000e+01 3.984320e-02 4.271048e-03 3.306616e-01 4.831972e+03 9.835176e+02 5.879719e+02 2.787009e+03 9.351736e+03 2.913247e-03     0 5.190159e-03    20 1.199643e+02 8.670244e-02 -2.968591e-06 
3.880000e+01 3.897669e-02 4.532797e-03 3.316617e-01 4.843292e+03 9.873663e+02 5.869851e+02 2.787009e+03 9.351736e+03 2.773076e-03     0 4.946750e-03    20 1.199773e+02 8.693127e-02 -9.575693e-06 
3.890000e+01 3.813800e-02 4.792643e-03 3.326426e-01 4.854609e+03 9.912273e+02 5.859987e+02 2.787009e+03 9.351736e+03 2.592415e-03     0 4.750464e-03    20 1.199898e+02 8.712165e-02 -1.798272e-05 
   39 3.735554e-02 5.048575e-03 3.335984e-01 4.865924e+03 9.951003e+02 5.850132e+02 2.786572e+03 9.351749e+03 2.403878e-03     0 4.596782e-03    20 1.200016e+02 8.727702e-02 -1.884859e-05 
3.910000e+01 3.661300e-02 5.298762e-03 3.345268e-01 4.877235e+03 9.989851e+02 5.840290e+02 2.786572e+03 9.351749e+03 2.641428e-03     0 4.481277e-03    20 1.200128e+02 8.740065e-02 -9.932584e-06 
3.920000e+01 3.584336e-02 5.541320e-03 3.354360e-01 4.888545e+03 1.002882e+03 5.830463e+02 2.786572e+03 9.351749e+03 2.614718e-03     0 4.399701e-03    20 1.200232e+02 8.749570e-02 -5.553434e-06 
3.930000e+01 3.506363e-02 5.774861e-03 3.363304e-01 4.899851e+03 1.006789e+03 5.820653e+02 2.786572e+03 9.351749e+03 2.486905e-03     0 4.348229e-03    20 1.200330e+02 8.756520e-02 -8.845973e-06 
3.940000e+01 3.431043e-02 5.998485e-03 3.372077e-01 4.911155e+03 1.010708e+03 5.810863e+02 2.786572e+03 9.351749e+03 2.323632e-03     0 4.323364e-03    20 1.200421e+02 8.761201e-02 -1.399272e-05 
3.950000e+01 3.360875e-02 6.211580e-03 3.380628e-01 4.922456e+03 1.014638e+03 5.801094e+02 2.786278e+03 9.351757e+03 2.153805e-03     0 4.321750e-03    20 1.200505e+02 8.763877e-02 -1.269722e-05 
3.960000e+01 3.294395e-02 6.413614e-03 3.388936e-01 4.933754e+03 1.018578e+03 5.791346e+02 2.786278e+03 9.351757e+03 2.361821e-03     0 4.340173e-03    20 1.200582e+02 8.764794e-02 -2.971424e-06 
3.970000e+01 3.225647e-02 6.603945e-03 3.397077e-01 4.945050e+03 1.022528e+03 5.781621e+02 2.786278e+03 9.351757e+03 2.336108e-03     0 4.375618e-03    20 1.200652e+02 8.764185e-02 2.492565e-06 
3.980000e+01 3.156124e-02 6.782263e-03 3.405088e-01 4.956343e+03 1.026489e+03 5.771919e+02 2.786278e+03 9.351757e+03 2.221160e-03     0 4.425453e-03    20 1.200716e+02 8.762265e-02 9.365540e-07 
3.990000e+01 3.089052e-02 6.948583e-03 3.412949e-01 4.967634e+03 1.030460e+03 5.762239e+02 2.786278e+03 9.351757e+03 2.075085e-03     0 4.487341e-03    20 1.200773e+02 8.759233e-02 -2.464050e-06 
   40 3.026631e-02 7.103089e-03 3.420616e-01 4.978922e+03 1.034440e+03 5.752583e+02 2.786118e+03 9.351762e+03 1.923453e-03     0 4.559084e-03    20 1.200825e+02 8.755270e-02 -3.421148e-07 
4.010000e+01 2.967549e-02 7.245969e-03 3.428070e-01 4.990207e+03 1.038429e+03 5.742948e+02 2.786118e+03 9.351762e+03 2.106787e-03     0 4.638613e-03    20 1.200870e+02 8.750538e-02 9.077662e-06 
4.020000e+01 2.906519e-02 7.377265e-03 3.435377e-01 5.001490e+03 1.042428e+03 5.733336e+02 2.786118e+03 9.351762e+03 2.083224e-03     0 4.724030e-03    20 1.200911e+02 8.745187e-02 1.456773e-05 
4.030000e+01 2.844856e-02 7.497230e-03 3.442572e-01 5.012770e+03 1.046436e+03 5.723745e+02 2.786118e+03 9.351762e+03 1.980755e-03     0 4.813742e-03    20 1.200946e+02 8.739355e-02 1.370555e-05 
4.040000e+01 2.785409e-02 7.606326e-03 3.449637e-01 5.024047e+03 1.050453e+03 5.714174e+02 2.786118e+03 9.351762e+03 1.850840e-03     0 4.906395e-03    20 1.200976e+02 8.733163e-02 1.109552e-05 
4.050000e+01 2.730115e-02 7.705099e-03 3.456531e-01 5.035322e+03 1.054478e+03 5.704623e+02 2.786080e+03 9.351763e+03 1.716108e-03     0 5.000735e-03    20 1.201002e+02 8.726719e-02 1.328171e-05 
4.060000e+01 2.677803e-02 7.794053e-03 3.463238e-01 5.046594e+03 1.058512e+03 5.695091e+02 2.786080e+03 9.351763e+03 1.878618e-03     0 5.095604e-03    20 1.201024e+02 8.720117e-02 2.185030e-05 
4.070000e+01 2.623782e-02 7.873530e-03 3.469818e-01 5.057864e+03 1.062554e+03 5.685576e+02 2.786080e+03 9.351763e+03 1.857637e-03     0 5.189964e-03    20 1.201042e+02 8.713441e-02 2.685969e-05 
4.080000e+01 2.569214e-02 7.944005e-03 3.476300e-01 5.069131e+03 1.066604e+03 5.676078e+02 2.786080e+03 9.351763e+03 1.766703e-03     0 5.283008e-03    20 1.201056e+02 8.706767e-02 2.617402e-05 
4.090000e+01 2.516620e-02 8.006078e-03 3.482668e-01 5.080396e+03 1.070662e+03 5.666596e+02 2.786080e+03 9.351763e+03 1.651454e-03     0 5.374097e-03    20 1.201068e+02 8.700157e-02 2.388814e-05 
   41 2.467713e-02 8.060384e-03 3.488886e-01 5.091658e+03 1.074727e+03 5.657128e+02 2.786156e+03 9.351761e+03 1.531955e-03     0 5.462656e-03    20 1.201076e+02 8.693667e-02 2.581751e-05 
4.110000e+01 2.421452e-02 8.107493e-03 3.494941e-01 5.102917e+03 1.078800e+03 5.647674e+02 2.786156e+03 9.351761e+03 1.676555e-03     0 5.548162e-03    20 1.201082e+02 8.687339e-02 3.337773e-05 
4.120000e+01 2.373670e-02 8.147816e-03 3.500883e-01 5.114174e+03 1.082881e+03 5.638232e+02 2.786156e+03 9.351761e+03 1.658125e-03     0 5.630167e-03    20 1.201085e+02 8.681212e-02 3.775037e-05 
4.130000e+01 2.325399e-02 8.181844e-03 3.506740e-01 5.125429e+03 1.086968e+03 5.628802e+02 2.786156e+03 9.351761e+03 1.577538e-03     0 5.708383e-03    20 1.201086e+02 8.675317e-02 3.704458e-05 
4.140000e+01 2.278874e-02 8.210144e-03 3.512497e-01 5.136681e+03 1.091063e+03 5.619383e+02 2.786156e+03 9.351761e+03 1.475339e-03     0 5.782637e-03    20 1.201085e+02 8.669681e-02 3.490256e-05 
4.150000e+01 2.235617e-02 8.233293e-03 3.518123e-01 5.147930e+03 1.095164e+03 5.609973e+02 2.786337e+03 9.351756e+03 1.369349e-03     0 5.852780e-03    20 1.201083e+02 8.664321e-02 3.649594e-05 
4.160000e+01 2.194699e-02 8.251792e-03 3.523603e-01 5.159177e+03 1.099272e+03 5.600571e+02 2.786337e+03 9.351756e+03 1.498276e-03     0 5.918685e-03    20 1.201079e+02 8.659248e-02 4.308726e-05 
4.170000e+01 2.152421e-02 8.266001e-03 3.528985e-01 5.170422e+03 1.103387e+03 5.591178e+02 2.786337e+03 9.351756e+03 1.482147e-03     0 5.980260e-03    20 1.201074e+02 8.654474e-02 4.684166e-05 
4.180000e+01 2.109698e-02 8.276327e-03 3.534292e-01 5.181665e+03 1.107508e+03 5.581791e+02 2.786337e+03 9.351756e+03 1.410706e-03     0 6.037519e-03    20 1.201068e+02 8.650002e-02 4.608002e-05 
4.190000e+01 2.068519e-02 8.283227e-03 3.539511e-01 5.192905e+03 1.111636e+03 5.572410e+02 2.786337e+03 9.351756e+03 1.320017e-03     0 6.090548e-03    20 1.201061e+02 8.645836e-02 4.404302e-05 
   42 2.030235e-02 8.287154e-03 3.544614e-01 5.204142e+03 1.115770e+03 5.563035e+02 2.786616e+03 9.351747e+03 1.225930e-03     0 6.139431e-03    20 1.201054e+02 8.641972e-02 4.533266e-05 
4.210000e+01 1.994020e-02 8.288493e-03 3.549588e-01 5.215378e+03 1.119910e+03 5.553665e+02 2.786616e+03 9.351747e+03 1.340970e-03     0 6.184250e-03    20 1.201045e+02 8.638406e-02 5.107438e-05 
4.220000e+01 1.956586e-02 8.287502e-03 3.554476e-01 5.226611e+03 1.124055e+03 5.544299e+02 2.786616e+03 9.351747e+03 1.326836e-03     0 6.225097e-03    20 1.201037e+02 8.635132e-02 5.429852e-05 
4.230000e+01 1.918749e-02 8.284474e-03 3.559297e-01 5.237842e+03 1.128207e+03 5.534936e+02 2.786616e+03 9.351747e+03 1.263436e-03     0 6.262129e-03    20 1.201027e+02 8.632141e-02 5.351078e-05 
4.240000e+01 1.882276e-02 8.279738e-03 3.564040e-01 5.249071e+03 1.132364e+03 5.525576e+02 2.786616e+03 9.351747e+03 1.182880e-03     0 6.295546e-03    20 1.201018e+02 8.629425e-02 5.159543e-05 
4.250000e+01 1.848370e-02 8.273611e-03 3.568681e-01 5.260298e+03 1.136527e+03 5.516219e+02 2.786983e+03 9.351736e+03 1.099276e-03     0 6.325532e-03    20 1.201009e+02 8.626971e-02 5.264929e-05 
4.260000e+01 1.816296e-02 8.266354e-03 3.573207e-01 5.271522e+03 1.140695e+03 5.506863e+02 2.786983e+03 9.351736e+03 1.201918e-03     0 6.352252e-03    20 1.200999e+02 8.624767e-02 5.767517e-05 
4.270000e+01 1.783132e-02 8.258127e-03 3.577657e-01 5.282745e+03 1.144869e+03 5.497510e+02 2.786983e+03 9.351736e+03 1.189485e-03     0 6.375865e-03    20 1.200989e+02 8.622801e-02 6.046842e-05 
4.280000e+01 1.749605e-02 8.249112e-03 3.582048e-01 5.293965e+03 1.149048e+03 5.488157e+02 2.786983e+03 9.351736e+03 1.133158e-03     0 6.396573e-03    20 1.200980e+02 8.621058e-02 5.969775e-05 
4.290000e+01 1.717287e-02 8.239518e-03 3.586370e-01 5.305183e+03 1.153232e+03 5.478805e+02 2.786983e+03 9.351736e+03 1.061539e-03     0 6.414598e-03    20 1.200971e+02 8.619527e-02 5.793064e-05 
   43 1.687245e-02 8.229549e-03 3.590600e-01 5.316400e+03 1.157421e+03 5.469454e+02 2.787433e+03 9.351723e+03 9.871875e-04     0 6.430140e-03    20 1.200961e+02 8.618193e-02 5.881493e-05 
4.310000e+01 1.658828e-02 8.219363e-03 3.594729e-01 5.327614e+03 1.161616e+03 5.460103e+02 2.787433e+03 9.351723e+03 1.078720e-03     0 6.443374e-03    20 1.200952e+02 8.617042e-02 6.324394e-05 
4.320000e+01 1.629440e-02 8.209034e-03 3.598790e-01 5.338827e+03 1.165815e+03 5.450753e+02 2.787433e+03 9.351723e+03 1.067736e-03     0 6.454461e-03    20 1.200944e+02 8.616060e-02 6.569249e-05 
4.330000e+01 1.599727e-02 8.198657e-03 3.602799e-01 5.350037e+03 1.170019e+03 5.441402e+02 2.787433e+03 9.351723e+03 1.017650e-03     0 6.463588e-03    20 1.200935e+02 8.615234e-02 6.497418e-05 
4.340000e+01 1.571085e-02 8.188351e-03 3.606747e-01 5.361246e+03 1.174227e+03 5.432050e+02 2.787433e+03 9.351723e+03 9.539354e-04     0 6.470954e-03    20 1.200927e+02 8.614552e-02 6.337450e-05 
4.350000e+01 1.544466e-02 8.178233e-03 3.610614e-01 5.372453e+03 1.178440e+03 5.422699e+02 2.787958e+03 9.351707e+03 8.877778e-04     0 6.476730e-03    20 1.200919e+02 8.614001e-02 6.414129e-05 
4.360000e+01 1.519289e-02 8.168383e-03 3.614390e-01 5.383658e+03 1.182658e+03 5.413346e+02 2.787958e+03 9.351707e+03 9.693375e-04     0 6.481065e-03    20 1.200911e+02 8.613568e-02 6.807022e-05 
4.370000e+01 1.493249e-02 8.158816e-03 3.618106e-01 5.394862e+03 1.186880e+03 5.403993e+02 2.787958e+03 9.351707e+03 9.595969e-04     0 6.484090e-03    20 1.200904e+02 8.613242e-02 7.024166e-05 
4.380000e+01 1.466921e-02 8.149566e-03 3.621776e-01 5.406063e+03 1.191107e+03 5.394639e+02 2.787958e+03 9.351707e+03 9.150347e-04     0 6.485952e-03    20 1.200897e+02 8.613012e-02 6.959851e-05 
4.390000e+01 1.441545e-02 8.140691e-03 3.625391e-01 5.417263e+03 1.195338e+03 5.385285e+02 2.787958e+03 9.351707e+03 8.583366e-04     0 6.486806e-03    20 1.200890e+02 8.612868e-02 6.817478e-05 
   44 1.417965e-02 8.132247e-03 3.628934e-01 5.428462e+03 1.199573e+03 5.375929e+02 2.788551e+03 9.351690e+03 7.994576e-04     0 6.486782e-03    20 1.200884e+02 8.612800e-02 6.886132e-05 
4.410000e+01 1.395667e-02 8.124264e-03 3.632398e-01 5.439658e+03 1.203812e+03 5.366573e+02 2.788551e+03 9.351690e+03 8.720596e-04     0 6.485987e-03    20 1.200878e+02 8.612798e-02 7.236659e-05 
4.420000e+01 1.372605e-02 8.116722e-03 3.635807e-01 5.450853e+03 1.208055e+03 5.357215e+02 2.788551e+03 9.351690e+03 8.633928e-04     0 6.484512e-03    20 1.200872e+02 8.612855e-02 7.431196e-05 
4.430000e+01 1.349288e-02 8.109618e-03 3.639175e-01 5.462047e+03 1.212303e+03 5.347857e+02 2.788551e+03 9.351690e+03 8.237372e-04     0 6.482462e-03    20 1.200867e+02 8.612961e-02 7.375605e-05 
4.440000e+01 1.326819e-02 8.102971e-03 3.642495e-01 5.473239e+03 1.216554e+03 5.338498e+02 2.788551e+03 9.351690e+03 7.732835e-04     0 6.479943e-03    20 1.200862e+02 8.613110e-02 7.250815e-05 
4.450000e+01 1.305945e-02 8.096801e-03 3.645751e-01 5.484429e+03 1.220809e+03 5.329137e+02 2.789207e+03 9.351670e+03 7.208869e-04     0 6.477043e-03    20 1.200857e+02 8.613296e-02 7.314000e-05 
4.460000e+01 1.286210e-02 8.091110e-03 3.648936e-01 5.495618e+03 1.225068e+03 5.319776e+02 2.789207e+03 9.351670e+03 7.854397e-04     0 6.473831e-03    20 1.200852e+02 8.613511e-02 7.628212e-05 
4.470000e+01 1.265801e-02 8.085859e-03 3.652073e-01 5.506805e+03 1.229331e+03 5.310414e+02 2.789207e+03 9.351670e+03 7.777076e-04     0 6.470360e-03    20 1.200848e+02 8.613750e-02 7.804004e-05 
4.480000e+01 1.245169e-02 8.081028e-03 3.655173e-01 5.517991e+03 1.233597e+03 5.301051e+02 2.789207e+03 9.351670e+03 7.424207e-04     0 6.466696e-03    20 1.200844e+02 8.614009e-02 7.757609e-05 
4.490000e+01 1.225291e-02 8.076615e-03 3.658231e-01 5.529176e+03 1.237867e+03 5.291687e+02 2.789207e+03 9.351670e+03 6.975358e-04     0 6.462907e-03    20 1.200840e+02 8.614282e-02 7.649848e-05 
   45 1.206830e-02 8.072621e-03 3.661231e-01 5.540359e+03 1.242140e+03 5.282322e+02 2.789920e+03 9.351649e+03 6.509239e-04     0 6.459043e-03    20 1.200836e+02 8.614566e-02 7.709324e-05 
4.510000e+01 1.189381e-02 8.069035e-03 3.664168e-01 5.551541e+03 1.246417e+03 5.272957e+02 2.789920e+03 9.351649e+03 7.082410e-04     0 6.455143e-03    20 1.200832e+02 8.614857e-02 7.992122e-05 
4.520000e+01 1.171339e-02 8.065813e-03 3.667063e-01 5.562721e+03 1.250698e+03 5.263590e+02 2.789920e+03 9.351649e+03 7.013263e-04     0 6.451231e-03    20 1.200829e+02 8.615151e-02 8.152182e-05 
4.530000e+01 1.153104e-02 8.062928e-03 3.669926e-01 5.573900e+03 1.254982e+03 5.254223e+02 2.789920e+03 9.351649e+03 6.699362e-04     0 6.447343e-03    20 1.200826e+02 8.615446e-02 8.115033e-05 
4.540000e+01 1.135540e-02 8.060371e-03 3.672751e-01 5.585078e+03 1.259269e+03 5.244856e+02 2.789920e+03 9.351649e+03 6.300256e-04     0 6.443516e-03    20 1.200823e+02 8.615740e-02 8.023480e-05 
4.550000e+01 1.119233e-02 8.058134e-03 3.675524e-01 5.596254e+03 1.263559e+03 5.235487e+02 2.790687e+03 9.351626e+03 5.885827e-04     0 6.439777e-03    20 1.200820e+02 8.616030e-02 8.080521e-05 
4.560000e+01 1.103825e-02 8.056202e-03 3.678242e-01 5.607429e+03 1.267853e+03 5.226118e+02 2.790687e+03 9.351626e+03 6.393920e-04     0 6.436140e-03    20 1.200817e+02 8.616315e-02 8.336003e-05 
4.570000e+01 1.087898e-02 8.054535e-03 3.680923e-01 5.618603e+03 1.272150e+03 5.216749e+02 2.790687e+03 9.351626e+03 6.331942e-04     0 6.432612e-03    20 1.200815e+02 8.616593e-02 8.482785e-05 
4.580000e+01 1.071804e-02 8.053107e-03 3.683574e-01 5.629775e+03 1.276450e+03 5.207379e+02 2.790687e+03 9.351626e+03 6.052845e-04     0 6.429207e-03    20 1.200812e+02 8.616862e-02 8.454736e-05 
4.590000e+01 1.056308e-02 8.051905e-03 3.686192e-01 5.640947e+03 1.280753e+03 5.198008e+02 2.790687e+03 9.351626e+03 5.698218e-04     0 6.425943e-03    20 1.200810e+02 8.617123e-02 8.378500e-05 
   46 1.041925e-02 8.050923e-03 3.688765e-01 5.652117e+03 1.285059e+03 5.188638e+02 2.791503e+03 9.351601e+03 5.330028e-04     0 6.422830e-03    20 1.200807e+02 8.617374e-02 8.434100e-05 
4.610000e+01 1.028342e-02 8.050146e-03 3.691289e-01 5.663286e+03 1.289368e+03 5.179266e+02 2.791503e+03 9.351601e+03 5.779543e-04     0 6.419869e-03    20 1.200805e+02 8.617614e-02 8.665794e-05 
4.620000e+01 1.014305e-02 8.049541e-03 3.693779e-01 5.674454e+03 1.293680e+03 5.169895e+02 2.791503e+03 9.351601e+03 5.723861e-04     0 6.417054e-03    20 1.200803e+02 8.617843e-02 8.801389e-05 
4.630000e+01 1.000127e-02 8.049084e-03 3.696244e-01 5.685621e+03 1.297995e+03 5.160523e+02 2.791503e+03 9.351601e+03 5.475876e-04     0 6.414387e-03    20 1.200801e+02 8.618062e-02 8.782234e-05 
4.640000e+01 9.864790e-03 8.048767e-03 3.698679e-01 5.696786e+03 1.302313e+03 5.151150e+02 2.791503e+03 9.351601e+03 5.161057e-04     0 6.411876e-03    20 1.200799e+02 8.618269e-02 8.720459e-05 
4.650000e+01 9.738179e-03 8.048584e-03 3.701074e-01 5.707951e+03 1.306634e+03 5.141778e+02 2.792364e+03 9.351576e+03 4.834264e-04     0 6.409520e-03    20 1.200797e+02 8.618466e-02 8.775458e-05 
4.660000e+01 9.618661e-03 8.048524e-03 3.703425e-01 5.719114e+03 1.310957e+03 5.132405e+02 2.792364e+03 9.351576e+03 5.231005e-04     0 6.407313e-03    20 1.200795e+02 8.618651e-02 8.986475e-05 
4.670000e+01 9.495204e-03 8.048561e-03 3.705747e-01 5.730276e+03 1.315284e+03 5.123032e+02 2.792364e+03 9.351576e+03 5.180850e-04     0 6.405244e-03    20 1.200793e+02 8.618825e-02 9.112719e-05 
4.680000e+01 9.370553e-03 8.048677e-03 3.708047e-01 5.741437e+03 1.319612e+03 5.113659e+02 2.792364e+03 9.351576e+03 4.960699e-04     0 6.403310e-03    20 1.200791e+02 8.618989e-02 9.102261e-05 
4.690000e+01 9.250622e-03 8.048867e-03 3.710320e-01 5.752598e+03 1.323944e+03 5.104286e+02 2.792364e+03 9.351576e+03 4.681535e-04     0 6.401511e-03    20 1.200790e+02 8.619142e-02 9.054182e-05 
   47 9.139416e-03 8.049129e-03 3.712558e-01 5.763757e+03 1.328278e+03 5.094912e+02 2.793268e+03 9.351549e+03 4.391835e-04     0 6.399843e-03    20 1.200788e+02 8.619286e-02 9.109330e-05 
4.710000e+01 9.034499e-03 8.049454e-03 3.714757e-01 5.774915e+03 1.332615e+03 5.085539e+02 2.793268e+03 9.351549e+03 4.740979e-04     0 6.398297e-03    20 1.200786e+02 8.619420e-02 9.302447e-05 
4.720000e+01 8.926182e-03 8.049824e-03 3.716931e-01 5.786072e+03 1.336954e+03 5.076165e+02 2.793268e+03 9.351549e+03 4.695676e-04     0 6.396860e-03    20 1.200784e+02 8.619546e-02 9.420988e-05 
4.730000e+01 8.816873e-03 8.050225e-03 3.719084e-01 5.797228e+03 1.341296e+03 5.066791e+02 2.793268e+03 9.351549e+03 4.500446e-04     0 6.395527e-03    20 1.200783e+02 8.619663e-02 9.419065e-05 
4.740000e+01 8.711758e-03 8.050656e-03 3.721214e-01 5.808383e+03 1.345640e+03 5.057417e+02 2.793268e+03 9.351549e+03 4.253241e-04     0 6.394296e-03    20 1.200781e+02 8.619771e-02 9.384015e-05 
4.750000e+01 8.614349e-03 8.051117e-03 3.723314e-01 5.819537e+03 1.349987e+03 5.048043e+02 2.794211e+03 9.351520e+03 3.996806e-04     0 6.393162e-03    20 1.200779e+02 8.619873e-02 9.439997e-05 
4.760000e+01 8.522510e-03 8.051603e-03 3.725379e-01 5.830690e+03 1.354336e+03 5.038669e+02 2.794211e+03 9.351520e+03 4.302974e-04     0 6.392115e-03    20 1.200778e+02 8.619967e-02 9.617707e-05 
4.770000e+01 8.427758e-03 8.052101e-03 3.727422e-01 5.841842e+03 1.358688e+03 5.029295e+02 2.794211e+03 9.351520e+03 4.261927e-04     0 6.391145e-03    20 1.200776e+02 8.620055e-02 9.730032e-05 
4.780000e+01 8.332196e-03 8.052602e-03 3.729447e-01 5.852994e+03 1.363042e+03 5.019921e+02 2.794211e+03 9.351520e+03 4.089027e-04     0 6.390245e-03    20 1.200775e+02 8.620136e-02 9.736517e-05 
4.790000e+01 8.240361e-03 8.053107e-03 3.731452e-01 5.864144e+03 1.367398e+03 5.010547e+02 2.794211e+03 9.351520e+03 3.870497e-04     0 6.389414e-03    20 1.200773e+02 8.620213e-02 9.713917e-05 
   48 8.155317e-03 8.053617e-03 3.733430e-01 5.875293e+03 1.371757e+03 5.001173e+02 2.795192e+03 9.351491e+03 3.643920e-04     0 6.388647e-03    20 1.200771e+02 8.620284e-02 9.771358e-05 
4.810000e+01 8.075203e-03 8.054131e-03 3.735377e-01 5.886442e+03 1.376118e+03 4.991798e+02 2.795192e+03 9.351491e+03 3.911242e-04     0 6.387936e-03    20 1.200770e+02 8.620350e-02 9.935898e-05 
4.820000e+01 7.992616e-03 8.054638e-03 3.737305e-01 5.897589e+03 1.380481e+03 4.982424e+02 2.795192e+03 9.351491e+03 3.873930e-04     0 6.387272e-03    20 1.200768e+02 8.620412e-02 1.004334e-04 
4.830000e+01 7.909383e-03 8.055135e-03 3.739218e-01 5.908736e+03 1.384846e+03 4.973050e+02 2.795192e+03 9.351491e+03 3.721059e-04     0 6.386650e-03    20 1.200767e+02 8.620470e-02 1.005813e-04 
4.840000e+01 7.829459e-03 8.055622e-03 3.741112e-01 5.919882e+03 1.389214e+03 4.963676e+02 2.795192e+03 9.351491e+03 3.528282e-04     0 6.386068e-03    20 1.200765e+02 8.620525e-02 1.004747e-04 
4.850000e+01 7.755511e-03 8.056102e-03 3.742983e-01 5.931027e+03 1.393584e+03 4.954302e+02 2.796207e+03 9.351461e+03 3.328534e-04     0 6.385524e-03    20 1.200763e+02 8.620577e-02 1.010693e-04 
4.860000e+01 7.685920e-03 8.056576e-03 3.744828e-01 5.942171e+03 1.397956e+03 4.944928e+02 2.796207e+03 9.351461e+03 3.560705e-04     0 6.385011e-03    20 1.200762e+02 8.620626e-02 1.026029e-04 
4.870000e+01 7.614251e-03 8.057036e-03 3.746655e-01 5.953314e+03 1.402330e+03 4.935553e+02 2.796207e+03 9.351461e+03 3.526674e-04     0 6.384523e-03    20 1.200760e+02 8.620673e-02 1.036404e-04 
4.880000e+01 7.542088e-03 8.057480e-03 3.748469e-01 5.964457e+03 1.406706e+03 4.926179e+02 2.796207e+03 9.351461e+03 3.391789e-04     0 6.384056e-03    20 1.200759e+02 8.620717e-02 1.038702e-04 
4.890000e+01 7.472860e-03 8.057910e-03 3.750268e-01 5.975598e+03 1.411084e+03 4.916805e+02 2.796207e+03 9.351461e+03 3.222169e-04     0 6.383609e-03    20 1.200757e+02 8.620760e-02 1.038783e-04 
   49 7.408878e-03 8.058329e-03 3.752046e-01 5.986739e+03 1.415464e+03 4.907431e+02 2.797256e+03 9.351429e+03 3.046561e-04     0 6.383181e-03    20 1.200756e+02 8.620801e-02 1.044980e-04 
4.910000e+01 7.348744e-03 8.058739e-03 3.753801e-01 5.997879e+03 1.419847e+03 4.898057e+02 2.797256e+03 9.351429e+03 3.246889e-04     0 6.382767e-03    20 1.200754e+02 8.620840e-02 1.059374e-04 
4.920000e+01 7.286887e-03 8.059134e-03 3.755541e-01 6.009018e+03 1.424231e+03 4.888683e+02 2.797256e+03 9.351429e+03 3.215746e-04     0 6.382362e-03    20 1.200752e+02 8.620879e-02 1.069484e-04 
4.930000e+01 7.224675e-03 8.059513e-03 3.757270e-01 6.020156e+03 1.428617e+03 4.879308e+02 2.797256e+03 9.351429e+03 3.097038e-04     0 6.381965e-03    20 1.200751e+02 8.620916e-02 1.072590e-04 
4.940000e+01 7.165064e-03 8.059879e-03 3.758985e-01 6.031294e+03 1.433006e+03 4.869934e+02 2.797256e+03 9.351429e+03 2.948269e-04     0 6.381575e-03    20 1.200749e+02 8.620953e-02 1.073772e-04 
4.950000e+01 7.110046e-03 8.060233e-03 3.760682e-01 6.042430e+03 1.437396e+03 4.860560e+02 2.798337e+03 9.351397e+03 2.794412e-04     0 6.381192e-03    20 1.200748e+02 8.620989e-02 1.080260e-04 
4.960000e+01 7.058421e-03 8.060580e-03 3.762360e-01 6.053566e+03 1.441788e+03 4.851186e+02 2.798337e+03 9.351397e+03 2.965868e-04     0 6.380813e-03    20 1.200746e+02 8.621024e-02 1.093866e-04 
4.970000e+01 7.005396e-03 8.060913e-03 3.764024e-01 6.064702e+03 1.446182e+03 4.841812e+02 2.798337e+03 9.351397e+03 2.937275e-04     0 6.380434e-03    20 1.200745e+02 8.621059e-02 1.103798e-04 
4.980000e+01 6.952139e-03 8.061233e-03 3.765679e-01 6.075836e+03 1.450578e+03 4.832438e+02 2.798337e+03 9.351397e+03 2.833139e-04     0 6.380054e-03    20 1.200743e+02 8.621094e-02 1.107697e-04 
4.990000e+01 6.901187e-03 8.061542e-03 3.767322e-01 6.086970e+03 1.454976e+03 4.823064e+02 2.798337e+03 9.351397e+03 2.703178e-04     0 6.379675e-03    20 1.200742e+02 8.621129e-02 1.109937e-04 
   50 6.854245e-03 8.061843e-03 3.768950e-01 6.098102e+03 1.459376e+03 4.813690e+02 2.799448e+03 9.351364e+03 2.568952e-04     0 6.379296e-03    20 1.200740e+02 8.621164e-02 1.116746e-04 
5.010000e+01 6.810288e-03 8.062137e-03 3.770561e-01 6.109235e+03 1.463778e+03 4.804316e+02 2.799448e+03 9.351364e+03 2.714199e-04     0 6.378915e-03    20 1.200739e+02 8.621198e-02 1.129696e-04 
5.020000e+01 6.765223e-03 8.062422e-03 3.772161e-01 6.120366e+03 1.468181e+03 4.794942e+02 2.799448e+03 9.351364e+03 2.687870e-04     0 6.378531e-03    20 1.200737e+02 8.621233e-02 1.139525e-04 
5.030000e+01 6.720041e-03 8.062697e-03 3.773753e-01 6.131497e+03 1.472586e+03 4.785568e+02 2.799448e+03 9.351364e+03 2.596888e-04     0 6.378142e-03    20 1.200736e+02 8.621267e-02 1.144197e-04 
5.040000e+01 6.676897e-03 8.062964e-03 3.775335e-01 6.142627e+03 1.476994e+03 4.776193e+02 2.799448e+03 9.351364e+03 2.483921e-04     0 6.377751e-03    20 1.200734e+02 8.621302e-02 1.147449e-04 
5.050000e+01 6.637243e-03 8.063225e-03 3.776903e-01 6.153756e+03 1.481402e+03 4.766819e+02 2.800588e+03 9.351330e+03 2.367446e-04     0 6.377357e-03    20 1.200733e+02 8.621337e-02 1.154600e-04 
5.060000e+01 6.600210e-03 8.063483e-03 3.778458e-01 6.164884e+03 1.485813e+03 4.757445e+02 2.800588e+03 9.351330e+03 2.488877e-04     0 6.376960e-03    20 1.200731e+02 8.621372e-02 1.167007e-04 
5.070000e+01 6.562333e-03 8.063734e-03 3.780003e-01 6.176012e+03 1.490226e+03 4.748071e+02 2.800588e+03 9.351330e+03 2.464566e-04     0 6.376557e-03    20 1.200730e+02 8.621408e-02 1.176792e-04 
5.080000e+01 6.524442e-03 8.063978e-03 3.781541e-01 6.187139e+03 1.494640e+03 4.738697e+02 2.800588e+03 9.351330e+03 2.385485e-04     0 6.376150e-03    20 1.200728e+02 8.621443e-02 1.182214e-04 
5.090000e+01 6.488353e-03 8.064217e-03 3.783071e-01 6.198265e+03 1.499056e+03 4.729323e+02 2.800588e+03 9.351330e+03 2.287907e-04     0 6.375738e-03    20 1.200727e+02 8.621479e-02 1.186430e-04 
   51 6.455287e-03 8.064453e-03 3.784591e-01 6.209391e+03 1.503474e+03 4.719949e+02 2.801756e+03 9.351295e+03 2.187518e-04     0 6.375324e-03    20 1.200726e+02 8.621515e-02 1.193938e-04 
5.110000e+01 6.424517e-03 8.064688e-03 3.786098e-01 6.220516e+03 1.507893e+03 4.710575e+02 2.801756e+03 9.351295e+03 2.287275e-04     0 6.374906e-03    20 1.200724e+02 8.621551e-02 1.205893e-04 
5.120000e+01 6.393143e-03 8.064918e-03 3.787597e-01 6.231640e+03 1.512314e+03 4.701201e+02 2.801756e+03 9.351295e+03 2.264776e-04     0 6.374484e-03    20 1.200723e+02 8.621588e-02 1.215680e-04 
5.130000e+01 6.361850e-03 8.065144e-03 3.789091e-01 6.242764e+03 1.516737e+03 4.691827e+02 2.801756e+03 9.351295e+03 2.196487e-04     0 6.374057e-03    20 1.200721e+02 8.621625e-02 1.221826e-04 
5.140000e+01 6.332148e-03 8.065367e-03 3.790578e-01 6.253886e+03 1.521162e+03 4.682452e+02 2.801756e+03 9.351295e+03 2.112877e-04     0 6.373627e-03    20 1.200720e+02 8.621661e-02 1.226958e-04 
5.150000e+01 6.305050e-03 8.065589e-03 3.792056e-01 6.265009e+03 1.525588e+03 4.673078e+02 2.802951e+03 9.351259e+03 2.027097e-04     0 6.373195e-03    20 1.200719e+02 8.621699e-02 1.234825e-04 
5.160000e+01 6.279960e-03 8.065810e-03 3.793524e-01 6.276130e+03 1.530016e+03 4.663704e+02 2.802951e+03 9.351259e+03 2.107096e-04     0 6.372760e-03    20 1.200717e+02 8.621736e-02 1.246406e-04 
5.170000e+01 6.254481e-03 8.066029e-03 3.794986e-01 6.287251e+03 1.534445e+03 4.654330e+02 2.802951e+03 9.351259e+03 2.086229e-04     0 6.372322e-03    20 1.200716e+02 8.621773e-02 1.256231e-04 
5.180000e+01 6.229172e-03 8.066246e-03 3.796444e-01 6.298371e+03 1.538876e+03 4.644956e+02 2.802951e+03 9.351259e+03 2.027755e-04     0 6.371881e-03    20 1.200714e+02 8.621811e-02 1.263070e-04 
5.190000e+01 6.205265e-03 8.066461e-03 3.797896e-01 6.309491e+03 1.543309e+03 4.635582e+02 2.802951e+03 9.351259e+03 1.956855e-04     0 6.371437e-03    20 1.200713e+02 8.621848e-02 1.269068e-04 
   52 6.183586e-03 8.066676e-03 3.799340e-01 6.320609e+03 1.547744e+03 4.626207e+02 2.804173e+03 9.351223e+03 1.884378e-04     0 6.370992e-03    20 1.200712e+02 8.621886e-02 1.277294e-04 
5.210000e+01 6.163656e-03 8.066892e-03 3.800778e-01 6.331727e+03 1.552180e+03 4.616833e+02 2.804173e+03 9.351223e+03 1.946320e-04     0 6.370546e-03    20 1.200710e+02 8.621924e-02 1.288562e-04 
5.220000e+01 6.143536e-03 8.067106e-03 3.802210e-01 6.342845e+03 1.556618e+03 4.607459e+02 2.804173e+03 9.351223e+03 1.926930e-04     0 6.370098e-03    20 1.200709e+02 8.621962e-02 1.298452e-04 
5.230000e+01 6.123666e-03 8.067319e-03 3.803638e-01 6.353962e+03 1.561057e+03 4.598085e+02 2.804173e+03 9.351223e+03 1.877406e-04     0 6.369648e-03    20 1.200708e+02 8.622000e-02 1.305951e-04 
5.240000e+01 6.105031e-03 8.067532e-03 3.805063e-01 6.365078e+03 1.565498e+03 4.588711e+02 2.804173e+03 9.351223e+03 1.818103e-04     0 6.369197e-03    20 1.200706e+02 8.622038e-02 1.312769e-04 
5.250000e+01 6.088285e-03 8.067744e-03 3.806482e-01 6.376193e+03 1.569941e+03 4.579336e+02 2.805421e+03 9.351185e+03 1.757775e-04     0 6.368746e-03    20 1.200705e+02 8.622076e-02 1.321347e-04 
5.260000e+01 6.073055e-03 8.067958e-03 3.807895e-01 6.387308e+03 1.574385e+03 4.569962e+02 2.805421e+03 9.351185e+03 1.803158e-04     0 6.368295e-03    20 1.200704e+02 8.622114e-02 1.332353e-04 
5.270000e+01 6.057818e-03 8.068171e-03 3.809304e-01 6.398422e+03 1.578830e+03 4.560588e+02 2.805421e+03 9.351185e+03 1.785106e-04     0 6.367842e-03    20 1.200703e+02 8.622152e-02 1.342327e-04 
5.280000e+01 6.042908e-03 8.068383e-03 3.810710e-01 6.409536e+03 1.583278e+03 4.551213e+02 2.805421e+03 9.351185e+03 1.743766e-04     0 6.367389e-03    20 1.200701e+02 8.622190e-02 1.350456e-04 
5.290000e+01 6.029080e-03 8.068595e-03 3.812114e-01 6.420649e+03 1.587727e+03 4.541839e+02 2.805421e+03 9.351185e+03 1.695079e-04     0 6.366937e-03    20 1.200700e+02 8.622228e-02 1.358046e-04 
   53 6.016838e-03 8.068807e-03 3.813514e-01 6.431761e+03 1.592177e+03 4.532465e+02 2.806695e+03 9.351147e+03 1.645880e-04     0 6.366484e-03    20 1.200699e+02 8.622266e-02 1.366970e-04 
5.310000e+01 6.005902e-03 8.069020e-03 3.814909e-01 6.442873e+03 1.596629e+03 4.523091e+02 2.806695e+03 9.351147e+03 1.676009e-04     0 6.366033e-03    20 1.200697e+02 8.622304e-02 1.377757e-04 
5.320000e+01 5.995129e-03 8.069233e-03 3.816302e-01 6.453984e+03 1.601083e+03 4.513716e+02 2.806695e+03 9.351147e+03 1.659166e-04     0 6.365581e-03    20 1.200696e+02 8.622342e-02 1.387829e-04 
5.330000e+01 5.984754e-03 8.069446e-03 3.817693e-01 6.465094e+03 1.605538e+03 4.504342e+02 2.806695e+03 9.351147e+03 1.625334e-04     0 6.365130e-03    20 1.200695e+02 8.622380e-02 1.396561e-04 
5.340000e+01 5.975326e-03 8.069658e-03 3.819082e-01 6.476204e+03 1.609995e+03 4.494968e+02 2.806695e+03 9.351147e+03 1.586395e-04     0 6.364679e-03    20 1.200694e+02 8.622417e-02 1.404884e-04 
5.350000e+01 5.967207e-03 8.069871e-03 3.820469e-01 6.487313e+03 1.614453e+03 4.485593e+02 2.807993e+03 9.351109e+03 1.547425e-04     0 6.364230e-03    20 1.200692e+02 8.622455e-02 1.414145e-04 
5.360000e+01 5.960206e-03 8.070084e-03 3.821852e-01 6.498421e+03 1.618913e+03 4.476219e+02 2.807993e+03 9.351109e+03 1.563420e-04     0 6.363782e-03    20 1.200691e+02 8.622492e-02 1.424750e-04 
5.370000e+01 5.953527e-03 8.070296e-03 3.823235e-01 6.509529e+03 1.623375e+03 4.466844e+02 2.807993e+03 9.351109e+03 1.547660e-04     0 6.363334e-03    20 1.200690e+02 8.622530e-02 1.434937e-04 
5.380000e+01 5.947314e-03 8.070509e-03 3.824616e-01 6.520636e+03 1.627838e+03 4.457470e+02 2.807993e+03 9.351109e+03 1.520737e-04     0 6.362888e-03    20 1.200689e+02 8.622567e-02 1.444247e-04 
5.390000e+01 5.941928e-03 8.070721e-03 3.825996e-01 6.531743e+03 1.632302e+03 4.448096e+02 2.807993e+03 9.351109e+03 1.490786e-04     0 6.362442e-03    20 1.200688e+02 8.622604e-02 1.453271e-04 
   54 5.937599e-03 8.070934e-03 3.827375e-01 6.542848e+03 1.636768e+03 4.438721e+02 2.809317e+03 9.351069e+03 1.461255e-04     0 6.361998e-03    20 1.200686e+02 8.622641e-02 1.462866e-04 
5.410000e+01 5.934216e-03 8.071146e-03 3.828753e-01 6.553954e+03 1.641236e+03 4.429347e+02 2.809317e+03 9.351069e+03 1.464055e-04     0 6.361556e-03    20 1.200685e+02 8.622678e-02 1.473324e-04 
5.420000e+01 5.931307e-03 8.071358e-03 3.830130e-01 6.565058e+03 1.645705e+03 4.419972e+02 2.809317e+03 9.351069e+03 1.449252e-04     0 6.361115e-03    20 1.200684e+02 8.622715e-02 1.483640e-04 
5.430000e+01 5.928932e-03 8.071570e-03 3.831507e-01 6.576162e+03 1.650176e+03 4.410598e+02 2.809317e+03 9.351069e+03 1.428710e-04     0 6.360675e-03    20 1.200683e+02 8.622752e-02 1.493515e-04 
5.440000e+01 5.927273e-03 8.071782e-03 3.832884e-01 6.587266e+03 1.654648e+03 4.401224e+02 2.809317e+03 9.351069e+03 1.407079e-04     0 6.360236e-03    20 1.200682e+02 8.622788e-02 1.503215e-04 
5.450000e+01 5.926441e-03 8.071993e-03 3.834261e-01 6.598368e+03 1.659122e+03 4.391849e+02 2.810666e+03 9.351029e+03 1.386295e-04     0 6.359799e-03    20 1.200680e+02 8.622824e-02 1.513145e-04 
5.460000e+01 5.926401e-03 8.072204e-03 3.835638e-01 6.609470e+03 1.663597e+03 4.382475e+02 2.810666e+03 9.351029e+03 1.376665e-04     0 6.359364e-03    20 1.200679e+02 8.622861e-02 1.523492e-04 
5.470000e+01 5.926980e-03 8.072415e-03 3.837015e-01 6.620572e+03 1.668074e+03 4.373100e+02 2.810666e+03 9.351029e+03 1.362690e-04     0 6.358930e-03    20 1.200678e+02 8.622897e-02 1.533958e-04 
5.480000e+01 5.928159e-03 8.072626e-03 3.838393e-01 6.631673e+03 1.672552e+03 4.363726e+02 2.810666e+03 9.351029e+03 1.348064e-04     0 6.358497e-03    20 1.200677e+02 8.622932e-02 1.544391e-04 
5.490000e+01 5.929957e-03 8.072836e-03 3.839772e-01 6.642773e+03 1.677032e+03 4.354351e+02 2.810666e+03 9.351029e+03 1.334172e-04     0 6.358066e-03    20 1.200676e+02 8.622968e-02 1.554756e-04 
   55 5.932369e-03 8.073045e-03 3.841151e-01 6.653872e+03 1.681513e+03 4.344977e+02 2.812040e+03 9.350988e+03 1.321537e-04     0 6.357637e-03    20 1.200675e+02 8.623004e-02 1.565031e-04 
5.510000e+01 5.935432e-03 8.073254e-03 3.842532e-01 6.664971e+03 1.685996e+03 4.335602e+02 2.812040e+03 9.350988e+03 1.300073e-04     0 6.357209e-03    20 1.200674e+02 8.623039e-02 1.575302e-04 
5.520000e+01 5.939255e-03 8.073463e-03 3.843914e-01 6.676070e+03 1.690481e+03 4.326228e+02 2.812040e+03 9.350988e+03 1.286793e-04     0 6.356783e-03    20 1.200673e+02 8.623075e-02 1.585944e-04 
5.530000e+01 5.943748e-03 8.073671e-03 3.845297e-01 6.687167e+03 1.694967e+03 4.316853e+02 2.812040e+03 9.350988e+03 1.277673e-04     0 6.356358e-03    20 1.200671e+02 8.623110e-02 1.596941e-04 
5.540000e+01 5.948769e-03 8.073879e-03 3.846682e-01 6.698264e+03 1.699454e+03 4.307478e+02 2.812040e+03 9.350988e+03 1.271022e-04     0 6.355935e-03    20 1.200670e+02 8.623145e-02 1.607972e-04 
5.550000e+01 5.954208e-03 8.074086e-03 3.848069e-01 6.709361e+03 1.703944e+03 4.298104e+02 2.813438e+03 9.350946e+03 1.266023e-04     0 6.355513e-03    20 1.200669e+02 8.623180e-02 1.618608e-04 
5.560000e+01 5.960169e-03 8.074292e-03 3.849458e-01 6.720456e+03 1.708434e+03 4.288729e+02 2.813438e+03 9.350946e+03 1.233160e-04     0 6.355093e-03    20 1.200668e+02 8.623214e-02 1.628845e-04 
5.570000e+01 5.967031e-03 8.074497e-03 3.850849e-01 6.731551e+03 1.712926e+03 4.279355e+02 2.813438e+03 9.350946e+03 1.220432e-04     0 6.354674e-03    20 1.200667e+02 8.623249e-02 1.639694e-04 
5.580000e+01 5.974633e-03 8.074703e-03 3.852242e-01 6.742646e+03 1.717420e+03 4.269980e+02 2.813438e+03 9.350946e+03 1.216467e-04     0 6.354257e-03    20 1.200666e+02 8.623283e-02 1.651273e-04 
5.590000e+01 5.982683e-03 8.074907e-03 3.853637e-01 6.753740e+03 1.721916e+03 4.260606e+02 2.813438e+03 9.350946e+03 1.216633e-04     0 6.353841e-03    20 1.200665e+02 8.623318e-02 1.662983e-04 
   56 5.990965e-03 8.075111e-03 3.855035e-01 6.764833e+03 1.726412e+03 4.251231e+02 2.814862e+03 9.350903e+03 1.218840e-04     0 6.353426e-03    20 1.200664e+02 8.623352e-02 1.674009e-04 
5.610000e+01 5.999652e-03 8.075313e-03 3.856437e-01 6.775926e+03 1.730911e+03 4.241856e+02 2.814862e+03 9.350903e+03 1.174855e-04     0 6.353013e-03    20 1.200663e+02 8.623386e-02 1.684256e-04 
5.620000e+01 6.009383e-03 8.075516e-03 3.857841e-01 6.787017e+03 1.735411e+03 4.232482e+02 2.814862e+03 9.350903e+03 1.162534e-04     0 6.352602e-03    20 1.200662e+02 8.623420e-02 1.695354e-04 
5.630000e+01 6.019926e-03 8.075717e-03 3.859248e-01 6.798109e+03 1.739912e+03 4.223107e+02 2.814862e+03 9.350903e+03 1.163420e-04     0 6.352192e-03    20 1.200661e+02 8.623453e-02 1.707543e-04 
5.640000e+01 6.030845e-03 8.075918e-03 3.860657e-01 6.809199e+03 1.744415e+03 4.213733e+02 2.814862e+03 9.350903e+03 1.170054e-04     0 6.351783e-03    20 1.200660e+02 8.623487e-02 1.719961e-04 
5.650000e+01 6.041822e-03 8.076118e-03 3.862071e-01 6.820289e+03 1.748920e+03 4.204358e+02 2.816312e+03 9.350860e+03 1.179113e-04     0 6.351375e-03    20 1.200659e+02 8.623521e-02 1.731412e-04 
5.660000e+01 6.053095e-03 8.076317e-03 3.863489e-01 6.831379e+03 1.753426e+03 4.194983e+02 2.816312e+03 9.350860e+03 1.124137e-04     0 6.350969e-03    20 1.200657e+02 8.623554e-02 1.741720e-04 
5.670000e+01 6.065558e-03 8.076515e-03 3.864910e-01 6.842467e+03 1.757934e+03 4.185609e+02 2.816312e+03 9.350860e+03 1.112070e-04     0 6.350564e-03    20 1.200656e+02 8.623587e-02 1.753115e-04 
5.680000e+01 6.078910e-03 8.076713e-03 3.866334e-01 6.853555e+03 1.762443e+03 4.176234e+02 2.816312e+03 9.350860e+03 1.117557e-04     0 6.350161e-03    20 1.200655e+02 8.623620e-02 1.765957e-04 
5.690000e+01 6.092571e-03 8.076911e-03 3.867762e-01 6.864643e+03 1.766954e+03 4.166859e+02 2.816312e+03 9.350860e+03 1.130379e-04     0 6.349759e-03    20 1.200654e+02 8.623653e-02 1.779121e-04 
   57 6.106127e-03 8.077107e-03 3.869195e-01 6.875729e+03 1.771467e+03 4.157485e+02 2.817787e+03 9.350816e+03 1.146013e-04     0 6.349357e-03    20 1.200653e+02 8.623686e-02 1.791045e-04 
5.710000e+01 6.119876e-03 8.077302e-03 3.870633e-01 6.886816e+03 1.775981e+03 4.148110e+02 2.817787e+03 9.350816e+03 1.080033e-04     0 6.348957e-03    20 1.200652e+02 8.623719e-02 1.801470e-04 
5.720000e+01 6.134966e-03 8.077496e-03 3.872075e-01 6.897901e+03 1.780497e+03 4.138735e+02 2.817787e+03 9.350816e+03 1.068063e-04     0 6.348559e-03    20 1.200651e+02 8.623751e-02 1.813217e-04 
5.730000e+01 6.151029e-03 8.077690e-03 3.873521e-01 6.908986e+03 1.785014e+03 4.129361e+02 2.817787e+03 9.350816e+03 1.077948e-04     0 6.348161e-03    20 1.200650e+02 8.623784e-02 1.826765e-04 
5.740000e+01 6.167341e-03 8.077883e-03 3.874970e-01 6.920070e+03 1.789533e+03 4.119986e+02 2.817787e+03 9.350816e+03 1.096748e-04     0 6.347765e-03    20 1.200649e+02 8.623816e-02 1.840731e-04 
5.750000e+01 6.183388e-03 8.078075e-03 3.876426e-01 6.931153e+03 1.794053e+03 4.110611e+02 2.819289e+03 9.350771e+03 1.118752e-04     0 6.347370e-03    20 1.200648e+02 8.623848e-02 1.853183e-04 
5.760000e+01 6.199535e-03 8.078266e-03 3.877888e-01 6.942236e+03 1.798575e+03 4.101236e+02 2.819289e+03 9.350771e+03 1.041618e-04     0 6.346976e-03    20 1.200647e+02 8.623880e-02 1.863785e-04 
5.770000e+01 6.217181e-03 8.078456e-03 3.879354e-01 6.953318e+03 1.803099e+03 4.091862e+02 2.819289e+03 9.350771e+03 1.029584e-04     0 6.346583e-03    20 1.200646e+02 8.623912e-02 1.875948e-04 
5.780000e+01 6.235889e-03 8.078646e-03 3.880824e-01 6.964399e+03 1.807624e+03 4.082487e+02 2.819289e+03 9.350771e+03 1.043712e-04     0 6.346191e-03    20 1.200645e+02 8.623944e-02 1.890268e-04 
5.790000e+01 6.254792e-03 8.078835e-03 3.882299e-01 6.975480e+03 1.812151e+03 4.073112e+02 2.819289e+03 9.350771e+03 1.068347e-04     0 6.345801e-03    20 1.200644e+02 8.623976e-02 1.905100e-04 
   58 6.273276e-03 8.079023e-03 3.883781e-01 6.986560e+03 1.816680e+03 4.063737e+02 2.820817e+03 9.350725e+03 1.096590e-04     0 6.345411e-03    20 1.200644e+02 8.624008e-02 1.918147e-04 
5.810000e+01 6.291770e-03 8.079209e-03 3.885270e-01 6.997640e+03 1.821210e+03 4.054363e+02 2.820817e+03 9.350725e+03 1.008021e-04     0 6.345022e-03    20 1.200643e+02 8.624039e-02 1.928990e-04 
5.820000e+01 6.311931e-03 8.079395e-03 3.886764e-01 7.008718e+03 1.825742e+03 4.044988e+02 2.820817e+03 9.350725e+03 9.957578e-05     0 6.344634e-03    20 1.200642e+02 8.624070e-02 1.941640e-04 
5.830000e+01 6.333252e-03 8.079581e-03 3.888262e-01 7.019796e+03 1.830275e+03 4.035613e+02 2.820817e+03 9.350725e+03 1.014022e-04     0 6.344248e-03    20 1.200641e+02 8.624102e-02 1.956808e-04 
5.840000e+01 6.354719e-03 8.079766e-03 3.889766e-01 7.030874e+03 1.834810e+03 4.026238e+02 2.820817e+03 9.350725e+03 1.044415e-04     0 6.343862e-03    20 1.200640e+02 8.624133e-02 1.972586e-04 
5.850000e+01 6.375613e-03 8.079950e-03 3.891277e-01 7.041950e+03 1.839347e+03 4.016863e+02 2.822373e+03 9.350679e+03 1.078837e-04     0 6.343477e-03    20 1.200639e+02 8.624164e-02 1.986300e-04 
5.860000e+01 6.396433e-03 8.080132e-03 3.892797e-01 7.053026e+03 1.843886e+03 4.007489e+02 2.822373e+03 9.350679e+03 9.784193e-05     0 6.343093e-03    20 1.200638e+02 8.624195e-02 1.997455e-04 
5.870000e+01 6.419100e-03 8.080313e-03 3.894322e-01 7.064101e+03 1.848426e+03 3.998114e+02 2.822373e+03 9.350679e+03 9.657607e-05     0 6.342710e-03    20 1.200637e+02 8.624226e-02 2.010669e-04 
5.880000e+01 6.443034e-03 8.080495e-03 3.895852e-01 7.075176e+03 1.852968e+03 3.988739e+02 2.822373e+03 9.350679e+03 9.881016e-05     0 6.342328e-03    20 1.200636e+02 8.624257e-02 2.026773e-04 
5.890000e+01 6.467067e-03 8.080676e-03 3.897388e-01 7.086250e+03 1.857511e+03 3.979364e+02 2.822373e+03 9.350679e+03 1.024241e-04     0 6.341948e-03    20 1.200635e+02 8.624288e-02 2.043585e-04 
   59 6.490376e-03 8.080856e-03 3.898932e-01 7.097323e+03 1.862057e+03 3.969989e+02 2.823956e+03 9.350632e+03 1.064849e-04     0 6.341567e-03    20 1.200634e+02 8.624318e-02 2.058050e-04 
5.910000e+01 6.513530e-03 8.081033e-03 3.900486e-01 7.108395e+03 1.866603e+03 3.960615e+02 2.823956e+03 9.350632e+03 9.520422e-05     0 6.341187e-03    20 1.200633e+02 8.624349e-02 2.069590e-04 
5.920000e+01 6.538724e-03 8.081211e-03 3.902045e-01 7.119467e+03 1.871152e+03 3.951240e+02 2.823956e+03 9.350632e+03 9.388185e-05     0 6.340808e-03    20 1.200632e+02 8.624379e-02 2.083453e-04 
5.930000e+01 6.565301e-03 8.081389e-03 3.903610e-01 7.130538e+03 1.875702e+03 3.941865e+02 2.823956e+03 9.350632e+03 9.652222e-05     0 6.340431e-03    20 1.200631e+02 8.624409e-02 2.100591e-04 
5.940000e+01 6.591935e-03 8.081566e-03 3.905182e-01 7.141608e+03 1.880254e+03 3.932490e+02 2.823956e+03 9.350632e+03 1.007162e-04     0 6.340054e-03    20 1.200631e+02 8.624440e-02 2.118541e-04 
5.950000e+01 6.617694e-03 8.081741e-03 3.906762e-01 7.152678e+03 1.884808e+03 3.923115e+02 2.825568e+03 9.350583e+03 1.054036e-04     0 6.339677e-03    20 1.200630e+02 8.624470e-02 2.133848e-04 
5.960000e+01 6.643217e-03 8.081915e-03 3.908353e-01 7.163747e+03 1.889364e+03 3.913740e+02 2.825568e+03 9.350583e+03 9.281648e-05     0 6.339300e-03    20 1.200629e+02 8.624500e-02 2.145851e-04 
5.970000e+01 6.670989e-03 8.082088e-03 3.909950e-01 7.174815e+03 1.893921e+03 3.904365e+02 2.825568e+03 9.350583e+03 9.142025e-05     0 6.338925e-03    20 1.200628e+02 8.624530e-02 2.160455e-04 
5.980000e+01 6.700274e-03 8.082457e-03 3.911554e-01 7.185882e+03 1.898480e+03 3.894990e+02 2.825568e+03 9.350583e+03 9.446677e-05     0 6.313981e-03 2.005010e+01 1.200628e+02 8.624578e-02 2.178738e-04 
5.990000e+01 6.729575e-03 8.091952e-03 3.913164e-01 7.196949e+03 1.903041e+03 3.885615e+02 2.825568e+03 9.350583e+03 9.925460e-05     0 6.149862e-03 2.010041e+01 1.200633e+02 8.625554e-02 2.197924e-04 
   60 6.757850e-03 8.129953e-03 3.914787e-01 7.208015e+03 1.907604e+03 3.876240e+02 2.827209e+03 9.749847e+03 1.045849e-04     0 6.125321e-03 2.006955e+01 1.200638e+02 8.629070e-02 2.214158e-04 
6.010000e+01 6.468035e-03 6.309568e-03 3.916722e-01 7.219080e+03 1.912168e+03 3.866876e+02 2.827209e+03 9.749847e+03 5.610287e-03     0 4.299203e-02    20 1.200628e+02 8.428936e-02 1.469307e-04 
6.020000e+01 5.030545e-03 -7.692805e-04 3.920360e-01 7.230145e+03 1.916734e+03 3.857506e+02 2.827209e+03 9.749847e+03 7.487760e-03     0 3.810798e-02    20 1.200687e+02 7.771354e-02 -2.447572e-04 
6.030000e+01 3.141574e-03 -9.122434e-03 3.926612e-01 7.241209e+03 1.921302e+03 3.847996e+02 2.827209e+03 9.749847e+03 7.899613e-03     0 2.749678e-02    20 1.200910e+02 7.114020e-02 -9.928541e-04 
6.040000e+01 -3.106695e-03 -1.503298e-02 3.934956e-01 7.252274e+03 1.925870e+03 3.838216e+02 2.827209e+03 9.749847e+03 7.300747e-03     0 2.535605e-02    20 1.201295e+02 6.781613e-02 -1.998219e-03 
6.050000e+01 -5.336560e-03 -1.827906e-02 3.943844e-01 7.263341e+03 1.930440e+03 3.828106e+02 2.836644e+03 9.751627e+03 6.558768e-03     0 2.689159e-02    20 1.201795e+02 6.733536e-02 -3.093700e-03 
6.060000e+01 -7.903791e-03 -2.005929e-02 3.951605e-01 7.274410e+03 1.935010e+03 3.817665e+02 2.836644e+03 9.751627e+03 5.981292e-03     0 2.795595e-02    20 1.202373e+02 6.817919e-02 -4.108575e-03 
6.070000e+01 -1.034832e-02 -2.127562e-02 3.956964e-01 7.285482e+03 1.939581e+03 3.806916e+02 2.836644e+03 9.751627e+03 5.388043e-03     0 2.634179e-02    20 1.203009e+02 6.937337e-02 -4.914884e-03 
6.080000e+01 -1.261534e-02 -2.211435e-02 3.959077e-01 7.296559e+03 1.944152e+03 3.795883e+02 2.836644e+03 9.751627e+03 4.813032e-03     0 2.349082e-02    20 1.203696e+02 7.073144e-02 -5.432750e-03 
6.090000e+01 -1.473093e-02 -2.249240e-02 3.957555e-01 7.307641e+03 1.948723e+03 3.784592e+02 2.836644e+03 9.751627e+03 4.268717e-03     0 2.071193e-02    20 1.204422e+02 7.231076e-02 -5.633400e-03 
   61 -1.673278e-02 -2.241123e-02 3.952462e-01 7.318728e+03 1.953294e+03 3.773074e+02 2.846060e+03 9.753404e+03 3.754216e-03     0 1.829832e-02    20 1.205174e+02 7.407246e-02 -5.533482e-03 
6.110000e+01 -1.864110e-02 -2.197512e-02 3.944223e-01 7.329822e+03 1.957864e+03 3.761365e+02 2.846060e+03 9.753404e+03 3.137233e-03     0 1.608292e-02    20 1.205942e+02 7.589200e-02 -5.181788e-03 
6.120000e+01 -2.044763e-02 -2.129676e-02 3.933472e-01 7.340924e+03 1.962433e+03 3.749500e+02 2.846060e+03 9.753404e+03 2.623951e-03     0 1.395259e-02    20 1.206714e+02 7.765861e-02 -4.643323e-03 
6.130000e+01 -2.215461e-02 -2.044944e-02 3.920972e-01 7.352033e+03 1.967000e+03 3.737514e+02 2.846060e+03 9.753404e+03 2.163644e-03     0 1.193867e-02    20 1.207484e+02 7.931342e-02 -3.994494e-03 
6.140000e+01 -2.375811e-02 -1.947492e-02 3.907509e-01 7.363150e+03 1.971565e+03 3.725441e+02 2.846060e+03 9.753404e+03 1.737797e-03     0 1.011199e-02    20 1.208244e+02 8.083327e-02 -3.311363e-03 
6.150000e+01 -2.524380e-02 -1.840378e-02 3.893792e-01 7.374277e+03 1.976126e+03 3.713312e+02 2.855376e+03 9.755161e+03 1.341393e-03     0 8.508382e-03    20 1.208988e+02 8.220753e-02 -2.659359e-03 
6.160000e+01 -2.653810e-02 -1.726463e-02 3.880330e-01 7.385413e+03 1.980683e+03 3.701154e+02 2.855376e+03 9.755161e+03 2.044711e-04     0 7.126970e-03    20 1.209711e+02 8.342911e-02 -2.076412e-03 
6.170000e+01 -2.749427e-02 -1.608395e-02 3.867295e-01 7.396558e+03 1.985236e+03 3.688993e+02 2.855376e+03 9.755161e+03 -3.873707e-04     0 5.953857e-03    20 1.210410e+02 8.449473e-02 -1.556631e-03 
6.180000e+01 -2.813942e-02 -1.488333e-02 3.854825e-01 7.407713e+03 1.989784e+03 3.676851e+02 2.855376e+03 9.755161e+03 -7.268487e-04     0 4.976594e-03    20 1.211081e+02 8.540607e-02 -1.103477e-03 
6.190000e+01 -2.854969e-02 -1.367846e-02 3.843078e-01 7.418878e+03 1.994326e+03 3.664748e+02 2.855376e+03 9.755161e+03 -9.326341e-04     0 4.309057e-03 2.004802e+01 1.211722e+02 8.617008e-02 -7.283203e-04 
   62 -2.878891e-02 -1.249317e-02 3.832184e-01 7.430052e+03 1.998863e+03 3.652702e+02 2.864525e+03 9.756887e+03 -1.059113e-03     0 3.594743e-03 2.009165e+01 1.212335e+02 8.678523e-02 -4.408095e-04 
6.210000e+01 -2.884389e-02 -1.131481e-02 3.822144e-01 7.441237e+03 2.003393e+03 3.640726e+02 2.864525e+03 9.756887e+03 -1.943658e-03     0 2.907399e-03 2.006224e+01 1.212915e+02 8.728682e-02 -2.328355e-04 
6.220000e+01 -2.860866e-02 -1.013362e-02 3.812715e-01 7.452430e+03 2.007918e+03 3.628833e+02 2.864525e+03 9.756887e+03 -2.256534e-03     0 2.934932e-03    20 1.213457e+02 8.769914e-02 -6.259409e-05 
6.230000e+01 -2.814769e-02 -9.026588e-03 3.803757e-01 7.463633e+03 2.012435e+03 3.617032e+02 2.864525e+03 9.756887e+03 -2.317207e-03     0 2.909463e-03    20 1.213961e+02 8.796065e-02 8.861232e-05 
6.240000e+01 -2.756245e-02 -8.012546e-03 3.795251e-01 7.474845e+03 2.016947e+03 3.605333e+02 2.864525e+03 9.756887e+03 -2.260049e-03     0 2.706340e-03    20 1.214430e+02 8.808330e-02 2.196331e-04 
6.250000e+01 -2.693026e-02 -7.042168e-03 3.787230e-01 7.486066e+03 2.021451e+03 3.593738e+02 2.873487e+03 9.758578e+03 -2.148001e-03     0 2.485040e-03    20 1.214867e+02 8.813391e-02 3.218331e-04 
6.260000e+01 -2.625099e-02 -6.078751e-03 3.779696e-01 7.497294e+03 2.025950e+03 3.582253e+02 2.873487e+03 9.758578e+03 -2.677842e-03     0 2.585701e-03    20 1.215270e+02 8.815525e-02 3.958788e-04 
6.270000e+01 -2.543771e-02 -5.142329e-03 3.772500e-01 7.508531e+03 2.030442e+03 3.570879e+02 2.873487e+03 9.758578e+03 -2.761001e-03     0 2.844107e-03    20 1.215640e+02 8.813187e-02 4.675606e-04 
6.280000e+01 -2.453579e-02 -4.264051e-03 3.765581e-01 7.519775e+03 2.034928e+03 3.559618e+02 2.873487e+03 9.758578e+03 -2.661488e-03     0 3.123204e-03    20 1.215978e+02 8.804324e-02 5.430279e-04 
6.290000e+01 -2.361806e-02 -3.453449e-03 3.758980e-01 7.531026e+03 2.039407e+03 3.548471e+02 2.873487e+03 9.758578e+03 -2.487844e-03     0 3.413736e-03    20 1.216284e+02 8.789193e-02 6.130514e-04 
   63 -2.273515e-02 -2.705106e-03 3.752786e-01 7.542284e+03 2.043881e+03 3.537438e+02 2.882283e+03 9.760237e+03 -2.289442e-03     0 3.742922e-03    20 1.216561e+02 8.769300e-02 6.641348e-04 
6.310000e+01 -2.187175e-02 -2.012777e-03 3.747038e-01 7.553548e+03 2.048349e+03 3.526515e+02 2.882283e+03 9.760237e+03 -2.669596e-03     0 4.118088e-03    20 1.216810e+02 8.745963e-02 6.930548e-04 
6.320000e+01 -2.093950e-02 -1.374240e-03 3.741617e-01 7.564818e+03 2.052811e+03 3.515700e+02 2.882283e+03 9.760237e+03 -2.675015e-03     0 4.527193e-03    20 1.217032e+02 8.719968e-02 7.203748e-04 
6.330000e+01 -1.996803e-02 -7.888891e-04 3.736461e-01 7.576093e+03 2.057267e+03 3.504990e+02 2.882283e+03 9.760237e+03 -2.532956e-03     0 4.955960e-03    20 1.217229e+02 8.691845e-02 7.509712e-04 
6.340000e+01 -1.901312e-02 -2.554981e-04 3.731600e-01 7.587374e+03 2.061718e+03 3.494382e+02 2.882283e+03 9.760237e+03 -2.335669e-03     0 5.395553e-03    20 1.217402e+02 8.662096e-02 7.773144e-04 
6.350000e+01 -1.811308e-02 2.281002e-04 3.727098e-01 7.598659e+03 2.066164e+03 3.483870e+02 2.890957e+03 9.761874e+03 -2.124324e-03     0 5.840999e-03    20 1.217554e+02 8.631227e-02 7.886791e-04 
6.360000e+01 -1.724990e-02 6.643937e-04 3.722976e-01 7.609948e+03 2.070605e+03 3.473450e+02 2.890957e+03 9.761874e+03 -2.430851e-03     0 6.288174e-03    20 1.217685e+02 8.599701e-02 7.835033e-04 
6.370000e+01 -1.634275e-02 1.055700e-03 3.719114e-01 7.621242e+03 2.075042e+03 3.463118e+02 2.890957e+03 9.761874e+03 -2.410901e-03     0 6.732829e-03    20 1.217797e+02 8.567910e-02 7.810001e-04 
6.380000e+01 -1.541579e-02 1.404446e-03 3.715449e-01 7.632539e+03 2.079473e+03 3.452868e+02 2.890957e+03 9.761874e+03 -2.264741e-03     0 7.171029e-03    20 1.217892e+02 8.536193e-02 7.861736e-04 
6.390000e+01 -1.451650e-02 1.713192e-03 3.712000e-01 7.643839e+03 2.083901e+03 3.442695e+02 2.890957e+03 9.761874e+03 -2.073403e-03     0 7.599459e-03    20 1.217971e+02 8.504839e-02 7.926321e-04 
   64 -1.367709e-02 1.984559e-03 3.708825e-01 7.655143e+03 2.088324e+03 3.432595e+02 2.899550e+03 9.763495e+03 -1.872833e-03     0 8.015409e-03    20 1.218036e+02 8.474090e-02 7.907306e-04 
6.410000e+01 -1.287998e-02 2.221109e-03 3.705944e-01 7.666449e+03 2.092743e+03 3.422561e+02 2.899550e+03 9.763495e+03 -2.139278e-03     0 8.416677e-03    20 1.218088e+02 8.444149e-02 7.786349e-04 
6.420000e+01 -1.205207e-02 2.425362e-03 3.703255e-01 7.677758e+03 2.097159e+03 3.412589e+02 2.899550e+03 9.763495e+03 -2.115573e-03     0 8.853538e-03 2.001218e+01 1.218127e+02 8.415189e-02 7.728097e-04 
6.430000e+01 -1.121427e-02 2.594714e-03 3.700710e-01 7.689069e+03 2.101571e+03 3.402675e+02 2.899550e+03 9.763495e+03 -1.980670e-03     0 9.163951e-03 2.004201e+01 1.218159e+02 8.386849e-02 7.768812e-04 
6.440000e+01 -1.040752e-02 2.744017e-03 3.698333e-01 7.700382e+03 2.105980e+03 3.392812e+02 2.899550e+03 9.763495e+03 -1.807101e-03     0 9.428602e-03 2.000418e+01 1.218181e+02 8.360600e-02 7.842751e-04 
6.450000e+01 -9.659123e-03 2.879656e-03 3.696183e-01 7.711697e+03 2.110386e+03 3.382997e+02 2.908102e+03 9.765108e+03 -1.626815e-03     0 9.857928e-03    20 1.218192e+02 8.336569e-02 7.855698e-04 
6.460000e+01 -8.951870e-03 2.983776e-03 3.694287e-01 7.723013e+03 2.114788e+03 3.373225e+02 2.908102e+03 9.765108e+03 -1.878935e-03     0 1.017373e-02    20 1.218196e+02 8.312836e-02 7.785914e-04 
6.470000e+01 -8.219713e-03 3.058750e-03 3.692556e-01 7.734331e+03 2.119188e+03 3.363492e+02 2.908102e+03 9.765108e+03 -1.863724e-03     0 1.044381e-02    20 1.218194e+02 8.289731e-02 7.780888e-04 
6.480000e+01 -7.482118e-03 3.114492e-03 3.690948e-01 7.745650e+03 2.123586e+03 3.353795e+02 2.908102e+03 9.765108e+03 -1.746892e-03     0 1.070406e-02    20 1.218186e+02 8.268099e-02 7.871310e-04 
6.490000e+01 -6.776869e-03 3.155983e-03 3.689490e-01 7.756970e+03 2.127981e+03 3.344128e+02 2.908102e+03 9.765108e+03 -1.595304e-03     0 1.095624e-02    20 1.218173e+02 8.248181e-02 7.994759e-04 
   65 -6.128981e-03 3.184113e-03 3.688240e-01 7.768291e+03 2.132374e+03 3.334489e+02 2.916644e+03 9.766720e+03 -1.438386e-03     0 1.119122e-02    20 1.218157e+02 8.229826e-02 8.063414e-04 
6.510000e+01 -5.524365e-03 3.199238e-03 3.687223e-01 7.779612e+03 2.136765e+03 3.324874e+02 2.916644e+03 9.766720e+03 -1.689150e-03     0 1.140456e-02    20 1.218137e+02 8.212865e-02 8.058269e-04 
6.520000e+01 -4.910447e-03 3.202574e-03 3.686353e-01 7.790935e+03 2.141155e+03 3.315279e+02 2.916644e+03 9.766720e+03 -1.690323e-03     0 1.159748e-02    20 1.218115e+02 8.197235e-02 8.119546e-04 
6.530000e+01 -4.314046e-03 3.195861e-03 3.685593e-01 7.802258e+03 2.145543e+03 3.305703e+02 2.916644e+03 9.766720e+03 -1.599674e-03     0 1.177245e-02    20 1.218091e+02 8.182925e-02 8.278731e-04 
6.540000e+01 -3.779034e-03 3.180723e-03 3.684968e-01 7.813581e+03 2.149929e+03 3.296143e+02 2.916644e+03 9.766720e+03 -1.482097e-03     0 1.193094e-02    20 1.218065e+02 8.169908e-02 8.481298e-04 
6.550000e+01 -3.338397e-03 3.158478e-03 3.684529e-01 7.824904e+03 2.154315e+03 3.286595e+02 2.925203e+03 9.768334e+03 -1.367430e-03     0 1.207354e-02    20 1.218038e+02 8.158132e-02 8.650988e-04 
6.560000e+01 -3.001237e-03 3.130239e-03 3.684296e-01 7.836228e+03 2.158700e+03 3.277058e+02 2.925203e+03 9.768334e+03 -1.651431e-03     0 1.220081e-02    20 1.218010e+02 8.147530e-02 8.779406e-04 
6.570000e+01 -2.780811e-03 3.097041e-03 3.684181e-01 7.847552e+03 2.163083e+03 3.267529e+02 2.925203e+03 9.768334e+03 -1.717530e-03     0 1.231359e-02    20 1.217982e+02 8.138035e-02 9.012791e-04 
6.580000e+01 2.747542e-03 3.059875e-03 3.684143e-01 7.858875e+03 2.167467e+03 3.258007e+02 2.925203e+03 9.768334e+03 -1.213598e-03     0 1.241287e-02    20 1.217955e+02 8.129584e-02 9.392080e-04 
6.590000e+01 2.884759e-03 3.019624e-03 3.684366e-01 7.870199e+03 2.171850e+03 3.248490e+02 2.925203e+03 9.768334e+03 -6.675666e-04     0 1.249958e-02    20 1.217927e+02 8.122130e-02 9.595417e-04 
   66 3.060087e-03 2.976999e-03 3.685105e-01 7.881522e+03 2.176233e+03 3.238977e+02 2.933800e+03 9.769956e+03 -4.439279e-04     0 1.257448e-02    20 1.217900e+02 8.115612e-02 9.270810e-04 
6.610000e+01 3.232208e-03 2.932649e-03 3.686387e-01 7.892845e+03 2.180616e+03 3.229466e+02 2.933800e+03 9.769956e+03 -7.001747e-04     0 1.263841e-02    20 1.217873e+02 8.109956e-02 8.439495e-04 
6.620000e+01 3.442797e-03 2.887232e-03 3.688008e-01 7.904167e+03 2.184999e+03 3.219956e+02 2.933800e+03 9.769956e+03 -7.668740e-04     0 1.269233e-02    20 1.217847e+02 8.105090e-02 7.404682e-04 
6.630000e+01 3.704993e-03 2.841364e-03 3.689757e-01 7.915490e+03 2.189382e+03 3.210446e+02 2.933800e+03 9.769956e+03 -7.556478e-04     0 1.273722e-02    20 1.217822e+02 8.100956e-02 6.406180e-04 
6.640000e+01 4.006290e-03 2.795562e-03 3.691484e-01 7.926811e+03 2.193766e+03 3.200936e+02 2.933800e+03 9.769956e+03 -7.086110e-04     0 1.277390e-02    20 1.217799e+02 8.097495e-02 5.580286e-04 
6.650000e+01 4.326143e-03 2.750252e-03 3.693111e-01 7.938133e+03 2.198151e+03 3.191424e+02 2.942454e+03 9.771589e+03 -6.441702e-04     0 1.280309e-02    20 1.217776e+02 8.094647e-02 4.984667e-04 
6.660000e+01 4.663278e-03 2.705801e-03 3.694588e-01 7.949453e+03 2.202536e+03 3.181910e+02 2.942454e+03 9.771589e+03 -8.863249e-04     0 1.282551e-02    20 1.217755e+02 8.092353e-02 4.663024e-04 
6.670000e+01 5.048955e-03 2.662551e-03 3.695839e-01 7.960774e+03 2.206922e+03 3.172393e+02 2.942454e+03 9.771589e+03 -9.206679e-04     0 1.283585e-02 2.000694e+01 1.217735e+02 8.090556e-02 4.721403e-04 
6.680000e+01 5.465054e-03 2.623839e-03 3.696873e-01 7.972093e+03 2.211310e+03 3.162873e+02 2.942454e+03 9.771589e+03 -8.719777e-04     0 1.276852e-02 2.004365e+01 1.217718e+02 8.089525e-02 5.132793e-04 
6.690000e+01 5.880875e-03 2.599969e-03 3.697783e-01 7.983412e+03 2.215698e+03 3.153349e+02 2.942454e+03 9.771589e+03 -7.908717e-04     0 1.276928e-02 2.001785e+01 1.217702e+02 8.090095e-02 5.771796e-04 
   67 6.274756e-03 2.581644e-03 3.698696e-01 7.994730e+03 2.220088e+03 3.143823e+02 2.951179e+03 9.773235e+03 -7.000447e-04     0 1.287866e-02    20 1.217686e+02 8.091030e-02 6.481620e-04 
6.710000e+01 6.660373e-03 2.547462e-03 3.699715e-01 8.006048e+03 2.224479e+03 3.134292e+02 2.951179e+03 9.773235e+03 -9.717145e-04     0 1.288640e-02    20 1.217670e+02 8.090371e-02 7.167414e-04 
6.720000e+01 7.092004e-03 2.502736e-03 3.700835e-01 8.017364e+03 2.228872e+03 3.124759e+02 2.951179e+03 9.773235e+03 -1.009415e-03     0 1.285803e-02    20 1.217655e+02 8.088960e-02 7.886040e-04 
6.730000e+01 7.557973e-03 2.459910e-03 3.702084e-01 8.028680e+03 2.233266e+03 3.115221e+02 2.951179e+03 9.773235e+03 -9.543881e-04     0 1.284063e-02    20 1.217641e+02 8.088022e-02 8.611129e-04 
6.740000e+01 8.028799e-03 2.423507e-03 3.703529e-01 8.039995e+03 2.237662e+03 3.105680e+02 2.951179e+03 9.773235e+03 -8.626067e-04     0 1.283695e-02    20 1.217629e+02 8.087865e-02 9.254537e-04 
6.750000e+01 8.483398e-03 2.391956e-03 3.705249e-01 8.051309e+03 2.242060e+03 3.096134e+02 2.959990e+03 9.774897e+03 -7.585664e-04     0 1.283408e-02    20 1.217618e+02 8.088220e-02 9.723590e-04 
6.760000e+01 8.937009e-03 2.362988e-03 3.707269e-01 8.062622e+03 2.246460e+03 3.086584e+02 2.959990e+03 9.774897e+03 -1.032039e-03     0 1.282511e-02    20 1.217609e+02 8.088813e-02 1.000423e-03 
6.770000e+01 9.447330e-03 2.335904e-03 3.709506e-01 8.073934e+03 2.250863e+03 3.077030e+02 2.959990e+03 9.774897e+03 -1.058982e-03     0 1.281123e-02    20 1.217600e+02 8.089540e-02 1.024154e-03 
6.780000e+01 9.996770e-03 2.310911e-03 3.711912e-01 8.085245e+03 2.255267e+03 3.067471e+02 2.959990e+03 9.774897e+03 -9.869952e-04     0 1.279547e-02    20 1.217592e+02 8.090400e-02 1.048213e-03 
6.790000e+01 1.054933e-02 2.288172e-03 3.714497e-01 8.096555e+03 2.259674e+03 3.057909e+02 2.959990e+03 9.774897e+03 -8.758460e-04     0 1.277927e-02    20 1.217585e+02 8.091391e-02 1.069050e-03 
   68 1.107881e-02 2.267559e-03 3.717298e-01 8.107864e+03 2.264084e+03 3.048343e+02 2.968899e+03 9.776578e+03 -7.523309e-04     0 1.276267e-02    20 1.217580e+02 8.092484e-02 1.080615e-03 
6.810000e+01 1.159604e-02 2.248856e-03 3.720324e-01 8.119171e+03 2.268497e+03 3.038773e+02 2.968899e+03 9.776578e+03 -9.842487e-04     0 1.274551e-02    20 1.217575e+02 8.093646e-02 1.082559e-03 
6.820000e+01 1.215417e-02 2.231986e-03 3.723492e-01 8.130478e+03 2.272912e+03 3.029199e+02 2.968899e+03 9.776578e+03 -9.872117e-04     0 1.272798e-02    20 1.217570e+02 8.094842e-02 1.088216e-03 
6.830000e+01 1.273555e-02 2.216885e-03 3.726762e-01 8.141783e+03 2.277331e+03 3.019622e+02 2.968899e+03 9.776578e+03 -9.002309e-04     0 1.271038e-02    20 1.217567e+02 8.096060e-02 1.100840e-03 
6.840000e+01 1.330642e-02 2.203423e-03 3.730154e-01 8.153086e+03 2.281754e+03 3.010042e+02 2.968899e+03 9.776578e+03 -7.796566e-04     0 1.269290e-02    20 1.217564e+02 8.097286e-02 1.115534e-03 
6.850000e+01 1.384336e-02 2.191430e-03 3.733718e-01 8.164389e+03 2.286179e+03 3.000459e+02 2.977922e+03 9.778280e+03 -6.506176e-04     0 1.267564e-02    20 1.217562e+02 8.098510e-02 1.124946e-03 
6.860000e+01 1.435940e-02 2.180768e-03 3.737474e-01 8.175689e+03 2.290609e+03 2.990873e+02 2.977922e+03 9.778280e+03 -8.693389e-04     0 1.265871e-02    20 1.217560e+02 8.099721e-02 1.127366e-03 
6.870000e+01 1.490882e-02 2.171436e-03 3.741351e-01 8.186989e+03 2.295042e+03 2.981284e+02 2.977922e+03 9.778280e+03 -8.680701e-04     0 1.264226e-02    20 1.217559e+02 8.100904e-02 1.134581e-03 
6.880000e+01 1.547608e-02 2.163385e-03 3.745319e-01 8.198286e+03 2.299479e+03 2.971693e+02 2.977922e+03 9.778280e+03 -7.811393e-04     0 1.262639e-02    20 1.217558e+02 8.102055e-02 1.148872e-03 
6.890000e+01 1.602969e-02 2.156485e-03 3.749406e-01 8.209582e+03 2.303921e+03 2.962100e+02 2.977922e+03 9.778280e+03 -6.628293e-04     0 1.260223e-02 2.002090e+01 1.217558e+02 8.103171e-02 1.164890e-03 
   69 1.654806e-02 2.154938e-03 3.753663e-01 8.220876e+03 2.308367e+03 2.952504e+02 2.987077e+03 9.780007e+03 -5.371441e-04     0 1.249742e-02 2.005572e+01 1.217562e+02 8.104703e-02 1.175162e-03 
6.910000e+01 1.704563e-02 2.170104e-03 3.758112e-01 8.232169e+03 2.312817e+03 2.942907e+02 2.987077e+03 9.780007e+03 -7.596926e-04     0 1.246685e-02 2.003327e+01 1.217565e+02 8.107622e-02 1.178076e-03 
6.920000e+01 1.757790e-02 2.192066e-03 3.762682e-01 8.243459e+03 2.317272e+03 2.933308e+02 2.987077e+03 9.780007e+03 -7.625771e-04     0 1.258535e-02    20 1.217566e+02 8.110641e-02 1.185618e-03 
6.930000e+01 1.812901e-02 2.193294e-03 3.767335e-01 8.254748e+03 2.321732e+03 2.923708e+02 2.987077e+03 9.780007e+03 -6.792407e-04     0 1.259945e-02    20 1.217566e+02 8.111233e-02 1.200223e-03 
6.940000e+01 1.866775e-02 2.177093e-03 3.772098e-01 8.266035e+03 2.326197e+03 2.914108e+02 2.987077e+03 9.780007e+03 -5.643152e-04     0 1.255032e-02    20 1.217566e+02 8.110246e-02 1.216690e-03 
6.950000e+01 1.917245e-02 2.160841e-03 3.777024e-01 8.277319e+03 2.330667e+03 2.904506e+02 2.996382e+03 9.781763e+03 -4.418257e-04     0 1.252078e-02    20 1.217566e+02 8.109500e-02 1.227641e-03 
6.960000e+01 1.965770e-02 2.151543e-03 3.782136e-01 8.288602e+03 2.335142e+03 2.894904e+02 2.996382e+03 9.781763e+03 -6.711954e-04     0 1.251777e-02    20 1.217567e+02 8.109536e-02 1.231550e-03 
6.970000e+01 2.017953e-02 2.147024e-03 3.787360e-01 8.299882e+03 2.339623e+03 2.885300e+02 2.996382e+03 9.781763e+03 -6.778186e-04     0 1.252032e-02    20 1.217569e+02 8.109998e-02 1.240548e-03 
6.980000e+01 2.072219e-02 2.143873e-03 3.792665e-01 8.311161e+03 2.344109e+03 2.875696e+02 2.996382e+03 9.781763e+03 -5.972795e-04     0 1.251687e-02    20 1.217570e+02 8.110516e-02 1.257084e-03 
6.990000e+01 2.125353e-02 2.140866e-03 3.798078e-01 8.322437e+03 2.348601e+03 2.866090e+02 2.996382e+03 9.781763e+03 -4.844005e-04     0 1.250846e-02    20 1.217571e+02 8.110989e-02 1.275798e-03 
   70 2.175145e-02 2.138206e-03 3.803651e-01 8.333710e+03 2.353099e+03 2.856484e+02 3.005855e+03 9.783550e+03 -3.635282e-04     0 1.249927e-02    20 1.217573e+02 8.111460e-02 1.289097e-03 
7.010000e+01 2.223108e-02 2.136208e-03 3.809407e-01 8.344981e+03 2.357603e+03 2.846876e+02 3.005855e+03 9.783550e+03 -6.029120e-04     0 1.249111e-02    20 1.217575e+02 8.111959e-02 1.295359e-03 
7.020000e+01 2.274991e-02 2.135007e-03 3.815272e-01 8.356250e+03 2.362113e+03 2.837268e+02 3.005855e+03 9.783550e+03 -6.136519e-04     0 1.248379e-02    20 1.217577e+02 8.112471e-02 1.306938e-03 
7.030000e+01 2.329169e-02 2.134461e-03 3.821216e-01 8.367516e+03 2.366630e+03 2.827659e+02 3.005855e+03 9.783550e+03 -5.346780e-04     0 1.247675e-02    20 1.217579e+02 8.112978e-02 1.326255e-03 
7.040000e+01 2.382330e-02 2.134331e-03 3.827269e-01 8.378780e+03 2.371153e+03 2.818049e+02 3.005855e+03 9.783550e+03 -4.221917e-04     0 1.246974e-02    20 1.217581e+02 8.113467e-02 1.347727e-03 
7.050000e+01 2.432197e-02 2.134407e-03 3.833484e-01 8.390041e+03 2.375683e+03 2.808439e+02 3.015516e+03 9.785373e+03 -3.011730e-04     0 1.246284e-02    20 1.217583e+02 8.113938e-02 1.363495e-03 
7.060000e+01 2.480342e-02 2.134603e-03 3.839886e-01 8.401299e+03 2.380219e+03 2.798828e+02 3.015516e+03 9.785373e+03 -5.531995e-04     0 1.245621e-02    20 1.217585e+02 8.114389e-02 1.371891e-03 
7.070000e+01 2.532727e-02 2.135073e-03 3.846398e-01 8.412554e+03 2.384762e+03 2.789216e+02 3.015516e+03 9.785373e+03 -5.678438e-04     0 1.244997e-02    20 1.217588e+02 8.114813e-02 1.385730e-03 
7.080000e+01 2.587651e-02 2.135854e-03 3.852990e-01 8.423807e+03 2.389313e+03 2.779605e+02 3.015516e+03 9.785373e+03 -4.891007e-04     0 1.244411e-02    20 1.217590e+02 8.115213e-02 1.407516e-03 
7.090000e+01 2.641661e-02 2.136815e-03 3.859693e-01 8.435057e+03 2.393871e+03 2.769992e+02 3.015516e+03 9.785373e+03 -3.752544e-04     0 1.243900e-02 2.000618e+01 1.217592e+02 8.115591e-02 1.431446e-03 
   71 2.692378e-02 2.139686e-03 3.866563e-01 8.446304e+03 2.398436e+03 2.760380e+02 3.025386e+03 9.787235e+03 -2.522275e-04     0 1.236799e-02 2.003874e+01 1.217596e+02 8.116153e-02 1.449348e-03 
7.110000e+01 2.741448e-02 2.153429e-03 3.873629e-01 8.457547e+03 2.403009e+03 2.750767e+02 3.025386e+03 9.787235e+03 -5.191251e-04     0 1.234562e-02 2.001881e+01 1.217601e+02 8.117715e-02 1.459525e-03 
7.120000e+01 2.795124e-02 2.171844e-03 3.880809e-01 8.468788e+03 2.407589e+03 2.741154e+02 3.025386e+03 9.787235e+03 -5.375928e-04     0 1.244297e-02    20 1.217603e+02 8.119398e-02 1.475424e-03 
7.130000e+01 2.851556e-02 2.174852e-03 3.888066e-01 8.480025e+03 2.412177e+03 2.731541e+02 3.025386e+03 9.787235e+03 -4.576376e-04     0 1.244658e-02    20 1.217604e+02 8.119372e-02 1.499632e-03 
7.140000e+01 2.907152e-02 2.166865e-03 3.895433e-01 8.491259e+03 2.416773e+03 2.721928e+02 3.025386e+03 9.787235e+03 -3.407013e-04     0 1.241561e-02    20 1.217606e+02 8.118425e-02 1.526055e-03 
7.150000e+01 2.959408e-02 2.159269e-03 3.902975e-01 8.502490e+03 2.421378e+03 2.712316e+02 3.035486e+03 9.789140e+03 -2.139472e-04     0 1.240073e-02    20 1.217608e+02 8.117736e-02 1.546115e-03 
7.160000e+01 3.010054e-02 2.155855e-03 3.910717e-01 8.513718e+03 2.425990e+03 2.702703e+02 3.035486e+03 9.789140e+03 -4.983852e-04     0 1.240245e-02    20 1.217610e+02 8.117577e-02 1.558046e-03 
7.170000e+01 3.065665e-02 2.154991e-03 3.918577e-01 8.524942e+03 2.430612e+03 2.693090e+02 3.035486e+03 9.789140e+03 -5.201356e-04     0 1.240634e-02    20 1.217612e+02 8.117677e-02 1.576033e-03 
7.180000e+01 3.124331e-02 2.154592e-03 3.926520e-01 8.536162e+03 2.435241e+03 2.683477e+02 3.035486e+03 9.789140e+03 -4.381540e-04     0 1.240568e-02    20 1.217614e+02 8.117807e-02 1.602825e-03 
7.190000e+01 3.182208e-02 2.153968e-03 3.934581e-01 8.547379e+03 2.439880e+03 2.673864e+02 3.035486e+03 9.789140e+03 -3.168286e-04     0 1.240169e-02    20 1.217616e+02 8.117924e-02 1.631964e-03 
   72 3.236641e-02 2.153216e-03 3.942825e-01 8.558592e+03 2.444527e+03 2.664250e+02 3.045842e+03 9.791094e+03 -1.848520e-04     0 1.239705e-02    20 1.217618e+02 8.118063e-02 1.654358e-03 
7.210000e+01 3.289480e-02 2.152515e-03 3.951277e-01 8.569802e+03 2.449184e+03 2.654636e+02 3.045842e+03 9.791094e+03 -4.902781e-04     0 1.239281e-02    20 1.217620e+02 8.118244e-02 1.668159e-03 
7.220000e+01 3.347720e-02 2.152154e-03 3.959852e-01 8.581008e+03 2.453849e+03 2.645022e+02 3.045842e+03 9.791094e+03 -5.158397e-04     0 1.238883e-02    20 1.217622e+02 8.118449e-02 1.688466e-03 
7.230000e+01 3.409320e-02 2.152135e-03 3.968513e-01 8.592209e+03 2.458524e+03 2.635407e+02 3.045842e+03 9.791094e+03 -4.307238e-04     0 1.238475e-02    20 1.217624e+02 8.118668e-02 1.718191e-03 
7.240000e+01 3.470172e-02 2.152241e-03 3.977298e-01 8.603407e+03 2.463209e+03 2.625792e+02 3.045842e+03 9.791094e+03 -3.034832e-04     0 1.238036e-02    20 1.217626e+02 8.118896e-02 1.750427e-03 
7.250000e+01 3.527442e-02 2.152212e-03 3.986275e-01 8.614601e+03 2.467903e+03 2.616177e+02 3.056479e+03 9.793100e+03 -1.646835e-04     0 1.237568e-02    20 1.217628e+02 8.119137e-02 1.775459e-03 
7.260000e+01 3.583114e-02 2.151958e-03 3.995474e-01 8.625791e+03 2.472608e+03 2.606561e+02 3.056479e+03 9.793100e+03 -4.949025e-04     0 1.237080e-02    20 1.217630e+02 8.119387e-02 1.791327e-03 
7.270000e+01 3.644694e-02 2.151831e-03 4.004801e-01 8.636976e+03 2.477322e+03 2.596945e+02 3.056479e+03 9.793100e+03 -5.246328e-04     0 1.236596e-02    20 1.217633e+02 8.119637e-02 1.814237e-03 
7.280000e+01 3.709984e-02 2.151950e-03 4.014218e-01 8.648157e+03 2.482047e+03 2.587329e+02 3.056479e+03 9.793100e+03 -4.354166e-04     0 1.236097e-02 2.001077e+01 1.217635e+02 8.119886e-02 1.847297e-03 
7.290000e+01 3.774558e-02 2.154527e-03 4.023767e-01 8.659334e+03 2.486782e+03 2.577712e+02 3.056479e+03 9.793100e+03 -3.007122e-04     0 1.228205e-02 2.004371e+01 1.217639e+02 8.120393e-02 1.883060e-03 
   73 3.835366e-02 2.169362e-03 4.033526e-01 8.670506e+03 2.491527e+03 2.568095e+02 3.067427e+03 9.795166e+03 -1.533915e-04     0 1.225563e-02 2.002848e+01 1.217644e+02 8.122063e-02 1.911070e-03 
7.310000e+01 3.894663e-02 2.190223e-03 4.043525e-01 8.681674e+03 2.496284e+03 2.558478e+02 3.067427e+03 9.795166e+03 -5.140657e-04     0 1.235741e-02    20 1.217647e+02 8.124028e-02 1.929284e-03 
7.320000e+01 3.960302e-02 2.194555e-03 4.053653e-01 8.692837e+03 2.501051e+03 2.548861e+02 3.067427e+03 9.795166e+03 -5.478219e-04     0 1.237653e-02    20 1.217648e+02 8.124127e-02 1.955142e-03 
7.330000e+01 4.030074e-02 2.184184e-03 4.063871e-01 8.703995e+03 2.505829e+03 2.539244e+02 3.067427e+03 9.795166e+03 -4.529854e-04     0 1.234046e-02    20 1.217650e+02 8.122945e-02 1.992021e-03 
7.340000e+01 4.099187e-02 2.173149e-03 4.074228e-01 8.715149e+03 2.510619e+03 2.529627e+02 3.067427e+03 9.795166e+03 -3.090609e-04     0 1.231933e-02    20 1.217651e+02 8.121973e-02 2.031843e-03 
7.350000e+01 4.164315e-02 2.167062e-03 4.084807e-01 8.726297e+03 2.515420e+03 2.520010e+02 3.078720e+03 9.797296e+03 -1.513679e-04     0 1.231936e-02    20 1.217653e+02 8.121678e-02 2.063257e-03 
7.360000e+01 4.227800e-02 2.164028e-03 4.095644e-01 8.737441e+03 2.520232e+03 2.510393e+02 3.078720e+03 9.797296e+03 -5.455536e-04     0 1.232340e-02    20 1.217655e+02 8.121778e-02 2.084027e-03 
7.370000e+01 4.298476e-02 2.161755e-03 4.106626e-01 8.748580e+03 2.525057e+03 2.500774e+02 3.078720e+03 9.797296e+03 -5.853837e-04     0 1.232209e-02    20 1.217658e+02 8.121954e-02 2.113260e-03 
7.380000e+01 4.373730e-02 2.159524e-03 4.117709e-01 8.759713e+03 2.529894e+03 2.491156e+02 3.078720e+03 9.797296e+03 -4.845703e-04     0 1.231629e-02    20 1.217660e+02 8.122128e-02 2.154587e-03 
7.390000e+01 4.448332e-02 2.157409e-03 4.128942e-01 8.770841e+03 2.534742e+03 2.481536e+02 3.078720e+03 9.797296e+03 -3.297683e-04     0 1.230921e-02    20 1.217662e+02 8.122337e-02 2.199176e-03 
   74 4.518666e-02 2.155363e-03 4.140414e-01 8.781964e+03 2.539604e+03 2.471916e+02 3.090395e+03 9.799499e+03 -1.596674e-04     0 1.230221e-02    20 1.217665e+02 8.122618e-02 2.234615e-03 
7.410000e+01 4.587311e-02 2.153263e-03 4.152163e-01 8.793081e+03 2.544477e+03 2.462296e+02 3.090395e+03 9.799499e+03 -5.948105e-04     0 1.229513e-02    20 1.217667e+02 8.122959e-02 2.258475e-03 
7.420000e+01 4.663962e-02 2.151564e-03 4.164068e-01 8.804192e+03 2.549364e+03 2.452674e+02 3.090395e+03 9.799499e+03 -6.409150e-04     0 1.228781e-02    20 1.217670e+02 8.123324e-02 2.291721e-03 
7.430000e+01 4.745738e-02 2.150394e-03 4.176083e-01 8.815298e+03 2.554264e+03 2.443052e+02 3.090395e+03 9.799499e+03 -5.324519e-04     0 1.228018e-02    20 1.217673e+02 8.123708e-02 2.338312e-03 
7.440000e+01 4.826894e-02 2.149446e-03 4.188260e-01 8.826398e+03 2.559177e+03 2.433429e+02 3.090395e+03 9.799499e+03 -3.645105e-04     0 1.227208e-02    20 1.217676e+02 8.124113e-02 2.388519e-03 
7.450000e+01 4.903448e-02 2.148247e-03 4.200698e-01 8.837492e+03 2.564103e+03 2.423806e+02 3.102495e+03 9.801782e+03 -1.795619e-04     0 1.226344e-02    20 1.217679e+02 8.124548e-02 2.428673e-03 
7.460000e+01 4.978272e-02 2.146316e-03 4.213439e-01 8.848580e+03 2.569043e+03 2.414181e+02 3.102495e+03 9.801782e+03 -6.632026e-04     0 1.222042e-02 2.005375e+01 1.217684e+02 8.124981e-02 2.456121e-03 
7.470000e+01 5.062037e-02 2.155175e-03 4.226355e-01 8.859662e+03 2.573997e+03 2.404556e+02 3.102495e+03 9.801782e+03 -7.165235e-04     0 1.208838e-02 2.008733e+01 1.217692e+02 8.126478e-02 2.494024e-03 
7.480000e+01 5.151583e-02 2.188793e-03 4.239400e-01 8.870738e+03 2.578965e+03 2.394930e+02 3.102495e+03 9.801782e+03 -5.988803e-04     0 1.205131e-02 2.007681e+01 1.217701e+02 8.130081e-02 2.546771e-03 
7.490000e+01 5.240547e-02 2.233193e-03 4.252630e-01 8.881807e+03 2.583948e+03 2.385303e+02 3.102495e+03 9.801782e+03 -4.152876e-04     0 1.213254e-02 2.002662e+01 1.217707e+02 8.134093e-02 2.603593e-03 
   75 5.324518e-02 2.256821e-03 4.266136e-01 8.892870e+03 2.588944e+03 2.375678e+02 3.115070e+03 9.804154e+03 -2.126818e-04     0 1.228011e-02    20 1.217708e+02 8.135587e-02 2.649327e-03 
7.510000e+01 5.406741e-02 2.241412e-03 4.279956e-01 8.903926e+03 2.593956e+03 2.366053e+02 3.115070e+03 9.804154e+03 -7.536052e-04     0 1.224476e-02    20 1.217709e+02 8.133435e-02 2.681020e-03 
7.520000e+01 5.498928e-02 2.211727e-03 4.293954e-01 8.914975e+03 2.598983e+03 2.356429e+02 3.115070e+03 9.804154e+03 -8.148746e-04     0 1.218502e-02    20 1.217711e+02 8.130488e-02 2.724362e-03 
7.530000e+01 5.597675e-02 2.190161e-03 4.308084e-01 8.926018e+03 2.604025e+03 2.346804e+02 3.115070e+03 9.804154e+03 -6.861627e-04     0 1.217104e-02    20 1.217713e+02 8.128801e-02 2.784220e-03 
7.540000e+01 5.695873e-02 2.178966e-03 4.322416e-01 8.937053e+03 2.609083e+03 2.337178e+02 3.115070e+03 9.804154e+03 -4.839977e-04     0 1.218194e-02    20 1.217715e+02 8.128367e-02 2.848579e-03 
7.550000e+01 5.788605e-02 2.171593e-03 4.337068e-01 8.948081e+03 2.614156e+03 2.327551e+02 3.128178e+03 9.806627e+03 -2.604997e-04     0 1.218756e-02    20 1.217718e+02 8.128473e-02 2.900563e-03 
7.560000e+01 5.879447e-02 2.163851e-03 4.352090e-01 8.959102e+03 2.619245e+03 2.317923e+02 3.128178e+03 9.806627e+03 -8.695019e-04     0 1.218063e-02    20 1.217721e+02 8.128701e-02 2.936993e-03 
7.570000e+01 5.981738e-02 2.156375e-03 4.367316e-01 8.970115e+03 2.624351e+03 2.308294e+02 3.128178e+03 9.806627e+03 -9.419725e-04     0 1.216776e-02    20 1.217725e+02 8.128985e-02 2.986793e-03 
7.580000e+01 6.091478e-02 2.150322e-03 4.382682e-01 8.981120e+03 2.629473e+03 2.298663e+02 3.128178e+03 9.806627e+03 -8.006815e-04     0 1.215447e-02    20 1.217728e+02 8.129398e-02 3.055363e-03 
7.590000e+01 6.200710e-02 2.145511e-03 4.398265e-01 8.992118e+03 2.634612e+03 2.289030e+02 3.128178e+03 9.806627e+03 -5.765945e-04     0 1.214135e-02    20 1.217732e+02 8.129963e-02 3.129165e-03 
   76 6.303917e-02 2.140892e-03 4.414202e-01 9.003108e+03 2.639769e+03 2.279396e+02 3.141889e+03 9.809214e+03 -3.282667e-04     0 1.212716e-02    20 1.217736e+02 8.130656e-02 3.189184e-03 
7.610000e+01 6.405133e-02 2.135875e-03 4.430553e-01 9.014089e+03 2.644942e+03 2.269760e+02 3.141889e+03 9.809214e+03 -1.017852e-03     0 1.211147e-02    20 1.217741e+02 8.131435e-02 3.231825e-03 
7.620000e+01 6.519390e-02 2.131592e-03 4.447130e-01 9.025063e+03 2.650133e+03 2.260123e+02 3.141889e+03 9.809214e+03 -1.102469e-03     0 1.209509e-02    20 1.217746e+02 8.132242e-02 3.289656e-03 
7.630000e+01 6.642169e-02 2.128486e-03 4.463862e-01 9.036027e+03 2.655343e+03 2.250483e+02 3.141889e+03 9.809214e+03 -9.458649e-04     0 1.207842e-02    20 1.217751e+02 8.133080e-02 3.368704e-03 
7.640000e+01 6.764493e-02 2.125925e-03 4.480837e-01 9.046983e+03 2.660570e+03 2.240842e+02 3.141889e+03 9.809214e+03 -6.956519e-04     0 1.206099e-02    20 1.217756e+02 8.133966e-02 3.453641e-03 
7.650000e+01 6.880129e-02 2.122837e-03 4.498210e-01 9.057931e+03 2.665816e+03 2.231199e+02 3.156284e+03 9.811929e+03 -4.178441e-04     0 1.204243e-02    20 1.217761e+02 8.134912e-02 3.522964e-03 
7.660000e+01 6.993670e-02 2.118811e-03 4.516048e-01 9.068869e+03 2.671081e+03 2.221555e+02 3.156284e+03 9.811929e+03 -1.203979e-03     0 1.202286e-02    20 1.217767e+02 8.135908e-02 3.572661e-03 
7.670000e+01 7.122168e-02 2.115403e-03 4.534139e-01 9.079798e+03 2.676365e+03 2.211908e+02 3.156284e+03 9.811929e+03 -1.303327e-03     0 1.200316e-02    20 1.217773e+02 8.136903e-02 3.639728e-03 
7.680000e+01 7.260497e-02 2.113135e-03 4.552404e-01 9.090718e+03 2.681669e+03 2.202259e+02 3.156284e+03 9.811929e+03 -1.128755e-03     0 1.198474e-02 2.001615e+01 1.217780e+02 8.137901e-02 3.731008e-03 
7.690000e+01 7.398423e-02 2.114194e-03 4.570943e-01 9.101627e+03 2.686993e+03 2.192609e+02 3.156284e+03 9.811929e+03 -8.474005e-04     0 1.186573e-02 2.005843e+01 1.217789e+02 8.139248e-02 3.829036e-03 
   77 7.528880e-02 2.131159e-03 4.589945e-01 9.112528e+03 2.692337e+03 2.182956e+02 3.171460e+03 9.814792e+03 -5.344411e-04     0 1.179987e-02 2.006086e+01 1.217800e+02 8.142218e-02 3.909376e-03 
7.710000e+01 7.657125e-02 2.159979e-03 4.609483e-01 9.123418e+03 2.697701e+03 2.173302e+02 3.171460e+03 9.814792e+03 -1.435902e-03     0 1.182851e-02 2.002748e+01 1.217810e+02 8.146109e-02 3.967546e-03 
7.720000e+01 7.802695e-02 2.180565e-03 4.629300e-01 9.134298e+03 2.703087e+03 2.163646e+02 3.171460e+03 9.814792e+03 -1.553780e-03     0 1.192420e-02    20 1.217817e+02 8.148661e-02 4.045855e-03 
7.730000e+01 7.959517e-02 2.174974e-03 4.649290e-01 9.145167e+03 2.708493e+03 2.153990e+02 3.171460e+03 9.814792e+03 -1.356989e-03     0 1.191098e-02    20 1.217823e+02 8.148440e-02 4.151937e-03 
7.740000e+01 8.116056e-02 2.153516e-03 4.669574e-01 9.156026e+03 2.713922e+03 2.144332e+02 3.171460e+03 9.814792e+03 -1.038394e-03     0 1.184780e-02    20 1.217829e+02 8.147073e-02 4.265808e-03 
7.750000e+01 8.264200e-02 2.133308e-03 4.690373e-01 9.166873e+03 2.719372e+03 2.134672e+02 3.187535e+03 9.817825e+03 -6.835549e-04     0 1.181012e-02    20 1.217836e+02 8.146448e-02 4.359447e-03 
7.760000e+01 8.409988e-02 2.119159e-03 4.711777e-01 9.177709e+03 2.724846e+03 2.125009e+02 3.187535e+03 9.817825e+03 -1.723747e-03     0 1.179571e-02    20 1.217844e+02 8.146882e-02 4.427760e-03 
7.770000e+01 8.575779e-02 2.110085e-03 4.733507e-01 9.188534e+03 2.730341e+03 2.115345e+02 3.187535e+03 9.817825e+03 -1.862221e-03     0 1.178241e-02    20 1.217852e+02 8.147817e-02 4.519358e-03 
7.780000e+01 8.754803e-02 2.103473e-03 4.755457e-01 9.199347e+03 2.735861e+03 2.105677e+02 3.187535e+03 9.817825e+03 -1.640324e-03     0 1.176046e-02    20 1.217861e+02 8.148891e-02 4.643143e-03 
7.790000e+01 8.933634e-02 2.097237e-03 4.777758e-01 9.210148e+03 2.741404e+03 2.096006e+02 3.187535e+03 9.817825e+03 -1.277831e-03     0 1.173141e-02    20 1.217870e+02 8.150061e-02 4.776086e-03 
   78 9.102941e-02 2.089777e-03 4.800644e-01 9.220937e+03 2.746971e+03 2.086332e+02 3.204654e+03 9.821055e+03 -8.731097e-04     0 1.169901e-02    20 1.217880e+02 8.151411e-02 4.885892e-03 
7.810000e+01 9.269730e-02 2.080691e-03 4.824217e-01 9.231713e+03 2.752563e+03 2.076654e+02 3.204654e+03 9.821055e+03 -2.080398e-03     0 1.166505e-02    20 1.217890e+02 8.152946e-02 4.966716e-03 
7.820000e+01 9.459847e-02 2.073092e-03 4.848159e-01 9.242475e+03 2.758179e+03 2.066974e+02 3.204654e+03 9.821055e+03 -2.244968e-03     0 1.163082e-02    20 1.217901e+02 8.154543e-02 5.074744e-03 
7.830000e+01 9.665451e-02 2.067988e-03 4.872350e-01 9.253225e+03 2.763822e+03 2.057289e+02 3.204654e+03 9.821055e+03 -1.992526e-03     0 1.159593e-02    20 1.217913e+02 8.156209e-02 5.220205e-03 
7.840000e+01 9.871005e-02 2.063702e-03 4.896944e-01 9.263961e+03 2.769490e+03 2.047601e+02 3.204654e+03 9.821055e+03 -1.577125e-03     0 1.155872e-02    20 1.217925e+02 8.157981e-02 5.376375e-03 
7.850000e+01 1.006570e-01 2.057537e-03 4.922212e-01 9.274683e+03 2.775185e+03 2.037908e+02 3.222994e+03 9.824515e+03 -1.112504e-03     0 1.151828e-02    20 1.217937e+02 8.159907e-02 5.505802e-03 
7.860000e+01 1.025770e-01 2.048510e-03 4.948274e-01 9.285391e+03 2.780907e+03 2.028212e+02 3.222994e+03 9.824515e+03 -2.519779e-03     0 1.147501e-02    20 1.217950e+02 8.161964e-02 5.601742e-03 
7.870000e+01 1.047711e-01 2.041147e-03 4.974760e-01 9.296084e+03 2.786656e+03 2.018511e+02 3.222994e+03 9.824515e+03 -2.716655e-03     0 1.140507e-02 2.003731e+01 1.217965e+02 8.164063e-02 5.729520e-03 
7.880000e+01 1.071455e-01 2.044133e-03 5.001540e-01 9.306763e+03 2.792434e+03 2.008806e+02 3.222994e+03 9.824515e+03 -2.426906e-03     0 1.125004e-02 2.007602e+01 1.217984e+02 8.166961e-02 5.900849e-03 
7.890000e+01 1.095214e-01 2.068649e-03 5.028808e-01 9.317425e+03 2.798240e+03 1.999095e+02 3.222994e+03 9.824515e+03 -1.947665e-03     0 1.116724e-02 2.007967e+01 1.218004e+02 8.171816e-02 6.084704e-03 
   79 1.117731e-01 2.103386e-03 5.056874e-01 9.328072e+03 2.804076e+03 1.989381e+02 3.242772e+03 9.828246e+03 -1.411078e-03     0 1.116830e-02 2.005183e+01 1.218024e+02 8.177566e-02 6.237526e-03 
7.910000e+01 1.139959e-01 2.123632e-03 5.085850e-01 9.338703e+03 2.809941e+03 1.979663e+02 3.242772e+03 9.828246e+03 -3.056399e-03     0 1.122283e-02    20 1.218040e+02 8.181892e-02 6.351496e-03 
7.920000e+01 1.165393e-01 2.115041e-03 5.115283e-01 9.349317e+03 2.815837e+03 1.969941e+02 3.242772e+03 9.828246e+03 -3.289183e-03     0 1.123042e-02    20 1.218055e+02 8.183086e-02 6.502668e-03 
7.930000e+01 1.192958e-01 2.085451e-03 5.145021e-01 9.359914e+03 2.821763e+03 1.960214e+02 3.242772e+03 9.828246e+03 -2.955485e-03     0 1.113260e-02    20 1.218071e+02 8.182368e-02 6.704650e-03 
7.940000e+01 1.220554e-01 2.055636e-03 5.175299e-01 9.370494e+03 2.827722e+03 1.950483e+02 3.242772e+03 9.828246e+03 -2.400242e-03     0 1.105693e-02    20 1.218089e+02 8.182272e-02 6.921046e-03 
7.950000e+01 1.246715e-01 2.031082e-03 5.206501e-01 9.381055e+03 2.833712e+03 1.940745e+02 3.264254e+03 9.832298e+03 -1.777706e-03     0 1.100626e-02    20 1.218107e+02 8.183653e-02 7.100990e-03 
7.960000e+01 1.272553e-01 2.007751e-03 5.238784e-01 9.391598e+03 2.839736e+03 1.931001e+02 3.264254e+03 9.832298e+03 -3.704844e-03     0 1.095646e-02    20 1.218127e+02 8.186043e-02 7.235467e-03 
7.970000e+01 1.302160e-01 1.988229e-03 5.271643e-01 9.402121e+03 2.845793e+03 1.921250e+02 3.264254e+03 9.832298e+03 -3.980843e-03     0 1.089314e-02    20 1.218148e+02 8.188708e-02 7.413582e-03 
7.980000e+01 1.334278e-01 1.973963e-03 5.304891e-01 9.412625e+03 2.851884e+03 1.911491e+02 3.264254e+03 9.832298e+03 -3.594586e-03     0 1.082049e-02    20 1.218171e+02 8.191597e-02 7.651364e-03 
7.990000e+01 1.366446e-01 1.961937e-03 5.338774e-01 9.423109e+03 2.858011e+03 1.901723e+02 3.264254e+03 9.832298e+03 -2.948741e-03     0 1.075328e-02    20 1.218194e+02 8.194848e-02 7.906221e-03 
   80 1.396948e-01 1.945273e-03 5.373725e-01 9.433572e+03 2.864173e+03 1.891948e+02 3.287764e+03 9.836734e+03 -2.223817e-03     0 1.067349e-02    20 1.218219e+02 8.198467e-02 8.118536e-03 
8.010000e+01 1.427081e-01 1.921651e-03 5.409932e-01 9.444014e+03 2.870372e+03 1.882163e+02 3.287764e+03 9.836734e+03 -4.474449e-03     0 1.058337e-02    20 1.218246e+02 8.202396e-02 8.277571e-03 
8.020000e+01 1.461621e-01 1.900661e-03 5.446816e-01 9.454433e+03 2.876608e+03 1.872368e+02 3.287764e+03 9.836734e+03 -4.797768e-03     0 1.048618e-02    20 1.218274e+02 8.206378e-02 8.487230e-03 
8.030000e+01 1.499098e-01 1.886641e-03 5.484163e-01 9.464830e+03 2.882882e+03 1.862564e+02 3.287764e+03 9.836734e+03 -4.347769e-03     0 1.038934e-02 2.000370e+01 1.218304e+02 8.210596e-02 8.766110e-03 
8.040000e+01 1.536639e-01 1.876893e-03 5.522264e-01 9.475204e+03 2.889195e+03 1.852748e+02 3.287764e+03 9.836734e+03 -3.594803e-03     0 1.023725e-02 2.003530e+01 1.218337e+02 8.215382e-02 9.064412e-03 
8.050000e+01 1.572239e-01 1.870606e-03 5.561635e-01 9.485553e+03 2.895548e+03 1.842922e+02 3.313690e+03 9.841625e+03 -2.749260e-03     0 1.011002e-02 2.003638e+01 1.218372e+02 8.221510e-02 9.312535e-03 
8.060000e+01 1.607399e-01 1.861691e-03 5.602492e-01 9.495878e+03 2.901942e+03 1.833084e+02 3.313690e+03 9.841625e+03 -5.356688e-03     0 1.002943e-02 2.001013e+01 1.218409e+02 8.228412e-02 9.497801e-03 
8.070000e+01 1.647666e-01 1.847157e-03 5.644143e-01 9.506177e+03 2.908377e+03 1.823234e+02 3.313690e+03 9.841625e+03 -5.728168e-03     0 9.987042e-03    20 1.218445e+02 8.234213e-02 9.740789e-03 
8.080000e+01 1.691320e-01 1.822947e-03 5.686325e-01 9.516450e+03 2.914855e+03 1.813372e+02 3.313690e+03 9.841625e+03 -5.201703e-03     0 9.843956e-03    20 1.218483e+02 8.238520e-02 1.006293e-02 
8.090000e+01 1.735037e-01 1.795282e-03 5.729388e-01 9.526696e+03 2.921376e+03 1.803496e+02 3.313690e+03 9.841625e+03 -4.324067e-03     0 9.701786e-03    20 1.218523e+02 8.242974e-02 1.040648e-02 
   81 1.776490e-01 1.762064e-03 5.773927e-01 9.536913e+03 2.927942e+03 1.793606e+02 3.342469e+03 9.847054e+03 -3.339548e-03     0 9.564008e-03    20 1.218566e+02 8.248517e-02 1.069087e-02 
8.110000e+01 1.817383e-01 1.719755e-03 5.820202e-01 9.547102e+03 2.934553e+03 1.783701e+02 3.342469e+03 9.847054e+03 -6.312546e-03     0 9.419758e-03    20 1.218611e+02 8.254997e-02 1.090101e-02 
8.120000e+01 1.864070e-01 1.681815e-03 5.867447e-01 9.557261e+03 2.941210e+03 1.773779e+02 3.342469e+03 9.847054e+03 -6.723704e-03     0 9.258578e-03    20 1.218660e+02 8.261664e-02 1.117499e-02 
8.130000e+01 1.914588e-01 1.654272e-03 5.915379e-01 9.567389e+03 2.947915e+03 1.763841e+02 3.342469e+03 9.847054e+03 -6.107314e-03     0 9.110925e-03    20 1.218710e+02 8.268706e-02 1.153762e-02 
8.140000e+01 1.965130e-01 1.628101e-03 5.964367e-01 9.577485e+03 2.954668e+03 1.753884e+02 3.342469e+03 9.847054e+03 -5.090116e-03     0 8.948278e-03    20 1.218764e+02 8.276242e-02 1.192309e-02 
8.150000e+01 2.013027e-01 1.589735e-03 6.015070e-01 9.587548e+03 2.961471e+03 1.743907e+02 3.374568e+03 9.853110e+03 -3.951402e-03     0 8.762568e-03    20 1.218821e+02 8.284519e-02 1.223950e-02 
8.160000e+01 2.060201e-01 1.535047e-03 6.067785e-01 9.597578e+03 2.968324e+03 1.733910e+02 3.374568e+03 9.853110e+03 -7.253585e-03     0 8.546065e-03    20 1.218881e+02 8.293533e-02 1.246889e-02 
8.170000e+01 2.113669e-01 1.485121e-03 6.121669e-01 9.607572e+03 2.975230e+03 1.723892e+02 3.374568e+03 9.853110e+03 -7.678595e-03     0 8.351930e-03    20 1.218945e+02 8.302782e-02 1.276549e-02 
8.180000e+01 2.171343e-01 1.445661e-03 6.176401e-01 9.617530e+03 2.982188e+03 1.713851e+02 3.374568e+03 9.853110e+03 -6.958916e-03     0 8.150739e-03    20 1.219012e+02 8.312289e-02 1.315753e-02 
8.190000e+01 2.228928e-01 1.405768e-03 6.232384e-01 9.627451e+03 2.989201e+03 1.703786e+02 3.374568e+03 9.853110e+03 -5.793166e-03     0 7.903808e-03 2.003096e+01 1.219083e+02 8.322303e-02 1.357180e-02 
   82 2.283441e-01 1.357442e-03 6.290361e-01 9.637333e+03 2.996269e+03 1.693696e+02 3.410414e+03 9.859872e+03 -4.493545e-03     0 7.536952e-03 2.006887e+01 1.219162e+02 8.334094e-02 1.390617e-02 
8.210000e+01 2.336923e-01 1.309920e-03 6.350697e-01 9.647174e+03 3.003393e+03 1.683579e+02 3.410414e+03 9.859872e+03 -8.002034e-03     0 7.233796e-03 2.007989e+01 1.219246e+02 8.348868e-02 1.413964e-02 
8.220000e+01 2.396967e-01 1.279391e-03 6.412471e-01 9.656975e+03 3.010576e+03 1.673436e+02 3.410414e+03 9.859872e+03 -8.402166e-03     0 7.013096e-03 2.006681e+01 1.219333e+02 8.364689e-02 1.443890e-02 
8.230000e+01 2.461326e-01 1.253324e-03 6.475283e-01 9.666733e+03 3.017817e+03 1.663264e+02 3.410414e+03 9.859872e+03 -7.569254e-03     0 6.809227e-03 2.003223e+01 1.219423e+02 8.379646e-02 1.483497e-02 
8.240000e+01 2.525370e-01 1.205215e-03 6.539516e-01 9.676446e+03 3.025119e+03 1.653063e+02 3.410414e+03 9.859872e+03 -6.259134e-03     0 6.583727e-03    20 1.219514e+02 8.392998e-02 1.524967e-02 
8.250000e+01 2.585885e-01 1.114593e-03 6.605918e-01 9.686114e+03 3.032483e+03 1.642831e+02 3.450296e+03 9.867396e+03 -4.809395e-03     0 6.268475e-03    20 1.219609e+02 8.405517e-02 1.557415e-02 
8.260000e+01 2.644912e-01 9.876384e-04 6.674873e-01 9.695734e+03 3.039909e+03 1.632566e+02 3.450296e+03 9.867396e+03 -8.307927e-03     0 5.899100e-03    20 1.219710e+02 8.418758e-02 1.578416e-02 
8.270000e+01 2.710256e-01 8.656577e-04 6.745496e-01 9.705305e+03 3.047400e+03 1.622267e+02 3.450296e+03 9.867396e+03 -8.619615e-03     0 5.568256e-03    20 1.219816e+02 8.433162e-02 1.605073e-02 
8.280000e+01 2.779630e-01 7.607433e-04 6.817420e-01 9.714826e+03 3.054956e+03 1.611931e+02 3.450296e+03 9.867396e+03 -7.673246e-03     0 5.232873e-03    20 1.219929e+02 8.448974e-02 1.640679e-02 
8.290000e+01 2.848300e-01 6.581197e-04 6.891041e-01 9.724294e+03 3.062580e+03 1.601556e+02 3.450296e+03 9.867396e+03 -6.245449e-03     0 4.864048e-03    20 1.220047e+02 8.466371e-02 1.677438e-02 
   83 2.913000e-01 5.357664e-04 6.967085e-01 9.733708e+03 3.070271e+03 1.591140e+02 3.494256e+03 9.875690e+03 -4.683492e-03     0 4.457874e-03    20 1.220172e+02 8.485719e-02 1.704506e-02 
8.310000e+01 2.975615e-01 3.855649e-04 7.045898e-01 9.743066e+03 3.078032e+03 1.580682e+02 3.494256e+03 9.875690e+03 -7.886446e-03     0 3.991689e-03    20 1.220304e+02 8.506895e-02 1.719303e-02 
8.320000e+01 3.043657e-01 2.393235e-04 7.126605e-01 9.752367e+03 3.085863e+03 1.570180e+02 3.494256e+03 9.875690e+03 -8.040134e-03     0 3.566395e-03    20 1.220442e+02 8.529108e-02 1.738273e-02 
8.330000e+01 3.114962e-01 1.055199e-04 7.208819e-01 9.761607e+03 3.093766e+03 1.559634e+02 3.494256e+03 9.875690e+03 -6.999168e-03     0 3.123412e-03    20 1.220586e+02 8.552205e-02 1.764741e-02 
8.340000e+01 3.185028e-01 -2.999729e-05 7.292872e-01 9.770786e+03 3.101743e+03 1.549040e+02 3.494256e+03 9.875690e+03 -5.509687e-03     0 2.640493e-03    20 1.220738e+02 8.576524e-02 1.791509e-02 
8.350000e+01 3.250761e-01 -1.870326e-04 7.379413e-01 9.779901e+03 3.109794e+03 1.538397e+02 3.542008e+03 9.884698e+03 -3.904713e-03     0 2.072607e-03 2.002576e+01 1.220897e+02 8.602701e-02 1.808555e-02 
8.360000e+01 3.313743e-01 -3.634501e-04 7.468783e-01 9.788950e+03 3.117921e+03 1.527706e+02 3.542008e+03 9.884698e+03 -6.500759e-03     0 1.428298e-03 2.006557e+01 1.221066e+02 8.631719e-02 1.813310e-02 
8.370000e+01 3.380579e-01 -5.202798e-04 7.560240e-01 9.797932e+03 3.126125e+03 1.516963e+02 3.542008e+03 9.884698e+03 -6.436384e-03     0 8.704512e-04 2.008300e+01 1.221243e+02 8.663377e-02 1.820263e-02 
8.380000e+01 3.449437e-01 -6.547540e-04 7.653387e-01 9.806843e+03 3.134407e+03 1.506170e+02 3.542008e+03 9.884698e+03 -5.343245e-03     0 3.241086e-04 2.008055e+01 1.221428e+02 8.696596e-02 1.832584e-02 
8.390000e+01 3.516427e-01 -7.907457e-04 7.748414e-01 9.815682e+03 3.142768e+03 1.495325e+02 3.542008e+03 9.884698e+03 -3.876006e-03     0 -2.276380e-04 2.006042e+01 1.221617e+02 8.730392e-02 1.844345e-02 
   84 3.578897e-01 -9.564723e-04 7.845781e-01 9.824447e+03 3.151209e+03 1.484429e+02 3.592953e+03 9.894309e+03 -2.325839e-03     0 -7.861761e-04 2.002461e+01 1.221811e+02 8.764311e-02 1.847245e-02 
8.410000e+01 3.638047e-01 -1.165681e-03 7.945689e-01 9.833134e+03 3.159731e+03 1.473481e+02 3.592953e+03 9.894309e+03 -4.081832e-03     0 -1.359768e-03    20 1.222009e+02 8.797812e-02 1.839034e-02 
8.420000e+01 3.698980e-01 -1.391013e-03 8.047513e-01 9.841743e+03 3.168335e+03 1.462481e+02 3.592953e+03 9.894309e+03 -3.779867e-03     0 -2.024845e-03    20 1.222212e+02 8.830697e-02 1.831077e-02 
8.430000e+01 3.760395e-01 -1.604604e-03 8.150982e-01 9.850271e+03 3.177023e+03 1.451428e+02 3.592953e+03 9.894309e+03 -2.701365e-03     0 -2.652301e-03    20 1.222423e+02 8.864830e-02 1.826175e-02 
8.440000e+01 3.819353e-01 -1.807672e-03 8.256228e-01 9.858714e+03 3.185793e+03 1.440321e+02 3.592953e+03 9.894309e+03 -1.357621e-03     0 -3.299195e-03    20 1.222639e+02 8.900848e-02 1.820206e-02 
8.450000e+01 3.873867e-01 -2.012700e-03 8.363556e-01 9.867072e+03 3.194649e+03 1.429162e+02 3.646273e+03 9.904369e+03 2.649112e-05     0 -3.969315e-03    20 1.222862e+02 8.938887e-02 1.807306e-02 
8.460000e+01 3.924622e-01 -2.224683e-03 8.473090e-01 9.875341e+03 3.203589e+03 1.417950e+02 3.646273e+03 9.904369e+03 -7.931267e-04     0 -4.655802e-03    20 1.223090e+02 8.978670e-02 1.785793e-02 
8.470000e+01 3.975164e-01 -2.425361e-03 8.584379e-01 9.883520e+03 3.212614e+03 1.406687e+02 3.646273e+03 9.904369e+03 -2.971198e-04     0 -5.355428e-03    20 1.223323e+02 9.019456e-02 1.763362e-02 
8.480000e+01 4.024651e-01 -2.603589e-03 8.697143e-01 9.891606e+03 3.221726e+03 1.395373e+02 3.646273e+03 9.904369e+03 6.791517e-04     0 -6.056778e-03    20 1.223560e+02 9.061256e-02 1.742207e-02 
8.490000e+01 4.071271e-01 -2.762153e-03 8.811374e-01 9.899596e+03 3.230924e+03 1.384012e+02 3.646273e+03 9.904369e+03 1.799631e-03     0 -6.720613e-03    20 1.223801e+02 9.103940e-02 1.720149e-02 
   85 4.113842e-01 -2.912663e-03 8.927160e-01 9.907489e+03 3.240208e+03 1.372604e+02 3.701077e+03 9.914708e+03 2.917362e-03     0 -7.409152e-03    20 1.224045e+02 9.146953e-02 1.693947e-02 
8.510000e+01 4.152619e-01 -3.054951e-03 9.044538e-01 9.915282e+03 3.249579e+03 1.361152e+02 3.701077e+03 9.914708e+03 2.987578e-03     0 -8.153134e-03 2.005025e+01 1.224293e+02 9.190438e-02 1.662493e-02 
8.520000e+01 4.189310e-01 -3.170887e-03 9.163289e-01 9.922973e+03 3.259036e+03 1.349659e+02 3.701077e+03 9.914708e+03 3.614348e-03     0 -8.938945e-03 2.009436e+01 1.224546e+02 9.234895e-02 1.629373e-02 
8.530000e+01 4.223689e-01 -3.241003e-03 9.283261e-01 9.930560e+03 3.268581e+03 1.338127e+02 3.701077e+03 9.914708e+03 4.414885e-03     0 -9.675646e-03 2.012062e+01 1.224802e+02 9.281246e-02 1.596016e-02 
8.540000e+01 4.255103e-01 -3.267425e-03 9.404335e-01 9.938040e+03 3.278212e+03 1.326562e+02 3.701077e+03 9.914708e+03 5.238144e-03     0 -1.033921e-02 2.013102e+01 1.225058e+02 9.328590e-02 1.562105e-02 
8.550000e+01 4.283184e-01 -3.265247e-03 9.526382e-01 9.945412e+03 3.287929e+03 1.314967e+02 3.756515e+03 9.925166e+03 6.020651e-03     0 -1.095892e-02 2.012733e+01 1.225312e+02 9.375066e-02 1.526960e-02 
8.560000e+01 4.307807e-01 -3.247713e-03 9.649283e-01 9.952672e+03 3.297732e+03 1.303347e+02 3.756515e+03 9.925166e+03 6.838657e-03     0 -1.154792e-02 2.011114e+01 1.225563e+02 9.419284e-02 1.490061e-02 
8.570000e+01 4.328957e-01 -3.221307e-03 9.772933e-01 9.959820e+03 3.307620e+03 1.291706e+02 3.756515e+03 9.925166e+03 7.513804e-03     0 -1.209876e-02 2.008390e+01 1.225808e+02 9.460658e-02 1.451097e-02 
8.580000e+01 4.346951e-01 -3.186389e-03 9.897192e-01 9.966854e+03 3.317593e+03 1.280049e+02 3.756515e+03 9.925166e+03 8.085848e-03     0 -1.260077e-02 2.004691e+01 1.226046e+02 9.498992e-02 1.410687e-02 
8.590000e+01 4.362190e-01 -3.140391e-03 1.002188e+00 9.973770e+03 3.327650e+03 1.268381e+02 3.756515e+03 9.925166e+03 8.575395e-03     0 -1.304945e-02 2.000135e+01 1.226276e+02 9.534165e-02 1.370138e-02 
   86 4.375030e-01 -3.082649e-03 1.014676e+00 9.980569e+03 3.337790e+03 1.256705e+02 3.811853e+03 9.935606e+03 8.995813e-03     0 -1.346109e-02    20 1.226499e+02 9.565779e-02 1.331021e-02 
8.610000e+01 4.385037e-01 -3.000901e-03 1.027178e+00 9.987247e+03 3.348013e+03 1.245025e+02 3.811853e+03 9.935606e+03 1.036296e-02     0 -1.395517e-02    20 1.226717e+02 9.595212e-02 1.293347e-02 
8.620000e+01 4.390734e-01 -2.885918e-03 1.039709e+00 9.993803e+03 3.358316e+03 1.233347e+02 3.811853e+03 9.935606e+03 1.101041e-02     0 -1.438080e-02    20 1.226927e+02 9.624356e-02 1.253489e-02 
8.630000e+01 4.392875e-01 -2.735752e-03 1.052268e+00 1.000024e+04 3.368699e+03 1.221673e+02 3.811853e+03 9.935606e+03 1.133091e-02     0 -1.474050e-02    20 1.227130e+02 9.653139e-02 1.211327e-02 
8.640000e+01 4.392721e-01 -2.550521e-03 1.064830e+00 1.000655e+04 3.379160e+03 1.210009e+02 3.811853e+03 9.935606e+03 1.148821e-02     0 -1.505879e-02    20 1.227323e+02 9.680486e-02 1.169427e-02 
8.650000e+01 4.391215e-01 -2.327147e-03 1.077363e+00 1.001273e+04 3.389699e+03 1.198359e+02 3.866514e+03 9.945919e+03 1.155951e-02     0 -1.534310e-02    20 1.227507e+02 9.705542e-02 1.131115e-02 
8.660000e+01 4.387682e-01 -2.065820e-03 1.089850e+00 1.001878e+04 3.400314e+03 1.186730e+02 3.866514e+03 9.945919e+03 1.328721e-02     0 -1.558916e-02    20 1.227680e+02 9.728034e-02 1.096787e-02 
8.670000e+01 4.379498e-01 -1.782827e-03 1.102313e+00 1.002471e+04 3.411002e+03 1.175124e+02 3.866514e+03 9.945919e+03 1.385761e-02     0 -1.579680e-02    20 1.227842e+02 9.748125e-02 1.060152e-02 
8.680000e+01 4.367725e-01 -1.484402e-03 1.114756e+00 1.003051e+04 3.421764e+03 1.163548e+02 3.866514e+03 9.945919e+03 1.393549e-02     0 -1.596181e-02    20 1.227992e+02 9.765699e-02 1.020430e-02 
8.690000e+01 4.354261e-01 -1.164702e-03 1.127155e+00 1.003618e+04 3.432596e+03 1.152006e+02 3.866514e+03 9.945919e+03 1.379454e-02     0 -1.607678e-02    20 1.228129e+02 9.780537e-02 9.810778e-03 
   87 4.340472e-01 -8.141014e-04 1.139475e+00 1.004172e+04 3.443498e+03 1.140502e+02 3.920074e+03 9.956023e+03 1.356060e-02     0 -1.604824e-02 2.001543e+01 1.228252e+02 9.792359e-02 9.466924e-03 
8.710000e+01 4.325470e-01 -4.398616e-04 1.151694e+00 1.004713e+04 3.454467e+03 1.129041e+02 3.920074e+03 9.956023e+03 1.550765e-02     0 -1.615166e-02 2.005928e+01 1.228365e+02 9.800201e-02 9.179212e-03 
8.720000e+01 4.305824e-01 -4.682898e-05 1.163852e+00 1.005240e+04 3.465502e+03 1.117627e+02 3.920074e+03 9.956023e+03 1.598128e-02     0 -1.624319e-02 2.008969e+01 1.228465e+02 9.806335e-02 8.865219e-03 
8.730000e+01 4.282772e-01 3.724388e-04 1.175968e+00 1.005754e+04 3.476601e+03 1.106264e+02 3.920074e+03 9.956023e+03 1.584723e-02     0 -1.628098e-02 2.010818e+01 1.228552e+02 9.812186e-02 8.512045e-03 
8.740000e+01 4.258646e-01 8.229937e-04 1.188017e+00 1.006255e+04 3.487762e+03 1.094955e+02 3.920074e+03 9.956023e+03 1.545954e-02     0 -1.616617e-02 2.011602e+01 1.228624e+02 9.817026e-02 8.160459e-03 
8.750000e+01 4.235107e-01 1.297078e-03 1.199953e+00 1.006743e+04 3.498982e+03 1.083706e+02 3.972242e+03 9.965865e+03 1.497836e-02     0 -1.597669e-02 2.011438e+01 1.228680e+02 9.818435e-02 7.865573e-03 
8.760000e+01 4.211149e-01 1.781216e-03 1.211748e+00 1.007218e+04 3.510261e+03 1.072519e+02 3.972242e+03 9.965865e+03 1.702885e-02     0 -1.575219e-02 2.010435e+01 1.228719e+02 9.814991e-02 7.636324e-03 
8.770000e+01 4.182695e-01 2.246585e-03 1.223442e+00 1.007679e+04 3.521596e+03 1.061398e+02 3.972242e+03 9.965865e+03 1.740653e-02     0 -1.543986e-02 2.008684e+01 1.228740e+02 9.806874e-02 7.377540e-03 
8.780000e+01 4.151132e-01 2.678326e-03 1.235049e+00 1.008127e+04 3.532984e+03 1.050346e+02 3.972242e+03 9.965865e+03 1.710378e-02     0 -1.507293e-02 2.006274e+01 1.228743e+02 9.793956e-02 7.073410e-03 
8.790000e+01 4.119061e-01 3.083389e-03 1.246547e+00 1.008561e+04 3.544425e+03 1.039364e+02 3.972242e+03 9.965865e+03 1.652680e-02     0 -1.481398e-02 2.003298e+01 1.228729e+02 9.776672e-02 6.768917e-03 
   88 4.088301e-01 3.492740e-03 1.257903e+00 1.008983e+04 3.555915e+03 1.028454e+02 4.022847e+03 9.975412e+03 1.585928e-02     0 -1.439008e-02    20 1.228697e+02 9.757052e-02 6.524822e-03 
8.810000e+01 4.057727e-01 3.902697e-03 1.269096e+00 1.009391e+04 3.567453e+03 1.017616e+02 4.022847e+03 9.975412e+03 1.793444e-02     0 -1.383506e-02    20 1.228649e+02 9.734270e-02 6.351511e-03 
8.820000e+01 4.022993e-01 4.282322e-03 1.280169e+00 1.009786e+04 3.579037e+03 1.006850e+02 4.022847e+03 9.975412e+03 1.821767e-02     0 -1.353601e-02    20 1.228587e+02 9.708369e-02 6.146973e-03 
8.830000e+01 3.985461e-01 4.650370e-03 1.291155e+00 1.010168e+04 3.590664e+03 9.961559e+01 4.022847e+03 9.975412e+03 1.778529e-02     0 -1.313178e-02    20 1.228512e+02 9.682601e-02 5.892901e-03 
8.840000e+01 3.947886e-01 5.020252e-03 1.302036e+00 1.010537e+04 3.602333e+03 9.855341e+01 4.022847e+03 9.975412e+03 1.707186e-02     0 -1.263319e-02    20 1.228422e+02 9.657125e-02 5.635793e-03 
8.850000e+01 3.912176e-01 5.394067e-03 1.312767e+00 1.010893e+04 3.614041e+03 9.749845e+01 4.071809e+03 9.984649e+03 1.627311e-02     0 -1.211015e-02    20 1.228319e+02 9.630429e-02 5.439008e-03 
8.860000e+01 3.877185e-01 5.767303e-03 1.323324e+00 1.011236e+04 3.625788e+03 9.645067e+01 4.071809e+03 9.984649e+03 1.831905e-02     0 -1.158851e-02    20 1.228203e+02 9.601748e-02 5.313972e-03 
8.870000e+01 3.838293e-01 6.115715e-03 1.333759e+00 1.011567e+04 3.637570e+03 9.540999e+01 4.071809e+03 9.984649e+03 1.852941e-02     0 -1.100309e-02 2.001210e+01 1.228074e+02 9.571434e-02 5.155334e-03 
8.880000e+01 3.796958e-01 6.427055e-03 1.344094e+00 1.011885e+04 3.649386e+03 9.437631e+01 4.071809e+03 9.984649e+03 1.800693e-02     0 -1.053135e-02 2.003903e+01 1.227936e+02 9.539420e-02 4.943970e-03 
8.890000e+01 3.755950e-01 6.724533e-03 1.354314e+00 1.012190e+04 3.661235e+03 9.334952e+01 4.071809e+03 9.984649e+03 1.720324e-02     0 -1.010203e-02 2.005732e+01 1.227787e+02 9.507498e-02 4.726841e-03 
   89 3.717190e-01 7.036540e-03 1.364386e+00 1.012483e+04 3.673113e+03 9.232951e+01 4.119119e+03 9.993574e+03 1.632030e-02     0 -9.559257e-03 2.006790e+01 1.227629e+02 9.476794e-02 4.568130e-03 
8.910000e+01 3.679498e-01 7.357280e-03 1.374286e+00 1.012764e+04 3.685020e+03 9.131615e+01 4.119119e+03 9.993574e+03 1.833270e-02     0 -8.965228e-03 2.007169e+01 1.227460e+02 9.445962e-02 4.479560e-03 
8.920000e+01 3.638170e-01 7.649582e-03 1.384064e+00 1.013032e+04 3.696954e+03 9.030931e+01 4.119119e+03 9.993574e+03 1.848940e-02     0 -8.345513e-03 2.006947e+01 1.227281e+02 9.413743e-02 4.354765e-03 
8.930000e+01 3.594634e-01 7.895783e-03 1.393739e+00 1.013289e+04 3.708914e+03 8.930884e+01 4.119119e+03 9.993574e+03 1.791061e-02     0 -7.748457e-03 2.006203e+01 1.227093e+02 9.379542e-02 4.174040e-03 
8.940000e+01 3.551676e-01 8.105195e-03 1.403293e+00 1.013533e+04 3.720896e+03 8.831458e+01 4.119119e+03 9.993574e+03 1.705288e-02     0 -7.210952e-03 2.005014e+01 1.226895e+02 9.343821e-02 3.984496e-03 
8.950000e+01 3.511207e-01 8.302011e-03 1.412690e+00 1.013766e+04 3.732901e+03 8.732630e+01 4.164813e+03 1.000219e+04 1.612044e-02     0 -6.615983e-03 2.003438e+01 1.226688e+02 9.307724e-02 3.850734e-03 
8.960000e+01 3.472028e-01 8.490531e-03 1.421911e+00 1.013987e+04 3.744926e+03 8.634376e+01 4.164813e+03 1.000219e+04 1.809721e-02     0 -5.983955e-03 2.001531e+01 1.226473e+02 9.271195e-02 3.785051e-03 
8.970000e+01 3.429403e-01 8.644479e-03 1.431010e+00 1.014196e+04 3.756970e+03 8.536667e+01 4.164813e+03 1.000219e+04 1.821810e-02     0 -5.327167e-03    20 1.226251e+02 9.233945e-02 3.681708e-03 
8.980000e+01 3.384748e-01 8.752038e-03 1.440010e+00 1.014394e+04 3.769031e+03 8.439476e+01 4.164813e+03 1.000219e+04 1.760572e-02     0 -4.748290e-03    20 1.226023e+02 9.195803e-02 3.520920e-03 
8.990000e+01 3.340821e-01 8.831028e-03 1.448896e+00 1.014581e+04 3.781109e+03 8.342776e+01 4.164813e+03 1.000219e+04 1.671796e-02     0 -4.215414e-03    20 1.225790e+02 9.157976e-02 3.349341e-03 
   90 3.299519e-01 8.908143e-03 1.457631e+00 1.014757e+04 3.793200e+03 8.246536e+01 4.208959e+03 1.004243e+04 1.575878e-02     0 -3.677161e-03    20 1.225554e+02 9.121627e-02 3.231179e-03 
9.010000e+01 3.254599e-01 4.816773e-03 1.464834e+00 1.014921e+04 3.805306e+03 8.150944e+01 4.208959e+03 1.004243e+04 2.438692e-02     0 7.956035e-02    20 1.225295e+02 8.609366e-02 3.090628e-03 
9.020000e+01 3.189940e-01 -1.085168e-02 1.468319e+00 1.015075e+04 3.817424e+03 8.055533e+01 4.208959e+03 1.004243e+04 2.671900e-02     0 6.827197e-02 2.001592e+01 1.225207e+02 7.052741e-02 2.585391e-03 
9.030000e+01 3.110491e-01 -2.905355e-02 1.471304e+00 1.015219e+04 3.829552e+03 7.957282e+01 4.208959e+03 1.004243e+04 2.645333e-02     0 4.458293e-02 2.004001e+01 1.225505e+02 5.542309e-02 1.705223e-03 
9.040000e+01 3.025303e-01 -4.166169e-02 1.476344e+00 1.015355e+04 3.841690e+03 7.853242e+01 4.208959e+03 1.004243e+04 2.509140e-02     0 3.993089e-02 2.006494e+01 1.226169e+02 4.813278e-02 5.651609e-04 
9.050000e+01 2.941253e-01 -4.836443e-02 1.483261e+00 1.015484e+04 3.853838e+03 7.742193e+01 4.247852e+03 1.005570e+04 2.330486e-02     0 4.621005e-02 2.009230e+01 1.227077e+02 4.738573e-02 -6.840202e-04 
9.060000e+01 2.860808e-01 -5.220367e-02 1.490845e+00 1.015604e+04 3.865997e+03 7.624231e+01 4.247852e+03 1.005570e+04 2.396008e-02     0 4.799531e-02 2.012379e+01 1.228142e+02 4.922908e-02 -1.876889e-03 
9.070000e+01 2.781459e-01 -5.497127e-02 1.498413e+00 1.015717e+04 3.878169e+03 7.499857e+01 4.247852e+03 1.005570e+04 2.299478e-02     0 4.488867e-02 2.015821e+01 1.229329e+02 5.165012e-02 -2.926913e-03 
9.080000e+01 2.704469e-01 -5.692426e-02 1.505764e+00 1.015823e+04 3.890354e+03 7.369605e+01 4.247852e+03 1.005570e+04 2.145738e-02     0 3.906543e-02 2.019641e+01 1.230619e+02 5.435579e-02 -3.726652e-03 
9.090000e+01 2.631703e-01 -5.780767e-02 1.512864e+00 1.015921e+04 3.902553e+03 7.234040e+01 4.247852e+03 1.005570e+04 1.976164e-02     0 3.347053e-02 2.023846e+01 1.231991e+02 5.753247e-02 -4.177988e-03 
   91 2.564160e-01 -5.760023e-02 1.519654e+00 1.016011e+04 3.914766e+03 7.093825e+01 4.285587e+03 1.006859e+04 1.808107e-02     0 2.874280e-02 2.028418e+01 1.233417e+02 6.110676e-02 -4.226651e-03 
9.110000e+01 2.499227e-01 -5.654623e-02 1.526095e+00 1.016094e+04 3.926995e+03 6.949716e+01 4.285587e+03 1.006859e+04 2.035212e-02     0 2.436619e-02 2.033357e+01 1.234871e+02 6.479391e-02 -3.923554e-03 
9.120000e+01 2.430164e-01 -5.493059e-02 1.532283e+00 1.016170e+04 3.939240e+03 6.802495e+01 4.285587e+03 1.006859e+04 2.016706e-02     0 2.027264e-02 2.038595e+01 1.236334e+02 6.835264e-02 -3.493085e-03 
9.130000e+01 2.358741e-01 -5.294423e-02 1.538293e+00 1.016238e+04 3.951501e+03 6.652929e+01 4.285587e+03 1.006859e+04 1.901977e-02     0 1.637814e-02 2.044062e+01 1.237788e+02 7.165527e-02 -3.061918e-03 
9.140000e+01 2.288865e-01 -5.068836e-02 1.544154e+00 1.016298e+04 3.963779e+03 6.501739e+01 4.285587e+03 1.006859e+04 1.751857e-02     0 1.285446e-02 2.049738e+01 1.239219e+02 7.465972e-02 -2.656372e-03 
9.150000e+01 2.223412e-01 -4.822497e-02 1.549862e+00 1.016351e+04 3.976072e+03 6.349594e+01 4.322202e+03 1.008108e+04 1.593880e-02     0 9.820942e-03 2.055594e+01 1.240616e+02 7.735373e-02 -2.255078e-03 
9.160000e+01 2.161212e-01 -4.562152e-02 1.555426e+00 1.016397e+04 3.988383e+03 6.197106e+01 4.322202e+03 1.008108e+04 1.803835e-02     0 7.268764e-03 2.061594e+01 1.241968e+02 7.972309e-02 -1.875569e-03 
9.170000e+01 2.096437e-01 -4.296112e-02 1.560934e+00 1.016436e+04 4.000709e+03 6.044828e+01 4.322202e+03 1.008108e+04 1.784609e-02     0 5.382265e-03 2.067705e+01 1.243266e+02 8.175688e-02 -1.662982e-03 
9.180000e+01 2.031036e-01 -4.032074e-02 1.566412e+00 1.016468e+04 4.013051e+03 5.893248e+01 4.322202e+03 1.008108e+04 1.677640e-02     0 3.817533e-03 2.073895e+01 1.244506e+02 8.343712e-02 -1.641089e-03 
9.190000e+01 1.968543e-01 -3.772775e-02 1.571818e+00 1.016493e+04 4.025409e+03 5.742789e+01 4.322202e+03 1.008108e+04 1.540725e-02     0 2.093764e-03 2.080158e+01 1.245682e+02 8.478730e-02 -1.734806e-03 
   92 1.911256e-01 -3.512637e-02 1.577094e+00 1.016511e+04 4.037780e+03 5.593805e+01 4.357760e+03 1.009322e+04 1.399602e-02     0 1.024222e-03 2.086470e+01 1.246792e+02 8.589621e-02 -1.837844e-03 
9.210000e+01 1.857227e-01 -3.253679e-02 1.582193e+00 1.016523e+04 4.050166e+03 5.446601e+01 4.357760e+03 1.009322e+04 1.644165e-02     0 7.564771e-04 2.092796e+01 1.247831e+02 8.676935e-02 -1.910138e-03 
9.220000e+01 1.799876e-01 -3.005897e-02 1.587162e+00 1.016528e+04 4.062564e+03 5.301437e+01 4.357760e+03 1.009322e+04 1.649111e-02     0 5.923036e-04 2.099127e+01 1.248799e+02 8.735701e-02 -2.070095e-03 
9.230000e+01 1.740798e-01 -2.772094e-02 1.592016e+00 1.016526e+04 4.074975e+03 5.158515e+01 4.357760e+03 1.009322e+04 1.561205e-02     0 2.860356e-06 2.105496e+01 1.249696e+02 8.768717e-02 -2.325496e-03 
9.240000e+01 1.683467e-01 -2.543436e-02 1.596727e+00 1.016519e+04 4.087396e+03 5.017981e+01 4.357760e+03 1.009322e+04 1.439811e-02     0 -2.000576e-06 2.111876e+01 1.250524e+02 8.787551e-02 -2.598093e-03 
9.250000e+01 1.630219e-01 -2.319412e-02 1.601227e+00 1.016505e+04 4.099828e+03 4.879951e+01 4.199828e+03 1.026505e+04 1.311098e-02     0 4.101937e-04 2.118259e+01 1.251280e+02 8.793423e-02 -2.790281e-03 
9.260000e+01 1.509168e-01 -4.658000e-02 1.602183e+00 1.016485e+04 4.112270e+03 4.745727e+01 4.199828e+03 1.026505e+04 1.000000e-01     0 2.617994e-01 2.191957e+01 1.251947e+02 6.090478e-02 -4.113321e-03 
9.270000e+01 1.196397e-01 -1.067225e-01 1.601432e+00 1.016461e+04 4.124721e+03 4.611126e+01 4.199828e+03 1.026505e+04 1.000000e-01     0 2.617994e-01 2.261089e+01 1.253484e+02 5.141163e-03 -8.820683e-03 
9.280000e+01 7.898432e-02 -1.761400e-01 1.604458e+00 1.016433e+04 4.137181e+03 4.464519e+01 4.199828e+03 1.026505e+04 1.000000e-01     0 2.617994e-01 2.327031e+01 1.256430e+02 -5.018498e-02 -1.485439e-02 
9.290000e+01 3.430485e-02 -2.378669e-01 1.612508e+00 1.016404e+04 4.149647e+03 4.294703e+01 4.199828e+03 1.026505e+04 1.000000e-01     0 2.617994e-01 2.391428e+01 1.260893e+02 -9.039446e-02 -2.113594e-02 
   93 -1.312762e-02 -2.851833e-01 1.624441e+00 1.016375e+04 4.162120e+03 4.093680e+01 4.262120e+03 1.026375e+04 1.000000e-01     0 2.617994e-01 2.455603e+01 1.266739e+02 -1.122506e-01 -2.758622e-02 
9.310000e+01 -6.102884e-02 -3.184768e-01 1.638361e+00 1.016344e+04 4.174595e+03 3.857224e+01 4.262120e+03 1.026375e+04 1.000000e-01     0 2.617994e-01 2.520448e+01 1.273744e+02 -1.192256e-01 -3.429958e-02 
9.320000e+01 -1.099376e-01 -3.416063e-01 1.652613e+00 1.016311e+04 4.187071e+03 3.584139e+01 4.262120e+03 1.026375e+04 1.000000e-01     0 2.617994e-01 2.586486e+01 1.281692e+02 -1.171910e-01 -4.115967e-02 
9.330000e+01 -1.594116e-01 -3.591138e-01 1.666159e+00 1.016277e+04 4.199549e+03 3.275046e+01 4.262120e+03 1.026375e+04 1.000000e-01     0 2.617994e-01 2.653994e+01 1.290430e+02 -1.115875e-01 -4.779311e-02 
9.340000e+01 -2.092679e-01 -3.746340e-01 1.678492e+00 1.016241e+04 4.212030e+03 2.931272e+01 4.262120e+03 1.026375e+04 9.247152e-02     0 2.617994e-01 2.723476e+01 1.299874e+02 -1.060957e-01 -5.367403e-02 
9.350000e+01 -2.572814e-01 -3.904732e-01 1.688977e+00 1.016202e+04 4.224515e+03 2.554092e+01 4.324515e+03 1.026202e+04 8.056623e-02     0 2.617994e-01 2.794752e+01 1.309996e+02 -1.023640e-01 -5.805869e-02 
9.360000e+01 -3.016486e-01 -4.077834e-01 1.696993e+00 1.016161e+04 4.237007e+03 2.144394e+01 4.324515e+03 1.026202e+04 7.231054e-02     0 2.617994e-01 2.867539e+01 1.320801e+02 -1.006215e-01 -6.015998e-02 
9.370000e+01 -3.423566e-01 -4.268698e-01 1.702354e+00 1.016117e+04 4.249507e+03 1.702618e+01 4.324515e+03 1.026202e+04 6.277309e-02     0 2.617994e-01 2.942300e+01 1.332308e+02 -1.004380e-01 -5.960361e-02 
9.380000e+01 -3.792314e-01 -4.475472e-01 1.705077e+00 1.016071e+04 4.262015e+03 1.228847e+01 4.324515e+03 1.026202e+04 5.333087e-02     0 2.617994e-01 3.019325e+01 1.344535e+02 -1.011094e-01 -5.644099e-02 
9.390000e+01 -4.121839e-01 -4.694563e-01 1.705437e+00 1.016022e+04 4.274532e+03 7.229431e+00 4.324515e+03 1.026202e+04 4.451785e-02     0 2.617994e-01 3.098825e+01 1.357490e+02 -1.020525e-01 -5.108124e-02 
   94 -4.413184e-01 -4.922024e-01 1.703971e+00 1.015972e+04 4.287058e+03 1.846657e+00 4.387058e+03 1.025972e+04 3.652862e-02     0 2.617994e-01 3.181013e+01 1.371171e+02 -1.029368e-01 -4.419444e-02 
9.410000e+01 -4.668799e-01 -5.154061e-01 1.701401e+00 1.015919e+04 4.299591e+03     0 4.387058e+03 1.025972e+04 2.940672e-02     0 2.617994e-01 3.249857e+01 1.385561e+02 -1.036602e-01 -3.658125e-02 
9.420000e+01 -4.891861e-01 -5.387154e-01 1.698509e+00 1.015864e+04 4.312132e+03     0 4.387058e+03 1.025972e+04 2.312423e-02     0 2.617994e-01 3.277876e+01 1.400616e+02 -1.042601e-01 -2.903839e-02 
9.430000e+01 -5.085716e-01 -5.618121e-01 1.696006e+00 1.015807e+04 4.324681e+03     0 4.387058e+03 1.025972e+04 1.762046e-02     0 2.617994e-01 3.304085e+01 1.416302e+02 -1.048187e-01 -2.224190e-02 
9.440000e+01 -5.253479e-01 -5.844280e-01 1.694432e+00 1.015749e+04 4.337235e+03     0 4.387058e+03 1.025972e+04 1.282336e-02     0 2.617994e-01 3.330178e+01 1.432598e+02 -1.054016e-01 -1.666620e-02 
9.450000e+01 -5.397800e-01 -6.063683e-01 1.694091e+00 1.015689e+04 4.349793e+03     0 4.449793e+03 1.025689e+04 8.662233e-03     0 2.617994e-01 3.356168e+01 1.449485e+02 -1.060338e-01 -1.254521e-02 
9.460000e+01 -5.520809e-01 -6.275308e-01 1.695044e+00 1.015628e+04 4.362355e+03     0 4.449793e+03 1.025689e+04 5.074499e-03     0 2.617994e-01 3.382063e+01 1.466945e+02 -1.067023e-01 -9.875535e-03 
9.470000e+01 -5.624211e-01 -6.479132e-01 1.697142e+00 1.015565e+04 4.374919e+03     0 4.449793e+03 1.025689e+04 2.007890e-03     0 2.617994e-01 3.407873e+01 1.484962e+02 -1.073742e-01 -8.455926e-03 
9.480000e+01 -5.709465e-01 -6.676015e-01 1.700091e+00 1.015501e+04 4.387483e+03     0 4.449793e+03 1.025689e+04 -5.809258e-04     0 2.617994e-01 3.433606e+01 1.503517e+02 -1.080165e-01 -7.952582e-03 
9.490000e+01 -5.770484e-01 -6.853253e-01 1.702344e+00 1.015435e+04 4.400045e+03     0 4.449793e+03 1.025689e+04 -2.701712e-03     0 2.019138e-01 3.459270e+01 1.522611e+02 -1.066759e-01 -7.977983e-03 
   95 -5.745386e-01 -6.895699e-01 1.693599e+00 1.015368e+04 4.412604e+03     0 4.512604e+03 1.025368e+04 -3.742560e-03     0 1.606975e-01 3.484870e+01 1.542051e+02 -9.068085e-02 -8.190593e-03 
9.510000e+01 -5.643956e-01 -6.810383e-01 1.674328e+00 1.015301e+04 4.425179e+03     0 4.512604e+03 1.025368e+04 -2.960311e-03     0 1.503832e-01 3.510413e+01 1.561285e+02 -6.454927e-02 -8.351878e-03 
9.520000e+01 -5.530953e-01 -6.693667e-01 1.652990e+00 1.015238e+04 4.437808e+03     0 4.512604e+03 1.025368e+04 -9.257788e-04     0 1.285790e-01 3.535904e+01 1.580040e+02 -4.046991e-02 -8.396668e-03 
9.530000e+01 -5.429160e-01 -6.569779e-01 1.631841e+00 1.015183e+04 4.450527e+03     0 4.512604e+03 1.025368e+04 1.475503e-03     0 9.638336e-02 3.561349e+01 1.598301e+02 -2.030266e-02 -8.452932e-03 
9.540000e+01 -5.335471e-01 -6.419104e-01 1.609648e+00 1.015139e+04 4.463365e+03     0 4.512604e+03 1.025368e+04 3.865643e-03     0 7.165901e-02 3.586751e+01 1.616019e+02 -1.427116e-03 -8.721221e-03 
9.550000e+01 -5.252916e-01 -6.240994e-01 1.586610e+00 1.015110e+04 4.476351e+03     0 4.576351e+03 1.025110e+04 6.107089e-03     0 4.981344e-02 3.612115e+01 1.633105e+02 1.627683e-02 -9.359200e-03 
9.560000e+01 -5.176817e-01 -6.044331e-01 1.563267e+00 1.015099e+04 4.489512e+03     0 4.576351e+03 1.025110e+04 1.361395e-03     0 3.513093e-02 3.637445e+01 1.649494e+02 3.210688e-02 -1.027547e-02 
9.570000e+01 -5.092600e-01 -5.845031e-01 1.540073e+00 1.015108e+04 4.502869e+03     0 4.576351e+03 1.025110e+04 8.811642e-04     0 2.049310e-02 3.662743e+01 1.665161e+02 4.500158e-02 -1.091086e-02 
9.580000e+01 -5.006208e-01 -5.642362e-01 1.516712e+00 1.015141e+04 4.516441e+03     0 4.576351e+03 1.025110e+04 2.053587e-03     0 6.399225e-03 3.688012e+01 1.680119e+02 5.578666e-02 -1.105703e-02 
9.590000e+01 -4.927742e-01 -5.432446e-01 1.493084e+00 1.015200e+04 4.530237e+03     0 4.576351e+03 1.025110e+04 3.772560e-03     0 -3.256580e-03 3.713256e+01 1.694346e+02 6.507744e-02 -1.089350e-02 
   96 -4.865285e-01 -5.217935e-01 1.469653e+00 1.015287e+04 4.544265e+03     0 4.644265e+03 1.025287e+04 5.480980e-03     0 -1.203588e-02 3.738477e+01 1.707837e+02 7.282278e-02 -1.073171e-02 
9.610000e+01 -4.805954e-01 -5.001048e-01 1.446557e+00 1.015403e+04 4.558528e+03     0 4.644265e+03 1.025287e+04 -4.093910e-03     0 -1.788247e-02 3.763677e+01 1.720583e+02 7.904247e-02 -1.053251e-02 
9.620000e+01 -4.718087e-01 -4.786215e-01 1.423406e+00 1.015552e+04 4.573023e+03     0 4.644265e+03 1.025287e+04 -6.423754e-03     0 -2.323231e-02 3.788858e+01 1.732600e+02 8.391834e-02 -9.499126e-03 
9.630000e+01 -4.616164e-01 -4.573707e-01 1.400199e+00 1.015734e+04 4.587746e+03     0 4.644265e+03 1.025287e+04 -5.748372e-03     0 -2.598968e-02 3.814021e+01 1.743887e+02 8.759243e-02 -7.657277e-03 
9.640000e+01 -4.521545e-01 -4.363160e-01 1.377503e+00 1.015950e+04 4.602689e+03     0 4.644265e+03 1.025287e+04 -3.970814e-03     0 -2.849929e-02 3.839169e+01 1.754461e+02 9.017290e-02 -5.653048e-03 
9.650000e+01 -4.445542e-01 -4.152587e-01 1.355895e+00 1.016201e+04 4.617841e+03     0 4.717841e+03 1.026201e+04 -2.021904e-03     0 -2.851942e-02 3.864303e+01 1.764328e+02 9.175717e-02 -4.194920e-03 
9.660000e+01 -4.375182e-01 -3.943629e-01 1.335679e+00 1.016487e+04 4.633188e+03     0 4.717841e+03 1.026201e+04 -1.103562e-02     0 -2.802893e-02 3.889424e+01 1.773512e+02 9.238301e-02 -3.401507e-03 
9.670000e+01 -4.276985e-01 -3.738617e-01 1.316319e+00 1.016809e+04 4.648717e+03     0 4.717841e+03 1.026201e+04 -1.300257e-02     0 -2.633640e-02 3.914534e+01 1.782028e+02 9.220158e-02 -2.407648e-03 
9.680000e+01 -4.165064e-01 -3.538698e-01 1.297638e+00 1.017167e+04 4.664412e+03     0 4.717841e+03 1.026201e+04 -1.205022e-02     0 -2.546890e-02 3.939633e+01 1.789901e+02 9.138893e-02 -1.106723e-03 
9.690000e+01 -4.059273e-01 -3.342332e-01 1.279843e+00 1.017559e+04 4.680256e+03     0 4.717841e+03 1.026201e+04 -1.001375e-02     0 -2.151938e-02 3.964723e+01 1.797142e+02 9.005575e-02 5.988713e-05 
   97 -3.970511e-01 -3.151132e-01 1.263382e+00 1.017986e+04 4.696235e+03     0 4.796235e+03 1.027986e+04 -7.795353e-03     0 -1.762951e-02 3.989804e+01 1.803780e+02 8.809377e-02 6.128141e-04 
9.710000e+01 -3.887876e-01 -2.966004e-01 1.248303e+00 1.018447e+04 4.712331e+03     0 4.796235e+03 1.027986e+04 -1.450021e-02     0 -1.303605e-02 4.014878e+01 1.809837e+02 8.550519e-02 5.737865e-04 
9.720000e+01 -3.784238e-01 -2.788548e-01 1.234002e+00 1.018939e+04 4.728528e+03     0 4.796235e+03 1.027986e+04 -1.550112e-02     0 -9.120590e-03 4.039944e+01 1.815351e+02 8.255371e-02 7.522770e-04 
9.730000e+01 -3.671957e-01 -2.618350e-01 1.220187e+00 1.019464e+04 4.744811e+03     0 4.796235e+03 1.027986e+04 -1.417058e-02     0 -3.330054e-03 4.065004e+01 1.820338e+02 7.937253e-02 1.285796e-03 
9.740000e+01 -3.567830e-01 -2.456593e-01 1.207096e+00 1.020018e+04 4.761166e+03     0 4.796235e+03 1.027986e+04 -1.202294e-02     0 1.635460e-03 4.090059e+01 1.824830e+02 7.589399e-02 1.826085e-03 
9.750000e+01 -3.479938e-01 -2.301934e-01 1.194978e+00 1.020601e+04 4.777578e+03     0 4.877578e+03 1.030601e+04 -9.790421e-03     0 7.762082e-03 4.115108e+01 1.828848e+02 7.217491e-02 1.978010e-03 
9.760000e+01 -3.399855e-01 -2.154947e-01 1.183888e+00 1.021211e+04 4.794036e+03     0 4.877578e+03 1.030601e+04 -1.422818e-02     0 1.335387e-02 4.140153e+01 1.832429e+02 6.825918e-02 1.715602e-03 
9.770000e+01 -3.307110e-01 -2.016117e-01 1.173364e+00 1.021846e+04 4.810526e+03     0 4.877578e+03 1.030601e+04 -1.452018e-02     0 1.952239e-02 4.165193e+01 1.835595e+02 6.424615e-02 1.606202e-03 
9.780000e+01 -3.210927e-01 -1.885797e-01 1.163226e+00 1.022506e+04 4.827038e+03     0 4.877578e+03 1.030601e+04 -1.315963e-02     0 2.349115e-02 4.190229e+01 1.838378e+02 6.022659e-02 1.749671e-03 
9.790000e+01 -3.122729e-01 -1.759815e-01 1.153475e+00 1.023190e+04 4.843563e+03     0 4.877578e+03 1.030601e+04 -1.125715e-02     0 3.075281e-02 4.215262e+01 1.840791e+02 5.651169e-02 1.909899e-03 
   98 -3.048417e-01 -1.645456e-01 1.144566e+00 1.023894e+04 4.860092e+03     0 4.960092e+03 1.033894e+04 -9.344466e-03     0 3.706242e-02 4.240292e+01 1.842858e+02 5.229251e-02 1.812547e-03 
9.810000e+01 -2.981120e-01 -1.539712e-01 1.136410e+00 1.024620e+04 4.876616e+03     0 4.960092e+03 1.033894e+04 -1.238888e-02     0 4.231822e-02 4.265319e+01 1.844627e+02 4.802760e-02 1.442330e-03 
9.820000e+01 -2.905582e-01 -1.440269e-01 1.128567e+00 1.025364e+04 4.893129e+03     0 4.960092e+03 1.033894e+04 -1.241102e-02     0 4.836595e-02 4.290344e+01 1.846115e+02 4.398654e-02 1.209695e-03 
9.830000e+01 -2.828694e-01 -1.348179e-01 1.120940e+00 1.026126e+04 4.909624e+03     0 4.960092e+03 1.033894e+04 -1.124456e-02     0 5.263192e-02 4.315366e+01 1.847345e+02 4.008962e-02 1.196376e-03 
9.840000e+01 -2.758715e-01 -1.260914e-01 1.113569e+00 1.026905e+04 4.926097e+03     0 4.960092e+03 1.033894e+04 -9.706816e-03     0 5.914446e-02 4.340386e+01 1.848331e+02 3.648844e-02 1.233707e-03 
9.850000e+01 -2.699564e-01 -1.182853e-01 1.106749e+00 1.027700e+04 4.942543e+03     0 5.042543e+03 1.037700e+04 -8.182974e-03     0 6.441335e-02 4.365404e+01 1.849094e+02 3.267154e-02 1.117522e-03 
9.860000e+01 -2.645988e-01 -1.111566e-01 1.100431e+00 1.028509e+04 4.958959e+03     0 5.042543e+03 1.037700e+04 -1.038983e-02     0 6.864637e-02 4.390421e+01 1.849668e+02 2.895778e-02 8.241382e-04 
9.870000e+01 -2.586618e-01 -1.044730e-01 1.094283e+00 1.029332e+04 4.975340e+03     0 5.042543e+03 1.037700e+04 -1.034038e-02     0 7.377117e-02 4.415435e+01 1.850066e+02 2.556274e-02 6.381367e-04 
9.880000e+01 -2.526624e-01 -9.838743e-02 1.088268e+00 1.030168e+04 4.991684e+03     0 5.042543e+03 1.037700e+04 -9.408805e-03     0 7.754886e-02 4.440449e+01 1.850304e+02 2.231622e-02 6.170418e-04 
9.890000e+01 -2.472053e-01 -9.270336e-02 1.082432e+00 1.031017e+04 5.007990e+03     0 5.042543e+03 1.037700e+04 -8.206691e-03     0 8.197588e-02 4.465461e+01 1.850394e+02 1.933844e-02 6.357456e-04 
   99 -2.425617e-01 -8.758665e-02 1.076952e+00 1.031876e+04 5.024256e+03     0 5.124256e+03 1.041876e+04 -7.019436e-03     0 8.641660e-02 4.490472e+01 1.850352e+02 1.639307e-02 5.430857e-04 
9.910000e+01 -2.383218e-01 -8.307239e-02 1.071847e+00 1.032747e+04 5.040479e+03     0 5.124256e+03 1.041876e+04 -8.767654e-03     0 9.027936e-02 4.515482e+01 1.850196e+02 1.344620e-02 3.203142e-04 
9.920000e+01 -2.336158e-01 -7.898715e-02 1.066867e+00 1.033627e+04 5.056660e+03     0 5.124256e+03 1.041876e+04 -8.730179e-03     0 9.335303e-02 4.540491e+01 1.849947e+02 1.071941e-02 1.811132e-04 
9.930000e+01 -2.288366e-01 -7.517392e-02 1.061917e+00 1.034517e+04 5.072797e+03     0 5.124256e+03 1.041876e+04 -7.995742e-03     0 9.695541e-02 4.565499e+01 1.849610e+02 8.301549e-03 1.726109e-04 
9.940000e+01 -2.244740e-01 -7.179244e-02 1.057119e+00 1.035416e+04 5.088889e+03     0 5.124256e+03 1.041876e+04 -7.043617e-03     0 1.002170e-01 4.590506e+01 1.849194e+02 5.967855e-03 1.988023e-04 
9.950000e+01 -2.207360e-01 -6.880368e-02 1.052574e+00 1.036324e+04 5.104938e+03     0 5.204938e+03 1.046324e+04 -6.099098e-03     0 1.031238e-01 4.615513e+01 1.848713e+02 3.725787e-03 1.399967e-04 
9.960000e+01 -2.173025e-01 -6.611311e-02 1.048271e+00 1.037240e+04 5.120942e+03     0 5.204938e+03 1.046324e+04 -7.543535e-03     0 1.058975e-01 4.640519e+01 1.848178e+02 1.640402e-03 -2.044697e-05 
9.970000e+01 -2.134449e-01 -6.373481e-02 1.044045e+00 1.038163e+04 5.136902e+03     0 5.204938e+03 1.046324e+04 -7.528998e-03     0 1.086072e-01 4.665525e+01 1.847598e+02 -3.020789e-04 -1.164783e-04 
9.980000e+01 -2.095221e-01 -6.167979e-02 1.039858e+00 1.039094e+04 5.152817e+03     0 5.204938e+03 1.046324e+04 -6.935275e-03     0 1.110329e-01 4.690529e+01 1.846981e+02 -2.133465e-03 -1.093453e-04 
9.990000e+01 -2.059231e-01 -5.987120e-02 1.035766e+00 1.040032e+04 5.168689e+03     0 5.204938e+03 1.046324e+04 -6.158233e-03     0 1.130404e-01 4.715534e+01 1.846336e+02 -3.813521e-03 -7.613975e-05 
  100 -2.028176e-01 -5.821650e-02 1.031840e+00 1.040977e+04 5.184518e+03     0 5.284518e+03 1.050977e+04 -5.382910e-03     0 1.151267e-01 4.740538e+01 1.845668e+02 -5.311315e-03 -1.132840e-04 
1.001000e+02 -1.999413e-01 -5.676376e-02 1.028099e+00 1.041928e+04 5.200303e+03     0 5.284518e+03 1.050977e+04 -6.632517e-03     0 1.170136e-01 4.765542e+01 1.844981e+02 -6.708088e-03 -2.346865e-04 
1.002000e+02 -1.966850e-01 -5.552947e-02 1.024405e+00 1.042885e+04 5.216046e+03     0 5.284518e+03 1.050977e+04 -6.634994e-03     0 1.187058e-01 4.790545e+01 1.844282e+02 -8.010155e-03 -3.031887e-04 
1.003000e+02 -1.933563e-01 -5.448003e-02 1.020719e+00 1.043848e+04 5.231747e+03     0 5.284518e+03 1.050977e+04 -6.140049e-03     0 1.202566e-01 4.815548e+01 1.843576e+02 -9.201668e-03 -2.853788e-04 
1.004000e+02 -1.902881e-01 -5.357644e-02 1.017097e+00 1.044817e+04 5.247406e+03     0 5.284518e+03 1.050977e+04 -5.484830e-03     0 1.216504e-01 4.840551e+01 1.842867e+02 -1.028070e-02 -2.456934e-04 
1.005000e+02 -1.876276e-01 -5.278766e-02 1.013612e+00 1.045791e+04 5.263025e+03     0 5.363025e+03 1.055791e+04 -4.827417e-03     0 1.229418e-01 4.865553e+01 1.842160e+02 -1.125601e-02 -2.663678e-04 
1.006000e+02 -1.851457e-01 -5.210862e-02 1.010271e+00 1.046771e+04 5.278603e+03     0 5.363025e+03 1.055791e+04 -5.944951e-03     0 1.240979e-01 4.890555e+01 1.841456e+02 -1.214402e-02 -3.598533e-04 
1.007000e+02 -1.823150e-01 -5.154562e-02 1.006951e+00 1.047755e+04 5.294142e+03     0 5.363025e+03 1.055791e+04 -5.960884e-03     0 1.251310e-01 4.915557e+01 1.840760e+02 -1.294685e-02 -4.081181e-04 
1.008000e+02 -1.794054e-01 -5.108553e-02 1.003624e+00 1.048745e+04 5.309642e+03     0 5.363025e+03 1.055791e+04 -5.536212e-03     0 1.260600e-01 4.940559e+01 1.840073e+02 -1.366634e-02 -3.818356e-04 
1.009000e+02 -1.767124e-01 -5.070646e-02 1.000343e+00 1.049740e+04 5.325104e+03     0 5.363025e+03 1.055791e+04 -4.967198e-03     0 1.268900e-01 4.965561e+01 1.839398e+02 -1.430918e-02 -3.371340e-04 
  101 -1.743679e-01 -5.038648e-02 9.971761e-01 1.050739e+04 5.340528e+03     0 5.440528e+03 1.060739e+04 -4.393057e-03     0 1.276250e-01 4.990562e+01 1.838736e+02 -1.488201e-02 -3.464077e-04 
1.011000e+02 -1.721681e-01 -5.011482e-02 9.941263e-01 1.051743e+04 5.355914e+03     0 5.440528e+03 1.060739e+04 -5.415475e-03     0 1.282720e-01 5.015564e+01 1.838089e+02 -1.538967e-02 -4.208494e-04 
1.012000e+02 -1.696423e-01 -4.990029e-02 9.910844e-01 1.052752e+04 5.371264e+03     0 5.440528e+03 1.060739e+04 -5.441091e-03     0 1.288374e-01 5.040565e+01 1.837458e+02 -1.583604e-02 -4.555308e-04 
1.013000e+02 -1.670351e-01 -4.973686e-02 9.880278e-01 1.053765e+04 5.386578e+03     0 5.440528e+03 1.060739e+04 -5.066483e-03     0 1.293292e-01 5.065566e+01 1.836844e+02 -1.622530e-02 -4.239819e-04 
1.014000e+02 -1.646140e-01 -4.960821e-02 9.850063e-01 1.054782e+04 5.401857e+03     0 5.440528e+03 1.060739e+04 -4.559141e-03     0 1.297543e-01 5.090567e+01 1.836248e+02 -1.656253e-02 -3.765255e-04 
1.015000e+02 -1.624996e-01 -4.949785e-02 9.820814e-01 1.055803e+04 5.417101e+03     0 5.517101e+03 1.065803e+04 -4.044946e-03     0 1.301176e-01 5.115568e+01 1.835671e+02 -1.685279e-02 -3.784819e-04 
1.016000e+02 -1.605071e-01 -4.939930e-02 9.792576e-01 1.056829e+04 5.432310e+03     0 5.517101e+03 1.065803e+04 -4.994369e-03     0 1.304237e-01 5.140569e+01 1.835112e+02 -1.710020e-02 -4.400229e-04 
1.017000e+02 -1.582075e-01 -4.932260e-02 9.764350e-01 1.057859e+04 5.447485e+03     0 5.517101e+03 1.065803e+04 -5.025982e-03     0 1.306769e-01 5.165569e+01 1.834572e+02 -1.730783e-02 -4.656485e-04 
1.018000e+02 -1.558260e-01 -4.926467e-02 9.735942e-01 1.058892e+04 5.462628e+03     0 5.517101e+03 1.065803e+04 -4.688045e-03     0 1.308840e-01 5.190570e+01 1.834051e+02 -1.747878e-02 -4.310936e-04 
1.019000e+02 -1.536092e-01 -4.921361e-02 9.707818e-01 1.059930e+04 5.477737e+03     0 5.517101e+03 1.065803e+04 -4.226444e-03     0 1.310502e-01 5.215571e+01 1.833548e+02 -1.761695e-02 -3.824568e-04 
  102 -1.516691e-01 -4.915728e-02 9.680553e-01 1.060971e+04 5.492814e+03     0 5.592814e+03 1.070971e+04 -3.757030e-03     0 1.311789e-01 5.240571e+01 1.833065e+02 -1.772622e-02 -3.797856e-04 
1.021000e+02 -1.498352e-01 -4.909206e-02 9.654192e-01 1.062016e+04 5.507859e+03     0 5.592814e+03 1.070971e+04 -4.645920e-03     0 1.312733e-01 5.265572e+01 1.832599e+02 -1.780962e-02 -4.324597e-04 
1.022000e+02 -1.477113e-01 -4.902848e-02 9.627813e-01 1.063065e+04 5.522873e+03     0 5.592814e+03 1.070971e+04 -4.680507e-03     0 1.313365e-01 5.290572e+01 1.832152e+02 -1.786928e-02 -4.522126e-04 
1.023000e+02 -1.455070e-01 -4.896556e-02 9.601242e-01 1.064118e+04 5.537856e+03     0 5.592814e+03 1.070971e+04 -4.370472e-03     0 1.313733e-01 5.315573e+01 1.831723e+02 -1.790732e-02 -4.165371e-04 
1.024000e+02 -1.434516e-01 -4.889458e-02 9.574918e-01 1.065174e+04 5.552808e+03     0 5.592814e+03 1.070971e+04 -3.944420e-03     0 1.313877e-01 5.340573e+01 1.831311e+02 -1.792659e-02 -3.681889e-04 
1.025000e+02 -1.416501e-01 -4.880648e-02 9.549380e-01 1.066233e+04 5.567731e+03     0 5.667731e+03 1.076233e+04 -3.510153e-03     0 1.313817e-01 5.365573e+01 1.830915e+02 -1.792990e-02 -3.629650e-04 
1.026000e+02 -1.399442e-01 -4.869957e-02 9.524673e-01 1.067297e+04 5.582623e+03     0 5.667731e+03 1.076233e+04 -4.345190e-03     0 1.313574e-01 5.390574e+01 1.830536e+02 -1.791933e-02 -4.095744e-04 
1.027000e+02 -1.379646e-01 -4.858430e-02 9.499938e-01 1.068363e+04 5.597487e+03     0 5.667731e+03 1.076233e+04 -4.380454e-03     0 1.313167e-01 5.415574e+01 1.830172e+02 -1.789620e-02 -4.256981e-04 
1.028000e+02 -1.359072e-01 -4.846102e-02 9.475017e-01 1.069433e+04 5.612321e+03     0 5.667731e+03 1.076233e+04 -4.092750e-03     0 1.312631e-01 5.440574e+01 1.829823e+02 -1.786182e-02 -3.903152e-04 
1.029000e+02 -1.339870e-01 -4.832324e-02 9.450322e-01 1.070507e+04 5.627127e+03     0 5.667731e+03 1.076233e+04 -3.695931e-03     0 1.311993e-01 5.465574e+01 1.829488e+02 -1.781816e-02 -3.433516e-04 
  103 -1.323024e-01 -4.816406e-02 9.426360e-01 1.071584e+04 5.641905e+03     0  1000  5000 -3.290892e-03     0 1.311265e-01 5.490575e+01 1.829167e+02 -1.776716e-02 -3.369608e-04 
1.031000e+02 -1.166425e-01 2.097183e-02 9.293088e-01 1.072663e+04 5.656657e+03     0  1000  5000 -1.000000e-01     0 -2.617994e-01 5.611947e+01 1.828572e+02 5.165621e-02 2.345424e-03 
1.032000e+02 -6.923148e-02 1.719959e-01 9.012279e-01 1.073747e+04 5.671355e+03     0  1000  5000 -1.000000e-01     0 -2.617994e-01 5.726527e+01 1.823365e+02 1.756751e-01 1.985154e-02 
1.033000e+02 -1.709103e-02 3.093620e-01 8.747042e-01 1.074832e+04 5.685936e+03     0  1000  5000 -1.000000e-01     0 -2.617994e-01 5.834961e+01 1.812589e+02 2.583605e-01 5.033030e-02 
1.034000e+02 3.672463e-02 4.055387e-01 8.573544e-01 1.075910e+04 5.700337e+03     0  1000  5000 -1.000000e-01     0 -2.617994e-01 5.937835e+01 1.797773e+02 2.858791e-01 8.048784e-02 
1.035000e+02 9.066576e-02 4.708225e-01 8.544139e-01 1.076969e+04 5.714509e+03     0  1000  5000 -1.000000e-01     0 -2.617994e-01 6.035677e+01 1.780591e+02 2.803180e-01 1.006689e-01 
1.036000e+02 1.553325e-01 5.226347e-01 8.693774e-01 1.077998e+04 5.728427e+03     0  1000  5000 -1.000000e-01     0 -2.617994e-01 6.128967e+01 1.762062e+02 2.651969e-01 1.084568e-01 
1.037000e+02 2.351429e-01 5.720507e-01 9.031245e-01 1.078988e+04 5.742092e+03     0  1000  5000 -8.764370e-02     0 -2.617994e-01 6.218137e+01 1.742570e+02 2.538812e-01 1.062398e-01 
1.038000e+02 3.244260e-01 6.152481e-01 9.522176e-01 1.079931e+04 5.755514e+03     0  1000  5000 -6.822363e-02     0 -1.618001e-01 6.303579e+01 1.722125e+02 2.431466e-01 9.652038e-02 
1.039000e+02 4.099214e-01 6.303094e-01 1.002602e+00 1.080817e+04 5.768712e+03     0  1000  5000 -4.736947e-02     0 -1.296062e-01 6.385648e+01 1.701282e+02 2.138140e-01 8.038394e-02 
  104 4.861779e-01 6.294388e-01 1.050989e+00 1.081646e+04 5.781718e+03     0  1000  5000 -2.720675e-02     0 -1.174054e-01 6.464666e+01 1.680829e+02 1.813958e-01 5.965489e-02 
1.041000e+02 5.521736e-01 6.263498e-01 1.098952e+00 1.082419e+04 5.794567e+03     0  1000  5000 -8.793048e-03     0 -8.219913e-02 6.540922e+01 1.660782e+02 1.571339e-01 3.779649e-02 
1.042000e+02 6.040924e-01 6.203806e-01 1.141595e+00 1.083137e+04 5.807283e+03     0  1000  5000 7.054915e-03     0 -4.231023e-02 6.614680e+01 1.640999e+02 1.358326e-01 1.781008e-02 
1.043000e+02 6.393856e-01 6.104632e-01 1.174648e+00 1.083803e+04 5.819885e+03     0  1000  5000 1.947727e-02     0 -1.340573e-02 6.686177e+01 1.621547e+02 1.134693e-01 1.508329e-03 
1.044000e+02 6.593526e-01 5.993463e-01 1.198754e+00 1.084422e+04 5.832388e+03     0  1000  5000 2.813133e-02     0 1.242794e-02 6.755628e+01 1.602528e+02 9.153707e-02 -1.017126e-02 
1.045000e+02 6.666514e-01 5.889205e-01 1.215588e+00 1.084997e+04 5.844803e+03     0  1000  5000 3.325246e-02     0 3.913261e-02 6.823228e+01 1.583986e+02 7.123744e-02 -1.702681e-02 
1.046000e+02 6.639705e-01 5.792153e-01 1.226205e+00 1.085535e+04 5.857139e+03     0  1000  5000 3.534786e-02     0 6.459549e-02 6.889154e+01 1.565950e+02 5.239466e-02 -1.949465e-02 
1.047000e+02 6.541221e-01 5.697238e-01 1.231754e+00 1.086040e+04 5.869404e+03     0  1000  5000 3.503388e-02     0 8.754102e-02 6.953563e+01 1.548451e+02 3.486127e-02 -1.844091e-02 
1.048000e+02 6.399134e-01 5.599816e-01 1.233637e+00 1.086517e+04 5.881605e+03     0  1000  5000 3.298018e-02     0 1.084479e-01 7.016602e+01 1.531511e+02 1.877842e-02 -1.493649e-02 
1.049000e+02 6.237887e-01 5.494989e-01 1.233145e+00 1.086970e+04 5.893749e+03     0  1000  5000 2.984101e-02     0 1.277493e-01 7.078400e+01 1.515141e+02 4.182501e-03 -1.006274e-02 
  105 6.076464e-01 5.377892e-01 1.231289e+00 1.087403e+04 5.905845e+03     0  1000  5000 2.618799e-02     0 1.454175e-01 7.139075e+01 1.499344e+02 -9.069065e-03 -4.762835e-03 
1.051000e+02 5.928280e-01 5.245172e-01 1.228839e+00 1.087820e+04 5.917900e+03     0  1000  5000 2.247466e-02     0 1.613866e-01 7.198734e+01 1.484125e+02 -2.114121e-02 2.460621e-04 
1.052000e+02 5.801583e-01 5.095655e-01 1.226352e+00 1.088223e+04 5.929922e+03     0  1000  5000 1.902764e-02     0 1.756975e-01 7.257474e+01 1.469493e+02 -3.213186e-02 4.501356e-03 
1.053000e+02 5.700082e-01 4.930021e-01 1.224180e+00 1.088616e+04 5.941921e+03     0  1000  5000 1.605189e-02     0 1.883939e-01 7.315382e+01 1.455459e+02 -4.207721e-02 7.779132e-03 
1.054000e+02 5.623893e-01 4.750215e-01 1.222495e+00 1.089000e+04 5.953905e+03     0  1000  5000 1.364537e-02     0 1.994713e-01 7.372538e+01 1.442034e+02 -5.097625e-02 1.005075e-02 
1.055000e+02 5.570668e-01 4.558934e-01 1.221337e+00 1.089377e+04 5.965882e+03     0  1000  5000 1.182123e-02     0 2.089044e-01 7.429013e+01 1.429230e+02 -5.880689e-02 1.142637e-02 
1.056000e+02 5.536688e-01 4.359225e-01 1.220666e+00 1.089749e+04 5.977858e+03     0  1000  5000 1.053352e-02     0 2.166768e-01 7.484871e+01 1.417060e+02 -6.553919e-02 1.209707e-02 
1.057000e+02 5.517759e-01 4.154162e-01 1.220413e+00 1.090117e+04 5.989842e+03     0  1000  5000 9.702044e-03     0 2.227869e-01 7.540172e+01 1.405532e+02 -7.114768e-02 1.228365e-02 
1.058000e+02 5.509864e-01 3.946617e-01 1.220509e+00 1.090483e+04 6.001838e+03     0  1000  5000 9.233109e-03     0 2.272478e-01 7.594969e+01 1.394651e+02 -7.561914e-02 1.219704e-02 
1.059000e+02 5.509558e-01 3.739138e-01 1.220909e+00 1.090846e+04 6.013851e+03     0  1000  5000 9.034938e-03     0 2.300885e-01 7.649309e+01 1.384422e+02 -7.895500e-02 1.201214e-02 
  106 5.514142e-01 3.533888e-01 1.221603e+00 1.091209e+04 6.025885e+03     0  1000  5000 9.027327e-03     0 2.313555e-01 7.703236e+01 1.374845e+02 -8.117063e-02 1.185451e-02 
1.061000e+02 5.521679e-01 3.332648e-01 1.222615e+00 1.091570e+04 6.037944e+03     0  1000  5000 9.146311e-03     0 2.311121e-01 7.756789e+01 1.365918e+02 -8.229390e-02 1.179794e-02 
1.062000e+02 5.530902e-01 3.136841e-01 1.223996e+00 1.091931e+04 6.050028e+03     0  1000  5000 9.344976e-03     0 2.294365e-01 7.810005e+01 1.357636e+02 -8.236382e-02 1.186995e-02 
1.063000e+02 5.541062e-01 2.947569e-01 1.225818e+00 1.092290e+04 6.062139e+03     0  1000  5000 9.591722e-03     0 2.264194e-01 7.862914e+01 1.349989e+02 -8.142942e-02 1.206214e-02 
1.064000e+02 5.551777e-01 2.765678e-01 1.228160e+00 1.092650e+04 6.074279e+03     0  1000  5000 9.867178e-03     0 2.221619e-01 7.915546e+01 1.342968e+02 -7.954868e-02 1.234250e-02 
1.065000e+02 5.562884e-01 2.591802e-01 1.231101e+00 1.093008e+04 6.086448e+03     0  1000  5000 1.016070e-02     0 2.167734e-01 7.967928e+01 1.336559e+02 -7.678726e-02 1.266739e-02 
1.066000e+02 5.574326e-01 2.426418e-01 1.234710e+00 1.093365e+04 6.098646e+03     0  1000  5000 1.046712e-02     0 2.103695e-01 8.020084e+01 1.330745e+02 -7.321733e-02 1.299173e-02 
1.067000e+02 5.586069e-01 2.269884e-01 1.239045e+00 1.093721e+04 6.110873e+03     0  1000  5000 1.078401e-02     0 2.030701e-01 8.072034e+01 1.325507e+02 -6.891614e-02 1.327648e-02 
1.068000e+02 5.598055e-01 2.122470e-01 1.244146e+00 1.094075e+04 6.123130e+03     0  1000  5000 1.110982e-02     0 1.949976e-01 8.123798e+01 1.320824e+02 -6.396461e-02 1.349316e-02 
1.069000e+02 5.610179e-01 1.984373e-01 1.250033e+00 1.094426e+04 6.135416e+03     0  1000  5000 1.144263e-02     0 1.862748e-01 8.175395e+01 1.316674e+02 -5.844598e-02 1.362564e-02 
  107 5.622286e-01 1.855727e-01 1.256713e+00 1.094774e+04 6.147732e+03     0  1000  5000 1.177958e-02     0 1.770231e-01 8.226840e+01 1.313032e+02 -5.244442e-02 1.366978e-02 
1.071000e+02 5.634186e-01 1.736607e-01 1.264177e+00 1.095118e+04 6.160077e+03     0  1000  5000 1.211679e-02     0 1.673609e-01 8.278147e+01 1.309871e+02 -4.604381e-02 1.363144e-02 
1.072000e+02 5.645669e-01 1.627027e-01 1.272404e+00 1.095457e+04 6.172452e+03     0  1000  5000 1.244956e-02     0 1.574019e-01 8.329330e+01 1.307165e+02 -3.932655e-02 1.352370e-02 
1.073000e+02 5.656528e-01 1.526936e-01 1.281364e+00 1.095791e+04 6.184858e+03     0  1000  5000 1.277281e-02     0 1.472537e-01 8.380400e+01 1.304885e+02 -3.237243e-02 1.336374e-02 
1.074000e+02 5.666574e-01 1.436215e-01 1.291022e+00 1.096119e+04 6.197295e+03     0  1000  5000 1.308150e-02     0 1.370170e-01 8.431368e+01 1.303002e+02 -2.525773e-02 1.317003e-02 
1.075000e+02 5.675654e-01 1.354680e-01 1.301338e+00 1.096439e+04 6.209763e+03     0  1000  5000 1.337109e-02     0 1.267843e-01 8.482245e+01 1.301488e+02 -1.805432e-02 1.295996e-02 
1.076000e+02 5.683660e-01 1.282081e-01 1.312272e+00 1.096752e+04 6.222264e+03     0  1000  5000 1.363783e-02     0 1.166397e-01 8.533038e+01 1.300314e+02 -1.082897e-02 1.274823e-02 
1.077000e+02 5.690529e-01 1.218109e-01 1.323783e+00 1.097057e+04 6.234799e+03     0  1000  5000 1.387904e-02     0 1.066582e-01 8.583755e+01 1.299450e+02 -3.642840e-03 1.254593e-02 
1.078000e+02 5.696251e-01 1.162402e-01 1.335832e+00 1.097351e+04 6.247367e+03     0  1000  5000 1.409317e-02     0 9.690561e-02 8.634404e+01 1.298870e+02 3.448956e-03 1.236029e-02 
1.079000e+02 5.700855e-01 1.114555e-01 1.348381e+00 1.097636e+04 6.259969e+03     0  1000  5000 1.427982e-02     0 8.743866e-02 8.684991e+01 1.298545e+02 1.039751e-02 1.219497e-02 
  108 5.704411e-01 1.074129e-01 1.361393e+00 1.097910e+04 6.272607e+03     0  1000  5000 1.443966e-02     0 7.830521e-02 8.735523e+01 1.298449e+02 1.716024e-02 1.205065e-02 
1.081000e+02 5.707013e-01 1.040664e-01 1.374835e+00 1.098171e+04 6.285281e+03     0  1000  5000 1.457423e-02     0 6.954455e-02 8.786004e+01 1.298556e+02 2.370079e-02 1.192588e-02 
1.082000e+02 5.708779e-01 1.013686e-01 1.388673e+00 1.098421e+04 6.297991e+03     0  1000  5000 1.468576e-02     0 6.118787e-02 8.836439e+01 1.298843e+02 2.998889e-02 1.181787e-02 
1.083000e+02 5.709832e-01 9.927192e-02 1.402876e+00 1.098656e+04 6.310736e+03     0  1000  5000 1.477695e-02     0 5.325884e-02 8.886833e+01 1.299285e+02 3.600010e-02 1.172326e-02 
1.084000e+02 5.710302e-01 9.772912e-02 1.417414e+00 1.098878e+04 6.323518e+03     0  1000  5000 1.485076e-02     0 4.577419e-02 8.937189e+01 1.299862e+02 4.171545e-02 1.163869e-02 
1.085000e+02 5.710311e-01 9.669406e-02 1.432256e+00 1.099086e+04 6.336335e+03     0  1000  5000 1.491022e-02     0 3.874439e-02 8.987511e+01 1.300553e+02 4.712104e-02 1.156124e-02 
1.086000e+02 5.709972e-01 9.612211e-02 1.447376e+00 1.099277e+04 6.349186e+03     0  1000  5000 1.495827e-02     0 3.217428e-02 9.037803e+01 1.301338e+02 5.220764e-02 1.148860e-02 
1.087000e+02 5.709385e-01 9.597052e-02 1.462745e+00 1.099453e+04 6.362072e+03     0  1000  5000 1.499763e-02     0 2.606376e-02 9.088067e+01 1.302202e+02 5.697019e-02 1.141917e-02 
1.088000e+02 5.708638e-01 9.619853e-02 1.478337e+00 1.099613e+04 6.374990e+03     0  1000  5000 1.503071e-02     0 2.040846e-02 9.138306e+01 1.303127e+02 6.140737e-02 1.135197e-02 
1.089000e+02 5.707801e-01 9.676754e-02 1.494129e+00 1.099755e+04 6.387939e+03     0  1000  5000 1.505961e-02     0 1.520028e-02 9.188522e+01 1.304099e+02 6.552109e-02 1.128650e-02 
  109 5.706929e-01 9.764111e-02 1.510095e+00 1.099879e+04 6.400918e+03     0  1000  5000 1.508607e-02     0 1.042808e-02 9.238717e+01 1.305104e+02 6.931610e-02 1.122261e-02 
1.091000e+02 5.706069e-01 9.878496e-02 1.526214e+00 1.099986e+04 6.413924e+03     0  1000  5000 1.511147e-02     0 6.078148e-03 9.288894e+01 1.306130e+02 7.279950e-02 1.116031e-02 
1.092000e+02 5.705251e-01 1.001669e-01 1.542465e+00 1.100073e+04 6.426954e+03     0  1000  5000 1.513692e-02     0 2.134721e-03 9.339054e+01 1.307167e+02 7.598034e-02 1.109966e-02 
1.093000e+02 5.704499e-01 1.017569e-01 1.558830e+00 1.100142e+04 6.440007e+03     0  1000  5000 1.516325e-02     0 -1.419566e-03 9.389199e+01 1.308205e+02 7.886929e-02 1.104069e-02 
1.094000e+02 5.703830e-01 1.035269e-01 1.575290e+00 1.100192e+04 6.453079e+03     0  1000  5000 1.519105e-02     0 -4.603283e-03 9.439330e+01 1.309235e+02 8.147830e-02 1.098331e-02 
1.095000e+02 5.703253e-01 1.054508e-01 1.591831e+00 1.100221e+04 6.466168e+03     0  1000  5000 1.522074e-02     0 -7.435851e-03 9.489449e+01 1.310250e+02 8.382023e-02 1.092738e-02 
1.096000e+02 5.702772e-01 1.075045e-01 1.608437e+00 1.100231e+04 6.479269e+03     0  1000  5000 1.525259e-02     0 -9.937236e-03 9.539556e+01 1.311243e+02 8.590869e-02 1.087265e-02 
1.097000e+02 5.702390e-01 1.096657e-01 1.625095e+00 1.100220e+04 6.492380e+03     0  1000  5000 1.528674e-02     0 -1.212768e-02 9.589653e+01 1.312209e+02 8.775771e-02 1.081885e-02 
1.098000e+02 5.702105e-01 1.119141e-01 1.641793e+00 1.100188e+04 6.505497e+03     0  1000  5000 1.532325e-02     0 -1.402745e-02 9.639741e+01 1.313143e+02 8.938161e-02 1.076569e-02 
1.099000e+02 5.701912e-01 1.142311e-01 1.658520e+00 1.100136e+04 6.518616e+03     0  1000  5000 1.536209e-02     0 -1.565670e-02 9.689821e+01 1.314041e+02 9.079476e-02 1.071295e-02 
  110 5.701805e-01 1.165997e-01 1.675267e+00 1.100063e+04 6.531733e+03     0  1000  5000 1.540317e-02     0 -1.703523e-02 9.739893e+01 1.314900e+02 9.201151e-02 1.066045e-02 
1.101000e+02 5.701776e-01 1.190049e-01 1.692025e+00 1.099968e+04 6.544845e+03     0  1000  5000 1.544635e-02     0 -1.818241e-02 9.789958e+01 1.315718e+02 9.304600e-02 1.060810e-02 
1.102000e+02 5.701815e-01 1.214328e-01 1.708786e+00 1.099853e+04 6.557946e+03     0  1000  5000 1.549143e-02     0 -1.911702e-02 9.840016e+01 1.316491e+02 9.391208e-02 1.055589e-02 
1.103000e+02 5.701912e-01 1.238715e-01 1.725542e+00 1.099716e+04 6.571034e+03     0  1000  5000 1.553820e-02     0 -1.985722e-02 9.890070e+01 1.317220e+02 9.462323e-02 1.050388e-02 
1.104000e+02 5.702056e-01 1.263100e-01 1.742287e+00 1.099557e+04 6.584103e+03     0  1000  5000 1.558640e-02     0 -2.042041e-02 9.940118e+01 1.317903e+02 9.519247e-02 1.045220e-02 
1.105000e+02 5.702234e-01 1.287390e-01 1.759017e+00 1.099377e+04 6.597150e+03     0  1000  5000 1.563576e-02     0 -2.082323e-02 9.990162e+01 1.318540e+02 9.563235e-02 1.040102e-02 
1.106000e+02 5.702429e-01 1.311417e-01 1.775720e+00 1.099175e+04 6.610171e+03     0  1000  5000 1.568591e-02     0 -2.067340e-02   100 1.319119e+02 9.594516e-02 1.035066e-02 
1.107000e+02 5.702557e-01 1.334313e-01 1.792340e+00 1.098952e+04 6.623160e+03     0  1000  5000 1.573611e-02     0 -1.966535e-02   100 1.319619e+02 9.605039e-02 1.030186e-02 
1.108000e+02 5.702472e-01 1.354683e-01 1.808788e+00 1.098708e+04 6.636114e+03     0  1000  5000 1.578384e-02     0 -1.869149e-02   100 1.320044e+02 9.583154e-02 1.025565e-02 
1.109000e+02 5.702125e-01 1.372405e-01 1.825053e+00 1.098441e+04 6.649028e+03     0  1000  5000 1.582660e-02     0 -1.830770e-02   100 1.320402e+02 9.533824e-02 1.021316e-02 
  111 5.701604e-01 1.388683e-01 1.841213e+00 1.098154e+04 6.661899e+03     0  1000  5000 1.586433e-02     0 -1.749507e-02   100 1.320699e+02 9.474676e-02 1.017500e-02 
1.111000e+02 5.700942e-01 1.403867e-01 1.857291e+00 1.097846e+04 6.674722e+03     0  1000  5000 1.589776e-02     0 -1.635777e-02   100 1.320938e+02 9.410507e-02 1.014140e-02 
1.112000e+02 5.700122e-01 1.417727e-01 1.873273e+00 1.097516e+04 6.687493e+03     0  1000  5000 1.592723e-02     0 -1.519314e-02   100 1.321124e+02 9.339700e-02 1.011241e-02 
1.113000e+02 5.699140e-01 1.430199e-01 1.889153e+00 1.097166e+04 6.700208e+03     0  1000  5000 1.595266e-02     0 -1.407616e-02   100 1.321261e+02 9.262958e-02 1.008801e-02 
1.114000e+02 5.698016e-01 1.441445e-01 1.904944e+00 1.096795e+04 6.712865e+03     0  1000  5000 1.597417e-02     0 -1.296831e-02   100 1.321353e+02 9.183219e-02 1.006799e-02 
1.115000e+02 5.696770e-01 1.451634e-01 1.920657e+00 1.096404e+04 6.725460e+03     0  1000  5000 1.599215e-02     0 -1.184979e-02   100 1.321405e+02 9.102939e-02 1.005196e-02 
1.116000e+02 5.695421e-01 1.460855e-01 1.936298e+00 1.095993e+04 6.737989e+03     0  1000  5000 1.600704e-02     0 -1.073713e-02   100 1.321420e+02 9.023306e-02 1.003945e-02 
1.117000e+02 5.693980e-01 1.469153e-01 1.951872e+00 1.095561e+04 6.750449e+03     0  1000  5000 1.601921e-02     0 -9.651325e-03   100 1.321402e+02 8.944884e-02 1.002996e-02 
1.118000e+02 5.692460e-01 1.476574e-01 1.967382e+00 1.095110e+04 6.762837e+03     0  1000  5000 1.602898e-02     0 -8.601876e-03   100 1.321353e+02 8.868171e-02 1.002299e-02 
1.119000e+02 5.690873e-01 1.483174e-01 1.982832e+00 1.094639e+04 6.775150e+03     0  1000  5000 1.603665e-02     0 -7.591061e-03   100 1.321277e+02 8.793667e-02 1.001811e-02 
  112 5.689229e-01 1.489006e-01 1.998226e+00 1.094149e+04 6.787386e+03     0  1000  5000 1.604251e-02     0 -6.620646e-03   100 1.321177e+02 8.721768e-02 1.001491e-02 
1.121000e+02 5.687537e-01 1.494122e-01 2.013569e+00 1.093640e+04 6.799540e+03     0  1000  5000 1.604681e-02     0 -5.693348e-03   100 1.321056e+02 8.652746e-02 1.001308e-02 
1.122000e+02 5.685806e-01 1.498566e-01 2.028864e+00 1.093112e+04 6.811612e+03     0  1000  5000 1.604977e-02     0 -4.811581e-03   100 1.320915e+02 8.586782e-02 1.001234e-02 
1.123000e+02 5.684043e-01 1.502385e-01 2.044114e+00 1.092565e+04 6.823597e+03     0  1000  5000 1.605159e-02     0 -3.976715e-03   100 1.320758e+02 8.524008e-02 1.001251e-02 
1.124000e+02 5.682252e-01 1.505623e-01 2.059322e+00 1.092000e+04 6.835493e+03     0  1000  5000 1.605242e-02     0 -3.189297e-03   100 1.320588e+02 8.464517e-02 1.001344e-02 
1.125000e+02 5.680438e-01 1.508324e-01 2.074492e+00 1.091416e+04 6.847298e+03     0  1000  5000 1.605238e-02     0 -2.449438e-03   100 1.320405e+02 8.408365e-02 1.001501e-02 
1.126000e+02 5.678604e-01 1.510531e-01 2.089626e+00 1.090815e+04 6.859008e+03     0  1000  5000 1.605161e-02     0 -1.756959e-03   100 1.320212e+02 8.355575e-02 1.001713e-02 
1.127000e+02 5.676755e-01 1.512285e-01 2.104727e+00 1.090195e+04 6.870623e+03     0  1000  5000 1.605017e-02     0 -1.111386e-03   100 1.320010e+02 8.306139e-02 1.001974e-02 
1.128000e+02 5.674893e-01 1.513625e-01 2.119797e+00 1.089558e+04 6.882139e+03     0  1000  5000 1.604817e-02     0 -5.119528e-04   100 1.319803e+02 8.260029e-02 1.002277e-02 
1.129000e+02 5.673020e-01 1.514589e-01 2.134840e+00 1.088903e+04 6.893553e+03     0  1000  5000 1.604565e-02     0 4.235920e-05   100 1.319590e+02 8.217194e-02 1.002616e-02 
  113 5.671139e-01 1.515214e-01 2.149858e+00 1.088231e+04 6.904864e+03     0  1000  5000 1.604268e-02     0 5.527673e-04   100 1.319373e+02 8.177569e-02 1.002986e-02 
1.131000e+02 5.669251e-01 1.515533e-01 2.164853e+00 1.087543e+04 6.916070e+03     0  1000  5000 1.603931e-02     0 1.020652e-03   100 1.319155e+02 8.141070e-02 1.003379e-02 
1.132000e+02 5.667358e-01 1.515579e-01 2.179827e+00 1.086837e+04 6.927167e+03     0  1000  5000 1.603560e-02     0 1.447531e-03   100 1.318935e+02 8.107605e-02 1.003790e-02 
1.133000e+02 5.665462e-01 1.515384e-01 2.194782e+00 1.086115e+04 6.938154e+03     0  1000  5000 1.603157e-02     0 1.835034e-03   100 1.318714e+02 8.077069e-02 1.004213e-02 
1.134000e+02 5.663564e-01 1.514976e-01 2.209720e+00 1.085376e+04 6.949029e+03     0  1000  5000 1.602729e-02     0 2.184880e-03   100 1.318495e+02 8.049349e-02 1.004643e-02 
1.135000e+02 5.661666e-01 1.514383e-01 2.224643e+00 1.084621e+04 6.959789e+03     0  1000  5000 1.602277e-02     0 2.498855e-03   100 1.318277e+02 8.024325e-02 1.005075e-02 
1.136000e+02 5.659770e-01 1.513630e-01 2.239552e+00 1.083851e+04 6.970432e+03     0  1000  5000 1.601807e-02     0 2.778790e-03   100 1.318062e+02 8.001873e-02 1.005504e-02 
1.137000e+02 5.657876e-01 1.512741e-01 2.254450e+00 1.083064e+04 6.980956e+03     0  1000  5000 1.601321e-02     0 3.026549e-03   100 1.317849e+02 7.981865e-02 1.005925e-02 
1.138000e+02 5.655986e-01 1.511739e-01 2.269337e+00 1.082262e+04 6.991360e+03     0  1000  5000 1.600823e-02     0 3.244008e-03   100 1.317640e+02 7.964169e-02 1.006337e-02 
1.139000e+02 5.654100e-01 1.510643e-01 2.284214e+00 1.081444e+04 7.001640e+03     0  1000  5000 1.600314e-02     0 3.433042e-03   100 1.317435e+02 7.948653e-02 1.006736e-02 
  114 5.652219e-01 1.509472e-01 2.299084e+00 1.080612e+04 7.011795e+03     0  1000  5000 1.599798e-02     0 3.595515e-03   100 1.317234e+02 7.935184e-02 1.007121e-02 
1.141000e+02 5.650345e-01 1.508244e-01 2.313946e+00 1.079764e+04 7.021823e+03     0  1000  5000 1.599277e-02     0 3.733265e-03   100 1.317037e+02 7.923632e-02 1.007490e-02 
1.142000e+02 5.648478e-01 1.506974e-01 2.328802e+00 1.078902e+04 7.031722e+03     0  1000  5000 1.598752e-02     0 3.848097e-03   100 1.316846e+02 7.913864e-02 1.007841e-02 
1.143000e+02 5.646617e-01 1.505677e-01 2.343653e+00 1.078025e+04 7.041490e+03     0  1000  5000 1.598225e-02     0 3.941775e-03   100 1.316659e+02 7.905754e-02 1.008175e-02 
1.144000e+02 5.644765e-01 1.504366e-01 2.358499e+00 1.077133e+04 7.051125e+03     0  1000  5000 1.597697e-02     0 4.016011e-03   100 1.316478e+02 7.899176e-02 1.008490e-02 
1.145000e+02 5.642920e-01 1.503051e-01 2.373342e+00 1.076228e+04 7.060625e+03     0  1000  5000 1.597170e-02     0 4.072462e-03   100 1.316302e+02 7.894007e-02 1.008786e-02 
1.146000e+02 5.641085e-01 1.501744e-01 2.388181e+00 1.075309e+04 7.069988e+03     0  1000  5000 1.596645e-02     0 4.112726e-03   100 1.316132e+02 7.890129e-02 1.009063e-02 
1.147000e+02 5.639258e-01 1.500452e-01 2.403017e+00 1.074375e+04 7.079212e+03     0  1000  5000 1.596122e-02     0 4.138334e-03   100 1.315966e+02 7.887428e-02 1.009321e-02 
1.148000e+02 5.637440e-01 1.499185e-01 2.417852e+00 1.073429e+04 7.088295e+03     0  1000  5000 1.595603e-02     0 4.150747e-03   100 1.315806e+02 7.885795e-02 1.009560e-02 
1.149000e+02 5.635631e-01 1.497949e-01 2.432684e+00 1.072469e+04 7.097236e+03     0  1000  5000 1.595088e-02     0 4.151357e-03   100 1.315652e+02 7.885125e-02 1.009780e-02 
  115 5.633831e-01 1.496749e-01 2.447515e+00 1.071496e+04 7.106032e+03     0  1000  5000 1.594578e-02     0 4.141483e-03   100 1.315502e+02 7.885317e-02 1.009981e-02 
1.151000e+02 5.632042e-01 1.495591e-01 2.462344e+00 1.070510e+04 7.114682e+03     0  1000  5000 1.594073e-02     0 4.122371e-03   100 1.315358e+02 7.886277e-02 1.010164e-02 
1.152000e+02 5.630261e-01 1.494479e-01 2.477173e+00 1.069512e+04 7.123184e+03     0  1000  5000 1.593574e-02     0 4.095190e-03   100 1.315218e+02 7.887915e-02 1.010329e-02 
1.153000e+02 5.628491e-01 1.493416e-01 2.492000e+00 1.068501e+04 7.131536e+03     0  1000  5000 1.593081e-02     0 4.061037e-03   100 1.315083e+02 7.890147e-02 1.010477e-02 
1.154000e+02 5.626730e-01 1.492405e-01 2.506827e+00 1.067478e+04 7.139736e+03     0  1000  5000 1.592594e-02     0 4.020935e-03   100 1.314953e+02 7.892895e-02 1.010608e-02 
1.155000e+02 5.624979e-01 1.491447e-01 2.521653e+00 1.066443e+04 7.147783e+03     0  1000  5000 1.592113e-02     0 3.975833e-03   100 1.314827e+02 7.896083e-02 1.010724e-02 
1.156000e+02 5.623238e-01 1.490545e-01 2.536478e+00 1.065397e+04 7.155676e+03     0  1000  5000 1.591639e-02     0 3.926612e-03   100 1.314706e+02 7.899643e-02 1.010823e-02 
1.157000e+02 5.621506e-01 1.489698e-01 2.551302e+00 1.064338e+04 7.163411e+03     0  1000  5000 1.591172e-02     0 3.874081e-03   100 1.314588e+02 7.903512e-02 1.010908e-02 
1.158000e+02 5.619785e-01 1.488906e-01 2.566126e+00 1.063269e+04 7.170989e+03     0  1000  5000 1.590712e-02     0 3.818982e-03   100 1.314475e+02 7.907630e-02 1.010979e-02 
1.159000e+02 5.618072e-01 1.488171e-01 2.580949e+00 1.062188e+04 7.178406e+03     0  1000  5000 1.590259e-02     0 3.761993e-03   100 1.314365e+02 7.911945e-02 1.011037e-02 
  116 5.616370e-01 1.487491e-01 2.595771e+00 1.061097e+04 7.185662e+03     0  1000  5000 1.589812e-02     0 3.703729e-03   100 1.314259e+02 7.916405e-02 1.011082e-02 
1.161000e+02 5.614677e-01 1.486866e-01 2.610593e+00 1.059995e+04 7.192756e+03     0  1000  5000 1.589372e-02     0 3.644746e-03   100 1.314156e+02 7.920967e-02 1.011116e-02 
1.162000e+02 5.612993e-01 1.486294e-01 2.625413e+00 1.058883e+04 7.199684e+03     0  1000  5000 1.588939e-02     0 3.585541e-03   100 1.314056e+02 7.925590e-02 1.011138e-02 
1.163000e+02 5.611319e-01 1.485774e-01 2.640232e+00 1.057761e+04 7.206447e+03     0  1000  5000 1.588512e-02     0 3.526560e-03   100 1.313960e+02 7.930238e-02 1.011151e-02 
1.164000e+02 5.609654e-01 1.485305e-01 2.655050e+00 1.056629e+04 7.213043e+03     0  1000  5000 1.588091e-02     0 3.468193e-03   100 1.313866e+02 7.934877e-02 1.011154e-02 
1.165000e+02 5.607998e-01 1.484884e-01 2.669866e+00 1.055488e+04 7.219470e+03     0  1000  5000 1.587677e-02     0 3.410788e-03   100 1.313774e+02 7.939480e-02 1.011148e-02 
1.166000e+02 5.606351e-01 1.484510e-01 2.684681e+00 1.054337e+04 7.225726e+03     0  1000  5000 1.587269e-02     0 3.354642e-03   100 1.313685e+02 7.944020e-02 1.011135e-02 
1.167000e+02 5.604712e-01 1.484180e-01 2.699494e+00 1.053177e+04 7.231811e+03     0  1000  5000 1.586866e-02     0 3.300013e-03   100 1.313598e+02 7.948475e-02 1.011114e-02 
1.168000e+02 5.603083e-01 1.483893e-01 2.714305e+00 1.052008e+04 7.237724e+03     0  1000  5000 1.586469e-02     0 3.247119e-03   100 1.313513e+02 7.952827e-02 1.011086e-02 
1.169000e+02 5.601462e-01 1.483646e-01 2.729115e+00 1.050831e+04 7.243462e+03     0  1000  5000 1.586078e-02     0 3.196140e-03   100 1.313431e+02 7.957058e-02 1.011052e-02 
  117 5.599850e-01 1.483437e-01 2.743922e+00 1.049645e+04 7.249026e+03     0  1000  5000 1.585692e-02     0 3.147225e-03   100 1.313349e+02 7.961156e-02 1.011013e-02 
1.171000e+02 5.598246e-01 1.483264e-01 2.758726e+00 1.048452e+04 7.254413e+03     0  1000  5000 1.585310e-02     0 3.100491e-03   100 1.313270e+02 7.965109e-02 1.010969e-02 
1.172000e+02 5.596650e-01 1.483125e-01 2.773528e+00 1.047250e+04 7.259622e+03     0  1000  5000 1.584934e-02     0 3.056024e-03   100 1.313192e+02 7.968909e-02 1.010920e-02 
1.173000e+02 5.595063e-01 1.483017e-01 2.788327e+00 1.046041e+04 7.264653e+03     0  1000  5000 1.584561e-02     0 3.013889e-03   100 1.313115e+02 7.972548e-02 1.010867e-02 
1.174000e+02 5.593483e-01 1.482938e-01 2.803124e+00 1.044825e+04 7.269504e+03     0  1000  5000 1.584194e-02     0 2.974125e-03   100 1.313040e+02 7.976021e-02 1.010811e-02 
1.175000e+02 5.591911e-01 1.482886e-01 2.817917e+00 1.043602e+04 7.274174e+03     0  1000  5000 1.583830e-02     0 2.936749e-03   100 1.312965e+02 7.979325e-02 1.010752e-02 
1.176000e+02 5.590347e-01 1.482859e-01 2.832707e+00 1.042372e+04 7.278663e+03     0  1000  5000 1.583470e-02     0 2.901762e-03   100 1.312892e+02 7.982459e-02 1.010691e-02 
1.177000e+02 5.588791e-01 1.482855e-01 2.847493e+00 1.041136e+04 7.282969e+03     0  1000  5000 1.583114e-02     0 2.869146e-03   100 1.312820e+02 7.985421e-02 1.010627e-02 
1.178000e+02 5.587242e-01 1.482871e-01 2.862275e+00 1.039893e+04 7.287091e+03     0  1000  5000 1.582761e-02     0 2.838871e-03   100 1.312748e+02 7.988214e-02 1.010561e-02 
1.179000e+02 5.585701e-01 1.482907e-01 2.877054e+00 1.038645e+04 7.291030e+03     0  1000  5000 1.582411e-02     0 2.810891e-03   100 1.312677e+02 7.990838e-02 1.010494e-02 
  118 5.584166e-01 1.482959e-01 2.891828e+00 1.037391e+04 7.294783e+03     0  1000  5000 1.582065e-02     0 2.785151e-03   100 1.312607e+02 7.993297e-02 1.010426e-02 
1.181000e+02 5.582639e-01 1.483027e-01 2.906598e+00 1.036132e+04 7.298350e+03     0  1000  5000 1.581721e-02     0 2.761587e-03   100 1.312538e+02 7.995594e-02 1.010357e-02 
1.182000e+02 5.581120e-01 1.483108e-01 2.921363e+00 1.034867e+04 7.301730e+03     0  1000  5000 1.581380e-02     0 2.740126e-03   100 1.312469e+02 7.997733e-02 1.010287e-02 
1.183000e+02 5.579607e-01 1.483201e-01 2.936122e+00 1.033598e+04 7.304923e+03     0  1000  5000 1.581041e-02     0 2.720689e-03   100 1.312400e+02 7.999720e-02 1.010217e-02 
1.184000e+02 5.578101e-01 1.483305e-01 2.950876e+00 1.032324e+04 7.307928e+03     0  1000  5000 1.580705e-02     0 2.703192e-03   100 1.312332e+02 8.001561e-02 1.010146e-02 
1.185000e+02 5.576602e-01 1.483418e-01 2.965623e+00 1.031046e+04 7.310745e+03     0  1000  5000 1.580371e-02     0 2.687546e-03   100 1.312265e+02 8.003260e-02 1.010076e-02 
1.186000e+02 5.575109e-01 1.483539e-01 2.980363e+00 1.029765e+04 7.313372e+03     0  1000  5000 1.580039e-02     0 2.673661e-03   100 1.312198e+02 8.004824e-02 1.010006e-02 
1.187000e+02 5.573624e-01 1.483666e-01 2.995094e+00 1.028479e+04 7.315810e+03     0  1000  5000 1.579709e-02     0 2.661442e-03   100 1.312131e+02 8.006260e-02 1.009936e-02 
1.188000e+02 5.572145e-01 1.483799e-01 3.009815e+00 1.027190e+04 7.318058e+03     0  1000  5000 1.579381e-02     0 2.650796e-03   100 1.312064e+02 8.007573e-02 1.009866e-02 
1.189000e+02 5.570672e-01 1.483936e-01 3.024523e+00 1.025898e+04 7.320115e+03     0  1000  5000 1.579054e-02     0 2.641628e-03   100 1.311998e+02 8.008771e-02 1.009797e-02 
  119 5.569206e-01 1.484077e-01 3.039215e+00 1.024603e+04 7.321981e+03     0  1000  5000 1.578729e-02     0 2.633844e-03   100 1.311931e+02 8.009861e-02 1.009729e-02 
1.191000e+02 5.567746e-01 1.484221e-01 3.053884e+00 1.023306e+04 7.323655e+03     0  1000  5000 1.578405e-02     0 2.627350e-03   100 1.311865e+02 8.010849e-02 1.009661e-02 
1.192000e+02 5.566293e-01 1.484366e-01 3.068519e+00 1.022006e+04 7.325138e+03     0  1000  5000 1.578082e-02     0 2.622055e-03   100 1.311800e+02 8.011741e-02 1.009594e-02 
1.193000e+02 5.564846e-01 1.484513e-01 3.083097e+00 1.020704e+04 7.326430e+03     0  1000  5000 1.577761e-02     0 2.617870e-03   100 1.311734e+02 8.012545e-02 1.009528e-02 
1.194000e+02 5.563405e-01 1.484659e-01 3.097565e+00 1.019401e+04 7.327529e+03     0  1000  5000 1.577441e-02     0 2.614707e-03   100 1.311669e+02 8.013266e-02 1.009463e-02 
1.195000e+02 5.561970e-01 1.484806e-01 3.111770e+00 1.018096e+04 7.328436e+03     0  1000  5000 1.577123e-02     0 2.612482e-03   100 1.311603e+02 8.013911e-02 1.009399e-02 
1.196000e+02 5.560542e-01 1.484952e-01 3.125028e+00 1.016790e+04 7.329151e+03     0  1000  5000 1.576805e-02     0 2.611113e-03   100 1.311538e+02 8.014485e-02 1.009335e-02 
1.197000e+02 5.559119e-01 1.485097e-01 -3.131949e+00 1.015483e+04 7.329673e+03     0  1000  5000 1.576488e-02     0 2.610523e-03   100 1.311473e+02 8.014996e-02 1.009273e-02 
1.198000e+02 5.557703e-01 1.485240e-01 -3.123022e+00 1.014176e+04 7.330002e+03     0  1000  5000 1.576172e-02     0 2.610636e-03   100 1.311409e+02 8.015447e-02 1.009211e-02 
1.199000e+02 5.556292e-01 1.485382e-01 -3.109504e+00 1.012869e+04 7.330140e+03     0  1000  5000 1.575857e-02     0 2.611381e-03   100 1.311344e+02 8.015846e-02 1.009151e-02 
  120 5.554888e-01 1.485521e-01 -3.095257e+00 1.011561e+04 7.330084e+03     0  1000  5000 1.575543e-02     0 2.612692e-03   100 1.311280e+02 8.016196e-02 1.009091e-02 
1.201000e+02 5.551392e-01 1.485534e-01 -3.080772e+00 1.010254e+04 7.329837e+03     0  1000  5000 1.838433e-02     0 2.612341e-03   100 1.311215e+02 8.016728e-02 1.004815e-02 
1.202000e+02 5.541049e-01 1.484982e-01 -3.066104e+00 1.008947e+04 7.329397e+03     0  1000  5000 1.925817e-02     0 2.601218e-03   100 1.311151e+02 8.018028e-02 9.827953e-03 
1.203000e+02 5.525743e-01 1.483781e-01 -3.051275e+00 1.007641e+04 7.328765e+03     0  1000  5000 1.939065e-02     0 2.586462e-03   100 1.311087e+02 8.020119e-02 9.411048e-03 
1.204000e+02 5.508604e-01 1.482221e-01 -3.036348e+00 1.006336e+04 7.327942e+03     0  1000  5000 1.920406e-02     0 2.584439e-03   100 1.311021e+02 8.022709e-02 8.869940e-03 
1.205000e+02 5.491675e-01 1.480738e-01 -3.021409e+00 1.005033e+04 7.326928e+03     0  1000  5000 1.889298e-02     0 2.602113e-03   100 1.310954e+02 8.025269e-02 8.308876e-03 
1.206000e+02 5.470734e-01 1.479450e-01 -3.006492e+00 1.003731e+04 7.325724e+03     0  1000  5000 2.494914e-02     0 2.632981e-03   100 1.310885e+02 8.027647e-02 7.722984e-03 
1.207000e+02 5.434328e-01 1.477621e-01 -2.991483e+00 1.002432e+04 7.324330e+03     0  1000  5000 2.674337e-02     0 2.654863e-03   100 1.310814e+02 8.030517e-02 6.853179e-03 
1.208000e+02 5.386805e-01 1.475222e-01 -2.976364e+00 1.001134e+04 7.322748e+03     0  1000  5000 2.675282e-02     0 2.688786e-03   100 1.310738e+02 8.033716e-02 5.686525e-03 
1.209000e+02 5.335483e-01 1.472950e-01 -2.961248e+00 9.998393e+03 7.320979e+03     0  1000  5000 2.600429e-02     0 2.776725e-03   100 1.310657e+02 8.036609e-02 4.399187e-03 
  121 5.285126e-01 1.471693e-01 -2.946307e+00 9.985472e+03 7.319025e+03     0  1000  5000 2.496703e-02     0 2.933412e-03   100 1.310569e+02 8.038049e-02 3.218033e-03 
1.211000e+02 5.232592e-01 1.471887e-01 -2.931652e+00 9.972581e+03 7.316888e+03     0  1000  5000 3.041108e-02     0 3.145617e-03   100 1.310471e+02 8.036911e-02 2.232716e-03 
1.212000e+02 5.166406e-01 1.472941e-01 -2.917208e+00 9.959722e+03 7.314568e+03     0  1000  5000 3.151174e-02     0 3.387595e-03   100 1.310364e+02 8.032853e-02 1.227358e-03 
1.213000e+02 5.090863e-01 1.474767e-01 -2.902963e+00 9.946899e+03 7.312069e+03     0  1000  5000 3.082369e-02     0 3.681696e-03   100 1.310245e+02 8.025953e-02 1.899200e-04 
1.214000e+02 5.013228e-01 1.477788e-01 -2.889008e+00 9.934114e+03 7.309393e+03     0  1000  5000 2.940160e-02     0 4.065355e-03   100 1.310112e+02 8.016043e-02 -7.378718e-04 
1.215000e+02 4.938265e-01 1.482468e-01 -2.875471e+00 9.921368e+03 7.306544e+03     0  1000  5000 2.772471e-02     0 4.543384e-03   100 1.309965e+02 8.002251e-02 -1.388311e-03 
1.216000e+02 4.863213e-01 1.488804e-01 -2.862404e+00 9.908664e+03 7.303524e+03     0  1000  5000 3.219924e-02     0 5.095730e-03   100 1.309800e+02 7.983455e-02 -1.736359e-03 
1.217000e+02 4.777448e-01 1.495888e-01 -2.849676e+00 9.896004e+03 7.300335e+03     0  1000  5000 3.261896e-02     0 5.698710e-03   100 1.309619e+02 7.959272e-02 -2.048320e-03 
1.218000e+02 4.685191e-01 1.503296e-01 -2.837219e+00 9.883388e+03 7.296983e+03     0  1000  5000 3.140143e-02     0 6.369830e-03   100 1.309418e+02 7.930323e-02 -2.393661e-03 
1.219000e+02 4.593431e-01 1.511112e-01 -2.825069e+00 9.870820e+03 7.293470e+03     0  1000  5000 2.954687e-02     0 7.133331e-03   100 1.309199e+02 7.896846e-02 -2.685843e-03 
  122 4.506730e-01 1.519530e-01 -2.813309e+00 9.858300e+03 7.289800e+03     0  1000  5000 2.751097e-02     0 7.984361e-03   100 1.308958e+02 7.858345e-02 -2.799127e-03 
1.221000e+02 4.422829e-01 1.528450e-01 -2.801968e+00 9.845829e+03 7.285978e+03 9.340286e-02  1000  5000 3.090487e-02     0 8.900094e-03   100 1.308698e+02 7.814135e-02 -2.719320e-03 
1.222000e+02 4.332418e-01 1.537116e-01 -2.790915e+00 9.833409e+03 7.282006e+03 1.188653e+00  1000  5000 3.082409e-02     0 9.857362e-03   100 1.308417e+02 7.764259e-02 -2.676620e-03 
1.223000e+02 4.238981e-01 1.545213e-01 -2.780084e+00 9.821041e+03 7.277890e+03 2.296630e+00  1000  5000 2.937998e-02     0 1.086386e-02   100 1.308117e+02 7.709768e-02 -2.725467e-03 
1.224000e+02 4.148324e-01 1.552859e-01 -2.769507e+00 9.808724e+03 7.273633e+03 3.417541e+00  1000  5000 2.744195e-02     0 1.193118e-02   100 1.307797e+02 7.651381e-02 -2.782177e-03 
1.225000e+02 4.064100e-01 1.560281e-01 -2.759259e+00 9.796461e+03 7.269238e+03 4.551436e+00  1000  5000 2.540149e-02     0 1.304927e-02   100 1.307458e+02 7.589225e-02 -2.727982e-03 
1.226000e+02 3.984062e-01 1.567485e-01 -2.749366e+00 9.784251e+03 7.264711e+03 5.698179e+00  1000  5000 2.810315e-02     0 1.419568e-02   100 1.307102e+02 7.523272e-02 -2.539938e-03 
1.227000e+02 3.899899e-01 1.573958e-01 -2.739713e+00 9.772095e+03 7.260054e+03 6.857486e+00  1000  5000 2.784411e-02     0 1.534857e-02   100 1.306729e+02 7.454025e-02 -2.406071e-03 
1.228000e+02 3.814345e-01 1.579537e-01 -2.730246e+00 9.759992e+03 7.255272e+03 8.029002e+00  1000  5000 2.644282e-02     0 1.651029e-02   100 1.306342e+02 7.382709e-02 -2.366915e-03 
1.229000e+02 3.732161e-01 1.584387e-01 -2.720991e+00 9.747944e+03 7.250368e+03 9.212296e+00  1000  5000 2.464421e-02     0 1.768706e-02   100 1.305942e+02 7.310202e-02 -2.346902e-03 
  123 3.656293e-01 1.588750e-01 -2.712015e+00 9.735951e+03 7.245347e+03 1.040683e+01  1000  5000 2.278075e-02     0 1.886962e-02   100 1.305530e+02 7.236848e-02 -2.241838e-03 
1.231000e+02 3.584634e-01 1.592686e-01 -2.703339e+00 9.724011e+03 7.240211e+03 1.161196e+01  1000  5000 2.505654e-02     0 2.004002e-02   100 1.305108e+02 7.162800e-02 -2.030498e-03 
1.232000e+02 3.509874e-01 1.595840e-01 -2.694858e+00 9.712126e+03 7.234964e+03 1.282696e+01  1000  5000 2.477429e-02     0 2.118116e-02   100 1.304678e+02 7.088562e-02 -1.873501e-03 
1.233000e+02 3.434285e-01 1.598129e-01 -2.686524e+00 9.700294e+03 7.229609e+03 1.405107e+01  1000  5000 2.351132e-02     0 2.229515e-02   100 1.304242e+02 7.015115e-02 -1.805983e-03 
1.234000e+02 3.361912e-01 1.599725e-01 -2.678360e+00 9.688516e+03 7.224149e+03 1.528355e+01  1000  5000 2.191242e-02     0 2.338793e-02   100 1.303802e+02 6.943120e-02 -1.763178e-03 
1.235000e+02 3.295250e-01 1.600857e-01 -2.670425e+00 9.676791e+03 7.218589e+03 1.652359e+01  1000  5000 2.026436e-02     0 2.445398e-02   100 1.303358e+02 6.872785e-02 -1.655005e-03 
1.236000e+02 3.232410e-01 1.601604e-01 -2.662736e+00 9.665119e+03 7.212930e+03 1.777036e+01  1000  5000 2.224485e-02     0 2.548123e-02   100 1.302913e+02 6.804150e-02 -1.462186e-03 
1.237000e+02 3.166988e-01 1.601714e-01 -2.655201e+00 9.653500e+03 7.207175e+03 1.902301e+01  1000  5000 2.199009e-02     0 2.645804e-02   100 1.302469e+02 6.737510e-02 -1.322399e-03 
1.238000e+02 3.100934e-01 1.601150e-01 -2.647778e+00 9.641932e+03 7.201327e+03 2.028071e+01  1000  5000 2.088002e-02     0 2.738794e-02   100 1.302026e+02 6.673488e-02 -1.265398e-03 
1.239000e+02 3.037747e-01 1.600074e-01 -2.640492e+00 9.630416e+03 7.195390e+03 2.154269e+01  1000  5000 1.947810e-02     0 2.827794e-02   100 1.301587e+02 6.612448e-02 -1.234149e-03 
  124 2.979581e-01 1.598690e-01 -2.633393e+00 9.618951e+03 7.189365e+03 2.280815e+01  1000  5000 1.803446e-02     0 2.912623e-02   100 1.301153e+02 6.554401e-02 -1.149192e-03 
1.241000e+02 2.924747e-01 1.597077e-01 -2.626499e+00 9.607536e+03 7.183254e+03 2.407634e+01  1000  5000 1.980546e-02     0 2.992564e-02   100 1.300725e+02 6.499227e-02 -9.925610e-04 
1.242000e+02 2.867580e-01 1.595046e-01 -2.619730e+00 9.596171e+03 7.177061e+03 2.534650e+01  1000  5000 1.959538e-02     0 3.066892e-02   100 1.300304e+02 6.447011e-02 -8.838707e-04 
1.243000e+02 2.809793e-01 1.592576e-01 -2.613048e+00 9.584855e+03 7.170787e+03 2.661796e+01  1000  5000 1.862646e-02     0 3.136090e-02   100 1.299891e+02 6.398078e-02 -8.488434e-04 
1.244000e+02 2.754471e-01 1.589809e-01 -2.606478e+00 9.573588e+03 7.164435e+03 2.789006e+01  1000  5000 1.739752e-02     0 3.200938e-02   100 1.299487e+02 6.352556e-02 -8.369261e-04 
1.245000e+02 2.703515e-01 1.586915e-01 -2.600067e+00 9.562369e+03 7.158006e+03 2.916222e+01  1000  5000 1.612984e-02     0 3.261511e-02   100 1.299094e+02 6.310301e-02 -7.775565e-04 
1.246000e+02 2.655415e-01 1.583960e-01 -2.593832e+00 9.551197e+03 7.151503e+03 3.043387e+01  1000  5000 1.774000e-02     0 3.317423e-02   100 1.298711e+02 6.271078e-02 -6.544084e-04 
1.247000e+02 2.605118e-01 1.580790e-01 -2.587699e+00 9.540073e+03 7.144927e+03 3.170448e+01  1000  5000 1.757241e-02     0 3.368245e-02   100 1.298339e+02 6.234828e-02 -5.733896e-04 
1.248000e+02 2.554159e-01 1.577388e-01 -2.581638e+00 9.528994e+03 7.138280e+03 3.297357e+01  1000  5000 1.672232e-02     0 3.414516e-02   100 1.297979e+02 6.201677e-02 -5.574624e-04 
1.249000e+02 2.505302e-01 1.573866e-01 -2.575672e+00 9.517961e+03 7.131565e+03 3.424073e+01  1000  5000 1.563664e-02     0 3.457021e-02   100 1.297632e+02 6.171607e-02 -5.615865e-04 
  125 2.460258e-01 1.570363e-01 -2.569843e+00 9.506974e+03 7.124782e+03 3.550561e+01  1000  5000 1.451374e-02     0 3.495961e-02   100 1.297297e+02 6.144395e-02 -5.226062e-04 
1.251000e+02 2.417672e-01 1.566927e-01 -2.564168e+00 9.496030e+03 7.117933e+03 3.676785e+01  1000  5000 1.598795e-02     0 3.531141e-02   100 1.296974e+02 6.119758e-02 -4.257265e-04 
1.252000e+02 2.373005e-01 1.563425e-01 -2.558580e+00 9.485131e+03 7.111020e+03 3.802715e+01  1000  5000 1.585351e-02     0 3.562298e-02   100 1.296665e+02 6.097564e-02 -3.658728e-04 
1.253000e+02 2.327646e-01 1.559839e-01 -2.553053e+00 9.474275e+03 7.104044e+03 3.928327e+01  1000  5000 1.510009e-02     0 3.589951e-02   100 1.296369e+02 6.077836e-02 -3.637905e-04 
1.254000e+02 2.284098e-01 1.556256e-01 -2.547609e+00 9.463461e+03 7.097007e+03 4.053602e+01  1000  5000 1.413158e-02     0 3.614824e-02   100 1.296086e+02 6.060493e-02 -3.789889e-04 
1.255000e+02 2.243913e-01 1.552782e-01 -2.542287e+00 9.452690e+03 7.089910e+03 4.178521e+01  1000  5000 1.312731e-02     0 3.637151e-02   100 1.295816e+02 6.045297e-02 -3.544800e-04 
1.256000e+02 2.205873e-01 1.549453e-01 -2.537101e+00 9.441960e+03 7.082754e+03 4.303073e+01  1000  5000 1.448001e-02     0 3.656820e-02   100 1.295559e+02 6.031968e-02 -2.768118e-04 
1.257000e+02 2.165871e-01 1.546150e-01 -2.531993e+00 9.431272e+03 7.075541e+03 4.427245e+01  1000  5000 1.436952e-02     0 3.673644e-02   100 1.295314e+02 6.020364e-02 -2.317831e-04 
1.258000e+02 2.125175e-01 1.542852e-01 -2.526938e+00 9.420624e+03 7.068272e+03 4.551030e+01  1000  5000 1.369504e-02     0 3.688077e-02   100 1.295083e+02 6.010470e-02 -2.382775e-04 
1.259000e+02 2.086061e-01 1.539624e-01 -2.521956e+00 9.410015e+03 7.060949e+03 4.674426e+01  1000  5000 1.282355e-02     0 3.700739e-02   100 1.294863e+02 6.002196e-02 -2.596794e-04 
  126 2.049945e-01 1.536550e-01 -2.517085e+00 9.399447e+03 7.053571e+03 4.797430e+01  1000  5000 1.191809e-02     0 3.711841e-02   100 1.294656e+02 5.995329e-02 -2.443090e-04 
1.261000e+02 2.015727e-01 1.533651e-01 -2.512337e+00 9.388917e+03 7.046141e+03 4.920043e+01  1000  5000 1.315881e-02     0 3.721295e-02   100 1.294460e+02 5.989627e-02 -1.799330e-04 
1.262000e+02 1.979665e-01 1.530821e-01 -2.507659e+00 9.378425e+03 7.038660e+03 5.042267e+01  1000  5000 1.306636e-02     0 3.723862e-02 9.996153e+01 1.294275e+02 5.984940e-02 -1.445708e-04 
1.263000e+02 1.942950e-01 1.528042e-01 -2.503028e+00 9.367972e+03 7.031128e+03 5.164106e+01  1000  5000 1.245693e-02     0 3.749658e-02 9.985770e+01 1.294095e+02 5.981271e-02 -1.553857e-04 
1.264000e+02 1.907623e-01 1.524991e-01 -2.498472e+00 9.357555e+03 7.023547e+03 5.285567e+01  1000  5000 1.166716e-02     0 3.777776e-02 9.978778e+01 1.293920e+02 5.974886e-02 -1.790770e-04 
1.265000e+02 1.874972e-01 1.521543e-01 -2.494026e+00 9.347176e+03 7.015917e+03 5.406651e+01  1000  5000 1.084551e-02     0 3.788923e-02 9.974833e+01 1.293753e+02 5.964719e-02 -1.683949e-04 
1.266000e+02 1.844012e-01 1.518015e-01 -2.489697e+00 9.336833e+03 7.008241e+03 5.527348e+01  1000  5000 1.197871e-02     0 3.791066e-02 9.973622e+01 1.293596e+02 5.954280e-02 -1.120959e-04 
1.267000e+02 1.811365e-01 1.514680e-01 -2.485430e+00 9.326526e+03 7.000518e+03 5.647645e+01  1000  5000 1.189499e-02     0 3.790994e-02 9.974860e+01 1.293452e+02 5.946937e-02 -8.123618e-05 
1.268000e+02 1.778096e-01 1.511691e-01 -2.481200e+00 9.316255e+03 6.992750e+03 5.767540e+01  1000  5000 1.134148e-02     0 3.788662e-02 9.978289e+01 1.293321e+02 5.943868e-02 -9.188710e-05 
1.269000e+02 1.746098e-01 1.509133e-01 -2.477024e+00 9.306018e+03 6.984938e+03 5.887038e+01  1000  5000 1.062319e-02     0 3.782163e-02 9.983677e+01 1.293204e+02 5.944851e-02 -1.141999e-04 
  127 1.716558e-01 1.507076e-01 -2.472934e+00 9.295816e+03 6.977082e+03 6.006154e+01  1000  5000 9.875718e-03     0 3.770976e-02 9.990811e+01 1.293100e+02 5.949392e-02 -1.056809e-04 
1.271000e+02 1.688574e-01 1.505554e-01 -2.468939e+00 9.285647e+03 6.969183e+03 6.124908e+01  1000  5000 1.090863e-02     0 3.755796e-02 9.999499e+01 1.293011e+02 5.957092e-02 -5.628235e-05 
1.272000e+02 1.659062e-01 1.504475e-01 -2.464995e+00 9.275512e+03 6.961243e+03 6.243328e+01  1000  5000 1.083392e-02     0 3.743934e-02   100 1.292931e+02 5.967285e-02 -3.058859e-05 
1.273000e+02 1.628985e-01 1.503670e-01 -2.461087e+00 9.265410e+03 6.953261e+03 6.361446e+01  1000  5000 1.033120e-02     0 3.745266e-02   100 1.292857e+02 5.978096e-02 -4.298442e-05 
1.274000e+02 1.600050e-01 1.502826e-01 -2.457237e+00 9.255340e+03 6.945239e+03 6.479299e+01  1000  5000 9.678466e-03     0 3.745516e-02   100 1.292788e+02 5.986296e-02 -6.584651e-05 
1.275000e+02 1.573331e-01 1.501871e-01 -2.453474e+00 9.245303e+03 6.937178e+03 6.596914e+01  1000  5000 8.998874e-03     0 3.742050e-02   100 1.292724e+02 5.991317e-02 -5.999710e-05 
1.276000e+02 1.547998e-01 1.500894e-01 -2.449808e+00 9.235297e+03 6.929077e+03 6.714312e+01  1000  5000 9.955166e-03     0 3.738837e-02   100 1.292665e+02 5.994379e-02 -1.622376e-05 
1.277000e+02 1.521219e-01 1.499916e-01 -2.446195e+00 9.225322e+03 6.920939e+03 6.831508e+01  1000  5000 9.892158e-03     0 3.737670e-02   100 1.292610e+02 5.996551e-02 6.000480e-06 
1.278000e+02 1.493882e-01 1.498946e-01 -2.442618e+00 9.215379e+03 6.912764e+03 6.948518e+01  1000  5000 9.435140e-03     0 3.737955e-02   100 1.292560e+02 5.998220e-02 -6.628483e-06 
1.279000e+02 1.467571e-01 1.498002e-01 -2.439093e+00 9.205466e+03 6.904552e+03 7.065354e+01  1000  5000 8.839341e-03     0 3.738838e-02   100 1.292515e+02 5.999420e-02 -2.887035e-05 
  128 1.443280e-01 1.497116e-01 -2.435644e+00 9.195583e+03 6.896305e+03 7.182030e+01  1000  5000 8.218237e-03     0 3.739985e-02   100 1.292473e+02 6.000164e-02 -2.489097e-05 
1.281000e+02 1.420257e-01 1.496301e-01 -2.432281e+00 9.185730e+03 6.888023e+03 7.298556e+01  1000  5000 9.088368e-03     0 3.741347e-02   100 1.292435e+02 6.000514e-02 1.389195e-05 
1.282000e+02 1.395925e-01 1.495507e-01 -2.428967e+00 9.175906e+03 6.879706e+03 7.414941e+01  1000  5000 9.029224e-03     0 3.742822e-02   100 1.292400e+02 6.000577e-02 3.345905e-05 
1.283000e+02 1.371091e-01 1.494722e-01 -2.425686e+00 9.166111e+03 6.871355e+03 7.531196e+01  1000  5000 8.610997e-03     0 3.744462e-02   100 1.292369e+02 6.000457e-02 2.180761e-05 
1.284000e+02 1.347199e-01 1.493967e-01 -2.422451e+00 9.156344e+03 6.862972e+03 7.647328e+01  1000  5000 8.066398e-03     0 3.746367e-02   100 1.292341e+02 6.000203e-02 1.962866e-06 
1.285000e+02 1.325151e-01 1.493267e-01 -2.419287e+00 9.146606e+03 6.854556e+03 7.763346e+01  1000  5000 7.498923e-03     0 3.748642e-02 9.997275e+01 1.292316e+02 5.999764e-02 6.507064e-06 
1.286000e+02 1.304246e-01 1.492590e-01 -2.416202e+00 9.136895e+03 6.846108e+03 7.879258e+01  1000  5000 8.293823e-03     0 3.761146e-02 9.992196e+01 1.292290e+02 5.998730e-02 4.313648e-05 
1.287000e+02 1.282175e-01 1.491724e-01 -2.413164e+00 9.127212e+03 6.837629e+03 7.995069e+01  1000  5000 8.238063e-03     0 3.771992e-02 9.989390e+01 1.292264e+02 5.995618e-02 6.250145e-05 
1.288000e+02 1.259635e-01 1.490631e-01 -2.410159e+00 9.117555e+03 6.829120e+03 8.110781e+01  1000  5000 7.855457e-03     0 3.775372e-02 9.988614e+01 1.292241e+02 5.990717e-02 5.352313e-05 
1.289000e+02 1.237953e-01 1.489510e-01 -2.407196e+00 9.107926e+03 6.820581e+03 8.226391e+01  1000  5000 7.357779e-03     0 3.774874e-02 9.989650e+01 1.292221e+02 5.986021e-02 3.708745e-05 
  129 1.217959e-01 1.488565e-01 -2.404296e+00 9.098322e+03 6.812012e+03 8.341896e+01  1000  5000 6.839308e-03     0 3.773157e-02 9.992298e+01 1.292206e+02 5.983114e-02 4.275605e-05 
1.291000e+02 1.199032e-01 1.487892e-01 -2.401463e+00 9.088744e+03 6.803415e+03 8.457296e+01  1000  5000 7.560898e-03     0 3.769912e-02 9.996378e+01 1.292196e+02 5.982479e-02 7.741871e-05 
1.292000e+02 1.179028e-01 1.487481e-01 -2.398668e+00 9.079192e+03 6.794789e+03 8.572599e+01  1000  5000 7.510996e-03     0 3.760881e-02   100 1.292192e+02 5.984010e-02 9.595695e-05 
1.293000e+02 1.158634e-01 1.487344e-01 -2.395896e+00 9.069665e+03 6.786136e+03 8.687814e+01  1000  5000 7.161899e-03     0 3.763001e-02   100 1.292191e+02 5.987593e-02 8.825409e-05 
1.294000e+02 1.139031e-01 1.487292e-01 -2.393161e+00 9.060163e+03 6.777455e+03 8.802957e+01  1000  5000 6.708297e-03     0 3.768911e-02   100 1.292190e+02 5.990907e-02 7.331730e-05 
1.295000e+02 1.120968e-01 1.487147e-01 -2.390486e+00 9.050685e+03 6.768748e+03 8.918042e+01  1000  5000 6.236001e-03     0 3.771335e-02   100 1.292190e+02 5.992249e-02 7.828290e-05 
1.296000e+02 1.103870e-01 1.486913e-01 -2.387876e+00 9.041231e+03 6.760014e+03 9.033080e+01  1000  5000 6.899571e-03     0 3.771570e-02   100 1.292192e+02 5.991962e-02 1.095732e-04 
1.297000e+02 1.085778e-01 1.486637e-01 -2.385303e+00 9.031800e+03 6.751255e+03 9.148074e+01  1000  5000 6.855650e-03     0 3.772688e-02   100 1.292194e+02 5.991030e-02 1.259759e-04 
1.298000e+02 1.067307e-01 1.486350e-01 -2.382753e+00 9.022394e+03 6.742470e+03 9.263030e+01  1000  5000 6.538421e-03     0 3.775203e-02   100 1.292198e+02 5.989934e-02 1.182740e-04 
1.299000e+02 1.049553e-01 1.486066e-01 -2.380238e+00 9.013010e+03 6.733661e+03 9.377952e+01  1000  5000 6.125054e-03     0 3.778317e-02   100 1.292203e+02 5.988687e-02 1.039671e-04 
  130 1.033202e-01 1.485794e-01 -2.377776e+00 9.003649e+03 6.724827e+03 9.492843e+01  1000  5000 5.694275e-03     0 3.781462e-02   100 1.292209e+02 5.987221e-02 1.078972e-04 
1.301000e+02 1.017714e-01 1.485521e-01 -2.375372e+00 8.994311e+03 6.715970e+03 9.607707e+01  1000  5000 6.303869e-03     0 3.787070e-02 9.996695e+01 1.292215e+02 5.985407e-02 1.359226e-04 
1.302000e+02 1.001343e-01 1.485169e-01 -2.373002e+00 8.984994e+03 6.707089e+03 9.722544e+01  1000  5000 6.263565e-03     0 3.798405e-02 9.992893e+01 1.292219e+02 5.982790e-02 1.504952e-04 
1.303000e+02 9.846166e-02 1.484625e-01 -2.370655e+00 8.975700e+03 6.698185e+03 9.837355e+01  1000  5000 5.973598e-03     0 3.806973e-02 9.990807e+01 1.292222e+02 5.978553e-02 1.432039e-04 
1.304000e+02 9.685354e-02 1.483925e-01 -2.368341e+00 8.966427e+03 6.689259e+03 9.952137e+01  1000  5000 5.596041e-03     0 3.810581e-02 9.990247e+01 1.292226e+02 5.973291e-02 1.300921e-04 
1.305000e+02 9.537333e-02 1.483228e-01 -2.366074e+00 8.957176e+03 6.680310e+03 1.006688e+02  1000  5000 5.202584e-03     0 3.811819e-02 9.991041e+01 1.292232e+02 5.968496e-02 1.338541e-04 
1.306000e+02 9.397352e-02 1.482661e-01 -2.363860e+00 8.947945e+03 6.671340e+03 1.018159e+02  1000  5000 5.758624e-03     0 3.811953e-02 9.993036e+01 1.292241e+02 5.965187e-02 1.598118e-04 
1.307000e+02 9.249072e-02 1.482259e-01 -2.361673e+00 8.938735e+03 6.662348e+03 1.029625e+02  1000  5000 5.723068e-03     0 3.810563e-02 9.996088e+01 1.292253e+02 5.963658e-02 1.734777e-04 
1.308000e+02 9.097618e-02 1.482038e-01 -2.359505e+00 8.929545e+03 6.653335e+03 1.041087e+02  1000  5000 5.459007e-03     0 3.807032e-02   100 1.292269e+02 5.963839e-02 1.670887e-04 
1.309000e+02 8.952154e-02 1.482017e-01 -2.357362e+00 8.920376e+03 6.644302e+03 1.052546e+02  1000  5000 5.114622e-03     0 3.804942e-02   100 1.292286e+02 5.965565e-02 1.552074e-04 
  131 8.818415e-02 1.482114e-01 -2.355261e+00 8.911226e+03 6.635248e+03 1.064002e+02  1000  5000 4.755627e-03     0 3.809978e-02   100 1.292304e+02 5.967628e-02 1.585695e-04 
1.311000e+02 8.691980e-02 1.482163e-01 -2.353210e+00 8.902095e+03 6.626175e+03 1.075456e+02  1000  5000 5.267853e-03     0 3.813089e-02   100 1.292322e+02 5.968439e-02 1.820733e-04 
1.312000e+02 8.557847e-02 1.482107e-01 -2.351186e+00 8.892984e+03 6.617081e+03 1.086909e+02  1000  5000 5.237096e-03     0 3.814146e-02   100 1.292340e+02 5.967910e-02 1.941402e-04 
1.313000e+02 8.420718e-02 1.481987e-01 -2.349180e+00 8.883892e+03 6.607969e+03 1.098361e+02  1000  5000 4.996493e-03     0 3.815437e-02   100 1.292358e+02 5.966723e-02 1.877328e-04 
1.314000e+02 8.288999e-02 1.481852e-01 -2.347199e+00 8.874819e+03 6.598837e+03 1.109813e+02  1000  5000 4.681967e-03     0 3.817770e-02   100 1.292377e+02 5.965331e-02 1.763018e-04 
1.315000e+02 8.167956e-02 1.481720e-01 -2.345257e+00 8.865764e+03 6.589688e+03 1.121264e+02  1000  5000 4.353908e-03     0 3.820812e-02 9.999592e+01 1.292396e+02 5.963813e-02 1.789263e-04 
1.316000e+02 8.053457e-02 1.481574e-01 -2.343360e+00 8.856727e+03 6.580519e+03 1.132715e+02  1000  5000 4.826741e-03     0 3.828044e-02 9.996681e+01 1.292413e+02 5.961988e-02 2.000961e-04 
1.317000e+02 7.932014e-02 1.481321e-01 -2.341488e+00 8.847708e+03 6.571333e+03 1.144166e+02  1000  5000 4.799118e-03     0 3.835048e-02 9.995020e+01 1.292430e+02 5.959174e-02 2.108394e-04 
1.318000e+02 7.807716e-02 1.480936e-01 -2.339632e+00 8.838707e+03 6.562129e+03 1.155616e+02  1000  5000 4.579138e-03     0 3.838951e-02 9.994464e+01 1.292447e+02 5.955429e-02 2.046784e-04 
1.319000e+02 7.688320e-02 1.480505e-01 -2.337799e+00 8.829723e+03 6.552908e+03 1.167066e+02  1000  5000 4.291291e-03     0 3.840626e-02 9.994880e+01 1.292464e+02 5.951649e-02 1.939751e-04 
  132 7.578682e-02 1.480130e-01 -2.336001e+00 8.820757e+03 6.543670e+03 1.178514e+02  1000  5000 3.990944e-03     0 3.841313e-02 9.996150e+01 1.292483e+02 5.948680e-02 1.962378e-04 
1.321000e+02 7.475124e-02 1.479868e-01 -2.334243e+00 8.811808e+03 6.534415e+03 1.189961e+02  1000  5000 4.424677e-03     0 3.841128e-02 9.998165e+01 1.292504e+02 5.946883e-02 2.155823e-04 
1.322000e+02 7.365010e-02 1.479727e-01 -2.332506e+00 8.802875e+03 6.525144e+03 1.201406e+02  1000  5000 4.401022e-03     0 3.839506e-02   100 1.292527e+02 5.946255e-02 2.253541e-04 
1.323000e+02 7.252399e-02 1.479701e-01 -2.330782e+00 8.793959e+03 6.515856e+03 1.212849e+02  1000  5000 4.199810e-03     0 3.840710e-02   100 1.292551e+02 5.946602e-02 2.196196e-04 
1.324000e+02 7.144286e-02 1.479718e-01 -2.329078e+00 8.785059e+03 6.506553e+03 1.224292e+02  1000  5000 3.936306e-03     0 3.844576e-02   100 1.292574e+02 5.947024e-02 2.096888e-04 
1.325000e+02 7.045093e-02 1.479694e-01 -2.327406e+00 8.776176e+03 6.497233e+03 1.235735e+02  1000  5000 3.661332e-03     0 3.846886e-02   100 1.292598e+02 5.946686e-02 2.116613e-04 
1.326000e+02 6.951423e-02 1.479622e-01 -2.325772e+00 8.767308e+03 6.487898e+03 1.247177e+02  1000  5000 4.062418e-03     0 3.848210e-02   100 1.292622e+02 5.945654e-02 2.293227e-04 
1.327000e+02 6.851687e-02 1.479521e-01 -2.324158e+00 8.758456e+03 6.478548e+03 1.258619e+02  1000  5000 4.041728e-03     0 3.849798e-02   100 1.292646e+02 5.944331e-02 2.381362e-04 
1.328000e+02 6.749530e-02 1.479379e-01 -2.322556e+00 8.749619e+03 6.469184e+03 1.270062e+02  1000  5000 3.857980e-03     0 3.854955e-02 9.997147e+01 1.292669e+02 5.942665e-02 2.326242e-04 
1.329000e+02 6.651468e-02 1.479176e-01 -2.320974e+00 8.740798e+03 6.459804e+03 1.281504e+02  1000  5000 3.616571e-03     0 3.862860e-02 9.994103e+01 1.292690e+02 5.940444e-02 2.232428e-04 
  133 6.561564e-02 1.478837e-01 -2.319422e+00 8.731992e+03 6.450410e+03 1.292947e+02  1000  5000 3.364418e-03     0 3.870457e-02 9.991970e+01 1.292710e+02 5.937023e-02 2.248356e-04 
1.331000e+02 6.476698e-02 1.478366e-01 -2.317904e+00 8.723201e+03 6.441002e+03 1.304389e+02  1000  5000 3.734657e-03     0 3.874092e-02 9.990633e+01 1.292729e+02 5.932670e-02 2.409133e-04 
1.332000e+02 6.386222e-02 1.477848e-01 -2.316404e+00 8.714424e+03 6.431579e+03 1.315829e+02  1000  5000 3.716395e-03     0 3.876645e-02 9.989989e+01 1.292749e+02 5.928417e-02 2.488989e-04 
1.333000e+02 6.293503e-02 1.477358e-01 -2.314915e+00 8.705662e+03 6.422143e+03 1.327268e+02  1000  5000 3.547878e-03     0 3.878916e-02 9.989948e+01 1.292770e+02 5.924961e-02 2.437478e-04 
1.334000e+02 6.204534e-02 1.476935e-01 -2.313443e+00 8.696914e+03 6.412694e+03 1.338705e+02  1000  5000 3.326287e-03     0 3.880476e-02 9.990424e+01 1.292792e+02 5.922474e-02 2.350647e-04 
1.335000e+02 6.123070e-02 1.476594e-01 -2.311997e+00 8.688180e+03 6.403231e+03 1.350139e+02  1000  5000 3.094769e-03     0 3.880930e-02 9.991342e+01 1.292816e+02 5.920900e-02 2.364884e-04 
1.336000e+02 6.046241e-02 1.476345e-01 -2.310581e+00 8.679460e+03 6.393754e+03 1.361571e+02  1000  5000 3.436572e-03     0 3.880305e-02 9.992633e+01 1.292841e+02 5.920161e-02 2.512244e-04 
1.337000e+02 5.964250e-02 1.476184e-01 -2.309180e+00 8.670754e+03 6.384265e+03 1.373000e+02  1000  5000 3.420498e-03     0 3.878821e-02 9.994234e+01 1.292867e+02 5.920186e-02 2.584695e-04 
1.338000e+02 5.880190e-02 1.476112e-01 -2.307789e+00 8.662062e+03 6.374763e+03 1.384428e+02  1000  5000 3.266024e-03     0 3.876717e-02 9.996089e+01 1.292895e+02 5.920882e-02 2.535791e-04 
1.339000e+02 5.799567e-02 1.476130e-01 -2.306412e+00 8.653383e+03 6.365249e+03 1.395853e+02  1000  5000 3.062653e-03     0 3.874184e-02 9.998146e+01 1.292925e+02 5.922124e-02 2.454171e-04 
  134 5.725832e-02 1.476238e-01 -2.305060e+00 8.644717e+03 6.355722e+03 1.407278e+02  1000  5000 2.850117e-03     0 3.870917e-02   100 1.292955e+02 5.923771e-02 2.465699e-04 
1.341000e+02 5.656257e-02 1.476426e-01 -2.303735e+00 8.636064e+03 6.346182e+03 1.418702e+02  1000  5000 3.168830e-03     0 3.871013e-02   100 1.292987e+02 5.925655e-02 2.599678e-04 
1.342000e+02 5.581964e-02 1.476615e-01 -2.302425e+00 8.627423e+03 6.336631e+03 1.430126e+02  1000  5000 3.155072e-03     0 3.873052e-02   100 1.293017e+02 5.927039e-02 2.663581e-04 
1.343000e+02 5.505661e-02 1.476734e-01 -2.301123e+00 8.618796e+03 6.327068e+03 1.441552e+02  1000  5000 3.013396e-03     0 3.874273e-02   100 1.293047e+02 5.927404e-02 2.614432e-04 
1.344000e+02 5.432462e-02 1.476786e-01 -2.299836e+00 8.610181e+03 6.317493e+03 1.452978e+02  1000  5000 2.826458e-03     0 3.875399e-02 9.999039e+01 1.293076e+02 5.926944e-02 2.534659e-04 
1.345000e+02 5.365571e-02 1.476785e-01 -2.298572e+00 8.601579e+03 6.307906e+03 1.464406e+02  1000  5000 2.630845e-03     0 3.881083e-02 9.996858e+01 1.293104e+02 5.925824e-02 2.541329e-04 
1.346000e+02 5.302526e-02 1.476676e-01 -2.297334e+00 8.592989e+03 6.298308e+03 1.475835e+02  1000  5000 2.926591e-03     0 3.886100e-02 9.995071e+01 1.293130e+02 5.923638e-02 2.661889e-04 
1.347000e+02 5.234959e-02 1.476449e-01 -2.296109e+00 8.584410e+03 6.288699e+03 1.487265e+02  1000  5000 2.915256e-03     0 3.890204e-02 9.993611e+01 1.293156e+02 5.920563e-02 2.718053e-04 
1.348000e+02 5.165525e-02 1.476147e-01 -2.294893e+00 8.575844e+03 6.279079e+03 1.498696e+02  1000  5000 2.785043e-03     0 3.893842e-02 9.992422e+01 1.293180e+02 5.917143e-02 2.670284e-04 
1.349000e+02 5.098940e-02 1.475813e-01 -2.293690e+00 8.567290e+03 6.269449e+03 1.510128e+02  1000  5000 2.612696e-03     0 3.897397e-02 9.991450e+01 1.293205e+02 5.913823e-02 2.594897e-04 
  135 5.038158e-02 1.475477e-01 -2.292507e+00 8.558748e+03 6.259807e+03 1.521559e+02  1000  5000 2.432263e-03     0 3.900794e-02 9.990647e+01 1.293229e+02 5.910802e-02 2.600064e-04 
1.351000e+02 4.980920e-02 1.475150e-01 -2.291347e+00 8.550217e+03 6.250155e+03 1.532989e+02  1000  5000 2.706176e-03     0 3.903821e-02 9.989972e+01 1.293254e+02 5.908126e-02 2.711203e-04 
1.352000e+02 4.919509e-02 1.474831e-01 -2.290199e+00 8.541697e+03 6.240492e+03 1.544419e+02  1000  5000 2.696064e-03     0 3.906402e-02 9.989385e+01 1.293279e+02 5.905789e-02 2.763389e-04 
1.353000e+02 4.856376e-02 1.474522e-01 -2.289059e+00 8.533189e+03 6.230820e+03 1.555847e+02  1000  5000 2.576021e-03     0 3.908613e-02 9.988851e+01 1.293304e+02 5.903777e-02 2.719928e-04 
1.354000e+02 4.795868e-02 1.474226e-01 -2.287930e+00 8.524692e+03 6.221137e+03 1.567274e+02  1000  5000 2.417014e-03     0 3.910567e-02 9.988339e+01 1.293329e+02 5.902056e-02 2.651266e-04 
1.355000e+02 4.740710e-02 1.473946e-01 -2.286819e+00 8.516206e+03 6.211444e+03 1.578699e+02  1000  5000 2.250517e-03     0 3.912344e-02 9.987818e+01 1.293354e+02 5.900572e-02 2.657343e-04 
1.356000e+02 4.688807e-02 1.473681e-01 -2.285730e+00 8.507730e+03 6.201741e+03 1.590123e+02  1000  5000 2.505402e-03     0 3.914000e-02 9.987264e+01 1.293380e+02 5.899266e-02 2.761422e-04 
1.357000e+02 4.633021e-02 1.473422e-01 -2.284652e+00 8.499266e+03 6.192028e+03 1.601544e+02  1000  5000 2.496800e-03     0 3.915582e-02 9.986651e+01 1.293406e+02 5.898081e-02 2.810339e-04 
1.358000e+02 4.575620e-02 1.473165e-01 -2.283580e+00 8.490812e+03 6.182306e+03 1.612964e+02  1000  5000 2.386202e-03     0 3.917159e-02 9.985960e+01 1.293432e+02 5.896969e-02 2.769975e-04 
1.359000e+02 4.520630e-02 1.472906e-01 -2.282518e+00 8.482368e+03 6.172575e+03 1.624382e+02  1000  5000 2.239427e-03     0 3.918806e-02 9.985170e+01 1.293458e+02 5.895880e-02 2.705718e-04 
  136 4.470571e-02 1.472644e-01 -2.281473e+00 8.473935e+03 6.162834e+03 1.635799e+02  1000  5000 2.085652e-03     0 3.920573e-02 9.984264e+01 1.293484e+02 5.894769e-02 2.710410e-04 
1.361000e+02 4.423500e-02 1.472376e-01 -2.280449e+00 8.465512e+03 6.153084e+03 1.647213e+02  1000  5000 2.323458e-03     0 3.922490e-02 9.983226e+01 1.293510e+02 5.893596e-02 2.805709e-04 
1.362000e+02 4.372802e-02 1.472092e-01 -2.279433e+00 8.457099e+03 6.143324e+03 1.658625e+02  1000  5000 2.316309e-03     0 3.924574e-02 9.982041e+01 1.293536e+02 5.892332e-02 2.849372e-04 
1.363000e+02 4.320582e-02 1.471787e-01 -2.278424e+00 8.448697e+03 6.133556e+03 1.670036e+02  1000  5000 2.214318e-03     0 3.926857e-02 9.980697e+01 1.293561e+02 5.890953e-02 2.809852e-04 
1.364000e+02 4.270572e-02 1.471458e-01 -2.277424e+00 8.440304e+03 6.123779e+03 1.681444e+02  1000  5000 2.078651e-03     0 3.929372e-02 9.979182e+01 1.293587e+02 5.889440e-02 2.748109e-04 
1.365000e+02 4.225109e-02 1.471105e-01 -2.276440e+00 8.431921e+03 6.113993e+03 1.692850e+02  1000  5000 1.936412e-03     0 3.932134e-02 9.977485e+01 1.293612e+02 5.887776e-02 2.750611e-04 
1.366000e+02 4.182389e-02 1.470723e-01 -2.275474e+00 8.423547e+03 6.104199e+03 1.704254e+02  1000  5000 2.158517e-03     0 3.935142e-02 9.975597e+01 1.293636e+02 5.885946e-02 2.837573e-04 
1.367000e+02 4.136276e-02 1.470305e-01 -2.274517e+00 8.415184e+03 6.094396e+03 1.715655e+02  1000  5000 2.152594e-03     0 3.938386e-02 9.973510e+01 1.293661e+02 5.883946e-02 2.876684e-04 
1.368000e+02 4.088726e-02 1.469846e-01 -2.273566e+00 8.406829e+03 6.084584e+03 1.727053e+02  1000  5000 2.058362e-03     0 3.941870e-02 9.971215e+01 1.293684e+02 5.881775e-02 2.838637e-04 
1.369000e+02 4.043204e-02 1.469345e-01 -2.272622e+00 8.398484e+03 6.074764e+03 1.738448e+02  1000  5000 1.932740e-03     0 3.945603e-02 9.968707e+01 1.293707e+02 5.879433e-02 2.780194e-04 
  137 4.001878e-02 1.468802e-01 -2.271694e+00 8.390149e+03 6.064936e+03 1.749839e+02  1000  5000 1.800939e-03     0 3.949580e-02 9.965978e+01 1.293730e+02 5.876920e-02 2.781834e-04 
1.371000e+02 3.963076e-02 1.468213e-01 -2.270782e+00 8.381822e+03 6.055100e+03 1.761227e+02  1000  5000 2.008460e-03     0 3.953783e-02 9.963023e+01 1.293752e+02 5.874238e-02 2.862334e-04 
1.372000e+02 3.921101e-02 1.467574e-01 -2.269879e+00 8.373505e+03 6.045256e+03 1.772610e+02  1000  5000 2.003517e-03     0 3.958190e-02 9.959838e+01 1.293773e+02 5.871395e-02 2.898441e-04 
1.373000e+02 3.877773e-02 1.466881e-01 -2.268980e+00 8.365196e+03 6.035404e+03 1.783989e+02  1000  5000 1.916281e-03     0 3.962793e-02 9.956418e+01 1.293794e+02 5.868400e-02 2.862830e-04 
1.374000e+02 3.836311e-02 1.466133e-01 -2.268089e+00 8.356897e+03 6.025544e+03 1.795362e+02  1000  5000 1.799768e-03     0 3.967589e-02 9.952759e+01 1.293814e+02 5.865262e-02 2.808347e-04 
1.375000e+02 3.798730e-02 1.465332e-01 -2.267212e+00 8.348606e+03 6.015677e+03 1.806730e+02  1000  5000 1.677452e-03     0 3.972565e-02 9.948859e+01 1.293834e+02 5.861990e-02 2.809940e-04 
1.376000e+02 3.763475e-02 1.464475e-01 -2.266350e+00 8.340324e+03 6.005802e+03 1.818091e+02  1000  5000 1.871475e-03     0 3.977699e-02 9.944714e+01 1.293853e+02 5.858591e-02 2.885067e-04 
1.377000e+02 3.725257e-02 1.463558e-01 -2.265495e+00 8.332050e+03 5.995919e+03 1.829445e+02  1000  5000 1.867350e-03     0 3.982967e-02 9.940321e+01 1.293871e+02 5.855077e-02 2.918825e-04 
1.378000e+02 3.685767e-02 1.462580e-01 -2.264645e+00 8.323785e+03 5.986029e+03 1.840792e+02  1000  5000 1.786475e-03     0 3.988356e-02 9.935679e+01 1.293889e+02 5.851462e-02 2.885740e-04 
1.379000e+02 3.647998e-02 1.461540e-01 -2.263802e+00 8.315529e+03 5.976131e+03 1.852131e+02  1000  5000 1.678277e-03     0 3.993862e-02 9.930785e+01 1.293906e+02 5.847756e-02 2.835079e-04 
  138 3.613824e-02 1.460440e-01 -2.262971e+00 8.307281e+03 5.966226e+03 1.863460e+02  1000  5000 1.564628e-03     0 3.999471e-02 9.925638e+01 1.293922e+02 5.843968e-02 2.836725e-04 
1.381000e+02 3.581798e-02 1.459280e-01 -2.262155e+00 8.299041e+03 5.956314e+03 1.874780e+02  1000  5000 1.746267e-03     0 4.005163e-02 9.920237e+01 1.293938e+02 5.840107e-02 2.906947e-04 
1.382000e+02 3.547000e-02 1.458056e-01 -2.261345e+00 8.290809e+03 5.946395e+03 1.886090e+02  1000  5000 1.742881e-03     0 4.010915e-02 9.914581e+01 1.293953e+02 5.836186e-02 2.938521e-04 
1.383000e+02 3.511007e-02 1.456768e-01 -2.260539e+00 8.282585e+03 5.936469e+03 1.897389e+02  1000  5000 1.667826e-03     0 4.016718e-02 9.908668e+01 1.293968e+02 5.832215e-02 2.907677e-04 
1.384000e+02 3.476602e-02 1.455415e-01 -2.259740e+00 8.274369e+03 5.926536e+03 1.908676e+02  1000  5000 1.567241e-03     0 4.022567e-02 9.902498e+01 1.293982e+02 5.828205e-02 2.860415e-04 
1.385000e+02 3.445529e-02 1.454001e-01 -2.258952e+00 8.266162e+03 5.916596e+03 1.919950e+02  1000  5000 1.461530e-03     0 4.028453e-02 9.896070e+01 1.293996e+02 5.824163e-02 2.861988e-04 
1.386000e+02 3.416441e-02 1.452524e-01 -2.258177e+00 8.257962e+03 5.906650e+03 1.931211e+02  1000  5000 1.631863e-03     0 4.034358e-02 9.889385e+01 1.294010e+02 5.820096e-02 2.927582e-04 
1.387000e+02 3.384756e-02 1.450983e-01 -2.257409e+00 8.249769e+03 5.896696e+03 1.942458e+02  1000  5000 1.629166e-03     0 4.040265e-02 9.882441e+01 1.294023e+02 5.816013e-02 2.957001e-04 
1.388000e+02 3.351945e-02 1.449377e-01 -2.256643e+00 8.241585e+03 5.886736e+03 1.953689e+02  1000  5000 1.559444e-03     0 4.046167e-02 9.875240e+01 1.294035e+02 5.811924e-02 2.928039e-04 
1.389000e+02 3.320601e-02 1.447708e-01 -2.255884e+00 8.233408e+03 5.876770e+03 1.964905e+02  1000  5000 1.465828e-03     0 4.052063e-02 9.867780e+01 1.294047e+02 5.807835e-02 2.883710e-04 
  139 3.292348e-02 1.445977e-01 -2.255135e+00 8.225239e+03 5.866796e+03 1.976105e+02  1000  5000 1.367380e-03     0 4.057947e-02 9.860063e+01 1.294059e+02 5.803753e-02 2.885045e-04 
1.391000e+02 3.265928e-02 1.444185e-01 -2.254398e+00 8.217077e+03 5.856817e+03 1.987287e+02  1000  5000 1.527407e-03     0 4.063807e-02 9.852088e+01 1.294071e+02 5.799680e-02 2.946242e-04 
1.392000e+02 3.237072e-02 1.442329e-01 -2.253667e+00 8.208922e+03 5.846831e+03 1.998450e+02  1000  5000 1.525352e-03     0 4.069629e-02 9.843856e+01 1.294082e+02 5.795624e-02 2.973524e-04 
1.393000e+02 3.207151e-02 1.440411e-01 -2.252938e+00 8.200775e+03 5.836838e+03 2.009595e+02  1000  5000 1.460508e-03     0 4.075409e-02 9.835367e+01 1.294093e+02 5.791590e-02 2.946118e-04 
1.394000e+02 3.178586e-02 1.438431e-01 -2.252215e+00 8.192635e+03 5.826840e+03 2.020720e+02  1000  5000 1.373263e-03     0 4.081151e-02 9.826623e+01 1.294103e+02 5.787584e-02 2.904314e-04 
1.395000e+02 3.152890e-02 1.436392e-01 -2.251502e+00 8.184502e+03 5.816835e+03 2.031824e+02  1000  5000 1.281452e-03     0 4.086850e-02 9.817622e+01 1.294114e+02 5.783607e-02 2.905292e-04 
1.396000e+02 3.128891e-02 1.434293e-01 -2.250800e+00 8.176376e+03 5.806824e+03 2.042906e+02  1000  5000 1.432080e-03     0 4.092498e-02 9.808367e+01 1.294124e+02 5.779663e-02 2.962350e-04 
1.397000e+02 3.102599e-02 1.432134e-01 -2.250103e+00 8.168257e+03 5.796807e+03 2.053966e+02  1000  5000 1.430616e-03     0 4.098086e-02 9.798858e+01 1.294134e+02 5.775754e-02 2.987568e-04 
1.398000e+02 3.075300e-02 1.429914e-01 -2.249408e+00 8.160146e+03 5.786784e+03 2.065003e+02  1000  5000 1.370228e-03     0 4.103614e-02 9.789096e+01 1.294144e+02 5.771885e-02 2.961478e-04 
1.399000e+02 3.049252e-02 1.427635e-01 -2.248718e+00 8.152041e+03 5.776755e+03 2.076016e+02  1000  5000 1.288798e-03     0 4.109084e-02 9.779081e+01 1.294154e+02 5.768058e-02 2.921890e-04 
  140 3.025873e-02 1.425299e-01 -2.248037e+00 8.143943e+03 5.766720e+03 2.087004e+02  1000  5000 1.203046e-03     0 4.114497e-02 9.768815e+01 1.294164e+02 5.764274e-02 2.922465e-04 
1.401000e+02 3.004064e-02 1.422907e-01 -2.247367e+00 8.135851e+03 5.756680e+03 2.097967e+02  1000  5000 1.345089e-03     0 4.119848e-02 9.758298e+01 1.294174e+02 5.760532e-02 2.975683e-04 
1.402000e+02 2.980096e-02 1.420457e-01 -2.246701e+00 8.127767e+03 5.746633e+03 2.108903e+02  1000  5000 1.344161e-03     0 4.125129e-02 9.747532e+01 1.294183e+02 5.756835e-02 2.998966e-04 
1.403000e+02 2.955169e-02 1.417949e-01 -2.246037e+00 8.119689e+03 5.736581e+03 2.119812e+02  1000  5000 1.287837e-03     0 4.130341e-02 9.736517e+01 1.294193e+02 5.753186e-02 2.974036e-04 
1.404000e+02 2.931402e-02 1.415386e-01 -2.245378e+00 8.111617e+03 5.726523e+03 2.130692e+02  1000  5000 1.211712e-03     0 4.135490e-02 9.725255e+01 1.294202e+02 5.749584e-02 2.936437e-04 
1.405000e+02 2.910118e-02 1.412767e-01 -2.244727e+00 8.103553e+03 5.716459e+03 2.141545e+02  1000  5000 1.131486e-03     0 4.140578e-02 9.713746e+01 1.294212e+02 5.746029e-02 2.936622e-04 
1.406000e+02 2.890290e-02 1.410095e-01 -2.244085e+00 8.095494e+03 5.706390e+03 2.152367e+02  1000  5000 1.265672e-03     0 4.145599e-02 9.701992e+01 1.294221e+02 5.742521e-02 2.986318e-04 
1.407000e+02 2.868423e-02 1.407368e-01 -2.243448e+00 8.087442e+03 5.696315e+03 2.163160e+02  1000  5000 1.265223e-03     0 4.150550e-02 9.689995e+01 1.294230e+02 5.739059e-02 3.007827e-04 
1.408000e+02 2.845646e-02 1.404587e-01 -2.242812e+00 8.079396e+03 5.686235e+03 2.173921e+02  1000  5000 1.212604e-03     0 4.155433e-02 9.677754e+01 1.294240e+02 5.735646e-02 2.983958e-04 
1.409000e+02 2.823941e-02 1.401752e-01 -2.242181e+00 8.071357e+03 5.676149e+03 2.184650e+02  1000  5000 1.141318e-03     0 4.160254e-02 9.665272e+01 1.294249e+02 5.732281e-02 2.948183e-04 
  141 2.804553e-02 1.398865e-01 -2.241557e+00 8.063324e+03 5.666058e+03 2.195347e+02  1000  5000 1.066133e-03     0 4.165013e-02 9.652550e+01 1.294259e+02 5.728963e-02 2.948021e-04 
1.411000e+02 2.786515e-02 1.395926e-01 -2.240942e+00 8.055297e+03 5.655961e+03 2.206011e+02  1000  5000 1.193116e-03     0 4.169710e-02 9.639588e+01 1.294268e+02 5.725690e-02 2.994512e-04 
1.412000e+02 2.766551e-02 1.392936e-01 -2.240331e+00 8.047276e+03 5.645859e+03 2.216641e+02  1000  5000 1.193092e-03     0 4.174340e-02 9.626389e+01 1.294278e+02 5.722462e-02 3.014420e-04 
1.413000e+02 2.745718e-02 1.389894e-01 -2.239721e+00 8.039261e+03 5.635752e+03 2.227235e+02  1000  5000 1.143850e-03     0 4.178905e-02 9.612953e+01 1.294288e+02 5.719280e-02 2.991546e-04 
1.414000e+02 2.725881e-02 1.386800e-01 -2.239115e+00 8.031252e+03 5.625639e+03 2.237795e+02  1000  5000 1.076980e-03     0 4.183413e-02 9.599281e+01 1.294298e+02 5.716144e-02 2.957467e-04 
1.415000e+02 2.708206e-02 1.383657e-01 -2.238516e+00 8.023249e+03 5.615522e+03 2.248318e+02  1000  5000 1.006396e-03     0 4.187864e-02 9.585376e+01 1.294307e+02 5.713050e-02 2.957016e-04 
1.416000e+02 2.691788e-02 1.380465e-01 -2.237925e+00 8.015252e+03 5.605399e+03 2.258805e+02  1000  5000 1.126763e-03     0 4.192257e-02 9.571239e+01 1.294317e+02 5.709999e-02 3.000606e-04 
1.417000e+02 2.673545e-02 1.377223e-01 -2.237338e+00 8.007261e+03 5.595271e+03 2.269254e+02  1000  5000 1.127114e-03     0 4.196589e-02 9.556870e+01 1.294327e+02 5.706990e-02 3.019081e-04 
1.418000e+02 2.654474e-02 1.373932e-01 -2.236752e+00 7.999276e+03 5.585137e+03 2.279664e+02  1000  5000 1.080953e-03     0 4.200862e-02 9.542272e+01 1.294337e+02 5.704023e-02 2.997154e-04 
1.419000e+02 2.636327e-02 1.370592e-01 -2.236170e+00 7.991297e+03 5.574999e+03 2.290036e+02  1000  5000 1.018116e-03     0 4.205082e-02 9.527445e+01 1.294348e+02 5.701097e-02 2.964664e-04 
  142 2.620203e-02 1.367204e-01 -2.235593e+00 7.983323e+03 5.564856e+03 2.300368e+02  1000  5000 9.517381e-04     0 4.209251e-02 9.512392e+01 1.294358e+02 5.698210e-02 2.963984e-04 
1.421000e+02 2.605249e-02 1.363769e-01 -2.235025e+00 7.975355e+03 5.554708e+03 2.310660e+02  1000  5000 1.066018e-03     0 4.213367e-02 9.497113e+01 1.294368e+02 5.695362e-02 3.004950e-04 
1.422000e+02 2.588565e-02 1.360287e-01 -2.234460e+00 7.967392e+03 5.544554e+03 2.320911e+02  1000  5000 1.066698e-03     0 4.217428e-02 9.481610e+01 1.294379e+02 5.692552e-02 3.022149e-04 
1.423000e+02 2.571090e-02 1.356758e-01 -2.233895e+00 7.959435e+03 5.534396e+03 2.331120e+02  1000  5000 1.023350e-03     0 4.221435e-02 9.465884e+01 1.294389e+02 5.689780e-02 3.001128e-04 
1.424000e+02 2.554475e-02 1.353181e-01 -2.233334e+00 7.951484e+03 5.524233e+03 2.341287e+02  1000  5000 9.642022e-04     0 4.225395e-02 9.449938e+01 1.294400e+02 5.687045e-02 2.970133e-04 
1.425000e+02 2.539755e-02 1.349560e-01 -2.232779e+00 7.943538e+03 5.514065e+03 2.351412e+02  1000  5000 9.016717e-04     0 4.229308e-02 9.433772e+01 1.294411e+02 5.684346e-02 2.969279e-04 
1.426000e+02 2.526127e-02 1.345893e-01 -2.232231e+00 7.935597e+03 5.503893e+03 2.361492e+02  1000  5000 1.010343e-03     0 4.233173e-02 9.417388e+01 1.294422e+02 5.681681e-02 3.007871e-04 
1.427000e+02 2.510855e-02 1.342180e-01 -2.231686e+00 7.927662e+03 5.493715e+03 2.371529e+02  1000  5000 1.011312e-03     0 4.236988e-02 9.400788e+01 1.294433e+02 5.679051e-02 3.023934e-04 
1.428000e+02 2.494827e-02 1.338423e-01 -2.231142e+00 7.919733e+03 5.483533e+03 2.381521e+02  1000  5000 9.705366e-04     0 4.240754e-02 9.383973e+01 1.294444e+02 5.676456e-02 3.003781e-04 
1.429000e+02 2.479600e-02 1.334620e-01 -2.230601e+00 7.911808e+03 5.473346e+03 2.391467e+02  1000  5000 9.147664e-04     0 4.244476e-02 9.366945e+01 1.294455e+02 5.673894e-02 2.974194e-04 
  143 2.466153e-02 1.330774e-01 -2.230065e+00 7.903889e+03 5.463154e+03 2.401368e+02  1000  5000 8.557607e-04     0 4.248155e-02 9.349704e+01 1.294466e+02 5.671366e-02 2.973212e-04 
1.431000e+02 2.453724e-02 1.326884e-01 -2.229536e+00 7.895975e+03 5.452958e+03 2.411222e+02  1000  5000 9.592580e-04     0 4.251790e-02 9.332254e+01 1.294478e+02 5.668868e-02 3.009654e-04 
1.432000e+02 2.439734e-02 1.322951e-01 -2.229009e+00 7.888067e+03 5.442757e+03 2.421028e+02  1000  5000 9.604807e-04     0 4.255378e-02 9.314595e+01 1.294489e+02 5.666403e-02 3.024705e-04 
1.433000e+02 2.425019e-02 1.318975e-01 -2.228483e+00 7.880163e+03 5.432551e+03 2.430787e+02  1000  5000 9.220598e-04     0 4.258922e-02 9.296730e+01 1.294501e+02 5.663969e-02 3.005381e-04 
1.434000e+02 2.411052e-02 1.314955e-01 -2.227960e+00 7.872265e+03 5.422341e+03 2.440497e+02  1000  5000 8.693868e-04     0 4.262424e-02 9.278658e+01 1.294513e+02 5.661567e-02 2.977117e-04 
1.435000e+02 2.398757e-02 1.310894e-01 -2.227442e+00 7.864372e+03 5.412126e+03 2.450159e+02  1000  5000 8.136146e-04     0 4.265886e-02 9.260384e+01 1.294524e+02 5.659195e-02 2.976045e-04 
1.436000e+02 2.387416e-02 1.306791e-01 -2.226930e+00 7.856483e+03 5.401907e+03 2.459770e+02  1000  5000 9.123323e-04     0 4.269306e-02 9.241907e+01 1.294536e+02 5.656853e-02 3.010535e-04 
1.437000e+02 2.374588e-02 1.302646e-01 -2.226420e+00 7.848600e+03 5.391683e+03 2.469332e+02  1000  5000 9.137769e-04     0 4.272683e-02 9.223230e+01 1.294548e+02 5.654540e-02 3.024680e-04 
1.438000e+02 2.361065e-02 1.298460e-01 -2.225912e+00 7.840722e+03 5.381455e+03 2.478843e+02  1000  5000 8.775151e-04     0 4.276017e-02 9.204354e+01 1.294561e+02 5.652258e-02 3.006146e-04 
1.439000e+02 2.348242e-02 1.294232e-01 -2.225405e+00 7.832849e+03 5.371222e+03 2.488302e+02  1000  5000 8.276857e-04     0 4.279311e-02 9.185281e+01 1.294573e+02 5.650005e-02 2.979127e-04 
  144 2.336992e-02 1.289965e-01 -2.224903e+00 7.824981e+03 5.360985e+03 2.497710e+02  1000  5000 7.748839e-04     0 4.282567e-02 9.166012e+01 1.294585e+02 5.647780e-02 2.977994e-04 
1.441000e+02 2.326638e-02 1.285658e-01 -2.224408e+00 7.817117e+03 5.350744e+03 2.507065e+02  1000  5000 8.691807e-04     0 4.285783e-02 9.146551e+01 1.294598e+02 5.645584e-02 3.010706e-04 
1.442000e+02 2.314865e-02 1.281311e-01 -2.223914e+00 7.809259e+03 5.340498e+03 2.516368e+02  1000  5000 8.708196e-04     0 4.288957e-02 9.126897e+01 1.294610e+02 5.643416e-02 3.024039e-04 
1.443000e+02 2.302425e-02 1.276924e-01 -2.223420e+00 7.801405e+03 5.330247e+03 2.525616e+02  1000  5000 8.365400e-04     0 4.292090e-02 9.107053e+01 1.294623e+02 5.641277e-02 3.006255e-04 
1.444000e+02 2.290640e-02 1.272498e-01 -2.222929e+00 7.793556e+03 5.319993e+03 2.534811e+02  1000  5000 7.893249e-04     0 4.295185e-02 9.087020e+01 1.294636e+02 5.639167e-02 2.980404e-04 
1.445000e+02 2.280340e-02 1.268033e-01 -2.222443e+00 7.785712e+03 5.309734e+03 2.543951e+02  1000  5000 7.392553e-04     0 4.298242e-02 9.066801e+01 1.294648e+02 5.637084e-02 2.979233e-04 
1.446000e+02 2.270880e-02 1.263531e-01 -2.221961e+00 7.777873e+03 5.299471e+03 2.553036e+02  1000  5000 8.294579e-04     0 4.301261e-02 9.046397e+01 1.294661e+02 5.635028e-02 3.010323e-04 
1.447000e+02 2.260066e-02 1.258991e-01 -2.221482e+00 7.770038e+03 5.289204e+03 2.562065e+02  1000  5000 8.312666e-04     0 4.304238e-02 9.025810e+01 1.294674e+02 5.633000e-02 3.022924e-04 
1.448000e+02 2.248611e-02 1.254412e-01 -2.221003e+00 7.762208e+03 5.278932e+03 2.571038e+02  1000  5000 7.988090e-04     0 4.307175e-02 9.005041e+01 1.294688e+02 5.631000e-02 3.005849e-04 
1.449000e+02 2.237770e-02 1.249797e-01 -2.220526e+00 7.754382e+03 5.268656e+03 2.579954e+02  1000  5000 7.540007e-04     0 4.310074e-02 8.984093e+01 1.294701e+02 5.629027e-02 2.981093e-04 
  145 2.228331e-02 1.245145e-01 -2.220053e+00 7.746562e+03 5.258376e+03 2.588813e+02  1000  5000 7.064475e-04     0 4.312936e-02 8.962967e+01 1.294714e+02 5.627082e-02 2.979903e-04 
1.451000e+02 2.219683e-02 1.240457e-01 -2.219586e+00 7.738745e+03 5.248092e+03 2.597614e+02  1000  5000 7.928532e-04     0 4.315760e-02 8.941665e+01 1.294727e+02 5.625163e-02 3.009508e-04 
1.452000e+02 2.209740e-02 1.235733e-01 -2.219120e+00 7.730934e+03 5.237804e+03 2.606357e+02  1000  5000 7.948101e-04     0 4.318544e-02 8.920189e+01 1.294741e+02 5.623271e-02 3.021447e-04 
1.453000e+02 2.199180e-02 1.230972e-01 -2.218654e+00 7.723127e+03 5.227512e+03 2.615041e+02  1000  5000 7.640296e-04     0 4.321288e-02 8.898540e+01 1.294755e+02 5.621407e-02 3.005043e-04 
1.454000e+02 2.189198e-02 1.226177e-01 -2.218190e+00 7.715324e+03 5.217215e+03 2.623666e+02  1000  5000 7.214397e-04     0 4.323994e-02 8.876721e+01 1.294768e+02 5.619570e-02 2.981312e-04 
1.455000e+02 2.180542e-02 1.221347e-01 -2.217730e+00 7.707526e+03 5.206915e+03 2.632232e+02  1000  5000 6.762074e-04     0 4.326664e-02 8.854733e+01 1.294782e+02 5.617760e-02 2.980117e-04 
1.456000e+02 2.172630e-02 1.216482e-01 -2.217275e+00 7.699733e+03 5.196610e+03 2.640737e+02  1000  5000 7.590868e-04     0 4.329295e-02 8.832578e+01 1.294796e+02 5.615977e-02 3.008359e-04 
1.457000e+02 2.163479e-02 1.211584e-01 -2.216822e+00 7.691943e+03 5.186301e+03 2.649181e+02  1000  5000 7.611727e-04     0 4.331887e-02 8.810258e+01 1.294810e+02 5.614220e-02 3.019698e-04 
1.458000e+02 2.153735e-02 1.206651e-01 -2.216368e+00 7.684159e+03 5.175989e+03 2.657564e+02  1000  5000 7.319377e-04     0 4.334439e-02 8.787776e+01 1.294824e+02 5.612490e-02 3.003927e-04 
1.459000e+02 2.144533e-02 1.201686e-01 -2.215916e+00 7.676378e+03 5.165672e+03 2.665885e+02  1000  5000 6.913955e-04     0 4.336953e-02 8.765132e+01 1.294838e+02 5.610787e-02 2.981158e-04 
  146 2.136588e-02 1.196687e-01 -2.215468e+00 7.668602e+03 5.155352e+03 2.674145e+02  1000  5000 6.483064e-04     0 4.339431e-02 8.742328e+01 1.294852e+02 5.609111e-02 2.979967e-04 
1.461000e+02 2.129347e-02 1.191657e-01 -2.215025e+00 7.660831e+03 5.145027e+03 2.682341e+02  1000  5000 7.279059e-04     0 4.341872e-02 8.719367e+01 1.294866e+02 5.607461e-02 3.006957e-04 
1.462000e+02 2.120916e-02 1.186594e-01 -2.214583e+00 7.653063e+03 5.134699e+03 2.690475e+02  1000  5000 7.301035e-04     0 4.344272e-02 8.696251e+01 1.294881e+02 5.605838e-02 3.017750e-04 
1.463000e+02 2.111914e-02 1.181499e-01 -2.214141e+00 7.645300e+03 5.124366e+03 2.698545e+02  1000  5000 7.022947e-04     0 4.346633e-02 8.672980e+01 1.294895e+02 5.604241e-02 3.002577e-04 
1.464000e+02 2.103423e-02 1.176373e-01 -2.213700e+00 7.637541e+03 5.114030e+03 2.706552e+02  1000  5000 6.636449e-04     0 4.348957e-02 8.649558e+01 1.294910e+02 5.602672e-02 2.980709e-04 
1.465000e+02 2.096125e-02 1.171216e-01 -2.213263e+00 7.629787e+03 5.103690e+03 2.714494e+02  1000  5000 6.225377e-04     0 4.351244e-02 8.625987e+01 1.294924e+02 5.601128e-02 2.979532e-04 
1.466000e+02 2.089491e-02 1.166029e-01 -2.212830e+00 7.622037e+03 5.093346e+03 2.722371e+02  1000  5000 6.990816e-04     0 4.353493e-02 8.602267e+01 1.294939e+02 5.599611e-02 3.005368e-04 
1.467000e+02 2.081717e-02 1.160812e-01 -2.212398e+00 7.614291e+03 5.082998e+03 2.730183e+02  1000  5000 7.013753e-04     0 4.355703e-02 8.578401e+01 1.294954e+02 5.598120e-02 3.015663e-04 
1.468000e+02 2.073391e-02 1.155565e-01 -2.211967e+00 7.606549e+03 5.072647e+03 2.737929e+02  1000  5000 6.748843e-04     0 4.357874e-02 8.554391e+01 1.294969e+02 5.596656e-02 3.001054e-04 
1.469000e+02 2.065547e-02 1.150289e-01 -2.211536e+00 7.598811e+03 5.062291e+03 2.745609e+02  1000  5000 6.379859e-04     0 4.360007e-02 8.530239e+01 1.294984e+02 5.595218e-02 2.980033e-04 
  147 2.058837e-02 1.144984e-01 -2.211109e+00 7.591078e+03 5.051932e+03 2.753223e+02  1000  5000 5.987140e-04     0 4.362104e-02 8.505947e+01 1.294999e+02 5.593807e-02 2.978876e-04 
1.471000e+02 2.052756e-02 1.139651e-01 -2.210686e+00 7.583348e+03 5.041569e+03 2.760770e+02  1000  5000 6.724063e-04     0 4.364164e-02 8.481517e+01 1.295014e+02 5.592421e-02 3.003648e-04 
1.472000e+02 2.045579e-02 1.134291e-01 -2.210264e+00 7.575623e+03 5.031202e+03 2.768250e+02  1000  5000 6.747820e-04     0 4.366184e-02 8.456951e+01 1.295029e+02 5.591061e-02 3.013488e-04 
1.473000e+02 2.037869e-02 1.128902e-01 -2.209842e+00 7.567902e+03 5.020832e+03 2.775662e+02  1000  5000 6.495101e-04     0 4.368165e-02 8.432250e+01 1.295044e+02 5.589728e-02 2.999414e-04 
1.474000e+02 2.030615e-02 1.123486e-01 -2.209422e+00 7.560185e+03 5.010458e+03 2.783005e+02  1000  5000 6.142350e-04     0 4.370110e-02 8.407417e+01 1.295060e+02 5.588422e-02 2.979189e-04 
1.475000e+02 2.024440e-02 1.118044e-01 -2.209004e+00 7.552472e+03 5.000080e+03 2.790281e+02  1000  5000 5.766651e-04     0 4.372018e-02 8.382454e+01 1.295075e+02 5.587141e-02 2.978058e-04 
1.476000e+02 2.018862e-02 1.112575e-01 -2.208590e+00 7.544763e+03 4.989698e+03 2.797488e+02  1000  5000 6.476910e-04     0 4.373888e-02 8.357362e+01 1.295091e+02 5.585886e-02 3.001846e-04 
1.477000e+02 2.012230e-02 1.107081e-01 -2.208177e+00 7.537058e+03 4.979313e+03 2.804625e+02  1000  5000 6.501358e-04     0 4.375720e-02 8.332144e+01 1.295106e+02 5.584656e-02 3.011273e-04 
1.478000e+02 2.005082e-02 1.101561e-01 -2.207764e+00 7.529357e+03 4.968924e+03 2.811693e+02  1000  5000 6.259936e-04     0 4.377513e-02 8.306802e+01 1.295122e+02 5.583453e-02 2.997705e-04 
1.479000e+02 1.998366e-02 1.096016e-01 -2.207352e+00 7.521660e+03 4.958532e+03 2.818691e+02  1000  5000 5.922252e-04     0 4.379270e-02 8.281337e+01 1.295138e+02 5.582276e-02 2.978230e-04 
  148 1.992679e-02 1.090447e-01 -2.206943e+00 7.513967e+03 4.948136e+03 2.825618e+02  1000  5000 5.562362e-04     0 4.380990e-02 8.255752e+01 1.295153e+02 5.581124e-02 2.977131e-04 
1.481000e+02 1.987558e-02 1.084854e-01 -2.206538e+00 7.506278e+03 4.937736e+03 2.832475e+02  1000  5000 6.247642e-04     0 4.382674e-02 8.230049e+01 1.295169e+02 5.579998e-02 3.000009e-04 
1.482000e+02 1.981422e-02 1.079237e-01 -2.206134e+00 7.498593e+03 4.927333e+03 2.839261e+02  1000  5000 6.272664e-04     0 4.384318e-02 8.204229e+01 1.295185e+02 5.578898e-02 3.009057e-04 
1.483000e+02 1.974788e-02 1.073596e-01 -2.205729e+00 7.490912e+03 4.916926e+03 2.845976e+02  1000  5000 6.041722e-04     0 4.385925e-02 8.178296e+01 1.295201e+02 5.577823e-02 2.995971e-04 
1.484000e+02 1.968562e-02 1.067933e-01 -2.205325e+00 7.483234e+03 4.906516e+03 2.852619e+02  1000  5000 5.718045e-04     0 4.387496e-02 8.152250e+01 1.295217e+02 5.576774e-02 2.977204e-04 
1.485000e+02 1.963319e-02 1.062247e-01 -2.204924e+00 7.475561e+03 4.896102e+03 2.859190e+02  1000  5000 5.372862e-04     0 4.389030e-02 8.126093e+01 1.295234e+02 5.575750e-02 2.976143e-04 
1.486000e+02 1.958615e-02 1.056540e-01 -2.204527e+00 7.467892e+03 4.885684e+03 2.865689e+02  1000  5000 6.034692e-04     0 4.390528e-02 8.099829e+01 1.295250e+02 5.574751e-02 2.998178e-04 
1.487000e+02 1.952933e-02 1.050811e-01 -2.204130e+00 7.460226e+03 4.875263e+03 2.872115e+02  1000  5000 6.060180e-04     0 4.391988e-02 8.073458e+01 1.295266e+02 5.573777e-02 3.006882e-04 
1.488000e+02 1.946767e-02 1.045061e-01 -2.203733e+00 7.452565e+03 4.864839e+03 2.878468e+02  1000  5000 5.838978e-04     0 4.393410e-02 8.046984e+01 1.295283e+02 5.572829e-02 2.994255e-04 
1.489000e+02 1.940990e-02 1.039290e-01 -2.203337e+00 7.444907e+03 4.854411e+03 2.884748e+02  1000  5000 5.528346e-04     0 4.394796e-02 8.020407e+01 1.295299e+02 5.571906e-02 2.976159e-04 
  149 1.936152e-02 1.033499e-01 -2.202944e+00 7.437253e+03 4.843980e+03 2.890954e+02  1000  5000 5.196869e-04     0 4.396147e-02 7.993730e+01 1.295316e+02 5.571008e-02 2.975141e-04 
1.491000e+02 1.931828e-02 1.027689e-01 -2.202553e+00 7.429603e+03 4.833545e+03 2.897087e+02  1000  5000 5.836636e-04     0 4.397461e-02 7.966955e+01 1.295332e+02 5.570135e-02 2.996395e-04 
1.492000e+02 1.926559e-02 1.021859e-01 -2.202164e+00 7.421956e+03 4.823106e+03 2.903145e+02  1000  5000 5.862491e-04     0 4.398738e-02 7.940085e+01 1.295349e+02 5.569287e-02 3.004784e-04 
1.493000e+02 1.920823e-02 1.016010e-01 -2.201774e+00 7.414314e+03 4.812665e+03 2.909129e+02  1000  5000 5.650355e-04     0 4.399978e-02 7.913120e+01 1.295366e+02 5.568463e-02 2.992597e-04 
1.494000e+02 1.915456e-02 1.010142e-01 -2.201385e+00 7.406675e+03 4.802220e+03 2.915039e+02  1000  5000 5.351892e-04     0 4.401182e-02 7.886064e+01 1.295383e+02 5.567665e-02 2.975140e-04 
1.495000e+02 1.910987e-02 1.004257e-01 -2.200999e+00 7.399040e+03 4.791771e+03 2.920873e+02  1000  5000 5.033209e-04     0 4.402351e-02 7.858917e+01 1.295399e+02 5.566891e-02 2.974171e-04 
1.496000e+02 1.907009e-02 9.983542e-02 -2.200615e+00 7.391409e+03 4.781319e+03 2.926632e+02  1000  5000 5.652171e-04     0 4.403485e-02 7.831684e+01 1.295416e+02 5.566141e-02 2.994699e-04 
1.497000e+02 1.902120e-02 9.924343e-02 -2.200232e+00 7.383781e+03 4.770864e+03 2.932316e+02  1000  5000 5.678304e-04     0 4.404581e-02 7.804364e+01 1.295433e+02 5.565415e-02 3.002803e-04 
1.498000e+02 1.896777e-02 9.864974e-02 -2.199849e+00 7.376158e+03 4.760406e+03 2.937924e+02  1000  5000 5.474621e-04     0 4.405641e-02 7.776961e+01 1.295451e+02 5.564715e-02 2.991039e-04 
1.499000e+02 1.891785e-02 9.805442e-02 -2.199467e+00 7.368538e+03 4.749944e+03 2.943456e+02  1000  5000 5.187531e-04     0 4.406666e-02 7.749477e+01 1.295468e+02 5.564038e-02 2.974191e-04 
  150 1.887654e-02 9.745754e-02 -2.199087e+00 7.360922e+03 4.739478e+03 2.948912e+02  1000  5000 4.880817e-04     0 4.407656e-02 7.721913e+01 1.295485e+02 5.563386e-02 2.973276e-04 
1.501000e+02 1.883992e-02 9.685915e-02 -2.198710e+00 7.353309e+03 4.729010e+03 2.954291e+02  1000  5000 5.480112e-04     0 4.408611e-02 7.694272e+01 1.295502e+02 5.562757e-02 2.993132e-04 
1.502000e+02 1.879450e-02 9.625925e-02 -2.198333e+00 7.345700e+03 4.718538e+03 2.959593e+02  1000  5000 5.506438e-04     0 4.409530e-02 7.666555e+01 1.295520e+02 5.562153e-02 3.000977e-04 
1.503000e+02 1.874467e-02 9.565788e-02 -2.197956e+00 7.338095e+03 4.708063e+03 2.964819e+02  1000  5000 5.310653e-04     0 4.410412e-02 7.638765e+01 1.295537e+02 5.561573e-02 2.989621e-04 
1.504000e+02 1.869819e-02 9.505510e-02 -2.197580e+00 7.330494e+03 4.697585e+03 2.969967e+02  1000  5000 5.034213e-04     0 4.411260e-02 7.610905e+01 1.295555e+02 5.561016e-02 2.973357e-04 
1.505000e+02 1.865998e-02 9.445098e-02 -2.197206e+00 7.322896e+03 4.687103e+03 2.975039e+02  1000  5000 4.738716e-04     0 4.412074e-02 7.582975e+01 1.295572e+02 5.560483e-02 2.972503e-04 
1.506000e+02 1.862625e-02 9.384557e-02 -2.196834e+00 7.315302e+03 4.676618e+03 2.980032e+02  1000  5000 5.319377e-04     0 4.412854e-02 7.554978e+01 1.295590e+02 5.559974e-02 2.991734e-04 
1.507000e+02 1.858401e-02 9.323887e-02 -2.196464e+00 7.307711e+03 4.666130e+03 2.984948e+02  1000  5000 5.345820e-04     0 4.413597e-02 7.526916e+01 1.295607e+02 5.559488e-02 2.999346e-04 
1.508000e+02 1.853749e-02 9.263092e-02 -2.196093e+00 7.300124e+03 4.655639e+03 2.989786e+02  1000  5000 5.157425e-04     0 4.414305e-02 7.498792e+01 1.295625e+02 5.559026e-02 2.988386e-04 
1.509000e+02 1.849417e-02 9.202178e-02 -2.195722e+00 7.292541e+03 4.645144e+03 2.994546e+02  1000  5000 4.890980e-04     0 4.414979e-02 7.470606e+01 1.295643e+02 5.558587e-02 2.972684e-04 
  151 1.845880e-02 9.141152e-02 -2.195353e+00 7.284962e+03 4.634646e+03 2.999227e+02  1000  5000 4.606020e-04     0 4.415620e-02 7.442362e+01 1.295661e+02 5.558172e-02 2.971897e-04 
1.511000e+02 1.842772e-02 9.080019e-02 -2.194988e+00 7.277386e+03 4.624145e+03 3.003830e+02  1000  5000 5.168978e-04     0 4.416226e-02 7.414062e+01 1.295679e+02 5.557779e-02 2.990548e-04 
1.512000e+02 1.838840e-02 9.018779e-02 -2.194622e+00 7.269813e+03 4.613641e+03 3.008354e+02  1000  5000 5.195467e-04     0 4.416797e-02 7.385707e+01 1.295697e+02 5.557410e-02 2.997950e-04 
1.513000e+02 1.834493e-02 8.957437e-02 -2.194256e+00 7.262245e+03 4.603134e+03 3.012800e+02  1000  5000 5.014004e-04     0 4.417334e-02 7.357299e+01 1.295715e+02 5.557064e-02 2.987377e-04 
1.514000e+02 1.830452e-02 8.895997e-02 -2.193891e+00 7.254679e+03 4.592624e+03 3.017166e+02  1000  5000 4.756959e-04     0 4.417836e-02 7.328842e+01 1.295733e+02 5.556741e-02 2.972218e-04 
1.515000e+02 1.827175e-02 8.834468e-02 -2.193528e+00 7.247118e+03 4.582110e+03 3.021453e+02  1000  5000 4.481917e-04     0 4.418306e-02 7.300336e+01 1.295751e+02 5.556440e-02 2.971505e-04 
1.516000e+02 1.824310e-02 8.772853e-02 -2.193167e+00 7.239560e+03 4.571594e+03 3.025661e+02  1000  5000 5.028016e-04     0 4.418743e-02 7.271784e+01 1.295769e+02 5.556162e-02 2.989618e-04 
1.517000e+02 1.820647e-02 8.711154e-02 -2.192807e+00 7.232005e+03 4.561074e+03 3.029789e+02  1000  5000 5.054485e-04     0 4.419144e-02 7.243187e+01 1.295788e+02 5.555907e-02 2.996833e-04 
1.518000e+02 1.816581e-02 8.649374e-02 -2.192446e+00 7.224455e+03 4.550551e+03 3.033838e+02  1000  5000 4.879538e-04     0 4.419512e-02 7.214549e+01 1.295806e+02 5.555674e-02 2.986639e-04 
1.519000e+02 1.812808e-02 8.587520e-02 -2.192085e+00 7.216907e+03 4.540025e+03 3.037807e+02  1000  5000 4.631354e-04     0 4.419847e-02 7.185871e+01 1.295824e+02 5.555464e-02 2.972006e-04 
  152 1.809771e-02 8.525597e-02 -2.191727e+00 7.209364e+03 4.529496e+03 3.041696e+02  1000  5000 4.365671e-04     0 4.420149e-02 7.157155e+01 1.295843e+02 5.555276e-02 2.971375e-04 
1.521000e+02 1.807129e-02 8.463611e-02 -2.191371e+00 7.201823e+03 4.518964e+03 3.045506e+02  1000  5000 4.895670e-04     0 4.420418e-02 7.128403e+01 1.295861e+02 5.555110e-02 2.988988e-04 
1.522000e+02 1.803715e-02 8.401563e-02 -2.191015e+00 7.194287e+03 4.508429e+03 3.049235e+02  1000  5000 4.922059e-04     0 4.420654e-02 7.099617e+01 1.295880e+02 5.554967e-02 2.996038e-04 
1.523000e+02 1.799909e-02 8.339456e-02 -2.190659e+00 7.186754e+03 4.497891e+03 3.052884e+02  1000  5000 4.753251e-04     0 4.420855e-02 7.070800e+01 1.295899e+02 5.554846e-02 2.986216e-04 
1.524000e+02 1.796384e-02 8.277296e-02 -2.190303e+00 7.179224e+03 4.487350e+03 3.056453e+02  1000  5000 4.513439e-04     0 4.421025e-02 7.041953e+01 1.295917e+02 5.554746e-02 2.972097e-04 
1.525000e+02 1.793568e-02 8.215090e-02 -2.189949e+00 7.171698e+03 4.476806e+03 3.059941e+02  1000  5000 4.256608e-04     0 4.421162e-02 7.013079e+01 1.295936e+02 5.554669e-02 2.971556e-04 
1.526000e+02 1.791132e-02 8.152842e-02 -2.189598e+00 7.164176e+03 4.466258e+03 3.063349e+02  1000  5000 4.771193e-04     0 4.421268e-02 6.984179e+01 1.295955e+02 5.554613e-02 2.988705e-04 
1.527000e+02 1.787947e-02 8.090554e-02 -2.189246e+00 7.156657e+03 4.455708e+03 3.066676e+02  1000  5000 4.797448e-04     0 4.421339e-02 6.955256e+01 1.295974e+02 5.554579e-02 2.995611e-04 
1.528000e+02 1.784383e-02 8.028229e-02 -2.188894e+00 7.149141e+03 4.445155e+03 3.069922e+02  1000  5000 4.634436e-04     0 4.421378e-02 6.926311e+01 1.295992e+02 5.554566e-02 2.986158e-04 
1.529000e+02 1.781088e-02 7.965873e-02 -2.188543e+00 7.141629e+03 4.434599e+03 3.073088e+02  1000  5000 4.402556e-04     0 4.421386e-02 6.897347e+01 1.296011e+02 5.554576e-02 2.972541e-04 
  153 1.778475e-02 7.903493e-02 -2.188193e+00 7.134120e+03 4.424040e+03 3.076173e+02  1000  5000 4.154118e-04     0 4.421362e-02 6.868366e+01 1.296030e+02 5.554606e-02 2.972098e-04 
1.531000e+02 1.776230e-02 7.841093e-02 -2.187846e+00 7.126615e+03 4.413478e+03 3.079178e+02  1000  5000 4.653905e-04     0 4.421306e-02 6.839370e+01 1.296049e+02 5.554658e-02 2.988817e-04 
1.532000e+02 1.773259e-02 7.778674e-02 -2.187498e+00 7.119114e+03 4.402913e+03 3.082101e+02  1000  5000 4.679974e-04     0 4.421217e-02 6.810361e+01 1.296068e+02 5.554731e-02 2.995599e-04 
1.533000e+02 1.769918e-02 7.716240e-02 -2.187151e+00 7.111616e+03 4.392345e+03 3.084943e+02  1000  5000 4.522451e-04     0 4.421097e-02 6.781340e+01 1.296088e+02 5.554825e-02 2.986512e-04 
1.534000e+02 1.766837e-02 7.653797e-02 -2.186803e+00 7.104121e+03 4.381774e+03 3.087705e+02  1000  5000 4.298102e-04     0 4.420945e-02 6.752311e+01 1.296107e+02 5.554941e-02 2.973390e-04 
1.535000e+02 1.764415e-02 7.591351e-02 -2.186457e+00 7.096630e+03 4.371201e+03 3.090385e+02  1000  5000 4.057645e-04     0 4.420762e-02 6.723275e+01 1.296126e+02 5.555077e-02 2.973055e-04 
1.536000e+02 1.762346e-02 7.528907e-02 -2.186113e+00 7.089142e+03 4.360624e+03 3.092984e+02  1000  5000 4.543188e-04     0 4.420548e-02 6.694233e+01 1.296145e+02 5.555234e-02 2.989375e-04 
1.537000e+02 1.759573e-02 7.466466e-02 -2.185770e+00 7.081658e+03 4.350045e+03 3.095502e+02  1000  5000 4.569024e-04     0 4.420302e-02 6.665189e+01 1.296164e+02 5.555412e-02 2.996053e-04 
1.538000e+02 1.756442e-02 7.404031e-02 -2.185426e+00 7.074177e+03 4.339462e+03 3.097939e+02  1000  5000 4.416710e-04     0 4.420025e-02 6.636144e+01 1.296184e+02 5.555611e-02 2.987332e-04 
1.539000e+02 1.753559e-02 7.341609e-02 -2.185082e+00 7.066700e+03 4.328877e+03 3.100295e+02  1000  5000 4.199534e-04     0 4.419717e-02 6.607100e+01 1.296203e+02 5.555830e-02 2.974698e-04 
  154 1.751314e-02 7.279204e-02 -2.184740e+00 7.059226e+03 4.318289e+03 3.102570e+02  1000  5000 3.966684e-04     0 4.419379e-02 6.578059e+01 1.296223e+02 5.556070e-02 2.974479e-04 
1.541000e+02 1.749409e-02 7.216823e-02 -2.184400e+00 7.051756e+03 4.307698e+03 3.104763e+02  1000  5000 4.438478e-04     0 4.419010e-02 6.549023e+01 1.296242e+02 5.556330e-02 2.990431e-04 
1.542000e+02 1.746822e-02 7.154467e-02 -2.184060e+00 7.044289e+03 4.297105e+03 3.106876e+02  1000  5000 4.464039e-04     0 4.418610e-02 6.519995e+01 1.296262e+02 5.556610e-02 2.997024e-04 
1.543000e+02 1.743887e-02 7.092138e-02 -2.183719e+00 7.036825e+03 4.286508e+03 3.108907e+02  1000  5000 4.316682e-04     0 4.418179e-02 6.490976e+01 1.296281e+02 5.556911e-02 2.988669e-04 
1.544000e+02 1.741191e-02 7.029843e-02 -2.183379e+00 7.029365e+03 4.275909e+03 3.110857e+02  1000  5000 4.106355e-04     0 4.417718e-02 6.461968e+01 1.296301e+02 5.557232e-02 2.976519e-04 
1.545000e+02 1.739110e-02 6.967588e-02 -2.183040e+00 7.021908e+03 4.265307e+03 3.112726e+02  1000  5000 3.880777e-04     0 4.417227e-02 6.432973e+01 1.296320e+02 5.557573e-02 2.976428e-04 
1.546000e+02 1.737359e-02 6.905376e-02 -2.182703e+00 7.014455e+03 4.254702e+03 3.114514e+02  1000  5000 4.339265e-04     0 4.416707e-02 6.403993e+01 1.296340e+02 5.557934e-02 2.992040e-04 
1.547000e+02 1.734947e-02 6.843211e-02 -2.182366e+00 7.007005e+03 4.244094e+03 3.116220e+02  1000  5000 4.364512e-04     0 4.416156e-02 6.375031e+01 1.296360e+02 5.558314e-02 2.998565e-04 
1.548000e+02 1.732195e-02 6.781094e-02 -2.182029e+00 6.999559e+03 4.233484e+03 3.117846e+02  1000  5000 4.221886e-04     0 4.415574e-02 6.346087e+01 1.296380e+02 5.558715e-02 2.990579e-04 
1.549000e+02 1.729674e-02 6.719032e-02 -2.181692e+00 6.992116e+03 4.222870e+03 3.119391e+02  1000  5000 4.018116e-04     0 4.414963e-02 6.317165e+01 1.296399e+02 5.559136e-02 2.978912e-04 
  155 1.727749e-02 6.657031e-02 -2.181356e+00 6.984676e+03 4.212254e+03 3.120855e+02  1000  5000 3.799509e-04     0 4.414323e-02 6.288266e+01 1.296419e+02 5.559576e-02 2.978958e-04 
1.551000e+02 1.726142e-02 6.595094e-02 -2.181022e+00 6.977240e+03 4.201636e+03 3.122238e+02  1000  5000 4.245086e-04     0 4.413654e-02 6.259393e+01 1.296439e+02 5.560035e-02 2.994256e-04 
1.552000e+02 1.723893e-02 6.533224e-02 -2.180689e+00 6.969807e+03 4.191014e+03 3.123540e+02  1000  5000 4.269980e-04     0 4.412955e-02 6.230546e+01 1.296459e+02 5.560514e-02 3.000733e-04 
1.553000e+02 1.721315e-02 6.471424e-02 -2.180354e+00 6.962378e+03 4.180390e+03 3.124761e+02  1000  5000 4.131882e-04     0 4.412226e-02 6.201728e+01 1.296479e+02 5.561012e-02 2.993121e-04 
1.554000e+02 1.718960e-02 6.409699e-02 -2.180020e+00 6.954952e+03 4.169763e+03 3.125901e+02  1000  5000 3.934409e-04     0 4.411468e-02 6.172942e+01 1.296499e+02 5.561530e-02 2.981935e-04 
1.555000e+02 1.717181e-02 6.348056e-02 -2.179688e+00 6.947529e+03 4.159134e+03 3.126961e+02  1000  5000 3.722504e-04     0 4.410682e-02 6.144188e+01 1.296519e+02 5.562067e-02 2.982129e-04 
1.556000e+02 1.715709e-02 6.286498e-02 -2.179357e+00 6.940110e+03 4.148501e+03 3.127941e+02  1000  5000 4.155518e-04     0 4.409867e-02 6.115469e+01 1.296539e+02 5.562622e-02 2.997141e-04 
1.557000e+02 1.713616e-02 6.225027e-02 -2.179026e+00 6.932694e+03 4.137867e+03 3.128839e+02  1000  5000 4.180027e-04     0 4.409023e-02 6.086787e+01 1.296559e+02 5.563197e-02 3.003587e-04 
1.558000e+02 1.711203e-02 6.163647e-02 -2.178694e+00 6.925282e+03 4.127229e+03 3.129658e+02  1000  5000 4.046276e-04     0 4.408150e-02 6.058144e+01 1.296579e+02 5.563791e-02 2.996352e-04 
1.559000e+02 1.709005e-02 6.102362e-02 -2.178363e+00 6.917873e+03 4.116589e+03 3.130396e+02  1000  5000 3.854866e-04     0 4.407248e-02 6.029541e+01 1.296599e+02 5.564403e-02 2.985651e-04 
  156 1.707364e-02 6.041179e-02 -2.178033e+00 6.910467e+03 4.105946e+03 3.131054e+02  1000  5000 3.649423e-04     0 4.406319e-02 6.000981e+01 1.296619e+02 5.565035e-02 2.986005e-04 
1.561000e+02 1.706021e-02 5.980102e-02 -2.177704e+00 6.903065e+03 4.095300e+03 3.131632e+02  1000  5000 4.070181e-04     0 4.405362e-02 5.972466e+01 1.296639e+02 5.565685e-02 3.000754e-04 
1.562000e+02 1.704075e-02 5.919132e-02 -2.177376e+00 6.895666e+03 4.084652e+03 3.132130e+02  1000  5000 4.094273e-04     0 4.404376e-02 5.943997e+01 1.296660e+02 5.566353e-02 3.007187e-04 
1.563000e+02 1.701819e-02 5.858273e-02 -2.177047e+00 6.888271e+03 4.074001e+03 3.132548e+02  1000  5000 3.964706e-04     0 4.403362e-02 5.915576e+01 1.296680e+02 5.567040e-02 3.000337e-04 
1.564000e+02 1.699770e-02 5.797529e-02 -2.176718e+00 6.880879e+03 4.063348e+03 3.132886e+02  1000  5000 3.779153e-04     0 4.402320e-02 5.887205e+01 1.296700e+02 5.567746e-02 2.990124e-04 
1.565000e+02 1.698262e-02 5.736908e-02 -2.176391e+00 6.873490e+03 4.052692e+03 3.133145e+02  1000  5000 3.579957e-04     0 4.401251e-02 5.858887e+01 1.296720e+02 5.568470e-02 2.990650e-04 
1.566000e+02 1.697041e-02 5.676411e-02 -2.176065e+00 6.866105e+03 4.042033e+03 3.133324e+02  1000  5000 3.988727e-04     0 4.400154e-02 5.830622e+01 1.296741e+02 5.569211e-02 3.005159e-04 
1.567000e+02 1.695236e-02 5.616043e-02 -2.175739e+00 6.858723e+03 4.031372e+03 3.133424e+02  1000  5000 4.012373e-04     0 4.399030e-02 5.802413e+01 1.296761e+02 5.569972e-02 3.011598e-04 
1.568000e+02 1.693130e-02 5.555804e-02 -2.175412e+00 6.851344e+03 4.020708e+03 3.133445e+02  1000  5000 3.886846e-04     0 4.397877e-02 5.774262e+01 1.296782e+02 5.570750e-02 3.005141e-04 
1.569000e+02 1.691225e-02 5.495702e-02 -2.175086e+00 6.843969e+03 4.010041e+03 3.133386e+02  1000  5000 3.706967e-04     0 4.396698e-02 5.746171e+01 1.296802e+02 5.571546e-02 2.995420e-04 
  157 1.689843e-02 5.435740e-02 -2.174761e+00 6.836597e+03 3.999372e+03 3.133249e+02  1000  5000 3.513829e-04     0 4.395492e-02 5.718141e+01 1.296822e+02 5.572360e-02 2.996132e-04 
1.571000e+02 1.688740e-02 5.375924e-02 -2.174437e+00 6.829229e+03 3.988701e+03 3.133033e+02  1000  5000 3.910843e-04     0 4.394260e-02 5.690174e+01 1.296843e+02 5.573192e-02 3.010425e-04 
1.572000e+02 1.687071e-02 5.316254e-02 -2.174113e+00 6.821863e+03 3.978027e+03 3.132738e+02  1000  5000 3.934015e-04     0 4.393000e-02 5.662272e+01 1.296863e+02 5.574042e-02 3.016886e-04 
1.573000e+02 1.685109e-02 5.256735e-02 -2.173789e+00 6.814502e+03 3.967350e+03 3.132365e+02  1000  5000 3.812401e-04     0 4.391712e-02 5.634437e+01 1.296884e+02 5.574909e-02 3.010831e-04 
1.574000e+02 1.683342e-02 5.197370e-02 -2.173465e+00 6.807143e+03 3.956671e+03 3.131914e+02  1000  5000 3.638033e-04     0 4.390399e-02 5.606670e+01 1.296904e+02 5.575794e-02 3.001611e-04 
1.575000e+02 1.682081e-02 5.138166e-02 -2.173142e+00 6.799788e+03 3.945989e+03 3.131385e+02  1000  5000 3.450789e-04     0 4.389059e-02 5.578975e+01 1.296925e+02 5.576696e-02 3.002522e-04 
1.576000e+02 1.681091e-02 5.079126e-02 -2.172820e+00 6.792437e+03 3.935305e+03 3.130778e+02  1000  5000 3.836243e-04     0 4.387694e-02 5.551351e+01 1.296945e+02 5.577616e-02 3.016621e-04 
1.577000e+02 1.679553e-02 5.020252e-02 -2.172498e+00 6.785088e+03 3.924618e+03 3.130093e+02  1000  5000 3.858915e-04     0 4.386301e-02 5.523802e+01 1.296966e+02 5.578552e-02 3.023124e-04 
1.578000e+02 1.677731e-02 4.961547e-02 -2.172176e+00 6.777743e+03 3.913929e+03 3.129330e+02  1000  5000 3.741103e-04     0 4.384883e-02 5.496328e+01 1.296986e+02 5.579507e-02 3.017482e-04 
1.579000e+02 1.676098e-02 4.903016e-02 -2.171854e+00 6.770402e+03 3.903237e+03 3.128491e+02  1000  5000 3.572106e-04     0 4.383438e-02 5.468932e+01 1.297007e+02 5.580478e-02 3.008771e-04 
  158 1.674955e-02 4.844664e-02 -2.171533e+00 6.763064e+03 3.892542e+03 3.127574e+02  1000  5000 3.390610e-04     0 4.381968e-02 5.441615e+01 1.297028e+02 5.581467e-02 3.009894e-04 
1.581000e+02 1.674075e-02 4.786494e-02 -2.171213e+00 6.755729e+03 3.881846e+03 3.126580e+02  1000  5000 3.764667e-04     0 4.380473e-02 5.414380e+01 1.297048e+02 5.582472e-02 3.023822e-04 
1.582000e+02 1.672664e-02 4.728510e-02 -2.170893e+00 6.748397e+03 3.871146e+03 3.125510e+02  1000  5000 3.786816e-04     0 4.378951e-02 5.387228e+01 1.297069e+02 5.583494e-02 3.030384e-04 
1.583000e+02 1.670978e-02 4.670713e-02 -2.170572e+00 6.741069e+03 3.860445e+03 3.124363e+02  1000  5000 3.672707e-04     0 4.377404e-02 5.360160e+01 1.297090e+02 5.584533e-02 3.025167e-04 
1.584000e+02 1.669475e-02 4.613108e-02 -2.170252e+00 6.733744e+03 3.849741e+03 3.123140e+02  1000  5000 3.508959e-04     0 4.375832e-02 5.333178e+01 1.297110e+02 5.585589e-02 3.016977e-04 
1.585000e+02 1.668447e-02 4.555701e-02 -2.169932e+00 6.726423e+03 3.839034e+03 3.121841e+02  1000  5000 3.333089e-04     0 4.374235e-02 5.306285e+01 1.297131e+02 5.586661e-02 3.018329e-04 
1.586000e+02 1.667674e-02 4.498494e-02 -2.169614e+00 6.719105e+03 3.828325e+03 3.120467e+02  1000  5000 3.695880e-04     0 4.372613e-02 5.279481e+01 1.297152e+02 5.587750e-02 3.032106e-04 
1.587000e+02 1.666387e-02 4.441491e-02 -2.169296e+00 6.711790e+03 3.817613e+03 3.119016e+02  1000  5000 3.717481e-04     0 4.370965e-02 5.252769e+01 1.297173e+02 5.588855e-02 3.038746e-04 
1.588000e+02 1.664835e-02 4.384693e-02 -2.168977e+00 6.704479e+03 3.806899e+03 3.117491e+02  1000  5000 3.606992e-04     0 4.369293e-02 5.226150e+01 1.297193e+02 5.589977e-02 3.033969e-04 
1.589000e+02 1.663459e-02 4.328106e-02 -2.168658e+00 6.697171e+03 3.796183e+03 3.115890e+02  1000  5000 3.448390e-04     0 4.367596e-02 5.199626e+01 1.297214e+02 5.591115e-02 3.026311e-04 
  159 1.662544e-02 4.271733e-02 -2.168340e+00 6.689866e+03 3.785464e+03 3.114215e+02  1000  5000 3.278040e-04     0 4.365875e-02 5.173198e+01 1.297235e+02 5.592270e-02 3.027908e-04 
1.591000e+02 1.661876e-02 4.215580e-02 -2.168024e+00 6.682565e+03 3.774743e+03 3.112465e+02  1000  5000 3.629667e-04     0 4.364130e-02 5.146869e+01 1.297256e+02 5.593440e-02 3.041557e-04 
1.592000e+02 1.660711e-02 4.159646e-02 -2.167707e+00 6.675267e+03 3.764019e+03 3.110641e+02  1000  5000 3.650695e-04     0 4.362360e-02 5.120639e+01 1.297276e+02 5.594626e-02 3.048295e-04 
1.593000e+02 1.659290e-02 4.103937e-02 -2.167390e+00 6.667972e+03 3.753293e+03 3.108743e+02  1000  5000 3.543755e-04     0 4.360565e-02 5.094511e+01 1.297297e+02 5.595829e-02 3.043973e-04 
1.594000e+02 1.658040e-02 4.048455e-02 -2.167072e+00 6.660681e+03 3.742565e+03 3.106771e+02  1000  5000 3.390213e-04     0 4.358747e-02 5.068487e+01 1.297318e+02 5.597047e-02 3.036862e-04 
1.595000e+02 1.657236e-02 3.993205e-02 -2.166756e+00 6.653393e+03 3.731834e+03 3.104726e+02  1000  5000 3.225298e-04     0 4.356906e-02 5.042566e+01 1.297339e+02 5.598282e-02 3.038721e-04 
1.596000e+02 1.656672e-02 3.938191e-02 -2.166440e+00 6.646109e+03 3.721101e+03 3.102608e+02  1000  5000 3.565828e-04     0 4.355040e-02 5.016753e+01 1.297360e+02 5.599531e-02 3.052263e-04 
1.597000e+02 1.655628e-02 3.883415e-02 -2.166125e+00 6.638827e+03 3.710365e+03 3.100416e+02  1000  5000 3.586261e-04     0 4.353151e-02 4.991047e+01 1.297380e+02 5.600797e-02 3.059119e-04 
1.598000e+02 1.654337e-02 3.828880e-02 -2.165809e+00 6.631549e+03 3.699627e+03 3.098153e+02  1000  5000 3.482812e-04     0 4.351238e-02 4.965450e+01 1.297401e+02 5.602078e-02 3.055269e-04 
1.599000e+02 1.653211e-02 3.774589e-02 -2.165493e+00 6.624275e+03 3.688887e+03 3.095816e+02  1000  5000 3.334260e-04     0 4.349302e-02 4.939965e+01 1.297422e+02 5.603374e-02 3.048722e-04 
  160 1.652517e-02 3.720547e-02 -2.165177e+00 6.617004e+03 3.678144e+03 3.093408e+02  1000  5000 3.174710e-04     0 4.347343e-02 4.914592e+01 1.297443e+02 5.604686e-02 3.050863e-04 
1.601000e+02 1.652057e-02 3.666758e-02 -2.164863e+00 6.609736e+03 3.667399e+03 3.090928e+02  1000  5000 3.504183e-04     0 4.345361e-02 4.889334e+01 1.297464e+02 5.606013e-02 3.064318e-04 
1.602000e+02 1.651133e-02 3.613223e-02 -2.164549e+00 6.602472e+03 3.656652e+03 3.088377e+02  1000  5000 3.523998e-04     0 4.343356e-02 4.864192e+01 1.297485e+02 5.607356e-02 3.071313e-04 
1.603000e+02 1.649970e-02 3.559945e-02 -2.164234e+00 6.595211e+03 3.645902e+03 3.085755e+02  1000  5000 3.423991e-04     0 4.341327e-02 4.839166e+01 1.297505e+02 5.608713e-02 3.067955e-04 
1.604000e+02 1.648969e-02 3.506928e-02 -2.163919e+00 6.587953e+03 3.635150e+03 3.083062e+02  1000  5000 3.280376e-04     0 4.339276e-02 4.814260e+01 1.297526e+02 5.610086e-02 3.061991e-04 
1.605000e+02 1.648385e-02 3.454176e-02 -2.163605e+00 6.580698e+03 3.624395e+03 3.080298e+02  1000  5000 3.126138e-04     0 4.337204e-02 4.789474e+01 1.297547e+02 5.611474e-02 3.064433e-04 
1.606000e+02 1.648028e-02 3.401693e-02 -2.163291e+00 6.573447e+03 3.613639e+03 3.077465e+02  1000  5000 3.444563e-04     0 4.335108e-02 4.764810e+01 1.297568e+02 5.612876e-02 3.077825e-04 
1.607000e+02 1.647225e-02 3.349481e-02 -2.162978e+00 6.566200e+03 3.602880e+03 3.074561e+02  1000  5000 3.463735e-04     0 4.332991e-02 4.740269e+01 1.297589e+02 5.614293e-02 3.084981e-04 
1.608000e+02 1.646191e-02 3.297541e-02 -2.162664e+00 6.558955e+03 3.592118e+03 3.071588e+02  1000  5000 3.367136e-04     0 4.330850e-02 4.715853e+01 1.297610e+02 5.615725e-02 3.082136e-04 
1.609000e+02 1.645314e-02 3.245878e-02 -2.162350e+00 6.551714e+03 3.581354e+03 3.068546e+02  1000  5000 3.228419e-04     0 4.328688e-02 4.691564e+01 1.297631e+02 5.617172e-02 3.076776e-04 
  161 1.644841e-02 3.194496e-02 -2.162036e+00 6.544477e+03 3.570588e+03 3.065435e+02  1000  5000 3.079459e-04     0 4.326505e-02 4.667402e+01 1.297651e+02 5.618633e-02 3.079542e-04 
1.611000e+02 1.644588e-02 3.143398e-02 -2.161724e+00 6.537243e+03 3.559820e+03 3.062256e+02  1000  5000 3.386810e-04     0 4.324300e-02 4.643369e+01 1.297672e+02 5.620108e-02 3.092892e-04 
1.612000e+02 1.643906e-02 3.092586e-02 -2.161411e+00 6.530012e+03 3.549049e+03 3.059009e+02  1000  5000 3.405315e-04     0 4.322073e-02 4.619467e+01 1.297693e+02 5.621598e-02 3.100233e-04 
1.613000e+02 1.643002e-02 3.042062e-02 -2.161098e+00 6.522784e+03 3.538276e+03 3.055694e+02  1000  5000 3.312099e-04     0 4.319824e-02 4.595697e+01 1.297714e+02 5.623103e-02 3.097925e-04 
1.614000e+02 1.642250e-02 2.991830e-02 -2.160785e+00 6.515560e+03 3.527501e+03 3.052311e+02  1000  5000 3.178257e-04     0 4.317554e-02 4.572061e+01 1.297735e+02 5.624621e-02 3.093192e-04 
1.615000e+02 1.641889e-02 2.941894e-02 -2.160472e+00 6.508339e+03 3.516724e+03 3.048862e+02  1000  5000 3.034556e-04     0 4.315264e-02 4.548559e+01 1.297756e+02 5.626154e-02 3.096305e-04 
1.616000e+02 1.641741e-02 2.892257e-02 -2.160160e+00 6.501122e+03 3.505944e+03 3.045346e+02  1000  5000 3.330778e-04     0 4.312952e-02 4.525194e+01 1.297776e+02 5.627700e-02 3.109637e-04 
1.617000e+02 1.641181e-02 2.842920e-02 -2.159848e+00 6.493907e+03 3.495162e+03 3.041764e+02  1000  5000 3.348588e-04     0 4.310620e-02 4.501966e+01 1.297797e+02 5.629260e-02 3.117187e-04 
1.618000e+02 1.640410e-02 2.793887e-02 -2.159536e+00 6.486697e+03 3.484378e+03 3.038115e+02  1000  5000 3.258740e-04     0 4.308266e-02 4.478877e+01 1.297818e+02 5.630835e-02 3.115442e-04 
1.619000e+02 1.639785e-02 2.745160e-02 -2.159223e+00 6.479489e+03 3.473591e+03 3.034401e+02  1000  5000 3.129767e-04     0 4.305892e-02 4.455929e+01 1.297839e+02 5.632423e-02 3.111364e-04 
  162 1.639537e-02 2.696743e-02 -2.158910e+00 6.472285e+03 3.462802e+03 3.030623e+02  1000  5000 2.991322e-04     0 4.303498e-02 4.433122e+01 1.297860e+02 5.634025e-02 3.114849e-04 
1.621000e+02 1.639497e-02 2.648640e-02 -2.158599e+00 6.465085e+03 3.452011e+03 3.026779e+02  1000  5000 3.276324e-04     0 4.301084e-02 4.410458e+01 1.297881e+02 5.635640e-02 3.128188e-04 
1.622000e+02 1.639061e-02 2.600851e-02 -2.158287e+00 6.457887e+03 3.441217e+03 3.022871e+02  1000  5000 3.293411e-04     0 4.298649e-02 4.387939e+01 1.297901e+02 5.637268e-02 3.135973e-04 
1.623000e+02 1.638423e-02 2.553379e-02 -2.157975e+00 6.450693e+03 3.430422e+03 3.018899e+02  1000  5000 3.206929e-04     0 4.296194e-02 4.365565e+01 1.297922e+02 5.638911e-02 3.134821e-04 
1.624000e+02 1.637928e-02 2.506228e-02 -2.157663e+00 6.443503e+03 3.419624e+03 3.014863e+02  1000  5000 3.082832e-04     0 4.293720e-02 4.343338e+01 1.297943e+02 5.640566e-02 3.131427e-04 
1.625000e+02 1.637796e-02 2.459401e-02 -2.157351e+00 6.436316e+03 3.408824e+03 3.010764e+02  1000  5000 2.949657e-04     0 4.291226e-02 4.321259e+01 1.297964e+02 5.642235e-02 3.135311e-04 
1.626000e+02 1.637866e-02 2.412901e-02 -2.157040e+00 6.429132e+03 3.398021e+03 3.006603e+02  1000  5000 3.223313e-04     0 4.288712e-02 4.299330e+01 1.297984e+02 5.643917e-02 3.148682e-04 
1.627000e+02 1.637557e-02 2.366729e-02 -2.156728e+00 6.421951e+03 3.387216e+03 3.002379e+02  1000  5000 3.239646e-04     0 4.286179e-02 4.277551e+01 1.298005e+02 5.645611e-02 3.156731e-04 
1.628000e+02 1.637056e-02 2.320887e-02 -2.156416e+00 6.414774e+03 3.376409e+03 2.998093e+02  1000  5000 3.156537e-04     0 4.283627e-02 4.255925e+01 1.298026e+02 5.647319e-02 3.156203e-04 
1.629000e+02 1.636693e-02 2.275379e-02 -2.156104e+00 6.407600e+03 3.365600e+03 2.993746e+02  1000  5000 3.037341e-04     0 4.281055e-02 4.234451e+01 1.298046e+02 5.649040e-02 3.153528e-04 
  163 1.636681e-02 2.230208e-02 -2.155792e+00 6.400430e+03 3.354789e+03 2.989337e+02  1000  5000 2.909469e-04     0 4.278465e-02 4.213132e+01 1.298067e+02 5.650773e-02 3.157842e-04 
1.631000e+02 1.636864e-02 2.185377e-02 -2.155481e+00 6.393263e+03 3.343975e+03 2.984868e+02  1000  5000 3.171611e-04     0 4.275857e-02 4.191968e+01 1.298088e+02 5.652519e-02 3.171270e-04 
1.632000e+02 1.636686e-02 2.140887e-02 -2.155170e+00 6.386099e+03 3.333159e+03 2.980338e+02  1000  5000 3.187157e-04     0 4.273229e-02 4.170961e+01 1.298108e+02 5.654278e-02 3.179613e-04 
1.633000e+02 1.636326e-02 2.096741e-02 -2.154858e+00 6.378939e+03 3.322341e+03 2.975749e+02  1000  5000 3.107440e-04     0 4.270583e-02 4.150112e+01 1.298129e+02 5.656049e-02 3.179747e-04 
1.634000e+02 1.636099e-02 2.052940e-02 -2.154546e+00 6.371782e+03 3.311521e+03 2.971100e+02  1000  5000 2.993186e-04     0 4.267918e-02 4.129422e+01 1.298150e+02 5.657833e-02 3.177826e-04 
1.635000e+02 1.636210e-02 2.009489e-02 -2.154234e+00 6.364629e+03 3.300698e+03 2.966392e+02  1000  5000 2.870666e-04     0 4.265236e-02 4.108893e+01 1.298170e+02 5.659628e-02 3.182604e-04 
1.636000e+02 1.636510e-02 1.966390e-02 -2.153923e+00 6.357479e+03 3.289874e+03 2.961625e+02  1000  5000 3.121086e-04     0 4.262535e-02 4.088524e+01 1.298191e+02 5.661436e-02 3.196118e-04 
1.637000e+02 1.636468e-02 1.923644e-02 -2.153611e+00 6.350332e+03 3.279046e+03 2.956801e+02  1000  5000 3.135808e-04     0 4.259817e-02 4.068319e+01 1.298211e+02 5.663256e-02 3.204789e-04 
1.638000e+02 1.636252e-02 1.881254e-02 -2.153299e+00 6.343189e+03 3.268217e+03 2.951919e+02  1000  5000 3.059514e-04     0 4.257081e-02 4.048276e+01 1.298232e+02 5.665089e-02 3.205623e-04 
1.639000e+02 1.636166e-02 1.839221e-02 -2.152987e+00 6.336049e+03 3.257386e+03 2.946979e+02  1000  5000 2.950259e-04     0 4.254327e-02 4.028399e+01 1.298252e+02 5.666933e-02 3.204500e-04 
  164 1.636406e-02 1.797550e-02 -2.152675e+00 6.328912e+03 3.246552e+03 2.941983e+02  1000  5000 2.833160e-04     0 4.251556e-02 4.008687e+01 1.298273e+02 5.668788e-02 3.209777e-04 
1.641000e+02 1.636827e-02 1.756242e-02 -2.152363e+00 6.321779e+03 3.235716e+03 2.936930e+02  1000  5000 3.071604e-04     0 4.248768e-02 3.989142e+01 1.298293e+02 5.670656e-02 3.223407e-04 
1.642000e+02 1.636925e-02 1.715299e-02 -2.152051e+00 6.314649e+03 3.224878e+03 2.931822e+02  1000  5000 3.085459e-04     0 4.245963e-02 3.969765e+01 1.298314e+02 5.672535e-02 3.232441e-04 
1.643000e+02 1.636860e-02 1.674723e-02 -2.151739e+00 6.307523e+03 3.214038e+03 2.926658e+02  1000  5000 3.012632e-04     0 4.243141e-02 3.950556e+01 1.298334e+02 5.674425e-02 3.234021e-04 
1.644000e+02 1.636921e-02 1.634515e-02 -2.151426e+00 6.300400e+03 3.203195e+03 2.921439e+02  1000  5000 2.908454e-04     0 4.240302e-02 3.931518e+01 1.298355e+02 5.676327e-02 3.233741e-04 
1.645000e+02 1.637294e-02 1.594680e-02 -2.151113e+00 6.293280e+03 3.192350e+03 2.916166e+02  1000  5000 2.796865e-04     0 4.237447e-02 3.912650e+01 1.298375e+02 5.678241e-02 3.239558e-04 
1.646000e+02 1.637843e-02 1.555219e-02 -2.150801e+00 6.286164e+03 3.181503e+03 2.910839e+02  1000  5000 3.023027e-04     0 4.234575e-02 3.893955e+01 1.298395e+02 5.680165e-02 3.253337e-04 
1.647000e+02 1.638087e-02 1.516134e-02 -2.150489e+00 6.279052e+03 3.170654e+03 2.905458e+02  1000  5000 3.035969e-04     0 4.231687e-02 3.875432e+01 1.298416e+02 5.682101e-02 3.262774e-04 
1.648000e+02 1.638179e-02 1.477426e-02 -2.150176e+00 6.271942e+03 3.159803e+03 2.900024e+02  1000  5000 2.966663e-04     0 4.228783e-02 3.857084e+01 1.298436e+02 5.684047e-02 3.265148e-04 
1.649000e+02 1.638393e-02 1.439097e-02 -2.149862e+00 6.264836e+03 3.148949e+03 2.894538e+02  1000  5000 2.867659e-04     0 4.225863e-02 3.838910e+01 1.298456e+02 5.686005e-02 3.265764e-04 
  165 1.638905e-02 1.401151e-02 -2.149549e+00 6.257734e+03 3.138094e+03 2.888999e+02  1000  5000 2.761691e-04     0 4.222928e-02 3.820912e+01 1.298477e+02 5.687973e-02 3.272165e-04 
1.651000e+02 1.639588e-02 1.363589e-02 -2.149236e+00 6.250634e+03 3.127235e+03 2.883409e+02  1000  5000 2.975209e-04     0 4.219977e-02 3.803090e+01 1.298497e+02 5.689952e-02 3.286127e-04 
1.652000e+02 1.639986e-02 1.326413e-02 -2.148923e+00 6.243539e+03 3.116375e+03 2.877768e+02  1000  5000 2.987186e-04     0 4.217010e-02 3.785447e+01 1.298517e+02 5.691941e-02 3.296011e-04 
1.653000e+02 1.640242e-02 1.289624e-02 -2.148609e+00 6.236446e+03 3.105513e+03 2.872076e+02  1000  5000 2.921472e-04     0 4.214029e-02 3.767981e+01 1.298537e+02 5.693942e-02 3.299235e-04 
1.654000e+02 1.640617e-02 1.253224e-02 -2.148295e+00 6.229358e+03 3.094648e+03 2.866333e+02  1000  5000 2.827760e-04     0 4.211032e-02 3.750696e+01 1.298557e+02 5.695952e-02 3.300805e-04 
1.655000e+02 1.641276e-02 1.217215e-02 -2.147981e+00 6.222272e+03 3.083781e+03 2.860542e+02  1000  5000 2.727548e-04     0 4.208020e-02 3.733590e+01 1.298577e+02 5.697973e-02 3.307840e-04 
1.656000e+02 1.642100e-02 1.181601e-02 -2.147667e+00 6.215190e+03 3.072912e+03 2.854701e+02  1000  5000 2.927997e-04     0 4.204994e-02 3.716666e+01 1.298598e+02 5.700003e-02 3.322023e-04 
1.657000e+02 1.642659e-02 1.146381e-02 -2.147353e+00 6.208112e+03 3.062041e+03 2.848811e+02  1000  5000 2.938947e-04     0 4.201954e-02 3.699923e+01 1.298618e+02 5.702044e-02 3.332401e-04 
1.658000e+02 1.643089e-02 1.111558e-02 -2.147038e+00 6.201036e+03 3.051167e+03 2.842873e+02  1000  5000 2.876911e-04     0 4.198898e-02 3.683363e+01 1.298638e+02 5.704095e-02 3.336538e-04 
1.659000e+02 1.643632e-02 1.077132e-02 -2.146723e+00 6.193965e+03 3.040292e+03 2.836887e+02  1000  5000 2.788635e-04     0 4.195829e-02 3.666987e+01 1.298658e+02 5.706155e-02 3.339128e-04 
  166 1.644447e-02 1.043107e-02 -2.146408e+00 6.186896e+03 3.029414e+03 2.830855e+02  1000  5000 2.694340e-04     0 4.192746e-02 3.650796e+01 1.298678e+02 5.708226e-02 3.346852e-04 
1.661000e+02 1.645421e-02 1.009485e-02 -2.146093e+00 6.179831e+03 3.018534e+03 2.824775e+02  1000  5000 2.881222e-04     0 4.189649e-02 3.634789e+01 1.298697e+02 5.710305e-02 3.361298e-04 
1.662000e+02 1.646151e-02 9.762654e-03 -2.145777e+00 6.172770e+03 3.007651e+03 2.818650e+02  1000  5000 2.891078e-04     0 4.186539e-02 3.618969e+01 1.298717e+02 5.712395e-02 3.372224e-04 
1.663000e+02 1.646763e-02 9.434504e-03 -2.145461e+00 6.165712e+03 2.996767e+03 2.812479e+02  1000  5000 2.832822e-04     0 4.183414e-02 3.603335e+01 1.298737e+02 5.714493e-02 3.377343e-04 
1.664000e+02 1.647486e-02 9.110418e-03 -2.145144e+00 6.158658e+03 2.985880e+03 2.806262e+02  1000  5000 2.750149e-04     0 4.180277e-02 3.587889e+01 1.298757e+02 5.716601e-02 3.381027e-04 
1.665000e+02 1.648466e-02 8.790418e-03 -2.144828e+00 6.151606e+03 2.974991e+03 2.800001e+02  1000  5000 2.661963e-04     0 4.177127e-02 3.572631e+01 1.298777e+02 5.718718e-02 3.389501e-04 
1.666000e+02 1.649598e-02 8.474519e-03 -2.144511e+00 6.144559e+03 2.964100e+03 2.793696e+02  1000  5000 2.834699e-04     0 4.173964e-02 3.557562e+01 1.298796e+02 5.720844e-02 3.404255e-04 
1.667000e+02 1.650510e-02 8.162729e-03 -2.144194e+00 6.137515e+03 2.953206e+03 2.787348e+02  1000  5000 2.843382e-04     0 4.170788e-02 3.542683e+01 1.298816e+02 5.722979e-02 3.415789e-04 
1.668000e+02 1.651316e-02 7.855058e-03 -2.143876e+00 6.130474e+03 2.942311e+03 2.780956e+02  1000  5000 2.789027e-04     0 4.167600e-02 3.527994e+01 1.298836e+02 5.725123e-02 3.421969e-04 
1.669000e+02 1.652230e-02 7.551524e-03 -2.143558e+00 6.123437e+03 2.931413e+03 2.774522e+02  1000  5000 2.712157e-04     0 4.164399e-02 3.513495e+01 1.298855e+02 5.727276e-02 3.426830e-04 
  167 1.653385e-02 7.252148e-03 -2.143240e+00 6.116403e+03 2.920513e+03 2.768046e+02  1000  5000 2.630303e-04     0 4.161186e-02 3.499189e+01 1.298875e+02 5.729437e-02 3.436123e-04 
1.671000e+02 1.654688e-02 6.956945e-03 -2.142922e+00 6.109373e+03 2.909611e+03 2.761528e+02  1000  5000 2.788221e-04     0 4.157962e-02 3.485075e+01 1.298894e+02 5.731606e-02 3.451237e-04 
1.672000e+02 1.655793e-02 6.665918e-03 -2.142603e+00 6.102346e+03 2.898706e+03 2.754969e+02  1000  5000 2.795642e-04     0 4.154725e-02 3.471153e+01 1.298914e+02 5.733784e-02 3.463445e-04 
1.673000e+02 1.656807e-02 6.379079e-03 -2.142284e+00 6.095323e+03 2.887799e+03 2.748370e+02  1000  5000 2.745330e-04     0 4.151477e-02 3.457425e+01 1.298933e+02 5.735969e-02 3.470774e-04 
1.674000e+02 1.657923e-02 6.096444e-03 -2.141963e+00 6.088303e+03 2.876890e+03 2.741731e+02  1000  5000 2.674495e-04     0 4.148217e-02 3.443892e+01 1.298953e+02 5.738163e-02 3.476909e-04 
1.675000e+02 1.659267e-02 5.818030e-03 -2.141643e+00 6.081287e+03 2.865979e+03 2.735053e+02  1000  5000 2.599232e-04     0 4.144947e-02 3.430553e+01 1.298972e+02 5.740365e-02 3.487099e-04 
1.676000e+02 1.660752e-02 5.543851e-03 -2.141323e+00 6.074274e+03 2.855065e+03 2.728336e+02  1000  5000 2.741554e-04     0 4.141666e-02 3.417409e+01 1.298991e+02 5.742575e-02 3.502628e-04 
1.677000e+02 1.662064e-02 5.273910e-03 -2.141002e+00 6.067264e+03 2.844150e+03 2.721581e+02  1000  5000 2.747610e-04     0 4.138373e-02 3.404461e+01 1.299011e+02 5.744792e-02 3.515586e-04 
1.678000e+02 1.663300e-02 5.008216e-03 -2.140681e+00 6.060259e+03 2.833232e+03 2.714788e+02  1000  5000 2.701505e-04     0 4.135070e-02 3.391709e+01 1.299030e+02 5.747017e-02 3.524165e-04 
1.679000e+02 1.664635e-02 4.746785e-03 -2.140358e+00 6.053256e+03 2.822311e+03 2.707957e+02  1000  5000 2.636975e-04     0 4.131757e-02 3.379154e+01 1.299049e+02 5.749250e-02 3.531680e-04 
  168 1.666182e-02 4.489631e-03 -2.140036e+00 6.046258e+03 2.811389e+03 2.701090e+02  1000  5000 2.568606e-04     0 4.128434e-02 3.366797e+01 1.299068e+02 5.751489e-02 3.542855e-04 
1.681000e+02 1.667863e-02 4.236766e-03 -2.139713e+00 6.039262e+03 2.800464e+03 2.694187e+02  1000  5000 2.694431e-04     0 4.125100e-02 3.354638e+01 1.299087e+02 5.753736e-02 3.558864e-04 
1.682000e+02 1.669398e-02 3.988192e-03 -2.139390e+00 6.032271e+03 2.789537e+03 2.687249e+02  1000  5000 2.699001e-04     0 4.121757e-02 3.342676e+01 1.299106e+02 5.755990e-02 3.572655e-04 
1.683000e+02 1.670873e-02 3.743919e-03 -2.139066e+00 6.025282e+03 2.778608e+03 2.680275e+02  1000  5000 2.657295e-04     0 4.118404e-02 3.330914e+01 1.299125e+02 5.758251e-02 3.582600e-04 
1.684000e+02 1.672443e-02 3.503958e-03 -2.138742e+00 6.018298e+03 2.767676e+03 2.673267e+02  1000  5000 2.599382e-04     0 4.115042e-02 3.319351e+01 1.299144e+02 5.760518e-02 3.591618e-04 
1.685000e+02 1.674208e-02 3.268322e-03 -2.138417e+00 6.011317e+03 2.756743e+03 2.666225e+02  1000  5000 2.538259e-04     0 4.111671e-02 3.307988e+01 1.299163e+02 5.762793e-02 3.603878e-04 
1.686000e+02 1.676102e-02 3.037021e-03 -2.138091e+00 6.004339e+03 2.745806e+03 2.659150e+02  1000  5000 2.646541e-04     0 4.108291e-02 3.296825e+01 1.299182e+02 5.765073e-02 3.620438e-04 
1.687000e+02 1.677878e-02 2.810058e-03 -2.137765e+00 5.997365e+03 2.734868e+03 2.652042e+02  1000  5000 2.649486e-04     0 4.104902e-02 3.285862e+01 1.299201e+02 5.767361e-02 3.635160e-04 
1.688000e+02 1.679611e-02 2.587439e-03 -2.137439e+00 5.990395e+03 2.723927e+03 2.644902e+02  1000  5000 2.612402e-04     0 4.101504e-02 3.275100e+01 1.299219e+02 5.769654e-02 3.646602e-04 
1.689000e+02 1.681435e-02 2.369174e-03 -2.137111e+00 5.983428e+03 2.712985e+03 2.637730e+02  1000  5000 2.561469e-04     0 4.098098e-02 3.264540e+01 1.299238e+02 5.771954e-02 3.657262e-04 
  169 1.683438e-02 2.155274e-03 -2.136783e+00 5.976464e+03 2.702039e+03 2.630527e+02  1000  5000 2.507996e-04     0 4.094684e-02 3.254181e+01 1.299257e+02 5.774259e-02 3.670721e-04 
1.691000e+02 1.685562e-02 1.945748e-03 -2.136455e+00 5.969505e+03 2.691092e+03 2.623293e+02  1000  5000 2.597523e-04     0 4.091262e-02 3.244025e+01 1.299275e+02 5.776571e-02 3.687915e-04 
1.692000e+02 1.687600e-02 1.740598e-03 -2.136126e+00 5.962549e+03 2.680142e+03 2.616030e+02  1000  5000 2.598681e-04     0 4.087832e-02 3.234070e+01 1.299294e+02 5.778888e-02 3.703677e-04 
1.693000e+02 1.689613e-02 1.539827e-03 -2.135796e+00 5.955596e+03 2.669190e+03 2.608737e+02  1000  5000 2.566475e-04     0 4.084395e-02 3.224319e+01 1.299312e+02 5.781210e-02 3.716766e-04 
1.694000e+02 1.691714e-02 1.343445e-03 -2.135466e+00 5.948647e+03 2.658235e+03 2.601415e+02  1000  5000 2.522941e-04     0 4.080950e-02 3.214770e+01 1.299330e+02 5.783539e-02 3.729231e-04 
1.695000e+02 1.693975e-02 1.151461e-03 -2.135135e+00 5.941702e+03 2.647279e+03 2.594064e+02  1000  5000 2.477588e-04     0 4.077499e-02 3.205425e+01 1.299349e+02 5.785872e-02 3.744019e-04 
1.696000e+02 1.696351e-02 9.638803e-04 -2.134803e+00 5.934760e+03 2.636320e+03 2.586686e+02  1000  5000 2.546952e-04     0 4.074041e-02 3.196283e+01 1.299367e+02 5.788211e-02 3.761939e-04 
1.697000e+02 1.698674e-02 7.807047e-04 -2.134471e+00 5.927822e+03 2.625358e+03 2.579281e+02  1000  5000 2.546133e-04     0 4.070575e-02 3.187345e+01 1.299385e+02 5.790554e-02 3.778869e-04 
1.698000e+02 1.700993e-02 6.019376e-04 -2.134137e+00 5.920887e+03 2.614394e+03 2.571849e+02  1000  5000 2.519101e-04     0 4.067104e-02 3.178611e+01 1.299403e+02 5.792903e-02 3.793778e-04 
1.699000e+02 1.703396e-02 4.275853e-04 -2.133803e+00 5.913957e+03 2.603428e+03 2.564391e+02  1000  5000 2.483453e-04     0 4.063626e-02 3.170081e+01 1.299421e+02 5.795256e-02 3.808233e-04 
  170 1.705939e-02 2.576543e-04 -2.133469e+00 5.907029e+03 2.592460e+03 2.556908e+02  1000  5000 2.446764e-04     0 4.060142e-02 3.161756e+01 1.299439e+02 5.797614e-02 3.824503e-04 
1.701000e+02 1.708591e-02 9.214935e-05 -2.133133e+00 5.900106e+03 2.581489e+03 2.549400e+02  1000  5000 2.494321e-04     0 4.056653e-02 3.153636e+01 1.299457e+02 5.799976e-02 3.843256e-04 
1.702000e+02 1.711227e-02 -6.892888e-05 -2.132797e+00 5.893186e+03 2.570516e+03 2.541867e+02  1000  5000 2.491302e-04     0 4.053158e-02 3.145720e+01 1.299475e+02 5.802342e-02 3.861498e-04 
1.703000e+02 1.713880e-02 -2.255782e-04 -2.132460e+00 5.886270e+03 2.559541e+03 2.534311e+02  1000  5000 2.469788e-04     0 4.049657e-02 3.138010e+01 1.299493e+02 5.804713e-02 3.878428e-04 
1.704000e+02 1.716614e-02 -3.777945e-04 -2.132122e+00 5.879357e+03 2.548563e+03 2.526731e+02  1000  5000 2.442591e-04     0 4.046151e-02 3.130504e+01 1.299511e+02 5.807088e-02 3.895090e-04 
1.705000e+02 1.719468e-02 -5.255735e-04 -2.131783e+00 5.872448e+03 2.537583e+03 2.519129e+02  1000  5000 2.415198e-04     0 4.042641e-02 3.123205e+01 1.299529e+02 5.809466e-02 3.913015e-04 
1.706000e+02 1.722423e-02 -6.689123e-04 -2.131443e+00 5.865543e+03 2.526600e+03 2.511504e+02  1000  5000 2.439028e-04     0 4.039126e-02 3.116110e+01 1.299546e+02 5.811849e-02 3.932725e-04 
1.707000e+02 1.725403e-02 -8.078106e-04 -2.131103e+00 5.858642e+03 2.515615e+03 2.503858e+02  1000  5000 2.433544e-04     0 4.035606e-02 3.109221e+01 1.299564e+02 5.814234e-02 3.952451e-04 
1.708000e+02 1.728426e-02 -9.422676e-04 -2.130761e+00 5.851744e+03 2.504628e+03 2.496191e+02  1000  5000 2.417947e-04     0 4.032082e-02 3.102538e+01 1.299581e+02 5.816624e-02 3.971635e-04 
1.709000e+02 1.731525e-02 -1.072281e-03 -2.130419e+00 5.844850e+03 2.493638e+03 2.488504e+02  1000  5000 2.399856e-04     0 4.028554e-02 3.096061e+01 1.299599e+02 5.819016e-02 3.990755e-04 
  171 1.734721e-02 -1.197850e-03 -2.130075e+00 5.837960e+03 2.482646e+03 2.480797e+02  1000  5000 2.382493e-04     0 4.025022e-02 3.089789e+01 1.299616e+02 5.821412e-02 4.010538e-04 
1.711000e+02 1.738011e-02 -1.318972e-03 -2.129731e+00 5.831073e+03 2.471651e+03 2.473071e+02  1000  5000 2.380345e-04     0 4.021487e-02 3.083724e+01 1.299634e+02 5.823810e-02 4.031349e-04 
1.712000e+02 1.741372e-02 -1.435647e-03 -2.129385e+00 5.824191e+03 2.460654e+03 2.465326e+02  1000  5000 2.372083e-04     0 4.017949e-02 3.077864e+01 1.299651e+02 5.826212e-02 4.052756e-04 
1.713000e+02 1.744802e-02 -1.547877e-03 -2.129039e+00 5.817311e+03 2.449655e+03 2.457563e+02  1000  5000 2.362865e-04     0 4.014407e-02 3.072211e+01 1.299668e+02 5.828616e-02 4.074469e-04 
1.714000e+02 1.748306e-02 -1.655661e-03 -2.128692e+00 5.810436e+03 2.438653e+03 2.449783e+02  1000  5000 2.354645e-04     0 4.010862e-02 3.066763e+01 1.299685e+02 5.831022e-02 4.096340e-04 
1.715000e+02 1.751882e-02 -1.759000e-03 -2.128343e+00 5.803565e+03 2.427648e+03 2.441985e+02  1000  5000 2.348169e-04     0 4.007315e-02 3.061521e+01 1.299702e+02 5.833431e-02 4.118221e-04 
1.716000e+02 1.755544e-02 -1.857894e-03 -2.127993e+00 5.796697e+03 2.416642e+03 2.434172e+02  1000  5000 2.317390e-04     0 4.003765e-02 3.056486e+01 1.299719e+02 5.835842e-02 4.140302e-04 
1.717000e+02 1.759328e-02 -1.952344e-03 -2.127643e+00 5.789833e+03 2.405632e+03 2.426342e+02  1000  5000 2.305977e-04     0 4.000213e-02 3.051656e+01 1.299736e+02 5.838256e-02 4.163623e-04 
1.718000e+02 1.763212e-02 -2.042352e-03 -2.127291e+00 5.782973e+03 2.394621e+03 2.418498e+02  1000  5000 2.303675e-04     0 3.996659e-02 3.047032e+01 1.299753e+02 5.840671e-02 4.188187e-04 
1.719000e+02 1.767165e-02 -2.127918e-03 -2.126938e+00 5.776117e+03 2.383606e+03 2.410638e+02  1000  5000 2.306222e-04     0 3.993104e-02 3.042614e+01 1.299770e+02 5.843087e-02 4.213156e-04 
  172 1.771165e-02 -2.209048e-03 -2.126584e+00 5.769265e+03 2.372590e+03 2.402765e+02  1000  5000 2.311635e-04     0 3.989547e-02 3.038402e+01 1.299786e+02 5.845506e-02 4.237414e-04 
1.721000e+02 1.775242e-02 -2.285743e-03 -2.126228e+00 5.762416e+03 2.361571e+03 2.394878e+02  1000  5000 2.249086e-04     0 3.985988e-02 3.034396e+01 1.299803e+02 5.847926e-02 4.260966e-04 
1.722000e+02 1.779498e-02 -2.358004e-03 -2.125872e+00 5.755572e+03 2.350549e+03 2.386978e+02  1000  5000 2.234071e-04     0 3.982429e-02 3.030595e+01 1.299820e+02 5.850347e-02 4.286477e-04 
1.723000e+02 1.783890e-02 -2.425833e-03 -2.125514e+00 5.748731e+03 2.339525e+03 2.379066e+02  1000  5000 2.239315e-04     0 3.978868e-02 3.026999e+01 1.299836e+02 5.852769e-02 4.314273e-04 
1.724000e+02 1.788347e-02 -2.489234e-03 -2.125155e+00 5.741894e+03 2.328498e+03 2.371142e+02  1000  5000 2.253679e-04     0 3.975308e-02 3.023609e+01 1.299852e+02 5.855192e-02 4.342750e-04 
1.725000e+02 1.792820e-02 -2.548214e-03 -2.124795e+00 5.735061e+03 2.317469e+03 2.363207e+02  1000  5000 2.272159e-04     0 3.971746e-02 3.020424e+01 1.299869e+02 5.857616e-02 4.369720e-04 
1.726000e+02 1.797364e-02 -2.602778e-03 -2.124433e+00 5.728232e+03 2.306437e+03 2.355262e+02  1000  5000 2.174105e-04     0 3.968185e-02 3.017445e+01 1.299885e+02 5.860040e-02 4.394980e-04 
1.727000e+02 1.802150e-02 -2.652924e-03 -2.124069e+00 5.721407e+03 2.295402e+03 2.347306e+02  1000  5000 2.154945e-04     0 3.964623e-02 3.014670e+01 1.299901e+02 5.862465e-02 4.423011e-04 
1.728000e+02 1.807113e-02 -2.698657e-03 -2.123705e+00 5.714586e+03 2.284365e+03 2.339341e+02  1000  5000 2.168473e-04     0 3.961062e-02 3.012099e+01 1.299917e+02 5.864891e-02 4.454492e-04 
1.729000e+02 1.812136e-02 -2.739983e-03 -2.123339e+00 5.707769e+03 2.273326e+03 2.331367e+02  1000  5000 2.195891e-04     0 3.957502e-02 3.009734e+01 1.299933e+02 5.867316e-02 4.486968e-04 
  173 1.817143e-02 -2.776912e-03 -2.122972e+00 5.700955e+03 2.262284e+03 2.323384e+02  1000  5000 2.228830e-04     0 3.953942e-02 3.007572e+01 1.299949e+02 5.869742e-02 4.517048e-04 
1.731000e+02 1.822212e-02 -2.809450e-03 -2.122602e+00 5.694146e+03 2.251239e+03 2.315394e+02  1000  5000 2.090798e-04     0 3.950383e-02 3.005614e+01 1.299965e+02 5.872167e-02 4.544303e-04 
1.732000e+02 1.827598e-02 -2.837596e-03 -2.122232e+00 5.687341e+03 2.240192e+03 2.307397e+02  1000  5000 2.066832e-04     0 3.946826e-02 3.003861e+01 1.299981e+02 5.874592e-02 4.575248e-04 
1.733000e+02 1.833205e-02 -2.861353e-03 -2.121860e+00 5.680540e+03 2.229142e+03 2.299393e+02  1000  5000 2.089513e-04     0 3.943270e-02 3.002311e+01 1.299997e+02 5.877017e-02 4.610962e-04 
1.734000e+02 1.838870e-02 -2.880733e-03 -2.121487e+00 5.673743e+03 2.218089e+03 2.291383e+02  1000  5000 2.131455e-04     0 3.939716e-02 3.000964e+01 1.300012e+02 5.879440e-02 4.648026e-04 
1.735000e+02 1.844481e-02 -2.895747e-03 -2.121111e+00 5.666950e+03 2.207034e+03 2.283368e+02  1000  5000 2.180502e-04     0 3.936164e-02 2.999820e+01 1.300028e+02 5.881864e-02 4.681696e-04 
1.736000e+02 1.850146e-02 -2.906404e-03 -2.120734e+00 5.660161e+03 2.195976e+03 2.275347e+02  1000  5000 1.997105e-04     0 3.932614e-02 2.998879e+01 1.300043e+02 5.884286e-02 4.711291e-04 
1.737000e+02 1.856212e-02 -2.912701e-03 -2.120355e+00 5.653376e+03 2.184916e+03 2.267323e+02  1000  5000 1.967520e-04     0 3.929066e-02 2.998140e+01 1.300058e+02 5.886707e-02 4.745629e-04 
1.738000e+02 1.862553e-02 -2.914643e-03 -2.119975e+00 5.646595e+03 2.173853e+03 2.259294e+02  1000  5000 2.000383e-04     0 3.925521e-02 2.997603e+01 1.300074e+02 5.889126e-02 4.786238e-04 
1.739000e+02 1.868948e-02 -2.912243e-03 -2.119594e+00 5.639819e+03 2.162787e+03 2.251263e+02  1000  5000 2.058598e-04     0 3.921979e-02 2.997268e+01 1.300089e+02 5.891545e-02 4.828603e-04 
  174 1.875249e-02 -2.905516e-03 -2.119210e+00 5.633046e+03 2.151718e+03 2.243228e+02  1000  5000 2.125724e-04     0 3.918440e-02 2.997135e+01 1.300104e+02 5.893961e-02 4.866447e-04 
1.741000e+02 1.881593e-02 -2.894474e-03 -2.118823e+00 5.626278e+03 2.140647e+03 2.235192e+02  1000  5000 1.890418e-04     0 3.914904e-02 2.997202e+01 1.300119e+02 5.896376e-02 4.898805e-04 
1.742000e+02 1.888438e-02 -2.879111e-03 -2.118435e+00 5.619514e+03 2.129573e+03 2.227154e+02  1000  5000 1.854211e-04     0 3.911372e-02 2.997470e+01 1.300134e+02 5.898789e-02 4.937123e-04 
1.743000e+02 1.895619e-02 -2.859433e-03 -2.118046e+00 5.612754e+03 2.118496e+03 2.219115e+02  1000  5000 1.898479e-04     0 3.907844e-02 2.997938e+01 1.300149e+02 5.901200e-02 4.983435e-04 
1.744000e+02 1.902851e-02 -2.835456e-03 -2.117655e+00 5.605998e+03 2.107416e+03 2.211076e+02  1000  5000 1.975067e-04     0 3.904319e-02 2.998607e+01 1.300164e+02 5.903608e-02 5.031973e-04 
1.745000e+02 1.909942e-02 -2.807200e-03 -2.117262e+00 5.599247e+03 2.096334e+03 2.203037e+02  1000  5000 2.062639e-04     0 3.900799e-02 2.999474e+01 1.300178e+02 5.906014e-02 5.074706e-04 
1.746000e+02 1.917066e-02 -2.774677e-03 -2.116865e+00 5.592500e+03 2.085249e+03 2.194999e+02  1000  5000 1.767415e-04     0 3.897283e-02 3.000541e+01 1.300193e+02 5.908418e-02 5.110349e-04 
1.747000e+02 1.924807e-02 -2.737881e-03 -2.116467e+00 5.585757e+03 2.074161e+03 2.186962e+02  1000  5000 1.723329e-04     0 3.893772e-02 3.001806e+01 1.300207e+02 5.910819e-02 5.153370e-04 
1.748000e+02 1.932958e-02 -2.696816e-03 -2.116068e+00 5.579019e+03 2.063070e+03 2.178926e+02  1000  5000 1.780469e-04     0 3.890266e-02 3.003269e+01 1.300222e+02 5.913217e-02 5.206383e-04 
1.749000e+02 1.941157e-02 -2.651503e-03 -2.115666e+00 5.572285e+03 2.051977e+03 2.170894e+02  1000  5000 1.877968e-04     0 3.886765e-02 3.004930e+01 1.300236e+02 5.915611e-02 5.262171e-04 
  175 1.949160e-02 -2.601965e-03 -2.115262e+00 5.565555e+03 2.040880e+03 2.162864e+02  1000  5000 1.988851e-04     0 3.883269e-02 3.006788e+01 1.300250e+02 5.918003e-02 5.310678e-04 
1.751000e+02 1.957187e-02 -2.548217e-03 -2.114854e+00 5.558830e+03 2.029781e+03 2.154837e+02  1000  5000 1.623810e-04     0 3.879779e-02 3.008843e+01 1.300265e+02 5.920391e-02 5.350258e-04 
1.752000e+02 1.965967e-02 -2.490248e-03 -2.114445e+00 5.552109e+03 2.018679e+03 2.146815e+02  1000  5000 1.570261e-04     0 3.876294e-02 3.011094e+01 1.300279e+02 5.922776e-02 5.398884e-04 
1.753000e+02 1.975244e-02 -2.428065e-03 -2.114034e+00 5.545393e+03 2.007574e+03 2.138797e+02  1000  5000 1.642041e-04     0 3.872817e-02 3.013540e+01 1.300293e+02 5.925157e-02 5.459840e-04 
1.754000e+02 1.984567e-02 -2.361691e-03 -2.113621e+00 5.538681e+03 1.996466e+03 2.130785e+02  1000  5000 1.763542e-04     0 3.869345e-02 3.016182e+01 1.300306e+02 5.927534e-02 5.524222e-04 
1.755000e+02 1.993632e-02 -2.291154e-03 -2.113204e+00 5.531973e+03 1.985355e+03 2.122778e+02  1000  5000 1.901232e-04     0 3.865879e-02 3.019018e+01 1.300320e+02 5.929907e-02 5.579612e-04 
1.756000e+02 2.002710e-02 -2.216471e-03 -2.112784e+00 5.525270e+03 1.974241e+03 2.114778e+02  1000  5000 1.454015e-04     0 3.862419e-02 3.022048e+01 1.300334e+02 5.932276e-02 5.623951e-04 
1.757000e+02 2.012705e-02 -2.137628e-03 -2.112362e+00 5.518572e+03 1.963125e+03 2.106784e+02  1000  5000 1.388977e-04     0 3.858967e-02 3.025272e+01 1.300347e+02 5.934641e-02 5.679322e-04 
1.758000e+02 2.023303e-02 -2.054631e-03 -2.111938e+00 5.511879e+03 1.952005e+03 2.098798e+02  1000  5000 1.477548e-04     0 3.855522e-02 3.028688e+01 1.300361e+02 5.937001e-02 5.749788e-04 
1.759000e+02 2.033943e-02 -1.967506e-03 -2.111512e+00 5.505189e+03 1.940882e+03 2.090819e+02  1000  5000 1.626848e-04     0 3.852085e-02 3.032297e+01 1.300374e+02 5.939356e-02 5.824458e-04 
  176 2.044254e-02 -1.876288e-03 -2.111082e+00 5.498505e+03 1.929756e+03 2.082849e+02  1000  5000 1.795654e-04     0 3.848654e-02 3.036098e+01 1.300388e+02 5.941707e-02 5.888136e-04 
1.761000e+02 2.054567e-02 -1.780997e-03 -2.110648e+00 5.491825e+03 1.918628e+03 2.074888e+02  1000  5000 1.250647e-04     0 3.845230e-02 3.040089e+01 1.300401e+02 5.944053e-02 5.938286e-04 
1.762000e+02 2.065996e-02 -1.681611e-03 -2.110211e+00 5.485150e+03 1.907496e+03 2.066936e+02  1000  5000 1.171501e-04     0 3.841815e-02 3.044271e+01 1.300414e+02 5.946394e-02 6.001859e-04 
1.763000e+02 2.078153e-02 -1.578137e-03 -2.109773e+00 5.478480e+03 1.896361e+03 2.058995e+02  1000  5000 1.279497e-04     0 3.838409e-02 3.048642e+01 1.300427e+02 5.948729e-02 6.083836e-04 
1.764000e+02 2.090353e-02 -1.470606e-03 -2.109332e+00 5.471815e+03 1.885223e+03 2.051064e+02  1000  5000 1.461312e-04     0 3.835011e-02 3.053203e+01 1.300440e+02 5.951059e-02 6.170961e-04 
1.765000e+02 2.102139e-02 -1.359059e-03 -2.108886e+00 5.465154e+03 1.874082e+03 2.043144e+02  1000  5000 1.666593e-04     0 3.831620e-02 3.057952e+01 1.300453e+02 5.953384e-02 6.244730e-04 
1.766000e+02 2.113918e-02 -1.243519e-03 -2.108436e+00 5.458498e+03 1.862937e+03 2.035236e+02  1000  5000 1.003813e-04     0 3.828238e-02 3.062889e+01 1.300466e+02 5.955703e-02 6.302054e-04 
1.767000e+02 2.127053e-02 -1.123957e-03 -2.107983e+00 5.451848e+03 1.851790e+03 2.027340e+02  1000  5000 9.071215e-05     0 3.824865e-02 3.068013e+01 1.300478e+02 5.958016e-02 6.375720e-04 
1.768000e+02 2.141073e-02 -1.000376e-03 -2.107529e+00 5.445202e+03 1.840639e+03 2.019456e+02  1000  5000 1.037804e-04     0 3.821502e-02 3.073323e+01 1.300491e+02 5.960323e-02 6.471801e-04 
1.769000e+02 2.155137e-02 -8.728164e-04 -2.107071e+00 5.438561e+03 1.829485e+03 2.011586e+02  1000  5000 1.258051e-04     0 3.818148e-02 3.078819e+01 1.300503e+02 5.962623e-02 6.574189e-04 
  177 2.168687e-02 -7.413258e-04 -2.106608e+00 5.431925e+03 1.818328e+03 2.003730e+02  1000  5000 1.506556e-04     0 3.814802e-02 3.084500e+01 1.300516e+02 5.964918e-02 6.660400e-04 
1.771000e+02 2.182220e-02 -6.059292e-04 -2.106140e+00 5.425294e+03 1.807168e+03 1.995888e+02  1000  5000 7.000460e-05     0 3.811465e-02 3.090365e+01 1.300528e+02 5.967207e-02 6.726693e-04 
1.772000e+02 2.197410e-02 -4.665887e-04 -2.105669e+00 5.418668e+03 1.796004e+03 1.988061e+02  1000  5000 5.812220e-05     0 3.808139e-02 3.096414e+01 1.300540e+02 5.969489e-02 6.812946e-04 
1.773000e+02 2.213678e-02 -3.233058e-04 -2.105195e+00 5.412048e+03 1.784837e+03 1.980248e+02  1000  5000 7.386691e-05     0 3.804824e-02 3.102645e+01 1.300552e+02 5.971763e-02 6.926542e-04 
1.774000e+02 2.229995e-02 -1.761259e-04 -2.104718e+00 5.405433e+03 1.773667e+03 1.972452e+02  1000  5000 1.004873e-04     0 3.801518e-02 3.109058e+01 1.300564e+02 5.974031e-02 7.047894e-04 
1.775000e+02 2.245677e-02 -2.510834e-05 -2.104236e+00 5.398822e+03 1.762494e+03 1.964672e+02  1000  5000 1.305211e-04     0 3.798220e-02 3.115652e+01 1.300576e+02 5.976293e-02 7.149660e-04 
1.776000e+02 2.261337e-02 1.297188e-04 -2.103747e+00 5.392218e+03 1.751317e+03 1.956909e+02  1000  5000 3.206819e-05     0 3.794932e-02 3.122427e+01 1.300588e+02 5.978548e-02 7.227331e-04 
1.777000e+02 2.279030e-02 2.884073e-04 -2.103255e+00 5.385618e+03 1.740136e+03 1.949164e+02  1000  5000 1.734934e-05     0 3.791657e-02 3.129381e+01 1.300599e+02 5.980796e-02 7.329514e-04 
1.778000e+02 2.298045e-02 4.509587e-04 -2.102760e+00 5.379024e+03 1.728952e+03 1.941436e+02  1000  5000 3.628668e-05     0 3.788393e-02 3.136514e+01 1.300611e+02 5.983035e-02 7.465196e-04 
1.779000e+02 2.317119e-02 6.173187e-04 -2.102261e+00 5.372436e+03 1.717765e+03 1.933726e+02  1000  5000 6.847323e-05     0 3.785139e-02 3.143824e+01 1.300622e+02 5.985267e-02 7.610479e-04 
  178 2.335412e-02 7.874152e-04 -2.101756e+00 5.365852e+03 1.706574e+03 1.926036e+02  1000  5000 1.048047e-04     0 3.781894e-02 3.151312e+01 1.300634e+02 5.987493e-02 7.732002e-04 
1.781000e+02 2.353681e-02 9.612158e-04 -2.101243e+00 5.359275e+03 1.695380e+03 1.918364e+02  1000  5000 -1.606768e-05     0 3.778658e-02 3.158976e+01 1.300645e+02 5.989711e-02 7.824341e-04 
1.782000e+02 2.374465e-02 1.138791e-03 -2.100727e+00 5.352703e+03 1.684182e+03 1.910713e+02  1000  5000 -3.448742e-05     0 3.775436e-02 3.166815e+01 1.300656e+02 5.991921e-02 7.947033e-04 
1.783000e+02 2.396884e-02 1.320147e-03 -2.100208e+00 5.346137e+03 1.672980e+03 1.903082e+02  1000  5000 -1.169558e-05     0 3.772226e-02 3.174829e+01 1.300667e+02 5.994122e-02 8.111054e-04 
1.784000e+02 2.419380e-02 1.505218e-03 -2.099684e+00 5.339576e+03 1.661775e+03 1.895472e+02  1000  5000 2.732949e-05     0 3.769027e-02 3.183016e+01 1.300678e+02 5.996316e-02 8.287069e-04 
1.785000e+02 2.440915e-02 1.693915e-03 -2.099153e+00 5.333022e+03 1.650566e+03 1.887883e+02  1000  5000 7.142599e-05     0 3.765836e-02 3.191376e+01 1.300689e+02 5.998502e-02 8.434144e-04 
1.786000e+02 2.462434e-02 1.886201e-03 -2.098612e+00 5.326473e+03 1.639354e+03 1.880316e+02  1000  5000 -7.822402e-05     0 3.762654e-02 3.199908e+01 1.300700e+02 6.000682e-02 8.545750e-04 
1.787000e+02 2.487093e-02 2.082172e-03 -2.098068e+00 5.319930e+03 1.628137e+03 1.872771e+02  1000  5000 -1.015729e-04     0 3.759487e-02 3.208611e+01 1.300711e+02 6.002851e-02 8.695366e-04 
1.788000e+02 2.513799e-02 2.281840e-03 -2.097520e+00 5.313393e+03 1.616917e+03 1.865249e+02  1000  5000 -7.406510e-05     0 3.756334e-02 3.217484e+01 1.300721e+02 6.005012e-02 8.896475e-04 
1.789000e+02 2.540612e-02 2.485126e-03 -2.096968e+00 5.306862e+03 1.605693e+03 1.857750e+02  1000  5000 -2.650150e-05     0 3.753190e-02 3.226526e+01 1.300732e+02 6.007164e-02 9.112767e-04 
  179 2.566238e-02 2.691917e-03 -2.096406e+00 5.300338e+03 1.594466e+03 1.850275e+02  1000  5000 2.733047e-05     0 3.750054e-02 3.235736e+01 1.300742e+02 6.009310e-02 9.293577e-04 
1.791000e+02 2.591873e-02 2.902170e-03 -2.095833e+00 5.293819e+03 1.583234e+03 1.842825e+02  1000  5000 -1.600826e-04     0 3.746926e-02 3.245113e+01 1.300753e+02 6.011449e-02 9.431041e-04 
1.792000e+02 2.621480e-02 3.116016e-03 -2.095256e+00 5.287307e+03 1.571998e+03 1.835399e+02  1000  5000 -1.901551e-04     0 3.743814e-02 3.254656e+01 1.300763e+02 6.013577e-02 9.616810e-04 
1.793000e+02 2.653685e-02 3.333479e-03 -2.094676e+00 5.280802e+03 1.560759e+03 1.827998e+02  1000  5000 -1.567911e-04     0 3.740717e-02 3.264365e+01 1.300773e+02 6.015695e-02 9.867595e-04 
1.794000e+02 2.686046e-02 3.554458e-03 -2.094089e+00 5.274302e+03 1.549515e+03 1.820622e+02  1000  5000 -9.836711e-05     0 3.737628e-02 3.274238e+01 1.300783e+02 6.017805e-02 1.013792e-03 
1.795000e+02 2.716937e-02 3.778809e-03 -2.093491e+00 5.267810e+03 1.538268e+03 1.813273e+02  1000  5000 -3.209281e-05     0 3.734545e-02 3.284274e+01 1.300793e+02 6.019909e-02 1.036436e-03 
1.796000e+02 2.747887e-02 4.006479e-03 -2.092881e+00 5.261324e+03 1.527016e+03 1.805950e+02  1000  5000 -2.703627e-04     0 3.731470e-02 3.294472e+01 1.300803e+02 6.022005e-02 1.053741e-03 
1.797000e+02 2.783946e-02 4.237653e-03 -2.092265e+00 5.254845e+03 1.515760e+03 1.798654e+02  1000  5000 -3.098671e-04     0 3.728410e-02 3.304832e+01 1.300813e+02 6.024090e-02 1.077303e-03 
1.798000e+02 2.823360e-02 4.472371e-03 -2.091645e+00 5.248372e+03 1.504499e+03 1.791386e+02  1000  5000 -2.691094e-04     0 3.725366e-02 3.315352e+01 1.300822e+02 6.026165e-02 1.109217e-03 
1.799000e+02 2.863013e-02 4.710501e-03 -2.091019e+00 5.241907e+03 1.493235e+03 1.784146e+02  1000  5000 -1.965708e-04     0 3.722329e-02 3.326031e+01 1.300832e+02 6.028232e-02 1.143702e-03 
  180 2.900828e-02 4.951853e-03 -2.090379e+00 5.235449e+03 1.481966e+03 1.776933e+02  1000  5000 -1.140343e-04     0 3.719294e-02 3.336868e+01 1.300841e+02 6.030294e-02 1.172694e-03 
1.801000e+02 2.938804e-02 5.196361e-03 -2.089723e+00 5.228998e+03 1.470693e+03 1.769750e+02  1000  5000 -4.229563e-04     0 3.716264e-02 3.347863e+01 1.300851e+02 6.032349e-02 1.195045e-03 
1.802000e+02 2.983490e-02 5.444291e-03 -2.089060e+00 5.222554e+03 1.459415e+03 1.762596e+02  1000  5000 -4.761433e-04     0 3.713251e-02 3.359014e+01 1.300860e+02 6.034392e-02 1.225699e-03 
1.803000e+02 3.032606e-02 5.695707e-03 -2.088395e+00 5.216118e+03 1.448133e+03 1.755471e+02  1000  5000 -4.258736e-04     0 3.710254e-02 3.370320e+01 1.300869e+02 6.036424e-02 1.267331e-03 
1.804000e+02 3.082100e-02 5.950431e-03 -2.087720e+00 5.209689e+03 1.436846e+03 1.748377e+02  1000  5000 -3.345165e-04     0 3.707260e-02 3.381780e+01 1.300879e+02 6.038449e-02 1.312438e-03 
1.805000e+02 3.129270e-02 6.208205e-03 -2.087029e+00 5.203268e+03 1.425554e+03 1.741313e+02  1000  5000 -2.301510e-04     0 3.704264e-02 3.393393e+01 1.300888e+02 6.040470e-02 1.350566e-03 
1.806000e+02 3.176797e-02 6.468943e-03 -2.086318e+00 5.196854e+03 1.414258e+03 1.734280e+02  1000  5000 -6.410265e-04     0 3.701267e-02 3.405157e+01 1.300897e+02 6.042487e-02 1.380333e-03 
1.807000e+02 3.233379e-02 6.733037e-03 -2.085600e+00 5.190449e+03 1.402957e+03 1.727278e+02  1000  5000 -7.148900e-04     0 3.698287e-02 3.417073e+01 1.300906e+02 6.044489e-02 1.421470e-03 
1.808000e+02 3.295974e-02 7.000591e-03 -2.084878e+00 5.184052e+03 1.391650e+03 1.720308e+02  1000  5000 -6.521206e-04     0 3.695324e-02 3.429138e+01 1.300914e+02 6.046479e-02 1.477467e-03 
1.809000e+02 3.359187e-02 7.271357e-03 -2.084146e+00 5.177663e+03 1.380339e+03 1.713370e+02  1000  5000 -5.348853e-04     0 3.692358e-02 3.441352e+01 1.300923e+02 6.048464e-02 1.538338e-03 
  181 3.419418e-02 7.544964e-03 -2.083393e+00 5.171283e+03 1.369023e+03 1.706465e+02  1000  5000 -4.002536e-04     0 3.689381e-02 3.453714e+01 1.300932e+02 6.050449e-02 1.590170e-03 
1.811000e+02 3.480387e-02 7.821296e-03 -2.082614e+00 5.164911e+03 1.357702e+03 1.699592e+02  1000  5000 -9.654340e-04     0 3.686395e-02 3.466222e+01 1.300941e+02 6.052433e-02 1.631318e-03 
1.812000e+02 3.554007e-02 8.100958e-03 -2.081827e+00 5.158548e+03 1.346375e+03 1.692753e+02  1000  5000 -1.072178e-03     0 3.683426e-02 3.478875e+01 1.300949e+02 6.054398e-02 1.688699e-03 
1.813000e+02 3.636094e-02 8.384119e-03 -2.081037e+00 5.152194e+03 1.335044e+03 1.685948e+02  1000  5000 -9.925852e-04     0 3.680473e-02 3.491672e+01 1.300958e+02 6.056350e-02 1.766998e-03 
1.814000e+02 3.719229e-02 8.670417e-03 -2.080235e+00 5.145849e+03 1.323706e+03 1.679177e+02  1000  5000 -8.383699e-04     0 3.677509e-02 3.504613e+01 1.300966e+02 6.058299e-02 1.852465e-03 
1.815000e+02 3.798460e-02 8.959287e-03 -2.079404e+00 5.139514e+03 1.312363e+03 1.672440e+02  1000  5000 -6.600421e-04     0 3.674517e-02 3.517695e+01 1.300975e+02 6.060256e-02 1.925938e-03 
1.816000e+02 3.879190e-02 9.250567e-03 -2.078540e+00 5.133188e+03 1.301015e+03 1.665738e+02  1000  5000 -1.473635e-03     0 3.671501e-02 3.530919e+01 1.300984e+02 6.062214e-02 1.985539e-03 
1.817000e+02 3.978448e-02 9.545240e-03 -2.077668e+00 5.126873e+03 1.289660e+03 1.659071e+02  1000  5000 -1.636215e-03     0 3.668503e-02 3.544282e+01 1.300992e+02 6.064146e-02 2.069647e-03 
1.818000e+02 4.090219e-02 9.843600e-03 -2.076794e+00 5.120567e+03 1.278300e+03 1.652440e+02  1000  5000 -1.533381e-03     0 3.665520e-02 3.557783e+01 1.301000e+02 6.066063e-02 2.184815e-03 
1.819000e+02 4.203854e-02 1.014508e-02 -2.075905e+00 5.114272e+03 1.266933e+03 1.645844e+02  1000  5000 -1.323650e-03     0 3.662510e-02 3.571422e+01 1.301009e+02 6.067981e-02 2.311214e-03 
  182 4.312235e-02 1.044875e-02 -2.074978e+00 5.107987e+03 1.255560e+03 1.639285e+02  1000  5000 -1.078859e-03     0 3.659444e-02 3.585198e+01 1.301017e+02 6.069919e-02 2.421202e-03 
1.821000e+02 4.423745e-02 1.075437e-02 -2.074006e+00 5.101714e+03 1.244181e+03 1.632762e+02  1000  5000 -2.327177e-03     0 3.656325e-02 3.599108e+01 1.301026e+02 6.071864e-02 2.512928e-03 
1.822000e+02 4.564223e-02 1.106369e-02 -2.073026e+00 5.095452e+03 1.232796e+03 1.626276e+02  1000  5000 -2.593303e-03     0 3.653225e-02 3.613153e+01 1.301035e+02 6.073764e-02 2.644653e-03 
1.823000e+02 4.724478e-02 1.137725e-02 -2.072050e+00 5.089202e+03 1.221403e+03 1.619827e+02  1000  5000 -2.457540e-03     0 3.650144e-02 3.627330e+01 1.301043e+02 6.075638e-02 2.826099e-03 
1.824000e+02 4.888267e-02 1.169408e-02 -2.071054e+00 5.082964e+03 1.210004e+03 1.613416e+02  1000  5000 -2.158771e-03     0 3.647008e-02 3.641639e+01 1.301052e+02 6.077520e-02 3.026762e-03 
1.825000e+02 5.044719e-02 1.201252e-02 -2.070004e+00 5.076738e+03 1.198597e+03 1.607042e+02  1000  5000 -1.805515e-03     0 3.643759e-02 3.656080e+01 1.301061e+02 6.079445e-02 3.204077e-03 
1.826000e+02 5.208179e-02 1.233218e-02 -2.068891e+00 5.070525e+03 1.187183e+03 1.600705e+02  1000  5000 -3.911342e-03     0 3.640400e-02 3.670649e+01 1.301070e+02 6.081382e-02 3.357412e-03 
1.827000e+02 5.421517e-02 1.265656e-02 -2.067778e+00 5.064326e+03 1.175762e+03 1.594407e+02  1000  5000 -4.395091e-03     0 3.637071e-02 3.685348e+01 1.301079e+02 6.083213e-02 3.583974e-03 
1.828000e+02 5.669363e-02 1.298686e-02 -2.066681e+00 5.058141e+03 1.164332e+03 1.588147e+02  1000  5000 -4.212175e-03     0 3.633783e-02 3.700173e+01 1.301088e+02 6.084980e-02 3.899562e-03 
1.829000e+02 5.924579e-02 1.332119e-02 -2.065562e+00 5.051970e+03 1.152895e+03 1.581926e+02  1000  5000 -3.756469e-03     0 3.630388e-02 3.715126e+01 1.301098e+02 6.086758e-02 4.252521e-03 
  183 6.168982e-02 1.365613e-02 -2.064361e+00 5.045814e+03 1.141448e+03 1.575742e+02  1000  5000 -3.207372e-03     0 3.626763e-02 3.730204e+01 1.301108e+02 6.088626e-02 4.570603e-03 
1.831000e+02 6.431439e-02 1.399107e-02 -2.063067e+00 5.039675e+03 1.129994e+03 1.569597e+02  1000  5000 -7.354149e-03     0 3.622900e-02 3.745406e+01 1.301118e+02 6.090486e-02 4.860088e-03 
1.832000e+02 6.794331e-02 1.433469e-02 -2.061803e+00 5.033551e+03 1.118529e+03 1.563490e+02  1000  5000 -8.393335e-03     0 3.619141e-02 3.760733e+01 1.301129e+02 6.091995e-02 5.310646e-03 
1.833000e+02 7.227841e-02 1.469044e-02 -2.060601e+00 5.027445e+03 1.107056e+03 1.557422e+02  1000  5000 -8.148202e-03     0 3.615550e-02 3.776182e+01 1.301140e+02 6.093253e-02 5.952320e-03 
1.834000e+02 7.679330e-02 1.505390e-02 -2.059383e+00 5.021358e+03 1.095572e+03 1.551391e+02  1000  5000 -7.371628e-03     0 3.611789e-02 3.791754e+01 1.301152e+02 6.094468e-02 6.682852e-03 
1.835000e+02 8.113470e-02 1.541629e-02 -2.058030e+00 5.015290e+03 1.084077e+03 1.545398e+02  1000  5000 -6.407545e-03     0 3.607536e-02 3.807448e+01 1.301165e+02 6.095874e-02 7.358463e-03 
1.836000e+02 8.609789e-02 1.577777e-02 -2.056540e+00 5.009243e+03 1.072572e+03 1.539441e+02  1000  5000 -1.740384e-02     0 3.602724e-02 3.823263e+01 1.301179e+02 6.096953e-02 8.029242e-03 
1.837000e+02 9.379107e-02 1.617095e-02 -2.055246e+00 5.003218e+03 1.061054e+03 1.533521e+02  1000  5000 -2.045902e-02     0 3.598189e-02 3.839198e+01 1.301194e+02 6.096145e-02 9.197820e-03 
1.838000e+02 1.034378e-01 1.661319e-02 -2.054229e+00 4.997216e+03 1.049524e+03 1.527635e+02  1000  5000 -2.020424e-02     0 3.594706e-02 3.855251e+01 1.301211e+02 6.093736e-02 1.094288e-02 
1.839000e+02 1.136755e-01 1.709174e-02 -2.053279e+00 4.991240e+03 1.037980e+03 1.521781e+02  1000  5000 -1.856050e-02     0 3.593261e-02 3.871432e+01 1.301230e+02 6.090490e-02 1.299157e-02 
  184 1.235877e-01 1.757072e-02 -2.052068e+00 4.985293e+03 1.026421e+03 1.515956e+02  1000  5000 -1.640906e-02     0 3.590117e-02 3.887739e+01 1.301251e+02 6.087293e-02 1.495555e-02 
1.841000e+02 1.370448e-01 1.807823e-02 -2.050782e+00 4.979376e+03 1.014846e+03 1.510157e+02  1000  5000 -6.758110e-02     0 3.583605e-02 3.904171e+01 1.301276e+02 6.078541e-02 1.727630e-02 
1.842000e+02 1.634424e-01 1.889597e-02 -2.051010e+00 4.973492e+03 1.003253e+03 1.504378e+02  1000  5000 -8.318530e-02     0 3.587921e-02 3.920735e+01 1.301306e+02 6.046267e-02 2.231631e-02 
1.843000e+02 1.993180e-01 2.025049e-02 -2.053104e+00 4.967649e+03 9.916404e+02 1.498604e+02  1000  5000 -8.390851e-02     0 3.613046e-02 3.937443e+01 1.301344e+02 5.984968e-02 3.044704e-02 
1.844000e+02 2.384835e-01 2.213959e-02 -2.056058e+00 4.961852e+03 9.800036e+02 1.492811e+02  1000  5000 -7.830398e-02     0 3.657520e-02 3.954316e+01 1.301392e+02 5.898465e-02 4.038479e-02 
1.845000e+02 2.767541e-01 2.430049e-02 -2.058278e+00 4.956109e+03 9.683395e+02 1.486967e+02  5000 10000 -7.029192e-02     0 3.721758e-02 3.971382e+01 1.301451e+02 5.801609e-02 5.027880e-02 
1.846000e+02 3.122230e-01 2.626132e-02 -2.058230e+00 4.950428e+03 9.566449e+02 1.481038e+02  5000 10000 -6.173355e-02     0 3.787685e-02 3.988677e+01 1.301526e+02 5.711627e-02 5.841265e-02 
1.847000e+02 3.445004e-01 2.750336e-02 -2.054822e+00 4.944816e+03 9.449168e+02 1.474991e+02  5000 10000 -5.344855e-02     0 3.818460e-02 4.006233e+01 1.301629e+02 5.641913e-02 6.358765e-02 
1.848000e+02 3.739377e-01 2.764749e-02 -2.047542e+00 4.939280e+03 9.331522e+02 1.468794e+02  5000 10000 -4.571642e-02     0 3.781035e-02 4.024084e+01 1.301775e+02 5.603092e-02 6.526182e-02 
1.849000e+02 4.010769e-01 2.655915e-02 -2.036430e+00 4.933827e+03 9.213478e+02 1.462415e+02  5000 10000 -3.856103e-02     0 3.663504e-02 4.042263e+01 1.301981e+02 5.605172e-02 6.351688e-02 
  185 4.263423e-01 2.434056e-02 -2.021959e+00 4.928465e+03 9.095002e+02 1.455828e+02  5000 10000 -3.191664e-02     0 3.474421e-02 4.060800e+01 1.302262e+02 5.656066e-02 5.891871e-02 
1.851000e+02 4.499265e-01 2.125425e-02 -2.004883e+00 4.923204e+03 8.976055e+02 1.449009e+02  5000 10000 -2.571682e-02     0 3.231702e-02 4.079720e+01 1.302621e+02 5.758053e-02 5.232847e-02 
1.852000e+02 4.718018e-01 1.763768e-02 -1.986084e+00 4.918052e+03 8.856600e+02 1.441940e+02  5000 10000 -1.993151e-02     0 2.952845e-02 4.099045e+01 1.303057e+02 5.905954e-02 4.471066e-02 
1.853000e+02 4.917952e-01 1.384019e-02 -1.966426e+00 4.913019e+03 8.736602e+02 1.434611e+02  5000 10000 -1.457156e-02     0 2.651112e-02 4.118789e+01 1.303562e+02 6.088659e-02 3.697101e-02 
1.854000e+02 5.096808e-01 1.018373e-02 -1.946641e+00 4.908117e+03 8.616026e+02 1.427016e+02  5000 10000 -9.676339e-03     0 2.335996e-02 4.138962e+01 1.304127e+02 6.292830e-02 2.984266e-02 
1.855000e+02 5.252605e-01 6.936842e-03 -1.927266e+00 4.903353e+03 8.494848e+02 1.419154e+02  5000 10000 -5.295460e-03     0 2.014840e-02 4.159568e+01 1.304741e+02 6.506600e-02 2.382593e-02 
1.856000e+02 5.384211e-01 4.295740e-03 -1.908616e+00 4.898738e+03 8.373046e+02 1.411032e+02  5000 10000 -1.471714e-03     0 1.693896e-02 4.180607e+01 1.305397e+02 6.721697e-02 1.917673e-02 
1.857000e+02 5.491627e-01 2.372338e-03 -1.890804e+00 4.894278e+03 8.250610e+02 1.402658e+02  5000 10000 1.771359e-03     0 1.378565e-02 4.202072e+01 1.306089e+02 6.933688e-02 1.593238e-02 
1.858000e+02 5.576035e-01 1.192776e-03 -1.873785e+00 4.889982e+03 8.127533e+02 1.394049e+02  5000 10000 4.436028e-03     0 1.073230e-02 4.223953e+01 1.306811e+02 7.140907e-02 1.396106e-02 
1.859000e+02 5.639642e-01 7.079318e-04 -1.857412e+00 4.885855e+03 8.003815e+02 1.385224e+02  5000 10000 6.551387e-03     0 7.811157e-03 4.246235e+01 1.307557e+02 7.342965e-02 1.302178e-02 
  186 5.685401e-01 8.139816e-04 -1.841485e+00 4.881903e+03 7.879463e+02 1.376209e+02  5000 10000 8.169948e-03     0 5.043618e-03 4.268897e+01 1.308321e+02 7.539557e-02 1.282360e-02 
1.861000e+02 5.716669e-01 1.378089e-03 -1.825799e+00 4.878130e+03 7.754488e+02 1.367032e+02  5000 10000 9.361266e-03     0 2.442813e-03 4.291914e+01 1.309097e+02 7.729866e-02 1.307629e-02 
1.862000e+02 5.736863e-01 2.263423e-03 -1.810171e+00 4.874540e+03 7.628902e+02 1.357724e+02  5000 10000 1.020413e-02     0 1.667726e-05 4.315260e+01 1.309877e+02 7.912518e-02 1.352738e-02 
1.863000e+02 5.749167e-01 3.348832e-03 -1.794460e+00 4.871136e+03 7.502725e+02 1.348319e+02  5000 10000 1.077874e-02     0 -2.229732e-03 4.338906e+01 1.310654e+02 8.085877e-02 1.398430e-02 
1.864000e+02 5.756313e-01 4.540740e-03 -1.778576e+00 4.867922e+03 7.375976e+02 1.338849e+02  5000 10000 1.115991e-02     0 -4.293204e-03 4.362821e+01 1.311425e+02 8.248391e-02 1.432215e-02 
1.865000e+02 5.760461e-01 5.777161e-03 -1.762475e+00 4.864901e+03 7.248678e+02 1.329346e+02  5000 10000 1.141214e-02     0 -6.172380e-03 4.386976e+01 1.312182e+02 8.398862e-02 1.448010e-02 
1.866000e+02 5.763158e-01 7.025438e-03 -1.746155e+00 4.862075e+03 7.120855e+02 1.319838e+02  5000 10000 1.158671e-02     0 -7.868163e-03 4.411345e+01 1.312921e+02 8.536557e-02 1.444985e-02 
1.867000e+02 5.765388e-01 8.276028e-03 -1.729643e+00 4.859447e+03 6.992534e+02 1.310354e+02  5000 10000 1.172087e-02     0 -9.383985e-03 4.435902e+01 1.313640e+02 8.661200e-02 1.426011e-02 
1.868000e+02 5.767655e-01 9.534666e-03 -1.712986e+00 4.857020e+03 6.863743e+02 1.300919e+02  5000 10000 1.183869e-02     0 -1.072563e-02 4.460625e+01 1.314334e+02 8.772890e-02 1.396039e-02 
1.869000e+02 5.770110e-01 1.081470e-02 -1.696237e+00 4.854796e+03 6.734511e+02 1.291553e+02  5000 10000 1.195316e-02     0 -1.190071e-02 4.485491e+01 1.315001e+02 8.871997e-02 1.360661e-02 
  187 5.772674e-01 1.213074e-02 -1.679446e+00 4.852777e+03 6.604870e+02 1.282278e+02  5000 10000 1.206889e-02     0 -1.291795e-02 4.510483e+01 1.315639e+02 8.959069e-02 1.325015e-02 
1.871000e+02 5.775153e-01 1.349420e-02 -1.662657e+00 4.850966e+03 6.474852e+02 1.273110e+02  5000 10000 1.218501e-02     0 -1.378658e-02 4.535585e+01 1.316247e+02 9.034754e-02 1.293077e-02 
1.872000e+02 5.777331e-01 1.491075e-02 -1.645901e+00 4.849364e+03 6.344492e+02 1.264065e+02  5000 10000 1.229781e-02     0 -1.451586e-02 4.560781e+01 1.316823e+02 9.099744e-02 1.267356e-02 
1.873000e+02 5.779026e-01 1.637954e-02 -1.629195e+00 4.847972e+03 6.213824e+02 1.255157e+02  5000 10000 1.240278e-02     0 -1.511491e-02 4.586058e+01 1.317367e+02 9.154740e-02 1.248897e-02 
1.874000e+02 5.780130e-01 1.789372e-02 -1.612549e+00 4.846793e+03 6.082885e+02 1.246397e+02  5000 10000 1.249611e-02     0 -1.559260e-02 4.611404e+01 1.317876e+02 9.200421e-02 1.237509e-02 
1.875000e+02 5.780616e-01 1.944190e-02 -1.595962e+00 4.845827e+03 5.951711e+02 1.237796e+02  5000 10000 1.257549e-02     0 -1.595765e-02 4.636809e+01 1.318352e+02 9.237437e-02 1.232119e-02 
1.876000e+02 5.780529e-01 2.100997e-02 -1.579427e+00 4.845075e+03 5.820339e+02 1.229363e+02  5000 10000 1.264041e-02     0 -1.621861e-02 4.662262e+01 1.318793e+02 9.266406e-02 1.231161e-02 
1.877000e+02 5.779968e-01 2.258298e-02 -1.562935e+00 4.844539e+03 5.688809e+02 1.221106e+02  5000 10000 1.269191e-02     0 -1.638398e-02 4.687756e+01 1.319201e+02 9.287919e-02 1.232932e-02 
1.878000e+02 5.779059e-01 2.414680e-02 -1.546478e+00 4.844218e+03 5.557158e+02 1.213031e+02  5000 10000 1.273225e-02     0 -1.646220e-02 4.713282e+01 1.319574e+02 9.302548e-02 1.235866e-02 
1.879000e+02 5.777936e-01 2.568918e-02 -1.530048e+00 4.844113e+03 5.425425e+02 1.205143e+02  5000 10000 1.276434e-02     0 -1.646160e-02 4.738834e+01 1.319913e+02 9.310858e-02 1.238715e-02 
  188 5.776720e-01 2.720051e-02 -1.513640e+00 4.844225e+03 5.293649e+02 1.197446e+02  5000 10000 1.279125e-02     0 -1.639040e-02 4.764406e+01 1.320219e+02 9.313407e-02 1.240633e-02 
1.881000e+02 5.775507e-01 2.867397e-02 -1.497251e+00 4.844554e+03 5.161868e+02 1.189943e+02  5000 10000 1.281574e-02     0 -1.625665e-02 4.789994e+01 1.320493e+02 9.310756e-02 1.241178e-02 
1.882000e+02 5.774362e-01 3.010532e-02 -1.480880e+00 4.845098e+03 5.030123e+02 1.182634e+02  5000 10000 1.284003e-02     0 -1.606810e-02 4.815594e+01 1.320736e+02 9.303460e-02 1.240254e-02 
1.883000e+02 5.773317e-01 3.149253e-02 -1.464530e+00 4.845860e+03 4.898452e+02 1.175521e+02  5000 10000 1.286565e-02     0 -1.583223e-02 4.841202e+01 1.320949e+02 9.292068e-02 1.238026e-02 
1.884000e+02 5.772381e-01 3.283519e-02 -1.448203e+00 4.846837e+03 4.766893e+02 1.168603e+02  5000 10000 1.289339e-02     0 -1.555607e-02 4.866816e+01 1.321132e+02 9.277115e-02 1.234812e-02 
1.885000e+02 5.771539e-01 3.413395e-02 -1.431903e+00 4.848030e+03 4.635484e+02 1.161878e+02  5000 10000 1.292345e-02     0 -1.524624e-02 4.892436e+01 1.321288e+02 9.259113e-02 1.230996e-02 
1.886000e+02 5.770766e-01 3.539005e-02 -1.415632e+00 4.849438e+03 4.504265e+02 1.155345e+02  5000 10000 1.295557e-02     0 -1.490886e-02 4.918059e+01 1.321418e+02 9.238547e-02 1.226951e-02 
1.887000e+02 5.770031e-01 3.660490e-02 -1.399393e+00 4.851060e+03 4.373273e+02 1.149001e+02  5000 10000 1.298916e-02     0 -1.454954e-02 4.943685e+01 1.321522e+02 9.215870e-02 1.222984e-02 
1.888000e+02 5.769303e-01 3.777988e-02 -1.383188e+00 4.852897e+03 4.242546e+02 1.142842e+02  5000 10000 1.302354e-02     0 -1.417339e-02 4.969315e+01 1.321602e+02 9.191499e-02 1.219314e-02 
1.889000e+02 5.768556e-01 3.891615e-02 -1.367018e+00 4.854947e+03 4.112120e+02 1.136865e+02  5000 10000 1.305800e-02     0 -1.378504e-02 4.994948e+01 1.321660e+02 9.165814e-02 1.216063e-02 
  189 5.767772e-01 4.001466e-02 -1.350882e+00 4.857209e+03 3.982032e+02 1.131066e+02  5000 10000 1.309195e-02     0 -1.338862e-02 5.020585e+01 1.321698e+02 9.139157e-02 1.213268e-02 
1.891000e+02 5.766938e-01 4.107619e-02 -1.334779e+00 4.859682e+03 3.852319e+02 1.125441e+02  5000 10000 1.312494e-02     0 -1.298783e-02 5.046226e+01 1.321715e+02 9.111835e-02 1.210899e-02 
1.892000e+02 5.766050e-01 4.210142e-02 -1.318709e+00 4.862365e+03 3.723017e+02 1.119985e+02  5000 10000 1.315670e-02     0 -1.258597e-02 5.071873e+01 1.321715e+02 9.084121e-02 1.208885e-02 
1.893000e+02 5.765108e-01 4.309101e-02 -1.302671e+00 4.865258e+03 3.594161e+02 1.114694e+02  5000 10000 1.318710e-02     0 -1.218595e-02 5.097526e+01 1.321697e+02 9.056257e-02 1.207135e-02 
1.894000e+02 5.764118e-01 4.404572e-02 -1.286661e+00 4.868359e+03 3.465786e+02 1.109563e+02  5000 10000 1.321615e-02     0 -1.179035e-02 5.123187e+01 1.321664e+02 9.028456e-02 1.205555e-02 
1.895000e+02 5.763085e-01 4.496644e-02 -1.270679e+00 4.871667e+03 3.337927e+02 1.104587e+02  5000 10000 1.324394e-02     0 -1.140140e-02 5.148855e+01 1.321617e+02 9.000907e-02 1.204066e-02 
1.896000e+02 5.762016e-01 4.585423e-02 -1.254724e+00 4.875180e+03 3.210617e+02 1.099761e+02  5000 10000 1.327059e-02     0 -1.102107e-02 5.174534e+01 1.321557e+02 8.973773e-02 1.202608e-02 
1.897000e+02 5.760917e-01 4.671035e-02 -1.238793e+00 4.878898e+03 3.083890e+02 1.095081e+02  5000 10000 1.329627e-02     0 -1.065105e-02 5.200222e+01 1.321484e+02 8.947199e-02 1.201146e-02 
1.898000e+02 5.759794e-01 4.753622e-02 -1.222886e+00 4.882819e+03 2.957779e+02 1.090542e+02  5000 10000 1.332112e-02     0 -1.029275e-02 5.225923e+01 1.321401e+02 8.921308e-02 1.199663e-02 
1.899000e+02 5.758649e-01 4.833337e-02 -1.207000e+00 4.886941e+03 2.832317e+02 1.086138e+02  5000 10000 1.334523e-02     0 -9.947365e-03 5.251635e+01 1.321308e+02 8.896208e-02 1.198161e-02 
  190 5.757485e-01 4.910346e-02 -1.191137e+00 4.891263e+03 2.707536e+02 1.081867e+02  5000 10000 1.336869e-02     0 -9.615877e-03 5.277362e+01 1.321206e+02 8.871986e-02 1.196651e-02 
1.901000e+02 5.756302e-01 4.984818e-02 -1.175293e+00 4.895784e+03 2.583467e+02 1.077722e+02  5000 10000 1.339155e-02     0 -9.299051e-03 5.303102e+01 1.321097e+02 8.848719e-02 1.195151e-02 
1.902000e+02 5.755101e-01 5.056924e-02 -1.159469e+00 4.900503e+03 2.460143e+02 1.073700e+02  5000 10000 1.341382e-02     0 -8.997465e-03 5.328858e+01 1.320981e+02 8.826464e-02 1.193681e-02 
1.903000e+02 5.753881e-01 5.126833e-02 -1.143663e+00 4.905416e+03 2.337594e+02 1.069797e+02  5000 10000 1.343552e-02     0 -8.711528e-03 5.354630e+01 1.320859e+02 8.805269e-02 1.192255e-02 
1.904000e+02 5.752642e-01 5.194709e-02 -1.127875e+00 4.910524e+03 2.215851e+02 1.066008e+02  5000 10000 1.345663e-02     0 -8.441489e-03 5.380418e+01 1.320732e+02 8.785166e-02 1.190885e-02 
1.905000e+02 5.751384e-01 5.260711e-02 -1.112103e+00 4.915824e+03 2.094943e+02 1.062330e+02  5000 10000 1.347715e-02     0 -8.187455e-03 5.406222e+01 1.320600e+02 8.766176e-02 1.189578e-02 
1.906000e+02 5.750108e-01 5.324990e-02 -1.096347e+00 4.921315e+03 1.974901e+02 1.058759e+02  5000 10000 1.349708e-02     0 -7.949406e-03 5.432044e+01 1.320465e+02 8.748312e-02 1.188333e-02 
1.907000e+02 5.748813e-01 5.387690e-02 -1.080605e+00 4.926995e+03 1.855754e+02 1.055291e+02  5000 10000 1.351643e-02     0 -7.727209e-03 5.457884e+01 1.320327e+02 8.731575e-02 1.187148e-02 
1.908000e+02 5.747502e-01 5.448949e-02 -1.064877e+00 4.932862e+03 1.737530e+02 1.051924e+02  5000 10000 1.353520e-02     0 -7.520635e-03 5.483740e+01 1.320186e+02 8.715959e-02 1.186015e-02 
1.909000e+02 5.746175e-01 5.508897e-02 -1.049161e+00 4.938914e+03 1.620259e+02 1.048654e+02  5000 10000 1.355344e-02     0 -7.329365e-03 5.509615e+01 1.320044e+02 8.701449e-02 1.184927e-02 
  191 5.744835e-01 5.567659e-02 -1.033458e+00 4.945151e+03 1.503969e+02 1.045478e+02  5000 10000 1.357117e-02     0 -7.153010e-03 5.535506e+01 1.319900e+02 8.688025e-02 1.183875e-02 
1.911000e+02 5.743482e-01 5.625351e-02 -1.017765e+00 4.951569e+03 1.388688e+02 1.042393e+02  5000 10000 1.358843e-02     0 -6.991116e-03 5.561415e+01 1.319755e+02 8.675662e-02 1.182851e-02 
1.912000e+02 5.742119e-01 5.682087e-02 -1.002082e+00 4.958168e+03 1.274443e+02 1.039397e+02  5000 10000 1.360526e-02     0 -6.843181e-03 5.587340e+01 1.319610e+02 8.664328e-02 1.181849e-02 
1.913000e+02 5.740747e-01 5.737972e-02 -9.864086e-01 4.964945e+03 1.161261e+02 1.036488e+02  5000 10000 1.362169e-02     0 -6.708655e-03 5.613281e+01 1.319465e+02 8.653989e-02 1.180863e-02 
1.914000e+02 5.739368e-01 5.793108e-02 -9.707439e-01 4.971899e+03 1.049170e+02 1.033664e+02  5000 10000 1.363778e-02     0 -6.586959e-03 5.639238e+01 1.319320e+02 8.644608e-02 1.179890e-02 
1.915000e+02 5.737982e-01 5.847588e-02 -9.550872e-01 4.979027e+03 9.381967e+01 1.030922e+02  5000 10000 1.365354e-02     0 -6.477485e-03 5.665210e+01 1.319176e+02 8.636144e-02 1.178926e-02 
1.916000e+02 5.736592e-01 5.901502e-02 -9.394380e-01 4.986328e+03 8.283663e+01 1.028260e+02  5000 10000 1.366902e-02     0 -6.379606e-03 5.691195e+01 1.319033e+02 8.628555e-02 1.177972e-02 
1.917000e+02 5.735198e-01 5.954933e-02 -9.237957e-01 4.993799e+03 7.197053e+01 1.025678e+02  5000 10000 1.368424e-02     0 -6.292681e-03 5.717193e+01 1.318890e+02 8.621798e-02 1.177025e-02 
1.918000e+02 5.733802e-01 6.007957e-02 -9.081599e-01 5.001440e+03 6.122394e+01 1.023173e+02  5000 10000 1.369923e-02     0 -6.216064e-03 5.743203e+01 1.318749e+02 8.615826e-02 1.176086e-02 
1.919000e+02 5.732403e-01 6.060645e-02 -8.925301e-01 5.009247e+03 5.059938e+01 1.020744e+02  5000 10000 1.371401e-02     0 -6.149103e-03 5.769224e+01 1.318610e+02 8.610596e-02 1.175154e-02 
  192 5.731003e-01 6.113062e-02 -8.769058e-01 5.017218e+03 4.009935e+01 1.018389e+02  5000 10000 1.372861e-02     0 -6.091152e-03 5.795254e+01 1.318472e+02 8.606061e-02 1.174227e-02 
1.921000e+02 5.729603e-01 6.165268e-02 -8.612867e-01 5.025352e+03 2.972634e+01 1.016109e+02  5000 10000 1.374303e-02     0 -6.041569e-03 5.821293e+01 1.318335e+02 8.602176e-02 1.173307e-02 
1.922000e+02 5.728202e-01 6.217314e-02 -8.456725e-01 5.033647e+03 1.948277e+01 1.013902e+02  5000 10000 1.375730e-02     0 -5.999724e-03 5.847338e+01 1.318201e+02 8.598894e-02 1.172392e-02 
1.923000e+02 5.726803e-01 6.269250e-02 -8.300629e-01 5.042100e+03 9.371046e+00 1.011766e+02  5000 10000 1.377144e-02     0 -5.964999e-03 5.873388e+01 1.318068e+02 8.596172e-02 1.171480e-02 
1.924000e+02 5.725404e-01 6.321117e-02 -8.144576e-01 5.050709e+03 -6.064518e-01 1.009702e+02  5000 10000 1.378545e-02     0 -5.936791e-03 5.899443e+01 1.317938e+02 8.593965e-02 1.170571e-02 
1.925000e+02 5.724008e-01 6.372953e-02 -7.988563e-01 5.059472e+03 -1.044739e+01 1.007708e+02  5000 10000 1.379936e-02     0 -5.914519e-03 5.925499e+01 1.317809e+02 8.592231e-02 1.169664e-02 
1.926000e+02 5.722614e-01 6.424793e-02 -7.832589e-01 5.068387e+03 -2.014945e+01 1.005785e+02  5000 10000 1.381318e-02     0 -5.897619e-03 5.951556e+01 1.317682e+02 8.590928e-02 1.168757e-02 
1.927000e+02 5.721223e-01 6.476663e-02 -7.676651e-01 5.077451e+03 -2.971036e+01 1.003931e+02  5000 10000 1.382691e-02     0 -5.885552e-03 5.977613e+01 1.317558e+02 8.590015e-02 1.167850e-02 
1.928000e+02 5.719835e-01 6.528589e-02 -7.520749e-01 5.086663e+03 -3.912789e+01 1.002147e+02  5000 10000 1.384059e-02     0 -5.877799e-03 6.003666e+01 1.317435e+02 8.589455e-02 1.166942e-02 
1.929000e+02 5.718451e-01 6.580593e-02 -7.364880e-01 5.096019e+03 -4.839982e+01 1.000431e+02  5000 10000 1.385420e-02     0 -5.873869e-03 6.029715e+01 1.317314e+02 8.589209e-02 1.166031e-02 
  193 5.717071e-01 6.632691e-02 -7.209044e-01 5.105519e+03 -5.752399e+01 9.987842e+01  5000 10000 1.386777e-02     0 -5.873294e-03 6.055757e+01 1.317196e+02 8.589244e-02 1.165119e-02 
1.931000e+02 5.715696e-01 6.684897e-02 -7.053240e-01 5.115158e+03 -6.649825e+01 9.972061e+01  5000 10000 1.388131e-02     0 -5.875632e-03 6.081791e+01 1.317079e+02 8.589525e-02 1.164203e-02 
1.932000e+02 5.714325e-01 6.737223e-02 -6.897466e-01 5.124935e+03 -7.532050e+01 9.956964e+01  5000 10000 1.389482e-02     0 -5.880467e-03 6.107815e+01 1.316964e+02 8.590020e-02 1.163284e-02 
1.933000e+02 5.712959e-01 6.789677e-02 -6.741724e-01 5.134848e+03 -8.398868e+01 9.942551e+01  5000 10000 1.390830e-02     0 -5.887408e-03 6.133827e+01 1.316851e+02 8.590699e-02 1.162361e-02 
1.934000e+02 5.711598e-01 6.842265e-02 -6.586012e-01 5.144894e+03 -9.250076e+01 9.928822e+01  5000 10000 1.392177e-02     0 -5.896092e-03 6.159826e+01 1.316740e+02 8.591535e-02 1.161436e-02 
1.935000e+02 5.710243e-01 6.894991e-02 -6.430330e-01 5.155070e+03 -1.008548e+02 9.915777e+01  5000 10000 1.393524e-02     0 -5.906177e-03 6.185808e+01 1.316630e+02 8.592500e-02 1.160506e-02 
1.936000e+02 5.708892e-01 6.947855e-02 -6.274679e-01 5.165374e+03 -1.090487e+02 9.903417e+01  5000 10000 1.394869e-02     0 -5.917351e-03 6.211773e+01 1.316522e+02 8.593571e-02 1.159574e-02 
1.937000e+02 5.707547e-01 7.000856e-02 -6.119057e-01 5.175804e+03 -1.170807e+02 9.891742e+01  5000 10000 1.396214e-02     0 -5.929322e-03 6.237718e+01 1.316416e+02 8.594724e-02 1.158638e-02 
1.938000e+02 5.706208e-01 7.053994e-02 -5.963467e-01 5.186357e+03 -1.249488e+02 9.880753e+01  5000 10000 1.397560e-02     0 -5.941823e-03 6.263641e+01 1.316312e+02 8.595939e-02 1.157698e-02 
1.939000e+02 5.704874e-01 7.107263e-02 -5.807907e-01 5.197030e+03 -1.326513e+02 9.870451e+01  5000 10000 1.398905e-02     0 -5.954612e-03 6.289541e+01 1.316208e+02 8.597196e-02 1.156756e-02 
  194 5.703546e-01 7.160658e-02 -5.652379e-01 5.207820e+03 -1.401862e+02 9.860838e+01  5000 10000 1.400251e-02     0 -5.967465e-03 6.315415e+01 1.316107e+02 8.598478e-02 1.155810e-02 
1.941000e+02 5.702223e-01 7.214173e-02 -5.496883e-01 5.218726e+03 -1.475520e+02 9.851915e+01  5000 10000 1.401597e-02     0 -5.980182e-03 6.341262e+01 1.316006e+02 8.599767e-02 1.154861e-02 
1.942000e+02 5.700906e-01 7.267800e-02 -5.341419e-01 5.229744e+03 -1.547468e+02 9.843683e+01  5000 10000 1.402944e-02     0 -5.992582e-03 6.367079e+01 1.315907e+02 8.601050e-02 1.153909e-02 
1.943000e+02 5.699594e-01 7.321530e-02 -5.185989e-01 5.240872e+03 -1.617690e+02 9.836143e+01  5000 10000 1.404291e-02     0 -6.004503e-03 6.392864e+01 1.315809e+02 8.602314e-02 1.152955e-02 
1.944000e+02 5.698287e-01 7.375355e-02 -5.030592e-01 5.252107e+03 -1.686169e+02 9.829299e+01  5000 10000 1.405639e-02     0 -6.015803e-03 6.418617e+01 1.315712e+02 8.603545e-02 1.151998e-02 
1.945000e+02 5.696986e-01 7.429263e-02 -4.875230e-01 5.263446e+03 -1.752890e+02 9.823149e+01  5000 10000 1.406988e-02     0 -6.026354e-03 6.444334e+01 1.315616e+02 8.604735e-02 1.151038e-02 
1.946000e+02 5.695691e-01 7.483245e-02 -4.719903e-01 5.274886e+03 -1.817837e+02 9.817698e+01  5000 10000 1.408337e-02     0 -6.036048e-03 6.470013e+01 1.315522e+02 8.605873e-02 1.150077e-02 
1.947000e+02 5.694400e-01 7.537291e-02 -4.564613e-01 5.286425e+03 -1.880995e+02 9.812945e+01  5000 10000 1.409686e-02     0 -6.044788e-03 6.495653e+01 1.315428e+02 8.606952e-02 1.149113e-02 
1.948000e+02 5.693115e-01 7.591387e-02 -4.409360e-01 5.298061e+03 -1.942349e+02 9.808892e+01  5000 10000 1.411035e-02     0 -6.052493e-03 6.521252e+01 1.315335e+02 8.607964e-02 1.148148e-02 
1.949000e+02 5.691835e-01 7.645524e-02 -4.254145e-01 5.309789e+03 -2.001886e+02 9.805540e+01  5000 10000 1.412384e-02     0 -6.059097e-03 6.546808e+01 1.315243e+02 8.608904e-02 1.147181e-02 
  195 5.690559e-01 7.699690e-02 -4.098970e-01 5.321607e+03 -2.059591e+02 9.802892e+01  5000 10000 1.413733e-02     0 -6.064543e-03 6.572319e+01 1.315152e+02 8.609766e-02 1.146213e-02 
1.951000e+02 5.689289e-01 7.753872e-02 -3.943834e-01 5.333512e+03 -2.115452e+02 9.800947e+01  5000 10000 1.415081e-02     0 -6.068786e-03 6.597784e+01 1.315061e+02 8.610546e-02 1.145243e-02 
1.952000e+02 5.688023e-01 7.808059e-02 -3.788740e-01 5.345502e+03 -2.169455e+02 9.799707e+01  5000 10000 1.416429e-02     0 -6.071794e-03 6.623199e+01 1.314971e+02 8.611240e-02 1.144273e-02 
1.953000e+02 5.686762e-01 7.862241e-02 -3.633689e-01 5.357574e+03 -2.221588e+02 9.799172e+01  5000 10000 1.417776e-02     0 -6.073539e-03 6.648564e+01 1.314882e+02 8.611847e-02 1.143303e-02 
1.954000e+02 5.685505e-01 7.916404e-02 -3.478681e-01 5.369724e+03 -2.271840e+02 9.799345e+01  5000 10000 1.419122e-02     0 -6.074007e-03 6.673876e+01 1.314793e+02 8.612364e-02 1.142332e-02 
1.955000e+02 5.684253e-01 7.970538e-02 -3.323719e-01 5.381950e+03 -2.320199e+02 9.800224e+01  5000 10000 1.420466e-02     0 -6.073188e-03 6.699134e+01 1.314705e+02 8.612789e-02 1.141361e-02 
1.956000e+02 5.683005e-01 8.024631e-02 -3.168803e-01 5.394248e+03 -2.366654e+02 9.801810e+01  5000 10000 1.421809e-02     0 -6.071081e-03 6.724336e+01 1.314618e+02 8.613122e-02 1.140390e-02 
1.957000e+02 5.681761e-01 8.078674e-02 -3.013936e-01 5.406616e+03 -2.411195e+02 9.804105e+01  5000 10000 1.423150e-02     0 -6.067689e-03 6.749479e+01 1.314531e+02 8.613364e-02 1.139420e-02 
1.958000e+02 5.680521e-01 8.132654e-02 -2.859119e-01 5.419051e+03 -2.453811e+02 9.807108e+01  5000 10000 1.424488e-02     0 -6.063024e-03 6.774564e+01 1.314444e+02 8.613513e-02 1.138450e-02 
1.959000e+02 5.679285e-01 8.186561e-02 -2.704353e-01 5.431549e+03 -2.494494e+02 9.810819e+01  5000 10000 1.425825e-02     0 -6.057099e-03 6.799586e+01 1.314358e+02 8.613570e-02 1.137481e-02 
  196 5.678053e-01 8.240386e-02 -2.549643e-01 5.444108e+03 -2.533233e+02 9.815237e+01  5000 10000 1.427159e-02     0 -6.049933e-03 6.824545e+01 1.314272e+02 8.613537e-02 1.136513e-02 
1.961000e+02 5.676824e-01 8.294119e-02 -2.394990e-01 5.456725e+03 -2.570021e+02 9.820364e+01  5000 10000 1.428489e-02     0 -6.041549e-03 6.849440e+01 1.314187e+02 8.613414e-02 1.135547e-02 
1.962000e+02 5.675599e-01 8.347750e-02 -2.240397e-01 5.469396e+03 -2.604850e+02 9.826198e+01  5000 10000 1.429817e-02     0 -6.031972e-03 6.874267e+01 1.314102e+02 8.613204e-02 1.134581e-02 
1.963000e+02 5.674377e-01 8.401269e-02 -2.085870e-01 5.482119e+03 -2.637711e+02 9.832739e+01  5000 10000 1.431141e-02     0 -6.021230e-03 6.899026e+01 1.314017e+02 8.612908e-02 1.133617e-02 
1.964000e+02 5.673159e-01 8.454668e-02 -1.931414e-01 5.494890e+03 -2.668598e+02 9.839987e+01  5000 10000 1.432462e-02     0 -6.009354e-03 6.923715e+01 1.313933e+02 8.612527e-02 1.132655e-02 
1.965000e+02 5.671944e-01 8.507939e-02 -1.777036e-01 5.507707e+03 -2.697505e+02 9.847940e+01  5000 10000 1.433779e-02     0 -5.996375e-03 6.948332e+01 1.313849e+02 8.612065e-02 1.131695e-02 
1.966000e+02 5.670732e-01 8.561074e-02 -1.622746e-01 5.520565e+03 -2.724424e+02 9.856597e+01  5000 10000 1.435092e-02     0 -5.982326e-03 6.972875e+01 1.313765e+02 8.611522e-02 1.130737e-02 
1.967000e+02 5.669523e-01 8.614064e-02 -1.468558e-01 5.533464e+03 -2.749351e+02 9.865958e+01  5000 10000 1.436400e-02     0 -5.967242e-03 6.997343e+01 1.313681e+02 8.610902e-02 1.129782e-02 
1.968000e+02 5.668317e-01 8.666902e-02 -1.314492e-01 5.546398e+03 -2.772281e+02 9.876021e+01  5000 10000 1.437704e-02     0 -5.951156e-03 7.021734e+01 1.313598e+02 8.610207e-02 1.128828e-02 
1.969000e+02 5.667113e-01 8.719581e-02 -1.160577e-01 5.559365e+03 -2.793208e+02 9.886785e+01  5000 10000 1.439003e-02     0 -5.934105e-03 7.046047e+01 1.313515e+02 8.609439e-02 1.127878e-02 
  197 5.665913e-01 8.772094e-02 -1.006863e-01 5.572362e+03 -2.812128e+02 9.898248e+01  5000 10000 1.440297e-02     0 -5.916123e-03 7.070280e+01 1.313432e+02 8.608602e-02 1.126930e-02 
1.971000e+02 5.664715e-01 8.824434e-02 -8.534327e-02 5.585386e+03 -2.829039e+02 9.910410e+01  5000 10000 1.441586e-02     0 -5.897245e-03 7.094431e+01 1.313349e+02 8.607696e-02 1.125984e-02 
1.972000e+02 5.663519e-01 8.876596e-02 -7.004416e-02 5.598434e+03 -2.843936e+02 9.923268e+01  5000 10000 1.442870e-02     0 -5.877505e-03 7.118498e+01 1.313267e+02 8.606725e-02 1.125042e-02 
1.973000e+02 5.662327e-01 8.928573e-02 -5.482173e-02 5.611502e+03 -2.856817e+02 9.936820e+01  5000 10000 1.444147e-02     0 -5.856938e-03 7.142481e+01 1.313185e+02 8.605692e-02 1.124103e-02 
1.974000e+02 5.661136e-01 8.980359e-02 -3.975858e-02 5.624587e+03 -2.867680e+02 9.951065e+01  5000 10000 1.445420e-02     0 -5.835577e-03 7.166377e+01 1.313103e+02 8.604598e-02 1.123166e-02 
1.975000e+02 5.659948e-01 9.031950e-02 -2.513377e-02 5.637687e+03 -2.876522e+02 9.966001e+01  5000 10000 1.446686e-02     0 -5.813454e-03 7.190185e+01 1.313021e+02 8.603447e-02 1.122234e-02 
1.976000e+02 5.658762e-01 9.083340e-02 -1.256414e-02 5.650798e+03 -2.883344e+02 9.981625e+01  5000 10000 1.447946e-02     0 -5.790601e-03 7.213904e+01 1.312939e+02 8.602240e-02 1.121304e-02 
1.977000e+02 5.657578e-01 9.134524e-02 1.259946e-02 5.663917e+03 -2.888143e+02 9.997936e+01  5000 10000 1.449200e-02     0 -5.767048e-03 7.237531e+01 1.312858e+02 8.600979e-02 1.120378e-02 
1.978000e+02 5.656396e-01 9.185497e-02 2.517771e-02 5.677041e+03 -2.890921e+02 1.001493e+02  5000 10000 1.450448e-02     0 -5.742824e-03 7.261066e+01 1.312777e+02 8.599668e-02 1.119455e-02 
1.979000e+02 5.655216e-01 9.236256e-02 3.978584e-02 5.690167e+03 -2.891676e+02 1.003261e+02  5000 10000 1.451689e-02     0 -5.717959e-03 7.284507e+01 1.312696e+02 8.598307e-02 1.118536e-02 
  198 5.654038e-01 9.286795e-02 5.482037e-02 5.703291e+03 -2.890410e+02 1.005096e+02  5000 10000 1.452923e-02     0 -5.692478e-03 7.307852e+01 1.312615e+02 8.596900e-02 1.117621e-02 
1.981000e+02 5.649910e-01 9.335393e-02 7.003281e-02 5.716412e+03 -2.887125e+02 1.007000e+02  5000 10000 1.821548e-02     0 -5.669551e-03 7.331099e+01 1.312534e+02 8.595792e-02 1.110702e-02 
1.982000e+02 5.636112e-01 9.375915e-02 8.543950e-02 5.729524e+03 -2.881821e+02 1.008971e+02  5000 10000 1.945047e-02     0 -5.662421e-03 7.354248e+01 1.312454e+02 8.595858e-02 1.078591e-02 
1.983000e+02 5.615275e-01 9.407194e-02 1.010395e-01 5.742626e+03 -2.874506e+02 1.011013e+02  5000 10000 1.964828e-02     0 -5.660514e-03 7.377295e+01 1.312373e+02 8.597076e-02 1.018687e-02 
1.984000e+02 5.591831e-01 9.433383e-02 1.167578e-01 5.755715e+03 -2.865184e+02 1.013127e+02  5000 10000 1.939871e-02     0 -5.639421e-03 7.400235e+01 1.312290e+02 8.598975e-02 9.413848e-03 
1.985000e+02 5.568711e-01 9.460702e-02 1.324802e-01 5.768786e+03 -2.853865e+02 1.015317e+02  5000 10000 1.897464e-02     0 -5.588370e-03 7.423064e+01 1.312206e+02 8.600768e-02 8.615140e-03 
1.986000e+02 5.541858e-01 9.491979e-02 1.481435e-01 5.781838e+03 -2.840554e+02 1.017586e+02  5000 10000 2.515734e-02     0 -5.514742e-03 7.445776e+01 1.312118e+02 8.602054e-02 7.820320e-03 
1.987000e+02 5.499307e-01 9.520686e-02 1.638395e-01 5.794867e+03 -2.825263e+02 1.019938e+02  5000 10000 2.691243e-02     0 -5.443135e-03 7.468366e+01 1.312026e+02 8.603337e-02 6.780290e-03 
1.988000e+02 5.445502e-01 9.547053e-02 1.795751e-01 5.807870e+03 -2.808006e+02 1.022380e+02  5000 10000 2.681802e-02     0 -5.349937e-03 7.490828e+01 1.311929e+02 8.604352e-02 5.494967e-03 
1.989000e+02 5.388035e-01 9.578300e-02 1.952315e-01 5.820845e+03 -2.788800e+02 1.024918e+02  5000 10000 2.594200e-02     0 -5.189374e-03 7.513150e+01 1.311824e+02 8.604423e-02 4.151080e-03 
  199 5.331893e-01 9.623092e-02 2.106374e-01 5.833789e+03 -2.767663e+02 1.027561e+02  5000 10000 2.477264e-02     0 -4.946692e-03 7.535324e+01 1.311710e+02 8.602320e-02 2.978092e-03 
1.991000e+02 5.273877e-01 9.685100e-02 2.256877e-01 5.846698e+03 -2.744617e+02 1.030318e+02  5000 10000 3.027756e-02     0 -4.637478e-03 7.557338e+01 1.311585e+02 8.596812e-02 2.054425e-03 
1.992000e+02 5.202111e-01 9.757247e-02 2.404694e-01 5.859571e+03 -2.719684e+02 1.033195e+02  5000 10000 3.132159e-02     0 -4.289155e-03 7.579183e+01 1.311447e+02 8.587532e-02 1.136114e-03 
1.993000e+02 5.121047e-01 9.837508e-02 2.550100e-01 5.872404e+03 -2.692891e+02 1.036204e+02  5000 10000 3.053282e-02     0 -3.878064e-03 7.600848e+01 1.311296e+02 8.574618e-02 1.942321e-04 
1.994000e+02 5.038281e-01 9.929221e-02 2.692316e-01 5.885196e+03 -2.664269e+02 1.039353e+02  5000 10000 2.899773e-02     0 -3.365905e-03 7.622319e+01 1.311128e+02 8.557915e-02 -6.375725e-04 
1.995000e+02 4.958837e-01 1.003634e-01 2.830166e-01 5.897944e+03 -2.633852e+02 1.042655e+02  5000 10000 2.721191e-02     0 -2.749164e-03 7.643584e+01 1.310942e+02 8.536512e-02 -1.195685e-03 
1.996000e+02 4.880017e-01 1.015833e-01 2.963157e-01 5.910647e+03 -2.601672e+02 1.046116e+02  5000 10000 3.164361e-02     0 -2.049915e-03 7.664631e+01 1.310737e+02 8.509273e-02 -1.460119e-03 
1.997000e+02 4.791014e-01 1.028575e-01 3.092641e-01 5.923302e+03 -2.567765e+02 1.049746e+02  5000 10000 3.200069e-02     0 -1.293580e-03 7.685448e+01 1.310512e+02 8.475893e-02 -1.706254e-03 
1.998000e+02 4.696032e-01 1.041411e-01 3.219343e-01 5.935907e+03 -2.532170e+02 1.053553e+02  5000 10000 3.072106e-02     0 -4.636578e-04 7.706026e+01 1.310267e+02 8.437087e-02 -2.004100e-03 
1.999000e+02 4.602108e-01 1.054417e-01 3.342913e-01 5.948461e+03 -2.494928e+02 1.057543e+02  5000 10000 2.881298e-02     0 4.630061e-04 7.726352e+01 1.309999e+02 8.393180e-02 -2.262991e-03 
  200 4.513832e-01 1.067793e-01 3.462530e-01 5.960964e+03 -2.456081e+02 1.061724e+02  5000 10000 2.673577e-02     0 1.479971e-03 7.746418e+01 1.309710e+02 8.343772e-02 -2.352168e-03 
2.001000e+02 4.428884e-01 1.081425e-01 3.577884e-01 5.973412e+03 -2.415670e+02 1.066099e+02  5000 10000 3.011845e-02     0 2.574144e-03 7.766206e+01 1.309398e+02 8.288051e-02 -2.254885e-03 
2.002000e+02 4.337766e-01 1.094612e-01 3.690278e-01 5.985806e+03 -2.373736e+02 1.070671e+02  5000 10000 3.002716e-02     0 3.682703e-03 7.785730e+01 1.309065e+02 8.226652e-02 -2.203078e-03 
2.003000e+02 4.243877e-01 1.107057e-01 3.800377e-01 5.998145e+03 -2.330322e+02 1.075441e+02  5000 10000 2.857712e-02     0 4.852481e-03 7.804973e+01 1.308710e+02 8.160797e-02 -2.249059e-03 
2.004000e+02 4.153006e-01 1.118881e-01 3.907866e-01 6.010427e+03 -2.285471e+02 1.080408e+02  5000 10000 2.663860e-02     0 6.083465e-03 7.823933e+01 1.308336e+02 8.091167e-02 -2.305792e-03 
2.005000e+02 4.068808e-01 1.130310e-01 4.012007e-01 6.022653e+03 -2.239226e+02 1.085573e+02  5000 10000 2.460341e-02     0 7.358773e-03 7.842606e+01 1.307942e+02 8.017834e-02 -2.251786e-03 
2.006000e+02 3.988998e-01 1.141360e-01 4.112532e-01 6.034822e+03 -2.191627e+02 1.090931e+02  5000 10000 2.732314e-02     0 8.655828e-03 7.860991e+01 1.307530e+02 7.940858e-02 -2.063757e-03 
2.007000e+02 3.905147e-01 1.151537e-01 4.210579e-01 6.046933e+03 -2.142715e+02 1.096477e+02  5000 10000 2.708176e-02     0 9.953759e-03 7.879089e+01 1.307102e+02 7.860896e-02 -1.932423e-03 
2.008000e+02 3.819941e-01 1.160686e-01 4.306721e-01 6.058986e+03 -2.092528e+02 1.102207e+02  5000 10000 2.569874e-02     0 1.125489e-02 7.896902e+01 1.306659e+02 7.779239e-02 -1.898226e-03 
2.009000e+02 3.738152e-01 1.168979e-01 4.400685e-01 6.070981e+03 -2.041109e+02 1.108114e+02  5000 10000 2.391930e-02     0 1.256501e-02 7.914432e+01 1.306203e+02 7.696793e-02 -1.884378e-03 
  201 3.662752e-01 1.176667e-01 4.491842e-01 6.082918e+03 -1.988493e+02 1.114190e+02  5000 10000 2.207633e-02     0 1.387452e-02 7.931681e+01 1.305737e+02 7.613911e-02 -1.785576e-03 
2.011000e+02 3.591631e-01 1.183819e-01 4.579976e-01 6.094798e+03 -1.934719e+02 1.120427e+02  5000 10000 2.437304e-02     0 1.516529e-02 7.948654e+01 1.305261e+02 7.530774e-02 -1.580722e-03 
2.012000e+02 3.517416e-01 1.190092e-01 4.666113e-01 6.106620e+03 -1.879821e+02 1.126817e+02  5000 10000 2.411371e-02     0 1.641994e-02 7.965356e+01 1.304777e+02 7.447923e-02 -1.432210e-03 
2.013000e+02 3.442349e-01 1.195408e-01 4.750758e-01 6.118385e+03 -1.823834e+02 1.133350e+02  5000 10000 2.287419e-02     0 1.764064e-02 7.981792e+01 1.304289e+02 7.366334e-02 -1.374913e-03 
2.014000e+02 3.370486e-01 1.199947e-01 4.833667e-01 6.130092e+03 -1.766791e+02 1.140016e+02  5000 10000 2.129868e-02     0 1.883370e-02 7.997967e+01 1.303797e+02 7.286653e-02 -1.343033e-03 
2.015000e+02 3.304346e-01 1.203944e-01 4.914285e-01 6.141743e+03 -1.708725e+02 1.146807e+02  5000 10000 1.967404e-02     0 1.999395e-02 8.013888e+01 1.303303e+02 7.209076e-02 -1.245556e-03 
2.016000e+02 3.242045e-01 1.207488e-01 4.992425e-01 6.153338e+03 -1.649667e+02 1.153712e+02  5000 10000 2.167465e-02     0 2.110947e-02 8.029559e+01 1.302810e+02 7.133638e-02 -1.063151e-03 
2.017000e+02 3.177136e-01 1.210335e-01 5.068995e-01 6.164877e+03 -1.589645e+02 1.160722e+02  5000 10000 2.144235e-02     0 2.216858e-02 8.044988e+01 1.302318e+02 7.060641e-02 -9.346129e-04 
2.018000e+02 3.111548e-01 1.212450e-01 5.144418e-01 6.176361e+03 -1.528689e+02 1.167827e+02  5000 10000 2.035498e-02     0 2.317505e-02 8.060181e+01 1.301829e+02 6.990681e-02 -8.894186e-04 
2.019000e+02 3.048789e-01 1.214002e-01 5.218459e-01 6.187790e+03 -1.466824e+02 1.175018e+02  5000 10000 1.897517e-02     0 2.413642e-02 8.075142e+01 1.301346e+02 6.924095e-02 -8.697980e-04 
  202 2.991034e-01 1.215200e-01 5.290611e-01 6.199165e+03 -1.404079e+02 1.182286e+02  5000 10000 1.755307e-02     0 2.505131e-02 8.089879e+01 1.300868e+02 6.860869e-02 -7.956781e-04 
2.021000e+02 2.936605e-01 1.216127e-01 5.360697e-01 6.210486e+03 -1.340478e+02 1.189622e+02  5000 10000 1.934176e-02     0 2.591284e-02 8.104396e+01 1.300399e+02 6.800868e-02 -6.491606e-04 
2.022000e+02 2.879807e-01 1.216600e-01 5.429520e-01 6.221755e+03 -1.276044e+02 1.197018e+02  5000 10000 1.915115e-02     0 2.671385e-02 8.118699e+01 1.299937e+02 6.744168e-02 -5.508138e-04 
2.023000e+02 2.822336e-01 1.216600e-01 5.497439e-01 6.232971e+03 -1.210799e+02 1.204466e+02  5000 10000 1.820163e-02     0 2.745946e-02 8.132793e+01 1.299486e+02 6.691063e-02 -5.262462e-04 
2.024000e+02 2.767287e-01 1.216270e-01 5.564224e-01 6.244135e+03 -1.144767e+02 1.211959e+02  5000 10000 1.699129e-02     0 2.815798e-02 8.146683e+01 1.299045e+02 6.641653e-02 -5.244345e-04 
2.025000e+02 2.716583e-01 1.215783e-01 5.629409e-01 6.255248e+03 -1.077968e+02 1.219490e+02  5000 10000 1.574149e-02     0 2.881058e-02 8.160373e+01 1.298616e+02 6.595768e-02 -4.744175e-04 
2.026000e+02 2.668726e-01 1.215210e-01 5.692828e-01 6.266311e+03 -1.010423e+02 1.227052e+02  5000 10000 1.736577e-02     0 2.941368e-02 8.173867e+01 1.298199e+02 6.553154e-02 -3.599732e-04 
2.027000e+02 2.618640e-01 1.214397e-01 5.755199e-01 6.277325e+03 -9.421494e+01 1.234640e+02  5000 10000 1.721391e-02     0 2.996311e-02 8.187168e+01 1.297795e+02 6.513739e-02 -2.877865e-04 
2.028000e+02 2.567847e-01 1.213328e-01 5.816830e-01 6.288289e+03 -8.731664e+01 1.242248e+02  5000 10000 1.637950e-02     0 3.046450e-02 8.200281e+01 1.297404e+02 6.477623e-02 -2.807406e-04 
2.029000e+02 2.519120e-01 1.212118e-01 5.877503e-01 6.299204e+03 -8.034920e+01 1.249872e+02  5000 10000 1.530884e-02     0 3.092614e-02 8.213208e+01 1.297026e+02 6.444763e-02 -2.934323e-04 
  203 2.474188e-01 1.210904e-01 5.936785e-01 6.310072e+03 -7.331435e+01 1.257507e+02  5000 10000 1.420032e-02     0 3.135040e-02 8.225951e+01 1.296663e+02 6.414914e-02 -2.623938e-04 
2.031000e+02 2.431709e-01 1.209738e-01 5.994523e-01 6.320892e+03 -6.621367e+01 1.265149e+02  5000 10000 1.568548e-02     0 3.173554e-02 8.238512e+01 1.296313e+02 6.387774e-02 -1.729159e-04 
2.032000e+02 2.387124e-01 1.208486e-01 6.051362e-01 6.331666e+03 -5.904869e+01 1.272795e+02  5000 10000 1.556357e-02     0 3.207900e-02 8.250894e+01 1.295978e+02 6.363204e-02 -1.205491e-04 
2.033000e+02 2.341812e-01 1.207130e-01 6.107573e-01 6.342394e+03 -5.182093e+01 1.280443e+02  5000 10000 1.482274e-02     0 3.238618e-02 8.263099e+01 1.295657e+02 6.341205e-02 -1.259680e-04 
2.034000e+02 2.298280e-01 1.205756e-01 6.162947e-01 6.353077e+03 -4.453189e+01 1.288088e+02  5000 10000 1.386632e-02     0 3.266464e-02 8.275127e+01 1.295350e+02 6.321677e-02 -1.483905e-04 
2.035000e+02 2.258099e-01 1.204473e-01 6.217086e-01 6.363715e+03 -3.718300e+01 1.295731e+02  5000 10000 1.287365e-02     0 3.291698e-02 8.286979e+01 1.295057e+02 6.304364e-02 -1.305808e-04 
2.036000e+02 2.220062e-01 1.203314e-01 6.269847e-01 6.374308e+03 -2.977556e+01 1.303367e+02  5000 10000 1.423462e-02     0 3.314224e-02 8.298656e+01 1.294778e+02 6.288976e-02 -5.916288e-05 
2.037000e+02 2.180045e-01 1.202161e-01 6.321813e-01 6.384859e+03 -2.231086e+01 1.310997e+02  5000 10000 1.413411e-02     0 3.333858e-02 8.310159e+01 1.294513e+02 6.275362e-02 -2.044424e-05 
2.038000e+02 2.139306e-01 1.200993e-01 6.373227e-01 6.395366e+03 -1.479016e+01 1.318620e+02  5000 10000 1.346982e-02     0 3.351066e-02 8.321488e+01 1.294261e+02 6.263495e-02 -3.324744e-05 
2.039000e+02 2.100126e-01 1.199873e-01 6.423892e-01 6.405831e+03 -7.214740e+00 1.326233e+02  5000 10000 1.260819e-02     0 3.366493e-02 8.332642e+01 1.294023e+02 6.253270e-02 -6.072546e-05 
  204 2.063935e-01 1.198885e-01 6.473443e-01 6.416254e+03 4.142118e-01 1.333838e+02  5000 10000 1.171223e-02     0 3.380366e-02 8.343623e+01 1.293797e+02 6.244462e-02 -5.100849e-05 
2.041000e+02 2.029643e-01 1.198049e-01 6.521746e-01 6.426636e+03 8.095566e+00 1.341433e+02  5000 10000 1.295884e-02     0 3.392606e-02 8.354429e+01 1.293584e+02 6.236823e-02 8.069694e-06 
2.042000e+02 1.993509e-01 1.197262e-01 6.569334e-01 6.436977e+03 1.582824e+01 1.349018e+02  5000 10000 1.287301e-02     0 3.403049e-02 8.365060e+01 1.293383e+02 6.230228e-02 3.813591e-05 
2.043000e+02 1.956680e-01 1.196498e-01 6.616423e-01 6.447278e+03 2.361114e+01 1.356594e+02  5000 10000 1.227265e-02     0 3.412068e-02 8.375515e+01 1.293193e+02 6.224655e-02 2.198305e-05 
2.044000e+02 1.921236e-01 1.195805e-01 6.662832e-01 6.457539e+03 3.144317e+01 1.364162e+02  5000 10000 1.149160e-02     0 3.420188e-02 8.385794e+01 1.293015e+02 6.220023e-02 -6.977428e-06 
2.045000e+02 1.888483e-01 1.195248e-01 6.708226e-01 6.467762e+03 3.932330e+01 1.371720e+02  5000 10000 1.067842e-02     0 3.427577e-02 8.395896e+01 1.292847e+02 6.216154e-02 -1.604298e-06 
2.046000e+02 1.857433e-01 1.194838e-01 6.752484e-01 6.477946e+03 4.725054e+01 1.379270e+02  5000 10000 1.181847e-02     0 3.434149e-02 8.405821e+01 1.292690e+02 6.212857e-02 4.917487e-05 
2.047000e+02 1.824684e-01 1.194484e-01 6.796088e-01 6.488092e+03 5.522395e+01 1.386813e+02  5000 10000 1.174274e-02     0 3.439738e-02 8.415567e+01 1.292542e+02 6.210042e-02 7.400874e-05 
2.048000e+02 1.791283e-01 1.194161e-01 6.839238e-01 6.498200e+03 6.324258e+01 1.394349e+02  5000 10000 1.119725e-02     0 3.444627e-02 8.425133e+01 1.292405e+02 6.207709e-02 5.715382e-05 
2.049000e+02 1.759127e-01 1.193905e-01 6.881767e-01 6.508272e+03 7.130547e+01 1.401879e+02  5000 10000 1.048652e-02     0 3.449224e-02 8.434519e+01 1.292276e+02 6.205807e-02 2.897193e-05 
  205 1.729409e-01 1.193765e-01 6.923367e-01 6.518307e+03 7.941170e+01 1.409404e+02  5000 10000 9.746076e-03     0 3.453644e-02 8.443723e+01 1.292155e+02 6.204210e-02 3.236850e-05 
2.051000e+02 1.701232e-01 1.193750e-01 6.963928e-01 6.528306e+03 8.756041e+01 1.416925e+02  5000 10000 1.078693e-02     0 3.457783e-02 8.452744e+01 1.292043e+02 6.202778e-02 7.742514e-05 
2.052000e+02 1.671499e-01 1.193779e-01 7.003892e-01 6.538270e+03 9.575077e+01 1.424443e+02  5000 10000 1.071852e-02     0 3.461471e-02 8.461582e+01 1.291939e+02 6.201458e-02 9.912144e-05 
2.053000e+02 1.641164e-01 1.193828e-01 7.043439e-01 6.548199e+03 1.039819e+02 1.431958e+02  5000 10000 1.022144e-02     0 3.464914e-02 8.470235e+01 1.291842e+02 6.200271e-02 8.306005e-05 
2.054000e+02 1.611958e-01 1.193927e-01 7.082417e-01 6.558093e+03 1.122530e+02 1.439471e+02  5000 10000 9.573460e-03     0 3.468424e-02 8.478703e+01 1.291752e+02 6.199196e-02 5.686021e-05 
2.055000e+02 1.584968e-01 1.194113e-01 7.120547e-01 6.567953e+03 1.205632e+02 1.446984e+02  5000 10000 8.898207e-03     0 3.472068e-02 8.486984e+01 1.291668e+02 6.198148e-02 5.959268e-05 
2.056000e+02 1.559381e-01 1.194393e-01 7.157725e-01 6.577780e+03 1.289118e+02 1.454497e+02  5000 10000 9.847322e-03     0 3.475732e-02 8.495078e+01 1.291591e+02 6.197031e-02 1.004385e-04 
2.057000e+02 1.532375e-01 1.194698e-01 7.194358e-01 6.587574e+03 1.372981e+02 1.462011e+02  5000 10000 9.784762e-03     0 3.479247e-02 8.502984e+01 1.291519e+02 6.195822e-02 1.201387e-04 
2.058000e+02 1.504820e-01 1.195007e-01 7.230610e-01 6.597335e+03 1.457211e+02 1.469526e+02  5000 10000 9.331243e-03     0 3.482759e-02 8.510700e+01 1.291453e+02 6.194556e-02 1.055399e-04 
2.059000e+02 1.478291e-01 1.195343e-01 7.266342e-01 6.607064e+03 1.541803e+02 1.477045e+02  5000 10000 8.740097e-03     0 3.486504e-02 8.518226e+01 1.291392e+02 6.193234e-02 8.177851e-05 
  206 1.453783e-01 1.195737e-01 7.301299e-01 6.616762e+03 1.626749e+02 1.484566e+02  5000 10000 8.124050e-03     0 3.490516e-02 8.525562e+01 1.291335e+02 6.191803e-02 8.443889e-05 
2.061000e+02 1.430554e-01 1.196193e-01 7.335388e-01 6.626428e+03 1.712041e+02 1.492092e+02  5000 10000 8.988989e-03     0 3.494680e-02 8.532706e+01 1.291283e+02 6.190199e-02 1.218838e-04 
2.062000e+02 1.406033e-01 1.196655e-01 7.368979e-01 6.636063e+03 1.797674e+02 1.499623e+02  5000 10000 8.931569e-03     0 3.498833e-02 8.539657e+01 1.291236e+02 6.188420e-02 1.401146e-04 
2.063000e+02 1.381013e-01 1.197103e-01 7.402222e-01 6.645668e+03 1.883640e+02 1.507158e+02  5000 10000 8.517749e-03     0 3.503077e-02 8.546416e+01 1.291192e+02 6.186508e-02 1.271258e-04 
2.064000e+02 1.356930e-01 1.197557e-01 7.434992e-01 6.655243e+03 1.969932e+02 1.514700e+02  5000 10000 7.978490e-03     0 3.507594e-02 8.552981e+01 1.291152e+02 6.184477e-02 1.058018e-04 
2.065000e+02 1.334690e-01 1.198044e-01 7.467055e-01 6.664788e+03 2.056545e+02 1.522247e+02  5000 10000 7.416553e-03     0 3.512398e-02 8.559352e+01 1.291116e+02 6.182295e-02 1.085552e-04 
2.066000e+02 1.313615e-01 1.198566e-01 7.498327e-01 6.674304e+03 2.143472e+02 1.529801e+02  5000 10000 8.204801e-03     0 3.517378e-02 8.565528e+01 1.291082e+02 6.179921e-02 1.430061e-04 
2.067000e+02 1.291365e-01 1.199075e-01 7.529146e-01 6.683792e+03 2.230707e+02 1.537363e+02  5000 10000 8.152210e-03     0 3.522384e-02 8.571510e+01 1.291052e+02 6.177364e-02 1.599549e-04 
2.068000e+02 1.268663e-01 1.199558e-01 7.559650e-01 6.693251e+03 2.318243e+02 1.544931e+02  5000 10000 7.774763e-03     0 3.527491e-02 8.577296e+01 1.291025e+02 6.174667e-02 1.484511e-04 
2.069000e+02 1.246817e-01 1.200029e-01 7.589724e-01 6.702683e+03 2.406076e+02 1.552507e+02  5000 10000 7.283007e-03     0 3.532840e-02 8.582886e+01 1.291000e+02 6.171852e-02 1.293363e-04 
  207 1.226649e-01 1.200512e-01 7.619154e-01 6.712087e+03 2.494199e+02 1.560091e+02  5000 10000 6.770605e-03     0 3.538434e-02 8.588280e+01 1.290978e+02 6.168898e-02 1.321407e-04 
2.071000e+02 1.207544e-01 1.201010e-01 7.647865e-01 6.721464e+03 2.582606e+02 1.567683e+02  5000 10000 7.489342e-03     0 3.544172e-02 8.593477e+01 1.290958e+02 6.165778e-02 1.638108e-04 
2.072000e+02 1.187371e-01 1.201482e-01 7.676166e-01 6.730814e+03 2.671292e+02 1.575283e+02  5000 10000 7.441415e-03     0 3.549922e-02 8.598478e+01 1.290940e+02 6.162506e-02 1.795148e-04 
2.073000e+02 1.166785e-01 1.201917e-01 7.704181e-01 6.740137e+03 2.760252e+02 1.582891e+02  5000 10000 7.097320e-03     0 3.555740e-02 8.603281e+01 1.290925e+02 6.159123e-02 1.692670e-04 
2.074000e+02 1.146979e-01 1.202328e-01 7.731806e-01 6.749435e+03 2.849481e+02 1.590507e+02  5000 10000 6.649026e-03     0 3.561739e-02 8.607888e+01 1.290911e+02 6.155652e-02 1.520573e-04 
2.075000e+02 1.128704e-01 1.202736e-01 7.758846e-01 6.758707e+03 2.938973e+02 1.598131e+02  5000 10000 6.181918e-03     0 3.567919e-02 8.612297e+01 1.290899e+02 6.152078e-02 1.548012e-04 
2.076000e+02 1.111397e-01 1.203142e-01 7.785233e-01 6.767954e+03 3.028723e+02 1.605764e+02  5000 10000 6.837853e-03     0 3.574191e-02 8.616509e+01 1.290889e+02 6.148383e-02 1.838346e-04 
2.077000e+02 1.093116e-01 1.203515e-01 7.811248e-01 6.777177e+03 3.118726e+02 1.613404e+02  5000 10000 6.794435e-03     0 3.580441e-02 8.620524e+01 1.290880e+02 6.144581e-02 1.982905e-04 
2.078000e+02 1.074459e-01 1.203844e-01 7.837006e-01 6.786374e+03 3.208978e+02 1.621052e+02  5000 10000 6.480865e-03     0 3.586713e-02 8.624341e+01 1.290873e+02 6.140709e-02 1.890613e-04 
2.079000e+02 1.056512e-01 1.204142e-01 7.862411e-01 6.795548e+03 3.299474e+02 1.628708e+02  5000 10000 6.072249e-03     0 3.593102e-02 8.627961e+01 1.290867e+02 6.136786e-02 1.734606e-04 
  208 1.039960e-01 1.204425e-01 7.887285e-01 6.804698e+03 3.390209e+02 1.636371e+02  5000 10000 5.646459e-03     0 3.599605e-02 8.631384e+01 1.290863e+02 6.132803e-02 1.760358e-04 
2.081000e+02 1.024290e-01 1.204696e-01 7.911565e-01 6.813824e+03 3.481178e+02 1.644041e+02  5000 10000 6.245737e-03     0 3.606149e-02 8.634609e+01 1.290860e+02 6.128744e-02 2.025694e-04 
2.082000e+02 1.007729e-01 1.204929e-01 7.935510e-01 6.822927e+03 3.572379e+02 1.651719e+02  5000 10000 6.206629e-03     0 3.612638e-02 8.637637e+01 1.290858e+02 6.124623e-02 2.157856e-04 
2.083000e+02 9.908242e-02 1.205115e-01 7.959223e-01 6.832007e+03 3.663805e+02 1.659403e+02  5000 10000 5.920918e-03     0 3.619107e-02 8.640468e+01 1.290857e+02 6.120471e-02 2.073731e-04 
2.084000e+02 9.745663e-02 1.205264e-01 7.982616e-01 6.841065e+03 3.755453e+02 1.667094e+02  5000 10000 5.548432e-03     0 3.625636e-02 8.643102e+01 1.290857e+02 6.116303e-02 1.931299e-04 
2.085000e+02 9.595788e-02 1.205392e-01 8.005528e-01 6.850101e+03 3.847320e+02 1.674790e+02  5000 10000 5.160234e-03     0 3.632225e-02 8.645539e+01 1.290858e+02 6.112111e-02 1.954605e-04 
2.086000e+02 9.453938e-02 1.205501e-01 8.027901e-01 6.859115e+03 3.939399e+02 1.682493e+02  5000 10000 5.708412e-03     0 3.638813e-02 8.647779e+01 1.290860e+02 6.107882e-02 2.196466e-04 
2.087000e+02 9.303938e-02 1.205569e-01 8.049970e-01 6.868107e+03 4.031689e+02 1.690200e+02  5000 10000 5.673363e-03     0 3.645320e-02 8.649823e+01 1.290864e+02 6.103627e-02 2.316598e-04 
2.088000e+02 9.150783e-02 1.205588e-01 8.071831e-01 6.877079e+03 4.124186e+02 1.697913e+02  5000 10000 5.413004e-03     0 3.651777e-02 8.651671e+01 1.290868e+02 6.099370e-02 2.239099e-04 
2.089000e+02 9.003511e-02 1.205570e-01 8.093404e-01 6.886029e+03 4.216884e+02 1.705630e+02  5000 10000 5.073338e-03     0 3.658252e-02 8.653323e+01 1.290872e+02 6.095126e-02 2.108248e-04 
  209 8.867816e-02 1.205525e-01 8.114539e-01 6.894959e+03 4.309782e+02 1.713352e+02  5000 10000 4.719272e-03     0 3.664747e-02 8.654779e+01 1.290878e+02 6.090884e-02 2.128719e-04 
2.091000e+02 8.739422e-02 1.205457e-01 8.135185e-01 6.903868e+03 4.402874e+02 1.721077e+02  5000 10000 5.221335e-03     0 3.671212e-02 8.656040e+01 1.290885e+02 6.086634e-02 2.348790e-04 
2.092000e+02 8.603556e-02 1.205346e-01 8.155556e-01 6.912758e+03 4.496159e+02 1.728805e+02  5000 10000 5.190053e-03     0 3.677581e-02 8.657106e+01 1.290892e+02 6.082383e-02 2.457526e-04 
2.093000e+02 8.464785e-02 1.205188e-01 8.175741e-01 6.921627e+03 4.589632e+02 1.736536e+02  5000 10000 4.952712e-03     0 3.683881e-02 8.657977e+01 1.290900e+02 6.078153e-02 2.385545e-04 
2.094000e+02 8.331366e-02 1.204991e-01 8.195664e-01 6.930478e+03 4.683289e+02 1.744270e+02  5000 10000 4.642808e-03     0 3.690172e-02 8.658653e+01 1.290908e+02 6.073951e-02 2.264747e-04 
2.095000e+02 8.208500e-02 1.204765e-01 8.215191e-01 6.939309e+03 4.777129e+02 1.752006e+02  5000 10000 4.319679e-03     0 3.696457e-02 8.659135e+01 1.290917e+02 6.069770e-02 2.282292e-04 
2.096000e+02 8.092276e-02 1.204512e-01 8.234272e-01 6.948121e+03 4.871147e+02 1.759743e+02  5000 10000 4.780085e-03     0 3.702696e-02 8.659423e+01 1.290927e+02 6.065599e-02 2.482350e-04 
2.097000e+02 7.969193e-02 1.204218e-01 8.253106e-01 6.956914e+03 4.965341e+02 1.767481e+02  5000 10000 4.752260e-03     0 3.708832e-02 8.659518e+01 1.290938e+02 6.061444e-02 2.580504e-04 
2.098000e+02 7.843428e-02 1.203877e-01 8.271772e-01 6.965690e+03 5.059708e+02 1.775220e+02  5000 10000 4.535782e-03     0 3.714892e-02 8.659420e+01 1.290949e+02 6.057321e-02 2.513267e-04 
2.099000e+02 7.722532e-02 1.203496e-01 8.290202e-01 6.974447e+03 5.154244e+02 1.782959e+02  5000 10000 4.252837e-03     0 3.720926e-02 8.659129e+01 1.290961e+02 6.053236e-02 2.401350e-04 
  210 7.611262e-02 1.203086e-01 8.308271e-01 6.983186e+03 5.248946e+02 1.790697e+02  5000 10000 3.957724e-03     0 3.726939e-02 8.658646e+01 1.290973e+02 6.049182e-02 2.416081e-04 
2.101000e+02 7.506037e-02 1.202647e-01 8.325935e-01 6.991908e+03 5.343813e+02 1.798435e+02  5000 10000 4.380459e-03     0 3.732899e-02 8.657971e+01 1.290986e+02 6.045148e-02 2.597909e-04 
2.102000e+02 7.394506e-02 1.202167e-01 8.343376e-01 7.000612e+03 5.438840e+02 1.806171e+02  5000 10000 4.355777e-03     0 3.738758e-02 8.657104e+01 1.290999e+02 6.041139e-02 2.686382e-04 
2.103000e+02 7.280494e-02 1.201642e-01 8.360666e-01 7.009299e+03 5.534026e+02 1.813905e+02  5000 10000 4.158190e-03     0 3.744539e-02 8.656047e+01 1.291013e+02 6.037168e-02 2.623346e-04 
2.104000e+02 7.170914e-02 1.201077e-01 8.377742e-01 7.017970e+03 5.629368e+02 1.821637e+02  5000 10000 3.899649e-03     0 3.750288e-02 8.654799e+01 1.291027e+02 6.033239e-02 2.519396e-04 
2.105000e+02 7.070119e-02 1.200482e-01 8.394491e-01 7.026623e+03 5.724863e+02 1.829366e+02  5000 10000 3.629896e-03     0 3.756008e-02 8.653360e+01 1.291042e+02 6.029344e-02 2.531540e-04 
2.106000e+02 6.974830e-02 1.199857e-01 8.410871e-01 7.035261e+03 5.820508e+02 1.837092e+02  5000 10000 4.018522e-03     0 3.761673e-02 8.651733e+01 1.291057e+02 6.025474e-02 2.696854e-04 
2.107000e+02 6.873735e-02 1.199192e-01 8.427049e-01 7.043882e+03 5.916302e+02 1.844814e+02  5000 10000 3.996682e-03     0 3.767244e-02 8.649916e+01 1.291073e+02 6.021634e-02 2.776561e-04 
2.108000e+02 6.770343e-02 1.198483e-01 8.443091e-01 7.052487e+03 6.012242e+02 1.852531e+02  5000 10000 3.816193e-03     0 3.772741e-02 8.647910e+01 1.291089e+02 6.017831e-02 2.717332e-04 
2.109000e+02 6.670987e-02 1.197736e-01 8.458940e-01 7.061076e+03 6.108325e+02 1.860244e+02  5000 10000 3.579741e-03     0 3.778203e-02 8.645716e+01 1.291105e+02 6.014071e-02 2.620610e-04 
  211 6.579654e-02 1.196957e-01 8.474491e-01 7.069650e+03 6.204549e+02 1.867951e+02  5000 10000 3.332942e-03     0 3.783634e-02 8.643335e+01 1.291122e+02 6.010345e-02 2.630444e-04 
2.111000e+02 6.493339e-02 1.196148e-01 8.489706e-01 7.078209e+03 6.300911e+02 1.875652e+02  5000 10000 3.690652e-03     0 3.789013e-02 8.640766e+01 1.291139e+02 6.006645e-02 2.780851e-04 
2.112000e+02 6.401673e-02 1.195299e-01 8.504738e-01 7.086753e+03 6.397411e+02 1.883347e+02  5000 10000 3.671369e-03     0 3.794306e-02 8.638011e+01 1.291157e+02 6.002975e-02 2.852671e-04 
2.113000e+02 6.307877e-02 1.194408e-01 8.519649e-01 7.095281e+03 6.494045e+02 1.891036e+02  5000 10000 3.506355e-03     0 3.799531e-02 8.635070e+01 1.291175e+02 5.999342e-02 2.796946e-04 
2.114000e+02 6.217757e-02 1.193480e-01 8.534384e-01 7.103795e+03 6.590811e+02 1.898716e+02  5000 10000 3.289899e-03     0 3.804721e-02 8.631943e+01 1.291193e+02 5.995749e-02 2.706832e-04 
2.115000e+02 6.134973e-02 1.192519e-01 8.548848e-01 7.112295e+03 6.687708e+02 1.906390e+02  5000 10000 3.063882e-03     0 3.809882e-02 8.628632e+01 1.291212e+02 5.992188e-02 2.714642e-04 
2.116000e+02 6.056765e-02 1.191527e-01 8.563006e-01 7.120780e+03 6.784733e+02 1.914054e+02  5000 10000 3.393540e-03     0 3.814993e-02 8.625136e+01 1.291231e+02 5.988653e-02 2.851621e-04 
2.117000e+02 5.973619e-02 1.190497e-01 8.576998e-01 7.129251e+03 6.881884e+02 1.921710e+02  5000 10000 3.376552e-03     0 3.820029e-02 8.621456e+01 1.291250e+02 5.985147e-02 2.916372e-04 
2.118000e+02 5.888496e-02 1.189426e-01 8.590881e-01 7.137708e+03 6.979160e+02 1.929357e+02  5000 10000 3.225545e-03     0 3.825002e-02 8.617594e+01 1.291270e+02 5.981675e-02 2.863901e-04 
2.119000e+02 5.806725e-02 1.188318e-01 8.604606e-01 7.146152e+03 7.076558e+02 1.936994e+02  5000 10000 3.027200e-03     0 3.829943e-02 8.613549e+01 1.291290e+02 5.978239e-02 2.779860e-04 
  212 5.731665e-02 1.187177e-01 8.618083e-01 7.154582e+03 7.174077e+02 1.944620e+02  5000 10000 2.820005e-03     0 3.834855e-02 8.609321e+01 1.291310e+02 5.974834e-02 2.785918e-04 
2.121000e+02 5.660782e-02 1.186006e-01 8.631280e-01 7.162999e+03 7.271714e+02 1.952236e+02  5000 10000 3.124186e-03     0 3.839722e-02 8.604913e+01 1.291330e+02 5.971453e-02 2.910809e-04 
2.122000e+02 5.585338e-02 1.184796e-01 8.644328e-01 7.171402e+03 7.369469e+02 1.959841e+02  5000 10000 3.109254e-03     0 3.844522e-02 8.600324e+01 1.291351e+02 5.968099e-02 2.969238e-04 
2.123000e+02 5.508057e-02 1.183547e-01 8.657278e-01 7.179792e+03 7.467339e+02 1.967434e+02  5000 10000 2.970931e-03     0 3.849266e-02 8.595555e+01 1.291372e+02 5.964777e-02 2.919808e-04 
2.124000e+02 5.433834e-02 1.182261e-01 8.670084e-01 7.188170e+03 7.565323e+02 1.975014e+02  5000 10000 2.788995e-03     0 3.853979e-02 8.590606e+01 1.291393e+02 5.961488e-02 2.841362e-04 
2.125000e+02 5.365757e-02 1.180943e-01 8.682664e-01 7.196535e+03 7.663418e+02 1.982582e+02  5000 10000 2.598858e-03     0 3.858666e-02 8.585479e+01 1.291415e+02 5.958226e-02 2.845920e-04 
2.126000e+02 5.301494e-02 1.179594e-01 8.694989e-01 7.204887e+03 7.761624e+02 1.990137e+02  5000 10000 2.879876e-03     0 3.863312e-02 8.580174e+01 1.291436e+02 5.954988e-02 2.959929e-04 
2.127000e+02 5.233016e-02 1.178208e-01 8.707179e-01 7.213228e+03 7.859939e+02 1.997678e+02  5000 10000 2.866784e-03     0 3.867897e-02 8.574692e+01 1.291458e+02 5.951775e-02 3.012710e-04 
2.128000e+02 5.162827e-02 1.176783e-01 8.719280e-01 7.221555e+03 7.958361e+02 2.005205e+02  5000 10000 2.739954e-03     0 3.872432e-02 8.569033e+01 1.291480e+02 5.948591e-02 2.966129e-04 
2.129000e+02 5.095431e-02 1.175322e-01 8.731251e-01 7.229871e+03 8.056888e+02 2.012718e+02  5000 10000 2.572895e-03     0 3.876937e-02 8.563199e+01 1.291502e+02 5.945437e-02 2.892850e-04 
  213 5.033668e-02 1.173829e-01 8.743016e-01 7.238175e+03 8.155520e+02 2.020215e+02  5000 10000 2.398225e-03     0 3.881417e-02 8.557189e+01 1.291525e+02 5.942309e-02 2.896131e-04 
2.131000e+02 4.975392e-02 1.172304e-01 8.754548e-01 7.246468e+03 8.254254e+02 2.027697e+02  5000 10000 2.658167e-03     0 3.885860e-02 8.551005e+01 1.291547e+02 5.939203e-02 3.000347e-04 
2.132000e+02 4.913215e-02 1.170743e-01 8.765957e-01 7.254748e+03 8.353089e+02 2.035163e+02  5000 10000 2.646719e-03     0 3.890248e-02 8.544647e+01 1.291570e+02 5.936120e-02 3.048084e-04 
2.133000e+02 4.849444e-02 1.169145e-01 8.777287e-01 7.263018e+03 8.452025e+02 2.042612e+02  5000 10000 2.530308e-03     0 3.894590e-02 8.538116e+01 1.291593e+02 5.933065e-02 3.004176e-04 
2.134000e+02 4.788227e-02 1.167511e-01 8.788498e-01 7.271276e+03 8.551058e+02 2.050044e+02  5000 10000 2.376744e-03     0 3.898904e-02 8.531413e+01 1.291616e+02 5.930037e-02 2.935677e-04 
2.135000e+02 4.732176e-02 1.165845e-01 8.799521e-01 7.279523e+03 8.650189e+02 2.057459e+02  5000 10000 2.216108e-03     0 3.903193e-02 8.524539e+01 1.291639e+02 5.927034e-02 2.937882e-04 
2.136000e+02 4.679316e-02 1.164149e-01 8.810331e-01 7.287758e+03 8.749416e+02 2.064856e+02  5000 10000 2.456856e-03     0 3.907448e-02 8.517495e+01 1.291662e+02 5.924052e-02 3.033278e-04 
2.137000e+02 4.622842e-02 1.162416e-01 8.821030e-01 7.295983e+03 8.848737e+02 2.072235e+02  5000 10000 2.446876e-03     0 3.911652e-02 8.510280e+01 1.291686e+02 5.921092e-02 3.076514e-04 
2.138000e+02 4.564881e-02 1.160647e-01 8.831657e-01 7.304198e+03 8.948152e+02 2.079595e+02  5000 10000 2.339914e-03     0 3.915814e-02 8.502897e+01 1.291709e+02 5.918158e-02 3.035120e-04 
2.139000e+02 4.509257e-02 1.158843e-01 8.842177e-01 7.312401e+03 9.047658e+02 2.086935e+02  5000 10000 2.198601e-03     0 3.919948e-02 8.495346e+01 1.291733e+02 5.915250e-02 2.971048e-04 
  214 4.458376e-02 1.157008e-01 8.852525e-01 7.320595e+03 9.147256e+02 2.094256e+02  5000 10000 2.050707e-03     0 3.924058e-02 8.487627e+01 1.291757e+02 5.912365e-02 2.972353e-04 
2.141000e+02 4.410417e-02 1.155142e-01 8.862678e-01 7.328777e+03 9.246943e+02 2.101556e+02  5000 10000 2.273957e-03     0 3.928135e-02 8.479742e+01 1.291781e+02 5.909501e-02 3.059807e-04 
2.142000e+02 4.359106e-02 1.153241e-01 8.872730e-01 7.336950e+03 9.346718e+02 2.108836e+02  5000 10000 2.265287e-03     0 3.932165e-02 8.471691e+01 1.291805e+02 5.906658e-02 3.099027e-04 
2.143000e+02 4.306409e-02 1.151304e-01 8.882717e-01 7.345113e+03 9.446581e+02 2.116095e+02  5000 10000 2.166903e-03     0 3.936154e-02 8.463476e+01 1.291829e+02 5.903840e-02 3.060000e-04 
2.144000e+02 4.255850e-02 1.149334e-01 8.892608e-01 7.353265e+03 9.546529e+02 2.123332e+02  5000 10000 2.036718e-03     0 3.940117e-02 8.455096e+01 1.291853e+02 5.901047e-02 3.000036e-04 
2.145000e+02 4.209650e-02 1.147332e-01 8.902341e-01 7.361408e+03 9.646563e+02 2.130548e+02  5000 10000 1.900399e-03     0 3.944056e-02 8.446554e+01 1.291877e+02 5.898277e-02 3.000599e-04 
2.146000e+02 4.166127e-02 1.145300e-01 8.911895e-01 7.369541e+03 9.746681e+02 2.137740e+02  5000 10000 2.107685e-03     0 3.947963e-02 8.437850e+01 1.291902e+02 5.895526e-02 3.080898e-04 
2.147000e+02 4.119494e-02 1.143234e-01 8.921357e-01 7.377664e+03 9.846882e+02 2.144910e+02  5000 10000 2.100183e-03     0 3.951825e-02 8.428984e+01 1.291926e+02 5.892798e-02 3.116539e-04 
2.148000e+02 4.071566e-02 1.141133e-01 8.930762e-01 7.385778e+03 9.947164e+02 2.152057e+02  5000 10000 2.009588e-03     0 3.955649e-02 8.419958e+01 1.291951e+02 5.890093e-02 3.079747e-04 
2.149000e+02 4.025597e-02 1.139000e-01 8.940079e-01 7.393882e+03 1.004753e+03 2.159179e+02  5000 10000 1.889518e-03     0 3.959446e-02 8.410773e+01 1.291975e+02 5.887412e-02 3.023600e-04 
  215 3.983637e-02 1.136836e-01 8.949251e-01 7.401977e+03 1.014797e+03 2.166278e+02  5000 10000 1.763724e-03     0 3.963219e-02 8.401429e+01 1.292000e+02 5.884753e-02 3.023561e-04 
2.151000e+02 3.944133e-02 1.134642e-01 8.958259e-01 7.410063e+03 1.024849e+03 2.173351e+02  5000 10000 1.956429e-03     0 3.966960e-02 8.391928e+01 1.292025e+02 5.882114e-02 3.097416e-04 
2.152000e+02 3.901739e-02 1.132415e-01 8.967185e-01 7.418140e+03 1.034909e+03 2.180400e+02  5000 10000 1.949967e-03     0 3.970660e-02 8.382271e+01 1.292050e+02 5.879497e-02 3.129870e-04 
2.153000e+02 3.858134e-02 1.130154e-01 8.976058e-01 7.426208e+03 1.044977e+03 2.187423e+02  5000 10000 1.866451e-03     0 3.974322e-02 8.372457e+01 1.292074e+02 5.876903e-02 3.095188e-04 
2.154000e+02 3.816326e-02 1.127861e-01 8.984852e-01 7.434267e+03 1.055053e+03 2.194420e+02  5000 10000 1.755582e-03     0 3.977957e-02 8.362489e+01 1.292099e+02 5.874332e-02 3.042596e-04 
2.155000e+02 3.778208e-02 1.125539e-01 8.993513e-01 7.442317e+03 1.065135e+03 2.201391e+02  5000 10000 1.639364e-03     0 3.981567e-02 8.352368e+01 1.292124e+02 5.871784e-02 3.042080e-04 
2.156000e+02 3.742346e-02 1.123187e-01 9.002024e-01 7.450358e+03 1.075226e+03 2.208334e+02  5000 10000 1.818740e-03     0 3.985147e-02 8.342094e+01 1.292149e+02 5.869255e-02 3.110130e-04 
2.157000e+02 3.703795e-02 1.120803e-01 9.010459e-01 7.458391e+03 1.085323e+03 2.215251e+02  5000 10000 1.813205e-03     0 3.988686e-02 8.331668e+01 1.292174e+02 5.866748e-02 3.139752e-04 
2.158000e+02 3.664112e-02 1.118387e-01 9.018848e-01 7.466416e+03 1.095428e+03 2.222139e+02  5000 10000 1.736125e-03     0 3.992188e-02 8.321091e+01 1.292200e+02 5.864264e-02 3.107069e-04 
2.159000e+02 3.626077e-02 1.115940e-01 9.027164e-01 7.474432e+03 1.105540e+03 2.229000e+02  5000 10000 1.633632e-03     0 3.995664e-02 8.310365e+01 1.292225e+02 5.861803e-02 3.057792e-04 
  216 3.591443e-02 1.113463e-01 9.035359e-01 7.482439e+03 1.115660e+03 2.235832e+02  5000 10000 1.526133e-03     0 3.999114e-02 8.299490e+01 1.292250e+02 5.859364e-02 3.056912e-04 
2.161000e+02 3.558881e-02 1.110958e-01 9.043415e-01 7.490439e+03 1.125786e+03 2.242635e+02  5000 10000 1.693313e-03     0 4.002534e-02 8.288468e+01 1.292275e+02 5.856944e-02 3.119734e-04 
2.162000e+02 3.523818e-02 1.108423e-01 9.051403e-01 7.498430e+03 1.135919e+03 2.249409e+02  5000 10000 1.688601e-03     0 4.005915e-02 8.277299e+01 1.292300e+02 5.854546e-02 3.146840e-04 
2.163000e+02 3.487692e-02 1.105856e-01 9.059350e-01 7.506413e+03 1.146059e+03 2.256153e+02  5000 10000 1.617380e-03     0 4.009260e-02 8.265984e+01 1.292326e+02 5.852171e-02 3.116054e-04 
2.164000e+02 3.453081e-02 1.103259e-01 9.067230e-01 7.514389e+03 1.156206e+03 2.262867e+02  5000 10000 1.522516e-03     0 4.012578e-02 8.254525e+01 1.292351e+02 5.849819e-02 3.069874e-04 
2.165000e+02 3.421608e-02 1.100633e-01 9.074999e-01 7.522356e+03 1.166359e+03 2.269550e+02  5000 10000 1.422962e-03     0 4.015869e-02 8.242922e+01 1.292376e+02 5.847489e-02 3.068729e-04 
2.166000e+02 3.392040e-02 1.097980e-01 9.082641e-01 7.530316e+03 1.176519e+03 2.276202e+02  5000 10000 1.578973e-03     0 4.019131e-02 8.231178e+01 1.292402e+02 5.845179e-02 3.126843e-04 
2.167000e+02 3.360141e-02 1.095297e-01 9.090221e-01 7.538268e+03 1.186686e+03 2.282822e+02  5000 10000 1.574992e-03     0 4.022355e-02 8.219291e+01 1.292427e+02 5.842890e-02 3.151720e-04 
2.168000e+02 3.327246e-02 1.092585e-01 9.097764e-01 7.546212e+03 1.196859e+03 2.289411e+02  5000 10000 1.509106e-03     0 4.025543e-02 8.207265e+01 1.292452e+02 5.840623e-02 3.122737e-04 
2.169000e+02 3.295743e-02 1.089843e-01 9.105246e-01 7.554148e+03 1.207039e+03 2.295968e+02  5000 10000 1.421197e-03     0 4.028704e-02 8.195100e+01 1.292478e+02 5.838380e-02 3.079457e-04 
  217 3.267137e-02 1.087074e-01 9.112627e-01 7.562078e+03 1.217225e+03 2.302492e+02  5000 10000 1.328889e-03     0 4.031839e-02 8.182796e+01 1.292503e+02 5.836158e-02 3.078136e-04 
2.171000e+02 3.240286e-02 1.084278e-01 9.119890e-01 7.570000e+03 1.227417e+03 2.308983e+02  5000 10000 1.474659e-03     0 4.034944e-02 8.170356e+01 1.292529e+02 5.833956e-02 3.132010e-04 
2.172000e+02 3.211260e-02 1.081454e-01 9.127097e-01 7.577914e+03 1.237616e+03 2.315440e+02  5000 10000 1.471328e-03     0 4.038012e-02 8.157780e+01 1.292554e+02 5.831776e-02 3.154915e-04 
2.173000e+02 3.181299e-02 1.078601e-01 9.134271e-01 7.585821e+03 1.247821e+03 2.321864e+02  5000 10000 1.410305e-03     0 4.041045e-02 8.145069e+01 1.292580e+02 5.829618e-02 3.127648e-04 
2.174000e+02 3.152620e-02 1.075721e-01 9.141389e-01 7.593721e+03 1.258032e+03 2.328254e+02  5000 10000 1.328743e-03     0 4.044050e-02 8.132225e+01 1.292605e+02 5.827483e-02 3.087085e-04 
2.175000e+02 3.126618e-02 1.072814e-01 9.148414e-01 7.601614e+03 1.268248e+03 2.334609e+02  5000 10000 1.243047e-03     0 4.047029e-02 8.119248e+01 1.292631e+02 5.825369e-02 3.085667e-04 
2.176000e+02 3.102233e-02 1.069881e-01 9.155332e-01 7.609500e+03 1.278471e+03 2.340929e+02  5000 10000 1.379421e-03     0 4.049978e-02 8.106140e+01 1.292656e+02 5.823275e-02 3.135725e-04 
2.177000e+02 3.075817e-02 1.066921e-01 9.162198e-01 7.617379e+03 1.288700e+03 2.347214e+02  5000 10000 1.376666e-03     0 4.052891e-02 8.092902e+01 1.292682e+02 5.821203e-02 3.156888e-04 
2.178000e+02 3.048524e-02 1.063933e-01 9.169034e-01 7.625251e+03 1.298935e+03 2.353464e+02  5000 10000 1.320080e-03     0 4.055770e-02 8.079535e+01 1.292707e+02 5.819153e-02 3.131255e-04 
2.179000e+02 3.022410e-02 1.060919e-01 9.175821e-01 7.633116e+03 1.309175e+03 2.359677e+02  5000 10000 1.244313e-03     0 4.058621e-02 8.066041e+01 1.292733e+02 5.817125e-02 3.093244e-04 
  218 2.998774e-02 1.057880e-01 9.182521e-01 7.640974e+03 1.319421e+03 2.365854e+02  5000 10000 1.164659e-03     0 4.061445e-02 8.052419e+01 1.292758e+02 5.815119e-02 3.091798e-04 
2.181000e+02 2.976628e-02 1.054816e-01 9.189122e-01 7.648826e+03 1.329673e+03 2.371994e+02  5000 10000 1.292401e-03     0 4.064239e-02 8.038673e+01 1.292784e+02 5.813133e-02 3.138419e-04 
2.182000e+02 2.952586e-02 1.051726e-01 9.195677e-01 7.656670e+03 1.339931e+03 2.378097e+02  5000 10000 1.290158e-03     0 4.066998e-02 8.024802e+01 1.292809e+02 5.811168e-02 3.158047e-04 
2.183000e+02 2.927717e-02 1.048610e-01 9.202205e-01 7.664509e+03 1.350194e+03 2.384162e+02  5000 10000 1.237621e-03     0 4.069724e-02 8.010808e+01 1.292835e+02 5.809226e-02 3.133973e-04 
2.184000e+02 2.903937e-02 1.045469e-01 9.208688e-01 7.672340e+03 1.360463e+03 2.390190e+02  5000 10000 1.167152e-03     0 4.072421e-02 7.996692e+01 1.292861e+02 5.807305e-02 3.098359e-04 
2.185000e+02 2.882450e-02 1.042303e-01 9.215091e-01 7.680166e+03 1.370737e+03 2.396179e+02  5000 10000 1.093021e-03     0 4.075091e-02 7.982455e+01 1.292886e+02 5.805406e-02 3.096944e-04 
2.186000e+02 2.862341e-02 1.039114e-01 9.221403e-01 7.687985e+03 1.381017e+03 2.402130e+02  5000 10000 1.212828e-03     0 4.077732e-02 7.968100e+01 1.292912e+02 5.803527e-02 3.140471e-04 
2.187000e+02 2.840456e-02 1.035901e-01 9.227673e-01 7.695797e+03 1.391302e+03 2.408042e+02  5000 10000 1.211038e-03     0 4.080338e-02 7.953626e+01 1.292937e+02 5.801669e-02 3.158749e-04 
2.188000e+02 2.817794e-02 1.032663e-01 9.233919e-01 7.703603e+03 1.401592e+03 2.413915e+02  5000 10000 1.162202e-03     0 4.082911e-02 7.939035e+01 1.292963e+02 5.799834e-02 3.136161e-04 
2.189000e+02 2.796136e-02 1.029400e-01 9.240124e-01 7.711403e+03 1.411888e+03 2.419749e+02  5000 10000 1.096580e-03     0 4.085456e-02 7.924328e+01 1.292988e+02 5.798020e-02 3.102803e-04 
  219 2.776605e-02 1.026115e-01 9.246256e-01 7.719197e+03 1.422189e+03 2.425542e+02  5000 10000 1.027504e-03     0 4.087974e-02 7.909506e+01 1.293014e+02 5.796227e-02 3.101471e-04 
2.191000e+02 2.758346e-02 1.022808e-01 9.252304e-01 7.726984e+03 1.432495e+03 2.431295e+02  5000 10000 1.140008e-03     0 4.090463e-02 7.894572e+01 1.293039e+02 5.794454e-02 3.142211e-04 
2.192000e+02 2.738425e-02 1.019477e-01 9.258313e-01 7.734765e+03 1.442806e+03 2.437008e+02  5000 10000 1.138620e-03     0 4.092917e-02 7.879525e+01 1.293065e+02 5.792703e-02 3.159304e-04 
2.193000e+02 2.717772e-02 1.016122e-01 9.264302e-01 7.742541e+03 1.453122e+03 2.442680e+02  5000 10000 1.093168e-03     0 4.095339e-02 7.864368e+01 1.293091e+02 5.790973e-02 3.138134e-04 
2.194000e+02 2.698046e-02 1.012746e-01 9.270253e-01 7.750310e+03 1.463444e+03 2.448311e+02  5000 10000 1.031985e-03     0 4.097733e-02 7.849101e+01 1.293116e+02 5.789265e-02 3.106899e-04 
2.195000e+02 2.680293e-02 1.009347e-01 9.276136e-01 7.758073e+03 1.473770e+03 2.453900e+02  5000 10000 9.675401e-04     0 4.100100e-02 7.833726e+01 1.293142e+02 5.787577e-02 3.105694e-04 
2.196000e+02 2.663719e-02 1.005927e-01 9.281942e-01 7.765831e+03 1.484102e+03 2.459447e+02  5000 10000 1.073316e-03     0 4.102437e-02 7.818244e+01 1.293167e+02 5.785910e-02 3.143923e-04 
2.197000e+02 2.645586e-02 1.002486e-01 9.287713e-01 7.773582e+03 1.494438e+03 2.464953e+02  5000 10000 1.072285e-03     0 4.104741e-02 7.802656e+01 1.293193e+02 5.784264e-02 3.159976e-04 
2.198000e+02 2.626762e-02 9.990223e-02 9.293465e-01 7.781328e+03 1.504779e+03 2.470415e+02  5000 10000 1.029933e-03     0 4.107013e-02 7.786963e+01 1.293218e+02 5.782639e-02 3.140161e-04 
2.199000e+02 2.608796e-02 9.955375e-02 9.299184e-01 7.789068e+03 1.515126e+03 2.475836e+02  5000 10000 9.728176e-04     0 4.109257e-02 7.771168e+01 1.293244e+02 5.781036e-02 3.110926e-04 
  220 2.592663e-02 9.920324e-02 9.304841e-01 7.796802e+03 1.525477e+03 2.481213e+02  5000 10000 9.126196e-04     0 4.111473e-02 7.755271e+01 1.293269e+02 5.779453e-02 3.109884e-04 
2.201000e+02 2.577622e-02 9.885075e-02 9.310425e-01 7.804531e+03 1.535832e+03 2.486547e+02  5000 10000 1.012192e-03     0 4.113661e-02 7.739273e+01 1.293295e+02 5.777891e-02 3.145850e-04 
2.202000e+02 2.561118e-02 9.849619e-02 9.315978e-01 7.812254e+03 1.546193e+03 2.491837e+02  5000 10000 1.011477e-03     0 4.115816e-02 7.723176e+01 1.293320e+02 5.776349e-02 3.160993e-04 
2.203000e+02 2.543961e-02 9.813958e-02 9.321515e-01 7.819971e+03 1.556558e+03 2.497083e+02  5000 10000 9.719655e-04     0 4.117939e-02 7.706980e+01 1.293346e+02 5.774828e-02 3.142469e-04 
2.204000e+02 2.527599e-02 9.778099e-02 9.327021e-01 7.827683e+03 1.566928e+03 2.502285e+02  5000 10000 9.185832e-04     0 4.120034e-02 7.690689e+01 1.293371e+02 5.773329e-02 3.115119e-04 
2.205000e+02 2.512942e-02 9.742049e-02 9.332470e-01 7.835389e+03 1.577303e+03 2.507443e+02  5000 10000 8.622835e-04     0 4.122103e-02 7.674301e+01 1.293397e+02 5.771850e-02 3.114270e-04 
2.206000e+02 2.499297e-02 9.705815e-02 9.337852e-01 7.843090e+03 1.587682e+03 2.512556e+02  5000 10000 9.561304e-04     0 4.124142e-02 7.657820e+01 1.293422e+02 5.770391e-02 3.148195e-04 
2.207000e+02 2.484277e-02 9.669388e-02 9.343206e-01 7.850785e+03 1.598066e+03 2.517624e+02  5000 10000 9.556949e-04     0 4.126149e-02 7.641246e+01 1.293448e+02 5.768952e-02 3.162543e-04 
2.208000e+02 2.468642e-02 9.632771e-02 9.348546e-01 7.858475e+03 1.608454e+03 2.522647e+02  5000 10000 9.187899e-04     0 4.128125e-02 7.624581e+01 1.293473e+02 5.767535e-02 3.145250e-04 
2.209000e+02 2.453741e-02 9.595969e-02 9.353857e-01 7.866160e+03 1.618847e+03 2.527624e+02  5000 10000 8.688365e-04     0 4.130073e-02 7.607825e+01 1.293499e+02 5.766138e-02 3.119678e-04 
  221 2.440430e-02 9.558991e-02 9.359116e-01 7.873839e+03 1.629244e+03 2.532555e+02  5000 10000 8.161192e-04     0 4.131994e-02 7.590981e+01 1.293524e+02 5.764762e-02 3.119046e-04 
2.211000e+02 2.428058e-02 9.521841e-02 9.364313e-01 7.881513e+03 1.639646e+03 2.537440e+02  5000 10000 9.046753e-04     0 4.133886e-02 7.574049e+01 1.293549e+02 5.763405e-02 3.151129e-04 
2.212000e+02 2.414392e-02 9.484513e-02 9.369485e-01 7.889182e+03 1.650052e+03 2.542279e+02  5000 10000 9.044884e-04     0 4.135747e-02 7.557032e+01 1.293575e+02 5.762069e-02 3.164783e-04 
2.213000e+02 2.400144e-02 9.447009e-02 9.374644e-01 7.896845e+03 1.660462e+03 2.547072e+02  5000 10000 8.699772e-04     0 4.137577e-02 7.539929e+01 1.293600e+02 5.760753e-02 3.148665e-04 
2.214000e+02 2.386578e-02 9.409336e-02 9.379778e-01 7.904504e+03 1.670877e+03 2.551817e+02  5000 10000 8.231768e-04     0 4.139379e-02 7.522744e+01 1.293626e+02 5.759458e-02 3.124769e-04 
2.215000e+02 2.374493e-02 9.371499e-02 9.384863e-01 7.912157e+03 1.681296e+03 2.556515e+02  5000 10000 7.737551e-04     0 4.141155e-02 7.505476e+01 1.293651e+02 5.758183e-02 3.124373e-04 
2.216000e+02 2.363282e-02 9.333505e-02 9.389891e-01 7.919805e+03 1.691719e+03 2.561167e+02  5000 10000 8.574171e-04     0 4.142902e-02 7.488127e+01 1.293676e+02 5.756928e-02 3.154792e-04 
2.217000e+02 2.350852e-02 9.295348e-02 9.394896e-01 7.927448e+03 1.702147e+03 2.565770e+02  5000 10000 8.574507e-04     0 4.144618e-02 7.470699e+01 1.293702e+02 5.755693e-02 3.167842e-04 
2.218000e+02 2.337871e-02 9.257029e-02 9.399891e-01 7.935086e+03 1.712579e+03 2.570326e+02  5000 10000 8.251406e-04     0 4.146303e-02 7.453194e+01 1.293727e+02 5.754478e-02 3.152842e-04 
2.219000e+02 2.325523e-02 9.218554e-02 9.404862e-01 7.942719e+03 1.723015e+03 2.574834e+02  5000 10000 7.812428e-04     0 4.147961e-02 7.435611e+01 1.293752e+02 5.753283e-02 3.130529e-04 
  222 2.314558e-02 9.179931e-02 9.409789e-01 7.950347e+03 1.733455e+03 2.579293e+02  5000 10000 7.348564e-04     0 4.149593e-02 7.417953e+01 1.293778e+02 5.752109e-02 3.130383e-04 
2.221000e+02 2.304406e-02 9.141164e-02 9.414662e-01 7.957970e+03 1.743900e+03 2.583704e+02  5000 10000 8.139861e-04     0 4.151196e-02 7.400222e+01 1.293803e+02 5.750953e-02 3.159297e-04 
2.222000e+02 2.293105e-02 9.102249e-02 9.419515e-01 7.965588e+03 1.754348e+03 2.588067e+02  5000 10000 8.142152e-04     0 4.152768e-02 7.382418e+01 1.293828e+02 5.749818e-02 3.171822e-04 
2.223000e+02 2.281281e-02 9.063187e-02 9.424359e-01 7.973201e+03 1.764801e+03 2.592380e+02  5000 10000 7.839314e-04     0 4.154311e-02 7.364542e+01 1.293854e+02 5.748703e-02 3.157889e-04 
2.224000e+02 2.270046e-02 9.023984e-02 9.429182e-01 7.980809e+03 1.775257e+03 2.596645e+02  5000 10000 7.427087e-04     0 4.155827e-02 7.346597e+01 1.293879e+02 5.747607e-02 3.137069e-04 
2.225000e+02 2.260104e-02 8.984647e-02 9.433964e-01 7.988413e+03 1.785718e+03 2.600860e+02  5000 10000 6.991213e-04     0 4.157316e-02 7.328584e+01 1.293904e+02 5.746532e-02 3.137185e-04 
2.226000e+02 2.250919e-02 8.945180e-02 9.438696e-01 7.996011e+03 1.796183e+03 2.605025e+02  5000 10000 7.740481e-04     0 4.158777e-02 7.310504e+01 1.293929e+02 5.745475e-02 3.164738e-04 
2.227000e+02 2.240650e-02 8.905579e-02 9.443410e-01 8.003605e+03 1.806651e+03 2.609141e+02  5000 10000 7.744504e-04     0 4.160207e-02 7.292358e+01 1.293955e+02 5.744438e-02 3.176807e-04 
2.228000e+02 2.229885e-02 8.865847e-02 9.448116e-01 8.011194e+03 1.817124e+03 2.613207e+02  5000 10000 7.460343e-04     0 4.161609e-02 7.274147e+01 1.293980e+02 5.743421e-02 3.163891e-04 
2.229000e+02 2.219668e-02 8.825988e-02 9.452804e-01 8.018779e+03 1.827601e+03 2.617223e+02  5000 10000 7.072802e-04     0 4.162984e-02 7.255874e+01 1.294005e+02 5.742424e-02 3.144482e-04 
  223 2.210660e-02 8.786010e-02 9.457453e-01 8.026358e+03 1.838081e+03 2.621189e+02  5000 10000 6.662769e-04     0 4.164332e-02 7.237539e+01 1.294030e+02 5.741446e-02 3.144869e-04 
2.231000e+02 2.202359e-02 8.745916e-02 9.462057e-01 8.033933e+03 1.848565e+03 2.625104e+02  5000 10000 7.373013e-04     0 4.165652e-02 7.219145e+01 1.294055e+02 5.740487e-02 3.171187e-04 
2.232000e+02 2.193034e-02 8.705704e-02 9.466644e-01 8.041503e+03 1.859054e+03 2.628968e+02  5000 10000 7.378568e-04     0 4.166943e-02 7.200691e+01 1.294080e+02 5.739548e-02 3.182862e-04 
2.233000e+02 2.183237e-02 8.665375e-02 9.471225e-01 8.049069e+03 1.869546e+03 2.632782e+02  5000 10000 7.111642e-04     0 4.168205e-02 7.182180e+01 1.294106e+02 5.738628e-02 3.170917e-04 
2.234000e+02 2.173950e-02 8.624934e-02 9.475789e-01 8.056630e+03 1.880042e+03 2.636544e+02  5000 10000 6.746911e-04     0 4.169440e-02 7.163614e+01 1.294131e+02 5.737727e-02 3.152842e-04 
2.235000e+02 2.165798e-02 8.584389e-02 9.480318e-01 8.064186e+03 1.890541e+03 2.640256e+02  5000 10000 6.360769e-04     0 4.170649e-02 7.144992e+01 1.294156e+02 5.736845e-02 3.153505e-04 
2.236000e+02 2.158306e-02 8.543742e-02 9.484805e-01 8.071738e+03 1.901045e+03 2.643916e+02  5000 10000 7.034719e-04     0 4.171831e-02 7.126318e+01 1.294181e+02 5.735982e-02 3.178705e-04 
2.237000e+02 2.149844e-02 8.502991e-02 9.489276e-01 8.079286e+03 1.911552e+03 2.647525e+02  5000 10000 7.041626e-04     0 4.172984e-02 7.107592e+01 1.294206e+02 5.735139e-02 3.190040e-04 
2.238000e+02 2.140934e-02 8.462139e-02 9.493743e-01 8.086828e+03 1.922063e+03 2.651081e+02  5000 10000 6.790628e-04     0 4.174108e-02 7.088815e+01 1.294231e+02 5.734314e-02 3.179022e-04 
2.239000e+02 2.132500e-02 8.421190e-02 9.498194e-01 8.094367e+03 1.932578e+03 2.654587e+02  5000 10000 6.447000e-04     0 4.175206e-02 7.069990e+01 1.294256e+02 5.733509e-02 3.162212e-04 
  224 2.125130e-02 8.380151e-02 9.502613e-01 8.101900e+03 1.943096e+03 2.658040e+02  5000 10000 6.082976e-04     0 4.176278e-02 7.051117e+01 1.294281e+02 5.732722e-02 3.163155e-04 
2.241000e+02 2.118378e-02 8.339025e-02 9.506993e-01 8.109430e+03 1.953618e+03 2.661441e+02  5000 10000 6.723115e-04     0 4.177323e-02 7.032198e+01 1.294306e+02 5.731954e-02 3.187340e-04 
2.242000e+02 2.110708e-02 8.297811e-02 9.511360e-01 8.116955e+03 1.964144e+03 2.664790e+02  5000 10000 6.731211e-04     0 4.178339e-02 7.013234e+01 1.294331e+02 5.731204e-02 3.198386e-04 
2.243000e+02 2.102611e-02 8.256509e-02 9.515722e-01 8.124475e+03 1.974673e+03 2.668086e+02  5000 10000 6.494952e-04     0 4.179328e-02 6.994227e+01 1.294356e+02 5.730474e-02 3.188254e-04 
2.244000e+02 2.094959e-02 8.215126e-02 9.520071e-01 8.131991e+03 1.985206e+03 2.671330e+02  5000 10000 6.170880e-04     0 4.180290e-02 6.975178e+01 1.294381e+02 5.729763e-02 3.172643e-04 
2.245000e+02 2.088306e-02 8.173668e-02 9.524390e-01 8.139503e+03 1.995743e+03 2.674522e+02  5000 10000 5.827362e-04     0 4.181226e-02 6.956088e+01 1.294406e+02 5.729069e-02 3.173871e-04 
2.246000e+02 2.082233e-02 8.132137e-02 9.528673e-01 8.147010e+03 2.006283e+03 2.677660e+02  5000 10000 6.435944e-04     0 4.182136e-02 6.936960e+01 1.294431e+02 5.728394e-02 3.197135e-04 
2.247000e+02 2.075288e-02 8.090533e-02 9.532944e-01 8.154513e+03 2.016826e+03 2.680746e+02  5000 10000 6.445080e-04     0 4.183018e-02 6.917793e+01 1.294456e+02 5.727738e-02 3.207935e-04 
2.248000e+02 2.067937e-02 8.048857e-02 9.537212e-01 8.162012e+03 2.027374e+03 2.683779e+02  5000 10000 6.222479e-04     0 4.183873e-02 6.898590e+01 1.294481e+02 5.727100e-02 3.198654e-04 
2.249000e+02 2.061003e-02 8.007115e-02 9.541468e-01 8.169506e+03 2.037924e+03 2.686758e+02  5000 10000 5.916556e-04     0 4.184701e-02 6.879352e+01 1.294506e+02 5.726481e-02 3.184185e-04 
  225 2.055008e-02 7.965311e-02 9.545696e-01 8.176996e+03 2.048479e+03 2.689685e+02  5000 10000 5.592083e-04     0 4.185504e-02 6.860081e+01 1.294531e+02 5.725880e-02 3.185699e-04 
2.251000e+02 2.049556e-02 7.923450e-02 9.549891e-01 8.184481e+03 2.059036e+03 2.692558e+02  5000 10000 6.171146e-04     0 4.186281e-02 6.840778e+01 1.294556e+02 5.725297e-02 3.208129e-04 
2.252000e+02 2.043279e-02 7.881530e-02 9.554075e-01 8.191963e+03 2.069598e+03 2.695378e+02  5000 10000 6.181184e-04     0 4.187030e-02 6.821444e+01 1.294580e+02 5.724732e-02 3.218725e-04 
2.253000e+02 2.036613e-02 7.839554e-02 9.558257e-01 8.199440e+03 2.080162e+03 2.698144e+02  5000 10000 5.971261e-04     0 4.187753e-02 6.802080e+01 1.294605e+02 5.724185e-02 3.210261e-04 
2.254000e+02 2.030338e-02 7.797526e-02 9.562429e-01 8.206913e+03 2.090730e+03 2.700856e+02  5000 10000 5.682209e-04     0 4.188449e-02 6.782689e+01 1.294630e+02 5.723657e-02 3.196881e-04 
2.255000e+02 2.024948e-02 7.755452e-02 9.566575e-01 8.214382e+03 2.101302e+03 2.703515e+02  5000 10000 5.375453e-04     0 4.189121e-02 6.763271e+01 1.294655e+02 5.723146e-02 3.198687e-04 
2.256000e+02 2.020068e-02 7.713334e-02 9.570690e-01 8.221846e+03 2.111877e+03 2.706120e+02  5000 10000 5.926839e-04     0 4.189767e-02 6.743828e+01 1.294680e+02 5.722653e-02 3.220359e-04 
2.257000e+02 2.014403e-02 7.671174e-02 9.574796e-01 8.229306e+03 2.122455e+03 2.708671e+02  5000 10000 5.937652e-04     0 4.190386e-02 6.724361e+01 1.294704e+02 5.722178e-02 3.230789e-04 
2.258000e+02 2.008368e-02 7.628971e-02 9.578900e-01 8.236762e+03 2.133037e+03 2.711168e+02  5000 10000 5.739516e-04     0 4.190978e-02 6.704872e+01 1.294729e+02 5.721721e-02 3.223115e-04 
2.259000e+02 2.002700e-02 7.586732e-02 9.582996e-01 8.244214e+03 2.143622e+03 2.713611e+02  5000 10000 5.466178e-04     0 4.191545e-02 6.685362e+01 1.294754e+02 5.721282e-02 3.210778e-04 
  226 1.997865e-02 7.544461e-02 9.587067e-01 8.251662e+03 2.154211e+03 2.716000e+02  5000 10000 5.175936e-04     0 4.192088e-02 6.665832e+01 1.294779e+02 5.720861e-02 3.212881e-04 
2.261000e+02 1.993511e-02 7.502162e-02 9.591110e-01 8.259106e+03 2.164802e+03 2.718335e+02  5000 10000 5.701301e-04     0 4.192605e-02 6.646284e+01 1.294803e+02 5.720456e-02 3.233867e-04 
2.262000e+02 1.988411e-02 7.459834e-02 9.595145e-01 8.266545e+03 2.175398e+03 2.720616e+02  5000 10000 5.712768e-04     0 4.193095e-02 6.626720e+01 1.294828e+02 5.720070e-02 3.244167e-04 
2.263000e+02 1.982958e-02 7.417479e-02 9.599180e-01 8.273981e+03 2.185996e+03 2.722842e+02  5000 10000 5.525611e-04     0 4.193559e-02 6.607140e+01 1.294853e+02 5.719701e-02 3.237260e-04 
2.264000e+02 1.977849e-02 7.375102e-02 9.603206e-01 8.281412e+03 2.196598e+03 2.725014e+02  5000 10000 5.266938e-04     0 4.193999e-02 6.587546e+01 1.294877e+02 5.719350e-02 3.225926e-04 
2.265000e+02 1.973527e-02 7.332708e-02 9.607211e-01 8.288839e+03 2.207203e+03 2.727131e+02  5000 10000 4.992121e-04     0 4.194414e-02 6.567940e+01 1.294902e+02 5.719015e-02 3.228331e-04 
2.266000e+02 1.969657e-02 7.290301e-02 9.611189e-01 8.296262e+03 2.217811e+03 2.729194e+02  5000 10000 5.492949e-04     0 4.194804e-02 6.548322e+01 1.294926e+02 5.718698e-02 3.248700e-04 
2.267000e+02 1.965078e-02 7.247880e-02 9.615160e-01 8.303681e+03 2.228423e+03 2.731203e+02  5000 10000 5.504957e-04     0 4.195168e-02 6.528695e+01 1.294951e+02 5.718398e-02 3.258904e-04 
2.268000e+02 1.960162e-02 7.205446e-02 9.619132e-01 8.311096e+03 2.239037e+03 2.733157e+02  5000 10000 5.328048e-04     0 4.195507e-02 6.509059e+01 1.294975e+02 5.718116e-02 3.252744e-04 
2.269000e+02 1.955570e-02 7.163006e-02 9.623096e-01 8.318507e+03 2.249655e+03 2.735057e+02  5000 10000 5.083091e-04     0 4.195821e-02 6.489416e+01 1.295000e+02 5.717851e-02 3.242381e-04 
  227 1.951721e-02 7.120562e-02 9.627041e-01 8.325914e+03 2.260277e+03 2.736901e+02  5000 10000 4.822715e-04     0 4.196111e-02 6.469767e+01 1.295024e+02 5.717602e-02 3.245097e-04 
2.271000e+02 1.948298e-02 7.078120e-02 9.630961e-01 8.333317e+03 2.270901e+03 2.738692e+02  5000 10000 5.300329e-04     0 4.196377e-02 6.450114e+01 1.295049e+02 5.717371e-02 3.264910e-04 
2.272000e+02 1.944201e-02 7.035678e-02 9.634875e-01 8.340715e+03 2.281529e+03 2.740427e+02  5000 10000 5.312769e-04     0 4.196617e-02 6.430458e+01 1.295073e+02 5.717156e-02 3.275052e-04 
2.273000e+02 1.939783e-02 6.993240e-02 9.638790e-01 8.348110e+03 2.292159e+03 2.742108e+02  5000 10000 5.145445e-04     0 4.196831e-02 6.410801e+01 1.295098e+02 5.716958e-02 3.269627e-04 
2.274000e+02 1.935668e-02 6.950808e-02 9.642699e-01 8.355501e+03 2.302793e+03 2.743735e+02  5000 10000 4.913349e-04     0 4.197022e-02 6.391143e+01 1.295122e+02 5.716777e-02 3.260208e-04 
2.275000e+02 1.932258e-02 6.908388e-02 9.646590e-01 8.362888e+03 2.313430e+03 2.745306e+02  5000 10000 4.666527e-04     0 4.197190e-02 6.371487e+01 1.295147e+02 5.716613e-02 3.263244e-04 
2.276000e+02 1.929249e-02 6.865983e-02 9.650457e-01 8.370271e+03 2.324071e+03 2.746823e+02  5000 10000 5.122098e-04     0 4.197333e-02 6.351833e+01 1.295171e+02 5.716465e-02 3.282560e-04 
2.277000e+02 1.925600e-02 6.823594e-02 9.654320e-01 8.377649e+03 2.334714e+03 2.748285e+02  5000 10000 5.134866e-04     0 4.197451e-02 6.332183e+01 1.295195e+02 5.716334e-02 3.292675e-04 
2.278000e+02 1.921643e-02 6.781222e-02 9.658185e-01 8.385024e+03 2.345361e+03 2.749693e+02  5000 10000 4.976530e-04     0 4.197545e-02 6.312539e+01 1.295220e+02 5.716220e-02 3.287975e-04 
2.279000e+02 1.917973e-02 6.738872e-02 9.662045e-01 8.392395e+03 2.356010e+03 2.751046e+02  5000 10000 4.756526e-04     0 4.197615e-02 6.292901e+01 1.295244e+02 5.716122e-02 3.279480e-04 
  228 1.914968e-02 6.696548e-02 9.665888e-01 8.399762e+03 2.366663e+03 2.752344e+02  5000 10000 4.522462e-04     0 4.197662e-02 6.273270e+01 1.295268e+02 5.716040e-02 3.282850e-04 
2.281000e+02 1.912345e-02 6.654253e-02 9.669709e-01 8.407125e+03 2.377319e+03 2.753587e+02  5000 10000 4.957019e-04     0 4.197685e-02 6.253650e+01 1.295293e+02 5.715974e-02 3.301726e-04 
2.282000e+02 1.909111e-02 6.611988e-02 9.673527e-01 8.414484e+03 2.387977e+03 2.754776e+02  5000 10000 4.970014e-04     0 4.197684e-02 6.234040e+01 1.295317e+02 5.715925e-02 3.311847e-04 
2.283000e+02 1.905584e-02 6.569755e-02 9.677347e-01 8.421839e+03 2.398639e+03 2.755910e+02  5000 10000 4.820127e-04     0 4.197658e-02 6.214442e+01 1.295341e+02 5.715892e-02 3.307870e-04 
2.284000e+02 1.902328e-02 6.527557e-02 9.681163e-01 8.429191e+03 2.409304e+03 2.756989e+02  5000 10000 4.611525e-04     0 4.197610e-02 6.194857e+01 1.295365e+02 5.715875e-02 3.300285e-04 
2.285000e+02 1.899702e-02 6.485400e-02 9.684963e-01 8.436538e+03 2.419972e+03 2.758014e+02  5000 10000 4.389506e-04     0 4.197538e-02 6.175287e+01 1.295389e+02 5.715874e-02 3.304004e-04 
2.286000e+02 1.897437e-02 6.443286e-02 9.688745e-01 8.443881e+03 2.430644e+03 2.758984e+02  5000 10000 4.803944e-04     0 4.197444e-02 6.155733e+01 1.295414e+02 5.715889e-02 3.322494e-04 
2.287000e+02 1.894592e-02 6.401217e-02 9.692522e-01 8.451221e+03 2.441318e+03 2.759900e+02  5000 10000 4.817065e-04     0 4.197325e-02 6.136196e+01 1.295438e+02 5.715920e-02 3.332656e-04 
2.288000e+02 1.891466e-02 6.359193e-02 9.696303e-01 8.458556e+03 2.451995e+03 2.760761e+02  5000 10000 4.675146e-04     0 4.197183e-02 6.116678e+01 1.295462e+02 5.715967e-02 3.329403e-04 
2.289000e+02 1.888597e-02 6.317219e-02 9.700081e-01 8.465888e+03 2.462675e+03 2.761568e+02  5000 10000 4.477333e-04     0 4.197019e-02 6.097180e+01 1.295486e+02 5.716030e-02 3.322723e-04 
  229 1.886326e-02 6.275299e-02 9.703844e-01 8.473216e+03 2.473358e+03 2.762320e+02  5000 10000 4.266724e-04     0 4.196832e-02 6.077704e+01 1.295510e+02 5.716108e-02 3.326810e-04 
2.291000e+02 1.884396e-02 6.233437e-02 9.707590e-01 8.480539e+03 2.484044e+03 2.763018e+02  5000 10000 4.661809e-04     0 4.196622e-02 6.058250e+01 1.295534e+02 5.716201e-02 3.344966e-04 
2.292000e+02 1.881915e-02 6.191633e-02 9.711333e-01 8.487859e+03 2.494733e+03 2.763662e+02  5000 10000 4.674960e-04     0 4.196389e-02 6.038819e+01 1.295558e+02 5.716311e-02 3.355206e-04 
2.293000e+02 1.879167e-02 6.149889e-02 9.715079e-01 8.495176e+03 2.505425e+03 2.764251e+02  5000 10000 4.540579e-04     0 4.196132e-02 6.019415e+01 1.295582e+02 5.716436e-02 3.352685e-04 
2.294000e+02 1.876661e-02 6.108208e-02 9.718823e-01 8.502488e+03 2.516121e+03 2.764786e+02  5000 10000 4.353010e-04     0 4.195854e-02 6.000036e+01 1.295606e+02 5.716576e-02 3.346909e-04 
2.295000e+02 1.874723e-02 6.066596e-02 9.722555e-01 8.509796e+03 2.526819e+03 2.765267e+02  5000 10000 4.153252e-04     0 4.195554e-02 5.980686e+01 1.295630e+02 5.716732e-02 3.351385e-04 
2.296000e+02 1.873108e-02 6.025054e-02 9.726270e-01 8.517101e+03 2.537520e+03 2.765694e+02  5000 10000 4.529628e-04     0 4.195231e-02 5.961365e+01 1.295654e+02 5.716902e-02 3.369259e-04 
2.297000e+02 1.870969e-02 5.983585e-02 9.729983e-01 8.524401e+03 2.548223e+03 2.766067e+02  5000 10000 4.542713e-04     0 4.194886e-02 5.942074e+01 1.295678e+02 5.717088e-02 3.379614e-04 
2.298000e+02 1.868577e-02 5.942188e-02 9.733700e-01 8.531698e+03 2.558930e+03 2.766386e+02  5000 10000 4.415488e-04     0 4.194518e-02 5.922815e+01 1.295701e+02 5.717289e-02 3.377839e-04 
2.299000e+02 1.866415e-02 5.900870e-02 9.737415e-01 8.538991e+03 2.569640e+03 2.766651e+02  5000 10000 4.237684e-04     0 4.194128e-02 5.903589e+01 1.295725e+02 5.717506e-02 3.372975e-04 
  230 1.864790e-02 5.859633e-02 9.741119e-01 8.546280e+03 2.580353e+03 2.766862e+02  5000 10000 4.048286e-04     0 4.193717e-02 5.884397e+01 1.295749e+02 5.717737e-02 3.377867e-04 
2.301000e+02 1.863473e-02 5.818480e-02 9.744808e-01 8.553566e+03 2.591068e+03 2.767020e+02  5000 10000 4.406482e-04     0 4.193284e-02 5.865240e+01 1.295773e+02 5.717983e-02 3.395509e-04 
2.302000e+02 1.861659e-02 5.777413e-02 9.748496e-01 8.560847e+03 2.601787e+03 2.767124e+02  5000 10000 4.419404e-04     0 4.192829e-02 5.846121e+01 1.295797e+02 5.718244e-02 3.406018e-04 
2.303000e+02 1.859605e-02 5.736433e-02 9.752188e-01 8.568125e+03 2.612508e+03 2.767175e+02  5000 10000 4.299001e-04     0 4.192351e-02 5.827039e+01 1.295820e+02 5.718520e-02 3.405009e-04 
2.304000e+02 1.857768e-02 5.695543e-02 9.755879e-01 8.575398e+03 2.623233e+03 2.767172e+02  5000 10000 4.130548e-04     0 4.191853e-02 5.807997e+01 1.295844e+02 5.718810e-02 3.401070e-04 
2.305000e+02 1.856442e-02 5.654749e-02 9.759560e-01 8.582668e+03 2.633960e+03 2.767116e+02  5000 10000 3.951086e-04     0 4.191334e-02 5.788996e+01 1.295868e+02 5.719115e-02 3.406407e-04 
2.306000e+02 1.855408e-02 5.614052e-02 9.763227e-01 8.589934e+03 2.644690e+03 2.767006e+02  5000 10000 4.291515e-04     0 4.190793e-02 5.770036e+01 1.295891e+02 5.719435e-02 3.423868e-04 
2.307000e+02 1.853903e-02 5.573454e-02 9.766894e-01 8.597197e+03 2.655423e+03 2.766844e+02  5000 10000 4.304178e-04     0 4.190231e-02 5.751119e+01 1.295915e+02 5.719769e-02 3.434572e-04 
2.308000e+02 1.852171e-02 5.532956e-02 9.770566e-01 8.604455e+03 2.666159e+03 2.766628e+02  5000 10000 4.190305e-04     0 4.189647e-02 5.732247e+01 1.295939e+02 5.720118e-02 3.434354e-04 
2.309000e+02 1.850646e-02 5.492562e-02 9.774237e-01 8.611710e+03 2.676897e+03 2.766360e+02  5000 10000 4.030848e-04     0 4.189042e-02 5.713420e+01 1.295962e+02 5.720481e-02 3.431362e-04 
  231 1.849604e-02 5.452276e-02 9.777899e-01 8.618960e+03 2.687639e+03 2.766038e+02  5000 10000 3.860960e-04     0 4.188417e-02 5.694640e+01 1.295986e+02 5.720858e-02 3.437178e-04 
2.311000e+02 1.848841e-02 5.412101e-02 9.781549e-01 8.626207e+03 2.698383e+03 2.765665e+02  5000 10000 4.183928e-04     0 4.187771e-02 5.675908e+01 1.296009e+02 5.721249e-02 3.454508e-04 
2.312000e+02 1.847633e-02 5.372037e-02 9.785199e-01 8.633450e+03 2.709130e+03 2.765238e+02  5000 10000 4.196235e-04     0 4.187105e-02 5.657225e+01 1.296033e+02 5.721655e-02 3.465453e-04 
2.313000e+02 1.846210e-02 5.332087e-02 9.788854e-01 8.640690e+03 2.719880e+03 2.764760e+02  5000 10000 4.088643e-04     0 4.186417e-02 5.638593e+01 1.296056e+02 5.722074e-02 3.466058e-04 
2.314000e+02 1.844984e-02 5.292253e-02 9.792510e-01 8.647925e+03 2.730633e+03 2.764229e+02  5000 10000 3.937883e-04     0 4.185708e-02 5.620012e+01 1.296079e+02 5.722508e-02 3.464041e-04 
2.315000e+02 1.844217e-02 5.252539e-02 9.796157e-01 8.655157e+03 2.741389e+03 2.763645e+02  5000 10000 3.777269e-04     0 4.184980e-02 5.601483e+01 1.296103e+02 5.722955e-02 3.470374e-04 
2.316000e+02 1.843715e-02 5.212950e-02 9.799794e-01 8.662385e+03 2.752147e+03 2.763010e+02  5000 10000 4.082972e-04     0 4.184232e-02 5.583009e+01 1.296126e+02 5.723417e-02 3.487625e-04 
2.317000e+02 1.842794e-02 5.173484e-02 9.803432e-01 8.669609e+03 2.762909e+03 2.762323e+02  5000 10000 4.094824e-04     0 4.183463e-02 5.564590e+01 1.296149e+02 5.723892e-02 3.498858e-04 
2.318000e+02 1.841671e-02 5.134144e-02 9.807074e-01 8.676829e+03 2.773673e+03 2.761585e+02  5000 10000 3.993304e-04     0 4.182674e-02 5.546228e+01 1.296173e+02 5.724380e-02 3.500324e-04 
2.319000e+02 1.840735e-02 5.094933e-02 9.810718e-01 8.684045e+03 2.784440e+03 2.760794e+02  5000 10000 3.850998e-04     0 4.181865e-02 5.527922e+01 1.296196e+02 5.724883e-02 3.499319e-04 
  232 1.840234e-02 5.055856e-02 9.814355e-01 8.691258e+03 2.795210e+03 2.759953e+02  5000 10000 3.699416e-04     0 4.181037e-02 5.509676e+01 1.296219e+02 5.725399e-02 3.506211e-04 
2.321000e+02 1.839984e-02 5.016914e-02 9.817983e-01 8.698467e+03 2.805982e+03 2.759060e+02  5000 10000 3.987942e-04     0 4.180189e-02 5.491489e+01 1.296242e+02 5.725928e-02 3.523436e-04 
2.322000e+02 1.839342e-02 4.978109e-02 9.821611e-01 8.705672e+03 2.816757e+03 2.758116e+02  5000 10000 3.999237e-04     0 4.179321e-02 5.473364e+01 1.296265e+02 5.726471e-02 3.535007e-04 
2.323000e+02 1.838512e-02 4.939441e-02 9.825246e-01 8.712873e+03 2.827535e+03 2.757121e+02  5000 10000 3.903619e-04     0 4.178433e-02 5.455300e+01 1.296289e+02 5.727027e-02 3.537381e-04 
2.324000e+02 1.837859e-02 4.900916e-02 9.828882e-01 8.720070e+03 2.838316e+03 2.756075e+02  5000 10000 3.769579e-04     0 4.177526e-02 5.437300e+01 1.296312e+02 5.727596e-02 3.537432e-04 
2.325000e+02 1.837619e-02 4.862535e-02 9.832512e-01 8.727264e+03 2.849100e+03 2.754978e+02  5000 10000 3.626845e-04     0 4.176600e-02 5.419364e+01 1.296335e+02 5.728179e-02 3.544933e-04 
2.326000e+02 1.837617e-02 4.824302e-02 9.836134e-01 8.734453e+03 2.859886e+03 2.753831e+02  5000 10000 3.898174e-04     0 4.175655e-02 5.401494e+01 1.296358e+02 5.728775e-02 3.562185e-04 
2.327000e+02 1.837250e-02 4.786217e-02 9.839758e-01 8.741639e+03 2.870676e+03 2.752634e+02  5000 10000 3.908808e-04     0 4.174690e-02 5.383690e+01 1.296381e+02 5.729383e-02 3.574149e-04 
2.328000e+02 1.836707e-02 4.748283e-02 9.843388e-01 8.748821e+03 2.881468e+03 2.751387e+02  5000 10000 3.818960e-04     0 4.173706e-02 5.365954e+01 1.296404e+02 5.730005e-02 3.577484e-04 
2.329000e+02 1.836334e-02 4.710502e-02 9.847020e-01 8.755999e+03 2.892262e+03 2.750090e+02  5000 10000 3.693049e-04     0 4.172704e-02 5.348287e+01 1.296427e+02 5.730639e-02 3.578644e-04 
  233 1.836350e-02 4.672878e-02 9.850648e-01 8.763174e+03 2.903060e+03 2.748743e+02  5000 10000 3.559037e-04     0 4.171683e-02 5.330690e+01 1.296450e+02 5.731287e-02 3.586807e-04 
2.331000e+02 1.836594e-02 4.635413e-02 9.854268e-01 8.770344e+03 2.913860e+03 2.747347e+02  5000 10000 3.813035e-04     0 4.170644e-02 5.313164e+01 1.296472e+02 5.731946e-02 3.604143e-04 
2.332000e+02 1.836498e-02 4.598108e-02 9.857891e-01 8.777511e+03 2.924663e+03 2.745901e+02  5000 10000 3.822899e-04     0 4.169586e-02 5.295711e+01 1.296495e+02 5.732619e-02 3.616559e-04 
2.333000e+02 1.836241e-02 4.560965e-02 9.861520e-01 8.784674e+03 2.935469e+03 2.744406e+02  5000 10000 3.738725e-04     0 4.168509e-02 5.278330e+01 1.296518e+02 5.733304e-02 3.620918e-04 
2.334000e+02 1.836145e-02 4.523987e-02 9.865152e-01 8.791833e+03 2.946277e+03 2.742862e+02  5000 10000 3.620863e-04     0 4.167414e-02 5.261024e+01 1.296541e+02 5.734002e-02 3.623250e-04 
2.335000e+02 1.836416e-02 4.487177e-02 9.868780e-01 8.798988e+03 2.957088e+03 2.741269e+02  5000 10000 3.495501e-04     0 4.166301e-02 5.243793e+01 1.296563e+02 5.734712e-02 3.632136e-04 
2.336000e+02 1.836905e-02 4.450537e-02 9.872403e-01 8.806140e+03 2.967902e+03 2.739628e+02  5000 10000 3.731921e-04     0 4.165171e-02 5.226639e+01 1.296586e+02 5.735434e-02 3.649614e-04 
2.337000e+02 1.837081e-02 4.414069e-02 9.876029e-01 8.813287e+03 2.978719e+03 2.737938e+02  5000 10000 3.740899e-04     0 4.164022e-02 5.209562e+01 1.296609e+02 5.736169e-02 3.662548e-04 
2.338000e+02 1.837110e-02 4.377774e-02 9.879661e-01 8.820431e+03 2.989538e+03 2.736201e+02  5000 10000 3.662342e-04     0 4.162855e-02 5.192564e+01 1.296631e+02 5.736916e-02 3.668002e-04 
2.339000e+02 1.837293e-02 4.341655e-02 9.883297e-01 8.827571e+03 3.000360e+03 2.734415e+02  5000 10000 3.552498e-04     0 4.161670e-02 5.175645e+01 1.296654e+02 5.737675e-02 3.671579e-04 
  234 1.837821e-02 4.305715e-02 9.886930e-01 8.834707e+03 3.011185e+03 2.732581e+02  5000 10000 3.435774e-04     0 4.160468e-02 5.158807e+01 1.296676e+02 5.738446e-02 3.681255e-04 
2.341000e+02 1.838556e-02 4.269956e-02 9.890558e-01 8.841839e+03 3.022013e+03 2.730700e+02  5000 10000 3.654245e-04     0 4.159249e-02 5.142050e+01 1.296699e+02 5.739229e-02 3.698938e-04 
2.342000e+02 1.839005e-02 4.234380e-02 9.894191e-01 8.848967e+03 3.032843e+03 2.728772e+02  5000 10000 3.662214e-04     0 4.158013e-02 5.125376e+01 1.296721e+02 5.740024e-02 3.712461e-04 
2.343000e+02 1.839324e-02 4.198987e-02 9.897830e-01 8.856092e+03 3.043676e+03 2.726797e+02  5000 10000 3.589255e-04     0 4.156758e-02 5.108786e+01 1.296744e+02 5.740830e-02 3.719092e-04 
2.344000e+02 1.839789e-02 4.163782e-02 9.901473e-01 8.863212e+03 3.054512e+03 2.724774e+02  5000 10000 3.487456e-04     0 4.155487e-02 5.092280e+01 1.296766e+02 5.741649e-02 3.723998e-04 
2.345000e+02 1.840577e-02 4.128765e-02 9.905115e-01 8.870329e+03 3.065351e+03 2.722705e+02  5000 10000 3.379415e-04     0 4.154199e-02 5.075860e+01 1.296789e+02 5.742479e-02 3.734542e-04 
2.346000e+02 1.841562e-02 4.093941e-02 9.908754e-01 8.877442e+03 3.076192e+03 2.720590e+02  5000 10000 3.579434e-04     0 4.152894e-02 5.059527e+01 1.296811e+02 5.743320e-02 3.752497e-04 
2.347000e+02 1.842291e-02 4.059309e-02 9.912396e-01 8.884551e+03 3.087036e+03 2.718429e+02  5000 10000 3.586262e-04     0 4.151573e-02 5.043281e+01 1.296833e+02 5.744173e-02 3.766687e-04 
2.348000e+02 1.842905e-02 4.024872e-02 9.916047e-01 8.891656e+03 3.097882e+03 2.716221e+02  5000 10000 3.518920e-04     0 4.150234e-02 5.027124e+01 1.296855e+02 5.745037e-02 3.774587e-04 
2.349000e+02 1.843658e-02 3.990632e-02 9.919701e-01 8.898757e+03 3.108732e+03 2.713968e+02  5000 10000 3.425248e-04     0 4.148879e-02 5.011056e+01 1.296877e+02 5.745913e-02 3.780921e-04 
  235 1.844714e-02 3.956591e-02 9.923356e-01 8.905854e+03 3.119584e+03 2.711670e+02  5000 10000 3.325998e-04     0 4.147508e-02 4.995079e+01 1.296900e+02 5.746800e-02 3.792418e-04 
2.351000e+02 1.845956e-02 3.922753e-02 9.927008e-01 8.912947e+03 3.130439e+03 2.709326e+02  5000 10000 3.506921e-04     0 4.146121e-02 4.979193e+01 1.296922e+02 5.747698e-02 3.810716e-04 
2.352000e+02 1.846972e-02 3.889117e-02 9.930665e-01 8.920037e+03 3.141296e+03 2.706937e+02  5000 10000 3.512463e-04     0 4.144717e-02 4.963399e+01 1.296944e+02 5.748607e-02 3.825660e-04 
2.353000e+02 1.847889e-02 3.855685e-02 9.934330e-01 8.927123e+03 3.152156e+03 2.704504e+02  5000 10000 3.450796e-04     0 4.143297e-02 4.947699e+01 1.296966e+02 5.749528e-02 3.834938e-04 
2.354000e+02 1.848940e-02 3.822461e-02 9.938000e-01 8.934204e+03 3.163019e+03 2.702026e+02  5000 10000 3.365392e-04     0 4.141862e-02 4.932093e+01 1.296988e+02 5.750459e-02 3.842812e-04 
2.355000e+02 1.850271e-02 3.789445e-02 9.941671e-01 8.941282e+03 3.173885e+03 2.699504e+02  5000 10000 3.275106e-04     0 4.140411e-02 4.916582e+01 1.297010e+02 5.751401e-02 3.855358e-04 
2.356000e+02 1.851779e-02 3.756642e-02 9.945341e-01 8.948356e+03 3.184753e+03 2.696937e+02  5000 10000 3.436131e-04     0 4.138944e-02 4.901167e+01 1.297032e+02 5.752353e-02 3.874080e-04 
2.357000e+02 1.853093e-02 3.724050e-02 9.949017e-01 8.955426e+03 3.195624e+03 2.694328e+02  5000 10000 3.440228e-04     0 4.137461e-02 4.885849e+01 1.297053e+02 5.753316e-02 3.889875e-04 
2.358000e+02 1.854326e-02 3.691673e-02 9.952701e-01 8.962492e+03 3.206498e+03 2.691675e+02  5000 10000 3.384336e-04     0 4.135963e-02 4.870628e+01 1.297075e+02 5.754290e-02 3.900653e-04 
2.359000e+02 1.855686e-02 3.659512e-02 9.956391e-01 8.969554e+03 3.217375e+03 2.688978e+02  5000 10000 3.307407e-04     0 4.134450e-02 4.855507e+01 1.297097e+02 5.755275e-02 3.910195e-04 
  236 1.857305e-02 3.627570e-02 9.960082e-01 8.976612e+03 3.228254e+03 2.686239e+02  5000 10000 3.226326e-04     0 4.132922e-02 4.840484e+01 1.297119e+02 5.756270e-02 3.923902e-04 
2.361000e+02 1.859090e-02 3.595848e-02 9.963775e-01 8.983666e+03 3.239136e+03 2.683457e+02  5000 10000 3.366474e-04     0 4.131379e-02 4.825563e+01 1.297140e+02 5.757275e-02 3.943132e-04 
2.362000e+02 1.860716e-02 3.564348e-02 9.967473e-01 8.990716e+03 3.250020e+03 2.680633e+02  5000 10000 3.368949e-04     0 4.129821e-02 4.810742e+01 1.297162e+02 5.758290e-02 3.959888e-04 
2.363000e+02 1.862281e-02 3.533071e-02 9.971180e-01 8.997762e+03 3.260908e+03 2.677766e+02  5000 10000 3.318978e-04     0 4.128248e-02 4.796024e+01 1.297184e+02 5.759316e-02 3.972306e-04 
2.364000e+02 1.863966e-02 3.502020e-02 9.974893e-01 9.004805e+03 3.271798e+03 2.674858e+02  5000 10000 3.250797e-04     0 4.126660e-02 4.781408e+01 1.297205e+02 5.760351e-02 3.983665e-04 
2.365000e+02 1.865887e-02 3.471195e-02 9.978610e-01 9.011843e+03 3.282691e+03 2.671909e+02  5000 10000 3.179237e-04     0 4.125058e-02 4.766896e+01 1.297227e+02 5.761397e-02 3.998657e-04 
2.366000e+02 1.867965e-02 3.440601e-02 9.982329e-01 9.018877e+03 3.293586e+03 2.668918e+02  5000 10000 3.297331e-04     0 4.123442e-02 4.752489e+01 1.297248e+02 5.762453e-02 4.018492e-04 
2.367000e+02 1.869920e-02 3.410236e-02 9.986054e-01 9.025907e+03 3.304484e+03 2.665886e+02  5000 10000 3.297985e-04     0 4.121811e-02 4.738187e+01 1.297270e+02 5.763518e-02 4.036332e-04 
2.368000e+02 1.871835e-02 3.380104e-02 9.989789e-01 9.032934e+03 3.315385e+03 2.662813e+02  5000 10000 3.254128e-04     0 4.120166e-02 4.723991e+01 1.297291e+02 5.764593e-02 4.050552e-04 
2.369000e+02 1.873865e-02 3.350205e-02 9.993531e-01 9.039956e+03 3.326289e+03 2.659701e+02  5000 10000 3.195044e-04     0 4.118507e-02 4.709903e+01 1.297312e+02 5.765678e-02 4.063900e-04 
  237 1.876106e-02 3.320542e-02 9.997277e-01 9.046974e+03 3.337195e+03 2.656548e+02  5000 10000 3.133406e-04     0 4.116834e-02 4.695922e+01 1.297334e+02 5.766773e-02 4.080320e-04 
2.371000e+02 1.878496e-02 3.291116e-02 1.000103e+00 9.053989e+03 3.348104e+03 2.653355e+02  5000 10000 3.228041e-04     0 4.115148e-02 4.682049e+01 1.297355e+02 5.767877e-02 4.100868e-04 
2.372000e+02 1.880801e-02 3.261930e-02 1.000478e+00 9.060999e+03 3.359016e+03 2.650122e+02  5000 10000 3.226646e-04     0 4.113447e-02 4.668286e+01 1.297376e+02 5.768990e-02 4.119933e-04 
2.373000e+02 1.883090e-02 3.232983e-02 1.000855e+00 9.068005e+03 3.369931e+03 2.646851e+02  5000 10000 3.189151e-04     0 4.111734e-02 4.654632e+01 1.297397e+02 5.770113e-02 4.136140e-04 
2.374000e+02 1.885487e-02 3.204278e-02 1.001233e+00 9.075007e+03 3.380848e+03 2.643541e+02  5000 10000 3.139598e-04     0 4.110007e-02 4.641090e+01 1.297418e+02 5.771245e-02 4.151676e-04 
2.375000e+02 1.888071e-02 3.175816e-02 1.001611e+00 9.082005e+03 3.391768e+03 2.640192e+02  5000 10000 3.088374e-04     0 4.108266e-02 4.627659e+01 1.297439e+02 5.772386e-02 4.169688e-04 
2.376000e+02 1.890794e-02 3.147600e-02 1.001989e+00 9.088999e+03 3.402691e+03 2.636804e+02  5000 10000 3.157879e-04     0 4.106513e-02 4.614340e+01 1.297460e+02 5.773536e-02 4.191070e-04 
2.377000e+02 1.893476e-02 3.119631e-02 1.002369e+00 9.095989e+03 3.413617e+03 2.633379e+02  5000 10000 3.154175e-04     0 4.104747e-02 4.601134e+01 1.297481e+02 5.774695e-02 4.211521e-04 
2.378000e+02 1.896165e-02 3.091909e-02 1.002749e+00 9.102975e+03 3.424545e+03 2.629916e+02  5000 10000 3.123347e-04     0 4.102968e-02 4.588042e+01 1.297502e+02 5.775863e-02 4.229932e-04 
2.379000e+02 1.898958e-02 3.064436e-02 1.003130e+00 9.109956e+03 3.435476e+03 2.626416e+02  5000 10000 3.083853e-04     0 4.101176e-02 4.575064e+01 1.297523e+02 5.777040e-02 4.247885e-04 
  238 1.901911e-02 3.037215e-02 1.003512e+00 9.116934e+03 3.446410e+03 2.622878e+02  5000 10000 3.043641e-04     0 4.099372e-02 4.562202e+01 1.297544e+02 5.778225e-02 4.267680e-04 
2.381000e+02 1.904995e-02 3.010246e-02 1.003895e+00 9.123907e+03 3.457346e+03 2.619304e+02  5000 10000 3.086036e-04     0 4.097555e-02 4.549455e+01 1.297564e+02 5.779419e-02 4.290035e-04 
2.382000e+02 1.908083e-02 2.983531e-02 1.004279e+00 9.130877e+03 3.468286e+03 2.615693e+02  5000 10000 3.079722e-04     0 4.095726e-02 4.536824e+01 1.297585e+02 5.780622e-02 4.312056e-04 
2.383000e+02 1.911207e-02 2.957071e-02 1.004663e+00 9.137842e+03 3.479228e+03 2.612047e+02  5000 10000 3.055933e-04     0 4.093885e-02 4.524310e+01 1.297606e+02 5.781833e-02 4.332922e-04 
2.384000e+02 1.914428e-02 2.930867e-02 1.005049e+00 9.144803e+03 3.490172e+03 2.608364e+02  5000 10000 3.027135e-04     0 4.092031e-02 4.511915e+01 1.297626e+02 5.783052e-02 4.353561e-04 
2.385000e+02 1.917783e-02 2.904921e-02 1.005435e+00 9.151760e+03 3.501120e+03 2.604646e+02  5000 10000 2.998655e-04     0 4.090166e-02 4.499637e+01 1.297647e+02 5.784280e-02 4.375358e-04 
2.386000e+02 1.921258e-02 2.879235e-02 1.005823e+00 9.158712e+03 3.512070e+03 2.600893e+02  5000 10000 3.011592e-04     0 4.088289e-02 4.487479e+01 1.297667e+02 5.785516e-02 4.398846e-04 
2.387000e+02 1.924789e-02 2.853809e-02 1.006211e+00 9.165661e+03 3.523024e+03 2.597105e+02  5000 10000 3.002316e-04     0 4.086401e-02 4.475440e+01 1.297688e+02 5.786760e-02 4.422655e-04 
2.388000e+02 1.928387e-02 2.828644e-02 1.006601e+00 9.172605e+03 3.533980e+03 2.593283e+02  5000 10000 2.986015e-04     0 4.084501e-02 4.463521e+01 1.297708e+02 5.788012e-02 4.446267e-04 
2.389000e+02 1.932077e-02 2.803743e-02 1.006991e+00 9.179545e+03 3.544938e+03 2.589426e+02  5000 10000 2.968675e-04     0 4.082589e-02 4.451723e+01 1.297729e+02 5.789272e-02 4.469908e-04 
  239 1.935871e-02 2.779106e-02 1.007383e+00 9.186481e+03 3.555900e+03 2.585536e+02  5000 10000 2.952786e-04     0 4.080667e-02 4.440047e+01 1.297749e+02 5.790540e-02 4.493963e-04 
2.391000e+02 1.939775e-02 2.754735e-02 1.007775e+00 9.193413e+03 3.566864e+03 2.581612e+02  5000 10000 2.933482e-04     0 4.078733e-02 4.428493e+01 1.297769e+02 5.791815e-02 4.518771e-04 
2.392000e+02 1.943792e-02 2.730630e-02 1.008169e+00 9.200340e+03 3.577831e+03 2.577654e+02  5000 10000 2.920828e-04     0 4.076788e-02 4.417061e+01 1.297789e+02 5.793099e-02 4.544619e-04 
2.393000e+02 1.947910e-02 2.706793e-02 1.008564e+00 9.207263e+03 3.588801e+03 2.573665e+02  5000 10000 2.912551e-04     0 4.074833e-02 4.405753e+01 1.297809e+02 5.794389e-02 4.571323e-04 
2.394000e+02 1.952115e-02 2.683225e-02 1.008960e+00 9.214182e+03 3.599774e+03 2.569642e+02  5000 10000 2.907579e-04     0 4.072867e-02 4.394568e+01 1.297829e+02 5.795687e-02 4.598333e-04 
2.395000e+02 1.956392e-02 2.659928e-02 1.009358e+00 9.221096e+03 3.610750e+03 2.565588e+02  5000 10000 2.905302e-04     0 4.070890e-02 4.383507e+01 1.297849e+02 5.796993e-02 4.624949e-04 
2.396000e+02 1.960769e-02 2.636901e-02 1.009756e+00 9.228006e+03 3.621728e+03 2.561501e+02  5000 10000 2.850447e-04     0 4.068903e-02 4.372572e+01 1.297869e+02 5.798306e-02 4.651295e-04 
2.397000e+02 1.965324e-02 2.614148e-02 1.010156e+00 9.234912e+03 3.632709e+03 2.557383e+02  5000 10000 2.833923e-04     0 4.066905e-02 4.361761e+01 1.297889e+02 5.799626e-02 4.679480e-04 
2.398000e+02 1.970018e-02 2.591667e-02 1.010557e+00 9.241814e+03 3.643694e+03 2.553234e+02  5000 10000 2.834309e-04     0 4.064898e-02 4.351077e+01 1.297909e+02 5.800953e-02 4.709682e-04 
2.399000e+02 1.974793e-02 2.569462e-02 1.010959e+00 9.248711e+03 3.654681e+03 2.549055e+02  5000 10000 2.842786e-04     0 4.062880e-02 4.340519e+01 1.297929e+02 5.802287e-02 4.740501e-04 
  240 1.979606e-02 2.547532e-02 1.011363e+00 9.255604e+03 3.665670e+03 2.544844e+02  5000 10000 2.855340e-04     0 4.060853e-02 4.330087e+01 1.297949e+02 5.803628e-02 4.770035e-04 
2.401000e+02 1.984509e-02 2.525878e-02 1.011768e+00 9.262492e+03 3.676663e+03 2.540604e+02  5000 10000 2.760982e-04     0 4.058816e-02 4.319784e+01 1.297968e+02 5.804976e-02 4.798177e-04 
2.402000e+02 1.989661e-02 2.504502e-02 1.012175e+00 9.269376e+03 3.687659e+03 2.536334e+02  5000 10000 2.739999e-04     0 4.056769e-02 4.309608e+01 1.297988e+02 5.806330e-02 4.829051e-04 
2.403000e+02 1.994997e-02 2.483405e-02 1.012583e+00 9.276256e+03 3.698657e+03 2.532035e+02  5000 10000 2.749807e-04     0 4.054713e-02 4.299560e+01 1.298008e+02 5.807691e-02 4.863237e-04 
2.404000e+02 2.000409e-02 2.462588e-02 1.012992e+00 9.283131e+03 3.709659e+03 2.527706e+02  5000 10000 2.773022e-04     0 4.052648e-02 4.289641e+01 1.298027e+02 5.809059e-02 4.898385e-04 
2.405000e+02 2.005820e-02 2.442051e-02 1.013403e+00 9.290002e+03 3.720663e+03 2.523349e+02  5000 10000 2.801855e-04     0 4.050573e-02 4.279851e+01 1.298047e+02 5.810433e-02 4.931264e-04 
2.406000e+02 2.011311e-02 2.421795e-02 1.013816e+00 9.296868e+03 3.731670e+03 2.518964e+02  5000 10000 2.663261e-04     0 4.048489e-02 4.270191e+01 1.298066e+02 5.811814e-02 4.961508e-04 
2.407000e+02 2.017132e-02 2.401821e-02 1.014230e+00 9.303730e+03 3.742680e+03 2.514550e+02  5000 10000 2.637104e-04     0 4.046396e-02 4.260661e+01 1.298085e+02 5.813201e-02 4.995494e-04 
2.408000e+02 2.023189e-02 2.382131e-02 1.014646e+00 9.310587e+03 3.753693e+03 2.510109e+02  5000 10000 2.657238e-04     0 4.044295e-02 4.251262e+01 1.298105e+02 5.814594e-02 5.034244e-04 
2.409000e+02 2.029315e-02 2.362725e-02 1.015063e+00 9.317439e+03 3.764709e+03 2.505641e+02  5000 10000 2.696729e-04     0 4.042185e-02 4.241993e+01 1.298124e+02 5.815993e-02 5.074348e-04 
  241 2.035399e-02 2.343604e-02 1.015482e+00 9.324288e+03 3.775728e+03 2.501146e+02  5000 10000 2.743573e-04     0 4.040067e-02 4.232856e+01 1.298143e+02 5.817398e-02 5.111082e-04 
2.411000e+02 2.041551e-02 2.324767e-02 1.015903e+00 9.331131e+03 3.786750e+03 2.496625e+02  5000 10000 2.555033e-04     0 4.037939e-02 4.223851e+01 1.298162e+02 5.818809e-02 5.143800e-04 
2.412000e+02 2.048128e-02 2.306218e-02 1.016326e+00 9.337970e+03 3.797775e+03 2.492077e+02  5000 10000 2.522833e-04     0 4.035804e-02 4.214978e+01 1.298181e+02 5.820225e-02 5.181408e-04 
2.413000e+02 2.054998e-02 2.287956e-02 1.016750e+00 9.344805e+03 3.808802e+03 2.487503e+02  5000 10000 2.554371e-04     0 4.033661e-02 4.206237e+01 1.298200e+02 5.821648e-02 5.225425e-04 
2.414000e+02 2.061933e-02 2.269983e-02 1.017176e+00 9.351634e+03 3.819833e+03 2.482904e+02  5000 10000 2.611979e-04     0 4.031510e-02 4.197629e+01 1.298219e+02 5.823076e-02 5.271240e-04 
2.415000e+02 2.068779e-02 2.252297e-02 1.017604e+00 9.358459e+03 3.830867e+03 2.478280e+02  5000 10000 2.678909e-04     0 4.029351e-02 4.189154e+01 1.298238e+02 5.824509e-02 5.312450e-04 
2.416000e+02 2.075681e-02 2.234900e-02 1.018035e+00 9.365280e+03 3.841904e+03 2.473631e+02  5000 10000 2.433496e-04     0 4.027184e-02 4.180813e+01 1.298257e+02 5.825948e-02 5.348093e-04 
2.417000e+02 2.083117e-02 2.217794e-02 1.018467e+00 9.372095e+03 3.852943e+03 2.468958e+02  5000 10000 2.394183e-04     0 4.025010e-02 4.172606e+01 1.298276e+02 5.827393e-02 5.389943e-04 
2.418000e+02 2.090913e-02 2.200979e-02 1.018901e+00 9.378906e+03 3.863986e+03 2.464261e+02  5000 10000 2.438414e-04     0 4.022829e-02 4.164533e+01 1.298294e+02 5.828842e-02 5.440081e-04 
2.419000e+02 2.098769e-02 2.184456e-02 1.019337e+00 9.385713e+03 3.875032e+03 2.459541e+02  5000 10000 2.516354e-04     0 4.020640e-02 4.156594e+01 1.298313e+02 5.830297e-02 5.492531e-04 
  242 2.106483e-02 2.168224e-02 1.019775e+00 9.392514e+03 3.886081e+03 2.454797e+02  5000 10000 2.605867e-04     0 4.018444e-02 4.148790e+01 1.298331e+02 5.831757e-02 5.538974e-04 
2.421000e+02 2.114242e-02 2.152283e-02 1.020216e+00 9.399311e+03 3.897133e+03 2.450030e+02  5000 10000 2.295113e-04     0 4.016240e-02 4.141122e+01 1.298350e+02 5.833222e-02 5.578095e-04 
2.422000e+02 2.122661e-02 2.136636e-02 1.020659e+00 9.406103e+03 3.908188e+03 2.445241e+02  5000 10000 2.247357e-04     0 4.014030e-02 4.133589e+01 1.298368e+02 5.834691e-02 5.624953e-04 
2.423000e+02 2.131519e-02 2.121284e-02 1.021103e+00 9.412890e+03 3.919246e+03 2.440430e+02  5000 10000 2.305827e-04     0 4.011814e-02 4.126191e+01 1.298387e+02 5.836166e-02 5.682263e-04 
2.424000e+02 2.140433e-02 2.106227e-02 1.021550e+00 9.419672e+03 3.930308e+03 2.435597e+02  5000 10000 2.406779e-04     0 4.009590e-02 4.118929e+01 1.298405e+02 5.837644e-02 5.742483e-04 
2.425000e+02 2.149145e-02 2.091463e-02 1.022000e+00 9.426449e+03 3.941372e+03 2.430743e+02  5000 10000 2.521900e-04     0 4.007360e-02 4.111804e+01 1.298423e+02 5.839128e-02 5.795094e-04 
2.426000e+02 2.157889e-02 2.076992e-02 1.022453e+00 9.433222e+03 3.952440e+03 2.425867e+02  5000 10000 2.135363e-04     0 4.005123e-02 4.104815e+01 1.298442e+02 5.840617e-02 5.838380e-04 
2.427000e+02 2.167442e-02 2.062819e-02 1.022908e+00 9.439989e+03 3.963510e+03 2.420971e+02  5000 10000 2.077495e-04     0 4.002880e-02 4.097963e+01 1.298460e+02 5.842109e-02 5.891195e-04 
2.428000e+02 2.177529e-02 2.048943e-02 1.023364e+00 9.446751e+03 3.974584e+03 2.416055e+02  5000 10000 2.152072e-04     0 4.000632e-02 4.091247e+01 1.298478e+02 5.843606e-02 5.956984e-04 
2.429000e+02 2.187667e-02 2.035364e-02 1.023823e+00 9.453509e+03 3.985661e+03 2.411119e+02  5000 10000 2.279298e-04     0 3.998378e-02 4.084669e+01 1.298496e+02 5.845107e-02 6.026385e-04 
  243 2.197534e-02 2.022080e-02 1.024286e+00 9.460261e+03 3.996741e+03 2.406164e+02  5000 10000 2.423718e-04     0 3.996116e-02 4.078228e+01 1.298514e+02 5.846613e-02 6.086329e-04 
2.431000e+02 2.207421e-02 2.009091e-02 1.024752e+00 9.467008e+03 4.007825e+03 2.401190e+02  5000 10000 1.948397e-04     0 3.993849e-02 4.071924e+01 1.298532e+02 5.848122e-02 6.134646e-04 
2.432000e+02 2.218294e-02 1.996402e-02 1.025220e+00 9.473750e+03 4.018912e+03 2.396197e+02  5000 10000 1.878292e-04     0 3.991577e-02 4.065758e+01 1.298549e+02 5.849636e-02 6.194612e-04 
2.433000e+02 2.229813e-02 1.984012e-02 1.025690e+00 9.480487e+03 4.030002e+03 2.391185e+02  5000 10000 1.971248e-04     0 3.989300e-02 4.059731e+01 1.298567e+02 5.851153e-02 6.270521e-04 
2.434000e+02 2.241379e-02 1.971922e-02 1.026163e+00 9.487219e+03 4.041095e+03 2.386156e+02  5000 10000 2.128752e-04     0 3.987017e-02 4.053841e+01 1.298585e+02 5.852674e-02 6.350878e-04 
2.435000e+02 2.252596e-02 1.960128e-02 1.026640e+00 9.493946e+03 4.052191e+03 2.381109e+02  5000 10000 2.307011e-04     0 3.984728e-02 4.048089e+01 1.298602e+02 5.854199e-02 6.419626e-04 
2.436000e+02 2.263819e-02 1.948630e-02 1.027121e+00 9.500667e+03 4.063291e+03 2.376045e+02  5000 10000 1.726537e-04     0 3.982433e-02 4.042475e+01 1.298620e+02 5.855728e-02 6.474073e-04 
2.437000e+02 2.276241e-02 1.937433e-02 1.027605e+00 9.507383e+03 4.074394e+03 2.370964e+02  5000 10000 1.641463e-04     0 3.980134e-02 4.037000e+01 1.298638e+02 5.857260e-02 6.542712e-04 
2.438000e+02 2.289445e-02 1.926538e-02 1.028090e+00 9.514094e+03 4.085501e+03 2.365867e+02  5000 10000 1.755577e-04     0 3.977832e-02 4.031664e+01 1.298655e+02 5.858795e-02 6.630827e-04 
2.439000e+02 2.302694e-02 1.915943e-02 1.028579e+00 9.520800e+03 4.096610e+03 2.360753e+02  5000 10000 1.948321e-04     0 3.975523e-02 4.026466e+01 1.298672e+02 5.860333e-02 6.724398e-04 
  244 2.315501e-02 1.905645e-02 1.029072e+00 9.527500e+03 4.107724e+03 2.355624e+02  5000 10000 2.166054e-04     0 3.973209e-02 4.021408e+01 1.298690e+02 5.861876e-02 6.803831e-04 
2.441000e+02 2.328301e-02 1.895644e-02 1.029570e+00 9.534194e+03 4.118840e+03 2.350480e+02  5000 10000 1.459565e-04     0 3.970889e-02 4.016488e+01 1.298707e+02 5.863422e-02 6.865829e-04 
2.442000e+02 2.342560e-02 1.885945e-02 1.030070e+00 9.540883e+03 4.129960e+03 2.345321e+02  5000 10000 1.355953e-04     0 3.968566e-02 4.011707e+01 1.298724e+02 5.864970e-02 6.945105e-04 
2.443000e+02 2.357766e-02 1.876550e-02 1.030573e+00 9.547567e+03 4.141084e+03 2.340147e+02  5000 10000 1.494660e-04     0 3.966240e-02 4.007065e+01 1.298741e+02 5.866522e-02 7.048117e-04 
2.444000e+02 2.373017e-02 1.867455e-02 1.031079e+00 9.554245e+03 4.152211e+03 2.334960e+02  5000 10000 1.728852e-04     0 3.963909e-02 4.002562e+01 1.298758e+02 5.868076e-02 7.157817e-04 
2.445000e+02 2.387716e-02 1.858658e-02 1.031591e+00 9.560918e+03 4.163341e+03 2.329758e+02  5000 10000 1.993133e-04     0 3.961571e-02 3.998199e+01 1.298775e+02 5.869634e-02 7.250373e-04 
2.446000e+02 2.402398e-02 1.850157e-02 1.032108e+00 9.567584e+03 4.174475e+03 2.324544e+02  5000 10000 1.133655e-04     0 3.959229e-02 3.993974e+01 1.298792e+02 5.871195e-02 7.321782e-04 
2.447000e+02 2.418857e-02 1.841959e-02 1.032628e+00 9.574246e+03 4.185613e+03 2.319316e+02  5000 10000 1.006774e-04     0 3.956884e-02 3.989889e+01 1.298809e+02 5.872758e-02 7.414270e-04 
2.448000e+02 2.436467e-02 1.834066e-02 1.033151e+00 9.580901e+03 4.196754e+03 2.314076e+02  5000 10000 1.174356e-04     0 3.954536e-02 3.985944e+01 1.298826e+02 5.874324e-02 7.535700e-04 
2.449000e+02 2.454127e-02 1.826474e-02 1.033677e+00 9.587551e+03 4.207898e+03 2.308824e+02  5000 10000 1.457862e-04     0 3.952184e-02 3.982137e+01 1.298842e+02 5.875892e-02 7.665350e-04 
  245 2.471103e-02 1.819178e-02 1.034209e+00 9.594194e+03 4.219047e+03 2.303559e+02  5000 10000 1.777679e-04     0 3.949825e-02 3.978470e+01 1.298859e+02 5.877464e-02 7.774243e-04 
2.451000e+02 2.488053e-02 1.812178e-02 1.034748e+00 9.600832e+03 4.230199e+03 2.298284e+02  5000 10000 7.297803e-05     0 3.947462e-02 3.974942e+01 1.298876e+02 5.879038e-02 7.857543e-04 
2.452000e+02 2.507178e-02 1.805481e-02 1.035291e+00 9.607464e+03 4.241354e+03 2.292997e+02  5000 10000 5.732421e-05     0 3.945097e-02 3.971554e+01 1.298892e+02 5.880615e-02 7.966676e-04 
2.453000e+02 2.527712e-02 1.799090e-02 1.035836e+00 9.614090e+03 4.252514e+03 2.287700e+02  5000 10000 7.751010e-05     0 3.942729e-02 3.968305e+01 1.298909e+02 5.882193e-02 8.111218e-04 
2.454000e+02 2.548303e-02 1.793000e-02 1.036385e+00 9.620710e+03 4.263677e+03 2.282393e+02  5000 10000 1.118018e-04     0 3.940357e-02 3.965195e+01 1.298925e+02 5.883773e-02 8.265914e-04 
2.455000e+02 2.568053e-02 1.787204e-02 1.036942e+00 9.627324e+03 4.274844e+03 2.277075e+02  5000 10000 1.504953e-04     0 3.937978e-02 3.962225e+01 1.298941e+02 5.885357e-02 8.395454e-04 
2.456000e+02 2.587774e-02 1.781703e-02 1.037506e+00 9.633931e+03 4.286014e+03 2.271749e+02  5000 10000 2.212221e-05     0 3.935594e-02 3.959394e+01 1.298957e+02 5.886944e-02 8.494011e-04 
2.457000e+02 2.610173e-02 1.776504e-02 1.038074e+00 9.640533e+03 4.297189e+03 2.266413e+02  5000 10000 2.622901e-06     0 3.933209e-02 3.956701e+01 1.298974e+02 5.888532e-02 8.624461e-04 
2.458000e+02 2.634311e-02 1.771612e-02 1.038645e+00 9.647128e+03 4.308367e+03 2.261068e+02  5000 10000 2.692628e-05     0 3.930823e-02 3.954148e+01 1.298990e+02 5.890122e-02 8.798488e-04 
2.459000e+02 2.658520e-02 1.767021e-02 1.039221e+00 9.653716e+03 4.319549e+03 2.255715e+02  5000 10000 6.847600e-05     0 3.928431e-02 3.951734e+01 1.299006e+02 5.891713e-02 8.985163e-04 
  246 2.681696e-02 1.762723e-02 1.039805e+00 9.660298e+03 4.330736e+03 2.250355e+02  5000 10000 1.153979e-04     0 3.926032e-02 3.949459e+01 1.299022e+02 5.893308e-02 9.141251e-04 
2.461000e+02 2.704847e-02 1.758714e-02 1.040398e+00 9.666874e+03 4.341926e+03 2.244986e+02  5000 10000 -4.303796e-05     0 3.923628e-02 3.947323e+01 1.299038e+02 5.894907e-02 9.259733e-04 
2.462000e+02 2.731329e-02 1.755010e-02 1.040996e+00 9.673443e+03 4.353120e+03 2.239611e+02  5000 10000 -6.762256e-05     0 3.921223e-02 3.945325e+01 1.299054e+02 5.896506e-02 9.417994e-04 
2.463000e+02 2.759975e-02 1.751612e-02 1.041596e+00 9.680006e+03 4.364318e+03 2.234228e+02  5000 10000 -3.830820e-05     0 3.918817e-02 3.943466e+01 1.299069e+02 5.898106e-02 9.630357e-04 
2.464000e+02 2.788721e-02 1.748514e-02 1.042203e+00 9.686562e+03 4.375520e+03 2.228840e+02  5000 10000 1.224800e-05     0 3.916405e-02 3.941746e+01 1.299085e+02 5.899708e-02 9.858661e-04 
2.465000e+02 2.816195e-02 1.745706e-02 1.042819e+00 9.693110e+03 4.386727e+03 2.223445e+02  5000 10000 6.942161e-05     0 3.913984e-02 3.940163e+01 1.299101e+02 5.901314e-02 1.004956e-03 
2.466000e+02 2.843663e-02 1.743183e-02 1.043446e+00 9.699652e+03 4.397938e+03 2.218044e+02  5000 10000 -1.281537e-04     0 3.911556e-02 3.938719e+01 1.299116e+02 5.902923e-02 1.019461e-03 
2.467000e+02 2.875323e-02 1.740964e-02 1.044079e+00 9.706188e+03 4.409152e+03 2.212639e+02  5000 10000 -1.596177e-04     0 3.909128e-02 3.937414e+01 1.299132e+02 5.904533e-02 1.038994e-03 
2.468000e+02 2.909713e-02 1.739053e-02 1.044714e+00 9.712716e+03 4.420371e+03 2.207228e+02  5000 10000 -1.241165e-04     0 3.906700e-02 3.936246e+01 1.299148e+02 5.906143e-02 1.065325e-03 
2.469000e+02 2.944250e-02 1.737441e-02 1.045356e+00 9.719236e+03 4.431595e+03 2.201813e+02  5000 10000 -6.218349e-05     0 3.904265e-02 3.935215e+01 1.299163e+02 5.907756e-02 1.093697e-03 
  247 2.977214e-02 1.736113e-02 1.046010e+00 9.725750e+03 4.442823e+03 2.196394e+02  5000 10000 7.999974e-06     0 3.901818e-02 3.934323e+01 1.299178e+02 5.909373e-02 1.117458e-03 
2.471000e+02 3.010219e-02 1.735066e-02 1.046677e+00 9.732256e+03 4.454055e+03 2.190971e+02  5000 10000 -2.418038e-04     0 3.899363e-02 3.933567e+01 1.299194e+02 5.910995e-02 1.135589e-03 
2.472000e+02 3.048578e-02 1.734322e-02 1.047350e+00 9.738755e+03 4.465292e+03 2.185544e+02  5000 10000 -2.828251e-04     0 3.896908e-02 3.932949e+01 1.299209e+02 5.912615e-02 1.160188e-03 
2.473000e+02 3.090440e-02 1.733888e-02 1.048027e+00 9.745246e+03 4.476533e+03 2.180115e+02  5000 10000 -2.395612e-04     0 3.894453e-02 3.932468e+01 1.299224e+02 5.914236e-02 1.193468e-03 
2.474000e+02 3.132526e-02 1.733752e-02 1.048711e+00 9.751730e+03 4.487779e+03 2.174683e+02  5000 10000 -1.629586e-04     0 3.891988e-02 3.932124e+01 1.299239e+02 5.915861e-02 1.229410e-03 
2.475000e+02 3.172656e-02 1.733894e-02 1.049409e+00 9.758206e+03 4.499029e+03 2.169249e+02  5000 10000 -7.590864e-05     0 3.889508e-02 3.931916e+01 1.299255e+02 5.917491e-02 1.259609e-03 
2.476000e+02 3.212918e-02 1.734308e-02 1.050124e+00 9.764674e+03 4.510284e+03 2.163812e+02  5000 10000 -3.974804e-04     0 3.887015e-02 3.931845e+01 1.299270e+02 5.919127e-02 1.282830e-03 
2.477000e+02 3.260155e-02 1.735026e-02 1.050845e+00 9.771134e+03 4.521544e+03 2.158375e+02  5000 10000 -4.522056e-04     0 3.884524e-02 3.931910e+01 1.299285e+02 5.920761e-02 1.314562e-03 
2.478000e+02 3.311977e-02 1.736059e-02 1.051570e+00 9.777585e+03 4.532809e+03 2.152936e+02  5000 10000 -3.990244e-04     0 3.882033e-02 3.932111e+01 1.299300e+02 5.922395e-02 1.357610e-03 
2.479000e+02 3.364154e-02 1.737388e-02 1.052304e+00 9.784029e+03 4.544079e+03 2.147496e+02  5000 10000 -3.030427e-04     0 3.879527e-02 3.932447e+01 1.299315e+02 5.924033e-02 1.404225e-03 
  248 3.413873e-02 1.738985e-02 1.053056e+00 9.790464e+03 4.555353e+03 2.142056e+02  5000 10000 -1.935678e-04     0 3.877001e-02 3.932919e+01 1.299329e+02 5.925680e-02 1.443583e-03 
2.481000e+02 3.463905e-02 1.740844e-02 1.053829e+00 9.796890e+03 4.566633e+03 2.136616e+02  5000 10000 -6.173278e-04     0 3.874456e-02 3.933526e+01 1.299344e+02 5.927334e-02 1.474194e-03 
2.482000e+02 3.523248e-02 1.743010e-02 1.054609e+00 9.803308e+03 4.577918e+03 2.131176e+02  5000 10000 -6.924690e-04     0 3.871913e-02 3.934267e+01 1.299359e+02 5.928985e-02 1.516332e-03 
2.483000e+02 3.588752e-02 1.745498e-02 1.055392e+00 9.809717e+03 4.589208e+03 2.125737e+02  5000 10000 -6.263554e-04     0 3.869369e-02 3.935144e+01 1.299374e+02 5.930635e-02 1.573626e-03 
2.484000e+02 3.654836e-02 1.748281e-02 1.056186e+00 9.816117e+03 4.600503e+03 2.120298e+02  5000 10000 -5.040186e-04     0 3.866805e-02 3.936154e+01 1.299389e+02 5.932292e-02 1.635859e-03 
2.485000e+02 3.717788e-02 1.751320e-02 1.057003e+00 9.822508e+03 4.611804e+03 2.114862e+02  5000 10000 -3.638082e-04     0 3.864210e-02 3.937299e+01 1.299404e+02 5.933961e-02 1.688762e-03 
2.486000e+02 3.781398e-02 1.754604e-02 1.057846e+00 9.828889e+03 4.623110e+03 2.109426e+02  5000 10000 -9.396450e-04     0 3.861588e-02 3.938577e+01 1.299418e+02 5.935641e-02 1.730547e-03 
2.487000e+02 3.857849e-02 1.758203e-02 1.058697e+00 9.835261e+03 4.634422e+03 2.103993e+02  5000 10000 -1.046676e-03     0 3.858966e-02 3.939989e+01 1.299433e+02 5.937314e-02 1.788547e-03 
2.488000e+02 3.942856e-02 1.762136e-02 1.059551e+00 9.841623e+03 4.645739e+03 2.098562e+02  5000 10000 -9.633052e-04     0 3.856343e-02 3.941534e+01 1.299448e+02 5.938986e-02 1.867586e-03 
2.489000e+02 4.028844e-02 1.766367e-02 1.060419e+00 9.847975e+03 4.657063e+03 2.093134e+02  5000 10000 -8.038214e-04     0 3.853690e-02 3.943212e+01 1.299463e+02 5.940667e-02 1.953765e-03 
  249 4.110765e-02 1.770834e-02 1.061315e+00 9.854316e+03 4.668392e+03 2.087709e+02  5000 10000 -6.198727e-04     0 3.850988e-02 3.945022e+01 1.299477e+02 5.942369e-02 2.027676e-03 
2.491000e+02 4.194032e-02 1.775523e-02 1.062246e+00 9.860648e+03 4.679727e+03 2.082287e+02  5000 10000 -1.435201e-03     0 3.848243e-02 3.946964e+01 1.299492e+02 5.944086e-02 2.087234e-03 
2.492000e+02 4.295772e-02 1.780542e-02 1.063185e+00 9.866968e+03 4.691069e+03 2.076869e+02  5000 10000 -1.595137e-03     0 3.845498e-02 3.949038e+01 1.299507e+02 5.945788e-02 2.170785e-03 
2.493000e+02 4.409932e-02 1.785924e-02 1.064127e+00 9.873278e+03 4.702416e+03 2.071455e+02  5000 10000 -1.488143e-03     0 3.842752e-02 3.951244e+01 1.299522e+02 5.947488e-02 2.284979e-03 
2.494000e+02 4.525818e-02 1.791610e-02 1.065084e+00 9.879576e+03 4.713770e+03 2.066045e+02  5000 10000 -1.273874e-03     0 3.839958e-02 3.953581e+01 1.299536e+02 5.949201e-02 2.410109e-03 
2.495000e+02 4.636295e-02 1.797502e-02 1.066080e+00 9.885863e+03 4.725131e+03 2.060640e+02  5000 10000 -1.024631e-03     0 3.837085e-02 3.956049e+01 1.299551e+02 5.950948e-02 2.518645e-03 
2.496000e+02 4.749548e-02 1.803578e-02 1.067122e+00 9.892138e+03 4.736498e+03 2.055240e+02  5000 10000 -2.246582e-03     0 3.834139e-02 3.958647e+01 1.299566e+02 5.952717e-02 2.608365e-03 
2.497000e+02 4.890979e-02 1.810020e-02 1.068173e+00 9.898401e+03 4.747873e+03 2.049845e+02  5000 10000 -2.501553e-03     0 3.831193e-02 3.961376e+01 1.299581e+02 5.954454e-02 2.736151e-03 
2.498000e+02 5.051558e-02 1.816890e-02 1.069221e+00 9.904651e+03 4.759254e+03 2.044455e+02  5000 10000 -2.361364e-03     0 3.828249e-02 3.964235e+01 1.299597e+02 5.956179e-02 2.911660e-03 
2.499000e+02 5.215344e-02 1.824085e-02 1.070289e+00 9.910889e+03 4.770643e+03 2.039071e+02  5000 10000 -2.061318e-03     0 3.825226e-02 3.967223e+01 1.299612e+02 5.957926e-02 3.105287e-03 
  250 5.371691e-02 1.831437e-02 1.071411e+00 9.917113e+03 4.782039e+03 2.033693e+02  5000 10000 -1.708215e-03     0 3.822067e-02 3.970341e+01 1.299627e+02 5.959730e-02 3.275649e-03 
2.501000e+02 5.534084e-02 1.838904e-02 1.072597e+00 9.923323e+03 4.793443e+03 2.028320e+02  5000 10000 -3.697314e-03     0 3.818777e-02 3.973587e+01 1.299643e+02 5.961565e-02 3.421197e-03 
2.502000e+02 5.743239e-02 1.846839e-02 1.073786e+00 9.929519e+03 4.804855e+03 2.022955e+02  5000 10000 -4.142949e-03     0 3.815496e-02 3.976963e+01 1.299659e+02 5.963314e-02 3.633520e-03 
2.503000e+02 5.984578e-02 1.855364e-02 1.074963e+00 9.935700e+03 4.816275e+03 2.017595e+02  5000 10000 -3.955254e-03     0 3.812231e-02 3.980467e+01 1.299675e+02 5.965021e-02 3.927782e-03 
2.504000e+02 6.232390e-02 1.864287e-02 1.076163e+00 9.941866e+03 4.827703e+03 2.012242e+02  5000 10000 -3.509247e-03     0 3.808833e-02 3.984099e+01 1.299692e+02 5.966756e-02 4.255629e-03 
2.505000e+02 6.469474e-02 1.873273e-02 1.077442e+00 9.948017e+03 4.839140e+03 2.006896e+02  5000 10000 -2.975553e-03     0 3.805184e-02 3.987859e+01 1.299708e+02 5.968598e-02 4.549349e-03 
2.506000e+02 6.721271e-02 1.882257e-02 1.078814e+00 9.954150e+03 4.850587e+03 2.001556e+02  5000 10000 -6.662198e-03     0 3.801279e-02 3.991748e+01 1.299726e+02 5.970461e-02 4.811804e-03 
2.507000e+02 7.061593e-02 1.892041e-02 1.080168e+00 9.960267e+03 4.862043e+03 1.996223e+02  5000 10000 -7.559161e-03     0 3.797433e-02 3.995764e+01 1.299743e+02 5.972047e-02 5.211052e-03 
2.508000e+02 7.463786e-02 1.902930e-02 1.081475e+00 9.966365e+03 4.873508e+03 1.990897e+02  5000 10000 -7.305591e-03     0 3.793695e-02 3.999908e+01 1.299762e+02 5.973452e-02 5.774195e-03 
2.509000e+02 7.880853e-02 1.914508e-02 1.082804e+00 9.972444e+03 4.884985e+03 1.985577e+02  5000 10000 -6.577888e-03     0 3.789741e-02 4.004180e+01 1.299781e+02 5.974860e-02 6.411186e-03 
  251 8.281299e-02 1.925978e-02 1.084260e+00 9.978503e+03 4.896471e+03 1.980262e+02  5000 10000 -5.684635e-03     0 3.785280e-02 4.008580e+01 1.299801e+02 5.976475e-02 6.995412e-03 
2.511000e+02 8.726419e-02 1.937283e-02 1.085854e+00 9.984542e+03 4.907970e+03 1.974953e+02  5000 10000 -1.430457e-02     0 3.780263e-02 4.013108e+01 1.299821e+02 5.977937e-02 7.555225e-03 
2.512000e+02 9.383326e-02 1.950950e-02 1.087326e+00 9.990558e+03 4.919480e+03 1.969649e+02  5000 10000 -1.661410e-02     0 3.775674e-02 4.017766e+01 1.299843e+02 5.978115e-02 8.481763e-03 
2.513000e+02 1.019108e-01 1.968145e-02 1.088613e+00 9.996550e+03 4.931002e+03 1.964349e+02  5000 10000 -1.630410e-02     0 3.771823e-02 4.022553e+01 1.299867e+02 5.977242e-02 9.836966e-03 
2.514000e+02 1.104198e-01 1.987745e-02 1.089877e+00 1.000252e+04 4.942539e+03 1.959051e+02  5000 10000 -1.490018e-02     0 3.767885e-02 4.027472e+01 1.299892e+02 5.975939e-02 1.140901e-02 
2.515000e+02 1.186371e-01 2.007164e-02 1.091373e+00 1.000846e+04 4.954090e+03 1.953752e+02  5000 10000 -1.310063e-02     0 3.762944e-02 4.032524e+01 1.299920e+02 5.974997e-02 1.289731e-02 
2.516000e+02 1.291059e-01 2.027770e-02 1.093005e+00 1.001437e+04 4.965656e+03 1.948451e+02  5000 10000 -4.711650e-02     0 3.755313e-02 4.037711e+01 1.299951e+02 5.971322e-02 1.456090e-02 
2.517000e+02 1.481103e-01 2.066244e-02 1.093721e+00 1.002024e+04 4.977239e+03 1.943144e+02  5000 10000 -5.726071e-02     0 3.754537e-02 4.043037e+01 1.299985e+02 5.955367e-02 1.795924e-02 
2.518000e+02 1.733553e-01 2.133898e-02 1.093280e+00 1.002608e+04 4.988840e+03 1.937821e+02  5000 10000 -5.744622e-02     0 3.760740e-02 4.048511e+01 1.300025e+02 5.925632e-02 2.334322e-02 
2.519000e+02 2.006994e-01 2.228297e-02 1.092336e+00 1.003188e+04 5.000463e+03 1.932470e+02  5000 10000 -5.340148e-02     0 3.780653e-02 4.054141e+01 1.300072e+02 5.885281e-02 2.987127e-02 
  252 2.273602e-01 2.332600e-02 1.091930e+00 1.003764e+04 5.012109e+03 1.927074e+02 10000 11000 -4.776462e-02     0 3.803352e-02 4.059945e+01 1.300128e+02 5.840984e-02 3.632768e-02 
2.521000e+02 2.492366e-01 2.413269e-02 1.093406e+00 1.004334e+04 5.023782e+03 1.921613e+02 10000 11000 -6.510382e-03     0 3.812441e-02 4.065950e+01 1.300195e+02 5.812397e-02 4.106600e-02 
2.522000e+02 2.597944e-01 2.409398e-02 1.098662e+00 1.004898e+04 5.035482e+03 1.916076e+02 10000 11000 1.099481e-02     0 3.789388e-02 4.072162e+01 1.300278e+02 5.830000e-02 4.160176e-02 
2.523000e+02 2.615952e-01 2.290991e-02 1.108340e+00 1.005457e+04 5.047212e+03 1.910460e+02 10000 11000 1.819034e-02     0 3.685758e-02 4.078595e+01 1.300383e+02 5.879870e-02 3.726556e-02 
2.524000e+02 2.591620e-01 2.080662e-02 1.121796e+00 1.006009e+04 5.058973e+03 1.904768e+02 10000 11000 2.068570e-02     0 3.550908e-02 4.085230e+01 1.300517e+02 5.943668e-02 2.896815e-02 
2.525000e+02 2.555953e-01 1.828294e-02 1.137639e+00 1.006554e+04 5.070764e+03 1.899007e+02 10000 11000 2.112942e-02     0 3.404212e-02 4.092072e+01 1.300680e+02 6.015018e-02 1.839041e-02 
2.526000e+02 2.520350e-01 1.584254e-02 1.154260e+00 1.007093e+04 5.082589e+03 1.893184e+02 10000 11000 2.481411e-02     0 3.288955e-02 4.099115e+01 1.300863e+02 6.094474e-02 7.313240e-03 
2.527000e+02 2.480492e-01 1.380371e-02 1.170264e+00 1.007625e+04 5.094447e+03 1.887307e+02 10000 11000 2.563558e-02     0 3.212055e-02 4.106354e+01 1.301053e+02 6.176338e-02 -2.872534e-03 
2.528000e+02 2.435869e-01 1.233809e-02 1.184526e+00 1.008150e+04 5.106340e+03 1.881387e+02 10000 11000 2.532313e-02     0 3.156658e-02 4.113776e+01 1.301240e+02 6.250002e-02 -1.109842e-02 
2.529000e+02 2.385960e-01 1.153220e-02 1.196312e+00 1.008666e+04 5.118268e+03 1.875438e+02 10000 11000 2.451047e-02     0 3.107693e-02 4.121372e+01 1.301419e+02 6.309512e-02 -1.671626e-02 
  253 2.329375e-01 1.141408e-02 1.205326e+00 1.009176e+04 5.130231e+03 1.869470e+02 10000 11000 2.341255e-02     0 3.058695e-02 4.129129e+01 1.301592e+02 6.355685e-02 -1.953976e-02 
2.531000e+02 2.260192e-01 1.194080e-02 1.211730e+00 1.009677e+04 5.142227e+03 1.863495e+02 10000 11000 2.819644e-02     0 3.009675e-02 4.137036e+01 1.301760e+02 6.392728e-02 -1.987774e-02 
2.532000e+02 2.167437e-01 1.298058e-02 1.216134e+00 1.010171e+04 5.154257e+03 1.857529e+02 10000 11000 2.869713e-02     0 2.965022e-02 4.145080e+01 1.301925e+02 6.425196e-02 -1.853648e-02 
2.533000e+02 2.056972e-01 1.438405e-02 1.219175e+00 1.010658e+04 5.166318e+03 1.851586e+02 10000 11000 2.728794e-02     0 2.930923e-02 4.153247e+01 1.302084e+02 6.458638e-02 -1.622917e-02 
2.534000e+02 1.938959e-01 1.599562e-02 1.221375e+00 1.011138e+04 5.178408e+03 1.845685e+02 10000 11000 2.499462e-02     0 2.909023e-02 4.161520e+01 1.302234e+02 6.493929e-02 -1.348999e-02 
2.535000e+02 1.821891e-01 1.766901e-02 1.223138e+00 1.011612e+04 5.190526e+03 1.839843e+02 10000 11000 2.234082e-02     0 2.897275e-02 4.169879e+01 1.302370e+02 6.527659e-02 -1.070221e-02 
2.536000e+02 1.710510e-01 1.928823e-02 1.224767e+00 1.012079e+04 5.202668e+03 1.834080e+02 10000 11000 2.105854e-02     0 2.894428e-02 4.178306e+01 1.302487e+02 6.555349e-02 -8.140659e-03 
2.537000e+02 1.605784e-01 2.077450e-02 1.226504e+00 1.012541e+04 5.214833e+03 1.828409e+02 10000 11000 1.893972e-02     0 2.901116e-02 4.186786e+01 1.302583e+02 6.573788e-02 -6.020425e-03 
2.538000e+02 1.510470e-01 2.209262e-02 1.228471e+00 1.012998e+04 5.227019e+03 1.822843e+02 10000 11000 1.663883e-02     0 2.918116e-02 4.195305e+01 1.302656e+02 6.581744e-02 -4.412094e-03 
2.539000e+02 1.426720e-01 2.323833e-02 1.230689e+00 1.013450e+04 5.239225e+03 1.817390e+02 10000 11000 1.443764e-02     0 2.945039e-02 4.203854e+01 1.302707e+02 6.579235e-02 -3.274814e-03 
  254 1.355210e-01 2.422467e-02 1.233110e+00 1.013897e+04 5.251448e+03 1.812055e+02 10000 11000 1.245935e-02     0 2.980503e-02 4.212426e+01 1.302735e+02 6.567163e-02 -2.508829e-03 
2.541000e+02 1.294843e-01 2.507155e-02 1.235661e+00 1.014340e+04 5.263688e+03 1.806838e+02 10000 11000 1.146441e-02     0 3.022727e-02 4.221019e+01 1.302743e+02 6.547014e-02 -2.005856e-03 
2.542000e+02 1.243044e-01 2.579840e-02 1.238287e+00 1.014779e+04 5.275943e+03 1.801740e+02 10000 11000 1.025831e-02     0 3.069844e-02 4.229631e+01 1.302732e+02 6.520541e-02 -1.689906e-03 
2.543000e+02 1.198708e-01 2.642499e-02 1.240926e+00 1.015214e+04 5.288213e+03 1.796757e+02 10000 11000 9.093545e-03     0 3.120125e-02 4.238264e+01 1.302705e+02 6.489517e-02 -1.479288e-03 
2.544000e+02 1.161058e-01 2.696943e-02 1.243518e+00 1.015645e+04 5.300496e+03 1.791884e+02 10000 11000 8.050979e-03     0 3.172030e-02 4.246922e+01 1.302662e+02 6.455513e-02 -1.298110e-03 
2.545000e+02 1.129202e-01 2.744655e-02 1.246021e+00 1.016073e+04 5.312792e+03 1.787117e+02 10000 11000 7.147448e-03     0 3.224216e-02 4.255608e+01 1.302607e+02 6.419838e-02 -1.090911e-03 
2.546000e+02 1.101394e-01 2.786650e-02 1.248421e+00 1.016497e+04 5.325100e+03 1.782448e+02 10000 11000 7.385946e-03     0 3.275587e-02 4.264327e+01 1.302541e+02 6.383546e-02 -8.428197e-04 
2.547000e+02 1.074931e-01 2.823378e-02 1.250752e+00 1.016917e+04 5.337419e+03 1.777870e+02 10000 11000 7.064091e-03     0 3.325297e-02 4.273085e+01 1.302465e+02 6.347488e-02 -5.972114e-04 
2.548000e+02 1.049784e-01 2.855340e-02 1.253037e+00 1.017334e+04 5.349750e+03 1.773379e+02 10000 11000 6.552666e-03     0 3.372827e-02 4.281886e+01 1.302382e+02 6.312351e-02 -3.747556e-04 
2.549000e+02 1.026601e-01 2.883127e-02 1.255285e+00 1.017748e+04 5.362091e+03 1.768965e+02 10000 11000 5.997341e-03     0 3.417840e-02 4.290736e+01 1.302293e+02 6.278621e-02 -1.733589e-04 
  255 1.005796e-01 2.907318e-02 1.257494e+00 1.018158e+04 5.374442e+03 1.764624e+02 10000 11000 5.460135e-03     0 3.460047e-02 4.299639e+01 1.302199e+02 6.246609e-02 1.751941e-05 
2.551000e+02 9.867744e-02 2.928358e-02 1.259669e+00 1.018565e+04 5.386803e+03 1.760349e+02 10000 11000 5.855976e-03     0 3.499221e-02 4.308601e+01 1.302101e+02 6.216514e-02 1.952455e-04 
2.552000e+02 9.678239e-02 2.946430e-02 1.261841e+00 1.018970e+04 5.399173e+03 1.756134e+02 10000 11000 5.712962e-03     0 3.535211e-02 4.317625e+01 1.302002e+02 6.188489e-02 3.229364e-04 
2.553000e+02 9.493395e-02 2.961882e-02 1.264020e+00 1.019371e+04 5.411552e+03 1.751973e+02 10000 11000 5.373652e-03     0 3.568033e-02 4.326716e+01 1.301901e+02 6.162635e-02 3.941528e-04 
2.554000e+02 9.321217e-02 2.975219e-02 1.266197e+00 1.019769e+04 5.423940e+03 1.747862e+02 10000 11000 4.976773e-03     0 3.597784e-02 4.335877e+01 1.301799e+02 6.138989e-02 4.275017e-04 
2.555000e+02 9.166392e-02 2.986966e-02 1.268353e+00 1.020164e+04 5.436336e+03 1.743795e+02 10000 11000 4.582986e-03     0 3.624539e-02 4.345112e+01 1.301698e+02 6.117532e-02 4.496095e-04 
2.556000e+02 9.023460e-02 2.997519e-02 1.270477e+00 1.020557e+04 5.448740e+03 1.739767e+02 10000 11000 5.060482e-03     0 3.648356e-02 4.354424e+01 1.301598e+02 6.098213e-02 4.720860e-04 
2.557000e+02 8.876197e-02 3.007016e-02 1.272587e+00 1.020946e+04 5.461152e+03 1.735776e+02 10000 11000 5.014965e-03     0 3.669296e-02 4.363814e+01 1.301500e+02 6.080981e-02 4.700310e-04 
2.558000e+02 8.728293e-02 3.015708e-02 1.274684e+00 1.021333e+04 5.473572e+03 1.731817e+02 10000 11000 4.771111e-03     0 3.687533e-02 4.373287e+01 1.301404e+02 6.065773e-02 4.425590e-04 
2.559000e+02 8.587402e-02 3.023945e-02 1.276756e+00 1.021718e+04 5.485999e+03 1.727887e+02 10000 11000 4.460397e-03     0 3.703290e-02 4.382843e+01 1.301311e+02 6.052497e-02 4.081494e-04 
  256 8.458235e-02 3.032065e-02 1.278788e+00 1.022099e+04 5.498433e+03 1.723984e+02 10000 11000 4.140598e-03     0 3.716740e-02 4.392483e+01 1.301221e+02 6.041037e-02 3.894663e-04 
2.561000e+02 8.335988e-02 3.040280e-02 1.280770e+00 1.022478e+04 5.510875e+03 1.720104e+02 10000 11000 4.649265e-03     0 3.728014e-02 4.402210e+01 1.301135e+02 6.031265e-02 3.925180e-04 
2.562000e+02 8.205676e-02 3.048564e-02 1.282725e+00 1.022855e+04 5.523324e+03 1.716247e+02 10000 11000 4.642793e-03     0 3.737227e-02 4.412024e+01 1.301052e+02 6.023068e-02 3.871900e-04 
2.563000e+02 8.071577e-02 3.056998e-02 1.284660e+00 1.023228e+04 5.535779e+03 1.712409e+02 10000 11000 4.435769e-03     0 3.744580e-02 4.421926e+01 1.300973e+02 6.016337e-02 3.664989e-04 
2.564000e+02 7.941794e-02 3.065762e-02 1.286569e+00 1.023600e+04 5.548241e+03 1.708590e+02 10000 11000 4.156656e-03     0 3.750303e-02 4.431916e+01 1.300897e+02 6.010954e-02 3.429514e-04 
2.565000e+02 7.821545e-02 3.075043e-02 1.288437e+00 1.023969e+04 5.560710e+03 1.704789e+02 10000 11000 3.862867e-03     0 3.754564e-02 4.441994e+01 1.300826e+02 6.006787e-02 3.343888e-04 
2.566000e+02 7.707070e-02 3.084934e-02 1.290262e+00 1.024335e+04 5.573185e+03 1.701004e+02 10000 11000 4.327775e-03     0 3.757486e-02 4.452161e+01 1.300759e+02 6.003705e-02 3.445907e-04 
2.567000e+02 7.585046e-02 3.095341e-02 1.292062e+00 1.024699e+04 5.585667e+03 1.697236e+02 10000 11000 4.316921e-03     0 3.759167e-02 4.462415e+01 1.300696e+02 6.001600e-02 3.450896e-04 
2.568000e+02 7.459666e-02 3.106270e-02 1.293846e+00 1.025061e+04 5.598155e+03 1.693483e+02 10000 11000 4.120958e-03     0 3.759773e-02 4.472757e+01 1.300637e+02 6.000374e-02 3.293379e-04 
2.569000e+02 7.338513e-02 3.117824e-02 1.295607e+00 1.025421e+04 5.610649e+03 1.689745e+02 10000 11000 3.858789e-03     0 3.759488e-02 4.483185e+01 1.300581e+02 5.999930e-02 3.091448e-04 
  257 7.226428e-02 3.130115e-02 1.297332e+00 1.025778e+04 5.623148e+03 1.686022e+02 10000 11000 3.583606e-03     0 3.758440e-02 4.493700e+01 1.300530e+02 6.000162e-02 3.014529e-04 
2.571000e+02 7.119977e-02 3.143183e-02 1.299018e+00 1.026133e+04 5.635654e+03 1.682315e+02 10000 11000 4.004081e-03     0 3.756710e-02 4.504300e+01 1.300482e+02 6.000970e-02 3.103749e-04 
2.572000e+02 7.006946e-02 3.156914e-02 1.300681e+00 1.026485e+04 5.648166e+03 1.678624e+02 10000 11000 3.989534e-03     0 3.754363e-02 4.514985e+01 1.300438e+02 6.002275e-02 3.103982e-04 
2.573000e+02 6.891114e-02 3.171280e-02 1.302328e+00 1.026836e+04 5.660683e+03 1.674948e+02 10000 11000 3.806176e-03     0 3.751514e-02 4.525752e+01 1.300397e+02 6.004013e-02 2.959045e-04 
2.574000e+02 6.779357e-02 3.186337e-02 1.303953e+00 1.027185e+04 5.673205e+03 1.671289e+02 10000 11000 3.562802e-03     0 3.748294e-02 4.536603e+01 1.300359e+02 6.006115e-02 2.779025e-04 
2.575000e+02 6.676051e-02 3.202153e-02 1.305545e+00 1.027531e+04 5.685734e+03 1.667647e+02 10000 11000 3.307992e-03     0 3.744786e-02 4.547534e+01 1.300325e+02 6.008510e-02 2.719399e-04 
2.576000e+02 6.578013e-02 3.218735e-02 1.307100e+00 1.027875e+04 5.698267e+03 1.664022e+02 10000 11000 3.691698e-03     0 3.741037e-02 4.558545e+01 1.300293e+02 6.011133e-02 2.816778e-04 
2.577000e+02 6.474039e-02 3.235961e-02 1.308634e+00 1.028218e+04 5.710806e+03 1.660415e+02 10000 11000 3.676618e-03     0 3.737073e-02 4.569635e+01 1.300265e+02 6.013933e-02 2.835335e-04 
2.578000e+02 6.367578e-02 3.253788e-02 1.310153e+00 1.028558e+04 5.723350e+03 1.656826e+02 10000 11000 3.506922e-03     0 3.732970e-02 4.580802e+01 1.300239e+02 6.016872e-02 2.721559e-04 
2.579000e+02 6.264916e-02 3.272243e-02 1.311652e+00 1.028897e+04 5.735899e+03 1.653257e+02 10000 11000 3.282367e-03     0 3.728815e-02 4.592046e+01 1.300216e+02 6.019912e-02 2.574650e-04 
  258 6.170057e-02 3.291366e-02 1.313120e+00 1.029233e+04 5.748453e+03 1.649709e+02 10000 11000 3.047477e-03     0 3.724655e-02 4.603364e+01 1.300194e+02 6.023009e-02 2.535873e-04 
2.581000e+02 6.080094e-02 3.311149e-02 1.314554e+00 1.029568e+04 5.761012e+03 1.646181e+02 10000 11000 3.397304e-03     0 3.720508e-02 4.614755e+01 1.300175e+02 6.026123e-02 2.638137e-04 
2.582000e+02 5.984796e-02 3.331477e-02 1.315969e+00 1.029900e+04 5.773576e+03 1.642674e+02 10000 11000 3.382240e-03     0 3.716376e-02 4.626219e+01 1.300159e+02 6.029228e-02 2.665323e-04 
2.583000e+02 5.887308e-02 3.352303e-02 1.317371e+00 1.030231e+04 5.786145e+03 1.639190e+02 10000 11000 3.225846e-03     0 3.712303e-02 4.637753e+01 1.300144e+02 6.032306e-02 2.568626e-04 
2.584000e+02 5.793363e-02 3.373640e-02 1.318754e+00 1.030560e+04 5.798718e+03 1.635729e+02 10000 11000 3.019428e-03     0 3.708343e-02 4.649357e+01 1.300130e+02 6.035339e-02 2.439281e-04 
2.585000e+02 5.706608e-02 3.395517e-02 1.320110e+00 1.030887e+04 5.811296e+03 1.632293e+02 10000 11000 2.803705e-03     0 3.704521e-02 4.661029e+01 1.300119e+02 6.038303e-02 2.407127e-04 
2.586000e+02 5.624378e-02 3.417919e-02 1.321434e+00 1.031213e+04 5.823879e+03 1.628880e+02 10000 11000 3.123420e-03     0 3.700832e-02 4.672768e+01 1.300108e+02 6.041178e-02 2.502790e-04 
2.587000e+02 5.537323e-02 3.440746e-02 1.322741e+00 1.031537e+04 5.836465e+03 1.625493e+02 10000 11000 3.109202e-03     0 3.697266e-02 4.684572e+01 1.300099e+02 6.043953e-02 2.528832e-04 
2.588000e+02 5.448307e-02 3.463953e-02 1.324036e+00 1.031859e+04 5.849057e+03 1.622133e+02 10000 11000 2.965725e-03     0 3.693844e-02 4.696440e+01 1.300092e+02 6.046626e-02 2.440994e-04 
2.589000e+02 5.362556e-02 3.487550e-02 1.325314e+00 1.032179e+04 5.861652e+03 1.618798e+02 10000 11000 2.776546e-03     0 3.690599e-02 4.708371e+01 1.300085e+02 6.049190e-02 2.323123e-04 
  259 5.283390e-02 3.511558e-02 1.326566e+00 1.032498e+04 5.874252e+03 1.615492e+02 10000 11000 2.578902e-03     0 3.687539e-02 4.720364e+01 1.300079e+02 6.051635e-02 2.294280e-04 
2.591000e+02 5.208370e-02 3.535964e-02 1.327789e+00 1.032815e+04 5.886855e+03 1.612213e+02 10000 11000 2.871589e-03     0 3.684651e-02 4.732417e+01 1.300074e+02 6.053952e-02 2.382544e-04 
2.592000e+02 5.128957e-02 3.560682e-02 1.328997e+00 1.033131e+04 5.899463e+03 1.608963e+02 10000 11000 2.858522e-03     0 3.681915e-02 4.744529e+01 1.300070e+02 6.056141e-02 2.407066e-04 
2.593000e+02 5.047765e-02 3.585675e-02 1.330193e+00 1.033445e+04 5.912075e+03 1.605743e+02 10000 11000 2.727139e-03     0 3.679340e-02 4.756699e+01 1.300067e+02 6.058206e-02 2.327305e-04 
2.594000e+02 4.969562e-02 3.610950e-02 1.331374e+00 1.033757e+04 5.924691e+03 1.602552e+02 10000 11000 2.553937e-03     0 3.676947e-02 4.768926e+01 1.300065e+02 6.060150e-02 2.220019e-04 
2.595000e+02 4.897376e-02 3.636526e-02 1.332532e+00 1.034068e+04 5.937310e+03 1.599392e+02 10000 11000 2.372983e-03     0 3.674734e-02 4.781208e+01 1.300062e+02 6.061969e-02 2.194189e-04 
2.596000e+02 4.828979e-02 3.662393e-02 1.333663e+00 1.034377e+04 5.949933e+03 1.596262e+02 10000 11000 2.640922e-03     0 3.672684e-02 4.793545e+01 1.300061e+02 6.063661e-02 2.275485e-04 
2.597000e+02 4.756582e-02 3.688480e-02 1.334779e+00 1.034685e+04 5.962560e+03 1.593164e+02 10000 11000 2.628947e-03     0 3.670773e-02 4.805935e+01 1.300060e+02 6.065231e-02 2.298292e-04 
2.598000e+02 4.682571e-02 3.714756e-02 1.335885e+00 1.034992e+04 5.975191e+03 1.590098e+02 10000 11000 2.508689e-03     0 3.669006e-02 4.818377e+01 1.300059e+02 6.066687e-02 2.225518e-04 
2.599000e+02 4.611294e-02 3.741231e-02 1.336977e+00 1.035297e+04 5.987825e+03 1.587064e+02 10000 11000 2.350167e-03     0 3.667394e-02 4.830869e+01 1.300058e+02 6.068035e-02 2.127460e-04 
  260 4.545510e-02 3.767922e-02 1.338048e+00 1.035600e+04 6.000462e+03 1.584062e+02 10000 11000 2.184542e-03     0 3.665934e-02 4.843412e+01 1.300058e+02 6.069274e-02 2.103901e-04 
2.601000e+02 4.483186e-02 3.794822e-02 1.339094e+00 1.035903e+04 6.013103e+03 1.581094e+02 10000 11000 2.429802e-03     0 3.664606e-02 4.856003e+01 1.300058e+02 6.070407e-02 2.178348e-04 
2.602000e+02 4.417221e-02 3.821873e-02 1.340127e+00 1.036203e+04 6.025747e+03 1.578159e+02 10000 11000 2.418844e-03     0 3.663389e-02 4.868641e+01 1.300058e+02 6.071439e-02 2.199205e-04 
2.603000e+02 4.349793e-02 3.849052e-02 1.341151e+00 1.036503e+04 6.038395e+03 1.575258e+02 10000 11000 2.308801e-03     0 3.662284e-02 4.881327e+01 1.300058e+02 6.072380e-02 2.132554e-04 
2.604000e+02 4.284864e-02 3.876369e-02 1.342161e+00 1.036801e+04 6.051046e+03 1.572391e+02 10000 11000 2.163753e-03     0 3.661298e-02 4.894057e+01 1.300059e+02 6.073235e-02 2.042762e-04 
2.605000e+02 4.224945e-02 3.903839e-02 1.343152e+00 1.037098e+04 6.063699e+03 1.569559e+02 10000 11000 2.012192e-03     0 3.660427e-02 4.906832e+01 1.300059e+02 6.074007e-02 2.021158e-04 
2.606000e+02 4.168183e-02 3.931460e-02 1.344121e+00 1.037394e+04 6.076356e+03 1.566761e+02 10000 11000 2.236677e-03     0 3.659654e-02 4.919651e+01 1.300060e+02 6.074697e-02 2.089251e-04 
2.607000e+02 4.108109e-02 3.959185e-02 1.345078e+00 1.037688e+04 6.089017e+03 1.563998e+02 10000 11000 2.226657e-03     0 3.658959e-02 4.932512e+01 1.300060e+02 6.075313e-02 2.108283e-04 
2.608000e+02 4.046709e-02 3.986995e-02 1.346025e+00 1.037981e+04 6.101680e+03 1.561270e+02 10000 11000 2.125981e-03     0 3.658343e-02 4.945414e+01 1.300061e+02 6.075862e-02 2.047227e-04 
2.609000e+02 3.987591e-02 4.014901e-02 1.346961e+00 1.038273e+04 6.114345e+03 1.558577e+02 10000 11000 1.993284e-03     0 3.657812e-02 4.958356e+01 1.300061e+02 6.076349e-02 1.964992e-04 
  261 3.933041e-02 4.042919e-02 1.347879e+00 1.038564e+04 6.127014e+03 1.555921e+02 10000 11000 1.854614e-03     0 3.657361e-02 4.971338e+01 1.300062e+02 6.076778e-02 1.945146e-04 
2.611000e+02 3.881368e-02 4.071048e-02 1.348777e+00 1.038853e+04 6.139686e+03 1.553300e+02 10000 11000 2.060057e-03     0 3.656978e-02 4.984358e+01 1.300063e+02 6.077149e-02 2.007363e-04 
2.612000e+02 3.826685e-02 4.099249e-02 1.349664e+00 1.039141e+04 6.152360e+03 1.550715e+02 10000 11000 2.050893e-03     0 3.656645e-02 4.997415e+01 1.300063e+02 6.077468e-02 2.024663e-04 
2.613000e+02 3.770802e-02 4.127508e-02 1.350542e+00 1.039428e+04 6.165037e+03 1.548166e+02 10000 11000 1.958799e-03     0 3.656363e-02 5.010508e+01 1.300064e+02 6.077743e-02 1.968668e-04 
2.614000e+02 3.717002e-02 4.155836e-02 1.351410e+00 1.039714e+04 6.177717e+03 1.545653e+02 10000 11000 1.837418e-03     0 3.656138e-02 5.023637e+01 1.300064e+02 6.077977e-02 1.893284e-04 
2.615000e+02 3.667363e-02 4.184247e-02 1.352261e+00 1.039999e+04 6.190399e+03 1.543177e+02 10000 11000 1.710557e-03     0 3.655967e-02 5.036799e+01 1.300065e+02 6.078171e-02 1.874970e-04 
2.616000e+02 3.620345e-02 4.212743e-02 1.353094e+00 1.040283e+04 6.203084e+03 1.540738e+02 10000 11000 1.898546e-03     0 3.655839e-02 5.049996e+01 1.300065e+02 6.078328e-02 1.931721e-04 
2.617000e+02 3.570595e-02 4.241290e-02 1.353916e+00 1.040566e+04 6.215772e+03 1.538335e+02 10000 11000 1.890163e-03     0 3.655741e-02 5.063224e+01 1.300065e+02 6.078451e-02 1.947363e-04 
2.618000e+02 3.519760e-02 4.269880e-02 1.354731e+00 1.040847e+04 6.228461e+03 1.535969e+02 10000 11000 1.805928e-03     0 3.655673e-02 5.076484e+01 1.300066e+02 6.078545e-02 1.895946e-04 
2.619000e+02 3.470825e-02 4.298520e-02 1.355537e+00 1.041128e+04 6.241154e+03 1.533640e+02 10000 11000 1.694912e-03     0 3.655642e-02 5.089774e+01 1.300066e+02 6.078613e-02 1.826787e-04 
  262 3.425677e-02 4.327225e-02 1.356327e+00 1.041407e+04 6.253848e+03 1.531349e+02 10000 11000 1.578866e-03     0 3.655646e-02 5.103094e+01 1.300066e+02 6.078657e-02 1.809829e-04 
2.621000e+02 3.382916e-02 4.355996e-02 1.357100e+00 1.041686e+04 6.266545e+03 1.529094e+02 10000 11000 1.750849e-03     0 3.655677e-02 5.116441e+01 1.300066e+02 6.078677e-02 1.861533e-04 
2.622000e+02 3.337678e-02 4.384806e-02 1.357864e+00 1.041963e+04 6.279245e+03 1.526877e+02 10000 11000 1.743172e-03     0 3.655724e-02 5.129817e+01 1.300066e+02 6.078675e-02 1.875629e-04 
2.623000e+02 3.291460e-02 4.413646e-02 1.358621e+00 1.042239e+04 6.291946e+03 1.524697e+02 10000 11000 1.666131e-03     0 3.655788e-02 5.143218e+01 1.300066e+02 6.078656e-02 1.828390e-04 
2.624000e+02 3.246975e-02 4.442526e-02 1.359369e+00 1.042515e+04 6.304650e+03 1.522555e+02 10000 11000 1.564607e-03     0 3.655876e-02 5.156646e+01 1.300066e+02 6.078622e-02 1.764928e-04 
2.625000e+02 3.205935e-02 4.471458e-02 1.360103e+00 1.042789e+04 6.317356e+03 1.520450e+02 10000 11000 1.458466e-03     0 3.655987e-02 5.170097e+01 1.300066e+02 6.078571e-02 1.749206e-04 
2.626000e+02 3.167065e-02 4.500441e-02 1.360821e+00 1.043063e+04 6.330064e+03 1.518383e+02 10000 11000 1.615754e-03     0 3.656114e-02 5.183572e+01 1.300066e+02 6.078506e-02 1.796280e-04 
2.627000e+02 3.125953e-02 4.529455e-02 1.361531e+00 1.043335e+04 6.342774e+03 1.516353e+02 10000 11000 1.608710e-03     0 3.656250e-02 5.197070e+01 1.300065e+02 6.078426e-02 1.808965e-04 
2.628000e+02 3.083959e-02 4.558492e-02 1.362235e+00 1.043607e+04 6.355486e+03 1.514362e+02 10000 11000 1.538254e-03     0 3.656397e-02 5.210589e+01 1.300065e+02 6.078336e-02 1.765575e-04 
2.629000e+02 3.043545e-02 4.587559e-02 1.362931e+00 1.043878e+04 6.368200e+03 1.512408e+02 10000 11000 1.445422e-03     0 3.656560e-02 5.224129e+01 1.300065e+02 6.078236e-02 1.707357e-04 
  263 3.006260e-02 4.616667e-02 1.363614e+00 1.044148e+04 6.380916e+03 1.510492e+02 10000 11000 1.348351e-03     0 3.656739e-02 5.237689e+01 1.300064e+02 6.078125e-02 1.692792e-04 
2.631000e+02 2.970949e-02 4.645817e-02 1.364282e+00 1.044417e+04 6.393634e+03 1.508613e+02 10000 11000 1.492135e-03     0 3.656930e-02 5.251267e+01 1.300064e+02 6.078004e-02 1.735645e-04 
2.632000e+02 2.933611e-02 4.674989e-02 1.364943e+00 1.044685e+04 6.406354e+03 1.506773e+02 10000 11000 1.485653e-03     0 3.657126e-02 5.264863e+01 1.300064e+02 6.077873e-02 1.747072e-04 
2.633000e+02 2.895482e-02 4.704177e-02 1.365598e+00 1.044952e+04 6.419076e+03 1.504971e+02 10000 11000 1.421224e-03     0 3.657330e-02 5.278476e+01 1.300063e+02 6.077735e-02 1.707257e-04 
2.634000e+02 2.858791e-02 4.733388e-02 1.366246e+00 1.045218e+04 6.431800e+03 1.503207e+02 10000 11000 1.336353e-03     0 3.657547e-02 5.292104e+01 1.300063e+02 6.077589e-02 1.653901e-04 
2.635000e+02 2.824942e-02 4.762630e-02 1.366882e+00 1.045484e+04 6.444525e+03 1.501481e+02 10000 11000 1.247591e-03     0 3.657777e-02 5.305747e+01 1.300062e+02 6.077435e-02 1.640446e-04 
2.636000e+02 2.792886e-02 4.791904e-02 1.367505e+00 1.045748e+04 6.457252e+03 1.499794e+02 10000 11000 1.378946e-03     0 3.658017e-02 5.319404e+01 1.300061e+02 6.077273e-02 1.679476e-04 
2.637000e+02 2.759002e-02 4.821193e-02 1.368120e+00 1.046012e+04 6.469981e+03 1.498144e+02 10000 11000 1.372961e-03     0 3.658262e-02 5.333074e+01 1.300061e+02 6.077102e-02 1.689810e-04 
2.638000e+02 2.724410e-02 4.850492e-02 1.368731e+00 1.046275e+04 6.482712e+03 1.496533e+02 10000 11000 1.314048e-03     0 3.658514e-02 5.346755e+01 1.300060e+02 6.076925e-02 1.653347e-04 
2.639000e+02 2.691127e-02 4.879806e-02 1.369334e+00 1.046537e+04 6.495445e+03 1.494960e+02 10000 11000 1.236473e-03     0 3.658779e-02 5.360448e+01 1.300059e+02 6.076741e-02 1.604527e-04 
  264 2.660421e-02 4.909141e-02 1.369927e+00 1.046799e+04 6.508179e+03 1.493425e+02 10000 11000 1.155326e-03     0 3.659056e-02 5.374150e+01 1.300058e+02 6.076550e-02 1.592162e-04 
2.641000e+02 2.631343e-02 4.938498e-02 1.370508e+00 1.047060e+04 6.520914e+03 1.491929e+02 10000 11000 1.275229e-03     0 3.659343e-02 5.387861e+01 1.300058e+02 6.076351e-02 1.627751e-04 
2.642000e+02 2.600621e-02 4.967863e-02 1.371082e+00 1.047320e+04 6.533651e+03 1.490471e+02 10000 11000 1.269677e-03     0 3.659637e-02 5.401581e+01 1.300057e+02 6.076144e-02 1.637160e-04 
2.643000e+02 2.569268e-02 4.997231e-02 1.371652e+00 1.047579e+04 6.546390e+03 1.489052e+02 10000 11000 1.215817e-03     0 3.659938e-02 5.415307e+01 1.300056e+02 6.075929e-02 1.603863e-04 
2.644000e+02 2.539106e-02 5.026605e-02 1.372215e+00 1.047837e+04 6.559131e+03 1.487671e+02 10000 11000 1.144929e-03     0 3.660252e-02 5.429039e+01 1.300055e+02 6.075708e-02 1.559301e-04 
2.645000e+02 2.511279e-02 5.055991e-02 1.372768e+00 1.048095e+04 6.571872e+03 1.486328e+02 10000 11000 1.070765e-03     0 3.660580e-02 5.442777e+01 1.300054e+02 6.075479e-02 1.548025e-04 
2.646000e+02 2.484928e-02 5.085388e-02 1.373311e+00 1.048352e+04 6.584616e+03 1.485024e+02 10000 11000 1.180104e-03     0 3.660918e-02 5.456518e+01 1.300053e+02 6.075241e-02 1.580538e-04 
2.647000e+02 2.457102e-02 5.114785e-02 1.373847e+00 1.048608e+04 6.597361e+03 1.483758e+02 10000 11000 1.174928e-03     0 3.661265e-02 5.470263e+01 1.300052e+02 6.074995e-02 1.589190e-04 
2.648000e+02 2.428717e-02 5.144177e-02 1.374379e+00 1.048864e+04 6.610107e+03 1.482531e+02 10000 11000 1.125695e-03     0 3.661621e-02 5.484010e+01 1.300051e+02 6.074741e-02 1.558907e-04 
2.649000e+02 2.401415e-02 5.173566e-02 1.374906e+00 1.049119e+04 6.622855e+03 1.481342e+02 10000 11000 1.060942e-03     0 3.661991e-02 5.497758e+01 1.300050e+02 6.074479e-02 1.518364e-04 
  265 2.376224e-02 5.202958e-02 1.375423e+00 1.049373e+04 6.635604e+03 1.480192e+02 10000 11000 9.931874e-04     0 3.662376e-02 5.511506e+01 1.300049e+02 6.074209e-02 1.508190e-04 
2.651000e+02 2.352372e-02 5.232350e-02 1.375930e+00 1.049626e+04 6.648354e+03 1.479080e+02 10000 11000 1.092765e-03     0 3.662773e-02 5.525253e+01 1.300047e+02 6.073929e-02 1.537971e-04 
2.652000e+02 2.327201e-02 5.261733e-02 1.376432e+00 1.049879e+04 6.661106e+03 1.478007e+02 10000 11000 1.087913e-03     0 3.663179e-02 5.538999e+01 1.300046e+02 6.073640e-02 1.546034e-04 
2.653000e+02 2.301537e-02 5.291102e-02 1.376929e+00 1.050131e+04 6.673859e+03 1.476973e+02 10000 11000 1.042922e-03     0 3.663597e-02 5.552743e+01 1.300045e+02 6.073342e-02 1.518638e-04 
2.654000e+02 2.276856e-02 5.320459e-02 1.377422e+00 1.050383e+04 6.686613e+03 1.475977e+02 10000 11000 9.838003e-04     0 3.664030e-02 5.566482e+01 1.300044e+02 6.073035e-02 1.481911e-04 
2.655000e+02 2.254083e-02 5.349808e-02 1.377906e+00 1.050634e+04 6.699369e+03 1.475019e+02 10000 11000 9.219312e-04     0 3.664478e-02 5.580217e+01 1.300042e+02 6.072719e-02 1.472865e-04 
2.656000e+02 2.232522e-02 5.379147e-02 1.378381e+00 1.050884e+04 6.712126e+03 1.474100e+02 10000 11000 1.012482e-03     0 3.664940e-02 5.593947e+01 1.300041e+02 6.072392e-02 1.500241e-04 
2.657000e+02 2.209787e-02 5.408468e-02 1.378851e+00 1.051134e+04 6.724884e+03 1.473220e+02 10000 11000 1.007906e-03     0 3.665413e-02 5.607670e+01 1.300040e+02 6.072055e-02 1.507879e-04 
2.658000e+02 2.186618e-02 5.437765e-02 1.379317e+00 1.051383e+04 6.737643e+03 1.472378e+02 10000 11000 9.668050e-04     0 3.665899e-02 5.621386e+01 1.300038e+02 6.071709e-02 1.483269e-04 
2.659000e+02 2.164343e-02 5.467041e-02 1.379778e+00 1.051631e+04 6.750404e+03 1.471574e+02 10000 11000 9.128560e-04     0 3.666401e-02 5.635093e+01 1.300037e+02 6.071353e-02 1.450185e-04 
  266 2.143788e-02 5.496298e-02 1.380232e+00 1.051879e+04 6.763166e+03 1.470809e+02 10000 11000 8.563955e-04     0 3.666918e-02 5.648791e+01 1.300035e+02 6.070987e-02 1.442302e-04 
2.661000e+02 2.124330e-02 5.525534e-02 1.380677e+00 1.052126e+04 6.775929e+03 1.470083e+02 10000 11000 9.385874e-04     0 3.667451e-02 5.662479e+01 1.300034e+02 6.070610e-02 1.467583e-04 
2.662000e+02 2.103829e-02 5.554742e-02 1.381118e+00 1.052373e+04 6.788693e+03 1.469395e+02 10000 11000 9.342445e-04     0 3.667996e-02 5.676155e+01 1.300032e+02 6.070223e-02 1.474958e-04 
2.663000e+02 2.082951e-02 5.583917e-02 1.381555e+00 1.052619e+04 6.801458e+03 1.468745e+02 10000 11000 8.967138e-04     0 3.668555e-02 5.689820e+01 1.300031e+02 6.069825e-02 1.453051e-04 
2.664000e+02 2.062883e-02 5.613061e-02 1.381988e+00 1.052864e+04 6.814224e+03 1.468134e+02 10000 11000 8.475193e-04     0 3.669130e-02 5.703471e+01 1.300029e+02 6.069417e-02 1.423463e-04 
2.665000e+02 2.044365e-02 5.642175e-02 1.382414e+00 1.053109e+04 6.826991e+03 1.467561e+02 10000 11000 7.960328e-04     0 3.669721e-02 5.717109e+01 1.300027e+02 6.068998e-02 1.416787e-04 
2.666000e+02 2.026838e-02 5.671258e-02 1.382832e+00 1.053354e+04 6.839760e+03 1.467027e+02 10000 11000 8.704777e-04     0 3.670328e-02 5.730731e+01 1.300025e+02 6.068568e-02 1.440268e-04 
2.667000e+02 2.008389e-02 5.700303e-02 1.383246e+00 1.053597e+04 6.852529e+03 1.466531e+02 10000 11000 8.663294e-04     0 3.670949e-02 5.744338e+01 1.300024e+02 6.068127e-02 1.447540e-04 
2.668000e+02 1.989616e-02 5.729306e-02 1.383657e+00 1.053841e+04 6.865300e+03 1.466073e+02 10000 11000 8.320769e-04     0 3.671584e-02 5.757928e+01 1.300022e+02 6.067675e-02 1.428272e-04 
2.669000e+02 1.971576e-02 5.758267e-02 1.384063e+00 1.054083e+04 6.878071e+03 1.465654e+02 10000 11000 7.872551e-04     0 3.672235e-02 5.771500e+01 1.300020e+02 6.067213e-02 1.402057e-04 
  267 1.954929e-02 5.787187e-02 1.384464e+00 1.054326e+04 6.890844e+03 1.465272e+02 10000 11000 7.403463e-04     0 3.672903e-02 5.785054e+01 1.300018e+02 6.066739e-02 1.396640e-04 
2.671000e+02 1.939176e-02 5.816066e-02 1.384857e+00 1.054567e+04 6.903617e+03 1.464929e+02 10000 11000 8.076050e-04     0 3.673587e-02 5.798588e+01 1.300016e+02 6.066254e-02 1.418602e-04 
2.672000e+02 1.922614e-02 5.844897e-02 1.385247e+00 1.054809e+04 6.916392e+03 1.464624e+02 10000 11000 8.036175e-04     0 3.674285e-02 5.812101e+01 1.300014e+02 6.065758e-02 1.425926e-04 
2.673000e+02 1.905774e-02 5.873676e-02 1.385634e+00 1.055049e+04 6.929167e+03 1.464357e+02 10000 11000 7.723768e-04     0 3.674998e-02 5.825594e+01 1.300012e+02 6.065252e-02 1.409249e-04 
2.674000e+02 1.889597e-02 5.902404e-02 1.386016e+00 1.055289e+04 6.941943e+03 1.464128e+02 10000 11000 7.315793e-04     0 3.675727e-02 5.839064e+01 1.300010e+02 6.064734e-02 1.386305e-04 
2.675000e+02 1.874671e-02 5.931081e-02 1.386394e+00 1.055529e+04 6.954721e+03 1.463937e+02 10000 11000 6.888864e-04     0 3.676473e-02 5.852510e+01 1.300008e+02 6.064205e-02 1.382203e-04 
2.676000e+02 1.860551e-02 5.959705e-02 1.386764e+00 1.055768e+04 6.967499e+03 1.463784e+02 10000 11000 7.494749e-04     0 3.677235e-02 5.865933e+01 1.300006e+02 6.063665e-02 1.402913e-04 
2.677000e+02 1.845723e-02 5.988272e-02 1.387132e+00 1.056007e+04 6.980278e+03 1.463669e+02 10000 11000 7.456187e-04     0 3.678011e-02 5.879331e+01 1.300004e+02 6.063114e-02 1.410441e-04 
2.678000e+02 1.830660e-02 6.016778e-02 1.387496e+00 1.056245e+04 6.993058e+03 1.463592e+02 10000 11000 7.171470e-04     0 3.678801e-02 5.892703e+01 1.300001e+02 6.062552e-02 1.396319e-04 
2.679000e+02 1.816197e-02 6.045222e-02 1.387857e+00 1.056483e+04 7.005839e+03 1.463552e+02 10000 11000 6.800553e-04     0 3.679608e-02 5.906048e+01 1.299999e+02 6.061979e-02 1.376559e-04 
  268 1.802854e-02 6.073605e-02 1.388213e+00 1.056720e+04 7.018620e+03 1.463550e+02 10000 11000 6.412478e-04     0 3.680432e-02 5.919365e+01 1.299997e+02 6.061395e-02 1.373833e-04 
2.681000e+02 1.790236e-02 6.101927e-02 1.388564e+00 1.056957e+04 7.031403e+03 1.463586e+02 10000 11000 6.956428e-04     0 3.681271e-02 5.932654e+01 1.299994e+02 6.060800e-02 1.393543e-04 
2.682000e+02 1.777004e-02 6.130180e-02 1.388911e+00 1.057193e+04 7.044186e+03 1.463659e+02 10000 11000 6.918932e-04     0 3.682125e-02 5.945914e+01 1.299992e+02 6.060194e-02 1.401423e-04 
2.683000e+02 1.763576e-02 6.158363e-02 1.389255e+00 1.057429e+04 7.056970e+03 1.463770e+02 10000 11000 6.659690e-04     0 3.682993e-02 5.959143e+01 1.299989e+02 6.059577e-02 1.389828e-04 
2.684000e+02 1.750690e-02 6.186475e-02 1.389597e+00 1.057664e+04 7.069755e+03 1.463918e+02 10000 11000 6.322919e-04     0 3.683877e-02 5.972341e+01 1.299987e+02 6.058949e-02 1.373179e-04 
2.685000e+02 1.738804e-02 6.214517e-02 1.389933e+00 1.057899e+04 7.082541e+03 1.464103e+02 10000 11000 5.970675e-04     0 3.684777e-02 5.985507e+01 1.299984e+02 6.058310e-02 1.371890e-04 
2.686000e+02 1.727571e-02 6.242486e-02 1.390265e+00 1.058134e+04 7.095327e+03 1.464326e+02 10000 11000 6.457115e-04     0 3.685693e-02 5.998640e+01 1.299982e+02 6.057661e-02 1.390839e-04 
2.687000e+02 1.715808e-02 6.270378e-02 1.390593e+00 1.058368e+04 7.108115e+03 1.464586e+02 10000 11000 6.420483e-04     0 3.686623e-02 6.011740e+01 1.299979e+02 6.057001e-02 1.399209e-04 
2.688000e+02 1.703883e-02 6.298191e-02 1.390919e+00 1.058602e+04 7.120903e+03 1.464883e+02 10000 11000 6.184698e-04     0 3.687567e-02 6.024804e+01 1.299976e+02 6.056330e-02 1.390120e-04 
2.689000e+02 1.692448e-02 6.325924e-02 1.391243e+00 1.058835e+04 7.133691e+03 1.465216e+02 10000 11000 5.879411e-04     0 3.688527e-02 6.037834e+01 1.299973e+02 6.055649e-02 1.376516e-04 
  269 1.681905e-02 6.353576e-02 1.391562e+00 1.059068e+04 7.146481e+03 1.465587e+02 10000 11000 5.560232e-04     0 3.689503e-02 6.050827e+01 1.299971e+02 6.054957e-02 1.376723e-04 
2.691000e+02 1.671949e-02 6.381146e-02 1.391877e+00 1.059300e+04 7.159271e+03 1.465994e+02 10000 11000 5.993291e-04     0 3.690493e-02 6.063783e+01 1.299968e+02 6.054255e-02 1.395132e-04 
2.692000e+02 1.661539e-02 6.408631e-02 1.392188e+00 1.059532e+04 7.172062e+03 1.466439e+02 10000 11000 5.957369e-04     0 3.691498e-02 6.076701e+01 1.299965e+02 6.053542e-02 1.404123e-04 
2.693000e+02 1.650999e-02 6.436027e-02 1.392498e+00 1.059764e+04 7.184854e+03 1.466919e+02 10000 11000 5.743203e-04     0 3.692516e-02 6.089580e+01 1.299962e+02 6.052819e-02 1.397519e-04 
2.694000e+02 1.640901e-02 6.463333e-02 1.392805e+00 1.059995e+04 7.197646e+03 1.467437e+02 10000 11000 5.466964e-04     0 3.693550e-02 6.102419e+01 1.299959e+02 6.052085e-02 1.386898e-04 
2.695000e+02 1.631596e-02 6.490550e-02 1.393109e+00 1.060226e+04 7.210439e+03 1.467990e+02 10000 11000 5.178324e-04     0 3.694599e-02 6.115218e+01 1.299956e+02 6.051342e-02 1.388653e-04 
2.696000e+02 1.622818e-02 6.517677e-02 1.393408e+00 1.060456e+04 7.223233e+03 1.468580e+02 10000 11000 5.561875e-04     0 3.695662e-02 6.127976e+01 1.299953e+02 6.050588e-02 1.406726e-04 
2.697000e+02 1.613655e-02 6.544708e-02 1.393705e+00 1.060686e+04 7.236027e+03 1.469206e+02 10000 11000 5.526558e-04     0 3.696739e-02 6.140691e+01 1.299950e+02 6.049824e-02 1.416452e-04 
2.698000e+02 1.604390e-02 6.571642e-02 1.393999e+00 1.060916e+04 7.248822e+03 1.469868e+02 10000 11000 5.332341e-04     0 3.697830e-02 6.153364e+01 1.299947e+02 6.049050e-02 1.412308e-04 
2.699000e+02 1.595523e-02 6.598478e-02 1.394292e+00 1.061145e+04 7.261617e+03 1.470567e+02 10000 11000 5.082925e-04     0 3.698935e-02 6.165992e+01 1.299943e+02 6.048266e-02 1.404607e-04 
  270 1.587361e-02 6.625216e-02 1.394581e+00 1.061374e+04 7.274414e+03 1.471301e+02 10000 11000 4.822510e-04     0 3.700055e-02 6.178577e+01 1.299940e+02 6.047472e-02 1.407953e-04 
2.701000e+02 1.579671e-02 6.651853e-02 1.394867e+00 1.061602e+04 7.287210e+03 1.472070e+02 10000 11000 5.160209e-04     0 3.701189e-02 6.191115e+01 1.299937e+02 6.046669e-02 1.425871e-04 
2.702000e+02 1.571658e-02 6.678387e-02 1.395150e+00 1.061830e+04 7.300008e+03 1.472875e+02 10000 11000 5.125442e-04     0 3.702336e-02 6.203608e+01 1.299934e+02 6.045855e-02 1.436431e-04 
2.703000e+02 1.563569e-02 6.704816e-02 1.395431e+00 1.062058e+04 7.312806e+03 1.473716e+02 10000 11000 4.949661e-04     0 3.703496e-02 6.216054e+01 1.299930e+02 6.045032e-02 1.434714e-04 
2.704000e+02 1.555837e-02 6.731138e-02 1.395711e+00 1.062285e+04 7.325605e+03 1.474592e+02 10000 11000 4.725037e-04     0 3.704670e-02 6.228452e+01 1.299927e+02 6.044200e-02 1.429863e-04 
2.705000e+02 1.548731e-02 6.757353e-02 1.395988e+00 1.062512e+04 7.338404e+03 1.475504e+02 10000 11000 4.490734e-04     0 3.705859e-02 6.240801e+01 1.299923e+02 6.043358e-02 1.434827e-04 
2.706000e+02 1.542047e-02 6.783460e-02 1.396261e+00 1.062739e+04 7.351204e+03 1.476450e+02 10000 11000 4.786046e-04     0 3.707060e-02 6.253102e+01 1.299920e+02 6.042506e-02 1.452745e-04 
2.707000e+02 1.535095e-02 6.809455e-02 1.396532e+00 1.062965e+04 7.364004e+03 1.477432e+02 10000 11000 4.751825e-04     0 3.708275e-02 6.265352e+01 1.299916e+02 6.041646e-02 1.464219e-04 
2.708000e+02 1.528090e-02 6.835336e-02 1.396802e+00 1.063191e+04 7.376805e+03 1.478448e+02 10000 11000 4.593113e-04     0 3.709503e-02 6.277551e+01 1.299913e+02 6.040776e-02 1.464881e-04 
2.709000e+02 1.521405e-02 6.861102e-02 1.397070e+00 1.063417e+04 7.389606e+03 1.479499e+02 10000 11000 4.391429e-04     0 3.710743e-02 6.289699e+01 1.299909e+02 6.039896e-02 1.462797e-04 
  271 1.515274e-02 6.886753e-02 1.397335e+00 1.063642e+04 7.402409e+03 1.480584e+02 10000 11000 4.181310e-04     0 3.711998e-02 6.301794e+01 1.299906e+02 6.039008e-02 1.469386e-04 
2.711000e+02 1.509521e-02 6.912288e-02 1.397597e+00 1.063867e+04 7.415211e+03 1.481704e+02 10000 11000 4.437537e-04     0 3.713265e-02 6.313837e+01 1.299902e+02 6.038111e-02 1.487433e-04 
2.712000e+02 1.503551e-02 6.937702e-02 1.397858e+00 1.064091e+04 7.428014e+03 1.482858e+02 10000 11000 4.403910e-04     0 3.714544e-02 6.325825e+01 1.299898e+02 6.037205e-02 1.499872e-04 
2.713000e+02 1.497545e-02 6.962995e-02 1.398118e+00 1.064315e+04 7.440818e+03 1.484047e+02 10000 11000 4.261036e-04     0 3.715836e-02 6.337759e+01 1.299894e+02 6.036289e-02 1.502849e-04 
2.714000e+02 1.491828e-02 6.988165e-02 1.398375e+00 1.064539e+04 7.453622e+03 1.485269e+02 10000 11000 4.080609e-04     0 3.717141e-02 6.349638e+01 1.299891e+02 6.035366e-02 1.503431e-04 
2.715000e+02 1.486600e-02 7.013212e-02 1.398631e+00 1.064763e+04 7.466427e+03 1.486525e+02 10000 11000 3.892915e-04     0 3.718458e-02 6.361460e+01 1.299887e+02 6.034433e-02 1.511631e-04 
2.716000e+02 1.481710e-02 7.038135e-02 1.398884e+00 1.064986e+04 7.479232e+03 1.487815e+02 10000 11000 4.113210e-04     0 3.719788e-02 6.373226e+01 1.299883e+02 6.033492e-02 1.529902e-04 
2.717000e+02 1.476646e-02 7.062930e-02 1.399135e+00 1.065209e+04 7.492038e+03 1.489138e+02 10000 11000 4.080273e-04     0 3.721129e-02 6.384934e+01 1.299879e+02 6.032542e-02 1.543330e-04 
2.718000e+02 1.471564e-02 7.087595e-02 1.399386e+00 1.065431e+04 7.504844e+03 1.490495e+02 10000 11000 3.952135e-04     0 3.722483e-02 6.396584e+01 1.299875e+02 6.031584e-02 1.548535e-04 
2.719000e+02 1.466741e-02 7.112131e-02 1.399635e+00 1.065653e+04 7.517651e+03 1.491885e+02 10000 11000 3.791437e-04     0 3.723848e-02 6.408176e+01 1.299871e+02 6.030618e-02 1.551663e-04 
  272 1.462350e-02 7.136535e-02 1.399882e+00 1.065875e+04 7.530458e+03 1.493308e+02 10000 11000 3.624569e-04     0 3.725226e-02 6.419707e+01 1.299867e+02 6.029643e-02 1.561430e-04 
2.721000e+02 1.458260e-02 7.160807e-02 1.400127e+00 1.066097e+04 7.543266e+03 1.494764e+02 10000 11000 3.811945e-04     0 3.726615e-02 6.431178e+01 1.299863e+02 6.028660e-02 1.579986e-04 
2.722000e+02 1.454035e-02 7.184945e-02 1.400370e+00 1.066318e+04 7.556074e+03 1.496252e+02 10000 11000 3.779836e-04     0 3.728016e-02 6.442589e+01 1.299859e+02 6.027669e-02 1.594397e-04 
2.723000e+02 1.449807e-02 7.208946e-02 1.400613e+00 1.066539e+04 7.568882e+03 1.497774e+02 10000 11000 3.665450e-04     0 3.729428e-02 6.453937e+01 1.299855e+02 6.026670e-02 1.601718e-04 
2.724000e+02 1.445813e-02 7.232809e-02 1.400855e+00 1.066759e+04 7.581692e+03 1.499327e+02 10000 11000 3.523098e-04     0 3.730851e-02 6.465223e+01 1.299851e+02 6.025663e-02 1.607249e-04 
2.725000e+02 1.442197e-02 7.256534e-02 1.401095e+00 1.066979e+04 7.594501e+03 1.500913e+02 10000 11000 3.375605e-04     0 3.732286e-02 6.476446e+01 1.299847e+02 6.024649e-02 1.618512e-04 
2.726000e+02 1.438851e-02 7.280120e-02 1.401333e+00 1.067199e+04 7.607311e+03 1.502531e+02 10000 11000 3.532932e-04     0 3.733732e-02 6.487606e+01 1.299842e+02 6.023626e-02 1.637378e-04 
2.727000e+02 1.435404e-02 7.303563e-02 1.401570e+00 1.067419e+04 7.620122e+03 1.504181e+02 10000 11000 3.501826e-04     0 3.735189e-02 6.498701e+01 1.299838e+02 6.022596e-02 1.652734e-04 
2.728000e+02 1.431967e-02 7.326863e-02 1.401806e+00 1.067638e+04 7.632933e+03 1.505862e+02 10000 11000 3.400317e-04     0 3.736657e-02 6.509731e+01 1.299834e+02 6.021559e-02 1.662033e-04 
2.729000e+02 1.428739e-02 7.350019e-02 1.402042e+00 1.067857e+04 7.645744e+03 1.507575e+02 10000 11000 3.275062e-04     0 3.738135e-02 6.520695e+01 1.299830e+02 6.020514e-02 1.669799e-04 
  273 1.425844e-02 7.373029e-02 1.402276e+00 1.068076e+04 7.658556e+03 1.509320e+02 10000 11000 3.145627e-04     0 3.739624e-02 6.531593e+01 1.299825e+02 6.019461e-02 1.682459e-04 
2.731000e+02 1.423190e-02 7.395893e-02 1.402508e+00 1.068294e+04 7.671368e+03 1.511095e+02 10000 11000 3.275620e-04     0 3.741124e-02 6.542424e+01 1.299821e+02 6.018401e-02 1.701626e-04 
2.732000e+02 1.420465e-02 7.418608e-02 1.402740e+00 1.068512e+04 7.684181e+03 1.512902e+02 10000 11000 3.245717e-04     0 3.742634e-02 6.553187e+01 1.299817e+02 6.017334e-02 1.717858e-04 
2.733000e+02 1.417762e-02 7.441173e-02 1.402971e+00 1.068730e+04 7.696994e+03 1.514739e+02 10000 11000 3.156304e-04     0 3.744154e-02 6.563882e+01 1.299812e+02 6.016260e-02 1.728974e-04 
2.734000e+02 1.415246e-02 7.463587e-02 1.403201e+00 1.068948e+04 7.709807e+03 1.516607e+02 10000 11000 3.047020e-04     0 3.745684e-02 6.574508e+01 1.299808e+02 6.015180e-02 1.738787e-04 
2.735000e+02 1.413022e-02 7.485848e-02 1.403431e+00 1.069165e+04 7.722621e+03 1.518506e+02 10000 11000 2.934452e-04     0 3.747224e-02 6.585065e+01 1.299803e+02 6.014092e-02 1.752719e-04 
2.736000e+02 1.411012e-02 7.507957e-02 1.403659e+00 1.069382e+04 7.735435e+03 1.520435e+02 10000 11000 3.039650e-04     0 3.748774e-02 6.595552e+01 1.299799e+02 6.012997e-02 1.772146e-04 
2.737000e+02 1.408958e-02 7.529910e-02 1.403886e+00 1.069598e+04 7.748250e+03 1.522393e+02 10000 11000 3.011155e-04     0 3.750334e-02 6.605968e+01 1.299794e+02 6.011895e-02 1.789159e-04 
2.738000e+02 1.406936e-02 7.551707e-02 1.404113e+00 1.069815e+04 7.761065e+03 1.524382e+02 10000 11000 2.933144e-04     0 3.751903e-02 6.616312e+01 1.299790e+02 6.010787e-02 1.801914e-04 
2.739000e+02 1.405083e-02 7.573347e-02 1.404340e+00 1.070031e+04 7.773881e+03 1.526400e+02 10000 11000 2.838815e-04     0 3.753481e-02 6.626585e+01 1.299785e+02 6.009673e-02 1.813570e-04 
  274 1.403483e-02 7.594828e-02 1.404566e+00 1.070246e+04 7.786697e+03 1.528448e+02 10000 11000 2.742035e-04     0 3.755069e-02 6.636785e+01 1.299781e+02 6.008552e-02 1.828627e-04 
2.741000e+02 1.402075e-02 7.616150e-02 1.404791e+00 1.070462e+04 7.799513e+03 1.530525e+02 10000 11000 2.824767e-04     0 3.756666e-02 6.646912e+01 1.299776e+02 6.007425e-02 1.848247e-04 
2.742000e+02 1.400646e-02 7.637310e-02 1.405015e+00 1.070677e+04 7.812330e+03 1.532631e+02 10000 11000 2.797880e-04     0 3.758273e-02 6.656966e+01 1.299771e+02 6.006291e-02 1.865928e-04 
2.743000e+02 1.399257e-02 7.658308e-02 1.405239e+00 1.070892e+04 7.825147e+03 1.534766e+02 10000 11000 2.730644e-04     0 3.759887e-02 6.666945e+01 1.299767e+02 6.005151e-02 1.880132e-04 
2.744000e+02 1.398021e-02 7.679143e-02 1.405463e+00 1.071106e+04 7.837965e+03 1.536929e+02 10000 11000 2.650353e-04     0 3.761511e-02 6.676850e+01 1.299762e+02 6.004006e-02 1.893420e-04 
2.745000e+02 1.397003e-02 7.699813e-02 1.405687e+00 1.071320e+04 7.850783e+03 1.539121e+02 10000 11000 2.568384e-04     0 3.763144e-02 6.686679e+01 1.299758e+02 6.002854e-02 1.909447e-04 
2.746000e+02 1.396157e-02 7.720318e-02 1.405909e+00 1.071534e+04 7.863601e+03 1.541342e+02 10000 11000 2.630732e-04     0 3.764785e-02 6.696432e+01 1.299753e+02 6.001697e-02 1.929175e-04 
2.747000e+02 1.395311e-02 7.740656e-02 1.406132e+00 1.071748e+04 7.876420e+03 1.543590e+02 10000 11000 2.605619e-04     0 3.766434e-02 6.706109e+01 1.299748e+02 6.000533e-02 1.947400e-04 
2.748000e+02 1.394514e-02 7.760825e-02 1.406354e+00 1.071961e+04 7.889239e+03 1.545866e+02 10000 11000 2.548590e-04     0 3.768091e-02 6.715709e+01 1.299743e+02 5.999364e-02 1.962864e-04 
2.749000e+02 1.393852e-02 7.780826e-02 1.406577e+00 1.072174e+04 7.902059e+03 1.548170e+02 10000 11000 2.481507e-04     0 3.769756e-02 6.725232e+01 1.299739e+02 5.998190e-02 1.977579e-04 
  275 1.393379e-02 7.800657e-02 1.406798e+00 1.072387e+04 7.914879e+03 1.550501e+02 10000 11000 2.413465e-04     0 3.771430e-02 6.734676e+01 1.299734e+02 5.997010e-02 1.994418e-04 
2.751000e+02 1.393059e-02 7.820316e-02 1.407020e+00 1.072600e+04 7.927699e+03 1.552859e+02 10000 11000 2.457216e-04     0 3.773111e-02 6.744042e+01 1.299729e+02 5.995825e-02 2.014165e-04 
2.752000e+02 1.392758e-02 7.839803e-02 1.407242e+00 1.072812e+04 7.940519e+03 1.555245e+02 10000 11000 2.433992e-04     0 3.774800e-02 6.753329e+01 1.299724e+02 5.994634e-02 2.032812e-04 
2.753000e+02 1.392512e-02 7.859117e-02 1.407463e+00 1.073024e+04 7.953340e+03 1.557657e+02 10000 11000 2.386646e-04     0 3.776496e-02 6.762537e+01 1.299719e+02 5.993439e-02 2.049362e-04 
2.754000e+02 1.392388e-02 7.878257e-02 1.407685e+00 1.073235e+04 7.966162e+03 1.560095e+02 10000 11000 2.332022e-04     0 3.778200e-02 6.771664e+01 1.299715e+02 5.992238e-02 2.065314e-04 
2.755000e+02 1.392426e-02 7.897221e-02 1.407906e+00 1.073447e+04 7.978984e+03 1.562560e+02 10000 11000 2.277108e-04     0 3.779911e-02 6.780711e+01 1.299710e+02 5.991032e-02 2.082823e-04 
2.756000e+02 1.392598e-02 7.916008e-02 1.408128e+00 1.073658e+04 7.991806e+03 1.565051e+02 10000 11000 2.303707e-04     0 3.781629e-02 6.789677e+01 1.299705e+02 5.989822e-02 2.102506e-04 
2.757000e+02 1.392807e-02 7.934619e-02 1.408349e+00 1.073868e+04 8.004628e+03 1.567568e+02 10000 11000 2.282416e-04     0 3.783354e-02 6.798561e+01 1.299700e+02 5.988607e-02 2.121470e-04 
2.758000e+02 1.393079e-02 7.953051e-02 1.408571e+00 1.074079e+04 8.017451e+03 1.570110e+02 10000 11000 2.244263e-04     0 3.785086e-02 6.807364e+01 1.299695e+02 5.987387e-02 2.138958e-04 
2.759000e+02 1.393459e-02 7.971303e-02 1.408793e+00 1.074289e+04 8.030275e+03 1.572678e+02 10000 11000 2.201420e-04     0 3.786824e-02 6.816084e+01 1.299690e+02 5.986162e-02 2.155994e-04 
  276 1.393976e-02 7.989376e-02 1.409015e+00 1.074499e+04 8.043098e+03 1.575271e+02 10000 11000 2.158918e-04     0 3.788569e-02 6.824721e+01 1.299685e+02 5.984934e-02 2.174057e-04 
2.761000e+02 1.394610e-02 8.007267e-02 1.409237e+00 1.074709e+04 8.055922e+03 1.577889e+02 10000 11000 2.169423e-04     0 3.790321e-02 6.833275e+01 1.299680e+02 5.983700e-02 2.193612e-04 
2.762000e+02 1.395300e-02 8.024976e-02 1.409459e+00 1.074918e+04 8.068747e+03 1.580532e+02 10000 11000 2.150019e-04     0 3.792078e-02 6.841745e+01 1.299676e+02 5.982463e-02 2.212816e-04 
2.763000e+02 1.396059e-02 8.042503e-02 1.409682e+00 1.075127e+04 8.081571e+03 1.583199e+02 10000 11000 2.120597e-04     0 3.793842e-02 6.850131e+01 1.299671e+02 5.981221e-02 2.231139e-04 
2.764000e+02 1.396914e-02 8.059845e-02 1.409905e+00 1.075336e+04 8.094397e+03 1.585891e+02 10000 11000 2.088932e-04     0 3.795611e-02 6.858432e+01 1.299666e+02 5.979976e-02 2.249151e-04 
2.765000e+02 1.397881e-02 8.077002e-02 1.410128e+00 1.075544e+04 8.107222e+03 1.588607e+02 10000 11000 2.058209e-04     0 3.797387e-02 6.866649e+01 1.299661e+02 5.978726e-02 2.267693e-04 
2.766000e+02 1.398952e-02 8.093974e-02 1.410352e+00 1.075752e+04 8.120048e+03 1.591346e+02 10000 11000 2.053248e-04     0 3.799168e-02 6.874779e+01 1.299656e+02 5.977473e-02 2.287089e-04 
2.767000e+02 1.400096e-02 8.110759e-02 1.410576e+00 1.075960e+04 8.132874e+03 1.594109e+02 10000 11000 2.035583e-04     0 3.800954e-02 6.882824e+01 1.299651e+02 5.976216e-02 2.306499e-04 
2.768000e+02 1.401315e-02 8.127358e-02 1.410800e+00 1.076168e+04 8.145701e+03 1.596895e+02 10000 11000 2.014461e-04     0 3.802746e-02 6.890783e+01 1.299646e+02 5.974955e-02 2.325609e-04 
2.769000e+02 1.402620e-02 8.143767e-02 1.411025e+00 1.076375e+04 8.158528e+03 1.599704e+02 10000 11000 1.993448e-04     0 3.804544e-02 6.898655e+01 1.299641e+02 5.973691e-02 2.344551e-04 
  277 1.404014e-02 8.159988e-02 1.411251e+00 1.076582e+04 8.171355e+03 1.602536e+02 10000 11000 1.973965e-04     0 3.806346e-02 6.906439e+01 1.299636e+02 5.972423e-02 2.363550e-04 
2.771000e+02 1.405500e-02 8.176020e-02 1.411477e+00 1.076789e+04 8.184183e+03 1.605391e+02 10000 11000 1.953698e-04     0 3.808153e-02 6.914137e+01 1.299631e+02 5.971152e-02 2.382797e-04 
2.772000e+02 1.407075e-02 8.191861e-02 1.411703e+00 1.076995e+04 8.197011e+03 1.608268e+02 10000 11000 1.937520e-04     0 3.809965e-02 6.921746e+01 1.299626e+02 5.969878e-02 2.402432e-04 
2.773000e+02 1.408734e-02 8.207510e-02 1.411930e+00 1.077201e+04 8.209839e+03 1.611167e+02 10000 11000 1.924299e-04     0 3.811781e-02 6.929268e+01 1.299621e+02 5.968601e-02 2.422347e-04 
2.774000e+02 1.410469e-02 8.222968e-02 1.412158e+00 1.077407e+04 8.222668e+03 1.614088e+02 10000 11000 1.913503e-04     0 3.813603e-02 6.936700e+01 1.299616e+02 5.967321e-02 2.442243e-04 
2.775000e+02 1.412272e-02 8.238233e-02 1.412386e+00 1.077613e+04 8.235497e+03 1.617031e+02 10000 11000 1.904825e-04     0 3.815428e-02 6.944044e+01 1.299611e+02 5.966038e-02 2.461739e-04 
2.776000e+02 1.414154e-02 8.253304e-02 1.412615e+00 1.077818e+04 8.248327e+03 1.619995e+02 10000 11000 1.868920e-04     0 3.817258e-02 6.951299e+01 1.299606e+02 5.964752e-02 2.480896e-04 
2.777000e+02 1.416145e-02 8.268182e-02 1.412845e+00 1.078023e+04 8.261157e+03 1.622980e+02 10000 11000 1.853868e-04     0 3.819091e-02 6.958463e+01 1.299601e+02 5.963463e-02 2.500834e-04 
2.778000e+02 1.418229e-02 8.282864e-02 1.413076e+00 1.078227e+04 8.273987e+03 1.625986e+02 10000 11000 1.848200e-04     0 3.820929e-02 6.965538e+01 1.299596e+02 5.962172e-02 2.521646e-04 
2.779000e+02 1.420379e-02 8.297352e-02 1.413307e+00 1.078432e+04 8.286818e+03 1.629012e+02 10000 11000 1.847291e-04     0 3.822770e-02 6.972523e+01 1.299591e+02 5.960878e-02 2.542597e-04 
  278 1.422577e-02 8.311643e-02 1.413539e+00 1.078636e+04 8.299649e+03 1.632059e+02 10000 11000 1.849108e-04     0 3.824615e-02 6.979417e+01 1.299586e+02 5.959582e-02 2.562696e-04 
2.781000e+02 1.424843e-02 8.325737e-02 1.413771e+00 1.078840e+04 8.312481e+03 1.635126e+02 10000 11000 1.796717e-04     0 3.826464e-02 6.986220e+01 1.299581e+02 5.958284e-02 2.581876e-04 
2.782000e+02 1.427240e-02 8.339634e-02 1.414005e+00 1.079043e+04 8.325312e+03 1.638213e+02 10000 11000 1.782330e-04     0 3.828315e-02 6.992932e+01 1.299576e+02 5.956984e-02 2.602256e-04 
2.783000e+02 1.429741e-02 8.353333e-02 1.414239e+00 1.079246e+04 8.338145e+03 1.641320e+02 10000 11000 1.783930e-04     0 3.830170e-02 6.999553e+01 1.299571e+02 5.955681e-02 2.624135e-04 
2.784000e+02 1.432299e-02 8.366833e-02 1.414474e+00 1.079449e+04 8.350977e+03 1.644446e+02 10000 11000 1.792707e-04     0 3.832028e-02 7.006081e+01 1.299566e+02 5.954376e-02 2.646325e-04 
2.785000e+02 1.434887e-02 8.380135e-02 1.414711e+00 1.079651e+04 8.363810e+03 1.647591e+02 10000 11000 1.804858e-04     0 3.833889e-02 7.012518e+01 1.299561e+02 5.953070e-02 2.667201e-04 
2.786000e+02 1.437531e-02 8.393236e-02 1.414948e+00 1.079854e+04 8.376644e+03 1.650755e+02 10000 11000 1.734597e-04     0 3.835753e-02 7.018862e+01 1.299556e+02 5.951762e-02 2.686570e-04 
2.787000e+02 1.440332e-02 8.406138e-02 1.415186e+00 1.080056e+04 8.389477e+03 1.653937e+02 10000 11000 1.720325e-04     0 3.837619e-02 7.025114e+01 1.299551e+02 5.950452e-02 2.707598e-04 
2.788000e+02 1.443249e-02 8.418838e-02 1.415425e+00 1.080257e+04 8.402312e+03 1.657138e+02 10000 11000 1.728993e-04     0 3.839487e-02 7.031272e+01 1.299546e+02 5.949141e-02 2.730791e-04 
2.789000e+02 1.446217e-02 8.431338e-02 1.415665e+00 1.080459e+04 8.415146e+03 1.660356e+02 10000 11000 1.747410e-04     0 3.841358e-02 7.037338e+01 1.299541e+02 5.947828e-02 2.754484e-04 
  279 1.449194e-02 8.443635e-02 1.415906e+00 1.080660e+04 8.427981e+03 1.663593e+02 10000 11000 1.769912e-04     0 3.843231e-02 7.043310e+01 1.299536e+02 5.946514e-02 2.776380e-04 
2.791000e+02 1.452220e-02 8.455730e-02 1.416148e+00 1.080860e+04 8.440816e+03 1.666847e+02 10000 11000 1.679835e-04     0 3.845106e-02 7.049188e+01 1.299531e+02 5.945198e-02 2.796156e-04 
2.792000e+02 1.455430e-02 8.467623e-02 1.416391e+00 1.081061e+04 8.453652e+03 1.670118e+02 10000 11000 1.665046e-04     0 3.846983e-02 7.054973e+01 1.299526e+02 5.943882e-02 2.818097e-04 
2.793000e+02 1.458773e-02 8.479312e-02 1.416635e+00 1.081261e+04 8.466488e+03 1.673407e+02 10000 11000 1.680693e-04     0 3.848862e-02 7.060663e+01 1.299521e+02 5.942564e-02 2.842930e-04 
2.794000e+02 1.462162e-02 8.490798e-02 1.416880e+00 1.081460e+04 8.479325e+03 1.676712e+02 10000 11000 1.708888e-04     0 3.850742e-02 7.066259e+01 1.299516e+02 5.941246e-02 2.868472e-04 
2.795000e+02 1.465539e-02 8.502080e-02 1.417127e+00 1.081660e+04 8.492162e+03 1.680034e+02 10000 11000 1.741962e-04     0 3.852624e-02 7.071760e+01 1.299511e+02 5.939926e-02 2.891700e-04 
2.796000e+02 1.468957e-02 8.513157e-02 1.417375e+00 1.081859e+04 8.504999e+03 1.683372e+02 10000 11000 1.629532e-04     0 3.854507e-02 7.077167e+01 1.299506e+02 5.938606e-02 2.912149e-04 
2.797000e+02 1.472593e-02 8.524029e-02 1.417624e+00 1.082058e+04 8.517837e+03 1.686725e+02 10000 11000 1.613520e-04     0 3.856391e-02 7.082479e+01 1.299501e+02 5.937286e-02 2.935329e-04 
2.798000e+02 1.476383e-02 8.534696e-02 1.417873e+00 1.082256e+04 8.530675e+03 1.690095e+02 10000 11000 1.636191e-04     0 3.858276e-02 7.087695e+01 1.299496e+02 5.935964e-02 2.962208e-04 
2.799000e+02 1.480213e-02 8.545158e-02 1.418124e+00 1.082454e+04 8.543513e+03 1.693480e+02 10000 11000 1.674515e-04     0 3.860162e-02 7.092816e+01 1.299492e+02 5.934643e-02 2.990028e-04 
  280 1.484011e-02 8.555413e-02 1.418377e+00 1.082652e+04 8.556352e+03 1.696880e+02 10000 11000 1.718625e-04     0 3.862048e-02 7.097842e+01 1.299487e+02 5.933321e-02 3.014962e-04 
2.801000e+02 1.487842e-02 8.565462e-02 1.418631e+00 1.082850e+04 8.569191e+03 1.700295e+02 10000 11000 1.580651e-04     0 3.863935e-02 7.102772e+01 1.299482e+02 5.931999e-02 3.036398e-04 
2.802000e+02 1.491933e-02 8.575304e-02 1.418886e+00 1.083047e+04 8.582031e+03 1.703725e+02 10000 11000 1.562640e-04     0 3.865822e-02 7.107606e+01 1.299477e+02 5.930676e-02 3.061204e-04 
2.803000e+02 1.496202e-02 8.584940e-02 1.419143e+00 1.083244e+04 8.594871e+03 1.707169e+02 10000 11000 1.592537e-04     0 3.867710e-02 7.112344e+01 1.299472e+02 5.929354e-02 3.090614e-04 
2.804000e+02 1.500508e-02 8.594369e-02 1.419400e+00 1.083440e+04 8.607712e+03 1.710627e+02 10000 11000 1.641591e-04     0 3.869598e-02 7.116986e+01 1.299467e+02 5.928032e-02 3.121225e-04 
2.805000e+02 1.504758e-02 8.603590e-02 1.419660e+00 1.083636e+04 8.620553e+03 1.714099e+02 10000 11000 1.697473e-04     0 3.871486e-02 7.121531e+01 1.299462e+02 5.926710e-02 3.148311e-04 
2.806000e+02 1.509037e-02 8.612603e-02 1.419921e+00 1.083832e+04 8.633394e+03 1.717584e+02 10000 11000 1.530032e-04     0 3.873373e-02 7.125980e+01 1.299458e+02 5.925388e-02 3.171092e-04 
2.807000e+02 1.513624e-02 8.621408e-02 1.420183e+00 1.084028e+04 8.646236e+03 1.721083e+02 10000 11000 1.509165e-04     0 3.875260e-02 7.130333e+01 1.299453e+02 5.924067e-02 3.197977e-04 
2.808000e+02 1.518419e-02 8.630005e-02 1.420446e+00 1.084223e+04 8.659079e+03 1.724594e+02 10000 11000 1.546674e-04     0 3.877147e-02 7.134588e+01 1.299448e+02 5.922746e-02 3.230490e-04 
2.809000e+02 1.523248e-02 8.638394e-02 1.420711e+00 1.084418e+04 8.671921e+03 1.728119e+02 10000 11000 1.607343e-04     0 3.879033e-02 7.138747e+01 1.299443e+02 5.921425e-02 3.264500e-04 
  281 1.527997e-02 8.646574e-02 1.420978e+00 1.084612e+04 8.684765e+03 1.731656e+02 10000 11000 1.676054e-04     0 3.880918e-02 7.142809e+01 1.299439e+02 5.920106e-02 3.294256e-04 
2.811000e+02 1.532769e-02 8.654545e-02 1.421247e+00 1.084806e+04 8.697608e+03 1.735205e+02 10000 11000 1.474352e-04     0 3.882802e-02 7.146774e+01 1.299434e+02 5.918787e-02 3.318794e-04 
2.812000e+02 1.537909e-02 8.662307e-02 1.421517e+00 1.085000e+04 8.710452e+03 1.738766e+02 10000 11000 1.449675e-04     0 3.884685e-02 7.150642e+01 1.299429e+02 5.917469e-02 3.348279e-04 
2.813000e+02 1.543294e-02 8.669861e-02 1.421788e+00 1.085194e+04 8.723297e+03 1.742339e+02 10000 11000 1.495393e-04     0 3.886568e-02 7.154412e+01 1.299424e+02 5.916152e-02 3.384572e-04 
2.814000e+02 1.548711e-02 8.677205e-02 1.422060e+00 1.085387e+04 8.736142e+03 1.745923e+02 10000 11000 1.568891e-04     0 3.888448e-02 7.158085e+01 1.299420e+02 5.914836e-02 3.422696e-04 
2.815000e+02 1.554021e-02 8.684340e-02 1.422335e+00 1.085579e+04 8.748987e+03 1.749518e+02 10000 11000 1.651851e-04     0 3.890327e-02 7.161661e+01 1.299415e+02 5.913522e-02 3.455731e-04 
2.816000e+02 1.559349e-02 8.691264e-02 1.422612e+00 1.085772e+04 8.761833e+03 1.753124e+02 10000 11000 1.410037e-04     0 3.892204e-02 7.165139e+01 1.299411e+02 5.912209e-02 3.482497e-04 
2.817000e+02 1.565115e-02 8.697979e-02 1.422891e+00 1.085964e+04 8.774679e+03 1.756740e+02 10000 11000 1.380465e-04     0 3.894080e-02 7.168520e+01 1.299406e+02 5.910897e-02 3.515193e-04 
2.818000e+02 1.571172e-02 8.704485e-02 1.423171e+00 1.086156e+04 8.787526e+03 1.760367e+02 10000 11000 1.435225e-04     0 3.895954e-02 7.171803e+01 1.299401e+02 5.909586e-02 3.556065e-04 
2.819000e+02 1.577260e-02 8.710782e-02 1.423452e+00 1.086347e+04 8.800373e+03 1.764004e+02 10000 11000 1.523154e-04     0 3.897826e-02 7.174989e+01 1.299397e+02 5.908277e-02 3.599158e-04 
  282 1.583211e-02 8.716868e-02 1.423736e+00 1.086538e+04 8.813221e+03 1.767650e+02 10000 11000 1.622213e-04     0 3.899695e-02 7.178077e+01 1.299392e+02 5.906970e-02 3.636186e-04 
2.821000e+02 1.589175e-02 8.722744e-02 1.424022e+00 1.086728e+04 8.826069e+03 1.771306e+02 10000 11000 1.333102e-04     0 3.901561e-02 7.181067e+01 1.299388e+02 5.905665e-02 3.665731e-04 
2.822000e+02 1.595665e-02 8.728410e-02 1.424310e+00 1.086919e+04 8.838918e+03 1.774971e+02 10000 11000 1.297361e-04     0 3.903425e-02 7.183959e+01 1.299383e+02 5.904362e-02 3.702364e-04 
2.823000e+02 1.602499e-02 8.733868e-02 1.424599e+00 1.087108e+04 8.851767e+03 1.778645e+02 10000 11000 1.362277e-04     0 3.905287e-02 7.186754e+01 1.299379e+02 5.903060e-02 3.748774e-04 
2.824000e+02 1.609365e-02 8.739115e-02 1.424890e+00 1.087298e+04 8.864616e+03 1.782328e+02 10000 11000 1.466694e-04     0 3.907146e-02 7.189451e+01 1.299374e+02 5.901761e-02 3.797864e-04 
2.825000e+02 1.616057e-02 8.744152e-02 1.425184e+00 1.087487e+04 8.877466e+03 1.786019e+02 10000 11000 1.584217e-04     0 3.909002e-02 7.192050e+01 1.299370e+02 5.900464e-02 3.839747e-04 
2.826000e+02 1.622761e-02 8.748979e-02 1.425481e+00 1.087676e+04 8.890317e+03 1.789718e+02 10000 11000 1.238901e-04     0 3.910854e-02 7.194552e+01 1.299366e+02 5.899169e-02 3.872728e-04 
2.827000e+02 1.630094e-02 8.753596e-02 1.425779e+00 1.087864e+04 8.903168e+03 1.793425e+02 10000 11000 1.195457e-04     0 3.912703e-02 7.196956e+01 1.299361e+02 5.897877e-02 3.914173e-04 
2.828000e+02 1.637839e-02 8.758005e-02 1.426079e+00 1.088052e+04 8.916020e+03 1.797139e+02 10000 11000 1.271963e-04     0 3.914549e-02 7.199262e+01 1.299357e+02 5.896587e-02 3.967297e-04 
2.829000e+02 1.645617e-02 8.762204e-02 1.426380e+00 1.088240e+04 8.928872e+03 1.800861e+02 10000 11000 1.395482e-04     0 3.916391e-02 7.201470e+01 1.299353e+02 5.895300e-02 4.023646e-04 
  283 1.653181e-02 8.766193e-02 1.426685e+00 1.088427e+04 8.941724e+03 1.804590e+02 10000 11000 1.534464e-04     0 3.918229e-02 7.203581e+01 1.299348e+02 5.894015e-02 4.071439e-04 
2.831000e+02 1.660753e-02 8.769972e-02 1.426993e+00 1.088614e+04 8.954577e+03 1.808325e+02 10000 11000 1.121768e-04     0 3.920063e-02 7.205594e+01 1.299344e+02 5.892733e-02 4.108658e-04 
2.832000e+02 1.669083e-02 8.773542e-02 1.427303e+00 1.088800e+04 8.967431e+03 1.812067e+02 10000 11000 1.068709e-04     0 3.921894e-02 7.207509e+01 1.299340e+02 5.891455e-02 4.156001e-04 
2.833000e+02 1.677907e-02 8.776904e-02 1.427614e+00 1.088986e+04 8.980285e+03 1.815815e+02 10000 11000 1.158631e-04     0 3.923720e-02 7.209327e+01 1.299336e+02 5.890179e-02 4.217304e-04 
2.834000e+02 1.686768e-02 8.780057e-02 1.427928e+00 1.089172e+04 8.993140e+03 1.819568e+02 10000 11000 1.304560e-04     0 3.925542e-02 7.211047e+01 1.299331e+02 5.888906e-02 4.282490e-04 
2.835000e+02 1.695365e-02 8.783001e-02 1.428245e+00 1.089357e+04 9.005995e+03 1.823328e+02 10000 11000 1.468784e-04     0 3.927359e-02 7.212670e+01 1.299327e+02 5.887636e-02 4.337514e-04 
2.836000e+02 1.703970e-02 8.785735e-02 1.428565e+00 1.089542e+04 9.018851e+03 1.827092e+02 10000 11000 9.744843e-05     0 3.929171e-02 7.214196e+01 1.299323e+02 5.886370e-02 4.379981e-04 
2.837000e+02 1.713490e-02 8.788261e-02 1.428888e+00 1.089726e+04 9.031707e+03 1.830862e+02 10000 11000 9.093618e-05     0 3.930979e-02 7.215624e+01 1.299319e+02 5.885107e-02 4.434597e-04 
2.838000e+02 1.723607e-02 8.790581e-02 1.429212e+00 1.089910e+04 9.044564e+03 1.834636e+02 10000 11000 1.015006e-04     0 3.932782e-02 7.216956e+01 1.299315e+02 5.883848e-02 4.505944e-04 
2.839000e+02 1.733767e-02 8.792693e-02 1.429539e+00 1.090093e+04 9.057421e+03 1.838415e+02 10000 11000 1.187539e-04     0 3.934580e-02 7.218190e+01 1.299311e+02 5.882592e-02 4.581982e-04 
  284 1.743603e-02 8.794596e-02 1.429870e+00 1.090276e+04 9.070279e+03 1.842199e+02 10000 11000 1.381806e-04     0 3.936372e-02 7.219327e+01 1.299307e+02 5.881340e-02 4.645929e-04 
2.841000e+02 1.753448e-02 8.796290e-02 1.430205e+00 1.090459e+04 9.083137e+03 1.845986e+02 10000 11000 7.875128e-05     0 3.938158e-02 7.220367e+01 1.299303e+02 5.880092e-02 4.694943e-04 
2.842000e+02 1.764406e-02 8.797777e-02 1.430542e+00 1.090641e+04 9.095996e+03 1.849777e+02 10000 11000 7.071072e-05     0 3.939939e-02 7.221310e+01 1.299299e+02 5.878848e-02 4.758616e-04 
2.843000e+02 1.776090e-02 8.799060e-02 1.430881e+00 1.090823e+04 9.108856e+03 1.853571e+02 10000 11000 8.313874e-05     0 3.941715e-02 7.222157e+01 1.299295e+02 5.877607e-02 4.842433e-04 
2.844000e+02 1.787825e-02 8.800137e-02 1.431223e+00 1.091005e+04 9.121716e+03 1.857368e+02 10000 11000 1.035880e-04     0 3.943484e-02 7.222907e+01 1.299291e+02 5.876371e-02 4.931951e-04 
2.845000e+02 1.799164e-02 8.801005e-02 1.431569e+00 1.091186e+04 9.134576e+03 1.861168e+02 10000 11000 1.266328e-04     0 3.945247e-02 7.223561e+01 1.299287e+02 5.875139e-02 5.007036e-04 
2.846000e+02 1.810515e-02 8.801666e-02 1.431920e+00 1.091366e+04 9.147438e+03 1.864971e+02 10000 11000 5.478401e-05     0 3.947002e-02 7.224118e+01 1.299284e+02 5.873912e-02 5.064314e-04 
2.847000e+02 1.823230e-02 8.802122e-02 1.432273e+00 1.091546e+04 9.160300e+03 1.868776e+02 10000 11000 4.478118e-05     0 3.948753e-02 7.224580e+01 1.299280e+02 5.872689e-02 5.139413e-04 
2.848000e+02 1.836836e-02 8.802376e-02 1.432629e+00 1.091726e+04 9.173162e+03 1.872583e+02 10000 11000 5.944317e-05     0 3.950497e-02 7.224945e+01 1.299276e+02 5.871470e-02 5.238923e-04 
2.849000e+02 1.850504e-02 8.802425e-02 1.432987e+00 1.091905e+04 9.186025e+03 1.876392e+02 10000 11000 8.377938e-05     0 3.952234e-02 7.225214e+01 1.299273e+02 5.870256e-02 5.345420e-04 
  285 1.863688e-02 8.802267e-02 1.433351e+00 1.092083e+04 9.198889e+03 1.880202e+02 10000 11000 1.112373e-04     0 3.953963e-02 7.225388e+01 1.299269e+02 5.869047e-02 5.434608e-04 
2.851000e+02 1.876892e-02 8.801903e-02 1.433720e+00 1.092262e+04 9.211753e+03 1.884014e+02 10000 11000 2.372038e-05     0 3.955684e-02 7.225467e+01 1.299265e+02 5.867843e-02 5.502474e-04 
2.852000e+02 1.891782e-02 8.801336e-02 1.434092e+00 1.092439e+04 9.224618e+03 1.887826e+02 10000 11000 1.115594e-05     0 3.957398e-02 7.225450e+01 1.299262e+02 5.866644e-02 5.592218e-04 
2.853000e+02 1.907775e-02 8.800569e-02 1.434466e+00 1.092617e+04 9.237483e+03 1.891639e+02 10000 11000 2.852713e-05     0 3.959107e-02 7.225338e+01 1.299258e+02 5.865449e-02 5.711804e-04 
2.854000e+02 1.923848e-02 8.799601e-02 1.434844e+00 1.092793e+04 9.250350e+03 1.895453e+02 10000 11000 5.765526e-05     0 3.960807e-02 7.225131e+01 1.299255e+02 5.864260e-02 5.840047e-04 
2.855000e+02 1.939328e-02 8.798427e-02 1.435227e+00 1.092969e+04 9.263216e+03 1.899266e+02 10000 11000 9.057078e-05     0 3.962497e-02 7.224829e+01 1.299251e+02 5.863077e-02 5.947401e-04 
2.856000e+02 1.954842e-02 8.797047e-02 1.435618e+00 1.093145e+04 9.276084e+03 1.903080e+02 10000 11000 -1.707302e-05     0 3.964178e-02 7.224432e+01 1.299248e+02 5.861899e-02 6.029084e-04 
2.857000e+02 1.972464e-02 8.795468e-02 1.436011e+00 1.093320e+04 9.288952e+03 1.906893e+02 10000 11000 -3.304829e-05     0 3.965853e-02 7.223942e+01 1.299245e+02 5.860727e-02 6.137954e-04 
2.858000e+02 1.991467e-02 8.793692e-02 1.436407e+00 1.093495e+04 9.301821e+03 1.910705e+02 10000 11000 -1.235027e-05     0 3.967520e-02 7.223357e+01 1.299241e+02 5.859560e-02 6.283722e-04 
2.859000e+02 2.010579e-02 8.791717e-02 1.436806e+00 1.093669e+04 9.314690e+03 1.914516e+02 10000 11000 2.277585e-05     0 3.969177e-02 7.222678e+01 1.299238e+02 5.858398e-02 6.440366e-04 
  286 2.028958e-02 8.789538e-02 1.437213e+00 1.093843e+04 9.327560e+03 1.918327e+02 10000 11000 6.254772e-05     0 3.970824e-02 7.221906e+01 1.299235e+02 5.857243e-02 6.571599e-04 
2.861000e+02 2.047399e-02 8.787155e-02 1.437628e+00 1.094016e+04 9.340431e+03 1.922135e+02 10000 11000 -7.150273e-05     0 3.972460e-02 7.221040e+01 1.299232e+02 5.856095e-02 6.671700e-04 
2.862000e+02 2.068511e-02 8.784576e-02 1.438046e+00 1.094189e+04 9.353302e+03 1.925942e+02 10000 11000 -9.212645e-05     0 3.974088e-02 7.220081e+01 1.299228e+02 5.854953e-02 6.806117e-04 
2.863000e+02 2.091380e-02 8.781804e-02 1.438466e+00 1.094361e+04 9.366174e+03 1.929747e+02 10000 11000 -6.728629e-05     0 3.975708e-02 7.219029e+01 1.299225e+02 5.853816e-02 6.986807e-04 
2.864000e+02 2.114399e-02 8.778836e-02 1.438892e+00 1.094533e+04 9.379047e+03 1.933550e+02 10000 11000 -2.452044e-05     0 3.977317e-02 7.217884e+01 1.299222e+02 5.852685e-02 7.181407e-04 
2.865000e+02 2.136508e-02 8.775665e-02 1.439325e+00 1.094704e+04 9.391921e+03 1.937350e+02 10000 11000 2.402244e-05     0 3.978913e-02 7.216647e+01 1.299219e+02 5.851563e-02 7.344782e-04 
2.866000e+02 2.158726e-02 8.772291e-02 1.439768e+00 1.094874e+04 9.404795e+03 1.941147e+02 10000 11000 -1.455495e-04     0 3.980497e-02 7.215318e+01 1.299216e+02 5.850447e-02 7.470062e-04 
2.867000e+02 2.184388e-02 8.768725e-02 1.440215e+00 1.095044e+04 9.417670e+03 1.944941e+02 10000 11000 -1.726846e-04     0 3.982072e-02 7.213897e+01 1.299214e+02 5.849338e-02 7.639505e-04 
2.868000e+02 2.212322e-02 8.764972e-02 1.440665e+00 1.095213e+04 9.430546e+03 1.948732e+02 10000 11000 -1.426063e-04     0 3.983639e-02 7.212384e+01 1.299211e+02 5.848235e-02 7.868034e-04 
2.869000e+02 2.240474e-02 8.761025e-02 1.441120e+00 1.095382e+04 9.443423e+03 1.952519e+02 10000 11000 -8.990899e-05     0 3.985192e-02 7.210780e+01 1.299208e+02 5.847139e-02 8.114751e-04 
  287 2.267483e-02 8.756878e-02 1.441585e+00 1.095550e+04 9.456300e+03 1.956302e+02 10000 11000 -2.990465e-05     0 3.986729e-02 7.209085e+01 1.299205e+02 5.846052e-02 8.322616e-04 
2.871000e+02 2.294687e-02 8.752527e-02 1.442061e+00 1.095717e+04 9.469178e+03 1.960081e+02 10000 11000 -2.487124e-04     0 3.988252e-02 7.207299e+01 1.299203e+02 5.844974e-02 8.483354e-04 
2.872000e+02 2.326424e-02 8.747990e-02 1.442543e+00 1.095884e+04 9.482057e+03 1.963856e+02 10000 11000 -2.852716e-04     0 3.989766e-02 7.205423e+01 1.299200e+02 5.843901e-02 8.702338e-04 
2.873000e+02 2.361164e-02 8.743272e-02 1.443027e+00 1.096051e+04 9.494937e+03 1.967626e+02 10000 11000 -2.484511e-04     0 3.991269e-02 7.203456e+01 1.299197e+02 5.842836e-02 8.998513e-04 
2.874000e+02 2.396229e-02 8.738364e-02 1.443517e+00 1.096216e+04 9.507817e+03 1.971391e+02 10000 11000 -1.825259e-04     0 3.992757e-02 7.201400e+01 1.299195e+02 5.841779e-02 9.319145e-04 
2.875000e+02 2.429844e-02 8.733257e-02 1.444019e+00 1.096381e+04 9.520698e+03 1.975151e+02 10000 11000 -1.071592e-04     0 3.994226e-02 7.199254e+01 1.299192e+02 5.840732e-02 9.590677e-04 
2.876000e+02 2.463807e-02 8.727946e-02 1.444536e+00 1.096545e+04 9.533580e+03 1.978905e+02 10000 11000 -3.967597e-04     0 3.995676e-02 7.197019e+01 1.299190e+02 5.839696e-02 9.803150e-04 
2.877000e+02 2.503894e-02 8.722455e-02 1.445059e+00 1.096709e+04 9.546463e+03 1.982654e+02 10000 11000 -4.475122e-04     0 3.997115e-02 7.194696e+01 1.299188e+02 5.838666e-02 1.009488e-03 
2.878000e+02 2.548065e-02 8.716790e-02 1.445584e+00 1.096872e+04 9.559347e+03 1.986396e+02 10000 11000 -4.018372e-04     0 3.998545e-02 7.192283e+01 1.299185e+02 5.837642e-02 1.049046e-03 
2.879000e+02 2.592738e-02 8.710942e-02 1.446116e+00 1.097034e+04 9.572232e+03 1.990133e+02 10000 11000 -3.177664e-04     0 3.999954e-02 7.189783e+01 1.299183e+02 5.836629e-02 1.092012e-03 
  288 2.635542e-02 8.704893e-02 1.446664e+00 1.097196e+04 9.585118e+03 1.993863e+02 10000 11000 -2.211619e-04     0 4.001338e-02 7.187195e+01 1.299181e+02 5.835629e-02 1.128653e-03 
2.881000e+02 2.678975e-02 8.698639e-02 1.447230e+00 1.097357e+04 9.598004e+03 1.997586e+02 10000 11000 -6.173361e-04     0 4.002699e-02 7.184519e+01 1.299179e+02 5.834641e-02 1.157780e-03 
2.882000e+02 2.730971e-02 8.692213e-02 1.447802e+00 1.097517e+04 9.610892e+03 2.001302e+02 10000 11000 -6.905480e-04     0 4.004048e-02 7.181757e+01 1.299177e+02 5.833658e-02 1.198139e-03 
2.883000e+02 2.788715e-02 8.685627e-02 1.448377e+00 1.097676e+04 9.623780e+03 2.005010e+02 10000 11000 -6.329773e-04     0 4.005386e-02 7.178908e+01 1.299175e+02 5.832682e-02 1.253019e-03 
2.884000e+02 2.847272e-02 8.678863e-02 1.448960e+00 1.097834e+04 9.636669e+03 2.008711e+02 10000 11000 -5.230859e-04     0 4.006698e-02 7.175972e+01 1.299174e+02 5.831718e-02 1.312873e-03 
2.885000e+02 2.903372e-02 8.671895e-02 1.449564e+00 1.097992e+04 9.649560e+03 2.012405e+02 10000 11000 -3.959645e-04     0 4.007976e-02 7.172951e+01 1.299172e+02 5.830771e-02 1.364382e-03 
2.886000e+02 2.960644e-02 8.664717e-02 1.450191e+00 1.098149e+04 9.662451e+03 2.016090e+02 10000 11000 -9.623974e-04     0 4.009221e-02 7.169844e+01 1.299170e+02 5.829840e-02 1.406172e-03 
2.887000e+02 3.030439e-02 8.657381e-02 1.450824e+00 1.098305e+04 9.675343e+03 2.019766e+02 10000 11000 -1.073476e-03     0 4.010455e-02 7.166652e+01 1.299169e+02 5.828910e-02 1.464768e-03 
2.888000e+02 3.108711e-02 8.649904e-02 1.451459e+00 1.098460e+04 9.688237e+03 2.023434e+02 10000 11000 -9.995209e-04     0 4.011675e-02 7.163376e+01 1.299167e+02 5.827987e-02 1.544744e-03 
2.889000e+02 3.188371e-02 8.642260e-02 1.452104e+00 1.098615e+04 9.701131e+03 2.027094e+02 10000 11000 -8.511201e-04     0 4.012861e-02 7.160015e+01 1.299166e+02 5.827079e-02 1.632442e-03 
  289 3.264713e-02 8.634404e-02 1.452777e+00 1.098768e+04 9.714027e+03 2.030743e+02 10000 11000 -6.779105e-04     0 4.013997e-02 7.156570e+01 1.299165e+02 5.826194e-02 1.708796e-03 
2.891000e+02 3.343354e-02 8.626325e-02 1.453482e+00 1.098921e+04 9.726923e+03 2.034384e+02 10000 11000 -1.539001e-03     0 4.015086e-02 7.153042e+01 1.299164e+02 5.825329e-02 1.772395e-03 
2.892000e+02 3.441488e-02 8.618114e-02 1.454191e+00 1.099073e+04 9.739821e+03 2.038015e+02 10000 11000 -1.719566e-03     0 4.016161e-02 7.149432e+01 1.299163e+02 5.824457e-02 1.863098e-03 
2.893000e+02 3.552948e-02 8.609802e-02 1.454899e+00 1.099223e+04 9.752720e+03 2.041635e+02 10000 11000 -1.622488e-03     0 4.017225e-02 7.145738e+01 1.299162e+02 5.823587e-02 1.987643e-03 
2.894000e+02 3.666941e-02 8.601341e-02 1.455620e+00 1.099373e+04 9.765620e+03 2.045245e+02 10000 11000 -1.412931e-03     0 4.018238e-02 7.141963e+01 1.299161e+02 5.822736e-02 2.125238e-03 
2.895000e+02 3.776296e-02 8.592650e-02 1.456380e+00 1.099521e+04 9.778521e+03 2.048845e+02 10000 11000 -1.165297e-03     0 4.019173e-02 7.138107e+01 1.299161e+02 5.821922e-02 2.246820e-03 
2.896000e+02 3.890545e-02 8.583712e-02 1.457183e+00 1.099669e+04 9.791424e+03 2.052434e+02 10000 11000 -2.598002e-03     0 4.020031e-02 7.134169e+01 1.299161e+02 5.821129e-02 2.351646e-03 
2.897000e+02 4.038035e-02 8.574703e-02 1.457987e+00 1.099816e+04 9.804328e+03 2.056011e+02 10000 11000 -2.922276e-03     0 4.020880e-02 7.130151e+01 1.299160e+02 5.820303e-02 2.505255e-03 
2.898000e+02 4.208522e-02 8.565685e-02 1.458780e+00 1.099961e+04 9.817233e+03 2.059577e+02 10000 11000 -2.792194e-03     0 4.021724e-02 7.126053e+01 1.299161e+02 5.819463e-02 2.718465e-03 
2.899000e+02 4.384100e-02 8.556565e-02 1.459589e+00 1.100105e+04 9.830139e+03 2.063131e+02 10000 11000 -2.476465e-03     0 4.022493e-02 7.121876e+01 1.299161e+02 5.818644e-02 2.956597e-03 
  290 4.552864e-02 8.547178e-02 1.460454e+00 1.100248e+04 9.843047e+03 2.066672e+02 10000 11000 -2.096591e-03     0 4.023124e-02 7.117620e+01 1.299162e+02 5.817885e-02 3.171054e-03 
2.901000e+02 4.733636e-02 8.537496e-02 1.461384e+00 1.100389e+04 9.855957e+03 2.070201e+02 10000 11000 -4.853883e-03     0 4.023616e-02 7.113286e+01 1.299162e+02 5.817142e-02 3.365115e-03 
2.902000e+02 4.980020e-02 8.527939e-02 1.462294e+00 1.100530e+04 9.868868e+03 2.073716e+02 10000 11000 -5.535501e-03     0 4.024128e-02 7.108875e+01 1.299164e+02 5.816257e-02 3.663621e-03 
2.903000e+02 5.272474e-02 8.518672e-02 1.463164e+00 1.100669e+04 9.881780e+03 2.077218e+02 10000 11000 -5.361417e-03     0 4.024690e-02 7.104387e+01 1.299165e+02 5.815278e-02 4.086704e-03 
2.904000e+02 5.576842e-02 8.509483e-02 1.464046e+00 1.100806e+04 9.894694e+03 2.080706e+02 10000 11000 -4.833931e-03     0 4.025140e-02 7.099823e+01 1.299167e+02 5.814299e-02 4.567378e-03 
2.905000e+02 5.870398e-02 8.499956e-02 1.465019e+00 1.100942e+04 9.907610e+03 2.084179e+02 10000 11000 -4.181056e-03     0 4.025327e-02 7.095183e+01 1.299170e+02 5.813429e-02 5.011267e-03 
2.906000e+02 6.202803e-02 8.490088e-02 1.466085e+00 1.101076e+04 9.920528e+03 2.087637e+02 10000 11000 -1.117543e-02     0 4.025220e-02 7.090470e+01 1.299173e+02 5.812448e-02 5.446720e-03 
2.907000e+02 6.705962e-02 8.481358e-02 1.467032e+00 1.101208e+04 9.933447e+03 2.091079e+02 10000 11000 -1.309304e-02     0 4.025380e-02 7.085684e+01 1.299177e+02 5.810688e-02 6.189598e-03 
2.908000e+02 7.331270e-02 8.474479e-02 1.467807e+00 1.101339e+04 9.946369e+03 2.094503e+02 10000 11000 -1.290274e-02     0 4.026017e-02 7.080825e+01 1.299182e+02 5.808253e-02 7.290386e-03 
2.909000e+02 7.993560e-02 8.468851e-02 1.468542e+00 1.101467e+04 9.959292e+03 2.097909e+02 10000 11000 -1.182979e-02     0 4.026709e-02 7.075897e+01 1.299188e+02 5.805489e-02 8.578423e-03 
  291 8.636099e-02 8.462983e-02 1.469447e+00 1.101594e+04 9.972218e+03 2.101294e+02 10000 11000 -1.043279e-02     0 4.026952e-02 7.070900e+01 1.299195e+02 5.802865e-02 9.810360e-03 
2.911000e+02 9.543773e-02 8.458603e-02 1.470346e+00 1.101718e+04 9.985146e+03 2.104658e+02 10000 11000 -4.817003e-02     0 4.025860e-02 7.065839e+01 1.299204e+02 5.797576e-02 1.134065e-02 
2.912000e+02 1.139473e-01 8.470318e-02 1.470030e+00 1.101839e+04 9.998077e+03 2.107996e+02 10000 11000 -5.981534e-02     0 4.030372e-02 7.060714e+01 1.299215e+02 5.780666e-02 1.490979e-02 
2.913000e+02 1.393767e-01 8.510143e-02 1.468211e+00 1.101957e+04 1.001101e+04 2.111302e+02 10000 11000 -6.056063e-02     0 4.042642e-02 7.055535e+01 1.299230e+02 5.748667e-02 2.080916e-02 
2.914000e+02 1.672442e-01 8.579124e-02 1.465617e+00 1.102072e+04 1.002395e+04 2.114563e+02 10000 11000 -5.665994e-02     0 4.069748e-02 7.050307e+01 1.299249e+02 5.703096e-02 2.811536e-02 
2.915000e+02 1.945694e-01 8.663931e-02 1.463420e+00 1.102183e+04 1.003689e+04 2.117763e+02 15000 12000 -5.098395e-02     0 4.107522e-02 7.045048e+01 1.299273e+02 5.650694e-02 3.547714e-02 
2.916000e+02 2.146972e-01 8.726078e-02 1.463419e+00 1.102289e+04 1.004984e+04 2.120885e+02 15000 12000 2.215444e-02     0 4.140265e-02 7.039789e+01 1.299305e+02 5.621137e-02 4.064825e-02 
2.917000e+02 2.156371e-01 8.678716e-02 1.468726e+00 1.102389e+04 1.006279e+04 2.123919e+02 15000 12000 5.041501e-02     0 4.122304e-02 7.034532e+01 1.299345e+02 5.663322e-02 3.951648e-02 
2.918000e+02 2.021205e-01 8.487684e-02 1.480369e+00 1.102485e+04 1.007574e+04 2.126872e+02 15000 12000 5.950292e-02     0 4.003127e-02 7.029268e+01 1.299404e+02 5.737544e-02 3.103595e-02 
2.919000e+02 1.822962e-01 8.204390e-02 1.497200e+00 1.102575e+04 1.008870e+04 2.129757e+02 15000 12000 6.012571e-02     0 3.813896e-02 7.023991e+01 1.299489e+02 5.798480e-02 1.682766e-02 
  292 1.616539e-01 7.918665e-02 1.516864e+00 1.102660e+04 1.010167e+04 2.132586e+02 15000 12000 5.723771e-02     0 3.672409e-02 7.018692e+01 1.299595e+02 5.842096e-02 -2.706067e-04 
2.921000e+02 1.422478e-01 7.696172e-02 1.536678e+00 1.102740e+04 1.011464e+04 2.135366e+02 15000 12000 5.839811e-02     0 3.651903e-02 7.013364e+01 1.299701e+02 5.877387e-02 -1.734254e-02 
2.922000e+02 1.235502e-01 7.554199e-02 1.554367e+00 1.102815e+04 1.012761e+04 2.138105e+02 15000 12000 5.598822e-02     0 3.724943e-02 7.008000e+01 1.299786e+02 5.897480e-02 -3.216688e-02 
2.923000e+02 1.052738e-01 7.482539e-02 1.568237e+00 1.102885e+04 1.014058e+04 2.140813e+02 15000 12000 5.233044e-02     0 3.823156e-02 7.002590e+01 1.299841e+02 5.891582e-02 -4.317806e-02 
2.924000e+02 8.709520e-02 7.466271e-02 1.577332e+00 1.102949e+04 1.015356e+04 2.143493e+02 15000 12000 4.823542e-02     0 3.896452e-02 6.997131e+01 1.299873e+02 5.861640e-02 -4.957893e-02 
2.925000e+02 6.868007e-02 7.495143e-02 1.581454e+00 1.103009e+04 1.016655e+04 2.146146e+02 15000 12000 4.394657e-02     0 3.926190e-02 6.991622e+01 1.299900e+02 5.822907e-02 -5.134280e-02 
2.926000e+02 4.943565e-02 7.561690e-02 1.581105e+00 1.103065e+04 1.017953e+04 2.148772e+02 15000 12000 4.579269e-02     0 3.916540e-02 6.986064e+01 1.299938e+02 5.793051e-02 -4.916096e-02 
2.927000e+02 2.871655e-02 7.657234e-02 1.577387e+00 1.103118e+04 1.019252e+04 2.151373e+02 15000 12000 4.337667e-02     0 3.885347e-02 6.980457e+01 1.299995e+02 5.783789e-02 -4.434331e-02 
2.928000e+02 1.135304e-02 7.770094e-02 1.571465e+00 1.103168e+04 1.020551e+04 2.153953e+02 15000 12000 3.944296e-02     0 3.849564e-02 6.974798e+01 1.300072e+02 5.803761e-02 -3.813246e-02 
2.929000e+02 -2.191467e-02 7.884874e-02 1.564357e+00 1.103216e+04 1.021850e+04 2.156524e+02 15000 12000 3.301560e-02     0 3.810965e-02 6.969080e+01 1.300160e+02 5.848853e-02 -3.152553e-02 
  293 -4.197708e-02 7.987017e-02 1.556830e+00 1.103264e+04 1.023149e+04 2.159096e+02 15000 12000 2.770782e-02     0 3.776219e-02 6.963289e+01 1.300248e+02 5.906582e-02 -2.519710e-02 
2.931000e+02 -6.084081e-02 8.067582e-02 1.549448e+00 1.103312e+04 1.024448e+04 2.161684e+02 15000 12000 2.060521e-02     0 3.740937e-02 6.957415e+01 1.300328e+02 5.962849e-02 -1.959463e-02 
2.932000e+02 -7.704888e-02 8.124180e-02 1.542521e+00 1.103361e+04 1.025747e+04 2.164296e+02 15000 12000 1.531403e-02     0 3.709225e-02 6.951446e+01 1.300396e+02 6.008807e-02 -1.488206e-02 
2.933000e+02 -9.044734e-02 8.159811e-02 1.536220e+00 1.103412e+04 1.027046e+04 2.166939e+02 15000 12000 1.112261e-02     0 3.687114e-02 6.945377e+01 1.300448e+02 6.040494e-02 -1.111641e-02 
2.934000e+02 -1.012573e-01 8.179734e-02 1.530615e+00 1.103466e+04 1.028345e+04 2.169614e+02 15000 12000 7.750033e-03     0 3.677233e-02 6.939205e+01 1.300486e+02 6.057953e-02 -8.280283e-03 
2.935000e+02 -1.097865e-01 8.189045e-02 1.525692e+00 1.103522e+04 1.029644e+04 2.172321e+02 15000 12000 5.049186e-03     0 3.678376e-02 6.932929e+01 1.300511e+02 6.063303e-02 -6.289050e-03 
2.936000e+02 -1.161471e-01 8.191385e-02 1.521347e+00 1.103582e+04 1.030943e+04 2.175058e+02 15000 12000 1.816511e-04     0 3.687586e-02 6.926552e+01 1.300525e+02 6.059551e-02 -4.968990e-03 
2.937000e+02 -1.201743e-01 8.188282e-02 1.517370e+00 1.103646e+04 1.032242e+04 2.177822e+02 15000 12000 -2.383891e-03     0 3.701759e-02 6.920078e+01 1.300530e+02 6.049849e-02 -4.028260e-03 
2.938000e+02 -1.223678e-01 8.180931e-02 1.513603e+00 1.103713e+04 1.033540e+04 2.180607e+02 15000 12000 -3.782011e-03     0 3.719030e-02 6.913510e+01 1.300527e+02 6.036697e-02 -3.280318e-03 
2.939000e+02 -1.233352e-01 8.170577e-02 1.509968e+00 1.103784e+04 1.034838e+04 2.183411e+02 15000 12000 -4.526249e-03     0 3.738267e-02 6.906853e+01 1.300518e+02 6.021937e-02 -2.643882e-03 
  294 -1.235450e-01 8.158304e-02 1.506442e+00 1.103858e+04 1.036137e+04 2.186229e+02 15000 12000 -4.887578e-03     0 3.758345e-02 6.900112e+01 1.300504e+02 6.006712e-02 -2.098092e-03 
2.941000e+02 -1.231818e-01 8.144785e-02 1.503013e+00 1.103937e+04 1.037434e+04 2.189058e+02 15000 12000 -6.645289e-03     0 3.778258e-02 6.893288e+01 1.300486e+02 5.991676e-02 -1.626640e-03 
2.942000e+02 -1.221474e-01 8.130027e-02 1.499641e+00 1.104020e+04 1.038732e+04 2.191894e+02 15000 12000 -7.189376e-03     0 3.797287e-02 6.886387e+01 1.300464e+02 5.977225e-02 -1.165709e-03 
2.943000e+02 -1.206645e-01 8.114376e-02 1.496321e+00 1.104106e+04 1.040029e+04 2.194735e+02 15000 12000 -7.200330e-03     0 3.815324e-02 6.879410e+01 1.300439e+02 5.963560e-02 -7.106473e-04 
2.944000e+02 -1.189857e-01 8.098473e-02 1.493084e+00 1.104197e+04 1.041326e+04 2.197577e+02 15000 12000 -6.970318e-03     0 3.832539e-02 6.872362e+01 1.300412e+02 5.950767e-02 -2.998296e-04 
2.945000e+02 -1.172739e-01 8.082916e-02 1.489972e+00 1.104291e+04 1.042623e+04 2.200420e+02 15000 12000 -6.637768e-03     0 3.848967e-02 6.865243e+01 1.300382e+02 5.938831e-02 1.959469e-05 
2.946000e+02 -1.155033e-01 8.067940e-02 1.487006e+00 1.104388e+04 1.043919e+04 2.203259e+02 15000 12000 -7.644554e-03     0 3.864507e-02 6.858056e+01 1.300351e+02 5.927673e-02 2.319134e-04 
2.947000e+02 -1.134593e-01 8.053187e-02 1.484155e+00 1.104490e+04 1.045215e+04 2.206094e+02 15000 12000 -7.733522e-03     0 3.879049e-02 6.850804e+01 1.300318e+02 5.917227e-02 3.878933e-04 
2.948000e+02 -1.112426e-01 8.038515e-02 1.481402e+00 1.104595e+04 1.046511e+04 2.208923e+02 15000 12000 -7.447662e-03     0 3.892751e-02 6.843487e+01 1.300284e+02 5.907470e-02 5.051795e-04 
2.949000e+02 -1.090123e-01 8.023988e-02 1.478751e+00 1.104704e+04 1.047806e+04 2.211745e+02 15000 12000 -7.011981e-03     0 3.905837e-02 6.836107e+01 1.300248e+02 5.898361e-02 5.732015e-04 
  295 -1.068756e-01 8.009679e-02 1.476215e+00 1.104816e+04 1.049101e+04 2.214557e+02 15000 12000 -6.529502e-03     0 3.918374e-02 6.828665e+01 1.300212e+02 5.889810e-02 5.751599e-04 
2.951000e+02 -1.047967e-01 7.995469e-02 1.473789e+00 1.104932e+04 1.050396e+04 2.217360e+02 15000 12000 -7.181298e-03     0 3.930323e-02 6.821164e+01 1.300174e+02 5.881713e-02 5.167360e-04 
2.952000e+02 -1.025915e-01 7.980892e-02 1.471431e+00 1.105051e+04 1.051691e+04 2.220151e+02 15000 12000 -7.103869e-03     0 3.941635e-02 6.813603e+01 1.300137e+02 5.874004e-02 4.524661e-04 
2.953000e+02 -1.003373e-01 7.965740e-02 1.469119e+00 1.105173e+04 1.052985e+04 2.222930e+02 15000 12000 -6.742245e-03     0 3.952415e-02 6.805985e+01 1.300098e+02 5.866671e-02 4.030130e-04 
2.954000e+02 -9.815880e-02 7.950041e-02 1.466854e+00 1.105298e+04 1.054278e+04 2.225695e+02 15000 12000 -6.280063e-03     0 3.962788e-02 6.798309e+01 1.300059e+02 5.859692e-02 3.596232e-04 
2.955000e+02 -9.613604e-02 7.933899e-02 1.464646e+00 1.105427e+04 1.055572e+04 2.228447e+02 15000 12000 -5.800434e-03     0 3.972768e-02 6.790578e+01 1.300020e+02 5.853020e-02 3.035207e-04 
2.956000e+02 -9.422921e-02 7.917326e-02 1.462499e+00 1.105559e+04 1.056865e+04 2.231183e+02 15000 12000 -6.280137e-03     0 3.982303e-02 6.782792e+01 1.299981e+02 5.846610e-02 2.313371e-04 
2.957000e+02 -9.227416e-02 7.900096e-02 1.460384e+00 1.105693e+04 1.058157e+04 2.233903e+02 15000 12000 -6.171736e-03     0 3.991325e-02 6.774953e+01 1.299942e+02 5.840454e-02 1.786970e-04 
2.958000e+02 -9.032264e-02 7.882177e-02 1.458293e+00 1.105831e+04 1.059450e+04 2.236606e+02 15000 12000 -5.841355e-03     0 3.999879e-02 6.767061e+01 1.299903e+02 5.834574e-02 1.532501e-04 
2.959000e+02 -8.846609e-02 7.863705e-02 1.456233e+00 1.105971e+04 1.060742e+04 2.239291e+02 15000 12000 -5.438300e-03     0 4.008034e-02 6.759117e+01 1.299865e+02 5.828984e-02 1.394607e-04 
  296 -8.676020e-02 7.844852e-02 1.454219e+00 1.106114e+04 1.062033e+04 2.241957e+02 15000 12000 -5.028642e-03     0 4.015789e-02 6.751123e+01 1.299826e+02 5.823676e-02 1.153494e-04 
2.961000e+02 -8.515818e-02 7.825693e-02 1.452257e+00 1.106260e+04 1.063325e+04 2.244604e+02 15000 12000 -5.484085e-03     0 4.023096e-02 6.743080e+01 1.299789e+02 5.818637e-02 7.476951e-05 
2.962000e+02 -8.350604e-02 7.806087e-02 1.450326e+00 1.106409e+04 1.064616e+04 2.247231e+02 15000 12000 -5.412321e-03     0 4.029899e-02 6.734988e+01 1.299752e+02 5.813874e-02 4.809453e-05 
2.963000e+02 -8.184643e-02 7.786034e-02 1.448418e+00 1.106560e+04 1.065906e+04 2.249836e+02 15000 12000 -5.140115e-03     0 4.036236e-02 6.726849e+01 1.299715e+02 5.809409e-02 4.173802e-05 
2.964000e+02 -8.025974e-02 7.765656e-02 1.446538e+00 1.106714e+04 1.067197e+04 2.252420e+02 15000 12000 -4.800418e-03     0 4.042173e-02 6.718664e+01 1.299680e+02 5.805251e-02 4.203583e-05 
2.965000e+02 -7.879587e-02 7.745097e-02 1.444703e+00 1.106870e+04 1.068487e+04 2.254981e+02 15000 12000 -4.452041e-03     0 4.047721e-02 6.710433e+01 1.299646e+02 5.801386e-02 2.993081e-05 
2.966000e+02 -7.741296e-02 7.724414e-02 1.442915e+00 1.107029e+04 1.069776e+04 2.257519e+02 15000 12000 -4.888137e-03     0 4.052856e-02 6.702158e+01 1.299612e+02 5.797795e-02 8.601348e-07 
2.967000e+02 -7.597252e-02 7.703486e-02 1.441155e+00 1.107190e+04 1.071066e+04 2.260034e+02 15000 12000 -4.841168e-03     0 4.057543e-02 6.693840e+01 1.299579e+02 5.794475e-02 -1.664656e-05 
2.968000e+02 -7.451499e-02 7.682302e-02 1.439414e+00 1.107354e+04 1.072355e+04 2.262524e+02 15000 12000 -4.608908e-03     0 4.061828e-02 6.685480e+01 1.299548e+02 5.791431e-02 -1.609219e-05 
2.969000e+02 -7.311513e-02 7.660958e-02 1.437699e+00 1.107520e+04 1.073643e+04 2.264989e+02 15000 12000 -4.312746e-03     0 4.065778e-02 6.677078e+01 1.299517e+02 5.788659e-02 -9.528835e-06 
  297 -7.181980e-02 7.639566e-02 1.436023e+00 1.107688e+04 1.074932e+04 2.267430e+02 15000 12000 -4.006581e-03     0 4.069414e-02 6.668636e+01 1.299488e+02 5.786139e-02 -1.417409e-05 
2.971000e+02 -7.059227e-02 7.618169e-02 1.434390e+00 1.107858e+04 1.076220e+04 2.269845e+02 15000 12000 -4.412168e-03     0 4.072725e-02 6.660154e+01 1.299460e+02 5.783845e-02 -3.426338e-05 
2.972000e+02 -6.930782e-02 7.596658e-02 1.432782e+00 1.108031e+04 1.077507e+04 2.272234e+02 15000 12000 -4.376980e-03     0 4.075691e-02 6.651633e+01 1.299433e+02 5.781767e-02 -4.405502e-05 
2.973000e+02 -6.800390e-02 7.575022e-02 1.431191e+00 1.108206e+04 1.078795e+04 2.274596e+02 15000 12000 -4.172111e-03     0 4.078355e-02 6.643074e+01 1.299407e+02 5.779903e-02 -3.785726e-05 
2.974000e+02 -6.674889e-02 7.553333e-02 1.429624e+00 1.108383e+04 1.080082e+04 2.276933e+02 15000 12000 -3.908133e-03     0 4.080779e-02 6.634478e+01 1.299382e+02 5.778243e-02 -2.681771e-05 
2.975000e+02 -6.558573e-02 7.531679e-02 1.428093e+00 1.108562e+04 1.081369e+04 2.279242e+02 15000 12000 -3.634181e-03     0 4.082986e-02 6.625845e+01 1.299359e+02 5.776767e-02 -2.672519e-05 
2.976000e+02 -6.448138e-02 7.510088e-02 1.426601e+00 1.108743e+04 1.082655e+04 2.281525e+02 15000 12000 -4.008022e-03     0 4.084968e-02 6.617177e+01 1.299336e+02 5.775451e-02 -4.147840e-05 
2.977000e+02 -6.332277e-02 7.488465e-02 1.425132e+00 1.108926e+04 1.083941e+04 2.283780e+02 15000 12000 -3.979502e-03     0 4.086711e-02 6.608473e+01 1.299315e+02 5.774283e-02 -4.760630e-05 
2.978000e+02 -6.214427e-02 7.466794e-02 1.423680e+00 1.109111e+04 1.085227e+04 2.286009e+02 15000 12000 -3.795761e-03     0 4.088253e-02 6.599736e+01 1.299295e+02 5.773260e-02 -3.984535e-05 
2.979000e+02 -6.100836e-02 7.445127e-02 1.422250e+00 1.109298e+04 1.086513e+04 2.288209e+02 15000 12000 -3.557622e-03     0 4.089645e-02 6.590964e+01 1.299276e+02 5.772372e-02 -2.823929e-05 
  298 -5.995435e-02 7.423532e-02 1.420852e+00 1.109486e+04 1.087798e+04 2.290383e+02 15000 12000 -3.309909e-03     0 4.090905e-02 6.582160e+01 1.299258e+02 5.771602e-02 -2.704810e-05 
2.981000e+02 -5.895257e-02 7.402025e-02 1.419491e+00 1.109677e+04 1.089083e+04 2.292528e+02 15000 12000 -3.651369e-03     0 4.092028e-02 6.573323e+01 1.299241e+02 5.770931e-02 -3.971526e-05 
2.982000e+02 -5.790067e-02 7.380523e-02 1.418152e+00 1.109869e+04 1.090368e+04 2.294646e+02 15000 12000 -3.626326e-03     0 4.093000e-02 6.564455e+01 1.299224e+02 5.770347e-02 -4.478699e-05 
2.983000e+02 -5.683006e-02 7.359007e-02 1.416827e+00 1.110064e+04 1.091652e+04 2.296737e+02 15000 12000 -3.459806e-03     0 4.093851e-02 6.555555e+01 1.299209e+02 5.769850e-02 -3.738498e-05 
2.984000e+02 -5.579762e-02 7.337515e-02 1.415523e+00 1.110260e+04 1.092936e+04 2.298799e+02 15000 12000 -3.243610e-03     0 4.094621e-02 6.546626e+01 1.299195e+02 5.769432e-02 -2.657508e-05 
2.985000e+02 -5.483916e-02 7.316100e-02 1.414249e+00 1.110458e+04 1.094220e+04 2.300834e+02 15000 12000 -3.018551e-03     0 4.095325e-02 6.537667e+01 1.299182e+02 5.769080e-02 -2.527941e-05 
2.986000e+02 -5.392793e-02 7.294773e-02 1.413008e+00 1.110657e+04 1.095504e+04 2.302841e+02 15000 12000 -3.328848e-03     0 4.095953e-02 6.528678e+01 1.299169e+02 5.768780e-02 -3.660917e-05 
2.987000e+02 -5.297130e-02 7.273459e-02 1.411787e+00 1.110858e+04 1.096787e+04 2.304821e+02 15000 12000 -3.306008e-03     0 4.096494e-02 6.519662e+01 1.299157e+02 5.768523e-02 -4.106129e-05 
2.988000e+02 -5.199780e-02 7.252141e-02 1.410579e+00 1.111061e+04 1.098070e+04 2.306772e+02 15000 12000 -3.154598e-03     0 4.096969e-02 6.510617e+01 1.299147e+02 5.768311e-02 -3.419679e-05 
2.989000e+02 -5.105895e-02 7.230849e-02 1.409390e+00 1.111265e+04 1.099353e+04 2.308696e+02 15000 12000 -2.958049e-03     0 4.097410e-02 6.501546e+01 1.299136e+02 5.768140e-02 -2.424813e-05 
  299 -5.018719e-02 7.209624e-02 1.408228e+00 1.111471e+04 1.100636e+04 2.310592e+02 15000 12000 -2.753430e-03     0 4.097824e-02 6.492448e+01 1.299127e+02 5.768000e-02 -2.295283e-05 
2.991000e+02 -4.935831e-02 7.188472e-02 1.407097e+00 1.111678e+04 1.101918e+04 2.312460e+02 15000 12000 -3.035072e-03     0 4.098204e-02 6.483324e+01 1.299118e+02 5.767880e-02 -3.313905e-05 
2.992000e+02 -4.848853e-02 7.167332e-02 1.405983e+00 1.111887e+04 1.103200e+04 2.314301e+02 15000 12000 -3.014139e-03     0 4.098536e-02 6.474175e+01 1.299110e+02 5.767777e-02 -3.709495e-05 
2.993000e+02 -4.760365e-02 7.146186e-02 1.404882e+00 1.112098e+04 1.104482e+04 2.316114e+02 15000 12000 -2.876476e-03     0 4.098835e-02 6.465001e+01 1.299103e+02 5.767693e-02 -3.078587e-05 
2.994000e+02 -4.675027e-02 7.125059e-02 1.403799e+00 1.112310e+04 1.105763e+04 2.317899e+02 15000 12000 -2.697849e-03     0 4.099126e-02 6.455804e+01 1.299096e+02 5.767626e-02 -2.168188e-05 
2.995000e+02 -4.595770e-02 7.103982e-02 1.402740e+00 1.112523e+04 1.107045e+04 2.319657e+02 15000 12000 -2.511894e-03     0 4.099414e-02 6.446582e+01 1.299089e+02 5.767570e-02 -2.043520e-05 
2.996000e+02 -4.520405e-02 7.082963e-02 1.401709e+00 1.112738e+04 1.108326e+04 2.321387e+02 15000 12000 -2.767384e-03     0 4.099688e-02 6.437339e+01 1.299083e+02 5.767517e-02 -2.961163e-05 
2.997000e+02 -4.441363e-02 7.061947e-02 1.400693e+00 1.112954e+04 1.109607e+04 2.323089e+02 15000 12000 -2.748205e-03     0 4.099936e-02 6.428073e+01 1.299078e+02 5.767467e-02 -3.313178e-05 
2.998000e+02 -4.360975e-02 7.040921e-02 1.399690e+00 1.113171e+04 1.110887e+04 2.324765e+02 15000 12000 -2.623113e-03     0 4.100169e-02 6.418786e+01 1.299073e+02 5.767422e-02 -2.733042e-05 
2.999000e+02 -4.283449e-02 7.019904e-02 1.398702e+00 1.113390e+04 1.112168e+04 2.326412e+02 15000 12000 -2.460872e-03     0 4.100406e-02 6.409478e+01 1.299069e+02 5.767382e-02 -1.898367e-05 
  300 -4.211430e-02 6.998924e-02 1.397737e+00 1.113610e+04 1.113448e+04 2.328032e+02 15000 12000 -2.291980e-03     0 4.100648e-02 6.400149e+01 1.299065e+02 5.767344e-02 -1.775621e-05 
3.001000e+02 -4.142940e-02 6.977983e-02 1.396797e+00 1.113831e+04 1.114728e+04 2.329625e+02 15000 12000 -2.523618e-03     0 4.100886e-02 6.390802e+01 1.299061e+02 5.767302e-02 -2.597782e-05 
3.002000e+02 -4.071151e-02 6.957040e-02 1.395872e+00 1.114054e+04 1.116008e+04 2.331191e+02 15000 12000 -2.506063e-03     0 4.101109e-02 6.381435e+01 1.299058e+02 5.767256e-02 -2.906273e-05 
3.003000e+02 -3.998166e-02 6.936082e-02 1.394958e+00 1.114278e+04 1.117287e+04 2.332729e+02 15000 12000 -2.392470e-03     0 4.101323e-02 6.372051e+01 1.299056e+02 5.767211e-02 -2.368642e-05 
3.004000e+02 -3.927779e-02 6.915125e-02 1.394058e+00 1.114503e+04 1.118567e+04 2.334239e+02 15000 12000 -2.245211e-03     0 4.101544e-02 6.362648e+01 1.299053e+02 5.767166e-02 -1.599442e-05 
3.005000e+02 -3.862372e-02 6.894193e-02 1.393179e+00 1.114729e+04 1.119846e+04 2.335723e+02 15000 12000 -2.091915e-03     0 4.101771e-02 6.353229e+01 1.299051e+02 5.767120e-02 -1.475162e-05 
3.006000e+02 -3.800163e-02 6.873288e-02 1.392322e+00 1.114956e+04 1.121125e+04 2.337179e+02 15000 12000 -2.301796e-03     0 4.101997e-02 6.343794e+01 1.299049e+02 5.767068e-02 -2.207312e-05 
3.007000e+02 -3.734999e-02 6.852376e-02 1.391480e+00 1.115185e+04 1.122403e+04 2.338607e+02 15000 12000 -2.285737e-03     0 4.102210e-02 6.334343e+01 1.299048e+02 5.767013e-02 -2.473659e-05 
3.008000e+02 -3.668777e-02 6.831447e-02 1.390647e+00 1.115415e+04 1.123682e+04 2.340009e+02 15000 12000 -2.182656e-03     0 4.102416e-02 6.324877e+01 1.299046e+02 5.766957e-02 -1.972824e-05 
3.009000e+02 -3.604911e-02 6.810515e-02 1.389827e+00 1.115645e+04 1.124960e+04 2.341383e+02 15000 12000 -2.049086e-03     0 4.102626e-02 6.315397e+01 1.299045e+02 5.766901e-02 -1.261716e-05 
  301 -3.545541e-02 6.789599e-02 1.389026e+00 1.115877e+04 1.126238e+04 2.342730e+02 15000 12000 -1.910039e-03     0 4.102841e-02 6.305903e+01 1.299045e+02 5.766845e-02 -1.134580e-05 
3.011000e+02 -3.489064e-02 6.768702e-02 1.388246e+00 1.116110e+04 1.127516e+04 2.344050e+02 15000 12000 -2.100036e-03     0 4.103052e-02 6.296397e+01 1.299044e+02 5.766786e-02 -1.783260e-05 
3.012000e+02 -3.429951e-02 6.747796e-02 1.387478e+00 1.116344e+04 1.128794e+04 2.345342e+02 15000 12000 -2.085338e-03     0 4.103250e-02 6.286878e+01 1.299044e+02 5.766724e-02 -2.010036e-05 
3.013000e+02 -3.369906e-02 6.726874e-02 1.386720e+00 1.116579e+04 1.130072e+04 2.346607e+02 15000 12000 -1.991857e-03     0 4.103439e-02 6.277348e+01 1.299044e+02 5.766663e-02 -1.541871e-05 
3.014000e+02 -3.311995e-02 6.705947e-02 1.385973e+00 1.116815e+04 1.131349e+04 2.347845e+02 15000 12000 -1.870792e-03     0 4.103629e-02 6.267807e+01 1.299044e+02 5.766605e-02 -8.829414e-06 
3.015000e+02 -3.258138e-02 6.685032e-02 1.385244e+00 1.117052e+04 1.132626e+04 2.349056e+02 15000 12000 -1.744758e-03     0 4.103819e-02 6.258255e+01 1.299044e+02 5.766548e-02 -7.522877e-06 
3.016000e+02 -3.206894e-02 6.664133e-02 1.384534e+00 1.117290e+04 1.133903e+04 2.350239e+02 15000 12000 -1.916551e-03     0 4.104002e-02 6.248695e+01 1.299045e+02 5.766491e-02 -1.323775e-05 
3.017000e+02 -3.153307e-02 6.643226e-02 1.383835e+00 1.117529e+04 1.135180e+04 2.351396e+02 15000 12000 -1.903080e-03     0 4.104171e-02 6.239125e+01 1.299046e+02 5.766434e-02 -1.513570e-05 
3.018000e+02 -3.098906e-02 6.622305e-02 1.383145e+00 1.117768e+04 1.136457e+04 2.352525e+02 15000 12000 -1.818367e-03     0 4.104329e-02 6.229547e+01 1.299047e+02 5.766381e-02 -1.074550e-05 
3.019000e+02 -3.046437e-02 6.601381e-02 1.382465e+00 1.118009e+04 1.137733e+04 2.353627e+02 15000 12000 -1.708729e-03     0 4.104483e-02 6.219962e+01 1.299048e+02 5.766332e-02 -4.626369e-06 
  302 -2.997616e-02 6.580469e-02 1.381802e+00 1.118251e+04 1.139009e+04 2.354701e+02 15000 12000 -1.594588e-03     0 4.104633e-02 6.210370e+01 1.299049e+02 5.766287e-02 -3.280290e-06 
3.021000e+02 -2.951152e-02 6.559570e-02 1.381155e+00 1.118493e+04 1.140286e+04 2.355749e+02 15000 12000 -1.749686e-03     0 4.104773e-02 6.200772e+01 1.299050e+02 5.766245e-02 -8.281500e-06 
3.022000e+02 -2.902616e-02 6.538668e-02 1.380520e+00 1.118736e+04 1.141562e+04 2.356769e+02 15000 12000 -1.737316e-03     0 4.104897e-02 6.191168e+01 1.299052e+02 5.766207e-02 -9.834593e-06 
3.023000e+02 -2.853377e-02 6.517757e-02 1.379892e+00 1.118980e+04 1.142838e+04 2.357762e+02 15000 12000 -1.660614e-03     0 4.105008e-02 6.181559e+01 1.299053e+02 5.766174e-02 -5.705575e-06 
3.024000e+02 -2.805884e-02 6.496847e-02 1.379274e+00 1.119225e+04 1.144113e+04 2.358728e+02 15000 12000 -1.561426e-03     0 4.105112e-02 6.171947e+01 1.299055e+02 5.766148e-02 -1.132620e-08 
3.025000e+02 -2.761667e-02 6.475949e-02 1.378670e+00 1.119471e+04 1.145389e+04 2.359667e+02 15000 12000 -1.458163e-03     0 4.105208e-02 6.162331e+01 1.299057e+02 5.766128e-02 1.377155e-06 
3.026000e+02 -2.719574e-02 6.455067e-02 1.378083e+00 1.119718e+04 1.146664e+04 2.360578e+02 15000 12000 -1.597921e-03     0 4.105293e-02 6.152712e+01 1.299059e+02 5.766112e-02 -2.963781e-06 
3.027000e+02 -2.675660e-02 6.434186e-02 1.377505e+00 1.119965e+04 1.147939e+04 2.361462e+02 15000 12000 -1.586536e-03     0 4.105360e-02 6.143092e+01 1.299061e+02 5.766103e-02 -4.195198e-06 
3.028000e+02 -2.631145e-02 6.413303e-02 1.376934e+00 1.120213e+04 1.149215e+04 2.362319e+02 15000 12000 -1.517158e-03     0 4.105412e-02 6.133470e+01 1.299063e+02 5.766101e-02 -3.005457e-07 
3.029000e+02 -2.588209e-02 6.392426e-02 1.376373e+00 1.120462e+04 1.150490e+04 2.363149e+02 15000 12000 -1.427538e-03     0 4.105455e-02 6.123847e+01 1.299066e+02 5.766107e-02 5.009341e-06 
  303 -2.548206e-02 6.371565e-02 1.375824e+00 1.120712e+04 1.151764e+04 2.363951e+02 15000 12000 -1.334234e-03     0 4.105488e-02 6.114224e+01 1.299068e+02 5.766121e-02 6.442720e-06 
3.031000e+02 -2.510112e-02 6.350723e-02 1.375291e+00 1.120962e+04 1.153039e+04 2.364727e+02 15000 12000 -1.459870e-03     0 4.105507e-02 6.104602e+01 1.299071e+02 5.766141e-02 2.714006e-06 
3.032000e+02 -2.470432e-02 6.329888e-02 1.374766e+00 1.121213e+04 1.154314e+04 2.365475e+02 15000 12000 -1.449360e-03     0 4.105509e-02 6.094982e+01 1.299074e+02 5.766169e-02 1.783424e-06 
3.033000e+02 -2.430247e-02 6.309059e-02 1.374248e+00 1.121465e+04 1.155588e+04 2.366196e+02 15000 12000 -1.386688e-03     0 4.105495e-02 6.085363e+01 1.299076e+02 5.766205e-02 5.467876e-06 
3.034000e+02 -2.391486e-02 6.288241e-02 1.373738e+00 1.121717e+04 1.156862e+04 2.366890e+02 15000 12000 -1.305835e-03     0 4.105470e-02 6.075747e+01 1.299079e+02 5.766250e-02 1.042994e-05 
3.035000e+02 -2.355345e-02 6.267444e-02 1.373241e+00 1.121970e+04 1.158137e+04 2.367557e+02 15000 12000 -1.221663e-03     0 4.105433e-02 6.066134e+01 1.299082e+02 5.766304e-02 1.191058e-05 
3.036000e+02 -2.320918e-02 6.246670e-02 1.372756e+00 1.122224e+04 1.159411e+04 2.368196e+02 15000 12000 -1.334266e-03     0 4.105382e-02 6.056525e+01 1.299085e+02 5.766366e-02 8.750985e-06 
3.037000e+02 -2.285121e-02 6.225910e-02 1.372280e+00 1.122479e+04 1.160685e+04 2.368809e+02 15000 12000 -1.324530e-03     0 4.105314e-02 6.046922e+01 1.299089e+02 5.766436e-02 8.102522e-06 
3.038000e+02 -2.248910e-02 6.205163e-02 1.371811e+00 1.122734e+04 1.161958e+04 2.369394e+02 15000 12000 -1.268004e-03     0 4.105230e-02 6.037323e+01 1.299092e+02 5.766514e-02 1.159846e-05 
3.039000e+02 -2.213983e-02 6.184435e-02 1.371349e+00 1.122989e+04 1.163232e+04 2.369952e+02 15000 12000 -1.195199e-03     0 4.105134e-02 6.027730e+01 1.299095e+02 5.766603e-02 1.624549e-05 
  304 -2.181387e-02 6.163732e-02 1.370898e+00 1.123246e+04 1.164506e+04 2.370484e+02 15000 12000 -1.119411e-03     0 4.105026e-02 6.018144e+01 1.299099e+02 5.766700e-02 1.777553e-05 
3.041000e+02 -2.150324e-02 6.143058e-02 1.370459e+00 1.123502e+04 1.165779e+04 2.370988e+02 15000 12000 -1.219954e-03     0 4.104903e-02 6.008566e+01 1.299102e+02 5.766806e-02 1.514638e-05 
3.042000e+02 -2.118095e-02 6.122405e-02 1.370028e+00 1.123760e+04 1.167052e+04 2.371465e+02 15000 12000 -1.210900e-03     0 4.104764e-02 5.998995e+01 1.299106e+02 5.766920e-02 1.476315e-05 
3.043000e+02 -2.085538e-02 6.101772e-02 1.369603e+00 1.124018e+04 1.168326e+04 2.371915e+02 15000 12000 -1.160014e-03     0 4.104609e-02 5.989433e+01 1.299109e+02 5.767043e-02 1.808987e-05 
3.044000e+02 -2.054136e-02 6.081165e-02 1.369185e+00 1.124276e+04 1.169599e+04 2.372338e+02 15000 12000 -1.094608e-03     0 4.104442e-02 5.979880e+01 1.299113e+02 5.767176e-02 2.245114e-05 
3.045000e+02 -2.024799e-02 6.060589e-02 1.368777e+00 1.124536e+04 1.170872e+04 2.372734e+02 15000 12000 -1.026532e-03     0 4.104262e-02 5.970338e+01 1.299117e+02 5.767318e-02 2.403238e-05 
3.046000e+02 -1.996831e-02 6.040047e-02 1.368380e+00 1.124795e+04 1.172145e+04 2.373103e+02 15000 12000 -1.115881e-03     0 4.104068e-02 5.960806e+01 1.299121e+02 5.767468e-02 2.189891e-05 
3.047000e+02 -1.967886e-02 6.019533e-02 1.367991e+00 1.125055e+04 1.173417e+04 2.373445e+02 15000 12000 -1.107421e-03     0 4.103859e-02 5.951285e+01 1.299125e+02 5.767627e-02 2.176552e-05 
3.048000e+02 -1.938693e-02 5.999046e-02 1.367607e+00 1.125316e+04 1.174690e+04 2.373761e+02 15000 12000 -1.061720e-03     0 4.103634e-02 5.941776e+01 1.299129e+02 5.767795e-02 2.493996e-05 
3.049000e+02 -1.910538e-02 5.978592e-02 1.367229e+00 1.125577e+04 1.175963e+04 2.374049e+02 15000 12000 -1.003128e-03     0 4.103397e-02 5.932279e+01 1.299133e+02 5.767972e-02 2.904131e-05 
  305 -1.884204e-02 5.958176e-02 1.366861e+00 1.125839e+04 1.177235e+04 2.374311e+02 15000 12000 -9.421592e-04     0 4.103148e-02 5.922796e+01 1.299137e+02 5.768158e-02 3.067502e-05 
3.051000e+02 -1.859088e-02 5.937798e-02 1.366504e+00 1.126101e+04 1.178508e+04 2.374546e+02 15000 12000 -1.021083e-03     0 4.102886e-02 5.913327e+01 1.299141e+02 5.768353e-02 2.900574e-05 
3.052000e+02 -1.833172e-02 5.917456e-02 1.366152e+00 1.126364e+04 1.179780e+04 2.374754e+02 15000 12000 -1.013135e-03     0 4.102608e-02 5.903872e+01 1.299146e+02 5.768555e-02 2.910790e-05 
3.053000e+02 -1.807084e-02 5.897149e-02 1.365806e+00 1.126627e+04 1.181052e+04 2.374935e+02 15000 12000 -9.722069e-04     0 4.102316e-02 5.894432e+01 1.299150e+02 5.768767e-02 3.214451e-05 
3.054000e+02 -1.781926e-02 5.876881e-02 1.365467e+00 1.126891e+04 1.182324e+04 2.375090e+02 15000 12000 -9.199031e-04     0 4.102013e-02 5.885008e+01 1.299154e+02 5.768987e-02 3.600827e-05 
3.055000e+02 -1.758364e-02 5.856656e-02 1.365135e+00 1.127155e+04 1.183596e+04 2.375218e+02 15000 12000 -8.654990e-04     0 4.101697e-02 5.875600e+01 1.299159e+02 5.769216e-02 3.769486e-05 
3.056000e+02 -1.735884e-02 5.836476e-02 1.364814e+00 1.127419e+04 1.184868e+04 2.375320e+02 15000 12000 -9.346731e-04     0 4.101369e-02 5.866210e+01 1.299163e+02 5.769454e-02 3.646088e-05 
3.057000e+02 -1.712767e-02 5.816338e-02 1.364498e+00 1.127684e+04 1.186140e+04 2.375395e+02 15000 12000 -9.271612e-04     0 4.101026e-02 5.856837e+01 1.299168e+02 5.769699e-02 3.678482e-05 
3.058000e+02 -1.689550e-02 5.796243e-02 1.364187e+00 1.127949e+04 1.187412e+04 2.375443e+02 15000 12000 -8.906351e-04     0 4.100670e-02 5.847482e+01 1.299172e+02 5.769952e-02 3.969530e-05 
3.059000e+02 -1.667164e-02 5.776193e-02 1.363882e+00 1.128215e+04 1.188684e+04 2.375465e+02 15000 12000 -8.441458e-04     0 4.100303e-02 5.838146e+01 1.299177e+02 5.770214e-02 4.334013e-05 
  306 -1.646169e-02 5.756191e-02 1.363585e+00 1.128481e+04 1.189955e+04 2.375461e+02 15000 12000 -7.958186e-04     0 4.099924e-02 5.828829e+01 1.299182e+02 5.770485e-02 4.507863e-05 
3.061000e+02 -1.626131e-02 5.736241e-02 1.363297e+00 1.128748e+04 1.191227e+04 2.375430e+02 15000 12000 -8.558362e-04     0 4.099533e-02 5.819533e+01 1.299187e+02 5.770763e-02 4.425286e-05 
3.062000e+02 -1.605607e-02 5.716339e-02 1.363014e+00 1.129015e+04 1.192498e+04 2.375373e+02 15000 12000 -8.486861e-04     0 4.099128e-02 5.810257e+01 1.299191e+02 5.771048e-02 4.478464e-05 
3.063000e+02 -1.585049e-02 5.696486e-02 1.362736e+00 1.129282e+04 1.193770e+04 2.375290e+02 15000 12000 -8.162269e-04     0 4.098712e-02 5.801003e+01 1.299196e+02 5.771342e-02 4.757749e-05 
3.064000e+02 -1.565234e-02 5.676685e-02 1.362464e+00 1.129549e+04 1.195041e+04 2.375181e+02 15000 12000 -7.751254e-04     0 4.098284e-02 5.791771e+01 1.299201e+02 5.771644e-02 5.101789e-05 
3.065000e+02 -1.546622e-02 5.656939e-02 1.362198e+00 1.129817e+04 1.196312e+04 2.375045e+02 15000 12000 -7.324371e-04     0 4.097845e-02 5.782561e+01 1.299206e+02 5.771953e-02 5.280531e-05 
3.066000e+02 -1.528852e-02 5.637250e-02 1.361941e+00 1.130086e+04 1.197583e+04 2.374884e+02 15000 12000 -7.838129e-04     0 4.097394e-02 5.773374e+01 1.299211e+02 5.772270e-02 5.236141e-05 
3.067000e+02 -1.510737e-02 5.617615e-02 1.361689e+00 1.130354e+04 1.198855e+04 2.374697e+02 15000 12000 -7.769527e-04     0 4.096931e-02 5.764211e+01 1.299216e+02 5.772595e-02 5.308603e-05 
3.068000e+02 -1.492649e-02 5.598036e-02 1.361442e+00 1.130624e+04 1.200126e+04 2.374483e+02 15000 12000 -7.482565e-04     0 4.096456e-02 5.755072e+01 1.299221e+02 5.772927e-02 5.576582e-05 
3.069000e+02 -1.475221e-02 5.578515e-02 1.361199e+00 1.130893e+04 1.201397e+04 2.374244e+02 15000 12000 -7.121574e-04     0 4.095971e-02 5.745959e+01 1.299226e+02 5.773267e-02 5.901148e-05 
  307 -1.458827e-02 5.559054e-02 1.360964e+00 1.131163e+04 1.202668e+04 2.373979e+02 15000 12000 -6.747141e-04     0 4.095475e-02 5.736870e+01 1.299232e+02 5.773614e-02 6.084184e-05 
3.071000e+02 -1.443172e-02 5.539656e-02 1.360735e+00 1.131433e+04 1.203938e+04 2.373688e+02 15000 12000 -7.178895e-04     0 4.094968e-02 5.727808e+01 1.299237e+02 5.773968e-02 6.075296e-05 
3.072000e+02 -1.427299e-02 5.520319e-02 1.360512e+00 1.131703e+04 1.205209e+04 2.373372e+02 15000 12000 -7.112477e-04     0 4.094449e-02 5.718773e+01 1.299242e+02 5.774329e-02 6.165316e-05 
3.073000e+02 -1.411507e-02 5.501044e-02 1.360293e+00 1.131973e+04 1.206480e+04 2.373030e+02 15000 12000 -6.860371e-04     0 4.093919e-02 5.709765e+01 1.299247e+02 5.774698e-02 6.421950e-05 
3.074000e+02 -1.396303e-02 5.481832e-02 1.360079e+00 1.132244e+04 1.207751e+04 2.372662e+02 15000 12000 -6.545909e-04     0 4.093379e-02 5.700785e+01 1.299253e+02 5.775074e-02 6.727424e-05 
3.075000e+02 -1.381979e-02 5.462688e-02 1.359871e+00 1.132515e+04 1.209021e+04 2.372269e+02 15000 12000 -6.220368e-04     0 4.092829e-02 5.691833e+01 1.299258e+02 5.775457e-02 6.913729e-05 
3.076000e+02 -1.368301e-02 5.443610e-02 1.359670e+00 1.132787e+04 1.210292e+04 2.371851e+02 15000 12000 -6.573842e-04     0 4.092268e-02 5.682910e+01 1.299263e+02 5.775846e-02 6.937446e-05 
3.077000e+02 -1.354519e-02 5.424600e-02 1.359474e+00 1.133059e+04 1.211562e+04 2.371408e+02 15000 12000 -6.508874e-04     0 4.091696e-02 5.674017e+01 1.299269e+02 5.776243e-02 7.042912e-05 
3.078000e+02 -1.340868e-02 5.405658e-02 1.359282e+00 1.133331e+04 1.212833e+04 2.370939e+02 15000 12000 -6.289074e-04     0 4.091114e-02 5.665153e+01 1.299274e+02 5.776646e-02 7.287521e-05 
3.079000e+02 -1.327738e-02 5.386786e-02 1.359094e+00 1.133603e+04 1.214103e+04 2.370445e+02 15000 12000 -6.017943e-04     0 4.090522e-02 5.656321e+01 1.299280e+02 5.777057e-02 7.573550e-05 
  308 -1.315350e-02 5.367986e-02 1.358912e+00 1.133875e+04 1.215374e+04 2.369926e+02 15000 12000 -5.738059e-04     0 4.089920e-02 5.647520e+01 1.299285e+02 5.777474e-02 7.761488e-05 
3.081000e+02 -1.303525e-02 5.349259e-02 1.358736e+00 1.134148e+04 1.216644e+04 2.369382e+02 15000 12000 -6.016319e-04     0 4.089308e-02 5.638751e+01 1.299291e+02 5.777898e-02 7.814488e-05 
3.082000e+02 -1.291698e-02 5.330605e-02 1.358565e+00 1.134421e+04 1.217914e+04 2.368814e+02 15000 12000 -5.952021e-04     0 4.088685e-02 5.630014e+01 1.299296e+02 5.778328e-02 7.932690e-05 
3.083000e+02 -1.280043e-02 5.312025e-02 1.358398e+00 1.134694e+04 1.219185e+04 2.368220e+02 15000 12000 -5.762140e-04     0 4.088053e-02 5.621310e+01 1.299302e+02 5.778765e-02 8.163751e-05 
3.084000e+02 -1.268848e-02 5.293521e-02 1.358236e+00 1.134968e+04 1.220455e+04 2.367602e+02 15000 12000 -5.531379e-04     0 4.087411e-02 5.612639e+01 1.299307e+02 5.779208e-02 8.429029e-05 
3.085000e+02 -1.258275e-02 5.275093e-02 1.358078e+00 1.135241e+04 1.221725e+04 2.366959e+02 15000 12000 -5.294173e-04     0 4.086759e-02 5.604002e+01 1.299313e+02 5.779658e-02 8.616115e-05 
3.086000e+02 -1.248192e-02 5.256745e-02 1.357927e+00 1.135515e+04 1.222995e+04 2.366292e+02 15000 12000 -5.499653e-04     0 4.086098e-02 5.595400e+01 1.299319e+02 5.780114e-02 8.694368e-05 
3.087000e+02 -1.238191e-02 5.238475e-02 1.357779e+00 1.135789e+04 1.224265e+04 2.365601e+02 15000 12000 -5.435162e-04     0 4.085427e-02 5.586834e+01 1.299324e+02 5.780577e-02 8.821713e-05 
3.088000e+02 -1.228398e-02 5.220285e-02 1.357636e+00 1.136063e+04 1.225535e+04 2.364885e+02 15000 12000 -5.272918e-04     0 4.084747e-02 5.578302e+01 1.299330e+02 5.781046e-02 9.036573e-05 
3.089000e+02 -1.219011e-02 5.202176e-02 1.357497e+00 1.136338e+04 1.226805e+04 2.364145e+02 15000 12000 -5.079730e-04     0 4.084057e-02 5.569807e+01 1.299336e+02 5.781521e-02 9.278548e-05 
  309 -1.210139e-02 5.184149e-02 1.357363e+00 1.136612e+04 1.228075e+04 2.363380e+02 15000 12000 -4.882401e-04     0 4.083359e-02 5.561349e+01 1.299341e+02 5.782002e-02 9.461110e-05 
3.091000e+02 -1.201692e-02 5.166207e-02 1.357233e+00 1.136887e+04 1.229345e+04 2.362592e+02 15000 12000 -5.016919e-04     0 4.082651e-02 5.552927e+01 1.299347e+02 5.782490e-02 9.559502e-05 
3.092000e+02 -1.193399e-02 5.148348e-02 1.357108e+00 1.137162e+04 1.230615e+04 2.361780e+02 15000 12000 -4.951242e-04     0 4.081933e-02 5.544544e+01 1.299353e+02 5.782983e-02 9.691132e-05 
3.093000e+02 -1.185337e-02 5.130575e-02 1.356987e+00 1.137437e+04 1.231885e+04 2.360944e+02 15000 12000 -4.814386e-04     0 4.081207e-02 5.536199e+01 1.299359e+02 5.783483e-02 9.885621e-05 
3.094000e+02 -1.177635e-02 5.112888e-02 1.356871e+00 1.137712e+04 1.233155e+04 2.360085e+02 15000 12000 -4.656051e-04     0 4.080472e-02 5.527892e+01 1.299364e+02 5.783989e-02 1.010009e-04 
3.095000e+02 -1.170356e-02 5.095289e-02 1.356758e+00 1.137988e+04 1.234424e+04 2.359201e+02 15000 12000 -4.495885e-04     0 4.079728e-02 5.519625e+01 1.299370e+02 5.784500e-02 1.027282e-04 
3.096000e+02 -1.163446e-02 5.077779e-02 1.356650e+00 1.138264e+04 1.235694e+04 2.358295e+02 15000 12000 -4.560654e-04     0 4.078975e-02 5.511397e+01 1.299376e+02 5.785018e-02 1.038465e-04 
3.097000e+02 -1.156741e-02 5.060359e-02 1.356547e+00 1.138539e+04 1.236964e+04 2.357364e+02 15000 12000 -4.492604e-04     0 4.078213e-02 5.503210e+01 1.299382e+02 5.785541e-02 1.051392e-04 
3.098000e+02 -1.150285e-02 5.043029e-02 1.356447e+00 1.138815e+04 1.238234e+04 2.356411e+02 15000 12000 -4.378829e-04     0 4.077443e-02 5.495064e+01 1.299388e+02 5.786070e-02 1.068183e-04 
3.099000e+02 -1.144144e-02 5.025790e-02 1.356351e+00 1.139091e+04 1.239503e+04 2.355434e+02 15000 12000 -4.252605e-04     0 4.076664e-02 5.486959e+01 1.299394e+02 5.786605e-02 1.086238e-04 
  310 -1.138350e-02 5.008645e-02 1.356259e+00 1.139367e+04 1.240773e+04 2.354435e+02 15000 12000 -4.126863e-04     0 4.075877e-02 5.478895e+01 1.299400e+02 5.787145e-02 1.101772e-04 
3.101000e+02 -1.132874e-02 4.991593e-02 1.356171e+00 1.139644e+04 1.242043e+04 2.353412e+02 15000 12000 -4.122489e-04     0 4.075081e-02 5.470874e+01 1.299406e+02 5.787691e-02 1.113404e-04 
3.102000e+02 -1.127639e-02 4.974636e-02 1.356088e+00 1.139920e+04 1.243312e+04 2.352367e+02 15000 12000 -4.050608e-04     0 4.074277e-02 5.462895e+01 1.299412e+02 5.788243e-02 1.125185e-04 
3.103000e+02 -1.122657e-02 4.957775e-02 1.356008e+00 1.140197e+04 1.244582e+04 2.351299e+02 15000 12000 -3.957437e-04     0 4.073465e-02 5.454960e+01 1.299418e+02 5.788800e-02 1.138423e-04 
3.104000e+02 -1.117950e-02 4.941010e-02 1.355932e+00 1.140473e+04 1.245852e+04 2.350208e+02 15000 12000 -3.860434e-04     0 4.072644e-02 5.447068e+01 1.299423e+02 5.789363e-02 1.152149e-04 
3.105000e+02 -1.113526e-02 4.924343e-02 1.355859e+00 1.140750e+04 1.247121e+04 2.349095e+02 15000 12000 -3.766218e-04     0 4.071815e-02 5.439221e+01 1.299429e+02 5.789931e-02 1.164886e-04 
3.106000e+02 -1.109376e-02 4.907775e-02 1.355791e+00 1.141027e+04 1.248391e+04 2.347960e+02 15000 12000 -3.692704e-04     0 4.070979e-02 5.431418e+01 1.299435e+02 5.790505e-02 1.175759e-04 
3.107000e+02 -1.105482e-02 4.891306e-02 1.355726e+00 1.141304e+04 1.249660e+04 2.346802e+02 15000 12000 -3.615161e-04     0 4.070134e-02 5.423660e+01 1.299441e+02 5.791084e-02 1.185146e-04 
3.108000e+02 -1.101834e-02 4.874938e-02 1.355665e+00 1.141581e+04 1.250930e+04 2.345622e+02 15000 12000 -3.539812e-04     0 4.069281e-02 5.415948e+01 1.299447e+02 5.791668e-02 1.193571e-04 
3.109000e+02 -1.098424e-02 4.858671e-02 1.355607e+00 1.141858e+04 1.252199e+04 2.344420e+02 15000 12000 -3.468840e-04     0 4.068421e-02 5.408282e+01 1.299453e+02 5.792258e-02 1.201645e-04 
  311 -1.095243e-02 4.842507e-02 1.355553e+00 1.142135e+04 1.253469e+04 2.343197e+02 15000 12000 -3.402925e-04     0 4.067553e-02 5.400662e+01 1.299460e+02 5.792853e-02 1.210116e-04 
3.111000e+02 -1.092296e-02 4.826446e-02 1.355503e+00 1.142412e+04 1.254738e+04 2.341951e+02 15000 12000 -3.259680e-04     0 4.066677e-02 5.393089e+01 1.299466e+02 5.793452e-02 1.218600e-04 
3.112000e+02 -1.089599e-02 4.810489e-02 1.355456e+00 1.142690e+04 1.256008e+04 2.340685e+02 15000 12000 -3.174154e-04     0 4.065794e-02 5.385563e+01 1.299472e+02 5.794057e-02 1.223896e-04 
3.113000e+02 -1.087128e-02 4.794637e-02 1.355413e+00 1.142967e+04 1.257277e+04 2.339396e+02 15000 12000 -3.113385e-04     0 4.064903e-02 5.378085e+01 1.299478e+02 5.794668e-02 1.225770e-04 
3.114000e+02 -1.084858e-02 4.778892e-02 1.355373e+00 1.143244e+04 1.258547e+04 2.338086e+02 15000 12000 -3.064776e-04     0 4.064005e-02 5.370655e+01 1.299484e+02 5.795283e-02 1.226357e-04 
3.115000e+02 -1.082772e-02 4.763253e-02 1.355336e+00 1.143522e+04 1.259816e+04 2.336755e+02 15000 12000 -3.023416e-04     0 4.063099e-02 5.363274e+01 1.299490e+02 5.795903e-02 1.228561e-04 
3.116000e+02 -1.080880e-02 4.747722e-02 1.355302e+00 1.143800e+04 1.261085e+04 2.335403e+02 15000 12000 -2.809294e-04     0 4.062186e-02 5.355942e+01 1.299496e+02 5.796528e-02 1.232466e-04 
3.117000e+02 -1.079212e-02 4.732300e-02 1.355271e+00 1.144077e+04 1.262355e+04 2.334030e+02 15000 12000 -2.712857e-04     0 4.061266e-02 5.348659e+01 1.299502e+02 5.797157e-02 1.231389e-04 
3.118000e+02 -1.077738e-02 4.716988e-02 1.355244e+00 1.144355e+04 1.263624e+04 2.332637e+02 15000 12000 -2.662786e-04     0 4.060339e-02 5.341426e+01 1.299508e+02 5.797792e-02 1.224358e-04 
3.119000e+02 -1.076425e-02 4.701785e-02 1.355221e+00 1.144633e+04 1.264894e+04 2.331222e+02 15000 12000 -2.632203e-04     0 4.059405e-02 5.334244e+01 1.299514e+02 5.798431e-02 1.214982e-04 
  312 -1.075256e-02 4.686694e-02 1.355199e+00 1.144910e+04 1.266163e+04 2.329787e+02 15000 12000 -2.610927e-04     0 4.058463e-02 5.327112e+01 1.299520e+02 5.799075e-02 1.208238e-04 
3.121000e+02 -1.074241e-02 4.671716e-02 1.355181e+00 1.145188e+04 1.267432e+04 2.328332e+02 15000 12000 -2.324343e-04     0 4.057516e-02 5.320032e+01 1.299526e+02 5.799724e-02 1.204660e-04 
3.122000e+02 -1.073404e-02 4.656850e-02 1.355165e+00 1.145466e+04 1.268702e+04 2.326856e+02 15000 12000 -2.213364e-04     0 4.056561e-02 5.313002e+01 1.299532e+02 5.800377e-02 1.194195e-04 
3.123000e+02 -1.072714e-02 4.642098e-02 1.355153e+00 1.145744e+04 1.269971e+04 2.325361e+02 15000 12000 -2.169323e-04     0 4.055599e-02 5.306025e+01 1.299539e+02 5.801035e-02 1.175151e-04 
3.124000e+02 -1.072144e-02 4.627460e-02 1.355144e+00 1.146022e+04 1.271241e+04 2.323845e+02 15000 12000 -2.151592e-04     0 4.054631e-02 5.299100e+01 1.299545e+02 5.801697e-02 1.152548e-04 
3.125000e+02 -1.071678e-02 4.612938e-02 1.355137e+00 1.146300e+04 1.272510e+04 2.322310e+02 15000 12000 -2.145029e-04     0 4.053657e-02 5.292228e+01 1.299551e+02 5.802364e-02 1.133355e-04 
3.126000e+02 -1.071323e-02 4.598532e-02 1.355132e+00 1.146578e+04 1.273779e+04 2.320754e+02 15000 12000 -1.784235e-04     0 4.052676e-02 5.285409e+01 1.299557e+02 5.803035e-02 1.118534e-04 
3.127000e+02 -1.071082e-02 4.584243e-02 1.355130e+00 1.146856e+04 1.275049e+04 2.319180e+02 15000 12000 -1.654393e-04     0 4.051689e-02 5.278643e+01 1.299563e+02 5.803710e-02 1.094802e-04 
3.128000e+02 -1.070931e-02 4.570072e-02 1.355132e+00 1.147133e+04 1.276318e+04 2.317586e+02 15000 12000 -1.610871e-04     0 4.050695e-02 5.271931e+01 1.299569e+02 5.804390e-02 1.059773e-04 
3.129000e+02 -1.070853e-02 4.556019e-02 1.355135e+00 1.147411e+04 1.277588e+04 2.315972e+02 15000 12000 -1.599922e-04     0 4.049695e-02 5.265273e+01 1.299575e+02 5.805074e-02 1.019805e-04 
  313 1.070834e-02 4.542085e-02 1.355143e+00 1.147689e+04 1.278857e+04 2.314340e+02 15000 12000 1.852364e-03     0 4.048690e-02 5.258670e+01 1.299581e+02 5.805762e-02 9.445849e-05 
3.131000e+02 -1.071428e-02 4.528272e-02 1.355211e+00 1.147967e+04 1.280126e+04 2.312689e+02 15000 12000 7.423972e-04     0 4.047673e-02 5.252123e+01 1.299588e+02 5.806455e-02 9.536745e-07 
3.132000e+02 -1.073115e-02 4.514584e-02 1.355321e+00 1.148245e+04 1.281396e+04 2.311019e+02 15000 12000 2.149688e-04     0 4.046649e-02 5.245631e+01 1.299594e+02 5.807148e-02 -1.396829e-04 
3.133000e+02 -1.074339e-02 4.501022e-02 1.355418e+00 1.148523e+04 1.282665e+04 2.309330e+02 15000 12000 2.012117e-05     0 4.045632e-02 5.239193e+01 1.299600e+02 5.807847e-02 -2.596523e-04 
3.134000e+02 -1.074660e-02 4.487580e-02 1.355472e+00 1.148801e+04 1.283935e+04 2.307623e+02 15000 12000 -5.160175e-05     0 4.044614e-02 5.232811e+01 1.299606e+02 5.808552e-02 -3.288977e-04 
3.135000e+02 -1.074473e-02 4.474255e-02 1.355473e+00 1.149079e+04 1.285204e+04 2.305897e+02 15000 12000 -7.773270e-05     0 4.043584e-02 5.226486e+01 1.299612e+02 5.809260e-02 -3.408001e-04 
3.136000e+02 -1.074214e-02 4.461048e-02 1.355426e+00 1.149357e+04 1.286473e+04 2.304154e+02 15000 12000 -9.357306e-06     0 4.042540e-02 5.220217e+01 1.299618e+02 5.809971e-02 -3.039900e-04 
3.137000e+02 -1.074174e-02 4.447962e-02 1.355347e+00 1.149636e+04 1.287743e+04 2.302392e+02 15000 12000 1.552889e-05     0 4.041489e-02 5.214005e+01 1.299624e+02 5.810685e-02 -2.371382e-04 
3.138000e+02 -1.074376e-02 4.435001e-02 1.355252e+00 1.149914e+04 1.289012e+04 2.300612e+02 15000 12000 2.398608e-05     0 4.040435e-02 5.207851e+01 1.299630e+02 5.811403e-02 -1.584654e-04 
3.139000e+02 -1.074763e-02 4.422168e-02 1.355155e+00 1.150192e+04 1.290282e+04 2.298815e+02 15000 12000 2.617089e-05     0 4.039379e-02 5.201754e+01 1.299636e+02 5.812127e-02 -8.270466e-05 
  314 -1.075267e-02 4.409463e-02 1.355068e+00 1.150470e+04 1.291551e+04 2.297000e+02 15000 12000 2.593818e-05     0 4.038318e-02 5.195715e+01 1.299643e+02 5.812855e-02 -2.029768e-05 
3.141000e+02 -1.075830e-02 4.396886e-02 1.354996e+00 1.150748e+04 1.292820e+04 2.295168e+02 15000 12000 3.556448e-05     0 4.037252e-02 5.189734e+01 1.299649e+02 5.813586e-02 2.268190e-05 
3.142000e+02 -1.076412e-02 4.384437e-02 1.354944e+00 1.151026e+04 1.294090e+04 2.293319e+02 15000 12000 3.806986e-05     0 4.036180e-02 5.183812e+01 1.299655e+02 5.814320e-02 4.398456e-05 
3.143000e+02 -1.076962e-02 4.372119e-02 1.354911e+00 1.151304e+04 1.295359e+04 2.291452e+02 15000 12000 3.802100e-05     0 4.035103e-02 5.177949e+01 1.299661e+02 5.815056e-02 4.516455e-05 
3.144000e+02 -1.077443e-02 4.359931e-02 1.354893e+00 1.151583e+04 1.296629e+04 2.289569e+02 15000 12000 3.714834e-05     0 4.034021e-02 5.172145e+01 1.299667e+02 5.815796e-02 3.045715e-05 
3.145000e+02 -1.077839e-02 4.347874e-02 1.354886e+00 1.151861e+04 1.297898e+04 2.287669e+02 15000 12000 3.610242e-05     0 4.032936e-02 5.166400e+01 1.299673e+02 5.816538e-02 5.449606e-06 
3.146000e+02 -1.078188e-02 4.335948e-02 1.354884e+00 1.152139e+04 1.299167e+04 2.285752e+02 15000 12000 6.982302e-05     0 4.031846e-02 5.160716e+01 1.299679e+02 5.817284e-02 -2.458358e-05 
3.147000e+02 -1.078587e-02 4.324154e-02 1.354884e+00 1.152418e+04 1.300437e+04 2.283819e+02 15000 12000 8.158650e-05     0 4.030752e-02 5.155091e+01 1.299685e+02 5.818033e-02 -5.623509e-05 
3.148000e+02 -1.079048e-02 4.312490e-02 1.354881e+00 1.152696e+04 1.301706e+04 2.281870e+02 15000 12000 8.516165e-05     0 4.029654e-02 5.149526e+01 1.299691e+02 5.818784e-02 -8.606054e-05 
3.149000e+02 -1.079561e-02 4.300958e-02 1.354873e+00 1.152975e+04 1.302975e+04 2.279904e+02 15000 12000 8.564429e-05     0 4.028552e-02 5.144023e+01 1.299697e+02 5.819539e-02 -1.110530e-04 
  315 -1.080126e-02 4.289558e-02 1.354858e+00 1.153253e+04 1.304245e+04 2.277923e+02 15000 12000 8.490745e-05     0 4.027445e-02 5.138580e+01 1.299703e+02 5.820296e-02 -1.292783e-04 
3.151000e+02 -1.080806e-02 4.278289e-02 1.354835e+00 1.153532e+04 1.305514e+04 2.275926e+02 15000 12000 1.358077e-04     0 4.026335e-02 5.133198e+01 1.299709e+02 5.821055e-02 -1.408200e-04 
3.152000e+02 -1.081750e-02 4.267153e-02 1.354807e+00 1.153810e+04 1.306784e+04 2.273914e+02 15000 12000 1.532073e-04     0 4.025220e-02 5.127877e+01 1.299715e+02 5.821818e-02 -1.486644e-04 
3.153000e+02 -1.082946e-02 4.256150e-02 1.354774e+00 1.154089e+04 1.308053e+04 2.271886e+02 15000 12000 1.578850e-04     0 4.024102e-02 5.122618e+01 1.299722e+02 5.822583e-02 -1.546894e-04 
3.154000e+02 -1.084337e-02 4.245281e-02 1.354737e+00 1.154368e+04 1.309322e+04 2.269843e+02 15000 12000 1.575932e-04     0 4.022979e-02 5.117421e+01 1.299728e+02 5.823350e-02 -1.596365e-04 
3.155000e+02 -1.085876e-02 4.234547e-02 1.354697e+00 1.154646e+04 1.310592e+04 2.267784e+02 15000 12000 1.552485e-04     0 4.021852e-02 5.112287e+01 1.299734e+02 5.824121e-02 -1.637469e-04 
3.156000e+02 -1.087592e-02 4.223949e-02 1.354654e+00 1.154925e+04 1.311861e+04 2.265711e+02 15000 12000 1.946417e-04     0 4.020721e-02 5.107214e+01 1.299740e+02 5.824894e-02 -1.677078e-04 
3.157000e+02 -1.089618e-02 4.213486e-02 1.354611e+00 1.155204e+04 1.313130e+04 2.263624e+02 15000 12000 2.063148e-04     0 4.019587e-02 5.102205e+01 1.299746e+02 5.825670e-02 -1.736237e-04 
3.158000e+02 -1.091927e-02 4.203160e-02 1.354566e+00 1.155483e+04 1.314399e+04 2.261521e+02 15000 12000 2.073300e-04     0 4.018448e-02 5.097258e+01 1.299752e+02 5.826448e-02 -1.820275e-04 
3.159000e+02 -1.094448e-02 4.192971e-02 1.354520e+00 1.155762e+04 1.315669e+04 2.259405e+02 15000 12000 2.040832e-04     0 4.017306e-02 5.092374e+01 1.299757e+02 5.827229e-02 -1.921632e-04 
  316 -1.097124e-02 4.182920e-02 1.354472e+00 1.156041e+04 1.316938e+04 2.257274e+02 15000 12000 1.990085e-04     0 4.016160e-02 5.087553e+01 1.299763e+02 5.828012e-02 -2.027874e-04 
3.161000e+02 -1.099997e-02 4.173006e-02 1.354420e+00 1.156320e+04 1.318207e+04 2.255129e+02 15000 12000 2.330019e-04     0 4.015010e-02 5.082796e+01 1.299769e+02 5.828798e-02 -2.132433e-04 
3.162000e+02 -1.103236e-02 4.163230e-02 1.354366e+00 1.156599e+04 1.319477e+04 2.252970e+02 15000 12000 2.409239e-04     0 4.013856e-02 5.078103e+01 1.299775e+02 5.829586e-02 -2.245023e-04 
3.163000e+02 -1.106813e-02 4.153593e-02 1.354309e+00 1.156878e+04 1.320746e+04 2.250798e+02 15000 12000 2.386866e-04     0 4.012699e-02 5.073474e+01 1.299781e+02 5.830376e-02 -2.364266e-04 
3.164000e+02 -1.110644e-02 4.144094e-02 1.354249e+00 1.157157e+04 1.322015e+04 2.248612e+02 15000 12000 2.322789e-04     0 4.011538e-02 5.068909e+01 1.299787e+02 5.831169e-02 -2.480344e-04 
3.165000e+02 -1.114663e-02 4.134735e-02 1.354183e+00 1.157437e+04 1.323284e+04 2.246413e+02 15000 12000 2.240053e-04     0 4.010373e-02 5.064408e+01 1.299793e+02 5.831964e-02 -2.582028e-04 
3.166000e+02 -1.118920e-02 4.125514e-02 1.354112e+00 1.157716e+04 1.324553e+04 2.244201e+02 15000 12000 2.521960e-04     0 4.009205e-02 5.059972e+01 1.299799e+02 5.832762e-02 -2.665961e-04 
3.167000e+02 -1.123607e-02 4.116433e-02 1.354037e+00 1.157996e+04 1.325823e+04 2.241976e+02 15000 12000 2.557824e-04     0 4.008033e-02 5.055601e+01 1.299805e+02 5.833562e-02 -2.745481e-04 
3.168000e+02 -1.128677e-02 4.107493e-02 1.353958e+00 1.158276e+04 1.327092e+04 2.239738e+02 15000 12000 2.496514e-04     0 4.006858e-02 5.051294e+01 1.299811e+02 5.834364e-02 -2.824013e-04 
3.169000e+02 -1.134016e-02 4.098693e-02 1.353874e+00 1.158555e+04 1.328361e+04 2.237487e+02 15000 12000 2.394601e-04     0 4.005679e-02 5.047053e+01 1.299817e+02 5.835169e-02 -2.896760e-04 
  317 -1.139532e-02 4.090034e-02 1.353785e+00 1.158835e+04 1.329630e+04 2.235224e+02 15000 12000 2.274380e-04     0 4.004496e-02 5.042877e+01 1.299822e+02 5.835976e-02 -2.956765e-04 
3.171000e+02 -1.145249e-02 4.081516e-02 1.353690e+00 1.159115e+04 1.330899e+04 2.232949e+02 15000 12000 2.451032e-04     0 4.003310e-02 5.038766e+01 1.299828e+02 5.836786e-02 -3.002692e-04 
3.172000e+02 -1.151343e-02 4.073139e-02 1.353592e+00 1.159395e+04 1.332168e+04 2.230662e+02 15000 12000 2.425537e-04     0 4.002121e-02 5.034721e+01 1.299834e+02 5.837597e-02 -3.046183e-04 
3.173000e+02 -1.157743e-02 4.064905e-02 1.353489e+00 1.159675e+04 1.333437e+04 2.228363e+02 15000 12000 2.319967e-04     0 4.000928e-02 5.030742e+01 1.299840e+02 5.838411e-02 -3.090212e-04 
3.174000e+02 -1.164321e-02 4.056812e-02 1.353381e+00 1.159956e+04 1.334706e+04 2.226052e+02 15000 12000 2.181279e-04     0 3.999732e-02 5.026829e+01 1.299846e+02 5.839227e-02 -3.130607e-04 
3.175000e+02 -1.170974e-02 4.048863e-02 1.353269e+00 1.160236e+04 1.335975e+04 2.223730e+02 15000 12000 2.028450e-04     0 3.998533e-02 5.022982e+01 1.299852e+02 5.840045e-02 -3.161202e-04 
3.176000e+02 -1.177712e-02 4.041055e-02 1.353152e+00 1.160517e+04 1.337244e+04 2.221396e+02 15000 12000 2.101115e-04     0 3.997330e-02 5.019201e+01 1.299857e+02 5.840866e-02 -3.180100e-04 
3.177000e+02 -1.184679e-02 4.033391e-02 1.353030e+00 1.160798e+04 1.338513e+04 2.219052e+02 15000 12000 2.021880e-04     0 3.996125e-02 5.015486e+01 1.299863e+02 5.841688e-02 -3.195465e-04 
3.178000e+02 -1.191803e-02 4.025871e-02 1.352904e+00 1.161079e+04 1.339782e+04 2.216696e+02 15000 12000 1.883321e-04     0 3.994916e-02 5.011838e+01 1.299869e+02 5.842513e-02 -3.209220e-04 
3.179000e+02 -1.198963e-02 4.018494e-02 1.352774e+00 1.161360e+04 1.341051e+04 2.214329e+02 15000 12000 1.721419e-04     0 3.993705e-02 5.008257e+01 1.299875e+02 5.843339e-02 -3.218201e-04 
  318 -1.206067e-02 4.011262e-02 1.352640e+00 1.161641e+04 1.342320e+04 2.211952e+02 15000 12000 1.550997e-04     0 3.992491e-02 5.004743e+01 1.299880e+02 5.844168e-02 -3.218015e-04 
3.181000e+02 -1.213117e-02 4.004173e-02 1.352500e+00 1.161922e+04 1.343589e+04 2.209565e+02 15000 12000 1.539607e-04     0 3.991274e-02 5.001295e+01 1.299886e+02 5.844998e-02 -3.207517e-04 
3.182000e+02 -1.220220e-02 3.997229e-02 1.352357e+00 1.162204e+04 1.344858e+04 2.207167e+02 15000 12000 1.424854e-04     0 3.990055e-02 4.997914e+01 1.299892e+02 5.845830e-02 -3.192833e-04 
3.183000e+02 -1.227316e-02 3.990430e-02 1.352210e+00 1.162486e+04 1.346126e+04 2.204760e+02 15000 12000 1.271281e-04     0 3.988834e-02 4.994601e+01 1.299897e+02 5.846664e-02 -3.175919e-04 
3.184000e+02 -1.234309e-02 3.983777e-02 1.352059e+00 1.162767e+04 1.347395e+04 2.202342e+02 15000 12000 1.104180e-04     0 3.987610e-02 4.991355e+01 1.299903e+02 5.847500e-02 -3.155266e-04 
3.185000e+02 -1.241128e-02 3.977269e-02 1.351905e+00 1.163049e+04 1.348664e+04 2.199915e+02 15000 12000 9.341115e-05     0 3.986385e-02 4.988176e+01 1.299909e+02 5.848337e-02 -3.128500e-04 
3.186000e+02 -1.247771e-02 3.970906e-02 1.351746e+00 1.163332e+04 1.349933e+04 2.197479e+02 15000 12000 8.650977e-05     0 3.985157e-02 4.985064e+01 1.299914e+02 5.849175e-02 -3.095236e-04 
3.187000e+02 -1.254308e-02 3.964689e-02 1.351585e+00 1.163614e+04 1.351201e+04 2.195033e+02 15000 12000 7.354537e-05     0 3.983928e-02 4.982020e+01 1.299920e+02 5.850015e-02 -3.059593e-04 
3.188000e+02 -1.260700e-02 3.958619e-02 1.351420e+00 1.163897e+04 1.352470e+04 2.192578e+02 15000 12000 5.850679e-05     0 3.982698e-02 4.979044e+01 1.299925e+02 5.850856e-02 -3.023115e-04 
3.189000e+02 -1.266886e-02 3.952695e-02 1.351253e+00 1.164180e+04 1.353738e+04 2.190114e+02 15000 12000 4.296293e-05     0 3.981466e-02 4.976135e+01 1.299931e+02 5.851697e-02 -2.985183e-04 
  319 -1.272821e-02 3.946918e-02 1.351083e+00 1.164463e+04 1.355007e+04 2.187641e+02 15000 12000 2.757039e-05     0 3.980233e-02 4.973295e+01 1.299937e+02 5.852540e-02 -2.944591e-04 
3.191000e+02 -1.278507e-02 3.941288e-02 1.350910e+00 1.164746e+04 1.356275e+04 2.185160e+02 15000 12000 1.822949e-05     0 3.978999e-02 4.970522e+01 1.299942e+02 5.853384e-02 -2.901225e-04 
3.192000e+02 -1.283992e-02 3.935805e-02 1.350734e+00 1.165029e+04 1.357544e+04 2.182671e+02 15000 12000 5.803476e-06     0 3.977765e-02 4.967816e+01 1.299948e+02 5.854228e-02 -2.857508e-04 
3.193000e+02 -1.289256e-02 3.930469e-02 1.350557e+00 1.165313e+04 1.358812e+04 2.180173e+02 15000 12000 -7.461019e-06     0 3.976530e-02 4.965179e+01 1.299953e+02 5.855073e-02 -2.814400e-04 
3.194000e+02 -1.294268e-02 3.925280e-02 1.350377e+00 1.165597e+04 1.360080e+04 2.177668e+02 15000 12000 -2.068494e-05     0 3.975295e-02 4.962610e+01 1.299959e+02 5.855919e-02 -2.771624e-04 
3.195000e+02 -1.299010e-02 3.920239e-02 1.350195e+00 1.165881e+04 1.361349e+04 2.175155e+02 15000 12000 -3.350677e-05     0 3.974059e-02 4.960109e+01 1.299964e+02 5.856764e-02 -2.728557e-04 
3.196000e+02 -1.303491e-02 3.915345e-02 1.350012e+00 1.166165e+04 1.362617e+04 2.172634e+02 15000 12000 -4.221815e-05     0 3.972824e-02 4.957676e+01 1.299970e+02 5.857610e-02 -2.685228e-04 
3.197000e+02 -1.307750e-02 3.910599e-02 1.349826e+00 1.166450e+04 1.363885e+04 2.170106e+02 15000 12000 -5.263708e-05     0 3.971588e-02 4.955312e+01 1.299975e+02 5.858456e-02 -2.643204e-04 
3.198000e+02 -1.311781e-02 3.906000e-02 1.349640e+00 1.166735e+04 1.365153e+04 2.167571e+02 15000 12000 -6.335942e-05     0 3.970353e-02 4.953015e+01 1.299980e+02 5.859302e-02 -2.603053e-04 
3.199000e+02 -1.315570e-02 3.901550e-02 1.349452e+00 1.167020e+04 1.366421e+04 2.165028e+02 15000 12000 -7.384395e-05     0 3.969119e-02 4.950787e+01 1.299986e+02 5.860148e-02 -2.564496e-04 
  320 -1.319111e-02 3.897247e-02 1.349262e+00 1.167305e+04 1.367689e+04 2.162479e+02 15000 12000 -8.387621e-05     0 3.967885e-02 4.948627e+01 1.299991e+02 5.860994e-02 -2.526988e-04 
3.201000e+02 -1.322424e-02 3.893091e-02 1.349072e+00 1.167590e+04 1.368957e+04 2.159923e+02 15000 12000 -8.966836e-05     0 3.966652e-02 4.946535e+01 1.299996e+02 5.861839e-02 -2.490591e-04 
3.202000e+02 -1.325556e-02 3.889084e-02 1.348880e+00 1.167876e+04 1.370225e+04 2.157361e+02 15000 12000 -9.732254e-05     0 3.965419e-02 4.944512e+01 1.300002e+02 5.862684e-02 -2.456835e-04 
3.203000e+02 -1.328502e-02 3.885224e-02 1.348688e+00 1.168162e+04 1.371493e+04 2.154793e+02 15000 12000 -1.053967e-04     0 3.964188e-02 4.942557e+01 1.300007e+02 5.863528e-02 -2.426072e-04 
3.204000e+02 -1.331251e-02 3.881512e-02 1.348495e+00 1.168448e+04 1.372761e+04 2.152219e+02 15000 12000 -1.133376e-04     0 3.962957e-02 4.940670e+01 1.300012e+02 5.864372e-02 -2.397673e-04 
3.205000e+02 -1.333796e-02 3.877947e-02 1.348301e+00 1.168735e+04 1.374029e+04 2.149639e+02 15000 12000 -1.209276e-04     0 3.961728e-02 4.938851e+01 1.300018e+02 5.865215e-02 -2.370691e-04 
3.206000e+02 -1.336169e-02 3.874530e-02 1.348106e+00 1.169021e+04 1.375297e+04 2.147053e+02 15000 12000 -1.222587e-04     0 3.960500e-02 4.937101e+01 1.300023e+02 5.866057e-02 -2.345112e-04 
3.207000e+02 -1.338441e-02 3.871261e-02 1.347910e+00 1.169308e+04 1.376564e+04 2.144461e+02 15000 12000 -1.269409e-04     0 3.959274e-02 4.935420e+01 1.300028e+02 5.866899e-02 -2.323169e-04 
3.208000e+02 -1.340601e-02 3.868138e-02 1.347714e+00 1.169595e+04 1.377832e+04 2.141865e+02 15000 12000 -1.327067e-04     0 3.958048e-02 4.933806e+01 1.300033e+02 5.867739e-02 -2.305190e-04 
3.209000e+02 -1.342621e-02 3.865163e-02 1.347518e+00 1.169883e+04 1.379100e+04 2.139263e+02 15000 12000 -1.386770e-04     0 3.956825e-02 4.932261e+01 1.300038e+02 5.868579e-02 -2.289936e-04 
  321 -1.344487e-02 3.862335e-02 1.347321e+00 1.170170e+04 1.380367e+04 2.136657e+02 15000 12000 -1.444963e-04     0 3.955603e-02 4.930784e+01 1.300043e+02 5.869417e-02 -2.275678e-04 
3.211000e+02 -1.346241e-02 3.859654e-02 1.347123e+00 1.170458e+04 1.381635e+04 2.134046e+02 15000 12000 -1.404040e-04     0 3.954382e-02 4.929375e+01 1.300048e+02 5.870255e-02 -2.262264e-04 
3.212000e+02 -1.347997e-02 3.857120e-02 1.346925e+00 1.170746e+04 1.382902e+04 2.131430e+02 15000 12000 -1.422511e-04     0 3.953163e-02 4.928035e+01 1.300054e+02 5.871091e-02 -2.253292e-04 
3.213000e+02 -1.349726e-02 3.854732e-02 1.346727e+00 1.171035e+04 1.384170e+04 2.128810e+02 15000 12000 -1.462796e-04     0 3.951946e-02 4.926763e+01 1.300059e+02 5.871926e-02 -2.249256e-04 
3.214000e+02 -1.351375e-02 3.852492e-02 1.346528e+00 1.171323e+04 1.385437e+04 2.126186e+02 15000 12000 -1.510190e-04     0 3.950730e-02 4.925559e+01 1.300064e+02 5.872760e-02 -2.248106e-04 
3.215000e+02 -1.352910e-02 3.850397e-02 1.346329e+00 1.171612e+04 1.386704e+04 2.123558e+02 15000 12000 -1.558632e-04     0 3.949517e-02 4.924423e+01 1.300068e+02 5.873593e-02 -2.247024e-04 
3.216000e+02 -1.354390e-02 3.848448e-02 1.346130e+00 1.171901e+04 1.387971e+04 2.120927e+02 15000 12000 -1.457510e-04     0 3.948305e-02 4.923355e+01 1.300073e+02 5.874425e-02 -2.245668e-04 
3.217000e+02 -1.355982e-02 3.846645e-02 1.345930e+00 1.172191e+04 1.389239e+04 2.118292e+02 15000 12000 -1.450631e-04     0 3.947094e-02 4.922355e+01 1.300078e+02 5.875255e-02 -2.249549e-04 
3.218000e+02 -1.357638e-02 3.844988e-02 1.345730e+00 1.172480e+04 1.390506e+04 2.115653e+02 15000 12000 -1.479962e-04     0 3.945886e-02 4.921423e+01 1.300083e+02 5.876084e-02 -2.259478e-04 
3.219000e+02 -1.359265e-02 3.843477e-02 1.345530e+00 1.172770e+04 1.391773e+04 2.113011e+02 15000 12000 -1.522693e-04     0 3.944680e-02 4.920559e+01 1.300088e+02 5.876912e-02 -2.272413e-04 
  322 -1.360807e-02 3.842111e-02 1.345329e+00 1.173061e+04 1.393040e+04 2.110367e+02 15000 12000 -1.569321e-04     0 3.943475e-02 4.919762e+01 1.300093e+02 5.877739e-02 -2.284170e-04 
3.221000e+02 -1.362340e-02 3.840890e-02 1.345127e+00 1.173351e+04 1.394307e+04 2.107719e+02 15000 12000 -1.403648e-04     0 3.942272e-02 4.919034e+01 1.300098e+02 5.878564e-02 -2.294168e-04 
3.222000e+02 -1.364101e-02 3.839814e-02 1.344925e+00 1.173642e+04 1.395574e+04 2.105069e+02 15000 12000 -1.374752e-04     0 3.941071e-02 4.918373e+01 1.300102e+02 5.879388e-02 -2.310300e-04 
3.223000e+02 -1.366014e-02 3.838883e-02 1.344723e+00 1.173933e+04 1.396841e+04 2.102417e+02 15000 12000 -1.399348e-04     0 3.939872e-02 4.917780e+01 1.300107e+02 5.880210e-02 -2.333807e-04 
3.224000e+02 -1.367943e-02 3.838096e-02 1.344521e+00 1.174224e+04 1.398107e+04 2.099763e+02 15000 12000 -1.444616e-04     0 3.938675e-02 4.917254e+01 1.300112e+02 5.881031e-02 -2.360481e-04 
3.225000e+02 -1.369799e-02 3.837454e-02 1.344318e+00 1.174515e+04 1.399374e+04 2.097106e+02 15000 12000 -1.496810e-04     0 3.937480e-02 4.916796e+01 1.300117e+02 5.881850e-02 -2.384517e-04 
3.226000e+02 -1.371684e-02 3.836955e-02 1.344113e+00 1.174807e+04 1.400641e+04 2.094448e+02 15000 12000 -1.262281e-04     0 3.936287e-02 4.916405e+01 1.300121e+02 5.882669e-02 -2.405044e-04 
3.227000e+02 -1.373917e-02 3.836600e-02 1.343909e+00 1.175099e+04 1.401908e+04 2.091788e+02 15000 12000 -1.214311e-04     0 3.935096e-02 4.916081e+01 1.300126e+02 5.883485e-02 -2.432773e-04 
3.228000e+02 -1.376390e-02 3.836389e-02 1.343704e+00 1.175391e+04 1.403174e+04 2.089126e+02 15000 12000 -1.239842e-04     0 3.933907e-02 4.915824e+01 1.300130e+02 5.884301e-02 -2.469478e-04 
3.229000e+02 -1.378915e-02 3.836321e-02 1.343498e+00 1.175683e+04 1.404441e+04 2.086464e+02 15000 12000 -1.294255e-04     0 3.932720e-02 4.915634e+01 1.300135e+02 5.885115e-02 -2.509598e-04 
  323 -1.381367e-02 3.836396e-02 1.343292e+00 1.175976e+04 1.405707e+04 2.083800e+02 15000 12000 -1.358795e-04     0 3.931535e-02 4.915512e+01 1.300139e+02 5.885927e-02 -2.545444e-04 
3.231000e+02 -1.383876e-02 3.836613e-02 1.343083e+00 1.176269e+04 1.406974e+04 2.081135e+02 15000 12000 -1.049911e-04     0 3.930352e-02 4.915456e+01 1.300144e+02 5.886738e-02 -2.575810e-04 
3.232000e+02 -1.386861e-02 3.836973e-02 1.342875e+00 1.176562e+04 1.408240e+04 2.078470e+02 15000 12000 -9.850486e-05     0 3.929171e-02 4.915466e+01 1.300148e+02 5.887547e-02 -2.614683e-04 
3.233000e+02 -1.390179e-02 3.837475e-02 1.342666e+00 1.176856e+04 1.409506e+04 2.075804e+02 15000 12000 -1.016641e-04     0 3.927992e-02 4.915544e+01 1.300153e+02 5.888355e-02 -2.664459e-04 
3.234000e+02 -1.393578e-02 3.838120e-02 1.342456e+00 1.177150e+04 1.410772e+04 2.073138e+02 15000 12000 -1.086374e-04     0 3.926816e-02 4.915687e+01 1.300157e+02 5.889161e-02 -2.718017e-04 
3.235000e+02 -1.396892e-02 3.838905e-02 1.342244e+00 1.177444e+04 1.412039e+04 2.070472e+02 15000 12000 -1.169672e-04     0 3.925641e-02 4.915897e+01 1.300162e+02 5.889966e-02 -2.765484e-04 
3.236000e+02 -1.400284e-02 3.839831e-02 1.342031e+00 1.177738e+04 1.413305e+04 2.067806e+02 15000 12000 -7.785506e-05     0 3.924469e-02 4.916173e+01 1.300166e+02 5.890769e-02 -2.805272e-04 
3.237000e+02 -1.404295e-02 3.840898e-02 1.341816e+00 1.178033e+04 1.414571e+04 2.065140e+02 15000 12000 -6.979860e-05     0 3.923299e-02 4.916515e+01 1.300170e+02 5.891571e-02 -2.855178e-04 
3.238000e+02 -1.408741e-02 3.842107e-02 1.341601e+00 1.178328e+04 1.415837e+04 2.062474e+02 15000 12000 -7.403802e-05     0 3.922131e-02 4.916923e+01 1.300175e+02 5.892370e-02 -2.918322e-04 
3.239000e+02 -1.413293e-02 3.843456e-02 1.341385e+00 1.178623e+04 1.417103e+04 2.059809e+02 15000 12000 -8.315043e-05     0 3.920966e-02 4.917397e+01 1.300179e+02 5.893168e-02 -2.985760e-04 
  324 -1.417735e-02 3.844944e-02 1.341167e+00 1.178918e+04 1.418369e+04 2.057145e+02 15000 12000 -9.399830e-05     0 3.919803e-02 4.917936e+01 1.300183e+02 5.893965e-02 -3.045071e-04 
3.241000e+02 -1.422274e-02 3.846571e-02 1.340946e+00 1.179214e+04 1.419635e+04 2.054482e+02 15000 12000 -4.549203e-05     0 3.918641e-02 4.918541e+01 1.300187e+02 5.894760e-02 -3.094231e-04 
3.242000e+02 -1.427599e-02 3.848337e-02 1.340724e+00 1.179510e+04 1.420900e+04 2.051820e+02 15000 12000 -3.586065e-05     0 3.917483e-02 4.919210e+01 1.300191e+02 5.895552e-02 -3.155536e-04 
3.243000e+02 -1.433475e-02 3.850243e-02 1.340501e+00 1.179806e+04 1.422166e+04 2.049159e+02 15000 12000 -4.163894e-05     0 3.916327e-02 4.919945e+01 1.300196e+02 5.896344e-02 -3.232949e-04 
3.244000e+02 -1.439482e-02 3.852288e-02 1.340277e+00 1.180103e+04 1.423432e+04 2.046500e+02 15000 12000 -5.352809e-05     0 3.915174e-02 4.920745e+01 1.300200e+02 5.897133e-02 -3.315360e-04 
3.245000e+02 -1.445341e-02 3.854470e-02 1.340049e+00 1.180400e+04 1.424697e+04 2.043843e+02 15000 12000 -6.758431e-05     0 3.914023e-02 4.921610e+01 1.300204e+02 5.897920e-02 -3.387318e-04 
3.246000e+02 -1.451314e-02 3.856788e-02 1.339819e+00 1.180697e+04 1.425963e+04 2.041187e+02 15000 12000 -7.932798e-06     0 3.912874e-02 4.922539e+01 1.300208e+02 5.898706e-02 -3.446308e-04 
3.247000e+02 -1.458278e-02 3.859245e-02 1.339586e+00 1.180994e+04 1.427228e+04 2.038534e+02 15000 12000 3.440783e-06     0 3.911728e-02 4.923532e+01 1.300212e+02 5.899490e-02 -3.520050e-04 
3.248000e+02 -1.465934e-02 3.861839e-02 1.339353e+00 1.181292e+04 1.428494e+04 2.035883e+02 15000 12000 -4.345185e-06     0 3.910585e-02 4.924589e+01 1.300216e+02 5.900271e-02 -3.613517e-04 
3.249000e+02 -1.473748e-02 3.864570e-02 1.339118e+00 1.181590e+04 1.429759e+04 2.033234e+02 15000 12000 -1.973043e-05     0 3.909444e-02 4.925711e+01 1.300220e+02 5.901051e-02 -3.712954e-04 
  325 -1.481360e-02 3.867436e-02 1.338879e+00 1.181889e+04 1.431024e+04 2.030588e+02 15000 12000 -3.779245e-05     0 3.908305e-02 4.926896e+01 1.300224e+02 5.901829e-02 -3.799220e-04 
3.251000e+02 -1.489104e-02 3.870436e-02 1.338636e+00 1.182187e+04 1.432289e+04 2.027944e+02 15000 12000 3.563629e-05     0 3.907169e-02 4.928145e+01 1.300228e+02 5.902605e-02 -3.869235e-04 
3.252000e+02 -1.498102e-02 3.873572e-02 1.338391e+00 1.182486e+04 1.433554e+04 2.025304e+02 15000 12000 4.914712e-05     0 3.906036e-02 4.929457e+01 1.300231e+02 5.903379e-02 -3.957461e-04 
3.253000e+02 -1.507972e-02 3.876844e-02 1.338144e+00 1.182786e+04 1.434819e+04 2.022667e+02 15000 12000 3.884466e-05     0 3.904907e-02 4.930832e+01 1.300235e+02 5.904150e-02 -4.070100e-04 
3.254000e+02 -1.518030e-02 3.880250e-02 1.337895e+00 1.183085e+04 1.436084e+04 2.020033e+02 15000 12000 1.909423e-05     0 3.903779e-02 4.932271e+01 1.300239e+02 5.904919e-02 -4.190080e-04 
3.255000e+02 -1.527815e-02 3.883789e-02 1.337642e+00 1.183385e+04 1.437349e+04 2.017402e+02 15000 12000 -3.958863e-06     0 3.902654e-02 4.933772e+01 1.300243e+02 5.905687e-02 -4.293623e-04 
3.256000e+02 -1.537756e-02 3.887459e-02 1.337383e+00 1.183685e+04 1.438614e+04 2.014776e+02 15000 12000 8.723348e-05     0 3.901531e-02 4.935335e+01 1.300247e+02 5.906453e-02 -4.376995e-04 
3.257000e+02 -1.549301e-02 3.891263e-02 1.337122e+00 1.183986e+04 1.439879e+04 2.012153e+02 15000 12000 1.036133e-04     0 3.900412e-02 4.936961e+01 1.300250e+02 5.907216e-02 -4.483308e-04 
3.258000e+02 -1.561958e-02 3.895201e-02 1.336859e+00 1.184287e+04 1.441144e+04 2.009534e+02 15000 12000 9.020548e-05     0 3.899296e-02 4.938649e+01 1.300254e+02 5.907976e-02 -4.620318e-04 
3.259000e+02 -1.574842e-02 3.899271e-02 1.336593e+00 1.184588e+04 1.442408e+04 2.006919e+02 15000 12000 6.497030e-05     0 3.898182e-02 4.940398e+01 1.300258e+02 5.908735e-02 -4.766642e-04 
  326 -1.587356e-02 3.903470e-02 1.336322e+00 1.184890e+04 1.443673e+04 2.004309e+02 15000 12000 3.563110e-05     0 3.897070e-02 4.942210e+01 1.300261e+02 5.909491e-02 -4.892478e-04 
3.261000e+02 -1.600064e-02 3.907797e-02 1.336044e+00 1.185192e+04 1.444937e+04 2.001703e+02 15000 12000 1.507118e-04     0 3.895960e-02 4.944082e+01 1.300265e+02 5.910246e-02 -4.993324e-04 
3.262000e+02 -1.614861e-02 3.912256e-02 1.335763e+00 1.185494e+04 1.446201e+04 1.999102e+02 15000 12000 1.712145e-04     0 3.894854e-02 4.946016e+01 1.300269e+02 5.910998e-02 -5.123803e-04 
3.263000e+02 -1.631104e-02 3.916848e-02 1.335481e+00 1.185797e+04 1.447466e+04 1.996506e+02 15000 12000 1.539721e-04     0 3.893752e-02 4.948011e+01 1.300272e+02 5.911747e-02 -5.293704e-04 
3.264000e+02 -1.647632e-02 3.921569e-02 1.335194e+00 1.186100e+04 1.448730e+04 1.993914e+02 15000 12000 1.217206e-04     0 3.892651e-02 4.950066e+01 1.300276e+02 5.912494e-02 -5.475830e-04 
3.265000e+02 -1.663658e-02 3.926416e-02 1.334901e+00 1.186403e+04 1.449994e+04 1.991328e+02 15000 12000 8.429300e-05     0 3.891552e-02 4.952181e+01 1.300279e+02 5.913240e-02 -5.632262e-04 
3.266000e+02 -1.679943e-02 3.931386e-02 1.334600e+00 1.186707e+04 1.451258e+04 1.988748e+02 15000 12000 2.328988e-04     0 3.890454e-02 4.954357e+01 1.300283e+02 5.913984e-02 -5.757591e-04 
3.267000e+02 -1.699018e-02 3.936487e-02 1.334295e+00 1.187011e+04 1.452522e+04 1.986173e+02 15000 12000 2.596334e-04     0 3.889360e-02 4.956593e+01 1.300286e+02 5.914724e-02 -5.922379e-04 
3.268000e+02 -1.720023e-02 3.941718e-02 1.333988e+00 1.187316e+04 1.453786e+04 1.983604e+02 15000 12000 2.375914e-04     0 3.888271e-02 4.958888e+01 1.300290e+02 5.915462e-02 -6.139178e-04 
3.269000e+02 -1.741404e-02 3.947077e-02 1.333677e+00 1.187621e+04 1.455050e+04 1.981040e+02 15000 12000 1.961065e-04     0 3.887182e-02 4.961242e+01 1.300293e+02 5.916197e-02 -6.372635e-04 
  327 -1.762103e-02 3.952557e-02 1.333357e+00 1.187926e+04 1.456313e+04 1.978483e+02 15000 12000 1.479441e-04     0 3.886093e-02 4.963655e+01 1.300296e+02 5.916932e-02 -6.573448e-04 
3.271000e+02 -1.783176e-02 3.958156e-02 1.333027e+00 1.188232e+04 1.457577e+04 1.975932e+02 15000 12000 3.457988e-04     0 3.885005e-02 4.966128e+01 1.300300e+02 5.917665e-02 -6.735149e-04 
3.272000e+02 -1.808099e-02 3.963884e-02 1.332694e+00 1.188538e+04 1.458840e+04 1.973387e+02 15000 12000 3.823742e-04     0 3.883921e-02 4.968658e+01 1.300303e+02 5.918394e-02 -6.951396e-04 
3.273000e+02 -1.835690e-02 3.969742e-02 1.332358e+00 1.188845e+04 1.460104e+04 1.970849e+02 15000 12000 3.541778e-04     0 3.882841e-02 4.971247e+01 1.300306e+02 5.919120e-02 -7.238664e-04 
3.274000e+02 -1.863805e-02 3.975724e-02 1.332016e+00 1.189152e+04 1.461367e+04 1.968317e+02 15000 12000 3.000719e-04     0 3.881761e-02 4.973894e+01 1.300310e+02 5.919844e-02 -7.549631e-04 
3.275000e+02 -1.890988e-02 3.981822e-02 1.331664e+00 1.189460e+04 1.462630e+04 1.965793e+02 15000 12000 2.370793e-04     0 3.880679e-02 4.976599e+01 1.300313e+02 5.920568e-02 -7.818289e-04 
3.276000e+02 -1.918761e-02 3.988035e-02 1.331299e+00 1.189768e+04 1.463893e+04 1.963275e+02 15000 12000 5.112295e-04     0 3.879596e-02 4.979360e+01 1.300316e+02 5.921291e-02 -8.037033e-04 
3.277000e+02 -1.952073e-02 3.994374e-02 1.330929e+00 1.190076e+04 1.465156e+04 1.960765e+02 15000 12000 5.641135e-04     0 3.878516e-02 4.982179e+01 1.300319e+02 5.922009e-02 -8.334839e-04 
3.278000e+02 -1.989236e-02 4.000844e-02 1.330558e+00 1.190385e+04 1.466419e+04 1.958261e+02 15000 12000 5.277724e-04     0 3.877441e-02 4.985055e+01 1.300323e+02 5.922724e-02 -8.734059e-04 
3.279000e+02 -2.027187e-02 4.007437e-02 1.330180e+00 1.190694e+04 1.467682e+04 1.955766e+02 15000 12000 4.555707e-04     0 3.876364e-02 4.987987e+01 1.300326e+02 5.923438e-02 -9.168837e-04 
  328 -2.063840e-02 4.014140e-02 1.329788e+00 1.191004e+04 1.468944e+04 1.953278e+02 15000 12000 3.710433e-04     0 3.875281e-02 4.990975e+01 1.300329e+02 5.924153e-02 -9.547273e-04 
3.281000e+02 -2.101518e-02 4.020948e-02 1.329379e+00 1.191315e+04 1.470207e+04 1.950797e+02 15000 12000 7.716135e-04     0 3.874192e-02 4.994019e+01 1.300332e+02 5.924867e-02 -9.860922e-04 
3.282000e+02 -2.147607e-02 4.027885e-02 1.328966e+00 1.191626e+04 1.471469e+04 1.948325e+02 15000 12000 8.533078e-04     0 3.873108e-02 4.997119e+01 1.300335e+02 5.925575e-02 -1.029662e-03 
3.283000e+02 -2.199575e-02 4.034958e-02 1.328552e+00 1.191937e+04 1.472731e+04 1.945861e+02 15000 12000 8.058076e-04     0 3.872029e-02 5.000274e+01 1.300339e+02 5.926279e-02 -1.088613e-03 
3.284000e+02 -2.252826e-02 4.042153e-02 1.328130e+00 1.192250e+04 1.473993e+04 1.943405e+02 15000 12000 7.060653e-04     0 3.870943e-02 5.003484e+01 1.300342e+02 5.926982e-02 -1.153287e-03 
3.285000e+02 -2.304230e-02 4.049449e-02 1.327688e+00 1.192562e+04 1.475255e+04 1.940957e+02 15000 12000 5.882571e-04     0 3.869844e-02 5.006748e+01 1.300345e+02 5.927689e-02 -1.210192e-03 
3.286000e+02 -2.357593e-02 4.056838e-02 1.327224e+00 1.192876e+04 1.476517e+04 1.938518e+02 15000 12000 1.218499e-03     0 3.868733e-02 5.010067e+01 1.300348e+02 5.928398e-02 -1.258581e-03 
3.287000e+02 -2.424725e-02 4.064365e-02 1.326757e+00 1.193189e+04 1.477779e+04 1.936087e+02 15000 12000 1.355984e-03     0 3.867627e-02 5.013440e+01 1.300351e+02 5.929094e-02 -1.327550e-03 
3.288000e+02 -2.501547e-02 4.072042e-02 1.326291e+00 1.193504e+04 1.479040e+04 1.933665e+02 15000 12000 1.292735e-03     0 3.866527e-02 5.016867e+01 1.300354e+02 5.929783e-02 -1.421938e-03 
3.289000e+02 -2.580672e-02 4.079846e-02 1.325816e+00 1.193819e+04 1.480302e+04 1.931252e+02 15000 12000 1.147693e-03     0 3.865413e-02 5.020347e+01 1.300357e+02 5.930473e-02 -1.526485e-03 
  329 -2.657062e-02 4.087735e-02 1.325313e+00 1.194135e+04 1.481563e+04 1.928848e+02 15000 12000 9.740606e-04     0 3.864273e-02 5.023880e+01 1.300361e+02 5.931173e-02 -1.619843e-03 
3.291000e+02 -2.737722e-02 4.095701e-02 1.324778e+00 1.194452e+04 1.482824e+04 1.926453e+02 15000 12000 2.082618e-03     0 3.863105e-02 5.027466e+01 1.300364e+02 5.931875e-02 -1.702199e-03 
3.292000e+02 -2.843582e-02 4.103834e-02 1.324246e+00 1.194769e+04 1.484085e+04 1.924067e+02 15000 12000 2.344354e-03     0 3.861947e-02 5.031105e+01 1.300367e+02 5.932546e-02 -1.824197e-03 
3.293000e+02 -2.967346e-02 4.112166e-02 1.323723e+00 1.195087e+04 1.485345e+04 1.921691e+02 15000 12000 2.258932e-03     0 3.860801e-02 5.034795e+01 1.300371e+02 5.933198e-02 -1.994059e-03 
3.294000e+02 -3.095815e-02 4.120648e-02 1.323190e+00 1.195406e+04 1.486606e+04 1.919324e+02 15000 12000 2.030696e-03     0 3.859630e-02 5.038538e+01 1.300374e+02 5.933850e-02 -2.184816e-03 
3.295000e+02 -3.219994e-02 4.129191e-02 1.322615e+00 1.195725e+04 1.487866e+04 1.916966e+02 15000 12000 1.751711e-03     0 3.858401e-02 5.042332e+01 1.300377e+02 5.934525e-02 -2.358609e-03 
3.296000e+02 -3.355587e-02 4.137783e-02 1.321994e+00 1.196046e+04 1.489126e+04 1.914618e+02 15000 12000 4.110624e-03     0 3.857112e-02 5.046178e+01 1.300381e+02 5.935190e-02 -2.520902e-03 
3.297000e+02 -3.546956e-02 4.146673e-02 1.321397e+00 1.196367e+04 1.490386e+04 1.912279e+02 15000 12000 4.721870e-03     0 3.855859e-02 5.050075e+01 1.300385e+02 5.935744e-02 -2.778707e-03 
3.298000e+02 -3.778454e-02 4.155965e-02 1.320843e+00 1.196690e+04 1.491646e+04 1.909950e+02 15000 12000 4.611260e-03     0 3.854665e-02 5.054023e+01 1.300388e+02 5.936214e-02 -3.149064e-03 
3.299000e+02 -4.021792e-02 4.165538e-02 1.320286e+00 1.197013e+04 1.492905e+04 1.907631e+02 15000 12000 4.200069e-03     0 3.853437e-02 5.058021e+01 1.300392e+02 5.936660e-02 -3.574255e-03 
  330 -4.257699e-02 4.175138e-02 1.319658e+00 1.197338e+04 1.494164e+04 1.905320e+02 15000 12000 3.679500e-03     0 3.852086e-02 5.062070e+01 1.300397e+02 5.937149e-02 -3.972637e-03 
3.301000e+02 -4.540691e-02 4.184820e-02 1.318971e+00 1.197663e+04 1.495423e+04 1.903019e+02 15000 12000 1.128672e-02     0 3.850591e-02 5.066170e+01 1.300401e+02 5.937473e-02 -4.391191e-03 
3.302000e+02 -5.010445e-02 4.195797e-02 1.318460e+00 1.197990e+04 1.496681e+04 1.900728e+02 15000 12000 1.349052e-02     0 3.849413e-02 5.070320e+01 1.300406e+02 5.937023e-02 -5.177504e-03 
3.303000e+02 -5.617005e-02 4.208763e-02 1.318181e+00 1.198318e+04 1.497939e+04 1.898444e+02 15000 12000 1.344169e-02     0 3.848779e-02 5.074521e+01 1.300411e+02 5.935805e-02 -6.387556e-03 
3.304000e+02 -6.269479e-02 4.223357e-02 1.317991e+00 1.198648e+04 1.499197e+04 1.896168e+02 15000 12000 1.243981e-02     0 3.848464e-02 5.078773e+01 1.300417e+02 5.934079e-02 -7.834288e-03 
3.305000e+02 -6.905987e-02 4.238374e-02 1.317658e+00 1.198979e+04 1.500454e+04 1.893899e+02 15000 12000 1.107939e-02     0 3.848145e-02 5.083077e+01 1.300424e+02 5.932289e-02 -9.248195e-03 
3.306000e+02 -8.020620e-02 4.257092e-02 1.317586e+00 1.199312e+04 1.501711e+04 1.891635e+02 15000 12000 7.539105e-02     0 3.847419e-02 5.087434e+01 1.300432e+02 5.925499e-02 -1.135323e-02 
3.307000e+02 -1.076464e-01 4.303441e-02 1.319872e+00 1.199648e+04 1.502967e+04 1.889373e+02 15000 12000 9.588308e-02     0 3.854312e-02 5.091846e+01 1.300442e+02 5.895642e-02 -1.716430e-02 
3.308000e+02 -1.471645e-01 4.406036e-02 1.325014e+00 1.199985e+04 1.504223e+04 1.887101e+02 15000 12000 9.798243e-02     0 3.879651e-02 5.096323e+01 1.300457e+02 5.828244e-02 -2.718736e-02 
3.309000e+02 -1.911312e-01 4.578738e-02 1.331748e+00 1.200327e+04 1.505478e+04 1.884797e+02 15000 12000 9.220569e-02     0 3.937348e-02 5.100884e+01 1.300475e+02 5.721258e-02 -3.982604e-02 
  331 -2.343780e-01 4.804494e-02 1.338019e+00 1.200673e+04 1.506731e+04 1.882428e+02 1.500000e+04 7.826876e+03 8.337547e-02     0 4.043500e-02 5.105559e+01 1.300496e+02 5.591759e-02 -5.273314e-02 
3.311000e+02 -2.617992e-01 8.244704e-02 1.331907e+00 1.201023e+04 1.507983e+04 1.879812e+02 1.500000e+04 7.826876e+03 -9.116573e-02     0 -2.617994e-01 4.946695e+01 1.300492e+02 9.019985e-02 -6.167446e-02 
3.312000e+02 -2.487266e-01 1.564281e-01 1.304343e+00 1.201380e+04 1.509233e+04 1.877545e+02 1.500000e+04 7.826876e+03 -1.000000e-01     0 -2.617994e-01 4.799251e+01 1.299153e+02 1.597909e-01 -5.642816e-02 
3.313000e+02 -2.184652e-01 2.358208e-01 1.264794e+00 1.201747e+04 1.510478e+04 1.877160e+02 1.500000e+04 7.826876e+03 -1.000000e-01     0 -2.617994e-01 4.660778e+01 1.295883e+02 2.255909e-01 -3.447958e-02 
3.314000e+02 -1.875374e-01 3.028204e-01 1.221109e+00 1.202125e+04 1.511714e+04 1.880036e+02 1.500000e+04 7.826876e+03 -1.000000e-01     0 -2.617994e-01 4.528532e+01 1.290673e+02 2.695145e-01 -1.437844e-03 
3.315000e+02 -1.613228e-01 3.527214e-01 1.178876e+00 1.202513e+04 1.512940e+04 1.887026e+02 1.500000e+04 7.824460e+03 -1.000000e-01     0 -2.617994e-01 4.401357e+01 1.283764e+02 2.897662e-01 3.465822e-02 
3.316000e+02 -1.392847e-01 3.886386e-01 1.142560e+00 1.202910e+04 1.514151e+04 1.898433e+02 1.500000e+04 7.824460e+03 -1.000000e-01     0 -2.617994e-01 4.277533e+01 1.275444e+02 2.927567e-01 6.706879e-02 
3.317000e+02 -1.179969e-01 4.167707e-01 1.115418e+00 1.203313e+04 1.515346e+04 1.914168e+02 1.500000e+04 7.824460e+03 -1.000000e-01     0 -2.617994e-01 4.156225e+01 1.265958e+02 2.867685e-01 9.179911e-02 
3.318000e+02 -9.339507e-02 4.426242e-01 1.099280e+00 1.203721e+04 1.516522e+04 1.933951e+02 1.500000e+04 7.824460e+03 -1.000000e-01     0 -2.617994e-01 4.036986e+01 1.255489e+02 2.781817e-01 1.074691e-01 
3.319000e+02 -6.229863e-02 4.696073e-01 1.094582e+00 1.204130e+04 1.517680e+04 1.957452e+02 1.500000e+04 7.824460e+03 -1.000000e-01     0 -2.617994e-01 3.919512e+01 1.244160e+02 2.707188e-01 1.146249e-01 
  332 -2.412823e-02 4.989561e-01 1.100734e+00 1.204538e+04 1.518817e+04 1.984367e+02 1.500000e+04 7.821971e+03 -1.000000e-01     0 -2.617994e-01 3.803541e+01 1.232048e+02 2.659245e-01 1.150039e-01 
3.321000e+02 3.115123e-02 5.303096e-01 1.116513e+00 1.204942e+04 1.519934e+04 2.014441e+02 1.500000e+04 7.821971e+03 -1.000000e-01     0 -2.617994e-01 3.688810e+01 1.219190e+02 2.639370e-01 1.108935e-01 
3.322000e+02 8.811637e-02 5.624525e-01 1.140365e+00 1.205339e+04 1.521032e+04 2.047454e+02 1.500000e+04 7.821971e+03 -1.000000e-01     0 -2.617994e-01 3.575056e+01 1.205602e+02 2.641481e-01 1.046136e-01 
3.323000e+02 1.540823e-01 5.939588e-01 1.170624e+00 1.205723e+04 1.522109e+04 2.083205e+02 1.500000e+04 7.821971e+03 -1.000000e-01     0 -2.617994e-01 3.462032e+01 1.191292e+02 2.656756e-01 9.814679e-02 
3.324000e+02 2.263861e-01 6.236162e-01 1.205701e+00 1.206093e+04 1.523166e+04 2.121487e+02 1.500000e+04 7.821971e+03 -9.626014e-02     0 -2.617994e-01 3.349312e+01 1.176276e+02 2.676686e-01 9.292870e-02 
3.325000e+02 3.016269e-01 6.505959e-01 1.244306e+00 1.206444e+04 1.524204e+04 2.162068e+02 1.500000e+04 7.819501e+03 -7.877817e-02     0 -2.617994e-01 3.236776e+01 1.160582e+02 2.696036e-01 8.930822e-02 
3.326000e+02 3.749598e-01 6.743534e-01 1.285750e+00 1.206773e+04 1.525223e+04 2.204692e+02 1.500000e+04 7.819501e+03 -6.078232e-02     0 -2.617994e-01 3.124892e+01 1.144256e+02 2.713170e-01 8.626419e-02 
3.327000e+02 4.438257e-01 6.945119e-01 1.329761e+00 1.207077e+04 1.526223e+04 2.249083e+02 1.500000e+04 7.819501e+03 -4.314184e-02     0 -2.617994e-01 3.013279e+01 1.127360e+02 2.726989e-01 8.273747e-02 
3.328000e+02 5.073158e-01 7.108685e-01 1.376130e+00 1.207354e+04 1.527205e+04 2.294958e+02 1.500000e+04 7.819501e+03 -2.640132e-02     0 -2.617994e-01 2.901861e+01 1.109960e+02 2.737330e-01 7.799763e-02 
3.329000e+02 5.653434e-01 7.234019e-01 1.424515e+00 1.207602e+04 1.528169e+04 2.342033e+02 1.500000e+04 7.819501e+03 -1.081268e-02     0 -2.617994e-01 2.790653e+01 1.092125e+02 2.744697e-01 7.171585e-02 
  333 6.181229e-01 7.322723e-01 1.474390e+00 1.207821e+04 1.529115e+04 2.390031e+02 1.500000e+04 7.817169e+03 3.552205e-03     0 -2.617994e-01 2.679688e+01 1.073924e+02 2.749854e-01 6.392476e-02 
3.331000e+02 6.658934e-01 7.378035e-01 1.525081e+00 1.208010e+04 1.530043e+04 2.438686e+02 1.500000e+04 7.817169e+03 1.670348e-02     0 -2.617994e-01 2.569011e+01 1.055417e+02 2.753563e-01 5.492047e-02 
3.332000e+02 7.088181e-01 7.404459e-01 1.575855e+00 1.208168e+04 1.530953e+04 2.487749e+02 1.500000e+04 7.817169e+03 2.867241e-02     0 -2.617994e-01 2.458669e+01 1.036662e+02 2.756476e-01 4.515098e-02 
3.333000e+02 7.469874e-01 7.407268e-01 1.626014e+00 1.208297e+04 1.531846e+04 2.536984e+02 1.500000e+04 7.817169e+03 3.948468e-02     0 -2.617994e-01 2.348717e+01 1.017709e+02 2.759117e-01 3.511747e-02 
3.334000e+02 7.804661e-01 7.391957e-01 1.674966e+00 1.208395e+04 1.532720e+04 2.586174e+02 1.500000e+04 7.817169e+03 4.915651e-02     0 -2.617994e-01 2.239204e+01 9.986071e+01 2.761903e-01 2.530039e-02 
3.335000e+02 8.093419e-01 7.363759e-01 1.722263e+00 1.208465e+04 1.533577e+04 2.635119e+02 1.500000e+04 7.815035e+03 5.770146e-02     0 -2.617994e-01 2.130183e+01 9.794002e+01 2.765178e-01 1.611217e-02 
3.336000e+02 8.337589e-01 7.327263e-01 1.767605e+00 1.208506e+04 1.534415e+04 2.683636e+02 1.500000e+04 7.815035e+03 6.513957e-02     0 -2.617994e-01 2.021700e+01 9.601310e+01 2.769254e-01 7.873108e-03 
3.337000e+02 8.539295e-01 7.286169e-01 1.810832e+00 1.208520e+04 1.535236e+04 2.731561e+02 1.500000e+04 7.815035e+03 7.150408e-02     0 -2.617994e-01    20 9.408634e+01 2.774361e-01 8.048730e-04 
3.338000e+02 8.701327e-01 7.243196e-01 1.851888e+00 1.208508e+04 1.536039e+04 2.778748e+02 1.500000e+04 7.815035e+03 7.684371e-02     0 -2.617994e-01    20 9.216834e+01 2.780656e-01 -4.964145e-03 
3.339000e+02 8.826998e-01 7.200097e-01 1.890801e+00 1.208471e+04 1.536823e+04 2.825070e+02 1.500000e+04 7.815035e+03 8.122308e-02     0 -2.617994e-01    20 9.026297e+01 2.788439e-01 -9.385793e-03 
  334 8.919967e-01 7.157738e-01 1.927652e+00 1.208410e+04 1.537590e+04 2.870413e+02 1.500000e+04 7.813093e+03 8.471958e-02     0 -2.617994e-01    20 8.837380e+01 2.798003e-01 -1.247619e-02 
3.341000e+02 8.984039e-01 7.116216e-01 1.962547e+00 1.208326e+04 1.538340e+04 2.914678e+02 1.500000e+04 7.813093e+03 8.741890e-02     0 -2.617994e-01    20 8.650428e+01 2.809576e-01 -1.429879e-02 
3.342000e+02 9.023015e-01 7.075021e-01 1.995604e+00 1.208221e+04 1.539072e+04 2.957775e+02 1.500000e+04 7.813093e+03 8.941093e-02     0 -2.617994e-01    20 8.465777e+01 2.823312e-01 -1.494858e-02 
3.343000e+02 9.040569e-01 7.033202e-01 2.026944e+00 1.208096e+04 1.539786e+04 2.999626e+02 1.500000e+04 7.813093e+03 9.078605e-02     0 -2.617994e-01    20 8.283754e+01 2.839288e-01 -1.453824e-02 
3.344000e+02 9.040159e-01 6.989514e-01 2.056683e+00 1.207951e+04 1.540483e+04 3.040162e+02 1.500000e+04 7.813093e+03 9.163216e-02     0 -2.617994e-01    20 8.104681e+01 2.857501e-01 -1.318701e-02 
3.345000e+02 9.024975e-01 6.942545e-01 2.084929e+00 1.207789e+04 1.541164e+04 3.079322e+02 1.500000e+04 7.811309e+03 9.203246e-02     0 -2.617994e-01    20 7.928880e+01 2.877883e-01 -1.101213e-02 
3.346000e+02 8.997903e-01 6.890823e-01 2.111783e+00 1.207611e+04 1.541828e+04 3.117051e+02 1.500000e+04 7.811309e+03 9.206400e-02     0 -2.617994e-01    20 7.756674e+01 2.900315e-01 -8.122946e-03 
3.347000e+02 8.961521e-01 6.832890e-01 2.137340e+00 1.207416e+04 1.542475e+04 3.153298e+02 1.500000e+04 7.811309e+03 9.179687e-02     0 -2.617994e-01    20 7.588394e+01 2.924639e-01 -4.617251e-03 
3.348000e+02 8.918097e-01 6.767364e-01 2.161690e+00 1.207207e+04 1.543107e+04 3.188018e+02 1.500000e+04 7.811309e+03 9.129381e-02     0 -2.617994e-01    20 7.424380e+01 2.950674e-01 -5.795222e-04 
3.349000e+02 8.869602e-01 6.692970e-01 2.184915e+00 1.206985e+04 1.543723e+04 3.221171e+02 1.500000e+04 7.811309e+03 9.061027e-02     0 -2.617994e-01    20 7.264984e+01 2.978229e-01 3.919314e-03 
  335 8.817736e-01 6.608564e-01 2.207098e+00 1.206749e+04 1.544325e+04 3.252718e+02 1.500000e+04 7.809645e+03 8.979464e-02     0 -2.617994e-01    20 7.110569e+01 3.007104e-01 8.820997e-03 
3.351000e+02 8.763941e-01 6.513140e-01 2.228317e+00 1.206501e+04 1.544911e+04 3.282625e+02 1.500000e+04 7.809645e+03 8.888870e-02     0 -2.617994e-01    20 6.961516e+01 3.037092e-01 1.407824e-02 
3.352000e+02 8.709434e-01 6.405830e-01 2.248647e+00 1.206243e+04 1.545484e+04 3.310859e+02 1.500000e+04 7.809645e+03 8.792815e-02     0 -2.617994e-01    20 6.818218e+01 3.067979e-01 1.965254e-02 
3.353000e+02 8.655228e-01 6.285899e-01 2.268165e+00 1.205973e+04 1.546043e+04 3.337391e+02 1.500000e+04 7.809645e+03 8.694314e-02     0 -2.617994e-01    20 6.681082e+01 3.099536e-01 2.551165e-02 
3.354000e+02 8.602158e-01 6.152736e-01 2.286946e+00 1.205693e+04 1.546589e+04 3.362193e+02 1.500000e+04 7.809645e+03 8.595893e-02     0 -2.617994e-01    20 6.550527e+01 3.131511e-01 3.162695e-02 
3.355000e+02 8.550902e-01 6.005847e-01 2.305063e+00 1.205404e+04 1.547122e+04 3.385239e+02 1.500000e+04 7.808071e+03 8.499645e-02     0 -2.617994e-01    20 6.426984e+01 3.163622e-01 3.797078e-02 
3.356000e+02 8.502007e-01 5.844845e-01 2.322591e+00 1.205105e+04 1.547642e+04 3.406504e+02 1.500000e+04 7.808071e+03 8.407282e-02     0 -2.617994e-01    20 6.310889e+01 3.195548e-01 4.451388e-02 
3.357000e+02 8.455901e-01 5.669439e-01 2.339606e+00 1.204798e+04 1.548151e+04 3.425968e+02 1.500000e+04 7.808071e+03 8.320191e-02     0 -2.617994e-01    20 6.202681e+01 3.226922e-01 5.122300e-02 
3.358000e+02 8.412916e-01 5.479436e-01 2.356184e+00 1.204482e+04 1.548649e+04 3.443611e+02 1.500000e+04 7.808071e+03 8.239475e-02     0 -2.617994e-01    20 6.102796e+01 3.257328e-01 5.805869e-02 
3.359000e+02 8.373301e-01 5.274732e-01 2.372400e+00 1.204158e+04 1.549135e+04 3.459412e+02 1.500000e+04 7.808071e+03 8.165999e-02     0 -2.617994e-01    20 6.011662e+01 3.286294e-01 6.497349e-02 
  336 8.337229e-01 5.055312e-01 2.388334e+00 1.203826e+04 1.549612e+04 3.473357e+02 1.500000e+04 7.806565e+03 8.100417e-02     0 -2.617994e-01    20 5.929691e+01 3.313305e-01 7.191045e-02 
3.361000e+02 8.304762e-01 4.821257e-01 2.404066e+00 1.203486e+04 1.550078e+04 3.485430e+02 1.500000e+04 7.806565e+03 8.068820e-02     0 -2.617994e-01    20 5.857272e+01 3.337801e-01 7.880057e-02 
3.362000e+02 8.275815e-01 4.572735e-01 2.419680e+00 1.203139e+04 1.550534e+04 3.495617e+02 1.500000e+04 7.806565e+03 8.029568e-02     0 -2.617994e-01    20 5.794763e+01 3.359208e-01 8.556022e-02 
3.363000e+02 8.250371e-01 4.310015e-01 2.435260e+00 1.202783e+04 1.550980e+04 3.503906e+02 1.500000e+04 7.806565e+03 7.992827e-02     0 -2.617994e-01    20 5.742486e+01 3.376929e-01 9.209832e-02 
3.364000e+02 8.228423e-01 4.033470e-01 2.450895e+00 1.202421e+04 1.551418e+04 3.510288e+02 1.500000e+04 7.806565e+03 7.962364e-02     0 -2.617994e-01    20 5.700715e+01 3.390375e-01 9.831643e-02 
3.365000e+02 8.209915e-01 3.743594e-01 2.466675e+00 1.202050e+04 1.551847e+04 3.514753e+02 1.500000e+04 7.805118e+03 7.939536e-02     0 -2.617994e-01    20 5.669670e+01 3.398997e-01 1.041091e-01 
3.366000e+02 8.193519e-01 3.441023e-01 2.482692e+00 1.201672e+04 1.552267e+04 3.517292e+02 1.500000e+04 7.805118e+03 8.613940e-02     0 -2.617994e-01    20 5.649516e+01 3.402441e-01 1.093268e-01 
3.367000e+02 8.175470e-01 3.126471e-01 2.499047e+00 1.201286e+04 1.552678e+04 3.517901e+02 1.500000e+04 7.805118e+03 8.857016e-02     0 -2.617994e-01    20 5.640350e+01 3.400731e-01 1.137224e-01 
3.368000e+02 8.154992e-01 2.800652e-01 2.515859e+00 1.200892e+04 1.553082e+04 3.516574e+02 1.500000e+04 7.805118e+03 8.937347e-02     0 -2.617994e-01    20 5.642204e+01 3.393720e-01 1.171289e-01 
3.369000e+02 8.132794e-01 2.464456e-01 2.533241e+00 1.200490e+04 1.553477e+04 3.513307e+02 1.500000e+04 7.805118e+03 8.954462e-02     0 -2.617994e-01    20 5.655038e+01 3.381216e-01 1.194459e-01 
  337 8.109764e-01 2.119028e-01 2.551299e+00 1.200079e+04 1.553864e+04 3.508100e+02 1.500000e+04 7.803728e+03 8.946424e-02     0 -2.617994e-01    20 5.678746e+01 3.363155e-01 1.206108e-01 
3.371000e+02 8.085214e-01 1.765791e-01 2.570126e+00 1.199661e+04 1.554244e+04 3.500952e+02 1.500000e+04 7.803728e+03 9.681166e-02     0 -2.617994e-01    20 5.713155e+01 3.339826e-01 1.205459e-01 
3.372000e+02 8.055408e-01 1.406357e-01 2.589814e+00 1.199233e+04 1.554615e+04 3.491863e+02 1.500000e+04 7.803728e+03 9.932356e-02     0 -2.617994e-01    20 5.758030e+01 3.312043e-01 1.190932e-01 
3.373000e+02 8.019577e-01 1.042411e-01 2.610461e+00 1.198797e+04 1.554979e+04 3.480836e+02 1.500000e+04 7.803728e+03 9.995871e-02     0 -2.617994e-01    20 5.813078e+01 3.280420e-01 1.162034e-01 
3.374000e+02 7.978421e-01 6.758824e-02 2.632151e+00 1.198352e+04 1.555334e+04 3.467875e+02 1.500000e+04 7.803728e+03 9.981273e-02     0 -2.617994e-01    20 5.877955e+01 3.245538e-01 1.119181e-01 
3.375000e+02 7.932731e-01 3.089859e-02 2.654943e+00 1.197897e+04 1.555682e+04 3.452986e+02 1.500000e+04 7.802402e+03 9.930183e-02     0 -2.617994e-01    20 5.952266e+01 3.208099e-01 1.063345e-01 
3.376000e+02 7.882549e-01 -5.579882e-03 2.678871e+00 1.197433e+04 1.556021e+04 3.436174e+02 1.500000e+04 7.802402e+03 1.000000e-01     0 -2.617994e-01    20 6.035582e+01 3.168991e-01 9.957557e-02 
3.377000e+02 7.827182e-01 -4.158198e-02 2.703945e+00 1.196958e+04 1.556352e+04 3.417451e+02 1.500000e+04 7.802402e+03 1.000000e-01     0 -2.617994e-01    20 6.127437e+01 3.129213e-01 9.177984e-02 
3.378000e+02 7.765858e-01 -7.683166e-02 2.730151e+00 1.196473e+04 1.556674e+04 3.396825e+02 1.500000e+04 7.802402e+03 1.000000e-01     0 -2.617994e-01    20 6.227338e+01 3.089754e-01 8.311460e-02 
3.379000e+02 7.697539e-01 -1.110481e-01 2.757445e+00 1.195978e+04 1.556987e+04 3.374311e+02 1.500000e+04 7.802402e+03 1.000000e-01     0 -2.617994e-01    20 6.334770e+01 3.051547e-01 7.376367e-02 
  338 7.621029e-01 -1.439528e-01 2.785756e+00 1.195471e+04 1.557291e+04 3.349924e+02 1.500000e+04 7.801148e+03 1.000000e-01     0 -2.617994e-01    20 6.449199e+01 3.015403e-01 6.392229e-02 
3.381000e+02 7.535066e-01 -1.752766e-01 2.814979e+00 1.194953e+04 1.557586e+04 3.323685e+02 1.500000e+04 7.801148e+03 1.000000e-01     0 -2.617994e-01    20 6.570077e+01 2.981954e-01 5.379154e-02 
3.382000e+02 7.438418e-01 -2.047658e-01 2.844982e+00 1.194424e+04 1.557870e+04 3.295617e+02 1.500000e+04 7.801148e+03 1.000000e-01     0 -2.617994e-01    20 6.696847e+01 2.951625e-01 4.357226e-02 
3.383000e+02 7.329954e-01 -2.321886e-01 2.875599e+00 1.193882e+04 1.558143e+04 3.265748e+02 1.500000e+04 7.801148e+03 1.000000e-01     0 -2.617994e-01    20 6.828946e+01 2.924626e-01 3.345870e-02 
3.384000e+02 7.208699e-01 -2.573405e-01 2.906639e+00 1.193328e+04 1.558406e+04 3.234112e+02 1.500000e+04 7.801148e+03 1.000000e-01     0 -2.617994e-01    20 6.965809e+01 2.900963e-01 2.363194e-02 
3.385000e+02 7.073872e-01 -2.800481e-01 2.937885e+00 1.192762e+04 1.558656e+04 3.200748e+02 1.500000e+04 7.799979e+03 1.000000e-01     0 -2.617994e-01    20 7.106870e+01 2.880473e-01 1.425363e-02 
3.386000e+02 6.924906e-01 -3.001735e-01 2.969105e+00 1.192182e+04 1.558894e+04 3.165703e+02 1.500000e+04 7.799979e+03 1.000000e-01     0 -2.617994e-01    20 7.251571e+01 2.862869e-01 5.460296e-03 
3.387000e+02 6.761437e-01 -3.176156e-01 3.000054e+00 1.191589e+04 1.559119e+04 3.129030e+02 1.500000e+04 7.799979e+03 1.000000e-01     0 -2.617994e-01    20 7.399355e+01 2.847793e-01 -2.641491e-03 
3.388000e+02 6.583295e-01 -3.323116e-01 3.030480e+00 1.190983e+04 1.559330e+04 3.090791e+02 1.500000e+04 7.799979e+03 1.000000e-01     0 -2.617994e-01    20 7.549676e+01 2.834865e-01 -9.978576e-03 
3.389000e+02 6.390476e-01 -3.442366e-01 3.060115e+00 1.190362e+04 1.559527e+04 3.051054e+02 1.500000e+04 7.799979e+03 1.000000e-01     0 -2.617994e-01    20 7.701996e+01 2.823734e-01 -1.651314e-02 
  339 6.183117e-01 -3.534019e-01 3.088624e+00 1.189728e+04 1.559708e+04 3.009896e+02 1.500000e+04 7.798910e+03 1.000000e-01     0 -2.617994e-01    20 7.855786e+01 2.814103e-01 -2.224283e-02 
3.391000e+02 5.961470e-01 -3.598524e-01 3.115166e+00 1.189079e+04 1.559875e+04 2.967406e+02 1.500000e+04 7.798910e+03 1.000000e-01     0 -2.617994e-01    20 8.010524e+01 2.805746e-01 -2.719903e-02 
3.392000e+02 5.725889e-01 -3.636626e-01 -3.130015e+00 1.188415e+04 1.560025e+04 2.923677e+02 1.500000e+04 7.798910e+03 1.000000e-01     0 -2.617994e-01    20 8.165698e+01 2.798508e-01 -3.144327e-02 
3.393000e+02 5.476818e-01 -3.649327e-01 -3.111453e+00 1.187737e+04 1.560158e+04 2.878816e+02 1.500000e+04 7.798910e+03 1.000000e-01     0 -2.617994e-01    20 8.320802e+01 2.792293e-01 -3.506201e-02 
3.394000e+02 5.214793e-01 -3.637833e-01 -3.088614e+00 1.187043e+04 1.560275e+04 2.832936e+02 1.500000e+04 7.798910e+03 1.000000e-01     0 -2.617994e-01    20 8.475339e+01 2.787036e-01 -3.816001e-02 
3.395000e+02 4.940438e-01 -3.603500e-01 -3.066673e+00 1.186334e+04 1.560374e+04 2.786159e+02 1.500000e+04 7.797956e+03 1.000000e-01     0 -2.617994e-01    20 8.628815e+01 2.782684e-01 -4.085282e-02 
3.396000e+02 4.654466e-01 -3.547780e-01 -3.046109e+00 1.185610e+04 1.560456e+04 2.738618e+02 1.500000e+04 7.797956e+03 1.000000e-01     0 -2.617994e-01    20 8.780748e+01 2.779171e-01 -4.325879e-02 
3.397000e+02 4.357669e-01 -3.472168e-01 -3.027055e+00 1.184869e+04 1.560520e+04 2.690451e+02 1.500000e+04 7.797956e+03 1.000000e-01     0 -2.617994e-01    20 8.930661e+01 2.776405e-01 -4.549140e-02 
3.398000e+02 4.050900e-01 -3.378158e-01 -3.009567e+00 1.184113e+04 1.560566e+04 2.641806e+02 1.500000e+04 7.797956e+03 1.000000e-01     0 -2.617994e-01    20 9.078089e+01 2.774263e-01 -4.765230e-02 
3.399000e+02 3.735044e-01 -3.267195e-01 -2.993683e+00 1.183340e+04 1.560595e+04 2.592834e+02 1.500000e+04 7.797956e+03 1.000000e-01     0 -2.617994e-01    20 9.222578e+01 2.772598e-01 -4.982575e-02 
  340 3.410983e-01 -3.140654e-01 -2.979436e+00 1.182552e+04 1.560607e+04 2.543696e+02 1.500000e+04 7.797126e+03 1.000000e-01     0 -2.617994e-01    20 9.363690e+01 2.771250e-01 -5.207493e-02 
3.401000e+02 3.079549e-01 -2.999824e-01 -2.966866e+00 1.181747e+04 1.560602e+04 2.494551e+02 1.500000e+04 7.797126e+03 1.000000e-01     0 -2.617994e-01    20 9.501003e+01 2.770062e-01 -5.444033e-02 
3.402000e+02 2.742561e-01 -2.845903e-01 -2.956022e+00 1.180925e+04 1.560580e+04 2.445567e+02 1.500000e+04 7.797126e+03 9.557920e-02     0 -2.617994e-01    20 9.634115e+01 2.768948e-01 -5.690863e-02 
3.403000e+02 2.408851e-01 -2.679988e-01 -2.946997e+00 1.180087e+04 1.560543e+04 2.396908e+02 1.500000e+04 7.797126e+03 8.861487e-02     0 -2.617994e-01    20 9.762649e+01 2.768199e-01 -5.920883e-02 
3.404000e+02 2.088623e-01 -2.503161e-01 -2.939954e+00 1.179232e+04 1.560491e+04 2.348739e+02 1.500000e+04 7.797126e+03 8.105753e-02     0 -2.617994e-01    20 9.886253e+01 2.768135e-01 -6.092635e-02 
3.405000e+02 1.788340e-01 -2.316651e-01 -2.935069e+00 1.178361e+04 1.560425e+04 2.301225e+02 1.500000e+04 7.796425e+03 7.354707e-02     0 -2.617994e-01    20 1.000461e+02 2.768866e-01 -6.169559e-02 
3.406000e+02 1.508447e-01 -2.121906e-01 -2.932466e+00 1.177473e+04 1.560347e+04 2.254524e+02 1.500000e+04 7.796425e+03 7.047740e-02     0 -2.617994e-01    20 1.011745e+02 2.770187e-01 -6.134098e-02 
3.407000e+02 1.242956e-01 -1.920545e-01 -2.932135e+00 1.176569e+04 1.560256e+04 2.208791e+02 1.500000e+04 7.796425e+03 6.519153e-02     0 -2.617994e-01    20 1.022453e+02 2.771639e-01 -5.998442e-02 
3.408000e+02 9.904759e-02 -1.714176e-01 -2.933943e+00 1.175649e+04 1.560155e+04 2.164175e+02 1.500000e+04 7.796425e+03 5.928138e-02     0 -2.617994e-01    20 1.032562e+02 2.773149e-01 -5.773834e-02 
3.409000e+02 7.515871e-02 -1.504281e-01 -2.937691e+00 1.174713e+04 1.560044e+04 2.120818e+02 1.500000e+04 7.796425e+03 5.333707e-02     0 -2.617994e-01    20 1.042055e+02 2.774739e-01 -5.471689e-02 
  341 5.272451e-02 -1.292178e-01 -2.943139e+00 1.173762e+04 1.559925e+04 2.078857e+02 1.500000e+04 7.795851e+03 4.758954e-02     0 -2.617994e-01    20 1.050913e+02 2.776379e-01 -5.106850e-02 
3.411000e+02 3.203394e-02 -1.078970e-01 -2.950014e+00 1.172796e+04 1.559799e+04 2.038417e+02 1.500000e+04 7.795851e+03 4.134287e-02     0 -2.617994e-01 2.009986e+01 1.059122e+02 2.777997e-01 -4.696034e-02 
3.412000e+02 1.471948e-02 -8.655150e-02 -2.958037e+00 1.171815e+04 1.559667e+04 1.999617e+02 1.500000e+04 7.795851e+03 3.609321e-02     0 -2.617994e-01 2.046771e+01 1.066688e+02 2.779474e-01 -4.254740e-02 
3.413000e+02 -1.347696e-02 -6.524089e-02 -2.966924e+00 1.170820e+04 1.559531e+04 1.962565e+02 1.500000e+04 7.795851e+03 3.047568e-02     0 -2.617994e-01 2.078233e+01 1.073603e+02 2.780668e-01 -3.803020e-02 
3.414000e+02 -2.765862e-02 -4.399927e-02 -2.976407e+00 1.169812e+04 1.559393e+04 1.927358e+02 1.500000e+04 7.795851e+03 2.538885e-02     0 -2.617994e-01 2.104507e+01 1.079855e+02 2.781576e-01 -3.354654e-02 
3.415000e+02 -4.256073e-02 -2.283973e-02 -2.986252e+00 1.168791e+04 1.559252e+04 1.894085e+02 1.500000e+04 7.795386e+03 2.117624e-02     0 -2.617994e-01 2.125849e+01 1.085434e+02 2.782203e-01 -2.920790e-02 
3.416000e+02 -5.625389e-02 -1.759200e-03 -2.996257e+00 1.167759e+04 1.559111e+04 1.862825e+02 1.500000e+04 7.795386e+03 1.327089e-02     0 -2.617994e-01 2.142542e+01 1.090333e+02 2.782607e-01 -2.508053e-02 
3.417000e+02 -6.791788e-02 1.925328e-02 -3.006290e+00 1.166715e+04 1.558971e+04 1.833647e+02 1.500000e+04 7.795386e+03 8.374512e-03     0 -2.617994e-01 2.154842e+01 1.094547e+02 2.782944e-01 -2.103685e-02 
3.418000e+02 -7.762728e-02 4.021231e-02 -3.016253e+00 1.165662e+04 1.558833e+04 1.806608e+02 1.500000e+04 7.795386e+03 4.898838e-03     0 -2.617994e-01 2.162974e+01 1.098071e+02 2.783213e-01 -1.710047e-02 
3.419000e+02 -8.574138e-02 6.113710e-02 -3.026034e+00 1.164600e+04 1.558697e+04 1.781761e+02 1.500000e+04 7.795386e+03 2.211740e-03     0 -2.617994e-01 2.167145e+01 1.100905e+02 2.783449e-01 -1.339303e-02 
  342 -9.257798e-02 8.204804e-02 -3.035505e+00 1.163529e+04 1.558564e+04 1.759144e+02 1.500000e+04 7.795002e+03 2.719163e-05     0 -2.617994e-01 2.167537e+01 1.103048e+02 2.783750e-01 -1.004884e-02 
3.421000e+02 -9.806554e-02 1.029610e-01 -3.044559e+00 1.162452e+04 1.558436e+04 1.738792e+02 1.500000e+04 7.795002e+03 -6.480240e-03     0 -2.617994e-01 2.164317e+01 1.104500e+02 2.784249e-01 -7.085097e-03 
3.422000e+02 -1.016188e-01 1.238795e-01 -3.053160e+00 1.161369e+04 1.558312e+04 1.720727e+02 1.500000e+04 7.795002e+03 -9.621314e-03     0 -2.617994e-01 2.157636e+01 1.105266e+02 2.785052e-01 -4.286237e-03 
3.423000e+02 -1.034743e-01 1.447974e-01 -3.061310e+00 1.160282e+04 1.558193e+04 1.704966e+02 1.500000e+04 7.795002e+03 -1.123610e-02     0 -2.617994e-01 2.147629e+01 1.105348e+02 2.786172e-01 -1.621947e-03 
3.424000e+02 -1.041210e-01 1.657058e-01 -3.068974e+00 1.159191e+04 1.558079e+04 1.691517e+02 1.500000e+04 7.795002e+03 -1.207301e-02     0 -2.617994e-01 2.134422e+01 1.104751e+02 2.787625e-01 8.151804e-04 
3.425000e+02 -1.039580e-01 1.865922e-01 -3.076089e+00 1.158097e+04 1.557971e+04 1.680379e+02 1.500000e+04 7.794661e+03 -1.247678e-02     0 -2.617994e-01 2.118127e+01 1.103482e+02 2.789440e-01 2.909576e-03 
3.426000e+02 -1.030029e-01 2.074384e-01 -3.082597e+00 1.157003e+04 1.557868e+04 1.671546e+02 1.500000e+04 7.794661e+03 -1.651390e-02     0 -2.617994e-01 2.098852e+01 1.101547e+02 2.791626e-01 4.643913e-03 
3.427000e+02 -1.008109e-01 2.282167e-01 -3.088498e+00 1.155909e+04 1.557771e+04 1.665001e+02 1.500000e+04 7.794661e+03 -1.782008e-02     0 -2.617994e-01 2.076695e+01 1.098955e+02 2.794160e-01 6.199724e-03 
3.428000e+02 -9.759321e-02 2.488942e-01 -3.093820e+00 1.154816e+04 1.557680e+04 1.660721e+02 1.500000e+04 7.794661e+03 -1.793953e-02     0 -2.617994e-01 2.051750e+01 1.095716e+02 2.797042e-01 7.611246e-03 
3.429000e+02 -9.374652e-02 2.694379e-01 -3.098568e+00 1.153726e+04 1.557594e+04 1.658674e+02 1.500000e+04 7.794661e+03 -1.749967e-02     0 -2.617994e-01 2.024105e+01 1.091838e+02 2.800286e-01 8.817533e-03 
  343 -8.958101e-02 2.898143e-01 -3.102723e+00 1.152639e+04 1.557514e+04 1.658822e+02 1.500000e+04 7.794320e+03 -1.678675e-02     0 -2.617994e-01    20 1.087336e+02 2.803902e-01 9.742926e-03 
3.431000e+02 -8.512955e-02 3.099881e-01 -3.106273e+00 1.151558e+04 1.557439e+04 1.661119e+02 1.500000e+04 7.794320e+03 -1.855431e-02     0 -2.617994e-01    20 1.082235e+02 2.807836e-01 1.038103e-02 
3.432000e+02 -8.011661e-02 3.299221e-01 -3.109245e+00 1.150481e+04 1.557368e+04 1.665511e+02 1.500000e+04 7.794320e+03 -1.853961e-02     0 -2.617994e-01    20 1.076556e+02 2.812041e-01 1.086015e-02 
3.433000e+02 -7.467517e-02 3.495796e-01 -3.111693e+00 1.149412e+04 1.557303e+04 1.671940e+02 1.500000e+04 7.794320e+03 -1.778966e-02     0 -2.617994e-01    20 1.070316e+02 2.816541e-01 1.121820e-02 
3.434000e+02 -6.905773e-02 3.689249e-01 -3.113653e+00 1.148350e+04 1.557241e+04 1.680340e+02 1.500000e+04 7.794320e+03 -1.672438e-02     0 -2.617994e-01    20 1.063532e+02 2.821364e-01 1.143345e-02 
3.435000e+02 -6.345966e-02 3.879240e-01 -3.115155e+00 1.147297e+04 1.557184e+04 1.690638e+02 1.500000e+04 7.793943e+03 -1.553314e-02     0 -2.617994e-01    20 1.056221e+02 2.826531e-01 1.147469e-02 
3.436000e+02 -5.792731e-02 4.065435e-01 -3.116224e+00 1.146253e+04 1.557130e+04 1.702759e+02 1.500000e+04 7.793943e+03 -1.560633e-02     0 -2.617994e-01    20 1.048401e+02 2.832046e-01 1.134491e-02 
3.437000e+02 -5.234754e-02 4.247499e-01 -3.116904e+00 1.145219e+04 1.557080e+04 1.716621e+02 1.500000e+04 7.793943e+03 -1.484133e-02     0 -2.617994e-01    20 1.040092e+02 2.837901e-01 1.111342e-02 
3.438000e+02 -4.679406e-02 4.425111e-01 -3.117243e+00 1.144196e+04 1.557032e+04 1.732135e+02 1.500000e+04 7.793943e+03 -1.376228e-02     0 -2.617994e-01    20 1.031313e+02 2.844115e-01 1.080914e-02 
3.439000e+02 -4.139166e-02 4.597964e-01 -3.117284e+00 1.143184e+04 1.556988e+04 1.749212e+02 1.500000e+04 7.793943e+03 -1.258109e-02     0 -2.617994e-01    20 1.022086e+02 2.850711e-01 1.043473e-02 
  344 -3.624058e-02 4.765768e-01 -3.117056e+00 1.142185e+04 1.556945e+04 1.767759e+02 1.500000e+04 7.793498e+03 -1.139340e-02     0 -2.617994e-01    20 1.012431e+02 2.857709e-01 9.988389e-03 
3.441000e+02 -3.139487e-02 4.928243e-01 -3.116584e+00 1.141198e+04 1.556905e+04 1.787676e+02 1.500000e+04 7.793498e+03 -1.056655e-02     0 -2.617994e-01    20 1.002371e+02 2.865128e-01 9.477696e-03 
3.442000e+02 -2.687112e-02 5.085120e-01 -3.115897e+00 1.140225e+04 1.556867e+04 1.808866e+02 1.500000e+04 7.793498e+03 -9.599286e-03     0 -2.617994e-01    20 9.919270e+01 2.872986e-01 8.927979e-03 
3.443000e+02 -2.273709e-02 5.236142e-01 -3.115022e+00 1.139265e+04 1.556830e+04 1.831226e+02 1.500000e+04 7.793498e+03 -8.633892e-03     0 -2.617994e-01    20 9.811228e+01 2.881307e-01 8.358010e-03 
3.444000e+02 -1.909722e-02 5.381062e-01 -3.113986e+00 1.138318e+04 1.556795e+04 1.854654e+02 1.500000e+04 7.793498e+03 -7.737347e-03     0 -2.617994e-01    20 9.699815e+01 2.890123e-01 7.782556e-03 
3.445000e+02 -1.609476e-02 5.519641e-01 -3.112816e+00 1.137386e+04 1.556760e+04 1.879045e+02 1.500000e+04 7.792964e+03 -6.954402e-03     0 -2.617994e-01    20 9.585269e+01 2.899463e-01 7.216708e-03 
3.446000e+02 -1.392601e-02 5.651647e-01 -3.111535e+00 1.136468e+04 1.556727e+04 1.904296e+02 1.500000e+04 7.792964e+03 -6.071519e-03     0 -2.617994e-01    20 9.467832e+01 2.909363e-01 6.674039e-03 
3.447000e+02 -1.279185e-02 5.776855e-01 -3.110167e+00 1.135564e+04 1.556694e+04 1.930302e+02 1.500000e+04 7.792964e+03 -5.558318e-03     0 -2.617994e-01    20 9.347750e+01 2.919858e-01 6.163435e-03 
3.448000e+02 1.275511e-02 5.895043e-01 -3.108734e+00 1.134675e+04 1.556662e+04 1.956959e+02 1.500000e+04 7.792964e+03 -2.967811e-03     0 -2.617994e-01    20 9.225271e+01 2.930986e-01 5.702642e-03 
3.449000e+02 1.354541e-02 6.005990e-01 -3.107245e+00 1.133801e+04 1.556631e+04 1.984163e+02 1.500000e+04 7.792964e+03 -3.643991e-04     0 -2.617994e-01    20 9.100650e+01 2.942804e-01 5.189361e-03 
  345 1.460625e-02 6.109478e-01 -3.105683e+00 1.132941e+04 1.556600e+04 2.011814e+02 1.500000e+04 7.792331e+03 7.006296e-04     0 -2.617994e-01    20 8.974143e+01 2.955356e-01 4.520501e-03 
3.451000e+02 1.565272e-02 6.205284e-01 -3.104036e+00 1.132096e+04 1.556569e+04 2.039810e+02 1.500000e+04 7.792331e+03 1.751960e-03     0 -2.617994e-01    20 8.846010e+01 2.968669e-01 3.708640e-03 
3.452000e+02 1.659724e-02 6.293194e-01 -3.102320e+00 1.131265e+04 1.556539e+04 2.068052e+02 1.500000e+04 7.792331e+03 2.253539e-03     0 -2.617994e-01    20 8.716513e+01 2.982779e-01 2.792959e-03 
3.453000e+02 1.744840e-02 6.372998e-01 -3.100571e+00 1.130448e+04 1.556509e+04 2.096445e+02 1.500000e+04 7.792331e+03 2.539255e-03     0 -2.617994e-01    20 8.585920e+01 2.997730e-01 1.835303e-03 
3.454000e+02 1.823051e-02 6.444487e-01 -3.098840e+00 1.129646e+04 1.556479e+04 2.124893e+02 1.500000e+04 7.792331e+03 2.735073e-03     0 -2.617994e-01    20 8.454502e+01 3.013570e-01 9.001105e-04 
3.455000e+02 1.895178e-02 6.507459e-01 -3.097177e+00 1.128857e+04 1.556449e+04 2.153305e+02 1.500000e+04 7.791599e+03 2.889228e-03     0 -2.617994e-01    20 8.322532e+01 3.030351e-01 4.113603e-05 
3.456000e+02 1.958499e-02 6.561710e-01 -3.095631e+00 1.128082e+04 1.556419e+04 2.181591e+02 1.500000e+04 7.791599e+03 3.695057e-03     0 -2.617994e-01    20 8.190289e+01 3.048122e-01 -7.108961e-04 
3.457000e+02 2.006270e-02 6.607034e-01 -3.094234e+00 1.127320e+04 1.556389e+04 2.209666e+02 1.500000e+04 7.791599e+03 4.045136e-03     0 -2.617994e-01    20 8.058055e+01 3.066933e-01 -1.358150e-03 
3.458000e+02 2.036718e-02 6.643229e-01 -3.093004e+00 1.126571e+04 1.556360e+04 2.237446e+02 1.500000e+04 7.791599e+03 4.200887e-03     0 -2.617994e-01    20 7.926119e+01 3.086828e-01 -1.899234e-03 
3.459000e+02 2.050584e-02 6.670089e-01 -3.091950e+00 1.125835e+04 1.556330e+04 2.264850e+02 1.500000e+04 7.791599e+03 4.258702e-03     0 -2.617994e-01    20 7.794771e+01 3.107848e-01 -2.331676e-03 
  346 2.049229e-02 6.687413e-01 -3.091072e+00 1.125111e+04 1.556301e+04 2.291803e+02 1.500000e+04 7.790773e+03 4.255832e-03     0 -2.617994e-01    20 7.664310e+01 3.130033e-01 -2.656615e-03 
3.461000e+02 2.033120e-02 6.694999e-01 -3.090369e+00 1.124399e+04 1.556272e+04 2.318229e+02 1.500000e+04 7.790773e+03 4.668460e-03     0 -2.617994e-01    20 7.535038e+01 3.153414e-01 -2.883973e-03 
3.462000e+02 2.001165e-02 6.692652e-01 -3.089829e+00 1.123699e+04 1.556243e+04 2.344058e+02 1.500000e+04 7.790773e+03 4.749922e-03     0 -2.617994e-01    20 7.407262e+01 3.178014e-01 -3.037499e-03 
3.463000e+02 1.955564e-02 6.680180e-01 -3.089436e+00 1.123010e+04 1.556214e+04 2.369224e+02 1.500000e+04 7.790773e+03 4.686009e-03     0 -2.617994e-01    20 7.281297e+01 3.203849e-01 -3.133376e-03 
3.464000e+02 1.899812e-02 6.657400e-01 -3.089172e+00 1.122331e+04 1.556185e+04 2.393663e+02 1.500000e+04 7.790773e+03 4.550212e-03     0 -2.617994e-01    20 7.157461e+01 3.230923e-01 -3.182003e-03 
3.465000e+02 1.837329e-02 6.624140e-01 -3.089021e+00 1.121662e+04 1.556156e+04 2.417314e+02 1.500000e+04 7.789866e+03 4.375068e-03     0 -2.617994e-01    20 7.036078e+01 3.259223e-01 -3.191436e-03 
3.466000e+02 1.770937e-02 6.580239e-01 -3.088966e+00 1.121004e+04 1.556127e+04 2.440121e+02 1.500000e+04 7.789866e+03 4.263872e-03     0 -2.617994e-01    20 6.917478e+01 3.288722e-01 -3.169392e-03 
3.467000e+02 1.702737e-02 6.525551e-01 -3.088994e+00 1.120354e+04 1.556099e+04 2.462029e+02 1.500000e+04 7.789866e+03 4.085536e-03     0 -2.617994e-01    20 6.801994e+01 3.319367e-01 -3.124702e-03 
3.468000e+02 1.634838e-02 6.459949e-01 -3.089090e+00 1.119714e+04 1.556071e+04 2.482989e+02 1.500000e+04 7.789866e+03 3.881272e-03     0 -2.617994e-01    20 6.689965e+01 3.351085e-01 -3.064217e-03 
3.469000e+02 1.569101e-02 6.383327e-01 -3.089243e+00 1.119082e+04 1.556042e+04 2.502953e+02 1.500000e+04 7.789866e+03 3.669387e-03     0 -2.617994e-01    20 6.581731e+01 3.383772e-01 -2.993284e-03 
  347 1.507005e-02 6.295601e-01 -3.089442e+00 1.118457e+04 1.556015e+04 2.521879e+02 1.500000e+04 7.788892e+03 3.459197e-03     0 -2.617994e-01    20 6.477635e+01 3.417294e-01 -2.916421e-03 
3.471000e+02 1.449789e-02 6.196720e-01 -3.089676e+00 1.117840e+04 1.555987e+04 2.539725e+02 1.500000e+04 7.788892e+03 3.116028e-03     0 -2.617994e-01    20 6.378019e+01 3.451480e-01 -2.836557e-03 
3.472000e+02 1.398506e-02 6.086663e-01 -3.089939e+00 1.117231e+04 1.555959e+04 2.556454e+02 1.500000e+04 7.788892e+03 2.872055e-03     0 -2.617994e-01    20 6.283224e+01 3.486123e-01 -2.753715e-03 
3.473000e+02 1.353425e-02 5.965446e-01 -3.090222e+00 1.116627e+04 1.555932e+04 2.572033e+02 1.500000e+04 7.788892e+03 2.673997e-03     0 -2.617994e-01    20 6.193587e+01 3.520973e-01 -2.669651e-03 
3.474000e+02 1.314453e-02 5.833127e-01 -3.090522e+00 1.116030e+04 1.555905e+04 2.586430e+02 1.500000e+04 7.788892e+03 2.502249e-03     0 -2.617994e-01    20 6.109438e+01 3.555741e-01 -2.587315e-03 
3.475000e+02 1.281382e-02 5.689814e-01 -3.090834e+00 1.115438e+04 1.555878e+04 2.599617e+02 1.500000e+04 7.787866e+03 2.349343e-03     0 -2.617994e-01    20 6.031097e+01 3.590092e-01 -2.509925e-03 
3.476000e+02 1.254024e-02 5.535666e-01 -3.091151e+00 1.114851e+04 1.555851e+04 2.611569e+02 1.500000e+04 7.787866e+03 1.985572e-03     0 -2.617994e-01    20 5.958871e+01 3.623651e-01 -2.439055e-03 
3.477000e+02 1.232133e-02 5.370899e-01 -3.091472e+00 1.114269e+04 1.555824e+04 2.622263e+02 1.500000e+04 7.787866e+03 1.778729e-03     0 -2.617994e-01    20 5.893052e+01 3.656006e-01 -2.372259e-03 
3.478000e+02 1.215096e-02 5.195797e-01 -3.091793e+00 1.113691e+04 1.555798e+04 2.631680e+02 1.500000e+04 7.787866e+03 1.637605e-03     0 -2.617994e-01    20 5.833911e+01 3.686712e-01 -2.309558e-03 
3.479000e+02 -1.202281e-02 5.010709e-01 -3.092112e+00 1.113116e+04 1.555771e+04 2.639802e+02 1.500000e+04 7.787866e+03 -7.375856e-04     0 -2.617994e-01    20 5.781695e+01 3.715299e-01 -2.250759e-03 
  348 -1.191925e-02 4.816064e-01 -3.092426e+00 1.112545e+04 1.555745e+04 2.646616e+02 1.500000e+04 7.786805e+03 -3.187443e-03     0 -2.617994e-01    20 5.736623e+01 3.741287e-01 -2.138142e-03 
3.481000e+02 -1.180581e-02 4.612366e-01 -3.092745e+00 1.111977e+04 1.555719e+04 2.652109e+02 1.500000e+04 7.786805e+03 -4.361605e-03     0 -2.617994e-01    20 5.698883e+01 3.764192e-01 -1.903697e-03 
3.482000e+02 -1.167336e-02 4.400208e-01 -3.093086e+00 1.111411e+04 1.555693e+04 2.656272e+02 1.500000e+04 7.786805e+03 -4.821695e-03     0 -2.617994e-01    20 5.668631e+01 3.783541e-01 -1.528278e-03 
3.483000e+02 -1.153875e-02 4.180267e-01 -3.093462e+00 1.110846e+04 1.555667e+04 2.659097e+02 1.500000e+04 7.786805e+03 -5.017958e-03     0 -2.617994e-01    20 5.645982e+01 3.798889e-01 -1.019395e-03 
3.484000e+02 1.142648e-02 3.953311e-01 -3.093877e+00 1.110283e+04 1.555642e+04 2.660579e+02 1.500000e+04 7.786805e+03 -2.967399e-03     0 -2.617994e-01    20 5.631016e+01 3.809843e-01 -3.991555e-04 
3.485000e+02 1.134475e-02 3.720198e-01 -3.094328e+00 1.109721e+04 1.555616e+04 2.660714e+02 1.500000e+04 7.785725e+03 -7.994156e-04     0 -2.617994e-01    20 5.623768e+01 3.816074e-01 2.518208e-04 
3.486000e+02 1.126978e-02 3.481875e-01 -3.094795e+00 1.109160e+04 1.555590e+04 2.659503e+02 1.500000e+04 7.785725e+03 -3.237226e-04     0 -2.617994e-01    20 5.624235e+01 3.817341e-01 8.440169e-04 
3.487000e+02 1.118601e-02 3.239371e-01 -3.095244e+00 1.108598e+04 1.555564e+04 2.656944e+02 1.500000e+04 7.785725e+03 -2.019631e-04     0 -2.617994e-01    20 5.632371e+01 3.813500e-01 1.341022e-03 
3.488000e+02 1.109344e-02 2.993794e-01 -3.095647e+00 1.108036e+04 1.555538e+04 2.653042e+02 1.500000e+04 7.785725e+03 -2.115599e-04     0 -2.617994e-01    20 5.648089e+01 3.804513e-01 1.728136e-03 
3.489000e+02 1.099902e-02 2.746322e-01 -3.095984e+00 1.107473e+04 1.555513e+04 2.647800e+02 1.500000e+04 7.785725e+03 -2.697267e-04     0 -2.617994e-01    20 5.671263e+01 3.790454e-01 2.002064e-03 
  349 1.091010e-02 2.498190e-01 -3.096243e+00 1.106909e+04 1.555487e+04 2.641224e+02 1.500000e+04 7.784641e+03 -3.448213e-04     0 -2.617994e-01    20 5.701728e+01 3.771514e-01 2.167208e-03 
3.491000e+02 1.083186e-02 2.250680e-01 -3.096419e+00 1.106343e+04 1.555461e+04 2.633323e+02 1.500000e+04 7.784641e+03 -6.974393e-04     0 -2.617994e-01    20 5.739286e+01 3.747996e-01 2.235081e-03 
3.492000e+02 1.076651e-02 2.005101e-01 -3.096512e+00 1.105775e+04 1.555435e+04 2.624106e+02 1.500000e+04 7.784641e+03 -8.776274e-04     0 -2.617994e-01    20 5.783708e+01 3.720308e-01 2.225129e-03 
3.493000e+02 1.071306e-02 1.762770e-01 -3.096530e+00 1.105204e+04 1.555408e+04 2.613585e+02 1.500000e+04 7.784641e+03 -9.919918e-04     0 -2.617994e-01    20 5.834732e+01 3.688949e-01 2.155932e-03 
3.494000e+02 1.066983e-02 1.524997e-01 -3.096481e+00 1.104631e+04 1.555382e+04 2.601774e+02 1.500000e+04 7.784641e+03 -1.080197e-03     0 -2.617994e-01    20 5.892076e+01 3.654495e-01 2.044640e-03 
3.495000e+02 1.063595e-02 1.293056e-01 -3.096376e+00 1.104054e+04 1.555356e+04 2.588687e+02 1.500000e+04 7.783570e+03 -1.157142e-03     0 -2.617994e-01    20 5.955431e+01 3.617571e-01 1.907325e-03 
3.496000e+02 1.061191e-02 1.068169e-01 -3.096228e+00 1.103473e+04 1.555329e+04 2.574342e+02 1.500000e+04 7.783570e+03 -1.335508e-03     0 -2.617994e-01    20 6.024473e+01 3.578832e-01 1.759467e-03 
3.497000e+02 1.059993e-02 8.514821e-02 -3.096048e+00 1.102888e+04 1.555302e+04 2.558760e+02 1.500000e+04 7.783570e+03 -1.442684e-03     0 -2.617994e-01    20 6.098860e+01 3.538936e-01 1.616645e-03 
3.498000e+02 1.060361e-02 6.440463e-02 -3.095846e+00 1.102298e+04 1.555275e+04 2.541963e+02 1.500000e+04 7.783570e+03 -1.521430e-03     0 -2.617994e-01    20 6.178239e+01 3.498522e-01 1.491106e-03 
3.499000e+02 1.062727e-02 4.468000e-02 -3.095634e+00 1.101703e+04 1.555248e+04 2.523975e+02 1.500000e+04 7.783570e+03 -1.586908e-03     0 -2.617994e-01    20 6.262248e+01 3.458185e-01 1.391802e-03 
  350 1.067534e-02 2.605547e-02 -3.095418e+00 1.101103e+04 1.555220e+04 2.504824e+02 1.500000e+04 7.782524e+03 -1.644019e-03     0 -2.617994e-01    20 6.350514e+01 3.418459e-01 1.324821e-03 
3.501000e+02 1.075175e-02 8.598519e-03 -3.095206e+00 1.100497e+04 1.555193e+04 2.484540e+02 1.500000e+04 7.782524e+03 -1.702557e-03     0 -2.617994e-01    20 6.442665e+01 3.379802e-01 1.293681e-03 
3.502000e+02 1.085951e-02 -7.637681e-03 -3.095000e+00 1.099885e+04 1.555165e+04 2.463157e+02 1.500000e+04 7.782524e+03 -1.748304e-03     0 -2.617994e-01    20 6.538323e+01 3.342589e-01 1.299617e-03 
3.503000e+02 1.100030e-02 -2.261433e-02 -3.094802e+00 1.099266e+04 1.555136e+04 2.440710e+02 1.500000e+04 7.782524e+03 -1.784271e-03     0 -2.617994e-01    20 6.637110e+01 3.307103e-01 1.341538e-03 
3.504000e+02 1.117431e-02 -3.630667e-02 -3.094612e+00 1.098641e+04 1.555107e+04 2.417239e+02 1.500000e+04 7.782524e+03 -1.811413e-03     0 -2.617994e-01    20 6.738652e+01 3.273539e-01 1.416342e-03 
3.505000e+02 1.138041e-02 -4.870317e-02 -3.094427e+00 1.098008e+04 1.555078e+04 2.392785e+02 1.500000e+04 7.781519e+03 -1.830148e-03     0 -2.617994e-01    20 6.842575e+01 3.242008e-01 1.519314e-03 
3.506000e+02 1.161654e-02 -5.980436e-02 -3.094243e+00 1.097367e+04 1.555049e+04 2.367396e+02 1.500000e+04 7.781519e+03 -1.853468e-03     0 -2.617994e-01    20 6.948514e+01 3.212548e-01 1.644646e-03 
3.507000e+02 1.188031e-02 -6.962139e-02 -3.094054e+00 1.096719e+04 1.555019e+04 2.341118e+02 1.500000e+04 7.781519e+03 -1.861316e-03     0 -2.617994e-01    20 7.056108e+01 3.185133e-01 1.786013e-03 
3.508000e+02 1.216882e-02 -7.817436e-02 -3.093855e+00 1.096062e+04 1.554988e+04 2.314003e+02 1.500000e+04 7.781519e+03 -1.859256e-03     0 -2.617994e-01    20 7.165004e+01 3.159690e-01 1.936555e-03 
3.509000e+02 1.247911e-02 -8.549059e-02 -3.093637e+00 1.095397e+04 1.554957e+04 2.286105e+02 1.500000e+04 7.781519e+03 -1.849781e-03     0 -2.617994e-01    20 7.274859e+01 3.136110e-01 2.089334e-03 
  351 1.280853e-02 -9.160289e-02 -3.093395e+00 1.094723e+04 1.554925e+04 2.257482e+02 1.500000e+04 7.780566e+03 -1.834221e-03     0 -2.617994e-01    20 7.385339e+01 3.114263e-01 2.237806e-03 
3.511000e+02 1.315537e-02 -9.654801e-02 -3.093121e+00 1.094040e+04 1.554893e+04 2.228192e+02 1.500000e+04 7.780566e+03 -1.830681e-03     0 -2.617994e-01    20 7.496120e+01 3.094011e-01 2.376350e-03 
3.512000e+02 1.351931e-02 -1.003651e-01 -3.092809e+00 1.093347e+04 1.554860e+04 2.198298e+02 1.500000e+04 7.780566e+03 -1.811381e-03     0 -2.617994e-01    20 7.606890e+01 3.075216e-01 2.500764e-03 
3.513000e+02 1.390002e-02 -1.030948e-01 -3.092455e+00 1.092645e+04 1.554827e+04 2.167863e+02 1.500000e+04 7.780566e+03 -1.783366e-03     0 -2.617994e-01    20 7.717349e+01 3.057749e-01 2.607725e-03 
3.514000e+02 1.429733e-02 -1.047779e-01 -3.092054e+00 1.091933e+04 1.554792e+04 2.136954e+02 1.500000e+04 7.780566e+03 -1.749263e-03     0 -2.617994e-01    20 7.827206e+01 3.041493e-01 2.694936e-03 
3.515000e+02 1.471135e-02 -1.054551e-01 -3.091603e+00 1.091210e+04 1.554757e+04 2.105637e+02 1.500000e+04 7.779676e+03 -1.710031e-03     0 -2.617994e-01    20 7.936186e+01 3.026347e-01 2.761255e-03 
3.516000e+02 1.514137e-02 -1.051665e-01 -3.091100e+00 1.090477e+04 1.554722e+04 2.073984e+02 1.500000e+04 7.779676e+03 -1.621216e-03     0 -2.617994e-01    20 8.044021e+01 3.012226e-01 2.806208e-03 
3.517000e+02 1.558454e-02 -1.039512e-01 -3.090545e+00 1.089734e+04 1.554685e+04 2.042063e+02 1.500000e+04 7.779676e+03 -1.556321e-03     0 -2.617994e-01    20 8.150458e+01 2.999060e-01 2.829228e-03 
3.518000e+02 1.604068e-02 -1.018474e-01 -3.089937e+00 1.088980e+04 1.554648e+04 2.009948e+02 1.500000e+04 7.779676e+03 -1.497931e-03     0 -2.617994e-01    20 8.255252e+01 2.986790e-01 2.831612e-03 
3.519000e+02 1.651082e-02 -9.889267e-02 -3.089278e+00 1.088216e+04 1.554609e+04 1.977710e+02 1.500000e+04 7.779676e+03 -1.439499e-03     0 -2.617994e-01    20 8.358173e+01 2.975366e-01 2.816081e-03 
  352 1.699581e-02 -9.512355e-02 -3.088570e+00 1.087440e+04 1.554570e+04 1.945423e+02 1.500000e+04 7.778857e+03 -1.378454e-03     0 -2.617994e-01    20 8.458999e+01 2.964746e-01 2.786094e-03 
3.521000e+02 1.749124e-02 -9.057613e-02 -3.087816e+00 1.086654e+04 1.554530e+04 1.913162e+02 1.500000e+04 7.778857e+03 -1.162298e-03     0 -2.617994e-01    20 8.557520e+01 2.954893e-01 2.743609e-03 
3.522000e+02 1.798327e-02 -8.528597e-02 -3.087018e+00 1.085857e+04 1.554489e+04 1.881000e+02 1.500000e+04 7.778857e+03 -1.039810e-03     0 -2.617994e-01    20 8.653535e+01 2.945770e-01 2.686381e-03 
3.523000e+02 1.846977e-02 -7.928824e-02 -3.086179e+00 1.085049e+04 1.554447e+04 1.849011e+02 1.500000e+04 7.778857e+03 -9.524120e-04     0 -2.617994e-01    20 8.746855e+01 2.937343e-01 2.615880e-03 
3.524000e+02 1.895412e-02 -7.261774e-02 -3.085301e+00 1.084230e+04 1.554403e+04 1.817270e+02 1.500000e+04 7.778857e+03 -8.781698e-04     0 -2.617994e-01    20 8.837302e+01 2.929579e-01 2.536239e-03 
3.525000e+02 1.943988e-02 -6.530888e-02 -3.084389e+00 1.083400e+04 1.554359e+04 1.785850e+02 1.500000e+04 7.778113e+03 -8.084220e-04     0 -2.617994e-01    20 8.924705e+01 2.922443e-01 2.452377e-03 
3.526000e+02 1.992031e-02 -5.739571e-02 -3.083446e+00 1.082560e+04 1.554313e+04 1.754823e+02 1.500000e+04 7.778113e+03 -4.901596e-04     0 -2.617994e-01    20 9.008905e+01 2.915902e-01 2.365811e-03 
3.527000e+02 2.037129e-02 -4.891191e-02 -3.082476e+00 1.081710e+04 1.554267e+04 1.724262e+02 1.500000e+04 7.778113e+03 -3.326482e-04     0 -2.617994e-01    20 9.089754e+01 2.909927e-01 2.269977e-03 
3.528000e+02 2.079234e-02 -3.989076e-02 -3.081479e+00 1.080849e+04 1.554219e+04 1.694237e+02 1.500000e+04 7.778113e+03 -2.390205e-04     0 -2.617994e-01    20 9.167112e+01 2.904484e-01 2.164857e-03 
3.529000e+02 2.119334e-02 -3.036501e-02 -3.080460e+00 1.079978e+04 1.554169e+04 1.664817e+02 1.500000e+04 7.778113e+03 -1.723739e-04     0 -2.617994e-01    20 9.240851e+01 2.899546e-01 2.055158e-03 
  353 2.158393e-02 -2.036692e-02 -3.079420e+00 1.079098e+04 1.554119e+04 1.636068e+02 1.500000e+04 7.777443e+03 -1.175284e-04     0 -2.617994e-01    20 9.310849e+01 2.895086e-01 1.946994e-03 
3.531000e+02 2.195830e-02 -9.928214e-03 -3.078366e+00 1.078208e+04 1.554067e+04 1.608055e+02 1.500000e+04 7.777443e+03 2.463734e-04     0 -2.617994e-01    20 9.376999e+01 2.891078e-01 1.841853e-03 
3.532000e+02 2.228616e-02 9.198722e-04 -3.077299e+00 1.077309e+04 1.554014e+04 1.580842e+02 1.500000e+04 7.777443e+03 4.046844e-04     0 -2.617994e-01    20 9.439199e+01 2.887502e-01 1.730235e-03 
3.533000e+02 2.257064e-02 1.214658e-02 -3.076220e+00 1.076401e+04 1.553960e+04 1.554488e+02 1.500000e+04 7.777443e+03 4.801101e-04     0 -2.617994e-01    20 9.497360e+01 2.884336e-01 1.611601e-03 
3.534000e+02 2.282812e-02 2.372168e-02 -3.075132e+00 1.075485e+04 1.553904e+04 1.529051e+02 1.500000e+04 7.777443e+03 5.200345e-04     0 -2.617994e-01    20 9.551402e+01 2.881563e-01 1.491725e-03 
3.535000e+02 2.307344e-02 3.561548e-02 -3.074038e+00 1.074561e+04 1.553847e+04 1.504584e+02 1.500000e+04 7.776838e+03 5.444068e-04     0 -2.617994e-01    20 9.601253e+01 2.879166e-01 1.378102e-03 
3.536000e+02 2.330168e-02 4.779873e-02 -3.072944e+00 1.073629e+04 1.553789e+04 1.481138e+02 1.500000e+04 7.776838e+03 9.075742e-04     0 -2.617994e-01    20 9.646853e+01 2.877130e-01 1.272581e-03 
3.537000e+02 2.347889e-02 6.024261e-02 -3.071851e+00 1.072690e+04 1.553729e+04 1.458761e+02 1.500000e+04 7.776838e+03 1.044299e-03     0 -2.617994e-01    20 9.688150e+01 2.875443e-01 1.164003e-03 
3.538000e+02 2.361062e-02 7.291867e-02 -3.070759e+00 1.071745e+04 1.553668e+04 1.437495e+02 1.500000e+04 7.776838e+03 1.089848e-03     0 -2.617994e-01    20 9.725102e+01 2.874093e-01 1.051459e-03 
3.539000e+02 2.371688e-02 8.579890e-02 -3.069670e+00 1.070794e+04 1.553605e+04 1.417382e+02 1.500000e+04 7.776838e+03 1.096806e-03     0 -2.617994e-01    20 9.757677e+01 2.873069e-01 9.411027e-04 
  354 2.381498e-02 9.885575e-02 -3.068588e+00 1.069838e+04 1.553542e+04 1.398457e+02 1.500000e+04 7.776285e+03 1.087503e-03     0 -2.617994e-01    20 9.785850e+01 2.872362e-01 8.407912e-04 
3.541000e+02 2.390051e-02 1.120621e-01 -3.067516e+00 1.068876e+04 1.553477e+04 1.380751e+02 1.500000e+04 7.776285e+03 1.418383e-03     0 -2.617994e-01    20 9.809609e+01 2.871963e-01 7.522234e-04 
3.542000e+02 2.393886e-02 1.253910e-01 -3.066456e+00 1.067910e+04 1.553411e+04 1.364291e+02 1.500000e+04 7.776285e+03 1.522864e-03     0 -2.617994e-01    20 9.828949e+01 2.871867e-01 6.633808e-04 
3.543000e+02 2.393670e-02 1.388161e-01 -3.065407e+00 1.066941e+04 1.553343e+04 1.349102e+02 1.500000e+04 7.776285e+03 1.536814e-03     0 -2.617994e-01    20 9.843874e+01 2.872065e-01 5.727791e-04 
3.544000e+02 2.391485e-02 1.523112e-01 -3.064369e+00 1.065968e+04 1.553275e+04 1.335201e+02 1.500000e+04 7.776285e+03 1.513892e-03     0 -2.617994e-01 2.010489e+01 9.854423e+01 2.872545e-01 4.860475e-04 
3.545000e+02 2.389135e-02 1.658509e-01 -3.063346e+00 1.064993e+04 1.553205e+04 1.322603e+02 1.500000e+04 7.775767e+03 1.475319e-03     0 -2.617994e-01 2.021843e+01 9.860674e+01 2.873286e-01 4.105999e-04 
3.546000e+02 2.386244e-02 1.794105e-01 -3.062340e+00 1.064016e+04 1.553134e+04 1.311318e+02 1.500000e+04 7.775767e+03 1.755364e-03     0 -2.617994e-01 2.029659e+01 9.862636e+01 2.874294e-01 3.477473e-04 
3.547000e+02 2.379564e-02 1.929662e-01 -3.061351e+00 1.063037e+04 1.553062e+04 1.301352e+02 1.500000e+04 7.775767e+03 1.825317e-03     0 -2.617994e-01 2.034124e+01 9.860326e+01 2.875581e-01 2.856985e-04 
3.548000e+02 2.369783e-02 2.064936e-01 -3.060378e+00 1.062058e+04 1.552990e+04 1.292705e+02 1.500000e+04 7.775767e+03 1.812197e-03     0 -2.617994e-01 2.035409e+01 9.853768e+01 2.877152e-01 2.226719e-04 
3.549000e+02 2.358880e-02 2.199687e-01 -3.059420e+00 1.061079e+04 1.552916e+04 1.285374e+02 1.500000e+04 7.775767e+03 1.765606e-03     0 -2.617994e-01 2.033716e+01 9.842998e+01 2.879013e-01 1.635898e-04 
  355 2.348467e-02 2.333675e-01 -3.058480e+00 1.060100e+04 1.552841e+04 1.279352e+02 1.500000e+04 7.775263e+03 1.706649e-03     0 -2.617994e-01 2.029226e+01 9.828059e+01 2.881168e-01 1.148631e-04 
3.551000e+02 2.338238e-02 2.466661e-01 -3.057559e+00 1.059122e+04 1.552766e+04 1.274627e+02 1.500000e+04 7.775263e+03 1.933118e-03     0 -2.617994e-01 2.022105e+01 9.809005e+01 2.883618e-01 7.756421e-05 
3.552000e+02 2.325380e-02 2.598407e-01 -3.056656e+00 1.058146e+04 1.552689e+04 1.271183e+02 1.500000e+04 7.775263e+03 1.973843e-03     0 -2.617994e-01 2.012508e+01 9.785898e+01 2.886366e-01 4.115834e-05 
3.553000e+02 2.310487e-02 2.728678e-01 -3.055771e+00 1.057172e+04 1.552612e+04 1.268999e+02 1.500000e+04 7.775263e+03 1.942211e-03     0 -2.617994e-01 2.000574e+01 9.758809e+01 2.889413e-01 3.877120e-06 
3.554000e+02 2.295251e-02 2.857240e-01 -3.054902e+00 1.056201e+04 1.552535e+04 1.268051e+02 1.500000e+04 7.775263e+03 1.882553e-03     0 -2.617994e-01    20 9.727860e+01 2.892750e-01 -3.018905e-05 
3.555000e+02 2.281040e-02 2.983867e-01 -3.054050e+00 1.055233e+04 1.552457e+04 1.268312e+02 1.500000e+04 7.774754e+03 1.813190e-03     0 -2.617994e-01    20 9.693194e+01 2.896363e-01 -5.562939e-05 
3.556000e+02 2.267569e-02 3.108343e-01 -3.053217e+00 1.054269e+04 1.552378e+04 1.269751e+02 1.500000e+04 7.774754e+03 1.992282e-03     0 -2.617994e-01    20 9.654918e+01 2.900258e-01 -7.159660e-05 
3.557000e+02 2.252484e-02 3.230455e-01 -3.052402e+00 1.053309e+04 1.552299e+04 1.272332e+02 1.500000e+04 7.774754e+03 2.012084e-03     0 -2.617994e-01    20 9.613144e+01 2.904440e-01 -8.702618e-05 
3.558000e+02 2.236250e-02 3.349994e-01 -3.051603e+00 1.052354e+04 1.552219e+04 1.276018e+02 1.500000e+04 7.774754e+03 1.970785e-03     0 -2.617994e-01    20 9.567992e+01 2.908917e-01 -1.034991e-04 
3.559000e+02 2.220227e-02 3.466759e-01 -3.050819e+00 1.051404e+04 1.552139e+04 1.280769e+02 1.500000e+04 7.774754e+03 1.906508e-03     0 -2.617994e-01    20 9.519586e+01 2.913699e-01 -1.176931e-04 
  356 2.205490e-02 3.580549e-01 -3.050052e+00 1.050460e+04 1.552059e+04 1.286542e+02 1.500000e+04 7.774218e+03 1.835217e-03     0 -2.617994e-01    20 9.468056e+01 2.918793e-01 -1.252044e-04 
3.561000e+02 2.191793e-02 3.691168e-01 -3.049300e+00 1.049521e+04 1.551978e+04 1.293289e+02 1.500000e+04 7.774218e+03 1.977420e-03     0 -2.617994e-01    20 9.413536e+01 2.924208e-01 -1.253039e-04 
3.562000e+02 2.177213e-02 3.798423e-01 -3.048565e+00 1.048589e+04 1.551897e+04 1.300964e+02 1.500000e+04 7.774218e+03 1.984449e-03     0 -2.617994e-01    20 9.356169e+01 2.929951e-01 -1.252853e-04 
3.563000e+02 2.162079e-02 3.902125e-01 -3.047845e+00 1.047664e+04 1.551816e+04 1.309516e+02 1.500000e+04 7.774218e+03 1.940329e-03     0 -2.617994e-01    20 9.296097e+01 2.936030e-01 -1.264507e-04 
3.564000e+02 2.147440e-02 4.002087e-01 -3.047137e+00 1.046746e+04 1.551735e+04 1.318893e+02 1.500000e+04 7.774218e+03 1.877517e-03     0 -2.617994e-01    20 9.233472e+01 2.942452e-01 -1.261159e-04 
3.565000e+02 2.134115e-02 4.098129e-01 -3.046444e+00 1.045835e+04 1.551654e+04 1.329043e+02 1.500000e+04 7.773643e+03 1.809444e-03     0 -2.617994e-01    20 9.168446e+01 2.949225e-01 -1.206997e-04 
3.566000e+02 2.121889e-02 4.190071e-01 -3.045764e+00 1.044932e+04 1.551573e+04 1.339909e+02 1.500000e+04 7.773643e+03 1.924887e-03     0 -2.617994e-01    20 9.101178e+01 2.956357e-01 -1.095509e-04 
3.567000e+02 2.109209e-02 4.277742e-01 -3.045099e+00 1.044036e+04 1.551492e+04 1.351436e+02 1.500000e+04 7.773643e+03 1.925148e-03     0 -2.617994e-01    20 9.031830e+01 2.963854e-01 -9.848826e-05 
3.568000e+02 2.096293e-02 4.360971e-01 -3.044446e+00 1.043148e+04 1.551412e+04 1.363567e+02 1.500000e+04 7.773643e+03 1.882244e-03     0 -2.617994e-01    20 8.960566e+01 2.971724e-01 -8.852582e-05 
3.569000e+02 2.083931e-02 4.439594e-01 -3.043805e+00 1.042269e+04 1.551331e+04 1.376246e+02 1.500000e+04 7.773643e+03 1.823832e-03     0 -2.617994e-01    20 8.887556e+01 2.979974e-01 -7.747952e-05 
  357 2.072746e-02 4.513451e-01 -3.043176e+00 1.041397e+04 1.551250e+04 1.389413e+02 1.500000e+04 7.773016e+03 1.761218e-03     0 -2.617994e-01    20 8.812972e+01 2.988612e-01 -6.242620e-05 
3.571000e+02 2.062552e-02 4.582388e-01 -3.042558e+00 1.040534e+04 1.551170e+04 1.403010e+02 1.500000e+04 7.773016e+03 1.857506e-03     0 -2.617994e-01    20 8.736988e+01 2.997643e-01 -4.276210e-05 
3.572000e+02 2.052107e-02 4.646255e-01 -3.041953e+00 1.039679e+04 1.551090e+04 1.416981e+02 1.500000e+04 7.773016e+03 1.854413e-03     0 -2.617994e-01    20 8.659784e+01 3.007073e-01 -2.308695e-05 
3.573000e+02 2.041547e-02 4.704907e-01 -3.041359e+00 1.038833e+04 1.551010e+04 1.431265e+02 1.500000e+04 7.773016e+03 1.814260e-03     0 -2.617994e-01    20 8.581540e+01 3.016906e-01 -4.170418e-06 
3.574000e+02 2.031470e-02 4.758207e-01 -3.040775e+00 1.037995e+04 1.550930e+04 1.445807e+02 1.500000e+04 7.773016e+03 1.760848e-03     0 -2.617994e-01    20 8.502438e+01 3.027147e-01 1.577375e-05 
3.575000e+02 2.022355e-02 4.806021e-01 -3.040201e+00 1.037165e+04 1.550850e+04 1.460547e+02 1.500000e+04 7.772332e+03 1.703800e-03     0 -2.617994e-01    20 8.422666e+01 3.037796e-01 3.914098e-05 
3.576000e+02 2.014054e-02 4.848223e-01 -3.039637e+00 1.036344e+04 1.550771e+04 1.475430e+02 1.500000e+04 7.772332e+03 1.785680e-03     0 -2.617994e-01    20 8.342410e+01 3.048855e-01 6.648942e-05 
3.577000e+02 2.005578e-02 4.884694e-01 -3.039084e+00 1.035532e+04 1.550693e+04 1.490399e+02 1.500000e+04 7.772332e+03 1.780609e-03     0 -2.617994e-01    20 8.261861e+01 3.060320e-01 9.417733e-05 
3.578000e+02 1.997013e-02 4.915322e-01 -3.038540e+00 1.034727e+04 1.550614e+04 1.505400e+02 1.500000e+04 7.772332e+03 1.743164e-03     0 -2.617994e-01    20 8.181209e+01 3.072189e-01 1.216125e-04 
3.579000e+02 1.988821e-02 4.940001e-01 -3.038005e+00 1.033931e+04 1.550536e+04 1.520379e+02 1.500000e+04 7.772332e+03 1.694091e-03     0 -2.617994e-01    20 8.100648e+01 3.084453e-01 1.502481e-04 
  358 1.981384e-02 4.958636e-01 -3.037478e+00 1.033142e+04 1.550458e+04 1.535283e+02 1.500000e+04 7.771591e+03 1.641708e-03     0 -2.617994e-01    20 8.020373e+01 3.097103e-01 1.820401e-04 
3.581000e+02 1.974595e-02 4.971139e-01 -3.036960e+00 1.032362e+04 1.550380e+04 1.550060e+02 1.500000e+04 7.771591e+03 1.712065e-03     0 -2.617994e-01    20 7.940578e+01 3.110124e-01 2.174799e-04 
3.582000e+02 1.967671e-02 4.977431e-01 -3.036451e+00 1.031589e+04 1.550303e+04 1.564661e+02 1.500000e+04 7.771591e+03 1.705420e-03     0 -2.617994e-01    20 7.861460e+01 3.123499e-01 2.536417e-04 
3.583000e+02 1.960671e-02 4.977446e-01 -3.035949e+00 1.030824e+04 1.550226e+04 1.579036e+02 1.500000e+04 7.771591e+03 1.670129e-03     0 -2.617994e-01    20 7.783215e+01 3.137206e-01 2.900349e-04 
3.584000e+02 1.953967e-02 4.971126e-01 -3.035454e+00 1.030067e+04 1.550150e+04 1.593139e+02 1.500000e+04 7.771591e+03 1.624515e-03     0 -2.617994e-01    20 7.706041e+01 3.151216e-01 3.278146e-04 
3.585000e+02 1.947875e-02 4.958426e-01 -3.034967e+00 1.029316e+04 1.550074e+04 1.606924e+02 1.500000e+04 7.770796e+03 1.575878e-03     0 -2.617994e-01    20 7.630133e+01 3.165498e-01 3.685522e-04 
3.586000e+02 1.942331e-02 4.939316e-01 -3.034486e+00 1.028573e+04 1.549998e+04 1.620348e+02 1.500000e+04 7.770796e+03 1.637223e-03     0 -2.617994e-01    20 7.555687e+01 3.180013e-01 4.126338e-04 
3.587000e+02 1.936709e-02 4.913776e-01 -3.034011e+00 1.027836e+04 1.549922e+04 1.633367e+02 1.500000e+04 7.770796e+03 1.629506e-03     0 -2.617994e-01    20 7.482899e+01 3.194717e-01 4.576223e-04 
3.588000e+02 1.931061e-02 4.881803e-01 -3.033543e+00 1.027106e+04 1.549847e+04 1.645943e+02 1.500000e+04 7.770796e+03 1.596172e-03     0 -2.617994e-01    20 7.411960e+01 3.209559e-01 5.030482e-04 
3.589000e+02 1.925695e-02 4.843411e-01 -3.033079e+00 1.026382e+04 1.549772e+04 1.658037e+02 1.500000e+04 7.770796e+03 1.553645e-03     0 -2.617994e-01    20 7.343061e+01 3.224482e-01 5.497842e-04 
  359 1.920888e-02 4.798628e-01 -3.032620e+00 1.025664e+04 1.549697e+04 1.669611e+02 1.500000e+04 7.769952e+03 1.508451e-03     0 -2.617994e-01    20 7.276391e+01 3.239421e-01 5.990532e-04 
3.591000e+02 1.916606e-02 4.747502e-01 -3.032165e+00 1.024952e+04 1.549623e+04 1.680632e+02 1.500000e+04 7.769952e+03 1.564239e-03     0 -2.617994e-01    20 7.212133e+01 3.254307e-01 6.510888e-04 
3.592000e+02 1.912339e-02 4.690101e-01 -3.031714e+00 1.024245e+04 1.549548e+04 1.691067e+02 1.500000e+04 7.769952e+03 1.556781e-03     0 -2.617994e-01    20 7.150467e+01 3.269060e-01 7.037238e-04 
3.593000e+02 1.908130e-02 4.626512e-01 -3.031267e+00 1.023544e+04 1.549474e+04 1.700883e+02 1.500000e+04 7.769952e+03 1.526003e-03     0 -2.617994e-01    20 7.091567e+01 3.283597e-01 7.564296e-04 
3.594000e+02 1.904248e-02 4.556844e-01 -3.030822e+00 1.022848e+04 1.549400e+04 1.710054e+02 1.500000e+04 7.769952e+03 1.486980e-03     0 -2.617994e-01    20 7.035602e+01 3.297828e-01 8.098108e-04 
3.595000e+02 1.900944e-02 4.481230e-01 -3.030378e+00 1.022156e+04 1.549326e+04 1.718551e+02 1.500000e+04 7.769069e+03 1.445686e-03     0 -2.617994e-01    20 6.982734e+01 3.311657e-01 8.647783e-04 
3.596000e+02 1.898198e-02 4.399824e-01 -3.029936e+00 1.021468e+04 1.549253e+04 1.726349e+02 1.500000e+04 7.769069e+03 1.500971e-03     0 -2.617994e-01    20 6.933117e+01 3.324985e-01 9.213786e-04 
3.597000e+02 1.895560e-02 4.312807e-01 -3.029496e+00 1.020785e+04 1.549179e+04 1.733425e+02 1.500000e+04 7.769069e+03 1.496094e-03     0 -2.617994e-01    20 6.886896e+01 3.337707e-01 9.775163e-04 
3.598000e+02 1.893069e-02 4.220385e-01 -3.029055e+00 1.020105e+04 1.549105e+04 1.739758e+02 1.500000e+04 7.769069e+03 1.469194e-03     0 -2.617994e-01    20 6.844208e+01 3.349718e-01 1.032546e-03 
3.599000e+02 1.890963e-02 4.122790e-01 -3.028613e+00 1.019429e+04 1.549032e+04 1.745328e+02 1.500000e+04 7.769069e+03 1.434643e-03     0 -2.617994e-01    20 6.805176e+01 3.360913e-01 1.086847e-03 
  360 1.889472e-02 4.020280e-01 -3.028170e+00 1.018756e+04 1.548958e+04 1.750118e+02 1.500000e+04 7.638319e+03 1.398121e-03     0 -2.617994e-01    20 6.769917e+01 3.371185e-01 1.141094e-03 
3.601000e+02 1.886742e-02 3.913141e-01 -3.027726e+00 1.018086e+04 1.548885e+04 1.754111e+02 1.500000e+04 7.638319e+03 2.400050e-03     0 -2.617994e-01    20 6.738530e+01 3.380435e-01 1.187605e-03 
3.602000e+02 1.877113e-02 3.801684e-01 -3.027277e+00 1.017418e+04 1.548811e+04 1.757295e+02 1.500000e+04 7.638319e+03 2.740737e-03     0 -2.617994e-01    20 6.711105e+01 3.388565e-01 1.198575e-03 
3.603000e+02 1.860390e-02 3.686249e-01 -3.026817e+00 1.016753e+04 1.548738e+04 1.759656e+02 1.500000e+04 7.638319e+03 2.826067e-03     0 -2.617994e-01    20 6.687716e+01 3.395486e-01 1.163475e-03 
3.604000e+02 1.838900e-02 3.567199e-01 -3.026341e+00 1.016089e+04 1.548664e+04 1.761185e+02 1.500000e+04 7.638319e+03 2.808402e-03     0 -2.617994e-01    20 6.668424e+01 3.401118e-01 1.085083e-03 
3.605000e+02 1.815125e-02 3.444924e-01 -3.025848e+00 1.015428e+04 1.548590e+04 1.761874e+02 1.500000e+04 7.635295e+03 2.747850e-03     0 -2.617994e-01    20 6.653274e+01 3.405390e-01 9.720349e-04 
3.606000e+02 1.790738e-02 3.319837e-01 -3.025341e+00 1.014767e+04 1.548516e+04 1.761715e+02 1.500000e+04 7.635295e+03 2.812905e-03     0 -2.617994e-01    20 6.642296e+01 3.408247e-01 8.341712e-04 
3.607000e+02 1.766266e-02 3.192376e-01 -3.024825e+00 1.014107e+04 1.548442e+04 1.760703e+02 1.500000e+04 7.635295e+03 2.781135e-03     0 -2.617994e-01    20 6.635504e+01 3.409648e-01 6.790220e-04 
3.608000e+02 1.742383e-02 3.062994e-01 -3.024305e+00 1.013448e+04 1.548367e+04 1.758836e+02 1.500000e+04 7.635295e+03 2.714153e-03     0 -2.617994e-01    20 6.632896e+01 3.409569e-01 5.156607e-04 
3.609000e+02 1.719657e-02 2.932165e-01 -3.023788e+00 1.012790e+04 1.548292e+04 1.756111e+02 1.500000e+04 7.635295e+03 2.635651e-03     0 -2.617994e-01    20 6.634455e+01 3.408001e-01 3.534897e-04 
  361 1.698373e-02 2.800376e-01 -3.023281e+00 1.012131e+04 1.548217e+04 1.752530e+02 1.500000e+04 7.632246e+03 2.554961e-03     0 -2.617994e-01    20 6.640148e+01 3.404957e-01 2.008573e-04 
3.611000e+02 1.678253e-02 2.668124e-01 -3.022787e+00 1.011473e+04 1.548142e+04 1.748094e+02 1.500000e+04 7.632246e+03 2.644051e-03     0 -2.617994e-01    20 6.649924e+01 3.400464e-01 6.311234e-05 
3.612000e+02 1.658270e-02 2.535912e-01 -3.022314e+00 1.010814e+04 1.548066e+04 1.742806e+02 1.500000e+04 7.632246e+03 2.628339e-03     0 -2.617994e-01    20 6.663720e+01 3.394571e-01 -5.950055e-05 
3.613000e+02 1.638111e-02 2.404247e-01 -3.021862e+00 1.010153e+04 1.547990e+04 1.736671e+02 1.500000e+04 7.632246e+03 2.573699e-03     0 -2.617994e-01    20 6.681457e+01 3.387339e-01 -1.659483e-04 
3.614000e+02 1.617809e-02 2.273637e-01 -3.021433e+00 1.009492e+04 1.547914e+04 1.729698e+02 1.500000e+04 7.632246e+03 2.504330e-03     0 -2.617994e-01    20 6.703042e+01 3.378849e-01 -2.548366e-04 
3.615000e+02 1.597443e-02 2.144580e-01 -3.021029e+00 1.008830e+04 1.547837e+04 1.721893e+02 1.500000e+04 7.629203e+03 2.429266e-03     0 -2.617994e-01    20 6.728367e+01 3.369194e-01 -3.253240e-04 
3.616000e+02 1.576816e-02 2.017569e-01 -3.020649e+00 1.008166e+04 1.547759e+04 1.713268e+02 1.500000e+04 7.629203e+03 2.491117e-03     0 -2.617994e-01    20 6.757314e+01 3.358477e-01 -3.784933e-04 
3.617000e+02 1.555241e-02 1.893079e-01 -3.020293e+00 1.007499e+04 1.547682e+04 1.703835e+02 1.500000e+04 7.629203e+03 2.463238e-03     0 -2.617994e-01    20 6.789751e+01 3.346812e-01 -4.189192e-04 
3.618000e+02 1.532697e-02 1.771570e-01 -3.019960e+00 1.006831e+04 1.547603e+04 1.693607e+02 1.500000e+04 7.629203e+03 2.400561e-03     0 -2.617994e-01    20 6.825537e+01 3.334321e-01 -4.495573e-04 
3.619000e+02 1.509487e-02 1.653479e-01 -3.019646e+00 1.006160e+04 1.547524e+04 1.682598e+02 1.500000e+04 7.629203e+03 2.323693e-03     0 -2.617994e-01    20 6.864519e+01 3.321128e-01 -4.720501e-04 
  362 1.485961e-02 1.539219e-01 -3.019350e+00 1.005486e+04 1.547444e+04 1.670828e+02 1.500000e+04 7.626195e+03 2.240769e-03     0 -2.617994e-01    20 6.906537e+01 3.307358e-01 -4.875237e-04 
3.621000e+02 1.462281e-02 1.429173e-01 -3.019070e+00 1.004810e+04 1.547364e+04 1.658313e+02 1.500000e+04 7.626195e+03 2.239519e-03     0 -2.617994e-01    20 6.951423e+01 3.293137e-01 -4.975891e-04 
3.622000e+02 1.438282e-02 1.323693e-01 -3.018805e+00 1.004130e+04 1.547283e+04 1.645074e+02 1.500000e+04 7.626195e+03 2.183751e-03     0 -2.617994e-01    20 6.999001e+01 3.278585e-01 -5.054462e-04 
3.623000e+02 1.414161e-02 1.223101e-01 -3.018553e+00 1.003446e+04 1.547202e+04 1.631134e+02 1.500000e+04 7.626195e+03 2.107410e-03     0 -2.617994e-01    20 7.049089e+01 3.263817e-01 -5.127674e-04 
3.624000e+02 1.390256e-02 1.127680e-01 -3.018312e+00 1.002759e+04 1.547119e+04 1.616515e+02 1.500000e+04 7.626195e+03 2.023505e-03     0 -2.617994e-01    20 7.101501e+01 3.248942e-01 -5.200116e-04 
3.625000e+02 1.366883e-02 1.037682e-01 -3.018082e+00 1.002067e+04 1.547036e+04 1.601243e+02 1.500000e+04 7.623250e+03 1.937353e-03     0 -2.617994e-01    20 7.156048e+01 3.234058e-01 -5.270487e-04 
3.626000e+02 1.344211e-02 9.533211e-02 -3.017861e+00 1.001372e+04 1.546952e+04 1.585344e+02 1.500000e+04 7.623250e+03 1.894576e-03     0 -2.617994e-01    20 7.212536e+01 3.219256e-01 -5.338435e-04 
3.627000e+02 1.322207e-02 8.747752e-02 -3.017649e+00 1.000672e+04 1.546868e+04 1.568848e+02 1.500000e+04 7.623250e+03 1.825567e-03     0 -2.617994e-01    20 7.270770e+01 3.204614e-01 -5.411612e-04 
3.628000e+02 1.300984e-02 8.021889e-02 -3.017447e+00 9.999672e+03 1.546783e+04 1.551784e+02 1.500000e+04 7.623250e+03 1.747919e-03     0 -2.617994e-01    20 7.330554e+01 3.190202e-01 -5.489537e-04 
3.629000e+02 1.280695e-02 7.356723e-02 -3.017253e+00 9.992576e+03 1.546696e+04 1.534182e+02 1.500000e+04 7.623250e+03 1.668358e-03     0 -2.617994e-01    20 7.391691e+01 3.176079e-01 -5.566004e-04 
  363 1.261456e-02 6.753038e-02 -3.017069e+00 9.985430e+03 1.546609e+04 1.516077e+02 1.500000e+04 7.620392e+03 1.589575e-03     0 -2.617994e-01    20 7.453986e+01 3.162293e-01 -5.632987e-04 
3.631000e+02 1.243306e-02 6.211312e-02 -3.016894e+00 9.978232e+03 1.546522e+04 1.497501e+02 1.500000e+04 7.620392e+03 1.528242e-03     0 -2.617994e-01    20 7.517243e+01 3.148885e-01 -5.684073e-04 
3.632000e+02 1.226203e-02 5.731738e-02 -3.016729e+00 9.970980e+03 1.546433e+04 1.478491e+02 1.500000e+04 7.620392e+03 1.459387e-03     0 -2.617994e-01    20 7.581268e+01 3.135887e-01 -5.717564e-04 
3.633000e+02 1.210142e-02 5.314252e-02 -3.016574e+00 9.963673e+03 1.546343e+04 1.459082e+02 1.500000e+04 7.620392e+03 1.389298e-03     0 -2.617994e-01    20 7.645870e+01 3.123324e-01 -5.730395e-04 
3.634000e+02 1.195126e-02 4.958546e-02 -3.016430e+00 9.956309e+03 1.546253e+04 1.439313e+02 1.500000e+04 7.620392e+03 1.320305e-03     0 -2.617994e-01    20 7.710861e+01 3.111212e-01 -5.719054e-04 
3.635000e+02 1.181143e-02 4.664096e-02 -3.016296e+00 9.948887e+03 1.546161e+04 1.419222e+02 1.500000e+04 7.617642e+03 1.253262e-03     0 -2.617994e-01    20 7.776057e+01 3.099564e-01 -5.680943e-04 
3.636000e+02 1.168186e-02 4.430184e-02 -3.016173e+00 9.941405e+03 1.546069e+04 1.398848e+02 1.500000e+04 7.617642e+03 1.176350e-03     0 -2.617994e-01    20 7.841276e+01 3.088388e-01 -5.613665e-04 
3.637000e+02 1.156262e-02 4.255915e-02 -3.016060e+00 9.933863e+03 1.545976e+04 1.378233e+02 1.500000e+04 7.617642e+03 1.109436e-03     0 -2.617994e-01    20 7.906341e+01 3.077689e-01 -5.513458e-04 
3.638000e+02 1.145323e-02 4.140238e-02 -3.015957e+00 9.926261e+03 1.545882e+04 1.357416e+02 1.500000e+04 7.617642e+03 1.047717e-03     0 -2.617994e-01    20 7.971079e+01 3.067465e-01 -5.380647e-04 
3.639000e+02 1.135304e-02 4.081966e-02 -3.015865e+00 9.918596e+03 1.545787e+04 1.336441e+02 1.500000e+04 7.617642e+03 9.893259e-04     0 -2.617994e-01    20 8.035324e+01 3.057716e-01 -5.218790e-04 
  364 1.126141e-02 4.079789e-02 -3.015782e+00 9.910868e+03 1.545691e+04 1.315349e+02 1.500000e+04 7.615014e+03 9.334784e-04     0 -2.617994e-01    20 8.098912e+01 3.048437e-01 -5.033193e-04 
3.641000e+02 1.117829e-02 4.132290e-02 -3.015709e+00 9.903078e+03 1.545594e+04 1.294182e+02 1.500000e+04 7.615014e+03 8.370109e-04     0 -2.617994e-01    20 8.161686e+01 3.039623e-01 -4.825334e-04 
3.642000e+02 1.110446e-02 4.237961e-02 -3.015644e+00 9.895225e+03 1.545496e+04 1.272983e+02 1.500000e+04 7.615014e+03 7.696698e-04     0 -2.617994e-01    20 8.223495e+01 3.031267e-01 -4.585965e-04 
3.643000e+02 1.103923e-02 4.395210e-02 -3.015587e+00 9.887309e+03 1.545398e+04 1.251796e+02 1.500000e+04 7.615014e+03 7.144229e-04     0 -2.617994e-01    20 8.284193e+01 3.023360e-01 -4.315812e-04 
3.644000e+02 1.098153e-02 4.602376e-02 -3.015537e+00 9.879330e+03 1.545298e+04 1.230663e+02 1.500000e+04 7.615014e+03 6.648247e-04     0 -2.617994e-01    20 8.343639e+01 3.015893e-01 -4.022794e-04 
3.645000e+02 1.093039e-02 4.857737e-02 -3.015494e+00 9.871289e+03 1.545198e+04 1.209627e+02 1.500000e+04 7.612514e+03 6.183450e-04     0 -2.617994e-01    20 8.401700e+01 3.008858e-01 -3.717245e-04 
3.646000e+02 1.088576e-02 5.159519e-02 -3.015457e+00 9.863185e+03 1.545096e+04 1.188730e+02 1.500000e+04 7.612514e+03 5.025189e-04     0 -2.617994e-01    20 8.458247e+01 3.002245e-01 -3.401257e-04 
3.647000e+02 1.084873e-02 5.505904e-02 -3.015425e+00 9.855020e+03 1.544994e+04 1.168015e+02 1.500000e+04 7.612514e+03 4.335546e-04     0 -2.617994e-01    20 8.513158e+01 2.996043e-01 -3.056466e-04 
3.648000e+02 1.081851e-02 5.895035e-02 -3.015397e+00 9.846794e+03 1.544891e+04 1.147521e+02 1.500000e+04 7.612514e+03 3.829644e-04     0 -2.617994e-01    20 8.566318e+01 2.990242e-01 -2.681160e-04 
3.649000e+02 1.079385e-02 6.325027e-02 -3.015373e+00 9.838508e+03 1.544787e+04 1.127292e+02 1.500000e+04 7.612514e+03 3.400429e-04     0 -2.617994e-01    20 8.617618e+01 2.984832e-01 -2.285421e-04 
  365 1.077371e-02 6.793965e-02 -3.015351e+00 9.830164e+03 1.544682e+04 1.107365e+02 1.500000e+04 7.610142e+03 3.006735e-04     0 -2.617994e-01    20 8.666954e+01 2.979803e-01 -1.882893e-04 
3.651000e+02 1.075810e-02 7.299913e-02 -3.015331e+00 9.821763e+03 1.544576e+04 1.087781e+02 1.500000e+04 7.610142e+03 1.701492e-04     0 -2.617994e-01 2.007647e+01 8.714241e+01 2.975140e-01 -1.475560e-04 
3.652000e+02 1.074828e-02 7.840911e-02 -3.015311e+00 9.813306e+03 1.544470e+04 1.068577e+02 1.500000e+04 7.610142e+03 9.979093e-05     0 -2.617994e-01 2.025968e+01 8.759479e+01 2.970798e-01 -1.036702e-04 
3.653000e+02 1.074375e-02 8.415114e-02 -3.015292e+00 9.804795e+03 1.544363e+04 1.049790e+02 1.500000e+04 7.610142e+03 5.236051e-05     0 -2.617994e-01 2.042186e+01 8.802594e+01 2.966771e-01 -5.625916e-05 
3.654000e+02 1.074347e-02 9.020694e-02 -3.015272e+00 9.796232e+03 1.544255e+04 1.031455e+02 1.500000e+04 7.610142e+03 1.415814e-05     0 -2.617994e-01 2.056429e+01 8.843494e+01 2.963062e-01 -6.562665e-06 
3.655000e+02 1.074668e-02 9.655789e-02 -3.015249e+00 9.787619e+03 1.544147e+04 1.013607e+02 1.500000e+04 7.607886e+03 -2.009567e-05     0 -2.617994e-01 2.068845e+01 8.882094e+01 2.959674e-01 4.372902e-05 
3.656000e+02 1.075369e-02 1.031852e-01 -3.015224e+00 9.778958e+03 1.544037e+04 9.962774e+01 1.500000e+04 7.607886e+03 -1.579691e-04     0 -2.617994e-01 2.079570e+01 8.918317e+01 2.956605e-01 9.433229e-05 
3.657000e+02 1.076635e-02 1.100700e-01 -3.015193e+00 9.770250e+03 1.543927e+04 9.794982e+01 1.500000e+04 7.607886e+03 -2.278571e-04     0 -2.617994e-01 2.088726e+01 8.952093e+01 2.953855e-01 1.483470e-04 
3.658000e+02 1.078479e-02 1.171930e-01 -3.015158e+00 9.761499e+03 1.543817e+04 9.632983e+01 1.500000e+04 7.607886e+03 -2.717916e-04     0 -2.617994e-01 2.096419e+01 8.983357e+01 2.951419e-01 2.061760e-04 
3.659000e+02 1.080855e-02 1.245349e-01 -3.015116e+00 9.752707e+03 1.543706e+04 9.477051e+01 1.500000e+04 7.607886e+03 -3.053489e-04     0 -2.617994e-01 2.102746e+01 9.012056e+01 2.949293e-01 2.663579e-04 
  366 1.083729e-02 1.320764e-01 -3.015067e+00 9.743877e+03 1.543594e+04 9.327440e+01 1.500000e+04 7.605729e+03 -3.343184e-04     0 -2.617994e-01 2.107788e+01 9.038140e+01 2.947470e-01 3.269149e-04 
3.661000e+02 1.087190e-02 1.397979e-01 -3.015008e+00 9.735012e+03 1.543482e+04 9.184386e+01 1.500000e+04 7.605729e+03 -4.670778e-04     0 -2.617994e-01 2.111620e+01 9.061567e+01 2.945943e-01 3.873643e-04 
3.662000e+02 1.091534e-02 1.476799e-01 -3.014939e+00 9.726114e+03 1.543369e+04 9.048101e+01 1.500000e+04 7.605729e+03 -5.307718e-04     0 -2.617994e-01 2.114306e+01 9.082304e+01 2.944706e-01 4.507720e-04 
3.663000e+02 1.096860e-02 1.557030e-01 -3.014858e+00 9.717186e+03 1.543256e+04 8.918778e+01 1.500000e+04 7.605729e+03 -5.675127e-04     0 -2.617994e-01 2.115904e+01 9.100321e+01 2.943752e-01 5.174300e-04 
3.664000e+02 1.103172e-02 1.638479e-01 -3.014765e+00 9.708232e+03 1.543143e+04 8.796585e+01 1.500000e+04 7.605729e+03 -5.928038e-04     0 -2.617994e-01 2.116464e+01 9.115599e+01 2.943075e-01 5.857359e-04 
3.665000e+02 1.110472e-02 1.720954e-01 -3.014657e+00 9.699254e+03 1.543029e+04 8.681669e+01 1.500000e+04 7.603644e+03 -6.123409e-04     0 -2.617994e-01 2.116031e+01 9.128123e+01 2.942669e-01 6.535927e-04 
3.666000e+02 1.118897e-02 1.804264e-01 -3.014533e+00 9.690257e+03 1.542915e+04 8.574153e+01 1.500000e+04 7.603644e+03 -7.204169e-04     0 -2.617994e-01 2.114644e+01 9.137884e+01 2.942531e-01 7.202735e-04 
3.667000e+02 1.128847e-02 1.888220e-01 -3.014391e+00 9.681243e+03 1.542800e+04 8.474137e+01 1.500000e+04 7.603644e+03 -7.667952e-04     0 -2.617994e-01 2.112339e+01 9.144882e+01 2.942656e-01 7.882527e-04 
3.668000e+02 1.140464e-02 1.972636e-01 -3.014231e+00 9.672215e+03 1.542685e+04 8.381695e+01 1.500000e+04 7.603644e+03 -7.878407e-04     0 -2.617994e-01 2.109147e+01 9.149121e+01 2.943041e-01 8.576130e-04 
3.669000e+02 1.153749e-02 2.057327e-01 -3.014052e+00 9.663178e+03 1.542570e+04 8.296880e+01 1.500000e+04 7.603644e+03 -7.969082e-04     0 -2.617994e-01 2.105097e+01 9.150613e+01 2.943683e-01 9.268277e-04 
  367 1.168682e-02 2.142109e-01 -3.013851e+00 9.654133e+03 1.542455e+04 8.219718e+01 1.500000e+04 7.601600e+03 -7.989244e-04     0 -2.617994e-01 2.100214e+01 9.149375e+01 2.944579e-01 9.939924e-04 
3.671000e+02 1.185362e-02 2.226802e-01 -3.013628e+00 9.645086e+03 1.542339e+04 8.150212e+01 1.500000e+04 7.601600e+03 -8.567642e-04     0 -2.617994e-01 2.094523e+01 9.145430e+01 2.945729e-01 1.058193e-03 
3.672000e+02 1.204124e-02 2.311226e-01 -3.013381e+00 9.636038e+03 1.542223e+04 8.088342e+01 1.500000e+04 7.601600e+03 -8.710040e-04     0 -2.617994e-01 2.088045e+01 9.138807e+01 2.947129e-01 1.120765e-03 
3.673000e+02 1.225038e-02 2.395205e-01 -3.013110e+00 9.626994e+03 1.542107e+04 8.034064e+01 1.500000e+04 7.601600e+03 -8.657082e-04     0 -2.617994e-01 2.080801e+01 9.129541e+01 2.948780e-01 1.181585e-03 
3.674000e+02 1.248029e-02 2.478565e-01 -3.012813e+00 9.617956e+03 1.541991e+04 7.987311e+01 1.500000e+04 7.601600e+03 -8.498023e-04     0 -2.617994e-01 2.072811e+01 9.117673e+01 2.950679e-01 1.239580e-03 
3.675000e+02 1.272993e-02 2.561132e-01 -3.012490e+00 9.608928e+03 1.541875e+04 7.947993e+01 1.500000e+04 7.599564e+03 -8.267080e-04     0 -2.617994e-01 2.064093e+01 9.103248e+01 2.952826e-01 1.293533e-03 
3.676000e+02 1.299862e-02 2.642739e-01 -3.012140e+00 9.599914e+03 1.541759e+04 7.915997e+01 1.500000e+04 7.599564e+03 -8.105822e-04     0 -2.617994e-01 2.054666e+01 9.086317e+01 2.955220e-01 1.342597e-03 
3.677000e+02 1.328636e-02 2.723217e-01 -3.011763e+00 9.590915e+03 1.541643e+04 7.891192e+01 1.500000e+04 7.599564e+03 -7.811172e-04     0 -2.617994e-01 2.044548e+01 9.066938e+01 2.957860e-01 1.386644e-03 
3.678000e+02 1.359239e-02 2.802402e-01 -3.011358e+00 9.581935e+03 1.541527e+04 7.873421e+01 1.500000e+04 7.599564e+03 -7.436317e-04     0 -2.617994e-01 2.033757e+01 9.045170e+01 2.960748e-01 1.425510e-03 
3.679000e+02 1.391556e-02 2.880133e-01 -3.010925e+00 9.572978e+03 1.541410e+04 7.862512e+01 1.500000e+04 7.599564e+03 -7.002398e-04     0 -2.617994e-01 2.022312e+01 9.021081e+01 2.963881e-01 1.459076e-03 
  368 1.425456e-02 2.956253e-01 -3.010464e+00 9.564045e+03 1.541294e+04 7.858270e+01 1.500000e+04 7.597501e+03 -6.519043e-04     0 -2.617994e-01 2.010230e+01 8.994742e+01 2.967260e-01 1.487389e-03 
3.681000e+02 1.460667e-02 3.030604e-01 -3.009977e+00 9.555140e+03 1.541178e+04 7.860486e+01 1.500000e+04 7.597501e+03 -5.506774e-04     0 -2.617994e-01    20 8.966228e+01 2.970885e-01 1.510035e-03 
3.682000e+02 1.496692e-02 3.103035e-01 -3.009463e+00 9.546265e+03 1.541062e+04 7.868931e+01 1.500000e+04 7.597501e+03 -4.767157e-04     0 -2.617994e-01    20 8.935678e+01 2.974733e-01 1.525398e-03 
3.683000e+02 1.533386e-02 3.173401e-01 -3.008922e+00 9.537422e+03 1.540946e+04 7.883363e+01 1.500000e+04 7.597501e+03 -4.116623e-04     0 -2.617994e-01    20 8.903203e+01 2.978797e-01 1.533443e-03 
3.684000e+02 1.570745e-02 3.241571e-01 -3.008356e+00 9.528614e+03 1.540830e+04 7.903526e+01 1.500000e+04 7.597501e+03 -3.483376e-04     0 -2.617994e-01    20 8.868895e+01 2.983081e-01 1.535276e-03 
3.685000e+02 1.608773e-02 3.307411e-01 -3.007766e+00 9.519843e+03 1.540714e+04 7.929151e+01 1.500000e+04 7.595384e+03 -2.843385e-04     0 -2.617994e-01    20 8.832848e+01 2.987587e-01 1.532488e-03 
3.686000e+02 1.647090e-02 3.370793e-01 -3.007154e+00 9.511110e+03 1.540599e+04 7.959957e+01 1.500000e+04 7.595384e+03 -1.063809e-04     0 -2.617994e-01    20 8.795157e+01 2.992317e-01 1.525333e-03 
3.687000e+02 1.684687e-02 3.431596e-01 -3.006521e+00 9.502418e+03 1.540483e+04 7.995650e+01 1.500000e+04 7.595384e+03 8.745145e-07     0 -2.617994e-01    20 8.755923e+01 2.997272e-01 1.510746e-03 
3.688000e+02 1.721461e-02 3.489699e-01 -3.005867e+00 9.493769e+03 1.540368e+04 8.035930e+01 1.500000e+04 7.595384e+03 8.100187e-05     0 -2.617994e-01    20 8.715249e+01 3.002454e-01 1.488784e-03 
3.689000e+02 1.757680e-02 3.544987e-01 -3.005195e+00 9.485163e+03 1.540252e+04 8.080486e+01 1.500000e+04 7.595384e+03 1.503680e-04     0 -2.617994e-01    20 8.673241e+01 3.007859e-01 1.461665e-03 
  369 1.793585e-02 3.597347e-01 -3.004507e+00 9.476602e+03 1.540137e+04 8.128999e+01 1.500000e+04 7.593189e+03 2.154166e-04     0 -2.617994e-01    20 8.630007e+01 3.013488e-01 1.432272e-03 
3.691000e+02 1.828790e-02 3.646675e-01 -3.003805e+00 9.468087e+03 1.540022e+04 8.181144e+01 1.500000e+04 7.593189e+03 4.473079e-04     0 -2.617994e-01    20 8.585657e+01 3.019336e-01 1.401380e-03 
3.692000e+02 1.861916e-02 3.692866e-01 -3.003091e+00 9.459619e+03 1.539908e+04 8.236593e+01 1.500000e+04 7.593189e+03 5.699887e-04     0 -2.617994e-01    20 8.540304e+01 3.025400e-01 1.364725e-03 
3.693000e+02 1.892968e-02 3.735823e-01 -3.002365e+00 9.451199e+03 1.539793e+04 8.295011e+01 1.500000e+04 7.593189e+03 6.492480e-04     0 -2.617994e-01    20 8.494064e+01 3.031674e-01 1.322244e-03 
3.694000e+02 1.922488e-02 3.775455e-01 -3.001630e+00 9.442829e+03 1.539679e+04 8.356063e+01 1.500000e+04 7.593189e+03 7.100210e-04     0 -2.617994e-01    20 8.447052e+01 3.038153e-01 1.276749e-03 
3.695000e+02 1.950972e-02 3.811675e-01 -3.000889e+00 9.434507e+03 1.539564e+04 8.419408e+01 1.500000e+04 7.590901e+03 7.623242e-04     0 -2.617994e-01    20 8.399387e+01 3.044830e-01 1.231849e-03 
3.696000e+02 1.978105e-02 3.844402e-01 -3.000142e+00 9.426236e+03 1.539450e+04 8.484709e+01 1.500000e+04 7.590901e+03 1.017918e-03     0 -2.617994e-01    20 8.351189e+01 3.051698e-01 1.188577e-03 
3.697000e+02 2.002338e-02 3.873562e-01 -2.999394e+00 9.418014e+03 1.539336e+04 8.551626e+01 1.500000e+04 7.590901e+03 1.137572e-03     0 -2.617994e-01    20 8.302578e+01 3.058746e-01 1.141875e-03 
3.698000e+02 2.023779e-02 3.899086e-01 -2.998643e+00 9.409843e+03 1.539223e+04 8.619820e+01 1.500000e+04 7.590901e+03 1.202682e-03     0 -2.617994e-01    20 8.253676e+01 3.065967e-01 1.091420e-03 
3.699000e+02 2.043175e-02 3.920913e-01 -2.997892e+00 9.401722e+03 1.539109e+04 8.688955e+01 1.500000e+04 7.590901e+03 1.244225e-03     0 -2.617994e-01    20 8.204605e+01 3.073348e-01 1.040120e-03 
  370 2.061204e-02 3.938988e-01 -2.997142e+00 9.393651e+03 1.538996e+04 8.758698e+01 1.500000e+04 7.588514e+03 1.274747e-03     0 -2.617994e-01    20 8.155489e+01 3.080878e-01 9.917429e-04 
3.701000e+02 2.077660e-02 3.953265e-01 -2.996396e+00 9.385629e+03 1.538883e+04 8.828719e+01 1.500000e+04 7.588514e+03 1.525654e-03     0 -2.617994e-01    20 8.106451e+01 3.088541e-01 9.473490e-04 
3.702000e+02 2.091007e-02 3.963703e-01 -2.995655e+00 9.377657e+03 1.538770e+04 8.898694e+01 1.500000e+04 7.588514e+03 1.628093e-03     0 -2.617994e-01    20 8.057613e+01 3.096324e-01 9.015890e-04 
3.703000e+02 2.101420e-02 3.970270e-01 -2.994920e+00 9.369734e+03 1.538657e+04 8.968302e+01 1.500000e+04 7.588514e+03 1.671036e-03     0 -2.617994e-01    20 8.009100e+01 3.104208e-01 8.538676e-04 
3.704000e+02 2.109740e-02 3.972943e-01 -2.994191e+00 9.361859e+03 1.538545e+04 9.037230e+01 1.500000e+04 7.588514e+03 1.688384e-03     0 -2.617994e-01    20 7.961033e+01 3.112175e-01 8.068468e-04 
3.705000e+02 2.116728e-02 3.971705e-01 -2.993469e+00 9.354031e+03 1.538432e+04 9.105170e+01 1.500000e+04 7.586027e+03 1.693903e-03     0 -2.617994e-01    20 7.913534e+01 3.120205e-01 7.640462e-04 
3.706000e+02 2.122282e-02 3.966551e-01 -2.992757e+00 9.346250e+03 1.538320e+04 9.171824e+01 1.500000e+04 7.586027e+03 1.919639e-03     0 -2.617994e-01    20 7.866723e+01 3.128274e-01 7.264062e-04 
3.707000e+02 2.124997e-02 3.957482e-01 -2.992055e+00 9.338514e+03 1.538208e+04 9.236899e+01 1.500000e+04 7.586027e+03 1.997096e-03     0 -2.617994e-01    20 7.820721e+01 3.136360e-01 6.887156e-04 
3.708000e+02 2.125078e-02 3.944511e-01 -2.991362e+00 9.330823e+03 1.538096e+04 9.300112e+01 1.500000e+04 7.586027e+03 2.015520e-03     0 -2.617994e-01    20 7.775644e+01 3.144437e-01 6.501783e-04 
3.709000e+02 2.123353e-02 3.927658e-01 -2.990680e+00 9.323174e+03 1.537984e+04 9.361188e+01 1.500000e+04 7.586027e+03 2.008911e-03     0 -2.617994e-01    20 7.731609e+01 3.152476e-01 6.130404e-04 
  371 2.120580e-02 3.906957e-01 -2.990008e+00 9.315568e+03 1.537872e+04 9.419864e+01 1.500000e+04 7.583446e+03 1.991058e-03     0 -2.617994e-01    20 7.688727e+01 3.160449e-01 5.803587e-04 
3.711000e+02 2.116728e-02 3.882449e-01 -2.989349e+00 9.308003e+03 1.537761e+04 9.475883e+01 1.500000e+04 7.583446e+03 2.181030e-03     0 -2.617994e-01    20 7.647111e+01 3.168325e-01 5.528893e-04 
3.712000e+02 2.110580e-02 3.854187e-01 -2.988701e+00 9.300477e+03 1.537649e+04 9.529002e+01 1.500000e+04 7.583446e+03 2.231860e-03     0 -2.617994e-01    20 7.606866e+01 3.176072e-01 5.258334e-04 
3.713000e+02 2.102331e-02 3.822235e-01 -2.988066e+00 9.292988e+03 1.537538e+04 9.578985e+01 1.500000e+04 7.583446e+03 2.227828e-03     0 -2.617994e-01    20 7.568098e+01 3.183657e-01 4.982903e-04 
3.714000e+02 2.092734e-02 3.786667e-01 -2.987441e+00 9.285536e+03 1.537426e+04 9.625610e+01 1.500000e+04 7.583446e+03 2.201006e-03     0 -2.617994e-01    20 7.530907e+01 3.191044e-01 4.720669e-04 
3.715000e+02 2.082481e-02 3.747571e-01 -2.986828e+00 9.278119e+03 1.537315e+04 9.668664e+01 1.500000e+04 7.580784e+03 2.164362e-03     0 -2.617994e-01    20 7.495388e+01 3.198198e-01 4.497095e-04 
3.716000e+02 2.071578e-02 3.705044e-01 -2.986227e+00 9.270734e+03 1.537204e+04 9.707948e+01 1.500000e+04 7.580784e+03 2.316665e-03     0 -2.617994e-01    20 7.461634e+01 3.205085e-01 4.317916e-04 
3.717000e+02 2.058994e-02 3.659195e-01 -2.985639e+00 9.263381e+03 1.537092e+04 9.743270e+01 1.500000e+04 7.580784e+03 2.343614e-03     0 -2.617994e-01    20 7.429732e+01 3.211667e-01 4.140512e-04 
3.718000e+02 2.044897e-02 3.610147e-01 -2.985061e+00 9.256057e+03 1.536981e+04 9.774455e+01 1.500000e+04 7.580784e+03 2.321700e-03     0 -2.617994e-01    20 7.399763e+01 3.217910e-01 3.955776e-04 
3.719000e+02 2.029931e-02 3.558031e-01 -2.984495e+00 9.248761e+03 1.536870e+04 9.801337e+01 1.500000e+04 7.580784e+03 2.279981e-03     0 -2.617994e-01    20 7.371803e+01 3.223777e-01 3.778104e-04 
  372 2.014693e-02 3.502992e-01 -2.983938e+00 9.241490e+03 1.536758e+04 9.823762e+01 1.500000e+04 7.578057e+03 2.230158e-03     0 -2.617994e-01    20 7.345923e+01 3.229234e-01 3.628528e-04 
3.721000e+02 1.999199e-02 3.445187e-01 -2.983393e+00 9.234244e+03 1.536647e+04 9.841590e+01 1.500000e+04 7.578057e+03 2.348696e-03     0 -2.617994e-01    20 7.322188e+01 3.234249e-01 3.511453e-04 
3.722000e+02 1.982577e-02 3.384781e-01 -2.982859e+00 9.227019e+03 1.536535e+04 9.854691e+01 1.500000e+04 7.578057e+03 2.356754e-03     0 -2.617994e-01    20 7.300653e+01 3.238790e-01 3.389820e-04 
3.723000e+02 1.964957e-02 3.321953e-01 -2.982334e+00 9.219815e+03 1.536424e+04 9.862948e+01 1.500000e+04 7.578057e+03 2.322255e-03     0 -2.617994e-01    20 7.281372e+01 3.242827e-01 3.255224e-04 
3.724000e+02 1.946873e-02 3.256890e-01 -2.981819e+00 9.212629e+03 1.536312e+04 9.866259e+01 1.500000e+04 7.578057e+03 2.270950e-03     0 -2.617994e-01    20 7.264387e+01 3.246335e-01 3.119559e-04 
3.725000e+02 1.928825e-02 3.189791e-01 -2.981312e+00 9.205459e+03 1.536200e+04 9.864530e+01 1.500000e+04 7.575282e+03 2.213157e-03     0 -2.617994e-01    20 7.249736e+01 3.249289e-01 3.000670e-04 
3.726000e+02 1.910820e-02 3.120861e-01 -2.980815e+00 9.198303e+03 1.536088e+04 9.857682e+01 1.500000e+04 7.575282e+03 2.304410e-03     0 -2.617994e-01    20 7.237448e+01 3.251671e-01 2.902346e-04 
3.727000e+02 1.892110e-02 3.050318e-01 -2.980327e+00 9.191159e+03 1.535975e+04 9.845648e+01 1.500000e+04 7.575282e+03 2.298927e-03     0 -2.617994e-01    20 7.227544e+01 3.253464e-01 2.792729e-04 
3.728000e+02 1.872787e-02 2.978382e-01 -2.979847e+00 9.184026e+03 1.535863e+04 9.828374e+01 1.500000e+04 7.575282e+03 2.256584e-03     0 -2.617994e-01    20 7.220038e+01 3.254655e-01 2.664702e-04 
3.729000e+02 1.853293e-02 2.905284e-01 -2.979375e+00 9.176901e+03 1.535750e+04 9.805817e+01 1.500000e+04 7.575282e+03 2.200033e-03     0 -2.617994e-01    20 7.214938e+01 3.255238e-01 2.528839e-04 
  373 1.834038e-02 2.831258e-01 -2.978910e+00 9.169783e+03 1.535637e+04 9.777947e+01 1.500000e+04 7.572479e+03 2.138309e-03     0 -2.617994e-01    20 7.212242e+01 3.255208e-01 2.401077e-04 
3.731000e+02 1.815018e-02 2.756545e-01 -2.978452e+00 9.162668e+03 1.535523e+04 9.744745e+01 1.500000e+04 7.572479e+03 2.208627e-03     0 -2.617994e-01    20 7.211940e+01 3.254567e-01 2.285261e-04 
3.732000e+02 1.795578e-02 2.681386e-01 -2.978003e+00 9.155556e+03 1.535410e+04 9.706207e+01 1.500000e+04 7.572479e+03 2.194044e-03     0 -2.617994e-01    20 7.214017e+01 3.253322e-01 2.154150e-04 
3.733000e+02 1.775782e-02 2.606028e-01 -2.977560e+00 9.148445e+03 1.535296e+04 9.662338e+01 1.500000e+04 7.572479e+03 2.147391e-03     0 -2.617994e-01    20 7.218447e+01 3.251481e-01 2.002214e-04 
3.734000e+02 1.755997e-02 2.530715e-01 -2.977124e+00 9.141331e+03 1.535181e+04 9.613157e+01 1.500000e+04 7.572479e+03 2.088619e-03     0 -2.617994e-01    20 7.225199e+01 3.249061e-01 1.839555e-04 
3.735000e+02 1.736563e-02 2.455692e-01 -2.976694e+00 9.134215e+03 1.535066e+04 9.558695e+01 1.500000e+04 7.569670e+03 2.025654e-03     0 -2.617994e-01    20 7.234234e+01 3.246081e-01 1.681100e-04 
3.736000e+02 1.717466e-02 2.381204e-01 -2.976271e+00 9.127092e+03 1.534951e+04 9.498993e+01 1.500000e+04 7.569670e+03 2.079542e-03     0 -2.617994e-01    20 7.245505e+01 3.242564e-01 1.531140e-04 
3.737000e+02 1.698130e-02 2.307490e-01 -2.975855e+00 9.119963e+03 1.534835e+04 9.434106e+01 1.500000e+04 7.569670e+03 2.058819e-03     0 -2.617994e-01    20 7.258961e+01 3.238536e-01 1.366418e-04 
3.738000e+02 1.678601e-02 2.234786e-01 -2.975446e+00 9.112824e+03 1.534718e+04 9.364098e+01 1.500000e+04 7.569670e+03 2.010093e-03     0 -2.617994e-01    20 7.274541e+01 3.234028e-01 1.182953e-04 
3.739000e+02 1.659189e-02 2.163322e-01 -2.975042e+00 9.105675e+03 1.534602e+04 9.289048e+01 1.500000e+04 7.569670e+03 1.950950e-03     0 -2.617994e-01    20 7.292179e+01 3.229072e-01 9.906610e-05 
  374 1.640182e-02 2.093320e-01 -2.974645e+00 9.098513e+03 1.534484e+04 9.209043e+01 1.500000e+04 7.566873e+03 1.888352e-03     0 -2.617994e-01    20 7.311805e+01 3.223704e-01 8.037427e-05 
3.741000e+02 1.621561e-02 2.024995e-01 -2.974255e+00 9.091336e+03 1.534366e+04 9.124182e+01 1.500000e+04 7.566873e+03 1.927810e-03     0 -2.617994e-01    20 7.333341e+01 3.217961e-01 6.269072e-05 
3.742000e+02 1.602830e-02 1.958552e-01 -2.973871e+00 9.084143e+03 1.534248e+04 9.034576e+01 1.500000e+04 7.566873e+03 1.902452e-03     0 -2.617994e-01    20 7.356706e+01 3.211880e-01 4.403321e-05 
3.743000e+02 1.584025e-02 1.894187e-01 -2.973495e+00 9.076932e+03 1.534128e+04 8.940347e+01 1.500000e+04 7.566873e+03 1.852905e-03     0 -2.617994e-01    20 7.381812e+01 3.205502e-01 2.412191e-05 
3.744000e+02 1.565412e-02 1.832083e-01 -2.973124e+00 9.069702e+03 1.534008e+04 8.841625e+01 1.500000e+04 7.566873e+03 1.794492e-03     0 -2.617994e-01    20 7.408568e+01 3.198865e-01 3.901328e-06 
3.745000e+02 1.547235e-02 1.772412e-01 -2.972761e+00 9.062451e+03 1.533888e+04 8.738553e+01 1.500000e+04 7.564107e+03 1.733272e-03     0 -2.617994e-01    20 7.436879e+01 3.192008e-01 -1.531740e-05 
3.746000e+02 1.529481e-02 1.715333e-01 -2.972405e+00 9.055177e+03 1.533767e+04 8.631282e+01 1.500000e+04 7.564107e+03 1.758075e-03     0 -2.617994e-01    20 7.466647e+01 3.184971e-01 -3.306167e-05 
3.747000e+02 1.511739e-02 1.660993e-01 -2.972056e+00 9.047880e+03 1.533645e+04 8.519974e+01 1.500000e+04 7.564107e+03 1.728565e-03     0 -2.617994e-01    20 7.497771e+01 3.177791e-01 -5.100148e-05 
3.748000e+02 1.494047e-02 1.609525e-01 -2.971714e+00 9.040557e+03 1.533522e+04 8.404801e+01 1.500000e+04 7.564107e+03 1.678946e-03     0 -2.617994e-01    20 7.530146e+01 3.170504e-01 -6.935002e-05 
3.749000e+02 1.476624e-02 1.561048e-01 -2.971380e+00 9.033207e+03 1.533399e+04 8.285941e+01 1.500000e+04 7.564107e+03 1.622119e-03     0 -2.617994e-01    20 7.563666e+01 3.163146e-01 -8.727996e-05 
  375 1.459674e-02 1.515667e-01 -2.971053e+00 9.025829e+03 1.533274e+04 8.163584e+01 1.500000e+04 7.561389e+03 1.563182e-03     0 -2.617994e-01    20 7.598223e+01 3.155750e-01 -1.036688e-04 
3.751000e+02 1.443194e-02 1.473474e-01 -2.970734e+00 9.018423e+03 1.533150e+04 8.037927e+01 1.500000e+04 7.561389e+03 1.571802e-03     0 -2.617994e-01    20 7.633708e+01 3.148347e-01 -1.180990e-04 
3.752000e+02 1.426875e-02 1.434545e-01 -2.970422e+00 9.010986e+03 1.533024e+04 7.909174e+01 1.500000e+04 7.561389e+03 1.538209e-03     0 -2.617994e-01    20 7.670010e+01 3.140965e-01 -1.319186e-04 
3.753000e+02 1.410750e-02 1.398947e-01 -2.970119e+00 9.003517e+03 1.532897e+04 7.777537e+01 1.500000e+04 7.561389e+03 1.489216e-03     0 -2.617994e-01    20 7.707019e+01 3.133633e-01 -1.453167e-04 
3.754000e+02 1.394992e-02 1.366728e-01 -2.969824e+00 8.996016e+03 1.532770e+04 7.643236e+01 1.500000e+04 7.561389e+03 1.434940e-03     0 -2.617994e-01    20 7.744623e+01 3.126374e-01 -1.576634e-04 
3.755000e+02 1.379755e-02 1.337926e-01 -2.969536e+00 8.988483e+03 1.532641e+04 7.506495e+01 1.500000e+04 7.558732e+03 1.379373e-03     0 -2.617994e-01    20 7.782712e+01 3.119212e-01 -1.681149e-04 
3.756000e+02 1.365047e-02 1.312568e-01 -2.969256e+00 8.980915e+03 1.532512e+04 7.367545e+01 1.500000e+04 7.558732e+03 1.370171e-03     0 -2.617994e-01    20 7.821175e+01 3.112166e-01 -1.763552e-04 
3.757000e+02 1.350670e-02 1.290666e-01 -2.968985e+00 8.973312e+03 1.532382e+04 7.226623e+01 1.500000e+04 7.558732e+03 1.332671e-03     0 -2.617994e-01    20 7.859903e+01 3.105256e-01 -1.833544e-04 
3.758000e+02 1.336648e-02 1.272221e-01 -2.968722e+00 8.965674e+03 1.532251e+04 7.083969e+01 1.500000e+04 7.558732e+03 1.285180e-03     0 -2.617994e-01    20 7.898787e+01 3.098497e-01 -1.892911e-04 
3.759000e+02 1.323096e-02 1.257224e-01 -2.968466e+00 8.958001e+03 1.532120e+04 6.939828e+01 1.500000e+04 7.558732e+03 1.234607e-03     0 -2.617994e-01    20 7.937720e+01 3.091903e-01 -1.937931e-04 
  376 1.310109e-02 1.245656e-01 -2.968218e+00 8.950291e+03 1.531987e+04 6.794448e+01 1.500000e+04 7.556147e+03 1.183666e-03     0 -2.617994e-01    20 7.976596e+01 3.085488e-01 -1.963642e-04 
3.761000e+02 1.297706e-02 1.237485e-01 -2.967978e+00 8.942544e+03 1.531854e+04 6.648081e+01 1.500000e+04 7.556147e+03 1.155897e-03     0 -2.617994e-01    20 8.015314e+01 3.079262e-01 -1.968093e-04 
3.762000e+02 1.285794e-02 1.232673e-01 -2.967746e+00 8.934760e+03 1.531719e+04 6.500978e+01 1.500000e+04 7.556147e+03 1.115052e-03     0 -2.617994e-01 2.006267e+01 8.053779e+01 3.073231e-01 -1.956352e-04 
3.763000e+02 1.274387e-02 1.231172e-01 -2.967521e+00 8.926940e+03 1.531584e+04 6.353394e+01 1.500000e+04 7.556147e+03 1.070054e-03     0 -2.617994e-01 2.020669e+01 8.091963e+01 3.067373e-01 -1.929878e-04 
3.764000e+02 1.263528e-02 1.232934e-01 -2.967303e+00 8.919082e+03 1.531448e+04 6.205586e+01 1.500000e+04 7.556147e+03 1.024316e-03     0 -2.617994e-01 2.034332e+01 8.129781e+01 3.061693e-01 -1.887831e-04 
3.765000e+02 1.253254e-02 1.237905e-01 -2.967092e+00 8.911186e+03 1.531311e+04 6.057810e+01 1.500000e+04 7.553638e+03 9.791517e-04     0 -2.617994e-01 2.047342e+01 8.167133e+01 3.056206e-01 -1.829058e-04 
3.766000e+02 1.243585e-02 1.246024e-01 -2.966888e+00 8.903253e+03 1.531173e+04 5.910323e+01 1.500000e+04 7.553638e+03 9.334797e-04     0 -2.617994e-01 2.059772e+01 8.203923e+01 3.050923e-01 -1.752768e-04 
3.767000e+02 1.234529e-02 1.257225e-01 -2.966690e+00 8.895284e+03 1.531034e+04 5.763379e+01 1.500000e+04 7.553638e+03 8.901267e-04     0 -2.617994e-01 2.071683e+01 8.240057e+01 3.045853e-01 -1.658586e-04 
3.768000e+02 1.226078e-02 1.271433e-01 -2.966497e+00 8.887277e+03 1.530895e+04 5.617231e+01 1.500000e+04 7.553638e+03 8.485332e-04     0 -2.617994e-01 2.083130e+01 8.275446e+01 3.041004e-01 -1.547376e-04 
3.769000e+02 1.218212e-02 1.288566e-01 -2.966311e+00 8.879234e+03 1.530754e+04 5.472130e+01 1.500000e+04 7.553638e+03 8.084702e-04     0 -2.617994e-01 2.094157e+01 8.310005e+01 3.036383e-01 -1.421026e-04 
  377 1.210910e-02 1.308539e-01 -2.966130e+00 8.871155e+03 1.530613e+04 5.328324e+01 1.500000e+04 7.551207e+03 7.698244e-04     0 -2.617994e-01 2.104806e+01 8.343651e+01 3.031993e-01 -1.282069e-04 
3.771000e+02 1.204195e-02 1.331257e-01 -2.965953e+00 8.863040e+03 1.530471e+04 5.186056e+01 1.500000e+04 7.551207e+03 7.083831e-04     0 -2.617994e-01 2.115110e+01 8.376306e+01 3.027837e-01 -1.130617e-04 
3.772000e+02 1.198157e-02 1.356623e-01 -2.965781e+00 8.854891e+03 1.530328e+04 5.045564e+01 1.500000e+04 7.551207e+03 6.636311e-04     0 -2.617994e-01 2.125096e+01 8.407896e+01 3.023915e-01 -9.604685e-05 
3.773000e+02 1.192770e-02 1.384532e-01 -2.965613e+00 8.846707e+03 1.530184e+04 4.907082e+01 1.500000e+04 7.551207e+03 6.260421e-04     0 -2.617994e-01 2.134787e+01 8.438350e+01 3.020226e-01 -7.715556e-05 
3.774000e+02 1.187962e-02 1.414878e-01 -2.965448e+00 8.838491e+03 1.530040e+04 4.770838e+01 1.500000e+04 7.551207e+03 5.920068e-04     0 -2.617994e-01 2.144204e+01 8.467602e+01 3.016770e-01 -5.682353e-05 
3.775000e+02 1.183672e-02 1.447551e-01 -2.965286e+00 8.830242e+03 1.529894e+04 4.637050e+01 1.500000e+04 7.548850e+03 5.600931e-04     0 -2.617994e-01 2.153360e+01 8.495589e+01 3.013544e-01 -3.564116e-05 
3.776000e+02 1.179924e-02 1.482437e-01 -2.965126e+00 8.821963e+03 1.529748e+04 4.505933e+01 1.500000e+04 7.548850e+03 4.863512e-04     0 -2.617994e-01 2.162268e+01 8.522252e+01 3.010546e-01 -1.369662e-05 
3.777000e+02 1.176875e-02 1.519420e-01 -2.964969e+00 8.813653e+03 1.529602e+04 4.377692e+01 1.500000e+04 7.548850e+03 4.414770e-04     0 -2.617994e-01 2.170936e+01 8.547539e+01 3.007775e-01 1.016911e-05 
3.778000e+02 1.174491e-02 1.558382e-01 -2.964812e+00 8.805315e+03 1.529454e+04 4.252521e+01 1.500000e+04 7.548850e+03 4.083025e-04     0 -2.617994e-01 2.179370e+01 8.571397e+01 3.005228e-01 3.605541e-05 
3.779000e+02 1.172672e-02 1.599203e-01 -2.964657e+00 8.796949e+03 1.529306e+04 4.130607e+01 1.500000e+04 7.548850e+03 3.803556e-04     0 -2.617994e-01 2.187575e+01 8.593782e+01 3.002903e-01 6.331356e-05 
  378 1.171329e-02 1.641762e-01 -2.964502e+00 8.788557e+03 1.529158e+04 4.012128e+01 1.500000e+04 7.546557e+03 3.551062e-04     0 -2.617994e-01 2.195551e+01 8.614652e+01 3.000797e-01 9.106444e-05 
3.781000e+02 1.170496e-02 1.685935e-01 -2.964346e+00 8.780141e+03 1.529008e+04 3.897249e+01 1.500000e+04 7.546557e+03 2.739281e-04     0 -2.617994e-01 2.203300e+01 8.633968e+01 2.998909e-01 1.191429e-04 
3.782000e+02 1.170383e-02 1.731601e-01 -2.964189e+00 8.771702e+03 1.528859e+04 3.786126e+01 1.500000e+04 7.546557e+03 2.306702e-04     0 -2.617994e-01 2.210820e+01 8.651698e+01 2.997237e-01 1.491208e-04 
3.783000e+02 1.170965e-02 1.778633e-01 -2.964030e+00 8.763241e+03 1.528708e+04 3.678903e+01 1.500000e+04 7.546557e+03 2.025083e-04     0 -2.617994e-01 2.218109e+01 8.667812e+01 2.995777e-01 1.811636e-04 
3.784000e+02 1.172128e-02 1.826908e-01 -2.963870e+00 8.754761e+03 1.528557e+04 3.575711e+01 1.500000e+04 7.546557e+03 1.808693e-04     0 -2.617994e-01 2.225164e+01 8.682286e+01 2.994528e-01 2.144566e-04 
3.785000e+02 1.173775e-02 1.876300e-01 -2.963706e+00 8.746262e+03 1.528406e+04 3.476670e+01 1.500000e+04 7.544316e+03 1.624332e-04     0 -2.617994e-01 2.231981e+01 8.695097e+01 2.993489e-01 2.479029e-04 
3.786000e+02 1.175950e-02 1.926683e-01 -2.963538e+00 8.737748e+03 1.528254e+04 3.381889e+01 1.500000e+04 7.544316e+03 8.044323e-05     0 -2.617994e-01 2.238555e+01 8.706229e+01 2.992656e-01 2.812535e-04 
3.787000e+02 1.178909e-02 1.977931e-01 -2.963366e+00 8.729219e+03 1.528102e+04 3.291461e+01 1.500000e+04 7.544316e+03 4.147779e-05     0 -2.617994e-01 2.244882e+01 8.715671e+01 2.992027e-01 3.162944e-04 
3.788000e+02 1.182643e-02 2.029920e-01 -2.963190e+00 8.720677e+03 1.527949e+04 3.205469e+01 1.500000e+04 7.544316e+03 1.962485e-05     0 -2.617994e-01 2.250957e+01 8.723412e+01 2.991601e-01 3.532147e-04 
3.789000e+02 1.187039e-02 2.082523e-01 -2.963007e+00 8.712124e+03 1.527796e+04 3.123981e+01 1.500000e+04 7.544316e+03 5.178767e-06     0 -2.617994e-01 2.256775e+01 8.729448e+01 2.991374e-01 3.911018e-04 
  379 1.191996e-02 2.135617e-01 -2.962819e+00 8.703563e+03 1.527643e+04 3.047052e+01 1.500000e+04 7.542109e+03 -5.600017e-06     0 -2.617994e-01 2.262330e+01 8.733779e+01 2.991345e-01 4.287419e-04 
3.791000e+02 1.197565e-02 2.189077e-01 -2.962623e+00 8.694994e+03 1.527489e+04 2.974724e+01 1.500000e+04 7.542109e+03 -7.977173e-05     0 -2.617994e-01 2.267619e+01 8.736408e+01 2.991512e-01 4.658006e-04 
3.792000e+02 1.204032e-02 2.242780e-01 -2.962419e+00 8.686421e+03 1.527335e+04 2.907025e+01 1.500000e+04 7.542109e+03 -1.105283e-04     0 -2.617994e-01 2.272637e+01 8.737342e+01 2.991873e-01 5.040297e-04 
3.793000e+02 1.211400e-02 2.296604e-01 -2.962207e+00 8.677844e+03 1.527181e+04 2.843972e+01 1.500000e+04 7.542109e+03 -1.238151e-04     0 -2.617994e-01 2.277379e+01 8.736592e+01 2.992425e-01 5.435979e-04 
3.794000e+02 1.219558e-02 2.350427e-01 -2.961986e+00 8.669266e+03 1.527026e+04 2.785565e+01 1.500000e+04 7.542109e+03 -1.293399e-04     0 -2.617994e-01 2.281842e+01 8.734174e+01 2.993166e-01 5.835915e-04 
3.795000e+02 1.228403e-02 2.404130e-01 -2.961756e+00 8.660688e+03 1.526872e+04 2.731793e+01 1.500000e+04 7.539917e+03 -1.308441e-04     0 -2.617994e-01 2.286024e+01 8.730104e+01 2.994095e-01 6.228184e-04 
3.796000e+02 1.237977e-02 2.457595e-01 -2.961515e+00 8.652113e+03 1.526717e+04 2.682631e+01 1.500000e+04 7.539917e+03 -1.869901e-04     0 -2.617994e-01 2.289921e+01 8.724407e+01 2.995208e-01 6.608790e-04 
3.797000e+02 1.248553e-02 2.510704e-01 -2.961263e+00 8.643543e+03 1.526562e+04 2.638043e+01 1.500000e+04 7.539917e+03 -2.046912e-04     0 -2.617994e-01 2.293533e+01 8.717107e+01 2.996505e-01 6.992311e-04 
3.798000e+02 1.260133e-02 2.563343e-01 -2.961000e+00 8.634978e+03 1.526407e+04 2.597977e+01 1.500000e+04 7.539917e+03 -2.065653e-04     0 -2.617994e-01 2.296857e+01 8.708233e+01 2.997983e-01 7.379940e-04 
3.799000e+02 1.272605e-02 2.615398e-01 -2.960725e+00 8.626422e+03 1.526252e+04 2.562372e+01 1.500000e+04 7.539917e+03 -2.010897e-04     0 -2.617994e-01 2.299894e+01 8.697819e+01 2.999639e-01 7.763831e-04 
  380 1.285862e-02 2.666758e-01 -2.960437e+00 8.617875e+03 1.526097e+04 2.531154e+01 1.500000e+04 7.537721e+03 -1.915579e-04     0 -2.617994e-01 2.302644e+01 8.685900e+01 3.001473e-01 8.134014e-04 
3.801000e+02 1.299911e-02 2.717312e-01 -2.960136e+00 8.609340e+03 1.525942e+04 2.504235e+01 1.500000e+04 7.537721e+03 -2.194353e-04     0 -2.617994e-01 2.305108e+01 8.672515e+01 3.003480e-01 8.486409e-04 
3.802000e+02 1.314947e-02 2.766955e-01 -2.959822e+00 8.600817e+03 1.525787e+04 2.481519e+01 1.500000e+04 7.537721e+03 -2.194916e-04     0 -2.617994e-01 2.307289e+01 8.657706e+01 3.005660e-01 8.830414e-04 
3.803000e+02 1.330952e-02 2.815580e-01 -2.959495e+00 8.592310e+03 1.525632e+04 2.462898e+01 1.500000e+04 7.537721e+03 -2.076536e-04     0 -2.617994e-01 2.309189e+01 8.641518e+01 3.008010e-01 9.166715e-04 
3.804000e+02 1.347820e-02 2.863087e-01 -2.959153e+00 8.583819e+03 1.525477e+04 2.448253e+01 1.500000e+04 7.537721e+03 -1.899284e-04     0 -2.617994e-01 2.310812e+01 8.624000e+01 3.010526e-01 9.490239e-04 
3.805000e+02 1.365445e-02 2.909374e-01 -2.958797e+00 8.575345e+03 1.525322e+04 2.437455e+01 1.500000e+04 7.535502e+03 -1.686935e-04     0 -2.617994e-01 2.312163e+01 8.605203e+01 3.013207e-01 9.794854e-04 
3.806000e+02 1.383781e-02 2.954346e-01 -2.958427e+00 8.566891e+03 1.525167e+04 2.430367e+01 1.500000e+04 7.535502e+03 -1.605149e-04     0 -2.617994e-01 2.313247e+01 8.585179e+01 3.016049e-01 1.007726e-03 
3.807000e+02 1.402871e-02 2.997907e-01 -2.958043e+00 8.558457e+03 1.525012e+04 2.426842e+01 1.500000e+04 7.535502e+03 -1.403332e-04     0 -2.617994e-01 2.314070e+01 8.563986e+01 3.019050e-01 1.034021e-03 
3.808000e+02 1.422675e-02 3.039966e-01 -2.957644e+00 8.550045e+03 1.524857e+04 2.426726e+01 1.500000e+04 7.535502e+03 -1.144579e-04     0 -2.617994e-01 2.314639e+01 8.541681e+01 3.022205e-01 1.058405e-03 
3.809000e+02 1.443113e-02 3.080435e-01 -2.957230e+00 8.541656e+03 1.524703e+04 2.429855e+01 1.500000e+04 7.535502e+03 -8.532058e-05     0 -2.617994e-01 2.314962e+01 8.518325e+01 3.025512e-01 1.080776e-03 
  381 1.464112e-02 3.119230e-01 -2.956802e+00 8.533292e+03 1.524548e+04 2.436060e+01 1.500000e+04 7.533245e+03 -5.393387e-05     0 -2.617994e-01 2.315048e+01 8.493983e+01 3.028966e-01 1.101056e-03 
3.811000e+02 1.485569e-02 3.156269e-01 -2.956360e+00 8.524952e+03 1.524394e+04 2.445165e+01 1.500000e+04 7.533245e+03 -6.768563e-06     0 -2.617994e-01 2.314906e+01 8.468718e+01 3.032563e-01 1.119079e-03 
3.812000e+02 1.507329e-02 3.191473e-01 -2.955904e+00 8.516639e+03 1.524240e+04 2.456987e+01 1.500000e+04 7.533245e+03 3.291488e-05     0 -2.617994e-01 2.314545e+01 8.442598e+01 3.036298e-01 1.134395e-03 
3.813000e+02 1.529340e-02 3.224769e-01 -2.955435e+00 8.508353e+03 1.524086e+04 2.471339e+01 1.500000e+04 7.533245e+03 7.039422e-05     0 -2.617994e-01 2.313977e+01 8.415691e+01 3.040167e-01 1.147016e-03 
3.814000e+02 1.551593e-02 3.256087e-01 -2.954952e+00 8.500094e+03 1.523932e+04 2.488030e+01 1.500000e+04 7.533245e+03 1.075900e-04     0 -2.617994e-01 2.313213e+01 8.388068e+01 3.044164e-01 1.157302e-03 
3.815000e+02 1.574079e-02 3.285359e-01 -2.954456e+00 8.491864e+03 1.523779e+04 2.506863e+01 1.500000e+04 7.530937e+03 1.452004e-04     0 -2.617994e-01 2.312265e+01 8.359802e+01 3.048283e-01 1.165762e-03 
3.816000e+02 1.596659e-02 3.312523e-01 -2.953948e+00 8.483664e+03 1.523625e+04 2.527638e+01 1.500000e+04 7.530937e+03 2.283930e-04     0 -2.617994e-01 2.311145e+01 8.330965e+01 3.052518e-01 1.172437e-03 
3.817000e+02 1.618975e-02 3.337522e-01 -2.953429e+00 8.475493e+03 1.523472e+04 2.550153e+01 1.500000e+04 7.530937e+03 2.834171e-04     0 -2.617994e-01 2.309867e+01 8.301631e+01 3.056862e-01 1.176173e-03 
3.818000e+02 1.640986e-02 3.360301e-01 -2.952898e+00 8.467352e+03 1.523319e+04 2.574205e+01 1.500000e+04 7.530937e+03 3.277181e-04     0 -2.617994e-01 2.308443e+01 8.271878e+01 3.061307e-01 1.176944e-03 
3.819000e+02 1.662783e-02 3.380813e-01 -2.952356e+00 8.459241e+03 1.523167e+04 2.599586e+01 1.500000e+04 7.530937e+03 3.678285e-04     0 -2.617994e-01 2.306888e+01 8.241780e+01 3.065846e-01 1.175524e-03 
  382 1.684452e-02 3.399011e-01 -2.951804e+00 8.451162e+03 1.523014e+04 2.626090e+01 1.500000e+04 7.528571e+03 4.063000e-04     0 -2.617994e-01 2.305217e+01 8.211416e+01 3.070470e-01 1.172952e-03 
3.821000e+02 1.705845e-02 3.414858e-01 -2.951243e+00 8.443113e+03 1.522862e+04 2.653509e+01 1.500000e+04 7.528571e+03 5.175107e-04     0 -2.617994e-01 2.303444e+01 8.180862e+01 3.075170e-01 1.169455e-03 
3.822000e+02 1.726431e-02 3.428318e-01 -2.950674e+00 8.435095e+03 1.522710e+04 2.681637e+01 1.500000e+04 7.528571e+03 5.814188e-04     0 -2.617994e-01 2.301585e+01 8.150198e+01 3.079935e-01 1.163266e-03 
3.823000e+02 1.746199e-02 3.439363e-01 -2.950097e+00 8.427109e+03 1.522558e+04 2.710266e+01 1.500000e+04 7.528571e+03 6.267000e-04     0 -2.617994e-01 2.299655e+01 8.119501e+01 3.084757e-01 1.154283e-03 
3.824000e+02 1.765349e-02 3.447968e-01 -2.949512e+00 8.419153e+03 1.522406e+04 2.739191e+01 1.500000e+04 7.528571e+03 6.641703e-04     0 -2.617994e-01 2.297669e+01 8.088850e+01 3.089623e-01 1.143577e-03 
3.825000e+02 1.784070e-02 3.454116e-01 -2.948921e+00 8.411229e+03 1.522254e+04 2.768210e+01 1.500000e+04 7.526142e+03 6.981275e-04     0 -2.617994e-01 2.295644e+01 8.058323e+01 3.094522e-01 1.132569e-03 
3.826000e+02 1.802228e-02 3.457794e-01 -2.948325e+00 8.403335e+03 1.522103e+04 2.797120e+01 1.500000e+04 7.526142e+03 8.264981e-04     0 -2.617994e-01 2.293596e+01 8.027997e+01 3.099442e-01 1.121619e-03 
3.827000e+02 1.819176e-02 3.458995e-01 -2.947724e+00 8.395471e+03 1.521952e+04 2.825723e+01 1.500000e+04 7.526142e+03 8.922181e-04     0 -2.617994e-01 2.291540e+01 7.997952e+01 3.104368e-01 1.108482e-03 
3.828000e+02 1.834935e-02 3.457718e-01 -2.947118e+00 8.387637e+03 1.521801e+04 2.853824e+01 1.500000e+04 7.526142e+03 9.330162e-04     0 -2.617994e-01 2.289495e+01 7.968262e+01 3.109289e-01 1.092954e-03 
3.829000e+02 1.849802e-02 3.453968e-01 -2.946508e+00 8.379833e+03 1.521650e+04 2.881232e+01 1.500000e+04 7.526142e+03 9.631742e-04     0 -2.617994e-01 2.287475e+01 7.939004e+01 3.114190e-01 1.076258e-03 
  383 1.864054e-02 3.447757e-01 -2.945896e+00 8.372058e+03 1.521499e+04 2.907760e+01 1.500000e+04 7.523652e+03 9.884124e-04     0 -2.617994e-01 2.285498e+01 7.910252e+01 3.119055e-01 1.060033e-03 
3.831000e+02 1.877586e-02 3.439102e-01 -2.945281e+00 8.364311e+03 1.521348e+04 2.933224e+01 1.500000e+04 7.523652e+03 1.122784e-03     0 -2.617994e-01 2.283579e+01 7.882080e+01 3.123870e-01 1.044698e-03 
3.832000e+02 1.889689e-02 3.428028e-01 -2.944665e+00 8.356592e+03 1.521198e+04 2.957447e+01 1.500000e+04 7.523652e+03 1.184131e-03     0 -2.617994e-01 2.281736e+01 7.854560e+01 3.128619e-01 1.027700e-03 
3.833000e+02 1.900418e-02 3.414564e-01 -2.944048e+00 8.348900e+03 1.521047e+04 2.980256e+01 1.500000e+04 7.523652e+03 1.216381e-03     0 -2.617994e-01 2.279984e+01 7.827762e+01 3.133285e-01 1.008727e-03 
3.834000e+02 1.910132e-02 3.398747e-01 -2.943430e+00 8.341234e+03 1.520897e+04 3.001484e+01 1.500000e+04 7.523652e+03 1.236192e-03     0 -2.617994e-01 2.278340e+01 7.801753e+01 3.137853e-01 9.890354e-04 
3.835000e+02 1.919172e-02 3.380622e-01 -2.942812e+00 8.333594e+03 1.520746e+04 3.020970e+01 1.500000e+04 7.521105e+03 1.250262e-03     0 -2.617994e-01 2.276820e+01 7.776600e+01 3.142306e-01 9.703305e-04 
3.836000e+02 1.927464e-02 3.360238e-01 -2.942195e+00 8.325979e+03 1.520596e+04 3.038559e+01 1.500000e+04 7.521105e+03 1.381163e-03     0 -2.617994e-01 2.275440e+01 7.752368e+01 3.146626e-01 9.530430e-04 
3.837000e+02 1.934288e-02 3.337652e-01 -2.941579e+00 8.318387e+03 1.520446e+04 3.054103e+01 1.500000e+04 7.521105e+03 1.433729e-03     0 -2.617994e-01 2.274214e+01 7.729117e+01 3.150798e-01 9.344756e-04 
3.838000e+02 1.939714e-02 3.312926e-01 -2.940964e+00 8.310818e+03 1.520295e+04 3.067460e+01 1.500000e+04 7.521105e+03 1.455160e-03     0 -2.617994e-01 2.273160e+01 7.706905e+01 3.154803e-01 9.142278e-04 
3.839000e+02 1.944140e-02 3.286132e-01 -2.940350e+00 8.303271e+03 1.520145e+04 3.078496e+01 1.500000e+04 7.521105e+03 1.463368e-03     0 -2.617994e-01 2.272290e+01 7.685789e+01 3.158627e-01 8.935101e-04 
  384 1.947936e-02 3.257344e-01 -2.939739e+00 8.295744e+03 1.519995e+04 3.087083e+01 1.500000e+04 7.518509e+03 1.465566e-03     0 -2.617994e-01 2.271622e+01 7.665822e+01 3.162252e-01 8.739966e-04 
3.841000e+02 1.951056e-02 3.226646e-01 -2.939130e+00 8.288238e+03 1.519844e+04 3.093102e+01 1.500000e+04 7.518509e+03 1.586175e-03     0 -2.617994e-01 2.271168e+01 7.647052e+01 3.165663e-01 8.561006e-04 
3.842000e+02 1.952798e-02 3.194125e-01 -2.938524e+00 8.280749e+03 1.519694e+04 3.096440e+01 1.500000e+04 7.518509e+03 1.627525e-03     0 -2.617994e-01 2.270942e+01 7.629525e+01 3.168845e-01 8.371237e-04 
3.843000e+02 1.953244e-02 3.159877e-01 -2.937921e+00 8.273278e+03 1.519543e+04 3.096993e+01 1.500000e+04 7.518509e+03 1.637520e-03     0 -2.617994e-01 2.270960e+01 7.613285e+01 3.171783e-01 8.166134e-04 
3.844000e+02 1.952794e-02 3.124002e-01 -2.937320e+00 8.265823e+03 1.519392e+04 3.094664e+01 1.500000e+04 7.518509e+03 1.634342e-03     0 -2.617994e-01 2.271232e+01 7.598370e+01 3.174464e-01 7.957006e-04 
3.845000e+02 1.951823e-02 3.086605e-01 -2.936723e+00 8.258383e+03 1.519242e+04 3.089363e+01 1.500000e+04 7.515875e+03 1.625309e-03     0 -2.617994e-01 2.271774e+01 7.584815e+01 3.176875e-01 7.759754e-04 
3.846000e+02 1.950306e-02 3.047798e-01 -2.936130e+00 8.250957e+03 1.519091e+04 3.081012e+01 1.500000e+04 7.515875e+03 1.731429e-03     0 -2.617994e-01 2.272596e+01 7.572650e+01 3.179005e-01 7.578300e-04 
3.847000e+02 1.947580e-02 3.007698e-01 -2.935541e+00 8.243543e+03 1.518939e+04 3.069537e+01 1.500000e+04 7.515875e+03 1.760770e-03     0 -2.617994e-01 2.273710e+01 7.561903e+01 3.180844e-01 7.386772e-04 
3.848000e+02 1.943728e-02 2.966423e-01 -2.934956e+00 8.236141e+03 1.518788e+04 3.054874e+01 1.500000e+04 7.515875e+03 1.759912e-03     0 -2.617994e-01 2.275128e+01 7.552596e+01 3.182383e-01 7.180568e-04 
3.849000e+02 1.939132e-02 2.924100e-01 -2.934374e+00 8.228749e+03 1.518636e+04 3.036968e+01 1.500000e+04 7.515875e+03 1.746528e-03     0 -2.617994e-01 2.276861e+01 7.544748e+01 3.183614e-01 6.970152e-04 
  385 1.934155e-02 2.880857e-01 -2.933796e+00 8.221365e+03 1.518484e+04 3.015771e+01 1.500000e+04 7.513214e+03 1.727727e-03     0 -2.617994e-01 2.278918e+01 7.538373e+01 3.184533e-01 6.770404e-04 
3.851000e+02 1.928781e-02 2.836825e-01 -2.933223e+00 8.213988e+03 1.518332e+04 2.991246e+01 1.500000e+04 7.513214e+03 1.817091e-03     0 -2.617994e-01 2.281309e+01 7.533480e+01 3.185134e-01 6.585137e-04 
3.852000e+02 1.922403e-02 2.792139e-01 -2.932655e+00 8.206618e+03 1.518180e+04 2.963360e+01 1.500000e+04 7.513214e+03 1.834692e-03     0 -2.617994e-01 2.284044e+01 7.530075e+01 3.185416e-01 6.390440e-04 
3.853000e+02 1.915096e-02 2.746936e-01 -2.932090e+00 8.199253e+03 1.518027e+04 2.932093e+01 1.500000e+04 7.513214e+03 1.824238e-03     0 -2.617994e-01 2.287130e+01 7.528159e+01 3.185378e-01 6.182039e-04 
3.854000e+02 1.907214e-02 2.701356e-01 -2.931530e+00 8.191890e+03 1.517874e+04 2.897430e+01 1.500000e+04 7.513214e+03 1.802308e-03     0 -2.617994e-01 2.290576e+01 7.527728e+01 3.185021e-01 5.969621e-04 
3.855000e+02 1.899091e-02 2.655537e-01 -2.930975e+00 8.184531e+03 1.517720e+04 2.859368e+01 1.500000e+04 7.510541e+03 1.775562e-03     0 -2.617994e-01 2.294388e+01 7.528774e+01 3.184348e-01 5.766987e-04 
3.856000e+02 1.890720e-02 2.609620e-01 -2.930424e+00 8.177172e+03 1.517566e+04 2.817908e+01 1.500000e+04 7.510541e+03 1.846900e-03     0 -2.617994e-01 2.298573e+01 7.531286e+01 3.183363e-01 5.577958e-04 
3.857000e+02 1.881559e-02 2.563746e-01 -2.929878e+00 8.169812e+03 1.517411e+04 2.773064e+01 1.500000e+04 7.510541e+03 1.853509e-03     0 -2.617994e-01 2.303136e+01 7.535247e+01 3.182073e-01 5.381237e-04 
3.858000e+02 1.871673e-02 2.518055e-01 -2.929337e+00 8.162451e+03 1.517257e+04 2.724854e+01 1.500000e+04 7.510541e+03 1.834973e-03     0 -2.617994e-01 2.308084e+01 7.540637e+01 3.180485e-01 5.173164e-04 
3.859000e+02 1.861380e-02 2.472685e-01 -2.928800e+00 8.155087e+03 1.517101e+04 2.673308e+01 1.500000e+04 7.510541e+03 1.806301e-03     0 -2.617994e-01 2.313419e+01 7.547430e+01 3.178610e-01 4.962641e-04 
  386 1.850978e-02 2.427775e-01 -2.928268e+00 8.147719e+03 1.516945e+04 2.618460e+01 1.500000e+04 7.507868e+03 1.773514e-03     0 -2.617994e-01 2.319147e+01 7.555598e+01 3.176457e-01 4.762249e-04 
3.861000e+02 1.840466e-02 2.383459e-01 -2.927742e+00 8.140345e+03 1.516789e+04 2.560356e+01 1.500000e+04 7.507868e+03 1.825724e-03     0 -2.617994e-01 2.325269e+01 7.565110e+01 3.174039e-01 4.575842e-04 
3.862000e+02 1.829381e-02 2.339869e-01 -2.927220e+00 8.132965e+03 1.516632e+04 2.499048e+01 1.500000e+04 7.507868e+03 1.822157e-03     0 -2.617994e-01 2.331788e+01 7.575928e+01 3.171369e-01 4.385289e-04 
3.863000e+02 1.817780e-02 2.297134e-01 -2.926704e+00 8.125577e+03 1.516474e+04 2.434595e+01 1.500000e+04 7.507868e+03 1.797073e-03     0 -2.617994e-01 2.338706e+01 7.588013e+01 3.168463e-01 4.187674e-04 
3.864000e+02 1.805936e-02 2.255379e-01 -2.926193e+00 8.118179e+03 1.516316e+04 2.367066e+01 1.500000e+04 7.507868e+03 1.763461e-03     0 -2.617994e-01 2.346024e+01 7.601323e+01 3.165334e-01 3.990900e-04 
3.865000e+02 1.794103e-02 2.214724e-01 -2.925686e+00 8.110772e+03 1.516157e+04 2.296534e+01 1.500000e+04 7.505208e+03 1.726530e-03     0 -2.617994e-01 2.353741e+01 7.615810e+01 3.161999e-01 3.805967e-04 
3.866000e+02 1.782293e-02 2.175285e-01 -2.925186e+00 8.103354e+03 1.515997e+04 2.223083e+01 1.500000e+04 7.505208e+03 1.758180e-03     0 -2.617994e-01 2.361856e+01 7.631427e+01 3.158475e-01 3.636630e-04 
3.867000e+02 1.770136e-02 2.137173e-01 -2.924690e+00 8.095923e+03 1.515837e+04 2.146802e+01 1.500000e+04 7.505208e+03 1.745130e-03     0 -2.617994e-01 2.370369e+01 7.648120e+01 3.154779e-01 3.468501e-04 
3.868000e+02 1.757682e-02 2.100492e-01 -2.924201e+00 8.088479e+03 1.515676e+04 2.067786e+01 1.500000e+04 7.505208e+03 1.714999e-03     0 -2.617994e-01 2.379277e+01 7.665836e+01 3.150928e-01 3.299399e-04 
3.869000e+02 1.745152e-02 2.065341e-01 -2.923716e+00 8.081020e+03 1.515515e+04 1.986140e+01 1.500000e+04 7.505208e+03 1.678259e-03     0 -2.617994e-01 2.388578e+01 7.684517e+01 3.146940e-01 3.135779e-04 
  387 1.732750e-02 2.031813e-01 -2.923237e+00 8.073547e+03 1.515352e+04 1.901971e+01 1.500000e+04 7.502573e+03 1.639110e-03     0 -2.617994e-01 2.398267e+01 7.704105e+01 3.142833e-01 2.986434e-04 
3.871000e+02 1.720499e-02 1.999993e-01 -2.922763e+00 8.066057e+03 1.515189e+04 1.815397e+01 1.500000e+04 7.502573e+03 1.648320e-03     0 -2.617994e-01 2.408340e+01 7.724539e+01 3.138624e-01 2.854760e-04 
3.872000e+02 1.708150e-02 1.969962e-01 -2.922295e+00 8.058550e+03 1.515025e+04 1.726538e+01 1.500000e+04 7.502573e+03 1.626367e-03     0 -2.617994e-01 2.418793e+01 7.745756e+01 3.134331e-01 2.730825e-04 
3.873000e+02 1.695742e-02 1.941791e-01 -2.921832e+00 8.051025e+03 1.514861e+04 1.635522e+01 1.500000e+04 7.502573e+03 1.592710e-03     0 -2.617994e-01 2.429619e+01 7.767691e+01 3.129970e-01 2.613126e-04 
3.874000e+02 1.683433e-02 1.915545e-01 -2.921375e+00 8.043481e+03 1.514695e+04 1.542481e+01 1.500000e+04 7.502573e+03 1.554738e-03     0 -2.617994e-01 2.440812e+01 7.790279e+01 3.125558e-01 2.506030e-04 
3.875000e+02 1.671366e-02 1.891284e-01 -2.920924e+00 8.035918e+03 1.514529e+04 1.447553e+01 1.500000e+04 7.499975e+03 1.515413e-03     0 -2.617994e-01 2.452365e+01 7.813454e+01 3.121112e-01 2.415306e-04 
3.876000e+02 1.659581e-02 1.869058e-01 -2.920477e+00 8.028335e+03 1.514362e+04 1.350880e+01 1.500000e+04 7.499975e+03 1.500035e-03     0 -2.617994e-01 2.464270e+01 7.837149e+01 3.116645e-01 2.343670e-04 
3.877000e+02 1.647972e-02 1.848911e-01 -2.920036e+00 8.020730e+03 1.514194e+04 1.252609e+01 1.500000e+04 7.499975e+03 1.469751e-03     0 -2.617994e-01 2.476519e+01 7.861295e+01 3.112175e-01 2.286608e-04 
3.878000e+02 1.636566e-02 1.830880e-01 -2.919601e+00 8.013105e+03 1.514025e+04 1.152890e+01 1.500000e+04 7.499975e+03 1.434195e-03     0 -2.617994e-01 2.489102e+01 7.885823e+01 3.107713e-01 2.243271e-04 
3.879000e+02 1.625443e-02 1.814996e-01 -2.919170e+00 8.005458e+03 1.513855e+04 1.051878e+01 1.500000e+04 7.499975e+03 1.397029e-03     0 -2.617994e-01 2.502010e+01 7.910666e+01 3.103275e-01 2.215232e-04 
  388 1.614673e-02 1.801280e-01 -2.918744e+00 7.997788e+03 1.513685e+04 9.497305e+00 1.500000e+04 7.497420e+03 1.359724e-03     0 -2.617994e-01 2.515233e+01 7.935755e+01 3.098872e-01 2.204327e-04 
3.881000e+02 1.604315e-02 1.789750e-01 -2.918323e+00 7.990096e+03 1.513513e+04 8.466083e+00 1.500000e+04 7.497420e+03 1.317633e-03     0 -2.617994e-01 2.528759e+01 7.961020e+01 3.094517e-01 2.212326e-04 
3.882000e+02 1.594432e-02 1.780414e-01 -2.917907e+00 7.982380e+03 1.513341e+04 7.426744e+00 1.500000e+04 7.497420e+03 1.279701e-03     0 -2.617994e-01 2.542578e+01 7.986395e+01 3.090220e-01 2.241351e-04 
3.883000e+02 1.585035e-02 1.773276e-01 -2.917495e+00 7.974641e+03 1.513167e+04 6.380939e+00 1.500000e+04 7.497420e+03 1.244004e-03     0 -2.617994e-01 2.556678e+01 8.011811e+01 3.085992e-01 2.291305e-04 
3.884000e+02 1.576110e-02 1.768332e-01 -2.917087e+00 7.966879e+03 1.512993e+04 5.330335e+00 1.500000e+04 7.497420e+03 1.209823e-03     0 -2.617994e-01 2.571046e+01 8.037202e+01 3.081842e-01 2.360280e-04 
3.885000e+02 1.567640e-02 1.765573e-01 -2.916683e+00 7.959093e+03 1.512818e+04 4.276613e+00 1.500000e+04 7.494915e+03 1.176870e-03     0 -2.617994e-01 2.585669e+01 8.062501e+01 3.077780e-01 2.445297e-04 
3.886000e+02 1.559708e-02 1.764984e-01 -2.916282e+00 7.951283e+03 1.512642e+04 3.221462e+00 1.500000e+04 7.494915e+03 1.106169e-03     0 -2.617994e-01 2.600535e+01 8.087645e+01 3.073813e-01 2.547000e-04 
3.887000e+02 1.552572e-02 1.766544e-01 -2.915884e+00 7.943449e+03 1.512465e+04 2.166571e+00 1.500000e+04 7.494915e+03 1.061426e-03     0 -2.617994e-01 2.615630e+01 8.112568e+01 3.069948e-01 2.675600e-04 
3.888000e+02 1.546220e-02 1.770228e-01 -2.915489e+00 7.935591e+03 1.512287e+04 1.113633e+00 1.500000e+04 7.494915e+03 1.027472e-03     0 -2.617994e-01 2.630940e+01 8.137209e+01 3.066194e-01 2.831969e-04 
3.889000e+02 1.540533e-02 1.776003e-01 -2.915097e+00 7.927710e+03 1.512109e+04 6.433229e-02 1.500000e+04 7.494915e+03 9.985613e-04     0 -2.617994e-01 2.646450e+01 8.161507e+01 3.062554e-01 3.010090e-04 
  389 1.535394e-02 1.783833e-01 -2.914706e+00 7.919804e+03 1.511929e+04     0 1.500000e+04 7.492461e+03 9.723900e-04     0 -2.617994e-01 2.653874e+01 8.185379e+01 3.059045e-01 3.201352e-04 
3.891000e+02 1.530915e-02 1.793675e-01 -2.914316e+00 7.911876e+03 1.511749e+04     0 1.500000e+04 7.492461e+03 8.713892e-04     0 -2.617994e-01 2.659232e+01 8.208727e+01 3.055687e-01 3.405235e-04 
3.892000e+02 1.527578e-02 1.805479e-01 -2.913927e+00 7.903925e+03 1.511567e+04     0 1.500000e+04 7.492461e+03 8.208125e-04     0 -2.617994e-01 2.664742e+01 8.231493e+01 3.052484e-01 3.641671e-04 
3.893000e+02 1.525349e-02 1.819188e-01 -2.913538e+00 7.895951e+03 1.511385e+04     0 1.500000e+04 7.492461e+03 7.906077e-04     0 -2.617994e-01 2.670440e+01 8.253624e+01 3.049435e-01 3.912816e-04 
3.894000e+02 1.523988e-02 1.834742e-01 -2.913149e+00 7.887955e+03 1.511202e+04     0 1.500000e+04 7.492461e+03 7.693832e-04     0 -2.617994e-01 2.676311e+01 8.275071e+01 3.046540e-01 4.207972e-04 
3.895000e+02 1.523266e-02 1.852074e-01 -2.912759e+00 7.879938e+03 1.511018e+04     0 1.500000e+04 7.490058e+03 7.525691e-04     0 -2.617994e-01 2.682336e+01 8.295786e+01 3.043797e-01 4.512077e-04 
3.896000e+02 1.523334e-02 1.871119e-01 -2.912367e+00 7.871899e+03 1.510833e+04     0 1.500000e+04 7.490058e+03 6.194944e-04     0 -2.617994e-01 2.688502e+01 8.315724e+01 3.041205e-01 4.823337e-04 
3.897000e+02 1.524939e-02 1.891805e-01 -2.911973e+00 7.863841e+03 1.510648e+04     0 1.500000e+04 7.490058e+03 5.641703e-04     0 -2.617994e-01 2.694794e+01 8.334842e+01 3.038764e-01 5.173032e-04 
3.898000e+02 1.528024e-02 1.914061e-01 -2.911576e+00 7.855763e+03 1.510461e+04     0 1.500000e+04 7.490058e+03 5.399420e-04     0 -2.617994e-01 2.701202e+01 8.353100e+01 3.036474e-01 5.564818e-04 
3.899000e+02 1.532212e-02 1.937813e-01 -2.911175e+00 7.847666e+03 1.510274e+04     0 1.500000e+04 7.490058e+03 5.291175e-04     0 -2.617994e-01 2.707713e+01 8.370461e+01 3.034335e-01 5.982569e-04 
  390 1.537150e-02 1.962985e-01 -2.910770e+00 7.839552e+03 1.510086e+04     0 1.500000e+04 7.516388e+03 5.245958e-04     0 -2.617994e-01 2.714319e+01 8.386888e+01 3.032347e-01 6.403802e-04 
3.901000e+02 1.548897e-02 1.989500e-01 -2.910359e+00 7.831420e+03 1.509897e+04     0 1.500000e+04 7.516388e+03 -1.856151e-03     0 -2.617994e-01 2.721010e+01 8.402351e+01 3.030511e-01 7.080169e-04 
3.902000e+02 1.584745e-02 2.017281e-01 -2.909953e+00 7.823272e+03 1.509707e+04     0 1.500000e+04 7.516388e+03 -2.706732e-03     0 -2.617994e-01 2.727777e+01 8.416819e+01 3.028825e-01 8.897184e-04 
3.903000e+02 1.645170e-02 2.046249e-01 -2.909572e+00 7.815109e+03 1.509517e+04     0 1.500000e+04 7.516388e+03 -2.953317e-03     0 -2.617994e-01 2.734615e+01 8.430266e+01 3.027288e-01 1.211093e-03 
3.904000e+02 1.723091e-02 2.076325e-01 -2.909218e+00 7.806932e+03 1.509326e+04     0 1.500000e+04 7.516388e+03 -2.945813e-03     0 -2.617994e-01 2.741515e+01 8.442667e+01 3.025900e-01 1.650250e-03 
3.905000e+02 1.810731e-02 2.107426e-01 -2.908880e+00 7.798742e+03 1.509134e+04     0 1.500000e+04 7.516449e+03 -2.825260e-03     0 -2.617994e-01 2.748473e+01 8.454002e+01 3.024662e-01 2.165484e-03 
3.906000e+02 1.904360e-02 2.139466e-01 -2.908533e+00 7.790540e+03 1.508942e+04     0 1.500000e+04 7.516449e+03 -3.463061e-03     0 -2.617994e-01 2.755482e+01 8.464251e+01 3.023572e-01 2.719030e-03 
3.907000e+02 2.007024e-02 2.172358e-01 -2.908150e+00 7.782327e+03 1.508748e+04     0 1.500000e+04 7.516449e+03 -3.559389e-03     0 -2.617994e-01 2.762537e+01 8.473400e+01 3.022632e-01 3.297519e-03 
3.908000e+02 2.116971e-02 2.206013e-01 -2.907707e+00 7.774105e+03 1.508554e+04     0 1.500000e+04 7.516449e+03 -3.442773e-03     0 -2.617994e-01 2.769636e+01 8.481435e+01 3.021840e-01 3.873121e-03 
3.909000e+02 2.230849e-02 2.240341e-01 -2.907178e+00 7.765874e+03 1.508360e+04     0 1.500000e+04 7.516449e+03 -3.239175e-03     0 -2.617994e-01 2.776772e+01 8.488348e+01 3.021198e-01 4.411379e-03 
  391 2.346227e-02 2.275250e-01 -2.906540e+00 7.757637e+03 1.508164e+04     0 1.500000e+04 7.516510e+03 -2.999396e-03     0 -2.617994e-01 2.783943e+01 8.494129e+01 3.020707e-01 4.881586e-03 
3.911000e+02 2.465601e-02 2.310649e-01 -2.905770e+00 7.749393e+03 1.507968e+04     0 1.500000e+04 7.516510e+03 -3.803380e-03     0 -2.617994e-01 2.791145e+01 8.498777e+01 3.020365e-01 5.273714e-03 
3.912000e+02 2.598834e-02 2.346446e-01 -2.904860e+00 7.741146e+03 1.507770e+04     0 1.500000e+04 7.516510e+03 -3.916673e-03     0 -2.617994e-01 2.798376e+01 8.502288e+01 3.020166e-01 5.615916e-03 
3.913000e+02 2.746282e-02 2.382553e-01 -2.903811e+00 7.732895e+03 1.507572e+04     0 1.500000e+04 7.516510e+03 -3.751438e-03     0 -2.617994e-01 2.805632e+01 8.504666e+01 3.020109e-01 5.916500e-03 
3.914000e+02 2.904049e-02 2.418882e-01 -2.902625e+00 7.724642e+03 1.507374e+04     0 1.500000e+04 7.516510e+03 -3.464185e-03     0 -2.617994e-01 2.812911e+01 8.505913e+01 3.020195e-01 6.169764e-03 
3.915000e+02 3.068070e-02 2.455342e-01 -2.901301e+00 7.716388e+03 1.507174e+04     0 1.500000e+04 7.516570e+03 -3.119068e-03     0 -2.617994e-01 2.820212e+01 8.506037e+01 3.020425e-01 6.366951e-03 
3.916000e+02 3.239567e-02 2.491846e-01 -2.899841e+00 7.708135e+03 1.506973e+04     0 1.500000e+04 7.516570e+03 -3.975452e-03     0 -2.617994e-01 2.827531e+01 8.505047e+01 3.020794e-01 6.515447e-03 
3.917000e+02 3.428305e-02 2.528308e-01 -2.898252e+00 7.699885e+03 1.506772e+04     0 1.500000e+04 7.516570e+03 -4.022110e-03     0 -2.617994e-01 2.834868e+01 8.502956e+01 3.021296e-01 6.659312e-03 
3.918000e+02 3.632367e-02 2.564644e-01 -2.896548e+00 7.691638e+03 1.506569e+04     0 1.500000e+04 7.516570e+03 -3.742839e-03     0 -2.617994e-01 2.842220e+01 8.499778e+01 3.021928e-01 6.812519e-03 
3.919000e+02 3.845060e-02 2.600771e-01 -2.894737e+00 7.683396e+03 1.506366e+04     0 1.500000e+04 7.516570e+03 -3.324892e-03     0 -2.617994e-01 2.849586e+01 8.495532e+01 3.022692e-01 6.967089e-03 
  392 4.060083e-02 2.636607e-01 -2.892823e+00 7.675160e+03 1.506162e+04     0 1.516162e+04 7.775160e+03 -2.847679e-03     0 -2.617994e-01 2.856965e+01 8.490236e+01 3.023590e-01 7.107388e-03 
3.921000e+02 3.941268e-02 2.672056e-01 -2.890773e+00 7.666931e+03 1.505956e+04     0 1.516162e+04 7.775160e+03 9.026106e-02     0 -2.617994e-01 2.931816e+01 8.484136e+01 3.024744e-01 6.126035e-03 
3.922000e+02 2.670551e-02 2.706965e-01 -2.888089e+00 7.658710e+03 1.505750e+04     0 1.516162e+04 7.775160e+03 1.000000e-01     0 -2.617994e-01 3.001923e+01 8.477451e+01 3.026172e-01 6.199790e-04 
3.923000e+02 1.125856e-02 2.741563e-01 -2.884080e+00 7.650497e+03 1.505543e+04     0 1.516162e+04 7.775160e+03 1.000000e-01     0 -2.617994e-01 3.067737e+01 8.470163e+01 3.026207e-01 -9.444866e-03 
3.924000e+02 -2.707000e-02 2.776768e-01 -2.878778e+00 7.642291e+03 1.505335e+04     0 1.516162e+04 7.775160e+03 1.000000e-01     0 -2.617994e-01 3.129668e+01 8.462250e+01 3.023391e-01 -2.282625e-02 
3.925000e+02 -5.394691e-02 2.813671e-01 -2.872752e+00 7.634092e+03 1.505129e+04     0 1.515129e+04 7.734092e+03 1.000000e-01     0 -2.617994e-01 3.188084e+01 8.453685e+01 3.017441e-01 -3.821005e-02 
3.926000e+02 -8.183105e-02 2.853092e-01 -2.866851e+00 7.625897e+03 1.504924e+04     0 1.515129e+04 7.734092e+03 1.000000e-01     0 -2.617994e-01 3.243320e+01 8.444444e+01 3.009115e-01 -5.435947e-02 
3.927000e+02 -1.096626e-01 2.895208e-01 -2.862011e+00 7.617707e+03 1.504721e+04     0 1.515129e+04 7.734092e+03 1.000000e-01     0 -2.617994e-01 3.295678e+01 8.434511e+01 2.999564e-01 -7.021385e-02 
3.928000e+02 -1.374378e-01 2.939471e-01 -2.859115e+00 7.609520e+03 1.504520e+04     0 1.515129e+04 7.734092e+03 1.000000e-01     0 -2.617994e-01 3.345434e+01 8.423893e+01 2.989830e-01 -8.494523e-02 
3.929000e+02 -1.655498e-01 2.984698e-01 -2.858908e+00 7.601336e+03 1.504323e+04     0 1.515129e+04 7.734092e+03 1.000000e-01     0 -2.617994e-01 3.392833e+01 8.412628e+01 2.980574e-01 -9.797980e-02 
  393 -1.945134e-01 3.029206e-01 -2.861941e+00 7.593154e+03 1.504130e+04     0 1.514130e+04 7.693154e+03 9.628276e-02     0 -2.617994e-01 3.438101e+01 8.400790e+01 2.972050e-01 -1.089818e-01 
3.931000e+02 -2.243049e-01 3.070939e-01 -2.868574e+00 7.584973e+03 1.503942e+04     0 1.514130e+04 7.693154e+03 8.937481e-02     0 -2.617994e-01 3.481440e+01 8.388489e+01 2.964770e-01 -1.176552e-01 
3.932000e+02 -2.546452e-01 3.107496e-01 -2.879015e+00 7.576792e+03 1.503760e+04     0 1.514130e+04 7.693154e+03 8.226945e-02     0 -2.617994e-01 3.523034e+01 8.375867e+01 2.959296e-01 -1.237618e-01 
3.933000e+02 -2.854678e-01 3.136308e-01 -2.893310e+00 7.568610e+03 1.503584e+04     0 1.514130e+04 7.693154e+03 7.499415e-02     0 -2.617994e-01 3.563049e+01 8.363092e+01 2.955703e-01 -1.272643e-01 
3.934000e+02 -3.167775e-01 3.154888e-01 -2.911336e+00 7.560425e+03 1.503416e+04     0 1.514130e+04 7.693154e+03 6.755980e-02     0 -2.617994e-01 3.601635e+01 8.350347e+01 2.953724e-01 -1.282969e-01 
3.935000e+02 -3.485518e-01 3.161086e-01 -2.932815e+00 7.552236e+03 1.503256e+04     0 1.513256e+04 7.652236e+03 5.997053e-02     0 -2.617994e-01 3.638928e+01 8.337827e+01 2.952942e-01 -1.271219e-01 
3.936000e+02 -3.806892e-01 3.153268e-01 -2.957347e+00 7.544042e+03 1.503105e+04     0 1.513256e+04 7.652236e+03 5.223836e-02     0 -2.617994e-01 3.675051e+01 8.325725e+01 2.952918e-01 -1.240853e-01 
3.937000e+02 -4.129941e-01 3.130408e-01 -2.984447e+00 7.535842e+03 1.502964e+04     0 1.513256e+04 7.652236e+03 4.439290e-02     0 -2.617994e-01 3.710116e+01 8.314237e+01 2.953246e-01 -1.195745e-01 
3.938000e+02 -4.451866e-01 3.092132e-01 -3.013583e+00 7.527635e+03 1.502834e+04     0 1.513256e+04 7.652236e+03 3.648462e-02     0 -2.617994e-01 3.744223e+01 8.303550e+01 2.953568e-01 -1.139823e-01 
3.939000e+02 -4.769277e-01 3.038685e-01 -3.044202e+00 7.519420e+03 1.502717e+04     0 1.513256e+04 7.652236e+03 2.858291e-02     0 -2.617994e-01 3.777463e+01 8.293851e+01 2.953569e-01 -1.076790e-01 
  394 -5.078518e-01 2.970861e-01 -3.075723e+00 7.511197e+03 1.502613e+04     0 1.512613e+04 7.611197e+03 2.077049e-02     0 -2.617994e-01 3.809919e+01 8.285325e+01 2.952969e-01 -1.009929e-01 
3.941000e+02 -5.375975e-01 2.889902e-01 -3.107267e+00 7.502965e+03 1.502523e+04     0 1.512613e+04 7.611197e+03 1.313632e-02     0 -2.617994e-01 3.841666e+01 8.278151e+01 2.951529e-01 -9.419879e-02 
3.942000e+02 -5.658357e-01 2.797375e-01 3.130473e+00 7.494725e+03 1.502448e+04     0 1.512613e+04 7.611197e+03 5.768302e-03     0 -2.617994e-01 3.872770e+01 8.272513e+01 2.949066e-01 -8.751360e-02 
3.943000e+02 -5.922886e-01 2.695049e-01 3.106862e+00 7.486477e+03 1.502389e+04     0 1.512613e+04 7.611197e+03 -1.253005e-03     0 -2.617994e-01 3.903294e+01 8.268588e+01 2.945469e-01 -8.109779e-02 
3.944000e+02 -6.167423e-01 2.584775e-01 3.075322e+00 7.478223e+03 1.502347e+04     0 1.512613e+04 7.611197e+03 -7.859090e-03     0 -2.617994e-01 3.933292e+01 8.266551e+01 2.940714e-01 -7.506023e-02 
3.945000e+02 -6.390507e-01 2.468389e-01 3.043586e+00 7.469964e+03 1.502322e+04     0 1.512322e+04 7.569964e+03 -1.399638e-02     0 -2.617994e-01 3.962814e+01 8.266572e+01 2.934867e-01 -6.946566e-02 
3.946000e+02 -6.591341e-01 2.347631e-01 3.012164e+00 7.461702e+03 1.502315e+04     0 1.512322e+04 7.569964e+03 -1.962741e-02     0 -2.617994e-01 3.991906e+01 8.268807e+01 2.928076e-01 -6.434310e-02 
3.947000e+02 -6.769737e-01 2.224089e-01 2.981180e+00 7.453439e+03 1.502327e+04     0 1.512322e+04 7.569964e+03 -2.473060e-02     0 -2.617994e-01 4.020609e+01 8.273401e+01 2.920546e-01 -5.969427e-02 
3.948000e+02 -6.926021e-01 2.099169e-01 2.950658e+00 7.445177e+03 1.502358e+04     0 1.512322e+04 7.569964e+03 -2.929896e-02     0 -2.617994e-01 4.048959e+01 8.280480e+01 2.912521e-01 -5.550137e-02 
3.949000e+02 -7.060941e-01 1.974078e-01 2.920583e+00 7.436921e+03 1.502409e+04     0 1.512322e+04 7.569964e+03 -3.333810e-02     0 -2.617994e-01 4.076990e+01 8.290152e+01 2.904251e-01 -5.173380e-02 
  395 -7.175563e-01 1.849832e-01 2.890916e+00 7.428672e+03 1.502480e+04     0 1.512480e+04 7.528672e+03 -3.686393e-02     0 -2.617994e-01 4.104733e+01 8.302501e+01 2.895967e-01 -4.835365e-02 
3.951000e+02 -7.271176e-01 1.727267e-01 2.861609e+00 7.420434e+03 1.502572e+04     0 1.512480e+04 7.528672e+03 -3.990030e-02     0 -2.617994e-01 4.132215e+01 8.317593e+01 2.887866e-01 -4.532002e-02 
3.952000e+02 -7.349206e-01 1.607063e-01 2.832608e+00 7.412210e+03 1.502685e+04     0 1.512480e+04 7.528672e+03 -4.247667e-02     0 -2.617994e-01 4.159461e+01 8.335465e+01 2.880096e-01 -4.259225e-02 
3.953000e+02 -7.411150e-01 1.489766e-01 2.803865e+00 7.404005e+03 1.502818e+04     0 1.512480e+04 7.528672e+03 -4.462614e-02     0 -2.617994e-01 4.186493e+01 8.356137e+01 2.872755e-01 -4.013202e-02 
3.954000e+02 -7.458512e-01 1.375818e-01 2.775334e+00 7.395822e+03 1.502974e+04     0 1.512480e+04 7.528672e+03 -4.638369e-02     0 -2.617994e-01 4.213332e+01 8.379603e+01 2.865892e-01 -3.790486e-02 
3.955000e+02 -7.492767e-01 1.265576e-01 2.746977e+00 7.387665e+03 1.503151e+04     0 1.513151e+04 7.487665e+03 -4.778480e-02     0 -2.617994e-01 4.239995e+01 8.405838e+01 2.859514e-01 -3.588076e-02 
3.956000e+02 -7.515321e-01 1.159337e-01 2.718760e+00 7.379539e+03 1.503350e+04     0 1.513151e+04 7.487665e+03 -4.886432e-02     0 -2.617994e-01 4.266501e+01 8.434800e+01 2.853598e-01 -3.403447e-02 
3.957000e+02 -7.527496e-01 1.057352e-01 2.690658e+00 7.371447e+03 1.503571e+04     0 1.513151e+04 7.487665e+03 -4.965574e-02     0 -2.617994e-01 4.292863e+01 8.466426e+01 2.848099e-01 -3.234527e-02 
3.958000e+02 -7.530516e-01 9.598398e-02 2.662651e+00 7.363395e+03 1.503815e+04     0 1.513151e+04 7.487665e+03 -5.019059e-02     0 -2.617994e-01 4.319095e+01 8.500638e+01 2.842964e-01 -3.079659e-02 
3.959000e+02 -7.525499e-01 8.669976e-02 2.634723e+00 7.355387e+03 1.504081e+04     0 1.513151e+04 7.487665e+03 -5.049816e-02     0 -2.617994e-01 4.345210e+01 8.537345e+01 2.838133e-01 -2.937538e-02 
  396 -7.513463e-01 7.790040e-02 2.606861e+00 7.347427e+03 1.504370e+04     0 1.514370e+04 7.447427e+03 -5.060533e-02     0 -2.617994e-01 4.371220e+01 8.576442e+01 2.833553e-01 -2.807148e-02 
3.961000e+02 -7.495324e-01 6.960233e-02 2.579059e+00 7.339522e+03 1.504681e+04     0 1.514370e+04 7.447427e+03 -5.053657e-02     0 -2.617994e-01 4.397133e+01 8.617812e+01 2.829177e-01 -2.687696e-02 
3.962000e+02 -7.471906e-01 6.182052e-02 2.551308e+00 7.331675e+03 1.505016e+04     0 1.514370e+04 7.447427e+03 -5.031399e-02     0 -2.617994e-01 4.422959e+01 8.661328e+01 2.824970e-01 -2.578548e-02 
3.963000e+02 -7.443950e-01 5.456847e-02 2.523605e+00 7.323892e+03 1.505373e+04     0 1.514370e+04 7.447427e+03 -4.995757e-02     0 -2.617994e-01 4.448706e+01 8.706855e+01 2.820903e-01 -2.479176e-02 
3.964000e+02 -7.412123e-01 4.785798e-02 2.495945e+00 7.316179e+03 1.505753e+04     0 1.514370e+04 7.447427e+03 -4.948526e-02     0 -2.617994e-01 4.474383e+01 8.754249e+01 2.816959e-01 -2.389114e-02 
3.965000e+02 -7.377025e-01 4.169899e-02 2.468326e+00 7.308541e+03 1.506157e+04     0 1.516157e+04 7.408541e+03 -4.891327e-02     0 -2.617994e-01 4.499995e+01 8.803361e+01 2.813128e-01 -2.307921e-02 
3.966000e+02 -7.339202e-01 3.609939e-02 2.440744e+00 7.300983e+03 1.506583e+04     0 1.516157e+04 7.408541e+03 -4.825626e-02     0 -2.617994e-01 4.525549e+01 8.854035e+01 2.809403e-01 -2.235162e-02 
3.967000e+02 -7.299150e-01 3.106488e-02 2.413198e+00 7.293512e+03 1.507033e+04     0 1.516157e+04 7.408541e+03 -4.752754e-02     0 -2.617994e-01 4.551050e+01 8.906110e+01 2.805784e-01 -2.170391e-02 
3.968000e+02 -7.257324e-01 2.659890e-02 2.385686e+00 7.286133e+03 1.507506e+04     0 1.516157e+04 7.408541e+03 -4.673929e-02     0 -2.617994e-01 4.576503e+01 8.959424e+01 2.802271e-01 -2.113139e-02 
3.969000e+02 -7.214144e-01 2.270262e-02 2.358204e+00 7.278853e+03 1.508002e+04     0 1.516157e+04 7.408541e+03 -4.590268e-02     0 -2.617994e-01 4.601913e+01 9.013809e+01 2.798865e-01 -2.062922e-02 
  397 -7.169996e-01 1.937494e-02 2.330751e+00 7.271677e+03 1.508521e+04     0 1.518521e+04 7.371677e+03 -4.502802e-02     0 -2.617994e-01 4.627285e+01 9.069098e+01 2.795567e-01 -2.019237e-02 
3.971000e+02 -7.125242e-01 1.661264e-02 2.303323e+00 7.264612e+03 1.509063e+04     0 1.518521e+04 7.371677e+03 -4.412490e-02     0 -2.617994e-01 4.652620e+01 9.125122e+01 2.792379e-01 -1.981568e-02 
3.972000e+02 -7.080215e-01 1.441047e-02 2.275920e+00 7.257665e+03 1.509628e+04     0 1.518521e+04 7.371677e+03 -4.320221e-02     0 -2.617994e-01 4.677924e+01 9.181711e+01 2.789300e-01 -1.949396e-02 
3.973000e+02 -7.035224e-01 1.276132e-02 2.248537e+00 7.250841e+03 1.510216e+04     0 1.518521e+04 7.371677e+03 -4.226824e-02     0 -2.617994e-01 4.703199e+01 9.238698e+01 2.786329e-01 -1.922204e-02 
3.974000e+02 -6.990557e-01 1.165641e-02 2.221171e+00 7.244148e+03 1.510827e+04     0 1.518521e+04 7.371677e+03 -4.133069e-02     0 -2.617994e-01 4.728448e+01 9.295914e+01 2.783466e-01 -1.899482e-02 
3.975000e+02 -6.946477e-01 1.108543e-02 2.193821e+00 7.237592e+03 1.511460e+04     0 1.521460e+04 7.337592e+03 -4.039671e-02     0 -2.617994e-01 4.753673e+01 9.353195e+01 2.780710e-01 -1.880734e-02 
3.976000e+02 -6.903226e-01 1.103674e-02 2.166481e+00 7.231180e+03 1.512115e+04     0 1.521460e+04 7.337592e+03 -3.947291e-02     0 -2.617994e-01 4.778877e+01 9.410378e+01 2.778058e-01 -1.865482e-02 
3.977000e+02 -6.861022e-01 1.149751e-02 2.139150e+00 7.224919e+03 1.512792e+04     0 1.521460e+04 7.337592e+03 -3.856536e-02     0 -2.617994e-01 4.804061e+01 9.467303e+01 2.775509e-01 -1.853267e-02 
3.978000e+02 -6.820062e-01 1.245389e-02 2.111824e+00 7.218816e+03 1.513491e+04     0 1.521460e+04 7.337592e+03 -3.767959e-02     0 -2.617994e-01 4.829228e+01 9.523815e+01 2.773062e-01 -1.843653e-02 
3.979000e+02 -6.780521e-01 1.389112e-02 2.084498e+00 7.212878e+03 1.514211e+04     0 1.521460e+04 7.337592e+03 -3.682060e-02     0 -2.617994e-01 4.854379e+01 9.579761e+01 2.770716e-01 -1.836225e-02 
  398 -6.742553e-01 1.579367e-02 2.057170e+00 7.207111e+03 1.514953e+04     0 1.524953e+04 7.307111e+03 -3.599286e-02     0 -2.617994e-01 4.879516e+01 9.634994e+01 2.768470e-01 -1.830592e-02 
3.981000e+02 -6.706289e-01 1.814535e-02 2.029836e+00 7.201523e+03 1.515715e+04     0 1.524953e+04 7.307111e+03 -3.520032e-02     0 -2.617994e-01 4.904639e+01 9.689372e+01 2.766323e-01 -1.826385e-02 
3.982000e+02 -6.671841e-01 2.092940e-02 2.002491e+00 7.196121e+03 1.516497e+04     0 1.524953e+04 7.307111e+03 -3.444643e-02     0 -2.617994e-01 4.929751e+01 9.742756e+01 2.764274e-01 -1.823259e-02 
3.983000e+02 -6.639301e-01 2.412861e-02 1.975133e+00 7.190912e+03 1.517299e+04     0 1.524953e+04 7.307111e+03 -3.373412e-02     0 -2.617994e-01 4.954852e+01 9.795014e+01 2.762324e-01 -1.820892e-02 
3.984000e+02 -6.608743e-01 2.772539e-02 1.947758e+00 7.185902e+03 1.518120e+04     0 1.524953e+04 7.307111e+03 -3.306587e-02     0 -2.617994e-01 4.979944e+01 9.846021e+01 2.760472e-01 -1.818985e-02 
3.985000e+02 -6.580222e-01 3.170185e-02 1.920362e+00 7.181099e+03 1.518960e+04     0 1.528960e+04 7.281099e+03 -3.244368e-02     0 -2.617994e-01 5.005027e+01 9.895656e+01 2.758718e-01 -1.817264e-02 
3.986000e+02 -6.553777e-01 3.603987e-02 1.892942e+00 7.176508e+03 1.519818e+04     0 1.528960e+04 7.281099e+03 -3.186913e-02     0 -2.617994e-01 5.030102e+01 9.943804e+01 2.757061e-01 -1.815476e-02 
3.987000e+02 -6.529432e-01 4.072121e-02 1.865495e+00 7.172138e+03 1.520693e+04     0 1.528960e+04 7.281099e+03 -3.134341e-02     0 -2.617994e-01 5.055169e+01 9.990356e+01 2.755501e-01 -1.813398e-02 
3.988000e+02 -6.507196e-01 4.572755e-02 1.838017e+00 7.167993e+03 1.521586e+04     0 1.528960e+04 7.281099e+03 -3.086728e-02     0 -2.617994e-01 5.080231e+01 1.003521e+02 2.754039e-01 -1.810831e-02 
3.989000e+02 -6.487065e-01 5.104054e-02 1.810507e+00 7.164082e+03 1.522494e+04     0 1.528960e+04 7.281099e+03 -3.044120e-02     0 -2.617994e-01 5.105286e+01 1.007827e+02 2.752674e-01 -1.807600e-02 
  399 -6.469022e-01 5.664190e-02 1.782962e+00 7.160409e+03 1.523418e+04     0 1.533418e+04 7.260409e+03 -3.006526e-02     0 -2.617994e-01 5.130337e+01 1.011945e+02 2.751405e-01 -1.803559e-02 
3.991000e+02 -6.453041e-01 6.251342e-02 1.755380e+00 7.156980e+03 1.524356e+04     0 1.533418e+04 7.260409e+03 -2.973927e-02     0 -2.617994e-01 5.155382e+01 1.015867e+02 2.750233e-01 -1.798588e-02 
3.992000e+02 -6.439085e-01 6.863703e-02 1.727758e+00 7.153802e+03 1.525309e+04     0 1.533418e+04 7.260409e+03 -2.946278e-02     0 -2.617994e-01 5.180423e+01 1.019584e+02 2.749158e-01 -1.792592e-02 
3.993000e+02 -6.427109e-01 7.499485e-02 1.700096e+00 7.150879e+03 1.526274e+04     0 1.533418e+04 7.260409e+03 -2.923505e-02     0 -2.617994e-01 5.205460e+01 1.023090e+02 2.748178e-01 -1.785502e-02 
3.994000e+02 -6.417058e-01 8.156918e-02 1.672393e+00 7.148217e+03 1.527251e+04     0 1.533418e+04 7.260409e+03 -2.905516e-02     0 -2.617994e-01 5.230494e+01 1.026379e+02 2.747294e-01 -1.777270e-02 
3.995000e+02 -6.408873e-01 8.834257e-02 1.644648e+00 7.145820e+03 1.528239e+04     0 1.538239e+04 7.245820e+03 -2.892199e-02     0 -2.617994e-01 5.255524e+01 1.029445e+02 2.746506e-01 -1.767874e-02 
3.996000e+02 -6.401810e-01 9.529708e-02 1.616859e+00 7.143694e+03 1.529238e+04     0 1.538239e+04 7.245820e+03 -3.010305e-02     0 -2.617994e-01 5.280552e+01 1.032282e+02 2.745825e-01 -1.755257e-02 
3.997000e+02 -6.394060e-01 1.024094e-01 1.589016e+00 7.141841e+03 1.530246e+04     0 1.538239e+04 7.245820e+03 -3.049660e-02     0 -2.617994e-01 5.305577e+01 1.034887e+02 2.745283e-01 -1.732961e-02 
3.998000e+02 -6.385868e-01 1.096570e-01 1.561111e+00 7.140266e+03 1.531261e+04     0 1.538239e+04 7.245820e+03 -3.058918e-02     0 -2.617994e-01 5.330600e+01 1.037255e+02 2.744877e-01 -1.699915e-02 
3.999000e+02 -6.378183e-01 1.170270e-01 1.533148e+00 7.138972e+03 1.532284e+04     0 1.538239e+04 7.245820e+03 -3.057315e-02     0 -2.617994e-01 5.355620e+01 1.039384e+02 2.744591e-01 -1.658917e-02 
  400 -6.371799e-01 1.245149e-01 1.505143e+00 7.137961e+03 1.533313e+04     0 1.543313e+04 7.237961e+03 -3.053331e-02     0 -2.617994e-01 5.380638e+01 1.041269e+02 2.744409e-01 -1.614137e-02 
4.001000e+02 -6.359962e-01 1.321127e-01 1.477106e+00 7.137236e+03 1.534347e+04     0 1.543313e+04 7.237961e+03 -4.370352e-02     0 -2.617994e-01 5.405655e+01 1.042908e+02 2.744436e-01 -1.547949e-02 
4.002000e+02 -6.324491e-01 1.397541e-01 1.448956e+00 7.136798e+03 1.535385e+04     0 1.543313e+04 7.237961e+03 -4.825656e-02     0 -2.617994e-01 5.430670e+01 1.044299e+02 2.744958e-01 -1.395242e-02 
4.003000e+02 -6.268892e-01 1.473776e-01 1.420608e+00 7.136648e+03 1.536426e+04     0 1.543313e+04 7.237961e+03 -4.927499e-02     0 -2.617994e-01 5.455684e+01 1.045439e+02 2.745886e-01 -1.147131e-02 
4.004000e+02 -6.203888e-01 1.550183e-01 1.392114e+00 7.136784e+03 1.537469e+04     0 1.543313e+04 7.237961e+03 -4.878111e-02     0 -2.617994e-01 5.480696e+01 1.046323e+02 2.747029e-01 -8.343070e-03 
4.005000e+02 -6.138341e-01 1.627918e-01 1.363647e+00 7.137206e+03 1.538512e+04     0 1.548512e+04 7.237206e+03 -4.767470e-02     0 -2.617994e-01 5.505708e+01 1.046945e+02 2.748288e-01 -5.004699e-03 
4.006000e+02 -6.070008e-01 1.708380e-01 1.335425e+00 7.137912e+03 1.539555e+04     0 1.548512e+04 7.237206e+03 -5.976979e-02     0 -2.617994e-01 5.530718e+01 1.047302e+02 2.749696e-01 -1.655385e-03 
4.007000e+02 -5.982100e-01 1.792319e-01 1.307560e+00 7.138898e+03 1.540596e+04     0 1.548512e+04 7.237206e+03 -6.311245e-02     0 -2.617994e-01 5.555727e+01 1.047388e+02 2.751334e-01 2.075544e-03 
4.008000e+02 -5.878094e-01 1.880192e-01 1.280118e+00 7.140160e+03 1.541635e+04     0 1.548512e+04 7.237206e+03 -6.293276e-02     0 -2.617994e-01 5.580735e+01 1.047199e+02 2.753214e-01 6.094844e-03 
4.009000e+02 -5.767707e-01 1.972877e-01 1.253243e+00 7.141695e+03 1.542670e+04     0 1.548512e+04 7.237206e+03 -6.129639e-02     0 -2.617994e-01 5.605743e+01 1.046727e+02 2.755399e-01 1.002039e-02 
  401 -5.658397e-01 2.071457e-01 1.227140e+00 7.143495e+03 1.543700e+04     0 1.553700e+04 7.243495e+03 -5.909850e-02     0 -2.617994e-01 5.630750e+01 1.045967e+02 2.757985e-01 1.343784e-02 
4.011000e+02 -5.546924e-01 2.176754e-01 1.202004e+00 7.145554e+03 1.544725e+04     0 1.553700e+04 7.243495e+03 -6.965834e-02     0 -2.617994e-01 5.655756e+01 1.044912e+02 2.760948e-01 1.623706e-02 
4.012000e+02 -5.416457e-01 2.288684e-01 1.177875e+00 7.147865e+03 1.545743e+04     0 1.553700e+04 7.243495e+03 -7.178049e-02     0 -2.617994e-01 5.680761e+01 1.043558e+02 2.764102e-01 1.890598e-02 
4.013000e+02 -5.270156e-01 2.406719e-01 1.154715e+00 7.150420e+03 1.546754e+04     0 1.553700e+04 7.243495e+03 -7.049950e-02     0 -2.617994e-01 5.705766e+01 1.041898e+02 2.767563e-01 2.150792e-02 
4.014000e+02 -5.117563e-01 2.530590e-01 1.132549e+00 7.153208e+03 1.547757e+04     0 1.553700e+04 7.243495e+03 -6.780493e-02     0 -2.617994e-01 5.730771e+01 1.039925e+02 2.771516e-01 2.382871e-02 
4.015000e+02 -4.966323e-01 2.660193e-01 1.111460e+00 7.156221e+03 1.548751e+04     0 1.558751e+04 7.256221e+03 -6.456492e-02     0 -2.617994e-01 5.755775e+01 1.037632e+02 2.776054e-01 2.560660e-02 
4.016000e+02 -4.814887e-01 2.795294e-01 1.091539e+00 7.159447e+03 1.549735e+04     0 1.558751e+04 7.256221e+03 -7.212639e-02     0 -2.617994e-01 5.780779e+01 1.035015e+02 2.781024e-01 2.681770e-02 
4.017000e+02 -4.650122e-01 2.935103e-01 1.072752e+00 7.162874e+03 1.550708e+04     0 1.558751e+04 7.256221e+03 -7.256845e-02     0 -2.617994e-01 5.805782e+01 1.032070e+02 2.786073e-01 2.792334e-02 
4.018000e+02 -4.475318e-01 3.078633e-01 1.055006e+00 7.166492e+03 1.551671e+04     0 1.558751e+04 7.256221e+03 -7.018525e-02     0 -2.617994e-01 5.830785e+01 1.028790e+02 2.791306e-01 2.901657e-02 
4.019000e+02 -4.298805e-01 3.225188e-01 1.038269e+00 7.170288e+03 1.552623e+04     0 1.558751e+04 7.256221e+03 -6.667881e-02     0 -2.617994e-01 5.855788e+01 1.025173e+02 2.796896e-01 2.994667e-02 
  402 -4.127111e-01 3.374283e-01 1.022577e+00 7.174249e+03 1.553562e+04     0 1.563562e+04 7.274249e+03 -6.279270e-02     0 -2.617994e-01 5.880790e+01 1.021215e+02 2.802900e-01 3.051216e-02 
4.021000e+02 -3.959458e-01 3.525436e-01 1.007975e+00 7.178362e+03 1.554489e+04     0 1.563562e+04 7.274249e+03 -6.728121e-02     0 -2.617994e-01 5.905793e+01 1.016914e+02 2.809160e-01 3.068461e-02 
4.022000e+02 -3.786120e-01 3.677904e-01 9.944219e-01 7.182615e+03 1.555404e+04     0 1.563562e+04 7.274249e+03 -6.639446e-02     0 -2.617994e-01 5.930795e+01 1.012272e+02 2.815364e-01 3.079971e-02 
4.023000e+02 -3.609368e-01 3.830873e-01 9.818270e-01 7.186996e+03 1.556305e+04     0 1.563562e+04 7.274249e+03 -6.343883e-02     0 -2.617994e-01 5.955797e+01 1.007287e+02 2.821611e-01 3.092276e-02 
4.024000e+02 -3.435090e-01 3.983735e-01 9.701481e-01 7.191490e+03 1.557194e+04     0 1.563562e+04 7.274249e+03 -5.971769e-02     0 -2.617994e-01 5.980798e+01 1.001963e+02 2.828057e-01 3.094205e-02 
4.025000e+02 -3.267787e-01 4.136034e-01 9.593904e-01 7.196086e+03 1.558069e+04     0  1000  5000 -5.579270e-02     0 -2.617994e-01 6.005800e+01 9.963010e+01 2.834771e-01 3.071137e-02 
4.026000e+02 -3.139983e-01 4.287442e-01 9.496267e-01 7.200772e+03 1.558930e+04     0  1000  5000 8.249737e-03     0 -2.617994e-01 6.127173e+01 9.903393e+01 2.842433e-01 2.918550e-02 
4.027000e+02 -3.126723e-01 4.438642e-01 9.413990e-01 7.205537e+03 1.559778e+04     0  1000  5000 3.277560e-02     0 -2.617994e-01 6.241754e+01 9.841135e+01 2.851973e-01 2.338735e-02 
4.028000e+02 -3.212437e-01 4.590448e-01 9.352725e-01 7.210375e+03 1.560613e+04     0  1000  5000 4.105678e-02     0 -2.617994e-01 6.350190e+01 9.776316e+01 2.860716e-01 1.275945e-02 
4.029000e+02 -3.351933e-01 4.742457e-01 9.310824e-01 7.215283e+03 1.561433e+04     0  1000  5000 4.225603e-02     0 -2.617994e-01 6.453064e+01 9.709049e+01 2.865871e-01 -1.526324e-03 
  403 -3.509118e-01 4.893043e-01 9.279640e-01 7.220258e+03 1.562238e+04     0  1000  5000 4.038951e-02     0 -2.617994e-01 6.550907e+01 9.639445e+01 2.866863e-01 -1.768720e-02 
4.031000e+02 -3.664417e-01 5.039590e-01 9.246660e-01 7.225299e+03 1.563029e+04     0  1000  5000 3.733605e-02     0 -2.617994e-01 6.644198e+01 9.567606e+01 2.865078e-01 -3.393030e-02 
4.032000e+02 -3.812284e-01 5.178865e-01 9.198736e-01 7.230404e+03 1.563804e+04     0  1000  5000 3.394560e-02     0 -2.617994e-01 6.733368e+01 9.493641e+01 2.862548e-01 -4.877195e-02 
4.033000e+02 -3.956165e-01 5.307475e-01 9.124507e-01 7.235571e+03 1.564564e+04     0  1000  5000 3.051813e-02     0 -2.617994e-01 6.818811e+01 9.417689e+01 2.860830e-01 -6.117372e-02 
4.034000e+02 -4.103626e-01 5.422297e-01 9.015826e-01 7.240799e+03 1.565308e+04     0  1000  5000 2.705973e-02     0 -2.617994e-01 6.900881e+01 9.339937e+01 2.860588e-01 -7.055935e-02 
4.035000e+02 -4.262628e-01 5.520804e-01 8.868281e-01 7.246085e+03 1.566036e+04     0  1000  5000 2.344278e-02     0 -2.617994e-01 6.979899e+01 9.260620e+01 2.861755e-01 -7.676080e-02 
4.036000e+02 -4.439160e-01 5.601232e-01 8.681064e-01 7.251430e+03 1.566748e+04     0  1000  5000 1.950989e-02     0 -2.617994e-01 7.056156e+01 9.180013e+01 2.863937e-01 -7.992841e-02 
4.037000e+02 -4.636127e-01 5.662622e-01 8.456404e-01 7.256834e+03 1.567444e+04     0  1000  5000 1.513676e-02     0 -2.617994e-01 7.129914e+01 9.098413e+01 2.866745e-01 -8.043025e-02 
4.038000e+02 -4.853184e-01 5.704766e-01 8.198780e-01 7.262298e+03 1.568123e+04     0  1000  5000 1.026297e-02     0 -2.617994e-01 7.201411e+01 9.016129e+01 2.869954e-01 -7.875740e-02 
4.039000e+02 -5.087207e-01 5.728102e-01 7.914075e-01 7.267822e+03 1.568785e+04     0  1000  5000 4.899222e-03     0 -2.617994e-01 7.270863e+01 8.933464e+01 2.873499e-01 -7.544484e-02 
  404 -5.333108e-01 5.733585e-01 7.608782e-01 7.273409e+03 1.569429e+04     0  1000  5000 -8.811825e-04     0 -2.617994e-01 7.338463e+01 8.850716e+01 2.877383e-01 -7.101237e-02 
4.041000e+02 -5.584740e-01 5.722554e-01 7.289340e-01 7.279060e+03 1.570057e+04     0  1000  5000 -6.959476e-03     0 -2.617994e-01 7.404389e+01 8.768178e+01 2.881592e-01 -6.592551e-02 
4.042000e+02 -5.835731e-01 5.696602e-01 6.961650e-01 7.284779e+03 1.570666e+04     0  1000  5000 -1.319151e-02     0 -2.617994e-01 7.468799e+01 8.686135e+01 2.886046e-01 -6.057403e-02 
4.043000e+02 -6.080142e-01 5.657451e-01 6.630760e-01 7.290566e+03 1.571258e+04     0  1000  5000 -1.942674e-02     0 -2.617994e-01 7.531838e+01 8.604874e+01 2.890609e-01 -5.526440e-02 
4.044000e+02 -6.312918e-01 5.606848e-01 6.300717e-01 7.296425e+03 1.571831e+04     0  1000  5000 -2.552354e-02     0 -2.617994e-01 7.593636e+01 8.524680e+01 2.895115e-01 -5.022222e-02 
4.045000e+02 -6.530129e-01 5.546465e-01 5.974545e-01 7.302355e+03 1.572387e+04     0  1000  5000 -3.135998e-02     0 -2.617994e-01 7.654311e+01 8.445839e+01 2.899419e-01 -4.560076e-02 
4.046000e+02 -6.729035e-01 5.477834e-01 5.654323e-01 7.308358e+03 1.572924e+04     0  1000  5000 -3.683981e-02     0 -2.617994e-01 7.713970e+01 8.368636e+01 2.903430e-01 -4.149278e-02 
4.047000e+02 -6.908027e-01 5.402298e-01 5.341316e-01 7.314435e+03 1.573442e+04     0  1000  5000 -4.189451e-02     0 -2.617994e-01 7.772710e+01 8.293351e+01 2.907121e-01 -3.794309e-02 
4.048000e+02 -7.066485e-01 5.320981e-01 5.036137e-01 7.320585e+03 1.573942e+04     0  1000  5000 -4.648222e-02     0 -2.617994e-01 7.830619e+01 8.220259e+01 2.910533e-01 -3.496044e-02 
4.049000e+02 -7.204590e-01 5.234783e-01 4.738906e-01 7.326809e+03 1.574423e+04     0  1000  5000 -5.058472e-02     0 -2.617994e-01 7.887774e+01 8.149625e+01 2.913751e-01 -3.252792e-02 
  405 -7.323134e-01 5.144391e-01 4.449399e-01 7.333104e+03 1.574886e+04     0  1000  5000 -5.420324e-02     0 -2.617994e-01 7.944249e+01 8.081704e+01 2.916882e-01 -3.061145e-02 
4.051000e+02 -7.423338e-01 5.050303e-01 4.167171e-01 7.339472e+03 1.575330e+04     0  1000  5000 -5.735406e-02     0 -2.617994e-01 8.000108e+01 8.016738e+01 2.920034e-01 -2.916634e-02 
4.052000e+02 -7.506686e-01 4.952851e-01 3.891650e-01 7.345909e+03 1.575756e+04     0  1000  5000 -6.006416e-02     0 -2.617994e-01 8.055409e+01 7.954953e+01 2.923291e-01 -2.814226e-02 
4.053000e+02 -7.574801e-01 4.852238e-01 3.622210e-01 7.352416e+03 1.576163e+04     0  1000  5000 -6.236744e-02     0 -2.617994e-01 8.110206e+01 7.896563e+01 2.926704e-01 -2.748669e-02 
4.054000e+02 -7.629343e-01 4.748571e-01 3.358215e-01 7.358990e+03 1.576552e+04     0  1000  5000 -6.430153e-02     0 -2.617994e-01 8.164546e+01 7.841764e+01 2.930282e-01 -2.714740e-02 
4.055000e+02 -7.671932e-01 4.641890e-01 3.099051e-01 7.365631e+03 1.576923e+04     0  1000  5000 -6.590536e-02     0 -2.617994e-01 8.218473e+01 7.790740e+01 2.933998e-01 -2.707392e-02 
4.056000e+02 -7.704101e-01 4.532195e-01 2.844139e-01 7.372335e+03 1.577275e+04     0  1000  5000 -6.721728e-02     0 -2.617994e-01 8.272027e+01 7.743658e+01 2.937790e-01 -2.721848e-02 
4.057000e+02 -7.727266e-01 4.419472e-01 2.592945e-01 7.379103e+03 1.577610e+04     0  1000  5000 -6.827380e-02     0 -2.617994e-01 8.325242e+01 7.700671e+01 2.941572e-01 -2.753654e-02 
4.058000e+02 -7.742701e-01 4.303712e-01 2.344977e-01 7.385933e+03 1.577927e+04     0  1000  5000 -6.910876e-02     0 -2.617994e-01 8.378151e+01 7.661918e+01 2.945239e-01 -2.798691e-02 
4.059000e+02 -7.751543e-01 4.184923e-01 2.099787e-01 7.392822e+03 1.578226e+04     0  1000  5000 -6.975283e-02     0 -2.617994e-01 8.430784e+01 7.627523e+01 2.948681e-01 -2.853179e-02 
  406 -7.754782e-01 4.063144e-01 1.856967e-01 7.399770e+03 1.578506e+04     0  1000  5000 -7.023337e-02     0 -2.617994e-01 8.483166e+01 7.597595e+01 2.951788e-01 -2.913663e-02 
4.061000e+02 -7.753274e-01 3.938452e-01 1.616152e-01 7.406776e+03 1.578770e+04     0  1000  5000 -7.057433e-02     0 -2.617994e-01 8.535321e+01 7.572229e+01 2.954454e-01 -2.977002e-02 
4.062000e+02 -7.747745e-01 3.810967e-01 1.377030e-01 7.413838e+03 1.579015e+04     0  1000  5000 -7.079642e-02     0 -2.617994e-01 8.587271e+01 7.551506e+01 2.956589e-01 -3.040347e-02 
4.063000e+02 -7.738805e-01 3.680854e-01 1.139360e-01 7.420955e+03 1.579243e+04     0  1000  5000 -7.091727e-02     0 -2.617994e-01 8.639036e+01 7.535490e+01 2.958113e-01 -3.101133e-02 
4.064000e+02 -7.726954e-01 3.548326e-01 9.030419e-02 7.428126e+03 1.579453e+04     0  1000  5000 -7.095166e-02     0 -2.617994e-01 8.690632e+01 7.524232e+01 2.958966e-01 -3.157064e-02 
4.065000e+02 -7.712599e-01 3.413638e-01 6.683202e-02 7.435350e+03 1.579645e+04     0  1000  5000 -7.091177e-02     0 -2.617994e-01 8.742077e+01 7.517767e+01 2.959104e-01 -3.206109e-02 
4.066000e+02 -7.696061e-01 3.277094e-01 4.366556e-02 7.442626e+03 1.579820e+04     0  1000  5000 -7.080746e-02     0 -2.617994e-01 8.793384e+01 7.516112e+01 2.958499e-01 -3.246501e-02 
4.067000e+02 -7.677585e-01 3.139034e-01 2.170737e-02 7.449952e+03 1.579977e+04     0  1000  5000 -7.064648e-02     0 -2.617994e-01 8.844567e+01 7.519270e+01 2.957141e-01 -3.276736e-02 
4.068000e+02 -7.657351e-01 2.999841e-01 -1.269322e-02 7.457328e+03 1.580116e+04     0  1000  5000 -7.043478e-02     0 -2.617994e-01 8.895638e+01 7.527229e+01 2.955035e-01 -3.295577e-02 
4.069000e+02 -7.635482e-01 2.859931e-01 -3.133754e-02 7.464752e+03 1.580237e+04     0  1000  5000 -7.017667e-02     0 -2.617994e-01 8.946606e+01 7.539959e+01 2.952199e-01 -3.302059e-02 
  407 -7.612054e-01 2.719751e-01 -5.425582e-02 7.472224e+03 1.580340e+04     0  1000  5000 -6.987509e-02     0 -2.617994e-01 8.997482e+01 7.557414e+01 2.948665e-01 -3.295499e-02 
4.071000e+02 -7.587102e-01 2.579776e-01 -7.784144e-02 7.479742e+03 1.580424e+04     0  1000  5000 -6.953178e-02     0 -2.617994e-01 9.048275e+01 7.579533e+01 2.944474e-01 -3.275491e-02 
4.072000e+02 -7.560628e-01 2.440506e-01 -1.017100e-01 7.487304e+03 1.580490e+04     0  1000  5000 -6.914749e-02     0 -2.617994e-01 9.098993e+01 7.606238e+01 2.939677e-01 -3.241914e-02 
4.073000e+02 -7.532608e-01 2.302457e-01 -1.257733e-01 7.494911e+03 1.580538e+04     0  1000  5000 -6.872216e-02     0 -2.617994e-01 9.149642e+01 7.637436e+01 2.934334e-01 -3.194929e-02 
4.074000e+02 -7.503000e-01 2.166160e-01 -1.500038e-01 7.502559e+03 1.580567e+04     0  1000  5000 -6.825509e-02     0 -2.617994e-01 9.200229e+01 7.673020e+01 2.928506e-01 -3.134969e-02 
4.075000e+02 -7.471749e-01 2.032158e-01 -1.743913e-01 7.510248e+03 1.580577e+04     0  1000  5000 -6.774508e-02     0 -2.617994e-01 9.250761e+01 7.712867e+01 2.922262e-01 -3.062730e-02 
4.076000e+02 -7.438790e-01 1.900993e-01 -1.989304e-01 7.517975e+03 1.580567e+04     0  1000  5000 -6.719064e-02     0 -2.617994e-01 9.301242e+01 7.756839e+01 2.915671e-01 -2.979155e-02 
4.077000e+02 -7.404060e-01 1.773212e-01 -2.236167e-01 7.525739e+03 1.580538e+04     0  1000  5000 -6.659006e-02     0 -2.617994e-01 9.351677e+01 7.804788e+01 2.908804e-01 -2.885405e-02 
4.078000e+02 -7.367497e-01 1.649351e-01 -2.484448e-01 7.533538e+03 1.580489e+04     0  1000  5000 -6.594161e-02     0 -2.617994e-01 9.402070e+01 7.856550e+01 2.901728e-01 -2.782837e-02 
4.079000e+02 -7.329050e-01 1.529937e-01 -2.734074e-01 7.541368e+03 1.580420e+04     0  1000  5000 -6.524364e-02     0 -2.617994e-01 9.452427e+01 7.911951e+01 2.894511e-01 -2.672968e-02 
  408 -7.288680e-01 1.415479e-01 -2.984958e-01 7.549228e+03 1.580330e+04     0  1000  5000 -6.449472e-02     0 -2.617994e-01 9.502749e+01 7.970805e+01 2.887216e-01 -2.557436e-02 
4.081000e+02 -7.246364e-01 1.306462e-01 -3.236991e-01 7.557115e+03 1.580220e+04     0  1000  5000 -6.369374e-02     0 -2.617994e-01 9.553041e+01 8.032916e+01 2.879900e-01 -2.437960e-02 
4.082000e+02 -7.202102e-01 1.203346e-01 -3.490049e-01 7.565026e+03 1.580088e+04     0  1000  5000 -6.284001e-02     0 -2.617994e-01 9.603305e+01 8.098080e+01 2.872618e-01 -2.316296e-02 
4.083000e+02 -7.155915e-01 1.106557e-01 -3.743993e-01 7.572956e+03 1.579935e+04     0  1000  5000 -6.193336e-02     0 -2.617994e-01 9.653543e+01 8.166084e+01 2.865417e-01 -2.194194e-02 
4.084000e+02 -7.107852e-01 1.016482e-01 -3.998675e-01 7.580904e+03 1.579761e+04     0  1000  5000 -6.097422e-02     0 -2.617994e-01 9.703760e+01 8.236706e+01 2.858337e-01 -2.073354e-02 
4.085000e+02 -7.057990e-01 9.334707e-02 -4.253938e-01 7.588864e+03 1.579564e+04     0  1000  5000 -5.996365e-02     0 -2.617994e-01 9.753955e+01 8.309720e+01 2.851415e-01 -1.955385e-02 
4.086000e+02 -7.006432e-01 8.578247e-02 -4.509623e-01 7.596833e+03 1.579345e+04     0  1000  5000 -5.890342e-02     0 -2.617994e-01 9.804132e+01 8.384893e+01 2.844678e-01 -1.841765e-02 
4.087000e+02 -6.953314e-01 7.898007e-02 -4.765574e-01 7.604806e+03 1.579103e+04     0  1000  5000 -5.779602e-02     0 -2.617994e-01 9.854292e+01 8.461990e+01 2.838149e-01 -1.733812e-02 
4.088000e+02 -6.898798e-01 7.296057e-02 -5.021639e-01 7.612779e+03 1.578838e+04     0  1000  5000 -5.664468e-02     0 -2.617994e-01 9.904437e+01 8.540768e+01 2.831848e-01 -1.632655e-02 
4.089000e+02 -6.843073e-01 6.773971e-02 -5.277675e-01 7.620746e+03 1.578549e+04     0  1000  5000 -5.545334e-02     0 -2.617994e-01 9.954568e+01 8.620987e+01 2.825784e-01 -1.539213e-02 
  409 -6.786357e-01 6.332821e-02 -5.533553e-01 7.628702e+03 1.578237e+04     0  1000  5000 -5.422667e-02     0 -2.617994e-01   100 8.702400e+01 2.819968e-01 -1.454187e-02 
4.091000e+02 -6.728888e-01 5.973151e-02 -5.789156e-01 7.636642e+03 1.577902e+04     0  1000  5000 -5.296998e-02     0 -2.617994e-01   100 8.784569e+01 2.814462e-01 -1.378098e-02 
4.092000e+02 -6.670927e-01 5.694947e-02 -6.044382e-01 7.644560e+03 1.577542e+04     0  1000  5000 -5.168905e-02     0 -2.617994e-01   100 8.867118e+01 2.809307e-01 -1.311288e-02 
4.093000e+02 -6.612754e-01 5.497664e-02 -6.299140e-01 7.652449e+03 1.577157e+04     0  1000  5000 -5.039050e-02     0 -2.617994e-01   100 8.949809e+01 2.804484e-01 -1.253864e-02 
4.094000e+02 -6.554660e-01 5.380243e-02 -6.553359e-01 7.660303e+03 1.576748e+04     0  1000  5000 -4.908120e-02     0 -2.617994e-01   100 9.032404e+01 2.799963e-01 -1.205723e-02 
4.095000e+02 -6.496945e-01 5.341223e-02 -6.806987e-01 7.668115e+03 1.576315e+04     0  1000  5000 -4.776841e-02     0 -2.617994e-01   100 9.114672e+01 2.795714e-01 -1.166571e-02 
4.096000e+02 -6.439909e-01 5.378797e-02 -7.059998e-01 7.675877e+03 1.575857e+04     0  1000  5000 -4.645957e-02     0 -2.617994e-01   100 9.196385e+01 2.791710e-01 -1.135940e-02 
4.097000e+02 -6.383855e-01 5.490879e-02 -7.312392e-01 7.683584e+03 1.575374e+04     0  1000  5000 -4.516225e-02     0 -2.617994e-01   100 9.277318e+01 2.787929e-01 -1.113219e-02 
4.098000e+02 -6.329074e-01 5.675146e-02 -7.564190e-01 7.691226e+03 1.574866e+04     0  1000  5000 -4.388398e-02     0 -2.617994e-01   100 9.357254e+01 2.784352e-01 -1.097679e-02 
4.099000e+02 -6.275850e-01 5.929084e-02 -7.815436e-01 7.698797e+03 1.574334e+04     0  1000  5000 -4.263214e-02     0 -2.617994e-01   100 9.435981e+01 2.780966e-01 -1.088510e-02 
  410 -6.224453e-01 6.250023e-02 -8.066192e-01 7.706289e+03 1.573777e+04     0  1000  5000 -4.141389e-02     0 -2.617994e-01   100 9.513295e+01 2.777760e-01 -1.084846e-02 
4.101000e+02 -6.175133e-01 6.635178e-02 -8.316534e-01 7.713693e+03 1.573195e+04     0  1000  5000 -4.023607e-02     0 -2.617994e-01   100 9.588997e+01 2.774729e-01 -1.085798e-02 
4.102000e+02 -6.128120e-01 7.081669e-02 -8.566552e-01 7.721002e+03 1.572588e+04     0  1000  5000 -3.910507e-02     0 -2.617994e-01   100 9.662899e+01 2.771865e-01 -1.090480e-02 
4.103000e+02 -6.083618e-01 7.586556e-02 -8.816342e-01 7.728208e+03 1.571958e+04     0  1000  5000 -3.802677e-02     0 -2.617994e-01   100 9.734818e+01 2.769165e-01 -1.098034e-02 
4.104000e+02 -6.041807e-01 8.146861e-02 -9.066003e-01 7.735303e+03 1.571303e+04     0  1000  5000 -3.700647e-02     0 -2.617994e-01   100 9.804581e+01 2.766623e-01 -1.107646e-02 
4.105000e+02 -6.002837e-01 8.759590e-02 -9.315640e-01 7.742277e+03 1.570625e+04     0  1000  5000 -3.604883e-02     0 -2.617994e-01   100 9.872025e+01 2.764235e-01 -1.118560e-02 
4.106000e+02 -5.964521e-01 9.421535e-02 -9.565393e-01 7.749123e+03 1.569924e+04     0  1000  5000 -3.980129e-02     0 -2.617994e-01   100 9.936994e+01 2.762024e-01 -1.123119e-02 
4.107000e+02 -5.920918e-01 1.012779e-01 -9.815700e-01 7.755832e+03 1.569199e+04     0  1000  5000 -4.058877e-02     0 -2.617994e-01   100 9.999340e+01 2.760072e-01 -1.098418e-02 
4.108000e+02 -5.872978e-01 1.087352e-01 -1.006702e+00 7.762396e+03 1.568452e+04     0  1000  5000 -4.020056e-02     0 -2.617994e-01   100 1.005892e+02 2.758380e-01 -1.039456e-02 
4.109000e+02 -5.824171e-01 1.165676e-01 -1.031936e+00 7.768807e+03 1.567684e+04     0  1000  5000 -3.934332e-02     0 -2.617994e-01   100 1.011560e+02 2.756908e-01 -9.544731e-03 
  411 -5.777534e-01 1.247819e-01 -1.057229e+00 7.775057e+03 1.566893e+04     0  1000  5000 -3.832947e-02     0 -2.617994e-01   100 1.016925e+02 2.755615e-01 -8.567946e-03 
4.111000e+02 -5.728854e-01 1.333931e-01 -1.082523e+00 7.781139e+03 1.566083e+04     0  1000  5000 -4.894963e-02     0 -2.617994e-01   100 1.021974e+02 2.754529e-01 -7.417633e-03 
4.112000e+02 -5.663199e-01 1.423743e-01 -1.107837e+00 7.787045e+03 1.565252e+04     0  1000  5000 -5.201702e-02     0 -2.617994e-01   100 1.026696e+02 2.753776e-01 -5.623769e-03 
4.113000e+02 -5.583290e-01 1.516954e-01 -1.133205e+00 7.792768e+03 1.564402e+04     0  1000  5000 -5.204065e-02     0 -2.617994e-01   100 1.031079e+02 2.753329e-01 -3.159600e-03 
4.114000e+02 -5.497840e-01 1.613875e-01 -1.158558e+00 7.798303e+03 1.563533e+04     0  1000  5000 -5.080312e-02     0 -2.617994e-01   100 1.035111e+02 2.753123e-01 -3.069828e-04 
4.115000e+02 -5.414019e-01 1.715301e-01 -1.183732e+00 7.803643e+03 1.562647e+04     0  1000  5000 -4.908684e-02     0 -2.617994e-01   100 1.038780e+02 2.753137e-01 2.562257e-03 
4.116000e+02 -5.329506e-01 1.822108e-01 -1.208539e+00 7.808785e+03 1.561745e+04     0  1000  5000 -5.899684e-02     0 -2.617994e-01   100 1.042076e+02 2.753372e-01 5.297006e-03 
4.117000e+02 -5.229401e-01 1.934597e-01 -1.232890e+00 7.813723e+03 1.560827e+04     0  1000  5000 -6.127357e-02     0 -2.617994e-01   100 1.044987e+02 2.753799e-01 8.251737e-03 
4.118000e+02 -5.116447e-01 2.052810e-01 -1.256751e+00 7.818453e+03 1.559894e+04     0  1000  5000 -6.049707e-02     0 -2.617994e-01   100 1.047504e+02 2.754467e-01 1.138496e-02 
4.119000e+02 -4.999011e-01 2.177087e-01 -1.280017e+00 7.822975e+03 1.558949e+04     0  1000  5000 -5.847311e-02     0 -2.617994e-01   100 1.049615e+02 2.755466e-01 1.440089e-02 
  412 -4.883626e-01 2.307919e-01 -1.302527e+00 7.827285e+03 1.557991e+04     0  1000  5000 -5.598389e-02     0 -2.617994e-01   100 1.051310e+02 2.756881e-01 1.696796e-02 
4.121000e+02 -4.767607e-01 2.445622e-01 -1.324124e+00 7.831383e+03 1.557022e+04     0  1000  5000 -6.441872e-02     0 -2.617994e-01   100 1.052581e+02 2.758645e-01 1.900970e-02 
4.122000e+02 -4.636508e-01 2.589858e-01 -1.344789e+00 7.835269e+03 1.556043e+04     0  1000  5000 -6.566955e-02     0 -2.617994e-01   100 1.053418e+02 2.760542e-01 2.096119e-02 
4.123000e+02 -4.493162e-01 2.739998e-01 -1.364568e+00 7.838944e+03 1.555056e+04     0  1000  5000 -6.404016e-02     0 -2.617994e-01   100 1.053814e+02 2.762677e-01 2.288479e-02 
4.124000e+02 -4.345878e-01 2.895642e-01 -1.383446e+00 7.842410e+03 1.554062e+04     0  1000  5000 -6.123399e-02     0 -2.617994e-01   100 1.053761e+02 2.765211e-01 2.459613e-02 
4.125000e+02 -4.201244e-01 3.056535e-01 -1.401351e+00 7.845670e+03 1.553062e+04     0  1000  5000 -5.799572e-02     0 -2.617994e-01   100 1.053251e+02 2.768218e-01 2.586528e-02 
4.126000e+02 -4.057831e-01 3.222340e-01 -1.418204e+00 7.848728e+03 1.552057e+04     0  1000  5000 -6.384345e-02     0 -2.617994e-01   100 1.052279e+02 2.771558e-01 2.666641e-02 
4.127000e+02 -3.904256e-01 3.392326e-01 -1.434038e+00 7.851588e+03 1.551049e+04     0  1000  5000 -6.375152e-02     0 -2.617994e-01   100 1.050840e+02 2.774926e-01 2.739264e-02 
4.128000e+02 -3.743355e-01 3.565635e-01 -1.448937e+00 7.854255e+03 1.550039e+04     0  1000  5000 -6.131715e-02     0 -2.617994e-01   100 1.048930e+02 2.778421e-01 2.811850e-02 
4.129000e+02 -3.582240e-01 3.741643e-01 -1.462927e+00 7.856737e+03 1.549028e+04     0  1000  5000 -5.796859e-02     0 -2.617994e-01   100 1.046546e+02 2.782192e-01 2.870775e-02 
  413 -3.426376e-01 3.919878e-01 -1.475977e+00 7.859039e+03 1.548017e+04     0  1000  5000 -5.433048e-02     0 -2.617994e-01   100 1.043687e+02 2.786297e-01 2.898214e-02 
4.131000e+02 -3.274910e-01 4.099868e-01 -1.488046e+00 7.861168e+03 1.547008e+04     0  1000  5000 -5.760417e-02     0 -2.617994e-01   100 1.040352e+02 2.790613e-01 2.891507e-02 
4.132000e+02 -3.119431e-01 4.280949e-01 -1.499174e+00 7.863132e+03 1.546002e+04     0  1000  5000 -5.647949e-02     0 -2.617994e-01   100 1.036544e+02 2.794895e-01 2.879389e-02 
4.133000e+02 -2.961907e-01 4.462420e-01 -1.509446e+00 7.864939e+03 1.545000e+04     0  1000  5000 -5.367180e-02     0 -2.617994e-01   100 1.032265e+02 2.799234e-01 2.867439e-02 
4.134000e+02 -2.807341e-01 4.643734e-01 -1.518900e+00 7.866597e+03 1.544003e+04     0  1000  5000 -5.025444e-02     0 -2.617994e-01   100 1.027518e+02 2.803761e-01 2.846130e-02 
4.135000e+02 -2.659473e-01 4.824453e-01 -1.527535e+00 7.868113e+03 1.543012e+04     0  1000  5000 -4.669124e-02     0 -2.617994e-01   100 1.022309e+02 2.808534e-01 2.803139e-02 
4.136000e+02 -2.517690e-01 5.004154e-01 -1.535339e+00 7.869497e+03 1.542028e+04     0  1000  5000 -4.795006e-02     0 -2.617994e-01   100 1.016646e+02 2.813487e-01 2.736535e-02 
4.137000e+02 -2.376305e-01 5.182337e-01 -1.542357e+00 7.870756e+03 1.541052e+04     0  1000  5000 -4.625314e-02     0 -2.617994e-01   100 1.010535e+02 2.818482e-01 2.665586e-02 
4.138000e+02 -2.236440e-01 5.358496e-01 -1.548668e+00 7.871898e+03 1.540084e+04     0  1000  5000 -4.346969e-02     0 -2.617994e-01   100 1.003987e+02 2.823586e-01 2.594633e-02 
4.139000e+02 -2.101204e-01 5.532214e-01 -1.554321e+00 7.872931e+03 1.539126e+04     0  1000  5000 -4.033371e-02     0 -2.617994e-01   100 9.970113e+01 2.828894e-01 2.518322e-02 
  414 -1.972893e-01 5.703138e-01 -1.559336e+00 7.873864e+03 1.538178e+04     0  1000  5000 -3.715807e-02     0 -2.617994e-01   100 9.896196e+01 2.834453e-01 2.429529e-02 
4.141000e+02 -1.851177e-01 5.870936e-01 -1.563727e+00 7.874704e+03 1.537241e+04     0  1000  5000 -3.699359e-02     0 -2.617994e-01   100 9.818243e+01 2.840245e-01 2.327212e-02 
4.142000e+02 -1.732727e-01 6.035258e-01 -1.567539e+00 7.875457e+03 1.536316e+04     0  1000  5000 -3.508770e-02     0 -2.617994e-01   100 9.736390e+01 2.846215e-01 2.222724e-02 
4.143000e+02 -1.618060e-01 6.195761e-01 -1.570838e+00 7.876132e+03 1.535402e+04     0  1000  5000 -3.258579e-02     0 -2.617994e-01   100 9.650780e+01 2.852409e-01 2.119074e-02 
4.144000e+02 -1.508824e-01 6.352148e-01 -1.573675e+00 7.876734e+03 1.534501e+04     0  1000  5000 -2.993392e-02     0 -2.617994e-01   100 9.561562e+01 2.858890e-01 2.013860e-02 
4.145000e+02 -1.406208e-01 6.504154e-01 -1.576082e+00 7.877270e+03 1.533612e+04     0  1000  5000 -2.731887e-02     0 -2.617994e-01   100 9.468896e+01 2.865698e-01 1.903686e-02 
4.146000e+02 -1.310059e-01 6.651531e-01 -1.578085e+00 7.877746e+03 1.532737e+04     0  1000  5000 -2.632701e-02     0 -2.617994e-01   100 9.372946e+01 2.872847e-01 1.788104e-02 
4.147000e+02 -1.218716e-01 6.794032e-01 -1.579724e+00 7.878168e+03 1.531875e+04     0  1000  5000 -2.450646e-02     0 -2.617994e-01   100 9.273884e+01 2.880339e-01 1.672708e-02 
4.148000e+02 -1.132289e-01 6.931419e-01 -1.581051e+00 7.878539e+03 1.531027e+04     0  1000  5000 -2.244989e-02     0 -2.617994e-01   100 9.171885e+01 2.888213e-01 1.559296e-02 
4.149000e+02 -1.051410e-01 7.063467e-01 -1.582108e+00 7.878866e+03 1.530192e+04     0  1000  5000 -2.038492e-02     0 -2.617994e-01   100 9.067132e+01 2.896518e-01 1.447209e-02 
  415 -9.765038e-02 7.189969e-01 -1.582929e+00 7.879153e+03 1.529372e+04     0  1000  5000 -1.840401e-02     0 -2.617994e-01   100 8.959810e+01 2.905294e-01 1.335329e-02 
4.151000e+02 -9.074529e-02 7.310723e-01 -1.583543e+00 7.879403e+03 1.528565e+04     0  1000  5000 -1.712712e-02     0 -2.617994e-01   100 8.850110e+01 2.914577e-01 1.223608e-02 
4.152000e+02 -8.435589e-02 7.425528e-01 -1.583983e+00 7.879620e+03 1.527772e+04     0  1000  5000 -1.560848e-02     0 -2.617994e-01   100 8.738226e+01 2.924399e-01 1.114189e-02 
4.153000e+02 -7.846962e-02 7.534188e-01 -1.584285e+00 7.879809e+03 1.526993e+04 1.029149e+00  1000  5000 -1.407604e-02     0 -2.617994e-01   100 8.624356e+01 2.934804e-01 1.007985e-02 
4.154000e+02 -7.309077e-02 7.636507e-01 -1.584480e+00 7.879970e+03 1.526228e+04 4.876831e+00  1000  5000 -1.261449e-02     0 -2.617994e-01   100 8.508700e+01 2.945839e-01 9.050998e-03 
4.155000e+02 -6.821634e-02 7.732294e-01 -1.584595e+00 7.880108e+03 1.525476e+04 8.736891e+00  1000  5000 -1.125542e-02     0 -2.617994e-01   100 8.391465e+01 2.957553e-01 8.054675e-03 
4.156000e+02 -6.382939e-02 7.821358e-01 -1.584655e+00 7.880225e+03 1.524738e+04 1.260138e+01  1000  5000 -1.011082e-02     0 -2.617994e-01   100 8.272857e+01 2.969992e-01 7.091957e-03 
4.157000e+02 -5.989975e-02 7.903505e-01 -1.584683e+00 7.880323e+03 1.524013e+04 1.646249e+01  1000  5000 -9.014686e-03     0 -2.617994e-01   100 8.153087e+01 2.983208e-01 6.167628e-03 
4.158000e+02 -5.640318e-02 7.978540e-01 -1.584699e+00 7.880403e+03 1.523302e+04 2.031263e+01  1000  5000 -8.003401e-03     0 -2.617994e-01   100 8.032372e+01 2.997253e-01 5.284777e-03 
4.159000e+02 -5.331678e-02 8.046267e-01 -1.584723e+00 7.880468e+03 1.522603e+04 2.414435e+01  1000  5000 -7.087048e-03     0 -2.617994e-01   100 7.910928e+01 3.012180e-01 4.445177e-03 
  416 -5.061615e-02 8.106488e-01 -1.584771e+00 7.880520e+03 1.521916e+04 2.795045e+01  1000  5000 -6.265861e-03     0 -2.617994e-01   100 7.788978e+01 3.028047e-01 3.649988e-03 
4.161000e+02 -4.827641e-02 8.159000e-01 -1.584857e+00 7.880558e+03 1.521242e+04 3.172393e+01  1000  5000 -5.504171e-03     0 -2.617994e-01   100 7.666750e+01 3.044910e-01 2.899568e-03 
4.162000e+02 -4.627341e-02 8.203599e-01 -1.584992e+00 7.880585e+03 1.520579e+04 3.545803e+01  1000  5000 -4.849316e-03     0 -2.617994e-01   100 7.544472e+01 3.062826e-01 2.193027e-03 
4.163000e+02 -4.458011e-02 8.240078e-01 -1.585185e+00 7.880602e+03 1.519928e+04 3.914624e+01  1000  5000 -4.282895e-03     0 -2.617994e-01   100 7.422380e+01 3.081855e-01 1.529582e-03 
4.164000e+02 -4.316898e-02 8.268228e-01 -1.585444e+00 7.880609e+03 1.519288e+04 4.278229e+01  1000  5000 -3.793986e-03     0 -2.617994e-01   100 7.300716e+01 3.102053e-01 9.082801e-04 
4.165000e+02 -4.201350e-02 8.287838e-01 -1.585772e+00 7.880608e+03 1.518658e+04 4.636015e+01  1000  5000 -3.374504e-03     0 -2.617994e-01   100 7.179726e+01 3.123477e-01 3.276673e-04 
4.166000e+02 -4.108743e-02 8.298694e-01 -1.586172e+00 7.880598e+03 1.518039e+04 4.987407e+01  1000  5000 -3.069552e-03     0 -2.617994e-01   100 7.059661e+01 3.146180e-01 -2.138873e-04 
4.167000e+02 -4.036411e-02 8.300579e-01 -1.586645e+00 7.880580e+03 1.517430e+04 5.331854e+01  1000  5000 -2.787822e-03     0 -2.617994e-01 9.974381e+01 6.940718e+01 3.170239e-01 -7.176313e-04 
4.168000e+02 -3.982223e-02 8.293269e-01 -1.587191e+00 7.880556e+03 1.516830e+04 5.668819e+01  1000  5000 -2.543867e-03     0 -2.617994e-01 9.942142e+01 6.823016e+01 3.195773e-01 -1.186413e-03 
4.169000e+02 -3.944341e-02 8.276536e-01 -1.587809e+00 7.880524e+03 1.516239e+04 5.997787e+01  1000  5000 -2.340242e-03     0 -2.617994e-01 9.913901e+01 6.706846e+01 3.222815e-01 -1.624261e-03 
  417 -3.921073e-02 8.250161e-01 -1.588493e+00 7.880487e+03 1.515656e+04 6.318272e+01  1000  5000 -2.175238e-03     0 -2.617994e-01 9.889359e+01 6.592518e+01 3.251391e-01 -2.035834e-03 
4.171000e+02 -3.910351e-02 8.213916e-01 -1.589240e+00 7.880443e+03 1.515082e+04 6.629813e+01  1000  5000 -2.265349e-03     0 -2.617994e-01 9.868239e+01 6.480350e+01 3.281500e-01 -2.424471e-03 
4.172000e+02 -3.909400e-02 8.167580e-01 -1.590043e+00 7.880393e+03 1.514515e+04 6.931978e+01  1000  5000 -2.247137e-03     0 -2.617994e-01 9.850270e+01 6.370662e+01 3.313127e-01 -2.789770e-03 
4.173000e+02 -3.916825e-02 8.110939e-01 -1.590899e+00 7.880338e+03 1.513955e+04 7.224360e+01  1000  5000 -2.202871e-03     0 -2.617994e-01 9.835211e+01 6.263784e+01 3.346237e-01 -3.134687e-03 
4.174000e+02 -3.931859e-02 8.043794e-01 -1.591802e+00 7.880277e+03 1.513401e+04 7.506580e+01  1000  5000 -2.161487e-03     0 -2.617994e-01 9.822848e+01 6.160051e+01 3.380773e-01 -3.464458e-03 
4.175000e+02 -3.953831e-02 7.965960e-01 -1.592746e+00 7.880211e+03 1.512854e+04 7.778285e+01  1000  5000 -2.132620e-03     0 -2.617994e-01 9.812989e+01 6.059804e+01 3.416652e-01 -3.785005e-03 
4.176000e+02 -3.981365e-02 7.877273e-01 -1.593723e+00 7.880139e+03 1.512313e+04 8.039146e+01  1000  5000 -2.487123e-03     0 -2.617994e-01 9.805465e+01 5.963389e+01 3.453758e-01 -4.099798e-03 
4.177000e+02 -4.011825e-02 7.777589e-01 -1.594727e+00 7.880062e+03 1.511776e+04 8.288860e+01  1000  5000 -2.621606e-03     0 -2.617994e-01 9.800127e+01 5.871158e+01 3.491938e-01 -4.406114e-03 
4.178000e+02 -4.044388e-02 7.666791e-01 -1.595755e+00 7.879980e+03 1.511245e+04 8.527147e+01  1000  5000 -2.678828e-03     0 -2.617994e-01 9.796841e+01 5.783466e+01 3.530994e-01 -4.705352e-03 
4.179000e+02 -4.079055e-02 7.544780e-01 -1.596803e+00 7.879893e+03 1.510717e+04 8.753754e+01  1000  5000 -2.711635e-03     0 -2.596665e-01 9.795602e+01 5.700666e+01 3.570656e-01 -5.001661e-03 
  418 -4.115404e-02 7.410072e-01 -1.597858e+00 7.879801e+03 1.510193e+04 8.968456e+01  1000  5000 -2.738189e-03     0 -2.505321e-01 9.796290e+01 5.623106e+01 3.608880e-01 -5.299854e-03 
4.181000e+02 -4.151399e-02 7.259104e-01 -1.598897e+00 7.879703e+03 1.509673e+04 9.171058e+01  1000  5000 -3.216942e-03     0 -2.431229e-01 9.798584e+01 5.551148e+01 3.642038e-01 -5.601740e-03 
4.182000e+02 -4.184387e-02 7.090441e-01 -1.599910e+00 7.879600e+03 1.509155e+04 9.361354e+01  1000  5000 -3.407652e-03     0 -2.434063e-01 9.802614e+01 5.485189e+01 3.669088e-01 -5.901877e-03 
4.183000e+02 -4.214837e-02 6.906035e-01 -1.600905e+00 7.879492e+03 1.508639e+04 9.539124e+01  1000  5000 -3.487009e-03     0 -2.434414e-01 9.808069e+01 5.425631e+01 3.692011e-01 -6.198846e-03 
4.184000e+02 -4.244295e-02 6.708501e-01 -1.601895e+00 7.879378e+03 1.508126e+04 9.704151e+01  1000  5000 -3.523260e-03     0 -2.489620e-01 9.815043e+01 5.372853e+01 3.712945e-01 -6.493875e-03 
4.185000e+02 -4.274667e-02 6.501728e-01 -1.602899e+00 7.879259e+03 1.507613e+04 9.856230e+01  1000  5000 -3.544545e-03     0 -2.585895e-01 9.823522e+01 5.327208e+01 3.735079e-01 -6.788653e-03 
4.186000e+02 -4.307153e-02 6.289952e-01 -1.603936e+00 7.879134e+03 1.507101e+04 9.995188e+01  1000  5000 -4.014116e-03     0 -2.617994e-01 9.833573e+01 5.288988e+01 3.761142e-01 -7.081949e-03 
4.187000e+02 -4.340038e-02 6.074137e-01 -1.605009e+00 7.879003e+03 1.506589e+04 1.012091e+02  1000  5000 -4.200600e-03     0 -2.617994e-01 9.845078e+01 5.258420e+01 3.790114e-01 -7.365813e-03 
4.188000e+02 -4.372850e-02 5.853474e-01 -1.606114e+00 7.878866e+03 1.506077e+04 1.023334e+02  1000  5000 -4.283308e-03     0 -2.617994e-01 9.857873e+01 5.235689e+01 3.819627e-01 -7.635517e-03 
4.189000e+02 -4.405823e-02 5.627359e-01 -1.607249e+00 7.878723e+03 1.505563e+04 1.033246e+02  1000  5000 -4.329046e-03     0 -2.617994e-01 9.871996e+01 5.220946e+01 3.847599e-01 -7.888775e-03 
  419 -4.439341e-02 5.395401e-01 -1.608411e+00 7.878574e+03 1.505049e+04 1.041824e+02  1000  5000 -4.362075e-03     0 -2.617994e-01 9.887464e+01 5.214302e+01 3.872207e-01 -8.123964e-03 
4.191000e+02 -4.473012e-02 5.157459e-01 -1.609599e+00 7.878418e+03 1.504533e+04 1.049073e+02  1000  5000 -4.885279e-03     0 -2.617994e-01 9.904254e+01 5.215830e+01 3.891932e-01 -8.336782e-03 
4.192000e+02 -4.504907e-02 4.913661e-01 -1.610811e+00 7.878255e+03 1.504015e+04 1.054994e+02  1000  5000 -5.095490e-03     0 -2.617994e-01 9.922347e+01 5.225559e+01 3.905584e-01 -8.516018e-03 
4.193000e+02 -4.534788e-02 4.664407e-01 -1.612051e+00 7.878085e+03 1.503494e+04 1.059594e+02  1000  5000 -5.187373e-03     0 -2.617994e-01 9.941726e+01 5.243479e+01 3.912298e-01 -8.654846e-03 
4.194000e+02 -4.563306e-02 4.410356e-01 -1.613322e+00 7.877907e+03 1.502969e+04 1.062878e+02  1000  5000 -5.233328e-03     0 -2.617994e-01 9.962379e+01 5.269538e+01 3.911536e-01 -8.750076e-03 
4.195000e+02 -4.591247e-02 4.152408e-01 -1.614628e+00 7.877722e+03 1.502441e+04 1.064853e+02  1000  5000 -5.261238e-03     0 -2.617994e-01 9.984295e+01 5.303644e+01 3.903068e-01 -8.800251e-03 
4.196000e+02 -4.618408e-02 3.891685e-01 -1.615971e+00 7.877528e+03 1.501909e+04 1.065526e+02  1000  5000 -5.845759e-03     0 -2.617994e-01   100 5.345659e+01 3.886973e-01 -8.801754e-03 
4.197000e+02 -4.642754e-02 3.629533e-01 -1.617356e+00 7.877325e+03 1.501373e+04 1.064907e+02  1000  5000 -6.068749e-03     0 -2.617994e-01   100 5.395304e+01 3.863704e-01 -8.744263e-03 
4.198000e+02 -4.664031e-02 3.367347e-01 -1.618789e+00 7.877113e+03 1.500831e+04 1.063004e+02  1000  5000 -6.154451e-03     0 -2.617994e-01   100 5.452336e+01 3.833795e-01 -8.623359e-03 
4.199000e+02 -4.682992e-02 3.106640e-01 -1.620275e+00 7.876892e+03 1.500284e+04 1.059828e+02  1000  5000 -6.186674e-03     0 -2.617994e-01   100 5.516513e+01 3.797964e-01 -8.439819e-03 
  420 -4.700514e-02 2.849024e-01 -1.621817e+00 7.876661e+03 1.499731e+04 1.055389e+02  1000  5000 -6.196617e-03     0 -2.617994e-01   100 5.587562e+01 3.757100e-01 -8.197262e-03 
4.201000e+02 -4.716189e-02 2.596139e-01 -1.623419e+00 7.876420e+03 1.499172e+04 1.049702e+02  1000  5000 -6.849663e-03     0 -2.617994e-01   100 5.665184e+01 3.712191e-01 -7.897101e-03 
4.202000e+02 -4.727068e-02 2.349609e-01 -1.625082e+00 7.876167e+03 1.498606e+04 1.042780e+02  1000  5000 -7.082785e-03     0 -2.617994e-01   100 5.749054e+01 3.664282e-01 -7.532124e-03 
4.203000e+02 -4.732643e-02 2.111000e-01 -1.626808e+00 7.875903e+03 1.498033e+04 1.034641e+02  1000  5000 -7.152924e-03     0 -2.617994e-01   100 5.838823e+01 3.614421e-01 -7.103237e-03 
4.204000e+02 -4.733713e-02 1.881787e-01 -1.628599e+00 7.875627e+03 1.497453e+04 1.025304e+02  1000  5000 -7.155486e-03     0 -2.617994e-01   100 5.934126e+01 3.563625e-01 -6.617957e-03 
4.205000e+02 -4.731241e-02 1.663317e-01 -1.630452e+00 7.875339e+03 1.496865e+04 1.014792e+02  1000  5000 -7.127098e-03     0 -2.617994e-01   100 6.034577e+01 3.512839e-01 -6.087093e-03 
4.206000e+02 -4.724445e-02 1.456779e-01 -1.632364e+00 7.875037e+03 1.496268e+04 1.003129e+02  1000  5000 -7.871664e-03     0 -2.617994e-01   100 6.139781e+01 3.462906e-01 -5.517850e-03 
4.207000e+02 -4.709095e-02 1.263187e-01 -1.634327e+00 7.874721e+03 1.495663e+04 9.903465e+01  1000  5000 -8.102477e-03     0 -2.617994e-01   100 6.249327e+01 3.414544e-01 -4.905080e-03 
4.208000e+02 -4.684552e-02 1.083357e-01 -1.636337e+00 7.874391e+03 1.495048e+04 9.764758e+01  1000  5000 -8.129346e-03     0 -2.617994e-01   100 6.362799e+01 3.368327e-01 -4.253962e-03 
4.209000e+02 -4.652111e-02 9.179055e-02 -1.638386e+00 7.874046e+03 1.494425e+04 9.615542e+01  1000  5000 -8.067669e-03     0 -2.617994e-01   100 6.479772e+01 3.324675e-01 -3.577748e-03 
  421 -4.613363e-02 7.672480e-02 -1.640462e+00 7.873685e+03 1.493792e+04 9.456228e+01  1000  5000 -7.962368e-03     0 -2.617994e-01   100 6.599821e+01 3.283864e-01 -2.893028e-03 
4.211000e+02 -4.567523e-02 6.316101e-02 -1.642553e+00 7.873308e+03 1.493148e+04 9.287274e+01  1000  5000 -8.750777e-03     0 -2.617994e-01   100 6.722518e+01 3.246030e-01 -2.210285e-03 
4.212000e+02 -4.509187e-02 5.110400e-02 -1.644643e+00 7.872914e+03 1.492495e+04 9.109178e+01  1000  5000 -8.934602e-03     0 -2.617994e-01   100 6.847436e+01 3.211188e-01 -1.522185e-03 
4.213000e+02 -4.438082e-02 4.054293e-02 -1.646720e+00 7.872502e+03 1.491831e+04 8.922483e+01  1000  5000 -8.874697e-03     0 -2.617994e-01   100 6.974156e+01 3.179249e-01 -8.341237e-04 
4.214000e+02 -4.356595e-02 3.145399e-02 -1.648773e+00 7.872071e+03 1.491156e+04 8.727777e+01  1000  5000 -8.706725e-03     0 -2.617994e-01   100 7.102262e+01 3.150049e-01 -1.611006e-04 
4.215000e+02 -4.267435e-02 2.380309e-02 -1.650783e+00 7.871621e+03 1.490470e+04 8.525688e+01  1000  5000 -8.484860e-03     0 -2.617994e-01   100 7.231347e+01 3.123374e-01 4.787429e-04 
4.216000e+02 -4.170272e-02 1.754860e-02 -1.652734e+00 7.871152e+03 1.489772e+04 8.316882e+01  1000  5000 -9.179715e-03     0 -2.617994e-01   100 7.361014e+01 3.098979e-01 1.075875e-03 
4.217000e+02 -4.059197e-02 1.264373e-02 -1.654611e+00 7.870663e+03 1.489063e+04 8.102064e+01  1000  5000 -9.247556e-03     0 -2.617994e-01   100 7.490878e+01 3.076615e-01 1.643304e-03 
4.218000e+02 -3.934678e-02 9.038773e-03 -1.656403e+00 7.870153e+03 1.488342e+04 7.881972e+01  1000  5000 -9.061467e-03     0 -2.617994e-01   100 7.620565e+01 3.056045e-01 2.179514e-03 
4.219000e+02 -3.800271e-02 6.683071e-03 -1.658101e+00 7.869622e+03 1.487609e+04 7.657376e+01  1000  5000 -8.763366e-03     0 -2.617994e-01   100 7.749717e+01 3.037053e-01 2.672271e-03 
  422 -3.659707e-02 5.526436e-03 -1.659692e+00 7.869070e+03 1.486864e+04 7.429072e+01  1000  5000 -8.411473e-03     0 -2.617994e-01   100 7.877986e+01 3.019455e-01 3.106470e-03 
4.221000e+02 -3.513433e-02 5.519973e-03 -1.661164e+00 7.868495e+03 1.486106e+04 7.197884e+01  1000  5000 -8.844393e-03     0 -2.617994e-01   100 8.005041e+01 3.003101e-01 3.476456e-03 
4.222000e+02 -3.356348e-02 6.616452e-03 -1.662509e+00 7.867900e+03 1.485336e+04 6.964653e+01  1000  5000 -8.740166e-03     0 -2.617994e-01   100 8.130562e+01 2.987870e-01 3.799712e-03 
4.223000e+02 -3.189770e-02 8.770440e-03 -1.663726e+00 7.867282e+03 1.484554e+04 6.730242e+01  1000  5000 -8.420630e-03     0 -2.617994e-01   100 8.254245e+01 2.973669e-01 4.079531e-03 
4.224000e+02 -3.017873e-02 1.193831e-02 -1.664811e+00 7.866642e+03 1.483758e+04 6.495527e+01  1000  5000 -8.009977e-03     0 -2.617994e-01   100 8.375800e+01 2.960431e-01 4.308959e-03 
4.225000e+02 -2.844754e-02 1.607793e-02 -1.665762e+00 7.865980e+03 1.482951e+04 6.261396e+01  1000  5000 -7.560629e-03     0 -2.617994e-01   100 8.494947e+01 2.948104e-01 4.478651e-03 
4.226000e+02 -2.671725e-02 2.114829e-02 -1.666574e+00 7.865297e+03 1.482130e+04 6.028746e+01  1000  5000 -7.639446e-03     0 -2.617994e-01   100 8.611422e+01 2.936645e-01 4.587098e-03 
4.227000e+02 -2.495954e-02 2.710911e-02 -1.667250e+00 7.864593e+03 1.481298e+04 5.798481e+01  1000  5000 -7.367389e-03     0 -2.617994e-01   100 8.724974e+01 2.926014e-01 4.651008e-03 
4.228000e+02 -2.319424e-02 3.392057e-02 -1.667793e+00 7.863869e+03 1.480453e+04 5.571503e+01  1000  5000 -6.962129e-03     0 -2.617994e-01   100 8.835363e+01 2.916175e-01 4.676570e-03 
4.229000e+02 -2.146041e-02 4.154325e-02 -1.668210e+00 7.863124e+03 1.479595e+04 5.348717e+01  1000  5000 -6.509463e-03     0 -2.617994e-01   100 8.942363e+01 2.907091e-01 4.662591e-03 
  423 -1.979467e-02 4.993800e-02 -1.668503e+00 7.862360e+03 1.478726e+04 5.131020e+01  1000  5000 -6.047056e-03     0 -2.617994e-01   100 9.045758e+01 2.898727e-01 4.606491e-03 
4.231000e+02 -1.821847e-02 5.906593e-02 -1.668677e+00 7.861577e+03 1.477845e+04 4.919302e+01  1000  5000 -5.819624e-03     0 -2.617994e-01   100 9.145349e+01 2.891041e-01 4.510076e-03 
4.232000e+02 -1.673577e-02 6.888845e-02 -1.668739e+00 7.860776e+03 1.476952e+04 4.714439e+01  1000  5000 -5.466503e-03     0 -2.617994e-01   100 9.240944e+01 2.883993e-01 4.384590e-03 
4.233000e+02 -1.537172e-02 7.936739e-02 -1.668696e+00 7.859959e+03 1.476048e+04 4.517292e+01  1000  5000 -5.083116e-03     0 -2.617994e-01   100 9.332367e+01 2.877542e-01 4.237238e-03 
4.234000e+02 -1.415895e-02 9.046510e-02 -1.668558e+00 7.859126e+03 1.475134e+04 4.328701e+01  1000  5000 -4.709631e-03     0 -2.617994e-01   100 9.419453e+01 2.871652e-01 4.072640e-03 
4.235000e+02 -1.312807e-02 1.021446e-01 -1.668334e+00 7.858279e+03 1.474209e+04 4.149483e+01  1000  5000 -4.365915e-03     0 -2.617994e-01   100 9.502050e+01 2.866287e-01 3.895482e-03 
4.236000e+02 -1.230606e-02 1.143694e-01 -1.668030e+00 7.857418e+03 1.473274e+04 3.980427e+01  1000  5000 -4.012689e-03     0 -2.617994e-01   100 9.580018e+01 2.861413e-01 3.710852e-03 
4.237000e+02 -1.171406e-02 1.271040e-01 -1.667655e+00 7.856545e+03 1.472329e+04 3.822289e+01  1000  5000 -3.741532e-03     0 -2.617994e-01   100 9.653229e+01 2.857001e-01 3.523629e-03 
4.238000e+02 -1.136138e-02 1.403133e-01 -1.667218e+00 7.855661e+03 1.471375e+04 3.675793e+01  1000  5000 -3.537465e-03     0 -2.617994e-01   100 9.721567e+01 2.853025e-01 3.341743e-03 
4.239000e+02 -1.124897e-02 1.539631e-01 -1.666725e+00 7.854767e+03 1.470413e+04 3.541623e+01  1000  5000 -3.395717e-03     0 -2.617994e-01   100 9.784929e+01 2.849461e-01 3.175282e-03 
  424 1.135005e-02 1.680198e-01 -1.666185e+00 7.853865e+03 1.469444e+04 3.420422e+01  1000  5000 1.176125e-04     0 -2.617994e-01   100 9.843223e+01 2.846293e-01 2.991308e-03 
4.241000e+02 1.151153e-02 1.824502e-01 -1.665573e+00 7.852956e+03 1.468467e+04 3.312787e+01  1000  5000 1.857321e-03     0 -2.617994e-01   100 9.896371e+01 2.843509e-01 2.629952e-03 
4.242000e+02 1.158462e-02 1.972214e-01 -1.664859e+00 7.852042e+03 1.467483e+04 3.219270e+01  1000  5000 2.554970e-03     0 -2.617994e-01   100 9.944305e+01 2.841088e-01 2.021617e-03 
4.243000e+02 1.157733e-02 2.123018e-01 -1.664042e+00 7.851122e+03 1.466494e+04 3.140373e+01  1000  5000 2.858939e-03     0 -2.617994e-01   100 9.986969e+01 2.839005e-01 1.210632e-03 
4.244000e+02 1.154373e-02 2.276605e-01 -1.663159e+00 7.850199e+03 1.465500e+04 3.076545e+01  1000  5000 3.012873e-03     0 -2.617994e-01   100 1.002432e+02 2.837242e-01 2.830264e-04 
4.245000e+02 1.152024e-02 2.432671e-01 -1.662271e+00 7.849272e+03 1.464501e+04 3.028183e+01  1000  5000 3.112775e-03     0 -2.617994e-01   100 1.005632e+02 2.835789e-01 -6.685316e-04 
4.246000e+02 1.151931e-02 2.590915e-01 -1.661448e+00 7.848343e+03 1.463499e+04 2.995626e+01  1000  5000 3.606031e-03     0 -2.617994e-01   100 1.008296e+02 2.834640e-01 -1.569739e-03 
4.247000e+02 1.154757e-02 2.751042e-01 -1.660751e+00 7.847412e+03 1.462494e+04 2.979159e+01  1000  5000 3.839568e-03     0 -2.617994e-01   100 1.010422e+02 2.833789e-01 -2.381712e-03 
4.248000e+02 -1.161540e-02 2.912758e-01 -1.660228e+00 7.846479e+03 1.461487e+04 2.979006e+01  1000  5000 4.590744e-04     0 -2.617994e-01   100 1.012011e+02 2.833234e-01 -3.026429e-03 
4.249000e+02 -1.168138e-02 3.075767e-01 -1.659946e+00 7.845546e+03 1.460479e+04 2.995334e+01  1000  5000 -8.910153e-04     0 -2.617994e-01   100 1.013063e+02 2.832983e-01 -3.301390e-03 
  425 -1.172927e-02 3.239781e-01 -1.659961e+00 7.844613e+03 1.459471e+04 3.028253e+01  1000  5000 -1.354164e-03     0 -2.617994e-01   100 1.013581e+02 2.833031e-01 -3.147702e-03 
4.251000e+02 1.179016e-02 3.404510e-01 -1.660277e+00 7.843681e+03 1.458462e+04 3.077813e+01  1000  5000 -4.619199e-04     0 -2.617994e-01   100 1.013569e+02 2.833356e-01 -2.635678e-03 
4.252000e+02 1.186396e-02 3.569674e-01 -1.660836e+00 7.842751e+03 1.457456e+04 3.144003e+01  1000  5000 3.578009e-03     0 -2.617994e-01   100 1.013030e+02 2.833939e-01 -1.976571e-03 
4.253000e+02 -1.195039e-02 3.734996e-01 -1.661506e+00 7.841823e+03 1.456451e+04 3.226758e+01  1000  5000 1.545407e-03     0 -2.617994e-01   100 1.011970e+02 2.834774e-01 -1.501395e-03 
4.254000e+02 -1.212061e-02 3.900208e-01 -1.662173e+00 7.840898e+03 1.455449e+04 3.325953e+01  1000  5000 -9.355912e-05     0 -2.617994e-01   100 1.010395e+02 2.835885e-01 -1.142272e-03 
4.255000e+02 -1.232562e-02 4.065046e-01 -1.662812e+00 7.839976e+03 1.454450e+04 3.441408e+01  1000  5000 -6.882921e-04     0 -2.617994e-01   100 1.008313e+02 2.837276e-01 -7.896718e-04 
4.256000e+02 -1.251452e-02 4.229247e-01 -1.663426e+00 7.839056e+03 1.453456e+04 3.572891e+01  1000  5000 -1.130148e-03     0 -2.617994e-01   100 1.005731e+02 2.838942e-01 -4.241338e-04 
4.257000e+02 -1.266916e-02 4.392552e-01 -1.664013e+00 7.838140e+03 1.452467e+04 3.720114e+01  1000  5000 -1.281441e-03     0 -2.617994e-01   100 1.002659e+02 2.840882e-01 -5.091775e-05 
4.258000e+02 -1.279506e-02 4.554705e-01 -1.664561e+00 7.837229e+03 1.451483e+04 3.882742e+01  1000  5000 -1.321719e-03     0 -2.617994e-01   100 9.991053e+01 2.843095e-01 3.086067e-04 
4.259000e+02 -1.290226e-02 4.715459e-01 -1.665056e+00 7.836321e+03 1.450506e+04 4.060391e+01  1000  5000 -1.318353e-03     0 -2.617994e-01   100 9.950811e+01 2.845585e-01 6.303423e-04 
  426 -1.299706e-02 4.874568e-01 -1.665481e+00 7.835419e+03 1.449537e+04 4.252630e+01  1000  5000 -1.297099e-03     0 -2.617994e-01   100 9.905977e+01 2.848360e-01 8.955850e-04 
4.261000e+02 -1.307927e-02 5.031791e-01 -1.665824e+00 7.834522e+03 1.448574e+04 4.458988e+01  1000  5000 -1.482224e-03     0 -2.617994e-01   100 9.856669e+01 2.851426e-01 1.097055e-03 
4.262000e+02 -1.314378e-02 5.186889e-01 -1.666079e+00 7.833632e+03 1.447620e+04 4.678952e+01  1000  5000 -1.526730e-03     0 -2.617994e-01   100 9.803012e+01 2.854790e-01 1.242795e-03 
4.263000e+02 -1.319470e-02 5.339628e-01 -1.666246e+00 7.832748e+03 1.446675e+04 4.911973e+01  1000  5000 -1.517012e-03     0 -2.617994e-01   100 9.745139e+01 2.858463e-01 1.339601e-03 
4.264000e+02 -1.324004e-02 5.489774e-01 -1.666331e+00 7.831872e+03 1.445739e+04 5.157468e+01  1000  5000 -1.486076e-03     0 -2.617994e-01   100 9.683187e+01 2.862455e-01 1.393654e-03 
4.265000e+02 -1.328822e-02 5.637100e-01 -1.666338e+00 7.831004e+03 1.444813e+04 5.414824e+01  1000  5000 -1.447382e-03     0 -2.617994e-01   100 9.617300e+01 2.866776e-01 1.412207e-03 
4.266000e+02 -1.334693e-02 5.781378e-01 -1.666277e+00 7.830145e+03 1.443898e+04 5.683398e+01  1000  5000 -1.451248e-03     0 -2.617994e-01   100 9.547626e+01 2.871438e-01 1.404201e-03 
4.267000e+02 -1.342329e-02 5.922385e-01 -1.666155e+00 7.829295e+03 1.442992e+04 5.962526e+01  1000  5000 -1.429182e-03     0 -2.617994e-01   100 9.474319e+01 2.876456e-01 1.380431e-03 
4.268000e+02 -1.352449e-02 6.059900e-01 -1.665983e+00 7.828454e+03 1.442098e+04 6.251521e+01  1000  5000 -1.401143e-03     0 -2.617994e-01   100 9.397536e+01 2.881842e-01 1.349932e-03 
4.269000e+02 1.365586e-02 6.193706e-01 -1.665769e+00 7.827624e+03 1.441215e+04 6.549679e+01  1000  5000 1.185834e-03     0 -2.617994e-01   100 9.317439e+01 2.887614e-01 1.315083e-03 
  427 1.379340e-02 6.323587e-01 -1.665505e+00 7.826805e+03 1.440343e+04 6.856280e+01  1000  5000 3.937087e-03     0 -2.617994e-01   100 9.234195e+01 2.893792e-01 1.136430e-03 
4.271000e+02 1.390981e-02 6.449330e-01 -1.665147e+00 7.825997e+03 1.439483e+04 7.170593e+01  1000  5000 5.126421e-03     0 -2.617994e-01   100 9.147973e+01 2.900393e-01 6.753086e-04 
4.272000e+02 -1.405130e-02 6.570726e-01 -1.664668e+00 7.825200e+03 1.438635e+04 7.491879e+01  1000  5000 1.399966e-03     0 -2.617994e-01   100 9.058947e+01 2.907427e-01 -1.653247e-05 
4.273000e+02 -1.420457e-02 6.687565e-01 -1.664118e+00 7.824414e+03 1.437799e+04 7.819392e+01  1000  5000 -1.514933e-04     0 -2.617994e-01   100 8.967292e+01 2.914912e-01 -6.776507e-04 
4.274000e+02 -1.432558e-02 6.799649e-01 -1.663601e+00 7.823640e+03 1.436975e+04 8.152383e+01  1000  5000 -7.040601e-04     0 -2.617994e-01   100 8.873189e+01 2.922884e-01 -1.163548e-03 
4.275000e+02 -1.442939e-02 6.906770e-01 -1.663204e+00 7.822876e+03 1.436164e+04 8.490103e+01  1000  5000 -8.861921e-04     0 -2.617994e-01   100 8.776819e+01 2.931372e-01 -1.431521e-03 
4.276000e+02 -1.454173e-02 7.008728e-01 -1.662971e+00 7.822124e+03 1.435364e+04 8.831807e+01  1000  5000 -6.821036e-04     0 -2.617994e-01   100 8.678369e+01 2.940399e-01 -1.492505e-03 
4.277000e+02 1.466643e-02 7.105167e-01 -1.662911e+00 7.821383e+03 1.434577e+04 9.176751e+01  1000  5000 3.828285e-03     0 -2.480955e-01   100 8.578020e+01 2.949686e-01 -1.428868e-03 
4.278000e+02 -1.475476e-02 7.176689e-01 -1.662974e+00 7.820654e+03 1.433801e+04 9.524296e+01  1000  5000 4.781485e-03     0 -1.969914e-01   100 8.475872e+01 2.937896e-01 -1.470871e-03 
4.279000e+02 -1.479824e-02 7.184727e-01 -1.663074e+00 7.819936e+03 1.433038e+04 9.873738e+01  1000  5000 1.477955e-03     0 -1.625707e-01   100 8.372522e+01 2.872195e-01 -1.642134e-03 
  428 -1.478762e-02 7.121194e-01 -1.663181e+00 7.819229e+03 1.432287e+04 1.022383e+02  1000  5000 2.979135e-04     0 -1.392325e-01   100 8.268991e+01 2.752963e-01 -1.777603e-03 
4.281000e+02 -1.470364e-02 6.997707e-01 -1.663318e+00 7.818532e+03 1.431546e+04 1.057285e+02  1000  5000 -5.890219e-05     0 -1.195310e-01   100 8.166326e+01 2.597731e-01 -1.813817e-03 
4.282000e+02 -1.456159e-02 6.830610e-01 -1.663507e+00 7.817844e+03 1.430815e+04 1.091892e+02  1000  5000 -1.332360e-04     0 -9.982371e-02   100 8.065443e+01 2.425660e-01 -1.751580e-03 
4.283000e+02 -1.439032e-02 6.633171e-01 -1.663754e+00 7.817163e+03 1.430093e+04 1.126010e+02  1000  5000 -9.702644e-05     0 -7.952667e-02   100 7.967116e+01 2.250707e-01 -1.612919e-03 
4.284000e+02 -1.421433e-02 6.414387e-01 -1.664047e+00 7.816488e+03 1.429378e+04 1.159457e+02  1000  5000 -1.885104e-05     0 -5.950340e-02   100 7.872012e+01 2.081374e-01 -1.424602e-03 
4.285000e+02 -1.404995e-02 6.180168e-01 -1.664369e+00 7.815820e+03 1.428670e+04 1.192067e+02  1000  5000 7.296620e-05     0 -4.087190e-02   100 7.780727e+01 1.922485e-01 -1.212018e-03 
4.286000e+02 -1.390645e-02 5.934781e-01 -1.664697e+00 7.815155e+03 1.427967e+04 1.223687e+02  1000  5000 8.271706e-05     0 -2.447441e-02   100 7.693808e+01 1.776905e-01 -9.963706e-04 
4.287000e+02 -1.378736e-02 5.681793e-01 -1.665015e+00 7.814494e+03 1.427268e+04 1.254182e+02  1000  5000 1.417825e-04     0 -1.079854e-02   100 7.611757e+01 1.646581e-01 -7.933010e-04 
4.288000e+02 -1.369473e-02 5.424500e-01 -1.665309e+00 7.813835e+03 1.426573e+04 1.283432e+02  1000  5000 2.148080e-04     0 -7.557642e-05   100 7.535038e+01 1.532998e-01 -6.156565e-04 
4.289000e+02 -1.362923e-02 5.166048e-01 -1.665570e+00 7.813179e+03 1.425880e+04 1.311331e+02  1000  5000 2.886108e-04     0 7.607500e-03   100 7.464070e+01 1.437319e-01 -4.731667e-04 
  429 -1.358975e-02 4.909574e-01 -1.665791e+00 7.812522e+03 1.425189e+04 1.337791e+02  1000  5000 3.521689e-04     0 1.128277e-02 9.976071e+01 7.399152e+01 1.360585e-01 -3.721388e-04 
4.291000e+02 -1.357226e-02 4.658260e-01 -1.665974e+00 7.811867e+03 1.424498e+04 1.362737e+02  1000  5000 3.102670e-04     0 1.289600e-02 9.951670e+01 7.340501e+01 1.303625e-01 -3.152595e-04 
4.292000e+02 -1.357067e-02 4.414489e-01 -1.666120e+00 7.811210e+03 1.423808e+04 1.386109e+02  1000  5000 3.282889e-04     0 1.003682e-02 9.930447e+01 7.288405e+01 1.266549e-01 -3.006506e-04 
4.293000e+02 -1.358607e-02 4.180964e-01 -1.666237e+00 7.810553e+03 1.423118e+04 1.407862e+02  1000  5000 3.717645e-04     0 9.863227e-03 9.911883e+01 7.243077e+01 1.249382e-01 -3.256471e-04 
4.294000e+02 -1.361959e-02 3.957521e-01 -1.666327e+00 7.809895e+03 1.422428e+04 1.427967e+02  1000  5000 4.194848e-04     0 4.852928e-03 9.896039e+01 7.204669e+01 1.249450e-01 -3.863556e-04 
4.295000e+02 -1.366463e-02 3.745061e-01 -1.666400e+00 7.809234e+03 1.421736e+04 1.446408e+02  1000  5000 4.649133e-04     0 -4.061039e-03 9.882811e+01 7.173297e+01 1.265596e-01 -4.780366e-04 
4.296000e+02 -1.372248e-02 3.545871e-01 -1.666461e+00 7.808572e+03 1.421043e+04 1.463179e+02  1000  5000 4.775472e-04     0 -1.567284e-02 9.872073e+01 7.149008e+01 1.297894e-01 -5.950489e-04 
4.297000e+02 -1.379325e-02 3.362288e-01 -1.666522e+00 7.807907e+03 1.420349e+04 1.478287e+02  1000  5000 5.058998e-04     0 -2.926923e-02 9.863705e+01 7.131776e+01 1.346336e-01 -7.309059e-04 
4.298000e+02 -1.387771e-02 3.196166e-01 -1.666590e+00 7.807239e+03 1.419652e+04 1.491751e+02  1000  5000 5.378805e-04     0 -4.443988e-02 9.857587e+01 7.121493e+01 1.410394e-01 -8.793511e-04 
4.299000e+02 -1.397689e-02 3.048755e-01 -1.666672e+00 7.806568e+03 1.418953e+04 1.503602e+02  1000  5000 5.688786e-04     0 -6.090147e-02 9.853602e+01 7.117975e+01 1.488988e-01 -1.034596e-03 
  430 -1.409186e-02 2.920751e-01 -1.666777e+00 7.805894e+03 1.418252e+04 1.513885e+02  1000  5000 5.970322e-04     0 -7.839427e-02 9.851632e+01 7.120969e+01 1.580610e-01 -1.191421e-03 
4.301000e+02 -1.422353e-02 2.812393e-01 -1.666910e+00 7.805216e+03 1.417548e+04 1.522654e+02  1000  5000 6.136758e-04     0 -9.664246e-02 9.851557e+01 7.130151e+01 1.683465e-01 -1.345240e-03 
4.302000e+02 -1.437263e-02 2.723535e-01 -1.667077e+00 7.804535e+03 1.416842e+04 1.529975e+02  1000  5000 6.311216e-04     0 -1.153517e-01 9.853259e+01 7.145140e+01 1.795580e-01 -1.492111e-03 
4.303000e+02 -1.454016e-02 2.653700e-01 -1.667283e+00 7.803849e+03 1.416132e+04 1.535924e+02  1000  5000 6.459600e-04     0 -1.342220e-01 9.856614e+01 7.165507e+01 1.914880e-01 -1.629014e-03 
4.304000e+02 -1.472735e-02 2.602113e-01 -1.667531e+00 7.803158e+03 1.415419e+04 1.540584e+02  1000  5000 6.567440e-04     0 -1.529626e-01 9.861502e+01 7.190778e+01 2.039246e-01 -1.753852e-03 
4.305000e+02 -1.493539e-02 2.567743e-01 -1.667824e+00 7.802463e+03 1.414703e+04 1.544048e+02  1000  5000 6.627389e-04     0 -1.713040e-01 9.867797e+01 7.220451e+01 2.166561e-01 -1.865390e-03 
4.306000e+02 -1.516419e-02 2.549331e-01 -1.668164e+00 7.801763e+03 1.413983e+04 1.546411e+02  1000  5000 5.926340e-04     0 -1.890057e-01 9.875377e+01 7.254003e+01 2.294749e-01 -1.962628e-03 
4.307000e+02 -1.541108e-02 2.545435e-01 -1.668552e+00 7.801057e+03 1.413259e+04 1.547777e+02  1000  5000 5.620996e-04     0 -2.058597e-01 9.884117e+01 7.290900e+01 2.421824e-01 -2.043833e-03 
4.308000e+02 -1.567650e-02 2.554480e-01 -1.668990e+00 7.800345e+03 1.412532e+04 1.548250e+02  1000  5000 5.431587e-04     0 -2.216927e-01 9.893893e+01 7.330610e+01 2.545926e-01 -2.108808e-03 
4.309000e+02 -1.596233e-02 2.574802e-01 -1.669477e+00 7.799627e+03 1.411800e+04 1.547940e+02  1000  5000 5.252304e-04     0 -2.363649e-01 9.904584e+01 7.372608e+01 2.665357e-01 -2.158695e-03 
  431 -1.627036e-02 2.604699e-01 -1.670011e+00 7.798903e+03 1.411064e+04 1.546953e+02  1000  5000 5.040996e-04     0 -2.497693e-01 9.916070e+01 7.416390e+01 2.778618e-01 -2.195397e-03 
4.311000e+02 -1.659810e-02 2.642477e-01 -1.670591e+00 7.798172e+03 1.410324e+04 1.545397e+02  1000  5000 2.996638e-04     0 -2.617994e-01 9.928234e+01 7.461475e+01 2.884427e-01 -2.219603e-03 
4.312000e+02 -1.693429e-02 2.684881e-01 -1.671214e+00 7.797434e+03 1.409579e+04 1.543380e+02  1000  5000 2.034363e-04     0 -2.617994e-01 9.941054e+01 7.507398e+01 2.979773e-01 -2.228088e-03 
4.313000e+02 -1.727475e-02 2.723659e-01 -1.671868e+00 7.796688e+03 1.408831e+04 1.541005e+02  1000  5000 1.460995e-04     0 -2.617994e-01 9.954238e+01 7.553766e+01 3.057493e-01 -2.220575e-03 
4.314000e+02 -1.761903e-02 2.752667e-01 -1.672544e+00 7.795935e+03 1.408077e+04 1.538368e+02  1000  5000 1.021718e-04     0 -2.617994e-01 9.967762e+01 7.600321e+01 3.113695e-01 -2.199155e-03 
4.315000e+02 -1.796888e-02 2.769497e-01 -1.673235e+00 7.795173e+03 1.407319e+04 1.535544e+02  1000  5000 6.208425e-05     0 -2.617994e-01 9.981554e+01 7.646906e+01 3.148370e-01 -2.166989e-03 
4.316000e+02 -1.831928e-02 2.774399e-01 -1.673937e+00 7.794403e+03 1.406556e+04 1.532595e+02  1000  5000 -2.538977e-04     0 -2.617994e-01 9.995548e+01 7.693432e+01 3.163995e-01 -2.124849e-03 
4.317000e+02 -1.865217e-02 2.769408e-01 -1.674649e+00 7.793625e+03 1.405789e+04 1.529567e+02  1000  5000 -3.945132e-04     0 -2.617994e-01   100 7.739834e+01 3.164482e-01 -2.066934e-03 
4.318000e+02 -1.896699e-02 2.757517e-01 -1.675374e+00 7.792838e+03 1.405018e+04 1.526494e+02  1000  5000 -4.674593e-04     0 -2.617994e-01   100 7.786020e+01 3.154236e-01 -1.993214e-03 
4.319000e+02 -1.927094e-02 2.741902e-01 -1.676113e+00 7.792042e+03 1.404241e+04 1.523402e+02  1000  5000 -5.136605e-04     0 -2.617994e-01   100 7.831960e+01 3.137372e-01 -1.907882e-03 
  432 -1.957141e-02 2.725513e-01 -1.676867e+00 7.791236e+03 1.403461e+04 1.520311e+02  1000  5000 -5.493255e-04     0 -2.617994e-01   100 7.877619e+01 3.117375e-01 -1.816635e-03 
4.321000e+02 -1.986514e-02 2.710889e-01 -1.677635e+00 7.790422e+03 1.402675e+04 1.517240e+02  1000  5000 -8.955595e-04     0 -2.617994e-01   100 7.922945e+01 3.096987e-01 -1.721988e-03 
4.322000e+02 -2.013101e-02 2.699929e-01 -1.678419e+00 7.789598e+03 1.401886e+04 1.514205e+02  1000  5000 -1.039356e-03     0 -2.617994e-01   100 7.967865e+01 3.078074e-01 -1.618190e-03 
4.323000e+02 -2.036893e-02 2.693869e-01 -1.679218e+00 7.788765e+03 1.401092e+04 1.511227e+02  1000  5000 -1.104119e-03     0 -2.617994e-01   100 8.012291e+01 3.061696e-01 -1.505733e-03 
4.324000e+02 -2.058789e-02 2.693353e-01 -1.680031e+00 7.787921e+03 1.400293e+04 1.508325e+02  1000  5000 -1.136446e-03     0 -2.617994e-01   100 8.056123e+01 3.048256e-01 -1.389463e-03 
4.325000e+02 -2.079645e-02 2.698539e-01 -1.680855e+00 7.787069e+03 1.399490e+04 1.505524e+02  1000  5000 -1.154924e-03     0 -2.617994e-01   100 8.099248e+01 3.037676e-01 -1.275399e-03 
4.326000e+02 -2.099026e-02 2.709244e-01 -1.681687e+00 7.786206e+03 1.398683e+04 1.502848e+02  1000  5000 -1.515154e-03     0 -2.617994e-01   100 8.141553e+01 3.029575e-01 -1.165473e-03 
4.327000e+02 -2.114424e-02 2.725069e-01 -1.682523e+00 7.785333e+03 1.397872e+04 1.500325e+02  1000  5000 -1.649202e-03     0 -2.617994e-01   100 8.182921e+01 3.023421e-01 -1.051804e-03 
4.328000e+02 -2.125927e-02 2.745516e-01 -1.683362e+00 7.784450e+03 1.397057e+04 1.497982e+02  1000  5000 -1.693562e-03     0 -2.617994e-01   100 8.223240e+01 3.018655e-01 -9.336391e-04 
4.329000e+02 -2.134716e-02 2.770072e-01 -1.684203e+00 7.783557e+03 1.396238e+04 1.495850e+02  1000  5000 -1.700040e-03     0 -2.617994e-01   100 8.262404e+01 3.014771e-01 -8.153206e-04 
  433 -2.141917e-02 2.798269e-01 -1.685040e+00 7.782655e+03 1.395415e+04 1.493957e+02  1000  5000 -1.689584e-03     0 -2.617994e-01   100 8.300311e+01 3.011365e-01 -7.026714e-04 
4.331000e+02 -2.147198e-02 2.829713e-01 -1.685871e+00 7.781742e+03 1.394588e+04 1.492331e+02  1000  5000 -2.037559e-03     0 -2.617994e-01   100 8.336868e+01 3.008149e-01 -5.971310e-04 
4.332000e+02 -2.147954e-02 2.864095e-01 -1.686692e+00 7.780819e+03 1.393758e+04 1.491000e+02  1000  5000 -2.146042e-03     0 -2.617994e-01   100 8.371990e+01 3.004952e-01 -4.894756e-04 
4.333000e+02 -2.144492e-02 2.901184e-01 -1.687505e+00 7.779886e+03 1.392924e+04 1.489991e+02  1000  5000 -2.159186e-03     0 -2.617994e-01   100 8.405597e+01 3.001697e-01 -3.784986e-04 
4.334000e+02 -2.138289e-02 2.940814e-01 -1.688308e+00 7.778944e+03 1.392087e+04 1.489328e+02  1000  5000 -2.132077e-03     0 -2.617994e-01   100 8.437615e+01 2.998379e-01 -2.686967e-04 
4.335000e+02 -2.130700e-02 2.982867e-01 -1.689098e+00 7.777992e+03 1.391248e+04 1.489037e+02  1000  5000 -2.087272e-03     0 -2.617994e-01   100 8.467977e+01 2.995039e-01 -1.662085e-04 
4.336000e+02 -2.121544e-02 3.027250e-01 -1.689871e+00 7.777030e+03 1.390405e+04 1.489140e+02  1000  5000 -2.389092e-03     0 -2.617994e-01   100 8.496621e+01 2.991739e-01 -7.272112e-05 
4.337000e+02 -2.108354e-02 3.073882e-01 -1.690627e+00 7.776060e+03 1.389559e+04 1.489658e+02  1000  5000 -2.459547e-03     0 -2.617994e-01   100 8.523490e+01 2.988548e-01 2.085004e-05 
4.338000e+02 -2.091561e-02 3.122681e-01 -1.691367e+00 7.775080e+03 1.388711e+04 1.490612e+02  1000  5000 -2.438478e-03     0 -2.617994e-01   100 8.548532e+01 2.985529e-01 1.156366e-04 
4.339000e+02 -2.072693e-02 3.173558e-01 -1.692088e+00 7.774092e+03 1.387861e+04 1.492020e+02  1000  5000 -2.379508e-03     0 -2.617994e-01   100 8.571697e+01 2.982730e-01 2.072179e-04 
  434 -2.053097e-02 3.226409e-01 -1.692790e+00 7.773095e+03 1.387009e+04 1.493900e+02  1000  5000 -2.304680e-03     0 -2.617994e-01   100 8.592942e+01 2.980185e-01 2.897159e-04 
4.341000e+02 -2.032662e-02 3.281120e-01 -1.693470e+00 7.772090e+03 1.386155e+04 1.496267e+02  1000  5000 -2.543905e-03     0 -2.617994e-01   100 8.612229e+01 2.977913e-01 3.615629e-04 
4.342000e+02 -2.009200e-02 3.337563e-01 -1.694126e+00 7.771078e+03 1.385299e+04 1.499137e+02  1000  5000 -2.575258e-03     0 -2.617994e-01   100 8.629522e+01 2.975918e-01 4.313319e-04 
4.343000e+02 -1.983148e-02 3.395575e-01 -1.694759e+00 7.770057e+03 1.384442e+04 1.502523e+02  1000  5000 -2.525450e-03     0 -2.584827e-01   100 8.644791e+01 2.974145e-01 5.003513e-04 
4.344000e+02 -1.955534e-02 3.449763e-01 -1.695361e+00 7.769030e+03 1.383584e+04 1.506439e+02  1000  5000 -2.442584e-03     0 -2.438047e-01   100 8.657983e+01 2.966702e-01 5.647978e-04 
4.345000e+02 -1.926698e-02 3.488439e-01 -1.695911e+00 7.767996e+03 1.382725e+04 1.510896e+02  1000  5000 -2.345357e-03     0 -2.348734e-01   100 8.669197e+01 2.943624e-01 6.190183e-04 
4.346000e+02 -1.896373e-02 3.508986e-01 -1.696403e+00 7.766956e+03 1.381865e+04 1.515884e+02  1000  5000 -2.507850e-03     0 -2.277222e-01   100 8.678682e+01 2.904914e-01 6.608422e-04 
4.347000e+02 -1.862957e-02 3.513986e-01 -1.696843e+00 7.765910e+03 1.381005e+04 1.521373e+02  1000  5000 -2.495653e-03     0 -2.208896e-01   100 8.686719e+01 2.854976e-01 6.968338e-04 
4.348000e+02 -1.827126e-02 3.506963e-01 -1.697240e+00 7.764858e+03 1.380145e+04 1.527319e+02  1000  5000 -2.414439e-03     0 -2.137740e-01   100 8.693573e+01 2.798441e-01 7.278594e-04 
4.349000e+02 -1.790306e-02 3.490895e-01 -1.697599e+00 7.763801e+03 1.379284e+04 1.533674e+02  1000  5000 -2.305226e-03     0 -2.063272e-01   100 8.699488e+01 2.738854e-01 7.511728e-04 
  435 -1.753695e-02 3.467874e-01 -1.697925e+00 7.762740e+03 1.378423e+04 1.540383e+02  1000  5000 -2.185207e-03     0 -1.987806e-01   100 8.704687e+01 2.678540e-01 7.635138e-04 
4.351000e+02 -1.717624e-02 3.439334e-01 -1.698220e+00 7.761673e+03 1.377561e+04 1.547392e+02  1000  5000 -2.224541e-03     0 -1.914029e-01   100 8.709373e+01 2.618962e-01 7.642255e-04 
4.352000e+02 -1.681379e-02 3.406349e-01 -1.698488e+00 7.760602e+03 1.376700e+04 1.554648e+02  1000  5000 -2.160270e-03     0 -1.843884e-01   100 8.713736e+01 2.561096e-01 7.579764e-04 
4.353000e+02 -1.645392e-02 3.369840e-01 -1.698733e+00 7.759527e+03 1.375838e+04 1.562097e+02  1000  5000 -2.057661e-03     0 -1.778436e-01   100 8.717950e+01 2.505665e-01 7.462582e-04 
4.354000e+02 -1.610433e-02 3.330647e-01 -1.698956e+00 7.758447e+03 1.374976e+04 1.569688e+02  1000  5000 -1.941935e-03     0 -1.718156e-01   100 8.722175e+01 2.453230e-01 7.285497e-04 
4.355000e+02 -1.577103e-02 3.289540e-01 -1.699162e+00 7.757364e+03 1.374114e+04 1.577375e+02  1000  5000 -1.823461e-03     0 -1.663204e-01   100 8.726552e+01 2.404214e-01 7.040211e-04 
4.356000e+02 -1.545537e-02 3.247207e-01 -1.699351e+00 7.756277e+03 1.373251e+04 1.585113e+02  1000  5000 -1.795988e-03     0 -1.613609e-01   100 8.731207e+01 2.358904e-01 6.731602e-04 
4.357000e+02 -1.515338e-02 3.204249e-01 -1.699525e+00 7.755186e+03 1.372388e+04 1.592860e+02  1000  5000 -1.715093e-03     0 -1.569329e-01   100 8.736249e+01 2.317467e-01 6.391980e-04 
4.358000e+02 -1.486659e-02 3.161182e-01 -1.699689e+00 7.754092e+03 1.371525e+04 1.600581e+02  1000  5000 -1.616600e-03     0 -1.530259e-01   100 8.741773e+01 2.279960e-01 6.036339e-04 
4.359000e+02 -1.459794e-02 3.118447e-01 -1.699842e+00 7.752994e+03 1.370660e+04 1.608243e+02  1000  5000 -1.514178e-03     0 -1.496230e-01   100 8.747855e+01 2.246355e-01 5.667700e-04 
  436 -1.434937e-02 3.076415e-01 -1.699988e+00 7.751892e+03 1.369796e+04 1.615817e+02  1000  5000 -1.413247e-03     0 -1.467010e-01   100 8.754560e+01 2.216559e-01 5.285680e-04 
4.361000e+02 -1.412046e-02 3.035400e-01 -1.700126e+00 7.750787e+03 1.368930e+04 1.623278e+02  1000  5000 -1.366684e-03     0 -1.442314e-01   100 8.761936e+01 2.190423e-01 4.895226e-04 
4.362000e+02 -1.390824e-02 2.995660e-01 -1.700259e+00 7.749678e+03 1.368064e+04 1.630605e+02  1000  5000 -1.292176e-03     0 -1.421818e-01   100 8.770020e+01 2.167763e-01 4.514765e-04 
4.363000e+02 -1.371248e-02 2.957407e-01 -1.700387e+00 7.748566e+03 1.367196e+04 1.637783e+02  1000  5000 -1.209838e-03     0 -1.405174e-01   100 8.778836e+01 2.148360e-01 4.151782e-04 
4.364000e+02 -1.353366e-02 2.920806e-01 -1.700512e+00 7.747450e+03 1.366328e+04 1.644796e+02  1000  5000 -1.127164e-03     0 -1.392017e-01   100 8.788398e+01 2.131977e-01 3.805789e-04 
4.365000e+02 -1.337171e-02 2.885973e-01 -1.700634e+00 7.746331e+03 1.365458e+04 1.651635e+02  1000  5000 -1.047070e-03     0 -1.385626e-01 9.998515e+01 8.798707e+01 2.118352e-01 3.473372e-04 
4.366000e+02 -1.322556e-02 2.853268e-01 -1.700753e+00 7.745208e+03 1.364588e+04 1.658293e+02  1000  5000 -1.004120e-03     0 -1.379884e-01 9.992333e+01 8.809730e+01 2.107514e-01 3.153848e-04 
4.367000e+02 -1.309281e-02 2.822731e-01 -1.700870e+00 7.744082e+03 1.363716e+04 1.664766e+02  1000  5000 -9.432058e-04     0 -1.368053e-01 9.987074e+01 8.821438e+01 2.099093e-01 2.855163e-04 
4.368000e+02 -1.297260e-02 2.793723e-01 -1.700985e+00 7.742953e+03 1.362842e+04 1.671053e+02  1000  5000 -8.776320e-04     0 -1.361755e-01 9.982678e+01 8.833814e+01 2.092164e-01 2.577828e-04 
4.369000e+02 -1.286433e-02 2.765986e-01 -1.701097e+00 7.741819e+03 1.361968e+04 1.677155e+02  1000  5000 -8.122553e-04     0 -1.359964e-01 9.979070e+01 8.846845e+01 2.086326e-01 2.316938e-04 
  437 -1.276768e-02 2.739708e-01 -1.701208e+00 7.740683e+03 1.361092e+04 1.683075e+02  1000  5000 -7.487457e-04     0 -1.360353e-01 9.976176e+01 8.860512e+01 2.081609e-01 2.066006e-04 
4.371000e+02 -1.268166e-02 2.715129e-01 -1.701317e+00 7.739543e+03 1.360214e+04 1.688814e+02  1000  5000 -7.145872e-04     0 -1.361653e-01 9.973928e+01 8.874791e+01 2.078070e-01 1.821556e-04 
4.372000e+02 -1.260448e-02 2.692378e-01 -1.701424e+00 7.738399e+03 1.359335e+04 1.694380e+02  1000  5000 -6.657824e-04     0 -1.363433e-01 9.972265e+01 8.889648e+01 2.075651e-01 1.587682e-04 
4.373000e+02 -1.253552e-02 2.671463e-01 -1.701529e+00 7.737252e+03 1.358455e+04 1.699779e+02  1000  5000 -6.128585e-04     0 -1.365627e-01 9.971126e+01 8.905048e+01 2.074188e-01 1.363263e-04 
4.374000e+02 -1.247457e-02 2.652317e-01 -1.701634e+00 7.736101e+03 1.357572e+04 1.705018e+02  1000  5000 -5.596605e-04     0 -1.368205e-01 9.970458e+01 8.920949e+01 2.073475e-01 1.143578e-04 
4.375000e+02 -1.242133e-02 2.634844e-01 -1.701737e+00 7.734946e+03 1.356688e+04 1.710107e+02  1000  5000 -5.075682e-04     0 -1.371053e-01 9.970209e+01 8.937311e+01 2.073302e-01 9.230929e-05 
4.376000e+02 -1.237509e-02 2.618944e-01 -1.701838e+00 7.733788e+03 1.355803e+04 1.715057e+02  1000  5000 -4.795536e-04     0 -1.373995e-01 9.970332e+01 8.954088e+01 2.073483e-01 6.991817e-05 
4.377000e+02 -1.233458e-02 2.604514e-01 -1.701939e+00 7.732627e+03 1.354915e+04 1.719878e+02  1000  5000 -4.388655e-04     0 -1.376835e-01 9.970782e+01 8.971239e+01 2.073855e-01 4.759331e-05 
4.378000e+02 -1.229947e-02 2.591452e-01 -1.702038e+00 7.731462e+03 1.354026e+04 1.724581e+02  1000  5000 -3.943470e-04     0 -1.379391e-01 9.971517e+01 8.988718e+01 2.074271e-01 2.532290e-05 
4.379000e+02 -1.226974e-02 2.579650e-01 -1.702137e+00 7.730293e+03 1.353135e+04 1.729178e+02  1000  5000 -3.492550e-04     0 -1.381514e-01 9.972499e+01 9.006483e+01 2.074604e-01 2.803407e-06 
  438 -1.224537e-02 2.568998e-01 -1.702236e+00 7.729120e+03 1.352242e+04 1.733682e+02  1000  5000 -3.047887e-04     0 -1.383083e-01 9.973692e+01 9.024490e+01 2.074739e-01 -2.033019e-05 
4.381000e+02 -1.222597e-02 2.559386e-01 -1.702334e+00 7.727944e+03 1.351348e+04 1.738103e+02  1000  5000 -2.809016e-04     0 -1.384004e-01 9.975062e+01 9.042698e+01 2.074576e-01 -4.418661e-05 
4.382000e+02 -1.221072e-02 2.550703e-01 -1.702433e+00 7.726765e+03 1.350451e+04 1.742453e+02  1000  5000 -2.457861e-04     0 -1.384199e-01 9.976578e+01 9.061069e+01 2.074030e-01 -6.829065e-05 
4.383000e+02 -1.219953e-02 2.542840e-01 -1.702532e+00 7.725582e+03 1.349553e+04 1.746745e+02  1000  5000 -2.071667e-04     0 -1.383610e-01 9.978210e+01 9.079563e+01 2.073031e-01 -9.255467e-05 
4.384000e+02 -1.219261e-02 2.535693e-01 -1.702632e+00 7.724395e+03 1.348653e+04 1.750988e+02  1000  5000 -1.679186e-04     0 -1.382197e-01 9.979932e+01 9.098147e+01 2.071524e-01 -1.171658e-04 
4.385000e+02 -1.219011e-02 2.529162e-01 -1.702734e+00 7.723204e+03 1.347751e+04 1.755195e+02  1000  5000 -1.291321e-04     0 -1.379932e-01 9.981719e+01 9.116786e+01 2.069466e-01 -1.423820e-04 
4.386000e+02 -1.219191e-02 2.523152e-01 -1.702837e+00 7.722010e+03 1.346847e+04 1.759374e+02  1000  5000 -1.103457e-04     0 -1.376802e-01 9.983548e+01 9.135451e+01 2.066826e-01 -1.682254e-04 
4.387000e+02 -1.219739e-02 2.517574e-01 -1.702942e+00 7.720813e+03 1.345942e+04 1.763535e+02  1000  5000 -8.045417e-05     0 -1.372810e-01 9.985398e+01 9.154113e+01 2.063588e-01 -1.941616e-04 
4.388000e+02 -1.220669e-02 2.512347e-01 -1.703049e+00 7.719611e+03 1.345034e+04 1.767689e+02  1000  5000 -4.706506e-05     0 -1.367966e-01 9.987249e+01 9.172747e+01 2.059743e-01 -2.200675e-04 
4.389000e+02 -1.222018e-02 2.507395e-01 -1.703160e+00 7.718406e+03 1.344125e+04 1.771842e+02  1000  5000 -1.304151e-05     0 -1.362293e-01 9.989084e+01 9.191331e+01 2.055292e-01 -2.461138e-04 
  439 -1.223825e-02 2.502649e-01 -1.703274e+00 7.717198e+03 1.343214e+04 1.776002e+02  1000  5000 2.049970e-05     0 -1.355820e-01 9.990886e+01 9.209844e+01 2.050244e-01 -2.725557e-04 
4.391000e+02 -1.226087e-02 2.498046e-01 -1.703391e+00 7.715986e+03 1.342301e+04 1.780177e+02  1000  5000 3.024010e-05     0 -1.348585e-01 9.992641e+01 9.228269e+01 2.044616e-01 -2.993757e-04 
4.392000e+02 -1.228743e-02 2.493530e-01 -1.703513e+00 7.714770e+03 1.341386e+04 1.784373e+02  1000  5000 5.336952e-05     0 -1.340631e-01 9.994336e+01 9.246590e+01 2.038431e-01 -3.259003e-04 
4.393000e+02 -1.231819e-02 2.489053e-01 -1.703639e+00 7.713550e+03 1.340469e+04 1.788595e+02  1000  5000 8.077388e-05     0 -1.332004e-01 9.995958e+01 9.264794e+01 2.031716e-01 -3.519755e-04 
4.394000e+02 -1.235375e-02 2.484572e-01 -1.703770e+00 7.712327e+03 1.339551e+04 1.792849e+02  1000  5000 1.090013e-04     0 -1.322755e-01 9.997496e+01 9.282871e+01 2.024501e-01 -3.778183e-04 
4.395000e+02 -1.239471e-02 2.480048e-01 -1.703906e+00 7.711101e+03 1.338631e+04 1.797138e+02  1000  5000 1.366844e-04     0 -1.312937e-01 9.998942e+01 9.300812e+01 2.016821e-01 -4.037568e-04 
4.396000e+02 -1.244102e-02 2.475453e-01 -1.704048e+00 7.709870e+03 1.337709e+04 1.801467e+02  1000  5000 1.319043e-04     0 -1.301897e-01   100 9.318610e+01 2.008716e-01 -4.297461e-04 
4.397000e+02 -1.249166e-02 2.470694e-01 -1.704195e+00 7.708636e+03 1.336786e+04 1.805838e+02  1000  5000 1.457177e-04     0 -1.290339e-01   100 9.336254e+01 2.000152e-01 -4.548501e-04 
4.398000e+02 -1.254694e-02 2.465707e-01 -1.704349e+00 7.707399e+03 1.335861e+04 1.810253e+02  1000  5000 1.656344e-04     0 -1.280025e-01   100 9.353740e+01 1.991151e-01 -4.788612e-04 
4.399000e+02 -1.260776e-02 2.460588e-01 -1.704510e+00 7.706157e+03 1.334934e+04 1.814715e+02  1000  5000 1.869184e-04     0 -1.268667e-01   100 9.371068e+01 1.981870e-01 -5.020991e-04 
  440 -1.267491e-02 2.455366e-01 -1.704677e+00 7.704912e+03 1.334005e+04 1.819225e+02  1000  5000 2.077065e-04     0 -1.256554e-01   100 9.388238e+01 1.972375e-01 -5.250479e-04 
4.401000e+02 -1.274811e-02 2.449996e-01 -1.704851e+00 7.703663e+03 1.333075e+04 1.823784e+02  1000  5000 1.829706e-04     0 -1.244150e-01   100 9.405251e+01 1.962664e-01 -5.476667e-04 
4.402000e+02 -1.282547e-02 2.444433e-01 -1.705033e+00 7.702410e+03 1.332143e+04 1.828392e+02  1000  5000 1.848412e-04     0 -1.231241e-01 9.998806e+01 9.422107e+01 1.952734e-01 -5.686440e-04 
4.403000e+02 -1.290728e-02 2.438629e-01 -1.705223e+00 7.701153e+03 1.331210e+04 1.833049e+02  1000  5000 1.958121e-04     0 -1.218191e-01 9.997299e+01 9.438802e+01 1.942584e-01 -5.877257e-04 
4.404000e+02 -1.299466e-02 2.432562e-01 -1.705420e+00 7.699893e+03 1.330274e+04 1.837755e+02  1000  5000 2.092483e-04     0 -1.204846e-01 9.995837e+01 9.455342e+01 1.932231e-01 -6.054110e-04 
4.405000e+02 -1.308860e-02 2.426220e-01 -1.705626e+00 7.698629e+03 1.329338e+04 1.842509e+02  1000  5000 2.225443e-04     0 -1.192738e-01 9.994409e+01 9.471735e+01 1.921711e-01 -6.224355e-04 
4.406000e+02 -1.318847e-02 2.419710e-01 -1.705839e+00 7.697360e+03 1.328400e+04 1.847310e+02  1000  5000 1.737209e-04     0 -1.180151e-01 9.992993e+01 9.487986e+01 1.911161e-01 -6.388123e-04 
4.407000e+02 -1.329098e-02 2.413088e-01 -1.706060e+00 7.696088e+03 1.327460e+04 1.852157e+02  1000  5000 1.621874e-04     0 -1.167196e-01 9.991572e+01 9.504102e+01 1.900646e-01 -6.527978e-04 
4.408000e+02 -1.339636e-02 2.406342e-01 -1.706291e+00 7.694811e+03 1.326518e+04 1.857049e+02  1000  5000 1.639133e-04     0 -1.154235e-01 9.990132e+01 9.520088e+01 1.890162e-01 -6.641092e-04 
4.409000e+02 -1.350615e-02 2.399457e-01 -1.706529e+00 7.693531e+03 1.325576e+04 1.861984e+02  1000  5000 1.698255e-04     0 -1.141428e-01 9.988659e+01 9.535951e+01 1.879706e-01 -6.735102e-04 
  441 -1.362169e-02 2.392434e-01 -1.706776e+00 7.692246e+03 1.324631e+04 1.866960e+02  1000  5000 1.763549e-04     0 -1.128801e-01 9.987144e+01 9.551697e+01 1.869291e-01 -6.820880e-04 
4.411000e+02 -1.374176e-02 2.385292e-01 -1.707031e+00 7.690957e+03 1.323685e+04 1.871975e+02  1000  5000 1.021944e-04     0 -1.116333e-01 9.985576e+01 9.567332e+01 1.858943e-01 -6.899697e-04 
4.412000e+02 -1.386129e-02 2.378051e-01 -1.707293e+00 7.689664e+03 1.322738e+04 1.877029e+02  1000  5000 7.782046e-05     0 -1.104012e-01 9.983945e+01 9.582862e+01 1.848686e-01 -6.949498e-04 
4.413000e+02 -1.398057e-02 2.370730e-01 -1.707565e+00 7.688366e+03 1.321789e+04 1.882118e+02  1000  5000 7.180865e-05     0 -1.091844e-01 9.982245e+01 9.598293e+01 1.838540e-01 -6.967330e-04 
4.414000e+02 -1.410182e-02 2.363346e-01 -1.707844e+00 7.687064e+03 1.320839e+04 1.887243e+02  1000  5000 7.227030e-05     0 -1.079841e-01 9.980467e+01 9.613630e+01 1.828517e-01 -6.963942e-04 
4.415000e+02 -1.422692e-02 2.355910e-01 -1.708131e+00 7.685758e+03 1.319887e+04 1.892399e+02  1000  5000 7.450357e-05     0 -1.068016e-01 9.978606e+01 9.628878e+01 1.818626e-01 -6.954231e-04 
4.416000e+02 -1.435418e-02 2.348434e-01 -1.708424e+00 7.684447e+03 1.318934e+04 1.897587e+02  1000  5000 -2.258249e-05     0 -1.056376e-01 9.976656e+01 9.644041e+01 1.808873e-01 -6.940953e-04 
4.417000e+02 -1.447665e-02 2.340928e-01 -1.708725e+00 7.683132e+03 1.317979e+04 1.902804e+02  1000  5000 -5.687182e-05     0 -1.044925e-01 9.974612e+01 9.659125e+01 1.799263e-01 -6.897475e-04 
4.418000e+02 -1.459489e-02 2.333403e-01 -1.709033e+00 7.681812e+03 1.317023e+04 1.908048e+02  1000  5000 -6.734741e-05     0 -1.033663e-01 9.972469e+01 9.674133e+01 1.789797e-01 -6.820700e-04 
4.419000e+02 -1.471205e-02 2.325867e-01 -1.709348e+00 7.680487e+03 1.316065e+04 1.913319e+02  1000  5000 -6.881436e-05     0 -1.022589e-01 9.970223e+01 9.689069e+01 1.780478e-01 -6.724423e-04 
  442 -1.483079e-02 2.318328e-01 -1.709669e+00 7.679157e+03 1.315106e+04 1.918614e+02  1000  5000 -6.718164e-05     0 -1.011700e-01 9.967870e+01 9.703936e+01 1.771304e-01 -6.627411e-04 
4.421000e+02 -1.494911e-02 2.310794e-01 -1.709995e+00 7.677823e+03 1.314146e+04 1.923933e+02  1000  5000 -1.814417e-04     0 -1.000993e-01 9.965406e+01 9.718738e+01 1.762276e-01 -6.533851e-04 
4.422000e+02 -1.505839e-02 2.303272e-01 -1.710325e+00 7.676484e+03 1.313184e+04 1.929274e+02  1000  5000 -2.210489e-04     0 -9.904629e-02 9.962830e+01 9.733476e+01 1.753390e-01 -6.412836e-04 
4.423000e+02 -1.515963e-02 2.295767e-01 -1.710662e+00 7.675140e+03 1.312220e+04 1.934635e+02  1000  5000 -2.318244e-04     0 -9.801053e-02 9.960138e+01 9.748154e+01 1.744644e-01 -6.260876e-04 
4.424000e+02 -1.525710e-02 2.288284e-01 -1.711003e+00 7.673791e+03 1.311256e+04 1.940016e+02  1000  5000 -2.312503e-04     0 -9.699146e-02 9.957327e+01 9.762773e+01 1.736035e-01 -6.094163e-04 
4.425000e+02 -1.535431e-02 2.280827e-01 -1.711348e+00 7.672437e+03 1.310290e+04 1.945415e+02  1000  5000 -2.263730e-04     0 -9.598846e-02 9.954395e+01 9.777336e+01 1.727558e-01 -5.934528e-04 
4.426000e+02 -1.544916e-02 2.273402e-01 -1.711696e+00 7.671078e+03 1.309322e+04 1.950832e+02  1000  5000 -3.501274e-04     0 -9.500090e-02 9.951340e+01 9.791843e+01 1.719209e-01 -5.787179e-04 
4.427000e+02 -1.553175e-02 2.266010e-01 -1.712046e+00 7.669714e+03 1.308353e+04 1.956266e+02  1000  5000 -3.900365e-04     0 -9.402815e-02 9.948161e+01 9.806298e+01 1.710984e-01 -5.617587e-04 
4.428000e+02 -1.560363e-02 2.258654e-01 -1.712400e+00 7.668345e+03 1.307383e+04 1.961716e+02  1000  5000 -3.972432e-04     0 -9.306955e-02 9.944855e+01 9.820699e+01 1.702878e-01 -5.421553e-04 
4.429000e+02 -1.567008e-02 2.251336e-01 -1.712756e+00 7.666970e+03 1.306412e+04 1.967180e+02  1000  5000 -3.913420e-04     0 -9.212445e-02 9.941421e+01 9.835050e+01 1.694887e-01 -5.216690e-04 
  443 -1.573540e-02 2.244059e-01 -1.713114e+00 7.665591e+03 1.305439e+04 1.972659e+02  1000  5000 -3.802971e-04     0 -9.119217e-02 9.937857e+01 9.849349e+01 1.687004e-01 -5.026715e-04 
4.431000e+02 -1.579753e-02 2.236823e-01 -1.713471e+00 7.664206e+03 1.304464e+04 1.978151e+02  1000  5000 -5.057556e-04     0 -9.027209e-02 9.934162e+01 9.863598e+01 1.679226e-01 -4.857326e-04 
4.432000e+02 -1.584579e-02 2.229629e-01 -1.713829e+00 7.662816e+03 1.303489e+04 1.983656e+02  1000  5000 -5.417421e-04     0 -8.936360e-02 9.930334e+01 9.877798e+01 1.671548e-01 -4.671368e-04 
4.433000e+02 -1.588221e-02 2.222477e-01 -1.714189e+00 7.661420e+03 1.302512e+04 1.989174e+02  1000  5000 -5.427154e-04     0 -8.846611e-02 9.926373e+01 9.891949e+01 1.663965e-01 -4.463777e-04 
4.434000e+02 -1.591282e-02 2.215368e-01 -1.714549e+00 7.660020e+03 1.301533e+04 1.994704e+02  1000  5000 -5.296100e-04     0 -8.757904e-02 9.922278e+01 9.906050e+01 1.656472e-01 -4.252614e-04 
4.435000e+02 -1.594250e-02 2.208302e-01 -1.714908e+00 7.658614e+03 1.300553e+04 2.000245e+02  1000  5000 -5.109842e-04     0 -8.670183e-02 9.918047e+01 9.920103e+01 1.649066e-01 -4.062314e-04 
4.436000e+02 -1.596927e-02 2.201277e-01 -1.715266e+00 7.657202e+03 1.299572e+04 2.005797e+02  1000  5000 -6.317361e-04     0 -8.583398e-02 9.913679e+01 9.934107e+01 1.641741e-01 -3.898625e-04 
4.437000e+02 -1.598215e-02 2.194294e-01 -1.715622e+00 7.655786e+03 1.298590e+04 2.011360e+02  1000  5000 -6.610879e-04     0 -8.497502e-02 9.909175e+01 9.948061e+01 1.634495e-01 -3.723003e-04 
4.438000e+02 -1.598352e-02 2.187351e-01 -1.715977e+00 7.654364e+03 1.297606e+04 2.016933e+02  1000  5000 -6.547210e-04     0 -8.412451e-02 9.904532e+01 9.961967e+01 1.627323e-01 -3.529604e-04 
4.439000e+02 -1.597981e-02 2.180448e-01 -1.716331e+00 7.652936e+03 1.296621e+04 2.022516e+02  1000  5000 -6.340872e-04     0 -8.328201e-02 9.899750e+01 9.975823e+01 1.620222e-01 -3.336194e-04 
  444 -1.597614e-02 2.173582e-01 -1.716683e+00 7.651503e+03 1.295635e+04 2.028108e+02  1000  5000 -6.079852e-04     0 -8.244714e-02 9.894828e+01 9.989630e+01 1.613189e-01 -3.166993e-04 
4.441000e+02 -1.597066e-02 2.166754e-01 -1.717032e+00 7.650065e+03 1.294647e+04 2.033710e+02  1000  5000 -7.197589e-04     0 -8.161954e-02 9.889766e+01 1.000339e+02 1.606221e-01 -3.027531e-04 
4.442000e+02 -1.595249e-02 2.159962e-01 -1.717377e+00 7.648622e+03 1.293658e+04 2.039321e+02  1000  5000 -7.414027e-04     0 -8.079890e-02 9.884564e+01 1.001709e+02 1.599314e-01 -2.879143e-04 
4.443000e+02 -1.592416e-02 2.153203e-01 -1.717721e+00 7.647173e+03 1.292668e+04 2.044940e+02  1000  5000 -7.279812e-04     0 -7.998495e-02 9.879220e+01 1.003075e+02 1.592467e-01 -2.715459e-04 
4.444000e+02 -1.589214e-02 2.146478e-01 -1.718063e+00 7.645719e+03 1.291676e+04 2.050568e+02  1000  5000 -7.007334e-04     0 -7.917739e-02 9.873735e+01 1.004436e+02 1.585676e-01 -2.553486e-04 
4.445000e+02 -1.586152e-02 2.139783e-01 -1.718401e+00 7.644259e+03 1.290684e+04 2.056204e+02  1000  5000 -6.683792e-04     0 -7.837599e-02 9.868107e+01 1.005791e+02 1.578941e-01 -2.416596e-04 
4.446000e+02 -1.583055e-02 2.133118e-01 -1.718735e+00 7.642794e+03 1.289689e+04 2.061848e+02  1000  5000 -7.690626e-04     0 -7.758055e-02 9.862337e+01 1.007142e+02 1.572259e-01 -2.309992e-04 
4.447000e+02 -1.578877e-02 2.126482e-01 -1.719065e+00 7.641324e+03 1.288694e+04 2.067499e+02  1000  5000 -7.832472e-04     0 -7.679088e-02 9.856423e+01 1.008487e+02 1.565628e-01 -2.195958e-04 
4.448000e+02 -1.573868e-02 2.119872e-01 -1.719393e+00 7.639849e+03 1.287697e+04 2.073158e+02  1000  5000 -7.639879e-04     0 -7.600684e-02 9.850367e+01 1.009827e+02 1.559046e-01 -2.067917e-04 
4.449000e+02 -1.568654e-02 2.113287e-01 -1.719718e+00 7.638368e+03 1.286699e+04 2.078824e+02  1000  5000 -7.317550e-04     0 -7.522826e-02 9.844167e+01 1.011162e+02 1.552513e-01 -1.941884e-04 
  445 -1.563715e-02 2.106726e-01 -1.720039e+00 7.636882e+03 1.285700e+04 2.084497e+02  1000  5000 -6.949455e-04     0 -7.445502e-02 9.837824e+01 1.012492e+02 1.546027e-01 -1.840012e-04 
4.451000e+02 -1.558886e-02 2.100187e-01 -1.720354e+00 7.635391e+03 1.284700e+04 2.090176e+02  1000  5000 -7.841362e-04     0 -7.368701e-02 9.831336e+01 1.013817e+02 1.539588e-01 -1.767157e-04 
4.452000e+02 -1.553182e-02 2.093669e-01 -1.720666e+00 7.633894e+03 1.283698e+04 2.095862e+02  1000  5000 -7.919268e-04     0 -7.292417e-02 9.824704e+01 1.015136e+02 1.533193e-01 -1.687328e-04 
4.453000e+02 -1.546841e-02 2.087171e-01 -1.720975e+00 7.632393e+03 1.282695e+04 2.101553e+02  1000  5000 -7.684620e-04     0 -7.216641e-02 9.817929e+01 1.016450e+02 1.526843e-01 -1.594025e-04 
4.454000e+02 -1.540444e-02 2.080691e-01 -1.721281e+00 7.630886e+03 1.281691e+04 2.107251e+02  1000  5000 -7.330822e-04     0 -7.141367e-02 9.811008e+01 1.017759e+02 1.520537e-01 -1.502187e-04 
4.455000e+02 -1.534436e-02 2.074229e-01 -1.721583e+00 7.629374e+03 1.280685e+04 2.112953e+02  1000  5000 -6.937038e-04     0 -7.066588e-02 9.803944e+01 1.019062e+02 1.514274e-01 -1.432576e-04 
4.456000e+02 -1.528655e-02 2.067783e-01 -1.721879e+00 7.627857e+03 1.279678e+04 2.118661e+02  1000  5000 -7.721018e-04     0 -6.992301e-02 9.796735e+01 1.020361e+02 1.508054e-01 -1.389717e-04 
4.457000e+02 -1.522193e-02 2.061351e-01 -1.722172e+00 7.626335e+03 1.278670e+04 2.124374e+02  1000  5000 -7.749009e-04     0 -6.918504e-02 9.789381e+01 1.021654e+02 1.501876e-01 -1.339810e-04 
4.458000e+02 -1.515265e-02 2.054934e-01 -1.722462e+00 7.624808e+03 1.277661e+04 2.130091e+02  1000  5000 -7.488692e-04     0 -6.845195e-02 9.781884e+01 1.022941e+02 1.495740e-01 -1.276630e-04 
4.459000e+02 -1.508403e-02 2.048530e-01 -1.722748e+00 7.623276e+03 1.276651e+04 2.135812e+02  1000  5000 -7.120303e-04     0 -6.772370e-02 9.774241e+01 1.024224e+02 1.489645e-01 -1.214046e-04 
  446 -1.502005e-02 2.042137e-01 -1.723031e+00 7.621739e+03 1.275639e+04 2.141537e+02  1000  5000 -6.717393e-04     0 -6.700028e-02 9.766455e+01 1.025501e+02 1.483592e-01 -1.171383e-04 
4.461000e+02 -1.495918e-02 2.035757e-01 -1.723308e+00 7.620197e+03 1.274626e+04 2.147266e+02  1000  5000 -7.406064e-04     0 -6.628169e-02 9.758524e+01 1.026772e+02 1.477581e-01 -1.152865e-04 
4.462000e+02 -1.489311e-02 2.029386e-01 -1.723582e+00 7.618651e+03 1.273612e+04 2.152997e+02  1000  5000 -7.398120e-04     0 -6.556791e-02 9.750449e+01 1.028039e+02 1.471610e-01 -1.127067e-04 
4.463000e+02 -1.482377e-02 2.023026e-01 -1.723853e+00 7.617099e+03 1.272597e+04 2.158732e+02  1000  5000 -7.126148e-04     0 -6.485895e-02 9.742230e+01 1.029300e+02 1.465680e-01 -1.088156e-04 
4.464000e+02 -1.475594e-02 2.016675e-01 -1.724121e+00 7.615543e+03 1.271580e+04 2.164468e+02  1000  5000 -6.756676e-04     0 -6.415480e-02 9.733867e+01 1.030556e+02 1.459792e-01 -1.048982e-04 
4.465000e+02 -1.469316e-02 2.010332e-01 -1.724385e+00 7.613981e+03 1.270563e+04 2.170207e+02  1000  5000 -6.357430e-04     0 -6.345545e-02 9.725361e+01 1.031806e+02 1.453944e-01 -1.027464e-04 
4.466000e+02 -1.463396e-02 2.003998e-01 -1.724645e+00 7.612416e+03 1.269544e+04 2.175948e+02  1000  5000 -6.965234e-04     0 -6.276090e-02 9.716711e+01 1.033051e+02 1.448136e-01 -1.027545e-04 
4.467000e+02 -1.457081e-02 1.997670e-01 -1.724901e+00 7.610845e+03 1.268524e+04 2.181689e+02  1000  5000 -6.933446e-04     0 -6.207116e-02 9.707918e+01 1.034291e+02 1.442370e-01 -1.020170e-04 
4.468000e+02 -1.450545e-02 1.991350e-01 -1.725155e+00 7.609270e+03 1.267502e+04 2.187432e+02  1000  5000 -6.660509e-04     0 -6.138622e-02 9.698982e+01 1.035526e+02 1.436644e-01 -9.999350e-05 
4.469000e+02 -1.444212e-02 1.985037e-01 -1.725406e+00 7.607690e+03 1.266480e+04 2.193175e+02  1000  5000 -6.299623e-04     0 -6.070608e-02 9.689903e+01 1.036756e+02 1.430958e-01 -9.787415e-05 
  447 -1.438393e-02 1.978729e-01 -1.725653e+00 7.606105e+03 1.265456e+04 2.198919e+02  1000  5000 -5.912872e-04     0 -6.003072e-02 9.680682e+01 1.037980e+02 1.425313e-01 -9.731857e-05 
4.471000e+02 -1.432953e-02 1.972427e-01 -1.725896e+00 7.604516e+03 1.264432e+04 2.204662e+02  1000  5000 -6.453944e-04     0 -5.936014e-02 9.671319e+01 1.039199e+02 1.419708e-01 -9.869450e-05 
4.472000e+02 -1.427210e-02 1.966131e-01 -1.726136e+00 7.602922e+03 1.263406e+04 2.210404e+02  1000  5000 -6.407907e-04     0 -5.869435e-02 9.661813e+01 1.040413e+02 1.414143e-01 -9.931900e-05 
4.473000e+02 -1.421319e-02 1.959840e-01 -1.726374e+00 7.601324e+03 1.262379e+04 2.216145e+02  1000  5000 -6.141434e-04     0 -5.803333e-02 9.652166e+01 1.041622e+02 1.408618e-01 -9.869420e-05 
4.474000e+02 -1.415657e-02 1.953554e-01 -1.726610e+00 7.599721e+03 1.261350e+04 2.221885e+02  1000  5000 -5.795340e-04     0 -5.737706e-02 9.642378e+01 1.042826e+02 1.403133e-01 -9.792363e-05 
4.475000e+02 -1.410500e-02 1.947272e-01 -1.726842e+00 7.598114e+03 1.260321e+04 2.227622e+02  1000  5000 -5.426498e-04     0 -5.672553e-02 9.632449e+01 1.044024e+02 1.397688e-01 -9.854579e-05 
4.476000e+02 -1.405720e-02 1.940995e-01 -1.727071e+00 7.596503e+03 1.259291e+04 2.233358e+02  1000  5000 -5.913783e-04     0 -5.607872e-02 9.622379e+01 1.045218e+02 1.392283e-01 -1.009032e-04 
4.477000e+02 -1.400701e-02 1.934721e-01 -1.727298e+00 7.594887e+03 1.258259e+04 2.239090e+02  1000  5000 -5.860736e-04     0 -5.543663e-02 9.612170e+01 1.046406e+02 1.386917e-01 -1.025137e-04 
4.478000e+02 -1.395583e-02 1.928452e-01 -1.727522e+00 7.593267e+03 1.257226e+04 2.244820e+02  1000  5000 -5.605455e-04     0 -5.479923e-02 9.601820e+01 1.047589e+02 1.381591e-01 -1.029183e-04 
4.479000e+02 -1.390702e-02 1.922186e-01 -1.727744e+00 7.591642e+03 1.256192e+04 2.250545e+02  1000  5000 -5.277640e-04     0 -5.416650e-02 9.591331e+01 1.048767e+02 1.376304e-01 -1.031434e-04 
  448 -1.386302e-02 1.915924e-01 -1.727964e+00 7.590013e+03 1.255157e+04 2.256267e+02  1000  5000 -4.929513e-04     0 -5.353841e-02 9.580703e+01 1.049941e+02 1.371056e-01 -1.046197e-04 
4.481000e+02 -1.382267e-02 1.909665e-01 -1.728180e+00 7.588380e+03 1.254121e+04 2.261984e+02  1000  5000 -5.374599e-04     0 -5.291495e-02 9.569937e+01 1.051109e+02 1.365847e-01 -1.076658e-04 
4.482000e+02 -1.378035e-02 1.903409e-01 -1.728395e+00 7.586743e+03 1.253084e+04 2.267697e+02  1000  5000 -5.319893e-04     0 -5.229609e-02 9.559032e+01 1.052272e+02 1.360676e-01 -1.099748e-04 
4.483000e+02 -1.373733e-02 1.897156e-01 -1.728607e+00 7.585101e+03 1.252045e+04 2.273404e+02  1000  5000 -5.078541e-04     0 -5.168180e-02 9.547990e+01 1.053430e+02 1.355544e-01 -1.111215e-04 
4.484000e+02 -1.369665e-02 1.890906e-01 -1.728819e+00 7.583456e+03 1.251006e+04 2.279105e+02  1000  5000 -4.770554e-04     0 -5.107205e-02 9.536810e+01 1.054583e+02 1.350449e-01 -1.120658e-04 
4.485000e+02 -1.366049e-02 1.884659e-01 -1.729027e+00 7.581806e+03 1.249965e+04 2.284800e+02  1000  5000 -4.444130e-04     0 -5.046680e-02 9.525494e+01 1.055732e+02 1.345393e-01 -1.141446e-04 
4.486000e+02 -1.362776e-02 1.878414e-01 -1.729234e+00 7.580152e+03 1.248923e+04 2.290489e+02  1000  5000 -4.857396e-04     0 -4.986604e-02 9.514041e+01 1.056875e+02 1.340374e-01 -1.176552e-04 
4.487000e+02 -1.359334e-02 1.872172e-01 -1.729438e+00 7.578494e+03 1.247881e+04 2.296171e+02  1000  5000 -4.805007e-04     0 -4.926973e-02 9.502452e+01 1.058014e+02 1.335393e-01 -1.204380e-04 
4.488000e+02 -1.355837e-02 1.865932e-01 -1.729641e+00 7.576832e+03 1.246837e+04 2.301845e+02  1000  5000 -4.578961e-04     0 -4.867784e-02 9.490729e+01 1.059147e+02 1.330448e-01 -1.220966e-04 
4.489000e+02 -1.352562e-02 1.859694e-01 -1.729844e+00 7.575166e+03 1.245792e+04 2.307511e+02  1000  5000 -4.291075e-04     0 -4.809034e-02 9.478870e+01 1.060276e+02 1.325541e-01 -1.235349e-04 
  449 -1.349710e-02 1.853458e-01 -1.730044e+00 7.573496e+03 1.244746e+04 2.313169e+02  1000  5000 -3.986166e-04     0 -4.750717e-02 9.466877e+01 1.061400e+02 1.320670e-01 -1.260120e-04 
4.491000e+02 -1.347176e-02 1.847224e-01 -1.730242e+00 7.571821e+03 1.243698e+04 2.318819e+02  1000  5000 -4.376988e-04     0 -4.692833e-02 9.454751e+01 1.062519e+02 1.315835e-01 -1.298060e-04 
4.492000e+02 -1.344487e-02 1.840991e-01 -1.730438e+00 7.570143e+03 1.242650e+04 2.324459e+02  1000  5000 -4.329941e-04     0 -4.635376e-02 9.442491e+01 1.063633e+02 1.311036e-01 -1.328769e-04 
4.493000e+02 -1.341750e-02 1.834761e-01 -1.730634e+00 7.568461e+03 1.241601e+04 2.330090e+02  1000  5000 -4.119703e-04     0 -4.578344e-02 9.430098e+01 1.064743e+02 1.306272e-01 -1.348518e-04 
4.494000e+02 -1.339221e-02 1.828531e-01 -1.730829e+00 7.566775e+03 1.240551e+04 2.335711e+02  1000  5000 -3.851399e-04     0 -4.521733e-02 9.417574e+01 1.065847e+02 1.301544e-01 -1.365899e-04 
4.495000e+02 -1.337084e-02 1.822303e-01 -1.731023e+00 7.565085e+03 1.239499e+04 2.341321e+02  1000  5000 -3.567101e-04     0 -4.465539e-02 9.404917e+01 1.066947e+02 1.296851e-01 -1.392880e-04 
4.496000e+02 -1.335241e-02 1.816077e-01 -1.731215e+00 7.563391e+03 1.238447e+04 2.346921e+02  1000  5000 -3.943976e-04     0 -4.409758e-02 9.392130e+01 1.068043e+02 1.292193e-01 -1.432084e-04 
4.497000e+02 -1.333248e-02 1.809852e-01 -1.731406e+00 7.561694e+03 1.237393e+04 2.352510e+02  1000  5000 -3.904628e-04     0 -4.354388e-02 9.379213e+01 1.069133e+02 1.287569e-01 -1.464033e-04 
4.498000e+02 -1.331206e-02 1.803627e-01 -1.731596e+00 7.559992e+03 1.236338e+04 2.358087e+02  1000  5000 -3.710150e-04     0 -4.299425e-02 9.366165e+01 1.070219e+02 1.282980e-01 -1.485181e-04 
4.499000e+02 -1.329354e-02 1.797404e-01 -1.731786e+00 7.558287e+03 1.235283e+04 2.363651e+02  1000  5000 -3.460434e-04     0 -4.244865e-02 9.352989e+01 1.071300e+02 1.278424e-01 -1.503786e-04 
  450 -1.327868e-02 1.791181e-01 -1.731975e+00 7.556577e+03 1.234226e+04 2.369204e+02  1000  5000 -3.195422e-04     0 -4.190704e-02 9.339683e+01 1.072377e+02 1.273902e-01 -1.531352e-04 
4.501000e+02 -1.326652e-02 1.784960e-01 -1.732162e+00 7.554864e+03 1.233168e+04 2.374744e+02  1000  5000 -3.565993e-04     0 -4.136938e-02 9.326250e+01 1.073448e+02 1.269413e-01 -1.570376e-04 
4.502000e+02 -1.325284e-02 1.778738e-01 -1.732349e+00 7.553147e+03 1.232110e+04 2.380270e+02  1000  5000 -3.536178e-04     0 -4.083566e-02 9.312690e+01 1.074515e+02 1.264956e-01 -1.602041e-04 
4.503000e+02 -1.323859e-02 1.772518e-01 -1.732536e+00 7.551427e+03 1.231050e+04 2.385783e+02  1000  5000 -3.357042e-04     0 -4.030583e-02 9.299002e+01 1.075578e+02 1.260533e-01 -1.622940e-04 
4.504000e+02 -1.322608e-02 1.766297e-01 -1.732722e+00 7.549702e+03 1.229989e+04 2.391281e+02  1000  5000 -3.124625e-04     0 -3.977986e-02 9.285189e+01 1.076636e+02 1.256142e-01 -1.641104e-04 
4.505000e+02 -1.321699e-02 1.760077e-01 -1.732908e+00 7.547974e+03 1.228927e+04 2.396766e+02  1000  5000 -2.877314e-04     0 -3.925770e-02 9.271250e+01 1.077689e+02 1.251783e-01 -1.667725e-04 
4.506000e+02 -1.321037e-02 1.753857e-01 -1.733093e+00 7.546242e+03 1.227865e+04 2.402235e+02  1000  5000 -3.248277e-04     0 -3.873934e-02 9.257187e+01 1.078738e+02 1.247456e-01 -1.705210e-04 
4.507000e+02 -1.320214e-02 1.747637e-01 -1.733277e+00 7.544506e+03 1.226801e+04 2.407689e+02  1000  5000 -3.229351e-04     0 -3.822473e-02 9.242999e+01 1.079782e+02 1.243160e-01 -1.735163e-04 
4.508000e+02 -1.319322e-02 1.741418e-01 -1.733462e+00 7.542767e+03 1.225736e+04 2.413127e+02  1000  5000 -3.064847e-04     0 -3.771385e-02 9.228689e+01 1.080822e+02 1.238896e-01 -1.754273e-04 
4.509000e+02 -1.318586e-02 1.735198e-01 -1.733647e+00 7.541024e+03 1.224670e+04 2.418550e+02  1000  5000 -2.848226e-04     0 -3.720666e-02 9.214255e+01 1.081857e+02 1.234662e-01 -1.770447e-04 
  451 -1.318171e-02 1.728977e-01 -1.733831e+00 7.539277e+03 1.223603e+04 2.423956e+02  1000  5000 -2.616848e-04     0 -3.670313e-02 9.199700e+01 1.082888e+02 1.230459e-01 -1.794704e-04 
4.511000e+02 -1.317982e-02 1.722757e-01 -1.734014e+00 7.537526e+03 1.222536e+04 2.429345e+02  1000  5000 -2.993789e-04     0 -3.620322e-02 9.185023e+01 1.083914e+02 1.226287e-01 -1.829397e-04 
4.512000e+02 -1.317617e-02 1.716536e-01 -1.734198e+00 7.535772e+03 1.221467e+04 2.434716e+02  1000  5000 -2.986593e-04     0 -3.570692e-02 9.170225e+01 1.084936e+02 1.222145e-01 -1.856341e-04 
4.513000e+02 -1.317168e-02 1.710315e-01 -1.734381e+00 7.534014e+03 1.220397e+04 2.440070e+02  1000  5000 -2.835730e-04     0 -3.521418e-02 9.155308e+01 1.085953e+02 1.218033e-01 -1.872278e-04 
4.514000e+02 -1.316857e-02 1.704093e-01 -1.734566e+00 7.532252e+03 1.219326e+04 2.445407e+02  1000  5000 -2.633211e-04     0 -3.472499e-02 9.140272e+01 1.086966e+02 1.213950e-01 -1.885084e-04 
4.515000e+02 -1.316847e-02 1.697871e-01 -1.734749e+00 7.530487e+03 1.218255e+04 2.450724e+02  1000  5000 -2.415836e-04     0 -3.423930e-02 9.125118e+01 1.087974e+02 1.209897e-01 -1.905733e-04 
4.516000e+02 -1.317045e-02 1.691648e-01 -1.734933e+00 7.528718e+03 1.217182e+04 2.456023e+02  1000  5000 -2.803041e-04     0 -3.375709e-02 9.109845e+01 1.088978e+02 1.205873e-01 -1.936554e-04 
4.517000e+02 -1.317046e-02 1.685424e-01 -1.735116e+00 7.526945e+03 1.216108e+04 2.461302e+02  1000  5000 -2.807844e-04     0 -3.327833e-02 9.094457e+01 1.089978e+02 1.201878e-01 -1.959393e-04 
4.518000e+02 -1.316943e-02 1.679199e-01 -1.735300e+00 7.525169e+03 1.215034e+04 2.466562e+02  1000  5000 -2.669337e-04     0 -3.280300e-02 9.078952e+01 1.090973e+02 1.197911e-01 -1.971013e-04 
4.519000e+02 -1.316961e-02 1.672974e-01 -1.735485e+00 7.523389e+03 1.213958e+04 2.471802e+02  1000  5000 -2.479038e-04     0 -3.233106e-02 9.063331e+01 1.091964e+02 1.193973e-01 -1.979335e-04 
  452 -1.317264e-02 1.666747e-01 -1.735669e+00 7.521605e+03 1.212881e+04 2.477022e+02  1000  5000 -2.273581e-04     0 -3.186248e-02 9.047597e+01 1.092950e+02 1.190063e-01 -1.995388e-04 
4.521000e+02 -1.317755e-02 1.660520e-01 -1.735853e+00 7.519818e+03 1.211804e+04 2.482221e+02  1000  5000 -2.673875e-04     0 -3.139725e-02 9.031748e+01 1.093932e+02 1.186181e-01 -2.021513e-04 
4.522000e+02 -1.318025e-02 1.654292e-01 -1.736037e+00 7.518027e+03 1.210726e+04 2.487398e+02  1000  5000 -2.690324e-04     0 -3.093533e-02 9.015787e+01 1.094910e+02 1.182327e-01 -2.039440e-04 
4.523000e+02 -1.318170e-02 1.648062e-01 -1.736222e+00 7.516232e+03 1.209646e+04 2.492554e+02  1000  5000 -2.562590e-04     0 -3.047671e-02 8.999714e+01 1.095884e+02 1.178500e-01 -2.045927e-04 
4.524000e+02 -1.318419e-02 1.641832e-01 -1.736408e+00 7.514434e+03 1.208566e+04 2.497689e+02  1000  5000 -2.382460e-04     0 -3.002134e-02 8.983529e+01 1.096853e+02 1.174701e-01 -2.048994e-04 
4.525000e+02 -1.318935e-02 1.635600e-01 -1.736594e+00 7.512632e+03 1.207485e+04 2.502801e+02  1000  5000 -2.186710e-04     0 -2.956921e-02 8.967235e+01 1.097818e+02 1.170929e-01 -2.059810e-04 
4.526000e+02 -1.319624e-02 1.629367e-01 -1.736779e+00 7.510827e+03 1.206402e+04 2.507890e+02  1000  5000 -2.601375e-04     0 -2.912029e-02 8.950830e+01 1.098779e+02 1.167183e-01 -2.080747e-04 
4.527000e+02 -1.320065e-02 1.623133e-01 -1.736964e+00 7.509017e+03 1.205319e+04 2.512956e+02  1000  5000 -2.628491e-04     0 -2.867455e-02 8.934317e+01 1.099735e+02 1.163464e-01 -2.093318e-04 
4.528000e+02 -1.320358e-02 1.616898e-01 -1.737151e+00 7.507205e+03 1.204235e+04 2.517999e+02  1000  5000 -2.509684e-04     0 -2.823198e-02 8.917696e+01 1.100687e+02 1.159772e-01 -2.094251e-04 
4.529000e+02 -1.320737e-02 1.610662e-01 -1.737338e+00 7.505388e+03 1.203150e+04 2.523018e+02  1000  5000 -2.337550e-04     0 -2.779255e-02 8.900968e+01 1.101636e+02 1.156106e-01 -2.091706e-04 
  453 -1.321371e-02 1.604424e-01 -1.737525e+00 7.503568e+03 1.202065e+04 2.528013e+02  1000  5000 -2.149232e-04     0 -2.735623e-02 8.884134e+01 1.102579e+02 1.152465e-01 -2.097038e-04 
4.531000e+02 -1.322160e-02 1.598185e-01 -1.737712e+00 7.501745e+03 1.200978e+04 2.532983e+02  1000  5000 -2.578042e-04     0 -2.692299e-02 8.867195e+01 1.103519e+02 1.148851e-01 -2.112672e-04 
4.532000e+02 -1.322675e-02 1.591945e-01 -1.737899e+00 7.499917e+03 1.199890e+04 2.537929e+02  1000  5000 -2.614290e-04     0 -2.649282e-02 8.850151e+01 1.104455e+02 1.145262e-01 -2.119840e-04 
4.533000e+02 -1.323020e-02 1.585703e-01 -1.738087e+00 7.498086e+03 1.198802e+04 2.542849e+02  1000  5000 -2.502383e-04     0 -2.606570e-02 8.833004e+01 1.105386e+02 1.141699e-01 -2.115225e-04 
4.534000e+02 -1.323434e-02 1.579460e-01 -1.738275e+00 7.496252e+03 1.197712e+04 2.547744e+02  1000  5000 -2.336044e-04     0 -2.564160e-02 8.815755e+01 1.106313e+02 1.138161e-01 -2.107139e-04 
4.535000e+02 -1.324091e-02 1.573216e-01 -1.738464e+00 7.494414e+03 1.196622e+04 2.552613e+02  1000  5000 -2.152918e-04     0 -2.522049e-02 8.798404e+01 1.107236e+02 1.134647e-01 -2.107150e-04 
4.536000e+02 -1.324890e-02 1.566971e-01 -1.738652e+00 7.492572e+03 1.195531e+04 2.557455e+02  1000  5000 -2.594305e-04     0 -2.480236e-02 8.780952e+01 1.108155e+02 1.131159e-01 -2.117741e-04 
4.537000e+02 -1.325389e-02 1.560725e-01 -1.738841e+00 7.490727e+03 1.194439e+04 2.562271e+02  1000  5000 -2.637724e-04     0 -2.438717e-02 8.763400e+01 1.109070e+02 1.127695e-01 -2.119846e-04 
4.538000e+02 -1.325696e-02 1.554477e-01 -1.739030e+00 7.488877e+03 1.193346e+04 2.567060e+02  1000  5000 -2.530632e-04     0 -2.397492e-02 8.745749e+01 1.109981e+02 1.124256e-01 -2.110087e-04 
4.539000e+02 -1.326059e-02 1.548228e-01 -1.739220e+00 7.487025e+03 1.192252e+04 2.571821e+02  1000  5000 -2.367986e-04     0 -2.356558e-02 8.728001e+01 1.110888e+02 1.120841e-01 -2.096926e-04 
  454 -1.326656e-02 1.541978e-01 -1.739410e+00 7.485169e+03 1.191157e+04 2.576555e+02  1000  5000 -2.187972e-04     0 -2.315913e-02 8.710155e+01 1.111791e+02 1.117450e-01 -2.092142e-04 
4.541000e+02 -1.327383e-02 1.535727e-01 -1.739599e+00 7.483309e+03 1.190062e+04 2.581260e+02  1000  5000 -2.639303e-04     0 -2.275553e-02 8.692214e+01 1.112690e+02 1.114083e-01 -2.098278e-04 
4.542000e+02 -1.327788e-02 1.529474e-01 -1.739789e+00 7.481445e+03 1.188965e+04 2.585937e+02  1000  5000 -2.687695e-04     0 -2.235478e-02 8.674177e+01 1.113584e+02 1.110739e-01 -2.095979e-04 
4.543000e+02 -1.327984e-02 1.523221e-01 -1.739979e+00 7.479578e+03 1.187868e+04 2.590586e+02  1000  5000 -2.583423e-04     0 -2.195686e-02 8.656047e+01 1.114475e+02 1.107419e-01 -2.081807e-04 
4.544000e+02 -1.328224e-02 1.516966e-01 -1.740170e+00 7.477708e+03 1.186770e+04 2.595205e+02  1000  5000 -2.422596e-04     0 -2.156174e-02 8.637823e+01 1.115362e+02 1.104123e-01 -2.064352e-04 
4.545000e+02 -1.328692e-02 1.510711e-01 -1.740361e+00 7.475833e+03 1.185671e+04 2.599795e+02  1000  5000 -2.243903e-04     0 -2.116940e-02 8.619507e+01 1.116245e+02 1.100849e-01 -2.055576e-04 
4.546000e+02 -1.329281e-02 1.504454e-01 -1.740551e+00 7.473955e+03 1.184571e+04 2.604355e+02  1000  5000 -2.701834e-04     0 -2.077981e-02 8.601100e+01 1.117124e+02 1.097599e-01 -2.058076e-04 
4.547000e+02 -1.329531e-02 1.498197e-01 -1.740741e+00 7.472074e+03 1.183470e+04 2.608885e+02  1000  5000 -2.752960e-04     0 -2.039297e-02 8.582603e+01 1.117998e+02 1.094371e-01 -2.052258e-04 
4.548000e+02 -1.329558e-02 1.491939e-01 -1.740932e+00 7.470189e+03 1.182369e+04 2.613384e+02  1000  5000 -2.649751e-04     0 -2.000885e-02 8.564017e+01 1.118870e+02 1.091166e-01 -2.034622e-04 
4.549000e+02 -1.329622e-02 1.485680e-01 -1.741123e+00 7.468300e+03 1.181266e+04 2.617853e+02  1000  5000 -2.489214e-04     0 -1.962744e-02 8.545342e+01 1.119737e+02 1.087983e-01 -2.013853e-04 
  455 -1.329910e-02 1.479420e-01 -1.741314e+00 7.466408e+03 1.180163e+04 2.622291e+02  1000  5000 -2.310441e-04     0 -1.924870e-02 8.526581e+01 1.120600e+02 1.084823e-01 -2.002053e-04 
4.551000e+02 -1.330313e-02 1.473159e-01 -1.741504e+00 7.464512e+03 1.179059e+04 2.626697e+02  1000  5000 -2.771289e-04     0 -1.887261e-02 8.507733e+01 1.121459e+02 1.081685e-01 -2.001863e-04 
4.552000e+02 -1.330366e-02 1.466898e-01 -1.741694e+00 7.462613e+03 1.177954e+04 2.631071e+02  1000  5000 -2.823065e-04     0 -1.849918e-02 8.488800e+01 1.122315e+02 1.078569e-01 -1.993519e-04 
4.553000e+02 -1.330187e-02 1.460636e-01 -1.741885e+00 7.460710e+03 1.176849e+04 2.635413e+02  1000  5000 -2.719503e-04     0 -1.812837e-02 8.469784e+01 1.123167e+02 1.075474e-01 -1.973463e-04 
4.554000e+02 -1.330042e-02 1.454374e-01 -1.742076e+00 7.458803e+03 1.175742e+04 2.639723e+02  1000  5000 -2.558152e-04     0 -1.776016e-02 8.450684e+01 1.124014e+02 1.072402e-01 -1.950440e-04 
4.555000e+02 -1.330119e-02 1.448111e-01 -1.742267e+00 7.456893e+03 1.174635e+04 2.644000e+02  1000  5000 -2.378351e-04     0 -1.739454e-02 8.431502e+01 1.124858e+02 1.069350e-01 -1.936632e-04 
4.556000e+02 -1.330309e-02 1.441848e-01 -1.742456e+00 7.454979e+03 1.173527e+04 2.648244e+02  1000  5000 -2.838439e-04     0 -1.703147e-02 8.412240e+01 1.125699e+02 1.066320e-01 -1.934713e-04 
4.557000e+02 -1.330143e-02 1.435585e-01 -1.742646e+00 7.453062e+03 1.172418e+04 2.652455e+02  1000  5000 -2.889075e-04     0 -1.667096e-02 8.392897e+01 1.126535e+02 1.063312e-01 -1.924834e-04 
4.558000e+02 -1.329743e-02 1.429321e-01 -1.742836e+00 7.451141e+03 1.171308e+04 2.656632e+02  1000  5000 -2.784158e-04     0 -1.631298e-02 8.373476e+01 1.127368e+02 1.060324e-01 -1.903392e-04 
4.559000e+02 -1.329375e-02 1.423058e-01 -1.743026e+00 7.449216e+03 1.170198e+04 2.660775e+02  1000  5000 -2.621340e-04     0 -1.595751e-02 8.353977e+01 1.128197e+02 1.057357e-01 -1.879142e-04 
  456 -1.329231e-02 1.416794e-01 -1.743216e+00 7.447288e+03 1.169087e+04 2.664884e+02  1000  5000 -2.440023e-04     0 -1.560454e-02 8.334402e+01 1.129022e+02 1.054411e-01 -1.864293e-04 
4.561000e+02 -1.329199e-02 1.410530e-01 -1.743404e+00 7.445357e+03 1.167975e+04 2.668958e+02  1000  5000 -2.895953e-04     0 -1.525403e-02 8.314751e+01 1.129844e+02 1.051485e-01 -1.861533e-04 
4.562000e+02 -1.328812e-02 1.404267e-01 -1.743593e+00 7.443422e+03 1.166862e+04 2.672998e+02  1000  5000 -2.944050e-04     0 -1.490598e-02 8.295025e+01 1.130662e+02 1.048580e-01 -1.851021e-04 
4.563000e+02 -1.328192e-02 1.398003e-01 -1.743781e+00 7.441483e+03 1.165748e+04 2.677002e+02  1000  5000 -2.837196e-04     0 -1.456038e-02 8.275226e+01 1.131476e+02 1.045695e-01 -1.829124e-04 
4.564000e+02 -1.327607e-02 1.391740e-01 -1.743970e+00 7.439541e+03 1.164634e+04 2.680971e+02  1000  5000 -2.672685e-04     0 -1.421720e-02 8.255355e+01 1.132286e+02 1.042830e-01 -1.804565e-04 
4.565000e+02 -1.327247e-02 1.385478e-01 -1.744158e+00 7.437595e+03 1.163519e+04 2.684904e+02  1000  5000 -2.489783e-04     0 -1.387642e-02 8.235413e+01 1.133093e+02 1.039985e-01 -1.789517e-04 
4.566000e+02 -1.327002e-02 1.379216e-01 -1.744345e+00 7.435646e+03 1.162403e+04 2.688801e+02  1000  5000 -2.938633e-04     0 -1.353803e-02 8.215400e+01 1.133896e+02 1.037159e-01 -1.786670e-04 
4.567000e+02 -1.326407e-02 1.372955e-01 -1.744531e+00 7.433693e+03 1.161286e+04 2.692662e+02  1000  5000 -2.983208e-04     0 -1.320201e-02 8.195319e+01 1.134696e+02 1.034354e-01 -1.776280e-04 
4.568000e+02 -1.325585e-02 1.366694e-01 -1.744718e+00 7.431737e+03 1.160169e+04 2.696486e+02  1000  5000 -2.874224e-04     0 -1.286835e-02 8.175170e+01 1.135492e+02 1.031568e-01 -1.754705e-04 
4.569000e+02 -1.324802e-02 1.360434e-01 -1.744904e+00 7.429778e+03 1.159050e+04 2.700273e+02  1000  5000 -2.708161e-04     0 -1.253702e-02 8.154954e+01 1.136284e+02 1.028801e-01 -1.730593e-04 
  457 -1.324247e-02 1.354175e-01 -1.745090e+00 7.427814e+03 1.157931e+04 2.704023e+02  1000  5000 -2.523955e-04     0 -1.220801e-02 8.134672e+01 1.137073e+02 1.026053e-01 -1.716025e-04 
4.571000e+02 -1.323810e-02 1.347918e-01 -1.745275e+00 7.425848e+03 1.156812e+04 2.707736e+02  1000  5000 -2.963379e-04     0 -1.188131e-02 8.114326e+01 1.137858e+02 1.023325e-01 -1.713679e-04 
4.572000e+02 -1.323032e-02 1.341661e-01 -1.745459e+00 7.423878e+03 1.155691e+04 2.711411e+02  1000  5000 -3.003853e-04     0 -1.155690e-02 8.093917e+01 1.138640e+02 1.020616e-01 -1.703996e-04 
4.573000e+02 -1.322036e-02 1.335406e-01 -1.745643e+00 7.421904e+03 1.154570e+04 2.715048e+02  1000  5000 -2.892868e-04     0 -1.123476e-02 8.073446e+01 1.139418e+02 1.017925e-01 -1.683338e-04 
4.574000e+02 -1.321086e-02 1.329152e-01 -1.745827e+00 7.419927e+03 1.153448e+04 2.718647e+02  1000  5000 -2.725673e-04     0 -1.091488e-02 8.052913e+01 1.140192e+02 1.015253e-01 -1.660249e-04 
4.575000e+02 -1.320364e-02 1.322900e-01 -1.746010e+00 7.417947e+03 1.152325e+04 2.722207e+02  1000  5000 -2.540697e-04     0 -1.059723e-02 8.032321e+01 1.140963e+02 1.012599e-01 -1.646663e-04 
4.576000e+02 -1.319766e-02 1.316649e-01 -1.746192e+00 7.415963e+03 1.151202e+04 2.725729e+02  1000  5000 -2.968959e-04     0 -1.028181e-02 8.011670e+01 1.141731e+02 1.009964e-01 -1.645237e-04 
4.577000e+02 -1.318838e-02 1.310401e-01 -1.746373e+00 7.413976e+03 1.150078e+04 2.729211e+02  1000  5000 -3.005103e-04     0 -9.968607e-03 7.990961e+01 1.142495e+02 1.007348e-01 -1.636671e-04 
4.578000e+02 -1.317704e-02 1.304154e-01 -1.746555e+00 7.411985e+03 1.148953e+04 2.732654e+02  1000  5000 -2.892486e-04     0 -9.657596e-03 7.970196e+01 1.143256e+02 1.004749e-01 -1.617350e-04 
4.579000e+02 -1.316621e-02 1.297909e-01 -1.746736e+00 7.409991e+03 1.147827e+04 2.736058e+02  1000  5000 -2.724765e-04     0 -9.348763e-03 7.949375e+01 1.144013e+02 1.002168e-01 -1.595680e-04 
  458 -1.315769e-02 1.291666e-01 -1.746916e+00 7.407993e+03 1.146701e+04 2.739422e+02  1000  5000 -2.539711e-04     0 -9.042091e-03 7.928501e+01 1.144767e+02 9.996056e-02 -1.583413e-04 
4.581000e+02 -1.315043e-02 1.285426e-01 -1.747095e+00 7.405992e+03 1.145574e+04 2.742746e+02  1000  5000 -2.955662e-04     0 -8.737566e-03 7.907574e+01 1.145517e+02 9.970606e-02 -1.583169e-04 
4.582000e+02 -1.314003e-02 1.279188e-01 -1.747273e+00 7.403988e+03 1.144446e+04 2.746030e+02  1000  5000 -2.987531e-04     0 -8.435178e-03 7.886594e+01 1.146264e+02 9.945332e-02 -1.575971e-04 
4.583000e+02 -1.312768e-02 1.272953e-01 -1.747452e+00 7.401980e+03 1.143318e+04 2.749273e+02  1000  5000 -2.873809e-04     0 -8.134912e-03 7.865565e+01 1.147007e+02 9.920233e-02 -1.558245e-04 
4.584000e+02 -1.311590e-02 1.266720e-01 -1.747630e+00 7.399970e+03 1.142189e+04 2.752475e+02  1000  5000 -2.706267e-04     0 -7.836750e-03 7.844486e+01 1.147747e+02 9.895309e-02 -1.538235e-04 
4.585000e+02 -1.310644e-02 1.260490e-01 -1.747807e+00 7.397955e+03 1.141059e+04 2.755637e+02  1000  5000 -2.521895e-04     0 -7.540675e-03 7.823358e+01 1.148484e+02 9.870556e-02 -1.527475e-04 
4.586000e+02 -1.309827e-02 1.254264e-01 -1.747982e+00 7.395938e+03 1.139928e+04 2.758757e+02  1000  5000 -2.924914e-04     0 -7.246675e-03 7.802184e+01 1.149218e+02 9.845975e-02 -1.528543e-04 
4.587000e+02 -1.308711e-02 1.248040e-01 -1.748157e+00 7.393917e+03 1.138797e+04 2.761836e+02  1000  5000 -2.952775e-04     0 -6.954739e-03 7.780964e+01 1.149948e+02 9.821564e-02 -1.522834e-04 
4.588000e+02 -1.307413e-02 1.241820e-01 -1.748332e+00 7.391892e+03 1.137665e+04 2.764874e+02  1000  5000 -2.838552e-04     0 -6.664852e-03 7.759700e+01 1.150674e+02 9.797322e-02 -1.506823e-04 
4.589000e+02 -1.306177e-02 1.235603e-01 -1.748507e+00 7.389865e+03 1.136532e+04 2.767869e+02  1000  5000 -2.671918e-04     0 -6.376998e-03 7.738392e+01 1.151398e+02 9.773248e-02 -1.488579e-04 
  459 -1.305174e-02 1.229390e-01 -1.748680e+00 7.387834e+03 1.135399e+04 2.770823e+02  1000  5000 -2.488988e-04     0 -6.091161e-03 7.717042e+01 1.152118e+02 9.749340e-02 -1.479396e-04 
4.591000e+02 -1.304301e-02 1.223181e-01 -1.748852e+00 7.385800e+03 1.134265e+04 2.773734e+02  1000  5000 -2.878904e-04     0 -5.807329e-03 7.695650e+01 1.152835e+02 9.725597e-02 -1.481802e-04 
4.592000e+02 -1.303145e-02 1.216975e-01 -1.749024e+00 7.383762e+03 1.133130e+04 2.776602e+02  1000  5000 -2.903168e-04     0 -5.525491e-03 7.674219e+01 1.153548e+02 9.702019e-02 -1.477596e-04 
4.593000e+02 -1.301818e-02 1.210774e-01 -1.749196e+00 7.381721e+03 1.131995e+04 2.779428e+02  1000  5000 -2.789069e-04     0 -5.245633e-03 7.652750e+01 1.154259e+02 9.678604e-02 -1.463316e-04 
4.594000e+02 -1.300558e-02 1.204577e-01 -1.749367e+00 7.379677e+03 1.130859e+04 2.782211e+02  1000  5000 -2.624038e-04     0 -4.967740e-03 7.631243e+01 1.154966e+02 9.655351e-02 -1.446842e-04 
4.595000e+02 -1.299529e-02 1.198384e-01 -1.749537e+00 7.377630e+03 1.129722e+04 2.784951e+02  1000  5000 -2.443255e-04     0 -4.691797e-03 7.609700e+01 1.155670e+02 9.632258e-02 -1.439213e-04 
4.596000e+02 -1.298632e-02 1.192196e-01 -1.749706e+00 7.375580e+03 1.128585e+04 2.787648e+02  1000  5000 -2.820266e-04     0 -4.417790e-03 7.588122e+01 1.156370e+02 9.609325e-02 -1.442902e-04 
4.597000e+02 -1.297466e-02 1.186012e-01 -1.749874e+00 7.373526e+03 1.127447e+04 2.790301e+02  1000  5000 -2.841427e-04     0 -4.145711e-03 7.566510e+01 1.157068e+02 9.586551e-02 -1.440136e-04 
4.598000e+02 -1.296141e-02 1.179833e-01 -1.750042e+00 7.371469e+03 1.126308e+04 2.792911e+02  1000  5000 -2.728052e-04     0 -3.875547e-03 7.544866e+01 1.157762e+02 9.563934e-02 -1.427519e-04 
4.599000e+02 -1.294887e-02 1.173660e-01 -1.750210e+00 7.369409e+03 1.125169e+04 2.795477e+02  1000  5000 -2.565245e-04     0 -3.607281e-03 7.523191e+01 1.158453e+02 9.541474e-02 -1.412740e-04 
  460 -1.293860e-02 1.167491e-01 -1.750376e+00 7.367346e+03 1.124029e+04 2.797998e+02  1000  5000 -2.387224e-04     0 -3.340900e-03 7.501486e+01 1.159141e+02 9.519168e-02 -1.406574e-04 
4.601000e+02 -1.292966e-02 1.161328e-01 -1.750542e+00 7.365280e+03 1.122888e+04 2.800476e+02  1000  5000 -2.751816e-04     0 -3.076391e-03 7.479751e+01 1.159826e+02 9.497017e-02 -1.411439e-04 
4.602000e+02 -1.291816e-02 1.155171e-01 -1.750707e+00 7.363210e+03 1.121747e+04 2.802909e+02  1000  5000 -2.770411e-04     0 -2.813746e-03 7.457990e+01 1.160507e+02 9.475019e-02 -1.409994e-04 
4.603000e+02 -1.290519e-02 1.149019e-01 -1.750871e+00 7.361138e+03 1.120605e+04 2.805297e+02  1000  5000 -2.658299e-04     0 -2.552952e-03 7.436202e+01 1.161186e+02 9.453173e-02 -1.398914e-04 
4.604000e+02 -1.289293e-02 1.142873e-01 -1.751036e+00 7.359062e+03 1.119462e+04 2.807641e+02  1000  5000 -2.498243e-04     0 -2.293993e-03 7.414388e+01 1.161861e+02 9.431478e-02 -1.385699e-04 
4.605000e+02 -1.288292e-02 1.136733e-01 -1.751199e+00 7.356983e+03 1.118319e+04 2.809940e+02  1000  5000 -2.323490e-04     0 -2.036856e-03 7.392551e+01 1.162534e+02 9.409933e-02 -1.380859e-04 
4.606000e+02 -1.287423e-02 1.130599e-01 -1.751361e+00 7.354901e+03 1.117175e+04 2.812194e+02  1000  5000 -2.676363e-04     0 -1.781530e-03 7.370692e+01 1.163203e+02 9.388537e-02 -1.386755e-04 
4.607000e+02 -1.286311e-02 1.124472e-01 -1.751523e+00 7.352816e+03 1.116031e+04 2.814402e+02  1000  5000 -2.692933e-04     0 -1.528005e-03 7.348811e+01 1.163869e+02 9.367289e-02 -1.386474e-04 
4.608000e+02 -1.285060e-02 1.118351e-01 -1.751684e+00 7.350728e+03 1.114886e+04 2.816565e+02  1000  5000 -2.582547e-04     0 -1.276271e-03 7.326910e+01 1.164532e+02 9.346188e-02 -1.376767e-04 
4.609000e+02 -1.283883e-02 1.112237e-01 -1.751845e+00 7.348636e+03 1.113740e+04 2.818683e+02  1000  5000 -2.425662e-04     0 -1.026311e-03 7.304990e+01 1.165192e+02 9.325232e-02 -1.364947e-04 
  461 -1.282925e-02 1.106130e-01 -1.752005e+00 7.346542e+03 1.112593e+04 2.820755e+02  1000  5000 -2.254567e-04     0 -7.781127e-04 7.283052e+01 1.165849e+02 9.304422e-02 -1.361265e-04 
4.611000e+02 -1.282098e-02 1.100030e-01 -1.752164e+00 7.344444e+03 1.111446e+04 2.822781e+02  1000  5000 -2.596569e-04     0 -5.316656e-04 7.261098e+01 1.166503e+02 9.283755e-02 -1.368023e-04 
4.612000e+02 -1.281039e-02 1.093937e-01 -1.752323e+00 7.342344e+03 1.110299e+04 2.824761e+02  1000  5000 -2.611634e-04     0 -2.869611e-04 7.239129e+01 1.167154e+02 9.263231e-02 -1.368730e-04 
4.613000e+02 -1.279849e-02 1.087852e-01 -1.752481e+00 7.340240e+03 1.109151e+04 2.826695e+02  1000  5000 -2.503354e-04     0 -4.398746e-05 7.217146e+01 1.167802e+02 9.242849e-02 -1.360208e-04 
4.614000e+02 -1.278733e-02 1.081774e-01 -1.752639e+00 7.338134e+03 1.108002e+04 2.828583e+02  1000  5000 -2.349951e-04     0 1.972695e-04 7.195150e+01 1.168447e+02 9.222608e-02 -1.349590e-04 
4.615000e+02 -1.277832e-02 1.075705e-01 -1.752796e+00 7.336024e+03 1.106852e+04 2.830425e+02  1000  5000 -2.182791e-04     0 4.368226e-04 7.173143e+01 1.169089e+02 9.202507e-02 -1.346880e-04 
4.616000e+02 -1.277058e-02 1.069643e-01 -1.752952e+00 7.333912e+03 1.105702e+04 2.832219e+02  1000  5000 -2.514860e-04     0 6.746821e-04 7.151125e+01 1.169728e+02 9.182546e-02 -1.354323e-04 
4.617000e+02 -1.276063e-02 1.063589e-01 -1.753107e+00 7.331796e+03 1.104552e+04 2.833968e+02  1000  5000 -2.528902e-04     0 9.108561e-04 7.129099e+01 1.170365e+02 9.162722e-02 -1.355827e-04 
4.618000e+02 -1.274943e-02 1.057544e-01 -1.753263e+00 7.329678e+03 1.103400e+04 2.835669e+02  1000  5000 -2.423021e-04     0 1.145356e-03 7.107065e+01 1.170998e+02 9.143035e-02 -1.348288e-04 
4.619000e+02 -1.273898e-02 1.051508e-01 -1.753418e+00 7.327556e+03 1.102249e+04 2.837324e+02  1000  5000 -2.273310e-04     0 1.378195e-03 7.085025e+01 1.171628e+02 9.123485e-02 -1.338668e-04 
  462 -1.273061e-02 1.045480e-01 -1.753572e+00 7.325432e+03 1.101096e+04 2.838932e+02  1000  5000 -2.110254e-04     0 1.609386e-03 7.062979e+01 1.172256e+02 9.104070e-02 -1.336737e-04 
4.621000e+02 -1.272348e-02 1.039461e-01 -1.753725e+00 7.323304e+03 1.099943e+04 2.840492e+02  1000  5000 -2.433369e-04     0 1.838938e-03 7.040930e+01 1.172880e+02 9.084789e-02 -1.344684e-04 
4.622000e+02 -1.271422e-02 1.033451e-01 -1.753878e+00 7.321174e+03 1.098790e+04 2.842006e+02  1000  5000 -2.446819e-04     0 2.066860e-03 7.018877e+01 1.173502e+02 9.065642e-02 -1.346795e-04 
4.623000e+02 -1.270378e-02 1.027451e-01 -1.754031e+00 7.319041e+03 1.097635e+04 2.843472e+02  1000  5000 -2.343547e-04     0 2.293163e-03 6.996824e+01 1.174121e+02 9.046627e-02 -1.340034e-04 
4.624000e+02 -1.269407e-02 1.021460e-01 -1.754183e+00 7.316905e+03 1.096481e+04 2.844891e+02  1000  5000 -2.197643e-04     0 2.517858e-03 6.974770e+01 1.174737e+02 9.027744e-02 -1.331206e-04 
4.625000e+02 -1.268638e-02 1.015479e-01 -1.754335e+00 7.314765e+03 1.095325e+04 2.846262e+02  1000  5000 -2.038767e-04     0 2.740959e-03 6.952717e+01 1.175350e+02 9.008992e-02 -1.329860e-04 
4.626000e+02 -1.267990e-02 1.009507e-01 -1.754485e+00 7.312623e+03 1.094170e+04 2.847586e+02  1000  5000 -2.353902e-04     0 2.962475e-03 6.930667e+01 1.175960e+02 8.990370e-02 -1.338134e-04 
4.627000e+02 -1.267137e-02 1.003546e-01 -1.754635e+00 7.310479e+03 1.093013e+04 2.848862e+02  1000  5000 -2.367135e-04     0 3.182413e-03 6.908620e+01 1.176568e+02 8.971876e-02 -1.340666e-04 
4.628000e+02 -1.266169e-02 9.975952e-02 -1.754785e+00 7.308331e+03 1.091856e+04 2.850090e+02  1000  5000 -2.266605e-04     0 3.400783e-03 6.886578e+01 1.177173e+02 8.953511e-02 -1.334483e-04 
4.629000e+02 -1.265272e-02 9.916547e-02 -1.754935e+00 7.306180e+03 1.090698e+04 2.851271e+02  1000  5000 -2.124542e-04     0 3.617600e-03 6.864542e+01 1.177775e+02 8.935274e-02 -1.326245e-04 
  463 -1.264572e-02 9.857249e-02 -1.755085e+00 7.304027e+03 1.089540e+04 2.852403e+02  1000  5000 -1.969838e-04     0 3.832873e-03 6.842514e+01 1.178374e+02 8.917162e-02 -1.325297e-04 
4.631000e+02 -1.263989e-02 9.798060e-02 -1.755233e+00 7.301870e+03 1.088381e+04 2.853488e+02  1000  5000 -2.277928e-04     0 4.046612e-03 6.820494e+01 1.178970e+02 8.899177e-02 -1.333733e-04 
4.632000e+02 -1.263207e-02 9.738981e-02 -1.755380e+00 7.299711e+03 1.087222e+04 2.854524e+02  1000  5000 -2.291255e-04     0 4.258824e-03 6.798483e+01 1.179564e+02 8.881316e-02 -1.336510e-04 
4.633000e+02 -1.262314e-02 9.680015e-02 -1.755528e+00 7.297549e+03 1.086062e+04 2.855513e+02  1000  5000 -2.193532e-04     0 4.469519e-03 6.776484e+01 1.180155e+02 8.863579e-02 -1.330715e-04 
4.634000e+02 -1.261489e-02 9.621162e-02 -1.755676e+00 7.295384e+03 1.084902e+04 2.856453e+02  1000  5000 -2.055271e-04     0 4.678711e-03 6.754497e+01 1.180743e+02 8.845965e-02 -1.322876e-04 
4.635000e+02 -1.260855e-02 9.562427e-02 -1.755823e+00 7.293216e+03 1.083741e+04 2.857345e+02  1000  5000 -1.904665e-04     0 4.886408e-03 6.732524e+01 1.181328e+02 8.828474e-02 -1.322153e-04 
4.636000e+02 -1.260335e-02 9.503810e-02 -1.755969e+00 7.291046e+03 1.082580e+04 2.858189e+02  1000  5000 -2.206575e-04     0 5.092621e-03 6.710565e+01 1.181911e+02 8.811104e-02 -1.330596e-04 
4.637000e+02 -1.259620e-02 9.445314e-02 -1.756114e+00 7.288873e+03 1.081418e+04 2.858984e+02  1000  5000 -2.220242e-04     0 5.297356e-03 6.688622e+01 1.182491e+02 8.793854e-02 -1.333457e-04 
4.638000e+02 -1.258796e-02 9.386939e-02 -1.756260e+00 7.286697e+03 1.080255e+04 2.859731e+02  1000  5000 -2.125328e-04     0 5.500624e-03 6.666697e+01 1.183068e+02 8.776725e-02 -1.327877e-04 
4.639000e+02 -1.258039e-02 9.328688e-02 -1.756406e+00 7.284518e+03 1.079092e+04 2.860429e+02  1000  5000 -1.990777e-04     0 5.702435e-03 6.644790e+01 1.183643e+02 8.759715e-02 -1.320264e-04 
  464 -1.257467e-02 9.270565e-02 -1.756551e+00 7.282336e+03 1.077928e+04 2.861079e+02  1000  5000 -1.844136e-04     0 5.902800e-03 6.622903e+01 1.184215e+02 8.742823e-02 -1.319609e-04 
4.641000e+02 -1.257004e-02 9.212569e-02 -1.756695e+00 7.280152e+03 1.076764e+04 2.861681e+02  1000  5000 -2.140639e-04     0 6.101729e-03 6.601036e+01 1.184785e+02 8.726048e-02 -1.327924e-04 
4.642000e+02 -1.256351e-02 9.154704e-02 -1.756838e+00 7.277965e+03 1.075599e+04 2.862234e+02  1000  5000 -2.154828e-04     0 6.299226e-03 6.579192e+01 1.185351e+02 8.709390e-02 -1.330726e-04 
4.643000e+02 -1.255591e-02 9.096970e-02 -1.756982e+00 7.275775e+03 1.074434e+04 2.862738e+02  1000  5000 -2.062673e-04     0 6.495303e-03 6.557372e+01 1.185915e+02 8.692848e-02 -1.325208e-04 
4.644000e+02 -1.254894e-02 9.039371e-02 -1.757126e+00 7.273582e+03 1.073268e+04 2.863194e+02  1000  5000 -1.931690e-04     0 6.689971e-03 6.535576e+01 1.186477e+02 8.676422e-02 -1.317667e-04 
4.645000e+02 -1.254378e-02 8.981908e-02 -1.757269e+00 7.271387e+03 1.072102e+04 2.863601e+02  1000  5000 -1.788843e-04     0 6.883239e-03 6.513805e+01 1.187036e+02 8.660110e-02 -1.316945e-04 
4.646000e+02 -1.253966e-02 8.924583e-02 -1.757411e+00 7.269189e+03 1.070935e+04 2.863959e+02  1000  5000 -2.080600e-04     0 7.075115e-03 6.492062e+01 1.187592e+02 8.643911e-02 -1.325016e-04 
4.647000e+02 -1.253367e-02 8.867399e-02 -1.757553e+00 7.266988e+03 1.069768e+04 2.864269e+02  1000  5000 -2.095429e-04     0 7.265607e-03 6.470347e+01 1.188146e+02 8.627825e-02 -1.327641e-04 
4.648000e+02 -1.252662e-02 8.810356e-02 -1.757695e+00 7.264784e+03 1.068600e+04 2.864530e+02  1000  5000 -2.005940e-04     0 7.454723e-03 6.448662e+01 1.188697e+02 8.611852e-02 -1.322054e-04 
4.649000e+02 -1.252019e-02 8.753457e-02 -1.757837e+00 7.262578e+03 1.067432e+04 2.864742e+02  1000  5000 -1.878351e-04     0 7.642475e-03 6.427007e+01 1.189246e+02 8.595990e-02 -1.314458e-04 
  465 -1.251550e-02 8.696705e-02 -1.757978e+00 7.260369e+03 1.066263e+04 2.864906e+02  1000  5000 -1.739094e-04     0 7.828871e-03 6.405384e+01 1.189792e+02 8.580239e-02 -1.313556e-04 
4.651000e+02 -1.251182e-02 8.640101e-02 -1.758118e+00 7.258158e+03 1.065094e+04 2.865021e+02  1000  5000 -2.026644e-04     0 8.013921e-03 6.383795e+01 1.190335e+02 8.564598e-02 -1.321291e-04 
4.652000e+02 -1.250629e-02 8.583646e-02 -1.758259e+00 7.255943e+03 1.063924e+04 2.865087e+02  1000  5000 -2.042171e-04     0 8.197630e-03 6.362240e+01 1.190877e+02 8.549066e-02 -1.323642e-04 
4.653000e+02 -1.249972e-02 8.527344e-02 -1.758399e+00 7.253726e+03 1.062754e+04 2.865104e+02  1000  5000 -1.955221e-04     0 8.380006e-03 6.340720e+01 1.191415e+02 8.533643e-02 -1.317884e-04 
4.654000e+02 -1.249373e-02 8.471195e-02 -1.758540e+00 7.251507e+03 1.061583e+04 2.865073e+02  1000  5000 -1.830827e-04     0 8.561062e-03 6.319237e+01 1.191951e+02 8.518327e-02 -1.310131e-04 
4.655000e+02 -1.248944e-02 8.415203e-02 -1.758679e+00 7.249285e+03 1.060411e+04 2.864993e+02  1000  5000 -1.694938e-04     0 8.740805e-03 6.297792e+01 1.192485e+02 8.503119e-02 -1.308962e-04 
4.656000e+02 -1.248611e-02 8.359369e-02 -1.758818e+00 7.247060e+03 1.059240e+04 2.864865e+02  1000  5000 -1.978693e-04     0 8.919244e-03 6.276386e+01 1.193016e+02 8.488017e-02 -1.316292e-04 
4.657000e+02 -1.248096e-02 8.303694e-02 -1.758957e+00 7.244832e+03 1.058067e+04 2.864688e+02  1000  5000 -1.994923e-04     0 9.096385e-03 6.255021e+01 1.193544e+02 8.473021e-02 -1.318298e-04 
4.658000e+02 -1.247477e-02 8.248182e-02 -1.759096e+00 7.242602e+03 1.056895e+04 2.864462e+02  1000  5000 -1.910360e-04     0 9.272236e-03 6.233697e+01 1.194070e+02 8.458130e-02 -1.312295e-04 
4.659000e+02 -1.246914e-02 8.192833e-02 -1.759235e+00 7.240369e+03 1.055721e+04 2.864188e+02  1000  5000 -1.788949e-04     0 9.446808e-03 6.212416e+01 1.194594e+02 8.443344e-02 -1.304312e-04 
  466 -1.246515e-02 8.137650e-02 -1.759373e+00 7.238134e+03 1.054547e+04 2.863865e+02  1000  5000 -1.656200e-04     0 9.620109e-03 6.191178e+01 1.195115e+02 8.428661e-02 -1.302815e-04 
4.661000e+02 -1.246210e-02 8.082635e-02 -1.759510e+00 7.235896e+03 1.053373e+04 2.863494e+02  1000  5000 -1.936445e-04     0 9.792148e-03 6.169986e+01 1.195634e+02 8.414081e-02 -1.309695e-04 
4.662000e+02 -1.245724e-02 8.027790e-02 -1.759647e+00 7.233655e+03 1.052199e+04 2.863074e+02  1000  5000 -1.953334e-04     0 9.962929e-03 6.148840e+01 1.196151e+02 8.399603e-02 -1.311312e-04 
4.663000e+02 -1.245135e-02 7.973117e-02 -1.759785e+00 7.231412e+03 1.051023e+04 2.862605e+02  1000  5000 -1.870988e-04     0 1.013246e-02 6.127741e+01 1.196665e+02 8.385228e-02 -1.305013e-04 
4.664000e+02 -1.244599e-02 7.918617e-02 -1.759922e+00 7.229166e+03 1.049848e+04 2.862089e+02  1000  5000 -1.752347e-04     0 1.030075e-02 6.106692e+01 1.197176e+02 8.370953e-02 -1.296755e-04 
4.665000e+02 -1.244224e-02 7.864293e-02 -1.760059e+00 7.226918e+03 1.048672e+04 2.861524e+02  1000  5000 -1.622508e-04     0 1.046782e-02 6.085691e+01 1.197686e+02 8.356779e-02 -1.294896e-04 
4.666000e+02 -1.243938e-02 7.810147e-02 -1.760195e+00 7.224667e+03 1.047495e+04 2.860910e+02  1000  5000 -1.899409e-04     0 1.063366e-02 6.064742e+01 1.198193e+02 8.342704e-02 -1.301304e-04 
4.667000e+02 -1.243472e-02 7.756180e-02 -1.760331e+00 7.222414e+03 1.046318e+04 2.860249e+02  1000  5000 -1.916874e-04     0 1.079828e-02 6.043845e+01 1.198697e+02 8.328728e-02 -1.302511e-04 
4.668000e+02 -1.242905e-02 7.702395e-02 -1.760467e+00 7.220158e+03 1.045140e+04 2.859539e+02  1000  5000 -1.836569e-04     0 1.096169e-02 6.023001e+01 1.199199e+02 8.314851e-02 -1.295896e-04 
4.669000e+02 -1.242389e-02 7.648793e-02 -1.760603e+00 7.217899e+03 1.043962e+04 2.858781e+02  1000  5000 -1.720487e-04     0 1.112390e-02 6.002211e+01 1.199699e+02 8.301072e-02 -1.287344e-04 
  467 -1.242028e-02 7.595377e-02 -1.760739e+00 7.215638e+03 1.042784e+04 2.857975e+02  1000  5000 -1.593341e-04     0 1.128492e-02 5.981477e+01 1.200197e+02 8.287390e-02 -1.285112e-04 
4.671000e+02 -1.241754e-02 7.542148e-02 -1.760874e+00 7.213374e+03 1.041605e+04 2.857121e+02  1000  5000 -1.866956e-04     0 1.144476e-02 5.960799e+01 1.200692e+02 8.273805e-02 -1.291047e-04 
4.672000e+02 -1.241302e-02 7.489108e-02 -1.761008e+00 7.211108e+03 1.040426e+04 2.856220e+02  1000  5000 -1.884882e-04     0 1.160342e-02 5.940180e+01 1.201185e+02 8.260315e-02 -1.291847e-04 
4.673000e+02 -1.240749e-02 7.436260e-02 -1.761143e+00 7.208839e+03 1.039246e+04 2.855270e+02  1000  5000 -1.806441e-04     0 1.176090e-02 5.919619e+01 1.201675e+02 8.246921e-02 -1.284918e-04 
4.674000e+02 -1.240245e-02 7.383604e-02 -1.761278e+00 7.206568e+03 1.038066e+04 2.854273e+02  1000  5000 -1.692722e-04     0 1.191723e-02 5.899118e+01 1.202164e+02 8.233622e-02 -1.276076e-04 
4.675000e+02 -1.239892e-02 7.331144e-02 -1.761412e+00 7.204294e+03 1.036885e+04 2.853228e+02  1000  5000 -1.568066e-04     0 1.207240e-02 5.878679e+01 1.202650e+02 8.220416e-02 -1.273484e-04 
4.676000e+02 -1.239624e-02 7.278881e-02 -1.761545e+00 7.202018e+03 1.035704e+04 2.852135e+02  1000  5000 -1.838359e-04     0 1.222642e-02 5.858302e+01 1.203133e+02 8.207304e-02 -1.278964e-04 
4.677000e+02 -1.239179e-02 7.226817e-02 -1.761678e+00 7.199739e+03 1.034523e+04 2.850995e+02  1000  5000 -1.856612e-04     0 1.237930e-02 5.837988e+01 1.203615e+02 8.194285e-02 -1.279377e-04 
4.678000e+02 -1.238634e-02 7.174953e-02 -1.761812e+00 7.197458e+03 1.033341e+04 2.849807e+02  1000  5000 -1.779866e-04     0 1.253105e-02 5.817738e+01 1.204094e+02 8.181359e-02 -1.272158e-04 
4.679000e+02 -1.238136e-02 7.123291e-02 -1.761945e+00 7.195174e+03 1.032158e+04 2.848572e+02  1000  5000 -1.668330e-04     0 1.268167e-02 5.797555e+01 1.204571e+02 8.168524e-02 -1.263053e-04 
  468 -1.237786e-02 7.071835e-02 -1.762078e+00 7.192888e+03 1.030975e+04 2.847290e+02  1000  5000 -1.545986e-04     0 1.283117e-02 5.777437e+01 1.205046e+02 8.155780e-02 -1.260128e-04 
4.681000e+02 -1.237517e-02 7.020585e-02 -1.762210e+00 7.190599e+03 1.029792e+04 2.845961e+02  1000  5000 -1.812845e-04     0 1.297956e-02 5.757388e+01 1.205519e+02 8.143126e-02 -1.265188e-04 
4.682000e+02 -1.237074e-02 6.969543e-02 -1.762342e+00 7.188308e+03 1.028608e+04 2.844585e+02  1000  5000 -1.831279e-04     0 1.312685e-02 5.737408e+01 1.205989e+02 8.130563e-02 -1.265252e-04 
4.683000e+02 -1.236532e-02 6.918711e-02 -1.762474e+00 7.186014e+03 1.027424e+04 2.843162e+02  1000  5000 -1.756071e-04     0 1.327303e-02 5.717497e+01 1.206457e+02 8.118089e-02 -1.257782e-04 
4.684000e+02 -1.236035e-02 6.868091e-02 -1.762606e+00 7.183718e+03 1.026240e+04 2.841692e+02  1000  5000 -1.646560e-04     0 1.341813e-02 5.697658e+01 1.206923e+02 8.105704e-02 -1.248457e-04 
4.685000e+02 -1.235683e-02 6.817685e-02 -1.762738e+00 7.181420e+03 1.025055e+04 2.840176e+02  1000  5000 -1.526374e-04     0 1.356215e-02 5.677891e+01 1.207387e+02 8.093407e-02 -1.245244e-04 
4.686000e+02 -1.235410e-02 6.767495e-02 -1.762869e+00 7.179119e+03 1.023869e+04 2.838613e+02  1000  5000 -1.789632e-04     0 1.370508e-02 5.658197e+01 1.207849e+02 8.081197e-02 -1.249929e-04 
4.687000e+02 -1.234965e-02 6.717522e-02 -1.762999e+00 7.176815e+03 1.022683e+04 2.837004e+02  1000  5000 -1.808096e-04     0 1.384695e-02 5.638577e+01 1.208308e+02 8.069075e-02 -1.249693e-04 
4.688000e+02 -1.234422e-02 6.667768e-02 -1.763130e+00 7.174510e+03 1.021497e+04 2.835348e+02  1000  5000 -1.734288e-04     0 1.398776e-02 5.619032e+01 1.208765e+02 8.057039e-02 -1.242026e-04 
4.689000e+02 -1.233923e-02 6.618235e-02 -1.763261e+00 7.172201e+03 1.020311e+04 2.833646e+02  1000  5000 -1.626672e-04     0 1.412750e-02 5.599564e+01 1.209221e+02 8.045089e-02 -1.232535e-04 
  469 -1.233565e-02 6.568925e-02 -1.763391e+00 7.169891e+03 1.019124e+04 2.831899e+02  1000  5000 -1.508519e-04     0 1.426620e-02 5.580173e+01 1.209674e+02 8.033225e-02 -1.229090e-04 
4.691000e+02 -1.233284e-02 6.519841e-02 -1.763520e+00 7.167578e+03 1.017936e+04 2.830105e+02  1000  5000 -1.767970e-04     0 1.440386e-02 5.560861e+01 1.210125e+02 8.021446e-02 -1.233453e-04 
4.692000e+02 -1.232835e-02 6.470982e-02 -1.763650e+00 7.165262e+03 1.016748e+04 2.828266e+02  1000  5000 -1.786320e-04     0 1.454048e-02 5.541628e+01 1.210574e+02 8.009750e-02 -1.232974e-04 
4.693000e+02 -1.232288e-02 6.422352e-02 -1.763779e+00 7.162944e+03 1.015560e+04 2.826381e+02  1000  5000 -1.713794e-04     0 1.467607e-02 5.522475e+01 1.211020e+02 7.998139e-02 -1.225171e-04 
4.694000e+02 -1.231785e-02 6.373952e-02 -1.763909e+00 7.160624e+03 1.014371e+04 2.824450e+02  1000  5000 -1.607968e-04     0 1.481064e-02 5.503404e+01 1.211465e+02 7.986611e-02 -1.215577e-04 
4.695000e+02 -1.231420e-02 6.325784e-02 -1.764038e+00 7.158301e+03 1.013182e+04 2.822475e+02  1000  5000 -1.491751e-04     0 1.494419e-02 5.484416e+01 1.211907e+02 7.975166e-02 -1.211960e-04 
4.696000e+02 -1.231129e-02 6.277849e-02 -1.764165e+00 7.155976e+03 1.011993e+04 2.820454e+02  1000  5000 -1.747171e-04     0 1.507673e-02 5.465511e+01 1.212348e+02 7.963802e-02 -1.216061e-04 
4.697000e+02 -1.230673e-02 6.230150e-02 -1.764293e+00 7.153649e+03 1.010803e+04 2.818388e+02  1000  5000 -1.765273e-04     0 1.520827e-02 5.446690e+01 1.212786e+02 7.952521e-02 -1.215401e-04 
4.698000e+02 -1.230122e-02 6.182687e-02 -1.764421e+00 7.151319e+03 1.009613e+04 2.816277e+02  1000  5000 -1.693933e-04     0 1.533881e-02 5.427955e+01 1.213223e+02 7.941321e-02 -1.207527e-04 
4.699000e+02 -1.229614e-02 6.135463e-02 -1.764550e+00 7.148987e+03 1.008422e+04 2.814122e+02  1000  5000 -1.589820e-04     0 1.546837e-02 5.409307e+01 1.213657e+02 7.930201e-02 -1.197897e-04 
  470 -1.229240e-02 6.088480e-02 -1.764677e+00 7.146653e+03 1.007231e+04 2.811922e+02  1000  5000 -1.475470e-04     0 1.559693e-02 5.390746e+01 1.214089e+02 7.919161e-02 -1.194172e-04 
4.701000e+02 -1.228939e-02 6.041739e-02 -1.764804e+00 7.144316e+03 1.006040e+04 2.809678e+02  1000  5000 -1.726632e-04     0 1.572453e-02 5.372273e+01 1.214520e+02 7.908201e-02 -1.198070e-04 
4.702000e+02 -1.228476e-02 5.995242e-02 -1.764930e+00 7.141977e+03 1.004848e+04 2.807390e+02  1000  5000 -1.744369e-04     0 1.585115e-02 5.353890e+01 1.214948e+02 7.897320e-02 -1.197290e-04 
4.703000e+02 -1.227921e-02 5.948990e-02 -1.765057e+00 7.139636e+03 1.003656e+04 2.805058e+02  1000  5000 -1.674143e-04     0 1.597680e-02 5.335598e+01 1.215374e+02 7.886518e-02 -1.189412e-04 
4.704000e+02 -1.227407e-02 5.902986e-02 -1.765183e+00 7.137292e+03 1.002463e+04 2.802682e+02  1000  5000 -1.571690e-04     0 1.610149e-02 5.317396e+01 1.215798e+02 7.875794e-02 -1.179813e-04 
4.705000e+02 -1.227025e-02 5.857230e-02 -1.765309e+00 7.134946e+03 1.001270e+04 2.800262e+02  1000  5000 -1.459163e-04     0 1.622524e-02 5.299287e+01 1.216221e+02 7.865147e-02 -1.176043e-04 
4.706000e+02 -1.226715e-02 5.811725e-02 -1.765434e+00 7.132597e+03 1.000077e+04 2.797799e+02  1000  5000 -1.705854e-04     0 1.634803e-02 5.281271e+01 1.216641e+02 7.854577e-02 -1.179796e-04 
4.707000e+02 -1.226245e-02 5.766472e-02 -1.765559e+00 7.130247e+03 9.988834e+03 2.795293e+02  1000  5000 -1.723128e-04     0 1.646989e-02 5.263350e+01 1.217059e+02 7.844084e-02 -1.178957e-04 
4.708000e+02 -1.225686e-02 5.721473e-02 -1.765685e+00 7.127894e+03 9.976893e+03 2.792743e+02  1000  5000 -1.653966e-04     0 1.659081e-02 5.245523e+01 1.217475e+02 7.833667e-02 -1.171138e-04 
4.709000e+02 -1.225168e-02 5.676728e-02 -1.765810e+00 7.125538e+03 9.964949e+03 2.790151e+02  1000  5000 -1.553142e-04     0 1.671080e-02 5.227793e+01 1.217890e+02 7.823326e-02 -1.161634e-04 
  471 -1.224779e-02 5.632241e-02 -1.765934e+00 7.123181e+03 9.953001e+03 2.787516e+02  1000  5000 -1.442417e-04     0 1.682988e-02 5.210159e+01 1.218302e+02 7.813059e-02 -1.157877e-04 
4.711000e+02 -1.224460e-02 5.588013e-02 -1.766058e+00 7.120821e+03 9.941050e+03 2.784839e+02  1000  5000 -1.684448e-04     0 1.694803e-02 5.192623e+01 1.218713e+02 7.802867e-02 -1.161538e-04 
4.712000e+02 -1.223986e-02 5.544045e-02 -1.766182e+00 7.118459e+03 9.929095e+03 2.782119e+02  1000  5000 -1.701184e-04     0 1.706528e-02 5.175186e+01 1.219121e+02 7.792750e-02 -1.160695e-04 
4.713000e+02 -1.223424e-02 5.500338e-02 -1.766305e+00 7.116095e+03 9.917136e+03 2.779357e+02  1000  5000 -1.633056e-04     0 1.718162e-02 5.157849e+01 1.219528e+02 7.782706e-02 -1.152994e-04 
4.714000e+02 -1.222903e-02 5.456894e-02 -1.766429e+00 7.113728e+03 9.905174e+03 2.776554e+02  1000  5000 -1.533850e-04     0 1.729706e-02 5.140612e+01 1.219932e+02 7.772735e-02 -1.143642e-04 
4.715000e+02 -1.222509e-02 5.413715e-02 -1.766552e+00 7.111359e+03 9.893208e+03 2.773708e+02  1000  5000 -1.424923e-04     0 1.741161e-02 5.123477e+01 1.220335e+02 7.762837e-02 -1.139953e-04 
4.716000e+02 -1.222183e-02 5.370803e-02 -1.766674e+00 7.108988e+03 9.881239e+03 2.770822e+02  1000  5000 -1.662138e-04     0 1.752528e-02 5.106444e+01 1.220736e+02 7.753011e-02 -1.143570e-04 
4.717000e+02 -1.221707e-02 5.328158e-02 -1.766796e+00 7.106615e+03 9.869266e+03 2.767894e+02  1000  5000 -1.678283e-04     0 1.763806e-02 5.089513e+01 1.221135e+02 7.743257e-02 -1.142772e-04 
4.718000e+02 -1.221145e-02 5.285783e-02 -1.766918e+00 7.104239e+03 9.857290e+03 2.764925e+02  1000  5000 -1.611177e-04     0 1.774997e-02 5.072687e+01 1.221532e+02 7.733574e-02 -1.135239e-04 
4.719000e+02 -1.220624e-02 5.243678e-02 -1.767041e+00 7.101861e+03 9.845310e+03 2.761915e+02  1000  5000 -1.513593e-04     0 1.786101e-02 5.055966e+01 1.221927e+02 7.723963e-02 -1.126090e-04 
  472 -1.220226e-02 5.201845e-02 -1.767162e+00 7.099481e+03 9.833326e+03 2.758865e+02  1000  5000 -1.406475e-04     0 1.797119e-02 5.039351e+01 1.222321e+02 7.714421e-02 -1.122515e-04 
4.721000e+02 -1.219896e-02 5.160287e-02 -1.767283e+00 7.097099e+03 9.821340e+03 2.755774e+02  1000  5000 -1.638759e-04     0 1.808050e-02 5.022842e+01 1.222712e+02 7.704949e-02 -1.126129e-04 
4.722000e+02 -1.219420e-02 5.119003e-02 -1.767403e+00 7.094715e+03 9.809349e+03 2.752644e+02  1000  5000 -1.654282e-04     0 1.818897e-02 5.006440e+01 1.223102e+02 7.695547e-02 -1.125416e-04 
4.723000e+02 -1.218861e-02 5.077996e-02 -1.767524e+00 7.092328e+03 9.797356e+03 2.749473e+02  1000  5000 -1.588200e-04     0 1.829659e-02 4.990146e+01 1.223490e+02 7.686214e-02 -1.118094e-04 
4.724000e+02 -1.218342e-02 5.037266e-02 -1.767645e+00 7.089939e+03 9.785359e+03 2.746263e+02  1000  5000 -1.492254e-04     0 1.840337e-02 4.973962e+01 1.223876e+02 7.676950e-02 -1.109191e-04 
4.725000e+02 -1.217944e-02 4.996816e-02 -1.767765e+00 7.087548e+03 9.773358e+03 2.743014e+02  1000  5000 -1.386965e-04     0 1.850931e-02 4.957887e+01 1.224260e+02 7.667753e-02 -1.105767e-04 
4.726000e+02 -1.217612e-02 4.956647e-02 -1.767884e+00 7.085155e+03 9.761354e+03 2.739725e+02  1000  5000 -1.614246e-04     0 1.861443e-02 4.941923e+01 1.224643e+02 7.658624e-02 -1.109411e-04 
4.727000e+02 -1.217138e-02 4.916760e-02 -1.768003e+00 7.082760e+03 9.749347e+03 2.736397e+02  1000  5000 -1.629138e-04     0 1.871872e-02 4.926070e+01 1.225023e+02 7.649563e-02 -1.108816e-04 
4.728000e+02 -1.216586e-02 4.877157e-02 -1.768122e+00 7.080362e+03 9.737336e+03 2.733031e+02  1000  5000 -1.564093e-04     0 1.882219e-02 4.910329e+01 1.225402e+02 7.640568e-02 -1.101738e-04 
4.729000e+02 -1.216072e-02 4.837838e-02 -1.768241e+00 7.077963e+03 9.725323e+03 2.729627e+02  1000  5000 -1.469808e-04     0 1.892485e-02 4.894701e+01 1.225779e+02 7.631640e-02 -1.093112e-04 
  473 -1.215676e-02 4.798805e-02 -1.768360e+00 7.075561e+03 9.713305e+03 2.726184e+02  1000  5000 -1.366374e-04     0 1.902670e-02 4.879187e+01 1.226154e+02 7.622777e-02 -1.089868e-04 
4.731000e+02 -1.215345e-02 4.760060e-02 -1.768477e+00 7.073157e+03 9.701285e+03 2.722703e+02  1000  5000 -1.588627e-04     0 1.912775e-02 4.863787e+01 1.226527e+02 7.613980e-02 -1.093567e-04 
4.732000e+02 -1.214877e-02 4.721603e-02 -1.768595e+00 7.070751e+03 9.689261e+03 2.719185e+02  1000  5000 -1.602896e-04     0 1.922800e-02 4.848502e+01 1.226899e+02 7.605248e-02 -1.093113e-04 
4.733000e+02 -1.214332e-02 4.683437e-02 -1.768713e+00 7.068343e+03 9.677234e+03 2.715629e+02  1000  5000 -1.538910e-04     0 1.932746e-02 4.833334e+01 1.227269e+02 7.596581e-02 -1.086303e-04 
4.734000e+02 -1.213827e-02 4.645561e-02 -1.768830e+00 7.065932e+03 9.665204e+03 2.712036e+02  1000  5000 -1.446312e-04     0 1.942614e-02 4.818282e+01 1.227637e+02 7.587977e-02 -1.077976e-04 
4.735000e+02 -1.213436e-02 4.607979e-02 -1.768947e+00 7.063520e+03 9.653171e+03 2.708407e+02  1000  5000 -1.344762e-04     0 1.952403e-02 4.803347e+01 1.228004e+02 7.579438e-02 -1.074933e-04 
4.736000e+02 -1.213109e-02 4.570690e-02 -1.769063e+00 7.061105e+03 9.641134e+03 2.704740e+02  1000  5000 -1.562004e-04     0 1.962115e-02 4.788530e+01 1.228368e+02 7.570962e-02 -1.078703e-04 
4.737000e+02 -1.212649e-02 4.533696e-02 -1.769179e+00 7.058689e+03 9.629094e+03 2.701038e+02  1000  5000 -1.575675e-04     0 1.971750e-02 4.773832e+01 1.228731e+02 7.562549e-02 -1.078406e-04 
4.738000e+02 -1.212116e-02 4.496998e-02 -1.769295e+00 7.056270e+03 9.617051e+03 2.697299e+02  1000  5000 -1.512776e-04     0 1.981308e-02 4.759253e+01 1.229092e+02 7.554198e-02 -1.071877e-04 
4.739000e+02 -1.211621e-02 4.460597e-02 -1.769411e+00 7.053849e+03 9.605005e+03 2.693525e+02  1000  5000 -1.421891e-04     0 1.990791e-02 4.744795e+01 1.229452e+02 7.545909e-02 -1.063863e-04 
  474 -1.211238e-02 4.424495e-02 -1.769527e+00 7.051426e+03 9.592956e+03 2.689715e+02  1000  5000 -1.322253e-04     0 2.000198e-02 4.730457e+01 1.229810e+02 7.537682e-02 -1.061032e-04 
4.741000e+02 -1.210918e-02 4.388693e-02 -1.769642e+00 7.049001e+03 9.580904e+03 2.685870e+02  1000  5000 -1.534544e-04     0 2.009530e-02 4.716241e+01 1.230166e+02 7.529517e-02 -1.064882e-04 
4.742000e+02 -1.210469e-02 4.353192e-02 -1.769756e+00 7.046574e+03 9.568848e+03 2.681989e+02  1000  5000 -1.547655e-04     0 2.018788e-02 4.702147e+01 1.230520e+02 7.521412e-02 -1.064748e-04 
4.743000e+02 -1.209949e-02 4.317992e-02 -1.769871e+00 7.044144e+03 9.556790e+03 2.678075e+02  1000  5000 -1.485871e-04     0 2.027972e-02 4.688176e+01 1.230873e+02 7.513367e-02 -1.058506e-04 
4.744000e+02 -1.209467e-02 4.283095e-02 -1.769985e+00 7.041713e+03 9.544728e+03 2.674125e+02  1000  5000 -1.396726e-04     0 2.037082e-02 4.674328e+01 1.231224e+02 7.505383e-02 -1.050808e-04 
4.745000e+02 -1.209095e-02 4.248503e-02 -1.770099e+00 7.039280e+03 9.532664e+03 2.670142e+02  1000  5000 -1.299020e-04     0 2.046120e-02 4.660605e+01 1.231573e+02 7.497458e-02 -1.048191e-04 
4.746000e+02 -1.208783e-02 4.214216e-02 -1.770213e+00 7.036844e+03 9.520596e+03 2.666125e+02  1000  5000 -1.506459e-04     0 2.055086e-02 4.647006e+01 1.231921e+02 7.489593e-02 -1.052124e-04 
4.747000e+02 -1.208347e-02 4.180235e-02 -1.770326e+00 7.034407e+03 9.508526e+03 2.662074e+02  1000  5000 -1.519060e-04     0 2.063979e-02 4.633532e+01 1.232267e+02 7.481786e-02 -1.052152e-04 
4.748000e+02 -1.207843e-02 4.146561e-02 -1.770439e+00 7.031968e+03 9.496452e+03 2.657990e+02  1000  5000 -1.458420e-04     0 2.072801e-02 4.620185e+01 1.232612e+02 7.474038e-02 -1.046194e-04 
4.749000e+02 -1.207376e-02 4.113195e-02 -1.770552e+00 7.029526e+03 9.484375e+03 2.653874e+02  1000  5000 -1.371033e-04     0 2.081553e-02 4.606963e+01 1.232955e+02 7.466347e-02 -1.038808e-04 
  475 -1.207016e-02 4.080139e-02 -1.770665e+00 7.027082e+03 9.472296e+03 2.649724e+02  1000  5000 -1.275279e-04     0 2.090234e-02 4.593869e+01 1.233296e+02 7.458714e-02 -1.036401e-04 
4.751000e+02 -1.206716e-02 4.047394e-02 -1.770776e+00 7.024637e+03 9.460213e+03 2.645542e+02  1000  5000 -1.477996e-04     0 2.098845e-02 4.580903e+01 1.233635e+02 7.451139e-02 -1.040411e-04 
4.752000e+02 -1.206295e-02 4.014959e-02 -1.770888e+00 7.022189e+03 9.448128e+03 2.641329e+02  1000  5000 -1.490142e-04     0 2.107387e-02 4.568065e+01 1.233973e+02 7.443620e-02 -1.040595e-04 
4.753000e+02 -1.205808e-02 3.982837e-02 -1.771000e+00 7.019740e+03 9.436039e+03 2.637083e+02  1000  5000 -1.430673e-04     0 2.115860e-02 4.555356e+01 1.234309e+02 7.436158e-02 -1.034910e-04 
4.754000e+02 -1.205358e-02 3.951027e-02 -1.771112e+00 7.017288e+03 9.423948e+03 2.632806e+02  1000  5000 -1.345059e-04     0 2.124265e-02 4.542776e+01 1.234644e+02 7.428752e-02 -1.027825e-04 
4.755000e+02 -1.205013e-02 3.919532e-02 -1.771223e+00 7.014835e+03 9.411854e+03 2.628498e+02  1000  5000 -1.251264e-04     0 2.132602e-02 4.530326e+01 1.234977e+02 7.421401e-02 -1.025616e-04 
4.756000e+02 -1.204725e-02 3.888352e-02 -1.771333e+00 7.012379e+03 9.399757e+03 2.624159e+02  1000  5000 -1.449418e-04     0 2.140872e-02 4.518007e+01 1.235309e+02 7.414106e-02 -1.029694e-04 
4.757000e+02 -1.204320e-02 3.857488e-02 -1.771443e+00 7.009921e+03 9.387657e+03 2.619790e+02  1000  5000 -1.461171e-04     0 2.149075e-02 4.505818e+01 1.235639e+02 7.406865e-02 -1.030021e-04 
4.758000e+02 -1.203852e-02 3.826940e-02 -1.771554e+00 7.007462e+03 9.375554e+03 2.615390e+02  1000  5000 -1.402894e-04     0 2.157211e-02 4.493761e+01 1.235967e+02 7.399680e-02 -1.024593e-04 
4.759000e+02 -1.203420e-02 3.796710e-02 -1.771664e+00 7.005000e+03 9.363448e+03 2.610961e+02  1000  5000 -1.319060e-04     0 2.165282e-02 4.481837e+01 1.236294e+02 7.392548e-02 -1.017790e-04 
  476 -1.203090e-02 3.766798e-02 -1.771774e+00 7.002537e+03 9.351340e+03 2.606502e+02  1000  5000 -1.227226e-04     0 2.173287e-02 4.470044e+01 1.236619e+02 7.385470e-02 -1.015763e-04 
4.761000e+02 -1.202816e-02 3.737205e-02 -1.771883e+00 7.000071e+03 9.339228e+03 2.602014e+02  1000  5000 -1.420995e-04     0 2.181227e-02 4.458385e+01 1.236943e+02 7.378445e-02 -1.019894e-04 
4.762000e+02 -1.202429e-02 3.707933e-02 -1.771992e+00 6.997604e+03 9.327114e+03 2.597497e+02  1000  5000 -1.432417e-04     0 2.189103e-02 4.446859e+01 1.237265e+02 7.371473e-02 -1.020346e-04 
4.763000e+02 -1.201981e-02 3.678981e-02 -1.772101e+00 6.995135e+03 9.314998e+03 2.592951e+02  1000  5000 -1.375349e-04     0 2.196915e-02 4.435467e+01 1.237586e+02 7.364554e-02 -1.015153e-04 
4.764000e+02 -1.201568e-02 3.650350e-02 -1.772210e+00 6.992663e+03 9.302878e+03 2.588377e+02  1000  5000 -1.293293e-04     0 2.204663e-02 4.424210e+01 1.237905e+02 7.357687e-02 -1.008610e-04 
4.765000e+02 -1.201253e-02 3.622042e-02 -1.772319e+00 6.990190e+03 9.290756e+03 2.583775e+02  1000  5000 -1.203412e-04     0 2.212348e-02 4.413088e+01 1.238222e+02 7.350872e-02 -1.006745e-04 
4.766000e+02 -1.200994e-02 3.594057e-02 -1.772427e+00 6.987715e+03 9.278630e+03 2.579146e+02  1000  5000 -1.392989e-04     0 2.219971e-02 4.402100e+01 1.238538e+02 7.344109e-02 -1.010912e-04 
4.767000e+02 -1.200625e-02 3.566395e-02 -1.772534e+00 6.985238e+03 9.266503e+03 2.574489e+02  1000  5000 -1.404142e-04     0 2.227532e-02 4.391249e+01 1.238853e+02 7.337397e-02 -1.011467e-04 
4.768000e+02 -1.200197e-02 3.539057e-02 -1.772642e+00 6.982759e+03 9.254372e+03 2.569805e+02  1000  5000 -1.348295e-04     0 2.235031e-02 4.380534e+01 1.239166e+02 7.330735e-02 -1.006484e-04 
4.769000e+02 -1.199803e-02 3.512045e-02 -1.772750e+00 6.980278e+03 9.242239e+03 2.565095e+02  1000  5000 -1.268008e-04     0 2.242469e-02 4.369955e+01 1.239477e+02 7.324124e-02 -1.000175e-04 
  477 -1.199505e-02 3.485358e-02 -1.772857e+00 6.977795e+03 9.230103e+03 2.560358e+02  1000  5000 -1.180063e-04     0 2.249846e-02 4.359514e+01 1.239787e+02 7.317563e-02 -9.984476e-05 
4.771000e+02 -1.199261e-02 3.458997e-02 -1.772964e+00 6.975310e+03 9.217965e+03 2.555596e+02  1000  5000 -1.365647e-04     0 2.257164e-02 4.349209e+01 1.240096e+02 7.311051e-02 -1.002629e-04 
4.772000e+02 -1.198910e-02 3.432964e-02 -1.773070e+00 6.972823e+03 9.205823e+03 2.550808e+02  1000  5000 -1.376590e-04     0 2.264421e-02 4.339043e+01 1.240403e+02 7.304589e-02 -1.003264e-04 
4.773000e+02 -1.198502e-02 3.407257e-02 -1.773177e+00 6.970335e+03 9.193679e+03 2.545994e+02  1000  5000 -1.321967e-04     0 2.271619e-02 4.329015e+01 1.240708e+02 7.298176e-02 -9.984648e-05 
4.774000e+02 -1.198127e-02 3.381878e-02 -1.773283e+00 6.967844e+03 9.181533e+03 2.541156e+02  1000  5000 -1.243431e-04     0 2.278758e-02 4.319125e+01 1.241012e+02 7.291811e-02 -9.923597e-05 
4.775000e+02 -1.197846e-02 3.356829e-02 -1.773390e+00 6.965352e+03 9.169384e+03 2.536293e+02  1000  5000 -1.157397e-04     0 2.285839e-02 4.309374e+01 1.241315e+02 7.285494e-02 -9.907446e-05 
4.776000e+02 -1.197617e-02 3.332108e-02 -1.773495e+00 6.962858e+03 9.157232e+03 2.531405e+02  1000  5000 -1.339190e-04     0 2.292862e-02 4.299763e+01 1.241616e+02 7.279226e-02 -9.949188e-05 
4.777000e+02 -1.197284e-02 3.307717e-02 -1.773600e+00 6.960362e+03 9.145078e+03 2.526494e+02  1000  5000 -1.349977e-04     0 2.299828e-02 4.290291e+01 1.241916e+02 7.273004e-02 -9.956099e-05 
4.778000e+02 -1.196895e-02 3.283655e-02 -1.773706e+00 6.957864e+03 9.132921e+03 2.521560e+02  1000  5000 -1.296574e-04     0 2.306736e-02 4.280959e+01 1.242214e+02 7.266831e-02 -9.909646e-05 
4.779000e+02 -1.196539e-02 3.259924e-02 -1.773811e+00 6.955364e+03 9.120762e+03 2.516602e+02  1000  5000 -1.219764e-04     0 2.313588e-02 4.271767e+01 1.242511e+02 7.260703e-02 -9.850343e-05 
  478 -1.196274e-02 3.236524e-02 -1.773916e+00 6.952862e+03 9.108600e+03 2.511621e+02  1000  5000 -1.135609e-04     0 2.320384e-02 4.262716e+01 1.242807e+02 7.254623e-02 -9.835050e-05 
4.781000e+02 -1.196060e-02 3.213456e-02 -1.774020e+00 6.950358e+03 9.096435e+03 2.506618e+02  1000  5000 -1.313805e-04     0 2.327125e-02 4.253806e+01 1.243101e+02 7.248588e-02 -9.876504e-05 
4.782000e+02 -1.195744e-02 3.190720e-02 -1.774125e+00 6.947853e+03 9.084268e+03 2.501592e+02  1000  5000 -1.324484e-04     0 2.333810e-02 4.245037e+01 1.243393e+02 7.242599e-02 -9.883725e-05 
4.783000e+02 -1.195375e-02 3.168315e-02 -1.774229e+00 6.945345e+03 9.072099e+03 2.496545e+02  1000  5000 -1.272293e-04     0 2.340440e-02 4.236409e+01 1.243684e+02 7.236656e-02 -9.838526e-05 
4.784000e+02 -1.195037e-02 3.146243e-02 -1.774333e+00 6.942836e+03 9.059927e+03 2.491476e+02  1000  5000 -1.197176e-04     0 2.347016e-02 4.227923e+01 1.243974e+02 7.230757e-02 -9.780676e-05 
4.785000e+02 -1.194787e-02 3.124504e-02 -1.774437e+00 6.940325e+03 9.047752e+03 2.486386e+02  1000  5000 -1.114859e-04     0 2.353538e-02 4.219579e+01 1.244262e+02 7.224903e-02 -9.765981e-05 
4.786000e+02 -1.194587e-02 3.103099e-02 -1.774541e+00 6.937812e+03 9.035575e+03 2.481276e+02  1000  5000 -1.289645e-04     0 2.360007e-02 4.211377e+01 1.244549e+02 7.219094e-02 -9.806934e-05 
4.787000e+02 -1.194288e-02 3.082027e-02 -1.774644e+00 6.935298e+03 9.023396e+03 2.476145e+02  1000  5000 -1.300255e-04     0 2.366423e-02 4.203318e+01 1.244835e+02 7.213329e-02 -9.814226e-05 
4.788000e+02 -1.193936e-02 3.061288e-02 -1.774747e+00 6.932781e+03 9.011214e+03 2.470994e+02  1000  5000 -1.249258e-04     0 2.372786e-02 4.195401e+01 1.245119e+02 7.207607e-02 -9.770007e-05 
4.789000e+02 -1.193615e-02 3.040884e-02 -1.774850e+00 6.930263e+03 8.999029e+03 2.465823e+02  1000  5000 -1.175797e-04     0 2.379097e-02 4.187627e+01 1.245402e+02 7.201929e-02 -9.713327e-05 
  479 -1.193380e-02 3.020815e-02 -1.774953e+00 6.927743e+03 8.986843e+03 2.460633e+02  1000  5000 -1.095273e-04     0 2.385357e-02 4.179997e+01 1.245684e+02 7.196294e-02 -9.698986e-05 
4.791000e+02 -1.193193e-02 3.001080e-02 -1.775055e+00 6.925221e+03 8.974653e+03 2.455424e+02  1000  5000 -1.266818e-04     0 2.391565e-02 4.172509e+01 1.245964e+02 7.190701e-02 -9.739239e-05 
4.792000e+02 -1.192909e-02 2.981679e-02 -1.775158e+00 6.922697e+03 8.962462e+03 2.450196e+02  1000  5000 -1.277391e-04     0 2.397722e-02 4.165165e+01 1.246242e+02 7.185151e-02 -9.746384e-05 
4.793000e+02 -1.192574e-02 2.962614e-02 -1.775260e+00 6.920172e+03 8.950268e+03 2.444951e+02  1000  5000 -1.227566e-04     0 2.403829e-02 4.157965e+01 1.246520e+02 7.179642e-02 -9.702891e-05 
4.794000e+02 -1.192269e-02 2.943884e-02 -1.775362e+00 6.917644e+03 8.938072e+03 2.439687e+02  1000  5000 -1.155718e-04     0 2.409886e-02 4.150909e+01 1.246796e+02 7.174176e-02 -9.647126e-05 
4.795000e+02 -1.192047e-02 2.925490e-02 -1.775464e+00 6.915115e+03 8.925873e+03 2.434406e+02  1000  5000 -1.076937e-04     0 2.415894e-02 4.143997e+01 1.247071e+02 7.168750e-02 -9.632917e-05 
4.796000e+02 -1.191872e-02 2.907431e-02 -1.775565e+00 6.912584e+03 8.913672e+03 2.429108e+02  1000  5000 -1.245394e-04     0 2.421853e-02 4.137229e+01 1.247344e+02 7.163366e-02 -9.672294e-05 
4.797000e+02 -1.191603e-02 2.889707e-02 -1.775667e+00 6.910051e+03 8.901468e+03 2.423792e+02  1000  5000 -1.255951e-04     0 2.427762e-02 4.130606e+01 1.247616e+02 7.158022e-02 -9.679099e-05 
4.798000e+02 -1.191283e-02 2.872320e-02 -1.775768e+00 6.907517e+03 8.889263e+03 2.418461e+02  1000  5000 -1.207270e-04     0 2.433624e-02 4.124127e+01 1.247887e+02 7.152719e-02 -9.636110e-05 
4.799000e+02 -1.190992e-02 2.855268e-02 -1.775869e+00 6.904981e+03 8.877055e+03 2.413113e+02  1000  5000 -1.136987e-04     0 2.439438e-02 4.117792e+01 1.248156e+02 7.147455e-02 -9.581035e-05 
  480 -1.190782e-02 2.838552e-02 -1.775970e+00 6.902443e+03 8.864844e+03 2.407750e+02  1000  5000 -1.059896e-04     0 2.445204e-02 4.111603e+01 1.248424e+02 7.142232e-02 -9.566768e-05 
4.801000e+02 -1.190618e-02 2.822172e-02 -1.776071e+00 6.899903e+03 8.852631e+03 2.402372e+02  1000  5000 -1.225396e-04     0 2.450923e-02 4.105558e+01 1.248691e+02 7.137047e-02 -9.605122e-05 
4.802000e+02 -1.190361e-02 2.806128e-02 -1.776171e+00 6.897361e+03 8.840416e+03 2.396978e+02  1000  5000 -1.235951e-04     0 2.456596e-02 4.099658e+01 1.248956e+02 7.131902e-02 -9.611427e-05 
4.803000e+02 -1.190055e-02 2.790419e-02 -1.776272e+00 6.894818e+03 8.828199e+03 2.391570e+02  1000  5000 -1.188381e-04     0 2.462223e-02 4.093903e+01 1.249221e+02 7.126795e-02 -9.568759e-05 
4.804000e+02 -1.189777e-02 2.775047e-02 -1.776372e+00 6.892273e+03 8.815980e+03 2.386148e+02  1000  5000 -1.119613e-04     0 2.467804e-02 4.088293e+01 1.249484e+02 7.121727e-02 -9.514188e-05 
4.805000e+02 -1.189579e-02 2.760010e-02 -1.776472e+00 6.889726e+03 8.803758e+03 2.380712e+02  1000  5000 -1.044157e-04     0 2.473340e-02 4.082829e+01 1.249745e+02 7.116697e-02 -9.499709e-05 
4.806000e+02 -1.189423e-02 2.745310e-02 -1.776571e+00 6.887177e+03 8.791534e+03 2.375263e+02  1000  5000 -1.206809e-04     0 2.478830e-02 4.077510e+01 1.250006e+02 7.111705e-02 -9.536927e-05 
4.807000e+02 -1.189178e-02 2.730945e-02 -1.776671e+00 6.884627e+03 8.779308e+03 2.369800e+02  1000  5000 -1.217365e-04     0 2.484277e-02 4.072336e+01 1.250265e+02 7.106749e-02 -9.542611e-05 
4.808000e+02 -1.188885e-02 2.716916e-02 -1.776771e+00 6.882075e+03 8.767079e+03 2.364325e+02  1000  5000 -1.170870e-04     0 2.489679e-02 4.067307e+01 1.250522e+02 7.101832e-02 -9.500120e-05 
4.809000e+02 -1.188618e-02 2.703222e-02 -1.776870e+00 6.879521e+03 8.754849e+03 2.358837e+02  1000  5000 -1.103568e-04     0 2.495038e-02 4.062424e+01 1.250779e+02 7.096950e-02 -9.445912e-05 
  481 -1.188429e-02 2.689863e-02 -1.776969e+00 6.876965e+03 8.742616e+03 2.353338e+02  1000  5000 -1.029692e-04     0 2.500353e-02 4.057686e+01 1.251034e+02 7.092106e-02 -9.431110e-05 
4.811000e+02 -1.188281e-02 2.676840e-02 -1.777068e+00 6.874408e+03 8.730381e+03 2.347827e+02  1000  5000 -1.189581e-04     0 2.505626e-02 4.053093e+01 1.251288e+02 7.087297e-02 -9.467116e-05 
4.812000e+02 -1.188046e-02 2.664152e-02 -1.777167e+00 6.871849e+03 8.718143e+03 2.342305e+02  1000  5000 -1.200134e-04     0 2.510856e-02 4.048646e+01 1.251541e+02 7.082524e-02 -9.472095e-05 
4.813000e+02 -1.187764e-02 2.651798e-02 -1.777265e+00 6.869288e+03 8.705904e+03 2.336771e+02  1000  5000 -1.154675e-04     0 2.516044e-02 4.044344e+01 1.251793e+02 7.077787e-02 -9.429687e-05 
4.814000e+02 -1.187507e-02 2.639779e-02 -1.777364e+00 6.866726e+03 8.693662e+03 2.331228e+02  1000  5000 -1.088787e-04     0 2.521190e-02 4.040188e+01 1.252043e+02 7.073085e-02 -9.375747e-05 
4.815000e+02 -1.187326e-02 2.628095e-02 -1.777462e+00 6.864162e+03 8.681419e+03 2.325674e+02  1000  5000 -1.016436e-04     0 2.526295e-02 4.036177e+01 1.252292e+02 7.068418e-02 -9.360550e-05 
4.816000e+02 -1.187186e-02 2.616745e-02 -1.777560e+00 6.861596e+03 8.669173e+03 2.320111e+02  1000  5000 -1.173625e-04     0 2.531360e-02 4.032311e+01 1.252540e+02 7.063785e-02 -9.395307e-05 
4.817000e+02 -1.186959e-02 2.605728e-02 -1.777658e+00 6.859028e+03 8.656925e+03 2.314538e+02  1000  5000 -1.184164e-04     0 2.536384e-02 4.028591e+01 1.252787e+02 7.059187e-02 -9.399541e-05 
4.818000e+02 -1.186686e-02 2.595045e-02 -1.777756e+00 6.856459e+03 8.644675e+03 2.308957e+02  1000  5000 -1.139702e-04     0 2.541368e-02 4.025016e+01 1.253032e+02 7.054622e-02 -9.357163e-05 
4.819000e+02 -1.186439e-02 2.584695e-02 -1.777854e+00 6.853888e+03 8.632422e+03 2.303367e+02  1000  5000 -1.075177e-04     0 2.546312e-02 4.021586e+01 1.253276e+02 7.050092e-02 -9.303443e-05 
  482 -1.186264e-02 2.574678e-02 -1.777951e+00 6.851315e+03 8.620168e+03 2.297768e+02  1000  5000 -1.004299e-04     0 2.551217e-02 4.018301e+01 1.253519e+02 7.045594e-02 -9.287827e-05 
4.821000e+02 -1.186129e-02 2.564994e-02 -1.778048e+00 6.848741e+03 8.607912e+03 2.292162e+02  1000  5000 -1.158829e-04     0 2.556083e-02 4.015161e+01 1.253761e+02 7.041130e-02 -9.321333e-05 
4.822000e+02 -1.185910e-02 2.555642e-02 -1.778145e+00 6.846165e+03 8.595653e+03 2.286549e+02  1000  5000 -1.169335e-04     0 2.560911e-02 4.012166e+01 1.254002e+02 7.036699e-02 -9.324822e-05 
4.823000e+02 -1.185645e-02 2.546621e-02 -1.778243e+00 6.843587e+03 8.583393e+03 2.280928e+02  1000  5000 -1.125830e-04     0 2.565701e-02 4.009315e+01 1.254241e+02 7.032299e-02 -9.282468e-05 
4.824000e+02 -1.185405e-02 2.537932e-02 -1.778340e+00 6.841008e+03 8.571130e+03 2.275301e+02  1000  5000 -1.062621e-04     0 2.570453e-02 4.006609e+01 1.254479e+02 7.027932e-02 -9.228965e-05 
4.825000e+02 -1.185237e-02 2.529574e-02 -1.778436e+00 6.838426e+03 8.558865e+03 2.269667e+02  1000  5000 -9.931664e-05     0 2.575168e-02 4.004048e+01 1.254717e+02 7.023597e-02 -9.212942e-05 
4.826000e+02 -1.185106e-02 2.521546e-02 -1.778533e+00 6.835844e+03 8.546599e+03 2.264028e+02  1000  5000 -1.145060e-04     0 2.579846e-02 4.001632e+01 1.254953e+02 7.019294e-02 -9.245233e-05 
4.827000e+02 -1.184893e-02 2.513848e-02 -1.778629e+00 6.833259e+03 8.534330e+03 2.258383e+02  1000  5000 -1.155511e-04     0 2.584487e-02 3.999359e+01 1.255187e+02 7.015021e-02 -9.248014e-05 
4.828000e+02 -1.184636e-02 2.506480e-02 -1.778725e+00 6.830673e+03 8.522059e+03 2.252732e+02  1000  5000 -1.112923e-04     0 2.589092e-02 3.997231e+01 1.255421e+02 7.010780e-02 -9.205719e-05 
4.829000e+02 -1.184403e-02 2.499440e-02 -1.778822e+00 6.828085e+03 8.509786e+03 2.247077e+02  1000  5000 -1.050985e-04     0 2.593662e-02 3.995246e+01 1.255653e+02 7.006569e-02 -9.152471e-05 
  483 -1.184239e-02 2.492729e-02 -1.778918e+00 6.825496e+03 8.497512e+03 2.241418e+02  1000  5000 -9.829070e-05     0 2.598196e-02 3.993406e+01 1.255885e+02 7.002388e-02 -9.136094e-05 
4.831000e+02 -1.184112e-02 2.486346e-02 -1.779013e+00 6.822905e+03 8.485235e+03 2.235755e+02  1000  5000 -1.132170e-04     0 2.602696e-02 3.991709e+01 1.256115e+02 6.998238e-02 -9.167237e-05 
4.832000e+02 -1.183905e-02 2.480291e-02 -1.779109e+00 6.820312e+03 8.472956e+03 2.230087e+02  1000  5000 -1.142541e-04     0 2.607160e-02 3.990155e+01 1.256344e+02 6.994117e-02 -9.169380e-05 
4.833000e+02 -1.183653e-02 2.474562e-02 -1.779204e+00 6.817718e+03 8.460675e+03 2.224417e+02  1000  5000 -1.100832e-04     0 2.611591e-02 3.988745e+01 1.256572e+02 6.990026e-02 -9.127215e-05 
4.834000e+02 -1.183426e-02 2.469159e-02 -1.779300e+00 6.815122e+03 8.448393e+03 2.218744e+02  1000  5000 -1.040124e-04     0 2.615987e-02 3.987478e+01 1.256798e+02 6.985964e-02 -9.074298e-05 
4.835000e+02 -1.183266e-02 2.464081e-02 -1.779395e+00 6.812524e+03 8.436108e+03 2.213068e+02  1000  5000 -9.733800e-05     0 2.620350e-02 3.986353e+01 1.257024e+02 6.981931e-02 -9.057650e-05 
4.836000e+02 -1.183142e-02 2.459329e-02 -1.779490e+00 6.809925e+03 8.423821e+03 2.207390e+02  1000  5000 -1.120007e-04     0 2.624681e-02 3.985371e+01 1.257248e+02 6.977926e-02 -9.087740e-05 
4.837000e+02 -1.182940e-02 2.454901e-02 -1.779584e+00 6.807324e+03 8.411533e+03 2.201710e+02  1000  5000 -1.130268e-04     0 2.628978e-02 3.984532e+01 1.257472e+02 6.973950e-02 -9.089345e-05 
4.838000e+02 -1.182694e-02 2.450796e-02 -1.779679e+00 6.804721e+03 8.399242e+03 2.196029e+02  1000  5000 -1.089404e-04     0 2.633243e-02 3.983834e+01 1.257694e+02 6.970001e-02 -9.047412e-05 
4.839000e+02 -1.182472e-02 2.447013e-02 -1.779774e+00 6.802117e+03 8.386950e+03 2.190347e+02  1000  5000 -1.029888e-04     0 2.637476e-02 3.983279e+01 1.257915e+02 6.966081e-02 -8.994931e-05 
  484 -1.182315e-02 2.443553e-02 -1.779869e+00 6.799511e+03 8.374656e+03 2.184665e+02  1000  5000 -9.644413e-05     0 2.641678e-02 3.982865e+01 1.258135e+02 6.962188e-02 -8.978122e-05 
4.841000e+02 -1.182194e-02 2.440415e-02 -1.779963e+00 6.796904e+03 8.362360e+03 2.178982e+02  1000  5000 -1.108415e-04     0 2.645848e-02 3.982592e+01 1.258354e+02 6.958322e-02 -9.007276e-05 
4.842000e+02 -1.181996e-02 2.437597e-02 -1.780057e+00 6.794295e+03 8.350061e+03 2.173299e+02  1000  5000 -1.118540e-04     0 2.649987e-02 3.982461e+01 1.258572e+02 6.954482e-02 -9.008462e-05 
4.843000e+02 -1.181755e-02 2.435099e-02 -1.780151e+00 6.791684e+03 8.337762e+03 2.167616e+02  1000  5000 -1.078489e-04     0 2.654096e-02 3.982470e+01 1.258789e+02 6.950670e-02 -8.966886e-05 
4.844000e+02 -1.181538e-02 2.432919e-02 -1.780245e+00 6.789072e+03 8.325460e+03 2.161935e+02  1000  5000 -1.020131e-04     0 2.658175e-02 3.982620e+01 1.259004e+02 6.946884e-02 -8.914969e-05 
4.845000e+02 -1.181384e-02 2.431058e-02 -1.780339e+00 6.786458e+03 8.313156e+03 2.156255e+02  1000  5000 -9.559493e-05     0 2.662224e-02 3.982909e+01 1.259219e+02 6.943124e-02 -8.898130e-05 
4.846000e+02 -1.181265e-02 2.429515e-02 -1.780432e+00 6.783842e+03 8.300850e+03 2.150576e+02  1000  5000 -1.097248e-04     0 2.666243e-02 3.983339e+01 1.259432e+02 6.939389e-02 -8.926480e-05 
4.847000e+02 -1.181071e-02 2.428287e-02 -1.780525e+00 6.781225e+03 8.288543e+03 2.144899e+02  1000  5000 -1.107210e-04     0 2.670234e-02 3.983908e+01 1.259645e+02 6.935680e-02 -8.927385e-05 
4.848000e+02 -1.180836e-02 2.427376e-02 -1.780618e+00 6.778606e+03 8.276234e+03 2.139225e+02  1000  5000 -1.067943e-04     0 2.674196e-02 3.984616e+01 1.259856e+02 6.931996e-02 -8.886307e-05 
4.849000e+02 -1.180622e-02 2.426779e-02 -1.780712e+00 6.775986e+03 8.263923e+03 2.133553e+02  1000  5000 -1.010716e-04     0 2.678129e-02 3.985464e+01 1.260066e+02 6.928337e-02 -8.835096e-05 
  485 -1.180472e-02 2.426496e-02 -1.780805e+00 6.773364e+03 8.251610e+03 2.127885e+02  1000  5000 -9.477709e-05     0 2.682035e-02 3.986449e+01 1.260276e+02 6.924703e-02 -8.818370e-05 
4.851000e+02 -1.180355e-02 2.426526e-02 -1.780897e+00 6.770741e+03 8.239295e+03 2.122220e+02  1000  5000 -1.086372e-04     0 2.685913e-02 3.987573e+01 1.260484e+02 6.921093e-02 -8.846056e-05 
4.852000e+02 -1.180164e-02 2.426868e-02 -1.780990e+00 6.768116e+03 8.226979e+03 2.116558e+02  1000  5000 -1.096146e-04     0 2.689763e-02 3.988835e+01 1.260691e+02 6.917508e-02 -8.846826e-05 
4.853000e+02 -1.179934e-02 2.427521e-02 -1.781082e+00 6.765489e+03 8.214660e+03 2.110901e+02  1000  5000 -1.057638e-04     0 2.693587e-02 3.990234e+01 1.260897e+02 6.913946e-02 -8.806394e-05 
4.854000e+02 -1.179725e-02 2.428484e-02 -1.781175e+00 6.762861e+03 8.202340e+03 2.105249e+02  1000  5000 -1.001518e-04     0 2.697384e-02 3.991770e+01 1.261102e+02 6.910407e-02 -8.756040e-05 
4.855000e+02 -1.179578e-02 2.429756e-02 -1.781267e+00 6.760231e+03 8.190018e+03 2.099601e+02  1000  5000 -9.397864e-05     0 2.701155e-02 3.993442e+01 1.261306e+02 6.906892e-02 -8.739573e-05 
4.856000e+02 -1.179463e-02 2.431336e-02 -1.781359e+00 6.757600e+03 8.177695e+03 2.093959e+02  1000  5000 -1.075668e-04     0 2.704900e-02 3.995251e+01 1.261509e+02 6.903400e-02 -8.766741e-05 
4.857000e+02 -1.179277e-02 2.433224e-02 -1.781451e+00 6.754967e+03 8.165369e+03 2.088323e+02  1000  5000 -1.085233e-04     0 2.708619e-02 3.997196e+01 1.261711e+02 6.899931e-02 -8.767522e-05 
4.858000e+02 -1.179052e-02 2.435417e-02 -1.781543e+00 6.752332e+03 8.153042e+03 2.082692e+02  1000  5000 -1.047464e-04     0 2.712314e-02 3.999276e+01 1.261912e+02 6.896484e-02 -8.727885e-05 
4.859000e+02 -1.178847e-02 2.437915e-02 -1.781635e+00 6.749696e+03 8.140713e+03 2.077068e+02  1000  5000 -9.924303e-05     0 2.715983e-02 4.001491e+01 1.262112e+02 6.893059e-02 -8.678537e-05 
  486 -1.178703e-02 2.440717e-02 -1.781726e+00 6.747059e+03 8.128382e+03 2.071451e+02  1000  5000 -9.318936e-05     0 2.719628e-02 4.003841e+01 1.262311e+02 6.889657e-02 -8.662477e-05 
4.861000e+02 -1.178590e-02 2.443821e-02 -1.781818e+00 6.744420e+03 8.116050e+03 2.065840e+02  1000  5000 -1.065038e-04     0 2.723249e-02 4.006324e+01 1.262509e+02 6.886276e-02 -8.689268e-05 
4.862000e+02 -1.178408e-02 2.447228e-02 -1.781909e+00 6.741779e+03 8.103716e+03 2.060238e+02  1000  5000 -1.074378e-04     0 2.726845e-02 4.008941e+01 1.262705e+02 6.882916e-02 -8.690200e-05 
4.863000e+02 -1.178189e-02 2.450934e-02 -1.782000e+00 6.739137e+03 8.091380e+03 2.054643e+02  1000  5000 -1.037331e-04     0 2.730419e-02 4.011692e+01 1.262901e+02 6.879578e-02 -8.651503e-05 
4.864000e+02 -1.177989e-02 2.454940e-02 -1.782091e+00 6.736493e+03 8.079043e+03 2.049056e+02  1000  5000 -9.833680e-05     0 2.733969e-02 4.014575e+01 1.263096e+02 6.876260e-02 -8.603303e-05 
4.865000e+02 -1.177848e-02 2.459244e-02 -1.782182e+00 6.733847e+03 8.066703e+03 2.043478e+02  1000  5000 -9.240108e-05     0 2.737496e-02 4.017590e+01 1.263290e+02 6.872963e-02 -8.587786e-05 
4.866000e+02 -1.177739e-02 2.463846e-02 -1.782272e+00 6.731201e+03 8.054362e+03 2.037908e+02  1000  5000 -1.054409e-04     0 2.741001e-02 4.020737e+01 1.263483e+02 6.869687e-02 -8.614333e-05 
4.867000e+02 -1.177561e-02 2.468743e-02 -1.782363e+00 6.728552e+03 8.042020e+03 2.032348e+02  1000  5000 -1.063511e-04     0 2.744484e-02 4.024016e+01 1.263675e+02 6.866431e-02 -8.615548e-05 
4.868000e+02 -1.177347e-02 2.473934e-02 -1.782453e+00 6.725902e+03 8.029675e+03 2.026798e+02  1000  5000 -1.027174e-04     0 2.747945e-02 4.027425e+01 1.263866e+02 6.863194e-02 -8.577919e-05 
4.869000e+02 -1.177153e-02 2.479419e-02 -1.782544e+00 6.723251e+03 8.017330e+03 2.021258e+02  1000  5000 -9.742685e-05     0 2.751384e-02 4.030964e+01 1.264056e+02 6.859978e-02 -8.530995e-05 
  487 -1.177016e-02 2.485196e-02 -1.782634e+00 6.720598e+03 8.004982e+03 2.015728e+02  1000  5000 -9.160787e-05     0 2.754802e-02 4.034633e+01 1.264245e+02 6.856780e-02 -8.516146e-05 
4.871000e+02 -1.176910e-02 2.491264e-02 -1.782724e+00 6.717943e+03 7.992633e+03 2.010208e+02  1000  5000 -1.043730e-04     0 2.758200e-02 4.038432e+01 1.264433e+02 6.853602e-02 -8.542568e-05 
4.872000e+02 -1.176738e-02 2.497621e-02 -1.782814e+00 6.715287e+03 7.980282e+03 2.004700e+02  1000  5000 -1.052588e-04     0 2.761576e-02 4.042358e+01 1.264620e+02 6.850443e-02 -8.544181e-05 
4.873000e+02 -1.176530e-02 2.504266e-02 -1.782903e+00 6.712630e+03 7.967929e+03 1.999203e+02  1000  5000 -1.016951e-04     0 2.764933e-02 4.046414e+01 1.264806e+02 6.847302e-02 -8.507733e-05 
4.874000e+02 -1.176342e-02 2.511199e-02 -1.782993e+00 6.709971e+03 7.955575e+03 1.993718e+02  1000  5000 -9.650935e-05     0 2.768269e-02 4.050596e+01 1.264991e+02 6.844179e-02 -8.462193e-05 
4.875000e+02 -1.176209e-02 2.518417e-02 -1.783083e+00 6.707310e+03 7.943219e+03 1.988245e+02  1000  5000 -9.080610e-05     0 2.771586e-02 4.054906e+01 1.265175e+02 6.841075e-02 -8.448116e-05 
4.876000e+02 -1.176106e-02 2.525919e-02 -1.783172e+00 6.704648e+03 7.930862e+03 1.982784e+02  1000  5000 -1.032977e-04     0 2.774884e-02 4.059342e+01 1.265358e+02 6.837989e-02 -8.474515e-05 
4.877000e+02 -1.175940e-02 2.533704e-02 -1.783261e+00 6.701984e+03 7.918503e+03 1.977336e+02  1000  5000 -1.041589e-04     0 2.778163e-02 4.063904e+01 1.265541e+02 6.834920e-02 -8.476622e-05 
4.878000e+02 -1.175739e-02 2.541771e-02 -1.783350e+00 6.699319e+03 7.906142e+03 1.971901e+02  1000  5000 -1.006646e-04     0 2.781423e-02 4.068591e+01 1.265722e+02 6.831869e-02 -8.441444e-05 
4.879000e+02 -1.175557e-02 2.550118e-02 -1.783439e+00 6.696653e+03 7.893780e+03 1.966480e+02  1000  5000 -9.558281e-05     0 2.784665e-02 4.073404e+01 1.265902e+02 6.828835e-02 -8.397373e-05 
  488 -1.175429e-02 2.558743e-02 -1.783528e+00 6.693984e+03 7.881416e+03 1.961072e+02  1000  5000 -8.999449e-05     0 2.787889e-02 4.078340e+01 1.266082e+02 6.825817e-02 -8.384152e-05 
4.881000e+02 -1.175331e-02 2.567646e-02 -1.783616e+00 6.691315e+03 7.869051e+03 1.955678e+02  1000  5000 -1.022149e-04     0 2.791095e-02 4.083400e+01 1.266260e+02 6.822817e-02 -8.410609e-05 
4.882000e+02 -1.175170e-02 2.576825e-02 -1.783705e+00 6.688644e+03 7.856684e+03 1.950299e+02  1000  5000 -1.030518e-04     0 2.794284e-02 4.088582e+01 1.266438e+02 6.819833e-02 -8.413282e-05 
4.883000e+02 -1.174977e-02 2.586278e-02 -1.783793e+00 6.685971e+03 7.844316e+03 1.944935e+02  1000  5000 -9.962650e-05     0 2.797455e-02 4.093887e+01 1.266615e+02 6.816865e-02 -8.379438e-05 
4.884000e+02 -1.174802e-02 2.596004e-02 -1.783882e+00 6.683297e+03 7.831946e+03 1.939586e+02  1000  5000 -9.464805e-05     0 2.800610e-02 4.099314e+01 1.266790e+02 6.813913e-02 -8.336896e-05 
4.885000e+02 -1.174680e-02 2.606001e-02 -1.783970e+00 6.680622e+03 7.819574e+03 1.934253e+02  1000  5000 -8.917393e-05     0 2.803748e-02 4.104862e+01 1.266965e+02 6.810977e-02 -8.324587e-05 
4.886000e+02 -1.174586e-02 2.616269e-02 -1.784058e+00 6.677945e+03 7.807201e+03 1.928935e+02  1000  5000 -1.011266e-04     0 2.806870e-02 4.110530e+01 1.267139e+02 6.808056e-02 -8.351162e-05 
4.887000e+02 -1.174433e-02 2.626804e-02 -1.784146e+00 6.675266e+03 7.794826e+03 1.923633e+02  1000  5000 -1.019401e-04     0 2.809977e-02 4.116318e+01 1.267312e+02 6.805150e-02 -8.354450e-05 
4.888000e+02 -1.174246e-02 2.637607e-02 -1.784233e+00 6.672586e+03 7.782450e+03 1.918348e+02  1000  5000 -9.858364e-05     0 2.813067e-02 4.122225e+01 1.267485e+02 6.802260e-02 -8.321976e-05 
4.889000e+02 -1.174079e-02 2.648675e-02 -1.784321e+00 6.669905e+03 7.770073e+03 1.913079e+02  1000  5000 -9.370792e-05     0 2.816142e-02 4.128251e+01 1.267656e+02 6.799384e-02 -8.280992e-05 
  489 -1.173963e-02 2.660007e-02 -1.784409e+00 6.667222e+03 7.757694e+03 1.907828e+02  1000  5000 -8.834730e-05     0 2.819202e-02 4.134394e+01 1.267826e+02 6.796523e-02 -8.269630e-05 
4.891000e+02 -1.173875e-02 2.671601e-02 -1.784496e+00 6.664538e+03 7.745313e+03 1.902594e+02  1000  5000 -1.000369e-04     0 2.822248e-02 4.140655e+01 1.267996e+02 6.793677e-02 -8.296356e-05 
4.892000e+02 -1.173729e-02 2.683456e-02 -1.784583e+00 6.661852e+03 7.732931e+03 1.897378e+02  1000  5000 -1.008283e-04     0 2.825279e-02 4.147032e+01 1.268164e+02 6.790844e-02 -8.300283e-05 
4.893000e+02 -1.173551e-02 2.695570e-02 -1.784671e+00 6.659165e+03 7.720547e+03 1.892180e+02  1000  5000 -9.754063e-05     0 2.828296e-02 4.153525e+01 1.268332e+02 6.788026e-02 -8.269189e-05 
4.894000e+02 -1.173391e-02 2.707942e-02 -1.784758e+00 6.656476e+03 7.708162e+03 1.887000e+02  1000  5000 -9.276707e-05     0 2.831299e-02 4.160133e+01 1.268499e+02 6.785221e-02 -8.229766e-05 
4.895000e+02 -1.173282e-02 2.720569e-02 -1.784845e+00 6.653786e+03 7.695776e+03 1.881839e+02  1000  5000 -8.751922e-05     0 2.834288e-02 4.166855e+01 1.268665e+02 6.782429e-02 -8.219356e-05 
4.896000e+02 -1.173200e-02 2.733450e-02 -1.784931e+00 6.651094e+03 7.683388e+03 1.876697e+02  1000  5000 -9.895167e-05     0 2.837264e-02 4.173691e+01 1.268830e+02 6.779651e-02 -8.246246e-05 
4.897000e+02 -1.173061e-02 2.746585e-02 -1.785018e+00 6.648401e+03 7.670998e+03 1.871575e+02  1000  5000 -9.972259e-05     0 2.840228e-02 4.180640e+01 1.268994e+02 6.776886e-02 -8.250810e-05 
4.898000e+02 -1.172892e-02 2.759969e-02 -1.785105e+00 6.645707e+03 7.658607e+03 1.866472e+02  1000  5000 -9.650362e-05     0 2.843178e-02 4.187701e+01 1.269157e+02 6.774133e-02 -8.221078e-05 
4.899000e+02 -1.172741e-02 2.773604e-02 -1.785191e+00 6.643011e+03 7.646215e+03 1.861389e+02  1000  5000 -9.183158e-05     0 2.846116e-02 4.194874e+01 1.269320e+02 6.771394e-02 -8.183191e-05 
  490 -1.172639e-02 2.787485e-02 -1.785278e+00 6.640313e+03 7.633821e+03 1.856326e+02  1000  5000 -8.669570e-05     0 2.849041e-02 4.202158e+01 1.269481e+02 6.768666e-02 -8.173714e-05 
4.901000e+02 -1.172563e-02 2.801613e-02 -1.785364e+00 6.637614e+03 7.621426e+03 1.851284e+02  1000  5000 -9.787774e-05     0 2.851955e-02 4.209551e+01 1.269642e+02 6.765951e-02 -8.200758e-05 
4.902000e+02 -1.172432e-02 2.815985e-02 -1.785450e+00 6.634914e+03 7.609029e+03 1.846263e+02  1000  5000 -9.863007e-05     0 2.854857e-02 4.217054e+01 1.269802e+02 6.763248e-02 -8.205934e-05 
4.903000e+02 -1.172272e-02 2.830599e-02 -1.785536e+00 6.632213e+03 7.596631e+03 1.841263e+02  1000  5000 -9.547984e-05     0 2.857748e-02 4.224666e+01 1.269961e+02 6.760556e-02 -8.177522e-05 
4.904000e+02 -1.172130e-02 2.845454e-02 -1.785622e+00 6.629509e+03 7.584232e+03 1.836284e+02  1000  5000 -9.090863e-05     0 2.860628e-02 4.232385e+01 1.270120e+02 6.757876e-02 -8.141120e-05 
4.905000e+02 -1.172035e-02 2.860547e-02 -1.785708e+00 6.626805e+03 7.571831e+03 1.831327e+02  1000  5000 -8.588376e-05     0 2.863496e-02 4.240212e+01 1.270277e+02 6.755207e-02 -8.132535e-05 
4.906000e+02 -1.171966e-02 2.875878e-02 -1.785793e+00 6.624099e+03 7.559429e+03 1.826393e+02  1000  5000 -9.682295e-05     0 2.866355e-02 4.248145e+01 1.270433e+02 6.752550e-02 -8.159702e-05 
4.907000e+02 -1.171844e-02 2.891444e-02 -1.785879e+00 6.621392e+03 7.547025e+03 1.821480e+02  1000  5000 -9.755876e-05     0 2.869202e-02 4.256183e+01 1.270589e+02 6.749903e-02 -8.165446e-05 
4.908000e+02 -1.171693e-02 2.907244e-02 -1.785965e+00 6.618683e+03 7.534620e+03 1.816591e+02  1000  5000 -9.447726e-05     0 2.872040e-02 4.264326e+01 1.270744e+02 6.747267e-02 -8.138288e-05 
4.909000e+02 -1.171559e-02 2.923276e-02 -1.786050e+00 6.615973e+03 7.522214e+03 1.811724e+02  1000  5000 -9.000602e-05     0 2.874868e-02 4.272573e+01 1.270898e+02 6.744642e-02 -8.103300e-05 
  491 -1.171472e-02 2.939537e-02 -1.786136e+00 6.613261e+03 7.509806e+03 1.806881e+02  1000  5000 -8.509106e-05     0 2.877687e-02 4.280923e+01 1.271051e+02 6.742027e-02 -8.095544e-05 
4.911000e+02 -1.171410e-02 2.956027e-02 -1.786221e+00 6.610548e+03 7.497397e+03 1.802061e+02  1000  5000 -9.579551e-05     0 2.880496e-02 4.289375e+01 1.271204e+02 6.739421e-02 -8.122787e-05 
4.912000e+02 -1.171296e-02 2.972743e-02 -1.786306e+00 6.607834e+03 7.484987e+03 1.797264e+02  1000  5000 -9.651698e-05     0 2.883296e-02 4.297930e+01 1.271356e+02 6.736826e-02 -8.129035e-05 
4.913000e+02 -1.171154e-02 2.989684e-02 -1.786391e+00 6.605118e+03 7.472575e+03 1.792492e+02  1000  5000 -9.350407e-05     0 2.886087e-02 4.306584e+01 1.271506e+02 6.734241e-02 -8.103048e-05 
4.914000e+02 -1.171029e-02 3.006847e-02 -1.786476e+00 6.602401e+03 7.460162e+03 1.787745e+02  1000  5000 -8.913180e-05     0 2.888870e-02 4.315339e+01 1.271656e+02 6.731665e-02 -8.069383e-05 
4.915000e+02 -1.170950e-02 3.024231e-02 -1.786561e+00 6.599682e+03 7.447748e+03 1.783022e+02  1000  5000 -8.432544e-05     0 2.891644e-02 4.324193e+01 1.271806e+02 6.729098e-02 -8.062379e-05 
4.916000e+02 -1.170896e-02 3.041834e-02 -1.786645e+00 6.596962e+03 7.435332e+03 1.778324e+02  1000  5000 -9.480362e-05     0 2.894411e-02 4.333146e+01 1.271954e+02 6.726541e-02 -8.089636e-05 
4.917000e+02 -1.170790e-02 3.059654e-02 -1.786730e+00 6.594241e+03 7.422915e+03 1.773651e+02  1000  5000 -9.551292e-05     0 2.897169e-02 4.342195e+01 1.272102e+02 6.723993e-02 -8.096313e-05 
4.918000e+02 -1.170658e-02 3.077689e-02 -1.786814e+00 6.591518e+03 7.410497e+03 1.769004e+02  1000  5000 -9.256832e-05     0 2.899920e-02 4.351342e+01 1.272248e+02 6.721453e-02 -8.071400e-05 
4.919000e+02 -1.170542e-02 3.095937e-02 -1.786899e+00 6.588794e+03 7.398077e+03 1.764382e+02  1000  5000 -8.829384e-05     0 2.902664e-02 4.360584e+01 1.272395e+02 6.718922e-02 -8.038954e-05 
  492 -1.170470e-02 3.114396e-02 -1.786983e+00 6.586068e+03 7.385656e+03 1.759787e+02  1000  5000 -8.359458e-05     0 2.905400e-02 4.369921e+01 1.272540e+02 6.716399e-02 -8.032612e-05 
4.921000e+02 -1.170423e-02 3.133065e-02 -1.787068e+00 6.583341e+03 7.373234e+03 1.755217e+02  1000  5000 -9.385504e-05     0 2.908130e-02 4.379353e+01 1.272684e+02 6.713884e-02 -8.059812e-05 
4.922000e+02 -1.170326e-02 3.151942e-02 -1.787152e+00 6.580613e+03 7.360811e+03 1.750675e+02  1000  5000 -9.455422e-05     0 2.910853e-02 4.388877e+01 1.272828e+02 6.711378e-02 -8.066831e-05 
4.923000e+02 -1.170203e-02 3.171023e-02 -1.787236e+00 6.577883e+03 7.348386e+03 1.746159e+02  1000  5000 -9.167752e-05     0 2.913569e-02 4.398494e+01 1.272971e+02 6.708879e-02 -8.042886e-05 
4.924000e+02 -1.170096e-02 3.190308e-02 -1.787320e+00 6.575152e+03 7.335960e+03 1.741670e+02  1000  5000 -8.749943e-05     0 2.916280e-02 4.408203e+01 1.273113e+02 6.706388e-02 -8.011549e-05 
4.925000e+02 -1.170032e-02 3.209795e-02 -1.787404e+00 6.572420e+03 7.323533e+03 1.737209e+02  1000  5000 -8.290559e-05     0 2.918984e-02 4.418002e+01 1.273254e+02 6.703904e-02 -8.005772e-05 
4.926000e+02 -1.169992e-02 3.229482e-02 -1.787488e+00 6.569686e+03 7.311105e+03 1.732775e+02  1000  5000 -9.295672e-05     0 2.921683e-02 4.427891e+01 1.273395e+02 6.701428e-02 -8.032838e-05 
4.927000e+02 -1.169903e-02 3.249366e-02 -1.787572e+00 6.566951e+03 7.298675e+03 1.728369e+02  1000  5000 -9.364766e-05     0 2.924377e-02 4.437869e+01 1.273535e+02 6.698959e-02 -8.040110e-05 
4.928000e+02 -1.169789e-02 3.269445e-02 -1.787655e+00 6.564214e+03 7.286244e+03 1.723991e+02  1000  5000 -9.083823e-05     0 2.927064e-02 4.447935e+01 1.273674e+02 6.696496e-02 -8.017023e-05 
4.929000e+02 -1.169691e-02 3.289719e-02 -1.787739e+00 6.561476e+03 7.273812e+03 1.719641e+02  1000  5000 -8.675497e-05     0 2.929747e-02 4.458088e+01 1.273812e+02 6.694041e-02 -7.986680e-05 
  493 -1.169635e-02 3.310183e-02 -1.787823e+00 6.558737e+03 7.261379e+03 1.715320e+02  1000  5000 -8.226465e-05     0 2.932425e-02 4.468328e+01 1.273950e+02 6.691592e-02 -7.981370e-05 
4.931000e+02 -1.169601e-02 3.330838e-02 -1.787906e+00 6.555996e+03 7.248944e+03 1.711028e+02  1000  5000 -9.211446e-05     0 2.935099e-02 4.478652e+01 1.274087e+02 6.689149e-02 -8.008224e-05 
4.932000e+02 -1.169521e-02 3.351680e-02 -1.787989e+00 6.553254e+03 7.236509e+03 1.706765e+02  1000  5000 -9.279879e-05     0 2.937768e-02 4.489062e+01 1.274223e+02 6.686713e-02 -8.015658e-05 
4.933000e+02 -1.169415e-02 3.372707e-02 -1.788073e+00 6.550511e+03 7.224072e+03 1.702531e+02  1000  5000 -9.005580e-05     0 2.940433e-02 4.499555e+01 1.274358e+02 6.684283e-02 -7.993323e-05 
4.934000e+02 -1.169325e-02 3.393918e-02 -1.788156e+00 6.547766e+03 7.211634e+03 1.698327e+02  1000  5000 -8.606562e-05     0 2.943094e-02 4.510130e+01 1.274493e+02 6.681859e-02 -7.963861e-05 
4.935000e+02 -1.169276e-02 3.415311e-02 -1.788240e+00 6.545020e+03 7.199194e+03 1.694152e+02  1000  5000 -8.167677e-05     0 2.945751e-02 4.520788e+01 1.274626e+02 6.679440e-02 -7.958922e-05 
4.936000e+02 -1.169250e-02 3.436883e-02 -1.788323e+00 6.542273e+03 7.186754e+03 1.690008e+02  1000  5000 -9.133267e-05     0 2.948404e-02 4.531526e+01 1.274760e+02 6.677028e-02 -7.985490e-05 
4.937000e+02 -1.169177e-02 3.458632e-02 -1.788406e+00 6.539524e+03 7.174312e+03 1.685893e+02  1000  5000 -9.201170e-05     0 2.951054e-02 4.542344e+01 1.274892e+02 6.674620e-02 -7.993003e-05 
4.938000e+02 -1.169080e-02 3.480556e-02 -1.788489e+00 6.536774e+03 7.161870e+03 1.681810e+02  1000  5000 -8.933411e-05     0 2.953701e-02 4.553241e+01 1.275024e+02 6.672218e-02 -7.971317e-05 
4.939000e+02 -1.168998e-02 3.502653e-02 -1.788572e+00 6.534023e+03 7.149426e+03 1.677757e+02  1000  5000 -8.543511e-05     0 2.956345e-02 4.564216e+01 1.275155e+02 6.669821e-02 -7.942634e-05 
  494 -1.168956e-02 3.524922e-02 -1.788655e+00 6.531270e+03 7.136981e+03 1.673734e+02  1000  5000 -8.114551e-05     0 2.958986e-02 4.575268e+01 1.275285e+02 6.667429e-02 -7.937977e-05 
4.941000e+02 -1.168936e-02 3.547360e-02 -1.788737e+00 6.528516e+03 7.124535e+03 1.669743e+02  1000  5000 -9.061416e-05     0 2.961624e-02 4.586397e+01 1.275414e+02 6.665042e-02 -7.964191e-05 
4.942000e+02 -1.168870e-02 3.569964e-02 -1.788820e+00 6.525761e+03 7.112087e+03 1.665784e+02  1000  5000 -9.128882e-05     0 2.964260e-02 4.597601e+01 1.275543e+02 6.662660e-02 -7.971707e-05 
4.943000e+02 -1.168781e-02 3.592733e-02 -1.788903e+00 6.523004e+03 7.099639e+03 1.661856e+02  1000  5000 -8.867542e-05     0 2.966894e-02 4.608879e+01 1.275671e+02 6.660282e-02 -7.950582e-05 
4.944000e+02 -1.168706e-02 3.615665e-02 -1.788986e+00 6.520246e+03 7.087189e+03 1.657959e+02  1000  5000 -8.486553e-05     0 2.969526e-02 4.620230e+01 1.275799e+02 6.657908e-02 -7.922585e-05 
4.945000e+02 -1.168671e-02 3.638757e-02 -1.789068e+00 6.517486e+03 7.074739e+03 1.654095e+02  1000  5000 -8.067288e-05     0 2.972155e-02 4.631654e+01 1.275925e+02 6.655539e-02 -7.918136e-05 
4.946000e+02 -1.168657e-02 3.662008e-02 -1.789151e+00 6.514726e+03 7.062287e+03 1.650263e+02  1000  5000 -8.996001e-05     0 2.974784e-02 4.643149e+01 1.276051e+02 6.653173e-02 -7.943940e-05 
4.947000e+02 -1.168598e-02 3.685415e-02 -1.789233e+00 6.511964e+03 7.049834e+03 1.646463e+02  1000  5000 -9.063088e-05     0 2.977410e-02 4.654715e+01 1.276177e+02 6.650812e-02 -7.951396e-05 
4.948000e+02 -1.168517e-02 3.708976e-02 -1.789316e+00 6.509200e+03 7.037380e+03 1.642696e+02  1000  5000 -8.808025e-05     0 2.980036e-02 4.666351e+01 1.276301e+02 6.648454e-02 -7.930757e-05 
4.949000e+02 -1.168449e-02 3.732689e-02 -1.789398e+00 6.506436e+03 7.024925e+03 1.638961e+02  1000  5000 -8.435734e-05     0 2.982660e-02 4.678055e+01 1.276425e+02 6.646100e-02 -7.903373e-05 
  495 -1.168420e-02 3.756551e-02 -1.789481e+00 6.503670e+03 7.012469e+03 1.635260e+02  1000  5000 -8.025925e-05     0 2.985283e-02 4.689827e+01 1.276548e+02 6.643750e-02 -7.899070e-05 
4.951000e+02 -1.168411e-02 3.780562e-02 -1.789563e+00 6.500902e+03 7.000012e+03 1.631592e+02  1000  5000 -8.936959e-05     0 2.987906e-02 4.701665e+01 1.276671e+02 6.641403e-02 -7.924422e-05 
4.952000e+02 -1.168359e-02 3.804718e-02 -1.789645e+00 6.498134e+03 6.987554e+03 1.627957e+02  1000  5000 -9.003684e-05     0 2.990528e-02 4.713569e+01 1.276793e+02 6.639059e-02 -7.931772e-05 
4.953000e+02 -1.168284e-02 3.829017e-02 -1.789727e+00 6.495364e+03 6.975094e+03 1.624356e+02  1000  5000 -8.754740e-05     0 2.993149e-02 4.725538e+01 1.276914e+02 6.636718e-02 -7.911565e-05 
4.954000e+02 -1.168223e-02 3.853458e-02 -1.789809e+00 6.492592e+03 6.962634e+03 1.620788e+02  1000  5000 -8.390926e-05     0 2.995770e-02 4.737571e+01 1.277034e+02 6.634381e-02 -7.884736e-05 
4.955000e+02 -1.168200e-02 3.878037e-02 -1.789892e+00 6.489820e+03 6.950173e+03 1.617255e+02  1000  5000 -7.990333e-05     0 2.998391e-02 4.749666e+01 1.277154e+02 6.632046e-02 -7.880537e-05 
4.956000e+02 -1.168197e-02 3.902754e-02 -1.789973e+00 6.487046e+03 6.937710e+03 1.613755e+02  1000  5000 -8.884058e-05     0 3.001012e-02 4.761823e+01 1.277273e+02 6.629713e-02 -7.905412e-05 
4.957000e+02 -1.168151e-02 3.927605e-02 -1.790055e+00 6.484271e+03 6.925247e+03 1.610290e+02  1000  5000 -8.950399e-05     0 3.003633e-02 4.774041e+01 1.277392e+02 6.627384e-02 -7.912629e-05 
4.958000e+02 -1.168082e-02 3.952588e-02 -1.790137e+00 6.481494e+03 6.912783e+03 1.606859e+02  1000  5000 -8.707406e-05     0 3.006255e-02 4.786319e+01 1.277509e+02 6.625056e-02 -7.892817e-05 
4.959000e+02 -1.168027e-02 3.977702e-02 -1.790219e+00 6.478717e+03 6.900317e+03 1.603463e+02  1000  5000 -8.351845e-05     0 3.008877e-02 4.798656e+01 1.277626e+02 6.622732e-02 -7.866511e-05 
  496 -1.168009e-02 4.002944e-02 -1.790301e+00 6.475938e+03 6.887851e+03 1.600102e+02  1000  5000 -7.960229e-05     0 3.011499e-02 4.811050e+01 1.277743e+02 6.620409e-02 -7.862394e-05 
4.961000e+02 -1.168011e-02 4.028311e-02 -1.790383e+00 6.473157e+03 6.875383e+03 1.596776e+02  1000  5000 -8.836909e-05     0 3.014123e-02 4.823502e+01 1.277859e+02 6.618088e-02 -7.886784e-05 
4.962000e+02 -1.167970e-02 4.053802e-02 -1.790465e+00 6.470376e+03 6.862915e+03 1.593485e+02  1000  5000 -8.902809e-05     0 3.016747e-02 4.836009e+01 1.277974e+02 6.615770e-02 -7.893859e-05 
4.963000e+02 -1.167908e-02 4.079415e-02 -1.790546e+00 6.467593e+03 6.850445e+03 1.590229e+02  1000  5000 -8.665591e-05     0 3.019373e-02 4.848571e+01 1.278088e+02 6.613453e-02 -7.874431e-05 
4.964000e+02 -1.167859e-02 4.105147e-02 -1.790628e+00 6.464808e+03 6.837975e+03 1.587009e+02  1000  5000 -8.318063e-05     0 3.021999e-02 4.861187e+01 1.278202e+02 6.611138e-02 -7.848636e-05 
4.965000e+02 -1.167846e-02 4.130995e-02 -1.790710e+00 6.462023e+03 6.825504e+03 1.583824e+02  1000  5000 -7.935190e-05     0 3.024627e-02 4.873856e+01 1.278316e+02 6.608824e-02 -7.844599e-05 
4.966000e+02 -1.167851e-02 4.156959e-02 -1.790791e+00 6.459236e+03 6.813031e+03 1.580675e+02  1000  5000 -8.794990e-05     0 3.027257e-02 4.886577e+01 1.278428e+02 6.606512e-02 -7.868514e-05 
4.967000e+02 -1.167816e-02 4.183035e-02 -1.790873e+00 6.456448e+03 6.800558e+03 1.577562e+02  1000  5000 -8.860364e-05     0 3.029888e-02 4.899349e+01 1.278540e+02 6.604202e-02 -7.875460e-05 
4.968000e+02 -1.167760e-02 4.209222e-02 -1.790954e+00 6.453659e+03 6.788084e+03 1.574486e+02  1000  5000 -8.628739e-05     0 3.032521e-02 4.912170e+01 1.278651e+02 6.601893e-02 -7.856424e-05 
4.969000e+02 -1.167716e-02 4.235516e-02 -1.791036e+00 6.450868e+03 6.775609e+03 1.571445e+02  1000  5000 -8.289029e-05     0 3.035156e-02 4.925041e+01 1.278762e+02 6.599584e-02 -7.831151e-05 
  497 -1.167707e-02 4.261917e-02 -1.791118e+00 6.448076e+03 6.763133e+03 1.568441e+02  1000  5000 -7.914678e-05     0 3.037793e-02 4.937959e+01 1.278872e+02 6.597277e-02 -7.827214e-05 
4.971000e+02 -1.167717e-02 4.288421e-02 -1.791199e+00 6.445283e+03 6.750656e+03 1.565473e+02  1000  5000 -8.757672e-05     0 3.040432e-02 4.950924e+01 1.278982e+02 6.594971e-02 -7.850684e-05 
4.972000e+02 -1.167687e-02 4.315027e-02 -1.791280e+00 6.442488e+03 6.738178e+03 1.562542e+02  1000  5000 -8.822409e-05     0 3.043074e-02 4.963935e+01 1.279090e+02 6.592666e-02 -7.857530e-05 
4.973000e+02 -1.167635e-02 4.341731e-02 -1.791361e+00 6.439693e+03 6.725699e+03 1.559648e+02  1000  5000 -8.596197e-05     0 3.045718e-02 4.976991e+01 1.279199e+02 6.590361e-02 -7.838917e-05 
4.974000e+02 -1.167597e-02 4.368533e-02 -1.791443e+00 6.436896e+03 6.713219e+03 1.556790e+02  1000  5000 -8.264102e-05     0 3.048364e-02 4.990090e+01 1.279306e+02 6.588058e-02 -7.814199e-05 
4.975000e+02 -1.167592e-02 4.395429e-02 -1.791524e+00 6.434097e+03 6.700739e+03 1.553970e+02  1000  5000 -7.898063e-05     0 3.051013e-02 5.003232e+01 1.279413e+02 6.585754e-02 -7.810399e-05 
4.976000e+02 -1.167606e-02 4.422418e-02 -1.791605e+00 6.431298e+03 6.688257e+03 1.551187e+02  1000  5000 -8.724250e-05     0 3.053665e-02 5.016417e+01 1.279519e+02 6.583451e-02 -7.833470e-05 
4.977000e+02 -1.167580e-02 4.449497e-02 -1.791686e+00 6.428497e+03 6.675775e+03 1.548441e+02  1000  5000 -8.788221e-05     0 3.056320e-02 5.029641e+01 1.279625e+02 6.581149e-02 -7.840265e-05 
4.978000e+02 -1.167534e-02 4.476664e-02 -1.791768e+00 6.425695e+03 6.663292e+03 1.545733e+02  1000  5000 -8.567247e-05     0 3.058978e-02 5.042906e+01 1.279730e+02 6.578847e-02 -7.822125e-05 
4.979000e+02 -1.167500e-02 4.503917e-02 -1.791849e+00 6.422891e+03 6.650807e+03 1.543062e+02  1000  5000 -8.242576e-05     0 3.061639e-02 5.056209e+01 1.279835e+02 6.576545e-02 -7.798012e-05 
  498 -1.167499e-02 4.531253e-02 -1.791930e+00 6.420087e+03 6.638322e+03 1.540429e+02  1000  5000 -7.884658e-05     0 3.064303e-02 5.069550e+01 1.279939e+02 6.574243e-02 -7.794405e-05 
4.981000e+02 -1.167516e-02 4.558671e-02 -1.792011e+00 6.417281e+03 6.625836e+03 1.537833e+02  1000  5000 -8.693975e-05     0 3.066970e-02 5.082928e+01 1.280042e+02 6.571941e-02 -7.817139e-05 
4.982000e+02 -1.167495e-02 4.586167e-02 -1.792092e+00 6.414474e+03 6.613350e+03 1.535276e+02  1000  5000 -8.757042e-05     0 3.069641e-02 5.096341e+01 1.280145e+02 6.569639e-02 -7.823947e-05 
4.983000e+02 -1.167454e-02 4.613740e-02 -1.792173e+00 6.411665e+03 6.600862e+03 1.532756e+02  1000  5000 -8.541141e-05     0 3.072315e-02 5.109789e+01 1.280247e+02 6.567336e-02 -7.806343e-05 
4.984000e+02 -1.167424e-02 4.641388e-02 -1.792254e+00 6.408856e+03 6.588374e+03 1.530275e+02  1000  5000 -8.223722e-05     0 3.074993e-02 5.123271e+01 1.280348e+02 6.565034e-02 -7.782904e-05 
4.985000e+02 -1.167428e-02 4.669107e-02 -1.792335e+00 6.406045e+03 6.575884e+03 1.527831e+02  1000  5000 -7.873752e-05     0 3.077675e-02 5.136785e+01 1.280449e+02 6.562731e-02 -7.779561e-05 
4.986000e+02 -1.167448e-02 4.696897e-02 -1.792416e+00 6.403233e+03 6.563394e+03 1.525426e+02  1000  5000 -8.666095e-05     0 3.080361e-02 5.150331e+01 1.280550e+02 6.560428e-02 -7.802029e-05 
4.987000e+02 -1.167432e-02 4.724755e-02 -1.792497e+00 6.400419e+03 6.550903e+03 1.523060e+02  1000  5000 -8.728117e-05     0 3.083050e-02 5.163907e+01 1.280650e+02 6.558124e-02 -7.808926e-05 
4.988000e+02 -1.167395e-02 4.752678e-02 -1.792578e+00 6.397605e+03 6.538412e+03 1.520732e+02  1000  5000 -8.517136e-05     0 3.085744e-02 5.177513e+01 1.280749e+02 6.555820e-02 -7.791938e-05 
4.989000e+02 -1.167370e-02 4.780664e-02 -1.792659e+00 6.394789e+03 6.525919e+03 1.518442e+02  1000  5000 -8.206814e-05     0 3.088441e-02 5.191147e+01 1.280847e+02 6.553515e-02 -7.769251e-05 
  499 -1.167377e-02 4.808712e-02 -1.792740e+00 6.391972e+03 6.513426e+03 1.516191e+02  1000  5000 -7.864642e-05     0 3.091143e-02 5.204809e+01 1.280946e+02 6.551209e-02 -7.766253e-05 
4.991000e+02 -1.167401e-02 4.836818e-02 -1.792820e+00 6.389154e+03 6.500932e+03 1.513979e+02  1000  5000 -8.639883e-05     0 3.093849e-02 5.218497e+01 1.281043e+02 6.548902e-02 -7.788538e-05 
4.992000e+02 -1.167389e-02 4.864980e-02 -1.792901e+00 6.386334e+03 6.488437e+03 1.511806e+02  1000  5000 -8.700726e-05     0 3.096560e-02 5.232211e+01 1.281140e+02 6.546595e-02 -7.795608e-05 
4.993000e+02 -1.167357e-02 4.893197e-02 -1.792982e+00 6.383513e+03 6.475941e+03 1.509671e+02  1000  5000 -8.494530e-05     0 3.099274e-02 5.245948e+01 1.281236e+02 6.544287e-02 -7.779322e-05 
4.994000e+02 -1.167337e-02 4.921466e-02 -1.793063e+00 6.380691e+03 6.463445e+03 1.507576e+02  1000  5000 -8.191172e-05     0 3.101994e-02 5.259710e+01 1.281332e+02 6.541977e-02 -7.757476e-05 
4.995000e+02 -1.167348e-02 4.949785e-02 -1.793144e+00 6.377868e+03 6.450948e+03 1.505519e+02  1000  5000 -7.856668e-05     0 3.104718e-02 5.273494e+01 1.281427e+02 6.539667e-02 -7.754910e-05 
4.996000e+02 -1.167376e-02 4.978151e-02 -1.793224e+00 6.375043e+03 6.438450e+03 1.503502e+02  1000  5000 -8.614677e-05     0 3.107446e-02 5.287299e+01 1.281522e+02 6.537355e-02 -7.777100e-05 
4.997000e+02 -1.167367e-02 5.006563e-02 -1.793305e+00 6.372217e+03 6.425951e+03 1.501524e+02  1000  5000 -8.674219e-05     0 3.110179e-02 5.301124e+01 1.281616e+02 6.535043e-02 -7.784432e-05 
4.998000e+02 -1.167341e-02 5.035017e-02 -1.793385e+00 6.369390e+03 6.413452e+03 1.499585e+02  1000  5000 -8.472690e-05     0 3.112917e-02 5.314969e+01 1.281710e+02 6.532729e-02 -7.768940e-05 
4.999000e+02 -1.167325e-02 5.063512e-02 -1.793466e+00 6.366562e+03 6.400951e+03 1.497686e+02  1000  5000 -8.176184e-05     0 3.115660e-02 5.328831e+01 1.281803e+02 6.530413e-02 -7.748026e-05 
  500 -1.167340e-02 5.092046e-02 -1.793547e+00 6.363733e+03 6.388450e+03 1.495826e+02  1000  5000 -7.849240e-05     0 3.118408e-02 5.342712e+01 1.281895e+02 6.528097e-02 -7.745982e-05 
