    0     0     0     0     0     0  1000  1000  5000     0     0     0    20 1.181000e+02     0     0 
1.000000e-01 1.253889e-03 -4.613255e-03 -2.102530e-04 1.180484e+01 1.115270e-05 9.999287e+02  1000  5000 -1.866743e-02     0 2.617994e-01    20 1.180032e+02 6.786913e-03 1.903104e-04 
2.000000e-01 6.644942e-03 -3.556658e-02 -1.221470e-03 2.360001e+01 2.401709e-04 9.997262e+02  1000  5000 -2.497232e-02     0 2.617994e-01    20 1.179481e+02 -1.204006e-02 1.174601e-03 
3.000000e-01 1.541522e-02 -8.128864e-02 -3.496149e-03 3.538967e+01 1.085192e-03 9.993561e+02  1000  5000 -2.614725e-02     0 2.617994e-01    20 1.179808e+02 -4.131280e-02 2.948686e-03 
4.000000e-01 2.588629e-02 -1.286947e-01 -6.842560e-03 4.717876e+01 2.420819e-03 9.987628e+02  1000  5000 -2.507199e-02     0 2.103871e-01    20 1.181232e+02 -6.753495e-02 5.197872e-03 
5.000000e-01 3.676063e-02 -1.633926e-01 -1.060484e-02 5.897074e+01 3.235816e-03 9.978951e+02  1000  5000 -2.302668e-02     0 1.773992e-01 2.222960e+01 1.183791e+02 -7.788768e-02 7.691521e-03 
6.000000e-01 4.722867e-02 -1.820851e-01 -1.393633e-02 7.076854e+01 2.559116e-03 9.967329e+02  1000  5000 -2.187073e-02     0 1.724448e-01 2.557569e+01 1.187400e+02 -7.232739e-02 1.029802e-02 
7.000000e-01 5.708081e-02 -1.906907e-01 -1.657024e-02 8.257565e+01 3.796865e-04 9.952880e+02  1000  5000 -1.990160e-02     0 1.621787e-01 2.864232e+01 1.191804e+02 -5.868651e-02 1.283374e-02 
8.000000e-01 6.612729e-02 -1.939272e-01 -1.825387e-02 9.439622e+01 -2.364152e-03 9.935858e+02  1000  5000 -1.774391e-02     0 1.388597e-01 3.145963e+01 1.196830e+02 -4.220163e-02 1.503819e-02 
9.000000e-01 7.428219e-02 -1.931848e-01 -1.877647e-02 1.062352e+02 -3.982530e-03 9.916552e+02  1000  5000 -1.564813e-02     0 1.142713e-01 3.404708e+01 1.202342e+02 -2.444369e-02 1.667010e-02 
    1 8.156433e-02 -1.890918e-01 -1.798283e-02 1.180984e+02 -2.016067e-03 9.895279e+02  1000  5000 -1.370962e-02     0 8.827475e-02 3.642888e+01 1.208212e+02 -6.149203e-03 1.757432e-02 
1.100000e+00 8.813607e-02 -1.820316e-01 -1.583298e-02 1.299922e+02 6.751603e-03 9.872367e+02  1000  5000 -1.287239e-02     0 6.410524e-02 3.862410e+01 1.214321e+02 1.224293e-02 1.771390e-02 
1.200000e+00 9.429526e-02 -1.725823e-01 -1.245485e-02 1.419232e+02 2.628578e-02 9.848153e+02  1000  5000 -1.159705e-02     0 4.256914e-02 4.064923e+01 1.220557e+02 3.014821e-02 1.718357e-02 
1.300000e+00 1.001412e-01 -1.614698e-01 -8.071441e-03 1.538983e+02 6.120879e-02 9.822978e+02  1000  5000 -1.020998e-02     0 2.330400e-02 4.251889e+01 1.226821e+02 4.693923e-02 1.613498e-02 
1.400000e+00 1.056938e-01 -1.493191e-01 -3.089344e-03 1.659235e+02 1.166243e-01 9.797165e+02  1000  5000 -8.825797e-03     0 6.107361e-03 4.424607e+01 1.233032e+02 6.218081e-02 1.473905e-02 
1.500000e+00 1.109511e-01 -1.365615e-01 3.458402e-03 1.780044e+02 1.979156e-01 9.771016e+02  1000  5000 -7.486204e-03     0 -8.915107e-03 4.584247e+01 1.239125e+02 7.567845e-02 1.316669e-02 
1.600000e+00 1.157644e-01 -1.234890e-01 9.399792e-03 1.901453e+02 3.105565e-01 9.744808e+02  1000  5000 -4.410548e-03     0 -2.165035e-02 4.731864e+01 1.245046e+02 8.739476e-02 1.154512e-02 
1.700000e+00 1.197897e-01 -1.103270e-01 1.574302e-02 2.023493e+02 4.598964e-01 9.718788e+02  1000  5000 -2.601720e-03     0 -3.214260e-02 4.868414e+01 1.250752e+02 9.736546e-02 9.905894e-03 
1.800000e+00 1.230968e-01 -9.725525e-02 2.220744e-02 2.146183e+02 6.509396e-01 9.693175e+02  1000  5000 -1.378185e-03     0 -4.054899e-02 4.994767e+01 1.256210e+02 1.056595e-01 8.311337e-03 
1.900000e+00 1.258592e-01 -8.441142e-02 2.863703e-02 2.269532e+02 8.882200e-01 9.668161e+02  1000  5000 -4.635806e-04     0 -4.705539e-02 5.111717e+01 1.261395e+02 1.123768e-01 6.848849e-03 
    2 1.282039e-01 -7.189590e-02 3.490791e-02 2.393536e+02 1.175747e+00 9.643907e+02  1000  5000 2.669101e-04     0 -5.184414e-02 5.219991e+01 1.266289e+02 1.176419e-01 5.597312e-03 
2.100000e+00 1.299869e-01 -5.978401e-02 4.095197e-02 2.518181e+02 1.516968e+00 9.620549e+02  1000  5000 3.618482e-03     0 -5.509565e-02 5.320256e+01 1.270881e+02 1.215934e-01 4.560835e-03 
2.200000e+00 1.307384e-01 -4.815325e-02 4.678840e-02 2.643445e+02 1.914667e+00 9.598199e+02  1000  5000 5.045654e-03     0 -5.589953e-02 5.413055e+01 1.275165e+02 1.243611e-01 3.604666e-03 
2.300000e+00 1.306468e-01 -3.718615e-02 5.241292e-02 2.769299e+02 2.370845e+00 9.576946e+02  1000  5000 5.613959e-03     0 -5.603380e-02 5.498947e+01 1.279140e+02 1.259422e-01 2.689986e-03 
2.400000e+00 1.300532e-01 -2.686697e-02 5.780394e-02 2.895708e+02 2.886729e+00 9.556852e+02  1000  5000 5.768649e-03     0 -5.764540e-02 5.578691e+01 1.282814e+02 1.265621e-01 1.856437e-03 
2.500000e+00 1.292127e-01 -1.683629e-02 6.296407e-02 3.022632e+02 3.462928e+00 9.537959e+02  1000  5000 5.719770e-03     0 -5.672324e-02 5.652639e+01 1.286189e+02 1.266890e-01 1.165354e-03 
2.600000e+00 1.280795e-01 -7.172623e-03 6.785708e-02 3.150031e+02 4.099697e+00 9.520299e+02  1000  5000 8.011234e-03     0 -5.437350e-02 5.721223e+01 1.289269e+02 1.263064e-01 6.238315e-04 
2.700000e+00 1.262724e-01 1.890873e-03 7.249977e-02 3.277862e+02 4.796870e+00 9.503892e+02  1000  5000 8.633061e-03     0 -5.074191e-02 5.784774e+01 1.292059e+02 1.252918e-01 1.202301e-04 
2.800000e+00 1.239782e-01 1.016274e-02 7.689701e-02 3.406082e+02 5.553748e+00 9.488744e+02  1000  5000 8.545687e-03     0 -4.733843e-02 5.843663e+01 1.294573e+02 1.235702e-01 -3.652712e-04 
2.900000e+00 1.214981e-01 1.774152e-02 8.104835e-02 3.534647e+02 6.369142e+00 9.474841e+02  1000  5000 8.150679e-03     0 -4.571217e-02 5.898512e+01 1.296830e+02 1.213784e-01 -7.866106e-04 
    3 1.190423e-01 2.501132e-02 8.496905e-02 3.663516e+02 7.241564e+00 9.462159e+02  1000  5000 7.635128e-03     0 -4.221340e-02 5.949506e+01 1.298840e+02 1.191358e-01 -1.086562e-03 
3.100000e+00 1.165652e-01 3.191635e-02 8.863807e-02 3.792648e+02 8.169467e+00 9.450669e+02  1000  5000 8.975154e-03     0 -3.786228e-02 5.996933e+01 1.300613e+02 1.167849e-01 -1.256911e-03 
3.200000e+00 1.137541e-01 3.826430e-02 9.208082e-02 3.922006e+02 9.151182e+00 9.440340e+02  1000  5000 9.070059e-03     0 -3.304294e-02 6.041020e+01 1.302161e+02 1.141810e-01 -1.386005e-03 
3.300000e+00 1.107396e-01 4.392641e-02 9.531733e-02 4.051553e+02 1.018482e+01 9.431135e+02  1000  5000 8.660846e-03     0 -2.852975e-02 6.081997e+01 1.303499e+02 1.112538e-01 -1.496095e-03 
3.400000e+00 1.077409e-01 4.900132e-02 9.836141e-02 4.181256e+02 1.126832e+01 9.423003e+02  1000  5000 8.055127e-03     0 -2.553608e-02 6.120351e+01 1.304648e+02 1.081750e-01 -1.562184e-03 
3.500000e+00 1.049062e-01 5.378018e-02 1.012324e-01 4.311084e+02 1.239958e+01 9.415892e+02  1000  5000 7.394432e-03     0 -2.142423e-02 6.156180e+01 1.305620e+02 1.052325e-01 -1.551528e-03 
3.600000e+00 1.021940e-01 5.823135e-02 1.039272e-01 4.441011e+02 1.357659e+01 9.409749e+02  1000  5000 8.108301e-03     0 -1.692615e-02 6.189683e+01 1.306425e+02 1.023687e-01 -1.465081e-03 
3.700000e+00 9.936991e-02 6.223633e-02 1.064785e-01 4.571010e+02 1.479740e+01 9.404524e+02  1000  5000 7.954464e-03     0 -1.268330e-02 6.221055e+01 1.307077e+02 9.947520e-02 -1.370383e-03 
3.800000e+00 9.652048e-02 6.578185e-02 1.089153e-01 4.701060e+02 1.606005e+01 9.400161e+02  1000  5000 7.467741e-03     0 -8.716074e-03 6.250476e+01 1.307589e+02 9.655843e-02 -1.287485e-03 
3.900000e+00 9.379363e-02 6.892406e-02 1.112467e-01 4.831140e+02 1.736261e+01 9.396607e+02  1000  5000 6.868358e-03     0 -4.870868e-03 6.278117e+01 1.307976e+02 9.368021e-02 -1.201252e-03 
    4 9.128346e-02 7.171370e-02 1.134688e-01 4.961233e+02 1.870322e+01 9.393804e+02  1000  5000 6.255741e-03     0 -1.106348e-03 6.304133e+01 1.308249e+02 9.088392e-02 -1.088145e-03 
4.100000e+00 8.894672e-02 7.417732e-02 1.155841e-01 5.091324e+02 2.008017e+01 9.391697e+02  1000  5000 6.675010e-03     0 2.529524e-03 6.328670e+01 1.308420e+02 8.818483e-02 -9.463382e-04 
4.200000e+00 8.660063e-02 7.633121e-02 1.176253e-01 5.221398e+02 2.149184e+01 9.390233e+02  1000  5000 6.478218e-03     0 5.992432e-03 6.351862e+01 1.308501e+02 8.558944e-02 -8.205527e-04 
4.300000e+00 8.429808e-02 7.819628e-02 1.196122e-01 5.351446e+02 2.293668e+01 9.389359e+02  1000  5000 6.054970e-03     0 9.270410e-03 6.373832e+01 1.308502e+02 8.310639e-02 -7.218937e-04 
4.400000e+00 8.213618e-02 7.979770e-02 1.215447e-01 5.481457e+02 2.441324e+01 9.389024e+02  1000  5000 5.564098e-03     0 1.236545e-02 6.394694e+01 1.308433e+02 8.074474e-02 -6.358931e-04 
4.500000e+00 8.017305e-02 8.116029e-02 1.234134e-01 5.611423e+02 2.592015e+01 9.389179e+02  1000  5000 5.075804e-03     0 1.527739e-02 6.414553e+01 1.308303e+02 7.851079e-02 -5.416978e-04 
4.600000e+00 7.836263e-02 8.230614e-02 1.252168e-01 5.741339e+02 2.745619e+01 9.389779e+02  1000  5000 5.418353e-03     0 1.800331e-02 6.433502e+01 1.308121e+02 7.640768e-02 -4.349854e-04 
4.700000e+00 7.655219e-02 8.325407e-02 1.269786e-01 5.871197e+02 2.902022e+01 9.390778e+02  1000  5000 5.273818e-03     0 2.054172e-02 6.451631e+01 1.307895e+02 7.443671e-02 -3.476247e-04 
4.800000e+00 7.477869e-02 8.402317e-02 1.287110e-01 6.000995e+02 3.061117e+01 9.392135e+02  1000  5000 4.950893e-03     0 2.289476e-02 6.469020e+01 1.307631e+02 7.259813e-02 -2.861056e-04 
4.900000e+00 7.311536e-02 8.463277e-02 1.304102e-01 6.130730e+02 3.222804e+01 9.393812e+02  1000  5000 4.574784e-03     0 2.506668e-02 6.485740e+01 1.307338e+02 7.089098e-02 -2.371115e-04 
    5 7.160553e-02 8.510138e-02 1.320657e-01 6.260398e+02 3.386991e+01 9.395770e+02  1000  5000 4.200399e-03     0 2.706228e-02 6.501860e+01 1.307021e+02 6.931311e-02 -1.823800e-04 
5.100000e+00 7.020649e-02 8.539190e-02 1.336711e-01 6.389998e+02 3.553595e+01 9.397977e+02  1000  5000 4.539475e-03     0 2.907090e-02 6.517412e+01 1.306685e+02 6.780855e-02 -1.174350e-04 
5.200000e+00 6.878761e-02 8.557527e-02 1.352489e-01 6.519530e+02 3.722540e+01 9.400400e+02  1000  5000 4.453360e-03     0 3.045442e-02 6.532490e+01 1.306337e+02 6.644309e-02 -6.835274e-05 
5.300000e+00 6.738131e-02 8.572283e-02 1.368122e-01 6.648992e+02 3.893751e+01 9.403009e+02  1000  5000 4.209098e-03     0 3.200329e-02 6.547128e+01 1.305981e+02 6.525633e-02 -4.037938e-05 
5.400000e+00 6.605169e-02 8.581116e-02 1.383533e-01 6.778386e+02 4.067163e+01 9.405777e+02  1000  5000 3.914549e-03     0 3.339648e-02 6.561400e+01 1.305619e+02 6.419806e-02 -2.187090e-05 
5.500000e+00 6.483737e-02 8.582417e-02 1.398599e-01 6.907711e+02 4.242713e+01 9.408681e+02  1000  5000 3.617239e-03     0 3.461038e-02 6.575324e+01 1.305255e+02 6.323550e-02 3.274304e-06 
5.600000e+00 6.370190e-02 8.576779e-02 1.413281e-01 7.036969e+02 4.420346e+01 9.411701e+02  1000  5000 3.953650e-03     0 3.566579e-02 6.588934e+01 1.304892e+02 6.236095e-02 3.917626e-05 
5.700000e+00 6.253009e-02 8.565718e-02 1.427750e-01 7.166160e+02 4.600009e+01 9.414815e+02  1000  5000 3.905410e-03     0 3.659815e-02 6.602259e+01 1.304534e+02 6.157655e-02 6.297315e-05 
5.800000e+00 6.135319e-02 8.550593e-02 1.442076e-01 7.295285e+02 4.781652e+01 9.418008e+02  1000  5000 3.710970e-03     0 3.742436e-02 6.615330e+01 1.304182e+02 6.088156e-02 7.007247e-05 
5.900000e+00 6.023046e-02 8.532358e-02 1.456209e-01 7.424346e+02 4.965228e+01 9.421261e+02  1000  5000 3.467444e-03     0 3.814691e-02 6.628172e+01 1.303838e+02 6.027089e-02 7.084744e-05 
    6 5.919844e-02 8.511775e-02 1.470046e-01 7.553345e+02 5.150694e+01 9.424563e+02  1000  5000 3.217835e-03     0 3.876833e-02 6.640808e+01 1.303504e+02 5.973829e-02 7.963421e-05 
6.100000e+00 5.822549e-02 8.489529e-02 1.483554e-01 7.682283e+02 5.338008e+01 9.427899e+02  1000  5000 3.543971e-03     0 3.929544e-02 6.653257e+01 1.303182e+02 5.927813e-02 9.999976e-05 
6.200000e+00 5.720833e-02 8.466178e-02 1.496883e-01 7.811162e+02 5.527134e+01 9.431260e+02  1000  5000 3.515519e-03     0 3.973663e-02 6.665538e+01 1.302873e+02 5.888534e-02 1.110907e-04 
6.300000e+00 5.617698e-02 8.442267e-02 1.510091e-01 7.939984e+02 5.718034e+01 9.434636e+02  1000  5000 3.350783e-03     0 4.009988e-02 6.677666e+01 1.302576e+02 5.855491e-02 1.084747e-04 
6.400000e+00 5.518687e-02 8.418315e-02 1.523129e-01 8.068750e+02 5.910673e+01 9.438018e+02  1000  5000 3.138858e-03     0 4.039236e-02 6.689655e+01 1.302294e+02 5.828169e-02 1.013650e-04 
6.500000e+00 5.427265e-02 8.394778e-02 1.535902e-01 8.197463e+02 6.105019e+01 9.441401e+02  1000  5000 2.919365e-03     0 4.062065e-02 6.701516e+01 1.302027e+02 5.806053e-02 1.026762e-04 
6.600000e+00 5.340641e-02 8.372017e-02 1.548377e-01 8.326125e+02 6.301039e+01 9.444778e+02  1000  5000 3.227333e-03     0 4.079101e-02 6.713259e+01 1.301774e+02 5.788646e-02 1.155682e-04 
6.700000e+00 5.249446e-02 8.350256e-02 1.560691e-01 8.454736e+02 6.498706e+01 9.448144e+02  1000  5000 3.207862e-03     0 4.090944e-02 6.724894e+01 1.301537e+02 5.775483e-02 1.208770e-04 
6.800000e+00 5.156513e-02 8.329724e-02 1.572896e-01 8.583300e+02 6.697990e+01 9.451497e+02  1000  5000 3.061861e-03     0 4.098196e-02 6.736426e+01 1.301314e+02 5.766125e-02 1.143957e-04 
6.900000e+00 5.067002e-02 8.310651e-02 1.584944e-01 8.711818e+02 6.898862e+01 9.454833e+02  1000  5000 2.871416e-03     0 4.101429e-02 6.747863e+01 1.301105e+02 5.760152e-02 1.044478e-04 
    7 4.984159e-02 8.293240e-02 1.596749e-01 8.840291e+02 7.101296e+01 9.458151e+02  1000  5000 2.673111e-03     0 4.101159e-02 6.759209e+01 1.300912e+02 5.757160e-02 1.027999e-04 
7.100000e+00 4.905472e-02 8.277620e-02 1.608278e-01 8.968722e+02 7.305266e+01 9.461448e+02  1000  5000 2.960005e-03     0 4.097850e-02 6.770469e+01 1.300732e+02 5.756771e-02 1.122926e-04 
7.200000e+00 4.822367e-02 8.263817e-02 1.619658e-01 9.097112e+02 7.510748e+01 9.464724e+02  1000  5000 2.944587e-03     0 4.091928e-02 6.781645e+01 1.300566e+02 5.758639e-02 1.152440e-04 
7.300000e+00 4.737486e-02 8.251875e-02 1.630936e-01 9.225462e+02 7.717717e+01 9.467980e+02  1000  5000 2.812077e-03     0 4.083811e-02 6.792741e+01 1.300414e+02 5.762444e-02 1.077035e-04 
7.400000e+00 4.655611e-02 8.241853e-02 1.642066e-01 9.353774e+02 7.926149e+01 9.471214e+02  1000  5000 2.638186e-03     0 4.073895e-02 6.803757e+01 1.300274e+02 5.767892e-02 9.726607e-05 
7.500000e+00 4.579757e-02 8.233794e-02 1.652970e-01 9.482050e+02 8.136020e+01 9.474428e+02  1000  5000 2.456691e-03     0 4.062526e-02 6.814696e+01 1.300146e+02 5.774704e-02 9.471961e-05 
7.600000e+00 4.507640e-02 8.227696e-02 1.663618e-01 9.610290e+02 8.347309e+01 9.477623e+02  1000  5000 2.721774e-03     0 4.050001e-02 6.825558e+01 1.300030e+02 5.782625e-02 1.026499e-04 
7.700000e+00 4.431390e-02 8.223477e-02 1.674125e-01 9.738497e+02 8.559993e+01 9.480799e+02  1000  5000 2.708210e-03     0 4.036583e-02 6.836343e+01 1.299925e+02 5.791428e-02 1.047469e-04 
7.800000e+00 4.353452e-02 8.221081e-02 1.684535e-01 9.866671e+02 8.774050e+01 9.483959e+02  1000  5000 2.586636e-03     0 4.022535e-02 6.847052e+01 1.299830e+02 5.800912e-02 9.734120e-05 
7.900000e+00 4.278236e-02 8.220476e-02 1.694806e-01 9.994813e+02 8.989460e+01 9.487104e+02  1000  5000 2.426815e-03     0 4.008096e-02 6.857685e+01 1.299744e+02 5.810894e-02 8.740120e-05 
    8 4.208530e-02 8.221624e-02 1.704865e-01 1.012293e+03 9.206199e+01 9.490236e+02  1000  5000 2.259880e-03     0 3.993467e-02 6.868240e+01 1.299668e+02 5.821205e-02 8.483998e-05 
8.100000e+00 4.142246e-02 8.224458e-02 1.714685e-01 1.025101e+03 9.424248e+01 9.493356e+02  1000  5000 2.503515e-03     0 3.978812e-02 6.878717e+01 1.299600e+02 5.831695e-02 9.202333e-05 
8.200000e+00 4.072159e-02 8.228853e-02 1.724372e-01 1.037906e+03 9.643587e+01 9.496467e+02  1000  5000 2.490887e-03     0 3.964267e-02 6.889115e+01 1.299540e+02 5.842236e-02 9.392820e-05 
8.300000e+00 4.000518e-02 8.234712e-02 1.733967e-01 1.050709e+03 9.864196e+01 9.499571e+02  1000  5000 2.378924e-03     0 3.949971e-02 6.899434e+01 1.299487e+02 5.852718e-02 8.716674e-05 
8.400000e+00 3.931378e-02 8.241965e-02 1.743430e-01 1.063509e+03 1.008605e+02 9.502669e+02  1000  5000 2.231783e-03     0 3.936050e-02 6.909672e+01 1.299441e+02 5.863047e-02 7.813618e-05 
8.500000e+00 3.867305e-02 8.250545e-02 1.752697e-01 1.076307e+03 1.030914e+02 9.505764e+02  1000  5000 2.078098e-03     0 3.922598e-02 6.919827e+01 1.299401e+02 5.873136e-02 7.593899e-05 
8.600000e+00 3.806389e-02 8.260365e-02 1.761741e-01 1.089102e+03 1.053344e+02 9.508858e+02  1000  5000 2.301180e-03     0 3.909683e-02 6.929899e+01 1.299366e+02 5.882911e-02 8.273912e-05 
8.700000e+00 3.742003e-02 8.271294e-02 1.770660e-01 1.101894e+03 1.075893e+02 9.511953e+02  1000  5000 2.289143e-03     0 3.897355e-02 6.939887e+01 1.299337e+02 5.892317e-02 8.472688e-05 
8.800000e+00 3.676210e-02 8.283230e-02 1.779490e-01 1.114685e+03 1.098559e+02 9.515050e+02  1000  5000 2.185997e-03     0 3.885670e-02 6.949788e+01 1.299312e+02 5.901308e-02 7.878637e-05 
8.900000e+00 3.612729e-02 8.296099e-02 1.788199e-01 1.127473e+03 1.121340e+02 9.518152e+02  1000  5000 2.050614e-03     0 3.874676e-02 6.959602e+01 1.299291e+02 5.909848e-02 7.078353e-05 
    9 3.553912e-02 8.309833e-02 1.796725e-01 1.140258e+03 1.144235e+02 9.521260e+02  1000  5000 1.909267e-03     0 3.864399e-02 6.969327e+01 1.299274e+02 5.917907e-02 6.906261e-05 
9.100000e+00 3.498012e-02 8.324349e-02 1.805044e-01 1.153042e+03 1.167242e+02 9.524377e+02  1000  5000 2.113005e-03     0 3.854849e-02 6.978963e+01 1.299260e+02 5.925461e-02 7.560124e-05 
9.200000e+00 3.438961e-02 8.339533e-02 1.813247e-01 1.165823e+03 1.190359e+02 9.527503e+02  1000  5000 2.101485e-03     0 3.846022e-02 6.988507e+01 1.299248e+02 5.932498e-02 7.773460e-05 
9.300000e+00 3.378646e-02 8.355296e-02 1.821368e-01 1.178603e+03 1.213583e+02 9.530640e+02  1000  5000 2.006592e-03     0 3.837924e-02 6.997959e+01 1.299240e+02 5.939013e-02 7.260625e-05 
9.400000e+00 3.320470e-02 8.371576e-02 1.829375e-01 1.191380e+03 1.236914e+02 9.533789e+02  1000  5000 1.882233e-03     0 3.830559e-02 7.007317e+01 1.299233e+02 5.945006e-02 6.558706e-05 
9.500000e+00 3.266582e-02 8.388316e-02 1.837212e-01 1.204155e+03 1.260350e+02 9.536953e+02  1000  5000 1.752462e-03     0 3.823916e-02 7.016580e+01 1.299228e+02 5.950479e-02 6.431345e-05 
9.600000e+00 3.215386e-02 8.405452e-02 1.844861e-01 1.216928e+03 1.283888e+02 9.540131e+02  1000  5000 1.938262e-03     0 3.817972e-02 7.025748e+01 1.299225e+02 5.955436e-02 7.059153e-05 
9.700000e+00 3.161335e-02 8.422893e-02 1.852401e-01 1.229700e+03 1.307528e+02 9.543326e+02  1000  5000 1.927306e-03     0 3.812697e-02 7.034819e+01 1.299224e+02 5.959888e-02 7.283032e-05 
9.800000e+00 3.106150e-02 8.440570e-02 1.859864e-01 1.242469e+03 1.331267e+02 9.546538e+02  1000  5000 1.840180e-03     0 3.808072e-02 7.043792e+01 1.299223e+02 5.963853e-02 6.841764e-05 
9.900000e+00 3.052940e-02 8.458437e-02 1.867223e-01 1.255237e+03 1.355104e+02 9.549768e+02  1000  5000 1.726166e-03     0 3.804080e-02 7.052667e+01 1.299224e+02 5.967348e-02 6.226436e-05 
   10 3.003666e-02 8.476457e-02 1.874426e-01 1.268003e+03 1.379038e+02 9.553017e+02  1000  5000 1.607250e-03     0 3.800692e-02 7.061441e+01 1.299225e+02 5.970388e-02 6.134968e-05 
1.010000e+01 2.956833e-02 8.494561e-02 1.881456e-01 1.280767e+03 1.403066e+02 9.556286e+02  1000  5000 1.776914e-03     0 3.797664e-02 7.070128e+01 1.299226e+02 5.972972e-02 6.731796e-05 
1.020000e+01 2.907465e-02 8.512745e-02 1.888386e-01 1.293529e+03 1.427187e+02 9.559575e+02  1000  5000 1.766443e-03     0 3.795378e-02 7.078699e+01 1.299228e+02 5.975186e-02 6.958751e-05 
1.030000e+01 2.857071e-02 8.530951e-02 1.895245e-01 1.306289e+03 1.451400e+02 9.562886e+02  1000  5000 1.686522e-03     0 3.793722e-02 7.087166e+01 1.299231e+02 5.977031e-02 6.576636e-05 
1.040000e+01 2.808491e-02 8.549101e-02 1.902009e-01 1.319048e+03 1.475702e+02 9.566217e+02  1000  5000 1.582121e-03     0 3.792555e-02 7.095534e+01 1.299233e+02 5.978482e-02 6.034163e-05 
1.050000e+01 2.763513e-02 8.567151e-02 1.908630e-01 1.331805e+03 1.500094e+02 9.569570e+02  1000  5000 1.473314e-03     0 3.791672e-02 7.103799e+01 1.299236e+02 5.979548e-02 5.968574e-05 
1.060000e+01 2.720772e-02 8.585038e-02 1.915092e-01 1.344560e+03 1.524572e+02 9.572946e+02  1000  5000 1.627959e-03     0 3.791309e-02 7.111978e+01 1.299238e+02 5.980222e-02 6.529970e-05 
1.070000e+01 2.675732e-02 8.602817e-02 1.921463e-01 1.357314e+03 1.549136e+02 9.576343e+02  1000  5000 1.618218e-03     0 3.790977e-02 7.120031e+01 1.299240e+02 5.980639e-02 6.752355e-05 
1.080000e+01 2.629771e-02 8.620509e-02 1.927770e-01 1.370065e+03 1.573784e+02 9.579764e+02  1000  5000 1.545078e-03     0 3.791320e-02 7.127981e+01 1.299243e+02 5.980856e-02 6.417598e-05 
1.090000e+01 2.585468e-02 8.638045e-02 1.933990e-01 1.382816e+03 1.598514e+02 9.583207e+02  1000  5000 1.449673e-03     0 3.792006e-02 7.135828e+01 1.299245e+02 5.980830e-02 5.935065e-05 
   11 2.544460e-02 8.655376e-02 1.940079e-01 1.395564e+03 1.623326e+02 9.586672e+02  1000  5000 1.350257e-03     0 3.792911e-02 7.143568e+01 1.299246e+02 5.980545e-02 5.886448e-05 
1.110000e+01 2.505505e-02 8.672436e-02 1.946023e-01 1.408311e+03 1.648218e+02 9.590161e+02  1000  5000 1.491236e-03     0 3.794247e-02 7.151231e+01 1.299248e+02 5.979978e-02 6.408783e-05 
1.120000e+01 2.464460e-02 8.689263e-02 1.951884e-01 1.421057e+03 1.673189e+02 9.593672e+02  1000  5000 1.482205e-03     0 3.795290e-02 7.158755e+01 1.299249e+02 5.979228e-02 6.620684e-05 
1.130000e+01 2.422572e-02 8.705903e-02 1.957686e-01 1.433801e+03 1.698237e+02 9.597206e+02  1000  5000 1.415441e-03     0 3.796913e-02 7.166175e+01 1.299250e+02 5.978365e-02 6.323060e-05 
1.140000e+01 2.382206e-02 8.722311e-02 1.963409e-01 1.446543e+03 1.723361e+02 9.600763e+02  1000  5000 1.328336e-03     0 3.798822e-02 7.173487e+01 1.299250e+02 5.977360e-02 5.889735e-05 
1.150000e+01 2.344849e-02 8.738445e-02 1.969013e-01 1.459284e+03 1.748560e+02 9.604342e+02  1000  5000 1.237571e-03     0 3.800828e-02 7.180692e+01 1.299250e+02 5.976188e-02 5.851477e-05 
1.160000e+01 2.309392e-02 8.754293e-02 1.974484e-01 1.472023e+03 1.773833e+02 9.607944e+02  1000  5000 1.365975e-03     0 3.802936e-02 7.187790e+01 1.299250e+02 5.974864e-02 6.333630e-05 
1.170000e+01 2.271992e-02 8.769848e-02 1.979880e-01 1.484761e+03 1.799177e+02 9.611567e+02  1000  5000 1.357869e-03     0 3.805181e-02 7.194781e+01 1.299249e+02 5.973420e-02 6.531227e-05 
1.180000e+01 2.233837e-02 8.785111e-02 1.985223e-01 1.497497e+03 1.824593e+02 9.615213e+02  1000  5000 1.296971e-03     0 3.807559e-02 7.201663e+01 1.299248e+02 5.971878e-02 6.263330e-05 
1.190000e+01 2.197076e-02 8.800081e-02 1.990493e-01 1.510232e+03 1.850079e+02 9.618880e+02  1000  5000 1.217482e-03     0 3.810045e-02 7.208437e+01 1.299247e+02 5.970252e-02 5.871036e-05 
   12 2.163061e-02 8.814763e-02 1.995654e-01 1.522965e+03 1.875634e+02 9.622569e+02  1000  5000 1.134646e-03     0 3.812614e-02 7.215102e+01 1.299245e+02 5.968550e-02 5.838692e-05 
1.210000e+01 2.130779e-02 8.829155e-02 2.000696e-01 1.535697e+03 1.901256e+02 9.626278e+02  1000  5000 1.251872e-03     0 3.815249e-02 7.221659e+01 1.299243e+02 5.966785e-02 6.280709e-05 
1.220000e+01 2.096725e-02 8.843247e-02 2.005668e-01 1.548427e+03 1.926945e+02 9.630008e+02  1000  5000 1.244487e-03     0 3.817936e-02 7.228108e+01 1.299240e+02 5.964966e-02 6.462551e-05 
1.230000e+01 2.061985e-02 8.857036e-02 2.010592e-01 1.561156e+03 1.952699e+02 9.633759e+02  1000  5000 1.188915e-03     0 3.820667e-02 7.234447e+01 1.299238e+02 5.963104e-02 6.219156e-05 
1.240000e+01 2.028515e-02 8.870525e-02 2.015450e-01 1.573884e+03 1.978518e+02 9.637530e+02  1000  5000 1.116375e-03     0 3.823435e-02 7.240677e+01 1.299235e+02 5.961209e-02 5.861881e-05 
1.250000e+01 1.997550e-02 8.883724e-02 2.020210e-01 1.586610e+03 2.004400e+02 9.641321e+02  1000  5000 1.040778e-03     0 3.826229e-02 7.246798e+01 1.299231e+02 5.959288e-02 5.832836e-05 
1.260000e+01 1.968164e-02 8.896633e-02 2.024859e-01 1.599335e+03 2.030344e+02 9.645131e+02  1000  5000 1.147859e-03     0 3.829040e-02 7.252809e+01 1.299228e+02 5.957346e-02 6.236496e-05 
1.270000e+01 1.937161e-02 8.909247e-02 2.029446e-01 1.612059e+03 2.056349e+02 9.648960e+02  1000  5000 1.141150e-03     0 3.831858e-02 7.258711e+01 1.299224e+02 5.955389e-02 6.402402e-05 
1.280000e+01 1.905531e-02 8.921563e-02 2.033989e-01 1.624781e+03 2.082415e+02 9.652807e+02  1000  5000 1.090442e-03     0 3.834676e-02 7.264503e+01 1.299220e+02 5.953425e-02 6.179899e-05 
1.290000e+01 1.875059e-02 8.933588e-02 2.038472e-01 1.637502e+03 2.108540e+02 9.656674e+02  1000  5000 1.024239e-03     0 3.837494e-02 7.270185e+01 1.299216e+02 5.951457e-02 5.853261e-05 
   13 1.846871e-02 8.945329e-02 2.042865e-01 1.650222e+03 2.134723e+02 9.660558e+02  1000  5000 9.552390e-04     0 3.840307e-02 7.275757e+01 1.299211e+02 5.949490e-02 5.826159e-05 
1.310000e+01 1.820122e-02 8.956791e-02 2.047158e-01 1.662940e+03 2.160964e+02 9.664459e+02  1000  5000 1.053104e-03     0 3.843108e-02 7.281219e+01 1.299207e+02 5.947527e-02 6.194015e-05 
1.320000e+01 1.791896e-02 8.967968e-02 2.051394e-01 1.675657e+03 2.187261e+02 9.668378e+02  1000  5000 1.047020e-03     0 3.845891e-02 7.286571e+01 1.299202e+02 5.945570e-02 6.344635e-05 
1.330000e+01 1.763097e-02 8.978861e-02 2.055590e-01 1.688373e+03 2.213614e+02 9.672313e+02  1000  5000 1.000744e-03     0 3.848654e-02 7.291813e+01 1.299197e+02 5.943624e-02 6.140453e-05 
1.340000e+01 1.735354e-02 8.989476e-02 2.059732e-01 1.701088e+03 2.240022e+02 9.676265e+02  1000  5000 9.403111e-04     0 3.851399e-02 7.296944e+01 1.299192e+02 5.941691e-02 5.841094e-05 
1.350000e+01 1.709692e-02 8.999819e-02 2.063791e-01 1.713801e+03 2.266483e+02 9.680233e+02  1000  5000 8.773181e-04     0 3.854123e-02 7.301965e+01 1.299187e+02 5.939771e-02 5.815261e-05 
1.360000e+01 1.685341e-02 9.009895e-02 2.067759e-01 1.726513e+03 2.292998e+02 9.684217e+02  1000  5000 9.667974e-04     0 3.856823e-02 7.306875e+01 1.299182e+02 5.937867e-02 6.150137e-05 
1.370000e+01 1.659641e-02 9.019699e-02 2.071676e-01 1.739224e+03 2.319564e+02 9.688216e+02  1000  5000 9.612842e-04     0 3.859496e-02 7.311675e+01 1.299177e+02 5.935979e-02 6.286533e-05 
1.380000e+01 1.633418e-02 9.029232e-02 2.075555e-01 1.751934e+03 2.346182e+02 9.692230e+02  1000  5000 9.190417e-04     0 3.862143e-02 7.316364e+01 1.299172e+02 5.934108e-02 6.098781e-05 
1.390000e+01 1.608156e-02 9.038500e-02 2.079386e-01 1.764643e+03 2.372850e+02 9.696259e+02  1000  5000 8.638615e-04     0 3.864764e-02 7.320942e+01 1.299167e+02 5.932257e-02 5.824074e-05 
   14 1.584792e-02 9.047509e-02 2.083141e-01 1.777350e+03 2.399568e+02 9.700302e+02  1000  5000 8.063354e-04     0 3.867360e-02 7.325409e+01 1.299161e+02 5.930424e-02 5.799281e-05 
1.410000e+01 1.562623e-02 9.056262e-02 2.086813e-01 1.790056e+03 2.426335e+02 9.704358e+02  1000  5000 8.881755e-04     0 3.869929e-02 7.329766e+01 1.299156e+02 5.928609e-02 6.104087e-05 
1.420000e+01 1.539221e-02 9.064755e-02 2.090438e-01 1.802762e+03 2.453151e+02 9.708428e+02  1000  5000 8.831785e-04     0 3.872471e-02 7.334011e+01 1.299151e+02 5.926813e-02 6.227539e-05 
1.430000e+01 1.515340e-02 9.072990e-02 2.094030e-01 1.815466e+03 2.480013e+02 9.712512e+02  1000  5000 8.446072e-04     0 3.874985e-02 7.338146e+01 1.299146e+02 5.925036e-02 6.054795e-05 
1.440000e+01 1.492336e-02 9.080970e-02 2.097577e-01 1.828169e+03 2.506923e+02 9.716608e+02  1000  5000 7.942074e-04     0 3.877475e-02 7.342170e+01 1.299140e+02 5.923278e-02 5.802614e-05 
1.450000e+01 1.471063e-02 9.088701e-02 2.101055e-01 1.840871e+03 2.533878e+02 9.720716e+02  1000  5000 7.416575e-04     0 3.879942e-02 7.346082e+01 1.299135e+02 5.921538e-02 5.778872e-05 
1.460000e+01 1.450878e-02 9.096185e-02 2.104458e-01 1.853572e+03 2.560878e+02 9.724837e+02  1000  5000 8.165299e-04     0 3.882385e-02 7.349883e+01 1.299130e+02 5.919816e-02 6.056416e-05 
1.470000e+01 1.429567e-02 9.103418e-02 2.107817e-01 1.866272e+03 2.587924e+02 9.728969e+02  1000  5000 8.119982e-04     0 3.884803e-02 7.353573e+01 1.299124e+02 5.918111e-02 6.168232e-05 
1.480000e+01 1.407819e-02 9.110402e-02 2.111146e-01 1.878971e+03 2.615013e+02 9.733113e+02  1000  5000 7.767682e-04     0 3.887198e-02 7.357152e+01 1.299119e+02 5.916423e-02 6.009340e-05 
1.490000e+01 1.386870e-02 9.117140e-02 2.114434e-01 1.891669e+03 2.642145e+02 9.737268e+02  1000  5000 7.307214e-04     0 3.889572e-02 7.360620e+01 1.299114e+02 5.914751e-02 5.777871e-05 
   15 1.367499e-02 9.123636e-02 2.117660e-01 1.904365e+03 2.669320e+02 9.741433e+02  1000  5000 6.827032e-04     0 3.891926e-02 7.363977e+01 1.299109e+02 5.913095e-02 5.755275e-05 
1.510000e+01 1.349120e-02 9.129891e-02 2.120816e-01 1.917061e+03 2.696537e+02 9.745609e+02  1000  5000 7.512134e-04     0 3.894261e-02 7.367222e+01 1.299104e+02 5.911453e-02 6.008164e-05 
1.520000e+01 1.329713e-02 9.135902e-02 2.123933e-01 1.929756e+03 2.723795e+02 9.749795e+02  1000  5000 7.471001e-04     0 3.896576e-02 7.370356e+01 1.299099e+02 5.909826e-02 6.109585e-05 
1.530000e+01 1.309907e-02 9.141671e-02 2.127023e-01 1.942450e+03 2.751094e+02 9.753991e+02  1000  5000 7.149126e-04     0 3.898872e-02 7.373379e+01 1.299094e+02 5.908213e-02 5.963545e-05 
1.540000e+01 1.290829e-02 9.147198e-02 2.130075e-01 1.955143e+03 2.778433e+02 9.758196e+02  1000  5000 6.728319e-04     0 3.901153e-02 7.376290e+01 1.299089e+02 5.906612e-02 5.751188e-05 
1.550000e+01 1.273190e-02 9.152489e-02 2.133070e-01 1.967835e+03 2.805812e+02 9.762410e+02  1000  5000 6.289433e-04     0 3.903418e-02 7.379091e+01 1.299084e+02 5.905024e-02 5.729852e-05 
1.560000e+01 1.256456e-02 9.157542e-02 2.136002e-01 1.980527e+03 2.833229e+02 9.766633e+02  1000  5000 6.916384e-04     0 3.905668e-02 7.381780e+01 1.299079e+02 5.903448e-02 5.960464e-05 
1.570000e+01 1.238784e-02 9.162357e-02 2.138898e-01 1.993217e+03 2.860685e+02 9.770864e+02  1000  5000 6.879011e-04     0 3.907902e-02 7.384358e+01 1.299074e+02 5.901883e-02 6.052626e-05 
1.580000e+01 1.220747e-02 9.166933e-02 2.141769e-01 2.005906e+03 2.888179e+02 9.775103e+02  1000  5000 6.584860e-04     0 3.910123e-02 7.386825e+01 1.299069e+02 5.900328e-02 5.918548e-05 
1.590000e+01 1.203374e-02 9.171272e-02 2.144606e-01 2.018595e+03 2.915710e+02 9.779350e+02  1000  5000 6.200214e-04     0 3.912331e-02 7.389181e+01 1.299064e+02 5.898783e-02 5.723865e-05 
   16 1.187315e-02 9.175376e-02 2.147391e-01 2.031282e+03 2.943277e+02 9.783605e+02  1000  5000 5.798987e-04     0 3.914528e-02 7.391426e+01 1.299060e+02 5.897248e-02 5.703899e-05 
1.610000e+01 1.172080e-02 9.179246e-02 2.150118e-01 2.043969e+03 2.970881e+02 9.787867e+02  1000  5000 6.372738e-04     0 3.916714e-02 7.393559e+01 1.299055e+02 5.895721e-02 5.914387e-05 
1.620000e+01 1.155989e-02 9.182881e-02 2.152812e-01 2.056655e+03 2.998520e+02 9.792135e+02  1000  5000 6.338739e-04     0 3.918888e-02 7.395582e+01 1.299051e+02 5.894203e-02 5.998318e-05 
1.630000e+01 1.139565e-02 9.186278e-02 2.155484e-01 2.069340e+03 3.026195e+02 9.796410e+02  1000  5000 6.069866e-04     0 3.921051e-02 7.397494e+01 1.299046e+02 5.892693e-02 5.875398e-05 
1.640000e+01 1.123748e-02 9.189441e-02 2.158124e-01 2.082024e+03 3.053904e+02 9.800691e+02  1000  5000 5.718216e-04     0 3.923205e-02 7.399296e+01 1.299042e+02 5.891191e-02 5.697086e-05 
1.650000e+01 1.109128e-02 9.192371e-02 2.160717e-01 2.094708e+03 3.081647e+02 9.804979e+02  1000  5000 5.351358e-04     0 3.925350e-02 7.400986e+01 1.299037e+02 5.889696e-02 5.678588e-05 
1.660000e+01 1.095260e-02 9.195069e-02 2.163257e-01 2.107390e+03 3.109424e+02 9.809271e+02  1000  5000 5.876388e-04     0 3.927486e-02 7.402566e+01 1.299033e+02 5.888208e-02 5.870896e-05 
1.670000e+01 1.080612e-02 9.197533e-02 2.165767e-01 2.120072e+03 3.137234e+02 9.813569e+02  1000  5000 5.845415e-04     0 3.929613e-02 7.404035e+01 1.299029e+02 5.886726e-02 5.947526e-05 
1.680000e+01 1.065660e-02 9.199762e-02 2.168256e-01 2.132753e+03 3.165076e+02 9.817872e+02  1000  5000 5.599608e-04     0 3.931732e-02 7.405394e+01 1.299025e+02 5.885250e-02 5.835034e-05 
1.690000e+01 1.051262e-02 9.201758e-02 2.170717e-01 2.145434e+03 3.192951e+02 9.822179e+02  1000  5000 5.278087e-04     0 3.933843e-02 7.406643e+01 1.299020e+02 5.883781e-02 5.671916e-05 
   17 1.037956e-02 9.203522e-02 2.173134e-01 2.158113e+03 3.220858e+02 9.826491e+02  1000  5000 4.942620e-04     0 3.935947e-02 7.407782e+01 1.299016e+02 5.882317e-02 5.654975e-05 
1.710000e+01 1.025336e-02 9.205056e-02 2.175504e-01 2.170792e+03 3.248796e+02 9.830807e+02  1000  5000 5.422986e-04     0 3.938044e-02 7.408810e+01 1.299012e+02 5.880859e-02 5.830867e-05 
1.720000e+01 1.012004e-02 9.206356e-02 2.177846e-01 2.183470e+03 3.276765e+02 9.835127e+02  1000  5000 5.394725e-04     0 3.940134e-02 7.409728e+01 1.299008e+02 5.879406e-02 5.901041e-05 
1.730000e+01 9.983973e-03 9.207424e-02 2.180169e-01 2.196147e+03 3.304764e+02 9.839449e+02  1000  5000 5.169980e-04     0 3.942215e-02 7.410537e+01 1.299004e+02 5.877959e-02 5.798321e-05 
1.740000e+01 9.852951e-03 9.208260e-02 2.182466e-01 2.208824e+03 3.332794e+02 9.843775e+02  1000  5000 4.875992e-04     0 3.944291e-02 7.411236e+01 1.299000e+02 5.876516e-02 5.649336e-05 
1.750000e+01 9.731885e-03 9.208865e-02 2.184723e-01 2.221500e+03 3.360853e+02 9.848104e+02  1000  5000 4.569217e-04     0 3.946360e-02 7.411826e+01 1.298996e+02 5.875079e-02 5.634038e-05 
1.760000e+01 9.617074e-03 9.209240e-02 2.186936e-01 2.234175e+03 3.388942e+02 9.852436e+02  1000  5000 5.008594e-04     0 3.948423e-02 7.412306e+01 1.298993e+02 5.873647e-02 5.795118e-05 
1.770000e+01 9.495792e-03 9.209385e-02 2.189125e-01 2.246850e+03 3.417059e+02 9.856769e+02  1000  5000 4.982758e-04     0 3.950478e-02 7.412677e+01 1.298989e+02 5.872220e-02 5.859609e-05 
1.780000e+01 9.372006e-03 9.209297e-02 2.191296e-01 2.259524e+03 3.445205e+02 9.861104e+02  1000  5000 4.777259e-04     0 3.952527e-02 7.412939e+01 1.298985e+02 5.870797e-02 5.766079e-05 
1.790000e+01 9.252828e-03 9.208980e-02 2.193443e-01 2.272197e+03 3.473378e+02 9.865441e+02  1000  5000 4.508451e-04     0 3.954569e-02 7.413093e+01 1.298981e+02 5.869380e-02 5.630278e-05 
   18 9.142724e-03 9.208433e-02 2.195555e-01 2.284869e+03 3.501580e+02 9.869779e+02  1000  5000 4.227923e-04     0 3.956605e-02 7.413137e+01 1.298978e+02 5.867967e-02 5.616717e-05 
1.810000e+01 9.038323e-03 9.207659e-02 2.197626e-01 2.297541e+03 3.529809e+02 9.874118e+02  1000  5000 4.629636e-04     0 3.958635e-02 7.413074e+01 1.298974e+02 5.866559e-02 5.764451e-05 
1.820000e+01 8.928042e-03 9.206654e-02 2.199674e-01 2.310212e+03 3.558065e+02 9.878458e+02  1000  5000 4.605965e-04     0 3.960657e-02 7.412902e+01 1.298971e+02 5.865156e-02 5.823977e-05 
1.830000e+01 8.815491e-03 9.205420e-02 2.201706e-01 2.322883e+03 3.586347e+02 9.882798e+02  1000  5000 4.418066e-04     0 3.962673e-02 7.412622e+01 1.298967e+02 5.863758e-02 5.739125e-05 
1.840000e+01 8.707145e-03 9.203958e-02 2.203717e-01 2.335553e+03 3.614656e+02 9.887138e+02  1000  5000 4.172306e-04     0 3.964682e-02 7.412234e+01 1.298964e+02 5.862365e-02 5.615667e-05 
1.850000e+01 8.607066e-03 9.202268e-02 2.205695e-01 2.348222e+03 3.642991e+02 9.891478e+02  1000  5000 3.915809e-04     0 3.966684e-02 7.411739e+01 1.298960e+02 5.860977e-02 5.603945e-05 
1.860000e+01 8.512187e-03 9.200352e-02 2.207636e-01 2.360891e+03 3.671351e+02 9.895817e+02  1000  5000 4.282869e-04     0 3.968680e-02 7.411137e+01 1.298957e+02 5.859593e-02 5.739681e-05 
1.870000e+01 8.411971e-03 9.198209e-02 2.209556e-01 2.373559e+03 3.699737e+02 9.900156e+02  1000  5000 4.261124e-04     0 3.970668e-02 7.410427e+01 1.298954e+02 5.858215e-02 5.794911e-05 
1.880000e+01 8.309703e-03 9.195838e-02 2.211462e-01 2.386227e+03 3.728147e+02 9.904493e+02  1000  5000 4.089331e-04     0 3.972649e-02 7.409611e+01 1.298951e+02 5.856842e-02 5.718296e-05 
1.890000e+01 8.211271e-03 9.193241e-02 2.213348e-01 2.398894e+03 3.756582e+02 9.908829e+02  1000  5000 3.864685e-04     0 3.974622e-02 7.408688e+01 1.298947e+02 5.855475e-02 5.606442e-05 
   19 8.120368e-03 9.190419e-02 2.215204e-01 2.411560e+03 3.785042e+02 9.913163e+02  1000  5000 3.630209e-04     0 3.976589e-02 7.407659e+01 1.298944e+02 5.854113e-02 5.596676e-05 
1.910000e+01 8.034205e-03 9.187373e-02 2.217027e-01 2.424226e+03 3.813525e+02 9.917495e+02  1000  5000 3.965339e-04     0 3.978547e-02 7.406523e+01 1.298941e+02 5.852756e-02 5.721657e-05 
1.920000e+01 7.943206e-03 9.184103e-02 2.218830e-01 2.436892e+03 3.842033e+02 9.921825e+02  1000  5000 3.945305e-04     0 3.980498e-02 7.405282e+01 1.298938e+02 5.851404e-02 5.773223e-05 
1.930000e+01 7.850359e-03 9.180608e-02 2.220620e-01 2.449556e+03 3.870563e+02 9.926152e+02  1000  5000 3.788262e-04     0 3.982441e-02 7.403936e+01 1.298935e+02 5.850058e-02 5.704472e-05 
1.940000e+01 7.761010e-03 9.176889e-02 2.222393e-01 2.462221e+03 3.899117e+02 9.930476e+02  1000  5000 3.582978e-04     0 3.984376e-02 7.402485e+01 1.298932e+02 5.848718e-02 5.603579e-05 
1.950000e+01 7.678513e-03 9.172949e-02 2.224137e-01 2.474884e+03 3.927694e+02 9.934796e+02  1000  5000 3.368702e-04     0 3.986304e-02 7.400928e+01 1.298929e+02 5.847384e-02 5.595898e-05 
1.960000e+01 7.600336e-03 9.168787e-02 2.225852e-01 2.487548e+03 3.956293e+02 9.939114e+02  1000  5000 3.674365e-04     0 3.988223e-02 7.399267e+01 1.298926e+02 5.846055e-02 5.711278e-05 
1.970000e+01 7.517786e-03 9.164403e-02 2.227548e-01 2.500210e+03 3.984914e+02 9.943427e+02  1000  5000 3.655842e-04     0 3.990134e-02 7.397502e+01 1.298923e+02 5.844733e-02 5.759779e-05 
1.980000e+01 7.433576e-03 9.159798e-02 2.229233e-01 2.512872e+03 4.013558e+02 9.947736e+02  1000  5000 3.512322e-04     0 3.992035e-02 7.395633e+01 1.298921e+02 5.843416e-02 5.698582e-05 
1.990000e+01 7.352557e-03 9.154974e-02 2.230902e-01 2.525534e+03 4.042223e+02 9.952041e+02  1000  5000 3.324809e-04     0 3.993929e-02 7.393660e+01 1.298918e+02 5.842106e-02 5.608097e-05 
   20 7.277769e-03 9.149930e-02 2.232545e-01 2.538195e+03 4.070910e+02 9.956341e+02  1000  5000 3.129083e-04     0 3.995814e-02 7.391584e+01 1.298915e+02 5.840802e-02 5.602649e-05 
2.010000e+01 7.206916e-03 9.144668e-02 2.234161e-01 2.550856e+03 4.099618e+02 9.960636e+02  1000  5000 3.407504e-04     0 3.997690e-02 7.389405e+01 1.298912e+02 5.839504e-02 5.709500e-05 
2.020000e+01 7.132121e-03 9.139189e-02 2.235760e-01 2.563516e+03 4.128347e+02 9.964926e+02  1000  5000 3.390309e-04     0 3.999557e-02 7.387123e+01 1.298910e+02 5.838213e-02 5.755509e-05 
2.030000e+01 7.055839e-03 9.133491e-02 2.237349e-01 2.576176e+03 4.157097e+02 9.969210e+02  1000  5000 3.259199e-04     0 4.001414e-02 7.384739e+01 1.298907e+02 5.836928e-02 5.701617e-05 
2.040000e+01 6.982467e-03 9.127578e-02 2.238923e-01 2.588835e+03 4.185867e+02 9.973489e+02  1000  5000 3.088017e-04     0 4.003263e-02 7.382254e+01 1.298905e+02 5.835650e-02 5.621068e-05 
2.050000e+01 6.914757e-03 9.121449e-02 2.240474e-01 2.601493e+03 4.214658e+02 9.977761e+02  1000  5000 2.909345e-04     0 4.005102e-02 7.379667e+01 1.298902e+02 5.834378e-02 5.618017e-05 
2.060000e+01 6.850630e-03 9.115106e-02 2.241999e-01 2.614152e+03 4.243468e+02 9.982026e+02  1000  5000 3.162535e-04     0 4.006931e-02 7.376978e+01 1.298900e+02 5.833113e-02 5.717341e-05 
2.070000e+01 6.782958e-03 9.108549e-02 2.243510e-01 2.626810e+03 4.272299e+02 9.986285e+02  1000  5000 3.146502e-04     0 4.008751e-02 7.374189e+01 1.298897e+02 5.831855e-02 5.761407e-05 
2.080000e+01 6.713963e-03 9.101778e-02 2.245012e-01 2.639467e+03 4.301149e+02 9.990537e+02  1000  5000 3.026791e-04     0 4.010561e-02 7.371300e+01 1.298895e+02 5.830604e-02 5.714626e-05 
2.090000e+01 6.647620e-03 9.094796e-02 2.246499e-01 2.652124e+03 4.330019e+02 9.994782e+02  1000  5000 2.870636e-04     0 4.012361e-02 7.368310e+01 1.298893e+02 5.829360e-02 5.643621e-05 
   21 6.586417e-03 9.087602e-02 2.247966e-01 2.664780e+03 4.358907e+02 9.999019e+02  1000  5000 2.707664e-04     0 4.014152e-02 7.365221e+01 1.298890e+02 5.828124e-02 5.643147e-05 
2.110000e+01 6.528475e-03 9.080198e-02 2.249410e-01 2.677436e+03 4.387815e+02 1.000325e+03  1000  5000 2.937435e-04     0 4.015932e-02 7.362033e+01 1.298888e+02 5.826894e-02 5.735880e-05 
2.120000e+01 6.467357e-03 9.072585e-02 2.250840e-01 2.690092e+03 4.416741e+02 1.000747e+03  1000  5000 2.922412e-04     0 4.017702e-02 7.358746e+01 1.298886e+02 5.825671e-02 5.778532e-05 
2.130000e+01 6.405067e-03 9.064763e-02 2.252262e-01 2.702747e+03 4.445686e+02 1.001168e+03  1000  5000 2.813187e-04     0 4.019461e-02 7.355360e+01 1.298884e+02 5.824456e-02 5.738720e-05 
2.140000e+01 6.345195e-03 9.056733e-02 2.253671e-01 2.715402e+03 4.474650e+02 1.001589e+03  1000  5000 2.670877e-04     0 4.021211e-02 7.351877e+01 1.298882e+02 5.823249e-02 5.676937e-05 
2.150000e+01 6.289981e-03 9.048496e-02 2.255061e-01 2.728056e+03 4.503631e+02 1.002008e+03  1000  5000 2.522382e-04     0 4.022949e-02 7.348296e+01 1.298880e+02 5.822049e-02 5.679236e-05 
2.160000e+01 6.237736e-03 9.040054e-02 2.256430e-01 2.740710e+03 4.532630e+02 1.002427e+03  1000  5000 2.730367e-04     0 4.024678e-02 7.344619e+01 1.298878e+02 5.820856e-02 5.766256e-05 
2.170000e+01 6.182656e-03 9.031408e-02 2.257788e-01 2.753364e+03 4.561648e+02 1.002844e+03  1000  5000 2.716214e-04     0 4.026395e-02 7.340844e+01 1.298876e+02 5.819671e-02 5.808007e-05 
2.180000e+01 6.126547e-03 9.022557e-02 2.259137e-01 2.766017e+03 4.590683e+02 1.003261e+03  1000  5000 2.616647e-04     0 4.028101e-02 7.336973e+01 1.298874e+02 5.818493e-02 5.775069e-05 
2.190000e+01 6.072639e-03 9.013503e-02 2.260475e-01 2.778670e+03 4.619735e+02 1.003676e+03  1000  5000 2.487116e-04     0 4.029797e-02 7.333007e+01 1.298872e+02 5.817324e-02 5.722253e-05 
   22 6.022950e-03 9.004248e-02 2.261796e-01 2.791323e+03 4.648804e+02 1.004091e+03  1000  5000 2.351991e-04     0 4.031482e-02 7.328945e+01 1.298870e+02 5.816162e-02 5.727533e-05 
2.210000e+01 5.975960e-03 8.994792e-02 2.263097e-01 2.803975e+03 4.677891e+02 1.004504e+03  1000  5000 2.539660e-04     0 4.033155e-02 7.324789e+01 1.298869e+02 5.815008e-02 5.809668e-05 
2.220000e+01 5.926453e-03 8.985136e-02 2.264388e-01 2.816626e+03 4.706994e+02 1.004917e+03  1000  5000 2.526249e-04     0 4.034818e-02 7.320538e+01 1.298867e+02 5.813862e-02 5.851013e-05 
2.230000e+01 5.876050e-03 8.975281e-02 2.265672e-01 2.829278e+03 4.736115e+02 1.005328e+03  1000  5000 2.435594e-04     0 4.036469e-02 7.316193e+01 1.298865e+02 5.812724e-02 5.824902e-05 
2.240000e+01 5.827651e-03 8.965229e-02 2.266945e-01 2.841929e+03 4.765252e+02 1.005738e+03  1000  5000 2.317878e-04     0 4.038109e-02 7.311755e+01 1.298864e+02 5.811594e-02 5.780856e-05 
2.250000e+01 5.783066e-03 8.954980e-02 2.268203e-01 2.854579e+03 4.794405e+02 1.006147e+03  1000  5000 2.195124e-04     0 4.039737e-02 7.307224e+01 1.298862e+02 5.810472e-02 5.789342e-05 
2.260000e+01 5.740934e-03 8.944536e-02 2.269444e-01 2.867230e+03 4.823574e+02 1.006555e+03  1000  5000 2.363795e-04     0 4.041354e-02 7.302600e+01 1.298861e+02 5.809358e-02 5.867369e-05 
2.270000e+01 5.696581e-03 8.933898e-02 2.270675e-01 2.879879e+03 4.852760e+02 1.006961e+03  1000  5000 2.351009e-04     0 4.042959e-02 7.297885e+01 1.298859e+02 5.808252e-02 5.908791e-05 
2.280000e+01 5.651458e-03 8.923066e-02 2.271899e-01 2.892529e+03 4.881962e+02 1.007367e+03  1000  5000 2.268592e-04     0 4.044553e-02 7.293078e+01 1.298858e+02 5.807155e-02 5.889499e-05 
2.290000e+01 5.608157e-03 8.912042e-02 2.273114e-01 2.905178e+03 4.911179e+02 1.007771e+03  1000  5000 2.161822e-04     0 4.046135e-02 7.288181e+01 1.298856e+02 5.806066e-02 5.854083e-05 
   23 5.568299e-03 8.900827e-02 2.274315e-01 2.917827e+03 4.940412e+02 1.008174e+03  1000  5000 2.050542e-04     0 4.047705e-02 7.283193e+01 1.298855e+02 5.804985e-02 5.866012e-05 
2.310000e+01 5.530667e-03 8.889423e-02 2.275501e-01 2.930476e+03 4.969661e+02 1.008575e+03  1000  5000 2.201394e-04     0 4.049264e-02 7.278115e+01 1.298854e+02 5.803913e-02 5.940666e-05 
2.320000e+01 5.491092e-03 8.877829e-02 2.276678e-01 2.943124e+03 4.998925e+02 1.008975e+03  1000  5000 2.189125e-04     0 4.050810e-02 7.272947e+01 1.298853e+02 5.802849e-02 5.982635e-05 
2.330000e+01 5.450864e-03 8.866048e-02 2.277849e-01 2.955772e+03 5.028204e+02 1.009374e+03  1000  5000 2.114340e-04     0 4.052344e-02 7.267691e+01 1.298852e+02 5.801793e-02 5.970195e-05 
2.340000e+01 5.412294e-03 8.854081e-02 2.279011e-01 2.968420e+03 5.057499e+02 1.009771e+03  1000  5000 2.017737e-04     0 4.053867e-02 7.262347e+01 1.298850e+02 5.800746e-02 5.943322e-05 
2.350000e+01 5.376823e-03 8.841928e-02 2.280161e-01 2.981067e+03 5.086808e+02 1.010167e+03  1000  5000 1.917124e-04     0 4.055377e-02 7.256915e+01 1.298849e+02 5.799708e-02 5.958942e-05 
2.360000e+01 5.343372e-03 8.829592e-02 2.281298e-01 2.993714e+03 5.116132e+02 1.010561e+03  1000  5000 2.051204e-04     0 4.056875e-02 7.251396e+01 1.298848e+02 5.798678e-02 6.030918e-05 
2.370000e+01 5.308237e-03 8.817073e-02 2.282426e-01 3.006360e+03 5.145471e+02 1.010954e+03  1000  5000 2.039355e-04     0 4.058361e-02 7.245790e+01 1.298847e+02 5.797657e-02 6.073894e-05 
2.380000e+01 5.272561e-03 8.804372e-02 2.283549e-01 3.019007e+03 5.174825e+02 1.011345e+03  1000  5000 1.971658e-04     0 4.059835e-02 7.240098e+01 1.298847e+02 5.796644e-02 6.068374e-05 
2.390000e+01 5.238392e-03 8.791490e-02 2.284664e-01 3.031653e+03 5.204193e+02 1.011735e+03  1000  5000 1.884524e-04     0 4.061296e-02 7.234320e+01 1.298846e+02 5.795640e-02 6.050007e-05 
   24 5.207006e-03 8.778430e-02 2.285769e-01 3.044299e+03 5.233576e+02 1.012123e+03  1000  5000 1.793858e-04     0 4.062744e-02 7.228458e+01 1.298845e+02 5.794645e-02 6.069579e-05 
2.410000e+01 5.177452e-03 8.765192e-02 2.286861e-01 3.056944e+03 5.262973e+02 1.012510e+03  1000  5000 1.912089e-04     0 4.064181e-02 7.222511e+01 1.298844e+02 5.793659e-02 6.139533e-05 
2.420000e+01 5.146456e-03 8.751777e-02 2.287946e-01 3.069589e+03 5.292384e+02 1.012895e+03  1000  5000 1.900569e-04     0 4.065604e-02 7.216480e+01 1.298843e+02 5.792682e-02 6.183968e-05 
2.430000e+01 5.115026e-03 8.738187e-02 2.289026e-01 3.082234e+03 5.321809e+02 1.013279e+03  1000  5000 1.839475e-04     0 4.067015e-02 7.210366e+01 1.298843e+02 5.791713e-02 6.185473e-05 
2.440000e+01 5.084964e-03 8.724423e-02 2.290100e-01 3.094879e+03 5.351248e+02 1.013660e+03  1000  5000 1.761188e-04     0 4.068414e-02 7.204170e+01 1.298842e+02 5.790754e-02 6.175623e-05 
2.450000e+01 5.057394e-03 8.710486e-02 2.291163e-01 3.107523e+03 5.380701e+02 1.014041e+03  1000  5000 1.679830e-04     0 4.069799e-02 7.197891e+01 1.298842e+02 5.789803e-02 6.199421e-05 
2.460000e+01 5.031484e-03 8.696378e-02 2.292216e-01 3.120167e+03 5.410168e+02 1.014419e+03  1000  5000 1.783017e-04     0 4.071172e-02 7.191531e+01 1.298841e+02 5.788861e-02 6.267979e-05 
2.470000e+01 5.004362e-03 8.682099e-02 2.293263e-01 3.132811e+03 5.439648e+02 1.014796e+03  1000  5000 1.771740e-04     0 4.072533e-02 7.185090e+01 1.298841e+02 5.787929e-02 6.314317e-05 
2.480000e+01 4.976907e-03 8.667652e-02 2.294305e-01 3.145455e+03 5.469142e+02 1.015171e+03  1000  5000 1.716820e-04     0 4.073880e-02 7.178569e+01 1.298840e+02 5.787005e-02 6.322991e-05 
2.490000e+01 4.950693e-03 8.653037e-02 2.295342e-01 3.158098e+03 5.498650e+02 1.015544e+03  1000  5000 1.646831e-04     0 4.075214e-02 7.171968e+01 1.298840e+02 5.786090e-02 6.321716e-05 
   25 4.926703e-03 8.638256e-02 2.296370e-01 3.170741e+03 5.528171e+02 1.015915e+03  1000  5000 1.574215e-04     0 4.076535e-02 7.165288e+01 1.298840e+02 5.785185e-02 6.350029e-05 
2.510000e+01 4.904214e-03 8.623310e-02 2.297388e-01 3.183384e+03 5.557705e+02 1.016285e+03  1000  5000 1.663049e-04     0 4.077844e-02 7.158530e+01 1.298839e+02 5.784289e-02 6.417786e-05 
2.520000e+01 4.880732e-03 8.608201e-02 2.298401e-01 3.196026e+03 5.587253e+02 1.016653e+03  1000  5000 1.651935e-04     0 4.079139e-02 7.151694e+01 1.298839e+02 5.783401e-02 6.466471e-05 
2.530000e+01 4.857014e-03 8.592930e-02 2.299410e-01 3.208668e+03 5.616813e+02 1.017019e+03  1000  5000 1.602809e-04     0 4.080421e-02 7.144781e+01 1.298839e+02 5.782523e-02 6.482495e-05 
2.540000e+01 4.834423e-03 8.577497e-02 2.300415e-01 3.221310e+03 5.646387e+02 1.017383e+03  1000  5000 1.540637e-04     0 4.081690e-02 7.137791e+01 1.298839e+02 5.781655e-02 6.489907e-05 
2.550000e+01 4.813806e-03 8.561906e-02 2.301411e-01 3.233952e+03 5.675973e+02 1.017745e+03  1000  5000 1.476272e-04     0 4.082946e-02 7.130725e+01 1.298839e+02 5.780795e-02 6.523041e-05 
2.560000e+01 4.794545e-03 8.546156e-02 2.302400e-01 3.246594e+03 5.705573e+02 1.018105e+03  1000  5000 1.551326e-04     0 4.084189e-02 7.123584e+01 1.298839e+02 5.779945e-02 6.590567e-05 
2.570000e+01 4.774501e-03 8.530250e-02 2.303384e-01 3.259235e+03 5.735185e+02 1.018463e+03  1000  5000 1.540297e-04     0 4.085418e-02 7.116368e+01 1.298839e+02 5.779104e-02 6.642044e-05 
2.580000e+01 4.754316e-03 8.514189e-02 2.304364e-01 3.271876e+03 5.764810e+02 1.018820e+03  1000  5000 1.496636e-04     0 4.086634e-02 7.109078e+01 1.298839e+02 5.778272e-02 6.665647e-05 
2.590000e+01 4.735153e-03 8.497974e-02 2.305340e-01 3.284517e+03 5.794448e+02 1.019174e+03  1000  5000 1.441866e-04     0 4.087837e-02 7.101715e+01 1.298839e+02 5.777450e-02 6.681911e-05 
   26 4.717732e-03 8.481606e-02 2.306310e-01 3.297157e+03 5.824099e+02 1.019526e+03  1000  5000 1.385328e-04     0 4.089026e-02 7.094280e+01 1.298839e+02 5.776637e-02 6.720197e-05 
2.610000e+01 4.701534e-03 8.465088e-02 2.307273e-01 3.309797e+03 5.853761e+02 1.019877e+03  1000  5000 1.447057e-04     0 4.090202e-02 7.086772e+01 1.298840e+02 5.775833e-02 6.788046e-05 
2.620000e+01 4.684756e-03 8.448420e-02 2.308232e-01 3.322438e+03 5.883437e+02 1.020225e+03  1000  5000 1.436035e-04     0 4.091365e-02 7.079193e+01 1.298840e+02 5.775039e-02 6.842771e-05 
2.630000e+01 4.667931e-03 8.431604e-02 2.309188e-01 3.335077e+03 5.913125e+02 1.020571e+03  1000  5000 1.397556e-04     0 4.092514e-02 7.071543e+01 1.298840e+02 5.774254e-02 6.874234e-05 
2.640000e+01 4.652030e-03 8.414642e-02 2.310141e-01 3.347717e+03 5.942825e+02 1.020915e+03  1000  5000 1.349839e-04     0 4.093649e-02 7.063823e+01 1.298841e+02 5.773479e-02 6.899583e-05 
2.650000e+01 4.637657e-03 8.397534e-02 2.311088e-01 3.360356e+03 5.972538e+02 1.021257e+03  1000  5000 1.300774e-04     0 4.094771e-02 7.056034e+01 1.298841e+02 5.772713e-02 6.943384e-05 
2.660000e+01 4.624386e-03 8.380283e-02 2.312030e-01 3.372995e+03 6.002263e+02 1.021597e+03  1000  5000 1.349507e-04     0 4.095879e-02 7.048176e+01 1.298842e+02 5.771957e-02 7.012099e-05 
2.670000e+01 4.610731e-03 8.362890e-02 2.312968e-01 3.385634e+03 6.032000e+02 1.021934e+03  1000  5000 1.338411e-04     0 4.096973e-02 7.040250e+01 1.298842e+02 5.771210e-02 7.070551e-05 
2.680000e+01 4.597123e-03 8.345355e-02 2.313904e-01 3.398273e+03 6.061749e+02 1.022270e+03  1000  5000 1.304877e-04     0 4.098054e-02 7.032257e+01 1.298843e+02 5.770473e-02 7.110221e-05 
2.690000e+01 4.584353e-03 8.327682e-02 2.314837e-01 3.410911e+03 6.091510e+02 1.022603e+03  1000  5000 1.263926e-04     0 4.099121e-02 7.024197e+01 1.298843e+02 5.769745e-02 7.144966e-05 
   27 4.572907e-03 8.309871e-02 2.315766e-01 3.423550e+03 6.121284e+02 1.022934e+03  1000  5000 1.222047e-04     0 4.100175e-02 7.016071e+01 1.298844e+02 5.769027e-02 7.194690e-05 
2.710000e+01 4.562452e-03 8.291924e-02 2.316690e-01 3.436188e+03 6.151069e+02 1.023263e+03  1000  5000 1.257976e-04     0 4.101214e-02 7.007880e+01 1.298845e+02 5.768318e-02 7.264818e-05 
2.720000e+01 4.551809e-03 8.273841e-02 2.317612e-01 3.448826e+03 6.180867e+02 1.023590e+03  1000  5000 1.246720e-04     0 4.102240e-02 6.999625e+01 1.298846e+02 5.767619e-02 7.327509e-05 
2.730000e+01 4.541309e-03 8.255626e-02 2.318531e-01 3.461463e+03 6.210676e+02 1.023914e+03  1000  5000 1.217940e-04     0 4.103252e-02 6.991305e+01 1.298847e+02 5.766930e-02 7.375820e-05 
2.740000e+01 4.531566e-03 8.237279e-02 2.319449e-01 3.474101e+03 6.240498e+02 1.024236e+03  1000  5000 1.183533e-04     0 4.104251e-02 6.982922e+01 1.298847e+02 5.766250e-02 7.420370e-05 
2.750000e+01 4.522957e-03 8.218802e-02 2.320364e-01 3.486738e+03 6.270331e+02 1.024556e+03  1000  5000 1.148623e-04     0 4.105235e-02 6.974477e+01 1.298848e+02 5.765580e-02 7.476490e-05 
2.760000e+01 4.515236e-03 8.200196e-02 2.321274e-01 3.499375e+03 6.300176e+02 1.024873e+03  1000  5000 1.171788e-04     0 4.106205e-02 6.965970e+01 1.298849e+02 5.764920e-02 7.548596e-05 
2.770000e+01 4.507524e-03 8.181463e-02 2.322183e-01 3.512011e+03 6.330033e+02 1.025189e+03  1000  5000 1.160273e-04     0 4.107162e-02 6.957403e+01 1.298850e+02 5.764269e-02 7.616096e-05 
2.780000e+01 4.500055e-03 8.162605e-02 2.323091e-01 3.524648e+03 6.359901e+02 1.025501e+03  1000  5000 1.136101e-04     0 4.108105e-02 6.948774e+01 1.298852e+02 5.763628e-02 7.673589e-05 
2.790000e+01 4.493269e-03 8.143622e-02 2.323997e-01 3.537284e+03 6.389782e+02 1.025812e+03  1000  5000 1.108083e-04     0 4.109033e-02 6.940087e+01 1.298853e+02 5.762996e-02 7.728480e-05 
   28 4.487436e-03 8.124517e-02 2.324901e-01 3.549920e+03 6.419674e+02 1.026120e+03  1000  5000 1.079996e-04     0 4.109948e-02 6.931340e+01 1.298854e+02 5.762374e-02 7.791555e-05 
2.810000e+01 4.482397e-03 8.105292e-02 2.325802e-01 3.562556e+03 6.449578e+02 1.026425e+03  1000  5000 1.090264e-04     0 4.110849e-02 6.922535e+01 1.298855e+02 5.761762e-02 7.866244e-05 
2.820000e+01 4.477568e-03 8.085947e-02 2.326702e-01 3.575192e+03 6.479493e+02 1.026728e+03  1000  5000 1.078376e-04     0 4.111735e-02 6.913673e+01 1.298857e+02 5.761160e-02 7.939204e-05 
2.830000e+01 4.473087e-03 8.066484e-02 2.327602e-01 3.587828e+03 6.509420e+02 1.027029e+03  1000  5000 1.058711e-04     0 4.112608e-02 6.904754e+01 1.298858e+02 5.760568e-02 8.006566e-05 
2.840000e+01 4.469224e-03 8.046905e-02 2.328500e-01 3.600463e+03 6.539359e+02 1.027327e+03  1000  5000 1.036997e-04     0 4.113467e-02 6.895779e+01 1.298859e+02 5.759985e-02 8.072495e-05 
2.850000e+01 4.466137e-03 8.027211e-02 2.329398e-01 3.613098e+03 6.569310e+02 1.027623e+03  1000  5000 1.015664e-04     0 4.114311e-02 6.886749e+01 1.298861e+02 5.759412e-02 8.143204e-05 
2.860000e+01 4.463758e-03 8.007405e-02 2.330294e-01 3.625733e+03 6.599272e+02 1.027916e+03  1000  5000 1.012698e-04     0 4.115142e-02 6.877664e+01 1.298862e+02 5.758848e-02 8.221145e-05 
2.870000e+01 4.461801e-03 7.987487e-02 2.331189e-01 3.638368e+03 6.629245e+02 1.028207e+03  1000  5000 1.000299e-04     0 4.115958e-02 6.868526e+01 1.298864e+02 5.758295e-02 8.300334e-05 
2.880000e+01 4.460304e-03 7.967459e-02 2.332084e-01 3.651002e+03 6.659231e+02 1.028495e+03  1000  5000 9.850906e-05     0 4.116760e-02 6.859334e+01 1.298865e+02 5.757751e-02 8.378440e-05 
2.890000e+01 4.459365e-03 7.947323e-02 2.332979e-01 3.663636e+03 6.689227e+02 1.028781e+03  1000  5000 9.696715e-05     0 4.117548e-02 6.850090e+01 1.298867e+02 5.757217e-02 8.456314e-05 
   29 4.459031e-03 7.927081e-02 2.333873e-01 3.676271e+03 6.719236e+02 1.029064e+03  1000  5000 9.551078e-05     0 4.118322e-02 6.840795e+01 1.298869e+02 5.756693e-02 8.535498e-05 
2.910000e+01 4.459325e-03 7.906733e-02 2.334768e-01 3.688904e+03 6.749256e+02 1.029345e+03  1000  5000 9.383275e-05     0 4.119082e-02 6.831449e+01 1.298871e+02 5.756178e-02 8.617463e-05 
2.920000e+01 4.460267e-03 7.886283e-02 2.335662e-01 3.701538e+03 6.779287e+02 1.029623e+03  1000  5000 9.252465e-05     0 4.119828e-02 6.822053e+01 1.298872e+02 5.755674e-02 8.703810e-05 
2.930000e+01 4.461794e-03 7.865730e-02 2.336556e-01 3.714172e+03 6.809331e+02 1.029898e+03  1000  5000 9.144962e-05     0 4.120560e-02 6.812608e+01 1.298874e+02 5.755179e-02 8.793782e-05 
2.940000e+01 4.463823e-03 7.845077e-02 2.337451e-01 3.726805e+03 6.839385e+02 1.030171e+03  1000  5000 9.054489e-05     0 4.121277e-02 6.803114e+01 1.298876e+02 5.754693e-02 8.884783e-05 
2.950000e+01 4.466289e-03 7.824326e-02 2.338347e-01 3.739438e+03 6.869452e+02 1.030441e+03  1000  5000 8.977627e-05     0 4.121980e-02 6.793572e+01 1.298878e+02 5.754218e-02 8.973498e-05 
2.960000e+01 4.469308e-03 7.803478e-02 2.339244e-01 3.752071e+03 6.899529e+02 1.030709e+03  1000  5000 8.662941e-05     0 4.122669e-02 6.783983e+01 1.298880e+02 5.753753e-02 9.060402e-05 
2.970000e+01 4.473223e-03 7.782535e-02 2.340142e-01 3.764704e+03 6.929619e+02 1.030974e+03  1000  5000 8.523184e-05     0 4.123344e-02 6.774348e+01 1.298882e+02 5.753297e-02 9.155060e-05 
2.980000e+01 4.477861e-03 7.761498e-02 2.341040e-01 3.777336e+03 6.959720e+02 1.031236e+03  1000  5000 8.460853e-05     0 4.124005e-02 6.764668e+01 1.298884e+02 5.752851e-02 9.258341e-05 
2.990000e+01 4.482952e-03 7.740370e-02 2.341939e-01 3.789968e+03 6.989833e+02 1.031496e+03  1000  5000 8.435836e-05     0 4.124651e-02 6.754943e+01 1.298886e+02 5.752415e-02 9.364004e-05 
   30 4.488310e-03 7.719150e-02 2.342840e-01 3.802601e+03 7.019957e+02 1.031752e+03  1000  5000 8.429924e-05     0 4.125284e-02 6.745174e+01 1.298888e+02 5.751988e-02 9.463595e-05 
3.010000e+01 4.494152e-03 7.697843e-02 2.343743e-01 3.815232e+03 7.050093e+02 1.032007e+03  1000  5000 7.955976e-05     0 4.125902e-02 6.735361e+01 1.298891e+02 5.751572e-02 9.556559e-05 
3.020000e+01 4.501166e-03 7.676448e-02 2.344648e-01 3.827864e+03 7.080241e+02 1.032258e+03  1000  5000 7.804565e-05     0 4.126506e-02 6.725507e+01 1.298893e+02 5.751165e-02 9.660974e-05 
3.030000e+01 4.509062e-03 7.654968e-02 2.345553e-01 3.840496e+03 7.110400e+02 1.032507e+03  1000  5000 7.788664e-05     0 4.127095e-02 6.715610e+01 1.298895e+02 5.750768e-02 9.779435e-05 
3.040000e+01 4.517368e-03 7.633405e-02 2.346461e-01 3.853127e+03 7.140571e+02 1.032753e+03  1000  5000 7.831989e-05     0 4.127671e-02 6.705673e+01 1.298898e+02 5.750380e-02 9.901759e-05 
3.050000e+01 4.525764e-03 7.611759e-02 2.347371e-01 3.865758e+03 7.170754e+02 1.032996e+03  1000  5000 7.900494e-05     0 4.128232e-02 6.695695e+01 1.298900e+02 5.750003e-02 1.001395e-04 
3.060000e+01 4.534582e-03 7.590033e-02 2.348285e-01 3.878389e+03 7.200948e+02 1.033236e+03  1000  5000 7.250330e-05     0 4.128779e-02 6.685679e+01 1.298903e+02 5.749635e-02 1.011437e-04 
3.070000e+01 4.544885e-03 7.568228e-02 2.349201e-01 3.891020e+03 7.231155e+02 1.033474e+03  1000  5000 7.083801e-05     0 4.129312e-02 6.675623e+01 1.298905e+02 5.749277e-02 1.023039e-04 
3.080000e+01 4.556257e-03 7.546347e-02 2.350118e-01 3.903650e+03 7.261373e+02 1.033709e+03  1000  5000 7.116368e-05     0 4.129831e-02 6.665530e+01 1.298908e+02 5.748929e-02 1.036646e-04 
3.090000e+01 4.568001e-03 7.524390e-02 2.351038e-01 3.916280e+03 7.291603e+02 1.033941e+03  1000  5000 7.232309e-05     0 4.130335e-02 6.655400e+01 1.298910e+02 5.748591e-02 1.050805e-04 
   31 4.579650e-03 7.502359e-02 2.351963e-01 3.928911e+03 7.321845e+02 1.034170e+03  1000  5000 7.380267e-05     0 4.130826e-02 6.645234e+01 1.298913e+02 5.748262e-02 1.063507e-04 
3.110000e+01 4.591663e-03 7.480256e-02 2.352892e-01 3.941540e+03 7.352099e+02 1.034397e+03  1000  5000 6.531090e-05     0 4.131302e-02 6.635032e+01 1.298916e+02 5.747943e-02 1.074473e-04 
3.120000e+01 4.605526e-03 7.458083e-02 2.353824e-01 3.954170e+03 7.382364e+02 1.034620e+03  1000  5000 6.344967e-05     0 4.131764e-02 6.624795e+01 1.298918e+02 5.747634e-02 1.087474e-04 
3.130000e+01 4.620679e-03 7.435841e-02 2.354757e-01 3.966800e+03 7.412642e+02 1.034841e+03  1000  5000 6.428984e-05     0 4.132212e-02 6.614525e+01 1.298921e+02 5.747334e-02 1.103157e-04 
3.140000e+01 4.636172e-03 7.413533e-02 2.355694e-01 3.979429e+03 7.442932e+02 1.035059e+03  1000  5000 6.623531e-05     0 4.132645e-02 6.604221e+01 1.298924e+02 5.747044e-02 1.119584e-04 
3.150000e+01 4.651372e-03 7.391159e-02 2.356637e-01 3.992058e+03 7.473234e+02 1.035274e+03  1000  5000 6.857931e-05     0 4.133065e-02 6.593885e+01 1.298927e+02 5.746764e-02 1.134060e-04 
3.160000e+01 4.666884e-03 7.368721e-02 2.357586e-01 4.004687e+03 7.503548e+02 1.035486e+03  1000  5000 5.779335e-05     0 4.133470e-02 6.583518e+01 1.298930e+02 5.746494e-02 1.146180e-04 
3.170000e+01 4.684678e-03 7.346222e-02 2.358538e-01 4.017315e+03 7.533875e+02 1.035695e+03  1000  5000 5.567777e-05     0 4.133862e-02 6.573120e+01 1.298933e+02 5.746233e-02 1.160888e-04 
3.180000e+01 4.704030e-03 7.323662e-02 2.359493e-01 4.029944e+03 7.564213e+02 1.035902e+03  1000  5000 5.707392e-05     0 4.134239e-02 6.562692e+01 1.298936e+02 5.745982e-02 1.179064e-04 
3.190000e+01 4.723696e-03 7.301044e-02 2.360452e-01 4.042572e+03 7.594564e+02 1.036105e+03  1000  5000 5.988706e-05     0 4.134602e-02 6.552234e+01 1.298939e+02 5.745741e-02 1.198208e-04 
   32 4.742852e-03 7.278369e-02 2.361417e-01 4.055200e+03 7.624928e+02 1.036306e+03  1000  5000 6.319030e-05     0 4.134951e-02 6.541749e+01 1.298942e+02 5.745509e-02 1.214839e-04 
3.210000e+01 4.762273e-03 7.255638e-02 2.362392e-01 4.067827e+03 7.655304e+02 1.036503e+03  1000  5000 4.970498e-05     0 4.135286e-02 6.531235e+01 1.298945e+02 5.745287e-02 1.228413e-04 
3.220000e+01 4.784501e-03 7.232855e-02 2.363370e-01 4.080455e+03 7.685692e+02 1.036698e+03  1000  5000 4.725795e-05     0 4.135607e-02 6.520695e+01 1.298948e+02 5.745075e-02 1.245238e-04 
3.230000e+01 4.808614e-03 7.210019e-02 2.364351e-01 4.093082e+03 7.716093e+02 1.036890e+03  1000  5000 4.926633e-05     0 4.135913e-02 6.510129e+01 1.298952e+02 5.744872e-02 1.266457e-04 
3.240000e+01 4.833024e-03 7.187134e-02 2.365337e-01 4.105709e+03 7.746507e+02 1.037079e+03  1000  5000 5.305685e-05     0 4.136206e-02 6.499537e+01 1.298955e+02 5.744679e-02 1.288912e-04 
3.250000e+01 4.856679e-03 7.164200e-02 2.366331e-01 4.118336e+03 7.776933e+02 1.037264e+03  1000  5000 5.744643e-05     0 4.136485e-02 6.488921e+01 1.298958e+02 5.744495e-02 1.308205e-04 
3.260000e+01 4.880561e-03 7.141219e-02 2.367336e-01 4.130963e+03 7.807372e+02 1.037447e+03  1000  5000 4.071942e-05     0 4.136749e-02 6.478282e+01 1.298962e+02 5.744321e-02 1.323632e-04 
3.270000e+01 4.907896e-03 7.118193e-02 2.368346e-01 4.143589e+03 7.837824e+02 1.037627e+03  1000  5000 3.783771e-05     0 4.137000e-02 6.467619e+01 1.298965e+02 5.744157e-02 1.343119e-04 
3.280000e+01 4.937525e-03 7.095124e-02 2.369359e-01 4.156215e+03 7.868290e+02 1.037804e+03  1000  5000 4.053358e-05     0 4.137237e-02 6.456935e+01 1.298968e+02 5.744002e-02 1.368116e-04 
3.290000e+01 4.967444e-03 7.072013e-02 2.370378e-01 4.168841e+03 7.898768e+02 1.037978e+03  1000  5000 4.544829e-05     0 4.137460e-02 6.446229e+01 1.298972e+02 5.743856e-02 1.394682e-04 
   33 4.996328e-03 7.048862e-02 2.371407e-01 4.181467e+03 7.929259e+02 1.038149e+03  1000  5000 5.109426e-05     0 4.137668e-02 6.435502e+01 1.298975e+02 5.743721e-02 1.417316e-04 
3.310000e+01 5.025411e-03 7.025673e-02 2.372449e-01 4.194092e+03 7.959764e+02 1.038317e+03  1000  5000 3.039255e-05     0 4.137863e-02 6.424756e+01 1.298979e+02 5.743594e-02 1.435134e-04 
3.320000e+01 5.058758e-03 7.002447e-02 2.373497e-01 4.206717e+03 7.990282e+02 1.038482e+03  1000  5000 2.693550e-05     0 4.138044e-02 6.413991e+01 1.298983e+02 5.743478e-02 1.458023e-04 
3.330000e+01 5.094920e-03 6.979187e-02 2.374549e-01 4.219342e+03 8.020813e+02 1.038644e+03  1000  5000 3.041912e-05     0 4.138211e-02 6.403208e+01 1.298986e+02 5.743370e-02 1.487798e-04 
3.340000e+01 5.131379e-03 6.955893e-02 2.375607e-01 4.231967e+03 8.051358e+02 1.038803e+03  1000  5000 3.665491e-05     0 4.138364e-02 6.392408e+01 1.298990e+02 5.743272e-02 1.519559e-04 
3.350000e+01 5.166472e-03 6.932568e-02 2.376679e-01 4.244591e+03 8.081917e+02 1.038959e+03  1000  5000 4.378554e-05     0 4.138504e-02 6.381590e+01 1.298994e+02 5.743184e-02 1.546464e-04 
3.360000e+01 5.201755e-03 6.909213e-02 2.377766e-01 4.257215e+03 8.112490e+02 1.039112e+03  1000  5000 1.810412e-05     0 4.138629e-02 6.370758e+01 1.298997e+02 5.743105e-02 1.567414e-04 
3.370000e+01 5.242340e-03 6.885829e-02 2.378859e-01 4.269839e+03 8.143076e+02 1.039262e+03  1000  5000 1.387598e-05     0 4.138741e-02 6.359910e+01 1.299001e+02 5.743035e-02 1.594723e-04 
3.380000e+01 5.286411e-03 6.862420e-02 2.379957e-01 4.282463e+03 8.173677e+02 1.039409e+03  1000  5000 1.828109e-05     0 4.138839e-02 6.349048e+01 1.299005e+02 5.742975e-02 1.630658e-04 
3.390000e+01 5.330808e-03 6.838985e-02 2.381063e-01 4.295086e+03 8.204292e+02 1.039553e+03  1000  5000 2.610401e-05     0 4.138923e-02 6.338172e+01 1.299009e+02 5.742924e-02 1.669120e-04 
   34 5.373444e-03 6.815528e-02 2.382185e-01 4.307709e+03 8.234921e+02 1.039694e+03  1000  5000 3.502851e-05     0 4.138993e-02 6.327284e+01 1.299013e+02 5.742883e-02 1.701586e-04 
3.410000e+01 5.416286e-03 6.792048e-02 2.383325e-01 4.320332e+03 8.265564e+02 1.039832e+03  1000  5000 2.962727e-06     0 4.139050e-02 6.316384e+01 1.299017e+02 5.742851e-02 1.726709e-04 
3.420000e+01 5.465787e-03 6.768549e-02 2.384473e-01 4.332954e+03 8.296222e+02 1.039967e+03  1000  5000 -2.315752e-06     0 4.139093e-02 6.305473e+01 1.299021e+02 5.742828e-02 1.759880e-04 
3.430000e+01 5.519662e-03 6.745033e-02 2.385625e-01 4.345577e+03 8.326895e+02 1.040098e+03  1000  5000 3.190274e-06     0 4.139122e-02 6.294551e+01 1.299025e+02 5.742814e-02 1.803928e-04 
3.440000e+01 5.573925e-03 6.721499e-02 2.386788e-01 4.358199e+03 8.357583e+02 1.040227e+03  1000  5000 1.296439e-05     0 4.139137e-02 6.283621e+01 1.299029e+02 5.742810e-02 1.851222e-04 
3.450000e+01 5.625939e-03 6.697951e-02 2.387970e-01 4.370820e+03 8.388286e+02 1.040353e+03  1000  5000 2.410739e-05     0 4.139139e-02 6.272681e+01 1.299033e+02 5.742815e-02 1.891092e-04 
3.460000e+01 5.678218e-03 6.674390e-02 2.389174e-01 4.383442e+03 8.419004e+02 1.040475e+03  1000  5000 -1.635438e-05     0 4.139127e-02 6.261734e+01 1.299037e+02 5.742829e-02 1.921888e-04 
3.470000e+01 5.738976e-03 6.650817e-02 2.390387e-01 4.396063e+03 8.449738e+02 1.040595e+03  1000  5000 -2.309360e-05     0 4.139102e-02 6.250779e+01 1.299042e+02 5.742853e-02 1.963008e-04 
3.480000e+01 5.805309e-03 6.627235e-02 2.391605e-01 4.408683e+03 8.480487e+02 1.040711e+03  1000  5000 -1.624344e-05     0 4.139063e-02 6.239818e+01 1.299046e+02 5.742886e-02 2.018008e-04 
3.490000e+01 5.872140e-03 6.603645e-02 2.392836e-01 4.421304e+03 8.511252e+02 1.040824e+03  1000  5000 -4.011083e-06     0 4.139011e-02 6.228851e+01 1.299050e+02 5.742928e-02 2.077238e-04 
   35 5.936111e-03 6.580049e-02 2.394090e-01 4.433924e+03 8.542033e+02 1.040935e+03  1000  5000 9.944636e-06     0 4.138944e-02 6.217880e+01 1.299055e+02 5.742979e-02 2.127211e-04 
3.510000e+01 6.000478e-03 6.556447e-02 2.395370e-01 4.446544e+03 8.572831e+02 1.041042e+03  1000  5000 -4.188280e-05     0 4.138864e-02 6.206905e+01 1.299059e+02 5.743039e-02 2.165912e-04 
3.520000e+01 6.075833e-03 6.532842e-02 2.396662e-01 4.459163e+03 8.603644e+02 1.041146e+03  1000  5000 -5.070738e-05     0 4.138771e-02 6.195926e+01 1.299063e+02 5.743108e-02 2.218111e-04 
3.530000e+01 6.158431e-03 6.509236e-02 2.397959e-01 4.471782e+03 8.634475e+02 1.041247e+03  1000  5000 -4.217886e-05     0 4.138665e-02 6.184945e+01 1.299068e+02 5.743187e-02 2.288318e-04 
3.540000e+01 6.241719e-03 6.485631e-02 2.399270e-01 4.484401e+03 8.665322e+02 1.041345e+03  1000  5000 -2.676560e-05     0 4.138545e-02 6.173962e+01 1.299072e+02 5.743274e-02 2.364158e-04 
3.550000e+01 6.321360e-03 6.462027e-02 2.400611e-01 4.497019e+03 8.696186e+02 1.041440e+03  1000  5000 -9.144909e-06     0 4.138411e-02 6.162978e+01 1.299077e+02 5.743371e-02 2.428331e-04 
3.560000e+01 6.401660e-03 6.438426e-02 2.401985e-01 4.509637e+03 8.727068e+02 1.041532e+03  1000  5000 -7.689031e-05     0 4.138263e-02 6.151994e+01 1.299081e+02 5.743477e-02 2.478381e-04 
3.570000e+01 6.496519e-03 6.414830e-02 2.403371e-01 4.522255e+03 8.757967e+02 1.041621e+03  1000  5000 -8.879167e-05     0 4.138103e-02 6.141011e+01 1.299086e+02 5.743591e-02 2.546526e-04 
3.580000e+01 6.601018e-03 6.391243e-02 2.404763e-01 4.534872e+03 8.788885e+02 1.041706e+03  1000  5000 -7.811724e-05     0 4.137929e-02 6.130029e+01 1.299091e+02 5.743715e-02 2.638582e-04 
3.590000e+01 6.706539e-03 6.367663e-02 2.406172e-01 4.547489e+03 8.819820e+02 1.041789e+03  1000  5000 -5.846224e-05     0 4.137742e-02 6.119049e+01 1.299095e+02 5.743848e-02 2.738355e-04 
   36 6.807373e-03 6.344093e-02 2.407618e-01 4.560106e+03 8.850774e+02 1.041868e+03  1000  5000 -3.591548e-05     0 4.137540e-02 6.108072e+01 1.299100e+02 5.743990e-02 2.823206e-04 
3.610000e+01 6.909366e-03 6.320534e-02 2.409106e-01 4.572722e+03 8.881747e+02 1.041945e+03  1000  5000 -1.268934e-04     0 4.137325e-02 6.097099e+01 1.299105e+02 5.744141e-02 2.890157e-04 
3.620000e+01 7.031220e-03 6.296988e-02 2.410608e-01 4.585338e+03 8.912739e+02 1.042018e+03  1000  5000 -1.435274e-04     0 4.137097e-02 6.086130e+01 1.299109e+02 5.744300e-02 2.982189e-04 
3.630000e+01 7.166301e-03 6.273459e-02 2.412116e-01 4.597953e+03 8.943751e+02 1.042088e+03  1000  5000 -1.300393e-04     0 4.136856e-02 6.075166e+01 1.299114e+02 5.744469e-02 3.106973e-04 
3.640000e+01 7.302985e-03 6.249947e-02 2.413644e-01 4.610568e+03 8.974782e+02 1.042155e+03  1000  5000 -1.045254e-04     0 4.136602e-02 6.064209e+01 1.299119e+02 5.744646e-02 3.242739e-04 
3.650000e+01 7.433566e-03 6.226452e-02 2.415220e-01 4.623183e+03 9.005834e+02 1.042220e+03  1000  5000 -7.511083e-05     0 4.136333e-02 6.053258e+01 1.299124e+02 5.744833e-02 3.359043e-04 
3.660000e+01 7.566277e-03 6.202974e-02 2.416849e-01 4.635797e+03 9.036907e+02 1.042281e+03  1000  5000 -2.017990e-04     0 4.136050e-02 6.042314e+01 1.299129e+02 5.745028e-02 3.452339e-04 
3.670000e+01 7.727126e-03 6.179520e-02 2.418494e-01 4.648410e+03 9.068000e+02 1.042338e+03  1000  5000 -2.261130e-04     0 4.135755e-02 6.031379e+01 1.299134e+02 5.745232e-02 3.581989e-04 
3.680000e+01 7.906859e-03 6.156090e-02 2.420143e-01 4.661023e+03 9.099115e+02 1.042393e+03  1000  5000 -2.088352e-04     0 4.135447e-02 6.020453e+01 1.299139e+02 5.745445e-02 3.758435e-04 
3.690000e+01 8.089254e-03 6.132686e-02 2.421818e-01 4.673636e+03 9.130252e+02 1.042445e+03  1000  5000 -1.748748e-04     0 4.135125e-02 6.009536e+01 1.299144e+02 5.745667e-02 3.951320e-04 
   37 8.263545e-03 6.109306e-02 2.423554e-01 4.686248e+03 9.161412e+02 1.042494e+03  1000  5000 -1.354455e-04     0 4.134788e-02 5.998630e+01 1.299149e+02 5.745898e-02 4.118180e-04 
3.710000e+01 8.441926e-03 6.085951e-02 2.425362e-01 4.698860e+03 9.192595e+02 1.042540e+03  1000  5000 -3.208635e-04     0 4.134436e-02 5.987735e+01 1.299154e+02 5.746138e-02 4.255017e-04 
3.720000e+01 8.662279e-03 6.062628e-02 2.427186e-01 4.711471e+03 9.223801e+02 1.042582e+03  1000  5000 -3.585522e-04     0 4.134072e-02 5.976852e+01 1.299159e+02 5.746386e-02 4.447876e-04 
3.730000e+01 8.911064e-03 6.039339e-02 2.429008e-01 4.724082e+03 9.255032e+02 1.042622e+03  1000  5000 -3.360266e-04     0 4.133695e-02 5.965982e+01 1.299164e+02 5.746643e-02 4.711616e-04 
3.740000e+01 9.164551e-03 6.016084e-02 2.430863e-01 4.736692e+03 9.286288e+02 1.042658e+03  1000  5000 -2.892060e-04     0 4.133304e-02 5.955125e+01 1.299169e+02 5.746908e-02 5.001729e-04 
3.750000e+01 9.406976e-03 5.992860e-02 2.432801e-01 4.749301e+03 9.317569e+02 1.042692e+03  1000  5000 -2.343057e-04     0 4.132897e-02 5.944282e+01 1.299174e+02 5.747183e-02 5.255911e-04 
3.760000e+01 9.657771e-03 5.969667e-02 2.434838e-01 4.761910e+03 9.348876e+02 1.042722e+03  1000  5000 -5.257148e-04     0 4.132474e-02 5.933454e+01 1.299180e+02 5.747468e-02 5.470501e-04 
3.770000e+01 9.975903e-03 5.946516e-02 2.436885e-01 4.774518e+03 9.380211e+02 1.042749e+03  1000  5000 -5.890705e-04     0 4.132039e-02 5.922642e+01 1.299185e+02 5.747759e-02 5.779279e-04 
3.780000e+01 1.034017e-02 5.923412e-02 2.438918e-01 4.787126e+03 9.411573e+02 1.042774e+03  1000  5000 -5.591053e-04     0 4.131592e-02 5.911846e+01 1.299190e+02 5.748057e-02 6.204846e-04 
3.790000e+01 1.071343e-02 5.900351e-02 2.440988e-01 4.799733e+03 9.442965e+02 1.042795e+03  1000  5000 -4.912073e-04     0 4.131129e-02 5.901068e+01 1.299196e+02 5.748365e-02 6.677074e-04 
   38 1.107099e-02 5.877326e-02 2.443180e-01 4.812339e+03 9.474386e+02 1.042813e+03  1000  5000 -4.104539e-04     0 4.130648e-02 5.890307e+01 1.299201e+02 5.748684e-02 7.097640e-04 
3.810000e+01 1.144751e-02 5.854337e-02 2.445512e-01 4.824945e+03 9.505839e+02 1.042828e+03  1000  5000 -9.212410e-04     0 4.130148e-02 5.879565e+01 1.299207e+02 5.749012e-02 7.466918e-04 
3.820000e+01 1.194472e-02 5.831405e-02 2.447830e-01 4.837549e+03 9.537323e+02 1.042840e+03  1000  5000 -1.041400e-03     0 4.129637e-02 5.868842e+01 1.299212e+02 5.749342e-02 8.016878e-04 
3.830000e+01 1.252575e-02 5.808538e-02 2.450094e-01 4.850153e+03 9.568840e+02 1.042849e+03  1000  5000 -1.000937e-03     0 4.129115e-02 5.858139e+01 1.299218e+02 5.749678e-02 8.785776e-04 
3.840000e+01 1.312612e-02 5.785727e-02 2.452397e-01 4.862757e+03 9.600393e+02 1.042855e+03  1000  5000 -8.945704e-04     0 4.128576e-02 5.847456e+01 1.299223e+02 5.750022e-02 9.650245e-04 
3.850000e+01 1.370283e-02 5.762955e-02 2.454887e-01 4.875359e+03 9.631982e+02 1.042858e+03  1000  5000 -7.653171e-04     0 4.128012e-02 5.836796e+01 1.299229e+02 5.750380e-02 1.043673e-03 
3.860000e+01 1.433121e-02 5.740223e-02 2.457584e-01 4.887961e+03 9.663608e+02 1.042858e+03  1000  5000 -1.845665e-03     0 4.127423e-02 5.826157e+01 1.299234e+02 5.750744e-02 1.116896e-03 
3.870000e+01 1.522098e-02 5.717583e-02 2.460160e-01 4.900561e+03 9.695275e+02 1.042855e+03  1000  5000 -2.124631e-03     0 4.126829e-02 5.815542e+01 1.299240e+02 5.751095e-02 1.233393e-03 
3.880000e+01 1.629550e-02 5.695057e-02 2.462535e-01 4.913161e+03 9.726983e+02 1.042849e+03  1000  5000 -2.072058e-03     0 4.126234e-02 5.804950e+01 1.299246e+02 5.751437e-02 1.401037e-03 
3.890000e+01 1.742042e-02 5.672623e-02 2.464911e-01 4.925759e+03 9.758737e+02 1.042840e+03  1000  5000 -1.881799e-03     0 4.125621e-02 5.794382e+01 1.299252e+02 5.751782e-02 1.593616e-03 
   39 1.850604e-02 5.650231e-02 2.467604e-01 4.938357e+03 9.790537e+02 1.042828e+03  1000  5000 -1.642202e-03     0 4.124970e-02 5.783839e+01 1.299258e+02 5.752145e-02 1.773967e-03 
3.910000e+01 1.980523e-02 5.627895e-02 2.470561e-01 4.950953e+03 9.822388e+02 1.042813e+03  1000  5000 -5.096484e-03     0 4.124238e-02 5.773325e+01 1.299264e+02 5.752485e-02 1.962938e-03 
3.920000e+01 2.195762e-02 5.605867e-02 2.472707e-01 4.963548e+03 9.854293e+02 1.042795e+03  1000  5000 -6.091109e-03     0 4.123625e-02 5.762836e+01 1.299270e+02 5.752681e-02 2.317015e-03 
3.930000e+01 2.473069e-02 5.584280e-02 2.473785e-01 4.976141e+03 9.886256e+02 1.042774e+03  1000  5000 -6.064229e-03     0 4.123099e-02 5.752373e+01 1.299276e+02 5.752725e-02 2.861924e-03 
3.940000e+01 2.770419e-02 5.563065e-02 2.474444e-01 4.988733e+03 9.918285e+02 1.042750e+03  1000  5000 -5.605989e-03     0 4.122606e-02 5.741939e+01 1.299283e+02 5.752668e-02 3.513621e-03 
3.950000e+01 3.059732e-02 5.541982e-02 2.475735e-01 5.001323e+03 9.950386e+02 1.042723e+03  1000  5000 -4.986768e-03     0 4.122103e-02 5.731533e+01 1.299289e+02 5.752606e-02 4.150720e-03 
3.960000e+01 3.924966e-02 5.523365e-02 2.471466e-01 5.013911e+03 9.982567e+02 1.042693e+03  1000  5000 -7.916195e-02     0 4.121728e-02 5.721163e+01 1.299296e+02 5.749692e-02 5.759816e-03 
3.970000e+01 6.679360e-02 5.524199e-02 2.436418e-01 5.026496e+03 1.001485e+03 1.042659e+03  1000  5000 -1.000000e-01     0 4.125231e-02 5.710829e+01 1.299304e+02 5.729097e-02 1.186731e-02 
3.980000e+01 1.071605e-01 5.574203e-02 2.365730e-01 5.039078e+03 1.004730e+03 1.042622e+03  1000  5000 -1.000000e-01     0 4.137936e-02 5.700531e+01 1.299314e+02 5.669835e-02 2.288498e-02 
3.990000e+01 1.517244e-01 5.696056e-02 2.274944e-01 5.051653e+03 1.007999e+03 1.042579e+03  1000  5000 -1.000000e-01     0 4.189941e-02 5.690279e+01 1.299324e+02 5.565463e-02 3.686235e-02 
   40 1.968015e-01 5.887415e-02 2.185008e-01 5.064220e+03 1.011300e+03 1.042527e+03  5000 10000 -9.256810e-02     0 4.299949e-02 5.680115e+01 1.299332e+02 5.427197e-02 5.151699e-02 
4.010000e+01 2.366012e-01 6.096617e-02 2.121690e-01 5.076776e+03 1.014642e+03 1.042463e+03  5000 10000 -4.371418e-02     0 4.479600e-02 5.670070e+01 1.299336e+02 5.294954e-02 6.392663e-02 
4.020000e+01 2.630921e-01 6.207335e-02 2.115284e-01 5.089319e+03 1.018030e+03 1.042384e+03  5000 10000 -2.084926e-02     0 4.606859e-02 5.660184e+01 1.299344e+02 5.233161e-02 7.036230e-02 
4.030000e+01 2.791108e-01 6.131710e-02 2.178826e-01 5.101849e+03 1.021471e+03 1.042287e+03  5000 10000 -9.423126e-03     0 4.580291e-02 5.650468e+01 1.299378e+02 5.233332e-02 6.943715e-02 
4.040000e+01 2.898179e-01 5.866899e-02 2.307651e-01 5.114363e+03 1.024969e+03 1.042173e+03  5000 10000 -3.299552e-03     0 4.370238e-02 5.640955e+01 1.299469e+02 5.273643e-02 6.188667e-02 
4.050000e+01 2.987975e-01 5.476976e-02 2.486243e-01 5.126860e+03 1.028530e+03 1.042039e+03  5000 10000 4.399987e-04     0 4.141773e-02 5.631617e+01 1.299637e+02 5.355726e-02 4.965725e-02 
4.060000e+01 3.074966e-01 5.034937e-02 2.693858e-01 5.139339e+03 1.032162e+03 1.041886e+03  5000 10000 5.683088e-03     0 3.893965e-02 5.622484e+01 1.299877e+02 5.480474e-02 3.511524e-02 
4.070000e+01 3.157206e-01 4.601453e-02 2.909939e-01 5.151797e+03 1.035873e+03 1.041715e+03  5000 10000 8.973647e-03     0 3.676839e-02 5.613562e+01 1.300169e+02 5.640551e-02 2.043270e-02 
4.080000e+01 3.231226e-01 4.218301e-02 3.116495e-01 5.164231e+03 1.039672e+03 1.041524e+03  5000 10000 1.144014e-02     0 3.500434e-02 5.604845e+01 1.300488e+02 5.813494e-02 7.398556e-03 
4.090000e+01 3.292210e-01 3.911405e-02 3.300269e-01 5.176639e+03 1.043566e+03 1.041317e+03  5000 10000 1.342893e-02     0 3.346429e-02 5.596324e+01 1.300814e+02 5.974864e-02 -2.770951e-03 
   41 3.335201e-01 3.697209e-02 3.453934e-01 5.189018e+03 1.047561e+03 1.041095e+03  5000 10000 1.498667e-02     0 3.198666e-02 5.587987e+01 1.301141e+02 6.110567e-02 -9.500866e-03 
4.110000e+01 3.349878e-01 3.581983e-02 3.576729e-01 5.201366e+03 1.051662e+03 1.040858e+03  5000 10000 2.482689e-02     0 3.053707e-02 5.579822e+01 1.301467e+02 6.219332e-02 -1.292904e-02 
4.120000e+01 3.319460e-01 3.556104e-02 3.674470e-01 5.213680e+03 1.055871e+03 1.040609e+03  5000 10000 2.830282e-02     0 2.916466e-02 5.571820e+01 1.301795e+02 6.308300e-02 -1.393761e-02 
4.130000e+01 3.251829e-01 3.606202e-02 3.753854e-01 5.225961e+03 1.060188e+03 1.040350e+03  5000 10000 2.877658e-02     0 2.800353e-02 5.563968e+01 1.302124e+02 6.389862e-02 -1.333227e-02 
4.140000e+01 3.161328e-01 3.714832e-02 3.820455e-01 5.238207e+03 1.064611e+03 1.040083e+03  5000 10000 2.770171e-02     0 2.707761e-02 5.556223e+01 1.302450e+02 6.470817e-02 -1.173076e-02 
4.150000e+01 3.060276e-01 3.861819e-02 3.878671e-01 5.250419e+03 1.069136e+03 1.039812e+03  5000 10000 2.582303e-02     0 2.634412e-02 5.548569e+01 1.302767e+02 6.550523e-02 -9.605657e-03 
4.160000e+01 2.954718e-01 4.027105e-02 3.932218e-01 5.262596e+03 1.073761e+03 1.039539e+03  5000 10000 2.723984e-02     0 2.576724e-02 5.540981e+01 1.303066e+02 6.624402e-02 -7.362346e-03 
4.170000e+01 2.843975e-01 4.192275e-02 3.984822e-01 5.274740e+03 1.078481e+03 1.039267e+03  5000 10000 2.610889e-02     0 2.534391e-02 5.533430e+01 1.303343e+02 6.687885e-02 -5.426238e-03 
4.180000e+01 2.734259e-01 4.346449e-02 4.038607e-01 5.286851e+03 1.083293e+03 1.038999e+03  5000 10000 2.400984e-02     0 2.509162e-02 5.525889e+01 1.303592e+02 6.738367e-02 -3.982077e-03 
4.190000e+01 2.631885e-01 4.485274e-02 4.094055e-01 5.298930e+03 1.088192e+03 1.038737e+03  5000 10000 2.163197e-02     0 2.501800e-02 5.518336e+01 1.303811e+02 6.774243e-02 -3.015540e-03 
   42 2.540495e-01 4.608322e-02 4.150626e-01 5.310976e+03 1.093176e+03 1.038483e+03  5000 10000 1.930238e-02     0 2.511347e-02 5.510752e+01 1.303997e+02 6.794963e-02 -2.408984e-03 
4.210000e+01 2.459472e-01 4.716647e-02 4.207537e-01 5.322991e+03 1.098241e+03 1.038240e+03  5000 10000 1.942909e-02     0 2.535911e-02 5.503123e+01 1.304150e+02 6.801091e-02 -2.045151e-03 
4.220000e+01 2.384245e-01 4.810755e-02 4.264513e-01 5.334974e+03 1.103384e+03 1.038006e+03  5000 10000 1.830909e-02     0 2.573167e-02 5.495439e+01 1.304270e+02 6.794117e-02 -1.896128e-03 
4.230000e+01 2.315037e-01 4.892442e-02 4.320981e-01 5.346926e+03 1.108602e+03 1.037784e+03  5000 10000 1.681471e-02     0 2.621141e-02 5.487694e+01 1.304360e+02 6.776114e-02 -1.877371e-03 
4.240000e+01 2.252886e-01 4.964185e-02 4.376106e-01 5.358846e+03 1.113893e+03 1.037573e+03  5000 10000 1.528453e-02     0 2.677953e-02 5.479886e+01 1.304419e+02 6.749144e-02 -1.873173e-03 
4.250000e+01 2.198010e-01 5.028157e-02 4.429120e-01 5.370736e+03 1.119254e+03 1.037374e+03  5000 10000 1.385206e-02     0 2.741446e-02 5.472014e+01 1.304451e+02 6.715035e-02 -1.782681e-03 
4.260000e+01 2.148038e-01 5.085344e-02 4.479748e-01 5.382595e+03 1.124684e+03 1.037185e+03  5000 10000 1.490602e-02     0 2.809432e-02 5.464081e+01 1.304458e+02 6.675367e-02 -1.577991e-03 
4.270000e+01 2.097869e-01 5.134872e-02 4.528645e-01 5.394424e+03 1.130181e+03 1.037007e+03  5000 10000 1.454506e-02     0 2.880001e-02 5.456089e+01 1.304440e+02 6.631622e-02 -1.354592e-03 
4.280000e+01 2.048260e-01 5.176577e-02 4.576248e-01 5.406223e+03 1.135741e+03 1.036840e+03  5000 10000 1.365926e-02     0 2.952134e-02 5.448043e+01 1.304401e+02 6.585240e-02 -1.149086e-03 
4.290000e+01 2.001265e-01 5.211046e-02 4.622596e-01 5.417991e+03 1.141364e+03 1.036682e+03  5000 10000 1.260752e-02     0 3.025120e-02 5.439949e+01 1.304342e+02 6.537327e-02 -9.452947e-04 
   43 1.958221e-01 5.239031e-02 4.667561e-01 5.429730e+03 1.147048e+03 1.036532e+03  5000 10000 1.154805e-02     0 3.098008e-02 5.431813e+01 1.304266e+02 6.488642e-02 -7.113525e-04 
4.310000e+01 1.918048e-01 5.260821e-02 4.711202e-01 5.441439e+03 1.152790e+03 1.036391e+03  5000 10000 1.253970e-02     0 3.169777e-02 5.423640e+01 1.304174e+02 6.439751e-02 -4.506165e-04 
4.320000e+01 1.877096e-01 5.275675e-02 4.754174e-01 5.453119e+03 1.158589e+03 1.036258e+03  5000 10000 1.229677e-02     0 3.239534e-02 5.415437e+01 1.304068e+02 6.391220e-02 -2.490474e-04 
4.330000e+01 1.836421e-01 5.283690e-02 4.796781e-01 5.464771e+03 1.164443e+03 1.036130e+03  5000 10000 1.159106e-02     0 3.306977e-02 5.407211e+01 1.303950e+02 6.343631e-02 -1.279983e-04 
4.340000e+01 1.797975e-01 5.285733e-02 4.838898e-01 5.476393e+03 1.170351e+03 1.036009e+03  5000 10000 1.073749e-02     0 3.372002e-02 5.398969e+01 1.303822e+02 6.297407e-02 -5.544008e-05 
4.350000e+01 1.762946e-01 5.282875e-02 4.880210e-01 5.487988e+03 1.176311e+03 1.035893e+03  5000 10000 9.875747e-03     0 3.434291e-02 5.390716e+01 1.303685e+02 6.252806e-02 1.721795e-05 
4.360000e+01 1.730324e-01 5.275797e-02 4.920574e-01 5.499555e+03 1.182323e+03 1.035781e+03  5000 10000 1.083235e-02     0 3.493403e-02 5.382461e+01 1.303541e+02 6.210013e-02 1.066778e-04 
4.370000e+01 1.696789e-01 5.264268e-02 4.960403e-01 5.511094e+03 1.188383e+03 1.035673e+03  5000 10000 1.068952e-02     0 3.548919e-02 5.374209e+01 1.303392e+02 6.169250e-02 1.532429e-04 
4.380000e+01 1.663203e-01 5.248629e-02 4.999837e-01 5.522607e+03 1.194493e+03 1.035567e+03  5000 10000 1.013046e-02     0 3.600870e-02 5.365966e+01 1.303239e+02 6.130750e-02 1.490122e-04 
4.390000e+01 1.631231e-01 5.229731e-02 5.038682e-01 5.534092e+03 1.200649e+03 1.035464e+03  5000 10000 9.432875e-03     0 3.649456e-02 5.357738e+01 1.303084e+02 6.094651e-02 1.280462e-04 
   44 1.601897e-01 5.208489e-02 5.076622e-01 5.545551e+03 1.206851e+03 1.035362e+03  5000 10000 8.719386e-03     0 3.694676e-02 5.349531e+01 1.302926e+02 6.060971e-02 1.345053e-04 
4.410000e+01 1.574257e-01 5.185407e-02 5.113540e-01 5.556983e+03 1.213098e+03 1.035261e+03  5000 10000 9.673339e-03     0 3.736398e-02 5.341350e+01 1.302768e+02 6.029680e-02 1.799865e-04 
4.420000e+01 1.545286e-01 5.160171e-02 5.149855e-01 5.568390e+03 1.219389e+03 1.035161e+03  5000 10000 9.600334e-03     0 3.774476e-02 5.333200e+01 1.302611e+02 6.000783e-02 2.041055e-04 
4.430000e+01 1.515838e-01 5.132928e-02 5.185742e-01 5.579771e+03 1.225723e+03 1.035060e+03  5000 10000 9.131666e-03     0 3.809131e-02 5.325085e+01 1.302455e+02 5.974312e-02 1.933510e-04 
4.440000e+01 1.487525e-01 5.104255e-02 5.221064e-01 5.591127e+03 1.232099e+03 1.034959e+03  5000 10000 8.525000e-03     0 3.840700e-02 5.317010e+01 1.302301e+02 5.950229e-02 1.733547e-04 
4.450000e+01 1.461368e-01 5.074787e-02 5.255566e-01 5.602458e+03 1.238516e+03 1.034856e+03  5000 10000 7.895178e-03     0 3.869334e-02 5.308978e+01 1.302149e+02 5.928417e-02 1.803069e-04 
4.460000e+01 1.436588e-01 5.044839e-02 5.289162e-01 5.613764e+03 1.244973e+03 1.034752e+03  5000 10000 8.774256e-03     0 3.895044e-02 5.300993e+01 1.302001e+02 5.908733e-02 2.223370e-04 
4.470000e+01 1.410496e-01 5.014060e-02 5.322246e-01 5.625047e+03 1.251469e+03 1.034646e+03  5000 10000 8.716076e-03     0 3.917811e-02 5.293057e+01 1.301856e+02 5.891085e-02 2.435426e-04 
4.480000e+01 1.383907e-01 4.982500e-02 5.354979e-01 5.636305e+03 1.258004e+03 1.034538e+03  5000 10000 8.295701e-03     0 3.937901e-02 5.285175e+01 1.301716e+02 5.875416e-02 2.311807e-04 
4.490000e+01 1.358313e-01 4.950574e-02 5.387233e-01 5.647540e+03 1.264576e+03 1.034427e+03  5000 10000 7.748243e-03     0 3.955664e-02 5.277348e+01 1.301580e+02 5.861627e-02 2.086183e-04 
   45 1.334655e-01 4.918760e-02 5.418767e-01 5.658751e+03 1.271185e+03 1.034314e+03  5000 10000 7.178701e-03     0 3.971278e-02 5.269578e+01 1.301448e+02 5.849569e-02 2.092360e-04 
4.510000e+01 1.312233e-01 4.887266e-02 5.449498e-01 5.669940e+03 1.277830e+03 1.034198e+03  5000 10000 7.980748e-03     0 3.984796e-02 5.261868e+01 1.301322e+02 5.839084e-02 2.411793e-04 
4.520000e+01 1.288609e-01 4.855753e-02 5.479774e-01 5.681107e+03 1.284511e+03 1.034078e+03  5000 10000 7.930021e-03     0 3.996231e-02 5.254219e+01 1.301200e+02 5.830064e-02 2.544631e-04 
4.530000e+01 1.264524e-01 4.824218e-02 5.509736e-01 5.692251e+03 1.291226e+03 1.033956e+03  5000 10000 7.549605e-03     0 4.005824e-02 5.246633e+01 1.301084e+02 5.822435e-02 2.380105e-04 
4.540000e+01 1.241329e-01 4.792959e-02 5.539259e-01 5.703373e+03 1.297975e+03 1.033830e+03  5000 10000 7.053319e-03     0 4.013882e-02 5.239111e+01 1.300973e+02 5.816102e-02 2.133372e-04 
4.550000e+01 1.219881e-01 4.762325e-02 5.568124e-01 5.714474e+03 1.304757e+03 1.033700e+03  5000 10000 6.536629e-03     0 4.020561e-02 5.231653e+01 1.300867e+02 5.810927e-02 2.108944e-04 
4.560000e+01 1.199542e-01 4.732441e-02 5.596252e-01 5.725553e+03 1.311572e+03 1.033567e+03  5000 10000 7.271472e-03     0 4.025908e-02 5.224263e+01 1.300766e+02 5.806773e-02 2.380189e-04 
4.570000e+01 1.178087e-01 4.702979e-02 5.623963e-01 5.736611e+03 1.318418e+03 1.033431e+03  5000 10000 7.227485e-03     0 4.029933e-02 5.216939e+01 1.300670e+02 5.803546e-02 2.489657e-04 
4.580000e+01 1.156193e-01 4.673888e-02 5.651386e-01 5.747649e+03 1.325296e+03 1.033291e+03  5000 10000 6.882136e-03     0 4.032829e-02 5.209682e+01 1.300580e+02 5.801187e-02 2.333644e-04 
4.590000e+01 1.135097e-01 4.645375e-02 5.678409e-01 5.758667e+03 1.332205e+03 1.033147e+03  5000 10000 6.430618e-03     0 4.034844e-02 5.202494e+01 1.300494e+02 5.799616e-02 2.105798e-04 
   46 1.115584e-01 4.617691e-02 5.704832e-01 5.769665e+03 1.339144e+03 1.033000e+03  5000 10000 5.960119e-03     0 4.036098e-02 5.195375e+01 1.300414e+02 5.798726e-02 2.081911e-04 
4.610000e+01 1.097073e-01 4.590904e-02 5.730584e-01 5.780643e+03 1.346112e+03 1.032849e+03  5000 10000 6.631635e-03     0 4.036617e-02 5.188325e+01 1.300338e+02 5.798409e-02 2.327743e-04 
4.620000e+01 1.077540e-01 4.564705e-02 5.755959e-01 5.791601e+03 1.353110e+03 1.032694e+03  5000 10000 6.592105e-03     0 4.036392e-02 5.181343e+01 1.300267e+02 5.798596e-02 2.425422e-04 
4.630000e+01 1.057602e-01 4.539021e-02 5.781072e-01 5.802541e+03 1.360136e+03 1.032536e+03  5000 10000 6.277386e-03     0 4.035570e-02 5.174432e+01 1.300200e+02 5.799247e-02 2.279938e-04 
4.640000e+01 1.038390e-01 4.513997e-02 5.805822e-01 5.813461e+03 1.367189e+03 1.032374e+03  5000 10000 5.865666e-03     0 4.034337e-02 5.167590e+01 1.300137e+02 5.800309e-02 2.067924e-04 
4.650000e+01 1.020619e-01 4.489817e-02 5.830025e-01 5.824364e+03 1.374271e+03 1.032209e+03  5000 10000 5.436549e-03     0 4.032778e-02 5.160818e+01 1.300078e+02 5.801703e-02 2.041302e-04 
4.660000e+01 1.003763e-01 4.466514e-02 5.853617e-01 5.835248e+03 1.381379e+03 1.032040e+03  5000 10000 6.050055e-03     0 4.030893e-02 5.154115e+01 1.300024e+02 5.803351e-02 2.260507e-04 
4.670000e+01 9.859720e-02 4.443811e-02 5.876865e-01 5.846114e+03 1.388513e+03 1.031868e+03  5000 10000 6.014334e-03     0 4.028658e-02 5.147483e+01 1.299973e+02 5.805212e-02 2.344544e-04 
4.680000e+01 9.678105e-02 4.421627e-02 5.899873e-01 5.856962e+03 1.395673e+03 1.031693e+03  5000 10000 5.727333e-03     0 4.026173e-02 5.140920e+01 1.299925e+02 5.807264e-02 2.206990e-04 
4.690000e+01 9.503092e-02 4.400066e-02 5.922549e-01 5.867793e+03 1.402859e+03 1.031515e+03  5000 10000 5.351737e-03     0 4.023578e-02 5.134426e+01 1.299881e+02 5.809476e-02 2.009311e-04 
   47 9.341233e-02 4.379268e-02 5.944726e-01 5.878607e+03 1.410070e+03 1.031333e+03  5000 10000 4.960223e-03     0 4.020924e-02 5.128003e+01 1.299840e+02 5.811797e-02 1.981643e-04 
4.710000e+01 9.187706e-02 4.359247e-02 5.966343e-01 5.889404e+03 1.417305e+03 1.031148e+03  5000 10000 5.520871e-03     0 4.018193e-02 5.121649e+01 1.299803e+02 5.814175e-02 2.179186e-04 
4.720000e+01 9.025632e-02 4.339759e-02 5.987645e-01 5.900184e+03 1.424564e+03 1.030961e+03  5000 10000 5.488567e-03     0 4.015348e-02 5.115365e+01 1.299768e+02 5.816587e-02 2.253929e-04 
4.730000e+01 8.860159e-02 4.320727e-02 6.008727e-01 5.910948e+03 1.431847e+03 1.030770e+03  5000 10000 5.226748e-03     0 4.012456e-02 5.109150e+01 1.299735e+02 5.819028e-02 2.126842e-04 
4.740000e+01 8.700701e-02 4.302228e-02 6.029506e-01 5.921695e+03 1.439152e+03 1.030577e+03  5000 10000 4.883987e-03     0 4.009617e-02 5.103004e+01 1.299705e+02 5.821485e-02 1.945269e-04 
4.750000e+01 8.553243e-02 4.284371e-02 6.049827e-01 5.932427e+03 1.446481e+03 1.030381e+03  5000 10000 4.526656e-03     0 4.006860e-02 5.096928e+01 1.299678e+02 5.823925e-02 1.919278e-04 
4.760000e+01 8.413388e-02 4.267163e-02 6.069637e-01 5.943144e+03 1.453832e+03 1.030182e+03  5000 10000 5.038793e-03     0 4.004156e-02 5.090921e+01 1.299653e+02 5.826316e-02 2.099185e-04 
4.770000e+01 8.265726e-02 4.250394e-02 6.089159e-01 5.953844e+03 1.461205e+03 1.029980e+03  5000 10000 5.009451e-03     0 4.001458e-02 5.084983e+01 1.299629e+02 5.828650e-02 2.167087e-04 
4.780000e+01 8.114957e-02 4.233994e-02 6.108479e-01 5.964530e+03 1.468599e+03 1.029776e+03  5000 10000 4.770516e-03     0 3.998811e-02 5.079115e+01 1.299608e+02 5.830933e-02 2.050775e-04 
4.790000e+01 7.969676e-02 4.218026e-02 6.127523e-01 5.975201e+03 1.476014e+03 1.029570e+03  5000 10000 4.457660e-03     0 3.996288e-02 5.073315e+01 1.299589e+02 5.833162e-02 1.884785e-04 
   48 7.835350e-02 4.202578e-02 6.146148e-01 5.985857e+03 1.483450e+03 1.029361e+03  5000 10000 4.131493e-03     0 3.993900e-02 5.067585e+01 1.299571e+02 5.835318e-02 1.860938e-04 
4.810000e+01 7.707966e-02 4.187653e-02 6.164306e-01 5.996499e+03 1.490907e+03 1.029150e+03  5000 10000 4.599226e-03     0 3.991614e-02 5.061923e+01 1.299554e+02 5.837383e-02 2.025162e-04 
4.820000e+01 7.573456e-02 4.173075e-02 6.182201e-01 6.007126e+03 1.498383e+03 1.028936e+03  5000 10000 4.572544e-03     0 3.989382e-02 5.056331e+01 1.299540e+02 5.839357e-02 2.087132e-04 
4.830000e+01 7.436110e-02 4.158786e-02 6.199912e-01 6.017739e+03 1.505879e+03 1.028721e+03  5000 10000 4.354492e-03     0 3.987232e-02 5.050808e+01 1.299526e+02 5.841252e-02 1.980923e-04 
4.840000e+01 7.303774e-02 4.144837e-02 6.217370e-01 6.028339e+03 1.513394e+03 1.028503e+03  5000 10000 4.068947e-03     0 3.985218e-02 5.045354e+01 1.299514e+02 5.843071e-02 1.829404e-04 
4.850000e+01 7.181440e-02 4.131302e-02 6.234446e-01 6.038925e+03 1.520928e+03 1.028283e+03  5000 10000 3.771248e-03     0 3.983342e-02 5.039969e+01 1.299503e+02 5.844805e-02 1.807734e-04 
4.860000e+01 7.065443e-02 4.118186e-02 6.251096e-01 6.049497e+03 1.528481e+03 1.028061e+03  5000 10000 4.198455e-03     0 3.981571e-02 5.034653e+01 1.299493e+02 5.846443e-02 1.957831e-04 
4.870000e+01 6.942943e-02 4.105340e-02 6.267505e-01 6.060056e+03 1.536052e+03 1.027837e+03  5000 10000 4.174220e-03     0 3.979857e-02 5.029406e+01 1.299484e+02 5.847990e-02 2.014539e-04 
4.880000e+01 6.817852e-02 4.092719e-02 6.283747e-01 6.070603e+03 1.543641e+03 1.027612e+03  5000 10000 3.975251e-03     0 3.978222e-02 5.024229e+01 1.299475e+02 5.849461e-02 1.917667e-04 
4.890000e+01 6.697335e-02 4.080367e-02 6.299757e-01 6.081136e+03 1.551247e+03 1.027384e+03  5000 10000 3.714657e-03     0 3.976703e-02 5.019121e+01 1.299468e+02 5.850861e-02 1.779419e-04 
   49 6.585947e-02 4.068348e-02 6.315420e-01 6.091657e+03 1.558871e+03 1.027155e+03  5000 10000 3.442965e-03     0 3.975300e-02 5.014082e+01 1.299461e+02 5.852186e-02 1.759748e-04 
4.910000e+01 6.480345e-02 4.056666e-02 6.330693e-01 6.102166e+03 1.566511e+03 1.026923e+03  5000 10000 3.833246e-03     0 3.973982e-02 5.009114e+01 1.299456e+02 5.853430e-02 1.896909e-04 
4.920000e+01 6.368804e-02 4.045201e-02 6.345747e-01 6.112662e+03 1.574168e+03 1.026690e+03  5000 10000 3.811276e-03     0 3.972706e-02 5.004214e+01 1.299450e+02 5.854600e-02 1.948720e-04 
4.930000e+01 6.254896e-02 4.033915e-02 6.360649e-01 6.123146e+03 1.581842e+03 1.026456e+03  5000 10000 3.629742e-03     0 3.971486e-02 4.999385e+01 1.299446e+02 5.855709e-02 1.860223e-04 
4.940000e+01 6.145161e-02 4.022848e-02 6.375340e-01 6.133618e+03 1.589531e+03 1.026220e+03  5000 10000 3.391931e-03     0 3.970354e-02 4.994625e+01 1.299442e+02 5.856764e-02 1.733911e-04 
4.950000e+01 6.043760e-02 4.012055e-02 6.389713e-01 6.144079e+03 1.597236e+03 1.025982e+03  5000 10000 3.143982e-03     0 3.969307e-02 4.989936e+01 1.299438e+02 5.857764e-02 1.715876e-04 
4.960000e+01 5.947639e-02 4.001543e-02 6.403732e-01 6.154529e+03 1.604957e+03 1.025743e+03  5000 10000 3.500660e-03     0 3.968318e-02 4.985316e+01 1.299435e+02 5.858704e-02 1.841045e-04 
4.970000e+01 5.846091e-02 3.991212e-02 6.417551e-01 6.164966e+03 1.612693e+03 1.025502e+03  5000 10000 3.480791e-03     0 3.967349e-02 4.980767e+01 1.299433e+02 5.859591e-02 1.888182e-04 
4.980000e+01 5.742378e-02 3.981033e-02 6.431231e-01 6.175393e+03 1.620444e+03 1.025259e+03  5000 10000 3.315175e-03     0 3.966412e-02 4.976288e+01 1.299431e+02 5.860438e-02 1.807105e-04 
4.990000e+01 5.642472e-02 3.971041e-02 6.444719e-01 6.185809e+03 1.628209e+03 1.025016e+03  5000 10000 3.098151e-03     0 3.965533e-02 4.971880e+01 1.299429e+02 5.861251e-02 1.691461e-04 
   50 5.550172e-02 3.961284e-02 6.457918e-01 6.196214e+03 1.635989e+03 1.024770e+03  5000 10000 2.871859e-03     0 3.964708e-02 4.967543e+01 1.299428e+02 5.862028e-02 1.674721e-04 
5.010000e+01 5.462689e-02 3.951770e-02 6.470794e-01 6.206609e+03 1.643783e+03 1.024524e+03  5000 10000 3.197980e-03     0 3.963916e-02 4.963276e+01 1.299427e+02 5.862766e-02 1.788780e-04 
5.020000e+01 5.370244e-02 3.942417e-02 6.483487e-01 6.216993e+03 1.651591e+03 1.024276e+03  5000 10000 3.180053e-03     0 3.963125e-02 4.959081e+01 1.299426e+02 5.863472e-02 1.831482e-04 
5.030000e+01 5.275816e-02 3.933203e-02 6.496055e-01 6.227366e+03 1.659412e+03 1.024026e+03  5000 10000 3.028954e-03     0 3.962344e-02 4.954956e+01 1.299426e+02 5.864156e-02 1.756993e-04 
5.040000e+01 5.184860e-02 3.924157e-02 6.508448e-01 6.237730e+03 1.667247e+03 1.023776e+03  5000 10000 2.830876e-03     0 3.961596e-02 4.950903e+01 1.299426e+02 5.864822e-02 1.650905e-04 
5.050000e+01 5.100846e-02 3.915323e-02 6.520577e-01 6.248084e+03 1.675095e+03 1.023524e+03  5000 10000 2.624317e-03     0 3.960880e-02 4.946922e+01 1.299426e+02 5.865470e-02 1.635199e-04 
5.060000e+01 5.021226e-02 3.906707e-02 6.532411e-01 6.258427e+03 1.682956e+03 1.023271e+03  5000 10000 2.922651e-03     0 3.960174e-02 4.943011e+01 1.299426e+02 5.866096e-02 1.739014e-04 
5.070000e+01 4.937066e-02 3.898244e-02 6.544079e-01 6.268761e+03 1.690830e+03 1.023016e+03  5000 10000 2.906509e-03     0 3.959456e-02 4.939173e+01 1.299427e+02 5.866706e-02 1.777559e-04 
5.080000e+01 4.851087e-02 3.889914e-02 6.555633e-01 6.279086e+03 1.698716e+03 1.022761e+03  5000 10000 2.768636e-03     0 3.958733e-02 4.935406e+01 1.299428e+02 5.867307e-02 1.708954e-04 
5.090000e+01 4.768275e-02 3.881744e-02 6.567028e-01 6.289401e+03 1.706614e+03 1.022504e+03  5000 10000 2.587810e-03     0 3.958025e-02 4.931712e+01 1.299429e+02 5.867904e-02 1.611463e-04 
   51 4.691799e-02 3.873773e-02 6.578183e-01 6.299707e+03 1.714524e+03 1.022246e+03  5000 10000 2.399219e-03     0 3.957330e-02 4.928089e+01 1.299431e+02 5.868494e-02 1.596611e-04 
5.110000e+01 4.619331e-02 3.866005e-02 6.589068e-01 6.310003e+03 1.722447e+03 1.021987e+03  5000 10000 2.672279e-03     0 3.956634e-02 4.924539e+01 1.299432e+02 5.869076e-02 1.691027e-04 
5.120000e+01 4.542706e-02 3.858387e-02 6.599802e-01 6.320291e+03 1.730381e+03 1.021727e+03  5000 10000 2.657768e-03     0 3.955915e-02 4.921061e+01 1.299434e+02 5.869652e-02 1.725723e-04 
5.130000e+01 4.464413e-02 3.850903e-02 6.610433e-01 6.330570e+03 1.738326e+03 1.021466e+03  5000 10000 2.531934e-03     0 3.955183e-02 4.917656e+01 1.299436e+02 5.870229e-02 1.662417e-04 
5.140000e+01 4.389006e-02 3.843578e-02 6.620919e-01 6.340840e+03 1.746282e+03 1.021204e+03  5000 10000 2.366810e-03     0 3.954453e-02 4.914323e+01 1.299438e+02 5.870809e-02 1.572701e-04 
5.150000e+01 4.319384e-02 3.836442e-02 6.631185e-01 6.351102e+03 1.754250e+03 1.020940e+03  5000 10000 2.194568e-03     0 3.953726e-02 4.911063e+01 1.299440e+02 5.871391e-02 1.558589e-04 
5.160000e+01 4.253420e-02 3.829502e-02 6.641206e-01 6.361355e+03 1.762228e+03 1.020676e+03  5000 10000 2.444630e-03     0 3.952990e-02 4.907876e+01 1.299443e+02 5.871972e-02 1.644424e-04 
5.170000e+01 4.183646e-02 3.822712e-02 6.651090e-01 6.371600e+03 1.770218e+03 1.020411e+03  5000 10000 2.431602e-03     0 3.952228e-02 4.904762e+01 1.299445e+02 5.872554e-02 1.675597e-04 
5.180000e+01 4.112339e-02 3.816061e-02 6.660880e-01 6.381837e+03 1.778217e+03 1.020145e+03  5000 10000 2.316720e-03     0 3.951448e-02 4.901721e+01 1.299448e+02 5.873142e-02 1.617100e-04 
5.190000e+01 4.043665e-02 3.809568e-02 6.670537e-01 6.392066e+03 1.786227e+03 1.019877e+03  5000 10000 2.165882e-03     0 3.950663e-02 4.898753e+01 1.299451e+02 5.873739e-02 1.534454e-04 
   52 3.980275e-02 3.803260e-02 6.679995e-01 6.402287e+03 1.794247e+03 1.019609e+03  5000 10000 2.008515e-03     0 3.949876e-02 4.895858e+01 1.299454e+02 5.874341e-02 1.521014e-04 
5.210000e+01 3.920220e-02 3.797143e-02 6.689228e-01 6.412500e+03 1.802277e+03 1.019340e+03  5000 10000 2.237639e-03     0 3.949076e-02 4.893036e+01 1.299457e+02 5.874946e-02 1.599044e-04 
5.220000e+01 3.856675e-02 3.791179e-02 6.698336e-01 6.422705e+03 1.810317e+03 1.019070e+03  5000 10000 2.225953e-03     0 3.948251e-02 4.890288e+01 1.299461e+02 5.875555e-02 1.627022e-04 
5.230000e+01 3.791720e-02 3.785358e-02 6.707359e-01 6.432903e+03 1.818366e+03 1.018800e+03  5000 10000 2.121034e-03     0 3.947405e-02 4.887613e+01 1.299464e+02 5.876173e-02 1.572917e-04 
5.240000e+01 3.729167e-02 3.779696e-02 6.716261e-01 6.443093e+03 1.826425e+03 1.018528e+03  5000 10000 1.983191e-03     0 3.946553e-02 4.885012e+01 1.299468e+02 5.876801e-02 1.496725e-04 
5.250000e+01 3.671440e-02 3.774218e-02 6.724981e-01 6.453276e+03 1.834493e+03 1.018256e+03  5000 10000 1.839355e-03     0 3.945696e-02 4.882484e+01 1.299472e+02 5.877436e-02 1.483917e-04 
5.260000e+01 3.616758e-02 3.768926e-02 6.733497e-01 6.463452e+03 1.842571e+03 1.017982e+03  5000 10000 2.049407e-03     0 3.944826e-02 4.880030e+01 1.299476e+02 5.878076e-02 1.554865e-04 
5.270000e+01 3.558874e-02 3.763790e-02 6.741898e-01 6.473620e+03 1.850657e+03 1.017708e+03  5000 10000 2.038933e-03     0 3.943932e-02 4.877650e+01 1.299480e+02 5.878721e-02 1.579961e-04 
5.280000e+01 3.499695e-02 3.758801e-02 6.750222e-01 6.483782e+03 1.858752e+03 1.017433e+03  5000 10000 1.943074e-03     0 3.943020e-02 4.875343e+01 1.299484e+02 5.879375e-02 1.529886e-04 
5.290000e+01 3.442706e-02 3.753973e-02 6.758436e-01 6.493937e+03 1.866856e+03 1.017158e+03  5000 10000 1.817054e-03     0 3.942101e-02 4.873110e+01 1.299488e+02 5.880039e-02 1.459602e-04 
   53 3.390129e-02 3.749326e-02 6.766484e-01 6.504084e+03 1.874968e+03 1.016882e+03  5000 10000 1.685531e-03     0 3.941176e-02 4.870951e+01 1.299492e+02 5.880710e-02 1.447401e-04 
5.310000e+01 3.340330e-02 3.744864e-02 6.774344e-01 6.514226e+03 1.883089e+03 1.016605e+03  5000 10000 1.878199e-03     0 3.940240e-02 4.868865e+01 1.299497e+02 5.881385e-02 1.511932e-04 
5.320000e+01 3.287594e-02 3.740559e-02 6.782101e-01 6.524360e+03 1.891218e+03 1.016327e+03  5000 10000 1.868818e-03     0 3.939284e-02 4.866854e+01 1.299501e+02 5.882066e-02 1.534439e-04 
5.330000e+01 3.233666e-02 3.736403e-02 6.789787e-01 6.534488e+03 1.899356e+03 1.016049e+03  5000 10000 1.781201e-03     0 3.938311e-02 4.864916e+01 1.299506e+02 5.882755e-02 1.488072e-04 
5.340000e+01 3.181738e-02 3.732411e-02 6.797373e-01 6.544610e+03 1.907501e+03 1.015770e+03  5000 10000 1.665940e-03     0 3.937333e-02 4.863051e+01 1.299511e+02 5.883452e-02 1.423206e-04 
5.350000e+01 3.133842e-02 3.728596e-02 6.804808e-01 6.554725e+03 1.915654e+03 1.015491e+03  5000 10000 1.545621e-03     0 3.936350e-02 4.861261e+01 1.299515e+02 5.884155e-02 1.411593e-04 
5.360000e+01 3.088484e-02 3.724964e-02 6.812071e-01 6.564835e+03 1.923815e+03 1.015211e+03  5000 10000 1.722438e-03     0 3.935358e-02 4.859545e+01 1.299520e+02 5.884862e-02 1.470314e-04 
5.370000e+01 3.040430e-02 3.721491e-02 6.819240e-01 6.574938e+03 1.931984e+03 1.014930e+03  5000 10000 1.714040e-03     0 3.934349e-02 4.857902e+01 1.299525e+02 5.885573e-02 1.490500e-04 
5.380000e+01 2.991278e-02 3.718169e-02 6.826344e-01 6.585035e+03 1.940160e+03 1.014649e+03  5000 10000 1.633922e-03     0 3.933327e-02 4.856333e+01 1.299530e+02 5.886291e-02 1.447549e-04 
5.390000e+01 2.943953e-02 3.715011e-02 6.833358e-01 6.595126e+03 1.948343e+03 1.014367e+03  5000 10000 1.528454e-03     0 3.932301e-02 4.854838e+01 1.299535e+02 5.887016e-02 1.387657e-04 
   54 2.900314e-02 3.712028e-02 6.840232e-01 6.605211e+03 1.956534e+03 1.014085e+03  5000 10000 1.418335e-03     0 3.931272e-02 4.853416e+01 1.299541e+02 5.887745e-02 1.376616e-04 
5.410000e+01 2.858994e-02 3.709225e-02 6.846950e-01 6.615291e+03 1.964732e+03 1.013802e+03  5000 10000 1.580689e-03     0 3.930236e-02 4.852068e+01 1.299546e+02 5.888477e-02 1.430076e-04 
5.420000e+01 2.815199e-02 3.706580e-02 6.853582e-01 6.625364e+03 1.972937e+03 1.013519e+03  5000 10000 1.573176e-03     0 3.929186e-02 4.850794e+01 1.299551e+02 5.889212e-02 1.448182e-04 
5.430000e+01 2.770393e-02 3.704089e-02 6.860156e-01 6.635433e+03 1.981149e+03 1.013235e+03  5000 10000 1.499883e-03     0 3.928127e-02 4.849593e+01 1.299556e+02 5.889953e-02 1.408382e-04 
5.440000e+01 2.727256e-02 3.701761e-02 6.866647e-01 6.645495e+03 1.989367e+03 1.012951e+03  5000 10000 1.403332e-03     0 3.927065e-02 4.848466e+01 1.299562e+02 5.890698e-02 1.353061e-04 
5.450000e+01 2.687490e-02 3.699606e-02 6.873010e-01 6.655553e+03 1.997593e+03 1.012667e+03  5000 10000 1.302502e-03     0 3.926001e-02 4.847413e+01 1.299567e+02 5.891446e-02 1.342574e-04 
5.460000e+01 2.649844e-02 3.697626e-02 6.879231e-01 6.665605e+03 2.005825e+03 1.012382e+03  5000 10000 1.451655e-03     0 3.924933e-02 4.846433e+01 1.299573e+02 5.892196e-02 1.391270e-04 
5.470000e+01 2.609923e-02 3.695806e-02 6.885373e-01 6.675651e+03 2.014063e+03 1.012097e+03  5000 10000 1.444937e-03     0 3.923854e-02 4.845526e+01 1.299578e+02 5.892948e-02 1.407512e-04 
5.480000e+01 2.569073e-02 3.694140e-02 6.891462e-01 6.685693e+03 2.022308e+03 1.011812e+03  5000 10000 1.377857e-03     0 3.922769e-02 4.844692e+01 1.299584e+02 5.893704e-02 1.370621e-04 
5.490000e+01 2.529747e-02 3.692634e-02 6.897475e-01 6.695729e+03 2.030559e+03 1.011526e+03  5000 10000 1.289430e-03     0 3.921682e-02 4.843932e+01 1.299590e+02 5.894462e-02 1.319502e-04 
   55 2.493507e-02 3.691300e-02 6.903372e-01 6.705760e+03 2.038816e+03 1.011240e+03  5000 10000 1.197061e-03     0 3.920595e-02 4.843245e+01 1.299595e+02 5.895223e-02 1.309552e-04 
5.510000e+01 2.459202e-02 3.690138e-02 6.909138e-01 6.715787e+03 2.047080e+03 1.010953e+03  5000 10000 1.334157e-03     0 3.919505e-02 4.842630e+01 1.299601e+02 5.895984e-02 1.353931e-04 
5.520000e+01 2.422809e-02 3.689134e-02 6.914833e-01 6.725808e+03 2.055349e+03 1.010667e+03  5000 10000 1.328153e-03     0 3.918407e-02 4.842089e+01 1.299607e+02 5.896747e-02 1.368505e-04 
5.530000e+01 2.385560e-02 3.688283e-02 6.920479e-01 6.735825e+03 2.063625e+03 1.010380e+03  5000 10000 1.266733e-03     0 3.917305e-02 4.841621e+01 1.299613e+02 5.897511e-02 1.334299e-04 
5.540000e+01 2.349704e-02 3.687593e-02 6.926056e-01 6.745837e+03 2.071906e+03 1.010093e+03  5000 10000 1.185708e-03     0 3.916203e-02 4.841225e+01 1.299619e+02 5.898278e-02 1.287045e-04 
5.550000e+01 2.316672e-02 3.687070e-02 6.931527e-01 6.755844e+03 2.080193e+03 1.009806e+03  5000 10000 1.101051e-03     0 3.915102e-02 4.840902e+01 1.299624e+02 5.899045e-02 1.277614e-04 
5.560000e+01 2.285410e-02 3.686716e-02 6.936878e-01 6.765847e+03 2.088486e+03 1.009518e+03  5000 10000 1.227130e-03     0 3.913999e-02 4.840652e+01 1.299630e+02 5.899812e-02 1.318080e-04 
5.570000e+01 2.252229e-02 3.686518e-02 6.942164e-01 6.775845e+03 2.096784e+03 1.009231e+03  5000 10000 1.221767e-03     0 3.912891e-02 4.840473e+01 1.299636e+02 5.900579e-02 1.331161e-04 
5.580000e+01 2.218260e-02 3.686474e-02 6.947406e-01 6.785838e+03 2.105088e+03 1.008943e+03  5000 10000 1.165502e-03     0 3.911781e-02 4.840368e+01 1.299642e+02 5.901348e-02 1.299435e-04 
5.590000e+01 2.185564e-02 3.686587e-02 6.952584e-01 6.795828e+03 2.113397e+03 1.008656e+03  5000 10000 1.091226e-03     0 3.910671e-02 4.840334e+01 1.299648e+02 5.902117e-02 1.255739e-04 
   56 2.155454e-02 3.686865e-02 6.957666e-01 6.805812e+03 2.121711e+03 1.008368e+03  5000 10000 1.013601e-03     0 3.909563e-02 4.840372e+01 1.299654e+02 5.902886e-02 1.246807e-04 
5.610000e+01 2.126962e-02 3.687308e-02 6.962638e-01 6.815793e+03 2.130031e+03 1.008080e+03  5000 10000 1.129605e-03     0 3.908456e-02 4.840482e+01 1.299660e+02 5.903654e-02 1.283727e-04 
5.620000e+01 2.096707e-02 3.687906e-02 6.967550e-01 6.825769e+03 2.138356e+03 1.007792e+03  5000 10000 1.124817e-03     0 3.907344e-02 4.840664e+01 1.299666e+02 5.904422e-02 1.295470e-04 
5.630000e+01 2.065725e-02 3.688656e-02 6.972422e-01 6.835741e+03 2.146686e+03 1.007504e+03  5000 10000 1.073253e-03     0 3.906231e-02 4.840918e+01 1.299672e+02 5.905189e-02 1.266039e-04 
5.640000e+01 2.035909e-02 3.689561e-02 6.977236e-01 6.845709e+03 2.155021e+03 1.007216e+03  5000 10000 1.005131e-03     0 3.905121e-02 4.841243e+01 1.299678e+02 5.905957e-02 1.225619e-04 
5.650000e+01 2.008459e-02 3.690628e-02 6.981961e-01 6.855673e+03 2.163361e+03 1.006928e+03  5000 10000 9.339203e-04     0 3.904013e-02 4.841639e+01 1.299684e+02 5.906724e-02 1.217170e-04 
5.660000e+01 1.982490e-02 3.691856e-02 6.986587e-01 6.865633e+03 2.171705e+03 1.006640e+03  5000 10000 1.040708e-03     0 3.902906e-02 4.842106e+01 1.299690e+02 5.907490e-02 1.250873e-04 
5.670000e+01 1.954901e-02 3.693238e-02 6.991157e-01 6.875589e+03 2.180055e+03 1.006353e+03  5000 10000 1.036435e-03     0 3.901796e-02 4.842644e+01 1.299696e+02 5.908254e-02 1.261421e-04 
5.680000e+01 1.926643e-02 3.694769e-02 6.995691e-01 6.885541e+03 2.188409e+03 1.006065e+03  5000 10000 9.891563e-04     0 3.900687e-02 4.843253e+01 1.299701e+02 5.909018e-02 1.234113e-04 
5.690000e+01 1.899450e-02 3.696453e-02 7.000172e-01 6.895490e+03 2.196768e+03 1.005777e+03  5000 10000 9.266504e-04     0 3.899580e-02 4.843933e+01 1.299707e+02 5.909781e-02 1.196714e-04 
   57 1.874426e-02 3.698296e-02 7.004572e-01 6.905434e+03 2.205132e+03 1.005490e+03  5000 10000 8.612934e-04     0 3.898477e-02 4.844683e+01 1.299713e+02 5.910543e-02 1.188729e-04 
5.710000e+01 1.850756e-02 3.700297e-02 7.008880e-01 6.915375e+03 2.213500e+03 1.005203e+03  5000 10000 9.596438e-04     0 3.897375e-02 4.845503e+01 1.299719e+02 5.911303e-02 1.219516e-04 
5.720000e+01 1.825596e-02 3.702449e-02 7.013138e-01 6.925312e+03 2.221872e+03 1.004915e+03  5000 10000 9.558317e-04     0 3.896273e-02 4.846393e+01 1.299725e+02 5.912061e-02 1.228996e-04 
5.730000e+01 1.799821e-02 3.704748e-02 7.017363e-01 6.935246e+03 2.230249e+03 1.004628e+03  5000 10000 9.124623e-04     0 3.895171e-02 4.847354e+01 1.299731e+02 5.912818e-02 1.203657e-04 
5.740000e+01 1.775021e-02 3.707198e-02 7.021539e-01 6.945176e+03 2.238630e+03 1.004342e+03  5000 10000 8.550832e-04     0 3.894072e-02 4.848383e+01 1.299737e+02 5.913574e-02 1.169046e-04 
5.750000e+01 1.752207e-02 3.709803e-02 7.025641e-01 6.955102e+03 2.247016e+03 1.004055e+03  5000 10000 7.950706e-04     0 3.892977e-02 4.849483e+01 1.299743e+02 5.914328e-02 1.161511e-04 
5.760000e+01 1.730632e-02 3.712563e-02 7.029659e-01 6.965025e+03 2.255406e+03 1.003769e+03  5000 10000 8.856910e-04     0 3.891885e-02 4.850651e+01 1.299749e+02 5.915080e-02 1.189653e-04 
5.770000e+01 1.707689e-02 3.715471e-02 7.033631e-01 6.974944e+03 2.263799e+03 1.003483e+03  5000 10000 8.822909e-04     0 3.890793e-02 4.851889e+01 1.299755e+02 5.915830e-02 1.198182e-04 
5.780000e+01 1.684178e-02 3.718524e-02 7.037573e-01 6.984861e+03 2.272197e+03 1.003197e+03  5000 10000 8.424896e-04     0 3.889702e-02 4.853195e+01 1.299761e+02 5.916579e-02 1.174670e-04 
5.790000e+01 1.661560e-02 3.721725e-02 7.041471e-01 6.994773e+03 2.280599e+03 1.002912e+03  5000 10000 7.897930e-04     0 3.888616e-02 4.854570e+01 1.299766e+02 5.917325e-02 1.142636e-04 
   58 1.640762e-02 3.725078e-02 7.045300e-01 7.004683e+03 2.289005e+03 1.002627e+03  5000 10000 7.346624e-04     0 3.887533e-02 4.856013e+01 1.299772e+02 5.918070e-02 1.135536e-04 
5.810000e+01 1.621098e-02 3.728582e-02 7.049052e-01 7.014589e+03 2.297415e+03 1.002342e+03  5000 10000 8.181962e-04     0 3.886453e-02 4.857525e+01 1.299778e+02 5.918812e-02 1.161282e-04 
5.820000e+01 1.600175e-02 3.732231e-02 7.052763e-01 7.024492e+03 2.305829e+03 1.002057e+03  5000 10000 8.151638e-04     0 3.885375e-02 4.859104e+01 1.299784e+02 5.919551e-02 1.168965e-04 
5.830000e+01 1.578731e-02 3.736024e-02 7.056446e-01 7.034392e+03 2.314247e+03 1.001773e+03  5000 10000 7.786203e-04     0 3.884299e-02 4.860751e+01 1.299789e+02 5.920288e-02 1.147152e-04 
5.840000e+01 1.558104e-02 3.739961e-02 7.060088e-01 7.044289e+03 2.322668e+03 1.001490e+03  5000 10000 7.302026e-04     0 3.883227e-02 4.862466e+01 1.299795e+02 5.921024e-02 1.117504e-04 
5.850000e+01 1.539145e-02 3.744047e-02 7.063668e-01 7.054182e+03 2.331093e+03 1.001207e+03  5000 10000 6.795340e-04     0 3.882160e-02 4.864247e+01 1.299801e+02 5.921757e-02 1.110827e-04 
5.860000e+01 1.521224e-02 3.748280e-02 7.067177e-01 7.064073e+03 2.339522e+03 1.000924e+03  5000 10000 7.565658e-04     0 3.881096e-02 4.866096e+01 1.299806e+02 5.922487e-02 1.134402e-04 
5.870000e+01 1.502146e-02 3.752656e-02 7.070648e-01 7.073961e+03 2.347954e+03 1.000642e+03  5000 10000 7.538610e-04     0 3.880034e-02 4.868011e+01 1.299812e+02 5.923214e-02 1.141337e-04 
5.880000e+01 1.482589e-02 3.757172e-02 7.074094e-01 7.083845e+03 2.356390e+03 1.000360e+03  5000 10000 7.202936e-04     0 3.878975e-02 4.869993e+01 1.299818e+02 5.923939e-02 1.121108e-04 
5.890000e+01 1.463779e-02 3.761830e-02 7.077503e-01 7.093727e+03 2.364830e+03 1.000078e+03  5000 10000 6.757881e-04     0 3.877921e-02 4.872040e+01 1.299823e+02 5.924661e-02 1.093672e-04 
   59 1.446498e-02 3.766632e-02 7.080854e-01 7.103606e+03 2.373273e+03 9.997976e+02  5000 10000 6.291998e-04     0 3.876871e-02 4.874154e+01 1.299829e+02 5.925381e-02 1.087407e-04 
5.910000e+01 1.430167e-02 3.771578e-02 7.084140e-01 7.113482e+03 2.381719e+03 9.995174e+02  5000 10000 7.002613e-04     0 3.875826e-02 4.876333e+01 1.299834e+02 5.926097e-02 1.109018e-04 
5.920000e+01 1.412774e-02 3.776664e-02 7.087392e-01 7.123355e+03 2.390169e+03 9.992377e+02  5000 10000 6.978477e-04     0 3.874783e-02 4.878578e+01 1.299840e+02 5.926811e-02 1.115294e-04 
5.930000e+01 1.394940e-02 3.781887e-02 7.090620e-01 7.133226e+03 2.398622e+03 9.989586e+02  5000 10000 6.670005e-04     0 3.873744e-02 4.880888e+01 1.299845e+02 5.927521e-02 1.096544e-04 
5.940000e+01 1.377790e-02 3.787249e-02 7.093815e-01 7.143093e+03 2.407079e+03 9.986800e+02  5000 10000 6.260740e-04     0 3.872710e-02 4.883262e+01 1.299851e+02 5.928229e-02 1.071163e-04 
5.950000e+01 1.362041e-02 3.792751e-02 7.096957e-01 7.152958e+03 2.415538e+03 9.984021e+02  5000 10000 5.832192e-04     0 3.871681e-02 4.885701e+01 1.299856e+02 5.928934e-02 1.065304e-04 
5.960000e+01 1.347163e-02 3.798394e-02 7.100039e-01 7.162821e+03 2.424001e+03 9.981248e+02  5000 10000 6.487938e-04     0 3.870657e-02 4.888204e+01 1.299861e+02 5.929635e-02 1.085138e-04 
5.970000e+01 1.331308e-02 3.804173e-02 7.103090e-01 7.172680e+03 2.432467e+03 9.978482e+02  5000 10000 6.466387e-04     0 3.869636e-02 4.890771e+01 1.299867e+02 5.930333e-02 1.090836e-04 
5.980000e+01 1.315048e-02 3.810086e-02 7.106119e-01 7.182538e+03 2.440936e+03 9.975722e+02  5000 10000 6.182790e-04     0 3.868619e-02 4.893402e+01 1.299872e+02 5.931028e-02 1.073472e-04 
5.990000e+01 1.299416e-02 3.816135e-02 7.109118e-01 7.192392e+03 2.449409e+03 9.972970e+02  5000 10000 5.806286e-04     0 3.867607e-02 4.896096e+01 1.299877e+02 5.931720e-02 1.050005e-04 
   60 1.285067e-02 3.822320e-02 7.112068e-01 7.202244e+03 2.457884e+03 9.970224e+02  5000 10000 5.411921e-04     0 3.866601e-02 4.898853e+01 1.299883e+02 5.932408e-02 1.044544e-04 
6.010000e+01 1.271515e-02 3.828642e-02 7.114963e-01 7.212094e+03 2.466362e+03 9.967485e+02  5000 10000 6.017199e-04     0 3.865600e-02 4.901672e+01 1.299888e+02 5.933093e-02 1.062775e-04 
6.020000e+01 1.257067e-02 3.835097e-02 7.117830e-01 7.221941e+03 2.474844e+03 9.964754e+02  5000 10000 5.997934e-04     0 3.864604e-02 4.904554e+01 1.299893e+02 5.933774e-02 1.067971e-04 
6.030000e+01 1.242246e-02 3.841682e-02 7.120677e-01 7.231785e+03 2.483328e+03 9.962030e+02  5000 10000 5.737098e-04     0 3.863611e-02 4.907498e+01 1.299898e+02 5.934451e-02 1.051908e-04 
6.040000e+01 1.228000e-02 3.848399e-02 7.123496e-01 7.241627e+03 2.491815e+03 9.959315e+02  5000 10000 5.390602e-04     0 3.862625e-02 4.910504e+01 1.299903e+02 5.935125e-02 1.030228e-04 
6.050000e+01 1.214931e-02 3.855249e-02 7.126270e-01 7.251467e+03 2.500305e+03 9.956607e+02  5000 10000 5.027554e-04     0 3.861644e-02 4.913571e+01 1.299908e+02 5.935796e-02 1.025161e-04 
6.060000e+01 1.202591e-02 3.862232e-02 7.128994e-01 7.261305e+03 2.508798e+03 9.953907e+02  5000 10000 5.586367e-04     0 3.860669e-02 4.916699e+01 1.299913e+02 5.936463e-02 1.041946e-04 
6.070000e+01 1.189429e-02 3.869343e-02 7.131691e-01 7.271140e+03 2.517294e+03 9.951215e+02  5000 10000 5.569123e-04     0 3.859698e-02 4.919888e+01 1.299918e+02 5.937125e-02 1.046710e-04 
6.080000e+01 1.175925e-02 3.876582e-02 7.134371e-01 7.280972e+03 2.525792e+03 9.948532e+02  5000 10000 5.329126e-04     0 3.858732e-02 4.923137e+01 1.299923e+02 5.937784e-02 1.031873e-04 
6.090000e+01 1.162948e-02 3.883949e-02 7.137025e-01 7.290803e+03 2.534293e+03 9.945858e+02  5000 10000 5.010132e-04     0 3.857773e-02 4.926447e+01 1.299928e+02 5.938440e-02 1.011865e-04 
   61 1.151048e-02 3.891445e-02 7.139639e-01 7.300631e+03 2.542797e+03 9.943192e+02  5000 10000 4.675796e-04     0 3.856819e-02 4.929816e+01 1.299933e+02 5.939091e-02 1.007188e-04 
6.110000e+01 1.139817e-02 3.899068e-02 7.142206e-01 7.310457e+03 2.551304e+03 9.940535e+02  5000 10000 5.191793e-04     0 3.855872e-02 4.933244e+01 1.299937e+02 5.939738e-02 1.022673e-04 
6.120000e+01 1.127831e-02 3.906818e-02 7.144748e-01 7.320281e+03 2.559813e+03 9.937887e+02  5000 10000 5.176326e-04     0 3.854930e-02 4.936731e+01 1.299942e+02 5.940381e-02 1.027070e-04 
6.130000e+01 1.115532e-02 3.914691e-02 7.147275e-01 7.330103e+03 2.568325e+03 9.935249e+02  5000 10000 4.955421e-04     0 3.853993e-02 4.940277e+01 1.299947e+02 5.941020e-02 1.013391e-04 
6.140000e+01 1.103716e-02 3.922687e-02 7.149778e-01 7.339923e+03 2.576839e+03 9.932620e+02  5000 10000 4.661652e-04     0 3.853063e-02 4.943882e+01 1.299951e+02 5.941655e-02 9.949522e-05 
6.150000e+01 1.092887e-02 3.930809e-02 7.152244e-01 7.349740e+03 2.585356e+03 9.930001e+02  5000 10000 4.353657e-04     0 3.852139e-02 4.947544e+01 1.299956e+02 5.942286e-02 9.906642e-05 
6.160000e+01 1.082671e-02 3.939054e-02 7.154667e-01 7.359555e+03 2.593875e+03 9.927392e+02  5000 10000 4.830162e-04     0 3.851221e-02 4.951264e+01 1.299961e+02 5.942912e-02 1.004982e-04 
6.170000e+01 1.071762e-02 3.947421e-02 7.157067e-01 7.369369e+03 2.602397e+03 9.924792e+02  5000 10000 4.816256e-04     0 3.850309e-02 4.955041e+01 1.299965e+02 5.943534e-02 1.009072e-04 
6.180000e+01 1.060567e-02 3.955908e-02 7.159454e-01 7.379180e+03 2.610921e+03 9.922203e+02  5000 10000 4.612853e-04     0 3.849403e-02 4.958875e+01 1.299970e+02 5.944152e-02 9.964923e-05 
6.190000e+01 1.049814e-02 3.964514e-02 7.161818e-01 7.388989e+03 2.619448e+03 9.919624e+02  5000 10000 4.342237e-04     0 3.848504e-02 4.962765e+01 1.299974e+02 5.944765e-02 9.795285e-05 
   62 1.039965e-02 3.973241e-02 7.164148e-01 7.398796e+03 2.627977e+03 9.917055e+02  5000 10000 4.058426e-04     0 3.847612e-02 4.966711e+01 1.299979e+02 5.945374e-02 9.756294e-05 
6.210000e+01 1.030677e-02 3.982087e-02 7.166439e-01 7.408602e+03 2.636509e+03 9.914497e+02  5000 10000 4.498471e-04     0 3.846726e-02 4.970713e+01 1.299983e+02 5.945978e-02 9.889034e-05 
6.220000e+01 1.020756e-02 3.991050e-02 7.168710e-01 7.418405e+03 2.645043e+03 9.911950e+02  5000 10000 4.485933e-04     0 3.845847e-02 4.974771e+01 1.299987e+02 5.946578e-02 9.927427e-05 
6.230000e+01 1.010571e-02 4.000129e-02 7.170968e-01 7.428206e+03 2.653579e+03 9.909414e+02  5000 10000 4.298587e-04     0 3.844973e-02 4.978883e+01 1.299992e+02 5.947173e-02 9.812069e-05 
6.240000e+01 1.000793e-02 4.009324e-02 7.173205e-01 7.438006e+03 2.662117e+03 9.906889e+02  5000 10000 4.049236e-04     0 3.844107e-02 4.983050e+01 1.299996e+02 5.947763e-02 9.656348e-05 
6.250000e+01 9.918422e-03 4.018634e-02 7.175411e-01 7.447803e+03 2.670658e+03 9.904375e+02  5000 10000 3.787647e-04     0 3.843248e-02 4.987271e+01 1.300000e+02 5.948349e-02 9.621255e-05 
6.260000e+01 9.834049e-03 4.028060e-02 7.177582e-01 7.457599e+03 2.679201e+03 9.901872e+02  5000 10000 4.194001e-04     0 3.842396e-02 4.991546e+01 1.300004e+02 5.948930e-02 9.744684e-05 
6.270000e+01 9.743878e-03 4.037598e-02 7.179733e-01 7.467393e+03 2.687746e+03 9.899381e+02  5000 10000 4.182657e-04     0 3.841551e-02 4.995874e+01 1.300008e+02 5.949506e-02 9.781090e-05 
6.280000e+01 9.651306e-03 4.047248e-02 7.181873e-01 7.477185e+03 2.696294e+03 9.896902e+02  5000 10000 4.010052e-04     0 3.840712e-02 5.000255e+01 1.300012e+02 5.950077e-02 9.675693e-05 
6.290000e+01 9.562452e-03 4.057008e-02 7.183994e-01 7.486975e+03 2.704843e+03 9.894435e+02  5000 10000 3.780249e-04     0 3.839880e-02 5.004688e+01 1.300016e+02 5.950644e-02 9.533133e-05 
   63 9.481181e-03 4.066880e-02 7.186086e-01 7.496763e+03 2.713395e+03 9.891979e+02  5000 10000 3.539095e-04     0 3.839057e-02 5.009174e+01 1.300020e+02 5.951205e-02 9.501956e-05 
6.310000e+01 9.404610e-03 4.076863e-02 7.188146e-01 7.506550e+03 2.721949e+03 9.889536e+02  5000 10000 3.914288e-04     0 3.838240e-02 5.013711e+01 1.300024e+02 5.951762e-02 9.617115e-05 
6.320000e+01 9.322735e-03 4.086953e-02 7.190188e-01 7.516335e+03 2.730505e+03 9.887105e+02  5000 10000 3.903983e-04     0 3.837430e-02 5.018300e+01 1.300028e+02 5.952313e-02 9.652018e-05 
6.330000e+01 9.238669e-03 4.097151e-02 7.192220e-01 7.526118e+03 2.739063e+03 9.884687e+02  5000 10000 3.744923e-04     0 3.836628e-02 5.022939e+01 1.300032e+02 5.952859e-02 9.556147e-05 
6.340000e+01 9.158010e-03 4.107455e-02 7.194234e-01 7.535899e+03 2.747623e+03 9.882281e+02  5000 10000 3.533104e-04     0 3.835833e-02 5.027629e+01 1.300036e+02 5.953401e-02 9.426067e-05 
6.350000e+01 9.084294e-03 4.117866e-02 7.196223e-01 7.545679e+03 2.756185e+03 9.879888e+02  5000 10000 3.310758e-04     0 3.835046e-02 5.032369e+01 1.300039e+02 5.953937e-02 9.398828e-05 
6.360000e+01 9.014880e-03 4.128382e-02 7.198181e-01 7.555457e+03 2.764749e+03 9.877508e+02  5000 10000 3.657105e-04     0 3.834266e-02 5.037159e+01 1.300043e+02 5.954468e-02 9.506674e-05 
6.370000e+01 8.940620e-03 4.139002e-02 7.200123e-01 7.565233e+03 2.773315e+03 9.875141e+02  5000 10000 3.647703e-04     0 3.833494e-02 5.041998e+01 1.300047e+02 5.954993e-02 9.540521e-05 
6.380000e+01 8.864363e-03 4.149725e-02 7.202056e-01 7.575008e+03 2.781884e+03 9.872787e+02  5000 10000 3.501099e-04     0 3.832729e-02 5.046885e+01 1.300050e+02 5.955514e-02 9.453786e-05 
6.390000e+01 8.791229e-03 4.160549e-02 7.203973e-01 7.584781e+03 2.790454e+03 9.870446e+02  5000 10000 3.305839e-04     0 3.831972e-02 5.051821e+01 1.300054e+02 5.956029e-02 9.335567e-05 
   64 8.724449e-03 4.171475e-02 7.205866e-01 7.594552e+03 2.799026e+03 9.868119e+02  5000 10000 3.100819e-04     0 3.831223e-02 5.056805e+01 1.300057e+02 5.956538e-02 9.312292e-05 
6.410000e+01 8.661607e-03 4.182501e-02 7.207731e-01 7.604322e+03 2.807600e+03 9.865806e+02  5000 10000 3.420439e-04     0 3.830482e-02 5.061836e+01 1.300061e+02 5.957043e-02 9.413704e-05 
6.420000e+01 8.594342e-03 4.193627e-02 7.209582e-01 7.614090e+03 2.816176e+03 9.863506e+02  5000 10000 3.411820e-04     0 3.829748e-02 5.066914e+01 1.300064e+02 5.957541e-02 9.446907e-05 
6.430000e+01 8.525259e-03 4.204850e-02 7.211424e-01 7.623857e+03 2.824753e+03 9.861220e+02  5000 10000 3.276681e-04     0 3.829023e-02 5.072038e+01 1.300068e+02 5.958035e-02 9.368954e-05 
6.440000e+01 8.459039e-03 4.216170e-02 7.213253e-01 7.633622e+03 2.833333e+03 9.858948e+02  5000 10000 3.096682e-04     0 3.828305e-02 5.077209e+01 1.300071e+02 5.958523e-02 9.262033e-05 
6.450000e+01 8.398631e-03 4.227587e-02 7.215059e-01 7.643385e+03 2.841914e+03 9.856690e+02  5000 10000 2.907637e-04     0 3.827596e-02 5.082426e+01 1.300074e+02 5.959005e-02 9.242749e-05 
6.460000e+01 8.341830e-03 4.239099e-02 7.216839e-01 7.653147e+03 2.850498e+03 9.854447e+02  5000 10000 3.202475e-04     0 3.826895e-02 5.087687e+01 1.300077e+02 5.959482e-02 9.338532e-05 
6.470000e+01 8.280995e-03 4.250706e-02 7.218607e-01 7.662908e+03 2.859083e+03 9.852217e+02  5000 10000 3.194535e-04     0 3.826202e-02 5.092994e+01 1.300080e+02 5.959953e-02 9.371470e-05 
6.480000e+01 8.218508e-03 4.262405e-02 7.220366e-01 7.672667e+03 2.867670e+03 9.850003e+02  5000 10000 3.069960e-04     0 3.825516e-02 5.098344e+01 1.300084e+02 5.960418e-02 9.301974e-05 
6.490000e+01 8.158644e-03 4.274196e-02 7.222113e-01 7.682424e+03 2.876258e+03 9.847803e+02  5000 10000 2.904038e-04     0 3.824840e-02 5.103739e+01 1.300087e+02 5.960878e-02 9.205836e-05 
   65 8.104097e-03 4.286079e-02 7.223839e-01 7.692180e+03 2.884849e+03 9.845618e+02  5000 10000 2.729737e-04     0 3.824171e-02 5.109177e+01 1.300090e+02 5.961332e-02 9.190565e-05 
6.510000e+01 8.052852e-03 4.298053e-02 7.225542e-01 7.701935e+03 2.893441e+03 9.843447e+02  5000 10000 3.001578e-04     0 3.823512e-02 5.114657e+01 1.300093e+02 5.961780e-02 9.281455e-05 
6.520000e+01 7.997932e-03 4.310115e-02 7.227234e-01 7.711688e+03 2.902035e+03 9.841292e+02  5000 10000 2.994226e-04     0 3.822860e-02 5.120181e+01 1.300096e+02 5.962223e-02 9.314472e-05 
6.530000e+01 7.941513e-03 4.322266e-02 7.228918e-01 7.721440e+03 2.910631e+03 9.839152e+02  5000 10000 2.879394e-04     0 3.822216e-02 5.125746e+01 1.300099e+02 5.962659e-02 9.253132e-05 
6.540000e+01 7.887498e-03 4.334503e-02 7.230590e-01 7.731190e+03 2.919228e+03 9.837027e+02  5000 10000 2.726471e-04     0 3.821582e-02 5.131353e+01 1.300101e+02 5.963090e-02 9.167301e-05 
6.550000e+01 7.838346e-03 4.346826e-02 7.232244e-01 7.740939e+03 2.927827e+03 9.834918e+02  5000 10000 2.565793e-04     0 3.820955e-02 5.137000e+01 1.300104e+02 5.963515e-02 9.156061e-05 
6.560000e+01 7.792216e-03 4.359236e-02 7.233877e-01 7.750686e+03 2.936428e+03 9.832824e+02  5000 10000 2.816277e-04     0 3.820338e-02 5.142689e+01 1.300107e+02 5.963934e-02 9.242729e-05 
6.570000e+01 7.742743e-03 4.371729e-02 7.235499e-01 7.760432e+03 2.945030e+03 9.830746e+02  5000 10000 2.809438e-04     0 3.819729e-02 5.148417e+01 1.300110e+02 5.964347e-02 9.276134e-05 
6.580000e+01 7.691912e-03 4.384304e-02 7.237114e-01 7.770177e+03 2.953634e+03 9.828684e+02  5000 10000 2.703602e-04     0 3.819128e-02 5.154185e+01 1.300112e+02 5.964754e-02 9.222669e-05 
6.590000e+01 7.643284e-03 4.396961e-02 7.238719e-01 7.779920e+03 2.962240e+03 9.826637e+02  5000 10000 2.562695e-04     0 3.818537e-02 5.159992e+01 1.300115e+02 5.965155e-02 9.146701e-05 
   66 7.599102e-03 4.409700e-02 7.240307e-01 7.789662e+03 2.970847e+03 9.824606e+02  5000 10000 2.414615e-04     0 3.817954e-02 5.165838e+01 1.300117e+02 5.965550e-02 9.139502e-05 
6.610000e+01 7.557686e-03 4.422519e-02 7.241875e-01 7.799402e+03 2.979456e+03 9.822592e+02  5000 10000 2.645254e-04     0 3.817380e-02 5.171722e+01 1.300120e+02 5.965939e-02 9.222553e-05 
6.620000e+01 7.513232e-03 4.435416e-02 7.243434e-01 7.809142e+03 2.988066e+03 9.820594e+02  5000 10000 2.638861e-04     0 3.816815e-02 5.177644e+01 1.300122e+02 5.966322e-02 9.256622e-05 
6.630000e+01 7.467551e-03 4.448391e-02 7.244987e-01 7.818879e+03 2.996678e+03 9.818612e+02  5000 10000 2.541343e-04     0 3.816258e-02 5.183603e+01 1.300125e+02 5.966699e-02 9.210765e-05 
6.640000e+01 7.423890e-03 4.461442e-02 7.246531e-01 7.828616e+03 3.005292e+03 9.816646e+02  5000 10000 2.411555e-04     0 3.815710e-02 5.189599e+01 1.300127e+02 5.967070e-02 9.144246e-05 
6.650000e+01 7.384291e-03 4.474569e-02 7.248059e-01 7.838351e+03 3.013907e+03 9.814697e+02  5000 10000 2.275142e-04     0 3.815172e-02 5.195630e+01 1.300129e+02 5.967434e-02 9.141084e-05 
6.660000e+01 7.347224e-03 4.487771e-02 7.249570e-01 7.848085e+03 3.022523e+03 9.812765e+02  5000 10000 2.487324e-04     0 3.814642e-02 5.201698e+01 1.300132e+02 5.967792e-02 9.221065e-05 
6.670000e+01 7.307400e-03 4.501046e-02 7.251071e-01 7.857818e+03 3.031142e+03 9.810849e+02  5000 10000 2.481324e-04     0 3.814122e-02 5.207801e+01 1.300134e+02 5.968145e-02 9.256040e-05 
6.680000e+01 7.266470e-03 4.514393e-02 7.252568e-01 7.867549e+03 3.039761e+03 9.808950e+02  5000 10000 2.391506e-04     0 3.813610e-02 5.213939e+01 1.300136e+02 5.968490e-02 9.217535e-05 
6.690000e+01 7.227391e-03 4.527811e-02 7.254056e-01 7.877279e+03 3.048383e+03 9.807068e+02  5000 10000 2.272021e-04     0 3.813107e-02 5.220110e+01 1.300138e+02 5.968830e-02 9.160069e-05 
   67 7.192023e-03 4.541300e-02 7.255530e-01 7.887008e+03 3.057005e+03 9.805203e+02  5000 10000 2.146426e-04     0 3.812614e-02 5.226316e+01 1.300140e+02 5.969163e-02 9.160932e-05 
6.710000e+01 7.158974e-03 4.554859e-02 7.256988e-01 7.896736e+03 3.065629e+03 9.803356e+02  5000 10000 2.341431e-04     0 3.812129e-02 5.232555e+01 1.300142e+02 5.969490e-02 9.238330e-05 
6.720000e+01 7.123426e-03 4.568485e-02 7.258438e-01 7.906462e+03 3.074255e+03 9.801525e+02  5000 10000 2.335779e-04     0 3.811654e-02 5.238827e+01 1.300144e+02 5.969811e-02 9.274419e-05 
6.730000e+01 7.086883e-03 4.582178e-02 7.259884e-01 7.916187e+03 3.082882e+03 9.799712e+02  5000 10000 2.253100e-04     0 3.811188e-02 5.245131e+01 1.300146e+02 5.970125e-02 9.243016e-05 
6.740000e+01 7.052036e-03 4.595936e-02 7.261322e-01 7.925911e+03 3.091511e+03 9.797917e+02  5000 10000 2.143173e-04     0 3.810731e-02 5.251466e+01 1.300148e+02 5.970433e-02 9.194230e-05 
6.750000e+01 7.020579e-03 4.609760e-02 7.262747e-01 7.935634e+03 3.100141e+03 9.796139e+02  5000 10000 2.027621e-04     0 3.810284e-02 5.257833e+01 1.300150e+02 5.970735e-02 9.199089e-05 
6.760000e+01 6.991245e-03 4.623647e-02 7.264158e-01 7.945355e+03 3.108772e+03 9.794378e+02  5000 10000 2.206627e-04     0 3.809846e-02 5.264231e+01 1.300152e+02 5.971030e-02 9.274338e-05 
6.770000e+01 6.959650e-03 4.637597e-02 7.265562e-01 7.955075e+03 3.117405e+03 9.792635e+02  5000 10000 2.201288e-04     0 3.809417e-02 5.270659e+01 1.300154e+02 5.971319e-02 9.311717e-05 
6.780000e+01 6.927163e-03 4.651608e-02 7.266961e-01 7.964794e+03 3.126039e+03 9.790910e+02  5000 10000 2.125238e-04     0 3.808997e-02 5.277116e+01 1.300155e+02 5.971601e-02 9.287173e-05 
6.790000e+01 6.896230e-03 4.665679e-02 7.268355e-01 7.974512e+03 3.134675e+03 9.789203e+02  5000 10000 2.024193e-04     0 3.808586e-02 5.283603e+01 1.300157e+02 5.971877e-02 9.246707e-05 
   68 6.868393e-03 4.679810e-02 7.269736e-01 7.984229e+03 3.143312e+03 9.787514e+02  5000 10000 1.917979e-04     0 3.808186e-02 5.290119e+01 1.300158e+02 5.972146e-02 9.255521e-05 
6.810000e+01 6.842500e-03 4.693999e-02 7.271105e-01 7.993944e+03 3.151951e+03 9.785843e+02  5000 10000 2.082067e-04     0 3.807794e-02 5.296663e+01 1.300160e+02 5.972409e-02 9.329001e-05 
6.820000e+01 6.814566e-03 4.708245e-02 7.272467e-01 8.003659e+03 3.160591e+03 9.784190e+02  5000 10000 2.077012e-04     0 3.807412e-02 5.303234e+01 1.300162e+02 5.972666e-02 9.367816e-05 
6.830000e+01 6.785832e-03 4.722547e-02 7.273826e-01 8.013372e+03 3.169232e+03 9.782556e+02  5000 10000 2.007128e-04     0 3.807039e-02 5.309833e+01 1.300163e+02 5.972915e-02 9.349893e-05 
6.840000e+01 6.758525e-03 4.736903e-02 7.275179e-01 8.023084e+03 3.177874e+03 9.780939e+02  5000 10000 1.914350e-04     0 3.806676e-02 5.316458e+01 1.300164e+02 5.973159e-02 9.317404e-05 
6.850000e+01 6.734043e-03 4.751314e-02 7.276521e-01 8.032795e+03 3.186518e+03 9.779341e+02  5000 10000 1.816833e-04     0 3.806322e-02 5.323110e+01 1.300166e+02 5.973396e-02 9.330119e-05 
6.860000e+01 6.711341e-03 4.765777e-02 7.277852e-01 8.042504e+03 3.195164e+03 9.777762e+02  5000 10000 1.966994e-04     0 3.805978e-02 5.329787e+01 1.300167e+02 5.973626e-02 9.402162e-05 
6.870000e+01 6.686800e-03 4.780291e-02 7.279178e-01 8.052213e+03 3.203810e+03 9.776201e+02  5000 10000 1.962199e-04     0 3.805643e-02 5.336489e+01 1.300168e+02 5.973849e-02 9.442532e-05 
6.880000e+01 6.661547e-03 4.794856e-02 7.280500e-01 8.061920e+03 3.212458e+03 9.774658e+02  5000 10000 1.898064e-04     0 3.805318e-02 5.343216e+01 1.300170e+02 5.974066e-02 9.430997e-05 
6.890000e+01 6.637602e-03 4.809469e-02 7.281818e-01 8.071626e+03 3.221107e+03 9.773135e+02  5000 10000 1.812992e-04     0 3.805002e-02 5.349967e+01 1.300171e+02 5.974277e-02 9.406156e-05 
   69 6.616235e-03 4.824131e-02 7.283126e-01 8.081332e+03 3.229758e+03 9.771630e+02  5000 10000 1.723590e-04     0 3.804696e-02 5.356742e+01 1.300172e+02 5.974481e-02 9.422710e-05 
6.910000e+01 6.596498e-03 4.838840e-02 7.284424e-01 8.091036e+03 3.238410e+03 9.770144e+02  5000 10000 1.860730e-04     0 3.804399e-02 5.363540e+01 1.300173e+02 5.974678e-02 9.493604e-05 
6.920000e+01 6.575109e-03 4.853595e-02 7.285717e-01 8.100739e+03 3.247063e+03 9.768676e+02  5000 10000 1.856176e-04     0 3.804112e-02 5.370360e+01 1.300174e+02 5.974869e-02 9.535625e-05 
6.930000e+01 6.553089e-03 4.868394e-02 7.287007e-01 8.110440e+03 3.255717e+03 9.767228e+02  5000 10000 1.797408e-04     0 3.803835e-02 5.377202e+01 1.300175e+02 5.975052e-02 9.530256e-05 
6.940000e+01 6.532268e-03 4.883237e-02 7.288293e-01 8.120141e+03 3.264373e+03 9.765799e+02  5000 10000 1.719536e-04     0 3.803567e-02 5.384065e+01 1.300176e+02 5.975230e-02 9.512751e-05 
6.950000e+01 6.513798e-03 4.898122e-02 7.289571e-01 8.129841e+03 3.273030e+03 9.764389e+02  5000 10000 1.637722e-04     0 3.803309e-02 5.390950e+01 1.300177e+02 5.975400e-02 9.533073e-05 
6.960000e+01 6.496821e-03 4.913049e-02 7.290840e-01 8.139539e+03 3.281688e+03 9.762998e+02  5000 10000 1.762660e-04     0 3.803060e-02 5.397855e+01 1.300178e+02 5.975564e-02 9.603070e-05 
6.970000e+01 6.478365e-03 4.928016e-02 7.292104e-01 8.149237e+03 3.290348e+03 9.761626e+02  5000 10000 1.758331e-04     0 3.802821e-02 5.404780e+01 1.300179e+02 5.975722e-02 9.646818e-05 
6.980000e+01 6.459353e-03 4.943022e-02 7.293367e-01 8.158933e+03 3.299009e+03 9.760274e+02  5000 10000 1.704588e-04     0 3.802592e-02 5.411725e+01 1.300180e+02 5.975872e-02 9.647404e-05 
6.990000e+01 6.441442e-03 4.958066e-02 7.294626e-01 8.168628e+03 3.307671e+03 9.758941e+02  5000 10000 1.633457e-04     0 3.802372e-02 5.418688e+01 1.300180e+02 5.976016e-02 9.636946e-05 
   70 6.425672e-03 4.973147e-02 7.295878e-01 8.178322e+03 3.316334e+03 9.757627e+02  5000 10000 1.558754e-04     0 3.802162e-02 5.425669e+01 1.300181e+02 5.976154e-02 9.660966e-05 
7.010000e+01 6.411271e-03 4.988263e-02 7.297121e-01 8.188015e+03 3.324999e+03 9.756333e+02  5000 10000 1.672228e-04     0 3.801962e-02 5.432669e+01 1.300182e+02 5.976284e-02 9.730285e-05 
7.020000e+01 6.395551e-03 5.003414e-02 7.298361e-01 8.197707e+03 3.333664e+03 9.755058e+02  5000 10000 1.668106e-04     0 3.801771e-02 5.439686e+01 1.300182e+02 5.976408e-02 9.775825e-05 
7.030000e+01 6.379346e-03 5.018599e-02 7.299600e-01 8.207398e+03 3.342331e+03 9.753803e+02  5000 10000 1.619078e-04     0 3.801590e-02 5.446719e+01 1.300183e+02 5.976525e-02 9.782174e-05 
7.040000e+01 6.364150e-03 5.033815e-02 7.300835e-01 8.217088e+03 3.351000e+03 9.752567e+02  5000 10000 1.554277e-04     0 3.801419e-02 5.453769e+01 1.300183e+02 5.976636e-02 9.778500e-05 
7.050000e+01 6.350904e-03 5.049063e-02 7.302065e-01 8.226777e+03 3.359669e+03 9.751351e+02  5000 10000 1.486255e-04     0 3.801257e-02 5.460835e+01 1.300184e+02 5.976740e-02 9.806151e-05 
7.060000e+01 6.338912e-03 5.064341e-02 7.303287e-01 8.236465e+03 3.368340e+03 9.750155e+02  5000 10000 1.588919e-04     0 3.801106e-02 5.467915e+01 1.300184e+02 5.976837e-02 9.874989e-05 
7.070000e+01 6.325751e-03 5.079648e-02 7.304506e-01 8.246151e+03 3.377012e+03 9.748979e+02  5000 10000 1.584988e-04     0 3.800963e-02 5.475011e+01 1.300185e+02 5.976927e-02 9.922381e-05 
7.080000e+01 6.312172e-03 5.094982e-02 7.305724e-01 8.255837e+03 3.385685e+03 9.747822e+02  5000 10000 1.540396e-04     0 3.800831e-02 5.482120e+01 1.300185e+02 5.977011e-02 9.934325e-05 
7.090000e+01 6.299518e-03 5.110343e-02 7.306940e-01 8.265522e+03 3.394359e+03 9.746685e+02  5000 10000 1.481555e-04     0 3.800708e-02 5.489243e+01 1.300185e+02 5.977088e-02 9.937208e-05 
   71 6.288638e-03 5.125729e-02 7.308151e-01 8.275205e+03 3.403035e+03 9.745568e+02  5000 10000 1.419830e-04     0 3.800595e-02 5.496380e+01 1.300186e+02 5.977158e-02 9.968437e-05 
7.110000e+01 6.278907e-03 5.141140e-02 7.309355e-01 8.284888e+03 3.411711e+03 9.744471e+02  5000 10000 1.512254e-04     0 3.800491e-02 5.503529e+01 1.300186e+02 5.977221e-02 1.003697e-04 
7.120000e+01 6.268148e-03 5.156575e-02 7.310557e-01 8.294569e+03 3.420389e+03 9.743394e+02  5000 10000 1.508493e-04     0 3.800397e-02 5.510690e+01 1.300186e+02 5.977278e-02 1.008628e-04 
7.130000e+01 6.257034e-03 5.172031e-02 7.311759e-01 8.304250e+03 3.429068e+03 9.742337e+02  5000 10000 1.468089e-04     0 3.800313e-02 5.517862e+01 1.300186e+02 5.977328e-02 1.010369e-04 
7.140000e+01 6.246770e-03 5.187508e-02 7.312958e-01 8.313929e+03 3.437749e+03 9.741301e+02  5000 10000 1.414878e-04     0 3.800239e-02 5.525046e+01 1.300186e+02 5.977372e-02 1.011294e-04 
7.150000e+01 6.238115e-03 5.203005e-02 7.314153e-01 8.323607e+03 3.446430e+03 9.740284e+02  5000 10000 1.359109e-04     0 3.800174e-02 5.532240e+01 1.300186e+02 5.977409e-02 1.014772e-04 
7.160000e+01 6.230513e-03 5.218520e-02 7.315343e-01 8.333285e+03 3.455113e+03 9.739287e+02  5000 10000 1.441778e-04     0 3.800119e-02 5.539444e+01 1.300186e+02 5.977439e-02 1.021612e-04 
7.170000e+01 6.222017e-03 5.234054e-02 7.316531e-01 8.342961e+03 3.463796e+03 9.738310e+02  5000 10000 1.438162e-04     0 3.800073e-02 5.546657e+01 1.300186e+02 5.977462e-02 1.026743e-04 
7.180000e+01 6.213227e-03 5.249603e-02 7.317719e-01 8.352636e+03 3.472481e+03 9.737354e+02  5000 10000 1.401723e-04     0 3.800038e-02 5.553879e+01 1.300186e+02 5.977479e-02 1.029021e-04 
7.190000e+01 6.205217e-03 5.265168e-02 7.318906e-01 8.362311e+03 3.481168e+03 9.736418e+02  5000 10000 1.353853e-04     0 3.800011e-02 5.561110e+01 1.300186e+02 5.977489e-02 1.030570e-04 
   72 6.198665e-03 5.280748e-02 7.320089e-01 8.371984e+03 3.489855e+03 9.735502e+02  5000 10000 1.303741e-04     0 3.799995e-02 5.568348e+01 1.300186e+02 5.977492e-02 1.034402e-04 
7.210000e+01 6.193076e-03 5.296340e-02 7.321268e-01 8.381656e+03 3.498543e+03 9.734606e+02  5000 10000 1.377050e-04     0 3.799988e-02 5.575594e+01 1.300186e+02 5.977489e-02 1.041247e-04 
7.220000e+01 6.186724e-03 5.311944e-02 7.322445e-01 8.391327e+03 3.507233e+03 9.733731e+02  5000 10000 1.373547e-04     0 3.799990e-02 5.582847e+01 1.300186e+02 5.977479e-02 1.046587e-04 
7.230000e+01 6.180135e-03 5.327560e-02 7.323623e-01 8.400997e+03 3.515924e+03 9.732876e+02  5000 10000 1.340878e-04     0 3.800003e-02 5.590106e+01 1.300186e+02 5.977462e-02 1.049399e-04 
7.240000e+01 6.174263e-03 5.343184e-02 7.324800e-01 8.410666e+03 3.524616e+03 9.732041e+02  5000 10000 1.298097e-04     0 3.800024e-02 5.597371e+01 1.300185e+02 5.977439e-02 1.051565e-04 
7.250000e+01 6.169707e-03 5.358818e-02 7.325974e-01 8.420335e+03 3.533309e+03 9.731227e+02  5000 10000 1.253383e-04     0 3.800056e-02 5.604641e+01 1.300185e+02 5.977409e-02 1.055755e-04 
7.260000e+01 6.166034e-03 5.374459e-02 7.327145e-01 8.430002e+03 3.542003e+03 9.730433e+02  5000 10000 1.317636e-04     0 3.800097e-02 5.611915e+01 1.300184e+02 5.977372e-02 1.062624e-04 
7.270000e+01 6.161722e-03 5.390106e-02 7.328315e-01 8.439668e+03 3.550698e+03 9.729659e+02  5000 10000 1.314207e-04     0 3.800147e-02 5.619194e+01 1.300184e+02 5.977329e-02 1.068187e-04 
7.280000e+01 6.157232e-03 5.405759e-02 7.329485e-01 8.449333e+03 3.559395e+03 9.728906e+02  5000 10000 1.285137e-04     0 3.800207e-02 5.626477e+01 1.300184e+02 5.977280e-02 1.071536e-04 
7.290000e+01 6.153400e-03 5.421415e-02 7.330655e-01 8.458997e+03 3.568092e+03 9.728173e+02  5000 10000 1.247231e-04     0 3.800277e-02 5.633763e+01 1.300183e+02 5.977223e-02 1.074318e-04 
   73 6.150752e-03 5.437075e-02 7.331823e-01 8.468660e+03 3.576791e+03 9.727461e+02  5000 10000 1.207697e-04     0 3.800356e-02 5.641051e+01 1.300183e+02 5.977160e-02 1.078876e-04 
7.310000e+01 6.148911e-03 5.452737e-02 7.332989e-01 8.478322e+03 3.585491e+03 9.726769e+02  5000 10000 1.263102e-04     0 3.800444e-02 5.648342e+01 1.300182e+02 5.977091e-02 1.085791e-04 
7.320000e+01 6.146555e-03 5.468399e-02 7.334154e-01 8.487983e+03 3.594192e+03 9.726097e+02  5000 10000 1.259698e-04     0 3.800542e-02 5.655634e+01 1.300181e+02 5.977015e-02 1.091595e-04 
7.330000e+01 6.144079e-03 5.484062e-02 7.335321e-01 8.497643e+03 3.602894e+03 9.725446e+02  5000 10000 1.234082e-04     0 3.800649e-02 5.662928e+01 1.300181e+02 5.976932e-02 1.095491e-04 
7.340000e+01 6.142208e-03 5.499723e-02 7.336487e-01 8.507302e+03 3.611598e+03 9.724816e+02  5000 10000 1.200875e-04     0 3.800766e-02 5.670222e+01 1.300180e+02 5.976843e-02 1.098899e-04 
7.350000e+01 6.141395e-03 5.515381e-02 7.337652e-01 8.516960e+03 3.620302e+03 9.724206e+02  5000 10000 1.166344e-04     0 3.800892e-02 5.677516e+01 1.300179e+02 5.976748e-02 1.103840e-04 
7.360000e+01 6.141322e-03 5.531036e-02 7.338815e-01 8.526616e+03 3.629008e+03 9.723616e+02  5000 10000 1.213006e-04     0 3.801028e-02 5.684810e+01 1.300179e+02 5.976646e-02 1.110824e-04 
7.370000e+01 6.140854e-03 5.546686e-02 7.339979e-01 8.536272e+03 3.637714e+03 9.723047e+02  5000 10000 1.209567e-04     0 3.801173e-02 5.692102e+01 1.300178e+02 5.976537e-02 1.116892e-04 
7.380000e+01 6.140328e-03 5.562331e-02 7.341144e-01 8.545927e+03 3.646422e+03 9.722499e+02  5000 10000 1.187284e-04     0 3.801327e-02 5.699394e+01 1.300177e+02 5.976422e-02 1.121355e-04 
7.390000e+01 6.140358e-03 5.577968e-02 7.342309e-01 8.555581e+03 3.655131e+03 9.721971e+02  5000 10000 1.158640e-04     0 3.801490e-02 5.706683e+01 1.300176e+02 5.976301e-02 1.125409e-04 
   74 6.141327e-03 5.593598e-02 7.343474e-01 8.565234e+03 3.663841e+03 9.721463e+02  5000 10000 1.128975e-04     0 3.801663e-02 5.713970e+01 1.300175e+02 5.976173e-02 1.130755e-04 
7.410000e+01 6.142971e-03 5.609218e-02 7.344638e-01 8.574886e+03 3.672553e+03 9.720976e+02  5000 10000 1.166892e-04     0 3.801845e-02 5.721254e+01 1.300174e+02 5.976038e-02 1.137837e-04 
7.420000e+01 6.144346e-03 5.624829e-02 7.345803e-01 8.584536e+03 3.681265e+03 9.720509e+02  5000 10000 1.163347e-04     0 3.802036e-02 5.728535e+01 1.300173e+02 5.975898e-02 1.144200e-04 
7.430000e+01 6.145726e-03 5.640428e-02 7.346969e-01 8.594186e+03 3.689978e+03 9.720063e+02  5000 10000 1.144304e-04     0 3.802237e-02 5.735811e+01 1.300172e+02 5.975750e-02 1.149260e-04 
7.440000e+01 6.147616e-03 5.656015e-02 7.348136e-01 8.603835e+03 3.698693e+03 9.719637e+02  5000 10000 1.120124e-04     0 3.802446e-02 5.743083e+01 1.300171e+02 5.975597e-02 1.153988e-04 
7.450000e+01 6.150331e-03 5.671589e-02 7.349303e-01 8.613483e+03 3.707409e+03 9.719232e+02  5000 10000 1.095236e-04     0 3.802665e-02 5.750350e+01 1.300170e+02 5.975437e-02 1.159771e-04 
7.460000e+01 6.153661e-03 5.687149e-02 7.350471e-01 8.623129e+03 3.716126e+03 9.718847e+02  5000 10000 1.124289e-04     0 3.802893e-02 5.757612e+01 1.300169e+02 5.975271e-02 1.166985e-04 
7.470000e+01 6.156851e-03 5.702693e-02 7.351639e-01 8.632775e+03 3.724844e+03 9.718483e+02  5000 10000 1.120552e-04     0 3.803130e-02 5.764867e+01 1.300168e+02 5.975099e-02 1.173680e-04 
7.480000e+01 6.160114e-03 5.718220e-02 7.352809e-01 8.642420e+03 3.733563e+03 9.718139e+02  5000 10000 1.104681e-04     0 3.803376e-02 5.772117e+01 1.300167e+02 5.974920e-02 1.179378e-04 
7.490000e+01 6.163845e-03 5.733730e-02 7.353981e-01 8.652063e+03 3.742283e+03 9.717816e+02  5000 10000 1.084912e-04     0 3.803631e-02 5.779359e+01 1.300166e+02 5.974735e-02 1.184824e-04 
   75 6.168290e-03 5.749221e-02 7.355153e-01 8.661706e+03 3.751004e+03 9.717513e+02  5000 10000 1.064755e-04     0 3.803895e-02 5.786593e+01 1.300164e+02 5.974544e-02 1.191086e-04 
7.510000e+01 6.173295e-03 5.764693e-02 7.356326e-01 8.671347e+03 3.759727e+03 9.717230e+02  5000 10000 1.084700e-04     0 3.804168e-02 5.793820e+01 1.300163e+02 5.974347e-02 1.198471e-04 
7.520000e+01 6.178296e-03 5.780143e-02 7.357501e-01 8.680988e+03 3.768451e+03 9.716968e+02  5000 10000 1.080671e-04     0 3.804450e-02 5.801038e+01 1.300162e+02 5.974143e-02 1.205545e-04 
7.530000e+01 6.183442e-03 5.795572e-02 7.358678e-01 8.690627e+03 3.777175e+03 9.716726e+02  5000 10000 1.067935e-04     0 3.804741e-02 5.808248e+01 1.300160e+02 5.973933e-02 1.211936e-04 
7.540000e+01 6.189018e-03 5.810978e-02 7.359857e-01 8.700266e+03 3.785901e+03 9.716504e+02  5000 10000 1.052567e-04     0 3.805040e-02 5.815448e+01 1.300159e+02 5.973718e-02 1.218155e-04 
7.550000e+01 6.195198e-03 5.826361e-02 7.361037e-01 8.709903e+03 3.794628e+03 9.716303e+02  5000 10000 1.037147e-04     0 3.805349e-02 5.822638e+01 1.300158e+02 5.973496e-02 1.224947e-04 
7.560000e+01 6.201886e-03 5.841718e-02 7.362219e-01 8.719540e+03 3.803356e+03 9.716122e+02  5000 10000 1.047602e-04     0 3.805666e-02 5.829817e+01 1.300156e+02 5.973268e-02 1.232552e-04 
7.570000e+01 6.208716e-03 5.857049e-02 7.363403e-01 8.729175e+03 3.812086e+03 9.715961e+02  5000 10000 1.043163e-04     0 3.805992e-02 5.836986e+01 1.300155e+02 5.973033e-02 1.240063e-04 
7.580000e+01 6.215770e-03 5.872354e-02 7.364589e-01 8.738809e+03 3.820816e+03 9.715820e+02  5000 10000 1.033555e-04     0 3.806327e-02 5.844143e+01 1.300153e+02 5.972793e-02 1.247215e-04 
7.590000e+01 6.223220e-03 5.887630e-02 7.365778e-01 8.748442e+03 3.829548e+03 9.715700e+02  5000 10000 1.022630e-04     0 3.806670e-02 5.851289e+01 1.300152e+02 5.972547e-02 1.254281e-04 
   76 6.231164e-03 5.902878e-02 7.366968e-01 8.758075e+03 3.838280e+03 9.715599e+02  5000 10000 1.012008e-04     0 3.807022e-02 5.858422e+01 1.300150e+02 5.972295e-02 1.261668e-04 
7.610000e+01 6.239568e-03 5.918095e-02 7.368161e-01 8.767706e+03 3.847014e+03 9.715519e+02  5000 10000 1.012436e-04     0 3.807382e-02 5.865542e+01 1.300148e+02 5.972037e-02 1.269547e-04 
7.620000e+01 6.248270e-03 5.933281e-02 7.369357e-01 8.777336e+03 3.855749e+03 9.715459e+02  5000 10000 1.007451e-04     0 3.807752e-02 5.872649e+01 1.300147e+02 5.971773e-02 1.277563e-04 
7.630000e+01 6.257285e-03 5.948436e-02 7.370555e-01 8.786965e+03 3.864485e+03 9.715419e+02  5000 10000 1.000999e-04     0 3.808129e-02 5.879743e+01 1.300145e+02 5.971503e-02 1.285563e-04 
7.640000e+01 6.266664e-03 5.963557e-02 7.371756e-01 8.796593e+03 3.873223e+03 9.715399e+02  5000 10000 9.946131e-05     0 3.808515e-02 5.886822e+01 1.300143e+02 5.971227e-02 1.293568e-04 
7.650000e+01 6.276427e-03 5.978644e-02 7.372960e-01 8.806220e+03 3.881961e+03 9.715400e+02  5000 10000 9.889106e-05     0 3.808910e-02 5.893886e+01 1.300142e+02 5.970946e-02 1.301629e-04 
7.660000e+01 6.286603e-03 5.993696e-02 7.374167e-01 8.815845e+03 3.890701e+03 9.715420e+02  5000 10000 9.786013e-05     0 3.809313e-02 5.900935e+01 1.300140e+02 5.970658e-02 1.309848e-04 
7.670000e+01 6.297251e-03 6.008712e-02 7.375377e-01 8.825470e+03 3.899442e+03 9.715460e+02  5000 10000 9.729115e-05     0 3.809724e-02 5.907969e+01 1.300138e+02 5.970365e-02 1.318452e-04 
7.680000e+01 6.308312e-03 6.023691e-02 7.376590e-01 8.835094e+03 3.908183e+03 9.715519e+02  5000 10000 9.696819e-05     0 3.810144e-02 5.914986e+01 1.300136e+02 5.970066e-02 1.327406e-04 
7.690000e+01 6.319706e-03 6.038632e-02 7.377806e-01 8.844717e+03 3.916926e+03 9.715599e+02  5000 10000 9.679934e-05     0 3.810571e-02 5.921987e+01 1.300135e+02 5.969761e-02 1.336461e-04 
   77 6.331371e-03 6.053534e-02 7.379026e-01 8.854338e+03 3.925671e+03 9.715699e+02  5000 10000 9.674008e-05     0 3.811007e-02 5.928971e+01 1.300133e+02 5.969451e-02 1.345293e-04 
7.710000e+01 6.343406e-03 6.068396e-02 7.380250e-01 8.863958e+03 3.934416e+03 9.715818e+02  5000 10000 9.454434e-05     0 3.811452e-02 5.935938e+01 1.300131e+02 5.969135e-02 1.353928e-04 
7.720000e+01 6.356105e-03 6.083217e-02 7.381477e-01 8.873578e+03 3.943163e+03 9.715957e+02  5000 10000 9.388637e-05     0 3.811904e-02 5.942886e+01 1.300129e+02 5.968813e-02 1.363220e-04 
7.730000e+01 6.369330e-03 6.097997e-02 7.382708e-01 8.883196e+03 3.951910e+03 9.716115e+02  5000 10000 9.389659e-05     0 3.812364e-02 5.949816e+01 1.300127e+02 5.968486e-02 1.373256e-04 
7.740000e+01 6.382861e-03 6.112733e-02 7.383942e-01 8.892813e+03 3.960659e+03 9.716294e+02  5000 10000 9.422031e-05     0 3.812833e-02 5.956727e+01 1.300125e+02 5.968153e-02 1.383499e-04 
7.750000e+01 6.396545e-03 6.127425e-02 7.385181e-01 8.902429e+03 3.969409e+03 9.716492e+02  5000 10000 9.469888e-05     0 3.813309e-02 5.963619e+01 1.300123e+02 5.967815e-02 1.393219e-04 
7.760000e+01 6.410557e-03 6.142073e-02 7.386425e-01 8.912044e+03 3.978160e+03 9.716709e+02  5000 10000 9.122372e-05     0 3.813793e-02 5.970492e+01 1.300121e+02 5.967471e-02 1.402361e-04 
7.770000e+01 6.425451e-03 6.156675e-02 7.387672e-01 8.921658e+03 3.986913e+03 9.716946e+02  5000 10000 9.045504e-05     0 3.814285e-02 5.977344e+01 1.300119e+02 5.967122e-02 1.412459e-04 
7.780000e+01 6.441000e-03 6.171231e-02 7.388923e-01 8.931271e+03 3.995666e+03 9.717202e+02  5000 10000 9.081433e-05     0 3.814785e-02 5.984175e+01 1.300117e+02 5.966767e-02 1.423734e-04 
7.790000e+01 6.456830e-03 6.185738e-02 7.390178e-01 8.940882e+03 4.004421e+03 9.717477e+02  5000 10000 9.166154e-05     0 3.815293e-02 5.990986e+01 1.300115e+02 5.966407e-02 1.435332e-04 
   78 6.472688e-03 6.200198e-02 7.391439e-01 8.950493e+03 4.013177e+03 9.717772e+02  5000 10000 9.271383e-05     0 3.815808e-02 5.997774e+01 1.300113e+02 5.966042e-02 1.446078e-04 
7.810000e+01 6.488834e-03 6.214607e-02 7.392705e-01 8.960102e+03 4.021934e+03 9.718086e+02  5000 10000 8.781658e-05     0 3.816332e-02 6.004541e+01 1.300111e+02 5.965671e-02 1.455835e-04 
7.820000e+01 6.506109e-03 6.228967e-02 7.393976e-01 8.969711e+03 4.030693e+03 9.718420e+02  5000 10000 8.691149e-05     0 3.816862e-02 6.011286e+01 1.300108e+02 5.965295e-02 1.466882e-04 
7.830000e+01 6.524190e-03 6.243275e-02 7.395250e-01 8.979318e+03 4.039452e+03 9.718772e+02  5000 10000 8.764143e-05     0 3.817401e-02 6.018008e+01 1.300106e+02 5.964914e-02 1.479586e-04 
7.840000e+01 6.542529e-03 6.257531e-02 7.396530e-01 8.988924e+03 4.048213e+03 9.719144e+02  5000 10000 8.905253e-05     0 3.817946e-02 6.024706e+01 1.300104e+02 5.964527e-02 1.492741e-04 
7.850000e+01 6.560761e-03 6.271734e-02 7.397815e-01 8.998529e+03 4.056975e+03 9.719534e+02  5000 10000 9.072501e-05     0 3.818500e-02 6.031381e+01 1.300102e+02 5.964135e-02 1.504685e-04 
7.860000e+01 6.579242e-03 6.285883e-02 7.399108e-01 9.008132e+03 4.065738e+03 9.719944e+02  5000 10000 8.422893e-05     0 3.819060e-02 6.038032e+01 1.300100e+02 5.963739e-02 1.515185e-04 
7.870000e+01 6.599137e-03 6.299977e-02 7.400405e-01 9.017735e+03 4.074503e+03 9.720372e+02  5000 10000 8.315671e-05     0 3.819628e-02 6.044658e+01 1.300097e+02 5.963337e-02 1.527353e-04 
7.880000e+01 6.620013e-03 6.314015e-02 7.401707e-01 9.027336e+03 4.083268e+03 9.720819e+02  5000 10000 8.428552e-05     0 3.820204e-02 6.051259e+01 1.300095e+02 5.962930e-02 1.541717e-04 
7.890000e+01 6.641127e-03 6.327997e-02 7.403014e-01 9.036936e+03 4.092035e+03 9.721285e+02  5000 10000 8.631213e-05     0 3.820786e-02 6.057835e+01 1.300093e+02 5.962518e-02 1.556678e-04 
   79 6.661986e-03 6.341921e-02 7.404328e-01 9.046535e+03 4.100803e+03 9.721769e+02  5000 10000 8.866388e-05     0 3.821376e-02 6.064386e+01 1.300090e+02 5.962101e-02 1.570025e-04 
7.910000e+01 6.683057e-03 6.355787e-02 7.405650e-01 9.056133e+03 4.109573e+03 9.722273e+02  5000 10000 8.035017e-05     0 3.821973e-02 6.070910e+01 1.300088e+02 5.961680e-02 1.581424e-04 
7.920000e+01 6.705874e-03 6.369593e-02 7.406978e-01 9.065730e+03 4.118343e+03 9.722794e+02  5000 10000 7.907361e-05     0 3.822576e-02 6.077407e+01 1.300086e+02 5.961253e-02 1.594923e-04 
7.930000e+01 6.729877e-03 6.383340e-02 7.408310e-01 9.075325e+03 4.127115e+03 9.723334e+02  5000 10000 8.063739e-05     0 3.823187e-02 6.083878e+01 1.300083e+02 5.960821e-02 1.611229e-04 
7.940000e+01 6.754100e-03 6.397025e-02 7.409648e-01 9.084920e+03 4.135888e+03 9.723893e+02  5000 10000 8.334463e-05     0 3.823805e-02 6.090321e+01 1.300081e+02 5.960385e-02 1.628300e-04 
7.950000e+01 6.777905e-03 6.410649e-02 7.410995e-01 9.094513e+03 4.144663e+03 9.724470e+02  5000 10000 8.645000e-05     0 3.824430e-02 6.096736e+01 1.300078e+02 5.959944e-02 1.643302e-04 
7.960000e+01 6.801885e-03 6.424210e-02 7.412351e-01 9.104105e+03 4.153438e+03 9.725065e+02  5000 10000 7.604699e-05     0 3.825061e-02 6.103124e+01 1.300076e+02 5.959498e-02 1.655790e-04 
7.970000e+01 6.828001e-03 6.437707e-02 7.413712e-01 9.113695e+03 4.162215e+03 9.725678e+02  5000 10000 7.452044e-05     0 3.825699e-02 6.109482e+01 1.300073e+02 5.959048e-02 1.670877e-04 
7.980000e+01 6.855547e-03 6.451140e-02 7.415079e-01 9.123285e+03 4.170993e+03 9.726310e+02  5000 10000 7.656474e-05     0 3.826344e-02 6.115812e+01 1.300071e+02 5.958593e-02 1.689475e-04 
7.990000e+01 6.883298e-03 6.464509e-02 7.416453e-01 9.132873e+03 4.179773e+03 9.726959e+02  5000 10000 8.003426e-05     0 3.826996e-02 6.122112e+01 1.300068e+02 5.958133e-02 1.709032e-04 
   80 6.910446e-03 6.477811e-02 7.417836e-01 9.142460e+03 4.188554e+03 9.727626e+02  5000 10000 8.398629e-05     0 3.827654e-02 6.128383e+01 1.300066e+02 5.957669e-02 1.726002e-04 
8.010000e+01 6.937735e-03 6.491046e-02 7.419230e-01 9.152046e+03 4.197336e+03 9.728312e+02  5000 10000 7.115495e-05     0 3.828319e-02 6.134623e+01 1.300063e+02 5.957200e-02 1.739812e-04 
8.020000e+01 6.967622e-03 6.504214e-02 7.420631e-01 9.161630e+03 4.206119e+03 9.729014e+02  5000 10000 6.932154e-05     0 3.828990e-02 6.140833e+01 1.300061e+02 5.956727e-02 1.756806e-04 
8.030000e+01 6.999230e-03 6.517313e-02 7.422037e-01 9.171214e+03 4.214904e+03 9.729735e+02  5000 10000 7.190343e-05     0 3.829667e-02 6.147012e+01 1.300058e+02 5.956249e-02 1.778131e-04 
8.040000e+01 7.031032e-03 6.530343e-02 7.423450e-01 9.180796e+03 4.223690e+03 9.730473e+02  5000 10000 7.623742e-05     0 3.830351e-02 6.153160e+01 1.300055e+02 5.955767e-02 1.800643e-04 
8.050000e+01 7.062022e-03 6.543304e-02 7.424875e-01 9.190376e+03 4.232477e+03 9.731229e+02  5000 10000 8.115249e-05     0 3.831041e-02 6.159276e+01 1.300053e+02 5.955281e-02 1.819971e-04 
8.060000e+01 7.093118e-03 6.556193e-02 7.426312e-01 9.199956e+03 4.241266e+03 9.732002e+02  5000 10000 6.546636e-05     0 3.831737e-02 6.165360e+01 1.300050e+02 5.954791e-02 1.835398e-04 
8.070000e+01 7.127368e-03 6.569011e-02 7.427756e-01 9.209534e+03 4.250056e+03 9.732793e+02  5000 10000 6.325418e-05     0 3.832439e-02 6.171412e+01 1.300048e+02 5.954296e-02 1.854702e-04 
8.080000e+01 7.163690e-03 6.581757e-02 7.429207e-01 9.219111e+03 4.258848e+03 9.733601e+02  5000 10000 6.644500e-05     0 3.833148e-02 6.177431e+01 1.300045e+02 5.953797e-02 1.879302e-04 
8.090000e+01 7.200199e-03 6.594430e-02 7.430665e-01 9.228686e+03 4.267641e+03 9.734426e+02  5000 10000 7.177152e-05     0 3.833862e-02 6.183417e+01 1.300042e+02 5.953294e-02 1.905361e-04 
   81 7.235654e-03 6.607029e-02 7.432137e-01 9.238260e+03 4.276435e+03 9.735268e+02  5000 10000 7.779558e-05     0 3.834582e-02 6.189369e+01 1.300039e+02 5.952786e-02 1.927540e-04 
8.110000e+01 7.271185e-03 6.619553e-02 7.433623e-01 9.247833e+03 4.285230e+03 9.736127e+02  5000 10000 5.871293e-05     0 3.835308e-02 6.195288e+01 1.300037e+02 5.952275e-02 1.944956e-04 
8.120000e+01 7.310543e-03 6.632003e-02 7.435117e-01 9.257405e+03 4.294027e+03 9.737003e+02  5000 10000 5.602955e-05     0 3.836040e-02 6.201173e+01 1.300034e+02 5.951760e-02 1.967084e-04 
8.130000e+01 7.352400e-03 6.644376e-02 7.436617e-01 9.266975e+03 4.302826e+03 9.737896e+02  5000 10000 5.991854e-05     0 3.836777e-02 6.207023e+01 1.300031e+02 5.951241e-02 1.995660e-04 
8.140000e+01 7.394445e-03 6.656673e-02 7.438127e-01 9.276544e+03 4.311625e+03 9.738805e+02  5000 10000 6.639889e-05     0 3.837521e-02 6.212838e+01 1.300028e+02 5.950718e-02 2.026024e-04 
8.150000e+01 7.435152e-03 6.668892e-02 7.439652e-01 9.286111e+03 4.320427e+03 9.739731e+02  5000 10000 7.371597e-05     0 3.838269e-02 6.218618e+01 1.300026e+02 5.950191e-02 2.051687e-04 
8.160000e+01 7.475910e-03 6.681033e-02 7.441193e-01 9.295678e+03 4.329229e+03 9.740674e+02  5000 10000 5.054041e-05     0 3.839023e-02 6.224362e+01 1.300023e+02 5.949660e-02 2.071574e-04 
8.170000e+01 7.521320e-03 6.693095e-02 7.442743e-01 9.305242e+03 4.338033e+03 9.741633e+02  5000 10000 4.726495e-05     0 3.839783e-02 6.230071e+01 1.300020e+02 5.949126e-02 2.097190e-04 
8.180000e+01 7.569758e-03 6.705077e-02 7.444300e-01 9.314806e+03 4.346839e+03 9.742608e+02  5000 10000 5.196423e-05     0 3.840548e-02 6.235743e+01 1.300017e+02 5.948587e-02 2.130651e-04 
8.190000e+01 7.618391e-03 6.716980e-02 7.445868e-01 9.324368e+03 4.355646e+03 9.743600e+02  5000 10000 5.980306e-05     0 3.841318e-02 6.241379e+01 1.300014e+02 5.948045e-02 2.166303e-04 
   82 7.665353e-03 6.728802e-02 7.447453e-01 9.333928e+03 4.364454e+03 9.744608e+02  5000 10000 6.864713e-05     0 3.842093e-02 6.246978e+01 1.300012e+02 5.947500e-02 2.196275e-04 
8.210000e+01 7.712346e-03 6.740541e-02 7.449058e-01 9.343487e+03 4.373264e+03 9.745631e+02  5000 10000 4.047067e-05     0 3.842873e-02 6.252539e+01 1.300009e+02 5.946951e-02 2.219267e-04 
8.220000e+01 7.765018e-03 6.752198e-02 7.450672e-01 9.353045e+03 4.382076e+03 9.746671e+02  5000 10000 3.644214e-05     0 3.843658e-02 6.258064e+01 1.300006e+02 5.946399e-02 2.249248e-04 
8.230000e+01 7.821379e-03 6.763773e-02 7.452294e-01 9.362601e+03 4.390889e+03 9.747726e+02  5000 10000 4.209344e-05     0 3.844449e-02 6.263550e+01 1.300003e+02 5.945843e-02 2.288788e-04 
8.240000e+01 7.877957e-03 6.775265e-02 7.453928e-01 9.372156e+03 4.399704e+03 9.748798e+02  5000 10000 5.155301e-05     0 3.845244e-02 6.268998e+01 1.300000e+02 5.945283e-02 2.331025e-04 
8.250000e+01 7.932462e-03 6.786671e-02 7.455582e-01 9.381709e+03 4.408520e+03 9.749884e+02  5000 10000 6.222469e-05     0 3.846044e-02 6.274408e+01 1.299997e+02 5.944721e-02 2.366400e-04 
8.260000e+01 7.986993e-03 6.797993e-02 7.457258e-01 9.391261e+03 4.417337e+03 9.750987e+02  5000 10000 2.784385e-05     0 3.846849e-02 6.279779e+01 1.299994e+02 5.944155e-02 2.393346e-04 
8.270000e+01 8.048497e-03 6.809229e-02 7.458946e-01 9.400811e+03 4.426156e+03 9.752104e+02  5000 10000 2.284347e-05     0 3.847658e-02 6.285111e+01 1.299991e+02 5.943586e-02 2.428868e-04 
8.280000e+01 8.114530e-03 6.820379e-02 7.460642e-01 9.410360e+03 4.434977e+03 9.753237e+02  5000 10000 2.962763e-05     0 3.848472e-02 6.290404e+01 1.299989e+02 5.943014e-02 2.476093e-04 
8.290000e+01 8.180819e-03 6.831443e-02 7.462352e-01 9.419907e+03 4.443800e+03 9.754385e+02  5000 10000 4.104824e-05     0 3.849290e-02 6.295657e+01 1.299986e+02 5.942438e-02 2.526660e-04 
   83 8.244548e-03 6.842419e-02 7.464084e-01 9.429452e+03 4.452624e+03 9.755549e+02  5000 10000 5.393890e-05     0 3.850113e-02 6.300870e+01 1.299983e+02 5.941860e-02 2.568915e-04 
8.310000e+01 8.308320e-03 6.853307e-02 7.465844e-01 9.438997e+03 4.461449e+03 9.756727e+02  5000 10000 1.172763e-05     0 3.850939e-02 6.306043e+01 1.299980e+02 5.941278e-02 2.600976e-04 
8.320000e+01 8.380725e-03 6.864106e-02 7.467616e-01 9.448539e+03 4.470277e+03 9.757920e+02  5000 10000 5.451357e-06     0 3.851770e-02 6.311175e+01 1.299977e+02 5.940694e-02 2.643652e-04 
8.330000e+01 8.458741e-03 6.874817e-02 7.469397e-01 9.458080e+03 4.479106e+03 9.759128e+02  5000 10000 1.360169e-05     0 3.852606e-02 6.316267e+01 1.299974e+02 5.940106e-02 2.700763e-04 
8.340000e+01 8.537083e-03 6.885438e-02 7.471194e-01 9.467619e+03 4.487936e+03 9.760350e+02  5000 10000 2.743166e-05     0 3.853445e-02 6.321317e+01 1.299971e+02 5.939516e-02 2.762053e-04 
8.350000e+01 8.612266e-03 6.895968e-02 7.473018e-01 9.477157e+03 4.496769e+03 9.761587e+02  5000 10000 4.305898e-05     0 3.854288e-02 6.326326e+01 1.299968e+02 5.938923e-02 2.813231e-04 
8.360000e+01 8.687545e-03 6.906406e-02 7.474874e-01 9.486693e+03 4.505603e+03 9.762838e+02  5000 10000 -9.229423e-06     0 3.855135e-02 6.331294e+01 1.299965e+02 5.938328e-02 2.852032e-04 
8.370000e+01 8.773627e-03 6.916754e-02 7.476744e-01 9.496227e+03 4.514439e+03 9.764104e+02  5000 10000 -1.721479e-05     0 3.855985e-02 6.336219e+01 1.299962e+02 5.937730e-02 2.904129e-04 
8.380000e+01 8.866745e-03 6.927010e-02 7.478624e-01 9.505760e+03 4.523276e+03 9.765384e+02  5000 10000 -7.393210e-06     0 3.856840e-02 6.341103e+01 1.299959e+02 5.937129e-02 2.974213e-04 
8.390000e+01 8.960304e-03 6.937174e-02 7.480521e-01 9.515291e+03 4.532115e+03 9.766677e+02  5000 10000 9.447529e-06     0 3.857698e-02 6.345943e+01 1.299956e+02 5.936525e-02 3.049594e-04 
   84 9.049953e-03 6.947244e-02 7.482452e-01 9.524820e+03 4.540957e+03 9.767985e+02  5000 10000 2.850938e-05     0 3.858559e-02 6.350742e+01 1.299953e+02 5.935919e-02 3.112589e-04 
8.410000e+01 9.139816e-03 6.957219e-02 7.484420e-01 9.534347e+03 4.549800e+03 9.769307e+02  5000 10000 -3.704309e-05     0 3.859423e-02 6.355497e+01 1.299950e+02 5.935311e-02 3.160467e-04 
8.420000e+01 9.243383e-03 6.967101e-02 7.486405e-01 9.543873e+03 4.558644e+03 9.770642e+02  5000 10000 -4.737292e-05     0 3.860291e-02 6.360209e+01 1.299947e+02 5.934701e-02 3.225252e-04 
8.430000e+01 9.355901e-03 6.976889e-02 7.488399e-01 9.553397e+03 4.567491e+03 9.771991e+02  5000 10000 -3.547484e-05     0 3.861162e-02 6.364878e+01 1.299944e+02 5.934088e-02 3.312766e-04 
8.440000e+01 9.469049e-03 6.986583e-02 7.490415e-01 9.562919e+03 4.576340e+03 9.773353e+02  5000 10000 -1.479890e-05     0 3.862036e-02 6.369503e+01 1.299941e+02 5.933473e-02 3.407113e-04 
8.450000e+01 9.577336e-03 6.996179e-02 7.492471e-01 9.572439e+03 4.585190e+03 9.774728e+02  5000 10000 8.659630e-06     0 3.862912e-02 6.374084e+01 1.299938e+02 5.932856e-02 3.486142e-04 
8.460000e+01 9.686061e-03 7.005678e-02 7.494571e-01 9.581957e+03 4.594043e+03 9.776117e+02  5000 10000 -7.482090e-05     0 3.863791e-02 6.378620e+01 1.299935e+02 5.932237e-02 3.546560e-04 
8.470000e+01 9.812471e-03 7.015081e-02 7.496691e-01 9.591473e+03 4.602897e+03 9.777519e+02  5000 10000 -8.845893e-05     0 3.864673e-02 6.383113e+01 1.299932e+02 5.931615e-02 3.628903e-04 
8.480000e+01 9.950479e-03 7.024389e-02 7.498821e-01 9.600988e+03 4.611754e+03 9.778934e+02  5000 10000 -7.393611e-05     0 3.865558e-02 6.387560e+01 1.299929e+02 5.930992e-02 3.740490e-04 
8.490000e+01 1.008943e-02 7.033599e-02 7.500977e-01 9.610500e+03 4.620612e+03 9.780362e+02  5000 10000 -4.826531e-05     0 3.866445e-02 6.391963e+01 1.299926e+02 5.930367e-02 3.861090e-04 
   85 1.022228e-02 7.042710e-02 7.503180e-01 9.620011e+03 4.629473e+03 9.781802e+02  5000 10000 -1.904735e-05     0 3.867334e-02 6.396321e+01 1.299923e+02 5.929740e-02 3.962518e-04 
8.510000e+01 1.035600e-02 7.051720e-02 7.505440e-01 9.629519e+03 4.638335e+03 9.783255e+02  5000 10000 -1.275430e-04     0 3.868224e-02 6.400634e+01 1.299920e+02 5.929112e-02 4.040790e-04 
8.520000e+01 1.051303e-02 7.060633e-02 7.507720e-01 9.639026e+03 4.647200e+03 9.784720e+02  5000 10000 -1.460109e-04     0 3.869117e-02 6.404901e+01 1.299917e+02 5.928482e-02 4.148225e-04 
8.530000e+01 1.068544e-02 7.069448e-02 7.510012e-01 9.648530e+03 4.656067e+03 9.786198e+02  5000 10000 -1.281060e-04     0 3.870012e-02 6.409122e+01 1.299914e+02 5.927850e-02 4.294178e-04 
8.540000e+01 1.085931e-02 7.078165e-02 7.512334e-01 9.658033e+03 4.664936e+03 9.787688e+02  5000 10000 -9.575761e-05     0 3.870909e-02 6.413297e+01 1.299911e+02 5.927217e-02 4.452371e-04 
8.550000e+01 1.102545e-02 7.086778e-02 7.514715e-01 9.667533e+03 4.673808e+03 9.789190e+02  5000 10000 -5.878622e-05     0 3.871806e-02 6.417426e+01 1.299908e+02 5.926583e-02 4.586187e-04 
8.560000e+01 1.119323e-02 7.095288e-02 7.517167e-01 9.677031e+03 4.682681e+03 9.790704e+02  5000 10000 -2.035739e-04     0 3.872704e-02 6.421509e+01 1.299905e+02 5.925948e-02 4.690829e-04 
8.570000e+01 1.139264e-02 7.103699e-02 7.519642e-01 9.686526e+03 4.691557e+03 9.792230e+02  5000 10000 -2.293940e-04     0 3.873604e-02 6.425545e+01 1.299902e+02 5.925311e-02 4.835550e-04 
8.580000e+01 1.161302e-02 7.112012e-02 7.522129e-01 9.696020e+03 4.700436e+03 9.793767e+02  5000 10000 -2.070365e-04     0 3.874506e-02 6.429535e+01 1.299899e+02 5.924672e-02 5.032586e-04 
8.590000e+01 1.183576e-02 7.120224e-02 7.524651e-01 9.705511e+03 4.709316e+03 9.795316e+02  5000 10000 -1.654736e-04     0 3.875408e-02 6.433477e+01 1.299896e+02 5.924033e-02 5.246876e-04 
   86 1.204855e-02 7.128331e-02 7.527249e-01 9.715000e+03 4.718200e+03 9.796876e+02  5000 10000 -1.177123e-04     0 3.876309e-02 6.437373e+01 1.299893e+02 5.923393e-02 5.429559e-04 
8.610000e+01 1.226446e-02 7.136330e-02 7.529937e-01 9.724486e+03 4.727085e+03 9.798448e+02  5000 10000 -3.178044e-04     0 3.877208e-02 6.441221e+01 1.299890e+02 5.922754e-02 5.574933e-04 
8.620000e+01 1.252483e-02 7.144230e-02 7.532651e-01 9.733970e+03 4.735974e+03 9.800031e+02  5000 10000 -3.554195e-04     0 3.878110e-02 6.445022e+01 1.299887e+02 5.922112e-02 5.777815e-04 
8.630000e+01 1.281493e-02 7.152032e-02 7.535374e-01 9.743451e+03 4.744865e+03 9.801624e+02  5000 10000 -3.270571e-04     0 3.879013e-02 6.448775e+01 1.299884e+02 5.921469e-02 6.054712e-04 
8.640000e+01 1.310898e-02 7.159732e-02 7.538141e-01 9.752930e+03 4.753758e+03 9.803229e+02  5000 10000 -2.722684e-04     0 3.879915e-02 6.452480e+01 1.299881e+02 5.920825e-02 6.357158e-04 
8.650000e+01 1.338995e-02 7.167323e-02 7.541007e-01 9.762406e+03 4.762654e+03 9.804844e+02  5000 10000 -2.088548e-04     0 3.880813e-02 6.456137e+01 1.299878e+02 5.920183e-02 6.617591e-04 
8.660000e+01 1.367699e-02 7.174802e-02 7.543991e-01 9.771880e+03 4.771554e+03 9.806470e+02  5000 10000 -4.987990e-04     0 3.881707e-02 6.459746e+01 1.299875e+02 5.919542e-02 6.829546e-04 
8.670000e+01 1.402966e-02 7.182183e-02 7.547001e-01 9.781351e+03 4.780456e+03 9.808107e+02  5000 10000 -5.566688e-04     0 3.882603e-02 6.463307e+01 1.299873e+02 5.918897e-02 7.128975e-04 
8.680000e+01 1.442662e-02 7.189468e-02 7.550014e-01 9.790819e+03 4.789360e+03 9.809753e+02  5000 10000 -5.199965e-04     0 3.883499e-02 6.466820e+01 1.299870e+02 5.918252e-02 7.539118e-04 
8.690000e+01 1.483058e-02 7.196651e-02 7.553081e-01 9.800284e+03 4.798268e+03 9.811410e+02  5000 10000 -4.452350e-04     0 3.884392e-02 6.470284e+01 1.299867e+02 5.917607e-02 7.989684e-04 
   87 1.521686e-02 7.203721e-02 7.556283e-01 9.809746e+03 4.807179e+03 9.813077e+02  5000 10000 -3.578597e-04     0 3.885277e-02 6.473699e+01 1.299864e+02 5.916965e-02 8.382628e-04 
8.710000e+01 1.561552e-02 7.210673e-02 7.559643e-01 9.819205e+03 4.816094e+03 9.814754e+02  5000 10000 -8.071143e-04     0 3.886154e-02 6.477065e+01 1.299861e+02 5.916325e-02 8.711774e-04 
8.720000e+01 1.611790e-02 7.217531e-02 7.563025e-01 9.828660e+03 4.825011e+03 9.816441e+02  5000 10000 -9.031227e-04     0 3.887033e-02 6.480382e+01 1.299858e+02 5.915679e-02 9.185348e-04 
8.730000e+01 1.669106e-02 7.224301e-02 7.566391e-01 9.838113e+03 4.833932e+03 9.818137e+02  5000 10000 -8.546760e-04     0 3.887913e-02 6.483650e+01 1.299856e+02 5.915032e-02 9.838173e-04 
8.740000e+01 1.727752e-02 7.230971e-02 7.569822e-01 9.847562e+03 4.842857e+03 9.819842e+02  5000 10000 -7.476094e-04     0 3.888784e-02 6.486869e+01 1.299853e+02 5.914386e-02 1.056115e-03 
8.750000e+01 1.783915e-02 7.237520e-02 7.573445e-01 9.857008e+03 4.851785e+03 9.821557e+02  5000 10000 -6.207639e-04     0 3.889640e-02 6.490039e+01 1.299850e+02 5.913746e-02 1.120191e-03 
8.760000e+01 1.842832e-02 7.243944e-02 7.577292e-01 9.866450e+03 4.860716e+03 9.823281e+02  5000 10000 -1.390789e-03     0 3.890481e-02 6.493159e+01 1.299847e+02 5.913109e-02 1.175942e-03 
8.770000e+01 1.919910e-02 7.250287e-02 7.581130e-01 9.875889e+03 4.869652e+03 9.825014e+02  5000 10000 -1.568818e-03     0 3.891324e-02 6.496229e+01 1.299845e+02 5.912459e-02 1.258642e-03 
8.780000e+01 2.009547e-02 7.256566e-02 7.584898e-01 9.885323e+03 4.878592e+03 9.826755e+02  5000 10000 -1.503634e-03     0 3.892171e-02 6.499250e+01 1.299842e+02 5.911802e-02 1.374046e-03 
8.790000e+01 2.101983e-02 7.262757e-02 7.588737e-01 9.894754e+03 4.887536e+03 9.828505e+02  5000 10000 -1.338860e-03     0 3.893003e-02 6.502221e+01 1.299840e+02 5.911147e-02 1.503403e-03 
   88 2.190738e-02 7.268814e-02 7.592869e-01 9.904180e+03 4.896484e+03 9.830264e+02  5000 10000 -1.139674e-03     0 3.893804e-02 6.505142e+01 1.299837e+02 5.910504e-02 1.620443e-03 
8.810000e+01 2.286690e-02 7.274733e-02 7.597330e-01 9.913602e+03 4.905437e+03 9.832031e+02  5000 10000 -2.702654e-03     0 3.894573e-02 6.508014e+01 1.299835e+02 5.909861e-02 1.728004e-03 
8.820000e+01 2.420347e-02 7.280628e-02 7.601648e-01 9.923019e+03 4.914394e+03 9.833806e+02  5000 10000 -3.098757e-03     0 3.895354e-02 6.510835e+01 1.299833e+02 5.909170e-02 1.897022e-03 
8.830000e+01 2.580518e-02 7.286548e-02 7.605706e-01 9.932432e+03 4.923357e+03 9.835589e+02  5000 10000 -3.012687e-03     0 3.896158e-02 6.513606e+01 1.299830e+02 5.908446e-02 2.138821e-03 
8.840000e+01 2.747691e-02 7.292435e-02 7.609795e-01 9.941839e+03 4.932325e+03 9.837380e+02  5000 10000 -2.726892e-03     0 3.896941e-02 6.516328e+01 1.299828e+02 5.907714e-02 2.415186e-03 
8.850000e+01 2.908898e-02 7.298172e-02 7.614371e-01 9.951241e+03 4.941298e+03 9.839177e+02  5000 10000 -2.369964e-03     0 3.897659e-02 6.518999e+01 1.299826e+02 5.907008e-02 2.672232e-03 
8.860000e+01 3.096781e-02 7.303769e-02 7.619406e-01 9.960638e+03 4.950278e+03 9.840982e+02  5000 10000 -6.864810e-03     0 3.898304e-02 6.521621e+01 1.299824e+02 5.906246e-02 2.933468e-03 
8.870000e+01 3.395651e-02 7.309715e-02 7.623511e-01 9.970028e+03 4.959264e+03 9.842794e+02  5000 10000 -8.135643e-03     0 3.899061e-02 6.524193e+01 1.299823e+02 5.905193e-02 3.403289e-03 
8.880000e+01 3.774256e-02 7.316273e-02 7.626356e-01 9.979411e+03 4.968256e+03 9.844612e+02  5000 10000 -8.064216e-03     0 3.900014e-02 6.526714e+01 1.299822e+02 5.903868e-02 4.114369e-03 
8.890000e+01 4.177801e-02 7.323271e-02 7.628787e-01 9.988788e+03 4.977257e+03 9.846436e+02  5000 10000 -7.428339e-03     0 3.901050e-02 6.529187e+01 1.299820e+02 5.902380e-02 4.956393e-03 
   89 4.569793e-02 7.330217e-02 7.632164e-01 9.998156e+03 4.986265e+03 9.848266e+02  5000 10000 -6.583528e-03     0 3.902017e-02 6.531611e+01 1.299820e+02 5.900900e-02 5.771333e-03 
8.910000e+01 5.354032e-02 7.339102e-02 7.632746e-01 1.000752e+04 4.995283e+03 9.850100e+02  5000 10000 -5.841367e-02     0 3.902848e-02 6.533985e+01 1.299820e+02 5.896882e-02 7.192732e-03 
8.920000e+01 7.450913e-02 7.363306e-02 7.613230e-01 1.001687e+04 5.004311e+03 9.851936e+02  5000 10000 -7.510390e-02     0 3.907535e-02 6.536313e+01 1.299821e+02 5.880336e-02 1.167310e-02 
8.930000e+01 1.051462e-01 7.420247e-02 7.569301e-01 1.002620e+04 5.013353e+03 9.853769e+02  5000 10000 -7.704332e-02     0 3.921776e-02 6.538598e+01 1.299823e+02 5.841024e-02 1.964083e-02 
8.940000e+01 1.393512e-01 7.520303e-02 7.510928e-01 1.003552e+04 5.022414e+03 9.855585e+02  5000 10000 -7.266943e-02     0 3.956062e-02 6.540851e+01 1.299828e+02 5.776186e-02 2.982410e-02 
8.950000e+01 1.730352e-01 7.655502e-02 7.454657e-01 1.004481e+04 5.031499e+03 9.857365e+02 10000 11000 -6.584355e-02     0 4.023546e-02 6.543091e+01 1.299833e+02 5.695864e-02 4.033160e-02 
8.960000e+01 2.040881e-01 7.795237e-02 7.417440e-01 1.005408e+04 5.040611e+03 9.859088e+02 10000 11000 -5.473598e-02     0 4.113368e-02 6.545338e+01 1.299840e+02 5.614942e-02 4.931125e-02 
8.970000e+01 2.315258e-01 7.895152e-02 7.412990e-01 1.006332e+04 5.049757e+03 9.860731e+02 10000 11000 -4.623208e-02     0 4.187831e-02 6.547617e+01 1.299854e+02 5.547068e-02 5.528340e-02 
8.980000e+01 2.559882e-01 7.918708e-02 7.448231e-01 1.007252e+04 5.058939e+03 9.862273e+02 10000 11000 -3.918724e-02     0 4.207594e-02 6.549948e+01 1.299889e+02 5.499132e-02 5.756165e-02 
8.990000e+01 2.784552e-01 7.851511e-02 7.523311e-01 1.008168e+04 5.068162e+03 9.863693e+02 10000 11000 -3.303070e-02     0 4.157233e-02 6.552356e+01 1.299960e+02 5.478098e-02 5.621140e-02 
   90 2.996217e-01 7.701124e-02 7.633201e-01 1.009079e+04 5.077433e+03 9.864971e+02 10000 11000 -2.742420e-02     0 4.046854e-02 6.554859e+01 1.300082e+02 5.492112e-02 5.184764e-02 
9.010000e+01 3.196916e-01 7.488025e-02 7.769691e-01 1.009985e+04 5.086755e+03 9.866092e+02 10000 11000 -2.117959e-02     0 3.896433e-02 6.557477e+01 1.300260e+02 5.546011e-02 4.538887e-02 
9.020000e+01 3.384237e-01 7.236180e-02 7.923413e-01 1.010885e+04 5.096137e+03 9.867043e+02 10000 11000 -1.588207e-02     0 3.722127e-02 6.560225e+01 1.300491e+02 5.637332e-02 3.781927e-02 
9.030000e+01 3.556127e-01 6.969772e-02 8.085008e-01 1.011779e+04 5.105583e+03 9.867818e+02 10000 11000 -1.115394e-02     0 3.534375e-02 6.563111e+01 1.300769e+02 5.755949e-02 3.008436e-02 
9.040000e+01 3.710286e-01 6.711527e-02 8.246362e-01 1.012666e+04 5.115100e+03 9.868415e+02 10000 11000 -6.891508e-03     0 3.340458e-02 6.566142e+01 1.301085e+02 5.889403e-02 2.296699e-02 
9.050000e+01 3.844407e-01 6.481089e-02 8.401465e-01 1.013546e+04 5.124693e+03 9.868836e+02 10000 11000 -3.095147e-03     0 3.145638e-02 6.569317e+01 1.301429e+02 6.026887e-02 1.700883e-02 
9.060000e+01 3.951672e-01 6.291063e-02 8.547320e-01 1.014416e+04 5.134367e+03 9.869085e+02 10000 11000 6.780593e-03     0 2.953128e-02 6.572637e+01 1.301797e+02 6.161947e-02 1.239249e-02 
9.070000e+01 4.019724e-01 6.142086e-02 8.684699e-01 1.015278e+04 5.144124e+03 9.869169e+02 10000 11000 1.174721e-02     0 2.763584e-02 6.576094e+01 1.302184e+02 6.292342e-02 8.839057e-03 
9.080000e+01 4.053909e-01 6.035114e-02 8.814689e-01 1.016131e+04 5.153968e+03 9.869102e+02 10000 11000 1.433032e-02     0 2.582334e-02 6.579682e+01 1.302586e+02 6.417357e-02 6.148470e-03 
9.090000e+01 4.063977e-01 5.971872e-02 8.937912e-01 1.016974e+04 5.163899e+03 9.868901e+02 10000 11000 1.560442e-02     0 2.415728e-02 6.583385e+01 1.302998e+02 6.537629e-02 4.223673e-03 
   91 4.058006e-01 5.951880e-02 9.054779e-01 1.017808e+04 5.173917e+03 9.868585e+02 10000 11000 1.610331e-02     0 2.265428e-02 6.587188e+01 1.303416e+02 6.653049e-02 2.996970e-03 
9.110000e+01 4.037344e-01 5.969770e-02 9.166228e-01 1.018631e+04 5.184023e+03 9.868178e+02 10000 11000 2.164771e-02     0 2.129855e-02 6.591069e+01 1.303835e+02 6.762615e-02 2.308205e-03 
9.120000e+01 3.995892e-01 6.013186e-02 9.274641e-01 1.019445e+04 5.194216e+03 9.867704e+02 10000 11000 2.321343e-02     0 2.007078e-02 6.595007e+01 1.304249e+02 6.865409e-02 1.784312e-03 
9.130000e+01 3.940198e-01 6.074388e-02 9.381365e-01 1.020248e+04 5.204495e+03 9.867190e+02 10000 11000 2.304001e-02     0 1.899010e-02 6.598978e+01 1.304655e+02 6.960574e-02 1.259929e-03 
9.140000e+01 3.878786e-01 6.150611e-02 9.486452e-01 1.021041e+04 5.214857e+03 9.866663e+02 10000 11000 2.208836e-02     0 1.808541e-02 6.602957e+01 1.305045e+02 7.046971e-02 7.494049e-04 
9.150000e+01 3.817541e-01 6.241052e-02 9.589264e-01 1.021823e+04 5.225302e+03 9.866148e+02 10000 11000 2.082107e-02     0 1.736228e-02 6.606920e+01 1.305417e+02 7.123102e-02 3.406819e-04 
9.160000e+01 3.756070e-01 6.343603e-02 9.689403e-01 1.022596e+04 5.235828e+03 9.865670e+02 10000 11000 2.391230e-02     0 1.680855e-02 6.610842e+01 1.305766e+02 7.187653e-02 5.895522e-05 
9.170000e+01 3.687553e-01 6.452016e-02 9.787700e-01 1.023358e+04 5.246432e+03 9.865250e+02 10000 11000 2.407597e-02     0 1.640663e-02 6.614705e+01 1.306090e+02 7.240129e-02 -2.569741e-04 
9.180000e+01 3.615287e-01 6.563514e-02 9.884369e-01 1.024110e+04 5.257112e+03 9.864909e+02 10000 11000 2.307119e-02     0 1.616022e-02 6.618486e+01 1.306385e+02 7.280815e-02 -6.271919e-04 
9.190000e+01 3.544303e-01 6.678431e-02 9.978848e-01 1.024852e+04 5.267866e+03 9.864665e+02 10000 11000 2.162599e-02     0 1.607699e-02 6.622170e+01 1.306649e+02 7.310102e-02 -9.627218e-04 
   92 3.477781e-01 6.797716e-02 1.007031e+00 1.025584e+04 5.278692e+03 9.864534e+02 10000 11000 2.007018e-02     0 1.614756e-02 6.625740e+01 1.306883e+02 7.328211e-02 -1.151862e-03 
9.210000e+01 3.413855e-01 6.920444e-02 1.015841e+00 1.026306e+04 5.289587e+03 9.864528e+02 10000 11000 2.253278e-02     0 1.635072e-02 6.629183e+01 1.307083e+02 7.335389e-02 -1.171112e-03 
9.220000e+01 3.345424e-01 7.041734e-02 1.024412e+00 1.027018e+04 5.300549e+03 9.864657e+02 10000 11000 2.244775e-02     0 1.666357e-02 6.632488e+01 1.307250e+02 7.332349e-02 -1.183531e-03 
9.230000e+01 3.274870e-01 7.159220e-02 1.032792e+00 1.027720e+04 5.311576e+03 9.864931e+02 10000 11000 2.136529e-02     0 1.708161e-02 6.635647e+01 1.307385e+02 7.320310e-02 -1.232839e-03 
9.240000e+01 3.206401e-01 7.272984e-02 1.040960e+00 1.028413e+04 5.322664e+03 9.865355e+02 10000 11000 1.992220e-02     0 1.760401e-02 6.638651e+01 1.307487e+02 7.300296e-02 -1.265453e-03 
9.250000e+01 3.142729e-01 7.383725e-02 1.048867e+00 1.029096e+04 5.333813e+03 9.865934e+02 10000 11000 1.840541e-02     0 1.821783e-02 6.641495e+01 1.307556e+02 7.272965e-02 -1.202845e-03 
9.260000e+01 3.082238e-01 7.490882e-02 1.056501e+00 1.029770e+04 5.345019e+03 9.866670e+02 10000 11000 2.037258e-02     0 1.890292e-02 6.644176e+01 1.307594e+02 7.238867e-02 -1.035705e-03 
9.270000e+01 3.018793e-01 7.591008e-02 1.063955e+00 1.030434e+04 5.356280e+03 9.867564e+02 10000 11000 2.016792e-02     0 1.963932e-02 6.646692e+01 1.307603e+02 7.198849e-02 -9.082151e-04 
9.280000e+01 2.954406e-01 7.682794e-02 1.071277e+00 1.031090e+04 5.367593e+03 9.868614e+02 10000 11000 1.912640e-02     0 2.042153e-02 6.649041e+01 1.307582e+02 7.154076e-02 -8.562023e-04 
9.290000e+01 2.892621e-01 7.766975e-02 1.078447e+00 1.031736e+04 5.378958e+03 9.869818e+02 10000 11000 1.779544e-02     0 2.124739e-02 6.651224e+01 1.307535e+02 7.105494e-02 -8.279390e-04 
   93 2.835663e-01 7.844836e-02 1.085418e+00 1.032374e+04 5.390371e+03 9.871173e+02 10000 11000 1.642023e-02     0 2.210633e-02 6.653243e+01 1.307461e+02 7.053726e-02 -7.479647e-04 
9.310000e+01 2.782009e-01 7.916683e-02 1.092175e+00 1.033003e+04 5.401831e+03 9.872673e+02 10000 11000 1.807665e-02     0 2.298294e-02 6.655100e+01 1.307365e+02 6.999294e-02 -5.994313e-04 
9.320000e+01 2.726235e-01 7.980506e-02 1.098794e+00 1.033624e+04 5.413335e+03 9.874313e+02 10000 11000 1.786694e-02     0 2.386208e-02 6.656799e+01 1.307246e+02 6.942910e-02 -4.978524e-04 
9.330000e+01 2.669965e-01 8.035911e-02 1.105309e+00 1.034237e+04 5.424882e+03 9.876086e+02 10000 11000 1.694356e-02     0 2.474022e-02 6.658345e+01 1.307108e+02 6.885471e-02 -4.671806e-04 
9.340000e+01 2.616160e-01 8.084026e-02 1.111699e+00 1.034841e+04 5.436470e+03 9.877985e+02 10000 11000 1.577745e-02     0 2.561707e-02 6.659741e+01 1.306951e+02 6.827668e-02 -4.578531e-04 
9.350000e+01 2.566655e-01 8.126323e-02 1.117921e+00 1.035437e+04 5.448098e+03 9.880003e+02 10000 11000 1.457829e-02     0 2.648621e-02 6.660993e+01 1.306779e+02 6.769915e-02 -4.016085e-04 
9.360000e+01 2.520030e-01 8.163393e-02 1.123958e+00 1.036025e+04 5.459763e+03 9.882131e+02 10000 11000 1.605720e-02     0 2.733761e-02 6.662106e+01 1.306593e+02 6.712520e-02 -2.827516e-04 
9.370000e+01 2.471468e-01 8.193890e-02 1.129881e+00 1.036606e+04 5.471465e+03 9.884362e+02 10000 11000 1.588872e-02     0 2.816138e-02 6.663087e+01 1.306394e+02 6.655921e-02 -2.023946e-04 
9.380000e+01 2.422382e-01 8.217721e-02 1.135718e+00 1.037179e+04 5.483201e+03 9.886686e+02 10000 11000 1.508899e-02     0 2.895701e-02 6.663941e+01 1.306185e+02 6.600666e-02 -1.824112e-04 
9.390000e+01 2.375377e-01 8.235977e-02 1.141451e+00 1.037745e+04 5.494971e+03 9.889096e+02 10000 11000 1.407312e-02     0 2.972674e-02 6.664674e+01 1.305967e+02 6.547130e-02 -1.803465e-04 
   94 2.332075e-01 8.249990e-02 1.147042e+00 1.038303e+04 5.506773e+03 9.891583e+02 10000 11000 1.302592e-02     0 3.046804e-02 6.665292e+01 1.305742e+02 6.495468e-02 -1.370245e-04 
9.410000e+01 2.291222e-01 8.260353e-02 1.152476e+00 1.038854e+04 5.518606e+03 9.894140e+02 10000 11000 1.435944e-02     0 3.117530e-02 6.665801e+01 1.305512e+02 6.445750e-02 -3.910347e-05 
9.420000e+01 2.248554e-01 8.266063e-02 1.157816e+00 1.039398e+04 5.530469e+03 9.896759e+02 10000 11000 1.422446e-02     0 3.184280e-02 6.666206e+01 1.305277e+02 6.398158e-02 2.399004e-05 
9.430000e+01 2.205341e-01 8.267128e-02 1.163089e+00 1.039936e+04 5.542360e+03 9.899431e+02 10000 11000 1.352555e-02     0 3.247227e-02 6.666512e+01 1.305040e+02 6.352956e-02 3.269282e-05 
9.440000e+01 2.163905e-01 8.264504e-02 1.168275e+00 1.040466e+04 5.554279e+03 9.902151e+02 10000 11000 1.263232e-02     0 3.306767e-02 6.666726e+01 1.304802e+02 6.310282e-02 2.462064e-05 
9.450000e+01 2.125697e-01 8.259331e-02 1.173341e+00 1.040990e+04 5.566225e+03 9.904910e+02 10000 11000 1.170940e-02     0 3.362899e-02 6.666851e+01 1.304563e+02 6.270106e-02 5.256402e-05 
9.460000e+01 2.089598e-01 8.252126e-02 1.178272e+00 1.041508e+04 5.578196e+03 9.907702e+02 10000 11000 1.292160e-02     0 3.415354e-02 6.666893e+01 1.304325e+02 6.232345e-02 1.288214e-04 
9.470000e+01 2.051796e-01 8.242082e-02 1.183125e+00 1.042019e+04 5.590192e+03 9.910521e+02 10000 11000 1.281361e-02     0 3.463827e-02 6.666856e+01 1.304089e+02 6.197016e-02 1.741305e-04 
9.480000e+01 2.013434e-01 8.229216e-02 1.187921e+00 1.042523e+04 5.602211e+03 9.913362e+02 10000 11000 1.219759e-02     0 3.508607e-02 6.666744e+01 1.303855e+02 6.164207e-02 1.712037e-04 
9.490000e+01 1.976600e-01 8.214315e-02 1.192645e+00 1.043022e+04 5.614254e+03 9.916219e+02 10000 11000 1.140542e-02     0 3.550160e-02 6.666561e+01 1.303625e+02 6.133916e-02 1.538232e-04 
   95 1.942599e-01 8.198303e-02 1.197262e+00 1.043514e+04 5.626320e+03 9.919087e+02 10000 11000 1.058494e-02     0 3.588618e-02 6.666311e+01 1.303399e+02 6.106016e-02 1.694412e-04 
9.510000e+01 1.910425e-01 8.181581e-02 1.201762e+00 1.044001e+04 5.638407e+03 9.921961e+02 10000 11000 1.169443e-02     0 3.623874e-02 6.665996e+01 1.303178e+02 6.080346e-02 2.292193e-04 
9.520000e+01 1.876642e-01 8.163445e-02 1.206194e+00 1.044482e+04 5.650514e+03 9.924838e+02 10000 11000 1.160766e-02     0 3.655771e-02 6.665620e+01 1.302961e+02 6.056840e-02 2.618955e-04 
9.530000e+01 1.842290e-01 8.143872e-02 1.210578e+00 1.044957e+04 5.662643e+03 9.927712e+02 10000 11000 1.105961e-02     0 3.684633e-02 6.665185e+01 1.302751e+02 6.035494e-02 2.517588e-04 
9.540000e+01 1.809260e-01 8.123473e-02 1.214898e+00 1.045426e+04 5.674791e+03 9.930583e+02 10000 11000 1.035062e-02     0 3.710923e-02 6.664693e+01 1.302546e+02 6.016238e-02 2.291665e-04 
9.550000e+01 1.778742e-01 8.102972e-02 1.219124e+00 1.045890e+04 5.686957e+03 9.933445e+02 10000 11000 9.614613e-03     0 3.734819e-02 6.664148e+01 1.302348e+02 5.998910e-02 2.369342e-04 
9.560000e+01 1.749825e-01 8.082650e-02 1.223244e+00 1.046349e+04 5.699143e+03 9.936297e+02 10000 11000 1.063209e-02     0 3.756288e-02 6.663550e+01 1.302156e+02 5.983330e-02 2.851589e-04 
9.570000e+01 1.719399e-01 8.061870e-02 1.227305e+00 1.046802e+04 5.711346e+03 9.939135e+02 10000 11000 1.056052e-02     0 3.775243e-02 6.662902e+01 1.301971e+02 5.969401e-02 3.092969e-04 
9.580000e+01 1.688412e-01 8.040563e-02 1.231324e+00 1.047250e+04 5.723567e+03 9.941959e+02 10000 11000 1.006834e-02     0 3.791986e-02 6.662204e+01 1.301793e+02 5.957084e-02 2.950108e-04 
9.590000e+01 1.658588e-01 8.019188e-02 1.235286e+00 1.047692e+04 5.735805e+03 9.944766e+02 10000 11000 9.428765e-03     0 3.806934e-02 6.661458e+01 1.301622e+02 5.946293e-02 2.697836e-04 
   96 1.631012e-01 7.998301e-02 1.239163e+00 1.048130e+04 5.748059e+03 9.947554e+02 10000 11000 8.763660e-03     0 3.820259e-02 6.660666e+01 1.301457e+02 5.936868e-02 2.724956e-04 
9.610000e+01 1.604861e-01 7.978089e-02 1.242945e+00 1.048563e+04 5.760330e+03 9.950324e+02 10000 11000 9.697134e-03     0 3.831949e-02 6.659827e+01 1.301300e+02 5.928644e-02 3.123537e-04 
9.620000e+01 1.577303e-01 7.957967e-02 1.246674e+00 1.048991e+04 5.772616e+03 9.953072e+02 10000 11000 9.636367e-03     0 3.841938e-02 6.658943e+01 1.301149e+02 5.921528e-02 3.306566e-04 
9.630000e+01 1.549206e-01 7.937834e-02 1.250365e+00 1.049413e+04 5.784917e+03 9.955800e+02 10000 11000 9.191201e-03     0 3.850482e-02 6.658014e+01 1.301005e+02 5.915479e-02 3.143067e-04 
9.640000e+01 1.522146e-01 7.918030e-02 1.254005e+00 1.049832e+04 5.797233e+03 9.958505e+02 10000 11000 8.610928e-03     0 3.857930e-02 6.657041e+01 1.300867e+02 5.910419e-02 2.883023e-04 
9.650000e+01 1.497114e-01 7.898978e-02 1.257567e+00 1.050245e+04 5.809563e+03 9.961188e+02 10000 11000 8.006759e-03     0 3.864423e-02 6.656024e+01 1.300736e+02 5.906215e-02 2.880699e-04 
9.660000e+01 1.473362e-01 7.880794e-02 1.261044e+00 1.050654e+04 5.821907e+03 9.963849e+02 10000 11000 8.862828e-03     0 3.869943e-02 6.654963e+01 1.300612e+02 5.902730e-02 3.220123e-04 
9.670000e+01 1.448307e-01 7.862951e-02 1.264471e+00 1.051059e+04 5.834265e+03 9.966487e+02 10000 11000 8.809852e-03     0 3.874425e-02 6.653859e+01 1.300493e+02 5.899892e-02 3.365733e-04 
9.680000e+01 1.422744e-01 7.845326e-02 1.267864e+00 1.051459e+04 5.846636e+03 9.969102e+02 10000 11000 8.405180e-03     0 3.878068e-02 6.652711e+01 1.300381e+02 5.897671e-02 3.197570e-04 
9.690000e+01 1.398114e-01 7.828173e-02 1.271211e+00 1.051854e+04 5.859020e+03 9.971695e+02 10000 11000 7.876654e-03     0 3.881151e-02 6.651519e+01 1.300274e+02 5.896012e-02 2.943481e-04 
   97 1.375324e-01 7.811816e-02 1.274487e+00 1.052246e+04 5.871417e+03 9.974265e+02 10000 11000 7.325939e-03     0 3.883778e-02 6.650284e+01 1.300173e+02 5.894812e-02 2.926790e-04 
9.710000e+01 1.353692e-01 7.796323e-02 1.277684e+00 1.052633e+04 5.883825e+03 9.976813e+02 10000 11000 8.110296e-03     0 3.885916e-02 6.649005e+01 1.300077e+02 5.893968e-02 3.224209e-04 
9.720000e+01 1.330861e-01 7.781225e-02 1.280837e+00 1.053016e+04 5.896246e+03 9.979340e+02 10000 11000 8.063069e-03     0 3.887490e-02 6.647682e+01 1.299987e+02 5.893432e-02 3.346360e-04 
9.730000e+01 1.307558e-01 7.766397e-02 1.283958e+00 1.053395e+04 5.908679e+03 9.981845e+02 10000 11000 7.694002e-03     0 3.888651e-02 6.646316e+01 1.299901e+02 5.893191e-02 3.183338e-04 
9.740000e+01 1.285100e-01 7.752027e-02 1.287036e+00 1.053770e+04 5.921123e+03 9.984329e+02 10000 11000 7.211471e-03     0 3.889613e-02 6.644905e+01 1.299820e+02 5.893211e-02 2.943110e-04 
9.750000e+01 1.264318e-01 7.738370e-02 1.290050e+00 1.054140e+04 5.933577e+03 9.986793e+02 10000 11000 6.708470e-03     0 3.890444e-02 6.643449e+01 1.299744e+02 5.893419e-02 2.921050e-04 
9.760000e+01 1.244590e-01 7.725467e-02 1.292992e+00 1.054507e+04 5.946043e+03 9.989237e+02 10000 11000 7.426464e-03     0 3.891099e-02 6.641949e+01 1.299671e+02 5.893743e-02 3.187238e-04 
9.770000e+01 1.223763e-01 7.712906e-02 1.295893e+00 1.054871e+04 5.958519e+03 9.991662e+02 10000 11000 7.383724e-03     0 3.891495e-02 6.640404e+01 1.299603e+02 5.894156e-02 3.294258e-04 
9.780000e+01 1.202500e-01 7.700568e-02 1.298765e+00 1.055230e+04 5.971006e+03 9.994068e+02 10000 11000 7.046519e-03     0 3.891740e-02 6.638814e+01 1.299539e+02 5.894659e-02 3.141457e-04 
9.790000e+01 1.182007e-01 7.688600e-02 1.301598e+00 1.055586e+04 5.983502e+03 9.996457e+02 10000 11000 6.605454e-03     0 3.891997e-02 6.637179e+01 1.299478e+02 5.895238e-02 2.918801e-04 
   98 1.163044e-01 7.677206e-02 1.304371e+00 1.055938e+04 5.996008e+03 9.998827e+02 10000 11000 6.145591e-03     0 3.892306e-02 6.635499e+01 1.299421e+02 5.895845e-02 2.896234e-04 
9.810000e+01 1.145044e-01 7.666411e-02 1.307079e+00 1.056286e+04 6.008524e+03 1.000118e+03 10000 11000 6.802408e-03     0 3.892613e-02 6.633772e+01 1.299367e+02 5.896429e-02 3.137794e-04 
9.820000e+01 1.126037e-01 7.655862e-02 1.309749e+00 1.056631e+04 6.021049e+03 1.000352e+03 10000 11000 6.763415e-03     0 3.892833e-02 6.632000e+01 1.299316e+02 5.896980e-02 3.234374e-04 
9.830000e+01 1.106631e-01 7.645451e-02 1.312393e+00 1.056973e+04 6.033583e+03 1.000584e+03 10000 11000 6.455082e-03     0 3.893042e-02 6.630181e+01 1.299267e+02 5.897513e-02 3.093837e-04 
9.840000e+01 1.087928e-01 7.635298e-02 1.315000e+00 1.057311e+04 6.046126e+03 1.000814e+03 10000 11000 6.051737e-03     0 3.893361e-02 6.628317e+01 1.299222e+02 5.898023e-02 2.889762e-04 
9.850000e+01 1.070624e-01 7.625570e-02 1.317554e+00 1.057645e+04 6.058678e+03 1.001043e+03 10000 11000 5.631178e-03     0 3.893814e-02 6.626406e+01 1.299179e+02 5.898480e-02 2.868885e-04 
9.860000e+01 1.054200e-01 7.616284e-02 1.320047e+00 1.057977e+04 6.071237e+03 1.001271e+03 10000 11000 6.231835e-03     0 3.894343e-02 6.624448e+01 1.299139e+02 5.898853e-02 3.089731e-04 
9.870000e+01 1.036856e-01 7.607142e-02 1.322506e+00 1.058305e+04 6.083805e+03 1.001497e+03 10000 11000 6.196160e-03     0 3.894864e-02 6.622444e+01 1.299100e+02 5.899142e-02 3.178237e-04 
9.880000e+01 1.019148e-01 7.598051e-02 1.324941e+00 1.058630e+04 6.096381e+03 1.001722e+03 10000 11000 5.914176e-03     0 3.895429e-02 6.620394e+01 1.299064e+02 5.899365e-02 3.050107e-04 
9.890000e+01 1.002082e-01 7.589111e-02 1.327343e+00 1.058952e+04 6.108965e+03 1.001946e+03 10000 11000 5.545306e-03     0 3.896134e-02 6.618296e+01 1.299030e+02 5.899528e-02 2.863976e-04 
   99 9.862945e-02 7.580462e-02 1.329695e+00 1.059270e+04 6.121557e+03 1.002168e+03 10000 11000 5.160695e-03     0 3.896988e-02 6.616152e+01 1.298998e+02 5.899613e-02 2.845391e-04 
9.910000e+01 9.713127e-02 7.572120e-02 1.331992e+00 1.059586e+04 6.134155e+03 1.002389e+03 10000 11000 5.709991e-03     0 3.897935e-02 6.613962e+01 1.298967e+02 5.899597e-02 3.047849e-04 
9.920000e+01 9.554900e-02 7.563834e-02 1.334258e+00 1.059898e+04 6.146761e+03 1.002609e+03 10000 11000 5.677370e-03     0 3.898897e-02 6.611724e+01 1.298938e+02 5.899489e-02 3.129343e-04 
9.930000e+01 9.393342e-02 7.555526e-02 1.336501e+00 1.060208e+04 6.159374e+03 1.002828e+03 10000 11000 5.419514e-03     0 3.899911e-02 6.609440e+01 1.298911e+02 5.899309e-02 3.012776e-04 
9.940000e+01 9.237658e-02 7.547283e-02 1.338715e+00 1.060514e+04 6.171994e+03 1.003045e+03 10000 11000 5.082210e-03     0 3.901053e-02 6.607110e+01 1.298885e+02 5.899066e-02 2.843156e-04 
9.950000e+01 9.093670e-02 7.539224e-02 1.340883e+00 1.060818e+04 6.184621e+03 1.003262e+03 10000 11000 4.730514e-03     0 3.902326e-02 6.604733e+01 1.298860e+02 5.898749e-02 2.826689e-04 
9.960000e+01 8.957046e-02 7.531364e-02 1.343001e+00 1.061119e+04 6.197254e+03 1.003477e+03 10000 11000 5.232967e-03     0 3.903677e-02 6.602309e+01 1.298837e+02 5.898343e-02 3.012288e-04 
9.970000e+01 8.812737e-02 7.523494e-02 1.345090e+00 1.061417e+04 6.209894e+03 1.003691e+03 10000 11000 5.203209e-03     0 3.905037e-02 6.599840e+01 1.298815e+02 5.897858e-02 3.087236e-04 
9.980000e+01 8.665381e-02 7.515551e-02 1.347159e+00 1.061713e+04 6.222539e+03 1.003905e+03 10000 11000 4.967461e-03     0 3.906434e-02 6.597324e+01 1.298794e+02 5.897314e-02 2.981022e-04 
9.990000e+01 8.523396e-02 7.507610e-02 1.349201e+00 1.062006e+04 6.235191e+03 1.004117e+03 10000 11000 4.659054e-03     0 3.907929e-02 6.594762e+01 1.298774e+02 5.896721e-02 2.826236e-04 
  100 8.392104e-02 7.499774e-02 1.351201e+00 1.062296e+04 6.247849e+03 1.004328e+03 10000 11000 4.337484e-03     0 3.909521e-02 6.592154e+01 1.298755e+02 5.896072e-02 2.811440e-04 
1.001000e+02 8.267545e-02 7.492058e-02 1.353155e+00 1.062583e+04 6.260513e+03 1.004538e+03 10000 11000 4.797286e-03     0 3.911166e-02 6.589500e+01 1.298737e+02 5.895356e-02 2.981374e-04 
1.002000e+02 8.135955e-02 7.484288e-02 1.355083e+00 1.062868e+04 6.273182e+03 1.004747e+03 10000 11000 4.770219e-03     0 3.912802e-02 6.586802e+01 1.298719e+02 5.894584e-02 3.050039e-04 
1.003000e+02 8.001576e-02 7.476414e-02 1.356993e+00 1.063150e+04 6.285856e+03 1.004955e+03 10000 11000 4.554713e-03     0 3.914453e-02 6.584057e+01 1.298703e+02 5.893774e-02 2.952946e-04 
1.004000e+02 7.872105e-02 7.468500e-02 1.358878e+00 1.063430e+04 6.298537e+03 1.005163e+03 10000 11000 4.272735e-03     0 3.916168e-02 6.581268e+01 1.298687e+02 5.892933e-02 2.811366e-04 
1.005000e+02 7.752411e-02 7.460637e-02 1.360725e+00 1.063708e+04 6.311222e+03 1.005369e+03 10000 11000 3.978708e-03     0 3.917946e-02 6.578434e+01 1.298672e+02 5.892058e-02 2.797786e-04 
1.006000e+02 7.638870e-02 7.452840e-02 1.362530e+00 1.063983e+04 6.323912e+03 1.005574e+03 10000 11000 4.399705e-03     0 3.919750e-02 6.575556e+01 1.298658e+02 5.891140e-02 2.953139e-04 
1.007000e+02 7.518891e-02 7.444964e-02 1.364311e+00 1.064255e+04 6.336608e+03 1.005778e+03 10000 11000 4.375157e-03     0 3.921528e-02 6.572633e+01 1.298645e+02 5.890188e-02 3.015780e-04 
1.008000e+02 7.396354e-02 7.436967e-02 1.366076e+00 1.064526e+04 6.349308e+03 1.005982e+03 10000 11000 4.178159e-03     0 3.923299e-02 6.569666e+01 1.298632e+02 5.889217e-02 2.926708e-04 
1.009000e+02 7.278301e-02 7.428908e-02 1.367818e+00 1.064794e+04 6.362013e+03 1.006184e+03 10000 11000 3.920322e-03     0 3.925104e-02 6.566656e+01 1.298620e+02 5.888235e-02 2.796889e-04 
  101 7.169188e-02 7.420863e-02 1.369525e+00 1.065059e+04 6.374723e+03 1.006385e+03 10000 11000 3.651446e-03     0 3.926944e-02 6.563602e+01 1.298608e+02 5.887237e-02 2.784168e-04 
1.011000e+02 7.065696e-02 7.412849e-02 1.371194e+00 1.065323e+04 6.387438e+03 1.006586e+03 10000 11000 4.037141e-03     0 3.928788e-02 6.560504e+01 1.298597e+02 5.886217e-02 2.926007e-04 
1.012000e+02 6.956305e-02 7.404744e-02 1.372841e+00 1.065584e+04 6.400156e+03 1.006785e+03 10000 11000 4.014933e-03     0 3.930591e-02 6.557364e+01 1.298586e+02 5.885181e-02 2.982944e-04 
1.013000e+02 6.844564e-02 7.396515e-02 1.374474e+00 1.065843e+04 6.412880e+03 1.006983e+03 10000 11000 3.834836e-03     0 3.932371e-02 6.554182e+01 1.298576e+02 5.884142e-02 2.900977e-04 
1.014000e+02 6.736920e-02 7.388211e-02 1.376085e+00 1.066100e+04 6.425607e+03 1.007181e+03 10000 11000 3.599026e-03     0 3.934164e-02 6.550957e+01 1.298567e+02 5.883106e-02 2.781690e-04 
1.015000e+02 6.637449e-02 7.379902e-02 1.377665e+00 1.066355e+04 6.438339e+03 1.007377e+03 10000 11000 3.353093e-03     0 3.935970e-02 6.547690e+01 1.298558e+02 5.882069e-02 2.769591e-04 
1.016000e+02 6.543116e-02 7.371600e-02 1.379210e+00 1.066608e+04 6.451074e+03 1.007573e+03 10000 11000 3.706661e-03     0 3.937764e-02 6.544381e+01 1.298549e+02 5.881024e-02 2.898985e-04 
1.017000e+02 6.443370e-02 7.363204e-02 1.380735e+00 1.066858e+04 6.463814e+03 1.007767e+03 10000 11000 3.686608e-03     0 3.939510e-02 6.541031e+01 1.298541e+02 5.879977e-02 2.950604e-04 
1.018000e+02 6.341465e-02 7.354687e-02 1.382247e+00 1.067107e+04 6.476557e+03 1.007960e+03 10000 11000 3.521927e-03     0 3.941222e-02 6.537640e+01 1.298533e+02 5.878939e-02 2.874999e-04 
1.019000e+02 6.243301e-02 7.346092e-02 1.383739e+00 1.067354e+04 6.489304e+03 1.008153e+03 10000 11000 3.306201e-03     0 3.942932e-02 6.534209e+01 1.298526e+02 5.877912e-02 2.765210e-04 
  102 6.152613e-02 7.337479e-02 1.385203e+00 1.067599e+04 6.502055e+03 1.008344e+03 10000 11000 3.081181e-03     0 3.944642e-02 6.530737e+01 1.298519e+02 5.876894e-02 2.753605e-04 
1.021000e+02 6.066619e-02 7.328860e-02 1.386635e+00 1.067842e+04 6.514810e+03 1.008535e+03 10000 11000 3.405494e-03     0 3.946330e-02 6.527225e+01 1.298512e+02 5.875878e-02 2.871607e-04 
1.022000e+02 5.975658e-02 7.320149e-02 1.388049e+00 1.068083e+04 6.527568e+03 1.008724e+03 10000 11000 3.387414e-03     0 3.947967e-02 6.523673e+01 1.298506e+02 5.874869e-02 2.918336e-04 
1.023000e+02 5.882708e-02 7.311325e-02 1.389451e+00 1.068322e+04 6.540330e+03 1.008912e+03 10000 11000 3.236785e-03     0 3.949565e-02 6.520083e+01 1.298500e+02 5.873875e-02 2.848490e-04 
1.024000e+02 5.793177e-02 7.302424e-02 1.390835e+00 1.068559e+04 6.553095e+03 1.009099e+03 10000 11000 3.039359e-03     0 3.951153e-02 6.516453e+01 1.298495e+02 5.872898e-02 2.747329e-04 
1.025000e+02 5.710485e-02 7.293498e-02 1.392193e+00 1.068794e+04 6.565863e+03 1.009286e+03 10000 11000 2.833396e-03     0 3.952733e-02 6.512784e+01 1.298490e+02 5.871934e-02 2.736162e-04 
1.026000e+02 5.632084e-02 7.284557e-02 1.393522e+00 1.069028e+04 6.578634e+03 1.009471e+03 10000 11000 3.131049e-03     0 3.954286e-02 6.509077e+01 1.298485e+02 5.870978e-02 2.843786e-04 
1.027000e+02 5.549121e-02 7.275530e-02 1.394834e+00 1.069260e+04 6.591409e+03 1.009655e+03 10000 11000 3.114766e-03     0 3.955789e-02 6.505333e+01 1.298480e+02 5.870034e-02 2.886070e-04 
1.028000e+02 5.464325e-02 7.266398e-02 1.396135e+00 1.069490e+04 6.604187e+03 1.009838e+03 10000 11000 2.976939e-03     0 3.957254e-02 6.501550e+01 1.298476e+02 5.869107e-02 2.821488e-04 
1.029000e+02 5.382653e-02 7.257194e-02 1.397420e+00 1.069719e+04 6.616968e+03 1.010019e+03 10000 11000 2.796189e-03     0 3.958703e-02 6.497731e+01 1.298472e+02 5.868200e-02 2.728212e-04 
  103 5.307241e-02 7.247960e-02 1.398682e+00 1.069946e+04 6.629751e+03 1.010200e+03 10000 11000 2.607591e-03     0 3.960140e-02 6.493874e+01 1.298469e+02 5.867308e-02 2.717474e-04 
1.031000e+02 5.235752e-02 7.238708e-02 1.399917e+00 1.070171e+04 6.642538e+03 1.010380e+03 10000 11000 2.880929e-03     0 3.961551e-02 6.489981e+01 1.298466e+02 5.866427e-02 2.815678e-04 
1.032000e+02 5.160070e-02 7.229374e-02 1.401136e+00 1.070394e+04 6.655328e+03 1.010558e+03 10000 11000 2.866275e-03     0 3.962914e-02 6.486052e+01 1.298463e+02 5.865559e-02 2.853953e-04 
1.033000e+02 5.082699e-02 7.219945e-02 1.402346e+00 1.070616e+04 6.668120e+03 1.010736e+03 10000 11000 2.740112e-03     0 3.964241e-02 6.482087e+01 1.298460e+02 5.864709e-02 2.794218e-04 
1.034000e+02 5.008184e-02 7.210447e-02 1.403541e+00 1.070837e+04 6.680915e+03 1.010912e+03 10000 11000 2.574558e-03     0 3.965551e-02 6.478086e+01 1.298458e+02 5.863878e-02 2.708180e-04 
1.035000e+02 4.939400e-02 7.200918e-02 1.404714e+00 1.071055e+04 6.693713e+03 1.011087e+03 10000 11000 2.401784e-03     0 3.966848e-02 6.474050e+01 1.298455e+02 5.863064e-02 2.697887e-04 
1.036000e+02 4.874205e-02 7.191368e-02 1.405863e+00 1.071273e+04 6.706513e+03 1.011261e+03 10000 11000 2.652928e-03     0 3.968120e-02 6.469980e+01 1.298454e+02 5.862260e-02 2.787560e-04 
1.037000e+02 4.805154e-02 7.181742e-02 1.406999e+00 1.071488e+04 6.719316e+03 1.011433e+03 10000 11000 2.639748e-03     0 3.969350e-02 6.465875e+01 1.298452e+02 5.861470e-02 2.822242e-04 
1.038000e+02 4.734546e-02 7.172029e-02 1.408125e+00 1.071702e+04 6.732122e+03 1.011605e+03 10000 11000 2.524213e-03     0 3.970546e-02 6.461736e+01 1.298451e+02 5.860697e-02 2.766990e-04 
1.039000e+02 4.666548e-02 7.162252e-02 1.409237e+00 1.071915e+04 6.744930e+03 1.011775e+03 10000 11000 2.372510e-03     0 3.971726e-02 6.457564e+01 1.298449e+02 5.859942e-02 2.687620e-04 
  104 4.603801e-02 7.152443e-02 1.410330e+00 1.072126e+04 6.757740e+03 1.011944e+03 10000 11000 2.214161e-03     0 3.972893e-02 6.453358e+01 1.298448e+02 5.859201e-02 2.677798e-04 
1.041000e+02 4.544338e-02 7.142610e-02 1.411401e+00 1.072336e+04 6.770553e+03 1.012112e+03 10000 11000 2.445033e-03     0 3.974038e-02 6.449119e+01 1.298448e+02 5.858472e-02 2.759756e-04 
1.042000e+02 4.481328e-02 7.132708e-02 1.412459e+00 1.072545e+04 6.783368e+03 1.012279e+03 10000 11000 2.433182e-03     0 3.975145e-02 6.444848e+01 1.298447e+02 5.857755e-02 2.791230e-04 
1.043000e+02 4.416881e-02 7.122726e-02 1.413509e+00 1.072752e+04 6.796185e+03 1.012445e+03 10000 11000 2.327335e-03     0 3.976222e-02 6.440544e+01 1.298447e+02 5.857054e-02 2.740140e-04 
1.044000e+02 4.354822e-02 7.112684e-02 1.414547e+00 1.072957e+04 6.809005e+03 1.012609e+03 10000 11000 2.188262e-03     0 3.977284e-02 6.436209e+01 1.298447e+02 5.856369e-02 2.666927e-04 
1.045000e+02 4.297575e-02 7.102610e-02 1.415566e+00 1.073162e+04 6.821826e+03 1.012772e+03 10000 11000 2.043070e-03     0 3.978335e-02 6.431842e+01 1.298447e+02 5.855697e-02 2.657606e-04 
1.046000e+02 4.243335e-02 7.092511e-02 1.416565e+00 1.073364e+04 6.834650e+03 1.012934e+03 10000 11000 2.255407e-03     0 3.979366e-02 6.427444e+01 1.298447e+02 5.855035e-02 2.732591e-04 
1.047000e+02 4.185830e-02 7.082347e-02 1.417553e+00 1.073566e+04 6.847476e+03 1.013094e+03 10000 11000 2.244754e-03     0 3.980364e-02 6.423015e+01 1.298448e+02 5.854385e-02 2.761207e-04 
1.048000e+02 4.126999e-02 7.072110e-02 1.418533e+00 1.073766e+04 6.860304e+03 1.013254e+03 10000 11000 2.147741e-03     0 3.981335e-02 6.418556e+01 1.298448e+02 5.853748e-02 2.713993e-04 
1.049000e+02 4.070354e-02 7.061817e-02 1.419502e+00 1.073965e+04 6.873134e+03 1.013412e+03 10000 11000 2.020192e-03     0 3.982294e-02 6.414067e+01 1.298449e+02 5.853126e-02 2.646475e-04 
  105 4.018120e-02 7.051492e-02 1.420455e+00 1.074163e+04 6.885966e+03 1.013569e+03 10000 11000 1.887005e-03     0 3.983242e-02 6.409548e+01 1.298450e+02 5.852515e-02 2.637682e-04 
1.051000e+02 3.968641e-02 7.041141e-02 1.421389e+00 1.074360e+04 6.898800e+03 1.013724e+03 10000 11000 2.082382e-03     0 3.984173e-02 6.405000e+01 1.298451e+02 5.851913e-02 2.706366e-04 
1.052000e+02 3.916156e-02 7.030730e-02 1.422312e+00 1.074555e+04 6.911636e+03 1.013878e+03 10000 11000 2.072808e-03     0 3.985075e-02 6.400423e+01 1.298453e+02 5.851322e-02 2.732444e-04 
1.053000e+02 3.862447e-02 7.020252e-02 1.423229e+00 1.074749e+04 6.924474e+03 1.014031e+03 10000 11000 1.983855e-03     0 3.985953e-02 6.395818e+01 1.298454e+02 5.850743e-02 2.688844e-04 
1.054000e+02 3.810739e-02 7.009721e-02 1.424135e+00 1.074942e+04 6.937314e+03 1.014183e+03 10000 11000 1.866825e-03     0 3.986820e-02 6.391184e+01 1.298456e+02 5.850176e-02 2.626604e-04 
1.055000e+02 3.763077e-02 6.999159e-02 1.425026e+00 1.075133e+04 6.950155e+03 1.014333e+03 10000 11000 1.744599e-03     0 3.987678e-02 6.386523e+01 1.298458e+02 5.849620e-02 2.618363e-04 
1.056000e+02 3.717939e-02 6.988570e-02 1.425901e+00 1.075324e+04 6.962999e+03 1.014482e+03 10000 11000 1.924445e-03     0 3.988520e-02 6.381834e+01 1.298460e+02 5.849072e-02 2.681355e-04 
1.057000e+02 3.670034e-02 6.977926e-02 1.426765e+00 1.075513e+04 6.975844e+03 1.014630e+03 10000 11000 1.915840e-03     0 3.989337e-02 6.377119e+01 1.298462e+02 5.848533e-02 2.705183e-04 
1.058000e+02 3.620998e-02 6.967219e-02 1.427624e+00 1.075701e+04 6.988690e+03 1.014776e+03 10000 11000 1.834244e-03     0 3.990134e-02 6.372376e+01 1.298464e+02 5.848005e-02 2.664961e-04 
1.059000e+02 3.573796e-02 6.956464e-02 1.428473e+00 1.075889e+04 7.001539e+03 1.014921e+03 10000 11000 1.726824e-03     0 3.990920e-02 6.367608e+01 1.298466e+02 5.847488e-02 2.607618e-04 
  106 3.530306e-02 6.945678e-02 1.429309e+00 1.076074e+04 7.014389e+03 1.015065e+03 10000 11000 1.614612e-03     0 3.991698e-02 6.362813e+01 1.298469e+02 5.846980e-02 2.599950e-04 
1.061000e+02 3.489129e-02 6.934865e-02 1.430128e+00 1.076259e+04 7.027240e+03 1.015207e+03 10000 11000 1.780221e-03     0 3.992461e-02 6.357994e+01 1.298471e+02 5.846479e-02 2.657801e-04 
1.062000e+02 3.445405e-02 6.924001e-02 1.430940e+00 1.076443e+04 7.040094e+03 1.015348e+03 10000 11000 1.772487e-03     0 3.993203e-02 6.353149e+01 1.298474e+02 5.845987e-02 2.679640e-04 
1.063000e+02 3.400636e-02 6.913080e-02 1.431745e+00 1.076626e+04 7.052948e+03 1.015488e+03 10000 11000 1.697611e-03     0 3.993926e-02 6.348279e+01 1.298477e+02 5.845505e-02 2.642581e-04 
1.064000e+02 3.357548e-02 6.902114e-02 1.432542e+00 1.076807e+04 7.065805e+03 1.015626e+03 10000 11000 1.598974e-03     0 3.994640e-02 6.343385e+01 1.298480e+02 5.845033e-02 2.589792e-04 
1.065000e+02 3.317867e-02 6.891118e-02 1.433326e+00 1.076988e+04 7.078663e+03 1.015763e+03 10000 11000 1.495919e-03     0 3.995345e-02 6.338467e+01 1.298483e+02 5.844569e-02 2.582715e-04 
1.066000e+02 3.280307e-02 6.880095e-02 1.434096e+00 1.077168e+04 7.091522e+03 1.015899e+03 10000 11000 1.648463e-03     0 3.996038e-02 6.333526e+01 1.298486e+02 5.844111e-02 2.635924e-04 
1.067000e+02 3.240401e-02 6.869026e-02 1.434859e+00 1.077346e+04 7.104383e+03 1.016033e+03 10000 11000 1.641511e-03     0 3.996711e-02 6.328561e+01 1.298489e+02 5.843662e-02 2.656010e-04 
1.068000e+02 3.199531e-02 6.857905e-02 1.435615e+00 1.077524e+04 7.117245e+03 1.016166e+03 10000 11000 1.572777e-03     0 3.997367e-02 6.323574e+01 1.298492e+02 5.843221e-02 2.621920e-04 
1.069000e+02 3.160201e-02 6.846741e-02 1.436365e+00 1.077700e+04 7.130109e+03 1.016297e+03 10000 11000 1.482174e-03     0 3.998015e-02 6.318564e+01 1.298496e+02 5.842790e-02 2.573372e-04 
  107 3.124000e-02 6.835549e-02 1.437103e+00 1.077876e+04 7.142974e+03 1.016427e+03 10000 11000 1.387495e-03     0 3.998654e-02 6.313533e+01 1.298499e+02 5.842366e-02 2.566904e-04 
1.071000e+02 3.089744e-02 6.824332e-02 1.437827e+00 1.078050e+04 7.155840e+03 1.016555e+03 10000 11000 1.528039e-03     0 3.999282e-02 6.308479e+01 1.298503e+02 5.841949e-02 2.615926e-04 
1.072000e+02 3.053328e-02 6.813072e-02 1.438544e+00 1.078224e+04 7.168708e+03 1.016682e+03 10000 11000 1.521786e-03     0 3.999892e-02 6.303405e+01 1.298506e+02 5.841539e-02 2.634474e-04 
1.073000e+02 3.016022e-02 6.801765e-02 1.439257e+00 1.078397e+04 7.181577e+03 1.016808e+03 10000 11000 1.458670e-03     0 4.000487e-02 6.298310e+01 1.298510e+02 5.841137e-02 2.603176e-04 
1.074000e+02 2.980129e-02 6.790419e-02 1.439963e+00 1.078568e+04 7.194448e+03 1.016932e+03 10000 11000 1.375422e-03     0 4.001073e-02 6.293194e+01 1.298514e+02 5.840744e-02 2.558589e-04 
1.075000e+02 2.947109e-02 6.779046e-02 1.440658e+00 1.078739e+04 7.207320e+03 1.017055e+03 10000 11000 1.288414e-03     0 4.001652e-02 6.288058e+01 1.298518e+02 5.840358e-02 2.552747e-04 
1.076000e+02 2.915875e-02 6.767650e-02 1.441341e+00 1.078909e+04 7.220193e+03 1.017177e+03 10000 11000 1.417921e-03     0 4.002219e-02 6.282903e+01 1.298522e+02 5.839979e-02 2.597993e-04 
1.077000e+02 2.882651e-02 6.756215e-02 1.442018e+00 1.079078e+04 7.233067e+03 1.017297e+03 10000 11000 1.412293e-03     0 4.002770e-02 6.277729e+01 1.298526e+02 5.839606e-02 2.615201e-04 
1.078000e+02 2.848606e-02 6.744738e-02 1.442690e+00 1.079246e+04 7.245942e+03 1.017415e+03 10000 11000 1.354320e-03     0 4.003307e-02 6.272535e+01 1.298530e+02 5.839241e-02 2.586540e-04 
1.079000e+02 2.815858e-02 6.733226e-02 1.443356e+00 1.079413e+04 7.258819e+03 1.017532e+03 10000 11000 1.277811e-03     0 4.003835e-02 6.267324e+01 1.298534e+02 5.838884e-02 2.545660e-04 
  108 2.785748e-02 6.721689e-02 1.444012e+00 1.079580e+04 7.271697e+03 1.017648e+03 10000 11000 1.197832e-03     0 4.004356e-02 6.262094e+01 1.298538e+02 5.838534e-02 2.540462e-04 
1.081000e+02 2.757278e-02 6.710130e-02 1.444657e+00 1.079745e+04 7.284576e+03 1.017762e+03 10000 11000 1.317175e-03     0 4.004866e-02 6.256847e+01 1.298542e+02 5.838191e-02 2.582307e-04 
1.082000e+02 2.726976e-02 6.698537e-02 1.445296e+00 1.079910e+04 7.297456e+03 1.017875e+03 10000 11000 1.312104e-03     0 4.005361e-02 6.251582e+01 1.298547e+02 5.837853e-02 2.598356e-04 
1.083000e+02 2.695918e-02 6.686906e-02 1.445932e+00 1.080074e+04 7.310337e+03 1.017986e+03 10000 11000 1.258842e-03     0 4.005843e-02 6.246301e+01 1.298551e+02 5.837524e-02 2.572192e-04 
1.084000e+02 2.666050e-02 6.675243e-02 1.446561e+00 1.080237e+04 7.323220e+03 1.018096e+03 10000 11000 1.188513e-03     0 4.006317e-02 6.241003e+01 1.298555e+02 5.837202e-02 2.534793e-04 
1.085000e+02 2.638606e-02 6.663559e-02 1.447182e+00 1.080399e+04 7.336103e+03 1.018204e+03 10000 11000 1.114984e-03     0 4.006783e-02 6.235689e+01 1.298560e+02 5.836887e-02 2.530258e-04 
1.086000e+02 2.612667e-02 6.651856e-02 1.447792e+00 1.080560e+04 7.348988e+03 1.018311e+03 10000 11000 1.224952e-03     0 4.007238e-02 6.230359e+01 1.298565e+02 5.836577e-02 2.569046e-04 
1.087000e+02 2.585043e-02 6.640122e-02 1.448398e+00 1.080721e+04 7.361873e+03 1.018416e+03 10000 11000 1.220375e-03     0 4.007680e-02 6.225014e+01 1.298569e+02 5.836275e-02 2.584102e-04 
1.088000e+02 2.556722e-02 6.628354e-02 1.448999e+00 1.080880e+04 7.374760e+03 1.018520e+03 10000 11000 1.171434e-03     0 4.008109e-02 6.219655e+01 1.298574e+02 5.835979e-02 2.560313e-04 
1.089000e+02 2.529494e-02 6.616560e-02 1.449595e+00 1.081039e+04 7.387648e+03 1.018622e+03 10000 11000 1.106780e-03     0 4.008530e-02 6.214281e+01 1.298578e+02 5.835691e-02 2.526194e-04 
  109 2.504493e-02 6.604746e-02 1.450184e+00 1.081198e+04 7.400536e+03 1.018723e+03 10000 11000 1.039174e-03     0 4.008943e-02 6.208893e+01 1.298583e+02 5.835409e-02 2.522342e-04 
1.091000e+02 2.480875e-02 6.592916e-02 1.450763e+00 1.081355e+04 7.413426e+03 1.018822e+03 10000 11000 1.140481e-03     0 4.009346e-02 6.203491e+01 1.298588e+02 5.835134e-02 2.558388e-04 
1.092000e+02 2.455708e-02 6.581059e-02 1.451337e+00 1.081512e+04 7.426317e+03 1.018920e+03 10000 11000 1.136342e-03     0 4.009736e-02 6.198076e+01 1.298593e+02 5.834864e-02 2.572607e-04 
1.093000e+02 2.429899e-02 6.569174e-02 1.451908e+00 1.081667e+04 7.439209e+03 1.019016e+03 10000 11000 1.091367e-03     0 4.010114e-02 6.192649e+01 1.298598e+02 5.834602e-02 2.551085e-04 
1.094000e+02 2.405094e-02 6.557265e-02 1.452474e+00 1.081823e+04 7.452101e+03 1.019111e+03 10000 11000 1.031928e-03     0 4.010484e-02 6.187208e+01 1.298603e+02 5.834347e-02 2.520069e-04 
1.095000e+02 2.382334e-02 6.545341e-02 1.453032e+00 1.081977e+04 7.464995e+03 1.019204e+03 10000 11000 9.697691e-04     0 4.010846e-02 6.181756e+01 1.298608e+02 5.834098e-02 2.516922e-04 
1.096000e+02 2.360846e-02 6.533403e-02 1.453582e+00 1.082131e+04 7.477889e+03 1.019296e+03 10000 11000 1.063059e-03     0 4.011199e-02 6.176293e+01 1.298612e+02 5.833855e-02 2.550514e-04 
1.097000e+02 2.337934e-02 6.521442e-02 1.454128e+00 1.082284e+04 7.490785e+03 1.019386e+03 10000 11000 1.059307e-03     0 4.011539e-02 6.170818e+01 1.298618e+02 5.833618e-02 2.564041e-04 
1.098000e+02 2.314433e-02 6.509458e-02 1.454671e+00 1.082436e+04 7.503681e+03 1.019475e+03 10000 11000 1.017976e-03     0 4.011867e-02 6.165332e+01 1.298623e+02 5.833388e-02 2.544695e-04 
1.099000e+02 2.291854e-02 6.497455e-02 1.455209e+00 1.082587e+04 7.516579e+03 1.019562e+03 10000 11000 9.633375e-04     0 4.012188e-02 6.159836e+01 1.298628e+02 5.833165e-02 2.516626e-04 
  110 2.271155e-02 6.485438e-02 1.455741e+00 1.082738e+04 7.529477e+03 1.019648e+03 10000 11000 9.061940e-04     0 4.012501e-02 6.154330e+01 1.298633e+02 5.832949e-02 2.514210e-04 
1.101000e+02 2.251624e-02 6.473412e-02 1.456265e+00 1.082888e+04 7.542376e+03 1.019732e+03 10000 11000 9.920481e-04     0 4.012804e-02 6.148814e+01 1.298638e+02 5.832738e-02 2.545613e-04 
1.102000e+02 2.230787e-02 6.461367e-02 1.456785e+00 1.083037e+04 7.555276e+03 1.019814e+03 10000 11000 9.886343e-04     0 4.013096e-02 6.143289e+01 1.298643e+02 5.832533e-02 2.558584e-04 
1.103000e+02 2.209409e-02 6.449303e-02 1.457302e+00 1.083186e+04 7.568177e+03 1.019895e+03 10000 11000 9.506587e-04     0 4.013376e-02 6.137755e+01 1.298648e+02 5.832335e-02 2.541338e-04 
1.104000e+02 2.188878e-02 6.437224e-02 1.457815e+00 1.083334e+04 7.581078e+03 1.019975e+03 10000 11000 9.004444e-04     0 4.013649e-02 6.132213e+01 1.298654e+02 5.832143e-02 2.516079e-04 
1.105000e+02 2.170075e-02 6.425135e-02 1.458322e+00 1.083482e+04 7.593981e+03 1.020053e+03 10000 11000 8.479262e-04     0 4.013914e-02 6.126663e+01 1.298659e+02 5.831958e-02 2.514423e-04 
1.106000e+02 2.152345e-02 6.413040e-02 1.458822e+00 1.083628e+04 7.606884e+03 1.020129e+03 10000 11000 9.268671e-04     0 4.014170e-02 6.121105e+01 1.298664e+02 5.831778e-02 2.543883e-04 
1.107000e+02 2.133418e-02 6.400930e-02 1.459318e+00 1.083774e+04 7.619788e+03 1.020204e+03 10000 11000 9.237477e-04     0 4.014414e-02 6.115540e+01 1.298669e+02 5.831605e-02 2.556427e-04 
1.108000e+02 2.113997e-02 6.388806e-02 1.459812e+00 1.083920e+04 7.632693e+03 1.020277e+03 10000 11000 8.888639e-04     0 4.014648e-02 6.109969e+01 1.298675e+02 5.831438e-02 2.541217e-04 
1.109000e+02 2.095354e-02 6.376671e-02 1.460303e+00 1.084064e+04 7.645598e+03 1.020349e+03 10000 11000 8.427350e-04     0 4.014874e-02 6.104391e+01 1.298680e+02 5.831277e-02 2.518656e-04 
  111 2.078298e-02 6.364531e-02 1.460787e+00 1.084209e+04 7.658505e+03 1.020419e+03 10000 11000 7.944900e-04     0 4.015092e-02 6.098807e+01 1.298685e+02 5.831123e-02 2.517790e-04 
1.111000e+02 2.062229e-02 6.352386e-02 1.461266e+00 1.084352e+04 7.671412e+03 1.020488e+03 10000 11000 8.669861e-04     0 4.015302e-02 6.093217e+01 1.298691e+02 5.830973e-02 2.545535e-04 
1.112000e+02 2.045064e-02 6.340232e-02 1.461740e+00 1.084495e+04 7.684320e+03 1.020555e+03 10000 11000 8.641205e-04     0 4.015501e-02 6.087622e+01 1.298696e+02 5.830830e-02 2.557776e-04 
1.113000e+02 2.027449e-02 6.328068e-02 1.462213e+00 1.084637e+04 7.697229e+03 1.020620e+03 10000 11000 8.320911e-04     0 4.015689e-02 6.082023e+01 1.298702e+02 5.830694e-02 2.544553e-04 
1.114000e+02 2.010551e-02 6.315898e-02 1.462683e+00 1.084779e+04 7.710138e+03 1.020684e+03 10000 11000 7.897417e-04     0 4.015869e-02 6.076419e+01 1.298707e+02 5.830563e-02 2.524591e-04 
1.115000e+02 1.995107e-02 6.303725e-02 1.463147e+00 1.084920e+04 7.723048e+03 1.020746e+03 10000 11000 7.454524e-04     0 4.016043e-02 6.070811e+01 1.298713e+02 5.830439e-02 2.524554e-04 
1.116000e+02 1.980572e-02 6.291552e-02 1.463606e+00 1.085060e+04 7.735959e+03 1.020807e+03 10000 11000 8.119222e-04     0 4.016207e-02 6.065200e+01 1.298718e+02 5.830320e-02 2.550794e-04 
1.117000e+02 1.965037e-02 6.279374e-02 1.464061e+00 1.085200e+04 7.748871e+03 1.020866e+03 10000 11000 8.092725e-04     0 4.016361e-02 6.059585e+01 1.298724e+02 5.830207e-02 2.562850e-04 
1.118000e+02 1.949093e-02 6.267190e-02 1.464515e+00 1.085339e+04 7.761783e+03 1.020924e+03 10000 11000 7.798836e-04     0 4.016505e-02 6.053968e+01 1.298729e+02 5.830100e-02 2.551579e-04 
1.119000e+02 1.933808e-02 6.255003e-02 1.464965e+00 1.085478e+04 7.774696e+03 1.020980e+03 10000 11000 7.410382e-04     0 4.016642e-02 6.048348e+01 1.298735e+02 5.829999e-02 2.534141e-04 
  112 1.919858e-02 6.242818e-02 1.465411e+00 1.085616e+04 7.787610e+03 1.021035e+03 10000 11000 7.004192e-04     0 4.016771e-02 6.042726e+01 1.298741e+02 5.829904e-02 2.534972e-04 
1.121000e+02 1.906742e-02 6.230637e-02 1.465852e+00 1.085753e+04 7.800525e+03 1.021087e+03 10000 11000 7.612343e-04     0 4.016891e-02 6.037103e+01 1.298746e+02 5.829814e-02 2.559906e-04 
1.122000e+02 1.892718e-02 6.218455e-02 1.466290e+00 1.085890e+04 7.813440e+03 1.021139e+03 10000 11000 7.587650e-04     0 4.017002e-02 6.031478e+01 1.298752e+02 5.829730e-02 2.571894e-04 
1.123000e+02 1.878324e-02 6.206271e-02 1.466726e+00 1.086026e+04 7.826356e+03 1.021189e+03 10000 11000 7.318241e-04     0 4.017103e-02 6.025853e+01 1.298757e+02 5.829652e-02 2.562554e-04 
1.124000e+02 1.864535e-02 6.194089e-02 1.467159e+00 1.086162e+04 7.839272e+03 1.021237e+03 10000 11000 6.962357e-04     0 4.017196e-02 6.020227e+01 1.298763e+02 5.829580e-02 2.547580e-04 
1.125000e+02 1.851970e-02 6.181912e-02 1.467589e+00 1.086297e+04 7.852189e+03 1.021283e+03 10000 11000 6.590311e-04     0 4.017282e-02 6.014601e+01 1.298769e+02 5.829514e-02 2.549326e-04 
1.126000e+02 1.840173e-02 6.169743e-02 1.468013e+00 1.086431e+04 7.865107e+03 1.021328e+03 10000 11000 7.145191e-04     0 4.017360e-02 6.008976e+01 1.298774e+02 5.829453e-02 2.573140e-04 
1.127000e+02 1.827552e-02 6.157577e-02 1.468435e+00 1.086565e+04 7.878025e+03 1.021372e+03 10000 11000 7.121968e-04     0 4.017428e-02 6.003351e+01 1.298780e+02 5.829397e-02 2.585174e-04 
1.128000e+02 1.814600e-02 6.145413e-02 1.468856e+00 1.086699e+04 7.890944e+03 1.021414e+03 10000 11000 6.875313e-04     0 4.017487e-02 5.997728e+01 1.298786e+02 5.829348e-02 2.577757e-04 
1.129000e+02 1.802204e-02 6.133256e-02 1.469274e+00 1.086832e+04 7.903864e+03 1.021454e+03 10000 11000 6.549789e-04     0 4.017539e-02 5.992106e+01 1.298792e+02 5.829304e-02 2.565208e-04 
  113 1.790928e-02 6.121108e-02 1.469688e+00 1.086964e+04 7.916784e+03 1.021493e+03 10000 11000 6.209603e-04     0 4.017583e-02 5.986486e+01 1.298797e+02 5.829266e-02 2.567921e-04 
1.131000e+02 1.780357e-02 6.108970e-02 1.470098e+00 1.087096e+04 7.929705e+03 1.021530e+03 10000 11000 6.714069e-04     0 4.017620e-02 5.980869e+01 1.298803e+02 5.829233e-02 2.590793e-04 
1.132000e+02 1.769046e-02 6.096840e-02 1.470506e+00 1.087227e+04 7.942627e+03 1.021566e+03 10000 11000 6.691995e-04     0 4.017647e-02 5.975254e+01 1.298809e+02 5.829205e-02 2.602987e-04 
1.133000e+02 1.757439e-02 6.084718e-02 1.470912e+00 1.087358e+04 7.955549e+03 1.021600e+03 10000 11000 6.466551e-04     0 4.017665e-02 5.969642e+01 1.298814e+02 5.829184e-02 2.597503e-04 
1.134000e+02 1.746343e-02 6.072605e-02 1.471316e+00 1.087488e+04 7.968471e+03 1.021632e+03 10000 11000 6.169423e-04     0 4.017676e-02 5.964034e+01 1.298820e+02 5.829167e-02 2.587357e-04 
1.135000e+02 1.736271e-02 6.060505e-02 1.471717e+00 1.087618e+04 7.981395e+03 1.021663e+03 10000 11000 5.859069e-04     0 4.017679e-02 5.958429e+01 1.298826e+02 5.829156e-02 2.591099e-04 
1.136000e+02 1.726847e-02 6.048420e-02 1.472114e+00 1.087747e+04 7.994319e+03 1.021692e+03 10000 11000 6.315575e-04     0 4.017675e-02 5.952829e+01 1.298832e+02 5.829151e-02 2.613198e-04 
1.137000e+02 1.716760e-02 6.036346e-02 1.472509e+00 1.087875e+04 8.007243e+03 1.021720e+03 10000 11000 6.294343e-04     0 4.017662e-02 5.947234e+01 1.298838e+02 5.829150e-02 2.625669e-04 
1.138000e+02 1.706413e-02 6.024284e-02 1.472903e+00 1.088004e+04 8.020168e+03 1.021746e+03 10000 11000 6.088739e-04     0 4.017640e-02 5.941643e+01 1.298843e+02 5.829156e-02 2.622141e-04 
1.139000e+02 1.696537e-02 6.012236e-02 1.473295e+00 1.088131e+04 8.033094e+03 1.021771e+03 10000 11000 5.818271e-04     0 4.017611e-02 5.936058e+01 1.298849e+02 5.829166e-02 2.614398e-04 
  114 1.687593e-02 6.000204e-02 1.473683e+00 1.088258e+04 8.046020e+03 1.021794e+03 10000 11000 5.535960e-04     0 4.017575e-02 5.930479e+01 1.298855e+02 5.829182e-02 2.619239e-04 
1.141000e+02 1.679245e-02 5.988191e-02 1.474069e+00 1.088385e+04 8.058947e+03 1.021815e+03 10000 11000 5.946570e-04     0 4.017532e-02 5.924906e+01 1.298861e+02 5.829203e-02 2.640731e-04 
1.142000e+02 1.670309e-02 5.976193e-02 1.474452e+00 1.088511e+04 8.071874e+03 1.021835e+03 10000 11000 5.925876e-04     0 4.017480e-02 5.919339e+01 1.298867e+02 5.829230e-02 2.653598e-04 
1.143000e+02 1.661148e-02 5.964211e-02 1.474835e+00 1.088636e+04 8.084802e+03 1.021854e+03 10000 11000 5.738903e-04     0 4.017419e-02 5.913779e+01 1.298873e+02 5.829261e-02 2.652068e-04 
1.144000e+02 1.652419e-02 5.952247e-02 1.475216e+00 1.088761e+04 8.097730e+03 1.021871e+03 10000 11000 5.493576e-04     0 4.017352e-02 5.908227e+01 1.298879e+02 5.829298e-02 2.646750e-04 
1.145000e+02 1.644539e-02 5.940304e-02 1.475594e+00 1.088886e+04 8.110659e+03 1.021886e+03 10000 11000 5.237751e-04     0 4.017277e-02 5.902682e+01 1.298884e+02 5.829340e-02 2.652771e-04 
1.146000e+02 1.637205e-02 5.928382e-02 1.475969e+00 1.089010e+04 8.123589e+03 1.021899e+03 10000 11000 5.604139e-04     0 4.017195e-02 5.897146e+01 1.298890e+02 5.829387e-02 2.673816e-04 
1.147000e+02 1.629356e-02 5.916480e-02 1.476342e+00 1.089134e+04 8.136519e+03 1.021912e+03 10000 11000 5.583681e-04     0 4.017105e-02 5.891617e+01 1.298896e+02 5.829439e-02 2.687206e-04 
1.148000e+02 1.621317e-02 5.904598e-02 1.476715e+00 1.089257e+04 8.149449e+03 1.021922e+03 10000 11000 5.414280e-04     0 4.017007e-02 5.886098e+01 1.298902e+02 5.829497e-02 2.687737e-04 
1.149000e+02 1.613675e-02 5.892737e-02 1.477086e+00 1.089379e+04 8.162380e+03 1.021931e+03 10000 11000 5.192783e-04     0 4.016902e-02 5.880588e+01 1.298908e+02 5.829559e-02 2.684887e-04 
  115 1.606802e-02 5.880901e-02 1.477455e+00 1.089502e+04 8.175312e+03 1.021939e+03 10000 11000 4.962105e-04     0 4.016790e-02 5.875087e+01 1.298914e+02 5.829627e-02 2.692182e-04 
1.151000e+02 1.600429e-02 5.869090e-02 1.477821e+00 1.089623e+04 8.188244e+03 1.021945e+03 10000 11000 5.285554e-04     0 4.016671e-02 5.869596e+01 1.298920e+02 5.829699e-02 2.712943e-04 
1.152000e+02 1.593614e-02 5.857303e-02 1.478185e+00 1.089744e+04 8.201176e+03 1.021949e+03 10000 11000 5.265022e-04     0 4.016543e-02 5.864115e+01 1.298926e+02 5.829776e-02 2.726992e-04 
1.153000e+02 1.586642e-02 5.845540e-02 1.478549e+00 1.089865e+04 8.214110e+03 1.021952e+03 10000 11000 5.112283e-04     0 4.016409e-02 5.858645e+01 1.298932e+02 5.829859e-02 2.729668e-04 
1.154000e+02 1.580035e-02 5.833803e-02 1.478912e+00 1.089985e+04 8.227043e+03 1.021953e+03 10000 11000 4.913507e-04     0 4.016267e-02 5.853186e+01 1.298937e+02 5.829946e-02 2.729358e-04 
1.155000e+02 1.574122e-02 5.822093e-02 1.479272e+00 1.090105e+04 8.239977e+03 1.021953e+03 10000 11000 4.706850e-04     0 4.016118e-02 5.847738e+01 1.298943e+02 5.830038e-02 2.738037e-04 
1.156000e+02 1.568667e-02 5.810412e-02 1.479630e+00 1.090224e+04 8.252912e+03 1.021951e+03 10000 11000 4.988238e-04     0 4.015963e-02 5.842302e+01 1.298949e+02 5.830135e-02 2.758678e-04 
1.157000e+02 1.562840e-02 5.798759e-02 1.479988e+00 1.090343e+04 8.265847e+03 1.021948e+03 10000 11000 4.967313e-04     0 4.015800e-02 5.836878e+01 1.298955e+02 5.830237e-02 2.773531e-04 
1.158000e+02 1.556892e-02 5.787134e-02 1.480344e+00 1.090461e+04 8.278782e+03 1.021943e+03 10000 11000 4.830464e-04     0 4.015629e-02 5.831467e+01 1.298961e+02 5.830344e-02 2.778464e-04 
1.159000e+02 1.551278e-02 5.775538e-02 1.480699e+00 1.090579e+04 8.291719e+03 1.021937e+03 10000 11000 4.653497e-04     0 4.015451e-02 5.826068e+01 1.298967e+02 5.830456e-02 2.780796e-04 
  116 1.546287e-02 5.763973e-02 1.481053e+00 1.090697e+04 8.304655e+03 1.021929e+03 10000 11000 4.469947e-04     0 4.015268e-02 5.820682e+01 1.298973e+02 5.830572e-02 2.790989e-04 
1.161000e+02 1.541714e-02 5.752441e-02 1.481404e+00 1.090814e+04 8.317592e+03 1.021920e+03 10000 11000 4.709728e-04     0 4.015077e-02 5.815310e+01 1.298979e+02 5.830693e-02 2.811681e-04 
1.162000e+02 1.536841e-02 5.740941e-02 1.481755e+00 1.090930e+04 8.330530e+03 1.021909e+03 10000 11000 4.688068e-04     0 4.014879e-02 5.809951e+01 1.298985e+02 5.830819e-02 2.827502e-04 
1.163000e+02 1.531882e-02 5.729472e-02 1.482105e+00 1.091046e+04 8.343467e+03 1.021896e+03 10000 11000 4.566479e-04     0 4.014673e-02 5.804607e+01 1.298991e+02 5.830950e-02 2.834833e-04 
1.164000e+02 1.527229e-02 5.718036e-02 1.482454e+00 1.091162e+04 8.356406e+03 1.021882e+03 10000 11000 4.410608e-04     0 4.014461e-02 5.799277e+01 1.298997e+02 5.831085e-02 2.839942e-04 
1.165000e+02 1.523130e-02 5.706635e-02 1.482802e+00 1.091277e+04 8.369345e+03 1.021867e+03 10000 11000 4.249463e-04     0 4.014243e-02 5.793963e+01 1.299003e+02 5.831225e-02 2.851803e-04 
1.166000e+02 1.519412e-02 5.695270e-02 1.483148e+00 1.091392e+04 8.382284e+03 1.021850e+03 10000 11000 4.447633e-04     0 4.014018e-02 5.788663e+01 1.299009e+02 5.831369e-02 2.872726e-04 
1.167000e+02 1.515467e-02 5.683941e-02 1.483494e+00 1.091506e+04 8.395224e+03 1.021832e+03 10000 11000 4.424866e-04     0 4.013785e-02 5.783379e+01 1.299015e+02 5.831518e-02 2.889699e-04 
1.168000e+02 1.511472e-02 5.672646e-02 1.483838e+00 1.091619e+04 8.408164e+03 1.021812e+03 10000 11000 4.318044e-04     0 4.013546e-02 5.778110e+01 1.299020e+02 5.831672e-02 2.899608e-04 
1.169000e+02 1.507757e-02 5.661389e-02 1.484183e+00 1.091733e+04 8.421105e+03 1.021790e+03 10000 11000 4.182757e-04     0 4.013301e-02 5.772858e+01 1.299026e+02 5.831830e-02 2.907672e-04 
  117 1.504530e-02 5.650169e-02 1.484526e+00 1.091846e+04 8.434046e+03 1.021768e+03 10000 11000 4.043535e-04     0 4.013049e-02 5.767623e+01 1.299032e+02 5.831993e-02 2.921385e-04 
1.171000e+02 1.501651e-02 5.638989e-02 1.484867e+00 1.091958e+04 8.446988e+03 1.021743e+03 10000 11000 4.199585e-04     0 4.012790e-02 5.762404e+01 1.299038e+02 5.832160e-02 2.942734e-04 
1.172000e+02 1.498617e-02 5.627848e-02 1.485208e+00 1.092070e+04 8.459930e+03 1.021717e+03 10000 11000 4.175296e-04     0 4.012525e-02 5.757203e+01 1.299044e+02 5.832331e-02 2.961069e-04 
1.173000e+02 1.495573e-02 5.616746e-02 1.485549e+00 1.092182e+04 8.472872e+03 1.021690e+03 10000 11000 4.082890e-04     0 4.012253e-02 5.752019e+01 1.299050e+02 5.832507e-02 2.973779e-04 
1.174000e+02 1.492785e-02 5.605684e-02 1.485890e+00 1.092293e+04 8.485815e+03 1.021661e+03 10000 11000 3.967889e-04     0 4.011975e-02 5.746853e+01 1.299056e+02 5.832688e-02 2.985026e-04 
1.175000e+02 1.490420e-02 5.594664e-02 1.486229e+00 1.092403e+04 8.498758e+03 1.021631e+03 10000 11000 3.850335e-04     0 4.011690e-02 5.741706e+01 1.299062e+02 5.832873e-02 3.000810e-04 
1.176000e+02 1.488370e-02 5.583686e-02 1.486567e+00 1.092513e+04 8.511702e+03 1.021600e+03 10000 11000 3.963185e-04     0 4.011400e-02 5.736576e+01 1.299068e+02 5.833062e-02 3.022802e-04 
1.177000e+02 1.486243e-02 5.572751e-02 1.486905e+00 1.092623e+04 8.524646e+03 1.021567e+03 10000 11000 3.936903e-04     0 4.011102e-02 5.731466e+01 1.299074e+02 5.833255e-02 3.042745e-04 
1.178000e+02 1.484146e-02 5.561858e-02 1.487243e+00 1.092733e+04 8.537591e+03 1.021532e+03 10000 11000 3.858711e-04     0 4.010799e-02 5.726375e+01 1.299080e+02 5.833453e-02 3.058533e-04 
1.179000e+02 1.482284e-02 5.551010e-02 1.487581e+00 1.092841e+04 8.550536e+03 1.021496e+03 10000 11000 3.763923e-04     0 4.010489e-02 5.721303e+01 1.299086e+02 5.833655e-02 3.073250e-04 
  118 1.480781e-02 5.540206e-02 1.487917e+00 1.092950e+04 8.563482e+03 1.021459e+03 10000 11000 3.668031e-04     0 4.010173e-02 5.716251e+01 1.299092e+02 5.833861e-02 3.091373e-04 
1.181000e+02 1.479562e-02 5.529447e-02 1.488254e+00 1.093058e+04 8.576428e+03 1.021420e+03 10000 11000 3.735939e-04     0 4.009851e-02 5.711220e+01 1.299098e+02 5.834072e-02 3.114251e-04 
1.182000e+02 1.478348e-02 5.518735e-02 1.488590e+00 1.093165e+04 8.589374e+03 1.021379e+03 10000 11000 3.707118e-04     0 4.009522e-02 5.706209e+01 1.299104e+02 5.834287e-02 3.136092e-04 
1.183000e+02 1.477209e-02 5.508068e-02 1.488925e+00 1.093273e+04 8.602321e+03 1.021338e+03 10000 11000 3.643094e-04     0 4.009188e-02 5.701218e+01 1.299110e+02 5.834505e-02 3.155303e-04 
1.184000e+02 1.476284e-02 5.497449e-02 1.489261e+00 1.093379e+04 8.615268e+03 1.021295e+03 10000 11000 3.568694e-04     0 4.008847e-02 5.696249e+01 1.299115e+02 5.834728e-02 3.173851e-04 
1.185000e+02 1.475654e-02 5.486878e-02 1.489597e+00 1.093485e+04 8.628215e+03 1.021250e+03 10000 11000 3.494731e-04     0 4.008501e-02 5.691301e+01 1.299121e+02 5.834955e-02 3.194636e-04 
1.186000e+02 1.475280e-02 5.476355e-02 1.489932e+00 1.093591e+04 8.641163e+03 1.021204e+03 10000 11000 3.515176e-04     0 4.008148e-02 5.686374e+01 1.299127e+02 5.835187e-02 3.218683e-04 
1.187000e+02 1.474999e-02 5.465882e-02 1.490267e+00 1.093697e+04 8.654112e+03 1.021157e+03 10000 11000 3.483168e-04     0 4.007790e-02 5.681470e+01 1.299133e+02 5.835422e-02 3.242769e-04 
1.188000e+02 1.474841e-02 5.455458e-02 1.490602e+00 1.093802e+04 8.667061e+03 1.021108e+03 10000 11000 3.433442e-04     0 4.007425e-02 5.676588e+01 1.299139e+02 5.835661e-02 3.265832e-04 
1.189000e+02 1.474877e-02 5.445084e-02 1.490937e+00 1.093906e+04 8.680010e+03 1.021058e+03 10000 11000 3.379884e-04     0 4.007055e-02 5.671729e+01 1.299145e+02 5.835904e-02 3.288665e-04 
  119 1.475146e-02 5.434761e-02 1.491272e+00 1.094010e+04 8.692960e+03 1.021007e+03 10000 11000 3.328425e-04     0 4.006678e-02 5.666892e+01 1.299151e+02 5.836152e-02 3.312511e-04 
1.191000e+02 1.475643e-02 5.424490e-02 1.491607e+00 1.094114e+04 8.705910e+03 1.020954e+03 10000 11000 3.297944e-04     0 4.006297e-02 5.662079e+01 1.299157e+02 5.836403e-02 3.338059e-04 
1.192000e+02 1.476328e-02 5.414272e-02 1.491943e+00 1.094217e+04 8.718860e+03 1.020900e+03 10000 11000 3.261971e-04     0 4.005909e-02 5.657289e+01 1.299163e+02 5.836658e-02 3.364812e-04 
1.193000e+02 1.477192e-02 5.404106e-02 1.492278e+00 1.094320e+04 8.731811e+03 1.020844e+03 10000 11000 3.226866e-04     0 4.005515e-02 5.652523e+01 1.299169e+02 5.836917e-02 3.392263e-04 
1.194000e+02 1.478232e-02 5.393993e-02 1.492614e+00 1.094422e+04 8.744762e+03 1.020787e+03 10000 11000 3.194923e-04     0 4.005116e-02 5.647780e+01 1.299175e+02 5.837180e-02 3.419951e-04 
1.195000e+02 1.479439e-02 5.383935e-02 1.492950e+00 1.094524e+04 8.757714e+03 1.020729e+03 10000 11000 3.166900e-04     0 4.004711e-02 5.643063e+01 1.299180e+02 5.837446e-02 3.447350e-04 
1.196000e+02 1.480847e-02 5.373931e-02 1.493286e+00 1.094625e+04 8.770666e+03 1.020670e+03 10000 11000 3.080873e-04     0 4.004301e-02 5.638370e+01 1.299186e+02 5.837717e-02 3.474797e-04 
1.197000e+02 1.482551e-02 5.363982e-02 1.493623e+00 1.094726e+04 8.783618e+03 1.020609e+03 10000 11000 3.039981e-04     0 4.003885e-02 5.633701e+01 1.299192e+02 5.837991e-02 3.504734e-04 
1.198000e+02 1.484496e-02 5.354090e-02 1.493960e+00 1.094827e+04 8.796571e+03 1.020547e+03 10000 11000 3.020042e-04     0 4.003463e-02 5.629058e+01 1.299198e+02 5.838269e-02 3.537248e-04 
1.199000e+02 1.486600e-02 5.344254e-02 1.494297e+00 1.094927e+04 8.809524e+03 1.020483e+03 10000 11000 3.010869e-04     0 4.003036e-02 5.624441e+01 1.299204e+02 5.838551e-02 3.570509e-04 
  120 1.488802e-02 5.334474e-02 1.494635e+00 1.095027e+04 8.822478e+03 1.020418e+03 10000 11000 3.007639e-04     0 4.002603e-02 5.619849e+01 1.299210e+02 5.838837e-02 3.602075e-04 
1.201000e+02 1.491182e-02 5.324752e-02 1.494974e+00 1.095126e+04 8.835432e+03 1.020352e+03 10000 11000 2.859987e-04     0 4.002165e-02 5.615283e+01 1.299216e+02 5.839126e-02 3.631911e-04 
1.202000e+02 1.493978e-02 5.315088e-02 1.495313e+00 1.095225e+04 8.848386e+03 1.020285e+03 10000 11000 2.812991e-04     0 4.001721e-02 5.610744e+01 1.299222e+02 5.839419e-02 3.665678e-04 
1.203000e+02 1.497086e-02 5.305483e-02 1.495653e+00 1.095323e+04 8.861341e+03 1.020216e+03 10000 11000 2.809027e-04     0 4.001272e-02 5.606231e+01 1.299227e+02 5.839715e-02 3.704103e-04 
1.204000e+02 1.500337e-02 5.295937e-02 1.495993e+00 1.095421e+04 8.874296e+03 1.020146e+03 10000 11000 2.824233e-04     0 4.000818e-02 5.601744e+01 1.299233e+02 5.840016e-02 3.743852e-04 
1.205000e+02 1.503615e-02 5.286451e-02 1.496335e+00 1.095518e+04 8.887252e+03 1.020074e+03 10000 11000 2.847671e-04     0 4.000358e-02 5.597285e+01 1.299239e+02 5.840319e-02 3.780360e-04 
1.206000e+02 1.507047e-02 5.277024e-02 1.496677e+00 1.095615e+04 8.900208e+03 1.020002e+03 10000 11000 2.630452e-04     0 3.999893e-02 5.592854e+01 1.299245e+02 5.840627e-02 3.813193e-04 
1.207000e+02 1.511034e-02 5.267659e-02 1.497021e+00 1.095712e+04 8.913164e+03 1.019928e+03 10000 11000 2.575855e-04     0 3.999422e-02 5.588449e+01 1.299251e+02 5.840938e-02 3.851602e-04 
1.208000e+02 1.515416e-02 5.258356e-02 1.497364e+00 1.095808e+04 8.926121e+03 1.019853e+03 10000 11000 2.588989e-04     0 3.998947e-02 5.584073e+01 1.299257e+02 5.841252e-02 3.897026e-04 
1.209000e+02 1.519927e-02 5.249115e-02 1.497709e+00 1.095904e+04 8.939078e+03 1.019777e+03 10000 11000 2.630750e-04     0 3.998466e-02 5.579725e+01 1.299262e+02 5.841570e-02 3.944431e-04 
  121 1.524388e-02 5.239935e-02 1.498055e+00 1.095999e+04 8.952035e+03 1.019699e+03 10000 11000 2.683369e-04     0 3.997980e-02 5.575405e+01 1.299268e+02 5.841891e-02 3.986869e-04 
1.211000e+02 1.528981e-02 5.230818e-02 1.498403e+00 1.096094e+04 8.964993e+03 1.019620e+03 10000 11000 2.386209e-04     0 3.997489e-02 5.571114e+01 1.299274e+02 5.842216e-02 4.023469e-04 
1.212000e+02 1.534291e-02 5.221765e-02 1.498752e+00 1.096188e+04 8.977951e+03 1.019540e+03 10000 11000 2.322085e-04     0 3.996992e-02 5.566852e+01 1.299280e+02 5.842545e-02 4.067563e-04 
1.213000e+02 1.540095e-02 5.212776e-02 1.499101e+00 1.096282e+04 8.990910e+03 1.019459e+03 10000 11000 2.353831e-04     0 3.996491e-02 5.562618e+01 1.299286e+02 5.842876e-02 4.121385e-04 
1.214000e+02 1.546016e-02 5.203853e-02 1.499452e+00 1.096376e+04 9.003869e+03 1.019376e+03 10000 11000 2.425034e-04     0 3.995985e-02 5.558415e+01 1.299291e+02 5.843211e-02 4.177956e-04 
1.215000e+02 1.551802e-02 5.194993e-02 1.499804e+00 1.096469e+04 9.016828e+03 1.019293e+03 10000 11000 2.510162e-04     0 3.995473e-02 5.554240e+01 1.299297e+02 5.843550e-02 4.227601e-04 
1.216000e+02 1.557699e-02 5.186198e-02 1.500159e+00 1.096561e+04 9.029788e+03 1.019208e+03 10000 11000 2.119444e-04     0 3.994956e-02 5.550096e+01 1.299303e+02 5.843892e-02 4.268962e-04 
1.217000e+02 1.564506e-02 5.177469e-02 1.500515e+00 1.096653e+04 9.042748e+03 1.019122e+03 10000 11000 2.043282e-04     0 3.994434e-02 5.545981e+01 1.299309e+02 5.844237e-02 4.320095e-04 
1.218000e+02 1.571927e-02 5.168808e-02 1.500872e+00 1.096745e+04 9.055709e+03 1.019035e+03 10000 11000 2.095640e-04     0 3.993907e-02 5.541897e+01 1.299315e+02 5.844586e-02 4.384143e-04 
1.219000e+02 1.579454e-02 5.160214e-02 1.501230e+00 1.096836e+04 9.068670e+03 1.018946e+03 10000 11000 2.200089e-04     0 3.993376e-02 5.537844e+01 1.299320e+02 5.844937e-02 4.451857e-04 
  122 1.586752e-02 5.151687e-02 1.501590e+00 1.096926e+04 9.081631e+03 1.018857e+03 10000 11000 2.322104e-04     0 3.992838e-02 5.533821e+01 1.299326e+02 5.845293e-02 4.510380e-04 
1.221000e+02 1.594143e-02 5.143226e-02 1.501954e+00 1.097017e+04 9.094592e+03 1.018766e+03 10000 11000 1.819810e-04     0 3.992296e-02 5.529829e+01 1.299332e+02 5.845651e-02 4.557807e-04 
1.222000e+02 1.602678e-02 5.134834e-02 1.502318e+00 1.097106e+04 9.107554e+03 1.018674e+03 10000 11000 1.728266e-04     0 3.991749e-02 5.525868e+01 1.299337e+02 5.846013e-02 4.617765e-04 
1.223000e+02 1.611973e-02 5.126512e-02 1.502684e+00 1.097196e+04 9.120517e+03 1.018581e+03 10000 11000 1.803862e-04     0 3.991198e-02 5.521939e+01 1.299343e+02 5.846378e-02 4.694462e-04 
1.224000e+02 1.621367e-02 5.118260e-02 1.503051e+00 1.097284e+04 9.133480e+03 1.018487e+03 10000 11000 1.946567e-04     0 3.990641e-02 5.518041e+01 1.299349e+02 5.846746e-02 4.775945e-04 
1.225000e+02 1.630425e-02 5.110076e-02 1.503422e+00 1.097373e+04 9.146443e+03 1.018392e+03 10000 11000 2.111242e-04     0 3.990078e-02 5.514176e+01 1.299355e+02 5.847117e-02 4.845572e-04 
1.226000e+02 1.639559e-02 5.101961e-02 1.503796e+00 1.097460e+04 9.159406e+03 1.018296e+03 10000 11000 1.473226e-04     0 3.989511e-02 5.510342e+01 1.299360e+02 5.847492e-02 4.900811e-04 
1.227000e+02 1.650126e-02 5.093917e-02 1.504172e+00 1.097548e+04 9.172370e+03 1.018198e+03 10000 11000 1.361763e-04     0 3.988939e-02 5.506540e+01 1.299366e+02 5.847870e-02 4.972001e-04 
1.228000e+02 1.661637e-02 5.085946e-02 1.504549e+00 1.097635e+04 9.185334e+03 1.018100e+03 10000 11000 1.464039e-04     0 3.988363e-02 5.502771e+01 1.299372e+02 5.848251e-02 5.064611e-04 
1.229000e+02 1.673245e-02 5.078047e-02 1.504928e+00 1.097721e+04 9.198299e+03 1.018000e+03 10000 11000 1.651635e-04     0 3.987781e-02 5.499035e+01 1.299377e+02 5.848635e-02 5.163408e-04 
  123 1.684389e-02 5.070218e-02 1.505310e+00 1.097807e+04 9.211264e+03 1.017899e+03 10000 11000 1.866626e-04     0 3.987193e-02 5.495332e+01 1.299383e+02 5.849022e-02 5.247157e-04 
1.231000e+02 1.695601e-02 5.062458e-02 1.505698e+00 1.097892e+04 9.224230e+03 1.017798e+03 10000 11000 1.060012e-04     0 3.986600e-02 5.491661e+01 1.299389e+02 5.849413e-02 5.312596e-04 
1.232000e+02 1.708609e-02 5.054772e-02 1.506087e+00 1.097977e+04 9.237195e+03 1.017695e+03 10000 11000 9.223323e-05     0 3.986003e-02 5.488024e+01 1.299395e+02 5.849807e-02 5.398322e-04 
1.233000e+02 1.722795e-02 5.047163e-02 1.506477e+00 1.098061e+04 9.250162e+03 1.017591e+03 10000 11000 1.055819e-04     0 3.985402e-02 5.484421e+01 1.299400e+02 5.850204e-02 5.511334e-04 
1.234000e+02 1.737079e-02 5.039627e-02 1.506870e+00 1.098145e+04 9.263128e+03 1.017486e+03 10000 11000 1.297176e-04     0 3.984795e-02 5.480851e+01 1.299406e+02 5.850603e-02 5.632330e-04 
1.235000e+02 1.750753e-02 5.032163e-02 1.507268e+00 1.098228e+04 9.276095e+03 1.017380e+03 10000 11000 1.572746e-04     0 3.984181e-02 5.477315e+01 1.299412e+02 5.851007e-02 5.734379e-04 
1.236000e+02 1.764491e-02 5.024769e-02 1.507671e+00 1.098311e+04 9.289062e+03 1.017273e+03 10000 11000 5.518643e-05     0 3.983562e-02 5.473813e+01 1.299417e+02 5.851414e-02 5.813363e-04 
1.237000e+02 1.780495e-02 5.017452e-02 1.508077e+00 1.098393e+04 9.302030e+03 1.017165e+03 10000 11000 3.790075e-05     0 3.982939e-02 5.470345e+01 1.299423e+02 5.851824e-02 5.918267e-04 
1.238000e+02 1.797980e-02 5.010214e-02 1.508484e+00 1.098475e+04 9.314998e+03 1.017057e+03 10000 11000 5.497153e-05     0 3.982312e-02 5.466911e+01 1.299428e+02 5.852236e-02 6.057997e-04 
1.239000e+02 1.815576e-02 5.003051e-02 1.508894e+00 1.098556e+04 9.327967e+03 1.016947e+03 10000 11000 8.568582e-05     0 3.981678e-02 5.463512e+01 1.299434e+02 5.852652e-02 6.208078e-04 
  124 1.832381e-02 4.995961e-02 1.509310e+00 1.098637e+04 9.340935e+03 1.016836e+03 10000 11000 1.206984e-04     0 3.981038e-02 5.460148e+01 1.299440e+02 5.853071e-02 6.334359e-04 
1.241000e+02 1.849261e-02 4.988942e-02 1.509732e+00 1.098717e+04 9.353905e+03 1.016724e+03 10000 11000 -9.319273e-06     0 3.980390e-02 5.456819e+01 1.299445e+02 5.853495e-02 6.431693e-04 
1.242000e+02 1.869028e-02 4.982002e-02 1.510158e+00 1.098797e+04 9.366874e+03 1.016611e+03 10000 11000 -3.143526e-05     0 3.979740e-02 5.453525e+01 1.299451e+02 5.853921e-02 6.562482e-04 
1.243000e+02 1.890680e-02 4.975144e-02 1.510585e+00 1.098876e+04 9.379844e+03 1.016497e+03 10000 11000 -9.835364e-06     0 3.979085e-02 5.450266e+01 1.299457e+02 5.854349e-02 6.738057e-04 
1.244000e+02 1.912470e-02 4.968365e-02 1.511015e+00 1.098954e+04 9.392815e+03 1.016382e+03 10000 11000 2.911884e-05     0 3.978423e-02 5.447043e+01 1.299462e+02 5.854781e-02 6.927209e-04 
1.245000e+02 1.933248e-02 4.961658e-02 1.511453e+00 1.099032e+04 9.405785e+03 1.016267e+03 10000 11000 7.352745e-05     0 3.977753e-02 5.443855e+01 1.299468e+02 5.855218e-02 7.086375e-04 
1.246000e+02 1.954132e-02 4.955021e-02 1.511899e+00 1.099109e+04 9.418757e+03 1.016150e+03 10000 11000 -9.396028e-05     0 3.977075e-02 5.440703e+01 1.299473e+02 5.855659e-02 7.209181e-04 
1.247000e+02 1.978747e-02 4.948467e-02 1.512349e+00 1.099186e+04 9.431728e+03 1.016033e+03 10000 11000 -1.228955e-04     0 3.976394e-02 5.437587e+01 1.299479e+02 5.856101e-02 7.375853e-04 
1.248000e+02 2.005802e-02 4.941999e-02 1.512800e+00 1.099262e+04 9.444700e+03 1.015914e+03 10000 11000 -9.566622e-05     0 3.975709e-02 5.434507e+01 1.299485e+02 5.856547e-02 7.600895e-04 
1.249000e+02 2.033047e-02 4.935611e-02 1.513256e+00 1.099337e+04 9.457673e+03 1.015795e+03 10000 11000 -4.612243e-05     0 3.975016e-02 5.431463e+01 1.299490e+02 5.856996e-02 7.844064e-04 
  125 2.058998e-02 4.929295e-02 1.513721e+00 1.099412e+04 9.470645e+03 1.015675e+03 10000 11000 1.044489e-05     0 3.974312e-02 5.428456e+01 1.299496e+02 5.857450e-02 8.049181e-04 
1.251000e+02 2.085127e-02 4.923049e-02 1.514196e+00 1.099487e+04 9.483618e+03 1.015554e+03 10000 11000 -2.090347e-04     0 3.973599e-02 5.425485e+01 1.299501e+02 5.857910e-02 8.208391e-04 
1.252000e+02 2.116173e-02 4.916888e-02 1.514676e+00 1.099560e+04 9.496592e+03 1.015432e+03 10000 11000 -2.479266e-04     0 3.972883e-02 5.422551e+01 1.299507e+02 5.858371e-02 8.426417e-04 
1.253000e+02 2.150447e-02 4.910818e-02 1.515156e+00 1.099633e+04 9.509566e+03 1.015309e+03 10000 11000 -2.135396e-04     0 3.972162e-02 5.419654e+01 1.299513e+02 5.858834e-02 8.722049e-04 
1.254000e+02 2.185004e-02 4.904830e-02 1.515643e+00 1.099706e+04 9.522540e+03 1.015185e+03 10000 11000 -1.499831e-04     0 3.971432e-02 5.416793e+01 1.299518e+02 5.859302e-02 9.042507e-04 
1.255000e+02 2.217901e-02 4.898912e-02 1.516141e+00 1.099778e+04 9.535515e+03 1.015061e+03 10000 11000 -7.719992e-05     0 3.970688e-02 5.413970e+01 1.299524e+02 5.859776e-02 9.314101e-04 
1.256000e+02 2.251122e-02 4.893063e-02 1.516652e+00 1.099849e+04 9.548490e+03 1.014935e+03 10000 11000 -3.718044e-04     0 3.969932e-02 5.411184e+01 1.299530e+02 5.860256e-02 9.527226e-04 
1.257000e+02 2.290995e-02 4.887303e-02 1.517168e+00 1.099919e+04 9.561466e+03 1.014809e+03 10000 11000 -4.258500e-04     0 3.969173e-02 5.408435e+01 1.299535e+02 5.860737e-02 9.821652e-04 
1.258000e+02 2.335261e-02 4.881639e-02 1.517685e+00 1.099989e+04 9.574442e+03 1.014682e+03 10000 11000 -3.821355e-04     0 3.968409e-02 5.405724e+01 1.299541e+02 5.861221e-02 1.022220e-03 
1.259000e+02 2.379979e-02 4.876061e-02 1.518210e+00 1.100058e+04 9.587418e+03 1.014554e+03 10000 11000 -2.993909e-04     0 3.967632e-02 5.403051e+01 1.299546e+02 5.861709e-02 1.065794e-03 
  126 2.422545e-02 4.870550e-02 1.518749e+00 1.100126e+04 9.600395e+03 1.014426e+03 10000 11000 -2.041968e-04     0 3.966837e-02 5.400415e+01 1.299552e+02 5.862207e-02 1.102987e-03 
1.261000e+02 2.465723e-02 4.865102e-02 1.519305e+00 1.100194e+04 9.613373e+03 1.014296e+03 10000 11000 -6.129565e-04     0 3.966026e-02 5.397817e+01 1.299558e+02 5.862711e-02 1.132645e-03 
1.262000e+02 2.518225e-02 4.859751e-02 1.519866e+00 1.100261e+04 9.626350e+03 1.014166e+03 10000 11000 -6.913036e-04     0 3.965210e-02 5.395258e+01 1.299563e+02 5.863215e-02 1.174017e-03 
1.263000e+02 2.576933e-02 4.854506e-02 1.520429e+00 1.100327e+04 9.639328e+03 1.014035e+03 10000 11000 -6.351063e-04     0 3.964391e-02 5.392736e+01 1.299569e+02 5.863721e-02 1.230472e-03 
1.264000e+02 2.636403e-02 4.849350e-02 1.521000e+00 1.100392e+04 9.652307e+03 1.013903e+03 10000 11000 -5.249722e-04     0 3.963553e-02 5.390253e+01 1.299575e+02 5.864233e-02 1.292161e-03 
1.265000e+02 2.693039e-02 4.844255e-02 1.521590e+00 1.100457e+04 9.665286e+03 1.013771e+03 10000 11000 -3.974270e-04     0 3.962688e-02 5.387808e+01 1.299581e+02 5.864758e-02 1.345325e-03 
1.266000e+02 2.750873e-02 4.839215e-02 1.522204e+00 1.100521e+04 9.678266e+03 1.013638e+03 10000 11000 -9.912974e-04     0 3.961798e-02 5.385402e+01 1.299587e+02 5.865292e-02 1.388642e-03 
1.267000e+02 2.822423e-02 4.834283e-02 1.522823e+00 1.100584e+04 9.691246e+03 1.013504e+03 10000 11000 -1.111355e-03     0 3.960905e-02 5.383034e+01 1.299592e+02 5.865822e-02 1.449829e-03 
1.268000e+02 2.903187e-02 4.829475e-02 1.523441e+00 1.100646e+04 9.704226e+03 1.013369e+03 10000 11000 -1.037977e-03     0 3.960008e-02 5.380705e+01 1.299598e+02 5.866352e-02 1.533652e-03 
1.269000e+02 2.985318e-02 4.824763e-02 1.524070e+00 1.100707e+04 9.717207e+03 1.013234e+03 10000 11000 -8.866343e-04     0 3.959083e-02 5.378415e+01 1.299604e+02 5.866891e-02 1.625774e-03 
  127 3.063621e-02 4.820101e-02 1.524726e+00 1.100767e+04 9.730188e+03 1.013098e+03 10000 11000 -7.097233e-04     0 3.958117e-02 5.376164e+01 1.299610e+02 5.867448e-02 1.706163e-03 
1.271000e+02 3.144393e-02 4.815478e-02 1.525414e+00 1.100827e+04 9.743170e+03 1.012961e+03 10000 11000 -1.631385e-03     0 3.957111e-02 5.373953e+01 1.299616e+02 5.868018e-02 1.773545e-03 
1.272000e+02 3.246765e-02 4.810987e-02 1.526105e+00 1.100885e+04 9.756152e+03 1.012824e+03 10000 11000 -1.829929e-03     0 3.956102e-02 5.371780e+01 1.299622e+02 5.868573e-02 1.870487e-03 
1.273000e+02 3.363820e-02 4.806660e-02 1.526792e+00 1.100943e+04 9.769135e+03 1.012685e+03 10000 11000 -1.732290e-03     0 3.955091e-02 5.369647e+01 1.299628e+02 5.869123e-02 2.004155e-03 
1.274000e+02 3.483504e-02 4.802446e-02 1.527492e+00 1.101000e+04 9.782118e+03 1.012547e+03 10000 11000 -1.514443e-03     0 3.954038e-02 5.367554e+01 1.299635e+02 5.869685e-02 2.152244e-03 
1.275000e+02 3.597828e-02 4.798259e-02 1.528231e+00 1.101055e+04 9.795102e+03 1.012407e+03 10000 11000 -1.256366e-03     0 3.952913e-02 5.365501e+01 1.299641e+02 5.870278e-02 2.283550e-03 
1.276000e+02 3.717702e-02 4.794081e-02 1.529015e+00 1.101110e+04 9.808086e+03 1.012267e+03 10000 11000 -2.837341e-03     0 3.951719e-02 5.363487e+01 1.299648e+02 5.870886e-02 2.397836e-03 
1.277000e+02 3.875259e-02 4.790102e-02 1.529796e+00 1.101163e+04 9.821071e+03 1.012126e+03 10000 11000 -3.204506e-03     0 3.950528e-02 5.361513e+01 1.299654e+02 5.871444e-02 2.567339e-03 
1.278000e+02 4.058803e-02 4.786392e-02 1.530562e+00 1.101216e+04 9.834056e+03 1.011984e+03 10000 11000 -3.072415e-03     0 3.949348e-02 5.359580e+01 1.299661e+02 5.871974e-02 2.803920e-03 
1.279000e+02 4.247954e-02 4.782847e-02 1.531342e+00 1.101267e+04 9.847042e+03 1.011842e+03 10000 11000 -2.735889e-03     0 3.948100e-02 5.357687e+01 1.299668e+02 5.872517e-02 3.069185e-03 
  128 4.429178e-02 4.779286e-02 1.532181e+00 1.101317e+04 9.860028e+03 1.011699e+03 10000 11000 -2.329175e-03     0 3.946719e-02 5.355835e+01 1.299675e+02 5.873116e-02 3.309270e-03 
1.281000e+02 4.625020e-02 4.775680e-02 1.533087e+00 1.101365e+04 9.873015e+03 1.011555e+03 10000 11000 -5.536553e-03     0 3.945199e-02 5.354024e+01 1.299683e+02 5.873714e-02 3.529893e-03 
1.282000e+02 4.898802e-02 4.772521e-02 1.533964e+00 1.101412e+04 9.886003e+03 1.011411e+03 10000 11000 -6.350867e-03     0 3.943728e-02 5.352254e+01 1.299690e+02 5.874118e-02 3.876367e-03 
1.283000e+02 5.227286e-02 4.770008e-02 1.534786e+00 1.101458e+04 9.898991e+03 1.011266e+03 10000 11000 -6.175518e-03     0 3.942348e-02 5.350525e+01 1.299698e+02 5.874381e-02 4.372015e-03 
1.284000e+02 5.569937e-02 4.767898e-02 1.535614e+00 1.101502e+04 9.911979e+03 1.011120e+03 10000 11000 -5.590239e-03     0 3.940875e-02 5.348838e+01 1.299707e+02 5.874617e-02 4.938585e-03 
1.285000e+02 5.899778e-02 4.765701e-02 1.536541e+00 1.101545e+04 9.924969e+03 1.010974e+03 10000 11000 -4.859638e-03     0 3.939131e-02 5.347194e+01 1.299716e+02 5.874959e-02 5.465584e-03 
1.286000e+02 6.283649e-02 4.763462e-02 1.537562e+00 1.101586e+04 9.937959e+03 1.010826e+03 10000 11000 -1.401363e-02     0 3.937078e-02 5.345593e+01 1.299725e+02 5.875076e-02 6.000038e-03 
1.287000e+02 6.894942e-02 4.763215e-02 1.538396e+00 1.101626e+04 9.950949e+03 1.010678e+03 10000 11000 -1.660167e-02     0 3.935197e-02 5.344036e+01 1.299736e+02 5.873986e-02 6.957607e-03 
1.288000e+02 7.668951e-02 4.766086e-02 1.538975e+00 1.101663e+04 9.963940e+03 1.010529e+03 10000 11000 -1.645039e-02     0 3.934147e-02 5.342525e+01 1.299747e+02 5.871816e-02 8.404853e-03 
1.289000e+02 8.493393e-02 4.771359e-02 1.539473e+00 1.101698e+04 9.976932e+03 1.010378e+03 10000 11000 -1.514813e-02     0 3.934279e-02 5.341059e+01 1.299760e+02 5.869010e-02 1.011737e-02 
  129 9.293212e-02 4.776861e-02 1.540164e+00 1.101731e+04 9.989925e+03 1.010226e+03 10000 11000 -1.342210e-02     0 3.933672e-02 5.339641e+01 1.299774e+02 5.866153e-02 1.177353e-02 
1.291000e+02 1.051450e-01 4.785979e-02 1.540744e+00 1.101761e+04 1.000292e+04 1.010073e+03 10000 11000 -7.164513e-02     0 3.931473e-02 5.338275e+01 1.299790e+02 5.857898e-02 1.396364e-02 
1.292000e+02 1.320901e-01 4.825213e-02 1.539343e+00 1.101789e+04 1.001591e+04 1.009918e+03 10000 11000 -8.987431e-02     0 3.938380e-02 5.336965e+01 1.299809e+02 5.826112e-02 1.938761e-02 
1.293000e+02 1.698396e-01 4.920466e-02 1.535530e+00 1.101813e+04 1.002891e+04 1.009759e+03 10000 11000 -9.134421e-02     0 3.965759e-02 5.335718e+01 1.299834e+02 5.760803e-02 2.849218e-02 
1.294000e+02 2.114592e-01 5.078545e-02 1.530448e+00 1.101832e+04 1.004190e+04 1.009595e+03 10000 11000 -8.566834e-02     0 4.019206e-02 5.334556e+01 1.299866e+02 5.662789e-02 3.983771e-02 
1.295000e+02 2.522832e-01 5.277718e-02 1.525931e+00 1.101847e+04 1.005490e+04 1.009422e+03 15000 12000 -7.724524e-02     0 4.107321e-02 5.333511e+01 1.299904e+02 5.547988e-02 5.131949e-02 
1.296000e+02 2.824839e-01 5.441204e-02 1.524674e+00 1.101856e+04 1.006790e+04 1.009237e+03 15000 12000 2.858066e-02     0 4.198991e-02 5.332636e+01 1.299952e+02 5.479675e-02 5.955942e-02 
1.297000e+02 2.845932e-01 5.393427e-02 1.531136e+00 1.101858e+04 1.008090e+04 1.009038e+03 15000 12000 6.960548e-02     0 4.186340e-02 5.331941e+01 1.300014e+02 5.562014e-02 5.854207e-02 
1.298000e+02 2.654260e-01 5.060949e-02 1.546765e+00 1.101853e+04 1.009389e+04 1.008826e+03 15000 12000 8.288466e-02     0 3.942918e-02 5.331412e+01 1.300110e+02 5.711778e-02 4.668196e-02 
1.299000e+02 2.368404e-01 4.546659e-02 1.570017e+00 1.101842e+04 1.010689e+04 1.008603e+03 15000 12000 8.385539e-02     0 3.536179e-02 5.331038e+01 1.300260e+02 5.835462e-02 2.628704e-02 
  130 2.069152e-01 4.030984e-02 1.597619e+00 1.101824e+04 1.011989e+04 1.008373e+03 15000 12000 7.969149e-02     0 3.274106e-02 5.330779e+01 1.300455e+02 5.924151e-02 1.487155e-03 
1.301000e+02 1.788388e-01 3.638371e-02 1.625700e+00 1.101800e+04 1.013290e+04 1.008137e+03 15000 12000 8.085717e-02     0 3.232186e-02 5.330633e+01 1.300653e+02 5.991970e-02 -2.343024e-02 
1.302000e+02 1.520950e-01 3.401276e-02 1.650871e+00 1.101769e+04 1.014590e+04 1.007895e+03 15000 12000 7.720287e-02     0 3.389043e-02 5.330587e+01 1.300809e+02 6.028596e-02 -4.515177e-02 
1.303000e+02 1.263341e-01 3.294302e-02 1.670572e+00 1.101732e+04 1.015890e+04 1.007650e+03 15000 12000 7.192444e-02     0 3.610951e-02 5.330628e+01 1.300904e+02 6.011968e-02 -6.133050e-02 
1.304000e+02 1.010380e-01 3.282922e-02 1.683346e+00 1.101688e+04 1.017190e+04 1.007402e+03 15000 12000 6.613382e-02     0 3.730804e-02 5.330740e+01 1.300955e+02 5.944886e-02 -7.076146e-02 
1.305000e+02 7.560098e-02 3.351492e-02 1.688890e+00 1.101638e+04 1.018490e+04 1.007152e+03 15000 12000 6.014854e-02     0 3.787122e-02 5.330926e+01 1.300995e+02 5.863075e-02 -7.338941e-02 
1.306000e+02 4.897661e-02 3.486679e-02 1.687935e+00 1.101583e+04 1.019789e+04 1.006899e+03 15000 12000 6.290556e-02     0 3.771863e-02 5.331193e+01 1.301060e+02 5.801004e-02 -7.022537e-02 
1.307000e+02 1.980281e-02 3.672753e-02 1.682079e+00 1.101523e+04 1.021089e+04 1.006642e+03 15000 12000 5.959872e-02     0 3.691266e-02 5.331545e+01 1.301170e+02 5.780591e-02 -6.318816e-02 
1.308000e+02 -1.322980e-02 3.891466e-02 1.673021e+00 1.101461e+04 1.022388e+04 1.006383e+03 15000 12000 5.344256e-02     0 3.600065e-02 5.331977e+01 1.301322e+02 5.821953e-02 -5.411006e-02 
1.309000e+02 -4.389730e-02 4.115686e-02 1.662245e+00 1.101397e+04 1.023688e+04 1.006124e+03 15000 12000 4.636302e-02     0 3.535245e-02 5.332469e+01 1.301501e+02 5.917515e-02 -4.447003e-02 
  131 -7.364015e-02 4.314866e-02 1.650948e+00 1.101332e+04 1.024987e+04 1.005867e+03 15000 12000 3.907626e-02     0 3.463488e-02 5.333004e+01 1.301684e+02 6.036761e-02 -3.535992e-02 
1.311000e+02 -1.006119e-01 4.472166e-02 1.639971e+00 1.101269e+04 1.026287e+04 1.005614e+03 15000 12000 2.875069e-02     0 3.377121e-02 5.333558e+01 1.301855e+02 6.152348e-02 -2.743222e-02 
1.312000e+02 -1.235177e-01 4.585961e-02 1.629742e+00 1.101208e+04 1.027588e+04 1.005367e+03 15000 12000 2.114859e-02     0 3.296865e-02 5.334111e+01 1.302005e+02 6.249072e-02 -2.087004e-02 
1.313000e+02 -1.422838e-01 4.663745e-02 1.620468e+00 1.101150e+04 1.028888e+04 1.005127e+03 15000 12000 1.519623e-02     0 3.237301e-02 5.334649e+01 1.302130e+02 6.319642e-02 -1.569938e-02 
1.314000e+02 -1.573048e-01 4.715801e-02 1.612214e+00 1.101096e+04 1.030189e+04 1.004894e+03 15000 12000 1.045491e-02     0 3.201757e-02 5.335168e+01 1.302230e+02 6.363641e-02 -1.185195e-02 
1.315000e+02 -1.690747e-01 4.751525e-02 1.604930e+00 1.101047e+04 1.031490e+04 1.004669e+03 15000 12000 6.690483e-03     0 3.186919e-02 5.335665e+01 1.302308e+02 6.384771e-02 -9.178452e-03 
1.316000e+02 -1.777756e-01 4.777359e-02 1.598448e+00 1.101003e+04 1.032792e+04 1.004452e+03 15000 12000 -2.877783e-04     0 3.187464e-02 5.336142e+01 1.302366e+02 6.388758e-02 -7.413934e-03 
1.317000e+02 -1.831597e-01 4.795389e-02 1.592457e+00 1.100964e+04 1.034093e+04 1.004242e+03 15000 12000 -3.903475e-03     0 3.197914e-02 5.336605e+01 1.302408e+02 6.381669e-02 -6.130942e-03 
1.318000e+02 -1.859561e-01 4.807275e-02 1.586731e+00 1.100932e+04 1.035395e+04 1.004037e+03 15000 12000 -5.827935e-03     0 3.214975e-02 5.337059e+01 1.302438e+02 6.368107e-02 -5.068263e-03 
1.319000e+02 -1.870495e-01 4.815092e-02 1.581167e+00 1.100905e+04 1.036697e+04 1.003839e+03 15000 12000 -6.816276e-03     0 3.236654e-02 5.337509e+01 1.302457e+02 6.351316e-02 -4.125265e-03 
  132 -1.871156e-01 4.820841e-02 1.575743e+00 1.100885e+04 1.037999e+04 1.003646e+03 15000 12000 -7.265157e-03     0 3.260936e-02 5.337959e+01 1.302466e+02 6.333219e-02 -3.290921e-03 
1.321000e+02 -1.864029e-01 4.825769e-02 1.570458e+00 1.100870e+04 1.039302e+04 1.003458e+03 15000 12000 -9.856215e-03     0 3.285985e-02 5.338413e+01 1.302468e+02 6.314878e-02 -2.556856e-03 
1.322000e+02 -1.847325e-01 4.829687e-02 1.565259e+00 1.100862e+04 1.040604e+04 1.003274e+03 15000 12000 -1.063317e-02     0 3.310443e-02 5.338875e+01 1.302462e+02 6.296938e-02 -1.837403e-03 
1.323000e+02 -1.824223e-01 4.833198e-02 1.560149e+00 1.100859e+04 1.041906e+04 1.003095e+03 15000 12000 -1.061856e-02     0 3.334187e-02 5.339347e+01 1.302450e+02 6.279707e-02 -1.133310e-03 
1.324000e+02 -1.798427e-01 4.837570e-02 1.555175e+00 1.100863e+04 1.043209e+04 1.002919e+03 15000 12000 -1.024969e-02     0 3.357636e-02 5.339831e+01 1.302433e+02 6.263315e-02 -5.069658e-04 
1.325000e+02 -1.772332e-01 4.843970e-02 1.550402e+00 1.100872e+04 1.044511e+04 1.002747e+03 15000 12000 -9.732880e-03     0 3.380846e-02 5.340330e+01 1.302409e+02 6.247706e-02 -3.072120e-05 
1.326000e+02 -1.745451e-01 4.852731e-02 1.545859e+00 1.100887e+04 1.045813e+04 1.002579e+03 15000 12000 -1.128140e-02     0 3.403529e-02 5.340845e+01 1.302381e+02 6.232722e-02 2.741286e-04 
1.327000e+02 -1.714397e-01 4.862817e-02 1.541496e+00 1.100908e+04 1.047115e+04 1.002413e+03 15000 12000 -1.142184e-02     0 3.425358e-02 5.341376e+01 1.302347e+02 6.218259e-02 4.902768e-04 
1.328000e+02 -1.680701e-01 4.873711e-02 1.537284e+00 1.100935e+04 1.048417e+04 1.002251e+03 15000 12000 -1.098736e-02     0 3.446619e-02 5.341924e+01 1.302309e+02 6.204321e-02 6.482514e-04 
1.329000e+02 -1.646831e-01 4.885408e-02 1.533227e+00 1.100967e+04 1.049719e+04 1.002092e+03 15000 12000 -1.032345e-02     0 3.467741e-02 5.342491e+01 1.302268e+02 6.190874e-02 7.339854e-04 
  133 -1.614456e-01 4.897952e-02 1.529341e+00 1.101004e+04 1.051020e+04 1.001936e+03 15000 12000 -9.588735e-03     0 3.488780e-02 5.343076e+01 1.302222e+02 6.177775e-02 7.228705e-04 
1.331000e+02 -1.583035e-01 4.910981e-02 1.525619e+00 1.101047e+04 1.052322e+04 1.001783e+03 15000 12000 -1.058904e-02     0 3.509543e-02 5.343679e+01 1.302172e+02 6.164852e-02 6.242278e-04 
1.332000e+02 -1.549713e-01 4.923354e-02 1.521997e+00 1.101095e+04 1.053623e+04 1.001632e+03 15000 12000 -1.047608e-02     0 3.529818e-02 5.344302e+01 1.302119e+02 6.152028e-02 5.220096e-04 
1.333000e+02 -1.515666e-01 4.934538e-02 1.518443e+00 1.101148e+04 1.054924e+04 1.001484e+03 15000 12000 -9.929639e-03     0 3.549750e-02 5.344944e+01 1.302063e+02 6.139345e-02 4.469790e-04 
1.334000e+02 -1.482813e-01 4.944571e-02 1.514957e+00 1.101206e+04 1.056225e+04 1.001339e+03 15000 12000 -9.230365e-03     0 3.569540e-02 5.345605e+01 1.302004e+02 6.126819e-02 3.842435e-04 
1.335000e+02 -1.452387e-01 4.953676e-02 1.511557e+00 1.101269e+04 1.057525e+04 1.001195e+03 15000 12000 -8.505437e-03     0 3.589132e-02 5.346287e+01 1.301943e+02 6.114410e-02 3.035371e-04 
1.336000e+02 -1.423758e-01 4.961866e-02 1.508249e+00 1.101336e+04 1.058825e+04 1.001054e+03 15000 12000 -9.254149e-03     0 3.608319e-02 5.346989e+01 1.301879e+02 6.102082e-02 1.987618e-04 
1.337000e+02 -1.394360e-01 4.968608e-02 1.504991e+00 1.101408e+04 1.060125e+04 1.000915e+03 15000 12000 -9.100197e-03     0 3.626867e-02 5.347713e+01 1.301814e+02 6.089881e-02 1.244354e-04 
1.338000e+02 -1.364983e-01 4.973812e-02 1.501769e+00 1.101485e+04 1.061424e+04 1.000778e+03 15000 12000 -8.605025e-03     0 3.644809e-02 5.348459e+01 1.301747e+02 6.077914e-02 9.168865e-05 
1.339000e+02 -1.337044e-01 4.977786e-02 1.498596e+00 1.101566e+04 1.062723e+04 1.000643e+03 15000 12000 -7.997747e-03     0 3.662243e-02 5.349228e+01 1.301679e+02 6.066265e-02 7.598891e-05 
  134 -1.311411e-01 4.980924e-02 1.495494e+00 1.101652e+04 1.064022e+04 1.000509e+03 15000 12000 -7.379981e-03     0 3.679109e-02 5.350020e+01 1.301610e+02 6.054960e-02 4.314069e-05 
1.341000e+02 -1.287359e-01 4.983390e-02 1.492473e+00 1.101741e+04 1.065321e+04 1.000377e+03 15000 12000 -8.093020e-03     0 3.695239e-02 5.350838e+01 1.301540e+02 6.044016e-02 -1.619298e-05 
1.342000e+02 -1.262484e-01 4.984850e-02 1.489500e+00 1.101835e+04 1.066619e+04 1.000246e+03 15000 12000 -7.994194e-03     0 3.710451e-02 5.351680e+01 1.301471e+02 6.033490e-02 -5.459469e-05 
1.343000e+02 -1.237447e-01 4.985294e-02 1.486561e+00 1.101933e+04 1.067916e+04 1.000116e+03 15000 12000 -7.585932e-03     0 3.724793e-02 5.352549e+01 1.301401e+02 6.023466e-02 -6.200649e-05 
1.344000e+02 -1.213507e-01 4.985002e-02 1.483668e+00 1.102035e+04 1.069214e+04 9.999872e+02 15000 12000 -7.072939e-03     0 3.738380e-02 5.353446e+01 1.301332e+02 6.013995e-02 -5.951279e-05 
1.345000e+02 -1.191450e-01 4.984310e-02 1.480841e+00 1.102141e+04 1.070511e+04 9.998593e+02 15000 12000 -6.546082e-03     0 3.751206e-02 5.354370e+01 1.301264e+02 6.005075e-02 -7.651739e-05 
1.346000e+02 -1.170631e-01 4.983355e-02 1.478087e+00 1.102250e+04 1.071807e+04 9.997323e+02 15000 12000 -7.225300e-03     0 3.763179e-02 5.355324e+01 1.301196e+02 5.996688e-02 -1.199045e-04 
1.347000e+02 -1.148889e-01 4.981851e-02 1.475375e+00 1.102364e+04 1.073103e+04 9.996059e+02 15000 12000 -7.161258e-03     0 3.774190e-02 5.356307e+01 1.301129e+02 5.988848e-02 -1.453254e-04 
1.348000e+02 -1.126854e-01 4.979780e-02 1.472692e+00 1.102481e+04 1.074399e+04 9.994800e+02 15000 12000 -6.811579e-03     0 3.784318e-02 5.357321e+01 1.301064e+02 5.981590e-02 -1.427714e-04 
1.349000e+02 -1.105693e-01 4.977369e-02 1.470049e+00 1.102602e+04 1.075694e+04 9.993546e+02 15000 12000 -6.363082e-03     0 3.793701e-02 5.358365e+01 1.301000e+02 5.974920e-02 -1.309872e-04 
  135 -1.086144e-01 4.974889e-02 1.467464e+00 1.102726e+04 1.076989e+04 9.992295e+02 15000 12000 -5.899001e-03     0 3.802372e-02 5.359441e+01 1.300937e+02 5.968807e-02 -1.366731e-04 
1.351000e+02 -1.067639e-01 4.972446e-02 1.464945e+00 1.102854e+04 1.078284e+04 9.991047e+02 15000 12000 -6.530340e-03     0 3.810285e-02 5.360550e+01 1.300877e+02 5.963208e-02 -1.663356e-04 
1.352000e+02 -1.048224e-01 4.969797e-02 1.462463e+00 1.102985e+04 1.079578e+04 9.989801e+02 15000 12000 -6.483037e-03     0 3.817378e-02 5.361691e+01 1.300817e+02 5.958110e-02 -1.800273e-04 
1.353000e+02 -1.028483e-01 4.966919e-02 1.460007e+00 1.103119e+04 1.080872e+04 9.988556e+02 15000 12000 -6.174001e-03     0 3.823741e-02 5.362864e+01 1.300760e+02 5.953520e-02 -1.690070e-04 
1.354000e+02 -1.009485e-01 4.963990e-02 1.457587e+00 1.103257e+04 1.082165e+04 9.987311e+02 15000 12000 -5.773536e-03     0 3.829508e-02 5.364072e+01 1.300705e+02 5.949424e-02 -1.506228e-04 
1.355000e+02 -9.919090e-02 4.961225e-02 1.455221e+00 1.103398e+04 1.083458e+04 9.986067e+02 15000 12000 -5.357595e-03     0 3.834727e-02 5.365312e+01 1.300651e+02 5.945780e-02 -1.493646e-04 
1.356000e+02 -9.752390e-02 4.958701e-02 1.452915e+00 1.103542e+04 1.084751e+04 9.984822e+02 15000 12000 -5.940513e-03     0 3.839372e-02 5.366587e+01 1.300599e+02 5.942539e-02 -1.712024e-04 
1.357000e+02 -9.576996e-02 4.956199e-02 1.450644e+00 1.103689e+04 1.086043e+04 9.983577e+02 15000 12000 -5.902781e-03     0 3.843404e-02 5.367895e+01 1.300550e+02 5.939680e-02 -1.796351e-04 
1.358000e+02 -9.398262e-02 4.953685e-02 1.448397e+00 1.103840e+04 1.087335e+04 9.982330e+02 15000 12000 -5.625132e-03     0 3.846906e-02 5.369238e+01 1.300502e+02 5.937198e-02 -1.665363e-04 
1.359000e+02 -9.226011e-02 4.951294e-02 1.446183e+00 1.103993e+04 1.088626e+04 9.981082e+02 15000 12000 -5.263157e-03     0 3.850000e-02 5.370614e+01 1.300456e+02 5.935075e-02 -1.475449e-04 
  136 -9.066473e-02 4.949191e-02 1.444019e+00 1.104149e+04 1.089917e+04 9.979833e+02 15000 12000 -4.886307e-03     0 3.852727e-02 5.372025e+01 1.300413e+02 5.933270e-02 -1.448148e-04 
1.361000e+02 -8.915004e-02 4.947423e-02 1.441910e+00 1.104308e+04 1.091207e+04 9.978583e+02 15000 12000 -5.420154e-03     0 3.855073e-02 5.373469e+01 1.300371e+02 5.931737e-02 -1.636312e-04 
1.362000e+02 -8.755454e-02 4.945797e-02 1.439833e+00 1.104470e+04 1.092498e+04 9.977331e+02 15000 12000 -5.387260e-03     0 3.857005e-02 5.374948e+01 1.300331e+02 5.930456e-02 -1.705698e-04 
1.363000e+02 -8.592738e-02 4.944271e-02 1.437779e+00 1.104635e+04 1.093787e+04 9.976077e+02 15000 12000 -5.135100e-03     0 3.858594e-02 5.376461e+01 1.300293e+02 5.929421e-02 -1.580924e-04 
1.364000e+02 -8.435845e-02 4.942945e-02 1.435755e+00 1.104803e+04 1.095077e+04 9.974822e+02 15000 12000 -4.805709e-03     0 3.859939e-02 5.378007e+01 1.300257e+02 5.928616e-02 -1.403640e-04 
1.365000e+02 -8.290476e-02 4.941946e-02 1.433776e+00 1.104973e+04 1.096366e+04 9.973566e+02 15000 12000 -4.462512e-03     0 3.861075e-02 5.379587e+01 1.300223e+02 5.928006e-02 -1.375260e-04 
1.366000e+02 -8.152423e-02 4.941304e-02 1.431847e+00 1.105145e+04 1.097654e+04 9.972308e+02 15000 12000 -4.949408e-03     0 3.861987e-02 5.381201e+01 1.300190e+02 5.927555e-02 -1.543757e-04 
1.367000e+02 -8.006984e-02 4.940848e-02 1.429947e+00 1.105321e+04 1.098943e+04 9.971049e+02 15000 12000 -4.919518e-03     0 3.862645e-02 5.382848e+01 1.300159e+02 5.927246e-02 -1.604450e-04 
1.368000e+02 -7.858646e-02 4.940536e-02 1.428068e+00 1.105499e+04 1.100230e+04 9.969789e+02 15000 12000 -4.689670e-03     0 3.863103e-02 5.384527e+01 1.300130e+02 5.927077e-02 -1.488577e-04 
1.369000e+02 -7.715603e-02 4.940444e-02 1.426217e+00 1.105679e+04 1.101518e+04 9.968528e+02 15000 12000 -4.389372e-03     0 3.863441e-02 5.386240e+01 1.300102e+02 5.927037e-02 -1.325214e-04 
  137 -7.583057e-02 4.940670e-02 1.424407e+00 1.105862e+04 1.102805e+04 9.967267e+02 15000 12000 -4.076454e-03     0 3.863684e-02 5.387985e+01 1.300076e+02 5.927100e-02 -1.297937e-04 
1.371000e+02 -7.457175e-02 4.941234e-02 1.422642e+00 1.106047e+04 1.104092e+04 9.966005e+02 15000 12000 -4.520254e-03     0 3.863815e-02 5.389763e+01 1.300051e+02 5.927238e-02 -1.450482e-04 
1.372000e+02 -7.324563e-02 4.941986e-02 1.420905e+00 1.106235e+04 1.105378e+04 9.964743e+02 15000 12000 -4.492925e-03     0 3.863803e-02 5.391572e+01 1.300027e+02 5.927440e-02 -1.505126e-04 
1.373000e+02 -7.189310e-02 4.942887e-02 1.419186e+00 1.106425e+04 1.106664e+04 9.963481e+02 15000 12000 -4.283310e-03     0 3.863690e-02 5.393414e+01 1.300005e+02 5.927709e-02 -1.399126e-04 
1.374000e+02 -7.058884e-02 4.943996e-02 1.417492e+00 1.106617e+04 1.107950e+04 9.962220e+02 15000 12000 -4.009470e-03     0 3.863538e-02 5.395286e+01 1.299984e+02 5.928038e-02 -1.250047e-04 
1.375000e+02 -6.938023e-02 4.945389e-02 1.415836e+00 1.106811e+04 1.109235e+04 9.960959e+02 15000 12000 -3.724122e-03     0 3.863363e-02 5.397190e+01 1.299965e+02 5.928408e-02 -1.225144e-04 
1.376000e+02 -6.823236e-02 4.947080e-02 1.414222e+00 1.107008e+04 1.110520e+04 9.959699e+02 15000 12000 -4.128592e-03     0 3.863147e-02 5.399125e+01 1.299946e+02 5.928800e-02 -1.364225e-04 
1.377000e+02 -6.702322e-02 4.948941e-02 1.412633e+00 1.107207e+04 1.111805e+04 9.958440e+02 15000 12000 -4.103587e-03     0 3.862859e-02 5.401091e+01 1.299929e+02 5.929208e-02 -1.414101e-04 
1.378000e+02 -6.579007e-02 4.950936e-02 1.411060e+00 1.107408e+04 1.113089e+04 9.957183e+02 15000 12000 -3.912423e-03     0 3.862529e-02 5.403087e+01 1.299913e+02 5.929637e-02 -1.317535e-04 
1.379000e+02 -6.460093e-02 4.953110e-02 1.409511e+00 1.107611e+04 1.114373e+04 9.955927e+02 15000 12000 -3.662721e-03     0 3.862207e-02 5.405113e+01 1.299897e+02 5.930084e-02 -1.181654e-04 
  138 -6.349897e-02 4.955528e-02 1.407996e+00 1.107816e+04 1.115656e+04 9.954673e+02 15000 12000 -3.402532e-03     0 3.861901e-02 5.407168e+01 1.299883e+02 5.930536e-02 -1.158896e-04 
1.381000e+02 -6.245239e-02 4.958197e-02 1.406519e+00 1.108023e+04 1.116940e+04 9.953421e+02 15000 12000 -3.771166e-03     0 3.861592e-02 5.409253e+01 1.299869e+02 5.930980e-02 -1.285549e-04 
1.382000e+02 -6.135005e-02 4.961009e-02 1.405064e+00 1.108232e+04 1.118222e+04 9.952172e+02 15000 12000 -3.748308e-03     0 3.861251e-02 5.411368e+01 1.299857e+02 5.931415e-02 -1.330835e-04 
1.383000e+02 -6.022586e-02 4.963933e-02 1.403625e+00 1.108442e+04 1.119505e+04 9.950925e+02 15000 12000 -3.573998e-03     0 3.860902e-02 5.413511e+01 1.299845e+02 5.931846e-02 -1.242591e-04 
1.384000e+02 -5.914181e-02 4.967006e-02 1.402207e+00 1.108655e+04 1.120787e+04 9.949682e+02 15000 12000 -3.346335e-03     0 3.860581e-02 5.415682e+01 1.299834e+02 5.932273e-02 -1.118480e-04 
1.385000e+02 -5.813721e-02 4.970280e-02 1.400821e+00 1.108870e+04 1.122069e+04 9.948441e+02 15000 12000 -3.109113e-03     0 3.860292e-02 5.417882e+01 1.299823e+02 5.932689e-02 -1.097462e-04 
1.386000e+02 -5.718309e-02 4.973762e-02 1.399469e+00 1.109087e+04 1.123351e+04 9.947204e+02 15000 12000 -3.445127e-03     0 3.860018e-02 5.420110e+01 1.299813e+02 5.933083e-02 -1.212620e-04 
1.387000e+02 -5.617818e-02 4.977360e-02 1.398137e+00 1.109305e+04 1.124632e+04 9.945971e+02 15000 12000 -3.424260e-03     0 3.859732e-02 5.422366e+01 1.299804e+02 5.933457e-02 -1.253593e-04 
1.388000e+02 -5.515342e-02 4.981048e-02 1.396820e+00 1.109525e+04 1.125913e+04 9.944741e+02 15000 12000 -3.265339e-03     0 3.859451e-02 5.424649e+01 1.299796e+02 5.933817e-02 -1.172841e-04 
1.389000e+02 -5.416524e-02 4.984857e-02 1.395522e+00 1.109747e+04 1.127194e+04 9.943516e+02 15000 12000 -3.057789e-03     0 3.859203e-02 5.426960e+01 1.299788e+02 5.934165e-02 -1.059390e-04 
  139 -5.324945e-02 4.988831e-02 1.394253e+00 1.109970e+04 1.128474e+04 9.942295e+02 15000 12000 -2.841523e-03     0 3.858992e-02 5.429297e+01 1.299780e+02 5.934495e-02 -1.039911e-04 
1.391000e+02 -5.237964e-02 4.992973e-02 1.393016e+00 1.110196e+04 1.129754e+04 9.941078e+02 15000 12000 -3.147828e-03     0 3.858799e-02 5.431661e+01 1.299773e+02 5.934802e-02 -1.144562e-04 
1.392000e+02 -5.146361e-02 4.997209e-02 1.391797e+00 1.110422e+04 1.131034e+04 9.939866e+02 15000 12000 -3.128791e-03     0 3.858602e-02 5.434052e+01 1.299766e+02 5.935086e-02 -1.181577e-04 
1.393000e+02 -5.052951e-02 5.001517e-02 1.390591e+00 1.110651e+04 1.132313e+04 9.938659e+02 15000 12000 -2.983911e-03     0 3.858412e-02 5.436468e+01 1.299760e+02 5.935354e-02 -1.107622e-04 
1.394000e+02 -4.962875e-02 5.005923e-02 1.389403e+00 1.110881e+04 1.133592e+04 9.937457e+02 15000 12000 -2.794703e-03     0 3.858254e-02 5.438911e+01 1.299754e+02 5.935609e-02 -1.003854e-04 
1.395000e+02 -4.879393e-02 5.010463e-02 1.388241e+00 1.111113e+04 1.134871e+04 9.936260e+02 15000 12000 -2.597546e-03     0 3.858127e-02 5.441379e+01 1.299749e+02 5.935847e-02 -9.857455e-05 
1.396000e+02 -4.800100e-02 5.015142e-02 1.387107e+00 1.111346e+04 1.136150e+04 9.935068e+02 15000 12000 -2.876784e-03     0 3.858017e-02 5.443872e+01 1.299744e+02 5.936064e-02 -1.080785e-04 
1.397000e+02 -4.716599e-02 5.019896e-02 1.385991e+00 1.111580e+04 1.137428e+04 9.933882e+02 15000 12000 -2.859425e-03     0 3.857903e-02 5.446391e+01 1.299739e+02 5.936261e-02 -1.114156e-04 
1.398000e+02 -4.631455e-02 5.024708e-02 1.384887e+00 1.111817e+04 1.138706e+04 9.932702e+02 15000 12000 -2.727347e-03     0 3.857796e-02 5.448934e+01 1.299735e+02 5.936445e-02 -1.046359e-04 
1.399000e+02 -4.549347e-02 5.029601e-02 1.383799e+00 1.112054e+04 1.139984e+04 9.931528e+02 15000 12000 -2.554863e-03     0 3.857712e-02 5.451502e+01 1.299731e+02 5.936618e-02 -9.513814e-05 
  140 -4.473247e-02 5.034604e-02 1.382734e+00 1.112293e+04 1.141262e+04 9.930359e+02 15000 12000 -2.375129e-03     0 3.857654e-02 5.454094e+01 1.299727e+02 5.936778e-02 -9.344890e-05 
1.401000e+02 -4.400963e-02 5.039722e-02 1.381696e+00 1.112534e+04 1.142539e+04 9.929197e+02 15000 12000 -2.629704e-03     0 3.857608e-02 5.456711e+01 1.299724e+02 5.936921e-02 -1.020740e-04 
1.402000e+02 -4.324848e-02 5.044903e-02 1.380674e+00 1.112775e+04 1.143816e+04 9.928041e+02 15000 12000 -2.613878e-03     0 3.857556e-02 5.459351e+01 1.299721e+02 5.937049e-02 -1.050764e-04 
1.403000e+02 -4.247237e-02 5.050132e-02 1.379662e+00 1.113019e+04 1.145093e+04 9.926891e+02 15000 12000 -2.493474e-03     0 3.857507e-02 5.462015e+01 1.299718e+02 5.937167e-02 -9.885546e-05 
1.404000e+02 -4.172394e-02 5.055428e-02 1.378665e+00 1.113263e+04 1.146369e+04 9.925748e+02 15000 12000 -2.336235e-03     0 3.857475e-02 5.464703e+01 1.299715e+02 5.937279e-02 -9.015651e-05 
1.405000e+02 -4.103022e-02 5.060817e-02 1.377690e+00 1.113509e+04 1.147645e+04 9.924611e+02 15000 12000 -2.172381e-03     0 3.857462e-02 5.467413e+01 1.299712e+02 5.937381e-02 -8.857597e-05 
1.406000e+02 -4.037126e-02 5.066303e-02 1.376739e+00 1.113756e+04 1.148921e+04 9.923481e+02 15000 12000 -2.404481e-03     0 3.857455e-02 5.470147e+01 1.299710e+02 5.937471e-02 -9.639815e-05 
1.407000e+02 -3.967742e-02 5.071843e-02 1.375802e+00 1.114004e+04 1.150197e+04 9.922358e+02 15000 12000 -2.390054e-03     0 3.857441e-02 5.472903e+01 1.299708e+02 5.937551e-02 -9.909358e-05 
1.408000e+02 -3.896999e-02 5.077425e-02 1.374875e+00 1.114254e+04 1.151472e+04 9.921242e+02 15000 12000 -2.280290e-03     0 3.857426e-02 5.475681e+01 1.299706e+02 5.937625e-02 -9.338030e-05 
1.409000e+02 -3.828778e-02 5.083065e-02 1.373961e+00 1.114505e+04 1.152748e+04 9.920133e+02 15000 12000 -2.136948e-03     0 3.857423e-02 5.478482e+01 1.299704e+02 5.937695e-02 -8.540778e-05 
  141 -3.765538e-02 5.088785e-02 1.373067e+00 1.114757e+04 1.154023e+04 9.919031e+02 15000 12000 -1.987570e-03     0 3.857432e-02 5.481305e+01 1.299702e+02 5.937760e-02 -8.392469e-05 
1.411000e+02 -3.705463e-02 5.094589e-02 1.372196e+00 1.115010e+04 1.155297e+04 9.917936e+02 15000 12000 -2.199181e-03     0 3.857444e-02 5.484149e+01 1.299701e+02 5.937816e-02 -9.101346e-05 
1.412000e+02 -3.642216e-02 5.100440e-02 1.371337e+00 1.115264e+04 1.156572e+04 9.916849e+02 15000 12000 -2.186027e-03     0 3.857447e-02 5.487015e+01 1.299700e+02 5.937867e-02 -9.342786e-05 
1.413000e+02 -3.577733e-02 5.106328e-02 1.370487e+00 1.115520e+04 1.157846e+04 9.915769e+02 15000 12000 -2.085962e-03     0 3.857447e-02 5.489902e+01 1.299698e+02 5.937914e-02 -8.817619e-05 
1.414000e+02 -3.515547e-02 5.112269e-02 1.369649e+00 1.115776e+04 1.159120e+04 9.914696e+02 15000 12000 -1.955288e-03     0 3.857454e-02 5.492810e+01 1.299697e+02 5.937960e-02 -8.086483e-05 
1.415000e+02 -3.457897e-02 5.118279e-02 1.368830e+00 1.116034e+04 1.160394e+04 9.913632e+02 15000 12000 -1.819105e-03     0 3.857470e-02 5.495739e+01 1.299696e+02 5.938003e-02 -7.946955e-05 
1.416000e+02 -3.403128e-02 5.124362e-02 1.368031e+00 1.116293e+04 1.161668e+04 9.912574e+02 15000 12000 -2.012032e-03     0 3.857485e-02 5.498688e+01 1.299696e+02 5.938041e-02 -8.588881e-05 
1.417000e+02 -3.345474e-02 5.130489e-02 1.367243e+00 1.116553e+04 1.162941e+04 9.911525e+02 15000 12000 -2.000036e-03     0 3.857491e-02 5.501657e+01 1.299695e+02 5.938075e-02 -8.804639e-05 
1.418000e+02 -3.286698e-02 5.136651e-02 1.366464e+00 1.116813e+04 1.164214e+04 9.910483e+02 15000 12000 -1.908812e-03     0 3.857493e-02 5.504647e+01 1.299694e+02 5.938108e-02 -8.321518e-05 
1.419000e+02 -3.230015e-02 5.142860e-02 1.365696e+00 1.117075e+04 1.165487e+04 9.909449e+02 15000 12000 -1.789686e-03     0 3.857499e-02 5.507656e+01 1.299694e+02 5.938142e-02 -7.650633e-05 
  142 -3.177460e-02 5.149131e-02 1.364945e+00 1.117338e+04 1.166760e+04 9.908423e+02 15000 12000 -1.665531e-03     0 3.857510e-02 5.510685e+01 1.299693e+02 5.938174e-02 -7.519075e-05 
1.421000e+02 -3.127528e-02 5.155467e-02 1.364211e+00 1.117602e+04 1.168033e+04 9.907405e+02 15000 12000 -1.841411e-03     0 3.857520e-02 5.513733e+01 1.299693e+02 5.938203e-02 -8.099917e-05 
1.422000e+02 -3.074973e-02 5.161843e-02 1.363489e+00 1.117867e+04 1.169305e+04 9.906395e+02 15000 12000 -1.830465e-03     0 3.857522e-02 5.516800e+01 1.299693e+02 5.938230e-02 -8.292251e-05 
1.423000e+02 -3.021402e-02 5.168253e-02 1.362774e+00 1.118133e+04 1.170577e+04 9.905394e+02 15000 12000 -1.747300e-03     0 3.857518e-02 5.519886e+01 1.299693e+02 5.938257e-02 -7.847498e-05 
1.424000e+02 -2.969735e-02 5.174705e-02 1.362070e+00 1.118399e+04 1.171849e+04 9.904400e+02 15000 12000 -1.638704e-03     0 3.857518e-02 5.522991e+01 1.299693e+02 5.938285e-02 -7.231589e-05 
1.425000e+02 -2.921826e-02 5.181213e-02 1.361380e+00 1.118667e+04 1.173121e+04 9.903415e+02 15000 12000 -1.525517e-03     0 3.857521e-02 5.526114e+01 1.299693e+02 5.938313e-02 -7.107312e-05 
1.426000e+02 -2.876304e-02 5.187780e-02 1.360708e+00 1.118936e+04 1.174393e+04 9.902438e+02 15000 12000 -1.685834e-03     0 3.857522e-02 5.529255e+01 1.299693e+02 5.938339e-02 -7.632441e-05 
1.427000e+02 -2.828400e-02 5.194384e-02 1.360045e+00 1.119205e+04 1.175664e+04 9.901470e+02 15000 12000 -1.675841e-03     0 3.857516e-02 5.532413e+01 1.299693e+02 5.938363e-02 -7.803444e-05 
1.428000e+02 -2.779575e-02 5.201019e-02 1.359389e+00 1.119475e+04 1.176935e+04 9.900510e+02 15000 12000 -1.600024e-03     0 3.857506e-02 5.535589e+01 1.299693e+02 5.938388e-02 -7.393755e-05 
1.429000e+02 -2.732485e-02 5.207695e-02 1.358743e+00 1.119747e+04 1.178206e+04 9.899559e+02 15000 12000 -1.501032e-03     0 3.857497e-02 5.538783e+01 1.299694e+02 5.938413e-02 -6.828067e-05 
  143 -2.688812e-02 5.214420e-02 1.358110e+00 1.120019e+04 1.179477e+04 9.898616e+02 15000 12000 -1.397849e-03     0 3.857492e-02 5.541993e+01 1.299694e+02 5.938439e-02 -6.710473e-05 
1.431000e+02 -2.647312e-02 5.221199e-02 1.357493e+00 1.120292e+04 1.180748e+04 9.897682e+02 15000 12000 -1.543950e-03     0 3.857486e-02 5.545220e+01 1.299695e+02 5.938463e-02 -7.184791e-05 
1.432000e+02 -2.603651e-02 5.228012e-02 1.356884e+00 1.120565e+04 1.182018e+04 9.896756e+02 15000 12000 -1.534818e-03     0 3.857473e-02 5.548464e+01 1.299695e+02 5.938486e-02 -7.336386e-05 
1.433000e+02 -2.559156e-02 5.234855e-02 1.356282e+00 1.120840e+04 1.183289e+04 9.895840e+02 15000 12000 -1.465704e-03     0 3.857456e-02 5.551724e+01 1.299696e+02 5.938509e-02 -6.958786e-05 
1.434000e+02 -2.516242e-02 5.241734e-02 1.355689e+00 1.121115e+04 1.184559e+04 9.894932e+02 15000 12000 -1.375473e-03     0 3.857442e-02 5.555000e+01 1.299696e+02 5.938533e-02 -6.439020e-05 
1.435000e+02 -2.476435e-02 5.248659e-02 1.355108e+00 1.121391e+04 1.185829e+04 9.894033e+02 15000 12000 -1.281418e-03     0 3.857431e-02 5.558292e+01 1.299697e+02 5.938557e-02 -6.327583e-05 
1.436000e+02 -2.438604e-02 5.255632e-02 1.354541e+00 1.121668e+04 1.187099e+04 9.893143e+02 15000 12000 -1.414525e-03     0 3.857419e-02 5.561599e+01 1.299698e+02 5.938579e-02 -6.755551e-05 
1.437000e+02 -2.398814e-02 5.262636e-02 1.353983e+00 1.121945e+04 1.188369e+04 9.892262e+02 15000 12000 -1.406170e-03     0 3.857402e-02 5.564922e+01 1.299699e+02 5.938600e-02 -6.889495e-05 
1.438000e+02 -2.358272e-02 5.269669e-02 1.353430e+00 1.122224e+04 1.189638e+04 9.891390e+02 15000 12000 -1.343171e-03     0 3.857383e-02 5.568260e+01 1.299699e+02 5.938621e-02 -6.541294e-05 
1.439000e+02 -2.319170e-02 5.276735e-02 1.352885e+00 1.122503e+04 1.190907e+04 9.890527e+02 15000 12000 -1.260938e-03     0 3.857366e-02 5.571612e+01 1.299700e+02 5.938643e-02 -6.063561e-05 
  144 -2.282891e-02 5.283842e-02 1.352352e+00 1.122782e+04 1.192177e+04 9.889673e+02 15000 12000 -1.175215e-03     0 3.857352e-02 5.574978e+01 1.299701e+02 5.938663e-02 -5.957809e-05 
1.441000e+02 -2.248409e-02 5.290992e-02 1.351831e+00 1.123063e+04 1.193446e+04 9.888828e+02 15000 12000 -1.296434e-03     0 3.857339e-02 5.578359e+01 1.299702e+02 5.938682e-02 -6.343481e-05 
1.442000e+02 -2.212155e-02 5.298171e-02 1.351318e+00 1.123344e+04 1.194715e+04 9.887993e+02 15000 12000 -1.288781e-03     0 3.857322e-02 5.581754e+01 1.299703e+02 5.938700e-02 -6.461375e-05 
1.443000e+02 -2.175223e-02 5.305376e-02 1.350811e+00 1.123626e+04 1.195983e+04 9.887167e+02 15000 12000 -1.231363e-03     0 3.857304e-02 5.585163e+01 1.299704e+02 5.938716e-02 -6.140139e-05 
1.444000e+02 -2.139601e-02 5.312611e-02 1.350310e+00 1.123908e+04 1.197252e+04 9.886350e+02 15000 12000 -1.156434e-03     0 3.857289e-02 5.588585e+01 1.299705e+02 5.938733e-02 -5.700914e-05 
1.445000e+02 -2.106545e-02 5.319884e-02 1.349820e+00 1.124191e+04 1.198521e+04 9.885543e+02 15000 12000 -1.078321e-03     0 3.857277e-02 5.592020e+01 1.299706e+02 5.938749e-02 -5.600424e-05 
1.446000e+02 -2.075121e-02 5.327193e-02 1.349342e+00 1.124475e+04 1.199789e+04 9.884744e+02 15000 12000 -1.188656e-03     0 3.857266e-02 5.595468e+01 1.299707e+02 5.938762e-02 -5.947479e-05 
1.447000e+02 -2.042097e-02 5.334530e-02 1.348871e+00 1.124759e+04 1.201057e+04 9.883956e+02 15000 12000 -1.181634e-03     0 3.857254e-02 5.598928e+01 1.299708e+02 5.938774e-02 -6.050779e-05 
1.448000e+02 -2.008463e-02 5.341890e-02 1.348404e+00 1.125044e+04 1.202325e+04 9.883177e+02 15000 12000 -1.129314e-03     0 3.857241e-02 5.602401e+01 1.299709e+02 5.938785e-02 -5.754305e-05 
1.449000e+02 -1.976022e-02 5.349277e-02 1.347944e+00 1.125330e+04 1.203593e+04 9.882407e+02 15000 12000 -1.061058e-03     0 3.857231e-02 5.605886e+01 1.299711e+02 5.938795e-02 -5.350397e-05 
  145 -1.945909e-02 5.356697e-02 1.347494e+00 1.125616e+04 1.204861e+04 9.881647e+02 15000 12000 -9.898992e-04     0 3.857225e-02 5.609383e+01 1.299712e+02 5.938804e-02 -5.254790e-05 
1.451000e+02 -1.917280e-02 5.364150e-02 1.347055e+00 1.125903e+04 1.206128e+04 9.880897e+02 15000 12000 -1.090259e-03     0 3.857221e-02 5.612891e+01 1.299713e+02 5.938810e-02 -5.566571e-05 
1.452000e+02 -1.887208e-02 5.371627e-02 1.346622e+00 1.126190e+04 1.207396e+04 9.880156e+02 15000 12000 -1.083805e-03     0 3.857216e-02 5.616411e+01 1.299714e+02 5.938814e-02 -5.656604e-05 
1.453000e+02 -1.856591e-02 5.379125e-02 1.346193e+00 1.126478e+04 1.208663e+04 9.879425e+02 15000 12000 -1.036141e-03     0 3.857211e-02 5.619941e+01 1.299715e+02 5.938817e-02 -5.382905e-05 
1.454000e+02 -1.827058e-02 5.386647e-02 1.345771e+00 1.126766e+04 1.209931e+04 9.878703e+02 15000 12000 -9.739869e-04     0 3.857211e-02 5.623483e+01 1.299717e+02 5.938819e-02 -5.011428e-05 
1.455000e+02 -1.799636e-02 5.394198e-02 1.345357e+00 1.127055e+04 1.211198e+04 9.877992e+02 15000 12000 -9.091868e-04     0 3.857214e-02 5.627035e+01 1.299718e+02 5.938818e-02 -4.920369e-05 
1.456000e+02 -1.773562e-02 5.401777e-02 1.344953e+00 1.127345e+04 1.212465e+04 9.877290e+02 15000 12000 -1.000395e-03     0 3.857219e-02 5.630597e+01 1.299719e+02 5.938815e-02 -5.199918e-05 
1.457000e+02 -1.746189e-02 5.409377e-02 1.344555e+00 1.127635e+04 1.213732e+04 9.876598e+02 15000 12000 -9.944491e-04     0 3.857225e-02 5.634169e+01 1.299720e+02 5.938810e-02 -5.277902e-05 
1.458000e+02 -1.718332e-02 5.416996e-02 1.344161e+00 1.127926e+04 1.214999e+04 9.875916e+02 15000 12000 -9.510429e-04     0 3.857232e-02 5.637750e+01 1.299722e+02 5.938803e-02 -5.025188e-05 
1.459000e+02 -1.691461e-02 5.424636e-02 1.343772e+00 1.128217e+04 1.216265e+04 9.875244e+02 15000 12000 -8.944712e-04     0 3.857244e-02 5.641341e+01 1.299723e+02 5.938795e-02 -4.683546e-05 
  146 -1.666501e-02 5.432300e-02 1.343392e+00 1.128508e+04 1.217532e+04 9.874581e+02 15000 12000 -8.354896e-04     0 3.857259e-02 5.644942e+01 1.299724e+02 5.938784e-02 -4.596749e-05 
1.461000e+02 -1.642763e-02 5.439989e-02 1.343021e+00 1.128801e+04 1.218798e+04 9.873929e+02 15000 12000 -9.182909e-04     0 3.857277e-02 5.648551e+01 1.299725e+02 5.938770e-02 -4.846839e-05 
1.462000e+02 -1.617862e-02 5.447695e-02 1.342655e+00 1.129093e+04 1.220065e+04 9.873287e+02 15000 12000 -9.127999e-04     0 3.857296e-02 5.652168e+01 1.299727e+02 5.938754e-02 -4.913895e-05 
1.463000e+02 -1.592532e-02 5.455418e-02 1.342293e+00 1.129386e+04 1.221331e+04 9.872654e+02 15000 12000 -8.732883e-04     0 3.857318e-02 5.655794e+01 1.299728e+02 5.938736e-02 -4.680572e-05 
1.464000e+02 -1.568098e-02 5.463158e-02 1.341935e+00 1.129680e+04 1.222597e+04 9.872032e+02 15000 12000 -8.218278e-04     0 3.857343e-02 5.659428e+01 1.299729e+02 5.938716e-02 -4.366435e-05 
1.465000e+02 -1.545392e-02 5.470919e-02 1.341586e+00 1.129974e+04 1.223863e+04 9.871420e+02 15000 12000 -7.681745e-04     0 3.857373e-02 5.663070e+01 1.299731e+02 5.938694e-02 -4.283666e-05 
1.466000e+02 -1.523794e-02 5.478700e-02 1.341244e+00 1.130268e+04 1.225129e+04 9.870818e+02 15000 12000 -8.432427e-04     0 3.857406e-02 5.666719e+01 1.299732e+02 5.938668e-02 -4.506838e-05 
1.467000e+02 -1.501157e-02 5.486497e-02 1.340908e+00 1.130563e+04 1.226395e+04 9.870226e+02 15000 12000 -8.381565e-04     0 3.857441e-02 5.670376e+01 1.299733e+02 5.938640e-02 -4.564016e-05 
1.468000e+02 -1.478142e-02 5.494306e-02 1.340575e+00 1.130859e+04 1.227660e+04 9.869644e+02 15000 12000 -8.022101e-04     0 3.857478e-02 5.674040e+01 1.299734e+02 5.938610e-02 -4.348671e-05 
1.469000e+02 -1.455941e-02 5.502130e-02 1.340246e+00 1.131155e+04 1.228926e+04 9.869072e+02 15000 12000 -7.554330e-04     0 3.857519e-02 5.677710e+01 1.299736e+02 5.938577e-02 -4.059965e-05 
  147 -1.435301e-02 5.509971e-02 1.339925e+00 1.131451e+04 1.230192e+04 9.868511e+02 15000 12000 -7.066632e-04     0 3.857565e-02 5.681386e+01 1.299737e+02 5.938542e-02 -3.981050e-05 
1.471000e+02 -1.415663e-02 5.517829e-02 1.339610e+00 1.131747e+04 1.231457e+04 9.867960e+02 15000 12000 -7.746068e-04     0 3.857614e-02 5.685069e+01 1.299738e+02 5.938504e-02 -4.179642e-05 
1.472000e+02 -1.395102e-02 5.525698e-02 1.339301e+00 1.132045e+04 1.232722e+04 9.867419e+02 15000 12000 -7.698792e-04     0 3.857666e-02 5.688758e+01 1.299739e+02 5.938463e-02 -4.227934e-05 
1.473000e+02 -1.374211e-02 5.533578e-02 1.338995e+00 1.132342e+04 1.233988e+04 9.866888e+02 15000 12000 -7.371987e-04     0 3.857721e-02 5.692452e+01 1.299741e+02 5.938420e-02 -4.029336e-05 
1.474000e+02 -1.354058e-02 5.541469e-02 1.338693e+00 1.132640e+04 1.235253e+04 9.866368e+02 15000 12000 -6.947170e-04     0 3.857779e-02 5.696152e+01 1.299742e+02 5.938374e-02 -3.764233e-05 
1.475000e+02 -1.335312e-02 5.549374e-02 1.338397e+00 1.132938e+04 1.236518e+04 9.865858e+02 15000 12000 -6.504272e-04     0 3.857843e-02 5.699857e+01 1.299743e+02 5.938326e-02 -3.689062e-05 
1.476000e+02 -1.317473e-02 5.557291e-02 1.338108e+00 1.133237e+04 1.237783e+04 9.865358e+02 15000 12000 -7.117953e-04     0 3.857910e-02 5.703566e+01 1.299744e+02 5.938275e-02 -3.865244e-05 
1.477000e+02 -1.298817e-02 5.565217e-02 1.337823e+00 1.133536e+04 1.239048e+04 9.864868e+02 15000 12000 -7.073834e-04     0 3.857979e-02 5.707280e+01 1.299746e+02 5.938220e-02 -3.905606e-05 
1.478000e+02 -1.279876e-02 5.573151e-02 1.337541e+00 1.133835e+04 1.240312e+04 9.864389e+02 15000 12000 -6.776969e-04     0 3.858052e-02 5.710998e+01 1.299747e+02 5.938164e-02 -3.722701e-05 
1.479000e+02 -1.261604e-02 5.581094e-02 1.337263e+00 1.134135e+04 1.241577e+04 9.863921e+02 15000 12000 -6.391583e-04     0 3.858129e-02 5.714721e+01 1.299748e+02 5.938104e-02 -3.479610e-05 
  148 -1.244597e-02 5.589045e-02 1.336991e+00 1.134435e+04 1.242842e+04 9.863462e+02 15000 12000 -5.989823e-04     0 3.858211e-02 5.718447e+01 1.299749e+02 5.938042e-02 -3.408152e-05 
1.481000e+02 -1.228408e-02 5.597007e-02 1.336726e+00 1.134736e+04 1.244106e+04 9.863015e+02 15000 12000 -6.542696e-04     0 3.858296e-02 5.722176e+01 1.299750e+02 5.937977e-02 -3.563954e-05 
1.482000e+02 -1.211502e-02 5.604974e-02 1.336464e+00 1.135037e+04 1.245371e+04 9.862577e+02 15000 12000 -6.501334e-04     0 3.858385e-02 5.725909e+01 1.299752e+02 5.937909e-02 -3.597322e-05 
1.483000e+02 -1.194353e-02 5.612946e-02 1.336204e+00 1.135338e+04 1.246635e+04 9.862150e+02 15000 12000 -6.231938e-04     0 3.858476e-02 5.729645e+01 1.299753e+02 5.937839e-02 -3.429237e-05 
1.484000e+02 -1.177810e-02 5.620924e-02 1.335949e+00 1.135639e+04 1.247899e+04 9.861734e+02 15000 12000 -5.882785e-04     0 3.858573e-02 5.733383e+01 1.299754e+02 5.937765e-02 -3.206801e-05 
1.485000e+02 -1.162401e-02 5.628907e-02 1.335699e+00 1.135941e+04 1.249163e+04 9.861328e+02 15000 12000 -5.518843e-04     0 3.858673e-02 5.737124e+01 1.299755e+02 5.937689e-02 -3.139112e-05 
1.486000e+02 -1.147730e-02 5.636897e-02 1.335454e+00 1.136243e+04 1.250428e+04 9.860932e+02 15000 12000 -6.015357e-04     0 3.858778e-02 5.740867e+01 1.299756e+02 5.937610e-02 -3.276456e-05 
1.487000e+02 -1.132434e-02 5.644889e-02 1.335213e+00 1.136546e+04 1.251692e+04 9.860547e+02 15000 12000 -5.976373e-04     0 3.858885e-02 5.744611e+01 1.299757e+02 5.937528e-02 -3.303772e-05 
1.488000e+02 -1.116933e-02 5.652884e-02 1.334975e+00 1.136849e+04 1.252956e+04 9.860172e+02 15000 12000 -5.732200e-04     0 3.858997e-02 5.748358e+01 1.299758e+02 5.937444e-02 -3.149816e-05 
1.489000e+02 -1.101980e-02 5.660881e-02 1.334740e+00 1.137152e+04 1.254220e+04 9.859808e+02 15000 12000 -5.416375e-04     0 3.859112e-02 5.752105e+01 1.299759e+02 5.937356e-02 -2.946914e-05 
  149 -1.088043e-02 5.668881e-02 1.334509e+00 1.137455e+04 1.255483e+04 9.859454e+02 15000 12000 -5.087236e-04     0 3.859232e-02 5.755854e+01 1.299760e+02 5.937266e-02 -2.883149e-05 
1.491000e+02 -1.074768e-02 5.676883e-02 1.334284e+00 1.137759e+04 1.256747e+04 9.859111e+02 15000 12000 -5.531386e-04     0 3.859356e-02 5.759603e+01 1.299761e+02 5.937173e-02 -3.003883e-05 
1.492000e+02 -1.060954e-02 5.684886e-02 1.334063e+00 1.138063e+04 1.258011e+04 9.858778e+02 15000 12000 -5.494426e-04     0 3.859484e-02 5.763353e+01 1.299762e+02 5.937077e-02 -3.026114e-05 
1.493000e+02 -1.046971e-02 5.692888e-02 1.333843e+00 1.138367e+04 1.259274e+04 9.858456e+02 15000 12000 -5.273429e-04     0 3.859615e-02 5.767103e+01 1.299763e+02 5.936978e-02 -2.885787e-05 
1.494000e+02 -1.033484e-02 5.700889e-02 1.333627e+00 1.138672e+04 1.260538e+04 9.858145e+02 15000 12000 -4.988293e-04     0 3.859750e-02 5.770854e+01 1.299764e+02 5.936877e-02 -2.701533e-05 
1.495000e+02 -1.020901e-02 5.708890e-02 1.333415e+00 1.138977e+04 1.261802e+04 9.857844e+02 15000 12000 -4.691220e-04     0 3.859890e-02 5.774604e+01 1.299765e+02 5.936773e-02 -2.641966e-05 
1.496000e+02 -1.008913e-02 5.716891e-02 1.333208e+00 1.139282e+04 1.263065e+04 9.857553e+02 15000 12000 -5.086585e-04     0 3.860033e-02 5.778353e+01 1.299766e+02 5.936666e-02 -2.747894e-05 
1.497000e+02 -9.964650e-03 5.724889e-02 1.333004e+00 1.139587e+04 1.264328e+04 9.857273e+02 15000 12000 -5.051308e-04     0 3.860181e-02 5.782102e+01 1.299767e+02 5.936555e-02 -2.766058e-05 
1.498000e+02 -9.838829e-03 5.732883e-02 1.332803e+00 1.139893e+04 1.265592e+04 9.857003e+02 15000 12000 -4.851623e-04     0 3.860331e-02 5.785849e+01 1.299768e+02 5.936443e-02 -2.639062e-05 
1.499000e+02 -9.717466e-03 5.740873e-02 1.332604e+00 1.140199e+04 1.266855e+04 9.856744e+02 15000 12000 -4.594775e-04     0 3.860487e-02 5.789596e+01 1.299769e+02 5.936327e-02 -2.472817e-05 
  150 -9.604137e-03 5.748861e-02 1.332409e+00 1.140505e+04 1.268118e+04 9.856496e+02 15000 12000 -4.327281e-04     0 3.860646e-02 5.793340e+01 1.299770e+02 5.936209e-02 -2.417860e-05 
1.501000e+02 -9.496133e-03 5.756844e-02 1.332219e+00 1.140812e+04 1.269381e+04 9.856258e+02 15000 12000 -4.677061e-04     0 3.860810e-02 5.797083e+01 1.299771e+02 5.936087e-02 -2.510778e-05 
1.502000e+02 -9.384261e-03 5.764822e-02 1.332031e+00 1.141118e+04 1.270644e+04 9.856031e+02 15000 12000 -4.643141e-04     0 3.860977e-02 5.800824e+01 1.299772e+02 5.935963e-02 -2.525972e-05 
1.503000e+02 -9.271366e-03 5.772794e-02 1.331845e+00 1.141425e+04 1.271907e+04 9.855814e+02 15000 12000 -4.463064e-04     0 3.861148e-02 5.804562e+01 1.299773e+02 5.935836e-02 -2.412224e-05 
1.504000e+02 -9.162480e-03 5.780759e-02 1.331663e+00 1.141733e+04 1.273170e+04 9.855607e+02 15000 12000 -4.232315e-04     0 3.861323e-02 5.808298e+01 1.299773e+02 5.935706e-02 -2.263605e-05 
1.505000e+02 -9.060695e-03 5.788719e-02 1.331483e+00 1.142040e+04 1.274433e+04 9.855412e+02 15000 12000 -3.992139e-04     0 3.861502e-02 5.812031e+01 1.299774e+02 5.935574e-02 -2.213827e-05 
1.506000e+02 -8.963665e-03 5.796671e-02 1.331308e+00 1.142348e+04 1.275696e+04 9.855226e+02 15000 12000 -4.299185e-04     0 3.861686e-02 5.815761e+01 1.299775e+02 5.935439e-02 -2.295563e-05 
1.507000e+02 -8.863447e-03 5.804615e-02 1.331136e+00 1.142656e+04 1.276959e+04 9.855051e+02 15000 12000 -4.266304e-04     0 3.861873e-02 5.819487e+01 1.299776e+02 5.935301e-02 -2.308992e-05 
1.508000e+02 -8.762496e-03 5.812550e-02 1.330965e+00 1.142964e+04 1.278221e+04 9.854887e+02 15000 12000 -4.104276e-04     0 3.862063e-02 5.823210e+01 1.299776e+02 5.935160e-02 -2.208644e-05 
1.509000e+02 -8.665142e-03 5.820476e-02 1.330797e+00 1.143272e+04 1.279484e+04 9.854733e+02 15000 12000 -3.897630e-04     0 3.862258e-02 5.826929e+01 1.299777e+02 5.935016e-02 -2.077540e-05 
  151 -8.574035e-03 5.828392e-02 1.330632e+00 1.143581e+04 1.280747e+04 9.854590e+02 15000 12000 -3.682708e-04     0 3.862457e-02 5.830644e+01 1.299778e+02 5.934870e-02 -2.033697e-05 
1.511000e+02 -8.487161e-03 5.836299e-02 1.330471e+00 1.143890e+04 1.282009e+04 9.854457e+02 15000 12000 -3.949558e-04     0 3.862661e-02 5.834354e+01 1.299779e+02 5.934720e-02 -2.106147e-05 
1.512000e+02 -8.397724e-03 5.844195e-02 1.330312e+00 1.144199e+04 1.283272e+04 9.854335e+02 15000 12000 -3.917404e-04     0 3.862867e-02 5.838060e+01 1.299779e+02 5.934569e-02 -2.119159e-05 
1.513000e+02 -8.307821e-03 5.852079e-02 1.330155e+00 1.144508e+04 1.284534e+04 9.854223e+02 15000 12000 -3.771993e-04     0 3.863078e-02 5.841761e+01 1.299780e+02 5.934414e-02 -2.032618e-05 
1.514000e+02 -8.221138e-03 5.859952e-02 1.330001e+00 1.144817e+04 1.285797e+04 9.854121e+02 15000 12000 -3.587621e-04     0 3.863293e-02 5.845457e+01 1.299780e+02 5.934256e-02 -1.919208e-05 
1.515000e+02 -8.139920e-03 5.867812e-02 1.329849e+00 1.145127e+04 1.287059e+04 9.854030e+02 15000 12000 -3.396069e-04     0 3.863511e-02 5.849147e+01 1.299781e+02 5.934096e-02 -1.882269e-05 
1.516000e+02 -8.062457e-03 5.875659e-02 1.329701e+00 1.145437e+04 1.288321e+04 9.853949e+02 15000 12000 -3.624971e-04     0 3.863734e-02 5.852832e+01 1.299782e+02 5.933933e-02 -1.947441e-05 
1.517000e+02 -7.983005e-03 5.883493e-02 1.329555e+00 1.145747e+04 1.289584e+04 9.853879e+02 15000 12000 -3.593237e-04     0 3.863960e-02 5.856510e+01 1.299782e+02 5.933768e-02 -1.961559e-05 
1.518000e+02 -7.903329e-03 5.891313e-02 1.329411e+00 1.146057e+04 1.290846e+04 9.853819e+02 15000 12000 -3.463121e-04     0 3.864191e-02 5.860183e+01 1.299783e+02 5.933599e-02 -1.889512e-05 
1.519000e+02 -7.826529e-03 5.899118e-02 1.329269e+00 1.146367e+04 1.292108e+04 9.853769e+02 15000 12000 -3.299343e-04     0 3.864425e-02 5.863849e+01 1.299783e+02 5.933428e-02 -1.794287e-05 
  152 -7.754479e-03 5.906908e-02 1.329129e+00 1.146678e+04 1.293370e+04 9.853730e+02 15000 12000 -3.129434e-04     0 3.864663e-02 5.867509e+01 1.299784e+02 5.933255e-02 -1.765469e-05 
1.521000e+02 -7.685749e-03 5.914683e-02 1.328993e+00 1.146989e+04 1.294632e+04 9.853701e+02 15000 12000 -3.322380e-04     0 3.864905e-02 5.871161e+01 1.299784e+02 5.933078e-02 -1.825521e-05 
1.522000e+02 -7.615552e-03 5.922441e-02 1.328859e+00 1.147299e+04 1.295894e+04 9.853683e+02 15000 12000 -3.290758e-04     0 3.865151e-02 5.874807e+01 1.299785e+02 5.932899e-02 -1.842481e-05 
1.523000e+02 -7.545351e-03 5.930183e-02 1.328726e+00 1.147611e+04 1.297156e+04 9.853675e+02 15000 12000 -3.174715e-04     0 3.865400e-02 5.878445e+01 1.299785e+02 5.932718e-02 -1.785918e-05 
1.524000e+02 -7.477708e-03 5.937907e-02 1.328595e+00 1.147922e+04 1.298418e+04 9.853677e+02 15000 12000 -3.029982e-04     0 3.865654e-02 5.882076e+01 1.299786e+02 5.932533e-02 -1.709705e-05 
1.525000e+02 -7.414166e-03 5.945614e-02 1.328467e+00 1.148233e+04 1.299680e+04 9.853689e+02 15000 12000 -2.880126e-04     0 3.865911e-02 5.885698e+01 1.299786e+02 5.932346e-02 -1.690496e-05 
1.526000e+02 -7.353550e-03 5.953303e-02 1.328341e+00 1.148545e+04 1.300942e+04 9.853711e+02 15000 12000 -3.038879e-04     0 3.866172e-02 5.889313e+01 1.299787e+02 5.932157e-02 -1.747783e-05 
1.527000e+02 -7.291937e-03 5.960973e-02 1.328218e+00 1.148857e+04 1.302204e+04 9.853744e+02 15000 12000 -3.007061e-04     0 3.866437e-02 5.892919e+01 1.299787e+02 5.931965e-02 -1.769564e-05 
1.528000e+02 -7.230515e-03 5.968623e-02 1.328096e+00 1.149169e+04 1.303466e+04 9.853787e+02 15000 12000 -2.903951e-04     0 3.866705e-02 5.896517e+01 1.299787e+02 5.931770e-02 -1.729804e-05 
1.529000e+02 -7.171363e-03 5.976253e-02 1.327976e+00 1.149481e+04 1.304727e+04 9.853840e+02 15000 12000 -2.776827e-04     0 3.866977e-02 5.900106e+01 1.299788e+02 5.931572e-02 -1.673781e-05 
  153 -7.115723e-03 5.983864e-02 1.327858e+00 1.149793e+04 1.305989e+04 9.853904e+02 15000 12000 -2.645556e-04     0 3.867253e-02 5.903686e+01 1.299788e+02 5.931372e-02 -1.665971e-05 
1.531000e+02 -7.062651e-03 5.991453e-02 1.327742e+00 1.150105e+04 1.307251e+04 9.853977e+02 15000 12000 -2.771681e-04     0 3.867533e-02 5.907256e+01 1.299788e+02 5.931170e-02 -1.723073e-05 
1.532000e+02 -7.009003e-03 5.999022e-02 1.327628e+00 1.150418e+04 1.308512e+04 9.854061e+02 15000 12000 -2.739360e-04     0 3.867816e-02 5.910818e+01 1.299789e+02 5.930965e-02 -1.751928e-05 
1.533000e+02 -6.955718e-03 6.006568e-02 1.327516e+00 1.150731e+04 1.309774e+04 9.854155e+02 15000 12000 -2.648119e-04     0 3.868103e-02 5.914369e+01 1.299789e+02 5.930757e-02 -1.730630e-05 
1.534000e+02 -6.904440e-03 6.014092e-02 1.327405e+00 1.151043e+04 1.311036e+04 9.854258e+02 15000 12000 -2.537270e-04     0 3.868394e-02 5.917910e+01 1.299789e+02 5.930547e-02 -1.696338e-05 
1.535000e+02 -6.856143e-03 6.021593e-02 1.327296e+00 1.151356e+04 1.312297e+04 9.854372e+02 15000 12000 -2.423222e-04     0 3.868688e-02 5.921441e+01 1.299790e+02 5.930334e-02 -1.702033e-05 
1.536000e+02 -6.810091e-03 6.029072e-02 1.327190e+00 1.151670e+04 1.313559e+04 9.854496e+02 15000 12000 -2.518117e-04     0 3.868986e-02 5.924962e+01 1.299790e+02 5.930119e-02 -1.761784e-05 
1.537000e+02 -6.763836e-03 6.036526e-02 1.327085e+00 1.151983e+04 1.314820e+04 9.854630e+02 15000 12000 -2.484989e-04     0 3.869288e-02 5.928472e+01 1.299790e+02 5.929902e-02 -1.800250e-05 
1.538000e+02 -6.718093e-03 6.043956e-02 1.326981e+00 1.152296e+04 1.316082e+04 9.854773e+02 15000 12000 -2.404621e-04     0 3.869593e-02 5.931972e+01 1.299790e+02 5.929682e-02 -1.799414e-05 
1.539000e+02 -6.674117e-03 6.051361e-02 1.326879e+00 1.152610e+04 1.317343e+04 9.854927e+02 15000 12000 -2.308805e-04     0 3.869902e-02 5.935460e+01 1.299790e+02 5.929459e-02 -1.788750e-05 
  154 -6.632648e-03 6.058741e-02 1.326779e+00 1.152923e+04 1.318604e+04 9.855091e+02 15000 12000 -2.210713e-04     0 3.870214e-02 5.938936e+01 1.299791e+02 5.929234e-02 -1.810369e-05 
1.541000e+02 -6.593133e-03 6.066095e-02 1.326680e+00 1.153237e+04 1.319866e+04 9.855264e+02 15000 12000 -2.275649e-04     0 3.870530e-02 5.942402e+01 1.299791e+02 5.929007e-02 -1.875854e-05 
1.542000e+02 -6.553742e-03 6.073423e-02 1.326583e+00 1.153551e+04 1.321127e+04 9.855447e+02 15000 12000 -2.241422e-04     0 3.870849e-02 5.945855e+01 1.299791e+02 5.928777e-02 -1.926742e-05 
1.543000e+02 -6.514989e-03 6.080724e-02 1.326488e+00 1.153865e+04 1.322388e+04 9.855640e+02 15000 12000 -2.170999e-04     0 3.871172e-02 5.949297e+01 1.299791e+02 5.928545e-02 -1.948683e-05 
1.544000e+02 -6.477788e-03 6.087999e-02 1.326393e+00 1.154179e+04 1.323650e+04 9.855843e+02 15000 12000 -2.089058e-04     0 3.871498e-02 5.952726e+01 1.299791e+02 5.928310e-02 -1.963865e-05 
1.545000e+02 -6.442671e-03 6.095245e-02 1.326300e+00 1.154494e+04 1.324911e+04 9.856056e+02 15000 12000 -2.005748e-04     0 3.871827e-02 5.956143e+01 1.299791e+02 5.928073e-02 -2.004103e-05 
1.546000e+02 -6.409250e-03 6.102464e-02 1.326209e+00 1.154808e+04 1.326172e+04 9.856278e+02 15000 12000 -2.041909e-04     0 3.872160e-02 5.959547e+01 1.299791e+02 5.927834e-02 -2.078630e-05 
1.547000e+02 -6.376236e-03 6.109654e-02 1.326119e+00 1.155123e+04 1.327433e+04 9.856510e+02 15000 12000 -2.006318e-04     0 3.872497e-02 5.962938e+01 1.299791e+02 5.927592e-02 -2.144980e-05 
1.548000e+02 -6.343966e-03 6.116815e-02 1.326031e+00 1.155437e+04 1.328694e+04 9.856752e+02 15000 12000 -1.944981e-04     0 3.872837e-02 5.966316e+01 1.299791e+02 5.927348e-02 -2.192259e-05 
1.549000e+02 -6.313056e-03 6.123946e-02 1.325943e+00 1.155752e+04 1.329955e+04 9.857003e+02 15000 12000 -1.875850e-04     0 3.873180e-02 5.969681e+01 1.299791e+02 5.927102e-02 -2.235745e-05 
  155 -6.283857e-03 6.131048e-02 1.325857e+00 1.156067e+04 1.331216e+04 9.857264e+02 15000 12000 -1.806240e-04     0 3.873526e-02 5.973033e+01 1.299791e+02 5.926854e-02 -2.297496e-05 
1.551000e+02 -6.256125e-03 6.138119e-02 1.325772e+00 1.156382e+04 1.332477e+04 9.857534e+02 15000 12000 -1.814774e-04     0 3.873876e-02 5.976370e+01 1.299791e+02 5.926603e-02 -2.384507e-05 
1.552000e+02 -6.229043e-03 6.145160e-02 1.325689e+00 1.156697e+04 1.333738e+04 9.857814e+02 15000 12000 -1.777600e-04     0 3.874229e-02 5.979694e+01 1.299791e+02 5.926350e-02 -2.469482e-05 
1.553000e+02 -6.202797e-03 6.152169e-02 1.325606e+00 1.157013e+04 1.334999e+04 9.858103e+02 15000 12000 -1.724577e-04     0 3.874585e-02 5.983004e+01 1.299791e+02 5.926095e-02 -2.544784e-05 
1.554000e+02 -6.177742e-03 6.159146e-02 1.325524e+00 1.157328e+04 1.336260e+04 9.858402e+02 15000 12000 -1.667290e-04     0 3.874944e-02 5.986299e+01 1.299791e+02 5.925837e-02 -2.619133e-05 
1.555000e+02 -6.154071e-03 6.166092e-02 1.325444e+00 1.157643e+04 1.337521e+04 9.858710e+02 15000 12000 -1.610404e-04     0 3.875307e-02 5.989580e+01 1.299791e+02 5.925578e-02 -2.705335e-05 
1.556000e+02 -6.131668e-03 6.173005e-02 1.325364e+00 1.157959e+04 1.338782e+04 9.859027e+02 15000 12000 -1.592483e-04     0 3.875673e-02 5.992846e+01 1.299791e+02 5.925316e-02 -2.808258e-05 
1.557000e+02 -6.110127e-03 6.179885e-02 1.325286e+00 1.158275e+04 1.340043e+04 9.859354e+02 15000 12000 -1.553585e-04     0 3.876042e-02 5.996097e+01 1.299791e+02 5.925052e-02 -2.914968e-05 
1.558000e+02 -6.089501e-03 6.186731e-02 1.325209e+00 1.158590e+04 1.341304e+04 9.859690e+02 15000 12000 -1.508213e-04     0 3.876414e-02 5.999333e+01 1.299791e+02 5.924786e-02 -3.020899e-05 
1.559000e+02 -6.069919e-03 6.193544e-02 1.325132e+00 1.158906e+04 1.342565e+04 9.860035e+02 15000 12000 -1.461928e-04     0 3.876789e-02 6.002553e+01 1.299791e+02 5.924518e-02 -3.128547e-05 
  156 -6.051441e-03 6.200323e-02 1.325056e+00 1.159222e+04 1.343826e+04 9.860390e+02 15000 12000 -1.416915e-04     0 3.877167e-02 6.005758e+01 1.299791e+02 5.924248e-02 -3.241954e-05 
1.561000e+02 -6.034059e-03 6.207066e-02 1.324981e+00 1.159538e+04 1.345086e+04 9.860753e+02 15000 12000 -1.373798e-04     0 3.877548e-02 6.008947e+01 1.299791e+02 5.923976e-02 -3.363957e-05 
1.562000e+02 -6.017727e-03 6.213775e-02 1.324907e+00 1.159854e+04 1.346347e+04 9.861126e+02 15000 12000 -1.333154e-04     0 3.877932e-02 6.012121e+01 1.299790e+02 5.923701e-02 -3.495195e-05 
1.563000e+02 -6.002383e-03 6.220448e-02 1.324834e+00 1.160171e+04 1.347608e+04 9.861507e+02 15000 12000 -1.294911e-04     0 3.878319e-02 6.015278e+01 1.299790e+02 5.923425e-02 -3.633986e-05 
1.564000e+02 -5.987963e-03 6.227086e-02 1.324762e+00 1.160487e+04 1.348869e+04 9.861898e+02 15000 12000 -1.258944e-04     0 3.878710e-02 6.018419e+01 1.299790e+02 5.923147e-02 -3.776932e-05 
1.565000e+02 -5.974407e-03 6.233687e-02 1.324690e+00 1.160803e+04 1.350129e+04 9.862298e+02 15000 12000 -1.225117e-04     0 3.879103e-02 6.021543e+01 1.299790e+02 5.922866e-02 -3.919782e-05 
1.566000e+02 -5.961805e-03 6.240251e-02 1.324618e+00 1.161120e+04 1.351390e+04 9.862706e+02 15000 12000 -1.158213e-04     0 3.879498e-02 6.024651e+01 1.299790e+02 5.922584e-02 -4.063432e-05 
1.567000e+02 -5.950425e-03 6.246779e-02 1.324548e+00 1.161437e+04 1.352650e+04 9.863124e+02 15000 12000 -1.115969e-04     0 3.879897e-02 6.027742e+01 1.299789e+02 5.922300e-02 -4.221310e-05 
1.568000e+02 -5.940109e-03 6.253268e-02 1.324478e+00 1.161753e+04 1.353911e+04 9.863550e+02 15000 12000 -1.084520e-04     0 3.880299e-02 6.030815e+01 1.299789e+02 5.922013e-02 -4.394435e-05 
1.569000e+02 -5.930621e-03 6.259720e-02 1.324408e+00 1.162070e+04 1.355172e+04 9.863985e+02 15000 12000 -1.058384e-04     0 3.880703e-02 6.033872e+01 1.299789e+02 5.921725e-02 -4.573837e-05 
  157 -5.921799e-03 6.266134e-02 1.324339e+00 1.162387e+04 1.356432e+04 9.864429e+02 15000 12000 -1.035255e-04     0 3.881110e-02 6.036911e+01 1.299789e+02 5.921435e-02 -4.747433e-05 
1.571000e+02 -5.913814e-03 6.272509e-02 1.324270e+00 1.162704e+04 1.357693e+04 9.864881e+02 15000 12000 -9.461844e-05     0 3.881520e-02 6.039932e+01 1.299788e+02 5.921143e-02 -4.914270e-05 
1.572000e+02 -5.907222e-03 6.278845e-02 1.324201e+00 1.163021e+04 1.358953e+04 9.865343e+02 15000 12000 -9.026968e-05     0 3.881933e-02 6.042936e+01 1.299788e+02 5.920850e-02 -5.099780e-05 
1.573000e+02 -5.901777e-03 6.285142e-02 1.324133e+00 1.163338e+04 1.360214e+04 9.865812e+02 15000 12000 -8.779349e-05     0 3.882348e-02 6.045922e+01 1.299788e+02 5.920554e-02 -5.307501e-05 
1.574000e+02 -5.897091e-03 6.291399e-02 1.324066e+00 1.163656e+04 1.361474e+04 9.866291e+02 15000 12000 -8.613866e-05     0 3.882766e-02 6.048889e+01 1.299788e+02 5.920257e-02 -5.523212e-05 
1.575000e+02 -5.892907e-03 6.297615e-02 1.323998e+00 1.163973e+04 1.362735e+04 9.866777e+02 15000 12000 -8.487136e-05     0 3.883187e-02 6.051838e+01 1.299787e+02 5.919958e-02 -5.727461e-05 
1.576000e+02 -5.889472e-03 6.303792e-02 1.323930e+00 1.164290e+04 1.363995e+04 9.867272e+02 15000 12000 -7.393268e-05     0 3.883610e-02 6.054769e+01 1.299787e+02 5.919657e-02 -5.917529e-05 
1.577000e+02 -5.887606e-03 6.309927e-02 1.323863e+00 1.164608e+04 1.365255e+04 9.867776e+02 15000 12000 -6.951977e-05     0 3.884035e-02 6.057681e+01 1.299786e+02 5.919354e-02 -6.130082e-05 
1.578000e+02 -5.886984e-03 6.316021e-02 1.323796e+00 1.164925e+04 1.366516e+04 9.868288e+02 15000 12000 -6.772816e-05     0 3.884464e-02 6.060574e+01 1.299786e+02 5.919050e-02 -6.371005e-05 
1.579000e+02 -5.887079e-03 6.322074e-02 1.323729e+00 1.165243e+04 1.367776e+04 9.868808e+02 15000 12000 -6.703507e-05     0 3.884894e-02 6.063448e+01 1.299786e+02 5.918744e-02 -6.621143e-05 
  158 -5.887540e-03 6.328085e-02 1.323662e+00 1.165561e+04 1.369037e+04 9.869337e+02 15000 12000 -6.681617e-05     0 3.885327e-02 6.066303e+01 1.299785e+02 5.918436e-02 -6.854124e-05 
1.581000e+02 -5.888688e-03 6.334053e-02 1.323595e+00 1.165879e+04 1.370297e+04 9.869873e+02 15000 12000 -5.405084e-05     0 3.885763e-02 6.069139e+01 1.299785e+02 5.918127e-02 -7.065562e-05 
1.582000e+02 -5.891592e-03 6.339979e-02 1.323527e+00 1.166197e+04 1.371557e+04 9.870418e+02 15000 12000 -4.965822e-05     0 3.886201e-02 6.071955e+01 1.299785e+02 5.917816e-02 -7.302628e-05 
1.583000e+02 -5.895857e-03 6.345861e-02 1.323460e+00 1.166515e+04 1.372817e+04 9.870971e+02 15000 12000 -4.859383e-05     0 3.886641e-02 6.074752e+01 1.299784e+02 5.917503e-02 -7.573392e-05 
1.584000e+02 -5.900816e-03 6.351701e-02 1.323392e+00 1.166833e+04 1.374078e+04 9.871532e+02 15000 12000 -4.889315e-05     0 3.887084e-02 6.077528e+01 1.299784e+02 5.917189e-02 -7.854070e-05 
1.585000e+02 -5.906027e-03 6.357497e-02 1.323325e+00 1.167151e+04 1.375338e+04 9.872101e+02 15000 12000 -4.975237e-05     0 3.887529e-02 6.080285e+01 1.299783e+02 5.916873e-02 -8.111809e-05 
1.586000e+02 -5.911880e-03 6.363249e-02 1.323256e+00 1.167470e+04 1.376598e+04 9.872678e+02 15000 12000 -3.537218e-05     0 3.887976e-02 6.083022e+01 1.299783e+02 5.916556e-02 -8.340661e-05 
1.587000e+02 -5.919694e-03 6.368956e-02 1.323187e+00 1.167788e+04 1.377858e+04 9.873262e+02 15000 12000 -3.110229e-05     0 3.888425e-02 6.085738e+01 1.299782e+02 5.916237e-02 -8.597665e-05 
1.588000e+02 -5.929003e-03 6.374620e-02 1.323119e+00 1.168106e+04 1.379118e+04 9.873855e+02 15000 12000 -3.083026e-05     0 3.888877e-02 6.088434e+01 1.299782e+02 5.915917e-02 -8.892948e-05 
1.589000e+02 -5.938996e-03 6.380238e-02 1.323049e+00 1.168425e+04 1.380378e+04 9.874455e+02 15000 12000 -3.217597e-05     0 3.889330e-02 6.091109e+01 1.299781e+02 5.915596e-02 -9.198374e-05 
  159 -5.949133e-03 6.385811e-02 1.322980e+00 1.168744e+04 1.381639e+04 9.875063e+02 15000 12000 -3.416494e-05     0 3.889786e-02 6.093764e+01 1.299781e+02 5.915272e-02 -9.474989e-05 
1.591000e+02 -5.959875e-03 6.391338e-02 1.322909e+00 1.169062e+04 1.382899e+04 9.875678e+02 15000 12000 -1.836274e-05     0 3.890244e-02 6.096397e+01 1.299781e+02 5.914948e-02 -9.715419e-05 
1.592000e+02 -5.972802e-03 6.396819e-02 1.322838e+00 1.169381e+04 1.384159e+04 9.876301e+02 15000 12000 -1.432193e-05     0 3.890704e-02 6.099010e+01 1.299780e+02 5.914622e-02 -9.986102e-05 
1.593000e+02 -5.987369e-03 6.402255e-02 1.322766e+00 1.169700e+04 1.385419e+04 9.876932e+02 15000 12000 -1.491943e-05     0 3.891165e-02 6.101601e+01 1.299780e+02 5.914295e-02 -1.029914e-04 
1.594000e+02 -6.002610e-03 6.407644e-02 1.322694e+00 1.170019e+04 1.386679e+04 9.877570e+02 15000 12000 -1.737912e-05     0 3.891629e-02 6.104171e+01 1.299779e+02 5.913966e-02 -1.062224e-04 
1.595000e+02 -6.017881e-03 6.412986e-02 1.322621e+00 1.170338e+04 1.387939e+04 9.878215e+02 15000 12000 -2.056132e-05     0 3.892095e-02 6.106720e+01 1.299778e+02 5.913636e-02 -1.091066e-04 
1.596000e+02 -6.033713e-03 6.418281e-02 1.322547e+00 1.170658e+04 1.389199e+04 9.878868e+02 15000 12000 -3.471145e-06     0 3.892563e-02 6.109247e+01 1.299778e+02 5.913305e-02 -1.115573e-04 
1.597000e+02 -6.051972e-03 6.423529e-02 1.322472e+00 1.170977e+04 1.390459e+04 9.879528e+02 15000 12000 2.522817e-07     0 3.893032e-02 6.111752e+01 1.299777e+02 5.912973e-02 -1.143310e-04 
1.598000e+02 -6.072020e-03 6.428729e-02 1.322397e+00 1.171296e+04 1.391718e+04 9.880196e+02 15000 12000 -1.288347e-06     0 3.893503e-02 6.114236e+01 1.299777e+02 5.912639e-02 -1.175681e-04 
1.599000e+02 -6.092723e-03 6.433882e-02 1.322320e+00 1.171616e+04 1.392978e+04 9.880870e+02 15000 12000 -4.929643e-06     0 3.893977e-02 6.116697e+01 1.299776e+02 5.912304e-02 -1.209054e-04 
  160 -6.113313e-03 6.438986e-02 1.322243e+00 1.171935e+04 1.394238e+04 9.881552e+02 15000 12000 -9.367475e-06     0 3.894451e-02 6.119137e+01 1.299776e+02 5.911968e-02 -1.238381e-04 
1.601000e+02 -6.134406e-03 6.444042e-02 1.322164e+00 1.172255e+04 1.395498e+04 9.882240e+02 15000 12000 8.987655e-06     0 3.894928e-02 6.121554e+01 1.299775e+02 5.911631e-02 -1.262684e-04 
1.602000e+02 -6.158185e-03 6.449049e-02 1.322085e+00 1.172575e+04 1.396758e+04 9.882936e+02 15000 12000 1.235027e-05     0 3.895406e-02 6.123948e+01 1.299775e+02 5.911293e-02 -1.290470e-04 
1.603000e+02 -6.183907e-03 6.454007e-02 1.322004e+00 1.172895e+04 1.398018e+04 9.883638e+02 15000 12000 9.813499e-06     0 3.895886e-02 6.126320e+01 1.299774e+02 5.910953e-02 -1.323343e-04 
1.604000e+02 -6.210240e-03 6.458916e-02 1.321923e+00 1.173215e+04 1.399277e+04 9.884348e+02 15000 12000 4.935803e-06     0 3.896367e-02 6.128670e+01 1.299773e+02 5.910613e-02 -1.357254e-04 
1.605000e+02 -6.236282e-03 6.463776e-02 1.321840e+00 1.173535e+04 1.400537e+04 9.885064e+02 15000 12000 -8.080940e-07     0 3.896850e-02 6.130996e+01 1.299773e+02 5.910271e-02 -1.386566e-04 
1.606000e+02 -6.262747e-03 6.468586e-02 1.321756e+00 1.173855e+04 1.401797e+04 9.885787e+02 15000 12000 1.895844e-05     0 3.897334e-02 6.133300e+01 1.299772e+02 5.909929e-02 -1.410195e-04 
1.607000e+02 -6.292186e-03 6.473345e-02 1.321670e+00 1.174176e+04 1.403056e+04 9.886516e+02 15000 12000 2.198746e-05     0 3.897820e-02 6.135581e+01 1.299772e+02 5.909585e-02 -1.437676e-04 
1.608000e+02 -6.323733e-03 6.478055e-02 1.321584e+00 1.174496e+04 1.404316e+04 9.887252e+02 15000 12000 1.843418e-05     0 3.898308e-02 6.137839e+01 1.299771e+02 5.909240e-02 -1.470826e-04 
1.609000e+02 -6.355826e-03 6.482714e-02 1.321496e+00 1.174817e+04 1.405576e+04 9.887995e+02 15000 12000 1.228384e-05     0 3.898796e-02 6.140073e+01 1.299770e+02 5.908895e-02 -1.505133e-04 
  161 -6.387403e-03 6.487323e-02 1.321407e+00 1.175137e+04 1.406835e+04 9.888744e+02 15000 12000 5.197648e-06     0 3.899286e-02 6.142284e+01 1.299770e+02 5.908549e-02 -1.534307e-04 
1.611000e+02 -6.419303e-03 6.491880e-02 1.321316e+00 1.175458e+04 1.408095e+04 9.889500e+02 15000 12000 2.674888e-05     0 3.899778e-02 6.144472e+01 1.299769e+02 5.908201e-02 -1.557167e-04 
1.612000e+02 -6.454529e-03 6.496387e-02 1.321224e+00 1.175779e+04 1.409354e+04 9.890262e+02 15000 12000 2.956000e-05     0 3.900270e-02 6.146636e+01 1.299769e+02 5.907853e-02 -1.584429e-04 
1.613000e+02 -6.492060e-03 6.500842e-02 1.321131e+00 1.176100e+04 1.410614e+04 9.891030e+02 15000 12000 2.500329e-05     0 3.900764e-02 6.148777e+01 1.299768e+02 5.907504e-02 -1.618149e-04 
1.614000e+02 -6.530057e-03 6.505246e-02 1.321036e+00 1.176421e+04 1.411873e+04 9.891804e+02 15000 12000 1.755515e-05     0 3.901259e-02 6.150893e+01 1.299767e+02 5.907154e-02 -1.653264e-04 
1.615000e+02 -6.567271e-03 6.509598e-02 1.320940e+00 1.176742e+04 1.413133e+04 9.892585e+02 15000 12000 9.092758e-06     0 3.901756e-02 6.152986e+01 1.299767e+02 5.906804e-02 -1.682712e-04 
1.616000e+02 -6.604704e-03 6.513897e-02 1.320842e+00 1.177064e+04 1.414392e+04 9.893371e+02 15000 12000 3.308068e-05     0 3.902253e-02 6.155055e+01 1.299766e+02 5.906453e-02 -1.705199e-04 
1.617000e+02 -6.645923e-03 6.518145e-02 1.320742e+00 1.177385e+04 1.415651e+04 9.894164e+02 15000 12000 3.588413e-05     0 3.902751e-02 6.157099e+01 1.299765e+02 5.906101e-02 -1.732889e-04 
1.618000e+02 -6.689717e-03 6.522340e-02 1.320641e+00 1.177707e+04 1.416911e+04 9.894962e+02 15000 12000 3.035663e-05     0 3.903251e-02 6.159120e+01 1.299765e+02 5.905748e-02 -1.768111e-04 
1.619000e+02 -6.733903e-03 6.526483e-02 1.320539e+00 1.178028e+04 1.418170e+04 9.895767e+02 15000 12000 2.157345e-05     0 3.903751e-02 6.161116e+01 1.299764e+02 5.905394e-02 -1.805112e-04 
  162 -6.777002e-03 6.530573e-02 1.320435e+00 1.178350e+04 1.419429e+04 9.896577e+02 15000 12000 1.167571e-05     0 3.904253e-02 6.163088e+01 1.299763e+02 5.905040e-02 -1.835851e-04 
1.621000e+02 -6.820235e-03 6.534610e-02 1.320329e+00 1.178672e+04 1.420688e+04 9.897393e+02 15000 12000 3.908180e-05     0 3.904755e-02 6.165035e+01 1.299763e+02 5.904686e-02 -1.858906e-04 
1.622000e+02 -6.867893e-03 6.538593e-02 1.320221e+00 1.178994e+04 1.421948e+04 9.898215e+02 15000 12000 4.217857e-05     0 3.905258e-02 6.166958e+01 1.299762e+02 5.904330e-02 -1.888276e-04 
1.623000e+02 -6.918523e-03 6.542524e-02 1.320112e+00 1.179317e+04 1.423207e+04 9.899042e+02 15000 12000 3.570559e-05     0 3.905762e-02 6.168856e+01 1.299761e+02 5.903974e-02 -1.926626e-04 
1.624000e+02 -6.969503e-03 6.546401e-02 1.320002e+00 1.179639e+04 1.424466e+04 9.899875e+02 15000 12000 2.550118e-05     0 3.906267e-02 6.170729e+01 1.299761e+02 5.903618e-02 -1.967294e-04 
1.625000e+02 -7.019057e-03 6.550224e-02 1.319889e+00 1.179961e+04 1.425725e+04 9.900713e+02 15000 12000 1.404294e-05     0 3.906773e-02 6.172578e+01 1.299760e+02 5.903261e-02 -2.000969e-04 
1.626000e+02 -7.068700e-03 6.553993e-02 1.319774e+00 1.180284e+04 1.426984e+04 9.901557e+02 15000 12000 4.624505e-05     0 3.907279e-02 6.174401e+01 1.299759e+02 5.902904e-02 -2.026059e-04 
1.627000e+02 -7.123685e-03 6.557709e-02 1.319658e+00 1.180607e+04 1.428243e+04 9.902406e+02 15000 12000 5.002205e-05     0 3.907786e-02 6.176200e+01 1.299759e+02 5.902546e-02 -2.058967e-04 
1.628000e+02 -7.182235e-03 6.561370e-02 1.319540e+00 1.180930e+04 1.429502e+04 9.903260e+02 15000 12000 4.258716e-05     0 3.908294e-02 6.177974e+01 1.299758e+02 5.902187e-02 -2.102783e-04 
1.629000e+02 -7.241148e-03 6.564977e-02 1.319421e+00 1.181253e+04 1.430761e+04 9.904119e+02 15000 12000 3.078007e-05     0 3.908802e-02 6.179722e+01 1.299757e+02 5.901828e-02 -2.149634e-04 
  163 -7.298257e-03 6.568530e-02 1.319299e+00 1.181576e+04 1.432020e+04 9.904984e+02 15000 12000 1.752035e-05     0 3.909311e-02 6.181445e+01 1.299757e+02 5.901469e-02 -2.188515e-04 
1.631000e+02 -7.355478e-03 6.572027e-02 1.319174e+00 1.181900e+04 1.433279e+04 9.905854e+02 15000 12000 5.640854e-05     0 3.909820e-02 6.183143e+01 1.299756e+02 5.901110e-02 -2.217611e-04 
1.632000e+02 -7.419354e-03 6.575470e-02 1.319048e+00 1.182223e+04 1.434537e+04 9.906728e+02 15000 12000 6.134645e-05     0 3.910330e-02 6.184816e+01 1.299755e+02 5.900750e-02 -2.256540e-04 
1.633000e+02 -7.487675e-03 6.578858e-02 1.318921e+00 1.182547e+04 1.435796e+04 9.907608e+02 15000 12000 5.285553e-05     0 3.910840e-02 6.186463e+01 1.299754e+02 5.900390e-02 -2.308950e-04 
1.634000e+02 -7.556449e-03 6.582192e-02 1.318792e+00 1.182871e+04 1.437055e+04 9.908492e+02 15000 12000 3.911592e-05     0 3.911351e-02 6.188084e+01 1.299754e+02 5.900029e-02 -2.365328e-04 
1.635000e+02 -7.622985e-03 6.585470e-02 1.318660e+00 1.183195e+04 1.438314e+04 9.909381e+02 15000 12000 2.363994e-05     0 3.911862e-02 6.189680e+01 1.299753e+02 5.899669e-02 -2.412384e-04 
1.636000e+02 -7.689746e-03 6.588692e-02 1.318525e+00 1.183519e+04 1.439572e+04 9.910275e+02 15000 12000 7.183396e-05     0 3.912373e-02 6.191251e+01 1.299752e+02 5.899308e-02 -2.448013e-04 
1.637000e+02 -7.765051e-03 6.591859e-02 1.318388e+00 1.183844e+04 1.440831e+04 9.911173e+02 15000 12000 7.854539e-05     0 3.912884e-02 6.192796e+01 1.299752e+02 5.898947e-02 -2.496208e-04 
1.638000e+02 -7.846084e-03 6.594971e-02 1.318251e+00 1.184168e+04 1.442089e+04 9.912076e+02 15000 12000 6.879181e-05     0 3.913396e-02 6.194315e+01 1.299751e+02 5.898586e-02 -2.561369e-04 
1.639000e+02 -7.927766e-03 6.598027e-02 1.318111e+00 1.184493e+04 1.443348e+04 9.912983e+02 15000 12000 5.257766e-05     0 3.913907e-02 6.195808e+01 1.299750e+02 5.898224e-02 -2.631737e-04 
  164 -8.006679e-03 6.601027e-02 1.317968e+00 1.184818e+04 1.444606e+04 9.913895e+02 15000 12000 3.422411e-05     0 3.914419e-02 6.197275e+01 1.299750e+02 5.897863e-02 -2.690895e-04 
1.641000e+02 -8.086059e-03 6.603971e-02 1.317821e+00 1.185143e+04 1.445865e+04 9.914811e+02 15000 12000 9.548122e-05     0 3.914930e-02 6.198716e+01 1.299749e+02 5.897502e-02 -2.736367e-04 
1.642000e+02 -8.176710e-03 6.606859e-02 1.317673e+00 1.185468e+04 1.447123e+04 9.915732e+02 15000 12000 1.048035e-04     0 3.915441e-02 6.200132e+01 1.299748e+02 5.897140e-02 -2.798218e-04 
1.643000e+02 -8.274962e-03 6.609692e-02 1.317523e+00 1.185794e+04 1.448381e+04 9.916656e+02 15000 12000 9.343190e-05     0 3.915953e-02 6.201521e+01 1.299747e+02 5.896779e-02 -2.881888e-04 
1.644000e+02 -8.374206e-03 6.612468e-02 1.317371e+00 1.186119e+04 1.449640e+04 9.917585e+02 15000 12000 7.390029e-05     0 3.916464e-02 6.202885e+01 1.299747e+02 5.896417e-02 -2.972483e-04 
1.645000e+02 -8.469988e-03 6.615188e-02 1.317216e+00 1.186445e+04 1.450898e+04 9.918518e+02 15000 12000 5.165512e-05     0 3.916975e-02 6.204222e+01 1.299746e+02 5.896056e-02 -3.049225e-04 
1.646000e+02 -8.566671e-03 6.617850e-02 1.317056e+00 1.186771e+04 1.452156e+04 9.919454e+02 15000 12000 1.316368e-04     0 3.917484e-02 6.205533e+01 1.299745e+02 5.895695e-02 -3.109176e-04 
1.647000e+02 -8.678640e-03 6.620457e-02 1.316894e+00 1.187097e+04 1.453414e+04 9.920395e+02 15000 12000 1.448228e-04     0 3.917994e-02 6.206818e+01 1.299745e+02 5.895334e-02 -3.191052e-04 
1.648000e+02 -8.800987e-03 6.623008e-02 1.316730e+00 1.187424e+04 1.454672e+04 9.921339e+02 15000 12000 1.312825e-04     0 3.918504e-02 6.208076e+01 1.299744e+02 5.894973e-02 -3.301761e-04 
1.649000e+02 -8.924879e-03 6.625503e-02 1.316565e+00 1.187751e+04 1.455930e+04 9.922287e+02 15000 12000 1.071454e-04     0 3.919013e-02 6.209309e+01 1.299743e+02 5.894613e-02 -3.421923e-04 
  165 -9.044364e-03 6.627940e-02 1.316394e+00 1.188077e+04 1.457188e+04 9.923239e+02 15000 12000 7.946328e-05     0 3.919521e-02 6.210515e+01 1.299743e+02 5.894253e-02 -3.524508e-04 
1.651000e+02 -9.165506e-03 6.630319e-02 1.316219e+00 1.188405e+04 1.458446e+04 9.924194e+02 15000 12000 1.872241e-04     0 3.920027e-02 6.211694e+01 1.299742e+02 5.893893e-02 -3.606025e-04 
1.652000e+02 -9.308038e-03 6.632642e-02 1.316041e+00 1.188732e+04 1.459704e+04 9.925153e+02 15000 12000 2.063262e-04     0 3.920533e-02 6.212847e+01 1.299741e+02 5.893534e-02 -3.717963e-04 
1.653000e+02 -9.465191e-03 6.634910e-02 1.315862e+00 1.189059e+04 1.460961e+04 9.926116e+02 15000 12000 1.897994e-04     0 3.921039e-02 6.213974e+01 1.299741e+02 5.893174e-02 -3.869374e-04 
1.654000e+02 -9.624796e-03 6.637122e-02 1.315680e+00 1.189387e+04 1.462219e+04 9.927081e+02 15000 12000 1.590622e-04     0 3.921543e-02 6.215075e+01 1.299740e+02 5.892815e-02 -4.034208e-04 
1.655000e+02 -9.778647e-03 6.639275e-02 1.315492e+00 1.189715e+04 1.463477e+04 9.928050e+02 15000 12000 1.235368e-04     0 3.922046e-02 6.216149e+01 1.299739e+02 5.892457e-02 -4.176130e-04 
1.656000e+02 -9.935517e-03 6.641369e-02 1.315297e+00 1.190043e+04 1.464734e+04 9.929022e+02 15000 12000 2.746063e-04     0 3.922546e-02 6.217196e+01 1.299739e+02 5.892101e-02 -4.291058e-04 
1.657000e+02 -1.012352e-02 6.643407e-02 1.315100e+00 1.190372e+04 1.465992e+04 9.929998e+02 15000 12000 3.032947e-04     0 3.923045e-02 6.218217e+01 1.299738e+02 5.891743e-02 -4.450287e-04 
1.658000e+02 -1.033295e-02 6.645391e-02 1.314902e+00 1.190701e+04 1.467249e+04 9.930976e+02 15000 12000 2.825756e-04     0 3.923544e-02 6.219212e+01 1.299737e+02 5.891387e-02 -4.666144e-04 
1.659000e+02 -1.054639e-02 6.647320e-02 1.314701e+00 1.191030e+04 1.468507e+04 9.931958e+02 15000 12000 2.420244e-04     0 3.924041e-02 6.220179e+01 1.299737e+02 5.891031e-02 -4.902141e-04 
  166 -1.075209e-02 6.649188e-02 1.314492e+00 1.191359e+04 1.469764e+04 9.932942e+02 15000 12000 1.947335e-04     0 3.924534e-02 6.221121e+01 1.299736e+02 5.890677e-02 -5.107369e-04 
1.661000e+02 -1.096344e-02 6.650995e-02 1.314273e+00 1.191689e+04 1.471021e+04 9.933929e+02 15000 12000 4.181437e-04     0 3.925023e-02 6.222035e+01 1.299736e+02 5.890324e-02 -5.277363e-04 
1.662000e+02 -1.122257e-02 6.652749e-02 1.314053e+00 1.192018e+04 1.472278e+04 9.934919e+02 15000 12000 4.636270e-04     0 3.925512e-02 6.222924e+01 1.299735e+02 5.889970e-02 -5.516278e-04 
1.663000e+02 -1.151484e-02 6.654451e-02 1.313832e+00 1.192349e+04 1.473535e+04 9.935911e+02 15000 12000 4.369224e-04     0 3.926000e-02 6.223785e+01 1.299734e+02 5.889617e-02 -5.841781e-04 
1.664000e+02 -1.181401e-02 6.656098e-02 1.313607e+00 1.192679e+04 1.474792e+04 9.936906e+02 15000 12000 3.810347e-04     0 3.926484e-02 6.224620e+01 1.299734e+02 5.889265e-02 -6.199880e-04 
1.665000e+02 -1.210235e-02 6.657682e-02 1.313372e+00 1.193010e+04 1.476049e+04 9.937904e+02 15000 12000 3.151225e-04     0 3.926962e-02 6.225428e+01 1.299733e+02 5.888916e-02 -6.515175e-04 
1.666000e+02 -1.240203e-02 6.659204e-02 1.313124e+00 1.193341e+04 1.477306e+04 9.938904e+02 15000 12000 6.717403e-04     0 3.927434e-02 6.226210e+01 1.299733e+02 5.888568e-02 -6.784001e-04 
1.667000e+02 -1.278082e-02 6.660675e-02 1.312875e+00 1.193672e+04 1.478563e+04 9.939906e+02 15000 12000 7.499582e-04     0 3.927905e-02 6.226965e+01 1.299732e+02 5.888219e-02 -7.170616e-04 
1.668000e+02 -1.321497e-02 6.662101e-02 1.312627e+00 1.194004e+04 1.479819e+04 9.940911e+02 15000 12000 7.146064e-04     0 3.928376e-02 6.227694e+01 1.299732e+02 5.887869e-02 -7.702268e-04 
1.669000e+02 -1.366199e-02 6.663474e-02 1.312374e+00 1.194336e+04 1.481076e+04 9.941918e+02 15000 12000 6.329627e-04     0 3.928841e-02 6.228396e+01 1.299731e+02 5.887521e-02 -8.292594e-04 
  167 -1.409314e-02 6.664781e-02 1.312107e+00 1.194668e+04 1.482333e+04 9.942927e+02 15000 12000 5.351898e-04     0 3.929294e-02 6.229071e+01 1.299731e+02 5.887177e-02 -8.820754e-04 
1.671000e+02 -1.454982e-02 6.666022e-02 1.311821e+00 1.195001e+04 1.483589e+04 9.943938e+02 15000 12000 1.175848e-03     0 3.929738e-02 6.229720e+01 1.299730e+02 5.886836e-02 -9.289345e-04 
1.672000e+02 -1.515388e-02 6.667223e-02 1.311538e+00 1.195334e+04 1.484845e+04 9.944950e+02 15000 12000 1.328591e-03     0 3.930181e-02 6.230342e+01 1.299730e+02 5.886486e-02 -9.990176e-04 
1.673000e+02 -1.586221e-02 6.668396e-02 1.311261e+00 1.195668e+04 1.486101e+04 9.945965e+02 15000 12000 1.281052e-03     0 3.930627e-02 6.230938e+01 1.299729e+02 5.886132e-02 -1.097053e-03 
1.674000e+02 -1.659777e-02 6.669525e-02 1.310979e+00 1.196002e+04 1.487357e+04 9.946982e+02 15000 12000 1.151059e-03     0 3.931062e-02 6.231508e+01 1.299729e+02 5.885780e-02 -1.207470e-03 
1.675000e+02 -1.730851e-02 6.670583e-02 1.310674e+00 1.196337e+04 1.488613e+04 9.948000e+02 15000 12000 9.917789e-04     0 3.931477e-02 6.232050e+01 1.299729e+02 5.885436e-02 -1.308395e-03 
1.676000e+02 -1.809050e-02 6.671567e-02 1.310343e+00 1.196672e+04 1.489869e+04 9.949019e+02 15000 12000 2.409475e-03     0 3.931871e-02 6.232567e+01 1.299728e+02 5.885090e-02 -1.403682e-03 
1.677000e+02 -1.921046e-02 6.672560e-02 1.310030e+00 1.197007e+04 1.491125e+04 9.950040e+02 15000 12000 2.781832e-03     0 3.932275e-02 6.233057e+01 1.299728e+02 5.884708e-02 -1.557486e-03 
1.678000e+02 -2.057293e-02 6.673597e-02 1.309744e+00 1.197343e+04 1.492380e+04 9.951062e+02 15000 12000 2.721903e-03     0 3.932697e-02 6.233521e+01 1.299728e+02 5.884298e-02 -1.780033e-03 
1.679000e+02 -2.200731e-02 6.674639e-02 1.309459e+00 1.197679e+04 1.493636e+04 9.952086e+02 15000 12000 2.481765e-03     0 3.933109e-02 6.233958e+01 1.299728e+02 5.883879e-02 -2.036701e-03 
  168 -2.339838e-02 6.675604e-02 1.309134e+00 1.198016e+04 1.494891e+04 9.953110e+02 15000 12000 2.175900e-03     0 3.933481e-02 6.234370e+01 1.299728e+02 5.883475e-02 -2.278426e-03 
1.681000e+02 -2.511906e-02 6.676520e-02 1.308781e+00 1.198354e+04 1.496146e+04 9.954136e+02 15000 12000 7.285326e-03     0 3.933805e-02 6.234755e+01 1.299728e+02 5.883002e-02 -2.540964e-03 
1.682000e+02 -2.809898e-02 6.677855e-02 1.308559e+00 1.198693e+04 1.497401e+04 9.955162e+02 15000 12000 8.792933e-03     0 3.934258e-02 6.235115e+01 1.299728e+02 5.882217e-02 -3.058108e-03 
1.683000e+02 -3.200104e-02 6.679897e-02 1.308507e+00 1.199032e+04 1.498655e+04 9.956188e+02 15000 12000 8.797184e-03     0 3.934937e-02 6.235449e+01 1.299728e+02 5.881105e-02 -3.867989e-03 
1.684000e+02 -3.621680e-02 6.682539e-02 1.308529e+00 1.199372e+04 1.499910e+04 9.957214e+02 15000 12000 8.164275e-03     0 3.935786e-02 6.235758e+01 1.299729e+02 5.879756e-02 -4.845445e-03 
1.685000e+02 -4.033548e-02 6.685327e-02 1.308468e+00 1.199713e+04 1.501164e+04 9.958239e+02 15000 12000 7.290450e-03     0 3.936706e-02 6.236042e+01 1.299730e+02 5.878349e-02 -5.809208e-03 
1.686000e+02 -4.990826e-02 6.690911e-02 1.308864e+00 1.200054e+04 1.502418e+04 9.959263e+02 15000 12000 7.855785e-02     0 3.937742e-02 6.236302e+01 1.299731e+02 5.873190e-02 -7.656141e-03 
1.687000e+02 -7.756044e-02 6.718433e-02 1.312103e+00 1.200398e+04 1.503671e+04 9.960284e+02 15000 12000 1.000000e-01     0 3.943476e-02 6.236540e+01 1.299734e+02 5.847897e-02 -1.375958e-02 
1.688000e+02 -1.178737e-01 6.797862e-02 1.318681e+00 1.200743e+04 1.504924e+04 9.961291e+02 15000 12000 1.000000e-01     0 3.963153e-02 6.236764e+01 1.299739e+02 5.783847e-02 -2.456736e-02 
1.689000e+02 -1.624860e-01 6.948972e-02 1.327125e+00 1.201091e+04 1.506177e+04 9.962266e+02 15000 12000 9.912454e-02     0 4.021019e-02 6.236989e+01 1.299745e+02 5.675785e-02 -3.822152e-02 
  169 -2.073165e-01 7.164576e-02 1.335359e+00 1.201442e+04 1.507428e+04 9.963178e+02 1.478998e+04 9.377079e+03 9.019943e-02     0 4.142510e-02 6.237254e+01 1.299750e+02 5.535817e-02 -5.243062e-02 
1.691000e+02 -2.365738e-01 8.278875e-02 1.337503e+00 1.201798e+04 1.508678e+04 9.963946e+02 1.478998e+04 9.377079e+03 -8.465350e-02     0 -1.108016e-01 5.659387e+01 1.299588e+02 6.482961e-02 -6.252753e-02 
1.692000e+02 -2.236426e-01 1.144169e-01 1.323475e+00 1.202158e+04 1.509926e+04 9.964688e+02 1.478998e+04 9.377079e+03 -1.000000e-01     0 -6.518110e-02 5.122331e+01 1.298619e+02 9.641830e-02 -5.892782e-02 
1.693000e+02 -1.901657e-01 1.424431e-01 1.298716e+00 1.202524e+04 1.511171e+04 9.966129e+02 1.478998e+04 9.377079e+03 -1.000000e-01     0 -1.494668e-02 4.621544e+01 1.296504e+02 1.214194e-01 -4.042359e-02 
1.694000e+02 -1.527813e-01 1.529603e-01 1.269537e+00 1.202896e+04 1.512411e+04 9.968833e+02 1.478998e+04 9.377079e+03 -1.000000e-01     0 -1.167030e-02 4.152895e+01 1.293509e+02 1.263533e-01 -1.228453e-02 
1.695000e+02 -1.172792e-01 1.518160e-01 1.239109e+00 1.203274e+04 1.513646e+04 9.972864e+02 1.485990e+04 9.362025e+03 -1.000000e-01     0 -1.759694e-02 3.713005e+01 1.289972e+02 1.188818e-01 1.896740e-02 
1.696000e+02 -8.421139e-02 1.474586e-01 1.210587e+00 1.203656e+04 1.514875e+04 9.978014e+02 1.485990e+04 9.362025e+03 -1.000000e-01     0 -1.063053e-02 3.299359e+01 1.286044e+02 1.080493e-01 4.814900e-02 
1.697000e+02 -5.190838e-02 1.428841e-01 1.187162e+00 1.204041e+04 1.516098e+04 9.984030e+02 1.485990e+04 9.362025e+03 -1.000000e-01     0 1.101875e-02 2.909417e+01 1.281770e+02 9.684406e-02 7.187475e-02 
1.698000e+02 -1.858773e-02 1.369781e-01 1.171005e+00 1.204428e+04 1.517316e+04 9.990674e+02 1.485990e+04 9.362025e+03 -1.000000e-01     0 3.366828e-02 2.541036e+01 1.277217e+02 8.447378e-02 8.834046e-02 
1.699000e+02 2.045090e-02 1.288619e-01 1.162754e+00 1.204818e+04 1.518528e+04 9.997688e+02 1.485990e+04 9.362025e+03 -1.000000e-01     0 5.013172e-02 2.192451e+01 1.272516e+02 7.085475e-02 9.710150e-02 
  170 6.136896e-02 1.191492e-01 1.161785e+00 1.205209e+04 1.519734e+04 1.000479e+03 1.492948e+04 9.347044e+03 -1.000000e-01     0 6.338840e-02    20 1.267826e+02 5.736645e-02 9.884791e-02 
1.701000e+02 1.071810e-01 1.088679e-01 1.166724e+00 1.205599e+04 1.520936e+04 1.001169e+03 1.492948e+04 9.347044e+03 -1.000000e-01     0 6.940931e-02    20 1.263416e+02 4.556892e-02 9.508124e-02 
1.702000e+02 1.570155e-01 9.931619e-02 1.175914e+00 1.205988e+04 1.522134e+04 1.001814e+03 1.492948e+04 9.347044e+03 -1.000000e-01     0 7.529423e-02    20 1.259370e+02 3.690291e-02 8.778619e-02 
1.703000e+02 2.098928e-01 9.077857e-02 1.187632e+00 1.206375e+04 1.523329e+04 1.002397e+03 1.492948e+04 9.347044e+03 -9.505593e-02     0 7.722910e-02    20 1.255683e+02 3.138522e-02 7.904015e-02 
1.704000e+02 2.630584e-01 8.322809e-02 1.200588e+00 1.206759e+04 1.524522e+04 1.002903e+03 1.492948e+04 9.347044e+03 -8.238086e-02     0 7.974572e-02    20 1.252330e+02 2.870642e-02 7.036363e-02 
1.705000e+02 3.130973e-01 7.608513e-02 1.214025e+00 1.207138e+04 1.525713e+04 1.003325e+03 1.499841e+04 9.332203e+03 -6.977677e-02     0 8.224630e-02    20 1.249277e+02 2.791617e-02 6.246301e-02 
1.706000e+02 3.583094e-01 6.871060e-02 1.227427e+00 1.207511e+04 1.526904e+04 1.003657e+03 1.499841e+04 9.332203e+03 -5.785444e-02     0 8.098399e-02    20 1.246505e+02 2.801305e-02 5.560574e-02 
1.707000e+02 3.980913e-01 6.115654e-02 1.240667e+00 1.207877e+04 1.528094e+04 1.003896e+03 1.499841e+04 9.332203e+03 -4.699005e-02     0 7.780197e-02    20 1.244005e+02 2.875625e-02 4.980520e-02 
1.708000e+02 4.324608e-01 5.369053e-02 1.253837e+00 1.208234e+04 1.529284e+04 1.004038e+03 1.499841e+04 9.332203e+03 -3.735176e-02     0 7.422289e-02    20 1.241767e+02 3.014508e-02 4.495334e-02 
1.709000e+02 4.617708e-01 4.643534e-02 1.267052e+00 1.208583e+04 1.530475e+04 1.004081e+03 1.499841e+04 9.332203e+03 -2.896435e-02     0 7.049347e-02    20 1.239781e+02 3.207627e-02 4.088975e-02 
  171 4.865355e-01 3.939908e-02 1.280397e+00 1.208923e+04 1.531666e+04 1.004025e+03 1.506663e+04 9.317513e+03 -2.176582e-02     0 6.641757e-02    20 1.238037e+02 3.439244e-02 3.744281e-02 
1.711000e+02 5.073254e-01 3.258669e-02 1.293952e+00 1.209252e+04 1.532859e+04 1.003871e+03 1.506663e+04 9.317513e+03 -1.564807e-02     0 6.193169e-02    20 1.236525e+02 3.698568e-02 3.445872e-02 
1.712000e+02 5.247019e-01 2.603551e-02 1.307787e+00 1.209569e+04 1.534053e+04 1.003619e+03 1.506663e+04 9.317513e+03 -1.048400e-02     0 5.713305e-02    20 1.235236e+02 3.980994e-02 3.181791e-02 
1.713000e+02 5.391807e-01 1.979727e-02 1.321952e+00 1.209875e+04 1.535248e+04 1.003270e+03 1.506663e+04 9.317513e+03 -6.144733e-03     0 5.213559e-02    20 1.234160e+02 4.284352e-02 2.943929e-02 
1.714000e+02 5.512152e-01 1.391912e-02 1.336470e+00 1.210169e+04 1.536446e+04 1.002828e+03 1.506663e+04 9.317513e+03 -2.509589e-03     0 4.700556e-02    20 1.233286e+02 4.606165e-02 2.727614e-02 
1.715000e+02 5.611920e-01 8.439210e-03 1.351336e+00 1.210450e+04 1.537645e+04 1.002295e+03 1.513399e+04 9.303010e+03 5.289728e-04     0 4.177952e-02    20 1.232602e+02 4.943181e-02 2.530804e-02 
1.716000e+02 5.694353e-01 3.388935e-03 1.366527e+00 1.210717e+04 1.538847e+04 1.001674e+03 1.513399e+04 9.303010e+03 3.063697e-03     0 3.649321e-02    20 1.232095e+02 5.291855e-02 2.353157e-02 
1.717000e+02 5.762137e-01 -1.206362e-03 1.382013e+00 1.210970e+04 1.540050e+04 1.000969e+03 1.513399e+04 9.303010e+03 5.172925e-03     0 3.118942e-02    20 1.231753e+02 5.648706e-02 2.195164e-02 
1.718000e+02 5.817500e-01 -5.329079e-03 1.397761e+00 1.211208e+04 1.541256e+04 1.000185e+03 1.513399e+04 9.303010e+03 6.922087e-03     0 2.591274e-02    20 1.231562e+02 6.010371e-02 2.057434e-02 
1.719000e+02 5.862298e-01 -8.971253e-03 1.413738e+00 1.211431e+04 1.542464e+04 9.993256e+02 1.513399e+04 9.303010e+03 8.365689e-03     0 2.070432e-02    20 1.231509e+02 6.373594e-02 1.940198e-02 
  172 5.898102e-01 -1.213523e-02 1.429916e+00 1.211638e+04 1.543675e+04 9.983954e+02 1.520026e+04 9.288740e+03 9.549355e-03     0 1.560064e-02    20 1.231579e+02 6.735253e-02 1.843028e-02 
1.721000e+02 5.926256e-01 -1.483309e-02 1.446273e+00 1.211829e+04 1.544887e+04 9.973992e+02 1.520026e+04 9.288740e+03 1.051169e-02     0 1.063414e-02    20 1.231760e+02 7.092434e-02 1.764758e-02 
1.722000e+02 5.947934e-01 -1.708529e-02 1.462794e+00 1.212004e+04 1.546102e+04 9.963421e+02 1.520026e+04 9.288740e+03 1.128585e-02     0 5.833559e-03    20 1.232038e+02 7.442477e-02 1.703561e-02 
1.723000e+02 5.964174e-01 -1.891894e-02 1.479465e+00 1.212161e+04 1.547319e+04 9.952289e+02 1.520026e+04 9.288740e+03 1.190070e-02     0 1.223771e-03    20 1.232402e+02 7.783006e-02 1.657124e-02 
1.724000e+02 5.975896e-01 -2.036582e-02 1.496280e+00 1.212301e+04 1.548538e+04 9.940645e+02 1.520026e+04 9.288740e+03 1.238168e-02     0 -3.174509e-03    20 1.232838e+02 8.111946e-02 1.622874e-02 
1.725000e+02 5.983922e-01 -2.146046e-02 1.513232e+00 1.212423e+04 1.549759e+04 9.928538e+02 1.526518e+04 9.274762e+03 1.275139e-02     0 -7.344773e-03    20 1.233336e+02 8.427519e-02 1.598208e-02 
1.726000e+02 5.988976e-01 -2.223831e-02 1.530315e+00 1.212526e+04 1.550982e+04 9.916017e+02 1.526518e+04 9.274762e+03 1.302986e-02     0 -1.127457e-02    20 1.233884e+02 8.728255e-02 1.580690e-02 
1.727000e+02 5.991693e-01 -2.273423e-02 1.547523e+00 1.212611e+04 1.552207e+04 9.903128e+02 1.526518e+04 9.274762e+03 1.323480e-02     0 -1.495526e-02    20 1.234473e+02 9.012986e-02 1.568195e-02 
1.728000e+02 5.992616e-01 -2.298139e-02 1.564850e+00 1.212676e+04 1.553433e+04 9.889915e+02 1.526518e+04 9.274762e+03 1.338164e-02     0 -1.838174e-02    20 1.235092e+02 9.280838e-02 1.558997e-02 
1.729000e+02 5.992200e-01 -2.301054e-02 1.582287e+00 1.212723e+04 1.554660e+04 9.876423e+02 1.526518e+04 9.274762e+03 1.348363e-02     0 -2.155211e-02    20 1.235733e+02 9.531218e-02 1.551796e-02 
  173 5.990821e-01 -2.284967e-02 1.599823e+00 1.212749e+04 1.555888e+04 9.862691e+02 1.532841e+04 9.261148e+03 1.355190e-02     0 -2.446735e-02    20 1.236388e+02 9.763793e-02 1.545696e-02 
1.731000e+02 5.988774e-01 -2.252398e-02 1.617446e+00 1.212756e+04 1.557117e+04 9.848758e+02 1.532841e+04 9.261148e+03 1.359560e-02     0 -2.713095e-02    20 1.237050e+02 9.978466e-02 1.540151e-02 
1.732000e+02 5.986290e-01 -2.205600e-02 1.635145e+00 1.212742e+04 1.558346e+04 9.834661e+02 1.532841e+04 9.261148e+03 1.362201e-02     0 -2.954855e-02    20 1.237713e+02 1.017535e-01 1.534885e-02 
1.733000e+02 5.983538e-01 -2.146593e-02 1.652905e+00 1.212708e+04 1.559575e+04 9.820433e+02 1.532841e+04 9.261148e+03 1.363681e-02     0 -3.172755e-02    20 1.238370e+02 1.035473e-01 1.529815e-02 
1.734000e+02 5.980641e-01 -2.077194e-02 1.670715e+00 1.212653e+04 1.560804e+04 9.806105e+02 1.532841e+04 9.261148e+03 1.364423e-02     0 -3.367680e-02    20 1.239016e+02 1.051705e-01 1.524971e-02 
1.735000e+02 5.977684e-01 -1.999053e-02 1.688562e+00 1.212577e+04 1.562033e+04 9.791705e+02 1.538960e+04 9.247973e+03 1.364737e-02     0 -3.540629e-02    20 1.239648e+02 1.066288e-01 1.520431e-02 
1.736000e+02 5.974721e-01 -1.913680e-02 1.706436e+00 1.212480e+04 1.563261e+04 9.777260e+02 1.538960e+04 9.247973e+03 1.364836e-02     0 -3.692683e-02    20 1.240261e+02 1.079287e-01 1.516277e-02 
1.737000e+02 5.971787e-01 -1.822465e-02 1.724326e+00 1.212362e+04 1.564487e+04 9.762794e+02 1.538960e+04 9.247973e+03 1.364866e-02     0 -3.824986e-02    20 1.240851e+02 1.090776e-01 1.512562e-02 
1.738000e+02 5.968904e-01 -1.726695e-02 1.742224e+00 1.212223e+04 1.565712e+04 9.748327e+02 1.538960e+04 9.247973e+03 1.364921e-02     0 -3.938719e-02    20 1.241417e+02 1.100834e-01 1.509301e-02 
1.739000e+02 5.966084e-01 -1.627560e-02 1.760122e+00 1.212063e+04 1.566935e+04 9.733879e+02 1.538960e+04 9.247973e+03 1.365058e-02     0 -4.035085e-02    20 1.241956e+02 1.109542e-01 1.506463e-02 
  174 5.963332e-01 -1.526158e-02 1.778014e+00 1.211881e+04 1.568155e+04 9.719466e+02 1.544838e+04 9.235318e+03 1.365314e-02     0 -4.115293e-02    20 1.242466e+02 1.116986e-01 1.503987e-02 
1.741000e+02 5.960653e-01 -1.423492e-02 1.795894e+00 1.211677e+04 1.569372e+04 9.705103e+02 1.544838e+04 9.235318e+03 1.365708e-02     0 -4.180543e-02    20 1.242945e+02 1.123251e-01 1.501787e-02 
1.742000e+02 5.958048e-01 -1.320469e-02 1.813758e+00 1.211453e+04 1.570587e+04 9.690804e+02 1.544838e+04 9.235318e+03 1.366252e-02     0 -4.232022e-02    20 1.243394e+02 1.128421e-01 1.499772e-02 
1.743000e+02 5.955517e-01 -1.217903e-02 1.831602e+00 1.211206e+04 1.571797e+04 9.676579e+02 1.544838e+04 9.235318e+03 1.366953e-02     0 -4.270888e-02    20 1.243810e+02 1.132581e-01 1.497852e-02 
1.744000e+02 5.953060e-01 -1.116507e-02 1.849422e+00 1.210939e+04 1.573004e+04 9.662437e+02 1.544838e+04 9.235318e+03 1.367814e-02     0 -4.298266e-02    20 1.244194e+02 1.135813e-01 1.495953e-02 
1.745000e+02 5.950675e-01 -1.016904e-02 1.867216e+00 1.210650e+04 1.574206e+04 9.648386e+02 1.550440e+04 9.223255e+03 1.368831e-02     0 -4.315242e-02    20 1.244546e+02 1.138198e-01 1.494021e-02 
1.746000e+02 5.948356e-01 -9.196204e-03 1.884981e+00 1.210339e+04 1.575403e+04 9.634433e+02 1.550440e+04 9.223255e+03 1.369999e-02     0 -4.322861e-02    20 1.244865e+02 1.139815e-01 1.492022e-02 
1.747000e+02 5.946099e-01 -8.251006e-03 1.902714e+00 1.210008e+04 1.576595e+04 9.620582e+02 1.550440e+04 9.223255e+03 1.371310e-02     0 -4.322117e-02    20 1.245153e+02 1.140737e-01 1.489944e-02 
1.748000e+02 5.943896e-01 -7.337077e-03 1.920415e+00 1.209655e+04 1.577782e+04 9.606836e+02 1.550440e+04 9.223255e+03 1.372750e-02     0 -4.313957e-02    20 1.245409e+02 1.141037e-01 1.487791e-02 
1.749000e+02 5.941740e-01 -6.457331e-03 1.938080e+00 1.209281e+04 1.578962e+04 9.593199e+02 1.550440e+04 9.223255e+03 1.374301e-02     0 -4.299273e-02    20 1.245634e+02 1.140784e-01 1.485580e-02 
  175 5.939621e-01 -5.614038e-03 1.955710e+00 1.208886e+04 1.580136e+04 9.579671e+02 1.555737e+04 9.211848e+03 1.375946e-02     0 -4.278905e-02    20 1.245830e+02 1.140042e-01 1.483338e-02 
1.751000e+02 5.937531e-01 -4.808905e-03 1.973303e+00 1.208471e+04 1.581303e+04 9.566254e+02 1.555737e+04 9.211848e+03 1.377662e-02     0 -4.253641e-02    20 1.245998e+02 1.138872e-01 1.481094e-02 
1.752000e+02 5.935460e-01 -4.043142e-03 1.990857e+00 1.208035e+04 1.582462e+04 9.552946e+02 1.555737e+04 9.211848e+03 1.379427e-02     0 -4.224211e-02    20 1.246138e+02 1.137332e-01 1.478876e-02 
1.753000e+02 5.933399e-01 -3.317534e-03 2.008373e+00 1.207578e+04 1.583614e+04 9.539746e+02 1.555737e+04 9.211848e+03 1.381219e-02     0 -4.191296e-02    20 1.246251e+02 1.135475e-01 1.476709e-02 
1.754000e+02 5.931340e-01 -2.632490e-03 2.025851e+00 1.207101e+04 1.584758e+04 9.526654e+02 1.555737e+04 9.211848e+03 1.383016e-02     0 -4.155521e-02    20 1.246339e+02 1.133350e-01 1.474614e-02 
1.755000e+02 5.929275e-01 -1.988096e-03 2.043290e+00 1.206604e+04 1.585894e+04 9.513666e+02 1.560706e+04 9.201150e+03 1.384798e-02     0 -4.117462e-02    20 1.246404e+02 1.131004e-01 1.472606e-02 
1.756000e+02 5.927200e-01 -1.384158e-03 2.060691e+00 1.206087e+04 1.587020e+04 9.500780e+02 1.560706e+04 9.201150e+03 1.386548e-02     0 -4.077646e-02    20 1.246446e+02 1.128480e-01 1.470695e-02 
1.757000e+02 5.925108e-01 -8.202304e-04 2.078054e+00 1.205551e+04 1.588138e+04 9.487993e+02 1.560706e+04 9.201150e+03 1.388250e-02     0 -4.036550e-02    20 1.246467e+02 1.125814e-01 1.468884e-02 
1.758000e+02 5.922996e-01 -2.956533e-04 2.095380e+00 1.204994e+04 1.589246e+04 9.475300e+02 1.560706e+04 9.201150e+03 1.389893e-02     0 -3.994609e-02    20 1.246467e+02 1.123044e-01 1.467176e-02 
1.759000e+02 5.920860e-01 1.904252e-04 2.112670e+00 1.204419e+04 1.590345e+04 9.462699e+02 1.560706e+04 9.201150e+03 1.391466e-02     0 -3.952211e-02    20 1.246450e+02 1.120201e-01 1.465569e-02 
  176 5.918699e-01 6.390240e-04 2.129925e+00 1.203824e+04 1.591433e+04 9.450186e+02 1.565327e+04 9.191200e+03 1.392960e-02     0 -3.909706e-02    20 1.246415e+02 1.117313e-01 1.464058e-02 
1.761000e+02 5.916510e-01 1.051306e-03 2.147145e+00 1.203211e+04 1.592511e+04 9.437755e+02 1.565327e+04 9.191200e+03 1.394372e-02     0 -3.867404e-02    20 1.246364e+02 1.114408e-01 1.462641e-02 
1.762000e+02 5.914294e-01 1.428558e-03 2.164332e+00 1.202578e+04 1.593578e+04 9.425404e+02 1.565327e+04 9.191200e+03 1.395696e-02     0 -3.825577e-02    20 1.246298e+02 1.111506e-01 1.461312e-02 
1.763000e+02 5.912050e-01 1.772169e-03 2.181487e+00 1.201928e+04 1.594634e+04 9.413127e+02 1.565327e+04 9.191200e+03 1.396930e-02     0 -3.784465e-02    20 1.246219e+02 1.108630e-01 1.460068e-02 
1.764000e+02 5.909777e-01 2.083611e-03 2.198611e+00 1.201259e+04 1.595678e+04 9.400920e+02 1.565327e+04 9.191200e+03 1.398073e-02     0 -3.744275e-02    20 1.246128e+02 1.105797e-01 1.458906e-02 
1.765000e+02 5.907476e-01 2.364421e-03 2.215705e+00 1.200572e+04 1.596711e+04 9.388779e+02 1.569588e+04 9.182027e+03 1.399124e-02     0 -3.705184e-02    20 1.246025e+02 1.103023e-01 1.457822e-02 
1.766000e+02 5.905148e-01 2.616180e-03 2.232771e+00 1.199868e+04 1.597731e+04 9.376700e+02 1.569588e+04 9.182027e+03 1.400084e-02     0 -3.667341e-02    20 1.245913e+02 1.100320e-01 1.456813e-02 
1.767000e+02 5.902793e-01 2.840500e-03 2.249810e+00 1.199146e+04 1.598739e+04 9.364678e+02 1.569588e+04 9.182027e+03 1.400954e-02     0 -3.630871e-02    20 1.245792e+02 1.097701e-01 1.455876e-02 
1.768000e+02 5.900412e-01 3.039008e-03 2.266823e+00 1.198407e+04 1.599735e+04 9.352709e+02 1.569588e+04 9.182027e+03 1.401734e-02     0 -3.595872e-02    20 1.245662e+02 1.095175e-01 1.455010e-02 
1.769000e+02 5.898006e-01 3.213330e-03 2.283810e+00 1.197651e+04 1.600718e+04 9.340789e+02 1.569588e+04 9.182027e+03 1.402427e-02     0 -3.562424e-02    20 1.245526e+02 1.092749e-01 1.454211e-02 
  177 5.895577e-01 3.365080e-03 2.300774e+00 1.196879e+04 1.601688e+04 9.328914e+02 1.573477e+04 9.173653e+03 1.403036e-02     0 -3.530586e-02    20 1.245384e+02 1.090430e-01 1.453476e-02 
1.771000e+02 5.893125e-01 3.495853e-03 2.317716e+00 1.196090e+04 1.602644e+04 9.317080e+02 1.573477e+04 9.173653e+03 1.403561e-02     0 -3.500397e-02    20 1.245236e+02 1.088222e-01 1.452803e-02 
1.772000e+02 5.890651e-01 3.607207e-03 2.334636e+00 1.195285e+04 1.603586e+04 9.305283e+02 1.573477e+04 9.173653e+03 1.404007e-02     0 -3.471884e-02    20 1.245084e+02 1.086130e-01 1.452188e-02 
1.773000e+02 5.888158e-01 3.700667e-03 2.351536e+00 1.194464e+04 1.604515e+04 9.293521e+02 1.573477e+04 9.173653e+03 1.404377e-02     0 -3.445054e-02    20 1.244929e+02 1.084154e-01 1.451627e-02 
1.774000e+02 5.885646e-01 3.777708e-03 2.368417e+00 1.193627e+04 1.605429e+04 9.281789e+02 1.573477e+04 9.173653e+03 1.404672e-02     0 -3.419905e-02    20 1.244770e+02 1.082297e-01 1.451118e-02 
1.775000e+02 5.883118e-01 3.839756e-03 2.385280e+00 1.192775e+04 1.606329e+04 9.270084e+02 1.576989e+04 9.166092e+03 1.404898e-02     0 -3.396423e-02    20 1.244609e+02 1.080559e-01 1.450655e-02 
1.776000e+02 5.879839e-01 3.884259e-03 2.402132e+00 1.191908e+04 1.607214e+04 9.258404e+02 1.576989e+04 9.166092e+03 1.504267e-02     0 -3.374670e-02    20 1.244446e+02 1.078949e-01 1.448674e-02 
1.777000e+02 5.874091e-01 3.897875e-03 2.418996e+00 1.191026e+04 1.608084e+04 9.246746e+02 1.576989e+04 9.166092e+03 1.537650e-02     0 -3.355001e-02    20 1.244282e+02 1.077494e-01 1.440185e-02 
1.778000e+02 5.866460e-01 3.878079e-03 2.435883e+00 1.190130e+04 1.608940e+04 9.235108e+02 1.576989e+04 9.166092e+03 1.543197e-02     0 -3.337121e-02    20 1.244117e+02 1.076191e-01 1.424427e-02 
1.779000e+02 5.858058e-01 3.835279e-03 2.452781e+00 1.189220e+04 1.609779e+04 9.223487e+02 1.576989e+04 9.166092e+03 1.536642e-02     0 -3.320286e-02    20 1.243951e+02 1.075026e-01 1.403898e-02 
  178 5.849674e-01 3.785573e-03 2.469666e+00 1.188296e+04 1.610604e+04 9.211884e+02 1.580119e+04 9.159352e+03 1.525233e-02     0 -3.304089e-02    20 1.243785e+02 1.073971e-01 1.382247e-02 
1.781000e+02 5.836198e-01 3.715644e-03 2.486557e+00 1.187358e+04 1.611412e+04 9.200296e+02 1.580119e+04 9.159352e+03 2.256181e-02     0 -3.289132e-02    20 1.243618e+02 1.073074e-01 1.351302e-02 
1.782000e+02 5.804846e-01 3.529441e-03 2.503609e+00 1.186406e+04 1.612204e+04 9.188723e+02 1.580119e+04 9.159352e+03 2.493203e-02     0 -3.278275e-02    20 1.243450e+02 1.072498e-01 1.276386e-02 
1.783000e+02 5.759930e-01 3.208311e-03 2.520872e+00 1.185442e+04 1.612981e+04 9.177170e+02 1.580119e+04 9.159352e+03 2.522826e-02     0 -3.269396e-02    20 1.243281e+02 1.072209e-01 1.153180e-02 
1.784000e+02 5.709652e-01 2.824609e-03 2.538249e+00 1.184465e+04 1.613741e+04 9.165642e+02 1.580119e+04 9.159352e+03 2.463002e-02     0 -3.256952e-02    20 1.243108e+02 1.072095e-01 1.000573e-02 
1.785000e+02 5.659812e-01 2.486188e-03 2.555565e+00 1.183476e+04 1.614485e+04 9.154143e+02 1.582866e+04 9.153436e+03 2.367881e-02     0 -3.238039e-02    20 1.242930e+02 1.071997e-01 8.451587e-03 
1.786000e+02 5.607679e-01 2.265045e-03 2.572673e+00 1.182475e+04 1.615212e+04 9.142682e+02 1.582866e+04 9.153436e+03 3.018665e-02     0 -3.213520e-02    20 1.242746e+02 1.071783e-01 6.999884e-03 
1.787000e+02 5.540926e-01 2.128281e-03 2.589600e+00 1.181462e+04 1.615923e+04 9.131265e+02 1.582866e+04 9.153436e+03 3.170105e-02     0 -3.186880e-02    20 1.242553e+02 1.071414e-01 5.452122e-03 
1.788000e+02 5.463583e-01 2.087370e-03 2.606319e+00 1.180438e+04 1.616617e+04 9.119900e+02 1.582866e+04 9.153436e+03 3.116819e-02     0 -3.155842e-02    20 1.242349e+02 1.070828e-01 3.840551e-03 
1.789000e+02 5.383294e-01 2.206157e-03 2.622713e+00 1.179403e+04 1.617295e+04 9.108598e+02 1.582866e+04 9.153436e+03 2.978987e-02     0 -3.115112e-02    20 1.242133e+02 1.069965e-01 2.358837e-03 
  179 5.305325e-01 2.550803e-03 2.638630e+00 1.178357e+04 1.617956e+04 9.097370e+02 1.585239e+04 9.148327e+03 2.810710e-02     0 -3.062958e-02    20 1.241901e+02 1.068713e-01 1.219986e-03 
1.791000e+02 5.226830e-01 3.133969e-03 2.653988e+00 1.177302e+04 1.618601e+04 9.086225e+02 1.585239e+04 9.148327e+03 3.363634e-02     0 -3.001383e-02    20 1.241652e+02 1.066935e-01 4.681408e-04 
1.792000e+02 5.135914e-01 3.864917e-03 2.668893e+00 1.176237e+04 1.619229e+04 9.075174e+02 1.585239e+04 9.148327e+03 3.440155e-02     0 -2.933726e-02    20 1.241385e+02 1.064575e-01 -1.884433e-04 
1.793000e+02 5.036566e-01 4.692713e-03 2.683414e+00 1.175162e+04 1.619841e+04 9.064228e+02 1.585239e+04 9.148327e+03 3.323719e-02     0 -2.858040e-02    20 1.241098e+02 1.061665e-01 -8.231502e-04 
1.794000e+02 4.936357e-01 5.617726e-03 2.697520e+00 1.174079e+04 1.620437e+04 9.053398e+02 1.585239e+04 9.148327e+03 3.130253e-02     0 -2.770618e-02    20 1.240789e+02 1.058212e-01 -1.343465e-03 
1.795000e+02 4.840615e-01 6.652394e-03 2.711139e+00 1.172988e+04 1.621016e+04 9.042693e+02 1.587255e+04 9.143986e+03 2.912337e-02     0 -2.671172e-02    20 1.240457e+02 1.054144e-01 -1.617879e-03 
1.796000e+02 4.747392e-01 7.778265e-03 2.724239e+00 1.171888e+04 1.621580e+04 9.032123e+02 1.587255e+04 9.143986e+03 3.320043e-02     0 -2.562205e-02    20 1.240100e+02 1.049357e-01 -1.640116e-03 
1.797000e+02 4.646696e-01 8.906959e-03 2.736948e+00 1.170781e+04 1.622129e+04 9.021695e+02 1.587255e+04 9.143986e+03 3.324374e-02     0 -2.446824e-02    20 1.239718e+02 1.043828e-01 -1.675201e-03 
1.798000e+02 4.541951e-01 9.991633e-03 2.749342e+00 1.169667e+04 1.622662e+04 9.011413e+02 1.587255e+04 9.143986e+03 3.170041e-02     0 -2.324301e-02    20 1.239312e+02 1.037643e-01 -1.789466e-03 
1.799000e+02 4.439499e-01 1.103306e-02 2.761404e+00 1.168546e+04 1.623180e+04 9.001284e+02 1.587255e+04 9.143986e+03 2.956923e-02     0 -2.192875e-02    20 1.238882e+02 1.030869e-01 -1.898599e-03 
  180 4.343647e-01 1.204710e-02 2.773071e+00 1.167418e+04 1.623683e+04 8.991310e+02 1.588947e+04 1.091172e+04 2.729935e-02     0 -2.053308e-02    20 1.238427e+02 1.023515e-01 -1.879098e-03 
1.801000e+02 4.272504e-01 7.564662e-03 2.781587e+00 1.166285e+04 1.624171e+04 8.981521e+02 1.588947e+04 1.091172e+04 2.814592e-03     0 9.356719e-02    20 1.237922e+02 9.493369e-02 -1.271106e-03 
1.802000e+02 4.263591e-01 -1.187779e-02 2.781927e+00 1.165145e+04 1.624646e+04 8.971851e+02 1.588947e+04 1.091172e+04 -6.706468e-03     0 7.748648e-02    20 1.237643e+02 7.298709e-02 1.079104e-03 
1.803000e+02 4.304906e-01 -3.374025e-02 2.779502e+00 1.164002e+04 1.625108e+04 8.961879e+02 1.588947e+04 1.091172e+04 -9.827423e-03     0 4.624352e-02    20 1.237887e+02 5.196858e-02 5.171923e-03 
1.804000e+02 4.369945e-01 -4.755711e-02 2.779484e+00 1.162854e+04 1.625559e+04 8.951199e+02 1.588947e+04 1.091172e+04 -1.007397e-02     0 4.354277e-02    20 1.238612e+02 4.178728e-02 1.037886e-02 
1.805000e+02 4.440025e-01 -5.396584e-02 2.782422e+00 1.161702e+04 1.626001e+04 8.939641e+02 1.589189e+04 1.091268e+04 -9.092484e-03     0 5.172833e-02    20 1.239652e+02 4.007229e-02 1.596481e-02 
1.806000e+02 4.509786e-01 -5.716116e-02 2.787195e+00 1.160546e+04 1.626433e+04 8.927197e+02 1.589189e+04 1.091268e+04 -1.190109e-02     0 5.614800e-02    20 1.240895e+02 4.166717e-02 2.124926e-02 
1.807000e+02 4.584100e-01 -5.969304e-02 2.793160e+00 1.159386e+04 1.626855e+04 8.913911e+02 1.589189e+04 1.091268e+04 -1.182146e-02     0 5.194765e-02    20 1.242303e+02 4.387629e-02 2.579616e-02 
1.808000e+02 4.661005e-01 -6.189038e-02 2.800601e+00 1.158221e+04 1.627267e+04 8.899824e+02 1.589189e+04 1.091268e+04 -1.061510e-02     0 4.457001e-02    20 1.243859e+02 4.655970e-02 2.925368e-02 
1.809000e+02 4.737510e-01 -6.349793e-02 2.809947e+00 1.157053e+04 1.627669e+04 8.884982e+02 1.589189e+04 1.091268e+04 -8.979960e-03     0 3.779660e-02    20 1.245539e+02 5.005305e-02 3.140097e-02 
  181 4.812100e-01 -6.458883e-02 2.821280e+00 1.155879e+04 1.628060e+04 8.869442e+02 1.589277e+04 1.091303e+04 -7.205898e-03     0 3.191435e-02    20 1.247314e+02 5.421551e-02 3.218869e-02 
1.811000e+02 4.885784e-01 -6.543167e-02 2.834374e+00 1.154701e+04 1.628439e+04 8.853276e+02 1.589277e+04 1.091303e+04 -7.335766e-03     0 2.613734e-02    20 1.249158e+02 5.865209e-02 3.175402e-02 
1.812000e+02 4.961803e-01 -6.616956e-02 2.848863e+00 1.153518e+04 1.628807e+04 8.836555e+02 1.589277e+04 1.091303e+04 -6.213153e-03     0 2.019671e-02    20 1.251050e+02 6.307087e-02 3.042027e-02 
1.813000e+02 5.038772e-01 -6.679206e-02 2.864411e+00 1.152330e+04 1.629162e+04 8.819348e+02 1.589277e+04 1.091303e+04 -4.597905e-03     0 1.431516e-02    20 1.252976e+02 6.736489e-02 2.851725e-02 
1.814000e+02 5.113974e-01 -6.722616e-02 2.880725e+00 1.151137e+04 1.629504e+04 8.801720e+02 1.589277e+04 1.091303e+04 -2.809827e-03     0 8.734394e-03    20 1.254920e+02 7.150224e-02 2.633544e-02 
1.815000e+02 5.185041e-01 -6.740582e-02 2.897546e+00 1.149938e+04 1.629831e+04 8.783733e+02 1.589190e+04 1.091268e+04 -1.007006e-03     0 3.536216e-03    20 1.256868e+02 7.545180e-02 2.411515e-02 
1.816000e+02 5.249455e-01 -6.729316e-02 2.914660e+00 1.148733e+04 1.630144e+04 8.765447e+02 1.589190e+04 1.091268e+04 1.785698e-03     0 -1.288601e-03    20 1.258808e+02 7.917853e-02 2.202228e-02 
1.817000e+02 5.304238e-01 -6.687940e-02 2.931927e+00 1.147523e+04 1.630442e+04 8.746918e+02 1.589190e+04 1.091268e+04 3.742406e-03     0 -5.755481e-03    20 1.260729e+02 8.265811e-02 2.012488e-02 
1.818000e+02 5.349468e-01 -6.615790e-02 2.949242e+00 1.146307e+04 1.630723e+04 8.728199e+02 1.589190e+04 1.091268e+04 5.240294e-03     0 -9.854186e-03    20 1.262620e+02 8.587617e-02 1.847456e-02 
1.819000e+02 5.386262e-01 -6.512488e-02 2.966525e+00 1.145086e+04 1.630987e+04 8.709342e+02 1.589190e+04 1.091268e+04 6.432266e-03     0 -1.356656e-02    20 1.264472e+02 8.882824e-02 1.710898e-02 
  182 5.415766e-01 -6.378822e-02 2.983720e+00 1.143860e+04 1.631234e+04 8.690394e+02 1.588867e+04 1.091140e+04 7.392642e-03     0 -1.688823e-02    20 1.266278e+02 9.151417e-02 1.604228e-02 
1.821000e+02 5.437902e-01 -6.217624e-02 3.000806e+00 1.142628e+04 1.631464e+04 8.671403e+02 1.588867e+04 1.091140e+04 9.585663e-03     0 -1.982973e-02    20 1.268031e+02 9.393724e-02 1.524133e-02 
1.822000e+02 5.451027e-01 -6.034491e-02 3.017809e+00 1.141392e+04 1.631675e+04 8.652410e+02 1.588867e+04 1.091140e+04 1.067554e-02     0 -2.241088e-02    20 1.269724e+02 9.610498e-02 1.460181e-02 
1.823000e+02 5.456858e-01 -5.834221e-02 3.034746e+00 1.140150e+04 1.631867e+04 8.633457e+02 1.588867e+04 1.091140e+04 1.123249e-02     0 -2.464229e-02    20 1.271351e+02 9.802311e-02 1.406501e-02 
1.824000e+02 5.457855e-01 -5.620214e-02 3.051611e+00 1.138904e+04 1.632040e+04 8.614583e+02 1.588867e+04 1.091140e+04 1.150418e-02     0 -2.652910e-02    20 1.272909e+02 9.969775e-02 1.361443e-02 
1.825000e+02 5.455958e-01 -5.395152e-02 3.068382e+00 1.137654e+04 1.632194e+04 8.595821e+02 1.588262e+04 1.090899e+04 1.161559e-02     0 -2.808368e-02    20 1.274393e+02 1.011351e-01 1.325215e-02 
1.826000e+02 5.451927e-01 -5.161761e-02 3.085030e+00 1.136399e+04 1.632328e+04 8.577205e+02 1.588262e+04 1.090899e+04 1.232814e-02     0 -2.932603e-02    20 1.275800e+02 1.023425e-01 1.297301e-02 
1.827000e+02 5.445300e-01 -4.923480e-02 3.101521e+00 1.135141e+04 1.632442e+04 8.558763e+02 1.588262e+04 1.090899e+04 1.252981e-02     0 -3.027998e-02    20 1.277128e+02 1.033305e-01 1.274294e-02 
1.828000e+02 5.436976e-01 -4.683017e-02 3.117711e+00 1.133880e+04 1.632536e+04 8.540519e+02 1.588262e+04 1.090899e+04 1.251007e-02     0 -3.096439e-02    20 1.278375e+02 1.041099e-01 1.255115e-02 
1.829000e+02 5.428035e-01 -4.442254e-02 3.132426e+00 1.132616e+04 1.632610e+04 8.522495e+02 1.588262e+04 1.090899e+04 1.239299e-02     0 -3.139530e-02    20 1.279541e+02 1.046929e-01 1.240359e-02 
  183 5.419213e-01 -4.202713e-02 -3.129914e+00 1.131350e+04 1.632664e+04 8.504710e+02 1.587354e+04 1.090538e+04 1.223791e-02     0 -3.159200e-02    20 1.280625e+02 1.050922e-01 1.230926e-02 
1.831000e+02 5.410789e-01 -3.965918e-02 -3.114841e+00 1.130081e+04 1.632697e+04 8.487178e+02 1.587354e+04 1.090538e+04 1.222512e-02     0 -3.157676e-02    20 1.281629e+02 1.053209e-01 1.227064e-02 
1.832000e+02 5.402650e-01 -3.733595e-02 -3.099051e+00 1.128811e+04 1.632709e+04 8.469910e+02 1.587354e+04 1.090538e+04 1.211858e-02     0 -3.137244e-02    20 1.282552e+02 1.053933e-01 1.227803e-02 
1.833000e+02 5.394932e-01 -3.507353e-02 -3.083220e+00 1.127539e+04 1.632702e+04 8.452916e+02 1.587354e+04 1.090538e+04 1.198271e-02     0 -3.099999e-02    20 1.283397e+02 1.053241e-01 1.232196e-02 
1.834000e+02 5.387794e-01 -3.288601e-02 -3.067445e+00 1.126267e+04 1.632673e+04 8.436201e+02 1.587354e+04 1.090538e+04 1.184393e-02     0 -3.047891e-02    20 1.284166e+02 1.051281e-01 1.239349e-02 
1.835000e+02 5.381332e-01 -3.078587e-02 -3.051750e+00 1.124994e+04 1.632625e+04 8.419768e+02 1.586144e+04 1.090057e+04 1.171391e-02     0 -2.982867e-02    20 1.284861e+02 1.048196e-01 1.248321e-02 
1.836000e+02 5.376359e-01 -2.878003e-02 -3.036145e+00 1.123720e+04 1.632555e+04 8.403617e+02 1.586144e+04 1.090057e+04 1.060673e-02     0 -2.906777e-02    20 1.285484e+02 1.044120e-01 1.259801e-02 
1.837000e+02 5.374675e-01 -2.686283e-02 -3.020652e+00 1.122448e+04 1.632466e+04 8.387747e+02 1.586144e+04 1.090057e+04 1.017616e-02     0 -2.821108e-02    20 1.286039e+02 1.039161e-01 1.278108e-02 
1.838000e+02 5.375599e-01 -2.503744e-02 -3.005274e+00 1.121176e+04 1.632356e+04 8.372154e+02 1.586144e+04 1.090057e+04 1.004179e-02     0 -2.727836e-02    20 1.286529e+02 1.033451e-01 1.303172e-02 
1.839000e+02 5.377908e-01 -2.331769e-02 -2.989992e+00 1.119905e+04 1.632225e+04 8.356830e+02 1.586144e+04 1.090057e+04 1.004489e-02     0 -2.629187e-02    20 1.286958e+02 1.027128e-01 1.331638e-02 
  184 5.380732e-01 -2.172057e-02 -2.974772e+00 1.118635e+04 1.632075e+04 8.341768e+02 1.584645e+04 1.089461e+04 1.011103e-02     0 -2.526915e-02    20 1.287329e+02 1.020333e-01 1.359204e-02 
1.841000e+02 5.384823e-01 -2.025444e-02 -2.959592e+00 1.117368e+04 1.631904e+04 8.326959e+02 1.584645e+04 1.089461e+04 8.682726e-03     0 -2.422227e-02    20 1.287646e+02 1.013183e-01 1.384548e-02 
1.842000e+02 5.392800e-01 -1.890543e-02 -2.944467e+00 1.116103e+04 1.631714e+04 8.312392e+02 1.584645e+04 1.089461e+04 8.277476e-03     0 -2.315745e-02    20 1.287913e+02 1.005757e-01 1.413029e-02 
1.843000e+02 5.403659e-01 -1.767008e-02 -2.929394e+00 1.114840e+04 1.631503e+04 8.298055e+02 1.584645e+04 1.089461e+04 8.303724e-03     0 -2.208973e-02    20 1.288134e+02 9.981587e-02 1.444574e-02 
1.844000e+02 5.415633e-01 -1.655830e-02 -2.914347e+00 1.113580e+04 1.631273e+04 8.283935e+02 1.584645e+04 1.089461e+04 8.516452e-03     0 -2.103909e-02    20 1.288313e+02 9.904954e-02 1.475189e-02 
1.845000e+02 5.427502e-01 -1.558299e-02 -2.899289e+00 1.112324e+04 1.631023e+04 8.270018e+02 1.582875e+04 1.088757e+04 8.802704e-03     0 -2.001878e-02    20 1.288454e+02 9.828788e-02 1.500132e-02 
1.846000e+02 5.440162e-01 -1.474484e-02 -2.884199e+00 1.111072e+04 1.630754e+04 8.256290e+02 1.582875e+04 1.088757e+04 7.206587e-03     0 -1.903418e-02    20 1.288560e+02 9.753902e-02 1.518790e-02 
1.847000e+02 5.456884e-01 -1.401573e-02 -2.869109e+00 1.109823e+04 1.630465e+04 8.242737e+02 1.582875e+04 1.088757e+04 6.872403e-03     0 -1.808289e-02    20 1.288635e+02 9.680581e-02 1.539125e-02 
1.848000e+02 5.476426e-01 -1.338151e-02 -2.854027e+00 1.108579e+04 1.630156e+04 8.229343e+02 1.582875e+04 1.088757e+04 7.059335e-03     0 -1.717418e-02    20 1.288684e+02 9.609481e-02 1.562467e-02 
1.849000e+02 5.496601e-01 -1.284650e-02 -2.838932e+00 1.107340e+04 1.629829e+04 8.216094e+02 1.582875e+04 1.088757e+04 7.460867e-03     0 -1.632447e-02    20 1.288708e+02 9.541314e-02 1.585162e-02 
  185 5.515912e-01 -1.242088e-02 -2.823790e+00 1.106106e+04 1.629482e+04 8.202975e+02 1.580853e+04 1.087952e+04 7.936074e-03     0 -1.554230e-02    20 1.288713e+02 9.476825e-02 1.602359e-02 
1.851000e+02 5.533635e-01 -1.211171e-02 -2.808568e+00 1.104877e+04 1.629116e+04 8.189971e+02 1.580853e+04 1.087952e+04 8.417635e-03     0 -1.482858e-02    20 1.288701e+02 9.416701e-02 1.610123e-02 
1.852000e+02 5.549575e-01 -1.191889e-02 -2.793247e+00 1.103654e+04 1.628731e+04 8.177068e+02 1.580853e+04 1.087952e+04 8.875088e-03     0 -1.418230e-02    20 1.288674e+02 9.361419e-02 1.606399e-02 
1.853000e+02 5.563806e-01 -1.183409e-02 -2.777820e+00 1.102437e+04 1.628328e+04 8.164254e+02 1.580853e+04 1.087952e+04 9.297112e-03     0 -1.360275e-02    20 1.288635e+02 9.311205e-02 1.591197e-02 
1.854000e+02 5.576495e-01 -1.184155e-02 -2.762300e+00 1.101226e+04 1.627905e+04 8.151517e+02 1.580853e+04 1.087952e+04 9.681716e-03     0 -1.308873e-02    20 1.288587e+02 9.266086e-02 1.566262e-02 
1.855000e+02 5.587792e-01 -1.192020e-02 -2.746708e+00 1.100022e+04 1.627464e+04 8.138847e+02 1.578593e+04 1.087054e+04 1.003061e-02     0 -1.263766e-02    20 1.288532e+02 9.225960e-02 1.534489e-02 
1.856000e+02 5.597796e-01 -1.204655e-02 -2.731069e+00 1.098825e+04 1.627005e+04 8.126232e+02 1.578593e+04 1.087054e+04 1.034620e-02     0 -1.224569e-02    20 1.288470e+02 9.190635e-02 1.499262e-02 
1.857000e+02 5.606549e-01 -1.219768e-02 -2.715413e+00 1.097635e+04 1.626527e+04 8.113664e+02 1.578593e+04 1.087054e+04 1.063023e-02     0 -1.190826e-02    20 1.288404e+02 9.159858e-02 1.463869e-02 
1.858000e+02 5.614058e-01 -1.235359e-02 -2.699764e+00 1.096453e+04 1.626030e+04 8.101136e+02 1.578593e+04 1.087054e+04 1.088351e-02     0 -1.162043e-02    20 1.288335e+02 9.133322e-02 1.431064e-02 
1.859000e+02 5.620320e-01 -1.249877e-02 -2.684139e+00 1.095278e+04 1.625516e+04 8.088639e+02 1.578593e+04 1.087054e+04 1.110626e-02     0 -1.137705e-02    20 1.288264e+02 9.110684e-02 1.402804e-02 
  186 5.625345e-01 -1.262281e-02 -2.668553e+00 1.094112e+04 1.624983e+04 8.076169e+02 1.576112e+04 1.086067e+04 1.129853e-02     0 -1.117285e-02    20 1.288190e+02 9.091577e-02 1.380172e-02 
1.861000e+02 5.629173e-01 -1.272035e-02 -2.653010e+00 1.092954e+04 1.624433e+04 8.063720e+02 1.576112e+04 1.086067e+04 1.146073e-02     0 -1.100264e-02    20 1.288116e+02 9.075620e-02 1.363432e-02 
1.862000e+02 5.631882e-01 -1.279036e-02 -2.637509e+00 1.091805e+04 1.623864e+04 8.051287e+02 1.576112e+04 1.086067e+04 1.159395e-02     0 -1.086143e-02    20 1.288041e+02 9.062429e-02 1.352185e-02 
1.863000e+02 5.633583e-01 -1.283511e-02 -2.622047e+00 1.090665e+04 1.623279e+04 8.038868e+02 1.576112e+04 1.086067e+04 1.170011e-02     0 -1.074459e-02    20 1.287966e+02 9.051623e-02 1.345579e-02 
1.864000e+02 5.634411e-01 -1.285898e-02 -2.606617e+00 1.089534e+04 1.622675e+04 8.026460e+02 1.576112e+04 1.086067e+04 1.178187e-02     0 -1.064796e-02    20 1.287891e+02 9.042838e-02 1.342523e-02 
1.865000e+02 5.634520e-01 -1.286736e-02 -2.591210e+00 1.088412e+04 1.622054e+04 8.014061e+02 1.573422e+04 1.084997e+04 1.184251e-02     0 -1.056787e-02    20 1.287816e+02 9.035734e-02 1.341876e-02 
1.866000e+02 5.634064e-01 -1.286569e-02 -2.575819e+00 1.087300e+04 1.621416e+04 8.001668e+02 1.573422e+04 1.084997e+04 1.188563e-02     0 -1.050119e-02    20 1.287741e+02 9.030003e-02 1.342598e-02 
1.867000e+02 5.633187e-01 -1.285876e-02 -2.560437e+00 1.086199e+04 1.620761e+04 7.989282e+02 1.573422e+04 1.084997e+04 1.191488e-02     0 -1.044532e-02    20 1.287666e+02 9.025377e-02 1.343846e-02 
1.868000e+02 5.632017e-01 -1.285033e-02 -2.545060e+00 1.085107e+04 1.620089e+04 7.976900e+02 1.573422e+04 1.084997e+04 1.193368e-02     0 -1.039813e-02    20 1.287591e+02 9.021626e-02 1.345016e-02 
1.869000e+02 5.630659e-01 -1.284293e-02 -2.529684e+00 1.084027e+04 1.619400e+04 7.964523e+02 1.573422e+04 1.084997e+04 1.194505e-02     0 -1.035793e-02    20 1.287517e+02 9.018566e-02 1.345745e-02 
  187 5.629192e-01 -1.283797e-02 -2.514307e+00 1.082957e+04 1.618695e+04 7.952149e+02 1.570539e+04 1.083850e+04 1.195149e-02     0 -1.032340e-02    20 1.287443e+02 9.016048e-02 1.345882e-02 
1.871000e+02 5.627670e-01 -1.283586e-02 -2.498930e+00 1.081898e+04 1.617974e+04 7.939778e+02 1.570539e+04 1.083850e+04 1.195490e-02     0 -1.029351e-02    20 1.287370e+02 9.013957e-02 1.345440e-02 
1.872000e+02 5.626130e-01 -1.283635e-02 -2.483554e+00 1.080850e+04 1.617236e+04 7.927410e+02 1.570539e+04 1.083850e+04 1.195663e-02     0 -1.026747e-02    20 1.287296e+02 9.012209e-02 1.344538e-02 
1.873000e+02 5.624588e-01 -1.283872e-02 -2.468180e+00 1.079814e+04 1.616482e+04 7.915044e+02 1.570539e+04 1.083850e+04 1.195755e-02     0 -1.024469e-02    20 1.287224e+02 9.010740e-02 1.343348e-02 
1.874000e+02 5.623050e-01 -1.284211e-02 -2.452809e+00 1.078789e+04 1.615713e+04 7.902680e+02 1.570539e+04 1.083850e+04 1.195812e-02     0 -1.022468e-02    20 1.287151e+02 9.009504e-02 1.342051e-02 
1.875000e+02 5.621515e-01 -1.284565e-02 -2.437443e+00 1.077777e+04 1.614927e+04 7.890317e+02 1.567476e+04 1.082632e+04 1.195852e-02     0 -1.020706e-02    20 1.287080e+02 9.008468e-02 1.340804e-02 
1.876000e+02 5.619977e-01 -1.284866e-02 -2.422082e+00 1.076777e+04 1.614127e+04 7.877956e+02 1.567476e+04 1.082632e+04 1.195874e-02     0 -1.019150e-02    20 1.287008e+02 9.007603e-02 1.339725e-02 
1.877000e+02 5.618431e-01 -1.285067e-02 -2.406728e+00 1.075789e+04 1.613311e+04 7.865596e+02 1.567476e+04 1.082632e+04 1.195870e-02     0 -1.017773e-02    20 1.286938e+02 9.006890e-02 1.338879e-02 
1.878000e+02 5.616871e-01 -1.285142e-02 -2.391381e+00 1.074814e+04 1.612480e+04 7.853237e+02 1.567476e+04 1.082632e+04 1.195828e-02     0 -1.016550e-02    20 1.286867e+02 9.006309e-02 1.338289e-02 
1.879000e+02 5.615296e-01 -1.285091e-02 -2.376040e+00 1.073852e+04 1.611635e+04 7.840879e+02 1.567476e+04 1.082632e+04 1.195739e-02     0 -1.015460e-02    20 1.286798e+02 9.005845e-02 1.337937e-02 
  188 5.613706e-01 -1.284927e-02 -2.360705e+00 1.072903e+04 1.610774e+04 7.828522e+02 1.564250e+04 1.081349e+04 1.195598e-02     0 -1.014482e-02    20 1.286729e+02 9.005480e-02 1.337781e-02 
1.881000e+02 5.612102e-01 -1.284673e-02 -2.345376e+00 1.071968e+04 1.609900e+04 7.816165e+02 1.564250e+04 1.081349e+04 1.195405e-02     0 -1.013600e-02    20 1.286660e+02 9.005201e-02 1.337765e-02 
1.882000e+02 5.610489e-01 -1.284358e-02 -2.330053e+00 1.071046e+04 1.609011e+04 7.803808e+02 1.564250e+04 1.081349e+04 1.195166e-02     0 -1.012798e-02    20 1.286592e+02 9.004995e-02 1.337831e-02 
1.883000e+02 5.608871e-01 -1.284007e-02 -2.314735e+00 1.070138e+04 1.608108e+04 7.791452e+02 1.564250e+04 1.081349e+04 1.194889e-02     0 -1.012065e-02    20 1.286525e+02 9.004850e-02 1.337926e-02 
1.884000e+02 5.607252e-01 -1.283644e-02 -2.299421e+00 1.069244e+04 1.607191e+04 7.779097e+02 1.564250e+04 1.081349e+04 1.194585e-02     0 -1.011389e-02    20 1.286458e+02 9.004755e-02 1.338010e-02 
1.885000e+02 5.605637e-01 -1.283285e-02 -2.284112e+00 1.068364e+04 1.606261e+04 7.766742e+02 1.560876e+04 1.080007e+04 1.194264e-02     0 -1.010763e-02    20 1.286392e+02 9.004701e-02 1.338056e-02 
1.886000e+02 5.604029e-01 -1.282938e-02 -2.268806e+00 1.067498e+04 1.605317e+04 7.754387e+02 1.560876e+04 1.080007e+04 1.193937e-02     0 -1.010178e-02    20 1.286326e+02 9.004681e-02 1.338050e-02 
1.887000e+02 5.602429e-01 -1.282608e-02 -2.253505e+00 1.066647e+04 1.604361e+04 7.742032e+02 1.560876e+04 1.080007e+04 1.193609e-02     0 -1.009630e-02    20 1.286261e+02 9.004689e-02 1.337988e-02 
1.888000e+02 5.600840e-01 -1.282293e-02 -2.238208e+00 1.065811e+04 1.603391e+04 7.729678e+02 1.560876e+04 1.080007e+04 1.193288e-02     0 -1.009113e-02    20 1.286196e+02 9.004721e-02 1.337877e-02 
1.889000e+02 5.599262e-01 -1.281987e-02 -2.222915e+00 1.064990e+04 1.602409e+04 7.717324e+02 1.560876e+04 1.080007e+04 1.192975e-02     0 -1.008623e-02    20 1.286132e+02 9.004773e-02 1.337729e-02 
  189 5.597694e-01 -1.281683e-02 -2.207627e+00 1.064184e+04 1.601415e+04 7.704971e+02 1.557370e+04 1.078613e+04 1.192672e-02     0 -1.008156e-02    20 1.286068e+02 9.004842e-02 1.337556e-02 
1.891000e+02 5.596136e-01 -1.281374e-02 -2.192342e+00 1.063393e+04 1.600408e+04 7.692618e+02 1.557370e+04 1.078613e+04 1.192378e-02     0 -1.007711e-02    20 1.286005e+02 9.004926e-02 1.337372e-02 
1.892000e+02 5.594586e-01 -1.281053e-02 -2.177062e+00 1.062618e+04 1.599389e+04 7.680265e+02 1.557370e+04 1.078613e+04 1.192092e-02     0 -1.007283e-02    20 1.285943e+02 9.005022e-02 1.337187e-02 
1.893000e+02 5.593044e-01 -1.280716e-02 -2.161787e+00 1.061859e+04 1.598359e+04 7.667912e+02 1.557370e+04 1.078613e+04 1.191812e-02     0 -1.006869e-02    20 1.285881e+02 9.005129e-02 1.337010e-02 
1.894000e+02 5.591509e-01 -1.280358e-02 -2.146515e+00 1.061115e+04 1.597317e+04 7.655560e+02 1.557370e+04 1.078613e+04 1.191535e-02     0 -1.006468e-02    20 1.285819e+02 9.005246e-02 1.336844e-02 
1.895000e+02 5.589980e-01 -1.279979e-02 -2.131249e+00 1.060387e+04 1.596264e+04 7.643208e+02 1.553750e+04 1.077173e+04 1.191261e-02     0 -1.006077e-02    20 1.285758e+02 9.005369e-02 1.336692e-02 
1.896000e+02 5.588458e-01 -1.279579e-02 -2.115986e+00 1.059676e+04 1.595200e+04 7.630856e+02 1.553750e+04 1.077173e+04 1.190987e-02     0 -1.005693e-02    20 1.285697e+02 9.005499e-02 1.336552e-02 
1.897000e+02 5.586940e-01 -1.279157e-02 -2.100729e+00 1.058981e+04 1.594126e+04 7.618505e+02 1.553750e+04 1.077173e+04 1.190713e-02     0 -1.005313e-02    20 1.285637e+02 9.005632e-02 1.336422e-02 
1.898000e+02 5.585429e-01 -1.278716e-02 -2.085475e+00 1.058303e+04 1.593041e+04 7.606154e+02 1.553750e+04 1.077173e+04 1.190438e-02     0 -1.004937e-02    20 1.285577e+02 9.005767e-02 1.336300e-02 
1.899000e+02 5.583924e-01 -1.278259e-02 -2.070226e+00 1.057641e+04 1.591946e+04 7.593804e+02 1.553750e+04 1.077173e+04 1.190163e-02     0 -1.004561e-02    20 1.285517e+02 9.005904e-02 1.336181e-02 
  190 5.582424e-01 -1.277786e-02 -2.054981e+00 1.056996e+04 1.590841e+04 7.581453e+02 1.550031e+04 1.075693e+04 1.189887e-02     0 -1.004185e-02    20 1.285458e+02 9.006039e-02 1.336064e-02 
1.901000e+02 5.580930e-01 -1.277301e-02 -2.039740e+00 1.056368e+04 1.589726e+04 7.569104e+02 1.550031e+04 1.075693e+04 1.189611e-02     0 -1.003807e-02    20 1.285400e+02 9.006173e-02 1.335945e-02 
1.902000e+02 5.579443e-01 -1.276804e-02 -2.024504e+00 1.055757e+04 1.588602e+04 7.556754e+02 1.550031e+04 1.075693e+04 1.189335e-02     0 -1.003426e-02    20 1.285342e+02 9.006304e-02 1.335823e-02 
1.903000e+02 5.577963e-01 -1.276297e-02 -2.009272e+00 1.055163e+04 1.587469e+04 7.544406e+02 1.550031e+04 1.075693e+04 1.189061e-02     0 -1.003040e-02    20 1.285284e+02 9.006431e-02 1.335698e-02 
1.904000e+02 5.576489e-01 -1.275781e-02 -1.994044e+00 1.054587e+04 1.586326e+04 7.532057e+02 1.550031e+04 1.075693e+04 1.188788e-02     0 -1.002650e-02    20 1.285227e+02 9.006553e-02 1.335570e-02 
1.905000e+02 5.575021e-01 -1.275256e-02 -1.978820e+00 1.054028e+04 1.585176e+04 7.519709e+02 1.546230e+04 1.074182e+04 1.188516e-02     0 -1.002253e-02    20 1.285170e+02 9.006669e-02 1.335439e-02 
1.906000e+02 5.573561e-01 -1.274723e-02 -1.963600e+00 1.053487e+04 1.584017e+04 7.507362e+02 1.546230e+04 1.074182e+04 1.188247e-02     0 -1.001850e-02    20 1.285113e+02 9.006780e-02 1.335305e-02 
1.907000e+02 5.572106e-01 -1.274182e-02 -1.948385e+00 1.052964e+04 1.582849e+04 7.495015e+02 1.546230e+04 1.074182e+04 1.187978e-02     0 -1.001440e-02    20 1.285057e+02 9.006884e-02 1.335171e-02 
1.908000e+02 5.570658e-01 -1.273634e-02 -1.933174e+00 1.052458e+04 1.581675e+04 7.482669e+02 1.546230e+04 1.074182e+04 1.187712e-02     0 -1.001022e-02    20 1.285001e+02 9.006981e-02 1.335036e-02 
1.909000e+02 5.569217e-01 -1.273078e-02 -1.917966e+00 1.051970e+04 1.580492e+04 7.470323e+02 1.546230e+04 1.074182e+04 1.187447e-02     0 -1.000598e-02    20 1.284946e+02 9.007072e-02 1.334901e-02 
  191 5.567782e-01 -1.272516e-02 -1.902763e+00 1.051501e+04 1.579303e+04 7.457978e+02 1.542366e+04 1.072645e+04 1.187184e-02     0 -1.000165e-02    20 1.284891e+02 9.007155e-02 1.334766e-02 
1.911000e+02 5.564818e-01 -1.272799e-02 -1.887551e+00 1.051049e+04 1.578106e+04 7.445633e+02 1.542366e+04 1.072645e+04 1.383056e-02     0 -9.998924e-03    20 1.284836e+02 9.007441e-02 1.331515e-02 
1.912000e+02 5.556781e-01 -1.277010e-02 -1.872276e+00 1.050616e+04 1.576903e+04 7.433290e+02 1.542366e+04 1.072645e+04 1.448240e-02     0 -1.000522e-02    20 1.284781e+02 9.008450e-02 1.315152e-02 
1.913000e+02 5.544962e-01 -1.285811e-02 -1.856923e+00 1.050201e+04 1.575693e+04 7.420948e+02 1.542366e+04 1.072645e+04 1.458144e-02     0 -1.001552e-02    20 1.284727e+02 9.010161e-02 1.284185e-02 
1.914000e+02 5.531678e-01 -1.297192e-02 -1.841522e+00 1.049805e+04 1.574477e+04 7.408610e+02 1.542366e+04 1.072645e+04 1.444086e-02     0 -1.001682e-02    20 1.284672e+02 9.012310e-02 1.243819e-02 
1.915000e+02 5.518530e-01 -1.308055e-02 -1.826125e+00 1.049427e+04 1.573256e+04 7.396278e+02 1.538456e+04 1.071090e+04 1.420587e-02     0 -1.000291e-02    20 1.284616e+02 9.014467e-02 1.201626e-02 
1.916000e+02 5.503348e-01 -1.317018e-02 -1.810763e+00 1.049068e+04 1.572029e+04 7.383953e+02 1.538456e+04 1.071090e+04 1.769771e-02     0 -9.977388e-03    20 1.284559e+02 9.016502e-02 1.158836e-02 
1.917000e+02 5.479528e-01 -1.327660e-02 -1.795381e+00 1.048727e+04 1.570796e+04 7.371638e+02 1.538456e+04 1.071090e+04 1.869665e-02     0 -9.955095e-03    20 1.284499e+02 9.018906e-02 1.101581e-02 
1.918000e+02 5.449406e-01 -1.340013e-02 -1.779975e+00 1.048405e+04 1.569559e+04 7.359336e+02 1.538456e+04 1.071090e+04 1.865583e-02     0 -9.925009e-03    20 1.284437e+02 9.021453e-02 1.029699e-02 
1.919000e+02 5.417186e-01 -1.350246e-02 -1.764608e+00 1.048101e+04 1.568317e+04 7.347051e+02 1.538456e+04 1.071090e+04 1.817508e-02     0 -9.861298e-03    20 1.284372e+02 9.023640e-02 9.533492e-03 
  192 5.385733e-01 -1.353539e-02 -1.749372e+00 1.047816e+04 1.567071e+04 7.334789e+02 1.534520e+04 1.069524e+04 1.752901e-02     0 -9.753134e-03    20 1.284301e+02 9.024694e-02 8.852320e-03 
1.921000e+02 5.353043e-01 -1.347808e-02 -1.734322e+00 1.047549e+04 1.565820e+04 7.322554e+02 1.534520e+04 1.069524e+04 2.113241e-02     0 -9.607149e-03    20 1.284225e+02 9.024050e-02 8.292300e-03 
1.922000e+02 5.311695e-01 -1.337372e-02 -1.719404e+00 1.047302e+04 1.564566e+04 7.310351e+02 1.534520e+04 1.069524e+04 2.190376e-02     0 -9.441795e-03    20 1.284141e+02 9.021851e-02 7.699515e-03 
1.923000e+02 5.264310e-01 -1.323380e-02 -1.704601e+00 1.047072e+04 1.563309e+04 7.298185e+02 1.534520e+04 1.069524e+04 2.151095e-02     0 -9.245083e-03    20 1.284050e+02 9.017916e-02 7.057714e-03 
1.924000e+02 5.215611e-01 -1.303355e-02 -1.689964e+00 1.046861e+04 1.562048e+04 7.286063e+02 1.534520e+04 1.069524e+04 2.064096e-02     0 -8.990642e-03    20 1.283950e+02 9.011865e-02 6.454873e-03 
1.925000e+02 5.168819e-01 -1.274119e-02 -1.675569e+00 1.046668e+04 1.560785e+04 7.273992e+02 1.530576e+04 1.067956e+04 1.960723e-02     0 -8.670854e-03    20 1.283840e+02 9.002986e-02 6.000886e-03 
1.926000e+02 5.121914e-01 -1.235396e-02 -1.661453e+00 1.046494e+04 1.559518e+04 7.261977e+02 1.530576e+04 1.067956e+04 2.310016e-02     0 -8.296780e-03    20 1.283719e+02 8.990704e-02 5.709865e-03 
1.927000e+02 5.067090e-01 -1.193292e-02 -1.647527e+00 1.046337e+04 1.558250e+04 7.250024e+02 1.530576e+04 1.067956e+04 2.361777e-02     0 -7.889349e-03    20 1.283586e+02 8.975188e-02 5.392650e-03 
1.928000e+02 5.007149e-01 -1.150402e-02 -1.633752e+00 1.046199e+04 1.556979e+04 7.238139e+02 1.530576e+04 1.067956e+04 2.293065e-02     0 -7.439011e-03    20 1.283440e+02 8.956568e-02 5.009276e-03 
1.929000e+02 4.947090e-01 -1.105331e-02 -1.620163e+00 1.046078e+04 1.555707e+04 7.226328e+02 1.530576e+04 1.067956e+04 2.176813e-02     0 -6.923908e-03    20 1.283281e+02 8.934751e-02 4.635515e-03 
  193 4.890298e-01 -1.055610e-02 -1.606827e+00 1.045974e+04 1.554434e+04 7.214596e+02 1.526642e+04 1.066391e+04 2.046259e-02     0 -6.341429e-03    20 1.283108e+02 8.909272e-02 4.376713e-03 
1.931000e+02 4.834732e-01 -1.001235e-02 -1.593773e+00 1.045888e+04 1.553159e+04 7.202948e+02 1.526642e+04 1.066391e+04 2.379465e-02     0 -5.706463e-03    20 1.282921e+02 8.879773e-02 4.246397e-03 
1.932000e+02 4.772389e-01 -9.480709e-03 -1.580908e+00 1.045820e+04 1.551883e+04 7.191386e+02 1.526642e+04 1.066391e+04 2.412875e-02     0 -5.042015e-03    20 1.282719e+02 8.846630e-02 4.055475e-03 
1.933000e+02 4.706005e-01 -8.983603e-03 -1.568190e+00 1.045768e+04 1.550607e+04 7.179916e+02 1.526642e+04 1.066391e+04 2.326656e-02     0 -4.342089e-03    20 1.282503e+02 8.810309e-02 3.767906e-03 
1.934000e+02 4.640518e-01 -8.503969e-03 -1.555654e+00 1.045732e+04 1.549330e+04 7.168538e+02 1.526642e+04 1.066391e+04 2.194807e-02     0 -3.589526e-03    20 1.282273e+02 8.771038e-02 3.465774e-03 
1.935000e+02 4.579218e-01 -8.013991e-03 -1.543372e+00 1.045714e+04 1.548053e+04 7.157257e+02 1.522738e+04 1.064839e+04 2.050831e-02     0 -2.785171e-03    20 1.282028e+02 8.728656e-02 3.261207e-03 
1.936000e+02 4.519867e-01 -7.509548e-03 -1.531374e+00 1.045711e+04 1.546776e+04 7.146073e+02 1.522738e+04 1.064839e+04 2.382772e-02     0 -1.945700e-03    20 1.281769e+02 8.683048e-02 3.172801e-03 
1.937000e+02 4.454172e-01 -7.042886e-03 -1.519563e+00 1.045725e+04 1.545499e+04 7.134985e+02 1.522738e+04 1.064839e+04 2.410125e-02     0 -1.094483e-03    20 1.281497e+02 8.634748e-02 3.012672e-03 
1.938000e+02 4.384803e-01 -6.631319e-03 -1.507897e+00 1.045754e+04 1.544223e+04 7.123995e+02 1.522738e+04 1.064839e+04 2.316656e-02     0 -2.269580e-04    20 1.281212e+02 8.584416e-02 2.746896e-03 
1.939000e+02 4.316695e-01 -6.254816e-03 -1.496412e+00 1.045798e+04 1.542947e+04 7.113102e+02 1.522738e+04 1.064839e+04 2.177674e-02     0 6.719730e-04    20 1.280914e+02 8.532439e-02 2.460586e-03 
  194 4.253118e-01 -5.883720e-03 -1.485182e+00 1.045858e+04 1.541672e+04 7.102305e+02 1.518879e+04 1.063304e+04 2.027150e-02     0 1.600580e-03    20 1.280605e+02 8.478776e-02 2.268885e-03 
1.941000e+02 4.191675e-01 -5.511811e-03 -1.474236e+00 1.045932e+04 1.540399e+04 7.091602e+02 1.518879e+04 1.063304e+04 2.370809e-02     0 2.542632e-03    20 1.280285e+02 8.423364e-02 2.190859e-03 
1.942000e+02 4.123735e-01 -5.187464e-03 -1.463471e+00 1.046021e+04 1.539126e+04 7.080991e+02 1.518879e+04 1.063304e+04 2.398930e-02     0 3.476298e-03    20 1.279955e+02 8.366701e-02 2.033407e-03 
1.943000e+02 4.052031e-01 -4.924781e-03 -1.452840e+00 1.046125e+04 1.537855e+04 7.070470e+02 1.518879e+04 1.063304e+04 2.301970e-02     0 4.406756e-03    20 1.279616e+02 8.309458e-02 1.761385e-03 
1.944000e+02 3.981645e-01 -4.702034e-03 -1.442385e+00 1.046242e+04 1.536585e+04 7.060035e+02 1.518879e+04 1.063304e+04 2.157926e-02     0 5.349008e-03    20 1.279269e+02 8.252014e-02 1.462575e-03 
1.945000e+02 3.915945e-01 -4.488632e-03 -1.432180e+00 1.046373e+04 1.535317e+04 7.049685e+02 1.515078e+04 1.061792e+04 2.001948e-02     0 6.301942e-03    20 1.278914e+02 8.194303e-02 1.256406e-03 
1.946000e+02 3.852344e-01 -4.277308e-03 -1.422258e+00 1.046518e+04 1.534050e+04 7.039416e+02 1.515078e+04 1.061792e+04 2.371920e-02     0 7.250766e-03    20 1.278553e+02 8.136183e-02 1.162265e-03 
1.947000e+02 3.781672e-01 -4.114239e-03 -1.412506e+00 1.046676e+04 1.532786e+04 7.029223e+02 1.515078e+04 1.061792e+04 2.405703e-02     0 8.175830e-03    20 1.278186e+02 8.078016e-02 9.768444e-04 
1.948000e+02 3.706832e-01 -4.011093e-03 -1.402875e+00 1.046847e+04 1.531524e+04 7.019103e+02 1.515078e+04 1.061792e+04 2.305990e-02     0 9.083880e-03    20 1.277814e+02 8.020410e-02 6.634990e-04 
1.949000e+02 3.633228e-01 -3.944555e-03 -1.393410e+00 1.047030e+04 1.530263e+04 7.009054e+02 1.515078e+04 1.061792e+04 2.155775e-02     0 9.990733e-03    20 1.277439e+02 7.963684e-02 3.161854e-04 
  195 3.564445e-01 -3.883144e-03 -1.384198e+00 1.047225e+04 1.529005e+04 6.999070e+02 1.511346e+04 1.060308e+04 1.992459e-02     0 1.089624e-02    20 1.277061e+02 7.907701e-02 6.321817e-05 
1.951000e+02 3.497565e-01 -3.819332e-03 -1.375271e+00 1.047433e+04 1.527749e+04 6.989150e+02 1.511346e+04 1.060308e+04 2.412907e-02     0 1.178689e-02    20 1.276680e+02 7.852195e-02 -7.557603e-05 
1.952000e+02 3.422432e-01 -3.799287e-03 -1.366503e+00 1.047652e+04 1.526495e+04 6.979287e+02 1.511346e+04 1.060308e+04 2.459001e-02     0 1.264497e-02    20 1.276298e+02 7.797346e-02 -3.238937e-04 
1.953000e+02 3.342286e-01 -3.833141e-03 -1.357841e+00 1.047883e+04 1.525244e+04 6.969479e+02 1.511346e+04 1.060308e+04 2.355880e-02     0 1.347933e-02    20 1.275915e+02 7.743714e-02 -7.215233e-04 
1.954000e+02 3.263145e-01 -3.895862e-03 -1.349341e+00 1.048125e+04 1.523995e+04 6.959722e+02 1.511346e+04 1.060308e+04 2.195749e-02     0 1.430709e-02    20 1.275532e+02 7.691573e-02 -1.163010e-03 
1.955000e+02 3.189016e-01 -3.954867e-03 -1.341102e+00 1.048377e+04 1.522749e+04 6.950014e+02 1.507694e+04 1.058855e+04 2.020189e-02     0 1.512874e-02    20 1.275150e+02 7.640718e-02 -1.503722e-03 
1.956000e+02 3.116379e-01 -4.003261e-03 -1.333164e+00 1.048640e+04 1.521505e+04 6.940350e+02 1.507694e+04 1.058855e+04 2.534700e-02     0 1.593120e-02    20 1.274769e+02 7.590727e-02 -1.723995e-03 
1.957000e+02 3.033255e-01 -4.090069e-03 -1.325372e+00 1.048914e+04 1.520264e+04 6.930726e+02 1.507694e+04 1.058855e+04 2.604445e-02     0 1.669808e-02    20 1.274390e+02 7.541548e-02 -2.087211e-03 
1.958000e+02 2.943520e-01 -4.224463e-03 -1.317669e+00 1.049197e+04 1.519025e+04 6.921141e+02 1.507694e+04 1.058855e+04 2.495906e-02     0 1.744107e-02    20 1.274013e+02 7.493758e-02 -2.639364e-03 
1.959000e+02 2.854343e-01 -4.378744e-03 -1.310125e+00 1.049490e+04 1.517789e+04 6.911591e+02 1.507694e+04 1.058855e+04 2.318280e-02     0 1.817906e-02    20 1.273639e+02 7.447652e-02 -3.253410e-03 
  196 2.770521e-01 -4.518320e-03 -1.302869e+00 1.049792e+04 1.516556e+04 6.902074e+02 1.504133e+04 1.057439e+04 2.120889e-02     0 1.891237e-02    20 1.273268e+02 7.402998e-02 -3.754225e-03 
1.961000e+02 2.687357e-01 -4.637913e-03 -1.295944e+00 1.050104e+04 1.515325e+04 6.892588e+02 1.504133e+04 1.057439e+04 2.818695e-02     0 1.962671e-02    20 1.272900e+02 7.359144e-02 -4.124087e-03 
1.962000e+02 2.589331e-01 -4.793158e-03 -1.289148e+00 1.050424e+04 1.514097e+04 6.883128e+02 1.504133e+04 1.057439e+04 2.935790e-02     0 2.030651e-02    20 1.272536e+02 7.315650e-02 -4.705193e-03 
1.963000e+02 2.481561e-01 -4.991860e-03 -1.282410e+00 1.050752e+04 1.512871e+04 6.873695e+02 1.504133e+04 1.057439e+04 2.818390e-02     0 2.096818e-02    20 1.272176e+02 7.273248e-02 -5.555664e-03 
1.964000e+02 2.373450e-01 -5.201165e-03 -1.275832e+00 1.051088e+04 1.511648e+04 6.864285e+02 1.504133e+04 1.057439e+04 2.608501e-02     0 2.163318e-02    20 1.271820e+02 7.232409e-02 -6.505826e-03 
1.965000e+02 2.271331e-01 -5.382813e-03 -1.269592e+00 1.051432e+04 1.510428e+04 6.854899e+02 1.500682e+04 1.056066e+04 2.370395e-02     0 2.229992e-02    20 1.271468e+02 7.192968e-02 -7.320483e-03 
1.966000e+02 2.167918e-01 -5.535124e-03 -1.263746e+00 1.051784e+04 1.509209e+04 6.845533e+02 1.500682e+04 1.056066e+04 3.466844e-02     0 2.294975e-02    20 1.271120e+02 7.153790e-02 -7.991242e-03 
1.967000e+02 2.040021e-01 -5.725087e-03 -1.257980e+00 1.052142e+04 1.507994e+04 6.836186e+02 1.500682e+04 1.056066e+04 3.691536e-02     0 2.355201e-02    20 1.270778e+02 7.113463e-02 -9.033198e-03 
1.968000e+02 1.895522e-01 -5.953446e-03 -1.252195e+00 1.052507e+04 1.506780e+04 6.826857e+02 1.500682e+04 1.056066e+04 3.560479e-02     0 2.416208e-02    20 1.270440e+02 7.073371e-02 -1.053082e-02 
1.969000e+02 1.748600e-01 -6.177127e-03 -1.246561e+00 1.052878e+04 1.505569e+04 6.817545e+02 1.500682e+04 1.056066e+04 3.286371e-02     0 2.482206e-02    20 1.270106e+02 7.034446e-02 -1.222128e-02 
  197 1.608880e-01 -6.357263e-03 -1.241368e+00 1.053255e+04 1.504360e+04 6.808250e+02 1.497379e+04 1.054753e+04 2.965685e-02     0 2.547921e-02    20 1.269776e+02 6.996494e-02 -1.373753e-02 
1.971000e+02 1.461806e-01 -6.500323e-03 -1.236679e+00 1.053638e+04 1.503153e+04 6.798970e+02 1.497379e+04 1.054753e+04 5.108216e-02     0 2.608616e-02    20 1.269451e+02 6.956959e-02 -1.511462e-02 
1.972000e+02 1.265526e-01 -6.679602e-03 -1.231889e+00 1.054025e+04 1.501948e+04 6.789703e+02 1.497379e+04 1.054753e+04 5.626425e-02     0 2.671711e-02    20 1.269131e+02 6.910920e-02 -1.732009e-02 
1.973000e+02 1.034153e-01 -6.871958e-03 -1.226822e+00 1.054417e+04 1.500744e+04 6.780447e+02 1.497379e+04 1.054753e+04 5.479881e-02     0 2.738138e-02    20 1.268816e+02 6.860336e-02 -2.050937e-02 
1.974000e+02 7.945356e-02 -7.006548e-03 -1.221828e+00 1.054813e+04 1.499542e+04 6.771200e+02 1.497379e+04 1.054753e+04 5.059953e-02     0 2.811040e-02    20 1.268506e+02 6.808489e-02 -2.417532e-02 
1.975000e+02 5.651404e-02 -7.043860e-03 -1.217492e+00 1.055211e+04 1.498342e+04 6.761957e+02 1.494330e+04 1.053540e+04 4.545276e-02     0 2.888163e-02    20 1.268201e+02 6.757920e-02 -2.760302e-02 
1.976000e+02 3.105508e-02 -7.010108e-03 -1.213859e+00 1.055613e+04 1.497143e+04 6.752715e+02 1.494330e+04 1.053540e+04 9.975522e-02     0 2.959492e-02    20 1.267901e+02 6.697608e-02 -3.100800e-02 
1.977000e+02 -1.013946e-02 -6.869903e-03 -1.209537e+00 1.056016e+04 1.495944e+04 6.743464e+02 1.494330e+04 1.053540e+04 1.000000e-01     0 3.039490e-02    20 1.267610e+02 6.602586e-02 -3.653787e-02 
1.978000e+02 -5.132357e-02 -6.435804e-03 -1.204573e+00 1.056420e+04 1.494746e+04 6.734190e+02 1.494330e+04 1.053540e+04 1.000000e-01     0 3.143232e-02    20 1.267331e+02 6.486488e-02 -4.393451e-02 
1.979000e+02 -9.682718e-02 -5.629414e-03 -1.199780e+00 1.056824e+04 1.493549e+04 6.724872e+02 1.494330e+04 1.053540e+04 1.000000e-01     0 3.277948e-02    20 1.267062e+02 6.356733e-02 -5.219353e-02 
  198 -1.432115e-01 -4.533928e-03 -1.196090e+00 1.057227e+04 1.492352e+04 6.715483e+02 1.502352e+04 1.067227e+04 9.669592e-02     0 3.403955e-02 2.002302e+01 1.266809e+02 6.215551e-02 -6.032822e-02 
1.981000e+02 -1.771172e-01 -2.639309e-02 -1.192070e+00 1.057627e+04 1.491153e+04 6.706098e+02 1.502352e+04 1.067227e+04 -6.716321e-02     0 2.617994e-01 2.392666e+01 1.266679e+02 3.740405e-02 -6.479647e-02 
1.982000e+02 -1.712815e-01 -8.165896e-02 -1.191803e+00 1.058025e+04 1.489955e+04 6.696311e+02 1.502352e+04 1.067227e+04 -1.000000e-01     0 2.617994e-01 2.750138e+01 1.267642e+02 -1.002234e-02 -5.802565e-02 
1.983000e+02 -1.409586e-01 -1.466922e-01 -1.201499e+00 1.058423e+04 1.488755e+04 6.685096e+02 1.502352e+04 1.067227e+04 -1.000000e-01     0 2.617994e-01 3.078903e+01 1.270159e+02 -5.623884e-02 -4.178202e-02 
1.984000e+02 -1.019159e-01 -2.063450e-01 -1.221136e+00 1.058821e+04 1.487554e+04 6.671483e+02 1.502352e+04 1.067227e+04 -1.000000e-01     0 2.617994e-01 3.382709e+01 1.274316e+02 -9.020787e-02 -2.008572e-02 
1.985000e+02 -5.969218e-02 -2.539799e-01 -1.247533e+00 1.059219e+04 1.486353e+04 6.654761e+02 1.496353e+04 1.069219e+04 -1.000000e-01     0 2.617994e-01 3.665244e+01 1.279975e+02 -1.094314e-01 3.878557e-03 
1.986000e+02 -1.698109e-02 -2.890112e-01 -1.276487e+00 1.059619e+04 1.485150e+04 6.634531e+02 1.496353e+04 1.069219e+04 -1.000000e-01     0 2.617994e-01 3.928697e+01 1.286910e+02 -1.163867e-01 2.734596e-02 
1.987000e+02 3.062440e-02 -3.141873e-01 -1.304154e+00 1.060017e+04 1.483946e+04 6.610653e+02 1.496353e+04 1.069219e+04 -1.000000e-01     0 2.617994e-01 4.175827e+01 1.294897e+02 -1.155809e-01 4.798407e-02 
1.988000e+02 7.577967e-02 -3.334536e-01 -1.327794e+00 1.060415e+04 1.482740e+04 6.583154e+02 1.496353e+04 1.069219e+04 -1.000000e-01     0 2.617994e-01 4.408658e+01 1.303773e+02 -1.114723e-01 6.407602e-02 
1.989000e+02 1.222601e-01 -3.502435e-01 -1.345994e+00 1.060810e+04 1.481532e+04 6.552131e+02 1.496353e+04 1.069219e+04 -1.000000e-01     0 2.617994e-01 4.628874e+01 1.313453e+02 -1.071436e-01 7.467031e-02 
  199 1.698805e-01 -3.668457e-01 -1.358494e+00 1.061202e+04 1.480321e+04 6.517689e+02 1.490321e+04 1.071202e+04 -9.379785e-02     0 2.617994e-01 4.838365e+01 1.323918e+02 -1.040945e-01 7.961210e-02 
1.991000e+02 2.167347e-01 -3.844796e-01 -1.365480e+00 1.061592e+04 1.479107e+04 6.479904e+02 1.490321e+04 1.071202e+04 -8.236785e-02     0 2.617994e-01 5.038164e+01 1.335181e+02 -1.024735e-01 7.926303e-02 
1.992000e+02 2.606515e-01 -4.036826e-01 -1.367442e+00 1.061979e+04 1.477891e+04 6.438815e+02 1.490321e+04 1.071202e+04 -7.122056e-02     0 2.617994e-01 5.229086e+01 1.347264e+02 -1.018520e-01 7.429662e-02 
1.993000e+02 3.008122e-01 -4.245172e-01 -1.365376e+00 1.062364e+04 1.476671e+04 6.394436e+02 1.490321e+04 1.071202e+04 -6.071205e-02     0 2.617994e-01 5.412682e+01 1.360177e+02 -1.017920e-01 6.578546e-02 
1.994000e+02 3.370317e-01 -4.467299e-01 -1.360596e+00 1.062746e+04 1.475448e+04 6.346763e+02 1.490321e+04 1.071202e+04 -5.103636e-02     0 2.617994e-01 5.590144e+01 1.373919e+02 -1.019881e-01 5.508289e-02 
1.995000e+02 3.694042e-01 -4.699018e-01 -1.354531e+00 1.063127e+04 1.474222e+04 6.295775e+02 1.484222e+04 1.073127e+04 -4.226612e-02     0 2.617994e-01 5.762496e+01 1.388473e+02 -1.023068e-01 4.362133e-02 
1.996000e+02 3.981413e-01 -4.935381e-01 -1.348523e+00 1.063506e+04 1.472994e+04 6.241448e+02 1.484222e+04 1.073127e+04 -3.440247e-02     0 2.617994e-01 5.930688e+01 1.403812e+02 -1.027304e-01 3.270605e-02 
1.997000e+02 4.234911e-01 -5.171435e-01 -1.343658e+00 1.063884e+04 1.471762e+04 6.183750e+02 1.484222e+04 1.073127e+04 -2.740955e-02     0 2.617994e-01 6.095591e+01 1.419910e+02 -1.032827e-01 2.335049e-02 
1.998000e+02 4.456928e-01 -5.402881e-01 -1.340641e+00 1.064261e+04 1.470527e+04 6.122646e+02 1.484222e+04 1.073127e+04 -2.123603e-02     0 2.617994e-01 6.258010e+01 1.436743e+02 -1.039726e-01 1.617715e-02 
1.999000e+02 4.649543e-01 -5.626629e-01 -1.339761e+00 1.064638e+04 1.469290e+04 6.058100e+02 1.484222e+04 1.073127e+04 -1.582805e-02     0 2.617994e-01 6.418689e+01 1.454288e+02 -1.047706e-01 1.139104e-02 
  200 4.814500e-01 -5.841158e-01 -1.340913e+00 1.065015e+04 1.468050e+04 5.990076e+02 1.478050e+04 1.075015e+04 -1.113582e-02     0 2.617994e-01 6.578309e+01 1.472528e+02 -1.056158e-01 8.820074e-03 
2.001000e+02 4.953359e-01 -6.046565e-01 -1.343694e+00 1.065390e+04 1.466808e+04 5.918539e+02 1.478050e+04 1.075015e+04 -7.115177e-03     0 2.617994e-01 6.737641e+01 1.491446e+02 -1.064399e-01 8.007687e-03 
2.002000e+02 5.053150e-01 -6.207041e-01 -1.345002e+00 1.065765e+04 1.465564e+04 5.843441e+02 1.478050e+04 1.075015e+04 -3.797123e-03     0 1.806211e-01 6.897157e+01 1.511043e+02 -1.025908e-01 8.348536e-03 
2.003000e+02 5.062514e-01 -6.194172e-01 -1.335151e+00 1.066140e+04 1.464317e+04 5.764812e+02 1.478050e+04 1.075015e+04 -1.848140e-03     0 1.463800e-01 7.057523e+01 1.530992e+02 -8.153173e-02 9.296155e-03 
2.004000e+02 5.009041e-01 -6.059970e-01 -1.317204e+00 1.066516e+04 1.463066e+04 5.683130e+02 1.478050e+04 1.075015e+04 -1.671609e-03     0 1.336904e-01 7.218709e+01 1.550721e+02 -5.251598e-02 1.036647e-02 
2.005000e+02 4.943237e-01 -5.902848e-01 -1.297780e+00 1.066901e+04 1.461808e+04 5.599109e+02 1.471808e+04 1.076901e+04 -2.628227e-03     0 1.064569e-01 7.380263e+01 1.569996e+02 -2.679084e-02 1.120925e-02 
2.006000e+02 4.879713e-01 -5.737382e-01 -1.277835e+00 1.067298e+04 1.460542e+04 5.513385e+02 1.471808e+04 1.076901e+04 -4.015262e-03     0 7.327909e-02 7.541951e+01 1.588786e+02 -4.908259e-03 1.172435e-02 
2.007000e+02 4.818705e-01 -5.546011e-01 -1.256396e+00 1.067711e+04 1.459266e+04 5.426522e+02 1.471808e+04 1.076901e+04 -5.521869e-03     0 4.718618e-02 7.703541e+01 1.607024e+02 1.549061e-02 1.200624e-02 
2.008000e+02 4.765325e-01 -5.331117e-01 -1.233850e+00 1.068144e+04 1.457979e+04 5.339078e+02 1.471808e+04 1.076901e+04 -6.993854e-03     0 2.725681e-02 7.864814e+01 1.624608e+02 3.419540e-02 1.222993e-02 
2.009000e+02 4.724974e-01 -5.104212e-01 -1.211061e+00 1.068602e+04 1.456678e+04 5.251602e+02 1.471808e+04 1.076901e+04 -8.279814e-03     0 9.019600e-03 8.025498e+01 1.641483e+02 5.029810e-02 1.255190e-02 
  201 4.698383e-01 -4.869460e-01 -1.188313e+00 1.069088e+04 1.455363e+04 5.164604e+02 1.465363e+04 1.079088e+04 -9.284534e-03     0 -6.866199e-03 8.185349e+01 1.657622e+02 6.384732e-02 1.305414e-02 
2.011000e+02 4.683860e-01 -4.627348e-01 -1.165566e+00 1.069605e+04 1.454034e+04 5.078545e+02 1.465363e+04 1.079088e+04 -9.984761e-03     0 -2.045490e-02 8.344165e+01 1.673010e+02 7.530980e-02 1.372870e-02 
2.012000e+02 4.679640e-01 -4.380007e-01 -1.142801e+00 1.070156e+04 1.452692e+04 4.993855e+02 1.465363e+04 1.079088e+04 -1.040508e-02     0 -3.032748e-02 8.501675e+01 1.687626e+02 8.484483e-02 1.449566e-02 
2.013000e+02 4.684348e-01 -4.131187e-01 -1.120039e+00 1.070743e+04 1.451336e+04 4.910923e+02 1.465363e+04 1.079088e+04 -1.057115e-02     0 -3.932385e-02 8.657784e+01 1.701470e+02 9.256466e-02 1.523295e-02 
2.014000e+02 4.696429e-01 -3.882561e-01 -1.097192e+00 1.071369e+04 1.449967e+04 4.830102e+02 1.465363e+04 1.079088e+04 -1.052190e-02     0 -4.485225e-02 8.812149e+01 1.714537e+02 9.864398e-02 1.582248e-02 
2.015000e+02 4.715018e-01 -3.636980e-01 -1.074277e+00 1.072035e+04 1.448588e+04 4.751702e+02 1.458588e+04 1.082035e+04 -1.028244e-02     0 -4.955497e-02 8.964758e+01 1.726842e+02 1.032370e-01 1.617590e-02 
2.016000e+02 4.739170e-01 -3.395431e-01 -1.051270e+00 1.072743e+04 1.447199e+04 4.675993e+02 1.458588e+04 1.082035e+04 -9.881888e-03     0 -5.188726e-02 9.115288e+01 1.738392e+02 1.064941e-01 1.625710e-02 
2.017000e+02 4.768193e-01 -3.159282e-01 -1.028227e+00 1.073492e+04 1.445803e+04 4.603206e+02 1.458588e+04 1.082035e+04 -9.337110e-03     0 -5.394640e-02 9.263827e+01 1.749211e+02 1.086250e-01 1.607547e-02 
2.018000e+02 4.801114e-01 -2.928269e-01 -1.005173e+00 1.074285e+04 1.444402e+04 4.533531e+02 1.458588e+04 1.082035e+04 -8.673409e-03     0 -5.365579e-02 9.410042e+01 1.759310e+02 1.097949e-01 1.568077e-02 
2.019000e+02 4.837179e-01 -2.703791e-01 -9.822462e-01 1.075121e+04 1.442998e+04 4.467125e+02 1.458588e+04 1.082035e+04 -7.907863e-03     0 -5.337723e-02 9.554095e+01 1.768717e+02 1.101047e-01 1.513710e-02 
  202 4.875269e-01 -2.485527e-01 -9.595036e-01 1.076000e+04 1.441593e+04 4.404108e+02 1.451593e+04 1.086000e+04 -7.066727e-03     0 -5.123955e-02 9.695666e+01 1.777448e+02 1.096657e-01 1.451217e-02 
2.021000e+02 4.914428e-01 -2.274324e-01 -9.370553e-01 1.076922e+04 1.440190e+04 4.344570e+02 1.451593e+04 1.086000e+04 -6.171371e-03     0 -4.938040e-02 9.834984e+01 1.785536e+02 1.085893e-01 1.385840e-02 
2.022000e+02 4.953587e-01 -2.069603e-01 -9.149192e-01 1.077887e+04 1.438791e+04 4.288570e+02 1.451593e+04 1.086000e+04 -5.249681e-03     0 -4.584571e-02 9.971740e+01 1.793000e+02 1.069787e-01 1.321363e-02 
2.023000e+02 4.992112e-01 -1.873144e-01 -8.932214e-01 1.078894e+04 1.437398e+04 4.236143e+02 1.451593e+04 1.086000e+04 -4.320530e-03     0 -4.292857e-02   100 1.799846e+02 1.048122e-01 1.259497e-02 
2.024000e+02 5.029237e-01 -1.683793e-01 -8.719136e-01 1.079941e+04 1.436015e+04 4.187292e+02 1.451593e+04 1.086000e+04 -3.406753e-03     0 -3.539800e-02   100 1.806037e+02 1.022606e-01 1.200962e-02 
2.025000e+02 5.065328e-01 -1.511351e-01 -8.515442e-01 1.081028e+04 1.434642e+04 4.142007e+02 1.444642e+04 1.091028e+04 -2.514139e-03     0 -2.942340e-02   100 1.811618e+02 9.839228e-02 1.145096e-02 
2.026000e+02 5.099451e-01 -1.351376e-01 -8.318644e-01 1.082154e+04 1.433282e+04 4.100215e+02 1.444642e+04 1.091028e+04 -1.650059e-03     0 -2.469482e-02   100 1.816666e+02 9.404719e-02 1.090887e-02 
2.027000e+02 5.130931e-01 -1.198275e-01 -8.125657e-01 1.083316e+04 1.431936e+04 4.061819e+02 1.444642e+04 1.091028e+04 -8.338703e-04     0 -1.772577e-02   100 1.821204e+02 8.979317e-02 1.038485e-02 
2.028000e+02 5.159879e-01 -1.053669e-01 -7.937472e-01 1.084512e+04 1.430606e+04 4.026717e+02 1.444642e+04 1.091028e+04 -7.303557e-05     0 -1.342381e-02   100 1.825268e+02 8.549872e-02 9.882555e-03 
2.029000e+02 5.186196e-01 -9.147402e-02 -7.752589e-01 1.085743e+04 1.429293e+04 3.994796e+02 1.444642e+04 1.091028e+04 6.277848e-04     0 -4.986332e-03   100 1.828879e+02 8.141769e-02 9.409665e-03 
  203 5.210361e-01 -7.887866e-02 -7.575281e-01 1.087005e+04 1.427999e+04 3.965949e+02 1.437999e+04 1.097005e+04 1.271953e-03     0 1.443615e-03   100 1.832069e+02 7.674139e-02 8.971622e-03 
2.031000e+02 5.232182e-01 -6.713657e-02 -7.403096e-01 1.088297e+04 1.426724e+04 3.940038e+02 1.437999e+04 1.097005e+04 1.862209e-03     0 5.295012e-03   100 1.834893e+02 7.214599e-02 8.571490e-03 
2.032000e+02 5.251576e-01 -5.566298e-02 -7.232723e-01 1.089617e+04 1.425470e+04 3.916921e+02 1.437999e+04 1.097005e+04 2.395411e-03     0 1.332620e-02   100 1.837359e+02 6.813016e-02 8.214306e-03 
2.033000e+02 5.269014e-01 -4.527647e-02 -7.068932e-01 1.090965e+04 1.424236e+04 3.896477e+02 1.437999e+04 1.097005e+04 2.875645e-03     0 1.959394e-02   100 1.839488e+02 6.371872e-02 7.900117e-03 
2.034000e+02 5.284515e-01 -3.569870e-02 -6.910110e-01 1.092338e+04 1.423024e+04 3.878564e+02 1.437999e+04 1.097005e+04 3.307668e-03     0 2.337356e-02   100 1.841329e+02 5.937685e-02 7.625149e-03 
2.035000e+02 5.298151e-01 -2.637617e-02 -6.753003e-01 1.093735e+04 1.421834e+04 3.863037e+02 1.431834e+04 1.103735e+04 3.692808e-03     0 3.030481e-02   100 1.842890e+02 5.559588e-02 7.386338e-03 
2.036000e+02 5.310245e-01 -1.795558e-02 -6.601356e-01 1.095155e+04 1.420665e+04 3.849774e+02 1.431834e+04 1.103735e+04 4.035742e-03     0 3.612962e-02   100 1.844188e+02 5.158152e-02 7.178975e-03 
2.037000e+02 5.320904e-01 -1.025209e-02 -6.454055e-01 1.096596e+04 1.419519e+04 3.838639e+02 1.431834e+04 1.103735e+04 4.341060e-03     0 3.986331e-02   100 1.845262e+02 4.765051e-02 6.997711e-03 
2.038000e+02 5.330272e-01 -2.834868e-03 -6.308529e-01 1.098058e+04 1.418396e+04 3.829495e+02 1.431834e+04 1.103735e+04 4.612057e-03     0 4.575348e-02   100 1.846121e+02 4.418536e-02 6.838743e-03 
2.039000e+02 5.338529e-01 3.836131e-03 -6.167459e-01 1.099538e+04 1.417295e+04 3.822224e+02 1.431834e+04 1.103735e+04 4.852787e-03     0 5.094943e-02   100 1.846780e+02 4.060515e-02 6.698817e-03 
  204 5.345777e-01 9.897892e-03 -6.030029e-01 1.101037e+04 1.416216e+04 3.816700e+02 1.426216e+04 1.111037e+04 5.066537e-03     0 5.449400e-02   100 1.847270e+02 3.713156e-02 6.575259e-03 
2.041000e+02 5.352152e-01 1.568434e-02 -5.894250e-01 1.102552e+04 1.415160e+04 3.812800e+02 1.426216e+04 1.111037e+04 5.256402e-03     0 5.915540e-02   100 1.847600e+02 3.405701e-02 6.466320e-03 
2.042000e+02 5.357745e-01 2.092637e-02 -5.761705e-01 1.104083e+04 1.414126e+04 3.810415e+02 1.426216e+04 1.111037e+04 5.425274e-03     0 6.392386e-02   100 1.847780e+02 3.101776e-02 6.370651e-03 
2.043000e+02 5.362605e-01 2.553825e-02 -5.632906e-01 1.105630e+04 1.413115e+04 3.809438e+02 1.426216e+04 1.111037e+04 5.575074e-03     0 6.786059e-02   100 1.847832e+02 2.793126e-02 6.287103e-03 
2.044000e+02 5.366820e-01 2.975605e-02 -5.506451e-01 1.107190e+04 1.412126e+04 3.809756e+02 1.426216e+04 1.111037e+04 5.707451e-03     0 7.097572e-02   100 1.847777e+02 2.507410e-02 6.214609e-03 
2.045000e+02 5.370498e-01 3.375089e-02 -5.381317e-01 1.108764e+04 1.411158e+04 3.811264e+02 1.421158e+04 1.118764e+04 5.824787e-03     0 7.481242e-02   100 1.847617e+02 2.255100e-02 6.152033e-03 
2.046000e+02 5.373667e-01 3.731520e-02 -5.258733e-01 1.110351e+04 1.410212e+04 3.813873e+02 1.421158e+04 1.118764e+04 5.928770e-03     0 7.828388e-02   100 1.847363e+02 2.008252e-02 6.098323e-03 
2.047000e+02 5.376368e-01 4.046021e-02 -5.138632e-01 1.111950e+04 1.409288e+04 3.817493e+02 1.421158e+04 1.118764e+04 6.020458e-03     0 8.138242e-02   100 1.847029e+02 1.768268e-02 6.052511e-03 
2.048000e+02 5.378662e-01 4.327973e-02 -5.020451e-01 1.113560e+04 1.408384e+04 3.822034e+02 1.421158e+04 1.118764e+04 6.101088e-03     0 8.438618e-02   100 1.846626e+02 1.543354e-02 6.013614e-03 
2.049000e+02 5.380594e-01 4.579515e-02 -4.904058e-01 1.115181e+04 1.407502e+04 3.827416e+02 1.421158e+04 1.118764e+04 6.171904e-03     0 8.724510e-02   100 1.846164e+02 1.332517e-02 5.980708e-03 
  205 5.382201e-01 4.801303e-02 -4.789414e-01 1.116812e+04 1.406641e+04 3.833560e+02 1.416641e+04 1.126812e+04 6.233948e-03     0 8.989509e-02   100 1.845651e+02 1.133824e-02 5.953003e-03 
2.051000e+02 5.383520e-01 4.995868e-02 -4.676364e-01 1.118454e+04 1.405800e+04 3.840393e+02 1.416641e+04 1.126812e+04 6.288158e-03     0 9.236598e-02   100 1.845095e+02 9.476006e-03 5.929832e-03 
2.052000e+02 5.384585e-01 5.165600e-02 -4.564766e-01 1.120104e+04 1.404980e+04 3.847846e+02 1.416641e+04 1.126812e+04 6.335417e-03     0 9.467740e-02   100 1.844503e+02 7.738542e-03 5.910631e-03 
2.053000e+02 5.385424e-01 5.312242e-02 -4.454516e-01 1.121764e+04 1.404179e+04 3.855855e+02 1.416641e+04 1.126812e+04 6.376508e-03     0 9.682655e-02   100 1.843883e+02 6.119399e-03 5.894923e-03 
2.054000e+02 5.386064e-01 5.437538e-02 -4.345510e-01 1.123432e+04 1.403399e+04 3.864359e+02 1.416641e+04 1.126812e+04 6.412121e-03     0 9.881767e-02   100 1.843239e+02 4.613527e-03 5.882300e-03 
2.055000e+02 5.386528e-01 5.543266e-02 -4.237642e-01 1.125108e+04 1.402638e+04 3.873304e+02 1.412638e+04 1.135108e+04 6.442873e-03     0 1.006602e-01   100 1.842578e+02 3.217078e-03 5.872399e-03 
2.056000e+02 5.386835e-01 5.631073e-02 -4.130814e-01 1.126792e+04 1.401897e+04 3.882636e+02 1.412638e+04 1.135108e+04 6.469313e-03     0 1.023608e-01   100 1.841905e+02 1.925461e-03 5.864891e-03 
2.057000e+02 5.387005e-01 5.702488e-02 -4.024936e-01 1.128484e+04 1.401175e+04 3.892307e+02 1.412638e+04 1.135108e+04 6.491929e-03     0 1.039254e-01   100 1.841223e+02 7.338022e-04 5.859468e-03 
2.058000e+02 5.387052e-01 5.758977e-02 -3.919921e-01 1.130182e+04 1.400473e+04 3.902273e+02 1.412638e+04 1.135108e+04 6.511159e-03     0 1.053608e-01   100 1.840538e+02 -3.625528e-04 5.855849e-03 
2.059000e+02 5.386993e-01 5.801922e-02 -3.815687e-01 1.131888e+04 1.399789e+04 3.912492e+02 1.412638e+04 1.135108e+04 6.527390e-03     0 1.066737e-01   100 1.839852e+02 -1.368207e-03 5.853777e-03 
  206 5.386840e-01 5.832625e-02 -3.712158e-01 1.133600e+04 1.399124e+04 3.922927e+02 1.409124e+04 1.143600e+04 6.540973e-03     0 1.078705e-01   100 1.839168e+02 -2.287782e-03 5.853019e-03 
2.061000e+02 5.386604e-01 5.852304e-02 -3.609260e-01 1.135318e+04 1.398478e+04 3.933542e+02 1.409124e+04 1.143600e+04 6.552216e-03     0 1.089575e-01   100 1.838490e+02 -3.125841e-03 5.853371e-03 
2.062000e+02 5.386295e-01 5.862106e-02 -3.506928e-01 1.137042e+04 1.397851e+04 3.944306e+02 1.409124e+04 1.143600e+04 6.561397e-03     0 1.099411e-01   100 1.837820e+02 -3.886851e-03 5.854656e-03 
2.063000e+02 5.385924e-01 5.863102e-02 -3.405098e-01 1.138773e+04 1.397242e+04 3.955190e+02 1.409124e+04 1.143600e+04 6.568760e-03     0 1.108273e-01   100 1.837160e+02 -4.575197e-03 5.856721e-03 
2.064000e+02 5.385497e-01 5.856292e-02 -3.303712e-01 1.140509e+04 1.396652e+04 3.966168e+02 1.409124e+04 1.143600e+04 6.574522e-03     0 1.116220e-01   100 1.836511e+02 -5.195170e-03 5.859436e-03 
2.065000e+02 5.385022e-01 5.842608e-02 -3.202715e-01 1.142250e+04 1.396080e+04 3.977214e+02 1.406080e+04 1.152250e+04 6.578877e-03     0 1.123311e-01   100 1.835876e+02 -5.750950e-03 5.862688e-03 
2.066000e+02 5.384505e-01 5.822913e-02 -3.102058e-01 1.143997e+04 1.395526e+04 3.988309e+02 1.406080e+04 1.152250e+04 6.581992e-03     0 1.129602e-01   100 1.835256e+02 -6.246596e-03 5.866382e-03 
2.067000e+02 5.383952e-01 5.798009e-02 -3.001694e-01 1.145748e+04 1.394991e+04 3.999432e+02 1.406080e+04 1.152250e+04 6.584020e-03     0 1.135147e-01   100 1.834652e+02 -6.686047e-03 5.870434e-03 
2.068000e+02 5.383368e-01 5.768635e-02 -2.901581e-01 1.147504e+04 1.394474e+04 4.010567e+02 1.406080e+04 1.152250e+04 6.585094e-03     0 1.139998e-01   100 1.834064e+02 -7.073108e-03 5.874771e-03 
2.069000e+02 5.382756e-01 5.735471e-02 -2.801680e-01 1.149265e+04 1.393974e+04 4.021697e+02 1.406080e+04 1.152250e+04 6.585332e-03     0 1.144205e-01   100 1.833493e+02 -7.411449e-03 5.879328e-03 
  207 5.382122e-01 5.699143e-02 -2.701955e-01 1.151031e+04 1.393493e+04 4.032809e+02 1.403493e+04 1.161031e+04 6.584841e-03     0 1.147817e-01   100 1.832941e+02 -7.704601e-03 5.884048e-03 
2.071000e+02 5.381468e-01 5.660222e-02 -2.602373e-01 1.152801e+04 1.393030e+04 4.043891e+02 1.403493e+04 1.161031e+04 6.583716e-03     0 1.150879e-01   100 1.832407e+02 -7.955949e-03 5.888883e-03 
2.072000e+02 5.380797e-01 5.619230e-02 -2.502906e-01 1.154574e+04 1.392585e+04 4.054933e+02 1.403493e+04 1.161031e+04 6.582040e-03     0 1.153436e-01   100 1.831891e+02 -8.168735e-03 5.893789e-03 
2.073000e+02 5.380113e-01 5.576641e-02 -2.403526e-01 1.156352e+04 1.392157e+04 4.065926e+02 1.403493e+04 1.161031e+04 6.579891e-03     0 1.155531e-01   100 1.831393e+02 -8.346053e-03 5.898729e-03 
2.074000e+02 5.379418e-01 5.532884e-02 -2.304210e-01 1.158133e+04 1.391748e+04 4.076862e+02 1.403493e+04 1.161031e+04 6.577336e-03     0 1.157201e-01   100 1.830914e+02 -8.490849e-03 5.903670e-03 
2.075000e+02 5.378714e-01 5.488347e-02 -2.204937e-01 1.159918e+04 1.391357e+04 4.087734e+02 1.401357e+04 1.169918e+04 6.574437e-03     0 1.158486e-01   100 1.830454e+02 -8.605923e-03 5.908587e-03 
2.076000e+02 5.378003e-01 5.443375e-02 -2.105688e-01 1.161707e+04 1.390983e+04 4.098538e+02 1.401357e+04 1.169918e+04 6.571250e-03     0 1.159422e-01   100 1.830012e+02 -8.693930e-03 5.913456e-03 
2.077000e+02 5.377288e-01 5.398280e-02 -2.006446e-01 1.163499e+04 1.390628e+04 4.109268e+02 1.401357e+04 1.169918e+04 6.567823e-03     0 1.160041e-01   100 1.829587e+02 -8.757376e-03 5.918259e-03 
2.078000e+02 5.376569e-01 5.353337e-02 -1.907197e-01 1.165293e+04 1.390290e+04 4.119921e+02 1.401357e+04 1.169918e+04 6.564202e-03     0 1.160375e-01   100 1.829180e+02 -8.798629e-03 5.922979e-03 
2.079000e+02 5.375848e-01 5.308788e-02 -1.807930e-01 1.167091e+04 1.389971e+04 4.130495e+02 1.401357e+04 1.169918e+04 6.560427e-03     0 1.160455e-01   100 1.828791e+02 -8.819915e-03 5.927603e-03 
  208 5.375127e-01 5.264846e-02 -1.708634e-01 1.168892e+04 1.389669e+04 4.140987e+02 1.399669e+04 1.178892e+04 6.556534e-03     0 1.160308e-01   100 1.828418e+02 -8.823323e-03 5.932120e-03 
2.081000e+02 5.374407e-01 5.221697e-02 -1.609301e-01 1.170695e+04 1.389385e+04 4.151396e+02 1.399669e+04 1.178892e+04 6.552557e-03     0 1.159960e-01   100 1.828061e+02 -8.810808e-03 5.936521e-03 
2.082000e+02 5.373688e-01 5.179498e-02 -1.509926e-01 1.172500e+04 1.389119e+04 4.161723e+02 1.399669e+04 1.178892e+04 6.548525e-03     0 1.159435e-01   100 1.827719e+02 -8.784197e-03 5.940798e-03 
2.083000e+02 5.372973e-01 5.138386e-02 -1.410504e-01 1.174308e+04 1.388872e+04 4.171966e+02 1.399669e+04 1.178892e+04 6.544464e-03     0 1.158757e-01   100 1.827393e+02 -8.745191e-03 5.944945e-03 
2.084000e+02 5.372261e-01 5.098474e-02 -1.311034e-01 1.176118e+04 1.388642e+04 4.182126e+02 1.399669e+04 1.178892e+04 6.540400e-03     0 1.157944e-01   100 1.827082e+02 -8.695370e-03 5.948958e-03 
2.085000e+02 5.371553e-01 5.059855e-02 -1.211518e-01 1.177930e+04 1.388430e+04 4.192204e+02  1000  5000 6.536352e-03     0 1.157018e-01   100 1.826784e+02 -8.636195e-03 5.952832e-03 
2.086000e+02 5.198012e-01 1.065679e-01 -7.433422e-02 1.179743e+04 1.388236e+04 4.202023e+02  1000  5000 1.000000e-01     0 -2.617994e-01   100 1.826181e+02 5.829022e-02 1.899074e-03 
2.087000e+02 4.829174e-01 2.282190e-01 2.085146e-02 1.181556e+04 1.388070e+04 4.213801e+02  1000  5000 1.000000e-01     0 -2.617994e-01   100 1.821123e+02 1.770863e-01 -1.753070e-02 
2.088000e+02 4.503822e-01 3.381310e-01 1.084744e-01 1.183359e+04 1.387956e+04 4.232024e+02  1000  5000 1.000000e-01     0 -2.617994e-01   100 1.810762e+02 2.564182e-01 -4.752595e-02 
2.089000e+02 4.201765e-01 4.155097e-01 1.744863e-01 1.185141e+04 1.387903e+04 4.259602e+02  1000  5000 1.000000e-01     0 -2.617994e-01   100 1.796598e+02 2.832400e-01 -7.539352e-02 
  209 3.850646e-01 4.712530e-01 2.155965e-01 1.186889e+04 1.387910e+04 4.297332e+02  1000  5000 1.000000e-01     0 -2.617994e-01   100 1.780256e+02 2.781923e-01 -9.279852e-02 
2.091000e+02 3.398626e-01 5.220941e-01 2.366708e-01 1.188594e+04 1.387968e+04 4.344761e+02  1000  5000 1.000000e-01     0 -2.617994e-01   100 1.762691e+02 2.641442e-01 -9.823814e-02 
2.092000e+02 2.825093e-01 5.778999e-01 2.432495e-01 1.190252e+04 1.388068e+04 4.401112e+02  1000  5000 1.000000e-01     0 -2.617994e-01   100 1.744194e+02 2.538937e-01 -9.471876e-02 
2.093000e+02 2.133215e-01 6.401322e-01 2.389779e-01 1.191856e+04 1.388197e+04 4.465744e+02  1000  5000 1.000000e-01     0 -2.463994e-01   100 1.724695e+02 2.503031e-01 -8.691754e-02 
2.094000e+02 1.323108e-01 6.933197e-01 2.232593e-01 1.193402e+04 1.388345e+04 4.538239e+02  1000  5000 1.000000e-01     0 -1.386945e-01   100 1.704068e+02 2.383693e-01 -7.868597e-02 
2.095000e+02 4.239458e-02 7.174115e-01 1.975867e-01 1.194889e+04 1.388500e+04 4.617879e+02  1000  5000 1.000000e-01     0 -1.243007e-01   100 1.683103e+02 2.047518e-01 -7.071289e-02 
2.096000e+02 -5.452702e-02 7.312465e-01 1.706664e-01 1.196319e+04 1.388654e+04 4.703199e+02  1000  5000 1.000000e-01     0 -1.024895e-01   100 1.662424e+02 1.717776e-01 -6.343672e-02 
2.097000e+02 -1.458083e-01 7.434815e-01 1.457594e-01 1.197699e+04 1.388798e+04 4.792838e+02  1000  5000 1.000000e-01     0 -5.588818e-02   100 1.641951e+02 1.456208e-01 -5.823400e-02 
2.098000e+02 -2.335600e-01 7.497376e-01 1.249850e-01 1.199034e+04 1.388928e+04 4.885745e+02  1000  5000 1.000000e-01     0 -1.463268e-02   100 1.621654e+02 1.200434e-01 -5.555988e-02 
2.099000e+02 -3.149071e-01 7.494308e-01 1.094908e-01 1.200330e+04 1.389039e+04 4.980956e+02  1000  5000 8.478560e-02     0 1.536905e-02   100 1.601677e+02 9.387568e-02 -5.472842e-02 
  210 -3.849380e-01 7.451002e-01 9.739238e-02 1.201592e+04 1.389132e+04 5.077567e+02  1000  5000 6.535270e-02     0 4.614398e-02   100 1.582119e+02 6.953095e-02 -5.372039e-02 
2.101000e+02 -4.423004e-01 7.371779e-01 8.652074e-02 1.202825e+04 1.389206e+04 5.174815e+02  1000  5000 4.854902e-02     0 7.567960e-02   100 1.563025e+02 4.741156e-02 -5.091283e-02 
2.102000e+02 -4.886722e-01 7.254234e-01 7.601217e-02 1.204035e+04 1.389261e+04 5.272070e+02  1000  5000 3.452217e-02     0 1.026422e-01   100 1.544436e+02 2.711172e-02 -4.584654e-02 
2.103000e+02 -5.260255e-01 7.100834e-01 6.591293e-02 1.205227e+04 1.389301e+04 5.368807e+02  1000  5000 2.301459e-02     0 1.264268e-01   100 1.526391e+02 8.456735e-03 -3.890315e-02 
2.104000e+02 -5.558250e-01 6.918619e-01 5.672251e-02 1.206404e+04 1.389326e+04 5.464585e+02  1000  5000 1.366864e-02     0 1.490962e-01   100 1.508914e+02 -8.586302e-03 -3.094764e-02 
2.105000e+02 -5.789184e-01 6.714373e-01 4.919057e-02 1.207570e+04 1.389338e+04 5.559031e+02  1000  5000 6.195412e-03     0 1.689493e-01   100 1.492021e+02 -2.420313e-02 -2.298039e-02 
2.106000e+02 -5.959371e-01 6.495459e-01 4.385351e-02 1.208728e+04 1.389340e+04 5.651829e+02  1000  5000 3.822713e-04     0 1.894700e-01   100 1.475722e+02 -3.852479e-02 -1.588903e-02 
2.107000e+02 -6.074145e-01 6.266213e-01 4.109208e-02 1.209880e+04 1.389334e+04 5.742705e+02  1000  5000 -3.923341e-03     0 2.052029e-01   100 1.460033e+02 -5.177884e-02 -1.029805e-02 
2.108000e+02 -6.141765e-01 6.032545e-01 4.075495e-02 1.211030e+04 1.389321e+04 5.831423e+02  1000  5000 -6.890281e-03     0 2.228945e-01   100 1.444967e+02 -6.384352e-02 -6.523748e-03 
2.109000e+02 -6.169687e-01 5.794268e-01 4.281591e-02 1.212180e+04 1.389303e+04 5.917779e+02  1000  5000 -8.695723e-03     0 2.362896e-01   100 1.430542e+02 -7.502603e-02 -4.587746e-03 
  211 -6.168864e-01 5.555240e-01 4.662621e-02 1.213330e+04 1.389282e+04 6.001591e+02  1000  5000 -9.557069e-03     0 2.473660e-01   100 1.416777e+02 -8.494549e-02 -4.281107e-03 
2.111000e+02 -6.149881e-01 5.317908e-01 5.152610e-02 1.214483e+04 1.389258e+04 6.082704e+02  1000  5000 -9.724445e-03     0 2.571629e-01   100 1.403682e+02 -9.336376e-02 -5.246136e-03 
2.112000e+02 -6.121270e-01 5.081687e-01 5.702269e-02 1.215641e+04 1.389235e+04 6.160987e+02  1000  5000 -9.439702e-03     0 2.617321e-01   100 1.391259e+02 -1.003664e-01 -7.057401e-03 
2.113000e+02 -6.092181e-01 4.851367e-01 6.222999e-02 1.216803e+04 1.389212e+04 6.236333e+02  1000  5000 -8.917436e-03     0 2.617994e-01   100 1.379515e+02 -1.053306e-01 -9.293573e-03 
2.114000e+02 -6.070102e-01 4.633361e-01 6.626130e-02 1.217971e+04 1.389191e+04 6.308662e+02  1000  5000 -8.378936e-03     0 2.617994e-01   100 1.368427e+02 -1.077141e-01 -1.158927e-02 
2.115000e+02 -6.057435e-01 4.426200e-01 6.894376e-02 1.219145e+04 1.389171e+04 6.377934e+02  1000  5000 -7.974102e-03     0 2.617994e-01   100 1.357968e+02 -1.079888e-01 -1.366757e-02 
2.116000e+02 -6.053519e-01 4.223980e-01 7.054210e-02 1.220324e+04 1.389154e+04 6.444140e+02  1000  5000 -7.763943e-03     0 2.617994e-01   100 1.348118e+02 -1.070631e-01 -1.535192e-02 
2.117000e+02 -6.056636e-01 4.020661e-01 7.142023e-02 1.221510e+04 1.389138e+04 6.507289e+02  1000  5000 -7.748303e-03     0 2.617994e-01   100 1.338876e+02 -1.057444e-01 -1.656057e-02 
2.118000e+02 -6.065031e-01 3.812238e-01 7.187096e-02 1.222701e+04 1.389124e+04 6.567393e+02  1000  5000 -7.898715e-03     0 2.617994e-01   100 1.330251e+02 -1.045251e-01 -1.729056e-02 
2.119000e+02 -6.077203e-01 3.597000e-01 7.208331e-02 1.223898e+04 1.389112e+04 6.624461e+02  1000  5000 -8.179165e-03     0 2.617994e-01   100 1.322262e+02 -1.036027e-01 -1.759693e-02 
  212 -6.091894e-01 3.374959e-01 7.216478e-02 1.225101e+04 1.389101e+04 6.678496e+02  1000  5000 -8.555072e-03     0 2.617994e-01   100 1.314927e+02 -1.029820e-01 -1.757071e-02 
2.121000e+02 -6.108014e-01 3.147070e-01 7.217619e-02 1.226309e+04 1.389091e+04 6.729494e+02  1000  5000 -8.995581e-03     0 2.617994e-01   100 1.308269e+02 -1.025796e-01 -1.731826e-02 
2.122000e+02 -6.124604e-01 2.914581e-01 7.215845e-02 1.227523e+04 1.389083e+04 6.777448e+02  1000  5000 -9.473461e-03     0 2.617994e-01   100 1.302303e+02 -1.022981e-01 -1.694393e-02 
2.123000e+02 -6.141790e-01 2.683488e-01 7.179943e-02 1.228743e+04 1.389076e+04 6.822347e+02  1000  5000 -9.970071e-03     0 2.457874e-01   100 1.297050e+02 -1.014008e-01 -1.653722e-02 
2.124000e+02 -6.162623e-01 2.476083e-01 6.958013e-02 1.229968e+04 1.389070e+04 6.864179e+02  1000  5000 -1.051111e-02     0 2.335594e-01   100 1.292494e+02 -9.751706e-02 -1.616546e-02 
2.125000e+02 -6.186197e-01 2.295931e-01 6.531985e-02 1.231199e+04 1.389065e+04 6.902988e+02  1000  5000 -1.112460e-02     0 2.246932e-01   100 1.288571e+02 -9.087530e-02 -1.586900e-02 
2.126000e+02 -6.209684e-01 2.133323e-01 5.976001e-02 1.232435e+04 1.389060e+04 6.938863e+02  1000  5000 -1.178318e-02     0 2.184652e-01   100 1.285224e+02 -8.306064e-02 -1.565983e-02 
2.127000e+02 -6.230874e-01 1.978394e-01 5.362829e-02 1.233675e+04 1.389054e+04 6.971915e+02  1000  5000 -1.243401e-02     0 2.064491e-01   100 1.282429e+02 -7.531330e-02 -1.552710e-02 
2.128000e+02 -6.249785e-01 1.833107e-01 4.677454e-02 1.234920e+04 1.389046e+04 7.002252e+02  1000  5000 -1.304612e-02     0 1.922332e-01   100 1.280168e+02 -6.735115e-02 -1.544608e-02 
2.129000e+02 -6.266913e-01 1.701674e-01 3.891710e-02 1.236169e+04 1.389035e+04 7.029981e+02  1000  5000 -1.361423e-02     0 1.785625e-01   100 1.278408e+02 -5.875133e-02 -1.538656e-02 
  213 -6.282334e-01 1.584562e-01 3.009622e-02 1.237421e+04 1.389019e+04 7.055227e+02  1000  5000 -1.414042e-02     0 1.654814e-01   100 1.277111e+02 -4.958788e-02 -1.531948e-02 
2.131000e+02 -6.295932e-01 1.480029e-01 2.070730e-02 1.238677e+04 1.388999e+04 7.078124e+02  1000  5000 -1.462435e-02     0 1.523708e-01   100 1.276237e+02 -4.015866e-02 -1.522176e-02 
2.132000e+02 -6.307684e-01 1.386595e-01 1.217188e-02 1.239935e+04 1.388973e+04 7.098812e+02  1000  5000 -1.506466e-02     0 1.391123e-01   100 1.275748e+02 -3.068217e-02 -1.507900e-02 
2.133000e+02 -6.317674e-01 1.303580e-01 -1.119007e-02 1.241197e+04 1.388939e+04 7.117432e+02  1000  5000 -1.546142e-02     0 1.259595e-01   100 1.275610e+02 -2.126074e-02 -1.488602e-02 
2.134000e+02 -6.326016e-01 1.230585e-01 -2.052186e-02 1.242461e+04 1.388897e+04 7.134129e+02  1000  5000 -1.581621e-02     0 1.131484e-01   100 1.275787e+02 -1.195780e-02 -1.464596e-02 
2.135000e+02 -6.332808e-01 1.167167e-01 -3.310645e-02 1.243727e+04 1.388845e+04 7.149046e+02  1000  5000 -1.613163e-02     0 9.926935e-02 9.993057e+01 1.276245e+02 -2.834652e-03 -1.436839e-02 
2.136000e+02 -6.338272e-01 1.114324e-01 -4.709170e-02 1.244995e+04 1.388783e+04 7.162323e+02  1000  5000 -1.640989e-02     0 8.783341e-02 9.984856e+01 1.276942e+02 6.223103e-03 -1.406687e-02 
2.137000e+02 -6.342342e-01 1.069730e-01 -6.190982e-02 1.246265e+04 1.388709e+04 7.174104e+02  1000  5000 -1.665397e-02     0 7.817615e-02 9.984272e+01 1.277847e+02 1.490389e-02 -1.375637e-02 
2.138000e+02 -6.344911e-01 1.030600e-01 -7.721575e-02 1.247536e+04 1.388621e+04 7.184529e+02  1000  5000 -1.686236e-02     0 6.739449e-02 9.990706e+01 1.278938e+02 2.293288e-02 -1.345195e-02 
2.139000e+02 -6.346143e-01 9.976808e-02 -9.299351e-02 1.248808e+04 1.388520e+04 7.193726e+02  1000  5000 -1.703578e-02     0 5.574017e-02   100 1.280198e+02 3.048437e-02 -1.316613e-02 
  214 -6.346349e-01 9.733038e-02 -1.093763e-01 1.250081e+04 1.388404e+04 7.201817e+02  1000  5000 -1.717798e-02     0 4.586345e-02   100 1.281595e+02 3.787576e-02 -1.290742e-02 
2.141000e+02 -6.345633e-01 9.565736e-02 -1.262758e-01 1.251355e+04 1.388272e+04 7.208926e+02  1000  5000 -1.729397e-02     0 3.802006e-02   100 1.283097e+02 4.497765e-02 -1.268013e-02 
2.142000e+02 -6.343961e-01 9.447545e-02 -1.434761e-01 1.252629e+04 1.388124e+04 7.215171e+02  1000  5000 -1.738535e-02     0 2.976600e-02   100 1.284678e+02 5.151660e-02 -1.248586e-02 
2.143000e+02 -6.341448e-01 9.372395e-02 -1.609247e-01 1.253902e+04 1.387958e+04 7.220666e+02  1000  5000 -1.745349e-02     0 2.228130e-02   100 1.286322e+02 5.750567e-02 -1.232351e-02 
2.144000e+02 -6.338239e-01 9.338242e-02 -1.786038e-01 1.255175e+04 1.387774e+04 7.225512e+02  1000  5000 -1.750104e-02     0 1.513162e-02   100 1.288009e+02 6.299860e-02 -1.218962e-02 
2.145000e+02 -6.334508e-01 9.345965e-02 -1.965211e-01 1.256447e+04 1.387571e+04 7.229807e+02  1000  5000 -1.753157e-02     0 8.619849e-03   100 1.289725e+02 6.807479e-02 -1.207922e-02 
2.146000e+02 -6.330409e-01 9.393105e-02 -2.146623e-01 1.257718e+04 1.387348e+04 7.233642e+02  1000  5000 -1.754894e-02     0 2.797751e-03   100 1.291452e+02 7.276309e-02 -1.198673e-02 
2.147000e+02 -6.326066e-01 9.474007e-02 -2.329905e-01 1.258987e+04 1.387106e+04 7.237101e+02  1000  5000 -1.755666e-02     0 -2.439063e-03   100 1.293175e+02 7.705488e-02 -1.190684e-02 
2.148000e+02 -6.321580e-01 9.582951e-02 -2.514686e-01 1.260253e+04 1.386843e+04 7.240264e+02  1000  5000 -1.755775e-02     0 -7.163172e-03   100 1.294883e+02 8.094477e-02 -1.183503e-02 
2.149000e+02 -6.317045e-01 9.715508e-02 -2.700684e-01 1.261517e+04 1.386558e+04 7.243204e+02  1000  5000 -1.755483e-02     0 -1.139119e-02   100 1.296563e+02 8.444359e-02 -1.176778e-02 
  215 -6.312534e-01 9.868121e-02 -2.887678e-01 1.262778e+04 1.386253e+04 7.245988e+02  1000  5000 -1.755012e-02     0 -1.512968e-02   100 1.298206e+02 8.757032e-02 -1.170266e-02 
2.151000e+02 -6.308104e-01 1.003751e-01 -3.075458e-01 1.264034e+04 1.385925e+04 7.248678e+02  1000  5000 -1.754545e-02     0 -1.839985e-02   100 1.299804e+02 9.034425e-02 -1.163818e-02 
2.152000e+02 -6.303792e-01 1.022054e-01 -3.263817e-01 1.265287e+04 1.385575e+04 7.251329e+02  1000  5000 -1.754219e-02     0 -2.123278e-02   100 1.301350e+02 9.278374e-02 -1.157370e-02 
2.153000e+02 -6.299618e-01 1.041435e-01 -3.452563e-01 1.266534e+04 1.385203e+04 7.253990e+02  1000  5000 -1.754127e-02     0 -2.365965e-02   100 1.302838e+02 9.490762e-02 -1.150913e-02 
2.154000e+02 -6.295590e-01 1.061638e-01 -3.641522e-01 1.267776e+04 1.384809e+04 7.256706e+02  1000  5000 -1.754321e-02     0 -2.570887e-02   100 1.304264e+02 9.673572e-02 -1.144481e-02 
2.155000e+02 -6.291704e-01 1.082436e-01 -3.830539e-01 1.269013e+04 1.384392e+04 7.259517e+02  1000  5000 -1.754823e-02     0 -2.740762e-02   100 1.305622e+02 9.828836e-02 -1.138122e-02 
2.156000e+02 -6.287951e-01 1.103625e-01 -4.019475e-01 1.270242e+04 1.383952e+04 7.262456e+02  1000  5000 -1.755630e-02     0 -2.878301e-02   100 1.306912e+02 9.958569e-02 -1.131889e-02 
2.157000e+02 -6.284315e-01 1.125022e-01 -4.208206e-01 1.271465e+04 1.383490e+04 7.265553e+02  1000  5000 -1.756721e-02     0 -2.986191e-02   100 1.308131e+02 1.006474e-01 -1.125827e-02 
2.158000e+02 -6.280779e-01 1.146461e-01 -4.396622e-01 1.272680e+04 1.383005e+04 7.268835e+02  1000  5000 -1.758064e-02     0 -3.067028e-02   100 1.309276e+02 1.014927e-01 -1.119970e-02 
2.159000e+02 -6.277327e-01 1.167797e-01 -4.584629e-01 1.273887e+04 1.382497e+04 7.272322e+02  1000  5000 -1.759617e-02     0 -3.123295e-02   100 1.310349e+02 1.021401e-01 -1.114339e-02 
  216 -6.273938e-01 1.188900e-01 -4.772146e-01 1.275085e+04 1.381967e+04 7.276033e+02  1000  5000 -1.761340e-02     0 -3.157357e-02   100 1.311348e+02 1.026076e-01 -1.108944e-02 
2.161000e+02 -6.270598e-01 1.209656e-01 -4.959102e-01 1.276274e+04 1.381414e+04 7.279981e+02  1000  5000 -1.763190e-02     0 -3.171463e-02   100 1.312275e+02 1.029122e-01 -1.103786e-02 
2.162000e+02 -6.267291e-01 1.229967e-01 -5.145439e-01 1.277453e+04 1.380839e+04 7.284178e+02  1000  5000 -1.765129e-02     0 -3.167746e-02   100 1.313129e+02 1.030702e-01 -1.098861e-02 
2.163000e+02 -6.264003e-01 1.249747e-01 -5.331109e-01 1.278622e+04 1.380242e+04 7.288633e+02  1000  5000 -1.767118e-02     0 -3.148213e-02   100 1.313913e+02 1.030971e-01 -1.094165e-02 
2.164000e+02 -6.260722e-01 1.268924e-01 -5.516070e-01 1.279781e+04 1.379623e+04 7.293350e+02  1000  5000 -1.769126e-02     0 -3.114751e-02   100 1.314629e+02 1.030073e-01 -1.089695e-02 
2.165000e+02 -6.257438e-01 1.287438e-01 -5.700293e-01 1.280928e+04 1.378982e+04 7.298334e+02  1000  5000 -1.771122e-02     0 -3.069123e-02   100 1.315277e+02 1.028145e-01 -1.085447e-02 
2.166000e+02 -6.254141e-01 1.305240e-01 -5.883750e-01 1.282064e+04 1.378320e+04 7.303585e+02  1000  5000 -1.773080e-02     0 -3.012975e-02   100 1.315860e+02 1.025315e-01 -1.081423e-02 
2.167000e+02 -6.250823e-01 1.322291e-01 -6.066425e-01 1.283187e+04 1.377637e+04 7.309102e+02  1000  5000 -1.774976e-02     0 -2.947833e-02   100 1.316381e+02 1.021702e-01 -1.077626e-02 
2.168000e+02 -6.247477e-01 1.338563e-01 -6.248305e-01 1.284298e+04 1.376933e+04 7.314883e+02  1000  5000 -1.776790e-02     0 -2.875110e-02   100 1.316843e+02 1.017417e-01 -1.074061e-02 
2.169000e+02 -6.244098e-01 1.354033e-01 -6.429384e-01 1.285396e+04 1.376208e+04 7.320925e+02  1000  5000 -1.778505e-02     0 -2.796110e-02   100 1.317247e+02 1.012564e-01 -1.070731e-02 
  217 -6.240679e-01 1.368690e-01 -6.609659e-01 1.286481e+04 1.375463e+04 7.327221e+02  1000  5000 -1.780104e-02     0 -2.712031e-02   100 1.317596e+02 1.007236e-01 -1.067641e-02 
2.171000e+02 -6.237218e-01 1.382525e-01 -6.789133e-01 1.287552e+04 1.374699e+04 7.333765e+02  1000  5000 -1.781577e-02     0 -2.623967e-02   100 1.317895e+02 1.001521e-01 -1.064792e-02 
2.172000e+02 -6.233712e-01 1.395539e-01 -6.967813e-01 1.288610e+04 1.373915e+04 7.340549e+02  1000  5000 -1.782914e-02     0 -2.532917e-02   100 1.318144e+02 9.954991e-02 -1.062185e-02 
2.173000e+02 -6.230160e-01 1.407736e-01 -7.145710e-01 1.289653e+04 1.373111e+04 7.347566e+02  1000  5000 -1.784107e-02     0 -2.439787e-02   100 1.318348e+02 9.892428e-02 -1.059816e-02 
2.174000e+02 -6.226560e-01 1.419126e-01 -7.322837e-01 1.290681e+04 1.372289e+04 7.354807e+02  1000  5000 -1.785152e-02     0 -2.345395e-02   100 1.318509e+02 9.828183e-02 -1.057679e-02 
2.175000e+02 -6.222913e-01 1.429722e-01 -7.499211e-01 1.291694e+04 1.371449e+04 7.362262e+02  1000  5000 -1.786048e-02     0 -2.250477e-02   100 1.318630e+02 9.762856e-02 -1.055767e-02 
2.176000e+02 -6.219221e-01 1.439541e-01 -7.674850e-01 1.292692e+04 1.370590e+04 7.369921e+02  1000  5000 -1.786793e-02     0 -2.155689e-02   100 1.318714e+02 9.696984e-02 -1.054070e-02 
2.177000e+02 -6.215484e-01 1.448603e-01 -7.849776e-01 1.293674e+04 1.369714e+04 7.377774e+02  1000  5000 -1.787391e-02     0 -2.061616e-02   100 1.318763e+02 9.631051e-02 -1.052576e-02 
2.178000e+02 -6.211704e-01 1.456933e-01 -8.024011e-01 1.294641e+04 1.368820e+04 7.385812e+02  1000  5000 -1.787844e-02     0 -1.968771e-02   100 1.318780e+02 9.565484e-02 -1.051272e-02 
2.179000e+02 -6.207886e-01 1.464553e-01 -8.197579e-01 1.295591e+04 1.367910e+04 7.394023e+02  1000  5000 -1.788157e-02     0 -1.877605e-02   100 1.318768e+02 9.500663e-02 -1.050145e-02 
  218 -6.204030e-01 1.471492e-01 -8.370505e-01 1.296525e+04 1.366982e+04 7.402397e+02  1000  5000 -1.788336e-02     0 -1.788508e-02   100 1.318730e+02 9.436920e-02 -1.049182e-02 
2.181000e+02 -6.200141e-01 1.477778e-01 -8.542815e-01 1.297442e+04 1.366039e+04 7.410923e+02  1000  5000 -1.788388e-02     0 -1.701814e-02   100 1.318667e+02 9.374545e-02 -1.048369e-02 
2.182000e+02 -6.196222e-01 1.483441e-01 -8.714534e-01 1.298343e+04 1.365079e+04 7.419592e+02  1000  5000 -1.788320e-02     0 -1.617805e-02   100 1.318582e+02 9.313785e-02 -1.047693e-02 
2.183000e+02 -6.192275e-01 1.488511e-01 -8.885689e-01 1.299226e+04 1.364105e+04 7.428394e+02  1000  5000 -1.788138e-02     0 -1.536717e-02   100 1.318478e+02 9.254853e-02 -1.047142e-02 
2.184000e+02 -6.188304e-01 1.493019e-01 -9.056306e-01 1.300092e+04 1.363115e+04 7.437318e+02  1000  5000 -1.787852e-02     0 -1.458738e-02   100 1.318356e+02 9.197923e-02 -1.046703e-02 
2.185000e+02 -6.184312e-01 1.496994e-01 -9.226410e-01 1.300941e+04 1.362110e+04 7.446355e+02  1000  5000 -1.787470e-02     0 -1.372789e-02 9.995977e+01 1.318218e+02 9.143101e-02 -1.046366e-02 
2.186000e+02 -6.180282e-01 1.500287e-01 -9.395895e-01 1.301772e+04 1.361091e+04 7.455495e+02  1000  5000 -1.786978e-02     0 -1.289370e-02 9.990127e+01 1.318062e+02 9.088321e-02 -1.046130e-02 
2.187000e+02 -6.176206e-01 1.502866e-01 -9.564741e-01 1.302585e+04 1.360058e+04 7.464730e+02  1000  5000 -1.786349e-02     0 -1.226041e-02 9.989933e+01 1.317893e+02 9.033542e-02 -1.045998e-02 
2.188000e+02 -6.172114e-01 1.505015e-01 -9.733153e-01 1.303380e+04 1.359011e+04 7.474049e+02  1000  5000 -1.785601e-02     0 -1.170062e-02 9.994824e+01 1.317717e+02 8.982133e-02 -1.045958e-02 
2.189000e+02 -6.168037e-01 1.507007e-01 -9.901331e-01 1.304157e+04 1.357951e+04 7.483444e+02  1000  5000 -1.784791e-02     0 -1.121285e-02   100 1.317537e+02 8.936642e-02 -1.045985e-02 
  219 -6.163991e-01 1.508946e-01 -1.006935e+00 1.304915e+04 1.356878e+04 7.492907e+02  1000  5000 -1.783969e-02     0 -1.062971e-02   100 1.317352e+02 8.897228e-02 -1.046052e-02 
2.191000e+02 -6.159959e-01 1.510656e-01 -1.023710e+00 1.305655e+04 1.355792e+04 7.502431e+02  1000  5000 -1.783153e-02     0 -1.007906e-02   100 1.317160e+02 8.860926e-02 -1.046141e-02 
2.192000e+02 -6.155925e-01 1.512001e-01 -1.040447e+00 1.306377e+04 1.354694e+04 7.512009e+02  1000  5000 -1.782324e-02     0 -9.577229e-03   100 1.316963e+02 8.825871e-02 -1.046246e-02 
2.193000e+02 -6.151884e-01 1.512972e-01 -1.057146e+00 1.307079e+04 1.353585e+04 7.521636e+02  1000  5000 -1.781453e-02     0 -9.124922e-03   100 1.316762e+02 8.791907e-02 -1.046364e-02 
2.194000e+02 -6.147840e-01 1.513633e-01 -1.073812e+00 1.307763e+04 1.352464e+04 7.531306e+02  1000  5000 -1.780535e-02     0 -8.703088e-03   100 1.316559e+02 8.759618e-02 -1.046496e-02 
2.195000e+02 -6.143797e-01 1.514042e-01 -1.090449e+00 1.308427e+04 1.351331e+04 7.541012e+02  1000  5000 -1.779573e-02     0 -8.303679e-03   100 1.316354e+02 8.729400e-02 -1.046640e-02 
2.196000e+02 -6.139758e-01 1.514229e-01 -1.107059e+00 1.309072e+04 1.350188e+04 7.550750e+02  1000  5000 -1.778575e-02     0 -7.929799e-03   100 1.316148e+02 8.701300e-02 -1.046794e-02 
2.197000e+02 -6.135724e-01 1.514216e-01 -1.123644e+00 1.309698e+04 1.349035e+04 7.560514e+02  1000  5000 -1.777546e-02     0 -7.584862e-03   100 1.315942e+02 8.675245e-02 -1.046959e-02 
2.198000e+02 -6.131695e-01 1.514024e-01 -1.140205e+00 1.310304e+04 1.347871e+04 7.570300e+02  1000  5000 -1.776487e-02     0 -7.268707e-03   100 1.315737e+02 8.651185e-02 -1.047133e-02 
2.199000e+02 -6.127674e-01 1.513678e-01 -1.156745e+00 1.310891e+04 1.346697e+04 7.580104e+02  1000  5000 -1.775404e-02     0 -6.979518e-03   100 1.315533e+02 8.629090e-02 -1.047315e-02 
  220 -6.123662e-01 1.513198e-01 -1.173263e+00 1.311458e+04 1.345514e+04 7.589921e+02  1000  5000 -1.774299e-02     0 -6.715757e-03   100 1.315332e+02 8.608911e-02 -1.047503e-02 
2.201000e+02 -6.119660e-01 1.512605e-01 -1.189763e+00 1.312005e+04 1.344322e+04 7.599748e+02  1000  5000 -1.773176e-02     0 -6.476359e-03   100 1.315133e+02 8.590576e-02 -1.047694e-02 
2.202000e+02 -6.115668e-01 1.511915e-01 -1.206245e+00 1.312532e+04 1.343122e+04 7.609582e+02  1000  5000 -1.772038e-02     0 -6.260272e-03   100 1.314937e+02 8.573999e-02 -1.047886e-02 
2.203000e+02 -6.111688e-01 1.511144e-01 -1.222710e+00 1.313039e+04 1.341912e+04 7.619419e+02  1000  5000 -1.770887e-02     0 -6.066251e-03   100 1.314744e+02 8.559092e-02 -1.048075e-02 
2.204000e+02 -6.107722e-01 1.510308e-01 -1.239159e+00 1.313525e+04 1.340695e+04 7.629257e+02  1000  5000 -1.769725e-02     0 -5.892952e-03   100 1.314555e+02 8.545765e-02 -1.048259e-02 
2.205000e+02 -6.103769e-01 1.509419e-01 -1.255594e+00 1.313992e+04 1.339470e+04 7.639094e+02  1000  5000 -1.768557e-02     0 -5.739034e-03   100 1.314369e+02 8.533926e-02 -1.048433e-02 
2.206000e+02 -6.099830e-01 1.508491e-01 -1.272015e+00 1.314438e+04 1.338238e+04 7.648928e+02  1000  5000 -1.767383e-02     0 -5.603192e-03   100 1.314188e+02 8.523484e-02 -1.048597e-02 
2.207000e+02 -6.095907e-01 1.507534e-01 -1.288424e+00 1.314864e+04 1.336999e+04 7.658756e+02  1000  5000 -1.766205e-02     0 -5.484143e-03   100 1.314011e+02 8.514344e-02 -1.048747e-02 
2.208000e+02 -6.091998e-01 1.506558e-01 -1.304819e+00 1.315269e+04 1.335753e+04 7.668577e+02  1000  5000 -1.765032e-02     0 -5.401237e-03 9.997886e+01 1.313837e+02 8.506409e-02 -1.048882e-02 
2.209000e+02 -6.088106e-01 1.505566e-01 -1.321203e+00 1.315653e+04 1.334500e+04 7.678390e+02  1000  5000 -1.763852e-02     0 -5.213950e-03 9.993876e+01 1.313666e+02 8.499483e-02 -1.049006e-02 
  221 -6.084215e-01 1.504427e-01 -1.337566e+00 1.316017e+04 1.333242e+04 7.688193e+02  1000  5000 -1.762658e-02     0 -5.081225e-03 9.994845e+01 1.313498e+02 8.491900e-02 -1.049123e-02 
2.211000e+02 -6.076177e-01 1.502921e-01 -1.353948e+00 1.316360e+04 1.331978e+04 7.697986e+02  1000  5000 -2.279455e-02     0 -5.117549e-03   100 1.313337e+02 8.484843e-02 -1.040788e-02 
2.212000e+02 -6.054614e-01 1.500417e-01 -1.370513e+00 1.316682e+04 1.330708e+04 7.707768e+02  1000  5000 -2.450886e-02     0 -5.215255e-03   100 1.313183e+02 8.482807e-02 -9.970488e-03 
2.213000e+02 -6.023313e-01 1.496833e-01 -1.387307e+00 1.316984e+04 1.329434e+04 7.717540e+02  1000  5000 -2.476049e-02     0 -5.134262e-03   100 1.313032e+02 8.485961e-02 -9.142861e-03 
2.214000e+02 -5.988405e-01 1.492547e-01 -1.404231e+00 1.317264e+04 1.328155e+04 7.727309e+02  1000  5000 -2.438506e-02     0 -5.067556e-03   100 1.312883e+02 8.490273e-02 -8.071120e-03 
2.215000e+02 -5.953927e-01 1.488394e-01 -1.421131e+00 1.317524e+04 1.326872e+04 7.737078e+02  1000  5000 -2.376504e-02     0 -5.017444e-03   100 1.312734e+02 8.493613e-02 -6.963552e-03 
2.216000e+02 -5.915551e-01 1.484944e-01 -1.437915e+00 1.317763e+04 1.325585e+04 7.746853e+02  1000  5000 -3.066087e-02     0 -4.945967e-03   100 1.312585e+02 8.496010e-02 -5.890589e-03 
2.217000e+02 -5.859753e-01 1.481596e-01 -1.454674e+00 1.317981e+04 1.324295e+04 7.756640e+02  1000  5000 -3.251291e-02     0 -4.860897e-03   100 1.312434e+02 8.498274e-02 -4.595446e-03 
2.218000e+02 -5.791525e-01 1.478453e-01 -1.471406e+00 1.318178e+04 1.323001e+04 7.766446e+02  1000  5000 -3.226436e-02     0 -4.738291e-03   100 1.312278e+02 8.500155e-02 -3.090846e-03 
2.219000e+02 -5.719346e-01 1.476372e-01 -1.487974e+00 1.318355e+04 1.321704e+04 7.776282e+02  1000  5000 -3.113181e-02     0 -4.532403e-03   100 1.312116e+02 8.500820e-02 -1.588713e-03 
  222 -5.648728e-01 1.476326e-01 -1.504191e+00 1.318511e+04 1.320405e+04 7.786159e+02  1000  5000 -2.966878e-02     0 -4.229761e-03   100 1.311945e+02 8.498819e-02 -3.392566e-04 
2.221000e+02 -5.576057e-01 1.478663e-01 -1.519950e+00 1.318647e+04 1.319104e+04 7.796088e+02  1000  5000 -3.568817e-02     0 -3.849021e-03   100 1.311762e+02 8.492592e-02 5.830821e-04 
2.222000e+02 -5.488130e-01 1.482452e-01 -1.535361e+00 1.318763e+04 1.317802e+04 7.806080e+02  1000  5000 -3.670748e-02     0 -3.419273e-03   100 1.311567e+02 8.481478e-02 1.467533e-03 
2.223000e+02 -5.390033e-01 1.487356e-01 -1.550470e+00 1.318859e+04 1.316498e+04 7.816147e+02  1000  5000 -3.567549e-02     0 -2.910921e-03   100 1.311357e+02 8.465870e-02 2.363336e-03 
2.224000e+02 -5.290322e-01 1.493665e-01 -1.565202e+00 1.318935e+04 1.315193e+04 7.826304e+02  1000  5000 -3.381266e-02     0 -2.156017e-03 9.998160e+01 1.311128e+02 8.445722e-02 3.136343e-03 
2.225000e+02 -5.194631e-01 1.501575e-01 -1.579425e+00 1.318993e+04 1.313887e+04 7.836562e+02  1000  5000 -3.167428e-02     0 -1.346770e-03 9.995030e+01 1.310878e+02 8.417926e-02 3.615316e-03 
2.226000e+02 -5.100083e-01 1.510990e-01 -1.593092e+00 1.319031e+04 1.312581e+04 7.846933e+02  1000  5000 -3.636242e-02     0 -6.153459e-04 9.996271e+01 1.310606e+02 8.381912e-02 3.782903e-03 
2.227000e+02 -4.994954e-01 1.521103e-01 -1.606373e+00 1.319050e+04 1.311275e+04 7.857428e+02  1000  5000 -3.659441e-02     0 2.921289e-04   100 1.310316e+02 8.340562e-02 3.942349e-03 
2.228000e+02 -4.883968e-01 1.531386e-01 -1.619349e+00 1.319051e+04 1.309969e+04 7.868054e+02  1000  5000 -3.504096e-02     0 1.355300e-03   100 1.310003e+02 8.294225e-02 4.170746e-03 
2.229000e+02 -4.774737e-01 1.541787e-01 -1.631974e+00 1.319035e+04 1.308664e+04 7.878822e+02  1000  5000 -3.281274e-02     0 2.316126e-03   100 1.309667e+02 8.242043e-02 4.368752e-03 
  223 -4.672201e-01 1.552686e-01 -1.644168e+00 1.319001e+04 1.307359e+04 7.889739e+02  1000  5000 -3.041329e-02     0 3.498750e-03   100 1.309307e+02 8.185290e-02 4.392758e-03 
2.231000e+02 -4.573793e-01 1.563904e-01 -1.655891e+00 1.318950e+04 1.306056e+04 7.900811e+02  1000  5000 -3.394826e-02     0 4.800276e-03   100 1.308922e+02 8.122090e-02 4.222126e-03 
2.232000e+02 -4.469223e-01 1.574486e-01 -1.667278e+00 1.318883e+04 1.304754e+04 7.912039e+02  1000  5000 -3.372768e-02     0 6.122530e-03   100 1.308513e+02 8.051216e-02 4.104516e-03 
2.233000e+02 -4.362139e-01 1.584082e-01 -1.678399e+00 1.318800e+04 1.303453e+04 7.923427e+02  1000  5000 -3.204560e-02     0 7.475882e-03   100 1.308082e+02 7.974182e-02 4.094835e-03 
2.234000e+02 -4.258733e-01 1.592888e-01 -1.689224e+00 1.318701e+04 1.302154e+04 7.934973e+02  1000  5000 -2.984478e-02     0 8.890707e-03   100 1.307629e+02 7.892681e-02 4.098720e-03 
2.235000e+02 -4.162865e-01 1.601202e-01 -1.699675e+00 1.318587e+04 1.300857e+04 7.946676e+02  1000  5000 -2.754821e-02     0 1.035813e-02   100 1.307155e+02 7.807424e-02 3.985550e-03 
2.236000e+02 -4.072036e-01 1.609052e-01 -1.709725e+00 1.318458e+04 1.299562e+04 7.958532e+02  1000  5000 -3.037109e-02     0 1.184632e-02   100 1.306664e+02 7.718555e-02 3.730081e-03 
2.237000e+02 -3.977206e-01 1.615897e-01 -1.719499e+00 1.318314e+04 1.298269e+04 7.970536e+02  1000  5000 -3.002039e-02     0 1.339989e-02 9.998961e+01 1.306156e+02 7.626699e-02 3.535900e-03 
2.238000e+02 -3.881280e-01 1.621445e-01 -1.729056e+00 1.318157e+04 1.296978e+04 7.982679e+02  1000  5000 -2.844834e-02     0 1.496933e-02 9.995370e+01 1.305631e+02 7.531991e-02 3.446771e-03 
2.239000e+02 -3.789299e-01 1.625834e-01 -1.738364e+00 1.317987e+04 1.295690e+04 7.994956e+02  1000  5000 -2.645739e-02     0 1.636053e-02 9.995651e+01 1.305094e+02 7.435423e-02 3.381695e-03 
  224 -3.704402e-01 1.629606e-01 -1.747370e+00 1.317803e+04 1.294404e+04 8.007356e+02  1000  5000 -2.440490e-02     0 1.775532e-02 9.999384e+01 1.304549e+02 7.340359e-02 3.229553e-03 
2.241000e+02 -3.624301e-01 1.632995e-01 -1.756056e+00 1.317607e+04 1.293120e+04 8.019870e+02  1000  5000 -2.676076e-02     0 1.914257e-02   100 1.303999e+02 7.248164e-02 2.968081e-03 
2.242000e+02 -3.541315e-01 1.635599e-01 -1.764534e+00 1.317398e+04 1.291840e+04 8.032488e+02  1000  5000 -2.640252e-02     0 2.055753e-02   100 1.303443e+02 7.158452e-02 2.767934e-03 
2.243000e+02 -3.457736e-01 1.637158e-01 -1.772849e+00 1.317177e+04 1.290562e+04 8.045200e+02  1000  5000 -2.501138e-02     0 2.191543e-02   100 1.302884e+02 7.070205e-02 2.666355e-03 
2.244000e+02 -3.377817e-01 1.637801e-01 -1.780975e+00 1.316945e+04 1.289286e+04 8.057996e+02  1000  5000 -2.327051e-02     0 2.318527e-02   100 1.302323e+02 6.983656e-02 2.594487e-03 
2.245000e+02 -3.304167e-01 1.637845e-01 -1.788854e+00 1.316702e+04 1.288014e+04 8.070865e+02  1000  5000 -2.148378e-02     0 2.442108e-02   100 1.301763e+02 6.899778e-02 2.456944e-03 
2.246000e+02 -3.234787e-01 1.637419e-01 -1.796470e+00 1.316448e+04 1.286744e+04 8.083797e+02  1000  5000 -2.352448e-02     0 2.561259e-02   100 1.301205e+02 6.818867e-02 2.232978e-03 
2.247000e+02 -3.162920e-01 1.636267e-01 -1.803918e+00 1.316183e+04 1.285477e+04 8.096781e+02  1000  5000 -2.321674e-02     0 2.673738e-02   100 1.300653e+02 6.741081e-02 2.066892e-03 
2.248000e+02 -3.090586e-01 1.634355e-01 -1.811245e+00 1.315908e+04 1.284213e+04 8.109807e+02  1000  5000 -2.201344e-02     0 2.779558e-02   100 1.300107e+02 6.667006e-02 1.989734e-03 
2.249000e+02 -3.021431e-01 1.631871e-01 -1.818425e+00 1.315623e+04 1.282951e+04 8.122866e+02  1000  5000 -2.050725e-02     0 2.879623e-02   100 1.299569e+02 6.597054e-02 1.941686e-03 
  225 -2.957697e-01 1.629045e-01 -1.825405e+00 1.315329e+04 1.281692e+04 8.135948e+02  1000  5000 -1.896084e-02     0 2.973943e-02   100 1.299041e+02 6.531260e-02 1.839517e-03 
2.251000e+02 -2.897608e-01 1.625973e-01 -1.832168e+00 1.315025e+04 1.280437e+04 8.149043e+02  1000  5000 -2.077976e-02     0 3.061855e-02   100 1.298523e+02 6.469465e-02 1.664097e-03 
2.252000e+02 -2.835244e-01 1.622471e-01 -1.838798e+00 1.314711e+04 1.279183e+04 8.162144e+02  1000  5000 -2.053073e-02     0 3.142673e-02   100 1.298018e+02 6.411674e-02 1.539701e-03 
2.253000e+02 -2.772361e-01 1.618525e-01 -1.845333e+00 1.314389e+04 1.277933e+04 8.175242e+02  1000  5000 -1.949248e-02     0 3.212306e-02 9.996182e+01 1.297526e+02 6.358130e-02 1.493150e-03 
2.254000e+02 -2.712172e-01 1.614307e-01 -1.851750e+00 1.314059e+04 1.276686e+04 8.188330e+02  1000  5000 -1.818410e-02     0 3.291671e-02 9.991247e+01 1.297044e+02 6.309092e-02 1.471846e-03 
2.255000e+02 -2.656625e-01 1.609788e-01 -1.857994e+00 1.313720e+04 1.275441e+04 8.201401e+02  1000  5000 -1.683772e-02     0 3.369525e-02 9.989859e+01 1.296575e+02 6.262227e-02 1.402491e-03 
2.256000e+02 -2.604143e-01 1.604947e-01 -1.864044e+00 1.313372e+04 1.274199e+04 8.214449e+02  1000  5000 -1.848476e-02     0 3.424975e-02 9.991660e+01 1.296123e+02 6.216804e-02 1.267646e-03 
2.257000e+02 -2.549496e-01 1.599917e-01 -1.869985e+00 1.313017e+04 1.272959e+04 8.227467e+02  1000  5000 -1.828655e-02     0 3.465937e-02 9.996323e+01 1.295690e+02 6.175883e-02 1.176551e-03 
2.258000e+02 -2.494268e-01 1.594991e-01 -1.875856e+00 1.312654e+04 1.271722e+04 8.240450e+02  1000  5000 -1.738225e-02     0 3.488984e-02   100 1.295279e+02 6.142218e-02 1.153357e-03 
2.259000e+02 -2.441333e-01 1.590524e-01 -1.881642e+00 1.312283e+04 1.270488e+04 8.253393e+02  1000  5000 -1.623443e-02     0 3.531958e-02   100 1.294885e+02 6.117368e-02 1.152032e-03 
  226 -2.392430e-01 1.586301e-01 -1.887286e+00 1.311905e+04 1.269257e+04 8.266293e+02  1000  5000 -1.505015e-02     0 3.585617e-02   100 1.294508e+02 6.096526e-02 1.107755e-03 
2.261000e+02 -2.346145e-01 1.581913e-01 -1.892762e+00 1.311519e+04 1.268028e+04 8.279150e+02  1000  5000 -1.655122e-02     0 3.619209e-02   100 1.294147e+02 6.075097e-02 1.004725e-03 
2.262000e+02 -2.297799e-01 1.577288e-01 -1.898139e+00 1.311127e+04 1.266802e+04 8.291959e+02  1000  5000 -1.639216e-02     0 3.641936e-02   100 1.293803e+02 6.054212e-02 9.399235e-04 
2.263000e+02 -2.248816e-01 1.572621e-01 -1.903449e+00 1.310728e+04 1.265578e+04 8.304720e+02  1000  5000 -1.559544e-02     0 3.663564e-02   100 1.293476e+02 6.036148e-02 9.345926e-04 
2.264000e+02 -2.201763e-01 1.568071e-01 -1.908673e+00 1.310322e+04 1.264356e+04 8.317430e+02  1000  5000 -1.457808e-02     0 3.685141e-02   100 1.293167e+02 6.021372e-02 9.473123e-04 
2.265000e+02 -2.158232e-01 1.563712e-01 -1.913768e+00 1.309909e+04 1.263138e+04 8.330088e+02  1000  5000 -1.352504e-02     0 3.704319e-02   100 1.292873e+02 6.009175e-02 9.196885e-04 
2.266000e+02 -2.116973e-01 1.559542e-01 -1.918719e+00 1.309490e+04 1.261921e+04 8.342694e+02  1000  5000 -1.489526e-02     0 3.719913e-02   100 1.292596e+02 5.998897e-02 8.377390e-04 
2.267000e+02 -2.073780e-01 1.555445e-01 -1.923586e+00 1.309064e+04 1.260707e+04 8.355247e+02  1000  5000 -1.476352e-02     0 3.732133e-02   100 1.292336e+02 5.990343e-02 7.890335e-04 
2.268000e+02 -2.029939e-01 1.551406e-01 -1.928395e+00 1.308633e+04 1.259496e+04 8.367747e+02  1000  5000 -1.405380e-02     0 3.741947e-02   100 1.292090e+02 5.983576e-02 7.930004e-04 
2.269000e+02 -1.987770e-01 1.547494e-01 -1.933125e+00 1.308195e+04 1.258286e+04 8.380194e+02  1000  5000 -1.314293e-02     0 3.750087e-02   100 1.291860e+02 5.978525e-02 8.124347e-04 
  227 -1.948721e-01 1.543787e-01 -1.937739e+00 1.307752e+04 1.257080e+04 8.392589e+02  1000  5000 -1.219815e-02     0 3.756685e-02   100 1.291645e+02 5.974937e-02 7.946868e-04 
2.271000e+02 -1.911652e-01 1.540318e-01 -1.942223e+00 1.307302e+04 1.255875e+04 8.404932e+02  1000  5000 -1.344621e-02     0 3.761357e-02 9.994640e+01 1.291442e+02 5.972675e-02 7.271436e-04 
2.272000e+02 -1.872829e-01 1.536894e-01 -1.946630e+00 1.306847e+04 1.254673e+04 8.417225e+02  1000  5000 -1.333094e-02     0 3.777659e-02 9.989820e+01 1.291249e+02 5.970589e-02 6.886704e-04 
2.273000e+02 -1.833370e-01 1.533302e-01 -1.950980e+00 1.306387e+04 1.253473e+04 8.429468e+02  1000  5000 -1.269228e-02     0 3.783239e-02 9.988107e+01 1.291067e+02 5.967092e-02 6.968451e-04 
2.274000e+02 -1.795383e-01 1.529677e-01 -1.955254e+00 1.305921e+04 1.252275e+04 8.441662e+02  1000  5000 -1.187087e-02     0 3.787685e-02 9.989173e+01 1.290898e+02 5.963448e-02 7.180335e-04 
2.275000e+02 -1.760183e-01 1.526233e-01 -1.959422e+00 1.305450e+04 1.251079e+04 8.453808e+02  1000  5000 -1.101814e-02     0 3.782731e-02 9.992731e+01 1.290745e+02 5.961089e-02 7.047687e-04 
2.276000e+02 -1.726780e-01 1.523202e-01 -1.963476e+00 1.304974e+04 1.249886e+04 8.465907e+02  1000  5000 -1.214451e-02     0 3.772214e-02 9.998520e+01 1.290607e+02 5.961790e-02 6.457622e-04 
2.277000e+02 -1.691752e-01 1.520663e-01 -1.967467e+00 1.304493e+04 1.248694e+04 8.477959e+02  1000  5000 -1.204257e-02     0 3.757212e-02   100 1.290484e+02 5.966546e-02 6.126078e-04 
2.278000e+02 -1.656176e-01 1.518569e-01 -1.971416e+00 1.304006e+04 1.247505e+04 8.489967e+02  1000  5000 -1.146583e-02     0 3.758752e-02   100 1.290371e+02 5.974419e-02 6.214551e-04 
2.279000e+02 -1.621928e-01 1.516620e-01 -1.975300e+00 1.303515e+04 1.246318e+04 8.501934e+02  1000  5000 -1.072391e-02     0 3.763237e-02   100 1.290267e+02 5.981803e-02 6.421895e-04 
  228 -1.590190e-01 1.514642e-01 -1.979083e+00 1.303020e+04 1.245133e+04 8.513863e+02  1000  5000 -9.953548e-03     0 3.760327e-02   100 1.290172e+02 5.986797e-02 6.317896e-04 
2.281000e+02 -1.560059e-01 1.512700e-01 -1.982757e+00 1.302519e+04 1.243949e+04 8.525756e+02  1000  5000 -1.097604e-02     0 3.754457e-02   100 1.290086e+02 5.990318e-02 5.798601e-04 
2.282000e+02 -1.528445e-01 1.510840e-01 -1.986368e+00 1.302014e+04 1.242768e+04 8.537614e+02  1000  5000 -1.088439e-02     0 3.750195e-02   100 1.290007e+02 5.993637e-02 5.510692e-04 
2.283000e+02 -1.496305e-01 1.509079e-01 -1.989935e+00 1.301505e+04 1.241589e+04 8.549441e+02  1000  5000 -1.036332e-02     0 3.747647e-02   100 1.289936e+02 5.997132e-02 5.599844e-04 
2.284000e+02 -1.465357e-01 1.507425e-01 -1.993442e+00 1.300991e+04 1.240412e+04 8.561237e+02  1000  5000 -9.692073e-03     0 3.745596e-02   100 1.289873e+02 6.000601e-02 5.793074e-04 
2.285000e+02 -1.436681e-01 1.505897e-01 -1.996861e+00 1.300473e+04 1.239236e+04 8.573004e+02  1000  5000 -8.994629e-03     0 3.743482e-02   100 1.289816e+02 6.003834e-02 5.702327e-04 
2.286000e+02 -1.409464e-01 1.504496e-01 -2.000182e+00 1.299951e+04 1.238063e+04 8.584744e+02  1000  5000 -9.916500e-03     0 3.741359e-02   100 1.289766e+02 6.006773e-02 5.234217e-04 
2.287000e+02 -1.380911e-01 1.503167e-01 -2.003446e+00 1.299425e+04 1.236891e+04 8.596459e+02  1000  5000 -9.832321e-03     0 3.737907e-02 9.999436e+01 1.289721e+02 6.009459e-02 4.972920e-04 
2.288000e+02 -1.351891e-01 1.501905e-01 -2.006669e+00 1.298894e+04 1.235722e+04 8.608149e+02  1000  5000 -9.360173e-03     0 3.739653e-02 9.995690e+01 1.289681e+02 6.012083e-02 5.049829e-04 
2.289000e+02 -1.323954e-01 1.500629e-01 -2.009837e+00 1.298360e+04 1.234554e+04 8.619818e+02  1000  5000 -8.752302e-03     0 3.747039e-02 9.994519e+01 1.289643e+02 6.013644e-02 5.218392e-04 
  229 -1.298066e-01 1.499276e-01 -2.012922e+00 1.297822e+04 1.233387e+04 8.631466e+02  1000  5000 -8.120942e-03     0 3.745419e-02 9.995652e+01 1.289611e+02 6.013491e-02 5.128129e-04 
2.291000e+02 -1.273500e-01 1.498000e-01 -2.015918e+00 1.297280e+04 1.232223e+04 8.643094e+02  1000  5000 -8.950940e-03     0 3.737856e-02 9.998845e+01 1.289586e+02 6.013322e-02 4.695084e-04 
2.292000e+02 -1.247737e-01 1.496966e-01 -2.018865e+00 1.296735e+04 1.231060e+04 8.654702e+02  1000  5000 -8.873864e-03     0 3.727194e-02   100 1.289567e+02 6.015080e-02 4.447903e-04 
2.293000e+02 -1.221573e-01 1.496225e-01 -2.021778e+00 1.296186e+04 1.229899e+04 8.666293e+02  1000  5000 -8.445967e-03     0 3.729757e-02   100 1.289553e+02 6.018933e-02 4.506337e-04 
2.294000e+02 -1.196393e-01 1.495575e-01 -2.024642e+00 1.295633e+04 1.228740e+04 8.677868e+02  1000  5000 -7.896179e-03     0 3.733884e-02   100 1.289542e+02 6.022481e-02 4.649412e-04 
2.295000e+02 -1.173070e-01 1.494890e-01 -2.027433e+00 1.295077e+04 1.227582e+04 8.689428e+02  1000  5000 -7.325503e-03     0 3.733652e-02   100 1.289534e+02 6.024462e-02 4.561199e-04 
2.296000e+02 -1.150944e-01 1.494203e-01 -2.030142e+00 1.294518e+04 1.226426e+04 8.700974e+02  1000  5000 -8.073683e-03     0 3.731997e-02   100 1.289529e+02 6.025390e-02 4.165662e-04 
2.297000e+02 -1.127747e-01 1.493541e-01 -2.032805e+00 1.293955e+04 1.225271e+04 8.712509e+02  1000  5000 -8.002797e-03     0 3.731496e-02   100 1.289526e+02 6.026011e-02 3.938809e-04 
2.298000e+02 -1.104180e-01 1.492912e-01 -2.035434e+00 1.293389e+04 1.224118e+04 8.724032e+02  1000  5000 -7.616509e-03     0 3.732165e-02   100 1.289527e+02 6.026562e-02 3.988135e-04 
2.299000e+02 -1.081503e-01 1.492320e-01 -2.038019e+00 1.292820e+04 1.222967e+04 8.735545e+02  1000  5000 -7.120161e-03     0 3.733271e-02   100 1.289530e+02 6.026954e-02 4.113419e-04 
  230 -1.060508e-01 1.491774e-01 -2.040539e+00 1.292248e+04 1.221817e+04 8.747048e+02  1000  5000 -6.604875e-03     0 3.734460e-02   100 1.289535e+02 6.027090e-02 4.029941e-04 
2.301000e+02 -1.040597e-01 1.491274e-01 -2.042986e+00 1.291673e+04 1.220668e+04 8.758543e+02  1000  5000 -7.279177e-03     0 3.735739e-02   100 1.289543e+02 6.026964e-02 3.669497e-04 
2.302000e+02 -1.019722e-01 1.490792e-01 -2.045391e+00 1.291095e+04 1.219521e+04 8.770030e+02  1000  5000 -7.215216e-03     0 3.735945e-02 9.999051e+01 1.289552e+02 6.026626e-02 3.461659e-04 
2.303000e+02 -9.985217e-02 1.490311e-01 -2.047766e+00 1.290514e+04 1.218376e+04 8.781509e+02  1000  5000 -6.866343e-03     0 3.744527e-02 9.995177e+01 1.289561e+02 6.026056e-02 3.503093e-04 
2.304000e+02 -9.781253e-02 1.489717e-01 -2.050099e+00 1.289930e+04 1.217232e+04 8.792981e+02  1000  5000 -6.418244e-03     0 3.752805e-02 9.993483e+01 1.289570e+02 6.024080e-02 3.613014e-04 
2.305000e+02 -9.592423e-02 1.488990e-01 -2.052372e+00 1.289343e+04 1.216089e+04 8.804447e+02  1000  5000 -5.953197e-03     0 3.754684e-02 9.993736e+01 1.289581e+02 6.020685e-02 3.534262e-04 
2.306000e+02 -9.413384e-02 1.488277e-01 -2.054580e+00 1.288754e+04 1.214948e+04 8.815907e+02  1000  5000 -6.560660e-03     0 3.752563e-02 9.995725e+01 1.289595e+02 6.017437e-02 3.205277e-04 
2.307000e+02 -9.225739e-02 1.487711e-01 -2.056751e+00 1.288162e+04 1.213808e+04 8.827359e+02  1000  5000 -6.502267e-03     0 3.748895e-02 9.999258e+01 1.289613e+02 6.015767e-02 3.013638e-04 
2.308000e+02 -9.035166e-02 1.487361e-01 -2.058897e+00 1.287567e+04 1.212669e+04 8.838806e+02  1000  5000 -6.187760e-03     0 3.745879e-02   100 1.289634e+02 6.016080e-02 3.047569e-04 
2.309000e+02 -8.851924e-02 1.487202e-01 -2.061009e+00 1.286970e+04 1.211532e+04 8.850247e+02  1000  5000 -5.783796e-03     0 3.749528e-02   100 1.289657e+02 6.017706e-02 3.144752e-04 
  231 -8.682375e-02 1.487082e-01 -2.063068e+00 1.286371e+04 1.210396e+04 8.861683e+02  1000  5000 -5.364612e-03     0 3.753516e-02   100 1.289680e+02 6.018885e-02 3.073799e-04 
2.311000e+02 -8.521546e-02 1.486910e-01 -2.065068e+00 1.285768e+04 1.209261e+04 8.873115e+02  1000  5000 -5.914322e-03     0 3.755017e-02   100 1.289704e+02 6.018875e-02 2.778967e-04 
2.312000e+02 -8.353124e-02 1.486683e-01 -2.067033e+00 1.285164e+04 1.208128e+04 8.884544e+02  1000  5000 -5.861428e-03     0 3.756305e-02   100 1.289728e+02 6.018053e-02 2.608839e-04 
2.313000e+02 -8.181989e-02 1.486431e-01 -2.068974e+00 1.284557e+04 1.206995e+04 8.895971e+02  1000  5000 -5.577810e-03     0 3.758078e-02   100 1.289754e+02 6.016884e-02 2.642273e-04 
2.314000e+02 -8.017401e-02 1.486179e-01 -2.070882e+00 1.283948e+04 1.205864e+04 8.907395e+02  1000  5000 -5.213726e-03     0 3.760458e-02   100 1.289780e+02 6.015586e-02 2.732084e-04 
2.315000e+02 -7.865135e-02 1.485949e-01 -2.072743e+00 1.283336e+04 1.204734e+04 8.918816e+02  1000  5000 -4.835884e-03     0 3.764091e-02 9.996959e+01 1.289806e+02 6.014256e-02 2.669243e-04 
2.316000e+02 -7.720723e-02 1.485674e-01 -2.074551e+00 1.282723e+04 1.203606e+04 8.930236e+02  1000  5000 -5.332747e-03     0 3.776126e-02 9.993769e+01 1.289830e+02 6.012191e-02 2.403665e-04 
2.317000e+02 -7.569419e-02 1.485203e-01 -2.076326e+00 1.282107e+04 1.202478e+04 8.941654e+02  1000  5000 -5.285534e-03     0 3.782977e-02 9.992342e+01 1.289854e+02 6.008300e-02 2.250234e-04 
2.318000e+02 -7.415644e-02 1.484583e-01 -2.078079e+00 1.281489e+04 1.201352e+04 8.953070e+02  1000  5000 -5.029898e-03     0 3.784412e-02 9.992484e+01 1.289878e+02 6.003479e-02 2.280042e-04 
2.319000e+02 -7.267763e-02 1.483987e-01 -2.079802e+00 1.280869e+04 1.200226e+04 8.964483e+02  1000  5000 -4.701545e-03     0 3.783919e-02 9.994020e+01 1.289905e+02 5.999409e-02 2.360441e-04 
  232 -7.130998e-02 1.483545e-01 -2.081484e+00 1.280247e+04 1.199102e+04 8.975892e+02  1000  5000 -4.360711e-03     0 3.782559e-02 9.996789e+01 1.289934e+02 5.997043e-02 2.303209e-04 
2.321000e+02 -7.001362e-02 1.483307e-01 -2.083120e+00 1.279623e+04 1.197979e+04 8.987299e+02  1000  5000 -4.808456e-03     0 3.778603e-02   100 1.289966e+02 5.996527e-02 2.063602e-04 
2.322000e+02 -6.865529e-02 1.483273e-01 -2.084730e+00 1.278997e+04 1.196857e+04 8.998703e+02  1000  5000 -4.766266e-03     0 3.778896e-02   100 1.290001e+02 5.997687e-02 1.925990e-04 
2.323000e+02 -6.727577e-02 1.483325e-01 -2.086321e+00 1.278369e+04 1.195736e+04 9.010105e+02  1000  5000 -4.535736e-03     0 3.783837e-02   100 1.290035e+02 5.999132e-02 1.954709e-04 
2.324000e+02 -6.594932e-02 1.483313e-01 -2.087885e+00 1.277739e+04 1.194615e+04 9.021505e+02  1000  5000 -4.239849e-03     0 3.786423e-02   100 1.290069e+02 5.999456e-02 2.029800e-04 
2.325000e+02 -6.472275e-02 1.483223e-01 -2.089410e+00 1.277108e+04 1.193496e+04 9.032905e+02  1000  5000 -3.932753e-03     0 3.787340e-02   100 1.290103e+02 5.998691e-02 1.980595e-04 
2.326000e+02 -6.356054e-02 1.483103e-01 -2.090892e+00 1.276474e+04 1.192378e+04 9.044305e+02  1000  5000 -4.338644e-03     0 3.788648e-02   100 1.290137e+02 5.997433e-02 1.766269e-04 
2.327000e+02 -6.234099e-02 1.482974e-01 -2.092349e+00 1.275839e+04 1.191261e+04 9.055704e+02  1000  5000 -4.301753e-03     0 3.790818e-02   100 1.290172e+02 5.996031e-02 1.644315e-04 
2.328000e+02 -6.110169e-02 1.482836e-01 -2.093789e+00 1.275202e+04 1.190145e+04 9.067102e+02  1000  5000 -4.094457e-03     0 3.793370e-02   100 1.290206e+02 5.994540e-02 1.672853e-04 
2.329000e+02 -5.991020e-02 1.482673e-01 -2.095205e+00 1.274564e+04 1.189029e+04 9.078501e+02  1000  5000 -3.827717e-03     0 3.798971e-02 9.996267e+01 1.290240e+02 5.992780e-02 1.743455e-04 
  233 -5.880867e-02 1.482431e-01 -2.096586e+00 1.273924e+04 1.187915e+04 9.089900e+02  1000  5000 -3.550653e-03     0 3.809346e-02 9.992720e+01 1.290271e+02 5.990202e-02 1.701840e-04 
2.331000e+02 -5.776493e-02 1.482008e-01 -2.097928e+00 1.273282e+04 1.186802e+04 9.101298e+02  1000  5000 -3.917592e-03     0 3.817271e-02 9.990590e+01 1.290301e+02 5.985994e-02 1.510712e-04 
2.332000e+02 -5.666937e-02 1.481427e-01 -2.099246e+00 1.272638e+04 1.185689e+04 9.112696e+02  1000  5000 -3.884455e-03     0 3.820695e-02 9.989717e+01 1.290331e+02 5.980806e-02 1.402187e-04 
2.333000e+02 -5.555600e-02 1.480819e-01 -2.100548e+00 1.271993e+04 1.184577e+04 9.124092e+02  1000  5000 -3.697360e-03     0 3.822080e-02 9.989954e+01 1.290362e+02 5.976033e-02 1.428603e-04 
2.334000e+02 -5.448581e-02 1.480297e-01 -2.101830e+00 1.271347e+04 1.183466e+04 9.135486e+02  1000  5000 -3.456554e-03     0 3.822668e-02 9.991170e+01 1.290395e+02 5.972594e-02 1.492278e-04 
2.335000e+02 -5.349683e-02 1.479915e-01 -2.103081e+00 1.270699e+04 1.182356e+04 9.146878e+02  1000  5000 -3.206432e-03     0 3.822073e-02 9.993245e+01 1.290430e+02 5.970711e-02 1.454359e-04 
2.336000e+02 -5.256025e-02 1.479690e-01 -2.104299e+00 1.270049e+04 1.181247e+04 9.158267e+02  1000  5000 -3.537720e-03     0 3.819794e-02 9.996070e+01 1.290467e+02 5.970279e-02 1.281667e-04 
2.337000e+02 -5.157745e-02 1.479624e-01 -2.105497e+00 1.269398e+04 1.180138e+04 9.169653e+02  1000  5000 -3.507904e-03     0 3.815862e-02 9.999548e+01 1.290507e+02 5.971155e-02 1.184157e-04 
2.338000e+02 -5.057893e-02 1.479735e-01 -2.106682e+00 1.268746e+04 1.179031e+04 9.181038e+02  1000  5000 -3.339259e-03     0 3.811678e-02   100 1.290548e+02 5.973339e-02 1.209354e-04 
2.339000e+02 -4.961948e-02 1.479943e-01 -2.107848e+00 1.268092e+04 1.177924e+04 9.192422e+02  1000  5000 -3.122127e-03     0 3.816153e-02   100 1.290589e+02 5.975785e-02 1.268845e-04 
  234 -4.873303e-02 1.480086e-01 -2.108986e+00 1.267437e+04 1.176818e+04 9.203806e+02  1000  5000 -2.896600e-03     0 3.818646e-02   100 1.290629e+02 5.976930e-02 1.236734e-04 
2.341000e+02 -4.789338e-02 1.480124e-01 -2.110092e+00 1.266781e+04 1.175712e+04 9.215190e+02  1000  5000 -3.198240e-03     0 3.818617e-02   100 1.290669e+02 5.976678e-02 1.082793e-04 
2.342000e+02 -4.701144e-02 1.480105e-01 -2.111180e+00 1.266123e+04 1.174607e+04 9.226575e+02  1000  5000 -3.172303e-03     0 3.819091e-02   100 1.290709e+02 5.975765e-02 9.974031e-05 
2.343000e+02 -4.611487e-02 1.480070e-01 -2.112255e+00 1.265464e+04 1.173503e+04 9.237961e+02  1000  5000 -3.020331e-03     0 3.820771e-02   100 1.290749e+02 5.974655e-02 1.023484e-04 
2.344000e+02 -4.525315e-02 1.480038e-01 -2.113313e+00 1.264804e+04 1.172400e+04 9.249349e+02  1000  5000 -2.824382e-03     0 3.823496e-02 9.997397e+01 1.290787e+02 5.973541e-02 1.080800e-04 
2.345000e+02 -4.445711e-02 1.479947e-01 -2.114345e+00 1.264143e+04 1.171298e+04 9.260737e+02  1000  5000 -2.620652e-03     0 3.835052e-02 9.994193e+01 1.290824e+02 5.971736e-02 1.055065e-04 
2.346000e+02 -4.370309e-02 1.479655e-01 -2.115348e+00 1.263480e+04 1.170196e+04 9.272126e+02  1000  5000 -2.893884e-03     0 3.841713e-02 9.991968e+01 1.290858e+02 5.968067e-02 9.186880e-05 
2.347000e+02 -4.291088e-02 1.479194e-01 -2.116334e+00 1.262816e+04 1.169094e+04 9.283516e+02  1000  5000 -2.870623e-03     0 3.844887e-02 9.990601e+01 1.290892e+02 5.963265e-02 8.436155e-05 
2.348000e+02 -4.210548e-02 1.478687e-01 -2.117308e+00 1.262151e+04 1.167994e+04 9.294906e+02  1000  5000 -2.733305e-03     0 3.847445e-02 9.989985e+01 1.290926e+02 5.958663e-02 8.685255e-05 
2.349000e+02 -4.133151e-02 1.478221e-01 -2.118268e+00 1.261485e+04 1.166894e+04 9.306295e+02  1000  5000 -2.556161e-03     0 3.849848e-02 9.990021e+01 1.290960e+02 5.954974e-02 9.208953e-05 
  235 -4.061674e-02 1.477829e-01 -2.119204e+00 1.260818e+04 1.165795e+04 9.317683e+02  1000  5000 -2.371986e-03     0 3.851398e-02 9.990622e+01 1.290996e+02 5.952323e-02 8.976902e-05 
2.351000e+02 -3.994004e-02 1.477523e-01 -2.120116e+00 1.260150e+04 1.164696e+04 9.329069e+02  1000  5000 -2.618918e-03     0 3.851658e-02 9.991706e+01 1.291033e+02 5.950643e-02 7.742639e-05 
2.352000e+02 -3.922931e-02 1.477306e-01 -2.121013e+00 1.259480e+04 1.163598e+04 9.340453e+02  1000  5000 -2.597895e-03     0 3.850726e-02 9.993202e+01 1.291071e+02 5.949867e-02 7.063250e-05 
2.353000e+02 -3.850700e-02 1.477186e-01 -2.121900e+00 1.258810e+04 1.162500e+04 9.351836e+02  1000  5000 -2.473865e-03     0 3.848902e-02 9.995042e+01 1.291111e+02 5.949929e-02 7.290513e-05 
2.354000e+02 -3.781314e-02 1.477167e-01 -2.122773e+00 1.258138e+04 1.161404e+04 9.363217e+02  1000  5000 -2.313897e-03     0 3.846430e-02 9.997167e+01 1.291152e+02 5.950724e-02 7.769325e-05 
2.355000e+02 -3.717260e-02 1.477248e-01 -2.123627e+00 1.257466e+04 1.160307e+04 9.374597e+02  1000  5000 -2.147584e-03     0 3.843474e-02 9.999522e+01 1.291195e+02 5.952111e-02 7.567639e-05 
2.356000e+02 -3.656571e-02 1.477432e-01 -2.124457e+00 1.256792e+04 1.159211e+04 9.385978e+02  1000  5000 -2.372799e-03     0 3.840629e-02   100 1.291238e+02 5.954009e-02 6.464702e-05 
2.357000e+02 -3.592885e-02 1.477663e-01 -2.125274e+00 1.256118e+04 1.158116e+04 9.397358e+02  1000  5000 -2.354130e-03     0 3.843663e-02   100 1.291281e+02 5.955817e-02 5.871261e-05 
2.358000e+02 -3.528131e-02 1.477829e-01 -2.126082e+00 1.255443e+04 1.157021e+04 9.408740e+02  1000  5000 -2.242108e-03     0 3.845206e-02   100 1.291323e+02 5.956540e-02 6.106105e-05 
2.359000e+02 -3.465907e-02 1.477912e-01 -2.126877e+00 1.254766e+04 1.155927e+04 9.420124e+02  1000  5000 -2.097585e-03     0 3.845637e-02   100 1.291365e+02 5.956205e-02 6.571801e-05 
  236 -3.408464e-02 1.477957e-01 -2.127653e+00 1.254089e+04 1.154834e+04 9.431509e+02  1000  5000 -1.947274e-03     0 3.846803e-02 9.998216e+01 1.291405e+02 5.955410e-02 6.420127e-05 
2.361000e+02 -3.354038e-02 1.477953e-01 -2.128408e+00 1.253411e+04 1.153741e+04 9.442896e+02  1000  5000 -2.152005e-03     0 3.855464e-02 9.995672e+01 1.291443e+02 5.954022e-02 5.448030e-05 
2.362000e+02 -3.296887e-02 1.477790e-01 -2.129151e+00 1.252732e+04 1.152648e+04 9.454285e+02  1000  5000 -2.135468e-03     0 3.861133e-02 9.993611e+01 1.291480e+02 5.951175e-02 4.934869e-05 
2.363000e+02 -3.238753e-02 1.477482e-01 -2.129885e+00 1.252052e+04 1.151556e+04 9.465675e+02  1000  5000 -2.034332e-03     0 3.864924e-02 9.991958e+01 1.291515e+02 5.947292e-02 5.168320e-05 
2.364000e+02 -3.182896e-02 1.477105e-01 -2.130607e+00 1.251371e+04 1.150464e+04 9.477066e+02  1000  5000 -1.903618e-03     0 3.868606e-02 9.990649e+01 1.291550e+02 5.943243e-02 5.606810e-05 
2.365000e+02 -3.131338e-02 1.476715e-01 -2.131312e+00 1.250689e+04 1.149373e+04 9.488457e+02  1000  5000 -1.767563e-03     0 3.872419e-02 9.989624e+01 1.291585e+02 5.939527e-02 5.482296e-05 
2.366000e+02 -3.082534e-02 1.476334e-01 -2.131999e+00 1.250007e+04 1.148282e+04 9.499849e+02  1000  5000 -1.952385e-03     0 3.875897e-02 9.988829e+01 1.291619e+02 5.936270e-02 4.610710e-05 
2.367000e+02 -3.031251e-02 1.475965e-01 -2.132674e+00 1.249324e+04 1.147192e+04 9.511239e+02  1000  5000 -1.937586e-03     0 3.878730e-02 9.988216e+01 1.291654e+02 5.933472e-02 4.150962e-05 
2.368000e+02 -2.979128e-02 1.475614e-01 -2.133342e+00 1.248640e+04 1.146102e+04 9.522628e+02  1000  5000 -1.846138e-03     0 3.880949e-02 9.987742e+01 1.291689e+02 5.931124e-02 4.364038e-05 
2.369000e+02 -2.929072e-02 1.475289e-01 -2.134000e+00 1.247955e+04 1.145013e+04 9.534016e+02  1000  5000 -1.727926e-03     0 3.882711e-02 9.987365e+01 1.291724e+02 5.929207e-02 4.761710e-05 
  237 -2.882883e-02 1.474991e-01 -2.134642e+00 1.247269e+04 1.143924e+04 9.545402e+02  1000  5000 -1.604866e-03     0 3.884136e-02 9.987050e+01 1.291760e+02 5.927674e-02 4.650157e-05 
2.371000e+02 -2.839171e-02 1.474721e-01 -2.135268e+00 1.246583e+04 1.142836e+04 9.556786e+02  1000  5000 -1.772499e-03     0 3.885298e-02 9.986765e+01 1.291796e+02 5.926457e-02 3.863856e-05 
2.372000e+02 -2.793245e-02 1.474473e-01 -2.135883e+00 1.245896e+04 1.141748e+04 9.568169e+02  1000  5000 -1.759269e-03     0 3.886270e-02 9.986480e+01 1.291833e+02 5.925482e-02 3.453402e-05 
2.373000e+02 -2.746578e-02 1.474244e-01 -2.136492e+00 1.245208e+04 1.140660e+04 9.579550e+02  1000  5000 -1.676641e-03     0 3.887136e-02 9.986167e+01 1.291869e+02 5.924678e-02 3.655512e-05 
2.374000e+02 -2.701772e-02 1.474029e-01 -2.137092e+00 1.244520e+04 1.139573e+04 9.590930e+02  1000  5000 -1.569788e-03     0 3.887984e-02 9.985803e+01 1.291906e+02 5.923981e-02 4.027728e-05 
2.375000e+02 -2.660433e-02 1.473825e-01 -2.137677e+00 1.243831e+04 1.138486e+04 9.602307e+02  1000  5000 -1.458511e-03     0 3.888886e-02 9.985365e+01 1.291943e+02 5.923330e-02 3.940983e-05 
2.376000e+02 -2.621313e-02 1.473628e-01 -2.138247e+00 1.243141e+04 1.137400e+04 9.613684e+02  1000  5000 -1.610847e-03     0 3.889897e-02 9.984833e+01 1.291980e+02 5.922670e-02 3.244942e-05 
2.377000e+02 -2.580215e-02 1.473430e-01 -2.138809e+00 1.242450e+04 1.136314e+04 9.625058e+02  1000  5000 -1.599117e-03     0 3.891062e-02 9.984190e+01 1.292017e+02 5.921955e-02 2.891924e-05 
2.378000e+02 -2.538458e-02 1.473225e-01 -2.139364e+00 1.241759e+04 1.135228e+04 9.636432e+02  1000  5000 -1.524478e-03     0 3.892423e-02 9.983419e+01 1.292053e+02 5.921147e-02 3.095766e-05 
2.379000e+02 -2.498370e-02 1.473010e-01 -2.139910e+00 1.241067e+04 1.134143e+04 9.647804e+02  1000  5000 -1.427876e-03     0 3.894019e-02 9.982505e+01 1.292090e+02 5.920215e-02 3.454399e-05 
  238 -2.461385e-02 1.472780e-01 -2.140444e+00 1.240375e+04 1.133058e+04 9.659175e+02  1000  5000 -1.327216e-03     0 3.895874e-02 9.981434e+01 1.292126e+02 5.919131e-02 3.396687e-05 
2.381000e+02 -2.426386e-02 1.472530e-01 -2.140964e+00 1.239682e+04 1.131973e+04 9.670544e+02  1000  5000 -1.465535e-03     0 3.898003e-02 9.980196e+01 1.292162e+02 5.917876e-02 2.785639e-05 
2.382000e+02 -2.389624e-02 1.472255e-01 -2.141475e+00 1.238988e+04 1.130889e+04 9.681913e+02  1000  5000 -1.455063e-03     0 3.900413e-02 9.978778e+01 1.292197e+02 5.916433e-02 2.484155e-05 
2.383000e+02 -2.352282e-02 1.471950e-01 -2.141981e+00 1.238294e+04 1.129805e+04 9.693279e+02  1000  5000 -1.387586e-03     0 3.903111e-02 9.977171e+01 1.292232e+02 5.914796e-02 2.685693e-05 
2.384000e+02 -2.316436e-02 1.471611e-01 -2.142479e+00 1.237599e+04 1.128721e+04 9.704644e+02  1000  5000 -1.300207e-03     0 3.906102e-02 9.975367e+01 1.292266e+02 5.912958e-02 3.025770e-05 
2.385000e+02 -2.283362e-02 1.471235e-01 -2.142966e+00 1.236904e+04 1.127638e+04 9.716007e+02  1000  5000 -1.209104e-03     0 3.909384e-02 9.973357e+01 1.292300e+02 5.910918e-02 2.986977e-05 
2.386000e+02 -2.252064e-02 1.470819e-01 -2.143439e+00 1.236208e+04 1.126555e+04 9.727368e+02  1000  5000 -1.334473e-03     0 3.912946e-02 9.971134e+01 1.292333e+02 5.908676e-02 2.445246e-05 
2.387000e+02 -2.219206e-02 1.470359e-01 -2.143906e+00 1.235511e+04 1.125472e+04 9.738727e+02  1000  5000 -1.325019e-03     0 3.916776e-02 9.968693e+01 1.292365e+02 5.906234e-02 2.182282e-05 
2.388000e+02 -2.185845e-02 1.469851e-01 -2.144367e+00 1.234814e+04 1.124390e+04 9.750082e+02  1000  5000 -1.263969e-03     0 3.920863e-02 9.966027e+01 1.292397e+02 5.903601e-02 2.373503e-05 
2.389000e+02 -2.153827e-02 1.469293e-01 -2.144820e+00 1.234116e+04 1.123308e+04 9.761435e+02  1000  5000 -1.184911e-03     0 3.925197e-02 9.963131e+01 1.292428e+02 5.900785e-02 2.689310e-05 
  239 -2.124282e-02 1.468683e-01 -2.145264e+00 1.233418e+04 1.122226e+04 9.772784e+02  1000  5000 -1.102445e-03     0 3.929763e-02 9.960002e+01 1.292458e+02 5.897795e-02 2.661764e-05 
2.391000e+02 -2.096324e-02 1.468020e-01 -2.145695e+00 1.232720e+04 1.121145e+04 9.784129e+02  1000  5000 -1.215865e-03     0 3.934543e-02 9.956634e+01 1.292487e+02 5.894640e-02 2.178671e-05 
2.392000e+02 -2.066999e-02 1.467301e-01 -2.146120e+00 1.232020e+04 1.120064e+04 9.795470e+02  1000  5000 -1.207255e-03     0 3.939516e-02 9.953025e+01 1.292516e+02 5.891331e-02 1.947248e-05 
2.393000e+02 -2.037244e-02 1.466522e-01 -2.146540e+00 1.231321e+04 1.118983e+04 9.806805e+02  1000  5000 -1.152009e-03     0 3.944666e-02 9.949171e+01 1.292543e+02 5.887882e-02 2.126272e-05 
2.394000e+02 -2.008695e-02 1.465685e-01 -2.146953e+00 1.230621e+04 1.117902e+04 9.818135e+02  1000  5000 -1.080497e-03     0 3.949980e-02 9.945071e+01 1.292570e+02 5.884304e-02 2.417951e-05 
2.395000e+02 -1.982348e-02 1.464787e-01 -2.147357e+00 1.229920e+04 1.116822e+04 9.829459e+02  1000  5000 -1.005874e-03     0 3.955440e-02 9.940721e+01 1.292597e+02 5.880610e-02 2.399472e-05 
2.396000e+02 -1.957419e-02 1.463828e-01 -2.147750e+00 1.229219e+04 1.115742e+04 9.840775e+02  1000  5000 -1.108331e-03     0 3.961027e-02 9.936120e+01 1.292622e+02 5.876811e-02 1.969336e-05 
2.397000e+02 -1.931298e-02 1.462806e-01 -2.148136e+00 1.228517e+04 1.114662e+04 9.852084e+02  1000  5000 -1.100454e-03     0 3.966721e-02 9.931265e+01 1.292647e+02 5.872919e-02 1.766466e-05 
2.398000e+02 -1.904817e-02 1.461721e-01 -2.148519e+00 1.227815e+04 1.113583e+04 9.863385e+02  1000  5000 -1.050476e-03     0 3.972509e-02 9.926156e+01 1.292671e+02 5.868948e-02 1.934317e-05 
2.399000e+02 -1.879416e-02 1.460572e-01 -2.148895e+00 1.227113e+04 1.112503e+04 9.874676e+02  1000  5000 -9.858273e-04     0 3.978377e-02 9.920792e+01 1.292695e+02 5.864908e-02 2.204088e-05 
  240 -1.855971e-02 1.459359e-01 -2.149263e+00 1.226410e+04 1.111424e+04 9.885958e+02  1000  5000 -9.183411e-04     0 3.984310e-02 9.915171e+01 1.292718e+02 5.860811e-02 2.194128e-05 
2.401000e+02 -1.833789e-02 1.458082e-01 -2.149621e+00 1.225707e+04 1.110346e+04 9.897229e+02  1000  5000 -1.010768e-03     0 3.990292e-02 9.909293e+01 1.292740e+02 5.856667e-02 1.812654e-05 
2.402000e+02 -1.810577e-02 1.456741e-01 -2.149973e+00 1.225003e+04 1.109267e+04 9.908489e+02  1000  5000 -1.003538e-03     0 3.996310e-02 9.903157e+01 1.292762e+02 5.852486e-02 1.636179e-05 
2.403000e+02 -1.787067e-02 1.455334e-01 -2.150321e+00 1.224299e+04 1.108189e+04 9.919737e+02  1000  5000 -9.583467e-04     0 4.002351e-02 9.896763e+01 1.292783e+02 5.848277e-02 1.794148e-05 
2.404000e+02 -1.764523e-02 1.453863e-01 -2.150664e+00 1.223594e+04 1.107111e+04 9.930971e+02  1000  5000 -8.999414e-04     0 4.008407e-02 9.890110e+01 1.292803e+02 5.844050e-02 2.044212e-05 
2.405000e+02 -1.743710e-02 1.452328e-01 -2.150999e+00 1.222889e+04 1.106033e+04 9.942192e+02  1000  5000 -8.389472e-04     0 4.014467e-02 9.883199e+01 1.292823e+02 5.839813e-02 2.042277e-05 
2.406000e+02 -1.724019e-02 1.450729e-01 -2.151325e+00 1.222184e+04 1.104955e+04 9.953399e+02  1000  5000 -9.221955e-04     0 4.020519e-02 9.876030e+01 1.292843e+02 5.835573e-02 1.705403e-05 
2.407000e+02 -1.703444e-02 1.449066e-01 -2.151645e+00 1.221478e+04 1.103878e+04 9.964590e+02  1000  5000 -9.155323e-04     0 4.026554e-02 9.868602e+01 1.292862e+02 5.831337e-02 1.553113e-05 
2.408000e+02 -1.682628e-02 1.447340e-01 -2.151963e+00 1.220772e+04 1.102801e+04 9.975764e+02  1000  5000 -8.746877e-04     0 4.032565e-02 9.860916e+01 1.292881e+02 5.827112e-02 1.702057e-05 
2.409000e+02 -1.662674e-02 1.445550e-01 -2.152275e+00 1.220065e+04 1.101724e+04 9.986922e+02  1000  5000 -8.219566e-04     0 4.038546e-02 9.852972e+01 1.292899e+02 5.822903e-02 1.934025e-05 
  241 -1.644246e-02 1.443698e-01 -2.152579e+00 1.219359e+04 1.100647e+04 9.998062e+02  1000  5000 -7.668639e-04     0 4.044491e-02 9.844771e+01 1.292917e+02 5.818716e-02 1.939193e-05 
2.411000e+02 -1.626812e-02 1.441784e-01 -2.152876e+00 1.218651e+04 1.099570e+04 1.000918e+03  1000  5000 -8.416965e-04     0 4.050393e-02 9.836313e+01 1.292934e+02 5.814556e-02 1.642679e-05 
2.412000e+02 -1.608627e-02 1.439808e-01 -2.153168e+00 1.217944e+04 1.098494e+04 1.002028e+03  1000  5000 -8.355228e-04     0 4.056246e-02 9.827599e+01 1.292952e+02 5.810425e-02 1.511965e-05 
2.413000e+02 -1.590252e-02 1.437771e-01 -2.153456e+00 1.217236e+04 1.097417e+04 1.003137e+03  1000  5000 -7.986184e-04     0 4.062047e-02 9.818630e+01 1.292969e+02 5.806329e-02 1.652017e-05 
2.414000e+02 -1.572643e-02 1.435673e-01 -2.153740e+00 1.216528e+04 1.096341e+04 1.004243e+03  1000  5000 -7.510397e-04     0 4.067792e-02 9.809406e+01 1.292986e+02 5.802271e-02 1.866673e-05 
2.415000e+02 -1.556375e-02 1.433516e-01 -2.154018e+00 1.215819e+04 1.095265e+04 1.005346e+03  1000  5000 -7.013082e-04     0 4.073480e-02 9.799928e+01 1.293002e+02 5.798252e-02 1.877417e-05 
2.416000e+02 -1.540985e-02 1.431299e-01 -2.154288e+00 1.215110e+04 1.094190e+04 1.006448e+03  1000  5000 -7.684057e-04     0 4.079107e-02 9.790196e+01 1.293019e+02 5.794275e-02 1.616731e-05 
2.417000e+02 -1.524963e-02 1.429024e-01 -2.154553e+00 1.214401e+04 1.093114e+04 1.007547e+03  1000  5000 -7.626445e-04     0 4.084669e-02 9.780213e+01 1.293035e+02 5.790342e-02 1.504531e-05 
2.418000e+02 -1.508798e-02 1.426690e-01 -2.154816e+00 1.213691e+04 1.092039e+04 1.008643e+03  1000  5000 -7.293074e-04     0 4.090166e-02 9.769978e+01 1.293051e+02 5.786455e-02 1.635113e-05 
2.419000e+02 -1.493313e-02 1.424298e-01 -2.155074e+00 1.212981e+04 1.090964e+04 1.009738e+03  1000  5000 -6.864039e-04     0 4.095597e-02 9.759493e+01 1.293067e+02 5.782616e-02 1.832482e-05 
  242 -1.479000e-02 1.421850e-01 -2.155326e+00 1.212271e+04 1.089889e+04 1.010829e+03  1000  5000 -6.415405e-04     0 4.100962e-02 9.748758e+01 1.293083e+02 5.778824e-02 1.846759e-05 
2.421000e+02 -1.465460e-02 1.419345e-01 -2.155571e+00 1.211561e+04 1.088814e+04 1.011918e+03  1000  5000 -7.015098e-04     0 4.106259e-02 9.737776e+01 1.293098e+02 5.775080e-02 1.617164e-05 
2.422000e+02 -1.451398e-02 1.416784e-01 -2.155813e+00 1.210850e+04 1.087739e+04 1.013004e+03  1000  5000 -6.960865e-04     0 4.111488e-02 9.726546e+01 1.293114e+02 5.771385e-02 1.520088e-05 
2.423000e+02 -1.437232e-02 1.414168e-01 -2.156051e+00 1.210139e+04 1.086664e+04 1.014087e+03  1000  5000 -6.659752e-04     0 4.116648e-02 9.715069e+01 1.293130e+02 5.767739e-02 1.640071e-05 
2.424000e+02 -1.423669e-02 1.411497e-01 -2.156286e+00 1.209427e+04 1.085590e+04 1.015167e+03  1000  5000 -6.273116e-04     0 4.121742e-02 9.703348e+01 1.293145e+02 5.764143e-02 1.819582e-05 
2.425000e+02 -1.411126e-02 1.408772e-01 -2.156515e+00 1.208716e+04 1.084515e+04 1.016245e+03  1000  5000 -5.868675e-04     0 4.126769e-02 9.691383e+01 1.293161e+02 5.760595e-02 1.834966e-05 
2.426000e+02 -1.399262e-02 1.405993e-01 -2.156738e+00 1.208004e+04 1.083441e+04 1.017319e+03  1000  5000 -6.402525e-04     0 4.131729e-02 9.679176e+01 1.293176e+02 5.757096e-02 1.631622e-05 
2.427000e+02 -1.386972e-02 1.403162e-01 -2.156957e+00 1.207292e+04 1.082367e+04 1.018390e+03  1000  5000 -6.350967e-04     0 4.136624e-02 9.666727e+01 1.293192e+02 5.753645e-02 1.546058e-05 
2.428000e+02 -1.374615e-02 1.400277e-01 -2.157174e+00 1.206579e+04 1.081293e+04 1.019458e+03  1000  5000 -6.078991e-04     0 4.141452e-02 9.654038e+01 1.293207e+02 5.750242e-02 1.653882e-05 
2.429000e+02 -1.362789e-02 1.397341e-01 -2.157387e+00 1.205866e+04 1.080219e+04 1.020522e+03  1000  5000 -5.730784e-04     0 4.146218e-02 9.641110e+01 1.293223e+02 5.746886e-02 1.814489e-05 
  243 -1.351848e-02 1.394353e-01 -2.157595e+00 1.205153e+04 1.079146e+04 1.021583e+03  1000  5000 -5.366447e-04     0 4.150921e-02 9.627944e+01 1.293238e+02 5.743577e-02 1.828262e-05 
2.431000e+02 -1.341502e-02 1.391314e-01 -2.157797e+00 1.204440e+04 1.078072e+04 1.022641e+03  1000  5000 -5.839369e-04     0 4.155562e-02 9.614543e+01 1.293254e+02 5.740313e-02 1.646269e-05 
2.432000e+02 -1.330815e-02 1.388224e-01 -2.157996e+00 1.203727e+04 1.076999e+04 1.023695e+03  1000  5000 -5.789830e-04     0 4.160142e-02 9.600906e+01 1.293269e+02 5.737094e-02 1.568441e-05 
2.433000e+02 -1.320091e-02 1.385084e-01 -2.158193e+00 1.203013e+04 1.075925e+04 1.024745e+03  1000  5000 -5.544140e-04     0 4.164663e-02 9.587035e+01 1.293285e+02 5.733919e-02 1.662199e-05 
2.434000e+02 -1.309836e-02 1.381895e-01 -2.158386e+00 1.202299e+04 1.074852e+04 1.025792e+03  1000  5000 -5.230732e-04     0 4.169125e-02 9.572933e+01 1.293300e+02 5.730787e-02 1.802463e-05 
2.435000e+02 -1.300345e-02 1.378656e-01 -2.158574e+00 1.201585e+04 1.073779e+04 1.026835e+03  1000  5000 -4.902766e-04     0 4.173531e-02 9.558599e+01 1.293316e+02 5.727698e-02 1.811662e-05 
2.436000e+02 -1.291372e-02 1.375369e-01 -2.158758e+00 1.200870e+04 1.072706e+04 1.027875e+03  1000  5000 -5.319248e-04     0 4.177881e-02 9.544036e+01 1.293332e+02 5.724650e-02 1.646072e-05 
2.437000e+02 -1.282134e-02 1.372033e-01 -2.158938e+00 1.200155e+04 1.071633e+04 1.028910e+03  1000  5000 -5.271128e-04     0 4.182175e-02 9.529245e+01 1.293347e+02 5.721642e-02 1.572064e-05 
2.438000e+02 -1.272885e-02 1.368649e-01 -2.159116e+00 1.199440e+04 1.070560e+04 1.029942e+03  1000  5000 -5.049108e-04     0 4.186416e-02 9.514227e+01 1.293363e+02 5.718675e-02 1.649551e-05 
2.439000e+02 -1.264047e-02 1.365217e-01 -2.159291e+00 1.198725e+04 1.069487e+04 1.030969e+03  1000  5000 -4.767173e-04     0 4.190605e-02 9.498984e+01 1.293379e+02 5.715746e-02 1.767693e-05 
  244 -1.255865e-02 1.361739e-01 -2.159462e+00 1.198010e+04 1.068415e+04 1.031993e+03  1000  5000 -4.472156e-04     0 4.194742e-02 9.483517e+01 1.293395e+02 5.712856e-02 1.769139e-05 
2.441000e+02 -1.248134e-02 1.358214e-01 -2.159628e+00 1.197294e+04 1.067342e+04 1.033012e+03  1000  5000 -4.836346e-04     0 4.198829e-02 9.467828e+01 1.293411e+02 5.710002e-02 1.614952e-05 
2.442000e+02 -1.240203e-02 1.354642e-01 -2.159792e+00 1.196578e+04 1.066270e+04 1.034027e+03  1000  5000 -4.789107e-04     0 4.202866e-02 9.451919e+01 1.293427e+02 5.707186e-02 1.540716e-05 
2.443000e+02 -1.232282e-02 1.351024e-01 -2.159953e+00 1.195862e+04 1.065197e+04 1.035038e+03  1000  5000 -4.588352e-04     0 4.206854e-02 9.435789e+01 1.293443e+02 5.704405e-02 1.599466e-05 
2.444000e+02 -1.224721e-02 1.347361e-01 -2.160111e+00 1.195146e+04 1.064125e+04 1.036045e+03  1000  5000 -4.334822e-04     0 4.210795e-02 9.419442e+01 1.293460e+02 5.701659e-02 1.693408e-05 
2.445000e+02 -1.217721e-02 1.343653e-01 -2.160265e+00 1.194430e+04 1.063053e+04 1.037047e+03  1000  5000 -4.069598e-04     0 4.214689e-02 9.402879e+01 1.293476e+02 5.698948e-02 1.683723e-05 
2.446000e+02 -1.211112e-02 1.339900e-01 -2.160416e+00 1.193713e+04 1.061981e+04 1.038045e+03  1000  5000 -4.385395e-04     0 4.218538e-02 9.386101e+01 1.293492e+02 5.696270e-02 1.535872e-05 
2.447000e+02 -1.204356e-02 1.336102e-01 -2.160563e+00 1.192996e+04 1.060908e+04 1.039038e+03  1000  5000 -4.338559e-04     0 4.222340e-02 9.369110e+01 1.293509e+02 5.693626e-02 1.457242e-05 
2.448000e+02 -1.197629e-02 1.332260e-01 -2.160709e+00 1.192279e+04 1.059836e+04 1.040026e+03  1000  5000 -4.156851e-04     0 4.226098e-02 9.351908e+01 1.293525e+02 5.691014e-02 1.494563e-05 
2.449000e+02 -1.191215e-02 1.328375e-01 -2.160852e+00 1.191562e+04 1.058764e+04 1.041010e+03  1000  5000 -3.928886e-04     0 4.229813e-02 9.334495e+01 1.293542e+02 5.688435e-02 1.561980e-05 
  245 -1.185278e-02 1.324446e-01 -2.160992e+00 1.190845e+04 1.057692e+04 1.041990e+03  1000  5000 -3.690530e-04     0 4.233484e-02 9.316874e+01 1.293559e+02 5.685887e-02 1.537619e-05 
2.451000e+02 -1.179678e-02 1.320474e-01 -2.161128e+00 1.190127e+04 1.056621e+04 1.042964e+03  1000  5000 -3.961664e-04     0 4.237112e-02 9.299046e+01 1.293575e+02 5.683371e-02 1.390981e-05 
2.452000e+02 -1.173978e-02 1.316459e-01 -2.161261e+00 1.189409e+04 1.055549e+04 1.043934e+03  1000  5000 -3.914829e-04     0 4.240698e-02 9.281013e+01 1.293592e+02 5.680885e-02 1.303693e-05 
2.453000e+02 -1.168317e-02 1.312403e-01 -2.161393e+00 1.188691e+04 1.054477e+04 1.044899e+03  1000  5000 -3.750116e-04     0 4.244242e-02 9.262777e+01 1.293609e+02 5.678430e-02 1.316733e-05 
2.454000e+02 -1.162929e-02 1.308304e-01 -2.161522e+00 1.187973e+04 1.053405e+04 1.045859e+03  1000  5000 -3.545075e-04     0 4.247744e-02 9.244339e+01 1.293626e+02 5.676005e-02 1.355123e-05 
2.455000e+02 -1.157946e-02 1.304164e-01 -2.161648e+00 1.187255e+04 1.052334e+04 1.046814e+03  1000  5000 -3.330861e-04     0 4.251206e-02 9.225700e+01 1.293643e+02 5.673609e-02 1.312432e-05 
2.456000e+02 -1.153252e-02 1.299982e-01 -2.161771e+00 1.186536e+04 1.051262e+04 1.047763e+03  1000  5000 -3.560981e-04     0 4.254627e-02 9.206863e+01 1.293660e+02 5.671243e-02 1.161870e-05 
2.457000e+02 -1.148493e-02 1.295760e-01 -2.161892e+00 1.185818e+04 1.050191e+04 1.048708e+03  1000  5000 -3.513829e-04     0 4.258007e-02 9.187828e+01 1.293677e+02 5.668906e-02 1.061638e-05 
2.458000e+02 -1.143784e-02 1.291497e-01 -2.162011e+00 1.185099e+04 1.049119e+04 1.049648e+03  1000  5000 -3.364217e-04     0 4.261347e-02 9.168599e+01 1.293694e+02 5.666598e-02 1.047478e-05 
2.459000e+02 -1.139310e-02 1.287194e-01 -2.162128e+00 1.184380e+04 1.048048e+04 1.050582e+03  1000  5000 -3.179641e-04     0 4.264647e-02 9.149176e+01 1.293712e+02 5.664318e-02 1.054279e-05 
  246 -1.135177e-02 1.282852e-01 -2.162242e+00 1.183661e+04 1.046976e+04 1.051511e+03  1000  5000 -2.987023e-04     0 4.267908e-02 9.129561e+01 1.293729e+02 5.662067e-02 9.896075e-06 
2.461000e+02 -1.131292e-02 1.278470e-01 -2.162353e+00 1.182942e+04 1.045905e+04 1.052435e+03  1000  5000 -3.179785e-04     0 4.271129e-02 9.109756e+01 1.293746e+02 5.659844e-02 8.300654e-06 
2.462000e+02 -1.127371e-02 1.274049e-01 -2.162462e+00 1.182222e+04 1.044834e+04 1.053353e+03  1000  5000 -3.132107e-04     0 4.274311e-02 9.089763e+01 1.293764e+02 5.657650e-02 7.127010e-06 
2.463000e+02 -1.123504e-02 1.269589e-01 -2.162569e+00 1.181503e+04 1.043762e+04 1.054266e+03  1000  5000 -2.995856e-04     0 4.277454e-02 9.069583e+01 1.293781e+02 5.655483e-02 6.685224e-06 
2.464000e+02 -1.119839e-02 1.265092e-01 -2.162675e+00 1.180783e+04 1.042691e+04 1.055174e+03  1000  5000 -2.829459e-04     0 4.280558e-02 9.049219e+01 1.293799e+02 5.653344e-02 6.412919e-06 
2.465000e+02 -1.116460e-02 1.260556e-01 -2.162778e+00 1.180063e+04 1.041620e+04 1.056076e+03  1000  5000 -2.656064e-04     0 4.283623e-02 9.028671e+01 1.293817e+02 5.651233e-02 5.511670e-06 
2.466000e+02 -1.113294e-02 1.255983e-01 -2.162879e+00 1.179343e+04 1.040549e+04 1.056972e+03  1000  5000 -2.815224e-04     0 4.286649e-02 9.007942e+01 1.293835e+02 5.649149e-02 3.778419e-06 
2.467000e+02 -1.110112e-02 1.251372e-01 -2.162978e+00 1.178623e+04 1.039477e+04 1.057863e+03  1000  5000 -2.766949e-04     0 4.289636e-02 8.987033e+01 1.293852e+02 5.647093e-02 2.394545e-06 
2.468000e+02 -1.106987e-02 1.246725e-01 -2.163076e+00 1.177902e+04 1.038406e+04 1.058748e+03  1000  5000 -2.642487e-04     0 4.292585e-02 8.965947e+01 1.293870e+02 5.645064e-02 1.627721e-06 
2.469000e+02 -1.104034e-02 1.242041e-01 -2.163172e+00 1.177182e+04 1.037335e+04 1.059627e+03  1000  5000 -2.492163e-04     0 4.295495e-02 8.944684e+01 1.293888e+02 5.643063e-02 9.945003e-07 
  247 -1.101322e-02 1.237322e-01 -2.163265e+00 1.176461e+04 1.036264e+04 1.060500e+03  1000  5000 -2.335790e-04     0 4.298367e-02 8.923247e+01 1.293906e+02 5.641088e-02 -1.915645e-07 
2.471000e+02 -1.098791e-02 1.232566e-01 -2.163357e+00 1.175740e+04 1.035193e+04 1.061368e+03  1000  5000 -2.465302e-04     0 4.301200e-02 8.901639e+01 1.293924e+02 5.639141e-02 -2.105529e-06 
2.472000e+02 -1.096259e-02 1.227776e-01 -2.163447e+00 1.175020e+04 1.034122e+04 1.062230e+03  1000  5000 -2.416542e-04     0 4.303994e-02 8.879859e+01 1.293942e+02 5.637222e-02 -3.732603e-06 
2.473000e+02 -1.093782e-02 1.222951e-01 -2.163536e+00 1.174299e+04 1.033051e+04 1.063085e+03  1000  5000 -2.302485e-04     0 4.306750e-02 8.857911e+01 1.293961e+02 5.635329e-02 -4.842626e-06 
2.474000e+02 -1.091454e-02 1.218091e-01 -2.163624e+00 1.173577e+04 1.031980e+04 1.063935e+03  1000  5000 -2.166323e-04     0 4.309468e-02 8.835796e+01 1.293979e+02 5.633463e-02 -5.849950e-06 
2.475000e+02 -1.089327e-02 1.213197e-01 -2.163710e+00 1.172856e+04 1.030909e+04 1.064779e+03  1000  5000 -2.024964e-04     0 4.312148e-02 8.813516e+01 1.293997e+02 5.631625e-02 -7.343019e-06 
2.476000e+02 -1.087354e-02 1.208269e-01 -2.163793e+00 1.172135e+04 1.029838e+04 1.065616e+03  1000  5000 -2.129078e-04     0 4.314789e-02 8.791073e+01 1.294016e+02 5.629813e-02 -9.471744e-06 
2.477000e+02 -1.085390e-02 1.203309e-01 -2.163876e+00 1.171413e+04 1.028767e+04 1.066448e+03  1000  5000 -2.080172e-04     0 4.317391e-02 8.768469e+01 1.294034e+02 5.628028e-02 -1.136507e-05 
2.478000e+02 -1.083479e-02 1.198315e-01 -2.163958e+00 1.170691e+04 1.027696e+04 1.067273e+03  1000  5000 -1.975360e-04     0 4.319956e-02 8.745705e+01 1.294052e+02 5.626270e-02 -1.282540e-05 
2.479000e+02 -1.081695e-02 1.193289e-01 -2.164038e+00 1.169970e+04 1.026625e+04 1.068092e+03  1000  5000 -1.851673e-04     0 4.322482e-02 8.722784e+01 1.294071e+02 5.624539e-02 -1.420798e-05 
  248 -1.080081e-02 1.188231e-01 -2.164118e+00 1.169248e+04 1.025554e+04 1.068905e+03  1000  5000 -1.723540e-04     0 4.324969e-02 8.699707e+01 1.294090e+02 5.622835e-02 -1.601744e-05 
2.481000e+02 -1.078599e-02 1.183141e-01 -2.164195e+00 1.168526e+04 1.024483e+04 1.069711e+03  1000  5000 -1.806894e-04     0 4.327419e-02 8.676476e+01 1.294108e+02 5.621158e-02 -1.838140e-05 
2.482000e+02 -1.077131e-02 1.178020e-01 -2.164272e+00 1.167804e+04 1.023412e+04 1.070511e+03  1000  5000 -1.758469e-04     0 4.329830e-02 8.653094e+01 1.294127e+02 5.619507e-02 -2.054910e-05 
2.483000e+02 -1.075712e-02 1.172868e-01 -2.164348e+00 1.167081e+04 1.022341e+04 1.071305e+03  1000  5000 -1.662004e-04     0 4.332203e-02 8.629562e+01 1.294146e+02 5.617884e-02 -2.235051e-05 
2.484000e+02 -1.074404e-02 1.167685e-01 -2.164423e+00 1.166359e+04 1.021270e+04 1.072092e+03  1000  5000 -1.549364e-04     0 4.334538e-02 8.605882e+01 1.294165e+02 5.616287e-02 -2.409198e-05 
2.485000e+02 -1.073240e-02 1.162473e-01 -2.164497e+00 1.165636e+04 1.020200e+04 1.072873e+03  1000  5000 -1.432923e-04     0 4.336834e-02 8.582056e+01 1.294183e+02 5.614716e-02 -2.620885e-05 
2.486000e+02 -1.072190e-02 1.157231e-01 -2.164569e+00 1.164914e+04 1.019129e+04 1.073647e+03  1000  5000 -1.500615e-04     0 4.339093e-02 8.558085e+01 1.294202e+02 5.613172e-02 -2.880937e-05 
2.487000e+02 -1.071157e-02 1.151959e-01 -2.164641e+00 1.164191e+04 1.018058e+04 1.074414e+03  1000  5000 -1.453629e-04     0 4.341313e-02 8.533973e+01 1.294221e+02 5.611655e-02 -3.123899e-05 
2.488000e+02 -1.070170e-02 1.146659e-01 -2.164713e+00 1.163468e+04 1.016987e+04 1.075175e+03  1000  5000 -1.364915e-04     0 4.343495e-02 8.509720e+01 1.294240e+02 5.610164e-02 -3.335009e-05 
2.489000e+02 -1.069279e-02 1.141331e-01 -2.164784e+00 1.162745e+04 1.015916e+04 1.075930e+03  1000  5000 -1.262190e-04     0 4.345639e-02 8.485329e+01 1.294260e+02 5.608700e-02 -3.541070e-05 
  249 -1.068513e-02 1.135974e-01 -2.164854e+00 1.162022e+04 1.014845e+04 1.076677e+03  1000  5000 -1.156196e-04     0 4.347745e-02 8.460802e+01 1.294279e+02 5.607262e-02 -3.780179e-05 
2.491000e+02 -1.067847e-02 1.130591e-01 -2.164923e+00 1.161299e+04 1.013775e+04 1.077418e+03  1000  5000 -1.213811e-04     0 4.349813e-02 8.436141e+01 1.294298e+02 5.605851e-02 -4.061531e-05 
2.492000e+02 -1.067198e-02 1.125179e-01 -2.164992e+00 1.160576e+04 1.012704e+04 1.078152e+03  1000  5000 -1.169582e-04     0 4.351843e-02 8.411347e+01 1.294317e+02 5.604466e-02 -4.326817e-05 
2.493000e+02 -1.066593e-02 1.119742e-01 -2.165061e+00 1.159852e+04 1.011633e+04 1.078879e+03  1000  5000 -1.088347e-04     0 4.353835e-02 8.386422e+01 1.294337e+02 5.603107e-02 -4.562996e-05 
2.494000e+02 -1.066072e-02 1.114278e-01 -2.165129e+00 1.159129e+04 1.010562e+04 1.079600e+03  1000  5000 -9.947173e-05     0 4.355790e-02 8.361370e+01 1.294356e+02 5.601775e-02 -4.794127e-05 
2.495000e+02 -1.065664e-02 1.108788e-01 -2.165197e+00 1.158405e+04 1.009491e+04 1.080313e+03  1000  5000 -8.982259e-05     0 4.357706e-02 8.336191e+01 1.294375e+02 5.600469e-02 -5.054408e-05 
2.496000e+02 -1.065345e-02 1.103273e-01 -2.165265e+00 1.157681e+04 1.008420e+04 1.081020e+03  1000  5000 -9.517971e-05     0 4.359585e-02 8.310887e+01 1.294395e+02 5.599189e-02 -5.351728e-05 
2.497000e+02 -1.065042e-02 1.097732e-01 -2.165332e+00 1.156957e+04 1.007350e+04 1.081719e+03  1000  5000 -9.119902e-05     0 4.361426e-02 8.285461e+01 1.294415e+02 5.597935e-02 -5.632415e-05 
2.498000e+02 -1.064779e-02 1.092168e-01 -2.165399e+00 1.156233e+04 1.006279e+04 1.082412e+03  1000  5000 -8.382737e-05     0 4.363230e-02 8.259915e+01 1.294434e+02 5.596707e-02 -5.884628e-05 
2.499000e+02 -1.064594e-02 1.086579e-01 -2.165467e+00 1.155509e+04 1.005208e+04 1.083097e+03  1000  5000 -7.532172e-05     0 4.364996e-02 8.234250e+01 1.294454e+02 5.595505e-02 -6.130796e-05 
  250 -1.064511e-02 1.080966e-01 -2.165534e+00 1.154785e+04 1.004137e+04 1.083776e+03  1000  5000 -6.655649e-05     0 4.366725e-02 8.208469e+01 1.294474e+02 5.594329e-02 -6.402790e-05 
2.501000e+02 -1.064511e-02 1.075330e-01 -2.165601e+00 1.154061e+04 1.003066e+04 1.084447e+03  1000  5000 -7.214280e-05     0 4.368416e-02 8.182573e+01 1.294493e+02 5.593178e-02 -6.707546e-05 
2.502000e+02 -1.064524e-02 1.069672e-01 -2.165668e+00 1.153337e+04 1.001996e+04 1.085111e+03  1000  5000 -6.879729e-05     0 4.370070e-02 8.156565e+01 1.294513e+02 5.592054e-02 -6.993528e-05 
2.503000e+02 -1.064572e-02 1.063990e-01 -2.165735e+00 1.152612e+04 1.000925e+04 1.085768e+03  1000  5000 -6.220632e-05     0 4.371686e-02 8.130447e+01 1.294533e+02 5.590955e-02 -7.249585e-05 
2.504000e+02 -1.064693e-02 1.058287e-01 -2.165803e+00 1.151887e+04 9.998540e+03 1.086418e+03  1000  5000 -5.452851e-05     0 4.373266e-02 8.104220e+01 1.294553e+02 5.589881e-02 -7.497642e-05 
2.505000e+02 -1.064912e-02 1.052563e-01 -2.165871e+00 1.151163e+04 9.987833e+03 1.087060e+03  1000  5000 -4.660138e-05     0 4.374808e-02 8.077887e+01 1.294573e+02 5.588834e-02 -7.768824e-05 
2.506000e+02 -1.065207e-02 1.046817e-01 -2.165939e+00 1.150438e+04 9.977125e+03 1.087696e+03  1000  5000 -5.305383e-05     0 4.376313e-02 8.051450e+01 1.294593e+02 5.587811e-02 -8.069502e-05 
2.507000e+02 -1.065510e-02 1.041051e-01 -2.166007e+00 1.149713e+04 9.966417e+03 1.088324e+03  1000  5000 -5.054666e-05     0 4.377782e-02 8.024911e+01 1.294613e+02 5.586814e-02 -8.347852e-05 
2.508000e+02 -1.065842e-02 1.035264e-01 -2.166076e+00 1.148988e+04 9.955709e+03 1.088944e+03  1000  5000 -4.477638e-05     0 4.379213e-02 7.998271e+01 1.294633e+02 5.585843e-02 -8.592935e-05 
2.509000e+02 -1.066242e-02 1.029458e-01 -2.166145e+00 1.148263e+04 9.945002e+03 1.089558e+03  1000  5000 -3.790675e-05     0 4.380608e-02 7.971533e+01 1.294653e+02 5.584897e-02 -8.827274e-05 
  251 -1.066737e-02 1.023632e-01 -2.166215e+00 1.147538e+04 9.934294e+03 1.090164e+03  1000  5000 -3.077890e-05     0 4.381966e-02 7.944700e+01 1.294674e+02 5.583975e-02 -9.082799e-05 
2.511000e+02 -1.067303e-02 1.017787e-01 -2.166285e+00 1.146812e+04 9.923587e+03 1.090762e+03  1000  5000 -3.869745e-05     0 4.383288e-02 7.917772e+01 1.294694e+02 5.583079e-02 -9.365728e-05 
2.512000e+02 -1.067867e-02 1.011924e-01 -2.166356e+00 1.146087e+04 9.912879e+03 1.091353e+03  1000  5000 -3.721715e-05     0 4.384573e-02 7.890752e+01 1.294714e+02 5.582208e-02 -9.621705e-05 
2.513000e+02 -1.068452e-02 1.006043e-01 -2.166427e+00 1.145361e+04 9.902172e+03 1.091937e+03  1000  5000 -3.229908e-05     0 4.385822e-02 7.863642e+01 1.294735e+02 5.581362e-02 -9.839558e-05 
2.514000e+02 -1.069100e-02 1.000144e-01 -2.166500e+00 1.144636e+04 9.891465e+03 1.092513e+03  1000  5000 -2.620931e-05     0 4.387034e-02 7.836445e+01 1.294755e+02 5.580540e-02 -1.004346e-04 
2.515000e+02 -1.069839e-02 9.942283e-02 -2.166573e+00 1.143910e+04 9.880758e+03 1.093081e+03  1000  5000 -1.983070e-05     0 4.388211e-02 7.809161e+01 1.294776e+02 5.579744e-02 -1.026757e-04 
2.516000e+02 -1.070644e-02 9.882957e-02 -2.166646e+00 1.143184e+04 9.870051e+03 1.093642e+03  1000  5000 -2.972793e-05     0 4.389351e-02 7.781794e+01 1.294796e+02 5.578972e-02 -1.051840e-04 
2.517000e+02 -1.071432e-02 9.823468e-02 -2.166720e+00 1.142458e+04 9.859344e+03 1.094195e+03  1000  5000 -2.941805e-05     0 4.390455e-02 7.754345e+01 1.294817e+02 5.578224e-02 -1.073709e-04 
2.518000e+02 -1.072227e-02 9.763820e-02 -2.166795e+00 1.141732e+04 9.848637e+03 1.094741e+03  1000  5000 -2.535220e-05     0 4.391524e-02 7.726817e+01 1.294837e+02 5.577501e-02 -1.091186e-04 
2.519000e+02 -1.073078e-02 9.704018e-02 -2.166871e+00 1.141006e+04 9.837930e+03 1.095279e+03  1000  5000 -1.998516e-05     0 4.392556e-02 7.699211e+01 1.294858e+02 5.576803e-02 -1.106941e-04 
  252 -1.074016e-02 9.644067e-02 -2.166948e+00 1.140279e+04 9.827223e+03 1.095810e+03  1000  5000 -1.427559e-05     0 4.393553e-02 7.671529e+01 1.294879e+02 5.576128e-02 -1.124744e-04 
2.521000e+02 -1.075013e-02 9.583970e-02 -2.167026e+00 1.139553e+04 9.816517e+03 1.096333e+03  1000  5000 -2.652392e-05     0 4.394515e-02 7.643775e+01 1.294899e+02 5.575478e-02 -1.145311e-04 
2.522000e+02 -1.075970e-02 9.523733e-02 -2.167104e+00 1.138826e+04 9.805811e+03 1.096848e+03  1000  5000 -2.745315e-05     0 4.395441e-02 7.615948e+01 1.294920e+02 5.574852e-02 -1.162151e-04 
2.523000e+02 -1.076917e-02 9.463359e-02 -2.167183e+00 1.138100e+04 9.795104e+03 1.097355e+03  1000  5000 -2.418749e-05     0 4.396332e-02 7.588053e+01 1.294941e+02 5.574250e-02 -1.173990e-04 
2.524000e+02 -1.077910e-02 9.402853e-02 -2.167264e+00 1.137373e+04 9.784398e+03 1.097855e+03  1000  5000 -1.944104e-05     0 4.397188e-02 7.560090e+01 1.294962e+02 5.573672e-02 -1.183826e-04 
2.525000e+02 -1.078985e-02 9.342220e-02 -2.167345e+00 1.136646e+04 9.773692e+03 1.098347e+03  1000  5000 -1.427652e-05     0 4.398008e-02 7.532062e+01 1.294983e+02 5.573118e-02 -1.195876e-04 
2.526000e+02 -1.080107e-02 9.281464e-02 -2.167427e+00 1.135919e+04 9.762987e+03 1.098831e+03  1000  5000 -2.906427e-05     0 4.398794e-02 7.503972e+01 1.295004e+02 5.572588e-02 -1.210956e-04 
2.527000e+02 -1.081162e-02 9.220588e-02 -2.167510e+00 1.135192e+04 9.752281e+03 1.099307e+03  1000  5000 -3.120513e-05     0 4.399544e-02 7.475820e+01 1.295025e+02 5.572081e-02 -1.221862e-04 
2.528000e+02 -1.082186e-02 9.159599e-02 -2.167594e+00 1.134465e+04 9.741576e+03 1.099776e+03  1000  5000 -2.862440e-05     0 4.400260e-02 7.447609e+01 1.295046e+02 5.571598e-02 -1.227200e-04 
2.529000e+02 -1.083243e-02 9.098499e-02 -2.167679e+00 1.133737e+04 9.730871e+03 1.100237e+03  1000  5000 -2.434551e-05     0 4.400942e-02 7.419342e+01 1.295067e+02 5.571138e-02 -1.230336e-04 
  253 -1.084373e-02 9.037295e-02 -2.167765e+00 1.133010e+04 9.720166e+03 1.100689e+03  1000  5000 -1.955570e-05     0 4.401589e-02 7.391020e+01 1.295088e+02 5.570702e-02 -1.235993e-04 
2.531000e+02 -1.085538e-02 8.975989e-02 -2.167851e+00 1.132282e+04 9.709461e+03 1.101134e+03  1000  5000 -3.686380e-05     0 4.402201e-02 7.362645e+01 1.295110e+02 5.570289e-02 -1.245115e-04 
2.532000e+02 -1.086607e-02 8.914586e-02 -2.167939e+00 1.131554e+04 9.698757e+03 1.101572e+03  1000  5000 -4.008709e-05     0 4.402779e-02 7.334219e+01 1.295131e+02 5.569899e-02 -1.249728e-04 
2.533000e+02 -1.087618e-02 8.853091e-02 -2.168028e+00 1.130827e+04 9.688052e+03 1.102001e+03  1000  5000 -3.801595e-05     0 4.403323e-02 7.305745e+01 1.295152e+02 5.569532e-02 -1.248301e-04 
2.534000e+02 -1.088648e-02 8.791508e-02 -2.168117e+00 1.130099e+04 9.677348e+03 1.102422e+03  1000  5000 -3.400883e-05     0 4.403833e-02 7.277225e+01 1.295173e+02 5.569188e-02 -1.244580e-04 
2.535000e+02 -1.089744e-02 8.729842e-02 -2.168208e+00 1.129371e+04 9.666645e+03 1.102835e+03  1000  5000 -2.938853e-05     0 4.404310e-02 7.248660e+01 1.295195e+02 5.568867e-02 -1.243808e-04 
2.536000e+02 -1.090861e-02 8.668097e-02 -2.168298e+00 1.128642e+04 9.655941e+03 1.103241e+03  1000  5000 -4.899538e-05     0 4.404752e-02 7.220053e+01 1.295216e+02 5.568569e-02 -1.247070e-04 
2.537000e+02 -1.091850e-02 8.606277e-02 -2.168390e+00 1.127914e+04 9.645238e+03 1.103638e+03  1000  5000 -5.308354e-05     0 4.405161e-02 7.191406e+01 1.295238e+02 5.568294e-02 -1.245627e-04 
2.538000e+02 -1.092757e-02 8.544386e-02 -2.168483e+00 1.127186e+04 9.634535e+03 1.104028e+03  1000  5000 -5.130474e-05     0 4.405536e-02 7.162721e+01 1.295259e+02 5.568041e-02 -1.237798e-04 
2.539000e+02 -1.093668e-02 8.482430e-02 -2.168577e+00 1.126457e+04 9.623832e+03 1.104409e+03  1000  5000 -4.735209e-05     0 4.405878e-02 7.133999e+01 1.295281e+02 5.567811e-02 -1.227686e-04 
  254 -1.094638e-02 8.420412e-02 -2.168671e+00 1.125728e+04 9.613130e+03 1.104783e+03  1000  5000 -4.268455e-05     0 4.406187e-02 7.105244e+01 1.295302e+02 5.567603e-02 -1.221035e-04 
2.541000e+02 -1.095619e-02 8.358338e-02 -2.168766e+00 1.125000e+04 9.602428e+03 1.105148e+03  1000  5000 -6.419929e-05     0 4.406463e-02 7.076457e+01 1.295324e+02 5.567417e-02 -1.219061e-04 
2.542000e+02 -1.096442e-02 8.296210e-02 -2.168861e+00 1.124271e+04 9.591726e+03 1.105506e+03  1000  5000 -6.887573e-05     0 4.406706e-02 7.047639e+01 1.295345e+02 5.567254e-02 -1.212323e-04 
2.543000e+02 -1.097161e-02 8.234034e-02 -2.168957e+00 1.123542e+04 9.581025e+03 1.105855e+03  1000  5000 -6.715867e-05     0 4.406915e-02 7.018794e+01 1.295367e+02 5.567113e-02 -1.198988e-04 
2.544000e+02 -1.097872e-02 8.171814e-02 -2.169054e+00 1.122812e+04 9.570323e+03 1.106197e+03  1000  5000 -6.305036e-05     0 4.407092e-02 6.989923e+01 1.295389e+02 5.566993e-02 -1.183470e-04 
2.545000e+02 -1.098638e-02 8.109555e-02 -2.169152e+00 1.122083e+04 9.559623e+03 1.106530e+03  1000  5000 -5.813602e-05     0 4.407237e-02 6.961029e+01 1.295411e+02 5.566896e-02 -1.171944e-04 
2.546000e+02 -1.099405e-02 8.047260e-02 -2.169249e+00 1.121354e+04 9.548922e+03 1.106856e+03  1000  5000 -8.105238e-05     0 4.407349e-02 6.932113e+01 1.295432e+02 5.566821e-02 -1.165750e-04 
2.547000e+02 -1.099993e-02 7.984935e-02 -2.169347e+00 1.120624e+04 9.538222e+03 1.107173e+03  1000  5000 -8.601897e-05     0 4.407429e-02 6.903177e+01 1.295454e+02 5.566767e-02 -1.154846e-04 
2.548000e+02 -1.100460e-02 7.922582e-02 -2.169446e+00 1.119895e+04 9.527523e+03 1.107482e+03  1000  5000 -8.415070e-05     0 4.407476e-02 6.874224e+01 1.295476e+02 5.566735e-02 -1.137259e-04 
2.549000e+02 -1.100911e-02 7.860207e-02 -2.169546e+00 1.119165e+04 9.516823e+03 1.107783e+03  1000  5000 -7.971160e-05     0 4.407492e-02 6.845255e+01 1.295498e+02 5.566724e-02 -1.117644e-04 
  255 -1.101415e-02 7.797815e-02 -2.169645e+00 1.118435e+04 9.506124e+03 1.108076e+03  1000  5000 -7.439408e-05     0 4.407475e-02 6.816273e+01 1.295520e+02 5.566735e-02 -1.102517e-04 
2.551000e+02 -1.101916e-02 7.735409e-02 -2.169745e+00 1.117705e+04 9.495426e+03 1.108362e+03  1000  5000 -9.815213e-05     0 4.407427e-02 6.787280e+01 1.295542e+02 5.566767e-02 -1.093316e-04 
2.552000e+02 -1.102223e-02 7.672994e-02 -2.169844e+00 1.116975e+04 9.484727e+03 1.108638e+03  1000  5000 -1.031255e-04     0 4.407347e-02 6.758277e+01 1.295564e+02 5.566820e-02 -1.079543e-04 
2.553000e+02 -1.102400e-02 7.610573e-02 -2.169945e+00 1.116244e+04 9.474030e+03 1.108907e+03  1000  5000 -1.009360e-04     0 4.407235e-02 6.729267e+01 1.295586e+02 5.566894e-02 -1.059107e-04 
2.554000e+02 -1.102558e-02 7.548152e-02 -2.170046e+00 1.115514e+04 9.463332e+03 1.109168e+03  1000  5000 -9.604589e-05     0 4.407093e-02 6.700251e+01 1.295608e+02 5.566990e-02 -1.036821e-04 
2.555000e+02 -1.102770e-02 7.485734e-02 -2.170146e+00 1.114783e+04 9.452635e+03 1.109421e+03  1000  5000 -9.022872e-05     0 4.406918e-02 6.671233e+01 1.295630e+02 5.567106e-02 -1.019432e-04 
2.556000e+02 -1.102980e-02 7.423325e-02 -2.170247e+00 1.114052e+04 9.441939e+03 1.109665e+03  1000  5000 -1.142720e-04     0 4.406713e-02 6.642213e+01 1.295652e+02 5.567244e-02 -1.008453e-04 
2.557000e+02 -1.102989e-02 7.360928e-02 -2.170347e+00 1.113322e+04 9.431243e+03 1.109902e+03  1000  5000 -1.190109e-04     0 4.406477e-02 6.613194e+01 1.295674e+02 5.567402e-02 -9.930937e-05 
2.558000e+02 -1.102866e-02 7.298546e-02 -2.170448e+00 1.112591e+04 9.420547e+03 1.110130e+03  1000  5000 -1.163875e-04     0 4.406209e-02 6.584178e+01 1.295696e+02 5.567580e-02 -9.711725e-05 
2.559000e+02 -1.102727e-02 7.236186e-02 -2.170549e+00 1.111860e+04 9.409852e+03 1.110350e+03  1000  5000 -1.109894e-04     0 4.405911e-02 6.555166e+01 1.295718e+02 5.567779e-02 -9.475787e-05 
  256 -1.102645e-02 7.173851e-02 -2.170650e+00 1.111128e+04 9.399157e+03 1.110563e+03  1000  5000 -1.046408e-04     0 4.405582e-02 6.526162e+01 1.295740e+02 5.567999e-02 -9.291762e-05 
2.561000e+02 -1.102564e-02 7.111545e-02 -2.170750e+00 1.110397e+04 9.388462e+03 1.110767e+03  1000  5000 -1.284598e-04     0 4.405223e-02 6.497166e+01 1.295763e+02 5.568239e-02 -9.175210e-05 
2.562000e+02 -1.102286e-02 7.049272e-02 -2.170851e+00 1.109666e+04 9.377768e+03 1.110963e+03  1000  5000 -1.327803e-04     0 4.404834e-02 6.468181e+01 1.295785e+02 5.568499e-02 -9.017082e-05 
2.563000e+02 -1.101880e-02 6.987036e-02 -2.170951e+00 1.108934e+04 9.367075e+03 1.111150e+03  1000  5000 -1.296707e-04     0 4.404414e-02 6.439210e+01 1.295807e+02 5.568780e-02 -8.794987e-05 
2.564000e+02 -1.101462e-02 6.924843e-02 -2.171052e+00 1.108202e+04 9.356381e+03 1.111330e+03  1000  5000 -1.237676e-04     0 4.403963e-02 6.410253e+01 1.295829e+02 5.569080e-02 -8.557781e-05 
2.565000e+02 -1.101108e-02 6.862695e-02 -2.171152e+00 1.107471e+04 9.345689e+03 1.111502e+03  1000  5000 -1.169143e-04     0 4.403483e-02 6.381312e+01 1.295852e+02 5.569401e-02 -8.374146e-05 
2.566000e+02 -1.100761e-02 6.800598e-02 -2.171251e+00 1.106739e+04 9.334997e+03 1.111666e+03  1000  5000 -1.400739e-04     0 4.402973e-02 6.352391e+01 1.295874e+02 5.569741e-02 -8.259815e-05 
2.567000e+02 -1.100227e-02 6.738556e-02 -2.171350e+00 1.106006e+04 9.324305e+03 1.111821e+03  1000  5000 -1.438524e-04     0 4.402434e-02 6.323491e+01 1.295896e+02 5.570102e-02 -8.106273e-05 
2.568000e+02 -1.099574e-02 6.676571e-02 -2.171449e+00 1.105274e+04 9.313613e+03 1.111968e+03  1000  5000 -1.402575e-04     0 4.401864e-02 6.294613e+01 1.295919e+02 5.570482e-02 -7.890938e-05 
2.569000e+02 -1.098916e-02 6.614649e-02 -2.171548e+00 1.104542e+04 9.302923e+03 1.112108e+03  1000  5000 -1.339014e-04     0 4.401265e-02 6.265760e+01 1.295941e+02 5.570881e-02 -7.661895e-05 
  257 -1.098329e-02 6.552795e-02 -2.171646e+00 1.103810e+04 9.292232e+03 1.112239e+03  1000  5000 -1.266157e-04     0 4.400637e-02 6.236934e+01 1.295964e+02 5.571301e-02 -7.486850e-05 
2.571000e+02 -1.097757e-02 6.491011e-02 -2.171743e+00 1.103077e+04 9.281542e+03 1.112362e+03  1000  5000 -1.487665e-04     0 4.399979e-02 6.208136e+01 1.295986e+02 5.571739e-02 -7.381452e-05 
2.572000e+02 -1.097013e-02 6.429302e-02 -2.171840e+00 1.102344e+04 9.270853e+03 1.112477e+03  1000  5000 -1.519344e-04     0 4.399292e-02 6.179369e+01 1.296009e+02 5.572198e-02 -7.239276e-05 
2.573000e+02 -1.096162e-02 6.367672e-02 -2.171937e+00 1.101611e+04 9.260164e+03 1.112585e+03  1000  5000 -1.478962e-04     0 4.398576e-02 6.150635e+01 1.296031e+02 5.572675e-02 -7.037915e-05 
2.574000e+02 -1.095316e-02 6.306126e-02 -2.172033e+00 1.100879e+04 9.249475e+03 1.112684e+03  1000  5000 -1.411727e-04     0 4.397831e-02 6.121935e+01 1.296054e+02 5.573172e-02 -6.824060e-05 
2.575000e+02 -1.094545e-02 6.244666e-02 -2.172129e+00 1.100146e+04 9.238787e+03 1.112775e+03  1000  5000 -1.335565e-04     0 4.397057e-02 6.093271e+01 1.296076e+02 5.573688e-02 -6.663540e-05 
2.576000e+02 -1.093798e-02 6.183299e-02 -2.172224e+00 1.099412e+04 9.228099e+03 1.112858e+03  1000  5000 -1.544352e-04     0 4.396255e-02 6.064646e+01 1.296099e+02 5.574222e-02 -6.571706e-05 
2.577000e+02 -1.092897e-02 6.122027e-02 -2.172318e+00 1.098679e+04 9.217412e+03 1.112933e+03  1000  5000 -1.569685e-04     0 4.395424e-02 6.036061e+01 1.296121e+02 5.574776e-02 -6.445568e-05 
2.578000e+02 -1.091904e-02 6.060854e-02 -2.172412e+00 1.097946e+04 9.206726e+03 1.113000e+03  1000  5000 -1.525557e-04     0 4.394564e-02 6.007519e+01 1.296144e+02 5.575349e-02 -6.263224e-05 
2.579000e+02 -1.090924e-02 5.999784e-02 -2.172506e+00 1.097212e+04 9.196039e+03 1.113059e+03  1000  5000 -1.455688e-04     0 4.393676e-02 5.979020e+01 1.296166e+02 5.575941e-02 -6.069456e-05 
  258 -1.090024e-02 5.938822e-02 -2.172598e+00 1.096479e+04 9.185354e+03 1.113110e+03  1000  5000 -1.377375e-04     0 4.392760e-02 5.950568e+01 1.296189e+02 5.576551e-02 -5.927480e-05 
2.581000e+02 -1.089156e-02 5.877972e-02 -2.172690e+00 1.095745e+04 9.174668e+03 1.113153e+03  1000  5000 -1.571605e-04     0 4.391816e-02 5.922164e+01 1.296212e+02 5.577180e-02 -5.852159e-05 
2.582000e+02 -1.088153e-02 5.817238e-02 -2.172781e+00 1.095011e+04 9.163983e+03 1.113188e+03  1000  5000 -1.590686e-04     0 4.390844e-02 5.893809e+01 1.296234e+02 5.577827e-02 -5.745038e-05 
2.583000e+02 -1.087074e-02 5.756622e-02 -2.172872e+00 1.094277e+04 9.153299e+03 1.113215e+03  1000  5000 -1.543637e-04     0 4.389843e-02 5.865506e+01 1.296257e+02 5.578493e-02 -5.585000e-05 
2.584000e+02 -1.086016e-02 5.696130e-02 -2.172962e+00 1.093543e+04 9.142615e+03 1.113234e+03  1000  5000 -1.472221e-04     0 4.388815e-02 5.837256e+01 1.296280e+02 5.579177e-02 -5.414522e-05 
2.585000e+02 -1.085040e-02 5.635765e-02 -2.173051e+00 1.092809e+04 9.131932e+03 1.113245e+03  1000  5000 -1.392923e-04     0 4.387760e-02 5.809062e+01 1.296302e+02 5.579880e-02 -5.293627e-05 
2.586000e+02 -1.084101e-02 5.575532e-02 -2.173139e+00 1.092075e+04 9.121249e+03 1.113248e+03  1000  5000 -1.571460e-04     0 4.386677e-02 5.780926e+01 1.296325e+02 5.580601e-02 -5.236538e-05 
2.587000e+02 -1.083049e-02 5.515434e-02 -2.173227e+00 1.091340e+04 9.110566e+03 1.113244e+03  1000  5000 -1.584608e-04     0 4.385566e-02 5.752848e+01 1.296348e+02 5.581340e-02 -5.150171e-05 
2.588000e+02 -1.081935e-02 5.455475e-02 -2.173314e+00 1.090606e+04 9.099884e+03 1.113231e+03  1000  5000 -1.535492e-04     0 4.384429e-02 5.724832e+01 1.296370e+02 5.582097e-02 -5.014421e-05 
2.589000e+02 -1.080848e-02 5.395659e-02 -2.173401e+00 1.089871e+04 9.089203e+03 1.113211e+03  1000  5000 -1.463569e-04     0 4.383264e-02 5.696878e+01 1.296393e+02 5.582872e-02 -4.869174e-05 
  259 -1.079845e-02 5.335990e-02 -2.173486e+00 1.089136e+04 9.078522e+03 1.113183e+03  1000  5000 -1.384367e-04     0 4.382072e-02 5.668989e+01 1.296416e+02 5.583665e-02 -4.770836e-05 
2.591000e+02 -1.078884e-02 5.276471e-02 -2.173570e+00 1.088402e+04 9.067841e+03 1.113147e+03  1000  5000 -1.546675e-04     0 4.380853e-02 5.641166e+01 1.296439e+02 5.584476e-02 -4.732870e-05 
2.592000e+02 -1.077827e-02 5.217107e-02 -2.173654e+00 1.087667e+04 9.057161e+03 1.113103e+03  1000  5000 -1.554351e-04     0 4.379607e-02 5.613412e+01 1.296461e+02 5.585305e-02 -4.668149e-05 
2.593000e+02 -1.076724e-02 5.157901e-02 -2.173738e+00 1.086932e+04 9.046481e+03 1.113052e+03  1000  5000 -1.503983e-04     0 4.378335e-02 5.585727e+01 1.296484e+02 5.586151e-02 -4.557743e-05 
2.594000e+02 -1.075653e-02 5.098857e-02 -2.173820e+00 1.086196e+04 9.035802e+03 1.112992e+03  1000  5000 -1.432474e-04     0 4.377036e-02 5.558115e+01 1.296507e+02 5.587015e-02 -4.438763e-05 
2.595000e+02 -1.074663e-02 5.039979e-02 -2.173902e+00 1.085461e+04 9.025123e+03 1.112925e+03  1000  5000 -1.354308e-04     0 4.375711e-02 5.530576e+01 1.296530e+02 5.587897e-02 -4.363730e-05 
2.596000e+02 -1.073719e-02 4.981271e-02 -2.173983e+00 1.084726e+04 9.014444e+03 1.112850e+03  1000  5000 -1.500363e-04     0 4.374359e-02 5.503113e+01 1.296552e+02 5.588796e-02 -4.345263e-05 
2.597000e+02 -1.072698e-02 4.922736e-02 -2.174062e+00 1.083991e+04 9.003766e+03 1.112768e+03  1000  5000 -1.503109e-04     0 4.372981e-02 5.475727e+01 1.296575e+02 5.589712e-02 -4.302525e-05 
2.598000e+02 -1.071642e-02 4.864378e-02 -2.174142e+00 1.083255e+04 8.993089e+03 1.112677e+03  1000  5000 -1.452217e-04     0 4.371577e-02 5.448420e+01 1.296598e+02 5.590645e-02 -4.217871e-05 
2.599000e+02 -1.070621e-02 4.806201e-02 -2.174221e+00 1.082519e+04 8.982412e+03 1.112579e+03  1000  5000 -1.381897e-04     0 4.370147e-02 5.421194e+01 1.296621e+02 5.591596e-02 -4.125555e-05 
  260 -1.069680e-02 4.748208e-02 -2.174299e+00 1.081784e+04 8.971735e+03 1.112474e+03  1000  5000 -1.305533e-04     0 4.368692e-02 5.394050e+01 1.296644e+02 5.592564e-02 -4.074080e-05 
2.601000e+02 -1.068786e-02 4.690404e-02 -2.174376e+00 1.081048e+04 8.961059e+03 1.112361e+03  1000  5000 -1.435753e-04     0 4.367210e-02 5.366990e+01 1.296666e+02 5.593548e-02 -4.075164e-05 
2.602000e+02 -1.067830e-02 4.632792e-02 -2.174452e+00 1.080312e+04 8.950384e+03 1.112240e+03  1000  5000 -1.434159e-04     0 4.365703e-02 5.340017e+01 1.296689e+02 5.594550e-02 -4.054379e-05 
2.603000e+02 -1.066849e-02 4.575374e-02 -2.174527e+00 1.079576e+04 8.939708e+03 1.112111e+03  1000  5000 -1.383365e-04     0 4.364171e-02 5.313131e+01 1.296712e+02 5.595569e-02 -3.995412e-05 
2.604000e+02 -1.065906e-02 4.518156e-02 -2.174603e+00 1.078840e+04 8.929033e+03 1.111975e+03  1000  5000 -1.314846e-04     0 4.362613e-02 5.286334e+01 1.296735e+02 5.596604e-02 -3.929669e-05 
2.605000e+02 -1.065039e-02 4.461140e-02 -2.174677e+00 1.078104e+04 8.918359e+03 1.111832e+03  1000  5000 -1.240876e-04     0 4.361031e-02 5.259629e+01 1.296758e+02 5.597656e-02 -3.901634e-05 
2.606000e+02 -1.064220e-02 4.404331e-02 -2.174750e+00 1.077368e+04 8.907685e+03 1.111680e+03  1000  5000 -1.356062e-04     0 4.359423e-02 5.233016e+01 1.296780e+02 5.598725e-02 -3.922098e-05 
2.607000e+02 -1.063352e-02 4.347731e-02 -2.174822e+00 1.076631e+04 8.897012e+03 1.111522e+03  1000  5000 -1.350745e-04     0 4.357790e-02 5.206498e+01 1.296803e+02 5.599810e-02 -3.922946e-05 
2.608000e+02 -1.062468e-02 4.291345e-02 -2.174895e+00 1.075895e+04 8.886338e+03 1.111356e+03  1000  5000 -1.300569e-04     0 4.356132e-02 5.180076e+01 1.296826e+02 5.600912e-02 -3.889206e-05 
2.609000e+02 -1.061622e-02 4.235175e-02 -2.174966e+00 1.075158e+04 8.875666e+03 1.111182e+03  1000  5000 -1.234310e-04     0 4.354450e-02 5.153751e+01 1.296849e+02 5.602030e-02 -3.849522e-05 
  261 -1.060848e-02 4.179226e-02 -2.175037e+00 1.074422e+04 8.864994e+03 1.111001e+03  1000  5000 -1.163160e-04     0 4.352743e-02 5.127526e+01 1.296872e+02 5.603164e-02 -3.844476e-05 
2.611000e+02 -1.060121e-02 4.123501e-02 -2.175107e+00 1.073685e+04 8.854322e+03 1.110813e+03  1000  5000 -1.264459e-04     0 4.351012e-02 5.101402e+01 1.296894e+02 5.604315e-02 -3.883929e-05 
2.612000e+02 -1.059357e-02 4.068002e-02 -2.175176e+00 1.072948e+04 8.843650e+03 1.110617e+03  1000  5000 -1.256060e-04     0 4.349256e-02 5.075381e+01 1.296917e+02 5.605482e-02 -3.905806e-05 
2.613000e+02 -1.058583e-02 4.012735e-02 -2.175245e+00 1.072212e+04 8.832980e+03 1.110414e+03  1000  5000 -1.206925e-04     0 4.347476e-02 5.049464e+01 1.296940e+02 5.606664e-02 -3.896436e-05 
2.614000e+02 -1.057848e-02 3.957701e-02 -2.175313e+00 1.071475e+04 8.822309e+03 1.110204e+03  1000  5000 -1.143252e-04     0 4.345673e-02 5.023653e+01 1.296963e+02 5.607863e-02 -3.881860e-05 
2.615000e+02 -1.057180e-02 3.902904e-02 -2.175380e+00 1.070738e+04 8.811639e+03 1.109986e+03  1000  5000 -1.075205e-04     0 4.343845e-02 4.997950e+01 1.296986e+02 5.609078e-02 -3.898982e-05 
2.616000e+02 -1.056557e-02 3.848349e-02 -2.175447e+00 1.070001e+04 8.800969e+03 1.109761e+03  1000  5000 -1.164076e-04     0 4.341994e-02 4.972356e+01 1.297008e+02 5.610308e-02 -3.956762e-05 
2.617000e+02 -1.055905e-02 3.794038e-02 -2.175513e+00 1.069263e+04 8.790300e+03 1.109529e+03  1000  5000 -1.153266e-04     0 4.340119e-02 4.946872e+01 1.297031e+02 5.611554e-02 -3.998716e-05 
2.618000e+02 -1.055250e-02 3.739973e-02 -2.175579e+00 1.068526e+04 8.779631e+03 1.109290e+03  1000  5000 -1.105520e-04     0 4.338221e-02 4.921501e+01 1.297054e+02 5.612816e-02 -4.012400e-05 
2.619000e+02 -1.054632e-02 3.686160e-02 -2.175645e+00 1.067789e+04 8.768963e+03 1.109044e+03  1000  5000 -1.044649e-04     0 4.336299e-02 4.896243e+01 1.297077e+02 5.614093e-02 -4.021480e-05 
  262 -1.054076e-02 3.632601e-02 -2.175709e+00 1.067052e+04 8.758295e+03 1.108790e+03  1000  5000 -9.798678e-05     0 4.334354e-02 4.871101e+01 1.297100e+02 5.615386e-02 -4.059500e-05 
2.621000e+02 -1.053564e-02 3.579299e-02 -2.175773e+00 1.066314e+04 8.747627e+03 1.108529e+03  1000  5000 -1.058060e-04     0 4.332386e-02 4.846076e+01 1.297122e+02 5.616694e-02 -4.134564e-05 
2.622000e+02 -1.053030e-02 3.526257e-02 -2.175837e+00 1.065577e+04 8.736960e+03 1.108262e+03  1000  5000 -1.045543e-04     0 4.330395e-02 4.821169e+01 1.297145e+02 5.618017e-02 -4.195196e-05 
2.623000e+02 -1.052496e-02 3.473479e-02 -2.175900e+00 1.064839e+04 8.726293e+03 1.107987e+03  1000  5000 -9.994820e-05     0 4.328381e-02 4.796382e+01 1.297168e+02 5.619355e-02 -4.230067e-05 
2.624000e+02 -1.051998e-02 3.420968e-02 -2.175963e+00 1.064101e+04 8.715627e+03 1.107705e+03  1000  5000 -9.415458e-05     0 4.326345e-02 4.771717e+01 1.297191e+02 5.620709e-02 -4.260754e-05 
2.625000e+02 -1.051558e-02 3.368727e-02 -2.176025e+00 1.063364e+04 8.704961e+03 1.107416e+03  1000  5000 -8.801048e-05     0 4.324286e-02 4.747174e+01 1.297213e+02 5.622078e-02 -4.317840e-05 
2.626000e+02 -1.051160e-02 3.316759e-02 -2.176087e+00 1.062626e+04 8.694295e+03 1.107120e+03  1000  5000 -9.496234e-05     0 4.322205e-02 4.722756e+01 1.297236e+02 5.623461e-02 -4.408649e-05 
2.627000e+02 -1.050744e-02 3.265068e-02 -2.176149e+00 1.061888e+04 8.683630e+03 1.106818e+03  1000  5000 -9.361487e-05     0 4.320102e-02 4.698464e+01 1.297259e+02 5.624859e-02 -4.485996e-05 
2.628000e+02 -1.050332e-02 3.213655e-02 -2.176210e+00 1.061150e+04 8.672965e+03 1.106508e+03  1000  5000 -8.920338e-05     0 4.317976e-02 4.674299e+01 1.297281e+02 5.626273e-02 -4.539529e-05 
2.629000e+02 -1.049953e-02 3.162525e-02 -2.176271e+00 1.060412e+04 8.662301e+03 1.106192e+03  1000  5000 -8.371071e-05     0 4.315828e-02 4.650263e+01 1.297304e+02 5.627700e-02 -4.589075e-05 
  263 -1.049629e-02 3.111681e-02 -2.176332e+00 1.059674e+04 8.651637e+03 1.105869e+03  1000  5000 -7.790167e-05     0 4.313659e-02 4.626358e+01 1.297327e+02 5.629143e-02 -4.662730e-05 
2.631000e+02 -1.049344e-02 3.061124e-02 -2.176392e+00 1.058936e+04 8.640974e+03 1.105539e+03  1000  5000 -8.420872e-05     0 4.311468e-02 4.602583e+01 1.297349e+02 5.630600e-02 -4.767122e-05 
2.632000e+02 -1.049045e-02 3.010860e-02 -2.176451e+00 1.058197e+04 8.630311e+03 1.105202e+03  1000  5000 -8.284476e-05     0 4.309256e-02 4.578942e+01 1.297372e+02 5.632071e-02 -4.858549e-05 
2.633000e+02 -1.048751e-02 2.960889e-02 -2.176511e+00 1.057459e+04 8.619648e+03 1.104859e+03  1000  5000 -7.865228e-05     0 4.307022e-02 4.555436e+01 1.297395e+02 5.633557e-02 -4.927479e-05 
2.634000e+02 -1.048489e-02 2.911216e-02 -2.176571e+00 1.056721e+04 8.608986e+03 1.104509e+03  1000  5000 -7.346423e-05     0 4.304767e-02 4.532065e+01 1.297417e+02 5.635056e-02 -4.992361e-05 
2.635000e+02 -1.048278e-02 2.861844e-02 -2.176630e+00 1.055982e+04 8.598324e+03 1.104152e+03  1000  5000 -6.798695e-05     0 4.302491e-02 4.508831e+01 1.297440e+02 5.636570e-02 -5.079334e-05 
2.636000e+02 -1.048103e-02 2.812774e-02 -2.176689e+00 1.055244e+04 8.587663e+03 1.103789e+03  1000  5000 -7.388855e-05     0 4.300194e-02 4.485736e+01 1.297463e+02 5.638098e-02 -5.194441e-05 
2.637000e+02 -1.047918e-02 2.764010e-02 -2.176748e+00 1.054505e+04 8.577002e+03 1.103419e+03  1000  5000 -7.259098e-05     0 4.297876e-02 4.462781e+01 1.297485e+02 5.639640e-02 -5.296575e-05 
2.638000e+02 -1.047736e-02 2.715555e-02 -2.176807e+00 1.053766e+04 8.566341e+03 1.103043e+03  1000  5000 -6.864089e-05     0 4.295537e-02 4.439967e+01 1.297508e+02 5.641196e-02 -5.376851e-05 
2.639000e+02 -1.047586e-02 2.667412e-02 -2.176865e+00 1.053028e+04 8.555681e+03 1.102660e+03  1000  5000 -6.375855e-05     0 4.293178e-02 4.417296e+01 1.297530e+02 5.642766e-02 -5.452746e-05 
  264 -1.047484e-02 2.619583e-02 -2.176924e+00 1.052289e+04 8.545021e+03 1.102271e+03  1000  5000 -5.860659e-05     0 4.290799e-02 4.394768e+01 1.297553e+02 5.644349e-02 -5.549012e-05 
2.641000e+02 -1.047416e-02 2.572072e-02 -2.176982e+00 1.051550e+04 8.534362e+03 1.101875e+03  1000  5000 -6.435175e-05     0 4.288399e-02 4.372386e+01 1.297575e+02 5.645946e-02 -5.671229e-05 
2.642000e+02 -1.047338e-02 2.524880e-02 -2.177041e+00 1.050811e+04 8.523703e+03 1.101473e+03  1000  5000 -6.320502e-05     0 4.285980e-02 4.350151e+01 1.297598e+02 5.647557e-02 -5.779963e-05 
2.643000e+02 -1.047263e-02 2.478010e-02 -2.177099e+00 1.050072e+04 8.513044e+03 1.101065e+03  1000  5000 -5.951933e-05     0 4.283540e-02 4.328063e+01 1.297620e+02 5.649180e-02 -5.866786e-05 
2.644000e+02 -1.047218e-02 2.431466e-02 -2.177158e+00 1.049333e+04 8.502386e+03 1.100651e+03  1000  5000 -5.494141e-05     0 4.281081e-02 4.306124e+01 1.297643e+02 5.650818e-02 -5.948629e-05 
2.645000e+02 -1.047218e-02 2.385250e-02 -2.177216e+00 1.048594e+04 8.491728e+03 1.100230e+03  1000  5000 -5.010554e-05     0 4.278602e-02 4.284335e+01 1.297665e+02 5.652468e-02 -6.049448e-05 
2.646000e+02 -1.047251e-02 2.339365e-02 -2.177274e+00 1.047855e+04 8.481071e+03 1.099803e+03  1000  5000 -5.594355e-05     0 4.276104e-02 4.262698e+01 1.297687e+02 5.654131e-02 -6.174498e-05 
2.647000e+02 -1.047272e-02 2.293812e-02 -2.177332e+00 1.047116e+04 8.470414e+03 1.099370e+03  1000  5000 -5.503013e-05     0 4.273586e-02 4.241214e+01 1.297710e+02 5.655808e-02 -6.285083e-05 
2.648000e+02 -1.047296e-02 2.248595e-02 -2.177391e+00 1.046376e+04 8.459758e+03 1.098931e+03  1000  5000 -5.162809e-05     0 4.271050e-02 4.219883e+01 1.297732e+02 5.657497e-02 -6.373045e-05 
2.649000e+02 -1.047347e-02 2.203717e-02 -2.177450e+00 1.045637e+04 8.449102e+03 1.098485e+03  1000  5000 -4.735008e-05     0 4.268494e-02 4.198708e+01 1.297754e+02 5.659200e-02 -6.455192e-05 
  265 -1.047442e-02 2.159179e-02 -2.177509e+00 1.044898e+04 8.438446e+03 1.098034e+03  1000  5000 -4.281752e-05     0 4.265919e-02 4.177689e+01 1.297777e+02 5.660915e-02 -6.555277e-05 
2.651000e+02 -1.047567e-02 2.114984e-02 -2.177567e+00 1.044158e+04 8.427791e+03 1.097577e+03  1000  5000 -4.898650e-05     0 4.263326e-02 4.156828e+01 1.297799e+02 5.662643e-02 -6.678376e-05 
2.652000e+02 -1.047678e-02 2.071135e-02 -2.177626e+00 1.043419e+04 8.417136e+03 1.097113e+03  1000  5000 -4.838208e-05     0 4.260714e-02 4.136125e+01 1.297821e+02 5.664383e-02 -6.785628e-05 
2.653000e+02 -1.047789e-02 2.027635e-02 -2.177685e+00 1.042679e+04 8.406482e+03 1.096644e+03  1000  5000 -4.527764e-05     0 4.258084e-02 4.115582e+01 1.297844e+02 5.666136e-02 -6.868963e-05 
2.654000e+02 -1.047926e-02 1.984484e-02 -2.177745e+00 1.041939e+04 8.395828e+03 1.096169e+03  1000  5000 -4.129012e-05     0 4.255436e-02 4.095200e+01 1.297866e+02 5.667901e-02 -6.945471e-05 
2.655000e+02 -1.048104e-02 1.941687e-02 -2.177804e+00 1.041200e+04 8.385175e+03 1.095688e+03  1000  5000 -3.704303e-05     0 4.252770e-02 4.074980e+01 1.297888e+02 5.669678e-02 -7.039269e-05 
2.656000e+02 -1.048311e-02 1.899245e-02 -2.177864e+00 1.040460e+04 8.374522e+03 1.095202e+03  1000  5000 -4.375689e-05     0 4.250086e-02 4.054923e+01 1.297910e+02 5.671468e-02 -7.155404e-05 
2.657000e+02 -1.048499e-02 1.857160e-02 -2.177924e+00 1.039720e+04 8.363869e+03 1.094709e+03  1000  5000 -4.352460e-05     0 4.247384e-02 4.035031e+01 1.297932e+02 5.673269e-02 -7.254019e-05 
2.658000e+02 -1.048684e-02 1.815435e-02 -2.177984e+00 1.038980e+04 8.353217e+03 1.094211e+03  1000  5000 -4.072329e-05     0 4.244665e-02 4.015304e+01 1.297954e+02 5.675083e-02 -7.326962e-05 
2.659000e+02 -1.048892e-02 1.774072e-02 -2.178045e+00 1.038240e+04 8.342566e+03 1.093708e+03  1000  5000 -3.700972e-05     0 4.241928e-02 3.995743e+01 1.297976e+02 5.676908e-02 -7.391971e-05 
  266 -1.049140e-02 1.733074e-02 -2.178106e+00 1.037500e+04 8.331914e+03 1.093198e+03  1000  5000 -3.302333e-05     0 4.239174e-02 3.976350e+01 1.297998e+02 5.678746e-02 -7.474045e-05 
2.661000e+02 -1.049414e-02 1.692442e-02 -2.178166e+00 1.036760e+04 8.321264e+03 1.092684e+03  1000  5000 -4.045839e-05     0 4.236403e-02 3.957125e+01 1.298020e+02 5.680595e-02 -7.578344e-05 
2.662000e+02 -1.049664e-02 1.652179e-02 -2.178228e+00 1.036019e+04 8.310613e+03 1.092163e+03  1000  5000 -4.064278e-05     0 4.233615e-02 3.938070e+01 1.298042e+02 5.682455e-02 -7.663297e-05 
2.663000e+02 -1.049906e-02 1.612286e-02 -2.178289e+00 1.035279e+04 8.299964e+03 1.091638e+03  1000  5000 -3.813857e-05     0 4.230811e-02 3.919185e+01 1.298064e+02 5.684327e-02 -7.720517e-05 
2.664000e+02 -1.050168e-02 1.572767e-02 -2.178352e+00 1.034539e+04 8.289314e+03 1.091107e+03  1000  5000 -3.467326e-05     0 4.227989e-02 3.900472e+01 1.298086e+02 5.686210e-02 -7.768704e-05 
2.665000e+02 -1.050469e-02 1.533622e-02 -2.178414e+00 1.033799e+04 8.278665e+03 1.090570e+03  1000  5000 -3.091429e-05     0 4.225152e-02 3.881932e+01 1.298108e+02 5.688105e-02 -7.834169e-05 
2.666000e+02 -1.050792e-02 1.494855e-02 -2.178476e+00 1.033058e+04 8.268017e+03 1.090028e+03  1000  5000 -3.919689e-05     0 4.222298e-02 3.863565e+01 1.298130e+02 5.690011e-02 -7.922317e-05 
2.667000e+02 -1.051084e-02 1.456467e-02 -2.178539e+00 1.032318e+04 8.257369e+03 1.089481e+03  1000  5000 -3.981881e-05     0 4.219428e-02 3.845372e+01 1.298152e+02 5.691927e-02 -7.989296e-05 
2.668000e+02 -1.051363e-02 1.418460e-02 -2.178603e+00 1.031577e+04 8.246721e+03 1.088929e+03  1000  5000 -3.759175e-05     0 4.216543e-02 3.827355e+01 1.298173e+02 5.693855e-02 -8.026354e-05 
2.669000e+02 -1.051658e-02 1.380836e-02 -2.178666e+00 1.030836e+04 8.236074e+03 1.088372e+03  1000  5000 -3.433864e-05     0 4.213642e-02 3.809514e+01 1.298195e+02 5.695793e-02 -8.053387e-05 
  267 -1.051990e-02 1.343597e-02 -2.178730e+00 1.030096e+04 8.225428e+03 1.087809e+03  1000  5000 -3.076469e-05     0 4.210725e-02 3.791850e+01 1.298217e+02 5.697743e-02 -8.098346e-05 
2.671000e+02 -1.052341e-02 1.306744e-02 -2.178794e+00 1.029355e+04 8.214782e+03 1.087242e+03  1000  5000 -3.996177e-05     0 4.207793e-02 3.774365e+01 1.298238e+02 5.699702e-02 -8.166990e-05 
2.672000e+02 -1.052654e-02 1.270281e-02 -2.178859e+00 1.028614e+04 8.204136e+03 1.086669e+03  1000  5000 -4.101504e-05     0 4.204845e-02 3.757058e+01 1.298260e+02 5.701673e-02 -8.212796e-05 
2.673000e+02 -1.052946e-02 1.234208e-02 -2.178924e+00 1.027873e+04 8.193491e+03 1.086091e+03  1000  5000 -3.903042e-05     0 4.201883e-02 3.739932e+01 1.298281e+02 5.703653e-02 -8.226550e-05 
2.674000e+02 -1.053251e-02 1.198528e-02 -2.178990e+00 1.027132e+04 8.182846e+03 1.085509e+03  1000  5000 -3.594349e-05     0 4.198906e-02 3.722986e+01 1.298303e+02 5.705644e-02 -8.229485e-05 
2.675000e+02 -1.053590e-02 1.163242e-02 -2.179055e+00 1.026391e+04 8.172202e+03 1.084921e+03  1000  5000 -3.250391e-05     0 4.195914e-02 3.706222e+01 1.298325e+02 5.707646e-02 -8.251389e-05 
2.676000e+02 -1.053945e-02 1.128352e-02 -2.179121e+00 1.025650e+04 8.161558e+03 1.084329e+03  1000  5000 -4.261798e-05     0 4.192908e-02 3.689640e+01 1.298346e+02 5.709657e-02 -8.298457e-05 
2.677000e+02 -1.054253e-02 1.093860e-02 -2.179188e+00 1.024909e+04 8.150915e+03 1.083732e+03  1000  5000 -4.406872e-05     0 4.189888e-02 3.673241e+01 1.298367e+02 5.711678e-02 -8.321304e-05 
2.678000e+02 -1.054534e-02 1.059767e-02 -2.179255e+00 1.024167e+04 8.140273e+03 1.083131e+03  1000  5000 -4.227840e-05     0 4.186853e-02 3.657027e+01 1.298389e+02 5.713709e-02 -8.310191e-05 
2.679000e+02 -1.054823e-02 1.026075e-02 -2.179322e+00 1.023426e+04 8.129630e+03 1.082524e+03  1000  5000 -3.930375e-05     0 4.183805e-02 3.640997e+01 1.298410e+02 5.715750e-02 -8.287726e-05 
  268 -1.055145e-02 9.927864e-03 -2.179389e+00 1.022684e+04 8.118989e+03 1.081913e+03  1000  5000 -3.594237e-05     0 4.180743e-02 3.625153e+01 1.298431e+02 5.717800e-02 -8.285597e-05 
2.681000e+02 -1.055479e-02 9.599018e-03 -2.179457e+00 1.021943e+04 8.108348e+03 1.081298e+03  1000  5000 -4.691188e-05     0 4.177667e-02 3.609496e+01 1.298453e+02 5.719860e-02 -8.310473e-05 
2.682000e+02 -1.055758e-02 9.274230e-03 -2.179525e+00 1.021201e+04 8.097707e+03 1.080678e+03  1000  5000 -4.870091e-05     0 4.174578e-02 3.594025e+01 1.298474e+02 5.721929e-02 -8.310131e-05 
2.683000e+02 -1.056002e-02 8.953516e-03 -2.179593e+00 1.020460e+04 8.087067e+03 1.080053e+03  1000  5000 -4.704660e-05     0 4.171476e-02 3.578743e+01 1.298495e+02 5.724007e-02 -8.274276e-05 
2.684000e+02 -1.056252e-02 8.636891e-03 -2.179662e+00 1.019718e+04 8.076427e+03 1.079424e+03  1000  5000 -4.412638e-05     0 4.168361e-02 3.563648e+01 1.298516e+02 5.726095e-02 -8.226832e-05 
2.685000e+02 -1.056532e-02 8.324370e-03 -2.179731e+00 1.018976e+04 8.065788e+03 1.078791e+03  1000  5000 -4.078565e-05     0 4.165233e-02 3.548744e+01 1.298537e+02 5.728191e-02 -8.201300e-05 
2.686000e+02 -1.056821e-02 8.015969e-03 -2.179800e+00 1.018234e+04 8.055149e+03 1.078153e+03  1000  5000 -5.249097e-05     0 4.162093e-02 3.534029e+01 1.298558e+02 5.730296e-02 -8.204832e-05 
2.687000e+02 -1.057047e-02 7.711701e-03 -2.179869e+00 1.017493e+04 8.044511e+03 1.077511e+03  1000  5000 -5.453900e-05     0 4.158940e-02 3.519504e+01 1.298579e+02 5.732411e-02 -8.182584e-05 
2.688000e+02 -1.057233e-02 7.411578e-03 -2.179939e+00 1.016751e+04 8.033873e+03 1.076865e+03  1000  5000 -5.295726e-05     0 4.155775e-02 3.505171e+01 1.298600e+02 5.734533e-02 -8.123725e-05 
2.689000e+02 -1.057420e-02 7.115616e-03 -2.180009e+00 1.016008e+04 8.023236e+03 1.076215e+03  1000  5000 -5.003461e-05     0 4.152598e-02 3.491030e+01 1.298621e+02 5.736665e-02 -8.053327e-05 
  269 -1.057636e-02 6.823827e-03 -2.180079e+00 1.015266e+04 8.012599e+03 1.075561e+03  1000  5000 -4.666062e-05     0 4.149409e-02 3.477082e+01 1.298642e+02 5.738804e-02 -8.006495e-05 
2.691000e+02 -1.057859e-02 6.536226e-03 -2.180149e+00 1.014524e+04 8.001963e+03 1.074902e+03  1000  5000 -5.893476e-05     0 4.146209e-02 3.463326e+01 1.298662e+02 5.740952e-02 -7.990826e-05 
2.692000e+02 -1.058013e-02 6.252823e-03 -2.180220e+00 1.013782e+04 7.991328e+03 1.074240e+03  1000  5000 -6.114949e-05     0 4.142997e-02 3.449765e+01 1.298683e+02 5.743108e-02 -7.949268e-05 
2.693000e+02 -1.058121e-02 5.973630e-03 -2.180291e+00 1.013039e+04 7.980693e+03 1.073574e+03  1000  5000 -5.957748e-05     0 4.139775e-02 3.436398e+01 1.298704e+02 5.745272e-02 -7.870500e-05 
2.694000e+02 -1.058229e-02 5.698660e-03 -2.180362e+00 1.012297e+04 7.970058e+03 1.072903e+03  1000  5000 -5.660177e-05     0 4.136541e-02 3.423225e+01 1.298724e+02 5.747444e-02 -7.780503e-05 
2.695000e+02 -1.058365e-02 5.427926e-03 -2.180433e+00 1.011554e+04 7.959424e+03 1.072229e+03  1000  5000 -5.314922e-05     0 4.133296e-02 3.410248e+01 1.298745e+02 5.749624e-02 -7.715655e-05 
2.696000e+02 -1.058506e-02 5.161439e-03 -2.180504e+00 1.010812e+04 7.948790e+03 1.071552e+03  1000  5000 -6.579173e-05     0 4.130041e-02 3.397468e+01 1.298765e+02 5.751811e-02 -7.683937e-05 
2.697000e+02 -1.058573e-02 4.899208e-03 -2.180575e+00 1.010069e+04 7.938157e+03 1.070870e+03  1000  5000 -6.807577e-05     0 4.126775e-02 3.384883e+01 1.298786e+02 5.754006e-02 -7.626648e-05 
2.698000e+02 -1.058592e-02 4.641244e-03 -2.180646e+00 1.009326e+04 7.927525e+03 1.070185e+03  1000  5000 -6.645683e-05     0 4.123499e-02 3.372496e+01 1.298806e+02 5.756209e-02 -7.532061e-05 
2.699000e+02 -1.058609e-02 4.387558e-03 -2.180718e+00 1.008584e+04 7.916893e+03 1.069496e+03  1000  5000 -6.338813e-05     0 4.120213e-02 3.360307e+01 1.298827e+02 5.758418e-02 -7.426769e-05 
  270 -1.058653e-02 4.138162e-03 -2.180789e+00 1.007841e+04 7.906261e+03 1.068804e+03  1000  5000 -5.982428e-05     0 4.116918e-02 3.348315e+01 1.298847e+02 5.760635e-02 -7.348001e-05 
2.701000e+02 -1.058702e-02 3.893063e-03 -2.180860e+00 1.007098e+04 7.895630e+03 1.068108e+03  1000  5000 -7.261650e-05     0 4.113612e-02 3.336522e+01 1.298867e+02 5.762858e-02 -7.304034e-05 
2.702000e+02 -1.058675e-02 3.652272e-03 -2.180932e+00 1.006355e+04 7.885000e+03 1.067408e+03  1000  5000 -7.487497e-05     0 4.110298e-02 3.324928e+01 1.298887e+02 5.765088e-02 -7.235195e-05 
2.703000e+02 -1.058599e-02 3.415797e-03 -2.181003e+00 1.005612e+04 7.874370e+03 1.066706e+03  1000  5000 -7.316297e-05     0 4.106974e-02 3.313533e+01 1.298907e+02 5.767326e-02 -7.129470e-05 
2.704000e+02 -1.058520e-02 3.183646e-03 -2.181075e+00 1.004868e+04 7.863740e+03 1.066000e+03  1000  5000 -6.997509e-05     0 4.103641e-02 3.302338e+01 1.298927e+02 5.769569e-02 -7.013714e-05 
2.705000e+02 -1.058469e-02 2.955830e-03 -2.181146e+00 1.004125e+04 7.853111e+03 1.065290e+03  1000  5000 -6.628214e-05     0 4.100300e-02 3.291343e+01 1.298947e+02 5.771819e-02 -6.925543e-05 
2.706000e+02 -1.058423e-02 2.732356e-03 -2.181217e+00 1.003382e+04 7.842483e+03 1.064578e+03  1000  5000 -7.900196e-05     0 4.096950e-02 3.280549e+01 1.298967e+02 5.774076e-02 -6.873419e-05 
2.707000e+02 -1.058302e-02 2.513232e-03 -2.181288e+00 1.002638e+04 7.831855e+03 1.063862e+03  1000  5000 -8.114863e-05     0 4.093592e-02 3.269956e+01 1.298987e+02 5.776338e-02 -6.797444e-05 
2.708000e+02 -1.058132e-02 2.298464e-03 -2.181359e+00 1.001895e+04 7.821227e+03 1.063143e+03  1000  5000 -7.931074e-05     0 4.090226e-02 3.259564e+01 1.299007e+02 5.778607e-02 -6.685454e-05 
2.709000e+02 -1.057960e-02 2.088060e-03 -2.181431e+00 1.001151e+04 7.810600e+03 1.062421e+03  1000  5000 -7.599244e-05     0 4.086851e-02 3.249374e+01 1.299027e+02 5.780881e-02 -6.564212e-05 
  271 -1.057817e-02 1.882027e-03 -2.181502e+00 1.000408e+04 7.799974e+03 1.061696e+03  1000  5000 -7.216800e-05     0 4.083470e-02 3.239387e+01 1.299047e+02 5.783161e-02 -6.471222e-05 
2.711000e+02 -1.057680e-02 1.680374e-03 -2.181572e+00 9.996639e+03 7.789348e+03 1.060968e+03  1000  5000 -8.460271e-05     0 4.080080e-02 3.229601e+01 1.299066e+02 5.785447e-02 -6.415013e-05 
2.712000e+02 -1.057470e-02 1.483103e-03 -2.181642e+00 9.989201e+03 7.778722e+03 1.060238e+03  1000  5000 -8.656442e-05     0 4.076684e-02 3.220018e+01 1.299086e+02 5.787738e-02 -6.336236e-05 
2.713000e+02 -1.057214e-02 1.290222e-03 -2.181713e+00 9.981762e+03 7.768097e+03 1.059504e+03  1000  5000 -8.458196e-05     0 4.073280e-02 3.210638e+01 1.299105e+02 5.790035e-02 -6.222729e-05 
2.714000e+02 -1.056958e-02 1.101736e-03 -2.181783e+00 9.974322e+03 7.757473e+03 1.058768e+03  1000  5000 -8.113634e-05     0 4.069870e-02 3.201462e+01 1.299125e+02 5.792336e-02 -6.100807e-05 
2.715000e+02 -1.056731e-02 9.176511e-04 -2.181853e+00 9.966882e+03 7.746849e+03 1.058028e+03  1000  5000 -7.719218e-05     0 4.066453e-02 3.192489e+01 1.299144e+02 5.794643e-02 -6.007373e-05 
2.716000e+02 -1.056512e-02 7.379725e-04 -2.181923e+00 9.959441e+03 7.736225e+03 1.057287e+03  1000  5000 -8.914868e-05     0 4.063029e-02 3.183719e+01 1.299163e+02 5.796955e-02 -5.950904e-05 
2.717000e+02 -1.056225e-02 5.627037e-04 -2.181992e+00 9.951999e+03 7.725602e+03 1.056542e+03  1000  5000 -9.086765e-05     0 4.059600e-02 3.175154e+01 1.299183e+02 5.799271e-02 -5.873351e-05 
2.718000e+02 -1.055896e-02 3.918486e-04 -2.182062e+00 9.944556e+03 7.714980e+03 1.055795e+03  1000  5000 -8.873539e-05     0 4.056164e-02 3.166793e+01 1.299202e+02 5.801592e-02 -5.762713e-05 
2.719000e+02 -1.055569e-02 2.254118e-04 -2.182131e+00 9.937113e+03 7.704358e+03 1.055046e+03  1000  5000 -8.517784e-05     0 4.052723e-02 3.158636e+01 1.299221e+02 5.803917e-02 -5.644526e-05 
  272 -1.055272e-02 6.339761e-05 -2.182199e+00 9.929669e+03 7.693736e+03 1.054294e+03  1000  5000 -8.113730e-05     0 4.049276e-02 3.150684e+01 1.299240e+02 5.806247e-02 -5.554627e-05 
2.721000e+02 -1.054986e-02 -9.419038e-05 -2.182268e+00 9.922224e+03 7.683115e+03 1.053539e+03  1000  5000 -9.244937e-05     0 4.045825e-02 3.142937e+01 1.299259e+02 5.808581e-02 -5.501329e-05 
2.722000e+02 -1.054637e-02 -2.473503e-04 -2.182336e+00 9.914778e+03 7.672494e+03 1.052783e+03  1000  5000 -9.388394e-05     0 4.042368e-02 3.135394e+01 1.299278e+02 5.810919e-02 -5.428580e-05 
2.723000e+02 -1.054252e-02 -3.960798e-04 -2.182403e+00 9.907332e+03 7.661874e+03 1.052024e+03  1000  5000 -9.160811e-05     0 4.038906e-02 3.128057e+01 1.299297e+02 5.813260e-02 -5.324692e-05 
2.724000e+02 -1.053871e-02 -5.403759e-04 -2.182471e+00 9.899885e+03 7.651254e+03 1.051263e+03  1000  5000 -8.796336e-05     0 4.035440e-02 3.120925e+01 1.299315e+02 5.815606e-02 -5.214130e-05 
2.725000e+02 -1.053521e-02 -6.802358e-04 -2.182538e+00 9.892437e+03 7.640635e+03 1.050500e+03  1000  5000 -8.385800e-05     0 4.031969e-02 3.113998e+01 1.299334e+02 5.817955e-02 -5.131247e-05 
2.726000e+02 -1.053184e-02 -8.156577e-04 -2.182605e+00 9.884988e+03 7.630016e+03 1.049734e+03  1000  5000 -9.439098e-05     0 4.028494e-02 3.107277e+01 1.299353e+02 5.820307e-02 -5.084090e-05 
2.727000e+02 -1.052792e-02 -9.466411e-04 -2.182671e+00 9.877539e+03 7.619397e+03 1.048967e+03  1000  5000 -9.551497e-05     0 4.025015e-02 3.100761e+01 1.299371e+02 5.822663e-02 -5.019215e-05 
2.728000e+02 -1.052368e-02 -1.073185e-03 -2.182737e+00 9.870088e+03 7.608779e+03 1.048197e+03  1000  5000 -9.311070e-05     0 4.021533e-02 3.094451e+01 1.299390e+02 5.825021e-02 -4.925386e-05 
2.729000e+02 -1.051952e-02 -1.195289e-03 -2.182803e+00 9.862638e+03 7.598162e+03 1.047426e+03  1000  5000 -8.940945e-05     0 4.018047e-02 3.088346e+01 1.299408e+02 5.827383e-02 -4.825748e-05 
  273 -1.051568e-02 -1.312951e-03 -2.182868e+00 9.855186e+03 7.587545e+03 1.046653e+03  1000  5000 -8.527546e-05     0 4.014558e-02 3.082448e+01 1.299426e+02 5.829748e-02 -4.752825e-05 
2.731000e+02 -1.051198e-02 -1.426171e-03 -2.182933e+00 9.847734e+03 7.576928e+03 1.045878e+03  1000  5000 -9.492876e-05     0 4.011066e-02 3.076755e+01 1.299445e+02 5.832115e-02 -4.714301e-05 
2.732000e+02 -1.050781e-02 -1.534950e-03 -2.182997e+00 9.840280e+03 7.566312e+03 1.045101e+03  1000  5000 -9.573016e-05     0 4.007571e-02 3.071267e+01 1.299463e+02 5.834484e-02 -4.659847e-05 
2.733000e+02 -1.050339e-02 -1.639288e-03 -2.183061e+00 9.832827e+03 7.555696e+03 1.044322e+03  1000  5000 -9.321871e-05     0 4.004074e-02 3.065986e+01 1.299481e+02 5.836856e-02 -4.578797e-05 
2.734000e+02 -1.049906e-02 -1.739187e-03 -2.183125e+00 9.825372e+03 7.545080e+03 1.043542e+03  1000  5000 -8.949445e-05     0 4.000575e-02 3.060910e+01 1.299499e+02 5.839230e-02 -4.492784e-05 
2.735000e+02 -1.049505e-02 -1.834647e-03 -2.183188e+00 9.817917e+03 7.534465e+03 1.042761e+03  1000  5000 -8.536938e-05     0 3.997073e-02 3.056040e+01 1.299517e+02 5.841606e-02 -4.432226e-05 
2.736000e+02 -1.049121e-02 -1.925668e-03 -2.183250e+00 9.810461e+03 7.523851e+03 1.041977e+03  1000  5000 -9.407737e-05     0 3.993570e-02 3.051375e+01 1.299535e+02 5.843984e-02 -4.404370e-05 
2.737000e+02 -1.048698e-02 -2.012254e-03 -2.183313e+00 9.803004e+03 7.513236e+03 1.041193e+03  1000  5000 -9.455668e-05     0 3.990065e-02 3.046916e+01 1.299552e+02 5.846364e-02 -4.362378e-05 
2.738000e+02 -1.048255e-02 -2.094407e-03 -2.183375e+00 9.795547e+03 7.502622e+03 1.040406e+03  1000  5000 -9.196294e-05     0 3.986558e-02 3.042663e+01 1.299570e+02 5.848745e-02 -4.296250e-05 
2.739000e+02 -1.047824e-02 -2.172128e-03 -2.183436e+00 9.788089e+03 7.492009e+03 1.039619e+03  1000  5000 -8.824918e-05     0 3.983051e-02 3.038615e+01 1.299588e+02 5.851128e-02 -4.225973e-05 
  274 -1.047424e-02 -2.245420e-03 -2.183497e+00 9.780630e+03 7.481396e+03 1.038830e+03  1000  5000 -8.416917e-05     0 3.979542e-02 3.034773e+01 1.299605e+02 5.853511e-02 -4.179666e-05 
2.741000e+02 -1.047043e-02 -2.314286e-03 -2.183558e+00 9.773170e+03 7.470783e+03 1.038040e+03  1000  5000 -9.190109e-05     0 3.976033e-02 3.031135e+01 1.299623e+02 5.855896e-02 -4.164077e-05 
2.742000e+02 -1.046630e-02 -2.378729e-03 -2.183618e+00 9.765710e+03 7.460171e+03 1.037249e+03  1000  5000 -9.206975e-05     0 3.972524e-02 3.027703e+01 1.299640e+02 5.858282e-02 -4.136106e-05 
2.743000e+02 -1.046203e-02 -2.438754e-03 -2.183678e+00 9.758249e+03 7.449559e+03 1.036457e+03  1000  5000 -8.942023e-05     0 3.969014e-02 3.024476e+01 1.299657e+02 5.860668e-02 -4.086486e-05 
2.744000e+02 -1.045789e-02 -2.494363e-03 -2.183737e+00 9.750787e+03 7.438947e+03 1.035663e+03  1000  5000 -8.574844e-05     0 3.965505e-02 3.021454e+01 1.299675e+02 5.863055e-02 -4.033481e-05 
2.745000e+02 -1.045407e-02 -2.545561e-03 -2.183796e+00 9.743325e+03 7.428336e+03 1.034869e+03  1000  5000 -8.174622e-05     0 3.961996e-02 3.018636e+01 1.299692e+02 5.865443e-02 -4.002807e-05 
2.746000e+02 -1.045044e-02 -2.592352e-03 -2.183854e+00 9.735862e+03 7.417725e+03 1.034073e+03  1000  5000 -8.850539e-05     0 3.958487e-02 3.016023e+01 1.299709e+02 5.867830e-02 -4.000670e-05 
2.747000e+02 -1.044656e-02 -2.634742e-03 -2.183912e+00 9.728398e+03 7.407114e+03 1.033277e+03  1000  5000 -8.838446e-05     0 3.954980e-02 3.013614e+01 1.299726e+02 5.870218e-02 -3.987811e-05 
2.748000e+02 -1.044259e-02 -2.672735e-03 -2.183970e+00 9.720934e+03 7.396504e+03 1.032480e+03  1000  5000 -8.570588e-05     0 3.951473e-02 3.011409e+01 1.299743e+02 5.872606e-02 -3.955736e-05 
2.749000e+02 -1.043876e-02 -2.706337e-03 -2.184028e+00 9.713468e+03 7.385894e+03 1.031682e+03  1000  5000 -8.210419e-05     0 3.947968e-02 3.009408e+01 1.299759e+02 5.874993e-02 -3.920975e-05 
  275 -1.043525e-02 -2.735553e-03 -2.184084e+00 9.706003e+03 7.375284e+03 1.030883e+03  1000  5000 -7.820789e-05     0 3.944464e-02 3.007610e+01 1.299776e+02 5.877380e-02 -3.906814e-05 
2.751000e+02 -1.043193e-02 -2.760389e-03 -2.184141e+00 9.698536e+03 7.364675e+03 1.030084e+03  1000  5000 -8.403054e-05     0 3.940962e-02 3.006016e+01 1.299793e+02 5.879766e-02 -3.918898e-05 
2.752000e+02 -1.042842e-02 -2.780852e-03 -2.184197e+00 9.691069e+03 7.354066e+03 1.029284e+03  1000  5000 -8.364970e-05     0 3.937462e-02 3.004625e+01 1.299809e+02 5.882152e-02 -3.921773e-05 
2.753000e+02 -1.042486e-02 -2.796949e-03 -2.184252e+00 9.683601e+03 7.343458e+03 1.028484e+03  1000  5000 -8.096826e-05     0 3.933964e-02 3.003437e+01 1.299826e+02 5.884537e-02 -3.907727e-05 
2.754000e+02 -1.042146e-02 -2.808686e-03 -2.184308e+00 9.676133e+03 7.332849e+03 1.027683e+03  1000  5000 -7.746086e-05     0 3.930469e-02 3.002451e+01 1.299842e+02 5.886920e-02 -3.891601e-05 
2.755000e+02 -1.041835e-02 -2.816070e-03 -2.184363e+00 9.668663e+03 7.322241e+03 1.026881e+03  1000  5000 -7.369350e-05     0 3.926976e-02 3.001668e+01 1.299858e+02 5.889303e-02 -3.894317e-05 
2.756000e+02 -1.041545e-02 -2.819109e-03 -2.184417e+00 9.661193e+03 7.311634e+03 1.026079e+03  1000  5000 -7.864733e-05     0 3.923487e-02 3.001086e+01 1.299874e+02 5.891683e-02 -3.920954e-05 
2.757000e+02 -1.041241e-02 -2.817810e-03 -2.184471e+00 9.653723e+03 7.301026e+03 1.025277e+03  1000  5000 -7.804426e-05     0 3.920001e-02 3.000706e+01 1.299890e+02 5.894063e-02 -3.939690e-05 
2.758000e+02 -1.040935e-02 -2.812183e-03 -2.184525e+00 9.646252e+03 7.290419e+03 1.024475e+03  1000  5000 -7.538538e-05     0 3.916518e-02 3.000527e+01 1.299906e+02 5.896440e-02 -3.943577e-05 
2.759000e+02 -1.040646e-02 -2.802235e-03 -2.184579e+00 9.638780e+03 7.279812e+03 1.023672e+03  1000  5000 -7.199249e-05     0 3.913039e-02 3.000549e+01 1.299922e+02 5.898816e-02 -3.945872e-05 
  276 -1.040385e-02 -2.787974e-03 -2.184632e+00 9.631307e+03 7.269206e+03 1.022870e+03  1000  5000 -6.837214e-05     0 3.909564e-02 3.000771e+01 1.299938e+02 5.901189e-02 -3.965276e-05 
2.761000e+02 -1.040144e-02 -2.769410e-03 -2.184685e+00 9.623834e+03 7.258599e+03 1.022067e+03  1000  5000 -7.255448e-05     0 3.906093e-02 3.001194e+01 1.299954e+02 5.903560e-02 -4.006313e-05 
2.762000e+02 -1.039894e-02 -2.746552e-03 -2.184737e+00 9.616360e+03 7.247993e+03 1.021264e+03  1000  5000 -7.177442e-05     0 3.902627e-02 3.001816e+01 1.299969e+02 5.905929e-02 -4.040501e-05 
2.763000e+02 -1.039645e-02 -2.719409e-03 -2.184790e+00 9.608886e+03 7.237388e+03 1.020461e+03  1000  5000 -6.916293e-05     0 3.899166e-02 3.002637e+01 1.299985e+02 5.908295e-02 -4.061605e-05 
2.764000e+02 -1.039413e-02 -2.687992e-03 -2.184842e+00 9.601411e+03 7.226782e+03 1.019658e+03  1000  5000 -6.590127e-05     0 3.895709e-02 3.003658e+01 1.300000e+02 5.910658e-02 -4.081459e-05 
2.765000e+02 -1.039207e-02 -2.652311e-03 -2.184894e+00 9.593935e+03 7.216177e+03 1.018855e+03  1000  5000 -6.244155e-05     0 3.892258e-02 3.004876e+01 1.300016e+02 5.913019e-02 -4.116758e-05 
2.766000e+02 -1.039022e-02 -2.612375e-03 -2.184945e+00 9.586458e+03 7.205572e+03 1.018053e+03  1000  5000 -6.597704e-05     0 3.888812e-02 3.006293e+01 1.300031e+02 5.915376e-02 -4.171504e-05 
2.767000e+02 -1.038831e-02 -2.568195e-03 -2.184996e+00 9.578981e+03 7.194967e+03 1.017250e+03  1000  5000 -6.507236e-05     0 3.885373e-02 3.007907e+01 1.300046e+02 5.917729e-02 -4.220143e-05 
2.768000e+02 -1.038642e-02 -2.519784e-03 -2.185047e+00 9.571503e+03 7.184363e+03 1.016448e+03  1000  5000 -6.253283e-05     0 3.881939e-02 3.009718e+01 1.300061e+02 5.920080e-02 -4.257082e-05 
2.769000e+02 -1.038471e-02 -2.467151e-03 -2.185098e+00 9.564025e+03 7.173759e+03 1.015646e+03  1000  5000 -5.941627e-05     0 3.878511e-02 3.011725e+01 1.300076e+02 5.922426e-02 -4.292933e-05 
  277 -1.038325e-02 -2.410308e-03 -2.185149e+00 9.556546e+03 7.163155e+03 1.014845e+03  1000  5000 -5.612716e-05     0 3.875090e-02 3.013929e+01 1.300091e+02 5.924769e-02 -4.342679e-05 
2.771000e+02 -1.038199e-02 -2.349267e-03 -2.185199e+00 9.549066e+03 7.152551e+03 1.014044e+03  1000  5000 -5.916455e-05     0 3.871675e-02 3.016328e+01 1.300106e+02 5.927108e-02 -4.409847e-05 
2.772000e+02 -1.038070e-02 -2.284041e-03 -2.185250e+00 9.541586e+03 7.141948e+03 1.013244e+03  1000  5000 -5.819412e-05     0 3.868268e-02 3.018922e+01 1.300120e+02 5.929442e-02 -4.471294e-05 
2.773000e+02 -1.037945e-02 -2.214641e-03 -2.185300e+00 9.534105e+03 7.131345e+03 1.012444e+03  1000  5000 -5.575120e-05     0 3.864867e-02 3.021710e+01 1.300135e+02 5.931772e-02 -4.521976e-05 
2.774000e+02 -1.037836e-02 -2.141081e-03 -2.185350e+00 9.526623e+03 7.120742e+03 1.011645e+03  1000  5000 -5.279142e-05     0 3.861475e-02 3.024693e+01 1.300149e+02 5.934098e-02 -4.571535e-05 
2.775000e+02 -1.037753e-02 -2.063372e-03 -2.185400e+00 9.519141e+03 7.110139e+03 1.010846e+03  1000  5000 -4.967998e-05     0 3.858089e-02 3.027868e+01 1.300164e+02 5.936419e-02 -4.633583e-05 
2.776000e+02 -1.037688e-02 -1.981528e-03 -2.185450e+00 9.511658e+03 7.099536e+03 1.010049e+03  1000  5000 -5.238788e-05     0 3.854712e-02 3.031236e+01 1.300178e+02 5.938735e-02 -4.711240e-05 
2.777000e+02 -1.037622e-02 -1.895564e-03 -2.185499e+00 9.504175e+03 7.088934e+03 1.009252e+03  1000  5000 -5.141597e-05     0 3.851344e-02 3.034797e+01 1.300192e+02 5.941046e-02 -4.783178e-05 
2.778000e+02 -1.037561e-02 -1.805492e-03 -2.185549e+00 9.496690e+03 7.078332e+03 1.008455e+03  1000  5000 -4.909440e-05     0 3.847983e-02 3.038548e+01 1.300206e+02 5.943352e-02 -4.844790e-05 
2.779000e+02 -1.037516e-02 -1.711326e-03 -2.185599e+00 9.489205e+03 7.067730e+03 1.007660e+03  1000  5000 -4.630130e-05     0 3.844632e-02 3.042491e+01 1.300220e+02 5.945652e-02 -4.905030e-05 
  278 -1.037496e-02 -1.613081e-03 -2.185649e+00 9.481720e+03 7.057128e+03 1.006866e+03  1000  5000 -4.337220e-05     0 3.841289e-02 3.046624e+01 1.300234e+02 5.947947e-02 -4.976533e-05 
2.781000e+02 -1.037494e-02 -1.510771e-03 -2.185698e+00 9.474234e+03 7.046527e+03 1.006072e+03  1000  5000 -4.593338e-05     0 3.837956e-02 3.050947e+01 1.300248e+02 5.950235e-02 -5.062091e-05 
2.782000e+02 -1.037491e-02 -1.404411e-03 -2.185748e+00 9.466747e+03 7.035926e+03 1.005280e+03  1000  5000 -4.502777e-05     0 3.834632e-02 3.055458e+01 1.300261e+02 5.952518e-02 -5.141537e-05 
2.783000e+02 -1.037493e-02 -1.294017e-03 -2.185797e+00 9.459259e+03 7.025325e+03 1.004489e+03  1000  5000 -4.285194e-05     0 3.831318e-02 3.060158e+01 1.300275e+02 5.954795e-02 -5.210575e-05 
2.784000e+02 -1.037511e-02 -1.179602e-03 -2.185847e+00 9.451771e+03 7.014724e+03 1.003699e+03  1000  5000 -4.023363e-05     0 3.828013e-02 3.065046e+01 1.300288e+02 5.957066e-02 -5.277777e-05 
2.785000e+02 -1.037553e-02 -1.061184e-03 -2.185897e+00 9.444283e+03 7.004123e+03 1.002910e+03  1000  5000 -3.748919e-05     0 3.824719e-02 3.070120e+01 1.300301e+02 5.959330e-02 -5.355226e-05 
2.786000e+02 -1.037612e-02 -9.387772e-04 -2.185947e+00 9.436793e+03 6.993523e+03 1.002123e+03  1000  5000 -4.009330e-05     0 3.821436e-02 3.075381e+01 1.300315e+02 5.961587e-02 -5.445482e-05 
2.787000e+02 -1.037670e-02 -8.123984e-04 -2.185996e+00 9.429303e+03 6.982923e+03 1.001336e+03  1000  5000 -3.932260e-05     0 3.818163e-02 3.080827e+01 1.300328e+02 5.963838e-02 -5.528849e-05 
2.788000e+02 -1.037734e-02 -6.820639e-04 -2.186046e+00 9.421812e+03 6.972323e+03 1.000551e+03  1000  5000 -3.731541e-05     0 3.814901e-02 3.086458e+01 1.300341e+02 5.966081e-02 -5.601213e-05 
2.789000e+02 -1.037813e-02 -5.477902e-04 -2.186096e+00 9.414321e+03 6.961723e+03 9.997679e+02  1000  5000 -3.487764e-05     0 3.811651e-02 3.092273e+01 1.300354e+02 5.968318e-02 -5.671079e-05 
  279 -1.037914e-02 -4.095939e-04 -2.186147e+00 9.406829e+03 6.951123e+03 9.989859e+02  1000  5000 -3.231742e-05     0 3.808411e-02 3.098271e+01 1.300366e+02 5.970547e-02 -5.750421e-05 
2.791000e+02 -1.038033e-02 -2.674921e-04 -2.186197e+00 9.399336e+03 6.940524e+03 9.982054e+02  1000  5000 -3.515202e-05     0 3.805184e-02 3.104452e+01 1.300379e+02 5.972769e-02 -5.841666e-05 
2.792000e+02 -1.038149e-02 -1.215025e-04 -2.186247e+00 9.391843e+03 6.929925e+03 9.974265e+02  1000  5000 -3.458199e-05     0 3.801968e-02 3.110815e+01 1.300392e+02 5.974983e-02 -5.924904e-05 
2.793000e+02 -1.038269e-02 2.835734e-05 -2.186298e+00 9.384349e+03 6.919326e+03 9.966493e+02  1000  5000 -3.276312e-05     0 3.798765e-02 3.117359e+01 1.300404e+02 5.977189e-02 -5.996069e-05 
2.794000e+02 -1.038404e-02 1.820697e-04 -2.186349e+00 9.376854e+03 6.908727e+03 9.958737e+02  1000  5000 -3.050811e-05     0 3.795574e-02 3.124082e+01 1.300416e+02 5.979387e-02 -6.063914e-05 
2.795000e+02 -1.038561e-02 3.396168e-04 -2.186400e+00 9.369358e+03 6.898129e+03 9.950998e+02  1000  5000 -2.812792e-05     0 3.792395e-02 3.130986e+01 1.300429e+02 5.981576e-02 -6.140737e-05 
2.796000e+02 -1.038734e-02 5.009803e-04 -2.186451e+00 9.361862e+03 6.887530e+03 9.943277e+02  1000  5000 -3.136831e-05     0 3.789230e-02 3.138068e+01 1.300441e+02 5.983758e-02 -6.228943e-05 
2.797000e+02 -1.038903e-02 6.661414e-04 -2.186503e+00 9.354366e+03 6.876932e+03 9.935574e+02  1000  5000 -3.105743e-05     0 3.786078e-02 3.145327e+01 1.300453e+02 5.985931e-02 -6.307756e-05 
2.798000e+02 -1.039074e-02 8.350811e-04 -2.186555e+00 9.346868e+03 6.866334e+03 9.927891e+02  1000  5000 -2.944103e-05     0 3.782939e-02 3.152764e+01 1.300465e+02 5.988095e-02 -6.373025e-05 
2.799000e+02 -1.039259e-02 1.007781e-03 -2.186607e+00 9.339370e+03 6.855736e+03 9.920226e+02  1000  5000 -2.736597e-05     0 3.779813e-02 3.160376e+01 1.300476e+02 5.990250e-02 -6.434046e-05 
  280 -1.039464e-02 1.184221e-03 -2.186659e+00 9.331871e+03 6.845139e+03 9.912581e+02  1000  5000 -2.515656e-05     0 3.776702e-02 3.168164e+01 1.300488e+02 5.992396e-02 -6.503851e-05 
2.801000e+02 -1.039685e-02 1.364383e-03 -2.186711e+00 9.324372e+03 6.834541e+03 9.904957e+02  1000  5000 -2.895479e-05     0 3.773605e-02 3.176126e+01 1.300500e+02 5.994533e-02 -6.584930e-05 
2.802000e+02 -1.039898e-02 1.548246e-03 -2.186764e+00 9.316871e+03 6.823944e+03 9.897353e+02  1000  5000 -2.894956e-05     0 3.770522e-02 3.184262e+01 1.300511e+02 5.996661e-02 -6.655055e-05 
2.803000e+02 -1.040111e-02 1.735791e-03 -2.186817e+00 9.309371e+03 6.813347e+03 9.889771e+02  1000  5000 -2.754177e-05     0 3.767453e-02 3.192570e+01 1.300522e+02 5.998779e-02 -6.709875e-05 
2.804000e+02 -1.040335e-02 1.926997e-03 -2.186871e+00 9.301869e+03 6.802750e+03 9.882211e+02  1000  5000 -2.563717e-05     0 3.764399e-02 3.201050e+01 1.300534e+02 6.000887e-02 -6.759485e-05 
2.805000e+02 -1.040580e-02 2.121844e-03 -2.186924e+00 9.294367e+03 6.792154e+03 9.874672e+02  1000  5000 -2.358297e-05     0 3.761361e-02 3.209700e+01 1.300545e+02 6.002985e-02 -6.818008e-05 
2.806000e+02 -1.040839e-02 2.320311e-03 -2.186978e+00 9.286864e+03 6.781557e+03 9.867157e+02  1000  5000 -2.805722e-05     0 3.758337e-02 3.218521e+01 1.300556e+02 6.005074e-02 -6.888123e-05 
2.807000e+02 -1.041085e-02 2.522379e-03 -2.187033e+00 9.279360e+03 6.770961e+03 9.859664e+02  1000  5000 -2.838756e-05     0 3.755330e-02 3.227510e+01 1.300567e+02 6.007152e-02 -6.945666e-05 
2.808000e+02 -1.041328e-02 2.728024e-03 -2.187087e+00 9.271855e+03 6.760365e+03 9.852196e+02  1000  5000 -2.718434e-05     0 3.752337e-02 3.236668e+01 1.300577e+02 6.009219e-02 -6.985981e-05 
2.809000e+02 -1.041580e-02 2.937227e-03 -2.187142e+00 9.264350e+03 6.749770e+03 9.844752e+02  1000  5000 -2.543281e-05     0 3.749361e-02 3.245992e+01 1.300588e+02 6.011277e-02 -7.020168e-05 
  281 -1.041852e-02 3.149966e-03 -2.187198e+00 9.256844e+03 6.739174e+03 9.837332e+02  1000  5000 -2.351106e-05     0 3.746401e-02 3.255482e+01 1.300599e+02 6.013323e-02 -7.063727e-05 
2.811000e+02 -1.042135e-02 3.366219e-03 -2.187253e+00 9.249338e+03 6.728579e+03 9.829937e+02  1000  5000 -2.873647e-05     0 3.743458e-02 3.265138e+01 1.300609e+02 6.015358e-02 -7.119615e-05 
2.812000e+02 -1.042401e-02 3.585965e-03 -2.187309e+00 9.241830e+03 6.717984e+03 9.822568e+02  1000  5000 -2.941217e-05     0 3.740531e-02 3.274957e+01 1.300619e+02 6.017383e-02 -7.161380e-05 
2.813000e+02 -1.042659e-02 3.809180e-03 -2.187365e+00 9.234322e+03 6.707389e+03 9.815226e+02  1000  5000 -2.839794e-05     0 3.737620e-02 3.284940e+01 1.300630e+02 6.019396e-02 -7.183977e-05 
2.814000e+02 -1.042925e-02 4.035843e-03 -2.187422e+00 9.226813e+03 6.696794e+03 9.807909e+02  1000  5000 -2.677375e-05     0 3.734727e-02 3.295085e+01 1.300640e+02 6.021398e-02 -7.199652e-05 
2.815000e+02 -1.043209e-02 4.265932e-03 -2.187479e+00 9.219304e+03 6.686200e+03 9.800620e+02  1000  5000 -2.495453e-05     0 3.731852e-02 3.305391e+01 1.300650e+02 6.023388e-02 -7.225469e-05 
2.816000e+02 -1.043502e-02 4.499424e-03 -2.187536e+00 9.211793e+03 6.675605e+03 9.793358e+02  1000  5000 -3.095678e-05     0 3.728994e-02 3.315857e+01 1.300659e+02 6.025366e-02 -7.264735e-05 
2.817000e+02 -1.043771e-02 4.736296e-03 -2.187594e+00 9.204282e+03 6.665011e+03 9.786124e+02  1000  5000 -3.196557e-05     0 3.726153e-02 3.326482e+01 1.300669e+02 6.027333e-02 -7.288511e-05 
2.818000e+02 -1.044029e-02 4.976524e-03 -2.187652e+00 9.196771e+03 6.654418e+03 9.778919e+02  1000  5000 -3.111313e-05     0 3.723331e-02 3.337265e+01 1.300679e+02 6.029288e-02 -7.291309e-05 
2.819000e+02 -1.044291e-02 5.220085e-03 -2.187711e+00 9.189258e+03 6.643824e+03 9.771742e+02  1000  5000 -2.958299e-05     0 3.720526e-02 3.348204e+01 1.300688e+02 6.031230e-02 -7.286575e-05 
  282 -1.044569e-02 5.466957e-03 -2.187769e+00 9.181745e+03 6.633231e+03 9.764595e+02  1000  5000 -2.783039e-05     0 3.717740e-02 3.359300e+01 1.300698e+02 6.033160e-02 -7.293023e-05 
2.821000e+02 -1.044855e-02 5.717115e-03 -2.187828e+00 9.174231e+03 6.622638e+03 9.757477e+02  1000  5000 -3.458296e-05     0 3.714973e-02 3.370551e+01 1.300707e+02 6.035078e-02 -7.314358e-05 
2.822000e+02 -1.045111e-02 5.970536e-03 -2.187887e+00 9.166716e+03 6.612045e+03 9.750389e+02  1000  5000 -3.589071e-05     0 3.712225e-02 3.381955e+01 1.300716e+02 6.036983e-02 -7.319118e-05 
2.823000e+02 -1.045350e-02 6.227194e-03 -2.187947e+00 9.159200e+03 6.601452e+03 9.743332e+02  1000  5000 -3.516268e-05     0 3.709495e-02 3.393513e+01 1.300725e+02 6.038875e-02 -7.301345e-05 
2.824000e+02 -1.045591e-02 6.487067e-03 -2.188007e+00 9.151684e+03 6.590860e+03 9.736307e+02  1000  5000 -3.368774e-05     0 3.706785e-02 3.405221e+01 1.300734e+02 6.040754e-02 -7.275662e-05 
2.825000e+02 -1.045847e-02 6.750129e-03 -2.188067e+00 9.144166e+03 6.580267e+03 9.729312e+02  1000  5000 -3.196222e-05     0 3.704095e-02 3.417080e+01 1.300743e+02 6.042620e-02 -7.262402e-05 
2.826000e+02 -1.046107e-02 7.016357e-03 -2.188128e+00 9.136648e+03 6.569675e+03 9.722350e+02  1000  5000 -3.938800e-05     0 3.701424e-02 3.429089e+01 1.300751e+02 6.044473e-02 -7.265680e-05 
2.827000e+02 -1.046333e-02 7.285726e-03 -2.188188e+00 9.129130e+03 6.559084e+03 9.715420e+02  1000  5000 -4.094113e-05     0 3.698773e-02 3.441246e+01 1.300760e+02 6.046312e-02 -7.251656e-05 
2.828000e+02 -1.046536e-02 7.558209e-03 -2.188249e+00 9.121610e+03 6.548492e+03 9.708522e+02  1000  5000 -4.029281e-05     0 3.696141e-02 3.453550e+01 1.300768e+02 6.048138e-02 -7.213901e-05 
2.829000e+02 -1.046739e-02 7.833782e-03 -2.188311e+00 9.114090e+03 6.537901e+03 9.701658e+02  1000  5000 -3.883181e-05     0 3.693531e-02 3.466000e+01 1.300776e+02 6.049950e-02 -7.168107e-05 
  283 -1.046956e-02 8.112421e-03 -2.188372e+00 9.106569e+03 6.527310e+03 9.694828e+02  1000  5000 -3.709351e-05     0 3.690940e-02 3.478594e+01 1.300785e+02 6.051748e-02 -7.136083e-05 
2.831000e+02 -1.047175e-02 8.394100e-03 -2.188434e+00 9.099047e+03 6.516719e+03 9.688031e+02  1000  5000 -4.507053e-05     0 3.688371e-02 3.491333e+01 1.300793e+02 6.053532e-02 -7.122340e-05 
2.832000e+02 -1.047354e-02 8.678792e-03 -2.188496e+00 9.091524e+03 6.506129e+03 9.681269e+02  1000  5000 -4.680034e-05     0 3.685822e-02 3.504214e+01 1.300801e+02 6.055302e-02 -7.090962e-05 
2.833000e+02 -1.047507e-02 8.966472e-03 -2.188558e+00 9.084000e+03 6.495539e+03 9.674542e+02  1000  5000 -4.618362e-05     0 3.683295e-02 3.517236e+01 1.300808e+02 6.057058e-02 -7.035082e-05 
2.834000e+02 -1.047657e-02 9.257114e-03 -2.188621e+00 9.076476e+03 6.484949e+03 9.667850e+02  1000  5000 -4.469665e-05     0 3.680788e-02 3.530399e+01 1.300816e+02 6.058799e-02 -6.971280e-05 
2.835000e+02 -1.047820e-02 9.550693e-03 -2.188683e+00 9.068951e+03 6.474359e+03 9.661194e+02  1000  5000 -4.290906e-05     0 3.678304e-02 3.543701e+01 1.300824e+02 6.060526e-02 -6.922590e-05 
2.836000e+02 -1.047983e-02 9.847181e-03 -2.188746e+00 9.061425e+03 6.463769e+03 9.654573e+02  1000  5000 -5.127964e-05     0 3.675840e-02 3.557140e+01 1.300831e+02 6.062238e-02 -6.893880e-05 
2.837000e+02 -1.048103e-02 1.014655e-02 -2.188808e+00 9.053898e+03 6.453180e+03 9.647990e+02  1000  5000 -5.310801e-05     0 3.673399e-02 3.570716e+01 1.300838e+02 6.063935e-02 -6.847603e-05 
2.838000e+02 -1.048194e-02 1.044878e-02 -2.188871e+00 9.046371e+03 6.442591e+03 9.641443e+02  1000  5000 -5.247564e-05     0 3.670980e-02 3.584428e+01 1.300846e+02 6.065617e-02 -6.776517e-05 
2.839000e+02 -1.048281e-02 1.075384e-02 -2.188935e+00 9.038842e+03 6.432002e+03 9.634933e+02  1000  5000 -5.092786e-05     0 3.668583e-02 3.598274e+01 1.300853e+02 6.067284e-02 -6.697845e-05 
  284 -1.048380e-02 1.106170e-02 -2.188998e+00 9.031313e+03 6.421414e+03 9.628461e+02  1000  5000 -4.906135e-05     0 3.666208e-02 3.612252e+01 1.300859e+02 6.068935e-02 -6.635512e-05 
2.841000e+02 -1.048478e-02 1.137234e-02 -2.189061e+00 9.023783e+03 6.410826e+03 9.622027e+02  1000  5000 -5.764353e-05     0 3.663856e-02 3.626363e+01 1.300866e+02 6.070571e-02 -6.594678e-05 
2.842000e+02 -1.048530e-02 1.168572e-02 -2.189124e+00 9.016253e+03 6.400238e+03 9.615631e+02  1000  5000 -5.948900e-05     0 3.661527e-02 3.640604e+01 1.300873e+02 6.072192e-02 -6.536725e-05 
2.843000e+02 -1.048552e-02 1.200183e-02 -2.189188e+00 9.008721e+03 6.389650e+03 9.609274e+02  1000  5000 -5.879865e-05     0 3.659220e-02 3.654974e+01 1.300880e+02 6.073797e-02 -6.454128e-05 
2.844000e+02 -1.048568e-02 1.232063e-02 -2.189252e+00 9.001189e+03 6.379063e+03 9.602956e+02  1000  5000 -5.716345e-05     0 3.656937e-02 3.669473e+01 1.300886e+02 6.075386e-02 -6.364460e-05 
2.845000e+02 -1.048597e-02 1.264210e-02 -2.189315e+00 8.993655e+03 6.368475e+03 9.596678e+02  1000  5000 -5.519792e-05     0 3.654677e-02 3.684098e+01 1.300892e+02 6.076960e-02 -6.292145e-05 
2.846000e+02 -1.048625e-02 1.296621e-02 -2.189379e+00 8.986121e+03 6.357889e+03 9.590440e+02  1000  5000 -6.379778e-05     0 3.652441e-02 3.698849e+01 1.300899e+02 6.078517e-02 -6.242545e-05 
2.847000e+02 -1.048606e-02 1.329292e-02 -2.189442e+00 8.978587e+03 6.347302e+03 9.584242e+02  1000  5000 -6.558136e-05     0 3.650228e-02 3.713724e+01 1.300905e+02 6.080058e-02 -6.176616e-05 
2.848000e+02 -1.048557e-02 1.362222e-02 -2.189506e+00 8.971051e+03 6.336716e+03 9.578084e+02  1000  5000 -6.479874e-05     0 3.648039e-02 3.728722e+01 1.300911e+02 6.081582e-02 -6.086663e-05 
2.849000e+02 -1.048502e-02 1.395408e-02 -2.189569e+00 8.963514e+03 6.326130e+03 9.571968e+02  1000  5000 -6.305971e-05     0 3.645873e-02 3.743842e+01 1.300916e+02 6.083091e-02 -5.990293e-05 
  285 -1.048460e-02 1.428846e-02 -2.189633e+00 8.955977e+03 6.315544e+03 9.565892e+02  1000  5000 -6.098610e-05     0 3.643732e-02 3.759082e+01 1.300922e+02 6.084582e-02 -5.911993e-05 
2.851000e+02 -1.048418e-02 1.462534e-02 -2.189696e+00 8.948439e+03 6.304958e+03 9.559859e+02  1000  5000 -6.940965e-05     0 3.641616e-02 3.774441e+01 1.300928e+02 6.086057e-02 -5.857232e-05 
2.852000e+02 -1.048330e-02 1.496469e-02 -2.189759e+00 8.940900e+03 6.294373e+03 9.553867e+02  1000  5000 -7.105962e-05     0 3.639524e-02 3.789919e+01 1.300933e+02 6.087516e-02 -5.787223e-05 
2.853000e+02 -1.048212e-02 1.530648e-02 -2.189822e+00 8.933361e+03 6.283788e+03 9.547918e+02  1000  5000 -7.016042e-05     0 3.637456e-02 3.805513e+01 1.300938e+02 6.088957e-02 -5.694229e-05 
2.854000e+02 -1.048090e-02 1.565068e-02 -2.189885e+00 8.925820e+03 6.273203e+03 9.542012e+02  1000  5000 -6.831208e-05     0 3.635413e-02 3.821222e+01 1.300944e+02 6.090381e-02 -5.595569e-05 
2.855000e+02 -1.047981e-02 1.599726e-02 -2.189948e+00 8.918279e+03 6.262619e+03 9.536148e+02  1000  5000 -6.613251e-05     0 3.633395e-02 3.837045e+01 1.300949e+02 6.091788e-02 -5.515348e-05 
2.856000e+02 -1.047873e-02 1.634620e-02 -2.190011e+00 8.910737e+03 6.252034e+03 9.530328e+02  1000  5000 -7.419625e-05     0 3.631402e-02 3.852980e+01 1.300954e+02 6.093178e-02 -5.459039e-05 
2.857000e+02 -1.047722e-02 1.669747e-02 -2.190073e+00 8.903194e+03 6.241450e+03 9.524552e+02  1000  5000 -7.565159e-05     0 3.629434e-02 3.869027e+01 1.300958e+02 6.094551e-02 -5.388800e-05 
2.858000e+02 -1.047544e-02 1.705103e-02 -2.190136e+00 8.895650e+03 6.230867e+03 9.518819e+02  1000  5000 -7.462210e-05     0 3.627492e-02 3.885184e+01 1.300963e+02 6.095906e-02 -5.296988e-05 
2.859000e+02 -1.047363e-02 1.740685e-02 -2.190198e+00 8.888106e+03 6.220283e+03 9.513131e+02  1000  5000 -7.266936e-05     0 3.625575e-02 3.901449e+01 1.300968e+02 6.097243e-02 -5.200322e-05 
  286 -1.047196e-02 1.776492e-02 -2.190260e+00 8.880560e+03 6.209700e+03 9.507488e+02  1000  5000 -7.039604e-05     0 3.623684e-02 3.917822e+01 1.300972e+02 6.098563e-02 -5.122093e-05 
2.861000e+02 -1.047031e-02 1.812519e-02 -2.190322e+00 8.873014e+03 6.199117e+03 9.501889e+02  1000  5000 -7.793554e-05     0 3.621818e-02 3.934300e+01 1.300977e+02 6.099865e-02 -5.067674e-05 
2.862000e+02 -1.046828e-02 1.848764e-02 -2.190384e+00 8.865467e+03 6.188535e+03 9.496336e+02  1000  5000 -7.914802e-05     0 3.619979e-02 3.950884e+01 1.300981e+02 6.101149e-02 -5.000827e-05 
2.863000e+02 -1.046601e-02 1.885224e-02 -2.190445e+00 8.857920e+03 6.177953e+03 9.490828e+02  1000  5000 -7.798465e-05     0 3.618165e-02 3.967570e+01 1.300985e+02 6.102415e-02 -4.914136e-05 
2.864000e+02 -1.046372e-02 1.921895e-02 -2.190506e+00 8.850371e+03 6.167371e+03 9.485366e+02  1000  5000 -7.594121e-05     0 3.616377e-02 3.984358e+01 1.300989e+02 6.103663e-02 -4.823434e-05 
2.865000e+02 -1.046159e-02 1.958776e-02 -2.190567e+00 8.842822e+03 6.156789e+03 9.479951e+02  1000  5000 -7.359448e-05     0 3.614616e-02 4.001247e+01 1.300993e+02 6.104893e-02 -4.750802e-05 
2.866000e+02 -1.045950e-02 1.995862e-02 -2.190628e+00 8.835272e+03 6.146207e+03 9.474582e+02  1000  5000 -8.047080e-05     0 3.612881e-02 4.018235e+01 1.300996e+02 6.106105e-02 -4.701413e-05 
2.867000e+02 -1.045707e-02 2.033152e-02 -2.190688e+00 8.827721e+03 6.135626e+03 9.469259e+02  1000  5000 -8.140583e-05     0 3.611173e-02 4.035321e+01 1.301000e+02 6.107298e-02 -4.641227e-05 
2.868000e+02 -1.045444e-02 2.070641e-02 -2.190748e+00 8.820170e+03 6.125045e+03 9.463984e+02  1000  5000 -8.011375e-05     0 3.609492e-02 4.052502e+01 1.301003e+02 6.108473e-02 -4.563180e-05 
2.869000e+02 -1.045183e-02 2.108327e-02 -2.190808e+00 8.812617e+03 6.114464e+03 9.458756e+02  1000  5000 -7.799996e-05     0 3.607837e-02 4.069779e+01 1.301007e+02 6.109629e-02 -4.481975e-05 
  287 -1.044937e-02 2.146207e-02 -2.190868e+00 8.805064e+03 6.103884e+03 9.453576e+02  1000  5000 -7.560579e-05     0 3.606209e-02 4.087150e+01 1.301010e+02 6.110767e-02 -4.418135e-05 
2.871000e+02 -1.044698e-02 2.184277e-02 -2.190927e+00 8.797511e+03 6.093304e+03 9.448443e+02  1000  5000 -8.170999e-05     0 3.604608e-02 4.104613e+01 1.301013e+02 6.111886e-02 -4.376547e-05 
2.872000e+02 -1.044430e-02 2.222535e-02 -2.190986e+00 8.789956e+03 6.082724e+03 9.443359e+02  1000  5000 -8.234654e-05     0 3.603034e-02 4.122166e+01 1.301016e+02 6.112986e-02 -4.325866e-05 
2.873000e+02 -1.044147e-02 2.260978e-02 -2.191044e+00 8.782401e+03 6.072144e+03 9.438323e+02  1000  5000 -8.093788e-05     0 3.601487e-02 4.139809e+01 1.301019e+02 6.114067e-02 -4.259496e-05 
2.874000e+02 -1.043867e-02 2.299603e-02 -2.191103e+00 8.774845e+03 6.061565e+03 9.433336e+02  1000  5000 -7.877832e-05     0 3.599968e-02 4.157540e+01 1.301022e+02 6.115129e-02 -4.190809e-05 
2.875000e+02 -1.043604e-02 2.338406e-02 -2.191160e+00 8.767288e+03 6.050986e+03 9.428398e+02  1000  5000 -7.636569e-05     0 3.598476e-02 4.175358e+01 1.301024e+02 6.116172e-02 -4.138491e-05 
2.876000e+02 -1.043349e-02 2.377385e-02 -2.191218e+00 8.759730e+03 6.040407e+03 9.423509e+02  1000  5000 -8.162160e-05     0 3.597011e-02 4.193261e+01 1.301027e+02 6.117196e-02 -4.107065e-05 
2.877000e+02 -1.043072e-02 2.416535e-02 -2.191275e+00 8.752172e+03 6.029829e+03 9.418670e+02  1000  5000 -8.195156e-05     0 3.595575e-02 4.211247e+01 1.301029e+02 6.118201e-02 -4.068272e-05 
2.878000e+02 -1.042783e-02 2.455856e-02 -2.191332e+00 8.744613e+03 6.019250e+03 9.413880e+02  1000  5000 -8.044360e-05     0 3.594165e-02 4.229316e+01 1.301031e+02 6.119187e-02 -4.016076e-05 
2.879000e+02 -1.042500e-02 2.495342e-02 -2.191389e+00 8.737053e+03 6.008672e+03 9.409140e+02  1000  5000 -7.826478e-05     0 3.592784e-02 4.247466e+01 1.301033e+02 6.120153e-02 -3.962373e-05 
  288 -1.042234e-02 2.534992e-02 -2.191445e+00 8.729493e+03 5.998094e+03 9.404450e+02  1000  5000 -7.586333e-05     0 3.591431e-02 4.265695e+01 1.301035e+02 6.121100e-02 -3.923809e-05 
2.881000e+02 -1.041978e-02 2.574801e-02 -2.191501e+00 8.721932e+03 5.987517e+03 9.399811e+02  1000  5000 -8.022906e-05     0 3.590105e-02 4.284003e+01 1.301037e+02 6.122027e-02 -3.904481e-05 
2.882000e+02 -1.041706e-02 2.614768e-02 -2.191556e+00 8.714370e+03 5.976940e+03 9.395222e+02  1000  5000 -8.025641e-05     0 3.588808e-02 4.302387e+01 1.301039e+02 6.122935e-02 -3.879477e-05 
2.883000e+02 -1.041426e-02 2.654888e-02 -2.191612e+00 8.706807e+03 5.966363e+03 9.390685e+02  1000  5000 -7.866985e-05     0 3.587538e-02 4.320846e+01 1.301041e+02 6.123823e-02 -3.843392e-05 
2.884000e+02 -1.041155e-02 2.695159e-02 -2.191667e+00 8.699244e+03 5.955786e+03 9.386198e+02  1000  5000 -7.649835e-05     0 3.586297e-02 4.339379e+01 1.301042e+02 6.124692e-02 -3.806559e-05 
2.885000e+02 -1.040900e-02 2.735577e-02 -2.191721e+00 8.691680e+03 5.945210e+03 9.381763e+02  1000  5000 -7.413646e-05     0 3.585084e-02 4.357985e+01 1.301043e+02 6.125541e-02 -3.783461e-05 
2.886000e+02 -1.040656e-02 2.776140e-02 -2.191775e+00 8.684115e+03 5.934634e+03 9.377379e+02  1000  5000 -7.760494e-05     0 3.583900e-02 4.376661e+01 1.301045e+02 6.126370e-02 -3.777725e-05 
2.887000e+02 -1.040402e-02 2.816844e-02 -2.191829e+00 8.676550e+03 5.924058e+03 9.373048e+02  1000  5000 -7.734485e-05     0 3.582744e-02 4.395407e+01 1.301046e+02 6.127179e-02 -3.767912e-05 
2.888000e+02 -1.040145e-02 2.857687e-02 -2.191883e+00 8.668984e+03 5.913482e+03 9.368768e+02  1000  5000 -7.570260e-05     0 3.581616e-02 4.414221e+01 1.301047e+02 6.127969e-02 -3.749291e-05 
2.889000e+02 -1.039897e-02 2.898664e-02 -2.191936e+00 8.661417e+03 5.902907e+03 9.364540e+02  1000  5000 -7.356371e-05     0 3.580517e-02 4.433102e+01 1.301048e+02 6.128738e-02 -3.730606e-05 
  289 -1.039666e-02 2.939773e-02 -2.191989e+00 8.653850e+03 5.892331e+03 9.360365e+02  1000  5000 -7.126720e-05     0 3.579447e-02 4.452048e+01 1.301049e+02 6.129487e-02 -3.724141e-05 
2.891000e+02 -1.039447e-02 2.981011e-02 -2.192041e+00 8.646282e+03 5.881757e+03 9.356242e+02  1000  5000 -7.386602e-05     0 3.578405e-02 4.471057e+01 1.301049e+02 6.130217e-02 -3.733024e-05 
2.892000e+02 -1.039223e-02 3.022375e-02 -2.192094e+00 8.638713e+03 5.871182e+03 9.352172e+02  1000  5000 -7.334420e-05     0 3.577392e-02 4.490129e+01 1.301050e+02 6.130926e-02 -3.739279e-05 
2.893000e+02 -1.038999e-02 3.063860e-02 -2.192146e+00 8.631144e+03 5.860608e+03 9.348155e+02  1000  5000 -7.167053e-05     0 3.576408e-02 4.509261e+01 1.301050e+02 6.131615e-02 -3.738858e-05 
2.894000e+02 -1.038786e-02 3.105466e-02 -2.192197e+00 8.623574e+03 5.850034e+03 9.344191e+02  1000  5000 -6.958751e-05     0 3.575453e-02 4.528453e+01 1.301050e+02 6.132284e-02 -3.738958e-05 
2.895000e+02 -1.038589e-02 3.147187e-02 -2.192249e+00 8.616003e+03 5.839460e+03 9.340281e+02  1000  5000 -6.737897e-05     0 3.574527e-02 4.547702e+01 1.301051e+02 6.132933e-02 -3.749709e-05 
2.896000e+02 -1.038405e-02 3.189021e-02 -2.192300e+00 8.608432e+03 5.828886e+03 9.336424e+02  1000  5000 -6.916963e-05     0 3.573629e-02 4.567008e+01 1.301051e+02 6.133561e-02 -3.773734e-05 
2.897000e+02 -1.038220e-02 3.230966e-02 -2.192351e+00 8.600860e+03 5.818313e+03 9.332620e+02  1000  5000 -6.842173e-05     0 3.572761e-02 4.586369e+01 1.301051e+02 6.134169e-02 -3.796363e-05 
2.898000e+02 -1.038039e-02 3.273016e-02 -2.192401e+00 8.593287e+03 5.807740e+03 9.328871e+02  1000  5000 -6.674196e-05     0 3.571922e-02 4.605784e+01 1.301051e+02 6.134757e-02 -3.814222e-05 
2.899000e+02 -1.037869e-02 3.315171e-02 -2.192452e+00 8.585714e+03 5.797167e+03 9.325175e+02  1000  5000 -6.473581e-05     0 3.571111e-02 4.625250e+01 1.301050e+02 6.135325e-02 -3.833054e-05 
  290 -1.037715e-02 3.357425e-02 -2.192502e+00 8.578140e+03 5.786595e+03 9.321534e+02  1000  5000 -6.263448e-05     0 3.570330e-02 4.644768e+01 1.301050e+02 6.135872e-02 -3.860971e-05 
2.901000e+02 -1.037575e-02 3.399777e-02 -2.192552e+00 8.570566e+03 5.776022e+03 9.317947e+02  1000  5000 -6.371102e-05     0 3.569578e-02 4.664334e+01 1.301049e+02 6.136399e-02 -3.900096e-05 
2.902000e+02 -1.037438e-02 3.442223e-02 -2.192602e+00 8.562991e+03 5.765450e+03 9.314414e+02  1000  5000 -6.278227e-05     0 3.568855e-02 4.683948e+01 1.301049e+02 6.136905e-02 -3.938783e-05 
2.903000e+02 -1.037306e-02 3.484760e-02 -2.192651e+00 8.555415e+03 5.754879e+03 9.310936e+02  1000  5000 -6.112271e-05     0 3.568162e-02 4.703608e+01 1.301048e+02 6.137391e-02 -3.974288e-05 
2.904000e+02 -1.037187e-02 3.527384e-02 -2.192700e+00 8.547839e+03 5.744307e+03 9.307513e+02  1000  5000 -5.921241e-05     0 3.567497e-02 4.723313e+01 1.301047e+02 6.137856e-02 -4.011056e-05 
2.905000e+02 -1.037083e-02 3.570093e-02 -2.192750e+00 8.540262e+03 5.733736e+03 9.304145e+02  1000  5000 -5.723446e-05     0 3.566862e-02 4.743061e+01 1.301046e+02 6.138301e-02 -4.055390e-05 
2.906000e+02 -1.036994e-02 3.612883e-02 -2.192798e+00 8.532684e+03 5.723165e+03 9.300832e+02  1000  5000 -5.772131e-05     0 3.566256e-02 4.762850e+01 1.301045e+02 6.138725e-02 -4.108944e-05 
2.907000e+02 -1.036909e-02 3.655752e-02 -2.192847e+00 8.525106e+03 5.712595e+03 9.297574e+02  1000  5000 -5.666594e-05     0 3.565680e-02 4.782681e+01 1.301044e+02 6.139128e-02 -4.162684e-05 
2.908000e+02 -1.036833e-02 3.698695e-02 -2.192896e+00 8.517528e+03 5.702024e+03 9.294371e+02  1000  5000 -5.505411e-05     0 3.565133e-02 4.802550e+01 1.301043e+02 6.139512e-02 -4.214431e-05 
2.909000e+02 -1.036770e-02 3.741710e-02 -2.192945e+00 8.509948e+03 5.691454e+03 9.291224e+02  1000  5000 -5.325700e-05     0 3.564615e-02 4.822456e+01 1.301041e+02 6.139874e-02 -4.267536e-05 
  291 -1.036722e-02 3.784794e-02 -2.192993e+00 8.502368e+03 5.680885e+03 9.288132e+02  1000  5000 -5.141605e-05     0 3.564126e-02 4.842398e+01 1.301040e+02 6.140216e-02 -4.326782e-05 
2.911000e+02 -1.036688e-02 3.827944e-02 -2.193041e+00 8.494788e+03 5.670315e+03 9.285096e+02  1000  5000 -5.146480e-05     0 3.563667e-02 4.862375e+01 1.301038e+02 6.140537e-02 -4.393396e-05 
2.912000e+02 -1.036662e-02 3.871156e-02 -2.193090e+00 8.487207e+03 5.659746e+03 9.282115e+02  1000  5000 -5.034525e-05     0 3.563237e-02 4.882385e+01 1.301036e+02 6.140838e-02 -4.460442e-05 
2.913000e+02 -1.036645e-02 3.914427e-02 -2.193138e+00 8.479625e+03 5.649177e+03 9.279191e+02  1000  5000 -4.880992e-05     0 3.562836e-02 4.902426e+01 1.301034e+02 6.141118e-02 -4.526211e-05 
2.914000e+02 -1.036642e-02 3.957754e-02 -2.193186e+00 8.472043e+03 5.638608e+03 9.276323e+02  1000  5000 -4.714209e-05     0 3.562465e-02 4.922498e+01 1.301032e+02 6.141378e-02 -4.593216e-05 
2.915000e+02 -1.036653e-02 4.001135e-02 -2.193234e+00 8.464460e+03 5.628040e+03 9.273510e+02  1000  5000 -4.544970e-05     0 3.562123e-02 4.942598e+01 1.301030e+02 6.141617e-02 -4.665067e-05 
2.916000e+02 -1.036679e-02 4.044565e-02 -2.193283e+00 8.456877e+03 5.617472e+03 9.270754e+02  1000  5000 -4.523447e-05     0 3.561811e-02 4.962725e+01 1.301028e+02 6.141835e-02 -4.742627e-05 
2.917000e+02 -1.036714e-02 4.088041e-02 -2.193331e+00 8.449293e+03 5.606904e+03 9.268054e+02  1000  5000 -4.411996e-05     0 3.561528e-02 4.982878e+01 1.301026e+02 6.142032e-02 -4.820454e-05 
2.918000e+02 -1.036759e-02 4.131562e-02 -2.193379e+00 8.441708e+03 5.596337e+03 9.265410e+02  1000  5000 -4.269087e-05     0 3.561274e-02 5.003055e+01 1.301023e+02 6.142210e-02 -4.897198e-05 
2.919000e+02 -1.036818e-02 4.175122e-02 -2.193427e+00 8.434123e+03 5.585769e+03 9.262823e+02  1000  5000 -4.116729e-05     0 3.561049e-02 5.023255e+01 1.301021e+02 6.142366e-02 -4.974823e-05 
  292 -1.036892e-02 4.218720e-02 -2.193476e+00 8.426538e+03 5.575202e+03 9.260292e+02  1000  5000 -3.963314e-05     0 3.560854e-02 5.043476e+01 1.301018e+02 6.142502e-02 -5.056167e-05 
2.921000e+02 -1.036980e-02 4.262352e-02 -2.193524e+00 8.418951e+03 5.564636e+03 9.257818e+02  1000  5000 -3.934421e-05     0 3.560688e-02 5.063717e+01 1.301015e+02 6.142617e-02 -5.141810e-05 
2.922000e+02 -1.037078e-02 4.306014e-02 -2.193573e+00 8.411365e+03 5.554070e+03 9.255401e+02  1000  5000 -3.830845e-05     0 3.560551e-02 5.083976e+01 1.301013e+02 6.142712e-02 -5.227130e-05 
2.923000e+02 -1.037186e-02 4.349705e-02 -2.193621e+00 8.403777e+03 5.543504e+03 9.253040e+02  1000  5000 -3.701544e-05     0 3.560444e-02 5.104252e+01 1.301010e+02 6.142786e-02 -5.311015e-05 
2.924000e+02 -1.037309e-02 4.393420e-02 -2.193670e+00 8.396189e+03 5.532938e+03 9.250736e+02  1000  5000 -3.564954e-05     0 3.560365e-02 5.124544e+01 1.301007e+02 6.142839e-02 -5.395198e-05 
2.925000e+02 -1.037446e-02 4.437157e-02 -2.193719e+00 8.388601e+03 5.522373e+03 9.248489e+02  1000  5000 -3.428112e-05     0 3.560316e-02 5.144849e+01 1.301003e+02 6.142873e-02 -5.482176e-05 
2.926000e+02 -1.037597e-02 4.480913e-02 -2.193768e+00 8.381012e+03 5.511808e+03 9.246298e+02  1000  5000 -3.411663e-05     0 3.560296e-02 5.165168e+01 1.301000e+02 6.142885e-02 -5.572342e-05 
2.927000e+02 -1.037757e-02 4.524683e-02 -2.193817e+00 8.373422e+03 5.501243e+03 9.244165e+02  1000  5000 -3.323443e-05     0 3.560305e-02 5.185497e+01 1.300997e+02 6.142877e-02 -5.661191e-05 
2.928000e+02 -1.037929e-02 4.568467e-02 -2.193867e+00 8.365832e+03 5.490679e+03 9.242089e+02  1000  5000 -3.210585e-05     0 3.560343e-02 5.205836e+01 1.300993e+02 6.142849e-02 -5.747719e-05 
2.929000e+02 -1.038114e-02 4.612259e-02 -2.193916e+00 8.358241e+03 5.480115e+03 9.240069e+02  1000  5000 -3.090846e-05     0 3.560410e-02 5.226183e+01 1.300990e+02 6.142800e-02 -5.833749e-05 
  293 -1.038314e-02 4.656057e-02 -2.193966e+00 8.350650e+03 5.469551e+03 9.238107e+02  1000  5000 -2.971014e-05     0 3.560506e-02 5.246537e+01 1.300986e+02 6.142731e-02 -5.921897e-05 
2.931000e+02 -1.038527e-02 4.699858e-02 -2.194016e+00 8.343058e+03 5.458988e+03 9.236202e+02  1000  5000 -2.986581e-05     0 3.560631e-02 5.266897e+01 1.300982e+02 6.142641e-02 -6.012473e-05 
2.932000e+02 -1.038748e-02 4.743660e-02 -2.194067e+00 8.335466e+03 5.448425e+03 9.234354e+02  1000  5000 -2.920863e-05     0 3.560785e-02 5.287260e+01 1.300978e+02 6.142531e-02 -6.100383e-05 
2.933000e+02 -1.038980e-02 4.787458e-02 -2.194117e+00 8.327873e+03 5.437862e+03 9.232563e+02  1000  5000 -2.826892e-05     0 3.560968e-02 5.307625e+01 1.300974e+02 6.142401e-02 -6.184596e-05 
2.934000e+02 -1.039224e-02 4.831249e-02 -2.194168e+00 8.320280e+03 5.427300e+03 9.230829e+02  1000  5000 -2.724660e-05     0 3.561179e-02 5.327992e+01 1.300970e+02 6.142251e-02 -6.267356e-05 
2.935000e+02 -1.039483e-02 4.875032e-02 -2.194220e+00 8.312685e+03 5.416738e+03 9.229152e+02  1000  5000 -2.621811e-05     0 3.561419e-02 5.348359e+01 1.300966e+02 6.142080e-02 -6.351838e-05 
2.936000e+02 -1.039755e-02 4.918802e-02 -2.194271e+00 8.305091e+03 5.406176e+03 9.227533e+02  1000  5000 -2.687545e-05     0 3.561688e-02 5.368723e+01 1.300962e+02 6.141889e-02 -6.438382e-05 
2.937000e+02 -1.040032e-02 4.962557e-02 -2.194323e+00 8.297496e+03 5.395615e+03 9.225971e+02  1000  5000 -2.650606e-05     0 3.561986e-02 5.389084e+01 1.300958e+02 6.141678e-02 -6.520643e-05 
2.938000e+02 -1.040319e-02 5.006293e-02 -2.194375e+00 8.289900e+03 5.385054e+03 9.224466e+02  1000  5000 -2.577283e-05     0 3.562312e-02 5.409441e+01 1.300953e+02 6.141447e-02 -6.597435e-05 
2.939000e+02 -1.040617e-02 5.050008e-02 -2.194428e+00 8.282304e+03 5.374494e+03 9.223018e+02  1000  5000 -2.492568e-05     0 3.562666e-02 5.429791e+01 1.300949e+02 6.141196e-02 -6.671719e-05 
  294 -1.040929e-02 5.093699e-02 -2.194481e+00 8.274707e+03 5.363934e+03 9.221627e+02  1000  5000 -2.406031e-05     0 3.563049e-02 5.450134e+01 1.300944e+02 6.140925e-02 -6.747652e-05 
2.941000e+02 -1.041252e-02 5.137361e-02 -2.194534e+00 8.267109e+03 5.353374e+03 9.220294e+02  1000  5000 -2.537402e-05     0 3.563460e-02 5.470468e+01 1.300939e+02 6.140634e-02 -6.825712e-05 
2.942000e+02 -1.041578e-02 5.180994e-02 -2.194588e+00 8.259511e+03 5.342815e+03 9.219018e+02  1000  5000 -2.534086e-05     0 3.563899e-02 5.490792e+01 1.300934e+02 6.140323e-02 -6.897716e-05 
2.943000e+02 -1.041910e-02 5.224592e-02 -2.194642e+00 8.251913e+03 5.332256e+03 9.217799e+02  1000  5000 -2.482171e-05     0 3.564367e-02 5.511104e+01 1.300929e+02 6.139992e-02 -6.962206e-05 
2.944000e+02 -1.042252e-02 5.268155e-02 -2.194696e+00 8.244313e+03 5.321698e+03 9.216637e+02  1000  5000 -2.414132e-05     0 3.564863e-02 5.531403e+01 1.300924e+02 6.139641e-02 -7.023124e-05 
2.945000e+02 -1.042607e-02 5.311677e-02 -2.194751e+00 8.236714e+03 5.311140e+03 9.215532e+02  1000  5000 -2.342413e-05     0 3.565386e-02 5.551687e+01 1.300919e+02 6.139271e-02 -7.085961e-05 
2.946000e+02 -1.042972e-02 5.355158e-02 -2.194806e+00 8.229113e+03 5.300582e+03 9.214484e+02  1000  5000 -2.550999e-05     0 3.565938e-02 5.571955e+01 1.300914e+02 6.138880e-02 -7.151442e-05 
2.947000e+02 -1.043335e-02 5.398592e-02 -2.194862e+00 8.221512e+03 5.290025e+03 9.213493e+02  1000  5000 -2.584183e-05     0 3.566517e-02 5.592206e+01 1.300909e+02 6.138471e-02 -7.209075e-05 
2.948000e+02 -1.043700e-02 5.441979e-02 -2.194918e+00 8.213911e+03 5.279468e+03 9.212560e+02  1000  5000 -2.553179e-05     0 3.567125e-02 5.612438e+01 1.300903e+02 6.138041e-02 -7.257028e-05 
2.949000e+02 -1.044073e-02 5.485314e-02 -2.194975e+00 8.206309e+03 5.268912e+03 9.211683e+02  1000  5000 -2.499965e-05     0 3.567759e-02 5.632650e+01 1.300898e+02 6.137593e-02 -7.300421e-05 
  295 -1.044458e-02 5.528594e-02 -2.195032e+00 8.198706e+03 5.258356e+03 9.210863e+02  1000  5000 -2.440642e-05     0 3.568422e-02 5.652841e+01 1.300892e+02 6.137124e-02 -7.346359e-05 
2.951000e+02 -1.044850e-02 5.571818e-02 -2.195089e+00 8.191103e+03 5.247801e+03 9.210101e+02  1000  5000 -2.733113e-05     0 3.569112e-02 5.673008e+01 1.300887e+02 6.136637e-02 -7.395905e-05 
2.952000e+02 -1.045235e-02 5.614981e-02 -2.195147e+00 8.183499e+03 5.237246e+03 9.209395e+02  1000  5000 -2.803311e-05     0 3.569829e-02 5.693152e+01 1.300881e+02 6.136130e-02 -7.435929e-05 
2.953000e+02 -1.045618e-02 5.658081e-02 -2.195205e+00 8.175895e+03 5.226691e+03 9.208746e+02  1000  5000 -2.791310e-05     0 3.570573e-02 5.713270e+01 1.300875e+02 6.135604e-02 -7.464149e-05 
2.954000e+02 -1.046006e-02 5.701115e-02 -2.195264e+00 8.168290e+03 5.216137e+03 9.208153e+02  1000  5000 -2.750016e-05     0 3.571345e-02 5.733361e+01 1.300869e+02 6.135058e-02 -7.486988e-05 
2.955000e+02 -1.046403e-02 5.744080e-02 -2.195323e+00 8.160684e+03 5.205584e+03 9.207617e+02  1000  5000 -2.699750e-05     0 3.572144e-02 5.753423e+01 1.300863e+02 6.134494e-02 -7.513332e-05 
2.956000e+02 -1.046806e-02 5.786974e-02 -2.195382e+00 8.153078e+03 5.195031e+03 9.207138e+02  1000  5000 -3.077191e-05     0 3.572970e-02 5.773456e+01 1.300857e+02 6.133911e-02 -7.544654e-05 
2.957000e+02 -1.047195e-02 5.829792e-02 -2.195442e+00 8.145471e+03 5.184478e+03 9.206715e+02  1000  5000 -3.182368e-05     0 3.573822e-02 5.793458e+01 1.300851e+02 6.133308e-02 -7.565031e-05 
2.958000e+02 -1.047576e-02 5.872534e-02 -2.195503e+00 8.137864e+03 5.173926e+03 9.206349e+02  1000  5000 -3.186071e-05     0 3.574701e-02 5.813427e+01 1.300845e+02 6.132687e-02 -7.571677e-05 
2.959000e+02 -1.047959e-02 5.915195e-02 -2.195564e+00 8.130256e+03 5.163374e+03 9.206039e+02  1000  5000 -3.152853e-05     0 3.575607e-02 5.833363e+01 1.300838e+02 6.132047e-02 -7.572354e-05 
  296 -1.048351e-02 5.957772e-02 -2.195625e+00 8.122647e+03 5.152823e+03 9.205786e+02  1000  5000 -3.107551e-05     0 3.576540e-02 5.853263e+01 1.300832e+02 6.131389e-02 -7.577785e-05 
2.961000e+02 -1.048744e-02 6.000264e-02 -2.195686e+00 8.115038e+03 5.142273e+03 9.205588e+02  1000  5000 -3.565250e-05     0 3.577499e-02 5.873127e+01 1.300825e+02 6.130712e-02 -7.589888e-05 
2.962000e+02 -1.049118e-02 6.042667e-02 -2.195748e+00 8.107428e+03 5.131723e+03 9.205447e+02  1000  5000 -3.700900e-05     0 3.578484e-02 5.892954e+01 1.300819e+02 6.130016e-02 -7.589977e-05 
2.963000e+02 -1.049478e-02 6.084978e-02 -2.195811e+00 8.099818e+03 5.121173e+03 9.205362e+02  1000  5000 -3.715824e-05     0 3.579495e-02 5.912741e+01 1.300812e+02 6.129302e-02 -7.574742e-05 
2.964000e+02 -1.049837e-02 6.127195e-02 -2.195873e+00 8.092207e+03 5.110624e+03 9.205333e+02  1000  5000 -3.686174e-05     0 3.580532e-02 5.932488e+01 1.300805e+02 6.128569e-02 -7.553227e-05 
2.965000e+02 -1.050202e-02 6.169314e-02 -2.195937e+00 8.084595e+03 5.100075e+03 9.205359e+02  1000  5000 -3.641299e-05     0 3.581595e-02 5.952193e+01 1.300799e+02 6.127819e-02 -7.537914e-05 
2.966000e+02 -1.050567e-02 6.211334e-02 -2.196000e+00 8.076983e+03 5.089527e+03 9.205441e+02  1000  5000 -4.169044e-05     0 3.582684e-02 5.971856e+01 1.300792e+02 6.127050e-02 -7.531181e-05 
2.967000e+02 -1.050905e-02 6.253251e-02 -2.196064e+00 8.069370e+03 5.078980e+03 9.205579e+02  1000  5000 -4.328535e-05     0 3.583799e-02 5.991474e+01 1.300785e+02 6.126263e-02 -7.511786e-05 
2.968000e+02 -1.051225e-02 6.295062e-02 -2.196128e+00 8.061757e+03 5.068433e+03 9.205773e+02  1000  5000 -4.349395e-05     0 3.584939e-02 6.011046e+01 1.300778e+02 6.125458e-02 -7.475908e-05 
2.969000e+02 -1.051540e-02 6.336765e-02 -2.196192e+00 8.054143e+03 5.057887e+03 9.206021e+02  1000  5000 -4.318547e-05     0 3.586104e-02 6.030572e+01 1.300771e+02 6.124636e-02 -7.433726e-05 
  297 -1.051861e-02 6.378357e-02 -2.196257e+00 8.046528e+03 5.047341e+03 9.206325e+02  1000  5000 -4.269539e-05     0 3.587295e-02 6.050049e+01 1.300763e+02 6.123795e-02 -7.399287e-05 
2.971000e+02 -1.052178e-02 6.419835e-02 -2.196322e+00 8.038912e+03 5.036796e+03 9.206684e+02  1000  5000 -4.852396e-05     0 3.588510e-02 6.069477e+01 1.300756e+02 6.122937e-02 -7.375402e-05 
2.972000e+02 -1.052463e-02 6.461198e-02 -2.196387e+00 8.031296e+03 5.026251e+03 9.207098e+02  1000  5000 -5.027543e-05     0 3.589751e-02 6.088854e+01 1.300749e+02 6.122061e-02 -7.338657e-05 
2.973000e+02 -1.052725e-02 6.502441e-02 -2.196453e+00 8.023680e+03 5.015707e+03 9.207567e+02  1000  5000 -5.048749e-05     0 3.591016e-02 6.108180e+01 1.300741e+02 6.121168e-02 -7.284766e-05 
2.974000e+02 -1.052981e-02 6.543562e-02 -2.196519e+00 8.016063e+03 5.005163e+03 9.208091e+02  1000  5000 -5.012147e-05     0 3.592306e-02 6.127452e+01 1.300734e+02 6.120258e-02 -7.224817e-05 
2.975000e+02 -1.053241e-02 6.584559e-02 -2.196585e+00 8.008445e+03 4.994620e+03 9.208669e+02  1000  5000 -4.954888e-05     0 3.593621e-02 6.146669e+01 1.300726e+02 6.119330e-02 -7.174119e-05 
2.976000e+02 -1.053495e-02 6.625429e-02 -2.196651e+00 8.000826e+03 4.984078e+03 9.209302e+02  1000  5000 -5.574356e-05     0 3.594960e-02 6.165831e+01 1.300719e+02 6.118385e-02 -7.135859e-05 
2.977000e+02 -1.053713e-02 6.666170e-02 -2.196718e+00 7.993207e+03 4.973536e+03 9.209989e+02  1000  5000 -5.756120e-05     0 3.596323e-02 6.184936e+01 1.300711e+02 6.117423e-02 -7.084984e-05 
2.978000e+02 -1.053906e-02 6.706778e-02 -2.196784e+00 7.985587e+03 4.962995e+03 9.210731e+02  1000  5000 -5.772306e-05     0 3.597710e-02 6.203983e+01 1.300703e+02 6.116444e-02 -7.016818e-05 
2.979000e+02 -1.054090e-02 6.747251e-02 -2.196851e+00 7.977967e+03 4.952454e+03 9.211526e+02  1000  5000 -5.726059e-05     0 3.599121e-02 6.222970e+01 1.300696e+02 6.115449e-02 -6.943071e-05 
  298 -1.054277e-02 6.787587e-02 -2.196918e+00 7.970346e+03 4.941914e+03 9.212375e+02  1000  5000 -5.657285e-05     0 3.600556e-02 6.241897e+01 1.300688e+02 6.114436e-02 -6.879923e-05 
2.981000e+02 -1.054458e-02 6.827783e-02 -2.196985e+00 7.962724e+03 4.931374e+03 9.213278e+02  1000  5000 -6.292678e-05     0 3.602014e-02 6.260761e+01 1.300680e+02 6.113407e-02 -6.830858e-05 
2.982000e+02 -1.054601e-02 6.867837e-02 -2.197053e+00 7.955102e+03 4.920836e+03 9.214234e+02  1000  5000 -6.471900e-05     0 3.603496e-02 6.279563e+01 1.300672e+02 6.112362e-02 -6.769829e-05 
2.983000e+02 -1.054716e-02 6.907745e-02 -2.197120e+00 7.947479e+03 4.910297e+03 9.215244e+02  1000  5000 -6.478393e-05     0 3.605001e-02 6.298300e+01 1.300664e+02 6.111300e-02 -6.691872e-05 
2.984000e+02 -1.054822e-02 6.947506e-02 -2.197188e+00 7.939856e+03 4.899760e+03 9.216307e+02  1000  5000 -6.419638e-05     0 3.606529e-02 6.316972e+01 1.300656e+02 6.110222e-02 -6.608990e-05 
2.985000e+02 -1.054931e-02 6.987117e-02 -2.197255e+00 7.932232e+03 4.889223e+03 9.217423e+02  1000  5000 -6.337250e-05     0 3.608080e-02 6.335578e+01 1.300648e+02 6.109128e-02 -6.537788e-05 
2.986000e+02 -1.055034e-02 7.026575e-02 -2.197322e+00 7.924607e+03 4.878686e+03 9.218592e+02  1000  5000 -6.967123e-05     0 3.609654e-02 6.354115e+01 1.300639e+02 6.108018e-02 -6.481945e-05 
2.987000e+02 -1.055098e-02 7.065878e-02 -2.197390e+00 7.916981e+03 4.868150e+03 9.219813e+02  1000  5000 -7.135186e-05     0 3.611250e-02 6.372583e+01 1.300631e+02 6.106892e-02 -6.415138e-05 
2.988000e+02 -1.055135e-02 7.105023e-02 -2.197458e+00 7.909355e+03 4.857615e+03 9.221087e+02  1000  5000 -7.128359e-05     0 3.612869e-02 6.390981e+01 1.300623e+02 6.105751e-02 -6.332242e-05 
2.989000e+02 -1.055162e-02 7.144009e-02 -2.197525e+00 7.901729e+03 4.847081e+03 9.222413e+02  1000  5000 -7.055474e-05     0 3.614510e-02 6.409308e+01 1.300614e+02 6.104594e-02 -6.245204e-05 
  299 -1.055194e-02 7.182832e-02 -2.197593e+00 7.894101e+03 4.836547e+03 9.223792e+02  1000  5000 -6.958683e-05     0 3.616172e-02 6.427563e+01 1.300606e+02 6.103421e-02 -6.170574e-05 
2.991000e+02 -1.055220e-02 7.221491e-02 -2.197660e+00 7.886474e+03 4.826013e+03 9.225222e+02  1000  5000 -7.562173e-05     0 3.617857e-02 6.445743e+01 1.300597e+02 6.102233e-02 -6.112122e-05 
2.992000e+02 -1.055208e-02 7.259982e-02 -2.197728e+00 7.878845e+03 4.815481e+03 9.226704e+02  1000  5000 -7.711522e-05     0 3.619564e-02 6.463849e+01 1.300589e+02 6.101030e-02 -6.043988e-05 
2.993000e+02 -1.055171e-02 7.298303e-02 -2.197795e+00 7.871216e+03 4.804949e+03 9.228238e+02  1000  5000 -7.688989e-05     0 3.621292e-02 6.481879e+01 1.300580e+02 6.099811e-02 -5.961028e-05 
2.994000e+02 -1.055126e-02 7.336453e-02 -2.197863e+00 7.863586e+03 4.794417e+03 9.229822e+02  1000  5000 -7.601647e-05     0 3.623041e-02 6.499832e+01 1.300571e+02 6.098578e-02 -5.874787e-05 
2.995000e+02 -1.055085e-02 7.374428e-02 -2.197930e+00 7.855956e+03 4.783886e+03 9.231458e+02  1000  5000 -7.490968e-05     0 3.624811e-02 6.517707e+01 1.300563e+02 6.097330e-02 -5.801283e-05 
2.996000e+02 -1.055040e-02 7.412226e-02 -2.197997e+00 7.848325e+03 4.773356e+03 9.233145e+02  1000  5000 -8.048925e-05     0 3.626602e-02 6.535502e+01 1.300554e+02 6.096067e-02 -5.744264e-05 
2.997000e+02 -1.054962e-02 7.449846e-02 -2.198064e+00 7.840693e+03 4.762827e+03 9.234883e+02  1000  5000 -8.173423e-05     0 3.628414e-02 6.553217e+01 1.300545e+02 6.094790e-02 -5.679063e-05 
2.998000e+02 -1.054860e-02 7.487284e-02 -2.198131e+00 7.833061e+03 4.752298e+03 9.236671e+02  1000  5000 -8.134072e-05     0 3.630247e-02 6.570851e+01 1.300536e+02 6.093498e-02 -5.600662e-05 
2.999000e+02 -1.054753e-02 7.524539e-02 -2.198198e+00 7.825428e+03 4.741769e+03 9.238509e+02  1000  5000 -8.033144e-05     0 3.632100e-02 6.588402e+01 1.300527e+02 6.092192e-02 -5.519877e-05 
  300 -1.054651e-02 7.561607e-02 -2.198265e+00 7.817795e+03 4.731242e+03 9.240397e+02  1000  5000 -7.910238e-05     0 3.633973e-02 6.605869e+01 1.300518e+02 6.090872e-02 -5.451746e-05 
3.001000e+02 -1.054547e-02 7.598488e-02 -2.198331e+00 7.810161e+03 4.720715e+03 9.242335e+02  1000  5000 -8.406119e-05     0 3.635866e-02 6.623252e+01 1.300509e+02 6.089537e-02 -5.399884e-05 
3.002000e+02 -1.054414e-02 7.635179e-02 -2.198397e+00 7.802526e+03 4.710188e+03 9.244323e+02  1000  5000 -8.501225e-05     0 3.637779e-02 6.640549e+01 1.300500e+02 6.088189e-02 -5.341493e-05 
3.003000e+02 -1.054261e-02 7.671676e-02 -2.198463e+00 7.794891e+03 4.699663e+03 9.246360e+02  1000  5000 -8.445130e-05     0 3.639711e-02 6.657759e+01 1.300491e+02 6.086828e-02 -5.271821e-05 
3.004000e+02 -1.054105e-02 7.707980e-02 -2.198529e+00 7.787255e+03 4.689137e+03 9.248446e+02  1000  5000 -8.332484e-05     0 3.641663e-02 6.674882e+01 1.300482e+02 6.085452e-02 -5.200669e-05 
3.005000e+02 -1.053957e-02 7.744086e-02 -2.198595e+00 7.779619e+03 4.678613e+03 9.250580e+02  1000  5000 -8.199912e-05     0 3.643634e-02 6.691915e+01 1.300473e+02 6.084064e-02 -5.141693e-05 
3.006000e+02 -1.053808e-02 7.779993e-02 -2.198661e+00 7.771982e+03 4.668089e+03 9.252764e+02  1000  5000 -8.620404e-05     0 3.645624e-02 6.708858e+01 1.300463e+02 6.082662e-02 -5.098272e-05 
3.007000e+02 -1.053636e-02 7.815699e-02 -2.198726e+00 7.764344e+03 4.657566e+03 9.254996e+02  1000  5000 -8.683225e-05     0 3.647633e-02 6.725711e+01 1.300454e+02 6.081247e-02 -5.050063e-05 
3.008000e+02 -1.053449e-02 7.851202e-02 -2.198791e+00 7.756706e+03 4.647044e+03 9.257276e+02  1000  5000 -8.611467e-05     0 3.649660e-02 6.742472e+01 1.300445e+02 6.079818e-02 -4.992713e-05 
3.009000e+02 -1.053261e-02 7.886499e-02 -2.198856e+00 7.749067e+03 4.636522e+03 9.259604e+02  1000  5000 -8.489703e-05     0 3.651705e-02 6.759139e+01 1.300435e+02 6.078378e-02 -4.934768e-05 
  301 -1.053082e-02 7.921589e-02 -2.198920e+00 7.741428e+03 4.626000e+03 9.261979e+02  1000  5000 -8.350630e-05     0 3.653769e-02 6.775713e+01 1.300426e+02 6.076924e-02 -4.888165e-05 
3.011000e+02 -1.052905e-02 7.956469e-02 -2.198985e+00 7.733788e+03 4.615480e+03 9.264402e+02  1000  5000 -8.686057e-05     0 3.655851e-02 6.792191e+01 1.300417e+02 6.075458e-02 -4.855960e-05 
3.012000e+02 -1.052711e-02 7.991137e-02 -2.199049e+00 7.726148e+03 4.604960e+03 9.266872e+02  1000  5000 -8.715303e-05     0 3.657950e-02 6.808574e+01 1.300407e+02 6.073979e-02 -4.820739e-05 
3.013000e+02 -1.052507e-02 8.025592e-02 -2.199112e+00 7.718507e+03 4.594441e+03 9.269389e+02  1000  5000 -8.629753e-05     0 3.660067e-02 6.824860e+01 1.300398e+02 6.072489e-02 -4.778654e-05 
3.014000e+02 -1.052305e-02 8.059831e-02 -2.199176e+00 7.710865e+03 4.583922e+03 9.271953e+02  1000  5000 -8.501928e-05     0 3.662201e-02 6.841048e+01 1.300388e+02 6.070986e-02 -4.736818e-05 
3.015000e+02 -1.052112e-02 8.093852e-02 -2.199239e+00 7.703223e+03 4.573404e+03 9.274562e+02  1000  5000 -8.359837e-05     0 3.664352e-02 6.857137e+01 1.300378e+02 6.069471e-02 -4.705195e-05 
3.016000e+02 -1.051925e-02 8.127654e-02 -2.199302e+00 7.695580e+03 4.562886e+03 9.277218e+02  1000  5000 -8.604383e-05     0 3.666520e-02 6.873127e+01 1.300369e+02 6.067945e-02 -4.686442e-05 
3.017000e+02 -1.051726e-02 8.161234e-02 -2.199365e+00 7.687937e+03 4.552370e+03 9.279920e+02  1000  5000 -8.600262e-05     0 3.668705e-02 6.889015e+01 1.300359e+02 6.066407e-02 -4.666409e-05 
3.018000e+02 -1.051523e-02 8.194591e-02 -2.199427e+00 7.680293e+03 4.541853e+03 9.282667e+02  1000  5000 -8.503374e-05     0 3.670906e-02 6.904802e+01 1.300350e+02 6.064857e-02 -4.641846e-05 
3.019000e+02 -1.051323e-02 8.227722e-02 -2.199490e+00 7.672649e+03 4.531338e+03 9.285459e+02  1000  5000 -8.372760e-05     0 3.673123e-02 6.920487e+01 1.300340e+02 6.063297e-02 -4.618313e-05 
  302 -1.051135e-02 8.260626e-02 -2.199552e+00 7.665004e+03 4.520823e+03 9.288296e+02  1000  5000 -8.231193e-05     0 3.675356e-02 6.936068e+01 1.300330e+02 6.061725e-02 -4.603633e-05 
3.021000e+02 -1.050953e-02 8.293300e-02 -2.199613e+00 7.657359e+03 4.510309e+03 9.291178e+02  1000  5000 -8.382984e-05     0 3.677606e-02 6.951545e+01 1.300320e+02 6.060142e-02 -4.600005e-05 
3.022000e+02 -1.050767e-02 8.325744e-02 -2.199675e+00 7.649713e+03 4.499795e+03 9.294105e+02  1000  5000 -8.347096e-05     0 3.679870e-02 6.966916e+01 1.300311e+02 6.058548e-02 -4.596741e-05 
3.023000e+02 -1.050580e-02 8.357954e-02 -2.199736e+00 7.642066e+03 4.489282e+03 9.297075e+02  1000  5000 -8.241728e-05     0 3.682150e-02 6.982181e+01 1.300301e+02 6.056944e-02 -4.591244e-05 
3.024000e+02 -1.050400e-02 8.389930e-02 -2.199797e+00 7.634419e+03 4.478770e+03 9.300089e+02  1000  5000 -8.111617e-05     0 3.684445e-02 6.997340e+01 1.300291e+02 6.055329e-02 -4.587470e-05 
3.025000e+02 -1.050231e-02 8.421669e-02 -2.199858e+00 7.626772e+03 4.468258e+03 9.303147e+02  1000  5000 -7.973995e-05     0 3.686755e-02 7.012390e+01 1.300281e+02 6.053704e-02 -4.591027e-05 
3.026000e+02 -1.050071e-02 8.453170e-02 -2.199918e+00 7.619123e+03 4.457747e+03 9.306248e+02  1000  5000 -8.035081e-05     0 3.689080e-02 7.027332e+01 1.300271e+02 6.052069e-02 -4.603618e-05 
3.027000e+02 -1.049913e-02 8.484430e-02 -2.199979e+00 7.611475e+03 4.447237e+03 9.309391e+02  1000  5000 -7.970303e-05     0 3.691419e-02 7.042164e+01 1.300261e+02 6.050423e-02 -4.618057e-05 
3.028000e+02 -1.049758e-02 8.515449e-02 -2.200039e+00 7.603826e+03 4.436727e+03 9.312578e+02  1000  5000 -7.859590e-05     0 3.693772e-02 7.056886e+01 1.300251e+02 6.048768e-02 -4.632428e-05 
3.029000e+02 -1.049612e-02 8.546224e-02 -2.200098e+00 7.596176e+03 4.426218e+03 9.315806e+02  1000  5000 -7.733171e-05     0 3.696139e-02 7.071497e+01 1.300241e+02 6.047103e-02 -4.649101e-05 
  303 -1.049478e-02 8.576754e-02 -2.200158e+00 7.588526e+03 4.415709e+03 9.319077e+02  1000  5000 -7.602670e-05     0 3.698520e-02 7.085995e+01 1.300231e+02 6.045429e-02 -4.671486e-05 
3.031000e+02 -1.049354e-02 8.607038e-02 -2.200217e+00 7.580875e+03 4.405201e+03 9.322389e+02  1000  5000 -7.578922e-05     0 3.700915e-02 7.100381e+01 1.300221e+02 6.043745e-02 -4.700774e-05 
3.032000e+02 -1.049237e-02 8.637072e-02 -2.200277e+00 7.573224e+03 4.394694e+03 9.325743e+02  1000  5000 -7.489324e-05     0 3.703322e-02 7.114653e+01 1.300211e+02 6.042052e-02 -4.733167e-05 
3.033000e+02 -1.049127e-02 8.666856e-02 -2.200336e+00 7.565572e+03 4.384187e+03 9.329138e+02  1000  5000 -7.376599e-05     0 3.705743e-02 7.128811e+01 1.300201e+02 6.040350e-02 -4.767431e-05 
3.034000e+02 -1.049028e-02 8.696389e-02 -2.200395e+00 7.557920e+03 4.373681e+03 9.332573e+02  1000  5000 -7.256889e-05     0 3.708177e-02 7.142853e+01 1.300191e+02 6.038640e-02 -4.804429e-05 
3.035000e+02 -1.048941e-02 8.725668e-02 -2.200453e+00 7.550268e+03 4.363176e+03 9.336049e+02  1000  5000 -7.136387e-05     0 3.710623e-02 7.156780e+01 1.300181e+02 6.036920e-02 -4.845486e-05 
3.036000e+02 -1.048865e-02 8.754692e-02 -2.200512e+00 7.542614e+03 4.352671e+03 9.339565e+02  1000  5000 -7.037315e-05     0 3.713082e-02 7.170589e+01 1.300171e+02 6.035192e-02 -4.891280e-05 
3.037000e+02 -1.048801e-02 8.783460e-02 -2.200570e+00 7.534961e+03 4.342167e+03 9.343121e+02  1000  5000 -6.928069e-05     0 3.715553e-02 7.184282e+01 1.300161e+02 6.033456e-02 -4.941148e-05 
3.038000e+02 -1.048748e-02 8.811969e-02 -2.200629e+00 7.527306e+03 4.331663e+03 9.346716e+02  1000  5000 -6.816825e-05     0 3.718035e-02 7.197855e+01 1.300151e+02 6.031711e-02 -4.994503e-05 
3.039000e+02 -1.048707e-02 8.840219e-02 -2.200687e+00 7.519652e+03 4.321160e+03 9.350351e+02  1000  5000 -6.706655e-05     0 3.720530e-02 7.211310e+01 1.300141e+02 6.029958e-02 -5.050847e-05 
  304 -1.048678e-02 8.868207e-02 -2.200745e+00 7.511997e+03 4.310658e+03 9.354024e+02  1000  5000 -6.598725e-05     0 3.723036e-02 7.224646e+01 1.300131e+02 6.028198e-02 -5.109617e-05 
3.041000e+02 -1.048661e-02 8.895933e-02 -2.200803e+00 7.504341e+03 4.300156e+03 9.357736e+02  1000  5000 -6.437196e-05     0 3.725553e-02 7.237861e+01 1.300121e+02 6.026430e-02 -5.171001e-05 
3.042000e+02 -1.048660e-02 8.923396e-02 -2.200861e+00 7.496685e+03 4.289655e+03 9.361486e+02  1000  5000 -6.314480e-05     0 3.728081e-02 7.250955e+01 1.300111e+02 6.024654e-02 -5.237081e-05 
3.043000e+02 -1.048673e-02 8.950592e-02 -2.200919e+00 7.489028e+03 4.279155e+03 9.365273e+02  1000  5000 -6.208344e-05     0 3.730620e-02 7.263927e+01 1.300101e+02 6.022871e-02 -5.307853e-05 
3.044000e+02 -1.048698e-02 8.977522e-02 -2.200977e+00 7.481371e+03 4.268655e+03 9.369098e+02  1000  5000 -6.110365e-05     0 3.733169e-02 7.276776e+01 1.300091e+02 6.021080e-02 -5.381665e-05 
3.045000e+02 -1.048736e-02 9.004184e-02 -2.201035e+00 7.473713e+03 4.258156e+03 9.372960e+02  1000  5000 -6.017290e-05     0 3.735729e-02 7.289502e+01 1.300080e+02 6.019283e-02 -5.456338e-05 
3.046000e+02 -1.048787e-02 9.030576e-02 -2.201093e+00 7.466055e+03 4.247657e+03 9.376859e+02  1000  5000 -5.809119e-05     0 3.738299e-02 7.302105e+01 1.300070e+02 6.017479e-02 -5.531617e-05 
3.047000e+02 -1.048857e-02 9.056697e-02 -2.201151e+00 7.458397e+03 4.237159e+03 9.380795e+02  1000  5000 -5.679982e-05     0 3.740878e-02 7.314583e+01 1.300060e+02 6.015668e-02 -5.611818e-05 
3.048000e+02 -1.048943e-02 9.082546e-02 -2.201209e+00 7.450737e+03 4.226662e+03 9.384766e+02  1000  5000 -5.582682e-05     0 3.743468e-02 7.326936e+01 1.300050e+02 6.013851e-02 -5.697438e-05 
3.049000e+02 -1.049043e-02 9.108121e-02 -2.201267e+00 7.443078e+03 4.216165e+03 9.388774e+02  1000  5000 -5.499363e-05     0 3.746066e-02 7.339163e+01 1.300040e+02 6.012027e-02 -5.785917e-05 
  305 -1.049155e-02 9.133421e-02 -2.201325e+00 7.435418e+03 4.205669e+03 9.392816e+02  1000  5000 -5.423147e-05     0 3.748674e-02 7.351264e+01 1.300030e+02 6.010197e-02 -5.873812e-05 
3.051000e+02 -1.049281e-02 9.158446e-02 -2.201384e+00 7.427757e+03 4.195174e+03 9.396894e+02  1000  5000 -5.186520e-05     0 3.751291e-02 7.363238e+01 1.300020e+02 6.008361e-02 -5.960482e-05 
3.052000e+02 -1.049428e-02 9.183193e-02 -2.201442e+00 7.420096e+03 4.184679e+03 9.401006e+02  1000  5000 -5.058670e-05     0 3.753916e-02 7.375085e+01 1.300009e+02 6.006519e-02 -6.051881e-05 
3.053000e+02 -1.049593e-02 9.207661e-02 -2.201500e+00 7.412434e+03 4.174184e+03 9.405153e+02  1000  5000 -4.973955e-05     0 3.756550e-02 7.386803e+01 1.299999e+02 6.004671e-02 -6.148895e-05 
3.054000e+02 -1.049772e-02 9.231850e-02 -2.201559e+00 7.404772e+03 4.163691e+03 9.409334e+02  1000  5000 -4.907548e-05     0 3.759192e-02 7.398392e+01 1.299989e+02 6.002818e-02 -6.248350e-05 
3.055000e+02 -1.049964e-02 9.255758e-02 -2.201618e+00 7.397110e+03 4.153198e+03 9.413548e+02  1000  5000 -4.849888e-05     0 3.761841e-02 7.409853e+01 1.299979e+02 6.000960e-02 -6.345940e-05 
3.056000e+02 -1.050169e-02 9.279384e-02 -2.201677e+00 7.389447e+03 4.142705e+03 9.417796e+02  1000  5000 -4.604592e-05     0 3.764499e-02 7.421183e+01 1.299969e+02 5.999096e-02 -6.440719e-05 
3.057000e+02 -1.050397e-02 9.302727e-02 -2.201736e+00 7.381783e+03 4.132214e+03 9.422076e+02  1000  5000 -4.486087e-05     0 3.767164e-02 7.432383e+01 1.299959e+02 5.997227e-02 -6.539607e-05 
3.058000e+02 -1.050644e-02 9.325785e-02 -2.201795e+00 7.374119e+03 4.121723e+03 9.426389e+02  1000  5000 -4.417580e-05     0 3.769837e-02 7.443452e+01 1.299949e+02 5.995354e-02 -6.643763e-05 
3.059000e+02 -1.050906e-02 9.348559e-02 -2.201855e+00 7.366454e+03 4.111232e+03 9.430735e+02  1000  5000 -4.370023e-05     0 3.772516e-02 7.454389e+01 1.299938e+02 5.993475e-02 -6.749717e-05 
  306 -1.051180e-02 9.371045e-02 -2.201915e+00 7.358789e+03 4.100742e+03 9.435112e+02  1000  5000 -4.332225e-05     0 3.775202e-02 7.465194e+01 1.299928e+02 5.991592e-02 -6.852733e-05 
3.061000e+02 -1.051468e-02 9.393245e-02 -2.201975e+00 7.351124e+03 4.090253e+03 9.439520e+02  1000  5000 -4.098659e-05     0 3.777895e-02 7.475867e+01 1.299918e+02 5.989705e-02 -6.951659e-05 
3.062000e+02 -1.051779e-02 9.415156e-02 -2.202035e+00 7.343457e+03 4.079764e+03 9.443960e+02  1000  5000 -3.997477e-05     0 3.780594e-02 7.486407e+01 1.299908e+02 5.987814e-02 -7.053684e-05 
3.063000e+02 -1.052109e-02 9.436777e-02 -2.202096e+00 7.335791e+03 4.069276e+03 9.448430e+02  1000  5000 -3.948445e-05     0 3.783300e-02 7.496813e+01 1.299898e+02 5.985919e-02 -7.160107e-05 
3.064000e+02 -1.052453e-02 9.458108e-02 -2.202157e+00 7.328124e+03 4.058789e+03 9.452931e+02  1000  5000 -3.921199e-05     0 3.786011e-02 7.507085e+01 1.299888e+02 5.984019e-02 -7.267488e-05 
3.065000e+02 -1.052810e-02 9.479148e-02 -2.202218e+00 7.320456e+03 4.048302e+03 9.457461e+02  1000  5000 -3.904027e-05     0 3.788727e-02 7.517223e+01 1.299878e+02 5.982116e-02 -7.371121e-05 
3.066000e+02 -1.053180e-02 9.499896e-02 -2.202280e+00 7.312788e+03 4.037816e+03 9.462021e+02  1000  5000 -3.702018e-05     0 3.791450e-02 7.527226e+01 1.299868e+02 5.980210e-02 -7.469756e-05 
3.067000e+02 -1.053571e-02 9.520350e-02 -2.202342e+00 7.305119e+03 4.027331e+03 9.466611e+02  1000  5000 -3.625522e-05     0 3.794177e-02 7.537093e+01 1.299858e+02 5.978300e-02 -7.570152e-05 
3.068000e+02 -1.053981e-02 9.540510e-02 -2.202405e+00 7.297450e+03 4.016846e+03 9.471229e+02  1000  5000 -3.598569e-05     0 3.796909e-02 7.546825e+01 1.299848e+02 5.976387e-02 -7.673617e-05 
3.069000e+02 -1.054406e-02 9.560376e-02 -2.202468e+00 7.289780e+03 4.006362e+03 9.475876e+02  1000  5000 -3.592390e-05     0 3.799646e-02 7.556421e+01 1.299838e+02 5.974471e-02 -7.777068e-05 
  307 -1.054841e-02 9.579945e-02 -2.202531e+00 7.282110e+03 3.995879e+03 9.480550e+02  1000  5000 -3.595868e-05     0 3.802388e-02 7.565879e+01 1.299828e+02 5.972552e-02 -7.876270e-05 
3.071000e+02 -1.055289e-02 9.599218e-02 -2.202595e+00 7.274439e+03 3.985396e+03 9.485253e+02  1000  5000 -3.443349e-05     0 3.805134e-02 7.575201e+01 1.299818e+02 5.970630e-02 -7.969989e-05 
3.072000e+02 -1.055756e-02 9.618194e-02 -2.202659e+00 7.266767e+03 3.974914e+03 9.489982e+02  1000  5000 -3.397674e-05     0 3.807883e-02 7.584385e+01 1.299808e+02 5.968706e-02 -8.063907e-05 
3.073000e+02 -1.056240e-02 9.636872e-02 -2.202723e+00 7.259095e+03 3.964432e+03 9.494739e+02  1000  5000 -3.394398e-05     0 3.810637e-02 7.593432e+01 1.299798e+02 5.966780e-02 -8.159216e-05 
3.074000e+02 -1.056736e-02 9.655250e-02 -2.202789e+00 7.251422e+03 3.953951e+03 9.499522e+02  1000  5000 -3.409093e-05     0 3.813394e-02 7.602340e+01 1.299788e+02 5.964851e-02 -8.253484e-05 
3.075000e+02 -1.057242e-02 9.673330e-02 -2.202854e+00 7.243749e+03 3.943471e+03 9.504332e+02  1000  5000 -3.432292e-05     0 3.816155e-02 7.611109e+01 1.299778e+02 5.962920e-02 -8.343353e-05 
3.076000e+02 -1.057760e-02 9.691109e-02 -2.202920e+00 7.236076e+03 3.932991e+03 9.509167e+02  1000  5000 -3.343952e-05     0 3.818918e-02 7.619740e+01 1.299768e+02 5.960987e-02 -8.427723e-05 
3.077000e+02 -1.058292e-02 9.708586e-02 -2.202987e+00 7.228401e+03 3.922512e+03 9.514027e+02  1000  5000 -3.333398e-05     0 3.821685e-02 7.628231e+01 1.299759e+02 5.959053e-02 -8.510635e-05 
3.078000e+02 -1.058839e-02 9.725763e-02 -2.203054e+00 7.220726e+03 3.912034e+03 9.518912e+02  1000  5000 -3.354068e-05     0 3.824454e-02 7.636583e+01 1.299749e+02 5.957117e-02 -8.593050e-05 
3.079000e+02 -1.059396e-02 9.742637e-02 -2.203122e+00 7.213051e+03 3.901557e+03 9.523822e+02  1000  5000 -3.388279e-05     0 3.827226e-02 7.644795e+01 1.299739e+02 5.955179e-02 -8.673434e-05 
  308 -1.059961e-02 9.759208e-02 -2.203190e+00 7.205375e+03 3.891080e+03 9.528757e+02  1000  5000 -3.429152e-05     0 3.830000e-02 7.652866e+01 1.299729e+02 5.953241e-02 -8.749653e-05 
3.081000e+02 -1.060534e-02 9.775476e-02 -2.203258e+00 7.197698e+03 3.880604e+03 9.533715e+02  1000  5000 -3.415211e-05     0 3.832776e-02 7.660797e+01 1.299719e+02 5.951301e-02 -8.820844e-05 
3.082000e+02 -1.061118e-02 9.791439e-02 -2.203327e+00 7.190021e+03 3.870128e+03 9.538696e+02  1000  5000 -3.441734e-05     0 3.835553e-02 7.668587e+01 1.299710e+02 5.949360e-02 -8.888966e-05 
3.083000e+02 -1.061712e-02 9.807099e-02 -2.203397e+00 7.182343e+03 3.859653e+03 9.543701e+02  1000  5000 -3.485054e-05     0 3.838333e-02 7.676236e+01 1.299700e+02 5.947419e-02 -8.954655e-05 
3.084000e+02 -1.062313e-02 9.822453e-02 -2.203467e+00 7.174664e+03 3.849179e+03 9.548728e+02  1000  5000 -3.536150e-05     0 3.841113e-02 7.683744e+01 1.299690e+02 5.945477e-02 -9.017457e-05 
3.085000e+02 -1.062920e-02 9.837501e-02 -2.203538e+00 7.166985e+03 3.838706e+03 9.553777e+02  1000  5000 -3.591484e-05     0 3.843895e-02 7.691110e+01 1.299681e+02 5.943534e-02 -9.076714e-05 
3.086000e+02 -1.063532e-02 9.852244e-02 -2.203610e+00 7.159305e+03 3.828233e+03 9.558848e+02  1000  5000 -3.656763e-05     0 3.846677e-02 7.698334e+01 1.299671e+02 5.941591e-02 -9.131886e-05 
3.087000e+02 -1.064149e-02 9.866679e-02 -2.203682e+00 7.151625e+03 3.817761e+03 9.563941e+02  1000  5000 -3.719657e-05     0 3.849461e-02 7.705415e+01 1.299662e+02 5.939648e-02 -9.182568e-05 
3.088000e+02 -1.064769e-02 9.880808e-02 -2.203754e+00 7.143944e+03 3.807289e+03 9.569054e+02  1000  5000 -3.782708e-05     0 3.852244e-02 7.712355e+01 1.299652e+02 5.937705e-02 -9.228993e-05 
3.089000e+02 -1.065394e-02 9.894630e-02 -2.203827e+00 7.136262e+03 3.796818e+03 9.574189e+02  1000  5000 -3.846839e-05     0 3.855028e-02 7.719152e+01 1.299642e+02 5.935762e-02 -9.271889e-05 
  309 -1.066022e-02 9.908144e-02 -2.203901e+00 7.128580e+03 3.786348e+03 9.579343e+02  1000  5000 -3.912361e-05     0 3.857812e-02 7.725806e+01 1.299633e+02 5.933820e-02 -9.312217e-05 
3.091000e+02 -1.066653e-02 9.921350e-02 -2.203975e+00 7.120897e+03 3.775879e+03 9.584517e+02  1000  5000 -4.055801e-05     0 3.860596e-02 7.732317e+01 1.299624e+02 5.931878e-02 -9.349822e-05 
3.092000e+02 -1.067280e-02 9.934247e-02 -2.204049e+00 7.113213e+03 3.765410e+03 9.589711e+02  1000  5000 -4.151653e-05     0 3.863379e-02 7.738684e+01 1.299614e+02 5.929936e-02 -9.381821e-05 
3.093000e+02 -1.067906e-02 9.946836e-02 -2.204125e+00 7.105529e+03 3.754943e+03 9.594924e+02  1000  5000 -4.230043e-05     0 3.866162e-02 7.744909e+01 1.299605e+02 5.927996e-02 -9.407998e-05 
3.094000e+02 -1.068532e-02 9.959115e-02 -2.204200e+00 7.097844e+03 3.744475e+03 9.600155e+02  1000  5000 -4.302378e-05     0 3.868944e-02 7.750990e+01 1.299595e+02 5.926056e-02 -9.430277e-05 
3.095000e+02 -1.069159e-02 9.971085e-02 -2.204276e+00 7.090158e+03 3.734009e+03 9.605405e+02  1000  5000 -4.373056e-05     0 3.871725e-02 7.756927e+01 1.299586e+02 5.924117e-02 -9.451251e-05 
3.096000e+02 -1.069784e-02 9.982746e-02 -2.204353e+00 7.082472e+03 3.723543e+03 9.610672e+02  1000  5000 -4.587771e-05     0 3.874504e-02 7.762720e+01 1.299577e+02 5.922180e-02 -9.471185e-05 
3.097000e+02 -1.070399e-02 9.994096e-02 -2.204430e+00 7.074785e+03 3.713078e+03 9.615957e+02  1000  5000 -4.710729e-05     0 3.877283e-02 7.768370e+01 1.299568e+02 5.920244e-02 -9.484787e-05 
3.098000e+02 -1.071007e-02 1.000514e-01 -2.204508e+00 7.067097e+03 3.702614e+03 9.621259e+02  1000  5000 -4.798952e-05     0 3.880059e-02 7.773875e+01 1.299558e+02 5.918309e-02 -9.491378e-05 
3.099000e+02 -1.071611e-02 1.001587e-01 -2.204587e+00 7.059408e+03 3.692150e+03 9.626578e+02  1000  5000 -4.874101e-05     0 3.882834e-02 7.779236e+01 1.299549e+02 5.916376e-02 -9.493991e-05 
  310 -1.072214e-02 1.002629e-01 -2.204665e+00 7.051719e+03 3.681687e+03 9.631912e+02  1000  5000 -4.944587e-05     0 3.885606e-02 7.784453e+01 1.299540e+02 5.914445e-02 -9.496750e-05 
3.101000e+02 -1.072811e-02 1.003640e-01 -2.204745e+00 7.044029e+03 3.671225e+03 9.637263e+02  1000  5000 -5.218469e-05     0 3.888376e-02 7.789525e+01 1.299531e+02 5.912516e-02 -9.500336e-05 
3.102000e+02 -1.073393e-02 1.004620e-01 -2.204824e+00 7.036338e+03 3.660763e+03 9.642629e+02  1000  5000 -5.360778e-05     0 3.891144e-02 7.794453e+01 1.299522e+02 5.910589e-02 -9.497293e-05 
3.103000e+02 -1.073961e-02 1.005568e-01 -2.204904e+00 7.028647e+03 3.650303e+03 9.648010e+02  1000  5000 -5.452747e-05     0 3.893909e-02 7.799236e+01 1.299513e+02 5.908664e-02 -9.486497e-05 
3.104000e+02 -1.074522e-02 1.006486e-01 -2.204985e+00 7.020955e+03 3.639843e+03 9.653405e+02  1000  5000 -5.525288e-05     0 3.896671e-02 7.803874e+01 1.299504e+02 5.906742e-02 -9.471926e-05 
3.105000e+02 -1.075080e-02 1.007373e-01 -2.205066e+00 7.013262e+03 3.629383e+03 9.658815e+02  1000  5000 -5.590457e-05     0 3.899430e-02 7.808368e+01 1.299495e+02 5.904822e-02 -9.459011e-05 
3.106000e+02 -1.075630e-02 1.008228e-01 -2.205148e+00 7.005568e+03 3.618925e+03 9.664238e+02  1000  5000 -5.907245e-05     0 3.902186e-02 7.812717e+01 1.299486e+02 5.902905e-02 -9.448812e-05 
3.107000e+02 -1.076158e-02 1.009053e-01 -2.205230e+00 6.997874e+03 3.608467e+03 9.669675e+02  1000  5000 -6.059981e-05     0 3.904938e-02 7.816922e+01 1.299477e+02 5.900991e-02 -9.432119e-05 
3.108000e+02 -1.076669e-02 1.009846e-01 -2.205312e+00 6.990178e+03 3.598010e+03 9.675125e+02  1000  5000 -6.149631e-05     0 3.907686e-02 7.820981e+01 1.299469e+02 5.899079e-02 -9.407409e-05 
3.109000e+02 -1.077170e-02 1.010609e-01 -2.205395e+00 6.982482e+03 3.587554e+03 9.680587e+02  1000  5000 -6.214670e-05     0 3.910431e-02 7.824896e+01 1.299460e+02 5.897171e-02 -9.379369e-05 
  311 -1.077667e-02 1.011340e-01 -2.205478e+00 6.974786e+03 3.577098e+03 9.686061e+02  1000  5000 -6.270148e-05     0 3.913171e-02 7.828666e+01 1.299451e+02 5.895266e-02 -9.354419e-05 
3.111000e+02 -1.078154e-02 1.012040e-01 -2.205561e+00 6.967088e+03 3.566643e+03 9.691547e+02  1000  5000 -6.610808e-05     0 3.915907e-02 7.832291e+01 1.299443e+02 5.893364e-02 -9.333933e-05 
3.112000e+02 -1.078615e-02 1.012709e-01 -2.205645e+00 6.959390e+03 3.556189e+03 9.697045e+02  1000  5000 -6.764690e-05     0 3.918639e-02 7.835772e+01 1.299434e+02 5.891466e-02 -9.307482e-05 
3.113000e+02 -1.079056e-02 1.013347e-01 -2.205729e+00 6.951691e+03 3.545736e+03 9.702553e+02  1000  5000 -6.846566e-05     0 3.921366e-02 7.839108e+01 1.299425e+02 5.889571e-02 -9.273225e-05 
3.114000e+02 -1.079486e-02 1.013954e-01 -2.205813e+00 6.943991e+03 3.535283e+03 9.708072e+02  1000  5000 -6.900219e-05     0 3.924088e-02 7.842299e+01 1.299417e+02 5.887681e-02 -9.236268e-05 
3.115000e+02 -1.079911e-02 1.014530e-01 -2.205898e+00 6.936290e+03 3.524832e+03 9.713601e+02  1000  5000 -6.942820e-05     0 3.926805e-02 7.845345e+01 1.299409e+02 5.885794e-02 -9.203631e-05 
3.116000e+02 -1.080325e-02 1.015075e-01 -2.205983e+00 6.928589e+03 3.514380e+03 9.719140e+02  1000  5000 -7.287047e-05     0 3.929516e-02 7.848247e+01 1.299400e+02 5.883911e-02 -9.176915e-05 
3.117000e+02 -1.080713e-02 1.015589e-01 -2.206068e+00 6.920886e+03 3.503930e+03 9.724688e+02  1000  5000 -7.433207e-05     0 3.932223e-02 7.851004e+01 1.299392e+02 5.882032e-02 -9.145101e-05 
3.118000e+02 -1.081078e-02 1.016072e-01 -2.206154e+00 6.913183e+03 3.493480e+03 9.730244e+02  1000  5000 -7.502936e-05     0 3.934923e-02 7.853617e+01 1.299383e+02 5.880158e-02 -9.106132e-05 
3.119000e+02 -1.081432e-02 1.016524e-01 -2.206240e+00 6.905479e+03 3.483032e+03 9.735810e+02  1000  5000 -7.542677e-05     0 3.937618e-02 7.856085e+01 1.299375e+02 5.878288e-02 -9.065218e-05 
  312 -1.081781e-02 1.016945e-01 -2.206326e+00 6.897775e+03 3.472583e+03 9.741383e+02  1000  5000 -7.570679e-05     0 3.940307e-02 7.858409e+01 1.299367e+02 5.876422e-02 -9.029544e-05 
3.121000e+02 -1.082121e-02 1.017335e-01 -2.206412e+00 6.890069e+03 3.462136e+03 9.746964e+02  1000  5000 -7.898345e-05     0 3.942989e-02 7.860589e+01 1.299359e+02 5.874562e-02 -9.000841e-05 
3.122000e+02 -1.082433e-02 1.017695e-01 -2.206498e+00 6.882363e+03 3.451689e+03 9.752552e+02  1000  5000 -8.028964e-05     0 3.945666e-02 7.862625e+01 1.299351e+02 5.872706e-02 -8.968173e-05 
3.123000e+02 -1.082724e-02 1.018023e-01 -2.206585e+00 6.874656e+03 3.441244e+03 9.758147e+02  1000  5000 -8.083562e-05     0 3.948335e-02 7.864517e+01 1.299343e+02 5.870855e-02 -8.929392e-05 
3.124000e+02 -1.083005e-02 1.018321e-01 -2.206672e+00 6.866948e+03 3.430799e+03 9.763748e+02  1000  5000 -8.108383e-05     0 3.950998e-02 7.866265e+01 1.299335e+02 5.869009e-02 -8.889486e-05 
3.125000e+02 -1.083281e-02 1.018588e-01 -2.206759e+00 6.859239e+03 3.420354e+03 9.769356e+02  1000  5000 -8.121624e-05     0 3.953654e-02 7.867870e+01 1.299327e+02 5.867169e-02 -8.855361e-05 
3.126000e+02 -1.083549e-02 1.018825e-01 -2.206846e+00 6.851529e+03 3.409911e+03 9.774969e+02  1000  5000 -8.414022e-05     0 3.956303e-02 7.869331e+01 1.299319e+02 5.865333e-02 -8.828771e-05 
3.127000e+02 -1.083793e-02 1.019030e-01 -2.206933e+00 6.843818e+03 3.399468e+03 9.780587e+02  1000  5000 -8.522782e-05     0 3.958944e-02 7.870649e+01 1.299311e+02 5.863503e-02 -8.799543e-05 
3.128000e+02 -1.084017e-02 1.019206e-01 -2.207021e+00 6.836107e+03 3.389026e+03 9.786211e+02  1000  5000 -8.560783e-05     0 3.961578e-02 7.871824e+01 1.299303e+02 5.861679e-02 -8.765574e-05 
3.129000e+02 -1.084233e-02 1.019350e-01 -2.207108e+00 6.828395e+03 3.378584e+03 9.791838e+02  1000  5000 -8.571181e-05     0 3.964205e-02 7.872856e+01 1.299296e+02 5.859861e-02 -8.731318e-05 
  313 -1.084446e-02 1.019464e-01 -2.207196e+00 6.820682e+03 3.368144e+03 9.797470e+02  1000  5000 -8.570976e-05     0 3.966824e-02 7.873745e+01 1.299288e+02 5.858048e-02 -8.702967e-05 
3.131000e+02 -1.084653e-02 1.019548e-01 -2.207284e+00 6.812968e+03 3.357704e+03 9.803105e+02  1000  5000 -8.811801e-05     0 3.969434e-02 7.874492e+01 1.299280e+02 5.856241e-02 -8.682195e-05 
3.132000e+02 -1.084839e-02 1.019601e-01 -2.207372e+00 6.805253e+03 3.347265e+03 9.808743e+02  1000  5000 -8.894134e-05     0 3.972037e-02 7.875096e+01 1.299273e+02 5.854440e-02 -8.660240e-05 
3.133000e+02 -1.085011e-02 1.019624e-01 -2.207460e+00 6.797537e+03 3.336826e+03 9.814384e+02  1000  5000 -8.915551e-05     0 3.974631e-02 7.875558e+01 1.299265e+02 5.852646e-02 -8.635177e-05 
3.134000e+02 -1.085176e-02 1.019616e-01 -2.207548e+00 6.789821e+03 3.326389e+03 9.820028e+02  1000  5000 -8.913371e-05     0 3.977216e-02 7.875879e+01 1.299258e+02 5.850857e-02 -8.610643e-05 
3.135000e+02 -1.085340e-02 1.019578e-01 -2.207636e+00 6.782103e+03 3.315952e+03 9.825673e+02  1000  5000 -8.902305e-05     0 3.979793e-02 7.876057e+01 1.299251e+02 5.849075e-02 -8.591724e-05 
3.136000e+02 -1.085500e-02 1.019510e-01 -2.207724e+00 6.774385e+03 3.305515e+03 9.831320e+02  1000  5000 -9.078324e-05     0 3.982362e-02 7.876095e+01 1.299243e+02 5.847300e-02 -8.579911e-05 
3.137000e+02 -1.085646e-02 1.019412e-01 -2.207812e+00 6.766666e+03 3.295080e+03 9.836969e+02  1000  5000 -9.131494e-05     0 3.984921e-02 7.875991e+01 1.299236e+02 5.845531e-02 -8.568437e-05 
3.138000e+02 -1.085781e-02 1.019284e-01 -2.207901e+00 6.758946e+03 3.284645e+03 9.842618e+02  1000  5000 -9.137661e-05     0 3.987471e-02 7.875747e+01 1.299229e+02 5.843769e-02 -8.555679e-05 
3.139000e+02 -1.085913e-02 1.019126e-01 -2.207989e+00 6.751225e+03 3.274211e+03 9.848267e+02  1000  5000 -9.125844e-05     0 3.990011e-02 7.875362e+01 1.299222e+02 5.842014e-02 -8.544218e-05 
  314 -1.086046e-02 1.018937e-01 -2.208078e+00 6.743503e+03 3.263778e+03 9.853917e+02  1000  5000 -9.107487e-05     0 3.992543e-02 7.874837e+01 1.299215e+02 5.840266e-02 -8.537694e-05 
3.141000e+02 -1.086178e-02 1.018719e-01 -2.208166e+00 6.735780e+03 3.253346e+03 9.859566e+02  1000  5000 -9.208935e-05     0 3.995064e-02 7.874172e+01 1.299208e+02 5.838524e-02 -8.537322e-05 
3.142000e+02 -1.086302e-02 1.018472e-01 -2.208255e+00 6.728057e+03 3.242914e+03 9.865214e+02  1000  5000 -9.231978e-05     0 3.997576e-02 7.873367e+01 1.299201e+02 5.836790e-02 -8.538818e-05 
3.143000e+02 -1.086422e-02 1.018194e-01 -2.208344e+00 6.720332e+03 3.232483e+03 9.870861e+02  1000  5000 -9.225326e-05     0 4.000077e-02 7.872423e+01 1.299194e+02 5.835064e-02 -8.540982e-05 
3.144000e+02 -1.086541e-02 1.017887e-01 -2.208432e+00 6.712607e+03 3.222053e+03 9.876507e+02  1000  5000 -9.207619e-05     0 4.002569e-02 7.871340e+01 1.299187e+02 5.833344e-02 -8.545139e-05 
3.145000e+02 -1.086663e-02 1.017550e-01 -2.208521e+00 6.704881e+03 3.211623e+03 9.882150e+02  1000  5000 -9.186210e-05     0 4.005050e-02 7.870119e+01 1.299180e+02 5.831633e-02 -8.553209e-05 
3.146000e+02 -1.086787e-02 1.017184e-01 -2.208610e+00 6.697154e+03 3.201194e+03 9.887791e+02  1000  5000 -9.206938e-05     0 4.007521e-02 7.868759e+01 1.299174e+02 5.829928e-02 -8.566059e-05 
3.147000e+02 -1.086911e-02 1.016788e-01 -2.208699e+00 6.689426e+03 3.190766e+03 9.893430e+02  1000  5000 -9.200522e-05     0 4.009981e-02 7.867261e+01 1.299167e+02 5.828232e-02 -8.582267e-05 
3.148000e+02 -1.087037e-02 1.016363e-01 -2.208787e+00 6.681697e+03 3.180339e+03 9.899065e+02  1000  5000 -9.184326e-05     0 4.012431e-02 7.865626e+01 1.299161e+02 5.826543e-02 -8.601146e-05 
3.149000e+02 -1.087165e-02 1.015909e-01 -2.208876e+00 6.673967e+03 3.169912e+03 9.904697e+02  1000  5000 -9.164997e-05     0 4.014870e-02 7.863853e+01 1.299154e+02 5.824863e-02 -8.622629e-05 
  315 -1.087297e-02 1.015426e-01 -2.208965e+00 6.666236e+03 3.159487e+03 9.910324e+02  1000  5000 -9.145153e-05     0 4.017297e-02 7.861944e+01 1.299148e+02 5.823190e-02 -8.646713e-05 
3.151000e+02 -1.087434e-02 1.014913e-01 -2.209054e+00 6.658505e+03 3.149061e+03 9.915948e+02  1000  5000 -9.082579e-05     0 4.019714e-02 7.859898e+01 1.299141e+02 5.821525e-02 -8.673859e-05 
3.152000e+02 -1.087579e-02 1.014372e-01 -2.209144e+00 6.650772e+03 3.138637e+03 9.921566e+02  1000  5000 -9.048805e-05     0 4.022119e-02 7.857716e+01 1.299135e+02 5.819869e-02 -8.705766e-05 
3.153000e+02 -1.087732e-02 1.013802e-01 -2.209233e+00 6.643039e+03 3.128213e+03 9.927180e+02  1000  5000 -9.026941e-05     0 4.024512e-02 7.855399e+01 1.299129e+02 5.818221e-02 -8.742332e-05 
3.154000e+02 -1.087891e-02 1.013203e-01 -2.209322e+00 6.635304e+03 3.117790e+03 9.932788e+02  1000  5000 -9.010519e-05     0 4.026894e-02 7.852947e+01 1.299123e+02 5.816581e-02 -8.782015e-05 
3.155000e+02 -1.088054e-02 1.012575e-01 -2.209411e+00 6.627569e+03 3.107368e+03 9.938390e+02  1000  5000 -8.996983e-05     0 4.029265e-02 7.850359e+01 1.299117e+02 5.814950e-02 -8.822764e-05 
3.156000e+02 -1.088225e-02 1.011919e-01 -2.209501e+00 6.619833e+03 3.096947e+03 9.943986e+02  1000  5000 -8.851883e-05     0 4.031623e-02 7.847638e+01 1.299111e+02 5.813327e-02 -8.864586e-05 
3.157000e+02 -1.088413e-02 1.011234e-01 -2.209590e+00 6.612096e+03 3.086526e+03 9.949576e+02  1000  5000 -8.794068e-05     0 4.033969e-02 7.844782e+01 1.299105e+02 5.811713e-02 -8.912448e-05 
3.158000e+02 -1.088614e-02 1.010521e-01 -2.209680e+00 6.604358e+03 3.076106e+03 9.955158e+02  1000  5000 -8.770793e-05     0 4.036304e-02 7.841794e+01 1.299099e+02 5.810108e-02 -8.966878e-05 
3.159000e+02 -1.088823e-02 1.009779e-01 -2.209770e+00 6.596619e+03 3.065686e+03 9.960733e+02  1000  5000 -8.761863e-05     0 4.038625e-02 7.838672e+01 1.299093e+02 5.808512e-02 -9.024824e-05 
  316 -1.089038e-02 1.009010e-01 -2.209859e+00 6.588879e+03 3.055268e+03 9.966300e+02  1000  5000 -8.759297e-05     0 4.040935e-02 7.835417e+01 1.299087e+02 5.806925e-02 -9.082141e-05 
3.161000e+02 -1.089264e-02 1.008212e-01 -2.209949e+00 6.581139e+03 3.044850e+03 9.971859e+02  1000  5000 -8.535470e-05     0 4.043232e-02 7.832031e+01 1.299081e+02 5.805346e-02 -9.138357e-05 
3.162000e+02 -1.089513e-02 1.007387e-01 -2.210040e+00 6.573397e+03 3.034432e+03 9.977410e+02  1000  5000 -8.457905e-05     0 4.045516e-02 7.828513e+01 1.299076e+02 5.803777e-02 -9.201731e-05 
3.163000e+02 -1.089781e-02 1.006533e-01 -2.210130e+00 6.565654e+03 3.024016e+03 9.982952e+02  1000  5000 -8.437669e-05     0 4.047787e-02 7.824865e+01 1.299070e+02 5.802217e-02 -9.273445e-05 
3.164000e+02 -1.090061e-02 1.005652e-01 -2.210220e+00 6.557911e+03 3.013600e+03 9.988484e+02  1000  5000 -8.440700e-05     0 4.050046e-02 7.821085e+01 1.299065e+02 5.800667e-02 -9.348956e-05 
3.165000e+02 -1.090346e-02 1.004743e-01 -2.210311e+00 6.550166e+03 3.003185e+03 9.994007e+02  1000  5000 -8.453534e-05     0 4.052291e-02 7.817176e+01 1.299059e+02 5.799125e-02 -9.422042e-05 
3.166000e+02 -1.090644e-02 1.003807e-01 -2.210402e+00 6.542421e+03 2.992771e+03 9.999520e+02  1000  5000 -8.157336e-05     0 4.054523e-02 7.813137e+01 1.299054e+02 5.797594e-02 -9.491743e-05 
3.167000e+02 -1.090973e-02 1.002843e-01 -2.210492e+00 6.534674e+03 2.982357e+03 1.000502e+03  1000  5000 -8.065040e-05     0 4.056742e-02 7.808969e+01 1.299049e+02 5.796071e-02 -9.569536e-05 
3.168000e+02 -1.091326e-02 1.001852e-01 -2.210584e+00 6.526927e+03 2.971944e+03 1.001051e+03  1000  5000 -8.052313e-05     0 4.058948e-02 7.804673e+01 1.299044e+02 5.794559e-02 -9.657259e-05 
3.169000e+02 -1.091693e-02 1.000834e-01 -2.210675e+00 6.519179e+03 2.961532e+03 1.001599e+03  1000  5000 -8.071525e-05     0 4.061140e-02 7.800249e+01 1.299039e+02 5.793056e-02 -9.748938e-05 
  317 -1.092066e-02 9.997887e-02 -2.210767e+00 6.511430e+03 2.951120e+03 1.002146e+03  1000  5000 -8.103834e-05     0 4.063318e-02 7.795698e+01 1.299034e+02 5.791563e-02 -9.836352e-05 
3.171000e+02 -1.092452e-02 9.987166e-02 -2.210858e+00 6.503680e+03 2.940709e+03 1.002692e+03  1000  5000 -7.743613e-05     0 4.065482e-02 7.791019e+01 1.299029e+02 5.790079e-02 -9.918063e-05 
3.172000e+02 -1.092876e-02 9.976178e-02 -2.210951e+00 6.495928e+03 2.930299e+03 1.003237e+03  1000  5000 -7.642051e-05     0 4.067633e-02 7.786215e+01 1.299024e+02 5.788606e-02 -1.000860e-04 
3.173000e+02 -1.093329e-02 9.964924e-02 -2.211043e+00 6.488176e+03 2.919890e+03 1.003780e+03  1000  5000 -7.641167e-05     0 4.069769e-02 7.781285e+01 1.299019e+02 5.787142e-02 -1.011045e-04 
3.174000e+02 -1.093797e-02 9.953404e-02 -2.211136e+00 6.480423e+03 2.909481e+03 1.004322e+03  1000  5000 -7.680414e-05     0 4.071892e-02 7.776230e+01 1.299014e+02 5.785689e-02 -1.021630e-04 
3.175000e+02 -1.094271e-02 9.941620e-02 -2.211229e+00 6.472669e+03 2.899073e+03 1.004862e+03  1000  5000 -7.735819e-05     0 4.074000e-02 7.771050e+01 1.299009e+02 5.784246e-02 -1.031605e-04 
3.176000e+02 -1.094759e-02 9.929574e-02 -2.211322e+00 6.464914e+03 2.888666e+03 1.005402e+03  1000  5000 -7.321233e-05     0 4.076094e-02 7.765747e+01 1.299005e+02 5.782813e-02 -1.040781e-04 
3.177000e+02 -1.095291e-02 9.917267e-02 -2.211416e+00 6.457158e+03 2.878259e+03 1.005940e+03  1000  5000 -7.216017e-05     0 4.078174e-02 7.760320e+01 1.299000e+02 5.781390e-02 -1.050894e-04 
3.178000e+02 -1.095857e-02 9.904700e-02 -2.211510e+00 6.449401e+03 2.867854e+03 1.006476e+03  1000  5000 -7.231008e-05     0 4.080239e-02 7.754771e+01 1.298996e+02 5.779978e-02 -1.062254e-04 
3.179000e+02 -1.096439e-02 9.891875e-02 -2.211604e+00 6.441643e+03 2.857448e+03 1.007011e+03  1000  5000 -7.293670e-05     0 4.082289e-02 7.749100e+01 1.298992e+02 5.778576e-02 -1.074008e-04 
  318 -1.097025e-02 9.878793e-02 -2.211699e+00 6.433884e+03 2.847044e+03 1.007544e+03  1000  5000 -7.375248e-05     0 4.084324e-02 7.743307e+01 1.298987e+02 5.777185e-02 -1.084974e-04 
3.181000e+02 -1.097626e-02 9.865455e-02 -2.211794e+00 6.426124e+03 2.836640e+03 1.008076e+03  1000  5000 -6.916485e-05     0 4.086345e-02 7.737394e+01 1.298983e+02 5.775804e-02 -1.094923e-04 
3.182000e+02 -1.098276e-02 9.851863e-02 -2.211889e+00 6.418363e+03 2.826238e+03 1.008607e+03  1000  5000 -6.813038e-05     0 4.088351e-02 7.731360e+01 1.298979e+02 5.774433e-02 -1.105847e-04 
3.183000e+02 -1.098963e-02 9.838018e-02 -2.211985e+00 6.410601e+03 2.815835e+03 1.009135e+03  1000  5000 -6.847468e-05     0 4.090342e-02 7.725207e+01 1.298975e+02 5.773074e-02 -1.118112e-04 
3.184000e+02 -1.099668e-02 9.823922e-02 -2.212082e+00 6.402838e+03 2.805434e+03 1.009663e+03  1000  5000 -6.936345e-05     0 4.092317e-02 7.718936e+01 1.298971e+02 5.771725e-02 -1.130756e-04 
3.185000e+02 -1.100375e-02 9.809576e-02 -2.212178e+00 6.395074e+03 2.795033e+03 1.010188e+03  1000  5000 -7.046542e-05     0 4.094278e-02 7.712546e+01 1.298967e+02 5.770387e-02 -1.142446e-04 
3.186000e+02 -1.101096e-02 9.794981e-02 -2.212276e+00 6.387309e+03 2.784633e+03 1.010712e+03  1000  5000 -6.553474e-05     0 4.096223e-02 7.706039e+01 1.298963e+02 5.769059e-02 -1.152913e-04 
3.187000e+02 -1.101872e-02 9.780140e-02 -2.212374e+00 6.379543e+03 2.774234e+03 1.011234e+03  1000  5000 -6.456670e-05     0 4.098153e-02 7.699414e+01 1.298959e+02 5.767743e-02 -1.164382e-04 
3.188000e+02 -1.102687e-02 9.765053e-02 -2.212472e+00 6.371776e+03 2.763835e+03 1.011754e+03  1000  5000 -6.513466e-05     0 4.100067e-02 7.692674e+01 1.298955e+02 5.766438e-02 -1.177269e-04 
3.189000e+02 -1.103519e-02 9.749723e-02 -2.212571e+00 6.364008e+03 2.753437e+03 1.012272e+03  1000  5000 -6.630677e-05     0 4.101966e-02 7.685819e+01 1.298952e+02 5.765143e-02 -1.190517e-04 
  319 -1.104352e-02 9.734150e-02 -2.212670e+00 6.356238e+03 2.743040e+03 1.012789e+03  1000  5000 -6.771237e-05     0 4.103849e-02 7.678848e+01 1.298948e+02 5.763860e-02 -1.202657e-04 
3.191000e+02 -1.105199e-02 9.718336e-02 -2.212770e+00 6.348468e+03 2.732644e+03 1.013304e+03  1000  5000 -6.252534e-05     0 4.105716e-02 7.671764e+01 1.298945e+02 5.762588e-02 -1.213388e-04 
3.192000e+02 -1.106103e-02 9.702284e-02 -2.212871e+00 6.340697e+03 2.722248e+03 1.013817e+03  1000  5000 -6.166346e-05     0 4.107568e-02 7.664566e+01 1.298941e+02 5.761327e-02 -1.225140e-04 
3.193000e+02 -1.107050e-02 9.685993e-02 -2.212971e+00 6.332924e+03 2.711854e+03 1.014327e+03  1000  5000 -6.247641e-05     0 4.109403e-02 7.657256e+01 1.298938e+02 5.760077e-02 -1.238376e-04 
3.194000e+02 -1.108012e-02 9.669467e-02 -2.213073e+00 6.325151e+03 2.701460e+03 1.014836e+03  1000  5000 -6.394551e-05     0 4.111223e-02 7.649834e+01 1.298935e+02 5.758838e-02 -1.251956e-04 
3.195000e+02 -1.108973e-02 9.652706e-02 -2.213175e+00 6.317376e+03 2.691066e+03 1.015343e+03  1000  5000 -6.566471e-05     0 4.113027e-02 7.642301e+01 1.298932e+02 5.757611e-02 -1.264290e-04 
3.196000e+02 -1.109946e-02 9.635713e-02 -2.213278e+00 6.309600e+03 2.680674e+03 1.015848e+03  1000  5000 -6.028741e-05     0 4.114814e-02 7.634657e+01 1.298928e+02 5.756395e-02 -1.275050e-04 
3.197000e+02 -1.110980e-02 9.618488e-02 -2.213382e+00 6.301824e+03 2.670282e+03 1.016351e+03  1000  5000 -5.955919e-05     0 4.116586e-02 7.626904e+01 1.298925e+02 5.755191e-02 -1.286851e-04 
3.198000e+02 -1.112057e-02 9.601034e-02 -2.213486e+00 6.294046e+03 2.659891e+03 1.016852e+03  1000  5000 -6.062941e-05     0 4.118341e-02 7.619042e+01 1.298922e+02 5.753998e-02 -1.300200e-04 
3.199000e+02 -1.113149e-02 9.583352e-02 -2.213590e+00 6.286267e+03 2.649501e+03 1.017350e+03  1000  5000 -6.240129e-05     0 4.120079e-02 7.611072e+01 1.298920e+02 5.752816e-02 -1.313879e-04 
  320 -1.114237e-02 9.565443e-02 -2.213696e+00 6.278487e+03 2.639111e+03 1.017847e+03  1000  5000 -6.443664e-05     0 4.121802e-02 7.602995e+01 1.298917e+02 5.751646e-02 -1.326193e-04 
3.201000e+02 -1.115335e-02 9.547310e-02 -2.213802e+00 6.270705e+03 2.628722e+03 1.018341e+03  1000  5000 -5.890701e-05     0 4.123507e-02 7.594810e+01 1.298914e+02 5.750488e-02 -1.336789e-04 
3.202000e+02 -1.116496e-02 9.528955e-02 -2.213909e+00 6.262923e+03 2.618334e+03 1.018833e+03  1000  5000 -5.832523e-05     0 4.125197e-02 7.586520e+01 1.298911e+02 5.749341e-02 -1.348455e-04 
3.203000e+02 -1.117702e-02 9.510378e-02 -2.214016e+00 6.255139e+03 2.607947e+03 1.019323e+03  1000  5000 -5.965552e-05     0 4.126870e-02 7.578125e+01 1.298909e+02 5.748206e-02 -1.361738e-04 
3.204000e+02 -1.118920e-02 9.491582e-02 -2.214124e+00 6.247355e+03 2.597561e+03 1.019810e+03  1000  5000 -6.172852e-05     0 4.128526e-02 7.569626e+01 1.298906e+02 5.747082e-02 -1.375350e-04 
3.205000e+02 -1.120131e-02 9.472569e-02 -2.214233e+00 6.239569e+03 2.587175e+03 1.020295e+03  1000  5000 -6.407593e-05     0 4.130165e-02 7.561024e+01 1.298904e+02 5.745971e-02 -1.387492e-04 
3.206000e+02 -1.121349e-02 9.453339e-02 -2.214343e+00 6.231782e+03 2.576790e+03 1.020778e+03  1000  5000 -5.839782e-05     0 4.131788e-02 7.552318e+01 1.298902e+02 5.744871e-02 -1.397792e-04 
3.207000e+02 -1.122633e-02 9.433895e-02 -2.214454e+00 6.223994e+03 2.566406e+03 1.021258e+03  1000  5000 -5.795925e-05     0 4.133393e-02 7.543511e+01 1.298899e+02 5.743783e-02 -1.409210e-04 
3.208000e+02 -1.123962e-02 9.414239e-02 -2.214565e+00 6.216204e+03 2.556023e+03 1.021737e+03  1000  5000 -5.954341e-05     0 4.134982e-02 7.534603e+01 1.298897e+02 5.742706e-02 -1.422328e-04 
3.209000e+02 -1.125303e-02 9.394372e-02 -2.214676e+00 6.208414e+03 2.545641e+03 1.022212e+03  1000  5000 -6.190974e-05     0 4.136554e-02 7.525594e+01 1.298895e+02 5.741642e-02 -1.435788e-04 
  321 -1.126631e-02 9.374297e-02 -2.214789e+00 6.200622e+03 2.535259e+03 1.022685e+03  1000  5000 -6.456017e-05     0 4.138109e-02 7.516486e+01 1.298893e+02 5.740589e-02 -1.447687e-04 
3.211000e+02 -1.127964e-02 9.354014e-02 -2.214903e+00 6.192829e+03 2.524879e+03 1.023156e+03  1000  5000 -5.869973e-05     0 4.139647e-02 7.507280e+01 1.298891e+02 5.739549e-02 -1.457636e-04 
3.212000e+02 -1.129366e-02 9.333526e-02 -2.215017e+00 6.185035e+03 2.514499e+03 1.023624e+03  1000  5000 -5.838516e-05     0 4.141168e-02 7.497976e+01 1.298889e+02 5.738520e-02 -1.468772e-04 
3.213000e+02 -1.130813e-02 9.312835e-02 -2.215132e+00 6.177239e+03 2.504120e+03 1.024090e+03  1000  5000 -6.020960e-05     0 4.142671e-02 7.488575e+01 1.298887e+02 5.737504e-02 -1.481720e-04 
3.214000e+02 -1.132270e-02 9.291943e-02 -2.215248e+00 6.169443e+03 2.493741e+03 1.024553e+03  1000  5000 -6.285757e-05     0 4.144158e-02 7.479078e+01 1.298886e+02 5.736499e-02 -1.495038e-04 
3.215000e+02 -1.133709e-02 9.270850e-02 -2.215364e+00 6.161645e+03 2.483364e+03 1.025013e+03  1000  5000 -6.579957e-05     0 4.145627e-02 7.469485e+01 1.298884e+02 5.735507e-02 -1.506713e-04 
3.216000e+02 -1.135152e-02 9.249560e-02 -2.215482e+00 6.153845e+03 2.472987e+03 1.025471e+03  1000  5000 -5.968409e-05     0 4.147079e-02 7.459798e+01 1.298882e+02 5.734526e-02 -1.516336e-04 
3.217000e+02 -1.136666e-02 9.228074e-02 -2.215600e+00 6.146045e+03 2.462612e+03 1.025926e+03  1000  5000 -5.945982e-05     0 4.148513e-02 7.450018e+01 1.298881e+02 5.733558e-02 -1.527249e-04 
3.218000e+02 -1.138227e-02 9.206394e-02 -2.215719e+00 6.138243e+03 2.452237e+03 1.026379e+03  1000  5000 -6.150613e-05     0 4.149930e-02 7.440145e+01 1.298879e+02 5.732602e-02 -1.540115e-04 
3.219000e+02 -1.139795e-02 9.184521e-02 -2.215839e+00 6.130440e+03 2.441863e+03 1.026829e+03  1000  5000 -6.442324e-05     0 4.151330e-02 7.430180e+01 1.298878e+02 5.731658e-02 -1.553401e-04 
  322 -1.141342e-02 9.162458e-02 -2.215960e+00 6.122636e+03 2.431490e+03 1.027276e+03  1000  5000 -6.764626e-05     0 4.152712e-02 7.420125e+01 1.298877e+02 5.730726e-02 -1.564962e-04 
3.221000e+02 -1.142889e-02 9.140207e-02 -2.216082e+00 6.114830e+03 2.421117e+03 1.027720e+03  1000  5000 -6.116543e-05     0 4.154077e-02 7.409979e+01 1.298875e+02 5.729806e-02 -1.574367e-04 
3.222000e+02 -1.144512e-02 9.117769e-02 -2.216204e+00 6.107024e+03 2.410746e+03 1.028162e+03  1000  5000 -6.098597e-05     0 4.155424e-02 7.399744e+01 1.298874e+02 5.728898e-02 -1.585199e-04 
3.223000e+02 -1.146185e-02 9.095147e-02 -2.216328e+00 6.099215e+03 2.400376e+03 1.028600e+03  1000  5000 -6.323429e-05     0 4.156754e-02 7.389421e+01 1.298873e+02 5.728003e-02 -1.598166e-04 
3.224000e+02 -1.147862e-02 9.072342e-02 -2.216452e+00 6.091406e+03 2.390006e+03 1.029036e+03  1000  5000 -6.641087e-05     0 4.158066e-02 7.379011e+01 1.298872e+02 5.727120e-02 -1.611622e-04 
3.225000e+02 -1.149514e-02 9.049356e-02 -2.216577e+00 6.083595e+03 2.379637e+03 1.029469e+03  1000  5000 -6.990896e-05     0 4.159361e-02 7.368514e+01 1.298871e+02 5.726249e-02 -1.623262e-04 
3.226000e+02 -1.151164e-02 9.026191e-02 -2.216703e+00 6.075783e+03 2.369269e+03 1.029900e+03  1000  5000 -6.291792e-05     0 4.160637e-02 7.357931e+01 1.298871e+02 5.725391e-02 -1.632629e-04 
3.227000e+02 -1.152896e-02 9.002850e-02 -2.216830e+00 6.067969e+03 2.358903e+03 1.030327e+03  1000  5000 -6.272956e-05     0 4.161896e-02 7.347264e+01 1.298870e+02 5.724545e-02 -1.643596e-04 
3.228000e+02 -1.154682e-02 8.979334e-02 -2.216957e+00 6.060154e+03 2.348537e+03 1.030751e+03  1000  5000 -6.516231e-05     0 4.163138e-02 7.336513e+01 1.298869e+02 5.723711e-02 -1.656928e-04 
3.229000e+02 -1.156470e-02 8.955645e-02 -2.217086e+00 6.052338e+03 2.338172e+03 1.031173e+03  1000  5000 -6.859528e-05     0 4.164361e-02 7.325679e+01 1.298868e+02 5.722889e-02 -1.670837e-04 
  323 -1.158229e-02 8.931785e-02 -2.217215e+00 6.044520e+03 2.327807e+03 1.031591e+03  1000  5000 -7.237092e-05     0 4.165567e-02 7.314763e+01 1.298868e+02 5.722080e-02 -1.682819e-04 
3.231000e+02 -1.159984e-02 8.907756e-02 -2.217346e+00 6.036701e+03 2.317444e+03 1.032006e+03  1000  5000 -6.469436e-05     0 4.166755e-02 7.303766e+01 1.298867e+02 5.721283e-02 -1.692386e-04 
3.232000e+02 -1.161831e-02 8.883560e-02 -2.217477e+00 6.028881e+03 2.307082e+03 1.032419e+03  1000  5000 -6.443896e-05     0 4.167925e-02 7.292689e+01 1.298867e+02 5.720499e-02 -1.703768e-04 
3.233000e+02 -1.163736e-02 8.859199e-02 -2.217610e+00 6.021059e+03 2.296721e+03 1.032828e+03  1000  5000 -6.704452e-05     0 4.169078e-02 7.281533e+01 1.298867e+02 5.719727e-02 -1.717794e-04 
3.234000e+02 -1.165644e-02 8.834676e-02 -2.217743e+00 6.013236e+03 2.286360e+03 1.033234e+03  1000  5000 -7.074104e-05     0 4.170212e-02 7.270298e+01 1.298867e+02 5.718967e-02 -1.732501e-04 
3.235000e+02 -1.167517e-02 8.809991e-02 -2.217877e+00 6.005411e+03 2.276001e+03 1.033637e+03  1000  5000 -7.480857e-05     0 4.171329e-02 7.258987e+01 1.298866e+02 5.718220e-02 -1.745142e-04 
3.236000e+02 -1.169386e-02 8.785148e-02 -2.218012e+00 5.997585e+03 2.265643e+03 1.034037e+03  1000  5000 -6.624479e-05     0 4.172427e-02 7.247599e+01 1.298866e+02 5.717485e-02 -1.755187e-04 
3.237000e+02 -1.171358e-02 8.760148e-02 -2.218148e+00 5.989757e+03 2.255285e+03 1.034434e+03  1000  5000 -6.586324e-05     0 4.173508e-02 7.236135e+01 1.298866e+02 5.716762e-02 -1.767303e-04 
3.238000e+02 -1.173396e-02 8.734993e-02 -2.218285e+00 5.981928e+03 2.244929e+03 1.034828e+03  1000  5000 -6.863921e-05     0 4.174571e-02 7.224597e+01 1.298866e+02 5.716052e-02 -1.782398e-04 
3.239000e+02 -1.175438e-02 8.709685e-02 -2.218422e+00 5.974098e+03 2.234573e+03 1.035218e+03  1000  5000 -7.261974e-05     0 4.175616e-02 7.212985e+01 1.298866e+02 5.715354e-02 -1.798296e-04 
  324 -1.177439e-02 8.684227e-02 -2.218561e+00 5.966265e+03 2.224219e+03 1.035606e+03  1000  5000 -7.700831e-05     0 4.176642e-02 7.201301e+01 1.298867e+02 5.714669e-02 -1.811948e-04 
3.241000e+02 -1.179436e-02 8.658620e-02 -2.218701e+00 5.958432e+03 2.213865e+03 1.035990e+03  1000  5000 -6.733212e-05     0 4.177651e-02 7.189546e+01 1.298867e+02 5.713996e-02 -1.822773e-04 
3.242000e+02 -1.181552e-02 8.632867e-02 -2.218842e+00 5.950597e+03 2.203513e+03 1.036371e+03  1000  5000 -6.676707e-05     0 4.178642e-02 7.177719e+01 1.298867e+02 5.713336e-02 -1.835969e-04 
3.243000e+02 -1.183745e-02 8.606969e-02 -2.218983e+00 5.942760e+03 2.193162e+03 1.036748e+03  1000  5000 -6.972283e-05     0 4.179614e-02 7.165823e+01 1.298868e+02 5.712688e-02 -1.852540e-04 
3.244000e+02 -1.185941e-02 8.580929e-02 -2.219126e+00 5.934922e+03 2.182811e+03 1.037123e+03  1000  5000 -7.402358e-05     0 4.180569e-02 7.153858e+01 1.298868e+02 5.712052e-02 -1.870048e-04 
3.245000e+02 -1.188092e-02 8.554749e-02 -2.219270e+00 5.927083e+03 2.172462e+03 1.037493e+03  1000  5000 -7.877938e-05     0 4.181506e-02 7.141825e+01 1.298869e+02 5.711429e-02 -1.885083e-04 
3.246000e+02 -1.190240e-02 8.528430e-02 -2.219414e+00 5.919242e+03 2.162114e+03 1.037861e+03  1000  5000 -6.774293e-05     0 4.182424e-02 7.129726e+01 1.298869e+02 5.710819e-02 -1.896999e-04 
3.247000e+02 -1.192526e-02 8.501975e-02 -2.219560e+00 5.911399e+03 2.151766e+03 1.038225e+03  1000  5000 -6.694027e-05     0 4.183325e-02 7.117561e+01 1.298870e+02 5.710221e-02 -1.911632e-04 
3.248000e+02 -1.194901e-02 8.475387e-02 -2.219707e+00 5.903555e+03 2.141420e+03 1.038586e+03  1000  5000 -7.009876e-05     0 4.184207e-02 7.105330e+01 1.298871e+02 5.709635e-02 -1.930104e-04 
3.249000e+02 -1.197283e-02 8.448666e-02 -2.219854e+00 5.895709e+03 2.131075e+03 1.038944e+03  1000  5000 -7.477347e-05     0 4.185071e-02 7.093036e+01 1.298872e+02 5.709062e-02 -1.949665e-04 
  325 -1.199613e-02 8.421816e-02 -2.220003e+00 5.887861e+03 2.120731e+03 1.039298e+03  1000  5000 -7.996149e-05     0 4.185917e-02 7.080679e+01 1.298873e+02 5.708501e-02 -1.966464e-04 
3.251000e+02 -1.201942e-02 8.394838e-02 -2.220153e+00 5.880012e+03 2.110388e+03 1.039649e+03  1000  5000 -6.729201e-05     0 4.186745e-02 7.068260e+01 1.298874e+02 5.707952e-02 -1.979780e-04 
3.252000e+02 -1.204432e-02 8.367734e-02 -2.220304e+00 5.872162e+03 2.100046e+03 1.039996e+03  1000  5000 -6.620103e-05     0 4.187555e-02 7.055781e+01 1.298875e+02 5.707417e-02 -1.996212e-04 
3.253000e+02 -1.207029e-02 8.340507e-02 -2.220456e+00 5.864309e+03 2.089705e+03 1.040340e+03  1000  5000 -6.959979e-05     0 4.188347e-02 7.043241e+01 1.298876e+02 5.706893e-02 -2.017025e-04 
3.254000e+02 -1.209634e-02 8.313159e-02 -2.220609e+00 5.856456e+03 2.079366e+03 1.040680e+03  1000  5000 -7.472112e-05     0 4.189121e-02 7.030642e+01 1.298877e+02 5.706382e-02 -2.039094e-04 
3.255000e+02 -1.212182e-02 8.285692e-02 -2.220763e+00 5.848600e+03 2.069027e+03 1.041017e+03  1000  5000 -8.042651e-05     0 4.189876e-02 7.017986e+01 1.298878e+02 5.705883e-02 -2.058048e-04 
3.256000e+02 -1.214730e-02 8.258108e-02 -2.220919e+00 5.840743e+03 2.058690e+03 1.041350e+03  1000  5000 -6.582036e-05     0 4.190614e-02 7.005272e+01 1.298880e+02 5.705397e-02 -2.073068e-04 
3.257000e+02 -1.217469e-02 8.230408e-02 -2.221076e+00 5.832884e+03 2.048353e+03 1.041680e+03  1000  5000 -6.439239e-05     0 4.191333e-02 6.992503e+01 1.298881e+02 5.704924e-02 -2.091668e-04 
3.258000e+02 -1.220334e-02 8.202597e-02 -2.221233e+00 5.825024e+03 2.038018e+03 1.042007e+03  1000  5000 -6.808413e-05     0 4.192034e-02 6.979678e+01 1.298882e+02 5.704462e-02 -2.115278e-04 
3.259000e+02 -1.223211e-02 8.174675e-02 -2.221392e+00 5.817161e+03 2.027684e+03 1.042329e+03  1000  5000 -7.374494e-05     0 4.192718e-02 6.966800e+01 1.298884e+02 5.704013e-02 -2.140331e-04 
  326 -1.226023e-02 8.146644e-02 -2.221551e+00 5.809297e+03 2.017351e+03 1.042648e+03  1000  5000 -8.007444e-05     0 4.193383e-02 6.953868e+01 1.298886e+02 5.703577e-02 -2.161838e-04 
3.261000e+02 -1.228837e-02 8.118507e-02 -2.221713e+00 5.801432e+03 2.007020e+03 1.042964e+03  1000  5000 -6.318653e-05     0 4.194029e-02 6.940885e+01 1.298887e+02 5.703153e-02 -2.178869e-04 
3.262000e+02 -1.231878e-02 8.090266e-02 -2.221876e+00 5.793564e+03 1.996689e+03 1.043276e+03  1000  5000 -6.137219e-05     0 4.194658e-02 6.927851e+01 1.298889e+02 5.702741e-02 -2.200015e-04 
3.263000e+02 -1.235069e-02 8.061923e-02 -2.222039e+00 5.785695e+03 1.986360e+03 1.043584e+03  1000  5000 -6.542511e-05     0 4.195269e-02 6.914767e+01 1.298891e+02 5.702342e-02 -2.226908e-04 
3.264000e+02 -1.238277e-02 8.033480e-02 -2.222204e+00 5.777824e+03 1.976032e+03 1.043889e+03  1000  5000 -7.174001e-05     0 4.195861e-02 6.901633e+01 1.298893e+02 5.701955e-02 -2.255458e-04 
3.265000e+02 -1.241409e-02 8.004940e-02 -2.222370e+00 5.769952e+03 1.965705e+03 1.044190e+03  1000  5000 -7.882396e-05     0 4.196436e-02 6.888452e+01 1.298895e+02 5.701580e-02 -2.279942e-04 
3.266000e+02 -1.244546e-02 7.976304e-02 -2.222538e+00 5.762077e+03 1.955380e+03 1.044487e+03  1000  5000 -5.925176e-05     0 4.196992e-02 6.875224e+01 1.298897e+02 5.701218e-02 -2.299300e-04 
3.267000e+02 -1.247954e-02 7.947576e-02 -2.222707e+00 5.754201e+03 1.945055e+03 1.044781e+03  1000  5000 -5.699666e-05     0 4.197530e-02 6.861951e+01 1.298899e+02 5.700868e-02 -2.323401e-04 
3.268000e+02 -1.251541e-02 7.918756e-02 -2.222877e+00 5.746323e+03 1.934732e+03 1.045071e+03  1000  5000 -6.149495e-05     0 4.198050e-02 6.848632e+01 1.298901e+02 5.700530e-02 -2.354116e-04 
3.269000e+02 -1.255148e-02 7.889848e-02 -2.223048e+00 5.738443e+03 1.924410e+03 1.045357e+03  1000  5000 -6.860272e-05     0 4.198552e-02 6.835270e+01 1.298903e+02 5.700205e-02 -2.386733e-04 
  327 -1.258670e-02 7.860852e-02 -2.223221e+00 5.730562e+03 1.914090e+03 1.045640e+03  1000  5000 -7.659807e-05     0 4.199036e-02 6.821864e+01 1.298905e+02 5.699892e-02 -2.414665e-04 
3.271000e+02 -1.262198e-02 7.831772e-02 -2.223396e+00 5.722678e+03 1.903770e+03 1.045919e+03  1000  5000 -5.385886e-05     0 4.199502e-02 6.808417e+01 1.298908e+02 5.699592e-02 -2.436698e-04 
3.272000e+02 -1.266049e-02 7.802610e-02 -2.223573e+00 5.714793e+03 1.893452e+03 1.046194e+03  1000  5000 -5.109778e-05     0 4.199950e-02 6.794929e+01 1.298910e+02 5.699303e-02 -2.464216e-04 
3.273000e+02 -1.270115e-02 7.773368e-02 -2.223750e+00 5.706906e+03 1.883135e+03 1.046465e+03  1000  5000 -5.614266e-05     0 4.200380e-02 6.781402e+01 1.298913e+02 5.699027e-02 -2.499376e-04 
3.274000e+02 -1.274207e-02 7.744049e-02 -2.223928e+00 5.699017e+03 1.872820e+03 1.046733e+03  1000  5000 -6.421006e-05     0 4.200791e-02 6.767835e+01 1.298915e+02 5.698764e-02 -2.536730e-04 
3.275000e+02 -1.278197e-02 7.714653e-02 -2.224109e+00 5.691126e+03 1.862506e+03 1.046997e+03  1000  5000 -7.330514e-05     0 4.201185e-02 6.754231e+01 1.298918e+02 5.698512e-02 -2.568661e-04 
3.276000e+02 -1.282198e-02 7.685183e-02 -2.224291e+00 5.683233e+03 1.852193e+03 1.047257e+03  1000  5000 -4.680451e-05     0 4.201561e-02 6.740590e+01 1.298920e+02 5.698273e-02 -2.593775e-04 
3.277000e+02 -1.286585e-02 7.655642e-02 -2.224475e+00 5.675338e+03 1.841882e+03 1.047513e+03  1000  5000 -4.345377e-05     0 4.201918e-02 6.726914e+01 1.298923e+02 5.698046e-02 -2.625266e-04 
3.278000e+02 -1.291230e-02 7.626033e-02 -2.224660e+00 5.667441e+03 1.831572e+03 1.047765e+03  1000  5000 -4.916552e-05     0 4.202258e-02 6.713203e+01 1.298926e+02 5.697831e-02 -2.665630e-04 
3.279000e+02 -1.295908e-02 7.596357e-02 -2.224847e+00 5.659542e+03 1.821263e+03 1.048014e+03  1000  5000 -5.839327e-05     0 4.202580e-02 6.699458e+01 1.298929e+02 5.697628e-02 -2.708539e-04 
  328 -1.300465e-02 7.566615e-02 -2.225036e+00 5.651641e+03 1.810956e+03 1.048259e+03  1000  5000 -6.881508e-05     0 4.202884e-02 6.685681e+01 1.298932e+02 5.697438e-02 -2.745145e-04 
3.281000e+02 -1.305036e-02 7.536811e-02 -2.225227e+00 5.643738e+03 1.800650e+03 1.048499e+03  1000  5000 -3.780361e-05     0 4.203169e-02 6.671872e+01 1.298935e+02 5.697260e-02 -2.773844e-04 
3.282000e+02 -1.310072e-02 7.506946e-02 -2.225419e+00 5.635833e+03 1.790346e+03 1.048736e+03  1000  5000 -3.375102e-05     0 4.203437e-02 6.658032e+01 1.298938e+02 5.697093e-02 -2.810004e-04 
3.283000e+02 -1.315419e-02 7.477024e-02 -2.225613e+00 5.627926e+03 1.780043e+03 1.048970e+03  1000  5000 -4.027256e-05     0 4.203687e-02 6.644163e+01 1.298941e+02 5.696939e-02 -2.856530e-04 
3.284000e+02 -1.320805e-02 7.447046e-02 -2.225809e+00 5.620017e+03 1.769741e+03 1.049199e+03  1000  5000 -5.090435e-05     0 4.203920e-02 6.630266e+01 1.298944e+02 5.696797e-02 -2.906032e-04 
3.285000e+02 -1.326048e-02 7.417014e-02 -2.226006e+00 5.612106e+03 1.759441e+03 1.049424e+03  1000  5000 -6.292955e-05     0 4.204134e-02 6.616341e+01 1.298947e+02 5.696668e-02 -2.948178e-04 
3.286000e+02 -1.331308e-02 7.386930e-02 -2.226207e+00 5.604193e+03 1.749143e+03 1.049646e+03  1000  5000 -2.644241e-05     0 4.204330e-02 6.602390e+01 1.298951e+02 5.696550e-02 -2.981116e-04 
3.287000e+02 -1.337131e-02 7.356796e-02 -2.226409e+00 5.596278e+03 1.738846e+03 1.049864e+03  1000  5000 -2.153392e-05     0 4.204508e-02 6.588413e+01 1.298954e+02 5.696444e-02 -3.022856e-04 
3.288000e+02 -1.343331e-02 7.326617e-02 -2.226613e+00 5.588360e+03 1.728550e+03 1.050077e+03  1000  5000 -2.903651e-05     0 4.204669e-02 6.574412e+01 1.298957e+02 5.696351e-02 -3.076792e-04 
3.289000e+02 -1.349579e-02 7.296392e-02 -2.226818e+00 5.580441e+03 1.718256e+03 1.050287e+03  1000  5000 -4.137253e-05     0 4.204812e-02 6.560388e+01 1.298961e+02 5.696269e-02 -3.134245e-04 
  329 -1.355655e-02 7.266124e-02 -2.227026e+00 5.572519e+03 1.707964e+03 1.050493e+03  1000  5000 -5.534354e-05     0 4.204936e-02 6.546341e+01 1.298964e+02 5.696200e-02 -3.183072e-04 
3.291000e+02 -1.361753e-02 7.235814e-02 -2.227238e+00 5.564595e+03 1.697673e+03 1.050695e+03  1000  5000 -1.211485e-05     0 4.205043e-02 6.532273e+01 1.298968e+02 5.696142e-02 -3.221124e-04 
3.292000e+02 -1.368538e-02 7.205467e-02 -2.227451e+00 5.556669e+03 1.687384e+03 1.050893e+03  1000  5000 -6.135916e-06     0 4.205132e-02 6.518184e+01 1.298972e+02 5.696097e-02 -3.269659e-04 
3.293000e+02 -1.375782e-02 7.175084e-02 -2.227665e+00 5.548740e+03 1.677096e+03 1.051087e+03  1000  5000 -1.482792e-05     0 4.205204e-02 6.504077e+01 1.298975e+02 5.696063e-02 -3.332674e-04 
3.294000e+02 -1.383086e-02 7.144668e-02 -2.227882e+00 5.540810e+03 1.666811e+03 1.051278e+03  1000  5000 -2.924469e-05     0 4.205258e-02 6.489951e+01 1.298979e+02 5.696041e-02 -3.399892e-04 
3.295000e+02 -1.390180e-02 7.114219e-02 -2.228101e+00 5.532876e+03 1.656526e+03 1.051464e+03  1000  5000 -4.559340e-05     0 4.205294e-02 6.475808e+01 1.298983e+02 5.696032e-02 -3.456936e-04 
3.296000e+02 -1.397304e-02 7.083739e-02 -2.228325e+00 5.524941e+03 1.646244e+03 1.051646e+03  1000  5000 6.068645e-06     0 4.205311e-02 6.461649e+01 1.298987e+02 5.696034e-02 -3.501302e-04 
3.297000e+02 -1.405273e-02 7.053232e-02 -2.228550e+00 5.517003e+03 1.635963e+03 1.051824e+03  1000  5000 1.342003e-05     0 4.205312e-02 6.447475e+01 1.298991e+02 5.696048e-02 -3.558298e-04 
3.298000e+02 -1.413809e-02 7.022701e-02 -2.228776e+00 5.509063e+03 1.625683e+03 1.051999e+03  1000  5000 3.280178e-06     0 4.205295e-02 6.433286e+01 1.298995e+02 5.696074e-02 -3.632663e-04 
3.299000e+02 -1.422418e-02 6.992147e-02 -2.229005e+00 5.501121e+03 1.615406e+03 1.052169e+03  1000  5000 -1.369947e-05     0 4.205260e-02 6.419085e+01 1.298999e+02 5.696112e-02 -3.712120e-04 
  330 -1.430770e-02 6.961572e-02 -2.229238e+00 5.493176e+03 1.605130e+03 1.052335e+03  1000  5000 -3.298206e-05     0 4.205207e-02 6.404871e+01 1.299003e+02 5.696161e-02 -3.779491e-04 
3.301000e+02 -1.439164e-02 6.930976e-02 -2.229475e+00 5.485228e+03 1.594856e+03 1.052498e+03  1000  5000 2.941883e-05     0 4.205136e-02 6.390646e+01 1.299007e+02 5.696223e-02 -3.831845e-04 
3.302000e+02 -1.448610e-02 6.900364e-02 -2.229714e+00 5.477278e+03 1.584584e+03 1.052656e+03  1000  5000 3.857312e-05     0 4.205047e-02 6.376411e+01 1.299012e+02 5.696297e-02 -3.899618e-04 
3.303000e+02 -1.458762e-02 6.869740e-02 -2.229955e+00 5.469326e+03 1.574314e+03 1.052811e+03  1000  5000 2.665784e-05     0 4.204942e-02 6.362168e+01 1.299016e+02 5.696382e-02 -3.988486e-04 
3.304000e+02 -1.469008e-02 6.839103e-02 -2.230198e+00 5.461371e+03 1.564046e+03 1.052961e+03  1000  5000 6.484043e-06     0 4.204819e-02 6.347916e+01 1.299020e+02 5.696478e-02 -4.083620e-04 
3.305000e+02 -1.478935e-02 6.808455e-02 -2.230446e+00 5.453413e+03 1.553779e+03 1.053108e+03  1000  5000 -1.646485e-05     0 4.204677e-02 6.333657e+01 1.299025e+02 5.696587e-02 -4.164272e-04 
3.306000e+02 -1.488922e-02 6.777798e-02 -2.230698e+00 5.445453e+03 1.543514e+03 1.053250e+03  1000  5000 5.988623e-05     0 4.204517e-02 6.319392e+01 1.299029e+02 5.696708e-02 -4.226990e-04 
3.307000e+02 -1.500235e-02 6.747135e-02 -2.230953e+00 5.437490e+03 1.533252e+03 1.053389e+03  1000  5000 7.146744e-05     0 4.204340e-02 6.305122e+01 1.299034e+02 5.696840e-02 -4.308833e-04 
3.308000e+02 -1.512443e-02 6.716471e-02 -2.231210e+00 5.429525e+03 1.522991e+03 1.053523e+03  1000  5000 5.735207e-05     0 4.204146e-02 6.290849e+01 1.299038e+02 5.696984e-02 -4.416675e-04 
3.309000e+02 -1.524772e-02 6.685806e-02 -2.231469e+00 5.421557e+03 1.512732e+03 1.053654e+03  1000  5000 3.313773e-05     0 4.203934e-02 6.276572e+01 1.299043e+02 5.697140e-02 -4.532370e-04 
  331 -1.536704e-02 6.655140e-02 -2.231734e+00 5.413586e+03 1.502476e+03 1.053780e+03  1000  5000 5.534686e-06     0 4.203703e-02 6.262293e+01 1.299048e+02 5.697307e-02 -4.630527e-04 
3.311000e+02 -1.548722e-02 6.624474e-02 -2.232005e+00 5.405612e+03 1.492221e+03 1.053902e+03  1000  5000 1.004256e-04     0 4.203454e-02 6.248014e+01 1.299052e+02 5.697487e-02 -4.707053e-04 
3.312000e+02 -1.562442e-02 6.593814e-02 -2.232278e+00 5.397635e+03 1.481969e+03 1.054021e+03  1000  5000 1.153595e-04     0 4.203188e-02 6.233734e+01 1.299057e+02 5.697678e-02 -4.807757e-04 
3.313000e+02 -1.577313e-02 6.563165e-02 -2.232553e+00 5.389656e+03 1.471718e+03 1.054135e+03  1000  5000 9.848093e-05     0 4.202905e-02 6.219455e+01 1.299062e+02 5.697880e-02 -4.941073e-04 
3.314000e+02 -1.592347e-02 6.532524e-02 -2.232831e+00 5.381673e+03 1.461470e+03 1.054246e+03  1000  5000 6.906180e-05     0 4.202604e-02 6.205179e+01 1.299067e+02 5.698095e-02 -5.084444e-04 
3.315000e+02 -1.606879e-02 6.501893e-02 -2.233116e+00 5.373688e+03 1.451224e+03 1.054352e+03  1000  5000 3.543728e-05     0 4.202284e-02 6.190906e+01 1.299072e+02 5.698321e-02 -5.206304e-04 
3.316000e+02 -1.621542e-02 6.471272e-02 -2.233407e+00 5.365700e+03 1.440980e+03 1.054455e+03  1000  5000 1.556337e-04     0 4.201945e-02 6.176636e+01 1.299077e+02 5.698560e-02 -5.301776e-04 
3.317000e+02 -1.638432e-02 6.440669e-02 -2.233702e+00 5.357708e+03 1.430739e+03 1.054553e+03  1000  5000 1.753360e-04     0 4.201589e-02 6.162372e+01 1.299082e+02 5.698809e-02 -5.428514e-04 
3.318000e+02 -1.656834e-02 6.410087e-02 -2.233998e+00 5.349714e+03 1.420499e+03 1.054647e+03  1000  5000 1.549304e-04     0 4.201216e-02 6.148114e+01 1.299087e+02 5.699070e-02 -5.597052e-04 
3.319000e+02 -1.675460e-02 6.379525e-02 -2.234298e+00 5.341716e+03 1.410263e+03 1.054738e+03  1000  5000 1.186588e-04     0 4.200825e-02 6.133862e+01 1.299092e+02 5.699342e-02 -5.778801e-04 
  332 -1.693446e-02 6.348982e-02 -2.234606e+00 5.333715e+03 1.400028e+03 1.054824e+03  1000  5000 7.706421e-05     0 4.200413e-02 6.119619e+01 1.299098e+02 5.699628e-02 -5.933761e-04 
3.321000e+02 -1.711635e-02 6.318459e-02 -2.234922e+00 5.325711e+03 1.389796e+03 1.054906e+03  1000  5000 2.329239e-04     0 4.199982e-02 6.105385e+01 1.299103e+02 5.699925e-02 -6.056090e-04 
3.322000e+02 -1.732812e-02 6.287964e-02 -2.235241e+00 5.317704e+03 1.379567e+03 1.054985e+03  1000  5000 2.596457e-04     0 4.199535e-02 6.091160e+01 1.299108e+02 5.700233e-02 -6.220015e-04 
3.323000e+02 -1.756024e-02 6.257503e-02 -2.235563e+00 5.309693e+03 1.369340e+03 1.055059e+03  1000  5000 2.346521e-04     0 4.199071e-02 6.076947e+01 1.299114e+02 5.700553e-02 -6.438958e-04 
3.324000e+02 -1.779557e-02 6.227073e-02 -2.235889e+00 5.301679e+03 1.359115e+03 1.055129e+03  1000  5000 1.891184e-04     0 4.198587e-02 6.062746e+01 1.299119e+02 5.700884e-02 -6.675824e-04 
3.325000e+02 -1.802258e-02 6.196670e-02 -2.236224e+00 5.293661e+03 1.348893e+03 1.055196e+03  1000  5000 1.366807e-04     0 4.198082e-02 6.048557e+01 1.299125e+02 5.701229e-02 -6.878707e-04 
3.326000e+02 -1.825292e-02 6.166296e-02 -2.236570e+00 5.285640e+03 1.338674e+03 1.055258e+03  1000  5000 3.448231e-04     0 4.197556e-02 6.034383e+01 1.299130e+02 5.701586e-02 -7.040616e-04 
3.327000e+02 -1.852456e-02 6.135963e-02 -2.236919e+00 5.277615e+03 1.328458e+03 1.055317e+03  1000  5000 3.823240e-04     0 4.197013e-02 6.020223e+01 1.299136e+02 5.701953e-02 -7.259867e-04 
3.328000e+02 -1.882444e-02 6.105675e-02 -2.237271e+00 5.269587e+03 1.318245e+03 1.055371e+03  1000  5000 3.512330e-04     0 4.196454e-02 6.006079e+01 1.299141e+02 5.702331e-02 -7.554023e-04 
3.329000e+02 -1.912913e-02 6.075430e-02 -2.237628e+00 5.261554e+03 1.308034e+03 1.055421e+03  1000  5000 2.927714e-04     0 4.195873e-02 5.991952e+01 1.299147e+02 5.702722e-02 -7.873498e-04 
  333 -1.942281e-02 6.045220e-02 -2.237996e+00 5.253518e+03 1.297826e+03 1.055468e+03  1000  5000 2.250764e-04     0 4.195269e-02 5.977842e+01 1.299153e+02 5.703127e-02 -8.148895e-04 
3.331000e+02 -1.972217e-02 6.015046e-02 -2.238377e+00 5.245478e+03 1.287621e+03 1.055510e+03  1000  5000 5.138042e-04     0 4.194642e-02 5.963752e+01 1.299159e+02 5.703545e-02 -8.371950e-04 
3.332000e+02 -2.008085e-02 5.984926e-02 -2.238763e+00 5.237434e+03 1.277420e+03 1.055549e+03  1000  5000 5.687671e-04     0 4.193999e-02 5.949681e+01 1.299165e+02 5.703972e-02 -8.677795e-04 
3.333000e+02 -2.048034e-02 5.954866e-02 -2.239150e+00 5.229386e+03 1.267221e+03 1.055583e+03  1000  5000 5.293762e-04     0 4.193339e-02 5.935631e+01 1.299171e+02 5.704410e-02 -9.090212e-04 
3.334000e+02 -2.088738e-02 5.924861e-02 -2.239544e+00 5.221334e+03 1.257026e+03 1.055614e+03  1000  5000 4.521290e-04     0 4.192655e-02 5.921602e+01 1.299177e+02 5.704861e-02 -9.540316e-04 
3.335000e+02 -2.127951e-02 5.894897e-02 -2.239953e+00 5.213277e+03 1.246834e+03 1.055640e+03  1000  5000 3.620344e-04     0 4.191943e-02 5.907596e+01 1.299183e+02 5.705328e-02 -9.931675e-04 
3.336000e+02 -2.168188e-02 5.864974e-02 -2.240378e+00 5.205216e+03 1.236645e+03 1.055663e+03  1000  5000 7.834408e-04     0 4.191204e-02 5.893613e+01 1.299189e+02 5.705809e-02 -1.025499e-03 
3.337000e+02 -2.217397e-02 5.835121e-02 -2.240808e+00 5.197150e+03 1.226460e+03 1.055681e+03  1000  5000 8.687477e-04     0 4.190449e-02 5.879655e+01 1.299195e+02 5.706297e-02 -1.070548e-03 
3.338000e+02 -2.272819e-02 5.805347e-02 -2.241239e+00 5.189080e+03 1.216279e+03 1.055696e+03  1000  5000 8.177710e-04     0 4.189678e-02 5.865722e+01 1.299202e+02 5.706795e-02 -1.131689e-03 
3.339000e+02 -2.329505e-02 5.775640e-02 -2.241678e+00 5.181005e+03 1.206101e+03 1.055707e+03  1000  5000 7.117610e-04     0 4.188878e-02 5.851816e+01 1.299208e+02 5.707307e-02 -1.198848e-03 
  334 -2.384108e-02 5.745979e-02 -2.242136e+00 5.172926e+03 1.195927e+03 1.055713e+03  1000  5000 5.869057e-04     0 4.188043e-02 5.837937e+01 1.299214e+02 5.707837e-02 -1.257911e-03 
3.341000e+02 -2.440711e-02 5.716360e-02 -2.242618e+00 5.164841e+03 1.185757e+03 1.055716e+03  1000  5000 1.247571e-03     0 4.187173e-02 5.824086e+01 1.299221e+02 5.708384e-02 -1.308014e-03 
3.342000e+02 -2.511890e-02 5.686833e-02 -2.243103e+00 5.156751e+03 1.175590e+03 1.055715e+03  1000  5000 1.390926e-03     0 4.186288e-02 5.810264e+01 1.299228e+02 5.708931e-02 -1.379434e-03 
3.343000e+02 -2.593249e-02 5.657416e-02 -2.243585e+00 5.148656e+03 1.165428e+03 1.055710e+03  1000  5000 1.323428e-03     0 4.185387e-02 5.796473e+01 1.299234e+02 5.709485e-02 -1.477290e-03 
3.344000e+02 -2.676909e-02 5.628084e-02 -2.244077e+00 5.140555e+03 1.155271e+03 1.055701e+03  1000  5000 1.170121e-03     0 4.184451e-02 5.782712e+01 1.299241e+02 5.710055e-02 -1.585742e-03 
3.345000e+02 -2.757540e-02 5.598797e-02 -2.244597e+00 5.132448e+03 1.145117e+03 1.055688e+03  1000  5000 9.870474e-04     0 4.183464e-02 5.768984e+01 1.299248e+02 5.710650e-02 -1.682561e-03 
3.346000e+02 -2.842543e-02 5.569546e-02 -2.245150e+00 5.124336e+03 1.134969e+03 1.055672e+03  1000  5000 2.141212e-03     0 4.182426e-02 5.755289e+01 1.299255e+02 5.711261e-02 -1.767763e-03 
3.347000e+02 -2.953940e-02 5.540433e-02 -2.245701e+00 5.116217e+03 1.124825e+03 1.055651e+03  1000  5000 2.412363e-03     0 4.181377e-02 5.741627e+01 1.299262e+02 5.711853e-02 -1.893673e-03 
3.348000e+02 -3.083966e-02 5.511497e-02 -2.246241e+00 5.108092e+03 1.114686e+03 1.055626e+03  1000  5000 2.321445e-03     0 4.180320e-02 5.728000e+01 1.299269e+02 5.712440e-02 -2.068938e-03 
3.349000e+02 -3.218723e-02 5.482687e-02 -2.246790e+00 5.099961e+03 1.104553e+03 1.055598e+03  1000  5000 2.081772e-03     0 4.179215e-02 5.714409e+01 1.299277e+02 5.713041e-02 -2.265770e-03 
  335 -3.348801e-02 5.453907e-02 -2.247383e+00 5.091823e+03 1.094425e+03 1.055565e+03  1000  5000 1.789549e-03     0 4.178027e-02 5.700855e+01 1.299284e+02 5.713680e-02 -2.445046e-03 
3.351000e+02 -3.490465e-02 5.425147e-02 -2.248023e+00 5.083677e+03 1.084302e+03 1.055529e+03  1000  5000 4.213671e-03     0 4.176752e-02 5.687339e+01 1.299292e+02 5.714325e-02 -2.611857e-03 
3.352000e+02 -3.689577e-02 5.396680e-02 -2.248638e+00 5.075524e+03 1.074186e+03 1.055489e+03  1000  5000 4.838470e-03     0 4.175493e-02 5.673862e+01 1.299300e+02 5.714867e-02 -2.875298e-03 
3.353000e+02 -3.929794e-02 5.368620e-02 -2.249210e+00 5.067363e+03 1.064076e+03 1.055445e+03  1000  5000 4.720212e-03     0 4.174274e-02 5.660424e+01 1.299308e+02 5.715335e-02 -3.253055e-03 
3.354000e+02 -4.181863e-02 5.340836e-02 -2.249783e+00 5.059193e+03 1.053972e+03 1.055397e+03  1000  5000 4.292988e-03     0 4.172999e-02 5.647027e+01 1.299317e+02 5.715791e-02 -3.686467e-03 
3.355000e+02 -4.425979e-02 5.313061e-02 -2.250428e+00 5.051015e+03 1.043876e+03 1.055345e+03  1000  5000 3.753837e-03     0 4.171569e-02 5.633673e+01 1.299325e+02 5.716311e-02 -4.092315e-03 
3.356000e+02 -4.716308e-02 5.285349e-02 -2.251136e+00 5.042827e+03 1.033788e+03 1.055289e+03  1000  5000 1.131308e-02     0 4.169963e-02 5.620361e+01 1.299334e+02 5.716680e-02 -4.514562e-03 
3.357000e+02 -5.192034e-02 5.258956e-02 -2.251671e+00 5.034629e+03 1.023707e+03 1.055229e+03  1000  5000 1.348946e-02     0 4.168653e-02 5.607094e+01 1.299344e+02 5.716281e-02 -5.295518e-03 
3.358000e+02 -5.802942e-02 5.234587e-02 -2.251978e+00 5.026420e+03 1.013636e+03 1.055165e+03  1000  5000 1.342315e-02     0 4.167865e-02 5.593872e+01 1.299354e+02 5.715132e-02 -6.491189e-03 
3.359000e+02 -6.458570e-02 5.211855e-02 -2.252200e+00 5.018198e+03 1.003574e+03 1.055097e+03  1000  5000 1.240958e-02     0 4.167356e-02 5.580699e+01 1.299365e+02 5.713505e-02 -7.917808e-03 
  336 -7.097652e-02 5.189522e-02 -2.252564e+00 5.009964e+03 9.935227e+02 1.055025e+03  1000  5000 1.104084e-02     0 4.166784e-02 5.567575e+01 1.299377e+02 5.711846e-02 -9.310034e-03 
3.361000e+02 -8.211135e-02 5.170961e-02 -2.252665e+00 5.001714e+03 9.834836e+02 1.054948e+03  1000  5000 7.496730e-02     0 4.165677e-02 5.554508e+01 1.299390e+02 5.705227e-02 -1.138123e-02 
3.362000e+02 -1.093943e-01 5.180432e-02 -2.250407e+00 4.993448e+03 9.734582e+02 1.054866e+03  1000  5000 9.533224e-02     0 4.172316e-02 5.541496e+01 1.299405e+02 5.675778e-02 -1.710837e-02 
3.363000e+02 -1.486361e-01 5.246342e-02 -2.245292e+00 4.985160e+03 9.634507e+02 1.054779e+03  1000  5000 9.742294e-02     0 4.196916e-02 5.528546e+01 1.299425e+02 5.609333e-02 -2.700165e-02 
3.364000e+02 -1.922826e-01 5.382179e-02 -2.238571e+00 4.976845e+03 9.534662e+02 1.054684e+03  1000  5000 9.169101e-02     0 4.253296e-02 5.515679e+01 1.299449e+02 5.503912e-02 -3.949415e-02 
3.365000e+02 -2.352281e-01 5.570879e-02 -2.232281e+00 4.968494e+03 9.435103e+02 1.054577e+03  5000 10000 8.292576e-02     0 4.357209e-02 5.502930e+01 1.299476e+02 5.376257e-02 -5.227167e-02 
3.366000e+02 -2.620256e-01 5.717180e-02 -2.229976e+00 4.960103e+03 9.335882e+02 1.054456e+03  5000 10000 -9.152890e-02     0 4.478035e-02 5.490356e+01 1.299507e+02 5.324187e-02 -6.076811e-02 
3.367000e+02 -2.469552e-01 5.584146e-02 -2.238154e+00 4.951669e+03 9.237029e+02 1.054319e+03  5000 10000 -1.000000e-01     0 4.444424e-02 5.477958e+01 1.299545e+02 5.486461e-02 -5.623159e-02 
3.368000e+02 -2.121065e-01 5.154330e-02 -2.257098e+00 4.943192e+03 9.138535e+02 1.054170e+03  5000 10000 -1.000000e-01     0 4.116698e-02 5.465695e+01 1.299614e+02 5.648421e-02 -3.906609e-02 
3.369000e+02 -1.730462e-01 4.615707e-02 -2.283667e+00 4.934676e+03 9.040373e+02 1.054011e+03  5000 10000 -1.000000e-01     0 3.686534e-02 5.453548e+01 1.299740e+02 5.719636e-02 -1.366086e-02 
  337 -1.350666e-01 4.174352e-02 -2.313663e+00 4.926121e+03 8.942527e+02 1.053844e+03  5000 10000 -1.000000e-01     0 3.489984e-02 5.441508e+01 1.299897e+02 5.742460e-02 1.504310e-02 
3.371000e+02 -9.896834e-02 3.922383e-02 -2.342807e+00 4.917529e+03 8.844989e+02 1.053669e+03  5000 10000 -1.000000e-01     0 3.626085e-02 5.429569e+01 1.300030e+02 5.739380e-02 4.263100e-02 
3.372000e+02 -6.379478e-02 3.835184e-02 -2.367559e+00 4.908900e+03 8.747759e+02 1.053488e+03  5000 10000 -1.000000e-01     0 3.952949e-02 5.417725e+01 1.300092e+02 5.682485e-02 6.578736e-02 
3.373000e+02 -2.864705e-02 3.845665e-02 -2.385609e+00 4.900238e+03 8.650826e+02 1.053300e+03  5000 10000 -1.000000e-01     0 4.287102e-02 5.405974e+01 1.300082e+02 5.545335e-02 8.253439e-02 
3.374000e+02 1.638858e-02 3.903919e-02 -2.395983e+00 4.891547e+03 8.554163e+02 1.053104e+03  5000 10000 -1.000000e-01     0 4.527061e-02 5.394327e+01 1.300034e+02 5.343109e-02 9.222541e-02 
3.375000e+02 5.537588e-02 3.989401e-02 -2.398858e+00 4.882833e+03 8.457715e+02 1.052897e+03  5000 10000 -1.000000e-01     0 4.653531e-02 5.382811e+01 1.300004e+02 5.127757e-02 9.535333e-02 
3.376000e+02 1.007423e-01 4.095414e-02 -2.395241e+00 4.874104e+03 8.361401e+02 1.052676e+03  5000 10000 -1.000000e-01     0 4.684160e-02 5.371463e+01 1.300039e+02 4.957943e-02 9.323905e-02 
3.377000e+02 1.500890e-01 4.213701e-02 -2.386631e+00 4.865371e+03 8.265119e+02 1.052438e+03  5000 10000 -1.000000e-01     0 4.641516e-02 5.360317e+01 1.300162e+02 4.871918e-02 8.766480e-02 
3.378000e+02 2.026725e-01 4.330760e-02 -2.374692e+00 4.856646e+03 8.168749e+02 1.052180e+03  5000 10000 -9.700459e-02     0 4.495971e-02 5.349418e+01 1.300377e+02 4.876665e-02 8.051163e-02 
3.379000e+02 2.562574e-01 4.435145e-02 -2.360801e+00 4.847942e+03 8.072161e+02 1.051902e+03  5000 10000 -8.434419e-02     0 4.341316e-02 5.338783e+01 1.300670e+02 4.969192e-02 7.319838e-02 
  338 3.071936e-01 4.500261e-02 -2.345709e+00 4.839272e+03 7.975222e+02 1.051602e+03  5000 10000 -7.163168e-02     0 4.205385e-02 5.328369e+01 1.301021e+02 5.127025e-02 6.625682e-02 
3.381000e+02 3.535610e-01 4.495661e-02 -2.329886e+00 4.830652e+03 7.877807e+02 1.051281e+03  5000 10000 -5.950428e-02     0 3.966250e-02 5.318213e+01 1.301417e+02 5.308645e-02 5.984128e-02 
3.382000e+02 3.946409e-01 4.418459e-02 -2.313580e+00 4.822093e+03 7.779799e+02 1.050938e+03  5000 10000 -4.837046e-02     0 3.669829e-02 5.308328e+01 1.301850e+02 5.496197e-02 5.394022e-02 
3.383000e+02 4.303777e-01 4.281144e-02 -2.296903e+00 4.813609e+03 7.681097e+02 1.050571e+03  5000 10000 -3.842337e-02     0 3.369055e-02 5.298728e+01 1.302319e+02 5.685865e-02 4.849012e-02 
3.384000e+02 4.610680e-01 4.097055e-02 -2.279931e+00 4.805210e+03 7.581613e+02 1.050181e+03  5000 10000 -2.970657e-02     0 3.077387e-02 5.289426e+01 1.302821e+02 5.874764e-02 4.343392e-02 
3.385000e+02 4.871727e-01 3.878383e-02 -2.262739e+00 4.796906e+03 7.481273e+02 1.049765e+03  5000 10000 -2.217349e-02     0 2.790055e-02 5.280435e+01 1.303355e+02 6.059898e-02 3.874330e-02 
3.386000e+02 5.092060e-01 3.638173e-02 -2.245403e+00 4.788708e+03 7.380014e+02 1.049323e+03  5000 10000 -1.573052e-02     0 2.504137e-02 5.271768e+01 1.303921e+02 6.240362e-02 3.442109e-02 
3.387000e+02 5.276729e-01 3.390326e-02 -2.227992e+00 4.780623e+03 7.277782e+02 1.048856e+03  5000 10000 -1.026498e-02     0 2.221274e-02 5.263434e+01 1.304519e+02 6.417220e-02 3.049243e-02 
3.388000e+02 5.430396e-01 3.147989e-02 -2.210569e+00 4.772659e+03 7.174537e+02 1.048361e+03  5000 10000 -5.661745e-03     0 1.943629e-02 5.255442e+01 1.305147e+02 6.591967e-02 2.699099e-02 
3.389000e+02 5.557230e-01 2.922176e-02 -2.193189e+00 4.764825e+03 7.070245e+02 1.047841e+03  5000 10000 -1.811863e-03     0 1.672025e-02 5.247794e+01 1.305804e+02 6.765529e-02 2.394536e-02 
  339 5.660916e-01 2.721211e-02 -2.175891e+00 4.757125e+03 6.964880e+02 1.047294e+03  5000 10000 1.383794e-03     0 1.406712e-02 5.240492e+01 1.306486e+02 6.938152e-02 2.136905e-02 
3.391000e+02 5.744711e-01 2.550667e-02 -2.158701e+00 4.749567e+03 6.858423e+02 1.046723e+03  5000 10000 4.013912e-03     0 1.148303e-02 5.233531e+01 1.307189e+02 7.109611e-02 1.925529e-02 
3.392000e+02 5.811516e-01 2.413510e-02 -2.141623e+00 4.742157e+03 6.750862e+02 1.046128e+03  5000 10000 6.157521e-03     0 8.979172e-03 5.226904e+01 1.307910e+02 7.279348e-02 1.757645e-02 
3.393000e+02 5.863932e-01 2.310368e-02 -2.124650e+00 4.734899e+03 6.642190e+02 1.045511e+03  5000 10000 7.885266e-03     0 6.568954e-03 5.220601e+01 1.308645e+02 7.446521e-02 1.628723e-02 
3.394000e+02 5.904302e-01 2.239957e-02 -2.107763e+00 4.727798e+03 6.532405e+02 1.044874e+03  5000 10000 9.260608e-03     0 4.265780e-03 5.214607e+01 1.309387e+02 7.610053e-02 1.533013e-02 
3.395000e+02 5.934733e-01 2.199600e-02 -2.090936e+00 4.720860e+03 6.421510e+02 1.044220e+03  5000 10000 1.034069e-02     0 2.082210e-03 5.208906e+01 1.310133e+02 7.768721e-02 1.464187e-02 
3.396000e+02 5.957104e-01 2.185777e-02 -2.074143e+00 4.714088e+03 6.309511e+02 1.043550e+03  5000 10000 1.117684e-02     0 2.957312e-05 5.203480e+01 1.310877e+02 7.921254e-02 1.415960e-02 
3.397000e+02 5.973071e-01 2.194614e-02 -2.057360e+00 4.707488e+03 6.196420e+02 1.042867e+03  5000 10000 1.181480e-02     0 -1.882525e-03 5.198309e+01 1.311614e+02 8.066432e-02 1.382593e-02 
3.398000e+02 5.984056e-01 2.222271e-02 -2.040566e+00 4.701061e+03 6.082250e+02 1.042173e+03  5000 10000 1.229473e-02     0 -3.646693e-03 5.193373e+01 1.312341e+02 8.203163e-02 1.359237e-02 
3.399000e+02 5.991257e-01 2.265217e-02 -2.023749e+00 4.694814e+03 5.967017e+02 1.041472e+03  5000 10000 1.265123e-02     0 -5.258032e-03 5.188652e+01 1.313052e+02 8.330544e-02 1.342112e-02 
  340 5.995653e-01 2.320377e-02 -2.006901e+00 4.688747e+03 5.850742e+02 1.040764e+03  5000 10000 1.291344e-02     0 -6.714169e-03 5.184126e+01 1.313745e+02 8.447892e-02 1.328521e-02 
3.401000e+02 5.998017e-01 2.385193e-02 -1.990021e+00 4.682866e+03 5.733445e+02 1.040053e+03  5000 10000 1.310521e-02     0 -8.015125e-03 5.179776e+01 1.314415e+02 8.554763e-02 1.316742e-02 
3.402000e+02 5.998942e-01 2.457599e-02 -1.973114e+00 4.677173e+03 5.615152e+02 1.039341e+03  5000 10000 1.324547e-02     0 -9.163076e-03 5.175584e+01 1.315060e+02 8.650940e-02 1.305854e-02 
3.403000e+02 5.998862e-01 2.535949e-02 -1.956186e+00 4.671672e+03 5.495888e+02 1.038629e+03  5000 10000 1.334879e-02     0 -1.016206e-02 5.171533e+01 1.315678e+02 8.736417e-02 1.295512e-02 
3.404000e+02 5.998086e-01 2.618929e-02 -1.939247e+00 4.666364e+03 5.375681e+02 1.037919e+03  5000 10000 1.342599e-02     0 -1.101762e-02 5.167608e+01 1.316267e+02 8.811364e-02 1.285736e-02 
3.405000e+02 5.996823e-01 2.705457e-02 -1.922307e+00 4.661252e+03 5.254561e+02 1.037213e+03  5000 10000 1.348482e-02     0 -1.173650e-02 5.163795e+01 1.316825e+02 8.876094e-02 1.276724e-02 
3.406000e+02 5.995212e-01 2.794608e-02 -1.905375e+00 4.656340e+03 5.132558e+02 1.036513e+03  5000 10000 1.353063e-02     0 -1.232629e-02 5.160082e+01 1.317350e+02 8.931032e-02 1.268709e-02 
3.407000e+02 5.993342e-01 2.885547e-02 -1.888459e+00 4.651628e+03 5.009707e+02 1.035819e+03  5000 10000 1.356702e-02     0 -1.279517e-02 5.156457e+01 1.317843e+02 8.976684e-02 1.261868e-02 
3.408000e+02 5.991271e-01 2.977495e-02 -1.871566e+00 4.647120e+03 4.886040e+02 1.035133e+03  5000 10000 1.359638e-02     0 -1.315165e-02 5.152912e+01 1.318302e+02 9.013607e-02 1.256271e-02 
3.409000e+02 5.989040e-01 3.069709e-02 -1.854700e+00 4.642817e+03 4.761593e+02 1.034455e+03  5000 10000 1.362028e-02     0 -1.340442e-02 5.149439e+01 1.318728e+02 9.042394e-02 1.251877e-02 
  341 5.986681e-01 3.161477e-02 -1.837865e+00 4.638722e+03 4.636401e+02 1.033787e+03  5000 10000 1.363986e-02     0 -1.356218e-02 5.146029e+01 1.319120e+02 9.063653e-02 1.248547e-02 
3.411000e+02 5.984222e-01 3.252131e-02 -1.821063e+00 4.634834e+03 4.510501e+02 1.033129e+03  5000 10000 1.365596e-02     0 -1.363355e-02 5.142679e+01 1.319478e+02 9.077998e-02 1.246078e-02 
3.412000e+02 5.981688e-01 3.341056e-02 -1.804295e+00 4.631157e+03 4.383930e+02 1.032481e+03  5000 10000 1.366931e-02     0 -1.362695e-02 5.139381e+01 1.319804e+02 9.086037e-02 1.244239e-02 
3.413000e+02 5.979103e-01 3.427705e-02 -1.787562e+00 4.627691e+03 4.256727e+02 1.031844e+03  5000 10000 1.368057e-02     0 -1.355056e-02 5.136134e+01 1.320097e+02 9.088365e-02 1.242803e-02 
3.414000e+02 5.976488e-01 3.511608e-02 -1.770864e+00 4.624438e+03 4.128930e+02 1.031218e+03  5000 10000 1.369033e-02     0 -1.341226e-02 5.132935e+01 1.320358e+02 9.085564e-02 1.241574e-02 
3.415000e+02 5.973862e-01 3.592382e-02 -1.754202e+00 4.621398e+03 4.000578e+02 1.030604e+03  5000 10000 1.369910e-02     0 -1.321960e-02 5.129780e+01 1.320589e+02 9.078194e-02 1.240401e-02 
3.416000e+02 5.971239e-01 3.669723e-02 -1.737576e+00 4.618573e+03 3.871710e+02 1.030001e+03  5000 10000 1.370732e-02     0 -1.297973e-02 5.126670e+01 1.320790e+02 9.066794e-02 1.239185e-02 
3.417000e+02 5.968627e-01 3.743410e-02 -1.720986e+00 4.615962e+03 3.742364e+02 1.029409e+03  5000 10000 1.371532e-02     0 -1.269943e-02 5.123603e+01 1.320963e+02 9.051876e-02 1.237876e-02 
3.418000e+02 5.966030e-01 3.813293e-02 -1.704432e+00 4.613567e+03 3.612581e+02 1.028828e+03  5000 10000 1.372330e-02     0 -1.238503e-02 5.120580e+01 1.321108e+02 9.033928e-02 1.236463e-02 
3.419000e+02 5.963450e-01 3.879287e-02 -1.687914e+00 4.611389e+03 3.482398e+02 1.028258e+03  5000 10000 1.373140e-02     0 -1.204247e-02 5.117602e+01 1.321227e+02 9.013407e-02 1.234968e-02 
  342 5.960884e-01 3.941353e-02 -1.671434e+00 4.609427e+03 3.351857e+02 1.027699e+03  5000 10000 1.373961e-02     0 -1.167722e-02 5.114668e+01 1.321322e+02 8.990744e-02 1.233426e-02 
3.421000e+02 5.958328e-01 3.999499e-02 -1.654991e+00 4.607681e+03 3.220995e+02 1.027150e+03  5000 10000 1.374789e-02     0 -1.129433e-02 5.111782e+01 1.321393e+02 8.966337e-02 1.231883e-02 
3.422000e+02 5.955775e-01 4.053762e-02 -1.638585e+00 4.606153e+03 3.089852e+02 1.026611e+03  5000 10000 1.375614e-02     0 -1.089842e-02 5.108945e+01 1.321442e+02 8.940554e-02 1.230380e-02 
3.423000e+02 5.953220e-01 4.104202e-02 -1.622215e+00 4.604842e+03 2.958466e+02 1.026083e+03  5000 10000 1.376421e-02     0 -1.049369e-02 5.106158e+01 1.321470e+02 8.913733e-02 1.228951e-02 
3.424000e+02 5.950658e-01 4.150902e-02 -1.605881e+00 4.603748e+03 2.826876e+02 1.025563e+03  5000 10000 1.377197e-02     0 -1.008393e-02 5.103426e+01 1.321478e+02 8.886183e-02 1.227620e-02 
3.425000e+02 5.948083e-01 4.193955e-02 -1.589583e+00 4.602871e+03 2.695120e+02 1.025053e+03  5000 10000 1.377930e-02     0 -9.672558e-03 5.100748e+01 1.321469e+02 8.858182e-02 1.226401e-02 
3.426000e+02 5.945494e-01 4.233469e-02 -1.573320e+00 4.602211e+03 2.563237e+02 1.024550e+03  5000 10000 1.378609e-02     0 -9.262603e-03 5.098130e+01 1.321443e+02 8.829979e-02 1.225295e-02 
3.427000e+02 5.942887e-01 4.269562e-02 -1.557090e+00 4.601767e+03 2.431263e+02 1.024056e+03  5000 10000 1.379227e-02     0 -8.856759e-03 5.095573e+01 1.321402e+02 8.801800e-02 1.224299e-02 
3.428000e+02 5.940262e-01 4.302357e-02 -1.540892e+00 4.601540e+03 2.299236e+02 1.023570e+03  5000 10000 1.379777e-02     0 -8.457387e-03 5.093080e+01 1.321346e+02 8.773843e-02 1.223402e-02 
3.429000e+02 5.937618e-01 4.331991e-02 -1.524726e+00 4.601529e+03 2.167193e+02 1.023091e+03  5000 10000 1.380257e-02     0 -8.066543e-03 5.090655e+01 1.321277e+02 8.746281e-02 1.222592e-02 
  343 5.934957e-01 4.358603e-02 -1.508589e+00 4.601733e+03 2.035171e+02 1.022618e+03  5000 10000 1.380667e-02     0 -7.685999e-03 5.088299e+01 1.321197e+02 8.719268e-02 1.221857e-02 
3.431000e+02 5.932279e-01 4.382341e-02 -1.492482e+00 4.602152e+03 1.903206e+02 1.022151e+03  5000 10000 1.381008e-02     0 -7.317262e-03 5.086016e+01 1.321106e+02 8.692935e-02 1.221186e-02 
3.432000e+02 5.929584e-01 4.403358e-02 -1.476402e+00 4.602786e+03 1.771335e+02 1.021690e+03  5000 10000 1.381281e-02     0 -6.961593e-03 5.083809e+01 1.321005e+02 8.667395e-02 1.220569e-02 
3.433000e+02 5.926876e-01 4.421811e-02 -1.460348e+00 4.603633e+03 1.639592e+02 1.021235e+03  5000 10000 1.381489e-02     0 -6.620027e-03 5.081680e+01 1.320896e+02 8.642742e-02 1.220000e-02 
3.434000e+02 5.924154e-01 4.437859e-02 -1.444319e+00 4.604694e+03 1.508013e+02 1.020784e+03  5000 10000 1.381635e-02     0 -6.293389e-03 5.079632e+01 1.320779e+02 8.619055e-02 1.219474e-02 
3.435000e+02 5.921420e-01 4.451663e-02 -1.428314e+00 4.605967e+03 1.376633e+02 1.020338e+03  5000 10000 1.381721e-02     0 -5.982316e-03 5.077668e+01 1.320656e+02 8.596397e-02 1.218988e-02 
3.436000e+02 5.918675e-01 4.463383e-02 -1.412331e+00 4.607451e+03 1.245487e+02 1.019896e+03  5000 10000 1.381751e-02     0 -5.687267e-03 5.075791e+01 1.320527e+02 8.574817e-02 1.218541e-02 
3.437000e+02 5.915920e-01 4.473179e-02 -1.396370e+00 4.609147e+03 1.114609e+02 1.019457e+03  5000 10000 1.381726e-02     0 -5.408544e-03 5.074001e+01 1.320393e+02 8.554353e-02 1.218132e-02 
3.438000e+02 5.913157e-01 4.481208e-02 -1.380430e+00 4.611053e+03 9.840330e+01 1.019022e+03  5000 10000 1.381651e-02     0 -5.146305e-03 5.072303e+01 1.320255e+02 8.535028e-02 1.217760e-02 
3.439000e+02 5.910385e-01 4.487622e-02 -1.364508e+00 4.613167e+03 8.537926e+01 1.018590e+03  5000 10000 1.381526e-02     0 -4.900580e-03 5.070697e+01 1.320113e+02 8.516859e-02 1.217423e-02 
  344 5.907607e-01 4.492569e-02 -1.348605e+00 4.615490e+03 7.239212e+01 1.018160e+03  5000 10000 1.381354e-02     0 -4.671281e-03 5.069186e+01 1.319968e+02 8.499849e-02 1.217120e-02 
3.441000e+02 5.904822e-01 4.496193e-02 -1.332719e+00 4.618021e+03 5.944518e+01 1.017733e+03  5000 10000 1.381138e-02     0 -4.458221e-03 5.067773e+01 1.319822e+02 8.483997e-02 1.216850e-02 
3.442000e+02 5.902034e-01 4.498633e-02 -1.316849e+00 4.620758e+03 4.654172e+01 1.017308e+03  5000 10000 1.380881e-02     0 -4.261121e-03 5.066457e+01 1.319673e+02 8.469290e-02 1.216610e-02 
3.443000e+02 5.899241e-01 4.500020e-02 -1.300994e+00 4.623699e+03 3.368498e+01 1.016884e+03  5000 10000 1.380584e-02     0 -4.079626e-03 5.065242e+01 1.319524e+02 8.455712e-02 1.216396e-02 
3.444000e+02 5.896447e-01 4.500481e-02 -1.285153e+00 4.626846e+03 2.087817e+01 1.016462e+03  5000 10000 1.380252e-02     0 -3.913312e-03 5.064129e+01 1.319374e+02 8.443240e-02 1.216206e-02 
3.445000e+02 5.893651e-01 4.500135e-02 -1.269326e+00 4.630195e+03 8.124497e+00 1.016041e+03  5000 10000 1.379886e-02     0 -3.761700e-03 5.063119e+01 1.319224e+02 8.431844e-02 1.216037e-02 
3.446000e+02 5.890855e-01 4.499096e-02 -1.253512e+00 4.633746e+03 -4.572895e+00 1.015621e+03  5000 10000 1.379489e-02     0 -3.624262e-03 5.062213e+01 1.319073e+02 8.421494e-02 1.215885e-02 
3.447000e+02 5.888060e-01 4.497471e-02 -1.237709e+00 4.637498e+03 -1.721086e+01 1.015202e+03  5000 10000 1.379065e-02     0 -3.500433e-03 5.061412e+01 1.318924e+02 8.412152e-02 1.215748e-02 
3.448000e+02 5.885267e-01 4.495361e-02 -1.221918e+00 4.641450e+03 -2.978631e+01 1.014784e+03  5000 10000 1.378616e-02     0 -3.389616e-03 5.060718e+01 1.318775e+02 8.403780e-02 1.215623e-02 
3.449000e+02 5.882478e-01 4.492862e-02 -1.206137e+00 4.645600e+03 -4.229614e+01 1.014366e+03  5000 10000 1.378144e-02     0 -3.291194e-03 5.060131e+01 1.318628e+02 8.396336e-02 1.215508e-02 
  345 5.879693e-01 4.490060e-02 -1.190366e+00 4.649947e+03 -5.473731e+01 1.013948e+03  5000 10000 1.377654e-02     0 -3.204529e-03 5.059652e+01 1.318481e+02 8.389778e-02 1.215401e-02 
3.451000e+02 5.876913e-01 4.487040e-02 -1.174604e+00 4.654490e+03 -6.710678e+01 1.013531e+03  5000 10000 1.377146e-02     0 -3.128976e-03 5.059282e+01 1.318337e+02 8.384060e-02 1.215300e-02 
3.452000e+02 5.874139e-01 4.483876e-02 -1.158851e+00 4.659228e+03 -7.940156e+01 1.013113e+03  5000 10000 1.376623e-02     0 -3.063884e-03 5.059022e+01 1.318194e+02 8.379138e-02 1.215204e-02 
3.453000e+02 5.871373e-01 4.480640e-02 -1.143107e+00 4.664158e+03 -9.161866e+01 1.012696e+03  5000 10000 1.376089e-02     0 -3.008602e-03 5.058871e+01 1.318053e+02 8.374966e-02 1.215111e-02 
3.454000e+02 5.868614e-01 4.477395e-02 -1.127370e+00 4.669280e+03 -1.037551e+02 1.012279e+03  5000 10000 1.375544e-02     0 -2.962485e-03 5.058830e+01 1.317913e+02 8.371498e-02 1.215020e-02 
3.455000e+02 5.865863e-01 4.474201e-02 -1.111640e+00 4.674593e+03 -1.158080e+02 1.011861e+03  5000 10000 1.374991e-02     0 -2.924894e-03 5.058900e+01 1.317777e+02 8.368688e-02 1.214930e-02 
3.456000e+02 5.863122e-01 4.471110e-02 -1.095918e+00 4.680094e+03 -1.277745e+02 1.011444e+03  5000 10000 1.374431e-02     0 -2.895203e-03 5.059080e+01 1.317642e+02 8.366492e-02 1.214840e-02 
3.457000e+02 5.860390e-01 4.468173e-02 -1.080202e+00 4.685782e+03 -1.396516e+02 1.011026e+03  5000 10000 1.373867e-02     0 -2.872802e-03 5.059371e+01 1.317509e+02 8.364864e-02 1.214750e-02 
3.458000e+02 5.857669e-01 4.465431e-02 -1.064492e+00 4.691656e+03 -1.514365e+02 1.010607e+03  5000 10000 1.373300e-02     0 -2.857095e-03 5.059773e+01 1.317379e+02 8.363761e-02 1.214657e-02 
3.459000e+02 5.854959e-01 4.462923e-02 -1.048789e+00 4.697714e+03 -1.631264e+02 1.010189e+03  5000 10000 1.372731e-02     0 -2.847508e-03 5.060286e+01 1.317251e+02 8.363141e-02 1.214562e-02 
  346 5.852260e-01 4.460683e-02 -1.033091e+00 4.703954e+03 -1.747184e+02 1.009770e+03  5000 10000 1.372163e-02     0 -2.843488e-03 5.060910e+01 1.317125e+02 8.362963e-02 1.214464e-02 
3.461000e+02 5.849572e-01 4.458743e-02 -1.017399e+00 4.710376e+03 -1.862099e+02 1.009350e+03  5000 10000 1.371596e-02     0 -2.844505e-03 5.061644e+01 1.317002e+02 8.363187e-02 1.214362e-02 
3.462000e+02 5.846898e-01 4.457126e-02 -1.001713e+00 4.716976e+03 -1.975980e+02 1.008930e+03  5000 10000 1.371032e-02     0 -2.850050e-03 5.062489e+01 1.316881e+02 8.363776e-02 1.214256e-02 
3.463000e+02 5.844236e-01 4.455856e-02 -9.860316e-01 4.723754e+03 -2.088800e+02 1.008510e+03  5000 10000 1.370471e-02     0 -2.859642e-03 5.063443e+01 1.316762e+02 8.364693e-02 1.214144e-02 
3.464000e+02 5.841586e-01 4.454951e-02 -9.703555e-01 4.730707e+03 -2.200533e+02 1.008090e+03  5000 10000 1.369916e-02     0 -2.872824e-03 5.064508e+01 1.316645e+02 8.365903e-02 1.214027e-02 
3.465000e+02 5.838951e-01 4.454428e-02 -9.546845e-01 4.737834e+03 -2.311152e+02 1.007669e+03  5000 10000 1.369366e-02     0 -2.889164e-03 5.065683e+01 1.316531e+02 8.367374e-02 1.213904e-02 
3.466000e+02 5.836328e-01 4.454298e-02 -9.390183e-01 4.745133e+03 -2.420630e+02 1.007248e+03  5000 10000 1.368823e-02     0 -2.908257e-03 5.066967e+01 1.316419e+02 8.369075e-02 1.213775e-02 
3.467000e+02 5.833720e-01 4.454571e-02 -9.233569e-01 4.752602e+03 -2.528941e+02 1.006827e+03  5000 10000 1.368287e-02     0 -2.929723e-03 5.068359e+01 1.316309e+02 8.370976e-02 1.213639e-02 
3.468000e+02 5.831126e-01 4.455256e-02 -9.077003e-01 4.760239e+03 -2.636060e+02 1.006405e+03  5000 10000 1.367760e-02     0 -2.953207e-03 5.069861e+01 1.316200e+02 8.373050e-02 1.213497e-02 
3.469000e+02 5.828545e-01 4.456357e-02 -8.920484e-01 4.768043e+03 -2.741961e+02 1.005984e+03  5000 10000 1.367242e-02     0 -2.978379e-03 5.071470e+01 1.316094e+02 8.375271e-02 1.213348e-02 
  347 5.825979e-01 4.457877e-02 -8.764012e-01 4.776010e+03 -2.846619e+02 1.005562e+03  5000 10000 1.366733e-02     0 -3.004935e-03 5.073187e+01 1.315990e+02 8.377616e-02 1.213192e-02 
3.471000e+02 5.823428e-01 4.459818e-02 -8.607585e-01 4.784140e+03 -2.950009e+02 1.005140e+03  5000 10000 1.366234e-02     0 -3.032594e-03 5.075011e+01 1.315887e+02 8.380062e-02 1.213030e-02 
3.472000e+02 5.820891e-01 4.462179e-02 -8.451205e-01 4.792430e+03 -3.052106e+02 1.004718e+03  5000 10000 1.365745e-02     0 -3.061099e-03 5.076941e+01 1.315786e+02 8.382589e-02 1.212860e-02 
3.473000e+02 5.818368e-01 4.464958e-02 -8.294871e-01 4.800878e+03 -3.152887e+02 1.004295e+03  5000 10000 1.365267e-02     0 -3.090213e-03 5.078978e+01 1.315687e+02 8.385179e-02 1.212684e-02 
3.474000e+02 5.815861e-01 4.468151e-02 -8.138582e-01 4.809482e+03 -3.252327e+02 1.003873e+03  5000 10000 1.364800e-02     0 -3.119723e-03 5.081120e+01 1.315590e+02 8.387813e-02 1.212500e-02 
3.475000e+02 5.813367e-01 4.471756e-02 -7.982340e-01 4.818239e+03 -3.350402e+02 1.003451e+03  5000 10000 1.364344e-02     0 -3.149436e-03 5.083368e+01 1.315494e+02 8.390477e-02 1.212310e-02 
3.476000e+02 5.810889e-01 4.475765e-02 -7.826143e-01 4.827148e+03 -3.447091e+02 1.003030e+03  5000 10000 1.363900e-02     0 -3.179178e-03 5.085719e+01 1.315399e+02 8.393157e-02 1.212114e-02 
3.477000e+02 5.808425e-01 4.480173e-02 -7.669993e-01 4.836207e+03 -3.542369e+02 1.002608e+03  5000 10000 1.363467e-02     0 -3.208796e-03 5.088175e+01 1.315306e+02 8.395839e-02 1.211910e-02 
3.478000e+02 5.805976e-01 4.484972e-02 -7.513890e-01 4.845412e+03 -3.636214e+02 1.002186e+03  5000 10000 1.363046e-02     0 -3.238151e-03 5.090734e+01 1.315215e+02 8.398513e-02 1.211700e-02 
3.479000e+02 5.803541e-01 4.490156e-02 -7.357833e-01 4.854762e+03 -3.728604e+02 1.001765e+03  5000 10000 1.362636e-02     0 -3.267124e-03 5.093396e+01 1.315124e+02 8.401168e-02 1.211484e-02 
  348 5.801121e-01 4.495716e-02 -7.201823e-01 4.864255e+03 -3.819518e+02 1.001345e+03  5000 10000 1.362239e-02     0 -3.295610e-03 5.096160e+01 1.315035e+02 8.403796e-02 1.211261e-02 
3.481000e+02 5.798715e-01 4.501643e-02 -7.045861e-01 4.873888e+03 -3.908934e+02 1.000924e+03  5000 10000 1.361853e-02     0 -3.323518e-03 5.099026e+01 1.314946e+02 8.406388e-02 1.211032e-02 
3.482000e+02 5.796323e-01 4.507929e-02 -6.889946e-01 4.883658e+03 -3.996830e+02 1.000504e+03  5000 10000 1.361479e-02     0 -3.350773e-03 5.101993e+01 1.314859e+02 8.408938e-02 1.210798e-02 
3.483000e+02 5.793946e-01 4.514565e-02 -6.734080e-01 4.893564e+03 -4.083187e+02 1.000085e+03  5000 10000 1.361117e-02     0 -3.377309e-03 5.105060e+01 1.314773e+02 8.411441e-02 1.210557e-02 
3.484000e+02 5.791583e-01 4.521541e-02 -6.578262e-01 4.903602e+03 -4.167983e+02 9.996659e+02  5000 10000 1.360767e-02     0 -3.403076e-03 5.108228e+01 1.314688e+02 8.413891e-02 1.210311e-02 
3.485000e+02 5.789234e-01 4.528849e-02 -6.422492e-01 4.913770e+03 -4.251200e+02 9.992477e+02  5000 10000 1.360428e-02     0 -3.428031e-03 5.111494e+01 1.314604e+02 8.416285e-02 1.210059e-02 
3.486000e+02 5.786899e-01 4.536479e-02 -6.266772e-01 4.924067e+03 -4.332817e+02 9.988300e+02  5000 10000 1.360100e-02     0 -3.452142e-03 5.114859e+01 1.314520e+02 8.418619e-02 1.209802e-02 
3.487000e+02 5.784578e-01 4.544422e-02 -6.111101e-01 4.934489e+03 -4.412816e+02 9.984131e+02  5000 10000 1.359784e-02     0 -3.475388e-03 5.118323e+01 1.314438e+02 8.420891e-02 1.209539e-02 
3.488000e+02 5.782270e-01 4.552669e-02 -5.955480e-01 4.945033e+03 -4.491177e+02 9.979970e+02  5000 10000 1.359479e-02     0 -3.497752e-03 5.121884e+01 1.314356e+02 8.423099e-02 1.209272e-02 
3.489000e+02 5.779976e-01 4.561212e-02 -5.799909e-01 4.955697e+03 -4.567883e+02 9.975816e+02  5000 10000 1.359186e-02     0 -3.519228e-03 5.125542e+01 1.314275e+02 8.425242e-02 1.209000e-02 
  349 5.777696e-01 4.570042e-02 -5.644388e-01 4.966479e+03 -4.642916e+02 9.971671e+02  5000 10000 1.358903e-02     0 -3.539814e-03 5.129297e+01 1.314194e+02 8.427319e-02 1.208723e-02 
3.491000e+02 5.775429e-01 4.579150e-02 -5.488919e-01 4.977375e+03 -4.716259e+02 9.967535e+02  5000 10000 1.358631e-02     0 -3.559516e-03 5.133147e+01 1.314114e+02 8.429330e-02 1.208442e-02 
3.492000e+02 5.773175e-01 4.588528e-02 -5.333500e-01 4.988384e+03 -4.787893e+02 9.963408e+02  5000 10000 1.358369e-02     0 -3.578343e-03 5.137093e+01 1.314035e+02 8.431276e-02 1.208156e-02 
3.493000e+02 5.770935e-01 4.598168e-02 -5.178134e-01 4.999502e+03 -4.857804e+02 9.959291e+02  5000 10000 1.358118e-02     0 -3.596309e-03 5.141133e+01 1.313956e+02 8.433156e-02 1.207867e-02 
3.494000e+02 5.768707e-01 4.608062e-02 -5.022819e-01 5.010727e+03 -4.925974e+02 9.955184e+02  5000 10000 1.357877e-02     0 -3.613432e-03 5.145268e+01 1.313878e+02 8.434972e-02 1.207573e-02 
3.495000e+02 5.766492e-01 4.618204e-02 -4.867556e-01 5.022055e+03 -4.992388e+02 9.951088e+02  5000 10000 1.357646e-02     0 -3.629735e-03 5.149496e+01 1.313801e+02 8.436724e-02 1.207275e-02 
3.496000e+02 5.764290e-01 4.628587e-02 -4.712346e-01 5.033485e+03 -5.057031e+02 9.947002e+02  5000 10000 1.357425e-02     0 -3.645240e-03 5.153817e+01 1.313724e+02 8.438415e-02 1.206973e-02 
3.497000e+02 5.762101e-01 4.639202e-02 -4.557189e-01 5.045013e+03 -5.119888e+02 9.942928e+02  5000 10000 1.357214e-02     0 -3.659975e-03 5.158231e+01 1.313647e+02 8.440047e-02 1.206668e-02 
3.498000e+02 5.759924e-01 4.650045e-02 -4.402086e-01 5.056637e+03 -5.180944e+02 9.938866e+02  5000 10000 1.357012e-02     0 -3.673967e-03 5.162736e+01 1.313571e+02 8.441620e-02 1.206359e-02 
3.499000e+02 5.757759e-01 4.661109e-02 -4.247036e-01 5.068353e+03 -5.240186e+02 9.934816e+02  5000 10000 1.356820e-02     0 -3.687247e-03 5.167333e+01 1.313495e+02 8.443136e-02 1.206047e-02 
  350 5.755607e-01 4.672388e-02 -4.092040e-01 5.080160e+03 -5.297600e+02 9.930778e+02  5000 10000 1.356636e-02     0 -3.699845e-03 5.172021e+01 1.313420e+02 8.444599e-02 1.205731e-02 
3.501000e+02 5.753467e-01 4.683878e-02 -3.937099e-01 5.092053e+03 -5.353174e+02 9.926754e+02  5000 10000 1.356462e-02     0 -3.711791e-03 5.176799e+01 1.313345e+02 8.446010e-02 1.205413e-02 
3.502000e+02 5.751339e-01 4.695572e-02 -3.782213e-01 5.104030e+03 -5.406894e+02 9.922742e+02  5000 10000 1.356297e-02     0 -3.723119e-03 5.181666e+01 1.313271e+02 8.447371e-02 1.205091e-02 
3.503000e+02 5.749223e-01 4.707466e-02 -3.627383e-01 5.116088e+03 -5.458748e+02 9.918744e+02  5000 10000 1.356140e-02     0 -3.733860e-03 5.186623e+01 1.313196e+02 8.448685e-02 1.204766e-02 
3.504000e+02 5.747119e-01 4.719555e-02 -3.472609e-01 5.128225e+03 -5.508725e+02 9.914759e+02  5000 10000 1.355992e-02     0 -3.744045e-03 5.191668e+01 1.313123e+02 8.449953e-02 1.204438e-02 
3.505000e+02 5.745026e-01 4.731836e-02 -3.317892e-01 5.140437e+03 -5.556814e+02 9.910789e+02  5000 10000 1.355852e-02     0 -3.753707e-03 5.196801e+01 1.313049e+02 8.451179e-02 1.204108e-02 
3.506000e+02 5.742946e-01 4.744303e-02 -3.163234e-01 5.152722e+03 -5.603003e+02 9.906833e+02  5000 10000 1.355721e-02     0 -3.762875e-03 5.202021e+01 1.312976e+02 8.452363e-02 1.203775e-02 
3.507000e+02 5.740876e-01 4.756955e-02 -3.008634e-01 5.165075e+03 -5.647284e+02 9.902891e+02  5000 10000 1.355597e-02     0 -3.771580e-03 5.207328e+01 1.312904e+02 8.453509e-02 1.203439e-02 
3.508000e+02 5.738818e-01 4.769786e-02 -2.854096e-01 5.177495e+03 -5.689645e+02 9.898965e+02  5000 10000 1.355482e-02     0 -3.779852e-03 5.212721e+01 1.312831e+02 8.454619e-02 1.203100e-02 
3.509000e+02 5.736772e-01 4.782794e-02 -2.699619e-01 5.189979e+03 -5.730078e+02 9.895054e+02  5000 10000 1.355375e-02     0 -3.787718e-03 5.218201e+01 1.312759e+02 8.455695e-02 1.202759e-02 
  351 5.734736e-01 4.795975e-02 -2.545208e-01 5.202523e+03 -5.768573e+02 9.891158e+02  5000 10000 1.355275e-02     0 -3.795206e-03 5.223765e+01 1.312687e+02 8.456739e-02 1.202415e-02 
3.511000e+02 5.732712e-01 4.809328e-02 -2.390863e-01 5.215124e+03 -5.805123e+02 9.887278e+02  5000 10000 1.355183e-02     0 -3.802343e-03 5.229414e+01 1.312616e+02 8.457752e-02 1.202069e-02 
3.512000e+02 5.730699e-01 4.822849e-02 -2.236588e-01 5.227780e+03 -5.839719e+02 9.883415e+02  5000 10000 1.355098e-02     0 -3.809152e-03 5.235146e+01 1.312545e+02 8.458737e-02 1.201721e-02 
3.513000e+02 5.728697e-01 4.836535e-02 -2.082389e-01 5.240487e+03 -5.872355e+02 9.879567e+02  5000 10000 1.355020e-02     0 -3.815658e-03 5.240962e+01 1.312474e+02 8.459695e-02 1.201370e-02 
3.514000e+02 5.726705e-01 4.850386e-02 -1.928271e-01 5.253242e+03 -5.903022e+02 9.875736e+02  5000 10000 1.354950e-02     0 -3.821884e-03 5.246861e+01 1.312404e+02 8.460629e-02 1.201017e-02 
3.515000e+02 5.724725e-01 4.864397e-02 -1.774242e-01 5.266042e+03 -5.931715e+02 9.871922e+02  5000 10000 1.354888e-02     0 -3.827849e-03 5.252842e+01 1.312334e+02 8.461539e-02 1.200662e-02 
3.516000e+02 5.722755e-01 4.878568e-02 -1.620312e-01 5.278885e+03 -5.958427e+02 9.868125e+02  5000 10000 1.354832e-02     0 -3.833575e-03 5.258905e+01 1.312264e+02 8.462428e-02 1.200304e-02 
3.517000e+02 5.720796e-01 4.892897e-02 -1.466499e-01 5.291766e+03 -5.983154e+02 9.864345e+02  5000 10000 1.354783e-02     0 -3.839079e-03 5.265049e+01 1.312195e+02 8.463297e-02 1.199945e-02 
3.518000e+02 5.718847e-01 4.907382e-02 -1.312826e-01 5.304684e+03 -6.005889e+02 9.860582e+02  5000 10000 1.354741e-02     0 -3.844379e-03 5.271273e+01 1.312126e+02 8.464147e-02 1.199583e-02 
3.519000e+02 5.716909e-01 4.922022e-02 -1.159328e-01 5.317634e+03 -6.026629e+02 9.856837e+02  5000 10000 1.354706e-02     0 -3.849491e-03 5.277577e+01 1.312057e+02 8.464979e-02 1.199219e-02 
  352 5.714982e-01 4.936814e-02 -1.006063e-01 5.330615e+03 -6.045369e+02 9.853110e+02  5000 10000 1.354678e-02     0 -3.854428e-03 5.283960e+01 1.311988e+02 8.465795e-02 1.198853e-02 
3.521000e+02 5.713064e-01 4.951757e-02 -8.531310e-02 5.343621e+03 -6.062106e+02 9.849402e+02  5000 10000 1.354656e-02     0 -3.859206e-03 5.290422e+01 1.311920e+02 8.466596e-02 1.198485e-02 
3.522000e+02 5.711157e-01 4.966851e-02 -7.007178e-02 5.356652e+03 -6.076836e+02 9.845711e+02  5000 10000 1.354641e-02     0 -3.863835e-03 5.296962e+01 1.311852e+02 8.467382e-02 1.198115e-02 
3.523000e+02 5.709260e-01 4.982093e-02 -5.492150e-02 5.369703e+03 -6.089557e+02 9.842040e+02  5000 10000 1.354633e-02     0 -3.868326e-03 5.303580e+01 1.311785e+02 8.468155e-02 1.197743e-02 
3.524000e+02 5.707374e-01 4.997484e-02 -3.996044e-02 5.382772e+03 -6.100267e+02 9.838387e+02  5000 10000 1.354631e-02     0 -3.872690e-03 5.310274e+01 1.311717e+02 8.468916e-02 1.197369e-02 
3.525000e+02 5.705497e-01 5.013020e-02 -2.551493e-02 5.395854e+03 -6.108963e+02 9.834753e+02  5000 10000 1.354635e-02     0 -3.876936e-03 5.317044e+01 1.311651e+02 8.469664e-02 1.196993e-02 
3.526000e+02 5.703631e-01 5.028702e-02 -1.335894e-02 5.408948e+03 -6.115645e+02 9.831138e+02  5000 10000 1.354646e-02     0 -3.881071e-03 5.323890e+01 1.311584e+02 8.470402e-02 1.196614e-02 
3.527000e+02 5.701774e-01 5.044528e-02 1.336983e-02 5.422050e+03 -6.120312e+02 9.827543e+02  5000 10000 1.354663e-02     0 -3.885102e-03 5.330811e+01 1.311518e+02 8.471128e-02 1.196234e-02 
3.528000e+02 5.699927e-01 5.060498e-02 2.552363e-02 5.435158e+03 -6.122964e+02 9.823967e+02  5000 10000 1.354686e-02     0 -3.889035e-03 5.337807e+01 1.311452e+02 8.471845e-02 1.195852e-02 
3.529000e+02 5.698091e-01 5.076610e-02 3.995177e-02 5.448267e+03 -6.123600e+02 9.820411e+02  5000 10000 1.354716e-02     0 -3.892876e-03 5.344875e+01 1.311386e+02 8.472552e-02 1.195469e-02 
  353 5.696264e-01 5.092863e-02 5.488527e-02 5.461375e+03 -6.122222e+02 9.816875e+02  5000 10000 1.354751e-02     0 -3.896628e-03 5.352017e+01 1.311321e+02 8.473250e-02 1.195083e-02 
3.531000e+02 5.691652e-01 5.107618e-02 7.002560e-02 5.474478e+03 -6.118830e+02 9.813360e+02  5000 10000 1.701868e-02     0 -3.903319e-03 5.359232e+01 1.311256e+02 8.474285e-02 1.189051e-02 
3.532000e+02 5.677877e-01 5.115032e-02 8.536759e-02 5.487575e+03 -6.113428e+02 9.809865e+02  5000 10000 1.817394e-02     0 -3.925837e-03 5.366518e+01 1.311191e+02 8.476525e-02 1.159319e-02 
3.533000e+02 5.657405e-01 5.113997e-02 1.009019e-01 5.500661e+03 -6.106019e+02 9.806394e+02  5000 10000 1.834859e-02     0 -3.954307e-03 5.373873e+01 1.311126e+02 8.479933e-02 1.103385e-02 
3.534000e+02 5.634440e-01 5.108460e-02 1.165545e-01 5.513733e+03 -6.096610e+02 9.802949e+02  5000 10000 1.809962e-02     0 -3.965361e-03 5.381293e+01 1.311059e+02 8.484043e-02 1.030991e-02 
3.535000e+02 5.611795e-01 5.104334e-02 1.322159e-01 5.526789e+03 -6.085207e+02 9.799534e+02  5000 10000 1.768527e-02     0 -3.948486e-03 5.388775e+01 1.310991e+02 8.488094e-02 9.560900e-03 
3.536000e+02 5.585372e-01 5.104123e-02 1.478287e-01 5.539825e+03 -6.071820e+02 9.796152e+02  5000 10000 2.388753e-02     0 -3.910883e-03 5.396315e+01 1.310920e+02 8.491759e-02 8.809054e-03 
3.537000e+02 5.543160e-01 5.100971e-02 1.634885e-01 5.552840e+03 -6.056456e+02 9.792808e+02  5000 10000 2.565773e-02     0 -3.877792e-03 5.403908e+01 1.310845e+02 8.495665e-02 7.800937e-03 
3.538000e+02 5.489605e-01 5.094981e-02 1.792045e-01 5.565828e+03 -6.039129e+02 9.789508e+02  5000 10000 2.557531e-02     0 -3.826010e-03 5.411547e+01 1.310765e+02 8.499499e-02 6.533401e-03 
3.539000e+02 5.432367e-01 5.093444e-02 1.948587e-01 5.578789e+03 -6.019856e+02 9.786261e+02  5000 10000 2.470934e-02     0 -3.709027e-03 5.419225e+01 1.310678e+02 8.502520e-02 5.192374e-03 
  354 5.376525e-01 5.105225e-02 2.102796e-01 5.591718e+03 -5.998656e+02 9.783074e+02  5000 10000 2.354984e-02     0 -3.510974e-03 5.426930e+01 1.310582e+02 8.503456e-02 4.008995e-03 
3.541000e+02 5.318923e-01 5.134204e-02 2.253602e-01 5.604615e+03 -5.975548e+02 9.779957e+02  5000 10000 2.909356e-02     0 -3.246959e-03 5.434655e+01 1.310475e+02 8.501098e-02 3.065217e-03 
3.542000e+02 5.247603e-01 5.173388e-02 2.401844e-01 5.617474e+03 -5.950554e+02 9.776918e+02  5000 10000 3.016091e-02     0 -2.945471e-03 5.442390e+01 1.310356e+02 8.495145e-02 2.121021e-03 
3.543000e+02 5.166990e-01 5.220927e-02 2.547764e-01 5.630296e+03 -5.923699e+02 9.773966e+02  5000 10000 2.938992e-02     0 -2.583212e-03 5.450123e+01 1.310223e+02 8.485658e-02 1.150638e-03 
3.544000e+02 5.084710e-01 5.280395e-02 2.690558e-01 5.643076e+03 -5.895014e+02 9.771114e+02  5000 10000 2.787091e-02     0 -2.120715e-03 5.457843e+01 1.310074e+02 8.472426e-02 2.904410e-04 
3.545000e+02 5.005835e-01 5.355960e-02 2.829032e-01 5.655813e+03 -5.864531e+02 9.768371e+02  5000 10000 2.610155e-02     0 -1.553338e-03 5.465538e+01 1.309907e+02 8.454512e-02 -2.936546e-04 
3.546000e+02 4.927643e-01 5.447175e-02 2.962683e-01 5.668505e+03 -5.832282e+02 9.765748e+02  5000 10000 3.060841e-02     0 -9.030138e-04 5.473197e+01 1.309722e+02 8.430797e-02 -5.805221e-04 
3.547000e+02 4.839160e-01 5.544469e-02 3.092862e-01 5.681150e+03 -5.798301e+02 9.763252e+02  5000 10000 3.100450e-02     0 -1.963432e-04 5.480808e+01 1.309517e+02 8.401038e-02 -8.468256e-04 
3.548000e+02 4.744572e-01 5.643307e-02 3.220290e-01 5.693747e+03 -5.762626e+02 9.760892e+02  5000 10000 2.974855e-02     0 5.830784e-04 5.488361e+01 1.309291e+02 8.365898e-02 -1.163664e-03 
3.549000e+02 4.650987e-01 5.744473e-02 3.344619e-01 5.706293e+03 -5.725298e+02 9.758678e+02  5000 10000 2.785721e-02     0 1.459646e-03 5.495847e+01 1.309044e+02 8.325657e-02 -1.440593e-03 
  355 4.563075e-01 5.850045e-02 3.465027e-01 5.718788e+03 -5.686358e+02 9.756615e+02  5000 10000 2.579413e-02     0 2.427865e-03 5.503256e+01 1.308774e+02 8.279884e-02 -1.546469e-03 
3.551000e+02 4.478513e-01 5.959140e-02 3.581216e-01 5.731230e+03 -5.645844e+02 9.754708e+02  5000 10000 2.925708e-02     0 3.463081e-03 5.510579e+01 1.308483e+02 8.228023e-02 -1.464760e-03 
3.552000e+02 4.387640e-01 6.064187e-02 3.694476e-01 5.743618e+03 -5.603799e+02 9.752961e+02  5000 10000 2.920289e-02     0 4.539173e-03 5.517812e+01 1.308170e+02 8.170323e-02 -1.429732e-03 
3.553000e+02 4.293863e-01 6.162076e-02 3.805473e-01 5.755951e+03 -5.560263e+02 9.751376e+02  5000 10000 2.777177e-02     0 5.662522e-03 5.524949e+01 1.307836e+02 8.107912e-02 -1.494614e-03 
3.554000e+02 4.203058e-01 6.254157e-02 3.913888e-01 5.768228e+03 -5.515279e+02 9.749954e+02  5000 10000 2.584424e-02     0 6.844970e-03 5.531986e+01 1.307481e+02 8.041572e-02 -1.571558e-03 
3.555000e+02 4.118970e-01 6.342925e-02 4.018982e-01 5.780450e+03 -5.468890e+02 9.748693e+02  5000 10000 2.381729e-02     0 8.076311e-03 5.538922e+01 1.307107e+02 7.971495e-02 -1.537469e-03 
3.556000e+02 4.039300e-01 6.428573e-02 4.120480e-01 5.792615e+03 -5.421136e+02 9.747593e+02  5000 10000 2.661773e-02     0 9.332985e-03 5.545755e+01 1.306715e+02 7.897745e-02 -1.368323e-03 
3.557000e+02 3.955447e-01 6.505994e-02 4.219520e-01 5.804722e+03 -5.372055e+02 9.746648e+02  5000 10000 2.641008e-02     0 1.059114e-02 5.552485e+01 1.306306e+02 7.820959e-02 -1.256909e-03 
3.558000e+02 3.870110e-01 6.573560e-02 4.316675e-01 5.816773e+03 -5.321688e+02 9.745855e+02  5000 10000 2.504120e-02     0 1.185259e-02 5.559116e+01 1.305883e+02 7.742384e-02 -1.244040e-03 
3.559000e+02 3.788148e-01 6.633059e-02 4.411661e-01 5.828766e+03 -5.270075e+02 9.745207e+02  5000 10000 2.326751e-02     0 1.312437e-02 5.565648e+01 1.305447e+02 7.662909e-02 -1.251643e-03 
  356 3.712619e-01 6.687092e-02 4.503838e-01 5.840701e+03 -5.217254e+02 9.744698e+02  5000 10000 2.142741e-02     0 1.439761e-02 5.572085e+01 1.304999e+02 7.582882e-02 -1.172532e-03 
3.561000e+02 3.641394e-01 6.736357e-02 4.592986e-01 5.852579e+03 -5.163260e+02 9.744321e+02  5000 10000 2.380284e-02     0 1.565392e-02 5.578432e+01 1.304542e+02 7.502486e-02 -9.849596e-04 
3.562000e+02 3.566923e-01 6.777290e-02 4.680137e-01 5.864400e+03 -5.108129e+02 9.744067e+02  5000 10000 2.357283e-02     0 1.687496e-02 5.584693e+01 1.304077e+02 7.422293e-02 -8.538920e-04 
3.563000e+02 3.491467e-01 6.809068e-02 4.765797e-01 5.876163e+03 -5.051895e+02 9.743928e+02  5000 10000 2.234206e-02     0 1.806283e-02 5.590875e+01 1.303606e+02 7.343269e-02 -8.148835e-04 
3.564000e+02 3.419176e-01 6.833524e-02 4.849718e-01 5.887870e+03 -4.994593e+02 9.743895e+02  5000 10000 2.076651e-02     0 1.922448e-02 5.596981e+01 1.303132e+02 7.266053e-02 -8.010395e-04 
3.565000e+02 3.352654e-01 6.853094e-02 4.931336e-01 5.899519e+03 -4.936255e+02 9.743960e+02  5000 10000 1.913885e-02     0 2.035499e-02 5.603019e+01 1.302656e+02 7.190833e-02 -7.196218e-04 
3.566000e+02 3.290001e-01 6.868654e-02 5.010458e-01 5.911113e+03 -4.876912e+02 9.744113e+02  5000 10000 2.121123e-02     0 2.144213e-02 5.608994e+01 1.302179e+02 7.117651e-02 -5.508130e-04 
3.567000e+02 3.224600e-01 6.877651e-02 5.088002e-01 5.922651e+03 -4.816592e+02 9.744346e+02  5000 10000 2.100210e-02     0 2.247349e-02 5.614913e+01 1.301704e+02 7.046834e-02 -4.361193e-04 
3.568000e+02 3.158401e-01 6.879707e-02 5.164398e-01 5.934133e+03 -4.755325e+02 9.744649e+02  5000 10000 1.991781e-02     0 2.345280e-02 5.620782e+01 1.301232e+02 6.978979e-02 -4.057533e-04 
3.569000e+02 3.095007e-01 6.876533e-02 5.239403e-01 5.945560e+03 -4.693138e+02 9.745013e+02  5000 10000 1.853272e-02     0 2.438806e-02 5.626607e+01 1.300765e+02 6.914422e-02 -4.008718e-04 
  357 3.036678e-01 6.870282e-02 5.312502e-01 5.956933e+03 -4.630058e+02 9.745431e+02  5000 10000 1.710271e-02     0 2.527805e-02 5.632394e+01 1.300303e+02 6.853145e-02 -3.397046e-04 
3.571000e+02 2.981714e-01 6.861807e-02 5.383515e-01 5.968253e+03 -4.566110e+02 9.745894e+02  5000 10000 1.895545e-02     0 2.611558e-02 5.638148e+01 1.299848e+02 6.795017e-02 -2.038655e-04 
3.572000e+02 2.924260e-01 6.849156e-02 5.453254e-01 5.979518e+03 -4.501317e+02 9.746395e+02  5000 10000 1.878262e-02     0 2.689289e-02 5.643876e+01 1.299402e+02 6.740140e-02 -1.165378e-04 
3.573000e+02 2.866037e-01 6.832127e-02 5.522084e-01 5.990731e+03 -4.435704e+02 9.746925e+02  5000 10000 1.783194e-02     0 2.761505e-02 5.649582e+01 1.298966e+02 6.688811e-02 -1.040221e-04 
3.574000e+02 2.810227e-01 6.812179e-02 5.589771e-01 6.001892e+03 -4.369292e+02 9.747479e+02  5000 10000 1.661279e-02     0 2.829075e-02 5.655272e+01 1.298539e+02 6.641129e-02 -1.142498e-04 
3.575000e+02 2.758831e-01 6.791102e-02 5.655839e-01 6.013002e+03 -4.302103e+02 9.748050e+02  5000 10000 1.535197e-02     0 2.892126e-02 5.660949e+01 1.298124e+02 6.596924e-02 -7.463194e-05 
3.576000e+02 2.710330e-01 6.769599e-02 5.720119e-01 6.024060e+03 -4.234157e+02 9.748632e+02  5000 10000 1.703374e-02     0 2.950274e-02 5.666619e+01 1.297721e+02 6.555946e-02 3.150833e-05 
3.577000e+02 2.659498e-01 6.746059e-02 5.783340e-01 6.035068e+03 -4.165473e+02 9.749220e+02  5000 10000 1.689577e-02     0 3.003049e-02 5.672284e+01 1.297330e+02 6.518143e-02 9.497026e-05 
3.578000e+02 2.607878e-01 6.720304e-02 5.845815e-01 6.046027e+03 -4.096071e+02 9.749809e+02  5000 10000 1.605756e-02     0 3.051015e-02 5.677949e+01 1.296953e+02 6.483621e-02 9.220010e-05 
3.579000e+02 2.558326e-01 6.693502e-02 5.907322e-01 6.056936e+03 -4.025968e+02 9.750394e+02  5000 10000 1.497610e-02     0 3.095031e-02 5.683616e+01 1.296588e+02 6.452335e-02 6.958976e-05 
  358 2.512643e-01 6.667078e-02 5.967420e-01 6.067797e+03 -3.955181e+02 9.750972e+02  5000 10000 1.385495e-02     0 3.135341e-02 5.689289e+01 1.296238e+02 6.424041e-02 9.214866e-05 
3.581000e+02 2.469468e-01 6.641555e-02 6.025952e-01 6.078610e+03 -3.883728e+02 9.751538e+02  5000 10000 1.539231e-02     0 3.171750e-02 5.694969e+01 1.295901e+02 6.398439e-02 1.750109e-04 
3.582000e+02 2.424098e-01 6.615537e-02 6.083574e-01 6.089375e+03 -3.811624e+02 9.752091e+02  5000 10000 1.528165e-02     0 3.203961e-02 5.700658e+01 1.295578e+02 6.375407e-02 2.202328e-04 
3.583000e+02 2.377933e-01 6.588817e-02 6.140562e-01 6.100095e+03 -3.738884e+02 9.752628e+02  5000 10000 1.453561e-02     0 3.232514e-02 5.706360e+01 1.295269e+02 6.354950e-02 2.065111e-04 
3.584000e+02 2.333559e-01 6.562294e-02 6.196704e-01 6.110767e+03 -3.665523e+02 9.753146e+02  5000 10000 1.356756e-02     0 3.258192e-02 5.712074e+01 1.294975e+02 6.336966e-02 1.755781e-04 
3.585000e+02 2.292611e-01 6.537077e-02 6.251593e-01 6.121395e+03 -3.591556e+02 9.753644e+02  5000 10000 1.256170e-02     0 3.281262e-02 5.717801e+01 1.294694e+02 6.321199e-02 1.861418e-04 
3.586000e+02 2.253863e-01 6.513525e-02 6.305084e-01 6.131978e+03 -3.516997e+02 9.754121e+02  5000 10000 1.397074e-02     0 3.301610e-02 5.723544e+01 1.294427e+02 6.307360e-02 2.519858e-04 
3.587000e+02 2.213058e-01 6.490405e-02 6.357769e-01 6.142516e+03 -3.441858e+02 9.754575e+02  5000 10000 1.387984e-02     0 3.319019e-02 5.729302e+01 1.294173e+02 6.295312e-02 2.845355e-04 
3.588000e+02 2.171471e-01 6.467472e-02 6.409896e-01 6.153011e+03 -3.366152e+02 9.755006e+02  5000 10000 1.320977e-02     0 3.333958e-02 5.735075e+01 1.293933e+02 6.285029e-02 2.643855e-04 
3.589000e+02 2.131457e-01 6.445403e-02 6.461266e-01 6.163463e+03 -3.289892e+02 9.755413e+02  5000 10000 1.233644e-02     0 3.347094e-02 5.740865e+01 1.293706e+02 6.276405e-02 2.292993e-04 
  359 2.094508e-01 6.425055e-02 6.511504e-01 6.173872e+03 -3.213090e+02 9.755797e+02  5000 10000 1.142740e-02     0 3.358662e-02 5.746670e+01 1.293492e+02 6.269212e-02 2.325531e-04 
3.591000e+02 2.059514e-01 6.406656e-02 6.560474e-01 6.184239e+03 -3.135758e+02 9.756158e+02  5000 10000 1.271876e-02     0 3.368570e-02 5.752491e+01 1.293290e+02 6.263205e-02 2.867009e-04 
3.592000e+02 2.022608e-01 6.389115e-02 6.608718e-01 6.194565e+03 -3.057907e+02 9.756495e+02  5000 10000 1.264151e-02     0 3.376628e-02 5.758327e+01 1.293100e+02 6.258266e-02 3.112162e-04 
3.593000e+02 1.984954e-01 6.372166e-02 6.656458e-01 6.204851e+03 -2.979547e+02 9.756809e+02  5000 10000 1.203529e-02     0 3.383212e-02 5.764177e+01 1.292922e+02 6.254375e-02 2.883491e-04 
3.594000e+02 1.948700e-01 6.356319e-02 6.703510e-01 6.215095e+03 -2.900691e+02 9.757102e+02  5000 10000 1.124287e-02     0 3.388867e-02 5.770042e+01 1.292755e+02 6.251450e-02 2.523921e-04 
3.595000e+02 1.915210e-01 6.342232e-02 6.749529e-01 6.225301e+03 -2.821347e+02 9.757373e+02  5000 10000 1.041708e-02     0 3.393770e-02 5.775920e+01 1.292599e+02 6.249309e-02 2.518274e-04 
3.596000e+02 1.883478e-01 6.330046e-02 6.794392e-01 6.235467e+03 -2.741527e+02 9.757625e+02  5000 10000 1.159903e-02     0 3.397822e-02 5.781810e+01 1.292453e+02 6.247759e-02 2.980944e-04 
3.597000e+02 1.849982e-01 6.318804e-02 6.838591e-01 6.245594e+03 -2.661240e+02 9.757857e+02  5000 10000 1.153115e-02     0 3.400840e-02 5.787712e+01 1.292317e+02 6.246721e-02 3.177947e-04 
3.598000e+02 1.815786e-01 6.308242e-02 6.882330e-01 6.255683e+03 -2.580496e+02 9.758071e+02  5000 10000 1.097997e-02     0 3.403108e-02 5.793625e+01 1.292190e+02 6.246191e-02 2.946789e-04 
3.599000e+02 1.782850e-01 6.298744e-02 6.925439e-01 6.265735e+03 -2.499304e+02 9.758269e+02  5000 10000 1.025840e-02     0 3.405055e-02 5.799547e+01 1.292073e+02 6.246118e-02 2.599539e-04 
  360 1.752422e-01 6.290827e-02 6.967603e-01 6.275750e+03 -2.417673e+02 9.758451e+02  5000 10000 9.505964e-03     0 3.406802e-02 5.805478e+01 1.291964e+02 6.246372e-02 2.578019e-04 
3.601000e+02 1.723587e-01 6.284577e-02 7.008707e-01 6.285728e+03 -2.335613e+02 9.758619e+02  5000 10000 1.058606e-02     0 3.408236e-02 5.811416e+01 1.291863e+02 6.246811e-02 2.986495e-04 
3.602000e+02 1.693135e-01 6.279163e-02 7.049204e-01 6.295670e+03 -2.253132e+02 9.758774e+02  5000 10000 1.052494e-02     0 3.409174e-02 5.817360e+01 1.291770e+02 6.247389e-02 3.155329e-04 
3.603000e+02 1.662038e-01 6.274340e-02 7.089278e-01 6.305577e+03 -2.170237e+02 9.758918e+02  5000 10000 1.002242e-02     0 3.409825e-02 5.823310e+01 1.291684e+02 6.248123e-02 2.935825e-04 
3.604000e+02 1.632085e-01 6.270408e-02 7.128774e-01 6.315448e+03 -2.086939e+02 9.759052e+02  5000 10000 9.364185e-03     0 3.410516e-02 5.829264e+01 1.291605e+02 6.248993e-02 2.612257e-04 
3.605000e+02 1.604414e-01 6.267778e-02 7.167404e-01 6.325286e+03 -2.003245e+02 9.759177e+02  5000 10000 8.677619e-03     0 3.411322e-02 5.835220e+01 1.291533e+02 6.249908e-02 2.587440e-04 
3.606000e+02 1.578194e-01 6.266504e-02 7.205065e-01 6.335089e+03 -1.919163e+02 9.759295e+02  5000 10000 9.663414e-03     0 3.412124e-02 5.841179e+01 1.291467e+02 6.250771e-02 2.956415e-04 
3.607000e+02 1.550499e-01 6.265880e-02 7.242169e-01 6.344858e+03 -1.834700e+02 9.759406e+02  5000 10000 9.607602e-03     0 3.412739e-02 5.847139e+01 1.291407e+02 6.251563e-02 3.108177e-04 
3.608000e+02 1.522214e-01 6.265687e-02 7.278884e-01 6.354594e+03 -1.749865e+02 9.759513e+02  5000 10000 9.148924e-03     0 3.413317e-02 5.853098e+01 1.291352e+02 6.252318e-02 2.906790e-04 
3.609000e+02 1.494971e-01 6.266166e-02 7.315071e-01 6.364298e+03 -1.664664e+02 9.759616e+02  5000 10000 8.548112e-03     0 3.414110e-02 5.859056e+01 1.291302e+02 6.253035e-02 2.611308e-04 
  361 1.469810e-01 6.267652e-02 7.350465e-01 6.373969e+03 -1.579106e+02 9.759717e+02  5000 10000 7.921418e-03     0 3.415157e-02 5.865012e+01 1.291257e+02 6.253656e-02 2.589004e-04 
3.611000e+02 1.445973e-01 6.270185e-02 7.384973e-01 6.383609e+03 -1.493197e+02 9.759817e+02  5000 10000 8.820478e-03     0 3.416338e-02 5.870965e+01 1.291217e+02 6.254117e-02 2.926506e-04 
3.612000e+02 1.420792e-01 6.273169e-02 7.418971e-01 6.393218e+03 -1.406944e+02 9.759916e+02  5000 10000 8.769264e-03     0 3.417481e-02 5.876914e+01 1.291181e+02 6.254416e-02 3.066449e-04 
3.613000e+02 1.395076e-01 6.276418e-02 7.452615e-01 6.402795e+03 -1.320354e+02 9.760017e+02  5000 10000 8.350551e-03     0 3.418692e-02 5.882857e+01 1.291149e+02 6.254596e-02 2.884682e-04 
3.614000e+02 1.370311e-01 6.280131e-02 7.485775e-01 6.412343e+03 -1.233433e+02 9.760119e+02  5000 10000 7.802206e-03     0 3.420165e-02 5.888795e+01 1.291121e+02 6.254669e-02 2.617320e-04 
3.615000e+02 1.347445e-01 6.284588e-02 7.518213e-01 6.421860e+03 -1.146189e+02 9.760225e+02  5000 10000 7.230274e-03     0 3.421918e-02 5.894726e+01 1.291096e+02 6.254599e-02 2.599228e-04 
3.616000e+02 1.325787e-01 6.289822e-02 7.549840e-01 6.431348e+03 -1.058627e+02 9.760334e+02  5000 10000 8.050074e-03     0 3.423838e-02 5.900649e+01 1.291075e+02 6.254344e-02 2.909380e-04 
3.617000e+02 1.302907e-01 6.295335e-02 7.581004e-01 6.440807e+03 -9.707544e+01 9.760448e+02  5000 10000 8.003134e-03     0 3.425767e-02 5.906564e+01 1.291056e+02 6.253913e-02 3.039448e-04 
3.618000e+02 1.279540e-01 6.300973e-02 7.611844e-01 6.450237e+03 -8.825763e+01 9.760568e+02  5000 10000 7.621047e-03     0 3.427783e-02 5.912470e+01 1.291041e+02 6.253350e-02 2.876138e-04 
3.619000e+02 1.257043e-01 6.306906e-02 7.642244e-01 6.459638e+03 -7.940992e+01 9.760693e+02  5000 10000 7.120769e-03     0 3.430037e-02 5.918365e+01 1.291028e+02 6.252674e-02 2.634696e-04 
  362 1.236277e-01 6.313368e-02 7.671985e-01 6.469012e+03 -7.053291e+01 9.760826e+02  5000 10000 6.599008e-03     0 3.432536e-02 5.924251e+01 1.291017e+02 6.251862e-02 2.620458e-04 
3.621000e+02 1.216614e-01 6.320392e-02 7.700987e-01 6.478359e+03 -6.162715e+01 9.760967e+02  5000 10000 7.346735e-03     0 3.435178e-02 5.930125e+01 1.291009e+02 6.250885e-02 2.905436e-04 
3.622000e+02 1.195839e-01 6.327565e-02 7.729568e-01 6.487679e+03 -5.269318e+01 9.761116e+02  5000 10000 7.303900e-03     0 3.437824e-02 5.935987e+01 1.291003e+02 6.249758e-02 3.026052e-04 
3.623000e+02 1.174621e-01 6.334760e-02 7.757856e-01 6.496971e+03 -4.373157e+01 9.761274e+02  5000 10000 6.955411e-03     0 3.440531e-02 5.941837e+01 1.290999e+02 6.248523e-02 2.878950e-04 
3.624000e+02 1.154195e-01 6.342124e-02 7.785743e-01 6.506238e+03 -3.474286e+01 9.761441e+02  5000 10000 6.499152e-03     0 3.443423e-02 5.947673e+01 1.290998e+02 6.247199e-02 2.660414e-04 
3.625000e+02 1.135350e-01 6.349857e-02 7.813030e-01 6.515479e+03 -2.572759e+01 9.761618e+02  5000 10000 6.023314e-03     0 3.446500e-02 5.953497e+01 1.290997e+02 6.245771e-02 2.648917e-04 
3.626000e+02 1.117510e-01 6.357990e-02 7.839645e-01 6.524694e+03 -1.668626e+01 9.761806e+02  5000 10000 6.705707e-03     0 3.449675e-02 5.959306e+01 1.290999e+02 6.244218e-02 2.910145e-04 
3.627000e+02 1.098655e-01 6.366182e-02 7.865878e-01 6.533884e+03 -7.619352e+00 9.762004e+02  5000 10000 6.666834e-03     0 3.452826e-02 5.965100e+01 1.291002e+02 6.242556e-02 3.021251e-04 
3.628000e+02 1.079398e-01 6.374330e-02 7.891845e-01 6.543050e+03 1.472638e+00 9.762214e+02  5000 10000 6.349120e-03     0 3.456001e-02 5.970879e+01 1.291007e+02 6.240820e-02 2.887947e-04 
3.629000e+02 1.060863e-01 6.382561e-02 7.917448e-01 6.552191e+03 1.058921e+01 9.762435e+02  5000 10000 5.933095e-03     0 3.459300e-02 5.976643e+01 1.291013e+02 6.239031e-02 2.689301e-04 
  363 1.043769e-01 6.391048e-02 7.942506e-01 6.561308e+03 1.972989e+01 9.762667e+02  5000 10000 5.499205e-03     0 3.462725e-02 5.982390e+01 1.291020e+02 6.237174e-02 2.679384e-04 
3.631000e+02 1.027590e-01 6.399819e-02 7.966952e-01 6.570401e+03 2.889424e+01 9.762912e+02  5000 10000 6.122467e-03     0 3.466199e-02 5.988121e+01 1.291029e+02 6.235236e-02 2.918141e-04 
3.632000e+02 1.010486e-01 6.408592e-02 7.991052e-01 6.579471e+03 3.808180e+01 9.763170e+02  5000 10000 6.087380e-03     0 3.469622e-02 5.993836e+01 1.291038e+02 6.233228e-02 3.019721e-04 
3.633000e+02 9.930134e-02 6.417284e-02 8.014911e-01 6.588518e+03 4.729215e+01 9.763439e+02  5000 10000 5.797784e-03     0 3.473032e-02 5.999532e+01 1.291049e+02 6.231183e-02 2.898080e-04 
3.634000e+02 9.761996e-02 6.426006e-02 8.038441e-01 6.597542e+03 5.652484e+01 9.763722e+02  5000 10000 5.418451e-03     0 3.476515e-02 6.005212e+01 1.291061e+02 6.229115e-02 2.716671e-04 
3.635000e+02 9.606981e-02 6.434904e-02 8.061475e-01 6.606544e+03 6.577944e+01 9.764017e+02  5000 10000 5.022788e-03     0 3.480072e-02 6.010872e+01 1.291074e+02 6.227014e-02 2.707431e-04 
3.636000e+02 9.460305e-02 6.444007e-02 8.083953e-01 6.615524e+03 7.505556e+01 9.764326e+02  5000 10000 5.592555e-03     0 3.483640e-02 6.016515e+01 1.291087e+02 6.224866e-02 2.925088e-04 
3.637000e+02 9.305167e-02 6.453080e-02 8.106116e-01 6.624483e+03 8.435280e+01 9.764648e+02  5000 10000 5.561037e-03     0 3.487136e-02 6.022139e+01 1.291102e+02 6.222683e-02 3.017348e-04 
3.638000e+02 9.146660e-02 6.462056e-02 8.128063e-01 6.633420e+03 9.367076e+01 9.764983e+02  5000 10000 5.297067e-03     0 3.490593e-02 6.027743e+01 1.291118e+02 6.220490e-02 2.905652e-04 
3.639000e+02 8.994151e-02 6.471029e-02 8.149712e-01 6.642336e+03 1.030091e+02 9.765332e+02  5000 10000 4.951123e-03     0 3.494083e-02 6.033328e+01 1.291134e+02 6.218299e-02 2.739295e-04 
  364 8.853600e-02 6.480127e-02 8.170909e-01 6.651231e+03 1.123673e+02 9.765694e+02  5000 10000 4.590228e-03     0 3.497610e-02 6.038893e+01 1.291151e+02 6.216099e-02 2.730146e-04 
3.641000e+02 8.720641e-02 6.489374e-02 8.191600e-01 6.660106e+03 1.217451e+02 9.766070e+02  5000 10000 5.111583e-03     0 3.501122e-02 6.044437e+01 1.291169e+02 6.213880e-02 2.928203e-04 
3.642000e+02 8.579937e-02 6.498575e-02 8.212007e-01 6.668961e+03 1.311422e+02 9.766460e+02  5000 10000 5.083380e-03     0 3.504550e-02 6.049961e+01 1.291187e+02 6.211649e-02 3.011580e-04 
3.643000e+02 8.436143e-02 6.507675e-02 8.232218e-01 6.677796e+03 1.405582e+02 9.766864e+02  5000 10000 4.842717e-03     0 3.507924e-02 6.055464e+01 1.291206e+02 6.209427e-02 2.908504e-04 
3.644000e+02 8.297808e-02 6.516755e-02 8.252158e-01 6.686611e+03 1.499927e+02 9.767281e+02  5000 10000 4.527107e-03     0 3.511305e-02 6.060946e+01 1.291226e+02 6.207222e-02 2.755443e-04 
3.645000e+02 8.170374e-02 6.525924e-02 8.271689e-01 6.695408e+03 1.594454e+02 9.767712e+02  5000 10000 4.197789e-03     0 3.514698e-02 6.066406e+01 1.291246e+02 6.205025e-02 2.746075e-04 
3.646000e+02 8.049848e-02 6.535205e-02 8.290759e-01 6.704185e+03 1.689160e+02 9.768157e+02  5000 10000 4.675298e-03     0 3.518062e-02 6.071844e+01 1.291267e+02 6.202825e-02 2.926103e-04 
3.647000e+02 7.922228e-02 6.544432e-02 8.309571e-01 6.712943e+03 1.784042e+02 9.768616e+02  5000 10000 4.650141e-03     0 3.521339e-02 6.077260e+01 1.291288e+02 6.200629e-02 3.001198e-04 
3.648000e+02 7.791768e-02 6.553561e-02 8.328206e-01 6.721683e+03 1.879096e+02 9.769089e+02  5000 10000 4.430641e-03     0 3.524556e-02 6.082654e+01 1.291310e+02 6.198452e-02 2.905736e-04 
3.649000e+02 7.666277e-02 6.562661e-02 8.346597e-01 6.730406e+03 1.974319e+02 9.769576e+02  5000 10000 4.142563e-03     0 3.527765e-02 6.088025e+01 1.291333e+02 6.196301e-02 2.764559e-04 
  365 7.550725e-02 6.571825e-02 8.364614e-01 6.739110e+03 2.069709e+02 9.770077e+02  5000 10000 3.841896e-03     0 3.530973e-02 6.093372e+01 1.291355e+02 6.194166e-02 2.754855e-04 
3.651000e+02 7.441461e-02 6.581072e-02 8.382212e-01 6.747796e+03 2.165262e+02 9.770592e+02  5000 10000 4.279660e-03     0 3.534145e-02 6.098696e+01 1.291379e+02 6.192038e-02 2.918429e-04 
3.652000e+02 7.325692e-02 6.590264e-02 8.399576e-01 6.756465e+03 2.260976e+02 9.771121e+02  5000 10000 4.257274e-03     0 3.537234e-02 6.103996e+01 1.291403e+02 6.189922e-02 2.985927e-04 
3.653000e+02 7.207310e-02 6.599363e-02 8.416781e-01 6.765117e+03 2.356848e+02 9.771663e+02  5000 10000 4.056975e-03     0 3.540264e-02 6.109272e+01 1.291427e+02 6.187829e-02 2.897301e-04 
3.654000e+02 7.093452e-02 6.608428e-02 8.433763e-01 6.773753e+03 2.452874e+02 9.772220e+02  5000 10000 3.793870e-03     0 3.543279e-02 6.114524e+01 1.291451e+02 6.185765e-02 2.766852e-04 
3.655000e+02 6.988659e-02 6.617537e-02 8.450406e-01 6.782371e+03 2.549053e+02 9.772790e+02  5000 10000 3.519191e-03     0 3.546287e-02 6.119751e+01 1.291476e+02 6.183721e-02 2.756813e-04 
3.656000e+02 6.889592e-02 6.626708e-02 8.466667e-01 6.790974e+03 2.645382e+02 9.773374e+02  5000 10000 3.920888e-03     0 3.549259e-02 6.124953e+01 1.291502e+02 6.181687e-02 2.905453e-04 
3.657000e+02 6.784555e-02 6.635823e-02 8.482716e-01 6.799560e+03 2.741857e+02 9.773972e+02  5000 10000 3.901009e-03     0 3.552156e-02 6.130130e+01 1.291527e+02 6.179668e-02 2.966061e-04 
3.658000e+02 6.677111e-02 6.644851e-02 8.498621e-01 6.808130e+03 2.838478e+02 9.774584e+02  5000 10000 3.718122e-03     0 3.554997e-02 6.135281e+01 1.291553e+02 6.177673e-02 2.883650e-04 
3.659000e+02 6.573788e-02 6.653841e-02 8.514324e-01 6.816685e+03 2.935240e+02 9.775210e+02  5000 10000 3.477667e-03     0 3.557824e-02 6.140406e+01 1.291580e+02 6.175706e-02 2.762955e-04 
  366 6.478736e-02 6.662860e-02 8.529718e-01 6.825224e+03 3.032142e+02 9.775849e+02  5000 10000 3.226556e-03     0 3.560640e-02 6.145505e+01 1.291606e+02 6.173758e-02 2.752645e-04 
3.661000e+02 6.388900e-02 6.671922e-02 8.544764e-01 6.833748e+03 3.129182e+02 9.776502e+02  5000 10000 3.595496e-03     0 3.563425e-02 6.150577e+01 1.291633e+02 6.171822e-02 2.887774e-04 
3.662000e+02 6.293582e-02 6.680928e-02 8.559618e-01 6.842256e+03 3.226357e+02 9.777169e+02  5000 10000 3.577873e-03     0 3.566144e-02 6.155623e+01 1.291660e+02 6.169900e-02 2.942179e-04 
3.663000e+02 6.196045e-02 6.689851e-02 8.574342e-01 6.850751e+03 3.323664e+02 9.777849e+02  5000 10000 3.410775e-03     0 3.568814e-02 6.160641e+01 1.291688e+02 6.168001e-02 2.865463e-04 
3.664000e+02 6.102263e-02 6.698732e-02 8.588882e-01 6.859230e+03 3.421103e+02 9.778543e+02  5000 10000 3.190865e-03     0 3.571471e-02 6.165632e+01 1.291715e+02 6.166125e-02 2.753682e-04 
3.665000e+02 6.016032e-02 6.707629e-02 8.603141e-01 6.867695e+03 3.518669e+02 9.779250e+02  5000 10000 2.961135e-03     0 3.574119e-02 6.170595e+01 1.291743e+02 6.164268e-02 2.743188e-04 
3.666000e+02 5.934554e-02 6.716554e-02 8.617081e-01 6.876146e+03 3.616362e+02 9.779971e+02  5000 10000 3.300294e-03     0 3.576739e-02 6.175531e+01 1.291771e+02 6.162421e-02 2.866117e-04 
3.667000e+02 5.848039e-02 6.725421e-02 8.630848e-01 6.884583e+03 3.714180e+02 9.780706e+02  5000 10000 3.284697e-03     0 3.579303e-02 6.180438e+01 1.291800e+02 6.160588e-02 2.914959e-04 
3.668000e+02 5.759476e-02 6.734207e-02 8.644497e-01 6.893007e+03 3.812119e+02 9.781453e+02  5000 10000 3.131919e-03     0 3.581827e-02 6.185316e+01 1.291828e+02 6.158773e-02 2.843489e-04 
3.669000e+02 5.674337e-02 6.742949e-02 8.657980e-01 6.901416e+03 3.910179e+02 9.782215e+02  5000 10000 2.930651e-03     0 3.584339e-02 6.190166e+01 1.291857e+02 6.156979e-02 2.739881e-04 
  367 5.596096e-02 6.751693e-02 8.671205e-01 6.909813e+03 4.008357e+02 9.782989e+02  5000 10000 2.720322e-03     0 3.586845e-02 6.194986e+01 1.291886e+02 6.155200e-02 2.729294e-04 
3.671000e+02 5.522187e-02 6.760451e-02 8.684141e-01 6.918196e+03 4.106651e+02 9.783777e+02  5000 10000 3.032385e-03     0 3.589327e-02 6.199777e+01 1.291915e+02 6.153430e-02 2.841212e-04 
3.672000e+02 5.443647e-02 6.769149e-02 8.696918e-01 6.926566e+03 4.205060e+02 9.784578e+02  5000 10000 3.018602e-03     0 3.591763e-02 6.204539e+01 1.291944e+02 6.151671e-02 2.885078e-04 
3.673000e+02 5.363218e-02 6.777767e-02 8.709590e-01 6.934923e+03 4.303582e+02 9.785392e+02  5000 10000 2.878815e-03     0 3.594165e-02 6.209270e+01 1.291973e+02 6.149928e-02 2.818456e-04 
3.674000e+02 5.285911e-02 6.786337e-02 8.722110e-01 6.943268e+03 4.402215e+02 9.786219e+02  5000 10000 2.694470e-03     0 3.596559e-02 6.213971e+01 1.292003e+02 6.148202e-02 2.722356e-04 
3.675000e+02 5.214908e-02 6.794898e-02 8.734395e-01 6.951600e+03 4.500957e+02 9.787059e+02  5000 10000 2.501755e-03     0 3.598947e-02 6.218641e+01 1.292032e+02 6.146488e-02 2.711761e-04 
3.676000e+02 5.147856e-02 6.803459e-02 8.746415e-01 6.959920e+03 4.599806e+02 9.787913e+02  5000 10000 2.789144e-03     0 3.601317e-02 6.223281e+01 1.292062e+02 6.144782e-02 2.813743e-04 
3.677000e+02 5.076544e-02 6.811958e-02 8.758292e-01 6.968227e+03 4.698761e+02 9.788779e+02  5000 10000 2.776982e-03     0 3.603649e-02 6.227889e+01 1.292092e+02 6.143084e-02 2.853162e-04 
3.678000e+02 5.003489e-02 6.820377e-02 8.770073e-01 6.976523e+03 4.797820e+02 9.789658e+02  5000 10000 2.648987e-03     0 3.605953e-02 6.232466e+01 1.292121e+02 6.141399e-02 2.791029e-04 
3.679000e+02 4.933283e-02 6.828743e-02 8.781716e-01 6.984807e+03 4.896982e+02 9.790550e+02  5000 10000 2.480010e-03     0 3.608250e-02 6.237012e+01 1.292151e+02 6.139728e-02 2.701835e-04 
  368 4.868839e-02 6.837090e-02 8.793145e-01 6.993079e+03 4.996245e+02 9.791455e+02  5000 10000 2.303295e-03     0 3.610544e-02 6.241525e+01 1.292181e+02 6.138068e-02 2.691307e-04 
3.681000e+02 4.808001e-02 6.845424e-02 8.804331e-01 7.001340e+03 5.095607e+02 9.792372e+02  5000 10000 2.568196e-03     0 3.612823e-02 6.246006e+01 1.292211e+02 6.136412e-02 2.784323e-04 
3.682000e+02 4.743243e-02 6.853694e-02 8.815387e-01 7.009589e+03 5.195067e+02 9.793302e+02  5000 10000 2.557482e-03     0 3.615070e-02 6.250455e+01 1.292241e+02 6.134764e-02 2.819770e-04 
3.683000e+02 4.676875e-02 6.861883e-02 8.826357e-01 7.017828e+03 5.294623e+02 9.794245e+02  5000 10000 2.440194e-03     0 3.617294e-02 6.254871e+01 1.292272e+02 6.133126e-02 2.761799e-04 
3.684000e+02 4.613108e-02 6.870014e-02 8.837201e-01 7.026055e+03 5.394274e+02 9.795200e+02  5000 10000 2.285184e-03     0 3.619514e-02 6.259254e+01 1.292302e+02 6.131501e-02 2.678968e-04 
3.685000e+02 4.554611e-02 6.878117e-02 8.847849e-01 7.034271e+03 5.494019e+02 9.796167e+02  5000 10000 2.123010e-03     0 3.621731e-02 6.263604e+01 1.292332e+02 6.129883e-02 2.668572e-04 
3.686000e+02 4.499407e-02 6.886196e-02 8.858276e-01 7.042477e+03 5.593856e+02 9.797147e+02  5000 10000 2.367399e-03     0 3.623937e-02 6.267921e+01 1.292362e+02 6.128269e-02 2.753495e-04 
3.687000e+02 4.440593e-02 6.894208e-02 8.868584e-01 7.050672e+03 5.693783e+02 9.798139e+02  5000 10000 2.357976e-03     0 3.626116e-02 6.272203e+01 1.292392e+02 6.126661e-02 2.785398e-04 
3.688000e+02 4.380293e-02 6.902137e-02 8.878814e-01 7.058856e+03 5.793800e+02 9.799143e+02  5000 10000 2.250416e-03     0 3.628275e-02 6.276452e+01 1.292423e+02 6.125062e-02 2.731294e-04 
3.689000e+02 4.322367e-02 6.910004e-02 8.888930e-01 7.067031e+03 5.893906e+02 9.800160e+02  5000 10000 2.108104e-03     0 3.630431e-02 6.280667e+01 1.292453e+02 6.123473e-02 2.654331e-04 
  369 4.269265e-02 6.917833e-02 8.898866e-01 7.075195e+03 5.994097e+02 9.801189e+02  5000 10000 1.959153e-03     0 3.632586e-02 6.284846e+01 1.292483e+02 6.121890e-02 2.644126e-04 
3.691000e+02 4.219169e-02 6.925630e-02 8.908600e-01 7.083349e+03 6.094375e+02 9.802229e+02  5000 10000 2.184817e-03     0 3.634731e-02 6.288992e+01 1.292513e+02 6.120311e-02 2.721742e-04 
3.692000e+02 4.165750e-02 6.933356e-02 8.918226e-01 7.091493e+03 6.194736e+02 9.803282e+02  5000 10000 2.176544e-03     0 3.636854e-02 6.293102e+01 1.292544e+02 6.118736e-02 2.750488e-04 
3.693000e+02 4.110957e-02 6.940998e-02 8.927781e-01 7.099627e+03 6.295181e+02 9.804346e+02  5000 10000 2.077826e-03     0 3.638960e-02 6.297177e+01 1.292574e+02 6.117170e-02 2.699981e-04 
3.694000e+02 4.058334e-02 6.948573e-02 8.937232e-01 7.107752e+03 6.395708e+02 9.805422e+02  5000 10000 1.947067e-03     0 3.641063e-02 6.301217e+01 1.292604e+02 6.115611e-02 2.628439e-04 
3.695000e+02 4.010126e-02 6.956103e-02 8.946520e-01 7.115867e+03 6.496315e+02 9.806510e+02  5000 10000 1.810147e-03     0 3.643165e-02 6.305221e+01 1.292634e+02 6.114058e-02 2.618477e-04 
3.696000e+02 3.964665e-02 6.963592e-02 8.955621e-01 7.123973e+03 6.597002e+02 9.807609e+02  5000 10000 2.018703e-03     0 3.645259e-02 6.309189e+01 1.292664e+02 6.112508e-02 2.689500e-04 
3.697000e+02 3.916141e-02 6.971006e-02 8.964624e-01 7.132070e+03 6.697767e+02 9.808720e+02  5000 10000 2.011452e-03     0 3.647334e-02 6.313121e+01 1.292694e+02 6.110963e-02 2.715436e-04 
3.698000e+02 3.866349e-02 6.978335e-02 8.973564e-01 7.140157e+03 6.798610e+02 9.809842e+02  5000 10000 1.920776e-03     0 3.649394e-02 6.317017e+01 1.292724e+02 6.109424e-02 2.668283e-04 
3.699000e+02 3.818541e-02 6.985594e-02 8.982408e-01 7.148235e+03 6.899529e+02 9.810976e+02  5000 10000 1.800532e-03     0 3.651451e-02 6.320877e+01 1.292754e+02 6.107892e-02 2.601759e-04 
  370 3.774776e-02 6.992800e-02 8.991103e-01 7.156305e+03 7.000523e+02 9.812120e+02  5000 10000 1.674566e-03     0 3.653508e-02 6.324699e+01 1.292784e+02 6.106366e-02 2.592088e-04 
3.701000e+02 3.733521e-02 6.999958e-02 8.999627e-01 7.164365e+03 7.101591e+02 9.813276e+02  5000 10000 1.867478e-03     0 3.655558e-02 6.328485e+01 1.292814e+02 6.104842e-02 2.657160e-04 
3.702000e+02 3.689445e-02 7.007038e-02 9.008062e-01 7.172417e+03 7.202733e+02 9.814444e+02  5000 10000 1.861134e-03     0 3.657591e-02 6.332233e+01 1.292844e+02 6.103322e-02 2.680604e-04 
3.703000e+02 3.644196e-02 7.014032e-02 9.016439e-01 7.180460e+03 7.303946e+02 9.815622e+02  5000 10000 1.777776e-03     0 3.659611e-02 6.335945e+01 1.292874e+02 6.101808e-02 2.636585e-04 
3.704000e+02 3.600760e-02 7.020952e-02 9.024729e-01 7.188495e+03 7.405231e+02 9.816810e+02  5000 10000 1.667109e-03     0 3.661628e-02 6.339618e+01 1.292904e+02 6.100301e-02 2.574715e-04 
3.705000e+02 3.561030e-02 7.027813e-02 9.032882e-01 7.196521e+03 7.506586e+02 9.818010e+02  5000 10000 1.551122e-03     0 3.663645e-02 6.343254e+01 1.292933e+02 6.098798e-02 2.565378e-04 
3.706000e+02 3.523594e-02 7.034620e-02 9.040879e-01 7.204539e+03 7.608010e+02 9.819221e+02  5000 10000 1.729717e-03     0 3.665655e-02 6.346852e+01 1.292963e+02 6.097298e-02 2.625087e-04 
3.707000e+02 3.483558e-02 7.041346e-02 9.048795e-01 7.212549e+03 7.709503e+02 9.820442e+02  5000 10000 1.724178e-03     0 3.667650e-02 6.350412e+01 1.292992e+02 6.095802e-02 2.646326e-04 
3.708000e+02 3.442437e-02 7.047984e-02 9.056657e-01 7.220550e+03 7.811063e+02 9.821673e+02  5000 10000 1.647482e-03     0 3.669634e-02 6.353933e+01 1.293022e+02 6.094312e-02 2.605245e-04 
3.709000e+02 3.402977e-02 7.054545e-02 9.064442e-01 7.228544e+03 7.912689e+02 9.822915e+02  5000 10000 1.545544e-03     0 3.671615e-02 6.357416e+01 1.293051e+02 6.092828e-02 2.547699e-04 
  371 3.366911e-02 7.061042e-02 9.072100e-01 7.236530e+03 8.014382e+02 9.824167e+02  5000 10000 1.438654e-03     0 3.673594e-02 6.360860e+01 1.293080e+02 6.091348e-02 2.538739e-04 
3.711000e+02 3.332944e-02 7.067479e-02 9.079615e-01 7.244508e+03 8.116139e+02 9.825430e+02  5000 10000 1.604133e-03     0 3.675568e-02 6.364265e+01 1.293109e+02 6.089870e-02 2.593615e-04 
3.712000e+02 3.296580e-02 7.073833e-02 9.087056e-01 7.252478e+03 8.217960e+02 9.826702e+02  5000 10000 1.599306e-03     0 3.677528e-02 6.367632e+01 1.293139e+02 6.088397e-02 2.612912e-04 
3.713000e+02 3.259214e-02 7.080098e-02 9.094449e-01 7.260441e+03 8.319844e+02 9.827985e+02  5000 10000 1.528680e-03     0 3.679478e-02 6.370959e+01 1.293168e+02 6.086929e-02 2.574591e-04 
3.714000e+02 3.223366e-02 7.086283e-02 9.101770e-01 7.268396e+03 8.421790e+02 9.829277e+02  5000 10000 1.434702e-03     0 3.681425e-02 6.374246e+01 1.293197e+02 6.085466e-02 2.521073e-04 
3.715000e+02 3.190631e-02 7.092400e-02 9.108976e-01 7.276344e+03 8.523798e+02 9.830580e+02  5000 10000 1.336109e-03     0 3.683371e-02 6.377495e+01 1.293225e+02 6.084008e-02 2.512530e-04 
3.716000e+02 3.159816e-02 7.098451e-02 9.116051e-01 7.284284e+03 8.625867e+02 9.831892e+02  5000 10000 1.489565e-03     0 3.685310e-02 6.380703e+01 1.293254e+02 6.082553e-02 2.563057e-04 
3.717000e+02 3.126791e-02 7.104418e-02 9.123057e-01 7.292217e+03 8.727996e+02 9.833213e+02  5000 10000 1.485368e-03     0 3.687238e-02 6.383871e+01 1.293283e+02 6.081101e-02 2.580650e-04 
3.718000e+02 3.092840e-02 7.110294e-02 9.130021e-01 7.300143e+03 8.830184e+02 9.834544e+02  5000 10000 1.420275e-03     0 3.689156e-02 6.387000e+01 1.293311e+02 6.079655e-02 2.544930e-04 
3.719000e+02 3.060279e-02 7.116088e-02 9.136919e-01 7.308062e+03 8.932430e+02 9.835885e+02  5000 10000 1.333561e-03     0 3.691070e-02 6.390088e+01 1.293340e+02 6.078214e-02 2.495173e-04 
  372 3.030573e-02 7.121810e-02 9.143711e-01 7.315974e+03 9.034734e+02 9.837235e+02  5000 10000 1.242541e-03     0 3.692983e-02 6.393136e+01 1.293368e+02 6.076777e-02 2.487083e-04 
3.721000e+02 3.002624e-02 7.127462e-02 9.150382e-01 7.323879e+03 9.137096e+02 9.838593e+02  5000 10000 1.384966e-03     0 3.694891e-02 6.396143e+01 1.293396e+02 6.075343e-02 2.533701e-04 
3.722000e+02 2.972636e-02 7.133028e-02 9.156991e-01 7.331777e+03 9.239513e+02 9.839961e+02  5000 10000 1.381324e-03     0 3.696787e-02 6.399110e+01 1.293425e+02 6.073913e-02 2.549810e-04 
3.723000e+02 2.941792e-02 7.138502e-02 9.163562e-01 7.339668e+03 9.341987e+02 9.841338e+02  5000 10000 1.321277e-03     0 3.698674e-02 6.402036e+01 1.293453e+02 6.072488e-02 2.516547e-04 
3.724000e+02 2.912222e-02 7.143892e-02 9.170073e-01 7.347552e+03 9.444515e+02 9.842724e+02  5000 10000 1.241196e-03     0 3.700558e-02 6.404921e+01 1.293481e+02 6.071068e-02 2.470308e-04 
3.725000e+02 2.885270e-02 7.149206e-02 9.176486e-01 7.355430e+03 9.547098e+02 9.844119e+02  5000 10000 1.157094e-03     0 3.702439e-02 6.407765e+01 1.293508e+02 6.069653e-02 2.462707e-04 
3.726000e+02 2.859927e-02 7.154447e-02 9.182788e-01 7.363302e+03 9.649735e+02 9.845522e+02  5000 10000 1.289389e-03     0 3.704315e-02 6.410568e+01 1.293536e+02 6.068240e-02 2.505817e-04 
3.727000e+02 2.832704e-02 7.159600e-02 9.189034e-01 7.371166e+03 9.752424e+02 9.846934e+02  5000 10000 1.286237e-03     0 3.706181e-02 6.413330e+01 1.293564e+02 6.066831e-02 2.520639e-04 
3.728000e+02 2.804689e-02 7.164661e-02 9.195245e-01 7.379025e+03 9.855167e+02 9.848354e+02  5000 10000 1.230796e-03     0 3.708038e-02 6.416050e+01 1.293591e+02 6.065428e-02 2.489703e-04 
3.729000e+02 2.777842e-02 7.169635e-02 9.201401e-01 7.386877e+03 9.957961e+02 9.849782e+02  5000 10000 1.156777e-03     0 3.709892e-02 6.418728e+01 1.293619e+02 6.064029e-02 2.446763e-04 
  373 2.753397e-02 7.174532e-02 9.207468e-01 7.394723e+03 1.006081e+03 9.851219e+02  5000 10000 1.078998e-03     0 3.711743e-02 6.421365e+01 1.293646e+02 6.062634e-02 2.439682e-04 
3.731000e+02 2.730426e-02 7.179352e-02 9.213432e-01 7.402562e+03 1.016370e+03 9.852663e+02  5000 10000 1.201985e-03     0 3.713589e-02 6.423960e+01 1.293673e+02 6.061243e-02 2.479647e-04 
3.732000e+02 2.705719e-02 7.184082e-02 9.219345e-01 7.410396e+03 1.026665e+03 9.854116e+02  5000 10000 1.199264e-03     0 3.715425e-02 6.426513e+01 1.293701e+02 6.059856e-02 2.493364e-04 
3.733000e+02 2.680281e-02 7.188719e-02 9.225227e-01 7.418223e+03 1.036964e+03 9.855576e+02  5000 10000 1.148031e-03     0 3.717253e-02 6.429024e+01 1.293728e+02 6.058473e-02 2.464635e-04 
3.734000e+02 2.655913e-02 7.193269e-02 9.231059e-01 7.426044e+03 1.047269e+03 9.857045e+02  5000 10000 1.079554e-03     0 3.719078e-02 6.431493e+01 1.293755e+02 6.057096e-02 2.424795e-04 
3.735000e+02 2.633750e-02 7.197738e-02 9.236808e-01 7.433860e+03 1.057578e+03 9.858520e+02  5000 10000 1.007558e-03     0 3.720899e-02 6.433920e+01 1.293781e+02 6.055722e-02 2.418262e-04 
3.736000e+02 2.612938e-02 7.202128e-02 9.242463e-01 7.441669e+03 1.067892e+03 9.860004e+02  5000 10000 1.121987e-03     0 3.722716e-02 6.436304e+01 1.293808e+02 6.054352e-02 2.455413e-04 
3.737000e+02 2.590525e-02 7.206427e-02 9.248072e-01 7.449473e+03 1.078211e+03 9.861494e+02  5000 10000 1.119645e-03     0 3.724523e-02 6.438646e+01 1.293835e+02 6.052986e-02 2.468187e-04 
3.738000e+02 2.567435e-02 7.210633e-02 9.253652e-01 7.457271e+03 1.088535e+03 9.862992e+02  5000 10000 1.072258e-03     0 3.726322e-02 6.440945e+01 1.293861e+02 6.051624e-02 2.441557e-04 
3.739000e+02 2.545325e-02 7.214749e-02 9.259186e-01 7.465063e+03 1.098863e+03 9.864497e+02  5000 10000 1.008852e-03     0 3.728118e-02 6.443202e+01 1.293888e+02 6.050268e-02 2.404633e-04 
  374 2.525241e-02 7.218783e-02 9.264645e-01 7.472849e+03 1.109195e+03 9.866009e+02  5000 10000 9.421514e-04     0 3.729910e-02 6.445416e+01 1.293914e+02 6.048916e-02 2.398672e-04 
3.741000e+02 2.506396e-02 7.222736e-02 9.270017e-01 7.480630e+03 1.119533e+03 9.867528e+02  5000 10000 1.048705e-03     0 3.731698e-02 6.447587e+01 1.293940e+02 6.047567e-02 2.433310e-04 
3.742000e+02 2.486071e-02 7.226597e-02 9.275347e-01 7.488406e+03 1.129874e+03 9.869054e+02  5000 10000 1.046698e-03     0 3.733476e-02 6.449716e+01 1.293966e+02 6.046222e-02 2.445288e-04 
3.743000e+02 2.465121e-02 7.230364e-02 9.280650e-01 7.496176e+03 1.140221e+03 9.870586e+02  5000 10000 1.002829e-03     0 3.735247e-02 6.451801e+01 1.293992e+02 6.044882e-02 2.420655e-04 
3.744000e+02 2.445070e-02 7.234041e-02 9.285913e-01 7.503940e+03 1.150571e+03 9.872126e+02  5000 10000 9.440668e-04     0 3.737014e-02 6.453844e+01 1.294018e+02 6.043546e-02 2.386476e-04 
3.745000e+02 2.426881e-02 7.237633e-02 9.291106e-01 7.511699e+03 1.160926e+03 9.873671e+02  5000 10000 8.822157e-04     0 3.738778e-02 6.455843e+01 1.294043e+02 6.042215e-02 2.381109e-04 
3.746000e+02 2.409827e-02 7.241143e-02 9.296219e-01 7.519453e+03 1.171285e+03 9.875223e+02  5000 10000 9.815211e-04     0 3.740536e-02 6.457799e+01 1.294069e+02 6.040887e-02 2.413504e-04 
3.747000e+02 2.391407e-02 7.244560e-02 9.301293e-01 7.527201e+03 1.181649e+03 9.876781e+02  5000 10000 9.798089e-04     0 3.742286e-02 6.459712e+01 1.294095e+02 6.039564e-02 2.424818e-04 
3.748000e+02 2.372408e-02 7.247882e-02 9.306344e-01 7.534945e+03 1.192016e+03 9.878345e+02  5000 10000 9.391598e-04     0 3.744029e-02 6.461582e+01 1.294120e+02 6.038245e-02 2.402086e-04 
3.749000e+02 2.354235e-02 7.251114e-02 9.311357e-01 7.542683e+03 1.202388e+03 9.879915e+02  5000 10000 8.846535e-04     0 3.745768e-02 6.463408e+01 1.294145e+02 6.036931e-02 2.370495e-04 
  375 2.337772e-02 7.254260e-02 9.316306e-01 7.550416e+03 1.212764e+03 9.881490e+02  5000 10000 8.272480e-04     0 3.747503e-02 6.465191e+01 1.294170e+02 6.035621e-02 2.365737e-04 
3.751000e+02 2.322351e-02 7.257321e-02 9.321182e-01 7.558144e+03 1.223144e+03 9.883072e+02  5000 10000 9.198789e-04     0 3.749233e-02 6.466930e+01 1.294195e+02 6.034315e-02 2.396133e-04 
3.752000e+02 2.305668e-02 7.260289e-02 9.326022e-01 7.565866e+03 1.233529e+03 9.884659e+02  5000 10000 9.184279e-04     0 3.750954e-02 6.468626e+01 1.294220e+02 6.033012e-02 2.406900e-04 
3.753000e+02 2.288449e-02 7.263163e-02 9.330842e-01 7.573584e+03 1.243917e+03 9.886252e+02  5000 10000 8.807289e-04     0 3.752669e-02 6.470279e+01 1.294245e+02 6.031715e-02 2.385977e-04 
3.754000e+02 2.271988e-02 7.265945e-02 9.335627e-01 7.581297e+03 1.254309e+03 9.887850e+02  5000 10000 8.301248e-04     0 3.754379e-02 6.471887e+01 1.294270e+02 6.030422e-02 2.356827e-04 
3.755000e+02 2.257100e-02 7.268640e-02 9.340353e-01 7.589005e+03 1.264705e+03 9.889453e+02  5000 10000 7.767973e-04     0 3.756086e-02 6.473452e+01 1.294295e+02 6.029134e-02 2.352688e-04 
3.756000e+02 2.243168e-02 7.271249e-02 9.345012e-01 7.596708e+03 1.275105e+03 9.891061e+02  5000 10000 8.632806e-04     0 3.757787e-02 6.474974e+01 1.294319e+02 6.027849e-02 2.381305e-04 
3.757000e+02 2.228070e-02 7.273765e-02 9.349638e-01 7.604406e+03 1.285509e+03 9.892674e+02  5000 10000 8.620615e-04     0 3.759480e-02 6.476452e+01 1.294344e+02 6.026569e-02 2.391626e-04 
3.758000e+02 2.212474e-02 7.276186e-02 9.354246e-01 7.612100e+03 1.295916e+03 9.894292e+02  5000 10000 8.270674e-04     0 3.761167e-02 6.477886e+01 1.294368e+02 6.025293e-02 2.372425e-04 
3.759000e+02 2.197574e-02 7.278515e-02 9.358822e-01 7.619789e+03 1.306328e+03 9.895915e+02  5000 10000 7.800439e-04     0 3.762849e-02 6.479276e+01 1.294392e+02 6.024022e-02 2.345575e-04 
  376 2.184123e-02 7.280756e-02 9.363345e-01 7.627473e+03 1.316743e+03 9.897543e+02  5000 10000 7.304600e-04     0 3.764526e-02 6.480622e+01 1.294416e+02 6.022755e-02 2.342060e-04 
3.761000e+02 2.171550e-02 7.282911e-02 9.367805e-01 7.635152e+03 1.327162e+03 9.899175e+02  5000 10000 8.112800e-04     0 3.766199e-02 6.481925e+01 1.294440e+02 6.021492e-02 2.369093e-04 
3.762000e+02 2.157897e-02 7.284972e-02 9.372236e-01 7.642827e+03 1.337584e+03 9.900811e+02  5000 10000 8.102681e-04     0 3.767864e-02 6.483184e+01 1.294464e+02 6.020233e-02 2.379058e-04 
3.763000e+02 2.143783e-02 7.286938e-02 9.376650e-01 7.650498e+03 1.348011e+03 9.902451e+02  5000 10000 7.777560e-04     0 3.769522e-02 6.484399e+01 1.294488e+02 6.018979e-02 2.361492e-04 
3.764000e+02 2.130309e-02 7.288813e-02 9.381036e-01 7.658163e+03 1.358440e+03 9.904096e+02  5000 10000 7.340204e-04     0 3.771175e-02 6.485570e+01 1.294511e+02 6.017730e-02 2.336809e-04 
3.765000e+02 2.118168e-02 7.290598e-02 9.385372e-01 7.665825e+03 1.368874e+03 9.905745e+02  5000 10000 6.878753e-04     0 3.772824e-02 6.486697e+01 1.294535e+02 6.016485e-02 2.333917e-04 
3.766000e+02 2.106835e-02 7.292296e-02 9.389650e-01 7.673481e+03 1.379311e+03 9.907397e+02  5000 10000 7.634781e-04     0 3.774468e-02 6.487780e+01 1.294558e+02 6.015244e-02 2.359541e-04 
3.767000e+02 2.094502e-02 7.293901e-02 9.393902e-01 7.681134e+03 1.389751e+03 9.909054e+02  5000 10000 7.626524e-04     0 3.776104e-02 6.488820e+01 1.294582e+02 6.014007e-02 2.369224e-04 
3.768000e+02 2.081740e-02 7.295411e-02 9.398140e-01 7.688782e+03 1.400196e+03 9.910714e+02  5000 10000 7.324197e-04     0 3.777734e-02 6.489816e+01 1.294605e+02 6.012775e-02 2.353208e-04 
3.769000e+02 2.069567e-02 7.296829e-02 9.402351e-01 7.696425e+03 1.410643e+03 9.912377e+02  5000 10000 6.917051e-04     0 3.779358e-02 6.490767e+01 1.294628e+02 6.011548e-02 2.330563e-04 
  377 2.058622e-02 7.298158e-02 9.406517e-01 7.704065e+03 1.421094e+03 9.914044e+02  5000 10000 6.487210e-04     0 3.780978e-02 6.491675e+01 1.294651e+02 6.010325e-02 2.328286e-04 
3.771000e+02 2.048421e-02 7.299399e-02 9.410630e-01 7.711700e+03 1.431548e+03 9.915714e+02  5000 10000 7.195182e-04     0 3.782593e-02 6.492539e+01 1.294674e+02 6.009106e-02 2.352655e-04 
3.772000e+02 2.037292e-02 7.300547e-02 9.414719e-01 7.719330e+03 1.442006e+03 9.917387e+02  5000 10000 7.188614e-04     0 3.784200e-02 6.493360e+01 1.294697e+02 6.007892e-02 2.362119e-04 
3.773000e+02 2.025764e-02 7.301601e-02 9.418795e-01 7.726957e+03 1.452467e+03 9.919063e+02  5000 10000 6.907237e-04     0 3.785800e-02 6.494136e+01 1.294720e+02 6.006682e-02 2.347570e-04 
3.774000e+02 2.014779e-02 7.302562e-02 9.422847e-01 7.734579e+03 1.462932e+03 9.920743e+02  5000 10000 6.527867e-04     0 3.787395e-02 6.494869e+01 1.294742e+02 6.005477e-02 2.326837e-04 
3.775000e+02 2.004926e-02 7.303434e-02 9.426858e-01 7.742198e+03 1.473399e+03 9.922424e+02  5000 10000 6.127100e-04     0 3.788986e-02 6.495557e+01 1.294765e+02 6.004277e-02 2.325164e-04 
3.776000e+02 1.995758e-02 7.304218e-02 9.430819e-01 7.749812e+03 1.483870e+03 9.924109e+02  5000 10000 6.790814e-04     0 3.790571e-02 6.496202e+01 1.294787e+02 6.003081e-02 2.348412e-04 
3.777000e+02 1.985728e-02 7.304910e-02 9.434759e-01 7.757422e+03 1.494345e+03 9.925796e+02  5000 10000 6.785791e-04     0 3.792149e-02 6.496804e+01 1.294810e+02 6.001889e-02 2.357708e-04 
3.778000e+02 1.975327e-02 7.305507e-02 9.438688e-01 7.765027e+03 1.504822e+03 9.927485e+02  5000 10000 6.523685e-04     0 3.793720e-02 6.497361e+01 1.294832e+02 6.000702e-02 2.344541e-04 
3.779000e+02 1.965425e-02 7.306013e-02 9.442596e-01 7.772629e+03 1.515303e+03 9.929177e+02  5000 10000 6.169869e-04     0 3.795286e-02 6.497875e+01 1.294854e+02 5.999520e-02 2.325599e-04 
  378 1.956570e-02 7.306430e-02 9.446465e-01 7.780227e+03 1.525787e+03 9.930871e+02  5000 10000 5.795860e-04     0 3.796847e-02 6.498346e+01 1.294876e+02 5.998342e-02 2.324511e-04 
3.781000e+02 1.948345e-02 7.306758e-02 9.450289e-01 7.787821e+03 1.536274e+03 9.932567e+02  5000 10000 6.418826e-04     0 3.798402e-02 6.498773e+01 1.294898e+02 5.997169e-02 2.346755e-04 
3.782000e+02 1.939318e-02 7.306995e-02 9.454094e-01 7.795411e+03 1.546764e+03 9.934264e+02  5000 10000 6.415230e-04     0 3.799950e-02 6.499156e+01 1.294920e+02 5.996000e-02 2.355924e-04 
3.783000e+02 1.929946e-02 7.307138e-02 9.457889e-01 7.802997e+03 1.557257e+03 9.935964e+02  5000 10000 6.170866e-04     0 3.801491e-02 6.499496e+01 1.294941e+02 5.994836e-02 2.344053e-04 
3.784000e+02 1.921034e-02 7.307189e-02 9.461664e-01 7.810579e+03 1.567753e+03 9.937665e+02  5000 10000 5.840574e-04     0 3.803027e-02 6.499792e+01 1.294963e+02 5.993677e-02 2.326785e-04 
3.785000e+02 1.913089e-02 7.307152e-02 9.465405e-01 7.818157e+03 1.578253e+03 9.939368e+02  5000 10000 5.491206e-04     0 3.804557e-02 6.500045e+01 1.294985e+02 5.992522e-02 2.326256e-04 
3.786000e+02 1.905724e-02 7.307027e-02 9.469104e-01 7.825731e+03 1.588755e+03 9.941072e+02  5000 10000 6.076667e-04     0 3.806082e-02 6.500255e+01 1.295006e+02 5.991372e-02 2.347597e-04 
3.787000e+02 1.897614e-02 7.306811e-02 9.472786e-01 7.833302e+03 1.599261e+03 9.942777e+02  5000 10000 6.074404e-04     0 3.807600e-02 6.500421e+01 1.295027e+02 5.990226e-02 2.356669e-04 
3.788000e+02 1.889181e-02 7.306501e-02 9.476459e-01 7.840869e+03 1.609769e+03 9.944484e+02  5000 10000 5.846386e-04     0 3.809111e-02 6.500544e+01 1.295049e+02 5.989086e-02 2.346011e-04 
3.789000e+02 1.881172e-02 7.306102e-02 9.480115e-01 7.848432e+03 1.620281e+03 9.946192e+02  5000 10000 5.537761e-04     0 3.810616e-02 6.500624e+01 1.295070e+02 5.987950e-02 2.330299e-04 
  379 1.874057e-02 7.305613e-02 9.483738e-01 7.855991e+03 1.630795e+03 9.947900e+02  5000 10000 5.211097e-04     0 3.812116e-02 6.500661e+01 1.295091e+02 5.986819e-02 2.330302e-04 
3.791000e+02 1.867479e-02 7.305038e-02 9.487324e-01 7.863546e+03 1.641313e+03 9.949609e+02  5000 10000 5.762049e-04     0 3.813610e-02 6.500655e+01 1.295112e+02 5.985692e-02 2.350827e-04 
3.792000e+02 1.860205e-02 7.304371e-02 9.490894e-01 7.871098e+03 1.651833e+03 9.951319e+02  5000 10000 5.761042e-04     0 3.815097e-02 6.500606e+01 1.295133e+02 5.984570e-02 2.359822e-04 
3.793000e+02 1.852629e-02 7.303613e-02 9.494457e-01 7.878646e+03 1.662356e+03 9.953030e+02  5000 10000 5.548096e-04     0 3.816577e-02 6.500514e+01 1.295153e+02 5.983453e-02 2.350291e-04 
3.794000e+02 1.845444e-02 7.302765e-02 9.498004e-01 7.886190e+03 1.672882e+03 9.954741e+02  5000 10000 5.259440e-04     0 3.818051e-02 6.500379e+01 1.295174e+02 5.982341e-02 2.336024e-04 
3.795000e+02 1.839087e-02 7.301829e-02 9.501522e-01 7.893731e+03 1.683411e+03 9.956452e+02  5000 10000 4.953707e-04     0 3.819520e-02 6.500202e+01 1.295195e+02 5.981234e-02 2.336525e-04 
3.796000e+02 1.833227e-02 7.300807e-02 9.505005e-01 7.901268e+03 1.693943e+03 9.958163e+02  5000 10000 5.472915e-04     0 3.820983e-02 6.499982e+01 1.295215e+02 5.980131e-02 2.356306e-04 
3.797000e+02 1.826717e-02 7.299694e-02 9.508474e-01 7.908802e+03 1.704478e+03 9.959875e+02  5000 10000 5.473101e-04     0 3.822438e-02 6.499719e+01 1.295236e+02 5.979033e-02 2.365238e-04 
3.798000e+02 1.819922e-02 7.298491e-02 9.511937e-01 7.916331e+03 1.715015e+03 9.961586e+02  5000 10000 5.274062e-04     0 3.823887e-02 6.499414e+01 1.295256e+02 5.977940e-02 2.356752e-04 
3.799000e+02 1.813488e-02 7.297200e-02 9.515387e-01 7.923858e+03 1.725555e+03 9.963298e+02  5000 10000 5.003819e-04     0 3.825330e-02 6.499067e+01 1.295276e+02 5.976852e-02 2.343818e-04 
  380 1.807824e-02 7.295821e-02 9.518809e-01 7.931381e+03 1.736098e+03 9.965008e+02  5000 10000 4.717392e-04     0 3.826767e-02 6.498678e+01 1.295296e+02 5.975768e-02 2.344781e-04 
3.801000e+02 1.802619e-02 7.294356e-02 9.522199e-01 7.938900e+03 1.746644e+03 9.966719e+02  5000 10000 5.207405e-04     0 3.828198e-02 6.498246e+01 1.295316e+02 5.974690e-02 2.363881e-04 
3.802000e+02 1.796805e-02 7.292802e-02 9.525577e-01 7.946415e+03 1.757193e+03 9.968429e+02  5000 10000 5.208732e-04     0 3.829622e-02 6.497772e+01 1.295336e+02 5.973616e-02 2.372756e-04 
3.803000e+02 1.790722e-02 7.291159e-02 9.528950e-01 7.953928e+03 1.767744e+03 9.970138e+02  5000 10000 5.022534e-04     0 3.831038e-02 6.497257e+01 1.295356e+02 5.972547e-02 2.365232e-04 
3.804000e+02 1.784975e-02 7.289429e-02 9.532311e-01 7.961436e+03 1.778298e+03 9.971847e+02  5000 10000 4.769279e-04     0 3.832449e-02 6.496699e+01 1.295376e+02 5.971484e-02 2.353525e-04 
3.805000e+02 1.779942e-02 7.287612e-02 9.535647e-01 7.968942e+03 1.788855e+03 9.973554e+02  5000 10000 4.500669e-04     0 3.833854e-02 6.496100e+01 1.295396e+02 5.970425e-02 2.354913e-04 
3.806000e+02 1.775334e-02 7.285710e-02 9.538954e-01 7.976444e+03 1.799414e+03 9.975261e+02  5000 10000 4.963831e-04     0 3.835253e-02 6.495459e+01 1.295416e+02 5.969371e-02 2.373382e-04 
3.807000e+02 1.770155e-02 7.283721e-02 9.542250e-01 7.983942e+03 1.809976e+03 9.976966e+02  5000 10000 4.966252e-04     0 3.836644e-02 6.494777e+01 1.295435e+02 5.968322e-02 2.382202e-04 
3.808000e+02 1.764723e-02 7.281644e-02 9.545542e-01 7.991437e+03 1.820541e+03 9.978671e+02  5000 10000 4.791919e-04     0 3.838029e-02 6.494053e+01 1.295455e+02 5.967278e-02 2.375560e-04 
3.809000e+02 1.759601e-02 7.279480e-02 9.548823e-01 7.998929e+03 1.831108e+03 9.980374e+02  5000 10000 4.554346e-04     0 3.839407e-02 6.493288e+01 1.295474e+02 5.966239e-02 2.364979e-04 
  381 1.755144e-02 7.277232e-02 9.552082e-01 8.006417e+03 1.841678e+03 9.982075e+02  5000 10000 4.302186e-04     0 3.840779e-02 6.492482e+01 1.295493e+02 5.965205e-02 2.366752e-04 
3.811000e+02 1.751081e-02 7.274899e-02 9.555314e-01 8.013902e+03 1.852251e+03 9.983775e+02  5000 10000 4.740646e-04     0 3.842145e-02 6.491635e+01 1.295512e+02 5.964176e-02 2.384634e-04 
3.812000e+02 1.746481e-02 7.272480e-02 9.558536e-01 8.021383e+03 1.862826e+03 9.985473e+02  5000 10000 4.744118e-04     0 3.843503e-02 6.490747e+01 1.295532e+02 5.963152e-02 2.393397e-04 
3.813000e+02 1.741642e-02 7.269975e-02 9.561756e-01 8.028861e+03 1.873404e+03 9.987169e+02  5000 10000 4.580755e-04     0 3.844855e-02 6.489818e+01 1.295551e+02 5.962133e-02 2.387561e-04 
3.814000e+02 1.737090e-02 7.267385e-02 9.564966e-01 8.036336e+03 1.883984e+03 9.988863e+02  5000 10000 4.357665e-04     0 3.846200e-02 6.488849e+01 1.295570e+02 5.961119e-02 2.378008e-04 
3.815000e+02 1.733158e-02 7.264712e-02 9.568156e-01 8.043808e+03 1.894567e+03 9.990555e+02  5000 10000 4.120704e-04     0 3.847539e-02 6.487839e+01 1.295588e+02 5.960110e-02 2.380127e-04 
3.816000e+02 1.729592e-02 7.261955e-02 9.571321e-01 8.051276e+03 1.905153e+03 9.992245e+02  5000 10000 4.536424e-04     0 3.848871e-02 6.486789e+01 1.295607e+02 5.959106e-02 2.397460e-04 
3.817000e+02 1.725520e-02 7.259114e-02 9.574478e-01 8.058741e+03 1.915741e+03 9.993933e+02  5000 10000 4.540905e-04     0 3.850196e-02 6.485699e+01 1.295626e+02 5.958107e-02 2.406162e-04 
3.818000e+02 1.721220e-02 7.256189e-02 9.577632e-01 8.066203e+03 1.926332e+03 9.995618e+02  5000 10000 4.387689e-04     0 3.851514e-02 6.484568e+01 1.295645e+02 5.957114e-02 2.401059e-04 
3.819000e+02 1.717188e-02 7.253179e-02 9.580779e-01 8.073661e+03 1.936925e+03 9.997300e+02  5000 10000 4.177984e-04     0 3.852826e-02 6.483398e+01 1.295663e+02 5.956125e-02 2.392446e-04 
  382 1.713734e-02 7.250088e-02 9.583907e-01 8.081116e+03 1.947520e+03 9.998980e+02  5000 10000 3.955074e-04     0 3.854131e-02 6.482188e+01 1.295682e+02 5.955142e-02 2.394874e-04 
3.821000e+02 1.710621e-02 7.246916e-02 9.587013e-01 8.088568e+03 1.958119e+03 1.000066e+03  5000 10000 4.349836e-04     0 3.855430e-02 6.480938e+01 1.295700e+02 5.954163e-02 2.411689e-04 
3.822000e+02 1.707030e-02 7.243660e-02 9.590111e-01 8.096017e+03 1.968719e+03 1.000233e+03  5000 10000 4.355280e-04     0 3.856721e-02 6.479649e+01 1.295718e+02 5.953190e-02 2.420324e-04 
3.823000e+02 1.703223e-02 7.240322e-02 9.593208e-01 8.103463e+03 1.979322e+03 1.000400e+03  5000 10000 4.211457e-04     0 3.858005e-02 6.478321e+01 1.295737e+02 5.952222e-02 2.415889e-04 
3.824000e+02 1.699664e-02 7.236901e-02 9.596299e-01 8.110905e+03 1.989928e+03 1.000567e+03  5000 10000 4.014132e-04     0 3.859282e-02 6.476954e+01 1.295755e+02 5.951260e-02 2.408132e-04 
3.825000e+02 1.696646e-02 7.233400e-02 9.599372e-01 8.118344e+03 2.000536e+03 1.000734e+03  5000 10000 3.804220e-04     0 3.860553e-02 6.475547e+01 1.295773e+02 5.950302e-02 2.410834e-04 
3.826000e+02 1.693945e-02 7.229820e-02 9.602425e-01 8.125780e+03 2.011147e+03 1.000900e+03  5000 10000 4.179634e-04     0 3.861817e-02 6.474102e+01 1.295791e+02 5.949350e-02 2.427161e-04 
3.827000e+02 1.690792e-02 7.226159e-02 9.605471e-01 8.133213e+03 2.021760e+03 1.001066e+03  5000 10000 4.185993e-04     0 3.863074e-02 6.472618e+01 1.295809e+02 5.948402e-02 2.435725e-04 
3.828000e+02 1.687433e-02 7.222416e-02 9.608518e-01 8.140643e+03 2.032375e+03 1.001231e+03  5000 10000 4.050869e-04     0 3.864324e-02 6.471096e+01 1.295827e+02 5.947460e-02 2.431897e-04 
3.829000e+02 1.684305e-02 7.218593e-02 9.611558e-01 8.148069e+03 2.042993e+03 1.001396e+03  5000 10000 3.865003e-04     0 3.865566e-02 6.469535e+01 1.295845e+02 5.946524e-02 2.424921e-04 
  383 1.681684e-02 7.214692e-02 9.614583e-01 8.155492e+03 2.053613e+03 1.001561e+03  5000 10000 3.667127e-04     0 3.866803e-02 6.467937e+01 1.295862e+02 5.945592e-02 2.427867e-04 
3.831000e+02 1.679360e-02 7.210713e-02 9.617590e-01 8.162913e+03 2.064236e+03 1.001725e+03  5000 10000 4.024639e-04     0 3.868032e-02 6.466300e+01 1.295880e+02 5.944666e-02 2.443733e-04 
3.832000e+02 1.676606e-02 7.206654e-02 9.620591e-01 8.170330e+03 2.074861e+03 1.001889e+03  5000 10000 4.031856e-04     0 3.869254e-02 6.464626e+01 1.295898e+02 5.943745e-02 2.452224e-04 
3.833000e+02 1.673656e-02 7.202517e-02 9.623593e-01 8.177744e+03 2.085489e+03 1.002053e+03  5000 10000 3.904794e-04     0 3.870468e-02 6.462914e+01 1.295915e+02 5.942829e-02 2.448949e-04 
3.834000e+02 1.670921e-02 7.198301e-02 9.626589e-01 8.185154e+03 2.096119e+03 1.002216e+03  5000 10000 3.729545e-04     0 3.871676e-02 6.461164e+01 1.295933e+02 5.941919e-02 2.442690e-04 
3.835000e+02 1.668662e-02 7.194008e-02 9.629572e-01 8.192562e+03 2.106751e+03 1.002379e+03  5000 10000 3.542827e-04     0 3.872877e-02 6.459378e+01 1.295950e+02 5.941013e-02 2.445854e-04 
3.836000e+02 1.666680e-02 7.189640e-02 9.632538e-01 8.199967e+03 2.117385e+03 1.002541e+03  5000 10000 3.883722e-04     0 3.874071e-02 6.457554e+01 1.295967e+02 5.940113e-02 2.461285e-04 
3.837000e+02 1.664290e-02 7.185195e-02 9.635499e-01 8.207369e+03 2.128022e+03 1.002703e+03  5000 10000 3.891735e-04     0 3.875258e-02 6.455694e+01 1.295985e+02 5.939219e-02 2.469702e-04 
3.838000e+02 1.661712e-02 7.180672e-02 9.638462e-01 8.214767e+03 2.138662e+03 1.002864e+03  5000 10000 3.772152e-04     0 3.876437e-02 6.453797e+01 1.296002e+02 5.938330e-02 2.466938e-04 
3.839000e+02 1.659335e-02 7.176073e-02 9.641421e-01 8.222163e+03 2.149303e+03 1.003025e+03  5000 10000 3.606753e-04     0 3.877609e-02 6.451863e+01 1.296019e+02 5.937446e-02 2.461340e-04 
  384 1.657405e-02 7.171400e-02 9.644367e-01 8.229555e+03 2.159947e+03 1.003185e+03  5000 10000 3.430391e-04     0 3.878775e-02 6.449894e+01 1.296036e+02 5.936567e-02 2.464702e-04 
3.841000e+02 1.655736e-02 7.166653e-02 9.647297e-01 8.236944e+03 2.170594e+03 1.003345e+03  5000 10000 3.755803e-04     0 3.879933e-02 6.447888e+01 1.296053e+02 5.935694e-02 2.479725e-04 
3.842000e+02 1.653678e-02 7.161830e-02 9.650224e-01 8.244331e+03 2.181243e+03 1.003504e+03  5000 10000 3.764542e-04     0 3.881084e-02 6.445846e+01 1.296070e+02 5.934826e-02 2.488072e-04 
3.843000e+02 1.651439e-02 7.156933e-02 9.653153e-01 8.251714e+03 2.191894e+03 1.003663e+03  5000 10000 3.651903e-04     0 3.882228e-02 6.443769e+01 1.296087e+02 5.933964e-02 2.485782e-04 
3.844000e+02 1.649389e-02 7.151962e-02 9.656079e-01 8.259094e+03 2.202547e+03 1.003821e+03  5000 10000 3.495656e-04     0 3.883364e-02 6.441656e+01 1.296103e+02 5.933106e-02 2.480798e-04 
3.845000e+02 1.647761e-02 7.146919e-02 9.658993e-01 8.266471e+03 2.213203e+03 1.003979e+03  5000 10000 3.328925e-04     0 3.884493e-02 6.439508e+01 1.296120e+02 5.932255e-02 2.484344e-04 
3.846000e+02 1.646376e-02 7.141803e-02 9.661893e-01 8.273845e+03 2.223860e+03 1.004136e+03  5000 10000 3.639842e-04     0 3.885616e-02 6.437326e+01 1.296137e+02 5.931408e-02 2.498989e-04 
3.847000e+02 1.644621e-02 7.136615e-02 9.664791e-01 8.281217e+03 2.234521e+03 1.004293e+03  5000 10000 3.649230e-04     0 3.886731e-02 6.435108e+01 1.296153e+02 5.930567e-02 2.507273e-04 
3.848000e+02 1.642693e-02 7.131355e-02 9.667691e-01 8.288585e+03 2.245183e+03 1.004449e+03  5000 10000 3.543047e-04     0 3.887838e-02 6.432856e+01 1.296170e+02 5.929732e-02 2.505431e-04 
3.849000e+02 1.640942e-02 7.126023e-02 9.670588e-01 8.295950e+03 2.255848e+03 1.004605e+03  5000 10000 3.395320e-04     0 3.888938e-02 6.430569e+01 1.296186e+02 5.928902e-02 2.501027e-04 
  385 1.639588e-02 7.120620e-02 9.673476e-01 8.303312e+03 2.266515e+03 1.004760e+03  5000 10000 3.237563e-04     0 3.890031e-02 6.428248e+01 1.296203e+02 5.928077e-02 2.504750e-04 
3.851000e+02 1.638464e-02 7.115148e-02 9.676350e-01 8.310671e+03 2.277185e+03 1.004914e+03  5000 10000 3.534836e-04     0 3.891117e-02 6.425894e+01 1.296219e+02 5.927258e-02 2.519045e-04 
3.852000e+02 1.636986e-02 7.109606e-02 9.679222e-01 8.318027e+03 2.287856e+03 1.005068e+03  5000 10000 3.544789e-04     0 3.892195e-02 6.423505e+01 1.296235e+02 5.926444e-02 2.527280e-04 
3.853000e+02 1.635342e-02 7.103994e-02 9.682098e-01 8.325380e+03 2.298530e+03 1.005221e+03  5000 10000 3.444618e-04     0 3.893265e-02 6.421083e+01 1.296251e+02 5.925636e-02 2.525868e-04 
3.854000e+02 1.633864e-02 7.098312e-02 9.684972e-01 8.332731e+03 2.309206e+03 1.005373e+03  5000 10000 3.304842e-04     0 3.894329e-02 6.418628e+01 1.296267e+02 5.924833e-02 2.522018e-04 
3.855000e+02 1.632762e-02 7.092563e-02 9.687836e-01 8.340078e+03 2.319885e+03 1.005525e+03  5000 10000 3.155469e-04     0 3.895385e-02 6.416140e+01 1.296283e+02 5.924035e-02 2.525918e-04 
3.856000e+02 1.631876e-02 7.086746e-02 9.690689e-01 8.347422e+03 2.330565e+03 1.005676e+03  5000 10000 3.439818e-04     0 3.896434e-02 6.413619e+01 1.296299e+02 5.923243e-02 2.539896e-04 
3.857000e+02 1.630653e-02 7.080862e-02 9.693541e-01 8.354763e+03 2.341248e+03 1.005827e+03  5000 10000 3.450245e-04     0 3.897476e-02 6.411066e+01 1.296315e+02 5.922457e-02 2.548099e-04 
3.858000e+02 1.629271e-02 7.074910e-02 9.696396e-01 8.362101e+03 2.351933e+03 1.005977e+03  5000 10000 3.355684e-04     0 3.898509e-02 6.408480e+01 1.296331e+02 5.921676e-02 2.547109e-04 
3.859000e+02 1.628044e-02 7.068891e-02 9.699250e-01 8.369437e+03 2.362621e+03 1.006126e+03  5000 10000 3.223351e-04     0 3.899536e-02 6.405862e+01 1.296347e+02 5.920900e-02 2.543799e-04 
  386 1.627173e-02 7.062807e-02 9.702096e-01 8.376769e+03 2.373311e+03 1.006275e+03  5000 10000 3.081836e-04     0 3.900555e-02 6.403212e+01 1.296363e+02 5.920130e-02 2.547881e-04 
3.861000e+02 1.626506e-02 7.056659e-02 9.704931e-01 8.384098e+03 2.384002e+03 1.006423e+03  5000 10000 3.353858e-04     0 3.901567e-02 6.400531e+01 1.296379e+02 5.919366e-02 2.561578e-04 
3.862000e+02 1.625517e-02 7.050445e-02 9.707765e-01 8.391425e+03 2.394697e+03 1.006570e+03  5000 10000 3.364663e-04     0 3.902572e-02 6.397818e+01 1.296394e+02 5.918607e-02 2.569771e-04 
3.863000e+02 1.624375e-02 7.044166e-02 9.710604e-01 8.398748e+03 2.405393e+03 1.006716e+03  5000 10000 3.275352e-04     0 3.903568e-02 6.395074e+01 1.296410e+02 5.917853e-02 2.569202e-04 
3.864000e+02 1.623380e-02 7.037823e-02 9.713442e-01 8.406069e+03 2.416091e+03 1.006862e+03  5000 10000 3.150010e-04     0 3.904557e-02 6.392299e+01 1.296425e+02 5.917105e-02 2.566427e-04 
3.865000e+02 1.622723e-02 7.031418e-02 9.716273e-01 8.413386e+03 2.426792e+03 1.007007e+03  5000 10000 3.015889e-04     0 3.905539e-02 6.389494e+01 1.296441e+02 5.916363e-02 2.570705e-04 
3.866000e+02 1.622258e-02 7.024950e-02 9.719094e-01 8.420701e+03 2.437495e+03 1.007151e+03  5000 10000 3.276066e-04     0 3.906514e-02 6.386658e+01 1.296456e+02 5.915626e-02 2.584157e-04 
3.867000e+02 1.621486e-02 7.018420e-02 9.721915e-01 8.428013e+03 2.448200e+03 1.007295e+03  5000 10000 3.287150e-04     0 3.907481e-02 6.383792e+01 1.296472e+02 5.914894e-02 2.592368e-04 
3.868000e+02 1.620568e-02 7.011827e-02 9.724741e-01 8.435321e+03 2.458908e+03 1.007437e+03  5000 10000 3.202766e-04     0 3.908440e-02 6.380896e+01 1.296487e+02 5.914168e-02 2.592229e-04 
3.869000e+02 1.619788e-02 7.005173e-02 9.727566e-01 8.442627e+03 2.469617e+03 1.007579e+03  5000 10000 3.084019e-04     0 3.909391e-02 6.377971e+01 1.296502e+02 5.913448e-02 2.589992e-04 
  387 1.619328e-02 6.998459e-02 9.730385e-01 8.449930e+03 2.480329e+03 1.007721e+03  5000 10000 2.956885e-04     0 3.910336e-02 6.375016e+01 1.296517e+02 5.912733e-02 2.594486e-04 
3.871000e+02 1.619051e-02 6.991686e-02 9.733196e-01 8.457230e+03 2.491043e+03 1.007861e+03  5000 10000 3.205592e-04     0 3.911273e-02 6.372032e+01 1.296532e+02 5.912024e-02 2.607732e-04 
3.872000e+02 1.618481e-02 6.984853e-02 9.736007e-01 8.464527e+03 2.501759e+03 1.008001e+03  5000 10000 3.216851e-04     0 3.912202e-02 6.369019e+01 1.296547e+02 5.911320e-02 2.615992e-04 
3.873000e+02 1.617771e-02 6.977960e-02 9.738823e-01 8.471821e+03 2.512478e+03 1.008140e+03  5000 10000 3.137112e-04     0 3.913123e-02 6.365977e+01 1.296563e+02 5.910622e-02 2.616301e-04 
3.874000e+02 1.617192e-02 6.971008e-02 9.741639e-01 8.479112e+03 2.523198e+03 1.008278e+03  5000 10000 3.024615e-04     0 3.914037e-02 6.362908e+01 1.296577e+02 5.909930e-02 2.614615e-04 
3.875000e+02 1.616917e-02 6.964000e-02 9.744450e-01 8.486400e+03 2.533921e+03 1.008415e+03  5000 10000 2.904119e-04     0 3.914944e-02 6.359810e+01 1.296592e+02 5.909243e-02 2.619349e-04 
3.876000e+02 1.616816e-02 6.956935e-02 9.747253e-01 8.493685e+03 2.544646e+03 1.008551e+03  5000 10000 3.141629e-04     0 3.915843e-02 6.356684e+01 1.296607e+02 5.908561e-02 2.632431e-04 
3.877000e+02 1.616435e-02 6.949813e-02 9.750058e-01 8.500968e+03 2.555373e+03 1.008687e+03  5000 10000 3.152959e-04     0 3.916735e-02 6.353531e+01 1.296622e+02 5.907885e-02 2.640775e-04 
3.878000e+02 1.615920e-02 6.942634e-02 9.752867e-01 8.508247e+03 2.566102e+03 1.008822e+03  5000 10000 3.077617e-04     0 3.917618e-02 6.350350e+01 1.296637e+02 5.907215e-02 2.641555e-04 
3.879000e+02 1.615530e-02 6.935399e-02 9.755677e-01 8.515523e+03 2.576834e+03 1.008955e+03  5000 10000 2.971080e-04     0 3.918494e-02 6.347143e+01 1.296651e+02 5.906550e-02 2.640442e-04 
  388 1.615429e-02 6.928110e-02 9.758482e-01 8.522797e+03 2.587567e+03 1.009089e+03  5000 10000 2.856925e-04     0 3.919363e-02 6.343909e+01 1.296666e+02 5.905891e-02 2.645447e-04 
3.881000e+02 1.615493e-02 6.920768e-02 9.761281e-01 8.530067e+03 2.598303e+03 1.009221e+03  5000 10000 3.083416e-04     0 3.920224e-02 6.340648e+01 1.296681e+02 5.905237e-02 2.658409e-04 
3.882000e+02 1.615292e-02 6.913371e-02 9.764081e-01 8.537335e+03 2.609041e+03 1.009352e+03  5000 10000 3.094712e-04     0 3.921077e-02 6.337361e+01 1.296695e+02 5.904589e-02 2.666876e-04 
3.883000e+02 1.614963e-02 6.905921e-02 9.766887e-01 8.544600e+03 2.619781e+03 1.009482e+03  5000 10000 3.023558e-04     0 3.921923e-02 6.334048e+01 1.296710e+02 5.903947e-02 2.668158e-04 
3.884000e+02 1.614752e-02 6.898417e-02 9.769694e-01 8.551861e+03 2.630524e+03 1.009612e+03  5000 10000 2.922735e-04     0 3.922761e-02 6.330710e+01 1.296724e+02 5.903310e-02 2.667646e-04 
3.885000e+02 1.614816e-02 6.890863e-02 9.772497e-01 8.559120e+03 2.641268e+03 1.009741e+03  5000 10000 2.814678e-04     0 3.923592e-02 6.327346e+01 1.296739e+02 5.902679e-02 2.672957e-04 
3.886000e+02 1.615038e-02 6.883257e-02 9.775294e-01 8.566376e+03 2.652015e+03 1.009868e+03  5000 10000 3.030240e-04     0 3.924415e-02 6.323957e+01 1.296753e+02 5.902053e-02 2.685843e-04 
3.887000e+02 1.615008e-02 6.875601e-02 9.778093e-01 8.573629e+03 2.662764e+03 1.009995e+03  5000 10000 3.041397e-04     0 3.925230e-02 6.320543e+01 1.296767e+02 5.901433e-02 2.694476e-04 
3.888000e+02 1.614857e-02 6.867893e-02 9.780897e-01 8.580879e+03 2.673515e+03 1.010121e+03  5000 10000 2.974254e-04     0 3.926037e-02 6.317104e+01 1.296781e+02 5.900818e-02 2.696297e-04 
3.889000e+02 1.614818e-02 6.860136e-02 9.783704e-01 8.588126e+03 2.684268e+03 1.010246e+03  5000 10000 2.878950e-04     0 3.926837e-02 6.313642e+01 1.296796e+02 5.900209e-02 2.696422e-04 
  389 1.615041e-02 6.852331e-02 9.786507e-01 8.595370e+03 2.695023e+03 1.010370e+03  5000 10000 2.776797e-04     0 3.927629e-02 6.310155e+01 1.296810e+02 5.899606e-02 2.702079e-04 
3.891000e+02 1.615415e-02 6.844477e-02 9.789305e-01 8.602612e+03 2.705781e+03 1.010493e+03  5000 10000 2.981435e-04     0 3.928414e-02 6.306645e+01 1.296824e+02 5.899008e-02 2.714936e-04 
3.892000e+02 1.615550e-02 6.836576e-02 9.792106e-01 8.609850e+03 2.716540e+03 1.010616e+03  5000 10000 2.992349e-04     0 3.929191e-02 6.303111e+01 1.296838e+02 5.898416e-02 2.723781e-04 
3.893000e+02 1.615571e-02 6.828627e-02 9.794912e-01 8.617085e+03 2.727302e+03 1.010737e+03  5000 10000 2.929074e-04     0 3.929960e-02 6.299555e+01 1.296852e+02 5.897829e-02 2.726184e-04 
3.894000e+02 1.615700e-02 6.820631e-02 9.797721e-01 8.624318e+03 2.738066e+03 1.010857e+03  5000 10000 2.839139e-04     0 3.930722e-02 6.295975e+01 1.296866e+02 5.897248e-02 2.726988e-04 
3.895000e+02 1.616077e-02 6.812590e-02 9.800527e-01 8.631547e+03 2.748832e+03 1.010977e+03  5000 10000 2.742744e-04     0 3.931476e-02 6.292373e+01 1.296880e+02 5.896672e-02 2.733035e-04 
3.896000e+02 1.616598e-02 6.804504e-02 9.803329e-01 8.638774e+03 2.759600e+03 1.011095e+03  5000 10000 2.936383e-04     0 3.932222e-02 6.288749e+01 1.296894e+02 5.896102e-02 2.745910e-04 
3.897000e+02 1.616895e-02 6.796373e-02 9.806134e-01 8.645997e+03 2.770371e+03 1.011212e+03  5000 10000 2.946950e-04     0 3.932961e-02 6.285102e+01 1.296908e+02 5.895538e-02 2.755016e-04 
3.898000e+02 1.617085e-02 6.788198e-02 9.808945e-01 8.653218e+03 2.781143e+03 1.011329e+03  5000 10000 2.887433e-04     0 3.933692e-02 6.281434e+01 1.296921e+02 5.894979e-02 2.758050e-04 
3.899000e+02 1.617379e-02 6.779979e-02 9.811758e-01 8.660435e+03 2.791918e+03 1.011444e+03  5000 10000 2.802760e-04     0 3.934415e-02 6.277745e+01 1.296935e+02 5.894426e-02 2.759581e-04 
  390 1.617908e-02 6.771717e-02 9.814570e-01 8.667650e+03 2.802695e+03 1.011558e+03  5000 10000 2.712026e-04     0 3.935131e-02 6.274035e+01 1.296949e+02 5.893879e-02 2.766068e-04 
3.901000e+02 1.618574e-02 6.763415e-02 9.817378e-01 8.674862e+03 2.813474e+03 1.011672e+03  5000 10000 2.894511e-04     0 3.935839e-02 6.270303e+01 1.296962e+02 5.893336e-02 2.779010e-04 
3.902000e+02 1.619031e-02 6.755070e-02 9.820190e-01 8.682071e+03 2.824255e+03 1.011784e+03  5000 10000 2.904627e-04     0 3.936539e-02 6.266552e+01 1.296976e+02 5.892800e-02 2.788428e-04 
3.903000e+02 1.619389e-02 6.746684e-02 9.823007e-01 8.689276e+03 2.835038e+03 1.011896e+03  5000 10000 2.848791e-04     0 3.937232e-02 6.262780e+01 1.296989e+02 5.892269e-02 2.792148e-04 
3.904000e+02 1.619845e-02 6.738257e-02 9.825828e-01 8.696479e+03 2.845824e+03 1.012006e+03  5000 10000 2.769317e-04     0 3.937917e-02 6.258988e+01 1.297003e+02 5.891744e-02 2.794462e-04 
3.905000e+02 1.620525e-02 6.729792e-02 9.828648e-01 8.703679e+03 2.856611e+03 1.012115e+03  5000 10000 2.684191e-04     0 3.938594e-02 6.255177e+01 1.297016e+02 5.891224e-02 2.801440e-04 
3.906000e+02 1.621337e-02 6.721288e-02 9.831465e-01 8.710876e+03 2.867401e+03 1.012224e+03  5000 10000 2.855288e-04     0 3.939264e-02 6.251346e+01 1.297030e+02 5.890710e-02 2.814499e-04 
3.907000e+02 1.621954e-02 6.712745e-02 9.834286e-01 8.718070e+03 2.878193e+03 1.012331e+03  5000 10000 2.864852e-04     0 3.939926e-02 6.247496e+01 1.297043e+02 5.890201e-02 2.824284e-04 
3.908000e+02 1.622480e-02 6.704164e-02 9.837113e-01 8.725261e+03 2.888987e+03 1.012437e+03  5000 10000 2.812649e-04     0 3.940580e-02 6.243628e+01 1.297057e+02 5.889698e-02 2.828750e-04 
3.909000e+02 1.623101e-02 6.695546e-02 9.839944e-01 8.732449e+03 2.899783e+03 1.012542e+03  5000 10000 2.738352e-04     0 3.941227e-02 6.239741e+01 1.297070e+02 5.889200e-02 2.831908e-04 
  391 1.623933e-02 6.686892e-02 9.842775e-01 8.739634e+03 2.910582e+03 1.012647e+03  5000 10000 2.658826e-04     0 3.941866e-02 6.235836e+01 1.297083e+02 5.888708e-02 2.839435e-04 
3.911000e+02 1.624892e-02 6.678203e-02 9.845603e-01 8.746816e+03 2.921382e+03 1.012750e+03  5000 10000 2.818222e-04     0 3.942498e-02 6.231914e+01 1.297096e+02 5.888222e-02 2.852662e-04 
3.912000e+02 1.625671e-02 6.669479e-02 9.848436e-01 8.753995e+03 2.932185e+03 1.012852e+03  5000 10000 2.827130e-04     0 3.943122e-02 6.227973e+01 1.297109e+02 5.887741e-02 2.862873e-04 
3.913000e+02 1.626368e-02 6.660719e-02 9.851275e-01 8.761172e+03 2.942990e+03 1.012952e+03  5000 10000 2.778544e-04     0 3.943738e-02 6.224016e+01 1.297122e+02 5.887265e-02 2.868151e-04 
3.914000e+02 1.627156e-02 6.651926e-02 9.854118e-01 8.768345e+03 2.953797e+03 1.013052e+03  5000 10000 2.709445e-04     0 3.944346e-02 6.220042e+01 1.297136e+02 5.886795e-02 2.872222e-04 
3.915000e+02 1.628144e-02 6.643100e-02 9.856962e-01 8.775515e+03 2.964606e+03 1.013151e+03  5000 10000 2.635556e-04     0 3.944947e-02 6.216051e+01 1.297149e+02 5.886331e-02 2.880359e-04 
3.916000e+02 1.629252e-02 6.634242e-02 9.859805e-01 8.782682e+03 2.975417e+03 1.013249e+03  5000 10000 2.782857e-04     0 3.945540e-02 6.212044e+01 1.297162e+02 5.885872e-02 2.893809e-04 
3.917000e+02 1.630198e-02 6.625352e-02 9.862652e-01 8.789846e+03 2.986231e+03 1.013345e+03  5000 10000 2.791003e-04     0 3.946126e-02 6.208021e+01 1.297175e+02 5.885418e-02 2.904506e-04 
3.918000e+02 1.631071e-02 6.616430e-02 9.865506e-01 8.797007e+03 2.997046e+03 1.013441e+03  5000 10000 2.746047e-04     0 3.946704e-02 6.203983e+01 1.297187e+02 5.884971e-02 2.910670e-04 
3.919000e+02 1.632031e-02 6.607478e-02 9.868364e-01 8.804165e+03 3.007864e+03 1.013535e+03  5000 10000 2.682209e-04     0 3.947274e-02 6.199929e+01 1.297200e+02 5.884528e-02 2.915729e-04 
  392 1.633180e-02 6.598496e-02 9.871224e-01 8.811320e+03 3.018684e+03 1.013629e+03  5000 10000 2.614039e-04     0 3.947837e-02 6.195860e+01 1.297213e+02 5.884091e-02 2.924543e-04 
3.921000e+02 1.634443e-02 6.589486e-02 9.874083e-01 8.818472e+03 3.029506e+03 1.013721e+03  5000 10000 2.748759e-04     0 3.948392e-02 6.191776e+01 1.297226e+02 5.883660e-02 2.938271e-04 
3.922000e+02 1.635562e-02 6.580447e-02 9.876947e-01 8.825621e+03 3.040330e+03 1.013812e+03  5000 10000 2.756037e-04     0 3.948940e-02 6.187678e+01 1.297239e+02 5.883234e-02 2.949523e-04 
3.923000e+02 1.636617e-02 6.571379e-02 9.879819e-01 8.832767e+03 3.051157e+03 1.013902e+03  5000 10000 2.714754e-04     0 3.949480e-02 6.183566e+01 1.297251e+02 5.882813e-02 2.956652e-04 
3.924000e+02 1.637756e-02 6.562285e-02 9.882695e-01 8.839910e+03 3.061985e+03 1.013991e+03  5000 10000 2.656281e-04     0 3.950012e-02 6.179439e+01 1.297264e+02 5.882398e-02 2.962784e-04 
3.925000e+02 1.639071e-02 6.553164e-02 9.885573e-01 8.847050e+03 3.072816e+03 1.014078e+03  5000 10000 2.593957e-04     0 3.950537e-02 6.175300e+01 1.297277e+02 5.881989e-02 2.972348e-04 
3.926000e+02 1.640497e-02 6.544017e-02 9.888452e-01 8.854187e+03 3.083649e+03 1.014165e+03  5000 10000 2.715520e-04     0 3.951055e-02 6.171147e+01 1.297289e+02 5.881585e-02 2.986414e-04 
3.927000e+02 1.641796e-02 6.534845e-02 9.891336e-01 8.861321e+03 3.094484e+03 1.014250e+03  5000 10000 2.721816e-04     0 3.951564e-02 6.166982e+01 1.297302e+02 5.881186e-02 2.998290e-04 
3.928000e+02 1.643043e-02 6.525649e-02 9.894227e-01 8.868452e+03 3.105321e+03 1.014335e+03  5000 10000 2.684279e-04     0 3.952066e-02 6.162804e+01 1.297314e+02 5.880793e-02 3.006475e-04 
3.929000e+02 1.644370e-02 6.516428e-02 9.897124e-01 8.875579e+03 3.116161e+03 1.014418e+03  5000 10000 2.631320e-04     0 3.952561e-02 6.158613e+01 1.297327e+02 5.880405e-02 3.013773e-04 
  393 1.645861e-02 6.507185e-02 9.900024e-01 8.882704e+03 3.127002e+03 1.014500e+03  5000 10000 2.575018e-04     0 3.953048e-02 6.154411e+01 1.297339e+02 5.880023e-02 3.024166e-04 
3.931000e+02 1.647458e-02 6.497919e-02 9.902925e-01 8.889825e+03 3.137846e+03 1.014581e+03  5000 10000 2.682738e-04     0 3.953528e-02 6.150197e+01 1.297352e+02 5.879646e-02 3.038632e-04 
3.932000e+02 1.648948e-02 6.488631e-02 9.905831e-01 8.896944e+03 3.148692e+03 1.014660e+03  5000 10000 2.687932e-04     0 3.954000e-02 6.145972e+01 1.297364e+02 5.879274e-02 3.051212e-04 
3.933000e+02 1.650397e-02 6.479322e-02 9.908746e-01 8.904059e+03 3.159540e+03 1.014739e+03  5000 10000 2.654248e-04     0 3.954464e-02 6.141736e+01 1.297376e+02 5.878908e-02 3.060551e-04 
3.934000e+02 1.651923e-02 6.469992e-02 9.911666e-01 8.911172e+03 3.170390e+03 1.014816e+03  5000 10000 2.606996e-04     0 3.954921e-02 6.137489e+01 1.297389e+02 5.878547e-02 3.069121e-04 
3.935000e+02 1.653601e-02 6.460643e-02 9.914590e-01 8.918281e+03 3.181243e+03 1.014892e+03  5000 10000 2.556940e-04     0 3.955371e-02 6.133232e+01 1.297401e+02 5.878192e-02 3.080432e-04 
3.936000e+02 1.655380e-02 6.451275e-02 9.917516e-01 8.925387e+03 3.192098e+03 1.014967e+03  5000 10000 2.650017e-04     0 3.955813e-02 6.128965e+01 1.297413e+02 5.877842e-02 3.095366e-04 
3.937000e+02 1.657073e-02 6.441888e-02 9.920449e-01 8.932490e+03 3.202954e+03 1.015041e+03  5000 10000 2.653979e-04     0 3.956247e-02 6.124688e+01 1.297425e+02 5.877497e-02 3.108735e-04 
3.938000e+02 1.658738e-02 6.432483e-02 9.923389e-01 8.939590e+03 3.213813e+03 1.015114e+03  5000 10000 2.624284e-04     0 3.956674e-02 6.120402e+01 1.297437e+02 5.877158e-02 3.119340e-04 
3.939000e+02 1.660477e-02 6.423060e-02 9.926336e-01 8.946687e+03 3.224675e+03 1.015185e+03  5000 10000 2.582985e-04     0 3.957094e-02 6.116106e+01 1.297449e+02 5.876824e-02 3.129298e-04 
  394 1.662355e-02 6.413622e-02 9.929287e-01 8.953780e+03 3.235538e+03 1.015256e+03  5000 10000 2.539453e-04     0 3.957506e-02 6.111802e+01 1.297461e+02 5.876496e-02 3.141625e-04 
3.941000e+02 1.664328e-02 6.404168e-02 9.932242e-01 8.960871e+03 3.246404e+03 1.015325e+03  5000 10000 2.616952e-04     0 3.957911e-02 6.107489e+01 1.297473e+02 5.876172e-02 3.157101e-04 
3.942000e+02 1.666240e-02 6.394698e-02 9.935203e-01 8.967958e+03 3.257272e+03 1.015393e+03  5000 10000 2.619538e-04     0 3.958308e-02 6.103168e+01 1.297485e+02 5.875855e-02 3.171354e-04 
3.943000e+02 1.668136e-02 6.385214e-02 9.938173e-01 8.975042e+03 3.268142e+03 1.015460e+03  5000 10000 2.594006e-04     0 3.958698e-02 6.098840e+01 1.297497e+02 5.875542e-02 3.183349e-04 
3.944000e+02 1.670104e-02 6.375716e-02 9.941150e-01 8.982123e+03 3.279014e+03 1.015525e+03  5000 10000 2.558954e-04     0 3.959080e-02 6.094503e+01 1.297509e+02 5.875235e-02 3.194829e-04 
3.945000e+02 1.672197e-02 6.366205e-02 9.944132e-01 8.989201e+03 3.289889e+03 1.015590e+03  5000 10000 2.522283e-04     0 3.959456e-02 6.090160e+01 1.297521e+02 5.874933e-02 3.208282e-04 
3.946000e+02 1.674382e-02 6.356682e-02 9.947118e-01 8.996276e+03 3.300765e+03 1.015653e+03  5000 10000 2.583115e-04     0 3.959823e-02 6.085810e+01 1.297533e+02 5.874636e-02 3.224381e-04 
3.947000e+02 1.676529e-02 6.347147e-02 9.950112e-01 9.003347e+03 3.311644e+03 1.015715e+03  5000 10000 2.584166e-04     0 3.960184e-02 6.081453e+01 1.297545e+02 5.874344e-02 3.239625e-04 
3.948000e+02 1.678676e-02 6.337600e-02 9.953114e-01 9.010415e+03 3.322525e+03 1.015776e+03  5000 10000 2.563006e-04     0 3.960537e-02 6.077089e+01 1.297557e+02 5.874058e-02 3.253153e-04 
3.949000e+02 1.680891e-02 6.328043e-02 9.956124e-01 9.017481e+03 3.333409e+03 1.015835e+03  5000 10000 2.534559e-04     0 3.960882e-02 6.072720e+01 1.297568e+02 5.873777e-02 3.266305e-04 
  395 1.683218e-02 6.318477e-02 9.959140e-01 9.024542e+03 3.344294e+03 1.015894e+03  5000 10000 2.505151e-04     0 3.961221e-02 6.068345e+01 1.297580e+02 5.873501e-02 3.281008e-04 
3.951000e+02 1.685631e-02 6.308901e-02 9.962162e-01 9.031601e+03 3.355182e+03 1.015951e+03  5000 10000 2.548046e-04     0 3.961552e-02 6.063965e+01 1.297592e+02 5.873231e-02 3.297822e-04 
3.952000e+02 1.688034e-02 6.299317e-02 9.965192e-01 9.038657e+03 3.366072e+03 1.016007e+03  5000 10000 2.547379e-04     0 3.961876e-02 6.059580e+01 1.297604e+02 5.872965e-02 3.314177e-04 
3.953000e+02 1.690454e-02 6.289725e-02 9.968231e-01 9.045709e+03 3.376965e+03 1.016062e+03  5000 10000 2.530844e-04     0 3.962192e-02 6.055190e+01 1.297615e+02 5.872705e-02 3.329399e-04 
3.954000e+02 1.692939e-02 6.280126e-02 9.971278e-01 9.052758e+03 3.387859e+03 1.016115e+03  5000 10000 2.509423e-04     0 3.962501e-02 6.050796e+01 1.297627e+02 5.872450e-02 3.344396e-04 
3.955000e+02 1.695521e-02 6.270520e-02 9.974332e-01 9.059803e+03 3.398756e+03 1.016168e+03  5000 10000 2.487753e-04     0 3.962803e-02 6.046398e+01 1.297638e+02 5.872201e-02 3.360491e-04 
3.956000e+02 1.698184e-02 6.260909e-02 9.977393e-01 9.066846e+03 3.409655e+03 1.016219e+03  5000 10000 2.511231e-04     0 3.963098e-02 6.041996e+01 1.297650e+02 5.871956e-02 3.378122e-04 
3.957000e+02 1.700867e-02 6.251292e-02 9.980463e-01 9.073885e+03 3.420556e+03 1.016269e+03  5000 10000 2.508639e-04     0 3.963385e-02 6.037590e+01 1.297661e+02 5.871717e-02 3.395726e-04 
3.958000e+02 1.703586e-02 6.241671e-02 9.983542e-01 9.080921e+03 3.431460e+03 1.016317e+03  5000 10000 2.497028e-04     0 3.963665e-02 6.033181e+01 1.297673e+02 5.871482e-02 3.412827e-04 
3.959000e+02 1.706367e-02 6.232047e-02 9.986630e-01 9.087953e+03 3.442366e+03 1.016365e+03  5000 10000 2.483129e-04     0 3.963938e-02 6.028770e+01 1.297684e+02 5.871253e-02 3.429867e-04 
  396 1.709228e-02 6.222419e-02 9.989726e-01 9.094983e+03 3.453274e+03 1.016411e+03  5000 10000 2.469756e-04     0 3.964204e-02 6.024356e+01 1.297696e+02 5.871029e-02 3.447516e-04 
3.961000e+02 1.712165e-02 6.212788e-02 9.992831e-01 9.102009e+03 3.464184e+03 1.016456e+03  5000 10000 2.472088e-04     0 3.964463e-02 6.019939e+01 1.297707e+02 5.870810e-02 3.466081e-04 
3.962000e+02 1.715157e-02 6.203156e-02 9.995945e-01 9.109031e+03 3.475097e+03 1.016500e+03  5000 10000 2.467328e-04     0 3.964714e-02 6.015521e+01 1.297718e+02 5.870596e-02 3.485091e-04 
3.963000e+02 1.718204e-02 6.193523e-02 9.999068e-01 9.116051e+03 3.486012e+03 1.016543e+03  5000 10000 2.460992e-04     0 3.964959e-02 6.011102e+01 1.297729e+02 5.870388e-02 3.504286e-04 
3.964000e+02 1.721311e-02 6.183889e-02 1.000220e+00 9.123067e+03 3.496929e+03 1.016584e+03  5000 10000 2.455200e-04     0 3.965196e-02 6.006680e+01 1.297741e+02 5.870184e-02 3.523600e-04 
3.965000e+02 1.724481e-02 6.174255e-02 1.000534e+00 9.130079e+03 3.507849e+03 1.016624e+03  5000 10000 2.450779e-04     0 3.965426e-02 6.002258e+01 1.297752e+02 5.869985e-02 3.542990e-04 
3.966000e+02 1.727721e-02 6.164622e-02 1.000850e+00 9.137088e+03 3.518770e+03 1.016663e+03  5000 10000 2.429938e-04     0 3.965649e-02 5.997836e+01 1.297763e+02 5.869792e-02 3.562625e-04 
3.967000e+02 1.731053e-02 6.154990e-02 1.001166e+00 9.144094e+03 3.529695e+03 1.016701e+03  5000 10000 2.422726e-04     0 3.965865e-02 5.993413e+01 1.297774e+02 5.869603e-02 3.583224e-04 
3.968000e+02 1.734464e-02 6.145361e-02 1.001483e+00 9.151097e+03 3.540621e+03 1.016737e+03  5000 10000 2.422080e-04     0 3.966074e-02 5.988990e+01 1.297785e+02 5.869420e-02 3.604762e-04 
3.969000e+02 1.737933e-02 6.135735e-02 1.001802e+00 9.158096e+03 3.551550e+03 1.016772e+03  5000 10000 2.425078e-04     0 3.966275e-02 5.984567e+01 1.297797e+02 5.869241e-02 3.626617e-04 
  397 1.741444e-02 6.126111e-02 1.002121e+00 9.165091e+03 3.562481e+03 1.016807e+03  5000 10000 2.430379e-04     0 3.966470e-02 5.980145e+01 1.297808e+02 5.869068e-02 3.647967e-04 
3.971000e+02 1.745021e-02 6.116492e-02 1.002442e+00 9.172084e+03 3.573414e+03 1.016839e+03  5000 10000 2.383978e-04     0 3.966658e-02 5.975723e+01 1.297819e+02 5.868899e-02 3.668828e-04 
3.972000e+02 1.748732e-02 6.106878e-02 1.002763e+00 9.179072e+03 3.584350e+03 1.016871e+03  5000 10000 2.373980e-04     0 3.966838e-02 5.971303e+01 1.297830e+02 5.868736e-02 3.691228e-04 
3.973000e+02 1.752548e-02 6.097269e-02 1.003086e+00 9.186058e+03 3.595288e+03 1.016901e+03  5000 10000 2.379505e-04     0 3.967012e-02 5.966884e+01 1.297841e+02 5.868577e-02 3.715402e-04 
3.974000e+02 1.756419e-02 6.087666e-02 1.003410e+00 9.193040e+03 3.606229e+03 1.016930e+03  5000 10000 2.392098e-04     0 3.967179e-02 5.962467e+01 1.297852e+02 5.868423e-02 3.740113e-04 
3.975000e+02 1.760311e-02 6.078069e-02 1.003735e+00 9.200018e+03 3.617171e+03 1.016958e+03  5000 10000 2.408024e-04     0 3.967339e-02 5.958053e+01 1.297862e+02 5.868275e-02 3.763678e-04 
3.976000e+02 1.764263e-02 6.068480e-02 1.004062e+00 9.206993e+03 3.628117e+03 1.016985e+03  5000 10000 2.333243e-04     0 3.967491e-02 5.953640e+01 1.297873e+02 5.868131e-02 3.785949e-04 
3.977000e+02 1.768398e-02 6.058899e-02 1.004389e+00 9.213964e+03 3.639064e+03 1.017010e+03  5000 10000 2.320058e-04     0 3.967637e-02 5.949230e+01 1.297884e+02 5.867992e-02 3.810403e-04 
3.978000e+02 1.772667e-02 6.049326e-02 1.004718e+00 9.220932e+03 3.650014e+03 1.017035e+03  5000 10000 2.332324e-04     0 3.967776e-02 5.944824e+01 1.297895e+02 5.867858e-02 3.837557e-04 
3.979000e+02 1.776988e-02 6.039763e-02 1.005048e+00 9.227896e+03 3.660966e+03 1.017058e+03  5000 10000 2.355457e-04     0 3.967908e-02 5.940420e+01 1.297906e+02 5.867728e-02 3.865494e-04 
  398 1.781307e-02 6.030210e-02 1.005379e+00 9.234857e+03 3.671921e+03 1.017079e+03  5000 10000 2.383069e-04     0 3.968034e-02 5.936020e+01 1.297917e+02 5.867604e-02 3.891576e-04 
3.981000e+02 1.785681e-02 6.020666e-02 1.005712e+00 9.241814e+03 3.682878e+03 1.017100e+03  5000 10000 2.276559e-04     0 3.968152e-02 5.931624e+01 1.297927e+02 5.867485e-02 3.915475e-04 
3.982000e+02 1.790291e-02 6.011134e-02 1.006046e+00 9.248768e+03 3.693838e+03 1.017119e+03  5000 10000 2.259706e-04     0 3.968263e-02 5.927233e+01 1.297938e+02 5.867370e-02 3.942280e-04 
3.983000e+02 1.795069e-02 6.001614e-02 1.006382e+00 9.255717e+03 3.704800e+03 1.017137e+03  5000 10000 2.279379e-04     0 3.968368e-02 5.922845e+01 1.297949e+02 5.867260e-02 3.972823e-04 
3.984000e+02 1.799898e-02 5.992107e-02 1.006718e+00 9.262664e+03 3.715764e+03 1.017154e+03  5000 10000 2.314169e-04     0 3.968466e-02 5.918463e+01 1.297959e+02 5.867155e-02 4.004428e-04 
3.985000e+02 1.804698e-02 5.982612e-02 1.007057e+00 9.269606e+03 3.726731e+03 1.017170e+03  5000 10000 2.354722e-04     0 3.968557e-02 5.914085e+01 1.297970e+02 5.867055e-02 4.033388e-04 
3.986000e+02 1.809547e-02 5.973130e-02 1.007397e+00 9.276545e+03 3.737700e+03 1.017184e+03  5000 10000 2.212480e-04     0 3.968641e-02 5.909713e+01 1.297981e+02 5.866960e-02 4.059173e-04 
3.987000e+02 1.814695e-02 5.963663e-02 1.007738e+00 9.283481e+03 3.748672e+03 1.017198e+03  5000 10000 2.191375e-04     0 3.968718e-02 5.905347e+01 1.297991e+02 5.866869e-02 4.088685e-04 
3.988000e+02 1.820050e-02 5.954211e-02 1.008081e+00 9.290412e+03 3.759646e+03 1.017210e+03  5000 10000 2.219241e-04     0 3.968789e-02 5.900987e+01 1.298002e+02 5.866783e-02 4.123109e-04 
3.989000e+02 1.825453e-02 5.944775e-02 1.008425e+00 9.297340e+03 3.770622e+03 1.017220e+03  5000 10000 2.267010e-04     0 3.968853e-02 5.896632e+01 1.298012e+02 5.866702e-02 4.158909e-04 
  399 1.830798e-02 5.935354e-02 1.008771e+00 9.304265e+03 3.781601e+03 1.017230e+03  5000 10000 2.321991e-04     0 3.968910e-02 5.892285e+01 1.298023e+02 5.866625e-02 4.191179e-04 
3.991000e+02 1.836185e-02 5.925950e-02 1.009119e+00 9.311185e+03 3.792583e+03 1.017238e+03  5000 10000 2.139205e-04     0 3.968960e-02 5.887944e+01 1.298033e+02 5.866554e-02 4.219163e-04 
3.992000e+02 1.841944e-02 5.916563e-02 1.009468e+00 9.318102e+03 3.803567e+03 1.017245e+03  5000 10000 2.113134e-04     0 3.969003e-02 5.883610e+01 1.298044e+02 5.866486e-02 4.251813e-04 
3.993000e+02 1.847956e-02 5.907195e-02 1.009819e+00 9.325015e+03 3.814554e+03 1.017251e+03  5000 10000 2.150124e-04     0 3.969041e-02 5.879284e+01 1.298054e+02 5.866424e-02 4.290708e-04 
3.994000e+02 1.854013e-02 5.897845e-02 1.010171e+00 9.331924e+03 3.825543e+03 1.017256e+03  5000 10000 2.212445e-04     0 3.969071e-02 5.874966e+01 1.298064e+02 5.866366e-02 4.331341e-04 
3.995000e+02 1.859979e-02 5.888514e-02 1.010526e+00 9.338829e+03 3.836534e+03 1.017260e+03  5000 10000 2.283629e-04     0 3.969094e-02 5.870655e+01 1.298075e+02 5.866313e-02 4.367443e-04 
3.996000e+02 1.865981e-02 5.879202e-02 1.010883e+00 9.345731e+03 3.847528e+03 1.017262e+03  5000 10000 2.054468e-04     0 3.969111e-02 5.866353e+01 1.298085e+02 5.866265e-02 4.398007e-04 
3.997000e+02 1.872438e-02 5.869911e-02 1.011241e+00 9.352628e+03 3.858525e+03 1.017263e+03  5000 10000 2.022551e-04     0 3.969121e-02 5.862059e+01 1.298095e+02 5.866221e-02 4.434318e-04 
3.998000e+02 1.879202e-02 5.860641e-02 1.011601e+00 9.359522e+03 3.869524e+03 1.017263e+03  5000 10000 2.069770e-04     0 3.969125e-02 5.857774e+01 1.298105e+02 5.866182e-02 4.478405e-04 
3.999000e+02 1.886009e-02 5.851393e-02 1.011962e+00 9.366412e+03 3.880526e+03 1.017262e+03  5000 10000 2.148530e-04     0 3.969122e-02 5.853498e+01 1.298116e+02 5.866148e-02 4.524647e-04 
  400 1.892687e-02 5.842167e-02 1.012326e+00 9.373298e+03 3.891530e+03 1.017259e+03  5000 10000 2.238044e-04     0 3.969113e-02 5.849232e+01 1.298126e+02 5.866118e-02 4.565220e-04 
4.001000e+02 1.899394e-02 5.832963e-02 1.012692e+00 9.380180e+03 3.902537e+03 1.017256e+03  5000 10000 1.955392e-04     0 3.969096e-02 5.844975e+01 1.298136e+02 5.866093e-02 4.598831e-04 
4.002000e+02 1.906656e-02 5.823782e-02 1.013061e+00 9.387058e+03 3.913547e+03 1.017251e+03  5000 10000 1.916529e-04     0 3.969073e-02 5.840729e+01 1.298146e+02 5.866072e-02 4.639445e-04 
4.003000e+02 1.914287e-02 5.814626e-02 1.013430e+00 9.393932e+03 3.924559e+03 1.017245e+03  5000 10000 1.975300e-04     0 3.969044e-02 5.836492e+01 1.298156e+02 5.866056e-02 4.689609e-04 
4.004000e+02 1.921960e-02 5.805495e-02 1.013802e+00 9.400802e+03 3.935574e+03 1.017237e+03  5000 10000 2.072774e-04     0 3.969008e-02 5.832266e+01 1.298166e+02 5.866044e-02 4.742416e-04 
4.005000e+02 1.929460e-02 5.796388e-02 1.014176e+00 9.407668e+03 3.946591e+03 1.017229e+03  5000 10000 2.183187e-04     0 3.968965e-02 5.828051e+01 1.298176e+02 5.866037e-02 4.788246e-04 
4.006000e+02 1.936982e-02 5.787305e-02 1.014553e+00 9.414529e+03 3.957612e+03 1.017219e+03  5000 10000 1.838276e-04     0 3.968916e-02 5.823847e+01 1.298187e+02 5.866035e-02 4.825483e-04 
4.007000e+02 1.945176e-02 5.778250e-02 1.014932e+00 9.421387e+03 3.968634e+03 1.017209e+03  5000 10000 1.791087e-04     0 3.968860e-02 5.819654e+01 1.298197e+02 5.866037e-02 4.871202e-04 
4.008000e+02 1.953814e-02 5.769222e-02 1.015313e+00 9.428241e+03 3.979660e+03 1.017197e+03  5000 10000 1.863001e-04     0 3.968798e-02 5.815473e+01 1.298207e+02 5.866043e-02 4.928539e-04 
4.009000e+02 1.962494e-02 5.760222e-02 1.015696e+00 9.435090e+03 3.990688e+03 1.017184e+03  5000 10000 1.981952e-04     0 3.968729e-02 5.811303e+01 1.298216e+02 5.866054e-02 4.989098e-04 
  401 1.970949e-02 5.751249e-02 1.016082e+00 9.441935e+03 4.001719e+03 1.017169e+03  5000 10000 2.116391e-04     0 3.968653e-02 5.807146e+01 1.298226e+02 5.866070e-02 5.041165e-04 
4.011000e+02 1.979419e-02 5.742303e-02 1.016471e+00 9.448776e+03 4.012752e+03 1.017154e+03  5000 10000 1.698311e-04     0 3.968570e-02 5.803001e+01 1.298236e+02 5.866090e-02 5.082757e-04 
4.012000e+02 1.988703e-02 5.733387e-02 1.016862e+00 9.455613e+03 4.023789e+03 1.017137e+03  5000 10000 1.641037e-04     0 3.968482e-02 5.798869e+01 1.298246e+02 5.866115e-02 5.134584e-04 
4.013000e+02 1.998520e-02 5.724502e-02 1.017255e+00 9.462446e+03 4.034828e+03 1.017120e+03  5000 10000 1.728025e-04     0 3.968387e-02 5.794750e+01 1.298256e+02 5.866144e-02 5.200475e-04 
4.014000e+02 2.008378e-02 5.715647e-02 1.017651e+00 9.469274e+03 4.045870e+03 1.017101e+03  5000 10000 1.871838e-04     0 3.968286e-02 5.790644e+01 1.298266e+02 5.866177e-02 5.270275e-04 
4.015000e+02 2.017953e-02 5.706822e-02 1.018049e+00 9.476098e+03 4.056914e+03 1.017081e+03  5000 10000 2.034142e-04     0 3.968177e-02 5.786551e+01 1.298276e+02 5.866215e-02 5.329815e-04 
4.016000e+02 2.027537e-02 5.698026e-02 1.018452e+00 9.482917e+03 4.067962e+03 1.017059e+03  5000 10000 1.529167e-04     0 3.968061e-02 5.782473e+01 1.298286e+02 5.866258e-02 5.376689e-04 
4.017000e+02 2.038104e-02 5.689262e-02 1.018857e+00 9.489733e+03 4.079012e+03 1.017037e+03  5000 10000 1.459542e-04     0 3.967939e-02 5.778408e+01 1.298295e+02 5.866305e-02 5.435902e-04 
4.018000e+02 2.049313e-02 5.680534e-02 1.019264e+00 9.496543e+03 4.090065e+03 1.017013e+03  5000 10000 1.563963e-04     0 3.967812e-02 5.774357e+01 1.298305e+02 5.866356e-02 5.512096e-04 
4.019000e+02 2.060564e-02 5.671838e-02 1.019673e+00 9.503350e+03 4.101121e+03 1.016989e+03  5000 10000 1.736825e-04     0 3.967677e-02 5.770321e+01 1.298315e+02 5.866412e-02 5.593032e-04 
  402 2.071462e-02 5.663174e-02 1.020087e+00 9.510151e+03 4.112180e+03 1.016963e+03  5000 10000 1.931756e-04     0 3.967535e-02 5.766300e+01 1.298324e+02 5.866472e-02 5.661626e-04 
4.021000e+02 2.082363e-02 5.654542e-02 1.020505e+00 9.516949e+03 4.123242e+03 1.016936e+03  5000 10000 1.322400e-04     0 3.967386e-02 5.762293e+01 1.298334e+02 5.866538e-02 5.714974e-04 
4.022000e+02 2.094455e-02 5.645945e-02 1.020925e+00 9.523741e+03 4.134307e+03 1.016908e+03  5000 10000 1.237463e-04     0 3.967231e-02 5.758302e+01 1.298344e+02 5.866607e-02 5.783222e-04 
4.023000e+02 2.107323e-02 5.637386e-02 1.021347e+00 9.530529e+03 4.145374e+03 1.016879e+03  5000 10000 1.362226e-04     0 3.967070e-02 5.754327e+01 1.298353e+02 5.866680e-02 5.871975e-04 
4.024000e+02 2.120236e-02 5.628863e-02 1.021773e+00 9.537313e+03 4.156445e+03 1.016849e+03  5000 10000 1.569373e-04     0 3.966902e-02 5.750367e+01 1.298363e+02 5.866758e-02 5.966491e-04 
4.025000e+02 2.132713e-02 5.620374e-02 1.022202e+00 9.544091e+03 4.167518e+03 1.016817e+03  5000 10000 1.802898e-04     0 3.966726e-02 5.746423e+01 1.298373e+02 5.866841e-02 6.046183e-04 
4.026000e+02 2.145187e-02 5.611919e-02 1.022637e+00 9.550865e+03 4.178595e+03 1.016785e+03  5000 10000 1.066568e-04     0 3.966543e-02 5.742496e+01 1.298382e+02 5.866929e-02 6.107568e-04 
4.027000e+02 2.159110e-02 5.603502e-02 1.023075e+00 9.557635e+03 4.189675e+03 1.016751e+03  5000 10000 9.623890e-05     0 3.966354e-02 5.738584e+01 1.298392e+02 5.867021e-02 6.187010e-04 
4.028000e+02 2.173976e-02 5.595126e-02 1.023515e+00 9.564399e+03 4.200757e+03 1.016716e+03  5000 10000 1.111118e-04     0 3.966160e-02 5.734690e+01 1.298401e+02 5.867117e-02 6.291273e-04 
4.029000e+02 2.188893e-02 5.586788e-02 1.023958e+00 9.571159e+03 4.211843e+03 1.016680e+03  5000 10000 1.359175e-04     0 3.965958e-02 5.730813e+01 1.298411e+02 5.867217e-02 6.402568e-04 
  403 2.203273e-02 5.578487e-02 1.024406e+00 9.577913e+03 4.222932e+03 1.016643e+03  5000 10000 1.638872e-04     0 3.965747e-02 5.726953e+01 1.298420e+02 5.867323e-02 6.496053e-04 
4.031000e+02 2.217648e-02 5.570220e-02 1.024861e+00 9.584663e+03 4.234024e+03 1.016605e+03  5000 10000 7.459024e-05     0 3.965529e-02 5.723110e+01 1.298429e+02 5.867433e-02 6.567553e-04 
4.032000e+02 2.233795e-02 5.561996e-02 1.025318e+00 9.591408e+03 4.245119e+03 1.016566e+03  5000 10000 6.171754e-05     0 3.965305e-02 5.719285e+01 1.298439e+02 5.867547e-02 6.661065e-04 
4.033000e+02 2.251094e-02 5.553815e-02 1.025778e+00 9.598148e+03 4.256217e+03 1.016526e+03  5000 10000 7.944371e-05     0 3.965076e-02 5.715478e+01 1.298448e+02 5.867666e-02 6.784764e-04 
4.034000e+02 2.268455e-02 5.545676e-02 1.026241e+00 9.604882e+03 4.267318e+03 1.016485e+03  5000 10000 1.091905e-04     0 3.964839e-02 5.711689e+01 1.298458e+02 5.867789e-02 6.917103e-04 
4.035000e+02 2.285157e-02 5.537574e-02 1.026711e+00 9.611612e+03 4.278423e+03 1.016442e+03  5000 10000 1.427527e-04     0 3.964592e-02 5.707919e+01 1.298467e+02 5.867918e-02 7.027986e-04 
4.036000e+02 2.301857e-02 5.529509e-02 1.027187e+00 9.618336e+03 4.289531e+03 1.016399e+03  5000 10000 3.382522e-05     0 3.964337e-02 5.704167e+01 1.298476e+02 5.868051e-02 7.112422e-04 
4.037000e+02 2.320739e-02 5.521488e-02 1.027667e+00 9.625055e+03 4.300642e+03 1.016355e+03  5000 10000 1.776679e-05     0 3.964077e-02 5.700434e+01 1.298486e+02 5.868189e-02 7.223910e-04 
4.038000e+02 2.341041e-02 5.513516e-02 1.028150e+00 9.631769e+03 4.311756e+03 1.016309e+03  5000 10000 3.892900e-05     0 3.963811e-02 5.696720e+01 1.298495e+02 5.868330e-02 7.372372e-04 
4.039000e+02 2.361423e-02 5.505587e-02 1.028636e+00 9.638477e+03 4.322874e+03 1.016262e+03  5000 10000 7.472443e-05     0 3.963536e-02 5.693026e+01 1.298504e+02 5.868477e-02 7.531549e-04 
  404 2.380996e-02 5.497697e-02 1.029130e+00 9.645180e+03 4.333995e+03 1.016215e+03  5000 10000 1.151553e-04     0 3.963251e-02 5.689351e+01 1.298514e+02 5.868629e-02 7.664765e-04 
4.041000e+02 2.400577e-02 5.489844e-02 1.029632e+00 9.651878e+03 4.345120e+03 1.016166e+03  5000 10000 -1.881960e-05     0 3.962957e-02 5.685695e+01 1.298523e+02 5.868787e-02 7.766040e-04 
4.042000e+02 2.422873e-02 5.482040e-02 1.030138e+00 9.658570e+03 4.356248e+03 1.016116e+03  5000 10000 -3.909365e-05     0 3.962658e-02 5.682060e+01 1.298532e+02 5.868948e-02 7.900930e-04 
4.043000e+02 2.446940e-02 5.474287e-02 1.030646e+00 9.665256e+03 4.367379e+03 1.016066e+03  5000 10000 -1.374124e-05     0 3.962353e-02 5.678445e+01 1.298541e+02 5.869114e-02 8.081545e-04 
4.044000e+02 2.471113e-02 5.466580e-02 1.031160e+00 9.671937e+03 4.378514e+03 1.016014e+03  5000 10000 2.957201e-05     0 3.962038e-02 5.674850e+01 1.298550e+02 5.869285e-02 8.275614e-04 
4.045000e+02 2.494290e-02 5.458914e-02 1.031681e+00 9.678612e+03 4.389653e+03 1.015961e+03  5000 10000 7.857239e-05     0 3.961712e-02 5.671276e+01 1.298560e+02 5.869462e-02 8.438064e-04 
4.046000e+02 2.517499e-02 5.451285e-02 1.032213e+00 9.685281e+03 4.400795e+03 1.015907e+03  5000 10000 -8.803057e-05     0 3.961375e-02 5.667723e+01 1.298569e+02 5.869645e-02 8.561721e-04 
4.047000e+02 2.544129e-02 5.443707e-02 1.032749e+00 9.691944e+03 4.411941e+03 1.015852e+03  5000 10000 -1.140100e-04     0 3.961033e-02 5.664191e+01 1.298578e+02 5.869832e-02 8.727735e-04 
4.048000e+02 2.572994e-02 5.436185e-02 1.033288e+00 9.698601e+03 4.423090e+03 1.015797e+03  5000 10000 -8.347569e-05     0 3.960684e-02 5.660681e+01 1.298587e+02 5.870023e-02 8.951019e-04 
4.049000e+02 2.602010e-02 5.428713e-02 1.033832e+00 9.705253e+03 4.434243e+03 1.015740e+03  5000 10000 -3.065500e-05     0 3.960325e-02 5.657191e+01 1.298596e+02 5.870219e-02 9.191471e-04 
  405 2.629795e-02 5.421280e-02 1.034387e+00 9.711898e+03 4.445400e+03 1.015682e+03  5000 10000 2.923074e-05     0 3.959952e-02 5.653724e+01 1.298605e+02 5.870423e-02 9.393074e-04 
4.051000e+02 2.657657e-02 5.413885e-02 1.034953e+00 9.718537e+03 4.456561e+03 1.015623e+03  5000 10000 -1.809187e-04     0 3.959567e-02 5.650278e+01 1.298615e+02 5.870633e-02 9.547200e-04 
4.052000e+02 2.689895e-02 5.406545e-02 1.035524e+00 9.725169e+03 4.467725e+03 1.015563e+03  5000 10000 -2.148256e-04     0 3.959176e-02 5.646855e+01 1.298624e+02 5.870847e-02 9.755659e-04 
4.053000e+02 2.725005e-02 5.399265e-02 1.036099e+00 9.731796e+03 4.478893e+03 1.015502e+03  5000 10000 -1.777818e-04     0 3.958779e-02 5.643454e+01 1.298633e+02 5.871066e-02 1.003704e-03 
4.054000e+02 2.760338e-02 5.392038e-02 1.036679e+00 9.738415e+03 4.490066e+03 1.015440e+03  5000 10000 -1.126932e-04     0 3.958369e-02 5.640075e+01 1.298642e+02 5.871290e-02 1.034077e-03 
4.055000e+02 2.794134e-02 5.384850e-02 1.037272e+00 9.745028e+03 4.501242e+03 1.015378e+03  5000 10000 -3.868831e-05     0 3.957941e-02 5.636719e+01 1.298651e+02 5.871523e-02 1.059623e-03 
4.056000e+02 2.828094e-02 5.377698e-02 1.037880e+00 9.751635e+03 4.512422e+03 1.015314e+03  5000 10000 -3.086590e-04     0 3.957499e-02 5.633386e+01 1.298660e+02 5.871764e-02 1.079301e-03 
4.057000e+02 2.867764e-02 5.370605e-02 1.038493e+00 9.758235e+03 4.523607e+03 1.015249e+03  5000 10000 -3.539310e-04     0 3.957051e-02 5.630077e+01 1.298669e+02 5.872008e-02 1.106110e-03 
4.058000e+02 2.911199e-02 5.363580e-02 1.039109e+00 9.764828e+03 4.534796e+03 1.015184e+03  5000 10000 -3.085644e-04     0 3.956596e-02 5.626790e+01 1.298678e+02 5.872256e-02 1.142399e-03 
4.059000e+02 2.954973e-02 5.356611e-02 1.039733e+00 9.771413e+03 4.545988e+03 1.015117e+03  5000 10000 -2.272660e-04     0 3.956125e-02 5.623528e+01 1.298687e+02 5.872512e-02 1.181676e-03 
  406 2.996812e-02 5.349677e-02 1.040372e+00 9.777992e+03 4.557186e+03 1.015049e+03  5000 10000 -1.344889e-04     0 3.955632e-02 5.620289e+01 1.298696e+02 5.872779e-02 1.214870e-03 
4.061000e+02 3.038975e-02 5.342776e-02 1.041029e+00 9.784564e+03 4.568387e+03 1.014981e+03  5000 10000 -4.895705e-04     0 3.955120e-02 5.617073e+01 1.298706e+02 5.873055e-02 1.240725e-03 
4.062000e+02 3.088774e-02 5.335941e-02 1.041692e+00 9.791128e+03 4.579593e+03 1.014911e+03  5000 10000 -5.517638e-04     0 3.954601e-02 5.613882e+01 1.298715e+02 5.873333e-02 1.276211e-03 
4.063000e+02 3.143638e-02 5.329183e-02 1.042358e+00 9.797684e+03 4.590803e+03 1.014841e+03  5000 10000 -4.955410e-04     0 3.954075e-02 5.610716e+01 1.298724e+02 5.873615e-02 1.324367e-03 
4.064000e+02 3.199037e-02 5.322484e-02 1.043034e+00 9.804233e+03 4.602018e+03 1.014770e+03  5000 10000 -3.922054e-04     0 3.953528e-02 5.607574e+01 1.298733e+02 5.873907e-02 1.376648e-03 
4.065000e+02 3.251963e-02 5.315816e-02 1.043728e+00 9.810774e+03 4.613238e+03 1.014698e+03  5000 10000 -2.737136e-04     0 3.952951e-02 5.604456e+01 1.298742e+02 5.874212e-02 1.421125e-03 
4.066000e+02 3.305515e-02 5.309174e-02 1.044445e+00 9.817308e+03 4.624462e+03 1.014624e+03  5000 10000 -7.552816e-04     0 3.952347e-02 5.601364e+01 1.298751e+02 5.874530e-02 1.456292e-03 
4.067000e+02 3.369609e-02 5.302607e-02 1.045169e+00 9.823833e+03 4.635692e+03 1.014550e+03  5000 10000 -8.438762e-04     0 3.951737e-02 5.598297e+01 1.298760e+02 5.874847e-02 1.504972e-03 
4.068000e+02 3.440747e-02 5.296131e-02 1.045896e+00 9.830349e+03 4.646926e+03 1.014475e+03  5000 10000 -7.731693e-04     0 3.951118e-02 5.595255e+01 1.298770e+02 5.875169e-02 1.571195e-03 
4.069000e+02 3.512763e-02 5.289720e-02 1.046634e+00 9.836858e+03 4.658165e+03 1.014400e+03  5000 10000 -6.388041e-04     0 3.950471e-02 5.592238e+01 1.298779e+02 5.875503e-02 1.643368e-03 
  407 3.581559e-02 5.283331e-02 1.047397e+00 9.843357e+03 4.669409e+03 1.014323e+03  5000 10000 -4.837637e-04     0 3.949781e-02 5.589248e+01 1.298788e+02 5.875856e-02 1.705302e-03 
4.071000e+02 3.651565e-02 5.276955e-02 1.048188e+00 9.849848e+03 4.680658e+03 1.014245e+03  5000 10000 -1.164094e-03     0 3.949052e-02 5.586283e+01 1.298798e+02 5.876225e-02 1.755235e-03 
4.072000e+02 3.736753e-02 5.270670e-02 1.048987e+00 9.856330e+03 4.691913e+03 1.014166e+03  5000 10000 -1.296408e-03     0 3.948316e-02 5.583344e+01 1.298807e+02 5.876589e-02 1.825102e-03 
4.073000e+02 3.832169e-02 5.264501e-02 1.049788e+00 9.862803e+03 4.703173e+03 1.014087e+03  5000 10000 -1.205887e-03     0 3.947571e-02 5.580432e+01 1.298817e+02 5.876956e-02 1.920450e-03 
4.074000e+02 3.929093e-02 5.258407e-02 1.050603e+00 9.869266e+03 4.714439e+03 1.014007e+03  5000 10000 -1.025843e-03     0 3.946783e-02 5.577546e+01 1.298826e+02 5.877338e-02 2.024883e-03 
4.075000e+02 4.021721e-02 5.252318e-02 1.051450e+00 9.875719e+03 4.725710e+03 1.013925e+03  5000 10000 -8.163546e-04     0 3.945932e-02 5.574687e+01 1.298836e+02 5.877750e-02 2.115499e-03 
4.076000e+02 4.116762e-02 5.246219e-02 1.052336e+00 9.882162e+03 4.736988e+03 1.013843e+03  5000 10000 -1.833077e-03     0 3.945021e-02 5.571855e+01 1.298845e+02 5.878182e-02 2.190404e-03 
4.077000e+02 4.234958e-02 5.240243e-02 1.053228e+00 9.888595e+03 4.748271e+03 1.013760e+03  5000 10000 -2.043705e-03     0 3.944101e-02 5.569050e+01 1.298855e+02 5.878598e-02 2.296816e-03 
4.078000e+02 4.368912e-02 5.234432e-02 1.054120e+00 9.895018e+03 4.759560e+03 1.013676e+03  5000 10000 -1.925379e-03     0 3.943173e-02 5.566273e+01 1.298865e+02 5.879012e-02 2.442769e-03 
4.079000e+02 4.505613e-02 5.228716e-02 1.055028e+00 9.901429e+03 4.770856e+03 1.013592e+03  5000 10000 -1.674026e-03     0 3.942182e-02 5.563523e+01 1.298875e+02 5.879446e-02 2.603720e-03 
  408 4.636395e-02 5.222975e-02 1.055982e+00 9.907829e+03 4.782158e+03 1.013506e+03  5000 10000 -1.378204e-03     0 3.941085e-02 5.560801e+01 1.298885e+02 5.879927e-02 2.745350e-03 
4.081000e+02 4.772299e-02 5.217182e-02 1.056988e+00 9.914218e+03 4.793467e+03 1.013419e+03  5000 10000 -3.026610e-03     0 3.939887e-02 5.558107e+01 1.298896e+02 5.880435e-02 2.866276e-03 
4.082000e+02 4.946568e-02 5.211587e-02 1.057998e+00 9.920595e+03 4.804782e+03 1.013332e+03  5000 10000 -3.393687e-03     0 3.938685e-02 5.555442e+01 1.298906e+02 5.880891e-02 3.042188e-03 
4.083000e+02 5.147262e-02 5.206276e-02 1.058998e+00 9.926959e+03 4.816105e+03 1.013244e+03  5000 10000 -3.235633e-03     0 3.937485e-02 5.552805e+01 1.298917e+02 5.881323e-02 3.285664e-03 
4.084000e+02 5.353404e-02 5.201115e-02 1.060017e+00 9.933310e+03 4.827435e+03 1.013154e+03  5000 10000 -2.863491e-03     0 3.936183e-02 5.550198e+01 1.298928e+02 5.881782e-02 3.556797e-03 
4.085000e+02 5.551007e-02 5.195870e-02 1.061103e+00 9.939648e+03 4.838773e+03 1.013064e+03  5000 10000 -2.418274e-03     0 3.934693e-02 5.547620e+01 1.298940e+02 5.882321e-02 3.799687e-03 
4.086000e+02 5.760824e-02 5.190494e-02 1.062266e+00 9.945973e+03 4.850119e+03 1.012973e+03  5000 10000 -5.454769e-03     0 3.933015e-02 5.545072e+01 1.298951e+02 5.882883e-02 4.016427e-03 
4.087000e+02 6.042958e-02 5.185552e-02 1.063414e+00 9.952282e+03 4.861473e+03 1.012881e+03  5000 10000 -6.189815e-03     0 3.931365e-02 5.542553e+01 1.298963e+02 5.883263e-02 4.344984e-03 
4.088000e+02 6.375638e-02 5.181256e-02 1.064524e+00 9.958577e+03 4.872835e+03 1.012788e+03  5000 10000 -5.976709e-03     0 3.929778e-02 5.540066e+01 1.298976e+02 5.883526e-02 4.807718e-03 
4.089000e+02 6.720640e-02 5.177315e-02 1.065652e+00 9.964855e+03 4.884206e+03 1.012694e+03  5000 10000 -5.373096e-03     0 3.928028e-02 5.537609e+01 1.298989e+02 5.883800e-02 5.330821e-03 
  409 7.052431e-02 5.173175e-02 1.066886e+00 9.971117e+03 4.895587e+03 1.012598e+03  5000 10000 -4.632615e-03     0 3.925913e-02 5.535185e+01 1.299002e+02 5.884224e-02 5.810467e-03 
4.091000e+02 7.420616e-02 5.168794e-02 1.068233e+00 9.977361e+03 4.906977e+03 1.012502e+03  5000 10000 -1.166255e-02     0 3.923399e-02 5.532793e+01 1.299017e+02 5.884557e-02 6.268919e-03 
4.092000e+02 7.960324e-02 5.165919e-02 1.069482e+00 9.983587e+03 4.918378e+03 1.012405e+03  5000 10000 -1.353866e-02     0 3.921158e-02 5.530434e+01 1.299032e+02 5.884034e-02 7.023944e-03 
4.093000e+02 8.622121e-02 5.165342e-02 1.070582e+00 9.989793e+03 4.929790e+03 1.012306e+03  5000 10000 -1.327748e-02     0 3.919401e-02 5.528110e+01 1.299048e+02 5.882817e-02 8.126187e-03 
4.094000e+02 9.319055e-02 5.166284e-02 1.071662e+00 9.995977e+03 4.941213e+03 1.012206e+03  5000 10000 -1.212448e-02     0 3.917555e-02 5.525821e+01 1.299066e+02 5.881326e-02 9.403891e-03 
4.095000e+02 9.992948e-02 5.166973e-02 1.072932e+00 1.000214e+04 4.952649e+03 1.012104e+03  5000 10000 -1.064822e-02     0 3.914993e-02 5.523571e+01 1.299085e+02 5.880093e-02 1.061316e-02 
4.096000e+02 1.084965e-01 5.168339e-02 1.074312e+00 1.000828e+04 4.964099e+03 1.012001e+03  5000 10000 -3.830799e-02     0 3.910628e-02 5.521361e+01 1.299107e+02 5.877040e-02 1.196330e-02 
4.097000e+02 1.239557e-01 5.181746e-02 1.074940e+00 1.001439e+04 4.975562e+03 1.011896e+03  5000 10000 -4.654801e-02     0 3.911510e-02 5.519193e+01 1.299131e+02 5.865820e-02 1.471832e-02 
4.098000e+02 1.444607e-01 5.214569e-02 1.074616e+00 1.002047e+04 4.987042e+03 1.011788e+03  5000 10000 -4.670051e-02     0 3.917753e-02 5.517072e+01 1.299159e+02 5.845244e-02 1.908445e-02 
4.099000e+02 1.666685e-01 5.265113e-02 1.073866e+00 1.002652e+04 4.998540e+03 1.011676e+03  5000 10000 -4.341950e-02     0 3.929140e-02 5.515007e+01 1.299191e+02 5.817519e-02 2.438282e-02 
  410 1.883424e-01 5.322602e-02 1.073537e+00 1.003252e+04 5.010059e+03 1.011560e+03 10000 11000 -3.884116e-02     0 3.944487e-02 5.513011e+01 1.299230e+02 5.787587e-02 2.963006e-02 
4.101000e+02 2.067263e-01 5.365571e-02 1.074675e+00 1.003849e+04 5.021600e+03 1.011438e+03 10000 11000 -1.157969e-02     0 3.956491e-02 5.511096e+01 1.299276e+02 5.766443e-02 3.358344e-02 
4.102000e+02 2.175523e-01 5.357689e-02 1.078630e+00 1.004441e+04 5.033166e+03 1.011309e+03 10000 11000 6.113840e-04     0 3.939169e-02 5.509279e+01 1.299334e+02 5.771091e-02 3.452628e-02 
4.103000e+02 2.225767e-01 5.280142e-02 1.085892e+00 1.005028e+04 5.044758e+03 1.011173e+03 10000 11000 6.182608e-03     0 3.888127e-02 5.507558e+01 1.299406e+02 5.796029e-02 3.197000e-02 
4.104000e+02 2.246949e-01 5.142216e-02 1.096044e+00 1.005610e+04 5.056376e+03 1.011029e+03 10000 11000 8.716574e-03     0 3.800940e-02 5.505935e+01 1.299500e+02 5.832171e-02 2.649920e-02 
4.105000e+02 2.258962e-01 4.971587e-02 1.108134e+00 1.006186e+04 5.068023e+03 1.010878e+03 10000 11000 9.896708e-03     0 3.703064e-02 5.504413e+01 1.299614e+02 5.877381e-02 1.924167e-02 
4.106000e+02 2.268589e-01 4.797851e-02 1.121045e+00 1.006757e+04 5.079699e+03 1.010721e+03 10000 11000 1.347272e-02     0 3.618610e-02 5.502991e+01 1.299746e+02 5.931659e-02 1.141707e-02 
4.107000e+02 2.272039e-01 4.641225e-02 1.133792e+00 1.007321e+04 5.091406e+03 1.010557e+03 10000 11000 1.492061e-02     0 3.550941e-02 5.501665e+01 1.299887e+02 5.990878e-02 3.998450e-03 
4.108000e+02 2.268792e-01 4.514887e-02 1.145561e+00 1.007879e+04 5.103145e+03 1.010387e+03 10000 11000 1.547873e-02     0 3.493549e-02 5.500430e+01 1.300033e+02 6.047923e-02 -2.235258e-03 
4.109000e+02 2.258552e-01 4.427441e-02 1.155786e+00 1.008431e+04 5.114917e+03 1.010212e+03 10000 11000 1.560086e-02     0 3.441370e-02 5.499282e+01 1.300177e+02 6.098203e-02 -6.776253e-03 
  411 2.240483e-01 4.383355e-02 1.164195e+00 1.008976e+04 5.126722e+03 1.010032e+03 10000 11000 1.544275e-02     0 3.392371e-02 5.498213e+01 1.300321e+02 6.140791e-02 -9.428928e-03 
4.111000e+02 2.210063e-01 4.381628e-02 1.170842e+00 1.009513e+04 5.138559e+03 1.009849e+03 10000 11000 2.002750e-02     0 3.346363e-02 5.497215e+01 1.300462e+02 6.176935e-02 -1.035432e-02 
4.112000e+02 2.158578e-01 4.414469e-02 1.176116e+00 1.010045e+04 5.150429e+03 1.009663e+03 10000 11000 2.107436e-02     0 3.304704e-02 5.496281e+01 1.300602e+02 6.208652e-02 -1.009375e-02 
4.113000e+02 2.090792e-01 4.473228e-02 1.180425e+00 1.010569e+04 5.162331e+03 1.009476e+03 10000 11000 2.051954e-02     0 3.270566e-02 5.495401e+01 1.300738e+02 6.238847e-02 -9.112226e-03 
4.114000e+02 2.014801e-01 4.549208e-02 1.184093e+00 1.011087e+04 5.174262e+03 1.009289e+03 10000 11000 1.919753e-02     0 3.245316e-02 5.494564e+01 1.300868e+02 6.268379e-02 -7.744513e-03 
4.115000e+02 1.937278e-01 4.634036e-02 1.187368e+00 1.011598e+04 5.186221e+03 1.009103e+03 10000 11000 1.753070e-02     0 3.227988e-02 5.493756e+01 1.300990e+02 6.295868e-02 -6.228423e-03 
4.116000e+02 1.861304e-01 4.720389e-02 1.190449e+00 1.012104e+04 5.198208e+03 1.008919e+03 10000 11000 1.765858e-02     0 3.217624e-02 5.492967e+01 1.301100e+02 6.319150e-02 -4.754362e-03 
4.117000e+02 1.786253e-01 4.802205e-02 1.193528e+00 1.012604e+04 5.210220e+03 1.008738e+03 10000 11000 1.655537e-02     0 3.214233e-02 5.492184e+01 1.301197e+02 6.336580e-02 -3.517631e-03 
4.118000e+02 1.714905e-01 4.876288e-02 1.196705e+00 1.013098e+04 5.222255e+03 1.008562e+03 10000 11000 1.503479e-02     0 3.218222e-02 5.491397e+01 1.301279e+02 6.347507e-02 -2.590442e-03 
4.119000e+02 1.650036e-01 4.941711e-02 1.199994e+00 1.013587e+04 5.234313e+03 1.008391e+03 10000 11000 1.344477e-02     0 3.229473e-02 5.490600e+01 1.301345e+02 6.351798e-02 -1.946325e-03 
  412 1.593048e-01 4.998820e-02 1.203357e+00 1.014071e+04 5.246393e+03 1.008226e+03 10000 11000 1.194381e-02     0 3.247216e-02 5.489786e+01 1.301397e+02 6.349727e-02 -1.510522e-03 
4.121000e+02 1.543136e-01 5.048375e-02 1.206746e+00 1.014550e+04 5.258492e+03 1.008067e+03 10000 11000 1.184579e-02     0 3.270370e-02 5.488951e+01 1.301433e+02 6.341916e-02 -1.214259e-03 
4.122000e+02 1.497455e-01 5.090859e-02 1.210146e+00 1.015025e+04 5.270610e+03 1.007913e+03 10000 11000 1.109364e-02     0 3.297770e-02 5.488095e+01 1.301456e+02 6.329251e-02 -1.041281e-03 
4.123000e+02 1.455881e-01 5.127157e-02 1.213528e+00 1.015494e+04 5.282747e+03 1.007767e+03 10000 11000 1.016072e-02     0 3.328448e-02 5.487215e+01 1.301465e+02 6.312747e-02 -9.470214e-04 
4.124000e+02 1.418812e-01 5.158353e-02 1.216847e+00 1.015959e+04 5.294901e+03 1.007626e+03 10000 11000 9.227848e-03     0 3.361541e-02 5.486313e+01 1.301462e+02 6.293350e-02 -8.706159e-04 
4.125000e+02 1.386252e-01 5.185409e-02 1.220062e+00 1.016420e+04 5.307072e+03 1.007491e+03 10000 11000 8.364394e-03     0 3.396157e-02 5.485391e+01 1.301449e+02 6.271866e-02 -7.588026e-04 
4.126000e+02 1.356789e-01 5.208855e-02 1.223160e+00 1.016877e+04 5.319259e+03 1.007361e+03 10000 11000 8.924877e-03     0 3.431443e-02 5.484451e+01 1.301425e+02 6.248971e-02 -5.975354e-04 
4.127000e+02 1.327501e-01 5.228551e-02 1.226179e+00 1.017329e+04 5.331461e+03 1.007237e+03 10000 11000 8.689136e-03     0 3.466666e-02 5.483496e+01 1.301392e+02 6.225275e-02 -4.403452e-04 
4.128000e+02 1.298774e-01 5.244613e-02 1.229143e+00 1.017777e+04 5.343678e+03 1.007117e+03 10000 11000 8.162076e-03     0 3.501433e-02 5.482528e+01 1.301352e+02 6.201327e-02 -3.067835e-04 
4.129000e+02 1.271729e-01 5.257429e-02 1.232053e+00 1.018221e+04 5.355909e+03 1.007002e+03 10000 11000 7.546579e-03     0 3.535492e-02 5.481551e+01 1.301305e+02 6.177540e-02 -1.856606e-04 
  413 1.247080e-01 5.267435e-02 1.234897e+00 1.018662e+04 5.368154e+03 1.006891e+03 10000 11000 6.931456e-03     0 3.568535e-02 5.480569e+01 1.301252e+02 6.154188e-02 -5.616124e-05 
4.131000e+02 1.224152e-01 5.274883e-02 1.237676e+00 1.019098e+04 5.380412e+03 1.006784e+03 10000 11000 7.528033e-03     0 3.600235e-02 5.479584e+01 1.301194e+02 6.131468e-02 8.246826e-05 
4.132000e+02 1.200777e-01 5.279618e-02 1.240427e+00 1.019531e+04 5.392683e+03 1.006680e+03 10000 11000 7.397996e-03     0 3.630309e-02 5.478599e+01 1.301132e+02 6.109569e-02 1.828088e-04 
4.133000e+02 1.177547e-01 5.281781e-02 1.243164e+00 1.019960e+04 5.404966e+03 1.006579e+03 10000 11000 6.995517e-03     0 3.658699e-02 5.477619e+01 1.301067e+02 6.088667e-02 2.345363e-04 
4.134000e+02 1.155582e-01 5.281787e-02 1.245877e+00 1.020385e+04 5.417261e+03 1.006480e+03 10000 11000 6.505443e-03     0 3.685438e-02 5.476645e+01 1.300999e+02 6.068876e-02 2.581391e-04 
4.135000e+02 1.135563e-01 5.280111e-02 1.248545e+00 1.020807e+04 5.429567e+03 1.006384e+03 10000 11000 6.009452e-03     0 3.710481e-02 5.475682e+01 1.300929e+02 6.050244e-02 2.834476e-04 
4.136000e+02 1.116867e-01 5.277057e-02 1.251159e+00 1.021225e+04 5.441885e+03 1.006289e+03 10000 11000 6.617864e-03     0 3.733734e-02 5.474730e+01 1.300858e+02 6.032795e-02 3.207727e-04 
4.137000e+02 1.097492e-01 5.272560e-02 1.253744e+00 1.021640e+04 5.454213e+03 1.006196e+03 10000 11000 6.554073e-03     0 3.755102e-02 5.473794e+01 1.300787e+02 6.016565e-02 3.340462e-04 
4.138000e+02 1.077965e-01 5.266768e-02 1.256307e+00 1.022052e+04 5.466552e+03 1.006104e+03 10000 11000 6.233985e-03     0 3.774661e-02 5.472876e+01 1.300715e+02 6.001587e-02 3.181984e-04 
4.139000e+02 1.059302e-01 5.260026e-02 1.258836e+00 1.022460e+04 5.478901e+03 1.006013e+03 10000 11000 5.826677e-03     0 3.792558e-02 5.471978e+01 1.300644e+02 5.987864e-02 2.935826e-04 
  414 1.042135e-01 5.252697e-02 1.261311e+00 1.022865e+04 5.491260e+03 1.005922e+03 10000 11000 5.406878e-03     0 3.808856e-02 5.471101e+01 1.300573e+02 5.975353e-02 2.868177e-04 
4.141000e+02 1.025899e-01 5.244978e-02 1.263726e+00 1.023267e+04 5.503629e+03 1.005832e+03 10000 11000 6.011580e-03     0 3.823560e-02 5.470248e+01 1.300504e+02 5.963999e-02 3.047657e-04 
4.142000e+02 1.008761e-01 5.236735e-02 1.266105e+00 1.023666e+04 5.516007e+03 1.005742e+03 10000 11000 5.981110e-03     0 3.836659e-02 5.469420e+01 1.300436e+02 5.953764e-02 3.102656e-04 
4.143000e+02 9.912558e-02 5.228019e-02 1.268460e+00 1.024061e+04 5.528394e+03 1.005653e+03 10000 11000 5.704830e-03     0 3.848283e-02 5.468619e+01 1.300369e+02 5.944620e-02 2.949156e-04 
4.144000e+02 9.743777e-02 5.219048e-02 1.270781e+00 1.024454e+04 5.540791e+03 1.005563e+03 10000 11000 5.341678e-03     0 3.858608e-02 5.467846e+01 1.300305e+02 5.936519e-02 2.744548e-04 
4.145000e+02 9.587601e-02 5.210067e-02 1.273052e+00 1.024843e+04 5.553196e+03 1.005473e+03 10000 11000 4.962521e-03     0 3.867731e-02 5.467102e+01 1.300242e+02 5.929383e-02 2.712177e-04 
4.146000e+02 9.439308e-02 5.201188e-02 1.275268e+00 1.025230e+04 5.565609e+03 1.005382e+03 10000 11000 5.517945e-03     0 3.875687e-02 5.466389e+01 1.300182e+02 5.923131e-02 2.902564e-04 
4.147000e+02 9.282460e-02 5.192253e-02 1.277452e+00 1.025614e+04 5.578031e+03 1.005291e+03 10000 11000 5.490418e-03     0 3.882491e-02 5.465706e+01 1.300124e+02 5.917703e-02 2.969977e-04 
4.148000e+02 9.122130e-02 5.183266e-02 1.279615e+00 1.025995e+04 5.590461e+03 1.005199e+03 10000 11000 5.237056e-03     0 3.888271e-02 5.465055e+01 1.300069e+02 5.913057e-02 2.835659e-04 
4.149000e+02 8.967529e-02 5.174378e-02 1.281748e+00 1.026373e+04 5.602899e+03 1.005107e+03 10000 11000 4.903803e-03     0 3.893185e-02 5.464436e+01 1.300015e+02 5.909135e-02 2.644603e-04 
  415 8.824503e-02 5.165766e-02 1.283837e+00 1.026748e+04 5.615345e+03 1.005014e+03 10000 11000 4.555800e-03     0 3.897323e-02 5.463850e+01 1.299965e+02 5.905865e-02 2.603936e-04 
4.151000e+02 8.688770e-02 5.157498e-02 1.285875e+00 1.027121e+04 5.627798e+03 1.004920e+03 10000 11000 5.061520e-03     0 3.900717e-02 5.463297e+01 1.299917e+02 5.903171e-02 2.763712e-04 
4.152000e+02 8.545341e-02 5.149419e-02 1.287885e+00 1.027491e+04 5.640259e+03 1.004825e+03 10000 11000 5.034977e-03     0 3.903378e-02 5.462777e+01 1.299871e+02 5.901001e-02 2.811916e-04 
4.153000e+02 8.398822e-02 5.141508e-02 1.289876e+00 1.027858e+04 5.652727e+03 1.004729e+03 10000 11000 4.802392e-03     0 3.905409e-02 5.462291e+01 1.299828e+02 5.899320e-02 2.679051e-04 
4.154000e+02 8.257589e-02 5.133871e-02 1.291839e+00 1.028223e+04 5.665202e+03 1.004633e+03 10000 11000 4.497027e-03     0 3.906941e-02 5.461839e+01 1.299787e+02 5.898082e-02 2.498777e-04 
4.155000e+02 8.126953e-02 5.126636e-02 1.293760e+00 1.028586e+04 5.677684e+03 1.004535e+03 10000 11000 4.178313e-03     0 3.908039e-02 5.461420e+01 1.299748e+02 5.897228e-02 2.460521e-04 
4.156000e+02 8.002987e-02 5.119840e-02 1.295635e+00 1.028946e+04 5.690172e+03 1.004437e+03 10000 11000 4.640529e-03     0 3.908724e-02 5.461035e+01 1.299712e+02 5.896700e-02 2.609406e-04 
4.157000e+02 7.872000e-02 5.113332e-02 1.297485e+00 1.029303e+04 5.702668e+03 1.004338e+03 10000 11000 4.615936e-03     0 3.908996e-02 5.460683e+01 1.299678e+02 5.896462e-02 2.659058e-04 
4.158000e+02 7.738197e-02 5.107078e-02 1.299316e+00 1.029658e+04 5.715170e+03 1.004238e+03 10000 11000 4.402920e-03     0 3.908932e-02 5.460365e+01 1.299647e+02 5.896487e-02 2.544600e-04 
4.159000e+02 7.609226e-02 5.101150e-02 1.301121e+00 1.030011e+04 5.727678e+03 1.004137e+03 10000 11000 4.123355e-03     0 3.908631e-02 5.460081e+01 1.299617e+02 5.896745e-02 2.387009e-04 
  416 7.489940e-02 5.095641e-02 1.302889e+00 1.030361e+04 5.740192e+03 1.004035e+03 10000 11000 3.831577e-03     0 3.908138e-02 5.459830e+01 1.299590e+02 5.897193e-02 2.358545e-04 
4.161000e+02 7.376764e-02 5.090568e-02 1.304615e+00 1.030709e+04 5.752713e+03 1.003932e+03 10000 11000 4.253572e-03     0 3.907459e-02 5.459612e+01 1.299564e+02 5.897790e-02 2.499949e-04 
4.162000e+02 7.257215e-02 5.085794e-02 1.306317e+00 1.031055e+04 5.765240e+03 1.003829e+03 10000 11000 4.230682e-03     0 3.906584e-02 5.459427e+01 1.299541e+02 5.898513e-02 2.549314e-04 
4.163000e+02 7.135129e-02 5.081277e-02 1.308002e+00 1.031399e+04 5.777772e+03 1.003724e+03 10000 11000 4.035663e-03     0 3.905567e-02 5.459275e+01 1.299519e+02 5.899348e-02 2.447338e-04 
4.164000e+02 7.017482e-02 5.077071e-02 1.309665e+00 1.031740e+04 5.790310e+03 1.003620e+03 10000 11000 3.779895e-03     0 3.904479e-02 5.459155e+01 1.299498e+02 5.900277e-02 2.304726e-04 
4.165000e+02 6.908693e-02 5.073243e-02 1.311293e+00 1.032079e+04 5.802854e+03 1.003514e+03 10000 11000 3.513016e-03     0 3.903351e-02 5.459068e+01 1.299480e+02 5.901271e-02 2.279155e-04 
4.166000e+02 6.805502e-02 5.069803e-02 1.312883e+00 1.032416e+04 5.815403e+03 1.003408e+03 10000 11000 3.898641e-03     0 3.902175e-02 5.459012e+01 1.299462e+02 5.902303e-02 2.408143e-04 
4.167000e+02 6.696518e-02 5.066627e-02 1.314450e+00 1.032751e+04 5.827958e+03 1.003301e+03 10000 11000 3.877640e-03     0 3.900935e-02 5.458988e+01 1.299447e+02 5.903360e-02 2.452572e-04 
4.168000e+02 6.585238e-02 5.063676e-02 1.316003e+00 1.033085e+04 5.840518e+03 1.003193e+03 10000 11000 3.699361e-03     0 3.899665e-02 5.458996e+01 1.299432e+02 5.904439e-02 2.358481e-04 
4.169000e+02 6.478018e-02 5.060989e-02 1.317535e+00 1.033416e+04 5.853083e+03 1.003085e+03 10000 11000 3.465594e-03     0 3.898418e-02 5.459035e+01 1.299419e+02 5.905529e-02 2.227239e-04 
  417 6.378886e-02 5.058621e-02 1.319035e+00 1.033745e+04 5.865653e+03 1.002976e+03 10000 11000 3.221680e-03     0 3.897210e-02 5.459105e+01 1.299407e+02 5.906615e-02 2.203084e-04 
4.171000e+02 6.284863e-02 5.056573e-02 1.320500e+00 1.034072e+04 5.878228e+03 1.002867e+03 10000 11000 3.574357e-03     0 3.896027e-02 5.459205e+01 1.299396e+02 5.907679e-02 2.320344e-04 
4.172000e+02 6.185562e-02 5.054741e-02 1.321945e+00 1.034397e+04 5.890808e+03 1.002758e+03 10000 11000 3.555252e-03     0 3.894848e-02 5.459336e+01 1.299386e+02 5.908716e-02 2.360384e-04 
4.173000e+02 6.084172e-02 5.053088e-02 1.323376e+00 1.034720e+04 5.903392e+03 1.002648e+03 10000 11000 3.392374e-03     0 3.893695e-02 5.459498e+01 1.299377e+02 5.909728e-02 2.273854e-04 
4.174000e+02 5.986487e-02 5.051646e-02 1.324788e+00 1.035042e+04 5.915982e+03 1.002538e+03 10000 11000 3.178774e-03     0 3.892605e-02 5.459689e+01 1.299369e+02 5.910712e-02 2.153406e-04 
4.175000e+02 5.896178e-02 5.050457e-02 1.326171e+00 1.035361e+04 5.928576e+03 1.002427e+03 10000 11000 2.955880e-03     0 3.891587e-02 5.459910e+01 1.299362e+02 5.911659e-02 2.130879e-04 
4.176000e+02 5.810528e-02 5.049525e-02 1.327522e+00 1.035679e+04 5.941174e+03 1.002316e+03 10000 11000 3.278412e-03     0 3.890624e-02 5.460161e+01 1.299356e+02 5.912559e-02 2.237630e-04 
4.177000e+02 5.720072e-02 5.048758e-02 1.328855e+00 1.035995e+04 5.953777e+03 1.002205e+03 10000 11000 3.261030e-03     0 3.889691e-02 5.460441e+01 1.299350e+02 5.913412e-02 2.273746e-04 
4.178000e+02 5.627717e-02 5.048127e-02 1.330175e+00 1.036310e+04 5.966384e+03 1.002094e+03 10000 11000 3.112226e-03     0 3.888804e-02 5.460750e+01 1.299345e+02 5.914223e-02 2.194120e-04 
4.179000e+02 5.538742e-02 5.047657e-02 1.331477e+00 1.036622e+04 5.978995e+03 1.001982e+03 10000 11000 2.917062e-03     0 3.887989e-02 5.461088e+01 1.299340e+02 5.914993e-02 2.083461e-04 
  418 5.456492e-02 5.047385e-02 1.332753e+00 1.036933e+04 5.991610e+03 1.001870e+03 10000 11000 2.713385e-03     0 3.887250e-02 5.461454e+01 1.299336e+02 5.915717e-02 2.062300e-04 
4.181000e+02 5.378491e-02 5.047312e-02 1.334000e+00 1.037242e+04 6.004230e+03 1.001759e+03 10000 11000 3.008322e-03     0 3.886568e-02 5.461849e+01 1.299333e+02 5.916389e-02 2.159307e-04 
4.182000e+02 5.296116e-02 5.047364e-02 1.335230e+00 1.037550e+04 6.016853e+03 1.001647e+03 10000 11000 2.992502e-03     0 3.885921e-02 5.462273e+01 1.299330e+02 5.917013e-02 2.191728e-04 
4.183000e+02 5.212016e-02 5.047515e-02 1.336448e+00 1.037856e+04 6.029480e+03 1.001534e+03 10000 11000 2.856564e-03     0 3.885319e-02 5.462725e+01 1.299328e+02 5.917595e-02 2.118348e-04 
4.184000e+02 5.131000e-02 5.047788e-02 1.337650e+00 1.038161e+04 6.042111e+03 1.001422e+03 10000 11000 2.678258e-03     0 3.884780e-02 5.463204e+01 1.299325e+02 5.918138e-02 2.016614e-04 
4.185000e+02 5.056113e-02 5.048214e-02 1.338828e+00 1.038464e+04 6.054746e+03 1.001310e+03 10000 11000 2.492153e-03     0 3.884307e-02 5.463712e+01 1.299324e+02 5.918639e-02 1.996703e-04 
4.186000e+02 4.985098e-02 5.048797e-02 1.339979e+00 1.038765e+04 6.067384e+03 1.001198e+03 10000 11000 2.761836e-03     0 3.883882e-02 5.464247e+01 1.299322e+02 5.919095e-02 2.084820e-04 
4.187000e+02 4.910105e-02 5.049472e-02 1.341115e+00 1.039065e+04 6.080026e+03 1.001086e+03 10000 11000 2.747437e-03     0 3.883484e-02 5.464810e+01 1.299321e+02 5.919511e-02 2.113902e-04 
4.188000e+02 4.833548e-02 5.050221e-02 1.342240e+00 1.039363e+04 6.092672e+03 1.000973e+03 10000 11000 2.623261e-03     0 3.883119e-02 5.465400e+01 1.299320e+02 5.919892e-02 2.046282e-04 
4.189000e+02 4.759804e-02 5.051063e-02 1.343351e+00 1.039660e+04 6.105321e+03 1.000861e+03 10000 11000 2.460368e-03     0 3.882804e-02 5.466017e+01 1.299320e+02 5.920242e-02 1.952752e-04 
  419 4.691641e-02 5.052026e-02 1.344439e+00 1.039956e+04 6.117973e+03 1.000749e+03 10000 11000 2.290330e-03     0 3.882538e-02 5.466661e+01 1.299319e+02 5.920560e-02 1.934009e-04 
4.191000e+02 4.627006e-02 5.053114e-02 1.345503e+00 1.040250e+04 6.130628e+03 1.000637e+03 10000 11000 2.536892e-03     0 3.882307e-02 5.467333e+01 1.299319e+02 5.920844e-02 2.014001e-04 
4.192000e+02 4.558758e-02 5.054273e-02 1.346553e+00 1.040542e+04 6.143287e+03 1.000525e+03 10000 11000 2.523779e-03     0 3.882091e-02 5.468031e+01 1.299319e+02 5.921098e-02 2.040026e-04 
4.193000e+02 4.489092e-02 5.055489e-02 1.347593e+00 1.040834e+04 6.155949e+03 1.000413e+03 10000 11000 2.410354e-03     0 3.881897e-02 5.468756e+01 1.299320e+02 5.921329e-02 1.977669e-04 
4.194000e+02 4.421991e-02 5.056779e-02 1.348620e+00 1.041124e+04 6.168614e+03 1.000301e+03 10000 11000 2.261555e-03     0 3.881736e-02 5.469507e+01 1.299320e+02 5.921538e-02 1.891628e-04 
4.195000e+02 4.359971e-02 5.058167e-02 1.349626e+00 1.041412e+04 6.181282e+03 1.000189e+03 10000 11000 2.106207e-03     0 3.881609e-02 5.470285e+01 1.299321e+02 5.921726e-02 1.873929e-04 
4.196000e+02 4.301163e-02 5.059658e-02 1.350610e+00 1.041700e+04 6.193953e+03 1.000078e+03 10000 11000 2.331597e-03     0 3.881502e-02 5.471090e+01 1.299322e+02 5.921891e-02 1.946457e-04 
4.197000e+02 4.239075e-02 5.061209e-02 1.351581e+00 1.041986e+04 6.206627e+03 9.999666e+02 10000 11000 2.319647e-03     0 3.881401e-02 5.471920e+01 1.299323e+02 5.922036e-02 1.969661e-04 
4.198000e+02 4.175706e-02 5.062806e-02 1.352543e+00 1.042270e+04 6.219304e+03 9.998554e+02 10000 11000 2.216050e-03     0 3.881310e-02 5.472777e+01 1.299324e+02 5.922167e-02 1.912100e-04 
4.199000e+02 4.114675e-02 5.064465e-02 1.353493e+00 1.042554e+04 6.231984e+03 9.997444e+02 10000 11000 2.080139e-03     0 3.881239e-02 5.473659e+01 1.299325e+02 5.922286e-02 1.832897e-04 
  420 4.058265e-02 5.066208e-02 1.354424e+00 1.042836e+04 6.244667e+03 9.996336e+02 10000 11000 1.938225e-03     0 3.881189e-02 5.474568e+01 1.299326e+02 5.922393e-02 1.816138e-04 
4.201000e+02 4.004778e-02 5.068040e-02 1.355335e+00 1.043117e+04 6.257352e+03 9.995230e+02 10000 11000 2.144213e-03     0 3.881149e-02 5.475502e+01 1.299327e+02 5.922486e-02 1.881824e-04 
4.202000e+02 3.948319e-02 5.069923e-02 1.356234e+00 1.043397e+04 6.270040e+03 9.994126e+02 10000 11000 2.133313e-03     0 3.881105e-02 5.476462e+01 1.299329e+02 5.922568e-02 1.902444e-04 
4.203000e+02 3.890704e-02 5.071848e-02 1.357125e+00 1.043676e+04 6.282730e+03 9.993024e+02 10000 11000 2.038698e-03     0 3.881063e-02 5.477447e+01 1.299330e+02 5.922643e-02 1.849280e-04 
4.204000e+02 3.835218e-02 5.073830e-02 1.358005e+00 1.043953e+04 6.295423e+03 9.991925e+02 10000 11000 1.914574e-03     0 3.881033e-02 5.478458e+01 1.299332e+02 5.922713e-02 1.776347e-04 
4.205000e+02 3.783933e-02 5.075886e-02 1.358867e+00 1.044229e+04 6.308119e+03 9.990828e+02 10000 11000 1.784945e-03     0 3.881013e-02 5.479494e+01 1.299334e+02 5.922777e-02 1.760460e-04 
4.206000e+02 3.735306e-02 5.078020e-02 1.359711e+00 1.044505e+04 6.320817e+03 9.989733e+02 10000 11000 1.973139e-03     0 3.880995e-02 5.480555e+01 1.299336e+02 5.922834e-02 1.819893e-04 
4.207000e+02 3.683989e-02 5.080203e-02 1.360544e+00 1.044779e+04 6.333517e+03 9.988642e+02 10000 11000 1.963180e-03     0 3.880970e-02 5.481641e+01 1.299337e+02 5.922886e-02 1.838169e-04 
4.208000e+02 3.631632e-02 5.082427e-02 1.361370e+00 1.045052e+04 6.346220e+03 9.987552e+02 10000 11000 1.876776e-03     0 3.880941e-02 5.482752e+01 1.299339e+02 5.922936e-02 1.789062e-04 
4.209000e+02 3.581214e-02 5.084703e-02 1.362185e+00 1.045324e+04 6.358925e+03 9.986466e+02 10000 11000 1.763430e-03     0 3.880916e-02 5.483888e+01 1.299341e+02 5.922986e-02 1.721906e-04 
  421 3.534610e-02 5.087048e-02 1.362985e+00 1.045595e+04 6.371632e+03 9.985382e+02 10000 11000 1.645039e-03     0 3.880896e-02 5.485049e+01 1.299344e+02 5.923035e-02 1.706851e-04 
4.211000e+02 3.490423e-02 5.089466e-02 1.363768e+00 1.045865e+04 6.384342e+03 9.984301e+02 10000 11000 1.816895e-03     0 3.880874e-02 5.486234e+01 1.299346e+02 5.923081e-02 1.760592e-04 
4.212000e+02 3.443806e-02 5.091930e-02 1.364541e+00 1.046133e+04 6.397054e+03 9.983224e+02 10000 11000 1.807775e-03     0 3.880842e-02 5.487444e+01 1.299348e+02 5.923125e-02 1.776766e-04 
4.213000e+02 3.396256e-02 5.094435e-02 1.365307e+00 1.046401e+04 6.409768e+03 9.982149e+02 10000 11000 1.728876e-03     0 3.880802e-02 5.488678e+01 1.299350e+02 5.923171e-02 1.731430e-04 
4.214000e+02 3.350470e-02 5.096991e-02 1.366063e+00 1.046668e+04 6.422484e+03 9.981077e+02 10000 11000 1.625392e-03     0 3.880764e-02 5.489936e+01 1.299352e+02 5.923219e-02 1.669627e-04 
4.215000e+02 3.308145e-02 5.099612e-02 1.366805e+00 1.046934e+04 6.435202e+03 9.980009e+02 10000 11000 1.517283e-03     0 3.880727e-02 5.491219e+01 1.299355e+02 5.923268e-02 1.655392e-04 
4.216000e+02 3.268014e-02 5.102301e-02 1.367532e+00 1.047199e+04 6.447923e+03 9.978944e+02 10000 11000 1.674120e-03     0 3.880686e-02 5.492525e+01 1.299357e+02 5.923317e-02 1.703972e-04 
4.217000e+02 3.225695e-02 5.105037e-02 1.368249e+00 1.047463e+04 6.460645e+03 9.977882e+02 10000 11000 1.665743e-03     0 3.880634e-02 5.493855e+01 1.299360e+02 5.923367e-02 1.718285e-04 
4.218000e+02 3.182540e-02 5.107814e-02 1.368960e+00 1.047726e+04 6.473369e+03 9.976824e+02 10000 11000 1.593706e-03     0 3.880574e-02 5.495209e+01 1.299362e+02 5.923419e-02 1.676485e-04 
4.219000e+02 3.140990e-02 5.110640e-02 1.369663e+00 1.047988e+04 6.486095e+03 9.975769e+02 10000 11000 1.499250e-03     0 3.880514e-02 5.496586e+01 1.299365e+02 5.923474e-02 1.619671e-04 
  422 3.102578e-02 5.113529e-02 1.370352e+00 1.048249e+04 6.498823e+03 9.974718e+02 10000 11000 1.400554e-03     0 3.880453e-02 5.497987e+01 1.299367e+02 5.923532e-02 1.606266e-04 
4.221000e+02 3.066156e-02 5.116482e-02 1.371027e+00 1.048509e+04 6.511553e+03 9.973670e+02 10000 11000 1.543563e-03     0 3.880388e-02 5.499411e+01 1.299370e+02 5.923590e-02 1.650185e-04 
4.222000e+02 3.027768e-02 5.119481e-02 1.371694e+00 1.048768e+04 6.524285e+03 9.972626e+02 10000 11000 1.535840e-03     0 3.880313e-02 5.500859e+01 1.299373e+02 5.923650e-02 1.662877e-04 
4.223000e+02 2.988635e-02 5.122523e-02 1.372355e+00 1.049027e+04 6.537019e+03 9.971586e+02 10000 11000 1.470081e-03     0 3.880231e-02 5.502329e+01 1.299375e+02 5.923713e-02 1.624418e-04 
4.224000e+02 2.950962e-02 5.125613e-02 1.373008e+00 1.049285e+04 6.549754e+03 9.970550e+02 10000 11000 1.383891e-03     0 3.880147e-02 5.503822e+01 1.299378e+02 5.923779e-02 1.572281e-04 
4.225000e+02 2.916128e-02 5.128763e-02 1.373649e+00 1.049541e+04 6.562492e+03 9.969517e+02 10000 11000 1.293819e-03     0 3.880062e-02 5.505338e+01 1.299381e+02 5.923847e-02 1.559731e-04 
4.226000e+02 2.883100e-02 5.131974e-02 1.374277e+00 1.049797e+04 6.575230e+03 9.968489e+02 10000 11000 1.424082e-03     0 3.879974e-02 5.506877e+01 1.299384e+02 5.923916e-02 1.599465e-04 
4.227000e+02 2.848309e-02 5.135231e-02 1.374898e+00 1.050052e+04 6.587971e+03 9.967464e+02 10000 11000 1.416931e-03     0 3.879878e-02 5.508437e+01 1.299387e+02 5.923987e-02 1.610770e-04 
4.228000e+02 2.812860e-02 5.138530e-02 1.375513e+00 1.050307e+04 6.600713e+03 9.966444e+02 10000 11000 1.356916e-03     0 3.879775e-02 5.510021e+01 1.299390e+02 5.924060e-02 1.575490e-04 
4.229000e+02 2.778736e-02 5.141877e-02 1.376120e+00 1.050560e+04 6.613457e+03 9.965428e+02 10000 11000 1.278301e-03     0 3.879671e-02 5.511626e+01 1.299393e+02 5.924137e-02 1.527766e-04 
  423 2.747179e-02 5.145281e-02 1.376717e+00 1.050813e+04 6.626203e+03 9.964416e+02 10000 11000 1.196135e-03     0 3.879566e-02 5.513253e+01 1.299396e+02 5.924214e-02 1.516112e-04 
4.231000e+02 2.717258e-02 5.148743e-02 1.377302e+00 1.051065e+04 6.638950e+03 9.963408e+02 10000 11000 1.314630e-03     0 3.879459e-02 5.514902e+01 1.299399e+02 5.924293e-02 1.552105e-04 
4.232000e+02 2.685762e-02 5.152251e-02 1.377880e+00 1.051316e+04 6.651698e+03 9.962405e+02 10000 11000 1.307974e-03     0 3.879345e-02 5.516573e+01 1.299402e+02 5.924373e-02 1.562251e-04 
4.233000e+02 2.653687e-02 5.155800e-02 1.378452e+00 1.051566e+04 6.664448e+03 9.961406e+02 10000 11000 1.253219e-03     0 3.879226e-02 5.518266e+01 1.299405e+02 5.924455e-02 1.530023e-04 
4.234000e+02 2.622814e-02 5.159396e-02 1.379019e+00 1.051816e+04 6.677200e+03 9.960412e+02 10000 11000 1.181552e-03     0 3.879107e-02 5.519979e+01 1.299408e+02 5.924538e-02 1.486485e-04 
4.235000e+02 2.594259e-02 5.163047e-02 1.379575e+00 1.052065e+04 6.689953e+03 9.959422e+02 10000 11000 1.106637e-03     0 3.878989e-02 5.521714e+01 1.299411e+02 5.924623e-02 1.475780e-04 
4.236000e+02 2.567184e-02 5.166752e-02 1.380120e+00 1.052313e+04 6.702708e+03 9.958437e+02 10000 11000 1.214253e-03     0 3.878868e-02 5.523470e+01 1.299414e+02 5.924709e-02 1.508454e-04 
4.237000e+02 2.538709e-02 5.170502e-02 1.380658e+00 1.052560e+04 6.715464e+03 9.957456e+02 10000 11000 1.208025e-03     0 3.878742e-02 5.525247e+01 1.299417e+02 5.924794e-02 1.517666e-04 
4.238000e+02 2.509728e-02 5.174293e-02 1.381193e+00 1.052807e+04 6.728221e+03 9.956480e+02 10000 11000 1.158088e-03     0 3.878613e-02 5.527045e+01 1.299420e+02 5.924881e-02 1.488387e-04 
4.239000e+02 2.481837e-02 5.178129e-02 1.381721e+00 1.053053e+04 6.740980e+03 9.955509e+02 10000 11000 1.092796e-03     0 3.878484e-02 5.528863e+01 1.299423e+02 5.924969e-02 1.448847e-04 
  424 2.456034e-02 5.182016e-02 1.382239e+00 1.053299e+04 6.753740e+03 9.954543e+02 10000 11000 1.024539e-03     0 3.878357e-02 5.530702e+01 1.299427e+02 5.925058e-02 1.439157e-04 
4.241000e+02 2.431569e-02 5.185956e-02 1.382748e+00 1.053543e+04 6.766501e+03 9.953582e+02 10000 11000 1.122082e-03     0 3.878228e-02 5.532560e+01 1.299430e+02 5.925147e-02 1.468910e-04 
4.242000e+02 2.405864e-02 5.189938e-02 1.383251e+00 1.053787e+04 6.779264e+03 9.952626e+02 10000 11000 1.116217e-03     0 3.878096e-02 5.534439e+01 1.299433e+02 5.925235e-02 1.477409e-04 
4.243000e+02 2.379721e-02 5.193961e-02 1.383750e+00 1.054031e+04 6.792028e+03 9.951675e+02 10000 11000 1.070698e-03     0 3.877962e-02 5.536338e+01 1.299436e+02 5.925324e-02 1.451003e-04 
4.244000e+02 2.354565e-02 5.198027e-02 1.384243e+00 1.054273e+04 6.804793e+03 9.950729e+02 10000 11000 1.011259e-03     0 3.877828e-02 5.538257e+01 1.299439e+02 5.925413e-02 1.415307e-04 
4.245000e+02 2.331288e-02 5.202141e-02 1.384727e+00 1.054515e+04 6.817560e+03 9.949788e+02 10000 11000 9.491198e-04     0 3.877697e-02 5.540195e+01 1.299443e+02 5.925503e-02 1.406707e-04 
4.246000e+02 2.309218e-02 5.206305e-02 1.385203e+00 1.054757e+04 6.830328e+03 9.948852e+02 10000 11000 1.037326e-03     0 3.877566e-02 5.542152e+01 1.299446e+02 5.925591e-02 1.433919e-04 
4.247000e+02 2.286057e-02 5.210509e-02 1.385673e+00 1.054998e+04 6.843097e+03 9.947922e+02 10000 11000 1.031767e-03     0 3.877432e-02 5.544129e+01 1.299449e+02 5.925679e-02 1.441922e-04 
4.248000e+02 2.262518e-02 5.214753e-02 1.386139e+00 1.055238e+04 6.855867e+03 9.946997e+02 10000 11000 9.902975e-04     0 3.877297e-02 5.546124e+01 1.299452e+02 5.925767e-02 1.418337e-04 
4.249000e+02 2.239874e-02 5.219037e-02 1.386600e+00 1.055477e+04 6.868639e+03 9.946077e+02 10000 11000 9.362382e-04     0 3.877164e-02 5.548139e+01 1.299456e+02 5.925855e-02 1.386360e-04 
  425 2.218916e-02 5.223368e-02 1.387053e+00 1.055716e+04 6.881411e+03 9.945163e+02 10000 11000 8.797236e-04     0 3.877033e-02 5.550172e+01 1.299459e+02 5.925942e-02 1.378937e-04 
4.251000e+02 2.199046e-02 5.227744e-02 1.387498e+00 1.055955e+04 6.894185e+03 9.944254e+02 10000 11000 9.592618e-04     0 3.876903e-02 5.552224e+01 1.299462e+02 5.926029e-02 1.403973e-04 
4.252000e+02 2.178221e-02 5.232160e-02 1.387938e+00 1.056193e+04 6.906960e+03 9.943351e+02 10000 11000 9.539566e-04     0 3.876771e-02 5.554294e+01 1.299465e+02 5.926114e-02 1.411694e-04 
4.253000e+02 2.157076e-02 5.236612e-02 1.388374e+00 1.056430e+04 6.919736e+03 9.942453e+02 10000 11000 9.162046e-04     0 3.876639e-02 5.556382e+01 1.299469e+02 5.926198e-02 1.390901e-04 
4.254000e+02 2.136739e-02 5.241104e-02 1.388806e+00 1.056667e+04 6.932513e+03 9.941562e+02 10000 11000 8.670913e-04     0 3.876510e-02 5.558488e+01 1.299472e+02 5.926283e-02 1.362547e-04 
4.255000e+02 2.117911e-02 5.245639e-02 1.389230e+00 1.056903e+04 6.945291e+03 9.940675e+02 10000 11000 8.157522e-04     0 3.876383e-02 5.560612e+01 1.299475e+02 5.926366e-02 1.356396e-04 
4.256000e+02 2.100063e-02 5.250217e-02 1.389647e+00 1.057138e+04 6.958070e+03 9.939795e+02 10000 11000 8.872356e-04     0 3.876257e-02 5.562753e+01 1.299478e+02 5.926447e-02 1.379606e-04 
4.257000e+02 2.081385e-02 5.254832e-02 1.390060e+00 1.057373e+04 6.970850e+03 9.938921e+02 10000 11000 8.821376e-04     0 3.876131e-02 5.564912e+01 1.299482e+02 5.926528e-02 1.387260e-04 
4.258000e+02 2.062440e-02 5.259482e-02 1.390469e+00 1.057608e+04 6.983632e+03 9.938052e+02 10000 11000 8.477982e-04     0 3.876005e-02 5.567088e+01 1.299485e+02 5.926607e-02 1.369246e-04 
4.259000e+02 2.044224e-02 5.264170e-02 1.390873e+00 1.057842e+04 6.996414e+03 9.937189e+02 10000 11000 8.032352e-04     0 3.875882e-02 5.569282e+01 1.299488e+02 5.926686e-02 1.344444e-04 
  426 2.027356e-02 5.268897e-02 1.391272e+00 1.058075e+04 7.009197e+03 9.936333e+02 10000 11000 7.566616e-04     0 3.875761e-02 5.571492e+01 1.299491e+02 5.926763e-02 1.339671e-04 
4.261000e+02 2.011369e-02 5.273664e-02 1.391663e+00 1.058308e+04 7.021982e+03 9.935482e+02 10000 11000 8.206528e-04     0 3.875643e-02 5.573718e+01 1.299494e+02 5.926839e-02 1.361391e-04 
4.262000e+02 1.994666e-02 5.278467e-02 1.392050e+00 1.058540e+04 7.034767e+03 9.934638e+02 10000 11000 8.157207e-04     0 3.875524e-02 5.575962e+01 1.299498e+02 5.926913e-02 1.369189e-04 
4.263000e+02 1.977743e-02 5.283303e-02 1.392434e+00 1.058772e+04 7.047553e+03 9.933799e+02 10000 11000 7.845159e-04     0 3.875407e-02 5.578221e+01 1.299501e+02 5.926986e-02 1.353959e-04 
4.264000e+02 1.961478e-02 5.288174e-02 1.392814e+00 1.059003e+04 7.060340e+03 9.932967e+02 10000 11000 7.441416e-04     0 3.875292e-02 5.580497e+01 1.299504e+02 5.927057e-02 1.332660e-04 
4.265000e+02 1.946414e-02 5.293082e-02 1.393189e+00 1.059234e+04 7.073128e+03 9.932141e+02 10000 11000 7.019587e-04     0 3.875180e-02 5.582788e+01 1.299507e+02 5.927128e-02 1.329375e-04 
4.266000e+02 1.932140e-02 5.298027e-02 1.393557e+00 1.059465e+04 7.085917e+03 9.931321e+02 10000 11000 7.589766e-04     0 3.875070e-02 5.585095e+01 1.299510e+02 5.927196e-02 1.349930e-04 
4.267000e+02 1.917254e-02 5.303005e-02 1.393921e+00 1.059695e+04 7.098707e+03 9.930508e+02 10000 11000 7.541745e-04     0 3.874961e-02 5.587418e+01 1.299514e+02 5.927263e-02 1.358080e-04 
4.268000e+02 1.902192e-02 5.308015e-02 1.394282e+00 1.059924e+04 7.111498e+03 9.929701e+02 10000 11000 7.258506e-04     0 3.874853e-02 5.589756e+01 1.299517e+02 5.927328e-02 1.345653e-04 
4.269000e+02 1.887721e-02 5.313057e-02 1.394640e+00 1.060153e+04 7.124290e+03 9.928901e+02 10000 11000 6.893341e-04     0 3.874748e-02 5.592109e+01 1.299520e+02 5.927392e-02 1.327824e-04 
  427 1.874319e-02 5.318134e-02 1.394993e+00 1.060381e+04 7.137082e+03 9.928107e+02 10000 11000 6.511992e-04     0 3.874646e-02 5.594477e+01 1.299523e+02 5.927455e-02 1.326144e-04 
4.271000e+02 1.861624e-02 5.323245e-02 1.395339e+00 1.060609e+04 7.149876e+03 9.927319e+02 10000 11000 7.017249e-04     0 3.874547e-02 5.596860e+01 1.299526e+02 5.927515e-02 1.345844e-04 
4.272000e+02 1.848411e-02 5.328387e-02 1.395683e+00 1.060837e+04 7.162670e+03 9.926538e+02 10000 11000 6.970223e-04     0 3.874448e-02 5.599257e+01 1.299529e+02 5.927574e-02 1.354551e-04 
4.273000e+02 1.835061e-02 5.333558e-02 1.396023e+00 1.061064e+04 7.175465e+03 9.925764e+02 10000 11000 6.713478e-04     0 3.874351e-02 5.601669e+01 1.299532e+02 5.927631e-02 1.344953e-04 
4.274000e+02 1.822243e-02 5.338760e-02 1.396361e+00 1.061291e+04 7.188261e+03 9.924996e+02 10000 11000 6.383862e-04     0 3.874258e-02 5.604095e+01 1.299535e+02 5.927686e-02 1.330573e-04 
4.275000e+02 1.810372e-02 5.343993e-02 1.396693e+00 1.061517e+04 7.201058e+03 9.924235e+02 10000 11000 6.039853e-04     0 3.874167e-02 5.606535e+01 1.299538e+02 5.927740e-02 1.330613e-04 
4.276000e+02 1.799133e-02 5.349259e-02 1.397021e+00 1.061743e+04 7.213855e+03 9.923481e+02 10000 11000 6.484680e-04     0 3.874079e-02 5.608989e+01 1.299541e+02 5.927792e-02 1.349755e-04 
4.277000e+02 1.787463e-02 5.354552e-02 1.397345e+00 1.061968e+04 7.226653e+03 9.922733e+02 10000 11000 6.438404e-04     0 3.873992e-02 5.611456e+01 1.299544e+02 5.927842e-02 1.359213e-04 
4.278000e+02 1.775689e-02 5.359874e-02 1.397667e+00 1.062193e+04 7.239453e+03 9.921993e+02 10000 11000 6.206041e-04     0 3.873907e-02 5.613937e+01 1.299547e+02 5.927890e-02 1.352475e-04 
4.279000e+02 1.764393e-02 5.365223e-02 1.397986e+00 1.062417e+04 7.252252e+03 9.921259e+02 10000 11000 5.909200e-04     0 3.873826e-02 5.616430e+01 1.299550e+02 5.927936e-02 1.341529e-04 
  428 1.753934e-02 5.370601e-02 1.398301e+00 1.062642e+04 7.265053e+03 9.920532e+02 10000 11000 5.599660e-04     0 3.873747e-02 5.618937e+01 1.299553e+02 5.927981e-02 1.343402e-04 
4.281000e+02 1.744039e-02 5.376009e-02 1.398611e+00 1.062865e+04 7.277854e+03 9.919812e+02 10000 11000 5.988280e-04     0 3.873671e-02 5.621457e+01 1.299556e+02 5.928024e-02 1.362263e-04 
4.282000e+02 1.733790e-02 5.381443e-02 1.398918e+00 1.063089e+04 7.290657e+03 9.919099e+02 10000 11000 5.942570e-04     0 3.873597e-02 5.623989e+01 1.299559e+02 5.928065e-02 1.372655e-04 
4.283000e+02 1.723468e-02 5.386902e-02 1.399223e+00 1.063311e+04 7.303459e+03 9.918393e+02 10000 11000 5.732668e-04     0 3.873525e-02 5.626533e+01 1.299562e+02 5.928104e-02 1.368805e-04 
4.284000e+02 1.713575e-02 5.392387e-02 1.399525e+00 1.063534e+04 7.316263e+03 9.917694e+02 10000 11000 5.466066e-04     0 3.873456e-02 5.629090e+01 1.299565e+02 5.928141e-02 1.361279e-04 
4.285000e+02 1.704419e-02 5.397898e-02 1.399824e+00 1.063756e+04 7.329067e+03 9.917002e+02 10000 11000 5.188364e-04     0 3.873390e-02 5.631659e+01 1.299568e+02 5.928176e-02 1.365085e-04 
4.286000e+02 1.695767e-02 5.403436e-02 1.400118e+00 1.063978e+04 7.341872e+03 9.916318e+02 10000 11000 5.524778e-04     0 3.873327e-02 5.634239e+01 1.299570e+02 5.928209e-02 1.383920e-04 
4.287000e+02 1.686827e-02 5.408999e-02 1.400410e+00 1.064199e+04 7.354678e+03 9.915640e+02 10000 11000 5.479517e-04     0 3.873266e-02 5.636831e+01 1.299573e+02 5.928240e-02 1.395410e-04 
4.288000e+02 1.677843e-02 5.414584e-02 1.400700e+00 1.064420e+04 7.367484e+03 9.914970e+02 10000 11000 5.290334e-04     0 3.873208e-02 5.639434e+01 1.299576e+02 5.928270e-02 1.394465e-04 
4.289000e+02 1.669244e-02 5.420193e-02 1.400987e+00 1.064641e+04 7.380291e+03 9.914307e+02 10000 11000 5.051653e-04     0 3.873152e-02 5.642049e+01 1.299579e+02 5.928297e-02 1.390335e-04 
  429 1.661291e-02 5.425826e-02 1.401271e+00 1.064861e+04 7.393099e+03 9.913651e+02 10000 11000 4.803383e-04     0 3.873100e-02 5.644674e+01 1.299581e+02 5.928323e-02 1.396159e-04 
4.291000e+02 1.653788e-02 5.431483e-02 1.401552e+00 1.065080e+04 7.405908e+03 9.913002e+02 10000 11000 5.091418e-04     0 3.873051e-02 5.647310e+01 1.299584e+02 5.928346e-02 1.415195e-04 
4.292000e+02 1.646059e-02 5.437161e-02 1.401830e+00 1.065300e+04 7.418717e+03 9.912361e+02 10000 11000 5.046558e-04     0 3.873003e-02 5.649957e+01 1.299587e+02 5.928368e-02 1.427922e-04 
4.293000e+02 1.638308e-02 5.442861e-02 1.402106e+00 1.065519e+04 7.431526e+03 9.911727e+02 10000 11000 4.876523e-04     0 3.872959e-02 5.652614e+01 1.299590e+02 5.928387e-02 1.429883e-04 
4.294000e+02 1.630902e-02 5.448582e-02 1.402381e+00 1.065738e+04 7.444337e+03 9.911100e+02 10000 11000 4.663648e-04     0 3.872917e-02 5.655281e+01 1.299592e+02 5.928405e-02 1.429108e-04 
4.295000e+02 1.624063e-02 5.454325e-02 1.402652e+00 1.065956e+04 7.457148e+03 9.910481e+02 10000 11000 4.442614e-04     0 3.872879e-02 5.657958e+01 1.299595e+02 5.928420e-02 1.437010e-04 
4.296000e+02 1.617623e-02 5.460089e-02 1.402920e+00 1.066174e+04 7.469960e+03 9.909870e+02 10000 11000 4.685952e-04     0 3.872843e-02 5.660644e+01 1.299598e+02 5.928434e-02 1.456438e-04 
4.297000e+02 1.611011e-02 5.465873e-02 1.403186e+00 1.066392e+04 7.482772e+03 9.909266e+02 10000 11000 4.641523e-04     0 3.872810e-02 5.663340e+01 1.299600e+02 5.928445e-02 1.470510e-04 
4.298000e+02 1.604399e-02 5.471676e-02 1.403451e+00 1.066609e+04 7.495585e+03 9.908669e+02 10000 11000 4.489226e-04     0 3.872780e-02 5.666046e+01 1.299603e+02 5.928454e-02 1.475351e-04 
4.299000e+02 1.598095e-02 5.477497e-02 1.403714e+00 1.066826e+04 7.508398e+03 9.908080e+02 10000 11000 4.300237e-04     0 3.872752e-02 5.668760e+01 1.299605e+02 5.928462e-02 1.477865e-04 
  430 1.592286e-02 5.483338e-02 1.403974e+00 1.067043e+04 7.521212e+03 9.907498e+02 10000 11000 4.104437e-04     0 3.872728e-02 5.671484e+01 1.299608e+02 5.928467e-02 1.487871e-04 
4.301000e+02 1.586832e-02 5.489198e-02 1.404231e+00 1.067259e+04 7.534027e+03 9.906924e+02 10000 11000 4.306648e-04     0 3.872707e-02 5.674216e+01 1.299610e+02 5.928470e-02 1.507841e-04 
4.302000e+02 1.581254e-02 5.495075e-02 1.404487e+00 1.067475e+04 7.546842e+03 9.906358e+02 10000 11000 4.262752e-04     0 3.872689e-02 5.676957e+01 1.299613e+02 5.928471e-02 1.523325e-04 
4.303000e+02 1.575693e-02 5.500968e-02 1.404741e+00 1.067690e+04 7.559658e+03 9.905799e+02 10000 11000 4.126937e-04     0 3.872673e-02 5.679705e+01 1.299615e+02 5.928470e-02 1.530985e-04 
4.304000e+02 1.570408e-02 5.506879e-02 1.404994e+00 1.067906e+04 7.572475e+03 9.905248e+02 10000 11000 3.960098e-04     0 3.872660e-02 5.682462e+01 1.299618e+02 5.928467e-02 1.536688e-04 
4.305000e+02 1.565554e-02 5.512806e-02 1.405245e+00 1.068121e+04 7.585292e+03 9.904705e+02 10000 11000 3.787718e-04     0 3.872651e-02 5.685227e+01 1.299620e+02 5.928462e-02 1.548784e-04 
4.306000e+02 1.561016e-02 5.518750e-02 1.405493e+00 1.068335e+04 7.598110e+03 9.904169e+02 10000 11000 3.952270e-04     0 3.872645e-02 5.687999e+01 1.299622e+02 5.928455e-02 1.569398e-04 
4.307000e+02 1.556394e-02 5.524709e-02 1.405740e+00 1.068550e+04 7.610928e+03 9.903641e+02 10000 11000 3.909086e-04     0 3.872641e-02 5.690779e+01 1.299625e+02 5.928446e-02 1.586316e-04 
4.308000e+02 1.551806e-02 5.530682e-02 1.405986e+00 1.068764e+04 7.623747e+03 9.903121e+02 10000 11000 3.788645e-04     0 3.872640e-02 5.693566e+01 1.299627e+02 5.928434e-02 1.596694e-04 
4.309000e+02 1.547464e-02 5.536669e-02 1.406230e+00 1.068977e+04 7.636566e+03 9.902609e+02 10000 11000 3.642391e-04     0 3.872643e-02 5.696360e+01 1.299630e+02 5.928421e-02 1.605445e-04 
  431 1.543498e-02 5.542671e-02 1.406472e+00 1.069191e+04 7.649386e+03 9.902104e+02 10000 11000 3.491788e-04     0 3.872648e-02 5.699161e+01 1.299632e+02 5.928405e-02 1.619571e-04 
4.311000e+02 1.539810e-02 5.548688e-02 1.406713e+00 1.069404e+04 7.662206e+03 9.901608e+02 10000 11000 3.622057e-04     0 3.872657e-02 5.701968e+01 1.299634e+02 5.928387e-02 1.640875e-04 
4.312000e+02 1.536076e-02 5.554716e-02 1.406952e+00 1.069616e+04 7.675027e+03 9.901119e+02 10000 11000 3.579833e-04     0 3.872669e-02 5.704782e+01 1.299636e+02 5.928367e-02 1.659197e-04 
4.313000e+02 1.532390e-02 5.560758e-02 1.407191e+00 1.069829e+04 7.687849e+03 9.900638e+02 10000 11000 3.473794e-04     0 3.872683e-02 5.707601e+01 1.299639e+02 5.928345e-02 1.672145e-04 
4.314000e+02 1.528923e-02 5.566811e-02 1.407428e+00 1.070041e+04 7.700671e+03 9.900164e+02 10000 11000 3.346724e-04     0 3.872701e-02 5.710427e+01 1.299641e+02 5.928321e-02 1.683758e-04 
4.315000e+02 1.525780e-02 5.572876e-02 1.407664e+00 1.070253e+04 7.713494e+03 9.899699e+02 10000 11000 3.216419e-04     0 3.872722e-02 5.713259e+01 1.299643e+02 5.928295e-02 1.699803e-04 
4.316000e+02 1.522886e-02 5.578953e-02 1.407899e+00 1.070464e+04 7.726317e+03 9.899242e+02 10000 11000 3.315672e-04     0 3.872746e-02 5.716096e+01 1.299645e+02 5.928266e-02 1.721787e-04 
4.317000e+02 1.519976e-02 5.585041e-02 1.408132e+00 1.070675e+04 7.739141e+03 9.898793e+02 10000 11000 3.274712e-04     0 3.872772e-02 5.718938e+01 1.299647e+02 5.928236e-02 1.741430e-04 
4.318000e+02 1.517126e-02 5.591138e-02 1.408365e+00 1.070886e+04 7.751965e+03 9.898351e+02 10000 11000 3.182232e-04     0 3.872802e-02 5.721786e+01 1.299649e+02 5.928203e-02 1.756753e-04 
4.319000e+02 1.514473e-02 5.597246e-02 1.408596e+00 1.071097e+04 7.764790e+03 9.897918e+02 10000 11000 3.073091e-04     0 3.872835e-02 5.724638e+01 1.299652e+02 5.928168e-02 1.770997e-04 
  432 1.512099e-02 5.603363e-02 1.408827e+00 1.071307e+04 7.777615e+03 9.897492e+02 10000 11000 2.961754e-04     0 3.872871e-02 5.727495e+01 1.299654e+02 5.928131e-02 1.788798e-04 
4.321000e+02 1.509944e-02 5.609489e-02 1.409057e+00 1.071517e+04 7.790441e+03 9.897075e+02 10000 11000 3.033125e-04     0 3.872911e-02 5.730357e+01 1.299656e+02 5.928092e-02 1.811397e-04 
4.322000e+02 1.507803e-02 5.615624e-02 1.409286e+00 1.071726e+04 7.803267e+03 9.896665e+02 10000 11000 2.993773e-04     0 3.872953e-02 5.733223e+01 1.299658e+02 5.928051e-02 1.832227e-04 
4.323000e+02 1.505730e-02 5.621766e-02 1.409514e+00 1.071936e+04 7.816094e+03 9.896264e+02 10000 11000 2.914114e-04     0 3.872998e-02 5.736092e+01 1.299660e+02 5.928007e-02 1.849685e-04 
4.324000e+02 1.503834e-02 5.627916e-02 1.409742e+00 1.072145e+04 7.828921e+03 9.895871e+02 10000 11000 2.821785e-04     0 3.873047e-02 5.738966e+01 1.299662e+02 5.927962e-02 1.866287e-04 
4.325000e+02 1.502177e-02 5.634073e-02 1.409969e+00 1.072354e+04 7.841749e+03 9.895485e+02 10000 11000 2.728219e-04     0 3.873099e-02 5.741844e+01 1.299664e+02 5.927914e-02 1.885639e-04 
4.326000e+02 1.500714e-02 5.640238e-02 1.410195e+00 1.072562e+04 7.854577e+03 9.895108e+02 10000 11000 2.774662e-04     0 3.873154e-02 5.744725e+01 1.299666e+02 5.927864e-02 1.908736e-04 
4.327000e+02 1.499289e-02 5.646408e-02 1.410420e+00 1.072770e+04 7.867406e+03 9.894739e+02 10000 11000 2.737271e-04     0 3.873211e-02 5.747609e+01 1.299667e+02 5.927812e-02 1.930573e-04 
4.328000e+02 1.497941e-02 5.652584e-02 1.410646e+00 1.072978e+04 7.880235e+03 9.894378e+02 10000 11000 2.669788e-04     0 3.873272e-02 5.750496e+01 1.299669e+02 5.927757e-02 1.949893e-04 
4.329000e+02 1.496750e-02 5.658765e-02 1.410871e+00 1.073186e+04 7.893065e+03 9.894025e+02 10000 11000 2.593270e-04     0 3.873336e-02 5.753386e+01 1.299671e+02 5.927701e-02 1.968549e-04 
  433 1.495764e-02 5.664951e-02 1.411095e+00 1.073393e+04 7.905895e+03 9.893680e+02 10000 11000 2.516399e-04     0 3.873404e-02 5.756278e+01 1.299673e+02 5.927642e-02 1.989211e-04 
4.331000e+02 1.494949e-02 5.671142e-02 1.411319e+00 1.073600e+04 7.918726e+03 9.893343e+02 10000 11000 2.540622e-04     0 3.873474e-02 5.759173e+01 1.299675e+02 5.927582e-02 2.012649e-04 
4.332000e+02 1.494193e-02 5.677337e-02 1.411543e+00 1.073807e+04 7.931557e+03 9.893015e+02 10000 11000 2.505527e-04     0 3.873547e-02 5.762070e+01 1.299677e+02 5.927519e-02 2.035285e-04 
4.333000e+02 1.493522e-02 5.683535e-02 1.411766e+00 1.074013e+04 7.944389e+03 9.892694e+02 10000 11000 2.449643e-04     0 3.873624e-02 5.764969e+01 1.299678e+02 5.927454e-02 2.056174e-04 
4.334000e+02 1.492991e-02 5.689736e-02 1.411990e+00 1.074219e+04 7.957221e+03 9.892382e+02 10000 11000 2.388032e-04     0 3.873703e-02 5.767870e+01 1.299680e+02 5.927387e-02 2.076566e-04 
4.335000e+02 1.492632e-02 5.695940e-02 1.412213e+00 1.074425e+04 7.970054e+03 9.892077e+02 10000 11000 2.326881e-04     0 3.873786e-02 5.770772e+01 1.299682e+02 5.927317e-02 2.098278e-04 
4.336000e+02 1.492424e-02 5.702146e-02 1.412436e+00 1.074631e+04 7.982887e+03 9.891781e+02 10000 11000 2.331278e-04     0 3.873872e-02 5.773676e+01 1.299684e+02 5.927246e-02 2.121878e-04 
4.337000e+02 1.492294e-02 5.708353e-02 1.412659e+00 1.074836e+04 7.995721e+03 9.891493e+02 10000 11000 2.298754e-04     0 3.873961e-02 5.776581e+01 1.299685e+02 5.927172e-02 2.145090e-04 
4.338000e+02 1.492255e-02 5.714562e-02 1.412882e+00 1.075041e+04 8.008555e+03 9.891214e+02 10000 11000 2.253935e-04     0 3.874053e-02 5.779487e+01 1.299687e+02 5.927097e-02 2.167256e-04 
4.339000e+02 1.492342e-02 5.720772e-02 1.413106e+00 1.075246e+04 8.021390e+03 9.890942e+02 10000 11000 2.206413e-04     0 3.874148e-02 5.782393e+01 1.299689e+02 5.927019e-02 2.189073e-04 
  434 1.492571e-02 5.726982e-02 1.413329e+00 1.075450e+04 8.034225e+03 9.890679e+02 10000 11000 2.160091e-04     0 3.874246e-02 5.785301e+01 1.299690e+02 5.926939e-02 2.211580e-04 
4.341000e+02 1.492933e-02 5.733192e-02 1.413552e+00 1.075654e+04 8.047061e+03 9.890424e+02 10000 11000 2.146654e-04     0 3.874347e-02 5.788208e+01 1.299692e+02 5.926856e-02 2.235161e-04 
4.342000e+02 1.493389e-02 5.739402e-02 1.413776e+00 1.075858e+04 8.059897e+03 9.890177e+02 10000 11000 2.116882e-04     0 3.874452e-02 5.791116e+01 1.299694e+02 5.926772e-02 2.258738e-04 
4.343000e+02 1.493943e-02 5.745610e-02 1.414000e+00 1.076061e+04 8.072733e+03 9.889938e+02 10000 11000 2.082620e-04     0 3.874559e-02 5.794023e+01 1.299695e+02 5.926686e-02 2.281915e-04 
4.344000e+02 1.494608e-02 5.751818e-02 1.414224e+00 1.076265e+04 8.085570e+03 9.889707e+02 10000 11000 2.048432e-04     0 3.874670e-02 5.796930e+01 1.299697e+02 5.926597e-02 2.304881e-04 
4.345000e+02 1.495389e-02 5.758023e-02 1.414448e+00 1.076468e+04 8.098408e+03 9.889484e+02 10000 11000 2.016128e-04     0 3.874783e-02 5.799837e+01 1.299698e+02 5.926507e-02 2.327956e-04 
4.346000e+02 1.496285e-02 5.764226e-02 1.414673e+00 1.076670e+04 8.111246e+03 9.889270e+02 10000 11000 1.986362e-04     0 3.874900e-02 5.802743e+01 1.299700e+02 5.926414e-02 2.351357e-04 
4.347000e+02 1.497291e-02 5.770427e-02 1.414898e+00 1.076873e+04 8.124084e+03 9.889064e+02 10000 11000 1.959391e-04     0 3.875019e-02 5.805648e+01 1.299701e+02 5.926319e-02 2.375121e-04 
4.348000e+02 1.498402e-02 5.776624e-02 1.415123e+00 1.077075e+04 8.136923e+03 9.888866e+02 10000 11000 1.935187e-04     0 3.875142e-02 5.808552e+01 1.299703e+02 5.926222e-02 2.399097e-04 
4.349000e+02 1.499610e-02 5.782818e-02 1.415349e+00 1.077277e+04 8.149763e+03 9.888676e+02 10000 11000 1.913641e-04     0 3.875268e-02 5.811455e+01 1.299704e+02 5.926123e-02 2.422996e-04 
  435 1.500909e-02 5.789007e-02 1.415576e+00 1.077478e+04 8.162602e+03 9.888495e+02 10000 11000 1.894615e-04     0 3.875396e-02 5.814356e+01 1.299705e+02 5.926022e-02 2.446465e-04 
4.351000e+02 1.502307e-02 5.795193e-02 1.415803e+00 1.077679e+04 8.175443e+03 9.888321e+02 10000 11000 1.849465e-04     0 3.875528e-02 5.817256e+01 1.299707e+02 5.925919e-02 2.469572e-04 
4.352000e+02 1.503832e-02 5.801373e-02 1.416031e+00 1.077880e+04 8.188284e+03 9.888156e+02 10000 11000 1.825188e-04     0 3.875663e-02 5.820153e+01 1.299708e+02 5.925814e-02 2.493406e-04 
4.353000e+02 1.505467e-02 5.807548e-02 1.416259e+00 1.078081e+04 8.201125e+03 9.887999e+02 10000 11000 1.810545e-04     0 3.875801e-02 5.823049e+01 1.299710e+02 5.925706e-02 2.518044e-04 
4.354000e+02 1.507188e-02 5.813718e-02 1.416488e+00 1.078281e+04 8.213967e+03 9.887850e+02 10000 11000 1.801011e-04     0 3.875942e-02 5.825942e+01 1.299711e+02 5.925597e-02 2.542745e-04 
4.355000e+02 1.508975e-02 5.819881e-02 1.416717e+00 1.078481e+04 8.226809e+03 9.887709e+02 10000 11000 1.794602e-04     0 3.876085e-02 5.828833e+01 1.299712e+02 5.925485e-02 2.566513e-04 
4.356000e+02 1.510847e-02 5.826037e-02 1.416948e+00 1.078681e+04 8.239652e+03 9.887576e+02 10000 11000 1.734384e-04     0 3.876232e-02 5.831721e+01 1.299714e+02 5.925372e-02 2.589275e-04 
4.357000e+02 1.512863e-02 5.832187e-02 1.417179e+00 1.078880e+04 8.252495e+03 9.887452e+02 10000 11000 1.712522e-04     0 3.876382e-02 5.834606e+01 1.299715e+02 5.925256e-02 2.613142e-04 
4.358000e+02 1.514995e-02 5.838329e-02 1.417411e+00 1.079079e+04 8.265339e+03 9.887336e+02 10000 11000 1.706950e-04     0 3.876534e-02 5.837488e+01 1.299716e+02 5.925139e-02 2.638407e-04 
4.359000e+02 1.517201e-02 5.844464e-02 1.417643e+00 1.079278e+04 8.278183e+03 9.887227e+02 10000 11000 1.708874e-04     0 3.876690e-02 5.840367e+01 1.299717e+02 5.925019e-02 2.663884e-04 
  436 1.519452e-02 5.850590e-02 1.417877e+00 1.079477e+04 8.291027e+03 9.887127e+02 10000 11000 1.714520e-04     0 3.876848e-02 5.843242e+01 1.299719e+02 5.924898e-02 2.687949e-04 
4.361000e+02 1.521774e-02 5.856707e-02 1.418112e+00 1.079675e+04 8.303873e+03 9.887035e+02 10000 11000 1.638875e-04     0 3.877010e-02 5.846114e+01 1.299720e+02 5.924774e-02 2.710398e-04 
4.362000e+02 1.524257e-02 5.862815e-02 1.418347e+00 1.079873e+04 8.316718e+03 9.886951e+02 10000 11000 1.618973e-04     0 3.877174e-02 5.848982e+01 1.299721e+02 5.924648e-02 2.734354e-04 
4.363000e+02 1.526866e-02 5.868914e-02 1.418583e+00 1.080071e+04 8.329564e+03 9.886876e+02 10000 11000 1.622008e-04     0 3.877341e-02 5.851845e+01 1.299722e+02 5.924521e-02 2.760324e-04 
4.364000e+02 1.529538e-02 5.875003e-02 1.418821e+00 1.080268e+04 8.342411e+03 9.886808e+02 10000 11000 1.634939e-04     0 3.877511e-02 5.854705e+01 1.299723e+02 5.924391e-02 2.786671e-04 
4.365000e+02 1.532233e-02 5.881081e-02 1.419059e+00 1.080465e+04 8.355258e+03 9.886748e+02 10000 11000 1.652204e-04     0 3.877684e-02 5.857560e+01 1.299724e+02 5.924259e-02 2.811138e-04 
4.366000e+02 1.534987e-02 5.887149e-02 1.419299e+00 1.080662e+04 8.368105e+03 9.886697e+02 10000 11000 1.560062e-04     0 3.877860e-02 5.860410e+01 1.299725e+02 5.924126e-02 2.833391e-04 
4.367000e+02 1.537923e-02 5.893205e-02 1.419539e+00 1.080858e+04 8.380953e+03 9.886653e+02 10000 11000 1.541503e-04     0 3.878039e-02 5.863255e+01 1.299726e+02 5.923990e-02 2.857594e-04 
4.368000e+02 1.540995e-02 5.899250e-02 1.419781e+00 1.081054e+04 8.393802e+03 9.886618e+02 10000 11000 1.552732e-04     0 3.878220e-02 5.866096e+01 1.299728e+02 5.923853e-02 2.884467e-04 
4.369000e+02 1.544121e-02 5.905283e-02 1.420023e+00 1.081250e+04 8.406651e+03 9.886590e+02 10000 11000 1.576354e-04     0 3.878405e-02 5.868931e+01 1.299729e+02 5.923713e-02 2.911904e-04 
  437 1.547248e-02 5.911304e-02 1.420267e+00 1.081446e+04 8.419500e+03 9.886571e+02 10000 11000 1.604969e-04     0 3.878592e-02 5.871761e+01 1.299730e+02 5.923572e-02 2.936987e-04 
4.371000e+02 1.550423e-02 5.917311e-02 1.420513e+00 1.081641e+04 8.432350e+03 9.886560e+02 10000 11000 1.494530e-04     0 3.878781e-02 5.874585e+01 1.299731e+02 5.923429e-02 2.959251e-04 
4.372000e+02 1.553806e-02 5.923306e-02 1.420759e+00 1.081836e+04 8.445201e+03 9.886556e+02 10000 11000 1.476552e-04     0 3.878974e-02 5.877403e+01 1.299732e+02 5.923284e-02 2.983961e-04 
4.373000e+02 1.557337e-02 5.929287e-02 1.421006e+00 1.082030e+04 8.458052e+03 9.886561e+02 10000 11000 1.495650e-04     0 3.879170e-02 5.880216e+01 1.299733e+02 5.923137e-02 3.012057e-04 
4.374000e+02 1.560916e-02 5.935254e-02 1.421255e+00 1.082224e+04 8.470903e+03 9.886573e+02 10000 11000 1.529828e-04     0 3.879368e-02 5.883022e+01 1.299734e+02 5.922988e-02 3.040928e-04 
4.375000e+02 1.564473e-02 5.941206e-02 1.421505e+00 1.082418e+04 8.483755e+03 9.886594e+02 10000 11000 1.569732e-04     0 3.879569e-02 5.885822e+01 1.299734e+02 5.922837e-02 3.066947e-04 
4.376000e+02 1.568069e-02 5.947144e-02 1.421757e+00 1.082612e+04 8.496607e+03 9.886622e+02 10000 11000 1.438451e-04     0 3.879772e-02 5.888616e+01 1.299735e+02 5.922684e-02 3.089514e-04 
4.377000e+02 1.571903e-02 5.953066e-02 1.422010e+00 1.082805e+04 8.509460e+03 9.886658e+02 10000 11000 1.420170e-04     0 3.879978e-02 5.891402e+01 1.299736e+02 5.922529e-02 3.115088e-04 
4.378000e+02 1.575902e-02 5.958973e-02 1.422264e+00 1.082998e+04 8.522314e+03 9.886702e+02 10000 11000 1.446938e-04     0 3.880187e-02 5.894182e+01 1.299737e+02 5.922373e-02 3.144843e-04 
4.379000e+02 1.579942e-02 5.964865e-02 1.422519e+00 1.083191e+04 8.535167e+03 9.886754e+02 10000 11000 1.491764e-04     0 3.880399e-02 5.896955e+01 1.299738e+02 5.922215e-02 3.175611e-04 
  438 1.583940e-02 5.970739e-02 1.422776e+00 1.083383e+04 8.548022e+03 9.886814e+02 10000 11000 1.543157e-04     0 3.880613e-02 5.899720e+01 1.299739e+02 5.922055e-02 3.202988e-04 
4.381000e+02 1.587967e-02 5.976597e-02 1.423035e+00 1.083575e+04 8.560877e+03 9.886882e+02 10000 11000 1.387708e-04     0 3.880829e-02 5.902479e+01 1.299740e+02 5.921893e-02 3.226223e-04 
4.382000e+02 1.592269e-02 5.982437e-02 1.423295e+00 1.083766e+04 8.573732e+03 9.886957e+02 10000 11000 1.368139e-04     0 3.881049e-02 5.905229e+01 1.299741e+02 5.921729e-02 3.253106e-04 
4.383000e+02 1.596759e-02 5.988261e-02 1.423556e+00 1.083958e+04 8.586588e+03 9.887041e+02 10000 11000 1.402552e-04     0 3.881271e-02 5.907972e+01 1.299741e+02 5.921564e-02 3.285068e-04 
4.384000e+02 1.601285e-02 5.994067e-02 1.423819e+00 1.084149e+04 8.599444e+03 9.887132e+02 10000 11000 1.458389e-04     0 3.881495e-02 5.910706e+01 1.299742e+02 5.921397e-02 3.318314e-04 
4.385000e+02 1.605745e-02 5.999854e-02 1.424083e+00 1.084339e+04 8.612301e+03 9.887231e+02 10000 11000 1.521780e-04     0 3.881722e-02 5.913433e+01 1.299743e+02 5.921228e-02 3.347561e-04 
4.386000e+02 1.610227e-02 6.005622e-02 1.424350e+00 1.084529e+04 8.625159e+03 9.887337e+02 10000 11000 1.338008e-04     0 3.881951e-02 5.916151e+01 1.299744e+02 5.921057e-02 3.371899e-04 
4.387000e+02 1.615031e-02 6.011371e-02 1.424618e+00 1.084719e+04 8.638017e+03 9.887452e+02 10000 11000 1.316079e-04     0 3.882183e-02 5.918861e+01 1.299744e+02 5.920885e-02 3.400622e-04 
4.388000e+02 1.620050e-02 6.017102e-02 1.424887e+00 1.084909e+04 8.650875e+03 9.887574e+02 10000 11000 1.358316e-04     0 3.882418e-02 5.921562e+01 1.299745e+02 5.920711e-02 3.435447e-04 
4.389000e+02 1.625101e-02 6.022812e-02 1.425157e+00 1.085098e+04 8.663734e+03 9.887703e+02 10000 11000 1.425856e-04     0 3.882655e-02 5.924254e+01 1.299746e+02 5.920535e-02 3.471863e-04 
  439 1.630063e-02 6.028503e-02 1.425430e+00 1.085287e+04 8.676593e+03 9.887840e+02 10000 11000 1.502114e-04     0 3.882893e-02 5.926937e+01 1.299747e+02 5.920357e-02 3.503584e-04 
4.391000e+02 1.635041e-02 6.034172e-02 1.425705e+00 1.085476e+04 8.689453e+03 9.887985e+02 10000 11000 1.284931e-04     0 3.883135e-02 5.929611e+01 1.299747e+02 5.920178e-02 3.529521e-04 
4.392000e+02 1.640396e-02 6.039820e-02 1.425982e+00 1.085664e+04 8.702314e+03 9.888138e+02 10000 11000 1.259479e-04     0 3.883379e-02 5.932276e+01 1.299748e+02 5.919998e-02 3.560695e-04 
4.393000e+02 1.646002e-02 6.045448e-02 1.426259e+00 1.085852e+04 8.715175e+03 9.888298e+02 10000 11000 1.309967e-04     0 3.883625e-02 5.934931e+01 1.299748e+02 5.919815e-02 3.599152e-04 
4.394000e+02 1.651637e-02 6.051055e-02 1.426539e+00 1.086039e+04 8.728037e+03 9.888465e+02 10000 11000 1.390277e-04     0 3.883873e-02 5.937576e+01 1.299749e+02 5.919631e-02 3.639550e-04 
4.395000e+02 1.657157e-02 6.056639e-02 1.426820e+00 1.086226e+04 8.740899e+03 9.888640e+02 10000 11000 1.480689e-04     0 3.884124e-02 5.940212e+01 1.299750e+02 5.919446e-02 3.674444e-04 
4.396000e+02 1.662688e-02 6.062200e-02 1.427105e+00 1.086413e+04 8.753761e+03 9.888823e+02 10000 11000 1.223914e-04     0 3.884376e-02 5.942837e+01 1.299750e+02 5.919259e-02 3.702538e-04 
4.397000e+02 1.668664e-02 6.067739e-02 1.427390e+00 1.086599e+04 8.766625e+03 9.889013e+02 10000 11000 1.193665e-04     0 3.884631e-02 5.945453e+01 1.299751e+02 5.919070e-02 3.736865e-04 
4.398000e+02 1.674936e-02 6.073256e-02 1.427678e+00 1.086785e+04 8.779488e+03 9.889210e+02 10000 11000 1.253112e-04     0 3.884889e-02 5.948058e+01 1.299752e+02 5.918880e-02 3.779850e-04 
4.399000e+02 1.681236e-02 6.078750e-02 1.427967e+00 1.086971e+04 8.792352e+03 9.889415e+02 10000 11000 1.347692e-04     0 3.885148e-02 5.950652e+01 1.299752e+02 5.918688e-02 3.825179e-04 
  440 1.687390e-02 6.084219e-02 1.428258e+00 1.087156e+04 8.805217e+03 9.889627e+02 10000 11000 1.454027e-04     0 3.885409e-02 5.953236e+01 1.299753e+02 5.918495e-02 3.864053e-04 
4.401000e+02 1.693552e-02 6.089663e-02 1.428552e+00 1.087341e+04 8.818083e+03 9.889847e+02 10000 11000 1.150132e-04     0 3.885672e-02 5.955809e+01 1.299753e+02 5.918301e-02 3.894939e-04 
4.402000e+02 1.700244e-02 6.095084e-02 1.428848e+00 1.087526e+04 8.830948e+03 9.890074e+02 10000 11000 1.113656e-04     0 3.885937e-02 5.958371e+01 1.299754e+02 5.918105e-02 3.933231e-04 
4.403000e+02 1.707285e-02 6.100481e-02 1.429146e+00 1.087710e+04 8.843815e+03 9.890308e+02 10000 11000 1.183088e-04     0 3.886205e-02 5.960921e+01 1.299754e+02 5.917907e-02 3.981796e-04 
4.404000e+02 1.714355e-02 6.105852e-02 1.429445e+00 1.087893e+04 8.856682e+03 9.890549e+02 10000 11000 1.293947e-04     0 3.886474e-02 5.963461e+01 1.299755e+02 5.917709e-02 4.033177e-04 
4.405000e+02 1.721245e-02 6.111198e-02 1.429747e+00 1.088077e+04 8.869549e+03 9.890798e+02 10000 11000 1.418536e-04     0 3.886745e-02 5.965989e+01 1.299755e+02 5.917508e-02 4.076976e-04 
4.406000e+02 1.728141e-02 6.116517e-02 1.430053e+00 1.088260e+04 8.882417e+03 9.891054e+02 10000 11000 1.058276e-04     0 3.887017e-02 5.968505e+01 1.299756e+02 5.917307e-02 4.111382e-04 
4.407000e+02 1.735669e-02 6.121811e-02 1.430360e+00 1.088442e+04 8.895286e+03 9.891317e+02 10000 11000 1.013907e-04     0 3.887292e-02 5.971010e+01 1.299756e+02 5.917104e-02 4.154594e-04 
4.408000e+02 1.743613e-02 6.127079e-02 1.430669e+00 1.088625e+04 8.908155e+03 9.891587e+02 10000 11000 1.094717e-04     0 3.887568e-02 5.973502e+01 1.299757e+02 5.916900e-02 4.209999e-04 
4.409000e+02 1.751589e-02 6.132321e-02 1.430980e+00 1.088806e+04 8.921025e+03 9.891864e+02 10000 11000 1.224464e-04     0 3.887846e-02 5.975983e+01 1.299757e+02 5.916695e-02 4.268777e-04 
  441 1.759344e-02 6.137535e-02 1.431294e+00 1.088988e+04 8.933895e+03 9.892148e+02 10000 11000 1.370313e-04     0 3.888126e-02 5.978451e+01 1.299757e+02 5.916488e-02 4.318630e-04 
4.411000e+02 1.767104e-02 6.142720e-02 1.431611e+00 1.089169e+04 8.946766e+03 9.892440e+02 10000 11000 9.421792e-05     0 3.888406e-02 5.980907e+01 1.299758e+02 5.916281e-02 4.357426e-04 
4.412000e+02 1.775623e-02 6.147878e-02 1.431931e+00 1.089349e+04 8.959638e+03 9.892738e+02 10000 11000 8.879066e-05     0 3.888689e-02 5.983350e+01 1.299758e+02 5.916072e-02 4.406711e-04 
4.413000e+02 1.784641e-02 6.153010e-02 1.432252e+00 1.089530e+04 8.972510e+03 9.893043e+02 10000 11000 9.819126e-05     0 3.888974e-02 5.985781e+01 1.299759e+02 5.915862e-02 4.470495e-04 
4.414000e+02 1.793696e-02 6.158114e-02 1.432576e+00 1.089709e+04 8.985383e+03 9.893355e+02 10000 11000 1.133885e-04     0 3.889260e-02 5.988199e+01 1.299759e+02 5.915651e-02 4.538324e-04 
4.415000e+02 1.802482e-02 6.163188e-02 1.432903e+00 1.089889e+04 8.998256e+03 9.893674e+02 10000 11000 1.304826e-04     0 3.889546e-02 5.990603e+01 1.299759e+02 5.915439e-02 4.595617e-04 
4.416000e+02 1.811271e-02 6.168231e-02 1.433234e+00 1.090068e+04 9.011130e+03 9.894000e+02 10000 11000 7.942761e-05     0 3.889834e-02 5.992995e+01 1.299760e+02 5.915226e-02 4.639864e-04 
4.417000e+02 1.820979e-02 6.173247e-02 1.433567e+00 1.090246e+04 9.024004e+03 9.894333e+02 10000 11000 7.275756e-05     0 3.890124e-02 5.995373e+01 1.299760e+02 5.915011e-02 4.696656e-04 
4.418000e+02 1.831288e-02 6.178234e-02 1.433902e+00 1.090424e+04 9.036879e+03 9.894672e+02 10000 11000 8.371040e-05     0 3.890415e-02 5.997739e+01 1.299760e+02 5.914796e-02 4.770751e-04 
4.419000e+02 1.841641e-02 6.183192e-02 1.434240e+00 1.090602e+04 9.049755e+03 9.895019e+02 10000 11000 1.015557e-04     0 3.890707e-02 6.000090e+01 1.299761e+02 5.914580e-02 4.849712e-04 
  442 1.851667e-02 6.188119e-02 1.434581e+00 1.090779e+04 9.062631e+03 9.895372e+02 10000 11000 1.216468e-04     0 3.890999e-02 6.002428e+01 1.299761e+02 5.914363e-02 4.916194e-04 
4.421000e+02 1.861698e-02 6.193013e-02 1.434928e+00 1.090956e+04 9.075508e+03 9.895731e+02 10000 11000 6.047974e-05     0 3.891292e-02 6.004752e+01 1.299761e+02 5.914145e-02 4.967236e-04 
4.422000e+02 1.872845e-02 6.197877e-02 1.435276e+00 1.091132e+04 9.088385e+03 9.896097e+02 10000 11000 5.223919e-05     0 3.891587e-02 6.007062e+01 1.299762e+02 5.913926e-02 5.033370e-04 
4.423000e+02 1.884723e-02 6.202713e-02 1.435627e+00 1.091308e+04 9.101263e+03 9.896470e+02 10000 11000 6.503992e-05     0 3.891884e-02 6.009358e+01 1.299762e+02 5.913707e-02 5.120261e-04 
4.424000e+02 1.896655e-02 6.207518e-02 1.435980e+00 1.091483e+04 9.114142e+03 9.896849e+02 10000 11000 8.607700e-05     0 3.892180e-02 6.011640e+01 1.299762e+02 5.913486e-02 5.213042e-04 
4.425000e+02 1.908190e-02 6.212290e-02 1.436338e+00 1.091658e+04 9.127021e+03 9.897235e+02 10000 11000 1.097890e-04     0 3.892477e-02 6.013907e+01 1.299763e+02 5.913265e-02 5.290977e-04 
4.426000e+02 1.919733e-02 6.217027e-02 1.436701e+00 1.091833e+04 9.139901e+03 9.897627e+02 10000 11000 3.605860e-05     0 3.892773e-02 6.016160e+01 1.299763e+02 5.913044e-02 5.350569e-04 
4.427000e+02 1.932644e-02 6.221734e-02 1.437067e+00 1.092007e+04 9.152782e+03 9.898026e+02 10000 11000 2.580909e-05     0 3.893071e-02 6.018398e+01 1.299763e+02 5.912822e-02 5.428458e-04 
4.428000e+02 1.946451e-02 6.226411e-02 1.437435e+00 1.092180e+04 9.165663e+03 9.898431e+02 10000 11000 4.083376e-05     0 3.893371e-02 6.020622e+01 1.299763e+02 5.912599e-02 5.531425e-04 
4.429000e+02 1.960326e-02 6.231056e-02 1.437806e+00 1.092353e+04 9.178545e+03 9.898843e+02 10000 11000 6.576353e-05     0 3.893670e-02 6.022830e+01 1.299764e+02 5.912376e-02 5.641581e-04 
  443 1.973716e-02 6.235666e-02 1.438183e+00 1.092526e+04 9.191427e+03 9.899260e+02 10000 11000 9.390240e-05     0 3.893968e-02 6.025024e+01 1.299764e+02 5.912152e-02 5.733980e-04 
4.431000e+02 1.987123e-02 6.240239e-02 1.438565e+00 1.092698e+04 9.204310e+03 9.899684e+02 10000 11000 4.329691e-06     0 3.894265e-02 6.027203e+01 1.299764e+02 5.911929e-02 5.804480e-04 
4.432000e+02 2.002220e-02 6.244781e-02 1.438951e+00 1.092870e+04 9.217194e+03 9.900114e+02 10000 11000 -8.531873e-06     0 3.894564e-02 6.029366e+01 1.299764e+02 5.911704e-02 5.897382e-04 
4.433000e+02 2.018427e-02 6.249293e-02 1.439338e+00 1.093041e+04 9.230078e+03 9.900551e+02 10000 11000 9.198517e-06     0 3.894864e-02 6.031514e+01 1.299765e+02 5.911479e-02 6.020860e-04 
4.434000e+02 2.034721e-02 6.253771e-02 1.439730e+00 1.093211e+04 9.242963e+03 9.900993e+02 10000 11000 3.893655e-05     0 3.895163e-02 6.033647e+01 1.299765e+02 5.911254e-02 6.153213e-04 
4.435000e+02 2.050423e-02 6.258212e-02 1.440127e+00 1.093381e+04 9.255849e+03 9.901442e+02 10000 11000 7.255903e-05     0 3.895460e-02 6.035763e+01 1.299765e+02 5.911029e-02 6.264182e-04 
4.436000e+02 2.066156e-02 6.262615e-02 1.440532e+00 1.093551e+04 9.268736e+03 9.901896e+02 10000 11000 -3.734345e-05     0 3.895756e-02 6.037865e+01 1.299765e+02 5.910805e-02 6.348847e-04 
4.437000e+02 2.084002e-02 6.266986e-02 1.440940e+00 1.093720e+04 9.281623e+03 9.902357e+02 10000 11000 -5.366914e-05     0 3.896053e-02 6.039950e+01 1.299766e+02 5.910580e-02 6.461285e-04 
4.438000e+02 2.103238e-02 6.271326e-02 1.441350e+00 1.093889e+04 9.294511e+03 9.902823e+02 10000 11000 -3.260853e-05     0 3.896350e-02 6.042020e+01 1.299766e+02 5.910354e-02 6.611428e-04 
4.439000e+02 2.122591e-02 6.275631e-02 1.441764e+00 1.094057e+04 9.307399e+03 9.903295e+02 10000 11000 3.154529e-06     0 3.896646e-02 6.044073e+01 1.299766e+02 5.910128e-02 6.772685e-04 
  444 2.141213e-02 6.279898e-02 1.442186e+00 1.094224e+04 9.320289e+03 9.903774e+02 10000 11000 4.367140e-05     0 3.896938e-02 6.046110e+01 1.299766e+02 5.909904e-02 6.907977e-04 
4.441000e+02 2.159894e-02 6.284123e-02 1.442616e+00 1.094391e+04 9.333178e+03 9.904258e+02 10000 11000 -9.286210e-05     0 3.897228e-02 6.048131e+01 1.299766e+02 5.909681e-02 7.011433e-04 
4.442000e+02 2.181251e-02 6.288316e-02 1.443049e+00 1.094557e+04 9.346069e+03 9.904747e+02 10000 11000 -1.138905e-04     0 3.897519e-02 6.050136e+01 1.299767e+02 5.909456e-02 7.149858e-04 
4.443000e+02 2.204375e-02 6.292478e-02 1.443486e+00 1.094723e+04 9.358961e+03 9.905243e+02 10000 11000 -8.867766e-05     0 3.897810e-02 6.052124e+01 1.299767e+02 5.909232e-02 7.335450e-04 
4.444000e+02 2.227660e-02 6.296605e-02 1.443927e+00 1.094888e+04 9.371853e+03 9.905744e+02 10000 11000 -4.523818e-05     0 3.898098e-02 6.054096e+01 1.299767e+02 5.909008e-02 7.535208e-04 
4.445000e+02 2.250038e-02 6.300691e-02 1.444376e+00 1.095053e+04 9.384745e+03 9.906250e+02 10000 11000 4.098364e-06     0 3.898381e-02 6.056051e+01 1.299767e+02 5.908787e-02 7.703112e-04 
4.446000e+02 2.272522e-02 6.304733e-02 1.444836e+00 1.095217e+04 9.397639e+03 9.906763e+02 10000 11000 -1.681826e-04     0 3.898660e-02 6.057989e+01 1.299768e+02 5.908566e-02 7.832131e-04 
4.447000e+02 2.298453e-02 6.308742e-02 1.445300e+00 1.095381e+04 9.410533e+03 9.907280e+02 10000 11000 -1.957721e-04     0 3.898939e-02 6.059910e+01 1.299768e+02 5.908345e-02 8.006036e-04 
4.448000e+02 2.326668e-02 6.312721e-02 1.445766e+00 1.095544e+04 9.423429e+03 9.907803e+02 10000 11000 -1.653053e-04     0 3.899218e-02 6.061814e+01 1.299768e+02 5.908125e-02 8.240010e-04 
4.449000e+02 2.355113e-02 6.316665e-02 1.446238e+00 1.095706e+04 9.436324e+03 9.908332e+02 10000 11000 -1.118914e-04     0 3.899493e-02 6.063701e+01 1.299768e+02 5.907905e-02 8.492441e-04 
  445 2.382419e-02 6.320565e-02 1.446721e+00 1.095867e+04 9.449221e+03 9.908866e+02 10000 11000 -5.103842e-05     0 3.899760e-02 6.065571e+01 1.299769e+02 5.907689e-02 8.705302e-04 
4.451000e+02 2.409916e-02 6.324416e-02 1.447215e+00 1.096028e+04 9.462119e+03 9.909405e+02 10000 11000 -2.727310e-04     0 3.900020e-02 6.067424e+01 1.299769e+02 5.907475e-02 8.870141e-04 
4.452000e+02 2.441944e-02 6.328236e-02 1.447715e+00 1.096189e+04 9.475017e+03 9.909949e+02 10000 11000 -3.097765e-04     0 3.900281e-02 6.069260e+01 1.299769e+02 5.907260e-02 9.094002e-04 
4.453000e+02 2.476990e-02 6.332029e-02 1.448217e+00 1.096349e+04 9.487916e+03 9.910499e+02 10000 11000 -2.725475e-04     0 3.900541e-02 6.071078e+01 1.299770e+02 5.907046e-02 9.396110e-04 
4.454000e+02 2.512374e-02 6.335786e-02 1.448726e+00 1.096508e+04 9.500816e+03 9.911054e+02 10000 11000 -2.058645e-04     0 3.900794e-02 6.072878e+01 1.299770e+02 5.906834e-02 9.722939e-04 
4.455000e+02 2.546312e-02 6.339493e-02 1.449247e+00 1.096666e+04 9.513717e+03 9.911613e+02 10000 11000 -1.295987e-04     0 3.901035e-02 6.074661e+01 1.299770e+02 5.906626e-02 9.999849e-04 
4.456000e+02 2.580588e-02 6.343149e-02 1.449784e+00 1.096824e+04 9.526618e+03 9.912178e+02 10000 11000 -4.220806e-04     0 3.901267e-02 6.076426e+01 1.299771e+02 5.906422e-02 1.021667e-03 
4.457000e+02 2.620980e-02 6.346775e-02 1.450325e+00 1.096981e+04 9.539521e+03 9.912748e+02 10000 11000 -4.732976e-04     0 3.901499e-02 6.078174e+01 1.299771e+02 5.906218e-02 1.051352e-03 
4.458000e+02 2.665467e-02 6.350377e-02 1.450870e+00 1.097137e+04 9.552424e+03 9.913322e+02 10000 11000 -4.271939e-04     0 3.901729e-02 6.079903e+01 1.299771e+02 5.906013e-02 1.091528e-03 
4.459000e+02 2.710471e-02 6.353945e-02 1.451423e+00 1.097293e+04 9.565328e+03 9.913901e+02 10000 11000 -3.423456e-04     0 3.901948e-02 6.081615e+01 1.299772e+02 5.905813e-02 1.135133e-03 
  446 2.753609e-02 6.357458e-02 1.451991e+00 1.097447e+04 9.578233e+03 9.914485e+02 10000 11000 -2.448216e-04     0 3.902150e-02 6.083309e+01 1.299772e+02 5.905619e-02 1.172319e-03 
4.461000e+02 2.797357e-02 6.360911e-02 1.452579e+00 1.097601e+04 9.591139e+03 9.915074e+02 10000 11000 -6.433657e-04     0 3.902337e-02 6.084984e+01 1.299773e+02 5.905432e-02 1.201874e-03 
4.462000e+02 2.849638e-02 6.364339e-02 1.453172e+00 1.097755e+04 9.604046e+03 9.915668e+02 10000 11000 -7.168754e-04     0 3.902524e-02 6.086642e+01 1.299773e+02 5.905241e-02 1.242717e-03 
4.463000e+02 2.907667e-02 6.367752e-02 1.453768e+00 1.097907e+04 9.616954e+03 9.916266e+02 10000 11000 -6.588618e-04     0 3.902707e-02 6.088282e+01 1.299774e+02 5.905052e-02 1.298165e-03 
4.464000e+02 2.966523e-02 6.371131e-02 1.454373e+00 1.098059e+04 9.629862e+03 9.916868e+02 10000 11000 -5.482418e-04     0 3.902874e-02 6.089903e+01 1.299774e+02 5.904868e-02 1.358589e-03 
4.465000e+02 3.022925e-02 6.374448e-02 1.454999e+00 1.098210e+04 9.642772e+03 9.917475e+02 10000 11000 -4.202733e-04     0 3.903016e-02 6.091506e+01 1.299775e+02 5.904695e-02 1.410563e-03 
4.466000e+02 3.080458e-02 6.377694e-02 1.455650e+00 1.098360e+04 9.655683e+03 9.918086e+02 10000 11000 -9.871730e-04     0 3.903134e-02 6.093090e+01 1.299776e+02 5.904531e-02 1.452682e-03 
4.467000e+02 3.150428e-02 6.380924e-02 1.456306e+00 1.098509e+04 9.668594e+03 9.918701e+02 10000 11000 -1.097987e-03     0 3.903249e-02 6.094657e+01 1.299776e+02 5.904361e-02 1.511589e-03 
4.468000e+02 3.228842e-02 6.384154e-02 1.456965e+00 1.098657e+04 9.681507e+03 9.919321e+02 10000 11000 -1.023591e-03     0 3.903362e-02 6.096204e+01 1.299777e+02 5.904191e-02 1.591872e-03 
4.469000e+02 3.308648e-02 6.387356e-02 1.457635e+00 1.098805e+04 9.694421e+03 9.919945e+02 10000 11000 -8.746980e-04     0 3.903448e-02 6.097734e+01 1.299778e+02 5.904029e-02 1.679825e-03 
  447 3.385139e-02 6.390481e-02 1.458332e+00 1.098951e+04 9.707336e+03 9.920572e+02 10000 11000 -7.009676e-04     0 3.903494e-02 6.099245e+01 1.299779e+02 5.903886e-02 1.756322e-03 
4.471000e+02 3.463837e-02 6.393519e-02 1.459062e+00 1.099097e+04 9.720252e+03 9.921204e+02 10000 11000 -1.556616e-03     0 3.903500e-02 6.100737e+01 1.299780e+02 5.903754e-02 1.819894e-03 
4.472000e+02 3.561788e-02 6.396560e-02 1.459797e+00 1.099242e+04 9.733169e+03 9.921839e+02 10000 11000 -1.735193e-03     0 3.903504e-02 6.102211e+01 1.299781e+02 5.903609e-02 1.910311e-03 
4.473000e+02 3.672932e-02 6.399636e-02 1.460532e+00 1.099385e+04 9.746087e+03 9.922478e+02 10000 11000 -1.637699e-03     0 3.903505e-02 6.103667e+01 1.299782e+02 5.903459e-02 2.034283e-03 
4.474000e+02 3.786582e-02 6.402696e-02 1.461280e+00 1.099528e+04 9.759006e+03 9.923121e+02 10000 11000 -1.428402e-03     0 3.903464e-02 6.105103e+01 1.299783e+02 5.903322e-02 2.171085e-03 
4.475000e+02 3.895601e-02 6.405656e-02 1.462067e+00 1.099669e+04 9.771926e+03 9.923767e+02 10000 11000 -1.181278e-03     0 3.903353e-02 6.106522e+01 1.299785e+02 5.903215e-02 2.291770e-03 
4.476000e+02 4.009276e-02 6.408497e-02 1.462898e+00 1.099810e+04 9.784848e+03 9.924417e+02 10000 11000 -2.589595e-03     0 3.903174e-02 6.107922e+01 1.299786e+02 5.903125e-02 2.395442e-03 
4.477000e+02 4.155478e-02 6.411397e-02 1.463732e+00 1.099949e+04 9.797771e+03 9.925070e+02 10000 11000 -2.906292e-03     0 3.902995e-02 6.109303e+01 1.299788e+02 5.902994e-02 2.546804e-03 
4.478000e+02 4.324224e-02 6.414416e-02 1.464556e+00 1.100087e+04 9.810695e+03 9.925725e+02 10000 11000 -2.775762e-03     0 3.902821e-02 6.110666e+01 1.299790e+02 5.902843e-02 2.756515e-03 
4.479000e+02 4.497929e-02 6.417459e-02 1.465396e+00 1.100224e+04 9.823621e+03 9.926384e+02 10000 11000 -2.462591e-03     0 3.902578e-02 6.112011e+01 1.299792e+02 5.902708e-02 2.990369e-03 
  448 4.664841e-02 6.420358e-02 1.466293e+00 1.100359e+04 9.836548e+03 9.927045e+02 10000 11000 -2.086417e-03     0 3.902206e-02 6.113337e+01 1.299794e+02 5.902628e-02 3.200482e-03 
4.481000e+02 4.842994e-02 6.423083e-02 1.467255e+00 1.100493e+04 9.849476e+03 9.927709e+02 10000 11000 -4.747296e-03     0 3.901702e-02 6.114645e+01 1.299796e+02 5.902559e-02 3.389514e-03 
4.482000e+02 5.084275e-02 6.426045e-02 1.468201e+00 1.100626e+04 9.862406e+03 9.928375e+02 10000 11000 -5.399501e-03     0 3.901226e-02 6.115935e+01 1.299799e+02 5.902348e-02 3.678450e-03 
4.483000e+02 5.369927e-02 6.429403e-02 1.469112e+00 1.100758e+04 9.875337e+03 9.929043e+02 10000 11000 -5.224043e-03     0 3.900803e-02 6.117208e+01 1.299802e+02 5.902045e-02 4.086747e-03 
4.484000e+02 5.666933e-02 6.432944e-02 1.470036e+00 1.100888e+04 9.888270e+03 9.929712e+02 10000 11000 -4.707012e-03     0 3.900271e-02 6.118463e+01 1.299806e+02 5.901741e-02 4.549515e-03 
4.485000e+02 5.953209e-02 6.436262e-02 1.471051e+00 1.101016e+04 9.901204e+03 9.930383e+02 10000 11000 -4.069130e-03     0 3.899482e-02 6.119701e+01 1.299810e+02 5.901541e-02 4.975475e-03 
4.486000e+02 6.274546e-02 6.439339e-02 1.472161e+00 1.101143e+04 9.914140e+03 9.931054e+02 10000 11000 -1.056207e-02     0 3.898409e-02 6.120922e+01 1.299814e+02 5.901247e-02 5.388705e-03 
4.487000e+02 6.754178e-02 6.443546e-02 1.473169e+00 1.101267e+04 9.927078e+03 9.931726e+02 10000 11000 -1.232276e-02     0 3.897576e-02 6.122126e+01 1.299820e+02 5.900250e-02 6.083335e-03 
4.488000e+02 7.347062e-02 6.449524e-02 1.474028e+00 1.101390e+04 9.940018e+03 9.932396e+02 10000 11000 -1.211963e-02     0 3.897162e-02 6.123315e+01 1.299826e+02 5.898659e-02 7.106077e-03 
4.489000e+02 7.973774e-02 6.456689e-02 1.474859e+00 1.101511e+04 9.952960e+03 9.933065e+02 10000 11000 -1.109503e-02     0 3.896748e-02 6.124490e+01 1.299833e+02 5.896800e-02 8.297814e-03 
  449 8.581134e-02 6.463652e-02 1.475855e+00 1.101630e+04 9.965903e+03 9.933730e+02 10000 11000 -9.770042e-03     0 3.895851e-02 6.125651e+01 1.299841e+02 5.895101e-02 9.432264e-03 
4.491000e+02 9.398969e-02 6.471588e-02 1.476898e+00 1.101746e+04 9.978850e+03 9.934391e+02 10000 11000 -4.038579e-02     0 3.893658e-02 6.126801e+01 1.299851e+02 5.891423e-02 1.077619e-02 
4.492000e+02 1.098130e-01 6.491792e-02 1.477016e+00 1.101860e+04 9.991798e+03 9.935044e+02 10000 11000 -4.970346e-02     0 3.896533e-02 6.127940e+01 1.299863e+02 5.879130e-02 1.374044e-02 
4.493000e+02 1.312580e-01 6.532541e-02 1.475979e+00 1.101971e+04 1.000475e+04 9.935685e+02 10000 11000 -5.013910e-02     0 3.905283e-02 6.129075e+01 1.299878e+02 5.856154e-02 1.855801e-02 
4.494000e+02 1.546566e-01 6.593506e-02 1.474375e+00 1.102078e+04 1.001770e+04 9.936302e+02 10000 11000 -4.679175e-02     0 3.921129e-02 6.130213e+01 1.299897e+02 5.824215e-02 2.447612e-02 
4.495000e+02 1.775561e-01 6.664422e-02 1.473151e+00 1.102181e+04 1.003066e+04 9.936885e+02 15000 12000 -4.200239e-02     0 3.944123e-02 6.131367e+01 1.299921e+02 5.788623e-02 3.039814e-02 
4.496000e+02 1.940584e-01 6.715783e-02 1.473814e+00 1.102280e+04 1.004362e+04 9.937420e+02 15000 12000 2.337001e-02     0 3.960917e-02 6.132556e+01 1.299952e+02 5.771290e-02 3.441416e-02 
4.497000e+02 1.933428e-01 6.680841e-02 1.479091e+00 1.102374e+04 1.005659e+04 9.937902e+02 15000 12000 4.839673e-02     0 3.938617e-02 6.133782e+01 1.299990e+02 5.808186e-02 3.289762e-02 
4.498000e+02 1.796320e-01 6.536222e-02 1.489865e+00 1.102464e+04 1.006956e+04 9.938336e+02 15000 12000 5.619473e-02     0 3.836064e-02 6.135041e+01 1.300042e+02 5.867442e-02 2.496031e-02 
4.499000e+02 1.602745e-01 6.326263e-02 1.505077e+00 1.102548e+04 1.008253e+04 9.938734e+02 15000 12000 5.637821e-02     0 3.685154e-02 6.136327e+01 1.300113e+02 5.914839e-02 1.208398e-02 
  450 1.402349e-01 6.121976e-02 1.522598e+00 1.102628e+04 1.009551e+04 9.939106e+02 15000 12000 5.340916e-02     0 3.597310e-02 6.137623e+01 1.300197e+02 5.947181e-02 -3.188564e-03 
4.501000e+02 1.213825e-01 5.970382e-02 1.540030e+00 1.102703e+04 1.010849e+04 9.939458e+02 15000 12000 5.424598e-02     0 3.596232e-02 6.138926e+01 1.300277e+02 5.969053e-02 -1.827138e-02 
4.502000e+02 1.032527e-01 5.882759e-02 1.555383e+00 1.102774e+04 1.012147e+04 9.939797e+02 15000 12000 5.179282e-02     0 3.661460e-02 6.140230e+01 1.300338e+02 5.976142e-02 -3.122482e-02 
4.503000e+02 8.563433e-02 5.850362e-02 1.567203e+00 1.102840e+04 1.013446e+04 9.940129e+02 15000 12000 4.820509e-02     0 3.744305e-02 6.141530e+01 1.300374e+02 5.962872e-02 -4.069919e-02 
4.504000e+02 6.829384e-02 5.860440e-02 1.574688e+00 1.102902e+04 1.014745e+04 9.940456e+02 15000 12000 4.424533e-02     0 3.806120e-02 6.142822e+01 1.300394e+02 5.932838e-02 -4.602866e-02 
4.505000e+02 5.100297e-02 5.903591e-02 1.577708e+00 1.102960e+04 1.016044e+04 9.940779e+02 15000 12000 4.015489e-02     0 3.831333e-02 6.144106e+01 1.300411e+02 5.898773e-02 -4.722937e-02 
4.506000e+02 3.343952e-02 5.973015e-02 1.576746e+00 1.103014e+04 1.017343e+04 9.941096e+02 15000 12000 4.139276e-02     0 3.823234e-02 6.145383e+01 1.300439e+02 5.874463e-02 -4.494682e-02 
4.507000e+02 1.640094e-02 6.061770e-02 1.572804e+00 1.103066e+04 1.018643e+04 9.941409e+02 15000 12000 3.915302e-02     0 3.796762e-02 6.146653e+01 1.300483e+02 5.868504e-02 -4.036350e-02 
4.508000e+02 -1.535275e-02 6.160987e-02 1.566948e+00 1.103116e+04 1.019942e+04 9.941721e+02 15000 12000 3.434776e-02     0 3.765990e-02 6.147915e+01 1.300544e+02 5.886683e-02 -3.460718e-02 
4.509000e+02 -3.257786e-02 6.259058e-02 1.560066e+00 1.103165e+04 1.021242e+04 9.942040e+02 15000 12000 2.909236e-02     0 3.734646e-02 6.149161e+01 1.300614e+02 5.925578e-02 -2.852549e-02 
  451 -5.097826e-02 6.345156e-02 1.552848e+00 1.103214e+04 1.022542e+04 9.942375e+02 15000 12000 2.433152e-02     0 3.701401e-02 6.150382e+01 1.300684e+02 5.973955e-02 -2.272436e-02 
4.511000e+02 -6.784345e-02 6.413425e-02 1.545803e+00 1.103263e+04 1.023841e+04 9.942736e+02 15000 12000 1.770639e-02     0 3.668337e-02 6.151569e+01 1.300748e+02 6.020735e-02 -1.760916e-02 
4.512000e+02 -8.218581e-02 6.463062e-02 1.539201e+00 1.103314e+04 1.025141e+04 9.943129e+02 15000 12000 1.288809e-02     0 3.639569e-02 6.152714e+01 1.300803e+02 6.059268e-02 -1.331542e-02 
4.513000e+02 -9.393708e-02 6.496932e-02 1.533188e+00 1.103367e+04 1.026441e+04 9.943559e+02 15000 12000 9.138420e-03     0 3.618745e-02 6.153812e+01 1.300847e+02 6.086334e-02 -9.889292e-03 
4.514000e+02 -1.033413e-01 6.519514e-02 1.527824e+00 1.103423e+04 1.027741e+04 9.944028e+02 15000 12000 6.159931e-03     0 3.607481e-02 6.154861e+01 1.300879e+02 6.101973e-02 -7.315405e-03 
4.515000e+02 -1.107024e-01 6.535075e-02 1.523097e+00 1.103482e+04 1.029040e+04 9.944535e+02 15000 12000 3.798553e-03     0 3.604932e-02 6.155860e+01 1.300902e+02 6.107995e-02 -5.519023e-03 
4.516000e+02 -1.161225e-01 6.546534e-02 1.518910e+00 1.103544e+04 1.030339e+04 9.945078e+02 15000 12000 -6.557544e-04     0 3.608873e-02 6.156811e+01 1.300917e+02 6.106905e-02 -4.341862e-03 
4.517000e+02 -1.194306e-01 6.554845e-02 1.515068e+00 1.103610e+04 1.031639e+04 9.945655e+02 15000 12000 -2.944925e-03     0 3.616807e-02 6.157716e+01 1.300925e+02 6.101251e-02 -3.512306e-03 
4.518000e+02 -1.210861e-01 6.560719e-02 1.511424e+00 1.103679e+04 1.032938e+04 9.946262e+02 15000 12000 -4.147685e-03     0 3.627269e-02 6.158577e+01 1.300927e+02 6.093002e-02 -2.857729e-03 
4.519000e+02 -1.216518e-01 6.564989e-02 1.507906e+00 1.103752e+04 1.034237e+04 9.946898e+02 15000 12000 -4.749938e-03     0 3.639433e-02 6.159398e+01 1.300925e+02 6.083565e-02 -2.304129e-03 
  452 -1.215600e-01 6.568409e-02 1.504493e+00 1.103830e+04 1.035535e+04 9.947559e+02 15000 12000 -5.006331e-03     0 3.652458e-02 6.160181e+01 1.300919e+02 6.073771e-02 -1.833468e-03 
4.521000e+02 -1.209737e-01 6.571399e-02 1.501174e+00 1.103911e+04 1.036834e+04 9.948243e+02 15000 12000 -6.627168e-03     0 3.665572e-02 6.160927e+01 1.300910e+02 6.064064e-02 -1.430413e-03 
4.522000e+02 -1.197861e-01 6.573788e-02 1.497908e+00 1.103995e+04 1.038132e+04 9.948948e+02 15000 12000 -7.092458e-03     0 3.678214e-02 6.161638e+01 1.300899e+02 6.054698e-02 -1.032737e-03 
4.523000e+02 -1.182034e-01 6.575762e-02 1.494691e+00 1.104084e+04 1.039430e+04 9.949674e+02 15000 12000 -7.055271e-03     0 3.690339e-02 6.162316e+01 1.300884e+02 6.045795e-02 -6.350923e-04 
4.524000e+02 -1.164628e-01 6.577811e-02 1.491551e+00 1.104176e+04 1.040727e+04 9.950417e+02 15000 12000 -6.795122e-03     0 3.702131e-02 6.162961e+01 1.300868e+02 6.037395e-02 -2.738170e-04 
4.525000e+02 -1.147172e-01 6.580409e-02 1.488526e+00 1.104273e+04 1.042024e+04 9.951177e+02 15000 12000 -6.443921e-03     0 3.713626e-02 6.163575e+01 1.300849e+02 6.029462e-02 5.925483e-06 
4.526000e+02 -1.129375e-01 6.583713e-02 1.485638e+00 1.104372e+04 1.043321e+04 9.951953e+02 15000 12000 -7.394960e-03     0 3.724725e-02 6.164158e+01 1.300829e+02 6.021918e-02 1.890100e-04 
4.527000e+02 -1.109124e-01 6.587339e-02 1.482855e+00 1.104476e+04 1.044618e+04 9.952744e+02 15000 12000 -7.463870e-03     0 3.735307e-02 6.164711e+01 1.300806e+02 6.014710e-02 3.243247e-04 
4.528000e+02 -1.087358e-01 6.591120e-02 1.480162e+00 1.104583e+04 1.045914e+04 9.953548e+02 15000 12000 -7.174915e-03     0 3.745496e-02 6.165235e+01 1.300783e+02 6.007833e-02 4.281318e-04 
4.529000e+02 -1.065589e-01 6.595096e-02 1.477564e+00 1.104693e+04 1.047210e+04 9.954365e+02 15000 12000 -6.744928e-03     0 3.755474e-02 6.165730e+01 1.300757e+02 6.001264e-02 4.890316e-04 
  453 -1.044830e-01 6.599323e-02 1.475074e+00 1.104807e+04 1.048506e+04 9.955194e+02 15000 12000 -6.272874e-03     0 3.765275e-02 6.166196e+01 1.300731e+02 5.994942e-02 4.894811e-04 
4.531000e+02 -1.024703e-01 6.603682e-02 1.472687e+00 1.104925e+04 1.049802e+04 9.956035e+02 15000 12000 -6.911119e-03     0 3.774830e-02 6.166634e+01 1.300703e+02 5.988792e-02 4.339783e-04 
4.532000e+02 -1.003384e-01 6.607724e-02 1.470365e+00 1.105045e+04 1.051097e+04 9.956887e+02 15000 12000 -6.838934e-03     0 3.784063e-02 6.167044e+01 1.300675e+02 5.982779e-02 3.749528e-04 
4.533000e+02 -9.816058e-02 6.611246e-02 1.468087e+00 1.105169e+04 1.052391e+04 9.957748e+02 15000 12000 -6.490281e-03     0 3.793044e-02 6.167425e+01 1.300645e+02 5.976913e-02 3.316769e-04 
4.534000e+02 -9.605735e-02 6.614275e-02 1.465853e+00 1.105296e+04 1.053686e+04 9.958620e+02 15000 12000 -6.044009e-03     0 3.801867e-02 6.167780e+01 1.300615e+02 5.971195e-02 2.947543e-04 
4.535000e+02 -9.410605e-02 6.616906e-02 1.463675e+00 1.105426e+04 1.054980e+04 9.959500e+02 15000 12000 -5.580940e-03     0 3.810520e-02 6.168107e+01 1.300584e+02 5.965601e-02 2.451820e-04 
4.536000e+02 -9.226648e-02 6.619145e-02 1.461556e+00 1.105559e+04 1.056274e+04 9.960388e+02 15000 12000 -6.062662e-03     0 3.818929e-02 6.168407e+01 1.300552e+02 5.960108e-02 1.794104e-04 
4.537000e+02 -9.037629e-02 6.620772e-02 1.459470e+00 1.105695e+04 1.057567e+04 9.961284e+02 15000 12000 -5.964588e-03     0 3.827009e-02 6.168681e+01 1.300520e+02 5.954725e-02 1.325706e-04 
4.538000e+02 -8.848620e-02 6.621748e-02 1.457406e+00 1.105834e+04 1.058860e+04 9.962187e+02 15000 12000 -5.647173e-03     0 3.834785e-02 6.168928e+01 1.300488e+02 5.949489e-02 1.121463e-04 
4.539000e+02 -8.668640e-02 6.622198e-02 1.455373e+00 1.105976e+04 1.060153e+04 9.963095e+02 15000 12000 -5.257419e-03     0 3.842308e-02 6.169150e+01 1.300455e+02 5.944426e-02 1.027453e-04 
  454 -8.503213e-02 6.622285e-02 1.453386e+00 1.106120e+04 1.061445e+04 9.964009e+02 15000 12000 -4.860425e-03     0 3.849560e-02 6.169346e+01 1.300423e+02 5.939539e-02 8.265296e-05 
4.541000e+02 -8.347756e-02 6.622074e-02 1.451451e+00 1.106267e+04 1.062737e+04 9.964928e+02 15000 12000 -5.316192e-03     0 3.856481e-02 6.169517e+01 1.300390e+02 5.934830e-02 4.587391e-05 
4.542000e+02 -8.187099e-02 6.621427e-02 1.449546e+00 1.106417e+04 1.064029e+04 9.965851e+02 15000 12000 -5.251183e-03     0 3.863004e-02 6.169664e+01 1.300358e+02 5.930313e-02 2.257730e-05 
4.543000e+02 -8.025467e-02 6.620339e-02 1.447663e+00 1.106569e+04 1.065320e+04 9.966778e+02 15000 12000 -4.987816e-03     0 3.869155e-02 6.169786e+01 1.300326e+02 5.926019e-02 1.912875e-05 
4.544000e+02 -7.870824e-02 6.618924e-02 1.445810e+00 1.106724e+04 1.066611e+04 9.967707e+02 15000 12000 -4.657311e-03     0 3.874987e-02 6.169885e+01 1.300294e+02 5.921964e-02 2.200057e-05 
4.545000e+02 -7.728126e-02 6.617319e-02 1.443999e+00 1.106882e+04 1.067902e+04 9.968638e+02 15000 12000 -4.317764e-03     0 3.880502e-02 6.169960e+01 1.300263e+02 5.918143e-02 1.233656e-05 
4.546000e+02 -7.593278e-02 6.615579e-02 1.442236e+00 1.107042e+04 1.069192e+04 9.969571e+02 15000 12000 -4.751428e-03     0 3.885665e-02 6.170013e+01 1.300232e+02 5.914546e-02 -1.434553e-05 
4.547000e+02 -7.452641e-02 6.613583e-02 1.440501e+00 1.107204e+04 1.070482e+04 9.970505e+02 15000 12000 -4.708388e-03     0 3.890438e-02 6.170042e+01 1.300202e+02 5.911173e-02 -2.976469e-05 
4.548000e+02 -7.310210e-02 6.611323e-02 1.438785e+00 1.107368e+04 1.071772e+04 9.971439e+02 15000 12000 -4.482339e-03     0 3.894854e-02 6.170050e+01 1.300173e+02 5.908038e-02 -2.750587e-05 
4.549000e+02 -7.173366e-02 6.608890e-02 1.437095e+00 1.107535e+04 1.073061e+04 9.972374e+02 15000 12000 -4.193014e-03     0 3.898974e-02 6.170036e+01 1.300145e+02 5.905140e-02 -1.950795e-05 
  455 -7.046746e-02 6.606391e-02 1.435443e+00 1.107704e+04 1.074350e+04 9.973308e+02 15000 12000 -3.893596e-03     0 3.902813e-02 6.170000e+01 1.300117e+02 5.902465e-02 -2.279696e-05 
4.551000e+02 -6.926751e-02 6.603867e-02 1.433834e+00 1.107875e+04 1.075639e+04 9.974242e+02 15000 12000 -4.295377e-03     0 3.906352e-02 6.169942e+01 1.300090e+02 5.899994e-02 -4.152367e-05 
4.552000e+02 -6.801107e-02 6.601217e-02 1.432249e+00 1.108049e+04 1.076927e+04 9.975175e+02 15000 12000 -4.262671e-03     0 3.909570e-02 6.169863e+01 1.300063e+02 5.897719e-02 -5.017723e-05 
4.553000e+02 -6.673502e-02 6.598428e-02 1.430682e+00 1.108225e+04 1.078216e+04 9.976106e+02 15000 12000 -4.062652e-03     0 3.912502e-02 6.169764e+01 1.300038e+02 5.895642e-02 -4.312952e-05 
4.554000e+02 -6.550671e-02 6.595571e-02 1.429139e+00 1.108402e+04 1.079503e+04 9.977035e+02 15000 12000 -3.804284e-03     0 3.915207e-02 6.169644e+01 1.300014e+02 5.893758e-02 -3.140333e-05 
4.555000e+02 -6.436851e-02 6.592733e-02 1.427631e+00 1.108582e+04 1.080791e+04 9.977963e+02 15000 12000 -3.535988e-03     0 3.917701e-02 6.169503e+01 1.299990e+02 5.892048e-02 -3.059228e-05 
4.556000e+02 -6.328803e-02 6.589940e-02 1.426162e+00 1.108764e+04 1.082078e+04 9.978888e+02 15000 12000 -3.905364e-03     0 3.919976e-02 6.169342e+01 1.299967e+02 5.890492e-02 -4.451442e-05 
4.557000e+02 -6.215416e-02 6.587104e-02 1.424716e+00 1.108947e+04 1.083365e+04 9.979811e+02 15000 12000 -3.878587e-03     0 3.922015e-02 6.169160e+01 1.299945e+02 5.889081e-02 -4.993771e-05 
4.558000e+02 -6.100065e-02 6.584208e-02 1.423286e+00 1.109133e+04 1.084651e+04 9.980732e+02 15000 12000 -3.698991e-03     0 3.923853e-02 6.168959e+01 1.299925e+02 5.887813e-02 -4.167130e-05 
4.559000e+02 -5.988888e-02 6.581305e-02 1.421878e+00 1.109321e+04 1.085938e+04 9.981649e+02 15000 12000 -3.465821e-03     0 3.925539e-02 6.168738e+01 1.299904e+02 5.886681e-02 -2.964660e-05 
  456 -5.885753e-02 6.578462e-02 1.420503e+00 1.109510e+04 1.087224e+04 9.982565e+02 15000 12000 -3.223192e-03     0 3.927088e-02 6.168496e+01 1.299885e+02 5.885668e-02 -2.794332e-05 
4.561000e+02 -5.787751e-02 6.575695e-02 1.419164e+00 1.109701e+04 1.088509e+04 9.983477e+02 15000 12000 -3.560044e-03     0 3.928495e-02 6.168235e+01 1.299867e+02 5.884757e-02 -3.993912e-05 
4.562000e+02 -5.684841e-02 6.572926e-02 1.417846e+00 1.109894e+04 1.089795e+04 9.984386e+02 15000 12000 -3.536415e-03     0 3.929745e-02 6.167954e+01 1.299849e+02 5.883938e-02 -4.442858e-05 
4.563000e+02 -5.580100e-02 6.570135e-02 1.416543e+00 1.110089e+04 1.091080e+04 9.985292e+02 15000 12000 -3.373663e-03     0 3.930867e-02 6.167654e+01 1.299833e+02 5.883209e-02 -3.661355e-05 
4.564000e+02 -5.479105e-02 6.567364e-02 1.415260e+00 1.110285e+04 1.092365e+04 9.986195e+02 15000 12000 -3.162064e-03     0 3.931901e-02 6.167334e+01 1.299817e+02 5.882566e-02 -2.545641e-05 
4.565000e+02 -5.385366e-02 6.564662e-02 1.414007e+00 1.110484e+04 1.093649e+04 9.987095e+02 15000 12000 -2.941731e-03     0 3.932860e-02 6.166995e+01 1.299801e+02 5.881995e-02 -2.370822e-05 
4.566000e+02 -5.296265e-02 6.562040e-02 1.412787e+00 1.110684e+04 1.094934e+04 9.987992e+02 15000 12000 -3.247492e-03     0 3.933736e-02 6.166636e+01 1.299787e+02 5.881481e-02 -3.442082e-05 
4.567000e+02 -5.202734e-02 6.559429e-02 1.411586e+00 1.110885e+04 1.096218e+04 9.988885e+02 15000 12000 -3.225886e-03     0 3.934516e-02 6.166257e+01 1.299773e+02 5.881018e-02 -3.833755e-05 
4.568000e+02 -5.107559e-02 6.556812e-02 1.410399e+00 1.111088e+04 1.097501e+04 9.989775e+02 15000 12000 -3.077979e-03     0 3.935224e-02 6.165859e+01 1.299760e+02 5.880605e-02 -3.109822e-05 
4.569000e+02 -5.015782e-02 6.554218e-02 1.409230e+00 1.111293e+04 1.098785e+04 9.990662e+02 15000 12000 -2.885738e-03     0 3.935889e-02 6.165442e+01 1.299748e+02 5.880239e-02 -2.083437e-05 
  457 -4.930576e-02 6.551686e-02 1.408088e+00 1.111499e+04 1.100068e+04 9.991546e+02 15000 12000 -2.685552e-03     0 3.936521e-02 6.165006e+01 1.299736e+02 5.879910e-02 -1.911713e-05 
4.571000e+02 -4.849575e-02 6.549224e-02 1.406976e+00 1.111707e+04 1.101351e+04 9.992427e+02 15000 12000 -2.962744e-03     0 3.937112e-02 6.164550e+01 1.299725e+02 5.879607e-02 -2.871868e-05 
4.572000e+02 -4.764594e-02 6.546772e-02 1.405882e+00 1.111916e+04 1.102634e+04 9.993305e+02 15000 12000 -2.942894e-03     0 3.937650e-02 6.164075e+01 1.299714e+02 5.879326e-02 -3.216985e-05 
4.573000e+02 -4.678150e-02 6.544313e-02 1.404801e+00 1.112127e+04 1.103916e+04 9.994179e+02 15000 12000 -2.808501e-03     0 3.938150e-02 6.163581e+01 1.299704e+02 5.879068e-02 -2.551225e-05 
4.574000e+02 -4.594793e-02 6.541872e-02 1.403737e+00 1.112339e+04 1.105199e+04 9.995050e+02 15000 12000 -2.633921e-03     0 3.938638e-02 6.163067e+01 1.299695e+02 5.878832e-02 -1.611636e-05 
4.575000e+02 -4.517381e-02 6.539479e-02 1.402697e+00 1.112552e+04 1.106481e+04 9.995919e+02 15000 12000 -2.452133e-03     0 3.939118e-02 6.162534e+01 1.299686e+02 5.878611e-02 -1.447160e-05 
4.576000e+02 -4.443779e-02 6.537138e-02 1.401684e+00 1.112767e+04 1.107762e+04 9.996784e+02 15000 12000 -2.703226e-03     0 3.939582e-02 6.161982e+01 1.299677e+02 5.878396e-02 -2.309061e-05 
4.577000e+02 -4.366612e-02 6.534799e-02 1.400688e+00 1.112983e+04 1.109044e+04 9.997646e+02 15000 12000 -2.684984e-03     0 3.940018e-02 6.161411e+01 1.299669e+02 5.878187e-02 -2.613398e-05 
4.578000e+02 -4.288151e-02 6.532449e-02 1.399703e+00 1.113201e+04 1.110325e+04 9.998505e+02 15000 12000 -2.562945e-03     0 3.940439e-02 6.160821e+01 1.299662e+02 5.877984e-02 -2.001020e-05 
4.579000e+02 -4.212490e-02 6.530105e-02 1.398734e+00 1.113420e+04 1.111606e+04 9.999361e+02 15000 12000 -2.404515e-03     0 3.940862e-02 6.160212e+01 1.299654e+02 5.877789e-02 -1.139620e-05 
  458 -4.142202e-02 6.527792e-02 1.397787e+00 1.113640e+04 1.112887e+04 1.000021e+03 15000 12000 -2.239548e-03     0 3.941290e-02 6.159584e+01 1.299648e+02 5.877596e-02 -9.795926e-06 
4.581000e+02 -4.075363e-02 6.525514e-02 1.396866e+00 1.113861e+04 1.114168e+04 1.000106e+03 15000 12000 -2.466802e-03     0 3.941716e-02 6.158937e+01 1.299641e+02 5.877399e-02 -1.748811e-05 
4.582000e+02 -4.005341e-02 6.523228e-02 1.395958e+00 1.114084e+04 1.115448e+04 1.000191e+03 15000 12000 -2.450040e-03     0 3.942129e-02 6.158271e+01 1.299635e+02 5.877200e-02 -2.012557e-05 
4.583000e+02 -3.934179e-02 6.520922e-02 1.395062e+00 1.114308e+04 1.116728e+04 1.000276e+03 15000 12000 -2.339305e-03     0 3.942536e-02 6.157586e+01 1.299629e+02 5.876999e-02 -1.445522e-05 
4.584000e+02 -3.865557e-02 6.518612e-02 1.394180e+00 1.114533e+04 1.118008e+04 1.000360e+03 15000 12000 -2.195647e-03     0 3.942953e-02 6.156883e+01 1.299624e+02 5.876798e-02 -6.522703e-06 
4.585000e+02 -3.801782e-02 6.516318e-02 1.393319e+00 1.114759e+04 1.119288e+04 1.000444e+03 15000 12000 -2.046065e-03     0 3.943379e-02 6.156160e+01 1.299619e+02 5.876593e-02 -4.932952e-06 
4.586000e+02 -3.741125e-02 6.514041e-02 1.392480e+00 1.114986e+04 1.120568e+04 1.000527e+03 15000 12000 -2.251535e-03     0 3.943809e-02 6.155419e+01 1.299614e+02 5.876382e-02 -1.175167e-05 
4.587000e+02 -3.677635e-02 6.511749e-02 1.391654e+00 1.115215e+04 1.121847e+04 1.000610e+03 15000 12000 -2.236131e-03     0 3.944231e-02 6.154659e+01 1.299609e+02 5.876164e-02 -1.399560e-05 
4.588000e+02 -3.613148e-02 6.509429e-02 1.390839e+00 1.115444e+04 1.123126e+04 1.000693e+03 15000 12000 -2.135736e-03     0 3.944653e-02 6.153881e+01 1.299605e+02 5.875942e-02 -8.720648e-06 
4.589000e+02 -3.550960e-02 6.507096e-02 1.390037e+00 1.115675e+04 1.124405e+04 1.000776e+03 15000 12000 -2.005590e-03     0 3.945084e-02 6.153084e+01 1.299601e+02 5.875717e-02 -1.394641e-06 
  459 -3.493137e-02 6.504765e-02 1.389253e+00 1.115907e+04 1.125684e+04 1.000858e+03 15000 12000 -1.870076e-03     0 3.945526e-02 6.152269e+01 1.299597e+02 5.875488e-02 2.003555e-07 
4.591000e+02 -3.438130e-02 6.502439e-02 1.388490e+00 1.116139e+04 1.126962e+04 1.000940e+03 15000 12000 -2.055601e-03     0 3.945971e-02 6.151435e+01 1.299594e+02 5.875251e-02 -5.806077e-06 
4.592000e+02 -3.380612e-02 6.500089e-02 1.387739e+00 1.116373e+04 1.128241e+04 1.001022e+03 15000 12000 -2.041428e-03     0 3.946412e-02 6.150583e+01 1.299590e+02 5.875008e-02 -7.678207e-06 
4.593000e+02 -3.322229e-02 6.497708e-02 1.386998e+00 1.116608e+04 1.129519e+04 1.001104e+03 15000 12000 -1.950488e-03     0 3.946852e-02 6.149713e+01 1.299587e+02 5.874761e-02 -2.754223e-06 
4.594000e+02 -3.265927e-02 6.495305e-02 1.386269e+00 1.116843e+04 1.130797e+04 1.001185e+03 15000 12000 -1.832700e-03     0 3.947299e-02 6.148825e+01 1.299584e+02 5.874511e-02 4.027431e-06 
4.595000e+02 -3.213546e-02 6.492895e-02 1.385556e+00 1.117080e+04 1.132075e+04 1.001266e+03 15000 12000 -1.710055e-03     0 3.947755e-02 6.147918e+01 1.299581e+02 5.874258e-02 5.638369e-06 
4.596000e+02 -3.163703e-02 6.490480e-02 1.384863e+00 1.117318e+04 1.133353e+04 1.001347e+03 15000 12000 -1.877281e-03     0 3.948213e-02 6.146994e+01 1.299578e+02 5.873998e-02 3.868905e-07 
4.597000e+02 -3.111649e-02 6.488036e-02 1.384181e+00 1.117556e+04 1.134630e+04 1.001427e+03 15000 12000 -1.864216e-03     0 3.948666e-02 6.146052e+01 1.299576e+02 5.873734e-02 -1.134382e-06 
4.598000e+02 -3.058851e-02 6.485558e-02 1.383507e+00 1.117796e+04 1.135907e+04 1.001507e+03 15000 12000 -1.781923e-03     0 3.949118e-02 6.145092e+01 1.299573e+02 5.873467e-02 3.477802e-06 
4.599000e+02 -3.007935e-02 6.483053e-02 1.382845e+00 1.118036e+04 1.137184e+04 1.001587e+03 15000 12000 -1.675446e-03     0 3.949574e-02 6.144114e+01 1.299571e+02 5.873199e-02 9.770416e-06 
  460 -2.960535e-02 6.480534e-02 1.382198e+00 1.118277e+04 1.138461e+04 1.001666e+03 15000 12000 -1.564580e-03     0 3.950036e-02 6.143118e+01 1.299569e+02 5.872929e-02 1.140621e-05 
4.601000e+02 -2.915416e-02 6.478002e-02 1.381568e+00 1.118519e+04 1.139738e+04 1.001745e+03 15000 12000 -1.714989e-03     0 3.950497e-02 6.142105e+01 1.299567e+02 5.872655e-02 6.857171e-06 
4.602000e+02 -2.868365e-02 6.475438e-02 1.380949e+00 1.118762e+04 1.141015e+04 1.001824e+03 15000 12000 -1.702916e-03     0 3.950952e-02 6.141075e+01 1.299565e+02 5.872378e-02 5.666968e-06 
4.603000e+02 -2.820686e-02 6.472839e-02 1.380338e+00 1.119006e+04 1.142291e+04 1.001903e+03 15000 12000 -1.628536e-03     0 3.951405e-02 6.140028e+01 1.299563e+02 5.872101e-02 1.000174e-05 
4.604000e+02 -2.774704e-02 6.470211e-02 1.379737e+00 1.119250e+04 1.143568e+04 1.001981e+03 15000 12000 -1.532423e-03     0 3.951859e-02 6.138963e+01 1.299561e+02 5.871823e-02 1.585436e-05 
4.605000e+02 -2.731865e-02 6.467563e-02 1.379150e+00 1.119495e+04 1.144844e+04 1.002059e+03 15000 12000 -1.432351e-03     0 3.952315e-02 6.137881e+01 1.299560e+02 5.871545e-02 1.752241e-05 
4.606000e+02 -2.691075e-02 6.464898e-02 1.378579e+00 1.119742e+04 1.146120e+04 1.002137e+03 15000 12000 -1.567269e-03     0 3.952770e-02 6.136782e+01 1.299558e+02 5.871266e-02 1.362805e-05 
4.607000e+02 -2.648610e-02 6.462200e-02 1.378018e+00 1.119988e+04 1.147396e+04 1.002214e+03 15000 12000 -1.556078e-03     0 3.953217e-02 6.135666e+01 1.299557e+02 5.870986e-02 1.275071e-05 
4.608000e+02 -2.605625e-02 6.459466e-02 1.377464e+00 1.120236e+04 1.148672e+04 1.002291e+03 15000 12000 -1.488950e-03     0 3.953660e-02 6.134533e+01 1.299556e+02 5.870706e-02 1.683877e-05 
4.609000e+02 -2.564170e-02 6.456702e-02 1.376919e+00 1.120484e+04 1.149947e+04 1.002367e+03 15000 12000 -1.402343e-03     0 3.954103e-02 6.133384e+01 1.299555e+02 5.870428e-02 2.229541e-05 
  461 -2.525515e-02 6.453915e-02 1.376387e+00 1.120733e+04 1.151223e+04 1.002444e+03 15000 12000 -1.312177e-03     0 3.954545e-02 6.132218e+01 1.299554e+02 5.870151e-02 2.400242e-05 
4.611000e+02 -2.488695e-02 6.451108e-02 1.375870e+00 1.120983e+04 1.152498e+04 1.002520e+03 15000 12000 -1.432792e-03     0 3.954984e-02 6.131036e+01 1.299553e+02 5.869874e-02 2.071990e-05 
4.612000e+02 -2.450441e-02 6.448268e-02 1.375362e+00 1.121233e+04 1.153773e+04 1.002595e+03 15000 12000 -1.422381e-03     0 3.955415e-02 6.129837e+01 1.299552e+02 5.869598e-02 2.013912e-05 
4.613000e+02 -2.411767e-02 6.445393e-02 1.374860e+00 1.121485e+04 1.155048e+04 1.002670e+03 15000 12000 -1.361905e-03     0 3.955841e-02 6.128622e+01 1.299551e+02 5.869324e-02 2.400805e-05 
4.614000e+02 -2.374471e-02 6.442487e-02 1.374368e+00 1.121736e+04 1.156323e+04 1.002745e+03 15000 12000 -1.284031e-03     0 3.956265e-02 6.127391e+01 1.299550e+02 5.869052e-02 2.910830e-05 
4.615000e+02 -2.339660e-02 6.439558e-02 1.373887e+00 1.121989e+04 1.157598e+04 1.002820e+03 15000 12000 -1.202968e-03     0 3.956686e-02 6.126144e+01 1.299549e+02 5.868782e-02 3.086034e-05 
4.616000e+02 -2.306488e-02 6.436606e-02 1.373419e+00 1.122242e+04 1.158872e+04 1.002894e+03 15000 12000 -1.310339e-03     0 3.957103e-02 6.124881e+01 1.299549e+02 5.868514e-02 2.815125e-05 
4.617000e+02 -2.272105e-02 6.433622e-02 1.372960e+00 1.122495e+04 1.160147e+04 1.002968e+03 15000 12000 -1.300614e-03     0 3.957513e-02 6.123603e+01 1.299548e+02 5.868247e-02 2.785228e-05 
4.618000e+02 -2.237398e-02 6.430604e-02 1.372507e+00 1.122750e+04 1.161421e+04 1.003042e+03 15000 12000 -1.246249e-03     0 3.957916e-02 6.122308e+01 1.299548e+02 5.867983e-02 3.152664e-05 
4.619000e+02 -2.203930e-02 6.427556e-02 1.372062e+00 1.123004e+04 1.162696e+04 1.003115e+03 15000 12000 -1.176411e-03     0 3.958316e-02 6.120999e+01 1.299547e+02 5.867723e-02 3.630575e-05 
  462 -2.172656e-02 6.424484e-02 1.371628e+00 1.123260e+04 1.163970e+04 1.003187e+03 15000 12000 -1.103728e-03     0 3.958714e-02 6.119674e+01 1.299547e+02 5.867464e-02 3.810809e-05 
4.621000e+02 -2.142843e-02 6.421388e-02 1.371207e+00 1.123516e+04 1.165244e+04 1.003260e+03 15000 12000 -1.198797e-03     0 3.959106e-02 6.118333e+01 1.299546e+02 5.867209e-02 3.593781e-05 
4.622000e+02 -2.112026e-02 6.418262e-02 1.370792e+00 1.123772e+04 1.166518e+04 1.003332e+03 15000 12000 -1.189670e-03     0 3.959490e-02 6.116977e+01 1.299546e+02 5.866955e-02 3.590708e-05 
4.623000e+02 -2.080976e-02 6.415103e-02 1.370384e+00 1.124030e+04 1.167792e+04 1.003403e+03 15000 12000 -1.140927e-03     0 3.959868e-02 6.115607e+01 1.299546e+02 5.866704e-02 3.940833e-05 
4.624000e+02 -2.051036e-02 6.411914e-02 1.369984e+00 1.124287e+04 1.169065e+04 1.003475e+03 15000 12000 -1.078497e-03     0 3.960243e-02 6.114221e+01 1.299546e+02 5.866457e-02 4.389735e-05 
4.625000e+02 -2.023025e-02 6.408702e-02 1.369593e+00 1.124545e+04 1.170339e+04 1.003546e+03 15000 12000 -1.013546e-03     0 3.960614e-02 6.112821e+01 1.299546e+02 5.866213e-02 4.575421e-05 
4.626000e+02 -1.996311e-02 6.405466e-02 1.369214e+00 1.124804e+04 1.171613e+04 1.003616e+03 15000 12000 -1.097144e-03     0 3.960979e-02 6.111406e+01 1.299546e+02 5.865972e-02 4.409128e-05 
4.627000e+02 -1.968787e-02 6.402200e-02 1.368842e+00 1.125063e+04 1.172886e+04 1.003686e+03 15000 12000 -1.088531e-03     0 3.961338e-02 6.109977e+01 1.299546e+02 5.865733e-02 4.431594e-05 
4.628000e+02 -1.941114e-02 6.398904e-02 1.368475e+00 1.125323e+04 1.174159e+04 1.003756e+03 15000 12000 -1.044969e-03     0 3.961690e-02 6.108533e+01 1.299546e+02 5.865497e-02 4.766239e-05 
4.629000e+02 -1.914434e-02 6.395579e-02 1.368115e+00 1.125583e+04 1.175432e+04 1.003825e+03 15000 12000 -9.893826e-04     0 3.962039e-02 6.107075e+01 1.299546e+02 5.865265e-02 5.188807e-05 
  463 -1.889439e-02 6.392231e-02 1.367765e+00 1.125844e+04 1.176706e+04 1.003894e+03 15000 12000 -9.315794e-04     0 3.962383e-02 6.105603e+01 1.299546e+02 5.865036e-02 5.380226e-05 
4.631000e+02 -1.865592e-02 6.388859e-02 1.367425e+00 1.126105e+04 1.177979e+04 1.003962e+03 15000 12000 -1.004441e-03     0 3.962723e-02 6.104117e+01 1.299546e+02 5.864810e-02 5.261765e-05 
4.632000e+02 -1.841116e-02 6.385459e-02 1.367091e+00 1.126367e+04 1.179252e+04 1.004030e+03 15000 12000 -9.962600e-04     0 3.963055e-02 6.102617e+01 1.299546e+02 5.864587e-02 5.308497e-05 
4.633000e+02 -1.816567e-02 6.382030e-02 1.366763e+00 1.126629e+04 1.180524e+04 1.004098e+03 15000 12000 -9.574822e-04     0 3.963382e-02 6.101103e+01 1.299547e+02 5.864367e-02 5.629145e-05 
4.634000e+02 -1.792906e-02 6.378575e-02 1.366442e+00 1.126891e+04 1.181797e+04 1.004165e+03 15000 12000 -9.082298e-04     0 3.963705e-02 6.099575e+01 1.299547e+02 5.864150e-02 6.027604e-05 
4.635000e+02 -1.770707e-02 6.375096e-02 1.366129e+00 1.127154e+04 1.183070e+04 1.004232e+03 15000 12000 -8.570515e-04     0 3.964024e-02 6.098035e+01 1.299547e+02 5.863936e-02 6.224845e-05 
4.636000e+02 -1.749520e-02 6.371594e-02 1.365825e+00 1.127417e+04 1.184342e+04 1.004298e+03 15000 12000 -9.198143e-04     0 3.964338e-02 6.096480e+01 1.299548e+02 5.863725e-02 6.151461e-05 
4.637000e+02 -1.727870e-02 6.368065e-02 1.365527e+00 1.127681e+04 1.185615e+04 1.004364e+03 15000 12000 -9.119893e-04     0 3.964646e-02 6.094913e+01 1.299548e+02 5.863517e-02 6.221123e-05 
4.638000e+02 -1.706220e-02 6.364510e-02 1.365235e+00 1.127945e+04 1.186887e+04 1.004430e+03 15000 12000 -8.776355e-04     0 3.964948e-02 6.093333e+01 1.299548e+02 5.863312e-02 6.528854e-05 
4.639000e+02 -1.685360e-02 6.360929e-02 1.364949e+00 1.128209e+04 1.188160e+04 1.004495e+03 15000 12000 -8.342586e-04     0 3.965247e-02 6.091739e+01 1.299549e+02 5.863111e-02 6.904925e-05 
  464 -1.665760e-02 6.357325e-02 1.364671e+00 1.128474e+04 1.189432e+04 1.004559e+03 15000 12000 -7.892353e-04     0 3.965541e-02 6.090133e+01 1.299549e+02 5.862912e-02 7.107803e-05 
4.641000e+02 -1.647048e-02 6.353698e-02 1.364401e+00 1.128740e+04 1.190704e+04 1.004624e+03 15000 12000 -8.424515e-04     0 3.965831e-02 6.088514e+01 1.299550e+02 5.862716e-02 7.076775e-05 
4.642000e+02 -1.628026e-02 6.350047e-02 1.364137e+00 1.129005e+04 1.191976e+04 1.004687e+03 15000 12000 -8.349059e-04     0 3.966115e-02 6.086883e+01 1.299551e+02 5.862523e-02 7.167860e-05 
4.643000e+02 -1.609070e-02 6.346371e-02 1.363878e+00 1.129271e+04 1.193248e+04 1.004751e+03 15000 12000 -8.046496e-04     0 3.966394e-02 6.085239e+01 1.299551e+02 5.862332e-02 7.463271e-05 
4.644000e+02 -1.590817e-02 6.342670e-02 1.363625e+00 1.129537e+04 1.194520e+04 1.004813e+03 15000 12000 -7.667337e-04     0 3.966670e-02 6.083583e+01 1.299552e+02 5.862145e-02 7.818091e-05 
4.645000e+02 -1.573639e-02 6.338947e-02 1.363380e+00 1.129804e+04 1.195792e+04 1.004876e+03 15000 12000 -7.274426e-04     0 3.966941e-02 6.081915e+01 1.299553e+02 5.861961e-02 8.026035e-05 
4.646000e+02 -1.557239e-02 6.335203e-02 1.363142e+00 1.130071e+04 1.197064e+04 1.004938e+03 15000 12000 -7.715824e-04     0 3.967208e-02 6.080235e+01 1.299553e+02 5.861779e-02 8.034530e-05 
4.647000e+02 -1.540666e-02 6.331435e-02 1.362909e+00 1.130338e+04 1.198336e+04 1.004999e+03 15000 12000 -7.642390e-04     0 3.967470e-02 6.078544e+01 1.299554e+02 5.861600e-02 8.145218e-05 
4.648000e+02 -1.524218e-02 6.327644e-02 1.362682e+00 1.130606e+04 1.199607e+04 1.005060e+03 15000 12000 -7.377819e-04     0 3.967728e-02 6.076840e+01 1.299555e+02 5.861424e-02 8.428294e-05 
4.649000e+02 -1.508394e-02 6.323830e-02 1.362460e+00 1.130874e+04 1.200879e+04 1.005120e+03 15000 12000 -7.049506e-04     0 3.967982e-02 6.075125e+01 1.299556e+02 5.861250e-02 8.762284e-05 
  465 -1.493481e-02 6.319994e-02 1.362244e+00 1.131142e+04 1.202151e+04 1.005180e+03 15000 12000 -6.710098e-04     0 3.968231e-02 6.073399e+01 1.299556e+02 5.861080e-02 8.974183e-05 
4.651000e+02 -1.479246e-02 6.316139e-02 1.362036e+00 1.131410e+04 1.203422e+04 1.005240e+03 15000 12000 -7.064660e-04     0 3.968477e-02 6.071661e+01 1.299557e+02 5.860912e-02 9.019056e-05 
4.652000e+02 -1.464960e-02 6.312261e-02 1.361833e+00 1.131679e+04 1.204694e+04 1.005299e+03 15000 12000 -6.992443e-04     0 3.968718e-02 6.069912e+01 1.299558e+02 5.860746e-02 9.147024e-05 
4.653000e+02 -1.450852e-02 6.308361e-02 1.361635e+00 1.131948e+04 1.205965e+04 1.005357e+03 15000 12000 -6.763105e-04     0 3.968955e-02 6.068153e+01 1.299559e+02 5.860583e-02 9.416960e-05 
4.654000e+02 -1.437296e-02 6.304440e-02 1.361442e+00 1.132217e+04 1.207236e+04 1.005415e+03 15000 12000 -6.482186e-04     0 3.969188e-02 6.066382e+01 1.299560e+02 5.860423e-02 9.729640e-05 
4.655000e+02 -1.424504e-02 6.300499e-02 1.361255e+00 1.132487e+04 1.208508e+04 1.005473e+03 15000 12000 -6.192800e-04     0 3.969417e-02 6.064601e+01 1.299561e+02 5.860266e-02 9.943615e-05 
4.656000e+02 -1.412303e-02 6.296538e-02 1.361075e+00 1.132756e+04 1.209779e+04 1.005530e+03 15000 12000 -6.463715e-04     0 3.969642e-02 6.062809e+01 1.299562e+02 5.860111e-02 1.002115e-04 
4.657000e+02 -1.400157e-02 6.292557e-02 1.360900e+00 1.133026e+04 1.211050e+04 1.005587e+03 15000 12000 -6.391841e-04     0 3.969863e-02 6.061007e+01 1.299563e+02 5.859958e-02 1.016331e-04 
4.658000e+02 -1.388232e-02 6.288555e-02 1.360730e+00 1.133297e+04 1.212321e+04 1.005643e+03 15000 12000 -6.195143e-04     0 3.970080e-02 6.059194e+01 1.299564e+02 5.859808e-02 1.041825e-04 
4.659000e+02 -1.376795e-02 6.284533e-02 1.360564e+00 1.133567e+04 1.213592e+04 1.005698e+03 15000 12000 -5.958402e-04     0 3.970294e-02 6.057372e+01 1.299565e+02 5.859661e-02 1.070797e-04 
  466 -1.365995e-02 6.280493e-02 1.360404e+00 1.133838e+04 1.214863e+04 1.005753e+03 15000 12000 -5.715817e-04     0 3.970503e-02 6.055540e+01 1.299566e+02 5.859516e-02 1.092107e-04 
4.661000e+02 -1.355707e-02 6.276434e-02 1.360250e+00 1.134109e+04 1.216134e+04 1.005808e+03 15000 12000 -5.905555e-04     0 3.970709e-02 6.053697e+01 1.299567e+02 5.859374e-02 1.102664e-04 
4.662000e+02 -1.345563e-02 6.272356e-02 1.360102e+00 1.134380e+04 1.217405e+04 1.005862e+03 15000 12000 -5.833038e-04     0 3.970911e-02 6.051845e+01 1.299568e+02 5.859234e-02 1.117877e-04 
4.663000e+02 -1.335674e-02 6.268259e-02 1.359957e+00 1.134651e+04 1.218676e+04 1.005915e+03 15000 12000 -5.666475e-04     0 3.971109e-02 6.049984e+01 1.299569e+02 5.859096e-02 1.141546e-04 
4.664000e+02 -1.326216e-02 6.264144e-02 1.359817e+00 1.134922e+04 1.219947e+04 1.005968e+03 15000 12000 -5.470852e-04     0 3.971303e-02 6.048113e+01 1.299570e+02 5.858961e-02 1.167902e-04 
4.665000e+02 -1.317284e-02 6.260012e-02 1.359683e+00 1.135194e+04 1.221218e+04 1.006021e+03 15000 12000 -5.272012e-04     0 3.971494e-02 6.046233e+01 1.299571e+02 5.858829e-02 1.188680e-04 
4.666000e+02 -1.308798e-02 6.255861e-02 1.359554e+00 1.135466e+04 1.222489e+04 1.006073e+03 15000 12000 -5.382341e-04     0 3.971681e-02 6.044344e+01 1.299572e+02 5.858699e-02 1.201436e-04 
4.667000e+02 -1.300525e-02 6.251694e-02 1.359430e+00 1.135738e+04 1.223760e+04 1.006124e+03 15000 12000 -5.308016e-04     0 3.971864e-02 6.042446e+01 1.299574e+02 5.858571e-02 1.217064e-04 
4.668000e+02 -1.292529e-02 6.247509e-02 1.359311e+00 1.136010e+04 1.225030e+04 1.006175e+03 15000 12000 -5.169083e-04     0 3.972043e-02 6.040539e+01 1.299575e+02 5.858446e-02 1.238391e-04 
4.669000e+02 -1.284915e-02 6.243308e-02 1.359195e+00 1.136283e+04 1.226301e+04 1.006225e+03 15000 12000 -5.011565e-04     0 3.972219e-02 6.038624e+01 1.299576e+02 5.858323e-02 1.261603e-04 
  467 -1.277733e-02 6.239090e-02 1.359085e+00 1.136555e+04 1.227572e+04 1.006275e+03 15000 12000 -4.853471e-04     0 3.972391e-02 6.036700e+01 1.299577e+02 5.858203e-02 1.281198e-04 
4.671000e+02 -1.270937e-02 6.234856e-02 1.358980e+00 1.136828e+04 1.228842e+04 1.006325e+03 15000 12000 -4.885454e-04     0 3.972560e-02 6.034768e+01 1.299578e+02 5.858085e-02 1.295346e-04 
4.672000e+02 -1.264404e-02 6.230606e-02 1.358879e+00 1.137101e+04 1.230113e+04 1.006373e+03 15000 12000 -4.807902e-04     0 3.972725e-02 6.032828e+01 1.299580e+02 5.857969e-02 1.310577e-04 
4.673000e+02 -1.258160e-02 6.226340e-02 1.358783e+00 1.137374e+04 1.231383e+04 1.006422e+03 15000 12000 -4.693980e-04     0 3.972886e-02 6.030880e+01 1.299581e+02 5.857856e-02 1.328787e-04 
4.674000e+02 -1.252251e-02 6.222059e-02 1.358691e+00 1.137647e+04 1.232654e+04 1.006469e+03 15000 12000 -4.571473e-04     0 3.973044e-02 6.028923e+01 1.299582e+02 5.857745e-02 1.348048e-04 
4.675000e+02 -1.246697e-02 6.217764e-02 1.358604e+00 1.137920e+04 1.233925e+04 1.006516e+03 15000 12000 -4.451038e-04     0 3.973198e-02 6.026960e+01 1.299583e+02 5.857637e-02 1.365520e-04 
4.676000e+02 -1.241478e-02 6.213453e-02 1.358521e+00 1.138193e+04 1.235195e+04 1.006563e+03 15000 12000 -4.405030e-04     0 3.973348e-02 6.024988e+01 1.299585e+02 5.857531e-02 1.379963e-04 
4.677000e+02 -1.236548e-02 6.209128e-02 1.358443e+00 1.138467e+04 1.236466e+04 1.006609e+03 15000 12000 -4.322468e-04     0 3.973495e-02 6.023009e+01 1.299586e+02 5.857427e-02 1.393669e-04 
4.678000e+02 -1.231907e-02 6.204789e-02 1.358368e+00 1.138740e+04 1.237736e+04 1.006654e+03 15000 12000 -4.230679e-04     0 3.973639e-02 6.021023e+01 1.299587e+02 5.857326e-02 1.407636e-04 
4.679000e+02 -1.227559e-02 6.200437e-02 1.358299e+00 1.139014e+04 1.239006e+04 1.006699e+03 15000 12000 -4.139849e-04     0 3.973779e-02 6.019030e+01 1.299589e+02 5.857227e-02 1.421763e-04 
  468 -1.223501e-02 6.196071e-02 1.358233e+00 1.139288e+04 1.240277e+04 1.006744e+03 15000 12000 -4.053726e-04     0 3.973915e-02 6.017030e+01 1.299590e+02 5.857130e-02 1.435782e-04 
4.681000e+02 -1.219733e-02 6.191691e-02 1.358171e+00 1.139561e+04 1.241547e+04 1.006788e+03 15000 12000 -3.929359e-04     0 3.974048e-02 6.015023e+01 1.299591e+02 5.857036e-02 1.449015e-04 
4.682000e+02 -1.216257e-02 6.187299e-02 1.358114e+00 1.139835e+04 1.242818e+04 1.006831e+03 15000 12000 -3.839507e-04     0 3.974178e-02 6.013009e+01 1.299593e+02 5.856944e-02 1.459632e-04 
4.683000e+02 -1.213055e-02 6.182894e-02 1.358061e+00 1.140109e+04 1.244088e+04 1.006874e+03 15000 12000 -3.766540e-04     0 3.974304e-02 6.010989e+01 1.299594e+02 5.856854e-02 1.467760e-04 
4.684000e+02 -1.210105e-02 6.178478e-02 1.358012e+00 1.140383e+04 1.245358e+04 1.006916e+03 15000 12000 -3.703615e-04     0 3.974426e-02 6.008963e+01 1.299595e+02 5.856767e-02 1.475065e-04 
4.685000e+02 -1.207392e-02 6.174049e-02 1.357966e+00 1.140658e+04 1.246629e+04 1.006957e+03 15000 12000 -3.647975e-04     0 3.974545e-02 6.006930e+01 1.299597e+02 5.856682e-02 1.483770e-04 
4.686000e+02 -1.204926e-02 6.169608e-02 1.357925e+00 1.140932e+04 1.247899e+04 1.006998e+03 15000 12000 -3.444159e-04     0 3.974661e-02 6.004892e+01 1.299598e+02 5.856599e-02 1.493735e-04 
4.687000e+02 -1.202732e-02 6.165157e-02 1.357887e+00 1.141206e+04 1.249169e+04 1.007039e+03 15000 12000 -3.344080e-04     0 3.974773e-02 6.002847e+01 1.299600e+02 5.856519e-02 1.499112e-04 
4.688000e+02 -1.200781e-02 6.160694e-02 1.357853e+00 1.141481e+04 1.250440e+04 1.007079e+03 15000 12000 -3.285975e-04     0 3.974881e-02 6.000797e+01 1.299601e+02 5.856441e-02 1.499178e-04 
4.689000e+02 -1.199040e-02 6.156221e-02 1.357824e+00 1.141755e+04 1.251710e+04 1.007118e+03 15000 12000 -3.246505e-04     0 3.974987e-02 5.998741e+01 1.299603e+02 5.856365e-02 1.497311e-04 
  469 -1.197492e-02 6.151737e-02 1.357797e+00 1.142029e+04 1.252980e+04 1.007157e+03 15000 12000 -3.216783e-04     0 3.975088e-02 5.996680e+01 1.299604e+02 5.856292e-02 1.498141e-04 
4.691000e+02 -1.196146e-02 6.147243e-02 1.357774e+00 1.142304e+04 1.254251e+04 1.007195e+03 15000 12000 -2.931737e-04     0 3.975187e-02 5.994614e+01 1.299605e+02 5.856221e-02 1.502043e-04 
4.692000e+02 -1.195029e-02 6.142740e-02 1.357755e+00 1.142578e+04 1.255521e+04 1.007233e+03 15000 12000 -2.817670e-04     0 3.975282e-02 5.992542e+01 1.299607e+02 5.856152e-02 1.499256e-04 
4.693000e+02 -1.194107e-02 6.138227e-02 1.357740e+00 1.142853e+04 1.256791e+04 1.007270e+03 15000 12000 -2.769587e-04     0 3.975374e-02 5.990466e+01 1.299608e+02 5.856085e-02 1.488228e-04 
4.694000e+02 -1.193349e-02 6.133705e-02 1.357728e+00 1.143128e+04 1.258061e+04 1.007306e+03 15000 12000 -2.748187e-04     0 3.975462e-02 5.988385e+01 1.299610e+02 5.856021e-02 1.473988e-04 
4.695000e+02 -1.192743e-02 6.129175e-02 1.357719e+00 1.143402e+04 1.259332e+04 1.007342e+03 15000 12000 -2.738803e-04     0 3.975547e-02 5.986299e+01 1.299611e+02 5.855959e-02 1.463481e-04 
4.696000e+02 -1.192292e-02 6.124636e-02 1.357713e+00 1.143677e+04 1.260602e+04 1.007377e+03 15000 12000 -2.370188e-04     0 3.975628e-02 5.984208e+01 1.299613e+02 5.855900e-02 1.457578e-04 
4.697000e+02 -1.192001e-02 6.120089e-02 1.357711e+00 1.143951e+04 1.261872e+04 1.007412e+03 15000 12000 -2.237416e-04     0 3.975707e-02 5.982114e+01 1.299614e+02 5.855842e-02 1.442727e-04 
4.698000e+02 -1.191842e-02 6.115534e-02 1.357712e+00 1.144226e+04 1.263142e+04 1.007446e+03 15000 12000 -2.193424e-04     0 3.975782e-02 5.980015e+01 1.299616e+02 5.855787e-02 1.416571e-04 
4.699000e+02 1.191796e-02 6.110972e-02 1.357717e+00 1.144501e+04 1.264413e+04 1.007479e+03 15000 12000 -1.146450e-03     0 3.975854e-02 5.977912e+01 1.299618e+02 5.855734e-02 1.385710e-04 
  470 1.192218e-02 6.106401e-02 1.357729e+00 1.144775e+04 1.265683e+04 1.007512e+03 15000 12000 1.442489e-03     0 3.975919e-02 5.975805e+01 1.299619e+02 5.855683e-02 1.265685e-04 
4.701000e+02 -1.193032e-02 6.101826e-02 1.357830e+00 1.145050e+04 1.266953e+04 1.007545e+03 15000 12000 1.322472e-03     0 3.975976e-02 5.973696e+01 1.299621e+02 5.855638e-02 -9.729830e-06 
4.702000e+02 -1.196591e-02 6.097255e-02 1.358000e+00 1.145325e+04 1.268223e+04 1.007576e+03 15000 12000 3.923490e-04     0 3.976036e-02 5.971582e+01 1.299622e+02 5.855584e-02 -2.277641e-04 
4.703000e+02 -1.199430e-02 6.092685e-02 1.358152e+00 1.145600e+04 1.269494e+04 1.007608e+03 15000 12000 4.735342e-05     0 3.976106e-02 5.969464e+01 1.299624e+02 5.855533e-02 -4.171451e-04 
4.704000e+02 -1.200286e-02 6.088106e-02 1.358238e+00 1.145874e+04 1.270764e+04 1.007638e+03 15000 12000 -8.028915e-05     0 3.976185e-02 5.967343e+01 1.299625e+02 5.855491e-02 -5.270448e-04 
4.705000e+02 -1.199953e-02 6.083507e-02 1.358241e+00 1.146149e+04 1.272034e+04 1.007668e+03 15000 12000 -1.267426e-04     0 3.976249e-02 5.965220e+01 1.299627e+02 5.855454e-02 -5.455695e-04 
4.706000e+02 -1.199395e-02 6.078889e-02 1.358166e+00 1.146424e+04 1.273304e+04 1.007698e+03 15000 12000 -4.614382e-05     0 3.976290e-02 5.963093e+01 1.299628e+02 5.855415e-02 -4.856391e-04 
4.707000e+02 -1.199233e-02 6.074259e-02 1.358038e+00 1.146699e+04 1.274575e+04 1.007726e+03 15000 12000 -1.655810e-05     0 3.976320e-02 5.960963e+01 1.299630e+02 5.855376e-02 -3.757264e-04 
4.708000e+02 -1.199537e-02 6.069626e-02 1.357882e+00 1.146973e+04 1.275845e+04 1.007755e+03 15000 12000 -6.572512e-06     0 3.976354e-02 5.958831e+01 1.299632e+02 5.855343e-02 -2.447680e-04 
4.709000e+02 -1.200199e-02 6.064992e-02 1.357723e+00 1.147248e+04 1.277115e+04 1.007782e+03 15000 12000 -4.315619e-06     0 3.976392e-02 5.956697e+01 1.299633e+02 5.855317e-02 -1.169915e-04 
  471 -1.201082e-02 6.060359e-02 1.357579e+00 1.147523e+04 1.278385e+04 1.007809e+03 15000 12000 -5.172303e-06     0 3.976429e-02 5.954560e+01 1.299635e+02 5.855294e-02 -1.004935e-05 
4.711000e+02 -1.202028e-02 6.055725e-02 1.357461e+00 1.147798e+04 1.279656e+04 1.007836e+03 15000 12000 -1.891579e-05     0 3.976463e-02 5.952420e+01 1.299636e+02 5.855272e-02 6.586400e-05 
4.712000e+02 -1.202877e-02 6.051091e-02 1.357374e+00 1.148073e+04 1.280926e+04 1.007861e+03 15000 12000 -2.555869e-05     0 3.976492e-02 5.950279e+01 1.299638e+02 5.855251e-02 1.078743e-04 
4.713000e+02 -1.203535e-02 6.046458e-02 1.357317e+00 1.148348e+04 1.282196e+04 1.007887e+03 15000 12000 -2.927601e-05     0 3.976517e-02 5.948136e+01 1.299640e+02 5.855229e-02 1.184013e-04 
4.714000e+02 -1.203960e-02 6.041827e-02 1.357285e+00 1.148623e+04 1.283466e+04 1.007911e+03 15000 12000 -3.155470e-05     0 3.976540e-02 5.945992e+01 1.299641e+02 5.855209e-02 1.035430e-04 
4.715000e+02 -1.204157e-02 6.037197e-02 1.357273e+00 1.148899e+04 1.284736e+04 1.007935e+03 15000 12000 -3.294919e-05     0 3.976561e-02 5.943846e+01 1.299643e+02 5.855191e-02 7.144675e-05 
4.716000e+02 -1.204187e-02 6.032567e-02 1.357270e+00 1.149174e+04 1.286006e+04 1.007959e+03 15000 12000 -9.164341e-06     0 3.976581e-02 5.941698e+01 1.299645e+02 5.855175e-02 3.036766e-05 
4.717000e+02 -1.204170e-02 6.027937e-02 1.357272e+00 1.149449e+04 1.287277e+04 1.007981e+03 15000 12000 -5.593204e-07     0 3.976599e-02 5.939549e+01 1.299646e+02 5.855161e-02 -1.310326e-05 
4.718000e+02 -1.204146e-02 6.023306e-02 1.357271e+00 1.149724e+04 1.288547e+04 1.008004e+03 15000 12000 2.457155e-06     0 3.976614e-02 5.937399e+01 1.299648e+02 5.855148e-02 -5.317575e-05 
4.719000e+02 -1.204136e-02 6.018673e-02 1.357264e+00 1.150000e+04 1.289817e+04 1.008025e+03 15000 12000 3.391400e-06     0 3.976628e-02 5.935248e+01 1.299650e+02 5.855137e-02 -8.546294e-05 
  472 -1.204163e-02 6.014037e-02 1.357247e+00 1.150275e+04 1.291087e+04 1.008046e+03 15000 12000 3.497219e-06     0 3.976639e-02 5.933096e+01 1.299651e+02 5.855128e-02 -1.074867e-04 
4.721000e+02 -1.204307e-02 6.009399e-02 1.357220e+00 1.150551e+04 1.292357e+04 1.008067e+03 15000 12000 5.698741e-05     0 3.976647e-02 5.930944e+01 1.299653e+02 5.855119e-02 -1.194787e-04 
4.722000e+02 -1.204724e-02 6.004759e-02 1.357185e+00 1.150826e+04 1.293627e+04 1.008087e+03 15000 12000 7.599864e-05     0 3.976653e-02 5.928791e+01 1.299655e+02 5.855112e-02 -1.250978e-04 
4.723000e+02 -1.205384e-02 6.000119e-02 1.357145e+00 1.151102e+04 1.294897e+04 1.008106e+03 15000 12000 8.193213e-05     0 3.976657e-02 5.926638e+01 1.299656e+02 5.855107e-02 -1.270962e-04 
4.724000e+02 -1.206214e-02 5.995479e-02 1.357101e+00 1.151378e+04 1.296167e+04 1.008124e+03 15000 12000 8.280126e-05     0 3.976658e-02 5.924485e+01 1.299658e+02 5.855103e-02 -1.271180e-04 
4.725000e+02 -1.207158e-02 5.990839e-02 1.357054e+00 1.151653e+04 1.297438e+04 1.008142e+03 15000 12000 8.163983e-05     0 3.976656e-02 5.922331e+01 1.299660e+02 5.855101e-02 -1.262163e-04 
4.726000e+02 -1.208230e-02 5.986200e-02 1.357006e+00 1.151929e+04 1.298708e+04 1.008160e+03 15000 12000 1.204706e-04     0 3.976652e-02 5.920178e+01 1.299661e+02 5.855101e-02 -1.256902e-04 
4.727000e+02 -1.209537e-02 5.981563e-02 1.356958e+00 1.152205e+04 1.299978e+04 1.008177e+03 15000 12000 1.328753e-04     0 3.976645e-02 5.918025e+01 1.299663e+02 5.855103e-02 -1.279748e-04 
4.728000e+02 -1.211041e-02 5.976928e-02 1.356911e+00 1.152481e+04 1.301248e+04 1.008193e+03 15000 12000 1.352356e-04     0 3.976635e-02 5.915872e+01 1.299665e+02 5.855106e-02 -1.337781e-04 
4.729000e+02 -1.212675e-02 5.972295e-02 1.356864e+00 1.152757e+04 1.302518e+04 1.008208e+03 15000 12000 1.336977e-04     0 3.976622e-02 5.913720e+01 1.299666e+02 5.855112e-02 -1.423807e-04 
  473 -1.214387e-02 5.967665e-02 1.356818e+00 1.153033e+04 1.303788e+04 1.008223e+03 15000 12000 1.305955e-04     0 3.976606e-02 5.911569e+01 1.299668e+02 5.855119e-02 -1.524512e-04 
4.731000e+02 -1.216217e-02 5.963038e-02 1.356769e+00 1.153309e+04 1.305058e+04 1.008238e+03 15000 12000 1.667004e-04     0 3.976587e-02 5.909419e+01 1.299670e+02 5.855129e-02 -1.631536e-04 
4.732000e+02 -1.218311e-02 5.958414e-02 1.356720e+00 1.153585e+04 1.306328e+04 1.008251e+03 15000 12000 1.770200e-04     0 3.976566e-02 5.907269e+01 1.299672e+02 5.855140e-02 -1.752297e-04 
4.733000e+02 -1.220645e-02 5.953793e-02 1.356668e+00 1.153861e+04 1.307598e+04 1.008265e+03 15000 12000 1.774504e-04     0 3.976541e-02 5.905121e+01 1.299673e+02 5.855153e-02 -1.883092e-04 
4.734000e+02 -1.223153e-02 5.949176e-02 1.356614e+00 1.154137e+04 1.308868e+04 1.008277e+03 15000 12000 1.739531e-04     0 3.976514e-02 5.902974e+01 1.299675e+02 5.855168e-02 -2.012104e-04 
4.735000e+02 -1.225788e-02 5.944562e-02 1.356556e+00 1.154414e+04 1.310138e+04 1.008289e+03 15000 12000 1.687939e-04     0 3.976483e-02 5.900828e+01 1.299677e+02 5.855185e-02 -2.126633e-04 
4.736000e+02 -1.228606e-02 5.939952e-02 1.356493e+00 1.154690e+04 1.311408e+04 1.008300e+03 15000 12000 2.036336e-04     0 3.976449e-02 5.898684e+01 1.299678e+02 5.855204e-02 -2.222945e-04 
4.737000e+02 -1.231790e-02 5.935347e-02 1.356427e+00 1.154967e+04 1.312678e+04 1.008311e+03 15000 12000 2.119098e-04     0 3.976412e-02 5.896542e+01 1.299680e+02 5.855225e-02 -2.315700e-04 
4.738000e+02 -1.235307e-02 5.930745e-02 1.356357e+00 1.155243e+04 1.313947e+04 1.008321e+03 15000 12000 2.098496e-04     0 3.976372e-02 5.894402e+01 1.299682e+02 5.855248e-02 -2.408856e-04 
4.739000e+02 -1.239061e-02 5.926149e-02 1.356283e+00 1.155520e+04 1.315217e+04 1.008331e+03 15000 12000 2.035754e-04     0 3.976329e-02 5.892264e+01 1.299684e+02 5.855274e-02 -2.497459e-04 
  474 -1.242982e-02 5.921558e-02 1.356205e+00 1.155797e+04 1.316487e+04 1.008340e+03 15000 12000 1.954544e-04     0 3.976282e-02 5.890128e+01 1.299685e+02 5.855301e-02 -2.574181e-04 
4.741000e+02 -1.247108e-02 5.916972e-02 1.356122e+00 1.156074e+04 1.317757e+04 1.008348e+03 15000 12000 2.222155e-04     0 3.976232e-02 5.887994e+01 1.299687e+02 5.855331e-02 -2.638085e-04 
4.742000e+02 -1.251620e-02 5.912392e-02 1.356036e+00 1.156351e+04 1.319027e+04 1.008356e+03 15000 12000 2.254895e-04     0 3.976178e-02 5.885863e+01 1.299689e+02 5.855363e-02 -2.703073e-04 
4.743000e+02 -1.256464e-02 5.907818e-02 1.355946e+00 1.156628e+04 1.320297e+04 1.008363e+03 15000 12000 2.195366e-04     0 3.976121e-02 5.883734e+01 1.299691e+02 5.855397e-02 -2.772564e-04 
4.744000e+02 -1.261527e-02 5.903251e-02 1.355852e+00 1.156905e+04 1.321566e+04 1.008370e+03 15000 12000 2.097836e-04     0 3.976061e-02 5.881608e+01 1.299692e+02 5.855434e-02 -2.841358e-04 
4.745000e+02 -1.266723e-02 5.898690e-02 1.355753e+00 1.157182e+04 1.322836e+04 1.008376e+03 15000 12000 1.983697e-04     0 3.975997e-02 5.879485e+01 1.299694e+02 5.855472e-02 -2.901715e-04 
4.746000e+02 -1.272078e-02 5.894136e-02 1.355650e+00 1.157460e+04 1.324106e+04 1.008381e+03 15000 12000 2.159700e-04     0 3.975929e-02 5.877366e+01 1.299696e+02 5.855514e-02 -2.951150e-04 
4.747000e+02 -1.277764e-02 5.889590e-02 1.355543e+00 1.157737e+04 1.325376e+04 1.008386e+03 15000 12000 2.139807e-04     0 3.975859e-02 5.875249e+01 1.299698e+02 5.855557e-02 -2.999803e-04 
4.748000e+02 -1.283717e-02 5.885051e-02 1.355432e+00 1.158015e+04 1.326645e+04 1.008390e+03 15000 12000 2.042832e-04     0 3.975784e-02 5.873136e+01 1.299699e+02 5.855603e-02 -3.049510e-04 
4.749000e+02 -1.289819e-02 5.880521e-02 1.355317e+00 1.158293e+04 1.327915e+04 1.008394e+03 15000 12000 1.914369e-04     0 3.975706e-02 5.871026e+01 1.299701e+02 5.855651e-02 -3.095415e-04 
  475 -1.295979e-02 5.875998e-02 1.355197e+00 1.158571e+04 1.329185e+04 1.008397e+03 15000 12000 1.772714e-04     0 3.975625e-02 5.868920e+01 1.299703e+02 5.855702e-02 -3.131020e-04 
4.751000e+02 -1.302217e-02 5.871484e-02 1.355072e+00 1.158849e+04 1.330454e+04 1.008399e+03 15000 12000 1.860780e-04     0 3.975540e-02 5.866817e+01 1.299705e+02 5.855755e-02 -3.154426e-04 
4.752000e+02 -1.308679e-02 5.866979e-02 1.354942e+00 1.159127e+04 1.331724e+04 1.008401e+03 15000 12000 1.794929e-04     0 3.975451e-02 5.864719e+01 1.299707e+02 5.855810e-02 -3.174101e-04 
4.753000e+02 -1.315300e-02 5.862483e-02 1.354809e+00 1.159406e+04 1.332993e+04 1.008402e+03 15000 12000 1.669062e-04     0 3.975360e-02 5.862625e+01 1.299708e+02 5.855868e-02 -3.192228e-04 
4.754000e+02 -1.321966e-02 5.857997e-02 1.354672e+00 1.159685e+04 1.334263e+04 1.008403e+03 15000 12000 1.519539e-04     0 3.975264e-02 5.860534e+01 1.299710e+02 5.855928e-02 -3.205819e-04 
4.755000e+02 -1.328591e-02 5.853521e-02 1.354530e+00 1.159963e+04 1.335532e+04 1.008403e+03 15000 12000 1.361213e-04     0 3.975166e-02 5.858449e+01 1.299712e+02 5.855990e-02 -3.210597e-04 
4.756000e+02 -1.335182e-02 5.849055e-02 1.354384e+00 1.160242e+04 1.336802e+04 1.008402e+03 15000 12000 1.369202e-04     0 3.975064e-02 5.856367e+01 1.299714e+02 5.856055e-02 -3.205578e-04 
4.757000e+02 -1.341851e-02 5.844599e-02 1.354234e+00 1.160521e+04 1.338071e+04 1.008401e+03 15000 12000 1.268539e-04     0 3.974959e-02 5.854290e+01 1.299716e+02 5.856122e-02 -3.197243e-04 
4.758000e+02 -1.348540e-02 5.840155e-02 1.354080e+00 1.160801e+04 1.339340e+04 1.008399e+03 15000 12000 1.126738e-04     0 3.974850e-02 5.852218e+01 1.299717e+02 5.856191e-02 -3.187565e-04 
4.759000e+02 -1.355155e-02 5.835722e-02 1.353923e+00 1.161080e+04 1.340610e+04 1.008397e+03 15000 12000 9.701499e-05     0 3.974739e-02 5.850151e+01 1.299719e+02 5.856263e-02 -3.174780e-04 
  476 -1.361627e-02 5.831300e-02 1.353761e+00 1.161360e+04 1.341879e+04 1.008394e+03 15000 12000 8.096796e-05     0 3.974625e-02 5.848089e+01 1.299721e+02 5.856336e-02 -3.156145e-04 
4.761000e+02 -1.367958e-02 5.826890e-02 1.353597e+00 1.161640e+04 1.343148e+04 1.008390e+03 15000 12000 7.604727e-05     0 3.974507e-02 5.846032e+01 1.299723e+02 5.856412e-02 -3.131065e-04 
4.762000e+02 -1.374228e-02 5.822493e-02 1.353429e+00 1.161920e+04 1.344417e+04 1.008386e+03 15000 12000 6.427419e-05     0 3.974387e-02 5.843981e+01 1.299725e+02 5.856490e-02 -3.103876e-04 
4.763000e+02 -1.380393e-02 5.818109e-02 1.353258e+00 1.162200e+04 1.345686e+04 1.008382e+03 15000 12000 5.007174e-05     0 3.974264e-02 5.841934e+01 1.299727e+02 5.856570e-02 -3.076014e-04 
4.764000e+02 -1.386391e-02 5.813738e-02 1.353084e+00 1.162481e+04 1.346956e+04 1.008376e+03 15000 12000 3.517270e-05     0 3.974139e-02 5.839894e+01 1.299728e+02 5.856652e-02 -3.046502e-04 
4.765000e+02 -1.392176e-02 5.809380e-02 1.352907e+00 1.162762e+04 1.348225e+04 1.008371e+03 15000 12000 2.029706e-05     0 3.974011e-02 5.837859e+01 1.299730e+02 5.856735e-02 -3.013739e-04 
4.766000e+02 -1.397752e-02 5.805036e-02 1.352727e+00 1.163043e+04 1.349494e+04 1.008364e+03 15000 12000 1.258610e-05     0 3.973881e-02 5.835829e+01 1.299732e+02 5.856821e-02 -2.977466e-04 
4.767000e+02 -1.403173e-02 5.800706e-02 1.352544e+00 1.163324e+04 1.350763e+04 1.008357e+03 15000 12000 9.141121e-07     0 3.973748e-02 5.833806e+01 1.299734e+02 5.856908e-02 -2.940497e-04 
4.768000e+02 -1.408416e-02 5.796390e-02 1.352360e+00 1.163605e+04 1.352031e+04 1.008350e+03 15000 12000 -1.198857e-05     0 3.973613e-02 5.831789e+01 1.299736e+02 5.856997e-02 -2.903856e-04 
4.769000e+02 -1.413443e-02 5.792089e-02 1.352173e+00 1.163887e+04 1.353300e+04 1.008341e+03 15000 12000 -2.505416e-05     0 3.973476e-02 5.829778e+01 1.299738e+02 5.857088e-02 -2.867066e-04 
  477 -1.418231e-02 5.787803e-02 1.351984e+00 1.164168e+04 1.354569e+04 1.008333e+03 15000 12000 -3.784259e-05     0 3.973338e-02 5.827774e+01 1.299740e+02 5.857180e-02 -2.829239e-04 
4.771000e+02 -1.422787e-02 5.783533e-02 1.351793e+00 1.164451e+04 1.355838e+04 1.008324e+03 15000 12000 -4.560757e-05     0 3.973197e-02 5.825776e+01 1.299741e+02 5.857273e-02 -2.790340e-04 
4.772000e+02 -1.427156e-02 5.779278e-02 1.351600e+00 1.164733e+04 1.357107e+04 1.008314e+03 15000 12000 -5.580055e-05     0 3.973054e-02 5.823784e+01 1.299743e+02 5.857368e-02 -2.752310e-04 
4.773000e+02 -1.431328e-02 5.775038e-02 1.351405e+00 1.165015e+04 1.358375e+04 1.008303e+03 15000 12000 -6.661359e-05     0 3.972910e-02 5.821799e+01 1.299745e+02 5.857464e-02 -2.715822e-04 
4.774000e+02 -1.435280e-02 5.770816e-02 1.351209e+00 1.165298e+04 1.359644e+04 1.008292e+03 15000 12000 -7.734532e-05     0 3.972765e-02 5.819821e+01 1.299747e+02 5.857562e-02 -2.680476e-04 
4.775000e+02 -1.439002e-02 5.766609e-02 1.351012e+00 1.165581e+04 1.360912e+04 1.008281e+03 15000 12000 -8.771282e-05     0 3.972617e-02 5.817850e+01 1.299749e+02 5.857661e-02 -2.645555e-04 
4.776000e+02 -1.442511e-02 5.762419e-02 1.350813e+00 1.165864e+04 1.362181e+04 1.008269e+03 15000 12000 -9.327718e-05     0 3.972469e-02 5.815886e+01 1.299751e+02 5.857760e-02 -2.611073e-04 
4.777000e+02 -1.445855e-02 5.758246e-02 1.350612e+00 1.166148e+04 1.363449e+04 1.008256e+03 15000 12000 -1.011429e-04     0 3.972318e-02 5.813930e+01 1.299753e+02 5.857861e-02 -2.578795e-04 
4.778000e+02 -1.449028e-02 5.754090e-02 1.350411e+00 1.166432e+04 1.364718e+04 1.008243e+03 15000 12000 -1.096149e-04     0 3.972167e-02 5.811980e+01 1.299755e+02 5.857963e-02 -2.549162e-04 
4.779000e+02 -1.452012e-02 5.749952e-02 1.350209e+00 1.166716e+04 1.365986e+04 1.008229e+03 15000 12000 -1.180392e-04     0 3.972014e-02 5.810039e+01 1.299756e+02 5.858066e-02 -2.521508e-04 
  478 -1.454797e-02 5.745831e-02 1.350006e+00 1.167000e+04 1.367255e+04 1.008215e+03 15000 12000 -1.261552e-04     0 3.971860e-02 5.808104e+01 1.299758e+02 5.858170e-02 -2.494820e-04 
4.781000e+02 -1.457412e-02 5.741727e-02 1.349801e+00 1.167284e+04 1.368523e+04 1.008200e+03 15000 12000 -1.278673e-04     0 3.971705e-02 5.806178e+01 1.299760e+02 5.858275e-02 -2.469070e-04 
4.782000e+02 -1.459925e-02 5.737642e-02 1.349596e+00 1.167569e+04 1.369791e+04 1.008185e+03 15000 12000 -1.330460e-04     0 3.971548e-02 5.804259e+01 1.299762e+02 5.858381e-02 -2.446572e-04 
4.783000e+02 -1.462325e-02 5.733575e-02 1.349391e+00 1.167854e+04 1.371059e+04 1.008169e+03 15000 12000 -1.393500e-04     0 3.971390e-02 5.802348e+01 1.299764e+02 5.858487e-02 -2.427718e-04 
4.784000e+02 -1.464582e-02 5.729526e-02 1.349184e+00 1.168139e+04 1.372327e+04 1.008152e+03 15000 12000 -1.458716e-04     0 3.971231e-02 5.800445e+01 1.299766e+02 5.858595e-02 -2.411319e-04 
4.785000e+02 -1.466682e-02 5.725496e-02 1.348977e+00 1.168425e+04 1.373595e+04 1.008136e+03 15000 12000 -1.522443e-04     0 3.971071e-02 5.798551e+01 1.299768e+02 5.858703e-02 -2.395698e-04 
4.786000e+02 -1.468664e-02 5.721485e-02 1.348770e+00 1.168711e+04 1.374863e+04 1.008118e+03 15000 12000 -1.490027e-04     0 3.970910e-02 5.796664e+01 1.299769e+02 5.858813e-02 -2.380711e-04 
4.787000e+02 -1.470632e-02 5.717492e-02 1.348562e+00 1.168997e+04 1.376131e+04 1.008100e+03 15000 12000 -1.514903e-04     0 3.970747e-02 5.794786e+01 1.299771e+02 5.858923e-02 -2.369863e-04 
4.788000e+02 -1.472561e-02 5.713519e-02 1.348353e+00 1.169283e+04 1.377399e+04 1.008081e+03 15000 12000 -1.560606e-04     0 3.970583e-02 5.792917e+01 1.299773e+02 5.859034e-02 -2.363672e-04 
4.789000e+02 -1.474400e-02 5.709565e-02 1.348144e+00 1.169570e+04 1.378667e+04 1.008062e+03 15000 12000 -1.612902e-04     0 3.970418e-02 5.791056e+01 1.299775e+02 5.859145e-02 -2.360209e-04 
  479 -1.476119e-02 5.705630e-02 1.347935e+00 1.169856e+04 1.379934e+04 1.008043e+03 15000 12000 -1.665952e-04     0 3.970252e-02 5.789204e+01 1.299777e+02 5.859258e-02 -2.356808e-04 
4.791000e+02 -1.477772e-02 5.701715e-02 1.347724e+00 1.170143e+04 1.381202e+04 1.008022e+03 15000 12000 -1.576827e-04     0 3.970084e-02 5.787361e+01 1.299779e+02 5.859372e-02 -2.353153e-04 
4.792000e+02 -1.479511e-02 5.697820e-02 1.347514e+00 1.170431e+04 1.382470e+04 1.008002e+03 15000 12000 -1.576751e-04     0 3.969915e-02 5.785527e+01 1.299780e+02 5.859486e-02 -2.354478e-04 
4.793000e+02 -1.481293e-02 5.693946e-02 1.347303e+00 1.170718e+04 1.383737e+04 1.007980e+03 15000 12000 -1.610610e-04     0 3.969745e-02 5.783702e+01 1.299782e+02 5.859601e-02 -2.361570e-04 
4.794000e+02 -1.483034e-02 5.690091e-02 1.347092e+00 1.171006e+04 1.385005e+04 1.007959e+03 15000 12000 -1.656800e-04     0 3.969573e-02 5.781886e+01 1.299784e+02 5.859718e-02 -2.371576e-04 
4.795000e+02 -1.484683e-02 5.686257e-02 1.346880e+00 1.171294e+04 1.386272e+04 1.007936e+03 15000 12000 -1.706373e-04     0 3.969399e-02 5.780080e+01 1.299786e+02 5.859835e-02 -2.380563e-04 
4.796000e+02 -1.486311e-02 5.682443e-02 1.346668e+00 1.171583e+04 1.387540e+04 1.007914e+03 15000 12000 -1.555527e-04     0 3.969224e-02 5.778282e+01 1.299788e+02 5.859953e-02 -2.387988e-04 
4.797000e+02 -1.488133e-02 5.678651e-02 1.346455e+00 1.171872e+04 1.388807e+04 1.007890e+03 15000 12000 -1.533252e-04     0 3.969048e-02 5.776495e+01 1.299790e+02 5.860072e-02 -2.401285e-04 
4.798000e+02 -1.490080e-02 5.674879e-02 1.346242e+00 1.172160e+04 1.390074e+04 1.007867e+03 15000 12000 -1.560969e-04     0 3.968870e-02 5.774717e+01 1.299791e+02 5.860193e-02 -2.421629e-04 
4.799000e+02 -1.492031e-02 5.671129e-02 1.346028e+00 1.172450e+04 1.391341e+04 1.007842e+03 15000 12000 -1.607798e-04     0 3.968690e-02 5.772949e+01 1.299793e+02 5.860314e-02 -2.445070e-04 
  480 -1.493904e-02 5.667400e-02 1.345814e+00 1.172739e+04 1.392609e+04 1.007818e+03 15000 12000 -1.660879e-04     0 3.968509e-02 5.771190e+01 1.299795e+02 5.860436e-02 -2.466161e-04 
4.801000e+02 -1.495795e-02 5.663692e-02 1.345599e+00 1.173029e+04 1.393876e+04 1.007792e+03 15000 12000 -1.444048e-04     0 3.968325e-02 5.769442e+01 1.299797e+02 5.860560e-02 -2.484082e-04 
4.802000e+02 -1.497992e-02 5.660006e-02 1.345383e+00 1.173319e+04 1.395143e+04 1.007767e+03 15000 12000 -1.402355e-04     0 3.968140e-02 5.767703e+01 1.299799e+02 5.860685e-02 -2.508889e-04 
4.803000e+02 -1.500398e-02 5.656343e-02 1.345167e+00 1.173609e+04 1.396410e+04 1.007740e+03 15000 12000 -1.429373e-04     0 3.967954e-02 5.765975e+01 1.299800e+02 5.860810e-02 -2.542246e-04 
4.804000e+02 -1.502844e-02 5.652702e-02 1.344950e+00 1.173900e+04 1.397676e+04 1.007713e+03 15000 12000 -1.483211e-04     0 3.967765e-02 5.764257e+01 1.299802e+02 5.860937e-02 -2.578937e-04 
4.805000e+02 -1.505217e-02 5.649083e-02 1.344733e+00 1.174191e+04 1.398943e+04 1.007686e+03 15000 12000 -1.546360e-04     0 3.967574e-02 5.762549e+01 1.299804e+02 5.861066e-02 -2.611752e-04 
4.806000e+02 -1.507636e-02 5.645486e-02 1.344514e+00 1.174482e+04 1.400210e+04 1.007658e+03 15000 12000 -1.258849e-04     0 3.967381e-02 5.760852e+01 1.299806e+02 5.861195e-02 -2.639549e-04 
4.807000e+02 -1.510480e-02 5.641913e-02 1.344294e+00 1.174773e+04 1.401477e+04 1.007630e+03 15000 12000 -1.200092e-04     0 3.967187e-02 5.759165e+01 1.299808e+02 5.861326e-02 -2.675428e-04 
4.808000e+02 -1.513621e-02 5.638363e-02 1.344074e+00 1.175065e+04 1.402743e+04 1.007602e+03 15000 12000 -1.231458e-04     0 3.966990e-02 5.757489e+01 1.299809e+02 5.861458e-02 -2.721627e-04 
4.809000e+02 -1.516831e-02 5.634836e-02 1.343853e+00 1.175357e+04 1.404010e+04 1.007572e+03 15000 12000 -1.298308e-04     0 3.966791e-02 5.755824e+01 1.299811e+02 5.861591e-02 -2.771480e-04 
  481 -1.519962e-02 5.631332e-02 1.343631e+00 1.175649e+04 1.405277e+04 1.007543e+03 15000 12000 -1.377740e-04     0 3.966590e-02 5.754170e+01 1.299813e+02 5.861726e-02 -2.815751e-04 
4.811000e+02 -1.523161e-02 5.627851e-02 1.343406e+00 1.175942e+04 1.406543e+04 1.007513e+03 15000 12000 -1.013335e-04     0 3.966387e-02 5.752526e+01 1.299815e+02 5.861862e-02 -2.852933e-04 
4.812000e+02 -1.526916e-02 5.624395e-02 1.343181e+00 1.176235e+04 1.407809e+04 1.007482e+03 15000 12000 -9.391644e-05     0 3.966182e-02 5.750894e+01 1.299817e+02 5.861999e-02 -2.899628e-04 
4.813000e+02 -1.531061e-02 5.620963e-02 1.342956e+00 1.176528e+04 1.409076e+04 1.007451e+03 15000 12000 -9.795835e-05     0 3.965974e-02 5.749273e+01 1.299818e+02 5.862138e-02 -2.958745e-04 
4.814000e+02 -1.535301e-02 5.617555e-02 1.342729e+00 1.176821e+04 1.410342e+04 1.007419e+03 15000 12000 -1.065277e-04     0 3.965765e-02 5.747663e+01 1.299820e+02 5.862278e-02 -3.021945e-04 
4.815000e+02 -1.539443e-02 5.614172e-02 1.342500e+00 1.177115e+04 1.411608e+04 1.007387e+03 15000 12000 -1.167110e-04     0 3.965552e-02 5.746064e+01 1.299822e+02 5.862420e-02 -3.077659e-04 
4.816000e+02 -1.543672e-02 5.610812e-02 1.342268e+00 1.177409e+04 1.412874e+04 1.007355e+03 15000 12000 -7.168881e-05     0 3.965338e-02 5.744477e+01 1.299824e+02 5.862563e-02 -3.123966e-04 
4.817000e+02 -1.548606e-02 5.607477e-02 1.342036e+00 1.177703e+04 1.414140e+04 1.007322e+03 15000 12000 -6.280079e-05     0 3.965121e-02 5.742901e+01 1.299826e+02 5.862708e-02 -3.181540e-04 
4.818000e+02 -1.554033e-02 5.604169e-02 1.341803e+00 1.177998e+04 1.415406e+04 1.007289e+03 15000 12000 -6.819881e-05     0 3.964902e-02 5.741337e+01 1.299827e+02 5.862854e-02 -3.254060e-04 
4.819000e+02 -1.559580e-02 5.600886e-02 1.341568e+00 1.178293e+04 1.416672e+04 1.007255e+03 15000 12000 -7.924837e-05     0 3.964681e-02 5.739784e+01 1.299829e+02 5.863002e-02 -3.331241e-04 
  482 -1.564998e-02 5.597627e-02 1.341330e+00 1.178588e+04 1.417938e+04 1.007221e+03 15000 12000 -9.230835e-05     0 3.964456e-02 5.738244e+01 1.299831e+02 5.863151e-02 -3.398786e-04 
4.821000e+02 -1.570519e-02 5.594393e-02 1.341090e+00 1.178884e+04 1.419204e+04 1.007186e+03 15000 12000 -3.738708e-05     0 3.964229e-02 5.736715e+01 1.299833e+02 5.863302e-02 -3.454313e-04 
4.822000e+02 -1.576922e-02 5.591186e-02 1.340847e+00 1.179179e+04 1.420470e+04 1.007151e+03 15000 12000 -2.697322e-05     0 3.964001e-02 5.735198e+01 1.299834e+02 5.863454e-02 -3.523305e-04 
4.823000e+02 -1.583941e-02 5.588006e-02 1.340604e+00 1.179475e+04 1.421735e+04 1.007115e+03 15000 12000 -3.417688e-05     0 3.963770e-02 5.733693e+01 1.299836e+02 5.863607e-02 -3.610344e-04 
4.824000e+02 -1.591103e-02 5.584852e-02 1.340359e+00 1.179772e+04 1.423001e+04 1.007079e+03 15000 12000 -4.835274e-05     0 3.963536e-02 5.732200e+01 1.299838e+02 5.863762e-02 -3.702824e-04 
4.825000e+02 -1.598091e-02 5.581724e-02 1.340111e+00 1.180069e+04 1.424266e+04 1.007043e+03 15000 12000 -6.499481e-05     0 3.963299e-02 5.730720e+01 1.299840e+02 5.863919e-02 -3.783204e-04 
4.826000e+02 -1.605199e-02 5.578620e-02 1.339858e+00 1.180366e+04 1.425532e+04 1.007006e+03 15000 12000 1.786336e-06     0 3.963059e-02 5.729251e+01 1.299842e+02 5.864078e-02 -3.848575e-04 
4.827000e+02 -1.613409e-02 5.575545e-02 1.339604e+00 1.180663e+04 1.426797e+04 1.006969e+03 15000 12000 1.395356e-05     0 3.962817e-02 5.727795e+01 1.299843e+02 5.864238e-02 -3.930245e-04 
4.828000e+02 -1.622384e-02 5.572497e-02 1.339348e+00 1.180961e+04 1.428062e+04 1.006931e+03 15000 12000 4.474245e-06     0 3.962573e-02 5.726352e+01 1.299845e+02 5.864399e-02 -4.033879e-04 
4.829000e+02 -1.631528e-02 5.569478e-02 1.339090e+00 1.181259e+04 1.429328e+04 1.006893e+03 15000 12000 -1.357358e-05     0 3.962326e-02 5.724921e+01 1.299847e+02 5.864562e-02 -4.144028e-04 
  483 -1.640439e-02 5.566484e-02 1.338827e+00 1.181557e+04 1.430593e+04 1.006854e+03 15000 12000 -3.463004e-05     0 3.962076e-02 5.723503e+01 1.299849e+02 5.864727e-02 -4.239185e-04 
4.831000e+02 -1.649487e-02 5.563515e-02 1.338560e+00 1.181856e+04 1.431858e+04 1.006815e+03 15000 12000 4.694174e-05     0 3.961822e-02 5.722097e+01 1.299851e+02 5.864894e-02 -4.315838e-04 
4.832000e+02 -1.659920e-02 5.560576e-02 1.338291e+00 1.182155e+04 1.433123e+04 1.006776e+03 15000 12000 6.133649e-05     0 3.961567e-02 5.720704e+01 1.299852e+02 5.865062e-02 -4.412556e-04 
4.833000e+02 -1.671312e-02 5.557666e-02 1.338019e+00 1.182454e+04 1.434388e+04 1.006736e+03 15000 12000 4.906245e-05     0 3.961309e-02 5.719324e+01 1.299854e+02 5.865231e-02 -4.536333e-04 
4.834000e+02 -1.682903e-02 5.554784e-02 1.337745e+00 1.182754e+04 1.435653e+04 1.006696e+03 15000 12000 2.622731e-05     0 3.961048e-02 5.717957e+01 1.299856e+02 5.865403e-02 -4.668141e-04 
4.835000e+02 -1.694180e-02 5.551929e-02 1.337466e+00 1.183054e+04 1.436917e+04 1.006656e+03 15000 12000 -2.872036e-07     0 3.960783e-02 5.716603e+01 1.299858e+02 5.865576e-02 -4.781465e-04 
4.836000e+02 -1.705620e-02 5.549100e-02 1.337181e+00 1.183355e+04 1.438182e+04 1.006615e+03 15000 12000 1.004865e-04     0 3.960514e-02 5.715262e+01 1.299860e+02 5.865751e-02 -4.872093e-04 
4.837000e+02 -1.718824e-02 5.546300e-02 1.336893e+00 1.183656e+04 1.439447e+04 1.006573e+03 15000 12000 1.179477e-04     0 3.960243e-02 5.713934e+01 1.299861e+02 5.865928e-02 -4.987948e-04 
4.838000e+02 -1.733247e-02 5.543532e-02 1.336603e+00 1.183957e+04 1.440711e+04 1.006532e+03 15000 12000 1.022683e-04     0 3.959971e-02 5.712619e+01 1.299863e+02 5.866106e-02 -5.137703e-04 
4.839000e+02 -1.747909e-02 5.540793e-02 1.336309e+00 1.184258e+04 1.441975e+04 1.006490e+03 15000 12000 7.345254e-05     0 3.959694e-02 5.711317e+01 1.299865e+02 5.866286e-02 -5.297666e-04 
  484 -1.762151e-02 5.538081e-02 1.336009e+00 1.184560e+04 1.443240e+04 1.006447e+03 15000 12000 4.009342e-05     0 3.959413e-02 5.710029e+01 1.299867e+02 5.866468e-02 -5.434798e-04 
4.841000e+02 -1.776595e-02 5.535394e-02 1.335702e+00 1.184863e+04 1.444504e+04 1.006404e+03 15000 12000 1.668000e-04     0 3.959127e-02 5.708754e+01 1.299869e+02 5.866652e-02 -5.544056e-04 
4.842000e+02 -1.793330e-02 5.532738e-02 1.335392e+00 1.185165e+04 1.445768e+04 1.006361e+03 15000 12000 1.887283e-04     0 3.958840e-02 5.707493e+01 1.299871e+02 5.866838e-02 -5.685835e-04 
4.843000e+02 -1.811646e-02 5.530115e-02 1.335079e+00 1.185469e+04 1.447032e+04 1.006317e+03 15000 12000 1.688746e-04     0 3.958550e-02 5.706245e+01 1.299872e+02 5.867025e-02 -5.871016e-04 
4.844000e+02 -1.830262e-02 5.527523e-02 1.334762e+00 1.185772e+04 1.448296e+04 1.006274e+03 15000 12000 1.324311e-04     0 3.958256e-02 5.705011e+01 1.299874e+02 5.867214e-02 -6.069600e-04 
4.845000e+02 -1.848314e-02 5.524957e-02 1.334438e+00 1.186076e+04 1.449560e+04 1.006229e+03 15000 12000 9.028334e-05     0 3.957956e-02 5.703791e+01 1.299876e+02 5.867406e-02 -6.239745e-04 
4.846000e+02 -1.866637e-02 5.522416e-02 1.334104e+00 1.186380e+04 1.450824e+04 1.006185e+03 15000 12000 2.534371e-04     0 3.957651e-02 5.702584e+01 1.299878e+02 5.867600e-02 -6.375416e-04 
4.847000e+02 -1.888014e-02 5.519907e-02 1.333767e+00 1.186685e+04 1.452087e+04 1.006139e+03 15000 12000 2.821469e-04     0 3.957343e-02 5.701391e+01 1.299880e+02 5.867796e-02 -6.554291e-04 
4.848000e+02 -1.911497e-02 5.517434e-02 1.333427e+00 1.186990e+04 1.453351e+04 1.006094e+03 15000 12000 2.570849e-04     0 3.957034e-02 5.700212e+01 1.299882e+02 5.867993e-02 -6.790247e-04 
4.849000e+02 -1.935378e-02 5.514993e-02 1.333082e+00 1.187296e+04 1.454614e+04 1.006048e+03 15000 12000 2.106165e-04     0 3.956719e-02 5.699047e+01 1.299884e+02 5.868192e-02 -7.044444e-04 
  485 -1.958497e-02 5.512576e-02 1.332728e+00 1.187602e+04 1.455877e+04 1.006002e+03 15000 12000 1.568143e-04     0 3.956396e-02 5.697896e+01 1.299885e+02 5.868395e-02 -7.262690e-04 
4.851000e+02 -1.982014e-02 5.510184e-02 1.332363e+00 1.187909e+04 1.457141e+04 1.005956e+03 15000 12000 3.734470e-04     0 3.956066e-02 5.696758e+01 1.299887e+02 5.868601e-02 -7.437782e-04 
4.852000e+02 -2.009734e-02 5.507826e-02 1.331993e+00 1.188216e+04 1.458404e+04 1.005909e+03 15000 12000 4.128459e-04     0 3.955735e-02 5.695635e+01 1.299889e+02 5.868807e-02 -7.672402e-04 
4.853000e+02 -2.040359e-02 5.505507e-02 1.331621e+00 1.188523e+04 1.459667e+04 1.005862e+03 15000 12000 3.811081e-04     0 3.955400e-02 5.694527e+01 1.299891e+02 5.869015e-02 -7.984688e-04 
4.854000e+02 -2.071542e-02 5.503220e-02 1.331243e+00 1.188831e+04 1.460930e+04 1.005815e+03 15000 12000 3.209463e-04     0 3.955059e-02 5.693432e+01 1.299893e+02 5.869226e-02 -8.322844e-04 
4.855000e+02 -2.101691e-02 5.500958e-02 1.330852e+00 1.189140e+04 1.462192e+04 1.005767e+03 15000 12000 2.510540e-04     0 3.954707e-02 5.692352e+01 1.299895e+02 5.869442e-02 -8.614585e-04 
4.856000e+02 -2.132472e-02 5.498715e-02 1.330448e+00 1.189449e+04 1.463455e+04 1.005719e+03 15000 12000 5.502435e-04     0 3.954345e-02 5.691286e+01 1.299897e+02 5.869661e-02 -8.851432e-04 
4.857000e+02 -2.169282e-02 5.496512e-02 1.330039e+00 1.189758e+04 1.464718e+04 1.005670e+03 15000 12000 6.072629e-04     0 3.953981e-02 5.690234e+01 1.299899e+02 5.869881e-02 -9.174182e-04 
4.858000e+02 -2.210271e-02 5.494353e-02 1.329628e+00 1.190068e+04 1.465980e+04 1.005622e+03 15000 12000 5.666810e-04     0 3.953615e-02 5.689197e+01 1.299901e+02 5.870101e-02 -9.607335e-04 
4.859000e+02 -2.252102e-02 5.492228e-02 1.329209e+00 1.190379e+04 1.467242e+04 1.005572e+03 15000 12000 4.869106e-04     0 3.953238e-02 5.688174e+01 1.299903e+02 5.870325e-02 -1.007911e-03 
  486 -2.292507e-02 5.490123e-02 1.328775e+00 1.190690e+04 1.468504e+04 1.005523e+03 15000 12000 3.936903e-04     0 3.952846e-02 5.687166e+01 1.299905e+02 5.870556e-02 -1.048929e-03 
4.861000e+02 -2.334006e-02 5.488035e-02 1.328322e+00 1.191002e+04 1.469766e+04 1.005473e+03 15000 12000 8.288758e-04     0 3.952440e-02 5.686173e+01 1.299907e+02 5.870793e-02 -1.082837e-03 
4.862000e+02 -2.384620e-02 5.485991e-02 1.327865e+00 1.191314e+04 1.471028e+04 1.005423e+03 15000 12000 9.167860e-04     0 3.952031e-02 5.685194e+01 1.299909e+02 5.871027e-02 -1.129925e-03 
4.863000e+02 -2.441588e-02 5.484002e-02 1.327406e+00 1.191627e+04 1.472290e+04 1.005373e+03 15000 12000 8.640717e-04     0 3.951619e-02 5.684231e+01 1.299911e+02 5.871261e-02 -1.193659e-03 
4.864000e+02 -2.499925e-02 5.482051e-02 1.326939e+00 1.191940e+04 1.473551e+04 1.005323e+03 15000 12000 7.545464e-04     0 3.951192e-02 5.683281e+01 1.299914e+02 5.871500e-02 -1.263564e-03 
4.865000e+02 -2.556243e-02 5.480114e-02 1.326450e+00 1.192255e+04 1.474813e+04 1.005272e+03 15000 12000 6.253984e-04     0 3.950742e-02 5.682347e+01 1.299916e+02 5.871750e-02 -1.325005e-03 
4.866000e+02 -2.614649e-02 5.478183e-02 1.325937e+00 1.192569e+04 1.476074e+04 1.005220e+03 15000 12000 1.305486e-03     0 3.950268e-02 5.681428e+01 1.299918e+02 5.872007e-02 -1.377111e-03 
4.867000e+02 -2.687868e-02 5.476312e-02 1.325420e+00 1.192885e+04 1.477335e+04 1.005169e+03 15000 12000 1.452614e-03     0 3.949792e-02 5.680524e+01 1.299920e+02 5.872255e-02 -1.451247e-03 
4.868000e+02 -2.771489e-02 5.474518e-02 1.324905e+00 1.193201e+04 1.478596e+04 1.005117e+03 15000 12000 1.382756e-03     0 3.949315e-02 5.679635e+01 1.299923e+02 5.872500e-02 -1.552657e-03 
4.869000e+02 -2.857554e-02 5.472771e-02 1.324379e+00 1.193518e+04 1.479856e+04 1.005065e+03 15000 12000 1.224570e-03     0 3.948813e-02 5.678761e+01 1.299925e+02 5.872753e-02 -1.664914e-03 
  487 -2.940654e-02 5.471026e-02 1.323824e+00 1.193836e+04 1.481117e+04 1.005013e+03 15000 12000 1.035543e-03     0 3.948271e-02 5.677902e+01 1.299927e+02 5.873023e-02 -1.765036e-03 
4.871000e+02 -3.028250e-02 5.469271e-02 1.323234e+00 1.194154e+04 1.482377e+04 1.004960e+03 15000 12000 2.218709e-03     0 3.947688e-02 5.677059e+01 1.299930e+02 5.873300e-02 -1.853046e-03 
4.872000e+02 -3.142648e-02 5.467614e-02 1.322645e+00 1.194473e+04 1.483637e+04 1.004907e+03 15000 12000 2.495801e-03     0 3.947107e-02 5.676231e+01 1.299933e+02 5.873549e-02 -1.982924e-03 
4.873000e+02 -3.276049e-02 5.466094e-02 1.322066e+00 1.194793e+04 1.484897e+04 1.004854e+03 15000 12000 2.401697e-03     0 3.946531e-02 5.675418e+01 1.299935e+02 5.873782e-02 -2.163479e-03 
4.874000e+02 -3.414393e-02 5.464655e-02 1.321476e+00 1.195114e+04 1.486157e+04 1.004800e+03 15000 12000 2.155059e-03     0 3.945917e-02 5.674621e+01 1.299938e+02 5.874022e-02 -2.366015e-03 
4.875000e+02 -3.548125e-02 5.463191e-02 1.320842e+00 1.195436e+04 1.487416e+04 1.004746e+03 15000 12000 1.854293e-03     0 3.945226e-02 5.673840e+01 1.299941e+02 5.874294e-02 -2.550241e-03 
4.876000e+02 -3.693600e-02 5.461689e-02 1.320156e+00 1.195759e+04 1.488676e+04 1.004692e+03 15000 12000 4.320687e-03     0 3.944455e-02 5.673075e+01 1.299944e+02 5.874563e-02 -2.721282e-03 
4.877000e+02 -3.897162e-02 5.460437e-02 1.319495e+00 1.196083e+04 1.489935e+04 1.004637e+03 15000 12000 4.954243e-03     0 3.943714e-02 5.672326e+01 1.299948e+02 5.874715e-02 -2.990785e-03 
4.878000e+02 -4.142417e-02 5.459551e-02 1.318875e+00 1.196408e+04 1.491193e+04 1.004582e+03 15000 12000 4.831398e-03     0 3.943027e-02 5.671593e+01 1.299951e+02 5.874782e-02 -3.376613e-03 
4.879000e+02 -4.399848e-02 5.458892e-02 1.318253e+00 1.196734e+04 1.492452e+04 1.004527e+03 15000 12000 4.394022e-03     0 3.942290e-02 5.670876e+01 1.299955e+02 5.874829e-02 -3.818632e-03 
  488 -4.649400e-02 5.458172e-02 1.317554e+00 1.197061e+04 1.493710e+04 1.004472e+03 15000 12000 3.842410e-03     0 3.941397e-02 5.670176e+01 1.299959e+02 5.874935e-02 -4.231800e-03 
4.881000e+02 -4.944653e-02 5.457438e-02 1.316788e+00 1.197389e+04 1.494968e+04 1.004416e+03 15000 12000 1.138047e-02     0 3.940326e-02 5.669494e+01 1.299963e+02 5.874885e-02 -4.659213e-03 
4.882000e+02 -5.424152e-02 5.457985e-02 1.316188e+00 1.197719e+04 1.496225e+04 1.004359e+03 15000 12000 1.354209e-02     0 3.939568e-02 5.668829e+01 1.299968e+02 5.874042e-02 -5.443826e-03 
4.883000e+02 -6.038220e-02 5.460523e-02 1.315810e+00 1.198050e+04 1.497482e+04 1.004302e+03 15000 12000 1.346479e-02     0 3.939350e-02 5.668182e+01 1.299974e+02 5.872436e-02 -6.640893e-03 
4.884000e+02 -6.696942e-02 5.464634e-02 1.315510e+00 1.198383e+04 1.498739e+04 1.004245e+03 15000 12000 1.244200e-02     0 3.939403e-02 5.667554e+01 1.299980e+02 5.870352e-02 -8.065732e-03 
4.885000e+02 -7.339278e-02 5.469027e-02 1.315061e+00 1.198717e+04 1.499995e+04 1.004186e+03 15000 12000 1.106454e-02     0 3.939353e-02 5.666947e+01 1.299987e+02 5.868247e-02 -9.452682e-03 
4.886000e+02 -8.453076e-02 5.477124e-02 1.314864e+00 1.199053e+04 1.501251e+04 1.004127e+03 15000 12000 7.469568e-02     0 3.938735e-02 5.666363e+01 1.299995e+02 5.861151e-02 -1.151715e-02 
4.887000e+02 -1.117337e-01 5.513469e-02 1.317000e+00 1.199392e+04 1.502506e+04 1.004067e+03 15000 12000 9.495848e-02     0 3.946103e-02 5.665804e+01 1.300006e+02 5.831156e-02 -1.723772e-02 
4.888000e+02 -1.508473e-01 5.606319e-02 1.321965e+00 1.199733e+04 1.503760e+04 1.004004e+03 15000 12000 9.702834e-02     0 3.971653e-02 5.665278e+01 1.300021e+02 5.764239e-02 -2.711834e-02 
4.889000e+02 -1.943482e-01 5.768597e-02 1.328509e+00 1.200078e+04 1.505014e+04 1.003936e+03 15000 12000 9.130979e-02     0 4.028757e-02 5.664805e+01 1.300041e+02 5.658530e-02 -3.958698e-02 
  489 -2.371503e-01 5.982670e-02 1.334605e+00 1.200428e+04 1.506266e+04 1.003861e+03 1.500000e+04 1.241072e+04 8.257128e-02     0 4.132756e-02 5.664418e+01 1.300064e+02 5.530784e-02 -5.232869e-02 
4.891000e+02 -2.774795e-01 9.455113e-02 1.329608e+00 1.200782e+04 1.507517e+04 1.003759e+03 1.500000e+04 1.241072e+04 7.304470e-02     0 -2.617994e-01 5.086065e+01 1.299919e+02 8.892320e-02 -6.381281e-02 
4.892000e+02 -3.160056e-01 1.705068e-01 1.307193e+00 1.201143e+04 1.508765e+04 1.003687e+03 1.500000e+04 1.241072e+04 6.355389e-02     0 -2.617994e-01 4.548356e+01 1.298173e+02 1.560269e-01 -7.436981e-02 
4.893000e+02 -3.536742e-01 2.527446e-01 1.274308e+00 1.201516e+04 1.510006e+04 1.003788e+03 1.500000e+04 1.241072e+04 5.425229e-02     0 -2.617994e-01 4.046082e+01 1.294232e+02 2.200940e-01 -8.274768e-02 
4.894000e+02 -3.907562e-01 3.218954e-01 1.236311e+00 1.201906e+04 1.511236e+04 1.004183e+03 1.500000e+04 1.241072e+04 4.509216e-02     0 -2.617994e-01 3.574234e+01 1.288122e+02 2.644675e-01 -8.712436e-02 
4.895000e+02 -4.271966e-01 3.716101e-01 1.196303e+00 1.202317e+04 1.512451e+04 1.004946e+03 1.500000e+04 1.240918e+04 3.604697e-02     0 -2.617994e-01 3.129412e+01 1.280186e+02 2.867376e-01 -8.651657e-02 
4.896000e+02 -4.631677e-01 4.034932e-01 1.155516e+00 1.202750e+04 1.513645e+04 1.006095e+03 1.500000e+04 1.240918e+04 2.709469e-02     0 -2.617994e-01 2.708021e+01 1.270841e+02 2.920121e-01 -8.111797e-02 
4.897000e+02 -4.990391e-01 4.228281e-01 1.113901e+00 1.203206e+04 1.514816e+04 1.007615e+03 1.500000e+04 1.240918e+04 1.818253e-02     0 -2.617994e-01 2.307443e+01 1.260433e+02 2.878178e-01 -7.199777e-02 
4.898000e+02 -5.348744e-01 4.349894e-01 1.071150e+00 1.203685e+04 1.515961e+04 1.009469e+03 1.500000e+04 1.240918e+04 9.263367e-03     0 -2.617994e-01    20 1.249189e+02 2.804284e-01 -6.061890e-02 
4.899000e+02 -5.702149e-01 4.439769e-01 1.027211e+00 1.204188e+04 1.517077e+04 1.011615e+03 1.500000e+04 1.240918e+04 3.645577e-04     0 -2.617994e-01    20 1.237389e+02 2.736709e-01 -4.843016e-02 
  490 -6.041910e-01 4.521520e-01 9.824303e-01 1.204714e+04 1.518164e+04 1.014017e+03 1.500000e+04 1.240755e+04 -8.385408e-03     0 -2.617994e-01    20 1.225157e+02 2.691435e-01 -3.662304e-02 
4.901000e+02 -6.358071e-01 4.606423e-01 9.374027e-01 1.205263e+04 1.519221e+04 1.016641e+03 1.500000e+04 1.240755e+04 -1.678561e-02     0 -2.617994e-01    20 1.212507e+02 2.669945e-01 -2.601368e-02 
4.902000e+02 -6.641732e-01 4.697659e-01 8.928201e-01 1.205834e+04 1.520245e+04 1.019458e+03 1.500000e+04 1.240755e+04 -2.461195e-02     0 -2.617994e-01    20 1.199451e+02 2.666043e-01 -1.703171e-02 
4.903000e+02 -6.886786e-01 4.794712e-01 8.492729e-01 1.206427e+04 1.521235e+04 1.022446e+03 1.500000e+04 1.240755e+04 -3.166662e-02     0 -2.617994e-01    20 1.186006e+02 2.671964e-01 -9.788912e-03 
4.904000e+02 -7.090601e-01 4.895894e-01 8.071448e-01 1.207041e+04 1.522192e+04 1.025585e+03 1.500000e+04 1.240755e+04 -3.781299e-02     0 -2.617994e-01    20 1.172201e+02 2.681483e-01 -4.181649e-03 
4.905000e+02 -7.253869e-01 4.999528e-01 7.665934e-01 1.207675e+04 1.523113e+04 1.028855e+03 1.500000e+04 1.240590e+04 -4.299086e-02     0 -2.617994e-01    20 1.158069e+02 2.690886e-01 9.035185e-06 
4.906000e+02 -7.379920e-01 5.104283e-01 7.275914e-01 1.208328e+04 1.523998e+04 1.032240e+03 1.500000e+04 1.240590e+04 -4.721413e-02     0 -2.617994e-01    20 1.143646e+02 2.698686e-01 3.040030e-03 
4.907000e+02 -7.473776e-01 5.209139e-01 6.899954e-01 1.208997e+04 1.524847e+04 1.035725e+03 1.500000e+04 1.240590e+04 -5.055642e-02     0 -2.617994e-01    20 1.128967e+02 2.704846e-01 5.156982e-03 
4.908000e+02 -7.541213e-01 5.313251e-01 6.536123e-01 1.209683e+04 1.525660e+04 1.039295e+03 1.500000e+04 1.240590e+04 -5.313082e-02     0 -2.617994e-01    20 1.114063e+02 2.710012e-01 6.569481e-03 
4.909000e+02 -7.587996e-01 5.415827e-01 6.182494e-01 1.210382e+04 1.526436e+04 1.042937e+03 1.500000e+04 1.240590e+04 -5.506921e-02     0 -2.617994e-01    20 1.098963e+02 2.714962e-01 7.443302e-03 
  491 -7.619355e-01 5.516076e-01 5.837429e-01 1.211094e+04 1.527176e+04 1.046638e+03 1.500000e+04 1.240428e+04 -5.650496e-02     0 -2.617994e-01    20 1.083693e+02 2.720315e-01 7.902637e-03 
4.911000e+02 -7.639709e-01 5.613186e-01 5.499687e-01 1.211816e+04 1.527880e+04 1.050386e+03 1.500000e+04 1.240428e+04 -5.756078e-02     0 -2.617994e-01    20 1.068275e+02 2.726437e-01 8.037042e-03 
4.912000e+02 -7.652580e-01 5.706354e-01 5.168405e-01 1.212547e+04 1.528548e+04 1.054171e+03 1.500000e+04 1.240428e+04 -5.834180e-02     0 -2.617994e-01    20 1.052733e+02 2.733466e-01 7.909666e-03 
4.913000e+02 -7.660636e-01 5.794802e-01 4.843029e-01 1.213286e+04 1.529182e+04 1.057981e+03 1.500000e+04 1.240428e+04 -5.893308e-02     0 -2.617994e-01    20 1.037088e+02 2.741384e-01 7.564874e-03 
4.914000e+02 -7.665815e-01 5.877807e-01 4.523225e-01 1.214030e+04 1.529781e+04 1.061807e+03 1.500000e+04 1.240428e+04 -5.940011e-02     0 -2.617994e-01    20 1.021362e+02 2.750094e-01 7.034363e-03 
4.915000e+02 -7.669467e-01 5.954713e-01 4.208802e-01 1.214779e+04 1.530347e+04 1.065638e+03 1.500000e+04 1.240270e+04 -5.979120e-02     0 -2.617994e-01    20 1.005576e+02 2.759479e-01 6.341585e-03 
4.916000e+02 -7.672492e-01 6.024937e-01 3.899650e-01 1.215530e+04 1.530879e+04 1.069465e+03 1.500000e+04 1.240270e+04 -6.014055e-02     0 -2.617994e-01    20 9.897520e+01 2.769438e-01 5.504594e-03 
4.917000e+02 -7.675463e-01 6.087967e-01 3.595705e-01 1.216284e+04 1.531380e+04 1.073278e+03 1.500000e+04 1.240270e+04 -6.047142e-02     0 -2.617994e-01    20 9.739132e+01 2.779903e-01 4.537690e-03 
4.918000e+02 -7.678723e-01 6.143354e-01 3.296932e-01 1.217038e+04 1.531849e+04 1.077068e+03 1.500000e+04 1.240270e+04 -6.079893e-02     0 -2.617994e-01    20 9.580821e+01 2.790840e-01 3.452215e-03 
4.919000e+02 -7.682452e-01 6.190704e-01 3.003310e-01 1.217792e+04 1.532288e+04 1.080828e+03 1.500000e+04 1.240270e+04 -6.113230e-02     0 -2.617994e-01    20 9.422822e+01 2.802244e-01 2.256850e-03 
  492 -7.686720e-01 6.229669e-01 2.714836e-01 1.218545e+04 1.532698e+04 1.084547e+03 1.500000e+04 1.240114e+04 -6.147660e-02     0 -2.617994e-01    20 9.265376e+01 2.814132e-01 9.576769e-04 
4.921000e+02 -7.691521e-01 6.259941e-01 2.431525e-01 1.219296e+04 1.533079e+04 1.088217e+03 1.500000e+04 1.240114e+04 -6.183404e-02     0 -2.617994e-01    20 9.108729e+01 2.826531e-01 -4.418128e-04 
4.922000e+02 -7.696801e-01 6.281240e-01 2.153415e-01 1.220044e+04 1.533433e+04 1.091832e+03 1.500000e+04 1.240114e+04 -6.220480e-02     0 -2.617994e-01    20 8.953135e+01 2.839474e-01 -1.940658e-03 
4.923000e+02 -7.702468e-01 6.293315e-01 1.880568e-01 1.220789e+04 1.533760e+04 1.095382e+03 1.500000e+04 1.240114e+04 -6.258775e-02     0 -2.617994e-01    20 8.798851e+01 2.852994e-01 -3.540272e-03 
4.924000e+02 -7.708411e-01 6.295936e-01 1.613081e-01 1.221530e+04 1.534062e+04 1.098860e+03 1.500000e+04 1.240114e+04 -6.298080e-02     0 -2.617994e-01    20 8.646145e+01 2.867118e-01 -5.244185e-03 
4.925000e+02 -7.714506e-01 6.288892e-01 1.351106e-01 1.222267e+04 1.534339e+04 1.102260e+03 1.500000e+04 1.239961e+04 -6.338132e-02     0 -2.617994e-01    20 8.495290e+01 2.881869e-01 -7.057685e-03 
4.926000e+02 -7.720625e-01 6.271988e-01 1.094891e-01 1.222998e+04 1.534592e+04 1.105574e+03 1.500000e+04 1.239961e+04 -6.378632e-02     0 -2.617994e-01    20 8.346567e+01 2.897262e-01 -8.987400e-03 
4.927000e+02 -7.726645e-01 6.245043e-01 8.449229e-02 1.223725e+04 1.534822e+04 1.108795e+03 1.500000e+04 1.239961e+04 -6.419270e-02     0 -2.617994e-01    20 8.200264e+01 2.913304e-01 -1.104083e-02 
4.928000e+02 -7.732451e-01 6.207886e-01 6.023848e-02 1.224446e+04 1.535030e+04 1.111918e+03 1.500000e+04 1.239961e+04 -6.459743e-02     0 -2.617994e-01    20 8.056678e+01 2.929990e-01 -1.322585e-02 
4.929000e+02 -7.737940e-01 6.160360e-01 3.713233e-02 1.225161e+04 1.535216e+04 1.114936e+03 1.500000e+04 1.239961e+04 -6.499765e-02     0 -2.617994e-01    20 7.916112e+01 2.947306e-01 -1.555021e-02 
  493 -7.743028e-01 6.102316e-01 1.768568e-02 1.225871e+04 1.535383e+04 1.117844e+03 1.500000e+04 1.239809e+04 -6.539085e-02     0 -2.617994e-01    20 7.778879e+01 2.965223e-01 -1.802102e-02 
4.931000e+02 -7.747652e-01 6.033618e-01 -1.887474e-02 1.226574e+04 1.535529e+04 1.120636e+03 1.500000e+04 1.239809e+04 -6.577491e-02     0 -2.617994e-01    20 7.645298e+01 2.983698e-01 -2.064427e-02 
4.932000e+02 -7.751769e-01 5.954137e-01 -3.791797e-02 1.227272e+04 1.535657e+04 1.123308e+03 1.500000e+04 1.239809e+04 -6.614823e-02     0 -2.617994e-01    20 7.515695e+01 3.002674e-01 -2.342429e-02 
4.933000e+02 -7.755360e-01 5.863759e-01 -5.907172e-02 1.227964e+04 1.535767e+04 1.125853e+03 1.500000e+04 1.239809e+04 -6.650971e-02     0 -2.617994e-01    20 7.390403e+01 3.022072e-01 -2.636326e-02 
4.934000e+02 -7.758428e-01 5.762382e-01 -8.029813e-02 1.228650e+04 1.535859e+04 1.128269e+03 1.500000e+04 1.239809e+04 -6.685880e-02     0 -2.617994e-01    20 7.269758e+01 3.041793e-01 -2.946073e-02 
4.935000e+02 -7.760996e-01 5.649921e-01 -1.012631e-01 1.229330e+04 1.535934e+04 1.130551e+03 1.500000e+04 1.239658e+04 -6.719550e-02     0 -2.617994e-01    20 7.154104e+01 3.061718e-01 -3.271309e-02 
4.936000e+02 -7.763106e-01 5.526309e-01 -1.218849e-01 1.230004e+04 1.535992e+04 1.132694e+03 1.500000e+04 1.239658e+04 -6.752031e-02     0 -2.617994e-01    20 7.043783e+01 3.081699e-01 -3.611309e-02 
4.937000e+02 -7.764816e-01 5.391501e-01 -1.421495e-01 1.230672e+04 1.536035e+04 1.134695e+03 1.500000e+04 1.239658e+04 -6.783421e-02     0 -2.617994e-01    20 6.939140e+01 3.101568e-01 -3.964935e-02 
4.938000e+02 -7.766197e-01 5.245480e-01 -1.620691e-01 1.231335e+04 1.536063e+04 1.136551e+03 1.500000e+04 1.239658e+04 -6.813855e-02     0 -2.617994e-01    20 6.840518e+01 3.121125e-01 -4.330593e-02 
4.939000e+02 -7.767329e-01 5.088259e-01 -1.816692e-01 1.231993e+04 1.536075e+04 1.138259e+03 1.500000e+04 1.239658e+04 -6.843501e-02     0 -2.617994e-01    20 6.748255e+01 3.140149e-01 -4.706189e-02 
  494 -7.768296e-01 4.919887e-01 -2.009836e-01 1.232645e+04 1.536074e+04 1.139815e+03 1.500000e+04 1.239507e+04 -6.872548e-02     0 -2.617994e-01    20 6.662681e+01 3.158392e-01 -5.089100e-02 
4.941000e+02 -7.769181e-01 4.740458e-01 -2.200521e-01 1.233292e+04 1.536058e+04 1.141217e+03 1.500000e+04 1.239507e+04 -6.901200e-02     0 -2.617994e-01    20 6.584115e+01 3.175585e-01 -5.476148e-02 
4.942000e+02 -7.770064e-01 4.550108e-01 -2.389194e-01 1.233934e+04 1.536028e+04 1.142462e+03 1.500000e+04 1.239507e+04 -6.929655e-02     0 -2.617994e-01    20 6.512861e+01 3.191441e-01 -5.863592e-02 
4.943000e+02 -7.771013e-01 4.349032e-01 -2.576343e-01 1.234571e+04 1.535985e+04 1.143548e+03 1.500000e+04 1.239507e+04 -6.958105e-02     0 -2.617994e-01    20 6.449206e+01 3.205663e-01 -6.247136e-02 
4.944000e+02 -7.772082e-01 4.137482e-01 -2.762492e-01 1.235204e+04 1.535929e+04 1.144474e+03 1.500000e+04 1.239507e+04 -6.986713e-02     0 -2.617994e-01    20 6.393410e+01 3.217949e-01 -6.621957e-02 
4.945000e+02 -7.773302e-01 3.915777e-01 -2.948193e-01 1.235833e+04 1.535859e+04 1.145237e+03 1.500000e+04 1.239357e+04 -7.015605e-02     0 -2.617994e-01    20 6.345712e+01 3.228003e-01 -6.982758e-02 
4.946000e+02 -7.774682e-01 3.684307e-01 -3.134027e-01 1.236457e+04 1.535777e+04 1.145836e+03 1.500000e+04 1.239357e+04 -7.044857e-02     0 -2.617994e-01    20 6.306315e+01 3.235544e-01 -7.323843e-02 
4.947000e+02 -7.776193e-01 3.443542e-01 -3.320596e-01 1.237077e+04 1.535682e+04 1.146269e+03 1.500000e+04 1.239357e+04 -7.074476e-02     0 -2.617994e-01    20 6.275391e+01 3.240322e-01 -7.639225e-02 
4.948000e+02 -7.777774e-01 3.194036e-01 -3.508518e-01 1.237693e+04 1.535574e+04 1.146535e+03 1.500000e+04 1.239357e+04 -7.104392e-02     0 -2.617994e-01    20 6.253073e+01 3.242124e-01 -7.922755e-02 
4.949000e+02 -7.779317e-01 2.936428e-01 -3.698423e-01 1.238306e+04 1.535454e+04 1.146634e+03 1.500000e+04 1.239357e+04 -7.134438e-02     0 -2.617994e-01    20 6.239455e+01 3.240793e-01 -8.168278e-02 
  495 -7.780670e-01 2.671454e-01 -3.890945e-01 1.238915e+04 1.535321e+04 1.146563e+03 1.500000e+04 1.239207e+04 -7.164341e-02     0 -2.617994e-01    20 6.234588e+01 3.236234e-01 -8.369813e-02 
4.951000e+02 -7.781626e-01 2.399942e-01 -4.086717e-01 1.239521e+04 1.535176e+04 1.146323e+03 1.500000e+04 1.239207e+04 -7.193707e-02     0 -2.617994e-01    20 6.238479e+01 3.228426e-01 -8.521745e-02 
4.952000e+02 -7.781925e-01 2.122819e-01 -4.286358e-01 1.240124e+04 1.535017e+04 1.145913e+03 1.500000e+04 1.239207e+04 -7.222012e-02     0 -2.617994e-01    20 6.251094e+01 3.217431e-01 -8.619029e-02 
4.953000e+02 -7.781248e-01 1.841110e-01 -4.490468e-01 1.240723e+04 1.534846e+04 1.145332e+03 1.500000e+04 1.239207e+04 -7.248592e-02     0 -2.617994e-01    20 6.272352e+01 3.203391e-01 -8.657396e-02 
4.954000e+02 -7.779217e-01 1.555935e-01 -4.699615e-01 1.241320e+04 1.534662e+04 1.144580e+03 1.500000e+04 1.239207e+04 -7.272635e-02     0 -2.617994e-01    20 6.302131e+01 3.186536e-01 -8.633551e-02 
4.955000e+02 -7.775401e-01 1.268506e-01 -4.914321e-01 1.241913e+04 1.534465e+04 1.143658e+03 1.500000e+04 1.239059e+04 -7.293184e-02     0 -2.617994e-01    20 6.340269e+01 3.167170e-01 -8.545354e-02 
4.956000e+02 -7.769313e-01 9.801238e-02 -5.135050e-01 1.242503e+04 1.534254e+04 1.142564e+03 1.500000e+04 1.239059e+04 -7.309139e-02     0 -2.617994e-01    20 6.386564e+01 3.145667e-01 -8.391983e-02 
4.957000e+02 -7.760423e-01 6.921659e-02 -5.362192e-01 1.243091e+04 1.534030e+04 1.141300e+03 1.500000e+04 1.239059e+04 -7.319267e-02     0 -2.617994e-01    20 6.440779e+01 3.122455e-01 -8.174051e-02 
4.958000e+02 -7.748166e-01 4.060801e-02 -5.596048e-01 1.243675e+04 1.533792e+04 1.139866e+03 1.500000e+04 1.239059e+04 -7.322220e-02     0 -2.617994e-01    20 6.502641e+01 3.097999e-01 -7.893692e-02 
4.959000e+02 -7.731955e-01 1.233696e-02 -5.836814e-01 1.244256e+04 1.533540e+04 1.138263e+03 1.500000e+04 1.239059e+04 -7.316562e-02     0 -2.617994e-01    20 6.571851e+01 3.072780e-01 -7.554594e-02 
  496 -7.711199e-01 -1.544222e-02 -6.084566e-01 1.244834e+04 1.533273e+04 1.136491e+03 1.500000e+04 1.238911e+04 -7.300800e-02     0 -2.617994e-01    20 6.648081e+01 3.047276e-01 -7.161978e-02 
4.961000e+02 -7.685323e-01 -4.257292e-02 -6.339247e-01 1.245409e+04 1.532991e+04 1.134552e+03 1.500000e+04 1.238911e+04 -7.273431e-02     0 -2.617994e-01    20 6.730980e+01 3.021938e-01 -6.722522e-02 
4.962000e+02 -7.653788e-01 -6.889838e-02 -6.600652e-01 1.245981e+04 1.532695e+04 1.132446e+03 1.500000e+04 1.238911e+04 -7.232986e-02     0 -2.617994e-01    20 6.820177e+01 2.997176e-01 -6.244221e-02 
4.963000e+02 -7.616114e-01 -9.426386e-02 -6.868426e-01 1.246548e+04 1.532382e+04 1.130177e+03 1.500000e+04 1.238911e+04 -7.178083e-02     0 -2.617994e-01    20 6.915284e+01 2.973338e-01 -5.736194e-02 
4.964000e+02 -7.571901e-01 -1.185192e-01 -7.142060e-01 1.247112e+04 1.532053e+04 1.127745e+03 1.500000e+04 1.238911e+04 -7.107484e-02     0 -2.617994e-01    20 7.015899e+01 2.950705e-01 -5.208433e-02 
4.965000e+02 -7.520850e-01 -1.415212e-01 -7.420893e-01 1.247672e+04 1.531708e+04 1.125153e+03 1.500000e+04 1.238765e+04 -7.020150e-02     0 -2.617994e-01    20 7.121610e+01 2.929480e-01 -4.671506e-02 
4.966000e+02 -7.462778e-01 -1.631367e-01 -7.704124e-01 1.248227e+04 1.531346e+04 1.122404e+03 1.500000e+04 1.238765e+04 -6.915286e-02     0 -2.617994e-01    20 7.231997e+01 2.909791e-01 -4.136219e-02 
4.967000e+02 -7.397631e-01 -1.832445e-01 -7.990833e-01 1.248777e+04 1.530966e+04 1.119501e+03 1.500000e+04 1.238765e+04 -6.792384e-02     0 -2.617994e-01    20 7.346634e+01 2.891696e-01 -3.613258e-02 
4.968000e+02 -7.325490e-01 -2.017386e-01 -8.280006e-01 1.249322e+04 1.530568e+04 1.116448e+03 1.500000e+04 1.238765e+04 -6.651251e-02     0 -2.617994e-01    20 7.465091e+01 2.875190e-01 -3.112814e-02 
4.969000e+02 -7.246567e-01 -2.185299e-01 -8.570569e-01 1.249862e+04 1.530152e+04 1.113248e+03 1.500000e+04 1.238765e+04 -6.492025e-02     0 -2.617994e-01    20 7.586940e+01 2.860219e-01 -2.644223e-02 
  497 -7.161207e-01 -2.335484e-01 -8.861425e-01 1.250395e+04 1.529717e+04 1.109906e+03 1.500000e+04 1.238622e+04 -6.315180e-02     0 -2.617994e-01    20 7.711753e+01 2.846695e-01 -2.215626e-02 
4.971000e+02 -7.069872e-01 -2.467445e-01 -9.151500e-01 1.250921e+04 1.529263e+04 1.106428e+03 1.500000e+04 1.238622e+04 -6.121509e-02     0 -2.617994e-01    20 7.839103e+01 2.834507e-01 -1.833683e-02 
4.972000e+02 -6.973131e-01 -2.580901e-01 -9.439783e-01 1.251440e+04 1.528789e+04 1.102818e+03 1.500000e+04 1.238622e+04 -5.912109e-02     0 -2.617994e-01    20 7.968570e+01 2.823537e-01 -1.503344e-02 
4.973000e+02 -6.871642e-01 -2.675783e-01 -9.725371e-01 1.251952e+04 1.528295e+04 1.099084e+03 1.500000e+04 1.238622e+04 -5.688342e-02     0 -2.617994e-01    20 8.099738e+01 2.813668e-01 -1.227705e-02 
4.974000e+02 -6.766142e-01 -2.752238e-01 -1.000750e+00 1.252455e+04 1.527779e+04 1.095231e+03 1.500000e+04 1.238622e+04 -5.451810e-02     0 -2.617994e-01    20 8.232197e+01 2.804791e-01 -1.007951e-02 
4.975000e+02 -6.657425e-01 -2.810609e-01 -1.028557e+00 1.252949e+04 1.527243e+04 1.091267e+03 1.500000e+04 1.238483e+04 -5.204308e-02     0 -2.617994e-01    20 8.365544e+01 2.796807e-01 -8.433952e-03 
4.976000e+02 -6.546340e-01 -2.851426e-01 -1.055916e+00 1.253434e+04 1.526686e+04 1.087199e+03 1.500000e+04 1.238483e+04 -4.947802e-02     0 -2.617994e-01    20 8.499383e+01 2.789631e-01 -7.316159e-03 
4.977000e+02 -6.433768e-01 -2.875374e-01 -1.082807e+00 1.253908e+04 1.526107e+04 1.083037e+03 1.500000e+04 1.238483e+04 -4.684388e-02     0 -2.617994e-01    20 8.633327e+01 2.783184e-01 -6.686755e-03 
4.978000e+02 -6.320622e-01 -2.883272e-01 -1.109224e+00 1.254372e+04 1.525506e+04 1.078788e+03 1.500000e+04 1.238483e+04 -4.416265e-02     0 -2.617994e-01    20 8.766996e+01 2.777397e-01 -6.494129e-03 
4.979000e+02 -6.207830e-01 -2.876036e-01 -1.135183e+00 1.254824e+04 1.524882e+04 1.074462e+03 1.500000e+04 1.238483e+04 -4.145715e-02     0 -2.617994e-01    20 8.900020e+01 2.772201e-01 -6.677857e-03 
  498 -6.096330e-01 -2.854648e-01 -1.160710e+00 1.255264e+04 1.524236e+04 1.070068e+03 1.500000e+04 1.238348e+04 -3.875064e-02     0 -2.617994e-01    20 9.032040e+01 2.767528e-01 -7.172367e-03 
4.981000e+02 -5.987050e-01 -2.820121e-01 -1.185845e+00 1.255691e+04 1.523568e+04 1.065617e+03 1.500000e+04 1.238348e+04 -3.606662e-02     0 -2.617994e-01    20 9.162707e+01 2.763312e-01 -7.910594e-03 
4.982000e+02 -5.880896e-01 -2.773469e-01 -1.210638e+00 1.256106e+04 1.522877e+04 1.061120e+03 1.500000e+04 1.238348e+04 -3.342840e-02     0 -2.617994e-01    20 9.291685e+01 2.759486e-01 -8.827339e-03 
4.983000e+02 -5.778735e-01 -2.715679e-01 -1.235140e+00 1.256506e+04 1.522163e+04 1.056586e+03 1.500000e+04 1.238348e+04 -3.085875e-02     0 -2.617994e-01    20 9.418650e+01 2.755988e-01 -9.862129e-03 
4.984000e+02 -5.681372e-01 -2.647689e-01 -1.259408e+00 1.256891e+04 1.521427e+04 1.052027e+03 1.500000e+04 1.238348e+04 -2.837940e-02     0 -2.617994e-01    20 9.543291e+01 2.752760e-01 -1.096140e-02 
4.985000e+02 -5.589531e-01 -2.570372e-01 -1.283496e+00 1.257262e+04 1.520668e+04 1.047454e+03 1.500000e+04 1.238217e+04 -2.601058e-02     0 -2.617994e-01    20 9.665315e+01 2.749756e-01 -1.207988e-02 
4.986000e+02 -5.503839e-01 -2.484531e-01 -1.307455e+00 1.257616e+04 1.519886e+04 1.042878e+03 1.500000e+04 1.238217e+04 -2.377052e-02     0 -2.617994e-01    20 9.784442e+01 2.746938e-01 -1.318123e-02 
4.987000e+02 -5.424806e-01 -2.390889e-01 -1.331332e+00 1.257954e+04 1.519082e+04 1.038310e+03 1.500000e+04 1.238217e+04 -2.167503e-02     0 -2.617994e-01    20 9.900409e+01 2.744280e-01 -1.423793e-02 
4.988000e+02 -5.352816e-01 -2.290102e-01 -1.355169e+00 1.258274e+04 1.518256e+04 1.033762e+03 1.500000e+04 1.238217e+04 -1.973709e-02     0 -2.617994e-01    20 1.001297e+02 2.741770e-01 -1.523054e-02 
4.989000e+02 -5.288123e-01 -2.182755e-01 -1.379000e+00 1.258576e+04 1.517409e+04 1.029244e+03 1.500000e+04 1.238217e+04 -1.796661e-02     0 -2.617994e-01    20 1.012189e+02 2.739401e-01 -1.614659e-02 
  499 -5.230852e-01 -2.069384e-01 -1.402857e+00 1.258859e+04 1.516540e+04 1.024769e+03 1.500000e+04 1.238088e+04 -1.637035e-02     0 -2.617994e-01    20 1.022695e+02 2.737175e-01 -1.697917e-02 
4.991000e+02 -5.181002e-01 -1.950475e-01 -1.426763e+00 1.259123e+04 1.515651e+04 1.020345e+03 1.500000e+04 1.238088e+04 -1.495189e-02     0 -2.617994e-01    20 1.032796e+02 2.735097e-01 -1.772545e-02 
4.992000e+02 -5.138463e-01 -1.826481e-01 -1.450738e+00 1.259367e+04 1.514742e+04 1.015985e+03 1.500000e+04 1.238088e+04 -1.371183e-02     0 -2.617994e-01    20 1.042474e+02 2.733172e-01 -1.838539e-02 
4.993000e+02 -5.103029e-01 -1.697832e-01 -1.474798e+00 1.259590e+04 1.513813e+04 1.011698e+03 1.500000e+04 1.238088e+04 -1.264811e-02     0 -2.617994e-01    20 1.051711e+02 2.731408e-01 -1.896054e-02 
4.994000e+02 -5.074418e-01 -1.564935e-01 -1.498957e+00 1.259791e+04 1.512865e+04 1.007495e+03 1.500000e+04 1.238088e+04 -1.175631e-02     0 -2.617994e-01    20 1.060493e+02 2.729808e-01 -1.945319e-02 
4.995000e+02 -5.052292e-01 -1.428185e-01 -1.523226e+00 1.259970e+04 1.511899e+04 1.003385e+03 1.500000e+04 1.237959e+04 -1.103018e-02     0 -2.617994e-01    20 1.068805e+02 2.728372e-01 -1.986580e-02 
4.996000e+02 -5.036273e-01 -1.287967e-01 -1.547613e+00 1.260125e+04 1.510916e+04 9.993764e+02 1.500000e+04 1.237959e+04 -1.046205e-02     0 -2.617994e-01    20 1.076637e+02 2.727102e-01 -2.020075e-02 
4.997000e+02 -5.025960e-01 -1.144653e-01 -1.572125e+00 1.260257e+04 1.509917e+04 9.954794e+02 1.500000e+04 1.237959e+04 -1.004326e-02     0 -2.617994e-01    20 1.083976e+02 2.725995e-01 -2.046025e-02 
4.998000e+02 -5.020944e-01 -9.986058e-02 -1.596768e+00 1.260365e+04 1.508903e+04 9.917017e+02 1.500000e+04 1.237959e+04 -9.764546e-03     0 -2.617994e-01    20 1.090814e+02 2.725048e-01 -2.064644e-02 
4.999000e+02 -5.020819e-01 -8.501786e-02 -1.621547e+00 1.260447e+04 1.507875e+04 9.880512e+02 1.500000e+04 1.237959e+04 -9.616392e-03     0 -2.617994e-01    20 1.097143e+02 2.724257e-01 -2.076160e-02 
  500 -5.025184e-01 -6.997116e-02 -1.646464e+00 1.260504e+04 1.506835e+04 9.845353e+02 1.500000e+04 1.237824e+04 -9.589249e-03     0 -2.617994e-01    20 1.102956e+02 2.723618e-01 -2.080833e-02 
