    0     0     0     0     0     0  1000  1000  5000     0     0     0    20 1.181000e+02     0     0 
1.000000e-01 1.253889e-03 -4.613255e-03 -2.102530e-04 1.180484e+01 1.115270e-05 9.999287e+02  1000  5000 -1.866743e-02     0 2.617994e-01    20 1.180032e+02 6.786913e-03 1.903104e-04 
2.000000e-01 6.644942e-03 -3.556658e-02 -1.221470e-03 2.360001e+01 2.401709e-04 9.997262e+02  1000  5000 -2.497232e-02     0 2.617994e-01    20 1.179481e+02 -1.204006e-02 1.174601e-03 
3.000000e-01 1.541522e-02 -8.128864e-02 -3.496149e-03 3.538967e+01 1.085192e-03 9.993561e+02  1000  5000 -2.614725e-02     0 2.617994e-01    20 1.179808e+02 -4.131280e-02 2.948686e-03 
4.000000e-01 2.588629e-02 -1.286947e-01 -6.842560e-03 4.717876e+01 2.420819e-03 9.987628e+02  1000  5000 -2.507199e-02     0 2.103871e-01    20 1.181232e+02 -6.753495e-02 5.197872e-03 
5.000000e-01 3.675104e-02 -1.635448e-01 -1.057309e-02 5.897064e+01 3.239737e-03 9.978952e+02  1000  5000 -2.302781e-02     0 1.824076e-01    20 1.183742e+02 -7.806135e-02 7.691175e-03 
6.000000e-01 4.723138e-02 -1.832106e-01 -1.395672e-02 7.076684e+01 2.588266e-03 9.967335e+02  1000  5000 -2.186867e-02     0 1.812919e-01    20 1.187085e+02 -7.347121e-02 1.029221e-02 
7.000000e-01 5.710612e-02 -1.939246e-01 -1.668343e-02 8.256858e+01 4.237158e-04 9.952884e+02  1000  5000 -1.989566e-02     0 1.753693e-01    20 1.191030e+02 -6.171895e-02 1.280773e-02 
8.000000e-01 6.620865e-02 -2.004651e-01 -1.858199e-02 9.437780e+01 -2.454364e-03 9.935825e+02  1000  5000 -1.772997e-02     0 1.608750e-01    20 1.195441e+02 -4.801196e-02 1.497300e-02 
9.000000e-01 7.444729e-02 -2.045257e-01 -1.944266e-02 1.061972e+02 -4.645402e-03 9.916405e+02  1000  5000 -1.561955e-02     0 1.382614e-01    20 1.200233e+02 -3.401137e-02 1.654426e-02 
    1 8.182164e-02 -2.059144e-01 -1.906398e-02 1.180303e+02 -4.225693e-03 9.894870e+02  1000  5000 -1.366115e-02     0 1.152755e-01    20 1.205325e+02 -1.952115e-02 1.737312e-02 
1.100000e+00 8.848059e-02 -2.045158e-01 -1.739383e-02 1.298812e+02 1.371375e-03 9.871478e+02  1000  5000 -1.290747e-02     0 9.504333e-02    20 1.210627e+02 -4.537041e-03 1.743676e-02 
1.200000e+00 9.471649e-02 -2.008391e-01 -1.455587e-02 1.417546e+02 1.540273e-02 9.846504e+02  1000  5000 -1.164981e-02     0 7.704421e-02    20 1.216053e+02 1.036115e-02 1.684291e-02 
1.300000e+00 1.006064e-01 -1.955855e-01 -1.075875e-02 1.536557e+02 4.171861e-02 9.820224e+02  1000  5000 -1.025985e-02     0 6.038085e-02    20 1.221525e+02 2.452365e-02 1.575053e-02 
1.400000e+00 1.061477e-01 -1.892738e-01 -6.246734e-03 1.655896e+02 8.458636e-02 9.792907e+02  1000  5000 -8.872693e-03     0 4.495741e-02    20 1.226983e+02 3.756878e-02 1.433258e-02 
1.500000e+00 1.113256e-01 -1.822072e-01 -1.556853e-03 1.775608e+02 1.485173e-01 9.764805e+02  1000  5000 -7.540301e-03     0 3.109203e-02    20 1.232375e+02 4.936168e-02 1.275899e-02 
1.600000e+00 1.160187e-01 -1.745876e-01 4.511908e-03 1.895737e+02 2.381187e-01 9.736149e+02  1000  5000 -4.857477e-03     0 1.899086e-02    20 1.237658e+02 5.987668e-02 1.116205e-02 
1.700000e+00 1.199592e-01 -1.665932e-01 1.005949e-02 2.016318e+02 3.579319e-01 9.707152e+02  1000  5000 -3.210230e-03     0 8.630116e-03    20 1.242796e+02 6.911788e-02 9.595013e-03 
1.800000e+00 1.232079e-01 -1.583819e-01 1.574882e-02 2.137378e+02 5.122636e-01 9.678005e+02  1000  5000 -2.057810e-03     0 -1.177773e-04    20 1.247760e+02 7.710567e-02 8.121182e-03 
1.900000e+00 1.259108e-01 -1.500800e-01 2.141279e-02 2.258939e+02 7.050824e-01 9.648880e+02  1000  5000 -1.179873e-03     0 -7.379778e-03    20 1.252527e+02 8.388872e-02 6.812260e-03 
    2 1.281809e-01 -1.417837e-01 2.694536e-02 2.381013e+02 9.399662e-01 9.619928e+02  1000  5000 -4.753443e-04     0 -1.326703e-02    20 1.257080e+02 8.954122e-02 5.725932e-03 
2.100000e+00 1.298986e-01 -1.335701e-01 3.229805e-02 2.503605e+02 1.220068e+00 9.591280e+02  1000  5000 2.573302e-03     0 -1.789296e-02    20 1.261405e+02 9.415236e-02 4.855188e-03 
2.200000e+00 1.306578e-01 -1.255193e-01 3.750425e-02 2.626714e+02 1.548032e+00 9.563048e+02  1000  5000 3.882843e-03     0 -2.061856e-02    20 1.265496e+02 9.780817e-02 4.075298e-03 
2.300000e+00 1.306370e-01 -1.177873e-01 4.257091e-02 2.750332e+02 1.925910e+00 9.535330e+02  1000  5000 4.413165e-03     0 -2.255919e-02    20 1.269346e+02 1.004978e-01 3.337813e-03 
2.400000e+00 1.301509e-01 -1.103940e-01 4.748142e-02 2.874446e+02 2.355155e+00 9.508200e+02  1000  5000 4.566373e-03     0 -2.559627e-02    20 1.272958e+02 1.023701e-01 2.662827e-03 
2.500000e+00 1.294365e-01 -1.030856e-01 5.223447e-02 2.999038e+02 2.836743e+00 9.481719e+02  1000  5000 4.533125e-03     0 -2.659211e-02    20 1.276333e+02 1.037755e-01 2.094433e-03 
2.600000e+00 1.284678e-01 -9.592972e-02 5.680183e-02 3.124088e+02 3.371364e+00 9.455937e+02  1000  5000 6.585074e-03     0 -2.635667e-02    20 1.279467e+02 1.047068e-01 1.637318e-03 
2.700000e+00 1.269181e-01 -8.911687e-02 6.120214e-02 3.249572e+02 3.959378e+00 9.430898e+02  1000  5000 7.150138e-03     0 -2.503124e-02    20 1.282364e+02 1.050715e-01 1.199185e-03 
2.800000e+00 1.249555e-01 -8.281262e-02 6.543503e-02 3.375465e+02 4.600717e+00 9.406630e+02  1000  5000 7.087046e-03     0 -2.361542e-02    20 1.285031e+02 1.048044e-01 7.633179e-04 
2.900000e+00 1.228457e-01 -7.696540e-02 6.948938e-02 3.501740e+02 5.294911e+00 9.383148e+02  1000  5000 6.754309e-03     0 -2.361280e-02    20 1.287481e+02 1.040767e-01 3.702691e-04 
    3 1.207717e-01 -7.128132e-02 7.336735e-02 3.628368e+02 6.041227e+00 9.360456e+02  1000  5000 6.318248e-03     0 -2.201188e-02    20 1.289720e+02 1.032232e-01 7.262324e-05 
3.100000e+00 1.186848e-01 -6.580835e-02 7.704660e-02 3.755321e+02 6.838855e+00 9.338554e+02  1000  5000 7.656290e-03     0 -1.960861e-02    20 1.291754e+02 1.022067e-01 -1.190882e-04 
3.200000e+00 1.162845e-01 -6.070901e-02 8.054991e-02 3.882571e+02 7.686852e+00 9.317439e+02  1000  5000 7.810920e-03     0 -1.671084e-02    20 1.293591e+02 1.009147e-01 -2.819703e-04 
3.300000e+00 1.136883e-01 -5.610341e-02 8.388987e-02 4.010091e+02 8.584054e+00 9.297100e+02  1000  5000 7.486608e-03     0 -1.390992e-02    20 1.295241e+02 9.928454e-02 -4.346642e-04 
3.400000e+00 1.110987e-01 -5.192372e-02 8.707075e-02 4.137853e+02 9.529099e+00 9.277518e+02  1000  5000 6.974722e-03     0 -1.234848e-02    20 1.296720e+02 9.745491e-02 -5.519215e-04 
3.500000e+00 1.086518e-01 -4.793353e-02 9.010191e-02 4.265832e+02 1.052054e+01 9.258666e+02  1000  5000 6.408566e-03     0 -9.747409e-03    20 1.298037e+02 9.567044e-02 -6.000908e-04 
3.600000e+00 1.063005e-01 -4.416499e-02 9.297687e-02 4.394002e+02 1.155698e+01 9.240519e+02  1000  5000 7.249166e-03     0 -6.726471e-03    20 1.299199e+02 9.388746e-02 -5.777420e-04 
3.700000e+00 1.038019e-01 -4.072601e-02 9.572636e-02 4.522341e+02 1.263702e+01 9.223052e+02  1000  5000 7.193524e-03     0 -3.833493e-03    20 1.300215e+02 9.201752e-02 -5.497052e-04 
3.800000e+00 1.012411e-01 -3.763655e-02 9.837474e-02 4.650827e+02 1.375918e+01 9.206234e+02  1000  5000 6.788880e-03     0 -1.094512e-03    20 1.301098e+02 9.006700e-02 -5.344134e-04 
3.900000e+00 9.876880e-02 -3.485650e-02 1.009256e-01 4.779438e+02 1.492198e+01 9.190033e+02  1000  5000 6.260267e-03     0 1.614812e-03    20 1.301857e+02 8.809014e-02 -5.147300e-04 
    4 9.648391e-02 -3.234848e-02 1.033702e-01 4.908157e+02 1.612394e+01 9.174416e+02  1000  5000 5.709515e-03     0 4.326708e-03    20 1.302503e+02 8.612693e-02 -4.646094e-04 
4.100000e+00 9.434039e-02 -3.009499e-02 1.057081e-01 5.036966e+02 1.736367e+01 9.159346e+02  1000  5000 6.270069e-03     0 6.997256e-03    20 1.303045e+02 8.419405e-02 -3.808072e-04 
4.200000e+00 9.214044e-02 -2.808781e-02 1.079719e-01 5.165847e+02 1.863983e+01 9.144790e+02  1000  5000 6.150354e-03     0 9.583943e-03    20 1.303492e+02 8.230051e-02 -3.099489e-04 
4.300000e+00 8.994262e-02 -2.631408e-02 1.101800e-01 5.294788e+02 1.995111e+01 9.130713e+02  1000  5000 5.773599e-03     0 1.207157e-02    20 1.303853e+02 8.045684e-02 -2.633225e-04 
4.400000e+00 8.785624e-02 -2.475639e-02 1.123299e-01 5.423774e+02 2.129623e+01 9.117080e+02  1000  5000 5.312739e-03     0 1.445742e-02    20 1.304136e+02 7.867394e-02 -2.247944e-04 
4.500000e+00 8.595001e-02 -2.339701e-02 1.144097e-01 5.552793e+02 2.267396e+01 9.103856e+02  1000  5000 4.844953e-03     0 1.673721e-02    20 1.304350e+02 7.696029e-02 -1.712885e-04 
4.600000e+00 8.417728e-02 -2.222039e-02 1.164166e-01 5.681835e+02 2.408319e+01 9.091010e+02  1000  5000 5.294442e-03     0 1.890426e-02    20 1.304501e+02 7.532169e-02 -9.797859e-05 
4.700000e+00 8.237022e-02 -2.121406e-02 1.183759e-01 5.810889e+02 2.552287e+01 9.078509e+02  1000  5000 5.191771e-03     0 2.095306e-02    20 1.304597e+02 7.376228e-02 -4.030445e-05 
4.800000e+00 8.057268e-02 -2.036456e-02 1.203005e-01 5.939947e+02 2.699197e+01 9.066322e+02  1000  5000 4.881844e-03     0 2.288167e-02    20 1.304644e+02 7.228520e-02 -5.936061e-06 
4.900000e+00 7.887073e-02 -1.965757e-02 1.221858e-01 6.069002e+02 2.848951e+01 9.054420e+02  1000  5000 4.505094e-03     0 2.469023e-02    20 1.304648e+02 7.089242e-02 1.942617e-05 
    5 7.731796e-02 -1.907900e-02 1.240200e-01 6.198047e+02 3.001458e+01 9.042775e+02  1000  5000 4.123820e-03     0 2.637937e-02    20 1.304615e+02 6.958471e-02 5.566847e-05 
5.100000e+00 7.587046e-02 -1.861043e-02 1.258001e-01 6.327075e+02 3.156633e+01 9.031360e+02  1000  5000 4.532879e-03     0 2.807988e-02    20 1.304549e+02 6.836750e-02 1.073170e-04 
5.200000e+00 7.438542e-02 -1.826652e-02 1.275455e-01 6.456082e+02 3.314399e+01 9.020151e+02  1000  5000 4.463342e-03     0 2.952498e-02    20 1.304457e+02 6.721449e-02 1.448577e-04 
5.300000e+00 7.289916e-02 -1.803046e-02 1.292666e-01 6.585063e+02 3.474679e+01 9.009124e+02  1000  5000 4.213407e-03     0 3.083664e-02    20 1.304342e+02 6.613569e-02 1.620147e-04 
5.400000e+00 7.148615e-02 -1.787102e-02 1.309596e-01 6.714015e+02 3.637400e+01 8.998256e+02  1000  5000 3.903850e-03     0 3.194270e-02    20 1.304209e+02 6.514929e-02 1.713080e-04 
5.500000e+00 7.019302e-02 -1.775923e-02 1.326144e-01 6.842933e+02 3.802494e+01 8.987527e+02  1000  5000 3.588373e-03     0 3.306873e-02    20 1.304061e+02 6.426684e-02 1.901576e-04 
5.600000e+00 6.898210e-02 -1.770054e-02 1.342263e-01 6.971817e+02 3.969901e+01 8.976919e+02  1000  5000 3.971291e-03     0 3.412781e-02    20 1.303901e+02 6.346691e-02 2.227680e-04 
5.700000e+00 6.772579e-02 -1.770414e-02 1.358125e-01 7.100662e+02 4.139561e+01 8.966414e+02  1000  5000 3.927698e-03     0 3.506190e-02    20 1.303731e+02 6.273104e-02 2.435059e-04 
5.800000e+00 6.645884e-02 -1.776459e-02 1.373808e-01 7.229468e+02 4.311420e+01 8.955996e+02  1000  5000 3.721223e-03     0 3.588663e-02    20 1.303555e+02 6.205614e-02 2.469659e-04 
5.900000e+00 6.524824e-02 -1.786964e-02 1.389260e-01 7.358233e+02 4.485422e+01 8.945652e+02  1000  5000 3.459386e-03     0 3.662892e-02    20 1.303375e+02 6.144432e-02 2.443357e-04 
    6 6.413639e-02 -1.800931e-02 1.404374e-01 7.486956e+02 4.661517e+01 8.935368e+02  1000  5000 3.190076e-03     0 3.729837e-02    20 1.303192e+02 6.089470e-02 2.512402e-04 
6.100000e+00 6.308979e-02 -1.817750e-02 1.419114e-01 7.615637e+02 4.839659e+01 8.925133e+02  1000  5000 3.551216e-03     0 3.789482e-02    20 1.303009e+02 6.040349e-02 2.715020e-04 
6.200000e+00 6.199398e-02 -1.837041e-02 1.433644e-01 7.744273e+02 5.019804e+01 8.914935e+02  1000  5000 3.523838e-03     0 3.841944e-02    20 1.302828e+02 5.996655e-02 2.820931e-04 
6.300000e+00 6.088141e-02 -1.858351e-02 1.448031e-01 7.872867e+02 5.201908e+01 8.904764e+02  1000  5000 3.346968e-03     0 3.887735e-02    20 1.302648e+02 5.958042e-02 2.780088e-04 
6.400000e+00 5.981365e-02 -1.881168e-02 1.462221e-01 8.001416e+02 5.385931e+01 8.894613e+02  1000  5000 3.118220e-03     0 3.927467e-02    20 1.302473e+02 5.924186e-02 2.692334e-04 
6.500000e+00 5.882992e-02 -1.905018e-02 1.476114e-01 8.129922e+02 5.571832e+01 8.884473e+02  1000  5000 2.881185e-03     0 3.961650e-02    20 1.302302e+02 5.894752e-02 2.698405e-04 
6.600000e+00 5.790043e-02 -1.929534e-02 1.489675e-01 8.258384e+02 5.759575e+01 8.874338e+02  1000  5000 3.218559e-03     0 3.990703e-02    20 1.302137e+02 5.869396e-02 2.832647e-04 
6.700000e+00 5.692153e-02 -1.954491e-02 1.503052e-01 8.386803e+02 5.949126e+01 8.864203e+02  1000  5000 3.199826e-03     0 4.015023e-02    20 1.301978e+02 5.847789e-02 2.885464e-04 
6.800000e+00 5.592348e-02 -1.979641e-02 1.516306e-01 8.515180e+02 6.140451e+01 8.854061e+02  1000  5000 3.043469e-03     0 4.035048e-02    20 1.301825e+02 5.829620e-02 2.810318e-04 
6.900000e+00 5.496302e-02 -2.004707e-02 1.529384e-01 8.643514e+02 6.333516e+01 8.843909e+02  1000  5000 2.838788e-03     0 4.051215e-02    20 1.301679e+02 5.814585e-02 2.697361e-04 
    7 5.407649e-02 -2.029434e-02 1.542194e-01 8.771807e+02 6.528288e+01 8.833743e+02  1000  5000 2.625728e-03     0 4.063915e-02    20 1.301541e+02 5.802389e-02 2.674489e-04 
7.100000e+00 5.323701e-02 -2.053638e-02 1.554703e-01 8.900060e+02 6.724739e+01 8.823560e+02  1000  5000 2.939074e-03     0 4.073494e-02    20 1.301410e+02 5.792747e-02 2.772702e-04 
7.200000e+00 5.234996e-02 -2.077246e-02 1.567046e-01 9.028273e+02 6.922839e+01 8.813358e+02  1000  5000 2.924980e-03     0 4.080268e-02    20 1.301286e+02 5.785400e-02 2.799800e-04 
7.300000e+00 5.144342e-02 -2.100157e-02 1.579278e-01 9.156447e+02 7.122561e+01 8.803135e+02  1000  5000 2.784043e-03     0 4.084570e-02    20 1.301170e+02 5.780104e-02 2.712515e-04 
7.400000e+00 5.056973e-02 -2.122241e-02 1.591350e-01 9.284582e+02 7.323875e+01 8.792888e+02  1000  5000 2.598289e-03     0 4.086723e-02    20 1.301061e+02 5.776628e-02 2.592987e-04 
7.500000e+00 4.976251e-02 -2.143378e-02 1.603176e-01 9.412680e+02 7.526756e+01 8.782618e+02  1000  5000 2.404445e-03     0 4.087007e-02    20 1.300960e+02 5.774753e-02 2.558239e-04 
7.600000e+00 4.899729e-02 -2.163501e-02 1.614727e-01 9.540742e+02 7.731176e+01 8.772322e+02  1000  5000 2.694239e-03     0 4.085665e-02    20 1.300865e+02 5.774270e-02 2.636553e-04 
7.700000e+00 4.818734e-02 -2.182631e-02 1.626125e-01 9.668769e+02 7.937113e+01 8.762002e+02  1000  5000 2.682685e-03     0 4.082910e-02    20 1.300778e+02 5.774996e-02 2.651254e-04 
7.800000e+00 4.735862e-02 -2.200754e-02 1.637421e-01 9.796760e+02 8.144540e+01 8.751656e+02  1000  5000 2.554261e-03     0 4.078970e-02    20 1.300698e+02 5.776764e-02 2.562328e-04 
7.900000e+00 4.655935e-02 -2.217831e-02 1.648569e-01 9.924718e+02 8.353434e+01 8.741285e+02  1000  5000 2.384421e-03     0 4.074062e-02    20 1.300624e+02 5.779416e-02 2.445063e-04 
    8 4.582058e-02 -2.233821e-02 1.659490e-01 1.005264e+03 8.563770e+01 8.730889e+02  1000  5000 2.206962e-03     0 4.068368e-02    20 1.300556e+02 5.782804e-02 2.406905e-04 
8.100000e+00 4.511991e-02 -2.248724e-02 1.670156e-01 1.018054e+03 8.775526e+01 8.720468e+02  1000  5000 2.474180e-03     0 4.062036e-02    20 1.300494e+02 5.786794e-02 2.473769e-04 
8.200000e+00 4.437774e-02 -2.262607e-02 1.680682e-01 1.030840e+03 8.988680e+01 8.710024e+02  1000  5000 2.464111e-03     0 4.055194e-02    20 1.300437e+02 5.791269e-02 2.483078e-04 
8.300000e+00 4.361795e-02 -2.275504e-02 1.691111e-01 1.043623e+03 9.203210e+01 8.699556e+02  1000  5000 2.346454e-03     0 4.047981e-02    20 1.300386e+02 5.796126e-02 2.397903e-04 
8.400000e+00 4.288496e-02 -2.287422e-02 1.701403e-01 1.056403e+03 9.419093e+01 8.689066e+02  1000  5000 2.190619e-03     0 4.040529e-02    20 1.300340e+02 5.801271e-02 2.287378e-04 
8.500000e+00 4.220737e-02 -2.298361e-02 1.711486e-01 1.069181e+03 9.636307e+01 8.678554e+02  1000  5000 2.027707e-03     0 4.032942e-02    20 1.300299e+02 5.806615e-02 2.250235e-04 
8.600000e+00 4.156466e-02 -2.308353e-02 1.721332e-01 1.081955e+03 9.854833e+01 8.668022e+02  1000  5000 2.273532e-03     0 4.025299e-02    20 1.300262e+02 5.812080e-02 2.310226e-04 
8.700000e+00 4.088371e-02 -2.317481e-02 1.731048e-01 1.094727e+03 1.007465e+02 8.657471e+02  1000  5000 2.264412e-03     0 4.017662e-02    20 1.300229e+02 5.817600e-02 2.317763e-04 
8.800000e+00 4.018648e-02 -2.325798e-02 1.740674e-01 1.107496e+03 1.029574e+02 8.646901e+02  1000  5000 2.156361e-03     0 4.010104e-02    20 1.300199e+02 5.823123e-02 2.238826e-04 
8.900000e+00 3.951382e-02 -2.333328e-02 1.750172e-01 1.120262e+03 1.051808e+02 8.636314e+02  1000  5000 2.013195e-03     0 4.002698e-02    20 1.300173e+02 5.828600e-02 2.136920e-04 
    9 3.889203e-02 -2.340090e-02 1.759477e-01 1.133026e+03 1.074165e+02 8.625711e+02  1000  5000 1.863505e-03     0 3.995493e-02    20 1.300151e+02 5.833984e-02 2.102755e-04 
9.100000e+00 3.830230e-02 -2.346124e-02 1.768564e-01 1.145788e+03 1.096643e+02 8.615093e+02  1000  5000 2.089252e-03     0 3.988518e-02    20 1.300131e+02 5.839238e-02 2.158107e-04 
9.200000e+00 3.767749e-02 -2.351512e-02 1.777529e-01 1.158547e+03 1.119240e+02 8.604460e+02  1000  5000 2.080825e-03     0 3.981795e-02    20 1.300114e+02 5.844333e-02 2.165449e-04 
9.300000e+00 3.703776e-02 -2.356308e-02 1.786410e-01 1.171304e+03 1.141955e+02 8.593814e+02  1000  5000 1.981535e-03     0 3.975353e-02    20 1.300099e+02 5.849248e-02 2.093499e-04 
9.400000e+00 3.642063e-02 -2.360539e-02 1.795174e-01 1.184058e+03 1.164786e+02 8.583157e+02  1000  5000 1.849998e-03     0 3.969224e-02    20 1.300087e+02 5.853964e-02 2.000580e-04 
9.500000e+00 3.585025e-02 -2.364227e-02 1.803758e-01 1.196810e+03 1.187730e+02 8.572488e+02  1000  5000 1.712478e-03     0 3.963425e-02    20 1.300076e+02 5.858464e-02 1.969983e-04 
9.600000e+00 3.530938e-02 -2.367408e-02 1.812141e-01 1.209560e+03 1.210786e+02 8.561809e+02  1000  5000 1.919548e-03     0 3.957955e-02    20 1.300067e+02 5.862734e-02 2.021670e-04 
9.700000e+00 3.473639e-02 -2.370154e-02 1.820412e-01 1.222308e+03 1.233952e+02 8.551120e+02  1000  5000 1.911711e-03     0 3.952810e-02    20 1.300060e+02 5.866769e-02 2.029319e-04 
9.800000e+00 3.414979e-02 -2.372512e-02 1.828606e-01 1.235054e+03 1.257227e+02 8.540423e+02  1000  5000 1.820498e-03     0 3.947995e-02    20 1.300054e+02 5.870567e-02 1.964209e-04 
9.900000e+00 3.358398e-02 -2.374505e-02 1.836690e-01 1.247798e+03 1.280609e+02 8.529719e+02  1000  5000 1.699706e-03     0 3.943520e-02    20 1.300050e+02 5.874126e-02 1.879872e-04 
   10 3.306114e-02 -2.376149e-02 1.844610e-01 1.260539e+03 1.304096e+02 8.519008e+02  1000  5000 1.573438e-03     0 3.939380e-02    20 1.300046e+02 5.877445e-02 1.852741e-04 
1.010000e+01 3.256505e-02 -2.377363e-02 1.852345e-01 1.273279e+03 1.327686e+02 8.508290e+02  1000  5000 1.763613e-03     0 3.934921e-02    20 1.300044e+02 5.880634e-02 1.901059e-04 
1.020000e+01 3.204015e-02 -2.378289e-02 1.859976e-01 1.286017e+03 1.351378e+02 8.497567e+02  1000  5000 1.756156e-03     0 3.932031e-02    20 1.300042e+02 5.883587e-02 1.908999e-04 
1.030000e+01 3.150276e-02 -2.379100e-02 1.867536e-01 1.298752e+03 1.375170e+02 8.486840e+02  1000  5000 1.672322e-03     0 3.928730e-02    20 1.300041e+02 5.886196e-02 1.850149e-04 
1.040000e+01 3.098446e-02 -2.379760e-02 1.874995e-01 1.311486e+03 1.399060e+02 8.476108e+02  1000  5000 1.561411e-03     0 3.925960e-02    20 1.300040e+02 5.888539e-02 1.773644e-04 
1.050000e+01 3.050556e-02 -2.380253e-02 1.882302e-01 1.324218e+03 1.423048e+02 8.465372e+02  1000  5000 1.445533e-03     0 3.923342e-02    20 1.300040e+02 5.890652e-02 1.749580e-04 
1.060000e+01 3.005123e-02 -2.380555e-02 1.889440e-01 1.336948e+03 1.447131e+02 8.454633e+02  1000  5000 1.619842e-03     0 3.920753e-02    20 1.300040e+02 5.892585e-02 1.794679e-04 
1.070000e+01 2.957055e-02 -2.380681e-02 1.896482e-01 1.349677e+03 1.471308e+02 8.443891e+02  1000  5000 1.612955e-03     0 3.918724e-02    20 1.300041e+02 5.894371e-02 1.802691e-04 
1.080000e+01 2.907851e-02 -2.380684e-02 1.903459e-01 1.362403e+03 1.495578e+02 8.433147e+02  1000  5000 1.536006e-03     0 3.917006e-02    20 1.300042e+02 5.895987e-02 1.749409e-04 
1.090000e+01 2.860395e-02 -2.380608e-02 1.910344e-01 1.375128e+03 1.519938e+02 8.422401e+02  1000  5000 1.434300e-03     0 3.915359e-02    20 1.300043e+02 5.897410e-02 1.679865e-04 
   11 2.816555e-02 -2.380446e-02 1.917089e-01 1.387851e+03 1.544388e+02 8.411653e+02  1000  5000 1.328038e-03     0 3.913854e-02    20 1.300044e+02 5.898665e-02 1.658350e-04 
1.110000e+01 2.774975e-02 -2.380227e-02 1.923679e-01 1.400573e+03 1.568927e+02 8.400904e+02  1000  5000 1.487773e-03     0 3.912629e-02    20 1.300046e+02 5.899744e-02 1.700197e-04 
1.120000e+01 2.730985e-02 -2.379930e-02 1.930182e-01 1.413292e+03 1.593552e+02 8.390154e+02  1000  5000 1.481384e-03     0 3.911385e-02    20 1.300047e+02 5.900715e-02 1.707991e-04 
1.130000e+01 2.685945e-02 -2.379550e-02 1.936624e-01 1.426011e+03 1.618262e+02 8.379403e+02  1000  5000 1.410892e-03     0 3.910506e-02    20 1.300049e+02 5.901601e-02 1.659528e-04 
1.140000e+01 2.642515e-02 -2.379126e-02 1.942982e-01 1.438727e+03 1.643057e+02 8.368651e+02  1000  5000 1.317669e-03     0 3.909767e-02    20 1.300050e+02 5.902371e-02 1.596125e-04 
1.150000e+01 2.602402e-02 -2.378677e-02 1.949213e-01 1.451442e+03 1.667934e+02 8.357899e+02  1000  5000 1.220262e-03     0 3.909112e-02    20 1.300051e+02 5.903016e-02 1.576723e-04 
1.160000e+01 2.564388e-02 -2.378207e-02 1.955301e-01 1.464155e+03 1.692892e+02 8.347146e+02  1000  5000 1.366472e-03     0 3.908566e-02    20 1.300053e+02 5.903549e-02 1.615405e-04 
1.170000e+01 2.524122e-02 -2.377730e-02 1.961309e-01 1.476867e+03 1.717931e+02 8.336394e+02  1000  5000 1.360813e-03     0 3.908140e-02    20 1.300054e+02 5.903988e-02 1.622763e-04 
1.180000e+01 2.482907e-02 -2.377258e-02 1.967261e-01 1.489577e+03 1.743048e+02 8.325642e+02  1000  5000 1.296259e-03     0 3.907826e-02    20 1.300055e+02 5.904344e-02 1.578514e-04 
1.190000e+01 2.443171e-02 -2.376788e-02 1.973137e-01 1.502286e+03 1.768244e+02 8.314889e+02  1000  5000 1.210831e-03     0 3.907607e-02    20 1.300056e+02 5.904624e-02 1.520538e-04 
   12 2.406477e-02 -2.376319e-02 1.978896e-01 1.514993e+03 1.793515e+02 8.304137e+02  1000  5000 1.121557e-03     0 3.907472e-02    20 1.300057e+02 5.904835e-02 1.502878e-04 
1.210000e+01 2.371707e-02 -2.375851e-02 1.984524e-01 1.527699e+03 1.818862e+02 8.293385e+02  1000  5000 1.255668e-03     0 3.907410e-02    20 1.300058e+02 5.904982e-02 1.538442e-04 
1.220000e+01 2.334872e-02 -2.375403e-02 1.990080e-01 1.540403e+03 1.844282e+02 8.282634e+02  1000  5000 1.250518e-03     0 3.907407e-02    20 1.300059e+02 5.905074e-02 1.545244e-04 
1.230000e+01 2.297167e-02 -2.374979e-02 1.995584e-01 1.553106e+03 1.869776e+02 8.271883e+02  1000  5000 1.191364e-03     0 3.907459e-02    20 1.300059e+02 5.905118e-02 1.504694e-04 
1.240000e+01 2.260817e-02 -2.374577e-02 2.001018e-01 1.565807e+03 1.895341e+02 8.261132e+02  1000  5000 1.113068e-03     0 3.907563e-02    20 1.300060e+02 5.905120e-02 1.451538e-04 
1.250000e+01 2.227254e-02 -2.374189e-02 2.006346e-01 1.578507e+03 1.920977e+02 8.250382e+02  1000  5000 1.031243e-03     0 3.907710e-02    20 1.300060e+02 5.905084e-02 1.435339e-04 
1.260000e+01 2.195454e-02 -2.373816e-02 2.011553e-01 1.591206e+03 1.946682e+02 8.239633e+02  1000  5000 1.154305e-03     0 3.907893e-02    20 1.300060e+02 5.905017e-02 1.467934e-04 
1.270000e+01 2.161760e-02 -2.373471e-02 2.016694e-01 1.603903e+03 1.972456e+02 8.228884e+02  1000  5000 1.149632e-03     0 3.908101e-02    20 1.300060e+02 5.904921e-02 1.474128e-04 
1.280000e+01 2.127266e-02 -2.373156e-02 2.021789e-01 1.616598e+03 1.998297e+02 8.218135e+02  1000  5000 1.095426e-03     0 3.908331e-02    20 1.300060e+02 5.904804e-02 1.436876e-04 
1.290000e+01 2.094014e-02 -2.372866e-02 2.026819e-01 1.629293e+03 2.024204e+02 8.207387e+02  1000  5000 1.023660e-03     0 3.908582e-02    20 1.300060e+02 5.904668e-02 1.388054e-04 
   13 2.063315e-02 -2.372596e-02 2.031751e-01 1.641986e+03 2.050177e+02 8.196640e+02  1000  5000 9.486538e-04     0 3.908850e-02    20 1.300060e+02 5.904517e-02 1.373129e-04 
1.310000e+01 2.034231e-02 -2.372343e-02 2.036574e-01 1.654678e+03 2.076213e+02 8.185893e+02  1000  5000 1.061622e-03     0 3.909129e-02    20 1.300059e+02 5.904353e-02 1.402955e-04 
1.320000e+01 2.003408e-02 -2.372116e-02 2.041336e-01 1.667368e+03 2.102313e+02 8.175146e+02  1000  5000 1.057391e-03     0 3.909412e-02    20 1.300059e+02 5.904179e-02 1.408546e-04 
1.330000e+01 1.971850e-02 -2.371918e-02 2.046055e-01 1.680057e+03 2.128476e+02 8.164400e+02  1000  5000 1.007712e-03     0 3.909698e-02    20 1.300059e+02 5.904000e-02 1.374268e-04 
1.340000e+01 1.941429e-02 -2.371743e-02 2.050716e-01 1.692745e+03 2.154700e+02 8.153655e+02  1000  5000 9.419198e-04     0 3.909986e-02    20 1.300058e+02 5.903816e-02 1.329371e-04 
1.350000e+01 1.913349e-02 -2.371586e-02 2.055287e-01 1.705432e+03 2.180984e+02 8.142910e+02  1000  5000 8.731492e-04     0 3.910276e-02    20 1.300057e+02 5.903631e-02 1.315575e-04 
1.360000e+01 1.886746e-02 -2.371442e-02 2.059757e-01 1.718117e+03 2.207328e+02 8.132165e+02  1000  5000 9.768907e-04     0 3.910564e-02    20 1.300057e+02 5.903444e-02 1.342841e-04 
1.370000e+01 1.858547e-02 -2.371321e-02 2.064172e-01 1.730802e+03 2.233730e+02 8.121421e+02  1000  5000 9.730654e-04     0 3.910844e-02    20 1.300056e+02 5.903258e-02 1.347855e-04 
1.380000e+01 1.829672e-02 -2.371222e-02 2.068548e-01 1.743485e+03 2.260190e+02 8.110677e+02  1000  5000 9.275258e-04     0 3.911116e-02    20 1.300055e+02 5.903075e-02 1.316275e-04 
1.390000e+01 1.801838e-02 -2.371142e-02 2.072870e-01 1.756167e+03 2.286707e+02 8.099933e+02  1000  5000 8.671946e-04     0 3.911383e-02    20 1.300054e+02 5.902897e-02 1.274951e-04 
   14 1.776150e-02 -2.371074e-02 2.077110e-01 1.768847e+03 2.313280e+02 8.089190e+02  1000  5000 8.041250e-04     0 3.911642e-02    20 1.300054e+02 5.902722e-02 1.262175e-04 
1.410000e+01 1.751815e-02 -2.371016e-02 2.081259e-01 1.781527e+03 2.339908e+02 8.078447e+02  1000  5000 8.994269e-04     0 3.911893e-02    20 1.300053e+02 5.902552e-02 1.287090e-04 
1.420000e+01 1.726013e-02 -2.370974e-02 2.085356e-01 1.794205e+03 2.366590e+02 8.067704e+02  1000  5000 8.959703e-04     0 3.912132e-02    20 1.300052e+02 5.902388e-02 1.291574e-04 
1.430000e+01 1.699590e-02 -2.370948e-02 2.089417e-01 1.806882e+03 2.393326e+02 8.056961e+02  1000  5000 8.542146e-04     0 3.912359e-02    20 1.300051e+02 5.902231e-02 1.262461e-04 
1.440000e+01 1.674120e-02 -2.370936e-02 2.093430e-01 1.819558e+03 2.420115e+02 8.046219e+02  1000  5000 7.988760e-04     0 3.912577e-02    20 1.300050e+02 5.902081e-02 1.224406e-04 
1.450000e+01 1.650617e-02 -2.370930e-02 2.097367e-01 1.832233e+03 2.446955e+02 8.035477e+02  1000  5000 7.410184e-04     0 3.912785e-02    20 1.300049e+02 5.901938e-02 1.212568e-04 
1.460000e+01 1.628354e-02 -2.370930e-02 2.101220e-01 1.844907e+03 2.473847e+02 8.024735e+02  1000  5000 8.285946e-04     0 3.912983e-02    20 1.300048e+02 5.901801e-02 1.235340e-04 
1.470000e+01 1.604743e-02 -2.370940e-02 2.105026e-01 1.857580e+03 2.500789e+02 8.013993e+02  1000  5000 8.254717e-04     0 3.913168e-02    20 1.300047e+02 5.901672e-02 1.239347e-04 
1.480000e+01 1.580561e-02 -2.370962e-02 2.108800e-01 1.870252e+03 2.527780e+02 8.003251e+02  1000  5000 7.871748e-04     0 3.913341e-02    20 1.300046e+02 5.901551e-02 1.212503e-04 
1.490000e+01 1.557252e-02 -2.370991e-02 2.112529e-01 1.882922e+03 2.554821e+02 7.992509e+02  1000  5000 7.364012e-04     0 3.913505e-02    20 1.300045e+02 5.901437e-02 1.177450e-04 
   15 1.535746e-02 -2.371024e-02 2.116189e-01 1.895592e+03 2.581910e+02 7.981768e+02  1000  5000 6.833095e-04     0 3.913660e-02    20 1.300044e+02 5.901330e-02 1.166483e-04 
1.510000e+01 1.515376e-02 -2.371058e-02 2.119771e-01 1.908261e+03 2.609046e+02 7.971026e+02  1000  5000 7.638082e-04     0 3.913805e-02    20 1.300043e+02 5.901230e-02 1.187306e-04 
1.520000e+01 1.493768e-02 -2.371098e-02 2.123311e-01 1.920928e+03 2.636229e+02 7.960285e+02  1000  5000 7.609861e-04     0 3.913938e-02    20 1.300042e+02 5.901136e-02 1.190892e-04 
1.530000e+01 1.471634e-02 -2.371145e-02 2.126821e-01 1.933595e+03 2.663459e+02 7.949544e+02  1000  5000 7.258515e-04     0 3.914061e-02    20 1.300041e+02 5.901050e-02 1.166141e-04 
1.540000e+01 1.450301e-02 -2.371196e-02 2.130290e-01 1.946260e+03 2.690733e+02 7.938802e+02  1000  5000 6.792534e-04     0 3.914177e-02    20 1.300040e+02 5.900970e-02 1.133854e-04 
1.550000e+01 1.430620e-02 -2.371247e-02 2.133696e-01 1.958925e+03 2.718053e+02 7.928061e+02  1000  5000 6.305215e-04     0 3.914285e-02    20 1.300039e+02 5.900897e-02 1.123700e-04 
1.560000e+01 1.411981e-02 -2.371297e-02 2.137031e-01 1.971589e+03 2.745417e+02 7.917320e+02  1000  5000 7.045316e-04     0 3.914385e-02    20 1.300039e+02 5.900828e-02 1.142755e-04 
1.570000e+01 1.392205e-02 -2.371350e-02 2.140327e-01 1.984251e+03 2.772824e+02 7.906578e+02  1000  5000 7.019801e-04     0 3.914475e-02    20 1.300038e+02 5.900766e-02 1.145972e-04 
1.580000e+01 1.371945e-02 -2.371407e-02 2.143596e-01 1.996913e+03 2.800274e+02 7.895837e+02  1000  5000 6.697379e-04     0 3.914558e-02    20 1.300037e+02 5.900709e-02 1.123157e-04 
1.590000e+01 1.352418e-02 -2.371465e-02 2.146826e-01 2.009574e+03 2.827767e+02 7.885096e+02  1000  5000 6.269608e-04     0 3.914635e-02    20 1.300036e+02 5.900657e-02 1.093422e-04 
   16 1.334408e-02 -2.371522e-02 2.149999e-01 2.022234e+03 2.855301e+02 7.874355e+02  1000  5000 5.822190e-04     0 3.914706e-02    20 1.300035e+02 5.900609e-02 1.084030e-04 
1.610000e+01 1.317352e-02 -2.371576e-02 2.153107e-01 2.034893e+03 2.882876e+02 7.863613e+02  1000  5000 6.502761e-04     0 3.914772e-02    20 1.300035e+02 5.900566e-02 1.101482e-04 
1.620000e+01 1.299251e-02 -2.371631e-02 2.156179e-01 2.047551e+03 2.910492e+02 7.852872e+02  1000  5000 6.479676e-04     0 3.914831e-02    20 1.300034e+02 5.900527e-02 1.104381e-04 
1.630000e+01 1.280705e-02 -2.371687e-02 2.159227e-01 2.060208e+03 2.938148e+02 7.842130e+02  1000  5000 6.183721e-04     0 3.914884e-02    20 1.300033e+02 5.900491e-02 1.083358e-04 
1.640000e+01 1.262832e-02 -2.371744e-02 2.162240e-01 2.072865e+03 2.965843e+02 7.831389e+02  1000  5000 5.790935e-04     0 3.914933e-02    20 1.300032e+02 5.900460e-02 1.055982e-04 
1.650000e+01 1.246350e-02 -2.371798e-02 2.165199e-01 2.085520e+03 2.993577e+02 7.820648e+02  1000  5000 5.380055e-04     0 3.914978e-02    20 1.300032e+02 5.900432e-02 1.047306e-04 
1.660000e+01 1.230743e-02 -2.371849e-02 2.168099e-01 2.098175e+03 3.021350e+02 7.809906e+02  1000  5000 6.005969e-04     0 3.915020e-02    20 1.300031e+02 5.900406e-02 1.063306e-04 
1.670000e+01 1.214176e-02 -2.371900e-02 2.170966e-01 2.110829e+03 3.049160e+02 7.799164e+02  1000  5000 5.985062e-04     0 3.915057e-02    20 1.300030e+02 5.900383e-02 1.065931e-04 
1.680000e+01 1.197200e-02 -2.371951e-02 2.173811e-01 2.123482e+03 3.077008e+02 7.788423e+02  1000  5000 5.713339e-04     0 3.915089e-02    20 1.300030e+02 5.900363e-02 1.046572e-04 
1.690000e+01 1.180841e-02 -2.372002e-02 2.176623e-01 2.136134e+03 3.104892e+02 7.777681e+02  1000  5000 5.352602e-04     0 3.915120e-02    20 1.300029e+02 5.900345e-02 1.021377e-04 
   17 1.165758e-02 -2.372049e-02 2.179387e-01 2.148786e+03 3.132813e+02 7.766940e+02  1000  5000 4.975202e-04     0 3.915148e-02    20 1.300029e+02 5.900329e-02 1.013376e-04 
1.710000e+01 1.151477e-02 -2.372093e-02 2.182097e-01 2.161436e+03 3.160769e+02 7.756198e+02  1000  5000 5.550892e-04     0 3.915174e-02    20 1.300028e+02 5.900315e-02 1.028061e-04 
1.720000e+01 1.136315e-02 -2.372137e-02 2.184776e-01 2.174086e+03 3.188760e+02 7.745456e+02  1000  5000 5.531935e-04     0 3.915197e-02    20 1.300027e+02 5.900303e-02 1.030453e-04 
1.730000e+01 1.120777e-02 -2.372180e-02 2.187434e-01 2.186735e+03 3.216787e+02 7.734714e+02  1000  5000 5.282411e-04     0 3.915217e-02    20 1.300027e+02 5.900292e-02 1.012639e-04 
1.740000e+01 1.105805e-02 -2.372222e-02 2.190064e-01 2.199383e+03 3.244848e+02 7.723972e+02  1000  5000 4.951052e-04     0 3.915235e-02    20 1.300026e+02 5.900282e-02 9.894648e-05 
1.750000e+01 1.092004e-02 -2.372262e-02 2.192648e-01 2.212031e+03 3.272942e+02 7.713230e+02  1000  5000 4.604347e-04     0 3.915253e-02    20 1.300026e+02 5.900274e-02 9.821011e-05 
1.760000e+01 1.078938e-02 -2.372298e-02 2.195183e-01 2.224678e+03 3.301070e+02 7.702488e+02  1000  5000 5.133847e-04     0 3.915270e-02    20 1.300025e+02 5.900267e-02 9.955957e-05 
1.770000e+01 1.065063e-02 -2.372334e-02 2.197690e-01 2.237324e+03 3.329231e+02 7.691746e+02  1000  5000 5.116632e-04     0 3.915284e-02    20 1.300025e+02 5.900261e-02 9.977922e-05 
1.780000e+01 1.050844e-02 -2.372369e-02 2.200178e-01 2.249969e+03 3.357425e+02 7.681004e+02  1000  5000 4.887455e-04     0 3.915297e-02    20 1.300024e+02 5.900255e-02 9.814166e-05 
1.790000e+01 1.037143e-02 -2.372403e-02 2.202639e-01 2.262614e+03 3.385651e+02 7.670262e+02  1000  5000 4.583044e-04     0 3.915309e-02    20 1.300024e+02 5.900250e-02 9.601176e-05 
   18 1.024516e-02 -2.372435e-02 2.205059e-01 2.275257e+03 3.413908e+02 7.659520e+02  1000  5000 4.264499e-04     0 3.915321e-02    20 1.300024e+02 5.900246e-02 9.533570e-05 
1.810000e+01 1.012565e-02 -2.372464e-02 2.207433e-01 2.287901e+03 3.442197e+02 7.648778e+02  1000  5000 4.751482e-04     0 3.915332e-02    20 1.300023e+02 5.900243e-02 9.657755e-05 
1.820000e+01 9.998701e-03 -2.372492e-02 2.209782e-01 2.300543e+03 3.470516e+02 7.638036e+02  1000  5000 4.735819e-04     0 3.915342e-02    20 1.300023e+02 5.900239e-02 9.678110e-05 
1.830000e+01 9.868597e-03 -2.372520e-02 2.212114e-01 2.313185e+03 3.498866e+02 7.627293e+02  1000  5000 4.525304e-04     0 3.915351e-02    20 1.300022e+02 5.900237e-02 9.527771e-05 
1.840000e+01 9.743253e-03 -2.372547e-02 2.214421e-01 2.325826e+03 3.527246e+02 7.616551e+02  1000  5000 4.245628e-04     0 3.915359e-02    20 1.300022e+02 5.900234e-02 9.332209e-05 
1.850000e+01 9.627757e-03 -2.372572e-02 2.216690e-01 2.338466e+03 3.555656e+02 7.605809e+02  1000  5000 3.952936e-04     0 3.915368e-02    20 1.300022e+02 5.900232e-02 9.270331e-05 
1.860000e+01 9.518456e-03 -2.372594e-02 2.218917e-01 2.351106e+03 3.584095e+02 7.595066e+02  1000  5000 4.400741e-04     0 3.915377e-02    20 1.300021e+02 5.900230e-02 9.384800e-05 
1.870000e+01 9.402344e-03 -2.372616e-02 2.221121e-01 2.363745e+03 3.612563e+02 7.584324e+02  1000  5000 4.386457e-04     0 3.915384e-02    20 1.300021e+02 5.900228e-02 9.403868e-05 
1.880000e+01 9.283337e-03 -2.372638e-02 2.223309e-01 2.376384e+03 3.641059e+02 7.573582e+02  1000  5000 4.193069e-04     0 3.915391e-02    20 1.300021e+02 5.900226e-02 9.266073e-05 
1.890000e+01 9.168697e-03 -2.372659e-02 2.225475e-01 2.389022e+03 3.669584e+02 7.562839e+02  1000  5000 3.936113e-04     0 3.915399e-02    20 1.300020e+02 5.900225e-02 9.086749e-05 
   19 9.063089e-03 -2.372679e-02 2.227606e-01 2.401659e+03 3.698137e+02 7.552097e+02  1000  5000 3.667174e-04     0 3.915406e-02    20 1.300020e+02 5.900223e-02 9.030333e-05 
1.910000e+01 8.963165e-03 -2.372696e-02 2.229699e-01 2.414295e+03 3.726717e+02 7.541354e+02  1000  5000 4.078839e-04     0 3.915413e-02    20 1.300020e+02 5.900221e-02 9.136047e-05 
1.920000e+01 8.857000e-03 -2.372713e-02 2.231770e-01 2.426931e+03 3.755324e+02 7.530612e+02  1000  5000 4.065773e-04     0 3.915420e-02    20 1.300019e+02 5.900220e-02 9.154131e-05 
1.930000e+01 8.748185e-03 -2.372730e-02 2.233827e-01 2.439567e+03 3.783958e+02 7.519869e+02  1000  5000 3.888116e-04     0 3.915426e-02    20 1.300019e+02 5.900218e-02 9.028101e-05 
1.940000e+01 8.643377e-03 -2.372746e-02 2.235863e-01 2.452201e+03 3.812618e+02 7.509127e+02  1000  5000 3.652046e-04     0 3.915433e-02    20 1.300019e+02 5.900217e-02 8.863941e-05 
1.950000e+01 8.546853e-03 -2.372761e-02 2.237868e-01 2.464836e+03 3.841305e+02 7.498384e+02  1000  5000 3.404948e-04     0 3.915439e-02    20 1.300019e+02 5.900215e-02 8.812758e-05 
1.960000e+01 8.455542e-03 -2.372775e-02 2.239836e-01 2.477469e+03 3.870018e+02 7.487641e+02  1000  5000 3.783232e-04     0 3.915446e-02    20 1.300018e+02 5.900214e-02 8.910605e-05 
1.970000e+01 8.358517e-03 -2.372788e-02 2.241786e-01 2.490102e+03 3.898756e+02 7.476899e+02  1000  5000 3.771239e-04     0 3.915452e-02    20 1.300018e+02 5.900212e-02 8.927998e-05 
1.980000e+01 8.259071e-03 -2.372801e-02 2.243722e-01 2.502734e+03 3.927519e+02 7.466156e+02  1000  5000 3.608041e-04     0 3.915458e-02    20 1.300018e+02 5.900210e-02 8.813037e-05 
1.990000e+01 8.163303e-03 -2.372814e-02 2.245640e-01 2.515366e+03 3.956307e+02 7.455414e+02  1000  5000 3.391188e-04     0 3.915464e-02    20 1.300018e+02 5.900209e-02 8.663081e-05 
   20 8.075128e-03 -2.372826e-02 2.247528e-01 2.527998e+03 3.985120e+02 7.444671e+02  1000  5000 3.164191e-04     0 3.915471e-02    20 1.300017e+02 5.900207e-02 8.616939e-05 
2.010000e+01 7.991735e-03 -2.372836e-02 2.249384e-01 2.540628e+03 4.013957e+02 7.433928e+02  1000  5000 3.511600e-04     0 3.915477e-02    20 1.300017e+02 5.900205e-02 8.707741e-05 
2.020000e+01 7.903118e-03 -2.372846e-02 2.251222e-01 2.553258e+03 4.042818e+02 7.423185e+02  1000  5000 3.500546e-04     0 3.915483e-02    20 1.300017e+02 5.900204e-02 8.724725e-05 
2.030000e+01 7.812293e-03 -2.372857e-02 2.253047e-01 2.565888e+03 4.071703e+02 7.412443e+02  1000  5000 3.350648e-04     0 3.915489e-02    20 1.300017e+02 5.900202e-02 8.620219e-05 
2.040000e+01 7.724842e-03 -2.372867e-02 2.254856e-01 2.578517e+03 4.100612e+02 7.401700e+02  1000  5000 3.151492e-04     0 3.915495e-02    20 1.300017e+02 5.900200e-02 8.483613e-05 
2.050000e+01 7.644350e-03 -2.372877e-02 2.256638e-01 2.591146e+03 4.129543e+02 7.390957e+02  1000  5000 2.943015e-04     0 3.915501e-02    20 1.300016e+02 5.900198e-02 8.442354e-05 
2.060000e+01 7.568244e-03 -2.372885e-02 2.258390e-01 2.603774e+03 4.158498e+02 7.380215e+02  1000  5000 3.261823e-04     0 3.915507e-02    20 1.300016e+02 5.900196e-02 8.526877e-05 
2.070000e+01 7.487368e-03 -2.372893e-02 2.260126e-01 2.616401e+03 4.187475e+02 7.369472e+02  1000  5000 3.251582e-04     0 3.915513e-02    20 1.300016e+02 5.900194e-02 8.543727e-05 
2.080000e+01 7.404483e-03 -2.372902e-02 2.261850e-01 2.629028e+03 4.216475e+02 7.358729e+02  1000  5000 3.113931e-04     0 3.915518e-02    20 1.300016e+02 5.900192e-02 8.449138e-05 
2.090000e+01 7.324694e-03 -2.372910e-02 2.263559e-01 2.641654e+03 4.245497e+02 7.347986e+02  1000  5000 2.931092e-04     0 3.915524e-02    20 1.300016e+02 5.900191e-02 8.325128e-05 
   21 7.251279e-03 -2.372918e-02 2.265244e-01 2.654280e+03 4.274540e+02 7.337243e+02  1000  5000 2.739695e-04     0 3.915529e-02    20 1.300015e+02 5.900189e-02 8.288629e-05 
2.110000e+01 7.181885e-03 -2.372924e-02 2.266901e-01 2.666906e+03 4.303606e+02 7.326501e+02  1000  5000 3.031961e-04     0 3.915535e-02    20 1.300015e+02 5.900187e-02 8.367589e-05 
2.120000e+01 7.108145e-03 -2.372931e-02 2.268543e-01 2.679531e+03 4.332693e+02 7.315758e+02  1000  5000 3.022419e-04     0 3.915540e-02    20 1.300015e+02 5.900185e-02 8.384578e-05 
2.130000e+01 7.032580e-03 -2.372938e-02 2.270175e-01 2.692155e+03 4.361801e+02 7.305015e+02  1000  5000 2.896056e-04     0 3.915546e-02    20 1.300015e+02 5.900183e-02 8.299441e-05 
2.140000e+01 6.959857e-03 -2.372945e-02 2.271793e-01 2.704779e+03 4.390930e+02 7.294272e+02  1000  5000 2.728279e-04     0 3.915551e-02    20 1.300015e+02 5.900181e-02 8.187363e-05 
2.150000e+01 6.892968e-03 -2.372951e-02 2.273388e-01 2.717403e+03 4.420080e+02 7.283529e+02  1000  5000 2.552655e-04     0 3.915556e-02    20 1.300015e+02 5.900179e-02 8.155536e-05 
2.160000e+01 6.829766e-03 -2.372957e-02 2.274959e-01 2.730026e+03 4.449250e+02 7.272787e+02  1000  5000 2.820242e-04     0 3.915561e-02    20 1.300014e+02 5.900177e-02 8.229605e-05 
2.170000e+01 6.762612e-03 -2.372963e-02 2.276515e-01 2.742648e+03 4.478440e+02 7.262044e+02  1000  5000 2.811291e-04     0 3.915566e-02    20 1.300014e+02 5.900175e-02 8.247004e-05 
2.180000e+01 6.693807e-03 -2.372969e-02 2.278063e-01 2.755270e+03 4.507651e+02 7.251301e+02  1000  5000 2.695345e-04     0 3.915571e-02    20 1.300014e+02 5.900174e-02 8.170923e-05 
2.190000e+01 6.627608e-03 -2.372974e-02 2.279597e-01 2.767892e+03 4.536882e+02 7.240558e+02  1000  5000 2.541489e-04     0 3.915575e-02    20 1.300014e+02 5.900172e-02 8.070202e-05 
   22 6.566747e-03 -2.372980e-02 2.281111e-01 2.780513e+03 4.566132e+02 7.229815e+02  1000  5000 2.380452e-04     0 3.915580e-02    20 1.300014e+02 5.900170e-02 8.042992e-05 
2.210000e+01 6.509264e-03 -2.372984e-02 2.282602e-01 2.793134e+03 4.595401e+02 7.219072e+02  1000  5000 2.625043e-04     0 3.915584e-02    20 1.300014e+02 5.900168e-02 8.112806e-05 
2.220000e+01 6.448196e-03 -2.372989e-02 2.284080e-01 2.805754e+03 4.624690e+02 7.208329e+02  1000  5000 2.616582e-04     0 3.915589e-02    20 1.300013e+02 5.900167e-02 8.130886e-05 
2.230000e+01 6.385642e-03 -2.372994e-02 2.285550e-01 2.818374e+03 4.653998e+02 7.197587e+02  1000  5000 2.510263e-04     0 3.915593e-02    20 1.300013e+02 5.900165e-02 8.063530e-05 
2.240000e+01 6.325478e-03 -2.372999e-02 2.287008e-01 2.830993e+03 4.683325e+02 7.186844e+02  1000  5000 2.369295e-04     0 3.915597e-02    20 1.300013e+02 5.900163e-02 7.973676e-05 
2.250000e+01 6.270191e-03 -2.373004e-02 2.288448e-01 2.843612e+03 4.712670e+02 7.176101e+02  1000  5000 2.221769e-04     0 3.915601e-02    20 1.300013e+02 5.900162e-02 7.951062e-05 
2.260000e+01 6.217999e-03 -2.373007e-02 2.289866e-01 2.856231e+03 4.742034e+02 7.165358e+02  1000  5000 2.444876e-04     0 3.915605e-02    20 1.300013e+02 5.900160e-02 8.017221e-05 
2.270000e+01 6.162568e-03 -2.373012e-02 2.291273e-01 2.868849e+03 4.771416e+02 7.154615e+02  1000  5000 2.436812e-04     0 3.915609e-02    20 1.300013e+02 5.900159e-02 8.036260e-05 
2.280000e+01 6.105802e-03 -2.373016e-02 2.292673e-01 2.881467e+03 4.800816e+02 7.143872e+02  1000  5000 2.339404e-04     0 3.915612e-02    20 1.300013e+02 5.900158e-02 7.977363e-05 
2.290000e+01 6.051229e-03 -2.373020e-02 2.294061e-01 2.894084e+03 4.830235e+02 7.133129e+02  1000  5000 2.210386e-04     0 3.915616e-02    20 1.300013e+02 5.900156e-02 7.897963e-05 
   23 6.001108e-03 -2.373024e-02 2.295433e-01 2.906701e+03 4.859671e+02 7.122386e+02  1000  5000 2.075399e-04     0 3.915619e-02    20 1.300012e+02 5.900155e-02 7.879956e-05 
2.310000e+01 5.953821e-03 -2.373027e-02 2.296785e-01 2.919317e+03 4.889124e+02 7.111643e+02  1000  5000 2.278379e-04     0 3.915623e-02    20 1.300012e+02 5.900154e-02 7.943035e-05 
2.320000e+01 5.903617e-03 -2.373031e-02 2.298127e-01 2.931933e+03 4.918595e+02 7.100900e+02  1000  5000 2.270624e-04     0 3.915626e-02    20 1.300012e+02 5.900153e-02 7.963316e-05 
2.330000e+01 5.852225e-03 -2.373034e-02 2.299462e-01 2.944549e+03 4.948083e+02 7.090158e+02  1000  5000 2.181476e-04     0 3.915629e-02    20 1.300012e+02 5.900151e-02 7.912672e-05 
2.340000e+01 5.802843e-03 -2.373038e-02 2.300788e-01 2.957164e+03 4.977589e+02 7.079415e+02  1000  5000 2.063564e-04     0 3.915632e-02    20 1.300012e+02 5.900150e-02 7.843391e-05 
2.350000e+01 5.757518e-03 -2.373041e-02 2.302097e-01 2.969779e+03 5.007111e+02 7.068672e+02  1000  5000 1.940238e-04     0 3.915635e-02    20 1.300012e+02 5.900149e-02 7.830038e-05 
2.360000e+01 5.714788e-03 -2.373044e-02 2.303390e-01 2.982393e+03 5.036650e+02 7.057929e+02  1000  5000 2.124300e-04     0 3.915637e-02    20 1.300012e+02 5.900148e-02 7.890587e-05 
2.370000e+01 5.669444e-03 -2.373047e-02 2.304673e-01 2.995007e+03 5.066206e+02 7.047186e+02  1000  5000 2.116769e-04     0 3.915640e-02    20 1.300012e+02 5.900147e-02 7.912402e-05 
2.380000e+01 5.623050e-03 -2.373050e-02 2.305950e-01 3.007621e+03 5.095778e+02 7.036443e+02  1000  5000 2.035296e-04     0 3.915642e-02    20 1.300012e+02 5.900147e-02 7.869868e-05 
2.390000e+01 5.578498e-03 -2.373054e-02 2.307217e-01 3.020234e+03 5.125367e+02 7.025700e+02  1000  5000 1.927728e-04     0 3.915645e-02    20 1.300011e+02 5.900146e-02 7.810445e-05 
   24 5.537638e-03 -2.373056e-02 2.308471e-01 3.032847e+03 5.154971e+02 7.014957e+02  1000  5000 1.815272e-04     0 3.915647e-02    20 1.300011e+02 5.900145e-02 7.801824e-05 
2.410000e+01 5.499152e-03 -2.373059e-02 2.309709e-01 3.045459e+03 5.184592e+02 7.004214e+02  1000  5000 1.981489e-04     0 3.915650e-02    20 1.300011e+02 5.900144e-02 7.860378e-05 
2.420000e+01 5.458338e-03 -2.373061e-02 2.310939e-01 3.058071e+03 5.214229e+02 6.993471e+02  1000  5000 1.974101e-04     0 3.915652e-02    20 1.300011e+02 5.900143e-02 7.884030e-05 
2.430000e+01 5.416606e-03 -2.373064e-02 2.312163e-01 3.070683e+03 5.243882e+02 6.982728e+02  1000  5000 1.899775e-04     0 3.915654e-02    20 1.300011e+02 5.900143e-02 7.849524e-05 
2.440000e+01 5.376561e-03 -2.373067e-02 2.313378e-01 3.083295e+03 5.273550e+02 6.971985e+02  1000  5000 1.801867e-04     0 3.915656e-02    20 1.300011e+02 5.900142e-02 7.799772e-05 
2.450000e+01 5.339869e-03 -2.373069e-02 2.314582e-01 3.095906e+03 5.303233e+02 6.961242e+02  1000  5000 1.699573e-04     0 3.915658e-02    20 1.300011e+02 5.900142e-02 7.796001e-05 
2.460000e+01 5.305347e-03 -2.373071e-02 2.315771e-01 3.108516e+03 5.332933e+02 6.950499e+02  1000  5000 1.848884e-04     0 3.915660e-02    20 1.300011e+02 5.900141e-02 7.853077e-05 
2.470000e+01 5.268769e-03 -2.373073e-02 2.316952e-01 3.121127e+03 5.362647e+02 6.939756e+02  1000  5000 1.841560e-04     0 3.915661e-02    20 1.300011e+02 5.900141e-02 7.878887e-05 
2.480000e+01 5.231398e-03 -2.373076e-02 2.318128e-01 3.133736e+03 5.392377e+02 6.929013e+02  1000  5000 1.773909e-04     0 3.915663e-02    20 1.300011e+02 5.900140e-02 7.852387e-05 
2.490000e+01 5.195572e-03 -2.373078e-02 2.319297e-01 3.146346e+03 5.422121e+02 6.918270e+02  1000  5000 1.685051e-04     0 3.915664e-02    20 1.300011e+02 5.900140e-02 7.812196e-05 
   25 5.162785e-03 -2.373080e-02 2.320454e-01 3.158955e+03 5.451881e+02 6.907527e+02  1000  5000 1.592289e-04     0 3.915666e-02    20 1.300010e+02 5.900139e-02 7.813429e-05 
2.510000e+01 5.131978e-03 -2.373082e-02 2.321599e-01 3.171564e+03 5.481655e+02 6.896784e+02  1000  5000 1.725504e-04     0 3.915667e-02    20 1.300010e+02 5.900139e-02 7.869537e-05 
2.520000e+01 5.099375e-03 -2.373084e-02 2.322737e-01 3.184173e+03 5.511444e+02 6.886041e+02  1000  5000 1.718168e-04     0 3.915669e-02    20 1.300010e+02 5.900139e-02 7.897845e-05 
2.530000e+01 5.066100e-03 -2.373086e-02 2.323870e-01 3.196781e+03 5.541247e+02 6.875298e+02  1000  5000 1.656769e-04     0 3.915670e-02    20 1.300010e+02 5.900139e-02 7.879396e-05 
2.540000e+01 5.034239e-03 -2.373088e-02 2.324997e-01 3.209389e+03 5.571065e+02 6.864556e+02  1000  5000 1.576421e-04     0 3.915671e-02    20 1.300010e+02 5.900138e-02 7.848730e-05 
2.550000e+01 5.005123e-03 -2.373089e-02 2.326113e-01 3.221996e+03 5.600898e+02 6.853813e+02  1000  5000 1.492634e-04     0 3.915672e-02    20 1.300010e+02 5.900138e-02 7.855163e-05 
2.560000e+01 4.977813e-03 -2.373091e-02 2.327219e-01 3.234603e+03 5.630745e+02 6.843070e+02  1000  5000 1.610438e-04     0 3.915673e-02    20 1.300010e+02 5.900138e-02 7.910812e-05 
2.570000e+01 4.948955e-03 -2.373092e-02 2.328318e-01 3.247210e+03 5.660605e+02 6.832327e+02  1000  5000 1.603011e-04     0 3.915674e-02    20 1.300010e+02 5.900138e-02 7.941981e-05 
2.580000e+01 4.919543e-03 -2.373094e-02 2.329413e-01 3.259817e+03 5.690480e+02 6.821584e+02  1000  5000 1.547493e-04     0 3.915675e-02    20 1.300010e+02 5.900138e-02 7.931696e-05 
2.590000e+01 4.891424e-03 -2.373096e-02 2.330502e-01 3.272423e+03 5.720369e+02 6.810841e+02  1000  5000 1.475180e-04     0 3.915676e-02    20 1.300010e+02 5.900138e-02 7.910602e-05 
   26 4.865775e-03 -2.373097e-02 2.331582e-01 3.285029e+03 5.750272e+02 6.800098e+02  1000  5000 1.399881e-04     0 3.915677e-02    20 1.300010e+02 5.900138e-02 7.922479e-05 
2.610000e+01 4.841772e-03 -2.373098e-02 2.332653e-01 3.297634e+03 5.780189e+02 6.789355e+02  1000  5000 1.502834e-04     0 3.915677e-02    20 1.300010e+02 5.900138e-02 7.978177e-05 
2.620000e+01 4.816460e-03 -2.373100e-02 2.333717e-01 3.310239e+03 5.810119e+02 6.778612e+02  1000  5000 1.495236e-04     0 3.915678e-02    20 1.300009e+02 5.900138e-02 8.012603e-05 
2.630000e+01 4.790711e-03 -2.373101e-02 2.334779e-01 3.322844e+03 5.840063e+02 6.767869e+02  1000  5000 1.445272e-04     0 3.915679e-02    20 1.300009e+02 5.900138e-02 8.010672e-05 
2.640000e+01 4.766143e-03 -2.373102e-02 2.335835e-01 3.335449e+03 5.870020e+02 6.757126e+02  1000  5000 1.380585e-04     0 3.915679e-02    20 1.300009e+02 5.900138e-02 7.999283e-05 
2.650000e+01 4.743787e-03 -2.373104e-02 2.336883e-01 3.348053e+03 5.899991e+02 6.746383e+02  1000  5000 1.313357e-04     0 3.915680e-02    20 1.300009e+02 5.900138e-02 8.016901e-05 
2.660000e+01 4.722928e-03 -2.373105e-02 2.337922e-01 3.360657e+03 5.929976e+02 6.735640e+02  1000  5000 1.401888e-04     0 3.915680e-02    20 1.300009e+02 5.900138e-02 8.073169e-05 
2.670000e+01 4.700995e-03 -2.373106e-02 2.338957e-01 3.373260e+03 5.959973e+02 6.724897e+02  1000  5000 1.394035e-04     0 3.915681e-02    20 1.300009e+02 5.900138e-02 8.111288e-05 
2.680000e+01 4.678738e-03 -2.373107e-02 2.339989e-01 3.385863e+03 5.989984e+02 6.714154e+02  1000  5000 1.349344e-04     0 3.915681e-02    20 1.300009e+02 5.900139e-02 8.117983e-05 
2.690000e+01 4.657560e-03 -2.373108e-02 2.341016e-01 3.398466e+03 6.020008e+02 6.703411e+02  1000  5000 1.291938e-04     0 3.915681e-02    20 1.300009e+02 5.900139e-02 8.116532e-05 
   27 4.638351e-03 -2.373109e-02 2.342036e-01 3.411069e+03 6.050045e+02 6.692668e+02  1000  5000 1.232431e-04     0 3.915681e-02    20 1.300009e+02 5.900139e-02 8.140251e-05 
2.710000e+01 4.620501e-03 -2.373110e-02 2.343049e-01 3.423671e+03 6.080095e+02 6.681925e+02  1000  5000 1.306833e-04     0 3.915682e-02    20 1.300009e+02 5.900139e-02 8.197627e-05 
2.720000e+01 4.601807e-03 -2.373111e-02 2.344058e-01 3.436273e+03 6.110158e+02 6.671182e+02  1000  5000 1.298635e-04     0 3.915682e-02    20 1.300009e+02 5.900140e-02 8.239925e-05 
2.730000e+01 4.582905e-03 -2.373112e-02 2.345064e-01 3.448875e+03 6.140234e+02 6.660439e+02  1000  5000 1.258981e-04     0 3.915682e-02    20 1.300009e+02 5.900140e-02 8.255620e-05 
2.740000e+01 4.564987e-03 -2.373113e-02 2.346066e-01 3.461476e+03 6.170323e+02 6.649695e+02  1000  5000 1.208573e-04     0 3.915682e-02    20 1.300009e+02 5.900140e-02 8.264447e-05 
2.750000e+01 4.548808e-03 -2.373114e-02 2.347062e-01 3.474077e+03 6.200424e+02 6.638952e+02  1000  5000 1.156504e-04     0 3.915682e-02    20 1.300009e+02 5.900141e-02 8.294703e-05 
2.760000e+01 4.533860e-03 -2.373114e-02 2.348052e-01 3.486678e+03 6.230538e+02 6.628209e+02  1000  5000 1.216927e-04     0 3.915682e-02    20 1.300009e+02 5.900141e-02 8.353757e-05 
2.770000e+01 4.518298e-03 -2.373115e-02 2.349039e-01 3.499279e+03 6.260665e+02 6.617466e+02  1000  5000 1.208283e-04     0 3.915682e-02    20 1.300009e+02 5.900141e-02 8.400786e-05 
2.780000e+01 4.502645e-03 -2.373116e-02 2.350023e-01 3.511879e+03 6.290805e+02 6.606723e+02  1000  5000 1.173474e-04     0 3.915682e-02    20 1.300008e+02 5.900142e-02 8.425967e-05 
2.790000e+01 4.487887e-03 -2.373117e-02 2.351005e-01 3.524479e+03 6.320957e+02 6.595980e+02  1000  5000 1.129846e-04     0 3.915682e-02    20 1.300008e+02 5.900142e-02 8.445545e-05 
   28 4.474651e-03 -2.373117e-02 2.351981e-01 3.537078e+03 6.351121e+02 6.585237e+02  1000  5000 1.085003e-04     0 3.915681e-02    20 1.300008e+02 5.900143e-02 8.482868e-05 
2.810000e+01 4.462526e-03 -2.373118e-02 2.352953e-01 3.549678e+03 6.381298e+02 6.574494e+02  1000  5000 1.131432e-04     0 3.915681e-02    20 1.300008e+02 5.900143e-02 8.544214e-05 
2.820000e+01 4.450019e-03 -2.373118e-02 2.353921e-01 3.562277e+03 6.411487e+02 6.563751e+02  1000  5000 1.122229e-04     0 3.915681e-02    20 1.300008e+02 5.900144e-02 8.596608e-05 
2.830000e+01 4.437542e-03 -2.373119e-02 2.354888e-01 3.574875e+03 6.441689e+02 6.553008e+02  1000  5000 1.092119e-04     0 3.915680e-02    20 1.300008e+02 5.900144e-02 8.631904e-05 
2.840000e+01 4.425881e-03 -2.373120e-02 2.355852e-01 3.587474e+03 6.471903e+02 6.542265e+02  1000  5000 1.055121e-04     0 3.915680e-02    20 1.300008e+02 5.900145e-02 8.662861e-05 
2.850000e+01 4.415530e-03 -2.373120e-02 2.356812e-01 3.600072e+03 6.502129e+02 6.531522e+02  1000  5000 1.017366e-04     0 3.915680e-02    20 1.300008e+02 5.900145e-02 8.707894e-05 
2.860000e+01 4.406180e-03 -2.373121e-02 2.357769e-01 3.612669e+03 6.532367e+02 6.520779e+02  1000  5000 1.049604e-04     0 3.915679e-02    20 1.300008e+02 5.900146e-02 8.772211e-05 
2.870000e+01 4.396686e-03 -2.373121e-02 2.358723e-01 3.625267e+03 6.562618e+02 6.510036e+02  1000  5000 1.039709e-04     0 3.915679e-02    20 1.300008e+02 5.900146e-02 8.830712e-05 
2.880000e+01 4.387348e-03 -2.373122e-02 2.359676e-01 3.637864e+03 6.592880e+02 6.499293e+02  1000  5000 1.014198e-04     0 3.915678e-02    20 1.300008e+02 5.900147e-02 8.876923e-05 
2.890000e+01 4.378753e-03 -2.373122e-02 2.360627e-01 3.650461e+03 6.623155e+02 6.488550e+02  1000  5000 9.837534e-05     0 3.915678e-02    20 1.300008e+02 5.900148e-02 8.920078e-05 
   29 4.371264e-03 -2.373123e-02 2.361575e-01 3.663058e+03 6.653442e+02 6.477807e+02  1000  5000 9.530247e-05     0 3.915677e-02    20 1.300008e+02 5.900148e-02 8.973611e-05 
2.910000e+01 4.364673e-03 -2.373123e-02 2.362520e-01 3.675654e+03 6.683741e+02 6.467064e+02  1000  5000 9.706619e-05     0 3.915676e-02    20 1.300008e+02 5.900149e-02 9.041665e-05 
2.920000e+01 4.358186e-03 -2.373123e-02 2.363464e-01 3.688250e+03 6.714052e+02 6.456321e+02  1000  5000 9.599183e-05     0 3.915676e-02    20 1.300008e+02 5.900150e-02 9.107159e-05 
2.930000e+01 4.351992e-03 -2.373124e-02 2.364406e-01 3.700846e+03 6.744375e+02 6.445578e+02  1000  5000 9.389573e-05     0 3.915675e-02    20 1.300008e+02 5.900150e-02 9.165300e-05 
2.940000e+01 4.346472e-03 -2.373124e-02 2.365348e-01 3.713441e+03 6.774710e+02 6.434835e+02  1000  5000 9.150665e-05     0 3.915674e-02    20 1.300008e+02 5.900151e-02 9.221710e-05 
2.950000e+01 4.341858e-03 -2.373124e-02 2.366287e-01 3.726036e+03 6.805057e+02 6.424092e+02  1000  5000 8.913925e-05     0 3.915673e-02    20 1.300008e+02 5.900152e-02 9.284717e-05 
2.960000e+01 4.338046e-03 -2.373125e-02 2.367225e-01 3.738631e+03 6.835416e+02 6.413349e+02  1000  5000 8.937635e-05     0 3.915673e-02    20 1.300008e+02 5.900152e-02 9.357396e-05 
2.970000e+01 4.334603e-03 -2.373125e-02 2.368162e-01 3.751226e+03 6.865787e+02 6.402606e+02  1000  5000 8.819795e-05     0 3.915672e-02    20 1.300008e+02 5.900153e-02 9.430953e-05 
2.980000e+01 4.331601e-03 -2.373125e-02 2.369099e-01 3.763820e+03 6.896170e+02 6.391863e+02  1000  5000 8.655741e-05     0 3.915671e-02    20 1.300007e+02 5.900154e-02 9.502314e-05 
2.990000e+01 4.329211e-03 -2.373126e-02 2.370035e-01 3.776414e+03 6.926564e+02 6.381120e+02  1000  5000 8.483284e-05     0 3.915670e-02    20 1.300007e+02 5.900155e-02 9.573335e-05 
   30 4.327527e-03 -2.373126e-02 2.370970e-01 3.789008e+03 6.956971e+02 6.370376e+02  1000  5000 8.318353e-05     0 3.915669e-02    20 1.300007e+02 5.900156e-02 9.647032e-05 
3.010000e+01 4.326556e-03 -2.373126e-02 2.371905e-01 3.801601e+03 6.987389e+02 6.359633e+02  1000  5000 8.179649e-05     0 3.915668e-02    20 1.300007e+02 5.900157e-02 9.725389e-05 
3.020000e+01 4.326241e-03 -2.373126e-02 2.372839e-01 3.814195e+03 7.017820e+02 6.348890e+02  1000  5000 8.049038e-05     0 3.915667e-02    20 1.300007e+02 5.900157e-02 9.808323e-05 
3.030000e+01 4.326531e-03 -2.373127e-02 2.373773e-01 3.826787e+03 7.048262e+02 6.338147e+02  1000  5000 7.931212e-05     0 3.915666e-02    20 1.300007e+02 5.900158e-02 9.894545e-05 
3.040000e+01 4.327377e-03 -2.373127e-02 2.374707e-01 3.839380e+03 7.078716e+02 6.327404e+02  1000  5000 7.827148e-05     0 3.915664e-02    20 1.300007e+02 5.900159e-02 9.981920e-05 
3.050000e+01 4.328728e-03 -2.373127e-02 2.375642e-01 3.851972e+03 7.109182e+02 6.316661e+02  1000  5000 7.736444e-05     0 3.915663e-02    20 1.300007e+02 5.900160e-02 1.006784e-04 
3.060000e+01 4.330707e-03 -2.373127e-02 2.376577e-01 3.864564e+03 7.139660e+02 6.305918e+02  1000  5000 7.421706e-05     0 3.915662e-02    20 1.300007e+02 5.900161e-02 1.015315e-04 
3.070000e+01 4.333660e-03 -2.373127e-02 2.377513e-01 3.877156e+03 7.170149e+02 6.295175e+02  1000  5000 7.275351e-05     0 3.915661e-02    20 1.300007e+02 5.900162e-02 1.024710e-04 
3.080000e+01 4.337407e-03 -2.373128e-02 2.378448e-01 3.889748e+03 7.200651e+02 6.284432e+02  1000  5000 7.205133e-05     0 3.915659e-02    20 1.300007e+02 5.900163e-02 1.035028e-04 
3.090000e+01 4.341657e-03 -2.373128e-02 2.379385e-01 3.902339e+03 7.231164e+02 6.273689e+02  1000  5000 7.172628e-05     0 3.915658e-02    20 1.300007e+02 5.900164e-02 1.045626e-04 
   31 4.346206e-03 -2.373128e-02 2.380323e-01 3.914930e+03 7.261690e+02 6.262946e+02  1000  5000 7.159947e-05     0 3.915656e-02    20 1.300007e+02 5.900165e-02 1.055633e-04 
3.110000e+01 4.351303e-03 -2.373128e-02 2.381264e-01 3.927520e+03 7.292227e+02 6.252203e+02  1000  5000 6.650644e-05     0 3.915655e-02    20 1.300007e+02 5.900166e-02 1.065018e-04 
3.120000e+01 4.357736e-03 -2.373128e-02 2.382205e-01 3.940110e+03 7.322776e+02 6.241460e+02  1000  5000 6.484749e-05     0 3.915653e-02    20 1.300007e+02 5.900167e-02 1.075722e-04 
3.130000e+01 4.365177e-03 -2.373128e-02 2.383147e-01 3.952700e+03 7.353337e+02 6.230717e+02  1000  5000 6.464359e-05     0 3.915652e-02    20 1.300007e+02 5.900168e-02 1.088007e-04 
3.140000e+01 4.373077e-03 -2.373128e-02 2.384090e-01 3.965290e+03 7.383910e+02 6.219974e+02  1000  5000 6.508070e-05     0 3.915650e-02    20 1.300007e+02 5.900169e-02 1.100755e-04 
3.150000e+01 4.381057e-03 -2.373128e-02 2.385036e-01 3.977880e+03 7.414495e+02 6.209230e+02  1000  5000 6.578898e-05     0 3.915649e-02    20 1.300007e+02 5.900171e-02 1.112428e-04 
3.160000e+01 4.389513e-03 -2.373129e-02 2.385986e-01 3.990469e+03 7.445092e+02 6.198487e+02  1000  5000 5.850124e-05     0 3.915647e-02    20 1.300007e+02 5.900172e-02 1.122867e-04 
3.170000e+01 4.399722e-03 -2.373129e-02 2.386937e-01 4.003057e+03 7.475701e+02 6.187744e+02  1000  5000 5.659780e-05     0 3.915645e-02    20 1.300007e+02 5.900173e-02 1.135145e-04 
3.180000e+01 4.411192e-03 -2.373129e-02 2.387889e-01 4.015646e+03 7.506322e+02 6.177001e+02  1000  5000 5.692450e-05     0 3.915643e-02    20 1.300007e+02 5.900174e-02 1.149750e-04 
3.190000e+01 4.423083e-03 -2.373129e-02 2.388844e-01 4.028234e+03 7.536956e+02 6.166258e+02  1000  5000 5.818894e-05     0 3.915641e-02    20 1.300007e+02 5.900176e-02 1.165028e-04 
   32 4.434822e-03 -2.373129e-02 2.389803e-01 4.040822e+03 7.567601e+02 6.155515e+02  1000  5000 5.980837e-05     0 3.915639e-02    20 1.300007e+02 5.900177e-02 1.178691e-04 
3.210000e+01 4.446968e-03 -2.373129e-02 2.390767e-01 4.053410e+03 7.598258e+02 6.144772e+02  1000  5000 4.999253e-05     0 3.915637e-02    20 1.300007e+02 5.900178e-02 1.190440e-04 
3.220000e+01 4.461358e-03 -2.373129e-02 2.391733e-01 4.065997e+03 7.628928e+02 6.134029e+02  1000  5000 4.778008e-05     0 3.915635e-02    20 1.300007e+02 5.900180e-02 1.204639e-04 
3.230000e+01 4.477315e-03 -2.373129e-02 2.392701e-01 4.078584e+03 7.659610e+02 6.123286e+02  1000  5000 4.868229e-05     0 3.915633e-02    20 1.300007e+02 5.900181e-02 1.222027e-04 
3.240000e+01 4.493661e-03 -2.373129e-02 2.393672e-01 4.091171e+03 7.690304e+02 6.112543e+02  1000  5000 5.086298e-05     0 3.915631e-02    20 1.300007e+02 5.900182e-02 1.240336e-04 
3.250000e+01 4.509600e-03 -2.373129e-02 2.394649e-01 4.103757e+03 7.721011e+02 6.101800e+02  1000  5000 5.349683e-05     0 3.915628e-02    20 1.300006e+02 5.900184e-02 1.256413e-04 
3.260000e+01 4.525885e-03 -2.373129e-02 2.395633e-01 4.116344e+03 7.751730e+02 6.091056e+02  1000  5000 4.070551e-05     0 3.915626e-02    20 1.300006e+02 5.900185e-02 1.269811e-04 
3.270000e+01 4.545007e-03 -2.373129e-02 2.396619e-01 4.128929e+03 7.782461e+02 6.080313e+02  1000  5000 3.809790e-05     0 3.915623e-02    20 1.300006e+02 5.900187e-02 1.286390e-04 
3.280000e+01 4.566069e-03 -2.373129e-02 2.397608e-01 4.141515e+03 7.813205e+02 6.069570e+02  1000  5000 3.963651e-05     0 3.915621e-02    20 1.300006e+02 5.900188e-02 1.307177e-04 
3.290000e+01 4.587497e-03 -2.373129e-02 2.398600e-01 4.154100e+03 7.843962e+02 6.058827e+02  1000  5000 4.285338e-05     0 3.915618e-02    20 1.300006e+02 5.900190e-02 1.329183e-04 
   33 4.608233e-03 -2.373129e-02 2.399601e-01 4.166685e+03 7.874731e+02 6.048084e+02  1000  5000 4.664072e-05     0 3.915616e-02    20 1.300006e+02 5.900192e-02 1.348246e-04 
3.310000e+01 4.629262e-03 -2.373130e-02 2.400610e-01 4.179270e+03 7.905513e+02 6.037341e+02  1000  5000 3.026882e-05     0 3.915613e-02    20 1.300006e+02 5.900193e-02 1.363744e-04 
3.320000e+01 4.653857e-03 -2.373130e-02 2.401623e-01 4.191854e+03 7.936307e+02 6.026598e+02  1000  5000 2.714900e-05     0 3.915610e-02    20 1.300006e+02 5.900195e-02 1.383320e-04 
3.330000e+01 4.680858e-03 -2.373130e-02 2.402638e-01 4.204438e+03 7.967115e+02 6.015855e+02  1000  5000 2.940567e-05     0 3.915607e-02    20 1.300006e+02 5.900197e-02 1.408340e-04 
3.340000e+01 4.708215e-03 -2.373130e-02 2.403659e-01 4.217022e+03 7.997935e+02 6.005112e+02  1000  5000 3.382013e-05     0 3.915604e-02    20 1.300006e+02 5.900198e-02 1.434948e-04 
3.350000e+01 4.734552e-03 -2.373130e-02 2.404689e-01 4.229605e+03 8.028769e+02 5.994368e+02  1000  5000 3.894819e-05     0 3.915601e-02    20 1.300006e+02 5.900200e-02 1.457768e-04 
3.360000e+01 4.761142e-03 -2.373130e-02 2.405731e-01 4.242188e+03 8.059615e+02 5.983625e+02  1000  5000 1.816705e-05     0 3.915597e-02    20 1.300006e+02 5.900202e-02 1.475982e-04 
3.370000e+01 4.792216e-03 -2.373130e-02 2.406777e-01 4.254771e+03 8.090475e+02 5.972882e+02  1000  5000 1.437267e-05     0 3.915594e-02    20 1.300006e+02 5.900204e-02 1.499403e-04 
3.380000e+01 4.826288e-03 -2.373130e-02 2.407826e-01 4.267353e+03 8.121347e+02 5.962139e+02  1000  5000 1.745655e-05     0 3.915591e-02    20 1.300006e+02 5.900206e-02 1.529802e-04 
3.390000e+01 4.860722e-03 -2.373130e-02 2.408882e-01 4.279935e+03 8.152234e+02 5.951396e+02  1000  5000 2.328688e-05     0 3.915587e-02    20 1.300006e+02 5.900208e-02 1.562259e-04 
   34 4.893753e-03 -2.373130e-02 2.409950e-01 4.292517e+03 8.183133e+02 5.940653e+02  1000  5000 3.000924e-05     0 3.915583e-02    20 1.300006e+02 5.900210e-02 1.589908e-04 
3.410000e+01 4.927014e-03 -2.373130e-02 2.411032e-01 4.305098e+03 8.214047e+02 5.929910e+02  1000  5000 3.664283e-06     0 3.915579e-02    20 1.300006e+02 5.900213e-02 1.611699e-04 
3.420000e+01 4.965943e-03 -2.373130e-02 2.412119e-01 4.317679e+03 8.244973e+02 5.919166e+02  1000  5000 -1.035143e-06     0 3.915575e-02    20 1.300006e+02 5.900215e-02 1.640154e-04 
3.430000e+01 5.008639e-03 -2.373130e-02 2.413210e-01 4.330260e+03 8.275914e+02 5.908423e+02  1000  5000 3.022416e-06     0 3.915571e-02    20 1.300006e+02 5.900217e-02 1.677544e-04 
3.440000e+01 5.051730e-03 -2.373130e-02 2.414309e-01 4.342840e+03 8.306869e+02 5.897680e+02  1000  5000 1.056685e-05     0 3.915567e-02    20 1.300006e+02 5.900219e-02 1.717608e-04 
3.450000e+01 5.092956e-03 -2.373130e-02 2.415423e-01 4.355420e+03 8.337837e+02 5.886937e+02  1000  5000 1.923109e-05     0 3.915562e-02    20 1.300006e+02 5.900222e-02 1.751602e-04 
3.460000e+01 5.134420e-03 -2.373131e-02 2.416554e-01 4.368000e+03 8.368820e+02 5.876194e+02  1000  5000 -1.432264e-05     0 3.915557e-02    20 1.300006e+02 5.900225e-02 1.778203e-04 
3.470000e+01 5.183114e-03 -2.373131e-02 2.417693e-01 4.380579e+03 8.399817e+02 5.865451e+02  1000  5000 -2.026345e-05     0 3.915552e-02    20 1.300006e+02 5.900227e-02 1.813405e-04 
3.480000e+01 5.236603e-03 -2.373131e-02 2.418835e-01 4.393158e+03 8.430829e+02 5.854707e+02  1000  5000 -1.503402e-05     0 3.915547e-02    20 1.300006e+02 5.900230e-02 1.860112e-04 
3.490000e+01 5.290559e-03 -2.373131e-02 2.419987e-01 4.405737e+03 8.461855e+02 5.843964e+02  1000  5000 -5.361570e-06     0 3.915542e-02    20 1.300006e+02 5.900233e-02 1.910324e-04 
   35 5.342078e-03 -2.373131e-02 2.421157e-01 4.418315e+03 8.492896e+02 5.833221e+02  1000  5000 5.729132e-06     0 3.915536e-02    20 1.300006e+02 5.900236e-02 1.952869e-04 
3.510000e+01 5.393898e-03 -2.373131e-02 2.422350e-01 4.430893e+03 8.523952e+02 5.822478e+02  1000  5000 -3.744355e-05     0 3.915531e-02    20 1.300006e+02 5.900239e-02 1.986098e-04 
3.520000e+01 5.455068e-03 -2.373132e-02 2.423551e-01 4.443470e+03 8.555023e+02 5.811735e+02  1000  5000 -4.513277e-05     0 3.915525e-02    20 1.300006e+02 5.900242e-02 2.030592e-04 
3.530000e+01 5.522444e-03 -2.373131e-02 2.424756e-01 4.456048e+03 8.586110e+02 5.800991e+02  1000  5000 -3.845989e-05     0 3.915518e-02    20 1.300006e+02 5.900245e-02 2.090072e-04 
3.540000e+01 5.590421e-03 -2.373131e-02 2.425973e-01 4.468624e+03 8.617211e+02 5.790248e+02  1000  5000 -2.607253e-05     0 3.915512e-02    20 1.300006e+02 5.900248e-02 2.154225e-04 
3.550000e+01 5.655240e-03 -2.373131e-02 2.427213e-01 4.481201e+03 8.648329e+02 5.779505e+02  1000  5000 -1.186433e-05     0 3.915505e-02    20 1.300006e+02 5.900252e-02 2.208638e-04 
3.560000e+01 5.720513e-03 -2.373132e-02 2.428480e-01 4.493777e+03 8.679462e+02 5.768762e+02  1000  5000 -6.831299e-05     0 3.915498e-02    20 1.300006e+02 5.900255e-02 2.251272e-04 
3.570000e+01 5.798117e-03 -2.373133e-02 2.429758e-01 4.506352e+03 8.710611e+02 5.758018e+02  1000  5000 -7.854536e-05     0 3.915490e-02    20 1.300006e+02 5.900259e-02 2.308970e-04 
3.580000e+01 5.883925e-03 -2.373132e-02 2.431040e-01 4.518927e+03 8.741777e+02 5.747275e+02  1000  5000 -7.005054e-05     0 3.915482e-02    20 1.300006e+02 5.900263e-02 2.386559e-04 
3.590000e+01 5.970574e-03 -2.373132e-02 2.432336e-01 4.531502e+03 8.772959e+02 5.736532e+02  1000  5000 -5.409293e-05     0 3.915474e-02    20 1.300006e+02 5.900267e-02 2.470529e-04 
   36 6.053128e-03 -2.373132e-02 2.433662e-01 4.544076e+03 8.804158e+02 5.725789e+02  1000  5000 -3.575257e-05     0 3.915465e-02    20 1.300006e+02 5.900271e-02 2.541992e-04 
3.610000e+01 6.136460e-03 -2.373133e-02 2.435023e-01 4.556650e+03 8.835374e+02 5.715045e+02  1000  5000 -1.112741e-04     0 3.915456e-02    20 1.300006e+02 5.900275e-02 2.598447e-04 
3.620000e+01 6.236476e-03 -2.373134e-02 2.436396e-01 4.569224e+03 8.866608e+02 5.704302e+02  1000  5000 -1.253561e-04     0 3.915446e-02    20 1.300006e+02 5.900280e-02 2.675648e-04 
3.630000e+01 6.347641e-03 -2.373133e-02 2.437772e-01 4.581797e+03 8.897859e+02 5.693559e+02  1000  5000 -1.145011e-04     0 3.915437e-02    20 1.300006e+02 5.900284e-02 2.779961e-04 
3.640000e+01 6.460080e-03 -2.373132e-02 2.439167e-01 4.594369e+03 8.929128e+02 5.682816e+02  1000  5000 -9.368185e-05     0 3.915426e-02    20 1.300006e+02 5.900289e-02 2.893278e-04 
3.650000e+01 6.567161e-03 -2.373133e-02 2.440600e-01 4.606941e+03 8.960415e+02 5.672072e+02  1000  5000 -6.966316e-05     0 3.915414e-02    20 1.300006e+02 5.900295e-02 2.990283e-04 
3.660000e+01 6.675682e-03 -2.373134e-02 2.442077e-01 4.619513e+03 8.991721e+02 5.661329e+02  1000  5000 -1.739713e-04     0 3.915402e-02    20 1.300006e+02 5.900300e-02 3.067952e-04 
3.670000e+01 6.807564e-03 -2.373135e-02 2.443568e-01 4.632084e+03 9.023045e+02 5.650585e+02  1000  5000 -1.941812e-04     0 3.915389e-02    20 1.300006e+02 5.900306e-02 3.175351e-04 
3.680000e+01 6.955157e-03 -2.373134e-02 2.445062e-01 4.644655e+03 9.054389e+02 5.639842e+02  1000  5000 -1.801828e-04     0 3.915377e-02    20 1.300006e+02 5.900311e-02 3.321106e-04 
3.690000e+01 7.104811e-03 -2.373132e-02 2.446578e-01 4.657225e+03 9.085753e+02 5.629099e+02  1000  5000 -1.524620e-04     0 3.915363e-02    20 1.300006e+02 5.900317e-02 3.480159e-04 
   37 7.247351e-03 -2.373132e-02 2.448144e-01 4.669795e+03 9.117137e+02 5.618355e+02  1000  5000 -1.202938e-04     0 3.915347e-02    20 1.300006e+02 5.900324e-02 3.617466e-04 
3.710000e+01 7.392692e-03 -2.373134e-02 2.449770e-01 4.682364e+03 9.148541e+02 5.607612e+02  1000  5000 -2.708838e-04     0 3.915330e-02    20 1.300006e+02 5.900331e-02 3.729526e-04 
3.720000e+01 7.572400e-03 -2.373133e-02 2.451409e-01 4.694933e+03 9.179966e+02 5.596868e+02  1000  5000 -3.016098e-04     0 3.914454e-02 2.003132e+01 1.300006e+02 5.900339e-02 3.886628e-04 
3.730000e+01 7.775200e-03 -2.372426e-02 2.453049e-01 4.707501e+03 9.211413e+02 5.586125e+02  1000  5000 -2.832486e-04     0 3.899445e-02 2.009530e+01 1.300011e+02 5.901083e-02 4.100843e-04 
3.740000e+01 7.981589e-03 -2.368829e-02 2.454718e-01 4.720069e+03 9.242882e+02 5.575381e+02  1000  5000 -2.451795e-04     0 3.896070e-02 2.007810e+01 1.300017e+02 5.904434e-02 4.336004e-04 
3.750000e+01 8.178322e-03 -2.363963e-02 2.456457e-01 4.732636e+03 9.274373e+02 5.564639e+02  1000  5000 -2.006451e-04     0 3.911338e-02    20 1.300019e+02 5.908247e-02 4.541434e-04 
3.760000e+01 8.381111e-03 -2.362466e-02 2.458275e-01 4.745202e+03 9.305888e+02 5.553898e+02  1000  5000 -4.325225e-04     0 3.923623e-02    20 1.300016e+02 5.908177e-02 4.713589e-04 
3.770000e+01 8.637060e-03 -2.365016e-02 2.460100e-01 4.757768e+03 9.337427e+02 5.543158e+02  1000  5000 -4.822330e-04     0 3.917137e-02    20 1.300014e+02 5.904542e-02 4.959227e-04 
3.780000e+01 8.929972e-03 -2.367917e-02 2.461917e-01 4.770334e+03 9.368990e+02 5.532420e+02  1000  5000 -4.577718e-04     0 3.912911e-02    20 1.300012e+02 5.901305e-02 5.296478e-04 
3.790000e+01 9.229604e-03 -2.369381e-02 2.463767e-01 4.782898e+03 9.400578e+02 5.521682e+02  1000  5000 -4.031814e-04     0 3.914342e-02    20 1.300011e+02 5.899887e-02 5.669466e-04 
   38 9.515627e-03 -2.369941e-02 2.465716e-01 4.795462e+03 9.432193e+02 5.510944e+02  1000  5000 -3.385138e-04     0 3.916871e-02    20 1.300010e+02 5.899466e-02 5.999935e-04 
3.810000e+01 9.814559e-03 -2.370399e-02 2.467781e-01 4.808026e+03 9.463834e+02 5.500205e+02  1000  5000 -7.304377e-04     0 3.917868e-02    20 1.300009e+02 5.899183e-02 6.286626e-04 
3.820000e+01 1.020624e-02 -2.370940e-02 2.469841e-01 4.820588e+03 9.495503e+02 5.489466e+02  1000  5000 -8.212132e-04     0 3.917748e-02    20 1.300008e+02 5.898861e-02 6.708824e-04 
3.830000e+01 1.066233e-02 -2.371434e-02 2.471867e-01 4.833150e+03 9.527201e+02 5.478727e+02  1000  5000 -7.881748e-04     0 3.917505e-02    20 1.300007e+02 5.898630e-02 7.296185e-04 
3.840000e+01 1.113231e-02 -2.371803e-02 2.473930e-01 4.845711e+03 9.558928e+02 5.467987e+02  1000  5000 -7.044309e-04     0 3.917442e-02    20 1.300006e+02 5.898547e-02 7.953691e-04 
3.850000e+01 1.158207e-02 -2.372082e-02 2.476141e-01 4.858272e+03 9.590688e+02 5.457247e+02  1000  5000 -6.033266e-04     0 3.917409e-02    20 1.300006e+02 5.898570e-02 8.547850e-04 
3.860000e+01 1.206544e-02 -2.372319e-02 2.478522e-01 4.870831e+03 9.622479e+02 5.446506e+02  1000  5000 -1.380337e-03     0 3.917283e-02    20 1.300005e+02 5.898637e-02 9.090361e-04 
3.870000e+01 1.273703e-02 -2.372503e-02 2.480838e-01 4.883390e+03 9.654304e+02 5.435765e+02  1000  5000 -1.576285e-03     0 3.917085e-02    20 1.300005e+02 5.898714e-02 9.933635e-04 
3.880000e+01 1.354149e-02 -2.372625e-02 2.483030e-01 4.895948e+03 9.686165e+02 5.425024e+02  1000  5000 -1.531980e-03     0 3.916871e-02    20 1.300005e+02 5.898799e-02 1.113462e-03 
3.890000e+01 1.438009e-02 -2.372698e-02 2.485242e-01 4.908504e+03 9.718064e+02 5.414281e+02  1000  5000 -1.388155e-03     0 3.916653e-02    20 1.300005e+02 5.898896e-02 1.250392e-03 
   39 1.518597e-02 -2.372757e-02 2.487701e-01 4.921060e+03 9.750002e+02 5.403539e+02  1000  5000 -1.209205e-03     0 3.916421e-02    20 1.300005e+02 5.899008e-02 1.377387e-03 
3.910000e+01 1.611235e-02 -2.372806e-02 2.490402e-01 4.933615e+03 9.781982e+02 5.392796e+02  1000  5000 -3.327694e-03     0 3.916170e-02    20 1.300005e+02 5.899111e-02 1.504459e-03 
3.920000e+01 1.756596e-02 -2.372728e-02 2.492695e-01 4.946168e+03 9.814007e+02 5.382052e+02  1000  5000 -3.920779e-03     0 3.915913e-02    20 1.300005e+02 5.899145e-02 1.727839e-03 
3.930000e+01 1.939859e-02 -2.372461e-02 2.494423e-01 4.958721e+03 9.846080e+02 5.371308e+02  1000  5000 -3.877349e-03     0 3.915718e-02    20 1.300006e+02 5.899118e-02 2.063019e-03 
3.940000e+01 2.134762e-02 -2.372011e-02 2.495985e-01 4.971272e+03 9.878205e+02 5.360563e+02  1000  5000 -3.566531e-03     0 3.912217e-02 2.005575e+01 1.300008e+02 5.899098e-02 2.458089e-03 
3.950000e+01 2.323418e-02 -2.370393e-02 2.498023e-01 4.983821e+03 9.910387e+02 5.349817e+02  1000  5000 -3.157583e-03     0 3.898386e-02 2.008959e+01 1.300014e+02 5.900237e-02 2.838590e-03 
3.960000e+01 2.648263e-02 -2.365760e-02 2.499362e-01 4.996369e+03 9.942632e+02 5.339071e+02  1000  5000 -2.144852e-02     0 3.900666e-02 2.005075e+01 1.300019e+02 5.903231e-02 3.413048e-03 
3.970000e+01 3.442108e-02 -2.358691e-02 2.493960e-01 5.008915e+03 9.974947e+02 5.328324e+02  1000  5000 -2.726050e-02     0 3.919934e-02    20 1.300020e+02 5.903463e-02 5.043351e-03 
3.980000e+01 4.583483e-02 -2.350716e-02 2.480286e-01 5.021459e+03 1.000735e+03 5.317577e+02  1000  5000 -2.782808e-02     0 3.923384e-02    20 1.300019e+02 5.896464e-02 7.880676e-03 
3.990000e+01 5.852200e-02 -2.339249e-02 2.461810e-01 5.034000e+03 1.003987e+03 5.306827e+02  1000  5000 -2.614410e-02     0 3.921807e-02    20 1.300019e+02 5.884422e-02 1.147730e-02 
   40 7.097696e-02 -2.322880e-02 2.444326e-01 5.046538e+03 1.007252e+03 5.296071e+02  5000 10000 -2.359124e-02     0 3.928431e-02    20 1.300020e+02 5.871669e-02 1.516684e-02 
4.010000e+01 8.384774e-02 -2.303877e-02 2.432083e-01 5.059071e+03 1.010534e+03 5.285305e+02  5000 10000 -3.764508e-02     0 3.940426e-02    20 1.300021e+02 5.858062e-02 1.856279e-02 
4.020000e+01 9.998246e-02 -2.281522e-02 2.423753e-01 5.071598e+03 1.013836e+03 5.274525e+02  5000 10000 -4.055641e-02     0 3.953431e-02    20 1.300025e+02 5.838210e-02 2.201899e-02 
4.030000e+01 1.183872e-01 -2.255606e-02 2.420242e-01 5.084120e+03 1.017160e+03 5.263724e+02  5000 10000 -3.891676e-02     0 3.968921e-02    20 1.300033e+02 5.814026e-02 2.545933e-02 
4.040000e+01 1.372711e-01 -2.230180e-02 2.424986e-01 5.096634e+03 1.020511e+03 5.252894e+02  5000 10000 -3.542643e-02     0 3.982468e-02    20 1.300047e+02 5.790221e-02 2.847539e-02 
4.050000e+01 1.554417e-01 -2.212591e-02 2.441833e-01 5.109140e+03 1.023894e+03 5.242027e+02  5000 10000 -3.130001e-02     0 3.988975e-02    20 1.300068e+02 5.771197e-02 3.062568e-02 
4.060000e+01 1.723889e-01 -2.210704e-02 2.473529e-01 5.121635e+03 1.027313e+03 5.231112e+02  5000 10000 -2.752153e-02     0 3.982871e-02    20 1.300100e+02 5.759974e-02 3.160723e-02 
4.070000e+01 1.880578e-01 -2.229785e-02 2.520948e-01 5.134120e+03 1.030773e+03 5.220143e+02  5000 10000 -2.364373e-02     0 3.960607e-02    20 1.300147e+02 5.758389e-02 3.133060e-02 
4.080000e+01 2.024807e-01 -2.271263e-02 2.583228e-01 5.146591e+03 1.034280e+03 5.209112e+02  5000 10000 -1.991834e-02     0 3.922010e-02    20 1.300209e+02 5.767774e-02 2.988771e-02 
4.090000e+01 2.157154e-01 -2.332910e-02 2.658117e-01 5.159048e+03 1.037837e+03 5.198012e+02  5000 10000 -1.643084e-02     0 3.869395e-02    20 1.300290e+02 5.788520e-02 2.751054e-02 
   41 2.278089e-01 -2.409800e-02 2.742463e-01 5.171489e+03 1.041451e+03 5.186839e+02  5000 10000 -1.320514e-02     0 3.806123e-02    20 1.300389e+02 5.819804e-02 2.451606e-02 
4.110000e+01 2.385825e-01 -2.496055e-02 2.832999e-01 5.183913e+03 1.045125e+03 5.175590e+02  5000 10000 -7.797819e-03     0 3.735383e-02    20 1.300504e+02 5.860136e-02 2.121041e-02 
4.120000e+01 2.475769e-01 -2.586888e-02 2.927194e-01 5.196318e+03 1.048864e+03 5.164263e+02  5000 10000 -4.293713e-03     0 3.659057e-02    20 1.300635e+02 5.907579e-02 1.779032e-02 
4.130000e+01 2.549351e-01 -2.676381e-02 3.022452e-01 5.208702e+03 1.052672e+03 5.152859e+02  5000 10000 -1.756519e-03     0 3.579797e-02    20 1.300779e+02 5.959000e-02 1.448556e-02 
4.140000e+01 2.609336e-01 -2.757901e-02 3.116273e-01 5.221065e+03 1.056554e+03 5.141379e+02  5000 10000 1.997035e-04     0 3.501028e-02    20 1.300934e+02 6.011933e-02 1.152482e-02 
4.150000e+01 2.657816e-01 -2.825707e-02 3.206662e-01 5.233405e+03 1.060511e+03 5.129828e+02  5000 10000 1.753708e-03     0 3.425051e-02    20 1.301097e+02 6.064669e-02 9.081859e-03 
4.160000e+01 2.692981e-01 -2.876977e-02 3.292735e-01 5.245720e+03 1.064547e+03 5.118211e+02  5000 10000 7.002702e-03     0 3.352520e-02    20 1.301267e+02 6.116262e-02 7.190939e-03 
4.170000e+01 2.708497e-01 -2.913158e-02 3.375356e-01 5.258010e+03 1.068663e+03 5.106533e+02  5000 10000 9.319369e-03     0 3.275381e-02 2.006727e+01 1.301444e+02 6.166878e-02 5.667484e-03 
4.180000e+01 2.708092e-01 -2.934165e-02 3.455142e-01 5.270274e+03 1.072861e+03 5.094802e+02  5000 10000 1.027387e-02     0 3.197047e-02 2.011588e+01 1.301628e+02 6.217153e-02 4.417482e-03 
4.190000e+01 2.697592e-01 -2.938629e-02 3.532141e-01 5.282511e+03 1.077140e+03 5.083028e+02  5000 10000 1.053729e-02     0 3.136098e-02 2.009785e+01 1.301812e+02 6.267614e-02 3.433538e-03 
   42 2.681475e-01 -2.928649e-02 3.606076e-01 5.294721e+03 1.081502e+03 5.071222e+02  5000 10000 1.043531e-02     0 3.097124e-02 2.001973e+01 1.301991e+02 6.315167e-02 2.735458e-03 
4.210000e+01 2.659806e-01 -2.910022e-02 3.676970e-01 5.306903e+03 1.085946e+03 5.059394e+02  5000 10000 1.356179e-02     0 3.070503e-02    20 1.302160e+02 6.355177e-02 2.284695e-03 
4.220000e+01 2.628084e-01 -2.888418e-02 3.745948e-01 5.319056e+03 1.090472e+03 5.047555e+02  5000 10000 1.430470e-02     0 3.025970e-02    20 1.302324e+02 6.386949e-02 1.903310e-03 
4.230000e+01 2.589492e-01 -2.862324e-02 3.813697e-01 5.331180e+03 1.095078e+03 5.035714e+02  5000 10000 1.403830e-02     0 2.986929e-02    20 1.302481e+02 6.414787e-02 1.525397e-03 
4.240000e+01 2.548686e-01 -2.829812e-02 3.880148e-01 5.343276e+03 1.099764e+03 5.023881e+02  5000 10000 1.333941e-02     0 2.964683e-02    20 1.302630e+02 6.440596e-02 1.180225e-03 
4.250000e+01 2.508868e-01 -2.791336e-02 3.944828e-01 5.355342e+03 1.104529e+03 5.012064e+02  5000 10000 1.247918e-02     0 2.943997e-02    20 1.302769e+02 6.463177e-02 9.295810e-04 
4.260000e+01 2.469389e-01 -2.747821e-02 4.007536e-01 5.367380e+03 1.109371e+03 5.000272e+02  5000 10000 1.445994e-02     0 2.932463e-02    20 1.302897e+02 6.481936e-02 7.863376e-04 
4.270000e+01 2.425566e-01 -2.702493e-02 4.068946e-01 5.379388e+03 1.114290e+03 4.988511e+02  5000 10000 1.456350e-02     0 2.927310e-02    20 1.303012e+02 6.496258e-02 6.398762e-04 
4.280000e+01 2.379376e-01 -2.657058e-02 4.129315e-01 5.391367e+03 1.119283e+03 4.976790e+02  5000 10000 1.391897e-02     0 2.927020e-02    20 1.303114e+02 6.505936e-02 4.654898e-04 
4.290000e+01 2.334038e-01 -2.611491e-02 4.188382e-01 5.403316e+03 1.124349e+03 4.965114e+02  5000 10000 1.299282e-02     0 2.932184e-02    20 1.303203e+02 6.511192e-02 3.083218e-04 
   43 2.291646e-01 -2.565282e-02 4.245696e-01 5.415236e+03 1.129488e+03 4.953488e+02 7.767623e+02 6.350963e+03 1.199699e-02     0 2.942969e-02    20 1.303278e+02 6.512290e-02 2.311145e-04 
4.310000e+01 2.169827e-01 -1.353352e-02 4.337217e-01 5.427128e+03 1.134695e+03 4.941856e+02 7.767623e+02 6.350963e+03 1.000000e-01     0 -1.722571e-01    20 1.303387e+02 7.817354e-02 -1.344269e-03 
4.320000e+01 1.845080e-01 2.906233e-02 4.525980e-01 5.438989e+03 1.139970e+03 4.930392e+02 7.767623e+02 6.350963e+03 1.000000e-01     0 -1.304224e-01    20 1.302932e+02 1.180187e-01 -9.423850e-03 
4.330000e+01 1.443812e-01 7.433025e-02 4.739335e-01 5.450816e+03 1.145322e+03 4.920032e+02 7.767623e+02 6.350963e+03 1.000000e-01     0 -7.269983e-02    20 1.301340e+02 1.523662e-01 -2.398098e-02 
4.340000e+01 1.028929e-01 1.021829e-01 4.925635e-01 5.462601e+03 1.150746e+03 4.911586e+02 7.767623e+02 6.350963e+03 1.000000e-01     0 -6.843315e-02    20 1.298770e+02 1.641340e-01 -4.164016e-02 
4.350000e+01 6.172270e-02 1.161867e-01 5.074868e-01 5.474341e+03 1.156227e+03 4.905288e+02 8.034393e+02 6.410045e+03 1.000000e-01     0 -8.058939e-02    20 1.295590e+02 1.606925e-01 -5.862973e-02 
4.360000e+01 2.063833e-02 1.253945e-01 5.181127e-01 5.486036e+03 1.161745e+03 4.901021e+02 8.034393e+02 6.410045e+03 1.000000e-01     0 -7.778999e-02    20 1.292009e+02 1.526367e-01 -7.251459e-02 
4.370000e+01 -2.187536e-02 1.332349e-01 5.236146e-01 5.497686e+03 1.167281e+03 4.898592e+02 8.034393e+02 6.410045e+03 1.000000e-01     0 -6.143020e-02    20 1.288109e+02 1.437717e-01 -8.221552e-02 
4.380000e+01 -6.612363e-02 1.390071e-01 5.237159e-01 5.509294e+03 1.172816e+03 4.897801e+02 8.034393e+02 6.410045e+03 1.000000e-01     0 -4.367298e-02    20 1.283965e+02 1.338952e-01 -8.756068e-02 
4.390000e+01 -1.132348e-01 1.419862e-01 5.188970e-01 5.520865e+03 1.178332e+03 4.898425e+02 8.034393e+02 6.410045e+03 1.000000e-01     0 -2.894409e-02    20 1.279676e+02 1.229891e-01 -8.898990e-02 
   44 -1.633436e-01 1.424696e-01 5.100952e-01 5.532404e+03 1.183811e+03 4.900209e+02 8.308930e+02 6.468058e+03 1.000000e-01     0 -1.670568e-02    20 1.275337e+02 1.119186e-01 -8.737268e-02 
4.410000e+01 -2.160551e-01 1.411177e-01 4.984111e-01 5.543919e+03 1.189236e+03 4.902890e+02 8.308930e+02 6.468058e+03 9.306421e-02     0 -5.208032e-03    20 1.271022e+02 1.015990e-01 -8.379089e-02 
4.420000e+01 -2.686806e-01 1.382887e-01 4.847257e-01 5.555418e+03 1.194590e+03 4.906212e+02 8.308930e+02 6.468058e+03 8.052532e-02     0 5.278886e-03    20 1.266779e+02 9.256084e-02 -7.889855e-02 
4.430000e+01 -3.183457e-01 1.340305e-01 4.695948e-01 5.566908e+03 1.199861e+03 4.909941e+02 8.308930e+02 6.468058e+03 6.804308e-02     0 1.485469e-02    20 1.262641e+02 8.489326e-02 -7.297223e-02 
4.440000e+01 -3.636877e-01 1.283232e-01 4.534922e-01 5.578397e+03 1.205035e+03 4.913869e+02 8.308930e+02 6.468058e+03 5.617214e-02     0 2.214289e-02    20 1.258639e+02 7.840187e-02 -6.631086e-02 
4.450000e+01 -4.041996e-01 1.213585e-01 4.368044e-01 5.589890e+03 1.210102e+03 4.917808e+02 8.572769e+02 6.525580e+03 4.524016e-02     0 2.749912e-02    20 1.254797e+02 7.298647e-02 -5.924441e-02 
4.460000e+01 -4.393170e-01 1.134452e-01 4.197899e-01 5.601394e+03 1.215053e+03 4.921592e+02 8.572769e+02 6.525580e+03 2.847067e-02     0 3.152202e-02    20 1.251134e+02 6.862697e-02 -5.202057e-02 
4.470000e+01 -4.680378e-01 1.048132e-01 4.025248e-01 5.612911e+03 1.219882e+03 4.925080e+02 8.572769e+02 6.525580e+03 1.743735e-02     0 3.442301e-02    20 1.247663e+02 6.527173e-02 -4.465390e-02 
4.480000e+01 -4.910707e-01 9.571745e-02 3.851800e-01 5.624446e+03 1.224583e+03 4.928153e+02 8.572769e+02 6.525580e+03 9.449574e-03     0 3.628934e-02    20 1.244393e+02 6.276022e-02 -3.736804e-02 
4.490000e+01 -5.095097e-01 8.647243e-02 3.680085e-01 5.636002e+03 1.229151e+03 4.930717e+02 8.572769e+02 6.525580e+03 3.352210e-03     0 3.727778e-02    20 1.241328e+02 6.095817e-02 -3.051627e-02 
   45 -5.242409e-01 7.739926e-02 3.512610e-01 5.647580e+03 1.233583e+03 4.932694e+02 8.812665e+02 6.583461e+03 -1.430983e-03     0 3.754996e-02    20 1.238473e+02 5.977381e-02 -2.444451e-02 
4.510000e+01 -5.353113e-01 6.873540e-02 3.350707e-01 5.659182e+03 1.237875e+03 4.934023e+02 8.812665e+02 6.583461e+03 -1.335214e-02     0 3.720098e-02    20 1.235827e+02 5.914775e-02 -1.930404e-02 
4.520000e+01 -5.418128e-01 6.055164e-02 3.193215e-01 5.670810e+03 1.242025e+03 4.934662e+02 8.812665e+02 6.583461e+03 -1.908562e-02     0 3.625139e-02    20 1.233389e+02 5.903807e-02 -1.487397e-02 
4.530000e+01 -5.445712e-01 5.293619e-02 3.039566e-01 5.682463e+03 1.246030e+03 4.934582e+02 8.812665e+02 6.583461e+03 -2.189299e-02     0 3.478581e-02    20 1.231154e+02 5.938536e-02 -1.108909e-02 
4.540000e+01 -5.447665e-01 4.600330e-02 2.890053e-01 5.694142e+03 1.249891e+03 4.933771e+02 8.812665e+02 6.583461e+03 -2.315751e-02     0 3.293735e-02    20 1.229118e+02 6.014158e-02 -8.011335e-03 
4.550000e+01 -5.433079e-01 3.984237e-02 2.745285e-01 5.705847e+03 1.253606e+03 4.932226e+02 9.023078e+02 6.642111e+03 -2.354793e-02     0 3.079798e-02    20 1.227271e+02 6.125649e-02 -5.719005e-03 
4.560000e+01 -5.402713e-01 3.446148e-02 2.605208e-01 5.717579e+03 1.257174e+03 4.929957e+02 9.023078e+02 6.642111e+03 -3.076937e-02     0 2.840983e-02    20 1.225605e+02 6.267458e-02 -4.151081e-03 
4.570000e+01 -5.348085e-01 2.974190e-02 2.467917e-01 5.729336e+03 1.260594e+03 4.926981e+02 9.023078e+02 6.642111e+03 -3.280001e-02     0 2.579230e-02    20 1.224109e+02 6.434427e-02 -2.953913e-03 
4.580000e+01 -5.275728e-01 2.561159e-02 2.332341e-01 5.741119e+03 1.263867e+03 4.923326e+02 9.023078e+02 6.642111e+03 -3.258663e-02     0 2.302169e-02    20 1.222771e+02 6.621604e-02 -1.962261e-03 
4.590000e+01 -5.195151e-01 2.205119e-02 2.198516e-01 5.752926e+03 1.266992e+03 4.919024e+02 9.023078e+02 6.642111e+03 -3.136271e-02     0 2.019812e-02    20 1.221579e+02 6.823993e-02 -1.178642e-03 
   46 -5.113285e-01 1.905274e-02 2.067045e-01 5.764757e+03 1.269971e+03 4.914113e+02 9.202473e+02 6.701610e+03 -2.970778e-02     0 1.738592e-02    20 1.220521e+02 7.036036e-02 -6.685236e-04 
4.610000e+01 -5.029497e-01 1.657294e-02 1.938168e-01 5.776612e+03 1.272802e+03 4.908634e+02 9.202473e+02 6.701610e+03 -3.447797e-02     0 1.461407e-02    20 1.219584e+02 7.252165e-02 -4.083611e-04 
4.620000e+01 -4.934775e-01 1.449176e-02 1.810614e-01 5.788489e+03 1.275487e+03 4.902629e+02 9.202473e+02 6.701610e+03 -3.490523e-02     0 1.189423e-02    20 1.218755e+02 7.467968e-02 -1.340700e-04 
4.630000e+01 -4.833378e-01 1.274456e-02 1.683896e-01 5.800387e+03 1.278027e+03 4.896141e+02 9.202473e+02 6.701610e+03 -3.358654e-02     0 9.273270e-03    20 1.218023e+02 7.680302e-02 2.316746e-04 
4.640000e+01 -4.732299e-01 1.132038e-02 1.558523e-01 5.812306e+03 1.280422e+03 4.889217e+02 9.202473e+02 6.701610e+03 -3.158699e-02     0 6.809018e-03    20 1.217377e+02 7.886396e-02 6.105040e-04 
4.650000e+01 -4.636353e-01 1.022374e-02 1.435471e-01 5.824245e+03 1.282674e+03 4.881899e+02 9.351101e+02 6.761901e+03 -2.938880e-02     0 4.529520e-03    20 1.216805e+02 8.083420e-02 8.731186e-04 
4.660000e+01 -4.543511e-01 9.432319e-03 1.315306e-01 5.836201e+03 1.284783e+03 4.874230e+02 9.351101e+02 6.761901e+03 -3.340205e-02     0 2.434735e-03    20 1.216298e+02 8.268790e-02 9.884990e-04 
4.670000e+01 -4.444087e-01 8.859441e-03 1.197059e-01 5.848175e+03 1.286750e+03 4.866252e+02 9.351101e+02 6.761901e+03 -3.344803e-02     0 5.110642e-04    20 1.215847e+02 8.440955e-02 1.168968e-03 
4.680000e+01 -4.341092e-01 8.461432e-03 1.080394e-01 5.860165e+03 1.288578e+03 4.858003e+02 9.351101e+02 6.761901e+03 -3.194226e-02     0 -1.225269e-03    20 1.215443e+02 8.599529e-02 1.456792e-03 
4.690000e+01 -4.240358e-01 8.236981e-03 9.658374e-02 5.872169e+03 1.290268e+03 4.849521e+02 9.351101e+02 6.761901e+03 -2.986363e-02     0 -2.748142e-03    20 1.215077e+02 8.744261e-02 1.756891e-03 
   47 -4.145860e-01 8.195420e-03 8.543030e-02 5.884187e+03 1.291821e+03 4.840841e+02 9.470191e+02 6.822863e+03 -2.764769e-02     0 -4.054842e-03    20 1.214744e+02 8.874609e-02 1.936521e-03 
4.710000e+01 -4.055325e-01 8.322312e-03 7.462823e-02 5.896217e+03 1.293240e+03 4.831996e+02 9.470191e+02 6.822863e+03 -3.126171e-02     0 -5.163682e-03    20 1.214436e+02 8.989968e-02 1.964788e-03 
4.720000e+01 -3.959428e-01 8.548934e-03 6.407679e-02 5.908259e+03 1.294527e+03 4.823015e+02 9.470191e+02 6.822863e+03 -3.120199e-02     0 -6.100729e-03    20 1.214149e+02 9.090363e-02 2.045583e-03 
4.730000e+01 -3.860758e-01 8.840563e-03 5.373305e-02 5.920309e+03 1.295683e+03 4.813926e+02 9.470191e+02 6.822863e+03 -2.971444e-02     0 -6.864806e-03    20 1.213877e+02 9.176735e-02 2.222404e-03 
4.740000e+01 -3.764624e-01 9.197417e-03 4.363568e-02 5.932368e+03 1.296711e+03 4.804755e+02 9.470191e+02 6.822863e+03 -2.770696e-02     0 -7.445571e-03    20 1.213615e+02 9.249937e-02 2.410908e-03 
4.750000e+01 -3.674658e-01 9.628995e-03 3.386354e-02 5.944434e+03 1.297614e+03 4.795523e+02 9.561798e+02 6.884340e+03 -2.558251e-02     0 -7.850956e-03    20 1.213360e+02 9.310381e-02 2.492252e-03 
4.760000e+01 -3.588819e-01 1.012655e-02 2.446971e-02 5.956506e+03 1.298393e+03 4.786251e+02 9.561798e+02 6.884340e+03 -2.873494e-02     0 -8.104395e-03    20 1.213108e+02 9.358260e-02 2.440580e-03 
4.770000e+01 -3.498666e-01 1.063865e-02 1.539433e-02 5.968582e+03 1.299052e+03 4.776956e+02 9.561798e+02 6.884340e+03 -2.858132e-02     0 -8.233343e-03    20 1.212858e+02 9.394167e-02 2.442725e-03 
4.780000e+01 -3.406490e-01 1.114109e-02 6.866608e-03 5.980661e+03 1.299593e+03 4.767653e+02 9.561798e+02 6.884340e+03 -2.715018e-02     0 -8.242245e-03    20 1.212606e+02 9.419419e-02 2.538212e-03 
4.790000e+01 -3.317035e-01 1.163792e-02 -4.263812e-03 5.992743e+03 1.300019e+03 4.758357e+02 9.561798e+02 6.884340e+03 -2.526081e-02     0 -8.127802e-03    20 1.212352e+02 9.435171e-02 2.650865e-03 
   48 -3.233536e-01 1.214089e-02 -1.168719e-02 6.004825e+03 1.300333e+03 4.749078e+02 9.628676e+02 6.946163e+03 -2.327612e-02     0 -7.900596e-03    20 1.212092e+02 9.442136e-02 2.673720e-03 
4.810000e+01 -3.154110e-01 1.264750e-02 -1.966428e-02 6.016908e+03 1.300537e+03 4.739826e+02 9.628676e+02 6.946163e+03 -2.606266e-02     0 -7.582492e-03    20 1.211828e+02 9.440768e-02 2.583894e-03 
4.820000e+01 -3.071110e-01 1.312153e-02 -2.751984e-02 6.028989e+03 1.300633e+03 4.730608e+02 9.628676e+02 6.946163e+03 -2.587434e-02     0 -7.197360e-03    20 1.211557e+02 9.431777e-02 2.549874e-03 
4.830000e+01 -2.986557e-01 1.354838e-02 -3.523135e-02 6.041069e+03 1.300626e+03 4.721429e+02 9.628676e+02 6.946163e+03 -2.454080e-02     0 -6.750217e-03    20 1.211280e+02 9.416428e-02 2.606644e-03 
4.840000e+01 -2.904687e-01 1.393584e-02 -4.275584e-02 6.053145e+03 1.300518e+03 4.712294e+02 9.628676e+02 6.946163e+03 -2.280027e-02     0 -6.239654e-03    20 1.210997e+02 9.395805e-02 2.685015e-03 
4.850000e+01 -2.828378e-01 1.429764e-02 -5.003028e-02 6.065218e+03 1.300311e+03 4.703207e+02 9.673987e+02 7.008175e+03 -2.097924e-02     0 -5.674768e-03    20 1.210707e+02 9.370582e-02 2.688176e-03 
4.860000e+01 -2.756022e-01 1.463635e-02 -5.702741e-02 6.077286e+03 1.300008e+03 4.694169e+02 9.673987e+02 7.008175e+03 -2.330433e-02     0 -5.072909e-03    20 1.210411e+02 9.341179e-02 2.592419e-03 
4.870000e+01 -2.680981e-01 1.492846e-02 -6.382147e-02 6.089348e+03 1.299612e+03 4.685179e+02 9.673987e+02 7.008175e+03 -2.305777e-02     0 -4.452294e-03    20 1.210110e+02 9.308167e-02 2.540488e-03 
4.880000e+01 -2.604960e-01 1.516650e-02 -7.045489e-02 6.101405e+03 1.299126e+03 4.676239e+02 9.673987e+02 7.008175e+03 -2.182693e-02     0 -3.816383e-03    20 1.209804e+02 9.272541e-02 2.561574e-03 
4.890000e+01 -2.531576e-01 1.535948e-02 -7.690822e-02 6.113455e+03 1.298552e+03 4.667347e+02 9.673987e+02 7.008175e+03 -2.025146e-02     0 -3.163541e-03    20 1.209494e+02 9.235133e-02 2.596505e-03 
   49 -2.463277e-01 1.552041e-02 -8.313462e-02 6.125498e+03 1.297893e+03 4.658501e+02 9.700965e+02 7.070246e+03 -1.861346e-02     0 -2.499853e-03    20 1.209180e+02 9.196430e-02 2.563266e-03 
4.910000e+01 -2.398569e-01 1.565326e-02 -8.911602e-02 6.137533e+03 1.297152e+03 4.649698e+02 9.700965e+02 7.070246e+03 -2.067956e-02     0 -1.837372e-03    20 1.208864e+02 9.156696e-02 2.444674e-03 
4.920000e+01 -2.331514e-01 1.574159e-02 -9.492568e-02 6.149560e+03 1.296331e+03 4.640937e+02 9.700965e+02 7.070246e+03 -2.045360e-02     0 -1.188536e-03    20 1.208547e+02 9.116286e-02 2.370347e-03 
4.930000e+01 -2.263622e-01 1.578156e-02 -1.006039e-01 6.161579e+03 1.295432e+03 4.632212e+02 9.700965e+02 7.070246e+03 -1.935099e-02     0 -5.543358e-04    20 1.208229e+02 9.075885e-02 2.368505e-03 
4.940000e+01 -2.198110e-01 1.578213e-02 -1.061346e-01 6.173589e+03 1.294457e+03 4.623522e+02 9.700965e+02 7.070246e+03 -1.794193e-02     0 6.816088e-05    20 1.207911e+02 9.036029e-02 2.387790e-03 
4.950000e+01 -2.137163e-01 1.575536e-02 -1.114757e-01 6.185590e+03 1.293410e+03 4.614861e+02 9.712678e+02 7.132281e+03 -1.647790e-02     0 6.759942e-04    20 1.207594e+02 8.996976e-02 2.355256e-03 
4.960000e+01 -2.079456e-01 1.570618e-02 -1.166101e-01 6.197581e+03 1.292292e+03 4.606227e+02 9.712678e+02 7.132281e+03 -1.831463e-02     0 1.261664e-03    20 1.207279e+02 8.958806e-02 2.254166e-03 
4.970000e+01 -2.019715e-01 1.562363e-02 -1.216026e-01 6.209563e+03 1.291106e+03 4.597614e+02 9.712678e+02 7.132281e+03 -1.811055e-02     0 1.817386e-03    20 1.206968e+02 8.921663e-02 2.197154e-03 
4.980000e+01 -1.959268e-01 1.550644e-02 -1.264868e-01 6.221535e+03 1.289854e+03 4.589020e+02 9.712678e+02 7.132281e+03 -1.712664e-02     0 2.344166e-03    20 1.206660e+02 8.885951e-02 2.207430e-03 
4.990000e+01 -1.900964e-01 1.536299e-02 -1.312460e-01 6.233498e+03 1.288537e+03 4.580440e+02 9.712678e+02 7.132281e+03 -1.587060e-02     0 2.845998e-03    20 1.206357e+02 8.851965e-02 2.237880e-03 
   50 -1.846731e-01 1.520376e-02 -1.358405e-01 6.245450e+03 1.287159e+03 4.571870e+02 9.711886e+02 7.194219e+03 -1.456607e-02     0 3.322291e-03    20 1.206059e+02 8.819785e-02 2.222384e-03 
5.010000e+01 -1.795363e-01 1.503337e-02 -1.402540e-01 6.257392e+03 1.285720e+03 4.563307e+02 9.711886e+02 7.194219e+03 -1.623086e-02     0 3.768881e-03    20 1.205766e+02 8.789351e-02 2.145155e-03 
5.020000e+01 -1.742117e-01 1.484389e-02 -1.445443e-01 6.269325e+03 1.284223e+03 4.554746e+02 9.711886e+02 7.194219e+03 -1.605868e-02     0 4.181340e-03    20 1.205481e+02 8.760650e-02 2.106331e-03 
5.030000e+01 -1.688179e-01 1.463480e-02 -1.487407e-01 6.281247e+03 1.282669e+03 4.546186e+02 9.711886e+02 7.194219e+03 -1.518376e-02     0 4.561993e-03    20 1.205202e+02 8.733885e-02 2.126630e-03 
5.040000e+01 -1.636106e-01 1.441292e-02 -1.528272e-01 6.293159e+03 1.281061e+03 4.537621e+02 9.711886e+02 7.194219e+03 -1.406266e-02     0 4.915368e-03    20 1.204931e+02 8.709179e-02 2.163947e-03 
5.050000e+01 -1.587633e-01 1.418647e-02 -1.567677e-01 6.305061e+03 1.279400e+03 4.529050e+02 9.701012e+02 7.256026e+03 -1.289646e-02     0 5.242314e-03    20 1.204668e+02 8.686494e-02 2.159075e-03 
5.060000e+01 -1.541673e-01 1.395899e-02 -1.605470e-01 6.316953e+03 1.277688e+03 4.520470e+02 9.701012e+02 7.256026e+03 -1.441635e-02     0 5.540810e-03    20 1.204413e+02 8.665680e-02 2.097953e-03 
5.070000e+01 -1.493945e-01 1.372418e-02 -1.642177e-01 6.328835e+03 1.275926e+03 4.511878e+02 9.701012e+02 7.256026e+03 -1.427170e-02     0 5.808597e-03    20 1.204166e+02 8.646625e-02 2.070895e-03 
5.080000e+01 -1.445531e-01 1.348151e-02 -1.678059e-01 6.340708e+03 1.274117e+03 4.503272e+02 9.701012e+02 7.256026e+03 -1.348933e-02     0 6.048576e-03    20 1.203928e+02 8.629408e-02 2.096838e-03 
5.090000e+01 -1.398744e-01 1.323608e-02 -1.712967e-01 6.352571e+03 1.272261e+03 4.494650e+02 9.701012e+02 7.256026e+03 -1.248258e-02     0 6.265194e-03    20 1.203700e+02 8.614050e-02 2.137962e-03 
   51 -1.355162e-01 1.299401e-02 -1.746569e-01 6.364424e+03 1.270360e+03 4.486010e+02 9.682160e+02 7.317687e+03 -1.143359e-02     0 6.459900e-03    20 1.203480e+02 8.600453e-02 2.140814e-03 
5.110000e+01 -1.313805e-01 1.275770e-02 -1.778723e-01 6.376268e+03 1.268416e+03 4.477351e+02 9.682160e+02 7.317687e+03 -1.282454e-02     0 6.631835e-03    20 1.203269e+02 8.588435e-02 2.092611e-03 
5.120000e+01 -1.270795e-01 1.252194e-02 -1.809909e-01 6.388103e+03 1.266430e+03 4.468671e+02 9.682160e+02 7.317687e+03 -1.270131e-02     0 6.779949e-03    20 1.203067e+02 8.577843e-02 2.075044e-03 
5.130000e+01 -1.227117e-01 1.228606e-02 -1.840358e-01 6.399929e+03 1.264403e+03 4.459969e+02 9.682160e+02 7.317687e+03 -1.199731e-02     0 6.907116e-03    20 1.202875e+02 8.568691e-02 2.105269e-03 
5.140000e+01 -1.184877e-01 1.205367e-02 -1.869930e-01 6.411746e+03 1.262337e+03 4.451245e+02 9.682160e+02 7.317687e+03 -1.108830e-02     0 7.017249e-03    20 1.202691e+02 8.560962e-02 2.148953e-03 
5.150000e+01 -1.145510e-01 1.182911e-02 -1.898319e-01 6.423554e+03 1.260234e+03 4.442497e+02 9.657165e+02 7.379200e+03 -1.013988e-02     0 7.111816e-03    20 1.202517e+02 8.554543e-02 2.157497e-03 
5.160000e+01 -1.108130e-01 1.161386e-02 -1.925395e-01 6.435354e+03 1.258094e+03 4.433725e+02 9.657165e+02 7.379200e+03 -1.141539e-02     0 7.190453e-03    20 1.202351e+02 8.549257e-02 2.119213e-03 
5.170000e+01 -1.069208e-01 1.140354e-02 -1.951594e-01 6.447145e+03 1.255919e+03 4.424929e+02 9.657165e+02 7.379200e+03 -1.130919e-02     0 7.252688e-03    20 1.202194e+02 8.544950e-02 2.108364e-03 
5.180000e+01 -1.029643e-01 1.119732e-02 -1.977124e-01 6.458929e+03 1.253709e+03 4.416109e+02 9.657165e+02 7.379200e+03 -1.067256e-02     0 7.301026e-03    20 1.202045e+02 8.541619e-02 2.140592e-03 
5.190000e+01 -9.913579e-02 1.099765e-02 -2.001856e-01 6.470705e+03 1.251467e+03 4.407264e+02 9.657165e+02 7.379200e+03 -9.848185e-03     0 7.338626e-03    20 1.201904e+02 8.539236e-02 2.184654e-03 
   52 -9.556640e-02 1.080750e-02 -2.025509e-01 6.482472e+03 1.249194e+03 4.398395e+02 9.627646e+02 7.440574e+03 -8.987104e-03     0 7.366673e-03    20 1.201772e+02 8.537704e-02 2.196271e-03 
5.210000e+01 -9.217545e-02 1.062761e-02 -2.047963e-01 6.494233e+03 1.246890e+03 4.389502e+02 9.627646e+02 7.440574e+03 -1.015783e-02     0 7.384929e-03    20 1.201647e+02 8.536872e-02 2.164801e-03 
5.220000e+01 -8.864123e-02 1.045437e-02 -2.069616e-01 6.505986e+03 1.244556e+03 4.380584e+02 9.627646e+02 7.440574e+03 -1.006508e-02     0 7.393150e-03    20 1.201530e+02 8.536607e-02 2.158044e-03 
5.230000e+01 -8.504599e-02 1.028688e-02 -2.090659e-01 6.517733e+03 1.242194e+03 4.371643e+02 9.627646e+02 7.440574e+03 -9.486944e-03     0 7.393345e-03    20 1.201420e+02 8.536904e-02 2.190326e-03 
5.240000e+01 -8.156552e-02 1.012674e-02 -2.110971e-01 6.529472e+03 1.239806e+03 4.362679e+02 9.627646e+02 7.440574e+03 -8.736663e-03     0 7.387883e-03    20 1.201317e+02 8.537746e-02 2.233153e-03 
5.250000e+01 -7.831992e-02 9.975882e-03 -2.130296e-01 6.541205e+03 1.237391e+03 4.353692e+02 9.595048e+02 7.501819e+03 -7.952325e-03     0 7.377562e-03    20 1.201220e+02 8.539064e-02 2.246085e-03 
5.260000e+01 -7.523566e-02 9.834600e-03 -2.148524e-01 6.552932e+03 1.234951e+03 4.344683e+02 9.595048e+02 7.501819e+03 -9.027674e-03     0 7.362109e-03    20 1.201131e+02 8.540738e-02 2.219422e-03 
5.270000e+01 -7.201866e-02 9.699957e-03 -2.166018e-01 6.564653e+03 1.232487e+03 4.335653e+02 9.595048e+02 7.501819e+03 -8.945832e-03     0 7.341353e-03    20 1.201047e+02 8.542660e-02 2.215217e-03 
5.280000e+01 -6.874434e-02 9.571124e-03 -2.182955e-01 6.576368e+03 1.230000e+03 4.326602e+02 9.595048e+02 7.501819e+03 -8.419222e-03     0 7.316805e-03    20 1.200969e+02 8.544837e-02 2.246598e-03 
5.290000e+01 -6.557370e-02 9.449092e-03 -2.199222e-01 6.588077e+03 1.227491e+03 4.317531e+02 9.595048e+02 7.501819e+03 -7.734650e-03     0 7.290129e-03    20 1.200897e+02 8.547267e-02 2.287492e-03 
   53 -6.261681e-02 9.335090e-03 -2.214584e-01 6.599781e+03 1.224961e+03 4.308441e+02 9.560673e+02 7.562951e+03 -7.018568e-03     0 7.261750e-03    20 1.200830e+02 8.549906e-02 2.300879e-03 
5.310000e+01 -5.980645e-02 9.229128e-03 -2.228941e-01 6.611479e+03 1.222411e+03 4.299332e+02 9.560673e+02 7.562951e+03 -8.007737e-03     0 7.231322e-03    20 1.200768e+02 8.552667e-02 2.277899e-03 
5.320000e+01 -5.687329e-02 9.128917e-03 -2.242627e-01 6.623173e+03 1.219841e+03 4.290205e+02 9.560673e+02 7.562951e+03 -7.935308e-03     0 7.198700e-03    20 1.200712e+02 8.555467e-02 2.275464e-03 
5.330000e+01 -5.388658e-02 9.033756e-03 -2.255802e-01 6.634862e+03 1.217254e+03 4.281061e+02 9.560673e+02 7.562951e+03 -7.454711e-03     0 7.164975e-03    20 1.200659e+02 8.558322e-02 2.305616e-03 
5.340000e+01 -5.099400e-02 8.944246e-03 -2.268363e-01 6.646547e+03 1.214648e+03 4.271901e+02 9.560673e+02 7.562951e+03 -6.829005e-03     0 7.131232e-03    20 1.200611e+02 8.561247e-02 2.344436e-03 
5.350000e+01 -4.829653e-02 8.861125e-03 -2.280095e-01 6.658227e+03 1.212027e+03 4.262725e+02 9.525709e+02 7.623982e+03 -6.174176e-03     0 7.097598e-03    20 1.200567e+02 8.564217e-02 2.357957e-03 
5.360000e+01 -4.573256e-02 8.784256e-03 -2.290905e-01 6.669903e+03 1.209389e+03 4.253534e+02 9.525709e+02 7.623982e+03 -7.086154e-03     0 7.063677e-03    20 1.200527e+02 8.567172e-02 2.338076e-03 
5.370000e+01 -4.305501e-02 8.711937e-03 -2.301100e-01 6.681575e+03 1.206737e+03 4.244329e+02 9.525709e+02 7.623982e+03 -7.022350e-03     0 7.029355e-03    20 1.200491e+02 8.570048e-02 2.337109e-03 
5.380000e+01 -4.032767e-02 8.643635e-03 -2.310827e-01 6.693243e+03 1.204070e+03 4.235111e+02 9.525709e+02 7.623982e+03 -6.583288e-03     0 6.995403e-03    20 1.200458e+02 8.572872e-02 2.366119e-03 
5.390000e+01 -3.768619e-02 8.579698e-03 -2.319992e-01 6.704909e+03 1.201391e+03 4.225880e+02 9.525709e+02 7.623982e+03 -6.010731e-03     0 6.962465e-03    20 1.200428e+02 8.575665e-02 2.403107e-03 
   54 -3.522338e-02 8.520527e-03 -2.328396e-01 6.716570e+03 1.198699e+03 4.216636e+02 9.491244e+02 7.684926e+03 -5.411268e-03     0 6.930458e-03    20 1.200401e+02 8.578421e-02 2.416838e-03 
5.410000e+01 -3.288271e-02 8.465920e-03 -2.335954e-01 6.728229e+03 1.195995e+03 4.207382e+02 9.491244e+02 7.684926e+03 -6.254834e-03     0 6.898976e-03    20 1.200377e+02 8.581098e-02 2.399891e-03 
5.420000e+01 -3.043730e-02 8.414690e-03 -2.342948e-01 6.739885e+03 1.193280e+03 4.198116e+02 9.491244e+02 7.684926e+03 -6.199483e-03     0 6.867960e-03    20 1.200356e+02 8.583646e-02 2.400481e-03 
5.430000e+01 -2.794631e-02 8.366479e-03 -2.349514e-01 6.751538e+03 1.190556e+03 4.188841e+02 9.491244e+02 7.684926e+03 -5.798476e-03     0 6.837952e-03    20 1.200337e+02 8.586097e-02 2.428794e-03 
5.440000e+01 -2.553475e-02 8.321471e-03 -2.355565e-01 6.763189e+03 1.187822e+03 4.179555e+02 9.491244e+02 7.684926e+03 -5.274568e-03     0 6.809282e-03    20 1.200321e+02 8.588476e-02 2.464556e-03 
5.450000e+01 -2.328805e-02 8.279833e-03 -2.360917e-01 6.774838e+03 1.185079e+03 4.170261e+02 9.458282e+02 7.745796e+03 -4.725962e-03     0 6.781731e-03    20 1.200307e+02 8.590788e-02 2.478982e-03 
5.460000e+01 -2.115467e-02 8.241341e-03 -2.365492e-01 6.786484e+03 1.182328e+03 4.160958e+02 9.458282e+02 7.745796e+03 -5.510268e-03     0 6.754924e-03    20 1.200295e+02 8.593005e-02 2.465286e-03 
5.470000e+01 -1.892750e-02 8.205246e-03 -2.369551e-01 6.798129e+03 1.179570e+03 4.151647e+02 9.458282e+02 7.745796e+03 -5.464651e-03     0 6.728874e-03    20 1.200284e+02 8.595085e-02 2.468056e-03 
5.480000e+01 -1.666322e-02 8.171351e-03 -2.373217e-01 6.809772e+03 1.176806e+03 4.142328e+02 9.458282e+02 7.745796e+03 -5.100582e-03     0 6.703975e-03    20 1.200276e+02 8.597061e-02 2.496739e-03 
5.490000e+01 -1.447901e-02 8.139730e-03 -2.376412e-01 6.821413e+03 1.174035e+03 4.133002e+02 9.458282e+02 7.745796e+03 -4.624258e-03     0 6.680335e-03    20 1.200269e+02 8.598961e-02 2.532666e-03 
   55 -1.245586e-02 8.110380e-03 -2.378965e-01 6.833053e+03 1.171260e+03 4.123670e+02 9.427753e+02 7.806600e+03 -4.126851e-03     0 6.657663e-03    20 1.200264e+02 8.600793e-02 2.549359e-03 
5.510000e+01 -1.055252e-02 8.083076e-03 -2.380804e-01 6.844692e+03 1.168480e+03 4.114331e+02 9.427753e+02 7.806600e+03 -4.866938e-03     0 6.635637e-03    20 1.200260e+02 8.602539e-02 2.540773e-03 
5.520000e+01 -8.598904e-03 8.057431e-03 -2.382173e-01 6.856330e+03 1.165696e+03 4.104986e+02 9.427753e+02 7.806600e+03 -4.843123e-03     0 6.614357e-03    20 1.200257e+02 8.604163e-02 2.548544e-03 
5.530000e+01 -6.686525e-03 8.033390e-03 -2.383190e-01 6.867966e+03 1.162908e+03 4.095635e+02 9.427753e+02 7.806600e+03 -4.535217e-03     0 6.594126e-03    20 1.200256e+02 8.605695e-02 2.581943e-03 
5.540000e+01 -5.005701e-03 8.010949e-03 -2.383784e-01 6.879603e+03 1.160119e+03 4.086279e+02 9.427753e+02 7.806600e+03 -4.146008e-03     0 6.574905e-03    20 1.200256e+02 8.607160e-02 2.624717e-03 
5.550000e+01 -3.813640e-03 7.989981e-03 -2.383812e-01 6.891238e+03 1.157327e+03 4.076918e+02 9.400525e+02 7.867349e+03 -3.785611e-03     0 6.556381e-03    20 1.200257e+02 8.608571e-02 2.654548e-03 
5.560000e+01 3.439853e-03 7.970282e-03 -2.383233e-01 6.902874e+03 1.154534e+03 4.067553e+02 9.400525e+02 7.867349e+03 -4.939855e-03     0 6.538318e-03    20 1.200259e+02 8.609907e-02 2.670694e-03 
5.570000e+01 4.141718e-03 7.951808e-03 -2.382307e-01 6.914509e+03 1.151740e+03 4.058182e+02 9.400525e+02 7.867349e+03 -3.961339e-03     0 6.520962e-03    20 1.200262e+02 8.611135e-02 2.716819e-03 
5.580000e+01 5.483770e-03 7.934532e-03 -2.380888e-01 6.926144e+03 1.148946e+03 4.048808e+02 9.400525e+02 7.867349e+03 -3.427912e-03     0 6.504362e-03    20 1.200266e+02 8.612328e-02 2.757862e-03 
5.590000e+01 6.960330e-03 7.918162e-03 -2.378753e-01 6.937780e+03 1.146152e+03 4.039430e+02 9.400525e+02 7.867349e+03 -3.009259e-03     0 6.488100e-03    20 1.200271e+02 8.613502e-02 2.761448e-03 
   56 8.394808e-03 7.902368e-03 -2.375778e-01 6.949415e+03 1.143359e+03 4.030047e+02 9.377411e+02 7.928048e+03 -2.629670e-03     0 6.471861e-03    20 1.200277e+02 8.614653e-02 2.712328e-03 
5.610000e+01 9.807548e-03 7.887006e-03 -2.372015e-01 6.961051e+03 1.140568e+03 4.020662e+02 9.377411e+02 7.928048e+03 -3.326146e-03     0 6.455671e-03    20 1.200283e+02 8.615763e-02 2.621292e-03 
5.620000e+01 1.135375e-02 7.872358e-03 -2.367818e-01 6.972688e+03 1.137779e+03 4.011272e+02 9.377411e+02 7.928048e+03 -3.352036e-03     0 6.440001e-03    20 1.200290e+02 8.616805e-02 2.541061e-03 
5.630000e+01 1.298913e-02 7.858695e-03 -2.363416e-01 6.984325e+03 1.134993e+03 4.001880e+02 9.377411e+02 7.928048e+03 -3.111507e-03     0 6.425108e-03    20 1.200298e+02 8.617799e-02 2.493145e-03 
5.640000e+01 1.461255e-02 7.846006e-03 -2.358839e-01 6.995963e+03 1.132209e+03 3.992485e+02 9.377411e+02 7.928048e+03 -2.768278e-03     0 6.410732e-03    20 1.200306e+02 8.618764e-02 2.471705e-03 
5.650000e+01 1.614784e-02 7.834073e-03 -2.353998e-01 7.007602e+03 1.129429e+03 3.983086e+02 9.359166e+02 7.988699e+03 -2.396440e-03     0 6.396542e-03    20 1.200315e+02 8.619704e-02 2.459445e-03 
5.660000e+01 1.762018e-02 7.822748e-03 -2.348841e-01 7.019242e+03 1.126654e+03 3.973685e+02 9.359166e+02 7.988699e+03 -2.992869e-03     0 6.382460e-03    20 1.200324e+02 8.620609e-02 2.450661e-03 
5.670000e+01 1.917178e-02 7.812342e-03 -2.343527e-01 7.030883e+03 1.123883e+03 3.964281e+02 9.359166e+02 7.988699e+03 -2.976746e-03     0 6.368837e-03    20 1.200334e+02 8.621450e-02 2.473967e-03 
5.680000e+01 2.075980e-02 7.803003e-03 -2.338097e-01 7.042525e+03 1.121117e+03 3.954875e+02 9.359166e+02 7.988699e+03 -2.724271e-03     0 6.355826e-03    20 1.200344e+02 8.622245e-02 2.530280e-03 
5.690000e+01 2.229889e-02 7.794495e-03 -2.332429e-01 7.054169e+03 1.118356e+03 3.945467e+02 9.359166e+02 7.988699e+03 -2.387015e-03     0 6.343161e-03    20 1.200355e+02 8.623013e-02 2.599263e-03 
   57 2.373157e-02 7.786362e-03 -2.326337e-01 7.065814e+03 1.115602e+03 3.936056e+02 9.346485e+02 8.049306e+03 -2.031718e-03     0 6.330536e-03    20 1.200366e+02 8.623770e-02 2.655214e-03 
5.710000e+01 2.509848e-02 7.778305e-03 -2.319720e-01 7.077461e+03 1.112854e+03 3.926643e+02 9.346485e+02 8.049306e+03 -2.634999e-03     0 6.317858e-03    20 1.200377e+02 8.624508e-02 2.689242e-03 
5.720000e+01 2.655160e-02 7.770701e-03 -2.312730e-01 7.089110e+03 1.110113e+03 3.917228e+02 9.346485e+02 8.049306e+03 -2.636459e-03     0 6.305466e-03    20 1.200389e+02 8.625201e-02 2.730563e-03 
5.730000e+01 2.805384e-02 7.763734e-03 -2.305432e-01 7.100761e+03 1.107380e+03 3.907810e+02 9.346485e+02 8.049306e+03 -2.403842e-03     0 6.293483e-03    20 1.200401e+02 8.625866e-02 2.784093e-03 
5.740000e+01 2.952274e-02 7.757149e-03 -2.297751e-01 7.112413e+03 1.104654e+03 3.898391e+02 9.346485e+02 8.049306e+03 -2.084993e-03     0 6.281590e-03    20 1.200413e+02 8.626525e-02 2.835435e-03 
5.750000e+01 3.090088e-02 7.750479e-03 -2.289561e-01 7.124068e+03 1.101937e+03 3.888970e+02 9.340013e+02 8.109866e+03 -1.745119e-03     0 6.269455e-03    20 1.200426e+02 8.627192e-02 2.865359e-03 
5.760000e+01 3.222395e-02 7.743496e-03 -2.280811e-01 7.135724e+03 1.099228e+03 3.879548e+02 9.340013e+02 8.109866e+03 -2.315552e-03     0 6.257021e-03    20 1.200439e+02 8.627860e-02 2.870304e-03 
5.770000e+01 3.363385e-02 7.736789e-03 -2.271689e-01 7.147383e+03 1.096528e+03 3.870123e+02 9.340013e+02 8.109866e+03 -2.310806e-03     0 6.244715e-03    20 1.200452e+02 8.628500e-02 2.882213e-03 
5.780000e+01 3.509167e-02 7.730673e-03 -2.262289e-01 7.159045e+03 1.093838e+03 3.860697e+02 9.340013e+02 8.109866e+03 -2.081995e-03     0 6.232684e-03    20 1.200465e+02 8.629126e-02 2.908795e-03 
5.790000e+01 3.651584e-02 7.724926e-03 -2.252563e-01 7.170708e+03 1.091158e+03 3.851269e+02 9.340013e+02 8.109866e+03 -1.770769e-03     0 6.220580e-03    20 1.200479e+02 8.629759e-02 2.938211e-03 
   58 3.784958e-02 7.719072e-03 -2.242402e-01 7.182374e+03 1.088488e+03 3.841840e+02 9.340366e+02 8.170375e+03 -1.439927e-03     0 6.208082e-03    20 1.200493e+02 8.630409e-02 2.952942e-03 
5.810000e+01 3.912478e-02 7.712899e-03 -2.231760e-01 7.194043e+03 1.085829e+03 3.832408e+02 9.340366e+02 8.170375e+03 -1.963503e-03     0 6.195189e-03    20 1.200507e+02 8.631070e-02 2.949332e-03 
5.820000e+01 4.047425e-02 7.707088e-03 -2.220808e-01 7.205715e+03 1.083181e+03 3.822976e+02 9.340366e+02 8.170375e+03 -1.949359e-03     0 6.182387e-03    20 1.200521e+02 8.631711e-02 2.956480e-03 
5.830000e+01 4.186159e-02 7.701965e-03 -2.209625e-01 7.217389e+03 1.080545e+03 3.813542e+02 9.340366e+02 8.170375e+03 -1.726814e-03     0 6.169819e-03    20 1.200536e+02 8.632348e-02 2.980496e-03 
5.840000e+01 4.321099e-02 7.697255e-03 -2.198158e-01 7.229066e+03 1.077921e+03 3.804106e+02 9.340366e+02 8.170375e+03 -1.428653e-03     0 6.157113e-03    20 1.200550e+02 8.632994e-02 3.009113e-03 
5.850000e+01 4.447022e-02 7.692414e-03 -2.186294e-01 7.240746e+03 1.075310e+03 3.794669e+02 9.348144e+02 8.230828e+03 -1.113609e-03     0 6.143961e-03    20 1.200565e+02 8.633662e-02 3.024861e-03 
5.860000e+01 4.567113e-02 7.687206e-03 -2.173983e-01 7.252429e+03 1.072712e+03 3.785230e+02 9.348144e+02 8.230828e+03 -1.611388e-03     0 6.130398e-03    20 1.200580e+02 8.634345e-02 3.023628e-03 
5.870000e+01 4.694121e-02 7.682370e-03 -2.161383e-01 7.264115e+03 1.070127e+03 3.775790e+02 9.348144e+02 8.230828e+03 -1.599074e-03     0 6.116946e-03    20 1.200595e+02 8.635013e-02 3.032611e-03 
5.880000e+01 4.824672e-02 7.678243e-03 -2.148564e-01 7.275805e+03 1.067555e+03 3.766349e+02 9.348144e+02 8.230828e+03 -1.389186e-03     0 6.103732e-03    20 1.200610e+02 8.635678e-02 3.057327e-03 
5.890000e+01 4.951613e-02 7.674510e-03 -2.135476e-01 7.287497e+03 1.064998e+03 3.756906e+02 9.348144e+02 8.230828e+03 -1.107651e-03     0 6.090359e-03    20 1.200625e+02 8.636354e-02 3.085976e-03 
   59 5.070021e-02 7.670585e-03 -2.122008e-01 7.299193e+03 1.062455e+03 3.747462e+02 9.363928e+02 8.291216e+03 -8.101206e-04     0 6.076526e-03    20 1.200641e+02 8.637052e-02 3.101920e-03 
5.910000e+01 5.182987e-02 7.666224e-03 -2.108115e-01 7.310893e+03 1.059927e+03 3.738016e+02 9.363928e+02 8.291216e+03 -1.290432e-03     0 6.062289e-03    20 1.200656e+02 8.637766e-02 3.101379e-03 
5.920000e+01 5.302738e-02 7.662236e-03 -2.093948e-01 7.322595e+03 1.057415e+03 3.728569e+02 9.363928e+02 8.291216e+03 -1.282242e-03     0 6.048199e-03    20 1.200672e+02 8.638467e-02 3.110542e-03 
5.930000e+01 5.426033e-02 7.658978e-03 -2.079577e-01 7.334302e+03 1.054918e+03 3.719121e+02 9.363928e+02 8.291216e+03 -1.084606e-03     0 6.034370e-03    20 1.200688e+02 8.639165e-02 3.134815e-03 
5.940000e+01 5.546008e-02 7.656113e-03 -2.064951e-01 7.346011e+03 1.052437e+03 3.709672e+02 9.363928e+02 8.291216e+03 -8.180549e-04     0 6.020383e-03    20 1.200703e+02 8.639873e-02 3.162977e-03 
5.950000e+01 5.657933e-02 7.653018e-03 -2.049968e-01 7.357725e+03 1.049972e+03 3.700221e+02 9.388273e+02 8.351529e+03 -5.358832e-04     0 6.005934e-03    20 1.200719e+02 8.640603e-02 3.179127e-03 
5.960000e+01 5.764774e-02 7.649443e-03 -2.034582e-01 7.369442e+03 1.047524e+03 3.690770e+02 9.388273e+02 8.351529e+03 -1.001103e-03     0 5.991101e-03    20 1.200735e+02 8.641348e-02 3.179677e-03 
5.970000e+01 5.878277e-02 7.646252e-03 -2.018938e-01 7.381163e+03 1.045094e+03 3.681317e+02 9.388273e+02 8.351529e+03 -9.964195e-04     0 5.976454e-03    20 1.200751e+02 8.642080e-02 3.189800e-03 
5.980000e+01 5.995312e-02 7.643815e-03 -2.003103e-01 7.392887e+03 1.042680e+03 3.671862e+02 9.388273e+02 8.351529e+03 -8.093121e-04     0 5.962097e-03    20 1.200767e+02 8.642807e-02 3.214642e-03 
5.990000e+01 6.109265e-02 7.641766e-03 -1.987029e-01 7.404615e+03 1.040285e+03 3.662407e+02 9.388273e+02 8.351529e+03 -5.556720e-04     0 5.947586e-03    20 1.200784e+02 8.643544e-02 3.243331e-03 
   60 6.215575e-02 7.639446e-03 -1.970613e-01 7.416348e+03 1.037908e+03 3.652950e+02 9.422326e+02 8.411760e+03 -2.867615e-04     0 5.932616e-03    20 1.200800e+02 8.644300e-02 3.260490e-03 
6.010000e+01 6.317724e-02 6.856980e-03 -1.954323e-01 7.428084e+03 1.035549e+03 3.643497e+02 9.422326e+02 8.411760e+03 -7.449349e-04     0 2.098157e-02    20 1.200812e+02 8.559830e-02 3.262339e-03 
6.020000e+01 6.425653e-02 3.913934e-03 -1.939151e-01 7.439824e+03 1.033209e+03 3.634038e+02 9.422326e+02 8.411760e+03 -7.453648e-04     0 1.921721e-02    20 1.200855e+02 8.287555e-02 3.271263e-03 
6.030000e+01 6.536865e-02 4.459036e-04 -1.924168e-01 7.451568e+03 1.030888e+03 3.624521e+02 9.422326e+02 8.411760e+03 -5.685321e-04     0 1.499368e-02    20 1.200965e+02 8.015481e-02 3.290749e-03 
6.040000e+01 6.644929e-02 -2.021587e-03 -1.908344e-01 7.463316e+03 1.028585e+03 3.614889e+02 9.422326e+02 8.411760e+03 -3.274336e-04     0 1.385967e-02    20 1.201143e+02 7.877353e-02 3.312071e-03 
6.050000e+01 6.745417e-02 -3.368977e-03 -1.891486e-01 7.475069e+03 1.026302e+03 3.605119e+02 9.463529e+02 8.471868e+03 -7.185021e-05     0 1.447353e-02    20 1.201369e+02 7.859185e-02 3.323124e-03 
6.060000e+01 6.841523e-02 -4.098797e-03 -1.873882e-01 7.486827e+03 1.024037e+03 3.595210e+02 9.463529e+02 8.471868e+03 -5.684071e-04     0 1.468821e-02    20 1.201627e+02 7.897054e-02 3.322665e-03 
6.070000e+01 6.945154e-02 -4.572109e-03 -1.855923e-01 7.498590e+03 1.021792e+03 3.585172e+02 9.463529e+02 8.471868e+03 -5.903797e-04     0 1.397953e-02    20 1.201909e+02 7.951330e-02 3.336489e-03 
6.080000e+01 7.053139e-02 -4.877921e-03 -1.837730e-01 7.510359e+03 1.019567e+03 3.575015e+02 9.463529e+02 8.471868e+03 -4.269328e-04     0 1.282270e-02    20 1.202211e+02 8.012609e-02 3.369827e-03 
6.090000e+01 7.158772e-02 -5.001281e-03 -1.819230e-01 7.522135e+03 1.017361e+03 3.564753e+02 9.463529e+02 8.471868e+03 -1.947075e-04     0 1.167008e-02    20 1.202529e+02 8.081467e-02 3.411278e-03 
   61 7.257419e-02 -4.947612e-03 -1.800306e-01 7.533916e+03 1.015176e+03 3.554397e+02 9.514865e+02 8.531886e+03 5.463193e-05     0 1.064543e-02    20 1.202857e+02 8.156185e-02 3.444349e-03 
6.110000e+01 7.351681e-02 -4.755034e-03 -1.780923e-01 7.545704e+03 1.013012e+03 3.543964e+02 9.514865e+02 8.531886e+03 -3.811043e-04     0 9.705221e-03    20 1.203190e+02 8.232326e-02 3.463489e-03 
6.120000e+01 7.452374e-02 -4.464322e-03 -1.761225e-01 7.557498e+03 1.010869e+03 3.533467e+02 9.514865e+02 8.531886e+03 -3.841988e-04     0 8.812750e-03    20 1.203525e+02 8.305843e-02 3.489741e-03 
6.130000e+01 7.556636e-02 -4.104032e-03 -1.741276e-01 7.569300e+03 1.008748e+03 3.522921e+02 9.514865e+02 8.531886e+03 -2.188722e-04     0 7.976366e-03    20 1.203858e+02 8.374505e-02 3.526546e-03 
6.140000e+01 7.658419e-02 -3.692326e-03 -1.721033e-01 7.581108e+03 1.006649e+03 3.512340e+02 9.514865e+02 8.531886e+03 8.402944e-06     0 7.218561e-03    20 1.204187e+02 8.437410e-02 3.563168e-03 
6.150000e+01 7.753555e-02 -3.243024e-03 -1.700409e-01 7.592924e+03 1.004572e+03 3.501737e+02 9.576838e+02 8.591824e+03 2.505742e-04     0 6.551413e-03    20 1.204509e+02 8.494183e-02 3.585188e-03 
6.160000e+01 7.844656e-02 -2.768156e-03 -1.679370e-01 7.604747e+03 1.002518e+03 3.491122e+02 9.576838e+02 8.591824e+03 -1.597215e-04     0 5.974920e-03    20 1.204823e+02 8.544608e-02 3.589438e-03 
6.170000e+01 7.942053e-02 -2.277217e-03 -1.658057e-01 7.616577e+03 1.000488e+03 3.480506e+02 9.576838e+02 8.591824e+03 -1.580341e-04     0 5.484579e-03    20 1.205126e+02 8.588590e-02 3.598472e-03 
6.180000e+01 8.042941e-02 -1.778537e-03 -1.636541e-01 7.628414e+03 9.984804e+02 3.469899e+02 9.576838e+02 8.591824e+03 4.243203e-06     0 5.075176e-03    20 1.205418e+02 8.626253e-02 3.617571e-03 
6.190000e+01 8.141439e-02 -1.279489e-03 -1.614791e-01 7.640258e+03 9.964972e+02 3.459308e+02 9.576838e+02 8.591824e+03 2.256203e-04     0 4.741360e-03    20 1.205697e+02 8.657878e-02 3.637994e-03 
   62 8.233463e-02 -7.863327e-04 -1.592731e-01 7.652109e+03 9.945385e+02 3.448740e+02 9.650015e+02 8.651673e+03 4.610622e-04     0 4.477623e-03    20 1.205962e+02 8.683843e-02 3.646992e-03 
6.210000e+01 8.321472e-02 -3.038032e-04 -1.570335e-01 7.663967e+03 9.926045e+02 3.438201e+02 9.650015e+02 8.651673e+03 6.676028e-05     0 4.278256e-03    20 1.206214e+02 8.704560e-02 3.642232e-03 
6.220000e+01 8.415399e-02 1.655492e-04 -1.547736e-01 7.675832e+03 9.906956e+02 3.427696e+02 9.650015e+02 8.651673e+03 6.959513e-05     0 4.137705e-03    20 1.206451e+02 8.720436e-02 3.645768e-03 
6.230000e+01 8.512491e-02 6.192640e-04 -1.524997e-01 7.687704e+03 9.888123e+02 3.417228e+02 9.650015e+02 8.651673e+03 2.269420e-04     0 4.049843e-03    20 1.206674e+02 8.731924e-02 3.662358e-03 
6.240000e+01 8.607046e-02 1.054641e-03 -1.502080e-01 7.699582e+03 9.869548e+02 3.406800e+02 9.650015e+02 8.651673e+03 4.407970e-04     0 4.008174e-03    20 1.206883e+02 8.739482e-02 3.682885e-03 
6.250000e+01 8.695137e-02 1.469213e-03 -1.478904e-01 7.711467e+03 9.851235e+02 3.396415e+02 9.734953e+02 8.711399e+03 6.676775e-04     0 4.006691e-03    20 1.207078e+02 8.743556e-02 3.694249e-03 
6.260000e+01 8.779293e-02 1.861478e-03 -1.455434e-01 7.723358e+03 9.833187e+02 3.386075e+02 9.734953e+02 8.711399e+03 2.708274e-04     0 4.040149e-03    20 1.207258e+02 8.744563e-02 3.693651e-03 
6.270000e+01 8.869420e-02 2.231732e-03 -1.431792e-01 7.735255e+03 9.815408e+02 3.375779e+02 9.734953e+02 8.711399e+03 2.671097e-04     0 4.104144e-03    20 1.207426e+02 8.742874e-02 3.702444e-03 
6.280000e+01 8.962820e-02 2.579939e-03 -1.408034e-01 7.747158e+03 9.797900e+02 3.365530e+02 9.734953e+02 8.711399e+03 4.165394e-04     0 4.194004e-03    20 1.207580e+02 8.738869e-02 3.724781e-03 
6.290000e+01 9.053871e-02 2.905432e-03 -1.384116e-01 7.759068e+03 9.780668e+02 3.355325e+02 9.734953e+02 8.711399e+03 6.222075e-04     0 4.304822e-03    20 1.207721e+02 8.732908e-02 3.751125e-03 
   63 9.138706e-02 3.207461e-03 -1.359949e-01 7.770983e+03 9.763714e+02 3.345166e+02 9.832166e+02 8.770959e+03 8.411406e-04     0 4.432293e-03    20 1.207851e+02 8.725327e-02 3.768102e-03 
6.310000e+01 9.219922e-02 3.486015e-03 -1.335495e-01 7.782903e+03 9.747041e+02 3.335051e+02 9.832166e+02 8.770959e+03 4.323003e-04     0 4.572951e-03    20 1.207968e+02 8.716418e-02 3.772816e-03 
6.320000e+01 9.307518e-02 3.742739e-03 -1.310875e-01 7.794830e+03 9.730652e+02 3.324978e+02 9.832166e+02 8.770959e+03 4.202397e-04     0 4.724217e-03    20 1.208075e+02 8.706424e-02 3.786737e-03 
6.330000e+01 9.398760e-02 3.978705e-03 -1.286142e-01 7.806761e+03 9.714550e+02 3.314948e+02 9.832166e+02 8.770959e+03 5.632741e-04     0 4.883196e-03    20 1.208172e+02 8.695592e-02 3.814008e-03 
6.340000e+01 9.487959e-02 4.194124e-03 -1.261249e-01 7.818697e+03 9.698737e+02 3.304957e+02 9.832166e+02 8.770959e+03 7.637686e-04     0 5.046692e-03    20 1.208259e+02 8.684157e-02 3.844991e-03 
6.350000e+01 9.571190e-02 4.388956e-03 -1.236105e-01 7.830639e+03 9.683218e+02 3.295004e+02 9.942124e+02 8.830304e+03 9.783881e-04     0 5.212061e-03    20 1.208338e+02 8.672326e-02 3.866191e-03 
6.360000e+01 9.651071e-02 4.563793e-03 -1.210671e-01 7.842585e+03 9.667994e+02 3.285088e+02 9.942124e+02 8.830304e+03 5.578044e-04     0 5.377450e-03    20 1.208407e+02 8.660271e-02 3.874716e-03 
6.370000e+01 9.737709e-02 4.720849e-03 -1.185067e-01 7.854536e+03 9.653068e+02 3.275206e+02 9.942124e+02 8.830304e+03 5.399016e-04     0 5.541830e-03    20 1.208470e+02 8.648114e-02 3.892318e-03 
6.380000e+01 9.828300e-02 4.861606e-03 -1.159348e-01 7.866492e+03 9.638444e+02 3.265356e+02 9.942124e+02 8.830304e+03 6.797986e-04     0 5.703728e-03    20 1.208525e+02 8.635996e-02 3.923206e-03 
6.390000e+01 9.917047e-02 4.986533e-03 -1.133463e-01 7.878452e+03 9.624123e+02 3.255536e+02 9.942124e+02 8.830304e+03 8.785195e-04     0 5.861248e-03    20 1.208573e+02 8.624042e-02 3.957620e-03 
   64 9.999951e-02 5.095737e-03 -1.107322e-01 7.890417e+03 9.610108e+02 3.245744e+02 1.006526e+03 8.889380e+03 1.092097e-03     0 6.012968e-03    20 1.208616e+02 8.612366e-02 3.981885e-03 
6.410000e+01 1.007965e-01 5.189925e-03 -1.080881e-01 7.902385e+03 9.596403e+02 3.235978e+02 1.006526e+03 8.889380e+03 6.619264e-04     0 6.158189e-03    20 1.208654e+02 8.601048e-02 3.993059e-03 
6.420000e+01 1.016636e-01 5.271451e-03 -1.054264e-01 7.914358e+03 9.583010e+02 3.226236e+02 1.006526e+03 8.889380e+03 6.406186e-04     0 6.296971e-03    20 1.208686e+02 8.590124e-02 4.013173e-03 
6.430000e+01 1.025724e-01 5.341829e-03 -1.027524e-01 7.926334e+03 9.569931e+02 3.216516e+02 1.006526e+03 8.889380e+03 7.797589e-04     0 6.428798e-03    20 1.208714e+02 8.579656e-02 4.046497e-03 
6.440000e+01 1.034637e-01 5.401454e-03 -1.000612e-01 7.938315e+03 9.557169e+02 3.206816e+02 1.006526e+03 8.889380e+03 9.789151e-04     0 6.552610e-03    20 1.208739e+02 8.569701e-02 4.083156e-03 
6.450000e+01 1.042969e-01 5.450297e-03 -9.734329e-02 7.950299e+03 9.544728e+02 3.197134e+02 1.020196e+03 8.948137e+03 1.193452e-03     0 6.667757e-03    20 1.208760e+02 8.560308e-02 4.109300e-03 
6.460000e+01 1.050985e-01 5.488930e-03 -9.459450e-02 7.962287e+03 9.532608e+02 3.187468e+02 1.020196e+03 8.948137e+03 7.556897e-04     0 6.774259e-03    20 1.208778e+02 8.551499e-02 4.121949e-03 
6.470000e+01 1.059722e-01 5.519639e-03 -9.182733e-02 7.974279e+03 9.520814e+02 3.177817e+02 1.020196e+03 8.948137e+03 7.326337e-04     0 6.872847e-03    20 1.208793e+02 8.543254e-02 4.143423e-03 
6.480000e+01 1.068887e-01 5.543798e-03 -8.904717e-02 7.986273e+03 9.509348e+02 3.168178e+02 1.020196e+03 8.948137e+03 8.724306e-04     0 6.963563e-03    20 1.208806e+02 8.535591e-02 4.178082e-03 
6.490000e+01 1.077882e-01 5.561579e-03 -8.624904e-02 7.998271e+03 9.498213e+02 3.158551e+02 1.020196e+03 8.948137e+03 1.073242e-03     0 7.045807e-03    20 1.208818e+02 8.528524e-02 4.215952e-03 
   65 1.086294e-01 5.572698e-03 -8.342339e-02 8.010273e+03 9.487411e+02 3.148934e+02 1.035261e+03 9.006523e+03 1.289797e-03     0 7.119340e-03    20 1.208827e+02 8.522065e-02 4.243038e-03 
6.510000e+01 1.094389e-01 5.577494e-03 -8.056598e-02 8.022277e+03 9.476944e+02 3.139325e+02 1.035261e+03 9.006523e+03 8.459707e-04     0 7.184566e-03    20 1.208836e+02 8.516203e-02 4.256328e-03 
6.520000e+01 1.103217e-01 5.578113e-03 -7.768955e-02 8.034285e+03 9.466817e+02 3.129723e+02 1.035261e+03 9.006523e+03 8.221664e-04     0 7.242576e-03    20 1.208843e+02 8.510892e-02 4.278419e-03 
6.530000e+01 1.112482e-01 5.575731e-03 -7.479960e-02 8.046295e+03 9.457031e+02 3.120128e+02 1.035261e+03 9.006523e+03 9.633410e-04     0 7.293683e-03    20 1.208850e+02 8.506122e-02 4.313750e-03 
6.540000e+01 1.121576e-01 5.570259e-03 -7.189112e-02 8.058309e+03 9.447589e+02 3.110537e+02 1.035261e+03 9.006523e+03 1.166358e-03     0 7.337473e-03    20 1.208855e+02 8.501889e-02 4.352258e-03 
6.550000e+01 1.130081e-01 5.561134e-03 -6.895451e-02 8.070325e+03 9.438494e+02 3.100951e+02 1.051755e+03 9.064486e+03 1.385367e-03     0 7.373875e-03    20 1.208861e+02 8.498188e-02 4.379796e-03 
6.560000e+01 1.138267e-01 5.548454e-03 -6.598556e-02 8.082344e+03 9.429748e+02 3.091367e+02 1.051755e+03 9.064486e+03 9.362533e-04     0 7.403450e-03    20 1.208866e+02 8.494994e-02 4.393323e-03 
6.570000e+01 1.147194e-01 5.534223e-03 -6.299720e-02 8.094365e+03 9.421355e+02 3.081786e+02 1.051755e+03 9.064486e+03 9.121296e-04     0 7.427443e-03    20 1.208871e+02 8.492248e-02 4.415696e-03 
6.580000e+01 1.156563e-01 5.519432e-03 -5.999507e-02 8.106389e+03 9.413317e+02 3.072206e+02 1.051755e+03 9.064486e+03 1.054939e-03     0 7.446590e-03 2.000137e+01 1.208876e+02 8.489930e-02 4.451424e-03 
6.590000e+01 1.165761e-01 5.506029e-03 -5.697390e-02 8.118415e+03 9.405637e+02 3.062627e+02 1.051755e+03 9.064486e+03 1.260310e-03     0 7.365651e-03 2.006364e+01 1.208884e+02 8.488273e-02 4.490329e-03 
   66 1.174361e-01 5.507664e-03 -5.392240e-02 8.130444e+03 9.398318e+02 3.053047e+02 1.069711e+03 9.121974e+03 1.481892e-03     0 7.308828e-03 2.006338e+01 1.208894e+02 8.488622e-02 4.518113e-03 
6.610000e+01 1.182640e-01 5.523068e-03 -5.083654e-02 8.142475e+03 9.391363e+02 3.043468e+02 1.069711e+03 9.121974e+03 1.027751e-03     0 7.386042e-03 2.000677e+01 1.208901e+02 8.490452e-02 4.531736e-03 
6.620000e+01 1.191671e-01 5.524403e-03 -4.773302e-02 8.154508e+03 9.384773e+02 3.033889e+02 1.069711e+03 9.121974e+03 1.003320e-03     0 7.529961e-03    20 1.208906e+02 8.490688e-02 4.554331e-03 
6.630000e+01 1.201146e-01 5.496112e-03 -4.461968e-02 8.166543e+03 9.378554e+02 3.024309e+02 1.069711e+03 9.121974e+03 1.147935e-03     0 7.494772e-03    20 1.208911e+02 8.488272e-02 4.590411e-03 
6.640000e+01 1.210447e-01 5.457740e-03 -4.148933e-02 8.178580e+03 9.372706e+02 3.014729e+02 1.069711e+03 9.121974e+03 1.355771e-03     0 7.445028e-03    20 1.208916e+02 8.485581e-02 4.629680e-03 
6.650000e+01 1.219143e-01 5.425089e-03 -3.833053e-02 8.190618e+03 9.367234e+02 3.005147e+02 1.089160e+03 9.178932e+03 1.579939e-03     0 7.430226e-03    20 1.208922e+02 8.484163e-02 4.657682e-03 
6.660000e+01 1.227514e-01 5.399198e-03 -3.513944e-02 8.202659e+03 9.362139e+02 2.995563e+02 1.089160e+03 9.178932e+03 1.119367e-03     0 7.431272e-03    20 1.208929e+02 8.483909e-02 4.671342e-03 
6.670000e+01 1.236646e-01 5.377190e-03 -3.193052e-02 8.214701e+03 9.357425e+02 2.985976e+02 1.089160e+03 9.178932e+03 1.094351e-03     0 7.425856e-03    20 1.208937e+02 8.484188e-02 4.694112e-03 
6.680000e+01 1.246231e-01 5.356904e-03 -2.871095e-02 8.226744e+03 9.353094e+02 2.976386e+02 1.089160e+03 9.178932e+03 1.240432e-03     0 7.409326e-03    20 1.208945e+02 8.484686e-02 4.730631e-03 
6.690000e+01 1.255640e-01 5.337487e-03 -2.547728e-02 8.238789e+03 9.349149e+02 2.966793e+02 1.089160e+03 9.178932e+03 1.450659e-03     0 7.386141e-03    20 1.208954e+02 8.485390e-02 4.770481e-03 
   67 1.264439e-01 5.318393e-03 -2.222227e-02 8.250836e+03 9.345594e+02 2.957197e+02 1.110127e+03 9.235303e+03 1.677482e-03     0 7.360259e-03    20 1.208963e+02 8.486357e-02 4.798999e-03 
6.710000e+01 1.272911e-01 5.299496e-03 -1.894635e-02 8.262883e+03 9.342432e+02 2.947597e+02 1.110127e+03 9.235303e+03 1.205587e-03     0 7.332868e-03    20 1.208973e+02 8.487577e-02 4.813106e-03 
6.720000e+01 1.282168e-01 5.282519e-03 -1.567133e-02 8.274931e+03 9.339664e+02 2.937994e+02 1.110127e+03 9.235303e+03 1.178321e-03     0 7.304458e-03    20 1.208984e+02 8.488964e-02 4.836766e-03 
6.730000e+01 1.291894e-01 5.267964e-03 -1.242048e-02 8.286981e+03 9.337294e+02 2.928388e+02 1.110127e+03 9.235303e+03 1.325817e-03     0 7.274793e-03    20 1.208995e+02 8.490483e-02 4.874699e-03 
6.740000e+01 1.301446e-01 5.254931e-03 -9.230872e-03 8.299031e+03 9.335325e+02 2.918778e+02 1.110127e+03 9.235303e+03 1.538929e-03     0 7.243259e-03    20 1.209007e+02 8.492123e-02 4.916230e-03 
6.750000e+01 1.310380e-01 5.242061e-03 -6.222355e-03 8.311082e+03 9.333760e+02 2.909164e+02 1.132637e+03 9.291028e+03 1.769118e-03     0 7.209775e-03    20 1.209020e+02 8.493886e-02 4.946322e-03 
6.760000e+01 1.319029e-01 5.228934e-03 -3.925483e-03 8.323133e+03 9.332602e+02 2.899547e+02 1.132637e+03 9.291028e+03 1.226903e-03     0 7.174911e-03    20 1.209033e+02 8.495754e-02 4.962589e-03 
6.770000e+01 1.328622e-01 5.217668e-03 3.991131e-03 8.335185e+03 9.331853e+02 2.889926e+02 1.132637e+03 9.291028e+03 1.177974e-03     0 7.139980e-03    20 1.209046e+02 8.497663e-02 4.992142e-03 
6.780000e+01 1.338807e-01 5.209010e-03 6.372501e-03 8.347237e+03 9.331517e+02 2.880302e+02 1.132637e+03 9.291028e+03 1.324039e-03     0 7.105108e-03    20 1.209060e+02 8.499608e-02 5.040308e-03 
6.790000e+01 1.348866e-01 5.201939e-03 9.477292e-03 8.359289e+03 9.331597e+02 2.870674e+02 1.132637e+03 9.291028e+03 1.544344e-03     0 7.069382e-03    20 1.209074e+02 8.501598e-02 5.094936e-03 
   68 1.358300e-01 5.194801e-03 1.281592e-02 8.371341e+03 9.332096e+02 2.861043e+02 1.156709e+03 9.346045e+03 1.785077e-03     0 7.032339e-03    20 1.209089e+02 8.503648e-02 5.138740e-03 
6.810000e+01 1.367257e-01 5.186674e-03 1.627239e-02 8.383394e+03 9.333017e+02 2.851409e+02 1.156709e+03 9.346045e+03 1.477187e-03     0 6.994314e-03    20 1.209105e+02 8.505759e-02 5.164019e-03 
6.820000e+01 1.376592e-01 5.178720e-03 1.979816e-02 8.395446e+03 9.334363e+02 2.841771e+02 1.156709e+03 9.346045e+03 1.514545e-03     0 6.956337e-03    20 1.209120e+02 8.507896e-02 5.186001e-03 
6.830000e+01 1.386071e-01 5.171349e-03 2.337287e-02 8.407497e+03 9.336136e+02 2.832130e+02 1.156709e+03 9.346045e+03 1.684202e-03     0 6.918561e-03    20 1.209136e+02 8.510063e-02 5.206919e-03 
6.840000e+01 1.395219e-01 5.163924e-03 2.699176e-02 8.419548e+03 9.338340e+02 2.822486e+02 1.156709e+03 9.346045e+03 1.900436e-03     0 6.880342e-03    20 1.209153e+02 8.512269e-02 5.218914e-03 
6.850000e+01 1.403712e-01 5.160897e-03 3.065699e-02 8.431598e+03 9.340978e+02 2.812839e+02 1.182358e+03 9.400291e+03 2.125545e-03     0 6.769081e-03 2.006897e+01 1.209172e+02 8.515033e-02 5.212257e-03 
6.860000e+01 1.411914e-01 5.169768e-03 3.436618e-02 8.443647e+03 9.344052e+02 2.803189e+02 1.182358e+03 9.400291e+03 1.620883e-03     0 6.609738e-03 2.011348e+01 1.209195e+02 8.519021e-02 5.189782e-03 
6.870000e+01 1.421001e-01 5.205766e-03 3.810042e-02 8.455696e+03 9.347566e+02 2.793536e+02 1.182358e+03 9.400291e+03 1.578929e-03     0 6.530187e-03 2.010342e+01 1.209219e+02 8.525095e-02 5.181704e-03 
6.880000e+01 1.430640e-01 5.256365e-03 4.184700e-02 8.467743e+03 9.351522e+02 2.783881e+02 1.182358e+03 9.400291e+03 1.719862e-03     0 6.590894e-03 2.004420e+01 1.209240e+02 8.531526e-02 5.196633e-03 
6.890000e+01 1.440141e-01 5.286951e-03 4.560364e-02 8.479789e+03 9.355924e+02 2.774226e+02 1.182358e+03 9.400291e+03 1.930174e-03     0 6.756933e-03    20 1.209256e+02 8.535076e-02 5.225316e-03 
   69 1.449019e-01 5.270980e-03 4.937614e-02 8.491833e+03 9.360774e+02 2.764571e+02 1.209594e+03 9.453700e+03 2.159160e-03     0 6.710027e-03    20 1.209270e+02 8.534005e-02 5.252204e-03 
6.910000e+01 1.457539e-01 5.232928e-03 5.317344e-02 8.503876e+03 9.366075e+02 2.754914e+02 1.209594e+03 9.453700e+03 1.679987e-03     0 6.607201e-03    20 1.209285e+02 8.531540e-02 5.272313e-03 
6.920000e+01 1.466816e-01 5.204317e-03 5.698785e-02 8.515916e+03 9.371831e+02 2.745256e+02 1.209594e+03 9.453700e+03 1.651188e-03     0 6.559045e-03    20 1.209300e+02 8.530490e-02 5.307517e-03 
6.930000e+01 1.476534e-01 5.191548e-03 6.081658e-02 8.527954e+03 9.378043e+02 2.735596e+02 1.209594e+03 9.453700e+03 1.798833e-03     0 6.549219e-03    20 1.209317e+02 8.531098e-02 5.360028e-03 
6.940000e+01 1.486051e-01 5.186498e-03 6.466605e-02 8.539991e+03 9.384714e+02 2.725933e+02 1.209594e+03 9.453700e+03 2.012263e-03     0 6.537153e-03    20 1.209333e+02 8.532485e-02 5.416684e-03 
6.950000e+01 1.494928e-01 5.181678e-03 6.854749e-02 8.552024e+03 9.391848e+02 2.716267e+02 1.238419e+03 9.506204e+03 2.242459e-03     0 6.509178e-03    20 1.209350e+02 8.534065e-02 5.460402e-03 
6.960000e+01 1.503481e-01 5.175233e-03 7.246654e-02 8.564055e+03 9.399446e+02 2.706599e+02 1.238419e+03 9.506204e+03 1.742421e-03     0 6.471940e-03    20 1.209367e+02 8.535730e-02 5.486818e-03 
6.970000e+01 1.512880e-01 5.170102e-03 7.640983e-02 8.576083e+03 9.407512e+02 2.696928e+02 1.238419e+03 9.506204e+03 1.707345e-03     0 6.434234e-03    20 1.209384e+02 8.537501e-02 5.520434e-03 
6.980000e+01 1.522803e-01 5.167534e-03 8.037165e-02 8.588108e+03 9.416049e+02 2.687255e+02 1.238419e+03 9.506204e+03 1.855508e-03     0 6.398232e-03    20 1.209402e+02 8.539408e-02 5.566067e-03 
6.990000e+01 1.532582e-01 5.166309e-03 8.435737e-02 8.600130e+03 9.425059e+02 2.677578e+02 1.238419e+03 9.506204e+03 2.073020e-03     0 6.361936e-03    20 1.209419e+02 8.541428e-02 5.612782e-03 
   70 1.541751e-01 5.164437e-03 8.837717e-02 8.612148e+03 9.434545e+02 2.667900e+02 1.268830e+03 9.557733e+03 2.309230e-03     0 6.323899e-03    20 1.209437e+02 8.543535e-02 5.645326e-03 
7.010000e+01 1.550602e-01 5.161167e-03 9.243534e-02 8.624162e+03 9.444511e+02 2.658218e+02 1.268830e+03 9.557733e+03 1.814520e-03     0 6.284470e-03    20 1.209455e+02 8.545702e-02 5.660766e-03 
7.020000e+01 1.560292e-01 5.158807e-03 9.651728e-02 8.636173e+03 9.454958e+02 2.648534e+02 1.268830e+03 9.557733e+03 1.786121e-03     0 6.245335e-03    20 1.209474e+02 8.547867e-02 5.684653e-03 
7.030000e+01 1.570486e-01 5.158263e-03 1.006165e-01 8.648179e+03 9.465890e+02 2.638847e+02 1.268830e+03 9.557733e+03 1.941220e-03     0 6.206772e-03    20 1.209492e+02 8.550036e-02 5.722371e-03 
7.040000e+01 1.580506e-01 5.158526e-03 1.047380e-01 8.660181e+03 9.477310e+02 2.629158e+02 1.268830e+03 9.557733e+03 2.165358e-03     0 6.167721e-03    20 1.209511e+02 8.552223e-02 5.763147e-03 
7.050000e+01 1.589881e-01 5.157916e-03 1.088920e-01 8.672178e+03 9.489220e+02 2.619467e+02 1.300816e+03 9.608218e+03 2.407570e-03     0 6.127566e-03    20 1.209529e+02 8.554451e-02 5.791608e-03 
7.060000e+01 1.598903e-01 5.155841e-03 1.130830e-01 8.684171e+03 9.501624e+02 2.609772e+02 1.300816e+03 9.608218e+03 1.919814e-03     0 6.086663e-03    20 1.209548e+02 8.556714e-02 5.804495e-03 
7.070000e+01 1.608725e-01 5.154689e-03 1.172968e-01 8.696158e+03 9.514524e+02 2.600076e+02 1.300816e+03 9.608218e+03 1.896418e-03     0 6.046385e-03    20 1.209567e+02 8.558959e-02 5.826904e-03 
7.080000e+01 1.619020e-01 5.155348e-03 1.215272e-01 8.708140e+03 9.527924e+02 2.590377e+02 1.300816e+03 9.608218e+03 2.055266e-03     0 6.006781e-03    20 1.209587e+02 8.561194e-02 5.863799e-03 
7.090000e+01 1.629114e-01 5.156759e-03 1.257796e-01 8.720117e+03 9.541825e+02 2.580675e+02 1.300816e+03 9.608218e+03 2.282246e-03     0 5.966710e-03    20 1.209606e+02 8.563439e-02 5.904076e-03 
   71 1.638543e-01 5.158132e-03 1.300645e-01 8.732087e+03 9.556232e+02 2.570971e+02 1.334362e+03 9.657591e+03 2.526618e-03     0 5.890285e-03 2.003693e+01 1.209626e+02 8.565824e-02 5.932120e-03 
7.110000e+01 1.647610e-01 5.166649e-03 1.343879e-01 8.744052e+03 9.571147e+02 2.561264e+02 1.334362e+03 9.657591e+03 2.040068e-03     0 5.743018e-03 2.008086e+01 1.209650e+02 8.569093e-02 5.944522e-03 
7.120000e+01 1.657456e-01 5.196134e-03 1.387375e-01 8.756011e+03 9.586572e+02 2.551556e+02 1.334362e+03 9.657591e+03 2.018635e-03     0 5.665369e-03 2.007607e+01 1.209674e+02 8.574116e-02 5.966281e-03 
7.130000e+01 1.667770e-01 5.238854e-03 1.431058e-01 8.767963e+03 9.602511e+02 2.541845e+02 1.334362e+03 9.657591e+03 2.178703e-03     0 5.703084e-03 2.002744e+01 1.209697e+02 8.579697e-02 6.002428e-03 
7.140000e+01 1.677880e-01 5.265525e-03 1.474935e-01 8.779908e+03 9.618967e+02 2.532134e+02 1.334362e+03 9.657591e+03 2.406537e-03     0 5.823162e-03    20 1.209715e+02 8.583092e-02 6.041897e-03 
7.150000e+01 1.687321e-01 5.254704e-03 1.519074e-01 8.791846e+03 9.635942e+02 2.522421e+02 1.369444e+03 9.705786e+03 2.651640e-03     0 5.760862e-03    20 1.209732e+02 8.582967e-02 6.069060e-03 
7.160000e+01 1.696386e-01 5.227301e-03 1.563558e-01 8.803777e+03 9.653439e+02 2.512708e+02 1.369444e+03 9.705786e+03 2.169708e-03     0 5.668949e-03    20 1.209750e+02 8.581991e-02 6.080513e-03 
7.170000e+01 1.706230e-01 5.207297e-03 1.608283e-01 8.815700e+03 9.671461e+02 2.502992e+02 1.369444e+03 9.705786e+03 2.149273e-03     0 5.621196e-03    20 1.209768e+02 8.582148e-02 6.101208e-03 
7.180000e+01 1.716528e-01 5.198878e-03 1.653193e-01 8.827615e+03 9.690010e+02 2.493275e+02 1.369444e+03 9.705786e+03 2.309720e-03     0 5.600196e-03    20 1.209786e+02 8.583499e-02 6.136121e-03 
7.190000e+01 1.726615e-01 5.195560e-03 1.698331e-01 8.839522e+03 9.709090e+02 2.483555e+02 1.369444e+03 9.705786e+03 2.537587e-03     0 5.575459e-03    20 1.209805e+02 8.585380e-02 6.174275e-03 
   72 1.736030e-01 5.191615e-03 1.743793e-01 8.851420e+03 9.728703e+02 2.473832e+02 1.406032e+03 9.752736e+03 2.782452e-03     0 5.538147e-03    20 1.209824e+02 8.587401e-02 6.200225e-03 
7.210000e+01 1.745067e-01 5.185870e-03 1.789622e-01 8.863310e+03 9.748851e+02 2.464107e+02 1.406032e+03 9.752736e+03 2.301621e-03     0 5.494037e-03    20 1.209843e+02 8.589506e-02 6.210677e-03 
7.220000e+01 1.754881e-01 5.181621e-03 1.835680e-01 8.875191e+03 9.769537e+02 2.454379e+02 1.406032e+03 9.752736e+03 2.281311e-03     0 5.450041e-03    20 1.209863e+02 8.591701e-02 6.230594e-03 
7.230000e+01 1.765146e-01 5.180182e-03 1.881906e-01 8.887062e+03 9.790764e+02 2.444648e+02 1.406032e+03 9.752736e+03 2.441481e-03     0 5.407493e-03    20 1.209882e+02 8.594006e-02 6.264949e-03 
7.240000e+01 1.775199e-01 5.180255e-03 1.928350e-01 8.898923e+03 9.812535e+02 2.434915e+02 1.406032e+03 9.752736e+03 2.668900e-03     0 5.364383e-03    20 1.209902e+02 8.596408e-02 6.302762e-03 
7.250000e+01 1.784580e-01 5.179710e-03 1.975115e-01 8.910775e+03 9.834852e+02 2.425179e+02 1.444088e+03 9.798381e+03 2.913245e-03     0 5.319469e-03    20 1.209921e+02 8.598897e-02 6.328577e-03 
7.260000e+01 1.793579e-01 5.177742e-03 2.022247e-01 8.922616e+03 9.857718e+02 2.415440e+02 1.444088e+03 9.798381e+03 2.438794e-03     0 5.273234e-03    20 1.209941e+02 8.601450e-02 6.338984e-03 
7.270000e+01 1.803339e-01 5.176936e-03 2.069608e-01 8.934447e+03 9.881135e+02 2.405699e+02 1.444088e+03 9.798381e+03 2.420277e-03     0 5.227480e-03    20 1.209961e+02 8.604004e-02 6.358607e-03 
7.280000e+01 1.813540e-01 5.180234e-03 2.117139e-01 8.946267e+03 9.905106e+02 2.395955e+02 1.444088e+03 9.798381e+03 2.580225e-03     0 5.142356e-03 2.003928e+01 1.209982e+02 8.606768e-02 6.392310e-03 
7.290000e+01 1.823523e-01 5.193162e-03 2.164906e-01 8.958075e+03 9.929634e+02 2.386208e+02 1.444088e+03 9.798381e+03 2.806779e-03     0 5.010001e-03 2.007179e+01 1.210007e+02 8.610374e-02 6.429162e-03 
   73 1.832837e-01 5.221741e-03 2.213023e-01 8.969872e+03 9.954721e+02 2.376459e+02 1.483567e+03 9.842663e+03 3.049928e-03     0 4.940854e-03 2.006088e+01 1.210031e+02 8.615453e-02 6.453909e-03 
7.310000e+01 1.841766e-01 5.255867e-03 2.261520e-01 8.981658e+03 9.980370e+02 2.366708e+02 1.483567e+03 9.842663e+03 2.583976e-03     0 4.976295e-03 2.001090e+01 1.210053e+02 8.620790e-02 6.463223e-03 
7.320000e+01 1.851442e-01 5.272107e-03 2.310210e-01 8.993430e+03 1.000658e+03 2.356955e+02 1.483567e+03 9.842663e+03 2.567323e-03     0 5.055064e-03    20 1.210072e+02 8.623818e-02 6.481462e-03 
7.330000e+01 1.861543e-01 5.260557e-03 2.359013e-01 9.005191e+03 1.003336e+03 2.347202e+02 1.483567e+03 9.842663e+03 2.726978e-03     0 4.977053e-03    20 1.210090e+02 8.624031e-02 6.513418e-03 
7.340000e+01 1.871422e-01 5.241275e-03 2.408017e-01 9.016938e+03 1.006071e+03 2.337447e+02 1.483567e+03 9.842663e+03 2.951941e-03     0 4.891736e-03    20 1.210109e+02 8.623921e-02 6.548398e-03 
7.350000e+01 1.880633e-01 5.228254e-03 2.457352e-01 9.028673e+03 1.008863e+03 2.327689e+02 1.524419e+03 9.885529e+03 3.193078e-03     0 4.847278e-03    20 1.210128e+02 8.624962e-02 6.571403e-03 
7.360000e+01 1.889456e-01 5.221179e-03 2.507061e-01 9.040393e+03 1.011712e+03 2.317930e+02 1.524419e+03 9.885529e+03 2.736706e-03     0 4.818706e-03    20 1.210148e+02 8.626960e-02 6.579181e-03 
7.370000e+01 1.899001e-01 5.217748e-03 2.557001e-01 9.052100e+03 1.014619e+03 2.308167e+02 1.524419e+03 9.885529e+03 2.722146e-03     0 4.784358e-03    20 1.210167e+02 8.629261e-02 6.595720e-03 
7.380000e+01 1.908959e-01 5.216315e-03 2.607107e-01 9.063792e+03 1.017584e+03 2.298402e+02 1.524419e+03 9.885529e+03 2.880401e-03     0 4.741327e-03    20 1.210187e+02 8.631596e-02 6.625834e-03 
7.390000e+01 1.918692e-01 5.215718e-03 2.657426e-01 9.075470e+03 1.020607e+03 2.288635e+02 1.524419e+03 9.885529e+03 3.102729e-03     0 4.694056e-03    20 1.210207e+02 8.633988e-02 6.659045e-03 
   74 1.927761e-01 5.214669e-03 2.708057e-01 9.087132e+03 1.023688e+03 2.278864e+02 1.566584e+03 9.926932e+03 3.340826e-03     0 4.645839e-03    20 1.210227e+02 8.636515e-02 6.680621e-03 
7.410000e+01 1.936441e-01 5.212668e-03 2.759043e-01 9.098779e+03 1.026827e+03 2.269091e+02 1.566584e+03 9.926932e+03 2.896645e-03     0 4.597544e-03    20 1.210247e+02 8.639173e-02 6.687313e-03 
7.420000e+01 1.945817e-01 5.212203e-03 2.810253e-01 9.110411e+03 1.030026e+03 2.259316e+02 1.566584e+03 9.926932e+03 2.884311e-03     0 4.549921e-03    20 1.210267e+02 8.641871e-02 6.702550e-03 
7.430000e+01 1.955588e-01 5.214063e-03 2.861626e-01 9.122026e+03 1.033283e+03 2.249538e+02 1.566584e+03 9.926932e+03 3.040754e-03     0 4.502625e-03    20 1.210287e+02 8.644587e-02 6.731016e-03 
7.440000e+01 1.965130e-01 5.216977e-03 2.913210e-01 9.133624e+03 1.036599e+03 2.239757e+02 1.566584e+03 9.926932e+03 3.259640e-03     0 4.454536e-03    20 1.210307e+02 8.647327e-02 6.762466e-03 
7.450000e+01 1.974017e-01 5.219011e-03 2.965099e-01 9.145206e+03 1.039974e+03 2.229973e+02 1.610000e+03 9.966833e+03 3.493752e-03     0 4.405255e-03    20 1.210328e+02 8.650112e-02 6.782503e-03 
7.460000e+01 1.982513e-01 5.219480e-03 3.017335e-01 9.156770e+03 1.043409e+03 2.220187e+02 1.610000e+03 9.966833e+03 3.064824e-03     0 4.355352e-03    20 1.210348e+02 8.652937e-02 6.787924e-03 
7.470000e+01 1.991674e-01 5.221034e-03 3.069789e-01 9.168317e+03 1.046904e+03 2.210399e+02 1.610000e+03 9.966833e+03 3.055171e-03     0 4.306382e-03    20 1.210369e+02 8.655742e-02 6.801487e-03 
7.480000e+01 2.001208e-01 5.224650e-03 3.122406e-01 9.179846e+03 1.050459e+03 2.200608e+02 1.610000e+03 9.966833e+03 3.209221e-03     0 4.258371e-03    20 1.210389e+02 8.658530e-02 6.827763e-03 
7.490000e+01 2.010511e-01 5.229155e-03 3.175229e-01 9.191356e+03 1.054074e+03 2.190815e+02 1.610000e+03 9.966833e+03 3.423688e-03     0 4.210058e-03    20 1.210409e+02 8.661319e-02 6.856836e-03 
   75 2.019169e-01 5.232538e-03 3.228349e-01 9.202847e+03 1.057749e+03 2.181019e+02 1.654600e+03 1.000520e+04 3.652722e-03     0 4.158786e-03 2.002441e+01 1.210430e+02 8.664116e-02 6.874781e-03 
7.510000e+01 2.027442e-01 5.238058e-03 3.281814e-01 9.214318e+03 1.061484e+03 2.171221e+02 1.654600e+03 1.000520e+04 3.240906e-03     0 3.998946e-03 2.006838e+01 1.210454e+02 8.667353e-02 6.878483e-03 
7.520000e+01 2.036336e-01 5.263426e-03 3.335531e-01 9.225771e+03 1.065280e+03 2.161420e+02 1.654600e+03 1.000520e+04 3.234628e-03     0 3.899135e-03 2.007301e+01 1.210479e+02 8.672332e-02 6.889900e-03 
7.530000e+01 2.045582e-01 5.305652e-03 3.389437e-01 9.237203e+03 1.069137e+03 2.151618e+02 1.654600e+03 1.000520e+04 3.385738e-03     0 3.899951e-03 2.004225e+01 1.210503e+02 8.678290e-02 6.913553e-03 
7.540000e+01 2.054598e-01 5.340542e-03 3.443528e-01 9.248614e+03 1.073055e+03 2.141815e+02 1.654600e+03 1.000520e+04 3.594793e-03     0 3.993882e-03    20 1.210523e+02 8.682888e-02 6.939938e-03 
7.550000e+01 2.062980e-01 5.343345e-03 3.497840e-01 9.260005e+03 1.077035e+03 2.132010e+02 1.700313e+03 1.004200e+04 3.817675e-03     0 3.970556e-03    20 1.210541e+02 8.684255e-02 6.955631e-03 
7.560000e+01 2.070977e-01 5.323414e-03 3.552435e-01 9.271374e+03 1.081075e+03 2.122205e+02 1.700313e+03 1.004200e+04 3.428395e-03     0 3.871011e-03    20 1.210559e+02 8.683995e-02 6.957581e-03 
7.570000e+01 2.079553e-01 5.306216e-03 3.607240e-01 9.282721e+03 1.085177e+03 2.112399e+02 1.700313e+03 1.004200e+04 3.425533e-03     0 3.804224e-03    20 1.210577e+02 8.684403e-02 6.966744e-03 
7.580000e+01 2.088444e-01 5.300364e-03 3.662219e-01 9.294046e+03 1.089340e+03 2.102590e+02 1.700313e+03 1.004200e+04 3.572954e-03     0 3.773640e-03    20 1.210596e+02 8.686011e-02 6.987398e-03 
7.590000e+01 2.097099e-01 5.300783e-03 3.717403e-01 9.305348e+03 1.093566e+03 2.092779e+02 1.700313e+03 1.004200e+04 3.775257e-03     0 3.745670e-03    20 1.210615e+02 8.688255e-02 7.010507e-03 
   76 2.105137e-01 5.301110e-03 3.772865e-01 9.316627e+03 1.097853e+03 2.082966e+02 1.747064e+03 1.007724e+04 3.990338e-03     0 3.705873e-03    20 1.210634e+02 8.690657e-02 7.023355e-03 
7.610000e+01 2.112791e-01 5.299566e-03 3.828636e-01 9.327883e+03 1.102202e+03 2.073151e+02 1.747064e+03 1.007724e+04 3.621131e-03     0 3.658225e-03    20 1.210652e+02 8.693104e-02 7.023135e-03 
7.620000e+01 2.120994e-01 5.299282e-03 3.884606e-01 9.339114e+03 1.106613e+03 2.063334e+02 1.747064e+03 1.007724e+04 3.619956e-03     0 3.610266e-03    20 1.210671e+02 8.695602e-02 7.029969e-03 
7.630000e+01 2.129490e-01 5.301701e-03 3.940723e-01 9.350322e+03 1.111086e+03 2.053515e+02 1.747064e+03 1.007724e+04 3.761946e-03     0 3.564174e-03    20 1.210690e+02 8.698186e-02 7.047987e-03 
7.640000e+01 2.137751e-01 5.305691e-03 3.997025e-01 9.361504e+03 1.115622e+03 2.043693e+02 1.747064e+03 1.007724e+04 3.956264e-03     0 3.518204e-03    20 1.210709e+02 8.700849e-02 7.068582e-03 
7.650000e+01 2.145415e-01 5.309247e-03 4.053588e-01 9.372661e+03 1.120220e+03 2.033869e+02 1.794778e+03 1.011088e+04 4.162625e-03     0 3.471016e-03    20 1.210727e+02 8.703575e-02 7.079623e-03 
7.660000e+01 2.152700e-01 5.311574e-03 4.110446e-01 9.383792e+03 1.124881e+03 2.024044e+02 1.794778e+03 1.011088e+04 3.819732e-03     0 3.422969e-03    20 1.210746e+02 8.706341e-02 7.078303e-03 
7.670000e+01 2.160481e-01 5.315005e-03 4.167493e-01 9.394897e+03 1.129604e+03 2.014216e+02 1.794778e+03 1.011088e+04 3.822246e-03     0 3.375734e-03    20 1.210765e+02 8.709090e-02 7.083419e-03 
7.680000e+01 2.168523e-01 5.321834e-03 4.224684e-01 9.405975e+03 1.134390e+03 2.004386e+02 1.794778e+03 1.011088e+04 3.958767e-03     0 3.294020e-03 2.003288e+01 1.210784e+02 8.711977e-02 7.098797e-03 
7.690000e+01 2.176327e-01 5.337521e-03 4.282069e-01 9.417026e+03 1.139238e+03 1.994554e+02 1.794778e+03 1.011088e+04 4.144217e-03     0 3.166542e-03 2.006948e+01 1.210806e+02 8.715612e-02 7.116318e-03 
   77 2.183559e-01 5.368367e-03 4.339736e-01 9.428049e+03 1.144150e+03 1.984720e+02 1.843381e+03 1.014295e+04 4.340602e-03     0 3.083097e-03 2.007165e+01 1.210829e+02 8.720655e-02 7.124659e-03 
7.710000e+01 2.190421e-01 5.408216e-03 4.397705e-01 9.439045e+03 1.149125e+03 1.974885e+02 1.843381e+03 1.014295e+04 4.026316e-03     0 3.081846e-03 2.004292e+01 1.210850e+02 8.726274e-02 7.121219e-03 
7.720000e+01 2.197729e-01 5.439470e-03 4.455834e-01 9.450011e+03 1.154162e+03 1.965050e+02 1.843381e+03 1.014295e+04 4.032363e-03     0 3.157909e-03    20 1.210868e+02 8.730439e-02 7.123542e-03 
7.730000e+01 2.205260e-01 5.443999e-03 4.514032e-01 9.460949e+03 1.159263e+03 1.955214e+02 1.843381e+03 1.014295e+04 4.162842e-03     0 3.150618e-03    20 1.210883e+02 8.731610e-02 7.135231e-03 
7.740000e+01 2.212555e-01 5.428833e-03 4.572350e-01 9.471858e+03 1.164427e+03 1.945378e+02 1.843381e+03 1.014295e+04 4.338230e-03     0 3.061572e-03    20 1.210899e+02 8.731155e-02 7.148855e-03 
7.750000e+01 2.219302e-01 5.414120e-03 4.630900e-01 9.482736e+03 1.169654e+03 1.935541e+02 1.892797e+03 1.017343e+04 4.523361e-03     0 2.998688e-03    20 1.210915e+02 8.731341e-02 7.153977e-03 
7.760000e+01 2.225687e-01 5.407293e-03 4.689729e-01 9.493584e+03 1.174944e+03 1.925703e+02 1.892797e+03 1.017343e+04 4.238912e-03     0 2.967950e-03    20 1.210931e+02 8.732740e-02 7.148198e-03 
7.770000e+01 2.232459e-01 5.407055e-03 4.748738e-01 9.504401e+03 1.180298e+03 1.915863e+02 1.892797e+03 1.017343e+04 4.248376e-03     0 2.942788e-03    20 1.210947e+02 8.734784e-02 7.147647e-03 
7.780000e+01 2.239417e-01 5.409789e-03 4.807873e-01 9.515187e+03 1.185714e+03 1.906021e+02 1.892797e+03 1.017343e+04 4.371424e-03     0 2.909152e-03    20 1.210963e+02 8.736976e-02 7.155710e-03 
7.790000e+01 2.246144e-01 5.413228e-03 4.867159e-01 9.525941e+03 1.191194e+03 1.896178e+02 1.892797e+03 1.017343e+04 4.535279e-03     0 2.868229e-03    20 1.210978e+02 8.739184e-02 7.165643e-03 
   78 2.252352e-01 5.416373e-03 4.926656e-01 9.536663e+03 1.196737e+03 1.886333e+02 1.942955e+03 1.020236e+04 4.707729e-03     0 2.825218e-03    20 1.210994e+02 8.741468e-02 7.167930e-03 
7.810000e+01 2.258211e-01 5.419170e-03 4.986390e-01 9.547351e+03 1.202343e+03 1.876487e+02 1.942955e+03 1.020236e+04 4.454319e-03     0 2.782871e-03    20 1.211010e+02 8.743855e-02 7.160340e-03 
7.820000e+01 2.264400e-01 5.423516e-03 5.046279e-01 9.558007e+03 1.208013e+03 1.866639e+02 1.942955e+03 1.020236e+04 4.466724e-03     0 2.742004e-03    20 1.211025e+02 8.746285e-02 7.157462e-03 
7.830000e+01 2.270740e-01 5.429901e-03 5.106281e-01 9.568629e+03 1.213746e+03 1.856790e+02 1.942955e+03 1.020236e+04 4.581564e-03     0 2.701949e-03    20 1.211040e+02 8.748725e-02 7.162372e-03 
7.840000e+01 2.276854e-01 5.437344e-03 5.166421e-01 9.579217e+03 1.219542e+03 1.846940e+02 1.942955e+03 1.020236e+04 4.732930e-03     0 2.661696e-03    20 1.211055e+02 8.751161e-02 7.168990e-03 
7.850000e+01 2.282483e-01 5.445087e-03 5.226752e-01 9.589770e+03 1.225401e+03 1.837088e+02 1.993784e+03 1.022976e+04 4.891680e-03     0 2.589253e-03 2.004587e+01 1.211072e+02 8.753658e-02 7.168733e-03 
7.860000e+01 2.287778e-01 5.460495e-03 5.287316e-01 9.600288e+03 1.231323e+03 1.827235e+02 1.993784e+03 1.022976e+04 4.672261e-03     0 2.439452e-03 2.008234e+01 1.211091e+02 8.757016e-02 7.159503e-03 
7.870000e+01 2.293341e-01 5.497844e-03 5.348069e-01 9.610770e+03 1.237309e+03 1.817381e+02 1.993784e+03 1.022976e+04 4.688144e-03     0 2.356009e-03 2.008841e+01 1.211111e+02 8.762218e-02 7.154198e-03 
7.880000e+01 2.299016e-01 5.550202e-03 5.408956e-01 9.621216e+03 1.243357e+03 1.807527e+02 1.993784e+03 1.022976e+04 4.794371e-03     0 2.358890e-03 2.006718e+01 1.211130e+02 8.768158e-02 7.155595e-03 
7.890000e+01 2.304472e-01 5.595467e-03 5.469948e-01 9.631626e+03 1.249469e+03 1.797673e+02 1.993784e+03 1.022976e+04 4.932390e-03     0 2.407593e-03 2.002148e+01 1.211145e+02 8.772688e-02 7.158405e-03 
   79 2.309483e-01 5.614555e-03 5.531049e-01 9.641999e+03 1.255643e+03 1.787820e+02 2.045220e+03 1.025565e+04 5.076484e-03     0 2.475561e-03    20 1.211156e+02 8.774375e-02 7.155140e-03 
7.910000e+01 2.314175e-01 5.602859e-03 5.592267e-01 9.652334e+03 1.261880e+03 1.777968e+02 2.045220e+03 1.025565e+04 4.895431e-03     0 2.421792e-03    20 1.211166e+02 8.773329e-02 7.143900e-03 
7.920000e+01 2.319058e-01 5.582569e-03 5.653587e-01 9.662631e+03 1.268181e+03 1.768117e+02 2.045220e+03 1.025565e+04 4.915821e-03     0 2.350746e-03    20 1.211177e+02 8.771957e-02 7.135699e-03 
7.930000e+01 2.324008e-01 5.571417e-03 5.715019e-01 9.672890e+03 1.274543e+03 1.758265e+02 2.045220e+03 1.025565e+04 5.012663e-03     0 2.319264e-03    20 1.211187e+02 8.771832e-02 7.132962e-03 
7.940000e+01 2.328740e-01 5.570071e-03 5.776580e-01 9.683109e+03 1.280969e+03 1.748413e+02 2.045220e+03 1.025565e+04 5.136025e-03     0 2.307605e-03    20 1.211198e+02 8.772829e-02 7.131241e-03 
7.950000e+01 2.333064e-01 5.572366e-03 5.838296e-01 9.693290e+03 1.287457e+03 1.738560e+02 2.097202e+03 1.028007e+04 5.263886e-03     0 2.290626e-03    20 1.211208e+02 8.774298e-02 7.124261e-03 
7.960000e+01 2.337089e-01 5.574643e-03 5.900173e-01 9.703430e+03 1.294007e+03 1.728707e+02 2.097202e+03 1.028007e+04 5.114757e-03     0 2.263331e-03    20 1.211219e+02 8.775875e-02 7.110542e-03 
7.970000e+01 2.341259e-01 5.577833e-03 5.962154e-01 9.713530e+03 1.300619e+03 1.718853e+02 2.097202e+03 1.028007e+04 5.135907e-03     0 2.232064e-03    20 1.211229e+02 8.777493e-02 7.099610e-03 
7.980000e+01 2.345464e-01 5.583013e-03 6.024213e-01 9.723590e+03 1.307293e+03 1.708998e+02 2.097202e+03 1.028007e+04 5.221690e-03     0 2.201565e-03    20 1.211239e+02 8.779192e-02 7.093626e-03 
7.990000e+01 2.349465e-01 5.589863e-03 6.086362e-01 9.733608e+03 1.314030e+03 1.699143e+02 2.097202e+03 1.028007e+04 5.329576e-03     0 2.172191e-03    20 1.211249e+02 8.780971e-02 7.088892e-03 
   80 2.353102e-01 5.597320e-03 6.148630e-01 9.743584e+03 1.320828e+03 1.689287e+02 2.149674e+03 1.030306e+04 5.440843e-03     0 2.142974e-03    20 1.211258e+02 8.782801e-02 7.080116e-03 
8.010000e+01 2.356459e-01 5.604780e-03 6.211030e-01 9.753518e+03 1.327688e+03 1.679431e+02 2.149674e+03 1.030306e+04 5.330705e-03     0 2.113721e-03    20 1.211267e+02 8.784642e-02 7.065845e-03 
8.020000e+01 2.359891e-01 5.613102e-03 6.273518e-01 9.763409e+03 1.334609e+03 1.669575e+02 2.149674e+03 1.030306e+04 5.355335e-03     0 2.085223e-03    20 1.211276e+02 8.786456e-02 7.053493e-03 
8.030000e+01 2.363314e-01 5.622623e-03 6.336070e-01 9.773258e+03 1.341592e+03 1.659718e+02 2.149674e+03 1.030306e+04 5.430532e-03     0 2.057808e-03    20 1.211285e+02 8.788234e-02 7.044719e-03 
8.040000e+01 2.366541e-01 5.632903e-03 6.398696e-01 9.783063e+03 1.348635e+03 1.649861e+02 2.149674e+03 1.030306e+04 5.522462e-03     0 2.031635e-03 2.000521e+01 1.211293e+02 8.789971e-02 7.036620e-03 
8.050000e+01 2.369450e-01 5.644876e-03 6.461421e-01 9.792824e+03 1.355740e+03 1.640004e+02 2.202586e+03 1.032466e+04 5.616294e-03     0 1.940573e-03 2.004612e+01 1.211303e+02 8.791846e-02 7.025089e-03 
8.060000e+01 2.372103e-01 5.668219e-03 6.524279e-01 9.802540e+03 1.362906e+03 1.630147e+02 2.202586e+03 1.032466e+04 5.544355e-03     0 1.859638e-03 2.006064e+01 1.211315e+02 8.794807e-02 7.008972e-03 
8.070000e+01 2.374767e-01 5.705765e-03 6.587241e-01 9.812212e+03 1.370132e+03 1.620291e+02 2.202586e+03 1.032466e+04 5.571653e-03     0 1.841463e-03 2.005152e+01 1.211325e+02 8.798787e-02 6.993841e-03 
8.080000e+01 2.377385e-01 5.745255e-03 6.650257e-01 9.821838e+03 1.377418e+03 1.610435e+02 2.202586e+03 1.032466e+04 5.635546e-03     0 1.875808e-03 2.002123e+01 1.211334e+02 8.802387e-02 6.981095e-03 
8.090000e+01 2.379821e-01 5.769926e-03 6.713292e-01 9.831419e+03 1.384765e+03 1.600581e+02 2.202586e+03 1.032466e+04 5.710934e-03     0 1.958163e-03    20 1.211339e+02 8.804099e-02 6.968796e-03 
   81 2.381986e-01 5.769878e-03 6.776335e-01 9.840953e+03 1.392172e+03 1.590729e+02 2.255893e+03 1.034492e+04 5.786823e-03     0 1.918480e-03    20 1.211343e+02 8.803390e-02 6.954119e-03 
8.110000e+01 2.383917e-01 5.761124e-03 6.839430e-01 9.850441e+03 1.399638e+03 1.580878e+02 2.255893e+03 1.034492e+04 5.755298e-03     0 1.864115e-03    20 1.211347e+02 8.802229e-02 6.936180e-03 
8.120000e+01 2.385787e-01 5.758563e-03 6.902591e-01 9.859882e+03 1.407164e+03 1.571027e+02 2.255893e+03 1.034492e+04 5.785705e-03     0 1.844782e-03    20 1.211351e+02 8.801959e-02 6.918506e-03 
8.130000e+01 2.387564e-01 5.763580e-03 6.965806e-01 9.869275e+03 1.414749e+03 1.561178e+02 2.255893e+03 1.034492e+04 5.837936e-03     0 1.843997e-03    20 1.211355e+02 8.802497e-02 6.902074e-03 
8.140000e+01 2.389168e-01 5.771764e-03 7.029062e-01 9.878620e+03 1.422393e+03 1.551329e+02 2.255893e+03 1.034492e+04 5.896009e-03     0 1.840236e-03    20 1.211358e+02 8.803312e-02 6.885826e-03 
8.150000e+01 2.390550e-01 5.780177e-03 7.092361e-01 9.887917e+03 1.430096e+03 1.541482e+02 2.309557e+03 1.036389e+04 5.953040e-03     0 1.828819e-03    20 1.211361e+02 8.804120e-02 6.868208e-03 
8.160000e+01 2.391727e-01 5.788483e-03 7.155701e-01 9.897166e+03 1.437857e+03 1.531635e+02 2.309557e+03 1.036389e+04 5.957007e-03     0 1.814416e-03    20 1.211364e+02 8.804906e-02 6.848676e-03 
8.170000e+01 2.392786e-01 5.797448e-03 7.219071e-01 9.906365e+03 1.445676e+03 1.521788e+02 2.309557e+03 1.036389e+04 5.988318e-03     0 1.801075e-03    20 1.211366e+02 8.805711e-02 6.828938e-03 
8.180000e+01 2.393719e-01 5.807393e-03 7.282461e-01 9.915515e+03 1.453554e+03 1.511943e+02 2.309557e+03 1.036389e+04 6.027919e-03     0 1.789516e-03    20 1.211368e+02 8.806538e-02 6.809629e-03 
8.190000e+01 2.394498e-01 5.818122e-03 7.345866e-01 9.924615e+03 1.461489e+03 1.502099e+02 2.309557e+03 1.036389e+04 6.068337e-03     0 1.778979e-03    20 1.211369e+02 8.807360e-02 6.790514e-03 
   82 2.395105e-01 5.829346e-03 7.409285e-01 9.933665e+03 1.469481e+03 1.492255e+02 2.363545e+03 1.038160e+04 6.106479e-03     0 1.769672e-03 2.001104e+01 1.211370e+02 8.808149e-02 6.771164e-03 
8.210000e+01 2.395534e-01 5.842810e-03 7.472719e-01 9.942664e+03 1.477530e+03 1.482413e+02 2.363545e+03 1.038160e+04 6.149147e-03     0 1.692299e-03 2.004550e+01 1.211373e+02 8.809099e-02 6.751164e-03 
8.220000e+01 2.395781e-01 5.868289e-03 7.536193e-01 9.951612e+03 1.485636e+03 1.472572e+02 2.363545e+03 1.038160e+04 6.182532e-03     0 1.635354e-03 2.005791e+01 1.211377e+02 8.811138e-02 6.730112e-03 
8.230000e+01 2.395866e-01 5.906545e-03 7.599702e-01 9.960508e+03 1.493799e+03 1.462733e+02 2.363545e+03 1.038160e+04 6.209840e-03     0 1.635903e-03 2.005060e+01 1.211380e+02 8.814083e-02 6.708187e-03 
8.240000e+01 2.395811e-01 5.945563e-03 7.663210e-01 9.969353e+03 1.502017e+03 1.452895e+02 2.363545e+03 1.038160e+04 6.232595e-03     0 1.678113e-03 2.002566e+01 1.211381e+02 8.816611e-02 6.686019e-03 
8.250000e+01 2.395638e-01 5.971623e-03 7.726672e-01 9.978146e+03 1.510291e+03 1.443060e+02 2.417827e+03 1.039812e+04 6.251716e-03     0 1.756643e-03    20 1.211379e+02 8.817480e-02 6.664434e-03 
8.260000e+01 2.395315e-01 5.976386e-03 7.790063e-01 9.986886e+03 1.518621e+03 1.433228e+02 2.417827e+03 1.039812e+04 6.333649e-03     0 1.760689e-03    20 1.211375e+02 8.816172e-02 6.643310e-03 
8.270000e+01 2.394745e-01 5.969840e-03 7.853418e-01 9.995573e+03 1.527006e+03 1.423399e+02 2.417827e+03 1.039812e+04 6.369174e-03     0 1.725961e-03    20 1.211371e+02 8.814083e-02 6.620262e-03 
8.280000e+01 2.393972e-01 5.966698e-03 7.916773e-01 1.000421e+04 1.535446e+03 1.413571e+02 2.417827e+03 1.039812e+04 6.384081e-03     0 1.718148e-03    20 1.211367e+02 8.812674e-02 6.595096e-03 
8.290000e+01 2.393073e-01 5.970534e-03 7.980123e-01 1.001279e+04 1.543940e+03 1.403746e+02 2.417827e+03 1.039812e+04 6.388947e-03     0 1.731362e-03    20 1.211363e+02 8.812094e-02 6.569353e-03 
   83 2.392106e-01 5.978287e-03 8.043441e-01 1.002131e+04 1.552488e+03 1.393922e+02 2.472381e+03 1.041348e+04 6.388711e-03     0 1.745195e-03    20 1.211358e+02 8.811878e-02 6.545129e-03 
8.310000e+01 2.391022e-01 5.987091e-03 8.106712e-01 1.002979e+04 1.561089e+03 1.384099e+02 2.472381e+03 1.041348e+04 6.503609e-03     0 1.752319e-03    20 1.211353e+02 8.811700e-02 6.522676e-03 
8.320000e+01 2.389641e-01 5.995739e-03 8.169951e-01 1.003821e+04 1.569744e+03 1.374279e+02 2.472381e+03 1.041348e+04 6.539058e-03     0 1.755571e-03    20 1.211348e+02 8.811507e-02 6.497891e-03 
8.330000e+01 2.388030e-01 6.004873e-03 8.233165e-01 1.004657e+04 1.578452e+03 1.364460e+02 2.472381e+03 1.041348e+04 6.540991e-03     0 1.744775e-03 2.001810e+01 1.211342e+02 8.811379e-02 6.470273e-03 
8.340000e+01 2.386314e-01 6.018571e-03 8.296347e-01 1.005488e+04 1.587212e+03 1.354643e+02 2.472381e+03 1.041348e+04 6.528080e-03     0 1.693089e-03 2.004485e+01 1.211339e+02 8.811664e-02 6.442155e-03 
8.350000e+01 2.384585e-01 6.044086e-03 8.359488e-01 1.006313e+04 1.596025e+03 1.344828e+02 2.527186e+03 1.042774e+04 6.508969e-03     0 1.664282e-03 2.005330e+01 1.211335e+02 8.812933e-02 6.416692e-03 
8.360000e+01 2.382769e-01 6.079948e-03 8.422572e-01 1.007133e+04 1.604889e+03 1.335016e+02 2.527186e+03 1.042774e+04 6.660460e-03     0 1.682862e-03 2.004540e+01 1.211331e+02 8.814815e-02 6.394256e-03 
8.370000e+01 2.380597e-01 6.114300e-03 8.485604e-01 1.007947e+04 1.613805e+03 1.325206e+02 2.527186e+03 1.042774e+04 6.697428e-03     0 1.733092e-03 2.002294e+01 1.211325e+02 8.816165e-02 6.368709e-03 
8.380000e+01 2.378162e-01 6.135549e-03 8.548564e-01 1.008755e+04 1.622772e+03 1.315399e+02 2.527186e+03 1.042774e+04 6.687140e-03     0 1.823515e-03    20 1.211316e+02 8.815996e-02 6.339103e-03 
8.390000e+01 2.375638e-01 6.136836e-03 8.611416e-01 1.009558e+04 1.631789e+03 1.305595e+02 2.527186e+03 1.042774e+04 6.656892e-03     0 1.829399e-03    20 1.211306e+02 8.813865e-02 6.308587e-03 
   84 2.373151e-01 6.129993e-03 8.674155e-01 1.010355e+04 1.640857e+03 1.295795e+02 2.582228e+03 1.044093e+04 6.619144e-03     0 1.810720e-03    20 1.211295e+02 8.811190e-02 6.281485e-03 
8.410000e+01 2.370606e-01 6.128285e-03 8.736797e-01 1.011147e+04 1.649974e+03 1.285997e+02 2.582228e+03 1.044093e+04 6.804639e-03     0 1.819768e-03    20 1.211285e+02 8.809227e-02 6.258445e-03 
8.420000e+01 2.367651e-01 6.132615e-03 8.799386e-01 1.011932e+04 1.659141e+03 1.276201e+02 2.582228e+03 1.044093e+04 6.842231e-03     0 1.845972e-03    20 1.211274e+02 8.808021e-02 6.231538e-03 
8.430000e+01 2.364402e-01 6.139167e-03 8.861927e-01 1.012712e+04 1.668357e+03 1.266407e+02 2.582228e+03 1.044093e+04 6.819466e-03     0 1.870698e-03    20 1.211263e+02 8.807121e-02 6.199479e-03 
8.440000e+01 2.361084e-01 6.145938e-03 8.924393e-01 1.013486e+04 1.677621e+03 1.256616e+02 2.582228e+03 1.044093e+04 6.771991e-03     0 1.889175e-03    20 1.211252e+02 8.806245e-02 6.166242e-03 
8.450000e+01 2.357855e-01 6.153368e-03 8.986740e-01 1.014255e+04 1.686933e+03 1.246827e+02 2.637493e+03 1.045309e+04 6.715867e-03     0 1.905097e-03    20 1.211240e+02 8.805342e-02 6.137308e-03 
8.460000e+01 2.354601e-01 6.162103e-03 9.048952e-01 1.015017e+04 1.696293e+03 1.237041e+02 2.637493e+03 1.045309e+04 6.932264e-03     0 1.923948e-03 2.000331e+01 1.211228e+02 8.804442e-02 6.113632e-03 
8.470000e+01 2.350892e-01 6.171858e-03 9.111080e-01 1.015774e+04 1.705700e+03 1.227256e+02 2.637493e+03 1.045309e+04 6.969702e-03     0 1.898728e-03 2.003024e+01 1.211217e+02 8.803669e-02 6.085634e-03 
8.480000e+01 2.346867e-01 6.188759e-03 9.173157e-01 1.016525e+04 1.715153e+03 1.217474e+02 2.637493e+03 1.045309e+04 6.934606e-03     0 1.877147e-03 2.004184e+01 1.211206e+02 8.803643e-02 6.051698e-03 
8.490000e+01 2.342792e-01 6.215372e-03 9.235162e-01 1.017270e+04 1.724653e+03 1.207695e+02 2.637493e+03 1.045309e+04 6.870472e-03     0 1.893609e-03 2.003979e+01 1.211196e+02 8.804370e-02 6.016511e-03 
   85 2.338858e-01 6.245229e-03 9.297030e-01 1.018009e+04 1.734199e+03 1.197918e+02 2.692971e+03 1.046427e+04 6.796714e-03     0 1.941748e-03 2.002563e+01 1.211183e+02 8.804983e-02 5.986563e-03 
8.510000e+01 2.334929e-01 6.268721e-03 9.358716e-01 1.018742e+04 1.743791e+03 1.188145e+02 2.692971e+03 1.046427e+04 7.045211e-03     0 2.006502e-03 2.000072e+01 1.211169e+02 8.804561e-02 5.962982e-03 
8.520000e+01 2.330496e-01 6.277522e-03 9.420263e-01 1.019469e+04 1.753427e+03 1.178375e+02 2.692971e+03 1.046427e+04 7.083405e-03     0 2.062846e-03    20 1.211153e+02 8.802652e-02 5.934416e-03 
8.530000e+01 2.325715e-01 6.274144e-03 9.481702e-01 1.020190e+04 1.763108e+03 1.168609e+02 2.692971e+03 1.046427e+04 7.036872e-03     0 2.067015e-03    20 1.211137e+02 8.799820e-02 5.898871e-03 
8.540000e+01 2.320902e-01 6.270126e-03 9.543029e-01 1.020905e+04 1.772833e+03 1.158846e+02 2.692971e+03 1.046427e+04 6.956685e-03     0 2.080168e-03    20 1.211121e+02 8.797206e-02 5.861753e-03 
8.550000e+01 2.316276e-01 6.271616e-03 9.604202e-01 1.021615e+04 1.782602e+03 1.149085e+02 2.748653e+03 1.047450e+04 6.865726e-03     0 2.111356e-03    20 1.211104e+02 8.795188e-02 5.830575e-03 
8.560000e+01 2.311687e-01 6.277701e-03 9.665194e-01 1.022318e+04 1.792414e+03 1.139327e+02 2.748653e+03 1.047450e+04 7.141245e-03     0 2.147343e-03    20 1.211088e+02 8.793531e-02 5.806731e-03 
8.570000e+01 2.306554e-01 6.284261e-03 9.726066e-01 1.023015e+04 1.802268e+03 1.129572e+02 2.748653e+03 1.047450e+04 7.178568e-03     0 2.178974e-03    20 1.211071e+02 8.791984e-02 5.777398e-03 
8.580000e+01 2.301055e-01 6.289744e-03 9.786843e-01 1.023706e+04 1.812165e+03 1.119819e+02 2.748653e+03 1.047450e+04 7.120411e-03     0 2.206636e-03    20 1.211053e+02 8.790443e-02 5.740311e-03 
8.590000e+01 2.295546e-01 6.295058e-03 9.847492e-01 1.024391e+04 1.822103e+03 1.110069e+02 2.748653e+03 1.047450e+04 7.024701e-03     0 2.234031e-03    20 1.211036e+02 8.788908e-02 5.701565e-03 
   86 2.290272e-01 6.301679e-03 9.907955e-01 1.025070e+04 1.832083e+03 1.100322e+02 2.804534e+03 1.048381e+04 6.917380e-03     0 2.263001e-03    20 1.211018e+02 8.787375e-02 5.669602e-03 
8.610000e+01 2.285062e-01 6.310885e-03 9.968207e-01 1.025743e+04 1.842103e+03 1.090578e+02 2.804534e+03 1.048381e+04 7.220250e-03     0 2.267283e-03 2.003463e+01 1.211000e+02 8.785920e-02 5.645985e-03 
8.620000e+01 2.279274e-01 6.326130e-03 1.002834e+00 1.026410e+04 1.852164e+03 1.080836e+02 2.804534e+03 1.048381e+04 7.257176e-03     0 2.212222e-03 2.006974e+01 1.210986e+02 8.785107e-02 5.616369e-03 
8.630000e+01 2.273100e-01 6.357139e-03 1.008840e+00 1.027071e+04 1.862265e+03 1.071097e+02 2.804534e+03 1.048381e+04 7.188133e-03     0 2.180272e-03 2.009217e+01 1.210972e+02 8.785809e-02 5.578117e-03 
8.640000e+01 2.266935e-01 6.403788e-03 1.014835e+00 1.027726e+04 1.872405e+03 1.061361e+02 2.804534e+03 1.048381e+04 7.077724e-03     0 2.200462e-03 2.010336e+01 1.210959e+02 8.787619e-02 5.537922e-03 
8.650000e+01 2.261052e-01 6.455988e-03 1.020811e+00 1.028375e+04 1.882585e+03 1.051630e+02 2.860607e+03 1.049225e+04 6.954929e-03     0 2.239292e-03 2.010461e+01 1.210944e+02 8.789249e-02 5.505121e-03 
8.660000e+01 2.255266e-01 6.503839e-03 1.026762e+00 1.029017e+04 1.892803e+03 1.041903e+02 2.860607e+03 1.049225e+04 7.285071e-03     0 2.284604e-03 2.009707e+01 1.210929e+02 8.789767e-02 5.481488e-03 
8.670000e+01 2.248856e-01 6.540124e-03 1.032696e+00 1.029654e+04 1.903059e+03 1.032181e+02 2.860607e+03 1.049225e+04 7.322734e-03     0 2.339473e-03 2.008181e+01 1.210911e+02 8.788899e-02 5.451199e-03 
8.680000e+01 2.242038e-01 6.562172e-03 1.038614e+00 1.030284e+04 1.913352e+03 1.022464e+02 2.860607e+03 1.049225e+04 7.243807e-03     0 2.409342e-03 2.005978e+01 1.210891e+02 8.786665e-02 5.411380e-03 
8.690000e+01 2.235243e-01 6.569904e-03 1.044514e+00 1.030908e+04 1.923683e+03 1.012753e+02 2.860607e+03 1.049225e+04 7.119607e-03     0 2.495716e-03 2.003185e+01 1.210868e+02 8.783154e-02 5.369411e-03 
   87 2.228771e-01 6.563999e-03 1.050388e+00 1.031526e+04 1.934050e+03 1.003047e+02 2.916870e+03 1.049983e+04 6.982001e-03     0 2.596877e-03    20 1.210843e+02 8.778449e-02 5.335554e-03 
8.710000e+01 2.222415e-01 6.544762e-03 1.056233e+00 1.032138e+04 1.944453e+03 9.933453e+01 2.916870e+03 1.049983e+04 7.334453e-03     0 2.680000e-03    20 1.210817e+02 8.772703e-02 5.311831e-03 
8.720000e+01 2.215412e-01 6.517273e-03 1.062059e+00 1.032744e+04 1.954892e+03 9.836474e+01 2.916870e+03 1.049983e+04 7.370403e-03     0 2.708424e-03    20 1.210791e+02 8.766840e-02 5.281239e-03 
8.730000e+01 2.207983e-01 6.492888e-03 1.067874e+00 1.033343e+04 1.965366e+03 9.739525e+01 2.916870e+03 1.049983e+04 7.281090e-03     0 2.746644e-03    20 1.210765e+02 8.762002e-02 5.240601e-03 
8.740000e+01 2.200593e-01 6.476436e-03 1.073673e+00 1.033937e+04 1.975874e+03 9.642603e+01 2.916870e+03 1.049983e+04 7.143352e-03     0 2.800060e-03    20 1.210740e+02 8.758342e-02 5.197787e-03 
8.750000e+01 2.193567e-01 6.466773e-03 1.079450e+00 1.034524e+04 1.986417e+03 9.545703e+01 2.973315e+03 1.050659e+04 6.991545e-03     0 2.853822e-03    20 1.210714e+02 8.755397e-02 5.163749e-03 
8.760000e+01 2.186694e-01 6.461261e-03 1.085199e+00 1.035105e+04 1.996994e+03 9.448825e+01 2.973315e+03 1.050659e+04 7.359532e-03     0 2.900164e-03    20 1.210689e+02 8.752766e-02 5.140713e-03 
8.770000e+01 2.179147e-01 6.456616e-03 1.090930e+00 1.035681e+04 2.007603e+03 9.351967e+01 2.973315e+03 1.050659e+04 7.393598e-03     0 2.923545e-03 2.001086e+01 1.210664e+02 8.750362e-02 5.110617e-03 
8.780000e+01 2.171177e-01 6.455235e-03 1.096648e+00 1.036249e+04 2.018246e+03 9.255129e+01 2.973315e+03 1.050659e+04 7.294470e-03     0 2.922912e-03 2.003749e+01 1.210641e+02 8.748466e-02 5.070116e-03 
8.790000e+01 2.163270e-01 6.463260e-03 1.102350e+00 1.036812e+04 2.028920e+03 9.158311e+01 2.973315e+03 1.050659e+04 7.144478e-03     0 2.919701e-03 2.005591e+01 1.210619e+02 8.747480e-02 5.027445e-03 
   88 2.155767e-01 6.483803e-03 1.108028e+00 1.037369e+04 2.039627e+03 9.061515e+01 3.029939e+03 1.051255e+04 6.980112e-03     0 2.935503e-03 2.006711e+01 1.210598e+02 8.747353e-02 4.994111e-03 
8.810000e+01 2.148442e-01 6.512824e-03 1.113678e+00 1.037919e+04 2.050365e+03 8.964746e+01 3.029939e+03 1.051255e+04 7.369407e-03     0 2.968391e-03 2.007202e+01 1.210577e+02 8.747503e-02 4.972333e-03 
8.820000e+01 2.140417e-01 6.541507e-03 1.119310e+00 1.038464e+04 2.061134e+03 8.868007e+01 3.029939e+03 1.051255e+04 7.403339e-03     0 3.008569e-03 2.007145e+01 1.210555e+02 8.747321e-02 4.942794e-03 
8.830000e+01 2.131949e-01 6.564409e-03 1.124926e+00 1.039002e+04 2.071933e+03 8.771302e+01 3.029939e+03 1.051255e+04 7.296455e-03     0 3.053651e-03 2.006615e+01 1.210533e+02 8.746436e-02 4.901830e-03 
8.840000e+01 2.123559e-01 6.580347e-03 1.130521e+00 1.039534e+04 2.082762e+03 8.674635e+01 3.029939e+03 1.051255e+04 7.135673e-03     0 3.106644e-03 2.005679e+01 1.210509e+02 8.744736e-02 4.858205e-03 
8.850000e+01 2.115609e-01 6.590048e-03 1.136088e+00 1.040061e+04 2.093621e+03 8.578007e+01 3.086737e+03 1.051774e+04 6.959764e-03     0 3.169447e-03 2.004399e+01 1.210485e+02 8.742226e-02 4.824177e-03 
8.860000e+01 2.107859e-01 6.593526e-03 1.141622e+00 1.040581e+04 2.104509e+03 8.481417e+01 3.086737e+03 1.051774e+04 7.367901e-03     0 3.241011e-03 2.002829e+01 1.210458e+02 8.738963e-02 4.802216e-03 
8.870000e+01 2.099381e-01 6.587996e-03 1.147134e+00 1.041095e+04 2.115426e+03 8.384864e+01 3.086737e+03 1.051774e+04 7.401568e-03     0 3.318376e-03 2.001020e+01 1.210431e+02 8.735063e-02 4.772058e-03 
8.880000e+01 2.090445e-01 6.572497e-03 1.152629e+00 1.041602e+04 2.126371e+03 8.288344e+01 3.086737e+03 1.051774e+04 7.287154e-03     0 3.407145e-03    20 1.210402e+02 8.730607e-02 4.729890e-03 
8.890000e+01 2.081601e-01 6.549061e-03 1.158102e+00 1.042104e+04 2.137343e+03 8.191855e+01 3.086737e+03 1.051774e+04 7.115897e-03     0 3.446101e-03    20 1.210374e+02 8.725774e-02 4.684981e-03 
   89 2.073226e-01 6.527595e-03 1.163548e+00 1.042600e+04 2.148343e+03 8.095391e+01 3.143706e+03 1.052219e+04 6.928908e-03     0 3.485463e-03    20 1.210346e+02 8.721384e-02 4.650211e-03 
8.910000e+01 2.065076e-01 6.513449e-03 1.168961e+00 1.043090e+04 2.159369e+03 7.998948e+01 3.143706e+03 1.052219e+04 7.348733e-03     0 3.536331e-03    20 1.210318e+02 8.717778e-02 4.628269e-03 
8.920000e+01 2.056186e-01 6.503286e-03 1.174355e+00 1.043573e+04 2.170422e+03 7.902525e+01 3.143706e+03 1.052219e+04 7.379994e-03     0 3.589097e-03    20 1.210291e+02 8.714782e-02 4.598185e-03 
8.930000e+01 2.046836e-01 6.494515e-03 1.179733e+00 1.044051e+04 2.181501e+03 7.806120e+01 3.143706e+03 1.052219e+04 7.257838e-03     0 3.614940e-03 2.001063e+01 1.210263e+02 8.712165e-02 4.555980e-03 
8.940000e+01 2.037596e-01 6.490488e-03 1.185091e+00 1.044522e+04 2.192605e+03 7.709732e+01 3.143706e+03 1.052219e+04 7.077023e-03     0 3.631633e-03 2.003350e+01 1.210238e+02 8.710077e-02 4.511200e-03 
8.950000e+01 2.028857e-01 6.495624e-03 1.190420e+00 1.044988e+04 2.203734e+03 7.613363e+01 3.200839e+03 1.052591e+04 6.880223e-03     0 3.639282e-03 2.005216e+01 1.210214e+02 8.708677e-02 4.477108e-03 
8.960000e+01 2.020364e-01 6.512232e-03 1.195718e+00 1.045448e+04 2.214887e+03 7.517015e+01 3.200839e+03 1.052591e+04 7.313908e-03     0 3.653627e-03 2.006721e+01 1.210191e+02 8.708001e-02 4.456386e-03 
8.970000e+01 2.011114e-01 6.535697e-03 1.200995e+00 1.045901e+04 2.226065e+03 7.420689e+01 3.200839e+03 1.052591e+04 7.344398e-03     0 3.676459e-03 2.007923e+01 1.210168e+02 8.707772e-02 4.427156e-03 
8.980000e+01 2.001400e-01 6.561312e-03 1.206256e+00 1.046349e+04 2.237267e+03 7.324391e+01 3.200839e+03 1.052591e+04 7.215698e-03     0 3.703130e-03 2.008874e+01 1.210146e+02 8.707570e-02 4.385203e-03 
8.990000e+01 1.991807e-01 6.587077e-03 1.211496e+00 1.046791e+04 2.248492e+03 7.228125e+01 3.200839e+03 1.052591e+04 7.026600e-03     0 3.732424e-03 2.009619e+01 1.210124e+02 8.707092e-02 4.340349e-03 
   90 1.982745e-01 6.613075e-03 1.216704e+00 1.047227e+04 2.259740e+03 7.131895e+01 3.259659e+03 1.048496e+04 6.821122e-03     0 3.765742e-03 2.010200e+01 1.210101e+02 8.706203e-02 4.306352e-03 
9.010000e+01 1.976876e-01 6.957437e-03 1.221909e+00 1.047657e+04 2.271010e+03 7.035687e+01 3.259659e+03 1.048496e+04 3.113833e-03     0 -2.236435e-03 2.010655e+01 1.210080e+02 8.739460e-02 4.344524e-03 
9.020000e+01 1.980067e-01 8.186729e-03 1.227118e+00 1.048081e+04 2.282303e+03 6.939533e+01 3.259659e+03 1.048496e+04 1.743019e-03     0 -1.451176e-03 2.011020e+01 1.210046e+02 8.847729e-02 4.623515e-03 
9.030000e+01 1.990443e-01 9.643957e-03 1.232163e+00 1.048499e+04 2.293617e+03 6.843648e+01 3.259659e+03 1.048496e+04 1.363593e-03     0 2.927304e-04 2.011309e+01 1.209984e+02 8.953771e-02 5.179991e-03 
9.040000e+01 2.004232e-01 1.071428e-02 1.236972e+00 1.048911e+04 2.304953e+03 6.748243e+01 3.259659e+03 1.048496e+04 1.423847e-03     0 7.653210e-04 2.011525e+01 1.209895e+02 9.004090e-02 5.939061e-03 
9.050000e+01 2.018676e-01 1.134412e-02 1.241633e+00 1.049317e+04 2.316311e+03 6.653398e+01 3.316308e+03 1.049573e+04 1.670368e-03     0 5.412286e-04 2.011681e+01 1.209788e+02 9.005944e-02 6.779051e-03 
9.060000e+01 2.031370e-01 1.171816e-02 1.246307e+00 1.049716e+04 2.327689e+03 6.559100e+01 3.316308e+03 1.049573e+04 3.377708e-03     0 4.918209e-04 2.011801e+01 1.209669e+02 8.986160e-02 7.555973e-03 
9.070000e+01 2.039562e-01 1.195385e-02 1.251155e+00 1.050110e+04 2.339088e+03 6.465298e+01 3.316308e+03 1.049573e+04 4.165681e-03     0 8.087388e-04 2.011910e+01 1.209541e+02 8.960940e-02 8.105093e-03 
9.080000e+01 2.044116e-01 1.206905e-02 1.256263e+00 1.050498e+04 2.350507e+03 6.371937e+01 3.316308e+03 1.049573e+04 4.550228e-03     0 1.286323e-03 2.012030e+01 1.209407e+02 8.933849e-02 8.349956e-03 
9.090000e+01 2.046847e-01 1.205580e-02 1.261642e+00 1.050879e+04 2.361946e+03 6.278963e+01 3.316308e+03 1.049573e+04 4.747989e-03     0 1.743572e-03 2.012186e+01 1.209269e+02 8.904536e-02 8.295027e-03 
   91 2.049164e-01 1.192603e-02 1.267257e+00 1.051254e+04 2.373404e+03 6.186315e+01 3.373382e+03 1.050591e+04 4.863810e-03     0 2.137417e-03 2.012397e+01 1.209128e+02 8.873725e-02 7.995495e-03 
9.110000e+01 2.050746e-01 1.170823e-02 1.273054e+00 1.051623e+04 2.384880e+03 6.093929e+01 3.373382e+03 1.050591e+04 6.503907e-03     0 2.488757e-03 2.012683e+01 1.208988e+02 8.843304e-02 7.510362e-03 
9.120000e+01 2.049255e-01 1.142745e-02 1.279001e+00 1.051986e+04 2.396375e+03 6.001739e+01 3.373382e+03 1.050591e+04 7.114058e-03     0 2.810193e-03 2.013065e+01 1.208848e+02 8.815007e-02 6.854778e-03 
9.130000e+01 2.045379e-01 1.110861e-02 1.285042e+00 1.052343e+04 2.407888e+03 5.909684e+01 3.373382e+03 1.050591e+04 7.300649e-03     0 3.098989e-03 2.013558e+01 1.208712e+02 8.789585e-02 6.092224e-03 
9.140000e+01 2.040424e-01 1.077660e-02 1.291096e+00 1.052693e+04 2.419419e+03 5.817711e+01 3.373382e+03 1.050591e+04 7.307215e-03     0 3.350784e-03 2.014178e+01 1.208578e+02 8.767239e-02 5.315021e-03 
9.150000e+01 2.035196e-01 1.045378e-02 1.297080e+00 1.053037e+04 2.430968e+03 5.725772e+01 3.430857e+03 1.051552e+04 7.239261e-03     0 3.564405e-03 2.014940e+01 1.208450e+02 8.747960e-02 4.612255e-03 
9.160000e+01 2.028544e-01 1.015480e-02 1.302943e+00 1.053375e+04 2.442533e+03 5.633825e+01 3.430857e+03 1.051552e+04 9.182751e-03     0 3.740395e-03 2.015856e+01 1.208326e+02 8.731713e-02 4.023268e-03 
9.170000e+01 2.017050e-01 9.880369e-03 1.308699e+00 1.053706e+04 2.454115e+03 5.541836e+01 3.430857e+03 1.051552e+04 9.763446e-03     0 3.878148e-03 2.016936e+01 1.208208e+02 8.718492e-02 3.493498e-03 
9.180000e+01 2.001623e-01 9.633308e-03 1.314351e+00 1.054032e+04 2.465714e+03 5.449779e+01 3.430857e+03 1.051552e+04 9.770456e-03     0 3.982626e-03 2.018191e+01 1.208096e+02 8.708126e-02 3.013630e-03 
9.190000e+01 1.984252e-01 9.419890e-03 1.319882e+00 1.054351e+04 2.477329e+03 5.357637e+01 3.430857e+03 1.051552e+04 9.523919e-03     0 4.062174e-03 2.019628e+01 1.207989e+02 8.700371e-02 2.610466e-03 
   92 1.966426e-01 9.245761e-03 1.325266e+00 1.054664e+04 2.488959e+03 5.265399e+01 3.488715e+03 1.052455e+04 9.168573e-03     0 4.122215e-03 2.021253e+01 1.207888e+02 8.694885e-02 2.317218e-03 
9.210000e+01 1.947605e-01 9.110885e-03 1.330498e+00 1.054971e+04 2.500605e+03 5.173060e+01 3.488715e+03 1.052455e+04 1.075262e-02     0 4.164603e-03 2.023073e+01 1.207792e+02 8.691300e-02 2.130111e-03 
9.220000e+01 1.924902e-01 9.004677e-03 1.335625e+00 1.055272e+04 2.512265e+03 5.080619e+01 3.488715e+03 1.052455e+04 1.102108e-02     0 4.189039e-03 2.025092e+01 1.207702e+02 8.689337e-02 1.966314e-03 
9.230000e+01 1.899484e-01 8.921428e-03 1.340675e+00 1.055566e+04 2.523940e+03 4.988082e+01 3.488715e+03 1.052455e+04 1.075068e-02     0 4.199985e-03 2.027313e+01 1.207617e+02 8.688726e-02 1.798290e-03 
9.240000e+01 1.873441e-01 8.861328e-03 1.345643e+00 1.055855e+04 2.535628e+03 4.895457e+01 3.488715e+03 1.052455e+04 1.025937e-02     0 4.204287e-03 2.029740e+01 1.207536e+02 8.689185e-02 1.643821e-03 
9.250000e+01 1.848274e-01 8.826366e-03 1.350510e+00 1.056138e+04 2.547330e+03 4.802755e+01 3.546928e+03 1.053302e+04 9.691772e-03     0 4.205764e-03 2.032375e+01 1.207460e+02 8.690396e-02 1.535287e-03 
9.260000e+01 1.823521e-01 8.815448e-03 1.355268e+00 1.056415e+04 2.559045e+03 4.709989e+01 3.546928e+03 1.053302e+04 1.090945e-02     0 4.204931e-03 2.035219e+01 1.207387e+02 8.692063e-02 1.477016e-03 
9.270000e+01 1.796502e-01 8.819766e-03 1.359954e+00 1.056687e+04 2.570773e+03 4.617173e+01 3.546928e+03 1.053302e+04 1.096553e-02     0 4.200384e-03 2.038274e+01 1.207319e+02 8.694006e-02 1.404366e-03 
9.280000e+01 1.768147e-01 8.835380e-03 1.364586e+00 1.056953e+04 2.582513e+03 4.524321e+01 3.546928e+03 1.053302e+04 1.056265e-02     0 4.194433e-03 2.041541e+01 1.207253e+02 8.696102e-02 1.303179e-03 
9.290000e+01 1.740195e-01 8.863616e-03 1.369151e+00 1.057213e+04 2.594265e+03 4.431450e+01 3.546928e+03 1.053302e+04 9.986206e-03     0 4.191220e-03 2.045020e+01 1.207191e+02 8.698236e-02 1.199284e-03 
   93 1.713841e-01 8.907317e-03 1.373626e+00 1.057467e+04 2.606028e+03 4.338575e+01 3.605460e+03 1.054098e+04 9.363751e-03     0 4.192426e-03 2.048713e+01 1.207132e+02 8.700269e-02 1.129774e-03 
9.310000e+01 1.688477e-01 8.966508e-03 1.377999e+00 1.057717e+04 2.617803e+03 4.245711e+01 3.605460e+03 1.054098e+04 1.043351e-02     0 4.197101e-03 2.052619e+01 1.207074e+02 8.702077e-02 1.103238e-03 
9.320000e+01 1.661449e-01 9.034350e-03 1.382303e+00 1.057961e+04 2.629587e+03 4.152872e+01 3.605460e+03 1.054098e+04 1.043003e-02     0 4.202834e-03 2.056739e+01 1.207020e+02 8.703628e-02 1.061737e-03 
9.330000e+01 1.633517e-01 9.108041e-03 1.386553e+00 1.058199e+04 2.641383e+03 4.060072e+01 3.605460e+03 1.054098e+04 1.000804e-02     0 4.210524e-03 2.061073e+01 1.206967e+02 8.704934e-02 9.931209e-04 
9.340000e+01 1.606225e-01 9.189157e-03 1.390739e+00 1.058433e+04 2.653188e+03 3.967324e+01 3.605460e+03 1.054098e+04 9.432148e-03     0 4.222736e-03 2.065621e+01 1.206916e+02 8.705996e-02 9.216441e-04 
9.350000e+01 1.580634e-01 9.280463e-03 1.394839e+00 1.058661e+04 2.665002e+03 3.874643e+01 3.664274e+03 1.054846e+04 8.819797e-03     0 4.240055e-03 2.070382e+01 1.206867e+02 8.706775e-02 8.814965e-04 
9.360000e+01 1.556125e-01 9.382214e-03 1.398843e+00 1.058885e+04 2.676826e+03 3.782040e+01 3.664274e+03 1.054846e+04 9.807214e-03     0 4.260974e-03 2.075356e+01 1.206819e+02 8.707230e-02 8.797804e-04 
9.370000e+01 1.530167e-01 9.488698e-03 1.402784e+00 1.059103e+04 2.688659e+03 3.689526e+01 3.664274e+03 1.054846e+04 9.787101e-03     0 4.282899e-03 2.080545e+01 1.206773e+02 8.707387e-02 8.610069e-04 
9.380000e+01 1.503458e-01 9.597725e-03 1.406676e+00 1.059316e+04 2.700500e+03 3.597111e+01 3.664274e+03 1.054846e+04 9.375670e-03     0 4.306196e-03 2.085946e+01 1.206728e+02 8.707303e-02 8.130970e-04 
9.390000e+01 1.477438e-01 9.710929e-03 1.410511e+00 1.059525e+04 2.712349e+03 3.504805e+01 3.664274e+03 1.054846e+04 8.821748e-03     0 4.332730e-03 2.091560e+01 1.206684e+02 8.707015e-02 7.586272e-04 
   94 1.453096e-01 9.830996e-03 1.414268e+00 1.059729e+04 2.724206e+03 3.412619e+01 3.723332e+03 1.055550e+04 8.235617e-03     0 4.362726e-03 2.097387e+01 1.206642e+02 8.706517e-02 7.298906e-04 
9.410000e+01 1.429839e-01 9.958459e-03 1.417938e+00 1.059929e+04 2.736071e+03 3.320561e+01 3.723332e+03 1.055550e+04 9.159348e-03     0 4.394681e-03 2.103426e+01 1.206600e+02 8.705794e-02 7.339573e-04 
9.420000e+01 1.405274e-01 1.008870e-02 1.421550e+00 1.060123e+04 2.747943e+03 3.228637e+01 3.723332e+03 1.055550e+04 9.134965e-03     0 4.426229e-03 2.109677e+01 1.206560e+02 8.704884e-02 7.191252e-04 
9.430000e+01 1.380049e-01 1.022016e-02 1.425119e+00 1.060314e+04 2.759822e+03 3.136856e+01 3.723332e+03 1.055550e+04 8.743109e-03     0 4.457606e-03 2.116139e+01 1.206521e+02 8.703849e-02 6.746981e-04 
9.440000e+01 1.355511e-01 1.035455e-02 1.428636e+00 1.060500e+04 2.771707e+03 3.045225e+01 3.723332e+03 1.055550e+04 8.218101e-03     0 4.490367e-03 2.122813e+01 1.206483e+02 8.702730e-02 6.226476e-04 
9.450000e+01 1.332583e-01 1.049448e-02 1.432080e+00 1.060681e+04 2.783599e+03 2.953750e+01 3.782602e+03 1.056215e+04 7.663664e-03     0 4.524681e-03 2.129698e+01 1.206446e+02 8.701529e-02 5.940429e-04 
9.460000e+01 1.310696e-01 1.064066e-02 1.435443e+00 1.060858e+04 2.795498e+03 2.862438e+01 3.782602e+03 1.056215e+04 8.538771e-03     0 4.559253e-03 2.136793e+01 1.206409e+02 8.700235e-02 5.960019e-04 
9.470000e+01 1.287577e-01 1.078928e-02 1.438752e+00 1.061032e+04 2.807402e+03 2.771293e+01 3.782602e+03 1.056215e+04 8.516991e-03     0 4.592075e-03 2.144098e+01 1.206374e+02 8.698879e-02 5.799475e-04 
9.480000e+01 1.263835e-01 1.093916e-02 1.442021e+00 1.061200e+04 2.819312e+03 2.680322e+01 3.782602e+03 1.056215e+04 8.147641e-03     0 4.623416e-03 2.151613e+01 1.206340e+02 8.697516e-02 5.359897e-04 
9.490000e+01 1.240740e-01 1.109194e-02 1.445240e+00 1.061365e+04 2.831227e+03 2.589529e+01 3.782602e+03 1.056215e+04 7.652332e-03     0 4.654690e-03 2.159337e+01 1.206306e+02 8.696179e-02 4.850558e-04 
   95 1.219163e-01 1.124998e-02 1.448390e+00 1.061526e+04 2.843148e+03 2.498919e+01 3.842052e+03 1.056846e+04 7.129120e-03     0 4.686112e-03 2.167269e+01 1.206274e+02 8.694864e-02 4.566110e-04 
9.510000e+01 1.198562e-01 1.141399e-02 1.451464e+00 1.061683e+04 2.855074e+03 2.408498e+01 3.842052e+03 1.056846e+04 7.960362e-03     0 4.716640e-03 2.175410e+01 1.206242e+02 8.693558e-02 4.573876e-04 
9.520000e+01 1.176786e-01 1.158072e-02 1.454487e+00 1.061837e+04 2.867004e+03 2.318269e+01 3.842052e+03 1.056846e+04 7.941554e-03     0 4.744632e-03 2.183758e+01 1.206212e+02 8.692279e-02 4.413342e-04 
9.530000e+01 1.154410e-01 1.174922e-02 1.457472e+00 1.061986e+04 2.878939e+03 2.228237e+01 3.842052e+03 1.056846e+04 7.593197e-03     0 4.770424e-03 2.192313e+01 1.206182e+02 8.691070e-02 3.990229e-04 
9.540000e+01 1.132638e-01 1.192095e-02 1.460410e+00 1.062132e+04 2.890879e+03 2.138406e+01 3.842052e+03 1.056846e+04 7.125278e-03     0 4.795330e-03 2.201075e+01 1.206154e+02 8.689952e-02 3.502190e-04 
9.550000e+01 1.112298e-01 1.209799e-02 1.463283e+00 1.062274e+04 2.902823e+03 2.048781e+01 3.901657e+03 1.057445e+04 6.630721e-03     0 4.819617e-03 2.210042e+01 1.206127e+02 8.688918e-02 3.227892e-04 
9.560000e+01 1.092875e-01 1.228095e-02 1.466083e+00 1.062412e+04 2.914771e+03 1.959366e+01 3.901657e+03 1.057445e+04 7.418908e-03     0 4.842459e-03 2.219215e+01 1.206100e+02 8.687946e-02 3.230926e-04 
9.570000e+01 1.072335e-01 1.246706e-02 1.468836e+00 1.062547e+04 2.926723e+03 1.870165e+01 3.901657e+03 1.057445e+04 7.401801e-03     0 4.862531e-03 2.228592e+01 1.206075e+02 8.687048e-02 3.075161e-04 
9.580000e+01 1.051223e-01 1.265551e-02 1.471554e+00 1.062678e+04 2.938679e+03 1.781182e+01 3.901657e+03 1.057445e+04 7.072445e-03     0 4.880213e-03 2.238173e+01 1.206050e+02 8.686252e-02 2.671221e-04 
9.590000e+01 1.030680e-01 1.284757e-02 1.474227e+00 1.062807e+04 2.950638e+03 1.692422e+01 3.901657e+03 1.057445e+04 6.629754e-03     0 4.896707e-03 2.247956e+01 1.206027e+02 8.685573e-02 2.206207e-04 
   96 1.011489e-01 1.304504e-02 1.476838e+00 1.062931e+04 2.962601e+03 1.603889e+01 3.961393e+03 1.058018e+04 6.161753e-03     0 4.912300e-03 2.257942e+01 1.206004e+02 8.685001e-02 1.944003e-04 
9.610000e+01 9.931657e-02 1.324843e-02 1.479381e+00 1.063053e+04 2.974567e+03 1.515588e+01 3.961393e+03 1.058018e+04 6.908124e-03     0 4.926336e-03 2.268130e+01 1.205983e+02 8.684510e-02 1.944951e-04 
9.620000e+01 9.737834e-02 1.345535e-02 1.481880e+00 1.063171e+04 2.986536e+03 1.427522e+01 3.961393e+03 1.058018e+04 6.892048e-03     0 4.937739e-03 2.278518e+01 1.205963e+02 8.684104e-02 1.796337e-04 
9.630000e+01 9.538589e-02 1.366512e-02 1.484344e+00 1.063286e+04 2.998508e+03 1.339695e+01 3.961393e+03 1.058018e+04 6.580331e-03     0 4.946900e-03 2.289107e+01 1.205943e+02 8.683805e-02 1.413526e-04 
9.640000e+01 9.344726e-02 1.387881e-02 1.486767e+00 1.063398e+04 3.010483e+03 1.252113e+01 3.961393e+03 1.058018e+04 6.161299e-03     0 4.954896e-03 2.299894e+01 1.205925e+02 8.683622e-02 9.735362e-05 
9.650000e+01 9.163652e-02 1.409795e-02 1.489131e+00 1.063507e+04 3.022461e+03 1.164780e+01 4.021240e+03 1.058566e+04 5.718286e-03     0 4.962005e-03 2.310879e+01 1.205907e+02 8.683544e-02 7.260529e-05 
9.660000e+01 8.990787e-02 1.432295e-02 1.491431e+00 1.063613e+04 3.034442e+03 1.077700e+01 4.021240e+03 1.058566e+04 6.424275e-03     0 4.967694e-03 2.322062e+01 1.205891e+02 8.683544e-02 7.281915e-05 
9.670000e+01 8.807910e-02 1.455178e-02 1.493689e+00 1.063717e+04 3.046425e+03 9.908781e+00 4.021240e+03 1.058566e+04 6.408862e-03     0 4.971085e-03 2.333441e+01 1.205876e+02 8.683622e-02 5.894653e-05 
9.680000e+01 8.619913e-02 1.478380e-02 1.495915e+00 1.063817e+04 3.058411e+03 9.043184e+00 4.021240e+03 1.058566e+04 6.113741e-03     0 4.972552e-03 2.345015e+01 1.205861e+02 8.683794e-02 2.296732e-05 
9.690000e+01 8.437014e-02 1.501994e-02 1.498101e+00 1.063914e+04 3.070399e+03 8.180261e+00 4.021240e+03 1.058566e+04 5.717104e-03     0 4.973042e-03 2.356784e+01 1.205848e+02 8.684069e-02 -1.838720e-05 
   97 8.266217e-02 1.526148e-02 1.500233e+00 1.064009e+04 3.082389e+03 7.320057e+00 4.081180e+03 1.059094e+04 5.297793e-03     0 4.972803e-03 2.368746e+01 1.205835e+02 8.684433e-02 -4.151008e-05 
9.710000e+01 8.103194e-02 1.550875e-02 1.502303e+00 1.064101e+04 3.094381e+03 6.462620e+00 4.081180e+03 1.059094e+04 5.964824e-03     0 4.971393e-03 2.380901e+01 1.205823e+02 8.684862e-02 -4.099946e-05 
9.720000e+01 7.930728e-02 1.575998e-02 1.504334e+00 1.064191e+04 3.106376e+03 5.607998e+00 4.081180e+03 1.059094e+04 5.949848e-03     0 4.968088e-03 2.393247e+01 1.205813e+02 8.685353e-02 -5.377429e-05 
9.730000e+01 7.753442e-02 1.601464e-02 1.506334e+00 1.064278e+04 3.118372e+03 4.756237e+00 4.081180e+03 1.059094e+04 5.670476e-03     0 4.963234e-03 2.405784e+01 1.205803e+02 8.685919e-02 -8.742518e-05 
9.740000e+01 7.580990e-02 1.627348e-02 1.508297e+00 1.064362e+04 3.130371e+03 3.907388e+00 4.081180e+03 1.059094e+04 5.295174e-03     0 4.957645e-03 2.418509e+01 1.205794e+02 8.686568e-02 -1.261448e-04 
9.750000e+01 7.419991e-02 1.653758e-02 1.510209e+00 1.064444e+04 3.142371e+03 3.061502e+00 4.141199e+03 1.059604e+04 4.898476e-03     0 4.951530e-03 2.431423e+01 1.205786e+02 8.687286e-02 -1.476257e-04 
9.760000e+01 7.266359e-02 1.680719e-02 1.512063e+00 1.064524e+04 3.154373e+03 2.218626e+00 4.141199e+03 1.059604e+04 5.528021e-03     0 4.944515e-03 2.444525e+01 1.205778e+02 8.688054e-02 -1.467595e-04 
9.770000e+01 7.103833e-02 1.708080e-02 1.513879e+00 1.064601e+04 3.166377e+03 1.378809e+00 4.141199e+03 1.059604e+04 5.513376e-03     0 4.936002e-03 2.457812e+01 1.205772e+02 8.688864e-02 -1.584218e-04 
9.780000e+01 6.936781e-02 1.735796e-02 1.515667e+00 1.064676e+04 3.178382e+03 5.421005e-01 4.141199e+03 1.059604e+04 5.249040e-03     0 4.926300e-03 2.471284e+01 1.205766e+02 8.689730e-02 -1.897879e-04 
9.790000e+01 6.774316e-02 1.763927e-02 1.517420e+00 1.064748e+04 3.190389e+03     0 4.141199e+03 1.059604e+04 4.894149e-03     0 4.916868e-03 2.484220e+01 1.205761e+02 8.690659e-02 -2.259334e-04 
   98 6.622684e-02 1.792381e-02 1.519124e+00 1.064819e+04 3.202397e+03     0 4.201283e+03 1.060099e+04 4.519099e-03     0 4.973200e-03 2.489975e+01 1.205753e+02 8.691460e-02 -2.457936e-04 
9.810000e+01 6.478027e-02 1.819694e-02 1.520773e+00 1.064887e+04 3.214407e+03     0 4.201283e+03 1.060099e+04 5.112603e-03     0 5.157520e-03 2.495450e+01 1.205741e+02 8.690659e-02 -2.445200e-04 
9.820000e+01 6.324999e-02 1.843183e-02 1.522383e+00 1.064953e+04 3.226418e+03     0 4.201283e+03 1.060099e+04 5.098219e-03     0 5.315076e-03 2.501118e+01 1.205724e+02 8.686183e-02 -2.549628e-04 
9.830000e+01 6.167713e-02 1.862477e-02 1.523964e+00 1.065017e+04 3.238430e+03     0 4.201283e+03 1.060099e+04 4.848243e-03     0 5.433953e-03 2.506959e+01 1.205704e+02 8.678395e-02 -2.838243e-04 
9.840000e+01 6.014759e-02 1.878813e-02 1.525510e+00 1.065079e+04 3.250443e+03     0 4.201283e+03 1.060099e+04 4.512838e-03     0 5.549854e-03 2.512959e+01 1.205680e+02 8.668908e-02 -3.170095e-04 
9.850000e+01 5.872020e-02 1.893415e-02 1.527009e+00 1.065140e+04 3.262457e+03     0 4.261419e+03 1.060583e+04 4.158417e-03     0 5.677745e-03 2.519101e+01 1.205655e+02 8.659006e-02 -3.347008e-04 
9.860000e+01 5.735888e-02 1.906879e-02 1.528456e+00 1.065198e+04 3.274472e+03     0 4.261419e+03 1.060583e+04 4.714292e-03     0 5.810021e-03 2.525373e+01 1.205629e+02 8.649249e-02 -3.323660e-04 
9.870000e+01 5.591961e-02 1.919329e-02 1.529869e+00 1.065254e+04 3.286488e+03     0 4.261419e+03 1.060583e+04 4.698985e-03     0 5.935606e-03 2.531762e+01 1.205602e+02 8.639827e-02 -3.409154e-04 
9.880000e+01 5.444108e-02 1.930906e-02 1.531257e+00 1.065309e+04 3.298504e+03     0 4.261419e+03 1.060583e+04 4.462428e-03     0 6.050037e-03 2.538256e+01 1.205574e+02 8.630872e-02 -3.667562e-04 
9.890000e+01 5.300396e-02 1.941854e-02 1.532613e+00 1.065361e+04 3.310522e+03     0 4.261419e+03 1.060583e+04 4.145760e-03     0 6.153685e-03 2.544846e+01 1.205546e+02 8.622525e-02 -3.967567e-04 
   99 5.166348e-02 1.952429e-02 1.533927e+00 1.065412e+04 3.322539e+03     0 4.321591e+03 1.061058e+04 3.811387e-03     0 6.247488e-03 2.551522e+01 1.205518e+02 8.614882e-02 -4.123636e-04 
9.910000e+01 5.038576e-02 1.962800e-02 1.535192e+00 1.065462e+04 3.334558e+03     0 4.321591e+03 1.061058e+04 4.331756e-03     0 6.331502e-03 2.558277e+01 1.205491e+02 8.607981e-02 -4.093133e-04 
9.920000e+01 4.903572e-02 1.972992e-02 1.536426e+00 1.065509e+04 3.346577e+03     0 4.321591e+03 1.061058e+04 4.316099e-03     0 6.405397e-03 2.565103e+01 1.205465e+02 8.601822e-02 -4.165686e-04 
9.930000e+01 4.764958e-02 1.983068e-02 1.537636e+00 1.065555e+04 3.358596e+03     0 4.321591e+03 1.061058e+04 4.092934e-03     0 6.469571e-03 2.571993e+01 1.205439e+02 8.596394e-02 -4.401372e-04 
9.940000e+01 4.630293e-02 1.993137e-02 1.538818e+00 1.065600e+04 3.370616e+03     0 4.321591e+03 1.061058e+04 3.794741e-03     0 6.524903e-03 2.578941e+01 1.205415e+02 8.591673e-02 -4.676996e-04 
9.950000e+01 4.504747e-02 2.003307e-02 1.539960e+00 1.065643e+04 3.382636e+03     0 4.381788e+03 1.061525e+04 3.480078e-03     0 6.572119e-03 2.585942e+01 1.205391e+02 8.587616e-02 -4.818396e-04 
9.960000e+01 4.385129e-02 2.013639e-02 1.541057e+00 1.065685e+04 3.394657e+03     0 4.381788e+03 1.061525e+04 3.969156e-03     0 6.611701e-03 2.592990e+01 1.205369e+02 8.584167e-02 -4.785524e-04 
9.970000e+01 4.258743e-02 2.024101e-02 1.542124e+00 1.065725e+04 3.406678e+03     0 4.381788e+03 1.061525e+04 3.954351e-03     0 6.644059e-03 2.600081e+01 1.205348e+02 8.581273e-02 -4.850466e-04 
9.980000e+01 4.128989e-02 2.034701e-02 1.543170e+00 1.065764e+04 3.418699e+03     0 4.381788e+03 1.061525e+04 3.744529e-03     0 6.670018e-03 2.607211e+01 1.205329e+02 8.578894e-02 -5.069716e-04 
9.990000e+01 4.002963e-02 2.045494e-02 1.544190e+00 1.065801e+04 3.430721e+03     0 4.381788e+03 1.061525e+04 3.464229e-03     0 6.690525e-03 2.614376e+01 1.205311e+02 8.576985e-02 -5.327453e-04 
  100 3.885515e-02 2.056536e-02 1.545171e+00 1.065837e+04 3.442743e+03     0 4.442001e+03 1.061987e+04 3.168483e-03     0 6.706243e-03 2.621573e+01 1.205294e+02 8.575497e-02 -5.459836e-04 
1.001000e+02 3.773646e-02 2.067850e-02 1.546111e+00 1.065872e+04 3.454765e+03     0 4.442001e+03 1.061987e+04 3.628245e-03     0 6.717585e-03 2.628799e+01 1.205279e+02 8.574373e-02 -5.428949e-04 
1.002000e+02 3.655439e-02 2.079385e-02 1.547024e+00 1.065906e+04 3.466788e+03     0 4.442001e+03 1.061987e+04 3.614418e-03     0 6.724898e-03 2.636051e+01 1.205265e+02 8.573564e-02 -5.490197e-04 
1.003000e+02 3.534085e-02 2.091130e-02 1.547916e+00 1.065938e+04 3.478811e+03     0 4.442001e+03 1.061987e+04 3.417335e-03     0 6.728835e-03 2.643327e+01 1.205253e+02 8.573038e-02 -5.696521e-04 
1.004000e+02 3.416241e-02 2.103111e-02 1.548783e+00 1.065969e+04 3.490834e+03     0 4.442001e+03 1.061987e+04 3.154049e-03     0 6.730108e-03 2.650624e+01 1.205242e+02 8.572762e-02 -5.938978e-04 
1.005000e+02 3.306457e-02 2.115359e-02 1.549615e+00 1.065999e+04 3.502857e+03     0 4.502226e+03 1.062446e+04 2.876263e-03     0 6.729171e-03 2.657940e+01 1.205232e+02 8.572699e-02 -6.063522e-04 
1.006000e+02 3.201919e-02 2.127877e-02 1.550408e+00 1.066028e+04 3.514881e+03     0 4.502226e+03 1.062446e+04 3.307921e-03     0 6.726266e-03 2.665274e+01 1.205223e+02 8.572808e-02 -6.034377e-04 
1.007000e+02 3.091460e-02 2.140615e-02 1.551175e+00 1.066056e+04 3.526905e+03     0 4.502226e+03 1.062446e+04 3.294914e-03     0 6.721591e-03 2.672623e+01 1.205216e+02 8.573055e-02 -6.091264e-04 
1.008000e+02 2.978073e-02 2.153554e-02 1.551923e+00 1.066083e+04 3.538929e+03     0 4.502226e+03 1.062446e+04 3.109895e-03     0 6.715584e-03 2.679987e+01 1.205209e+02 8.573420e-02 -6.283925e-04 
1.009000e+02 2.867996e-02 2.166706e-02 1.552647e+00 1.066109e+04 3.550954e+03     0 4.502226e+03 1.062446e+04 2.862767e-03     0 6.708714e-03 2.687364e+01 1.205204e+02 8.573884e-02 -6.510179e-04 
  101 2.765487e-02 2.180087e-02 1.553339e+00 1.066135e+04 3.562979e+03     0 4.562457e+03 1.062904e+04 2.602057e-03     0 6.701238e-03 2.694752e+01 1.205200e+02 8.574426e-02 -6.625543e-04 
1.011000e+02 2.667917e-02 2.193693e-02 1.553993e+00 1.066159e+04 3.575004e+03     0 4.562457e+03 1.062904e+04 3.006489e-03     0 6.693251e-03 2.702152e+01 1.205196e+02 8.575020e-02 -6.596449e-04 
1.012000e+02 2.564847e-02 2.207478e-02 1.554624e+00 1.066182e+04 3.587029e+03     0 4.562457e+03 1.062904e+04 2.994118e-03     0 6.684827e-03 2.709560e+01 1.205194e+02 8.575642e-02 -6.647677e-04 
1.013000e+02 2.459082e-02 2.221423e-02 1.555237e+00 1.066204e+04 3.599054e+03     0 4.562457e+03 1.062904e+04 2.820598e-03     0 6.676237e-03 2.716978e+01 1.205192e+02 8.576285e-02 -6.825971e-04 
1.014000e+02 2.356453e-02 2.235533e-02 1.555827e+00 1.066226e+04 3.611080e+03     0 4.562457e+03 1.062904e+04 2.588960e-03     0 6.667760e-03 2.724403e+01 1.205191e+02 8.576943e-02 -7.035717e-04 
1.015000e+02 2.260930e-02 2.249816e-02 1.556387e+00 1.066247e+04 3.623106e+03     0 4.622690e+03 1.063362e+04 2.344662e-03     0 6.659510e-03 2.731836e+01 1.205191e+02 8.577602e-02 -7.141673e-04 
1.016000e+02 2.170064e-02 2.264266e-02 1.556912e+00 1.066267e+04 3.635132e+03     0 4.622690e+03 1.063362e+04 2.722820e-03     0 6.651481e-03 2.739274e+01 1.205191e+02 8.578249e-02 -7.112423e-04 
1.017000e+02 2.074138e-02 2.278844e-02 1.557415e+00 1.066286e+04 3.647159e+03     0 4.622690e+03 1.063362e+04 2.711093e-03     0 6.643675e-03 2.746719e+01 1.205193e+02 8.578869e-02 -7.158349e-04 
1.018000e+02 1.975775e-02 2.293536e-02 1.557901e+00 1.066305e+04 3.659185e+03     0 4.622690e+03 1.063362e+04 2.548767e-03     0 6.636243e-03 2.754169e+01 1.205194e+02 8.579464e-02 -7.323296e-04 
1.019000e+02 1.880404e-02 2.308342e-02 1.558366e+00 1.066323e+04 3.671212e+03     0 4.622690e+03 1.063362e+04 2.332242e-03     0 6.629339e-03 2.761624e+01 1.205196e+02 8.580032e-02 -7.517979e-04 
  102 1.791709e-02 2.323267e-02 1.558803e+00 1.066341e+04 3.683239e+03     0 4.682922e+03 1.063821e+04 2.104005e-03     0 6.622982e-03 2.769083e+01 1.205199e+02 8.580569e-02 -7.616092e-04 
1.021000e+02 1.707418e-02 2.338304e-02 1.559207e+00 1.066358e+04 3.695267e+03     0 4.682922e+03 1.063821e+04 2.457130e-03     0 6.617112e-03 2.776546e+01 1.205202e+02 8.581067e-02 -7.588315e-04 
1.022000e+02 1.618547e-02 2.353424e-02 1.559590e+00 1.066374e+04 3.707294e+03     0 4.682922e+03 1.063821e+04 2.446391e-03     0 6.611696e-03 2.784012e+01 1.205206e+02 8.581520e-02 -7.631177e-04 
1.023000e+02 1.527551e-02 2.368616e-02 1.559958e+00 1.066390e+04 3.719322e+03     0 4.682922e+03 1.063821e+04 2.295349e-03     0 6.606816e-03 2.791482e+01 1.205209e+02 8.581930e-02 -7.785757e-04 
1.024000e+02 1.439460e-02 2.383880e-02 1.560306e+00 1.066405e+04 3.731350e+03     0 4.682922e+03 1.063821e+04 2.094024e-03     0 6.602542e-03 2.798954e+01 1.205213e+02 8.582301e-02 -7.968943e-04 
1.025000e+02 1.357665e-02 2.399218e-02 1.560628e+00 1.066420e+04 3.743378e+03     0 4.743150e+03 1.064284e+04 1.882019e-03     0 6.598841e-03 2.806429e+01 1.205218e+02 8.582634e-02 -8.063146e-04 
1.026000e+02 1.280082e-02 2.414625e-02 1.560919e+00 1.066434e+04 3.755406e+03     0 4.743150e+03 1.064284e+04 2.211899e-03     0 6.595633e-03 2.813907e+01 1.205222e+02 8.582924e-02 -8.041190e-04 
1.027000e+02 1.198523e-02 2.430080e-02 1.561191e+00 1.066448e+04 3.767435e+03     0 4.743150e+03 1.064284e+04 2.203182e-03     0 6.592877e-03 2.821386e+01 1.205227e+02 8.583168e-02 -8.086361e-04 
1.028000e+02 1.115319e-02 2.445576e-02 1.561448e+00 1.066461e+04 3.779464e+03     0 4.743150e+03 1.064284e+04 2.064424e-03     0 6.590619e-03 2.828868e+01 1.205232e+02 8.583370e-02 -8.237234e-04 
1.029000e+02 1.035107e-02 2.461113e-02 1.561687e+00 1.066475e+04 3.791493e+03     0 4.743150e+03 1.064284e+04 1.879564e-03     0 6.588877e-03 2.836351e+01 1.205238e+02 8.583537e-02 -8.416910e-04 
  103 9.609761e-03 2.476692e-02 1.561901e+00 1.066487e+04 3.803522e+03     0 4.803371e+03 1.064750e+04 1.685423e-03     0 6.587597e-03 2.843836e+01 1.205243e+02 8.583671e-02 -8.516585e-04 
1.031000e+02 8.910839e-03 2.492308e-02 1.562088e+00 1.066500e+04 3.815551e+03     0 4.803371e+03 1.064750e+04 1.995570e-03     0 6.586697e-03 2.851323e+01 1.205249e+02 8.583769e-02 -8.511593e-04 
1.032000e+02 8.183203e-03 2.507948e-02 1.562256e+00 1.066512e+04 3.827581e+03     0 4.803371e+03 1.064750e+04 1.992220e-03     0 6.586148e-03 2.858810e+01 1.205254e+02 8.583829e-02 -8.572950e-04 
1.033000e+02 7.450849e-03 2.523610e-02 1.562410e+00 1.066524e+04 3.839611e+03     0 4.803371e+03 1.064750e+04 1.870020e-03     0 6.585976e-03 2.866299e+01 1.205260e+02 8.583856e-02 -8.737518e-04 
1.034000e+02 6.757434e-03 2.539292e-02 1.562548e+00 1.066536e+04 3.851641e+03     0 4.803371e+03 1.064750e+04 1.707466e-03     0 6.586174e-03 2.873789e+01 1.205266e+02 8.583857e-02 -8.935545e-04 
1.035000e+02 6.131649e-03 2.554995e-02 1.562663e+00 1.066547e+04 3.863671e+03     0 4.863583e+03 1.065221e+04 1.538987e-03     0 6.586679e-03 2.881280e+01 1.205272e+02 8.583834e-02 -9.068401e-04 
1.036000e+02 5.561474e-03 2.570714e-02 1.562752e+00 1.066559e+04 3.875701e+03     0 4.863583e+03 1.065221e+04 1.841084e-03     0 6.587424e-03 2.888772e+01 1.205278e+02 8.583786e-02 -9.116082e-04 
1.037000e+02 5.001227e-03 2.586445e-02 1.562825e+00 1.066570e+04 3.887732e+03     0 4.863583e+03 1.065221e+04 1.858062e-03     0 6.588395e-03 2.896264e+01 1.205284e+02 8.583710e-02 -9.240596e-04 
1.038000e+02 4.489289e-03 2.602185e-02 1.562886e+00 1.066581e+04 3.899763e+03     0 4.863583e+03 1.065221e+04 1.774281e-03     0 6.589616e-03 2.903757e+01 1.205290e+02 8.583612e-02 -9.481405e-04 
1.039000e+02 4.078160e-03 2.617934e-02 1.562932e+00 1.066592e+04 3.911794e+03     0 4.863583e+03 1.065221e+04 1.666100e-03     0 6.591066e-03 2.911251e+01 1.205297e+02 8.583496e-02 -9.782640e-04 
  104 3.802388e-03 2.633693e-02 1.562959e+00 1.066602e+04 3.923825e+03     0 4.923784e+03 1.065698e+04 1.568326e-03     0 6.592686e-03 2.918746e+01 1.205303e+02 8.583365e-02 -1.006623e-03 
1.041000e+02 3.673097e-03 2.649457e-02 1.562964e+00 1.066613e+04 3.935856e+03     0 4.923784e+03 1.065698e+04 1.925276e-03     0 6.594426e-03 2.926241e+01 1.205309e+02 8.583218e-02 -1.033146e-03 
1.042000e+02 -3.712325e-03 2.665228e-02 1.562956e+00 1.066624e+04 3.947888e+03     0 4.923784e+03 1.065698e+04 1.238928e-03     0 6.596173e-03 2.933736e+01 1.205316e+02 8.583052e-02 -1.072154e-03 
1.043000e+02 -3.880538e-03 2.681003e-02 1.562914e+00 1.066634e+04 3.959919e+03     0 4.923784e+03 1.065698e+04 6.043103e-04     0 6.598236e-03 2.941232e+01 1.205322e+02 8.582892e-02 -1.084856e-03 
1.044000e+02 -4.053142e-03 2.696769e-02 1.562810e+00 1.066645e+04 3.971951e+03     0 4.923784e+03 1.065698e+04 3.364312e-04     0 6.600176e-03 2.948728e+01 1.205328e+02 8.582740e-02 -1.031993e-03 
1.045000e+02 -4.191397e-03 2.712519e-02 1.562640e+00 1.066656e+04 3.983983e+03     0 4.983972e+03 1.066182e+04 2.065157e-04     0 6.601870e-03 2.956225e+01 1.205335e+02 8.582586e-02 -9.120471e-04 
1.046000e+02 -4.318498e-03 2.728256e-02 1.562419e+00 1.066666e+04 3.996015e+03     0 4.983972e+03 1.066182e+04 5.082986e-04     0 6.603498e-03 2.963722e+01 1.205341e+02 8.582426e-02 -7.476843e-04 
1.047000e+02 -4.486569e-03 2.743991e-02 1.562178e+00 1.066677e+04 4.008048e+03     0 4.983972e+03 1.066182e+04 5.877009e-04     0 6.605289e-03 2.971219e+01 1.205348e+02 8.582257e-02 -5.808629e-04 
1.048000e+02 -4.702362e-03 2.759734e-02 1.561946e+00 1.066688e+04 4.020080e+03     0 4.983972e+03 1.066182e+04 5.775002e-04     0 6.607309e-03 2.978717e+01 1.205354e+02 8.582085e-02 -4.403187e-04 
1.049000e+02 -4.948757e-03 2.775485e-02 1.561739e+00 1.066699e+04 4.032113e+03     0 4.983972e+03 1.066182e+04 5.284629e-04     0 6.609454e-03 2.986214e+01 1.205361e+02 8.581909e-02 -3.395905e-04 
  105 -5.203639e-03 2.791246e-02 1.561563e+00 1.066710e+04 4.044146e+03     0 5.044146e+03 1.066673e+04 4.625531e-04     0 6.611625e-03 2.993712e+01 1.205367e+02 8.581724e-02 -2.812405e-04 
1.051000e+02 -5.464141e-03 2.807019e-02 1.561419e+00 1.066721e+04 4.056179e+03     0 5.044146e+03 1.066673e+04 7.020164e-04     0 6.613810e-03 3.001210e+01 1.205374e+02 8.581531e-02 -2.646559e-04 
1.052000e+02 -5.758366e-03 2.822808e-02 1.561309e+00 1.066732e+04 4.068212e+03     0 5.044146e+03 1.066673e+04 7.386094e-04     0 6.616055e-03 3.008709e+01 1.205380e+02 8.581328e-02 -2.947155e-04 
1.053000e+02 -6.072427e-03 2.838615e-02 1.561228e+00 1.066744e+04 4.080245e+03     0 5.044146e+03 1.066673e+04 6.960766e-04     0 6.618381e-03 3.016207e+01 1.205387e+02 8.581116e-02 -3.634997e-04 
1.054000e+02 -6.381941e-03 2.854438e-02 1.561162e+00 1.066755e+04 4.092279e+03     0 5.044146e+03 1.066673e+04 6.237027e-04     0 6.620780e-03 3.023706e+01 1.205393e+02 8.580899e-02 -4.543565e-04 
1.055000e+02 -6.670415e-03 2.870270e-02 1.561095e+00 1.066767e+04 4.104313e+03     0 5.104304e+03 1.067171e+04 5.427171e-04     0 6.623237e-03 3.031205e+01 1.205400e+02 8.580679e-02 -5.487627e-04 
1.056000e+02 -6.953487e-03 2.886105e-02 1.561015e+00 1.066779e+04 4.116346e+03     0 5.104304e+03 1.067171e+04 8.355554e-04     0 6.625733e-03 3.038704e+01 1.205406e+02 8.580454e-02 -6.357510e-04 
1.057000e+02 -7.285463e-03 2.901942e-02 1.560922e+00 1.066791e+04 4.128380e+03     0 5.104304e+03 1.067171e+04 8.873411e-04     0 6.628268e-03 3.046203e+01 1.205412e+02 8.580224e-02 -7.208766e-04 
1.058000e+02 -7.657043e-03 2.917781e-02 1.560813e+00 1.066803e+04 4.140415e+03     0 5.104304e+03 1.067171e+04 8.428120e-04     0 6.630837e-03 3.053702e+01 1.205419e+02 8.579990e-02 -8.018215e-04 
1.059000e+02 -8.041363e-03 2.933616e-02 1.560680e+00 1.066815e+04 4.152449e+03     0 5.104304e+03 1.067171e+04 7.591722e-04     0 6.633406e-03 3.061201e+01 1.205425e+02 8.579754e-02 -8.704749e-04 
  106 -8.418176e-03 2.949442e-02 1.560519e+00 1.066828e+04 4.164483e+03     0 5.164447e+03 1.067678e+04 6.611252e-04     0 6.635933e-03 3.068700e+01 1.205432e+02 8.579520e-02 -9.184944e-04 
1.061000e+02 -8.799803e-03 2.965255e-02 1.560326e+00 1.066841e+04 4.176518e+03     0 5.164447e+03 1.067678e+04 9.264300e-04     0 6.638390e-03 3.076199e+01 1.205438e+02 8.579287e-02 -9.452387e-04 
1.062000e+02 -9.237627e-03 2.981062e-02 1.560110e+00 1.066854e+04 4.188553e+03     0 5.164447e+03 1.067678e+04 9.520056e-04     0 6.640808e-03 3.083699e+01 1.205444e+02 8.579052e-02 -9.654081e-04 
1.063000e+02 -9.715291e-03 2.996867e-02 1.559876e+00 1.066867e+04 4.200588e+03     0 5.164447e+03 1.067678e+04 8.812325e-04     0 6.643204e-03 3.091198e+01 1.205451e+02 8.578819e-02 -9.842128e-04 
1.064000e+02 -1.019917e-02 3.012669e-02 1.559625e+00 1.066881e+04 4.212623e+03     0 5.164447e+03 1.067678e+04 7.719388e-04     0 6.645541e-03 3.098698e+01 1.205457e+02 8.578590e-02 -9.989667e-04 
1.065000e+02 -1.066415e-02 3.028464e-02 1.559352e+00 1.066894e+04 4.224658e+03     0 5.224574e+03 1.068192e+04 6.499493e-04     0 6.647774e-03 3.106197e+01 1.205464e+02 8.578368e-02 -1.004497e-03 
1.066000e+02 -1.111701e-02 3.044251e-02 1.559059e+00 1.066909e+04 4.236693e+03     0 5.224574e+03 1.068192e+04 8.408678e-04     0 6.649892e-03 3.113697e+01 1.205470e+02 8.578152e-02 -1.000527e-03 
1.067000e+02 -1.160132e-02 3.060036e-02 1.558752e+00 1.066923e+04 4.248729e+03     0 5.224574e+03 1.068192e+04 8.301526e-04     0 6.651950e-03 3.121196e+01 1.205476e+02 8.577937e-02 -9.987663e-04 
1.068000e+02 -1.210193e-02 3.075825e-02 1.558435e+00 1.066938e+04 4.260764e+03     0 5.224574e+03 1.068192e+04 7.409477e-04     0 6.653972e-03 3.128696e+01 1.205483e+02 8.577726e-02 -1.002151e-03 
1.069000e+02 -1.259015e-02 3.091615e-02 1.558106e+00 1.066953e+04 4.272800e+03     0 5.224574e+03 1.068192e+04 6.229866e-04     0 6.655921e-03 3.136196e+01 1.205489e+02 8.577521e-02 -1.006611e-03 
  107 -1.304598e-02 3.107402e-02 1.557762e+00 1.066968e+04 4.284836e+03     0 5.284683e+03 1.068716e+04 4.983127e-04     0 6.657761e-03 3.143696e+01 1.205495e+02 8.577323e-02 -1.006013e-03 
1.071000e+02 -1.347830e-02 3.123183e-02 1.557401e+00 1.066984e+04 4.296872e+03     0 5.284683e+03 1.068716e+04 6.515854e-04     0 6.659498e-03 3.151195e+01 1.205502e+02 8.577130e-02 -9.987820e-04 
1.072000e+02 -1.392854e-02 3.138966e-02 1.557029e+00 1.067000e+04 4.308908e+03     0 5.284683e+03 1.068716e+04 6.312773e-04     0 6.661190e-03 3.158695e+01 1.205508e+02 8.576940e-02 -9.941821e-04 
1.073000e+02 -1.438527e-02 3.154755e-02 1.556648e+00 1.067017e+04 4.320944e+03     0 5.284683e+03 1.068716e+04 5.446298e-04     0 6.662858e-03 3.166195e+01 1.205514e+02 8.576754e-02 -9.941404e-04 
1.074000e+02 -1.482482e-02 3.170546e-02 1.556257e+00 1.067034e+04 4.332981e+03     0 5.284683e+03 1.068716e+04 4.347418e-04     0 6.664467e-03 3.173695e+01 1.205521e+02 8.576573e-02 -9.947551e-04 
1.075000e+02 -1.523103e-02 3.186336e-02 1.555852e+00 1.067051e+04 4.345017e+03     0 5.344776e+03 1.069248e+04 3.205393e-04     0 6.665988e-03 3.181194e+01 1.205527e+02 8.576398e-02 -9.905679e-04 
1.076000e+02 -1.561323e-02 3.202122e-02 1.555433e+00 1.067069e+04 4.357053e+03     0 5.344776e+03 1.069248e+04 4.545516e-04     0 6.667430e-03 3.188694e+01 1.205533e+02 8.576228e-02 -9.803401e-04 
1.077000e+02 -1.600951e-02 3.217913e-02 1.555003e+00 1.067087e+04 4.369090e+03     0 5.344776e+03 1.069248e+04 4.350793e-04     0 6.668855e-03 3.196194e+01 1.205540e+02 8.576059e-02 -9.725460e-04 
1.078000e+02 -1.641011e-02 3.233711e-02 1.554567e+00 1.067106e+04 4.381127e+03     0 5.344776e+03 1.069248e+04 3.571813e-04     0 6.670280e-03 3.203694e+01 1.205546e+02 8.575893e-02 -9.691386e-04 
1.079000e+02 -1.679414e-02 3.249515e-02 1.554122e+00 1.067125e+04 4.393164e+03     0 5.344776e+03 1.069248e+04 2.590391e-04     0 6.671671e-03 3.211194e+01 1.205552e+02 8.575731e-02 -9.668416e-04 
  108 -1.714737e-02 3.265319e-02 1.553666e+00 1.067145e+04 4.405200e+03     0 5.404851e+03 1.069789e+04 1.574081e-04     0 6.673003e-03 3.218694e+01 1.205559e+02 8.575572e-02 -9.609220e-04 
1.081000e+02 -1.747830e-02 3.281122e-02 1.553198e+00 1.067166e+04 4.417237e+03     0 5.404851e+03 1.069789e+04 2.758029e-04     0 6.674290e-03 3.226194e+01 1.205565e+02 8.575417e-02 -9.503069e-04 
1.082000e+02 -1.782096e-02 3.296931e-02 1.552722e+00 1.067186e+04 4.429274e+03     0 5.404851e+03 1.069789e+04 2.585880e-04     0 6.675590e-03 3.233694e+01 1.205571e+02 8.575261e-02 -9.424586e-04 
1.083000e+02 -1.816676e-02 3.312751e-02 1.552241e+00 1.067208e+04 4.441312e+03     0 5.404851e+03 1.069789e+04 1.898613e-04     0 6.676917e-03 3.241194e+01 1.205578e+02 8.575107e-02 -9.390188e-04 
1.084000e+02 -1.849725e-02 3.328577e-02 1.551753e+00 1.067230e+04 4.453349e+03     0 5.404851e+03 1.069789e+04 1.033994e-04     0 6.678238e-03 3.248694e+01 1.205584e+02 8.574953e-02 -9.369704e-04 
1.085000e+02 -1.879994e-02 3.344405e-02 1.551256e+00 1.067252e+04 4.465386e+03     0 5.464909e+03 1.070339e+04 1.401427e-05     0 6.679531e-03 3.256193e+01 1.205590e+02 8.574802e-02 -9.319970e-04 
1.086000e+02 -1.908257e-02 3.360232e-02 1.550748e+00 1.067275e+04 4.477423e+03     0 5.464909e+03 1.070339e+04 1.197687e-04     0 6.680810e-03 3.263693e+01 1.205596e+02 8.574651e-02 -9.230324e-04 
1.087000e+02 -1.937555e-02 3.376066e-02 1.550234e+00 1.067299e+04 4.489461e+03     0 5.464909e+03 1.070339e+04 1.054061e-04     0 6.682127e-03 3.271193e+01 1.205602e+02 8.574499e-02 -9.165912e-04 
1.088000e+02 -1.967135e-02 3.391910e-02 1.549716e+00 1.067323e+04 4.501498e+03     0 5.464909e+03 1.070339e+04 4.541850e-05     0 6.683493e-03 3.278693e+01 1.205609e+02 8.574346e-02 -9.140502e-04 
1.089000e+02 -1.995367e-02 3.407760e-02 1.549192e+00 1.067348e+04 4.513535e+03     0 5.464909e+03 1.070339e+04 -3.028089e-05     0 6.684875e-03 3.286193e+01 1.205615e+02 8.574193e-02 -9.126801e-04 
  109 -2.021148e-02 3.423612e-02 1.548660e+00 1.067373e+04 4.525573e+03     0 5.524951e+03 1.070899e+04 -1.085796e-04     0 6.686252e-03 3.293693e+01 1.205621e+02 8.574039e-02 -9.086231e-04 
1.091000e+02 -2.045168e-02 3.439462e-02 1.548118e+00 1.067399e+04 4.537610e+03     0 5.524951e+03 1.070899e+04 -1.434000e-05     0 6.687637e-03 3.301193e+01 1.205627e+02 8.573885e-02 -9.009167e-04 
1.092000e+02 -2.070128e-02 3.455318e-02 1.547572e+00 1.067426e+04 4.549648e+03     0 5.524951e+03 1.070899e+04 -2.634669e-05     0 6.689077e-03 3.308693e+01 1.205633e+02 8.573728e-02 -8.953215e-04 
1.093000e+02 -2.095359e-02 3.471183e-02 1.547021e+00 1.067453e+04 4.561685e+03     0 5.524951e+03 1.070899e+04 -7.874041e-05     0 6.690579e-03 3.316193e+01 1.205639e+02 8.573570e-02 -8.930685e-04 
1.094000e+02 -2.119416e-02 3.487053e-02 1.546466e+00 1.067481e+04 4.573723e+03     0 5.524951e+03 1.070899e+04 -1.450691e-04     0 6.692110e-03 3.323693e+01 1.205645e+02 8.573409e-02 -8.917662e-04 
1.095000e+02 -2.141322e-02 3.502923e-02 1.545903e+00 1.067509e+04 4.585760e+03     0 5.584977e+03 1.071467e+04 -2.137329e-04     0 6.693650e-03 3.331193e+01 1.205651e+02 8.573247e-02 -8.880288e-04 
1.096000e+02 -2.161680e-02 3.518791e-02 1.545333e+00 1.067539e+04 4.597798e+03     0 5.584977e+03 1.071467e+04 -1.310758e-04     0 6.695211e-03 3.338693e+01 1.205657e+02 8.573084e-02 -8.810138e-04 
1.097000e+02 -2.182858e-02 3.534664e-02 1.544759e+00 1.067569e+04 4.609836e+03     0 5.584977e+03 1.071467e+04 -1.415978e-04     0 6.696834e-03 3.346193e+01 1.205663e+02 8.572918e-02 -8.757822e-04 
1.098000e+02 -2.204269e-02 3.550544e-02 1.544181e+00 1.067599e+04 4.621873e+03     0 5.584977e+03 1.071467e+04 -1.875287e-04     0 6.698523e-03 3.353693e+01 1.205669e+02 8.572749e-02 -8.734277e-04 
1.099000e+02 -2.224643e-02 3.566428e-02 1.543598e+00 1.067630e+04 4.633911e+03     0 5.584977e+03 1.071467e+04 -2.456616e-04     0 6.700248e-03 3.361193e+01 1.205675e+02 8.572577e-02 -8.718707e-04 
  110 -2.243123e-02 3.582312e-02 1.543011e+00 1.067662e+04 4.645948e+03     0 5.644987e+03 1.072045e+04 -3.058181e-04     0 6.701989e-03 3.368693e+01 1.205680e+02 8.572404e-02 -8.681608e-04 
1.101000e+02 -2.260227e-02 3.598193e-02 1.542416e+00 1.067695e+04 4.657986e+03     0 5.644987e+03 1.072045e+04 -2.346446e-04     0 6.703756e-03 3.376193e+01 1.205686e+02 8.572229e-02 -8.615581e-04 
1.102000e+02 -2.278015e-02 3.614078e-02 1.541817e+00 1.067728e+04 4.670023e+03     0 5.644987e+03 1.072045e+04 -2.442369e-04     0 6.705586e-03 3.383693e+01 1.205692e+02 8.572051e-02 -8.564527e-04 
1.103000e+02 -2.295977e-02 3.629968e-02 1.541216e+00 1.067762e+04 4.682060e+03     0 5.644987e+03 1.072045e+04 -2.844738e-04     0 6.707480e-03 3.391193e+01 1.205698e+02 8.571870e-02 -8.538020e-04 
1.104000e+02 -2.313013e-02 3.645861e-02 1.540612e+00 1.067797e+04 4.694098e+03     0 5.644987e+03 1.072045e+04 -3.352226e-04     0 6.709411e-03 3.398693e+01 1.205703e+02 8.571686e-02 -8.518172e-04 
1.105000e+02 -2.328380e-02 3.661753e-02 1.540002e+00 1.067832e+04 4.706135e+03     0 5.704982e+03 1.072632e+04 -3.876557e-04     0 6.711361e-03 3.406193e+01 1.205709e+02 8.571500e-02 -8.479580e-04 
1.106000e+02 -2.342523e-02 3.677643e-02 1.539387e+00 1.067868e+04 4.718172e+03     0 5.704982e+03 1.072632e+04 -3.276106e-04     0 6.713338e-03 3.413693e+01 1.205714e+02 8.571313e-02 -8.415814e-04 
1.107000e+02 -2.357205e-02 3.693535e-02 1.538769e+00 1.067905e+04 4.730209e+03     0 5.704982e+03 1.072632e+04 -3.365669e-04     0 6.715375e-03 3.421193e+01 1.205720e+02 8.571122e-02 -8.364447e-04 
1.108000e+02 -2.371995e-02 3.709431e-02 1.538148e+00 1.067942e+04 4.742247e+03     0 5.704982e+03 1.072632e+04 -3.716347e-04     0 6.717471e-03 3.428693e+01 1.205725e+02 8.570929e-02 -8.333778e-04 
1.109000e+02 -2.385954e-02 3.725329e-02 1.537525e+00 1.067981e+04 4.754284e+03     0 5.704982e+03 1.072632e+04 -4.155906e-04     0 6.719603e-03 3.436193e+01 1.205731e+02 8.570733e-02 -8.308678e-04 
  111 -2.398451e-02 3.741226e-02 1.536898e+00 1.068020e+04 4.766320e+03     0 5.764963e+03 1.073228e+04 -4.608875e-04     0 6.721754e-03 3.443693e+01 1.205736e+02 8.570536e-02 -8.267628e-04 
1.111000e+02 -2.409857e-02 3.757120e-02 1.536266e+00 1.068059e+04 4.778357e+03     0 5.764963e+03 1.073228e+04 -4.114960e-04     0 6.723932e-03 3.451193e+01 1.205742e+02 8.570336e-02 -8.205113e-04 
1.112000e+02 -2.421661e-02 3.773016e-02 1.535632e+00 1.068100e+04 4.790394e+03     0 5.764963e+03 1.073228e+04 -4.199738e-04     0 6.726165e-03 3.458693e+01 1.205747e+02 8.570134e-02 -8.152720e-04 
1.113000e+02 -2.433503e-02 3.788915e-02 1.534996e+00 1.068141e+04 4.802431e+03     0 5.764963e+03 1.073228e+04 -4.502638e-04     0 6.728451e-03 3.466193e+01 1.205752e+02 8.569930e-02 -8.117529e-04 
1.114000e+02 -2.444599e-02 3.804816e-02 1.534357e+00 1.068183e+04 4.814467e+03     0 5.764963e+03 1.073228e+04 -4.878933e-04     0 6.730770e-03 3.473693e+01 1.205757e+02 8.569723e-02 -8.087004e-04 
1.115000e+02 -2.454423e-02 3.820715e-02 1.533716e+00 1.068226e+04 4.826504e+03     0 5.824931e+03 1.073832e+04 -5.265277e-04     0 6.733109e-03 3.481193e+01 1.205763e+02 8.569514e-02 -8.043270e-04 
1.116000e+02 -2.463280e-02 3.836612e-02 1.533071e+00 1.068269e+04 4.838540e+03     0 5.824931e+03 1.073832e+04 -4.872377e-04     0 6.735473e-03 3.488693e+01 1.205768e+02 8.569304e-02 -7.981662e-04 
1.117000e+02 -2.472398e-02 3.852510e-02 1.532424e+00 1.068314e+04 4.850576e+03     0 5.824931e+03 1.073832e+04 -4.953122e-04     0 6.737886e-03 3.496193e+01 1.205773e+02 8.569091e-02 -7.928108e-04 
1.118000e+02 -2.481485e-02 3.868410e-02 1.531776e+00 1.068359e+04 4.862612e+03     0 5.824931e+03 1.073832e+04 -5.211375e-04     0 6.740347e-03 3.503693e+01 1.205778e+02 8.568876e-02 -7.888522e-04 
1.119000e+02 -2.489905e-02 3.884311e-02 1.531127e+00 1.068404e+04 4.874648e+03     0 5.824931e+03 1.073832e+04 -5.528361e-04     0 6.742838e-03 3.511193e+01 1.205783e+02 8.568659e-02 -7.852793e-04 
  112 -2.497231e-02 3.900211e-02 1.530475e+00 1.068451e+04 4.886683e+03     0 5.884885e+03 1.074445e+04 -5.852181e-04     0 6.745348e-03 3.518693e+01 1.205788e+02 8.568440e-02 -7.806474e-04 
1.121000e+02 -2.503705e-02 3.916108e-02 1.529820e+00 1.068498e+04 4.898719e+03     0 5.884885e+03 1.074445e+04 -5.554445e-04     0 6.747883e-03 3.526193e+01 1.205793e+02 8.568220e-02 -7.745694e-04 
1.122000e+02 -2.510310e-02 3.932006e-02 1.529164e+00 1.068546e+04 4.910754e+03     0 5.884885e+03 1.074445e+04 -5.631499e-04     0 6.750461e-03 3.533693e+01 1.205798e+02 8.567998e-02 -7.691048e-04 
1.123000e+02 -2.516820e-02 3.947906e-02 1.528507e+00 1.068595e+04 4.922789e+03     0 5.884885e+03 1.074445e+04 -5.847834e-04     0 6.753081e-03 3.541193e+01 1.205803e+02 8.567774e-02 -7.647350e-04 
1.124000e+02 -2.522735e-02 3.963806e-02 1.527850e+00 1.068645e+04 4.934824e+03     0 5.884885e+03 1.074445e+04 -6.109099e-04     0 6.755729e-03 3.548693e+01 1.205808e+02 8.567548e-02 -7.606765e-04 
1.125000e+02 -2.527724e-02 3.979705e-02 1.527190e+00 1.068695e+04 4.946859e+03     0 5.944828e+03 1.075066e+04 -6.374167e-04     0 6.758397e-03 3.556193e+01 1.205812e+02 8.567320e-02 -7.558063e-04 
1.126000e+02 -2.531971e-02 3.995602e-02 1.526529e+00 1.068747e+04 4.958894e+03     0 5.944828e+03 1.075066e+04 -6.165738e-04     0 6.761088e-03 3.563693e+01 1.205817e+02 8.567091e-02 -7.498121e-04 
1.127000e+02 -2.536226e-02 4.011499e-02 1.525867e+00 1.068799e+04 4.970928e+03     0 5.944828e+03 1.075066e+04 -6.239287e-04     0 6.763817e-03 3.571193e+01 1.205822e+02 8.566860e-02 -7.442525e-04 
1.128000e+02 -2.540325e-02 4.027398e-02 1.525204e+00 1.068851e+04 4.982962e+03     0 5.944828e+03 1.075066e+04 -6.416230e-04     0 6.766583e-03 3.578693e+01 1.205826e+02 8.566628e-02 -7.395050e-04 
1.129000e+02 -2.543900e-02 4.043296e-02 1.524542e+00 1.068905e+04 4.994996e+03     0 5.944828e+03 1.075066e+04 -6.625150e-04     0 6.769374e-03 3.586193e+01 1.205831e+02 8.566393e-02 -7.350000e-04 
  113 -2.546706e-02 4.059194e-02 1.523878e+00 1.068959e+04 5.007030e+03     0 6.004760e+03 1.075694e+04 -6.835037e-04     0 6.772186e-03 3.593693e+01 1.205836e+02 8.566158e-02 -7.299159e-04 
1.131000e+02 -2.548872e-02 4.075090e-02 1.523213e+00 1.069015e+04 5.019064e+03     0 6.004760e+03 1.075694e+04 -6.710177e-04     0 6.775020e-03 3.601193e+01 1.205840e+02 8.565921e-02 -7.240103e-04 
1.132000e+02 -2.550932e-02 4.090986e-02 1.522548e+00 1.069071e+04 5.031097e+03     0 6.004760e+03 1.075694e+04 -6.780340e-04     0 6.777886e-03 3.608693e+01 1.205845e+02 8.565682e-02 -7.183727e-04 
1.133000e+02 -2.552781e-02 4.106883e-02 1.521883e+00 1.069127e+04 5.043130e+03     0 6.004760e+03 1.075694e+04 -6.920283e-04     0 6.780786e-03 3.616193e+01 1.205849e+02 8.565442e-02 -7.132830e-04 
1.134000e+02 -2.554170e-02 4.122779e-02 1.521218e+00 1.069185e+04 5.055163e+03     0 6.004760e+03 1.075694e+04 -7.080082e-04     0 6.783709e-03 3.623693e+01 1.205853e+02 8.565200e-02 -7.083714e-04 
1.135000e+02 -2.554939e-02 4.138675e-02 1.520552e+00 1.069243e+04 5.067195e+03     0 6.064681e+03 1.076330e+04 -7.238206e-04     0 6.786652e-03 3.631193e+01 1.205858e+02 8.564957e-02 -7.030986e-04 
1.136000e+02 -2.555166e-02 4.154569e-02 1.519886e+00 1.069302e+04 5.079228e+03     0 6.064681e+03 1.076330e+04 -7.191328e-04     0 6.789617e-03 3.638693e+01 1.205862e+02 8.564713e-02 -6.972878e-04 
1.137000e+02 -2.555180e-02 4.170463e-02 1.519221e+00 1.069362e+04 5.091260e+03     0 6.064681e+03 1.076330e+04 -7.258191e-04     0 6.792610e-03 3.646193e+01 1.205866e+02 8.564468e-02 -6.915895e-04 
1.138000e+02 -2.554932e-02 4.186358e-02 1.518556e+00 1.069423e+04 5.103292e+03     0 6.064681e+03 1.076330e+04 -7.363426e-04     0 6.795631e-03 3.653693e+01 1.205871e+02 8.564221e-02 -6.861927e-04 
1.139000e+02 -2.554285e-02 4.202252e-02 1.517891e+00 1.069485e+04 5.115323e+03     0 6.064681e+03 1.076330e+04 -7.477201e-04     0 6.798675e-03 3.661193e+01 1.205875e+02 8.563972e-02 -6.809136e-04 
  114 -2.553158e-02 4.218145e-02 1.517227e+00 1.069547e+04 5.127354e+03     0 6.124593e+03 1.076973e+04 -7.586846e-04     0 6.801739e-03 3.668693e+01 1.205879e+02 8.563723e-02 -6.754770e-04 
1.141000e+02 -2.551580e-02 4.234037e-02 1.516563e+00 1.069610e+04 5.139385e+03     0 6.124593e+03 1.076973e+04 -7.612529e-04     0 6.804823e-03 3.676193e+01 1.205883e+02 8.563472e-02 -6.697672e-04 
1.142000e+02 -2.549691e-02 4.249929e-02 1.515899e+00 1.069674e+04 5.151416e+03     0 6.124593e+03 1.076973e+04 -7.676160e-04     0 6.807932e-03 3.683693e+01 1.205887e+02 8.563220e-02 -6.640255e-04 
1.143000e+02 -2.547492e-02 4.265821e-02 1.515236e+00 1.069739e+04 5.163446e+03     0 6.124593e+03 1.076973e+04 -7.748886e-04     0 6.811063e-03 3.691193e+01 1.205891e+02 8.562966e-02 -6.583556e-04 
1.144000e+02 -2.544954e-02 4.281712e-02 1.514575e+00 1.069804e+04 5.175476e+03     0 6.124593e+03 1.076973e+04 -7.819619e-04     0 6.814217e-03 3.698693e+01 1.205895e+02 8.562712e-02 -6.527474e-04 
1.145000e+02 -2.542066e-02 4.297603e-02 1.513914e+00 1.069870e+04 5.187506e+03     0 6.184496e+03 1.077623e+04 -7.883952e-04     0 6.817390e-03 3.706193e+01 1.205899e+02 8.562456e-02 -6.471713e-04 
1.146000e+02 -2.538813e-02 4.313493e-02 1.513254e+00 1.069937e+04 5.199535e+03     0 6.184496e+03 1.077623e+04 -7.976938e-04     0 6.820583e-03 3.713693e+01 1.205903e+02 8.562200e-02 -6.415687e-04 
1.147000e+02 -2.535158e-02 4.329383e-02 1.512595e+00 1.070005e+04 5.211564e+03     0 6.184496e+03 1.077623e+04 -8.037388e-04     0 6.823796e-03 3.721193e+01 1.205907e+02 8.561942e-02 -6.358004e-04 
1.148000e+02 -2.531151e-02 4.345271e-02 1.511937e+00 1.070074e+04 5.223593e+03     0 6.184496e+03 1.077623e+04 -8.079726e-04     0 6.827028e-03 3.728693e+01 1.205911e+02 8.561683e-02 -6.298906e-04 
1.149000e+02 -2.526860e-02 4.361160e-02 1.511280e+00 1.070143e+04 5.235622e+03     0 6.184496e+03 1.077623e+04 -8.110291e-04     0 6.830280e-03 3.736193e+01 1.205915e+02 8.561423e-02 -6.239906e-04 
  115 -2.522341e-02 4.377048e-02 1.510625e+00 1.070214e+04 5.247650e+03     0 6.244391e+03 1.078280e+04 -8.132367e-04     0 6.833552e-03 3.743693e+01 1.205919e+02 8.561162e-02 -6.182986e-04 
1.151000e+02 -2.517536e-02 4.392935e-02 1.509971e+00 1.070285e+04 5.259677e+03     0 6.244391e+03 1.078280e+04 -8.287557e-04     0 6.836843e-03 3.751193e+01 1.205923e+02 8.560900e-02 -6.128095e-04 
1.152000e+02 -2.512249e-02 4.408822e-02 1.509319e+00 1.070356e+04 5.271705e+03     0 6.244391e+03 1.078280e+04 -8.344870e-04     0 6.840149e-03 3.758693e+01 1.205926e+02 8.560637e-02 -6.070311e-04 
1.153000e+02 -2.506570e-02 4.424708e-02 1.508668e+00 1.070429e+04 5.283732e+03     0 6.244391e+03 1.078280e+04 -8.358860e-04     0 6.843470e-03 3.766193e+01 1.205930e+02 8.560373e-02 -6.009137e-04 
1.154000e+02 -2.500659e-02 4.440593e-02 1.508019e+00 1.070502e+04 5.295759e+03     0 6.244391e+03 1.078280e+04 -8.352034e-04     0 6.846810e-03 3.773693e+01 1.205934e+02 8.560108e-02 -5.947579e-04 
1.155000e+02 -2.494634e-02 4.456478e-02 1.507371e+00 1.070577e+04 5.307785e+03     0 6.304280e+03 1.078942e+04 -8.334800e-04     0 6.850170e-03 3.781193e+01 1.205937e+02 8.559842e-02 -5.889730e-04 
1.156000e+02 -2.488399e-02 4.472363e-02 1.506726e+00 1.070652e+04 5.319811e+03     0 6.304280e+03 1.078942e+04 -8.547255e-04     0 6.853547e-03 3.788693e+01 1.205941e+02 8.559575e-02 -5.836034e-04 
1.157000e+02 -2.481606e-02 4.488247e-02 1.506082e+00 1.070727e+04 5.331837e+03     0 6.304280e+03 1.078942e+04 -8.601464e-04     0 6.856935e-03 3.796193e+01 1.205945e+02 8.559307e-02 -5.778309e-04 
1.158000e+02 -2.474387e-02 4.504130e-02 1.505440e+00 1.070804e+04 5.343862e+03     0 6.304280e+03 1.078942e+04 -8.589077e-04     0 6.860336e-03 3.803693e+01 1.205948e+02 8.559039e-02 -5.715371e-04 
1.159000e+02 -2.466984e-02 4.520011e-02 1.504800e+00 1.070881e+04 5.355887e+03     0 6.304280e+03 1.078942e+04 -8.547542e-04     0 6.863753e-03 3.811193e+01 1.205952e+02 8.558770e-02 -5.651604e-04 
  116 -2.459573e-02 4.535893e-02 1.504162e+00 1.070959e+04 5.367911e+03     0 6.364162e+03 1.079610e+04 -8.493846e-04     0 6.867189e-03 3.818693e+01 1.205955e+02 8.558500e-02 -5.593048e-04 
1.161000e+02 -2.452025e-02 4.551776e-02 1.503527e+00 1.071038e+04 5.379935e+03     0 6.364162e+03 1.079610e+04 -8.758779e-04     0 6.870641e-03 3.826193e+01 1.205959e+02 8.558228e-02 -5.540607e-04 
1.162000e+02 -2.443849e-02 4.567657e-02 1.502894e+00 1.071117e+04 5.391959e+03     0 6.364162e+03 1.079610e+04 -8.809913e-04     0 6.874101e-03 3.833693e+01 1.205962e+02 8.557957e-02 -5.483093e-04 
1.163000e+02 -2.435216e-02 4.583536e-02 1.502263e+00 1.071198e+04 5.403982e+03     0 6.364162e+03 1.079610e+04 -8.773053e-04     0 6.877570e-03 3.841193e+01 1.205966e+02 8.557684e-02 -5.418694e-04 
1.164000e+02 -2.426446e-02 4.599414e-02 1.501634e+00 1.071279e+04 5.416005e+03     0 6.364162e+03 1.079610e+04 -8.699399e-04     0 6.881053e-03 3.848693e+01 1.205969e+02 8.557412e-02 -5.353055e-04 
1.165000e+02 -2.417766e-02 4.615293e-02 1.501007e+00 1.071361e+04 5.428027e+03     0 6.424038e+03 1.080284e+04 -8.611996e-04     0 6.884555e-03 3.856193e+01 1.205972e+02 8.557138e-02 -5.294006e-04 
1.166000e+02 -2.409014e-02 4.631173e-02 1.500384e+00 1.071443e+04 5.440050e+03     0 6.424038e+03 1.080284e+04 -8.924773e-04     0 6.888072e-03 3.863693e+01 1.205976e+02 8.556863e-02 -5.242874e-04 
1.167000e+02 -2.399574e-02 4.647051e-02 1.499763e+00 1.071526e+04 5.452071e+03     0 6.424038e+03 1.080284e+04 -8.972858e-04     0 6.891592e-03 3.871193e+01 1.205979e+02 8.556588e-02 -5.185719e-04 
1.168000e+02 -2.389650e-02 4.662927e-02 1.499145e+00 1.071611e+04 5.464092e+03     0 6.424038e+03 1.080284e+04 -8.913365e-04     0 6.895118e-03 3.878693e+01 1.205982e+02 8.556312e-02 -5.120148e-04 
1.169000e+02 -2.379632e-02 4.678802e-02 1.498528e+00 1.071695e+04 5.476113e+03     0 6.424038e+03 1.080284e+04 -8.810098e-04     0 6.898657e-03 3.886193e+01 1.205985e+02 8.556036e-02 -5.052962e-04 
  117 -2.369795e-02 4.694678e-02 1.497915e+00 1.071781e+04 5.488134e+03     0 6.483910e+03 1.080962e+04 -8.691649e-04     0 6.902214e-03 3.893693e+01 1.205989e+02 8.555759e-02 -4.993626e-04 
1.171000e+02 -2.359948e-02 4.710554e-02 1.497305e+00 1.071867e+04 5.500154e+03     0 6.483910e+03 1.080962e+04 -9.047787e-04     0 6.905783e-03 3.901193e+01 1.205992e+02 8.555482e-02 -4.943854e-04 
1.172000e+02 -2.349358e-02 4.726429e-02 1.496698e+00 1.071954e+04 5.512173e+03     0 6.483910e+03 1.080962e+04 -9.092846e-04     0 6.909354e-03 3.908693e+01 1.205995e+02 8.555204e-02 -4.887199e-04 
1.173000e+02 -2.338261e-02 4.742302e-02 1.496093e+00 1.072042e+04 5.524193e+03     0 6.483910e+03 1.080962e+04 -9.012499e-04     0 6.912926e-03 3.916193e+01 1.205998e+02 8.554926e-02 -4.820734e-04 
1.174000e+02 -2.327110e-02 4.758174e-02 1.495491e+00 1.072131e+04 5.536211e+03     0 6.483910e+03 1.080962e+04 -8.882043e-04     0 6.916511e-03 3.923693e+01 1.206001e+02 8.554647e-02 -4.752312e-04 
1.175000e+02 -2.316224e-02 4.774047e-02 1.494893e+00 1.072220e+04 5.548230e+03     0 6.543778e+03 1.081644e+04 -8.735124e-04     0 6.920112e-03 3.931193e+01 1.206004e+02 8.554367e-02 -4.692884e-04 
1.176000e+02 -2.305385e-02 4.789920e-02 1.494298e+00 1.072310e+04 5.560247e+03     0 6.543778e+03 1.081644e+04 -9.130286e-04     0 6.923724e-03 3.938693e+01 1.206007e+02 8.554087e-02 -4.644520e-04 
1.177000e+02 -2.293756e-02 4.805792e-02 1.493706e+00 1.072401e+04 5.572265e+03     0 6.543778e+03 1.081644e+04 -9.172342e-04     0 6.927334e-03 3.946193e+01 1.206010e+02 8.553807e-02 -4.588497e-04 
1.178000e+02 -2.281599e-02 4.821662e-02 1.493116e+00 1.072492e+04 5.584282e+03     0 6.543778e+03 1.081644e+04 -9.072862e-04     0 6.930943e-03 3.953693e+01 1.206013e+02 8.553527e-02 -4.521406e-04 
1.179000e+02 -2.269427e-02 4.837531e-02 1.492530e+00 1.072584e+04 5.596298e+03     0 6.543778e+03 1.081644e+04 -8.917559e-04     0 6.934563e-03 3.961193e+01 1.206016e+02 8.553246e-02 -4.452047e-04 
  118 -2.257596e-02 4.853400e-02 1.491947e+00 1.072677e+04 5.608314e+03     0 6.603643e+03 1.082331e+04 -8.744661e-04     0 6.938198e-03 3.968693e+01 1.206019e+02 8.552965e-02 -4.392714e-04 
1.181000e+02 -2.245865e-02 4.869271e-02 1.491368e+00 1.072770e+04 5.620330e+03     0 6.603643e+03 1.082331e+04 -9.174657e-04     0 6.941842e-03 3.976193e+01 1.206022e+02 8.552683e-02 -4.345800e-04 
1.182000e+02 -2.233303e-02 4.885140e-02 1.490793e+00 1.072865e+04 5.632345e+03     0 6.603643e+03 1.082331e+04 -9.213733e-04     0 6.945482e-03 3.983693e+01 1.206025e+02 8.552401e-02 -4.290534e-04 
1.183000e+02 -2.220196e-02 4.901007e-02 1.490220e+00 1.072960e+04 5.644360e+03     0 6.603643e+03 1.082331e+04 -9.096783e-04     0 6.949118e-03 3.991193e+01 1.206028e+02 8.552119e-02 -4.223070e-04 
1.184000e+02 -2.207110e-02 4.916873e-02 1.489650e+00 1.073055e+04 5.656374e+03     0 6.603643e+03 1.082331e+04 -8.918903e-04     0 6.952764e-03 3.998693e+01 1.206031e+02 8.551836e-02 -4.153059e-04 
1.185000e+02 -2.194434e-02 4.932739e-02 1.489084e+00 1.073151e+04 5.668388e+03     0 6.663505e+03 1.083021e+04 -8.722434e-04     0 6.956423e-03 4.006193e+01 1.206034e+02 8.551554e-02 -4.093998e-04 
1.186000e+02 -2.181907e-02 4.948607e-02 1.488523e+00 1.073248e+04 5.680402e+03     0 6.663505e+03 1.083021e+04 -9.183214e-04     0 6.960090e-03 4.013693e+01 1.206037e+02 8.551271e-02 -4.048572e-04 
1.187000e+02 -2.168515e-02 4.964474e-02 1.487965e+00 1.073346e+04 5.692415e+03     0 6.663505e+03 1.083021e+04 -9.219334e-04     0 6.963749e-03 4.021193e+01 1.206039e+02 8.550987e-02 -3.994181e-04 
1.188000e+02 -2.154565e-02 4.980338e-02 1.487410e+00 1.073444e+04 5.704427e+03     0 6.663505e+03 1.083021e+04 -9.086527e-04     0 6.967404e-03 4.028693e+01 1.206042e+02 8.550704e-02 -3.926587e-04 
1.189000e+02 -2.140667e-02 4.996200e-02 1.486858e+00 1.073543e+04 5.716439e+03     0 6.663505e+03 1.083021e+04 -8.888260e-04     0 6.971066e-03 4.036193e+01 1.206045e+02 8.550421e-02 -3.856194e-04 
  119 -2.127244e-02 5.012064e-02 1.486311e+00 1.073643e+04 5.728451e+03     0 6.723366e+03 1.083715e+04 -8.670550e-04     0 6.974740e-03 4.043693e+01 1.206048e+02 8.550137e-02 -3.797572e-04 
1.191000e+02 -2.114015e-02 5.027929e-02 1.485768e+00 1.073743e+04 5.740462e+03     0 6.723366e+03 1.083715e+04 -9.158207e-04     0 6.978421e-03 4.051193e+01 1.206050e+02 8.549853e-02 -3.753666e-04 
1.192000e+02 -2.099890e-02 5.043793e-02 1.485229e+00 1.073844e+04 5.752473e+03     0 6.723366e+03 1.083715e+04 -9.191396e-04     0 6.982092e-03 4.058693e+01 1.206053e+02 8.549569e-02 -3.700260e-04 
1.193000e+02 -2.085198e-02 5.059654e-02 1.484692e+00 1.073946e+04 5.764483e+03     0 6.723366e+03 1.083715e+04 -9.044288e-04     0 6.985756e-03 4.066193e+01 1.206056e+02 8.549285e-02 -3.632765e-04 
1.194000e+02 -2.070589e-02 5.075515e-02 1.484159e+00 1.074048e+04 5.776493e+03     0 6.723366e+03 1.083715e+04 -8.827757e-04     0 6.989426e-03 4.073693e+01 1.206058e+02 8.549001e-02 -3.562250e-04 
1.195000e+02 -2.056512e-02 5.091376e-02 1.483630e+00 1.074151e+04 5.788502e+03     0 6.783224e+03 1.084412e+04 -8.591057e-04     0 6.993107e-03 4.081193e+01 1.206061e+02 8.548717e-02 -3.504223e-04 
1.196000e+02 -2.042669e-02 5.107238e-02 1.483107e+00 1.074255e+04 5.800511e+03     0 6.783224e+03 1.084412e+04 -9.101819e-04     0 6.996793e-03 4.088693e+01 1.206064e+02 8.548433e-02 -3.461864e-04 
1.197000e+02 -2.027908e-02 5.123100e-02 1.482587e+00 1.074359e+04 5.812519e+03     0 6.783224e+03 1.084412e+04 -9.132104e-04     0 7.000467e-03 4.096193e+01 1.206066e+02 8.548149e-02 -3.409543e-04 
1.198000e+02 -2.012573e-02 5.138958e-02 1.482070e+00 1.074464e+04 5.824527e+03     0 6.783224e+03 1.084412e+04 -8.972203e-04     0 7.004133e-03 4.103693e+01 1.206069e+02 8.547865e-02 -3.342365e-04 
1.199000e+02 -1.997349e-02 5.154816e-02 1.481557e+00 1.074570e+04 5.836535e+03     0 6.783224e+03 1.084412e+04 -8.739457e-04     0 7.007804e-03 4.111193e+01 1.206072e+02 8.547581e-02 -3.271971e-04 
  120 -1.982707e-02 5.170675e-02 1.481048e+00 1.074676e+04 5.848542e+03     0 6.835639e+03 1.090688e+04 -8.485945e-04     0 7.011484e-03 4.118693e+01 1.206074e+02 8.547297e-02 -3.214687e-04 
1.201000e+02 -2.005427e-02 5.204072e-02 1.480581e+00 1.074782e+04 5.860548e+03     0 6.835639e+03 1.090688e+04 4.413517e-03     0 3.678846e-03 4.126193e+01 1.206077e+02 8.566033e-02 -3.914568e-04 
1.202000e+02 -2.148326e-02 5.286063e-02 1.480299e+00 1.074890e+04 5.872554e+03     0 6.835639e+03 1.090688e+04 6.208012e-03     0 4.083152e-03 4.133693e+01 1.206074e+02 8.626409e-02 -7.774852e-04 
1.203000e+02 -2.385603e-02 5.379958e-02 1.480261e+00 1.074998e+04 5.884560e+03     0 6.835639e+03 1.090688e+04 6.551528e-03     0 5.025564e-03 4.141193e+01 1.206055e+02 8.686054e-02 -1.531538e-03 
1.204000e+02 -2.664129e-02 5.451732e-02 1.480406e+00 1.075107e+04 5.896564e+03     0 6.835639e+03 1.090688e+04 6.266125e-03     0 5.276393e-03 4.148693e+01 1.206021e+02 8.715258e-02 -2.547914e-03 
1.205000e+02 -2.945372e-02 5.498858e-02 1.480599e+00 1.075216e+04 5.908568e+03     0 6.897181e+03 1.090264e+04 5.724930e-03     0 5.144121e-03 4.156193e+01 1.205977e+02 8.717629e-02 -3.657373e-03 
1.206000e+02 -3.203185e-02 5.532364e-02 1.480682e+00 1.075326e+04 5.920571e+03     0 6.897181e+03 1.090264e+04 4.141935e-03     0 5.107563e-03 4.163693e+01 1.205926e+02 8.707774e-02 -4.675791e-03 
1.207000e+02 -3.416277e-02 5.559734e-02 1.480496e+00 1.075438e+04 5.932572e+03     0 6.897181e+03 1.090264e+04 3.200699e-03     0 5.276299e-03 4.171193e+01 1.205869e+02 8.694648e-02 -5.423536e-03 
1.208000e+02 -3.591939e-02 5.582394e-02 1.479945e+00 1.075550e+04 5.944573e+03     0 6.897181e+03 1.090264e+04 2.560041e-03     0 5.537609e-03 4.178693e+01 1.205808e+02 8.680290e-02 -5.807897e-03 
1.209000e+02 -3.745310e-02 5.599765e-02 1.479002e+00 1.075663e+04 5.956571e+03     0 6.897181e+03 1.090264e+04 2.072327e-03     0 5.788757e-03 4.186193e+01 1.205745e+02 8.664535e-02 -5.819288e-03 
  121 -3.888565e-02 5.612057e-02 1.477702e+00 1.075777e+04 5.968569e+03     0 6.958668e+03 1.089814e+04 1.661822e-03     0 6.004073e-03 4.193693e+01 1.205679e+02 8.647816e-02 -5.506875e-03 
1.211000e+02 -4.019981e-02 5.620380e-02 1.476108e+00 1.075892e+04 5.980565e+03     0 6.958668e+03 1.089814e+04 4.755576e-05     0 6.195830e-03 4.201193e+01 1.205613e+02 8.631228e-02 -4.937615e-03 
1.212000e+02 -4.121290e-02 5.625883e-02 1.474275e+00 1.076008e+04 5.992559e+03     0 6.958668e+03 1.089814e+04 -7.312100e-04     0 6.373161e-03 4.208693e+01 1.205547e+02 8.615737e-02 -4.153020e-03 
1.213000e+02 -4.197453e-02 5.629505e-02 1.472286e+00 1.076126e+04 6.004551e+03     0 6.958668e+03 1.089814e+04 -1.158471e-03     0 6.535139e-03 4.216193e+01 1.205482e+02 8.601713e-02 -3.236286e-03 
1.214000e+02 -4.257756e-02 5.632026e-02 1.470240e+00 1.076245e+04 6.016542e+03     0 6.958668e+03 1.089814e+04 -1.427041e-03     0 6.678744e-03 4.223693e+01 1.205419e+02 8.589218e-02 -2.292344e-03 
1.215000e+02 -4.307303e-02 5.634111e-02 1.468234e+00 1.076365e+04 6.028530e+03     0 7.020085e+03 1.089333e+04 -1.618457e-03     0 6.802964e-03 4.231193e+01 1.205358e+02 8.578220e-02 -1.419013e-03 
1.216000e+02 -4.333926e-02 5.636251e-02 1.466333e+00 1.076486e+04 6.040517e+03     0 7.020085e+03 1.089333e+04 -3.678773e-03     0 6.908119e-03 4.238693e+01 1.205298e+02 8.568677e-02 -6.641278e-04 
1.217000e+02 -4.305207e-02 5.638653e-02 1.464535e+00 1.076609e+04 6.052502e+03     0 7.020085e+03 1.089333e+04 -4.440486e-03     0 6.994401e-03 4.246193e+01 1.205242e+02 8.560521e-02 1.542021e-05 
1.218000e+02 -4.229539e-02 5.641559e-02 1.462846e+00 1.076733e+04 6.064485e+03     0 7.020085e+03 1.089333e+04 -4.641294e-03     0 7.063854e-03 4.253693e+01 1.205188e+02 8.553667e-02 6.242011e-04 
1.219000e+02 -4.125624e-02 5.645250e-02 1.461286e+00 1.076858e+04 6.076466e+03     0 7.020085e+03 1.089333e+04 -4.580462e-03     0 7.119413e-03 4.261193e+01 1.205136e+02 8.548060e-02 1.135939e-03 
  122 -4.007799e-02 5.649935e-02 1.459883e+00 1.076985e+04 6.088445e+03     0 7.081416e+03 1.088821e+04 -4.393724e-03     0 7.162804e-03 4.268693e+01 1.205088e+02 8.543625e-02 1.520460e-03 
1.221000e+02 -3.871787e-02 5.655662e-02 1.458641e+00 1.077113e+04 6.100423e+03     0 7.081416e+03 1.088821e+04 -6.014622e-03     0 7.194604e-03 4.276193e+01 1.205043e+02 8.540233e-02 1.783578e-03 
1.222000e+02 -3.691643e-02 5.662262e-02 1.457514e+00 1.077242e+04 6.112398e+03     0 7.081416e+03 1.088821e+04 -6.373283e-03     0 7.215445e-03 4.283693e+01 1.205000e+02 8.537730e-02 2.005977e-03 
1.223000e+02 -3.479435e-02 5.669659e-02 1.456472e+00 1.077373e+04 6.124372e+03     0 7.081416e+03 1.088821e+04 -6.205300e-03     0 7.227399e-03 4.291193e+01 1.204960e+02 8.536040e-02 2.217084e-03 
1.224000e+02 -3.255674e-02 5.677856e-02 1.455519e+00 1.077505e+04 6.136344e+03     0 7.081416e+03 1.088821e+04 -5.813004e-03     0 7.232594e-03 4.298693e+01 1.204924e+02 8.535090e-02 2.403789e-03 
1.225000e+02 -3.035236e-02 5.686849e-02 1.454669e+00 1.077638e+04 6.148315e+03     0 7.142642e+03 1.088274e+04 -5.334859e-03     0 7.232085e-03 4.306193e+01 1.204890e+02 8.534776e-02 2.538873e-03 
1.226000e+02 -2.815092e-02 5.696565e-02 1.453930e+00 1.077772e+04 6.160284e+03     0 7.142642e+03 1.088274e+04 -6.471079e-03     0 7.226320e-03 4.313693e+01 1.204858e+02 8.534953e-02 2.619927e-03 
1.227000e+02 -2.572129e-02 5.706843e-02 1.453265e+00 1.077906e+04 6.172252e+03     0 7.142642e+03 1.088274e+04 -6.540433e-03     0 7.216091e-03 4.321193e+01 1.204829e+02 8.535465e-02 2.706688e-03 
1.228000e+02 -2.315625e-02 5.717612e-02 1.452657e+00 1.078042e+04 6.184219e+03     0 7.142642e+03 1.088274e+04 -6.185957e-03     0 7.202873e-03 4.328693e+01 1.204802e+02 8.536267e-02 2.813329e-03 
1.229000e+02 -2.061780e-02 5.728856e-02 1.452116e+00 1.078179e+04 6.196184e+03     0 7.142642e+03 1.088274e+04 -5.669506e-03     0 7.187743e-03 4.336193e+01 1.204778e+02 8.537325e-02 2.917844e-03 
  123 -1.821744e-02 5.740555e-02 1.451664e+00 1.078316e+04 6.208148e+03     0 7.203744e+03 1.087692e+04 -5.108406e-03     0 7.170984e-03 4.343693e+01 1.204755e+02 8.538587e-02 2.987945e-03 
1.231000e+02 -1.590968e-02 5.752652e-02 1.451309e+00 1.078454e+04 6.220112e+03     0 7.203744e+03 1.087692e+04 -6.038379e-03     0 7.152597e-03 4.351193e+01 1.204735e+02 8.539973e-02 3.016282e-03 
1.232000e+02 -1.347748e-02 5.765056e-02 1.451022e+00 1.078593e+04 6.232074e+03     0 7.203744e+03 1.087692e+04 -6.023720e-03     0 7.133078e-03 4.358693e+01 1.204716e+02 8.541383e-02 3.054016e-03 
1.233000e+02 -1.100554e-02 5.777735e-02 1.450788e+00 1.078732e+04 6.244036e+03     0 7.203744e+03 1.087692e+04 -5.645767e-03     0 7.113262e-03 4.366193e+01 1.204699e+02 8.542825e-02 3.112777e-03 
1.234000e+02 -8.654635e-03 5.790676e-02 1.450616e+00 1.078872e+04 6.255997e+03     0 7.203744e+03 1.087692e+04 -5.142575e-03     0 7.093462e-03 4.373693e+01 1.204684e+02 8.544312e-02 3.172806e-03 
1.235000e+02 -6.568510e-03 5.803850e-02 1.450524e+00 1.079012e+04 6.267958e+03     0 7.264702e+03 1.087075e+04 -4.625387e-03     0 7.073457e-03 4.381193e+01 1.204670e+02 8.545836e-02 3.206172e-03 
1.236000e+02 -4.844540e-03 5.817214e-02 1.450518e+00 1.079152e+04 6.279918e+03     0 7.264702e+03 1.087075e+04 -5.512040e-03     0 7.053024e-03 4.388693e+01 1.204658e+02 8.547353e-02 3.208812e-03 
1.237000e+02 -3.788478e-03 5.830738e-02 1.450568e+00 1.079292e+04 6.291878e+03     0 7.264702e+03 1.087075e+04 -5.634808e-03     0 7.032571e-03 4.396193e+01 1.204647e+02 8.548796e-02 3.231872e-03 
1.238000e+02 4.217146e-03 5.844431e-02 1.450655e+00 1.079433e+04 6.303838e+03     0 7.264702e+03 1.087075e+04 -4.787230e-03     0 7.007368e-03 4.403693e+01 1.204638e+02 8.550194e-02 3.292415e-03 
1.239000e+02 5.739523e-03 5.858325e-02 1.450805e+00 1.079574e+04 6.315797e+03     0 7.264702e+03 1.087075e+04 -3.945619e-03     0 6.991845e-03 4.411193e+01 1.204629e+02 8.551667e-02 3.342342e-03 
  124 7.473564e-03 5.872290e-02 1.451053e+00 1.079714e+04 6.327757e+03     0 7.325504e+03 1.086423e+04 -3.383825e-03     0 6.974449e-03 4.418693e+01 1.204622e+02 8.553145e-02 3.329211e-03 
1.241000e+02 9.219246e-03 5.886240e-02 1.451408e+00 1.079855e+04 6.339716e+03     0 7.325504e+03 1.086423e+04 -4.154418e-03     0 6.953262e-03 4.426193e+01 1.204616e+02 8.554555e-02 3.251515e-03 
1.242000e+02 1.112115e-02 5.900231e-02 1.451833e+00 1.079995e+04 6.351676e+03     0 7.325504e+03 1.086423e+04 -4.161983e-03     0 6.931709e-03 4.433693e+01 1.204611e+02 8.555884e-02 3.167162e-03 
1.243000e+02 1.312988e-02 5.914326e-02 1.452301e+00 1.080135e+04 6.363636e+03     0 7.325504e+03 1.086423e+04 -3.865347e-03     0 6.911429e-03 4.441193e+01 1.204607e+02 8.557195e-02 3.102630e-03 
1.244000e+02 1.512999e-02 5.928534e-02 1.452807e+00 1.080275e+04 6.375597e+03     0 7.325504e+03 1.086423e+04 -3.450436e-03     0 6.891921e-03 4.448693e+01 1.204604e+02 8.558517e-02 3.055042e-03 
1.245000e+02 1.703312e-02 5.942823e-02 1.453357e+00 1.080414e+04 6.387558e+03     0 7.386140e+03 1.085737e+04 -3.001680e-03     0 6.872284e-03 4.456193e+01 1.204602e+02 8.559844e-02 3.009251e-03 
1.246000e+02 1.886575e-02 5.957171e-02 1.453953e+00 1.080553e+04 6.399519e+03     0 7.386140e+03 1.085737e+04 -3.653435e-03     0 6.852251e-03 4.463693e+01 1.204601e+02 8.561152e-02 2.963381e-03 
1.247000e+02 2.078654e-02 5.971622e-02 1.454570e+00 1.080692e+04 6.411481e+03     0 7.386140e+03 1.085737e+04 -3.608075e-03     0 6.832392e-03 4.471193e+01 1.204600e+02 8.562398e-02 2.954179e-03 
1.248000e+02 2.274322e-02 5.986205e-02 1.455203e+00 1.080829e+04 6.423444e+03     0 7.386140e+03 1.085737e+04 -3.294328e-03     0 6.813056e-03 4.478693e+01 1.204600e+02 8.563605e-02 2.985724e-03 
1.249000e+02 2.463636e-02 6.000899e-02 1.455861e+00 1.080967e+04 6.435407e+03     0 7.386140e+03 1.085737e+04 -2.885358e-03     0 6.793946e-03 4.486193e+01 1.204601e+02 8.564797e-02 3.036700e-03 
  125 2.639974e-02 6.015651e-02 1.456565e+00 1.081103e+04 6.447372e+03     0 7.446605e+03 1.085020e+04 -2.457582e-03     0 6.774670e-03 4.493693e+01 1.204603e+02 8.565990e-02 3.078673e-03 
1.251000e+02 2.807636e-02 6.030426e-02 1.457327e+00 1.081239e+04 6.459337e+03     0 7.446605e+03 1.085020e+04 -3.072624e-03     0 6.755122e-03 4.501193e+01 1.204605e+02 8.567173e-02 3.100928e-03 
1.252000e+02 2.983109e-02 6.045270e-02 1.458130e+00 1.081374e+04 6.471303e+03     0 7.446605e+03 1.085020e+04 -3.037804e-03     0 6.735762e-03 4.508693e+01 1.204608e+02 8.568312e-02 3.134098e-03 
1.253000e+02 3.162369e-02 6.060206e-02 1.458968e+00 1.081509e+04 6.483270e+03     0 7.446605e+03 1.085020e+04 -2.752489e-03     0 6.716782e-03 4.516193e+01 1.204611e+02 8.569427e-02 3.182318e-03 
1.254000e+02 3.336608e-02 6.075202e-02 1.459850e+00 1.081642e+04 6.495239e+03     0 7.446605e+03 1.085020e+04 -2.377101e-03     0 6.697803e-03 4.523693e+01 1.204615e+02 8.570545e-02 3.228877e-03 
1.255000e+02 3.499832e-02 6.090199e-02 1.460791e+00 1.081774e+04 6.507208e+03     0 7.506896e+03 1.084272e+04 -1.982076e-03     0 6.678430e-03 4.531193e+01 1.204620e+02 8.571680e-02 3.252146e-03 
1.256000e+02 3.655910e-02 6.105168e-02 1.461795e+00 1.081906e+04 6.519179e+03     0 7.506896e+03 1.084272e+04 -2.540600e-03     0 6.658604e-03 4.538693e+01 1.204625e+02 8.572825e-02 3.247446e-03 
1.257000e+02 3.819785e-02 6.120179e-02 1.462845e+00 1.082036e+04 6.531151e+03     0 7.506896e+03 1.084272e+04 -2.501583e-03     0 6.638867e-03 4.546193e+01 1.204630e+02 8.573942e-02 3.247918e-03 
1.258000e+02 3.987443e-02 6.135269e-02 1.463929e+00 1.082165e+04 6.543124e+03     0 7.506896e+03 1.084272e+04 -2.231568e-03     0 6.619419e-03 4.553693e+01 1.204636e+02 8.575050e-02 3.261733e-03 
1.259000e+02 4.150482e-02 6.150413e-02 1.465052e+00 1.082293e+04 6.555098e+03     0 7.506896e+03 1.084272e+04 -1.878311e-03     0 6.599867e-03 4.561193e+01 1.204642e+02 8.576169e-02 3.276912e-03 
  126 4.303135e-02 6.165557e-02 1.466224e+00 1.082420e+04 6.567074e+03     0 7.567016e+03 1.083497e+04 -1.507103e-03     0 6.579853e-03 4.568693e+01 1.204649e+02 8.577310e-02 3.275788e-03 
1.261000e+02 4.448526e-02 6.180677e-02 1.467451e+00 1.082546e+04 6.579052e+03     0 7.567016e+03 1.083497e+04 -1.977149e-03     0 6.559393e-03 4.576193e+01 1.204656e+02 8.578466e-02 3.254641e-03 
1.262000e+02 4.599713e-02 6.195850e-02 1.468714e+00 1.082670e+04 6.591031e+03     0 7.567016e+03 1.083497e+04 -1.922732e-03     0 6.539070e-03 4.583693e+01 1.204664e+02 8.579602e-02 3.242395e-03 
1.263000e+02 4.753132e-02 6.211115e-02 1.470005e+00 1.082793e+04 6.603011e+03     0 7.567016e+03 1.083497e+04 -1.667221e-03     0 6.519068e-03 4.591193e+01 1.204671e+02 8.580733e-02 3.245558e-03 
1.264000e+02 4.901433e-02 6.226443e-02 1.471329e+00 1.082914e+04 6.614993e+03     0 7.567016e+03 1.083497e+04 -1.340919e-03     0 6.498998e-03 4.598693e+01 1.204679e+02 8.581872e-02 3.252702e-03 
1.265000e+02 5.039645e-02 6.241777e-02 1.472694e+00 1.083034e+04 6.626977e+03     0 7.626971e+03 1.082696e+04 -1.001257e-03     0 6.478549e-03 4.606193e+01 1.204688e+02 8.583029e-02 3.247378e-03 
1.266000e+02 5.170626e-02 6.257092e-02 1.474107e+00 1.083153e+04 6.638962e+03     0 7.626971e+03 1.082696e+04 -1.399979e-03     0 6.457786e-03 4.613693e+01 1.204697e+02 8.584198e-02 3.225466e-03 
1.267000e+02 5.305954e-02 6.272465e-02 1.475551e+00 1.083269e+04 6.650949e+03     0 7.626971e+03 1.082696e+04 -1.341849e-03     0 6.437281e-03 4.621193e+01 1.204705e+02 8.585348e-02 3.211627e-03 
1.268000e+02 5.442635e-02 6.287930e-02 1.477020e+00 1.083385e+04 6.662937e+03     0 7.626971e+03 1.082696e+04 -1.109509e-03     0 6.417187e-03 4.628693e+01 1.204715e+02 8.586489e-02 3.211138e-03 
1.269000e+02 5.574352e-02 6.303457e-02 1.478519e+00 1.083498e+04 6.674928e+03     0 7.626971e+03 1.082696e+04 -8.166811e-04     0 6.397127e-03 4.636193e+01 1.204724e+02 8.587632e-02 3.213802e-03 
  127 5.696851e-02 6.318989e-02 1.480054e+00 1.083610e+04 6.686920e+03     0 7.686768e+03 1.081871e+04 -5.133512e-04     0 6.376831e-03 4.643693e+01 1.204734e+02 8.588786e-02 3.205209e-03 
1.271000e+02 5.812662e-02 6.334503e-02 1.481631e+00 1.083721e+04 6.698913e+03     0 7.686768e+03 1.081871e+04 -8.501227e-04     0 6.356388e-03 4.651193e+01 1.204743e+02 8.589943e-02 3.181770e-03 
1.272000e+02 5.931867e-02 6.350072e-02 1.483237e+00 1.083829e+04 6.710909e+03     0 7.686768e+03 1.081871e+04 -7.925190e-04     0 6.336334e-03 4.658693e+01 1.204753e+02 8.591078e-02 3.164933e-03 
1.273000e+02 6.051917e-02 6.365730e-02 1.484865e+00 1.083936e+04 6.722906e+03     0 7.686768e+03 1.081871e+04 -5.850385e-04     0 6.316796e-03 4.666193e+01 1.204763e+02 8.592198e-02 3.159448e-03 
1.274000e+02 6.167379e-02 6.381448e-02 1.486518e+00 1.084041e+04 6.734905e+03     0 7.686768e+03 1.081871e+04 -3.260028e-04     0 6.297419e-03 4.673693e+01 1.204773e+02 8.593311e-02 3.156708e-03 
1.275000e+02 6.274602e-02 6.397172e-02 1.488204e+00 1.084144e+04 6.746906e+03     0 7.746420e+03 1.081026e+04 -5.859053e-05     0 6.277965e-03 4.681193e+01 1.204784e+02 8.594425e-02 3.144456e-03 
1.276000e+02 6.375724e-02 6.412881e-02 1.489925e+00 1.084245e+04 6.758908e+03     0 7.746420e+03 1.081026e+04 -3.348476e-04     0 6.258536e-03 4.688693e+01 1.204794e+02 8.595533e-02 3.119622e-03 
1.277000e+02 6.479314e-02 6.428642e-02 1.491671e+00 1.084344e+04 6.770912e+03     0 7.746420e+03 1.081026e+04 -2.776244e-04     0 6.239619e-03 4.696193e+01 1.204804e+02 8.596615e-02 3.100404e-03 
1.278000e+02 6.583241e-02 6.444487e-02 1.493436e+00 1.084441e+04 6.782918e+03     0 7.746420e+03 1.081026e+04 -9.425624e-05     0 6.221311e-03 4.703693e+01 1.204815e+02 8.597675e-02 3.090878e-03 
1.279000e+02 6.682929e-02 6.460387e-02 1.495223e+00 1.084536e+04 6.794926e+03     0 7.746420e+03 1.081026e+04 1.319271e-04     0 6.203289e-03 4.711193e+01 1.204825e+02 8.598719e-02 3.083824e-03 
  128 6.775317e-02 6.476295e-02 1.497038e+00 1.084630e+04 6.806936e+03     0 7.805938e+03 1.080164e+04 3.643790e-04     0 6.185348e-03 4.718693e+01 1.204836e+02 8.599753e-02 3.068944e-03 
1.281000e+02 6.862172e-02 6.492189e-02 1.498882e+00 1.084721e+04 6.818947e+03     0 7.805938e+03 1.080164e+04 1.464803e-04     0 6.167591e-03 4.726193e+01 1.204846e+02 8.600774e-02 3.043568e-03 
1.282000e+02 6.950606e-02 6.508131e-02 1.500748e+00 1.084809e+04 6.830960e+03     0 7.805938e+03 1.080164e+04 2.031176e-04     0 6.150441e-03 4.733693e+01 1.204857e+02 8.601763e-02 3.022691e-03 
1.283000e+02 7.038897e-02 6.524146e-02 1.502631e+00 1.084896e+04 6.842975e+03     0 7.805938e+03 1.080164e+04 3.629448e-04     0 6.133970e-03 4.741193e+01 1.204867e+02 8.602725e-02 3.009712e-03 
1.284000e+02 7.123305e-02 6.540210e-02 1.504531e+00 1.084981e+04 6.854991e+03     0 7.805938e+03 1.080164e+04 5.571585e-04     0 6.117892e-03 4.748693e+01 1.204878e+02 8.603664e-02 2.998756e-03 
1.285000e+02 7.201341e-02 6.556281e-02 1.506455e+00 1.085063e+04 6.867009e+03     0 7.865339e+03 1.079286e+04 7.556416e-04     0 6.102037e-03 4.756193e+01 1.204888e+02 8.604583e-02 2.981444e-03 
1.286000e+02 7.274414e-02 6.572340e-02 1.508404e+00 1.085143e+04 6.879029e+03     0 7.865339e+03 1.079286e+04 5.938860e-04     0 6.086499e-03 4.763693e+01 1.204898e+02 8.605482e-02 2.955537e-03 
1.287000e+02 7.348226e-02 6.588439e-02 1.510370e+00 1.085221e+04 6.891050e+03     0 7.865339e+03 1.079286e+04 6.498247e-04     0 6.071627e-03 4.771193e+01 1.204909e+02 8.606347e-02 2.932979e-03 
1.288000e+02 7.421445e-02 6.604599e-02 1.512351e+00 1.085297e+04 6.903073e+03     0 7.865339e+03 1.079286e+04 7.868403e-04     0 6.057475e-03 4.778693e+01 1.204919e+02 8.607179e-02 2.916554e-03 
1.289000e+02 7.491137e-02 6.620799e-02 1.514346e+00 1.085370e+04 6.915098e+03     0 7.865339e+03 1.079286e+04 9.501431e-04     0 6.043800e-03 4.786193e+01 1.204929e+02 8.607982e-02 2.901719e-03 
  129 7.555361e-02 6.637005e-02 1.516361e+00 1.085441e+04 6.927124e+03     0 7.924638e+03 1.078396e+04 1.115813e-03     0 6.030466e-03 4.793693e+01 1.204938e+02 8.608759e-02 2.881972e-03 
1.291000e+02 7.615174e-02 6.653202e-02 1.518395e+00 1.085510e+04 6.939151e+03     0 7.924638e+03 1.078396e+04 1.008210e-03     0 6.017551e-03 4.801193e+01 1.204948e+02 8.609510e-02 2.855501e-03 
1.292000e+02 7.674918e-02 6.669430e-02 1.520444e+00 1.085577e+04 6.951180e+03     0 7.924638e+03 1.078396e+04 1.063468e-03     0 6.005329e-03 4.808693e+01 1.204958e+02 8.610225e-02 2.831307e-03 
1.293000e+02 7.733636e-02 6.685705e-02 1.522504e+00 1.085640e+04 6.963210e+03     0 7.924638e+03 1.078396e+04 1.178471e-03     0 5.993837e-03 4.816193e+01 1.204967e+02 8.610904e-02 2.811579e-03 
1.294000e+02 7.789170e-02 6.702013e-02 1.524576e+00 1.085702e+04 6.975242e+03     0 7.924638e+03 1.078396e+04 1.311948e-03     0 5.982882e-03 4.823693e+01 1.204976e+02 8.611551e-02 2.793056e-03 
1.295000e+02 7.840105e-02 6.718326e-02 1.526663e+00 1.085761e+04 6.987275e+03     0 7.983853e+03 1.077496e+04 1.445958e-03     0 5.972362e-03 4.831193e+01 1.204985e+02 8.612167e-02 2.771034e-03 
1.296000e+02 7.887167e-02 6.734633e-02 1.528765e+00 1.085818e+04 6.999310e+03     0 7.983853e+03 1.077496e+04 1.390291e-03     0 5.962335e-03 4.838693e+01 1.204994e+02 8.612752e-02 2.744109e-03 
1.297000e+02 7.933383e-02 6.750961e-02 1.530878e+00 1.085872e+04 7.011345e+03     0 7.983853e+03 1.077496e+04 1.444783e-03     0 5.952999e-03 4.846193e+01 1.205003e+02 8.613300e-02 2.718445e-03 
1.298000e+02 7.978162e-02 6.767324e-02 1.533000e+00 1.085924e+04 7.023382e+03     0 7.983853e+03 1.077496e+04 1.538523e-03     0 5.944376e-03 4.853693e+01 1.205011e+02 8.613812e-02 2.695655e-03 
1.299000e+02 8.020089e-02 6.783710e-02 1.535131e+00 1.085973e+04 7.035420e+03     0 7.983853e+03 1.077496e+04 1.643236e-03     0 5.936331e-03 4.861193e+01 1.205020e+02 8.614289e-02 2.673702e-03 
  130 8.058260e-02 6.800102e-02 1.537273e+00 1.086020e+04 7.047459e+03     0 8.043002e+03 1.076589e+04 1.746727e-03     0 5.928790e-03 4.868693e+01 1.205028e+02 8.614732e-02 2.649606e-03 
1.301000e+02 8.093078e-02 6.816491e-02 1.539425e+00 1.086064e+04 7.059500e+03     0 8.043002e+03 1.076589e+04 1.740569e-03     0 5.921793e-03 4.876193e+01 1.205035e+02 8.615141e-02 2.622353e-03 
1.302000e+02 8.126317e-02 6.832894e-02 1.541585e+00 1.086106e+04 7.071541e+03     0 8.043002e+03 1.076589e+04 1.794144e-03     0 5.915459e-03 4.883693e+01 1.205043e+02 8.615515e-02 2.595396e-03 
1.303000e+02 8.157732e-02 6.849316e-02 1.543752e+00 1.086145e+04 7.083583e+03     0 8.043002e+03 1.076589e+04 1.867369e-03     0 5.909802e-03 4.891193e+01 1.205050e+02 8.615852e-02 2.569794e-03 
1.304000e+02 8.186622e-02 6.865754e-02 1.545925e+00 1.086182e+04 7.095626e+03     0 8.043002e+03 1.076589e+04 1.944406e-03     0 5.904743e-03 4.898693e+01 1.205057e+02 8.616152e-02 2.544676e-03 
1.305000e+02 8.212567e-02 6.882198e-02 1.548105e+00 1.086216e+04 7.107670e+03     0 8.102102e+03 1.075678e+04 2.018560e-03     0 5.900240e-03 4.906193e+01 1.205064e+02 8.616418e-02 2.518714e-03 
1.306000e+02 8.235668e-02 6.898644e-02 1.550290e+00 1.086248e+04 7.119715e+03     0 8.102102e+03 1.075678e+04 2.059366e-03     0 5.896307e-03 4.913693e+01 1.205071e+02 8.616649e-02 2.491269e-03 
1.307000e+02 8.256499e-02 6.915094e-02 1.552482e+00 1.086276e+04 7.131760e+03     0 8.102102e+03 1.075678e+04 2.111862e-03     0 5.892991e-03 4.921193e+01 1.205077e+02 8.616844e-02 2.463204e-03 
1.308000e+02 8.275147e-02 6.931552e-02 1.554677e+00 1.086303e+04 7.143807e+03     0 8.102102e+03 1.075678e+04 2.165350e-03     0 5.890301e-03 4.928693e+01 1.205083e+02 8.617005e-02 2.435050e-03 
1.309000e+02 8.291589e-02 6.948017e-02 1.556876e+00 1.086327e+04 7.155853e+03     0 8.102102e+03 1.075678e+04 2.215847e-03     0 5.888214e-03 4.936193e+01 1.205089e+02 8.617130e-02 2.407049e-03 
  131 8.305868e-02 6.964489e-02 1.559077e+00 1.086348e+04 7.167901e+03     0 8.161171e+03 1.074765e+04 2.261897e-03     0 5.886714e-03 4.943693e+01 1.205094e+02 8.617219e-02 2.379440e-03 
1.311000e+02 8.317794e-02 6.980967e-02 1.561281e+00 1.086366e+04 7.179949e+03     0 8.161171e+03 1.074765e+04 2.347033e-03     0 5.885795e-03 4.951193e+01 1.205100e+02 8.617273e-02 2.351942e-03 
1.312000e+02 8.326806e-02 6.997442e-02 1.563487e+00 1.086382e+04 7.191997e+03     0 8.161171e+03 1.074765e+04 2.398289e-03     0 5.885430e-03 4.958693e+01 1.205104e+02 8.617293e-02 2.322961e-03 
1.313000e+02 8.333304e-02 7.013912e-02 1.565695e+00 1.086396e+04 7.204046e+03     0 8.161171e+03 1.074765e+04 2.432854e-03     0 5.885627e-03 4.966193e+01 1.205109e+02 8.617281e-02 2.292523e-03 
1.314000e+02 8.337907e-02 7.030382e-02 1.567904e+00 1.086406e+04 7.216095e+03     0 8.161171e+03 1.074765e+04 2.457993e-03     0 5.886419e-03 4.973693e+01 1.205114e+02 8.617234e-02 2.261924e-03 
1.315000e+02 8.341097e-02 7.046862e-02 1.570112e+00 1.086414e+04 7.228145e+03     0 8.220225e+03 1.073854e+04 2.477223e-03     0 5.887815e-03 4.981193e+01 1.205118e+02 8.617152e-02 2.232887e-03 
1.316000e+02 8.342410e-02 7.063351e-02 1.572318e+00 1.086420e+04 7.240194e+03     0 8.220225e+03 1.073854e+04 2.603992e-03     0 5.889784e-03 4.988693e+01 1.205122e+02 8.617036e-02 2.205470e-03 
1.317000e+02 8.340211e-02 7.079830e-02 1.574524e+00 1.086423e+04 7.252244e+03     0 8.220225e+03 1.073854e+04 2.653856e-03     0 5.892235e-03 4.996193e+01 1.205125e+02 8.616888e-02 2.175758e-03 
1.318000e+02 8.335195e-02 7.096292e-02 1.576730e+00 1.086423e+04 7.264294e+03     0 8.220225e+03 1.073854e+04 2.670346e-03     0 5.895176e-03 5.003693e+01 1.205128e+02 8.616710e-02 2.143301e-03 
1.319000e+02 8.328588e-02 7.112749e-02 1.578935e+00 1.086420e+04 7.276344e+03     0 8.220225e+03 1.073854e+04 2.671356e-03     0 5.898692e-03 5.011193e+01 1.205131e+02 8.616501e-02 2.110385e-03 
  132 8.321282e-02 7.129217e-02 1.581135e+00 1.086415e+04 7.288394e+03     0 8.279281e+03 1.072946e+04 2.665097e-03     0 5.902814e-03 5.018693e+01 1.205134e+02 8.616257e-02 2.080132e-03 
1.321000e+02 8.312560e-02 7.145698e-02 1.583329e+00 1.086408e+04 7.300443e+03     0 8.279281e+03 1.072946e+04 2.830761e-03     0 5.907489e-03 5.026193e+01 1.205137e+02 8.615980e-02 2.052920e-03 
1.322000e+02 8.299773e-02 7.162163e-02 1.585521e+00 1.086398e+04 7.312493e+03     0 8.279281e+03 1.072946e+04 2.879091e-03     0 5.912565e-03 5.033693e+01 1.205139e+02 8.615675e-02 2.022655e-03 
1.323000e+02 8.283894e-02 7.178601e-02 1.587712e+00 1.086385e+04 7.324543e+03     0 8.279281e+03 1.072946e+04 2.878388e-03     0 5.918055e-03 5.041193e+01 1.205141e+02 8.615343e-02 1.988436e-03 
1.324000e+02 8.266718e-02 7.195028e-02 1.589898e+00 1.086369e+04 7.336592e+03     0 8.279281e+03 1.072946e+04 2.856536e-03     0 5.924089e-03 5.048693e+01 1.205142e+02 8.614981e-02 1.953477e-03 
1.325000e+02 8.249526e-02 7.211468e-02 1.592076e+00 1.086351e+04 7.348641e+03     0 8.338353e+03 1.072044e+04 2.826159e-03     0 5.930720e-03 5.056193e+01 1.205144e+02 8.614588e-02 1.922212e-03 
1.326000e+02 8.231356e-02 7.227925e-02 1.594246e+00 1.086330e+04 7.360689e+03     0 8.338353e+03 1.072044e+04 3.027953e-03     0 5.937871e-03 5.063693e+01 1.205145e+02 8.614164e-02 1.895323e-03 
1.327000e+02 8.208618e-02 7.244360e-02 1.596411e+00 1.086307e+04 7.372737e+03     0 8.338353e+03 1.072044e+04 3.074621e-03     0 5.945339e-03 5.071193e+01 1.205145e+02 8.613714e-02 1.864675e-03 
1.328000e+02 8.182541e-02 7.260760e-02 1.598572e+00 1.086281e+04 7.384785e+03     0 8.338353e+03 1.072044e+04 3.057635e-03     0 5.953141e-03 5.078693e+01 1.205146e+02 8.613240e-02 1.828943e-03 
1.329000e+02 8.155451e-02 7.277144e-02 1.600727e+00 1.086253e+04 7.396832e+03     0 8.338353e+03 1.072044e+04 3.014222e-03     0 5.961450e-03 5.086193e+01 1.205146e+02 8.612740e-02 1.792209e-03 
  133 8.128989e-02 7.293542e-02 1.602871e+00 1.086221e+04 7.408878e+03     0 8.397456e+03 1.071151e+04 2.961130e-03     0 5.970334e-03 5.093693e+01 1.205146e+02 8.612212e-02 1.760131e-03 
1.331000e+02 8.101972e-02 7.309963e-02 1.605003e+00 1.086188e+04 7.420924e+03     0 8.397456e+03 1.071151e+04 3.196274e-03     0 5.979698e-03 5.101193e+01 1.205146e+02 8.611655e-02 1.733671e-03 
1.332000e+02 8.069927e-02 7.326356e-02 1.607128e+00 1.086152e+04 7.432969e+03     0 8.397456e+03 1.071151e+04 3.241166e-03     0 5.989292e-03 5.108693e+01 1.205146e+02 8.611076e-02 1.702801e-03 
1.333000e+02 8.034324e-02 7.342706e-02 1.609248e+00 1.086113e+04 7.445013e+03     0 8.397456e+03 1.071151e+04 3.208828e-03     0 5.999139e-03 5.116193e+01 1.205145e+02 8.610476e-02 1.665800e-03 
1.334000e+02 7.997982e-02 7.359036e-02 1.611359e+00 1.086072e+04 7.457057e+03     0 8.397456e+03 1.071151e+04 3.145179e-03     0 6.009451e-03 5.123693e+01 1.205144e+02 8.609854e-02 1.627553e-03 
1.335000e+02 7.962876e-02 7.375382e-02 1.613458e+00 1.086028e+04 7.469099e+03     0 8.456602e+03 1.070268e+04 3.070798e-03     0 6.020307e-03 5.131193e+01 1.205143e+02 8.609206e-02 1.594850e-03 
1.336000e+02 7.927616e-02 7.391754e-02 1.615540e+00 1.085981e+04 7.481141e+03     0 8.456602e+03 1.070268e+04 3.336507e-03     0 6.031593e-03 5.138693e+01 1.205142e+02 8.608533e-02 1.568920e-03 
1.337000e+02 7.886915e-02 7.408095e-02 1.617614e+00 1.085933e+04 7.493182e+03     0 8.456602e+03 1.070268e+04 3.379518e-03     0 6.043025e-03 5.146193e+01 1.205140e+02 8.607840e-02 1.537982e-03 
1.338000e+02 7.842465e-02 7.424386e-02 1.619681e+00 1.085881e+04 7.505221e+03     0 8.456602e+03 1.070268e+04 3.332778e-03     0 6.054630e-03 5.153693e+01 1.205138e+02 8.607131e-02 1.499947e-03 
1.339000e+02 7.797539e-02 7.440655e-02 1.621738e+00 1.085827e+04 7.517260e+03     0 8.456602e+03 1.070268e+04 3.250235e-03     0 6.066653e-03 5.161193e+01 1.205136e+02 8.606403e-02 1.460441e-03 
  134 7.754418e-02 7.456941e-02 1.623779e+00 1.085771e+04 7.529297e+03     0 8.515802e+03 1.069398e+04 3.156012e-03     0 6.079181e-03 5.168693e+01 1.205134e+02 8.605654e-02 1.427296e-03 
1.341000e+02 7.711524e-02 7.473256e-02 1.625801e+00 1.085712e+04 7.541333e+03     0 8.515802e+03 1.069398e+04 3.449504e-03     0 6.092085e-03 5.176193e+01 1.205131e+02 8.604881e-02 1.401988e-03 
1.342000e+02 7.662824e-02 7.489536e-02 1.627813e+00 1.085651e+04 7.553368e+03     0 8.515802e+03 1.069398e+04 3.490540e-03     0 6.105051e-03 5.183693e+01 1.205129e+02 8.604093e-02 1.371128e-03 
1.343000e+02 7.610208e-02 7.505763e-02 1.629817e+00 1.085588e+04 7.565402e+03     0 8.515802e+03 1.069398e+04 3.430359e-03     0 6.118115e-03 5.191193e+01 1.205126e+02 8.603291e-02 1.332289e-03 
1.344000e+02 7.557367e-02 7.521965e-02 1.631808e+00 1.085522e+04 7.577435e+03     0 8.515802e+03 1.069398e+04 3.330278e-03     0 6.131545e-03 5.198693e+01 1.205123e+02 8.602475e-02 1.291771e-03 
1.345000e+02 7.506864e-02 7.538185e-02 1.633782e+00 1.085453e+04 7.589466e+03     0 8.575065e+03 1.068543e+04 3.217670e-03     0 6.145437e-03 5.206193e+01 1.205119e+02 8.601642e-02 1.258361e-03 
1.346000e+02 7.456947e-02 7.554436e-02 1.635735e+00 1.085382e+04 7.601495e+03     0 8.575065e+03 1.068543e+04 3.536170e-03     0 6.159645e-03 5.213693e+01 1.205116e+02 8.600788e-02 1.233760e-03 
1.347000e+02 7.400903e-02 7.570651e-02 1.637675e+00 1.085309e+04 7.613524e+03     0 8.575065e+03 1.068543e+04 3.575148e-03     0 6.173837e-03 5.221193e+01 1.205112e+02 8.599922e-02 1.203118e-03 
1.348000e+02 7.340804e-02 7.586809e-02 1.639605e+00 1.085234e+04 7.625550e+03     0 8.575065e+03 1.068543e+04 3.502495e-03     0 6.188055e-03 5.228693e+01 1.205109e+02 8.599046e-02 1.163698e-03 
1.349000e+02 7.280719e-02 7.602941e-02 1.641522e+00 1.085156e+04 7.637576e+03     0 8.575065e+03 1.068543e+04 3.386241e-03     0 6.202587e-03 5.236193e+01 1.205105e+02 8.598160e-02 1.122410e-03 
  135 7.223466e-02 7.619092e-02 1.643419e+00 1.085076e+04 7.649599e+03     0 8.634399e+03 1.067706e+04 3.256712e-03     0 6.217530e-03 5.243693e+01 1.205101e+02 8.597259e-02 1.088905e-03 
1.351000e+02 7.167136e-02 7.635275e-02 1.645293e+00 1.084993e+04 7.661622e+03     0 8.634399e+03 1.067706e+04 3.597460e-03     0 6.232728e-03 5.251193e+01 1.205096e+02 8.596343e-02 1.065092e-03 
1.352000e+02 7.104403e-02 7.651421e-02 1.647152e+00 1.084908e+04 7.673642e+03     0 8.634399e+03 1.067706e+04 3.634302e-03     0 6.247838e-03 5.258693e+01 1.205092e+02 8.595416e-02 1.034801e-03 
1.353000e+02 7.037504e-02 7.667508e-02 1.649001e+00 1.084821e+04 7.685661e+03     0 8.634399e+03 1.067706e+04 3.550153e-03     0 6.262907e-03 5.266193e+01 1.205088e+02 8.594483e-02 9.950171e-04 
1.354000e+02 6.970844e-02 7.683568e-02 1.650835e+00 1.084732e+04 7.697679e+03     0 8.634399e+03 1.067706e+04 3.419092e-03     0 6.278237e-03 5.273693e+01 1.205083e+02 8.593545e-02 9.531951e-04 
1.355000e+02 6.907470e-02 7.699648e-02 1.652646e+00 1.084641e+04 7.709694e+03     0 8.693810e+03 1.066888e+04 3.274111e-03     0 6.293925e-03 5.281193e+01 1.205078e+02 8.592596e-02 9.197603e-04 
1.356000e+02 6.845337e-02 7.715762e-02 1.654433e+00 1.084547e+04 7.721708e+03     0 8.693810e+03 1.066888e+04 3.634361e-03     0 6.309806e-03 5.288693e+01 1.205073e+02 8.591634e-02 8.968087e-04 
1.357000e+02 6.776569e-02 7.731838e-02 1.656203e+00 1.084451e+04 7.733720e+03     0 8.693810e+03 1.066888e+04 3.668997e-03     0 6.325531e-03 5.296193e+01 1.205068e+02 8.590665e-02 8.669995e-04 
1.358000e+02 6.703547e-02 7.747854e-02 1.657962e+00 1.084354e+04 7.745731e+03     0 8.693810e+03 1.066888e+04 3.574330e-03     0 6.341157e-03 5.303693e+01 1.205063e+02 8.589693e-02 8.270626e-04 
1.359000e+02 6.630980e-02 7.763842e-02 1.659705e+00 1.084253e+04 7.757739e+03     0 8.693810e+03 1.066888e+04 3.429832e-03     0 6.356991e-03 5.311193e+01 1.205058e+02 8.588719e-02 7.849369e-04 
  136 6.562113e-02 7.779852e-02 1.661424e+00 1.084151e+04 7.769746e+03     0 8.753303e+03 1.066091e+04 3.270864e-03     0 6.373125e-03 5.318693e+01 1.205053e+02 8.587738e-02 7.517325e-04 
1.361000e+02 6.494782e-02 7.795895e-02 1.663116e+00 1.084047e+04 7.781751e+03     0 8.753303e+03 1.066091e+04 3.647893e-03     0 6.389392e-03 5.326193e+01 1.205048e+02 8.586748e-02 7.297137e-04 
1.362000e+02 6.420629e-02 7.811901e-02 1.664790e+00 1.083941e+04 7.793754e+03     0 8.753303e+03 1.066091e+04 3.680259e-03     0 6.405444e-03 5.333693e+01 1.205042e+02 8.585753e-02 7.005100e-04 
1.363000e+02 6.342162e-02 7.827847e-02 1.666452e+00 1.083832e+04 7.805755e+03     0 8.753303e+03 1.066091e+04 3.576052e-03     0 6.421345e-03 5.341193e+01 1.205037e+02 8.584759e-02 6.606270e-04 
1.364000e+02 6.264349e-02 7.843767e-02 1.668097e+00 1.083722e+04 7.817755e+03     0 8.753303e+03 1.066091e+04 3.419482e-03     0 6.437400e-03 5.348693e+01 1.205031e+02 8.583766e-02 6.184232e-04 
1.365000e+02 6.190615e-02 7.859707e-02 1.669716e+00 1.083610e+04 7.829752e+03     0 8.812880e+03 1.065318e+04 3.247992e-03     0 6.453700e-03 5.356193e+01 1.205026e+02 8.582770e-02 5.856049e-04 
1.366000e+02 6.118688e-02 7.875681e-02 1.671307e+00 1.083495e+04 7.841748e+03     0 8.812880e+03 1.065318e+04 3.639095e-03     0 6.470072e-03 5.363693e+01 1.205020e+02 8.581768e-02 5.645857e-04 
1.367000e+02 6.039796e-02 7.891619e-02 1.672879e+00 1.083379e+04 7.853741e+03     0 8.812880e+03 1.065318e+04 3.669131e-03     0 6.486178e-03 5.371193e+01 1.205014e+02 8.580764e-02 5.361079e-04 
1.368000e+02 5.956554e-02 7.907498e-02 1.674438e+00 1.083261e+04 7.865733e+03     0 8.812880e+03 1.065318e+04 3.556361e-03     0 6.502088e-03 5.378693e+01 1.205008e+02 8.579762e-02 4.964807e-04 
1.369000e+02 5.874155e-02 7.923352e-02 1.675979e+00 1.083141e+04 7.877723e+03     0 8.812880e+03 1.065318e+04 3.389083e-03     0 6.518102e-03 5.386193e+01 1.205003e+02 8.578766e-02 4.544196e-04 
  137 5.796172e-02 7.939226e-02 1.677493e+00 1.083019e+04 7.889711e+03     0 8.872542e+03 1.064568e+04 3.206530e-03     0 6.534304e-03 5.393693e+01 1.204997e+02 8.577770e-02 4.221390e-04 
1.371000e+02 5.720248e-02 7.955134e-02 1.678976e+00 1.082895e+04 7.901697e+03     0 8.872542e+03 1.064568e+04 3.609024e-03     0 6.550520e-03 5.401193e+01 1.204991e+02 8.576771e-02 4.021829e-04 
1.372000e+02 5.637259e-02 7.971006e-02 1.680441e+00 1.082769e+04 7.913680e+03     0 8.872542e+03 1.064568e+04 3.636677e-03     0 6.566428e-03 5.408693e+01 1.204985e+02 8.575772e-02 3.745473e-04 
1.373000e+02 5.549909e-02 7.986823e-02 1.681891e+00 1.082642e+04 7.925663e+03     0 8.872542e+03 1.064568e+04 3.516319e-03     0 6.582102e-03 5.416193e+01 1.204979e+02 8.574779e-02 3.353733e-04 
1.374000e+02 5.463577e-02 8.002615e-02 1.683323e+00 1.082513e+04 7.937643e+03     0 8.872542e+03 1.064568e+04 3.339690e-03     0 6.597834e-03 5.423693e+01 1.204973e+02 8.573793e-02 2.936712e-04 
1.375000e+02 5.381961e-02 8.018428e-02 1.684726e+00 1.082382e+04 7.949621e+03     0 8.932290e+03 1.063845e+04 3.147529e-03     0 6.613697e-03 5.431193e+01 1.204967e+02 8.572812e-02 2.620759e-04 
1.376000e+02 5.302632e-02 8.034272e-02 1.686098e+00 1.082249e+04 7.961597e+03     0 8.932290e+03 1.063845e+04 3.558755e-03     0 6.629520e-03 5.438693e+01 1.204961e+02 8.571830e-02 2.432427e-04 
1.377000e+02 5.216182e-02 8.050084e-02 1.687450e+00 1.082115e+04 7.973571e+03     0 8.932290e+03 1.063845e+04 3.583975e-03     0 6.645001e-03 5.446193e+01 1.204955e+02 8.570850e-02 2.165616e-04 
1.378000e+02 5.125386e-02 8.065843e-02 1.688787e+00 1.081979e+04 7.985544e+03     0 8.932290e+03 1.063845e+04 3.457000e-03     0 6.660219e-03 5.453693e+01 1.204950e+02 8.569878e-02 1.780335e-04 
1.379000e+02 5.035771e-02 8.081580e-02 1.690104e+00 1.081841e+04 7.997514e+03     0 8.932290e+03 1.063845e+04 3.272373e-03     0 6.675451e-03 5.461193e+01 1.204944e+02 8.568916e-02 1.369017e-04 
  138 4.951132e-02 8.097336e-02 1.691393e+00 1.081702e+04 8.009483e+03     0 8.992121e+03 1.063149e+04 3.072053e-03     0 6.690758e-03 5.468693e+01 1.204938e+02 8.567962e-02 1.061349e-04 
1.381000e+02 4.868987e-02 8.113122e-02 1.692649e+00 1.081561e+04 8.021449e+03     0 8.992121e+03 1.063149e+04 3.489377e-03     0 6.705977e-03 5.476193e+01 1.204932e+02 8.567010e-02 8.848041e-05 
1.382000e+02 4.779709e-02 8.128877e-02 1.693885e+00 1.081419e+04 8.033414e+03     0 8.992121e+03 1.063149e+04 3.512118e-03     0 6.720828e-03 5.483693e+01 1.204926e+02 8.566061e-02 6.286183e-05 
1.383000e+02 4.686123e-02 8.144585e-02 1.695105e+00 1.081275e+04 8.045377e+03     0 8.992121e+03 1.063149e+04 3.379499e-03     0 6.735395e-03 5.491193e+01 1.204920e+02 8.565122e-02 2.516700e-05 
1.384000e+02 4.593869e-02 8.160272e-02 1.696305e+00 1.081129e+04 8.057338e+03     0 8.992121e+03 1.063149e+04 3.188223e-03     0 6.749935e-03 5.498693e+01 1.204915e+02 8.564195e-02 -1.518894e-05 
1.385000e+02 4.506814e-02 8.175977e-02 1.697476e+00 1.080983e+04 8.069297e+03     0 9.052032e+03 1.062481e+04 2.981185e-03     0 6.764499e-03 5.506193e+01 1.204909e+02 8.563279e-02 -4.498961e-05 
1.386000e+02 4.422438e-02 8.191710e-02 1.698613e+00 1.080834e+04 8.081255e+03     0 9.052032e+03 1.062481e+04 3.401999e-03     0 6.778929e-03 5.513693e+01 1.204903e+02 8.562367e-02 -6.141412e-05 
1.387000e+02 4.330959e-02 8.207416e-02 1.699729e+00 1.080685e+04 8.093210e+03     0 9.052032e+03 1.062481e+04 3.422226e-03     0 6.792975e-03 5.521193e+01 1.204898e+02 8.561461e-02 -8.586809e-05 
1.388000e+02 4.235237e-02 8.223078e-02 1.700829e+00 1.080533e+04 8.105164e+03     0 9.052032e+03 1.062481e+04 3.284932e-03     0 6.806724e-03 5.528693e+01 1.204892e+02 8.560565e-02 -1.225490e-04 
1.389000e+02 4.140985e-02 8.238721e-02 1.701908e+00 1.080381e+04 8.117116e+03     0 9.052032e+03 1.062481e+04 3.088353e-03     0 6.820409e-03 5.536193e+01 1.204887e+02 8.559683e-02 -1.619306e-04 
  139 4.052116e-02 8.254382e-02 1.702958e+00 1.080227e+04 8.129066e+03     0 9.112020e+03 1.061842e+04 2.876039e-03     0 6.834070e-03 5.543693e+01 1.204882e+02 8.558814e-02 -1.906344e-04 
1.391000e+02 3.966091e-02 8.270068e-02 1.703974e+00 1.080072e+04 8.141015e+03     0 9.112020e+03 1.061842e+04 3.297767e-03     0 6.847558e-03 5.551193e+01 1.204876e+02 8.557953e-02 -2.057846e-04 
1.392000e+02 3.873037e-02 8.285730e-02 1.704968e+00 1.079916e+04 8.152962e+03     0 9.112020e+03 1.061842e+04 3.315452e-03     0 6.860653e-03 5.558693e+01 1.204871e+02 8.557097e-02 -2.289797e-04 
1.393000e+02 3.775830e-02 8.301353e-02 1.705946e+00 1.079758e+04 8.164907e+03     0 9.112020e+03 1.061842e+04 3.174457e-03     0 6.873444e-03 5.566193e+01 1.204866e+02 8.556253e-02 -2.644752e-04 
1.394000e+02 3.680220e-02 8.316961e-02 1.706903e+00 1.079599e+04 8.176850e+03     0 9.112020e+03 1.061842e+04 2.973924e-03     0 6.886141e-03 5.573693e+01 1.204861e+02 8.555425e-02 -3.026942e-04 
1.395000e+02 3.590138e-02 8.332584e-02 1.707830e+00 1.079439e+04 8.188792e+03     0 9.172078e+03 1.061232e+04 2.757777e-03     0 6.898769e-03 5.581193e+01 1.204856e+02 8.554612e-02 -3.301806e-04 
1.396000e+02 3.503043e-02 8.348231e-02 1.708722e+00 1.079278e+04 8.200732e+03     0 9.172078e+03 1.061232e+04 3.177879e-03     0 6.911190e-03 5.588693e+01 1.204851e+02 8.553808e-02 -3.440228e-04 
1.397000e+02 3.409039e-02 8.363855e-02 1.709593e+00 1.079116e+04 8.212671e+03     0 9.172078e+03 1.061232e+04 3.193011e-03     0 6.923218e-03 5.596193e+01 1.204846e+02 8.553010e-02 -3.658767e-04 
1.398000e+02 3.311001e-02 8.379447e-02 1.710447e+00 1.078953e+04 8.224608e+03     0 9.172078e+03 1.061232e+04 3.049302e-03     0 6.934943e-03 5.603693e+01 1.204842e+02 8.552225e-02 -4.000294e-04 
1.399000e+02 3.214674e-02 8.395025e-02 1.711281e+00 1.078788e+04 8.236544e+03     0 9.172078e+03 1.061232e+04 2.846173e-03     0 6.946546e-03 5.611193e+01 1.204837e+02 8.551457e-02 -4.369129e-04 
  140 3.123985e-02 8.410618e-02 1.712084e+00 1.078623e+04 8.248478e+03     0 9.232200e+03 1.060653e+04 2.627648e-03     0 6.958043e-03 5.618693e+01 1.204832e+02 8.550705e-02 -4.630777e-04 
1.401000e+02 3.036405e-02 8.426231e-02 1.712852e+00 1.078456e+04 8.260411e+03     0 9.232200e+03 1.060653e+04 3.043636e-03     0 6.969304e-03 5.626193e+01 1.204828e+02 8.549964e-02 -4.755955e-04 
1.402000e+02 2.942083e-02 8.441826e-02 1.713599e+00 1.078289e+04 8.272342e+03     0 9.232200e+03 1.060653e+04 3.056235e-03     0 6.980179e-03 5.633693e+01 1.204824e+02 8.549230e-02 -4.960462e-04 
1.403000e+02 2.843875e-02 8.457393e-02 1.714329e+00 1.078121e+04 8.284272e+03     0 9.232200e+03 1.060653e+04 2.910826e-03     0 6.990758e-03 5.641193e+01 1.204820e+02 8.548510e-02 -5.287217e-04 
1.404000e+02 2.747485e-02 8.472950e-02 1.715038e+00 1.077951e+04 8.296201e+03     0 9.232200e+03 1.060653e+04 2.706494e-03     0 7.001194e-03 5.648693e+01 1.204816e+02 8.547807e-02 -5.641228e-04 
1.405000e+02 2.656806e-02 8.488519e-02 1.715716e+00 1.077781e+04 8.308128e+03     0 9.292380e+03 1.060104e+04 2.487082e-03     0 7.011489e-03 5.656193e+01 1.204812e+02 8.547121e-02 -5.888909e-04 
1.406000e+02 2.569340e-02 8.504106e-02 1.716360e+00 1.077610e+04 8.320054e+03     0 9.292380e+03 1.060104e+04 2.896543e-03     0 7.021529e-03 5.663693e+01 1.204808e+02 8.546447e-02 -6.000997e-04 
1.407000e+02 2.475355e-02 8.519677e-02 1.716983e+00 1.077438e+04 8.331979e+03     0 9.292380e+03 1.060104e+04 2.906693e-03     0 7.031196e-03 5.671193e+01 1.204804e+02 8.545781e-02 -6.191216e-04 
1.408000e+02 2.377667e-02 8.535227e-02 1.717588e+00 1.077266e+04 8.343903e+03     0 9.292380e+03 1.060104e+04 2.760664e-03     0 7.040579e-03 5.678693e+01 1.204800e+02 8.545128e-02 -6.502282e-04 
1.409000e+02 2.281904e-02 8.550769e-02 1.718173e+00 1.077092e+04 8.355825e+03     0 9.292380e+03 1.060104e+04 2.556601e-03     0 7.049804e-03 5.686193e+01 1.204797e+02 8.544493e-02 -6.840487e-04 
  141 2.191891e-02 8.566322e-02 1.718728e+00 1.076918e+04 8.367747e+03     0 9.352610e+03 1.059584e+04 2.337885e-03     0 7.058859e-03 5.693693e+01 1.204793e+02 8.543877e-02 -7.074001e-04 
1.411000e+02 2.105182e-02 8.581890e-02 1.719248e+00 1.076743e+04 8.379667e+03     0 9.352610e+03 1.059584e+04 2.738551e-03     0 7.067645e-03 5.701193e+01 1.204790e+02 8.543273e-02 -7.173792e-04 
1.412000e+02 2.012246e-02 8.597445e-02 1.719747e+00 1.076567e+04 8.391586e+03     0 9.352610e+03 1.059584e+04 2.746473e-03     0 7.076078e-03 5.708693e+01 1.204787e+02 8.542676e-02 -7.350217e-04 
1.413000e+02 1.915851e-02 8.612985e-02 1.720229e+00 1.076391e+04 8.403505e+03     0 9.352610e+03 1.059584e+04 2.601077e-03     0 7.084245e-03 5.716193e+01 1.204784e+02 8.542093e-02 -7.645550e-04 
1.414000e+02 1.821500e-02 8.628519e-02 1.720690e+00 1.076214e+04 8.415422e+03     0 9.352610e+03 1.059584e+04 2.398966e-03     0 7.092243e-03 5.723693e+01 1.204781e+02 8.541527e-02 -7.967999e-04 
1.415000e+02 1.732919e-02 8.644063e-02 1.721122e+00 1.076037e+04 8.427338e+03     0 9.412881e+03 1.059094e+04 2.182781e-03     0 7.100050e-03 5.731193e+01 1.204778e+02 8.540980e-02 -8.188366e-04 
1.416000e+02 1.647740e-02 8.659618e-02 1.721520e+00 1.075859e+04 8.439254e+03     0 9.412881e+03 1.059094e+04 2.572712e-03     0 7.107579e-03 5.738693e+01 1.204776e+02 8.540447e-02 -8.278100e-04 
1.417000e+02 1.556748e-02 8.675165e-02 1.721896e+00 1.075680e+04 8.451168e+03     0 9.412881e+03 1.059094e+04 2.579006e-03     0 7.114782e-03 5.746193e+01 1.204773e+02 8.539920e-02 -8.442961e-04 
1.418000e+02 1.462662e-02 8.690700e-02 1.722256e+00 1.075501e+04 8.463082e+03     0 9.412881e+03 1.059094e+04 2.435985e-03     0 7.121740e-03 5.753693e+01 1.204771e+02 8.539407e-02 -8.724612e-04 
1.419000e+02 1.370817e-02 8.706234e-02 1.722595e+00 1.075322e+04 8.474995e+03     0 9.412881e+03 1.059094e+04 2.238144e-03     0 7.128524e-03 5.761193e+01 1.204769e+02 8.538911e-02 -9.033895e-04 
  142 1.284804e-02 8.721775e-02 1.722906e+00 1.075142e+04 8.486908e+03     0 9.473185e+03 1.058632e+04 2.027109e-03     0 7.135102e-03 5.768693e+01 1.204767e+02 8.538433e-02 -9.245265e-04 
1.421000e+02 1.202378e-02 8.737324e-02 1.723183e+00 1.074961e+04 8.498820e+03     0 9.473185e+03 1.058632e+04 2.405356e-03     0 7.141401e-03 5.776193e+01 1.204765e+02 8.537969e-02 -9.331069e-04 
1.422000e+02 1.114871e-02 8.752869e-02 1.723439e+00 1.074781e+04 8.510731e+03     0 9.473185e+03 1.058632e+04 2.411878e-03     0 7.147403e-03 5.783693e+01 1.204763e+02 8.537511e-02 -9.491441e-04 
1.423000e+02 1.025026e-02 8.768407e-02 1.723679e+00 1.074599e+04 8.522641e+03     0 9.473185e+03 1.058632e+04 2.274716e-03     0 7.153188e-03 5.791193e+01 1.204761e+02 8.537066e-02 -9.767542e-04 
1.424000e+02 9.380175e-03 8.783946e-02 1.723899e+00 1.074418e+04 8.534552e+03     0 9.473185e+03 1.058632e+04 2.085862e-03     0 7.158799e-03 5.798693e+01 1.204759e+02 8.536637e-02 -1.007401e-03 
1.425000e+02 8.572916e-03 8.799491e-02 1.724091e+00 1.074236e+04 8.546461e+03     0 9.533515e+03 1.058197e+04 1.885776e-03     0 7.164196e-03 5.806193e+01 1.204758e+02 8.536226e-02 -1.029061e-03 
1.426000e+02 7.809512e-03 8.815041e-02 1.724251e+00 1.074054e+04 8.558370e+03     0 9.533515e+03 1.058197e+04 2.255610e-03     0 7.169318e-03 5.813693e+01 1.204757e+02 8.535828e-02 -1.039189e-03 
1.427000e+02 7.017147e-03 8.830590e-02 1.724390e+00 1.073872e+04 8.570279e+03     0 9.533515e+03 1.058197e+04 2.270094e-03     0 7.174180e-03 5.821193e+01 1.204755e+02 8.535436e-02 -1.057246e-03 
1.428000e+02 6.230643e-03 8.846137e-02 1.724513e+00 1.073689e+04 8.582187e+03     0 9.533515e+03 1.058197e+04 2.151165e-03     0 7.178854e-03 5.828693e+01 1.204754e+02 8.535054e-02 -1.087478e-03 
1.429000e+02 5.507089e-03 8.861688e-02 1.724618e+00 1.073506e+04 8.594095e+03     0 9.533515e+03 1.058197e+04 1.989460e-03     0 7.183362e-03 5.836193e+01 1.204753e+02 8.534688e-02 -1.122134e-03 
  143 4.887624e-03 8.877243e-02 1.724696e+00 1.073323e+04 8.606003e+03     0 9.593861e+03 1.057788e+04 1.825906e-03     0 7.187657e-03 5.843693e+01 1.204752e+02 8.534338e-02 -1.150354e-03 
1.431000e+02 4.376866e-03 8.892802e-02 1.724744e+00 1.073140e+04 8.617911e+03     0 9.593861e+03 1.057788e+04 2.219708e-03     0 7.191695e-03 5.851193e+01 1.204752e+02 8.534000e-02 -1.170636e-03 
1.432000e+02 3.974492e-03 8.908362e-02 1.724774e+00 1.072957e+04 8.629818e+03     0 9.593861e+03 1.057788e+04 2.294389e-03     0 7.195515e-03 5.858693e+01 1.204751e+02 8.533665e-02 -1.202917e-03 
1.433000e+02 3.773630e-03 8.923927e-02 1.724792e+00 1.072774e+04 8.641725e+03     0 9.593861e+03 1.057788e+04 2.276645e-03     0 7.199196e-03 5.866193e+01 1.204751e+02 8.533337e-02 -1.253384e-03 
1.434000e+02 -3.842748e-03 8.939502e-02 1.724794e+00 1.072591e+04 8.653633e+03     0 9.593861e+03 1.057788e+04 1.428617e-03     0 7.202235e-03 5.873693e+01 1.204750e+02 8.533022e-02 -1.315074e-03 
1.435000e+02 -4.085585e-03 8.955083e-02 1.724749e+00 1.072407e+04 8.665540e+03     0 9.654217e+03 1.057401e+04 7.241917e-04     0 7.205906e-03 5.881193e+01 1.204750e+02 8.532747e-02 -1.335659e-03 
1.436000e+02 -4.346170e-03 8.970650e-02 1.724629e+00 1.072224e+04 8.677447e+03     0 9.654217e+03 1.057401e+04 9.377395e-04     0 7.208954e-03 5.888693e+01 1.204750e+02 8.532503e-02 -1.279584e-03 
1.437000e+02 -4.635519e-03 8.986193e-02 1.724443e+00 1.072041e+04 8.689354e+03     0 9.654217e+03 1.057401e+04 9.721604e-04     0 7.211248e-03 5.896193e+01 1.204750e+02 8.532264e-02 -1.171203e-03 
1.438000e+02 -4.972406e-03 9.001726e-02 1.724215e+00 1.071858e+04 8.701261e+03     0 9.654217e+03 1.057401e+04 9.330431e-04     0 7.213299e-03 5.903693e+01 1.204750e+02 8.532035e-02 -1.038599e-03 
1.439000e+02 -5.350652e-03 9.017260e-02 1.723965e+00 1.071674e+04 8.713168e+03     0 9.654217e+03 1.057401e+04 8.594575e-04     0 7.215360e-03 5.911193e+01 1.204750e+02 8.531822e-02 -9.031290e-04 
  144 -5.752329e-03 9.032802e-02 1.723709e+00 1.071491e+04 8.725076e+03     0 9.714573e+03 1.057036e+04 7.681688e-04     0 7.217397e-03 5.918693e+01 1.204751e+02 8.531626e-02 -7.795862e-04 
1.441000e+02 -6.180536e-03 9.048355e-02 1.723461e+00 1.071308e+04 8.736984e+03     0 9.714573e+03 1.057036e+04 1.096764e-03     0 7.219329e-03 5.926193e+01 1.204751e+02 8.531437e-02 -6.824885e-04 
1.442000e+02 -6.676975e-03 9.063929e-02 1.723239e+00 1.071126e+04 8.748891e+03     0 9.714573e+03 1.057036e+04 1.142313e-03     0 7.221185e-03 5.933693e+01 1.204752e+02 8.531250e-02 -6.345579e-04 
1.443000e+02 -7.216901e-03 9.079530e-02 1.723050e+00 1.070943e+04 8.760799e+03     0 9.714573e+03 1.057036e+04 1.074531e-03     0 7.222997e-03 5.941193e+01 1.204752e+02 8.531061e-02 -6.391321e-04 
1.444000e+02 -7.757601e-03 9.095160e-02 1.722887e+00 1.070760e+04 8.772708e+03     0 9.714573e+03 1.057036e+04 9.623478e-04     0 7.224756e-03 5.948693e+01 1.204753e+02 8.530871e-02 -6.842571e-04 
1.445000e+02 -8.267896e-03 9.110814e-02 1.722735e+00 1.070578e+04 8.784616e+03     0 9.774926e+03 1.056690e+04 8.368054e-04     0 7.226466e-03 5.956193e+01 1.204754e+02 8.530682e-02 -7.515062e-04 
1.446000e+02 -8.760741e-03 9.126487e-02 1.722582e+00 1.070396e+04 8.796525e+03     0 9.774926e+03 1.056690e+04 1.161975e-03     0 7.228147e-03 5.963693e+01 1.204755e+02 8.530494e-02 -8.281246e-04 
1.447000e+02 -9.300784e-03 9.142181e-02 1.722427e+00 1.070214e+04 8.808435e+03     0 9.774926e+03 1.056690e+04 1.198605e-03     0 7.229843e-03 5.971193e+01 1.204756e+02 8.530302e-02 -9.187462e-04 
1.448000e+02 -9.873792e-03 9.157893e-02 1.722263e+00 1.070032e+04 8.820344e+03     0 9.774926e+03 1.056690e+04 1.121933e-03     0 7.231561e-03 5.978693e+01 1.204757e+02 8.530107e-02 -1.017018e-03 
1.449000e+02 -1.044606e-02 9.173614e-02 1.722079e+00 1.069851e+04 8.832254e+03     0 9.774926e+03 1.056690e+04 1.001548e-03     0 7.233250e-03 5.986193e+01 1.204758e+02 8.529915e-02 -1.108971e-03 
  145 -1.099449e-02 9.189330e-02 1.721863e+00 1.069670e+04 8.844165e+03     0 9.835269e+03 1.056361e+04 8.674147e-04     0 7.234850e-03 5.993693e+01 1.204759e+02 8.529727e-02 -1.180443e-03 
1.451000e+02 -1.153961e-02 9.205035e-02 1.721610e+00 1.069489e+04 8.856076e+03     0 9.835269e+03 1.056361e+04 1.202458e-03     0 7.236325e-03 6.001193e+01 1.204760e+02 8.529544e-02 -1.227525e-03 
1.452000e+02 -1.215250e-02 9.220735e-02 1.721328e+00 1.069309e+04 8.867987e+03     0 9.835269e+03 1.056361e+04 1.232441e-03     0 7.237735e-03 6.008693e+01 1.204762e+02 8.529358e-02 -1.266529e-03 
1.453000e+02 -1.281344e-02 9.236438e-02 1.721021e+00 1.069129e+04 8.879899e+03     0 9.835269e+03 1.056361e+04 1.140201e-03     0 7.239111e-03 6.016193e+01 1.204763e+02 8.529175e-02 -1.302330e-03 
1.454000e+02 -1.348020e-02 9.252138e-02 1.720689e+00 1.068949e+04 8.891811e+03     0 9.835269e+03 1.056361e+04 9.993987e-04     0 7.240393e-03 6.023693e+01 1.204765e+02 8.528998e-02 -1.330404e-03 
1.455000e+02 -1.412184e-02 9.267829e-02 1.720327e+00 1.068769e+04 8.903724e+03     0 9.895598e+03 1.056047e+04 8.427980e-04     0 7.241507e-03 6.031193e+01 1.204766e+02 8.528832e-02 -1.343690e-03 
1.456000e+02 -1.474966e-02 9.283507e-02 1.719934e+00 1.068590e+04 8.915638e+03     0 9.895598e+03 1.056047e+04 1.099441e-03     0 7.242440e-03 6.038693e+01 1.204768e+02 8.528674e-02 -1.342081e-03 
1.457000e+02 -1.542284e-02 9.299185e-02 1.719520e+00 1.068412e+04 8.927552e+03     0 9.895598e+03 1.056047e+04 1.089379e-03     0 7.243285e-03 6.046193e+01 1.204769e+02 8.528518e-02 -1.341536e-03 
1.458000e+02 -1.612080e-02 9.314871e-02 1.719091e+00 1.068233e+04 8.939467e+03     0 9.895598e+03 1.056047e+04 9.749126e-04     0 7.244086e-03 6.053693e+01 1.204771e+02 8.528368e-02 -1.346571e-03 
1.459000e+02 -1.680488e-02 9.330563e-02 1.718645e+00 1.068056e+04 8.951382e+03     0 9.895598e+03 1.056047e+04 8.217350e-04     0 7.244780e-03 6.061193e+01 1.204773e+02 8.528226e-02 -1.352447e-03 
  146 -1.744828e-02 9.346252e-02 1.718178e+00 1.067878e+04 8.963298e+03     0 9.955909e+03 1.055744e+04 6.590512e-04     0 7.245307e-03 6.068693e+01 1.204775e+02 8.528094e-02 -1.351611e-03 
1.461000e+02 -1.806239e-02 9.361934e-02 1.717688e+00 1.067702e+04 8.975215e+03     0 9.955909e+03 1.055744e+04 8.578437e-04     0 7.245673e-03 6.076193e+01 1.204777e+02 8.527970e-02 -1.342301e-03 
1.462000e+02 -1.870114e-02 9.377621e-02 1.717183e+00 1.067525e+04 8.987133e+03     0 9.955909e+03 1.055744e+04 8.301349e-04     0 7.245983e-03 6.083693e+01 1.204779e+02 8.527849e-02 -1.336716e-03 
1.463000e+02 -1.934883e-02 9.393322e-02 1.716665e+00 1.067350e+04 8.999051e+03     0 9.955909e+03 1.055744e+04 7.157065e-04     0 7.246277e-03 6.091193e+01 1.204781e+02 8.527733e-02 -1.337414e-03 
1.464000e+02 -1.997410e-02 9.409032e-02 1.716133e+00 1.067174e+04 9.010971e+03     0 9.955909e+03 1.055744e+04 5.708396e-04     0 7.246492e-03 6.098693e+01 1.204783e+02 8.527623e-02 -1.339302e-03 
1.465000e+02 -2.055587e-02 9.424740e-02 1.715582e+00 1.067000e+04 9.022891e+03     0 1.001620e+04 1.055451e+04 4.202737e-04     0 7.246578e-03 6.106193e+01 1.204785e+02 8.527521e-02 -1.335220e-03 
1.466000e+02 -2.110610e-02 9.440442e-02 1.715011e+00 1.066826e+04 9.034812e+03     0 1.001620e+04 1.055451e+04 5.860952e-04     0 7.246550e-03 6.113693e+01 1.204787e+02 8.527426e-02 -1.323373e-03 
1.467000e+02 -2.167347e-02 9.456153e-02 1.714426e+00 1.066653e+04 9.046734e+03     0 1.001620e+04 1.055451e+04 5.564187e-04     0 7.246512e-03 6.121193e+01 1.204789e+02 8.527333e-02 -1.314359e-03 
1.468000e+02 -2.224527e-02 9.471879e-02 1.713830e+00 1.066480e+04 9.058657e+03     0 1.001620e+04 1.055451e+04 4.524315e-04     0 7.246497e-03 6.128693e+01 1.204792e+02 8.527241e-02 -1.310555e-03 
1.469000e+02 -2.279486e-02 9.487616e-02 1.713221e+00 1.066308e+04 9.070581e+03     0 1.001620e+04 1.055451e+04 3.228344e-04     0 7.246446e-03 6.136193e+01 1.204794e+02 8.527154e-02 -1.307764e-03 
  147 -2.330432e-02 9.503353e-02 1.712597e+00 1.066136e+04 9.082506e+03     0 1.007646e+04 1.055161e+04 1.889777e-04     0 7.246316e-03 6.143693e+01 1.204796e+02 8.527071e-02 -1.300003e-03 
1.471000e+02 -2.378401e-02 9.519088e-02 1.711955e+00 1.065966e+04 9.094431e+03     0 1.007646e+04 1.055161e+04 3.242008e-04     0 7.246127e-03 6.151193e+01 1.204799e+02 8.526993e-02 -1.285836e-03 
1.472000e+02 -2.427557e-02 9.534834e-02 1.711302e+00 1.065796e+04 9.106358e+03     0 1.007646e+04 1.055161e+04 2.942752e-04     0 7.245977e-03 6.158693e+01 1.204801e+02 8.526913e-02 -1.274330e-03 
1.473000e+02 -2.476839e-02 9.550596e-02 1.710639e+00 1.065626e+04 9.118286e+03     0 1.007646e+04 1.055161e+04 2.019622e-04     0 7.245893e-03 6.166193e+01 1.204804e+02 8.526832e-02 -1.267567e-03 
1.474000e+02 -2.524004e-02 9.566371e-02 1.709966e+00 1.065458e+04 9.130215e+03     0 1.007646e+04 1.055161e+04 8.853516e-05     0 7.245821e-03 6.173693e+01 1.204806e+02 8.526753e-02 -1.262037e-03 
1.475000e+02 -2.567553e-02 9.582148e-02 1.709280e+00 1.065290e+04 9.142145e+03     0 1.013670e+04 1.054872e+04 -2.793828e-05     0 7.245724e-03 6.181193e+01 1.204809e+02 8.526675e-02 -1.252695e-03 
1.476000e+02 -2.608338e-02 9.597926e-02 1.708580e+00 1.065123e+04 9.154076e+03     0 1.013670e+04 1.054872e+04 7.656756e-05     0 7.245625e-03 6.188693e+01 1.204811e+02 8.526597e-02 -1.238222e-03 
1.477000e+02 -2.649798e-02 9.613715e-02 1.707870e+00 1.064957e+04 9.166009e+03     0 1.013670e+04 1.054872e+04 4.658548e-05     0 7.245608e-03 6.196193e+01 1.204814e+02 8.526516e-02 -1.225945e-03 
1.478000e+02 -2.691091e-02 9.629520e-02 1.707152e+00 1.064791e+04 9.177942e+03     0 1.013670e+04 1.054872e+04 -3.377466e-05     0 7.245695e-03 6.203693e+01 1.204816e+02 8.526431e-02 -1.217526e-03 
1.479000e+02 -2.730407e-02 9.645337e-02 1.706426e+00 1.064627e+04 9.189876e+03     0 1.013670e+04 1.054872e+04 -1.307719e-04     0 7.245838e-03 6.211193e+01 1.204819e+02 8.526345e-02 -1.210101e-03 
  148 -2.766550e-02 9.661157e-02 1.705689e+00 1.064463e+04 9.201812e+03     0 1.019691e+04 1.054579e+04 -2.296764e-04     0 7.246006e-03 6.218693e+01 1.204821e+02 8.526256e-02 -1.199586e-03 
1.481000e+02 -2.800183e-02 9.676979e-02 1.704941e+00 1.064300e+04 9.213749e+03     0 1.019691e+04 1.054579e+04 -1.562249e-04     0 7.246220e-03 6.226193e+01 1.204824e+02 8.526165e-02 -1.184844e-03 
1.482000e+02 -2.834001e-02 9.692810e-02 1.704184e+00 1.064138e+04 9.225686e+03     0 1.019691e+04 1.054579e+04 -1.864144e-04     0 7.246550e-03 6.233693e+01 1.204826e+02 8.526068e-02 -1.171533e-03 
1.483000e+02 -2.867379e-02 9.708655e-02 1.703421e+00 1.063977e+04 9.237625e+03     0 1.019691e+04 1.054579e+04 -2.549377e-04     0 7.247011e-03 6.241193e+01 1.204829e+02 8.525965e-02 -1.160993e-03 
1.484000e+02 -2.898943e-02 9.724510e-02 1.702651e+00 1.063816e+04 9.249566e+03     0 1.019691e+04 1.054579e+04 -3.356409e-04     0 7.247562e-03 6.248693e+01 1.204831e+02 8.525858e-02 -1.151105e-03 
1.485000e+02 -2.927790e-02 9.740369e-02 1.701872e+00 1.063657e+04 9.261507e+03     0 1.025710e+04 1.054277e+04 -4.171463e-04     0 7.248181e-03 6.256193e+01 1.204834e+02 8.525746e-02 -1.138838e-03 
1.486000e+02 -2.954380e-02 9.756230e-02 1.701085e+00 1.063498e+04 9.273450e+03     0 1.025710e+04 1.054277e+04 -3.759836e-04     0 7.248884e-03 6.263693e+01 1.204836e+02 8.525629e-02 -1.123290e-03 
1.487000e+02 -2.980639e-02 9.772098e-02 1.700291e+00 1.063341e+04 9.285393e+03     0 1.025710e+04 1.054277e+04 -4.069419e-04     0 7.249723e-03 6.271193e+01 1.204839e+02 8.525505e-02 -1.108449e-03 
1.488000e+02 -3.006161e-02 9.787977e-02 1.699492e+00 1.063184e+04 9.297338e+03     0 1.025710e+04 1.054277e+04 -4.638994e-04     0 7.250709e-03 6.278693e+01 1.204841e+02 8.525375e-02 -1.095341e-03 
1.489000e+02 -3.030013e-02 9.803864e-02 1.698687e+00 1.063028e+04 9.309285e+03     0 1.025710e+04 1.054277e+04 -5.284421e-04     0 7.251812e-03 6.286193e+01 1.204843e+02 8.525237e-02 -1.082615e-03 
  149 -3.051595e-02 9.819755e-02 1.697877e+00 1.062873e+04 9.321232e+03     0 1.031725e+04 1.053963e+04 -5.926127e-04     0 7.253016e-03 6.293693e+01 1.204846e+02 8.525093e-02 -1.068310e-03 
1.491000e+02 -3.071160e-02 9.835649e-02 1.697060e+00 1.062719e+04 9.333181e+03     0 1.031725e+04 1.053963e+04 -5.846884e-04     0 7.254333e-03 6.301193e+01 1.204848e+02 8.524942e-02 -1.051757e-03 
1.492000e+02 -3.089849e-02 9.851548e-02 1.696238e+00 1.062566e+04 9.345130e+03     0 1.031725e+04 1.053963e+04 -6.167289e-04     0 7.255796e-03 6.308693e+01 1.204850e+02 8.524783e-02 -1.035230e-03 
1.493000e+02 -3.107482e-02 9.867454e-02 1.695413e+00 1.062414e+04 9.357081e+03     0 1.031725e+04 1.053963e+04 -6.621595e-04     0 7.257412e-03 6.316193e+01 1.204853e+02 8.524617e-02 -1.019421e-03 
1.494000e+02 -3.123580e-02 9.883367e-02 1.694584e+00 1.062262e+04 9.369034e+03     0 1.031725e+04 1.053963e+04 -7.104569e-04     0 7.259165e-03 6.323693e+01 1.204855e+02 8.524442e-02 -1.003747e-03 
1.495000e+02 -3.137852e-02 9.899284e-02 1.693751e+00 1.062112e+04 9.380987e+03     0 1.037738e+04 1.053632e+04 -7.571548e-04     0 7.261046e-03 6.331193e+01 1.204857e+02 8.524259e-02 -9.873279e-04 
1.496000e+02 -3.150344e-02 9.915204e-02 1.692915e+00 1.061963e+04 9.392942e+03     0 1.037738e+04 1.053632e+04 -7.828447e-04     0 7.263061e-03 6.338693e+01 1.204859e+02 8.524068e-02 -9.697274e-04 
1.497000e+02 -3.161408e-02 9.931128e-02 1.692076e+00 1.061815e+04 9.404897e+03     0 1.037738e+04 1.053632e+04 -8.159884e-04     0 7.265224e-03 6.346193e+01 1.204861e+02 8.523870e-02 -9.514846e-04 
1.498000e+02 -3.171091e-02 9.947056e-02 1.691234e+00 1.061667e+04 9.416854e+03     0 1.037738e+04 1.053632e+04 -8.497709e-04     0 7.267540e-03 6.353693e+01 1.204863e+02 8.523662e-02 -9.329522e-04 
1.499000e+02 -3.179374e-02 9.962989e-02 1.690390e+00 1.061521e+04 9.428812e+03     0 1.037738e+04 1.053632e+04 -8.816476e-04     0 7.270006e-03 6.361193e+01 1.204865e+02 8.523446e-02 -9.143222e-04 
  150 -3.186281e-02 9.978926e-02 1.689545e+00 1.061376e+04 9.440772e+03     0 1.043948e+04 1.056292e+04 -9.106829e-04     0 7.272621e-03 6.368693e+01 1.204867e+02 8.523221e-02 -8.957977e-04 
1.501000e+02 -3.212382e-02 9.913531e-02 1.688747e+00 1.061231e+04 9.452732e+03     0 1.043948e+04 1.056292e+04 1.881138e-03     0 2.286575e-02 6.376193e+01 1.204865e+02 8.434205e-02 -9.163365e-04 
1.502000e+02 -3.299499e-02 9.623517e-02 1.688124e+00 1.061088e+04 9.464694e+03     0 1.043948e+04 1.056292e+04 2.811843e-03     0 2.100541e-02 6.383693e+01 1.204895e+02 8.150576e-02 -1.103180e-03 
1.503000e+02 -3.435075e-02 9.280638e-02 1.687652e+00 1.060945e+04 9.476658e+03     0 1.043948e+04 1.056292e+04 2.967711e-03     0 1.661371e-02 6.391193e+01 1.204997e+02 7.869307e-02 -1.479969e-03 
1.504000e+02 -3.591285e-02 9.043651e-02 1.687244e+00 1.060804e+04 9.488624e+03     0 1.043948e+04 1.056292e+04 2.790444e-03     0 1.544620e-02 6.398693e+01 1.205169e+02 7.728863e-02 -1.992054e-03 
1.505000e+02 -3.747947e-02 8.923627e-02 1.686821e+00 1.060664e+04 9.500594e+03     0 1.049909e+04 1.055175e+04 2.479205e-03     0 1.608432e-02 6.406193e+01 1.205392e+02 7.713001e-02 -2.554940e-03 
1.506000e+02 -3.890492e-02 8.867136e-02 1.686317e+00 1.060524e+04 9.512567e+03     0 1.049909e+04 1.055175e+04 1.487973e-03     0 1.629301e-02 6.413693e+01 1.205648e+02 7.754366e-02 -3.073294e-03 
1.507000e+02 -4.005756e-02 8.836153e-02 1.685659e+00 1.060386e+04 9.524545e+03     0 1.049909e+04 1.055175e+04 9.245235e-04     0 1.554046e-02 6.421193e+01 1.205930e+02 7.811962e-02 -3.447616e-03 
1.508000e+02 -4.098436e-02 8.821483e-02 1.684796e+00 1.060249e+04 9.536527e+03     0 1.049909e+04 1.055175e+04 5.576967e-04     0 1.433044e-02 6.428693e+01 1.206231e+02 7.876427e-02 -3.626591e-03 
1.509000e+02 -4.177918e-02 8.824855e-02 1.683716e+00 1.060112e+04 9.548513e+03     0 1.049909e+04 1.055175e+04 2.885787e-04     0 1.313319e-02 6.436193e+01 1.206549e+02 7.948530e-02 -3.605831e-03 
  151 -4.251557e-02 8.845864e-02 1.682438e+00 1.059977e+04 9.560504e+03     0 1.055871e+04 1.053987e+04 6.769578e-05     0 1.207300e-02 6.443693e+01 1.206877e+02 8.026457e-02 -3.413496e-03 
1.511000e+02 -4.317261e-02 8.880680e-02 1.680997e+00 1.059844e+04 9.572500e+03     0 1.055871e+04 1.053987e+04 -1.020127e-03     0 1.110195e-02 6.451193e+01 1.207212e+02 8.105590e-02 -3.084422e-03 
1.512000e+02 -4.361726e-02 8.925076e-02 1.679420e+00 1.059711e+04 9.584500e+03     0 1.055871e+04 1.053987e+04 -1.510577e-03     0 1.018096e-02 6.458693e+01 1.207547e+02 8.181811e-02 -2.632269e-03 
1.513000e+02 -4.388750e-02 8.976274e-02 1.677751e+00 1.059580e+04 9.596505e+03     0 1.055871e+04 1.053987e+04 -1.750202e-03     0 9.319638e-03 6.466193e+01 1.207881e+02 8.252826e-02 -2.099785e-03 
1.514000e+02 -4.405464e-02 9.032731e-02 1.676047e+00 1.059449e+04 9.608515e+03     0 1.055871e+04 1.053987e+04 -1.877733e-03     0 8.542905e-03 6.473693e+01 1.208211e+02 8.317703e-02 -1.547297e-03 
1.515000e+02 -4.416086e-02 9.093358e-02 1.674367e+00 1.059321e+04 9.620530e+03     0 1.061834e+04 1.052714e+04 -1.952674e-03     0 7.863848e-03 6.481193e+01 1.208533e+02 8.376046e-02 -1.033536e-03 
1.516000e+02 -4.412570e-02 9.157092e-02 1.672749e+00 1.059193e+04 9.632549e+03     0 1.061834e+04 1.052714e+04 -3.346460e-03     0 7.281769e-03 6.488693e+01 1.208846e+02 8.427635e-02 -5.857295e-04 
1.517000e+02 -4.372556e-02 9.222804e-02 1.671188e+00 1.059067e+04 9.644573e+03     0 1.061834e+04 1.052714e+04 -3.830948e-03     0 6.790358e-03 6.496193e+01 1.209148e+02 8.472402e-02 -1.703402e-04 
1.518000e+02 -4.302256e-02 9.289607e-02 1.669686e+00 1.058942e+04 9.656601e+03     0 1.061834e+04 1.052714e+04 -3.926479e-03     0 6.384366e-03 6.503693e+01 1.209437e+02 8.510471e-02 2.160903e-04 
1.519000e+02 -4.214865e-02 9.356859e-02 1.668260e+00 1.058819e+04 9.668633e+03     0 1.061834e+04 1.052714e+04 -3.844333e-03     0 6.059645e-03 6.511193e+01 1.209713e+02 8.542143e-02 5.527554e-04 
  152 -4.120248e-02 9.424055e-02 1.666933e+00 1.058697e+04 9.680669e+03     0 1.067796e+04 1.051338e+04 -3.680075e-03     0 5.810994e-03 6.518693e+01 1.209975e+02 8.567808e-02 8.145252e-04 
1.521000e+02 -4.014289e-02 9.490702e-02 1.665712e+00 1.058576e+04 9.692710e+03     0 1.067796e+04 1.051338e+04 -4.894020e-03     0 5.631796e-03 6.526193e+01 1.210223e+02 8.587883e-02 1.002574e-03 
1.522000e+02 -3.876674e-02 9.556249e-02 1.664562e+00 1.058457e+04 9.704753e+03     0 1.067796e+04 1.051338e+04 -5.158431e-03     0 5.514958e-03 6.533693e+01 1.210455e+02 8.602802e-02 1.174481e-03 
1.523000e+02 -3.716131e-02 9.620303e-02 1.663468e+00 1.058339e+04 9.716801e+03     0 1.067796e+04 1.051338e+04 -5.028689e-03     0 5.454365e-03 6.541193e+01 1.210671e+02 8.613048e-02 1.348164e-03 
1.524000e+02 -3.547776e-02 9.682620e-02 1.662436e+00 1.058222e+04 9.728851e+03     0 1.067796e+04 1.051338e+04 -4.732517e-03     0 5.444321e-03 6.548693e+01 1.210873e+02 8.619101e-02 1.509036e-03 
1.525000e+02 -3.382420e-02 9.743024e-02 1.661481e+00 1.058106e+04 9.740905e+03     0 1.073749e+04 1.049851e+04 -4.373626e-03     0 5.478771e-03 6.556193e+01 1.211059e+02 8.621416e-02 1.632300e-03 
1.526000e+02 -3.216382e-02 9.801342e-02 1.660610e+00 1.057992e+04 9.752961e+03     0 1.073749e+04 1.049851e+04 -5.366561e-03     0 5.551529e-03 6.563693e+01 1.211230e+02 8.620405e-02 1.714926e-03 
1.527000e+02 -3.029662e-02 9.857348e-02 1.659795e+00 1.057878e+04 9.765020e+03     0 1.073749e+04 1.049851e+04 -5.466618e-03     0 5.656891e-03 6.571193e+01 1.211386e+02 8.616452e-02 1.806540e-03 
1.528000e+02 -2.829836e-02 9.910937e-02 1.659022e+00 1.057766e+04 9.777081e+03     0 1.073749e+04 1.049851e+04 -5.209343e-03     0 5.790177e-03 6.578693e+01 1.211529e+02 8.609976e-02 1.917908e-03 
1.529000e+02 -2.630367e-02 9.962098e-02 1.658302e+00 1.057654e+04 9.789145e+03     0 1.073749e+04 1.049851e+04 -4.812755e-03     0 5.947014e-03 6.586193e+01 1.211658e+02 8.601372e-02 2.028999e-03 
  153 -2.440474e-02 1.001085e-01 1.657653e+00 1.057544e+04 9.801210e+03     0 1.079688e+04 1.048250e+04 -4.374461e-03     0 6.122883e-03 6.593693e+01 1.211773e+02 8.590992e-02 2.111119e-03 
1.531000e+02 -2.255324e-02 1.005720e-01 1.657085e+00 1.057434e+04 9.813277e+03     0 1.079688e+04 1.048250e+04 -5.285211e-03     0 6.313394e-03 6.601193e+01 1.211877e+02 8.579132e-02 2.158389e-03 
1.532000e+02 -2.054363e-02 1.010112e-01 1.656571e+00 1.057325e+04 9.825346e+03     0 1.079688e+04 1.048250e+04 -5.329253e-03     0 6.514837e-03 6.608693e+01 1.211968e+02 8.566050e-02 2.217978e-03 
1.533000e+02 -1.844387e-02 1.014264e-01 1.656098e+00 1.057217e+04 9.837416e+03     0 1.079688e+04 1.048250e+04 -5.032393e-03     0 6.724326e-03 6.616193e+01 1.212049e+02 8.552044e-02 2.299671e-03 
1.534000e+02 -1.638110e-02 1.018186e-01 1.655675e+00 1.057109e+04 9.849488e+03     0 1.079688e+04 1.048250e+04 -4.607845e-03     0 6.939095e-03 6.623693e+01 1.212119e+02 8.537385e-02 2.383589e-03 
1.535000e+02 -1.444208e-02 1.021889e-01 1.655322e+00 1.057002e+04 9.861560e+03     0 1.085608e+04 1.046543e+04 -4.150493e-03     0 7.156271e-03 6.631193e+01 1.212180e+02 8.522299e-02 2.441758e-03 
1.536000e+02 -1.258005e-02 1.025379e-01 1.655047e+00 1.056896e+04 9.873634e+03     0 1.085608e+04 1.046543e+04 -5.031124e-03     0 7.373208e-03 6.638693e+01 1.212232e+02 8.506960e-02 2.468868e-03 
1.537000e+02 -1.060589e-02 1.028664e-01 1.654821e+00 1.056790e+04 9.885708e+03     0 1.085608e+04 1.046543e+04 -5.065587e-03     0 7.587987e-03 6.646193e+01 1.212275e+02 8.491500e-02 2.511915e-03 
1.538000e+02 -8.608927e-03 1.031755e-01 1.654633e+00 1.056684e+04 9.897783e+03     0 1.085608e+04 1.046543e+04 -4.775802e-03     0 7.799249e-03 6.653693e+01 1.212311e+02 8.476099e-02 2.581151e-03 
1.539000e+02 -6.755713e-03 1.034664e-01 1.654491e+00 1.056579e+04 9.909858e+03     0 1.085608e+04 1.046543e+04 -4.378331e-03     0 8.005540e-03 6.661193e+01 1.212340e+02 8.460917e-02 2.657821e-03 
  154 -5.216955e-03 1.037402e-01 1.654413e+00 1.056474e+04 9.921934e+03     0 1.091502e+04 1.044738e+04 -3.979227e-03     0 8.205300e-03 6.668693e+01 1.212363e+02 8.446075e-02 2.715731e-03 
1.541000e+02 -4.166700e-03 1.039979e-01 1.654406e+00 1.056369e+04 9.934010e+03     0 1.091502e+04 1.044738e+04 -4.949810e-03     0 8.397231e-03 6.676193e+01 1.212381e+02 8.431646e-02 2.752090e-03 
1.542000e+02 3.976110e-03 1.042407e-01 1.654439e+00 1.056265e+04 9.946086e+03     0 1.091502e+04 1.044738e+04 -4.488934e-03     0 8.580774e-03 6.683693e+01 1.212393e+02 8.417661e-02 2.816800e-03 
1.543000e+02 4.863858e-03 1.044699e-01 1.654519e+00 1.056160e+04 9.958162e+03     0 1.091502e+04 1.044738e+04 -3.743493e-03     0 8.755551e-03 6.691193e+01 1.212401e+02 8.404254e-02 2.888278e-03 
1.544000e+02 6.227044e-03 1.046863e-01 1.654678e+00 1.056055e+04 9.970239e+03     0 1.091502e+04 1.044738e+04 -3.289547e-03     0 8.920625e-03 6.698693e+01 1.212405e+02 8.391514e-02 2.916359e-03 
1.545000e+02 7.681090e-03 1.048907e-01 1.654934e+00 1.055951e+04 9.982315e+03     0 1.097369e+04 1.042846e+04 -2.907370e-03     0 9.075189e-03 6.706193e+01 1.212406e+02 8.379467e-02 2.881071e-03 
1.546000e+02 9.185844e-03 1.050839e-01 1.655280e+00 1.055846e+04 9.994391e+03     0 1.097369e+04 1.042846e+04 -3.802825e-03     0 9.219065e-03 6.713693e+01 1.212403e+02 8.368111e-02 2.796742e-03 
1.547000e+02 1.090047e-02 1.052675e-01 1.655674e+00 1.055741e+04 1.000647e+04     0 1.097369e+04 1.042846e+04 -3.886536e-03     0 9.352832e-03 6.721193e+01 1.212399e+02 8.357422e-02 2.728004e-03 
1.548000e+02 1.276113e-02 1.054428e-01 1.656088e+00 1.055636e+04 1.001854e+04     0 1.097369e+04 1.042846e+04 -3.641296e-03     0 9.476919e-03 6.728693e+01 1.212392e+02 8.347439e-02 2.700613e-03 
1.549000e+02 1.463744e-02 1.056107e-01 1.656520e+00 1.055531e+04 1.003062e+04     0 1.097369e+04 1.042846e+04 -3.264234e-03     0 9.591144e-03 6.736193e+01 1.212384e+02 8.338181e-02 2.706278e-03 
  155 1.643173e-02 1.057720e-01 1.656983e+00 1.055425e+04 1.004269e+04     0 1.103206e+04 1.040882e+04 -2.845655e-03     0 9.695269e-03 6.743693e+01 1.212374e+02 8.329650e-02 2.722384e-03 
1.551000e+02 1.817258e-02 1.059272e-01 1.657486e+00 1.055318e+04 1.005477e+04     0 1.103206e+04 1.040882e+04 -3.607333e-03     0 9.789436e-03 6.751193e+01 1.212363e+02 8.321816e-02 2.740733e-03 
1.552000e+02 2.003136e-02 1.060776e-01 1.658009e+00 1.055212e+04 1.006684e+04     0 1.103206e+04 1.040882e+04 -3.612676e-03     0 9.874415e-03 6.758693e+01 1.212352e+02 8.314623e-02 2.795751e-03 
1.553000e+02 2.195156e-02 1.062241e-01 1.658548e+00 1.055104e+04 1.007891e+04     0 1.103206e+04 1.040882e+04 -3.323457e-03     0 9.950789e-03 6.766193e+01 1.212340e+02 8.308073e-02 2.887723e-03 
1.554000e+02 2.382654e-02 1.063671e-01 1.659121e+00 1.054997e+04 1.009098e+04     0 1.103206e+04 1.040882e+04 -2.926154e-03     0 1.001861e-02 6.773693e+01 1.212327e+02 8.302171e-02 2.990884e-03 
1.555000e+02 2.558582e-02 1.065067e-01 1.659750e+00 1.054888e+04 1.010305e+04     0 1.109013e+04 1.038861e+04 -2.502923e-03     0 1.007788e-02 6.781193e+01 1.212315e+02 8.296908e-02 3.073282e-03 
1.556000e+02 2.727998e-02 1.066430e-01 1.660450e+00 1.054779e+04 1.011512e+04     0 1.109013e+04 1.038861e+04 -3.248375e-03     0 1.012887e-02 6.788693e+01 1.212303e+02 8.292247e-02 3.124213e-03 
1.557000e+02 2.909387e-02 1.067770e-01 1.661199e+00 1.054669e+04 1.012719e+04     0 1.109013e+04 1.038861e+04 -3.253924e-03     0 1.017248e-02 6.796193e+01 1.212291e+02 8.288115e-02 3.180345e-03 
1.558000e+02 3.097793e-02 1.069097e-01 1.661990e+00 1.054558e+04 1.013926e+04     0 1.109013e+04 1.038861e+04 -2.969913e-03     0 1.020939e-02 6.803693e+01 1.212279e+02 8.284509e-02 3.248414e-03 
1.559000e+02 3.282874e-02 1.070410e-01 1.662832e+00 1.054446e+04 1.015133e+04     0 1.109013e+04 1.038861e+04 -2.577914e-03     0 1.023962e-02 6.811193e+01 1.212268e+02 8.281426e-02 3.311273e-03 
  156 3.457543e-02 1.071708e-01 1.663739e+00 1.054334e+04 1.016340e+04     0 1.114791e+04 1.036800e+04 -2.158148e-03     0 1.026317e-02 6.818693e+01 1.212258e+02 8.278852e-02 3.345835e-03 
1.561000e+02 3.625967e-02 1.072990e-01 1.664719e+00 1.054220e+04 1.017546e+04     0 1.114791e+04 1.036800e+04 -2.814505e-03     0 1.028038e-02 6.826193e+01 1.212249e+02 8.276744e-02 3.347898e-03 
1.562000e+02 3.804813e-02 1.074269e-01 1.665748e+00 1.054106e+04 1.018753e+04     0 1.114791e+04 1.036800e+04 -2.788906e-03     0 1.029231e-02 6.833693e+01 1.212240e+02 8.275029e-02 3.355866e-03 
1.563000e+02 3.989107e-02 1.075552e-01 1.666814e+00 1.053990e+04 1.019959e+04     0 1.114791e+04 1.036800e+04 -2.497742e-03     0 1.029962e-02 6.841193e+01 1.212232e+02 8.273696e-02 3.379302e-03 
1.564000e+02 4.169033e-02 1.076838e-01 1.667923e+00 1.053873e+04 1.021165e+04     0 1.114791e+04 1.036800e+04 -2.109382e-03     0 1.030226e-02 6.848693e+01 1.212226e+02 8.272739e-02 3.404453e-03 
1.565000e+02 4.337915e-02 1.078123e-01 1.669087e+00 1.053755e+04 1.022371e+04     0 1.120542e+04 1.034717e+04 -1.698458e-03     0 1.030022e-02 6.856193e+01 1.212220e+02 8.272145e-02 3.410896e-03 
1.566000e+02 4.499263e-02 1.079406e-01 1.670312e+00 1.053636e+04 1.023577e+04     0 1.120542e+04 1.034717e+04 -2.238430e-03     0 1.029386e-02 6.863693e+01 1.212215e+02 8.271872e-02 3.394026e-03 
1.567000e+02 4.667820e-02 1.080698e-01 1.671578e+00 1.053515e+04 1.024783e+04     0 1.120542e+04 1.034717e+04 -2.182659e-03     0 1.028422e-02 6.871193e+01 1.212211e+02 8.271854e-02 3.386397e-03 
1.568000e+02 4.839344e-02 1.082005e-01 1.672876e+00 1.053393e+04 1.025989e+04     0 1.120542e+04 1.034717e+04 -1.897696e-03     0 1.027186e-02 6.878693e+01 1.212208e+02 8.272083e-02 3.395174e-03 
1.569000e+02 5.005402e-02 1.083323e-01 1.674211e+00 1.053269e+04 1.027194e+04     0 1.120542e+04 1.034717e+04 -1.531478e-03     0 1.025665e-02 6.886193e+01 1.212206e+02 8.272551e-02 3.407183e-03 
  157 5.160349e-02 1.084648e-01 1.675595e+00 1.053144e+04 1.028400e+04     0 1.126274e+04 1.032636e+04 -1.149254e-03     0 1.023852e-02 6.893693e+01 1.212205e+02 8.273247e-02 3.403655e-03 
1.571000e+02 5.307341e-02 1.085978e-01 1.677033e+00 1.053018e+04 1.029605e+04     0 1.126274e+04 1.032636e+04 -1.583007e-03     0 1.021782e-02 6.901193e+01 1.212205e+02 8.274140e-02 3.379709e-03 
1.572000e+02 5.459177e-02 1.087321e-01 1.678509e+00 1.052890e+04 1.030810e+04     0 1.126274e+04 1.032636e+04 -1.511289e-03     0 1.019546e-02 6.908693e+01 1.212206e+02 8.275176e-02 3.362667e-03 
1.573000e+02 5.612413e-02 1.088683e-01 1.680014e+00 1.052760e+04 1.032015e+04     0 1.126274e+04 1.032636e+04 -1.246884e-03     0 1.017189e-02 6.916193e+01 1.212207e+02 8.276345e-02 3.358591e-03 
1.574000e+02 5.760004e-02 1.090060e-01 1.681553e+00 1.052629e+04 1.033219e+04     0 1.126274e+04 1.032636e+04 -9.157894e-04     0 1.014691e-02 6.923693e+01 1.212210e+02 8.277644e-02 3.356493e-03 
1.575000e+02 5.897259e-02 1.091446e-01 1.683135e+00 1.052495e+04 1.034424e+04     0 1.131993e+04 1.030580e+04 -5.733859e-04     0 1.012041e-02 6.931193e+01 1.212213e+02 8.279065e-02 3.340811e-03 
1.576000e+02 6.026719e-02 1.092839e-01 1.684765e+00 1.052361e+04 1.035628e+04     0 1.131993e+04 1.030580e+04 -8.926118e-04     0 1.009269e-02 6.938693e+01 1.212217e+02 8.280586e-02 3.307406e-03 
1.577000e+02 6.158795e-02 1.094247e-01 1.686428e+00 1.052224e+04 1.036832e+04     0 1.131993e+04 1.030580e+04 -8.066673e-04     0 1.006452e-02 6.946193e+01 1.212222e+02 8.282164e-02 3.278441e-03 
1.578000e+02 6.290802e-02 1.095673e-01 1.688117e+00 1.052085e+04 1.038036e+04     0 1.131993e+04 1.030580e+04 -5.681185e-04     0 1.003623e-02 6.953693e+01 1.212228e+02 8.283793e-02 3.259165e-03 
1.579000e+02 6.417153e-02 1.097115e-01 1.689836e+00 1.051945e+04 1.039240e+04     0 1.131993e+04 1.030580e+04 -2.785522e-04     0 1.000759e-02 6.961193e+01 1.212234e+02 8.285470e-02 3.241230e-03 
  158 6.534160e-02 1.098567e-01 1.691590e+00 1.051802e+04 1.040443e+04     0 1.137708e+04 1.028575e+04 1.751924e-05     0 9.978501e-03 6.968693e+01 1.212241e+02 8.287190e-02 3.212671e-03 
1.581000e+02 6.643614e-02 1.100027e-01 1.693384e+00 1.051658e+04 1.041646e+04     0 1.137708e+04 1.028575e+04 -1.732990e-04     0 9.949196e-03 6.976193e+01 1.212248e+02 8.288937e-02 3.170030e-03 
1.582000e+02 6.753193e-02 1.101500e-01 1.695206e+00 1.051512e+04 1.042849e+04     0 1.137708e+04 1.028575e+04 -7.212568e-05     0 9.920277e-03 6.983693e+01 1.212256e+02 8.290684e-02 3.129412e-03 
1.583000e+02 6.861064e-02 1.102991e-01 1.697051e+00 1.051363e+04 1.044052e+04     0 1.137708e+04 1.028575e+04 1.364505e-04     0 9.891967e-03 6.991193e+01 1.212264e+02 8.292424e-02 3.094910e-03 
1.584000e+02 6.963293e-02 1.104495e-01 1.698919e+00 1.051213e+04 1.045254e+04     0 1.137708e+04 1.028575e+04 3.784029e-04     0 9.864080e-03 6.998693e+01 1.212273e+02 8.294154e-02 3.060956e-03 
1.585000e+02 7.057328e-02 1.106010e-01 1.700816e+00 1.051060e+04 1.046456e+04     0 1.143431e+04 1.026648e+04 6.215021e-04     0 9.836536e-03 7.006193e+01 1.212282e+02 8.295870e-02 3.019493e-03 
1.586000e+02 7.144149e-02 1.107532e-01 1.702742e+00 1.050905e+04 1.047658e+04     0 1.143431e+04 1.026648e+04 5.712366e-04     0 9.809512e-03 7.013693e+01 1.212291e+02 8.297563e-02 2.967788e-03 
1.587000e+02 7.228411e-02 1.109066e-01 1.704691e+00 1.050748e+04 1.048860e+04     0 1.143431e+04 1.026648e+04 6.878153e-04     0 9.783414e-03 7.021193e+01 1.212301e+02 8.299217e-02 2.915240e-03 
1.588000e+02 7.309226e-02 1.110614e-01 1.706660e+00 1.050589e+04 1.050061e+04     0 1.143431e+04 1.026648e+04 8.619256e-04     0 9.758393e-03 7.028693e+01 1.212310e+02 8.300826e-02 2.864687e-03 
1.589000e+02 7.384485e-02 1.112173e-01 1.708646e+00 1.050428e+04 1.051262e+04     0 1.143431e+04 1.026648e+04 1.050058e-03     0 9.734345e-03 7.036193e+01 1.212320e+02 8.302386e-02 2.813672e-03 
  159 7.452889e-02 1.113743e-01 1.710651e+00 1.050264e+04 1.052463e+04     0 1.149174e+04 1.024829e+04 1.233576e-03     0 9.711240e-03 7.043693e+01 1.212330e+02 8.303892e-02 2.758492e-03 
1.591000e+02 7.514529e-02 1.115321e-01 1.712676e+00 1.050098e+04 1.053663e+04     0 1.149174e+04 1.024829e+04 1.335540e-03     0 9.689190e-03 7.051193e+01 1.212340e+02 8.305341e-02 2.697284e-03 
1.592000e+02 7.570743e-02 1.116907e-01 1.714718e+00 1.049930e+04 1.054863e+04     0 1.149174e+04 1.024829e+04 1.467652e-03     0 9.668388e-03 7.058693e+01 1.212350e+02 8.306725e-02 2.632154e-03 
1.593000e+02 7.621669e-02 1.118504e-01 1.716774e+00 1.049759e+04 1.056063e+04     0 1.149174e+04 1.024829e+04 1.602915e-03     0 9.648940e-03 7.066193e+01 1.212360e+02 8.308039e-02 2.564590e-03 
1.594000e+02 7.667190e-02 1.120110e-01 1.718841e+00 1.049586e+04 1.057263e+04     0 1.149174e+04 1.024829e+04 1.731181e-03     0 9.630867e-03 7.073693e+01 1.212370e+02 8.309279e-02 2.495537e-03 
1.595000e+02 7.707366e-02 1.121726e-01 1.720919e+00 1.049411e+04 1.058462e+04     0 1.154951e+04 1.023147e+04 1.848662e-03     0 9.614201e-03 7.081193e+01 1.212379e+02 8.310437e-02 2.426040e-03 
1.596000e+02 7.741329e-02 1.123351e-01 1.723004e+00 1.049233e+04 1.059661e+04     0 1.154951e+04 1.023147e+04 2.113680e-03     0 9.598982e-03 7.088693e+01 1.212389e+02 8.311513e-02 2.355190e-03 
1.597000e+02 7.766825e-02 1.124982e-01 1.725099e+00 1.049053e+04 1.060859e+04     0 1.154951e+04 1.023147e+04 2.261212e-03     0 9.585177e-03 7.096193e+01 1.212398e+02 8.312507e-02 2.277199e-03 
1.598000e+02 7.785101e-02 1.126619e-01 1.727204e+00 1.048871e+04 1.062057e+04     0 1.154951e+04 1.023147e+04 2.353249e-03     0 9.572872e-03 7.103693e+01 1.212407e+02 8.313416e-02 2.192076e-03 
1.599000e+02 7.798184e-02 1.128263e-01 1.729313e+00 1.048686e+04 1.063255e+04     0 1.154951e+04 1.023147e+04 2.415698e-03     0 9.562243e-03 7.111193e+01 1.212416e+02 8.314233e-02 2.104407e-03 
  160 7.807602e-02 1.129917e-01 1.731421e+00 1.048498e+04 1.064452e+04     0 1.160776e+04 1.021634e+04 2.460815e-03     0 9.553386e-03 7.118693e+01 1.212424e+02 8.314951e-02 2.020329e-03 
1.601000e+02 7.811467e-02 1.131582e-01 1.733525e+00 1.048309e+04 1.065649e+04     0 1.160776e+04 1.021634e+04 2.898278e-03     0 9.546253e-03 7.126193e+01 1.212432e+02 8.315568e-02 1.939962e-03 
1.602000e+02 7.803688e-02 1.133250e-01 1.735632e+00 1.048117e+04 1.066846e+04     0 1.160776e+04 1.021634e+04 3.060725e-03     0 9.540584e-03 7.133693e+01 1.212440e+02 8.316092e-02 1.849085e-03 
1.603000e+02 7.786688e-02 1.134919e-01 1.737742e+00 1.047922e+04 1.068042e+04     0 1.160776e+04 1.021634e+04 3.105196e-03     0 9.536469e-03 7.141193e+01 1.212447e+02 8.316521e-02 1.746105e-03 
1.604000e+02 7.764785e-02 1.136594e-01 1.739850e+00 1.047725e+04 1.069238e+04     0 1.160776e+04 1.021634e+04 3.096108e-03     0 9.534250e-03 7.148693e+01 1.212454e+02 8.316847e-02 1.639476e-03 
1.605000e+02 7.741067e-02 1.138279e-01 1.741945e+00 1.047526e+04 1.070433e+04     0 1.166662e+04 1.020322e+04 3.062840e-03     0 9.534078e-03 7.156193e+01 1.212460e+02 8.317063e-02 1.540739e-03 
1.606000e+02 7.712573e-02 1.139976e-01 1.744022e+00 1.047324e+04 1.071628e+04     0 1.166662e+04 1.020322e+04 3.680525e-03     0 9.535799e-03 7.163693e+01 1.212466e+02 8.317165e-02 1.451124e-03 
1.607000e+02 7.669155e-02 1.141674e-01 1.746094e+00 1.047120e+04 1.072822e+04     0 1.166662e+04 1.020322e+04 3.857052e-03     0 9.538936e-03 7.171193e+01 1.212472e+02 8.317166e-02 1.347506e-03 
1.608000e+02 7.614478e-02 1.143368e-01 1.748164e+00 1.046913e+04 1.074017e+04     0 1.166662e+04 1.020322e+04 3.849814e-03     0 9.543606e-03 7.178693e+01 1.212476e+02 8.317064e-02 1.226594e-03 
1.609000e+02 7.555269e-02 1.145066e-01 1.750223e+00 1.046704e+04 1.075210e+04     0 1.166662e+04 1.020322e+04 3.763878e-03     0 9.550314e-03 7.186193e+01 1.212481e+02 8.316858e-02 1.100894e-03 
  161 7.496257e-02 1.146775e-01 1.752258e+00 1.046493e+04 1.076404e+04     0 1.172619e+04 1.019244e+04 3.646691e-03     0 9.559240e-03 7.193693e+01 1.212484e+02 8.316536e-02 9.876248e-04 
1.611000e+02 7.433364e-02 1.148496e-01 1.754261e+00 1.046279e+04 1.077597e+04     0 1.172619e+04 1.019244e+04 4.450415e-03     0 9.570105e-03 7.201193e+01 1.212487e+02 8.316094e-02 8.891936e-04 
1.612000e+02 7.352210e-02 1.150215e-01 1.756250e+00 1.046063e+04 1.078789e+04     0 1.172619e+04 1.019244e+04 4.639833e-03     0 9.582246e-03 7.208693e+01 1.212490e+02 8.315542e-02 7.731956e-04 
1.613000e+02 7.257749e-02 1.151927e-01 1.758231e+00 1.045845e+04 1.079981e+04     0 1.172619e+04 1.019244e+04 4.577041e-03     0 9.595829e-03 7.216193e+01 1.212492e+02 8.314887e-02 6.345510e-04 
1.614000e+02 7.159214e-02 1.153640e-01 1.760192e+00 1.045625e+04 1.081173e+04     0 1.172619e+04 1.019244e+04 4.409507e-03     0 9.611497e-03 7.223693e+01 1.212493e+02 8.314129e-02 4.899665e-04 
1.615000e+02 7.063036e-02 1.155364e-01 1.762115e+00 1.045402e+04 1.082364e+04     0 1.178659e+04 1.018433e+04 4.203511e-03     0 9.629422e-03 7.231193e+01 1.212493e+02 8.313259e-02 3.625412e-04 
1.616000e+02 6.963997e-02 1.157101e-01 1.763993e+00 1.045177e+04 1.083555e+04     0 1.178659e+04 1.018433e+04 5.196557e-03     0 9.649185e-03 7.238693e+01 1.212493e+02 8.312270e-02 2.559264e-04 
1.617000e+02 6.843355e-02 1.158832e-01 1.765848e+00 1.044950e+04 1.084745e+04     0 1.178659e+04 1.018433e+04 5.397226e-03     0 9.669988e-03 7.246193e+01 1.212493e+02 8.311165e-02 1.281716e-04 
1.618000e+02 6.707387e-02 1.160554e-01 1.767688e+00 1.044720e+04 1.085935e+04     0 1.178659e+04 1.018433e+04 5.275429e-03     0 9.692067e-03 7.253693e+01 1.212491e+02 8.309959e-02 -2.766020e-05 
1.619000e+02 6.567896e-02 1.162274e-01 1.769499e+00 1.044489e+04 1.087124e+04     0 1.178659e+04 1.018433e+04 5.022284e-03     0 9.716160e-03 7.261193e+01 1.212489e+02 8.308661e-02 -1.905741e-04 
  162 6.433058e-02 1.164004e-01 1.771260e+00 1.044255e+04 1.088313e+04     0 1.184784e+04 1.017923e+04 4.723442e-03     0 9.742381e-03 7.268693e+01 1.212486e+02 8.307265e-02 -3.314629e-04 
1.621000e+02 6.296505e-02 1.165746e-01 1.772960e+00 1.044020e+04 1.089502e+04     0 1.184784e+04 1.017923e+04 5.905778e-03     0 9.770162e-03 7.276193e+01 1.212483e+02 8.305757e-02 -4.453780e-04 
1.622000e+02 6.135075e-02 1.167480e-01 1.774628e+00 1.043782e+04 1.090690e+04     0 1.184784e+04 1.017923e+04 6.115475e-03     0 9.798643e-03 7.283693e+01 1.212479e+02 8.304131e-02 -5.839295e-04 
1.623000e+02 5.956383e-02 1.169201e-01 1.776273e+00 1.043543e+04 1.091878e+04     0 1.184784e+04 1.017923e+04 5.931751e-03     0 9.828153e-03 7.291193e+01 1.212474e+02 8.302411e-02 -7.559569e-04 
1.624000e+02 5.774823e-02 1.170918e-01 1.777881e+00 1.043301e+04 1.093066e+04     0 1.184784e+04 1.017923e+04 5.589959e-03     0 9.859460e-03 7.298693e+01 1.212468e+02 8.300619e-02 -9.361644e-04 
1.625000e+02 5.600326e-02 1.172643e-01 1.779424e+00 1.043058e+04 1.094253e+04     0 1.190995e+04 1.017743e+04 5.195367e-03     0 9.892562e-03 7.306193e+01 1.212462e+02 8.298755e-02 -1.089413e-03 
1.626000e+02 5.425400e-02 1.174378e-01 1.780892e+00 1.042813e+04 1.095440e+04     0 1.190995e+04 1.017743e+04 6.562644e-03     0 9.926742e-03 7.313693e+01 1.212456e+02 8.296796e-02 -1.209419e-03 
1.627000e+02 5.222492e-02 1.176103e-01 1.782318e+00 1.042566e+04 1.096626e+04     0 1.190995e+04 1.017743e+04 6.778415e-03     0 9.961172e-03 7.321193e+01 1.212449e+02 8.294720e-02 -1.357371e-03 
1.628000e+02 5.000543e-02 1.177812e-01 1.783714e+00 1.042317e+04 1.097812e+04     0 1.190995e+04 1.017743e+04 6.530581e-03     0 9.996296e-03 7.328693e+01 1.212441e+02 8.292566e-02 -1.544026e-03 
1.629000e+02 4.776508e-02 1.179516e-01 1.785063e+00 1.042067e+04 1.098997e+04     0 1.190995e+04 1.017743e+04 6.098456e-03     0 1.003283e-02 7.336193e+01 1.212432e+02 8.290369e-02 -1.739875e-03 
  163 4.562045e-02 1.181225e-01 1.786334e+00 1.041816e+04 1.100183e+04     0 1.197286e+04 1.017920e+04 5.606776e-03     0 1.007059e-02 7.343693e+01 1.212424e+02 8.288137e-02 -1.903862e-03 
1.631000e+02 4.348599e-02 1.182939e-01 1.787514e+00 1.041562e+04 1.101368e+04     0 1.197286e+04 1.017920e+04 7.149137e-03     0 1.010872e-02 7.351193e+01 1.212414e+02 8.285840e-02 -2.028347e-03 
1.632000e+02 4.104393e-02 1.184641e-01 1.788643e+00 1.041308e+04 1.102552e+04     0 1.197286e+04 1.017920e+04 7.367229e-03     0 1.014654e-02 7.358693e+01 1.212404e+02 8.283433e-02 -2.183776e-03 
1.633000e+02 3.839661e-02 1.186327e-01 1.789734e+00 1.041052e+04 1.103736e+04     0 1.197286e+04 1.017920e+04 7.054278e-03     0 1.018463e-02 7.366193e+01 1.212394e+02 8.280971e-02 -2.382802e-03 
1.634000e+02 3.573822e-02 1.188005e-01 1.790769e+00 1.040795e+04 1.104920e+04     0 1.197286e+04 1.017920e+04 6.532192e-03     0 1.022356e-02 7.373693e+01 1.212384e+02 8.278505e-02 -2.591920e-03 
1.635000e+02 3.320187e-02 1.189684e-01 1.791713e+00 1.040536e+04 1.106104e+04     0 1.203640e+04 1.018474e+04 5.944538e-03     0 1.026289e-02 7.381193e+01 1.212373e+02 8.276057e-02 -2.764457e-03 
1.636000e+02 3.069282e-02 1.191363e-01 1.792551e+00 1.040277e+04 1.107288e+04     0 1.203640e+04 1.018474e+04 7.645615e-03     0 1.030164e-02 7.388693e+01 1.212361e+02 8.273586e-02 -2.891447e-03 
1.637000e+02 2.785534e-02 1.193027e-01 1.793327e+00 1.040016e+04 1.108471e+04     0 1.203640e+04 1.018474e+04 7.862063e-03     0 1.033943e-02 7.396193e+01 1.212350e+02 8.271018e-02 -3.051964e-03 
1.638000e+02 2.480533e-02 1.194676e-01 1.794058e+00 1.039755e+04 1.109654e+04     0 1.203640e+04 1.018474e+04 7.485789e-03     0 1.037700e-02 7.403693e+01 1.212338e+02 8.268425e-02 -3.260513e-03 
1.639000e+02 2.176113e-02 1.196316e-01 1.794724e+00 1.039492e+04 1.110836e+04     0 1.203640e+04 1.018474e+04 6.878788e-03     0 1.041463e-02 7.411193e+01 1.212326e+02 8.265880e-02 -3.480030e-03 
  164 1.887276e-02 1.197951e-01 1.795287e+00 1.039229e+04 1.112019e+04     0 1.210037e+04 1.019416e+04 6.202544e-03     0 1.045157e-02 7.418693e+01 1.212314e+02 8.263417e-02 -3.658840e-03 
1.641000e+02 1.604420e-02 1.199579e-01 1.795729e+00 1.038965e+04 1.113201e+04     0 1.210037e+04 1.019416e+04 8.042744e-03     0 1.048678e-02 7.426193e+01 1.212302e+02 8.260987e-02 -3.786847e-03 
1.642000e+02 1.290757e-02 1.201190e-01 1.796100e+00 1.038701e+04 1.114384e+04     0 1.210037e+04 1.019416e+04 8.262149e-03     0 1.052030e-02 7.433693e+01 1.212290e+02 8.258480e-02 -3.950957e-03 
1.643000e+02 9.638324e-03 1.202788e-01 1.796420e+00 1.038436e+04 1.115566e+04     0 1.210037e+04 1.019416e+04 7.846379e-03     0 1.055304e-02 7.441193e+01 1.212278e+02 8.255985e-02 -4.167844e-03 
1.644000e+02 6.605210e-03 1.204377e-01 1.796666e+00 1.038170e+04 1.116748e+04     0 1.210037e+04 1.019416e+04 7.208879e-03     0 1.058492e-02 7.448693e+01 1.212267e+02 8.253596e-02 -4.398526e-03 
1.645000e+02 4.405617e-03 1.205955e-01 1.796801e+00 1.037904e+04 1.117929e+04     0 1.216446e+04 1.020742e+04 6.576282e-03     0 1.061485e-02 7.456193e+01 1.212255e+02 8.251357e-02 -4.589773e-03 
1.646000e+02 -4.204076e-03 1.207516e-01 1.796809e+00 1.037639e+04 1.119111e+04     0 1.216446e+04 1.020742e+04 8.121135e-03     0 1.064181e-02 7.463693e+01 1.212244e+02 8.249201e-02 -4.736551e-03 
1.647000e+02 -6.391808e-03 1.209062e-01 1.796729e+00 1.037372e+04 1.120293e+04     0 1.216446e+04 1.020742e+04 7.977228e-03     0 1.066635e-02 7.471193e+01 1.212233e+02 8.247038e-02 -4.906841e-03 
1.648000e+02 -9.591310e-03 1.210596e-01 1.796564e+00 1.037106e+04 1.121475e+04     0 1.216446e+04 1.020742e+04 7.484472e-03     0 1.068904e-02 7.478693e+01 1.212222e+02 8.244987e-02 -5.093015e-03 
1.649000e+02 -1.300736e-02 1.212115e-01 1.796292e+00 1.036841e+04 1.122657e+04     0 1.216446e+04 1.020742e+04 6.787244e-03     0 1.070920e-02 7.486193e+01 1.212213e+02 8.243133e-02 -5.259359e-03 
  165 -1.634741e-02 1.213612e-01 1.795880e+00 1.036575e+04 1.123838e+04     0 1.222833e+04 1.022428e+04 6.010193e-03     0 1.072560e-02 7.493693e+01 1.212203e+02 8.241525e-02 -5.362225e-03 
1.651000e+02 -1.968573e-02 1.215079e-01 1.795323e+00 1.036309e+04 1.125020e+04     0 1.222833e+04 1.022428e+04 8.023765e-03     0 1.073752e-02 7.501193e+01 1.212194e+02 8.240097e-02 -5.404452e-03 
1.652000e+02 -2.342882e-02 1.216532e-01 1.794688e+00 1.036045e+04 1.126202e+04     0 1.222833e+04 1.022428e+04 8.217059e-03     0 1.074647e-02 7.508693e+01 1.212186e+02 8.238673e-02 -5.493846e-03 
1.653000e+02 -2.743182e-02 1.217984e-01 1.794004e+00 1.035780e+04 1.127384e+04     0 1.222833e+04 1.022428e+04 7.683593e-03     0 1.075361e-02 7.516193e+01 1.212179e+02 8.237367e-02 -5.655834e-03 
1.654000e+02 -3.142056e-02 1.219429e-01 1.793251e+00 1.035516e+04 1.128566e+04     0 1.222833e+04 1.022428e+04 6.867839e-03     0 1.075781e-02 7.523693e+01 1.212173e+02 8.236297e-02 -5.849134e-03 
1.655000e+02 -3.520546e-02 1.220855e-01 1.792385e+00 1.035253e+04 1.129749e+04     0 1.229161e+04 1.024427e+04 5.968980e-03     0 1.075727e-02 7.531193e+01 1.212168e+02 8.235529e-02 -6.011285e-03 
1.656000e+02 -3.889392e-02 1.222248e-01 1.791384e+00 1.034991e+04 1.130931e+04     0 1.229161e+04 1.024427e+04 7.910861e-03     0 1.075120e-02 7.538693e+01 1.212163e+02 8.234995e-02 -6.124736e-03 
1.657000e+02 -4.292271e-02 1.223632e-01 1.790299e+00 1.034730e+04 1.132114e+04     0 1.229161e+04 1.024427e+04 8.028513e-03     0 1.074160e-02 7.546193e+01 1.212160e+02 8.234489e-02 -6.281153e-03 
1.658000e+02 -4.715809e-02 1.225021e-01 1.789148e+00 1.034471e+04 1.133297e+04     0 1.229161e+04 1.024427e+04 7.426711e-03     0 1.072967e-02 7.553693e+01 1.212158e+02 8.234135e-02 -6.494035e-03 
1.659000e+02 -5.133881e-02 1.226404e-01 1.787904e+00 1.034212e+04 1.134480e+04     0 1.229161e+04 1.024427e+04 6.552293e-03     0 1.071378e-02 7.561193e+01 1.212158e+02 8.234076e-02 -6.715103e-03 
  166 -5.528814e-02 1.227755e-01 1.786519e+00 1.033955e+04 1.135664e+04     0 1.235398e+04 1.026664e+04 5.603265e-03     0 1.069177e-02 7.568693e+01 1.212158e+02 8.234406e-02 -6.879847e-03 
1.661000e+02 -5.912157e-02 1.229059e-01 1.784973e+00 1.033699e+04 1.136848e+04     0 1.235398e+04 1.026664e+04 7.469523e-03     0 1.066290e-02 7.576193e+01 1.212160e+02 8.235057e-02 -6.972323e-03 
1.662000e+02 -6.327860e-02 1.230349e-01 1.783320e+00 1.033445e+04 1.138032e+04     0 1.235398e+04 1.026664e+04 7.536689e-03     0 1.062980e-02 7.583693e+01 1.212164e+02 8.235799e-02 -7.087626e-03 
1.663000e+02 -6.762855e-02 1.231647e-01 1.781583e+00 1.033193e+04 1.139217e+04     0 1.235398e+04 1.026664e+04 6.895890e-03     0 1.059380e-02 7.591193e+01 1.212169e+02 8.236764e-02 -7.245282e-03 
1.664000e+02 -7.191297e-02 1.232938e-01 1.779742e+00 1.032942e+04 1.140402e+04     0 1.235398e+04 1.026664e+04 5.988467e-03     0 1.055281e-02 7.598693e+01 1.212176e+02 8.238102e-02 -7.404216e-03 
1.665000e+02 -7.595582e-02 1.234191e-01 1.777757e+00 1.032694e+04 1.141587e+04     0 1.241520e+04 1.029029e+04 5.010189e-03     0 1.050447e-02 7.606193e+01 1.212184e+02 8.239903e-02 -7.506811e-03 
1.666000e+02 -7.985804e-02 1.235391e-01 1.775611e+00 1.032447e+04 1.142773e+04     0 1.241520e+04 1.029029e+04 6.653675e-03     0 1.044836e-02 7.613693e+01 1.212194e+02 8.242101e-02 -7.540025e-03 
1.667000e+02 -8.402644e-02 1.236581e-01 1.773357e+00 1.032203e+04 1.143959e+04     0 1.241520e+04 1.029029e+04 6.631117e-03     0 1.038779e-02 7.621193e+01 1.212206e+02 8.244455e-02 -7.593880e-03 
1.668000e+02 -8.833886e-02 1.237787e-01 1.771021e+00 1.031962e+04 1.145146e+04     0 1.241520e+04 1.029029e+04 5.958143e-03     0 1.032417e-02 7.628693e+01 1.212220e+02 8.247083e-02 -7.688022e-03 
1.669000e+02 -9.255605e-02 1.238994e-01 1.768584e+00 1.031722e+04 1.146333e+04     0 1.241520e+04 1.029029e+04 5.045466e-03     0 1.025516e-02 7.636193e+01 1.212236e+02 8.250117e-02 -7.785635e-03 
  167 -9.651628e-02 1.240166e-01 1.766012e+00 1.031486e+04 1.147521e+04     0 1.247521e+04 1.031373e+04 4.075001e-03     0 1.017849e-02 7.643693e+01 1.212253e+02 8.253637e-02 -7.834335e-03 
1.671000e+02 -1.003037e-01 1.241288e-01 1.763289e+00 1.031252e+04 1.148710e+04     0 1.247521e+04 1.031373e+04 5.375984e-03     0 1.009416e-02 7.651193e+01 1.212273e+02 8.257579e-02 -7.820531e-03 
1.672000e+02 -1.042712e-01 1.242408e-01 1.760462e+00 1.031021e+04 1.149899e+04     0 1.247521e+04 1.031373e+04 5.250271e-03     0 1.000578e-02 7.658693e+01 1.212294e+02 8.261724e-02 -7.820662e-03 
1.673000e+02 -1.083170e-01 1.243551e-01 1.757551e+00 1.030794e+04 1.151088e+04     0 1.247521e+04 1.031373e+04 4.574565e-03     0 9.914729e-03 7.666193e+01 1.212318e+02 8.266161e-02 -7.851625e-03 
1.674000e+02 -1.122390e-01 1.244703e-01 1.754545e+00 1.030569e+04 1.152279e+04     0 1.247521e+04 1.031373e+04 3.702763e-03     0 9.818735e-03 7.673693e+01 1.212343e+02 8.270988e-02 -7.882636e-03 
1.675000e+02 -1.159020e-01 1.245828e-01 1.751415e+00 1.030348e+04 1.153470e+04     0 1.253420e+04 1.033500e+04 2.790997e-03     0 9.715898e-03 7.681193e+01 1.212371e+02 8.276264e-02 -7.870206e-03 
1.676000e+02 -1.193659e-01 1.246914e-01 1.748149e+00 1.030130e+04 1.154661e+04     0 1.253420e+04 1.033500e+04 3.615515e-03     0 9.606620e-03 7.688693e+01 1.212400e+02 8.281937e-02 -7.801452e-03 
1.677000e+02 -1.229010e-01 1.248004e-01 1.744782e+00 1.029915e+04 1.155853e+04     0 1.253420e+04 1.033500e+04 3.371206e-03     0 9.494339e-03 7.696193e+01 1.212431e+02 8.287831e-02 -7.733799e-03 
1.678000e+02 -1.264346e-01 1.249121e-01 1.741333e+00 1.029704e+04 1.157046e+04     0 1.253420e+04 1.033500e+04 2.724177e-03     0 9.380343e-03 7.703693e+01 1.212464e+02 8.293994e-02 -7.681323e-03 
1.679000e+02 -1.298183e-01 1.250255e-01 1.737796e+00 1.029497e+04 1.158240e+04     0 1.253420e+04 1.033500e+04 1.942535e-03     0 9.262914e-03 7.711193e+01 1.212499e+02 8.300477e-02 -7.623348e-03 
  168 -1.329545e-01 1.251382e-01 1.734155e+00 1.029294e+04 1.159434e+04     0 1.259262e+04 1.035159e+04 1.143835e-03     0 9.140855e-03 7.718693e+01 1.212536e+02 8.307298e-02 -7.530405e-03 
1.681000e+02 -1.358678e-01 1.252490e-01 1.730401e+00 1.029095e+04 1.160629e+04     0 1.259262e+04 1.035159e+04 1.315731e-03     0 9.014888e-03 7.726193e+01 1.212574e+02 8.314423e-02 -7.391472e-03 
1.682000e+02 -1.387087e-01 1.253608e-01 1.726557e+00 1.028900e+04 1.161825e+04     0 1.259262e+04 1.035159e+04 9.257828e-04     0 8.887671e-03 7.733693e+01 1.212613e+02 8.321742e-02 -7.237170e-03 
1.683000e+02 -1.414442e-01 1.254755e-01 1.722635e+00 1.028709e+04 1.163021e+04     0 1.259262e+04 1.035159e+04 3.402665e-04     0 8.760426e-03 7.741193e+01 1.212654e+02 8.329250e-02 -7.077444e-03 
1.684000e+02 -1.440018e-01 1.255931e-01 1.718639e+00 1.028522e+04 1.164219e+04     0 1.259262e+04 1.035159e+04 -2.946768e-04     0 8.632592e-03 7.748693e+01 1.212696e+02 8.336935e-02 -6.905613e-03 
1.685000e+02 -1.463361e-01 1.257128e-01 1.714569e+00 1.028340e+04 1.165416e+04     0 1.175416e+04 1.038340e+04 -9.161836e-04     0 8.504010e-03 7.756193e+01 1.212740e+02 8.344770e-02 -6.711567e-03 
1.686000e+02 -1.523215e-01 1.022639e-01 1.714473e+00 1.028162e+04 1.166615e+04     0 1.175416e+04 1.038340e+04 6.005810e-02     0 2.617994e-01 7.831153e+01 1.212760e+02 5.842486e-02 -7.267262e-03 
1.687000e+02 -1.720010e-01 4.547774e-02 1.722276e+00 1.027988e+04 1.167814e+04     0 1.175416e+04 1.038340e+04 8.037043e-02     0 2.617994e-01 7.901359e+01 1.213618e+02 6.549306e-03 -1.042635e-02 
1.688000e+02 -2.031662e-01 -1.963812e-02 1.735825e+00 1.027817e+04 1.169016e+04     0 1.175416e+04 1.038340e+04 8.369295e-02     0 2.617994e-01 7.967263e+01 1.215803e+02 -4.582210e-02 -1.551117e-02 
1.689000e+02 -2.400567e-01 -7.792441e-02 1.752220e+00 1.027647e+04 1.170222e+04     0 1.175416e+04 1.038340e+04 7.953992e-02     0 2.617994e-01 8.029275e+01 1.219437e+02 -8.515602e-02 -2.152490e-02 
  169 -2.780640e-01 -1.234007e-01 1.768567e+00 1.027476e+04 1.171431e+04     0 1.181431e+04 1.037476e+04 7.220912e-02     0 2.617994e-01 8.087764e+01 1.224430e+02 -1.079066e-01 -2.798805e-02 
1.691000e+02 -3.143381e-01 -1.563263e-01 1.782773e+00 1.027302e+04 1.172645e+04     0 1.181431e+04 1.037476e+04 6.382065e-02     0 2.617994e-01 8.143067e+01 1.230608e+02 -1.164547e-01 -3.451595e-02 
1.692000e+02 -3.474956e-01 -1.800833e-01 1.793822e+00 1.027125e+04 1.173864e+04     0 1.181431e+04 1.037476e+04 5.544769e-02     0 2.617994e-01 8.195486e+01 1.237787e+02 -1.156100e-01 -4.054100e-02 
1.693000e+02 -3.771864e-01 -1.990560e-01 1.801652e+00 1.026945e+04 1.175086e+04     0 1.181431e+04 1.037476e+04 4.759539e-02     0 2.617994e-01 8.245295e+01 1.245825e+02 -1.104108e-01 -4.535742e-02 
1.694000e+02 -4.036365e-01 -2.168847e-01 1.806664e+00 1.026761e+04 1.176312e+04     0 1.181431e+04 1.037476e+04 4.044403e-02     0 2.617994e-01 8.292744e+01 1.254638e+02 -1.045534e-01 -4.832173e-02 
1.695000e+02 -4.273011e-01 -2.358858e-01 1.809376e+00 1.026574e+04 1.177543e+04     0 1.187543e+04 1.036574e+04 3.399981e-02     0 2.617994e-01 8.338056e+01 1.264190e+02 -1.000793e-01 -4.903583e-02 
1.696000e+02 -4.486414e-01 -2.570774e-01 1.810269e+00 1.026385e+04 1.178778e+04     0 1.187543e+04 1.036574e+04 2.819243e-02     0 2.617994e-01 8.381436e+01 1.274483e+02 -9.764438e-02 -4.743633e-02 
1.697000e+02 -4.680087e-01 -2.805098e-01 1.809755e+00 1.026193e+04 1.180018e+04     0 1.187543e+04 1.036574e+04 2.293530e-02     0 2.617994e-01 8.423066e+01 1.285533e+02 -9.702510e-02 -4.378784e-02 
1.698000e+02 -4.856106e-01 -3.056740e-01 1.808221e+00 1.025999e+04 1.181262e+04     0 1.187543e+04 1.036574e+04 1.815748e-02     0 2.617994e-01 8.463114e+01 1.297356e+02 -9.761460e-02 -3.860822e-02 
1.699000e+02 -5.015332e-01 -3.318498e-01 1.806068e+00 1.025803e+04 1.182510e+04     0 1.187543e+04 1.036574e+04 1.381474e-02     0 2.617994e-01 8.501729e+01 1.309958e+02 -9.878302e-02 -3.255874e-02 
  170 -5.157923e-01 -3.583405e-01 1.803714e+00 1.025604e+04 1.183762e+04     0 1.193762e+04 1.035604e+04 9.886760e-03     0 2.617994e-01 8.539050e+01 1.323335e+02 -1.000676e-01 -2.632729e-02 
1.701000e+02 -5.283855e-01 -3.845936e-01 1.801576e+00 1.025404e+04 1.185019e+04     0 1.193762e+04 1.035604e+04 6.367419e-03     0 2.617994e-01 8.575197e+01 1.337473e+02 -1.012208e-01 -2.052563e-02 
1.702000e+02 -5.393292e-01 -4.102381e-01 1.800012e+00 1.025201e+04 1.186280e+04     0 1.193762e+04 1.035604e+04 3.254350e-03     0 2.617994e-01 8.610284e+01 1.352355e+02 -1.021702e-01 -1.561435e-02 
1.703000e+02 -5.486742e-01 -4.350717e-01 1.799281e+00 1.024997e+04 1.187546e+04     0 1.193762e+04 1.035604e+04 5.413470e-04     0 2.617994e-01 8.644411e+01 1.367959e+02 -1.029459e-01 -1.186228e-02 
1.704000e+02 -5.565055e-01 -4.590286e-01 1.799503e+00 1.024791e+04 1.188815e+04     0 1.193762e+04 1.035604e+04 -1.785111e-03     0 2.617994e-01 8.677669e+01 1.384265e+02 -1.036132e-01 -9.340439e-03 
1.705000e+02 -5.629333e-01 -4.821423e-01 1.800657e+00 1.024583e+04 1.190088e+04     0 1.200088e+04 1.034583e+04 -3.746007e-03     0 2.617994e-01 8.710142e+01 1.401254e+02 -1.042296e-01 -7.945636e-03 
1.706000e+02 -5.680837e-01 -5.045120e-01 1.802596e+00 1.024373e+04 1.191365e+04     0 1.200088e+04 1.034583e+04 -5.368142e-03     0 2.617994e-01 8.741903e+01 1.418906e+02 -1.048287e-01 -7.445658e-03 
1.707000e+02 -5.720912e-01 -5.262728e-01 1.805093e+00 1.024162e+04 1.192646e+04     0 1.200088e+04 1.034583e+04 -6.682086e-03     0 2.617994e-01 8.773021e+01 1.437203e+02 -1.054217e-01 -7.536181e-03 
1.708000e+02 -5.750946e-01 -5.475690e-01 1.807886e+00 1.023948e+04 1.193930e+04     0 1.200088e+04 1.034583e+04 -7.720472e-03     0 2.617994e-01 8.803557e+01 1.456125e+02 -1.060075e-01 -7.899487e-03 
1.709000e+02 -5.772341e-01 -5.685315e-01 1.810731e+00 1.023732e+04 1.195217e+04     0 1.200088e+04 1.034583e+04 -8.516826e-03     0 2.617994e-01 8.833566e+01 1.475655e+02 -1.065809e-01 -8.255962e-03 
  171 -5.786488e-01 -5.892587e-01 1.813440e+00 1.023515e+04 1.196508e+04     0 1.206508e+04 1.033515e+04 -9.104792e-03     0 2.617994e-01 8.863098e+01 1.495775e+02 -1.071390e-01 -8.401415e-03 
1.711000e+02 -5.777398e-01 -6.059682e-01 1.812846e+00 1.023295e+04 1.197802e+04     0 1.206508e+04 1.033515e+04 -9.429446e-03     0 1.772798e-01 8.892199e+01 1.516484e+02 -1.027499e-01 -8.223297e-03 
1.712000e+02 -5.689147e-01 -6.060390e-01 1.798902e+00 1.023072e+04 1.199098e+04     0 1.206508e+04 1.033515e+04 -8.730100e-03     0 1.459600e-01 8.920910e+01 1.537442e+02 -8.098160e-02 -7.685953e-03 
1.713000e+02 -5.554986e-01 -5.946703e-01 1.776398e+00 1.022851e+04 1.200401e+04     0 1.206508e+04 1.033515e+04 -6.596958e-03     0 1.321114e-01 8.949268e+01 1.558074e+02 -5.184277e-02 -6.890282e-03 
1.714000e+02 -5.427551e-01 -5.809104e-01 1.753111e+00 1.022634e+04 1.201713e+04     0 1.206508e+04 1.033515e+04 -3.745348e-03     0 1.042382e-01 8.977306e+01 1.578163e+02 -2.626738e-02 -6.137718e-03 
1.715000e+02 -5.318576e-01 -5.657533e-01 1.730248e+00 1.022426e+04 1.203039e+04     0 1.213039e+04 1.032426e+04 -8.853253e-04     0 7.198737e-02 9.005055e+01 1.597680e+02 -4.497325e-03 -5.794834e-03 
1.716000e+02 -5.225128e-01 -5.476679e-01 1.707007e+00 1.022230e+04 1.204383e+04     0 1.213039e+04 1.032426e+04 1.721341e-03     0 4.915330e-02 9.032542e+01 1.616555e+02 1.557176e-02 -6.119930e-03 
1.717000e+02 -5.149837e-01 -5.274376e-01 1.683974e+00 1.022048e+04 1.205746e+04     0 1.213039e+04 1.032426e+04 3.978808e-03     0 3.018328e-02 9.059793e+01 1.634700e+02 3.326932e-02 -7.182054e-03 
1.718000e+02 -5.092608e-01 -5.058527e-01 1.661427e+00 1.021885e+04 1.207132e+04     0 1.213039e+04 1.032426e+04 5.818601e-03     0 8.815630e-03 9.086829e+01 1.652084e+02 4.841515e-02 -8.852110e-03 
1.719000e+02 -5.049036e-01 -4.826980e-01 1.638809e+00 1.021742e+04 1.208543e+04     0 1.213039e+04 1.032426e+04 7.270166e-03     0 -2.465395e-03 9.113672e+01 1.668666e+02 6.180254e-02 -1.086291e-02 
  172 -5.020023e-01 -4.594643e-01 1.616566e+00 1.021624e+04 1.209979e+04     0 1.219979e+04 1.031624e+04 8.360827e-03     0 -1.336962e-02 9.140339e+01 1.684419e+02 7.233106e-02 -1.289053e-02 
1.721000e+02 -4.997851e-01 -4.363895e-01 1.594298e+00 1.021531e+04 1.211443e+04     0 1.219979e+04 1.031624e+04 5.201697e-03     0 -2.423205e-02 9.166848e+01 1.699369e+02 8.065458e-02 -1.453346e-02 
1.722000e+02 -4.969184e-01 -4.132673e-01 1.571311e+00 1.021467e+04 1.212935e+04     0 1.219979e+04 1.031624e+04 4.459174e-03     0 -3.085952e-02 9.193213e+01 1.713506e+02 8.752863e-02 -1.527740e-02 
1.723000e+02 -4.939947e-01 -3.904519e-01 1.547682e+00 1.021434e+04 1.214454e+04     0 1.219979e+04 1.031624e+04 4.658629e-03     0 -3.652450e-02 9.219448e+01 1.726835e+02 9.297405e-02 -1.506621e-02 
1.724000e+02 -4.918148e-01 -3.680472e-01 1.523733e+00 1.021432e+04 1.215999e+04     0 1.219979e+04 1.031624e+04 5.133379e-03     0 -3.963068e-02 9.245566e+01 1.739359e+02 9.698649e-02 -1.421665e-02 
1.725000e+02 -4.907951e-01 -3.460617e-01 1.499883e+00 1.021465e+04 1.217570e+04     0 1.227570e+04 1.031465e+04 5.542664e-03     0 -4.236279e-02 9.271577e+01 1.751104e+02 9.975707e-02 -1.316019e-02 
1.726000e+02 -4.893723e-01 -3.244231e-01 1.476273e+00 1.021534e+04 1.219166e+04     0 1.227570e+04 1.031465e+04 -5.230592e-03     0 -4.269199e-02 9.297492e+01 1.762078e+02 1.014746e-01 -1.193096e-02 
1.727000e+02 -4.843082e-01 -3.034558e-01 1.452646e+00 1.021639e+04 1.220784e+04     0 1.227570e+04 1.031465e+04 -8.622623e-03     0 -4.321646e-02 9.323320e+01 1.772310e+02 1.022998e-01 -9.767930e-03 
1.728000e+02 -4.771767e-01 -2.830877e-01 1.429091e+00 1.021782e+04 1.222423e+04     0 1.227570e+04 1.031465e+04 -8.852484e-03     0 -4.133903e-02 9.349069e+01 1.781812e+02 1.023232e-01 -6.852357e-03 
1.729000e+02 -4.701336e-01 -2.632079e-01 1.406253e+00 1.021963e+04 1.224081e+04     0 1.227570e+04 1.031465e+04 -7.822973e-03     0 -3.942063e-02 9.374747e+01 1.790613e+02 1.015899e-01 -3.979175e-03 
  173 -4.642584e-01 -2.435545e-01 1.384749e+00 1.022181e+04 1.225756e+04     0 1.235756e+04 1.032181e+04 -6.462050e-03     0 -3.593367e-02 9.400361e+01 1.798729e+02 1.001536e-01 -1.926997e-03 
1.731000e+02 -4.581512e-01 -2.241686e-01 1.364837e+00 1.022438e+04 1.227445e+04     0 1.235756e+04 1.032181e+04 -1.601607e-02     0 -3.240466e-02 9.425916e+01 1.806196e+02 9.810621e-02 -7.813786e-04 
1.732000e+02 -4.485162e-01 -2.052452e-01 1.345937e+00 1.022733e+04 1.229148e+04     0 1.235756e+04 1.032181e+04 -1.825201e-02     0 -2.783506e-02 9.451418e+01 1.813035e+02 9.559544e-02 4.249497e-04 
1.733000e+02 -4.370184e-01 -1.869147e-01 1.327834e+00 1.023064e+04 1.230862e+04     0 1.235756e+04 1.032181e+04 -1.737662e-02     0 -2.487023e-02 9.476872e+01 1.819278e+02 9.274837e-02 1.831072e-03 
1.734000e+02 -4.258039e-01 -1.689844e-01 1.310686e+00 1.023431e+04 1.232584e+04     0 1.235756e+04 1.032181e+04 -1.528953e-02     0 -1.858011e-02 9.502283e+01 1.824937e+02 8.967027e-02 3.004097e-03 
1.735000e+02 -4.160154e-01 -1.516452e-01 1.294938e+00 1.023833e+04 1.234314e+04     0 1.244314e+04 1.033833e+04 -1.292657e-02     0 -1.232753e-02 9.527655e+01 1.830044e+02 8.615942e-02 3.478101e-03 
1.736000e+02 -4.066449e-01 -1.350578e-01 1.280651e+00 1.024267e+04 1.236048e+04     0 1.244314e+04 1.033833e+04 -1.915969e-02     0 -6.428042e-03 9.552992e+01 1.834633e+02 8.214075e-02 3.295705e-03 
1.737000e+02 -3.951674e-01 -1.192247e-01 1.267150e+00 1.024734e+04 1.237787e+04     0 1.244314e+04 1.033833e+04 -1.980954e-02     0 -1.387387e-03 9.578297e+01 1.838743e+02 7.802486e-02 3.278872e-03 
1.738000e+02 -3.829228e-01 -1.040822e-01 1.254118e+00 1.025230e+04 1.239529e+04     0 1.244314e+04 1.033833e+04 -1.818441e-02     0 5.598014e-03 9.603572e+01 1.842389e+02 7.392662e-02 3.581969e-03 
1.739000e+02 -3.715614e-01 -8.975822e-02 1.241781e+00 1.025755e+04 1.241271e+04     0 1.244314e+04 1.033833e+04 -1.577467e-02     0 1.009587e-02 9.628822e+01 1.845602e+02 6.973075e-02 3.879205e-03 
  174 -3.618333e-01 -7.589068e-02 1.230277e+00 1.026307e+04 1.243013e+04     0 1.253013e+04 1.036307e+04 -1.329762e-02     0 1.839770e-02 9.654047e+01 1.848401e+02 6.568321e-02 3.803269e-03 
1.741000e+02 -3.529382e-01 -6.319486e-02 1.219904e+00 1.026884e+04 1.244755e+04     0 1.253013e+04 1.036307e+04 -1.714409e-02     0 2.485154e-02 9.679252e+01 1.850815e+02 6.106162e-02 3.335826e-03 
1.742000e+02 -3.429797e-01 -5.141398e-02 1.210092e+00 1.027485e+04 1.246494e+04     0 1.253013e+04 1.036307e+04 -1.709379e-02     0 2.984722e-02 9.704436e+01 1.852895e+02 5.646521e-02 3.018046e-03 
1.743000e+02 -3.328526e-01 -4.020347e-02 1.200529e+00 1.028108e+04 1.248231e+04     0 1.253013e+04 1.036307e+04 -1.551497e-02     0 3.679356e-02 9.729603e+01 1.854653e+02 5.219698e-02 2.957808e-03 
1.744000e+02 -3.236495e-01 -2.976818e-02 1.191425e+00 1.028753e+04 1.249964e+04     0 1.253013e+04 1.036307e+04 -1.346088e-02     0 4.171125e-02 9.754755e+01 1.856114e+02 4.799791e-02 2.934853e-03 
1.745000e+02 -3.158305e-01 -1.987319e-02 1.182902e+00 1.029416e+04 1.251694e+04     0 1.261694e+04 1.039416e+04 -1.142784e-02     0 4.860724e-02 9.779892e+01 1.857294e+02 4.400449e-02 2.695832e-03 
1.746000e+02 -3.087420e-01 -1.093448e-02 1.175109e+00 1.030099e+04 1.253419e+04     0 1.261694e+04 1.039416e+04 -1.407512e-02     0 5.451726e-02 9.805015e+01 1.858221e+02 3.977682e-02 2.226121e-03 
1.747000e+02 -3.009928e-01 -2.768296e-03 1.167641e+00 1.030798e+04 1.255139e+04     0 1.261694e+04 1.039416e+04 -1.390233e-02     0 5.914965e-02 9.830127e+01 1.858930e+02 3.568609e-02 1.902060e-03 
1.748000e+02 -2.932278e-01 4.863085e-03 1.160305e+00 1.031513e+04 1.256854e+04     0 1.261694e+04 1.039416e+04 -1.264065e-02     0 6.498549e-02 9.855229e+01 1.859435e+02 3.190922e-02 1.799634e-03 
1.749000e+02 -2.862107e-01 1.185462e-02 1.153252e+00 1.032244e+04 1.258564e+04     0 1.261694e+04 1.039416e+04 -1.105489e-02     0 6.936931e-02 9.880321e+01 1.859753e+02 2.827839e-02 1.756880e-03 
  175 -2.802499e-01 1.840317e-02 1.146588e+00 1.032988e+04 1.260268e+04     0 1.270268e+04 1.042988e+04 -9.501268e-03     0 7.434049e-02 9.905404e+01 1.859901e+02 2.489844e-02 1.581793e-03 
1.751000e+02 -2.748303e-01 2.433387e-02 1.140383e+00 1.033746e+04 1.261967e+04     0 1.270268e+04 1.042988e+04 -1.153651e-02     0 7.943450e-02 9.930479e+01 1.859894e+02 2.155297e-02 1.252689e-03 
1.752000e+02 -2.688850e-01 2.954509e-02 1.134409e+00 1.034516e+04 1.263659e+04     0 1.270268e+04 1.042988e+04 -1.141211e-02     0 8.377932e-02 9.955547e+01 1.859757e+02 1.820963e-02 1.035685e-03 
1.753000e+02 -2.629224e-01 3.426435e-02 1.128528e+00 1.035298e+04 1.265346e+04     0 1.270268e+04 1.042988e+04 -1.044843e-02     0 8.722926e-02 9.980608e+01 1.859509e+02 1.511763e-02 9.836412e-04 
1.754000e+02 -2.575115e-01 3.870970e-02 1.122784e+00 1.036091e+04 1.267028e+04     0 1.270268e+04 1.042988e+04 -9.233856e-03     0 9.192342e-02   100 1.859156e+02 1.237790e-02 9.756464e-04 
1.755000e+02 -2.528816e-01 4.253680e-02 1.117402e+00 1.036894e+04 1.268703e+04     0 1.278703e+04 1.046894e+04 -8.038228e-03     0 9.590176e-02   100 1.858699e+02 9.562513e-03 8.643382e-04 
1.756000e+02 -2.486229e-01 4.583454e-02 1.112370e+00 1.037708e+04 1.270373e+04     0 1.278703e+04 1.046894e+04 -9.714910e-03     0 9.910512e-02   100 1.858155e+02 6.803116e-03 6.298016e-04 
1.757000e+02 -2.439076e-01 4.877881e-02 1.107437e+00 1.038530e+04 1.272037e+04     0 1.278703e+04 1.046894e+04 -9.642444e-03     0 1.027414e-01   100 1.857538e+02 4.279130e-03 4.787264e-04 
1.758000e+02 -2.391457e-01 5.129632e-02 1.102569e+00 1.039361e+04 1.273695e+04     0 1.278703e+04 1.046894e+04 -8.886462e-03     0 1.057177e-01   100 1.856857e+02 1.889075e-03 4.561758e-04 
1.759000e+02 -2.347959e-01 5.349140e-02 1.097827e+00 1.040201e+04 1.275348e+04     0 1.278703e+04 1.046894e+04 -7.920411e-03     0 1.087840e-01   100 1.856122e+02 -3.164491e-04 4.675607e-04 
  176 -2.310484e-01 5.534860e-02 1.093324e+00 1.041048e+04 1.276996e+04     0 1.286996e+04 1.051048e+04 -6.962246e-03     0 1.116293e-01   100 1.855344e+02 -2.411240e-03 3.961168e-04 
1.761000e+02 -2.275860e-01 5.689972e-02 1.089063e+00 1.041904e+04 1.278638e+04     0 1.286996e+04 1.051048e+04 -8.360960e-03     0 1.142179e-01   100 1.854531e+02 -4.385993e-03 2.250077e-04 
1.762000e+02 -2.237097e-01 5.815987e-02 1.084872e+00 1.042766e+04 1.280275e+04     0 1.286996e+04 1.051048e+04 -8.316961e-03     0 1.166694e-01   100 1.853694e+02 -6.216999e-03 1.163999e-04 
1.763000e+02 -2.197828e-01 5.914515e-02 1.080710e+00 1.043636e+04 1.281908e+04     0 1.286996e+04 1.051048e+04 -7.702298e-03     0 1.189117e-01   100 1.852840e+02 -7.912304e-03 1.092251e-04 
1.764000e+02 -2.161827e-01 5.990929e-02 1.076635e+00 1.044512e+04 1.283535e+04     0 1.286996e+04 1.051048e+04 -6.908611e-03     0 1.208586e-01   100 1.851974e+02 -9.461691e-03 1.282563e-04 
1.765000e+02 -2.130666e-01 6.051430e-02 1.072728e+00 1.045394e+04 1.285157e+04     0 1.295157e+04 1.055394e+04 -6.117483e-03     0 1.227363e-01   100 1.851102e+02 -1.085787e-02 7.875342e-05 
1.766000e+02 -2.101687e-01 6.095156e-02 1.068998e+00 1.046283e+04 1.286775e+04     0 1.295157e+04 1.055394e+04 -7.336381e-03     0 1.244300e-01   100 1.850228e+02 -1.214003e-02 -5.314154e-05 
1.767000e+02 -2.069018e-01 6.120987e-02 1.065303e+00 1.047178e+04 1.288388e+04     0 1.295157e+04 1.055394e+04 -7.315496e-03     0 1.259419e-01   100 1.849358e+02 -1.331271e-02 -1.324895e-04 
1.768000e+02 -2.035750e-01 6.131263e-02 1.061608e+00 1.048078e+04 1.289997e+04     0 1.295157e+04 1.055394e+04 -6.803051e-03     0 1.273156e-01   100 1.848495e+02 -1.437177e-02 -1.258432e-04 
1.769000e+02 -2.005133e-01 6.128995e-02 1.057973e+00 1.048985e+04 1.291602e+04     0 1.295157e+04 1.055394e+04 -6.133681e-03     0 1.285565e-01   100 1.847642e+02 -1.532513e-02 -9.663496e-05 
  177 -1.978534e-01 6.117001e-02 1.054471e+00 1.049896e+04 1.293202e+04     0 1.303202e+04 1.059896e+04 -5.462783e-03     0 1.296640e-01   100 1.846802e+02 -1.618236e-02 -1.262422e-04 
1.771000e+02 -1.953635e-01 6.096820e-02 1.051106e+00 1.050813e+04 1.294798e+04     0 1.303202e+04 1.059896e+04 -6.568392e-03     0 1.306482e-01   100 1.845978e+02 -1.694929e-02 -2.271788e-04 
1.772000e+02 -1.925296e-01 6.067517e-02 1.047754e+00 1.051735e+04 1.296391e+04     0 1.303202e+04 1.059896e+04 -6.570060e-03     0 1.315183e-01   100 1.845171e+02 -1.763057e-02 -2.824898e-04 
1.773000e+02 -1.896265e-01 6.029995e-02 1.044389e+00 1.052663e+04 1.297979e+04     0 1.303202e+04 1.059896e+04 -6.131662e-03     0 1.322845e-01   100 1.844384e+02 -1.823162e-02 -2.627570e-04 
1.774000e+02 -1.869436e-01 5.986452e-02 1.041065e+00 1.053595e+04 1.299563e+04     0 1.303202e+04 1.059896e+04 -5.550183e-03     0 1.329553e-01   100 1.843618e+02 -1.875912e-02 -2.240123e-04 
1.775000e+02 -1.846046e-01 5.939120e-02 1.037850e+00 1.054532e+04 1.301144e+04     0 1.311144e+04 1.064532e+04 -4.963815e-03     0 1.335373e-01   100 1.842873e+02 -1.921956e-02 -2.386501e-04 
1.776000e+02 -1.824017e-01 5.888952e-02 1.034748e+00 1.055474e+04 1.302721e+04     0 1.311144e+04 1.064532e+04 -5.990419e-03     0 1.340368e-01   100 1.842151e+02 -1.961840e-02 -3.179947e-04 
1.777000e+02 -1.798718e-01 5.834812e-02 1.031648e+00 1.056420e+04 1.304295e+04     0 1.311144e+04 1.064532e+04 -6.007973e-03     0 1.344599e-01   100 1.841452e+02 -1.995983e-02 -3.569804e-04 
1.778000e+02 -1.772661e-01 5.777212e-02 1.028528e+00 1.057371e+04 1.305865e+04     0 1.311144e+04 1.064532e+04 -5.621383e-03     0 1.348152e-01   100 1.840777e+02 -2.024806e-02 -3.288589e-04 
1.779000e+02 -1.748496e-01 5.717769e-02 1.025439e+00 1.058327e+04 1.307431e+04     0 1.311144e+04 1.064532e+04 -5.101386e-03     0 1.351099e-01   100 1.840125e+02 -2.048829e-02 -2.844234e-04 
  178 -1.727369e-01 5.658124e-02 1.022444e+00 1.059287e+04 1.308994e+04     0 1.318994e+04 1.069287e+04 -4.574224e-03     0 1.353487e-01   100 1.839497e+02 -2.068572e-02 -2.896573e-04 
1.781000e+02 -1.707382e-01 5.598831e-02 1.019547e+00 1.060251e+04 1.310554e+04     0 1.318994e+04 1.069287e+04 -5.539062e-03     0 1.355363e-01   100 1.838892e+02 -2.084453e-02 -3.549011e-04 
1.782000e+02 -1.684273e-01 5.538659e-02 1.016647e+00 1.061219e+04 1.312111e+04     0 1.318994e+04 1.069287e+04 -5.565963e-03     0 1.356769e-01   100 1.838311e+02 -2.096778e-02 -3.835104e-04 
1.783000e+02 -1.660377e-01 5.477823e-02 1.013724e+00 1.062192e+04 1.313664e+04     0 1.318994e+04 1.069287e+04 -5.215955e-03     0 1.357773e-01   100 1.837753e+02 -2.105850e-02 -3.507389e-04 
1.784000e+02 -1.638160e-01 5.417509e-02 1.010826e+00 1.063169e+04 1.315214e+04     0 1.318994e+04 1.069287e+04 -4.740220e-03     0 1.358426e-01   100 1.837217e+02 -2.112060e-02 -3.035624e-04 
1.785000e+02 -1.618701e-01 5.358934e-02 1.008013e+00 1.064150e+04 1.316761e+04     0 1.326761e+04 1.074150e+04 -4.256080e-03     0 1.358762e-01   100 1.836703e+02 -2.115794e-02 -3.031881e-04 
1.786000e+02 -1.600239e-01 5.302380e-02 1.005289e+00 1.065135e+04 1.318305e+04     0 1.326761e+04 1.074150e+04 -5.167688e-03     0 1.358812e-01   100 1.836211e+02 -2.117352e-02 -3.592022e-04 
1.787000e+02 -1.578800e-01 5.246583e-02 1.002559e+00 1.066124e+04 1.319846e+04     0 1.326761e+04 1.074150e+04 -5.199147e-03     0 1.358602e-01   100 1.835739e+02 -2.116933e-02 -3.814505e-04 
1.788000e+02 -1.556573e-01 5.191560e-02 9.998060e-01 1.067117e+04 1.321384e+04     0 1.326761e+04 1.074150e+04 -4.876187e-03     0 1.358183e-01   100 1.835287e+02 -2.114736e-02 -3.467875e-04 
1.789000e+02 -1.535875e-01 5.138191e-02 9.970756e-01 1.068114e+04 1.322919e+04     0 1.326761e+04 1.074150e+04 -4.434229e-03     0 1.357592e-01   100 1.834854e+02 -2.111037e-02 -2.991384e-04 
  179 -1.517726e-01 5.087395e-02 9.944239e-01 1.069114e+04 1.324451e+04     0  1000  5000 -3.983361e-03     0 1.356847e-01   100 1.834439e+02 -2.106111e-02 -2.958234e-04 
1.791000e+02 -1.599139e-01 1.205349e-01 9.823754e-01 1.070119e+04 1.325980e+04     0  1000  5000 5.752009e-02     0 -2.617994e-01   100 1.833714e+02 4.928498e-02 -1.999011e-03 
1.792000e+02 -1.966831e-01 2.739838e-01 9.597092e-01 1.071128e+04 1.327501e+04     0  1000  5000 7.612196e-02     0 -2.617994e-01   100 1.828211e+02 1.752676e-01 -1.367211e-02 
1.793000e+02 -2.496949e-01 4.129969e-01 9.379236e-01 1.072145e+04 1.328997e+04     0  1000  5000 7.547002e-02     0 -2.617994e-01   100 1.816982e+02 2.593687e-01 -3.682751e-02 
1.794000e+02 -3.029663e-01 5.087771e-01 9.191609e-01 1.073170e+04 1.330450e+04     0  1000  5000 6.688018e-02     0 -2.617994e-01   100 1.801698e+02 2.872022e-01 -6.129567e-02 
1.795000e+02 -3.524612e-01 5.708367e-01 8.973539e-01 1.074204e+04 1.331847e+04     0  1000  5000 5.590552e-02     0 -2.617994e-01   100 1.784161e+02 2.816421e-01 -7.700276e-02 
1.796000e+02 -4.036975e-01 6.160957e-01 8.639403e-01 1.075243e+04 1.333180e+04     0  1000  5000 4.415539e-02     0 -2.617994e-01   100 1.765416e+02 2.669494e-01 -8.027966e-02 
1.797000e+02 -4.624321e-01 6.553947e-01 8.142604e-01 1.076286e+04 1.334444e+04     0  1000  5000 3.120515e-02     0 -2.617994e-01   100 1.745829e+02 2.560765e-01 -7.266409e-02 
1.798000e+02 -5.265700e-01 6.857657e-01 7.538120e-01 1.077332e+04 1.335635e+04     0  1000  5000 1.658363e-02     0 -1.638281e-01   100 1.725403e+02 2.440571e-01 -5.787724e-02 
1.799000e+02 -5.823248e-01 6.919465e-01 7.018647e-01 1.078382e+04 1.336750e+04     0  1000  5000 1.764815e-03     0 -1.372039e-01   100 1.704706e+02 2.144853e-01 -3.932756e-02 
  180 -6.279778e-01 6.876918e-01 6.571645e-01 1.079435e+04 1.337791e+04     0  1000  5000 -1.148952e-02     0 -1.191553e-01   100 1.684386e+02 1.830451e-01 -2.012201e-02 
1.801000e+02 -6.643460e-01 6.837025e-01 6.159764e-01 1.080491e+04 1.338764e+04     0  1000  5000 -2.273843e-02     0 -8.101176e-02   100 1.664406e+02 1.580506e-01 -3.107501e-03 
1.802000e+02 -6.881976e-01 6.790579e-01 5.823200e-01 1.081549e+04 1.339674e+04     0  1000  5000 -3.150724e-02     0 -4.299926e-02   100 1.644690e+02 1.348790e-01 9.967762e-03 
1.803000e+02 -6.984595e-01 6.730950e-01 5.582751e-01 1.082609e+04 1.340527e+04     0  1000  5000 -3.724708e-02     0 -1.297695e-02   100 1.625326e+02 1.113382e-01 1.844230e-02 
1.804000e+02 -6.973836e-01 6.671626e-01 5.421175e-01 1.083670e+04 1.341329e+04     0  1000  5000 -3.992930e-02     0 1.464740e-02   100 1.606403e+02 8.885424e-02 2.242427e-02 
1.805000e+02 -6.879558e-01 6.617421e-01 5.319037e-01 1.084730e+04 1.342085e+04     0  1000  5000 -3.999413e-02     0 4.214073e-02   100 1.587952e+02 6.825876e-02 2.256726e-02 
1.806000e+02 -6.728760e-01 6.561625e-01 5.264303e-01 1.085790e+04 1.342802e+04     0  1000  5000 -3.804549e-02     0 6.804224e-02   100 1.569988e+02 4.930628e-02 1.983972e-02 
1.807000e+02 -6.546736e-01 6.496132e-01 5.245625e-01 1.086849e+04 1.343486e+04     0  1000  5000 -3.471034e-02     0 9.171327e-02   100 1.552524e+02 3.173350e-02 1.530075e-02 
1.808000e+02 -6.356033e-01 6.415326e-01 5.251129e-01 1.087906e+04 1.344141e+04     0  1000  5000 -3.059170e-02     0 1.136159e-01   100 1.535569e+02 1.546424e-02 9.933576e-03 
1.809000e+02 -6.174006e-01 6.315364e-01 5.270879e-01 1.088961e+04 1.344772e+04     0  1000  5000 -2.621675e-02     0 1.340649e-01   100 1.519130e+02 3.970659e-04 4.538224e-03 
  181 -6.012073e-01 6.193947e-01 5.297742e-01 1.090016e+04 1.345384e+04     0  1000  5000 -2.199407e-02     0 1.530332e-01   100 1.503214e+02 -1.360966e-02 -3.209018e-04 
1.811000e+02 -5.876369e-01 6.050693e-01 5.326916e-01 1.091069e+04 1.345980e+04     0  1000  5000 -1.820113e-02     0 1.704611e-01   100 1.487833e+02 -2.664554e-02 -4.318064e-03 
1.812000e+02 -5.768755e-01 5.886978e-01 5.355478e-01 1.092122e+04 1.346563e+04     0  1000  5000 -1.499415e-02     0 1.863434e-01   100 1.473003e+02 -3.872358e-02 -7.334936e-03 
1.813000e+02 -5.687908e-01 5.705306e-01 5.382058e-01 1.093176e+04 1.347137e+04     0  1000  5000 -1.242830e-02     0 2.006643e-01   100 1.458739e+02 -4.981197e-02 -9.411627e-03 
1.814000e+02 -5.630487e-01 5.508735e-01 5.406391e-01 1.094230e+04 1.347704e+04     0  1000  5000 -1.048296e-02     0 2.133768e-01   100 1.445059e+02 -5.986395e-02 -1.069232e-02 
1.815000e+02 -5.592216e-01 5.300493e-01 5.428801e-01 1.095286e+04 1.348266e+04     0  1000  5000 -9.088647e-03     0 2.244291e-01   100 1.431977e+02 -6.883186e-02 -1.137397e-02 
1.816000e+02 -5.568723e-01 5.083745e-01 5.449753e-01 1.096345e+04 1.348825e+04     0  1000  5000 -8.151642e-03     0 2.337843e-01   100 1.419508e+02 -7.667422e-02 -1.166370e-02 
1.817000e+02 -5.556098e-01 4.861432e-01 5.469566e-01 1.097406e+04 1.349384e+04     0  1000  5000 -7.573528e-03     0 2.414235e-01   100 1.407661e+02 -8.336040e-02 -1.174775e-02 
1.818000e+02 -5.551170e-01 4.636180e-01 5.488260e-01 1.098470e+04 1.349942e+04     0  1000  5000 -7.264331e-03     0 2.473439e-01   100 1.396448e+02 -8.887269e-02 -1.177266e-02 
1.819000e+02 -5.551589e-01 4.410276e-01 5.505505e-01 1.099537e+04 1.350501e+04     0  1000  5000 -7.149735e-03     0 2.515592e-01   100 1.385876e+02 -9.320602e-02 -1.183746e-02 
  182 -5.555757e-01 4.185670e-01 5.520657e-01 1.100609e+04 1.351063e+04     0  1000  5000 -7.173459e-03     0 2.541003e-01   100 1.375947e+02 -9.636703e-02 -1.199469e-02 
1.821000e+02 -5.562683e-01 3.964013e-01 5.532837e-01 1.101684e+04 1.351627e+04     0  1000  5000 -7.296268e-03     0 2.550144e-01   100 1.366665e+02 -9.837334e-02 -1.225743e-02 
1.822000e+02 -5.571808e-01 3.746689e-01 5.541035e-01 1.102764e+04 1.352194e+04     0  1000  5000 -7.492985e-03     0 2.543641e-01   100 1.358029e+02 -9.925314e-02 -1.260965e-02 
1.823000e+02 -5.582840e-01 3.534863e-01 5.544201e-01 1.103848e+04 1.352764e+04     0  1000  5000 -7.748692e-03     0 2.522263e-01   100 1.350034e+02 -9.904480e-02 -1.301746e-02 
1.824000e+02 -5.595615e-01 3.329518e-01 5.541339e-01 1.104936e+04 1.353337e+04     0  1000  5000 -8.054985e-03     0 2.486907e-01   100 1.342675e+02 -9.779641e-02 -1.343955e-02 
1.825000e+02 -5.609996e-01 3.131493e-01 5.531569e-01 1.106028e+04 1.353913e+04     0  1000  5000 -8.406781e-03     0 2.438585e-01   100 1.335941e+02 -9.556512e-02 -1.383563e-02 
1.826000e+02 -5.625814e-01 2.941502e-01 5.514167e-01 1.107125e+04 1.354492e+04     0  1000  5000 -8.799952e-03     0 2.378409e-01   100 1.329820e+02 -9.241630e-02 -1.417221e-02 
1.827000e+02 -5.642832e-01 2.760154e-01 5.488589e-01 1.108226e+04 1.355073e+04     0  1000  5000 -9.229808e-03     0 2.307573e-01   100 1.324297e+02 -8.842255e-02 -1.442602e-02 
1.828000e+02 -5.660750e-01 2.587957e-01 5.454473e-01 1.109331e+04 1.355657e+04     0  1000  5000 -9.690349e-03     0 2.227334e-01   100 1.319354e+02 -8.366260e-02 -1.458490e-02 
1.829000e+02 -5.679211e-01 2.425326e-01 5.411630e-01 1.110441e+04 1.356241e+04     0  1000  5000 -1.017412e-02     0 2.138986e-01   100 1.314969e+02 -7.822002e-02 -1.464716e-02 
  183 -5.697833e-01 2.272580e-01 5.360022e-01 1.111555e+04 1.356826e+04     0  1000  5000 -1.067248e-02     0 2.043841e-01   100 1.311121e+02 -7.218188e-02 -1.461961e-02 
1.831000e+02 -5.716225e-01 2.129936e-01 5.299746e-01 1.112673e+04 1.357410e+04     0  1000  5000 -1.117611e-02     0 1.943206e-01   100 1.307785e+02 -6.563727e-02 -1.451508e-02 
1.832000e+02 -5.734021e-01 1.997516e-01 5.230997e-01 1.113796e+04 1.357994e+04     0  1000  5000 -1.167562e-02     0 1.838359e-01   100 1.304933e+02 -5.867586e-02 -1.434979e-02 
1.833000e+02 -5.750897e-01 1.875339e-01 5.154054e-01 1.114924e+04 1.358575e+04     0  1000  5000 -1.216212e-02     0 1.730533e-01   100 1.302538e+02 -5.138641e-02 -1.414104e-02 
1.834000e+02 -5.766585e-01 1.763332e-01 5.069251e-01 1.116056e+04 1.359154e+04     0  1000  5000 -1.262768e-02     0 1.620897e-01   100 1.300572e+02 -4.385537e-02 -1.390524e-02 
1.835000e+02 -5.780882e-01 1.661328e-01 4.976960e-01 1.117194e+04 1.359730e+04     0  1000  5000 -1.306573e-02     0 1.510543e-01   100 1.299003e+02 -3.616564e-02 -1.365670e-02 
1.836000e+02 -5.793650e-01 1.569081e-01 4.877579e-01 1.118336e+04 1.360300e+04     0  1000  5000 -1.347121e-02     0 1.400475e-01   100 1.297803e+02 -2.839542e-02 -1.340682e-02 
1.837000e+02 -5.804821e-01 1.486273e-01 4.771516e-01 1.119484e+04 1.360866e+04     0  1000  5000 -1.384066e-02     0 1.291599e-01   100 1.296941e+02 -2.061734e-02 -1.316394e-02 
1.838000e+02 -5.814380e-01 1.412527e-01 4.659188e-01 1.120638e+04 1.361424e+04     0  1000  5000 -1.417218e-02     0 1.184721e-01   100 1.296387e+02 -1.289775e-02 -1.293349e-02 
1.839000e+02 -5.822366e-01 1.347418e-01 4.541007e-01 1.121797e+04 1.361976e+04     0  1000  5000 -1.446529e-02     0 1.080544e-01   100 1.296111e+02 -5.296244e-03 -1.271843e-02 
  184 -5.828856e-01 1.290485e-01 4.417384e-01 1.122962e+04 1.362519e+04     0  1000  5000 -1.472069e-02     0 9.796700e-02   100 1.296087e+02 2.134625e-03 -1.251984e-02 
1.841000e+02 -5.833957e-01 1.241243e-01 4.288724e-01 1.124134e+04 1.363054e+04     0  1000  5000 -1.494009e-02     0 8.826002e-02   100 1.296284e+02 9.349421e-03 -1.233749e-02 
1.842000e+02 -5.837797e-01 1.199194e-01 4.155423e-01 1.125311e+04 1.363579e+04     0  1000  5000 -1.512593e-02     0 7.897411e-02   100 1.296678e+02 1.630975e-02 -1.217039e-02 
1.843000e+02 -5.840513e-01 1.163834e-01 4.017867e-01 1.126496e+04 1.364092e+04     0  1000  5000 -1.528115e-02     0 7.014098e-02   100 1.297243e+02 2.298404e-02 -1.201723e-02 
1.844000e+02 -5.842247e-01 1.134663e-01 3.876431e-01 1.127687e+04 1.364595e+04     0  1000  5000 -1.540896e-02     0 6.178405e-02   100 1.297956e+02 2.934721e-02 -1.187666e-02 
1.845000e+02 -5.843139e-01 1.111187e-01 3.731478e-01 1.128885e+04 1.365085e+04     0  1000  5000 -1.551273e-02     0 5.391922e-02   100 1.298793e+02 3.538022e-02 -1.174748e-02 
1.846000e+02 -5.843320e-01 1.092925e-01 3.583356e-01 1.130090e+04 1.365562e+04     0  1000  5000 -1.559573e-02     0 4.655558e-02   100 1.299734e+02 4.106961e-02 -1.162868e-02 
1.847000e+02 -5.842913e-01 1.079413e-01 3.432397e-01 1.131302e+04 1.366025e+04     0  1000  5000 -1.566115e-02     0 3.969625e-02   100 1.300759e+02 4.640700e-02 -1.151950e-02 
1.848000e+02 -5.842028e-01 1.070204e-01 3.278916e-01 1.132520e+04 1.366474e+04     0  1000  5000 -1.571190e-02     0 3.333905e-02   100 1.301851e+02 5.138847e-02 -1.141928e-02 
1.849000e+02 -5.840765e-01 1.064871e-01 3.123210e-01 1.133746e+04 1.366908e+04     0  1000  5000 -1.575068e-02     0 2.747732e-02   100 1.302994e+02 5.601410e-02 -1.132747e-02 
  185 -5.839210e-01 1.063008e-01 2.965557e-01 1.134979e+04 1.367326e+04     0  1000  5000 -1.577987e-02     0 2.210053e-02   100 1.304172e+02 6.028739e-02 -1.124351e-02 
1.851000e+02 -5.837436e-01 1.064228e-01 2.806215e-01 1.136219e+04 1.367728e+04     0  1000  5000 -1.580156e-02     0 1.719500e-02   100 1.305371e+02 6.421476e-02 -1.116680e-02 
1.852000e+02 -5.835506e-01 1.068170e-01 2.645425e-01 1.137465e+04 1.368113e+04     0  1000  5000 -1.581759e-02     0 1.274441e-02   100 1.306581e+02 6.780509e-02 -1.109669e-02 
1.853000e+02 -5.833475e-01 1.074491e-01 2.483407e-01 1.138719e+04 1.368481e+04     0  1000  5000 -1.582949e-02     0 8.730417e-03   100 1.307789e+02 7.106926e-02 -1.103244e-02 
1.854000e+02 -5.831385e-01 1.082873e-01 2.320364e-01 1.139978e+04 1.368830e+04     0  1000  5000 -1.583857e-02     0 5.133065e-03   100 1.308987e+02 7.401977e-02 -1.097331e-02 
1.855000e+02 -5.829272e-01 1.093018e-01 2.156484e-01 1.141244e+04 1.369162e+04     0  1000  5000 -1.584593e-02     0 1.931252e-03   100 1.310166e+02 7.667038e-02 -1.091850e-02 
1.856000e+02 -5.827163e-01 1.104651e-01 1.991940e-01 1.142516e+04 1.369474e+04     0  1000  5000 -1.585244e-02     0 -8.969073e-04   100 1.311319e+02 7.903578e-02 -1.086727e-02 
1.857000e+02 -5.825080e-01 1.117517e-01 1.826888e-01 1.143794e+04 1.369768e+04     0  1000  5000 -1.585879e-02     0 -3.373755e-03   100 1.312439e+02 8.113129e-02 -1.081896e-02 
1.858000e+02 -5.823038e-01 1.131384e-01 1.661477e-01 1.145077e+04 1.370042e+04     0  1000  5000 -1.586552e-02     0 -5.521806e-03   100 1.313521e+02 8.297267e-02 -1.077298e-02 
1.859000e+02 -5.821046e-01 1.146038e-01 1.495845e-01 1.146365e+04 1.370296e+04     0  1000  5000 -1.587301e-02     0 -7.363509e-03   100 1.314562e+02 8.457585e-02 -1.072888e-02 
  186 -5.819110e-01 1.161287e-01 1.330122e-01 1.147658e+04 1.370530e+04     0  1000  5000 -1.588150e-02     0 -8.921043e-03   100 1.315556e+02 8.595679e-02 -1.068630e-02 
1.861000e+02 -5.817230e-01 1.176956e-01 1.164439e-01 1.148956e+04 1.370743e+04     0  1000  5000 -1.589115e-02     0 -1.021615e-02   100 1.316502e+02 8.713129e-02 -1.064503e-02 
1.862000e+02 -5.815405e-01 1.192888e-01 9.989360e-02 1.150258e+04 1.370936e+04     0  1000  5000 -1.590198e-02     0 -1.126998e-02   100 1.317398e+02 8.811488e-02 -1.060494e-02 
1.863000e+02 -5.813631e-01 1.208943e-01 8.337767e-02 1.151563e+04 1.371108e+04     0  1000  5000 -1.591397e-02     0 -1.210300e-02   100 1.318241e+02 8.892273e-02 -1.056599e-02 
1.864000e+02 -5.811900e-01 1.224997e-01 6.691995e-02 1.152872e+04 1.371259e+04     0  1000  5000 -1.592701e-02     0 -1.273490e-02   100 1.319031e+02 8.956952e-02 -1.052821e-02 
1.865000e+02 -5.810206e-01 1.240940e-01 5.056470e-02 1.154184e+04 1.371388e+04     0  1000  5000 -1.594095e-02     0 -1.318453e-02   100 1.319767e+02 9.006939e-02 -1.049167e-02 
1.866000e+02 -5.808539e-01 1.256676e-01 3.442661e-02 1.155498e+04 1.371497e+04     0  1000  5000 -1.595561e-02     0 -1.346981e-02   100 1.320450e+02 9.043593e-02 -1.045646e-02 
1.867000e+02 -5.806892e-01 1.272122e-01 1.898857e-02 1.156815e+04 1.371584e+04     0  1000  5000 -1.597081e-02     0 -1.360777e-02   100 1.321079e+02 9.068205e-02 -1.042269e-02 
1.868000e+02 -5.805257e-01 1.287205e-01 8.909045e-03 1.158133e+04 1.371649e+04     0  1000  5000 -1.598633e-02     0 -1.361447e-02   100 1.321656e+02 9.082005e-02 -1.039044e-02 
1.869000e+02 -5.803624e-01 1.301865e-01 -1.837298e-02 1.159453e+04 1.371693e+04     0  1000  5000 -1.600197e-02     0 -1.350502e-02   100 1.322181e+02 9.086153e-02 -1.035980e-02 
  187 -5.801987e-01 1.316050e-01 -3.362625e-02 1.160773e+04 1.371715e+04     0  1000  5000 -1.601754e-02     0 -1.329359e-02   100 1.322656e+02 9.081742e-02 -1.033084e-02 
1.871000e+02 -5.800341e-01 1.329718e-01 -4.953918e-02 1.162094e+04 1.371716e+04     0  1000  5000 -1.603287e-02     0 -1.299338e-02   100 1.323081e+02 9.069797e-02 -1.030360e-02 
1.872000e+02 -5.798678e-01 1.342835e-01 -6.559627e-02 1.163416e+04 1.371695e+04     0  1000  5000 -1.604781e-02     0 -1.261669e-02   100 1.323460e+02 9.051276e-02 -1.027811e-02 
1.873000e+02 -5.796995e-01 1.355375e-01 -8.168179e-02 1.164737e+04 1.371653e+04     0  1000  5000 -1.606221e-02     0 -1.217491e-02   100 1.323793e+02 9.027071e-02 -1.025438e-02 
1.874000e+02 -5.795288e-01 1.367319e-01 -9.775575e-02 1.166057e+04 1.371589e+04     0  1000  5000 -1.607595e-02     0 -1.167855e-02   100 1.324083e+02 8.998008e-02 -1.023239e-02 
1.875000e+02 -5.793555e-01 1.378651e-01 -1.138008e-01 1.167376e+04 1.371503e+04     0  1000  5000 -1.608896e-02     0 -1.113730e-02   100 1.324330e+02 8.964852e-02 -1.021213e-02 
1.876000e+02 -5.791792e-01 1.389366e-01 -1.298084e-01 1.168694e+04 1.371396e+04     0  1000  5000 -1.610115e-02     0 -1.056002e-02   100 1.324539e+02 8.928306e-02 -1.019356e-02 
1.877000e+02 -5.789999e-01 1.399460e-01 -1.457740e-01 1.170010e+04 1.371268e+04     0  1000  5000 -1.611247e-02     0 -9.954797e-03   100 1.324710e+02 8.889015e-02 -1.017665e-02 
1.878000e+02 -5.788175e-01 1.408935e-01 -1.616956e-01 1.171324e+04 1.371118e+04     0  1000  5000 -1.612288e-02     0 -9.328977e-03   100 1.324845e+02 8.847569e-02 -1.016133e-02 
1.879000e+02 -5.786320e-01 1.417796e-01 -1.775719e-01 1.172635e+04 1.370947e+04     0  1000  5000 -1.613236e-02     0 -8.689209e-03   100 1.324948e+02 8.804504e-02 -1.014755e-02 
  188 -5.784434e-01 1.426053e-01 -1.934030e-01 1.173944e+04 1.370755e+04     0  1000  5000 -1.614090e-02     0 -8.041476e-03   100 1.325020e+02 8.760306e-02 -1.013525e-02 
1.881000e+02 -5.782518e-01 1.433718e-01 -2.091892e-01 1.175249e+04 1.370542e+04     0  1000  5000 -1.614850e-02     0 -7.391132e-03   100 1.325062e+02 8.715411e-02 -1.012435e-02 
1.882000e+02 -5.780572e-01 1.440805e-01 -2.249311e-01 1.176550e+04 1.370308e+04     0  1000  5000 -1.615519e-02     0 -6.742939e-03   100 1.325078e+02 8.670213e-02 -1.011478e-02 
1.883000e+02 -5.778599e-01 1.447332e-01 -2.406300e-01 1.177848e+04 1.370053e+04     0  1000  5000 -1.616096e-02     0 -6.101106e-03   100 1.325069e+02 8.625060e-02 -1.010647e-02 
1.884000e+02 -5.776599e-01 1.453318e-01 -2.562870e-01 1.179141e+04 1.369778e+04     0  1000  5000 -1.616587e-02     0 -5.469321e-03   100 1.325038e+02 8.580263e-02 -1.009933e-02 
1.885000e+02 -5.774574e-01 1.458782e-01 -2.719037e-01 1.180429e+04 1.369482e+04     0  1000  5000 -1.616992e-02     0 -4.850789e-03   100 1.324985e+02 8.536094e-02 -1.009328e-02 
1.886000e+02 -5.772526e-01 1.463747e-01 -2.874814e-01 1.181712e+04 1.369166e+04     0  1000  5000 -1.617318e-02     0 -4.248265e-03   100 1.324913e+02 8.492788e-02 -1.008825e-02 
1.887000e+02 -5.770456e-01 1.468236e-01 -3.030218e-01 1.182990e+04 1.368830e+04     0  1000  5000 -1.617567e-02     0 -3.664086e-03   100 1.324824e+02 8.450552e-02 -1.008414e-02 
1.888000e+02 -5.768368e-01 1.472271e-01 -3.185267e-01 1.184263e+04 1.368474e+04     0  1000  5000 -1.617743e-02     0 -3.100204e-03   100 1.324720e+02 8.409558e-02 -1.008089e-02 
1.889000e+02 -5.766262e-01 1.475876e-01 -3.339977e-01 1.185529e+04 1.368097e+04     0  1000  5000 -1.617852e-02     0 -2.558215e-03   100 1.324601e+02 8.369954e-02 -1.007841e-02 
  189 -5.764140e-01 1.479075e-01 -3.494365e-01 1.186790e+04 1.367701e+04     0  1000  5000 -1.617898e-02     0 -2.039390e-03   100 1.324471e+02 8.331859e-02 -1.007663e-02 
1.891000e+02 -5.762005e-01 1.481894e-01 -3.648448e-01 1.188044e+04 1.367285e+04     0  1000  5000 -1.617885e-02     0 -1.544701e-03   100 1.324329e+02 8.295370e-02 -1.007548e-02 
1.892000e+02 -5.759858e-01 1.484354e-01 -3.802244e-01 1.189291e+04 1.366850e+04     0  1000  5000 -1.617818e-02     0 -1.074851e-03   100 1.324177e+02 8.260563e-02 -1.007488e-02 
1.893000e+02 -5.757701e-01 1.486482e-01 -3.955770e-01 1.190530e+04 1.366396e+04     0  1000  5000 -1.617700e-02     0 -6.302949e-04   100 1.324018e+02 8.227493e-02 -1.007477e-02 
1.894000e+02 -5.755535e-01 1.488299e-01 -4.109041e-01 1.191763e+04 1.365922e+04     0  1000  5000 -1.617537e-02     0 -2.112692e-04   100 1.323851e+02 8.196197e-02 -1.007509e-02 
1.895000e+02 -5.753363e-01 1.489828e-01 -4.262073e-01 1.192988e+04 1.365430e+04     0  1000  5000 -1.617331e-02     0 1.821900e-04   100 1.323678e+02 8.166698e-02 -1.007578e-02 
1.896000e+02 -5.751185e-01 1.491093e-01 -4.414883e-01 1.194204e+04 1.364919e+04     0  1000  5000 -1.617088e-02     0 5.502226e-04   100 1.323501e+02 8.139000e-02 -1.007680e-02 
1.897000e+02 -5.749004e-01 1.492115e-01 -4.567485e-01 1.195413e+04 1.364389e+04     0  1000  5000 -1.616810e-02     0 8.931249e-04   100 1.323319e+02 8.113100e-02 -1.007808e-02 
1.898000e+02 -5.746820e-01 1.492915e-01 -4.719893e-01 1.196613e+04 1.363840e+04     0  1000  5000 -1.616502e-02     0 1.211331e-03   100 1.323135e+02 8.088978e-02 -1.007959e-02 
1.899000e+02 -5.744635e-01 1.493512e-01 -4.872122e-01 1.197804e+04 1.363274e+04     0  1000  5000 -1.616165e-02     0 1.505392e-03   100 1.322948e+02 8.066608e-02 -1.008128e-02 
  190 -5.742450e-01 1.493927e-01 -5.024183e-01 1.198986e+04 1.362689e+04     0  1000  5000 -1.615804e-02     0 1.775965e-03   100 1.322759e+02 8.045953e-02 -1.008311e-02 
1.901000e+02 -5.740265e-01 1.494178e-01 -5.176091e-01 1.200159e+04 1.362086e+04     0  1000  5000 -1.615421e-02     0 2.023792e-03   100 1.322570e+02 8.026969e-02 -1.008506e-02 
1.902000e+02 -5.738083e-01 1.494281e-01 -5.327855e-01 1.201323e+04 1.361465e+04     0  1000  5000 -1.615019e-02     0 2.249687e-03   100 1.322381e+02 8.009605e-02 -1.008709e-02 
1.903000e+02 -5.735903e-01 1.494255e-01 -5.479487e-01 1.202476e+04 1.360827e+04     0  1000  5000 -1.614600e-02     0 2.454523e-03   100 1.322192e+02 7.993806e-02 -1.008916e-02 
1.904000e+02 -5.733727e-01 1.494113e-01 -5.630998e-01 1.203620e+04 1.360172e+04     0  1000  5000 -1.614167e-02     0 2.639222e-03   100 1.322004e+02 7.979510e-02 -1.009127e-02 
1.905000e+02 -5.731556e-01 1.493872e-01 -5.782397e-01 1.204753e+04 1.359499e+04     0  1000  5000 -1.613721e-02     0 2.804739e-03   100 1.321817e+02 7.966655e-02 -1.009338e-02 
1.906000e+02 -5.729389e-01 1.493544e-01 -5.933693e-01 1.205876e+04 1.358809e+04     0  1000  5000 -1.613264e-02     0 2.952056e-03   100 1.321632e+02 7.955173e-02 -1.009547e-02 
1.907000e+02 -5.727228e-01 1.493143e-01 -6.084894e-01 1.206988e+04 1.358102e+04 1.129897e-01  1000  5000 -1.612799e-02     0 3.082169e-03   100 1.321449e+02 7.944996e-02 -1.009753e-02 
1.908000e+02 -5.725074e-01 1.492680e-01 -6.236009e-01 1.208089e+04 1.357378e+04 1.129527e+00  1000  5000 -1.612326e-02     0 3.196082e-03   100 1.321268e+02 7.936053e-02 -1.009955e-02 
1.909000e+02 -5.722926e-01 1.492166e-01 -6.387043e-01 1.209179e+04 1.356638e+04 2.146098e+00  1000  5000 -1.611847e-02     0 3.294801e-03   100 1.321089e+02 7.928273e-02 -1.010150e-02 
  191 -5.720785e-01 1.491611e-01 -6.538003e-01 1.210257e+04 1.355882e+04 3.162521e+00  1000  5000 -1.611363e-02     0 3.379322e-03   100 1.320914e+02 7.921587e-02 -1.010339e-02 
1.911000e+02 -5.718653e-01 1.491025e-01 -6.688896e-01 1.211324e+04 1.355109e+04 4.178635e+00  1000  5000 -1.610877e-02     0 3.450630e-03   100 1.320741e+02 7.915922e-02 -1.010520e-02 
1.912000e+02 -5.716528e-01 1.490416e-01 -6.839726e-01 1.212378e+04 1.354321e+04 5.194297e+00  1000  5000 -1.610387e-02     0 3.509691e-03   100 1.320571e+02 7.911210e-02 -1.010692e-02 
1.913000e+02 -5.714411e-01 1.489792e-01 -6.990499e-01 1.213421e+04 1.353517e+04 6.209384e+00  1000  5000 -1.609897e-02     0 3.557448e-03   100 1.320404e+02 7.907382e-02 -1.010855e-02 
1.914000e+02 -5.712303e-01 1.489159e-01 -7.141218e-01 1.214451e+04 1.352697e+04 7.223790e+00  1000  5000 -1.609405e-02     0 3.594818e-03   100 1.320241e+02 7.904371e-02 -1.011008e-02 
1.915000e+02 -5.710204e-01 1.488524e-01 -7.291888e-01 1.215468e+04 1.351862e+04 8.237425e+00  1000  5000 -1.608914e-02     0 3.622688e-03   100 1.320080e+02 7.902110e-02 -1.011152e-02 
1.916000e+02 -5.708113e-01 1.487892e-01 -7.442511e-01 1.216472e+04 1.351012e+04 9.250214e+00  1000  5000 -1.608424e-02     0 3.641912e-03   100 1.319923e+02 7.900538e-02 -1.011285e-02 
1.917000e+02 -5.706032e-01 1.487268e-01 -7.593091e-01 1.217464e+04 1.350146e+04 1.026209e+01  1000  5000 -1.607935e-02     0 3.653309e-03   100 1.319769e+02 7.899592e-02 -1.011409e-02 
1.918000e+02 -5.703960e-01 1.486657e-01 -7.743631e-01 1.218442e+04 1.349266e+04 1.127302e+01  1000  5000 -1.607449e-02     0 3.657661e-03   100 1.319619e+02 7.899215e-02 -1.011522e-02 
1.919000e+02 -5.701898e-01 1.486061e-01 -7.894131e-01 1.219407e+04 1.348372e+04 1.228294e+01  1000  5000 -1.606964e-02     0 3.655712e-03   100 1.319471e+02 7.899350e-02 -1.011624e-02 
  192 -5.699845e-01 1.485485e-01 -8.044595e-01 1.220358e+04 1.347463e+04 1.329185e+01  1000  5000 -1.606483e-02     0 3.648168e-03   100 1.319327e+02 7.899944e-02 -1.011717e-02 
1.921000e+02 -5.697802e-01 1.484931e-01 -8.195024e-01 1.221295e+04 1.346540e+04 1.429972e+01  1000  5000 -1.606004e-02     0 3.635695e-03   100 1.319186e+02 7.900946e-02 -1.011800e-02 
1.922000e+02 -5.695768e-01 1.484400e-01 -8.345419e-01 1.222218e+04 1.345603e+04 1.530654e+01  1000  5000 -1.605529e-02     0 3.618918e-03   100 1.319048e+02 7.902308e-02 -1.011873e-02 
1.923000e+02 -5.693744e-01 1.483896e-01 -8.495781e-01 1.223127e+04 1.344652e+04 1.631231e+01  1000  5000 -1.605058e-02     0 3.598424e-03   100 1.318913e+02 7.903985e-02 -1.011937e-02 
1.924000e+02 -5.691730e-01 1.483419e-01 -8.646110e-01 1.224021e+04 1.343688e+04 1.731704e+01  1000  5000 -1.604591e-02     0 3.574761e-03   100 1.318780e+02 7.905936e-02 -1.011992e-02 
1.925000e+02 -5.689726e-01 1.482970e-01 -8.796409e-01 1.224901e+04 1.342711e+04 1.832073e+01  1000  5000 -1.604127e-02     0 3.548436e-03   100 1.318651e+02 7.908119e-02 -1.012038e-02 
1.926000e+02 -5.687731e-01 1.482550e-01 -8.946676e-01 1.225766e+04 1.341721e+04 1.932342e+01  1000  5000 -1.603668e-02     0 3.519921e-03   100 1.318524e+02 7.910499e-02 -1.012076e-02 
1.927000e+02 -5.685746e-01 1.482159e-01 -9.096911e-01 1.226615e+04 1.340718e+04 2.032511e+01  1000  5000 -1.603212e-02     0 3.489648e-03   100 1.318399e+02 7.913042e-02 -1.012106e-02 
1.928000e+02 -5.683771e-01 1.481798e-01 -9.247116e-01 1.227450e+04 1.339702e+04 2.132583e+01  1000  5000 -1.602761e-02     0 3.458016e-03   100 1.318277e+02 7.915715e-02 -1.012128e-02 
1.929000e+02 -5.681805e-01 1.481467e-01 -9.397290e-01 1.228269e+04 1.338674e+04 2.232562e+01  1000  5000 -1.602314e-02     0 3.425386e-03   100 1.318158e+02 7.918491e-02 -1.012143e-02 
  193 -5.679849e-01 1.481166e-01 -9.547433e-01 1.229072e+04 1.337634e+04 2.332450e+01  1000  5000 -1.601872e-02     0 3.392090e-03   100 1.318040e+02 7.921342e-02 -1.012151e-02 
1.931000e+02 -5.677902e-01 1.480893e-01 -9.697544e-01 1.229860e+04 1.336582e+04 2.432251e+01  1000  5000 -1.601433e-02     0 3.358424e-03   100 1.317925e+02 7.924245e-02 -1.012152e-02 
1.932000e+02 -5.675965e-01 1.480648e-01 -9.847623e-01 1.230632e+04 1.335518e+04 2.531968e+01  1000  5000 -1.600999e-02     0 3.324656e-03   100 1.317812e+02 7.927178e-02 -1.012148e-02 
1.933000e+02 -5.674037e-01 1.480432e-01 -9.997669e-01 1.231387e+04 1.334443e+04 2.631605e+01  1000  5000 -1.600569e-02     0 3.291025e-03   100 1.317701e+02 7.930122e-02 -1.012138e-02 
1.934000e+02 -5.672118e-01 1.480242e-01 -1.014768e+00 1.232127e+04 1.333357e+04 2.731166e+01  1000  5000 -1.600143e-02     0 3.257740e-03   100 1.317591e+02 7.933058e-02 -1.012123e-02 
1.935000e+02 -5.670209e-01 1.480077e-01 -1.029766e+00 1.232850e+04 1.332260e+04 2.830655e+01  1000  5000 -1.599720e-02     0 3.224989e-03   100 1.317483e+02 7.935972e-02 -1.012102e-02 
1.936000e+02 -5.668308e-01 1.479938e-01 -1.044761e+00 1.233556e+04 1.331152e+04 2.930075e+01  1000  5000 -1.599302e-02     0 3.192931e-03   100 1.317377e+02 7.938850e-02 -1.012078e-02 
1.937000e+02 -5.666417e-01 1.479822e-01 -1.059752e+00 1.234246e+04 1.330035e+04 3.029430e+01  1000  5000 -1.598887e-02     0 3.161705e-03   100 1.317273e+02 7.941679e-02 -1.012049e-02 
1.938000e+02 -5.664535e-01 1.479729e-01 -1.074739e+00 1.234918e+04 1.328906e+04 3.128725e+01  1000  5000 -1.598476e-02     0 3.131429e-03   100 1.317169e+02 7.944451e-02 -1.012017e-02 
1.939000e+02 -5.662662e-01 1.479658e-01 -1.089723e+00 1.235574e+04 1.327768e+04 3.227963e+01  1000  5000 -1.598069e-02     0 3.102200e-03   100 1.317068e+02 7.947155e-02 -1.011981e-02 
  194 -5.660797e-01 1.479607e-01 -1.104704e+00 1.236213e+04 1.326621e+04 3.327147e+01  1000  5000 -1.597665e-02     0 3.074099e-03   100 1.316967e+02 7.949784e-02 -1.011942e-02 
1.941000e+02 -5.658942e-01 1.479574e-01 -1.119680e+00 1.236834e+04 1.325464e+04 3.426282e+01  1000  5000 -1.597264e-02     0 3.047190e-03   100 1.316868e+02 7.952333e-02 -1.011900e-02 
1.942000e+02 -5.657095e-01 1.479560e-01 -1.134653e+00 1.237438e+04 1.324298e+04 3.525371e+01  1000  5000 -1.596866e-02     0 3.021519e-03   100 1.316770e+02 7.954797e-02 -1.011855e-02 
1.943000e+02 -5.655256e-01 1.479562e-01 -1.149622e+00 1.238024e+04 1.323123e+04 3.624416e+01  1000  5000 -1.596472e-02     0 2.997122e-03   100 1.316672e+02 7.957171e-02 -1.011809e-02 
1.944000e+02 -5.653426e-01 1.479580e-01 -1.164586e+00 1.238592e+04 1.321940e+04 3.723422e+01  1000  5000 -1.596080e-02     0 2.974020e-03   100 1.316576e+02 7.959454e-02 -1.011760e-02 
1.945000e+02 -5.651604e-01 1.479612e-01 -1.179547e+00 1.239143e+04 1.320748e+04 3.822391e+01  1000  5000 -1.595691e-02     0 2.952224e-03   100 1.316481e+02 7.961643e-02 -1.011710e-02 
1.946000e+02 -5.649791e-01 1.479657e-01 -1.194504e+00 1.239676e+04 1.319548e+04 3.921327e+01  1000  5000 -1.595305e-02     0 2.931735e-03   100 1.316387e+02 7.963737e-02 -1.011658e-02 
1.947000e+02 -5.647986e-01 1.479714e-01 -1.209457e+00 1.240191e+04 1.318341e+04 4.020232e+01  1000  5000 -1.594921e-02     0 2.912544e-03   100 1.316293e+02 7.965737e-02 -1.011605e-02 
1.948000e+02 -5.646188e-01 1.479782e-01 -1.224405e+00 1.240687e+04 1.317126e+04 4.119109e+01  1000  5000 -1.594539e-02     0 2.894635e-03   100 1.316200e+02 7.967642e-02 -1.011551e-02 
1.949000e+02 -5.644399e-01 1.479860e-01 -1.239350e+00 1.241166e+04 1.315904e+04 4.217961e+01  1000  5000 -1.594160e-02     0 2.877985e-03   100 1.316108e+02 7.969453e-02 -1.011496e-02 
  195 -5.642618e-01 1.479947e-01 -1.254290e+00 1.241626e+04 1.314675e+04 4.316789e+01  1000  5000 -1.593784e-02     0 2.862565e-03   100 1.316017e+02 7.971172e-02 -1.011440e-02 
1.951000e+02 -5.640239e-01 1.480006e-01 -1.269231e+00 1.242067e+04 1.313439e+04 4.415596e+01  1000  5000 -1.669031e-02     0 2.847711e-03   100 1.315926e+02 7.972868e-02 -1.010165e-02 
1.952000e+02 -5.635888e-01 1.479907e-01 -1.284196e+00 1.242490e+04 1.312197e+04 4.514386e+01  1000  5000 -1.693837e-02     0 2.830754e-03   100 1.315835e+02 7.974711e-02 -1.003766e-02 
1.953000e+02 -5.630113e-01 1.479624e-01 -1.299190e+00 1.242895e+04 1.310949e+04 4.613164e+01  1000  5000 -1.697328e-02     0 2.813762e-03   100 1.315746e+02 7.976719e-02 -9.916973e-03 
1.954000e+02 -5.623819e-01 1.479241e-01 -1.314201e+00 1.243280e+04 1.309695e+04 4.711939e+01  1000  5000 -1.691647e-02     0 2.801381e-03   100 1.315656e+02 7.978812e-02 -9.760674e-03 
1.955000e+02 -5.617595e-01 1.478887e-01 -1.329206e+00 1.243647e+04 1.308435e+04 4.810718e+01  1000  5000 -1.682393e-02     0 2.795461e-03   100 1.315566e+02 7.980831e-02 -9.598982e-03 
1.956000e+02 -5.606293e-01 1.478361e-01 -1.344236e+00 1.243995e+04 1.307170e+04 4.909510e+01  1000  5000 -2.346065e-02     0 2.789967e-03   100 1.315477e+02 7.983142e-02 -9.351566e-03 
1.957000e+02 -5.577709e-01 1.476617e-01 -1.359465e+00 1.244325e+04 1.305901e+04 5.008335e+01  1000  5000 -2.560431e-02     0 2.761670e-03   100 1.315386e+02 7.987002e-02 -8.690609e-03 
1.958000e+02 -5.536654e-01 1.473503e-01 -1.374940e+00 1.244635e+04 1.304626e+04 5.107235e+01  1000  5000 -2.585367e-02     0 2.730962e-03   100 1.315294e+02 7.992296e-02 -7.576901e-03 
1.959000e+02 -5.491107e-01 1.469785e-01 -1.390546e+00 1.244926e+04 1.303348e+04 5.206269e+01  1000  5000 -2.529080e-02     0 2.742374e-03   100 1.315199e+02 7.998228e-02 -6.197836e-03 
  196 -5.446256e-01 1.466555e-01 -1.406093e+00 1.245199e+04 1.302065e+04 5.305502e+01  1000  5000 -2.441347e-02     0 2.814642e-03   100 1.315099e+02 8.003509e-02 -4.814558e-03 
1.961000e+02 -5.398759e-01 1.464478e-01 -1.421438e+00 1.245453e+04 1.300778e+04 5.404998e+01  1000  5000 -3.039970e-02     0 2.936537e-03   100 1.314992e+02 8.006995e-02 -3.554116e-03 
1.962000e+02 -5.336317e-01 1.463117e-01 -1.436634e+00 1.245688e+04 1.299488e+04 5.504824e+01  1000  5000 -3.177240e-02     0 3.080067e-03   100 1.314878e+02 8.008362e-02 -2.222692e-03 
1.963000e+02 -5.263403e-01 1.462584e-01 -1.451661e+00 1.245905e+04 1.298196e+04 5.605069e+01  1000  5000 -3.123775e-02     0 3.270115e-03   100 1.314753e+02 8.007496e-02 -8.427610e-04 
1.964000e+02 -5.187620e-01 1.463531e-01 -1.466397e+00 1.246103e+04 1.296900e+04 5.705832e+01  1000  5000 -2.991160e-02     0 3.550458e-03   100 1.314618e+02 8.004114e-02 4.050077e-04 
1.965000e+02 -5.113909e-01 1.466607e-01 -1.480686e+00 1.246282e+04 1.295601e+04 5.807217e+01  1000  5000 -2.829940e-02     0 3.929029e-03   100 1.314468e+02 7.997229e-02 1.320937e-03 
1.966000e+02 -5.039064e-01 1.471883e-01 -1.494455e+00 1.246444e+04 1.294301e+04 5.909322e+01  1000  5000 -3.338531e-02     0 4.384968e-03   100 1.314303e+02 7.985550e-02 1.870293e-03 
1.967000e+02 -4.951370e-01 1.478365e-01 -1.507847e+00 1.246587e+04 1.292999e+04 6.012245e+01  1000  5000 -3.402047e-02     0 4.893100e-03   100 1.314122e+02 7.968537e-02 2.344634e-03 
1.968000e+02 -4.855517e-01 1.485578e-01 -1.520932e+00 1.246713e+04 1.291695e+04 6.116092e+01  1000  5000 -3.284219e-02     0 5.476387e-03   100 1.313922e+02 7.946764e-02 2.822925e-03 
1.969000e+02 -4.759270e-01 1.493596e-01 -1.533671e+00 1.246822e+04 1.290390e+04 6.220970e+01  1000  5000 -3.094362e-02     0 6.165334e-03   100 1.313703e+02 7.920350e-02 3.214877e-03 
  197 -4.667752e-01 1.502607e-01 -1.545975e+00 1.246913e+04 1.289084e+04 6.326978e+01  1000  5000 -2.882489e-02     0 6.956362e-03   100 1.313462e+02 7.888532e-02 3.388285e-03 
1.971000e+02 -4.578599e-01 1.512455e-01 -1.557815e+00 1.246988e+04 1.287777e+04 6.434194e+01  1000  5000 -3.261487e-02     0 7.825224e-03   100 1.313200e+02 7.850294e-02 3.333948e-03 
1.972000e+02 -4.481715e-01 1.522237e-01 -1.569335e+00 1.247046e+04 1.286470e+04 6.542685e+01  1000  5000 -3.259407e-02     0 8.748034e-03   100 1.312916e+02 7.805435e-02 3.310766e-03 
1.973000e+02 -4.381064e-01 1.531560e-01 -1.580611e+00 1.247088e+04 1.285162e+04 6.652506e+01  1000  5000 -3.107034e-02     0 9.735935e-03   100 1.312610e+02 7.754993e-02 3.382630e-03 
1.974000e+02 -4.283128e-01 1.540522e-01 -1.591607e+00 1.247115e+04 1.283855e+04 6.763703e+01  1000  5000 -2.899633e-02     0 1.080318e-02   100 1.312282e+02 7.699642e-02 3.460023e-03 
1.975000e+02 -4.191995e-01 1.549351e-01 -1.602244e+00 1.247126e+04 1.282548e+04 6.876303e+01  1000  5000 -2.680254e-02     0 1.193858e-02   100 1.311932e+02 7.639402e-02 3.413857e-03 
1.976000e+02 -4.105272e-01 1.558026e-01 -1.612490e+00 1.247122e+04 1.281241e+04 6.990310e+01  1000  5000 -2.974942e-02     0 1.311699e-02   100 1.311562e+02 7.574128e-02 3.219458e-03 
1.977000e+02 -4.013934e-01 1.565955e-01 -1.622470e+00 1.247104e+04 1.279935e+04 7.105712e+01  1000  5000 -2.947926e-02     0 1.431453e-02   100 1.311172e+02 7.504298e-02 3.082590e-03 
1.978000e+02 -3.921010e-01 1.572937e-01 -1.632246e+00 1.247072e+04 1.278629e+04 7.222485e+01  1000  5000 -2.796643e-02     0 1.553424e-02   100 1.310765e+02 7.431298e-02 3.047170e-03 
1.979000e+02 -3.831717e-01 1.579143e-01 -1.641784e+00 1.247025e+04 1.277325e+04 7.340597e+01  1000  5000 -2.602065e-02     0 1.678246e-02   100 1.310341e+02 7.356140e-02 3.030177e-03 
  198 -3.749278e-01 1.584829e-01 -1.651014e+00 1.246966e+04 1.276022e+04 7.460000e+01  1000  5000 -2.400371e-02     0 1.804766e-02   100 1.309902e+02 7.279229e-02 2.917711e-03 
1.981000e+02 -3.671407e-01 1.590048e-01 -1.659913e+00 1.246893e+04 1.274719e+04 7.580633e+01  1000  5000 -2.645375e-02     0 1.930887e-02   100 1.309451e+02 7.200754e-02 2.686753e-03 
1.982000e+02 -3.590174e-01 1.594397e-01 -1.668593e+00 1.246808e+04 1.273419e+04 7.702425e+01  1000  5000 -2.614321e-02     0 2.054676e-02   100 1.308988e+02 7.121298e-02 2.512362e-03 
1.983000e+02 -3.508063e-01 1.597773e-01 -1.677109e+00 1.246710e+04 1.272119e+04 7.825299e+01  1000  5000 -2.477432e-02     0 2.176327e-02   100 1.308516e+02 7.042036e-02 2.433104e-03 
1.984000e+02 -3.429468e-01 1.600358e-01 -1.685435e+00 1.246600e+04 1.270822e+04 7.949177e+01  1000  5000 -2.304342e-02     0 2.296385e-02   100 1.308038e+02 6.963779e-02 2.379105e-03 
1.985000e+02 -3.357089e-01 1.602397e-01 -1.693510e+00 1.246479e+04 1.269526e+04 8.073975e+01  1000  5000 -2.126046e-02     0 2.414102e-02   100 1.307553e+02 6.886821e-02 2.253261e-03 
1.986000e+02 -3.288894e-01 1.603970e-01 -1.701315e+00 1.246346e+04 1.268231e+04 8.199602e+01  1000  5000 -2.336553e-02     0 2.528041e-02   100 1.307066e+02 6.811255e-02 2.035159e-03 
1.987000e+02 -3.217984e-01 1.604798e-01 -1.708950e+00 1.246203e+04 1.266938e+04 8.325964e+01  1000  5000 -2.307809e-02     0 2.636880e-02   100 1.306577e+02 6.737446e-02 1.873702e-03 
1.988000e+02 -3.146468e-01 1.604838e-01 -1.716460e+00 1.246048e+04 1.265647e+04 8.452972e+01  1000  5000 -2.187607e-02     0 2.740954e-02   100 1.306088e+02 6.666165e-02 1.801304e-03 
1.989000e+02 -3.078112e-01 1.604264e-01 -1.723822e+00 1.245883e+04 1.264358e+04 8.580535e+01  1000  5000 -2.036329e-02     0 2.840931e-02   100 1.305601e+02 6.597885e-02 1.756864e-03 
  199 -3.015223e-01 1.603298e-01 -1.730980e+00 1.245708e+04 1.263071e+04 8.708567e+01  1000  5000 -1.880788e-02     0 2.936505e-02   100 1.305118e+02 6.532675e-02 1.655237e-03 
1.991000e+02 -2.955987e-01 1.602027e-01 -1.737915e+00 1.245523e+04 1.261786e+04 8.836978e+01  1000  5000 -2.067273e-02     0 3.026819e-02   100 1.304639e+02 6.470449e-02 1.477223e-03 
1.992000e+02 -2.894346e-01 1.600247e-01 -1.744716e+00 1.245328e+04 1.260502e+04 8.965684e+01  1000  5000 -2.043351e-02     0 3.111059e-02   100 1.304168e+02 6.411331e-02 1.350759e-03 
1.993000e+02 -2.832132e-01 1.597939e-01 -1.751421e+00 1.245124e+04 1.259221e+04 9.094603e+01  1000  5000 -1.938952e-02     0 3.189717e-02   100 1.303703e+02 6.355736e-02 1.303413e-03 
1.994000e+02 -2.772632e-01 1.595259e-01 -1.758005e+00 1.244911e+04 1.257942e+04 9.223661e+01  1000  5000 -1.807120e-02     0 3.263573e-02   100 1.303248e+02 6.303852e-02 1.281295e-03 
1.995000e+02 -2.717862e-01 1.592391e-01 -1.764419e+00 1.244689e+04 1.256664e+04 9.352788e+01  1000  5000 -1.671389e-02     0 3.332640e-02   100 1.302803e+02 6.255563e-02 1.209255e-03 
1.996000e+02 -2.666208e-01 1.589411e-01 -1.770644e+00 1.244458e+04 1.255389e+04 9.481915e+01  1000  5000 -1.839994e-02     0 3.396466e-02   100 1.302368e+02 6.210637e-02 1.069869e-03 
1.997000e+02 -2.612299e-01 1.586157e-01 -1.776760e+00 1.244219e+04 1.254115e+04 9.610978e+01  1000  5000 -1.820944e-02     0 3.454592e-02   100 1.301945e+02 6.169023e-02 9.755176e-04 
1.998000e+02 -2.557763e-01 1.582615e-01 -1.782798e+00 1.243971e+04 1.252844e+04 9.739921e+01  1000  5000 -1.729951e-02     0 3.507587e-02   100 1.301535e+02 6.130888e-02 9.506383e-04 
1.999000e+02 -2.505527e-01 1.578910e-01 -1.788736e+00 1.243716e+04 1.251574e+04 9.868694e+01  1000  5000 -1.614247e-02     0 3.556266e-02   100 1.301137e+02 6.096239e-02 9.475578e-04 
  200 -2.457392e-01 1.575191e-01 -1.794527e+00 1.243452e+04 1.250307e+04 9.997250e+01  1000  5000 -1.494790e-02     0 3.600814e-02   100 1.300752e+02 6.064850e-02 8.994522e-04 
2.001000e+02 -2.411921e-01 1.571551e-01 -1.800156e+00 1.243181e+04 1.249041e+04 1.012555e+02  1000  5000 -1.648546e-02     0 3.639533e-02   100 1.300381e+02 6.036770e-02 7.906348e-04 
2.002000e+02 -2.364312e-01 1.567798e-01 -1.805691e+00 1.242902e+04 1.247778e+04 1.025355e+02  1000  5000 -1.633349e-02     0 3.677056e-02   100 1.300024e+02 6.011286e-02 7.211482e-04 
2.003000e+02 -2.316034e-01 1.563907e-01 -1.811161e+00 1.242616e+04 1.246516e+04 1.038122e+02  1000  5000 -1.553223e-02     0 3.708636e-02   100 1.299681e+02 5.988366e-02 7.129613e-04 
2.004000e+02 -2.269719e-01 1.559987e-01 -1.816544e+00 1.242323e+04 1.245257e+04 1.050854e+02  1000  5000 -1.450626e-02     0 3.736498e-02   100 1.299353e+02 5.968116e-02 7.234451e-04 
2.005000e+02 -2.226997e-01 1.556172e-01 -1.821798e+00 1.242023e+04 1.243999e+04 1.063548e+02  1000  5000 -1.344413e-02     0 3.761669e-02   100 1.299038e+02 5.950476e-02 6.926211e-04 
2.006000e+02 -2.186581e-01 1.552504e-01 -1.826909e+00 1.241716e+04 1.242743e+04 1.076203e+02  1000  5000 -1.485017e-02     0 3.783932e-02   100 1.298738e+02 5.935142e-02 6.062608e-04 
2.007000e+02 -2.144150e-01 1.548859e-01 -1.831937e+00 1.241402e+04 1.241490e+04 1.088816e+02  1000  5000 -1.472612e-02     0 3.802856e-02   100 1.298452e+02 5.921880e-02 5.543444e-04 
2.008000e+02 -2.101038e-01 1.545212e-01 -1.836910e+00 1.241081e+04 1.240238e+04 1.101388e+02  1000  5000 -1.401288e-02     0 3.818882e-02   100 1.298179e+02 5.910636e-02 5.567623e-04 
2.009000e+02 -2.059629e-01 1.541635e-01 -1.841806e+00 1.240754e+04 1.238988e+04 1.113916e+02  1000  5000 -1.309456e-02     0 3.832731e-02   100 1.297921e+02 5.901310e-02 5.751701e-04 
  201 -2.021403e-01 1.538216e-01 -1.846586e+00 1.240421e+04 1.237740e+04 1.126401e+02  1000  5000 -1.214181e-02     0 3.844673e-02   100 1.297675e+02 5.893673e-02 5.554232e-04 
2.011000e+02 -1.985203e-01 1.534981e-01 -1.851236e+00 1.240082e+04 1.236494e+04 1.138842e+02  1000  5000 -1.342710e-02     0 3.854640e-02   100 1.297443e+02 5.887456e-02 4.846192e-04 
2.012000e+02 -1.947123e-01 1.531823e-01 -1.855814e+00 1.239737e+04 1.235249e+04 1.151240e+02  1000  5000 -1.332245e-02     0 3.862486e-02   100 1.297223e+02 5.882506e-02 4.441506e-04 
2.013000e+02 -1.908377e-01 1.528720e-01 -1.860341e+00 1.239385e+04 1.234007e+04 1.163594e+02  1000  5000 -1.268186e-02     0 3.868616e-02   100 1.297016e+02 5.878798e-02 4.521331e-04 
2.014000e+02 -1.871132e-01 1.525723e-01 -1.864800e+00 1.239028e+04 1.232766e+04 1.175906e+02  1000  5000 -1.185400e-02     0 3.873574e-02   100 1.296821e+02 5.876244e-02 4.739267e-04 
2.015000e+02 -1.836734e-01 1.522900e-01 -1.869153e+00 1.238665e+04 1.231527e+04 1.188176e+02  1000  5000 -1.099380e-02     0 3.877538e-02   100 1.296637e+02 5.874655e-02 4.605007e-04 
2.016000e+02 -1.804142e-01 1.520265e-01 -1.873388e+00 1.238297e+04 1.230290e+04 1.200405e+02  1000  5000 -1.216679e-02     0 3.880433e-02   100 1.296464e+02 5.873817e-02 4.001669e-04 
2.017000e+02 -1.769814e-01 1.517725e-01 -1.877558e+00 1.237923e+04 1.229055e+04 1.212594e+02  1000  5000 -1.207563e-02     0 3.882125e-02   100 1.296302e+02 5.873617e-02 3.668025e-04 
2.018000e+02 -1.734856e-01 1.515257e-01 -1.881682e+00 1.237544e+04 1.227821e+04 1.224744e+02  1000  5000 -1.149668e-02     0 3.882926e-02   100 1.296150e+02 5.874049e-02 3.769345e-04 
2.019000e+02 -1.701237e-01 1.512900e-01 -1.885743e+00 1.237160e+04 1.226589e+04 1.236856e+02  1000  5000 -1.074689e-02     0 3.883259e-02   100 1.296008e+02 5.875057e-02 3.991859e-04 
  202 -1.670185e-01 1.510704e-01 -1.889709e+00 1.236770e+04 1.225359e+04 1.248932e+02  1000  5000 -9.967147e-03     0 3.883245e-02   100 1.295876e+02 5.876502e-02 3.890724e-04 
2.021000e+02 -1.640712e-01 1.508677e-01 -1.893567e+00 1.236375e+04 1.224131e+04 1.260973e+02  1000  5000 -1.104006e-02     0 3.879331e-02 9.995133e+01 1.295751e+02 5.878209e-02 3.360818e-04 
2.022000e+02 -1.609722e-01 1.506711e-01 -1.897365e+00 1.235976e+04 1.222904e+04 1.272980e+02  1000  5000 -1.095623e-02     0 3.900286e-02 9.984018e+01 1.295628e+02 5.879770e-02 3.071307e-04 
2.023000e+02 -1.578125e-01 1.504380e-01 -1.901115e+00 1.235572e+04 1.221679e+04 1.284955e+02  1000  5000 -1.042960e-02     0 3.922500e-02 9.974577e+01 1.295507e+02 5.877379e-02 3.172842e-04 
2.024000e+02 -1.547708e-01 1.501530e-01 -1.904797e+00 1.235163e+04 1.220456e+04 1.296898e+02  1000  5000 -9.748062e-03     0 3.933347e-02 9.966626e+01 1.295389e+02 5.870219e-02 3.378346e-04 
2.025000e+02 -1.519602e-01 1.498432e-01 -1.908386e+00 1.234749e+04 1.219234e+04 1.308808e+02  1000  5000 -9.039012e-03     0 3.939526e-02 9.960000e+01 1.295276e+02 5.861242e-02 3.282995e-04 
2.026000e+02 -1.492965e-01 1.495368e-01 -1.911876e+00 1.234331e+04 1.218014e+04 1.320685e+02  1000  5000 -1.000535e-02     0 3.946061e-02 9.954549e+01 1.295169e+02 5.853164e-02 2.791077e-04 
2.027000e+02 -1.464895e-01 1.492406e-01 -1.915312e+00 1.233908e+04 1.216796e+04 1.332527e+02  1000  5000 -9.929194e-03     0 3.952182e-02 9.950137e+01 1.295070e+02 5.846991e-02 2.511855e-04 
2.028000e+02 -1.436301e-01 1.489560e-01 -1.918712e+00 1.233481e+04 1.215579e+04 1.344334e+02  1000  5000 -9.450752e-03     0 3.955994e-02 9.946640e+01 1.294978e+02 5.842776e-02 2.584056e-04 
2.029000e+02 -1.408809e-01 1.486875e-01 -1.922061e+00 1.233049e+04 1.214363e+04 1.356106e+02  1000  5000 -8.831394e-03     0 3.957056e-02 9.943948e+01 1.294893e+02 5.840407e-02 2.752651e-04 
  203 -1.383435e-01 1.484408e-01 -1.925333e+00 1.232614e+04 1.213150e+04 1.367843e+02  1000  5000 -8.187311e-03     0 3.955843e-02 9.941958e+01 1.294816e+02 5.839795e-02 2.654312e-04 
2.031000e+02 -1.359409e-01 1.482187e-01 -1.928518e+00 1.232174e+04 1.211938e+04 1.379546e+02  1000  5000 -9.060119e-03     0 3.952805e-02 9.940578e+01 1.294747e+02 5.840804e-02 2.202460e-04 
2.032000e+02 -1.334104e-01 1.480167e-01 -1.931657e+00 1.231731e+04 1.210727e+04 1.391215e+02  1000  5000 -8.989765e-03     0 3.948127e-02 9.939726e+01 1.294685e+02 5.843253e-02 1.947015e-04 
2.033000e+02 -1.308340e-01 1.478333e-01 -1.934764e+00 1.231283e+04 1.209518e+04 1.402853e+02  1000  5000 -8.555698e-03     0 3.942141e-02 9.939325e+01 1.294631e+02 5.846954e-02 2.012446e-04 
2.034000e+02 -1.283582e-01 1.476701e-01 -1.937825e+00 1.230832e+04 1.208310e+04 1.414459e+02  1000  5000 -7.994416e-03     0 3.935276e-02 9.939306e+01 1.294583e+02 5.851680e-02 2.166817e-04 
2.035000e+02 -1.260747e-01 1.475293e-01 -1.940817e+00 1.230376e+04 1.207103e+04 1.426037e+02  1000  5000 -7.411006e-03     0 3.927833e-02 9.939607e+01 1.294542e+02 5.857172e-02 2.080060e-04 
2.036000e+02 -1.239131e-01 1.474104e-01 -1.943731e+00 1.229917e+04 1.205899e+04 1.437588e+02  1000  5000 -8.210599e-03     0 3.919980e-02 9.940170e+01 1.294506e+02 5.863172e-02 1.674200e-04 
2.037000e+02 -1.216335e-01 1.473078e-01 -1.946601e+00 1.229455e+04 1.204695e+04 1.449114e+02  1000  5000 -8.150111e-03     0 3.911822e-02 9.940943e+01 1.294477e+02 5.869486e-02 1.451250e-04 
2.038000e+02 -1.193108e-01 1.472192e-01 -1.949443e+00 1.228988e+04 1.203493e+04 1.460617e+02  1000  5000 -7.757768e-03     0 3.903645e-02 9.941881e+01 1.294452e+02 5.875980e-02 1.524507e-04 
2.039000e+02 -1.170786e-01 1.471450e-01 -1.952244e+00 1.228518e+04 1.202292e+04 1.472098e+02  1000  5000 -7.249160e-03     0 3.895765e-02 9.942938e+01 1.294433e+02 5.882515e-02 1.681511e-04 
  204 -1.150204e-01 1.470862e-01 -1.954981e+00 1.228045e+04 1.201093e+04 1.483561e+02  1000  5000 -6.720087e-03     0 3.888338e-02 9.944078e+01 1.294417e+02 5.888932e-02 1.619906e-04 
2.041000e+02 -1.130720e-01 1.470420e-01 -1.957646e+00 1.227568e+04 1.199895e+04 1.495007e+02  1000  5000 -7.452882e-03     0 3.881401e-02 9.945264e+01 1.294405e+02 5.895080e-02 1.267458e-04 
2.042000e+02 -1.110149e-01 1.470073e-01 -1.960272e+00 1.227088e+04 1.198698e+04 1.506439e+02  1000  5000 -7.400442e-03     0 3.874942e-02 9.946465e+01 1.294397e+02 5.900866e-02 1.081594e-04 
2.043000e+02 -1.089172e-01 1.469798e-01 -1.962871e+00 1.226605e+04 1.197503e+04 1.517857e+02  1000  5000 -7.044864e-03     0 3.869107e-02 9.947651e+01 1.294392e+02 5.906248e-02 1.164674e-04 
2.044000e+02 -1.069008e-01 1.469597e-01 -1.965431e+00 1.226119e+04 1.196309e+04 1.529264e+02  1000  5000 -6.582903e-03     0 3.864073e-02 9.948797e+01 1.294389e+02 5.911180e-02 1.321833e-04 
2.045000e+02 -1.050422e-01 1.469478e-01 -1.967933e+00 1.225629e+04 1.195116e+04 1.540661e+02  1000  5000 -6.101995e-03     0 3.859888e-02 9.949877e+01 1.294389e+02 5.915595e-02 1.276515e-04 
2.046000e+02 -1.032828e-01 1.469432e-01 -1.970369e+00 1.225136e+04 1.193925e+04 1.552050e+02  1000  5000 -6.771871e-03     0 3.856501e-02 9.950872e+01 1.294391e+02 5.919430e-02 9.626407e-05 
2.047000e+02 -1.014235e-01 1.469419e-01 -1.972768e+00 1.224641e+04 1.192734e+04 1.563433e+02  1000  5000 -6.725280e-03     0 3.853833e-02 9.951760e+01 1.294394e+02 5.922665e-02 7.978246e-05 
2.048000e+02 -9.952648e-02 1.469418e-01 -1.975143e+00 1.224142e+04 1.191545e+04 1.574810e+02  1000  5000 -6.402009e-03     0 3.851939e-02 9.952525e+01 1.294398e+02 5.925318e-02 8.756756e-05 
2.049000e+02 -9.770310e-02 1.469432e-01 -1.977482e+00 1.223640e+04 1.190358e+04 1.586183e+02  1000  5000 -5.981548e-03     0 3.850907e-02 9.953150e+01 1.294404e+02 5.927399e-02 1.018781e-04 
  205 -9.602296e-02 1.469469e-01 -1.979767e+00 1.223136e+04 1.189171e+04 1.597553e+02  1000  5000 -5.543665e-03     0 3.850726e-02 9.953621e+01 1.294410e+02 5.928894e-02 9.753748e-05 
2.051000e+02 -9.443302e-02 1.469523e-01 -1.981992e+00 1.222628e+04 1.187986e+04 1.608920e+02  1000  5000 -6.154123e-03     0 3.851307e-02 9.953925e+01 1.294417e+02 5.929792e-02 6.856454e-05 
2.052000e+02 -9.275201e-02 1.469560e-01 -1.984183e+00 1.222118e+04 1.186801e+04 1.620286e+02  1000  5000 -6.111788e-03     0 3.852541e-02 9.954050e+01 1.294424e+02 5.930110e-02 5.305884e-05 
2.053000e+02 -9.103668e-02 1.469567e-01 -1.986351e+00 1.221605e+04 1.185618e+04 1.631651e+02  1000  5000 -5.817372e-03     0 3.854440e-02 9.953986e+01 1.294431e+02 5.929895e-02 5.958469e-05 
2.054000e+02 -8.938840e-02 1.469546e-01 -1.988488e+00 1.221090e+04 1.184436e+04 1.643016e+02  1000  5000 -5.434414e-03     0 3.857045e-02 9.953723e+01 1.294439e+02 5.929180e-02 7.201373e-05 
2.055000e+02 -8.787057e-02 1.469506e-01 -1.990575e+00 1.220572e+04 1.183256e+04 1.654380e+02  1000  5000 -5.035588e-03     0 3.860321e-02 9.953253e+01 1.294446e+02 5.927978e-02 6.744486e-05 
2.056000e+02 -8.643498e-02 1.469444e-01 -1.992607e+00 1.220051e+04 1.182076e+04 1.665745e+02  1000  5000 -5.591205e-03     0 3.864171e-02 9.952568e+01 1.294453e+02 5.926299e-02 4.045074e-05 
2.057000e+02 -8.491676e-02 1.469333e-01 -1.994609e+00 1.219528e+04 1.180897e+04 1.677110e+02  1000  5000 -5.552557e-03     0 3.868486e-02 9.951662e+01 1.294460e+02 5.924175e-02 2.572764e-05 
2.058000e+02 -8.336753e-02 1.469165e-01 -1.996590e+00 1.219003e+04 1.179720e+04 1.688475e+02  1000  5000 -5.284480e-03     0 3.873260e-02 9.950528e+01 1.294467e+02 5.921659e-02 3.108105e-05 
2.059000e+02 -8.187951e-02 1.468942e-01 -1.998541e+00 1.218475e+04 1.178543e+04 1.699840e+02  1000  5000 -4.935858e-03     0 3.878516e-02 9.949161e+01 1.294473e+02 5.918790e-02 4.184002e-05 
  206 -8.051031e-02 1.468675e-01 -2.000449e+00 1.217944e+04 1.177368e+04 1.711205e+02  1000  5000 -4.572835e-03     0 3.884213e-02 9.947557e+01 1.294479e+02 5.915589e-02 3.716850e-05 
2.061000e+02 -7.921606e-02 1.468361e-01 -2.002307e+00 1.217411e+04 1.176194e+04 1.722569e+02  1000  5000 -5.078889e-03     0 3.890267e-02 9.945711e+01 1.294484e+02 5.912070e-02 1.213126e-05 
2.062000e+02 -7.784678e-02 1.467982e-01 -2.004137e+00 1.216876e+04 1.175021e+04 1.733933e+02  1000  5000 -5.043894e-03     0 3.896580e-02 9.943620e+01 1.294489e+02 5.908267e-02 -1.691240e-06 
2.063000e+02 -7.644944e-02 1.467530e-01 -2.005949e+00 1.216339e+04 1.173848e+04 1.745296e+02  1000  5000 -4.800054e-03     0 3.903145e-02 9.941280e+01 1.294493e+02 5.904227e-02 2.807085e-06 
2.064000e+02 -7.510785e-02 1.467010e-01 -2.007734e+00 1.215800e+04 1.172677e+04 1.756657e+02  1000  5000 -4.482917e-03     0 3.909979e-02 9.938688e+01 1.294496e+02 5.899986e-02 1.227325e-05 
2.065000e+02 -7.387440e-02 1.466432e-01 -2.009479e+00 1.215258e+04 1.171507e+04 1.768016e+02  1000  5000 -4.152689e-03     0 3.917050e-02 9.935843e+01 1.294500e+02 5.895561e-02 7.739476e-06 
2.066000e+02 -7.270912e-02 1.465796e-01 -2.011180e+00 1.214714e+04 1.170337e+04 1.779373e+02  1000  5000 -4.614379e-03     0 3.924287e-02 9.932741e+01 1.294502e+02 5.890965e-02 -1.528811e-05 
2.067000e+02 -7.147551e-02 1.465087e-01 -2.012856e+00 1.214169e+04 1.169169e+04 1.790725e+02  1000  5000 -4.583057e-03     0 3.931614e-02 9.929383e+01 1.294505e+02 5.886226e-02 -2.805339e-05 
2.068000e+02 -7.021631e-02 1.464300e-01 -2.014515e+00 1.213621e+04 1.168002e+04 1.802074e+02  1000  5000 -4.361444e-03     0 3.939025e-02 9.925765e+01 1.294506e+02 5.881380e-02 -2.408617e-05 
2.069000e+02 -6.900780e-02 1.463441e-01 -2.016151e+00 1.213071e+04 1.166835e+04 1.813418e+02  1000  5000 -4.073042e-03     0 3.946542e-02 9.921886e+01 1.294508e+02 5.876456e-02 -1.555284e-05 
  207 -6.789761e-02 1.462518e-01 -2.017750e+00 1.212519e+04 1.165670e+04 1.824756e+02  1000  5000 -3.772692e-03     0 3.954140e-02 9.917747e+01 1.294508e+02 5.871465e-02 -1.973917e-05 
2.071000e+02 -6.684930e-02 1.461533e-01 -2.019309e+00 1.211965e+04 1.164505e+04 1.836087e+02  1000  5000 -4.194784e-03     0 3.961768e-02 9.913345e+01 1.294509e+02 5.866415e-02 -4.074367e-05 
2.072000e+02 -6.573855e-02 1.460473e-01 -2.020846e+00 1.211410e+04 1.163342e+04 1.847411e+02  1000  5000 -4.167050e-03     0 3.969366e-02 9.908681e+01 1.294509e+02 5.861324e-02 -5.235558e-05 
2.073000e+02 -6.460430e-02 1.459337e-01 -2.022368e+00 1.210852e+04 1.162179e+04 1.858727e+02  1000  5000 -3.965686e-03     0 3.976936e-02 9.903754e+01 1.294509e+02 5.856221e-02 -4.867840e-05 
2.074000e+02 -6.351602e-02 1.458130e-01 -2.023869e+00 1.210293e+04 1.161017e+04 1.870034e+02  1000  5000 -3.703355e-03     0 3.984500e-02 9.898563e+01 1.294509e+02 5.851124e-02 -4.081239e-05 
2.075000e+02 -6.251712e-02 1.456858e-01 -2.025338e+00 1.209732e+04 1.159856e+04 1.881332e+02  1000  5000 -3.430071e-03     0 3.992046e-02 9.893109e+01 1.294508e+02 5.846038e-02 -4.453187e-05 
2.076000e+02 -6.157432e-02 1.455525e-01 -2.026769e+00 1.209169e+04 1.158696e+04 1.892618e+02  1000  5000 -3.816783e-03     0 3.999537e-02 9.887392e+01 1.294508e+02 5.840966e-02 -6.357996e-05 
2.077000e+02 -6.057427e-02 1.454120e-01 -2.028181e+00 1.208604e+04 1.157536e+04 1.903892e+02  1000  5000 -3.792439e-03     0 4.006927e-02 9.881411e+01 1.294507e+02 5.835920e-02 -7.403151e-05 
2.078000e+02 -5.955249e-02 1.452643e-01 -2.029580e+00 1.208038e+04 1.156378e+04 1.915154e+02  1000  5000 -3.609405e-03     0 4.014225e-02 9.875167e+01 1.294506e+02 5.830917e-02 -7.050463e-05 
2.079000e+02 -5.857238e-02 1.451097e-01 -2.030960e+00 1.207470e+04 1.155220e+04 1.926403e+02  1000  5000 -3.370612e-03     0 4.021454e-02 9.868661e+01 1.294505e+02 5.825970e-02 -6.314174e-05 
  208 -5.767353e-02 1.449490e-01 -2.032311e+00 1.206900e+04 1.154063e+04 1.937637e+02  1000  5000 -3.121740e-03     0 4.028611e-02 9.861892e+01 1.294504e+02 5.821080e-02 -6.635950e-05 
2.081000e+02 -5.682554e-02 1.447824e-01 -2.033628e+00 1.206328e+04 1.152907e+04 1.948856e+02  1000  5000 -3.476756e-03     0 4.035669e-02 9.854862e+01 1.294503e+02 5.816243e-02 -8.358083e-05 
2.082000e+02 -5.592490e-02 1.446090e-01 -2.034928e+00 1.205756e+04 1.151751e+04 1.960058e+02  1000  5000 -3.455523e-03     0 4.042595e-02 9.847570e+01 1.294502e+02 5.811466e-02 -9.293080e-05 
2.083000e+02 -5.500409e-02 1.444289e-01 -2.036216e+00 1.205181e+04 1.150597e+04 1.971244e+02  1000  5000 -3.289009e-03     0 4.049401e-02 9.840018e+01 1.294501e+02 5.806762e-02 -8.948861e-05 
2.084000e+02 -5.412104e-02 1.442424e-01 -2.037487e+00 1.204605e+04 1.149443e+04 1.982411e+02  1000  5000 -3.071402e-03     0 4.056111e-02 9.832206e+01 1.294500e+02 5.802135e-02 -8.253615e-05 
2.085000e+02 -5.331191e-02 1.440501e-01 -2.038732e+00 1.204027e+04 1.148290e+04 1.993560e+02  1000  5000 -2.844490e-03     0 4.062727e-02 9.824135e+01 1.294499e+02 5.797584e-02 -8.527039e-05 
2.086000e+02 -5.254891e-02 1.438522e-01 -2.039946e+00 1.203448e+04 1.147137e+04 2.004689e+02  1000  5000 -3.171026e-03     0 4.069229e-02 9.815806e+01 1.294499e+02 5.793104e-02 -1.008257e-04 
2.087000e+02 -5.173740e-02 1.436480e-01 -2.041144e+00 1.202868e+04 1.145986e+04 2.015797e+02  1000  5000 -3.152594e-03     0 4.075594e-02 9.807219e+01 1.294498e+02 5.788696e-02 -1.091670e-04 
2.088000e+02 -5.090712e-02 1.434376e-01 -2.042333e+00 1.202286e+04 1.144835e+04 2.026884e+02  1000  5000 -3.000931e-03     0 4.081835e-02 9.798375e+01 1.294498e+02 5.784369e-02 -1.057872e-04 
2.089000e+02 -5.011106e-02 1.432212e-01 -2.043506e+00 1.201702e+04 1.143684e+04 2.037949e+02  1000  5000 -2.802366e-03     0 4.087977e-02 9.789276e+01 1.294498e+02 5.780124e-02 -9.919466e-05 
  209 -4.938232e-02 1.429993e-01 -2.044655e+00 1.201118e+04 1.142535e+04 2.048991e+02  1000  5000 -2.595189e-03     0 4.094021e-02 9.779923e+01 1.294498e+02 5.775958e-02 -1.014899e-04 
2.091000e+02 -4.869545e-02 1.427722e-01 -2.045776e+00 1.200532e+04 1.141386e+04 2.060008e+02  1000  5000 -2.896068e-03     0 4.099957e-02 9.770315e+01 1.294499e+02 5.771863e-02 -1.155471e-04 
2.092000e+02 -4.796381e-02 1.425393e-01 -2.046883e+00 1.199944e+04 1.140238e+04 2.071001e+02  1000  5000 -2.880130e-03     0 4.105765e-02 9.760455e+01 1.294499e+02 5.767841e-02 -1.229841e-04 
2.093000e+02 -4.721466e-02 1.423005e-01 -2.047982e+00 1.199355e+04 1.139090e+04 2.081969e+02  1000  5000 -2.741805e-03     0 4.111458e-02 9.750344e+01 1.294500e+02 5.763896e-02 -1.196658e-04 
2.094000e+02 -4.649656e-02 1.420561e-01 -2.049066e+00 1.198765e+04 1.137943e+04 2.092910e+02  1000  5000 -2.560352e-03     0 4.117059e-02 9.739981e+01 1.294501e+02 5.760028e-02 -1.134046e-04 
2.095000e+02 -4.583985e-02 1.418066e-01 -2.050129e+00 1.198174e+04 1.136797e+04 2.103823e+02  1000  5000 -2.370912e-03     0 4.122572e-02 9.729370e+01 1.294502e+02 5.756232e-02 -1.153141e-04 
2.096000e+02 -4.522118e-02 1.415520e-01 -2.051166e+00 1.197581e+04 1.135651e+04 2.114709e+02  1000  5000 -2.648627e-03     0 4.127988e-02 9.718510e+01 1.294504e+02 5.752501e-02 -1.280338e-04 
2.097000e+02 -4.456113e-02 1.412921e-01 -2.052191e+00 1.196987e+04 1.134506e+04 2.125567e+02  1000  5000 -2.634894e-03     0 4.133293e-02 9.707403e+01 1.294506e+02 5.748836e-02 -1.346691e-04 
2.098000e+02 -4.388474e-02 1.410265e-01 -2.053208e+00 1.196392e+04 1.133362e+04 2.136395e+02  1000  5000 -2.508552e-03     0 4.138499e-02 9.696050e+01 1.294508e+02 5.745238e-02 -1.314194e-04 
2.099000e+02 -4.323654e-02 1.407558e-01 -2.054213e+00 1.195795e+04 1.132218e+04 2.147192e+02  1000  5000 -2.342485e-03     0 4.143624e-02 9.684452e+01 1.294511e+02 5.741708e-02 -1.254704e-04 
  210 -4.264439e-02 1.404801e-01 -2.055197e+00 1.195198e+04 1.131075e+04 2.157959e+02  1000  5000 -2.168996e-03     0 4.148676e-02 9.672611e+01 1.294514e+02 5.738240e-02 -1.270466e-04 
2.101000e+02 -4.208685e-02 1.401997e-01 -2.056159e+00 1.194599e+04 1.129932e+04 2.168695e+02  1000  5000 -2.425764e-03     0 4.153645e-02 9.660527e+01 1.294517e+02 5.734828e-02 -1.385755e-04 
2.102000e+02 -4.149101e-02 1.399141e-01 -2.057110e+00 1.193999e+04 1.128790e+04 2.179397e+02  1000  5000 -2.413976e-03     0 4.158520e-02 9.648202e+01 1.294520e+02 5.731471e-02 -1.445029e-04 
2.103000e+02 -4.087990e-02 1.396232e-01 -2.058053e+00 1.193398e+04 1.127648e+04 2.190067e+02  1000  5000 -2.298406e-03     0 4.163311e-02 9.635637e+01 1.294524e+02 5.728172e-02 -1.413300e-04 
2.104000e+02 -4.029444e-02 1.393273e-01 -2.058985e+00 1.192796e+04 1.126507e+04 2.200703e+02  1000  5000 -2.146187e-03     0 4.168035e-02 9.622834e+01 1.294528e+02 5.724930e-02 -1.356776e-04 
2.105000e+02 -3.976019e-02 1.390268e-01 -2.059899e+00 1.192193e+04 1.125367e+04 2.211305e+02  1000  5000 -1.987059e-03     0 4.172698e-02 9.609794e+01 1.294532e+02 5.721740e-02 -1.369676e-04 
2.106000e+02 -3.925748e-02 1.387216e-01 -2.060793e+00 1.191588e+04 1.124227e+04 2.221872e+02  1000  5000 -2.224855e-03     0 4.177292e-02 9.596518e+01 1.294537e+02 5.718596e-02 -1.474364e-04 
2.107000e+02 -3.871928e-02 1.384115e-01 -2.061676e+00 1.190983e+04 1.123087e+04 2.232402e+02  1000  5000 -2.214782e-03     0 4.181808e-02 9.583007e+01 1.294541e+02 5.715499e-02 -1.527390e-04 
2.108000e+02 -3.816680e-02 1.380964e-01 -2.062553e+00 1.190376e+04 1.121949e+04 2.242897e+02  1000  5000 -2.108906e-03     0 4.186253e-02 9.569263e+01 1.294546e+02 5.712450e-02 -1.496497e-04 
2.109000e+02 -3.763768e-02 1.377765e-01 -2.063419e+00 1.189769e+04 1.120810e+04 2.253354e+02  1000  5000 -1.969164e-03     0 4.190644e-02 9.555287e+01 1.294552e+02 5.709448e-02 -1.442789e-04 
  211 -3.715542e-02 1.374521e-01 -2.064270e+00 1.189160e+04 1.119672e+04 2.263773e+02  1000  5000 -1.822978e-03     0 4.194983e-02 9.541080e+01 1.294557e+02 5.706489e-02 -1.453236e-04 
2.111000e+02 -3.670193e-02 1.371232e-01 -2.065101e+00 1.188551e+04 1.118535e+04 2.274154e+02  1000  5000 -2.043572e-03     0 4.199264e-02 9.526645e+01 1.294563e+02 5.703570e-02 -1.548473e-04 
2.112000e+02 -3.621552e-02 1.367896e-01 -2.065923e+00 1.187940e+04 1.117398e+04 2.284496e+02  1000  5000 -2.035011e-03     0 4.203479e-02 9.511982e+01 1.294569e+02 5.700689e-02 -1.595980e-04 
2.113000e+02 -3.571573e-02 1.364512e-01 -2.066739e+00 1.187328e+04 1.116262e+04 2.294798e+02  1000  5000 -1.937868e-03     0 4.207635e-02 9.497092e+01 1.294576e+02 5.697848e-02 -1.565966e-04 
2.114000e+02 -3.523724e-02 1.361081e-01 -2.067547e+00 1.186716e+04 1.115126e+04 2.305059e+02  1000  5000 -1.809379e-03     0 4.211744e-02 9.481978e+01 1.294582e+02 5.695048e-02 -1.514923e-04 
2.115000e+02 -3.480170e-02 1.357607e-01 -2.068339e+00 1.186102e+04 1.113991e+04 2.315280e+02  1000  5000 -1.674871e-03     0 4.215809e-02 9.466641e+01 1.294589e+02 5.692284e-02 -1.523266e-04 
2.116000e+02 -3.439241e-02 1.354089e-01 -2.069114e+00 1.185488e+04 1.112856e+04 2.325459e+02  1000  5000 -1.879851e-03     0 4.219825e-02 9.451082e+01 1.294596e+02 5.689553e-02 -1.610063e-04 
2.117000e+02 -3.395255e-02 1.350526e-01 -2.069881e+00 1.184873e+04 1.111721e+04 2.335596e+02  1000  5000 -1.872623e-03     0 4.223783e-02 9.435302e+01 1.294604e+02 5.686856e-02 -1.652684e-04 
2.118000e+02 -3.350017e-02 1.346916e-01 -2.070642e+00 1.184256e+04 1.110587e+04 2.345689e+02  1000  5000 -1.783355e-03     0 4.227690e-02 9.419303e+01 1.294611e+02 5.684193e-02 -1.623573e-04 
2.119000e+02 -3.306722e-02 1.343262e-01 -2.071396e+00 1.183639e+04 1.109454e+04 2.355740e+02  1000  5000 -1.665028e-03     0 4.231555e-02 9.403087e+01 1.294619e+02 5.681566e-02 -1.575045e-04 
  212 -3.267366e-02 1.339565e-01 -2.072135e+00 1.183021e+04 1.108321e+04 2.365746e+02  1000  5000 -1.541067e-03     0 4.235382e-02 9.386655e+01 1.294627e+02 5.678970e-02 -1.581580e-04 
2.121000e+02 -3.230411e-02 1.335826e-01 -2.072859e+00 1.182402e+04 1.107188e+04 2.375707e+02  1000  5000 -1.731858e-03     0 4.239164e-02 9.370009e+01 1.294635e+02 5.676404e-02 -1.660829e-04 
2.122000e+02 -3.190615e-02 1.332043e-01 -2.073576e+00 1.181782e+04 1.106056e+04 2.385624e+02  1000  5000 -1.725805e-03     0 4.242895e-02 9.353150e+01 1.294644e+02 5.673867e-02 -1.699118e-04 
2.123000e+02 -3.149643e-02 1.328216e-01 -2.074287e+00 1.181161e+04 1.104924e+04 2.395494e+02  1000  5000 -1.643647e-03     0 4.246579e-02 9.336080e+01 1.294652e+02 5.671362e-02 -1.670917e-04 
2.124000e+02 -3.110446e-02 1.324345e-01 -2.074992e+00 1.180540e+04 1.103792e+04 2.405318e+02  1000  5000 -1.534504e-03     0 4.250226e-02 9.318801e+01 1.294661e+02 5.668888e-02 -1.624757e-04 
2.125000e+02 -3.074868e-02 1.320434e-01 -2.075684e+00 1.179918e+04 1.102661e+04 2.415095e+02  1000  5000 -1.420078e-03     0 4.253836e-02 9.301313e+01 1.294670e+02 5.666444e-02 -1.629739e-04 
2.126000e+02 -3.041486e-02 1.316481e-01 -2.076361e+00 1.179294e+04 1.101531e+04 2.424824e+02  1000  5000 -1.597963e-03     0 4.257405e-02 9.283619e+01 1.294679e+02 5.664027e-02 -1.702227e-04 
2.127000e+02 -3.005460e-02 1.312486e-01 -2.077032e+00 1.178670e+04 1.100400e+04 2.434505e+02  1000  5000 -1.592947e-03     0 4.260927e-02 9.265720e+01 1.294689e+02 5.661637e-02 -1.736669e-04 
2.128000e+02 -2.968331e-02 1.308449e-01 -2.077699e+00 1.178045e+04 1.099270e+04 2.444137e+02  1000  5000 -1.517213e-03     0 4.264405e-02 9.247617e+01 1.294698e+02 5.659277e-02 -1.709375e-04 
2.129000e+02 -2.932825e-02 1.304369e-01 -2.078358e+00 1.177420e+04 1.098141e+04 2.453720e+02  1000  5000 -1.416378e-03     0 4.267846e-02 9.229313e+01 1.294708e+02 5.656945e-02 -1.665443e-04 
  213 -2.900647e-02 1.300250e-01 -2.079007e+00 1.176793e+04 1.097012e+04 2.463252e+02  1000  5000 -1.310582e-03     0 4.271252e-02 9.210810e+01 1.294718e+02 5.654642e-02 -1.669092e-04 
2.131000e+02 -2.870480e-02 1.296092e-01 -2.079642e+00 1.176166e+04 1.095883e+04 2.472735e+02  1000  5000 -1.476714e-03     0 4.274620e-02 9.192108e+01 1.294728e+02 5.652365e-02 -1.735518e-04 
2.132000e+02 -2.837850e-02 1.291893e-01 -2.080271e+00 1.175538e+04 1.094755e+04 2.482166e+02  1000  5000 -1.472612e-03     0 4.277942e-02 9.173209e+01 1.294738e+02 5.650114e-02 -1.766543e-04 
2.133000e+02 -2.804183e-02 1.287652e-01 -2.080897e+00 1.174910e+04 1.093627e+04 2.491546e+02  1000  5000 -1.402687e-03     0 4.281221e-02 9.154115e+01 1.294748e+02 5.647892e-02 -1.740146e-04 
2.134000e+02 -2.772002e-02 1.283372e-01 -2.081516e+00 1.174280e+04 1.092499e+04 2.500873e+02  1000  5000 -1.309377e-03     0 4.284465e-02 9.134829e+01 1.294759e+02 5.645697e-02 -1.698309e-04 
2.135000e+02 -2.742885e-02 1.279054e-01 -2.082125e+00 1.173650e+04 1.091372e+04 2.510148e+02  1000  5000 -1.211396e-03     0 4.287674e-02 9.115350e+01 1.294770e+02 5.643530e-02 -1.700816e-04 
2.136000e+02 -2.715613e-02 1.274697e-01 -2.082722e+00 1.173019e+04 1.090245e+04 2.519370e+02  1000  5000 -1.366816e-03     0 4.290845e-02 9.095682e+01 1.294780e+02 5.641388e-02 -1.761803e-04 
2.137000e+02 -2.686042e-02 1.270302e-01 -2.083313e+00 1.172388e+04 1.089119e+04 2.528538e+02  1000  5000 -1.363518e-03     0 4.293971e-02 9.075826e+01 1.294791e+02 5.639273e-02 -1.789792e-04 
2.138000e+02 -2.655497e-02 1.265867e-01 -2.083901e+00 1.171755e+04 1.087992e+04 2.537652e+02  1000  5000 -1.298852e-03     0 4.297056e-02 9.055784e+01 1.294802e+02 5.637185e-02 -1.764279e-04 
2.139000e+02 -2.626314e-02 1.261395e-01 -2.084483e+00 1.171122e+04 1.086866e+04 2.546710e+02  1000  5000 -1.212361e-03     0 4.300106e-02 9.035557e+01 1.294814e+02 5.635125e-02 -1.724415e-04 
  214 -2.599954e-02 1.256885e-01 -2.085056e+00 1.170489e+04 1.085741e+04 2.555714e+02  1000  5000 -1.121465e-03     0 4.303120e-02 9.015147e+01 1.294825e+02 5.633092e-02 -1.725948e-04 
2.141000e+02 -2.575289e-02 1.252339e-01 -2.085617e+00 1.169854e+04 1.084616e+04 2.564662e+02  1000  5000 -1.267111e-03     0 4.306096e-02 8.994556e+01 1.294836e+02 5.631084e-02 -1.782052e-04 
2.142000e+02 -2.548476e-02 1.247756e-01 -2.086174e+00 1.169219e+04 1.083491e+04 2.573553e+02  1000  5000 -1.264522e-03     0 4.309028e-02 8.973785e+01 1.294848e+02 5.629103e-02 -1.807344e-04 
2.143000e+02 -2.520746e-02 1.243136e-01 -2.086728e+00 1.168583e+04 1.082366e+04 2.582387e+02  1000  5000 -1.204619e-03     0 4.311920e-02 8.952838e+01 1.294860e+02 5.627149e-02 -1.782700e-04 
2.144000e+02 -2.494266e-02 1.238479e-01 -2.087276e+00 1.167947e+04 1.081242e+04 2.591164e+02  1000  5000 -1.124313e-03     0 4.314775e-02 8.931714e+01 1.294872e+02 5.625223e-02 -1.744693e-04 
2.145000e+02 -2.470392e-02 1.233788e-01 -2.087816e+00 1.167310e+04 1.080118e+04 2.599884e+02  1000  5000 -1.039847e-03     0 4.317594e-02 8.910417e+01 1.294884e+02 5.623323e-02 -1.745402e-04 
2.146000e+02 -2.448074e-02 1.229061e-01 -2.088346e+00 1.166672e+04 1.078994e+04 2.608544e+02  1000  5000 -1.176565e-03     0 4.320376e-02 8.888947e+01 1.294896e+02 5.621449e-02 -1.797122e-04 
2.147000e+02 -2.423750e-02 1.224300e-01 -2.088871e+00 1.166034e+04 1.077871e+04 2.617146e+02  1000  5000 -1.174598e-03     0 4.323114e-02 8.867307e+01 1.294908e+02 5.619602e-02 -1.820018e-04 
2.148000e+02 -2.398560e-02 1.219502e-01 -2.089393e+00 1.165395e+04 1.076748e+04 2.625689e+02  1000  5000 -1.119015e-03     0 4.325812e-02 8.845499e+01 1.294920e+02 5.617781e-02 -1.796227e-04 
2.149000e+02 -2.374519e-02 1.214671e-01 -2.089911e+00 1.164755e+04 1.075625e+04 2.634172e+02  1000  5000 -1.044325e-03     0 4.328473e-02 8.823524e+01 1.294933e+02 5.615989e-02 -1.759971e-04 
  215 -2.352885e-02 1.209806e-01 -2.090421e+00 1.164115e+04 1.074503e+04 2.642594e+02  1000  5000 -9.656980e-04     0 4.331098e-02 8.801384e+01 1.294945e+02 5.614223e-02 -1.759985e-04 
2.151000e+02 -2.332683e-02 1.204909e-01 -2.090921e+00 1.163474e+04 1.073381e+04 2.650956e+02  1000  5000 -1.094253e-03     0 4.333685e-02 8.779081e+01 1.294958e+02 5.612482e-02 -1.807767e-04 
2.152000e+02 -2.310603e-02 1.199978e-01 -2.091417e+00 1.162833e+04 1.072259e+04 2.659256e+02  1000  5000 -1.092834e-03     0 4.336229e-02 8.756618e+01 1.294971e+02 5.610769e-02 -1.828537e-04 
2.153000e+02 -2.287708e-02 1.195013e-01 -2.091911e+00 1.162191e+04 1.071137e+04 2.667495e+02  1000  5000 -1.041170e-03     0 4.338733e-02 8.733995e+01 1.294984e+02 5.609082e-02 -1.805580e-04 
2.154000e+02 -2.265867e-02 1.190017e-01 -2.092401e+00 1.161548e+04 1.070016e+04 2.675672e+02  1000  5000 -9.715834e-04     0 4.341199e-02 8.711214e+01 1.294997e+02 5.607423e-02 -1.770977e-04 
2.155000e+02 -2.246254e-02 1.184988e-01 -2.092884e+00 1.160905e+04 1.068895e+04 2.683786e+02  1000  5000 -8.982646e-04     0 4.343630e-02 8.688279e+01 1.295010e+02 5.605791e-02 -1.770413e-04 
2.156000e+02 -2.227960e-02 1.179929e-01 -2.093357e+00 1.160261e+04 1.067774e+04 2.691837e+02  1000  5000 -1.019348e-03     0 4.346022e-02 8.665190e+01 1.295023e+02 5.604184e-02 -1.814655e-04 
2.157000e+02 -2.207906e-02 1.174839e-01 -2.093827e+00 1.159617e+04 1.066653e+04 2.699824e+02  1000  5000 -1.018409e-03     0 4.348372e-02 8.641949e+01 1.295037e+02 5.602605e-02 -1.833540e-04 
2.158000e+02 -2.187082e-02 1.169717e-01 -2.094295e+00 1.158972e+04 1.065533e+04 2.707748e+02  1000  5000 -9.703058e-04     0 4.350682e-02 8.618558e+01 1.295050e+02 5.601052e-02 -1.811397e-04 
2.159000e+02 -2.167229e-02 1.164565e-01 -2.094759e+00 1.158326e+04 1.064413e+04 2.715607e+02  1000  5000 -9.053618e-04     0 4.352954e-02 8.595020e+01 1.295064e+02 5.599526e-02 -1.778355e-04 
  216 -2.149439e-02 1.159383e-01 -2.095216e+00 1.157680e+04 1.063294e+04 2.723402e+02  1000  5000 -8.368731e-04     0 4.355190e-02 8.571336e+01 1.295077e+02 5.598027e-02 -1.777314e-04 
2.161000e+02 -2.132866e-02 1.154173e-01 -2.095665e+00 1.157034e+04 1.062174e+04 2.731131e+02  1000  5000 -9.511113e-04     0 4.357388e-02 8.547507e+01 1.295091e+02 5.596554e-02 -1.818373e-04 
2.162000e+02 -2.114641e-02 1.148933e-01 -2.096110e+00 1.156387e+04 1.061055e+04 2.738795e+02  1000  5000 -9.505939e-04     0 4.359545e-02 8.523537e+01 1.295105e+02 5.595107e-02 -1.835586e-04 
2.163000e+02 -2.095688e-02 1.143664e-01 -2.096554e+00 1.155739e+04 1.059936e+04 2.746392e+02  1000  5000 -9.057278e-04     0 4.361661e-02 8.499427e+01 1.295119e+02 5.593687e-02 -1.814237e-04 
2.164000e+02 -2.077631e-02 1.138366e-01 -2.096995e+00 1.155091e+04 1.058817e+04 2.753923e+02  1000  5000 -8.450110e-04     0 4.363741e-02 8.475178e+01 1.295133e+02 5.592294e-02 -1.782669e-04 
2.165000e+02 -2.061486e-02 1.133041e-01 -2.097429e+00 1.154442e+04 1.057699e+04 2.761388e+02  1000  5000 -7.809217e-04     0 4.365784e-02 8.450794e+01 1.295147e+02 5.590928e-02 -1.781237e-04 
2.166000e+02 -2.046465e-02 1.127689e-01 -2.097856e+00 1.153793e+04 1.056580e+04 2.768785e+02  1000  5000 -8.888828e-04     0 4.367789e-02 8.426275e+01 1.295162e+02 5.589587e-02 -1.819433e-04 
2.167000e+02 -2.029893e-02 1.122310e-01 -2.098279e+00 1.153143e+04 1.055462e+04 2.776114e+02  1000  5000 -8.887351e-04     0 4.369753e-02 8.401624e+01 1.295176e+02 5.588272e-02 -1.835162e-04 
2.168000e+02 -2.012632e-02 1.116904e-01 -2.098701e+00 1.152493e+04 1.054345e+04 2.783376e+02  1000  5000 -8.468152e-04     0 4.371678e-02 8.376842e+01 1.295190e+02 5.586984e-02 -1.814584e-04 
2.169000e+02 -1.996197e-02 1.111471e-01 -2.099120e+00 1.151842e+04 1.053227e+04 2.790569e+02  1000  5000 -7.899509e-04     0 4.373566e-02 8.351932e+01 1.295205e+02 5.585723e-02 -1.784408e-04 
  217 -1.981537e-02 1.106013e-01 -2.099533e+00 1.151191e+04 1.052110e+04 2.797694e+02  1000  5000 -7.298727e-04     0 4.375417e-02 8.326896e+01 1.295220e+02 5.584487e-02 -1.782661e-04 
2.171000e+02 -1.967918e-02 1.100531e-01 -2.099939e+00 1.150539e+04 1.050993e+04 2.804749e+02  1000  5000 -8.320723e-04     0 4.377231e-02 8.301736e+01 1.295234e+02 5.583278e-02 -1.818280e-04 
2.172000e+02 -1.952839e-02 1.095023e-01 -2.100342e+00 1.149887e+04 1.049876e+04 2.811735e+02  1000  5000 -8.322491e-04     0 4.379005e-02 8.276453e+01 1.295249e+02 5.582094e-02 -1.832692e-04 
2.173000e+02 -1.937107e-02 1.089490e-01 -2.100744e+00 1.149234e+04 1.048759e+04 2.818651e+02  1000  5000 -7.930131e-04     0 4.380739e-02 8.251050e+01 1.295264e+02 5.580936e-02 -1.812859e-04 
2.174000e+02 -1.922139e-02 1.083933e-01 -2.101143e+00 1.148581e+04 1.047643e+04 2.825496e+02  1000  5000 -7.396637e-04     0 4.382437e-02 8.225528e+01 1.295279e+02 5.579805e-02 -1.783996e-04 
2.175000e+02 -1.908821e-02 1.078353e-01 -2.101536e+00 1.147927e+04 1.046527e+04 2.832272e+02  1000  5000 -6.832461e-04     0 4.384099e-02 8.199890e+01 1.295294e+02 5.578699e-02 -1.781999e-04 
2.176000e+02 -1.896466e-02 1.072750e-01 -2.101923e+00 1.147273e+04 1.045411e+04 2.838976e+02  1000  5000 -7.801531e-04     0 4.385724e-02 8.174138e+01 1.295309e+02 5.577618e-02 -1.815293e-04 
2.177000e+02 -1.882737e-02 1.067124e-01 -2.102308e+00 1.146618e+04 1.044295e+04 2.845610e+02  1000  5000 -7.806146e-04     0 4.387309e-02 8.148273e+01 1.295325e+02 5.576563e-02 -1.828536e-04 
2.178000e+02 -1.868389e-02 1.061475e-01 -2.102691e+00 1.145963e+04 1.043180e+04 2.852171e+02  1000  5000 -7.438263e-04     0 4.388855e-02 8.122298e+01 1.295340e+02 5.575534e-02 -1.809422e-04 
2.179000e+02 -1.854747e-02 1.055804e-01 -2.103072e+00 1.145308e+04 1.042064e+04 2.858661e+02  1000  5000 -6.936868e-04     0 4.390366e-02 8.096215e+01 1.295356e+02 5.574531e-02 -1.781797e-04 
  218 -1.842641e-02 1.050112e-01 -2.103448e+00 1.144652e+04 1.040949e+04 2.865079e+02  1000  5000 -6.406135e-04     0 4.391841e-02 8.070025e+01 1.295371e+02 5.573553e-02 -1.779602e-04 
2.181000e+02 -1.831428e-02 1.044399e-01 -2.103817e+00 1.143995e+04 1.039834e+04 2.871424e+02  1000  5000 -7.326545e-04     0 4.393279e-02 8.043731e+01 1.295387e+02 5.572600e-02 -1.810798e-04 
2.182000e+02 -1.818919e-02 1.038666e-01 -2.104185e+00 1.143338e+04 1.038719e+04 2.877697e+02  1000  5000 -7.333660e-04     0 4.394678e-02 8.017335e+01 1.295402e+02 5.571672e-02 -1.823001e-04 
2.183000e+02 -1.805823e-02 1.032912e-01 -2.104551e+00 1.142681e+04 1.037605e+04 2.883896e+02  1000  5000 -6.988123e-04     0 4.396039e-02 7.990838e+01 1.295418e+02 5.570770e-02 -1.804577e-04 
2.184000e+02 -1.793381e-02 1.027138e-01 -2.104915e+00 1.142023e+04 1.036491e+04 2.890022e+02  1000  5000 -6.516071e-04     0 4.397365e-02 7.964244e+01 1.295434e+02 5.569892e-02 -1.778115e-04 
2.185000e+02 -1.782371e-02 1.021345e-01 -2.105274e+00 1.141365e+04 1.035377e+04 2.896075e+02  1000  5000 -6.015922e-04     0 4.398655e-02 7.937553e+01 1.295450e+02 5.569040e-02 -1.775768e-04 
2.186000e+02 -1.772189e-02 1.015534e-01 -2.105628e+00 1.140706e+04 1.034263e+04 2.902053e+02  1000  5000 -6.891561e-04     0 4.399909e-02 7.910769e+01 1.295466e+02 5.568212e-02 -1.805066e-04 
2.187000e+02 -1.760784e-02 1.009704e-01 -2.105979e+00 1.140047e+04 1.033149e+04 2.907957e+02  1000  5000 -6.900873e-04     0 4.401125e-02 7.883892e+01 1.295482e+02 5.567409e-02 -1.816341e-04 
2.188000e+02 -1.748821e-02 1.003855e-01 -2.106330e+00 1.139388e+04 1.032035e+04 2.913787e+02  1000  5000 -6.575758e-04     0 4.402304e-02 7.856925e+01 1.295498e+02 5.566631e-02 -1.798576e-04 
2.189000e+02 -1.737464e-02 9.979893e-02 -2.106679e+00 1.138728e+04 1.030922e+04 2.919542e+02  1000  5000 -6.130558e-04     0 4.403447e-02 7.829871e+01 1.295515e+02 5.565878e-02 -1.773208e-04 
  219 -1.727443e-02 9.921064e-02 -2.107023e+00 1.138067e+04 1.029809e+04 2.925222e+02  1000  5000 -5.658407e-04     0 4.404555e-02 7.802730e+01 1.295531e+02 5.565149e-02 -1.770744e-04 
2.191000e+02 -1.718193e-02 9.862070e-02 -2.107362e+00 1.137407e+04 1.028696e+04 2.930827e+02  1000  5000 -6.492820e-04     0 4.405628e-02 7.775506e+01 1.295547e+02 5.564444e-02 -1.798322e-04 
2.192000e+02 -1.707786e-02 9.802912e-02 -2.107699e+00 1.136745e+04 1.027583e+04 2.936356e+02  1000  5000 -6.504067e-04     0 4.406664e-02 7.748200e+01 1.295564e+02 5.563763e-02 -1.808766e-04 
2.193000e+02 -1.696849e-02 9.743593e-02 -2.108035e+00 1.136084e+04 1.026471e+04 2.941809e+02  1000  5000 -6.197635e-04     0 4.407663e-02 7.720814e+01 1.295580e+02 5.563107e-02 -1.791628e-04 
2.194000e+02 -1.686474e-02 9.684119e-02 -2.108369e+00 1.135422e+04 1.025358e+04 2.947187e+02  1000  5000 -5.777032e-04     0 4.408627e-02 7.693350e+01 1.295597e+02 5.562475e-02 -1.767285e-04 
2.195000e+02 -1.677348e-02 9.624498e-02 -2.108700e+00 1.134759e+04 1.024246e+04 2.952488e+02  1000  5000 -5.330537e-04     0 4.409557e-02 7.665811e+01 1.295614e+02 5.561867e-02 -1.764732e-04 
2.196000e+02 -1.668939e-02 9.564734e-02 -2.109025e+00 1.134097e+04 1.023134e+04 2.957713e+02  1000  5000 -6.126962e-04     0 4.410451e-02 7.638199e+01 1.295630e+02 5.561283e-02 -1.790747e-04 
2.197000e+02 -1.659436e-02 9.504828e-02 -2.109348e+00 1.133433e+04 1.022022e+04 2.962861e+02  1000  5000 -6.139914e-04     0 4.411309e-02 7.610514e+01 1.295647e+02 5.560723e-02 -1.800446e-04 
2.198000e+02 -1.649426e-02 9.444783e-02 -2.109671e+00 1.132770e+04 1.020910e+04 2.967932e+02  1000  5000 -5.850594e-04     0 4.412131e-02 7.582761e+01 1.295664e+02 5.560186e-02 -1.783901e-04 
2.199000e+02 -1.639940e-02 9.384605e-02 -2.109993e+00 1.132106e+04 1.019799e+04 2.972926e+02  1000  5000 -5.452545e-04     0 4.412919e-02 7.554940e+01 1.295681e+02 5.559674e-02 -1.760515e-04 
  220 -1.631623e-02 9.324302e-02 -2.110310e+00 1.131442e+04 1.018688e+04 2.977843e+02  1000  5000 -5.029583e-04     0 4.413673e-02 7.527054e+01 1.295698e+02 5.559185e-02 -1.757895e-04 
2.201000e+02 -1.623975e-02 9.263878e-02 -2.110623e+00 1.130777e+04 1.017577e+04 2.982683e+02  1000  5000 -5.790978e-04     0 4.414392e-02 7.499105e+01 1.295715e+02 5.558719e-02 -1.782486e-04 
2.202000e+02 -1.615289e-02 9.203333e-02 -2.110934e+00 1.130112e+04 1.016466e+04 2.987444e+02  1000  5000 -5.805437e-04     0 4.415076e-02 7.471095e+01 1.295733e+02 5.558276e-02 -1.791512e-04 
2.203000e+02 -1.606120e-02 9.142672e-02 -2.111245e+00 1.129446e+04 1.015355e+04 2.992128e+02  1000  5000 -5.531805e-04     0 4.415724e-02 7.443025e+01 1.295750e+02 5.557857e-02 -1.775525e-04 
2.204000e+02 -1.597438e-02 9.081899e-02 -2.111554e+00 1.128780e+04 1.014244e+04 2.996734e+02  1000  5000 -5.154456e-04     0 4.416339e-02 7.414899e+01 1.295767e+02 5.557461e-02 -1.753032e-04 
2.205000e+02 -1.589852e-02 9.021023e-02 -2.111859e+00 1.128114e+04 1.013134e+04 3.001262e+02  1000  5000 -4.753104e-04     0 4.416920e-02 7.386717e+01 1.295785e+02 5.557089e-02 -1.750361e-04 
2.206000e+02 -1.582890e-02 8.960048e-02 -2.112161e+00 1.127448e+04 1.012023e+04 3.005711e+02  1000  5000 -5.482172e-04     0 4.417467e-02 7.358483e+01 1.295802e+02 5.556739e-02 -1.773650e-04 
2.207000e+02 -1.574944e-02 8.898974e-02 -2.112460e+00 1.126781e+04 1.010913e+04 3.010081e+02  1000  5000 -5.497963e-04     0 4.417979e-02 7.330198e+01 1.295820e+02 5.556411e-02 -1.782067e-04 
2.208000e+02 -1.566535e-02 8.837806e-02 -2.112760e+00 1.126113e+04 1.009803e+04 3.014373e+02  1000  5000 -5.238730e-04     0 4.418457e-02 7.301865e+01 1.295837e+02 5.556107e-02 -1.766602e-04 
2.209000e+02 -1.558581e-02 8.776549e-02 -2.113058e+00 1.125446e+04 1.008693e+04 3.018587e+02  1000  5000 -4.880400e-04     0 4.418901e-02 7.273484e+01 1.295855e+02 5.555826e-02 -1.744939e-04 
  221 -1.551656e-02 8.715209e-02 -2.113352e+00 1.124778e+04 1.007584e+04 3.022721e+02  1000  5000 -4.498910e-04     0 4.419313e-02 7.245059e+01 1.295873e+02 5.555567e-02 -1.742227e-04 
2.211000e+02 -1.545315e-02 8.653792e-02 -2.113643e+00 1.124109e+04 1.006474e+04 3.026776e+02  1000  5000 -5.198122e-04     0 4.419691e-02 7.216592e+01 1.295890e+02 5.555331e-02 -1.764323e-04 
2.212000e+02 -1.538037e-02 8.592299e-02 -2.113932e+00 1.123441e+04 1.005365e+04 3.030751e+02  1000  5000 -5.215094e-04     0 4.420034e-02 7.188084e+01 1.295908e+02 5.555117e-02 -1.772183e-04 
2.213000e+02 -1.530317e-02 8.530733e-02 -2.114221e+00 1.122771e+04 1.004256e+04 3.034648e+02  1000  5000 -4.969089e-04     0 4.420344e-02 7.159538e+01 1.295926e+02 5.554925e-02 -1.757205e-04 
2.214000e+02 -1.523022e-02 8.469100e-02 -2.114508e+00 1.122102e+04 1.003147e+04 3.038464e+02  1000  5000 -4.628251e-04     0 4.420621e-02 7.130955e+01 1.295944e+02 5.554756e-02 -1.736311e-04 
2.215000e+02 -1.516694e-02 8.407407e-02 -2.114793e+00 1.121432e+04 1.002038e+04 3.042202e+02  1000  5000 -4.265036e-04     0 4.420866e-02 7.102338e+01 1.295962e+02 5.554609e-02 -1.733564e-04 
2.216000e+02 -1.510913e-02 8.345658e-02 -2.115073e+00 1.120762e+04 1.000929e+04 3.045859e+02  1000  5000 -4.936651e-04     0 4.421078e-02 7.073689e+01 1.295980e+02 5.554484e-02 -1.754563e-04 
2.217000e+02 -1.504240e-02 8.283855e-02 -2.115353e+00 1.120092e+04 9.998209e+03 3.049437e+02  1000  5000 -4.954670e-04     0 4.421257e-02 7.045010e+01 1.295998e+02 5.554381e-02 -1.761912e-04 
2.218000e+02 -1.497144e-02 8.222000e-02 -2.115632e+00 1.119421e+04 9.987125e+03 3.052934e+02  1000  5000 -4.720831e-04     0 4.421402e-02 7.016303e+01 1.296016e+02 5.554299e-02 -1.747385e-04 
2.219000e+02 -1.490444e-02 8.160100e-02 -2.115910e+00 1.118750e+04 9.976043e+03 3.056352e+02  1000  5000 -4.396097e-04     0 4.421515e-02 6.987570e+01 1.296035e+02 5.554240e-02 -1.727201e-04 
  222 -1.484656e-02 8.098162e-02 -2.116185e+00 1.118078e+04 9.964963e+03 3.059689e+02  1000  5000 -4.049712e-04     0 4.421596e-02 6.958812e+01 1.296053e+02 5.554202e-02 -1.724423e-04 
2.221000e+02 -1.479381e-02 8.036189e-02 -2.116456e+00 1.117407e+04 9.953884e+03 3.062947e+02  1000  5000 -4.695795e-04     0 4.421646e-02 6.930033e+01 1.296071e+02 5.554186e-02 -1.744409e-04 
2.222000e+02 -1.473255e-02 7.974184e-02 -2.116727e+00 1.116734e+04 9.942806e+03 3.066124e+02  1000  5000 -4.714744e-04     0 4.421662e-02 6.901234e+01 1.296090e+02 5.554191e-02 -1.751286e-04 
2.223000e+02 -1.466723e-02 7.912150e-02 -2.116997e+00 1.116062e+04 9.931730e+03 3.069220e+02  1000  5000 -4.492107e-04     0 4.421645e-02 6.872417e+01 1.296108e+02 5.554217e-02 -1.737174e-04 
2.224000e+02 -1.460562e-02 7.850092e-02 -2.117266e+00 1.115389e+04 9.920656e+03 3.072237e+02  1000  5000 -4.182213e-04     0 4.421598e-02 6.843584e+01 1.296127e+02 5.554266e-02 -1.717645e-04 
2.225000e+02 -1.455261e-02 7.788017e-02 -2.117532e+00 1.114716e+04 9.909583e+03 3.075172e+02  1000  5000 -3.851344e-04     0 4.421519e-02 6.814738e+01 1.296145e+02 5.554335e-02 -1.714836e-04 
2.226000e+02 -1.450442e-02 7.725929e-02 -2.117795e+00 1.114043e+04 9.898511e+03 3.078028e+02  1000  5000 -4.473782e-04     0 4.421408e-02 6.785880e+01 1.296164e+02 5.554425e-02 -1.733883e-04 
2.227000e+02 -1.444811e-02 7.663830e-02 -2.118057e+00 1.113369e+04 9.887441e+03 3.080803e+02  1000  5000 -4.493555e-04     0 4.421265e-02 6.757012e+01 1.296183e+02 5.554536e-02 -1.740322e-04 
2.228000e+02 -1.438789e-02 7.601723e-02 -2.118319e+00 1.112695e+04 9.876373e+03 3.083497e+02  1000  5000 -4.281242e-04     0 4.421090e-02 6.728136e+01 1.296201e+02 5.554668e-02 -1.726591e-04 
2.229000e+02 -1.433116e-02 7.539615e-02 -2.118580e+00 1.112021e+04 9.865306e+03 3.086110e+02  1000  5000 -3.985038e-04     0 4.420885e-02 6.699255e+01 1.296220e+02 5.554821e-02 -1.707664e-04 
  223 -1.428255e-02 7.477510e-02 -2.118838e+00 1.111346e+04 9.854241e+03 3.088643e+02  1000  5000 -3.668489e-04     0 4.420648e-02 6.670370e+01 1.296239e+02 5.554995e-02 -1.704821e-04 
2.231000e+02 -1.423848e-02 7.415415e-02 -2.119093e+00 1.110671e+04 9.843177e+03 3.091095e+02  1000  5000 -4.269004e-04     0 4.420381e-02 6.641484e+01 1.296258e+02 5.555189e-02 -1.722996e-04 
2.232000e+02 -1.418663e-02 7.353329e-02 -2.119347e+00 1.109996e+04 9.832114e+03 3.093467e+02  1000  5000 -4.289507e-04     0 4.420082e-02 6.612598e+01 1.296277e+02 5.555404e-02 -1.729024e-04 
2.233000e+02 -1.413104e-02 7.291258e-02 -2.119601e+00 1.109321e+04 9.821053e+03 3.095757e+02  1000  5000 -4.086718e-04     0 4.419752e-02 6.583715e+01 1.296296e+02 5.555640e-02 -1.715641e-04 
2.234000e+02 -1.407871e-02 7.229205e-02 -2.119854e+00 1.108645e+04 9.809993e+03 3.097967e+02  1000  5000 -3.803156e-04     0 4.419392e-02 6.554836e+01 1.296315e+02 5.555896e-02 -1.697266e-04 
2.235000e+02 -1.403408e-02 7.167178e-02 -2.120105e+00 1.107969e+04 9.798935e+03 3.100096e+02  1000  5000 -3.499838e-04     0 4.419001e-02 6.525963e+01 1.296334e+02 5.556172e-02 -1.694387e-04 
2.236000e+02 -1.399371e-02 7.105181e-02 -2.120353e+00 1.107292e+04 9.787878e+03 3.102145e+02  1000  5000 -4.080000e-04     0 4.418581e-02 6.497099e+01 1.296353e+02 5.556468e-02 -1.711747e-04 
2.237000e+02 -1.394590e-02 7.043215e-02 -2.120599e+00 1.106615e+04 9.776823e+03 3.104113e+02  1000  5000 -4.101149e-04     0 4.418129e-02 6.468245e+01 1.296372e+02 5.556785e-02 -1.717389e-04 
2.238000e+02 -1.389449e-02 6.981285e-02 -2.120846e+00 1.105938e+04 9.765769e+03 3.106000e+02  1000  5000 -3.907155e-04     0 4.417647e-02 6.439404e+01 1.296391e+02 5.557121e-02 -1.704323e-04 
2.239000e+02 -1.384614e-02 6.919395e-02 -2.121092e+00 1.105261e+04 9.754716e+03 3.107806e+02  1000  5000 -3.635282e-04     0 4.417135e-02 6.410578e+01 1.296410e+02 5.557478e-02 -1.686453e-04 
  224 -1.380509e-02 6.857551e-02 -2.121336e+00 1.104583e+04 9.743665e+03 3.109532e+02  1000  5000 -3.344200e-04     0 4.416593e-02 6.381767e+01 1.296430e+02 5.557854e-02 -1.683533e-04 
2.241000e+02 -1.376806e-02 6.795757e-02 -2.121577e+00 1.103906e+04 9.732616e+03 3.111177e+02  1000  5000 -3.905441e-04     0 4.416023e-02 6.352975e+01 1.296449e+02 5.558250e-02 -1.700132e-04 
2.242000e+02 -1.372391e-02 6.734017e-02 -2.121817e+00 1.103227e+04 9.721567e+03 3.112742e+02  1000  5000 -3.927157e-04     0 4.415421e-02 6.324204e+01 1.296468e+02 5.558665e-02 -1.705410e-04 
2.243000e+02 -1.367627e-02 6.672332e-02 -2.122057e+00 1.102549e+04 9.710520e+03 3.114226e+02  1000  5000 -3.741296e-04     0 4.414790e-02 6.295455e+01 1.296488e+02 5.559101e-02 -1.692631e-04 
2.244000e+02 -1.363152e-02 6.610708e-02 -2.122296e+00 1.101870e+04 9.699475e+03 3.115629e+02  1000  5000 -3.480240e-04     0 4.414129e-02 6.266730e+01 1.296507e+02 5.559556e-02 -1.675221e-04 
2.245000e+02 -1.359369e-02 6.549152e-02 -2.122533e+00 1.101191e+04 9.688431e+03 3.116952e+02  1000  5000 -3.200489e-04     0 4.413440e-02 6.238031e+01 1.296526e+02 5.560030e-02 -1.672256e-04 
2.246000e+02 -1.355968e-02 6.487666e-02 -2.122768e+00 1.100512e+04 9.677388e+03 3.118195e+02  1000  5000 -3.744110e-04     0 4.412722e-02 6.209361e+01 1.296546e+02 5.560523e-02 -1.688140e-04 
2.247000e+02 -1.351882e-02 6.426254e-02 -2.123001e+00 1.099832e+04 9.666347e+03 3.119357e+02  1000  5000 -3.766322e-04     0 4.411974e-02 6.180720e+01 1.296565e+02 5.561036e-02 -1.693072e-04 
2.248000e+02 -1.347459e-02 6.364919e-02 -2.123235e+00 1.099152e+04 9.655307e+03 3.120440e+02  1000  5000 -3.587987e-04     0 4.411197e-02 6.152112e+01 1.296585e+02 5.561568e-02 -1.680553e-04 
2.249000e+02 -1.343310e-02 6.303665e-02 -2.123468e+00 1.098472e+04 9.644268e+03 3.121442e+02  1000  5000 -3.336956e-04     0 4.410391e-02 6.123538e+01 1.296605e+02 5.562119e-02 -1.663565e-04 
  225 -1.339818e-02 6.242499e-02 -2.123699e+00 1.097792e+04 9.633231e+03 3.122364e+02  1000  5000 -3.067711e-04     0 4.409558e-02 6.095000e+01 1.296624e+02 5.562688e-02 -1.660550e-04 
2.251000e+02 -1.336687e-02 6.181424e-02 -2.123928e+00 1.097111e+04 9.622196e+03 3.123206e+02  1000  5000 -3.594895e-04     0 4.408695e-02 6.066500e+01 1.296644e+02 5.563277e-02 -1.675761e-04 
2.252000e+02 -1.332898e-02 6.120443e-02 -2.124156e+00 1.096430e+04 9.611161e+03 3.123968e+02  1000  5000 -3.617535e-04     0 4.407804e-02 6.038039e+01 1.296664e+02 5.563884e-02 -1.680365e-04 
2.253000e+02 -1.328784e-02 6.059559e-02 -2.124384e+00 1.095749e+04 9.600128e+03 3.124650e+02  1000  5000 -3.446173e-04     0 4.406884e-02 6.009620e+01 1.296683e+02 5.564510e-02 -1.668080e-04 
2.254000e+02 -1.324928e-02 5.998777e-02 -2.124611e+00 1.095068e+04 9.589096e+03 3.125252e+02  1000  5000 -3.204445e-04     0 4.405937e-02 5.981245e+01 1.296703e+02 5.565155e-02 -1.651477e-04 
2.255000e+02 -1.321698e-02 5.938102e-02 -2.124836e+00 1.094386e+04 9.578066e+03 3.125775e+02  1000  5000 -2.944953e-04     0 4.404961e-02 5.952915e+01 1.296723e+02 5.565819e-02 -1.648408e-04 
2.256000e+02 -1.318811e-02 5.877539e-02 -2.125059e+00 1.093704e+04 9.567037e+03 3.126219e+02  1000  5000 -3.456772e-04     0 4.403958e-02 5.924633e+01 1.296743e+02 5.566500e-02 -1.662985e-04 
2.257000e+02 -1.315290e-02 5.817089e-02 -2.125281e+00 1.093022e+04 9.556009e+03 3.126583e+02  1000  5000 -3.479776e-04     0 4.402927e-02 5.896400e+01 1.296763e+02 5.567200e-02 -1.667275e-04 
2.258000e+02 -1.311454e-02 5.756757e-02 -2.125504e+00 1.092339e+04 9.544983e+03 3.126868e+02  1000  5000 -3.314885e-04     0 4.401867e-02 5.868218e+01 1.296783e+02 5.567919e-02 -1.655202e-04 
2.259000e+02 -1.307863e-02 5.696546e-02 -2.125726e+00 1.091656e+04 9.533958e+03 3.127074e+02  1000  5000 -3.081799e-04     0 4.400781e-02 5.840089e+01 1.296802e+02 5.568655e-02 -1.638951e-04 
  226 -1.304869e-02 5.636462e-02 -2.125946e+00 1.090973e+04 9.522934e+03 3.127200e+02  1000  5000 -2.831376e-04     0 4.399667e-02 5.812015e+01 1.296822e+02 5.569410e-02 -1.635825e-04 
2.261000e+02 -1.302201e-02 5.576510e-02 -2.126163e+00 1.090290e+04 9.511912e+03 3.127248e+02  1000  5000 -3.328799e-04     0 4.398526e-02 5.783998e+01 1.296842e+02 5.570182e-02 -1.649803e-04 
2.262000e+02 -1.298922e-02 5.516691e-02 -2.126380e+00 1.089607e+04 9.500891e+03 3.127218e+02  1000  5000 -3.352108e-04     0 4.397358e-02 5.756039e+01 1.296862e+02 5.570973e-02 -1.653795e-04 
2.263000e+02 -1.295338e-02 5.457009e-02 -2.126598e+00 1.088923e+04 9.489872e+03 3.127108e+02  1000  5000 -3.193227e-04     0 4.396162e-02 5.728141e+01 1.296882e+02 5.571781e-02 -1.641913e-04 
2.264000e+02 -1.291987e-02 5.397468e-02 -2.126814e+00 1.088239e+04 9.478853e+03 3.126921e+02  1000  5000 -2.968185e-04     0 4.394940e-02 5.700305e+01 1.296903e+02 5.572608e-02 -1.625985e-04 
2.265000e+02 -1.289205e-02 5.338074e-02 -2.127029e+00 1.087555e+04 9.467836e+03 3.126655e+02  1000  5000 -2.726205e-04     0 4.393691e-02 5.672533e+01 1.296923e+02 5.573451e-02 -1.622798e-04 
2.266000e+02 -1.286733e-02 5.278830e-02 -2.127242e+00 1.086870e+04 9.456821e+03 3.126311e+02  1000  5000 -3.210111e-04     0 4.392416e-02 5.644826e+01 1.296943e+02 5.574313e-02 -1.636210e-04 
2.267000e+02 -1.283672e-02 5.219738e-02 -2.127454e+00 1.086185e+04 9.445806e+03 3.125889e+02  1000  5000 -3.233667e-04     0 4.391114e-02 5.617188e+01 1.296963e+02 5.575191e-02 -1.639917e-04 
2.268000e+02 -1.280316e-02 5.160803e-02 -2.127666e+00 1.085500e+04 9.434794e+03 3.125390e+02  1000  5000 -3.080377e-04     0 4.389785e-02 5.589619e+01 1.296983e+02 5.576088e-02 -1.628210e-04 
2.269000e+02 -1.277180e-02 5.102028e-02 -2.127878e+00 1.084815e+04 9.423782e+03 3.124813e+02  1000  5000 -2.862831e-04     0 4.388430e-02 5.562121e+01 1.297003e+02 5.577001e-02 -1.612578e-04 
  227 -1.274589e-02 5.043418e-02 -2.128088e+00 1.084129e+04 9.412771e+03 3.124159e+02  1000  5000 -2.628727e-04     0 4.387049e-02 5.534697e+01 1.297023e+02 5.577932e-02 -1.609329e-04 
2.271000e+02 -1.272294e-02 4.984978e-02 -2.128296e+00 1.083444e+04 9.401762e+03 3.123427e+02  1000  5000 -3.099906e-04     0 4.385643e-02 5.507347e+01 1.297044e+02 5.578880e-02 -1.622205e-04 
2.272000e+02 -1.269429e-02 4.926709e-02 -2.128504e+00 1.082758e+04 9.390755e+03 3.122619e+02  1000  5000 -3.123655e-04     0 4.384210e-02 5.480074e+01 1.297064e+02 5.579845e-02 -1.625640e-04 
2.273000e+02 -1.266280e-02 4.868615e-02 -2.128712e+00 1.082071e+04 9.379748e+03 3.121734e+02  1000  5000 -2.975573e-04     0 4.382751e-02 5.452879e+01 1.297084e+02 5.580827e-02 -1.614093e-04 
2.274000e+02 -1.263339e-02 4.810700e-02 -2.128919e+00 1.081385e+04 9.368743e+03 3.120772e+02  1000  5000 -2.765026e-04     0 4.381267e-02 5.425764e+01 1.297104e+02 5.581826e-02 -1.598736e-04 
2.275000e+02 -1.260920e-02 4.752968e-02 -2.129125e+00 1.080698e+04 9.357739e+03 3.119734e+02  1000  5000 -2.538281e-04     0 4.379758e-02 5.398732e+01 1.297125e+02 5.582842e-02 -1.595423e-04 
2.276000e+02 -1.258782e-02 4.695425e-02 -2.129328e+00 1.080011e+04 9.346737e+03 3.118620e+02  1000  5000 -2.997445e-04     0 4.378223e-02 5.371782e+01 1.297145e+02 5.583875e-02 -1.607792e-04 
2.277000e+02 -1.256096e-02 4.638071e-02 -2.129532e+00 1.079324e+04 9.335736e+03 3.117430e+02  1000  5000 -3.021335e-04     0 4.376663e-02 5.344918e+01 1.297165e+02 5.584924e-02 -1.610968e-04 
2.278000e+02 -1.253132e-02 4.580911e-02 -2.129735e+00 1.078637e+04 9.324736e+03 3.116164e+02  1000  5000 -2.878113e-04     0 4.375078e-02 5.318142e+01 1.297186e+02 5.585990e-02 -1.599568e-04 
2.279000e+02 -1.250367e-02 4.523947e-02 -2.129938e+00 1.077949e+04 9.313737e+03 3.114823e+02  1000  5000 -2.674113e-04     0 4.373467e-02 5.291453e+01 1.297206e+02 5.587072e-02 -1.584466e-04 
  228 -1.248103e-02 4.467186e-02 -2.130140e+00 1.077261e+04 9.302740e+03 3.113407e+02  1000  5000 -2.454257e-04     0 4.371833e-02 5.264856e+01 1.297226e+02 5.588171e-02 -1.581090e-04 
2.281000e+02 -1.246107e-02 4.410630e-02 -2.130339e+00 1.076573e+04 9.291744e+03 3.111916e+02  1000  5000 -2.902047e-04     0 4.370173e-02 5.238350e+01 1.297247e+02 5.589285e-02 -1.592978e-04 
2.282000e+02 -1.243581e-02 4.354282e-02 -2.130538e+00 1.075885e+04 9.280749e+03 3.110350e+02  1000  5000 -2.926028e-04     0 4.368489e-02 5.211938e+01 1.297267e+02 5.590417e-02 -1.595909e-04 
2.283000e+02 -1.240786e-02 4.298145e-02 -2.130737e+00 1.075196e+04 9.269756e+03 3.108709e+02  1000  5000 -2.787349e-04     0 4.366780e-02 5.185621e+01 1.297287e+02 5.591564e-02 -1.584645e-04 
2.284000e+02 -1.238180e-02 4.242223e-02 -2.130936e+00 1.074508e+04 9.258763e+03 3.106995e+02  1000  5000 -2.589484e-04     0 4.365047e-02 5.159402e+01 1.297308e+02 5.592727e-02 -1.569782e-04 
2.285000e+02 -1.236055e-02 4.186520e-02 -2.131134e+00 1.073819e+04 9.247773e+03 3.105206e+02  1000  5000 -2.376092e-04     0 4.363290e-02 5.133281e+01 1.297328e+02 5.593907e-02 -1.566346e-04 
2.286000e+02 -1.234186e-02 4.131041e-02 -2.131329e+00 1.073129e+04 9.236783e+03 3.103344e+02  1000  5000 -2.813082e-04     0 4.361510e-02 5.107261e+01 1.297349e+02 5.595102e-02 -1.577779e-04 
2.287000e+02 -1.231805e-02 4.075786e-02 -2.131524e+00 1.072440e+04 9.225795e+03 3.101408e+02  1000  5000 -2.837106e-04     0 4.359704e-02 5.081343e+01 1.297369e+02 5.596313e-02 -1.580476e-04 
2.288000e+02 -1.229162e-02 4.020760e-02 -2.131720e+00 1.071750e+04 9.214808e+03 3.099399e+02  1000  5000 -2.702682e-04     0 4.357875e-02 5.055528e+01 1.297390e+02 5.597540e-02 -1.569341e-04 
2.289000e+02 -1.226701e-02 3.965966e-02 -2.131915e+00 1.071060e+04 9.203822e+03 3.097318e+02  1000  5000 -2.510581e-04     0 4.356023e-02 5.029819e+01 1.297410e+02 5.598783e-02 -1.554703e-04 
  229 -1.224701e-02 3.911408e-02 -2.132108e+00 1.070370e+04 9.192837e+03 3.095163e+02  1000  5000 -2.303264e-04     0 4.354147e-02 5.004216e+01 1.297431e+02 5.600041e-02 -1.551209e-04 
2.291000e+02 -1.222947e-02 3.857091e-02 -2.132300e+00 1.069680e+04 9.181854e+03 3.092937e+02  1000  5000 -2.729971e-04     0 4.352248e-02 4.978722e+01 1.297451e+02 5.601314e-02 -1.562210e-04 
2.292000e+02 -1.220696e-02 3.803015e-02 -2.132492e+00 1.068989e+04 9.170872e+03 3.090638e+02  1000  5000 -2.753993e-04     0 4.350326e-02 4.953337e+01 1.297472e+02 5.602603e-02 -1.564687e-04 
2.293000e+02 -1.218192e-02 3.749184e-02 -2.132683e+00 1.068299e+04 9.159892e+03 3.088268e+02  1000  5000 -2.623561e-04     0 4.348380e-02 4.928065e+01 1.297492e+02 5.603908e-02 -1.553676e-04 
2.294000e+02 -1.215861e-02 3.695603e-02 -2.132875e+00 1.067608e+04 9.148912e+03 3.085826e+02  1000  5000 -2.436885e-04     0 4.346411e-02 4.902905e+01 1.297513e+02 5.605227e-02 -1.539252e-04 
2.295000e+02 -1.213974e-02 3.642274e-02 -2.133065e+00 1.066916e+04 9.137934e+03 3.083313e+02  1000  5000 -2.235293e-04     0 4.344420e-02 4.877860e+01 1.297533e+02 5.606562e-02 -1.535703e-04 
2.296000e+02 -1.212323e-02 3.589201e-02 -2.133253e+00 1.066225e+04 9.126957e+03 3.080729e+02  1000  5000 -2.652180e-04     0 4.342406e-02 4.852931e+01 1.297554e+02 5.607911e-02 -1.546295e-04 
2.297000e+02 -1.210191e-02 3.536387e-02 -2.133441e+00 1.065533e+04 9.115981e+03 3.078075e+02  1000  5000 -2.676158e-04     0 4.340370e-02 4.828120e+01 1.297574e+02 5.609276e-02 -1.548564e-04 
2.298000e+02 -1.207813e-02 3.483835e-02 -2.133629e+00 1.064842e+04 9.105007e+03 3.075351e+02  1000  5000 -2.549479e-04     0 4.338310e-02 4.803428e+01 1.297595e+02 5.610656e-02 -1.537672e-04 
2.299000e+02 -1.205600e-02 3.431547e-02 -2.133817e+00 1.064150e+04 9.094034e+03 3.072557e+02  1000  5000 -2.367922e-04     0 4.336229e-02 4.778857e+01 1.297615e+02 5.612050e-02 -1.523454e-04 
  230 -1.203815e-02 3.379528e-02 -2.134003e+00 1.063457e+04 9.083062e+03 3.069693e+02  1000  5000 -2.171738e-04     0 4.334126e-02 4.754408e+01 1.297636e+02 5.613459e-02 -1.519855e-04 
2.301000e+02 -1.202257e-02 3.327781e-02 -2.134188e+00 1.062765e+04 9.072092e+03 3.066760e+02  1000  5000 -2.579219e-04     0 4.332000e-02 4.730082e+01 1.297656e+02 5.614883e-02 -1.530060e-04 
2.302000e+02 -1.200232e-02 3.276308e-02 -2.134372e+00 1.062072e+04 9.061122e+03 3.063759e+02  1000  5000 -2.603112e-04     0 4.329853e-02 4.705882e+01 1.297677e+02 5.616321e-02 -1.532134e-04 
2.303000e+02 -1.197969e-02 3.225112e-02 -2.134557e+00 1.061379e+04 9.050154e+03 3.060688e+02  1000  5000 -2.479972e-04     0 4.327684e-02 4.681808e+01 1.297697e+02 5.617774e-02 -1.521358e-04 
2.304000e+02 -1.195864e-02 3.174196e-02 -2.134741e+00 1.060686e+04 9.039187e+03 3.057550e+02  1000  5000 -2.303257e-04     0 4.325493e-02 4.657862e+01 1.297718e+02 5.619241e-02 -1.507340e-04 
2.305000e+02 -1.194170e-02 3.123565e-02 -2.134924e+00 1.059993e+04 9.028222e+03 3.054344e+02  1000  5000 -2.112193e-04     0 4.323281e-02 4.634046e+01 1.297738e+02 5.620723e-02 -1.503696e-04 
2.306000e+02 -1.192696e-02 3.073221e-02 -2.135106e+00 1.059300e+04 9.017257e+03 3.051070e+02  1000  5000 -2.510639e-04     0 4.321048e-02 4.610360e+01 1.297759e+02 5.622218e-02 -1.513534e-04 
2.307000e+02 -1.190769e-02 3.023167e-02 -2.135287e+00 1.058606e+04 9.006294e+03 3.047729e+02  1000  5000 -2.534410e-04     0 4.318794e-02 4.586807e+01 1.297779e+02 5.623728e-02 -1.515426e-04 
2.308000e+02 -1.188610e-02 2.973404e-02 -2.135468e+00 1.057912e+04 8.995332e+03 3.044321e+02  1000  5000 -2.414613e-04     0 4.316518e-02 4.563387e+01 1.297800e+02 5.625252e-02 -1.504765e-04 
2.309000e+02 -1.186603e-02 2.923936e-02 -2.135650e+00 1.057218e+04 8.984372e+03 3.040847e+02  1000  5000 -2.242488e-04     0 4.314221e-02 4.540103e+01 1.297820e+02 5.626789e-02 -1.490942e-04 
  231 -1.184994e-02 2.874768e-02 -2.135830e+00 1.056524e+04 8.973412e+03 3.037307e+02  1000  5000 -2.056286e-04     0 4.311905e-02 4.516955e+01 1.297841e+02 5.628341e-02 -1.487258e-04 
2.311000e+02 -1.183594e-02 2.825901e-02 -2.136008e+00 1.055829e+04 8.962454e+03 3.033701e+02  1000  5000 -2.446030e-04     0 4.309567e-02 4.493944e+01 1.297861e+02 5.629906e-02 -1.496749e-04 
2.312000e+02 -1.181757e-02 2.777338e-02 -2.136186e+00 1.055135e+04 8.951497e+03 3.030030e+02  1000  5000 -2.469645e-04     0 4.307209e-02 4.471073e+01 1.297882e+02 5.631485e-02 -1.498472e-04 
2.313000e+02 -1.179694e-02 2.729082e-02 -2.136364e+00 1.054440e+04 8.940541e+03 3.026294e+02  1000  5000 -2.353013e-04     0 4.304830e-02 4.448342e+01 1.297902e+02 5.633078e-02 -1.487927e-04 
2.314000e+02 -1.177777e-02 2.681135e-02 -2.136542e+00 1.053745e+04 8.929587e+03 3.022494e+02  1000  5000 -2.185253e-04     0 4.302432e-02 4.425753e+01 1.297923e+02 5.634684e-02 -1.474294e-04 
2.315000e+02 -1.176243e-02 2.633501e-02 -2.136719e+00 1.053049e+04 8.918634e+03 3.018629e+02  1000  5000 -2.003677e-04     0 4.300013e-02 4.403307e+01 1.297943e+02 5.636304e-02 -1.470578e-04 
2.316000e+02 -1.174912e-02 2.586183e-02 -2.136894e+00 1.052354e+04 8.907682e+03 3.014700e+02  1000  5000 -2.385020e-04     0 4.297575e-02 4.381006e+01 1.297964e+02 5.637936e-02 -1.479741e-04 
2.317000e+02 -1.173156e-02 2.539183e-02 -2.137069e+00 1.051658e+04 8.896731e+03 3.010708e+02  1000  5000 -2.408446e-04     0 4.295117e-02 4.358850e+01 1.297984e+02 5.639582e-02 -1.481305e-04 
2.318000e+02 -1.171181e-02 2.492503e-02 -2.137244e+00 1.050962e+04 8.885781e+03 3.006654e+02  1000  5000 -2.294820e-04     0 4.292639e-02 4.336841e+01 1.298005e+02 5.641242e-02 -1.470877e-04 
2.319000e+02 -1.169346e-02 2.446146e-02 -2.137419e+00 1.050266e+04 8.874833e+03 3.002536e+02  1000  5000 -2.131220e-04     0 4.290142e-02 4.314980e+01 1.298025e+02 5.642914e-02 -1.457434e-04 
  232 -1.167882e-02 2.400115e-02 -2.137593e+00 1.049570e+04 8.863886e+03 2.998357e+02  1000  5000 -1.954058e-04     0 4.287626e-02 4.293269e+01 1.298046e+02 5.644599e-02 -1.453692e-04 
2.321000e+02 -1.166612e-02 2.354414e-02 -2.137765e+00 1.048874e+04 8.852940e+03 2.994115e+02  1000  5000 -2.327269e-04     0 4.285090e-02 4.271708e+01 1.298066e+02 5.646297e-02 -1.462544e-04 
2.322000e+02 -1.164931e-02 2.309043e-02 -2.137938e+00 1.048177e+04 8.841995e+03 2.989812e+02  1000  5000 -2.350478e-04     0 4.282536e-02 4.250299e+01 1.298086e+02 5.648008e-02 -1.463963e-04 
2.323000e+02 -1.163037e-02 2.264006e-02 -2.138110e+00 1.047480e+04 8.831051e+03 2.985449e+02  1000  5000 -2.239713e-04     0 4.279962e-02 4.229044e+01 1.298107e+02 5.649731e-02 -1.453653e-04 
2.324000e+02 -1.161279e-02 2.219305e-02 -2.138282e+00 1.046783e+04 8.820109e+03 2.981025e+02  1000  5000 -2.080087e-04     0 4.277370e-02 4.207942e+01 1.298127e+02 5.651468e-02 -1.440399e-04 
2.325000e+02 -1.159878e-02 2.174943e-02 -2.138453e+00 1.046086e+04 8.809168e+03 2.976540e+02  1000  5000 -1.907149e-04     0 4.274760e-02 4.186996e+01 1.298147e+02 5.653216e-02 -1.436637e-04 
2.326000e+02 -1.158665e-02 2.130923e-02 -2.138622e+00 1.045389e+04 8.798228e+03 2.971996e+02  1000  5000 -2.272472e-04     0 4.272132e-02 4.166207e+01 1.298168e+02 5.654977e-02 -1.445196e-04 
2.327000e+02 -1.157053e-02 2.087246e-02 -2.138792e+00 1.044691e+04 8.787289e+03 2.967393e+02  1000  5000 -2.295438e-04     0 4.269485e-02 4.145576e+01 1.298188e+02 5.656750e-02 -1.446480e-04 
2.328000e+02 -1.155234e-02 2.043915e-02 -2.138961e+00 1.043993e+04 8.776352e+03 2.962731e+02  1000  5000 -2.187402e-04     0 4.266820e-02 4.125103e+01 1.298208e+02 5.658536e-02 -1.436292e-04 
2.329000e+02 -1.153546e-02 2.000932e-02 -2.139130e+00 1.043295e+04 8.765415e+03 2.958010e+02  1000  5000 -2.031584e-04     0 4.264137e-02 4.104791e+01 1.298229e+02 5.660334e-02 -1.423226e-04 
  233 -1.152203e-02 1.958301e-02 -2.139298e+00 1.042597e+04 8.754480e+03 2.953232e+02  1000  5000 -1.862696e-04     0 4.261436e-02 4.084640e+01 1.298249e+02 5.662143e-02 -1.419451e-04 
2.331000e+02 -1.151041e-02 1.916024e-02 -2.139465e+00 1.041899e+04 8.743546e+03 2.948396e+02  1000  5000 -2.220353e-04     0 4.258719e-02 4.064651e+01 1.298269e+02 5.663965e-02 -1.427733e-04 
2.332000e+02 -1.149493e-02 1.874101e-02 -2.139632e+00 1.041201e+04 8.732613e+03 2.943503e+02  1000  5000 -2.243052e-04     0 4.255983e-02 4.044825e+01 1.298289e+02 5.665798e-02 -1.428894e-04 
2.333000e+02 -1.147744e-02 1.832536e-02 -2.139798e+00 1.040502e+04 8.721682e+03 2.938553e+02  1000  5000 -2.137628e-04     0 4.253230e-02 4.025164e+01 1.298310e+02 5.667643e-02 -1.418830e-04 
2.334000e+02 -1.146121e-02 1.791331e-02 -2.139965e+00 1.039803e+04 8.710751e+03 2.933548e+02  1000  5000 -1.985466e-04     0 4.250460e-02 4.005669e+01 1.298330e+02 5.669500e-02 -1.405954e-04 
2.335000e+02 -1.144832e-02 1.750489e-02 -2.140130e+00 1.039104e+04 8.699822e+03 2.928486e+02  1000  5000 -1.820472e-04     0 4.247674e-02 3.986340e+01 1.298350e+02 5.671368e-02 -1.402173e-04 
2.336000e+02 -1.143718e-02 1.710012e-02 -2.140294e+00 1.038405e+04 8.688894e+03 2.923369e+02  1000  5000 -2.170665e-04     0 4.244870e-02 3.967179e+01 1.298370e+02 5.673248e-02 -1.410193e-04 
2.337000e+02 -1.142229e-02 1.669901e-02 -2.140458e+00 1.037705e+04 8.677967e+03 2.918198e+02  1000  5000 -2.193076e-04     0 4.242050e-02 3.948186e+01 1.298390e+02 5.675139e-02 -1.411241e-04 
2.338000e+02 -1.140546e-02 1.630159e-02 -2.140622e+00 1.037006e+04 8.667041e+03 2.912972e+02  1000  5000 -2.090157e-04     0 4.239214e-02 3.929363e+01 1.298410e+02 5.677041e-02 -1.401304e-04 
2.339000e+02 -1.138984e-02 1.590787e-02 -2.140786e+00 1.036306e+04 8.656117e+03 2.907692e+02  1000  5000 -1.941514e-04     0 4.236361e-02 3.910711e+01 1.298430e+02 5.678954e-02 -1.388619e-04 
  234 -1.137744e-02 1.551789e-02 -2.140949e+00 1.035606e+04 8.645193e+03 2.902359e+02  1000  5000 -1.780272e-04     0 4.233492e-02 3.892231e+01 1.298450e+02 5.680878e-02 -1.384839e-04 
2.341000e+02 -1.136674e-02 1.513166e-02 -2.141110e+00 1.034906e+04 8.634271e+03 2.896973e+02  1000  5000 -2.123186e-04     0 4.230608e-02 3.873923e+01 1.298470e+02 5.682814e-02 -1.392612e-04 
2.342000e+02 -1.135241e-02 1.474920e-02 -2.141271e+00 1.034206e+04 8.623350e+03 2.891534e+02  1000  5000 -2.145293e-04     0 4.227707e-02 3.855788e+01 1.298490e+02 5.684760e-02 -1.393557e-04 
2.343000e+02 -1.133618e-02 1.437053e-02 -2.141433e+00 1.033505e+04 8.612430e+03 2.886043e+02  1000  5000 -2.044781e-04     0 4.224791e-02 3.837828e+01 1.298510e+02 5.686716e-02 -1.383751e-04 
2.344000e+02 -1.132113e-02 1.399567e-02 -2.141594e+00 1.032805e+04 8.601511e+03 2.880501e+02  1000  5000 -1.899532e-04     0 4.221859e-02 3.820044e+01 1.298530e+02 5.688684e-02 -1.371258e-04 
2.345000e+02 -1.130920e-02 1.362464e-02 -2.141754e+00 1.032104e+04 8.590593e+03 2.874908e+02  1000  5000 -1.741913e-04     0 4.218913e-02 3.802435e+01 1.298550e+02 5.690662e-02 -1.367486e-04 
2.346000e+02 -1.129891e-02 1.325746e-02 -2.141913e+00 1.031403e+04 8.579677e+03 2.869264e+02  1000  5000 -2.077721e-04     0 4.215951e-02 3.785004e+01 1.298570e+02 5.692650e-02 -1.375025e-04 
2.347000e+02 -1.128509e-02 1.289415e-02 -2.142072e+00 1.030702e+04 8.568761e+03 2.863571e+02  1000  5000 -2.099507e-04     0 4.212975e-02 3.767752e+01 1.298590e+02 5.694648e-02 -1.375877e-04 
2.348000e+02 -1.126945e-02 1.253472e-02 -2.142231e+00 1.030000e+04 8.557847e+03 2.857827e+02  1000  5000 -2.001316e-04     0 4.209983e-02 3.750678e+01 1.298610e+02 5.696657e-02 -1.366205e-04 
2.349000e+02 -1.125493e-02 1.217919e-02 -2.142390e+00 1.029299e+04 8.546934e+03 2.852035e+02  1000  5000 -1.859348e-04     0 4.206977e-02 3.733784e+01 1.298630e+02 5.698675e-02 -1.353906e-04 
  235 -1.124343e-02 1.182759e-02 -2.142547e+00 1.028597e+04 8.536022e+03 2.846194e+02  1000  5000 -1.705235e-04     0 4.203957e-02 3.717071e+01 1.298649e+02 5.700704e-02 -1.350148e-04 
2.351000e+02 -1.123353e-02 1.147993e-02 -2.142704e+00 1.027895e+04 8.525111e+03 2.840305e+02  1000  5000 -2.034094e-04     0 4.200922e-02 3.700539e+01 1.298669e+02 5.702743e-02 -1.357465e-04 
2.352000e+02 -1.122020e-02 1.113622e-02 -2.142860e+00 1.027193e+04 8.514201e+03 2.834368e+02  1000  5000 -2.055548e-04     0 4.197874e-02 3.684189e+01 1.298689e+02 5.704791e-02 -1.358234e-04 
2.353000e+02 -1.120510e-02 1.079649e-02 -2.143017e+00 1.026491e+04 8.503293e+03 2.828384e+02  1000  5000 -1.959597e-04     0 4.194811e-02 3.668023e+01 1.298709e+02 5.706849e-02 -1.348700e-04 
2.354000e+02 -1.119109e-02 1.046074e-02 -2.143173e+00 1.025789e+04 8.492385e+03 2.822354e+02  1000  5000 -1.820807e-04     0 4.191735e-02 3.652041e+01 1.298728e+02 5.708916e-02 -1.336596e-04 
2.355000e+02 -1.118000e-02 1.012901e-02 -2.143328e+00 1.025086e+04 8.481479e+03 2.816278e+02  1000  5000 -1.670093e-04     0 4.188646e-02 3.636243e+01 1.298748e+02 5.710993e-02 -1.332859e-04 
2.356000e+02 -1.117045e-02 9.801297e-03 -2.143482e+00 1.024384e+04 8.470574e+03 2.810156e+02  1000  5000 -1.992153e-04     0 4.185544e-02 3.620631e+01 1.298767e+02 5.713079e-02 -1.339966e-04 
2.357000e+02 -1.115759e-02 9.477623e-03 -2.143636e+00 1.023681e+04 8.459669e+03 2.803989e+02  1000  5000 -2.013264e-04     0 4.182428e-02 3.605205e+01 1.298787e+02 5.715174e-02 -1.340660e-04 
2.358000e+02 -1.114300e-02 9.157999e-03 -2.143790e+00 1.022978e+04 8.448766e+03 2.797777e+02  1000  5000 -1.919480e-04     0 4.179299e-02 3.589966e+01 1.298806e+02 5.717278e-02 -1.331267e-04 
2.359000e+02 -1.112947e-02 8.842441e-03 -2.143944e+00 1.022275e+04 8.437864e+03 2.791521e+02  1000  5000 -1.783774e-04     0 4.176157e-02 3.574915e+01 1.298826e+02 5.719391e-02 -1.319360e-04 
  236 -1.111878e-02 8.530970e-03 -2.144097e+00 1.021571e+04 8.426963e+03 2.785222e+02  1000  5000 -1.636360e-04     0 4.173003e-02 3.560052e+01 1.298845e+02 5.721513e-02 -1.315649e-04 
2.361000e+02 -1.110957e-02 8.223602e-03 -2.144249e+00 1.020868e+04 8.416064e+03 2.778880e+02  1000  5000 -1.951763e-04     0 4.169837e-02 3.545378e+01 1.298865e+02 5.723643e-02 -1.322559e-04 
2.362000e+02 -1.109714e-02 7.920344e-03 -2.144400e+00 1.020164e+04 8.405165e+03 2.772495e+02  1000  5000 -1.972522e-04     0 4.166658e-02 3.530893e+01 1.298884e+02 5.725783e-02 -1.323186e-04 
2.363000e+02 -1.108305e-02 7.621206e-03 -2.144552e+00 1.019460e+04 8.394267e+03 2.766069e+02  1000  5000 -1.880840e-04     0 4.163468e-02 3.516599e+01 1.298903e+02 5.727930e-02 -1.313936e-04 
2.364000e+02 -1.106998e-02 7.326207e-03 -2.144703e+00 1.018756e+04 8.383371e+03 2.759601e+02  1000  5000 -1.748129e-04     0 4.160265e-02 3.502496e+01 1.298922e+02 5.730086e-02 -1.302229e-04 
2.365000e+02 -1.105965e-02 7.035363e-03 -2.144854e+00 1.018052e+04 8.372475e+03 2.753092e+02  1000  5000 -1.603927e-04     0 4.157051e-02 3.488585e+01 1.298942e+02 5.732250e-02 -1.298549e-04 
2.366000e+02 -1.105076e-02 6.748690e-03 -2.145003e+00 1.017348e+04 8.361581e+03 2.746543e+02  1000  5000 -1.912804e-04     0 4.153826e-02 3.474866e+01 1.298961e+02 5.734423e-02 -1.305270e-04 
2.367000e+02 -1.103876e-02 6.466192e-03 -2.145153e+00 1.016643e+04 8.350688e+03 2.739954e+02  1000  5000 -1.933207e-04     0 4.150590e-02 3.461340e+01 1.298980e+02 5.736603e-02 -1.305838e-04 
2.368000e+02 -1.102514e-02 6.187880e-03 -2.145302e+00 1.015939e+04 8.339795e+03 2.733325e+02  1000  5000 -1.843565e-04     0 4.147342e-02 3.448007e+01 1.298999e+02 5.738791e-02 -1.296735e-04 
2.369000e+02 -1.101251e-02 5.913768e-03 -2.145451e+00 1.015234e+04 8.328904e+03 2.726658e+02  1000  5000 -1.713770e-04     0 4.144084e-02 3.434868e+01 1.299018e+02 5.740987e-02 -1.285228e-04 
  237 -1.100254e-02 5.643874e-03 -2.145600e+00 1.014529e+04 8.318014e+03 2.719953e+02  1000  5000 -1.572695e-04     0 4.140815e-02 3.421924e+01 1.299037e+02 5.743190e-02 -1.281585e-04 
2.371000e+02 -1.099395e-02 5.378210e-03 -2.145747e+00 1.013824e+04 8.307125e+03 2.713209e+02  1000  5000 -1.875176e-04     0 4.137536e-02 3.409175e+01 1.299056e+02 5.745401e-02 -1.288129e-04 
2.372000e+02 -1.098236e-02 5.116780e-03 -2.145894e+00 1.013118e+04 8.296237e+03 2.706429e+02  1000  5000 -1.895218e-04     0 4.134246e-02 3.396621e+01 1.299075e+02 5.747619e-02 -1.288644e-04 
2.373000e+02 -1.096919e-02 4.859592e-03 -2.146041e+00 1.012413e+04 8.285350e+03 2.699612e+02  1000  5000 -1.807560e-04     0 4.130946e-02 3.384264e+01 1.299094e+02 5.749844e-02 -1.279690e-04 
2.374000e+02 -1.095698e-02 4.606660e-03 -2.146188e+00 1.011707e+04 8.274464e+03 2.692759e+02  1000  5000 -1.680607e-04     0 4.127637e-02 3.372103e+01 1.299113e+02 5.752077e-02 -1.268385e-04 
2.375000e+02 -1.094734e-02 4.357998e-03 -2.146334e+00 1.011001e+04 8.263579e+03 2.685871e+02  1000  5000 -1.542580e-04     0 4.124318e-02 3.360140e+01 1.299131e+02 5.754316e-02 -1.264783e-04 
2.376000e+02 -1.093905e-02 4.113618e-03 -2.146479e+00 1.010295e+04 8.252695e+03 2.678947e+02  1000  5000 -1.838789e-04     0 4.120989e-02 3.348373e+01 1.299150e+02 5.756563e-02 -1.271157e-04 
2.377000e+02 -1.092784e-02 3.873522e-03 -2.146624e+00 1.009589e+04 8.241812e+03 2.671989e+02  1000  5000 -1.858467e-04     0 4.117651e-02 3.336805e+01 1.299169e+02 5.758815e-02 -1.271627e-04 
2.378000e+02 -1.091511e-02 3.637718e-03 -2.146769e+00 1.008883e+04 8.230930e+03 2.664997e+02  1000  5000 -1.772741e-04     0 4.114305e-02 3.325436e+01 1.299187e+02 5.761075e-02 -1.262824e-04 
2.379000e+02 -1.090331e-02 3.406217e-03 -2.146914e+00 1.008176e+04 8.220050e+03 2.657972e+02  1000  5000 -1.648560e-04     0 4.110949e-02 3.314265e+01 1.299206e+02 5.763341e-02 -1.251722e-04 
  238 -1.089400e-02 3.179031e-03 -2.147058e+00 1.007470e+04 8.209170e+03 2.650914e+02  1000  5000 -1.513510e-04     0 4.107585e-02 3.303294e+01 1.299225e+02 5.765613e-02 -1.248165e-04 
2.381000e+02 -1.088599e-02 2.956171e-03 -2.147200e+00 1.006763e+04 8.198291e+03 2.643824e+02  1000  5000 -1.803565e-04     0 4.104213e-02 3.292522e+01 1.299243e+02 5.767891e-02 -1.254379e-04 
2.382000e+02 -1.087515e-02 2.737638e-03 -2.147343e+00 1.006056e+04 8.187413e+03 2.636702e+02  1000  5000 -1.822879e-04     0 4.100832e-02 3.281951e+01 1.299261e+02 5.770176e-02 -1.254808e-04 
2.383000e+02 -1.086284e-02 2.523437e-03 -2.147486e+00 1.005349e+04 8.176536e+03 2.629549e+02  1000  5000 -1.739038e-04     0 4.097443e-02 3.271580e+01 1.299280e+02 5.772466e-02 -1.246159e-04 
2.384000e+02 -1.085143e-02 2.313578e-03 -2.147629e+00 1.004642e+04 8.165661e+03 2.622365e+02  1000  5000 -1.617562e-04     0 4.094047e-02 3.261409e+01 1.299298e+02 5.774762e-02 -1.235259e-04 
2.385000e+02 -1.084243e-02 2.108073e-03 -2.147771e+00 1.003935e+04 8.154786e+03 2.615151e+02  1000  5000 -1.485421e-04     0 4.090643e-02 3.251440e+01 1.299316e+02 5.777063e-02 -1.231752e-04 
2.386000e+02 -1.083470e-02 1.906929e-03 -2.147911e+00 1.003227e+04 8.143912e+03 2.607908e+02  1000  5000 -1.769440e-04     0 4.087232e-02 3.241672e+01 1.299334e+02 5.779370e-02 -1.237813e-04 
2.387000e+02 -1.082423e-02 1.710146e-03 -2.148052e+00 1.002519e+04 8.133039e+03 2.600636e+02  1000  5000 -1.788391e-04     0 4.083814e-02 3.232107e+01 1.299353e+02 5.781683e-02 -1.238208e-04 
2.388000e+02 -1.081233e-02 1.517728e-03 -2.148193e+00 1.001811e+04 8.122167e+03 2.593335e+02  1000  5000 -1.706388e-04     0 4.080388e-02 3.222743e+01 1.299371e+02 5.784000e-02 -1.229713e-04 
2.389000e+02 -1.080130e-02 1.329684e-03 -2.148333e+00 1.001103e+04 8.111297e+03 2.586007e+02  1000  5000 -1.587556e-04     0 4.076957e-02 3.213581e+01 1.299389e+02 5.786323e-02 -1.219017e-04 
  239 -1.079260e-02 1.146023e-03 -2.148473e+00 1.000395e+04 8.100427e+03 2.578652e+02  1000  5000 -1.458258e-04     0 4.073518e-02 3.204622e+01 1.299407e+02 5.788650e-02 -1.215563e-04 
2.391000e+02 -1.078513e-02 9.667514e-04 -2.148612e+00 9.996870e+03 8.089558e+03 2.571270e+02  1000  5000 -1.736356e-04     0 4.070074e-02 3.195866e+01 1.299425e+02 5.790982e-02 -1.221478e-04 
2.392000e+02 -1.077501e-02 7.918671e-04 -2.148750e+00 9.989785e+03 8.078690e+03 2.563861e+02  1000  5000 -1.754946e-04     0 4.066623e-02 3.187313e+01 1.299442e+02 5.793319e-02 -1.221843e-04 
2.393000e+02 -1.076350e-02 6.213730e-04 -2.148889e+00 9.982699e+03 8.067823e+03 2.556428e+02  1000  5000 -1.674739e-04     0 4.063167e-02 3.178963e+01 1.299460e+02 5.795660e-02 -1.213503e-04 
2.394000e+02 -1.075284e-02 4.552759e-04 -2.149028e+00 9.975612e+03 8.056957e+03 2.548969e+02  1000  5000 -1.558492e-04     0 4.059705e-02 3.170817e+01 1.299478e+02 5.798006e-02 -1.203011e-04 
2.395000e+02 -1.074444e-02 2.935835e-04 -2.149165e+00 9.968522e+03 8.046092e+03 2.541486e+02  1000  5000 -1.431976e-04     0 4.056238e-02 3.162875e+01 1.299496e+02 5.800356e-02 -1.199612e-04 
2.396000e+02 -1.073722e-02 1.363002e-04 -2.149302e+00 9.961432e+03 8.035228e+03 2.533979e+02  1000  5000 -1.704265e-04     0 4.052765e-02 3.155136e+01 1.299513e+02 5.802710e-02 -1.205388e-04 
2.397000e+02 -1.072744e-02 -1.657703e-05 -2.149439e+00 9.954339e+03 8.024364e+03 2.526448e+02  1000  5000 -1.722497e-04     0 4.049288e-02 3.147602e+01 1.299531e+02 5.805067e-02 -1.205728e-04 
2.398000e+02 -1.071632e-02 -1.650470e-04 -2.149575e+00 9.947246e+03 8.013502e+03 2.518895e+02  1000  5000 -1.644046e-04     0 4.045806e-02 3.140271e+01 1.299548e+02 5.807429e-02 -1.197544e-04 
2.399000e+02 -1.070601e-02 -3.091045e-04 -2.149712e+00 9.940150e+03 8.002641e+03 2.511320e+02  1000  5000 -1.530329e-04     0 4.042319e-02 3.133145e+01 1.299566e+02 5.809794e-02 -1.187256e-04 
  240 -1.069790e-02 -4.487437e-04 -2.149848e+00 9.933054e+03 7.991780e+03 2.503723e+02  1000  5000 -1.406535e-04     0 4.038829e-02 3.126223e+01 1.299583e+02 5.812162e-02 -1.183915e-04 
2.401000e+02 -1.069093e-02 -5.839619e-04 -2.149982e+00 9.925955e+03 7.980921e+03 2.496106e+02  1000  5000 -1.673126e-04     0 4.035334e-02 3.119506e+01 1.299600e+02 5.814534e-02 -1.189558e-04 
2.402000e+02 -1.068148e-02 -7.147632e-04 -2.150117e+00 9.918856e+03 7.970062e+03 2.488468e+02  1000  5000 -1.691004e-04     0 4.031836e-02 3.112994e+01 1.299618e+02 5.816909e-02 -1.189876e-04 
2.403000e+02 -1.067073e-02 -8.411482e-04 -2.150252e+00 9.911754e+03 7.959205e+03 2.480810e+02  1000  5000 -1.614271e-04     0 4.028334e-02 3.106686e+01 1.299635e+02 5.819287e-02 -1.181849e-04 
2.404000e+02 -1.066078e-02 -9.631133e-04 -2.150386e+00 9.904652e+03 7.948348e+03 2.473132e+02  1000  5000 -1.503029e-04     0 4.024828e-02 3.100583e+01 1.299652e+02 5.821667e-02 -1.171764e-04 
2.405000e+02 -1.065294e-02 -1.080654e-03 -2.150520e+00 9.897547e+03 7.937492e+03 2.465436e+02  1000  5000 -1.381901e-04     0 4.021320e-02 3.094685e+01 1.299669e+02 5.824051e-02 -1.168482e-04 
2.406000e+02 -1.064622e-02 -1.193770e-03 -2.150653e+00 9.890442e+03 7.926637e+03 2.457722e+02  1000  5000 -1.642905e-04     0 4.017809e-02 3.088991e+01 1.299686e+02 5.826436e-02 -1.173999e-04 
2.407000e+02 -1.063709e-02 -1.302466e-03 -2.150786e+00 9.883334e+03 7.915783e+03 2.449990e+02  1000  5000 -1.660434e-04     0 4.014295e-02 3.083503e+01 1.299703e+02 5.828824e-02 -1.174299e-04 
2.408000e+02 -1.062670e-02 -1.406745e-03 -2.150919e+00 9.876226e+03 7.904930e+03 2.442241e+02  1000  5000 -1.585381e-04     0 4.010779e-02 3.078219e+01 1.299719e+02 5.831215e-02 -1.166428e-04 
2.409000e+02 -1.061708e-02 -1.506604e-03 -2.151051e+00 9.869115e+03 7.894078e+03 2.434476e+02  1000  5000 -1.476562e-04     0 4.007260e-02 3.073140e+01 1.299736e+02 5.833607e-02 -1.156545e-04 
  241 -1.060952e-02 -1.602041e-03 -2.151183e+00 9.862004e+03 7.883226e+03 2.426695e+02  1000  5000 -1.358045e-04     0 4.003740e-02 3.068266e+01 1.299753e+02 5.836002e-02 -1.153324e-04 
2.411000e+02 -1.060303e-02 -1.693057e-03 -2.151314e+00 9.854891e+03 7.872376e+03 2.418898e+02  1000  5000 -1.613570e-04     0 4.000218e-02 3.063597e+01 1.299769e+02 5.838398e-02 -1.158719e-04 
2.412000e+02 -1.059421e-02 -1.779658e-03 -2.151445e+00 9.847776e+03 7.861526e+03 2.411087e+02  1000  5000 -1.630756e-04     0 3.996695e-02 3.059133e+01 1.299786e+02 5.840795e-02 -1.159004e-04 
2.413000e+02 -1.058418e-02 -1.861848e-03 -2.151576e+00 9.840660e+03 7.850678e+03 2.403262e+02  1000  5000 -1.557349e-04     0 3.993170e-02 3.054873e+01 1.299802e+02 5.843194e-02 -1.151290e-04 
2.414000e+02 -1.057489e-02 -1.939627e-03 -2.151707e+00 9.833542e+03 7.839830e+03 2.395423e+02  1000  5000 -1.450903e-04     0 3.989644e-02 3.050818e+01 1.299819e+02 5.845594e-02 -1.141607e-04 
2.415000e+02 -1.056759e-02 -2.012993e-03 -2.151837e+00 9.826423e+03 7.828983e+03 2.387571e+02  1000  5000 -1.334944e-04     0 3.986118e-02 3.046967e+01 1.299835e+02 5.847996e-02 -1.138449e-04 
2.416000e+02 -1.056134e-02 -2.081950e-03 -2.151966e+00 9.819303e+03 7.818137e+03 2.379707e+02  1000  5000 -1.585098e-04     0 3.982592e-02 3.043321e+01 1.299851e+02 5.850398e-02 -1.143727e-04 
2.417000e+02 -1.055283e-02 -2.146505e-03 -2.152095e+00 9.812181e+03 7.807291e+03 2.371830e+02  1000  5000 -1.601948e-04     0 3.979064e-02 3.039878e+01 1.299867e+02 5.852801e-02 -1.144000e-04 
2.418000e+02 -1.054314e-02 -2.206663e-03 -2.152224e+00 9.805057e+03 7.796447e+03 2.363943e+02  1000  5000 -1.530151e-04     0 3.975537e-02 3.036640e+01 1.299884e+02 5.855205e-02 -1.136441e-04 
2.419000e+02 -1.053417e-02 -2.262426e-03 -2.152354e+00 9.797932e+03 7.785603e+03 2.356044e+02  1000  5000 -1.426029e-04     0 3.972010e-02 3.033606e+01 1.299900e+02 5.857609e-02 -1.126956e-04 
  242 -1.052713e-02 -2.313795e-03 -2.152482e+00 9.790806e+03 7.774760e+03 2.348136e+02  1000  5000 -1.312576e-04     0 3.968484e-02 3.030776e+01 1.299915e+02 5.860013e-02 -1.123863e-04 
2.421000e+02 -1.052110e-02 -2.360772e-03 -2.152609e+00 9.783678e+03 7.763918e+03 2.340218e+02  1000  5000 -1.557467e-04     0 3.964959e-02 3.028149e+01 1.299931e+02 5.862418e-02 -1.129028e-04 
2.422000e+02 -1.051288e-02 -2.403369e-03 -2.152736e+00 9.776549e+03 7.753077e+03 2.332291e+02  1000  5000 -1.573986e-04     0 3.961434e-02 3.025726e+01 1.299947e+02 5.864822e-02 -1.129291e-04 
2.423000e+02 -1.050353e-02 -2.441591e-03 -2.152864e+00 9.769419e+03 7.742237e+03 2.324355e+02  1000  5000 -1.503767e-04     0 3.957910e-02 3.023506e+01 1.299963e+02 5.867226e-02 -1.121887e-04 
2.424000e+02 -1.049488e-02 -2.475441e-03 -2.152991e+00 9.762286e+03 7.731397e+03 2.316412e+02  1000  5000 -1.401921e-04     0 3.954388e-02 3.021489e+01 1.299978e+02 5.869630e-02 -1.112599e-04 
2.425000e+02 -1.048808e-02 -2.504921e-03 -2.153118e+00 9.755153e+03 7.720559e+03 2.308461e+02  1000  5000 -1.290923e-04     0 3.950868e-02 3.019675e+01 1.299994e+02 5.872033e-02 -1.109570e-04 
2.426000e+02 -1.048227e-02 -2.530038e-03 -2.153243e+00 9.748018e+03 7.709721e+03 2.300503e+02  1000  5000 -1.530657e-04     0 3.947350e-02 3.018063e+01 1.300009e+02 5.874436e-02 -1.114627e-04 
2.427000e+02 -1.047435e-02 -2.550802e-03 -2.153369e+00 9.740882e+03 7.698884e+03 2.292540e+02  1000  5000 -1.546853e-04     0 3.943833e-02 3.016653e+01 1.300025e+02 5.876837e-02 -1.114882e-04 
2.428000e+02 -1.046532e-02 -2.567220e-03 -2.153494e+00 9.733744e+03 7.688048e+03 2.284570e+02  1000  5000 -1.478180e-04     0 3.940319e-02 3.015446e+01 1.300040e+02 5.879238e-02 -1.107631e-04 
2.429000e+02 -1.045697e-02 -2.579298e-03 -2.153620e+00 9.726604e+03 7.677212e+03 2.276596e+02  1000  5000 -1.378563e-04     0 3.936808e-02 3.014440e+01 1.300055e+02 5.881637e-02 -1.098537e-04 
  243 -1.045043e-02 -2.587039e-03 -2.153745e+00 9.719464e+03 7.666377e+03 2.268617e+02  1000  5000 -1.269970e-04     0 3.933300e-02 3.013635e+01 1.300070e+02 5.884035e-02 -1.095573e-04 
2.431000e+02 -1.044483e-02 -2.590451e-03 -2.153869e+00 9.712322e+03 7.655544e+03 2.260634e+02  1000  5000 -1.504652e-04     0 3.929795e-02 3.013032e+01 1.300085e+02 5.886432e-02 -1.100525e-04 
2.432000e+02 -1.043719e-02 -2.589545e-03 -2.153993e+00 9.705178e+03 7.644710e+03 2.252648e+02  1000  5000 -1.520533e-04     0 3.926293e-02 3.012629e+01 1.300100e+02 5.888826e-02 -1.100774e-04 
2.433000e+02 -1.042848e-02 -2.584331e-03 -2.154117e+00 9.698033e+03 7.633878e+03 2.244659e+02  1000  5000 -1.453374e-04     0 3.922795e-02 3.012426e+01 1.300115e+02 5.891219e-02 -1.093675e-04 
2.434000e+02 -1.042042e-02 -2.574815e-03 -2.154240e+00 9.690887e+03 7.623047e+03 2.236668e+02  1000  5000 -1.355940e-04     0 3.919301e-02 3.012424e+01 1.300130e+02 5.893610e-02 -1.084773e-04 
2.435000e+02 -1.041412e-02 -2.561002e-03 -2.154364e+00 9.683739e+03 7.612216e+03 2.228675e+02  1000  5000 -1.249703e-04     0 3.915811e-02 3.012621e+01 1.300145e+02 5.895998e-02 -1.081874e-04 
2.436000e+02 -1.040873e-02 -2.542901e-03 -2.154486e+00 9.676590e+03 7.601386e+03 2.220681e+02  1000  5000 -1.479439e-04     0 3.912325e-02 3.013018e+01 1.300159e+02 5.898385e-02 -1.086725e-04 
2.437000e+02 -1.040136e-02 -2.520526e-03 -2.154608e+00 9.669439e+03 7.590557e+03 2.212686e+02  1000  5000 -1.495012e-04     0 3.908844e-02 3.013613e+01 1.300174e+02 5.900768e-02 -1.086969e-04 
2.438000e+02 -1.039296e-02 -2.493887e-03 -2.154730e+00 9.662287e+03 7.579728e+03 2.204692e+02  1000  5000 -1.429335e-04     0 3.905368e-02 3.014407e+01 1.300188e+02 5.903149e-02 -1.080020e-04 
2.439000e+02 -1.038520e-02 -2.462992e-03 -2.154853e+00 9.655134e+03 7.568900e+03 2.196698e+02  1000  5000 -1.334040e-04     0 3.901897e-02 3.015398e+01 1.300202e+02 5.905527e-02 -1.071307e-04 
  244 -1.037912e-02 -2.427847e-03 -2.154974e+00 9.647979e+03 7.558073e+03 2.188705e+02  1000  5000 -1.230111e-04     0 3.898431e-02 3.016588e+01 1.300217e+02 5.907901e-02 -1.068473e-04 
2.441000e+02 -1.037394e-02 -2.388464e-03 -2.155095e+00 9.640823e+03 7.547247e+03 2.180713e+02  1000  5000 -1.455002e-04     0 3.894971e-02 3.017974e+01 1.300231e+02 5.910273e-02 -1.073226e-04 
2.442000e+02 -1.036684e-02 -2.344855e-03 -2.155215e+00 9.633665e+03 7.536422e+03 2.172724e+02  1000  5000 -1.470275e-04     0 3.891517e-02 3.019558e+01 1.300245e+02 5.912641e-02 -1.073467e-04 
2.443000e+02 -1.035874e-02 -2.297035e-03 -2.155336e+00 9.626506e+03 7.525597e+03 2.164738e+02  1000  5000 -1.406051e-04     0 3.888069e-02 3.021337e+01 1.300259e+02 5.915005e-02 -1.066665e-04 
2.444000e+02 -1.035126e-02 -2.245011e-03 -2.155457e+00 9.619345e+03 7.514773e+03 2.156755e+02  1000  5000 -1.312849e-04     0 3.884627e-02 3.023312e+01 1.300273e+02 5.917366e-02 -1.058139e-04 
2.445000e+02 -1.034541e-02 -2.188793e-03 -2.155577e+00 9.612184e+03 7.503949e+03 2.148776e+02  1000  5000 -1.211181e-04     0 3.881193e-02 3.025483e+01 1.300287e+02 5.919723e-02 -1.055369e-04 
2.446000e+02 -1.034043e-02 -2.128392e-03 -2.155696e+00 9.605020e+03 7.493127e+03 2.140802e+02  1000  5000 -1.431330e-04     0 3.877764e-02 3.027848e+01 1.300300e+02 5.922075e-02 -1.060027e-04 
2.447000e+02 -1.033358e-02 -2.063823e-03 -2.155815e+00 9.597856e+03 7.482305e+03 2.132832e+02  1000  5000 -1.446311e-04     0 3.874343e-02 3.030407e+01 1.300314e+02 5.924423e-02 -1.060265e-04 
2.448000e+02 -1.032578e-02 -1.995100e-03 -2.155934e+00 9.590690e+03 7.471484e+03 2.124868e+02  1000  5000 -1.383510e-04     0 3.870930e-02 3.033160e+01 1.300327e+02 5.926767e-02 -1.053610e-04 
2.449000e+02 -1.031857e-02 -1.922235e-03 -2.156053e+00 9.583522e+03 7.460663e+03 2.116910e+02  1000  5000 -1.292357e-04     0 3.867523e-02 3.036106e+01 1.300341e+02 5.929106e-02 -1.045267e-04 
  245 -1.031294e-02 -1.845236e-03 -2.156171e+00 9.576354e+03 7.449844e+03 2.108958e+02  1000  5000 -1.192903e-04     0 3.864125e-02 3.039244e+01 1.300354e+02 5.931440e-02 -1.042561e-04 
2.451000e+02 -1.030815e-02 -1.764116e-03 -2.156289e+00 9.569183e+03 7.439025e+03 2.101014e+02  1000  5000 -1.408412e-04     0 3.860735e-02 3.042575e+01 1.300367e+02 5.933770e-02 -1.047126e-04 
2.452000e+02 -1.030156e-02 -1.678894e-03 -2.156406e+00 9.562012e+03 7.428206e+03 2.093078e+02  1000  5000 -1.423107e-04     0 3.857353e-02 3.046097e+01 1.300380e+02 5.936094e-02 -1.047363e-04 
2.453000e+02 -1.029404e-02 -1.589583e-03 -2.156524e+00 9.554839e+03 7.417389e+03 2.085149e+02  1000  5000 -1.361699e-04     0 3.853980e-02 3.049809e+01 1.300393e+02 5.938412e-02 -1.040851e-04 
2.454000e+02 -1.028709e-02 -1.496195e-03 -2.156642e+00 9.547665e+03 7.406572e+03 2.077230e+02  1000  5000 -1.272554e-04     0 3.850616e-02 3.053712e+01 1.300406e+02 5.940726e-02 -1.032689e-04 
2.455000e+02 -1.028168e-02 -1.398743e-03 -2.156758e+00 9.540489e+03 7.395755e+03 2.069319e+02  1000  5000 -1.175268e-04     0 3.847261e-02 3.057804e+01 1.300419e+02 5.943033e-02 -1.030046e-04 
2.456000e+02 -1.027708e-02 -1.297240e-03 -2.156874e+00 9.533312e+03 7.384940e+03 2.061419e+02  1000  5000 -1.386234e-04     0 3.843915e-02 3.062085e+01 1.300432e+02 5.945335e-02 -1.034522e-04 
2.457000e+02 -1.027074e-02 -1.191704e-03 -2.156990e+00 9.526134e+03 7.374125e+03 2.053529e+02  1000  5000 -1.400652e-04     0 3.840578e-02 3.066555e+01 1.300445e+02 5.947631e-02 -1.034758e-04 
2.458000e+02 -1.026349e-02 -1.082152e-03 -2.157107e+00 9.518954e+03 7.363311e+03 2.045650e+02  1000  5000 -1.340608e-04     0 3.837252e-02 3.071212e+01 1.300457e+02 5.949920e-02 -1.028387e-04 
2.459000e+02 -1.025681e-02 -9.685973e-04 -2.157223e+00 9.511773e+03 7.352497e+03 2.037782e+02  1000  5000 -1.253427e-04     0 3.833935e-02 3.076055e+01 1.300470e+02 5.952203e-02 -1.020402e-04 
  246 -1.025161e-02 -8.510524e-04 -2.157338e+00 9.504590e+03 7.341684e+03 2.029926e+02  1000  5000 -1.158264e-04     0 3.830629e-02 3.081085e+01 1.300482e+02 5.954479e-02 -1.017822e-04 
2.461000e+02 -1.024719e-02 -7.295326e-04 -2.157453e+00 9.497406e+03 7.330872e+03 2.022083e+02  1000  5000 -1.364786e-04     0 3.827334e-02 3.086301e+01 1.300494e+02 5.956749e-02 -1.022209e-04 
2.462000e+02 -1.024108e-02 -6.040577e-04 -2.157567e+00 9.490221e+03 7.320060e+03 2.014253e+02  1000  5000 -1.378933e-04     0 3.824049e-02 3.091701e+01 1.300506e+02 5.959012e-02 -1.022445e-04 
2.463000e+02 -1.023411e-02 -4.746449e-04 -2.157682e+00 9.483035e+03 7.309249e+03 2.006436e+02  1000  5000 -1.320225e-04     0 3.820775e-02 3.097286e+01 1.300518e+02 5.961268e-02 -1.016213e-04 
2.464000e+02 -1.022767e-02 -3.413091e-04 -2.157796e+00 9.475847e+03 7.298439e+03 1.998634e+02  1000  5000 -1.234966e-04     0 3.817513e-02 3.103053e+01 1.300530e+02 5.963516e-02 -1.008402e-04 
2.465000e+02 -1.022267e-02 -2.040645e-04 -2.157910e+00 9.468658e+03 7.287630e+03 1.990846e+02  1000  5000 -1.141882e-04     0 3.814262e-02 3.109004e+01 1.300542e+02 5.965757e-02 -1.005883e-04 
2.466000e+02 -1.021843e-02 -6.292758e-05 -2.158024e+00 9.461467e+03 7.276821e+03 1.983073e+02  1000  5000 -1.344055e-04     0 3.811023e-02 3.115136e+01 1.300554e+02 5.967991e-02 -1.010186e-04 
2.467000e+02 -1.021256e-02 8.208088e-05 -2.158137e+00 9.454275e+03 7.266012e+03 1.975315e+02  1000  5000 -1.357938e-04     0 3.807796e-02 3.121449e+01 1.300565e+02 5.970217e-02 -1.010422e-04 
2.468000e+02 -1.020584e-02 2.309424e-04 -2.158250e+00 9.447082e+03 7.255205e+03 1.967574e+02  1000  5000 -1.300537e-04     0 3.804581e-02 3.127943e+01 1.300577e+02 5.972434e-02 -1.004326e-04 
2.469000e+02 -1.019964e-02 3.836409e-04 -2.158363e+00 9.439887e+03 7.244398e+03 1.959849e+02  1000  5000 -1.217160e-04     0 3.801378e-02 3.134616e+01 1.300588e+02 5.974644e-02 -9.966863e-05 
  247 -1.019484e-02 5.401607e-04 -2.158476e+00 9.432691e+03 7.233591e+03 1.952142e+02  1000  5000 -1.126111e-04     0 3.798189e-02 3.141468e+01 1.300600e+02 5.976845e-02 -9.942280e-05 
2.471000e+02 -1.019078e-02 7.004842e-04 -2.158588e+00 9.425494e+03 7.222786e+03 1.944452e+02  1000  5000 -1.324028e-04     0 3.795012e-02 3.148498e+01 1.300611e+02 5.979038e-02 -9.984471e-05 
2.472000e+02 -1.018513e-02 8.645895e-04 -2.158699e+00 9.418295e+03 7.211980e+03 1.936781e+02  1000  5000 -1.337654e-04     0 3.791849e-02 3.155705e+01 1.300622e+02 5.981223e-02 -9.986835e-05 
2.473000e+02 -1.017867e-02 1.032457e-03 -2.158811e+00 9.411095e+03 7.201176e+03 1.929128e+02  1000  5000 -1.281533e-04     0 3.788699e-02 3.163088e+01 1.300633e+02 5.983398e-02 -9.927215e-05 
2.474000e+02 -1.017270e-02 1.204069e-03 -2.158923e+00 9.403894e+03 7.190372e+03 1.921494e+02  1000  5000 -1.199997e-04     0 3.785563e-02 3.170647e+01 1.300644e+02 5.985565e-02 -9.852498e-05 
2.475000e+02 -1.016810e-02 1.379410e-03 -2.159034e+00 9.396691e+03 7.179569e+03 1.913880e+02  1000  5000 -1.110939e-04     0 3.782440e-02 3.178380e+01 1.300655e+02 5.987722e-02 -9.828512e-05 
2.476000e+02 -1.016420e-02 1.558459e-03 -2.159145e+00 9.389487e+03 7.168766e+03 1.906286e+02  1000  5000 -1.304692e-04     0 3.779332e-02 3.186287e+01 1.300665e+02 5.989870e-02 -9.869892e-05 
2.477000e+02 -1.015877e-02 1.741195e-03 -2.159255e+00 9.382282e+03 7.157964e+03 1.898712e+02  1000  5000 -1.318068e-04     0 3.776238e-02 3.194366e+01 1.300676e+02 5.992009e-02 -9.872265e-05 
2.478000e+02 -1.015255e-02 1.927596e-03 -2.159366e+00 9.375075e+03 7.147163e+03 1.891160e+02  1000  5000 -1.263198e-04     0 3.773159e-02 3.202618e+01 1.300686e+02 5.994138e-02 -9.813960e-05 
2.479000e+02 -1.014682e-02 2.117644e-03 -2.159476e+00 9.367867e+03 7.136362e+03 1.883629e+02  1000  5000 -1.183464e-04     0 3.770095e-02 3.211041e+01 1.300697e+02 5.996257e-02 -9.740888e-05 
  248 -1.014239e-02 2.311321e-03 -2.159586e+00 9.360658e+03 7.125561e+03 1.876121e+02  1000  5000 -1.096354e-04     0 3.767045e-02 3.219633e+01 1.300707e+02 5.998367e-02 -9.717490e-05 
2.481000e+02 -1.013866e-02 2.508607e-03 -2.159696e+00 9.353447e+03 7.114762e+03 1.868635e+02  1000  5000 -1.286032e-04     0 3.764011e-02 3.228396e+01 1.300717e+02 6.000466e-02 -9.758079e-05 
2.482000e+02 -1.013345e-02 2.709477e-03 -2.159805e+00 9.346235e+03 7.103963e+03 1.861172e+02  1000  5000 -1.299164e-04     0 3.760993e-02 3.237326e+01 1.300727e+02 6.002555e-02 -9.760464e-05 
2.483000e+02 -1.012746e-02 2.913911e-03 -2.159914e+00 9.339022e+03 7.093164e+03 1.853733e+02  1000  5000 -1.245520e-04     0 3.757990e-02 3.246423e+01 1.300737e+02 6.004633e-02 -9.703451e-05 
2.484000e+02 -1.012195e-02 3.121889e-03 -2.160023e+00 9.331807e+03 7.082367e+03 1.846318e+02  1000  5000 -1.167547e-04     0 3.755004e-02 3.255688e+01 1.300747e+02 6.006701e-02 -9.631994e-05 
2.485000e+02 -1.011771e-02 3.333390e-03 -2.160132e+00 9.324592e+03 7.071569e+03 1.838927e+02  1000  5000 -1.082345e-04     0 3.752033e-02 3.265117e+01 1.300756e+02 6.008758e-02 -9.609174e-05 
2.486000e+02 -1.011413e-02 3.548395e-03 -2.160240e+00 9.317374e+03 7.060773e+03 1.831561e+02  1000  5000 -1.268035e-04     0 3.749079e-02 3.274711e+01 1.300766e+02 6.010804e-02 -9.648991e-05 
2.487000e+02 -1.010912e-02 3.766878e-03 -2.160348e+00 9.310156e+03 7.049977e+03 1.824221e+02  1000  5000 -1.280928e-04     0 3.746142e-02 3.284469e+01 1.300775e+02 6.012839e-02 -9.651393e-05 
2.488000e+02 -1.010336e-02 3.988816e-03 -2.160456e+00 9.302936e+03 7.039181e+03 1.816906e+02  1000  5000 -1.228482e-04     0 3.743222e-02 3.294389e+01 1.300785e+02 6.014863e-02 -9.595648e-05 
2.489000e+02 -1.009806e-02 4.214189e-03 -2.160564e+00 9.295715e+03 7.028386e+03 1.809618e+02  1000  5000 -1.152234e-04     0 3.740318e-02 3.304470e+01 1.300794e+02 6.016875e-02 -9.525777e-05 
  249 -1.009400e-02 4.442977e-03 -2.160671e+00 9.288493e+03 7.017592e+03 1.802357e+02  1000  5000 -1.068898e-04     0 3.737432e-02 3.314712e+01 1.300803e+02 6.018876e-02 -9.503527e-05 
2.491000e+02 -1.009058e-02 4.675156e-03 -2.160778e+00 9.281269e+03 7.006798e+03 1.795123e+02  1000  5000 -1.250685e-04     0 3.734564e-02 3.325114e+01 1.300812e+02 6.020864e-02 -9.542591e-05 
2.492000e+02 -1.008577e-02 4.910703e-03 -2.160884e+00 9.274044e+03 6.996005e+03 1.787917e+02  1000  5000 -1.263343e-04     0 3.731713e-02 3.335674e+01 1.300821e+02 6.022841e-02 -9.545013e-05 
2.493000e+02 -1.008023e-02 5.149591e-03 -2.160991e+00 9.266818e+03 6.985212e+03 1.780739e+02  1000  5000 -1.212070e-04     0 3.728881e-02 3.346392e+01 1.300830e+02 6.024806e-02 -9.490516e-05 
2.494000e+02 -1.007514e-02 5.391801e-03 -2.161098e+00 9.259590e+03 6.974420e+03 1.773590e+02  1000  5000 -1.137508e-04     0 3.726066e-02 3.357266e+01 1.300839e+02 6.026759e-02 -9.422200e-05 
2.495000e+02 -1.007124e-02 5.637310e-03 -2.161204e+00 9.252362e+03 6.963629e+03 1.766470e+02  1000  5000 -1.055998e-04     0 3.723270e-02 3.368295e+01 1.300847e+02 6.028700e-02 -9.400512e-05 
2.496000e+02 -1.006797e-02 5.886095e-03 -2.161309e+00 9.245131e+03 6.952838e+03 1.759379e+02  1000  5000 -1.233964e-04     0 3.720493e-02 3.379478e+01 1.300856e+02 6.030627e-02 -9.438843e-05 
2.497000e+02 -1.006335e-02 6.138130e-03 -2.161415e+00 9.237900e+03 6.942047e+03 1.752318e+02  1000  5000 -1.246393e-04     0 3.717734e-02 3.390815e+01 1.300864e+02 6.032543e-02 -9.441290e-05 
2.498000e+02 -1.005803e-02 6.393390e-03 -2.161521e+00 9.230667e+03 6.931258e+03 1.745288e+02  1000  5000 -1.196268e-04     0 3.714994e-02 3.402304e+01 1.300872e+02 6.034445e-02 -9.388020e-05 
2.499000e+02 -1.005314e-02 6.651852e-03 -2.161626e+00 9.223433e+03 6.920468e+03 1.738289e+02  1000  5000 -1.123355e-04     0 3.712274e-02 3.413944e+01 1.300880e+02 6.036334e-02 -9.321234e-05 
  250 -1.004941e-02 6.913494e-03 -2.161731e+00 9.216198e+03 6.909680e+03 1.731321e+02  1000  5000 -1.043632e-04     0 3.709573e-02 3.425734e+01 1.300888e+02 6.038210e-02 -9.300100e-05 
2.501000e+02 -1.004629e-02 7.178292e-03 -2.161835e+00 9.208962e+03 6.898892e+03 1.724384e+02  1000  5000 -1.217856e-04     0 3.706892e-02 3.437673e+01 1.300896e+02 6.040073e-02 -9.337718e-05 
2.502000e+02 -1.004185e-02 7.446218e-03 -2.161940e+00 9.201724e+03 6.888104e+03 1.717480e+02  1000  5000 -1.230061e-04     0 3.704231e-02 3.449760e+01 1.300904e+02 6.041923e-02 -9.340195e-05 
2.503000e+02 -1.003674e-02 7.717247e-03 -2.162044e+00 9.194485e+03 6.877317e+03 1.710608e+02  1000  5000 -1.181057e-04     0 3.701590e-02 3.461993e+01 1.300911e+02 6.043759e-02 -9.288131e-05 
2.504000e+02 -1.003204e-02 7.991354e-03 -2.162149e+00 9.187245e+03 6.866530e+03 1.703770e+02  1000  5000 -1.109758e-04     0 3.698969e-02 3.474372e+01 1.300919e+02 6.045581e-02 -9.222849e-05 
2.505000e+02 -1.002847e-02 8.268518e-03 -2.162252e+00 9.180003e+03 6.855744e+03 1.696964e+02  1000  5000 -1.031783e-04     0 3.696368e-02 3.486895e+01 1.300926e+02 6.047389e-02 -9.202264e-05 
2.506000e+02 -1.002549e-02 8.548712e-03 -2.162356e+00 9.172760e+03 6.844959e+03 1.690193e+02  1000  5000 -1.202343e-04     0 3.693788e-02 3.499562e+01 1.300934e+02 6.049183e-02 -9.239188e-05 
2.507000e+02 -1.002123e-02 8.831908e-03 -2.162459e+00 9.165516e+03 6.834174e+03 1.683456e+02  1000  5000 -1.214327e-04     0 3.691229e-02 3.512370e+01 1.300941e+02 6.050964e-02 -9.241701e-05 
2.508000e+02 -1.001632e-02 9.118081e-03 -2.162562e+00 9.158271e+03 6.823390e+03 1.676753e+02  1000  5000 -1.166421e-04     0 3.688691e-02 3.525319e+01 1.300948e+02 6.052729e-02 -9.190827e-05 
2.509000e+02 -1.001182e-02 9.407205e-03 -2.162665e+00 9.151024e+03 6.812606e+03 1.670086e+02  1000  5000 -1.096700e-04     0 3.686175e-02 3.538408e+01 1.300955e+02 6.054481e-02 -9.127025e-05 
  251 -1.000840e-02 9.699256e-03 -2.162768e+00 9.143776e+03 6.801823e+03 1.663454e+02  1000  5000 -1.020436e-04     0 3.683679e-02 3.551636e+01 1.300961e+02 6.056218e-02 -9.106983e-05 
2.511000e+02 -1.000555e-02 9.994209e-03 -2.162870e+00 9.136527e+03 6.791040e+03 1.656858e+02  1000  5000 -1.187407e-04     0 3.681206e-02 3.565001e+01 1.300968e+02 6.057940e-02 -9.143234e-05 
2.512000e+02 -1.000147e-02 1.029203e-02 -2.162972e+00 9.129277e+03 6.780258e+03 1.650298e+02  1000  5000 -1.199174e-04     0 3.678754e-02 3.578502e+01 1.300975e+02 6.059647e-02 -9.145788e-05 
2.513000e+02 -9.996753e-03 1.059271e-02 -2.163075e+00 9.122025e+03 6.769476e+03 1.643775e+02  1000  5000 -1.152340e-04     0 3.676324e-02 3.592139e+01 1.300981e+02 6.061339e-02 -9.096088e-05 
2.514000e+02 -9.992431e-03 1.089620e-02 -2.163177e+00 9.114772e+03 6.758695e+03 1.637288e+02  1000  5000 -1.084164e-04     0 3.673916e-02 3.605909e+01 1.300987e+02 6.063016e-02 -9.033743e-05 
2.515000e+02 -9.989163e-03 1.120248e-02 -2.163279e+00 9.107518e+03 6.747915e+03 1.630840e+02  1000  5000 -1.009575e-04     0 3.671531e-02 3.619811e+01 1.300994e+02 6.064678e-02 -9.014242e-05 
2.516000e+02 -9.986448e-03 1.151154e-02 -2.163380e+00 9.100263e+03 6.737135e+03 1.624429e+02  1000  5000 -1.173028e-04     0 3.669168e-02 3.633845e+01 1.301000e+02 6.066324e-02 -9.049839e-05 
2.517000e+02 -9.982537e-03 1.182333e-02 -2.163481e+00 9.093006e+03 6.726355e+03 1.618056e+02  1000  5000 -1.184582e-04     0 3.666828e-02 3.648010e+01 1.301006e+02 6.067955e-02 -9.052444e-05 
2.518000e+02 -9.978009e-03 1.213783e-02 -2.163582e+00 9.085749e+03 6.715576e+03 1.611721e+02  1000  5000 -1.138798e-04     0 3.664511e-02 3.662303e+01 1.301012e+02 6.069571e-02 -9.003903e-05 
2.519000e+02 -9.973864e-03 1.245502e-02 -2.163683e+00 9.078490e+03 6.704798e+03 1.605426e+02  1000  5000 -1.072132e-04     0 3.662216e-02 3.676723e+01 1.301017e+02 6.071170e-02 -8.942995e-05 
  252 -9.970741e-03 1.277487e-02 -2.163784e+00 9.071229e+03 6.694020e+03 1.599170e+02  1000  5000 -9.991815e-05     0 3.659946e-02 3.691270e+01 1.301023e+02 6.072754e-02 -8.924030e-05 
2.521000e+02 -9.968155e-03 1.309735e-02 -2.163884e+00 9.063968e+03 6.683243e+03 1.592954e+02  1000  5000 -1.159187e-04     0 3.657698e-02 3.705943e+01 1.301028e+02 6.074321e-02 -8.958996e-05 
2.522000e+02 -9.964409e-03 1.342243e-02 -2.163984e+00 9.056705e+03 6.672466e+03 1.586777e+02  1000  5000 -1.170530e-04     0 3.655474e-02 3.720739e+01 1.301034e+02 6.075873e-02 -8.961659e-05 
2.523000e+02 -9.960063e-03 1.375009e-02 -2.164084e+00 9.049441e+03 6.661690e+03 1.580641e+02  1000  5000 -1.125773e-04     0 3.653274e-02 3.735657e+01 1.301039e+02 6.077408e-02 -8.914264e-05 
2.524000e+02 -9.956090e-03 1.408029e-02 -2.164184e+00 9.042176e+03 6.650914e+03 1.574546e+02  1000  5000 -1.060586e-04     0 3.651097e-02 3.750698e+01 1.301044e+02 6.078926e-02 -8.854774e-05 
2.525000e+02 -9.953109e-03 1.441301e-02 -2.164284e+00 9.034910e+03 6.640139e+03 1.568492e+02  1000  5000 -9.892389e-05     0 3.648945e-02 3.765858e+01 1.301049e+02 6.080428e-02 -8.836345e-05 
2.526000e+02 -9.950647e-03 1.474822e-02 -2.164383e+00 9.027642e+03 6.629364e+03 1.562479e+02  1000  5000 -1.145864e-04     0 3.646817e-02 3.781137e+01 1.301054e+02 6.081914e-02 -8.870701e-05 
2.527000e+02 -9.947060e-03 1.508590e-02 -2.164482e+00 9.020374e+03 6.618590e+03 1.556508e+02  1000  5000 -1.157000e-04     0 3.644713e-02 3.796533e+01 1.301059e+02 6.083383e-02 -8.873431e-05 
2.528000e+02 -9.942893e-03 1.542600e-02 -2.164581e+00 9.013104e+03 6.607816e+03 1.550580e+02  1000  5000 -1.113247e-04     0 3.642634e-02 3.812046e+01 1.301064e+02 6.084835e-02 -8.827171e-05 
2.529000e+02 -9.939086e-03 1.576851e-02 -2.164680e+00 9.005832e+03 6.597043e+03 1.544693e+02  1000  5000 -1.049506e-04     0 3.640579e-02 3.827674e+01 1.301068e+02 6.086269e-02 -8.769083e-05 
  253 -9.936242e-03 1.611340e-02 -2.164779e+00 8.998560e+03 6.586270e+03 1.538850e+02  1000  5000 -9.797298e-05     0 3.638549e-02 3.843415e+01 1.301073e+02 6.087687e-02 -8.751189e-05 
2.531000e+02 -9.933901e-03 1.646063e-02 -2.164877e+00 8.991287e+03 6.575498e+03 1.533049e+02  1000  5000 -1.133040e-04     0 3.636545e-02 3.859268e+01 1.301077e+02 6.089088e-02 -8.784957e-05 
2.532000e+02 -9.930469e-03 1.681019e-02 -2.164975e+00 8.984012e+03 6.564726e+03 1.527292e+02  1000  5000 -1.143972e-04     0 3.634565e-02 3.875233e+01 1.301081e+02 6.090471e-02 -8.787765e-05 
2.533000e+02 -9.926474e-03 1.716203e-02 -2.165073e+00 8.976736e+03 6.553955e+03 1.521579e+02  1000  5000 -1.101201e-04     0 3.632611e-02 3.891307e+01 1.301085e+02 6.091837e-02 -8.742630e-05 
2.534000e+02 -9.922830e-03 1.751613e-02 -2.165171e+00 8.969459e+03 6.543185e+03 1.515910e+02  1000  5000 -1.038875e-04     0 3.630682e-02 3.907489e+01 1.301089e+02 6.093185e-02 -8.685928e-05 
2.535000e+02 -9.920118e-03 1.787246e-02 -2.165269e+00 8.962180e+03 6.532415e+03 1.510286e+02  1000  5000 -9.706364e-05     0 3.628778e-02 3.923779e+01 1.301093e+02 6.094516e-02 -8.668570e-05 
2.536000e+02 -9.917895e-03 1.823100e-02 -2.165366e+00 8.954901e+03 6.521645e+03 1.504706e+02  1000  5000 -1.120695e-04     0 3.626900e-02 3.940174e+01 1.301096e+02 6.095829e-02 -8.701773e-05 
2.537000e+02 -9.914614e-03 1.859170e-02 -2.165463e+00 8.947620e+03 6.510876e+03 1.499171e+02  1000  5000 -1.131425e-04     0 3.625048e-02 3.956673e+01 1.301100e+02 6.097124e-02 -8.704670e-05 
2.538000e+02 -9.910786e-03 1.895455e-02 -2.165560e+00 8.940338e+03 6.500108e+03 1.493681e+02  1000  5000 -1.089615e-04     0 3.623222e-02 3.973275e+01 1.301103e+02 6.098401e-02 -8.660651e-05 
2.539000e+02 -9.907299e-03 1.931951e-02 -2.165658e+00 8.933055e+03 6.489340e+03 1.488238e+02  1000  5000 -1.028675e-04     0 3.621422e-02 3.989979e+01 1.301107e+02 6.099660e-02 -8.605321e-05 
  254 -9.904716e-03 1.968656e-02 -2.165754e+00 8.925771e+03 6.478572e+03 1.482840e+02  1000  5000 -9.619414e-05     0 3.619648e-02 4.006783e+01 1.301110e+02 6.100901e-02 -8.588502e-05 
2.541000e+02 -9.902608e-03 2.005566e-02 -2.165851e+00 8.918486e+03 6.467806e+03 1.477488e+02  1000  5000 -1.108810e-04     0 3.617901e-02 4.023686e+01 1.301113e+02 6.102124e-02 -8.621163e-05 
2.542000e+02 -9.899473e-03 2.042678e-02 -2.165947e+00 8.911199e+03 6.457039e+03 1.472183e+02  1000  5000 -1.119340e-04     0 3.616180e-02 4.040687e+01 1.301116e+02 6.103328e-02 -8.624161e-05 
2.543000e+02 -9.895808e-03 2.079989e-02 -2.166043e+00 8.903912e+03 6.446273e+03 1.466924e+02  1000  5000 -1.078470e-04     0 3.614486e-02 4.057783e+01 1.301119e+02 6.104514e-02 -8.581251e-05 
2.544000e+02 -9.892474e-03 2.117497e-02 -2.166139e+00 8.896623e+03 6.435508e+03 1.461713e+02  1000  5000 -1.018886e-04     0 3.612818e-02 4.074975e+01 1.301122e+02 6.105682e-02 -8.527282e-05 
2.545000e+02 -9.890017e-03 2.155198e-02 -2.166235e+00 8.889333e+03 6.424743e+03 1.456549e+02  1000  5000 -9.536275e-05     0 3.611177e-02 4.092259e+01 1.301124e+02 6.106831e-02 -8.511005e-05 
2.546000e+02 -9.888021e-03 2.193090e-02 -2.166331e+00 8.882042e+03 6.413979e+03 1.451433e+02  1000  5000 -1.097365e-04     0 3.609563e-02 4.109636e+01 1.301127e+02 6.107961e-02 -8.543147e-05 
2.547000e+02 -9.885029e-03 2.231169e-02 -2.166426e+00 8.874749e+03 6.403215e+03 1.446365e+02  1000  5000 -1.107697e-04     0 3.607976e-02 4.127103e+01 1.301129e+02 6.109072e-02 -8.546258e-05 
2.548000e+02 -9.881522e-03 2.269432e-02 -2.166522e+00 8.867456e+03 6.392452e+03 1.441345e+02  1000  5000 -1.067747e-04     0 3.606416e-02 4.144660e+01 1.301131e+02 6.110165e-02 -8.504452e-05 
2.549000e+02 -9.878336e-03 2.307876e-02 -2.166617e+00 8.860161e+03 6.381689e+03 1.436373e+02  1000  5000 -1.009492e-04     0 3.604883e-02 4.162304e+01 1.301134e+02 6.111239e-02 -8.451832e-05 
  255 -9.876002e-03 2.346498e-02 -2.166712e+00 8.852865e+03 6.370927e+03 1.431450e+02  1000  5000 -9.456778e-05     0 3.603378e-02 4.180034e+01 1.301136e+02 6.112293e-02 -8.436101e-05 
2.551000e+02 -9.874115e-03 2.385295e-02 -2.166807e+00 8.845569e+03 6.360165e+03 1.426576e+02  1000  5000 -1.086341e-04     0 3.601900e-02 4.197850e+01 1.301137e+02 6.113329e-02 -8.467748e-05 
2.552000e+02 -9.871261e-03 2.424265e-02 -2.166901e+00 8.838271e+03 6.349404e+03 1.421751e+02  1000  5000 -1.096479e-04     0 3.600449e-02 4.215749e+01 1.301139e+02 6.114345e-02 -8.470986e-05 
2.553000e+02 -9.867908e-03 2.463403e-02 -2.166996e+00 8.830971e+03 6.338643e+03 1.416976e+02  1000  5000 -1.057430e-04     0 3.599027e-02 4.233731e+01 1.301141e+02 6.115342e-02 -8.430278e-05 
2.554000e+02 -9.864867e-03 2.502707e-02 -2.167090e+00 8.823671e+03 6.327883e+03 1.412250e+02  1000  5000 -1.000475e-04     0 3.597632e-02 4.251793e+01 1.301142e+02 6.116320e-02 -8.378999e-05 
2.555000e+02 -9.862653e-03 2.542174e-02 -2.167185e+00 8.816370e+03 6.317124e+03 1.407575e+02  1000  5000 -9.380758e-05     0 3.596264e-02 4.269934e+01 1.301144e+02 6.117279e-02 -8.363819e-05 
2.556000e+02 -9.860872e-03 2.581801e-02 -2.167278e+00 8.809067e+03 6.306365e+03 1.402949e+02  1000  5000 -1.075722e-04     0 3.594925e-02 4.288154e+01 1.301145e+02 6.118218e-02 -8.394995e-05 
2.557000e+02 -9.858153e-03 2.621584e-02 -2.167372e+00 8.801763e+03 6.295606e+03 1.398374e+02  1000  5000 -1.085666e-04     0 3.593614e-02 4.306450e+01 1.301146e+02 6.119138e-02 -8.398373e-05 
2.558000e+02 -9.854950e-03 2.661521e-02 -2.167466e+00 8.794459e+03 6.284848e+03 1.393850e+02  1000  5000 -1.047499e-04     0 3.592331e-02 4.324821e+01 1.301147e+02 6.120038e-02 -8.358761e-05 
2.559000e+02 -9.852050e-03 2.701607e-02 -2.167560e+00 8.787153e+03 6.274091e+03 1.389376e+02  1000  5000 -9.918185e-05     0 3.591075e-02 4.343266e+01 1.301148e+02 6.120918e-02 -8.308813e-05 
  256 -9.849953e-03 2.741842e-02 -2.167653e+00 8.779846e+03 6.263334e+03 1.384954e+02  1000  5000 -9.308057e-05     0 3.589849e-02 4.361782e+01 1.301149e+02 6.121779e-02 -8.294189e-05 
2.561000e+02 -9.848276e-03 2.782220e-02 -2.167746e+00 8.772538e+03 6.252578e+03 1.380583e+02  1000  5000 -1.065489e-04     0 3.588650e-02 4.380370e+01 1.301150e+02 6.122620e-02 -8.324919e-05 
2.562000e+02 -9.845689e-03 2.822740e-02 -2.167839e+00 8.765229e+03 6.241822e+03 1.376263e+02  1000  5000 -1.075242e-04     0 3.587480e-02 4.399027e+01 1.301151e+02 6.123441e-02 -8.328452e-05 
2.563000e+02 -9.842632e-03 2.863398e-02 -2.167932e+00 8.757918e+03 6.231066e+03 1.371995e+02  1000  5000 -1.037938e-04     0 3.586338e-02 4.417752e+01 1.301151e+02 6.124242e-02 -8.289931e-05 
2.564000e+02 -9.839869e-03 2.904190e-02 -2.168025e+00 8.750607e+03 6.220312e+03 1.367779e+02  1000  5000 -9.835060e-05     0 3.585225e-02 4.436544e+01 1.301151e+02 6.125024e-02 -8.241308e-05 
2.565000e+02 -9.837886e-03 2.945114e-02 -2.168117e+00 8.743294e+03 6.209557e+03 1.363616e+02  1000  5000 -9.238523e-05     0 3.584140e-02 4.455400e+01 1.301152e+02 6.125785e-02 -8.227246e-05 
2.566000e+02 -9.836312e-03 2.986167e-02 -2.168210e+00 8.735981e+03 6.198804e+03 1.359504e+02  1000  5000 -1.055626e-04     0 3.583084e-02 4.474320e+01 1.301152e+02 6.126526e-02 -8.257554e-05 
2.567000e+02 -9.833853e-03 3.027345e-02 -2.168302e+00 8.728666e+03 6.188051e+03 1.355445e+02  1000  5000 -1.065190e-04     0 3.582057e-02 4.493303e+01 1.301152e+02 6.127248e-02 -8.261255e-05 
2.568000e+02 -9.830939e-03 3.068645e-02 -2.168394e+00 8.721350e+03 6.177298e+03 1.351439e+02  1000  5000 -1.028732e-04     0 3.581058e-02 4.512346e+01 1.301152e+02 6.127949e-02 -8.223824e-05 
2.569000e+02 -9.828310e-03 3.110064e-02 -2.168486e+00 8.714033e+03 6.166546e+03 1.347486e+02  1000  5000 -9.755228e-05     0 3.580088e-02 4.531448e+01 1.301151e+02 6.128630e-02 -8.176519e-05 
  257 -9.826439e-03 3.151600e-02 -2.168578e+00 8.706715e+03 6.155794e+03 1.343585e+02  1000  5000 -9.172013e-05     0 3.579148e-02 4.550608e+01 1.301151e+02 6.129291e-02 -8.163026e-05 
2.571000e+02 -9.824964e-03 3.193248e-02 -2.168669e+00 8.699396e+03 6.145043e+03 1.339738e+02  1000  5000 -1.046118e-04     0 3.578236e-02 4.569824e+01 1.301151e+02 6.129932e-02 -8.192936e-05 
2.572000e+02 -9.822631e-03 3.235006e-02 -2.168761e+00 8.692076e+03 6.134293e+03 1.335945e+02  1000  5000 -1.055495e-04     0 3.577352e-02 4.589096e+01 1.301150e+02 6.130552e-02 -8.196821e-05 
2.573000e+02 -9.819856e-03 3.276871e-02 -2.168852e+00 8.684755e+03 6.123543e+03 1.332205e+02  1000  5000 -1.019865e-04     0 3.576498e-02 4.608420e+01 1.301149e+02 6.131152e-02 -8.160478e-05 
2.574000e+02 -9.817358e-03 3.318839e-02 -2.168944e+00 8.677433e+03 6.112794e+03 1.328519e+02  1000  5000 -9.678544e-05     0 3.575673e-02 4.627797e+01 1.301149e+02 6.131732e-02 -8.114484e-05 
2.575000e+02 -9.815596e-03 3.360907e-02 -2.169035e+00 8.670110e+03 6.102045e+03 1.324886e+02  1000  5000 -9.108393e-05     0 3.574877e-02 4.647224e+01 1.301148e+02 6.132292e-02 -8.101567e-05 
2.576000e+02 -9.814220e-03 3.403072e-02 -2.169126e+00 8.662785e+03 6.091297e+03 1.321308e+02  1000  5000 -1.036949e-04     0 3.574110e-02 4.666701e+01 1.301147e+02 6.132831e-02 -8.131103e-05 
2.577000e+02 -9.812009e-03 3.445332e-02 -2.169216e+00 8.655460e+03 6.080549e+03 1.317784e+02  1000  5000 -1.046142e-04     0 3.573373e-02 4.686225e+01 1.301146e+02 6.133349e-02 -8.135186e-05 
2.578000e+02 -9.809370e-03 3.487682e-02 -2.169307e+00 8.648134e+03 6.069802e+03 1.314314e+02  1000  5000 -1.011323e-04     0 3.572664e-02 4.705795e+01 1.301144e+02 6.133847e-02 -8.099929e-05 
2.579000e+02 -9.807001e-03 3.530120e-02 -2.169398e+00 8.640806e+03 6.059055e+03 1.310899e+02  1000  5000 -9.604877e-05     0 3.571985e-02 4.725410e+01 1.301143e+02 6.134325e-02 -8.055242e-05 
  258 -9.805346e-03 3.572642e-02 -2.169489e+00 8.633477e+03 6.048309e+03 1.307539e+02  1000  5000 -9.047535e-05     0 3.571334e-02 4.745068e+01 1.301142e+02 6.134782e-02 -8.042907e-05 
2.581000e+02 -9.804066e-03 3.615246e-02 -2.169579e+00 8.626148e+03 6.037564e+03 1.304233e+02  1000  5000 -1.028107e-04     0 3.570714e-02 4.764768e+01 1.301140e+02 6.135219e-02 -8.072094e-05 
2.582000e+02 -9.801976e-03 3.657929e-02 -2.169669e+00 8.618817e+03 6.026819e+03 1.300982e+02  1000  5000 -1.037117e-04     0 3.570122e-02 4.784508e+01 1.301138e+02 6.135635e-02 -8.076389e-05 
2.583000e+02 -9.799469e-03 3.700686e-02 -2.169759e+00 8.611486e+03 6.016075e+03 1.297786e+02  1000  5000 -1.003094e-04     0 3.569559e-02 4.804287e+01 1.301137e+02 6.136031e-02 -8.042218e-05 
2.584000e+02 -9.797225e-03 3.743515e-02 -2.169849e+00 8.604153e+03 6.005331e+03 1.294646e+02  1000  5000 -9.534102e-05     0 3.569026e-02 4.824104e+01 1.301135e+02 6.136406e-02 -7.998831e-05 
2.585000e+02 -9.795676e-03 3.786413e-02 -2.169939e+00 8.596819e+03 5.994588e+03 1.291560e+02  1000  5000 -8.989324e-05     0 3.568522e-02 4.843956e+01 1.301133e+02 6.136761e-02 -7.987087e-05 
2.586000e+02 -9.794490e-03 3.829376e-02 -2.170028e+00 8.589484e+03 5.983845e+03 1.288531e+02  1000  5000 -1.019578e-04     0 3.568048e-02 4.863843e+01 1.301131e+02 6.137094e-02 -8.015947e-05 
2.587000e+02 -9.792517e-03 3.872402e-02 -2.170117e+00 8.582149e+03 5.973103e+03 1.285556e+02  1000  5000 -1.028409e-04     0 3.567603e-02 4.883763e+01 1.301128e+02 6.137408e-02 -8.020468e-05 
2.588000e+02 -9.790141e-03 3.915488e-02 -2.170207e+00 8.574812e+03 5.962362e+03 1.282637e+02  1000  5000 -9.951645e-05     0 3.567187e-02 4.903715e+01 1.301126e+02 6.137701e-02 -7.987383e-05 
2.589000e+02 -9.788020e-03 3.958629e-02 -2.170296e+00 8.567474e+03 5.951621e+03 1.279774e+02  1000  5000 -9.466108e-05     0 3.566800e-02 4.923697e+01 1.301124e+02 6.137973e-02 -7.945291e-05 
  259 -9.786574e-03 4.001824e-02 -2.170386e+00 8.560135e+03 5.940881e+03 1.276967e+02  1000  5000 -8.933653e-05     0 3.566443e-02 4.943707e+01 1.301121e+02 6.138224e-02 -7.934144e-05 
2.591000e+02 -9.785480e-03 4.045069e-02 -2.170474e+00 8.552795e+03 5.930141e+03 1.274216e+02  1000  5000 -1.011351e-04     0 3.566115e-02 4.963745e+01 1.301118e+02 6.138455e-02 -7.962701e-05 
2.592000e+02 -9.783624e-03 4.088360e-02 -2.170563e+00 8.545454e+03 5.919402e+03 1.271521e+02  1000  5000 -1.020005e-04     0 3.565816e-02 4.983808e+01 1.301116e+02 6.138666e-02 -7.967464e-05 
2.593000e+02 -9.781375e-03 4.131695e-02 -2.170652e+00 8.538113e+03 5.908663e+03 1.268881e+02  1000  5000 -9.875248e-05     0 3.565547e-02 5.003896e+01 1.301113e+02 6.138856e-02 -7.935462e-05 
2.594000e+02 -9.779374e-03 4.175071e-02 -2.170741e+00 8.530770e+03 5.897925e+03 1.266298e+02  1000  5000 -9.400790e-05     0 3.565306e-02 5.024006e+01 1.301110e+02 6.139025e-02 -7.894660e-05 
2.595000e+02 -9.778029e-03 4.218484e-02 -2.170829e+00 8.523426e+03 5.887188e+03 1.263772e+02  1000  5000 -8.880425e-05     0 3.565096e-02 5.044138e+01 1.301107e+02 6.139173e-02 -7.884117e-05 
2.596000e+02 -9.777027e-03 4.261932e-02 -2.170917e+00 8.516081e+03 5.876451e+03 1.261301e+02  1000  5000 -1.003417e-04     0 3.564914e-02 5.064290e+01 1.301104e+02 6.139302e-02 -7.912395e-05 
2.597000e+02 -9.775283e-03 4.305410e-02 -2.171006e+00 8.508735e+03 5.865715e+03 1.258887e+02  1000  5000 -1.011895e-04     0 3.564761e-02 5.084460e+01 1.301100e+02 6.139409e-02 -7.917412e-05 
2.598000e+02 -9.773159e-03 4.348917e-02 -2.171094e+00 8.501388e+03 5.854979e+03 1.256529e+02  1000  5000 -9.801647e-05     0 3.564638e-02 5.104647e+01 1.301097e+02 6.139496e-02 -7.886493e-05 
2.599000e+02 -9.771277e-03 4.392448e-02 -2.171182e+00 8.494040e+03 5.844244e+03 1.254228e+02  1000  5000 -9.338055e-05     0 3.564544e-02 5.124850e+01 1.301093e+02 6.139563e-02 -7.846977e-05 
  260 -9.770031e-03 4.436002e-02 -2.171270e+00 8.486692e+03 5.833509e+03 1.251984e+02  1000  5000 -8.829554e-05     0 3.564479e-02 5.145067e+01 1.301090e+02 6.139609e-02 -7.837045e-05 
2.601000e+02 -9.769119e-03 4.479574e-02 -2.171358e+00 8.479342e+03 5.822776e+03 1.249796e+02  1000  5000 -9.957642e-05     0 3.564443e-02 5.165296e+01 1.301086e+02 6.139634e-02 -7.865066e-05 
2.602000e+02 -9.767487e-03 4.523162e-02 -2.171445e+00 8.471991e+03 5.812042e+03 1.247665e+02  1000  5000 -1.004071e-04     0 3.564436e-02 5.185537e+01 1.301082e+02 6.139639e-02 -7.870351e-05 
2.603000e+02 -9.765485e-03 4.566763e-02 -2.171533e+00 8.464639e+03 5.801310e+03 1.245590e+02  1000  5000 -9.730753e-05     0 3.564458e-02 5.205788e+01 1.301078e+02 6.139624e-02 -7.840513e-05 
2.604000e+02 -9.763718e-03 4.610373e-02 -2.171621e+00 8.457287e+03 5.790578e+03 1.243573e+02  1000  5000 -9.277821e-05     0 3.564509e-02 5.226047e+01 1.301074e+02 6.139588e-02 -7.802279e-05 
2.605000e+02 -9.762570e-03 4.653989e-02 -2.171708e+00 8.449933e+03 5.779846e+03 1.241612e+02  1000  5000 -8.780962e-05     0 3.564589e-02 5.246313e+01 1.301070e+02 6.139532e-02 -7.792964e-05 
2.606000e+02 -9.761747e-03 4.697609e-02 -2.171795e+00 8.442578e+03 5.769115e+03 1.239708e+02  1000  5000 -9.883856e-05     0 3.564698e-02 5.266585e+01 1.301066e+02 6.139456e-02 -7.820749e-05 
2.607000e+02 -9.760224e-03 4.741229e-02 -2.171882e+00 8.435223e+03 5.758385e+03 1.237861e+02  1000  5000 -9.965233e-05     0 3.564836e-02 5.286860e+01 1.301062e+02 6.139359e-02 -7.826315e-05 
2.608000e+02 -9.758342e-03 4.784846e-02 -2.171969e+00 8.427866e+03 5.747656e+03 1.236070e+02  1000  5000 -9.662485e-05     0 3.565002e-02 5.307138e+01 1.301057e+02 6.139242e-02 -7.797559e-05 
2.609000e+02 -9.756688e-03 4.828458e-02 -2.172056e+00 8.420509e+03 5.736927e+03 1.234337e+02  1000  5000 -9.220013e-05     0 3.565198e-02 5.327418e+01 1.301053e+02 6.139105e-02 -7.760599e-05 
  261 -9.755637e-03 4.872060e-02 -2.172143e+00 8.413150e+03 5.726198e+03 1.232661e+02  1000  5000 -8.734579e-05     0 3.565422e-02 5.347697e+01 1.301048e+02 6.138947e-02 -7.751909e-05 
2.611000e+02 -9.754901e-03 4.915651e-02 -2.172230e+00 8.405791e+03 5.715470e+03 1.231041e+02  1000  5000 -9.812733e-05     0 3.565674e-02 5.367974e+01 1.301044e+02 6.138769e-02 -7.779480e-05 
2.612000e+02 -9.753485e-03 4.959226e-02 -2.172316e+00 8.398430e+03 5.704743e+03 1.229479e+02  1000  5000 -9.892448e-05     0 3.565955e-02 5.388249e+01 1.301039e+02 6.138572e-02 -7.785341e-05 
2.613000e+02 -9.751721e-03 5.002784e-02 -2.172403e+00 8.391069e+03 5.694017e+03 1.227973e+02  1000  5000 -9.596775e-05     0 3.566265e-02 5.408519e+01 1.301034e+02 6.138354e-02 -7.757663e-05 
2.614000e+02 -9.750179e-03 5.046321e-02 -2.172489e+00 8.383707e+03 5.683291e+03 1.226524e+02  1000  5000 -9.164566e-05     0 3.566603e-02 5.428783e+01 1.301029e+02 6.138116e-02 -7.721975e-05 
2.615000e+02 -9.749223e-03 5.089833e-02 -2.172576e+00 8.376344e+03 5.672566e+03 1.225133e+02  1000  5000 -8.690347e-05     0 3.566969e-02 5.449039e+01 1.301024e+02 6.137858e-02 -7.713914e-05 
2.616000e+02 -9.748573e-03 5.133319e-02 -2.172662e+00 8.368980e+03 5.661841e+03 1.223798e+02  1000  5000 -9.744206e-05     0 3.567364e-02 5.469287e+01 1.301019e+02 6.137580e-02 -7.741293e-05 
2.617000e+02 -9.747263e-03 5.176774e-02 -2.172748e+00 8.361615e+03 5.651117e+03 1.222520e+02  1000  5000 -9.822288e-05     0 3.567787e-02 5.489525e+01 1.301014e+02 6.137282e-02 -7.747460e-05 
2.618000e+02 -9.745613e-03 5.220196e-02 -2.172834e+00 8.354249e+03 5.640393e+03 1.221299e+02  1000  5000 -9.533558e-05     0 3.568238e-02 5.509751e+01 1.301008e+02 6.136965e-02 -7.720860e-05 
2.619000e+02 -9.744181e-03 5.263582e-02 -2.172920e+00 8.346882e+03 5.629671e+03 1.220135e+02  1000  5000 -9.111421e-05     0 3.568717e-02 5.529965e+01 1.301003e+02 6.136628e-02 -7.686437e-05 
  262 -9.743319e-03 5.306930e-02 -2.173006e+00 8.339514e+03 5.618949e+03 1.219028e+02  1000  5000 -8.648211e-05     0 3.569224e-02 5.550164e+01 1.300998e+02 6.136271e-02 -7.679013e-05 
2.621000e+02 -9.742754e-03 5.350235e-02 -2.173092e+00 8.332145e+03 5.608227e+03 1.217978e+02  1000  5000 -9.678216e-05     0 3.569759e-02 5.570347e+01 1.300992e+02 6.135894e-02 -7.706219e-05 
2.622000e+02 -9.741547e-03 5.393496e-02 -2.173177e+00 8.324776e+03 5.597506e+03 1.216985e+02  1000  5000 -9.754695e-05     0 3.570322e-02 5.590514e+01 1.300986e+02 6.135498e-02 -7.712705e-05 
2.623000e+02 -9.740011e-03 5.436708e-02 -2.173263e+00 8.317405e+03 5.586786e+03 1.216048e+02  1000  5000 -9.472780e-05     0 3.570912e-02 5.610661e+01 1.300980e+02 6.135082e-02 -7.687182e-05 
2.624000e+02 -9.738687e-03 5.479870e-02 -2.173348e+00 8.310034e+03 5.576067e+03 1.215168e+02  1000  5000 -9.060529e-05     0 3.571530e-02 5.630789e+01 1.300975e+02 6.134647e-02 -7.654019e-05 
2.625000e+02 -9.737916e-03 5.522978e-02 -2.173434e+00 8.302661e+03 5.565348e+03 1.214345e+02  1000  5000 -8.608127e-05     0 3.572176e-02 5.650896e+01 1.300969e+02 6.134192e-02 -7.647236e-05 
2.626000e+02 -9.737436e-03 5.566029e-02 -2.173519e+00 8.295288e+03 5.554630e+03 1.213578e+02  1000  5000 -9.614710e-05     0 3.572849e-02 5.670980e+01 1.300963e+02 6.133718e-02 -7.674290e-05 
2.627000e+02 -9.736331e-03 5.609021e-02 -2.173604e+00 8.287914e+03 5.543912e+03 1.212868e+02  1000  5000 -9.689618e-05     0 3.573549e-02 5.691040e+01 1.300957e+02 6.133224e-02 -7.681107e-05 
2.628000e+02 -9.734907e-03 5.651950e-02 -2.173689e+00 8.280539e+03 5.533195e+03 1.212215e+02  1000  5000 -9.414392e-05     0 3.574276e-02 5.711075e+01 1.300950e+02 6.132712e-02 -7.656658e-05 
2.629000e+02 -9.733688e-03 5.694813e-02 -2.173775e+00 8.273163e+03 5.522479e+03 1.211618e+02  1000  5000 -9.011845e-05     0 3.575031e-02 5.731083e+01 1.300944e+02 6.132180e-02 -7.624750e-05 
  263 -9.733008e-03 5.737609e-02 -2.173860e+00 8.265786e+03 5.511763e+03 1.211078e+02  1000  5000 -8.570055e-05     0 3.575813e-02 5.751063e+01 1.300938e+02 6.131630e-02 -7.618615e-05 
2.631000e+02 -9.732611e-03 5.780333e-02 -2.173944e+00 8.258408e+03 5.501048e+03 1.210594e+02  1000  5000 -9.553641e-05     0 3.576621e-02 5.771014e+01 1.300931e+02 6.131060e-02 -7.645537e-05 
2.632000e+02 -9.731606e-03 5.822984e-02 -2.174029e+00 8.251030e+03 5.490334e+03 1.210166e+02  1000  5000 -9.627009e-05     0 3.577457e-02 5.790934e+01 1.300925e+02 6.130471e-02 -7.652696e-05 
2.633000e+02 -9.730291e-03 5.865557e-02 -2.174114e+00 8.243650e+03 5.479620e+03 1.209794e+02  1000  5000 -9.358350e-05     0 3.578319e-02 5.810822e+01 1.300918e+02 6.129864e-02 -7.629320e-05 
2.634000e+02 -9.729177e-03 5.908051e-02 -2.174199e+00 8.236270e+03 5.468907e+03 1.209479e+02  1000  5000 -8.965331e-05     0 3.579207e-02 5.830676e+01 1.300911e+02 6.129238e-02 -7.598662e-05 
2.635000e+02 -9.728587e-03 5.950462e-02 -2.174283e+00 8.228888e+03 5.458195e+03 1.209219e+02  1000  5000 -8.533961e-05     0 3.580122e-02 5.850495e+01 1.300905e+02 6.128593e-02 -7.593180e-05 
2.636000e+02 -9.728272e-03 5.992788e-02 -2.174368e+00 8.221506e+03 5.447484e+03 1.209016e+02  1000  5000 -9.494968e-05     0 3.581064e-02 5.870279e+01 1.300898e+02 6.127930e-02 -7.619989e-05 
2.637000e+02 -9.727366e-03 6.035026e-02 -2.174452e+00 8.214123e+03 5.436773e+03 1.208868e+02  1000  5000 -9.566826e-05     0 3.582031e-02 5.890025e+01 1.300891e+02 6.127248e-02 -7.627502e-05 
2.638000e+02 -9.726159e-03 6.077173e-02 -2.174536e+00 8.206739e+03 5.426062e+03 1.208777e+02  1000  5000 -9.304618e-05     0 3.583025e-02 5.909732e+01 1.300884e+02 6.126548e-02 -7.605197e-05 
2.639000e+02 -9.725147e-03 6.119226e-02 -2.174621e+00 8.199355e+03 5.415353e+03 1.208740e+02  1000  5000 -8.920952e-05     0 3.584045e-02 5.929400e+01 1.300877e+02 6.125830e-02 -7.575784e-05 
  264 -9.724645e-03 6.161182e-02 -2.174705e+00 8.191969e+03 5.404644e+03 1.208760e+02  1000  5000 -8.499816e-05     0 3.585090e-02 5.949026e+01 1.300870e+02 6.125093e-02 -7.570960e-05 
2.641000e+02 -9.724411e-03 6.203040e-02 -2.174789e+00 8.184583e+03 5.393936e+03 1.208835e+02  1000  5000 -9.438653e-05     0 3.586161e-02 5.968609e+01 1.300863e+02 6.124338e-02 -7.597676e-05 
2.642000e+02 -9.723603e-03 6.244795e-02 -2.174873e+00 8.177195e+03 5.383228e+03 1.208965e+02  1000  5000 -9.509033e-05     0 3.587258e-02 5.988149e+01 1.300855e+02 6.123565e-02 -7.605553e-05 
2.643000e+02 -9.722501e-03 6.286446e-02 -2.174957e+00 8.169807e+03 5.372522e+03 1.209151e+02  1000  5000 -9.253159e-05     0 3.588380e-02 6.007643e+01 1.300848e+02 6.122775e-02 -7.584319e-05 
2.644000e+02 -9.721590e-03 6.327989e-02 -2.175041e+00 8.162418e+03 5.361815e+03 1.209392e+02  1000  5000 -8.878679e-05     0 3.589528e-02 6.027091e+01 1.300840e+02 6.121966e-02 -7.556146e-05 
2.645000e+02 -9.721176e-03 6.369422e-02 -2.175125e+00 8.155028e+03 5.351110e+03 1.209688e+02  1000  5000 -8.467595e-05     0 3.590700e-02 6.046491e+01 1.300833e+02 6.121140e-02 -7.551987e-05 
2.646000e+02 -9.721022e-03 6.410742e-02 -2.175209e+00 8.147638e+03 5.340405e+03 1.210039e+02  1000  5000 -9.384661e-05     0 3.591898e-02 6.065841e+01 1.300825e+02 6.120296e-02 -7.578627e-05 
2.647000e+02 -9.720310e-03 6.451947e-02 -2.175292e+00 8.140246e+03 5.329701e+03 1.210444e+02  1000  5000 -9.453593e-05     0 3.593120e-02 6.085142e+01 1.300818e+02 6.119434e-02 -7.586881e-05 
2.648000e+02 -9.719312e-03 6.493033e-02 -2.175376e+00 8.132854e+03 5.318998e+03 1.210904e+02  1000  5000 -9.203942e-05     0 3.594367e-02 6.104391e+01 1.300810e+02 6.118555e-02 -7.566715e-05 
2.649000e+02 -9.718501e-03 6.533998e-02 -2.175460e+00 8.125460e+03 5.308295e+03 1.211419e+02  1000  5000 -8.838483e-05     0 3.595639e-02 6.123587e+01 1.300802e+02 6.117659e-02 -7.539778e-05 
  265 -9.718172e-03 6.574840e-02 -2.175544e+00 8.118066e+03 5.297593e+03 1.211988e+02  1000  5000 -8.437274e-05     0 3.596935e-02 6.142729e+01 1.300794e+02 6.116746e-02 -7.536289e-05 
2.651000e+02 -9.718098e-03 6.615556e-02 -2.175627e+00 8.110671e+03 5.286892e+03 1.212611e+02  1000  5000 -9.332961e-05     0 3.598256e-02 6.161816e+01 1.300786e+02 6.115816e-02 -7.562874e-05 
2.652000e+02 -9.717481e-03 6.656143e-02 -2.175710e+00 8.103275e+03 5.276191e+03 1.213289e+02  1000  5000 -9.400476e-05     0 3.599600e-02 6.180846e+01 1.300778e+02 6.114868e-02 -7.571515e-05 
2.653000e+02 -9.716586e-03 6.696599e-02 -2.175794e+00 8.095879e+03 5.265492e+03 1.214020e+02  1000  5000 -9.156939e-05     0 3.600969e-02 6.199818e+01 1.300770e+02 6.113904e-02 -7.552417e-05 
2.654000e+02 -9.715872e-03 6.736920e-02 -2.175877e+00 8.088481e+03 5.254792e+03 1.214805e+02  1000  5000 -8.800341e-05     0 3.602361e-02 6.218731e+01 1.300762e+02 6.112923e-02 -7.526713e-05 
2.655000e+02 -9.715630e-03 6.777105e-02 -2.175961e+00 8.081083e+03 5.244094e+03 1.215644e+02  1000  5000 -8.408833e-05     0 3.603777e-02 6.237584e+01 1.300754e+02 6.111925e-02 -7.523899e-05 
2.656000e+02 -9.715634e-03 6.817152e-02 -2.176044e+00 8.073684e+03 5.233396e+03 1.216537e+02  1000  5000 -9.283522e-05     0 3.605217e-02 6.256376e+01 1.300746e+02 6.110911e-02 -7.550447e-05 
2.657000e+02 -9.715110e-03 6.857056e-02 -2.176127e+00 8.066284e+03 5.222699e+03 1.217482e+02  1000  5000 -9.349649e-05     0 3.606680e-02 6.275105e+01 1.300738e+02 6.109880e-02 -7.559488e-05 
2.658000e+02 -9.714317e-03 6.896816e-02 -2.176210e+00 8.058883e+03 5.212003e+03 1.218481e+02  1000  5000 -9.112120e-05     0 3.608165e-02 6.293770e+01 1.300729e+02 6.108833e-02 -7.541458e-05 
2.659000e+02 -9.713699e-03 6.936430e-02 -2.176293e+00 8.051482e+03 5.201308e+03 1.219533e+02  1000  5000 -8.764229e-05     0 3.609674e-02 6.312370e+01 1.300721e+02 6.107770e-02 -7.516982e-05 
  266 -9.713541e-03 6.975894e-02 -2.176376e+00 8.044080e+03 5.190613e+03 1.220637e+02  1000  5000 -8.382254e-05     0 3.611206e-02 6.330904e+01 1.300712e+02 6.106691e-02 -7.514850e-05 
2.661000e+02 -9.713624e-03 7.015207e-02 -2.176459e+00 8.036676e+03 5.179919e+03 1.221795e+02  1000  5000 -9.236315e-05     0 3.612760e-02 6.349370e+01 1.300704e+02 6.105596e-02 -7.541380e-05 
2.662000e+02 -9.713192e-03 7.054365e-02 -2.176542e+00 8.029272e+03 5.169225e+03 1.223004e+02  1000  5000 -9.301082e-05     0 3.614337e-02 6.367768e+01 1.300695e+02 6.104485e-02 -7.550832e-05 
2.663000e+02 -9.712498e-03 7.093367e-02 -2.176625e+00 8.021868e+03 5.158533e+03 1.224266e+02  1000  5000 -9.069458e-05     0 3.615936e-02 6.386096e+01 1.300687e+02 6.103358e-02 -7.533870e-05 
2.664000e+02 -9.711977e-03 7.132210e-02 -2.176708e+00 8.014462e+03 5.147841e+03 1.225581e+02  1000  5000 -8.730124e-05     0 3.617558e-02 6.404353e+01 1.300678e+02 6.102216e-02 -7.510620e-05 
2.665000e+02 -9.711902e-03 7.170892e-02 -2.176791e+00 8.007056e+03 5.137150e+03 1.226946e+02  1000  5000 -8.357520e-05     0 3.619201e-02 6.422538e+01 1.300669e+02 6.101058e-02 -7.509178e-05 
2.666000e+02 -9.712062e-03 7.209410e-02 -2.176873e+00 7.999648e+03 5.126459e+03 1.228364e+02  1000  5000 -9.191310e-05     0 3.620866e-02 6.440650e+01 1.300660e+02 6.099885e-02 -7.535709e-05 
2.667000e+02 -9.711722e-03 7.247761e-02 -2.176956e+00 7.992240e+03 5.115769e+03 1.229833e+02  1000  5000 -9.254746e-05     0 3.622553e-02 6.458688e+01 1.300651e+02 6.098697e-02 -7.545584e-05 
2.668000e+02 -9.711127e-03 7.285944e-02 -2.177038e+00 7.984832e+03 5.105080e+03 1.231354e+02  1000  5000 -9.028928e-05     0 3.624261e-02 6.476650e+01 1.300643e+02 6.097494e-02 -7.529691e-05 
2.669000e+02 -9.710700e-03 7.323956e-02 -2.177121e+00 7.977422e+03 5.094392e+03 1.232926e+02  1000  5000 -8.698004e-05     0 3.625990e-02 6.494535e+01 1.300634e+02 6.096276e-02 -7.507666e-05 
  267 -9.710708e-03 7.361794e-02 -2.177204e+00 7.970011e+03 5.083705e+03 1.234548e+02  1000  5000 -8.334613e-05     0 3.627740e-02 6.512343e+01 1.300625e+02 6.095043e-02 -7.506919e-05 
2.671000e+02 -9.710945e-03 7.399457e-02 -2.177286e+00 7.962600e+03 5.073018e+03 1.236221e+02  1000  5000 -9.148480e-05     0 3.629511e-02 6.530072e+01 1.300615e+02 6.093796e-02 -7.533472e-05 
2.672000e+02 -9.710695e-03 7.436942e-02 -2.177369e+00 7.955188e+03 5.062332e+03 1.237945e+02  1000  5000 -9.210610e-05     0 3.631303e-02 6.547722e+01 1.300606e+02 6.092534e-02 -7.543782e-05 
2.673000e+02 -9.710198e-03 7.474247e-02 -2.177451e+00 7.947775e+03 5.051647e+03 1.239719e+02  1000  5000 -8.990502e-05     0 3.633115e-02 6.565290e+01 1.300597e+02 6.091258e-02 -7.528960e-05 
2.674000e+02 -9.709864e-03 7.511369e-02 -2.177534e+00 7.940362e+03 5.040962e+03 1.241543e+02  1000  5000 -8.667847e-05     0 3.634948e-02 6.582776e+01 1.300588e+02 6.089967e-02 -7.508158e-05 
2.675000e+02 -9.709954e-03 7.548306e-02 -2.177616e+00 7.932947e+03 5.030278e+03 1.243417e+02  1000  5000 -8.313517e-05     0 3.636800e-02 6.600179e+01 1.300579e+02 6.088663e-02 -7.508116e-05 
2.676000e+02 -9.710268e-03 7.585057e-02 -2.177699e+00 7.925532e+03 5.019595e+03 1.245341e+02  1000  5000 -9.107793e-05     0 3.638673e-02 6.617498e+01 1.300569e+02 6.087344e-02 -7.534709e-05 
2.677000e+02 -9.710108e-03 7.621618e-02 -2.177781e+00 7.918116e+03 5.008913e+03 1.247313e+02  1000  5000 -9.168645e-05     0 3.640565e-02 6.634731e+01 1.300560e+02 6.086012e-02 -7.545468e-05 
2.678000e+02 -9.709707e-03 7.657988e-02 -2.177863e+00 7.910700e+03 4.998231e+03 1.249335e+02  1000  5000 -8.954154e-05     0 3.642477e-02 6.651879e+01 1.300551e+02 6.084666e-02 -7.531719e-05 
2.679000e+02 -9.709465e-03 7.694164e-02 -2.177946e+00 7.903282e+03 4.987550e+03 1.251406e+02  1000  5000 -8.639632e-05     0 3.644408e-02 6.668939e+01 1.300541e+02 6.083306e-02 -7.512141e-05 
  268 -9.709638e-03 7.730144e-02 -2.178028e+00 7.895864e+03 4.976870e+03 1.253526e+02  1000  5000 -8.294216e-05     0 3.646358e-02 6.685910e+01 1.300532e+02 6.081933e-02 -7.512813e-05 
2.681000e+02 -9.710028e-03 7.765927e-02 -2.178110e+00 7.888445e+03 4.966191e+03 1.255694e+02  1000  5000 -9.069222e-05     0 3.648327e-02 6.702792e+01 1.300522e+02 6.080547e-02 -7.539465e-05 
2.682000e+02 -9.709956e-03 7.801509e-02 -2.178192e+00 7.881025e+03 4.955513e+03 1.257910e+02  1000  5000 -9.128818e-05     0 3.650315e-02 6.719584e+01 1.300513e+02 6.079147e-02 -7.550686e-05 
2.683000e+02 -9.709651e-03 7.836889e-02 -2.178274e+00 7.873604e+03 4.944835e+03 1.260175e+02  1000  5000 -8.919855e-05     0 3.652321e-02 6.736284e+01 1.300503e+02 6.077735e-02 -7.538015e-05 
2.684000e+02 -9.709502e-03 7.872065e-02 -2.178357e+00 7.866183e+03 4.934158e+03 1.262486e+02  1000  5000 -8.613336e-05     0 3.654346e-02 6.752892e+01 1.300494e+02 6.076310e-02 -7.519663e-05 
2.685000e+02 -9.709755e-03 7.907034e-02 -2.178439e+00 7.858761e+03 4.923482e+03 1.264846e+02  1000  5000 -8.276693e-05     0 3.656388e-02 6.769406e+01 1.300484e+02 6.074872e-02 -7.521057e-05 
2.686000e+02 -9.710222e-03 7.941795e-02 -2.178521e+00 7.851338e+03 4.912806e+03 1.267252e+02  1000  5000 -9.032734e-05     0 3.658449e-02 6.785826e+01 1.300474e+02 6.073422e-02 -7.547790e-05 
2.687000e+02 -9.710239e-03 7.976346e-02 -2.178603e+00 7.843914e+03 4.902131e+03 1.269706e+02  1000  5000 -9.091098e-05     0 3.660527e-02 6.802151e+01 1.300465e+02 6.071960e-02 -7.559488e-05 
2.688000e+02 -9.710029e-03 8.010684e-02 -2.178685e+00 7.836489e+03 4.891457e+03 1.272206e+02  1000  5000 -8.887576e-05     0 3.662623e-02 6.818379e+01 1.300455e+02 6.070485e-02 -7.547899e-05 
2.689000e+02 -9.709970e-03 8.044807e-02 -2.178767e+00 7.829064e+03 4.880784e+03 1.274753e+02  1000  5000 -8.588936e-05     0 3.664736e-02 6.834510e+01 1.300445e+02 6.068998e-02 -7.530774e-05 
  269 -9.710306e-03 8.078714e-02 -2.178850e+00 7.821638e+03 4.870112e+03 1.277345e+02  1000  5000 -8.260930e-05     0 3.666866e-02 6.850542e+01 1.300435e+02 6.067500e-02 -7.532902e-05 
2.691000e+02 -9.710848e-03 8.112403e-02 -2.178931e+00 7.814211e+03 4.859440e+03 1.279984e+02  1000  5000 -8.998299e-05     0 3.669013e-02 6.866476e+01 1.300425e+02 6.065989e-02 -7.559736e-05 
2.692000e+02 -9.710954e-03 8.145871e-02 -2.179013e+00 7.806784e+03 4.848769e+03 1.282668e+02  1000  5000 -9.055452e-05     0 3.671176e-02 6.882309e+01 1.300416e+02 6.064467e-02 -7.571926e-05 
2.693000e+02 -9.710838e-03 8.179116e-02 -2.179096e+00 7.799355e+03 4.838099e+03 1.285398e+02  1000  5000 -8.857290e-05     0 3.673356e-02 6.898041e+01 1.300406e+02 6.062934e-02 -7.561426e-05 
2.694000e+02 -9.710870e-03 8.212138e-02 -2.179178e+00 7.791926e+03 4.827430e+03 1.288172e+02  1000  5000 -8.566409e-05     0 3.675552e-02 6.913671e+01 1.300396e+02 6.061389e-02 -7.545533e-05 
2.695000e+02 -9.711287e-03 8.244933e-02 -2.179260e+00 7.784496e+03 4.816761e+03 1.290992e+02  1000  5000 -8.246912e-05     0 3.677764e-02 6.929199e+01 1.300386e+02 6.059833e-02 -7.548405e-05 
2.696000e+02 -9.711906e-03 8.277500e-02 -2.179342e+00 7.777066e+03 4.806093e+03 1.293856e+02  1000  5000 -8.965884e-05     0 3.679992e-02 6.944622e+01 1.300376e+02 6.058266e-02 -7.575362e-05 
2.697000e+02 -9.712099e-03 8.309838e-02 -2.179424e+00 7.769634e+03 4.795426e+03 1.296764e+02  1000  5000 -9.021845e-05     0 3.682235e-02 6.959941e+01 1.300366e+02 6.056689e-02 -7.588060e-05 
2.698000e+02 -9.712077e-03 8.341944e-02 -2.179506e+00 7.762202e+03 4.784760e+03 1.299716e+02  1000  5000 -8.828966e-05     0 3.684494e-02 6.975154e+01 1.300356e+02 6.055100e-02 -7.578656e-05 
2.699000e+02 -9.712201e-03 8.373816e-02 -2.179588e+00 7.754769e+03 4.774094e+03 1.302712e+02  1000  5000 -8.545730e-05     0 3.686768e-02 6.990261e+01 1.300346e+02 6.053501e-02 -7.564000e-05 
  270 -9.712699e-03 8.405453e-02 -2.179670e+00 7.747335e+03 4.763430e+03 1.305751e+02  1000  5000 -8.234621e-05     0 3.689056e-02 7.005261e+01 1.300336e+02 6.051892e-02 -7.567629e-05 
2.701000e+02 -9.713394e-03 8.436853e-02 -2.179752e+00 7.739901e+03 4.752766e+03 1.308833e+02  1000  5000 -8.935455e-05     0 3.691360e-02 7.020152e+01 1.300325e+02 6.050273e-02 -7.594730e-05 
2.702000e+02 -9.713676e-03 8.468014e-02 -2.179834e+00 7.732466e+03 4.742102e+03 1.311957e+02  1000  5000 -8.990244e-05     0 3.693677e-02 7.034935e+01 1.300315e+02 6.048644e-02 -7.607954e-05 
2.703000e+02 -9.713748e-03 8.498934e-02 -2.179916e+00 7.725030e+03 4.731440e+03 1.315125e+02  1000  5000 -8.802573e-05     0 3.696009e-02 7.049607e+01 1.300305e+02 6.047005e-02 -7.599654e-05 
2.704000e+02 -9.713963e-03 8.529612e-02 -2.179998e+00 7.717593e+03 4.720778e+03 1.318334e+02  1000  5000 -8.526877e-05     0 3.698355e-02 7.064169e+01 1.300295e+02 6.045356e-02 -7.586242e-05 
2.705000e+02 -9.714542e-03 8.560046e-02 -2.180080e+00 7.710156e+03 4.710118e+03 1.321585e+02  1000  5000 -8.224040e-05     0 3.700715e-02 7.078620e+01 1.300285e+02 6.043697e-02 -7.590643e-05 
2.706000e+02 -9.715315e-03 8.590235e-02 -2.180162e+00 7.702717e+03 4.699458e+03 1.324878e+02  1000  5000 -8.906979e-05     0 3.703088e-02 7.092958e+01 1.300275e+02 6.042029e-02 -7.617911e-05 
2.707000e+02 -9.715685e-03 8.620176e-02 -2.180244e+00 7.695278e+03 4.688798e+03 1.328212e+02  1000  5000 -8.960612e-05     0 3.705475e-02 7.107183e+01 1.300264e+02 6.040352e-02 -7.631678e-05 
2.708000e+02 -9.715851e-03 8.649868e-02 -2.180326e+00 7.687839e+03 4.678140e+03 1.331587e+02  1000  5000 -8.778081e-05     0 3.707875e-02 7.121295e+01 1.300254e+02 6.038666e-02 -7.624492e-05 
2.709000e+02 -9.716157e-03 8.679310e-02 -2.180408e+00 7.680398e+03 4.667482e+03 1.335003e+02  1000  5000 -8.509823e-05     0 3.710287e-02 7.135292e+01 1.300244e+02 6.036972e-02 -7.612333e-05 
  271 -9.716818e-03 8.708499e-02 -2.180490e+00 7.672957e+03 4.656825e+03 1.338459e+02  1000  5000 -8.215151e-05     0 3.712712e-02 7.149173e+01 1.300234e+02 6.035268e-02 -7.617520e-05 
2.711000e+02 -9.717669e-03 8.737435e-02 -2.180572e+00 7.665515e+03 4.646169e+03 1.341954e+02  1000  5000 -8.880421e-05     0 3.715150e-02 7.162938e+01 1.300223e+02 6.033556e-02 -7.644978e-05 
2.712000e+02 -9.718128e-03 8.766116e-02 -2.180654e+00 7.658072e+03 4.635514e+03 1.345490e+02  1000  5000 -8.932914e-05     0 3.717600e-02 7.176587e+01 1.300213e+02 6.031835e-02 -7.659307e-05 
2.713000e+02 -9.718389e-03 8.794540e-02 -2.180736e+00 7.650629e+03 4.624859e+03 1.349065e+02  1000  5000 -8.755457e-05     0 3.720062e-02 7.190117e+01 1.300203e+02 6.030106e-02 -7.653248e-05 
2.714000e+02 -9.718786e-03 8.822705e-02 -2.180818e+00 7.643184e+03 4.614205e+03 1.352679e+02  1000  5000 -8.494545e-05     0 3.722535e-02 7.203530e+01 1.300193e+02 6.028369e-02 -7.642351e-05 
2.715000e+02 -9.719531e-03 8.850611e-02 -2.180900e+00 7.635739e+03 4.603552e+03 1.356331e+02  1000  5000 -8.207937e-05     0 3.725020e-02 7.216823e+01 1.300182e+02 6.026624e-02 -7.648340e-05 
2.716000e+02 -9.720460e-03 8.878256e-02 -2.180982e+00 7.628294e+03 4.592900e+03 1.360022e+02  1000  5000 -8.855745e-05     0 3.727517e-02 7.229996e+01 1.300172e+02 6.024872e-02 -7.676013e-05 
2.717000e+02 -9.721008e-03 8.905637e-02 -2.181064e+00 7.620847e+03 4.582248e+03 1.363751e+02  1000  5000 -8.907111e-05     0 3.730024e-02 7.243050e+01 1.300162e+02 6.023112e-02 -7.690924e-05 
2.718000e+02 -9.721364e-03 8.932755e-02 -2.181147e+00 7.613400e+03 4.571598e+03 1.367517e+02  1000  5000 -8.734669e-05     0 3.732542e-02 7.255981e+01 1.300151e+02 6.021344e-02 -7.686006e-05 
2.719000e+02 -9.721854e-03 8.959607e-02 -2.181229e+00 7.605952e+03 4.560948e+03 1.371321e+02  1000  5000 -8.481017e-05     0 3.735071e-02 7.268791e+01 1.300141e+02 6.019570e-02 -7.676383e-05 
  272 -9.722683e-03 8.986192e-02 -2.181311e+00 7.598503e+03 4.550299e+03 1.375162e+02  1000  5000 -8.202382e-05     0 3.737610e-02 7.281479e+01 1.300131e+02 6.017788e-02 -7.683192e-05 
2.721000e+02 -9.723692e-03 9.012509e-02 -2.181393e+00 7.591053e+03 4.539651e+03 1.379039e+02  1000  5000 -8.832916e-05     0 3.740159e-02 7.294043e+01 1.300120e+02 6.015999e-02 -7.711104e-05 
2.722000e+02 -9.724330e-03 9.038557e-02 -2.181475e+00 7.583603e+03 4.529003e+03 1.382953e+02  1000  5000 -8.883167e-05     0 3.742718e-02 7.306483e+01 1.300110e+02 6.014203e-02 -7.726618e-05 
2.723000e+02 -9.724783e-03 9.064333e-02 -2.181558e+00 7.576152e+03 4.518356e+03 1.386903e+02  1000  5000 -8.715686e-05     0 3.745287e-02 7.318799e+01 1.300100e+02 6.012401e-02 -7.722855e-05 
2.724000e+02 -9.725366e-03 9.089838e-02 -2.181640e+00 7.568700e+03 4.507710e+03 1.390888e+02  1000  5000 -8.469215e-05     0 3.747865e-02 7.330990e+01 1.300089e+02 6.010593e-02 -7.714521e-05 
2.725000e+02 -9.726280e-03 9.115068e-02 -2.181722e+00 7.561247e+03 4.497065e+03 1.394909e+02  1000  5000 -8.198469e-05     0 3.750453e-02 7.343055e+01 1.300079e+02 6.008778e-02 -7.722169e-05 
2.726000e+02 -9.727370e-03 9.140025e-02 -2.181805e+00 7.553794e+03 4.486421e+03 1.398965e+02  1000  5000 -8.811896e-05     0 3.753049e-02 7.354994e+01 1.300069e+02 6.006957e-02 -7.750346e-05 
2.727000e+02 -9.728101e-03 9.164705e-02 -2.181887e+00 7.546340e+03 4.475777e+03 1.403055e+02  1000  5000 -8.861044e-05     0 3.755654e-02 7.366806e+01 1.300058e+02 6.005131e-02 -7.766485e-05 
2.728000e+02 -9.728650e-03 9.189108e-02 -2.181970e+00 7.538885e+03 4.465134e+03 1.407180e+02  1000  5000 -8.698473e-05     0 3.758268e-02 7.378490e+01 1.300048e+02 6.003298e-02 -7.763895e-05 
2.729000e+02 -9.729328e-03 9.213232e-02 -2.182052e+00 7.531430e+03 4.454492e+03 1.411338e+02  1000  5000 -8.459114e-05     0 3.760890e-02 7.390046e+01 1.300038e+02 6.001460e-02 -7.756866e-05 
  273 -9.730329e-03 9.237077e-02 -2.182135e+00 7.523973e+03 4.443851e+03 1.415530e+02  1000  5000 -8.196181e-05     0 3.763519e-02 7.401474e+01 1.300027e+02 5.999617e-02 -7.765373e-05 
2.731000e+02 -9.731502e-03 9.260642e-02 -2.182217e+00 7.516516e+03 4.433211e+03 1.419755e+02  1000  5000 -8.792651e-05     0 3.766157e-02 7.412772e+01 1.300017e+02 5.997768e-02 -7.793841e-05 
2.732000e+02 -9.732326e-03 9.283924e-02 -2.182300e+00 7.509058e+03 4.422571e+03 1.424013e+02  1000  5000 -8.840703e-05     0 3.768802e-02 7.423940e+01 1.300007e+02 5.995914e-02 -7.810629e-05 
2.733000e+02 -9.732974e-03 9.306924e-02 -2.182382e+00 7.501600e+03 4.411932e+03 1.428303e+02  1000  5000 -8.682999e-05     0 3.771455e-02 7.434978e+01 1.299996e+02 5.994055e-02 -7.809231e-05 
2.734000e+02 -9.733748e-03 9.329639e-02 -2.182465e+00 7.494140e+03 4.401294e+03 1.432626e+02  1000  5000 -8.450688e-05     0 3.774115e-02 7.445886e+01 1.299986e+02 5.992192e-02 -7.803524e-05 
2.735000e+02 -9.734838e-03 9.352070e-02 -2.182548e+00 7.486680e+03 4.390657e+03 1.436980e+02  1000  5000 -8.195504e-05     0 3.776782e-02 7.456661e+01 1.299976e+02 5.990324e-02 -7.812913e-05 
2.736000e+02 -9.736096e-03 9.374215e-02 -2.182630e+00 7.479219e+03 4.380021e+03 1.441365e+02  1000  5000 -8.775141e-05     0 3.779455e-02 7.467305e+01 1.299965e+02 5.988452e-02 -7.841700e-05 
2.737000e+02 -9.737015e-03 9.396072e-02 -2.182713e+00 7.471757e+03 4.369385e+03 1.445782e+02  1000  5000 -8.822105e-05     0 3.782135e-02 7.477817e+01 1.299955e+02 5.986575e-02 -7.859162e-05 
2.738000e+02 -9.737764e-03 9.417642e-02 -2.182796e+00 7.464295e+03 4.358750e+03 1.450229e+02  1000  5000 -8.669230e-05     0 3.784820e-02 7.488195e+01 1.299945e+02 5.984694e-02 -7.858977e-05 
2.739000e+02 -9.738636e-03 9.438922e-02 -2.182879e+00 7.456832e+03 4.348116e+03 1.454706e+02  1000  5000 -8.443915e-05     0 3.787512e-02 7.498441e+01 1.299935e+02 5.982809e-02 -7.854614e-05 
  274 -9.739816e-03 9.459913e-02 -2.182962e+00 7.449368e+03 4.337482e+03 1.459213e+02  1000  5000 -8.196423e-05     0 3.790210e-02 7.508552e+01 1.299924e+02 5.980921e-02 -7.864908e-05 
2.741000e+02 -9.741162e-03 9.480612e-02 -2.183045e+00 7.441903e+03 4.326850e+03 1.463750e+02  1000  5000 -8.759329e-05     0 3.792913e-02 7.518529e+01 1.299914e+02 5.979029e-02 -7.894042e-05 
2.742000e+02 -9.742178e-03 9.501020e-02 -2.183128e+00 7.434438e+03 4.316218e+03 1.468316e+02  1000  5000 -8.805209e-05     0 3.795621e-02 7.528372e+01 1.299904e+02 5.977133e-02 -7.912206e-05 
2.743000e+02 -9.743030e-03 9.521135e-02 -2.183211e+00 7.426971e+03 4.305587e+03 1.472911e+02  1000  5000 -8.657131e-05     0 3.798335e-02 7.538079e+01 1.299894e+02 5.975235e-02 -7.913257e-05 
2.744000e+02 -9.744003e-03 9.540956e-02 -2.183294e+00 7.419504e+03 4.294957e+03 1.477534e+02  1000  5000 -8.438768e-05     0 3.801053e-02 7.547651e+01 1.299884e+02 5.973333e-02 -7.910260e-05 
2.745000e+02 -9.745276e-03 9.560484e-02 -2.183377e+00 7.412037e+03 4.284328e+03 1.482185e+02  1000  5000 -8.198922e-05     0 3.803776e-02 7.557086e+01 1.299873e+02 5.971428e-02 -7.921485e-05 
2.746000e+02 -9.746712e-03 9.579716e-02 -2.183460e+00 7.404568e+03 4.273699e+03 1.486863e+02  1000  5000 -8.745175e-05     0 3.806503e-02 7.566386e+01 1.299863e+02 5.969521e-02 -7.950996e-05 
2.747000e+02 -9.747828e-03 9.598651e-02 -2.183544e+00 7.397099e+03 4.263071e+03 1.491569e+02  1000  5000 -8.789974e-05     0 3.809234e-02 7.575548e+01 1.299853e+02 5.967610e-02 -7.969890e-05 
2.748000e+02 -9.748786e-03 9.617291e-02 -2.183627e+00 7.389629e+03 4.252444e+03 1.496302e+02  1000  5000 -8.646667e-05     0 3.811969e-02 7.584573e+01 1.299843e+02 5.965698e-02 -7.972204e-05 
2.749000e+02 -9.749861e-03 9.635632e-02 -2.183711e+00 7.382158e+03 4.241818e+03 1.501061e+02  1000  5000 -8.435222e-05     0 3.814708e-02 7.593461e+01 1.299833e+02 5.963783e-02 -7.970598e-05 
  275 -9.751231e-03 9.653676e-02 -2.183794e+00 7.374686e+03 4.231192e+03 1.505846e+02  1000  5000 -8.202988e-05     0 3.817450e-02 7.602210e+01 1.299823e+02 5.961866e-02 -7.982783e-05 
2.751000e+02 -9.752760e-03 9.671420e-02 -2.183877e+00 7.367214e+03 4.220568e+03 1.510657e+02  1000  5000 -8.732639e-05     0 3.820196e-02 7.610822e+01 1.299813e+02 5.959947e-02 -8.012702e-05 
2.752000e+02 -9.753979e-03 9.688866e-02 -2.183961e+00 7.359740e+03 4.209944e+03 1.515493e+02  1000  5000 -8.776357e-05     0 3.822944e-02 7.619295e+01 1.299803e+02 5.958026e-02 -8.032355e-05 
2.753000e+02 -9.755044e-03 9.706010e-02 -2.184045e+00 7.352266e+03 4.199321e+03 1.520354e+02  1000  5000 -8.637804e-05     0 3.825695e-02 7.627628e+01 1.299793e+02 5.956104e-02 -8.035960e-05 
2.754000e+02 -9.756226e-03 9.722854e-02 -2.184129e+00 7.344792e+03 4.188698e+03 1.525240e+02  1000  5000 -8.433252e-05     0 3.828449e-02 7.635823e+01 1.299783e+02 5.954180e-02 -8.035774e-05 
2.755000e+02 -9.757695e-03 9.739396e-02 -2.184212e+00 7.337316e+03 4.178077e+03 1.530150e+02  1000  5000 -8.208606e-05     0 3.831205e-02 7.643878e+01 1.299773e+02 5.952255e-02 -8.048949e-05 
2.756000e+02 -9.759321e-03 9.755637e-02 -2.184296e+00 7.329840e+03 4.167456e+03 1.535083e+02  1000  5000 -8.721680e-05     0 3.833963e-02 7.651793e+01 1.299763e+02 5.950329e-02 -8.079308e-05 
2.757000e+02 -9.760646e-03 9.771574e-02 -2.184380e+00 7.322363e+03 4.156836e+03 1.540040e+02  1000  5000 -8.764314e-05     0 3.836723e-02 7.659567e+01 1.299753e+02 5.948401e-02 -8.099753e-05 
2.758000e+02 -9.761823e-03 9.787209e-02 -2.184464e+00 7.314885e+03 4.146217e+03 1.545020e+02  1000  5000 -8.630502e-05     0 3.839485e-02 7.667201e+01 1.299743e+02 5.946473e-02 -8.104681e-05 
2.759000e+02 -9.763115e-03 9.802539e-02 -2.184548e+00 7.307406e+03 4.135598e+03 1.550023e+02  1000  5000 -8.432830e-05     0 3.842248e-02 7.674695e+01 1.299734e+02 5.944544e-02 -8.105947e-05 
  276 -9.764687e-03 9.817566e-02 -2.184633e+00 7.299927e+03 4.124981e+03 1.555048e+02  1000  5000 -8.215761e-05     0 3.845012e-02 7.682047e+01 1.299724e+02 5.942615e-02 -8.120143e-05 
2.761000e+02 -9.766413e-03 9.832288e-02 -2.184717e+00 7.292446e+03 4.114364e+03 1.560094e+02  1000  5000 -8.712251e-05     0 3.847777e-02 7.689259e+01 1.299714e+02 5.940685e-02 -8.150976e-05 
2.762000e+02 -9.767848e-03 9.846704e-02 -2.184801e+00 7.284965e+03 4.103748e+03 1.565162e+02  1000  5000 -8.753797e-05     0 3.850543e-02 7.696328e+01 1.299704e+02 5.938755e-02 -8.172248e-05 
2.763000e+02 -9.769141e-03 9.860815e-02 -2.184886e+00 7.277484e+03 4.093132e+03 1.570251e+02  1000  5000 -8.624723e-05     0 3.853310e-02 7.703256e+01 1.299695e+02 5.936825e-02 -8.178533e-05 
2.764000e+02 -9.770547e-03 9.874620e-02 -2.184970e+00 7.270001e+03 4.082518e+03 1.575360e+02  1000  5000 -8.433930e-05     0 3.856076e-02 7.710042e+01 1.299685e+02 5.934895e-02 -8.181286e-05 
2.765000e+02 -9.772226e-03 9.888119e-02 -2.185055e+00 7.262517e+03 4.071904e+03 1.580490e+02  1000  5000 -8.224437e-05     0 3.858843e-02 7.716686e+01 1.299675e+02 5.932965e-02 -8.196540e-05 
2.766000e+02 -9.774056e-03 9.901311e-02 -2.185139e+00 7.255033e+03 4.061291e+03 1.585639e+02  1000  5000 -8.704307e-05     0 3.861610e-02 7.723187e+01 1.299666e+02 5.931036e-02 -8.227883e-05 
2.767000e+02 -9.775606e-03 9.914195e-02 -2.185224e+00 7.247548e+03 4.050679e+03 1.590808e+02  1000  5000 -8.744756e-05     0 3.864377e-02 7.729546e+01 1.299656e+02 5.929107e-02 -8.250017e-05 
2.768000e+02 -9.777019e-03 9.926773e-02 -2.185309e+00 7.240062e+03 4.040067e+03 1.595996e+02  1000  5000 -8.620424e-05     0 3.867143e-02 7.735762e+01 1.299646e+02 5.927179e-02 -8.257699e-05 
2.769000e+02 -9.778543e-03 9.939042e-02 -2.185394e+00 7.232576e+03 4.029457e+03 1.601202e+02  1000  5000 -8.436520e-05     0 3.869908e-02 7.741836e+01 1.299637e+02 5.925252e-02 -8.261977e-05 
  277 -9.780334e-03 9.951004e-02 -2.185479e+00 7.225088e+03 4.018847e+03 1.606427e+02  1000  5000 -8.234619e-05     0 3.872672e-02 7.747766e+01 1.299627e+02 5.923326e-02 -8.278326e-05 
2.771000e+02 -9.782273e-03 9.962657e-02 -2.185564e+00 7.217600e+03 4.008238e+03 1.611670e+02  1000  5000 -8.697797e-05     0 3.875435e-02 7.753553e+01 1.299618e+02 5.921401e-02 -8.310216e-05 
2.772000e+02 -9.783942e-03 9.974002e-02 -2.185649e+00 7.210111e+03 3.997629e+03 1.616929e+02  1000  5000 -8.737137e-05     0 3.878197e-02 7.759196e+01 1.299609e+02 5.919477e-02 -8.333254e-05 
2.773000e+02 -9.785481e-03 9.985038e-02 -2.185735e+00 7.202621e+03 3.987022e+03 1.622206e+02  1000  5000 -8.617560e-05     0 3.880957e-02 7.764697e+01 1.299599e+02 5.917555e-02 -8.342373e-05 
2.774000e+02 -9.787128e-03 9.995765e-02 -2.185820e+00 7.195131e+03 3.976415e+03 1.627500e+02  1000  5000 -8.440568e-05     0 3.883715e-02 7.770053e+01 1.299590e+02 5.915635e-02 -8.348219e-05 
2.775000e+02 -9.789036e-03 1.000618e-01 -2.185906e+00 7.187639e+03 3.965809e+03 1.632809e+02  1000  5000 -8.246288e-05     0 3.886471e-02 7.775266e+01 1.299581e+02 5.913716e-02 -8.365705e-05 
2.776000e+02 -9.791089e-03 1.001629e-01 -2.185991e+00 7.180147e+03 3.955204e+03 1.638135e+02  1000  5000 -8.692667e-05     0 3.889225e-02 7.780335e+01 1.299571e+02 5.911799e-02 -8.398182e-05 
2.777000e+02 -9.792883e-03 1.002609e-01 -2.186077e+00 7.172654e+03 3.944599e+03 1.643475e+02  1000  5000 -8.730883e-05     0 3.891976e-02 7.785260e+01 1.299562e+02 5.909884e-02 -8.422166e-05 
2.778000e+02 -9.794553e-03 1.003558e-01 -2.186163e+00 7.165160e+03 3.933996e+03 1.648831e+02  1000  5000 -8.616082e-05     0 3.894725e-02 7.790042e+01 1.299553e+02 5.907971e-02 -8.432768e-05 
2.779000e+02 -9.796329e-03 1.004476e-01 -2.186249e+00 7.157665e+03 3.923393e+03 1.654201e+02  1000  5000 -8.446039e-05     0 3.897471e-02 7.794679e+01 1.299544e+02 5.906061e-02 -8.440229e-05 
  278 -9.798360e-03 1.005363e-01 -2.186335e+00 7.150169e+03 3.912790e+03 1.659586e+02  1000  5000 -8.259424e-05     0 3.900214e-02 7.799172e+01 1.299535e+02 5.904153e-02 -8.458897e-05 
2.781000e+02 -9.800533e-03 1.006220e-01 -2.186421e+00 7.142673e+03 3.902189e+03 1.664984e+02  1000  5000 -8.688856e-05     0 3.902954e-02 7.803521e+01 1.299526e+02 5.902248e-02 -8.492004e-05 
2.782000e+02 -9.802458e-03 1.007045e-01 -2.186507e+00 7.135176e+03 3.891588e+03 1.670396e+02  1000  5000 -8.725929e-05     0 3.905690e-02 7.807726e+01 1.299517e+02 5.900345e-02 -8.516978e-05 
2.783000e+02 -9.804264e-03 1.007839e-01 -2.186594e+00 7.127678e+03 3.880988e+03 1.675820e+02  1000  5000 -8.615936e-05     0 3.908422e-02 7.811787e+01 1.299508e+02 5.898446e-02 -8.529115e-05 
2.784000e+02 -9.806176e-03 1.008602e-01 -2.186680e+00 7.120179e+03 3.870389e+03 1.681257e+02  1000  5000 -8.452895e-05     0 3.911151e-02 7.815704e+01 1.299499e+02 5.896549e-02 -8.538244e-05 
2.785000e+02 -9.808336e-03 1.009335e-01 -2.186767e+00 7.112679e+03 3.859791e+03 1.686706e+02  1000  5000 -8.274005e-05     0 3.913876e-02 7.819477e+01 1.299490e+02 5.894656e-02 -8.558143e-05 
2.786000e+02 -9.810635e-03 1.010036e-01 -2.186854e+00 7.105178e+03 3.849193e+03 1.692167e+02  1000  5000 -8.686300e-05     0 3.916596e-02 7.823105e+01 1.299481e+02 5.892766e-02 -8.591923e-05 
2.787000e+02 -9.812698e-03 1.010706e-01 -2.186941e+00 7.097677e+03 3.838596e+03 1.697639e+02  1000  5000 -8.722207e-05     0 3.919312e-02 7.826589e+01 1.299473e+02 5.890880e-02 -8.617938e-05 
2.788000e+02 -9.814648e-03 1.011346e-01 -2.187028e+00 7.090175e+03 3.828000e+03 1.703123e+02  1000  5000 -8.617063e-05     0 3.922023e-02 7.829929e+01 1.299464e+02 5.888997e-02 -8.631664e-05 
2.789000e+02 -9.816702e-03 1.011955e-01 -2.187115e+00 7.082672e+03 3.817405e+03 1.708616e+02  1000  5000 -8.461091e-05     0 3.924730e-02 7.833125e+01 1.299455e+02 5.887117e-02 -8.642518e-05 
  279 -9.818998e-03 1.012532e-01 -2.187202e+00 7.075168e+03 3.806810e+03 1.714120e+02  1000  5000 -8.290006e-05     0 3.927431e-02 7.836177e+01 1.299447e+02 5.885242e-02 -8.663701e-05 
2.791000e+02 -9.821431e-03 1.013079e-01 -2.187289e+00 7.067663e+03 3.796217e+03 1.719633e+02  1000  5000 -8.684927e-05     0 3.930127e-02 7.839085e+01 1.299438e+02 5.883371e-02 -8.698204e-05 
2.792000e+02 -9.823638e-03 1.013595e-01 -2.187377e+00 7.060157e+03 3.785624e+03 1.725156e+02  1000  5000 -8.719639e-05     0 3.932818e-02 7.841849e+01 1.299430e+02 5.881504e-02 -8.725312e-05 
2.793000e+02 -9.825740e-03 1.014080e-01 -2.187464e+00 7.052651e+03 3.775031e+03 1.730688e+02  1000  5000 -8.619397e-05     0 3.935503e-02 7.844469e+01 1.299421e+02 5.879641e-02 -8.740689e-05 
2.794000e+02 -9.827945e-03 1.014535e-01 -2.187552e+00 7.045143e+03 3.764440e+03 1.736228e+02  1000  5000 -8.470580e-05     0 3.938182e-02 7.846946e+01 1.299413e+02 5.877782e-02 -8.753331e-05 
2.795000e+02 -9.830384e-03 1.014958e-01 -2.187640e+00 7.037635e+03 3.753849e+03 1.741776e+02  1000  5000 -8.307397e-05     0 3.940856e-02 7.849279e+01 1.299405e+02 5.875928e-02 -8.775856e-05 
2.796000e+02 -9.832959e-03 1.015351e-01 -2.187728e+00 7.030126e+03 3.743259e+03 1.747332e+02  1000  5000 -8.684658e-05     0 3.943523e-02 7.851468e+01 1.299396e+02 5.874079e-02 -8.811131e-05 
2.797000e+02 -9.835319e-03 1.015713e-01 -2.187816e+00 7.022616e+03 3.732670e+03 1.752895e+02  1000  5000 -8.718141e-05     0 3.946183e-02 7.853514e+01 1.299388e+02 5.872234e-02 -8.839392e-05 
2.798000e+02 -9.837581e-03 1.016045e-01 -2.187905e+00 7.015105e+03 3.722081e+03 1.758465e+02  1000  5000 -8.622866e-05     0 3.948838e-02 7.855417e+01 1.299380e+02 5.870395e-02 -8.856486e-05 
2.799000e+02 -9.839944e-03 1.016345e-01 -2.187993e+00 7.007593e+03 3.711493e+03 1.764041e+02  1000  5000 -8.481307e-05     0 3.951485e-02 7.857176e+01 1.299372e+02 5.868560e-02 -8.870987e-05 
  280 -9.842536e-03 1.016615e-01 -2.188082e+00 7.000081e+03 3.700906e+03 1.769624e+02  1000  5000 -8.326145e-05     0 3.954126e-02 7.858792e+01 1.299364e+02 5.866731e-02 -8.894916e-05 
2.801000e+02 -9.845261e-03 1.016855e-01 -2.188171e+00 6.992567e+03 3.690320e+03 1.775212e+02  1000  5000 -8.685405e-05     0 3.956760e-02 7.860266e+01 1.299356e+02 5.864906e-02 -8.931019e-05 
2.802000e+02 -9.847784e-03 1.017064e-01 -2.188259e+00 6.985053e+03 3.679735e+03 1.780805e+02  1000  5000 -8.717618e-05     0 3.959386e-02 7.861597e+01 1.299348e+02 5.863088e-02 -8.960493e-05 
2.803000e+02 -9.850215e-03 1.017243e-01 -2.188349e+00 6.977538e+03 3.669150e+03 1.786403e+02  1000  5000 -8.627388e-05     0 3.962005e-02 7.862785e+01 1.299340e+02 5.861275e-02 -8.979380e-05 
2.804000e+02 -9.852747e-03 1.017391e-01 -2.188438e+00 6.970021e+03 3.658566e+03 1.792006e+02  1000  5000 -8.493212e-05     0 3.964616e-02 7.863831e+01 1.299332e+02 5.859467e-02 -8.995815e-05 
2.805000e+02 -9.855501e-03 1.017508e-01 -2.188527e+00 6.962504e+03 3.647983e+03 1.797613e+02  1000  5000 -8.346212e-05     0 3.967220e-02 7.864735e+01 1.299324e+02 5.857665e-02 -9.021218e-05 
2.806000e+02 -9.858385e-03 1.017596e-01 -2.188617e+00 6.954987e+03 3.637400e+03 1.803223e+02  1000  5000 -8.687069e-05     0 3.969815e-02 7.865497e+01 1.299316e+02 5.855869e-02 -9.058207e-05 
2.807000e+02 -9.861080e-03 1.017653e-01 -2.188706e+00 6.947468e+03 3.626818e+03 1.808836e+02  1000  5000 -8.717967e-05     0 3.972403e-02 7.866117e+01 1.299309e+02 5.854080e-02 -9.088964e-05 
2.808000e+02 -9.863691e-03 1.017679e-01 -2.188796e+00 6.939948e+03 3.616237e+03 1.814453e+02  1000  5000 -8.632873e-05     0 3.974982e-02 7.866596e+01 1.299301e+02 5.852296e-02 -9.109723e-05 
2.809000e+02 -9.866402e-03 1.017676e-01 -2.188886e+00 6.932427e+03 3.605657e+03 1.820072e+02  1000  5000 -8.506226e-05     0 3.977553e-02 7.866934e+01 1.299294e+02 5.850518e-02 -9.128177e-05 
  281 -9.869328e-03 1.017643e-01 -2.188977e+00 6.924906e+03 3.595077e+03 1.825692e+02  1000  5000 -8.367553e-05     0 3.980115e-02 7.867130e+01 1.299286e+02 5.848747e-02 -9.155130e-05 
2.811000e+02 -9.872382e-03 1.017579e-01 -2.189067e+00 6.917384e+03 3.584499e+03 1.831315e+02  1000  5000 -8.689541e-05     0 3.982668e-02 7.867186e+01 1.299279e+02 5.846983e-02 -9.193068e-05 
2.812000e+02 -9.875261e-03 1.017485e-01 -2.189157e+00 6.909860e+03 3.573921e+03 1.836939e+02  1000  5000 -8.719070e-05     0 3.985212e-02 7.867101e+01 1.299271e+02 5.845225e-02 -9.225181e-05 
2.813000e+02 -9.878064e-03 1.017362e-01 -2.189248e+00 6.902336e+03 3.563343e+03 1.842563e+02  1000  5000 -8.639220e-05     0 3.987747e-02 7.866876e+01 1.299264e+02 5.843473e-02 -9.247902e-05 
2.814000e+02 -9.880964e-03 1.017208e-01 -2.189339e+00 6.894811e+03 3.552767e+03 1.848188e+02  1000  5000 -8.520271e-05     0 3.990273e-02 7.866511e+01 1.299257e+02 5.841729e-02 -9.268469e-05 
2.815000e+02 -9.884074e-03 1.017025e-01 -2.189430e+00 6.887285e+03 3.542191e+03 1.853813e+02  1000  5000 -8.390118e-05     0 3.992790e-02 7.866007e+01 1.299250e+02 5.839991e-02 -9.297053e-05 
2.816000e+02 -9.887311e-03 1.016812e-01 -2.189521e+00 6.879758e+03 3.531616e+03 1.859438e+02  1000  5000 -8.692700e-05     0 3.995297e-02 7.865363e+01 1.299242e+02 5.838260e-02 -9.336009e-05 
2.817000e+02 -9.890385e-03 1.016569e-01 -2.189613e+00 6.872230e+03 3.521042e+03 1.865061e+02  1000  5000 -8.720798e-05     0 3.997794e-02 7.864580e+01 1.299235e+02 5.836537e-02 -9.369559e-05 
2.818000e+02 -9.893392e-03 1.016297e-01 -2.189704e+00 6.864701e+03 3.510468e+03 1.870684e+02  1000  5000 -8.646316e-05     0 4.000281e-02 7.863658e+01 1.299228e+02 5.834821e-02 -9.394339e-05 
2.819000e+02 -9.896496e-03 1.015995e-01 -2.189796e+00 6.857171e+03 3.499895e+03 1.876305e+02  1000  5000 -8.535261e-05     0 4.002758e-02 7.862598e+01 1.299221e+02 5.833112e-02 -9.417122e-05 
  282 -9.899802e-03 1.015664e-01 -2.189888e+00 6.849641e+03 3.489323e+03 1.881925e+02  1000  5000 -8.413850e-05     0 4.005225e-02 7.861400e+01 1.299215e+02 5.831410e-02 -9.447427e-05 
2.821000e+02 -9.903233e-03 1.015303e-01 -2.189980e+00 6.842109e+03 3.478752e+03 1.887542e+02  1000  5000 -8.696408e-05     0 4.007682e-02 7.860064e+01 1.299208e+02 5.829717e-02 -9.487475e-05 
2.822000e+02 -9.906516e-03 1.014913e-01 -2.190072e+00 6.834576e+03 3.468181e+03 1.893156e+02  1000  5000 -8.723005e-05     0 4.010128e-02 7.858591e+01 1.299201e+02 5.828030e-02 -9.522549e-05 
2.823000e+02 -9.909741e-03 1.014494e-01 -2.190165e+00 6.827043e+03 3.457611e+03 1.898767e+02  1000  5000 -8.654033e-05     0 4.012564e-02 7.856980e+01 1.299194e+02 5.826352e-02 -9.549496e-05 
2.824000e+02 -9.913063e-03 1.014046e-01 -2.190258e+00 6.819508e+03 3.447042e+03 1.904375e+02  1000  5000 -8.551097e-05     0 4.014988e-02 7.855234e+01 1.299188e+02 5.824681e-02 -9.574608e-05 
2.825000e+02 -9.916579e-03 1.013569e-01 -2.190351e+00 6.811973e+03 3.436474e+03 1.909979e+02  1000  5000 -8.438681e-05     0 4.017402e-02 7.853350e+01 1.299181e+02 5.823019e-02 -9.606733e-05 
2.826000e+02 -9.920219e-03 1.013063e-01 -2.190444e+00 6.804436e+03 3.425906e+03 1.915578e+02  1000  5000 -8.700512e-05     0 4.019805e-02 7.851331e+01 1.299175e+02 5.821364e-02 -9.647953e-05 
2.827000e+02 -9.923726e-03 1.012528e-01 -2.190537e+00 6.796899e+03 3.415339e+03 1.921173e+02  1000  5000 -8.725529e-05     0 4.022196e-02 7.849177e+01 1.299168e+02 5.819718e-02 -9.684647e-05 
2.828000e+02 -9.927185e-03 1.011964e-01 -2.190631e+00 6.789361e+03 3.404773e+03 1.926763e+02  1000  5000 -8.662229e-05     0 4.024576e-02 7.846887e+01 1.299162e+02 5.818079e-02 -9.713880e-05 
2.829000e+02 -9.930740e-03 1.011371e-01 -2.190725e+00 6.781822e+03 3.394207e+03 1.932348e+02  1000  5000 -8.567668e-05     0 4.026944e-02 7.844463e+01 1.299156e+02 5.816449e-02 -9.741446e-05 
  283 -9.934482e-03 1.010750e-01 -2.190819e+00 6.774281e+03 3.383643e+03 1.937926e+02  1000  5000 -8.464538e-05     0 4.029301e-02 7.841905e+01 1.299149e+02 5.814828e-02 -9.775499e-05 
2.831000e+02 -9.938345e-03 1.010101e-01 -2.190913e+00 6.766740e+03 3.373079e+03 1.943499e+02  1000  5000 -8.704841e-05     0 4.031646e-02 7.839213e+01 1.299143e+02 5.813215e-02 -9.817976e-05 
2.832000e+02 -9.942093e-03 1.009423e-01 -2.191007e+00 6.759198e+03 3.362515e+03 1.949065e+02  1000  5000 -8.728185e-05     0 4.033979e-02 7.836387e+01 1.299137e+02 5.811611e-02 -9.856396e-05 
2.833000e+02 -9.945803e-03 1.008716e-01 -2.191102e+00 6.751655e+03 3.351953e+03 1.954624e+02  1000  5000 -8.670742e-05     0 4.036300e-02 7.833429e+01 1.299131e+02 5.810015e-02 -9.888046e-05 
2.834000e+02 -9.949608e-03 1.007982e-01 -2.191197e+00 6.744111e+03 3.341391e+03 1.960175e+02  1000  5000 -8.584849e-05     0 4.038609e-02 7.830338e+01 1.299125e+02 5.808428e-02 -9.918204e-05 
2.835000e+02 -9.953593e-03 1.007220e-01 -2.191292e+00 6.736565e+03 3.330830e+03 1.965719e+02  1000  5000 -8.491332e-05     0 4.040906e-02 7.827115e+01 1.299119e+02 5.806850e-02 -9.954303e-05 
2.836000e+02 -9.957698e-03 1.006429e-01 -2.191387e+00 6.729019e+03 3.320270e+03 1.971255e+02  1000  5000 -8.709200e-05     0 4.043190e-02 7.823761e+01 1.299114e+02 5.805281e-02 -9.998133e-05 
2.837000e+02 -9.961705e-03 1.005611e-01 -2.191482e+00 6.721472e+03 3.309710e+03 1.976783e+02  1000  5000 -8.730769e-05     0 4.045461e-02 7.820275e+01 1.299108e+02 5.803721e-02 -1.003839e-04 
2.838000e+02 -9.965685e-03 1.004765e-01 -2.191578e+00 6.713924e+03 3.299151e+03 1.982302e+02  1000  5000 -8.679392e-05     0 4.047720e-02 7.816660e+01 1.299102e+02 5.802171e-02 -1.007260e-04 
2.839000e+02 -9.969759e-03 1.003892e-01 -2.191674e+00 6.706375e+03 3.288593e+03 1.987811e+02  1000  5000 -8.602496e-05     0 4.049966e-02 7.812914e+01 1.299097e+02 5.800629e-02 -1.010551e-04 
  284 -9.974006e-03 1.002990e-01 -2.191771e+00 6.698825e+03 3.278036e+03 1.993311e+02  1000  5000 -8.518964e-05     0 4.052199e-02 7.809038e+01 1.299091e+02 5.799097e-02 -1.014378e-04 
2.841000e+02 -9.978370e-03 1.002062e-01 -2.191867e+00 6.691274e+03 3.267479e+03 1.998801e+02  1000  5000 -8.713372e-05     0 4.054419e-02 7.805034e+01 1.299086e+02 5.797574e-02 -1.018907e-04 
2.842000e+02 -9.982656e-03 1.001106e-01 -2.191964e+00 6.683722e+03 3.256923e+03 2.004281e+02  1000  5000 -8.733047e-05     0 4.056626e-02 7.800901e+01 1.299080e+02 5.796060e-02 -1.023129e-04 
2.843000e+02 -9.986927e-03 1.000123e-01 -2.192061e+00 6.676168e+03 3.246368e+03 2.009750e+02  1000  5000 -8.687974e-05     0 4.058820e-02 7.796640e+01 1.299075e+02 5.794556e-02 -1.026823e-04 
2.844000e+02 -9.991292e-03 9.991133e-02 -2.192158e+00 6.668614e+03 3.235814e+03 2.015209e+02  1000  5000 -8.620448e-05     0 4.061000e-02 7.792252e+01 1.299070e+02 5.793062e-02 -1.030404e-04 
2.845000e+02 -9.995821e-03 9.980764e-02 -2.192255e+00 6.661059e+03 3.225260e+03 2.020655e+02  1000  5000 -8.547321e-05     0 4.063167e-02 7.787737e+01 1.299065e+02 5.791577e-02 -1.034464e-04 
2.846000e+02 -1.000047e-02 9.970127e-02 -2.192353e+00 6.653503e+03 3.214707e+03 2.026090e+02  1000  5000 -8.717108e-05     0 4.065319e-02 7.783096e+01 1.299060e+02 5.790102e-02 -1.039149e-04 
2.847000e+02 -1.000505e-02 9.959224e-02 -2.192451e+00 6.645946e+03 3.204155e+03 2.031513e+02  1000  5000 -8.734757e-05     0 4.067459e-02 7.778329e+01 1.299055e+02 5.788637e-02 -1.043582e-04 
2.848000e+02 -1.000964e-02 9.948055e-02 -2.192549e+00 6.638387e+03 3.193604e+03 2.036924e+02  1000  5000 -8.696253e-05     0 4.069584e-02 7.773437e+01 1.299050e+02 5.787182e-02 -1.047565e-04 
2.849000e+02 -1.001432e-02 9.936622e-02 -2.192648e+00 6.630828e+03 3.183053e+03 2.042321e+02  1000  5000 -8.638519e-05     0 4.071695e-02 7.768420e+01 1.299045e+02 5.785737e-02 -1.051456e-04 
  285 -1.001915e-02 9.924926e-02 -2.192747e+00 6.623268e+03 3.172503e+03 2.047706e+02  1000  5000 -8.576271e-05     0 4.073793e-02 7.763280e+01 1.299040e+02 5.784302e-02 -1.055764e-04 
2.851000e+02 -1.002410e-02 9.912968e-02 -2.192846e+00 6.615706e+03 3.161954e+03 2.053077e+02  1000  5000 -8.720127e-05     0 4.075876e-02 7.758015e+01 1.299035e+02 5.782876e-02 -1.060618e-04 
2.852000e+02 -1.002902e-02 9.900751e-02 -2.192945e+00 6.608144e+03 3.151405e+03 2.058434e+02  1000  5000 -8.735599e-05     0 4.077945e-02 7.752629e+01 1.299031e+02 5.781462e-02 -1.065277e-04 
2.853000e+02 -1.003394e-02 9.888274e-02 -2.193045e+00 6.600580e+03 3.140857e+03 2.063777e+02  1000  5000 -8.703966e-05     0 4.079999e-02 7.747120e+01 1.299026e+02 5.780057e-02 -1.069569e-04 
2.854000e+02 -1.003896e-02 9.875540e-02 -2.193145e+00 6.593016e+03 3.130310e+03 2.069106e+02  1000  5000 -8.656498e-05     0 4.082039e-02 7.741489e+01 1.299022e+02 5.778663e-02 -1.073791e-04 
2.855000e+02 -1.004413e-02 9.862550e-02 -2.193245e+00 6.585450e+03 3.119764e+03 2.074419e+02  1000  5000 -8.605663e-05     0 4.084064e-02 7.735737e+01 1.299017e+02 5.777279e-02 -1.078363e-04 
2.856000e+02 -1.004940e-02 9.849306e-02 -2.193345e+00 6.577883e+03 3.109219e+03 2.079717e+02  1000  5000 -8.722109e-05     0 4.086075e-02 7.729866e+01 1.299013e+02 5.775905e-02 -1.083400e-04 
2.857000e+02 -1.005467e-02 9.835808e-02 -2.193446e+00 6.570315e+03 3.098674e+03 2.085000e+02  1000  5000 -8.735233e-05     0 4.088071e-02 7.723874e+01 1.299009e+02 5.774542e-02 -1.088301e-04 
2.858000e+02 -1.005997e-02 9.822058e-02 -2.193547e+00 6.562747e+03 3.088130e+03 2.090267e+02  1000  5000 -8.710808e-05     0 4.090052e-02 7.717764e+01 1.299004e+02 5.773190e-02 -1.092924e-04 
2.859000e+02 -1.006536e-02 9.808058e-02 -2.193648e+00 6.555177e+03 3.077587e+03 2.095517e+02  1000  5000 -8.674141e-05     0 4.092018e-02 7.711535e+01 1.299000e+02 5.771848e-02 -1.097500e-04 
  286 -1.007088e-02 9.793809e-02 -2.193750e+00 6.547606e+03 3.067044e+03 2.100751e+02  1000  5000 -8.635320e-05     0 4.093969e-02 7.705188e+01 1.298996e+02 5.770517e-02 -1.102357e-04 
2.861000e+02 -1.007651e-02 9.779312e-02 -2.193852e+00 6.540034e+03 3.056502e+03 2.105968e+02  1000  5000 -8.722688e-05     0 4.095905e-02 7.698724e+01 1.298992e+02 5.769196e-02 -1.107591e-04 
2.862000e+02 -1.008217e-02 9.764569e-02 -2.193954e+00 6.532460e+03 3.045961e+03 2.111167e+02  1000  5000 -8.733269e-05     0 4.097826e-02 7.692144e+01 1.298988e+02 5.767887e-02 -1.112754e-04 
2.863000e+02 -1.008786e-02 9.749582e-02 -2.194057e+00 6.524886e+03 3.035421e+03 2.116349e+02  1000  5000 -8.716433e-05     0 4.099731e-02 7.685449e+01 1.298984e+02 5.766588e-02 -1.117731e-04 
2.864000e+02 -1.009365e-02 9.734352e-02 -2.194160e+00 6.517311e+03 3.024881e+03 2.121513e+02  1000  5000 -8.691169e-05     0 4.101621e-02 7.678638e+01 1.298981e+02 5.765300e-02 -1.122686e-04 
2.865000e+02 -1.009957e-02 9.718881e-02 -2.194263e+00 6.509734e+03 3.014342e+03 2.126659e+02  1000  5000 -8.665038e-05     0 4.103495e-02 7.671713e+01 1.298977e+02 5.764023e-02 -1.127850e-04 
2.866000e+02 -1.010559e-02 9.703169e-02 -2.194367e+00 6.502157e+03 3.003804e+03 2.131786e+02  1000  5000 -8.721444e-05     0 4.105354e-02 7.664674e+01 1.298973e+02 5.762757e-02 -1.133297e-04 
2.867000e+02 -1.011166e-02 9.687220e-02 -2.194470e+00 6.494578e+03 2.993267e+03 2.136894e+02  1000  5000 -8.729260e-05     0 4.107197e-02 7.657523e+01 1.298970e+02 5.761503e-02 -1.138741e-04 
2.868000e+02 -1.011780e-02 9.671033e-02 -2.194575e+00 6.486998e+03 2.982731e+03 2.141983e+02  1000  5000 -8.720440e-05     0 4.109025e-02 7.650259e+01 1.298966e+02 5.760259e-02 -1.144100e-04 
2.869000e+02 -1.012402e-02 9.654611e-02 -2.194679e+00 6.479417e+03 2.972195e+03 2.147052e+02  1000  5000 -8.707257e-05     0 4.110836e-02 7.642884e+01 1.298963e+02 5.759026e-02 -1.149462e-04 
  287 -1.013036e-02 9.637956e-02 -2.194784e+00 6.471835e+03 2.961660e+03 2.152102e+02  1000  5000 -8.694580e-05     0 4.112632e-02 7.635398e+01 1.298960e+02 5.757805e-02 -1.154956e-04 
2.871000e+02 -1.013681e-02 9.621069e-02 -2.194889e+00 6.464252e+03 2.951125e+03 2.157131e+02  1000  5000 -8.717890e-05     0 4.114412e-02 7.627803e+01 1.298957e+02 5.756595e-02 -1.160635e-04 
2.872000e+02 -1.014334e-02 9.603951e-02 -2.194995e+00 6.456667e+03 2.940592e+03 2.162140e+02  1000  5000 -8.722689e-05     0 4.116176e-02 7.620098e+01 1.298953e+02 5.755396e-02 -1.166384e-04 
2.873000e+02 -1.014995e-02 9.586605e-02 -2.195101e+00 6.449082e+03 2.930059e+03 2.167128e+02  1000  5000 -8.722368e-05     0 4.117923e-02 7.612284e+01 1.298950e+02 5.754209e-02 -1.172155e-04 
2.874000e+02 -1.015665e-02 9.569031e-02 -2.195207e+00 6.441495e+03 2.919527e+03 2.172094e+02  1000  5000 -8.722031e-05     0 4.119655e-02 7.604363e+01 1.298947e+02 5.753033e-02 -1.177956e-04 
2.875000e+02 -1.016346e-02 9.551232e-02 -2.195314e+00 6.433907e+03 2.908996e+03 2.177040e+02  1000  5000 -8.723667e-05     0 4.121370e-02 7.596334e+01 1.298944e+02 5.751868e-02 -1.183807e-04 
2.876000e+02 -1.017037e-02 9.533209e-02 -2.195421e+00 6.426319e+03 2.898465e+03 2.181963e+02  1000  5000 -8.711466e-05     0 4.123069e-02 7.588200e+01 1.298942e+02 5.750715e-02 -1.189738e-04 
2.877000e+02 -1.017739e-02 9.514965e-02 -2.195528e+00 6.418728e+03 2.887936e+03 2.186865e+02  1000  5000 -8.712961e-05     0 4.124751e-02 7.579960e+01 1.298939e+02 5.749573e-02 -1.195817e-04 
2.878000e+02 -1.018453e-02 9.496499e-02 -2.195636e+00 6.411137e+03 2.877407e+03 2.191744e+02  1000  5000 -8.721680e-05     0 4.126417e-02 7.571615e+01 1.298936e+02 5.748443e-02 -1.202032e-04 
2.879000e+02 -1.019175e-02 9.477816e-02 -2.195744e+00 6.403545e+03 2.866879e+03 2.196600e+02  1000  5000 -8.735051e-05     0 4.128067e-02 7.563167e+01 1.298933e+02 5.747325e-02 -1.208308e-04 
  288 -1.019907e-02 9.458915e-02 -2.195853e+00 6.395951e+03 2.856351e+03 2.201434e+02  1000  5000 -8.751970e-05     0 4.129700e-02 7.554615e+01 1.298931e+02 5.746218e-02 -1.214545e-04 
2.881000e+02 -1.020648e-02 9.439799e-02 -2.195962e+00 6.388356e+03 2.845825e+03 2.206244e+02  1000  5000 -8.701521e-05     0 4.131316e-02 7.545961e+01 1.298928e+02 5.745123e-02 -1.220750e-04 
2.882000e+02 -1.021406e-02 9.420469e-02 -2.196071e+00 6.380760e+03 2.835299e+03 2.211031e+02  1000  5000 -8.699379e-05     0 4.132916e-02 7.537205e+01 1.298926e+02 5.744040e-02 -1.227188e-04 
2.883000e+02 -1.022176e-02 9.400928e-02 -2.196180e+00 6.373163e+03 2.824774e+03 2.215794e+02  1000  5000 -8.717750e-05     0 4.134499e-02 7.528349e+01 1.298924e+02 5.742968e-02 -1.233886e-04 
2.884000e+02 -1.022956e-02 9.381177e-02 -2.196291e+00 6.365565e+03 2.814249e+03 2.220533e+02  1000  5000 -8.745805e-05     0 4.136065e-02 7.519393e+01 1.298922e+02 5.741908e-02 -1.240677e-04 
2.885000e+02 -1.023743e-02 9.361218e-02 -2.196401e+00 6.357965e+03 2.803726e+03 2.225247e+02  1000  5000 -8.779102e-05     0 4.137614e-02 7.510338e+01 1.298919e+02 5.740860e-02 -1.247333e-04 
2.886000e+02 -1.024540e-02 9.341052e-02 -2.196512e+00 6.350365e+03 2.793203e+03 2.229937e+02  1000  5000 -8.687294e-05     0 4.139147e-02 7.501184e+01 1.298917e+02 5.739824e-02 -1.253837e-04 
2.887000e+02 -1.025358e-02 9.320682e-02 -2.196623e+00 6.342763e+03 2.782681e+03 2.234601e+02  1000  5000 -8.681137e-05     0 4.140662e-02 7.491934e+01 1.298915e+02 5.738799e-02 -1.260666e-04 
2.888000e+02 -1.026191e-02 9.300109e-02 -2.196735e+00 6.335159e+03 2.772160e+03 2.239241e+02  1000  5000 -8.709849e-05     0 4.142161e-02 7.482586e+01 1.298913e+02 5.737787e-02 -1.267889e-04 
2.889000e+02 -1.027034e-02 9.279336e-02 -2.196847e+00 6.327555e+03 2.761640e+03 2.243854e+02  1000  5000 -8.753690e-05     0 4.143642e-02 7.473143e+01 1.298912e+02 5.736786e-02 -1.275239e-04 
  289 -1.027882e-02 9.258363e-02 -2.196960e+00 6.319949e+03 2.751120e+03 2.248442e+02  1000  5000 -8.804606e-05     0 4.145106e-02 7.463605e+01 1.298910e+02 5.735797e-02 -1.282352e-04 
2.891000e+02 -1.028740e-02 9.237192e-02 -2.197073e+00 6.312343e+03 2.740601e+03 2.253004e+02  1000  5000 -8.667893e-05     0 4.146553e-02 7.453972e+01 1.298908e+02 5.734821e-02 -1.289183e-04 
2.892000e+02 -1.029624e-02 9.215827e-02 -2.197186e+00 6.304735e+03 2.730083e+03 2.257540e+02  1000  5000 -8.657284e-05     0 4.147983e-02 7.444247e+01 1.298906e+02 5.733856e-02 -1.296440e-04 
2.893000e+02 -1.030526e-02 9.194268e-02 -2.197300e+00 6.297125e+03 2.719566e+03 2.262049e+02  1000  5000 -8.697117e-05     0 4.149396e-02 7.434429e+01 1.298905e+02 5.732904e-02 -1.304234e-04 
2.894000e+02 -1.031439e-02 9.172517e-02 -2.197415e+00 6.289515e+03 2.709050e+03 2.266531e+02  1000  5000 -8.757995e-05     0 4.150791e-02 7.424520e+01 1.298903e+02 5.731963e-02 -1.312195e-04 
2.895000e+02 -1.032354e-02 9.150577e-02 -2.197530e+00 6.281903e+03 2.698534e+03 2.270986e+02  1000  5000 -8.827937e-05     0 4.152169e-02 7.414520e+01 1.298902e+02 5.731035e-02 -1.319808e-04 
2.896000e+02 -1.033280e-02 9.128448e-02 -2.197645e+00 6.274290e+03 2.688020e+03 2.275414e+02  1000  5000 -8.642273e-05     0 4.153530e-02 7.404430e+01 1.298901e+02 5.730118e-02 -1.326997e-04 
2.897000e+02 -1.034236e-02 9.106134e-02 -2.197761e+00 6.266676e+03 2.677506e+03 2.279813e+02  1000  5000 -8.626705e-05     0 4.154873e-02 7.394252e+01 1.298899e+02 5.729214e-02 -1.334721e-04 
2.898000e+02 -1.035215e-02 9.083635e-02 -2.197877e+00 6.259060e+03 2.666993e+03 2.284185e+02  1000  5000 -8.678543e-05     0 4.156199e-02 7.383985e+01 1.298898e+02 5.728322e-02 -1.343142e-04 
2.899000e+02 -1.036204e-02 9.060955e-02 -2.197994e+00 6.251443e+03 2.656480e+03 2.288529e+02  1000  5000 -8.757879e-05     0 4.157507e-02 7.373631e+01 1.298897e+02 5.727442e-02 -1.351771e-04 
  290 -1.037194e-02 9.038094e-02 -2.198111e+00 6.243825e+03 2.645969e+03 2.292844e+02  1000  5000 -8.848443e-05     0 4.158798e-02 7.363191e+01 1.298896e+02 5.726574e-02 -1.359931e-04 
2.901000e+02 -1.038194e-02 9.015055e-02 -2.198229e+00 6.236206e+03 2.635458e+03 2.297131e+02  1000  5000 -8.609195e-05     0 4.160071e-02 7.352666e+01 1.298895e+02 5.725719e-02 -1.367514e-04 
2.902000e+02 -1.039231e-02 8.991839e-02 -2.198347e+00 6.228585e+03 2.624948e+03 2.301389e+02  1000  5000 -8.588083e-05     0 4.161327e-02 7.342056e+01 1.298894e+02 5.724875e-02 -1.375752e-04 
2.903000e+02 -1.040294e-02 8.968450e-02 -2.198466e+00 6.220963e+03 2.614439e+03 2.305617e+02  1000  5000 -8.652929e-05     0 4.162565e-02 7.331363e+01 1.298893e+02 5.724044e-02 -1.384860e-04 
2.904000e+02 -1.041368e-02 8.944888e-02 -2.198585e+00 6.213340e+03 2.603931e+03 2.309817e+02  1000  5000 -8.752339e-05     0 4.163785e-02 7.320587e+01 1.298893e+02 5.723225e-02 -1.394223e-04 
2.905000e+02 -1.042441e-02 8.921155e-02 -2.198705e+00 6.205715e+03 2.593424e+03 2.313986e+02  1000  5000 -8.865348e-05     0 4.164988e-02 7.309730e+01 1.298892e+02 5.722419e-02 -1.402984e-04 
2.906000e+02 -1.043523e-02 8.897254e-02 -2.198825e+00 6.198089e+03 2.582917e+03 2.318126e+02  1000  5000 -8.567192e-05     0 4.166173e-02 7.298791e+01 1.298892e+02 5.721624e-02 -1.411001e-04 
2.907000e+02 -1.044649e-02 8.873186e-02 -2.198946e+00 6.190462e+03 2.572412e+03 2.322235e+02  1000  5000 -8.539853e-05     0 4.167341e-02 7.287773e+01 1.298891e+02 5.720842e-02 -1.419806e-04 
2.908000e+02 -1.045807e-02 8.848954e-02 -2.199067e+00 6.182834e+03 2.561907e+03 2.326314e+02  1000  5000 -8.618848e-05     0 4.168490e-02 7.276676e+01 1.298891e+02 5.720072e-02 -1.429672e-04 
2.909000e+02 -1.046975e-02 8.824560e-02 -2.199189e+00 6.175204e+03 2.551403e+03 2.330363e+02  1000  5000 -8.740182e-05     0 4.169622e-02 7.265501e+01 1.298890e+02 5.719315e-02 -1.439843e-04 
  291 -1.048139e-02 8.800005e-02 -2.199312e+00 6.167573e+03 2.540900e+03 2.334381e+02  1000  5000 -8.877715e-05     0 4.170736e-02 7.254248e+01 1.298890e+02 5.718570e-02 -1.449268e-04 
2.911000e+02 -1.049312e-02 8.775292e-02 -2.199435e+00 6.159940e+03 2.530397e+03 2.338367e+02  1000  5000 -8.514515e-05     0 4.171832e-02 7.242920e+01 1.298890e+02 5.717837e-02 -1.457765e-04 
2.912000e+02 -1.050537e-02 8.750422e-02 -2.199559e+00 6.152306e+03 2.519896e+03 2.342323e+02  1000  5000 -8.480152e-05     0 4.172911e-02 7.231516e+01 1.298890e+02 5.717117e-02 -1.467196e-04 
2.913000e+02 -1.051800e-02 8.725398e-02 -2.199683e+00 6.144671e+03 2.509396e+03 2.346247e+02  1000  5000 -8.574598e-05     0 4.173971e-02 7.220038e+01 1.298890e+02 5.716408e-02 -1.477900e-04 
2.914000e+02 -1.053073e-02 8.700221e-02 -2.199808e+00 6.137034e+03 2.498896e+03 2.350139e+02  1000  5000 -8.719972e-05     0 4.175014e-02 7.208487e+01 1.298890e+02 5.715713e-02 -1.488966e-04 
2.915000e+02 -1.054339e-02 8.674894e-02 -2.199933e+00 6.129396e+03 2.488397e+03 2.354000e+02  1000  5000 -8.884414e-05     0 4.176039e-02 7.196863e+01 1.298890e+02 5.715029e-02 -1.499125e-04 
2.916000e+02 -1.055614e-02 8.649419e-02 -2.200059e+00 6.121757e+03 2.477899e+03 2.357828e+02  1000  5000 -8.449071e-05     0 4.177046e-02 7.185168e+01 1.298890e+02 5.714358e-02 -1.508155e-04 
2.917000e+02 -1.056950e-02 8.623798e-02 -2.200186e+00 6.114116e+03 2.467402e+03 2.361624e+02  1000  5000 -8.406748e-05     0 4.178035e-02 7.173402e+01 1.298890e+02 5.713700e-02 -1.518282e-04 
2.918000e+02 -1.058329e-02 8.598033e-02 -2.200313e+00 6.106474e+03 2.456906e+03 2.365388e+02  1000  5000 -8.518135e-05     0 4.179006e-02 7.161567e+01 1.298890e+02 5.713053e-02 -1.529916e-04 
2.919000e+02 -1.059719e-02 8.572126e-02 -2.200441e+00 6.098831e+03 2.446411e+03 2.369118e+02  1000  5000 -8.689982e-05     0 4.179959e-02 7.149663e+01 1.298891e+02 5.712419e-02 -1.541975e-04 
  292 -1.061099e-02 8.546078e-02 -2.200569e+00 6.091186e+03 2.435917e+03 2.372816e+02  1000  5000 -8.884076e-05     0 4.180894e-02 7.137692e+01 1.298891e+02 5.711798e-02 -1.552951e-04 
2.921000e+02 -1.062487e-02 8.519893e-02 -2.200699e+00 6.083540e+03 2.425423e+03 2.376481e+02  1000  5000 -8.368343e-05     0 4.181811e-02 7.125654e+01 1.298892e+02 5.711189e-02 -1.562574e-04 
2.922000e+02 -1.063948e-02 8.493572e-02 -2.200828e+00 6.075892e+03 2.414931e+03 2.380113e+02  1000  5000 -8.316954e-05     0 4.182711e-02 7.113550e+01 1.298892e+02 5.710592e-02 -1.573476e-04 
2.923000e+02 -1.065458e-02 8.467118e-02 -2.200959e+00 6.068243e+03 2.404439e+03 2.383711e+02  1000  5000 -8.446996e-05     0 4.183592e-02 7.101382e+01 1.298893e+02 5.710007e-02 -1.586148e-04 
2.924000e+02 -1.066979e-02 8.440532e-02 -2.201090e+00 6.060592e+03 2.393948e+03 2.387275e+02  1000  5000 -8.648122e-05     0 4.184455e-02 7.089150e+01 1.298894e+02 5.709435e-02 -1.599315e-04 
2.925000e+02 -1.068487e-02 8.413816e-02 -2.201222e+00 6.052940e+03 2.383459e+03 2.390805e+02  1000  5000 -8.875033e-05     0 4.185301e-02 7.076855e+01 1.298894e+02 5.708876e-02 -1.611202e-04 
2.926000e+02 -1.070002e-02 8.386973e-02 -2.201354e+00 6.045287e+03 2.372970e+03 2.394302e+02  1000  5000 -8.269285e-05     0 4.186128e-02 7.064498e+01 1.298895e+02 5.708328e-02 -1.621488e-04 
2.927000e+02 -1.071602e-02 8.360004e-02 -2.201488e+00 6.037632e+03 2.362482e+03 2.397764e+02  1000  5000 -8.207522e-05     0 4.186937e-02 7.052081e+01 1.298896e+02 5.707793e-02 -1.633259e-04 
2.928000e+02 -1.073259e-02 8.332913e-02 -2.201622e+00 6.029976e+03 2.351995e+03 2.401192e+02  1000  5000 -8.358191e-05     0 4.187729e-02 7.039604e+01 1.298897e+02 5.707271e-02 -1.647092e-04 
2.929000e+02 -1.074929e-02 8.305700e-02 -2.201756e+00 6.022318e+03 2.341509e+03 2.404585e+02  1000  5000 -8.591848e-05     0 4.188502e-02 7.027068e+01 1.298898e+02 5.706761e-02 -1.661501e-04 
  293 -1.076579e-02 8.278369e-02 -2.201892e+00 6.014659e+03 2.331024e+03 2.407943e+02  1000  5000 -8.855245e-05     0 4.189257e-02 7.014474e+01 1.298900e+02 5.706263e-02 -1.674410e-04 
2.931000e+02 -1.078238e-02 8.250921e-02 -2.202028e+00 6.006998e+03 2.320540e+03 2.411267e+02  1000  5000 -8.148196e-05     0 4.189995e-02 7.001823e+01 1.298901e+02 5.705777e-02 -1.685440e-04 
2.932000e+02 -1.079994e-02 8.223358e-02 -2.202165e+00 5.999336e+03 2.310056e+03 2.414555e+02  1000  5000 -8.074497e-05     0 4.190714e-02 6.989116e+01 1.298902e+02 5.705304e-02 -1.698187e-04 
2.933000e+02 -1.081818e-02 8.195683e-02 -2.202302e+00 5.991672e+03 2.299574e+03 2.417808e+02  1000  5000 -8.248077e-05     0 4.191415e-02 6.976355e+01 1.298903e+02 5.704843e-02 -1.713328e-04 
2.934000e+02 -1.083654e-02 8.167897e-02 -2.202441e+00 5.984007e+03 2.289093e+03 2.421026e+02  1000  5000 -8.518047e-05     0 4.192099e-02 6.963540e+01 1.298905e+02 5.704395e-02 -1.729134e-04 
2.935000e+02 -1.085466e-02 8.140003e-02 -2.202580e+00 5.976340e+03 2.278613e+03 2.424208e+02  1000  5000 -8.822200e-05     0 4.192764e-02 6.950672e+01 1.298906e+02 5.703959e-02 -1.743193e-04 
2.936000e+02 -1.087286e-02 8.112003e-02 -2.202720e+00 5.968672e+03 2.268134e+03 2.427355e+02  1000  5000 -8.000548e-05     0 4.193412e-02 6.937752e+01 1.298908e+02 5.703535e-02 -1.755063e-04 
2.937000e+02 -1.089221e-02 8.083899e-02 -2.202861e+00 5.961002e+03 2.257655e+03 2.430465e+02  1000  5000 -7.913042e-05     0 4.194041e-02 6.924781e+01 1.298910e+02 5.703123e-02 -1.768915e-04 
2.938000e+02 -1.091233e-02 8.055694e-02 -2.203003e+00 5.953331e+03 2.247178e+03 2.433540e+02  1000  5000 -8.112187e-05     0 4.194653e-02 6.911760e+01 1.298911e+02 5.702724e-02 -1.785534e-04 
2.939000e+02 -1.093258e-02 8.027389e-02 -2.203145e+00 5.945658e+03 2.236702e+03 2.436578e+02  1000  5000 -8.422889e-05     0 4.195246e-02 6.898691e+01 1.298913e+02 5.702337e-02 -1.802921e-04 
  294 -1.095253e-02 7.998987e-02 -2.203288e+00 5.937984e+03 2.226226e+03 2.439580e+02  1000  5000 -8.772795e-05     0 4.195822e-02 6.885574e+01 1.298915e+02 5.701962e-02 -1.818284e-04 
2.941000e+02 -1.097256e-02 7.970489e-02 -2.203433e+00 5.930308e+03 2.215752e+03 2.442546e+02  1000  5000 -7.820767e-05     0 4.196380e-02 6.872409e+01 1.298917e+02 5.701600e-02 -1.831106e-04 
2.942000e+02 -1.099392e-02 7.941898e-02 -2.203578e+00 5.922630e+03 2.205279e+03 2.445474e+02  1000  5000 -7.717194e-05     0 4.196919e-02 6.859200e+01 1.298919e+02 5.701250e-02 -1.846212e-04 
2.943000e+02 -1.101619e-02 7.913216e-02 -2.203724e+00 5.914951e+03 2.194807e+03 2.448367e+02  1000  5000 -7.945005e-05     0 4.197441e-02 6.845945e+01 1.298921e+02 5.700912e-02 -1.864513e-04 
2.944000e+02 -1.103859e-02 7.884446e-02 -2.203871e+00 5.907270e+03 2.184336e+03 2.451222e+02  1000  5000 -8.301631e-05     0 4.197945e-02 6.832646e+01 1.298923e+02 5.700586e-02 -1.883699e-04 
2.945000e+02 -1.106063e-02 7.855589e-02 -2.204019e+00 5.899588e+03 2.173866e+03 2.454040e+02  1000  5000 -8.703163e-05     0 4.198431e-02 6.819305e+01 1.298925e+02 5.700272e-02 -1.900545e-04 
2.946000e+02 -1.108274e-02 7.826648e-02 -2.204168e+00 5.891904e+03 2.163396e+03 2.456822e+02  1000  5000 -7.601943e-05     0 4.198899e-02 6.805922e+01 1.298927e+02 5.699971e-02 -1.914454e-04 
2.947000e+02 -1.110641e-02 7.797624e-02 -2.204317e+00 5.884218e+03 2.152928e+03 2.459565e+02  1000  5000 -7.479559e-05     0 4.199350e-02 6.792498e+01 1.298930e+02 5.699682e-02 -1.930993e-04 
2.948000e+02 -1.113113e-02 7.768520e-02 -2.204468e+00 5.876531e+03 2.142462e+03 2.462272e+02  1000  5000 -7.739672e-05     0 4.199782e-02 6.779035e+01 1.298932e+02 5.699405e-02 -1.951217e-04 
2.949000e+02 -1.115599e-02 7.739339e-02 -2.204619e+00 5.868843e+03 2.131996e+03 2.464941e+02  1000  5000 -8.148356e-05     0 4.200197e-02 6.765532e+01 1.298934e+02 5.699140e-02 -1.972463e-04 
  295 -1.118041e-02 7.710082e-02 -2.204772e+00 5.861152e+03 2.121531e+03 2.467573e+02  1000  5000 -8.608462e-05     0 4.200594e-02 6.751993e+01 1.298937e+02 5.698887e-02 -1.991007e-04 
2.951000e+02 -1.120490e-02 7.680751e-02 -2.204926e+00 5.853460e+03 2.111067e+03 2.470166e+02  1000  5000 -7.335447e-05     0 4.200973e-02 6.738416e+01 1.298939e+02 5.698647e-02 -2.006163e-04 
2.952000e+02 -1.123121e-02 7.651349e-02 -2.205081e+00 5.845766e+03 2.100605e+03 2.472722e+02  1000  5000 -7.190892e-05     0 4.201335e-02 6.724804e+01 1.298942e+02 5.698418e-02 -2.024352e-04 
2.953000e+02 -1.125875e-02 7.621878e-02 -2.205236e+00 5.838071e+03 2.090143e+03 2.475240e+02  1000  5000 -7.487598e-05     0 4.201678e-02 6.711157e+01 1.298945e+02 5.698202e-02 -2.046790e-04 
2.954000e+02 -1.128645e-02 7.592341e-02 -2.205393e+00 5.830374e+03 2.079683e+03 2.477720e+02  1000  5000 -7.955631e-05     0 4.202004e-02 6.697476e+01 1.298947e+02 5.697997e-02 -2.070408e-04 
2.955000e+02 -1.131360e-02 7.562738e-02 -2.205551e+00 5.822675e+03 2.069224e+03 2.480162e+02  1000  5000 -8.482577e-05     0 4.202312e-02 6.683763e+01 1.298950e+02 5.697805e-02 -2.090911e-04 
2.956000e+02 -1.134082e-02 7.533073e-02 -2.205710e+00 5.814974e+03 2.058766e+03 2.482566e+02  1000  5000 -7.010414e-05     0 4.202603e-02 6.670019e+01 1.298953e+02 5.697625e-02 -2.107508e-04 
2.957000e+02 -1.137019e-02 7.503347e-02 -2.205870e+00 5.807272e+03 2.048309e+03 2.484931e+02  1000  5000 -6.839540e-05     0 4.202876e-02 6.656244e+01 1.298956e+02 5.697456e-02 -2.127606e-04 
2.958000e+02 -1.140099e-02 7.473564e-02 -2.206032e+00 5.799568e+03 2.037853e+03 2.487258e+02  1000  5000 -7.177932e-05     0 4.203131e-02 6.642439e+01 1.298959e+02 5.697300e-02 -2.152612e-04 
2.959000e+02 -1.143196e-02 7.443724e-02 -2.206194e+00 5.791862e+03 2.027398e+03 2.489546e+02  1000  5000 -7.714035e-05     0 4.203369e-02 6.628606e+01 1.298962e+02 5.697156e-02 -2.178981e-04 
  296 -1.146227e-02 7.413831e-02 -2.206357e+00 5.784155e+03 2.016945e+03 2.491796e+02  1000  5000 -8.317723e-05     0 4.203589e-02 6.614745e+01 1.298965e+02 5.697023e-02 -2.201759e-04 
2.961000e+02 -1.149266e-02 7.383885e-02 -2.206522e+00 5.776446e+03 2.006493e+03 2.494007e+02  1000  5000 -6.613038e-05     0 4.203791e-02 6.600858e+01 1.298968e+02 5.696903e-02 -2.220033e-04 
2.962000e+02 -1.152556e-02 7.353891e-02 -2.206689e+00 5.768735e+03 1.996041e+03 2.496179e+02  1000  5000 -6.410677e-05     0 4.203976e-02 6.586946e+01 1.298972e+02 5.696794e-02 -2.242360e-04 
2.963000e+02 -1.156015e-02 7.323849e-02 -2.206856e+00 5.761022e+03 1.985592e+03 2.498312e+02  1000  5000 -6.796841e-05     0 4.204144e-02 6.573009e+01 1.298975e+02 5.696697e-02 -2.270364e-04 
2.964000e+02 -1.159492e-02 7.293762e-02 -2.207024e+00 5.753307e+03 1.975143e+03 2.500407e+02  1000  5000 -7.411526e-05     0 4.204294e-02 6.559048e+01 1.298978e+02 5.696612e-02 -2.299951e-04 
2.965000e+02 -1.162891e-02 7.263633e-02 -2.207194e+00 5.745591e+03 1.964695e+03 2.502462e+02  1000  5000 -8.103907e-05     0 4.204426e-02 6.545066e+01 1.298982e+02 5.696539e-02 -2.325391e-04 
2.966000e+02 -1.166297e-02 7.233462e-02 -2.207365e+00 5.737872e+03 1.954249e+03 2.504478e+02  1000  5000 -6.125608e-05     0 4.204541e-02 6.531062e+01 1.298985e+02 5.696478e-02 -2.345634e-04 
2.967000e+02 -1.170001e-02 7.203253e-02 -2.207538e+00 5.730152e+03 1.943804e+03 2.506456e+02  1000  5000 -5.885257e-05     0 4.204639e-02 6.517037e+01 1.298989e+02 5.696428e-02 -2.370583e-04 
2.968000e+02 -1.173902e-02 7.173008e-02 -2.207712e+00 5.722430e+03 1.933361e+03 2.508394e+02  1000  5000 -6.326515e-05     0 4.204719e-02 6.502994e+01 1.298992e+02 5.696390e-02 -2.402119e-04 
2.969000e+02 -1.177826e-02 7.142729e-02 -2.207886e+00 5.714706e+03 1.922918e+03 2.510292e+02  1000  5000 -7.032549e-05     0 4.204783e-02 6.488932e+01 1.298996e+02 5.696364e-02 -2.435497e-04 
  297 -1.181655e-02 7.112418e-02 -2.208063e+00 5.706981e+03 1.912477e+03 2.512152e+02  1000  5000 -7.828163e-05     0 4.204828e-02 6.474853e+01 1.299000e+02 5.696350e-02 -2.464080e-04 
2.971000e+02 -1.185490e-02 7.082076e-02 -2.208242e+00 5.699253e+03 1.902037e+03 2.513972e+02  1000  5000 -5.525151e-05     0 4.204857e-02 6.460757e+01 1.299004e+02 5.696347e-02 -2.486655e-04 
2.972000e+02 -1.189680e-02 7.051707e-02 -2.208421e+00 5.691523e+03 1.891599e+03 2.515753e+02  1000  5000 -5.238538e-05     0 4.204868e-02 6.446646e+01 1.299007e+02 5.696356e-02 -2.514720e-04 
2.973000e+02 -1.194104e-02 7.021313e-02 -2.208602e+00 5.683792e+03 1.881161e+03 2.517494e+02  1000  5000 -5.743765e-05     0 4.204862e-02 6.432522e+01 1.299011e+02 5.696377e-02 -2.550454e-04 
2.974000e+02 -1.198553e-02 6.990896e-02 -2.208784e+00 5.676058e+03 1.870725e+03 2.519195e+02  1000  5000 -6.556793e-05     0 4.204839e-02 6.418384e+01 1.299015e+02 5.696409e-02 -2.588344e-04 
2.975000e+02 -1.202888e-02 6.960457e-02 -2.208968e+00 5.668323e+03 1.860291e+03 2.520857e+02  1000  5000 -7.473492e-05     0 4.204799e-02 6.404233e+01 1.299019e+02 5.696453e-02 -2.620671e-04 
2.976000e+02 -1.207231e-02 6.929999e-02 -2.209155e+00 5.660586e+03 1.849858e+03 2.522480e+02  1000  5000 -4.781509e-05     0 4.204741e-02 6.390072e+01 1.299023e+02 5.696508e-02 -2.646037e-04 
2.977000e+02 -1.211996e-02 6.899524e-02 -2.209342e+00 5.652846e+03 1.839426e+03 2.524063e+02  1000  5000 -4.437986e-05     0 4.204666e-02 6.375900e+01 1.299027e+02 5.696575e-02 -2.677839e-04 
2.978000e+02 -1.217040e-02 6.869036e-02 -2.209531e+00 5.645105e+03 1.828995e+03 2.525606e+02  1000  5000 -5.018033e-05     0 4.204575e-02 6.361719e+01 1.299032e+02 5.696653e-02 -2.718615e-04 
2.979000e+02 -1.222114e-02 6.838535e-02 -2.209721e+00 5.637362e+03 1.818566e+03 2.527109e+02  1000  5000 -5.957413e-05     0 4.204467e-02 6.347531e+01 1.299036e+02 5.696743e-02 -2.761927e-04 
  298 -1.227051e-02 6.808023e-02 -2.209914e+00 5.629616e+03 1.808138e+03 2.528573e+02  1000  5000 -7.017330e-05     0 4.204341e-02 6.333335e+01 1.299040e+02 5.696844e-02 -2.798764e-04 
2.981000e+02 -1.231997e-02 6.777502e-02 -2.210109e+00 5.621869e+03 1.797712e+03 2.529997e+02  1000  5000 -3.854569e-05     0 4.204198e-02 6.319133e+01 1.299044e+02 5.696957e-02 -2.827508e-04 
2.982000e+02 -1.237449e-02 6.746975e-02 -2.210305e+00 5.614119e+03 1.787287e+03 2.531381e+02  1000  5000 -3.440236e-05     0 4.204039e-02 6.304925e+01 1.299049e+02 5.697081e-02 -2.863846e-04 
2.983000e+02 -1.243238e-02 6.716446e-02 -2.210502e+00 5.606367e+03 1.776864e+03 2.532725e+02  1000  5000 -4.108490e-05     0 4.203863e-02 6.290714e+01 1.299053e+02 5.697216e-02 -2.910745e-04 
2.984000e+02 -1.249061e-02 6.685914e-02 -2.210701e+00 5.598614e+03 1.766442e+03 2.534029e+02  1000  5000 -5.198435e-05     0 4.203670e-02 6.276500e+01 1.299058e+02 5.697362e-02 -2.960649e-04 
2.985000e+02 -1.254718e-02 6.655383e-02 -2.210903e+00 5.590858e+03 1.756022e+03 2.535294e+02  1000  5000 -6.429319e-05     0 4.203460e-02 6.262283e+01 1.299062e+02 5.697520e-02 -3.002982e-04 
2.986000e+02 -1.260387e-02 6.624853e-02 -2.211108e+00 5.583099e+03 1.745603e+03 2.536519e+02  1000  5000 -2.690166e-05     0 4.203233e-02 6.248065e+01 1.299067e+02 5.697690e-02 -3.035866e-04 
2.987000e+02 -1.266669e-02 6.594329e-02 -2.211314e+00 5.575339e+03 1.735185e+03 2.537703e+02  1000  5000 -2.186604e-05     0 4.202989e-02 6.233848e+01 1.299071e+02 5.697870e-02 -3.077779e-04 
2.988000e+02 -1.273358e-02 6.563811e-02 -2.211521e+00 5.567577e+03 1.724770e+03 2.538848e+02  1000  5000 -2.959753e-05     0 4.202729e-02 6.219631e+01 1.299076e+02 5.698062e-02 -3.132209e-04 
2.989000e+02 -1.280089e-02 6.533303e-02 -2.211730e+00 5.559812e+03 1.714355e+03 2.539953e+02  1000  5000 -4.230911e-05     0 4.202453e-02 6.205416e+01 1.299081e+02 5.698264e-02 -3.190230e-04 
  299 -1.286619e-02 6.502805e-02 -2.211942e+00 5.552045e+03 1.703942e+03 2.541018e+02  1000  5000 -5.667983e-05     0 4.202159e-02 6.191204e+01 1.299086e+02 5.698478e-02 -3.239350e-04 
2.991000e+02 -1.293164e-02 6.472320e-02 -2.212157e+00 5.544276e+03 1.693531e+03 2.542043e+02  1000  5000 -1.213929e-05     0 4.201848e-02 6.176996e+01 1.299090e+02 5.698704e-02 -3.277380e-04 
2.992000e+02 -1.300458e-02 6.441850e-02 -2.212374e+00 5.536504e+03 1.683122e+03 2.543029e+02  1000  5000 -5.963119e-06     0 4.201522e-02 6.162792e+01 1.299095e+02 5.698940e-02 -3.326245e-04 
2.993000e+02 -1.308248e-02 6.411398e-02 -2.212592e+00 5.528731e+03 1.672714e+03 2.543974e+02  1000  5000 -1.495393e-05     0 4.201179e-02 6.148595e+01 1.299100e+02 5.699187e-02 -3.390070e-04 
2.994000e+02 -1.316091e-02 6.380966e-02 -2.212812e+00 5.520955e+03 1.662308e+03 2.544880e+02  1000  5000 -2.987087e-05     0 4.200819e-02 6.134404e+01 1.299105e+02 5.699445e-02 -3.458231e-04 
2.995000e+02 -1.323689e-02 6.350554e-02 -2.213036e+00 5.513176e+03 1.651903e+03 2.545745e+02  1000  5000 -4.675684e-05     0 4.200442e-02 6.120221e+01 1.299110e+02 5.699715e-02 -3.515859e-04 
2.996000e+02 -1.331309e-02 6.320165e-02 -2.213263e+00 5.505395e+03 1.641500e+03 2.546571e+02  1000  5000 6.782125e-06     0 4.200049e-02 6.106047e+01 1.299115e+02 5.699995e-02 -3.560389e-04 
2.997000e+02 -1.339851e-02 6.289802e-02 -2.213492e+00 5.497612e+03 1.631099e+03 2.547357e+02  1000  5000 1.444006e-05     0 4.199640e-02 6.091883e+01 1.299121e+02 5.700287e-02 -3.618064e-04 
2.998000e+02 -1.349007e-02 6.259468e-02 -2.213722e+00 5.489826e+03 1.620699e+03 2.548103e+02  1000  5000 3.921401e-06     0 4.199214e-02 6.077729e+01 1.299126e+02 5.700589e-02 -3.693802e-04 
2.999000e+02 -1.358229e-02 6.229164e-02 -2.213955e+00 5.482038e+03 1.610302e+03 2.548810e+02  1000  5000 -1.371328e-05     0 4.198772e-02 6.063587e+01 1.299131e+02 5.700902e-02 -3.774839e-04 
  300 -1.367151e-02 6.198891e-02 -2.214192e+00 5.474247e+03 1.599906e+03 2.549476e+02  1000  5000 -3.370731e-05     0 4.198313e-02 6.049458e+01 1.299136e+02 5.701226e-02 -3.843313e-04 
3.001000e+02 -1.376106e-02 6.168650e-02 -2.214432e+00 5.466454e+03 1.589511e+03 2.550103e+02  1000  5000 3.135086e-05     0 4.197838e-02 6.035342e+01 1.299142e+02 5.701561e-02 -3.896205e-04 
3.002000e+02 -1.386211e-02 6.138446e-02 -2.214675e+00 5.458659e+03 1.579119e+03 2.550690e+02  1000  5000 4.097003e-05     0 4.197347e-02 6.021241e+01 1.299147e+02 5.701907e-02 -3.965255e-04 
3.003000e+02 -1.397084e-02 6.108281e-02 -2.214920e+00 5.450860e+03 1.568728e+03 2.551238e+02  1000  5000 2.857592e-05     0 4.196840e-02 6.007156e+01 1.299152e+02 5.702263e-02 -4.056380e-04 
3.004000e+02 -1.408042e-02 6.078157e-02 -2.215167e+00 5.443059e+03 1.558340e+03 2.551746e+02  1000  5000 7.544134e-06     0 4.196316e-02 5.993087e+01 1.299158e+02 5.702631e-02 -4.154077e-04 
3.005000e+02 -1.418630e-02 6.048074e-02 -2.215419e+00 5.435256e+03 1.547953e+03 2.552214e+02  1000  5000 -1.634739e-05     0 4.195775e-02 5.979036e+01 1.299163e+02 5.703009e-02 -4.236650e-04 
3.006000e+02 -1.429268e-02 6.018032e-02 -2.215675e+00 5.427450e+03 1.537568e+03 2.552643e+02  1000  5000 6.374905e-05     0 4.195218e-02 5.965003e+01 1.299169e+02 5.703398e-02 -4.300528e-04 
3.007000e+02 -1.441362e-02 5.988038e-02 -2.215934e+00 5.419641e+03 1.527185e+03 2.553032e+02  1000  5000 7.602075e-05     0 4.194645e-02 5.950989e+01 1.299175e+02 5.703798e-02 -4.384579e-04 
3.008000e+02 -1.454429e-02 5.958094e-02 -2.216194e+00 5.411829e+03 1.516804e+03 2.553382e+02  1000  5000 6.129419e-05     0 4.194056e-02 5.936996e+01 1.299180e+02 5.704208e-02 -4.496011e-04 
3.009000e+02 -1.467611e-02 5.928200e-02 -2.216458e+00 5.404015e+03 1.506426e+03 2.553692e+02  1000  5000 3.594602e-05     0 4.193451e-02 5.923024e+01 1.299186e+02 5.704629e-02 -4.615739e-04 
  301 -1.480331e-02 5.898357e-02 -2.216727e+00 5.396198e+03 1.496049e+03 2.553963e+02  1000  5000 7.083496e-06     0 4.192829e-02 5.909074e+01 1.299192e+02 5.705061e-02 -4.717058e-04 
3.011000e+02 -1.493130e-02 5.868565e-02 -2.217001e+00 5.388377e+03 1.485674e+03 2.554194e+02  1000  5000 1.072709e-04     0 4.192189e-02 5.895147e+01 1.299198e+02 5.705504e-02 -4.795719e-04 
3.012000e+02 -1.507801e-02 5.838830e-02 -2.217279e+00 5.380554e+03 1.475301e+03 2.554387e+02  1000  5000 1.232222e-04     0 4.191535e-02 5.881245e+01 1.299203e+02 5.705957e-02 -4.900056e-04 
3.013000e+02 -1.523729e-02 5.809157e-02 -2.217558e+00 5.372728e+03 1.464931e+03 2.554540e+02  1000  5000 1.055516e-04     0 4.190865e-02 5.867367e+01 1.299209e+02 5.706420e-02 -5.038964e-04 
3.014000e+02 -1.539815e-02 5.779544e-02 -2.217840e+00 5.364900e+03 1.454562e+03 2.554654e+02  1000  5000 7.461348e-05     0 4.190178e-02 5.853515e+01 1.299215e+02 5.706894e-02 -5.188575e-04 
3.015000e+02 -1.555320e-02 5.749990e-02 -2.218129e+00 5.357068e+03 1.444196e+03 2.554729e+02  1000  5000 3.928381e-05     0 4.189474e-02 5.839691e+01 1.299221e+02 5.707379e-02 -5.315486e-04 
3.016000e+02 -1.570950e-02 5.720497e-02 -2.218425e+00 5.349233e+03 1.433832e+03 2.554765e+02  1000  5000 1.670636e-04     0 4.188752e-02 5.825894e+01 1.299227e+02 5.707876e-02 -5.414613e-04 
3.017000e+02 -1.589039e-02 5.691071e-02 -2.218724e+00 5.341395e+03 1.423471e+03 2.554762e+02  1000  5000 1.882757e-04     0 4.188015e-02 5.812125e+01 1.299233e+02 5.708382e-02 -5.547196e-04 
3.018000e+02 -1.608786e-02 5.661718e-02 -2.219024e+00 5.333553e+03 1.413111e+03 2.554720e+02  1000  5000 1.668266e-04     0 4.187263e-02 5.798387e+01 1.299239e+02 5.708898e-02 -5.724408e-04 
3.019000e+02 -1.628754e-02 5.632435e-02 -2.219329e+00 5.325709e+03 1.402754e+03 2.554639e+02  1000  5000 1.284837e-04     0 4.186493e-02 5.784678e+01 1.299246e+02 5.709425e-02 -5.915799e-04 
  302 -1.647983e-02 5.603220e-02 -2.219641e+00 5.317861e+03 1.392400e+03 2.554519e+02  1000  5000 8.453997e-05     0 4.185705e-02 5.771002e+01 1.299252e+02 5.709964e-02 -6.078757e-04 
3.021000e+02 -1.667418e-02 5.574073e-02 -2.219962e+00 5.310010e+03 1.382048e+03 2.554361e+02  1000  5000 2.515097e-04     0 4.184899e-02 5.757357e+01 1.299258e+02 5.710514e-02 -6.207182e-04 
3.022000e+02 -1.690164e-02 5.545006e-02 -2.220287e+00 5.302155e+03 1.371698e+03 2.554165e+02  1000  5000 2.805236e-04     0 4.184078e-02 5.743746e+01 1.299264e+02 5.711073e-02 -6.380503e-04 
3.023000e+02 -1.715152e-02 5.516021e-02 -2.220613e+00 5.294297e+03 1.361351e+03 2.553930e+02  1000  5000 2.541314e-04     0 4.183242e-02 5.730169e+01 1.299271e+02 5.711642e-02 -6.613059e-04 
3.024000e+02 -1.740466e-02 5.487116e-02 -2.220944e+00 5.286436e+03 1.351006e+03 2.553656e+02  1000  5000 2.057094e-04     0 4.182388e-02 5.716627e+01 1.299277e+02 5.712223e-02 -6.865037e-04 
3.025000e+02 -1.764821e-02 5.458288e-02 -2.221284e+00 5.278571e+03 1.340665e+03 2.553344e+02  1000  5000 1.499600e-04     0 4.181514e-02 5.703120e+01 1.299283e+02 5.712815e-02 -7.080727e-04 
3.026000e+02 -1.789527e-02 5.429536e-02 -2.221635e+00 5.270702e+03 1.330325e+03 2.552994e+02  1000  5000 3.749707e-04     0 4.180620e-02 5.689651e+01 1.299290e+02 5.713419e-02 -7.252824e-04 
3.027000e+02 -1.818835e-02 5.400873e-02 -2.221990e+00 5.262830e+03 1.319989e+03 2.552606e+02  1000  5000 4.160902e-04     0 4.179712e-02 5.676219e+01 1.299296e+02 5.714032e-02 -7.487479e-04 
3.028000e+02 -1.851274e-02 5.372305e-02 -2.222347e+00 5.254954e+03 1.309656e+03 2.552180e+02  1000  5000 3.830907e-04     0 4.178789e-02 5.662826e+01 1.299303e+02 5.714654e-02 -7.803604e-04 
3.029000e+02 -1.884215e-02 5.343828e-02 -2.222710e+00 5.247074e+03 1.299325e+03 2.551716e+02  1000  5000 3.204808e-04     0 4.177846e-02 5.649472e+01 1.299309e+02 5.715288e-02 -8.147497e-04 
  303 -1.915887e-02 5.315434e-02 -2.223084e+00 5.239190e+03 1.288997e+03 2.551214e+02  1000  5000 2.479704e-04     0 4.176880e-02 5.636158e+01 1.299316e+02 5.715935e-02 -8.443999e-04 
3.031000e+02 -1.948181e-02 5.287122e-02 -2.223472e+00 5.231302e+03 1.278672e+03 2.550674e+02  1000  5000 5.636747e-04     0 4.175892e-02 5.622886e+01 1.299323e+02 5.716594e-02 -8.684529e-04 
3.032000e+02 -1.987138e-02 5.258912e-02 -2.223865e+00 5.223410e+03 1.268351e+03 2.550097e+02  1000  5000 6.246909e-04     0 4.174890e-02 5.609656e+01 1.299330e+02 5.717261e-02 -9.016629e-04 
3.033000e+02 -2.030657e-02 5.230811e-02 -2.224258e+00 5.215513e+03 1.258032e+03 2.549482e+02  1000  5000 5.826445e-04     0 4.173873e-02 5.596468e+01 1.299336e+02 5.717937e-02 -9.466173e-04 
3.034000e+02 -2.074987e-02 5.202811e-02 -2.224659e+00 5.207613e+03 1.247717e+03 2.548829e+02  1000  5000 4.991942e-04     0 4.172834e-02 5.583324e+01 1.299343e+02 5.718625e-02 -9.957703e-04 
3.035000e+02 -2.117598e-02 5.174900e-02 -2.225075e+00 5.199708e+03 1.237405e+03 2.548140e+02  1000  5000 4.017912e-04     0 4.171767e-02 5.570225e+01 1.299350e+02 5.719328e-02 -1.038557e-03 
3.036000e+02 -2.161372e-02 5.147073e-02 -2.225510e+00 5.191798e+03 1.227097e+03 2.547413e+02  1000  5000 8.696760e-04     0 4.170673e-02 5.557171e+01 1.299357e+02 5.720044e-02 -1.074035e-03 
3.037000e+02 -2.215340e-02 5.119364e-02 -2.225948e+00 5.183884e+03 1.216792e+03 2.546649e+02  1000  5000 9.659714e-04     0 4.169566e-02 5.544164e+01 1.299364e+02 5.720766e-02 -1.123845e-03 
3.038000e+02 -2.276346e-02 5.091785e-02 -2.226386e+00 5.175965e+03 1.206490e+03 2.545847e+02  1000  5000 9.112260e-04     0 4.168444e-02 5.531203e+01 1.299371e+02 5.721495e-02 -1.191711e-03 
3.039000e+02 -2.338749e-02 5.064319e-02 -2.226833e+00 5.168041e+03 1.196193e+03 2.545009e+02  1000  5000 7.953966e-04     0 4.167294e-02 5.518291e+01 1.299378e+02 5.722237e-02 -1.266424e-03 
  304 -2.398747e-02 5.036943e-02 -2.227301e+00 5.160112e+03 1.185899e+03 2.544135e+02  1000  5000 6.587509e-04     0 4.166109e-02 5.505427e+01 1.299386e+02 5.722998e-02 -1.332278e-03 
3.041000e+02 -2.461098e-02 5.009651e-02 -2.227794e+00 5.152178e+03 1.175609e+03 2.543223e+02  1000  5000 1.408737e-03     0 4.164888e-02 5.492613e+01 1.299393e+02 5.723774e-02 -1.388504e-03 
3.042000e+02 -2.540328e-02 4.982502e-02 -2.228289e+00 5.144238e+03 1.165323e+03 2.542275e+02  1000  5000 1.574512e-03     0 4.163654e-02 5.479849e+01 1.299400e+02 5.724546e-02 -1.469408e-03 
3.043000e+02 -2.631324e-02 4.955515e-02 -2.228781e+00 5.136293e+03 1.155042e+03 2.541290e+02  1000  5000 1.501609e-03     0 4.162407e-02 5.467137e+01 1.299408e+02 5.725323e-02 -1.580763e-03 
3.044000e+02 -2.724958e-02 4.928664e-02 -2.229282e+00 5.128342e+03 1.144765e+03 2.540269e+02  1000  5000 1.331396e-03     0 4.161125e-02 5.454476e+01 1.299415e+02 5.726113e-02 -1.704547e-03 
3.045000e+02 -2.815072e-02 4.901896e-02 -2.229814e+00 5.120385e+03 1.134492e+03 2.539212e+02  1000  5000 1.127502e-03     0 4.159788e-02 5.441869e+01 1.299423e+02 5.726930e-02 -1.815456e-03 
3.046000e+02 -2.910579e-02 4.875203e-02 -2.230382e+00 5.112422e+03 1.124224e+03 2.538119e+02  1000  5000 2.485175e-03     0 4.158398e-02 5.429316e+01 1.299431e+02 5.727760e-02 -1.914086e-03 
3.047000e+02 -3.037659e-02 4.848711e-02 -2.230944e+00 5.104453e+03 1.113961e+03 2.536989e+02  1000  5000 2.810990e-03     0 4.157000e-02 5.416817e+01 1.299439e+02 5.728561e-02 -2.061903e-03 
3.048000e+02 -3.187012e-02 4.822466e-02 -2.231491e+00 5.096477e+03 1.103703e+03 2.535823e+02  1000  5000 2.712717e-03     0 4.155603e-02 5.404373e+01 1.299446e+02 5.729347e-02 -2.269006e-03 
3.049000e+02 -3.342059e-02 4.796406e-02 -2.232047e+00 5.088493e+03 1.093451e+03 2.534622e+02  1000  5000 2.439800e-03     0 4.154155e-02 5.391986e+01 1.299455e+02 5.730145e-02 -2.502628e-03 
  305 -3.491601e-02 4.770413e-02 -2.232651e+00 5.080503e+03 1.083204e+03 2.533384e+02  1000  5000 2.105139e-03     0 4.152615e-02 5.379657e+01 1.299463e+02 5.730983e-02 -2.716581e-03 
3.051000e+02 -3.656564e-02 4.744476e-02 -2.233307e+00 5.072505e+03 1.072963e+03 2.532110e+02  1000  5000 5.155382e-03     0 4.150975e-02 5.367385e+01 1.299471e+02 5.731816e-02 -2.919445e-03 
3.052000e+02 -3.894832e-02 4.718964e-02 -2.233924e+00 5.064499e+03 1.062729e+03 2.530801e+02  1000  5000 5.961548e-03     0 4.149376e-02 5.355172e+01 1.299480e+02 5.732487e-02 -3.248568e-03 
3.053000e+02 -4.185619e-02 4.694037e-02 -2.234478e+00 5.056484e+03 1.052501e+03 2.529456e+02  1000  5000 5.838708e-03     0 4.147855e-02 5.343020e+01 1.299489e+02 5.733034e-02 -3.726151e-03 
3.054000e+02 -4.491839e-02 4.669529e-02 -2.235027e+00 5.048460e+03 1.042280e+03 2.528074e+02  1000  5000 5.328361e-03     0 4.146290e-02 5.330928e+01 1.299498e+02 5.733542e-02 -4.278188e-03 
3.055000e+02 -4.788431e-02 4.645074e-02 -2.235659e+00 5.040426e+03 1.032066e+03 2.526656e+02  1000  5000 4.677020e-03     0 4.144550e-02 5.318898e+01 1.299508e+02 5.734117e-02 -4.799399e-03 
3.056000e+02 -5.159734e-02 4.620827e-02 -2.236345e+00 5.032383e+03 1.021861e+03 2.525202e+02  1000  5000 1.610957e-02     0 4.142604e-02 5.306932e+01 1.299518e+02 5.734354e-02 -5.372169e-03 
3.057000e+02 -5.814731e-02 4.598978e-02 -2.236727e+00 5.024328e+03 1.011665e+03 2.523711e+02  1000  5000 1.950614e-02     0 4.141012e-02 5.295032e+01 1.299529e+02 5.733106e-02 -6.518072e-03 
3.058000e+02 -6.676896e-02 4.580966e-02 -2.236716e+00 5.016260e+03 1.001478e+03 2.522182e+02  1000  5000 1.953971e-02     0 4.140623e-02 5.283200e+01 1.299541e+02 5.730298e-02 -8.323396e-03 
3.059000e+02 -7.609704e-02 4.566343e-02 -2.236530e+00 5.008179e+03 9.913019e+02 2.520613e+02  1000  5000 1.814805e-02     0 4.141668e-02 5.271434e+01 1.299553e+02 5.726314e-02 -1.050977e-02 
  306 -8.520657e-02 4.552914e-02 -2.236520e+00 5.000081e+03 9.811385e+02 2.519004e+02  1000  5000 1.621850e-02     0 4.142878e-02 5.259737e+01 1.299567e+02 5.721927e-02 -1.267232e-02 
3.061000e+02 -9.847018e-02 4.543260e-02 -2.236450e+00 4.991967e+03 9.709888e+02 2.517350e+02  1000  5000 7.439118e-02     0 4.143085e-02 5.248121e+01 1.299582e+02 5.711399e-02 -1.531744e-02 
3.062000e+02 -1.263994e-01 4.562663e-02 -2.234501e+00 4.983832e+03 9.608549e+02 2.515647e+02  1000  5000 9.244722e-02     0 4.152261e-02 5.236583e+01 1.299602e+02 5.675034e-02 -2.107975e-02 
3.063000e+02 -1.651120e-01 4.637498e-02 -2.230276e+00 4.975673e+03 9.507410e+02 2.513882e+02  1000  5000 9.370486e-02     0 4.183725e-02 5.225133e+01 1.299626e+02 5.603725e-02 -3.037570e-02 
3.064000e+02 -2.076861e-01 4.775104e-02 -2.224931e+00 4.967482e+03 9.406524e+02 2.512031e+02  1000  5000 8.780297e-02     0 4.244095e-02 5.213794e+01 1.299657e+02 5.500024e-02 -4.176451e-02 
3.065000e+02 -2.494526e-01 4.953367e-02 -2.220295e+00 4.959253e+03 9.305944e+02 2.510061e+02  5000 10000 7.914960e-02     0 4.339204e-02 5.202602e+01 1.299694e+02 5.380659e-02 -5.316116e-02 
3.066000e+02 -2.751370e-01 5.075797e-02 -2.219679e+00 4.950980e+03 9.205723e+02 2.507939e+02  5000 10000 -9.509352e-02     0 4.430461e-02 5.191613e+01 1.299741e+02 5.341182e-02 -6.024264e-02 
3.067000e+02 -2.595567e-01 4.910502e-02 -2.229291e+00 4.942660e+03 9.105892e+02 2.505655e+02  5000 10000 -1.000000e-01     0 4.357979e-02 5.180830e+01 1.299800e+02 5.510276e-02 -5.455768e-02 
3.068000e+02 -2.248673e-01 4.454202e-02 -2.249207e+00 4.934294e+03 9.006443e+02 2.503243e+02  5000 10000 -1.000000e-01     0 4.013187e-02 5.170207e+01 1.299895e+02 5.675218e-02 -3.675640e-02 
3.069000e+02 -1.860706e-01 3.898750e-02 -2.276275e+00 4.925883e+03 8.907354e+02 2.500734e+02  5000 10000 -1.000000e-01     0 3.592433e-02 5.159727e+01 1.300044e+02 5.753813e-02 -1.122072e-02 
  307 -1.482307e-01 3.445461e-02 -2.306365e+00 4.917429e+03 8.808607e+02 2.498142e+02  5000 10000 -1.000000e-01     0 3.414284e-02 5.149378e+01 1.300219e+02 5.785937e-02 1.719836e-02 
3.071000e+02 -1.120781e-01 3.181936e-02 -2.335308e+00 4.908935e+03 8.710199e+02 2.495476e+02  5000 10000 -1.000000e-01     0 3.557145e-02 5.139153e+01 1.300364e+02 5.789175e-02 4.421579e-02 
3.072000e+02 -7.662471e-02 3.084561e-02 -2.359692e+00 4.900399e+03 8.612126e+02 2.492746e+02  5000 10000 -1.000000e-01     0 3.874779e-02 5.129042e+01 1.300438e+02 5.735318e-02 6.665669e-02 
3.073000e+02 -4.059490e-02 3.090937e-02 -2.377333e+00 4.891827e+03 8.514377e+02 2.489955e+02  5000 10000 -1.000000e-01     0 4.191611e-02 5.119041e+01 1.300441e+02 5.601499e-02 8.267376e-02 
3.074000e+02 -9.787665e-03 3.155050e-02 -2.387357e+00 4.883221e+03 8.416922e+02 2.487090e+02  5000 10000 -1.000000e-01     0 4.415076e-02 5.109161e+01 1.300409e+02 5.406181e-02 9.172537e-02 
3.075000e+02 4.297397e-02 3.256969e-02 -2.390010e+00 4.874590e+03 8.319704e+02 2.484126e+02  5000 10000 -1.000000e-01     0 4.530403e-02 5.099426e+01 1.300397e+02 5.201736e-02 9.437486e-02 
3.076000e+02 8.839277e-02 3.387711e-02 -2.386339e+00 4.865941e+03 8.222641e+02 2.481032e+02  5000 10000 -1.000000e-01     0 4.555994e-02 5.089869e+01 1.300446e+02 5.044563e-02 9.197599e-02 
3.077000e+02 1.377870e-01 3.535569e-02 -2.377846e+00 4.857286e+03 8.125630e+02 2.477784e+02  5000 10000 -1.000000e-01     0 4.513622e-02 5.080519e+01 1.300580e+02 4.969629e-02 8.630892e-02 
3.078000e+02 1.903383e-01 3.684157e-02 -2.366178e+00 4.848636e+03 8.028551e+02 2.474364e+02  5000 10000 -1.000000e-01     0 4.419590e-02 5.071400e+01 1.300798e+02 4.981401e-02 7.922662e-02 
3.079000e+02 2.444854e-01 3.817673e-02 -2.352779e+00 4.840006e+03 7.931275e+02 2.470762e+02  5000 10000 -8.762328e-02     0 4.276336e-02 5.062532e+01 1.301088e+02 5.065848e-02 7.223138e-02 
  308 2.964606e-01 3.912525e-02 -2.338400e+00 4.831408e+03 7.833669e+02 2.466974e+02  5000 10000 -7.475205e-02     0 4.105710e-02 5.053909e+01 1.301430e+02 5.205804e-02 6.585495e-02 
3.081000e+02 3.439360e-01 3.947856e-02 -2.323376e+00 4.822858e+03 7.735608e+02 2.462993e+02  5000 10000 -6.239843e-02     0 3.880788e-02 5.045547e+01 1.301812e+02 5.373973e-02 6.012874e-02 
3.082000e+02 3.860376e-01 3.915319e-02 -2.307843e+00 4.814369e+03 7.636977e+02 2.458812e+02  5000 10000 -5.102048e-02     0 3.619460e-02 5.037456e+01 1.302227e+02 5.550639e-02 5.491522e-02 
3.083000e+02 4.226790e-01 3.817877e-02 -2.291838e+00 4.805953e+03 7.537676e+02 2.454421e+02  5000 10000 -4.083996e-02     0 3.344477e-02 5.029649e+01 1.302673e+02 5.727509e-02 5.004416e-02 
3.084000e+02 4.541820e-01 3.664063e-02 -2.275382e+00 4.797621e+03 7.437616e+02 2.449808e+02  5000 10000 -3.190936e-02     0 3.067730e-02 5.022139e+01 1.303149e+02 5.902078e-02 4.538825e-02 
3.085000e+02 4.810486e-01 3.465197e-02 -2.258519e+00 4.789383e+03 7.336724e+02 2.444963e+02  5000 10000 -2.417944e-02     0 2.791815e-02 5.014943e+01 1.303657e+02 6.074005e-02 4.089105e-02 
3.086000e+02 5.038274e-01 3.234633e-02 -2.241323e+00 4.781250e+03 7.234936e+02 2.439875e+02  5000 10000 -1.754962e-02     0 2.516659e-02 5.008074e+01 1.304198e+02 6.243916e-02 3.656422e-02 
3.087000e+02 5.230421e-01 2.987004e-02 -2.223892e+00 4.773229e+03 7.132201e+02 2.434538e+02  5000 10000 -1.190083e-02     0 2.242784e-02 5.001545e+01 1.304771e+02 6.412848e-02 3.246817e-02 
3.088000e+02 5.391598e-01 2.736947e-02 -2.206332e+00 4.765328e+03 7.028474e+02 2.428946e+02  5000 10000 -7.114503e-03     0 1.971291e-02 4.995365e+01 1.305375e+02 6.581706e-02 2.868654e-02 
3.089000e+02 5.525851e-01 2.497750e-02 -2.188745e+00 4.757556e+03 6.923721e+02 2.423098e+02  5000 10000 -3.081739e-03     0 1.703258e-02 4.989540e+01 1.306010e+02 6.750919e-02 2.530188e-02 
  309 5.636657e-01 2.280343e-02 -2.171214e+00 4.749919e+03 6.817914e+02 2.416998e+02  5000 10000 2.936671e-04     0 1.439665e-02 4.984073e+01 1.306671e+02 6.920412e-02 2.237706e-02 
3.091000e+02 5.727047e-01 2.092729e-02 -2.153796e+00 4.742423e+03 6.711034e+02 2.410653e+02  5000 10000 3.095741e-03     0 1.181614e-02 4.978963e+01 1.307355e+02 7.089727e-02 1.994431e-02 
3.092000e+02 5.799720e-01 1.939802e-02 -2.136522e+00 4.735075e+03 6.603065e+02 2.404074e+02  5000 10000 5.398382e-03     0 9.304308e-03 4.974204e+01 1.308060e+02 7.258146e-02 1.800192e-02 
3.093000e+02 5.857134e-01 1.823492e-02 -2.119396e+00 4.727879e+03 6.494000e+02 2.397275e+02  5000 10000 7.267700e-03     0 6.875840e-03 4.969787e+01 1.308779e+02 7.424743e-02 1.651713e-02 
3.094000e+02 5.901565e-01 1.743179e-02 -2.102403e+00 4.720841e+03 6.383835e+02 2.390274e+02  5000 10000 8.763959e-03     0 4.545702e-03 4.965699e+01 1.309509e+02 7.588425e-02 1.543335e-02 
3.095000e+02 5.935130e-01 1.696291e-02 -2.085512e+00 4.713966e+03 6.272574e+02 2.383092e+02  5000 10000 9.942816e-03     0 2.328123e-03 4.961925e+01 1.310244e+02 7.747963e-02 1.467950e-02 
3.096000e+02 5.959783e-01 1.678978e-02 -2.068688e+00 4.707258e+03 6.160221e+02 2.375751e+02  5000 10000 1.085585e-02     0 2.359232e-04 4.958448e+01 1.310980e+02 7.902058e-02 1.417954e-02 
3.097000e+02 5.977301e-01 1.686770e-02 -2.051896e+00 4.700722e+03 6.046786e+02 2.368276e+02  5000 10000 1.155053e-02     0 -1.720016e-03 4.955248e+01 1.311711e+02 8.049420e-02 1.386074e-02 
3.098000e+02 5.989257e-01 1.715121e-02 -2.035104e+00 4.694360e+03 5.932284e+02 2.360691e+02  5000 10000 1.206985e-02     0 -3.531142e-03 4.952305e+01 1.312433e+02 8.188853e-02 1.365977e-02 
3.099000e+02 5.997001e-01 1.759823e-02 -2.018291e+00 4.688178e+03 5.816731e+02 2.353020e+02  5000 10000 1.245187e-02     0 -5.191472e-03 4.949599e+01 1.313142e+02 8.319326e-02 1.352633e-02 
  310 6.001657e-01 1.817247e-02 -2.001441e+00 4.682178e+03 5.700145e+02 2.345287e+02  5000 10000 1.272929e-02     0 -6.697654e-03 4.947108e+01 1.313833e+02 8.440033e-02 1.342431e-02 
3.101000e+02 6.004121e-01 1.884444e-02 -1.984548e+00 4.676363e+03 5.582548e+02 2.337517e+02  5000 10000 1.292932e-02     0 -8.048875e-03 4.944814e+01 1.314504e+02 8.550412e-02 1.333101e-02 
3.102000e+02 6.005076e-01 1.959132e-02 -1.967616e+00 4.670738e+03 5.463964e+02 2.329730e+02  5000 10000 1.307375e-02     0 -9.246649e-03 4.942697e+01 1.315151e+02 8.650153e-02 1.323501e-02 
3.103000e+02 6.005019e-01 2.039599e-02 -1.950651e+00 4.665304e+03 5.344420e+02 2.321946e+02  5000 10000 1.317934e-02     0 -1.029451e-02 4.940741e+01 1.315772e+02 8.739177e-02 1.313329e-02 
3.104000e+02 6.004295e-01 2.124577e-02 -1.933665e+00 4.660065e+03 5.223942e+02 2.314184e+02  5000 10000 1.325840e-02     0 -1.119766e-02 4.938929e+01 1.316364e+02 8.817604e-02 1.302819e-02 
3.105000e+02 6.003125e-01 2.213100e-02 -1.916668e+00 4.655023e+03 5.102561e+02 2.306461e+02  5000 10000 1.331954e-02     0 -1.196259e-02 4.937246e+01 1.316926e+02 8.885717e-02 1.292473e-02 
3.106000e+02 6.001644e-01 2.304383e-02 -1.899674e+00 4.650181e+03 4.980307e+02 2.298791e+02  5000 10000 1.336847e-02     0 -1.259673e-02 4.935681e+01 1.317456e+02 8.943923e-02 1.282841e-02 
3.107000e+02 5.999929e-01 2.397727e-02 -1.882693e+00 4.645540e+03 4.857213e+02 2.291187e+02  5000 10000 1.340875e-02     0 -1.310813e-02 4.934221e+01 1.317955e+02 8.992717e-02 1.274375e-02 
3.108000e+02 5.998023e-01 2.492456e-02 -1.865733e+00 4.641104e+03 4.733313e+02 2.283661e+02  5000 10000 1.344250e-02     0 -1.350522e-02 4.932856e+01 1.318420e+02 9.032654e-02 1.267353e-02 
3.109000e+02 5.995950e-01 2.587891e-02 -1.848800e+00 4.636874e+03 4.608642e+02 2.276222e+02  5000 10000 1.347099e-02     0 -1.379661e-02 4.931578e+01 1.318853e+02 9.064323e-02 1.261856e-02 
  311 5.993730e-01 2.683341e-02 -1.831899e+00 4.632852e+03 4.483235e+02 2.268879e+02  5000 10000 1.349499e-02     0 -1.399092e-02 4.930379e+01 1.319252e+02 9.088329e-02 1.257789e-02 
3.111000e+02 5.991386e-01 2.778122e-02 -1.815033e+00 4.629039e+03 4.357129e+02 2.261638e+02  5000 10000 1.351511e-02     0 -1.409670e-02 4.929252e+01 1.319617e+02 9.105284e-02 1.254931e-02 
3.112000e+02 5.988939e-01 2.871574e-02 -1.798201e+00 4.625437e+03 4.230363e+02 2.254504e+02  5000 10000 1.353190e-02     0 -1.412233e-02 4.928194e+01 1.319950e+02 9.115789e-02 1.252987e-02 
3.113000e+02 5.986416e-01 2.963088e-02 -1.781404e+00 4.622047e+03 4.102973e+02 2.247483e+02  5000 10000 1.354599e-02     0 -1.407596e-02 4.927199e+01 1.320251e+02 9.120438e-02 1.251645e-02 
3.114000e+02 5.983844e-01 3.052127e-02 -1.764643e+00 4.618871e+03 3.974999e+02 2.240576e+02  5000 10000 1.355801e-02     0 -1.396544e-02 4.926264e+01 1.320520e+02 9.119807e-02 1.250620e-02 
3.115000e+02 5.981247e-01 3.138240e-02 -1.747916e+00 4.615910e+03 3.846480e+02 2.233786e+02  5000 10000 1.356858e-02     0 -1.379835e-02 4.925387e+01 1.320759e+02 9.114453e-02 1.249684e-02 
3.116000e+02 5.978646e-01 3.221070e-02 -1.731225e+00 4.613163e+03 3.717454e+02 2.227114e+02  5000 10000 1.357829e-02     0 -1.358188e-02 4.924565e+01 1.320968e+02 9.104914e-02 1.248675e-02 
3.117000e+02 5.976054e-01 3.300350e-02 -1.714568e+00 4.610633e+03 3.587961e+02 2.220559e+02  5000 10000 1.358762e-02     0 -1.332286e-02 4.923799e+01 1.321148e+02 9.091702e-02 1.247506e-02 
3.118000e+02 5.973482e-01 3.375900e-02 -1.697946e+00 4.608319e+03 3.458041e+02 2.214122e+02  5000 10000 1.359692e-02     0 -1.302772e-02 4.923088e+01 1.321300e+02 9.075309e-02 1.246149e-02 
3.119000e+02 5.970933e-01 3.447612e-02 -1.681360e+00 4.606223e+03 3.327733e+02 2.207800e+02  5000 10000 1.360640e-02     0 -1.270248e-02 4.922431e+01 1.321427e+02 9.056196e-02 1.244622e-02 
  312 5.968406e-01 3.515440e-02 -1.664809e+00 4.604344e+03 3.197077e+02 2.201592e+02  5000 10000 1.361615e-02     0 -1.235273e-02 4.921831e+01 1.321528e+02 9.034799e-02 1.242976e-02 
3.121000e+02 5.965895e-01 3.579384e-02 -1.648295e+00 4.602683e+03 3.066111e+02 2.195494e+02  5000 10000 1.362614e-02     0 -1.198362e-02 4.921287e+01 1.321606e+02 9.011524e-02 1.241273e-02 
3.122000e+02 5.963394e-01 3.639483e-02 -1.631816e+00 4.601240e+03 2.934876e+02 2.189504e+02  5000 10000 1.363626e-02     0 -1.159989e-02 4.920801e+01 1.321661e+02 8.986748e-02 1.239577e-02 
3.123000e+02 5.960897e-01 3.695798e-02 -1.615374e+00 4.600015e+03 2.803410e+02 2.183618e+02  5000 10000 1.364637e-02     0 -1.120584e-02 4.920376e+01 1.321695e+02 8.960818e-02 1.237941e-02 
3.124000e+02 5.958394e-01 3.748409e-02 -1.598968e+00 4.599008e+03 2.671752e+02 2.177833e+02  5000 10000 1.365630e-02     0 -1.080540e-02 4.920013e+01 1.321710e+02 8.934049e-02 1.236406e-02 
3.125000e+02 5.955882e-01 3.797412e-02 -1.582597e+00 4.598219e+03 2.539941e+02 2.172144e+02  5000 10000 1.366586e-02     0 -1.040205e-02 4.919715e+01 1.321706e+02 8.906728e-02 1.234995e-02 
3.126000e+02 5.953354e-01 3.842908e-02 -1.566261e+00 4.597648e+03 2.408015e+02 2.166547e+02  5000 10000 1.367493e-02     0 -9.998944e-03 4.919483e+01 1.321686e+02 8.879113e-02 1.233716e-02 
3.127000e+02 5.950808e-01 3.885011e-02 -1.549959e+00 4.597294e+03 2.276012e+02 2.161038e+02  5000 10000 1.368340e-02     0 -9.598859e-03 4.919321e+01 1.321649e+02 8.851436e-02 1.232567e-02 
3.128000e+02 5.948242e-01 3.923839e-02 -1.533689e+00 4.597158e+03 2.143969e+02 2.155613e+02  5000 10000 1.369117e-02     0 -9.204248e-03 4.919232e+01 1.321598e+02 8.823902e-02 1.231535e-02 
3.129000e+02 5.945656e-01 3.959519e-02 -1.517450e+00 4.597238e+03 2.011925e+02 2.150266e+02  5000 10000 1.369822e-02     0 -8.817250e-03 4.919216e+01 1.321534e+02 8.796692e-02 1.230605e-02 
  313 5.943050e-01 3.992184e-02 -1.501241e+00 4.597535e+03 1.879915e+02 2.144993e+02  5000 10000 1.370453e-02     0 -8.439717e-03 4.919279e+01 1.321457e+02 8.769964e-02 1.229759e-02 
3.131000e+02 5.940426e-01 4.021976e-02 -1.485062e+00 4.598048e+03 1.747977e+02 2.139790e+02  5000 10000 1.371011e-02     0 -8.073231e-03 4.919421e+01 1.321370e+02 8.743855e-02 1.228981e-02 
3.132000e+02 5.937785e-01 4.049041e-02 -1.468909e+00 4.598776e+03 1.616147e+02 2.134652e+02  5000 10000 1.371499e-02     0 -7.719128e-03 4.919646e+01 1.321273e+02 8.718484e-02 1.228258e-02 
3.133000e+02 5.935128e-01 4.073529e-02 -1.452783e+00 4.599719e+03 1.484462e+02 2.129575e+02  5000 10000 1.371918e-02     0 -7.378510e-03 4.919956e+01 1.321167e+02 8.693950e-02 1.227582e-02 
3.134000e+02 5.932457e-01 4.095598e-02 -1.436683e+00 4.600876e+03 1.352955e+02 2.124554e+02  5000 10000 1.372274e-02     0 -7.052272e-03 4.920354e+01 1.321053e+02 8.670337e-02 1.226946e-02 
3.135000e+02 5.929773e-01 4.115405e-02 -1.420606e+00 4.602245e+03 1.221663e+02 2.119586e+02  5000 10000 1.372569e-02     0 -6.741110e-03 4.920842e+01 1.320932e+02 8.647712e-02 1.226346e-02 
3.136000e+02 5.927078e-01 4.133107e-02 -1.404551e+00 4.603828e+03 1.090622e+02 2.114667e+02  5000 10000 1.372805e-02     0 -6.445546e-03 4.921422e+01 1.320805e+02 8.626129e-02 1.225783e-02 
3.137000e+02 5.924373e-01 4.148864e-02 -1.388519e+00 4.605622e+03 9.598641e+01 2.109792e+02  5000 10000 1.372987e-02     0 -6.165936e-03 4.922097e+01 1.320673e+02 8.605630e-02 1.225255e-02 
3.138000e+02 5.921658e-01 4.162830e-02 -1.372506e+00 4.607627e+03 8.294252e+01 2.104958e+02  5000 10000 1.373117e-02     0 -5.902490e-03 4.922868e+01 1.320536e+02 8.586244e-02 1.224763e-02 
3.139000e+02 5.918934e-01 4.175159e-02 -1.356513e+00 4.609841e+03 6.993389e+01 2.100162e+02  5000 10000 1.373196e-02     0 -5.655287e-03 4.923738e+01 1.320396e+02 8.567988e-02 1.224308e-02 
  314 5.916203e-01 4.185999e-02 -1.340539e+00 4.612265e+03 5.696387e+01 2.095399e+02  5000 10000 1.373228e-02     0 -5.424284e-03 4.924708e+01 1.320253e+02 8.550872e-02 1.223888e-02 
3.141000e+02 5.913466e-01 4.195494e-02 -1.324582e+00 4.614896e+03 4.403580e+01 2.090668e+02  5000 10000 1.373214e-02     0 -5.209335e-03 4.925780e+01 1.320107e+02 8.534897e-02 1.223503e-02 
3.142000e+02 5.910723e-01 4.203780e-02 -1.308641e+00 4.617735e+03 3.115297e+01 2.085965e+02  5000 10000 1.373157e-02     0 -5.010199e-03 4.926957e+01 1.319960e+02 8.520053e-02 1.223150e-02 
3.143000e+02 5.907975e-01 4.210992e-02 -1.292715e+00 4.620779e+03 1.831866e+01 2.081287e+02  5000 10000 1.373059e-02     0 -4.826554e-03 4.928238e+01 1.319811e+02 8.506327e-02 1.222827e-02 
3.144000e+02 5.905224e-01 4.217255e-02 -1.276804e+00 4.624028e+03 5.536098e+00 2.076631e+02  5000 10000 1.372924e-02     0 -4.658008e-03 4.929626e+01 1.319661e+02 8.493697e-02 1.222530e-02 
3.145000e+02 5.902471e-01 4.222688e-02 -1.260906e+00 4.627481e+03 -7.191494e+00 2.071996e+02  5000 10000 1.372753e-02     0 -4.504109e-03 4.931121e+01 1.319511e+02 8.482138e-02 1.222256e-02 
3.146000e+02 5.899718e-01 4.227407e-02 -1.245022e+00 4.631136e+03 -1.986094e+01 2.067380e+02  5000 10000 1.372550e-02     0 -4.364354e-03 4.932726e+01 1.319361e+02 8.471619e-02 1.222001e-02 
3.147000e+02 5.896964e-01 4.231519e-02 -1.229149e+00 4.634992e+03 -3.246908e+01 2.062779e+02  5000 10000 1.372317e-02     0 -4.238201e-03 4.934440e+01 1.319212e+02 8.462107e-02 1.221763e-02 
3.148000e+02 5.894212e-01 4.235126e-02 -1.213287e+00 4.639049e+03 -4.501278e+01 2.058193e+02  5000 10000 1.372058e-02     0 -4.125073e-03 4.936265e+01 1.319063e+02 8.453563e-02 1.221538e-02 
3.149000e+02 5.891463e-01 4.238321e-02 -1.197436e+00 4.643304e+03 -5.748896e+01 2.053619e+02  5000 10000 1.371776e-02     0 -4.024368e-03 4.938201e+01 1.318915e+02 8.445948e-02 1.221325e-02 
  315 5.888717e-01 4.241196e-02 -1.181595e+00 4.647756e+03 -6.989453e+01 2.049056e+02  5000 10000 1.371473e-02     0 -3.935466e-03 4.940249e+01 1.318768e+02 8.439220e-02 1.221120e-02 
3.151000e+02 5.885976e-01 4.243833e-02 -1.165764e+00 4.652405e+03 -8.222644e+01 2.044504e+02  5000 10000 1.371151e-02     0 -3.857733e-03 4.942409e+01 1.318623e+02 8.433336e-02 1.220922e-02 
3.152000e+02 5.883240e-01 4.246308e-02 -1.149941e+00 4.657248e+03 -9.448168e+01 2.039960e+02  5000 10000 1.370814e-02     0 -3.790530e-03 4.944682e+01 1.318479e+02 8.428252e-02 1.220729e-02 
3.153000e+02 5.880511e-01 4.248694e-02 -1.134127e+00 4.662284e+03 -1.066572e+02 2.035423e+02  5000 10000 1.370463e-02     0 -3.733215e-03 4.947069e+01 1.318337e+02 8.423922e-02 1.220540e-02 
3.154000e+02 5.877789e-01 4.251056e-02 -1.118320e+00 4.667513e+03 -1.187502e+02 2.030894e+02  5000 10000 1.370101e-02     0 -3.685149e-03 4.949569e+01 1.318197e+02 8.420301e-02 1.220354e-02 
3.155000e+02 5.875075e-01 4.253454e-02 -1.102521e+00 4.672931e+03 -1.307575e+02 2.026370e+02  5000 10000 1.369730e-02     0 -3.645701e-03 4.952182e+01 1.318059e+02 8.417344e-02 1.220169e-02 
3.156000e+02 5.872369e-01 4.255941e-02 -1.086729e+00 4.678539e+03 -1.426763e+02 2.021852e+02  5000 10000 1.369352e-02     0 -3.614249e-03 4.954909e+01 1.317924e+02 8.415007e-02 1.219986e-02 
3.157000e+02 5.869673e-01 4.258568e-02 -1.070944e+00 4.684333e+03 -1.545038e+02 2.017339e+02  5000 10000 1.368968e-02     0 -3.590183e-03 4.957749e+01 1.317790e+02 8.413245e-02 1.219802e-02 
3.158000e+02 5.866987e-01 4.261379e-02 -1.055165e+00 4.690314e+03 -1.662370e+02 2.012831e+02  5000 10000 1.368581e-02     0 -3.572913e-03 4.960703e+01 1.317659e+02 8.412016e-02 1.219617e-02 
3.159000e+02 5.864312e-01 4.264413e-02 -1.039392e+00 4.696478e+03 -1.778730e+02 2.008326e+02  5000 10000 1.368192e-02     0 -3.561864e-03 4.963770e+01 1.317530e+02 8.411276e-02 1.219429e-02 
  316 5.861647e-01 4.267705e-02 -1.023625e+00 4.702825e+03 -1.894092e+02 2.003826e+02  5000 10000 1.367802e-02     0 -3.556481e-03 4.966950e+01 1.317403e+02 8.410986e-02 1.219240e-02 
3.161000e+02 5.858994e-01 4.271287e-02 -1.007863e+00 4.709353e+03 -2.008427e+02 1.999329e+02  5000 10000 1.367413e-02     0 -3.556234e-03 4.970243e+01 1.317278e+02 8.411105e-02 1.219046e-02 
3.162000e+02 5.856353e-01 4.275183e-02 -9.921076e-01 4.716059e+03 -2.121707e+02 1.994837e+02  5000 10000 1.367026e-02     0 -3.560613e-03 4.973648e+01 1.317156e+02 8.411595e-02 1.218849e-02 
3.163000e+02 5.853724e-01 4.279419e-02 -9.763571e-01 4.722943e+03 -2.233906e+02 1.990348e+02  5000 10000 1.366642e-02     0 -3.569133e-03 4.977165e+01 1.317036e+02 8.412421e-02 1.218647e-02 
3.164000e+02 5.851108e-01 4.284013e-02 -9.606116e-01 4.730002e+03 -2.344995e+02 1.985863e+02  5000 10000 1.366263e-02     0 -3.581334e-03 4.980794e+01 1.316918e+02 8.413547e-02 1.218439e-02 
3.165000e+02 5.848505e-01 4.288981e-02 -9.448711e-01 4.737234e+03 -2.454949e+02 1.981383e+02  5000 10000 1.365889e-02     0 -3.596780e-03 4.984533e+01 1.316802e+02 8.414940e-02 1.218226e-02 
3.166000e+02 5.845915e-01 4.294337e-02 -9.291356e-01 4.744638e+03 -2.563741e+02 1.976907e+02  5000 10000 1.365522e-02     0 -3.615062e-03 4.988384e+01 1.316688e+02 8.416569e-02 1.218007e-02 
3.167000e+02 5.843339e-01 4.300092e-02 -9.134048e-01 4.752212e+03 -2.671345e+02 1.972435e+02  5000 10000 1.365161e-02     0 -3.635795e-03 4.992344e+01 1.316577e+02 8.418404e-02 1.217782e-02 
3.168000e+02 5.840777e-01 4.306252e-02 -8.976788e-01 4.759953e+03 -2.777735e+02 1.967969e+02  5000 10000 1.364809e-02     0 -3.658619e-03 4.996413e+01 1.316467e+02 8.420418e-02 1.217551e-02 
3.169000e+02 5.838228e-01 4.312824e-02 -8.819574e-01 4.767861e+03 -2.882886e+02 1.963508e+02  5000 10000 1.364465e-02     0 -3.683199e-03 5.000591e+01 1.316360e+02 8.422585e-02 1.217312e-02 
  317 5.835694e-01 4.319811e-02 -8.662407e-01 4.775932e+03 -2.986772e+02 1.959053e+02  5000 10000 1.364131e-02     0 -3.709226e-03 5.004878e+01 1.316254e+02 8.424880e-02 1.217067e-02 
3.171000e+02 5.833174e-01 4.327216e-02 -8.505285e-01 4.784165e+03 -3.089368e+02 1.954604e+02  5000 10000 1.363806e-02     0 -3.736413e-03 5.009272e+01 1.316150e+02 8.427282e-02 1.216816e-02 
3.172000e+02 5.830668e-01 4.335036e-02 -8.348209e-01 4.792557e+03 -3.190650e+02 1.950162e+02  5000 10000 1.363491e-02     0 -3.764497e-03 5.013772e+01 1.316048e+02 8.429768e-02 1.216557e-02 
3.173000e+02 5.828176e-01 4.343272e-02 -8.191179e-01 4.801107e+03 -3.290594e+02 1.945727e+02  5000 10000 1.363187e-02     0 -3.793236e-03 5.018379e+01 1.315948e+02 8.432321e-02 1.216291e-02 
3.174000e+02 5.825699e-01 4.351919e-02 -8.034195e-01 4.809811e+03 -3.389175e+02 1.941299e+02  5000 10000 1.362893e-02     0 -3.822412e-03 5.023091e+01 1.315849e+02 8.434922e-02 1.216019e-02 
3.175000e+02 5.823237e-01 4.360974e-02 -7.877256e-01 4.818669e+03 -3.486371e+02 1.936880e+02  5000 10000 1.362610e-02     0 -3.851825e-03 5.027908e+01 1.315751e+02 8.437556e-02 1.215740e-02 
3.176000e+02 5.820789e-01 4.370431e-02 -7.720363e-01 4.827678e+03 -3.582157e+02 1.932469e+02  5000 10000 1.362339e-02     0 -3.881298e-03 5.032829e+01 1.315655e+02 8.440209e-02 1.215454e-02 
3.177000e+02 5.818355e-01 4.380285e-02 -7.563516e-01 4.836836e+03 -3.676512e+02 1.928068e+02  5000 10000 1.362079e-02     0 -3.910669e-03 5.037853e+01 1.315561e+02 8.442866e-02 1.215162e-02 
3.178000e+02 5.815936e-01 4.390527e-02 -7.406715e-01 4.846139e+03 -3.769412e+02 1.923676e+02  5000 10000 1.361831e-02     0 -3.939797e-03 5.042979e+01 1.315468e+02 8.445516e-02 1.214863e-02 
3.179000e+02 5.813531e-01 4.401150e-02 -7.249960e-01 4.855587e+03 -3.860836e+02 1.919294e+02  5000 10000 1.361594e-02     0 -3.968556e-03 5.048208e+01 1.315376e+02 8.448150e-02 1.214557e-02 
  318 5.811140e-01 4.412147e-02 -7.093252e-01 4.865176e+03 -3.950761e+02 1.914923e+02  5000 10000 1.361369e-02     0 -3.996837e-03 5.053537e+01 1.315285e+02 8.450757e-02 1.214246e-02 
3.181000e+02 5.808763e-01 4.423508e-02 -6.936591e-01 4.874904e+03 -4.039167e+02 1.910563e+02  5000 10000 1.361156e-02     0 -4.024545e-03 5.058966e+01 1.315196e+02 8.453329e-02 1.213928e-02 
3.182000e+02 5.806401e-01 4.435225e-02 -6.779978e-01 4.884769e+03 -4.126033e+02 1.906215e+02  5000 10000 1.360954e-02     0 -4.051599e-03 5.064495e+01 1.315107e+02 8.455860e-02 1.213604e-02 
3.183000e+02 5.804053e-01 4.447289e-02 -6.623412e-01 4.894768e+03 -4.211337e+02 1.901879e+02  5000 10000 1.360764e-02     0 -4.077930e-03 5.070123e+01 1.315020e+02 8.458344e-02 1.213274e-02 
3.184000e+02 5.801719e-01 4.459689e-02 -6.466894e-01 4.904898e+03 -4.295060e+02 1.897556e+02  5000 10000 1.360586e-02     0 -4.103482e-03 5.075848e+01 1.314933e+02 8.460775e-02 1.212939e-02 
3.185000e+02 5.799399e-01 4.472418e-02 -6.310425e-01 4.915158e+03 -4.377182e+02 1.893246e+02  5000 10000 1.360418e-02     0 -4.128210e-03 5.081671e+01 1.314847e+02 8.463149e-02 1.212598e-02 
3.186000e+02 5.797092e-01 4.485465e-02 -6.154005e-01 4.925545e+03 -4.457684e+02 1.888950e+02  5000 10000 1.360263e-02     0 -4.152078e-03 5.087590e+01 1.314763e+02 8.465462e-02 1.212252e-02 
3.187000e+02 5.794799e-01 4.498821e-02 -5.997633e-01 4.936055e+03 -4.536545e+02 1.884668e+02  5000 10000 1.360118e-02     0 -4.175061e-03 5.093605e+01 1.314679e+02 8.467713e-02 1.211901e-02 
3.188000e+02 5.792520e-01 4.512476e-02 -5.841311e-01 4.946687e+03 -4.613749e+02 1.880401e+02  5000 10000 1.359984e-02     0 -4.197139e-03 5.099715e+01 1.314595e+02 8.469898e-02 1.211544e-02 
3.189000e+02 5.790254e-01 4.526422e-02 -5.685040e-01 4.957438e+03 -4.689277e+02 1.876150e+02  5000 10000 1.359861e-02     0 -4.218303e-03 5.105919e+01 1.314513e+02 8.472017e-02 1.211183e-02 
  319 5.788001e-01 4.540650e-02 -5.528818e-01 4.968304e+03 -4.763111e+02 1.871914e+02  5000 10000 1.359749e-02     0 -4.238549e-03 5.112216e+01 1.314431e+02 8.474069e-02 1.210817e-02 
3.191000e+02 5.785762e-01 4.555150e-02 -5.372647e-01 4.979284e+03 -4.835234e+02 1.867694e+02  5000 10000 1.359647e-02     0 -4.257879e-03 5.118606e+01 1.314350e+02 8.476052e-02 1.210447e-02 
3.192000e+02 5.783535e-01 4.569915e-02 -5.216528e-01 4.990375e+03 -4.905628e+02 1.863490e+02  5000 10000 1.359556e-02     0 -4.276301e-03 5.125088e+01 1.314269e+02 8.477968e-02 1.210072e-02 
3.193000e+02 5.781322e-01 4.584936e-02 -5.060459e-01 5.001574e+03 -4.974279e+02 1.859303e+02  5000 10000 1.359475e-02     0 -4.293826e-03 5.131662e+01 1.314189e+02 8.479816e-02 1.209694e-02 
3.194000e+02 5.779121e-01 4.600205e-02 -4.904443e-01 5.012878e+03 -5.041169e+02 1.855134e+02  5000 10000 1.359404e-02     0 -4.310471e-03 5.138325e+01 1.314110e+02 8.481598e-02 1.209311e-02 
3.195000e+02 5.776933e-01 4.615713e-02 -4.748478e-01 5.024284e+03 -5.106283e+02 1.850983e+02  5000 10000 1.359342e-02     0 -4.326256e-03 5.145079e+01 1.314031e+02 8.483314e-02 1.208924e-02 
3.196000e+02 5.774757e-01 4.631455e-02 -4.592566e-01 5.035790e+03 -5.169606e+02 1.846850e+02  5000 10000 1.359290e-02     0 -4.341202e-03 5.151921e+01 1.313953e+02 8.484966e-02 1.208534e-02 
3.197000e+02 5.772594e-01 4.647423e-02 -4.436707e-01 5.047393e+03 -5.231123e+02 1.842735e+02  5000 10000 1.359248e-02     0 -4.355335e-03 5.158851e+01 1.313875e+02 8.486555e-02 1.208140e-02 
3.198000e+02 5.770443e-01 4.663609e-02 -4.280901e-01 5.059089e+03 -5.290821e+02 1.838639e+02  5000 10000 1.359215e-02     0 -4.368683e-03 5.165869e+01 1.313797e+02 8.488083e-02 1.207743e-02 
3.199000e+02 5.768304e-01 4.680008e-02 -4.125149e-01 5.070877e+03 -5.348685e+02 1.834562e+02  5000 10000 1.359191e-02     0 -4.381273e-03 5.172974e+01 1.313720e+02 8.489551e-02 1.207342e-02 
  320 5.766178e-01 4.696612e-02 -3.969451e-01 5.082752e+03 -5.404702e+02 1.830505e+02  5000 10000 1.359175e-02     0 -4.393135e-03 5.180165e+01 1.313643e+02 8.490963e-02 1.206938e-02 
3.201000e+02 5.764063e-01 4.713418e-02 -3.813807e-01 5.094713e+03 -5.458860e+02 1.826468e+02  5000 10000 1.359168e-02     0 -4.404300e-03 5.187441e+01 1.313567e+02 8.492320e-02 1.206531e-02 
3.202000e+02 5.761960e-01 4.730418e-02 -3.658218e-01 5.106756e+03 -5.511145e+02 1.822451e+02  5000 10000 1.359170e-02     0 -4.414798e-03 5.194801e+01 1.313491e+02 8.493623e-02 1.206121e-02 
3.203000e+02 5.759868e-01 4.747608e-02 -3.502685e-01 5.118878e+03 -5.561547e+02 1.818455e+02  5000 10000 1.359180e-02     0 -4.424662e-03 5.202246e+01 1.313416e+02 8.494876e-02 1.205708e-02 
3.204000e+02 5.757789e-01 4.764982e-02 -3.347208e-01 5.131077e+03 -5.610054e+02 1.814480e+02  5000 10000 1.359199e-02     0 -4.433922e-03 5.209773e+01 1.313341e+02 8.496081e-02 1.205292e-02 
3.205000e+02 5.755720e-01 4.782536e-02 -3.191789e-01 5.143349e+03 -5.656655e+02 1.810525e+02  5000 10000 1.359225e-02     0 -4.442610e-03 5.217383e+01 1.313266e+02 8.497239e-02 1.204874e-02 
3.206000e+02 5.753663e-01 4.800265e-02 -3.036427e-01 5.155691e+03 -5.701339e+02 1.806592e+02  5000 10000 1.359259e-02     0 -4.450756e-03 5.225074e+01 1.313191e+02 8.498353e-02 1.204453e-02 
3.207000e+02 5.751618e-01 4.818166e-02 -2.881124e-01 5.168101e+03 -5.744097e+02 1.802681e+02  5000 10000 1.359300e-02     0 -4.458390e-03 5.232847e+01 1.313117e+02 8.499425e-02 1.204029e-02 
3.208000e+02 5.749583e-01 4.836235e-02 -2.725882e-01 5.180575e+03 -5.784918e+02 1.798792e+02  5000 10000 1.359350e-02     0 -4.465541e-03 5.240699e+01 1.313044e+02 8.500458e-02 1.203604e-02 
3.209000e+02 5.747559e-01 4.854467e-02 -2.570702e-01 5.193110e+03 -5.823795e+02 1.794925e+02  5000 10000 1.359406e-02     0 -4.472239e-03 5.248631e+01 1.312970e+02 8.501453e-02 1.203175e-02 
  321 5.745547e-01 4.872859e-02 -2.415586e-01 5.205703e+03 -5.860717e+02 1.791081e+02  5000 10000 1.359470e-02     0 -4.478509e-03 5.256642e+01 1.312897e+02 8.502412e-02 1.202745e-02 
3.211000e+02 5.743545e-01 4.891409e-02 -2.260537e-01 5.218352e+03 -5.895678e+02 1.787259e+02  5000 10000 1.359541e-02     0 -4.484378e-03 5.264730e+01 1.312824e+02 8.503338e-02 1.202312e-02 
3.212000e+02 5.741554e-01 4.910112e-02 -2.105559e-01 5.231053e+03 -5.928670e+02 1.783460e+02  5000 10000 1.359619e-02     0 -4.489873e-03 5.272896e+01 1.312752e+02 8.504233e-02 1.201877e-02 
3.213000e+02 5.739574e-01 4.928967e-02 -1.950656e-01 5.243802e+03 -5.959686e+02 1.779685e+02  5000 10000 1.359704e-02     0 -4.495015e-03 5.281138e+01 1.312680e+02 8.505097e-02 1.201440e-02 
3.214000e+02 5.737604e-01 4.947971e-02 -1.795834e-01 5.256598e+03 -5.988718e+02 1.775933e+02  5000 10000 1.359795e-02     0 -4.499829e-03 5.289456e+01 1.312608e+02 8.505933e-02 1.201000e-02 
3.215000e+02 5.735644e-01 4.967120e-02 -1.641102e-01 5.269437e+03 -6.015761e+02 1.772205e+02  5000 10000 1.359894e-02     0 -4.504335e-03 5.297849e+01 1.312536e+02 8.506743e-02 1.200559e-02 
3.216000e+02 5.733696e-01 4.986413e-02 -1.486473e-01 5.282315e+03 -6.040810e+02 1.768501e+02  5000 10000 1.359998e-02     0 -4.508554e-03 5.306316e+01 1.312465e+02 8.507528e-02 1.200116e-02 
3.217000e+02 5.731757e-01 5.005847e-02 -1.331965e-01 5.295230e+03 -6.063858e+02 1.764820e+02  5000 10000 1.360109e-02     0 -4.512504e-03 5.314857e+01 1.312394e+02 8.508289e-02 1.199671e-02 
3.218000e+02 5.729829e-01 5.025421e-02 -1.177605e-01 5.308178e+03 -6.084901e+02 1.761165e+02  5000 10000 1.360227e-02     0 -4.516204e-03 5.323470e+01 1.312323e+02 8.509029e-02 1.199223e-02 
3.219000e+02 5.727911e-01 5.045133e-02 -1.023438e-01 5.321157e+03 -6.103936e+02 1.757533e+02  5000 10000 1.360351e-02     0 -4.519669e-03 5.332156e+01 1.312253e+02 8.509747e-02 1.198774e-02 
  322 5.726003e-01 5.064979e-02 -8.695408e-02 5.334163e+03 -6.120958e+02 1.753927e+02  5000 10000 1.360480e-02     0 -4.522914e-03 5.340913e+01 1.312183e+02 8.510446e-02 1.198324e-02 
3.221000e+02 5.724105e-01 5.084960e-02 -7.160540e-02 5.347194e+03 -6.135964e+02 1.750345e+02  5000 10000 1.360616e-02     0 -4.525953e-03 5.349740e+01 1.312113e+02 8.511127e-02 1.197871e-02 
3.222000e+02 5.722216e-01 5.105072e-02 -5.632732e-02 5.360245e+03 -6.148951e+02 1.746789e+02  5000 10000 1.360758e-02     0 -4.528799e-03 5.358637e+01 1.312044e+02 8.511790e-02 1.197416e-02 
3.223000e+02 5.720338e-01 5.125315e-02 -4.119296e-02 5.373314e+03 -6.159918e+02 1.743258e+02  5000 10000 1.360906e-02     0 -4.531463e-03 5.367603e+01 1.311975e+02 8.512437e-02 1.196960e-02 
3.224000e+02 5.718470e-01 5.145687e-02 -2.644162e-02 5.386399e+03 -6.168861e+02 1.739752e+02  5000 10000 1.361060e-02     0 -4.533956e-03 5.376637e+01 1.311906e+02 8.513067e-02 1.196502e-02 
3.225000e+02 5.716611e-01 5.166186e-02 -1.338715e-02 5.399494e+03 -6.175781e+02 1.736272e+02  5000 10000 1.361219e-02     0 -4.536287e-03 5.385738e+01 1.311838e+02 8.513684e-02 1.196042e-02 
3.226000e+02 5.714762e-01 5.186811e-02 1.168683e-02 5.412598e+03 -6.180676e+02 1.732818e+02  5000 10000 1.361384e-02     0 -4.538464e-03 5.394906e+01 1.311769e+02 8.514285e-02 1.195581e-02 
3.227000e+02 5.712923e-01 5.207560e-02 2.389169e-02 5.425708e+03 -6.183545e+02 1.729391e+02  5000 10000 1.361554e-02     0 -4.540495e-03 5.404140e+01 1.311701e+02 8.514874e-02 1.195118e-02 
3.228000e+02 5.711093e-01 5.228433e-02 3.848982e-02 5.438820e+03 -6.184390e+02 1.725989e+02  5000 10000 1.361730e-02     0 -4.542386e-03 5.413439e+01 1.311634e+02 8.515449e-02 1.194653e-02 
3.229000e+02 5.709273e-01 5.249427e-02 5.355466e-02 5.451931e+03 -6.183209e+02 1.722614e+02  5000 10000 1.361912e-02     0 -4.544142e-03 5.422803e+01 1.311567e+02 8.516012e-02 1.194187e-02 
  323 5.707462e-01 5.270541e-02 6.877704e-02 5.465038e+03 -6.180006e+02 1.719266e+02  5000 10000 1.362099e-02     0 -4.545768e-03 5.432230e+01 1.311500e+02 8.516563e-02 1.193719e-02 
3.231000e+02 5.701878e-01 5.289557e-02 8.410595e-02 5.478138e+03 -6.174781e+02 1.715944e+02  5000 10000 1.831987e-02     0 -4.551379e-03 5.441719e+01 1.311433e+02 8.517568e-02 1.185600e-02 
3.232000e+02 5.683889e-01 5.298568e-02 9.963245e-02 5.491228e+03 -6.167537e+02 1.712650e+02  5000 10000 1.988459e-02     0 -4.578408e-03 5.451271e+01 1.311367e+02 8.520194e-02 1.145365e-02 
3.233000e+02 5.656834e-01 5.296095e-02 1.153809e-01 5.504304e+03 -6.158280e+02 1.709387e+02  5000 10000 2.012221e-02     0 -4.613359e-03 5.460880e+01 1.311299e+02 8.524362e-02 1.069642e-02 
3.234000e+02 5.626404e-01 5.287520e-02 1.312674e-01 5.517364e+03 -6.147020e+02 1.706159e+02  5000 10000 1.978654e-02     0 -4.624168e-03 5.470544e+01 1.311230e+02 8.529427e-02 9.716389e-03 
3.235000e+02 5.596404e-01 5.280864e-02 1.471528e-01 5.530405e+03 -6.133763e+02 1.702970e+02  5000 10000 1.922710e-02     0 -4.596155e-03 5.480256e+01 1.311159e+02 8.534372e-02 8.702643e-03 
3.236000e+02 5.563093e-01 5.280549e-02 1.629457e-01 5.543423e+03 -6.118521e+02 1.699826e+02  5000 10000 2.537559e-02     0 -4.537294e-03 5.490011e+01 1.311083e+02 8.538554e-02 7.721760e-03 
3.237000e+02 5.514341e-01 5.281008e-02 1.787180e-01 5.556416e+03 -6.101304e+02 1.696731e+02  5000 10000 2.702494e-02     0 -4.474201e-03 5.499804e+01 1.311002e+02 8.542273e-02 6.547218e-03 
3.238000e+02 5.454572e-01 5.283012e-02 1.944645e-01 5.569381e+03 -6.082127e+02 1.693692e+02  5000 10000 2.680171e-02     0 -4.382548e-03 5.509626e+01 1.310915e+02 8.545186e-02 5.191103e-03 
3.239000e+02 5.391431e-01 5.293823e-02 2.100626e-01 5.582315e+03 -6.061011e+02 1.690720e+02  5000 10000 2.579217e-02     0 -4.215176e-03 5.519468e+01 1.310819e+02 8.546633e-02 3.842348e-03 
  324 5.329971e-01 5.321623e-02 2.253454e-01 5.595215e+03 -6.037975e+02 1.687823e+02  5000 10000 2.449236e-02     0 -3.957955e-03 5.529320e+01 1.310712e+02 8.545388e-02 2.723717e-03 
3.241000e+02 5.267004e-01 5.369193e-02 2.402181e-01 5.608079e+03 -6.013043e+02 1.685010e+02  5000 10000 2.992150e-02     0 -3.628060e-03 5.539170e+01 1.310592e+02 8.540197e-02 1.900101e-03 
3.242000e+02 5.190555e-01 5.428343e-02 2.547826e-01 5.620905e+03 -5.986237e+02 1.682291e+02  5000 10000 3.086650e-02     0 -3.253737e-03 5.549010e+01 1.310459e+02 8.530703e-02 1.109298e-03 
3.243000e+02 5.105114e-01 5.495993e-02 2.690817e-01 5.633689e+03 -5.957589e+02 1.679677e+02  5000 10000 2.997430e-02     0 -2.811612e-03 5.558826e+01 1.310310e+02 8.517108e-02 3.044638e-04 
3.244000e+02 5.018399e-01 5.574564e-02 2.830517e-01 5.646429e+03 -5.927131e+02 1.677178e+02  5000 10000 2.833989e-02     0 -2.264294e-03 5.568606e+01 1.310143e+02 8.499288e-02 -3.955723e-04 
3.245000e+02 4.935560e-01 5.667296e-02 2.965861e-01 5.659125e+03 -5.894897e+02 1.674805e+02  5000 10000 2.646407e-02     0 -1.609451e-03 5.578339e+01 1.309957e+02 8.476335e-02 -8.377256e-04 
3.246000e+02 4.854026e-01 5.773226e-02 3.096431e-01 5.671773e+03 -5.860923e+02 1.672569e+02  5000 10000 3.075390e-02     0 -8.700293e-04 5.588011e+01 1.309750e+02 8.447161e-02 -1.006668e-03 
3.247000e+02 4.763072e-01 5.882827e-02 3.223601e-01 5.684372e+03 -5.825245e+02 1.670476e+02  5000 10000 3.102655e-02     0 -7.252142e-05 5.597613e+01 1.309522e+02 8.411562e-02 -1.175750e-03 
3.248000e+02 4.666793e-01 5.991635e-02 3.348109e-01 5.696921e+03 -5.787903e+02 1.668535e+02  5000 10000 2.969460e-02     0 7.974811e-04 5.607135e+01 1.309273e+02 8.370307e-02 -1.414024e-03 
3.249000e+02 4.572107e-01 6.100467e-02 3.469615e-01 5.709418e+03 -5.748939e+02 1.666753e+02  5000 10000 2.775499e-02     0 1.761328e-03 5.616567e+01 1.309001e+02 8.323797e-02 -1.630513e-03 
  325 4.483527e-01 6.211481e-02 3.587308e-01 5.721861e+03 -5.708395e+02 1.665135e+02  5000 10000 2.566139e-02     0 2.811750e-03 5.625900e+01 1.308706e+02 8.271746e-02 -1.693561e-03 
3.251000e+02 4.398710e-01 6.324048e-02 3.700884e-01 5.734251e+03 -5.666312e+02 1.663686e+02  5000 10000 2.897749e-02     0 3.923526e-03 5.635129e+01 1.308390e+02 8.213759e-02 -1.583330e-03 
3.252000e+02 4.308152e-01 6.431131e-02 3.811601e-01 5.746585e+03 -5.622730e+02 1.662407e+02  5000 10000 2.887053e-02     0 5.070375e-03 5.644248e+01 1.308051e+02 8.150214e-02 -1.525222e-03 
3.253000e+02 4.215105e-01 6.529975e-02 3.920098e-01 5.758863e+03 -5.577694e+02 1.661297e+02  5000 10000 2.742897e-02     0 6.257171e-03 5.653253e+01 1.307693e+02 8.082332e-02 -1.568679e-03 
3.254000e+02 4.125238e-01 6.622076e-02 4.026062e-01 5.771085e+03 -5.531244e+02 1.660358e+02  5000 10000 2.551098e-02     0 7.494106e-03 5.662144e+01 1.307314e+02 8.010983e-02 -1.626323e-03 
3.255000e+02 4.042144e-01 6.710003e-02 4.128768e-01 5.783250e+03 -5.483424e+02 1.659586e+02  5000 10000 2.350262e-02     0 8.770538e-03 5.670917e+01 1.306917e+02 7.936447e-02 -1.577133e-03 
3.256000e+02 3.963529e-01 6.794087e-02 4.227951e-01 5.795357e+03 -5.434274e+02 1.658978e+02  5000 10000 2.621575e-02     0 1.006336e-02 5.679573e+01 1.306504e+02 7.858857e-02 -1.397308e-03 
3.257000e+02 3.880962e-01 6.869548e-02 4.324737e-01 5.807406e+03 -5.383831e+02 1.658529e+02  5000 10000 2.599417e-02     0 1.134947e-02 5.688114e+01 1.306075e+02 7.778877e-02 -1.274959e-03 
3.258000e+02 3.797052e-01 6.934938e-02 4.419691e-01 5.819398e+03 -5.332137e+02 1.658233e+02  5000 10000 2.464141e-02     0 1.263046e-02 5.696544e+01 1.305633e+02 7.697738e-02 -1.250179e-03 
3.259000e+02 3.716524e-01 6.992074e-02 4.512543e-01 5.831332e+03 -5.279229e+02 1.658083e+02  5000 10000 2.289578e-02     0 1.391305e-02 5.704864e+01 1.305179e+02 7.616311e-02 -1.247102e-03 
  326 3.642347e-01 7.043544e-02 4.602670e-01 5.843208e+03 -5.225146e+02 1.658071e+02  5000 10000 2.108737e-02     0 1.518888e-02 5.713079e+01 1.304716e+02 7.534934e-02 -1.161351e-03 
3.261000e+02 3.572430e-01 7.090105e-02 4.689860e-01 5.855026e+03 -5.169923e+02 1.658191e+02  5000 10000 2.339905e-02     0 1.644062e-02 5.721194e+01 1.304244e+02 7.453777e-02 -9.716868e-04 
3.262000e+02 3.499395e-01 7.128420e-02 4.775128e-01 5.866787e+03 -5.113594e+02 1.658431e+02  5000 10000 2.316675e-02     0 1.765106e-02 5.729214e+01 1.303767e+02 7.373372e-02 -8.388694e-04 
3.263000e+02 3.425445e-01 7.157779e-02 4.858968e-01 5.878490e+03 -5.056192e+02 1.658785e+02  5000 10000 2.195801e-02     0 1.882259e-02 5.737146e+01 1.303287e+02 7.294622e-02 -7.974504e-04 
3.264000e+02 3.354622e-01 7.180019e-02 4.941134e-01 5.890136e+03 -4.997752e+02 1.659242e+02  5000 10000 2.041351e-02     0 1.996230e-02 5.744994e+01 1.302804e+02 7.218116e-02 -7.819634e-04 
3.265000e+02 3.289460e-01 7.197543e-02 5.021073e-01 5.901726e+03 -4.938304e+02 1.659794e+02  5000 10000 1.881895e-02     0 2.106599e-02 5.752766e+01 1.302321e+02 7.144004e-02 -7.016344e-04 
3.266000e+02 3.228095e-01 7.211251e-02 5.098593e-01 5.913259e+03 -4.877878e+02 1.660432e+02  5000 10000 2.084520e-02     0 2.212244e-02 5.760467e+01 1.301839e+02 7.072292e-02 -5.368250e-04 
3.267000e+02 3.164051e-01 7.218734e-02 5.174593e-01 5.924737e+03 -4.816503e+02 1.661145e+02  5000 10000 2.063947e-02     0 2.312027e-02 5.768103e+01 1.301360e+02 7.003262e-02 -4.254878e-04 
3.268000e+02 3.099236e-01 7.219678e-02 5.249490e-01 5.936160e+03 -4.754206e+02 1.661926e+02  5000 10000 1.957771e-02     0 2.406355e-02 5.775681e+01 1.300886e+02 6.937449e-02 -3.969767e-04 
3.269000e+02 3.037167e-01 7.215762e-02 5.323044e-01 5.947528e+03 -4.691014e+02 1.662765e+02  5000 10000 1.822181e-02     0 2.496047e-02 5.783207e+01 1.300418e+02 6.875139e-02 -3.936386e-04 
  327 2.980050e-01 7.209083e-02 5.394745e-01 5.958842e+03 -4.626953e+02 1.663655e+02  5000 10000 1.682198e-02     0 2.581037e-02 5.790686e+01 1.299957e+02 6.816281e-02 -3.353912e-04 
3.271000e+02 2.926216e-01 7.200479e-02 5.464418e-01 5.970102e+03 -4.562048e+02 1.664588e+02  5000 10000 1.863992e-02     0 2.660685e-02 5.798125e+01 1.299505e+02 6.760711e-02 -2.041540e-04 
3.272000e+02 2.869933e-01 7.188084e-02 5.532857e-01 5.981309e+03 -4.496320e+02 1.665555e+02  5000 10000 1.847200e-02     0 2.734289e-02 5.805527e+01 1.299062e+02 6.708494e-02 -1.204448e-04 
3.273000e+02 2.812884e-01 7.171714e-02 5.600419e-01 5.992464e+03 -4.429792e+02 1.666551e+02  5000 10000 1.754135e-02     0 2.802380e-02 5.812899e+01 1.298629e+02 6.659882e-02 -1.100163e-04 
3.274000e+02 2.758189e-01 7.152781e-02 5.666871e-01 6.003567e+03 -4.362487e+02 1.667568e+02  5000 10000 1.634726e-02     0 2.865834e-02 5.820244e+01 1.298208e+02 6.614938e-02 -1.218624e-04 
3.275000e+02 2.707808e-01 7.133006e-02 5.731744e-01 6.014619e+03 -4.294424e+02 1.668601e+02  5000 10000 1.511203e-02     0 2.924812e-02 5.827567e+01 1.297799e+02 6.573468e-02 -8.483450e-05 
3.276000e+02 2.660251e-01 7.113064e-02 5.794872e-01 6.025620e+03 -4.225624e+02 1.669645e+02  5000 10000 1.676491e-02     0 2.978980e-02 5.834871e+01 1.297403e+02 6.535206e-02 1.744169e-05 
3.277000e+02 2.610391e-01 7.091398e-02 5.856968e-01 6.036572e+03 -4.156104e+02 1.670693e+02  5000 10000 1.663111e-02     0 3.027917e-02 5.842161e+01 1.297020e+02 6.500075e-02 7.790576e-05 
3.278000e+02 2.559747e-01 7.067828e-02 5.918342e-01 6.047474e+03 -4.085882e+02 1.671741e+02  5000 10000 1.580963e-02     0 3.072192e-02 5.849439e+01 1.296650e+02 6.468152e-02 7.345215e-05 
3.279000e+02 2.511121e-01 7.043472e-02 5.978770e-01 6.058327e+03 -4.014978e+02 1.672787e+02  5000 10000 1.474907e-02     0 3.112658e-02 5.856707e+01 1.296295e+02 6.439377e-02 4.960467e-05 
  328 2.466281e-01 7.019694e-02 6.037819e-01 6.069133e+03 -3.943406e+02 1.673825e+02  5000 10000 1.364923e-02     0 3.149574e-02 5.863969e+01 1.295953e+02 6.413492e-02 7.018257e-05 
3.281000e+02 2.423890e-01 6.996985e-02 6.095333e-01 6.079891e+03 -3.871184e+02 1.674854e+02  5000 10000 1.516115e-02     0 3.182769e-02 5.871226e+01 1.295625e+02 6.390196e-02 1.500622e-04 
3.282000e+02 2.379332e-01 6.973988e-02 6.151957e-01 6.090602e+03 -3.798326e+02 1.675870e+02  5000 10000 1.505352e-02     0 3.211974e-02 5.878480e+01 1.295312e+02 6.369352e-02 1.930853e-04 
3.283000e+02 2.333984e-01 6.950488e-02 6.207961e-01 6.101267e+03 -3.724847e+02 1.676872e+02  5000 10000 1.432134e-02     0 3.237723e-02 5.885732e+01 1.295013e+02 6.350955e-02 1.783302e-04 
3.284000e+02 2.290386e-01 6.927340e-02 6.263134e-01 6.111886e+03 -3.650762e+02 1.677857e+02  5000 10000 1.337079e-02     0 3.260783e-02 5.892983e+01 1.294728e+02 6.334896e-02 1.467911e-04 
3.285000e+02 2.250146e-01 6.905600e-02 6.317078e-01 6.122461e+03 -3.576085e+02 1.678824e+02  5000 10000 1.238287e-02     0 3.281420e-02 5.900234e+01 1.294457e+02 6.320921e-02 1.561484e-04 
3.286000e+02 2.212059e-01 6.885600e-02 6.369646e-01 6.132991e+03 -3.500828e+02 1.679773e+02  5000 10000 1.376855e-02     0 3.299530e-02 5.907486e+01 1.294200e+02 6.308742e-02 2.199464e-04 
3.287000e+02 2.171942e-01 6.866135e-02 6.421423e-01 6.143477e+03 -3.425005e+02 1.680701e+02  5000 10000 1.367957e-02     0 3.314911e-02 5.914739e+01 1.293956e+02 6.298221e-02 2.511399e-04 
3.288000e+02 2.131053e-01 6.846958e-02 6.472651e-01 6.153920e+03 -3.348628e+02 1.681610e+02  5000 10000 1.302112e-02     0 3.328017e-02 5.921993e+01 1.293726e+02 6.289330e-02 2.306518e-04 
3.289000e+02 2.091705e-01 6.828708e-02 6.523133e-01 6.164321e+03 -3.271709e+02 1.682499e+02  5000 10000 1.216271e-02     0 3.339496e-02 5.929247e+01 1.293509e+02 6.281963e-02 1.955935e-04 
  329 2.055363e-01 6.812198e-02 6.572500e-01 6.174679e+03 -3.194261e+02 1.683367e+02  5000 10000 1.126907e-02     0 3.349573e-02 5.936502e+01 1.293304e+02 6.275901e-02 1.983264e-04 
3.291000e+02 2.020939e-01 6.797636e-02 6.620620e-01 6.184996e+03 -3.116294e+02 1.684216e+02  5000 10000 1.253842e-02     0 3.358158e-02 5.943757e+01 1.293111e+02 6.270902e-02 2.511832e-04 
3.292000e+02 1.984631e-01 6.783958e-02 6.668024e-01 6.195273e+03 -3.037819e+02 1.685046e+02  5000 10000 1.246223e-02     0 3.365068e-02 5.951012e+01 1.292930e+02 6.266856e-02 2.749976e-04 
3.293000e+02 1.947587e-01 6.770897e-02 6.714930e-01 6.205508e+03 -2.958847e+02 1.685857e+02  5000 10000 1.186595e-02     0 3.370663e-02 5.958265e+01 1.292760e+02 6.263743e-02 2.523175e-04 
3.294000e+02 1.911917e-01 6.758935e-02 6.761156e-01 6.215705e+03 -2.879389e+02 1.686650e+02  5000 10000 1.108657e-02     0 3.375466e-02 5.965516e+01 1.292601e+02 6.261484e-02 2.168495e-04 
3.295000e+02 1.878962e-01 6.748695e-02 6.806366e-01 6.225861e+03 -2.799455e+02 1.687427e+02  5000 10000 1.027435e-02     0 3.379643e-02 5.972765e+01 1.292453e+02 6.259908e-02 2.162462e-04 
3.296000e+02 1.847734e-01 6.740306e-02 6.850436e-01 6.235980e+03 -2.719055e+02 1.688188e+02  5000 10000 1.143540e-02     0 3.383096e-02 5.980009e+01 1.292314e+02 6.258831e-02 2.617427e-04 
3.297000e+02 1.814771e-01 6.732836e-02 6.893851e-01 6.246060e+03 -2.638198e+02 1.688934e+02  5000 10000 1.136801e-02     0 3.385641e-02 5.987248e+01 1.292186e+02 6.258177e-02 2.811828e-04 
3.298000e+02 1.781121e-01 6.726021e-02 6.936811e-01 6.256102e+03 -2.556893e+02 1.689667e+02  5000 10000 1.082558e-02     0 3.387551e-02 5.994481e+01 1.292066e+02 6.257947e-02 2.585935e-04 
3.299000e+02 1.748710e-01 6.720228e-02 6.979148e-01 6.266107e+03 -2.475151e+02 1.690388e+02  5000 10000 1.011569e-02     0 3.389232e-02 6.001707e+01 1.291955e+02 6.258096e-02 2.246462e-04 
  330 1.718764e-01 6.715946e-02 7.020555e-01 6.276076e+03 -2.392979e+02 1.691097e+02  5000 10000 9.375466e-03     0 3.390796e-02 6.008924e+01 1.291852e+02 6.258500e-02 2.227580e-04 
3.301000e+02 1.690384e-01 6.713251e-02 7.060917e-01 6.286008e+03 -2.310388e+02 1.691798e+02  5000 10000 1.043577e-02     0 3.392130e-02 6.016132e+01 1.291757e+02 6.259028e-02 2.631662e-04 
3.302000e+02 1.660417e-01 6.711341e-02 7.100680e-01 6.295905e+03 -2.227384e+02 1.692490e+02  5000 10000 1.037480e-02     0 3.393051e-02 6.023329e+01 1.291670e+02 6.259637e-02 2.800571e-04 
3.303000e+02 1.629818e-01 6.709972e-02 7.140024e-01 6.305767e+03 -2.143977e+02 1.693175e+02  5000 10000 9.880173e-03     0 3.393755e-02 6.030514e+01 1.291589e+02 6.260349e-02 2.588206e-04 
3.304000e+02 1.600344e-01 6.709431e-02 7.178798e-01 6.315595e+03 -2.060174e+02 1.693855e+02  5000 10000 9.232591e-03     0 3.394555e-02 6.037686e+01 1.291515e+02 6.261147e-02 2.273883e-04 
3.305000e+02 1.573114e-01 6.710108e-02 7.216719e-01 6.325388e+03 -1.975984e+02 1.694530e+02  5000 10000 8.557212e-03     0 3.395516e-02 6.044844e+01 1.291448e+02 6.261948e-02 2.253314e-04 
3.306000e+02 1.547311e-01 6.712053e-02 7.253684e-01 6.335148e+03 -1.891415e+02 1.695203e+02  5000 10000 9.524352e-03     0 3.396517e-02 6.051986e+01 1.291386e+02 6.262662e-02 2.619776e-04 
3.307000e+02 1.520061e-01 6.714583e-02 7.290100e-01 6.344874e+03 -1.806474e+02 1.695874e+02  5000 10000 9.468529e-03     0 3.397381e-02 6.059112e+01 1.291330e+02 6.263273e-02 2.772997e-04 
3.308000e+02 1.492235e-01 6.717486e-02 7.326133e-01 6.354568e+03 -1.721168e+02 1.696544e+02  5000 10000 9.017091e-03     0 3.398247e-02 6.066220e+01 1.291279e+02 6.263817e-02 2.579479e-04 
3.309000e+02 1.465435e-01 6.720990e-02 7.361643e-01 6.364230e+03 -1.635505e+02 1.697215e+02  5000 10000 8.426118e-03     0 3.399352e-02 6.073309e+01 1.291233e+02 6.264297e-02 2.293668e-04 
  331 1.440681e-01 6.725418e-02 7.396374e-01 6.373860e+03 -1.549492e+02 1.697888e+02  5000 10000 7.809780e-03     0 3.400732e-02 6.080379e+01 1.291191e+02 6.264661e-02 2.276226e-04 
3.311000e+02 1.417229e-01 6.730805e-02 7.430232e-01 6.383458e+03 -1.463137e+02 1.698564e+02  5000 10000 8.691373e-03     0 3.402265e-02 6.087428e+01 1.291154e+02 6.264848e-02 2.612147e-04 
3.312000e+02 1.392460e-01 6.736577e-02 7.463587e-01 6.393026e+03 -1.376445e+02 1.699244e+02  5000 10000 8.640096e-03     0 3.403784e-02 6.094455e+01 1.291120e+02 6.264860e-02 2.754089e-04 
3.313000e+02 1.367168e-01 6.742555e-02 7.496593e-01 6.402564e+03 -1.289423e+02 1.699929e+02  5000 10000 8.228090e-03     0 3.405388e-02 6.101460e+01 1.291091e+02 6.264740e-02 2.580192e-04 
3.314000e+02 1.342813e-01 6.748929e-02 7.529122e-01 6.412071e+03 -1.202079e+02 1.700620e+02  5000 10000 7.688885e-03     0 3.407260e-02 6.108441e+01 1.291065e+02 6.264503e-02 2.322289e-04 
3.315000e+02 1.320324e-01 6.755968e-02 7.560939e-01 6.421549e+03 -1.114418e+02 1.701317e+02  5000 10000 7.126582e-03     0 3.409416e-02 6.115398e+01 1.291042e+02 6.264117e-02 2.309086e-04 
3.316000e+02 1.299023e-01 6.763703e-02 7.591960e-01 6.430998e+03 -1.026447e+02 1.702023e+02  5000 10000 7.930122e-03     0 3.411743e-02 6.122329e+01 1.291023e+02 6.263541e-02 2.618043e-04 
3.317000e+02 1.276525e-01 6.771656e-02 7.622524e-01 6.440418e+03 -9.381714e+01 1.702736e+02  5000 10000 7.883122e-03     0 3.414087e-02 6.129235e+01 1.291006e+02 6.262788e-02 2.750188e-04 
3.318000e+02 1.253552e-01 6.779678e-02 7.652769e-01 6.449810e+03 -8.495977e+01 1.703459e+02  5000 10000 7.507275e-03     0 3.416522e-02 6.136114e+01 1.290992e+02 6.261900e-02 2.594363e-04 
3.319000e+02 1.231434e-01 6.787932e-02 7.682580e-01 6.459175e+03 -7.607319e+01 1.704192e+02  5000 10000 7.015501e-03     0 3.419192e-02 6.142965e+01 1.290980e+02 6.260898e-02 2.361838e-04 
  332 1.211018e-01 6.796646e-02 7.711743e-01 6.468511e+03 -6.715798e+01 1.704935e+02  5000 10000 6.502701e-03     0 3.422101e-02 6.149788e+01 1.290971e+02 6.259762e-02 2.352223e-04 
3.321000e+02 1.191686e-01 6.805848e-02 7.740180e-01 6.477821e+03 -5.821468e+01 1.705689e+02  5000 10000 7.235356e-03     0 3.425149e-02 6.156582e+01 1.290964e+02 6.258464e-02 2.636130e-04 
3.322000e+02 1.171263e-01 6.815144e-02 7.768203e-01 6.487104e+03 -4.924381e+01 1.706454e+02  5000 10000 7.192486e-03     0 3.428201e-02 6.163346e+01 1.290959e+02 6.257020e-02 2.758688e-04 
3.323000e+02 1.150410e-01 6.824412e-02 7.795936e-01 6.496361e+03 -4.024594e+01 1.707232e+02  5000 10000 6.849805e-03     0 3.431313e-02 6.170080e+01 1.290956e+02 6.255470e-02 2.618530e-04 
3.324000e+02 1.130336e-01 6.833793e-02 7.823275e-01 6.505592e+03 -3.122159e+01 1.708022e+02  5000 10000 6.401452e-03     0 3.434601e-02 6.176784e+01 1.290955e+02 6.253834e-02 2.408248e-04 
3.325000e+02 1.111814e-01 6.843480e-02 7.850025e-01 6.514798e+03 -2.217130e+01 1.708826e+02  5000 10000 5.933942e-03     0 3.438066e-02 6.183456e+01 1.290956e+02 6.252100e-02 2.401004e-04 
3.326000e+02 1.094279e-01 6.853504e-02 7.876114e-01 6.523978e+03 -1.309554e+01 1.709642e+02  5000 10000 6.602406e-03     0 3.441620e-02 6.190096e+01 1.290958e+02 6.250246e-02 2.661191e-04 
3.327000e+02 1.075751e-01 6.863536e-02 7.901827e-01 6.533134e+03 -3.994801e+00 1.710472e+02  5000 10000 6.563525e-03     0 3.445150e-02 6.196704e+01 1.290961e+02 6.248289e-02 2.774043e-04 
3.328000e+02 1.056830e-01 6.873480e-02 7.927279e-01 6.542265e+03 5.130438e+00 1.711316e+02  5000 10000 6.251207e-03     0 3.448699e-02 6.203279e+01 1.290966e+02 6.246263e-02 2.647116e-04 
3.329000e+02 1.038620e-01 6.883457e-02 7.952373e-01 6.551372e+03 1.427969e+01 1.712174e+02  5000 10000 5.842518e-03     0 3.452363e-02 6.209821e+01 1.290972e+02 6.244188e-02 2.456058e-04 
  333 1.021824e-01 6.893633e-02 7.976931e-01 6.560456e+03 2.345249e+01 1.713047e+02  5000 10000 5.416351e-03     0 3.456143e-02 6.216329e+01 1.290980e+02 6.242052e-02 2.450023e-04 
3.331000e+02 1.005927e-01 6.904037e-02 8.000889e-01 6.569517e+03 3.264840e+01 1.713934e+02  5000 10000 6.026763e-03     0 3.459966e-02 6.222803e+01 1.290989e+02 6.239839e-02 2.687760e-04 
3.332000e+02 9.891232e-02 6.914397e-02 8.024506e-01 6.578554e+03 4.186699e+01 1.714836e+02  5000 10000 5.991690e-03     0 3.463736e-02 6.229242e+01 1.290998e+02 6.237564e-02 2.790902e-04 
3.333000e+02 9.719602e-02 6.924636e-02 8.047887e-01 6.587569e+03 5.110783e+01 1.715753e+02  5000 10000 5.707097e-03     0 3.467489e-02 6.235645e+01 1.291009e+02 6.235255e-02 2.675114e-04 
3.334000e+02 9.554450e-02 6.934858e-02 8.070943e-01 6.596561e+03 6.037048e+01 1.716685e+02  5000 10000 5.334553e-03     0 3.471306e-02 6.242014e+01 1.291021e+02 6.232928e-02 2.500679e-04 
3.335000e+02 9.402180e-02 6.945207e-02 8.093513e-01 6.605532e+03 6.965454e+01 1.717633e+02  5000 10000 4.946037e-03     0 3.475190e-02 6.248346e+01 1.291034e+02 6.230572e-02 2.494991e-04 
3.336000e+02 9.258096e-02 6.955709e-02 8.115537e-01 6.614481e+03 7.895960e+01 1.718596e+02  5000 10000 5.503963e-03     0 3.479080e-02 6.254642e+01 1.291047e+02 6.228176e-02 2.711675e-04 
3.337000e+02 9.105721e-02 6.966139e-02 8.137252e-01 6.623409e+03 8.828529e+01 1.719574e+02  5000 10000 5.472472e-03     0 3.482896e-02 6.260901e+01 1.291062e+02 6.225748e-02 2.805355e-04 
3.338000e+02 8.950057e-02 6.976433e-02 8.158755e-01 6.632316e+03 9.763122e+01 1.720567e+02  5000 10000 5.213128e-03     0 3.486670e-02 6.267124e+01 1.291077e+02 6.223314e-02 2.699047e-04 
3.339000e+02 8.800288e-02 6.986683e-02 8.179964e-01 6.641202e+03 1.069970e+02 1.721576e+02  5000 10000 4.873455e-03     0 3.490472e-02 6.273308e+01 1.291093e+02 6.220885e-02 2.539119e-04 
  334 8.662258e-02 6.997010e-02 8.200730e-01 6.650067e+03 1.163823e+02 1.722601e+02  5000 10000 4.519160e-03     0 3.494305e-02 6.279456e+01 1.291110e+02 6.218452e-02 2.533244e-04 
3.341000e+02 8.531677e-02 7.007439e-02 8.221000e-01 6.658913e+03 1.257867e+02 1.723641e+02  5000 10000 5.029611e-03     0 3.498119e-02 6.285565e+01 1.291127e+02 6.216002e-02 2.730403e-04 
3.342000e+02 8.393507e-02 7.017782e-02 8.240990e-01 6.667739e+03 1.352098e+02 1.724697e+02  5000 10000 5.001443e-03     0 3.501850e-02 6.291635e+01 1.291145e+02 6.213544e-02 2.815098e-04 
3.343000e+02 8.252317e-02 7.027987e-02 8.260789e-01 6.676545e+03 1.446515e+02 1.725768e+02  5000 10000 4.765048e-03     0 3.505523e-02 6.297667e+01 1.291164e+02 6.211097e-02 2.717007e-04 
3.344000e+02 8.116493e-02 7.038133e-02 8.280322e-01 6.685332e+03 1.541112e+02 1.726855e+02  5000 10000 4.455221e-03     0 3.509201e-02 6.303659e+01 1.291183e+02 6.208669e-02 2.569895e-04 
3.345000e+02 7.991368e-02 7.048322e-02 8.299452e-01 6.694101e+03 1.635887e+02 1.727958e+02  5000 10000 4.131988e-03     0 3.512888e-02 6.309613e+01 1.291203e+02 6.206252e-02 2.563569e-04 
3.346000e+02 7.873021e-02 7.058578e-02 8.318131e-01 6.702850e+03 1.730837e+02 1.729076e+02  5000 10000 4.599462e-03     0 3.516543e-02 6.315526e+01 1.291223e+02 6.203835e-02 2.742796e-04 
3.347000e+02 7.747719e-02 7.068743e-02 8.336556e-01 6.711582e+03 1.825958e+02 1.730209e+02  5000 10000 4.574343e-03     0 3.520111e-02 6.321399e+01 1.291244e+02 6.201423e-02 2.819139e-04 
3.348000e+02 7.619641e-02 7.078773e-02 8.354809e-01 6.720295e+03 1.921247e+02 1.731358e+02  5000 10000 4.358776e-03     0 3.523619e-02 6.327232e+01 1.291266e+02 6.199032e-02 2.728309e-04 
3.349000e+02 7.496447e-02 7.088735e-02 8.372820e-01 6.728990e+03 2.016702e+02 1.732522e+02  5000 10000 4.076021e-03     0 3.527117e-02 6.333025e+01 1.291288e+02 6.196667e-02 2.592653e-04 
  335 7.383006e-02 7.098718e-02 8.390466e-01 6.737668e+03 2.112319e+02 1.733702e+02  5000 10000 3.780957e-03     0 3.530612e-02 6.338776e+01 1.291310e+02 6.194320e-02 2.585795e-04 
3.351000e+02 7.275734e-02 7.108741e-02 8.407701e-01 6.746329e+03 2.208096e+02 1.734897e+02  5000 10000 4.209492e-03     0 3.534070e-02 6.344486e+01 1.291333e+02 6.191982e-02 2.748677e-04 
3.352000e+02 7.162084e-02 7.118671e-02 8.424706e-01 6.754972e+03 2.304029e+02 1.736107e+02  5000 10000 4.187145e-03     0 3.537446e-02 6.350154e+01 1.291356e+02 6.189656e-02 2.817373e-04 
3.353000e+02 7.045877e-02 7.128472e-02 8.441556e-01 6.763599e+03 2.400117e+02 1.737332e+02  5000 10000 3.990465e-03     0 3.540763e-02 6.355780e+01 1.291380e+02 6.187355e-02 2.733064e-04 
3.354000e+02 6.934116e-02 7.138201e-02 8.458187e-01 6.772209e+03 2.496356e+02 1.738572e+02  5000 10000 3.732255e-03     0 3.544065e-02 6.361364e+01 1.291404e+02 6.185082e-02 2.607751e-04 
3.355000e+02 6.831251e-02 7.147933e-02 8.474485e-01 6.780803e+03 2.592743e+02 1.739827e+02  5000 10000 3.462730e-03     0 3.547358e-02 6.366906e+01 1.291428e+02 6.182830e-02 2.600387e-04 
3.356000e+02 6.734003e-02 7.157684e-02 8.490409e-01 6.789380e+03 2.689277e+02 1.741097e+02  5000 10000 3.855947e-03     0 3.550615e-02 6.372405e+01 1.291453e+02 6.180589e-02 2.748445e-04 
3.357000e+02 6.630900e-02 7.167342e-02 8.506125e-01 6.797942e+03 2.785954e+02 1.742382e+02  5000 10000 3.836107e-03     0 3.553798e-02 6.377861e+01 1.291478e+02 6.178363e-02 2.810214e-04 
3.358000e+02 6.525439e-02 7.176876e-02 8.521700e-01 6.806489e+03 2.882773e+02 1.743682e+02  5000 10000 3.656546e-03     0 3.556927e-02 6.383273e+01 1.291503e+02 6.176162e-02 2.731831e-04 
3.359000e+02 6.424026e-02 7.186335e-02 8.537077e-01 6.815020e+03 2.979730e+02 1.744997e+02  5000 10000 3.420589e-03     0 3.560041e-02 6.388642e+01 1.291529e+02 6.173988e-02 2.615921e-04 
  336 6.330733e-02 7.195781e-02 8.552151e-01 6.823535e+03 3.076824e+02 1.746326e+02  5000 10000 3.174215e-03     0 3.563144e-02 6.393966e+01 1.291555e+02 6.171834e-02 2.608129e-04 
3.361000e+02 6.242557e-02 7.205230e-02 8.566884e-01 6.832036e+03 3.174052e+02 1.747669e+02  5000 10000 3.535371e-03     0 3.566215e-02 6.399247e+01 1.291581e+02 6.169692e-02 2.742783e-04 
3.362000e+02 6.148999e-02 7.214585e-02 8.581428e-01 6.840522e+03 3.271412e+02 1.749027e+02  5000 10000 3.517788e-03     0 3.569222e-02 6.404482e+01 1.291608e+02 6.167564e-02 2.798316e-04 
3.363000e+02 6.053267e-02 7.223821e-02 8.595846e-01 6.848994e+03 3.368902e+02 1.750400e+02  5000 10000 3.353746e-03     0 3.572181e-02 6.409674e+01 1.291634e+02 6.165459e-02 2.725363e-04 
3.364000e+02 5.961224e-02 7.232978e-02 8.610084e-01 6.857451e+03 3.466519e+02 1.751786e+02  5000 10000 3.137964e-03     0 3.575126e-02 6.414819e+01 1.291661e+02 6.163377e-02 2.618039e-04 
3.365000e+02 5.876595e-02 7.242110e-02 8.624045e-01 6.865894e+03 3.564261e+02 1.753187e+02  5000 10000 2.912583e-03     0 3.578063e-02 6.419920e+01 1.291688e+02 6.161314e-02 2.609918e-04 
3.366000e+02 5.796628e-02 7.251228e-02 8.637696e-01 6.874323e+03 3.662127e+02 1.754602e+02  5000 10000 3.244608e-03     0 3.580971e-02 6.424975e+01 1.291716e+02 6.159261e-02 2.732470e-04 
3.367000e+02 5.711714e-02 7.260252e-02 8.651175e-01 6.882739e+03 3.760114e+02 1.756031e+02  5000 10000 3.229053e-03     0 3.583826e-02 6.429984e+01 1.291744e+02 6.157222e-02 2.782408e-04 
3.368000e+02 5.624792e-02 7.269160e-02 8.664540e-01 6.891141e+03 3.858221e+02 1.757473e+02  5000 10000 3.079079e-03     0 3.586640e-02 6.434947e+01 1.291771e+02 6.155201e-02 2.714452e-04 
3.369000e+02 5.541233e-02 7.277984e-02 8.677742e-01 6.899530e+03 3.956445e+02 1.758930e+02  5000 10000 2.881597e-03     0 3.589443e-02 6.439864e+01 1.291799e+02 6.153202e-02 2.614991e-04 
  337 5.464447e-02 7.286772e-02 8.690692e-01 6.907905e+03 4.054784e+02 1.760400e+02  5000 10000 2.675257e-03     0 3.592238e-02 6.444733e+01 1.291827e+02 6.151217e-02 2.606640e-04 
3.371000e+02 5.391913e-02 7.295533e-02 8.703358e-01 6.916268e+03 4.153237e+02 1.761884e+02  5000 10000 2.980793e-03     0 3.595011e-02 6.449556e+01 1.291856e+02 6.149241e-02 2.718270e-04 
3.372000e+02 5.314826e-02 7.304198e-02 8.715869e-01 6.924618e+03 4.251802e+02 1.763381e+02  5000 10000 2.967056e-03     0 3.597738e-02 6.454332e+01 1.291884e+02 6.147276e-02 2.763198e-04 
3.373000e+02 5.235885e-02 7.312747e-02 8.728276e-01 6.932955e+03 4.350477e+02 1.764892e+02  5000 10000 2.829841e-03     0 3.600432e-02 6.459060e+01 1.291913e+02 6.145327e-02 2.699853e-04 
3.374000e+02 5.160010e-02 7.321209e-02 8.740536e-01 6.941280e+03 4.449261e+02 1.766416e+02  5000 10000 2.648963e-03     0 3.603116e-02 6.463740e+01 1.291941e+02 6.143396e-02 2.607608e-04 
3.375000e+02 5.090327e-02 7.329624e-02 8.752565e-01 6.949592e+03 4.548150e+02 1.767953e+02  5000 10000 2.459904e-03     0 3.605796e-02 6.468373e+01 1.291970e+02 6.141476e-02 2.599116e-04 
3.376000e+02 5.024524e-02 7.337999e-02 8.764336e-01 6.957893e+03 4.647145e+02 1.769503e+02  5000 10000 2.741334e-03     0 3.608457e-02 6.472957e+01 1.291999e+02 6.139564e-02 2.700890e-04 
3.377000e+02 4.954528e-02 7.346276e-02 8.775965e-01 6.966182e+03 4.746243e+02 1.771066e+02  5000 10000 2.729223e-03     0 3.611080e-02 6.477493e+01 1.292028e+02 6.137661e-02 2.741334e-04 
3.378000e+02 4.882819e-02 7.354437e-02 8.787501e-01 6.974458e+03 4.845443e+02 1.772642e+02  5000 10000 2.603584e-03     0 3.613675e-02 6.481980e+01 1.292057e+02 6.135772e-02 2.682251e-04 
3.379000e+02 4.813908e-02 7.362507e-02 8.798903e-01 6.982724e+03 4.944743e+02 1.774231e+02  5000 10000 2.437780e-03     0 3.616263e-02 6.486418e+01 1.292086e+02 6.133896e-02 2.596635e-04 
  338 4.750660e-02 7.370520e-02 8.810095e-01 6.990978e+03 5.044142e+02 1.775832e+02  5000 10000 2.264411e-03     0 3.618847e-02 6.490808e+01 1.292116e+02 6.132031e-02 2.588081e-04 
3.381000e+02 4.690953e-02 7.378482e-02 8.821049e-01 6.999220e+03 5.143637e+02 1.777446e+02  5000 10000 2.523885e-03     0 3.621417e-02 6.495147e+01 1.292145e+02 6.130171e-02 2.680957e-04 
3.382000e+02 4.627384e-02 7.386343e-02 8.831876e-01 7.007452e+03 5.243229e+02 1.779073e+02  5000 10000 2.513229e-03     0 3.623954e-02 6.499438e+01 1.292174e+02 6.128319e-02 2.717390e-04 
3.383000e+02 4.562230e-02 7.394087e-02 8.842619e-01 7.015672e+03 5.342914e+02 1.780711e+02  5000 10000 2.398097e-03     0 3.626469e-02 6.503678e+01 1.292203e+02 6.126479e-02 2.662253e-04 
3.384000e+02 4.499632e-02 7.401737e-02 8.853239e-01 7.023882e+03 5.442692e+02 1.782362e+02  5000 10000 2.245985e-03     0 3.628977e-02 6.507869e+01 1.292233e+02 6.124650e-02 2.582734e-04 
3.385000e+02 4.442216e-02 7.409320e-02 8.863668e-01 7.032081e+03 5.542562e+02 1.784025e+02  5000 10000 2.086869e-03     0 3.631483e-02 6.512009e+01 1.292262e+02 6.122829e-02 2.574187e-04 
3.386000e+02 4.388033e-02 7.416842e-02 8.873880e-01 7.040269e+03 5.642521e+02 1.785700e+02  5000 10000 2.326331e-03     0 3.633977e-02 6.516098e+01 1.292292e+02 6.121013e-02 2.659028e-04 
3.387000e+02 4.330291e-02 7.424260e-02 8.883975e-01 7.048447e+03 5.742569e+02 1.787386e+02  5000 10000 2.316974e-03     0 3.636444e-02 6.520138e+01 1.292321e+02 6.119204e-02 2.691876e-04 
3.388000e+02 4.271082e-02 7.431561e-02 8.893995e-01 7.056615e+03 5.842705e+02 1.789085e+02  5000 10000 2.211384e-03     0 3.638891e-02 6.524126e+01 1.292351e+02 6.117404e-02 2.640395e-04 
3.389000e+02 4.214207e-02 7.438763e-02 8.903903e-01 7.064773e+03 5.942926e+02 1.790795e+02  5000 10000 2.071716e-03     0 3.641333e-02 6.528063e+01 1.292380e+02 6.115614e-02 2.566489e-04 
  339 4.162078e-02 7.445891e-02 8.913636e-01 7.072921e+03 6.043232e+02 1.792516e+02  5000 10000 1.925554e-03     0 3.643774e-02 6.531949e+01 1.292410e+02 6.113832e-02 2.558010e-04 
3.391000e+02 4.112903e-02 7.452949e-02 8.923171e-01 7.081058e+03 6.143622e+02 1.794249e+02  5000 10000 2.146761e-03     0 3.646203e-02 6.535784e+01 1.292439e+02 6.112053e-02 2.635596e-04 
3.392000e+02 4.060446e-02 7.459900e-02 8.932600e-01 7.089187e+03 6.244094e+02 1.795993e+02  5000 10000 2.138563e-03     0 3.648610e-02 6.539567e+01 1.292469e+02 6.110280e-02 2.665239e-04 
3.393000e+02 4.006630e-02 7.466733e-02 8.941960e-01 7.097305e+03 6.344648e+02 1.797748e+02  5000 10000 2.041643e-03     0 3.651000e-02 6.543298e+01 1.292498e+02 6.108516e-02 2.617153e-04 
3.394000e+02 3.954948e-02 7.473463e-02 8.951219e-01 7.105414e+03 6.445281e+02 1.799514e+02  5000 10000 1.913289e-03     0 3.653385e-02 6.546977e+01 1.292528e+02 6.106760e-02 2.548425e-04 
3.395000e+02 3.907614e-02 7.480112e-02 8.960318e-01 7.113514e+03 6.545993e+02 1.801291e+02  5000 10000 1.778910e-03     0 3.655768e-02 6.550605e+01 1.292557e+02 6.105011e-02 2.540067e-04 
3.396000e+02 3.862979e-02 7.486683e-02 8.969235e-01 7.121604e+03 6.646783e+02 1.803078e+02  5000 10000 1.983451e-03     0 3.658143e-02 6.554179e+01 1.292586e+02 6.103265e-02 2.611100e-04 
3.397000e+02 3.815317e-02 7.493145e-02 8.978056e-01 7.129686e+03 6.747650e+02 1.804876e+02  5000 10000 1.976285e-03     0 3.660497e-02 6.557702e+01 1.292616e+02 6.101525e-02 2.637886e-04 
3.398000e+02 3.766396e-02 7.499488e-02 8.986815e-01 7.137758e+03 6.848592e+02 1.806685e+02  5000 10000 1.887247e-03     0 3.662836e-02 6.561172e+01 1.292645e+02 6.099792e-02 2.592957e-04 
3.399000e+02 3.719427e-02 7.505725e-02 8.995482e-01 7.145822e+03 6.949609e+02 1.808504e+02  5000 10000 1.769186e-03     0 3.665170e-02 6.564589e+01 1.292674e+02 6.098068e-02 2.529012e-04 
  340 3.676442e-02 7.511874e-02 9.004002e-01 7.153876e+03 7.050699e+02 1.810333e+02  5000 10000 1.645528e-03     0 3.667503e-02 6.567953e+01 1.292704e+02 6.096349e-02 2.520824e-04 
3.401000e+02 3.635927e-02 7.517940e-02 9.012355e-01 7.161922e+03 7.151862e+02 1.812172e+02  5000 10000 1.834841e-03     0 3.669828e-02 6.571264e+01 1.292733e+02 6.094634e-02 2.585940e-04 
3.402000e+02 3.592616e-02 7.523894e-02 9.020621e-01 7.169960e+03 7.253096e+02 1.814020e+02  5000 10000 1.828594e-03     0 3.672134e-02 6.574522e+01 1.292762e+02 6.092923e-02 2.610181e-04 
3.403000e+02 3.548140e-02 7.529728e-02 9.028831e-01 7.177989e+03 7.354401e+02 1.815879e+02  5000 10000 1.746725e-03     0 3.674427e-02 6.577726e+01 1.292791e+02 6.091220e-02 2.568197e-04 
3.404000e+02 3.505449e-02 7.535453e-02 9.036957e-01 7.186010e+03 7.455776e+02 1.817747e+02  5000 10000 1.638035e-03     0 3.676715e-02 6.580877e+01 1.292820e+02 6.089524e-02 2.508676e-04 
3.405000e+02 3.466412e-02 7.541085e-02 9.044949e-01 7.194022e+03 7.557219e+02 1.819625e+02  5000 10000 1.524139e-03     0 3.679002e-02 6.583975e+01 1.292849e+02 6.087834e-02 2.500705e-04 
3.406000e+02 3.429635e-02 7.546628e-02 9.052788e-01 7.202026e+03 7.658730e+02 1.821512e+02  5000 10000 1.699526e-03     0 3.681280e-02 6.587018e+01 1.292878e+02 6.086148e-02 2.560480e-04 
3.407000e+02 3.390276e-02 7.552057e-02 9.060547e-01 7.210023e+03 7.760307e+02 1.823409e+02  5000 10000 1.694095e-03     0 3.683542e-02 6.590008e+01 1.292906e+02 6.084466e-02 2.582461e-04 
3.408000e+02 3.349837e-02 7.557366e-02 9.068256e-01 7.218011e+03 7.861951e+02 1.825314e+02  5000 10000 1.618750e-03     0 3.685792e-02 6.592944e+01 1.292935e+02 6.082792e-02 2.543228e-04 
3.409000e+02 3.311032e-02 7.562563e-02 9.075888e-01 7.225992e+03 7.963660e+02 1.827229e+02  5000 10000 1.518596e-03     0 3.688037e-02 6.595825e+01 1.292964e+02 6.081124e-02 2.487812e-04 
  341 3.275580e-02 7.567664e-02 9.083398e-01 7.233964e+03 8.065433e+02 1.829152e+02  5000 10000 1.413593e-03     0 3.690280e-02 6.598653e+01 1.292992e+02 6.079461e-02 2.480098e-04 
3.411000e+02 3.242196e-02 7.572670e-02 9.090767e-01 7.241929e+03 8.167269e+02 1.831083e+02  5000 10000 1.576235e-03     0 3.692515e-02 6.601426e+01 1.293021e+02 6.077803e-02 2.535057e-04 
3.412000e+02 3.206427e-02 7.577561e-02 9.098063e-01 7.249887e+03 8.269168e+02 1.833024e+02  5000 10000 1.571528e-03     0 3.694735e-02 6.604145e+01 1.293049e+02 6.076149e-02 2.555036e-04 
3.413000e+02 3.169656e-02 7.582331e-02 9.105314e-01 7.257837e+03 8.371129e+02 1.834972e+02  5000 10000 1.502123e-03     0 3.696943e-02 6.606809e+01 1.293078e+02 6.074502e-02 2.518381e-04 
3.414000e+02 3.134382e-02 7.586988e-02 9.112495e-01 7.265780e+03 8.473151e+02 1.836929e+02  5000 10000 1.409750e-03     0 3.699147e-02 6.609418e+01 1.293106e+02 6.072862e-02 2.466778e-04 
3.415000e+02 3.102186e-02 7.591544e-02 9.119563e-01 7.273715e+03 8.575233e+02 1.838894e+02  5000 10000 1.312856e-03     0 3.701348e-02 6.611973e+01 1.293134e+02 6.071227e-02 2.459362e-04 
3.416000e+02 3.071884e-02 7.596002e-02 9.126502e-01 7.281643e+03 8.677375e+02 1.840867e+02  5000 10000 1.463822e-03     0 3.703541e-02 6.614473e+01 1.293162e+02 6.069596e-02 2.509980e-04 
3.417000e+02 3.039377e-02 7.600344e-02 9.133376e-01 7.289564e+03 8.779575e+02 1.842847e+02  5000 10000 1.459756e-03     0 3.705720e-02 6.616918e+01 1.293190e+02 6.067970e-02 2.528193e-04 
3.418000e+02 3.005941e-02 7.604564e-02 9.140208e-01 7.297478e+03 8.881833e+02 1.844835e+02  5000 10000 1.395764e-03     0 3.707889e-02 6.619308e+01 1.293218e+02 6.066351e-02 2.493960e-04 
3.419000e+02 2.973877e-02 7.608669e-02 9.146976e-01 7.305385e+03 8.984149e+02 1.846831e+02  5000 10000 1.310488e-03     0 3.710052e-02 6.621643e+01 1.293246e+02 6.064738e-02 2.445908e-04 
  342 2.944639e-02 7.612671e-02 9.153641e-01 7.313285e+03 9.086521e+02 1.848834e+02  5000 10000 1.220990e-03     0 3.712212e-02 6.623923e+01 1.293274e+02 6.063130e-02 2.438826e-04 
3.421000e+02 2.917137e-02 7.616572e-02 9.160188e-01 7.321178e+03 9.188949e+02 1.850844e+02  5000 10000 1.361252e-03     0 3.714365e-02 6.626148e+01 1.293301e+02 6.061527e-02 2.485534e-04 
3.422000e+02 2.887596e-02 7.620355e-02 9.166674e-01 7.329065e+03 9.291433e+02 1.852861e+02  5000 10000 1.357754e-03     0 3.716505e-02 6.628317e+01 1.293329e+02 6.059929e-02 2.502195e-04 
3.423000e+02 2.857194e-02 7.624017e-02 9.173123e-01 7.336945e+03 9.393971e+02 1.854885e+02  5000 10000 1.298697e-03     0 3.718634e-02 6.630432e+01 1.293357e+02 6.058337e-02 2.470244e-04 
3.424000e+02 2.828049e-02 7.627563e-02 9.179515e-01 7.344818e+03 9.496562e+02 1.856916e+02  5000 10000 1.219897e-03     0 3.720758e-02 6.632490e+01 1.293384e+02 6.056751e-02 2.425506e-04 
3.425000e+02 2.801500e-02 7.631003e-02 9.185811e-01 7.352685e+03 9.599208e+02 1.858953e+02  5000 10000 1.137151e-03     0 3.722878e-02 6.634494e+01 1.293411e+02 6.055171e-02 2.418792e-04 
3.426000e+02 2.776543e-02 7.634339e-02 9.191998e-01 7.360545e+03 9.701905e+02 1.860997e+02  5000 10000 1.267593e-03     0 3.724991e-02 6.636442e+01 1.293438e+02 6.053595e-02 2.461983e-04 
3.427000e+02 2.749700e-02 7.637557e-02 9.198130e-01 7.368399e+03 9.804655e+02 1.863046e+02  5000 10000 1.264595e-03     0 3.727091e-02 6.638334e+01 1.293465e+02 6.052025e-02 2.477287e-04 
3.428000e+02 2.722058e-02 7.640653e-02 9.204229e-01 7.376247e+03 9.907457e+02 1.865102e+02  5000 10000 1.210041e-03     0 3.729182e-02 6.640171e+01 1.293492e+02 6.050461e-02 2.447489e-04 
3.429000e+02 2.695569e-02 7.643633e-02 9.210275e-01 7.384088e+03 1.001031e+03 1.867164e+02  5000 10000 1.137156e-03     0 3.731267e-02 6.641953e+01 1.293519e+02 6.048903e-02 2.405849e-04 
  343 2.671466e-02 7.646505e-02 9.216234e-01 7.391923e+03 1.011321e+03 1.869232e+02  5000 10000 1.060579e-03     0 3.733348e-02 6.643678e+01 1.293546e+02 6.047350e-02 2.399535e-04 
3.431000e+02 2.648824e-02 7.649272e-02 9.222092e-01 7.399753e+03 1.021616e+03 1.871306e+02  5000 10000 1.182002e-03     0 3.735421e-02 6.645349e+01 1.293573e+02 6.045803e-02 2.439565e-04 
3.432000e+02 2.624436e-02 7.651919e-02 9.227901e-01 7.407576e+03 1.031916e+03 1.873384e+02  5000 10000 1.179447e-03     0 3.737483e-02 6.646963e+01 1.293599e+02 6.044260e-02 2.453688e-04 
3.433000e+02 2.599305e-02 7.654445e-02 9.233679e-01 7.415393e+03 1.042221e+03 1.875469e+02  5000 10000 1.129003e-03     0 3.739535e-02 6.648522e+01 1.293626e+02 6.042724e-02 2.425927e-04 
3.434000e+02 2.575234e-02 7.656855e-02 9.239409e-01 7.423204e+03 1.052531e+03 1.877558e+02  5000 10000 1.061524e-03     0 3.741581e-02 6.650025e+01 1.293652e+02 6.041194e-02 2.387190e-04 
3.435000e+02 2.553357e-02 7.659155e-02 9.245058e-01 7.431009e+03 1.062846e+03 1.879653e+02  5000 10000 9.905881e-04     0 3.743622e-02 6.651472e+01 1.293679e+02 6.039669e-02 2.381302e-04 
3.436000e+02 2.532820e-02 7.661348e-02 9.250616e-01 7.438809e+03 1.073165e+03 1.881752e+02  5000 10000 1.103722e-03     0 3.745657e-02 6.652864e+01 1.293705e+02 6.038149e-02 2.418495e-04 
3.437000e+02 2.510667e-02 7.663422e-02 9.256128e-01 7.446603e+03 1.083489e+03 1.883856e+02  5000 10000 1.101559e-03     0 3.747680e-02 6.654200e+01 1.293731e+02 6.036635e-02 2.431596e-04 
3.438000e+02 2.487825e-02 7.665375e-02 9.261612e-01 7.454391e+03 1.093817e+03 1.885965e+02  5000 10000 1.054870e-03     0 3.749693e-02 6.655480e+01 1.293757e+02 6.035127e-02 2.405765e-04 
3.439000e+02 2.465954e-02 7.667211e-02 9.267053e-01 7.462173e+03 1.104150e+03 1.888078e+02  5000 10000 9.923359e-04     0 3.751701e-02 6.656705e+01 1.293783e+02 6.033625e-02 2.369752e-04 
  344 2.446104e-02 7.668937e-02 9.272420e-01 7.469950e+03 1.114488e+03 1.890195e+02  5000 10000 9.265599e-04     0 3.753704e-02 6.657874e+01 1.293809e+02 6.032128e-02 2.364314e-04 
3.441000e+02 2.427484e-02 7.670554e-02 9.277702e-01 7.477722e+03 1.124830e+03 1.892316e+02  5000 10000 1.032073e-03     0 3.755699e-02 6.658987e+01 1.293834e+02 6.030637e-02 2.398962e-04 
3.442000e+02 2.407366e-02 7.672052e-02 9.282942e-01 7.485488e+03 1.135176e+03 1.894442e+02  5000 10000 1.030255e-03     0 3.757683e-02 6.660045e+01 1.293860e+02 6.029151e-02 2.411185e-04 
3.443000e+02 2.386608e-02 7.673430e-02 9.288158e-01 7.493249e+03 1.145527e+03 1.896571e+02  5000 10000 9.869992e-04     0 3.759659e-02 6.661047e+01 1.293886e+02 6.027671e-02 2.387185e-04 
3.444000e+02 2.366742e-02 7.674691e-02 9.293334e-01 7.501004e+03 1.155882e+03 1.898704e+02  5000 10000 9.289908e-04     0 3.761628e-02 6.661993e+01 1.293911e+02 6.026198e-02 2.353730e-04 
3.445000e+02 2.348737e-02 7.675842e-02 9.298442e-01 7.508754e+03 1.166241e+03 1.900840e+02  5000 10000 8.679395e-04     0 3.763591e-02 6.662884e+01 1.293936e+02 6.024729e-02 2.348762e-04 
3.446000e+02 2.331863e-02 7.676883e-02 9.303471e-01 7.516499e+03 1.176605e+03 1.902979e+02  5000 10000 9.664398e-04     0 3.765547e-02 6.663719e+01 1.293961e+02 6.023267e-02 2.381130e-04 
3.447000e+02 2.313600e-02 7.677805e-02 9.308463e-01 7.524238e+03 1.186973e+03 1.905122e+02  5000 10000 9.649263e-04     0 3.767493e-02 6.664499e+01 1.293987e+02 6.021809e-02 2.392604e-04 
3.448000e+02 2.294741e-02 7.678608e-02 9.313433e-01 7.531972e+03 1.197345e+03 1.907268e+02  5000 10000 9.248128e-04     0 3.769430e-02 6.665223e+01 1.294012e+02 6.020358e-02 2.370342e-04 
3.449000e+02 2.276703e-02 7.679294e-02 9.318366e-01 7.539702e+03 1.207721e+03 1.909417e+02  5000 10000 8.709500e-04     0 3.771360e-02 6.665891e+01 1.294036e+02 6.018913e-02 2.339291e-04 
  345 2.260379e-02 7.679870e-02 9.323237e-01 7.547426e+03 1.218101e+03 1.911568e+02  5000 10000 8.142279e-04     0 3.773285e-02 6.666505e+01 1.294061e+02 6.017474e-02 2.334810e-04 
3.451000e+02 2.245095e-02 7.680335e-02 9.328035e-01 7.555145e+03 1.228485e+03 1.913722e+02  5000 10000 9.062721e-04     0 3.775202e-02 6.667063e+01 1.294086e+02 6.016040e-02 2.365136e-04 
3.452000e+02 2.228523e-02 7.680683e-02 9.332800e-01 7.562860e+03 1.238873e+03 1.915878e+02  5000 10000 9.050282e-04     0 3.777109e-02 6.667565e+01 1.294111e+02 6.014611e-02 2.375975e-04 
3.453000e+02 2.211396e-02 7.680912e-02 9.337544e-01 7.570569e+03 1.249265e+03 1.918037e+02  5000 10000 8.677920e-04     0 3.779007e-02 6.668013e+01 1.294135e+02 6.013189e-02 2.355363e-04 
3.454000e+02 2.195024e-02 7.681024e-02 9.342255e-01 7.578274e+03 1.259661e+03 1.920197e+02  5000 10000 8.177293e-04     0 3.780898e-02 6.668405e+01 1.294159e+02 6.011773e-02 2.326575e-04 
3.455000e+02 2.180232e-02 7.681026e-02 9.346909e-01 7.585973e+03 1.270061e+03 1.922360e+02  5000 10000 7.649771e-04     0 3.782783e-02 6.668742e+01 1.294184e+02 6.010363e-02 2.322591e-04 
3.456000e+02 2.166397e-02 7.680918e-02 9.351496e-01 7.593668e+03 1.280464e+03 1.924524e+02  5000 10000 8.510748e-04     0 3.784661e-02 6.669025e+01 1.294208e+02 6.008958e-02 2.351090e-04 
3.457000e+02 2.151366e-02 7.680693e-02 9.356052e-01 7.601358e+03 1.290872e+03 1.926690e+02  5000 10000 8.500700e-04     0 3.786529e-02 6.669252e+01 1.294232e+02 6.007559e-02 2.361394e-04 
3.458000e+02 2.135819e-02 7.680350e-02 9.360590e-01 7.609044e+03 1.301283e+03 1.928857e+02  5000 10000 8.154709e-04     0 3.788388e-02 6.669424e+01 1.294256e+02 6.006166e-02 2.342350e-04 
3.459000e+02 2.120967e-02 7.679892e-02 9.365098e-01 7.616725e+03 1.311698e+03 1.931026e+02  5000 10000 7.688943e-04     0 3.790240e-02 6.669542e+01 1.294280e+02 6.004779e-02 2.315690e-04 
  346 2.107573e-02 7.679323e-02 9.369553e-01 7.624401e+03 1.322116e+03 1.933196e+02  5000 10000 7.197852e-04     0 3.792085e-02 6.669605e+01 1.294304e+02 6.003398e-02 2.312210e-04 
3.461000e+02 2.095059e-02 7.678645e-02 9.373946e-01 7.632073e+03 1.332539e+03 1.935366e+02  5000 10000 8.004037e-04     0 3.793924e-02 6.669613e+01 1.294328e+02 6.002023e-02 2.339073e-04 
3.462000e+02 2.081434e-02 7.677851e-02 9.378311e-01 7.639740e+03 1.342965e+03 1.937538e+02  5000 10000 7.996117e-04     0 3.795752e-02 6.669567e+01 1.294351e+02 6.000653e-02 2.348932e-04 
3.463000e+02 2.067328e-02 7.676940e-02 9.382661e-01 7.647402e+03 1.353394e+03 1.939710e+02  5000 10000 7.674316e-04     0 3.797571e-02 6.669466e+01 1.294375e+02 5.999290e-02 2.331374e-04 
3.464000e+02 2.053862e-02 7.675915e-02 9.386983e-01 7.655060e+03 1.363827e+03 1.941883e+02  5000 10000 7.240554e-04     0 3.799384e-02 6.669311e+01 1.294398e+02 5.997933e-02 2.306716e-04 
3.465000e+02 2.041742e-02 7.674779e-02 9.391256e-01 7.662714e+03 1.374264e+03 1.944056e+02  5000 10000 6.782923e-04     0 3.801189e-02 6.669102e+01 1.294421e+02 5.996582e-02 2.303741e-04 
3.466000e+02 2.030434e-02 7.673535e-02 9.395472e-01 7.670363e+03 1.384704e+03 1.946230e+02  5000 10000 7.538605e-04     0 3.802988e-02 6.668838e+01 1.294445e+02 5.995236e-02 2.329142e-04 
3.467000e+02 2.018092e-02 7.672176e-02 9.399663e-01 7.678008e+03 1.395148e+03 1.948404e+02  5000 10000 7.532587e-04     0 3.804776e-02 6.668521e+01 1.294468e+02 5.993896e-02 2.338631e-04 
3.468000e+02 2.005301e-02 7.670702e-02 9.403840e-01 7.685649e+03 1.405595e+03 1.950577e+02  5000 10000 7.232994e-04     0 3.806555e-02 6.668150e+01 1.294491e+02 5.992563e-02 2.322481e-04 
3.469000e+02 1.993100e-02 7.669114e-02 9.407992e-01 7.693285e+03 1.416045e+03 1.952750e+02  5000 10000 6.828634e-04     0 3.808328e-02 6.667725e+01 1.294514e+02 5.991236e-02 2.299704e-04 
  347 1.982143e-02 7.667418e-02 9.412098e-01 7.700917e+03 1.426499e+03 1.954923e+02  5000 10000 6.401756e-04     0 3.810093e-02 6.667246e+01 1.294537e+02 5.989915e-02 2.297233e-04 
3.471000e+02 1.971934e-02 7.665613e-02 9.416153e-01 7.708545e+03 1.436956e+03 1.957095e+02  5000 10000 7.110879e-04     0 3.811851e-02 6.666714e+01 1.294559e+02 5.988600e-02 2.321322e-04 
3.472000e+02 1.960764e-02 7.663695e-02 9.420184e-01 7.716169e+03 1.447417e+03 1.959267e+02  5000 10000 7.106568e-04     0 3.813599e-02 6.666128e+01 1.294582e+02 5.987290e-02 2.330507e-04 
3.473000e+02 1.949174e-02 7.661663e-02 9.424203e-01 7.723789e+03 1.457881e+03 1.961438e+02  5000 10000 6.827383e-04     0 3.815338e-02 6.665489e+01 1.294605e+02 5.985987e-02 2.315689e-04 
3.474000e+02 1.938127e-02 7.659520e-02 9.428200e-01 7.731404e+03 1.468348e+03 1.963608e+02  5000 10000 6.450057e-04     0 3.817070e-02 6.664797e+01 1.294627e+02 5.984691e-02 2.294677e-04 
3.475000e+02 1.928232e-02 7.657268e-02 9.432155e-01 7.739015e+03 1.478818e+03 1.965776e+02  5000 10000 6.051464e-04     0 3.818794e-02 6.664052e+01 1.294650e+02 5.983400e-02 2.292702e-04 
3.476000e+02 1.919027e-02 7.654909e-02 9.436062e-01 7.746622e+03 1.489292e+03 1.967944e+02  5000 10000 6.717656e-04     0 3.820511e-02 6.663254e+01 1.294672e+02 5.982115e-02 2.315615e-04 
3.477000e+02 1.908925e-02 7.652439e-02 9.439947e-01 7.754226e+03 1.499769e+03 1.970109e+02  5000 10000 6.714889e-04     0 3.822218e-02 6.662404e+01 1.294694e+02 5.980837e-02 2.324551e-04 
3.478000e+02 1.898431e-02 7.649856e-02 9.443822e-01 7.761825e+03 1.510249e+03 1.972274e+02  5000 10000 6.454471e-04     0 3.823916e-02 6.661501e+01 1.294716e+02 5.979564e-02 2.310989e-04 
3.479000e+02 1.888439e-02 7.647164e-02 9.447677e-01 7.769420e+03 1.520732e+03 1.974436e+02  5000 10000 6.102019e-04     0 3.825607e-02 6.660545e+01 1.294738e+02 5.978299e-02 2.291633e-04 
  348 1.879513e-02 7.644364e-02 9.451493e-01 7.777011e+03 1.531219e+03 1.976597e+02  5000 10000 5.729461e-04     0 3.827290e-02 6.659537e+01 1.294760e+02 5.977039e-02 2.290141e-04 
3.481000e+02 1.871224e-02 7.641459e-02 9.455265e-01 7.784599e+03 1.541708e+03 1.978756e+02  5000 10000 6.356061e-04     0 3.828966e-02 6.658477e+01 1.294782e+02 5.975785e-02 2.311997e-04 
3.482000e+02 1.862098e-02 7.638444e-02 9.459018e-01 7.792182e+03 1.552201e+03 1.980912e+02  5000 10000 6.354698e-04     0 3.830631e-02 6.657366e+01 1.294804e+02 5.974537e-02 2.320729e-04 
3.483000e+02 1.852605e-02 7.635319e-02 9.462761e-01 7.799762e+03 1.562696e+03 1.983066e+02  5000 10000 6.111557e-04     0 3.832288e-02 6.656202e+01 1.294825e+02 5.973296e-02 2.308349e-04 
3.484000e+02 1.843576e-02 7.632085e-02 9.466486e-01 7.807337e+03 1.573195e+03 1.985218e+02  5000 10000 5.782007e-04     0 3.833937e-02 6.654987e+01 1.294847e+02 5.972061e-02 2.290542e-04 
3.485000e+02 1.835534e-02 7.628747e-02 9.470176e-01 7.814909e+03 1.583697e+03 1.987367e+02  5000 10000 5.433432e-04     0 3.835578e-02 6.653721e+01 1.294869e+02 5.970833e-02 2.289519e-04 
3.486000e+02 1.828082e-02 7.625304e-02 9.473825e-01 7.822477e+03 1.594201e+03 1.989513e+02  5000 10000 6.023513e-04     0 3.837212e-02 6.652403e+01 1.294890e+02 5.969610e-02 2.310421e-04 
3.487000e+02 1.819848e-02 7.621753e-02 9.477457e-01 7.830042e+03 1.604709e+03 1.991656e+02  5000 10000 6.023437e-04     0 3.838835e-02 6.651034e+01 1.294911e+02 5.968394e-02 2.318986e-04 
3.488000e+02 1.811269e-02 7.618094e-02 9.481080e-01 7.837602e+03 1.615220e+03 1.993797e+02  5000 10000 5.796212e-04     0 3.840450e-02 6.649614e+01 1.294933e+02 5.967185e-02 2.307716e-04 
3.489000e+02 1.803118e-02 7.614328e-02 9.484687e-01 7.845159e+03 1.625733e+03 1.995934e+02  5000 10000 5.487766e-04     0 3.842057e-02 6.648144e+01 1.294954e+02 5.965981e-02 2.291355e-04 
  349 1.795885e-02 7.610460e-02 9.488262e-01 7.852712e+03 1.636250e+03 1.998067e+02  5000 10000 5.161296e-04     0 3.843656e-02 6.646623e+01 1.294975e+02 5.964785e-02 2.290780e-04 
3.491000e+02 1.789196e-02 7.606488e-02 9.491799e-01 7.860262e+03 1.646769e+03 2.000197e+02  5000 10000 5.717691e-04     0 3.845247e-02 6.645052e+01 1.294996e+02 5.963594e-02 2.310820e-04 
3.492000e+02 1.781777e-02 7.602411e-02 9.495321e-01 7.867807e+03 1.657292e+03 2.002324e+02  5000 10000 5.718802e-04     0 3.846828e-02 6.643431e+01 1.295017e+02 5.962409e-02 2.319247e-04 
3.493000e+02 1.774032e-02 7.598228e-02 9.498836e-01 7.875349e+03 1.667817e+03 2.004447e+02  5000 10000 5.506252e-04     0 3.848400e-02 6.641760e+01 1.295038e+02 5.961232e-02 2.309015e-04 
3.494000e+02 1.766685e-02 7.593941e-02 9.502336e-01 7.882888e+03 1.678345e+03 2.006565e+02  5000 10000 5.217266e-04     0 3.849964e-02 6.640039e+01 1.295058e+02 5.960060e-02 2.294002e-04 
3.495000e+02 1.760189e-02 7.589552e-02 9.505806e-01 7.890423e+03 1.688876e+03 2.008680e+02  5000 10000 4.911189e-04     0 3.851520e-02 6.638269e+01 1.295079e+02 5.958895e-02 2.293854e-04 
3.496000e+02 1.754199e-02 7.585063e-02 9.509241e-01 7.897954e+03 1.699410e+03 2.010791e+02  5000 10000 5.436500e-04     0 3.853068e-02 6.636449e+01 1.295100e+02 5.957737e-02 2.313110e-04 
3.497000e+02 1.747522e-02 7.580470e-02 9.512663e-01 7.905482e+03 1.709946e+03 2.012897e+02  5000 10000 5.438714e-04     0 3.854606e-02 6.634580e+01 1.295120e+02 5.956584e-02 2.321420e-04 
3.498000e+02 1.740541e-02 7.575774e-02 9.516079e-01 7.913007e+03 1.720486e+03 2.014998e+02  5000 10000 5.239708e-04     0 3.856135e-02 6.632663e+01 1.295140e+02 5.955439e-02 2.312156e-04 
3.499000e+02 1.733926e-02 7.570976e-02 9.519481e-01 7.920527e+03 1.731028e+03 2.017095e+02  5000 10000 4.968679e-04     0 3.857656e-02 6.630697e+01 1.295161e+02 5.954300e-02 2.298397e-04 
  350 1.728104e-02 7.566078e-02 9.522857e-01 7.928045e+03 1.741572e+03 2.019187e+02  5000 10000 4.681425e-04     0 3.859169e-02 6.628682e+01 1.295181e+02 5.953167e-02 2.298651e-04 
3.501000e+02 1.722751e-02 7.561082e-02 9.526200e-01 7.935558e+03 1.752120e+03 2.021275e+02  5000 10000 5.178048e-04     0 3.860673e-02 6.626619e+01 1.295201e+02 5.952041e-02 2.317192e-04 
3.502000e+02 1.716755e-02 7.555985e-02 9.529531e-01 7.943069e+03 1.762670e+03 2.023357e+02  5000 10000 5.181290e-04     0 3.862168e-02 6.624509e+01 1.295221e+02 5.950921e-02 2.325402e-04 
3.503000e+02 1.710469e-02 7.550788e-02 9.532857e-01 7.950576e+03 1.773223e+03 2.025434e+02  5000 10000 4.994793e-04     0 3.863653e-02 6.622350e+01 1.295241e+02 5.949808e-02 2.317039e-04 
3.504000e+02 1.704525e-02 7.545490e-02 9.536171e-01 7.958079e+03 1.783779e+03 2.027506e+02  5000 10000 4.740346e-04     0 3.865130e-02 6.620144e+01 1.295261e+02 5.948701e-02 2.304442e-04 
3.505000e+02 1.699318e-02 7.540096e-02 9.539461e-01 7.965579e+03 1.794337e+03 2.029572e+02  5000 10000 4.470483e-04     0 3.866599e-02 6.617891e+01 1.295281e+02 5.947601e-02 2.305073e-04 
3.506000e+02 1.694547e-02 7.534605e-02 9.542720e-01 7.973076e+03 1.804898e+03 2.031632e+02  5000 10000 4.940612e-04     0 3.868059e-02 6.615591e+01 1.295301e+02 5.946508e-02 2.322958e-04 
3.507000e+02 1.689171e-02 7.529017e-02 9.545969e-01 7.980569e+03 1.815462e+03 2.033687e+02  5000 10000 4.944816e-04     0 3.869509e-02 6.613244e+01 1.295321e+02 5.945421e-02 2.331080e-04 
3.508000e+02 1.683522e-02 7.523330e-02 9.549215e-01 7.988059e+03 1.826028e+03 2.035736e+02  5000 10000 4.769883e-04     0 3.870951e-02 6.610850e+01 1.295340e+02 5.944341e-02 2.323554e-04 
3.509000e+02 1.678189e-02 7.517546e-02 9.552449e-01 7.995546e+03 1.836597e+03 2.037779e+02  5000 10000 4.530762e-04     0 3.872383e-02 6.608410e+01 1.295360e+02 5.943267e-02 2.312034e-04 
  351 1.673545e-02 7.511667e-02 9.555661e-01 8.003029e+03 1.847169e+03 2.039816e+02  5000 10000 4.276976e-04     0 3.873808e-02 6.605924e+01 1.295379e+02 5.942200e-02 2.313014e-04 
3.511000e+02 1.669306e-02 7.505695e-02 9.558846e-01 8.010509e+03 1.857743e+03 2.041847e+02  5000 10000 4.722622e-04     0 3.875223e-02 6.603392e+01 1.295399e+02 5.941139e-02 2.330295e-04 
3.512000e+02 1.664496e-02 7.499628e-02 9.562020e-01 8.017986e+03 1.868319e+03 2.043871e+02  5000 10000 4.727729e-04     0 3.876629e-02 6.600815e+01 1.295418e+02 5.940085e-02 2.338338e-04 
3.513000e+02 1.659428e-02 7.493465e-02 9.565193e-01 8.025459e+03 1.878899e+03 2.045889e+02  5000 10000 4.563494e-04     0 3.878026e-02 6.598192e+01 1.295437e+02 5.939038e-02 2.331586e-04 
3.514000e+02 1.654654e-02 7.487208e-02 9.568355e-01 8.032930e+03 1.889480e+03 2.047900e+02  5000 10000 4.338547e-04     0 3.879414e-02 6.595525e+01 1.295457e+02 5.937998e-02 2.321062e-04 
3.515000e+02 1.650523e-02 7.480859e-02 9.571497e-01 8.040396e+03 1.900065e+03 2.049904e+02  5000 10000 4.099639e-04     0 3.880793e-02 6.592812e+01 1.295476e+02 5.936964e-02 2.322366e-04 
3.516000e+02 1.646770e-02 7.474419e-02 9.574614e-01 8.047860e+03 1.910652e+03 2.051901e+02  5000 10000 4.522635e-04     0 3.882164e-02 6.590056e+01 1.295495e+02 5.935937e-02 2.339088e-04 
3.517000e+02 1.642478e-02 7.467887e-02 9.577722e-01 8.055321e+03 1.921241e+03 2.053891e+02  5000 10000 4.528587e-04     0 3.883525e-02 6.587255e+01 1.295514e+02 5.934916e-02 2.347059e-04 
3.518000e+02 1.637940e-02 7.461262e-02 9.580829e-01 8.062778e+03 1.931833e+03 2.055874e+02  5000 10000 4.374258e-04     0 3.884876e-02 6.584410e+01 1.295533e+02 5.933903e-02 2.341023e-04 
3.519000e+02 1.633677e-02 7.454546e-02 9.583927e-01 8.070232e+03 1.942427e+03 2.057850e+02  5000 10000 4.162434e-04     0 3.886219e-02 6.581521e+01 1.295551e+02 5.932896e-02 2.331421e-04 
  352 1.630015e-02 7.447741e-02 9.587006e-01 8.077683e+03 1.953024e+03 2.059818e+02  5000 10000 3.937304e-04     0 3.887553e-02 6.578589e+01 1.295570e+02 5.931895e-02 2.333024e-04 
3.521000e+02 1.626706e-02 7.440848e-02 9.590062e-01 8.085130e+03 1.963624e+03 2.061779e+02  5000 10000 4.339318e-04     0 3.888878e-02 6.575614e+01 1.295589e+02 5.930902e-02 2.349228e-04 
3.522000e+02 1.622887e-02 7.433865e-02 9.593111e-01 8.092575e+03 1.974225e+03 2.063732e+02  5000 10000 4.346060e-04     0 3.890193e-02 6.572596e+01 1.295608e+02 5.929915e-02 2.357131e-04 
3.523000e+02 1.618834e-02 7.426793e-02 9.596159e-01 8.100016e+03 1.984830e+03 2.065677e+02  5000 10000 4.200911e-04     0 3.891499e-02 6.569535e+01 1.295626e+02 5.928935e-02 2.351759e-04 
3.524000e+02 1.615037e-02 7.419633e-02 9.599199e-01 8.107454e+03 1.995436e+03 2.067615e+02  5000 10000 4.001247e-04     0 3.892796e-02 6.566432e+01 1.295645e+02 5.927961e-02 2.343010e-04 
3.525000e+02 1.611804e-02 7.412386e-02 9.602222e-01 8.114889e+03 2.006046e+03 2.069544e+02  5000 10000 3.788891e-04     0 3.894085e-02 6.563288e+01 1.295663e+02 5.926995e-02 2.344888e-04 
3.526000e+02 1.608901e-02 7.405055e-02 9.605224e-01 8.122321e+03 2.016657e+03 2.071465e+02  5000 10000 4.171433e-04     0 3.895364e-02 6.560101e+01 1.295681e+02 5.926035e-02 2.360610e-04 
3.527000e+02 1.605514e-02 7.397637e-02 9.608219e-01 8.129750e+03 2.027271e+03 2.073378e+02  5000 10000 4.178907e-04     0 3.896634e-02 6.556873e+01 1.295700e+02 5.925082e-02 2.368451e-04 
3.528000e+02 1.601905e-02 7.390133e-02 9.611214e-01 8.137176e+03 2.037888e+03 2.075282e+02  5000 10000 4.042274e-04     0 3.897894e-02 6.553604e+01 1.295718e+02 5.924135e-02 2.363694e-04 
3.529000e+02 1.598534e-02 7.382544e-02 9.614203e-01 8.144599e+03 2.048506e+03 2.077178e+02  5000 10000 3.853892e-04     0 3.899145e-02 6.550295e+01 1.295736e+02 5.923196e-02 2.355737e-04 
  353 1.595693e-02 7.374872e-02 9.617176e-01 8.152018e+03 2.059128e+03 2.079065e+02  5000 10000 3.653392e-04     0 3.900387e-02 6.546945e+01 1.295754e+02 5.922263e-02 2.357870e-04 
3.531000e+02 1.593160e-02 7.367119e-02 9.620129e-01 8.159435e+03 2.069751e+03 2.080944e+02  5000 10000 4.017820e-04     0 3.901620e-02 6.543554e+01 1.295772e+02 5.921337e-02 2.373144e-04 
3.532000e+02 1.590169e-02 7.359282e-02 9.623077e-01 8.166848e+03 2.080377e+03 2.082813e+02  5000 10000 4.025968e-04     0 3.902844e-02 6.540124e+01 1.295790e+02 5.920418e-02 2.380927e-04 
3.533000e+02 1.586965e-02 7.351362e-02 9.626026e-01 8.174259e+03 2.091005e+03 2.084674e+02  5000 10000 3.897243e-04     0 3.904057e-02 6.536654e+01 1.295808e+02 5.919506e-02 2.376744e-04 
3.534000e+02 1.583984e-02 7.343361e-02 9.628969e-01 8.181666e+03 2.101636e+03 2.086525e+02  5000 10000 3.719340e-04     0 3.905262e-02 6.533145e+01 1.295826e+02 5.918601e-02 2.369525e-04 
3.535000e+02 1.581501e-02 7.335280e-02 9.631897e-01 8.189070e+03 2.112269e+03 2.088368e+02  5000 10000 3.529860e-04     0 3.906458e-02 6.529597e+01 1.295844e+02 5.917702e-02 2.371896e-04 
3.536000e+02 1.579307e-02 7.327120e-02 9.634808e-01 8.196472e+03 2.122904e+03 2.090201e+02  5000 10000 3.877388e-04     0 3.907645e-02 6.526010e+01 1.295861e+02 5.916810e-02 2.386755e-04 
3.537000e+02 1.576678e-02 7.318881e-02 9.637714e-01 8.203870e+03 2.133542e+03 2.092024e+02  5000 10000 3.886148e-04     0 3.908821e-02 6.522385e+01 1.295879e+02 5.915925e-02 2.394487e-04 
3.538000e+02 1.573845e-02 7.310562e-02 9.640621e-01 8.211265e+03 2.144182e+03 2.093838e+02  5000 10000 3.764775e-04     0 3.909989e-02 6.518722e+01 1.295897e+02 5.915047e-02 2.390842e-04 
3.539000e+02 1.571222e-02 7.302165e-02 9.643524e-01 8.218658e+03 2.154824e+03 2.095642e+02  5000 10000 3.596621e-04     0 3.911147e-02 6.515022e+01 1.295914e+02 5.914176e-02 2.384313e-04 
  354 1.569067e-02 7.293692e-02 9.646413e-01 8.226047e+03 2.165469e+03 2.097436e+02  5000 10000 3.417402e-04     0 3.912296e-02 6.511284e+01 1.295932e+02 5.913312e-02 2.386910e-04 
3.541000e+02 1.567183e-02 7.285143e-02 9.649286e-01 8.233433e+03 2.176116e+03 2.099221e+02  5000 10000 3.749108e-04     0 3.913436e-02 6.507509e+01 1.295949e+02 5.912454e-02 2.401384e-04 
3.542000e+02 1.564885e-02 7.276518e-02 9.652156e-01 8.240816e+03 2.186765e+03 2.100995e+02  5000 10000 3.758416e-04     0 3.914566e-02 6.503697e+01 1.295966e+02 5.911604e-02 2.409075e-04 
3.543000e+02 1.562393e-02 7.267818e-02 9.655026e-01 8.248197e+03 2.197417e+03 2.102760e+02  5000 10000 3.643886e-04     0 3.915686e-02 6.499849e+01 1.295984e+02 5.910760e-02 2.405939e-04 
3.544000e+02 1.560097e-02 7.259042e-02 9.657894e-01 8.255574e+03 2.208070e+03 2.104514e+02  5000 10000 3.484819e-04     0 3.916798e-02 6.495965e+01 1.296001e+02 5.909923e-02 2.400062e-04 
3.545000e+02 1.558243e-02 7.250194e-02 9.660749e-01 8.262949e+03 2.218726e+03 2.106258e+02  5000 10000 3.315170e-04     0 3.917900e-02 6.492045e+01 1.296018e+02 5.909093e-02 2.402875e-04 
3.546000e+02 1.556643e-02 7.241274e-02 9.663589e-01 8.270320e+03 2.229385e+03 2.107991e+02  5000 10000 3.632004e-04     0 3.918993e-02 6.488090e+01 1.296035e+02 5.908270e-02 2.416997e-04 
3.547000e+02 1.554650e-02 7.232282e-02 9.666426e-01 8.277689e+03 2.240045e+03 2.109714e+02  5000 10000 3.641789e-04     0 3.920076e-02 6.484100e+01 1.296052e+02 5.907453e-02 2.424657e-04 
3.548000e+02 1.552470e-02 7.223217e-02 9.669265e-01 8.285054e+03 2.250708e+03 2.111427e+02  5000 10000 3.533642e-04     0 3.921149e-02 6.480075e+01 1.296069e+02 5.906644e-02 2.422009e-04 
3.549000e+02 1.550474e-02 7.214081e-02 9.672102e-01 8.292417e+03 2.261373e+03 2.113128e+02  5000 10000 3.383061e-04     0 3.922213e-02 6.476016e+01 1.296086e+02 5.905842e-02 2.416753e-04 
  355 1.548896e-02 7.204876e-02 9.674927e-01 8.299776e+03 2.272041e+03 2.114819e+02  5000 10000 3.222359e-04     0 3.923268e-02 6.471922e+01 1.296103e+02 5.905046e-02 2.419778e-04 
3.551000e+02 1.547558e-02 7.195603e-02 9.677739e-01 8.307133e+03 2.282710e+03 2.116499e+02  5000 10000 3.525146e-04     0 3.924314e-02 6.467795e+01 1.296120e+02 5.904257e-02 2.433578e-04 
3.552000e+02 1.545844e-02 7.186261e-02 9.680548e-01 8.314487e+03 2.293382e+03 2.118168e+02  5000 10000 3.535337e-04     0 3.925350e-02 6.463635e+01 1.296137e+02 5.903475e-02 2.441222e-04 
3.553000e+02 1.543952e-02 7.176850e-02 9.683360e-01 8.321838e+03 2.304056e+03 2.119825e+02  5000 10000 3.433151e-04     0 3.926376e-02 6.459442e+01 1.296153e+02 5.902700e-02 2.439046e-04 
3.554000e+02 1.542233e-02 7.167373e-02 9.686170e-01 8.329186e+03 2.314732e+03 2.121472e+02  5000 10000 3.290517e-04     0 3.927393e-02 6.455216e+01 1.296170e+02 5.901933e-02 2.434389e-04 
3.555000e+02 1.540910e-02 7.157829e-02 9.688970e-01 8.336531e+03 2.325411e+03 2.123107e+02  5000 10000 3.138202e-04     0 3.928401e-02 6.450958e+01 1.296187e+02 5.901171e-02 2.437627e-04 
3.556000e+02 1.539812e-02 7.148221e-02 9.691757e-01 8.343873e+03 2.336092e+03 2.124730e+02  5000 10000 3.427653e-04     0 3.929400e-02 6.446668e+01 1.296203e+02 5.900417e-02 2.451139e-04 
3.557000e+02 1.538356e-02 7.138548e-02 9.694543e-01 8.351213e+03 2.346775e+03 2.126343e+02  5000 10000 3.438171e-04     0 3.930388e-02 6.442347e+01 1.296220e+02 5.899670e-02 2.458784e-04 
3.558000e+02 1.536730e-02 7.128811e-02 9.697331e-01 8.358549e+03 2.357460e+03 2.127943e+02  5000 10000 3.341569e-04     0 3.931367e-02 6.437994e+01 1.296236e+02 5.898929e-02 2.457072e-04 
3.559000e+02 1.535267e-02 7.119010e-02 9.700118e-01 8.365883e+03 2.368147e+03 2.129532e+02  5000 10000 3.206398e-04     0 3.932337e-02 6.433610e+01 1.296253e+02 5.898196e-02 2.452999e-04 
  356 1.534178e-02 7.109147e-02 9.702897e-01 8.373213e+03 2.378837e+03 2.131109e+02  5000 10000 3.061969e-04     0 3.933297e-02 6.429196e+01 1.296269e+02 5.897469e-02 2.456457e-04 
3.561000e+02 1.533303e-02 7.099223e-02 9.705663e-01 8.380541e+03 2.389528e+03 2.132675e+02  5000 10000 3.338682e-04     0 3.934248e-02 6.424752e+01 1.296285e+02 5.896749e-02 2.469713e-04 
3.562000e+02 1.532086e-02 7.089239e-02 9.708429e-01 8.387866e+03 2.400222e+03 2.134228e+02  5000 10000 3.349450e-04     0 3.935190e-02 6.420278e+01 1.296301e+02 5.896036e-02 2.477380e-04 
3.563000e+02 1.530706e-02 7.079193e-02 9.711198e-01 8.395188e+03 2.410918e+03 2.135769e+02  5000 10000 3.258089e-04     0 3.936121e-02 6.415774e+01 1.296318e+02 5.895330e-02 2.476130e-04 
3.564000e+02 1.529479e-02 7.069088e-02 9.713966e-01 8.402507e+03 2.421616e+03 2.137298e+02  5000 10000 3.129951e-04     0 3.937043e-02 6.411242e+01 1.296334e+02 5.894631e-02 2.472634e-04 
3.565000e+02 1.528608e-02 7.058925e-02 9.716726e-01 8.409824e+03 2.432317e+03 2.138815e+02  5000 10000 2.992965e-04     0 3.937956e-02 6.406681e+01 1.296350e+02 5.893939e-02 2.476323e-04 
3.566000e+02 1.527939e-02 7.048705e-02 9.719476e-01 8.417137e+03 2.443019e+03 2.140320e+02  5000 10000 3.257438e-04     0 3.938860e-02 6.402091e+01 1.296366e+02 5.893253e-02 2.489358e-04 
3.567000e+02 1.526945e-02 7.038428e-02 9.722226e-01 8.424447e+03 2.453724e+03 2.141812e+02  5000 10000 3.268371e-04     0 3.939754e-02 6.397474e+01 1.296382e+02 5.892575e-02 2.497071e-04 
3.568000e+02 1.525794e-02 7.028094e-02 9.724979e-01 8.431755e+03 2.464431e+03 2.143292e+02  5000 10000 3.181950e-04     0 3.940638e-02 6.392829e+01 1.296398e+02 5.891903e-02 2.496290e-04 
3.569000e+02 1.524789e-02 7.017705e-02 9.727731e-01 8.439060e+03 2.475140e+03 2.144759e+02  5000 10000 3.060465e-04     0 3.941513e-02 6.388157e+01 1.296414e+02 5.891239e-02 2.493372e-04 
  357 1.524120e-02 7.007261e-02 9.730477e-01 8.446362e+03 2.485851e+03 2.146214e+02  5000 10000 2.930533e-04     0 3.942378e-02 6.383458e+01 1.296429e+02 5.890581e-02 2.497306e-04 
3.571000e+02 1.523644e-02 6.996765e-02 9.733213e-01 8.453661e+03 2.496565e+03 2.147656e+02  5000 10000 3.183163e-04     0 3.943234e-02 6.378732e+01 1.296445e+02 5.889930e-02 2.510156e-04 
3.572000e+02 1.522857e-02 6.986215e-02 9.735949e-01 8.460957e+03 2.507280e+03 2.149085e+02  5000 10000 3.194178e-04     0 3.944081e-02 6.373981e+01 1.296461e+02 5.889285e-02 2.517942e-04 
3.573000e+02 1.521921e-02 6.975613e-02 9.738689e-01 8.468251e+03 2.517998e+03 2.150501e+02  5000 10000 3.112427e-04     0 3.944918e-02 6.369204e+01 1.296476e+02 5.888648e-02 2.517641e-04 
3.574000e+02 1.521123e-02 6.964959e-02 9.741430e-01 8.475541e+03 2.528718e+03 2.151904e+02  5000 10000 2.997264e-04     0 3.945745e-02 6.364401e+01 1.296492e+02 5.888018e-02 2.515309e-04 
3.575000e+02 1.520645e-02 6.954255e-02 9.744164e-01 8.482829e+03 2.539440e+03 2.153295e+02  5000 10000 2.874048e-04     0 3.946563e-02 6.359574e+01 1.296508e+02 5.887394e-02 2.519510e-04 
3.576000e+02 1.520349e-02 6.943503e-02 9.746889e-01 8.490114e+03 2.550164e+03 2.154672e+02  5000 10000 3.115142e-04     0 3.947372e-02 6.354722e+01 1.296523e+02 5.886777e-02 2.532211e-04 
3.577000e+02 1.519758e-02 6.932701e-02 9.749616e-01 8.497396e+03 2.560890e+03 2.156036e+02  5000 10000 3.126153e-04     0 3.948171e-02 6.349846e+01 1.296539e+02 5.886168e-02 2.540101e-04 
3.578000e+02 1.519025e-02 6.921850e-02 9.752346e-01 8.504675e+03 2.571619e+03 2.157387e+02  5000 10000 3.048837e-04     0 3.948961e-02 6.344946e+01 1.296554e+02 5.885565e-02 2.540299e-04 
3.579000e+02 1.518423e-02 6.910952e-02 9.755077e-01 8.511952e+03 2.582349e+03 2.158724e+02  5000 10000 2.939714e-04     0 3.949741e-02 6.340022e+01 1.296569e+02 5.884968e-02 2.538568e-04 
  358 1.518124e-02 6.900008e-02 9.757803e-01 8.519225e+03 2.593082e+03 2.160048e+02  5000 10000 2.822926e-04     0 3.950512e-02 6.335076e+01 1.296585e+02 5.884379e-02 2.543060e-04 
3.581000e+02 1.518000e-02 6.889019e-02 9.760521e-01 8.526496e+03 2.603817e+03 2.161359e+02  5000 10000 3.052701e-04     0 3.951273e-02 6.330107e+01 1.296600e+02 5.883796e-02 2.555651e-04 
3.582000e+02 1.517594e-02 6.877985e-02 9.763240e-01 8.533764e+03 2.614554e+03 2.162656e+02  5000 10000 3.063621e-04     0 3.952025e-02 6.325115e+01 1.296615e+02 5.883221e-02 2.563678e-04 
3.583000e+02 1.517054e-02 6.866907e-02 9.765964e-01 8.541029e+03 2.625293e+03 2.163940e+02  5000 10000 2.990538e-04     0 3.952767e-02 6.320102e+01 1.296631e+02 5.882652e-02 2.564398e-04 
3.584000e+02 1.516638e-02 6.855785e-02 9.768689e-01 8.548291e+03 2.636034e+03 2.165209e+02  5000 10000 2.887217e-04     0 3.953500e-02 6.315067e+01 1.296646e+02 5.882090e-02 2.563290e-04 
3.585000e+02 1.516511e-02 6.844621e-02 9.771409e-01 8.555550e+03 2.646777e+03 2.166466e+02  5000 10000 2.776616e-04     0 3.954224e-02 6.310011e+01 1.296661e+02 5.881534e-02 2.568103e-04 
3.586000e+02 1.516549e-02 6.833417e-02 9.774122e-01 8.562807e+03 2.657522e+03 2.167708e+02  5000 10000 2.995208e-04     0 3.954938e-02 6.304935e+01 1.296676e+02 5.880985e-02 2.580623e-04 
3.587000e+02 1.516321e-02 6.822172e-02 9.776837e-01 8.570060e+03 2.668270e+03 2.168937e+02  5000 10000 3.005948e-04     0 3.955643e-02 6.299838e+01 1.296691e+02 5.880444e-02 2.588824e-04 
3.588000e+02 1.515966e-02 6.810886e-02 9.779557e-01 8.577311e+03 2.679019e+03 2.170151e+02  5000 10000 2.936929e-04     0 3.956338e-02 6.294721e+01 1.296706e+02 5.879909e-02 2.590095e-04 
3.589000e+02 1.515728e-02 6.799561e-02 9.782278e-01 8.584559e+03 2.689771e+03 2.171352e+02  5000 10000 2.839213e-04     0 3.957024e-02 6.289585e+01 1.296721e+02 5.879380e-02 2.589638e-04 
  359 1.515766e-02 6.788199e-02 9.784996e-01 8.591804e+03 2.700525e+03 2.172539e+02  5000 10000 2.734605e-04     0 3.957701e-02 6.284429e+01 1.296736e+02 5.878859e-02 2.594805e-04 
3.591000e+02 1.515961e-02 6.776800e-02 9.787707e-01 8.599046e+03 2.711281e+03 2.173712e+02  5000 10000 2.942067e-04     0 3.958368e-02 6.279255e+01 1.296750e+02 5.878344e-02 2.607295e-04 
3.592000e+02 1.515905e-02 6.765364e-02 9.790421e-01 8.606286e+03 2.722039e+03 2.174870e+02  5000 10000 2.952541e-04     0 3.959026e-02 6.274062e+01 1.296765e+02 5.877836e-02 2.615709e-04 
3.593000e+02 1.515729e-02 6.753892e-02 9.793139e-01 8.613522e+03 2.732799e+03 2.176014e+02  5000 10000 2.887445e-04     0 3.959674e-02 6.268852e+01 1.296780e+02 5.877335e-02 2.617568e-04 
3.594000e+02 1.515665e-02 6.742385e-02 9.795860e-01 8.620756e+03 2.743561e+03 2.177145e+02  5000 10000 2.795180e-04     0 3.960313e-02 6.263623e+01 1.296795e+02 5.876840e-02 2.617796e-04 
3.595000e+02 1.515862e-02 6.730845e-02 9.798577e-01 8.627987e+03 2.754326e+03 2.178260e+02  5000 10000 2.696416e-04     0 3.960943e-02 6.258378e+01 1.296809e+02 5.876352e-02 2.623355e-04 
3.596000e+02 1.516210e-02 6.719272e-02 9.801289e-01 8.635215e+03 2.765092e+03 2.179362e+02  5000 10000 2.892725e-04     0 3.961564e-02 6.253116e+01 1.296824e+02 5.875871e-02 2.635856e-04 
3.597000e+02 1.516321e-02 6.707667e-02 9.804004e-01 8.642441e+03 2.775860e+03 2.180449e+02  5000 10000 2.902842e-04     0 3.962175e-02 6.247837e+01 1.296839e+02 5.875396e-02 2.644525e-04 
3.598000e+02 1.516320e-02 6.696030e-02 9.806724e-01 8.649663e+03 2.786631e+03 2.181522e+02  5000 10000 2.841560e-04     0 3.962777e-02 6.242543e+01 1.296853e+02 5.874929e-02 2.647014e-04 
3.599000e+02 1.516427e-02 6.684362e-02 9.809446e-01 8.656882e+03 2.797404e+03 2.182580e+02  5000 10000 2.754635e-04     0 3.963370e-02 6.237232e+01 1.296868e+02 5.874468e-02 2.647967e-04 
  360 1.516781e-02 6.672665e-02 9.812166e-01 8.664099e+03 2.808179e+03 2.183623e+02  5000 10000 2.661608e-04     0 3.963953e-02 6.231907e+01 1.296882e+02 5.874013e-02 2.653959e-04 
3.601000e+02 1.517279e-02 6.660940e-02 9.814881e-01 8.671313e+03 2.818956e+03 2.184652e+02  5000 10000 2.846662e-04     0 3.964528e-02 6.226567e+01 1.296897e+02 5.873565e-02 2.666515e-04 
3.602000e+02 1.517556e-02 6.649186e-02 9.817600e-01 8.678524e+03 2.829735e+03 2.185667e+02  5000 10000 2.856333e-04     0 3.965092e-02 6.221212e+01 1.296911e+02 5.873124e-02 2.675484e-04 
3.603000e+02 1.517728e-02 6.637405e-02 9.820323e-01 8.685732e+03 2.840516e+03 2.186666e+02  5000 10000 2.798783e-04     0 3.965648e-02 6.215843e+01 1.296925e+02 5.872689e-02 2.678649e-04 
3.604000e+02 1.518003e-02 6.625597e-02 9.823050e-01 8.692938e+03 2.851299e+03 2.187651e+02  5000 10000 2.717125e-04     0 3.966194e-02 6.210461e+01 1.296939e+02 5.872261e-02 2.680375e-04 
3.605000e+02 1.518513e-02 6.613765e-02 9.825775e-01 8.700140e+03 2.862084e+03 2.188621e+02  5000 10000 2.629770e-04     0 3.966732e-02 6.205065e+01 1.296954e+02 5.871840e-02 2.686845e-04 
3.606000e+02 1.519160e-02 6.601908e-02 9.828496e-01 8.707340e+03 2.872871e+03 2.189577e+02  5000 10000 2.803391e-04     0 3.967260e-02 6.199657e+01 1.296968e+02 5.871425e-02 2.699502e-04 
3.607000e+02 1.519602e-02 6.590027e-02 9.831221e-01 8.714536e+03 2.883661e+03 2.190517e+02  5000 10000 2.812526e-04     0 3.967779e-02 6.194236e+01 1.296982e+02 5.871017e-02 2.708820e-04 
3.608000e+02 1.519947e-02 6.578123e-02 9.833951e-01 8.721730e+03 2.894453e+03 2.191443e+02  5000 10000 2.758655e-04     0 3.968288e-02 6.188803e+01 1.296996e+02 5.870615e-02 2.712712e-04 
3.609000e+02 1.520391e-02 6.566197e-02 9.836685e-01 8.728921e+03 2.905246e+03 2.192353e+02  5000 10000 2.682231e-04     0 3.968789e-02 6.183359e+01 1.297010e+02 5.870220e-02 2.715265e-04 
  361 1.521057e-02 6.554249e-02 9.839418e-01 8.736109e+03 2.916042e+03 2.193249e+02  5000 10000 2.600527e-04     0 3.969280e-02 6.177903e+01 1.297024e+02 5.869832e-02 2.722264e-04 
3.611000e+02 1.521855e-02 6.542283e-02 9.842147e-01 8.743295e+03 2.926840e+03 2.194130e+02  5000 10000 2.762458e-04     0 3.969763e-02 6.172437e+01 1.297038e+02 5.869449e-02 2.735067e-04 
3.612000e+02 1.522463e-02 6.530296e-02 9.844881e-01 8.750477e+03 2.937640e+03 2.194996e+02  5000 10000 2.770963e-04     0 3.970236e-02 6.166960e+01 1.297052e+02 5.869074e-02 2.744786e-04 
3.613000e+02 1.522983e-02 6.518290e-02 9.847620e-01 8.757656e+03 2.948442e+03 2.195846e+02  5000 10000 2.720747e-04     0 3.970700e-02 6.161473e+01 1.297066e+02 5.868705e-02 2.749466e-04 
3.614000e+02 1.523598e-02 6.506266e-02 9.850363e-01 8.764833e+03 2.959246e+03 2.196682e+02  5000 10000 2.649562e-04     0 3.971155e-02 6.155976e+01 1.297080e+02 5.868342e-02 2.752906e-04 
3.615000e+02 1.524423e-02 6.494226e-02 9.853106e-01 8.772007e+03 2.970052e+03 2.197502e+02  5000 10000 2.573530e-04     0 3.971601e-02 6.150470e+01 1.297094e+02 5.867986e-02 2.760489e-04 
3.616000e+02 1.525373e-02 6.482170e-02 9.855847e-01 8.779178e+03 2.980860e+03 2.198307e+02  5000 10000 2.723430e-04     0 3.972038e-02 6.144955e+01 1.297108e+02 5.867636e-02 2.773487e-04 
3.617000e+02 1.526151e-02 6.470099e-02 9.858592e-01 8.786346e+03 2.991671e+03 2.199097e+02  5000 10000 2.731209e-04     0 3.972466e-02 6.139432e+01 1.297122e+02 5.867293e-02 2.783663e-04 
3.618000e+02 1.526850e-02 6.458013e-02 9.861343e-01 8.793511e+03 3.002483e+03 2.199872e+02  5000 10000 2.684652e-04     0 3.972885e-02 6.133901e+01 1.297135e+02 5.866956e-02 2.789196e-04 
3.619000e+02 1.527640e-02 6.445913e-02 9.864098e-01 8.800673e+03 3.013298e+03 2.200632e+02  5000 10000 2.618751e-04     0 3.973295e-02 6.128362e+01 1.297149e+02 5.866626e-02 2.793592e-04 
  362 1.528628e-02 6.433801e-02 9.866854e-01 8.807832e+03 3.024114e+03 2.201376e+02  5000 10000 2.548453e-04     0 3.973696e-02 6.122816e+01 1.297163e+02 5.866302e-02 2.801819e-04 
3.621000e+02 1.529735e-02 6.421677e-02 9.869609e-01 8.814989e+03 3.034933e+03 2.202105e+02  5000 10000 2.685896e-04     0 3.974088e-02 6.117263e+01 1.297176e+02 5.865984e-02 2.815064e-04 
3.622000e+02 1.530687e-02 6.409542e-02 9.872368e-01 8.822142e+03 3.045754e+03 2.202819e+02  5000 10000 2.692849e-04     0 3.974471e-02 6.111704e+01 1.297190e+02 5.865673e-02 2.825758e-04 
3.623000e+02 1.531571e-02 6.397397e-02 9.875133e-01 8.829293e+03 3.056577e+03 2.203517e+02  5000 10000 2.649982e-04     0 3.974846e-02 6.106138e+01 1.297203e+02 5.865368e-02 2.832217e-04 
3.624000e+02 1.532542e-02 6.385242e-02 9.877903e-01 8.836440e+03 3.067402e+03 2.204200e+02  5000 10000 2.589452e-04     0 3.975211e-02 6.100567e+01 1.297217e+02 5.865070e-02 2.837645e-04 
3.625000e+02 1.533698e-02 6.373079e-02 9.880674e-01 8.843585e+03 3.078229e+03 2.204867e+02  5000 10000 2.524994e-04     0 3.975568e-02 6.094991e+01 1.297230e+02 5.864778e-02 2.846584e-04 
3.626000e+02 1.534968e-02 6.360909e-02 9.883445e-01 8.850727e+03 3.089059e+03 2.205520e+02  5000 10000 2.649458e-04     0 3.975916e-02 6.089409e+01 1.297244e+02 5.864492e-02 2.860130e-04 
3.627000e+02 1.536102e-02 6.348732e-02 9.886221e-01 8.857866e+03 3.099890e+03 2.206156e+02  5000 10000 2.655479e-04     0 3.976254e-02 6.083824e+01 1.297257e+02 5.864212e-02 2.871408e-04 
3.628000e+02 1.537179e-02 6.336548e-02 9.889003e-01 8.865002e+03 3.110723e+03 2.206778e+02  5000 10000 2.616363e-04     0 3.976584e-02 6.078234e+01 1.297271e+02 5.863938e-02 2.878876e-04 
3.629000e+02 1.538339e-02 6.324360e-02 9.891791e-01 8.872135e+03 3.121559e+03 2.207384e+02  5000 10000 2.561332e-04     0 3.976906e-02 6.072640e+01 1.297284e+02 5.863671e-02 2.885422e-04 
  363 1.539671e-02 6.312167e-02 9.894580e-01 8.879265e+03 3.132397e+03 2.207974e+02  5000 10000 2.502865e-04     0 3.977219e-02 6.067043e+01 1.297297e+02 5.863410e-02 2.895146e-04 
3.631000e+02 1.541112e-02 6.299972e-02 9.897370e-01 8.886392e+03 3.143236e+03 2.208549e+02  5000 10000 2.613726e-04     0 3.977523e-02 6.061444e+01 1.297311e+02 5.863156e-02 2.909052e-04 
3.632000e+02 1.542437e-02 6.287773e-02 9.900166e-01 8.893516e+03 3.154078e+03 2.209108e+02  5000 10000 2.618700e-04     0 3.977818e-02 6.055842e+01 1.297324e+02 5.862907e-02 2.920988e-04 
3.633000e+02 1.543716e-02 6.275573e-02 9.902968e-01 8.900637e+03 3.164922e+03 2.209652e+02  5000 10000 2.583425e-04     0 3.978104e-02 6.050237e+01 1.297337e+02 5.862665e-02 2.929557e-04 
3.634000e+02 1.545074e-02 6.263371e-02 9.905776e-01 8.907755e+03 3.175768e+03 2.210181e+02  5000 10000 2.534065e-04     0 3.978382e-02 6.044631e+01 1.297350e+02 5.862429e-02 2.937318e-04 
3.635000e+02 1.546592e-02 6.251170e-02 9.908586e-01 8.914871e+03 3.186617e+03 2.210693e+02  5000 10000 2.481790e-04     0 3.978651e-02 6.039024e+01 1.297363e+02 5.862199e-02 2.947909e-04 
3.636000e+02 1.548214e-02 6.238970e-02 9.911399e-01 8.921983e+03 3.197467e+03 2.211191e+02  5000 10000 2.578306e-04     0 3.978912e-02 6.033416e+01 1.297376e+02 5.861975e-02 2.962240e-04 
3.637000e+02 1.549741e-02 6.226771e-02 9.914217e-01 8.929092e+03 3.208319e+03 2.211673e+02  5000 10000 2.582109e-04     0 3.979164e-02 6.027807e+01 1.297389e+02 5.861757e-02 2.974913e-04 
3.638000e+02 1.551235e-02 6.214574e-02 9.917042e-01 8.936199e+03 3.219174e+03 2.212139e+02  5000 10000 2.550797e-04     0 3.979408e-02 6.022198e+01 1.297402e+02 5.861545e-02 2.984687e-04 
3.639000e+02 1.552804e-02 6.202381e-02 9.919873e-01 8.943302e+03 3.230031e+03 2.212590e+02  5000 10000 2.507328e-04     0 3.979643e-02 6.016589e+01 1.297415e+02 5.861339e-02 2.993773e-04 
  364 1.554520e-02 6.190191e-02 9.922707e-01 8.950402e+03 3.240889e+03 2.213025e+02  5000 10000 2.461497e-04     0 3.979869e-02 6.010981e+01 1.297428e+02 5.861140e-02 3.005324e-04 
3.641000e+02 1.556335e-02 6.178007e-02 9.925545e-01 8.957499e+03 3.251750e+03 2.213444e+02  5000 10000 2.542796e-04     0 3.980087e-02 6.005374e+01 1.297441e+02 5.860946e-02 3.020148e-04 
3.642000e+02 1.558078e-02 6.165829e-02 9.928389e-01 8.964594e+03 3.262613e+03 2.213848e+02  5000 10000 2.545289e-04     0 3.980297e-02 5.999768e+01 1.297454e+02 5.860758e-02 3.033650e-04 
3.643000e+02 1.559800e-02 6.153657e-02 9.931240e-01 8.971685e+03 3.273479e+03 2.214237e+02  5000 10000 2.518097e-04     0 3.980498e-02 5.994164e+01 1.297467e+02 5.860577e-02 3.044746e-04 
3.644000e+02 1.561596e-02 6.141492e-02 9.934097e-01 8.978773e+03 3.284346e+03 2.214610e+02  5000 10000 2.480788e-04     0 3.980691e-02 5.988563e+01 1.297480e+02 5.860401e-02 3.055283e-04 
3.645000e+02 1.563524e-02 6.129335e-02 9.936959e-01 8.985859e+03 3.295215e+03 2.214967e+02  5000 10000 2.441710e-04     0 3.980875e-02 5.982964e+01 1.297492e+02 5.860232e-02 3.067897e-04 
3.646000e+02 1.565546e-02 6.117188e-02 9.939825e-01 8.992941e+03 3.306087e+03 2.215309e+02  5000 10000 2.506769e-04     0 3.981051e-02 5.977367e+01 1.297505e+02 5.860068e-02 3.083292e-04 
3.647000e+02 1.567520e-02 6.105050e-02 9.942698e-01 9.000020e+03 3.316961e+03 2.215636e+02  5000 10000 2.507799e-04     0 3.981219e-02 5.971775e+01 1.297518e+02 5.859910e-02 3.097722e-04 
3.648000e+02 1.569490e-02 6.092923e-02 9.945578e-01 9.007096e+03 3.327837e+03 2.215946e+02  5000 10000 2.484918e-04     0 3.981378e-02 5.966185e+01 1.297531e+02 5.859758e-02 3.110274e-04 
3.649000e+02 1.571529e-02 6.080807e-02 9.948466e-01 9.014169e+03 3.338715e+03 2.216242e+02  5000 10000 2.454099e-04     0 3.981529e-02 5.960600e+01 1.297543e+02 5.859612e-02 3.122404e-04 
  365 1.573686e-02 6.068704e-02 9.951359e-01 9.021239e+03 3.349595e+03 2.216521e+02  5000 10000 2.422146e-04     0 3.981672e-02 5.955020e+01 1.297556e+02 5.859472e-02 3.136200e-04 
3.651000e+02 1.575931e-02 6.056613e-02 9.954257e-01 9.028306e+03 3.360477e+03 2.216785e+02  5000 10000 2.469767e-04     0 3.981807e-02 5.949444e+01 1.297568e+02 5.859337e-02 3.152253e-04 
3.652000e+02 1.578157e-02 6.044537e-02 9.957162e-01 9.035369e+03 3.371362e+03 2.217034e+02  5000 10000 2.469157e-04     0 3.981933e-02 5.943873e+01 1.297581e+02 5.859209e-02 3.167725e-04 
3.653000e+02 1.580394e-02 6.032475e-02 9.960075e-01 9.042430e+03 3.382248e+03 2.217267e+02  5000 10000 2.450820e-04     0 3.982051e-02 5.938308e+01 1.297593e+02 5.859086e-02 3.181887e-04 
3.654000e+02 1.582698e-02 6.020428e-02 9.962996e-01 9.049488e+03 3.393137e+03 2.217485e+02  5000 10000 2.426884e-04     0 3.982162e-02 5.932749e+01 1.297606e+02 5.858969e-02 3.195774e-04 
3.655000e+02 1.585103e-02 6.008398e-02 9.965923e-01 9.056542e+03 3.404028e+03 2.217687e+02  5000 10000 2.402498e-04     0 3.982264e-02 5.927197e+01 1.297618e+02 5.858857e-02 3.210884e-04 
3.656000e+02 1.587592e-02 5.996385e-02 9.968857e-01 9.063594e+03 3.414921e+03 2.217874e+02  5000 10000 2.431281e-04     0 3.982358e-02 5.921651e+01 1.297631e+02 5.858752e-02 3.227693e-04 
3.657000e+02 1.590092e-02 5.984389e-02 9.971798e-01 9.070642e+03 3.425817e+03 2.218045e+02  5000 10000 2.428829e-04     0 3.982444e-02 5.916112e+01 1.297643e+02 5.858652e-02 3.244339e-04 
3.658000e+02 1.592620e-02 5.972412e-02 9.974748e-01 9.077687e+03 3.436714e+03 2.218201e+02  5000 10000 2.415314e-04     0 3.982521e-02 5.910581e+01 1.297655e+02 5.858557e-02 3.260287e-04 
3.659000e+02 1.595213e-02 5.960455e-02 9.977706e-01 9.084729e+03 3.447614e+03 2.218342e+02  5000 10000 2.398725e-04     0 3.982591e-02 5.905057e+01 1.297668e+02 5.858469e-02 3.276119e-04 
  366 1.597890e-02 5.948517e-02 9.980672e-01 9.091768e+03 3.458516e+03 2.218467e+02  5000 10000 2.382430e-04     0 3.982653e-02 5.899542e+01 1.297680e+02 5.858386e-02 3.292699e-04 
3.661000e+02 1.600646e-02 5.936601e-02 9.983645e-01 9.098803e+03 3.469420e+03 2.218577e+02  5000 10000 2.390731e-04     0 3.982707e-02 5.894035e+01 1.297692e+02 5.858308e-02 3.310375e-04 
3.662000e+02 1.603446e-02 5.924706e-02 9.986627e-01 9.105836e+03 3.480326e+03 2.218671e+02  5000 10000 2.386206e-04     0 3.982754e-02 5.888538e+01 1.297704e+02 5.858237e-02 3.328344e-04 
3.663000e+02 1.606294e-02 5.912834e-02 9.989617e-01 9.112865e+03 3.491235e+03 2.218750e+02  5000 10000 2.377841e-04     0 3.982792e-02 5.883049e+01 1.297717e+02 5.858170e-02 3.346282e-04 
3.664000e+02 1.609203e-02 5.900985e-02 9.992617e-01 9.119891e+03 3.502145e+03 2.218814e+02  5000 10000 2.369149e-04     0 3.982822e-02 5.877570e+01 1.297729e+02 5.858110e-02 3.364279e-04 
3.665000e+02 1.612180e-02 5.889160e-02 9.995625e-01 9.126914e+03 3.513058e+03 2.218862e+02  5000 10000 2.361562e-04     0 3.982845e-02 5.872102e+01 1.297741e+02 5.858055e-02 3.382507e-04 
3.666000e+02 1.615230e-02 5.877360e-02 9.998643e-01 9.133933e+03 3.523973e+03 2.218895e+02  5000 10000 2.347452e-04     0 3.982860e-02 5.866643e+01 1.297753e+02 5.858005e-02 3.401179e-04 
3.667000e+02 1.618360e-02 5.865585e-02 1.000167e+00 9.140950e+03 3.534891e+03 2.218913e+02  5000 10000 2.340578e-04     0 3.982867e-02 5.861196e+01 1.297765e+02 5.857961e-02 3.420646e-04 
3.668000e+02 1.621561e-02 5.853837e-02 1.000470e+00 9.147963e+03 3.545810e+03 2.218916e+02  5000 10000 2.337752e-04     0 3.982866e-02 5.855759e+01 1.297777e+02 5.857922e-02 3.440812e-04 
3.669000e+02 1.624821e-02 5.842116e-02 1.000775e+00 9.154973e+03 3.556732e+03 2.218903e+02  5000 10000 2.337603e-04     0 3.982858e-02 5.850334e+01 1.297789e+02 5.857889e-02 3.461228e-04 
  367 1.628129e-02 5.830422e-02 1.001081e+00 9.161979e+03 3.567656e+03 2.218876e+02  5000 10000 2.339452e-04     0 3.982842e-02 5.844921e+01 1.297801e+02 5.857861e-02 3.481312e-04 
3.671000e+02 1.631504e-02 5.818757e-02 1.001387e+00 9.168983e+03 3.578582e+03 2.218833e+02  5000 10000 2.300657e-04     0 3.982818e-02 5.839520e+01 1.297813e+02 5.857838e-02 3.501130e-04 
3.672000e+02 1.635001e-02 5.807122e-02 1.001695e+00 9.175983e+03 3.589511e+03 2.218775e+02  5000 10000 2.291111e-04     0 3.982787e-02 5.834132e+01 1.297825e+02 5.857821e-02 3.522298e-04 
3.673000e+02 1.638594e-02 5.795516e-02 1.002003e+00 9.182980e+03 3.600442e+03 2.218702e+02  5000 10000 2.294281e-04     0 3.982749e-02 5.828756e+01 1.297836e+02 5.857809e-02 3.544970e-04 
3.674000e+02 1.642244e-02 5.783942e-02 1.002313e+00 9.189973e+03 3.611375e+03 2.218614e+02  5000 10000 2.303437e-04     0 3.982702e-02 5.823394e+01 1.297848e+02 5.857802e-02 3.568105e-04 
3.675000e+02 1.645919e-02 5.772399e-02 1.002624e+00 9.196963e+03 3.622310e+03 2.218511e+02  5000 10000 2.315576e-04     0 3.982649e-02 5.818045e+01 1.297860e+02 5.857801e-02 3.590290e-04 
3.676000e+02 1.649657e-02 5.760888e-02 1.002936e+00 9.203950e+03 3.633248e+03 2.218394e+02  5000 10000 2.249404e-04     0 3.982587e-02 5.812710e+01 1.297872e+02 5.857805e-02 3.611429e-04 
3.677000e+02 1.653563e-02 5.749410e-02 1.003249e+00 9.210933e+03 3.644187e+03 2.218261e+02  5000 10000 2.236800e-04     0 3.982519e-02 5.807390e+01 1.297884e+02 5.857814e-02 3.634538e-04 
3.678000e+02 1.657594e-02 5.737966e-02 1.003563e+00 9.217913e+03 3.655130e+03 2.218113e+02  5000 10000 2.246504e-04     0 3.982443e-02 5.802084e+01 1.297895e+02 5.857829e-02 3.660046e-04 
3.679000e+02 1.661679e-02 5.726556e-02 1.003878e+00 9.224890e+03 3.666074e+03 2.217950e+02  5000 10000 2.265863e-04     0 3.982359e-02 5.796793e+01 1.297907e+02 5.857848e-02 3.686254e-04 
  368 1.665766e-02 5.715181e-02 1.004195e+00 9.231863e+03 3.677021e+03 2.217773e+02  5000 10000 2.289303e-04     0 3.982268e-02 5.791517e+01 1.297919e+02 5.857873e-02 3.710828e-04 
3.681000e+02 1.669909e-02 5.703842e-02 1.004513e+00 9.238833e+03 3.687970e+03 2.217581e+02  5000 10000 2.192553e-04     0 3.982170e-02 5.786257e+01 1.297930e+02 5.857903e-02 3.733496e-04 
3.682000e+02 1.674274e-02 5.692540e-02 1.004832e+00 9.245800e+03 3.698921e+03 2.217374e+02  5000 10000 2.176428e-04     0 3.982065e-02 5.781013e+01 1.297942e+02 5.857938e-02 3.758830e-04 
3.683000e+02 1.678798e-02 5.681275e-02 1.005153e+00 9.252763e+03 3.709875e+03 2.217152e+02  5000 10000 2.193298e-04     0 3.981952e-02 5.775785e+01 1.297953e+02 5.857978e-02 3.787565e-04 
3.684000e+02 1.683371e-02 5.670048e-02 1.005474e+00 9.259723e+03 3.720831e+03 2.216916e+02  5000 10000 2.223923e-04     0 3.981832e-02 5.770574e+01 1.297965e+02 5.858024e-02 3.817267e-04 
3.685000e+02 1.687922e-02 5.658860e-02 1.005797e+00 9.266679e+03 3.731789e+03 2.216665e+02  5000 10000 2.259857e-04     0 3.981705e-02 5.765380e+01 1.297976e+02 5.858074e-02 3.844573e-04 
3.686000e+02 1.692522e-02 5.647711e-02 1.006122e+00 9.273631e+03 3.742750e+03 2.216400e+02  5000 10000 2.128703e-04     0 3.981571e-02 5.760203e+01 1.297988e+02 5.858129e-02 3.869018e-04 
3.687000e+02 1.697405e-02 5.636602e-02 1.006448e+00 9.280580e+03 3.753713e+03 2.216120e+02  5000 10000 2.108496e-04     0 3.981429e-02 5.755043e+01 1.297999e+02 5.858189e-02 3.896918e-04 
3.688000e+02 1.702484e-02 5.625534e-02 1.006775e+00 9.287526e+03 3.764678e+03 2.215825e+02  5000 10000 2.133280e-04     0 3.981281e-02 5.749902e+01 1.298010e+02 5.858255e-02 3.929348e-04 
3.689000e+02 1.707611e-02 5.614508e-02 1.007103e+00 9.294468e+03 3.775646e+03 2.215516e+02  5000 10000 2.176430e-04     0 3.981125e-02 5.744779e+01 1.298022e+02 5.858325e-02 3.963048e-04 
  369 1.712686e-02 5.603523e-02 1.007433e+00 9.301407e+03 3.786616e+03 2.215193e+02  5000 10000 2.226277e-04     0 3.980963e-02 5.739675e+01 1.298033e+02 5.858400e-02 3.993500e-04 
3.691000e+02 1.717803e-02 5.592581e-02 1.007765e+00 9.308342e+03 3.797588e+03 2.214855e+02  5000 10000 2.056115e-04     0 3.980793e-02 5.734589e+01 1.298044e+02 5.858480e-02 4.020020e-04 
3.692000e+02 1.723274e-02 5.581683e-02 1.008099e+00 9.315273e+03 3.808563e+03 2.214504e+02  5000 10000 2.031138e-04     0 3.980616e-02 5.729523e+01 1.298056e+02 5.858565e-02 4.050897e-04 
3.693000e+02 1.728986e-02 5.570829e-02 1.008433e+00 9.322201e+03 3.819540e+03 2.214137e+02  5000 10000 2.064723e-04     0 3.980433e-02 5.724476e+01 1.298067e+02 5.858655e-02 4.087587e-04 
3.694000e+02 1.734742e-02 5.560020e-02 1.008770e+00 9.329125e+03 3.830520e+03 2.213757e+02  5000 10000 2.121902e-04     0 3.980242e-02 5.719449e+01 1.298078e+02 5.858749e-02 4.125896e-04 
3.695000e+02 1.740414e-02 5.549256e-02 1.009108e+00 9.336046e+03 3.841502e+03 2.213363e+02  5000 10000 2.187353e-04     0 3.980045e-02 5.714442e+01 1.298089e+02 5.858849e-02 4.159992e-04 
3.696000e+02 1.746121e-02 5.538537e-02 1.009448e+00 9.342963e+03 3.852487e+03 2.212954e+02  5000 10000 1.972602e-04     0 3.979840e-02 5.709456e+01 1.298100e+02 5.858953e-02 4.188951e-04 
3.697000e+02 1.752264e-02 5.527866e-02 1.009790e+00 9.349876e+03 3.863474e+03 2.212531e+02  5000 10000 1.942010e-04     0 3.979629e-02 5.704491e+01 1.298112e+02 5.859062e-02 4.223305e-04 
3.698000e+02 1.758699e-02 5.517243e-02 1.010132e+00 9.356785e+03 3.874463e+03 2.212095e+02  5000 10000 1.985450e-04     0 3.979412e-02 5.699547e+01 1.298123e+02 5.859176e-02 4.264945e-04 
3.699000e+02 1.765176e-02 5.506668e-02 1.010477e+00 9.363691e+03 3.885455e+03 2.211644e+02  5000 10000 2.058459e-04     0 3.979187e-02 5.694624e+01 1.298134e+02 5.859294e-02 4.308605e-04 
  370 1.771531e-02 5.496141e-02 1.010824e+00 9.370593e+03 3.896449e+03 2.211180e+02  5000 10000 2.141547e-04     0 3.978955e-02 5.689723e+01 1.298145e+02 5.859417e-02 4.346956e-04 
3.701000e+02 1.777915e-02 5.485662e-02 1.011173e+00 9.377492e+03 3.907446e+03 2.210702e+02  5000 10000 1.875392e-04     0 3.978717e-02 5.684843e+01 1.298156e+02 5.859545e-02 4.378800e-04 
3.702000e+02 1.784831e-02 5.475234e-02 1.011524e+00 9.384386e+03 3.918445e+03 2.210210e+02  5000 10000 1.838128e-04     0 3.978472e-02 5.679987e+01 1.298167e+02 5.859678e-02 4.417247e-04 
3.703000e+02 1.792099e-02 5.464857e-02 1.011876e+00 9.391277e+03 3.929447e+03 2.209705e+02  5000 10000 1.892687e-04     0 3.978220e-02 5.675152e+01 1.298178e+02 5.859815e-02 4.464682e-04 
3.704000e+02 1.799409e-02 5.454532e-02 1.012230e+00 9.398164e+03 3.940452e+03 2.209185e+02  5000 10000 1.983700e-04     0 3.977962e-02 5.670341e+01 1.298189e+02 5.859956e-02 4.514608e-04 
3.705000e+02 1.806552e-02 5.444258e-02 1.012587e+00 9.405047e+03 3.951459e+03 2.208653e+02  5000 10000 2.086882e-04     0 3.977697e-02 5.665553e+01 1.298199e+02 5.860103e-02 4.557967e-04 
3.706000e+02 1.813717e-02 5.434035e-02 1.012946e+00 9.411926e+03 3.962468e+03 2.208106e+02  5000 10000 1.760921e-04     0 3.977425e-02 5.660788e+01 1.298210e+02 5.860254e-02 4.593251e-04 
3.707000e+02 1.821528e-02 5.423866e-02 1.013307e+00 9.418801e+03 3.973480e+03 2.207547e+02  5000 10000 1.715658e-04     0 3.977147e-02 5.656047e+01 1.298221e+02 5.860409e-02 4.636556e-04 
3.708000e+02 1.829764e-02 5.413751e-02 1.013670e+00 9.425672e+03 3.984494e+03 2.206974e+02  5000 10000 1.782857e-04     0 3.976863e-02 5.651331e+01 1.298232e+02 5.860569e-02 4.690838e-04 
3.709000e+02 1.838040e-02 5.403691e-02 1.014035e+00 9.432540e+03 3.995512e+03 2.206387e+02  5000 10000 1.894519e-04     0 3.976571e-02 5.646638e+01 1.298243e+02 5.860734e-02 4.748164e-04 
  371 1.846100e-02 5.393684e-02 1.014402e+00 9.439403e+03 4.006531e+03 2.205787e+02  5000 10000 2.020785e-04     0 3.976273e-02 5.641970e+01 1.298253e+02 5.860903e-02 4.797470e-04 
3.711000e+02 1.854174e-02 5.383732e-02 1.014773e+00 9.446263e+03 4.017554e+03 2.205175e+02  5000 10000 1.624559e-04     0 3.975968e-02 5.637327e+01 1.298264e+02 5.861076e-02 4.836891e-04 
3.712000e+02 1.863031e-02 5.373837e-02 1.015145e+00 9.453118e+03 4.028579e+03 2.204549e+02  5000 10000 1.569608e-04     0 3.975657e-02 5.632710e+01 1.298275e+02 5.861254e-02 4.886016e-04 
3.713000e+02 1.872399e-02 5.363999e-02 1.015519e+00 9.459969e+03 4.039606e+03 2.203910e+02  5000 10000 1.651292e-04     0 3.975340e-02 5.628117e+01 1.298285e+02 5.861437e-02 4.948465e-04 
3.714000e+02 1.881807e-02 5.354219e-02 1.015896e+00 9.466817e+03 4.050637e+03 2.203258e+02  5000 10000 1.786843e-04     0 3.975017e-02 5.623551e+01 1.298296e+02 5.861623e-02 5.014621e-04 
3.715000e+02 1.890940e-02 5.344495e-02 1.016275e+00 9.473660e+03 4.061669e+03 2.202593e+02  5000 10000 1.939870e-04     0 3.974686e-02 5.619010e+01 1.298307e+02 5.861814e-02 5.071058e-04 
3.716000e+02 1.900080e-02 5.334827e-02 1.016659e+00 9.480499e+03 4.072705e+03 2.201915e+02  5000 10000 1.460215e-04     0 3.974348e-02 5.614496e+01 1.298317e+02 5.862010e-02 5.115503e-04 
3.717000e+02 1.910168e-02 5.325220e-02 1.017044e+00 9.487334e+03 4.083743e+03 2.201224e+02  5000 10000 1.393397e-04     0 3.974005e-02 5.610008e+01 1.298328e+02 5.862210e-02 5.171672e-04 
3.718000e+02 1.920873e-02 5.315673e-02 1.017431e+00 9.494164e+03 4.094784e+03 2.200521e+02  5000 10000 1.491823e-04     0 3.973656e-02 5.605547e+01 1.298338e+02 5.862415e-02 5.243968e-04 
3.719000e+02 1.931617e-02 5.306187e-02 1.017821e+00 9.500991e+03 4.105828e+03 2.199805e+02  5000 10000 1.655274e-04     0 3.973300e-02 5.601113e+01 1.298349e+02 5.862623e-02 5.320769e-04 
  372 1.942019e-02 5.296760e-02 1.018214e+00 9.507813e+03 4.116875e+03 2.199077e+02  5000 10000 1.839620e-04     0 3.972937e-02 5.596707e+01 1.298359e+02 5.862836e-02 5.385852e-04 
3.721000e+02 1.952421e-02 5.287391e-02 1.018612e+00 9.514631e+03 4.127924e+03 2.198336e+02  5000 10000 1.259756e-04     0 3.972567e-02 5.592328e+01 1.298370e+02 5.863054e-02 5.436465e-04 
3.722000e+02 1.963972e-02 5.278085e-02 1.019012e+00 9.521444e+03 4.138976e+03 2.197582e+02  5000 10000 1.178222e-04     0 3.972191e-02 5.587977e+01 1.298380e+02 5.863276e-02 5.501260e-04 
3.723000e+02 1.976269e-02 5.268844e-02 1.019413e+00 9.528253e+03 4.150031e+03 2.196817e+02  5000 10000 1.296176e-04     0 3.971810e-02 5.583654e+01 1.298390e+02 5.863501e-02 5.585566e-04 
3.724000e+02 1.988608e-02 5.259665e-02 1.019818e+00 9.535058e+03 4.161089e+03 2.196039e+02  5000 10000 1.492546e-04     0 3.971422e-02 5.579359e+01 1.298401e+02 5.863731e-02 5.675358e-04 
3.725000e+02 2.000522e-02 5.250548e-02 1.020227e+00 9.541858e+03 4.172149e+03 2.195248e+02  5000 10000 1.713932e-04     0 3.971027e-02 5.575093e+01 1.298411e+02 5.863966e-02 5.751049e-04 
3.726000e+02 2.012433e-02 5.241491e-02 1.020640e+00 9.548654e+03 4.183213e+03 2.194446e+02  5000 10000 1.012159e-04     0 3.970624e-02 5.570856e+01 1.298421e+02 5.864205e-02 5.809329e-04 
3.727000e+02 2.025740e-02 5.232500e-02 1.021057e+00 9.555445e+03 4.194279e+03 2.193632e+02  5000 10000 9.121286e-05     0 3.970216e-02 5.566647e+01 1.298432e+02 5.864449e-02 5.884823e-04 
3.728000e+02 2.039954e-02 5.223576e-02 1.021475e+00 9.562232e+03 4.205348e+03 2.192805e+02  5000 10000 1.053083e-04     0 3.969803e-02 5.562468e+01 1.298442e+02 5.864696e-02 5.983973e-04 
3.729000e+02 2.054215e-02 5.214718e-02 1.021896e+00 9.569014e+03 4.216421e+03 2.191967e+02  5000 10000 1.288725e-04     0 3.969383e-02 5.558319e+01 1.298452e+02 5.864947e-02 6.089829e-04 
  373 2.067954e-02 5.205923e-02 1.022322e+00 9.575791e+03 4.227496e+03 2.191117e+02  5000 10000 1.554416e-04     0 3.968954e-02 5.554199e+01 1.298462e+02 5.865203e-02 6.178713e-04 
3.731000e+02 2.081687e-02 5.197190e-02 1.022754e+00 9.582564e+03 4.238574e+03 2.190255e+02  5000 10000 7.022260e-05     0 3.968519e-02 5.550110e+01 1.298472e+02 5.865464e-02 6.246659e-04 
3.732000e+02 2.097127e-02 5.188526e-02 1.023189e+00 9.589332e+03 4.249655e+03 2.189382e+02  5000 10000 5.785884e-05     0 3.968078e-02 5.546050e+01 1.298482e+02 5.865729e-02 6.335616e-04 
3.733000e+02 2.113677e-02 5.179933e-02 1.023626e+00 9.596095e+03 4.260739e+03 2.188497e+02  5000 10000 7.469202e-05     0 3.967632e-02 5.542022e+01 1.298493e+02 5.865997e-02 6.453383e-04 
3.734000e+02 2.130283e-02 5.171408e-02 1.024067e+00 9.602854e+03 4.271826e+03 2.187600e+02  5000 10000 1.029993e-04     0 3.967179e-02 5.538023e+01 1.298503e+02 5.866270e-02 6.579401e-04 
3.735000e+02 2.146248e-02 5.162947e-02 1.024513e+00 9.609607e+03 4.282916e+03 2.186693e+02  5000 10000 1.349350e-04     0 3.966717e-02 5.534056e+01 1.298513e+02 5.866548e-02 6.684949e-04 
3.736000e+02 2.162208e-02 5.154550e-02 1.024966e+00 9.616356e+03 4.294010e+03 2.185773e+02  5000 10000 3.085866e-05     0 3.966247e-02 5.530120e+01 1.298523e+02 5.866830e-02 6.765270e-04 
3.737000e+02 2.180273e-02 5.146225e-02 1.025422e+00 9.623099e+03 4.305106e+03 2.184843e+02  5000 10000 1.542965e-05     0 3.965772e-02 5.526215e+01 1.298533e+02 5.867116e-02 6.871448e-04 
3.738000e+02 2.199707e-02 5.137973e-02 1.025880e+00 9.629838e+03 4.316206e+03 2.183901e+02  5000 10000 3.555950e-05     0 3.965293e-02 5.522342e+01 1.298543e+02 5.867406e-02 7.012959e-04 
3.739000e+02 2.219212e-02 5.129793e-02 1.026343e+00 9.636572e+03 4.327309e+03 2.182949e+02  5000 10000 6.967347e-05     0 3.964805e-02 5.518501e+01 1.298553e+02 5.867701e-02 7.164716e-04 
  374 2.237931e-02 5.121678e-02 1.026812e+00 9.643300e+03 4.338415e+03 2.181985e+02  5000 10000 1.082014e-04     0 3.964308e-02 5.514692e+01 1.298563e+02 5.868000e-02 7.291674e-04 
3.741000e+02 2.256653e-02 5.113628e-02 1.027289e+00 9.650023e+03 4.349524e+03 2.181010e+02  5000 10000 -1.994815e-05     0 3.963802e-02 5.510914e+01 1.298573e+02 5.868305e-02 7.388132e-04 
3.742000e+02 2.277995e-02 5.105652e-02 1.027770e+00 9.656741e+03 4.360637e+03 2.180025e+02  5000 10000 -3.943613e-05     0 3.963292e-02 5.507170e+01 1.298582e+02 5.868613e-02 7.516757e-04 
3.743000e+02 2.301043e-02 5.097754e-02 1.028253e+00 9.663454e+03 4.371753e+03 2.179029e+02  5000 10000 -1.528579e-05     0 3.962776e-02 5.503458e+01 1.298592e+02 5.868925e-02 7.689129e-04 
3.744000e+02 2.324189e-02 5.089928e-02 1.028740e+00 9.670161e+03 4.382872e+03 2.178022e+02  5000 10000 2.604716e-05     0 3.962252e-02 5.499778e+01 1.298602e+02 5.869241e-02 7.874385e-04 
3.745000e+02 2.346367e-02 5.082170e-02 1.029236e+00 9.676863e+03 4.393995e+03 2.177004e+02  5000 10000 7.280233e-05     0 3.961717e-02 5.496132e+01 1.298612e+02 5.869564e-02 8.029407e-04 
3.746000e+02 2.368569e-02 5.074477e-02 1.029741e+00 9.683559e+03 4.405121e+03 2.175976e+02  5000 10000 -8.672898e-05     0 3.961173e-02 5.492519e+01 1.298622e+02 5.869892e-02 8.147345e-04 
3.747000e+02 2.394072e-02 5.066861e-02 1.030250e+00 9.690250e+03 4.416250e+03 2.174938e+02  5000 10000 -1.117152e-04     0 3.960624e-02 5.488940e+01 1.298632e+02 5.870223e-02 8.305865e-04 
3.748000e+02 2.421732e-02 5.059326e-02 1.030762e+00 9.696935e+03 4.427383e+03 2.173890e+02  5000 10000 -8.259185e-05     0 3.960069e-02 5.485394e+01 1.298641e+02 5.870557e-02 8.519247e-04 
3.749000e+02 2.449530e-02 5.051867e-02 1.031279e+00 9.703614e+03 4.438520e+03 2.172831e+02  5000 10000 -3.212544e-05     0 3.959505e-02 5.481882e+01 1.298651e+02 5.870897e-02 8.749089e-04 
  375 2.476131e-02 5.044474e-02 1.031806e+00 9.710288e+03 4.449660e+03 2.171762e+02  5000 10000 2.508563e-05     0 3.958928e-02 5.478404e+01 1.298661e+02 5.871243e-02 8.941747e-04 
3.751000e+02 2.502800e-02 5.037147e-02 1.032344e+00 9.716955e+03 4.460804e+03 2.170683e+02  5000 10000 -1.763695e-04     0 3.958340e-02 5.474960e+01 1.298671e+02 5.871596e-02 9.088975e-04 
3.752000e+02 2.533694e-02 5.029900e-02 1.032887e+00 9.723617e+03 4.471951e+03 2.169594e+02  5000 10000 -2.090041e-04     0 3.957747e-02 5.471550e+01 1.298680e+02 5.871951e-02 9.288330e-04 
3.753000e+02 2.567358e-02 5.022739e-02 1.033432e+00 9.730272e+03 4.483103e+03 2.168495e+02  5000 10000 -1.736315e-04     0 3.957149e-02 5.468175e+01 1.298690e+02 5.872310e-02 9.557625e-04 
3.754000e+02 2.601229e-02 5.015656e-02 1.033984e+00 9.736922e+03 4.494258e+03 2.167386e+02  5000 10000 -1.113721e-04     0 3.956539e-02 5.464835e+01 1.298700e+02 5.872675e-02 9.848383e-04 
3.755000e+02 2.633606e-02 5.008639e-02 1.034547e+00 9.743565e+03 4.505416e+03 2.166268e+02  5000 10000 -4.058900e-05     0 3.955914e-02 5.461529e+01 1.298709e+02 5.873047e-02 1.009289e-03 
3.756000e+02 2.666135e-02 5.001685e-02 1.035124e+00 9.750202e+03 4.516579e+03 2.165140e+02  5000 10000 -2.997106e-04     0 3.955275e-02 5.458259e+01 1.298719e+02 5.873427e-02 1.028121e-03 
3.757000e+02 2.704179e-02 4.994816e-02 1.035706e+00 9.756833e+03 4.527746e+03 2.164002e+02  5000 10000 -3.433259e-04     0 3.954632e-02 5.455024e+01 1.298729e+02 5.873809e-02 1.053803e-03 
3.758000e+02 2.745856e-02 4.988039e-02 1.036292e+00 9.763456e+03 4.538916e+03 2.162855e+02  5000 10000 -2.999591e-04     0 3.953982e-02 5.451824e+01 1.298738e+02 5.874194e-02 1.088592e-03 
3.759000e+02 2.787851e-02 4.981343e-02 1.036884e+00 9.770074e+03 4.550091e+03 2.161699e+02  5000 10000 -2.221033e-04     0 3.953318e-02 5.448660e+01 1.298748e+02 5.874587e-02 1.126254e-03 
  376 2.827965e-02 4.974710e-02 1.037491e+00 9.776684e+03 4.561269e+03 2.160533e+02  5000 10000 -1.332572e-04     0 3.952634e-02 5.445532e+01 1.298758e+02 5.874989e-02 1.158082e-03 
3.761000e+02 2.868386e-02 4.968137e-02 1.038115e+00 9.783288e+03 4.572452e+03 2.159359e+02  5000 10000 -4.745630e-04     0 3.951933e-02 5.442440e+01 1.298767e+02 5.875399e-02 1.182874e-03 
3.762000e+02 2.916187e-02 4.961654e-02 1.038745e+00 9.789885e+03 4.583639e+03 2.158175e+02  5000 10000 -5.345581e-04     0 3.951226e-02 5.439384e+01 1.298777e+02 5.875811e-02 1.216937e-03 
3.763000e+02 2.968879e-02 4.955272e-02 1.039378e+00 9.796474e+03 4.594831e+03 2.156982e+02  5000 10000 -4.807563e-04     0 3.950514e-02 5.436364e+01 1.298787e+02 5.876227e-02 1.263191e-03 
3.764000e+02 3.022080e-02 4.948974e-02 1.040020e+00 9.803057e+03 4.606026e+03 2.155780e+02  5000 10000 -3.816706e-04     0 3.949782e-02 5.433380e+01 1.298796e+02 5.876651e-02 1.313420e-03 
3.765000e+02 3.072876e-02 4.942734e-02 1.040680e+00 9.809631e+03 4.617227e+03 2.154569e+02  5000 10000 -2.680476e-04     0 3.949023e-02 5.430433e+01 1.298806e+02 5.877087e-02 1.356156e-03 
3.766000e+02 3.124271e-02 4.936548e-02 1.041361e+00 9.816199e+03 4.628431e+03 2.153350e+02  5000 10000 -7.317659e-04     0 3.948241e-02 5.427523e+01 1.298816e+02 5.877534e-02 1.389958e-03 
3.767000e+02 3.185867e-02 4.930460e-02 1.042049e+00 9.822759e+03 4.639641e+03 2.152122e+02  5000 10000 -8.173794e-04     0 3.947453e-02 5.424650e+01 1.298825e+02 5.877981e-02 1.436796e-03 
3.768000e+02 3.254273e-02 4.924486e-02 1.042740e+00 9.829310e+03 4.650855e+03 2.150885e+02  5000 10000 -7.496432e-04     0 3.946658e-02 5.421813e+01 1.298835e+02 5.878431e-02 1.500550e-03 
3.769000e+02 3.323518e-02 4.918600e-02 1.043441e+00 9.835854e+03 4.662073e+03 2.149639e+02  5000 10000 -6.206137e-04     0 3.945837e-02 5.419014e+01 1.298845e+02 5.878891e-02 1.570052e-03 
  377 3.389634e-02 4.912765e-02 1.044166e+00 9.842390e+03 4.673297e+03 2.148386e+02  5000 10000 -4.717101e-04     0 3.944977e-02 5.416253e+01 1.298854e+02 5.879369e-02 1.629709e-03 
3.771000e+02 3.456919e-02 4.906971e-02 1.044918e+00 9.848917e+03 4.684526e+03 2.147124e+02  5000 10000 -1.128378e-03     0 3.944083e-02 5.413528e+01 1.298864e+02 5.879861e-02 1.677841e-03 
3.772000e+02 3.538919e-02 4.901290e-02 1.045678e+00 9.855436e+03 4.695759e+03 2.145853e+02  5000 10000 -1.256552e-03     0 3.943182e-02 5.410842e+01 1.298874e+02 5.880349e-02 1.745262e-03 
3.773000e+02 3.630826e-02 4.895746e-02 1.046439e+00 9.861946e+03 4.706998e+03 2.144574e+02  5000 10000 -1.169735e-03     0 3.942274e-02 5.408194e+01 1.298884e+02 5.880838e-02 1.837320e-03 
3.774000e+02 3.724185e-02 4.890298e-02 1.047213e+00 9.868446e+03 4.718243e+03 2.143287e+02  5000 10000 -9.965210e-04     0 3.941328e-02 5.405583e+01 1.298894e+02 5.881342e-02 1.938185e-03 
3.775000e+02 3.813370e-02 4.884886e-02 1.048019e+00 9.874938e+03 4.729492e+03 2.141992e+02  5000 10000 -7.949250e-04     0 3.940324e-02 5.403011e+01 1.298904e+02 5.881871e-02 2.025745e-03 
3.776000e+02 3.904902e-02 4.879493e-02 1.048862e+00 9.881420e+03 4.740748e+03 2.140689e+02  5000 10000 -1.779554e-03     0 3.939265e-02 5.400477e+01 1.298914e+02 5.882419e-02 2.098205e-03 
3.777000e+02 4.018937e-02 4.874242e-02 1.049711e+00 9.887892e+03 4.752009e+03 2.139378e+02  5000 10000 -1.984315e-03     0 3.938199e-02 5.397981e+01 1.298924e+02 5.882951e-02 2.201278e-03 
3.778000e+02 4.148283e-02 4.869174e-02 1.050558e+00 9.894354e+03 4.763276e+03 2.138059e+02  5000 10000 -1.870691e-03     0 3.937127e-02 5.395524e+01 1.298934e+02 5.883480e-02 2.342737e-03 
3.779000e+02 4.280293e-02 4.864221e-02 1.051422e+00 9.900806e+03 4.774549e+03 2.136731e+02  5000 10000 -1.628273e-03     0 3.935997e-02 5.393107e+01 1.298945e+02 5.884028e-02 2.498802e-03 
  378 4.406546e-02 4.859275e-02 1.052329e+00 9.907247e+03 4.785828e+03 2.135396e+02  5000 10000 -1.342826e-03     0 3.934771e-02 5.390728e+01 1.298955e+02 5.884618e-02 2.636225e-03 
3.781000e+02 4.537825e-02 4.854309e-02 1.053288e+00 9.913678e+03 4.797114e+03 2.134053e+02  5000 10000 -2.947263e-03     0 3.933452e-02 5.388388e+01 1.298966e+02 5.885232e-02 2.753758e-03 
3.782000e+02 4.706556e-02 4.849556e-02 1.054248e+00 9.920096e+03 4.808406e+03 2.132702e+02  5000 10000 -3.306052e-03     0 3.932131e-02 5.386088e+01 1.298977e+02 5.885796e-02 2.925050e-03 
3.783000e+02 4.901085e-02 4.845097e-02 1.055199e+00 9.926503e+03 4.819705e+03 2.131343e+02  5000 10000 -3.154121e-03     0 3.930814e-02 5.383828e+01 1.298988e+02 5.886337e-02 3.162325e-03 
3.784000e+02 5.100943e-02 4.840806e-02 1.056168e+00 9.932898e+03 4.831011e+03 2.129976e+02  5000 10000 -2.793889e-03     0 3.929403e-02 5.381608e+01 1.298999e+02 5.886901e-02 3.426725e-03 
3.785000e+02 5.292479e-02 4.836465e-02 1.057202e+00 9.939280e+03 4.842324e+03 2.128600e+02  5000 10000 -2.362560e-03     0 3.927820e-02 5.379428e+01 1.299010e+02 5.887538e-02 3.663807e-03 
3.786000e+02 5.496132e-02 4.832032e-02 1.058309e+00 9.945648e+03 4.853645e+03 2.127217e+02  5000 10000 -5.343395e-03     0 3.926062e-02 5.377289e+01 1.299022e+02 5.888195e-02 3.875922e-03 
3.787000e+02 5.770958e-02 4.828038e-02 1.059401e+00 9.952003e+03 4.864974e+03 2.125825e+02  5000 10000 -6.068424e-03     0 3.924336e-02 5.375191e+01 1.299034e+02 5.888676e-02 4.198487e-03 
3.788000e+02 6.095550e-02 4.824683e-02 1.060455e+00 9.958344e+03 4.876312e+03 2.124425e+02  5000 10000 -5.863699e-03     0 3.922671e-02 5.373133e+01 1.299047e+02 5.889043e-02 4.653425e-03 
3.789000e+02 6.432327e-02 4.821693e-02 1.061525e+00 9.964669e+03 4.887657e+03 2.123015e+02  5000 10000 -5.275831e-03     0 3.920860e-02 5.371118e+01 1.299060e+02 5.889415e-02 5.168242e-03 
  379 6.756184e-02 4.818549e-02 1.062697e+00 9.970978e+03 4.899012e+03 2.121597e+02  5000 10000 -4.553587e-03     0 3.918711e-02 5.369145e+01 1.299074e+02 5.889927e-02 5.640924e-03 
3.791000e+02 7.116856e-02 4.815216e-02 1.063980e+00 9.977270e+03 4.910376e+03 2.120169e+02  5000 10000 -1.157684e-02     0 3.916190e-02 5.367215e+01 1.299088e+02 5.890341e-02 6.094965e-03 
3.792000e+02 7.649274e-02 4.813376e-02 1.065159e+00 9.983545e+03 4.921751e+03 2.118731e+02  5000 10000 -1.346186e-02     0 3.913945e-02 5.365329e+01 1.299103e+02 5.889912e-02 6.847962e-03 
3.793000e+02 8.304043e-02 4.813802e-02 1.066185e+00 9.989801e+03 4.933135e+03 2.117281e+02  5000 10000 -1.321499e-02     0 3.912186e-02 5.363487e+01 1.299119e+02 5.888790e-02 7.950539e-03 
3.794000e+02 8.994258e-02 4.815757e-02 1.067188e+00 9.996036e+03 4.944532e+03 2.115820e+02  5000 10000 -1.207785e-02     0 3.910374e-02 5.361692e+01 1.299136e+02 5.887380e-02 9.230999e-03 
3.795000e+02 9.661753e-02 4.817533e-02 1.068376e+00 1.000225e+04 4.955940e+03 2.114344e+02  5000 10000 -1.061755e-02     0 3.907907e-02 5.359944e+01 1.299155e+02 5.886201e-02 1.044534e-02 
3.796000e+02 1.052475e-01 4.820195e-02 1.069657e+00 1.000844e+04 4.967361e+03 2.112854e+02  5000 10000 -3.982480e-02     0 3.903681e-02 5.358248e+01 1.299176e+02 5.883076e-02 1.182524e-02 
3.797000e+02 1.211785e-01 4.835532e-02 1.070115e+00 1.001460e+04 4.978797e+03 2.111345e+02  5000 10000 -4.859210e-02     0 3.904231e-02 5.356603e+01 1.299200e+02 5.871274e-02 1.470862e-02 
3.798000e+02 1.424495e-01 4.871732e-02 1.069538e+00 1.002074e+04 4.990248e+03 2.109812e+02  5000 10000 -4.883360e-02     0 3.909883e-02 5.355018e+01 1.299227e+02 5.849496e-02 1.931461e-02 
3.799000e+02 1.655375e-01 4.927439e-02 1.068482e+00 1.002684e+04 5.001718e+03 2.108245e+02  5000 10000 -4.545224e-02     0 3.925458e-02 5.353497e+01 1.299259e+02 5.819788e-02 2.492613e-02 
  380 1.880854e-01 4.991013e-02 1.067846e+00 1.003290e+04 5.013207e+03 2.106632e+02 10000 11000 -4.070209e-02     0 3.943937e-02 5.352053e+01 1.299296e+02 5.786878e-02 3.050233e-02 
3.801000e+02 2.071989e-01 5.040083e-02 1.068724e+00 1.003892e+04 5.024720e+03 2.104960e+02 10000 11000 -1.277716e-02     0 3.954442e-02 5.350708e+01 1.299341e+02 5.762968e-02 3.473842e-02 
3.802000e+02 2.186246e-01 5.036830e-02 1.072530e+00 1.004490e+04 5.036257e+03 2.103219e+02 10000 11000 -2.757339e-04     0 3.948150e-02 5.349463e+01 1.299398e+02 5.766300e-02 3.585583e-02 
3.803000e+02 2.240673e-01 4.960068e-02 1.079772e+00 1.005083e+04 5.047820e+03 2.101405e+02 10000 11000 5.490280e-03     0 3.895454e-02 5.348328e+01 1.299470e+02 5.790567e-02 3.334007e-02 
3.804000e+02 2.265191e-01 4.819164e-02 1.090029e+00 1.005670e+04 5.059410e+03 2.099517e+02 10000 11000 8.151274e-03     0 3.801983e-02 5.347305e+01 1.299563e+02 5.826664e-02 2.778440e-02 
3.805000e+02 2.280221e-01 4.643541e-02 1.102328e+00 1.006252e+04 5.071029e+03 2.097556e+02 10000 11000 9.426125e-03     0 3.699200e-02 5.346397e+01 1.299680e+02 5.873138e-02 2.034638e-02 
3.806000e+02 2.292818e-01 4.464022e-02 1.115518e+00 1.006828e+04 5.082677e+03 2.095524e+02 10000 11000 1.306645e-02     0 3.610885e-02 5.345601e+01 1.299815e+02 5.929884e-02 1.228544e-02 
3.807000e+02 2.299273e-01 4.301549e-02 1.128576e+00 1.007398e+04 5.094357e+03 2.093425e+02 10000 11000 1.458464e-02     0 3.539638e-02 5.344915e+01 1.299962e+02 5.992242e-02 4.615362e-03 
3.808000e+02 2.298982e-01 4.169884e-02 1.140653e+00 1.007962e+04 5.106070e+03 2.091267e+02 10000 11000 1.521525e-02     0 3.478793e-02 5.344333e+01 1.300112e+02 6.052524e-02 -1.851150e-03 
3.809000e+02 2.291507e-01 4.078163e-02 1.151158e+00 1.008519e+04 5.117815e+03 2.089056e+02 10000 11000 1.540861e-02     0 3.423369e-02 5.343851e+01 1.300262e+02 6.105750e-02 -6.582997e-03 
  381 2.275874e-01 4.031267e-02 1.159806e+00 1.009069e+04 5.129595e+03 2.086800e+02 10000 11000 1.531694e-02     0 3.371321e-02 5.343459e+01 1.300411e+02 6.150821e-02 -9.372554e-03 
3.811000e+02 2.247356e-01 4.028393e-02 1.166645e+00 1.009613e+04 5.141409e+03 2.084507e+02 10000 11000 2.008808e-02     0 3.322392e-02 5.343152e+01 1.300558e+02 6.188992e-02 -1.038095e-02 
3.812000e+02 2.196950e-01 4.061645e-02 1.172074e+00 1.010149e+04 5.153255e+03 2.082188e+02 10000 11000 2.122578e-02     0 3.277943e-02 5.342921e+01 1.300703e+02 6.222416e-02 -1.016191e-02 
3.813000e+02 2.129513e-01 4.122177e-02 1.176506e+00 1.010679e+04 5.165134e+03 2.079854e+02 10000 11000 2.071431e-02     0 3.241298e-02 5.342756e+01 1.300845e+02 6.254212e-02 -9.192574e-03 
3.814000e+02 2.053350e-01 4.201026e-02 1.180278e+00 1.011201e+04 5.177044e+03 2.077518e+02 10000 11000 1.940881e-02     0 3.213902e-02 5.342645e+01 1.300982e+02 6.285369e-02 -7.817637e-03 
3.815000e+02 1.975323e-01 4.289490e-02 1.183642e+00 1.011718e+04 5.188983e+03 2.075193e+02 10000 11000 1.774239e-02     0 3.194729e-02 5.342575e+01 1.301109e+02 6.314509e-02 -6.282937e-03 
3.816000e+02 1.898615e-01 4.379909e-02 1.186804e+00 1.012228e+04 5.200949e+03 2.072892e+02 10000 11000 1.791808e-02     0 3.182754e-02 5.342533e+01 1.301225e+02 6.339390e-02 -4.785980e-03 
3.817000e+02 1.822602e-01 4.465904e-02 1.189963e+00 1.012733e+04 5.212942e+03 2.070627e+02 10000 11000 1.681933e-02     0 3.177978e-02 5.342507e+01 1.301328e+02 6.358288e-02 -3.529439e-03 
3.818000e+02 1.750178e-01 4.544091e-02 1.193222e+00 1.013232e+04 5.224959e+03 2.068409e+02 10000 11000 1.528467e-02     0 3.180848e-02 5.342488e+01 1.301415e+02 6.370499e-02 -2.588944e-03 
3.819000e+02 1.684238e-01 4.613464e-02 1.196595e+00 1.013725e+04 5.237000e+03 2.066246e+02 10000 11000 1.367318e-02     0 3.191271e-02 5.342467e+01 1.301487e+02 6.375853e-02 -1.938131e-03 
  382 1.626264e-01 4.674359e-02 1.200045e+00 1.014214e+04 5.249062e+03 2.064142e+02 10000 11000 1.214891e-02     0 3.208471e-02 5.342437e+01 1.301543e+02 6.374606e-02 -1.500550e-03 
3.821000e+02 1.575457e-01 4.727547e-02 1.203521e+00 1.014697e+04 5.261146e+03 2.062102e+02 10000 11000 1.206259e-02     0 3.231347e-02 5.342395e+01 1.301583e+02 6.367383e-02 -1.205615e-03 
3.822000e+02 1.528913e-01 4.773513e-02 1.207009e+00 1.015175e+04 5.273249e+03 2.060128e+02 10000 11000 1.130170e-02     0 3.258701e-02 5.342338e+01 1.301609e+02 6.355084e-02 -1.036557e-03 
3.823000e+02 1.486524e-01 4.813164e-02 1.210478e+00 1.015649e+04 5.285371e+03 2.058218e+02 10000 11000 1.035306e-02     0 3.289538e-02 5.342266e+01 1.301622e+02 6.338753e-02 -9.474122e-04 
3.824000e+02 1.448712e-01 4.847620e-02 1.213881e+00 1.016118e+04 5.297511e+03 2.056374e+02 10000 11000 9.402857e-03     0 3.322969e-02 5.342180e+01 1.301621e+02 6.319362e-02 -8.754725e-04 
3.825000e+02 1.415490e-01 4.877873e-02 1.217176e+00 1.016583e+04 5.309668e+03 2.054591e+02 10000 11000 8.522686e-03     0 3.358070e-02 5.342080e+01 1.301610e+02 6.297744e-02 -7.659160e-04 
3.826000e+02 1.385416e-01 4.904462e-02 1.220350e+00 1.017043e+04 5.321842e+03 2.052868e+02 10000 11000 9.103530e-03     0 3.393955e-02 5.341969e+01 1.301588e+02 6.274600e-02 -6.043254e-04 
3.827000e+02 1.355489e-01 4.927224e-02 1.223443e+00 1.017499e+04 5.334032e+03 2.051201e+02 10000 11000 8.866007e-03     0 3.429860e-02 5.341850e+01 1.301556e+02 6.250558e-02 -4.458189e-04 
3.828000e+02 1.326110e-01 4.946264e-02 1.226479e+00 1.017951e+04 5.346237e+03 2.049586e+02 10000 11000 8.328594e-03     0 3.465373e-02 5.341725e+01 1.301517e+02 6.226195e-02 -3.106402e-04 
3.829000e+02 1.298434e-01 4.961973e-02 1.229457e+00 1.018399e+04 5.358456e+03 2.048021e+02 10000 11000 7.699717e-03     0 3.500234e-02 5.341598e+01 1.301470e+02 6.201938e-02 -1.874821e-04 
  383 1.273203e-01 4.974797e-02 1.232368e+00 1.018842e+04 5.370690e+03 2.046499e+02 10000 11000 7.070694e-03     0 3.534116e-02 5.341473e+01 1.301417e+02 6.178075e-02 -5.516432e-05 
3.831000e+02 1.249727e-01 4.984987e-02 1.235211e+00 1.019282e+04 5.382938e+03 2.045019e+02 10000 11000 7.683438e-03     0 3.566674e-02 5.341351e+01 1.301359e+02 6.154813e-02 8.690921e-05 
3.832000e+02 1.225783e-01 4.992369e-02 1.238026e+00 1.019718e+04 5.395198e+03 2.043575e+02 10000 11000 7.551051e-03     0 3.597608e-02 5.341237e+01 1.301297e+02 6.132351e-02 1.899293e-04 
3.833000e+02 1.201980e-01 4.997083e-02 1.240825e+00 1.020150e+04 5.407471e+03 2.042164e+02 10000 11000 7.139148e-03     0 3.626853e-02 5.341134e+01 1.301231e+02 6.110876e-02 2.431912e-04 
3.834000e+02 1.179470e-01 4.999557e-02 1.243601e+00 1.020579e+04 5.419757e+03 2.040782e+02 10000 11000 6.637295e-03     0 3.654438e-02 5.341045e+01 1.301162e+02 6.090510e-02 2.676316e-04 
3.835000e+02 1.158957e-01 5.000280e-02 1.246330e+00 1.021004e+04 5.432054e+03 2.039426e+02 10000 11000 6.129309e-03     0 3.680311e-02 5.340972e+01 1.301091e+02 6.071307e-02 2.937950e-04 
3.836000e+02 1.139801e-01 4.999569e-02 1.249004e+00 1.021425e+04 5.444363e+03 2.038091e+02 10000 11000 6.752299e-03     0 3.704369e-02 5.340918e+01 1.301019e+02 6.053296e-02 3.322349e-04 
3.837000e+02 1.119950e-01 4.997350e-02 1.251648e+00 1.021843e+04 5.456683e+03 2.036775e+02 10000 11000 6.686957e-03     0 3.726506e-02 5.340887e+01 1.300946e+02 6.036517e-02 3.459853e-04 
3.838000e+02 1.099943e-01 4.993777e-02 1.254269e+00 1.022257e+04 5.469014e+03 2.035474e+02 10000 11000 6.359165e-03     0 3.746796e-02 5.340880e+01 1.300873e+02 6.021012e-02 3.298679e-04 
3.839000e+02 1.080824e-01 4.989207e-02 1.256856e+00 1.022668e+04 5.481356e+03 2.034186e+02 10000 11000 5.942084e-03     0 3.765388e-02 5.340899e+01 1.300800e+02 6.006783e-02 3.047572e-04 
  384 1.063241e-01 4.984018e-02 1.259388e+00 1.023076e+04 5.493707e+03 2.032908e+02 10000 11000 5.512281e-03     0 3.782344e-02 5.340948e+01 1.300727e+02 5.993793e-02 2.979399e-04 
3.841000e+02 1.046614e-01 4.978415e-02 1.261857e+00 1.023480e+04 5.506069e+03 2.031638e+02 10000 11000 6.131555e-03     0 3.797664e-02 5.341026e+01 1.300656e+02 5.981986e-02 3.164456e-04 
3.842000e+02 1.029064e-01 4.972258e-02 1.264291e+00 1.023881e+04 5.518441e+03 2.030374e+02 10000 11000 6.100518e-03     0 3.811332e-02 5.341137e+01 1.300586e+02 5.971327e-02 3.221917e-04 
3.843000e+02 1.011136e-01 4.965598e-02 1.266699e+00 1.024279e+04 5.530821e+03 2.029112e+02 10000 11000 5.817790e-03     0 3.823479e-02 5.341281e+01 1.300517e+02 5.961789e-02 3.065719e-04 
3.844000e+02 9.938510e-02 4.958664e-02 1.269072e+00 1.024674e+04 5.543211e+03 2.027853e+02 10000 11000 5.446116e-03     0 3.834287e-02 5.341460e+01 1.300451e+02 5.953324e-02 2.857140e-04 
3.845000e+02 9.778603e-02 4.951711e-02 1.271395e+00 1.025066e+04 5.555611e+03 2.026594e+02 10000 11000 5.058095e-03     0 3.843853e-02 5.341675e+01 1.300386e+02 5.945855e-02 2.824987e-04 
3.846000e+02 9.626787e-02 4.944856e-02 1.273661e+00 1.025455e+04 5.568018e+03 2.025333e+02 10000 11000 5.627061e-03     0 3.852212e-02 5.341927e+01 1.300324e+02 5.939297e-02 3.020930e-04 
3.847000e+02 9.466190e-02 4.937935e-02 1.275895e+00 1.025841e+04 5.580435e+03 2.024071e+02 10000 11000 5.599151e-03     0 3.859376e-02 5.342216e+01 1.300264e+02 5.933593e-02 3.090649e-04 
3.848000e+02 9.302009e-02 4.930950e-02 1.278107e+00 1.026224e+04 5.592859e+03 2.022805e+02 10000 11000 5.339974e-03     0 3.865475e-02 5.342544e+01 1.300206e+02 5.928698e-02 2.953482e-04 
3.849000e+02 9.143702e-02 4.924062e-02 1.280289e+00 1.026604e+04 5.605292e+03 2.021536e+02 10000 11000 4.998980e-03     0 3.870675e-02 5.342911e+01 1.300151e+02 5.924555e-02 2.758043e-04 
  385 8.997273e-02 4.917456e-02 1.282425e+00 1.026981e+04 5.617733e+03 2.020261e+02 10000 11000 4.642906e-03     0 3.875066e-02 5.343317e+01 1.300098e+02 5.921089e-02 2.716589e-04 
3.851000e+02 8.858329e-02 4.911203e-02 1.284510e+00 1.027356e+04 5.630182e+03 2.018981e+02 10000 11000 5.161138e-03     0 3.878681e-02 5.343762e+01 1.300048e+02 5.918223e-02 2.880384e-04 
3.852000e+02 8.711473e-02 4.905141e-02 1.286565e+00 1.027728e+04 5.642638e+03 2.017696e+02 10000 11000 5.134303e-03     0 3.881529e-02 5.344247e+01 1.300000e+02 5.915905e-02 2.929674e-04 
3.853000e+02 8.561430e-02 4.899250e-02 1.288601e+00 1.028097e+04 5.655102e+03 2.016405e+02 10000 11000 4.896422e-03     0 3.883718e-02 5.344772e+01 1.299955e+02 5.914096e-02 2.793312e-04 
3.854000e+02 8.416803e-02 4.893642e-02 1.290609e+00 1.028464e+04 5.667573e+03 2.015108e+02 10000 11000 4.583982e-03     0 3.885381e-02 5.345337e+01 1.299913e+02 5.912752e-02 2.608339e-04 
3.855000e+02 8.283051e-02 4.888450e-02 1.292574e+00 1.028828e+04 5.680051e+03 2.013804e+02 10000 11000 4.257885e-03     0 3.886590e-02 5.345942e+01 1.299873e+02 5.911810e-02 2.568918e-04 
3.856000e+02 8.156143e-02 4.883714e-02 1.294492e+00 1.029189e+04 5.692536e+03 2.012494e+02 10000 11000 4.731738e-03     0 3.887361e-02 5.346587e+01 1.299835e+02 5.911212e-02 2.721264e-04 
3.857000e+02 8.022007e-02 4.879277e-02 1.296383e+00 1.029548e+04 5.705028e+03 2.011178e+02 10000 11000 4.706934e-03     0 3.887697e-02 5.347272e+01 1.299799e+02 5.910918e-02 2.771822e-04 
3.858000e+02 7.884958e-02 4.875104e-02 1.298256e+00 1.029905e+04 5.717527e+03 2.009856e+02 10000 11000 4.489068e-03     0 3.887676e-02 5.347997e+01 1.299766e+02 5.910904e-02 2.654135e-04 
3.859000e+02 7.752860e-02 4.871272e-02 1.300103e+00 1.030259e+04 5.730032e+03 2.008528e+02 10000 11000 4.202993e-03     0 3.887402e-02 5.348761e+01 1.299735e+02 5.911136e-02 2.492261e-04 
  386 7.630703e-02 4.867877e-02 1.301912e+00 1.030610e+04 5.742543e+03 2.007194e+02 10000 11000 3.904417e-03     0 3.886923e-02 5.349564e+01 1.299706e+02 5.911571e-02 2.462803e-04 
3.861000e+02 7.514815e-02 4.864939e-02 1.303677e+00 1.030960e+04 5.755061e+03 2.005855e+02 10000 11000 4.337217e-03     0 3.886244e-02 5.350406e+01 1.299679e+02 5.912166e-02 2.607489e-04 
3.862000e+02 7.392358e-02 4.862314e-02 1.305418e+00 1.031307e+04 5.767585e+03 2.004510e+02 10000 11000 4.314157e-03     0 3.885354e-02 5.351287e+01 1.299654e+02 5.912896e-02 2.657757e-04 
3.863000e+02 7.267270e-02 4.859961e-02 1.307142e+00 1.031652e+04 5.780115e+03 2.003161e+02 10000 11000 4.114663e-03     0 3.884310e-02 5.352206e+01 1.299631e+02 5.913747e-02 2.552840e-04 
3.864000e+02 7.146730e-02 4.857934e-02 1.308843e+00 1.031994e+04 5.792651e+03 2.001807e+02 10000 11000 3.852879e-03     0 3.883188e-02 5.353163e+01 1.299609e+02 5.914699e-02 2.406294e-04 
3.865000e+02 7.035288e-02 4.856306e-02 1.310508e+00 1.032335e+04 5.805192e+03 2.000449e+02 10000 11000 3.579715e-03     0 3.882017e-02 5.354158e+01 1.299589e+02 5.915724e-02 2.379830e-04 
3.866000e+02 6.929591e-02 4.855086e-02 1.312135e+00 1.032673e+04 5.817739e+03 1.999087e+02 10000 11000 3.975391e-03     0 3.880792e-02 5.355191e+01 1.299571e+02 5.916792e-02 2.511887e-04 
3.867000e+02 6.817915e-02 4.854146e-02 1.313739e+00 1.033009e+04 5.830292e+03 1.997722e+02 10000 11000 3.954254e-03     0 3.879494e-02 5.356260e+01 1.299554e+02 5.917891e-02 2.557179e-04 
3.868000e+02 6.703853e-02 4.853445e-02 1.315327e+00 1.033343e+04 5.842850e+03 1.996353e+02 10000 11000 3.771836e-03     0 3.878161e-02 5.357366e+01 1.299538e+02 5.919015e-02 2.460388e-04 
3.869000e+02 6.593951e-02 4.853025e-02 1.316894e+00 1.033675e+04 5.855413e+03 1.994982e+02 10000 11000 3.532495e-03     0 3.876848e-02 5.358509e+01 1.299524e+02 5.920156e-02 2.325541e-04 
  387 6.492362e-02 4.852942e-02 1.318429e+00 1.034005e+04 5.867982e+03 1.993609e+02 10000 11000 3.282757e-03     0 3.875571e-02 5.359688e+01 1.299511e+02 5.921294e-02 2.300624e-04 
3.871000e+02 6.396020e-02 4.853200e-02 1.319928e+00 1.034333e+04 5.880556e+03 1.992234e+02 10000 11000 3.644809e-03     0 3.874318e-02 5.360902e+01 1.299500e+02 5.922412e-02 2.420819e-04 
3.872000e+02 6.294221e-02 4.853688e-02 1.321407e+00 1.034659e+04 5.893134e+03 1.990858e+02 10000 11000 3.625600e-03     0 3.873064e-02 5.362151e+01 1.299489e+02 5.923505e-02 2.461748e-04 
3.873000e+02 6.190245e-02 4.854368e-02 1.322871e+00 1.034983e+04 5.905718e+03 1.989480e+02 10000 11000 3.458884e-03     0 3.871835e-02 5.363436e+01 1.299479e+02 5.924575e-02 2.372801e-04 
3.874000e+02 6.090068e-02 4.855274e-02 1.324316e+00 1.035305e+04 5.918306e+03 1.988102e+02 10000 11000 3.240107e-03     0 3.870670e-02 5.364756e+01 1.299470e+02 5.925618e-02 2.249100e-04 
3.875000e+02 5.997479e-02 4.856451e-02 1.325731e+00 1.035626e+04 5.930899e+03 1.986724e+02 10000 11000 3.011803e-03     0 3.869576e-02 5.366109e+01 1.299462e+02 5.926623e-02 2.225979e-04 
3.876000e+02 5.909678e-02 4.857902e-02 1.327114e+00 1.035944e+04 5.943496e+03 1.985345e+02 10000 11000 3.343100e-03     0 3.868538e-02 5.367497e+01 1.299455e+02 5.927582e-02 2.335582e-04 
3.877000e+02 5.816898e-02 4.859531e-02 1.328478e+00 1.036261e+04 5.956098e+03 1.983967e+02 10000 11000 3.325641e-03     0 3.867530e-02 5.368919e+01 1.299448e+02 5.928493e-02 2.372643e-04 
3.878000e+02 5.722135e-02 4.861308e-02 1.329829e+00 1.036576e+04 5.968705e+03 1.982590e+02 10000 11000 3.173271e-03     0 3.866568e-02 5.370374e+01 1.299443e+02 5.929361e-02 2.290876e-04 
3.879000e+02 5.630840e-02 4.863258e-02 1.331162e+00 1.036889e+04 5.981315e+03 1.981213e+02 10000 11000 2.973286e-03     0 3.865681e-02 5.371862e+01 1.299438e+02 5.930188e-02 2.177300e-04 
  388 5.546469e-02 4.865421e-02 1.332468e+00 1.037200e+04 5.993930e+03 1.979838e+02 10000 11000 2.764572e-03     0 3.864871e-02 5.373383e+01 1.299433e+02 5.930968e-02 2.155708e-04 
3.881000e+02 5.466468e-02 4.867799e-02 1.333744e+00 1.037510e+04 6.006549e+03 1.978465e+02 10000 11000 3.067730e-03     0 3.864121e-02 5.374936e+01 1.299429e+02 5.931695e-02 2.255507e-04 
3.882000e+02 5.381927e-02 4.870312e-02 1.335003e+00 1.037818e+04 6.019172e+03 1.977093e+02 10000 11000 3.051860e-03     0 3.863407e-02 5.376522e+01 1.299425e+02 5.932372e-02 2.288932e-04 
3.883000e+02 5.295580e-02 4.872935e-02 1.336250e+00 1.038125e+04 6.031799e+03 1.975724e+02 10000 11000 2.912601e-03     0 3.862738e-02 5.378140e+01 1.299422e+02 5.933006e-02 2.213667e-04 
3.884000e+02 5.212398e-02 4.875689e-02 1.337480e+00 1.038429e+04 6.044430e+03 1.974357e+02 10000 11000 2.729796e-03     0 3.862137e-02 5.379790e+01 1.299420e+02 5.933598e-02 2.109323e-04 
3.885000e+02 5.135534e-02 4.878610e-02 1.338686e+00 1.038732e+04 6.057065e+03 1.972992e+02 10000 11000 2.538991e-03     0 3.861604e-02 5.381471e+01 1.299417e+02 5.934147e-02 2.089135e-04 
3.886000e+02 5.062657e-02 4.881699e-02 1.339865e+00 1.039034e+04 6.069704e+03 1.971631e+02 10000 11000 2.816412e-03     0 3.861121e-02 5.383183e+01 1.299415e+02 5.934650e-02 2.179995e-04 
3.887000e+02 4.985641e-02 4.884891e-02 1.341028e+00 1.039334e+04 6.082346e+03 1.970273e+02 10000 11000 2.801989e-03     0 3.860668e-02 5.384927e+01 1.299414e+02 5.935109e-02 2.210139e-04 
3.888000e+02 4.906980e-02 4.888164e-02 1.342180e+00 1.039633e+04 6.094991e+03 1.968918e+02 10000 11000 2.674714e-03     0 3.860249e-02 5.386701e+01 1.299413e+02 5.935533e-02 2.140866e-04 
3.889000e+02 4.831209e-02 4.891539e-02 1.343317e+00 1.039930e+04 6.107641e+03 1.967567e+02 10000 11000 2.507613e-03     0 3.859884e-02 5.388506e+01 1.299411e+02 5.935924e-02 2.045002e-04 
  389 4.761200e-02 4.895045e-02 1.344432e+00 1.040225e+04 6.120293e+03 1.966219e+02 10000 11000 2.333178e-03     0 3.859571e-02 5.390341e+01 1.299411e+02 5.936280e-02 2.026120e-04 
3.891000e+02 4.694827e-02 4.898685e-02 1.345521e+00 1.040520e+04 6.132950e+03 1.964876e+02 10000 11000 2.587055e-03     0 3.859295e-02 5.392206e+01 1.299410e+02 5.936601e-02 2.108812e-04 
3.892000e+02 4.624683e-02 4.902405e-02 1.346596e+00 1.040812e+04 6.145609e+03 1.963536e+02 10000 11000 2.573947e-03     0 3.859037e-02 5.394101e+01 1.299410e+02 5.936890e-02 2.135948e-04 
3.893000e+02 4.553043e-02 4.906188e-02 1.347661e+00 1.041104e+04 6.158272e+03 1.962201e+02 10000 11000 2.457623e-03     0 3.858801e-02 5.396026e+01 1.299410e+02 5.937153e-02 2.072138e-04 
3.894000e+02 4.484041e-02 4.910051e-02 1.348713e+00 1.041394e+04 6.170937e+03 1.960871e+02 10000 11000 2.304876e-03     0 3.858603e-02 5.397980e+01 1.299410e+02 5.937393e-02 1.984004e-04 
3.895000e+02 4.420291e-02 4.914022e-02 1.349744e+00 1.041682e+04 6.183606e+03 1.959544e+02 10000 11000 2.145404e-03     0 3.858441e-02 5.399963e+01 1.299410e+02 5.937610e-02 1.966283e-04 
3.896000e+02 4.359856e-02 4.918103e-02 1.350752e+00 1.041969e+04 6.196278e+03 1.958223e+02 10000 11000 2.377741e-03     0 3.858302e-02 5.401975e+01 1.299410e+02 5.937802e-02 2.041467e-04 
3.897000e+02 4.295988e-02 4.922249e-02 1.351747e+00 1.042255e+04 6.208953e+03 1.956907e+02 10000 11000 2.365827e-03     0 3.858171e-02 5.404016e+01 1.299411e+02 5.937972e-02 2.065818e-04 
3.898000e+02 4.230761e-02 4.926447e-02 1.352733e+00 1.042540e+04 6.221631e+03 1.955595e+02 10000 11000 2.259512e-03     0 3.858050e-02 5.406086e+01 1.299411e+02 5.938127e-02 2.006975e-04 
3.899000e+02 4.167940e-02 4.930713e-02 1.353706e+00 1.042823e+04 6.234312e+03 1.954289e+02 10000 11000 2.119886e-03     0 3.857953e-02 5.408184e+01 1.299412e+02 5.938268e-02 1.925881e-04 
  390 4.109905e-02 4.935069e-02 1.354660e+00 1.043105e+04 6.246996e+03 1.952988e+02 10000 11000 1.974091e-03     0 3.857880e-02 5.410311e+01 1.299413e+02 5.938395e-02 1.909197e-04 
3.901000e+02 4.054892e-02 4.939519e-02 1.355594e+00 1.043386e+04 6.259682e+03 1.951693e+02 10000 11000 2.186713e-03     0 3.857819e-02 5.412465e+01 1.299414e+02 5.938506e-02 1.977492e-04 
3.902000e+02 3.996755e-02 4.944026e-02 1.356515e+00 1.043666e+04 6.272371e+03 1.950403e+02 10000 11000 2.175880e-03     0 3.857756e-02 5.414647e+01 1.299415e+02 5.938604e-02 1.999281e-04 
3.903000e+02 3.937384e-02 4.948579e-02 1.357428e+00 1.043944e+04 6.285063e+03 1.949118e+02 10000 11000 2.078711e-03     0 3.857696e-02 5.416856e+01 1.299416e+02 5.938694e-02 1.944974e-04 
3.904000e+02 3.880208e-02 4.953191e-02 1.358330e+00 1.044221e+04 6.297758e+03 1.947840e+02 10000 11000 1.951078e-03     0 3.857650e-02 5.419093e+01 1.299417e+02 5.938778e-02 1.870318e-04 
3.905000e+02 3.827392e-02 4.957884e-02 1.359215e+00 1.044497e+04 6.310455e+03 1.946567e+02 10000 11000 1.817784e-03     0 3.857617e-02 5.421357e+01 1.299419e+02 5.938854e-02 1.854579e-04 
3.906000e+02 3.777327e-02 4.962660e-02 1.360080e+00 1.044772e+04 6.323154e+03 1.945300e+02 10000 11000 2.012347e-03     0 3.857588e-02 5.423649e+01 1.299420e+02 5.938922e-02 1.916571e-04 
3.907000e+02 3.724423e-02 4.967488e-02 1.360934e+00 1.045046e+04 6.335856e+03 1.944039e+02 10000 11000 2.002489e-03     0 3.857553e-02 5.425966e+01 1.299421e+02 5.938984e-02 1.936026e-04 
3.908000e+02 3.670402e-02 4.972358e-02 1.361781e+00 1.045318e+04 6.348561e+03 1.942784e+02 10000 11000 1.913675e-03     0 3.857515e-02 5.428311e+01 1.299423e+02 5.939042e-02 1.885884e-04 
3.909000e+02 3.618381e-02 4.977284e-02 1.362617e+00 1.045590e+04 6.361267e+03 1.941535e+02 10000 11000 1.797006e-03     0 3.857484e-02 5.430681e+01 1.299425e+02 5.939098e-02 1.817138e-04 
  391 3.570330e-02 4.982283e-02 1.363438e+00 1.045860e+04 6.373977e+03 1.940292e+02 10000 11000 1.675141e-03     0 3.857460e-02 5.433078e+01 1.299426e+02 5.939152e-02 1.802282e-04 
3.911000e+02 3.524783e-02 4.987358e-02 1.364241e+00 1.046130e+04 6.386688e+03 1.939056e+02 10000 11000 1.853146e-03     0 3.857436e-02 5.435501e+01 1.299428e+02 5.939202e-02 1.858527e-04 
3.912000e+02 3.476660e-02 4.992482e-02 1.365033e+00 1.046398e+04 6.399402e+03 1.937827e+02 10000 11000 1.844162e-03     0 3.857402e-02 5.437949e+01 1.299430e+02 5.939249e-02 1.875874e-04 
3.913000e+02 3.427526e-02 4.997648e-02 1.365819e+00 1.046665e+04 6.412118e+03 1.936603e+02 10000 11000 1.762983e-03     0 3.857363e-02 5.440423e+01 1.299432e+02 5.939297e-02 1.829582e-04 
3.914000e+02 3.380214e-02 5.002866e-02 1.366596e+00 1.046931e+04 6.424836e+03 1.935387e+02 10000 11000 1.656338e-03     0 3.857327e-02 5.442922e+01 1.299434e+02 5.939345e-02 1.766288e-04 
3.915000e+02 3.336514e-02 5.008153e-02 1.367358e+00 1.047197e+04 6.437556e+03 1.934177e+02 10000 11000 1.544924e-03     0 3.857294e-02 5.445446e+01 1.299436e+02 5.939393e-02 1.752282e-04 
3.916000e+02 3.295094e-02 5.013509e-02 1.368103e+00 1.047461e+04 6.450278e+03 1.932974e+02 10000 11000 1.707732e-03     0 3.857259e-02 5.447995e+01 1.299438e+02 5.939440e-02 1.803304e-04 
3.917000e+02 3.251338e-02 5.018914e-02 1.368840e+00 1.047724e+04 6.463003e+03 1.931777e+02 10000 11000 1.699526e-03     0 3.857214e-02 5.450568e+01 1.299440e+02 5.939486e-02 1.818769e-04 
3.918000e+02 3.206670e-02 5.024360e-02 1.369570e+00 1.047986e+04 6.475729e+03 1.930588e+02 10000 11000 1.625325e-03     0 3.857162e-02 5.453166e+01 1.299442e+02 5.939534e-02 1.776062e-04 
3.919000e+02 3.163663e-02 5.029857e-02 1.370292e+00 1.048248e+04 6.488458e+03 1.929405e+02 10000 11000 1.527849e-03     0 3.857111e-02 5.455789e+01 1.299444e+02 5.939584e-02 1.717822e-04 
  392 3.123939e-02 5.035417e-02 1.371000e+00 1.048508e+04 6.501188e+03 1.928230e+02 10000 11000 1.425996e-03     0 3.857062e-02 5.458435e+01 1.299446e+02 5.939635e-02 1.704652e-04 
3.921000e+02 3.086289e-02 5.041043e-02 1.371693e+00 1.048767e+04 6.513920e+03 1.927062e+02 10000 11000 1.574838e-03     0 3.857010e-02 5.461105e+01 1.299448e+02 5.939685e-02 1.750944e-04 
3.922000e+02 3.046525e-02 5.046715e-02 1.372378e+00 1.049026e+04 6.526654e+03 1.925900e+02 10000 11000 1.567323e-03     0 3.856950e-02 5.463798e+01 1.299451e+02 5.939737e-02 1.764749e-04 
3.923000e+02 3.005940e-02 5.052429e-02 1.373058e+00 1.049284e+04 6.539390e+03 1.924746e+02 10000 11000 1.499502e-03     0 3.856882e-02 5.466514e+01 1.299453e+02 5.939789e-02 1.725402e-04 
3.924000e+02 2.966868e-02 5.058192e-02 1.373729e+00 1.049540e+04 6.552128e+03 1.923600e+02 10000 11000 1.410418e-03     0 3.856816e-02 5.469254e+01 1.299455e+02 5.939845e-02 1.671871e-04 
3.925000e+02 2.930779e-02 5.064015e-02 1.374388e+00 1.049796e+04 6.564868e+03 1.922461e+02 10000 11000 1.317316e-03     0 3.856750e-02 5.472017e+01 1.299458e+02 5.939901e-02 1.659538e-04 
3.926000e+02 2.896575e-02 5.069900e-02 1.375034e+00 1.050051e+04 6.577609e+03 1.921329e+02 10000 11000 1.453308e-03     0 3.856683e-02 5.474802e+01 1.299460e+02 5.939957e-02 1.701562e-04 
3.927000e+02 2.860462e-02 5.075829e-02 1.375671e+00 1.050305e+04 6.590352e+03 1.920205e+02 10000 11000 1.446403e-03     0 3.856607e-02 5.477609e+01 1.299462e+02 5.940014e-02 1.713923e-04 
3.928000e+02 2.823613e-02 5.081800e-02 1.376304e+00 1.050559e+04 6.603097e+03 1.919088e+02 10000 11000 1.384417e-03     0 3.856527e-02 5.480439e+01 1.299465e+02 5.940073e-02 1.677743e-04 
3.929000e+02 2.788141e-02 5.087817e-02 1.376929e+00 1.050811e+04 6.615844e+03 1.917979e+02 10000 11000 1.303016e-03     0 3.856447e-02 5.483290e+01 1.299467e+02 5.940133e-02 1.628620e-04 
  393 2.755376e-02 5.093891e-02 1.377543e+00 1.051063e+04 6.628592e+03 1.916878e+02 10000 11000 1.217930e-03     0 3.856369e-02 5.486163e+01 1.299470e+02 5.940194e-02 1.617140e-04 
3.931000e+02 2.724324e-02 5.100022e-02 1.378145e+00 1.051314e+04 6.641342e+03 1.915784e+02 10000 11000 1.342085e-03     0 3.856289e-02 5.489057e+01 1.299472e+02 5.940255e-02 1.655327e-04 
3.932000e+02 2.691553e-02 5.106197e-02 1.378740e+00 1.051564e+04 6.654093e+03 1.914699e+02 10000 11000 1.335716e-03     0 3.856203e-02 5.491973e+01 1.299475e+02 5.940315e-02 1.666451e-04 
3.933000e+02 2.658123e-02 5.112411e-02 1.379329e+00 1.051813e+04 6.666846e+03 1.913621e+02 10000 11000 1.279069e-03     0 3.856114e-02 5.494910e+01 1.299478e+02 5.940377e-02 1.633276e-04 
3.934000e+02 2.625947e-02 5.118670e-02 1.379912e+00 1.052062e+04 6.679600e+03 1.912551e+02 10000 11000 1.204709e-03     0 3.856026e-02 5.497867e+01 1.299480e+02 5.940440e-02 1.588301e-04 
3.935000e+02 2.596225e-02 5.124982e-02 1.380485e+00 1.052310e+04 6.692356e+03 1.911489e+02 10000 11000 1.126970e-03     0 3.855940e-02 5.500844e+01 1.299483e+02 5.940503e-02 1.577699e-04 
3.936000e+02 2.568058e-02 5.131348e-02 1.381047e+00 1.052557e+04 6.705113e+03 1.910436e+02 10000 11000 1.240204e-03     0 3.855854e-02 5.503842e+01 1.299486e+02 5.940565e-02 1.612452e-04 
3.937000e+02 2.538347e-02 5.137755e-02 1.381602e+00 1.052803e+04 6.717872e+03 1.909390e+02 10000 11000 1.234302e-03     0 3.855764e-02 5.506860e+01 1.299488e+02 5.940627e-02 1.622539e-04 
3.938000e+02 2.508050e-02 5.144200e-02 1.382152e+00 1.053049e+04 6.730633e+03 1.908353e+02 10000 11000 1.182546e-03     0 3.855671e-02 5.509898e+01 1.299491e+02 5.940689e-02 1.592234e-04 
3.939000e+02 2.478893e-02 5.150688e-02 1.382696e+00 1.053294e+04 6.743394e+03 1.907324e+02 10000 11000 1.114641e-03     0 3.855581e-02 5.512954e+01 1.299494e+02 5.940751e-02 1.551179e-04 
  394 2.451958e-02 5.157224e-02 1.383231e+00 1.053538e+04 6.756157e+03 1.906303e+02 10000 11000 1.043641e-03     0 3.855493e-02 5.516031e+01 1.299496e+02 5.940813e-02 1.541489e-04 
3.941000e+02 2.426434e-02 5.163810e-02 1.383756e+00 1.053781e+04 6.768922e+03 1.905291e+02 10000 11000 1.146789e-03     0 3.855406e-02 5.519126e+01 1.299499e+02 5.940873e-02 1.573186e-04 
3.942000e+02 2.399526e-02 5.170435e-02 1.384275e+00 1.054024e+04 6.781688e+03 1.904287e+02 10000 11000 1.141292e-03     0 3.855317e-02 5.522239e+01 1.299502e+02 5.940932e-02 1.582429e-04 
3.943000e+02 2.372101e-02 5.177096e-02 1.384789e+00 1.054266e+04 6.794455e+03 1.903292e+02 10000 11000 1.094015e-03     0 3.855226e-02 5.525372e+01 1.299504e+02 5.940991e-02 1.554882e-04 
3.944000e+02 2.345712e-02 5.183797e-02 1.385298e+00 1.054507e+04 6.807223e+03 1.902305e+02 10000 11000 1.032034e-03     0 3.855138e-02 5.528522e+01 1.299507e+02 5.941050e-02 1.517556e-04 
3.945000e+02 2.321331e-02 5.190544e-02 1.385798e+00 1.054748e+04 6.819993e+03 1.901327e+02 10000 11000 9.672210e-04     0 3.855054e-02 5.531690e+01 1.299510e+02 5.941107e-02 1.508820e-04 
3.946000e+02 2.298230e-02 5.197335e-02 1.386289e+00 1.054988e+04 6.832764e+03 1.900358e+02 10000 11000 1.061040e-03     0 3.854971e-02 5.534876e+01 1.299513e+02 5.941163e-02 1.537817e-04 
3.947000e+02 2.273894e-02 5.204164e-02 1.386774e+00 1.055228e+04 6.845536e+03 1.899397e+02 10000 11000 1.055891e-03     0 3.854886e-02 5.538080e+01 1.299515e+02 5.941217e-02 1.546403e-04 
3.948000e+02 2.249102e-02 5.211026e-02 1.387256e+00 1.055467e+04 6.858310e+03 1.898445e+02 10000 11000 1.012722e-03     0 3.854802e-02 5.541300e+01 1.299518e+02 5.941270e-02 1.521523e-04 
3.949000e+02 2.225252e-02 5.217925e-02 1.387732e+00 1.055705e+04 6.871084e+03 1.897502e+02 10000 11000 9.561805e-04     0 3.854722e-02 5.544537e+01 1.299521e+02 5.941322e-02 1.487761e-04 
  395 2.203215e-02 5.224865e-02 1.388201e+00 1.055942e+04 6.883860e+03 1.896568e+02 10000 11000 8.970509e-04     0 3.854645e-02 5.547792e+01 1.299524e+02 5.941372e-02 1.480031e-04 
3.951000e+02 2.182336e-02 5.231847e-02 1.388661e+00 1.056179e+04 6.896637e+03 1.895643e+02 10000 11000 9.822304e-04     0 3.854570e-02 5.551062e+01 1.299527e+02 5.941421e-02 1.506662e-04 
3.952000e+02 2.160360e-02 5.238863e-02 1.389115e+00 1.056416e+04 6.909416e+03 1.894727e+02 10000 11000 9.773788e-04     0 3.854495e-02 5.554349e+01 1.299529e+02 5.941467e-02 1.514773e-04 
3.953000e+02 2.137986e-02 5.245910e-02 1.389567e+00 1.056651e+04 6.922195e+03 1.893820e+02 10000 11000 9.379771e-04     0 3.854421e-02 5.557651e+01 1.299532e+02 5.941512e-02 1.492491e-04 
3.954000e+02 2.116466e-02 5.252991e-02 1.390013e+00 1.056887e+04 6.934975e+03 1.892922e+02 10000 11000 8.864347e-04     0 3.854351e-02 5.560969e+01 1.299535e+02 5.941555e-02 1.462155e-04 
3.955000e+02 2.096581e-02 5.260110e-02 1.390453e+00 1.057121e+04 6.947757e+03 1.892033e+02 10000 11000 8.325310e-04     0 3.854285e-02 5.564303e+01 1.299538e+02 5.941596e-02 1.455490e-04 
3.956000e+02 2.077744e-02 5.267266e-02 1.390884e+00 1.057355e+04 6.960540e+03 1.891153e+02 10000 11000 9.096997e-04     0 3.854222e-02 5.567651e+01 1.299540e+02 5.941635e-02 1.480073e-04 
3.957000e+02 2.057935e-02 5.274454e-02 1.391311e+00 1.057589e+04 6.973323e+03 1.890283e+02 10000 11000 9.050991e-04     0 3.854159e-02 5.571014e+01 1.299543e+02 5.941672e-02 1.487888e-04 
3.958000e+02 2.037782e-02 5.281670e-02 1.391735e+00 1.057822e+04 6.986108e+03 1.889421e+02 10000 11000 8.691561e-04     0 3.854098e-02 5.574392e+01 1.299546e+02 5.941706e-02 1.468152e-04 
3.959000e+02 2.018402e-02 5.288917e-02 1.392154e+00 1.058054e+04 6.998894e+03 1.888570e+02 10000 11000 8.222107e-04     0 3.854042e-02 5.577784e+01 1.299548e+02 5.941739e-02 1.441129e-04 
  396 2.000495e-02 5.296198e-02 1.392567e+00 1.058286e+04 7.011681e+03 1.887727e+02 10000 11000 7.731159e-04     0 3.853989e-02 5.581190e+01 1.299551e+02 5.941770e-02 1.435593e-04 
3.961000e+02 1.983533e-02 5.303512e-02 1.392973e+00 1.058517e+04 7.024468e+03 1.886894e+02 10000 11000 8.428483e-04     0 3.853940e-02 5.584610e+01 1.299554e+02 5.941798e-02 1.458431e-04 
3.962000e+02 1.965716e-02 5.310855e-02 1.393374e+00 1.058748e+04 7.037257e+03 1.886070e+02 10000 11000 8.384574e-04     0 3.853892e-02 5.588044e+01 1.299556e+02 5.941823e-02 1.466125e-04 
3.963000e+02 1.947604e-02 5.318224e-02 1.393772e+00 1.058978e+04 7.050047e+03 1.885256e+02 10000 11000 8.056914e-04     0 3.853846e-02 5.591490e+01 1.299559e+02 5.941846e-02 1.448899e-04 
3.964000e+02 1.930193e-02 5.325620e-02 1.394167e+00 1.059208e+04 7.062838e+03 1.884452e+02 10000 11000 7.629765e-04     0 3.853805e-02 5.594950e+01 1.299562e+02 5.941868e-02 1.425096e-04 
3.965000e+02 1.914103e-02 5.333047e-02 1.394555e+00 1.059437e+04 7.075630e+03 1.883657e+02 10000 11000 7.183104e-04     0 3.853767e-02 5.598422e+01 1.299564e+02 5.941886e-02 1.420763e-04 
3.966000e+02 1.898867e-02 5.340504e-02 1.394937e+00 1.059665e+04 7.088422e+03 1.882872e+02 10000 11000 7.811331e-04     0 3.853734e-02 5.601906e+01 1.299567e+02 5.941902e-02 1.442143e-04 
3.967000e+02 1.882882e-02 5.347986e-02 1.395315e+00 1.059894e+04 7.101216e+03 1.882096e+02 10000 11000 7.769151e-04     0 3.853702e-02 5.605403e+01 1.299570e+02 5.941916e-02 1.449885e-04 
3.968000e+02 1.866647e-02 5.355491e-02 1.395690e+00 1.060121e+04 7.114010e+03 1.881330e+02 10000 11000 7.470696e-04     0 3.853673e-02 5.608912e+01 1.299572e+02 5.941927e-02 1.435147e-04 
3.969000e+02 1.851047e-02 5.363021e-02 1.396062e+00 1.060348e+04 7.126806e+03 1.880574e+02 10000 11000 7.082507e-04     0 3.853648e-02 5.612432e+01 1.299575e+02 5.941935e-02 1.414492e-04 
  397 1.836630e-02 5.370577e-02 1.396428e+00 1.060575e+04 7.139602e+03 1.879827e+02 10000 11000 6.676664e-04     0 3.853628e-02 5.615964e+01 1.299577e+02 5.941941e-02 1.411436e-04 
3.971000e+02 1.822983e-02 5.378160e-02 1.396788e+00 1.060801e+04 7.152399e+03 1.879091e+02 10000 11000 7.240634e-04     0 3.853611e-02 5.619506e+01 1.299580e+02 5.941945e-02 1.431632e-04 
3.972000e+02 1.808685e-02 5.385766e-02 1.397145e+00 1.061027e+04 7.165197e+03 1.878364e+02 10000 11000 7.199865e-04     0 3.853597e-02 5.623060e+01 1.299582e+02 5.941945e-02 1.439590e-04 
3.973000e+02 1.794178e-02 5.393391e-02 1.397499e+00 1.061252e+04 7.177996e+03 1.877647e+02 10000 11000 6.928274e-04     0 3.853586e-02 5.626624e+01 1.299585e+02 5.941943e-02 1.427329e-04 
3.974000e+02 1.780244e-02 5.401039e-02 1.397850e+00 1.061477e+04 7.190796e+03 1.876940e+02 10000 11000 6.575992e-04     0 3.853579e-02 5.630198e+01 1.299587e+02 5.941939e-02 1.409762e-04 
3.975000e+02 1.767368e-02 5.408709e-02 1.398196e+00 1.061701e+04 7.203597e+03 1.876243e+02 10000 11000 6.207801e-04     0 3.853576e-02 5.633782e+01 1.299590e+02 5.941932e-02 1.408063e-04 
3.976000e+02 1.755186e-02 5.416403e-02 1.398536e+00 1.061925e+04 7.216398e+03 1.875556e+02 10000 11000 6.711983e-04     0 3.853577e-02 5.637376e+01 1.299592e+02 5.941921e-02 1.427334e-04 
3.977000e+02 1.742442e-02 5.424115e-02 1.398874e+00 1.062149e+04 7.229200e+03 1.874879e+02 10000 11000 6.672352e-04     0 3.853581e-02 5.640979e+01 1.299595e+02 5.941909e-02 1.435668e-04 
3.978000e+02 1.729525e-02 5.431846e-02 1.399209e+00 1.062372e+04 7.242003e+03 1.874212e+02 10000 11000 6.425494e-04     0 3.853589e-02 5.644592e+01 1.299597e+02 5.941893e-02 1.425880e-04 
3.979000e+02 1.717126e-02 5.439595e-02 1.399541e+00 1.062594e+04 7.254807e+03 1.873555e+02 10000 11000 6.106330e-04     0 3.853600e-02 5.648213e+01 1.299600e+02 5.941875e-02 1.411354e-04 
  398 1.705672e-02 5.447363e-02 1.399868e+00 1.062817e+04 7.267612e+03 1.872908e+02 10000 11000 5.772899e-04     0 3.853616e-02 5.651844e+01 1.299602e+02 5.941855e-02 1.411090e-04 
3.981000e+02 1.694840e-02 5.455151e-02 1.400191e+00 1.063038e+04 7.280417e+03 1.872271e+02 10000 11000 6.221436e-04     0 3.853636e-02 5.655482e+01 1.299604e+02 5.941831e-02 1.429682e-04 
3.982000e+02 1.683528e-02 5.462956e-02 1.400511e+00 1.063260e+04 7.293223e+03 1.871645e+02 10000 11000 6.182718e-04     0 3.853659e-02 5.659129e+01 1.299607e+02 5.941805e-02 1.438544e-04 
3.983000e+02 1.672078e-02 5.470775e-02 1.400828e+00 1.063480e+04 7.306030e+03 1.871028e+02 10000 11000 5.958654e-04     0 3.853685e-02 5.662783e+01 1.299609e+02 5.941776e-02 1.431230e-04 
3.984000e+02 1.661094e-02 5.478610e-02 1.401143e+00 1.063701e+04 7.318838e+03 1.870422e+02 10000 11000 5.670061e-04     0 3.853716e-02 5.666445e+01 1.299611e+02 5.941744e-02 1.419704e-04 
3.985000e+02 1.650951e-02 5.486461e-02 1.401454e+00 1.063921e+04 7.331646e+03 1.869826e+02 10000 11000 5.368749e-04     0 3.853751e-02 5.670114e+01 1.299613e+02 5.941710e-02 1.420951e-04 
3.986000e+02 1.641367e-02 5.494328e-02 1.401761e+00 1.064141e+04 7.344455e+03 1.869240e+02 10000 11000 5.765504e-04     0 3.853790e-02 5.673790e+01 1.299616e+02 5.941672e-02 1.439091e-04 
3.987000e+02 1.631377e-02 5.502209e-02 1.402064e+00 1.064360e+04 7.357265e+03 1.868665e+02 10000 11000 5.727524e-04     0 3.853832e-02 5.677473e+01 1.299618e+02 5.941632e-02 1.448622e-04 
3.988000e+02 1.621278e-02 5.510102e-02 1.402366e+00 1.064579e+04 7.370075e+03 1.868100e+02 10000 11000 5.524492e-04     0 3.853878e-02 5.681163e+01 1.299620e+02 5.941589e-02 1.443784e-04 
3.989000e+02 1.611600e-02 5.518007e-02 1.402666e+00 1.064797e+04 7.382887e+03 1.867545e+02 10000 11000 5.264144e-04     0 3.853928e-02 5.684858e+01 1.299622e+02 5.941544e-02 1.435220e-04 
  399 1.602668e-02 5.525925e-02 1.402962e+00 1.065015e+04 7.395698e+03 1.867000e+02 10000 11000 4.992541e-04     0 3.853983e-02 5.688560e+01 1.299624e+02 5.941495e-02 1.438045e-04 
3.991000e+02 1.594238e-02 5.533857e-02 1.403254e+00 1.065233e+04 7.408511e+03 1.866466e+02 10000 11000 5.341134e-04     0 3.854041e-02 5.692267e+01 1.299627e+02 5.941444e-02 1.455943e-04 
3.992000e+02 1.585468e-02 5.541798e-02 1.403543e+00 1.065450e+04 7.421324e+03 1.865942e+02 10000 11000 5.303766e-04     0 3.854103e-02 5.695979e+01 1.299629e+02 5.941390e-02 1.466270e-04 
3.993000e+02 1.576617e-02 5.549749e-02 1.403831e+00 1.065667e+04 7.434138e+03 1.865429e+02 10000 11000 5.120167e-04     0 3.854169e-02 5.699697e+01 1.299631e+02 5.941333e-02 1.463902e-04 
3.994000e+02 1.568144e-02 5.557710e-02 1.404117e+00 1.065883e+04 7.446953e+03 1.864926e+02 10000 11000 4.885946e-04     0 3.854239e-02 5.703420e+01 1.299633e+02 5.941273e-02 1.458259e-04 
3.995000e+02 1.560333e-02 5.565680e-02 1.404399e+00 1.066100e+04 7.459768e+03 1.864433e+02 10000 11000 4.641852e-04     0 3.854313e-02 5.707147e+01 1.299635e+02 5.941211e-02 1.462719e-04 
3.996000e+02 1.552971e-02 5.573660e-02 1.404678e+00 1.066315e+04 7.472584e+03 1.863951e+02 10000 11000 4.945694e-04     0 3.854391e-02 5.710878e+01 1.299637e+02 5.941145e-02 1.480562e-04 
3.997000e+02 1.545329e-02 5.581648e-02 1.404955e+00 1.066531e+04 7.485400e+03 1.863479e+02 10000 11000 4.908865e-04     0 3.854473e-02 5.714613e+01 1.299639e+02 5.941077e-02 1.491796e-04 
3.998000e+02 1.537630e-02 5.589642e-02 1.405231e+00 1.066746e+04 7.498217e+03 1.863018e+02 10000 11000 4.743256e-04     0 3.854559e-02 5.718352e+01 1.299641e+02 5.941006e-02 1.491884e-04 
3.999000e+02 1.530271e-02 5.597642e-02 1.405504e+00 1.066961e+04 7.511035e+03 1.862567e+02 10000 11000 4.533233e-04     0 3.854649e-02 5.722095e+01 1.299643e+02 5.940932e-02 1.489112e-04 
  400 1.523498e-02 5.605650e-02 1.405774e+00 1.067175e+04 7.523854e+03 1.862127e+02 10000 11000 4.314645e-04     0 3.854743e-02 5.725841e+01 1.299645e+02 5.940856e-02 1.495249e-04 
4.001000e+02 1.517126e-02 5.613664e-02 1.406042e+00 1.067389e+04 7.536673e+03 1.861697e+02 10000 11000 4.576965e-04     0 3.854841e-02 5.729590e+01 1.299646e+02 5.940776e-02 1.513196e-04 
4.002000e+02 1.510528e-02 5.621682e-02 1.406307e+00 1.067603e+04 7.549492e+03 1.861278e+02 10000 11000 4.540654e-04     0 3.854943e-02 5.733341e+01 1.299648e+02 5.940694e-02 1.525425e-04 
4.003000e+02 1.503895e-02 5.629704e-02 1.406572e+00 1.067816e+04 7.562312e+03 1.860870e+02 10000 11000 4.391736e-04     0 3.855049e-02 5.737095e+01 1.299650e+02 5.940609e-02 1.527941e-04 
4.004000e+02 1.497567e-02 5.637730e-02 1.406834e+00 1.068029e+04 7.575133e+03 1.860471e+02 10000 11000 4.204160e-04     0 3.855159e-02 5.740851e+01 1.299652e+02 5.940521e-02 1.527977e-04 
4.005000e+02 1.491756e-02 5.645759e-02 1.407094e+00 1.068242e+04 7.587954e+03 1.860084e+02 10000 11000 4.009256e-04     0 3.855273e-02 5.744609e+01 1.299654e+02 5.940431e-02 1.535812e-04 
4.006000e+02 1.486304e-02 5.653792e-02 1.407352e+00 1.068454e+04 7.600776e+03 1.859707e+02 10000 11000 4.233123e-04     0 3.855391e-02 5.748368e+01 1.299655e+02 5.940337e-02 1.553996e-04 
4.007000e+02 1.480673e-02 5.661827e-02 1.407608e+00 1.068666e+04 7.613599e+03 1.859340e+02 10000 11000 4.197359e-04     0 3.855513e-02 5.752129e+01 1.299657e+02 5.940241e-02 1.567282e-04 
4.008000e+02 1.475026e-02 5.669862e-02 1.407862e+00 1.068877e+04 7.626422e+03 1.858984e+02 10000 11000 4.063970e-04     0 3.855639e-02 5.755891e+01 1.299659e+02 5.940142e-02 1.572178e-04 
4.009000e+02 1.469654e-02 5.677898e-02 1.408115e+00 1.069089e+04 7.639246e+03 1.858639e+02 10000 11000 3.897257e-04     0 3.855769e-02 5.759654e+01 1.299661e+02 5.940040e-02 1.574942e-04 
  401 1.464736e-02 5.685935e-02 1.408366e+00 1.069300e+04 7.652070e+03 1.858304e+02 10000 11000 3.724386e-04     0 3.855904e-02 5.763417e+01 1.299662e+02 5.939935e-02 1.584471e-04 
4.011000e+02 1.460139e-02 5.693972e-02 1.408615e+00 1.069510e+04 7.664895e+03 1.857980e+02 10000 11000 3.912721e-04     0 3.856042e-02 5.767180e+01 1.299664e+02 5.939827e-02 1.602990e-04 
4.012000e+02 1.455406e-02 5.702009e-02 1.408862e+00 1.069720e+04 7.677720e+03 1.857666e+02 10000 11000 3.877582e-04     0 3.856184e-02 5.770944e+01 1.299666e+02 5.939717e-02 1.617366e-04 
4.013000e+02 1.450675e-02 5.710043e-02 1.409108e+00 1.069930e+04 7.690546e+03 1.857363e+02 10000 11000 3.758687e-04     0 3.856330e-02 5.774707e+01 1.299667e+02 5.939604e-02 1.624572e-04 
4.014000e+02 1.446190e-02 5.718075e-02 1.409354e+00 1.070140e+04 7.703372e+03 1.857071e+02 10000 11000 3.611408e-04     0 3.856480e-02 5.778470e+01 1.299669e+02 5.939488e-02 1.629962e-04 
4.015000e+02 1.442104e-02 5.726104e-02 1.409597e+00 1.070349e+04 7.716199e+03 1.856789e+02 10000 11000 3.459079e-04     0 3.856635e-02 5.782232e+01 1.299670e+02 5.939369e-02 1.641154e-04 
4.016000e+02 1.438303e-02 5.734132e-02 1.409838e+00 1.070558e+04 7.729027e+03 1.856517e+02 10000 11000 3.614658e-04     0 3.856793e-02 5.785993e+01 1.299672e+02 5.939248e-02 1.660073e-04 
4.017000e+02 1.434406e-02 5.742155e-02 1.410078e+00 1.070767e+04 7.741855e+03 1.856257e+02 10000 11000 3.580265e-04     0 3.856956e-02 5.789752e+01 1.299673e+02 5.939123e-02 1.675542e-04 
4.018000e+02 1.430525e-02 5.750173e-02 1.410317e+00 1.070976e+04 7.754684e+03 1.856007e+02 10000 11000 3.474948e-04     0 3.857122e-02 5.793510e+01 1.299675e+02 5.938996e-02 1.684963e-04 
4.019000e+02 1.426866e-02 5.758187e-02 1.410556e+00 1.071184e+04 7.767513e+03 1.855767e+02 10000 11000 3.345822e-04     0 3.857292e-02 5.797267e+01 1.299676e+02 5.938866e-02 1.692853e-04 
  402 1.423554e-02 5.766195e-02 1.410793e+00 1.071391e+04 7.780342e+03 1.855538e+02 10000 11000 3.212689e-04     0 3.857466e-02 5.801021e+01 1.299678e+02 5.938734e-02 1.705648e-04 
4.021000e+02 1.420497e-02 5.774198e-02 1.411028e+00 1.071599e+04 7.793172e+03 1.855320e+02 10000 11000 3.338137e-04     0 3.857644e-02 5.804773e+01 1.299679e+02 5.938598e-02 1.724997e-04 
4.022000e+02 1.417379e-02 5.782194e-02 1.411262e+00 1.071806e+04 7.806003e+03 1.855112e+02 10000 11000 3.304645e-04     0 3.857827e-02 5.808522e+01 1.299680e+02 5.938460e-02 1.741529e-04 
4.023000e+02 1.414290e-02 5.790183e-02 1.411496e+00 1.072013e+04 7.818834e+03 1.854914e+02 10000 11000 3.212099e-04     0 3.858013e-02 5.812268e+01 1.299682e+02 5.938319e-02 1.753044e-04 
4.024000e+02 1.411400e-02 5.798164e-02 1.411728e+00 1.072219e+04 7.831666e+03 1.854728e+02 10000 11000 3.099978e-04     0 3.858203e-02 5.816011e+01 1.299683e+02 5.938176e-02 1.763287e-04 
4.025000e+02 1.408813e-02 5.806137e-02 1.411960e+00 1.072426e+04 7.844498e+03 1.854552e+02 10000 11000 2.984835e-04     0 3.858397e-02 5.819751e+01 1.299684e+02 5.938029e-02 1.777599e-04 
4.026000e+02 1.406453e-02 5.814101e-02 1.412190e+00 1.072632e+04 7.857331e+03 1.854386e+02 10000 11000 3.082610e-04     0 3.858595e-02 5.823487e+01 1.299686e+02 5.937880e-02 1.797370e-04 
4.027000e+02 1.404062e-02 5.822056e-02 1.412420e+00 1.072837e+04 7.870164e+03 1.854231e+02 10000 11000 3.050193e-04     0 3.858797e-02 5.827219e+01 1.299687e+02 5.937728e-02 1.814907e-04 
4.028000e+02 1.401713e-02 5.830001e-02 1.412649e+00 1.073043e+04 7.882997e+03 1.854086e+02 10000 11000 2.969708e-04     0 3.859002e-02 5.830947e+01 1.299688e+02 5.937574e-02 1.828376e-04 
4.029000e+02 1.399542e-02 5.837935e-02 1.412877e+00 1.073248e+04 7.895831e+03 1.853952e+02 10000 11000 2.873571e-04     0 3.859212e-02 5.834671e+01 1.299689e+02 5.937416e-02 1.840805e-04 
  403 1.397634e-02 5.845859e-02 1.413105e+00 1.073452e+04 7.908666e+03 1.853829e+02 10000 11000 2.775341e-04     0 3.859426e-02 5.838390e+01 1.299691e+02 5.937257e-02 1.856522e-04 
4.031000e+02 1.395927e-02 5.853771e-02 1.413332e+00 1.073657e+04 7.921501e+03 1.853716e+02 10000 11000 2.847700e-04     0 3.859643e-02 5.842104e+01 1.299692e+02 5.937094e-02 1.876680e-04 
4.032000e+02 1.394218e-02 5.861672e-02 1.413558e+00 1.073861e+04 7.934337e+03 1.853613e+02 10000 11000 2.816537e-04     0 3.859864e-02 5.845813e+01 1.299693e+02 5.936929e-02 1.895139e-04 
4.033000e+02 1.392562e-02 5.869559e-02 1.413784e+00 1.074065e+04 7.947173e+03 1.853521e+02 10000 11000 2.747488e-04     0 3.860089e-02 5.849517e+01 1.299694e+02 5.936761e-02 1.910404e-04 
4.034000e+02 1.391066e-02 5.877433e-02 1.414009e+00 1.074268e+04 7.960009e+03 1.853440e+02 10000 11000 2.666427e-04     0 3.860318e-02 5.853215e+01 1.299695e+02 5.936590e-02 1.924839e-04 
4.035000e+02 1.389794e-02 5.885294e-02 1.414234e+00 1.074472e+04 7.972846e+03 1.853368e+02 10000 11000 2.584149e-04     0 3.860551e-02 5.856907e+01 1.299696e+02 5.936417e-02 1.941833e-04 
4.036000e+02 1.388703e-02 5.893140e-02 1.414458e+00 1.074675e+04 7.985684e+03 1.853308e+02 10000 11000 2.633112e-04     0 3.860788e-02 5.860593e+01 1.299697e+02 5.936241e-02 1.962319e-04 
4.037000e+02 1.387634e-02 5.900972e-02 1.414682e+00 1.074877e+04 7.998522e+03 1.853257e+02 10000 11000 2.603365e-04     0 3.861028e-02 5.864272e+01 1.299698e+02 5.936063e-02 1.981600e-04 
4.038000e+02 1.386629e-02 5.908788e-02 1.414905e+00 1.075080e+04 8.011360e+03 1.853217e+02 10000 11000 2.545201e-04     0 3.861272e-02 5.867945e+01 1.299699e+02 5.935882e-02 1.998499e-04 
4.039000e+02 1.385767e-02 5.916589e-02 1.415129e+00 1.075282e+04 8.024199e+03 1.853188e+02 10000 11000 2.478412e-04     0 3.861520e-02 5.871611e+01 1.299700e+02 5.935698e-02 2.014758e-04 
  404 1.385097e-02 5.924373e-02 1.415352e+00 1.075484e+04 8.037038e+03 1.853169e+02 10000 11000 2.411234e-04     0 3.861772e-02 5.875269e+01 1.299701e+02 5.935512e-02 2.032893e-04 
4.041000e+02 1.384586e-02 5.932140e-02 1.415575e+00 1.075685e+04 8.049878e+03 1.853160e+02 10000 11000 2.438537e-04     0 3.862028e-02 5.878921e+01 1.299702e+02 5.935323e-02 2.053634e-04 
4.042000e+02 1.384121e-02 5.939891e-02 1.415797e+00 1.075886e+04 8.062718e+03 1.853161e+02 10000 11000 2.410329e-04     0 3.862287e-02 5.882564e+01 1.299703e+02 5.935131e-02 2.073635e-04 
4.043000e+02 1.383730e-02 5.947623e-02 1.416020e+00 1.076087e+04 8.075559e+03 1.853173e+02 10000 11000 2.362555e-04     0 3.862550e-02 5.886200e+01 1.299704e+02 5.934937e-02 2.092010e-04 
4.044000e+02 1.383467e-02 5.955336e-02 1.416242e+00 1.076288e+04 8.088400e+03 1.853195e+02 10000 11000 2.309330e-04     0 3.862816e-02 5.889828e+01 1.299705e+02 5.934741e-02 2.109923e-04 
4.045000e+02 1.383365e-02 5.963031e-02 1.416465e+00 1.076488e+04 8.101242e+03 1.853228e+02 10000 11000 2.256500e-04     0 3.863086e-02 5.893447e+01 1.299706e+02 5.934542e-02 2.129069e-04 
4.046000e+02 1.383404e-02 5.970707e-02 1.416687e+00 1.076689e+04 8.114084e+03 1.853270e+02 10000 11000 2.263537e-04     0 3.863360e-02 5.897058e+01 1.299707e+02 5.934340e-02 2.149991e-04 
4.047000e+02 1.383511e-02 5.978362e-02 1.416909e+00 1.076888e+04 8.126927e+03 1.853323e+02 10000 11000 2.236928e-04     0 3.863637e-02 5.900660e+01 1.299707e+02 5.934136e-02 2.170616e-04 
4.048000e+02 1.383701e-02 5.985997e-02 1.417132e+00 1.077088e+04 8.139770e+03 1.853386e+02 10000 11000 2.199099e-04     0 3.863918e-02 5.904253e+01 1.299708e+02 5.933930e-02 2.190332e-04 
4.049000e+02 1.384006e-02 5.993611e-02 1.417354e+00 1.077287e+04 8.152613e+03 1.853460e+02 10000 11000 2.158820e-04     0 3.864203e-02 5.907837e+01 1.299709e+02 5.933721e-02 2.209755e-04 
  405 1.384443e-02 6.001204e-02 1.417577e+00 1.077486e+04 8.165457e+03 1.853543e+02 10000 11000 2.119684e-04     0 3.864491e-02 5.911411e+01 1.299710e+02 5.933509e-02 2.229803e-04 
4.051000e+02 1.385004e-02 6.008775e-02 1.417800e+00 1.077685e+04 8.178302e+03 1.853636e+02 10000 11000 2.107449e-04     0 3.864783e-02 5.914975e+01 1.299711e+02 5.933295e-02 2.250846e-04 
4.052000e+02 1.385656e-02 6.016323e-02 1.418023e+00 1.077883e+04 8.191146e+03 1.853740e+02 10000 11000 2.082415e-04     0 3.865078e-02 5.918530e+01 1.299711e+02 5.933079e-02 2.272023e-04 
4.053000e+02 1.386400e-02 6.023848e-02 1.418247e+00 1.078081e+04 8.203992e+03 1.853854e+02 10000 11000 2.054128e-04     0 3.865377e-02 5.922074e+01 1.299712e+02 5.932860e-02 2.292983e-04 
4.054000e+02 1.387246e-02 6.031350e-02 1.418471e+00 1.078279e+04 8.216837e+03 1.853977e+02 10000 11000 2.026260e-04     0 3.865679e-02 5.925607e+01 1.299713e+02 5.932639e-02 2.313813e-04 
4.055000e+02 1.388198e-02 6.038828e-02 1.418695e+00 1.078476e+04 8.229684e+03 1.854111e+02 10000 11000 2.000263e-04     0 3.865985e-02 5.929130e+01 1.299713e+02 5.932416e-02 2.334691e-04 
4.056000e+02 1.389259e-02 6.046282e-02 1.418919e+00 1.078674e+04 8.242530e+03 1.854255e+02 10000 11000 1.969294e-04     0 3.866294e-02 5.932642e+01 1.299714e+02 5.932190e-02 2.355821e-04 
4.057000e+02 1.390431e-02 6.053710e-02 1.419144e+00 1.078871e+04 8.255377e+03 1.854409e+02 10000 11000 1.945709e-04     0 3.866606e-02 5.936143e+01 1.299715e+02 5.931962e-02 2.377516e-04 
4.058000e+02 1.391707e-02 6.061114e-02 1.419369e+00 1.079067e+04 8.268225e+03 1.854572e+02 10000 11000 1.926596e-04     0 3.866922e-02 5.939633e+01 1.299715e+02 5.931731e-02 2.399676e-04 
4.059000e+02 1.393073e-02 6.068491e-02 1.419595e+00 1.079264e+04 8.281073e+03 1.854746e+02 10000 11000 1.910699e-04     0 3.867241e-02 5.943111e+01 1.299716e+02 5.931498e-02 2.421874e-04 
  406 1.394520e-02 6.075843e-02 1.419821e+00 1.079460e+04 8.293921e+03 1.854929e+02 10000 11000 1.897390e-04     0 3.867564e-02 5.946577e+01 1.299716e+02 5.931263e-02 2.443560e-04 
4.061000e+02 1.396061e-02 6.083167e-02 1.420048e+00 1.079655e+04 8.306770e+03 1.855123e+02 10000 11000 1.847709e-04     0 3.867889e-02 5.950031e+01 1.299717e+02 5.931026e-02 2.464783e-04 
4.062000e+02 1.397738e-02 6.090464e-02 1.420276e+00 1.079851e+04 8.319620e+03 1.855326e+02 10000 11000 1.825330e-04     0 3.868219e-02 5.953473e+01 1.299717e+02 5.930786e-02 2.487017e-04 
4.063000e+02 1.399528e-02 6.097733e-02 1.420504e+00 1.080046e+04 8.332469e+03 1.855539e+02 10000 11000 1.815068e-04     0 3.868551e-02 5.956902e+01 1.299718e+02 5.930544e-02 2.510402e-04 
4.064000e+02 1.401399e-02 6.104975e-02 1.420733e+00 1.080241e+04 8.345320e+03 1.855761e+02 10000 11000 1.810802e-04     0 3.868887e-02 5.960319e+01 1.299718e+02 5.930300e-02 2.533999e-04 
4.065000e+02 1.403326e-02 6.112187e-02 1.420962e+00 1.080435e+04 8.358170e+03 1.855994e+02 10000 11000 1.809853e-04     0 3.869225e-02 5.963723e+01 1.299719e+02 5.930054e-02 2.556537e-04 
4.066000e+02 1.405333e-02 6.119371e-02 1.421192e+00 1.080630e+04 8.371022e+03 1.856236e+02 10000 11000 1.740914e-04     0 3.869567e-02 5.967114e+01 1.299719e+02 5.929805e-02 2.577911e-04 
4.067000e+02 1.407502e-02 6.126525e-02 1.421423e+00 1.080824e+04 8.383873e+03 1.856487e+02 10000 11000 1.719376e-04     0 3.869912e-02 5.970491e+01 1.299720e+02 5.929555e-02 2.600765e-04 
4.068000e+02 1.409797e-02 6.133649e-02 1.421655e+00 1.081017e+04 8.396725e+03 1.856749e+02 10000 11000 1.717692e-04     0 3.870261e-02 5.973855e+01 1.299720e+02 5.929302e-02 2.625482e-04 
4.069000e+02 1.412163e-02 6.140742e-02 1.421887e+00 1.081211e+04 8.409578e+03 1.857019e+02 10000 11000 1.724840e-04     0 3.870612e-02 5.977205e+01 1.299721e+02 5.929047e-02 2.650598e-04 
  407 1.414562e-02 6.147805e-02 1.422120e+00 1.081404e+04 8.422431e+03 1.857300e+02 10000 11000 1.736061e-04     0 3.870967e-02 5.980541e+01 1.299721e+02 5.928790e-02 2.674105e-04 
4.071000e+02 1.417029e-02 6.154836e-02 1.422355e+00 1.081597e+04 8.435284e+03 1.857590e+02 10000 11000 1.646700e-04     0 3.871324e-02 5.983863e+01 1.299721e+02 5.928530e-02 2.695748e-04 
4.072000e+02 1.419685e-02 6.161835e-02 1.422590e+00 1.081789e+04 8.448138e+03 1.857889e+02 10000 11000 1.625511e-04     0 3.871685e-02 5.987170e+01 1.299722e+02 5.928269e-02 2.719377e-04 
4.073000e+02 1.422483e-02 6.168803e-02 1.422826e+00 1.081981e+04 8.460992e+03 1.858198e+02 10000 11000 1.632205e-04     0 3.872048e-02 5.990463e+01 1.299722e+02 5.928006e-02 2.745623e-04 
4.074000e+02 1.425343e-02 6.175738e-02 1.423063e+00 1.082173e+04 8.473847e+03 1.858516e+02 10000 11000 1.650696e-04     0 3.872415e-02 5.993742e+01 1.299722e+02 5.927740e-02 2.772473e-04 
4.075000e+02 1.428213e-02 6.182639e-02 1.423301e+00 1.082365e+04 8.486702e+03 1.858843e+02 10000 11000 1.674072e-04     0 3.872784e-02 5.997005e+01 1.299723e+02 5.927473e-02 2.797150e-04 
4.076000e+02 1.431139e-02 6.189507e-02 1.423540e+00 1.082556e+04 8.499558e+03 1.859180e+02 10000 11000 1.562450e-04     0 3.873156e-02 6.000253e+01 1.299723e+02 5.927204e-02 2.819243e-04 
4.077000e+02 1.434288e-02 6.196341e-02 1.423780e+00 1.082747e+04 8.512414e+03 1.859526e+02 10000 11000 1.540994e-04     0 3.873531e-02 6.003486e+01 1.299723e+02 5.926932e-02 2.843882e-04 
4.078000e+02 1.437596e-02 6.203141e-02 1.424021e+00 1.082938e+04 8.525271e+03 1.859881e+02 10000 11000 1.555961e-04     0 3.873909e-02 6.006703e+01 1.299724e+02 5.926659e-02 2.871953e-04 
4.079000e+02 1.440959e-02 6.209906e-02 1.424263e+00 1.083128e+04 8.538128e+03 1.860245e+02 10000 11000 1.585905e-04     0 3.874290e-02 6.009904e+01 1.299724e+02 5.926384e-02 2.900855e-04 
  408 1.444307e-02 6.216636e-02 1.424507e+00 1.083318e+04 8.550985e+03 1.860619e+02 10000 11000 1.621626e-04     0 3.874673e-02 6.013089e+01 1.299724e+02 5.926107e-02 2.926987e-04 
4.081000e+02 1.447703e-02 6.223330e-02 1.424752e+00 1.083508e+04 8.563843e+03 1.861001e+02 10000 11000 1.485168e-04     0 3.875059e-02 6.016258e+01 1.299724e+02 5.925828e-02 2.949779e-04 
4.082000e+02 1.451359e-02 6.229988e-02 1.424997e+00 1.083697e+04 8.576702e+03 1.861393e+02 10000 11000 1.462709e-04     0 3.875448e-02 6.019411e+01 1.299724e+02 5.925547e-02 2.975744e-04 
4.083000e+02 1.455197e-02 6.236610e-02 1.425244e+00 1.083886e+04 8.589561e+03 1.861794e+02 10000 11000 1.485967e-04     0 3.875840e-02 6.022547e+01 1.299725e+02 5.925264e-02 3.006040e-04 
4.084000e+02 1.459083e-02 6.243195e-02 1.425492e+00 1.084075e+04 8.602420e+03 1.862203e+02 10000 11000 1.527694e-04     0 3.876234e-02 6.025667e+01 1.299725e+02 5.924979e-02 3.037423e-04 
4.085000e+02 1.462929e-02 6.249743e-02 1.425742e+00 1.084263e+04 8.615280e+03 1.862622e+02 10000 11000 1.576200e-04     0 3.876631e-02 6.028769e+01 1.299725e+02 5.924693e-02 3.065389e-04 
4.086000e+02 1.466814e-02 6.256253e-02 1.425993e+00 1.084451e+04 8.628140e+03 1.863049e+02 10000 11000 1.411514e-04     0 3.877030e-02 6.031855e+01 1.299725e+02 5.924405e-02 3.089198e-04 
4.087000e+02 1.471004e-02 6.262725e-02 1.426246e+00 1.084639e+04 8.641001e+03 1.863485e+02 10000 11000 1.387193e-04     0 3.877432e-02 6.034923e+01 1.299725e+02 5.924115e-02 3.116890e-04 
4.088000e+02 1.475404e-02 6.269159e-02 1.426499e+00 1.084827e+04 8.653862e+03 1.863930e+02 10000 11000 1.418915e-04     0 3.877837e-02 6.037973e+01 1.299725e+02 5.923823e-02 3.149923e-04 
4.089000e+02 1.479847e-02 6.275555e-02 1.426754e+00 1.085014e+04 8.666724e+03 1.864384e+02 10000 11000 1.473019e-04     0 3.878244e-02 6.041006e+01 1.299725e+02 5.923530e-02 3.184332e-04 
  409 1.484223e-02 6.281911e-02 1.427011e+00 1.085201e+04 8.679586e+03 1.864846e+02 10000 11000 1.535052e-04     0 3.878653e-02 6.044021e+01 1.299726e+02 5.923235e-02 3.214607e-04 
4.091000e+02 1.488631e-02 6.288227e-02 1.427269e+00 1.085387e+04 8.692449e+03 1.865317e+02 10000 11000 1.337809e-04     0 3.879064e-02 6.047018e+01 1.299726e+02 5.922939e-02 3.239820e-04 
4.092000e+02 1.493398e-02 6.294504e-02 1.427529e+00 1.085573e+04 8.705312e+03 1.865796e+02 10000 11000 1.310637e-04     0 3.879478e-02 6.049997e+01 1.299726e+02 5.922640e-02 3.269735e-04 
4.093000e+02 1.498408e-02 6.300740e-02 1.427790e+00 1.085759e+04 8.718176e+03 1.866284e+02 10000 11000 1.351189e-04     0 3.879894e-02 6.052958e+01 1.299726e+02 5.922340e-02 3.306137e-04 
4.094000e+02 1.503457e-02 6.306937e-02 1.428052e+00 1.085945e+04 8.731040e+03 1.866781e+02 10000 11000 1.418583e-04     0 3.880313e-02 6.055900e+01 1.299726e+02 5.922039e-02 3.344248e-04 
4.095000e+02 1.508411e-02 6.313092e-02 1.428316e+00 1.086130e+04 8.743904e+03 1.867286e+02 10000 11000 1.495242e-04     0 3.880733e-02 6.058823e+01 1.299726e+02 5.921736e-02 3.377412e-04 
4.096000e+02 1.513390e-02 6.319204e-02 1.428583e+00 1.086315e+04 8.756769e+03 1.867799e+02 10000 11000 1.260014e-04     0 3.881156e-02 6.061727e+01 1.299726e+02 5.921432e-02 3.404496e-04 
4.097000e+02 1.518794e-02 6.325276e-02 1.428851e+00 1.086499e+04 8.769635e+03 1.868320e+02 10000 11000 1.228850e-04     0 3.881581e-02 6.064613e+01 1.299726e+02 5.921126e-02 3.437230e-04 
4.098000e+02 1.524482e-02 6.331306e-02 1.429120e+00 1.086683e+04 8.782501e+03 1.868850e+02 10000 11000 1.278830e-04     0 3.882008e-02 6.067479e+01 1.299726e+02 5.920818e-02 3.477775e-04 
4.099000e+02 1.530207e-02 6.337294e-02 1.429390e+00 1.086867e+04 8.795368e+03 1.869388e+02 10000 11000 1.360806e-04     0 3.882438e-02 6.070326e+01 1.299726e+02 5.920509e-02 3.520411e-04 
  410 1.535806e-02 6.343239e-02 1.429663e+00 1.087050e+04 8.808235e+03 1.869934e+02 10000 11000 1.453617e-04     0 3.882868e-02 6.073153e+01 1.299726e+02 5.920199e-02 3.557167e-04 
4.101000e+02 1.541422e-02 6.349140e-02 1.429939e+00 1.087233e+04 8.821102e+03 1.870489e+02 10000 11000 1.173633e-04     0 3.883301e-02 6.075960e+01 1.299726e+02 5.919887e-02 3.586676e-04 
4.102000e+02 1.547545e-02 6.354998e-02 1.430216e+00 1.087416e+04 8.833970e+03 1.871051e+02 10000 11000 1.137147e-04     0 3.883736e-02 6.078748e+01 1.299726e+02 5.919574e-02 3.622949e-04 
4.103000e+02 1.554001e-02 6.360813e-02 1.430494e+00 1.087598e+04 8.846839e+03 1.871621e+02 10000 11000 1.197425e-04     0 3.884173e-02 6.081515e+01 1.299726e+02 5.919260e-02 3.668579e-04 
4.104000e+02 1.560494e-02 6.366584e-02 1.430774e+00 1.087780e+04 8.859708e+03 1.872200e+02 10000 11000 1.295734e-04     0 3.884612e-02 6.084263e+01 1.299725e+02 5.918944e-02 3.716746e-04 
4.105000e+02 1.566825e-02 6.372310e-02 1.431056e+00 1.087962e+04 8.872578e+03 1.872786e+02 10000 11000 1.406736e-04     0 3.885052e-02 6.086990e+01 1.299725e+02 5.918628e-02 3.757945e-04 
4.106000e+02 1.573169e-02 6.377990e-02 1.431342e+00 1.088143e+04 8.885448e+03 1.873380e+02 10000 11000 1.073533e-04     0 3.885493e-02 6.089696e+01 1.299725e+02 5.918310e-02 3.790543e-04 
4.107000e+02 1.580116e-02 6.383626e-02 1.431629e+00 1.088324e+04 8.898318e+03 1.873981e+02 10000 11000 1.030144e-04     0 3.885937e-02 6.092382e+01 1.299725e+02 5.917990e-02 3.831228e-04 
4.108000e+02 1.587460e-02 6.389218e-02 1.431917e+00 1.088505e+04 8.911189e+03 1.874591e+02 10000 11000 1.101918e-04     0 3.886383e-02 6.095047e+01 1.299725e+02 5.917670e-02 3.883096e-04 
4.109000e+02 1.594841e-02 6.394764e-02 1.432207e+00 1.088685e+04 8.924061e+03 1.875208e+02 10000 11000 1.218866e-04     0 3.886830e-02 6.097691e+01 1.299725e+02 5.917348e-02 3.938031e-04 
  411 1.602018e-02 6.400263e-02 1.432500e+00 1.088865e+04 8.936933e+03 1.875833e+02 10000 11000 1.350727e-04     0 3.887278e-02 6.100315e+01 1.299725e+02 5.917025e-02 3.984716e-04 
4.111000e+02 1.609205e-02 6.405715e-02 1.432796e+00 1.089044e+04 8.949806e+03 1.876465e+02 10000 11000 9.536513e-05     0 3.887727e-02 6.102916e+01 1.299725e+02 5.916702e-02 4.021209e-04 
4.112000e+02 1.617116e-02 6.411121e-02 1.433095e+00 1.089223e+04 8.962679e+03 1.877105e+02 10000 11000 9.014271e-05     0 3.888178e-02 6.105497e+01 1.299725e+02 5.916377e-02 4.067381e-04 
4.113000e+02 1.625502e-02 6.416481e-02 1.433394e+00 1.089402e+04 8.975553e+03 1.877752e+02 10000 11000 9.862869e-05     0 3.888631e-02 6.108056e+01 1.299724e+02 5.916051e-02 4.126922e-04 
4.114000e+02 1.633926e-02 6.421794e-02 1.433696e+00 1.089580e+04 8.988427e+03 1.878406e+02 10000 11000 1.124868e-04     0 3.889084e-02 6.110593e+01 1.299724e+02 5.915725e-02 4.190165e-04 
4.115000e+02 1.642098e-02 6.427059e-02 1.434001e+00 1.089758e+04 9.001302e+03 1.879068e+02 10000 11000 1.281036e-04     0 3.889539e-02 6.113109e+01 1.299724e+02 5.915397e-02 4.243634e-04 
4.116000e+02 1.650279e-02 6.432275e-02 1.434309e+00 1.089936e+04 9.014177e+03 1.879737e+02 10000 11000 8.065217e-05     0 3.889994e-02 6.115602e+01 1.299724e+02 5.915069e-02 4.285023e-04 
4.117000e+02 1.659331e-02 6.437444e-02 1.434620e+00 1.090113e+04 9.027053e+03 1.880413e+02 10000 11000 7.430316e-05     0 3.890451e-02 6.118074e+01 1.299724e+02 5.914739e-02 4.338032e-04 
4.118000e+02 1.668956e-02 6.442565e-02 1.434932e+00 1.090289e+04 9.039929e+03 1.881096e+02 10000 11000 8.430487e-05     0 3.890910e-02 6.120523e+01 1.299724e+02 5.914409e-02 4.407059e-04 
4.119000e+02 1.678623e-02 6.447639e-02 1.435247e+00 1.090466e+04 9.052806e+03 1.881787e+02 10000 11000 1.007125e-04     0 3.891369e-02 6.122950e+01 1.299723e+02 5.914078e-02 4.480567e-04 
  412 1.687983e-02 6.452662e-02 1.435565e+00 1.090641e+04 9.065684e+03 1.882484e+02 10000 11000 1.192043e-04     0 3.891828e-02 6.125355e+01 1.299723e+02 5.913747e-02 4.542467e-04 
4.121000e+02 1.697348e-02 6.457635e-02 1.435887e+00 1.090817e+04 9.078562e+03 1.883188e+02 10000 11000 6.225657e-05     0 3.892287e-02 6.127737e+01 1.299723e+02 5.913415e-02 4.590028e-04 
4.122000e+02 1.707774e-02 6.462559e-02 1.436212e+00 1.090992e+04 9.091440e+03 1.883899e+02 10000 11000 5.446636e-05     0 3.892749e-02 6.130096e+01 1.299723e+02 5.913082e-02 4.651608e-04 
4.123000e+02 1.718894e-02 6.467436e-02 1.436538e+00 1.091167e+04 9.104320e+03 1.884617e+02 10000 11000 6.625091e-05     0 3.893211e-02 6.132433e+01 1.299723e+02 5.912748e-02 4.732467e-04 
4.124000e+02 1.730063e-02 6.472263e-02 1.436867e+00 1.091341e+04 9.117199e+03 1.885342e+02 10000 11000 8.570702e-05     0 3.893673e-02 6.134747e+01 1.299722e+02 5.912414e-02 4.818774e-04 
4.125000e+02 1.740855e-02 6.477038e-02 1.437200e+00 1.091515e+04 9.130080e+03 1.886073e+02 10000 11000 1.076478e-04     0 3.894136e-02 6.137037e+01 1.299722e+02 5.912080e-02 4.891245e-04 
4.126000e+02 1.751656e-02 6.481761e-02 1.437538e+00 1.091688e+04 9.142960e+03 1.886811e+02 10000 11000 3.890090e-05     0 3.894598e-02 6.139305e+01 1.299722e+02 5.911745e-02 4.946642e-04 
4.127000e+02 1.763755e-02 6.486435e-02 1.437879e+00 1.091861e+04 9.155842e+03 1.887555e+02 10000 11000 2.925041e-05     0 3.895061e-02 6.141549e+01 1.299722e+02 5.911410e-02 5.019077e-04 
4.128000e+02 1.776702e-02 6.491060e-02 1.438221e+00 1.092033e+04 9.168724e+03 1.888306e+02 10000 11000 4.316181e-05     0 3.895525e-02 6.143770e+01 1.299721e+02 5.911074e-02 5.114862e-04 
4.129000e+02 1.789711e-02 6.495634e-02 1.438566e+00 1.092205e+04 9.181607e+03 1.889063e+02 10000 11000 6.631503e-05     0 3.895989e-02 6.145967e+01 1.299721e+02 5.910738e-02 5.217323e-04 
  413 1.802258e-02 6.500155e-02 1.438916e+00 1.092377e+04 9.194490e+03 1.889827e+02 10000 11000 9.245195e-05     0 3.896452e-02 6.148140e+01 1.299721e+02 5.910402e-02 5.303211e-04 
4.131000e+02 1.814820e-02 6.504622e-02 1.439272e+00 1.092548e+04 9.207374e+03 1.890597e+02 10000 11000 8.820524e-06     0 3.896914e-02 6.150290e+01 1.299721e+02 5.910066e-02 5.368680e-04 
4.132000e+02 1.828985e-02 6.509039e-02 1.439630e+00 1.092719e+04 9.220258e+03 1.891373e+02 10000 11000 -3.264211e-06     0 3.897377e-02 6.152416e+01 1.299720e+02 5.909729e-02 5.455053e-04 
4.133000e+02 1.844200e-02 6.513406e-02 1.439991e+00 1.092889e+04 9.233143e+03 1.892155e+02 10000 11000 1.321903e-05     0 3.897840e-02 6.154519e+01 1.299720e+02 5.909392e-02 5.569952e-04 
4.134000e+02 1.859493e-02 6.517723e-02 1.440355e+00 1.093059e+04 9.246029e+03 1.892944e+02 10000 11000 4.092208e-05     0 3.898303e-02 6.156597e+01 1.299720e+02 5.909056e-02 5.693119e-04 
4.135000e+02 1.874220e-02 6.521984e-02 1.440724e+00 1.093228e+04 9.258915e+03 1.893738e+02 10000 11000 7.224055e-05     0 3.898763e-02 6.158651e+01 1.299720e+02 5.908719e-02 5.796303e-04 
4.136000e+02 1.888975e-02 6.526189e-02 1.441100e+00 1.093397e+04 9.271802e+03 1.894538e+02 10000 11000 -3.050296e-05     0 3.899223e-02 6.160681e+01 1.299719e+02 5.908384e-02 5.874926e-04 
4.137000e+02 1.905732e-02 6.530344e-02 1.441479e+00 1.093565e+04 9.284689e+03 1.895344e+02 10000 11000 -4.583049e-05     0 3.899682e-02 6.162686e+01 1.299719e+02 5.908048e-02 5.979512e-04 
4.138000e+02 1.923804e-02 6.534449e-02 1.441860e+00 1.093733e+04 9.297577e+03 1.896156e+02 10000 11000 -2.619441e-05     0 3.900143e-02 6.164667e+01 1.299719e+02 5.907711e-02 6.119336e-04 
4.139000e+02 1.941981e-02 6.538502e-02 1.442245e+00 1.093900e+04 9.310466e+03 1.896974e+02 10000 11000 7.197076e-06     0 3.900601e-02 6.166624e+01 1.299719e+02 5.907375e-02 6.269539e-04 
  414 1.959458e-02 6.542498e-02 1.442637e+00 1.094067e+04 9.323356e+03 1.897797e+02 10000 11000 4.501827e-05     0 3.901056e-02 6.168556e+01 1.299719e+02 5.907041e-02 6.395452e-04 
4.141000e+02 1.976988e-02 6.546436e-02 1.443036e+00 1.094233e+04 9.336246e+03 1.898626e+02 10000 11000 -8.278040e-05     0 3.901508e-02 6.170463e+01 1.299718e+02 5.906707e-02 6.491604e-04 
4.142000e+02 1.997054e-02 6.550323e-02 1.443439e+00 1.094399e+04 9.349136e+03 1.899460e+02 10000 11000 -1.025242e-04     0 3.901961e-02 6.172346e+01 1.299718e+02 5.906373e-02 6.620497e-04 
4.143000e+02 2.018790e-02 6.554162e-02 1.443844e+00 1.094565e+04 9.362028e+03 1.900300e+02 10000 11000 -7.896659e-05     0 3.902414e-02 6.174204e+01 1.299718e+02 5.906039e-02 6.793542e-04 
4.144000e+02 2.040670e-02 6.557947e-02 1.444254e+00 1.094729e+04 9.374920e+03 1.901145e+02 10000 11000 -3.833603e-05     0 3.902864e-02 6.176037e+01 1.299718e+02 5.905706e-02 6.979842e-04 
4.145000e+02 2.061683e-02 6.561674e-02 1.444671e+00 1.094893e+04 9.387813e+03 1.901995e+02 10000 11000 7.796564e-06     0 3.903309e-02 6.177845e+01 1.299717e+02 5.905375e-02 7.136316e-04 
4.146000e+02 2.082791e-02 6.565340e-02 1.445098e+00 1.095057e+04 9.400706e+03 1.902851e+02 10000 11000 -1.536667e-04     0 3.903750e-02 6.179627e+01 1.299717e+02 5.905045e-02 7.256400e-04 
4.147000e+02 2.107165e-02 6.568955e-02 1.445529e+00 1.095220e+04 9.413600e+03 1.903712e+02 10000 11000 -1.795873e-04     0 3.904191e-02 6.181385e+01 1.299717e+02 5.904715e-02 7.418575e-04 
4.148000e+02 2.133699e-02 6.572522e-02 1.445962e+00 1.095383e+04 9.426495e+03 1.904577e+02 10000 11000 -1.510740e-04     0 3.904631e-02 6.183118e+01 1.299717e+02 5.904386e-02 7.637063e-04 
4.149000e+02 2.160441e-02 6.576037e-02 1.446400e+00 1.095545e+04 9.439391e+03 1.905448e+02 10000 11000 -1.010409e-04     0 3.905067e-02 6.184825e+01 1.299717e+02 5.904058e-02 7.872858e-04 
  415 2.186093e-02 6.579489e-02 1.446848e+00 1.095706e+04 9.452287e+03 1.906324e+02 10000 11000 -4.405719e-05     0 3.905496e-02 6.186507e+01 1.299716e+02 5.903733e-02 8.071564e-04 
4.151000e+02 2.211919e-02 6.582879e-02 1.447308e+00 1.095867e+04 9.465184e+03 1.907205e+02 10000 11000 -2.521107e-04     0 3.905919e-02 6.188163e+01 1.299716e+02 5.903411e-02 8.225287e-04 
4.152000e+02 2.242039e-02 6.586218e-02 1.447771e+00 1.096027e+04 9.478082e+03 1.908090e+02 10000 11000 -2.869524e-04     0 3.906342e-02 6.189794e+01 1.299716e+02 5.903088e-02 8.434444e-04 
4.153000e+02 2.275013e-02 6.589512e-02 1.448237e+00 1.096187e+04 9.490980e+03 1.908980e+02 10000 11000 -2.520646e-04     0 3.906763e-02 6.191400e+01 1.299716e+02 5.902766e-02 8.717072e-04 
4.154000e+02 2.308295e-02 6.592752e-02 1.448710e+00 1.096346e+04 9.503879e+03 1.909874e+02 10000 11000 -1.895202e-04     0 3.907178e-02 6.192980e+01 1.299716e+02 5.902446e-02 9.022925e-04 
4.155000e+02 2.340194e-02 6.595928e-02 1.449194e+00 1.096504e+04 9.516779e+03 1.910773e+02 10000 11000 -1.180079e-04     0 3.907582e-02 6.194534e+01 1.299716e+02 5.902131e-02 9.281943e-04 
4.156000e+02 2.372408e-02 6.599036e-02 1.449692e+00 1.096662e+04 9.529680e+03 1.911677e+02 10000 11000 -3.929164e-04     0 3.907978e-02 6.196063e+01 1.299716e+02 5.901819e-02 9.484627e-04 
4.157000e+02 2.410417e-02 6.602097e-02 1.450195e+00 1.096819e+04 9.542581e+03 1.912585e+02 10000 11000 -4.411585e-04     0 3.908373e-02 6.197566e+01 1.299716e+02 5.901507e-02 9.762610e-04 
4.158000e+02 2.452299e-02 6.605115e-02 1.450701e+00 1.096976e+04 9.555484e+03 1.913497e+02 10000 11000 -3.979044e-04     0 3.908765e-02 6.199043e+01 1.299716e+02 5.901195e-02 1.013927e-03 
4.159000e+02 2.494658e-02 6.608081e-02 1.451214e+00 1.097131e+04 9.568387e+03 1.914414e+02 10000 11000 -3.182190e-04     0 3.909148e-02 6.200494e+01 1.299716e+02 5.900888e-02 1.054821e-03 
  416 2.535234e-02 6.610978e-02 1.451742e+00 1.097286e+04 9.581291e+03 1.915334e+02 10000 11000 -2.266490e-04     0 3.909515e-02 6.201919e+01 1.299716e+02 5.900586e-02 1.089688e-03 
4.161000e+02 2.576383e-02 6.613801e-02 1.452287e+00 1.097441e+04 9.594196e+03 1.916259e+02 10000 11000 -6.019416e-04     0 3.909869e-02 6.203319e+01 1.299716e+02 5.900291e-02 1.117392e-03 
4.162000e+02 2.625623e-02 6.616580e-02 1.452838e+00 1.097594e+04 9.607101e+03 1.917187e+02 10000 11000 -6.713192e-04     0 3.910222e-02 6.204693e+01 1.299716e+02 5.899993e-02 1.155743e-03 
4.163000e+02 2.680305e-02 6.619325e-02 1.453391e+00 1.097747e+04 9.620008e+03 1.918119e+02 10000 11000 -6.168330e-04     0 3.910571e-02 6.206040e+01 1.299716e+02 5.899697e-02 1.207859e-03 
4.164000e+02 2.735754e-02 6.622019e-02 1.453953e+00 1.097900e+04 9.632915e+03 1.919055e+02 10000 11000 -5.127969e-04     0 3.910905e-02 6.207362e+01 1.299716e+02 5.899405e-02 1.264674e-03 
4.165000e+02 2.788861e-02 6.624636e-02 1.454534e+00 1.098051e+04 9.645824e+03 1.919995e+02 10000 11000 -3.924584e-04     0 3.911217e-02 6.208658e+01 1.299716e+02 5.899124e-02 1.313543e-03 
4.166000e+02 2.843038e-02 6.627172e-02 1.455138e+00 1.098202e+04 9.658733e+03 1.920939e+02 10000 11000 -9.275665e-04     0 3.911507e-02 6.209927e+01 1.299716e+02 5.898851e-02 1.353156e-03 
4.167000e+02 2.909025e-02 6.629671e-02 1.455748e+00 1.098352e+04 9.671643e+03 1.921885e+02 10000 11000 -1.032432e-03     0 3.911795e-02 6.211171e+01 1.299717e+02 5.898573e-02 1.408647e-03 
4.168000e+02 2.983016e-02 6.632150e-02 1.456359e+00 1.098501e+04 9.684554e+03 1.922836e+02 10000 11000 -9.624858e-04     0 3.912079e-02 6.212389e+01 1.299717e+02 5.898296e-02 1.484344e-03 
4.169000e+02 3.058311e-02 6.634583e-02 1.456981e+00 1.098649e+04 9.697466e+03 1.923789e+02 10000 11000 -8.222142e-04     0 3.912340e-02 6.213580e+01 1.299717e+02 5.898026e-02 1.567308e-03 
  417 3.130443e-02 6.636928e-02 1.457629e+00 1.098796e+04 9.710379e+03 1.924746e+02 10000 11000 -6.585360e-04     0 3.912564e-02 6.214746e+01 1.299718e+02 5.897773e-02 1.639483e-03 
4.171000e+02 3.204681e-02 6.639175e-02 1.458307e+00 1.098943e+04 9.723293e+03 1.925705e+02 10000 11000 -1.468907e-03     0 3.912753e-02 6.215885e+01 1.299718e+02 5.897530e-02 1.699514e-03 
4.172000e+02 3.297238e-02 6.641406e-02 1.458990e+00 1.099088e+04 9.736208e+03 1.926668e+02 10000 11000 -1.638537e-03     0 3.912939e-02 6.216999e+01 1.299719e+02 5.897276e-02 1.785039e-03 
4.173000e+02 3.402336e-02 6.643646e-02 1.459672e+00 1.099233e+04 9.749124e+03 1.927634e+02 10000 11000 -1.546781e-03     0 3.913123e-02 6.218086e+01 1.299720e+02 5.897018e-02 1.902406e-03 
4.174000e+02 3.509800e-02 6.645852e-02 1.460367e+00 1.099376e+04 9.762041e+03 1.928602e+02 10000 11000 -1.349147e-03     0 3.913269e-02 6.219148e+01 1.299720e+02 5.896772e-02 2.031988e-03 
4.175000e+02 3.612847e-02 6.647950e-02 1.461098e+00 1.099519e+04 9.774960e+03 1.929572e+02 10000 11000 -1.115730e-03     0 3.913353e-02 6.220183e+01 1.299721e+02 5.896552e-02 2.146365e-03 
4.176000e+02 3.720371e-02 6.649923e-02 1.461871e+00 1.099661e+04 9.787879e+03 1.930546e+02 10000 11000 -2.456347e-03     0 3.913375e-02 6.221193e+01 1.299722e+02 5.896348e-02 2.244770e-03 
4.177000e+02 3.858973e-02 6.651929e-02 1.462645e+00 1.099801e+04 9.800800e+03 1.931521e+02 10000 11000 -2.758891e-03     0 3.913398e-02 6.222177e+01 1.299723e+02 5.896107e-02 2.388748e-03 
4.178000e+02 4.019097e-02 6.654021e-02 1.463410e+00 1.099941e+04 9.813722e+03 1.932499e+02 10000 11000 -2.635959e-03     0 3.913425e-02 6.223135e+01 1.299725e+02 5.895848e-02 2.588433e-03 
4.179000e+02 4.183949e-02 6.656116e-02 1.464190e+00 1.100079e+04 9.826645e+03 1.933478e+02 10000 11000 -2.339217e-03     0 3.913391e-02 6.224068e+01 1.299726e+02 5.895604e-02 2.811265e-03 
  418 4.342318e-02 6.658064e-02 1.465024e+00 1.100216e+04 9.839569e+03 1.934459e+02 10000 11000 -1.982539e-03     0 3.913243e-02 6.224975e+01 1.299728e+02 5.895408e-02 3.011654e-03 
4.181000e+02 4.511606e-02 6.659840e-02 1.465918e+00 1.100352e+04 9.852495e+03 1.935442e+02 10000 11000 -4.537929e-03     0 3.912977e-02 6.225857e+01 1.299730e+02 5.895221e-02 3.192410e-03 
4.182000e+02 4.741694e-02 6.661812e-02 1.466796e+00 1.100487e+04 9.865422e+03 1.936426e+02 10000 11000 -5.167002e-03     0 3.912736e-02 6.226713e+01 1.299732e+02 5.894906e-02 3.469649e-03 
4.183000e+02 5.014497e-02 6.664124e-02 1.467640e+00 1.100620e+04 9.878350e+03 1.937411e+02 10000 11000 -5.002016e-03     0 3.912545e-02 6.227545e+01 1.299734e+02 5.894504e-02 3.862036e-03 
4.184000e+02 5.298253e-02 6.666587e-02 1.468494e+00 1.100752e+04 9.891280e+03 1.938397e+02 10000 11000 -4.509189e-03     0 3.912259e-02 6.228351e+01 1.299737e+02 5.894100e-02 4.307258e-03 
4.185000e+02 5.571747e-02 6.668833e-02 1.469435e+00 1.100882e+04 9.904211e+03 1.939383e+02 10000 11000 -3.900311e-03     0 3.911745e-02 6.229134e+01 1.299740e+02 5.893789e-02 4.717628e-03 
4.186000e+02 5.880001e-02 6.670855e-02 1.470466e+00 1.101011e+04 9.917145e+03 1.940368e+02 10000 11000 -1.025577e-02     0 3.910976e-02 6.229892e+01 1.299744e+02 5.893385e-02 5.117878e-03 
4.187000e+02 6.343515e-02 6.673915e-02 1.471392e+00 1.101138e+04 9.930079e+03 1.941353e+02 10000 11000 -1.198864e-02     0 3.910438e-02 6.230627e+01 1.299749e+02 5.892318e-02 5.795898e-03 
4.188000e+02 6.918125e-02 6.678616e-02 1.472168e+00 1.101264e+04 9.943016e+03 1.942336e+02 10000 11000 -1.180235e-02     0 3.910301e-02 6.231339e+01 1.299754e+02 5.890685e-02 6.797461e-03 
4.189000e+02 7.526087e-02 6.684429e-02 1.472912e+00 1.101387e+04 9.955954e+03 1.943317e+02 10000 11000 -1.081278e-02     0 3.910187e-02 6.232030e+01 1.299760e+02 5.888786e-02 7.966853e-03 
  419 8.115411e-02 6.690073e-02 1.473816e+00 1.101509e+04 9.968895e+03 1.944294e+02 10000 11000 -9.529073e-03     0 3.909659e-02 6.232699e+01 1.299767e+02 5.887021e-02 9.082419e-03 
4.191000e+02 8.929036e-02 6.696842e-02 1.474738e+00 1.101628e+04 9.981837e+03 1.945265e+02 10000 11000 -4.176402e-02     0 3.907945e-02 6.233350e+01 1.299775e+02 5.883200e-02 1.043799e-02 
4.192000e+02 1.054977e-01 6.716223e-02 1.474653e+00 1.101744e+04 9.994782e+03 1.946228e+02 10000 11000 -5.165146e-02     0 3.910689e-02 6.233984e+01 1.299786e+02 5.870408e-02 1.352250e-02 
4.193000e+02 1.276284e-01 6.757272e-02 1.473316e+00 1.101858e+04 1.000773e+04 1.947178e+02 10000 11000 -5.220338e-02     0 3.919337e-02 6.234607e+01 1.299800e+02 5.846309e-02 1.858339e-02 
4.194000e+02 1.518330e-01 6.820228e-02 1.471344e+00 1.101969e+04 1.002068e+04 1.948104e+02 10000 11000 -4.877747e-02     0 3.939007e-02 6.235225e+01 1.299817e+02 5.812320e-02 2.482874e-02 
4.195000e+02 1.755409e-01 6.894362e-02 1.469738e+00 1.102075e+04 1.003363e+04 1.948995e+02 15000 12000 -4.383520e-02     0 3.965601e-02 6.235851e+01 1.299839e+02 5.773574e-02 3.110196e-02 
4.196000e+02 1.927605e-01 6.949461e-02 1.470065e+00 1.102178e+04 1.004659e+04 1.949836e+02 15000 12000 2.214627e-02     0 3.986527e-02 6.236506e+01 1.299866e+02 5.753217e-02 3.542884e-02 
4.197000e+02 1.925957e-01 6.917079e-02 1.475111e+00 1.102275e+04 1.005955e+04 1.950621e+02 15000 12000 4.749215e-02     0 3.967188e-02 6.237192e+01 1.299902e+02 5.789234e-02 3.412005e-02 
4.198000e+02 1.793171e-01 6.771958e-02 1.485785e+00 1.102368e+04 1.007252e+04 1.951357e+02 15000 12000 5.547311e-02     0 3.869725e-02 6.237905e+01 1.299951e+02 5.849214e-02 2.625899e-02 
4.199000e+02 1.603243e-01 6.557203e-02 1.501028e+00 1.102456e+04 1.008549e+04 1.952054e+02 15000 12000 5.578496e-02     0 3.720917e-02 6.238635e+01 1.300021e+02 5.896870e-02 1.333137e-02 
  420 1.406256e-01 6.345131e-02 1.518690e+00 1.102539e+04 1.009846e+04 1.952721e+02 15000 12000 5.291855e-02     0 3.614678e-02 6.239375e+01 1.300105e+02 5.929155e-02 -2.094136e-03 
4.201000e+02 1.221127e-01 6.186965e-02 1.536345e+00 1.102618e+04 1.011144e+04 1.953365e+02 15000 12000 5.379596e-02     0 3.606968e-02 6.240119e+01 1.300187e+02 5.953405e-02 -1.739446e-02 
4.202000e+02 1.043241e-01 6.094478e-02 1.551965e+00 1.102693e+04 1.012442e+04 1.953993e+02 15000 12000 5.141089e-02     0 3.673099e-02 6.240859e+01 1.300250e+02 5.964368e-02 -3.058934e-02 
4.203000e+02 8.702790e-02 6.057685e-02 1.564056e+00 1.102762e+04 1.013741e+04 1.954612e+02 15000 12000 4.790002e-02     0 3.757054e-02 6.241591e+01 1.300288e+02 5.954301e-02 -4.029457e-02 
4.204000e+02 6.996016e-02 6.063370e-02 1.571791e+00 1.102828e+04 1.015039e+04 1.955223e+02 15000 12000 4.401461e-02     0 3.818659e-02 6.242309e+01 1.300310e+02 5.925856e-02 -4.581958e-02 
4.205000e+02 5.285162e-02 6.102553e-02 1.575021e+00 1.102889e+04 1.016338e+04 1.955828e+02 15000 12000 3.998626e-02     0 3.843400e-02 6.243013e+01 1.300327e+02 5.892007e-02 -4.716630e-02 
4.206000e+02 3.527264e-02 6.168967e-02 1.574224e+00 1.102947e+04 1.017637e+04 1.956425e+02 15000 12000 4.137220e-02     0 3.835156e-02 6.243706e+01 1.300355e+02 5.867114e-02 -4.497720e-02 
4.207000e+02 1.737081e-02 6.255881e-02 1.570406e+00 1.103003e+04 1.018936e+04 1.957016e+02 15000 12000 3.912570e-02     0 3.808751e-02 6.244386e+01 1.300400e+02 5.860284e-02 -4.044219e-02 
4.208000e+02 -1.258438e-02 6.354350e-02 1.564635e+00 1.103056e+04 1.020236e+04 1.957603e+02 15000 12000 3.430464e-02     0 3.778071e-02 6.245052e+01 1.300461e+02 5.877855e-02 -3.469237e-02 
4.209000e+02 -2.947580e-02 6.452480e-02 1.557808e+00 1.103108e+04 1.021535e+04 1.958196e+02 15000 12000 2.930730e-02     0 3.746736e-02 6.245698e+01 1.300532e+02 5.916507e-02 -2.858610e-02 
  421 -4.798292e-02 6.539140e-02 1.550633e+00 1.103160e+04 1.022835e+04 1.958802e+02 15000 12000 2.463711e-02     0 3.713603e-02 6.246313e+01 1.300603e+02 5.964883e-02 -2.275621e-02 
4.211000e+02 -6.499971e-02 6.608197e-02 1.543636e+00 1.103213e+04 1.024134e+04 1.959433e+02 15000 12000 1.806597e-02     0 3.680820e-02 6.246889e+01 1.300668e+02 6.011869e-02 -1.762323e-02 
4.212000e+02 -7.951473e-02 6.658600e-02 1.537091e+00 1.103267e+04 1.025434e+04 1.960095e+02 15000 12000 1.324193e-02     0 3.652357e-02 6.247417e+01 1.300724e+02 6.050662e-02 -1.332847e-02 
4.213000e+02 -9.143817e-02 6.693039e-02 1.531145e+00 1.103323e+04 1.026733e+04 1.960793e+02 15000 12000 9.463465e-03     0 3.631771e-02 6.247892e+01 1.300768e+02 6.077908e-02 -9.916084e-03 
4.214000e+02 -1.009993e-01 6.715899e-02 1.525855e+00 1.103381e+04 1.028033e+04 1.961528e+02 15000 12000 6.449381e-03     0 3.620719e-02 6.248311e+01 1.300802e+02 6.093589e-02 -7.364635e-03 
4.215000e+02 -1.084958e-01 6.731417e-02 1.521200e+00 1.103443e+04 1.029332e+04 1.962300e+02 15000 12000 4.052987e-03     0 3.618440e-02 6.248675e+01 1.300825e+02 6.099524e-02 -5.592446e-03 
4.216000e+02 -1.140322e-01 6.742511e-02 1.517082e+00 1.103508e+04 1.030631e+04 1.963108e+02 15000 12000 -4.051953e-04     0 3.622745e-02 6.248984e+01 1.300840e+02 6.098250e-02 -4.435755e-03 
4.217000e+02 -1.174457e-01 6.750165e-02 1.513300e+00 1.103576e+04 1.031930e+04 1.963948e+02 15000 12000 -2.712300e-03     0 3.631126e-02 6.249242e+01 1.300848e+02 6.092344e-02 -3.620437e-03 
4.218000e+02 -1.191984e-01 6.755109e-02 1.509707e+00 1.103648e+04 1.033229e+04 1.964817e+02 15000 12000 -3.936840e-03     0 3.642068e-02 6.249450e+01 1.300850e+02 6.083792e-02 -2.972455e-03 
4.219000e+02 -1.198539e-01 6.758193e-02 1.506230e+00 1.103724e+04 1.034528e+04 1.965714e+02 15000 12000 -4.561149e-03     0 3.654701e-02 6.249612e+01 1.300848e+02 6.074014e-02 -2.417434e-03 
  422 -1.198453e-01 6.760204e-02 1.502849e+00 1.103804e+04 1.035826e+04 1.966635e+02 15000 12000 -4.838664e-03     0 3.668171e-02 6.249730e+01 1.300842e+02 6.063860e-02 -1.938051e-03 
4.221000e+02 -1.193377e-01 6.761604e-02 1.499555e+00 1.103887e+04 1.037124e+04 1.967578e+02 15000 12000 -6.457629e-03     0 3.681704e-02 6.249805e+01 1.300833e+02 6.053790e-02 -1.520872e-03 
4.222000e+02 -1.182279e-01 6.762286e-02 1.496309e+00 1.103974e+04 1.038422e+04 1.968541e+02 15000 12000 -6.934082e-03     0 3.694733e-02 6.249840e+01 1.300820e+02 6.044077e-02 -1.106809e-03 
4.223000e+02 -1.167208e-01 6.762479e-02 1.493110e+00 1.104065e+04 1.039720e+04 1.969522e+02 15000 12000 -6.912683e-03     0 3.707205e-02 6.249837e+01 1.300806e+02 6.034848e-02 -6.928590e-04 
4.224000e+02 -1.150508e-01 6.762703e-02 1.489986e+00 1.104160e+04 1.041017e+04 1.970519e+02 15000 12000 -6.669426e-03     0 3.719292e-02 6.249796e+01 1.300789e+02 6.026151e-02 -3.167536e-04 
4.225000e+02 -1.133688e-01 6.763455e-02 1.486980e+00 1.104258e+04 1.042314e+04 1.971531e+02 15000 12000 -6.334548e-03     0 3.731031e-02 6.249718e+01 1.300770e+02 6.017955e-02 -2.434912e-05 
4.226000e+02 -1.116451e-01 6.764907e-02 1.484110e+00 1.104360e+04 1.043611e+04 1.972558e+02 15000 12000 -7.293295e-03     0 3.742324e-02 6.249606e+01 1.300749e+02 6.010188e-02 1.689187e-04 
4.227000e+02 -1.096693e-01 6.766691e-02 1.481347e+00 1.104465e+04 1.044907e+04 1.973597e+02 15000 12000 -7.372906e-03     0 3.753054e-02 6.249458e+01 1.300726e+02 6.002799e-02 3.116926e-04 
4.228000e+02 -1.075355e-01 6.768647e-02 1.478675e+00 1.104574e+04 1.046203e+04 1.974647e+02 15000 12000 -7.094742e-03     0 3.763346e-02 6.249277e+01 1.300703e+02 5.995778e-02 4.204929e-04 
4.229000e+02 -1.053948e-01 6.770815e-02 1.476100e+00 1.104687e+04 1.047499e+04 1.975708e+02 15000 12000 -6.674563e-03     0 3.773385e-02 6.249062e+01 1.300677e+02 5.989102e-02 4.845093e-04 
  423 -1.033490e-01 6.773248e-02 1.473632e+00 1.104803e+04 1.048794e+04 1.976780e+02 15000 12000 -6.210987e-03     0 3.783210e-02 6.248814e+01 1.300651e+02 5.982707e-02 4.868782e-04 
4.231000e+02 -1.013617e-01 6.775824e-02 1.471269e+00 1.104922e+04 1.050089e+04 1.977860e+02 15000 12000 -6.848228e-03     0 3.792760e-02 6.248534e+01 1.300623e+02 5.976515e-02 4.325830e-04 
4.232000e+02 -9.925250e-02 6.778098e-02 1.468970e+00 1.105045e+04 1.051384e+04 1.978950e+02 15000 12000 -6.779189e-03     0 3.801963e-02 6.248221e+01 1.300595e+02 5.970485e-02 3.741001e-04 
4.233000e+02 -9.709526e-02 6.779866e-02 1.466714e+00 1.105170e+04 1.052679e+04 1.980047e+02 15000 12000 -6.434872e-03     0 3.810894e-02 6.247876e+01 1.300565e+02 5.964623e-02 3.309186e-04 
4.234000e+02 -9.501039e-02 6.781151e-02 1.464503e+00 1.105299e+04 1.053973e+04 1.981151e+02 15000 12000 -5.993037e-03     0 3.819649e-02 6.247500e+01 1.300535e+02 5.958926e-02 2.939737e-04 
4.235000e+02 -9.307533e-02 6.782044e-02 1.462347e+00 1.105431e+04 1.055267e+04 1.982262e+02 15000 12000 -5.534111e-03     0 3.828221e-02 6.247092e+01 1.300504e+02 5.953367e-02 2.445630e-04 
4.236000e+02 -9.125071e-02 6.782552e-02 1.460249e+00 1.105566e+04 1.056560e+04 1.983379e+02 15000 12000 -6.010528e-03     0 3.836540e-02 6.246654e+01 1.300473e+02 5.947921e-02 1.791963e-04 
4.237000e+02 -8.937581e-02 6.782455e-02 1.458184e+00 1.105704e+04 1.057853e+04 1.984501e+02 15000 12000 -5.912708e-03     0 3.844526e-02 6.246185e+01 1.300441e+02 5.942592e-02 1.326255e-04 
4.238000e+02 -8.750111e-02 6.781716e-02 1.456141e+00 1.105844e+04 1.059146e+04 1.985628e+02 15000 12000 -5.597649e-03     0 3.852204e-02 6.245686e+01 1.300409e+02 5.937415e-02 1.122245e-04 
4.239000e+02 -8.571611e-02 6.780460e-02 1.454128e+00 1.105988e+04 1.060438e+04 1.986759e+02 15000 12000 -5.210973e-03     0 3.859625e-02 6.245158e+01 1.300377e+02 5.932415e-02 1.027212e-04 
  424 -8.407561e-02 6.778843e-02 1.452161e+00 1.106134e+04 1.061730e+04 1.987892e+02 15000 12000 -4.817189e-03     0 3.866775e-02 6.244600e+01 1.300345e+02 5.927594e-02 8.259180e-05 
4.241000e+02 -8.253413e-02 6.776932e-02 1.450245e+00 1.106282e+04 1.063022e+04 1.989028e+02 15000 12000 -5.267936e-03     0 3.873596e-02 6.244014e+01 1.300312e+02 5.922950e-02 4.588396e-05 
4.242000e+02 -8.094115e-02 6.774589e-02 1.448359e+00 1.106434e+04 1.064313e+04 1.990166e+02 15000 12000 -5.203025e-03     0 3.880023e-02 6.243399e+01 1.300281e+02 5.918498e-02 2.245855e-05 
4.243000e+02 -7.933857e-02 6.771809e-02 1.446495e+00 1.106588e+04 1.065605e+04 1.991305e+02 15000 12000 -4.941705e-03     0 3.886081e-02 6.242757e+01 1.300249e+02 5.914269e-02 1.863178e-05 
4.244000e+02 -7.780539e-02 6.768705e-02 1.444659e+00 1.106744e+04 1.066895e+04 1.992445e+02 15000 12000 -4.613926e-03     0 3.891824e-02 6.242087e+01 1.300218e+02 5.910276e-02 2.103271e-05 
4.245000e+02 -7.639079e-02 6.765412e-02 1.442867e+00 1.106903e+04 1.068186e+04 1.993584e+02 15000 12000 -4.277241e-03     0 3.897254e-02 6.241391e+01 1.300187e+02 5.906515e-02 1.101506e-05 
4.246000e+02 -7.505414e-02 6.761981e-02 1.441121e+00 1.107064e+04 1.069476e+04 1.994723e+02 15000 12000 -4.706373e-03     0 3.902337e-02 6.240668e+01 1.300157e+02 5.902974e-02 -1.584107e-05 
4.247000e+02 -7.366003e-02 6.758296e-02 1.439403e+00 1.107228e+04 1.070766e+04 1.995861e+02 15000 12000 -4.663417e-03     0 3.907036e-02 6.239919e+01 1.300128e+02 5.899656e-02 -3.152375e-05 
4.248000e+02 -7.224811e-02 6.754346e-02 1.437703e+00 1.107394e+04 1.072055e+04 1.996997e+02 15000 12000 -4.439207e-03     0 3.911385e-02 6.239144e+01 1.300099e+02 5.896570e-02 -2.966825e-05 
4.249000e+02 -7.089168e-02 6.750222e-02 1.436029e+00 1.107562e+04 1.073344e+04 1.998130e+02 15000 12000 -4.152338e-03     0 3.915442e-02 6.238345e+01 1.300071e+02 5.893719e-02 -2.208849e-05 
  425 -6.963678e-02 6.746029e-02 1.434393e+00 1.107733e+04 1.074633e+04 1.999262e+02 15000 12000 -3.855513e-03     0 3.919223e-02 6.237520e+01 1.300044e+02 5.891086e-02 -2.564312e-05 
4.251000e+02 -6.844766e-02 6.741807e-02 1.432799e+00 1.107905e+04 1.075921e+04 2.000390e+02 15000 12000 -4.253384e-03     0 3.922710e-02 6.236671e+01 1.300017e+02 5.888653e-02 -4.444679e-05 
4.252000e+02 -6.720238e-02 6.737456e-02 1.431230e+00 1.108080e+04 1.077209e+04 2.001515e+02 15000 12000 -4.220836e-03     0 3.925882e-02 6.235797e+01 1.299991e+02 5.886413e-02 -5.324314e-05 
4.253000e+02 -6.593754e-02 6.732964e-02 1.429677e+00 1.108257e+04 1.078497e+04 2.002636e+02 15000 12000 -4.022510e-03     0 3.928774e-02 6.234900e+01 1.299967e+02 5.884368e-02 -4.646327e-05 
4.254000e+02 -6.472008e-02 6.728401e-02 1.428148e+00 1.108436e+04 1.079785e+04 2.003753e+02 15000 12000 -3.766369e-03     0 3.931442e-02 6.233979e+01 1.299943e+02 5.882511e-02 -3.503154e-05 
4.255000e+02 -6.359212e-02 6.723851e-02 1.426654e+00 1.108617e+04 1.081072e+04 2.004867e+02 15000 12000 -3.500417e-03     0 3.933904e-02 6.233034e+01 1.299920e+02 5.880825e-02 -3.440159e-05 
4.256000e+02 -6.252144e-02 6.719342e-02 1.425198e+00 1.108800e+04 1.082359e+04 2.005975e+02 15000 12000 -3.866545e-03     0 3.936152e-02 6.232066e+01 1.299897e+02 5.879291e-02 -4.836073e-05 
4.257000e+02 -6.139751e-02 6.714786e-02 1.423765e+00 1.108985e+04 1.083646e+04 2.007080e+02 15000 12000 -3.840002e-03     0 3.938169e-02 6.231075e+01 1.299876e+02 5.877897e-02 -5.389352e-05 
4.258000e+02 -6.025388e-02 6.710166e-02 1.422348e+00 1.109172e+04 1.084932e+04 2.008179e+02 15000 12000 -3.661932e-03     0 3.939989e-02 6.230061e+01 1.299856e+02 5.876645e-02 -4.585683e-05 
4.259000e+02 -5.915166e-02 6.705535e-02 1.420953e+00 1.109361e+04 1.086218e+04 2.009273e+02 15000 12000 -3.430730e-03     0 3.941660e-02 6.229024e+01 1.299836e+02 5.875525e-02 -3.409458e-05 
  426 -5.812933e-02 6.700957e-02 1.419589e+00 1.109552e+04 1.087504e+04 2.010363e+02 15000 12000 -3.190160e-03     0 3.943197e-02 6.227964e+01 1.299817e+02 5.874521e-02 -3.256404e-05 
4.261000e+02 -5.715794e-02 6.696450e-02 1.418262e+00 1.109744e+04 1.088789e+04 2.011447e+02 15000 12000 -3.524311e-03     0 3.944595e-02 6.226883e+01 1.299799e+02 5.873617e-02 -4.461389e-05 
4.262000e+02 -5.613748e-02 6.691936e-02 1.416955e+00 1.109938e+04 1.090074e+04 2.012526e+02 15000 12000 -3.500930e-03     0 3.945840e-02 6.225779e+01 1.299782e+02 5.872804e-02 -4.922100e-05 
4.263000e+02 -5.509860e-02 6.687396e-02 1.415663e+00 1.110134e+04 1.091359e+04 2.013600e+02 15000 12000 -3.339507e-03     0 3.946959e-02 6.224653e+01 1.299766e+02 5.872079e-02 -4.162650e-05 
4.264000e+02 -5.409685e-02 6.682871e-02 1.414391e+00 1.110332e+04 1.092644e+04 2.014668e+02 15000 12000 -3.129599e-03     0 3.947993e-02 6.223504e+01 1.299751e+02 5.871437e-02 -3.071842e-05 
4.265000e+02 -5.316727e-02 6.678408e-02 1.413148e+00 1.110531e+04 1.093928e+04 2.015731e+02 15000 12000 -2.911032e-03     0 3.948952e-02 6.222334e+01 1.299736e+02 5.870866e-02 -2.914462e-05 
4.266000e+02 -5.228376e-02 6.674020e-02 1.411938e+00 1.110732e+04 1.095212e+04 2.016789e+02 15000 12000 -3.214579e-03     0 3.949831e-02 6.221142e+01 1.299722e+02 5.870350e-02 -3.993245e-05 
4.267000e+02 -5.135584e-02 6.669638e-02 1.410746e+00 1.110935e+04 1.096496e+04 2.017841e+02 15000 12000 -3.193221e-03     0 3.950616e-02 6.219929e+01 1.299709e+02 5.869884e-02 -4.397793e-05 
4.268000e+02 -5.041131e-02 6.665245e-02 1.409568e+00 1.111139e+04 1.097779e+04 2.018887e+02 15000 12000 -3.046449e-03     0 3.951330e-02 6.218694e+01 1.299696e+02 5.869468e-02 -3.695382e-05 
4.269000e+02 -4.950050e-02 6.660870e-02 1.408409e+00 1.111345e+04 1.099063e+04 2.019928e+02 15000 12000 -2.855633e-03     0 3.952002e-02 6.217437e+01 1.299684e+02 5.869097e-02 -2.693035e-05 
  427 -4.865511e-02 6.656552e-02 1.407276e+00 1.111552e+04 1.100346e+04 2.020964e+02 15000 12000 -2.656937e-03     0 3.952642e-02 6.216159e+01 1.299673e+02 5.868763e-02 -2.539372e-05 
4.271000e+02 -4.785153e-02 6.652298e-02 1.406172e+00 1.111761e+04 1.101628e+04 2.021994e+02 15000 12000 -2.932380e-03     0 3.953241e-02 6.214860e+01 1.299662e+02 5.868454e-02 -3.509551e-05 
4.272000e+02 -4.700794e-02 6.648049e-02 1.405086e+00 1.111971e+04 1.102911e+04 2.023018e+02 15000 12000 -2.912780e-03     0 3.953788e-02 6.213539e+01 1.299652e+02 5.868167e-02 -3.869072e-05 
4.273000e+02 -4.614950e-02 6.643790e-02 1.404013e+00 1.112183e+04 1.104193e+04 2.024037e+02 15000 12000 -2.779338e-03     0 3.954298e-02 6.212197e+01 1.299642e+02 5.867903e-02 -3.224749e-05 
4.274000e+02 -4.532171e-02 6.639543e-02 1.402956e+00 1.112396e+04 1.105475e+04 2.025051e+02 15000 12000 -2.605935e-03     0 3.954796e-02 6.210834e+01 1.299633e+02 5.867660e-02 -2.308711e-05 
4.275000e+02 -4.455319e-02 6.635339e-02 1.401923e+00 1.112610e+04 1.106757e+04 2.026059e+02 15000 12000 -2.425375e-03     0 3.955285e-02 6.209451e+01 1.299624e+02 5.867431e-02 -2.163129e-05 
4.276000e+02 -4.382260e-02 6.631183e-02 1.400917e+00 1.112826e+04 1.108038e+04 2.027062e+02 15000 12000 -2.675167e-03     0 3.955758e-02 6.208046e+01 1.299616e+02 5.867210e-02 -3.037577e-05 
4.277000e+02 -4.305605e-02 6.627026e-02 1.399928e+00 1.113043e+04 1.109320e+04 2.028059e+02 15000 12000 -2.657181e-03     0 3.956204e-02 6.206621e+01 1.299608e+02 5.866994e-02 -3.357821e-05 
4.278000e+02 -4.227627e-02 6.622852e-02 1.398949e+00 1.113262e+04 1.110601e+04 2.029051e+02 15000 12000 -2.535923e-03     0 3.956634e-02 6.205175e+01 1.299601e+02 5.866785e-02 -2.766774e-05 
4.279000e+02 -4.152432e-02 6.618681e-02 1.397986e+00 1.113482e+04 1.111882e+04 2.030038e+02 15000 12000 -2.378432e-03     0 3.957065e-02 6.203708e+01 1.299594e+02 5.866583e-02 -1.928397e-05 
  428 -4.082604e-02 6.614537e-02 1.397045e+00 1.113703e+04 1.113162e+04 2.031019e+02 15000 12000 -2.214447e-03     0 3.957502e-02 6.202221e+01 1.299588e+02 5.866384e-02 -1.787995e-05 
4.281000e+02 -4.016213e-02 6.610424e-02 1.396129e+00 1.113925e+04 1.114443e+04 2.031995e+02 15000 12000 -2.440839e-03     0 3.957935e-02 6.200714e+01 1.299582e+02 5.866182e-02 -2.572122e-05 
4.282000e+02 -3.946598e-02 6.606299e-02 1.395227e+00 1.114149e+04 1.115723e+04 2.032965e+02 15000 12000 -2.424342e-03     0 3.958354e-02 6.199186e+01 1.299576e+02 5.865977e-02 -2.853164e-05 
4.283000e+02 -3.875808e-02 6.602152e-02 1.394336e+00 1.114374e+04 1.117003e+04 2.033931e+02 15000 12000 -2.314225e-03     0 3.958768e-02 6.197638e+01 1.299571e+02 5.865772e-02 -2.307317e-05 
4.284000e+02 -3.807544e-02 6.597998e-02 1.393458e+00 1.114600e+04 1.118282e+04 2.034891e+02 15000 12000 -2.171281e-03     0 3.959189e-02 6.196071e+01 1.299566e+02 5.865566e-02 -1.536570e-05 
4.285000e+02 -3.744132e-02 6.593856e-02 1.392601e+00 1.114827e+04 1.119562e+04 2.035845e+02 15000 12000 -2.022444e-03     0 3.959620e-02 6.194483e+01 1.299561e+02 5.865359e-02 -1.397958e-05 
4.286000e+02 -3.683832e-02 6.589728e-02 1.391766e+00 1.115055e+04 1.120841e+04 2.036795e+02 15000 12000 -2.227483e-03     0 3.960052e-02 6.192876e+01 1.299556e+02 5.865145e-02 -2.097089e-05 
4.287000e+02 -3.620647e-02 6.585582e-02 1.390945e+00 1.115284e+04 1.122120e+04 2.037739e+02 15000 12000 -2.212357e-03     0 3.960477e-02 6.191249e+01 1.299552e+02 5.864925e-02 -2.340202e-05 
4.288000e+02 -3.556425e-02 6.581407e-02 1.390133e+00 1.115515e+04 1.123399e+04 2.038678e+02 15000 12000 -2.112424e-03     0 3.960900e-02 6.189602e+01 1.299548e+02 5.864701e-02 -1.833841e-05 
4.289000e+02 -3.494492e-02 6.577216e-02 1.389334e+00 1.115746e+04 1.124678e+04 2.039611e+02 15000 12000 -1.982772e-03     0 3.961331e-02 6.187936e+01 1.299544e+02 5.864476e-02 -1.123343e-05 
  429 -3.436939e-02 6.573025e-02 1.388553e+00 1.115979e+04 1.125957e+04 2.040539e+02 15000 12000 -1.847774e-03     0 3.961772e-02 6.186251e+01 1.299541e+02 5.864247e-02 -9.850457e-06 
4.291000e+02 -3.382200e-02 6.568836e-02 1.387793e+00 1.116213e+04 1.127235e+04 2.041462e+02 15000 12000 -2.033295e-03     0 3.962215e-02 6.184547e+01 1.299537e+02 5.864011e-02 -1.605376e-05 
4.292000e+02 -3.324889e-02 6.564623e-02 1.387045e+00 1.116447e+04 1.128513e+04 2.042380e+02 15000 12000 -2.019415e-03     0 3.962652e-02 6.182823e+01 1.299534e+02 5.863770e-02 -1.812830e-05 
4.293000e+02 -3.266665e-02 6.560376e-02 1.386306e+00 1.116683e+04 1.129791e+04 2.043292e+02 15000 12000 -1.928785e-03     0 3.963088e-02 6.181081e+01 1.299531e+02 5.863526e-02 -1.341645e-05 
4.294000e+02 -3.210517e-02 6.556106e-02 1.385579e+00 1.116919e+04 1.131069e+04 2.044199e+02 15000 12000 -1.811277e-03     0 3.963530e-02 6.179320e+01 1.299529e+02 5.863279e-02 -6.853240e-06 
4.295000e+02 -3.158314e-02 6.551828e-02 1.384868e+00 1.117157e+04 1.132346e+04 2.045101e+02 15000 12000 -1.688924e-03     0 3.963980e-02 6.177541e+01 1.299526e+02 5.863030e-02 -5.464072e-06 
4.296000e+02 -3.108654e-02 6.547543e-02 1.384176e+00 1.117395e+04 1.133624e+04 2.045997e+02 15000 12000 -1.856571e-03     0 3.964430e-02 6.175743e+01 1.299524e+02 5.862776e-02 -1.093785e-05 
4.297000e+02 -3.056709e-02 6.543229e-02 1.383495e+00 1.117635e+04 1.134901e+04 2.046888e+02 15000 12000 -1.843816e-03     0 3.964874e-02 6.173927e+01 1.299521e+02 5.862518e-02 -1.267802e-05 
4.298000e+02 -3.003969e-02 6.538879e-02 1.382823e+00 1.117875e+04 1.136178e+04 2.047773e+02 15000 12000 -1.761683e-03     0 3.965315e-02 6.172093e+01 1.299519e+02 5.862258e-02 -8.280206e-06 
4.299000e+02 -2.953107e-02 6.534503e-02 1.382161e+00 1.118116e+04 1.137455e+04 2.048653e+02 15000 12000 -1.655277e-03     0 3.965760e-02 6.170240e+01 1.299517e+02 5.861997e-02 -2.205007e-06 
  430 -2.905794e-02 6.530111e-02 1.381514e+00 1.118358e+04 1.138732e+04 2.049528e+02 15000 12000 -1.544481e-03     0 3.966210e-02 6.168370e+01 1.299516e+02 5.861736e-02 -8.022146e-07 
4.301000e+02 -2.860774e-02 6.525706e-02 1.380885e+00 1.118601e+04 1.140008e+04 2.050397e+02 15000 12000 -1.695737e-03     0 3.966658e-02 6.166483e+01 1.299514e+02 5.861471e-02 -5.600356e-06 
4.302000e+02 -2.813736e-02 6.521271e-02 1.380266e+00 1.118845e+04 1.141285e+04 2.051260e+02 15000 12000 -1.683990e-03     0 3.967098e-02 6.164578e+01 1.299512e+02 5.861204e-02 -7.027325e-06 
4.303000e+02 -2.766012e-02 6.516798e-02 1.379654e+00 1.119090e+04 1.142561e+04 2.052118e+02 15000 12000 -1.609625e-03     0 3.967535e-02 6.162655e+01 1.299511e+02 5.860938e-02 -2.910583e-06 
4.304000e+02 -2.719987e-02 6.512297e-02 1.379053e+00 1.119335e+04 1.143837e+04 2.052971e+02 15000 12000 -1.513375e-03     0 3.967972e-02 6.160716e+01 1.299509e+02 5.860672e-02 2.724185e-06 
4.305000e+02 -2.677146e-02 6.507777e-02 1.378465e+00 1.119581e+04 1.145113e+04 2.053818e+02 15000 12000 -1.413154e-03     0 3.968411e-02 6.158759e+01 1.299508e+02 5.860407e-02 4.146544e-06 
4.306000e+02 -2.636370e-02 6.503240e-02 1.377893e+00 1.119828e+04 1.146389e+04 2.054659e+02 15000 12000 -1.549349e-03     0 3.968846e-02 6.156786e+01 1.299507e+02 5.860141e-02 -2.514934e-08 
4.307000e+02 -2.593823e-02 6.498671e-02 1.377330e+00 1.120076e+04 1.147665e+04 2.055495e+02 15000 12000 -1.538504e-03     0 3.969273e-02 6.154796e+01 1.299506e+02 5.859874e-02 -1.158457e-06 
4.308000e+02 -2.550692e-02 6.494066e-02 1.376775e+00 1.120324e+04 1.148940e+04 2.056324e+02 15000 12000 -1.471246e-03     0 3.969695e-02 6.152789e+01 1.299505e+02 5.859610e-02 2.706619e-06 
4.309000e+02 -2.509096e-02 6.489432e-02 1.376228e+00 1.120573e+04 1.150215e+04 2.057149e+02 15000 12000 -1.384296e-03     0 3.970115e-02 6.150766e+01 1.299504e+02 5.859347e-02 7.943707e-06 
  431 -2.470350e-02 6.484777e-02 1.375694e+00 1.120823e+04 1.151491e+04 2.057967e+02 15000 12000 -1.293761e-03     0 3.970534e-02 6.148727e+01 1.299503e+02 5.859087e-02 9.391003e-06 
4.311000e+02 -2.433459e-02 6.480103e-02 1.375175e+00 1.121074e+04 1.152766e+04 2.058779e+02 15000 12000 -1.416089e-03     0 3.970949e-02 6.146672e+01 1.299503e+02 5.858827e-02 5.801534e-06 
4.312000e+02 -2.395028e-02 6.475397e-02 1.374664e+00 1.121325e+04 1.154041e+04 2.059586e+02 15000 12000 -1.406048e-03     0 3.971354e-02 6.144601e+01 1.299502e+02 5.858569e-02 4.944349e-06 
4.313000e+02 -2.356108e-02 6.470657e-02 1.374160e+00 1.121577e+04 1.155315e+04 2.060387e+02 15000 12000 -1.345297e-03     0 3.971753e-02 6.142515e+01 1.299502e+02 5.858313e-02 8.584293e-06 
4.314000e+02 -2.318572e-02 6.465888e-02 1.373664e+00 1.121830e+04 1.156590e+04 2.061182e+02 15000 12000 -1.266873e-03     0 3.972149e-02 6.140413e+01 1.299501e+02 5.858061e-02 1.346225e-05 
4.315000e+02 -2.283580e-02 6.461097e-02 1.373180e+00 1.122083e+04 1.157865e+04 2.061971e+02 15000 12000 -1.185221e-03     0 3.972542e-02 6.138296e+01 1.299501e+02 5.857812e-02 1.493940e-05 
4.316000e+02 -2.250252e-02 6.456285e-02 1.372709e+00 1.122337e+04 1.159139e+04 2.062754e+02 15000 12000 -1.294753e-03     0 3.972930e-02 6.136164e+01 1.299500e+02 5.857564e-02 1.189243e-05 
4.317000e+02 -2.215597e-02 6.451444e-02 1.372246e+00 1.122592e+04 1.160413e+04 2.063531e+02 15000 12000 -1.285423e-03     0 3.973309e-02 6.134017e+01 1.299500e+02 5.857319e-02 1.129556e-05 
4.318000e+02 -2.180543e-02 6.446571e-02 1.371789e+00 1.122847e+04 1.161688e+04 2.064302e+02 15000 12000 -1.230639e-03     0 3.973680e-02 6.131855e+01 1.299500e+02 5.857077e-02 1.473412e-05 
4.319000e+02 -2.146736e-02 6.441669e-02 1.371339e+00 1.123103e+04 1.162962e+04 2.065067e+02 15000 12000 -1.160044e-03     0 3.974048e-02 6.129678e+01 1.299500e+02 5.856840e-02 1.928748e-05 
  432 -2.115191e-02 6.436746e-02 1.370901e+00 1.123359e+04 1.164236e+04 2.065826e+02 15000 12000 -1.086551e-03     0 3.974411e-02 6.127488e+01 1.299500e+02 5.856605e-02 2.079883e-05 
4.321000e+02 -2.085134e-02 6.431802e-02 1.370474e+00 1.123616e+04 1.165509e+04 2.066578e+02 15000 12000 -1.184243e-03     0 3.974769e-02 6.125283e+01 1.299500e+02 5.856374e-02 1.825859e-05 
4.322000e+02 -2.053949e-02 6.426830e-02 1.370055e+00 1.123873e+04 1.166783e+04 2.067325e+02 15000 12000 -1.175538e-03     0 3.975118e-02 6.123064e+01 1.299500e+02 5.856145e-02 1.790761e-05 
4.323000e+02 -2.022450e-02 6.421828e-02 1.369642e+00 1.124131e+04 1.168057e+04 2.068065e+02 15000 12000 -1.126231e-03     0 3.975459e-02 6.120831e+01 1.299500e+02 5.855921e-02 2.116582e-05 
4.324000e+02 -1.992073e-02 6.416800e-02 1.369235e+00 1.124390e+04 1.169330e+04 2.068799e+02 15000 12000 -1.062836e-03     0 3.975797e-02 6.118584e+01 1.299500e+02 5.855700e-02 2.542530e-05 
4.325000e+02 -1.963697e-02 6.411751e-02 1.368839e+00 1.124649e+04 1.170604e+04 2.069526e+02 15000 12000 -9.968493e-04     0 3.976129e-02 6.116325e+01 1.299501e+02 5.855483e-02 2.697447e-05 
4.326000e+02 -1.936649e-02 6.406681e-02 1.368453e+00 1.124909e+04 1.171877e+04 2.070248e+02 15000 12000 -1.083552e-03     0 3.976455e-02 6.114051e+01 1.299501e+02 5.855269e-02 2.490861e-05 
4.327000e+02 -1.908660e-02 6.401585e-02 1.368075e+00 1.125169e+04 1.173150e+04 2.070962e+02 15000 12000 -1.075391e-03     0 3.976774e-02 6.111765e+01 1.299501e+02 5.855059e-02 2.479020e-05 
4.328000e+02 -1.880436e-02 6.396461e-02 1.367701e+00 1.125430e+04 1.174423e+04 2.071671e+02 15000 12000 -1.031121e-03     0 3.977085e-02 6.109466e+01 1.299502e+02 5.854852e-02 2.788640e-05 
4.329000e+02 -1.853218e-02 6.391314e-02 1.367335e+00 1.125691e+04 1.175696e+04 2.072373e+02 15000 12000 -9.743577e-04     0 3.977391e-02 6.107154e+01 1.299502e+02 5.854650e-02 3.187895e-05 
  433 -1.827764e-02 6.386145e-02 1.366977e+00 1.125952e+04 1.176969e+04 2.073068e+02 15000 12000 -9.152910e-04     0 3.977692e-02 6.104830e+01 1.299502e+02 5.854452e-02 3.346867e-05 
4.331000e+02 -1.803490e-02 6.380958e-02 1.366630e+00 1.126215e+04 1.178242e+04 2.073757e+02 15000 12000 -9.917583e-04     0 3.977988e-02 6.102493e+01 1.299503e+02 5.854256e-02 3.184767e-05 
4.332000e+02 -1.778448e-02 6.375746e-02 1.366288e+00 1.126477e+04 1.179514e+04 2.074440e+02 15000 12000 -9.840662e-04     0 3.978276e-02 6.100144e+01 1.299504e+02 5.854065e-02 3.194918e-05 
4.333000e+02 -1.753246e-02 6.370509e-02 1.365952e+00 1.126740e+04 1.180787e+04 2.075116e+02 15000 12000 -9.444342e-04     0 3.978557e-02 6.097783e+01 1.299504e+02 5.853877e-02 3.489887e-05 
4.334000e+02 -1.728945e-02 6.365249e-02 1.365622e+00 1.127004e+04 1.182059e+04 2.075785e+02 15000 12000 -8.937916e-04     0 3.978833e-02 6.095410e+01 1.299505e+02 5.853693e-02 3.864764e-05 
4.335000e+02 -1.706189e-02 6.359970e-02 1.365301e+00 1.127268e+04 1.183332e+04 2.076448e+02 15000 12000 -8.411170e-04     0 3.979104e-02 6.093026e+01 1.299506e+02 5.853513e-02 4.027938e-05 
4.336000e+02 -1.684479e-02 6.354673e-02 1.364988e+00 1.127532e+04 1.184604e+04 2.077104e+02 15000 12000 -9.080139e-04     0 3.979370e-02 6.090631e+01 1.299506e+02 5.853336e-02 3.907590e-05 
4.337000e+02 -1.662161e-02 6.349354e-02 1.364682e+00 1.127797e+04 1.185876e+04 2.077753e+02 15000 12000 -9.007181e-04     0 3.979628e-02 6.088224e+01 1.299507e+02 5.853163e-02 3.938478e-05 
4.338000e+02 -1.639753e-02 6.344012e-02 1.364380e+00 1.128062e+04 1.187149e+04 2.078396e+02 15000 12000 -8.653641e-04     0 3.979881e-02 6.085806e+01 1.299508e+02 5.852993e-02 4.220038e-05 
4.339000e+02 -1.618151e-02 6.338650e-02 1.364084e+00 1.128327e+04 1.188421e+04 2.079032e+02 15000 12000 -8.203818e-04     0 3.980128e-02 6.083377e+01 1.299509e+02 5.852827e-02 4.572449e-05 
  434 -1.597893e-02 6.333269e-02 1.363796e+00 1.128593e+04 1.189693e+04 2.079661e+02 15000 12000 -7.736249e-04     0 3.980371e-02 6.080938e+01 1.299510e+02 5.852665e-02 4.739800e-05 
4.341000e+02 -1.578559e-02 6.327871e-02 1.363516e+00 1.128860e+04 1.190965e+04 2.080283e+02 15000 12000 -8.315336e-04     0 3.980608e-02 6.078488e+01 1.299511e+02 5.852506e-02 4.658603e-05 
4.342000e+02 -1.558766e-02 6.322454e-02 1.363242e+00 1.129126e+04 1.192236e+04 2.080898e+02 15000 12000 -8.245644e-04     0 3.980839e-02 6.076028e+01 1.299511e+02 5.852351e-02 4.708917e-05 
4.343000e+02 -1.538947e-02 6.317016e-02 1.362972e+00 1.129393e+04 1.193508e+04 2.081507e+02 15000 12000 -7.931626e-04     0 3.981064e-02 6.073558e+01 1.299512e+02 5.852199e-02 4.977953e-05 
4.344000e+02 -1.519846e-02 6.311559e-02 1.362708e+00 1.129661e+04 1.194780e+04 2.082108e+02 15000 12000 -7.534251e-04     0 3.981284e-02 6.071078e+01 1.299514e+02 5.852050e-02 5.309365e-05 
4.345000e+02 -1.501907e-02 6.306086e-02 1.362451e+00 1.129929e+04 1.196051e+04 2.082703e+02 15000 12000 -7.121594e-04     0 3.981499e-02 6.068588e+01 1.299515e+02 5.851905e-02 5.480626e-05 
4.346000e+02 -1.484781e-02 6.300597e-02 1.362202e+00 1.130197e+04 1.197323e+04 2.083291e+02 15000 12000 -7.615850e-04     0 3.981710e-02 6.066089e+01 1.299516e+02 5.851764e-02 5.436008e-05 
4.347000e+02 -1.467332e-02 6.295090e-02 1.361957e+00 1.130465e+04 1.198594e+04 2.083871e+02 15000 12000 -7.548740e-04     0 3.981914e-02 6.063581e+01 1.299517e+02 5.851625e-02 5.504289e-05 
4.348000e+02 -1.449916e-02 6.289565e-02 1.361718e+00 1.130734e+04 1.199866e+04 2.084445e+02 15000 12000 -7.271283e-04     0 3.982113e-02 6.061063e+01 1.299518e+02 5.851490e-02 5.761258e-05 
4.349000e+02 -1.433140e-02 6.284023e-02 1.361483e+00 1.131003e+04 1.201137e+04 2.085012e+02 15000 12000 -6.922597e-04     0 3.982307e-02 6.058537e+01 1.299519e+02 5.851358e-02 6.072620e-05 
  435 -1.417359e-02 6.278466e-02 1.361255e+00 1.131272e+04 1.202409e+04 2.085571e+02 15000 12000 -6.561009e-04     0 3.982497e-02 6.056002e+01 1.299520e+02 5.851230e-02 6.247187e-05 
4.351000e+02 -1.402292e-02 6.272895e-02 1.361034e+00 1.131542e+04 1.203680e+04 2.086124e+02 15000 12000 -6.974766e-04     0 3.982682e-02 6.053458e+01 1.299522e+02 5.851105e-02 6.236482e-05 
4.352000e+02 -1.387024e-02 6.267308e-02 1.360817e+00 1.131812e+04 1.204951e+04 2.086669e+02 15000 12000 -6.909549e-04     0 3.982861e-02 6.050906e+01 1.299523e+02 5.850983e-02 6.320999e-05 
4.353000e+02 -1.371844e-02 6.261705e-02 1.360605e+00 1.132082e+04 1.206222e+04 2.087208e+02 15000 12000 -6.665948e-04     0 3.983035e-02 6.048346e+01 1.299524e+02 5.850864e-02 6.565826e-05 
4.354000e+02 -1.357231e-02 6.256087e-02 1.360398e+00 1.132353e+04 1.207493e+04 2.087739e+02 15000 12000 -6.362532e-04     0 3.983205e-02 6.045778e+01 1.299525e+02 5.850748e-02 6.857462e-05 
4.355000e+02 -1.343464e-02 6.250456e-02 1.360197e+00 1.132624e+04 1.208764e+04 2.088263e+02 15000 12000 -6.048537e-04     0 3.983370e-02 6.043202e+01 1.299527e+02 5.850635e-02 7.034258e-05 
4.356000e+02 -1.330320e-02 6.244812e-02 1.360002e+00 1.132895e+04 1.210035e+04 2.088779e+02 15000 12000 -6.385447e-04     0 3.983531e-02 6.040619e+01 1.299528e+02 5.850526e-02 7.054538e-05 
4.357000e+02 -1.317088e-02 6.239154e-02 1.359813e+00 1.133166e+04 1.211306e+04 2.089289e+02 15000 12000 -6.321408e-04     0 3.983686e-02 6.038028e+01 1.299529e+02 5.850419e-02 7.153130e-05 
4.358000e+02 -1.303989e-02 6.233482e-02 1.359627e+00 1.133438e+04 1.212577e+04 2.089791e+02 15000 12000 -6.109162e-04     0 3.983837e-02 6.035431e+01 1.299531e+02 5.850316e-02 7.385054e-05 
4.359000e+02 -1.291393e-02 6.227798e-02 1.359445e+00 1.133710e+04 1.213847e+04 2.090286e+02 15000 12000 -5.847883e-04     0 3.983983e-02 6.032826e+01 1.299532e+02 5.850216e-02 7.656509e-05 
  436 -1.279510e-02 6.222102e-02 1.359270e+00 1.133982e+04 1.215118e+04 2.090774e+02 15000 12000 -5.578307e-04     0 3.984125e-02 6.030214e+01 1.299534e+02 5.850119e-02 7.833802e-05 
4.361000e+02 -1.268169e-02 6.216394e-02 1.359100e+00 1.134254e+04 1.216389e+04 2.091255e+02 15000 12000 -5.841377e-04     0 3.984263e-02 6.027596e+01 1.299535e+02 5.850024e-02 7.881656e-05 
4.362000e+02 -1.256836e-02 6.210675e-02 1.358935e+00 1.134527e+04 1.217659e+04 2.091728e+02 15000 12000 -5.777749e-04     0 3.984395e-02 6.024972e+01 1.299537e+02 5.849933e-02 7.991511e-05 
4.363000e+02 -1.245677e-02 6.204944e-02 1.358773e+00 1.134799e+04 1.218930e+04 2.092194e+02 15000 12000 -5.594511e-04     0 3.984523e-02 6.022341e+01 1.299538e+02 5.849844e-02 8.208877e-05 
4.364000e+02 -1.234962e-02 6.199203e-02 1.358616e+00 1.135072e+04 1.220201e+04 2.092652e+02 15000 12000 -5.372452e-04     0 3.984647e-02 6.019704e+01 1.299540e+02 5.849759e-02 8.458698e-05 
4.365000e+02 -1.224843e-02 6.193451e-02 1.358464e+00 1.135346e+04 1.221471e+04 2.093103e+02 15000 12000 -5.144361e-04     0 3.984766e-02 6.017062e+01 1.299541e+02 5.849677e-02 8.633850e-05 
4.366000e+02 -1.215195e-02 6.187690e-02 1.358318e+00 1.135619e+04 1.222741e+04 2.093547e+02 15000 12000 -5.335977e-04     0 3.984881e-02 6.014414e+01 1.299543e+02 5.849597e-02 8.705100e-05 
4.367000e+02 -1.205637e-02 6.181919e-02 1.358176e+00 1.135893e+04 1.224012e+04 2.093983e+02 15000 12000 -5.271903e-04     0 3.984992e-02 6.011760e+01 1.299544e+02 5.849521e-02 8.822463e-05 
4.368000e+02 -1.196285e-02 6.176139e-02 1.358038e+00 1.136166e+04 1.225282e+04 2.094412e+02 15000 12000 -5.115416e-04     0 3.985097e-02 6.009102e+01 1.299546e+02 5.849447e-02 9.022433e-05 
4.369000e+02 -1.187325e-02 6.170349e-02 1.357903e+00 1.136440e+04 1.226553e+04 2.094834e+02 15000 12000 -4.929809e-04     0 3.985199e-02 6.006438e+01 1.299547e+02 5.849376e-02 9.247863e-05 
  437 -1.178858e-02 6.164552e-02 1.357774e+00 1.136714e+04 1.227823e+04 2.095248e+02 15000 12000 -4.740429e-04     0 3.985297e-02 6.003770e+01 1.299549e+02 5.849308e-02 9.416986e-05 
4.371000e+02 -1.170799e-02 6.158747e-02 1.357650e+00 1.136989e+04 1.229093e+04 2.095654e+02 15000 12000 -4.862375e-04     0 3.985390e-02 6.001097e+01 1.299551e+02 5.849243e-02 9.506299e-05 
4.372000e+02 -1.162897e-02 6.152934e-02 1.357529e+00 1.137263e+04 1.230363e+04 2.096053e+02 15000 12000 -4.796859e-04     0 3.985479e-02 5.998419e+01 1.299552e+02 5.849181e-02 9.626079e-05 
4.373000e+02 -1.155223e-02 6.147113e-02 1.357413e+00 1.137538e+04 1.231634e+04 2.096445e+02 15000 12000 -4.664885e-04     0 3.985563e-02 5.995737e+01 1.299554e+02 5.849121e-02 9.804233e-05 
4.374000e+02 -1.147896e-02 6.141286e-02 1.357300e+00 1.137813e+04 1.232904e+04 2.096829e+02 15000 12000 -4.513022e-04     0 3.985644e-02 5.993052e+01 1.299556e+02 5.849064e-02 1.000080e-04 
4.375000e+02 -1.140972e-02 6.135453e-02 1.357192e+00 1.138088e+04 1.234174e+04 2.097205e+02 15000 12000 -4.359648e-04     0 3.985720e-02 5.990362e+01 1.299557e+02 5.849011e-02 1.015829e-04 
4.376000e+02 -1.134402e-02 6.129613e-02 1.357089e+00 1.138363e+04 1.235444e+04 2.097575e+02 15000 12000 -4.413118e-04     0 3.985792e-02 5.987669e+01 1.299559e+02 5.848960e-02 1.025867e-04 
4.377000e+02 -1.128038e-02 6.123768e-02 1.356989e+00 1.138638e+04 1.236714e+04 2.097936e+02 15000 12000 -4.344965e-04     0 3.985860e-02 5.984972e+01 1.299561e+02 5.848911e-02 1.037392e-04 
4.378000e+02 -1.121917e-02 6.117917e-02 1.356893e+00 1.138913e+04 1.237984e+04 2.098290e+02 15000 12000 -4.235189e-04     0 3.985924e-02 5.982273e+01 1.299563e+02 5.848866e-02 1.052372e-04 
4.379000e+02 -1.116099e-02 6.112062e-02 1.356801e+00 1.139189e+04 1.239254e+04 2.098636e+02 15000 12000 -4.114324e-04     0 3.985983e-02 5.979570e+01 1.299564e+02 5.848823e-02 1.068466e-04 
  438 -1.110611e-02 6.106202e-02 1.356713e+00 1.139465e+04 1.240524e+04 2.098975e+02 15000 12000 -3.994206e-04     0 3.986039e-02 5.976864e+01 1.299566e+02 5.848783e-02 1.082261e-04 
4.381000e+02 -1.105427e-02 6.100338e-02 1.356629e+00 1.139740e+04 1.241794e+04 2.099307e+02 15000 12000 -3.979808e-04     0 3.986090e-02 5.974155e+01 1.299568e+02 5.848746e-02 1.092471e-04 
4.382000e+02 -1.100481e-02 6.094471e-02 1.356549e+00 1.140016e+04 1.243064e+04 2.099630e+02 15000 12000 -3.907543e-04     0 3.986137e-02 5.971444e+01 1.299570e+02 5.848712e-02 1.102592e-04 
4.383000e+02 -1.095781e-02 6.088600e-02 1.356472e+00 1.140292e+04 1.244334e+04 2.099946e+02 15000 12000 -3.817471e-04     0 3.986180e-02 5.968731e+01 1.299571e+02 5.848680e-02 1.113803e-04 
4.384000e+02 -1.091344e-02 6.082726e-02 1.356399e+00 1.140568e+04 1.245604e+04 2.100255e+02 15000 12000 -3.724690e-04     0 3.986220e-02 5.966016e+01 1.299573e+02 5.848651e-02 1.125357e-04 
4.385000e+02 -1.087176e-02 6.076850e-02 1.356330e+00 1.140844e+04 1.246874e+04 2.100556e+02 15000 12000 -3.634899e-04     0 3.986255e-02 5.963299e+01 1.299575e+02 5.848625e-02 1.136092e-04 
4.386000e+02 -1.083269e-02 6.070971e-02 1.356265e+00 1.141121e+04 1.248144e+04 2.100849e+02 15000 12000 -3.552665e-04     0 3.986286e-02 5.960580e+01 1.299577e+02 5.848601e-02 1.145219e-04 
4.387000e+02 -1.079611e-02 6.065091e-02 1.356203e+00 1.141397e+04 1.249413e+04 2.101135e+02 15000 12000 -3.474439e-04     0 3.986313e-02 5.957860e+01 1.299579e+02 5.848580e-02 1.152641e-04 
4.388000e+02 -1.076190e-02 6.059210e-02 1.356144e+00 1.141674e+04 1.250683e+04 2.101413e+02 15000 12000 -3.401256e-04     0 3.986336e-02 5.955138e+01 1.299581e+02 5.848562e-02 1.158775e-04 
4.389000e+02 -1.072996e-02 6.053328e-02 1.356090e+00 1.141950e+04 1.251953e+04 2.101683e+02 15000 12000 -3.333332e-04     0 3.986355e-02 5.952415e+01 1.299582e+02 5.848547e-02 1.164415e-04 
  439 -1.070018e-02 6.047445e-02 1.356038e+00 1.142227e+04 1.253223e+04 2.101946e+02 15000 12000 -3.270596e-04     0 3.986370e-02 5.949692e+01 1.299584e+02 5.848534e-02 1.170571e-04 
4.391000e+02 -1.067261e-02 6.041562e-02 1.355990e+00 1.142503e+04 1.254493e+04 2.102201e+02 15000 12000 -3.120003e-04     0 3.986381e-02 5.946967e+01 1.299586e+02 5.848524e-02 1.176926e-04 
4.392000e+02 -1.064745e-02 6.035679e-02 1.355945e+00 1.142780e+04 1.255762e+04 2.102449e+02 15000 12000 -3.033481e-04     0 3.986389e-02 5.944243e+01 1.299588e+02 5.848516e-02 1.179899e-04 
4.393000e+02 -1.062446e-02 6.029797e-02 1.355904e+00 1.143057e+04 1.257032e+04 2.102689e+02 15000 12000 -2.973907e-04     0 3.986392e-02 5.941517e+01 1.299590e+02 5.848511e-02 1.179164e-04 
4.394000e+02 -1.060336e-02 6.023917e-02 1.355866e+00 1.143334e+04 1.258302e+04 2.102921e+02 15000 12000 -2.927126e-04     0 3.986392e-02 5.938792e+01 1.299592e+02 5.848509e-02 1.177005e-04 
4.395000e+02 -1.058397e-02 6.018037e-02 1.355831e+00 1.143611e+04 1.259572e+04 2.103145e+02 15000 12000 -2.887642e-04     0 3.986387e-02 5.936067e+01 1.299594e+02 5.848510e-02 1.176524e-04 
4.396000e+02 -1.056641e-02 6.012160e-02 1.355799e+00 1.143888e+04 1.260841e+04 2.103362e+02 15000 12000 -2.667675e-04     0 3.986379e-02 5.933341e+01 1.299596e+02 5.848513e-02 1.177859e-04 
4.397000e+02 -1.055099e-02 6.006284e-02 1.355770e+00 1.144165e+04 1.262111e+04 2.103572e+02 15000 12000 -2.569934e-04     0 3.986367e-02 5.930617e+01 1.299598e+02 5.848518e-02 1.174044e-04 
4.398000e+02 -1.053738e-02 6.000412e-02 1.355744e+00 1.144442e+04 1.263381e+04 2.103773e+02 15000 12000 -2.520059e-04     0 3.986351e-02 5.927893e+01 1.299600e+02 5.848527e-02 1.164040e-04 
4.399000e+02 -1.052528e-02 5.994542e-02 1.355722e+00 1.144719e+04 1.264651e+04 2.103967e+02 15000 12000 -2.490046e-04     0 3.986331e-02 5.925169e+01 1.299602e+02 5.848538e-02 1.151555e-04 
  440 -1.051450e-02 5.988676e-02 1.355702e+00 1.144996e+04 1.265920e+04 2.104154e+02 15000 12000 -2.469298e-04     0 3.986308e-02 5.922447e+01 1.299604e+02 5.848551e-02 1.141707e-04 
4.401000e+02 -1.050514e-02 5.982814e-02 1.355685e+00 1.145273e+04 1.267190e+04 2.104333e+02 15000 12000 -2.178598e-04     0 3.986281e-02 5.919726e+01 1.299606e+02 5.848567e-02 1.135067e-04 
4.402000e+02 -1.049745e-02 5.976956e-02 1.355670e+00 1.145551e+04 1.268460e+04 2.104504e+02 15000 12000 -2.066062e-04     0 3.986250e-02 5.917006e+01 1.299608e+02 5.848585e-02 1.121408e-04 
4.403000e+02 -1.049112e-02 5.971103e-02 1.355659e+00 1.145828e+04 1.269729e+04 2.104667e+02 15000 12000 -2.021231e-04     0 3.986215e-02 5.914288e+01 1.299610e+02 5.848607e-02 1.098996e-04 
4.404000e+02 -1.048587e-02 5.965254e-02 1.355650e+00 1.146105e+04 1.270999e+04 2.104823e+02 15000 12000 -2.002815e-04     0 3.986177e-02 5.911571e+01 1.299612e+02 5.848630e-02 1.072902e-04 
4.405000e+02 -1.048155e-02 5.959412e-02 1.355644e+00 1.146383e+04 1.272269e+04 2.104971e+02 15000 12000 -1.995434e-04     0 3.986135e-02 5.908857e+01 1.299614e+02 5.848656e-02 1.050164e-04 
4.406000e+02 -1.047823e-02 5.953574e-02 1.355639e+00 1.146660e+04 1.273538e+04 2.105112e+02 15000 12000 -1.632635e-04     0 3.986090e-02 5.906144e+01 1.299616e+02 5.848685e-02 1.031770e-04 
4.407000e+02 -1.047595e-02 5.947744e-02 1.355637e+00 1.146937e+04 1.274808e+04 2.105245e+02 15000 12000 -1.501147e-04     0 3.986041e-02 5.903434e+01 1.299618e+02 5.848716e-02 1.004388e-04 
4.408000e+02 -1.047448e-02 5.941919e-02 1.355638e+00 1.147215e+04 1.276078e+04 2.105370e+02 15000 12000 -1.455956e-04     0 3.985988e-02 5.900727e+01 1.299620e+02 5.848749e-02 9.656161e-05 
4.409000e+02 -1.047363e-02 5.936102e-02 1.355641e+00 1.147492e+04 1.277347e+04 2.105488e+02 15000 12000 -1.443178e-04     0 3.985932e-02 5.898022e+01 1.299622e+02 5.848785e-02 9.218128e-05 
  441 1.047334e-02 5.930292e-02 1.355646e+00 1.147769e+04 1.278617e+04 2.105598e+02 15000 12000 5.414572e-04     0 3.985872e-02 5.895320e+01 1.299624e+02 5.848824e-02 8.818239e-05 
4.411000e+02 -1.047759e-02 5.924490e-02 1.355692e+00 1.148047e+04 1.279887e+04 2.105700e+02 15000 12000 1.315738e-03     0 3.985806e-02 5.892621e+01 1.299626e+02 5.848866e-02 2.469210e-05 
4.412000e+02 -1.049899e-02 5.918701e-02 1.355808e+00 1.148324e+04 1.281156e+04 2.105795e+02 15000 12000 4.348778e-04     0 3.985731e-02 5.889926e+01 1.299628e+02 5.848906e-02 -1.291619e-04 
4.413000e+02 -1.052226e-02 5.912927e-02 1.355927e+00 1.148601e+04 1.282426e+04 2.105882e+02 15000 12000 1.092802e-04     0 3.985666e-02 5.887234e+01 1.299630e+02 5.848947e-02 -2.806229e-04 
4.414000e+02 -1.053281e-02 5.907161e-02 1.356006e+00 1.148879e+04 1.283696e+04 2.105962e+02 15000 12000 -1.133324e-05     0 3.985607e-02 5.884545e+01 1.299632e+02 5.848994e-02 -3.818788e-04 
4.415000e+02 -1.053366e-02 5.901398e-02 1.356025e+00 1.149156e+04 1.284965e+04 2.106034e+02 15000 12000 -5.563424e-05     0 3.985539e-02 5.881860e+01 1.299634e+02 5.849045e-02 -4.172691e-04 
4.416000e+02 -1.053169e-02 5.895636e-02 1.355986e+00 1.149434e+04 1.286235e+04 2.106099e+02 15000 12000 1.054777e-05     0 3.985457e-02 5.879178e+01 1.299636e+02 5.849097e-02 -3.920946e-04 
4.417000e+02 -1.053212e-02 5.889878e-02 1.355903e+00 1.149711e+04 1.287505e+04 2.106156e+02 15000 12000 3.470677e-05     0 3.985365e-02 5.876501e+01 1.299638e+02 5.849150e-02 -3.254562e-04 
4.418000e+02 -1.053600e-02 5.884130e-02 1.355794e+00 1.149989e+04 1.288774e+04 2.106206e+02 15000 12000 4.277542e-05     0 3.985271e-02 5.873828e+01 1.299640e+02 5.849206e-02 -2.379680e-04 
4.419000e+02 -1.054283e-02 5.878394e-02 1.355677e+00 1.150266e+04 1.290044e+04 2.106248e+02 15000 12000 4.449363e-05     0 3.985178e-02 5.871160e+01 1.299642e+02 5.849268e-02 -1.476278e-04 
  442 -1.055176e-02 5.872671e-02 1.355566e+00 1.150544e+04 1.291314e+04 2.106282e+02 15000 12000 4.360351e-05     0 3.985084e-02 5.868496e+01 1.299645e+02 5.849333e-02 -6.825128e-05 
4.421000e+02 -1.056186e-02 5.866962e-02 1.355471e+00 1.150821e+04 1.292583e+04 2.106309e+02 15000 12000 4.691600e-05     0 3.984986e-02 5.865838e+01 1.299647e+02 5.849400e-02 -8.772192e-06 
4.422000e+02 -1.057231e-02 5.861267e-02 1.355396e+00 1.151099e+04 1.293853e+04 2.106329e+02 15000 12000 4.646214e-05     0 3.984884e-02 5.863184e+01 1.299649e+02 5.849469e-02 2.664796e-05 
4.423000e+02 -1.058225e-02 5.855587e-02 1.355343e+00 1.151377e+04 1.295123e+04 2.106341e+02 15000 12000 4.470728e-05     0 3.984779e-02 5.860535e+01 1.299651e+02 5.849539e-02 3.834314e-05 
4.424000e+02 -1.059107e-02 5.849921e-02 1.355308e+00 1.151654e+04 1.296392e+04 2.106345e+02 15000 12000 4.264729e-05     0 3.984670e-02 5.857892e+01 1.299653e+02 5.849611e-02 3.002535e-05 
4.425000e+02 -1.059847e-02 5.844271e-02 1.355288e+00 1.151932e+04 1.297662e+04 2.106342e+02 15000 12000 4.068905e-05     0 3.984559e-02 5.855255e+01 1.299655e+02 5.849684e-02 7.412360e-06 
4.426000e+02 -1.060479e-02 5.838637e-02 1.355277e+00 1.152210e+04 1.298932e+04 2.106332e+02 15000 12000 6.409026e-05     0 3.984446e-02 5.852623e+01 1.299657e+02 5.849760e-02 -2.344620e-05 
4.427000e+02 -1.061107e-02 5.833017e-02 1.355268e+00 1.152488e+04 1.300201e+04 2.106314e+02 15000 12000 7.175462e-05     0 3.984330e-02 5.849997e+01 1.299659e+02 5.849837e-02 -5.773505e-05 
4.428000e+02 -1.061753e-02 5.827412e-02 1.355259e+00 1.152766e+04 1.301471e+04 2.106289e+02 15000 12000 7.358443e-05     0 3.984211e-02 5.847377e+01 1.299661e+02 5.849916e-02 -9.084799e-05 
4.429000e+02 -1.062426e-02 5.821820e-02 1.355245e+00 1.153044e+04 1.302740e+04 2.106257e+02 15000 12000 7.322197e-05     0 3.984090e-02 5.844763e+01 1.299664e+02 5.849998e-02 -1.189708e-04 
  443 -1.063141e-02 5.816242e-02 1.355222e+00 1.153322e+04 1.304010e+04 2.106217e+02 15000 12000 7.198288e-05     0 3.983966e-02 5.842156e+01 1.299666e+02 5.850081e-02 -1.396586e-04 
4.431000e+02 -1.063985e-02 5.810678e-02 1.355191e+00 1.153600e+04 1.305280e+04 2.106169e+02 15000 12000 1.182147e-04     0 3.983840e-02 5.839555e+01 1.299668e+02 5.850165e-02 -1.526759e-04 
4.432000e+02 -1.065139e-02 5.805128e-02 1.355153e+00 1.153878e+04 1.306549e+04 2.106115e+02 15000 12000 1.336272e-04     0 3.983710e-02 5.836961e+01 1.299670e+02 5.850252e-02 -1.607523e-04 
4.433000e+02 -1.066583e-02 5.799593e-02 1.355110e+00 1.154156e+04 1.307819e+04 2.106053e+02 15000 12000 1.372291e-04     0 3.983577e-02 5.834374e+01 1.299672e+02 5.850340e-02 -1.658174e-04 
4.434000e+02 -1.068244e-02 5.794074e-02 1.355062e+00 1.154435e+04 1.309088e+04 2.105984e+02 15000 12000 1.361432e-04     0 3.983441e-02 5.831794e+01 1.299674e+02 5.850431e-02 -1.688890e-04 
4.435000e+02 -1.070064e-02 5.788571e-02 1.355011e+00 1.154713e+04 1.310358e+04 2.105907e+02 15000 12000 1.330802e-04     0 3.983302e-02 5.829221e+01 1.299677e+02 5.850523e-02 -1.705787e-04 
4.436000e+02 -1.072063e-02 5.783085e-02 1.354956e+00 1.154991e+04 1.311627e+04 2.105823e+02 15000 12000 1.661649e-04     0 3.983160e-02 5.826656e+01 1.299679e+02 5.850618e-02 -1.718641e-04 
4.437000e+02 -1.074374e-02 5.777616e-02 1.354901e+00 1.155270e+04 1.312897e+04 2.105732e+02 15000 12000 1.750705e-04     0 3.983014e-02 5.824098e+01 1.299681e+02 5.850715e-02 -1.748908e-04 
4.438000e+02 -1.076953e-02 5.772165e-02 1.354844e+00 1.155548e+04 1.314166e+04 2.105634e+02 15000 12000 1.746296e-04     0 3.982866e-02 5.821548e+01 1.299683e+02 5.850814e-02 -1.803465e-04 
4.439000e+02 -1.079715e-02 5.766732e-02 1.354787e+00 1.155827e+04 1.315436e+04 2.105529e+02 15000 12000 1.704385e-04     0 3.982714e-02 5.819006e+01 1.299685e+02 5.850915e-02 -1.876993e-04 
  444 -1.082598e-02 5.761317e-02 1.354728e+00 1.156106e+04 1.316705e+04 2.105416e+02 15000 12000 1.646552e-04     0 3.982559e-02 5.816472e+01 1.299687e+02 5.851018e-02 -1.959017e-04 
4.441000e+02 -1.085634e-02 5.755921e-02 1.354666e+00 1.156384e+04 1.317975e+04 2.105296e+02 15000 12000 1.915697e-04     0 3.982401e-02 5.813947e+01 1.299689e+02 5.851123e-02 -2.043266e-04 
4.442000e+02 -1.088980e-02 5.750544e-02 1.354603e+00 1.156663e+04 1.319244e+04 2.105169e+02 15000 12000 1.966591e-04     0 3.982240e-02 5.811429e+01 1.299692e+02 5.851230e-02 -2.136707e-04 
4.443000e+02 -1.092599e-02 5.745187e-02 1.354536e+00 1.156942e+04 1.320513e+04 2.105035e+02 15000 12000 1.932434e-04     0 3.982075e-02 5.808921e+01 1.299694e+02 5.851340e-02 -2.236894e-04 
4.444000e+02 -1.096409e-02 5.739848e-02 1.354467e+00 1.157221e+04 1.321783e+04 2.104894e+02 15000 12000 1.863586e-04     0 3.981907e-02 5.806421e+01 1.299696e+02 5.851451e-02 -2.334409e-04 
4.445000e+02 -1.100348e-02 5.734530e-02 1.354393e+00 1.157500e+04 1.323052e+04 2.104746e+02 15000 12000 1.779581e-04     0 3.981736e-02 5.803929e+01 1.299698e+02 5.851565e-02 -2.418918e-04 
4.446000e+02 -1.104459e-02 5.729231e-02 1.354315e+00 1.157779e+04 1.324322e+04 2.104591e+02 15000 12000 2.005781e-04     0 3.981562e-02 5.801447e+01 1.299700e+02 5.851681e-02 -2.487097e-04 
4.447000e+02 -1.108923e-02 5.723952e-02 1.354232e+00 1.158059e+04 1.325591e+04 2.104428e+02 15000 12000 2.023656e-04     0 3.981384e-02 5.798974e+01 1.299703e+02 5.851799e-02 -2.550109e-04 
4.448000e+02 -1.113688e-02 5.718694e-02 1.354146e+00 1.158338e+04 1.326860e+04 2.104259e+02 15000 12000 1.959491e-04     0 3.981203e-02 5.796511e+01 1.299705e+02 5.851919e-02 -2.610949e-04 
4.449000e+02 -1.118649e-02 5.713457e-02 1.354056e+00 1.158617e+04 1.328129e+04 2.104083e+02 15000 12000 1.861450e-04     0 3.981018e-02 5.794057e+01 1.299707e+02 5.852042e-02 -2.665812e-04 
  445 -1.123720e-02 5.708241e-02 1.353961e+00 1.158897e+04 1.329399e+04 2.103899e+02 15000 12000 1.748634e-04     0 3.980830e-02 5.791612e+01 1.299709e+02 5.852167e-02 -2.709174e-04 
4.451000e+02 -1.128927e-02 5.703046e-02 1.353862e+00 1.159177e+04 1.330668e+04 2.103709e+02 15000 12000 1.887890e-04     0 3.980639e-02 5.789178e+01 1.299711e+02 5.852294e-02 -2.740315e-04 
4.452000e+02 -1.134421e-02 5.697873e-02 1.353759e+00 1.159457e+04 1.331937e+04 2.103512e+02 15000 12000 1.856869e-04     0 3.980444e-02 5.786753e+01 1.299714e+02 5.852423e-02 -2.769492e-04 
4.453000e+02 -1.140139e-02 5.692723e-02 1.353652e+00 1.159737e+04 1.333206e+04 2.103308e+02 15000 12000 1.758870e-04     0 3.980246e-02 5.784339e+01 1.299716e+02 5.852555e-02 -2.799554e-04 
4.454000e+02 -1.145968e-02 5.687595e-02 1.353542e+00 1.160017e+04 1.334476e+04 2.103097e+02 15000 12000 1.633722e-04     0 3.980044e-02 5.781934e+01 1.299718e+02 5.852689e-02 -2.827214e-04 
4.455000e+02 -1.151818e-02 5.682491e-02 1.353427e+00 1.160297e+04 1.335745e+04 2.102880e+02 15000 12000 1.497561e-04     0 3.979839e-02 5.779541e+01 1.299720e+02 5.852826e-02 -2.847399e-04 
4.456000e+02 -1.157702e-02 5.677409e-02 1.353309e+00 1.160577e+04 1.337014e+04 2.102655e+02 15000 12000 1.554404e-04     0 3.979631e-02 5.777157e+01 1.299722e+02 5.852964e-02 -2.858582e-04 
4.457000e+02 -1.163747e-02 5.672352e-02 1.353186e+00 1.160858e+04 1.338283e+04 2.102424e+02 15000 12000 1.482825e-04     0 3.979419e-02 5.774785e+01 1.299725e+02 5.853105e-02 -2.867722e-04 
4.458000e+02 -1.169892e-02 5.667318e-02 1.353061e+00 1.161139e+04 1.339552e+04 2.102186e+02 15000 12000 1.361592e-04     0 3.979204e-02 5.772423e+01 1.299727e+02 5.853248e-02 -2.876388e-04 
4.459000e+02 -1.176035e-02 5.662309e-02 1.352932e+00 1.161419e+04 1.340821e+04 2.101941e+02 15000 12000 1.221310e-04     0 3.978986e-02 5.770073e+01 1.299729e+02 5.853394e-02 -2.881771e-04 
  446 -1.182102e-02 5.657324e-02 1.352799e+00 1.161700e+04 1.342090e+04 2.101690e+02 15000 12000 1.074555e-04     0 3.978765e-02 5.767733e+01 1.299731e+02 5.853541e-02 -2.880004e-04 
4.461000e+02 -1.188099e-02 5.652364e-02 1.352662e+00 1.161982e+04 1.343359e+04 2.101432e+02 15000 12000 1.069508e-04     0 3.978541e-02 5.765405e+01 1.299734e+02 5.853691e-02 -2.870063e-04 
4.462000e+02 -1.194128e-02 5.647430e-02 1.352522e+00 1.162263e+04 1.344628e+04 2.101167e+02 15000 12000 9.734408e-05     0 3.978314e-02 5.763088e+01 1.299736e+02 5.853843e-02 -2.857320e-04 
4.463000e+02 -1.200138e-02 5.642522e-02 1.352378e+00 1.162544e+04 1.345897e+04 2.100896e+02 15000 12000 8.434190e-05     0 3.978083e-02 5.760783e+01 1.299738e+02 5.853997e-02 -2.843405e-04 
4.464000e+02 -1.206048e-02 5.637639e-02 1.352232e+00 1.162826e+04 1.347166e+04 2.100618e+02 15000 12000 7.017484e-05     0 3.977851e-02 5.758490e+01 1.299740e+02 5.854153e-02 -2.826845e-04 
4.465000e+02 -1.211799e-02 5.632783e-02 1.352082e+00 1.163108e+04 1.348434e+04 2.100334e+02 15000 12000 5.576831e-05     0 3.977615e-02 5.756208e+01 1.299742e+02 5.854311e-02 -2.805382e-04 
4.466000e+02 -1.217397e-02 5.627954e-02 1.351930e+00 1.163390e+04 1.349703e+04 2.100043e+02 15000 12000 5.117522e-05     0 3.977376e-02 5.753938e+01 1.299745e+02 5.854471e-02 -2.778653e-04 
4.467000e+02 -1.222915e-02 5.623152e-02 1.351774e+00 1.163672e+04 1.350972e+04 2.099745e+02 15000 12000 4.066534e-05     0 3.977136e-02 5.751681e+01 1.299747e+02 5.854633e-02 -2.750579e-04 
4.468000e+02 -1.228319e-02 5.618377e-02 1.351617e+00 1.163955e+04 1.352241e+04 2.099442e+02 15000 12000 2.809673e-05     0 3.976892e-02 5.749436e+01 1.299749e+02 5.854797e-02 -2.722504e-04 
4.469000e+02 -1.233551e-02 5.613630e-02 1.351456e+00 1.164237e+04 1.353509e+04 2.099132e+02 15000 12000 1.498127e-05     0 3.976647e-02 5.747203e+01 1.299751e+02 5.854962e-02 -2.693606e-04 
  447 -1.238574e-02 5.608911e-02 1.351294e+00 1.164520e+04 1.354778e+04 2.098815e+02 15000 12000 1.946727e-06     0 3.976398e-02 5.744983e+01 1.299754e+02 5.855129e-02 -2.662471e-04 
4.471000e+02 -1.243395e-02 5.604221e-02 1.351129e+00 1.164803e+04 1.356046e+04 2.098492e+02 15000 12000 -4.158816e-06     0 3.976148e-02 5.742775e+01 1.299756e+02 5.855298e-02 -2.628913e-04 
4.472000e+02 -1.248072e-02 5.599559e-02 1.350961e+00 1.165086e+04 1.357315e+04 2.098163e+02 15000 12000 -1.407197e-05     0 3.975896e-02 5.740580e+01 1.299758e+02 5.855468e-02 -2.595615e-04 
4.473000e+02 -1.252586e-02 5.594927e-02 1.350793e+00 1.165369e+04 1.358584e+04 2.097828e+02 15000 12000 -2.517460e-05     0 3.975642e-02 5.738398e+01 1.299760e+02 5.855640e-02 -2.563453e-04 
4.474000e+02 -1.256899e-02 5.590323e-02 1.350622e+00 1.165653e+04 1.359852e+04 2.097486e+02 15000 12000 -3.644432e-05     0 3.975386e-02 5.736230e+01 1.299763e+02 5.855813e-02 -2.531794e-04 
4.475000e+02 -1.260991e-02 5.585750e-02 1.350449e+00 1.165937e+04 1.361120e+04 2.097138e+02 15000 12000 -4.746149e-05     0 3.975128e-02 5.734074e+01 1.299765e+02 5.855988e-02 -2.499583e-04 
4.476000e+02 -1.264875e-02 5.581206e-02 1.350275e+00 1.166221e+04 1.362389e+04 2.096784e+02 15000 12000 -5.266821e-05     0 3.974868e-02 5.731932e+01 1.299767e+02 5.856164e-02 -2.466727e-04 
4.477000e+02 -1.268609e-02 5.576692e-02 1.350100e+00 1.166505e+04 1.363657e+04 2.096424e+02 15000 12000 -6.088339e-05     0 3.974606e-02 5.729803e+01 1.299769e+02 5.856341e-02 -2.435404e-04 
4.478000e+02 -1.272180e-02 5.572209e-02 1.349923e+00 1.166789e+04 1.364925e+04 2.096058e+02 15000 12000 -6.998392e-05     0 3.974343e-02 5.727687e+01 1.299772e+02 5.856520e-02 -2.406223e-04 
4.479000e+02 -1.275560e-02 5.567756e-02 1.349745e+00 1.167074e+04 1.366193e+04 2.095686e+02 15000 12000 -7.914553e-05     0 3.974079e-02 5.725586e+01 1.299774e+02 5.856699e-02 -2.378490e-04 
  448 -1.278737e-02 5.563334e-02 1.349565e+00 1.167359e+04 1.367462e+04 2.095308e+02 15000 12000 -8.803456e-05     0 3.973813e-02 5.723498e+01 1.299776e+02 5.856880e-02 -2.351122e-04 
4.481000e+02 -1.281734e-02 5.558943e-02 1.349385e+00 1.167644e+04 1.368730e+04 2.094924e+02 15000 12000 -9.051837e-05     0 3.973545e-02 5.721424e+01 1.299778e+02 5.857062e-02 -2.324054e-04 
4.482000e+02 -1.284619e-02 5.554583e-02 1.349203e+00 1.167929e+04 1.369998e+04 2.094534e+02 15000 12000 -9.645752e-05     0 3.973277e-02 5.719364e+01 1.299781e+02 5.857245e-02 -2.299635e-04 
4.483000e+02 -1.287377e-02 5.550256e-02 1.349021e+00 1.168215e+04 1.371266e+04 2.094138e+02 15000 12000 -1.035018e-04     0 3.973007e-02 5.717318e+01 1.299783e+02 5.857428e-02 -2.278355e-04 
4.484000e+02 -1.289981e-02 5.545959e-02 1.348838e+00 1.168501e+04 1.372534e+04 2.093736e+02 15000 12000 -1.107389e-04     0 3.972735e-02 5.715287e+01 1.299785e+02 5.857613e-02 -2.259166e-04 
4.485000e+02 -1.292414e-02 5.541695e-02 1.348654e+00 1.168787e+04 1.373802e+04 2.093328e+02 15000 12000 -1.177993e-04     0 3.972463e-02 5.713270e+01 1.299787e+02 5.857799e-02 -2.240556e-04 
4.486000e+02 -1.294711e-02 5.537463e-02 1.348469e+00 1.169073e+04 1.375070e+04 2.092915e+02 15000 12000 -1.162743e-04     0 3.972189e-02 5.711267e+01 1.299789e+02 5.857985e-02 -2.222384e-04 
4.487000e+02 -1.296964e-02 5.533263e-02 1.348283e+00 1.169359e+04 1.376337e+04 2.092496e+02 15000 12000 -1.197587e-04     0 3.971914e-02 5.709279e+01 1.299792e+02 5.858173e-02 -2.207777e-04 
4.488000e+02 -1.299152e-02 5.529096e-02 1.348097e+00 1.169646e+04 1.377605e+04 2.092071e+02 15000 12000 -1.250191e-04     0 3.971637e-02 5.707305e+01 1.299794e+02 5.858361e-02 -2.197249e-04 
4.489000e+02 -1.301231e-02 5.524961e-02 1.347911e+00 1.169933e+04 1.378873e+04 2.091641e+02 15000 12000 -1.307943e-04     0 3.971360e-02 5.705347e+01 1.299796e+02 5.858550e-02 -2.189168e-04 
  449 -1.303175e-02 5.520859e-02 1.347724e+00 1.170220e+04 1.380141e+04 2.091205e+02 15000 12000 -1.365681e-04     0 3.971081e-02 5.703403e+01 1.299798e+02 5.858740e-02 -2.181255e-04 
4.491000e+02 -1.305031e-02 5.516791e-02 1.347536e+00 1.170507e+04 1.381408e+04 2.090763e+02 15000 12000 -1.301693e-04     0 3.970801e-02 5.701475e+01 1.299801e+02 5.858931e-02 -2.173236e-04 
4.492000e+02 -1.306931e-02 5.512755e-02 1.347347e+00 1.170795e+04 1.382676e+04 2.090316e+02 15000 12000 -1.312778e-04     0 3.970520e-02 5.699561e+01 1.299803e+02 5.859122e-02 -2.169578e-04 
4.493000e+02 -1.308838e-02 5.508753e-02 1.347159e+00 1.171083e+04 1.383943e+04 2.089864e+02 15000 12000 -1.352059e-04     0 3.970238e-02 5.697663e+01 1.299805e+02 5.859314e-02 -2.170972e-04 
4.494000e+02 -1.310684e-02 5.504785e-02 1.346970e+00 1.171371e+04 1.385211e+04 2.089406e+02 15000 12000 -1.401169e-04     0 3.969954e-02 5.695781e+01 1.299807e+02 5.859508e-02 -2.175018e-04 
4.495000e+02 -1.312424e-02 5.500850e-02 1.346780e+00 1.171659e+04 1.386478e+04 2.088942e+02 15000 12000 -1.452510e-04     0 3.969669e-02 5.693913e+01 1.299809e+02 5.859702e-02 -2.178399e-04 
4.496000e+02 -1.314121e-02 5.496949e-02 1.346589e+00 1.171948e+04 1.387746e+04 2.088474e+02 15000 12000 -1.333908e-04     0 3.969383e-02 5.692062e+01 1.299811e+02 5.859897e-02 -2.180660e-04 
4.497000e+02 -1.315960e-02 5.493083e-02 1.346398e+00 1.172237e+04 1.389013e+04 2.088000e+02 15000 12000 -1.323350e-04     0 3.969096e-02 5.690225e+01 1.299814e+02 5.860092e-02 -2.188086e-04 
4.498000e+02 -1.317884e-02 5.489251e-02 1.346207e+00 1.172526e+04 1.390280e+04 2.087520e+02 15000 12000 -1.354497e-04     0 3.968807e-02 5.688405e+01 1.299816e+02 5.860289e-02 -2.201675e-04 
4.499000e+02 -1.319788e-02 5.485453e-02 1.346016e+00 1.172815e+04 1.391547e+04 2.087036e+02 15000 12000 -1.401280e-04     0 3.968517e-02 5.686601e+01 1.299818e+02 5.860486e-02 -2.218089e-04 
  450 -1.321607e-02 5.481690e-02 1.345824e+00 1.173105e+04 1.392815e+04 2.086546e+02 15000 12000 -1.452842e-04     0 3.968225e-02 5.684812e+01 1.299820e+02 5.860685e-02 -2.232720e-04 
4.501000e+02 -1.323422e-02 5.477961e-02 1.345630e+00 1.173394e+04 1.394082e+04 2.086051e+02 15000 12000 -1.274981e-04     0 3.967932e-02 5.683040e+01 1.299822e+02 5.860884e-02 -2.244883e-04 
4.502000e+02 -1.325482e-02 5.474268e-02 1.345437e+00 1.173684e+04 1.395349e+04 2.085551e+02 15000 12000 -1.245254e-04     0 3.967638e-02 5.681283e+01 1.299824e+02 5.861084e-02 -2.263110e-04 
4.503000e+02 -1.327706e-02 5.470610e-02 1.345243e+00 1.173975e+04 1.396616e+04 2.085047e+02 15000 12000 -1.273447e-04     0 3.967343e-02 5.679543e+01 1.299827e+02 5.861285e-02 -2.288807e-04 
4.504000e+02 -1.329948e-02 5.466988e-02 1.345049e+00 1.174265e+04 1.397883e+04 2.084537e+02 15000 12000 -1.324036e-04     0 3.967045e-02 5.677819e+01 1.299829e+02 5.861487e-02 -2.317530e-04 
4.505000e+02 -1.332112e-02 5.463400e-02 1.344853e+00 1.174556e+04 1.399149e+04 2.084022e+02 15000 12000 -1.382162e-04     0 3.966747e-02 5.676112e+01 1.299831e+02 5.861690e-02 -2.343139e-04 
4.506000e+02 -1.334304e-02 5.459848e-02 1.344657e+00 1.174847e+04 1.400416e+04 2.083502e+02 15000 12000 -1.140357e-04     0 3.966446e-02 5.674421e+01 1.299833e+02 5.861894e-02 -2.364675e-04 
4.507000e+02 -1.336851e-02 5.456332e-02 1.344459e+00 1.175138e+04 1.401683e+04 2.082977e+02 15000 12000 -1.093700e-04     0 3.966144e-02 5.672747e+01 1.299835e+02 5.862099e-02 -2.393329e-04 
4.508000e+02 -1.339643e-02 5.452852e-02 1.344262e+00 1.175430e+04 1.402950e+04 2.082448e+02 15000 12000 -1.123820e-04     0 3.965841e-02 5.671089e+01 1.299837e+02 5.862305e-02 -2.431005e-04 
4.509000e+02 -1.342484e-02 5.449409e-02 1.344064e+00 1.175722e+04 1.404216e+04 2.081914e+02 15000 12000 -1.184033e-04     0 3.965536e-02 5.669449e+01 1.299839e+02 5.862512e-02 -2.471980e-04 
  451 -1.345245e-02 5.446002e-02 1.343864e+00 1.176014e+04 1.405483e+04 2.081375e+02 15000 12000 -1.254749e-04     0 3.965229e-02 5.667825e+01 1.299841e+02 5.862720e-02 -2.508327e-04 
4.511000e+02 -1.348058e-02 5.442631e-02 1.343663e+00 1.176306e+04 1.406750e+04 2.080831e+02 15000 12000 -9.431650e-05     0 3.964921e-02 5.666218e+01 1.299843e+02 5.862929e-02 -2.538769e-04 
4.512000e+02 -1.351347e-02 5.439296e-02 1.343462e+00 1.176598e+04 1.408016e+04 2.080283e+02 15000 12000 -8.812347e-05     0 3.964611e-02 5.664628e+01 1.299846e+02 5.863139e-02 -2.577602e-04 
4.513000e+02 -1.354967e-02 5.435999e-02 1.343259e+00 1.176891e+04 1.409283e+04 2.079730e+02 15000 12000 -9.178363e-05     0 3.964299e-02 5.663055e+01 1.299848e+02 5.863350e-02 -2.627315e-04 
4.514000e+02 -1.358663e-02 5.432740e-02 1.343056e+00 1.177184e+04 1.410549e+04 2.079173e+02 15000 12000 -9.932884e-05     0 3.963986e-02 5.661499e+01 1.299850e+02 5.863562e-02 -2.680700e-04 
4.515000e+02 -1.362265e-02 5.429516e-02 1.342851e+00 1.177478e+04 1.411815e+04 2.078611e+02 15000 12000 -1.082472e-04     0 3.963671e-02 5.659961e+01 1.299852e+02 5.863775e-02 -2.727756e-04 
4.516000e+02 -1.365939e-02 5.426330e-02 1.342644e+00 1.177771e+04 1.413081e+04 2.078045e+02 15000 12000 -6.929759e-05     0 3.963354e-02 5.658439e+01 1.299854e+02 5.863989e-02 -2.766842e-04 
4.517000e+02 -1.370225e-02 5.423181e-02 1.342436e+00 1.178065e+04 1.414348e+04 2.077474e+02 15000 12000 -6.165841e-05     0 3.963035e-02 5.656936e+01 1.299856e+02 5.864205e-02 -2.815882e-04 
4.518000e+02 -1.374939e-02 5.420071e-02 1.342227e+00 1.178359e+04 1.415614e+04 2.076899e+02 15000 12000 -6.639973e-05     0 3.962715e-02 5.655449e+01 1.299858e+02 5.864421e-02 -2.878052e-04 
4.519000e+02 -1.379752e-02 5.416999e-02 1.342017e+00 1.178654e+04 1.416880e+04 2.076319e+02 15000 12000 -7.603496e-05     0 3.962393e-02 5.653981e+01 1.299860e+02 5.864639e-02 -2.944403e-04 
  452 -1.384447e-02 5.413964e-02 1.341805e+00 1.178948e+04 1.418146e+04 2.075736e+02 15000 12000 -8.740295e-05     0 3.962068e-02 5.652530e+01 1.299862e+02 5.864858e-02 -3.002499e-04 
4.521000e+02 -1.389230e-02 5.410966e-02 1.341590e+00 1.179243e+04 1.419412e+04 2.075148e+02 15000 12000 -3.947789e-05     0 3.961742e-02 5.651096e+01 1.299864e+02 5.865078e-02 -3.050284e-04 
4.522000e+02 -1.394786e-02 5.408007e-02 1.341374e+00 1.179538e+04 1.420678e+04 2.074556e+02 15000 12000 -3.036069e-05     0 3.961414e-02 5.649681e+01 1.299866e+02 5.865299e-02 -3.109991e-04 
4.523000e+02 -1.400881e-02 5.405088e-02 1.341157e+00 1.179834e+04 1.421944e+04 2.073960e+02 15000 12000 -3.661053e-05     0 3.961085e-02 5.648283e+01 1.299868e+02 5.865521e-02 -3.185600e-04 
4.524000e+02 -1.407100e-02 5.402207e-02 1.340938e+00 1.180130e+04 1.423209e+04 2.073360e+02 15000 12000 -4.894123e-05     0 3.960754e-02 5.646903e+01 1.299871e+02 5.865744e-02 -3.266083e-04 
4.525000e+02 -1.413163e-02 5.399364e-02 1.340716e+00 1.180426e+04 1.424475e+04 2.072755e+02 15000 12000 -6.341742e-05     0 3.960420e-02 5.645541e+01 1.299873e+02 5.865968e-02 -3.336095e-04 
4.526000e+02 -1.419330e-02 5.396559e-02 1.340491e+00 1.180722e+04 1.425741e+04 2.072147e+02 15000 12000 -4.765410e-06     0 3.960084e-02 5.644197e+01 1.299875e+02 5.866194e-02 -3.393113e-04 
4.527000e+02 -1.426469e-02 5.393793e-02 1.340264e+00 1.181018e+04 1.427006e+04 2.071535e+02 15000 12000 6.016144e-06     0 3.959747e-02 5.642871e+01 1.299877e+02 5.866421e-02 -3.464588e-04 
4.528000e+02 -1.434284e-02 5.391068e-02 1.340036e+00 1.181315e+04 1.428272e+04 2.070919e+02 15000 12000 -2.184830e-06     0 3.959408e-02 5.641563e+01 1.299879e+02 5.866649e-02 -3.555470e-04 
4.529000e+02 -1.442247e-02 5.388382e-02 1.339807e+00 1.181613e+04 1.429537e+04 2.070299e+02 15000 12000 -1.790165e-05     0 3.959067e-02 5.640274e+01 1.299881e+02 5.866878e-02 -3.652182e-04 
  453 -1.450002e-02 5.385734e-02 1.339573e+00 1.181910e+04 1.430802e+04 2.069676e+02 15000 12000 -3.625430e-05     0 3.958723e-02 5.639002e+01 1.299883e+02 5.867108e-02 -3.735822e-04 
4.531000e+02 -1.457880e-02 5.383124e-02 1.339335e+00 1.182208e+04 1.432068e+04 2.069048e+02 15000 12000 3.573642e-05     0 3.958377e-02 5.637749e+01 1.299885e+02 5.867340e-02 -3.803324e-04 
4.532000e+02 -1.466985e-02 5.380555e-02 1.339095e+00 1.182506e+04 1.433333e+04 2.068417e+02 15000 12000 4.858857e-05     0 3.958030e-02 5.636515e+01 1.299887e+02 5.867572e-02 -3.888652e-04 
4.533000e+02 -1.476940e-02 5.378027e-02 1.338854e+00 1.182804e+04 1.434598e+04 2.067783e+02 15000 12000 3.795153e-05     0 3.957681e-02 5.635298e+01 1.299889e+02 5.867806e-02 -3.997946e-04 
4.534000e+02 -1.487073e-02 5.375539e-02 1.338611e+00 1.183103e+04 1.435863e+04 2.067145e+02 15000 12000 1.800845e-05     0 3.957330e-02 5.634101e+01 1.299891e+02 5.868040e-02 -4.114417e-04 
4.535000e+02 -1.496927e-02 5.373090e-02 1.338362e+00 1.183402e+04 1.437128e+04 2.066503e+02 15000 12000 -5.175616e-06     0 3.956976e-02 5.632921e+01 1.299893e+02 5.868277e-02 -4.214675e-04 
4.536000e+02 -1.506928e-02 5.370678e-02 1.338109e+00 1.183701e+04 1.438393e+04 2.065858e+02 15000 12000 8.408536e-05     0 3.956619e-02 5.631761e+01 1.299895e+02 5.868514e-02 -4.295024e-04 
4.537000e+02 -1.518497e-02 5.368308e-02 1.337853e+00 1.184001e+04 1.439658e+04 2.065209e+02 15000 12000 9.974019e-05     0 3.956261e-02 5.630619e+01 1.299897e+02 5.868753e-02 -4.397813e-04 
4.538000e+02 -1.531151e-02 5.365981e-02 1.337596e+00 1.184301e+04 1.440923e+04 2.064557e+02 15000 12000 8.610124e-05     0 3.955901e-02 5.629495e+01 1.299899e+02 5.868992e-02 -4.530688e-04 
4.539000e+02 -1.544020e-02 5.363694e-02 1.337335e+00 1.184601e+04 1.442188e+04 2.063902e+02 15000 12000 6.084451e-05     0 3.955539e-02 5.628391e+01 1.299901e+02 5.869233e-02 -4.672677e-04 
  454 -1.556516e-02 5.361446e-02 1.337069e+00 1.184902e+04 1.443452e+04 2.063243e+02 15000 12000 3.156891e-05     0 3.955173e-02 5.627305e+01 1.299903e+02 5.869476e-02 -4.794542e-04 
4.541000e+02 -1.569195e-02 5.359235e-02 1.336797e+00 1.185203e+04 1.444717e+04 2.062581e+02 15000 12000 1.441097e-04     0 3.954804e-02 5.626238e+01 1.299905e+02 5.869720e-02 -4.891843e-04 
4.542000e+02 -1.583918e-02 5.357067e-02 1.336521e+00 1.185504e+04 1.445981e+04 2.061916e+02 15000 12000 1.638038e-04     0 3.954434e-02 5.625190e+01 1.299907e+02 5.869965e-02 -5.018106e-04 
4.543000e+02 -1.600050e-02 5.354942e-02 1.336244e+00 1.185806e+04 1.447246e+04 2.061248e+02 15000 12000 1.464567e-04     0 3.954062e-02 5.624160e+01 1.299909e+02 5.870210e-02 -5.182957e-04 
4.544000e+02 -1.616452e-02 5.352859e-02 1.335963e+00 1.186108e+04 1.448510e+04 2.060577e+02 15000 12000 1.143939e-04     0 3.953687e-02 5.623150e+01 1.299911e+02 5.870457e-02 -5.359772e-04 
4.545000e+02 -1.632354e-02 5.350814e-02 1.335676e+00 1.186411e+04 1.449774e+04 2.059903e+02 15000 12000 7.726886e-05     0 3.953308e-02 5.622158e+01 1.299913e+02 5.870707e-02 -5.511422e-04 
4.546000e+02 -1.648504e-02 5.348806e-02 1.335380e+00 1.186713e+04 1.451038e+04 2.059226e+02 15000 12000 2.225037e-04     0 3.952925e-02 5.621186e+01 1.299915e+02 5.870958e-02 -5.632578e-04 
4.547000e+02 -1.667380e-02 5.346841e-02 1.335081e+00 1.187017e+04 1.452302e+04 2.058546e+02 15000 12000 2.482984e-04     0 3.952541e-02 5.620233e+01 1.299917e+02 5.871209e-02 -5.792265e-04 
4.548000e+02 -1.688139e-02 5.344922e-02 1.334780e+00 1.187320e+04 1.453566e+04 2.057863e+02 15000 12000 2.263020e-04     0 3.952155e-02 5.619298e+01 1.299919e+02 5.871462e-02 -6.002794e-04 
4.549000e+02 -1.709256e-02 5.343044e-02 1.334475e+00 1.187624e+04 1.454830e+04 2.057177e+02 15000 12000 1.852697e-04     0 3.951765e-02 5.618383e+01 1.299922e+02 5.871716e-02 -6.229614e-04 
  455 -1.729697e-02 5.341204e-02 1.334161e+00 1.187928e+04 1.456094e+04 2.056488e+02 15000 12000 1.377121e-04     0 3.951370e-02 5.617487e+01 1.299924e+02 5.871972e-02 -6.424523e-04 
4.551000e+02 -1.750499e-02 5.339400e-02 1.333837e+00 1.188233e+04 1.457358e+04 2.055797e+02 15000 12000 3.309443e-04     0 3.950969e-02 5.616610e+01 1.299926e+02 5.872231e-02 -6.581152e-04 
4.552000e+02 -1.775062e-02 5.337641e-02 1.333510e+00 1.188538e+04 1.458621e+04 2.055103e+02 15000 12000 3.663458e-04     0 3.950567e-02 5.615752e+01 1.299928e+02 5.872490e-02 -6.790968e-04 
4.553000e+02 -1.802225e-02 5.335930e-02 1.333181e+00 1.188844e+04 1.459885e+04 2.054406e+02 15000 12000 3.383742e-04     0 3.950164e-02 5.614914e+01 1.299930e+02 5.872750e-02 -7.070104e-04 
4.554000e+02 -1.829891e-02 5.334262e-02 1.332846e+00 1.189150e+04 1.461148e+04 2.053707e+02 15000 12000 2.850678e-04     0 3.949755e-02 5.614095e+01 1.299932e+02 5.873012e-02 -7.372380e-04 
4.555000e+02 -1.856639e-02 5.332629e-02 1.332500e+00 1.189456e+04 1.462411e+04 2.053005e+02 15000 12000 2.230835e-04     0 3.949338e-02 5.613295e+01 1.299934e+02 5.873278e-02 -7.633354e-04 
4.556000e+02 -1.883959e-02 5.331030e-02 1.332142e+00 1.189763e+04 1.463675e+04 2.052301e+02 15000 12000 4.905463e-04     0 3.948915e-02 5.612514e+01 1.299936e+02 5.873546e-02 -7.845531e-04 
4.557000e+02 -1.916682e-02 5.329478e-02 1.331780e+00 1.190071e+04 1.464938e+04 2.051594e+02 15000 12000 5.418129e-04     0 3.948489e-02 5.611753e+01 1.299938e+02 5.873814e-02 -8.134651e-04 
4.558000e+02 -1.953155e-02 5.327978e-02 1.331416e+00 1.190378e+04 1.466201e+04 2.050885e+02 15000 12000 5.059159e-04     0 3.948062e-02 5.611011e+01 1.299940e+02 5.874082e-02 -8.522565e-04 
4.559000e+02 -1.990386e-02 5.326523e-02 1.331046e+00 1.190687e+04 1.467463e+04 2.050173e+02 15000 12000 4.350050e-04     0 3.947627e-02 5.610289e+01 1.299942e+02 5.874354e-02 -8.945118e-04 
  456 -2.026346e-02 5.325100e-02 1.330661e+00 1.190996e+04 1.468726e+04 2.049460e+02 15000 12000 3.520704e-04     0 3.947181e-02 5.609586e+01 1.299944e+02 5.874630e-02 -9.312741e-04 
4.561000e+02 -2.063299e-02 5.323707e-02 1.330261e+00 1.191305e+04 1.469989e+04 2.048743e+02 15000 12000 7.422083e-04     0 3.946724e-02 5.608902e+01 1.299947e+02 5.874910e-02 -9.617073e-04 
4.562000e+02 -2.108443e-02 5.322366e-02 1.329856e+00 1.191615e+04 1.471251e+04 2.048025e+02 15000 12000 8.213937e-04     0 3.946265e-02 5.608238e+01 1.299949e+02 5.875188e-02 -1.003986e-03 
4.563000e+02 -2.159300e-02 5.321085e-02 1.329450e+00 1.191925e+04 1.472513e+04 2.047305e+02 15000 12000 7.746210e-04     0 3.945805e-02 5.607593e+01 1.299951e+02 5.875465e-02 -1.061213e-03 
4.564000e+02 -2.211394e-02 5.319851e-02 1.329036e+00 1.192236e+04 1.473776e+04 2.046582e+02 15000 12000 6.769393e-04     0 3.945333e-02 5.606968e+01 1.299953e+02 5.875747e-02 -1.123996e-03 
4.565000e+02 -2.261683e-02 5.318645e-02 1.328604e+00 1.192548e+04 1.475038e+04 2.045857e+02 15000 12000 5.616641e-04     0 3.944843e-02 5.606363e+01 1.299955e+02 5.876036e-02 -1.179216e-03 
4.566000e+02 -2.313872e-02 5.317460e-02 1.328149e+00 1.192860e+04 1.476300e+04 2.045131e+02 15000 12000 1.173829e-03     0 3.944335e-02 5.605777e+01 1.299958e+02 5.876331e-02 -1.226120e-03 
4.567000e+02 -2.379424e-02 5.316339e-02 1.327692e+00 1.193172e+04 1.477561e+04 2.044402e+02 15000 12000 1.306839e-03     0 3.943825e-02 5.605211e+01 1.299960e+02 5.876618e-02 -1.292925e-03 
4.568000e+02 -2.454365e-02 5.315296e-02 1.327236e+00 1.193486e+04 1.478823e+04 2.043671e+02 15000 12000 1.244703e-03     0 3.943315e-02 5.604664e+01 1.299962e+02 5.876902e-02 -1.384342e-03 
4.569000e+02 -2.531523e-02 5.314307e-02 1.326770e+00 1.193800e+04 1.480085e+04 2.042938e+02 15000 12000 1.103092e-03     0 3.942786e-02 5.604137e+01 1.299965e+02 5.877192e-02 -1.485583e-03 
  457 -2.606022e-02 5.313335e-02 1.326278e+00 1.194114e+04 1.481346e+04 2.042204e+02 15000 12000 9.337136e-04     0 3.942226e-02 5.603630e+01 1.299967e+02 5.877495e-02 -1.575954e-03 
4.571000e+02 -2.684637e-02 5.312372e-02 1.325755e+00 1.194429e+04 1.482607e+04 2.041467e+02 15000 12000 2.005631e-03     0 3.941634e-02 5.603142e+01 1.299970e+02 5.877804e-02 -1.655562e-03 
4.572000e+02 -2.787586e-02 5.311504e-02 1.325234e+00 1.194745e+04 1.483868e+04 2.040728e+02 15000 12000 2.257787e-03     0 3.941044e-02 5.602674e+01 1.299972e+02 5.878088e-02 -1.773291e-03 
4.573000e+02 -2.907797e-02 5.310763e-02 1.324722e+00 1.195062e+04 1.485129e+04 2.039988e+02 15000 12000 2.173987e-03     0 3.940459e-02 5.602226e+01 1.299975e+02 5.878359e-02 -1.937110e-03 
4.574000e+02 -3.032522e-02 5.310103e-02 1.324201e+00 1.195380e+04 1.486389e+04 2.039245e+02 15000 12000 1.952058e-03     0 3.939844e-02 5.601798e+01 1.299977e+02 5.878635e-02 -2.121011e-03 
4.575000e+02 -3.153095e-02 5.309439e-02 1.323639e+00 1.195698e+04 1.487650e+04 2.038501e+02 15000 12000 1.681070e-03     0 3.939169e-02 5.601390e+01 1.299980e+02 5.878936e-02 -2.288472e-03 
4.576000e+02 -3.284556e-02 5.308761e-02 1.323032e+00 1.196017e+04 1.488910e+04 2.037754e+02 15000 12000 3.942787e-03     0 3.938430e-02 5.601002e+01 1.299983e+02 5.879234e-02 -2.444489e-03 
4.577000e+02 -3.469392e-02 5.308304e-02 1.322448e+00 1.196337e+04 1.490170e+04 2.037006e+02 15000 12000 4.526687e-03     0 3.937718e-02 5.600635e+01 1.299986e+02 5.879433e-02 -2.691447e-03 
4.578000e+02 -3.692570e-02 5.308165e-02 1.321903e+00 1.196658e+04 1.491429e+04 2.036256e+02 15000 12000 4.417869e-03     0 3.937053e-02 5.600287e+01 1.299989e+02 5.879559e-02 -3.045715e-03 
4.579000e+02 -3.927010e-02 5.308231e-02 1.321357e+00 1.196980e+04 1.492689e+04 2.035503e+02 15000 12000 4.020803e-03     0 3.936349e-02 5.599960e+01 1.299993e+02 5.879668e-02 -3.452124e-03 
  458 -4.154310e-02 5.308264e-02 1.320742e+00 1.197303e+04 1.493948e+04 2.034748e+02 15000 12000 3.518916e-03     0 3.935522e-02 5.599654e+01 1.299996e+02 5.879823e-02 -3.832612e-03 
4.581000e+02 -4.425433e-02 5.308312e-02 1.320068e+00 1.197627e+04 1.495207e+04 2.033990e+02 15000 12000 1.065525e-02     0 3.934552e-02 5.599368e+01 1.300000e+02 5.879836e-02 -4.229849e-03 
4.582000e+02 -4.871318e-02 5.309481e-02 1.319557e+00 1.197953e+04 1.496466e+04 2.033229e+02 15000 12000 1.271431e-02     0 3.933859e-02 5.599104e+01 1.300005e+02 5.879159e-02 -4.968930e-03 
4.583000e+02 -5.445000e-02 5.312391e-02 1.319261e+00 1.198279e+04 1.497724e+04 2.032465e+02 15000 12000 1.265790e-02     0 3.933643e-02 5.598861e+01 1.300009e+02 5.877806e-02 -6.102351e-03 
4.584000e+02 -6.061375e-02 5.316704e-02 1.319046e+00 1.198607e+04 1.498982e+04 2.031697e+02 15000 12000 1.170730e-02     0 3.933692e-02 5.598641e+01 1.300015e+02 5.876015e-02 -7.455219e-03 
4.585000e+02 -6.662651e-02 5.321323e-02 1.318694e+00 1.198937e+04 1.500239e+04 2.030923e+02 15000 12000 1.042064e-02     0 3.933701e-02 5.598445e+01 1.300021e+02 5.874183e-02 -8.775600e-03 
4.586000e+02 -7.749339e-02 5.329576e-02 1.318632e+00 1.199268e+04 1.501496e+04 2.030143e+02 15000 12000 7.554006e-02     0 3.933357e-02 5.598274e+01 1.300028e+02 5.867543e-02 -1.081203e-02 
4.587000e+02 -1.048346e-01 5.365079e-02 1.320999e+00 1.199602e+04 1.502753e+04 2.029352e+02 15000 12000 9.635632e-02     0 3.940266e-02 5.598132e+01 1.300038e+02 5.838336e-02 -1.661940e-02 
4.588000e+02 -1.443837e-01 5.456671e-02 1.326305e+00 1.199938e+04 1.504009e+04 2.028541e+02 15000 12000 9.857642e-02     0 3.965148e-02 5.598024e+01 1.300051e+02 5.771365e-02 -2.671683e-02 
4.589000e+02 -1.884442e-01 5.619142e-02 1.333275e+00 1.200277e+04 1.505264e+04 2.027686e+02 15000 12000 9.283355e-02     0 4.022671e-02 5.597972e+01 1.300068e+02 5.663883e-02 -3.949522e-02 
  459 -2.318115e-01 5.836396e-02 1.339826e+00 1.200621e+04 1.506518e+04 2.026756e+02 1.503129e+04 1.100678e+04 8.399974e-02     0 4.130641e-02 5.598006e+01 1.300088e+02 5.532920e-02 -5.258137e-02 
4.591000e+02 -2.594753e-01 9.267975e-02 1.334086e+00 1.200969e+04 1.507770e+04 2.025567e+02 1.503129e+04 1.100678e+04 -9.056875e-02     0 -2.617994e-01 5.434476e+01 1.300081e+02 8.955199e-02 -6.172036e-02 
4.592000e+02 -2.467662e-01 1.668011e-01 1.306869e+00 1.201324e+04 1.509020e+04 2.024715e+02 1.503129e+04 1.100678e+04 -1.000000e-01     0 -2.617994e-01 5.282337e+01 1.298738e+02 1.592667e-01 -5.667171e-02 
4.593000e+02 -2.168574e-01 2.464309e-01 1.267525e+00 1.201688e+04 1.510265e+04 2.025736e+02 1.503129e+04 1.100678e+04 -1.000000e-01     0 -2.617994e-01 5.139131e+01 1.295456e+02 2.252635e-01 -3.484952e-02 
4.594000e+02 -1.863005e-01 3.136653e-01 1.223877e+00 1.202063e+04 1.511502e+04 2.030012e+02 1.503129e+04 1.100678e+04 -1.000000e-01     0 -2.617994e-01 5.002127e+01 1.290224e+02 2.693612e-01 -1.842665e-03 
4.595000e+02 -1.604774e-01 3.637551e-01 1.181540e+00 1.202448e+04 1.512727e+04 2.038397e+02 1.506168e+04 1.102664e+04 -1.000000e-01     0 -2.617994e-01 4.870161e+01 1.283285e+02 2.897304e-01 3.429466e-02 
4.596000e+02 -1.388259e-01 3.997862e-01 1.145033e+00 1.202842e+04 1.513937e+04 2.051195e+02 1.506168e+04 1.102664e+04 -1.000000e-01     0 -2.617994e-01 4.741519e+01 1.274928e+02 2.927651e-01 6.679345e-02 
4.597000e+02 -1.178817e-01 4.279750e-01 1.117677e+00 1.203242e+04 1.515131e+04 2.068314e+02 1.506168e+04 1.102664e+04 -1.000000e-01     0 -2.617994e-01 4.615362e+01 1.265401e+02 2.867725e-01 9.163100e-02 
4.598000e+02 -9.354257e-02 4.538551e-01 1.101341e+00 1.203646e+04 1.516305e+04 2.089471e+02 1.506168e+04 1.102664e+04 -1.000000e-01     0 -2.617994e-01 4.491245e+01 1.254887e+02 2.781571e-01 1.074061e-01 
4.599000e+02 -6.259357e-02 4.808586e-01 1.096496e+00 1.204051e+04 1.517460e+04 2.114335e+02 1.506168e+04 1.102664e+04 -1.000000e-01     0 -2.617994e-01 4.368869e+01 1.243510e+02 2.706573e-01 1.146505e-01 
  460 -2.435362e-02 5.102371e-01 1.102572e+00 1.204456e+04 1.518595e+04 2.142598e+02 1.509111e+04 1.104906e+04 -1.000000e-01     0 -2.617994e-01 4.247973e+01 1.231348e+02 2.658270e-01 1.150934e-01 
4.601000e+02 3.076094e-02 5.416358e-01 1.118362e+00 1.204855e+04 1.519710e+04 2.174002e+02 1.509111e+04 1.104906e+04 -1.000000e-01     0 -2.617994e-01 4.128297e+01 1.218438e+02 2.638083e-01 1.110187e-01 
4.602000e+02 8.796693e-02 5.738382e-01 1.142321e+00 1.205248e+04 1.520804e+04 2.208326e+02 1.509111e+04 1.104906e+04 -1.000000e-01     0 -2.617994e-01 4.009581e+01 1.204796e+02 2.639951e-01 1.047471e-01 
4.603000e+02 1.542704e-01 6.054121e-01 1.172788e+00 1.205628e+04 1.521877e+04 2.245368e+02 1.509111e+04 1.104906e+04 -1.000000e-01     0 -2.617994e-01 3.891581e+01 1.190430e+02 2.655058e-01 9.826531e-02 
4.604000e+02 2.270158e-01 6.351367e-01 1.208170e+00 1.205993e+04 1.522930e+04 2.284918e+02 1.509111e+04 1.104906e+04 -9.621725e-02     0 -2.617994e-01 3.773871e+01 1.175355e+02 2.674887e-01 9.301486e-02 
4.605000e+02 3.027809e-01 6.621750e-01 1.247166e+00 1.206340e+04 1.523964e+04 2.326743e+02 1.511866e+04 1.107074e+04 -7.862766e-02     0 -2.617994e-01 3.656340e+01 1.159602e+02 2.694199e-01 8.934816e-02 
4.606000e+02 3.766943e-01 6.859746e-01 1.289080e+00 1.206664e+04 1.524978e+04 2.370586e+02 1.511866e+04 1.107074e+04 -6.050340e-02     0 -2.617994e-01 3.539445e+01 1.143215e+02 2.711342e-01 8.624484e-02 
4.607000e+02 4.461754e-01 7.061527e-01 1.333627e+00 1.206963e+04 1.525973e+04 2.416172e+02 1.511866e+04 1.107074e+04 -4.271977e-02     0 -2.617994e-01 3.422812e+01 1.126255e+02 2.725192e-01 8.264647e-02 
4.608000e+02 5.102951e-01 7.225018e-01 1.380582e+00 1.207236e+04 1.526949e+04 2.463215e+02 1.511866e+04 1.107074e+04 -2.582679e-02     0 -2.617994e-01 3.306366e+01 1.108789e+02 2.735557e-01 7.782318e-02 
4.609000e+02 5.689449e-01 7.349989e-01 1.429589e+00 1.207479e+04 1.527907e+04 2.511432e+02 1.511866e+04 1.107074e+04 -1.008166e-02     0 -2.617994e-01 3.190123e+01 1.090888e+02 2.742922e-01 7.144681e-02 
  461 6.223177e-01 7.438052e-01 1.480100e+00 1.207693e+04 1.528847e+04 2.560546e+02 1.514398e+04 1.108743e+04 4.438403e-03     0 -2.617994e-01 3.074118e+01 1.072617e+02 2.748039e-01 6.355099e-02 
4.611000e+02 6.706328e-01 7.492484e-01 1.531424e+00 1.207877e+04 1.529769e+04 2.610291e+02 1.514398e+04 1.108743e+04 1.773832e-02     0 -2.617994e-01 2.958393e+01 1.054039e+02 2.751665e-01 5.443337e-02 
4.612000e+02 7.140376e-01 7.517852e-01 1.582811e+00 1.208031e+04 1.530672e+04 2.660417e+02 1.514398e+04 1.108743e+04 2.984464e-02     0 -2.617994e-01 2.843000e+01 1.035210e+02 2.754455e-01 4.454411e-02 
4.613000e+02 7.526128e-01 7.519503e-01 1.633552e+00 1.208155e+04 1.531558e+04 2.710690e+02 1.514398e+04 1.108743e+04 4.077935e-02     0 -2.617994e-01 2.727989e+01 1.016181e+02 2.756940e-01 3.438720e-02 
4.614000e+02 7.864192e-01 7.503016e-01 1.683047e+00 1.208249e+04 1.532425e+04 2.760892e+02 1.514398e+04 1.108743e+04 5.055628e-02     0 -2.617994e-01 2.613414e+01 9.969990e+01 2.759546e-01 2.444636e-02 
4.615000e+02 8.155466e-01 7.473702e-01 1.730846e+00 1.208314e+04 1.533274e+04 2.810824e+02 1.516680e+04 1.109700e+04 5.918802e-02     0 -2.617994e-01 2.499325e+01 9.777092e+01 2.762632e-01 1.513755e-02 
4.616000e+02 8.401446e-01 7.436219e-01 1.776651e+00 1.208350e+04 1.534106e+04 2.860304e+02 1.516680e+04 1.109700e+04 6.669487e-02     0 -2.617994e-01 2.385769e+01 9.583536e+01 2.766522e-01 6.784558e-03 
4.617000e+02 8.604340e-01 7.394320e-01 1.820302e+00 1.208360e+04 1.534919e+04 2.909167e+02 1.516680e+04 1.109700e+04 7.311111e-02     0 -2.617994e-01 2.272790e+01 9.389730e+01 2.771532e-01 -3.875504e-04 
4.618000e+02 8.767013e-01 7.350751e-01 1.861745e+00 1.208343e+04 1.535714e+04 2.957265e+02 1.516680e+04 1.109700e+04 7.848748e-02     0 -2.617994e-01 2.160429e+01 9.196068e+01 2.777973e-01 -6.247021e-03 
4.619000e+02 8.892838e-01 7.307253e-01 1.901006e+00 1.208302e+04 1.536490e+04 3.004466e+02 1.516680e+04 1.109700e+04 8.289018e-02     0 -2.617994e-01 2.048722e+01 9.002934e+01 2.786145e-01 -1.074269e-02 
  462 8.985510e-01 7.264649e-01 1.938158e+00 1.208237e+04 1.537249e+04 3.050653e+02 1.518690e+04 1.109974e+04 8.639804e-02     0 -2.617994e-01    20 8.810813e+01 2.796272e-01 -1.388769e-02 
4.621000e+02 9.048868e-01 7.222991e-01 1.973301e+00 1.208149e+04 1.537990e+04 3.095724e+02 1.518690e+04 1.109974e+04 8.909701e-02     0 -2.617994e-01    20 8.620607e+01 2.808383e-01 -1.574261e-02 
4.622000e+02 9.086768e-01 7.181756e-01 2.006554e+00 1.208041e+04 1.538713e+04 3.139590e+02 1.518690e+04 1.109974e+04 9.107835e-02     0 -2.617994e-01    20 8.432722e+01 2.822630e-01 -1.640127e-02 
4.623000e+02 9.102944e-01 7.139986e-01 2.038041e+00 1.207912e+04 1.539418e+04 3.182173e+02 1.518690e+04 1.109974e+04 9.243393e-02     0 -2.617994e-01    20 8.247487e+01 2.839130e-01 -1.597599e-02 
4.624000e+02 9.100897e-01 7.096411e-01 2.067879e+00 1.207765e+04 1.540106e+04 3.223406e+02 1.518690e+04 1.109974e+04 9.325280e-02     0 -2.617994e-01    20 8.065228e+01 2.857904e-01 -1.458605e-02 
4.625000e+02 9.083852e-01 7.049593e-01 2.096176e+00 1.207600e+04 1.540777e+04 3.263226e+02 1.520423e+04 1.109693e+04 9.361919e-02     0 -2.617994e-01    20 7.886269e+01 2.878908e-01 -1.234904e-02 
4.626000e+02 9.054727e-01 6.998030e-01 2.123037e+00 1.207419e+04 1.541432e+04 3.301579e+02 1.520423e+04 1.109693e+04 9.361102e-02     0 -2.617994e-01    20 7.710939e+01 2.902043e-01 -9.374759e-03 
4.627000e+02 9.016127e-01 6.940230e-01 2.148556e+00 1.207222e+04 1.542070e+04 3.338416e+02 1.520423e+04 1.109693e+04 9.329913e-02     0 -2.617994e-01    20 7.539572e+01 2.927170e-01 -5.761462e-03 
4.628000e+02 8.970344e-01 6.874777e-01 2.172825e+00 1.207011e+04 1.542692e+04 3.373692e+02 1.520423e+04 1.109693e+04 9.274694e-02     0 -2.617994e-01    20 7.372514e+01 2.954123e-01 -1.593969e-03 
4.629000e+02 8.919374e-01 6.800358e-01 2.195929e+00 1.206787e+04 1.543298e+04 3.407366e+02 1.520423e+04 1.109693e+04 9.201052e-02     0 -2.617994e-01    20 7.210124e+01 2.982717e-01 3.056627e-03 
  463 8.864936e-01 6.715791e-01 2.217950e+00 1.206550e+04 1.543890e+04 3.439400e+02 1.521895e+04 1.108999e+04 9.113882e-02     0 -2.617994e-01    20 7.052774e+01 3.012759e-01 8.132108e-03 
4.631000e+02 8.808497e-01 6.620032e-01 2.238968e+00 1.206302e+04 1.544467e+04 3.469762e+02 1.521895e+04 1.108999e+04 9.017418e-02     0 -2.617994e-01    20 6.900854e+01 3.044046e-01 1.358544e-02 
4.632000e+02 8.751296e-01 6.512177e-01 2.259063e+00 1.206042e+04 1.545029e+04 3.498418e+02 1.521895e+04 1.108999e+04 8.915284e-02     0 -2.617994e-01    20 6.754767e+01 3.076363e-01 1.937854e-02 
4.633000e+02 8.694368e-01 6.391453e-01 2.278310e+00 1.205772e+04 1.545578e+04 3.525338e+02 1.521895e+04 1.108999e+04 8.810552e-02     0 -2.617994e-01    20 6.614935e+01 3.109477e-01 2.547970e-02 
4.634000e+02 8.638573e-01 6.257215e-01 2.296787e+00 1.205493e+04 1.546114e+04 3.550497e+02 1.521895e+04 1.108999e+04 8.705806e-02     0 -2.617994e-01    20 6.481791e+01 3.143132e-01 3.186081e-02 
4.635000e+02 8.584613e-01 6.108935e-01 2.314570e+00 1.205204e+04 1.546638e+04 3.573868e+02 1.523135e+04 1.108005e+04 8.603197e-02     0 -2.617994e-01    20 6.355781e+01 3.177035e-01 3.849464e-02 
4.636000e+02 8.533059e-01 5.946191e-01 2.331738e+00 1.204906e+04 1.547149e+04 3.595429e+02 1.523135e+04 1.108005e+04 8.504499e-02     0 -2.617994e-01    20 6.237358e+01 3.210849e-01 4.535209e-02 
4.637000e+02 8.484365e-01 5.768663e-01 2.348366e+00 1.204600e+04 1.547648e+04 3.615157e+02 1.523135e+04 1.108005e+04 8.411159e-02     0 -2.617994e-01    20 6.126981e+01 3.244188e-01 5.239961e-02 
4.638000e+02 8.438887e-01 5.576126e-01 2.364535e+00 1.204285e+04 1.548136e+04 3.633033e+02 1.523135e+04 1.108005e+04 8.324343e-02     0 -2.617994e-01    20 6.025105e+01 3.276606e-01 5.959691e-02 
4.639000e+02 8.396896e-01 5.368449e-01 2.380324e+00 1.203963e+04 1.548613e+04 3.649039e+02 1.523135e+04 1.108005e+04 8.244976e-02     0 -2.617994e-01    20 5.932178e+01 3.307599e-01 6.689483e-02 
  464 8.358591e-01 5.145592e-01 2.395813e+00 1.203633e+04 1.549080e+04 3.663158e+02 1.524176e+04 1.106783e+04 8.173775e-02     0 -2.617994e-01    20 5.848633e+01 3.336606e-01 7.423382e-02 
4.641000e+02 8.324106e-01 4.907607e-01 2.411088e+00 1.203295e+04 1.549537e+04 3.675377e+02 1.524176e+04 1.106783e+04 8.111275e-02     0 -2.617994e-01    20 5.774877e+01 3.363016e-01 8.154274e-02 
4.642000e+02 8.293515e-01 4.654647e-01 2.426233e+00 1.202950e+04 1.549984e+04 3.685682e+02 1.524176e+04 1.106783e+04 8.057851e-02     0 -2.617994e-01    20 5.711288e+01 3.386183e-01 8.873835e-02 
4.643000e+02 8.266837e-01 4.386966e-01 2.441337e+00 1.202597e+04 1.550422e+04 3.694062e+02 1.524176e+04 1.106783e+04 8.013729e-02     0 -2.617994e-01    20 5.658204e+01 3.405443e-01 9.572553e-02 
4.644000e+02 8.244035e-01 4.104929e-01 2.456491e+00 1.202237e+04 1.550851e+04 3.700506e+02 1.524176e+04 1.106783e+04 7.978996e-02     0 -2.617994e-01    20 5.615912e+01 3.420144e-01 1.023982e-01 
4.645000e+02 8.225016e-01 3.809021e-01 2.471789e+00 1.201870e+04 1.551271e+04 3.705007e+02 1.525047e+04 1.105369e+04 7.953599e-02     0 -2.617994e-01    20 5.584645e+01 3.429673e-01 1.086412e-01 
4.646000e+02 8.209626e-01 3.499855e-01 2.487329e+00 1.201495e+04 1.551682e+04 3.707556e+02 1.525047e+04 1.105369e+04 7.937341e-02     0 -2.617994e-01    20 5.564572e+01 3.433495e-01 1.143327e-01 
4.647000e+02 8.197641e-01 3.178181e-01 2.503210e+00 1.201112e+04 1.552086e+04 3.708147e+02 1.525047e+04 1.105369e+04 7.929865e-02     0 -2.617994e-01    20 5.555799e+01 3.431186e-01 1.193479e-01 
4.648000e+02 8.188764e-01 2.844898e-01 2.519534e+00 1.200722e+04 1.552481e+04 3.706776e+02 1.525047e+04 1.105369e+04 7.930645e-02     0 -2.617994e-01    20 5.558356e+01 3.422476e-01 1.235626e-01 
4.649000e+02 8.182610e-01 2.501056e-01 2.536407e+00 1.200324e+04 1.552868e+04 3.703437e+02 1.525047e+04 1.105369e+04 7.938956e-02     0 -2.617994e-01    20 5.572207e+01 3.407274e-01 1.268580e-01 
  465 8.178698e-01 2.147870e-01 2.553933e+00 1.199918e+04 1.553248e+04 3.698128e+02 1.525764e+04 1.103769e+04 7.953855e-02     0 -2.617994e-01    20 5.597243e+01 3.385698e-01 1.291254e-01 
4.651000e+02 8.176333e-01 1.786720e-01 2.572218e+00 1.199504e+04 1.553619e+04 3.690845e+02 1.525764e+04 1.103769e+04 8.036578e-02     0 -2.617994e-01    20 5.633288e+01 3.358101e-01 1.302675e-01 
4.652000e+02 8.174489e-01 1.419149e-01 2.591366e+00 1.199081e+04 1.553983e+04 3.681588e+02 1.525764e+04 1.103769e+04 8.083460e-02     0 -2.617994e-01    20 5.680104e+01 3.325084e-01 1.301982e-01 
4.653000e+02 8.172284e-01 1.046854e-01 2.611479e+00 1.198649e+04 1.554340e+04 3.670355e+02 1.525764e+04 1.103769e+04 8.117093e-02     0 -2.617994e-01    20 5.737393e+01 3.287424e-01 1.288620e-01 
4.654000e+02 8.168864e-01 6.716971e-02 2.632653e+00 1.198209e+04 1.554688e+04 3.657147e+02 1.525764e+04 1.103769e+04 8.144466e-02     0 -2.617994e-01    20 5.804806e+01 3.246054e-01 1.262365e-01 
4.655000e+02 8.163287e-01 2.957013e-02 2.654971e+00 1.197759e+04 1.555028e+04 3.641964e+02 1.526330e+04 1.101965e+04 8.166723e-02     0 -2.617994e-01    20 5.881950e+01 3.202042e-01 1.223324e-01 
4.656000e+02 8.152917e-01 -7.894930e-03 2.678505e+00 1.197299e+04 1.555361e+04 3.624809e+02 1.526330e+04 1.101965e+04 9.020936e-02     0 -2.617994e-01    20 5.968392e+01 3.156722e-01 1.171445e-01 
4.657000e+02 8.131756e-01 -4.500366e-02 2.703320e+00 1.196830e+04 1.555684e+04 3.605685e+02 1.526330e+04 1.101965e+04 9.331614e-02     0 -2.617994e-01    20 6.063664e+01 3.111755e-01 1.105804e-01 
4.658000e+02 8.097738e-01 -8.153866e-02 2.729477e+00 1.196350e+04 1.556000e+04 3.584600e+02 1.526330e+04 1.101965e+04 9.422379e-02     0 -2.617994e-01    20 6.167271e+01 3.068216e-01 1.026825e-01 
4.659000e+02 8.051020e-01 -1.172665e-01 2.757003e+00 1.195860e+04 1.556306e+04 3.561564e+02 1.526330e+04 1.101965e+04 9.411743e-02     0 -2.617994e-01    20 6.278690e+01 3.026833e-01 9.360548e-02 
  466 7.992312e-01 -1.519326e-01 2.785880e+00 1.195359e+04 1.556602e+04 3.536587e+02 1.526733e+04 1.099924e+04 9.344202e-02     0 -2.617994e-01    20 6.397381e+01 2.988180e-01 8.357184e-02 
4.661000e+02 7.919974e-01 -1.852660e-01 2.816039e+00 1.194846e+04 1.556889e+04 3.509688e+02 1.526733e+04 1.099924e+04 1.000000e-01     0 -2.617994e-01    20 6.522787e+01 2.952885e-01 7.277687e-02 
4.662000e+02 7.830277e-01 -2.170036e-01 2.847380e+00 1.194322e+04 1.557166e+04 3.480885e+02 1.526733e+04 1.099924e+04 1.000000e-01     0 -2.617994e-01    20 6.654340e+01 2.921469e-01 6.135570e-02 
4.663000e+02 7.724119e-01 -2.468851e-01 2.879762e+00 1.193787e+04 1.557432e+04 3.450204e+02 1.526733e+04 1.099924e+04 1.000000e-01     0 -2.617994e-01    20 6.791463e+01 2.893945e-01 4.958820e-02 
4.664000e+02 7.602237e-01 -2.746504e-01 2.912990e+00 1.193238e+04 1.557686e+04 3.417674e+02 1.526733e+04 1.099924e+04 1.000000e-01     0 -2.617994e-01    20 6.933577e+01 2.870207e-01 3.776583e-02 
4.665000e+02 7.465063e-01 -3.000555e-01 2.946814e+00 1.192678e+04 1.557928e+04 3.383333e+02 1.526939e+04 1.097600e+04 1.000000e-01     0 -2.617994e-01    20 7.080100e+01 2.850009e-01 2.616963e-02 
4.666000e+02 7.312861e-01 -3.228816e-01 2.980943e+00 1.192104e+04 1.558157e+04 3.347221e+02 1.526939e+04 1.097600e+04 1.000000e-01     0 -2.617994e-01    20 7.230453e+01 2.832993e-01 1.505784e-02 
4.667000e+02 7.145831e-01 -3.429451e-01 3.015049e+00 1.191517e+04 1.558372e+04 3.309388e+02 1.526939e+04 1.097600e+04 1.000000e-01     0 -2.617994e-01    20 7.384064e+01 2.818722e-01 4.654590e-03 
4.668000e+02 6.964158e-01 -3.601055e-01 3.048774e+00 1.190917e+04 1.558573e+04 3.269892e+02 1.526939e+04 1.097600e+04 1.000000e-01     0 -2.617994e-01    20 7.540373e+01 2.806721e-01 -4.859614e-03 
4.669000e+02 6.768042e-01 -3.742693e-01 3.081680e+00 1.190303e+04 1.558759e+04 3.228796e+02 1.526939e+04 1.097600e+04 1.000000e-01     0 -2.617994e-01    20 7.698827e+01 2.796533e-01 -1.335510e-02 
  467 6.557694e-01 -3.853930e-01 3.112843e+00 1.189675e+04 1.558929e+04 3.186175e+02 1.526899e+04 1.094943e+04 1.000000e-01     0 -2.617994e-01    20 7.858886e+01 2.787766e-01 -2.075741e-02 
4.671000e+02 6.333332e-01 -3.934823e-01 -3.129580e+00 1.189032e+04 1.559082e+04 3.142111e+02 1.526899e+04 1.094943e+04 1.000000e-01     0 -2.617994e-01    20 8.020023e+01 2.780127e-01 -2.704859e-02 
4.672000e+02 6.095184e-01 -3.985894e-01 -3.105473e+00 1.188375e+04 1.559218e+04 3.096698e+02 1.526899e+04 1.094943e+04 1.000000e-01     0 -2.617994e-01    20 8.181718e+01 2.773436e-01 -3.226502e-02 
4.673000e+02 5.843497e-01 -4.008087e-01 -3.078082e+00 1.187704e+04 1.559336e+04 3.050038e+02 1.526899e+04 1.094943e+04 1.000000e-01     0 -2.617994e-01    20 8.343460e+01 2.767622e-01 -3.649220e-02 
4.674000e+02 5.578560e-01 -4.002699e-01 -3.051915e+00 1.187017e+04 1.559435e+04 3.002244e+02 1.526899e+04 1.094943e+04 1.000000e-01     0 -2.617994e-01    20 8.504745e+01 2.762684e-01 -3.985637e-02 
4.675000e+02 5.300738e-01 -3.971314e-01 -3.027388e+00 1.186316e+04 1.559516e+04 2.953441e+02 1.526559e+04 1.091903e+04 1.000000e-01     0 -2.617994e-01    20 8.665071e+01 2.758659e-01 -4.251393e-02 
4.676000e+02 5.010510e-01 -3.915718e-01 -3.004611e+00 1.185599e+04 1.559577e+04 2.903760e+02 1.526559e+04 1.091903e+04 1.000000e-01     0 -2.617994e-01    20 8.823942e+01 2.755572e-01 -4.463905e-02 
4.677000e+02 4.708490e-01 -3.837816e-01 -2.983615e+00 1.184866e+04 1.559619e+04 2.853346e+02 1.526559e+04 1.091903e+04 1.000000e-01     0 -2.617994e-01    20 8.980866e+01 2.753406e-01 -4.641060e-02 
4.678000e+02 4.395459e-01 -3.739546e-01 -2.964391e+00 1.184118e+04 1.559641e+04 2.802350e+02 1.526559e+04 1.091903e+04 9.882548e-02     0 -2.617994e-01    20 9.135356e+01 2.752074e-01 -4.799899e-02 
4.679000e+02 4.076026e-01 -3.622792e-01 -2.946929e+00 1.183354e+04 1.559644e+04 2.750932e+02 1.526559e+04 1.091903e+04 9.195449e-02     0 -2.617994e-01    20 9.286935e+01 2.751573e-01 -4.944487e-02 
  468 3.761705e-01 -3.489214e-01 -2.931269e+00 1.182573e+04 1.559627e+04 2.699258e+02 1.525879e+04 1.088440e+04 8.458054e-02     0 -2.617994e-01    20 9.435139e+01 2.752095e-01 -5.050540e-02 
4.681000e+02 3.457500e-01 -3.340360e-01 -2.917499e+00 1.181776e+04 1.559590e+04 2.647500e+02 1.525879e+04 1.088440e+04 8.548303e-02     0 -2.617994e-01    20 9.579529e+01 2.753413e-01 -5.102479e-02 
4.682000e+02 3.157948e-01 -3.177929e-01 -2.905644e+00 1.180963e+04 1.559535e+04 2.595831e+02 1.525879e+04 1.088440e+04 8.121911e-02     0 -2.617994e-01    20 9.719691e+01 2.754902e-01 -5.117214e-02 
4.683000e+02 2.865801e-01 -3.003631e-01 -2.895671e+00 1.180134e+04 1.559462e+04 2.544425e+02 1.525879e+04 1.088440e+04 7.512725e-02     0 -2.617994e-01    20 9.855238e+01 2.756479e-01 -5.093103e-02 
4.684000e+02 2.586513e-01 -2.819025e-01 -2.887550e+00 1.179287e+04 1.559370e+04 2.493458e+02 1.525879e+04 1.088440e+04 6.851857e-02     0 -2.617994e-01    20 9.985808e+01 2.758206e-01 -5.017206e-02 
4.685000e+02 2.324145e-01 -2.625567e-01 -2.881251e+00 1.178425e+04 1.559262e+04 2.443104e+02 1.524857e+04 1.084529e+04 6.195082e-02     0 -2.617994e-01    20 1.011107e+02 2.760075e-01 -4.877182e-02 
4.686000e+02 2.078461e-01 -2.424657e-01 -2.876712e+00 1.177545e+04 1.559137e+04 2.393532e+02 1.524857e+04 1.084529e+04 5.974232e-02     0 -2.617994e-01    20 1.023072e+02 2.761910e-01 -4.673119e-02 
4.687000e+02 1.843894e-01 -2.217663e-01 -2.873790e+00 1.176650e+04 1.558997e+04 2.344911e+02 1.524857e+04 1.084529e+04 5.525965e-02     0 -2.617994e-01    20 1.034448e+02 2.763431e-01 -4.427285e-02 
4.688000e+02 1.620165e-01 -2.005818e-01 -2.872284e+00 1.175738e+04 1.558842e+04 2.297400e+02 1.524857e+04 1.084529e+04 5.009304e-02     0 -2.617994e-01 2.044332e+01 1.045224e+02 2.764652e-01 -4.152993e-02 
4.689000e+02 1.409050e-01 -1.790148e-01 -2.871995e+00 1.174810e+04 1.558674e+04 2.251155e+02 1.524857e+04 1.084529e+04 4.485002e-02     0 -2.617994e-01 2.088517e+01 1.055394e+02 2.765643e-01 -3.856905e-02 
  469 1.212064e-01 -1.571485e-01 -2.872736e+00 1.173866e+04 1.558493e+04 2.206325e+02 1.523530e+04 1.080177e+04 3.978272e-02     0 -2.617994e-01 2.126888e+01 1.064933e+02 2.766480e-01 -3.544275e-02 
4.691000e+02 1.029870e-01 -1.350502e-01 -2.874332e+00 1.172907e+04 1.558301e+04 2.163049e+02 1.523530e+04 1.080177e+04 3.524292e-02     0 -2.617994e-01 2.159822e+01 1.073820e+02 2.767183e-01 -3.221160e-02 
4.692000e+02 8.622985e-02 -1.127732e-01 -2.876614e+00 1.171934e+04 1.558098e+04 2.121461e+02 1.523530e+04 1.080177e+04 3.087679e-02     0 -2.617994e-01 2.187658e+01 1.082034e+02 2.767753e-01 -2.895364e-02 
4.693000e+02 7.092268e-02 -9.035826e-02 -2.879420e+00 1.170946e+04 1.557887e+04 2.081685e+02 1.523530e+04 1.080177e+04 2.679407e-02     0 -2.617994e-01 2.210693e+01 1.089561e+02 2.768204e-01 -2.574143e-02 
4.694000e+02 5.705346e-02 -6.783563e-02 -2.882602e+00 1.169944e+04 1.557666e+04 2.043834e+02 1.523530e+04 1.080177e+04 2.303407e-02     0 -2.617994e-01 2.229189e+01 1.096384e+02 2.768565e-01 -2.263944e-02 
4.695000e+02 4.461190e-02 -4.522703e-02 -2.886025e+00 1.168930e+04 1.557439e+04 2.008013e+02 1.521961e+04 1.075435e+04 1.960999e-02     0 -2.617994e-01 2.243376e+01 1.102493e+02 2.768877e-01 -1.970306e-02 
4.696000e+02 3.371100e-02 -2.254829e-02 -2.889580e+00 1.167903e+04 1.557206e+04 1.974318e+02 1.521961e+04 1.075435e+04 1.475089e-02     0 -2.617994e-01 2.253459e+01 1.107878e+02 2.769203e-01 -1.694363e-02 
4.697000e+02 2.465763e-02 1.880812e-04 -2.893192e+00 1.166866e+04 1.556967e+04 1.942833e+02 1.521961e+04 1.075435e+04 1.140863e-02     0 -2.617994e-01 2.259619e+01 1.112531e+02 2.769620e-01 -1.428988e-02 
4.698000e+02 1.752984e-02 2.297016e-02 -2.896802e+00 1.165818e+04 1.556724e+04 1.913633e+02 1.521961e+04 1.075435e+04 8.917856e-03     0 -2.617994e-01 2.262016e+01 1.116447e+02 2.770143e-01 -1.174824e-02 
4.699000e+02 1.255451e-02 4.578536e-02 -2.900345e+00 1.164761e+04 1.556478e+04 1.886783e+02 1.521961e+04 1.075435e+04 7.053252e-03     0 -2.617994e-01 2.260792e+01 1.119623e+02 2.770794e-01 -9.380329e-03 
  470 1.034875e-02 6.861987e-02 -2.903745e+00 1.163696e+04 1.556229e+04 1.862337e+02 1.520224e+04 1.070402e+04 5.806471e-03     0 -2.617994e-01 2.256075e+01 1.122057e+02 2.771612e-01 -7.266758e-03 
4.701000e+02 -1.100863e-02 9.145785e-02 -2.906933e+00 1.162624e+04 1.555978e+04 1.840340e+02 1.520224e+04 1.070402e+04 5.384701e-04     0 -2.617994e-01 2.247712e+01 1.123749e+02 2.772643e-01 -5.434966e-03 
4.702000e+02 -1.270907e-02 1.142804e-01 -2.909897e+00 1.161546e+04 1.555726e+04 1.820824e+02 1.520224e+04 1.070402e+04 -2.498983e-03     0 -2.617994e-01 2.236297e+01 1.124702e+02 2.773942e-01 -3.648750e-03 
4.703000e+02 -1.397952e-02 1.370659e-01 -2.912667e+00 1.160463e+04 1.555473e+04 1.803815e+02 1.520224e+04 1.070402e+04 -3.893299e-03     0 -2.617994e-01 2.221777e+01 1.124918e+02 2.775500e-01 -1.807206e-03 
4.704000e+02 -1.463428e-02 1.597904e-01 -2.915231e+00 1.159377e+04 1.555219e+04 1.789325e+02 1.520224e+04 1.070402e+04 -4.594636e-03     0 -2.617994e-01 2.204164e+01 1.124402e+02 2.777306e-01 1.398933e-05 
4.705000e+02 -1.483459e-02 1.824283e-01 -2.917531e+00 1.158288e+04 1.554966e+04 1.777358e+02 1.518388e+04 1.065218e+04 -4.962671e-03     0 -2.617994e-01 2.183538e+01 1.123161e+02 2.779371e-01 1.693686e-03 
4.706000e+02 -1.464887e-02 2.049526e-01 -2.919492e+00 1.157199e+04 1.554713e+04 1.767909e+02 1.518388e+04 1.065218e+04 -7.040960e-03     0 -2.617994e-01 2.159980e+01 1.121202e+02 2.781709e-01 3.159890e-03 
4.707000e+02 -1.397661e-02 2.273344e-01 -2.921072e+00 1.156110e+04 1.554461e+04 1.760960e+02 1.518388e+04 1.065218e+04 -7.789558e-03     0 -2.617994e-01 2.133563e+01 1.118536e+02 2.784324e-01 4.455084e-03 
4.708000e+02 -1.298054e-02 2.495434e-01 -2.922248e+00 1.155023e+04 1.554210e+04 1.756487e+02 1.518388e+04 1.065218e+04 -7.984901e-03     0 -2.617994e-01 2.104362e+01 1.115171e+02 2.787222e-01 5.569298e-03 
4.709000e+02 -1.192459e-02 2.715479e-01 -2.923001e+00 1.153938e+04 1.553960e+04 1.754454e+02 1.518388e+04 1.065218e+04 -7.950832e-03     0 -2.617994e-01 2.072449e+01 1.111120e+02 2.790416e-01 6.467457e-03 
  471 -1.109326e-02 2.933156e-01 -2.923316e+00 1.152858e+04 1.553711e+04 1.754817e+02 1.516503e+04 1.060038e+04 -7.849793e-03     0 -2.617994e-01 2.037896e+01 1.106397e+02 2.793919e-01 7.127088e-03 
4.711000e+02 -1.078541e-02 3.148131e-01 -2.923189e+00 1.151782e+04 1.553464e+04 1.757524e+02 1.516503e+04 1.060038e+04 -8.981769e-03     0 -2.617994e-01 2.000557e+01 1.101015e+02 2.797734e-01 7.575021e-03 
4.712000e+02 1.132623e-02 3.360069e-01 -2.922648e+00 1.150713e+04 1.553219e+04 1.762514e+02 1.516503e+04 1.060038e+04 -6.027191e-03     0 -2.617994e-01    20 1.095002e+02 2.801834e-01 7.852370e-03 
4.713000e+02 1.260009e-02 3.568646e-01 -2.921697e+00 1.149651e+04 1.552975e+04 1.769718e+02 1.516503e+04 1.060038e+04 -4.817061e-03     0 -2.617994e-01    20 1.088388e+02 2.806230e-01 7.826234e-03 
4.714000e+02 1.428622e-02 3.773552e-01 -2.920337e+00 1.148598e+04 1.552733e+04 1.779062e+02 1.516503e+04 1.060038e+04 -4.187255e-03     0 -2.617994e-01    20 1.081194e+02 2.810934e-01 7.484609e-03 
4.715000e+02 1.626188e-02 3.974483e-01 -2.918604e+00 1.147554e+04 1.552493e+04 1.790466e+02 1.514613e+04 1.055006e+04 -3.716526e-03     0 -2.617994e-01    20 1.073437e+02 2.815943e-01 6.904311e-03 
4.716000e+02 1.850154e-02 4.171157e-01 -2.916569e+00 1.146520e+04 1.552254e+04 1.803841e+02 1.514613e+04 1.055006e+04 -3.499525e-03     0 -2.617994e-01    20 1.065139e+02 2.821267e-01 6.189297e-03 
4.717000e+02 2.099109e-02 4.363304e-01 -2.914319e+00 1.145498e+04 1.552018e+04 1.819096e+02 1.514613e+04 1.055006e+04 -3.093080e-03     0 -2.617994e-01    20 1.056320e+02 2.826926e-01 5.445433e-03 
4.718000e+02 2.365492e-02 4.550667e-01 -2.911940e+00 1.144487e+04 1.551783e+04 1.836133e+02 1.514613e+04 1.055006e+04 -2.582356e-03     0 -2.617994e-01    20 1.047002e+02 2.832945e-01 4.746888e-03 
4.719000e+02 2.638678e-02 4.732999e-01 -2.909501e+00 1.143488e+04 1.551551e+04 1.854852e+02 1.514613e+04 1.055006e+04 -2.014445e-03     0 -2.617994e-01    20 1.037207e+02 2.839348e-01 4.135620e-03 
  472 2.908385e-02 4.910055e-01 -2.907052e+00 1.142503e+04 1.551320e+04 1.875147e+02 1.512751e+04 1.050240e+04 -1.423497e-03     0 -2.617994e-01    20 1.026959e+02 2.846161e-01 3.628157e-03 
4.721000e+02 3.164584e-02 5.081592e-01 -2.904621e+00 1.141531e+04 1.551092e+04 1.896912e+02 1.512751e+04 1.050240e+04 -4.496652e-04     0 -2.617994e-01    20 1.016279e+02 2.853409e-01 3.216577e-03 
4.722000e+02 3.397170e-02 5.247368e-01 -2.902217e+00 1.140574e+04 1.550866e+04 1.920036e+02 1.512751e+04 1.050240e+04 2.478284e-04     0 -2.617994e-01    20 1.005193e+02 2.861120e-01 2.868454e-03 
4.723000e+02 3.604466e-02 5.407140e-01 -2.899836e+00 1.139631e+04 1.550641e+04 1.944408e+02 1.512751e+04 1.050240e+04 8.052234e-04     0 -2.617994e-01    20 9.937237e+01 2.869323e-01 2.562614e-03 
4.724000e+02 3.788744e-02 5.560668e-01 -2.897476e+00 1.138702e+04 1.550419e+04 1.969915e+02 1.512751e+04 1.050240e+04 1.274615e-03     0 -2.617994e-01    20 9.818969e+01 2.878051e-01 2.288349e-03 
4.725000e+02 3.953187e-02 5.707712e-01 -2.895132e+00 1.137789e+04 1.550199e+04 1.996445e+02 1.510945e+04 1.045816e+04 1.679786e-03     0 -2.617994e-01    20 9.697373e+01 2.887337e-01 2.040663e-03 
4.726000e+02 4.098930e-02 5.848035e-01 -2.892805e+00 1.136892e+04 1.549982e+04 2.023882e+02 1.510945e+04 1.045816e+04 2.458443e-03     0 -2.617994e-01    20 9.572703e+01 2.897219e-01 1.811654e-03 
4.727000e+02 4.223793e-02 5.981398e-01 -2.890493e+00 1.136010e+04 1.549766e+04 2.052115e+02 1.510945e+04 1.045816e+04 2.919662e-03     0 -2.617994e-01    20 9.445215e+01 2.907739e-01 1.581852e-03 
4.728000e+02 4.330857e-02 6.107564e-01 -2.888193e+00 1.135143e+04 1.549553e+04 2.081031e+02 1.510945e+04 1.045816e+04 3.234541e-03     0 -2.617994e-01    20 9.315172e+01 2.918937e-01 1.348364e-03 
4.729000e+02 4.424512e-02 6.226298e-01 -2.885910e+00 1.134292e+04 1.549342e+04 2.110517e+02 1.510945e+04 1.045816e+04 3.472798e-03     0 -2.617994e-01    20 9.182835e+01 2.930857e-01 1.119204e-03 
  473 4.508187e-02 6.337365e-01 -2.883652e+00 1.133457e+04 1.549134e+04 2.140466e+02 1.509214e+04 1.041770e+04 3.666097e-03     0 -2.617994e-01    20 9.048471e+01 2.943544e-01 9.056575e-04 
4.731000e+02 4.582435e-02 6.440534e-01 -2.881429e+00 1.132637e+04 1.548928e+04 2.170768e+02 1.509214e+04 1.041770e+04 4.231199e-03     0 -2.617994e-01    20 8.912350e+01 2.957046e-01 7.133133e-04 
4.732000e+02 4.644360e-02 6.535570e-01 -2.879248e+00 1.131832e+04 1.548724e+04 2.201317e+02 1.509214e+04 1.041770e+04 4.515026e-03     0 -2.617994e-01    20 8.774745e+01 2.971415e-01 5.340969e-04 
4.733000e+02 4.695194e-02 6.622239e-01 -2.877114e+00 1.131043e+04 1.548523e+04 2.232011e+02 1.509214e+04 1.041770e+04 4.677129e-03     0 -2.617994e-01    20 8.635931e+01 2.986704e-01 3.697380e-04 
4.734000e+02 4.737387e-02 6.700308e-01 -2.875033e+00 1.130268e+04 1.548324e+04 2.262747e+02 1.509214e+04 1.041770e+04 4.779851e-03     0 -2.617994e-01    20 8.496190e+01 3.002967e-01 2.278647e-04 
4.735000e+02 4.772881e-02 6.769544e-01 -2.873012e+00 1.129509e+04 1.548128e+04 2.293430e+02 1.507570e+04 1.038103e+04 4.849532e-03     0 -2.617994e-01    20 8.355804e+01 3.020262e-01 1.167005e-04 
4.736000e+02 4.801689e-02 6.829714e-01 -2.871057e+00 1.128763e+04 1.547934e+04 2.323962e+02 1.507570e+04 1.038103e+04 5.245479e-03     0 -2.617994e-01    20 8.215063e+01 3.038647e-01 3.898029e-05 
4.737000e+02 4.821391e-02 6.880586e-01 -2.869172e+00 1.128032e+04 1.547743e+04 2.354253e+02 1.507570e+04 1.038103e+04 5.401725e-03     0 -2.617994e-01    20 8.074258e+01 3.058180e-01 -1.359992e-05 
4.738000e+02 4.832772e-02 6.921927e-01 -2.867358e+00 1.127314e+04 1.547553e+04 2.384214e+02 1.507570e+04 1.038103e+04 5.455945e-03     0 -2.617994e-01    20 7.933687e+01 3.078921e-01 -4.246762e-05 
4.739000e+02 4.837713e-02 6.953504e-01 -2.865613e+00 1.126610e+04 1.547366e+04 2.413760e+02 1.507570e+04 1.038103e+04 5.461493e-03     0 -2.617994e-01    20 7.793654e+01 3.100928e-01 -4.462810e-05 
  474 4.837864e-02 6.975088e-01 -2.863939e+00 1.125918e+04 1.547182e+04 2.442810e+02 1.506013e+04 1.034786e+04 5.440785e-03     0 -2.617994e-01    20 7.654468e+01 3.124254e-01 -1.627868e-05 
4.741000e+02 4.833750e-02 6.986451e-01 -2.862336e+00 1.125240e+04 1.546999e+04 2.471286e+02 1.506013e+04 1.034786e+04 5.629515e-03     0 -2.617994e-01    20 7.516444e+01 3.148952e-01 4.357780e-05 
4.742000e+02 4.824432e-02 6.987371e-01 -2.860804e+00 1.124573e+04 1.546819e+04 2.499114e+02 1.506013e+04 1.034786e+04 5.662644e-03     0 -2.617994e-01    20 7.379904e+01 3.175065e-01 1.298391e-04 
4.743000e+02 4.810615e-02 6.977627e-01 -2.859340e+00 1.123917e+04 1.546640e+04 2.526222e+02 1.506013e+04 1.034786e+04 5.630740e-03     0 -2.617994e-01    20 7.245176e+01 3.202631e-01 2.411239e-04 
4.744000e+02 4.793575e-02 6.957007e-01 -2.857940e+00 1.123273e+04 1.546464e+04 2.552545e+02 1.506013e+04 1.034786e+04 5.569007e-03     0 -2.617994e-01    20 7.112597e+01 3.231674e-01 3.784744e-04 
4.745000e+02 4.774450e-02 6.925303e-01 -2.856602e+00 1.122640e+04 1.546289e+04 2.578019e+02 1.504533e+04 1.031775e+04 5.492303e-03     0 -2.617994e-01    20 6.982510e+01 3.262206e-01 5.434158e-04 
4.746000e+02 4.753903e-02 6.882323e-01 -2.855323e+00 1.122016e+04 1.546117e+04 2.602584e+02 1.504533e+04 1.031775e+04 5.491162e-03     0 -2.617994e-01    20 6.855264e+01 3.294220e-01 7.365008e-04 
4.747000e+02 4.732011e-02 6.827883e-01 -2.854101e+00 1.121403e+04 1.545946e+04 2.626184e+02 1.504533e+04 1.031775e+04 5.432154e-03     0 -2.617994e-01    20 6.731216e+01 3.327686e-01 9.561018e-04 
4.748000e+02 4.709265e-02 6.761816e-01 -2.852931e+00 1.120798e+04 1.545776e+04 2.648768e+02 1.504533e+04 1.031775e+04 5.350011e-03     0 -2.617994e-01    20 6.610730e+01 3.362550e-01 1.201454e-03 
4.749000e+02 4.686286e-02 6.683972e-01 -2.851810e+00 1.120203e+04 1.545609e+04 2.670286e+02 1.504533e+04 1.031775e+04 5.258477e-03     0 -2.617994e-01    20 6.494174e+01 3.398725e-01 1.472273e-03 
  475 4.663625e-02 6.594226e-01 -2.850733e+00 1.119615e+04 1.545442e+04 2.690693e+02 1.503116e+04 1.029015e+04 5.163528e-03     0 -2.617994e-01    20 6.381921e+01 3.436086e-01 1.768171e-03 
4.751000e+02 4.641816e-02 6.492477e-01 -2.849696e+00 1.119036e+04 1.545277e+04 2.709947e+02 1.503116e+04 1.029015e+04 5.028577e-03     0 -2.617994e-01    20 6.274347e+01 3.474470e-01 2.088722e-03 
4.752000e+02 4.621454e-02 6.378656e-01 -2.848695e+00 1.118463e+04 1.545114e+04 2.728009e+02 1.503116e+04 1.029015e+04 4.920169e-03     0 -2.617994e-01    20 6.171827e+01 3.513664e-01 2.433777e-03 
4.753000e+02 4.602843e-02 6.252732e-01 -2.847725e+00 1.117897e+04 1.544951e+04 2.744846e+02 1.503116e+04 1.029015e+04 4.824012e-03     0 -2.617994e-01    20 6.074736e+01 3.553406e-01 2.802168e-03 
4.754000e+02 4.586140e-02 6.114713e-01 -2.846782e+00 1.117338e+04 1.544789e+04 2.760423e+02 1.503116e+04 1.029015e+04 4.735154e-03     0 -2.617994e-01    20 5.983445e+01 3.593379e-01 3.191851e-03 
4.755000e+02 4.571467e-02 5.964658e-01 -2.845862e+00 1.116784e+04 1.544629e+04 2.774714e+02 1.501741e+04 1.026448e+04 4.651988e-03     0 -2.617994e-01    20 5.898313e+01 3.633210e-01 3.600153e-03 
4.756000e+02 4.559169e-02 5.802680e-01 -2.844959e+00 1.116236e+04 1.544469e+04 2.787692e+02 1.501741e+04 1.026448e+04 4.447978e-03     0 -2.617994e-01    20 5.819693e+01 3.672468e-01 4.024697e-03 
4.757000e+02 4.550024e-02 5.628952e-01 -2.844068e+00 1.115692e+04 1.544309e+04 2.799335e+02 1.501741e+04 1.026448e+04 4.329744e-03     0 -2.617994e-01    20 5.747917e+01 3.710668e-01 4.464618e-03 
4.758000e+02 4.544207e-02 5.443720e-01 -2.843185e+00 1.115153e+04 1.544151e+04 2.809622e+02 1.501741e+04 1.026448e+04 4.248252e-03     0 -2.617994e-01    20 5.683298e+01 3.747276e-01 4.917055e-03 
4.759000e+02 4.541602e-02 5.247302e-01 -2.842304e+00 1.114617e+04 1.543992e+04 2.818536e+02 1.501741e+04 1.026448e+04 4.185380e-03     0 -2.617994e-01    20 5.626124e+01 3.781716e-01 5.377527e-03 
  476 4.542057e-02 5.040102e-01 -2.841422e+00 1.114085e+04 1.543834e+04 2.826064e+02 1.500387e+04 1.024017e+04 4.134239e-03     0 -2.617994e-01    20 5.576654e+01 3.813384e-01 5.840644e-03 
4.761000e+02 4.545728e-02 4.822614e-01 -2.840532e+00 1.113556e+04 1.543676e+04 2.832193e+02 1.500387e+04 1.024017e+04 3.924334e-03     0 -2.617994e-01    20 5.535111e+01 3.841662e-01 6.301439e-03 
4.762000e+02 4.553352e-02 4.595428e-01 -2.839629e+00 1.113030e+04 1.543519e+04 2.836915e+02 1.500387e+04 1.024017e+04 3.829133e-03     0 -2.617994e-01    20 5.501680e+01 3.865938e-01 6.757049e-03 
4.763000e+02 4.564989e-02 4.359237e-01 -2.838707e+00 1.112505e+04 1.543361e+04 2.840221e+02 1.500387e+04 1.024017e+04 3.782608e-03     0 -2.617994e-01    20 5.476504e+01 3.885628e-01 7.202519e-03 
4.764000e+02 4.580361e-02 4.114838e-01 -2.837762e+00 1.111982e+04 1.543202e+04 2.842106e+02 1.500387e+04 1.024017e+04 3.760145e-03     0 -2.617994e-01    20 5.459680e+01 3.900198e-01 7.631323e-03 
4.765000e+02 4.599134e-02 3.863139e-01 -2.836788e+00 1.111460e+04 1.543044e+04 2.842570e+02 1.499028e+04 1.021668e+04 3.752192e-03     0 -2.617994e-01    20 5.451259e+01 3.909190e-01 8.036298e-03 
4.766000e+02 4.621261e-02 3.605154e-01 -2.835779e+00 1.110939e+04 1.542885e+04 2.841609e+02 1.499028e+04 1.021668e+04 3.595394e-03     0 -2.617994e-01    20 5.451242e+01 3.912247e-01 8.411065e-03 
4.767000e+02 4.647244e-02 3.342003e-01 -2.834728e+00 1.110418e+04 1.542725e+04 2.839226e+02 1.499028e+04 1.021668e+04 3.548674e-03     0 -2.617994e-01    20 5.459582e+01 3.909130e-01 8.751741e-03 
4.768000e+02 4.676985e-02 3.074907e-01 -2.833630e+00 1.109897e+04 1.542564e+04 2.835422e+02 1.499028e+04 1.021668e+04 3.548742e-03     0 -2.617994e-01    20 5.476185e+01 3.899739e-01 9.053168e-03 
4.769000e+02 4.710060e-02 2.805181e-01 -2.832480e+00 1.109375e+04 1.542403e+04 2.830204e+02 1.499028e+04 1.021668e+04 3.571765e-03     0 -2.617994e-01    20 5.500912e+01 3.884124e-01 9.309438e-03 
  477 4.745976e-02 2.534218e-01 -2.831271e+00 1.108852e+04 1.542240e+04 2.823577e+02 1.497640e+04 1.019349e+04 3.608232e-03     0 -2.617994e-01    20 5.533578e+01 3.862491e-01 9.514801e-03 
4.771000e+02 4.784404e-02 2.263477e-01 -2.829997e+00 1.108327e+04 1.542076e+04 2.815548e+02 1.497640e+04 1.019349e+04 3.558473e-03     0 -2.617994e-01    20 5.573960e+01 3.835198e-01 9.664717e-03 
4.772000e+02 4.825356e-02 1.994460e-01 -2.828653e+00 1.107801e+04 1.541911e+04 2.806128e+02 1.497640e+04 1.019349e+04 3.576370e-03     0 -2.617994e-01    20 5.621799e+01 3.802744e-01 9.757010e-03 
4.773000e+02 4.868475e-02 1.728695e-01 -2.827234e+00 1.107272e+04 1.541744e+04 2.795328e+02 1.497640e+04 1.019349e+04 3.623144e-03     0 -2.617994e-01    20 5.676803e+01 3.765756e-01 9.789589e-03 
4.774000e+02 4.913190e-02 1.467707e-01 -2.825734e+00 1.106741e+04 1.541576e+04 2.783161e+02 1.497640e+04 1.019349e+04 3.683708e-03     0 -2.617994e-01    20 5.738652e+01 3.724965e-01 9.760782e-03 
4.775000e+02 4.958877e-02 1.212994e-01 -2.824151e+00 1.106206e+04 1.541405e+04 2.769642e+02 1.496194e+04 1.017010e+04 3.751547e-03     0 -2.617994e-01    20 5.807003e+01 3.681172e-01 9.669872e-03 
4.776000e+02 5.004866e-02 9.659965e-02 -2.822479e+00 1.105668e+04 1.541233e+04 2.754789e+02 1.496194e+04 1.017010e+04 3.849675e-03     0 -2.617994e-01    20 5.881493e+01 3.635222e-01 9.517180e-03 
4.777000e+02 5.050401e-02 7.280702e-02 -2.820718e+00 1.105126e+04 1.541058e+04 2.738620e+02 1.496194e+04 1.017010e+04 3.932644e-03     0 -2.617994e-01    20 5.961742e+01 3.587967e-01 9.303934e-03 
4.778000e+02 5.094870e-02 5.004614e-02 -2.818866e+00 1.104579e+04 1.540881e+04 2.721158e+02 1.496194e+04 1.017010e+04 4.008978e-03     0 -2.617994e-01    20 6.047358e+01 3.540233e-01 9.033027e-03 
4.779000e+02 5.137752e-02 2.842823e-02 -2.816923e+00 1.104028e+04 1.540702e+04 2.702426e+02 1.496194e+04 1.017010e+04 4.080942e-03     0 -2.617994e-01    20 6.137939e+01 3.492788e-01 8.708923e-03 
  478 5.178569e-02 8.049142e-03 -2.814890e+00 1.103472e+04 1.540520e+04 2.682453e+02 1.494661e+04 1.014607e+04 4.148579e-03     0 -2.617994e-01    20 6.233079e+01 3.446319e-01 8.337427e-03 
4.781000e+02 5.216481e-02 -1.101211e-02 -2.812772e+00 1.102910e+04 1.540335e+04 2.661269e+02 1.494661e+04 1.014607e+04 4.399432e-03     0 -2.617994e-01    20 6.332365e+01 3.401409e-01 7.924156e-03 
4.782000e+02 5.249880e-02 -2.869423e-02 -2.810572e+00 1.102342e+04 1.540147e+04 2.638906e+02 1.494661e+04 1.014607e+04 4.523897e-03     0 -2.617994e-01    20 6.435385e+01 3.358523e-01 7.472385e-03 
4.783000e+02 5.278184e-02 -4.495386e-02 -2.808298e+00 1.101769e+04 1.539956e+04 2.615402e+02 1.494661e+04 1.014607e+04 4.594150e-03     0 -2.617994e-01    20 6.541725e+01 3.318004e-01 6.988687e-03 
4.784000e+02 5.301409e-02 -5.976521e-02 -2.805957e+00 1.101188e+04 1.539761e+04 2.590796e+02 1.494661e+04 1.014607e+04 4.636526e-03     0 -2.617994e-01    20 6.650977e+01 3.280072e-01 6.482208e-03 
4.785000e+02 5.319732e-02 -7.311894e-02 -2.803557e+00 1.100601e+04 1.539563e+04 2.565132e+02 1.493010e+04 1.012098e+04 4.660906e-03     0 -2.617994e-01    20 6.762737e+01 3.244831e-01 5.963285e-03 
4.786000e+02 5.332531e-02 -8.502065e-02 -2.801112e+00 1.100007e+04 1.539361e+04 2.538458e+02 1.493010e+04 1.012098e+04 5.003399e-03     0 -2.617994e-01    20 6.876605e+01 3.212286e-01 5.439981e-03 
4.787000e+02 5.337533e-02 -9.548897e-02 -2.798632e+00 1.099405e+04 1.539156e+04 2.510822e+02 1.493010e+04 1.012098e+04 5.120450e-03     0 -2.617994e-01    20 6.992193e+01 3.182361e-01 4.913671e-03 
4.788000e+02 5.334533e-02 -1.045533e-01 -2.796127e+00 1.098795e+04 1.538946e+04 2.482280e+02 1.493010e+04 1.012098e+04 5.141667e-03     0 -2.617994e-01    20 7.109118e+01 3.154913e-01 4.390477e-03 
4.789000e+02 5.324419e-02 -1.122515e-01 -2.793611e+00 1.098178e+04 1.538732e+04 2.452887e+02 1.493010e+04 1.012098e+04 5.115736e-03     0 -2.617994e-01    20 7.227013e+01 3.129756e-01 3.879933e-03 
  479 5.308271e-02 -1.186273e-01 -2.791094e+00 1.097551e+04 1.538514e+04 2.422704e+02 1.491209e+04 1.009448e+04 5.062212e-03     0 -2.617994e-01    20 7.345517e+01 3.106684e-01 3.392408e-03 
4.791000e+02 5.285972e-02 -1.237284e-01 -2.788591e+00 1.096917e+04 1.538291e+04 2.391794e+02 1.491209e+04 1.009448e+04 5.364499e-03     0 -2.617994e-01    20 7.464285e+01 3.085484e-01 2.934308e-03 
4.792000e+02 5.255140e-02 -1.276044e-01 -2.786111e+00 1.096273e+04 1.538063e+04 2.360222e+02 1.491209e+04 1.009448e+04 5.411411e-03     0 -2.617994e-01    20 7.582984e+01 3.065952e-01 2.502413e-03 
4.793000e+02 5.216060e-02 -1.303056e-01 -2.783663e+00 1.095620e+04 1.537831e+04 2.328056e+02 1.491209e+04 1.009448e+04 5.350520e-03     0 -2.617994e-01    20 7.701293e+01 3.047903e-01 2.098933e-03 
4.794000e+02 5.170333e-02 -1.318816e-01 -2.781255e+00 1.094957e+04 1.537593e+04 2.295367e+02 1.491209e+04 1.009448e+04 5.238206e-03     0 -2.617994e-01    20 7.818907e+01 3.031176e-01 1.729892e-03 
4.795000e+02 5.119662e-02 -1.323806e-01 -2.778895e+00 1.094285e+04 1.537350e+04 2.262226e+02 1.489224e+04 1.006627e+04 5.097918e-03     0 -2.617994e-01    20 7.935530e+01 3.015638e-01 1.401929e-03 
4.796000e+02 5.064591e-02 -1.318489e-01 -2.776590e+00 1.093603e+04 1.537102e+04 2.228708e+02 1.489224e+04 1.006627e+04 5.211358e-03     0 -2.617994e-01    20 8.050882e+01 3.001180e-01 1.117895e-03 
4.797000e+02 5.003665e-02 -1.303311e-01 -2.774344e+00 1.092911e+04 1.536849e+04 2.194889e+02 1.489224e+04 1.006627e+04 5.139102e-03     0 -2.617994e-01    20 8.164696e+01 2.987720e-01 8.721611e-04 
4.798000e+02 4.937588e-02 -1.278701e-01 -2.772159e+00 1.092209e+04 1.536590e+04 2.160844e+02 1.489224e+04 1.006627e+04 4.989277e-03     0 -2.617994e-01    20 8.276715e+01 2.975190e-01 6.632125e-04 
4.799000e+02 4.868037e-02 -1.245072e-01 -2.770036e+00 1.091497e+04 1.536325e+04 2.126653e+02 1.489224e+04 1.006627e+04 4.804024e-03     0 -2.617994e-01    20 8.386696e+01 2.963541e-01 4.923507e-04 
  480 4.796661e-02 -1.202826e-01 -2.767976e+00 1.090774e+04 1.536055e+04 2.092393e+02 1.481243e+04 1.007135e+04 4.601531e-03     0 -2.617994e-01    20 8.494407e+01 2.952730e-01 3.611418e-04 
4.801000e+02 4.748446e-02 -1.152354e-01 -2.765981e+00 1.090041e+04 1.535779e+04 2.058146e+02 1.481243e+04 1.007135e+04 -1.964815e-03     0 -2.617994e-01    20 8.599628e+01 2.942717e-01 3.446816e-04 
4.802000e+02 4.789957e-02 -1.094027e-01 -2.764086e+00 1.089298e+04 1.535498e+04 2.023989e+02 1.481243e+04 1.007135e+04 -4.418587e-03     0 -2.617994e-01    20 8.702149e+01 2.933461e-01 6.895948e-04 
4.803000e+02 4.920839e-02 -1.028204e-01 -2.762341e+00 1.088545e+04 1.535210e+04 1.990005e+02 1.481243e+04 1.007135e+04 -5.208627e-03     0 -2.617994e-01    20 8.801772e+01 2.924914e-01 1.467014e-03 
4.804000e+02 5.110016e-02 -9.552532e-02 -2.760750e+00 1.087781e+04 1.534917e+04 1.956271e+02 1.481243e+04 1.007135e+04 -5.275110e-03     0 -2.617994e-01    20 8.898309e+01 2.917026e-01 2.608862e-03 
4.805000e+02 5.324990e-02 -8.755584e-02 -2.759266e+00 1.087007e+04 1.534617e+04 1.922867e+02 1.479510e+04 1.003561e+04 -5.016469e-03     0 -2.617994e-01    20 8.991586e+01 2.909758e-01 3.983840e-03 
4.806000e+02 5.539155e-02 -7.895174e-02 -2.757800e+00 1.086223e+04 1.534312e+04 1.889871e+02 1.479510e+04 1.003561e+04 -4.131874e-03     0 -2.617994e-01    20 9.081436e+01 2.903085e-01 5.434261e-03 
4.807000e+02 5.732216e-02 -6.975383e-02 -2.756244e+00 1.085429e+04 1.534000e+04 1.857361e+02 1.479510e+04 1.003561e+04 -3.529752e-03     0 -2.617994e-01    20 9.167703e+01 2.896994e-01 6.795567e-03 
4.808000e+02 5.898612e-02 -6.000310e-02 -2.754489e+00 1.084626e+04 1.533683e+04 1.825413e+02 1.479510e+04 1.003561e+04 -3.071145e-03     0 -2.617994e-01    20 9.250243e+01 2.891467e-01 7.943968e-03 
4.809000e+02 6.042022e-02 -4.973968e-02 -2.752448e+00 1.083814e+04 1.533359e+04 1.794101e+02 1.479510e+04 1.003561e+04 -2.703367e-03     0 -2.617994e-01    20 9.328922e+01 2.886481e-01 8.802917e-03 
  481 6.170350e-02 -3.900188e-02 -2.750062e+00 1.082992e+04 1.533029e+04 1.763497e+02 1.477585e+04 9.997699e+03 -2.396503e-03     0 -2.617994e-01    20 9.403615e+01 2.882001e-01 9.339597e-03 
4.811000e+02 6.290459e-02 -2.782580e-02 -2.747306e+00 1.082162e+04 1.532693e+04 1.733673e+02 1.477585e+04 9.997699e+03 -1.637428e-03     0 -2.617994e-01    20 9.474210e+01 2.877998e-01 9.552124e-03 
4.812000e+02 6.404695e-02 -1.624541e-02 -2.744184e+00 1.081323e+04 1.532352e+04 1.704695e+02 1.477585e+04 9.997699e+03 -1.209703e-03     0 -2.617994e-01    20 9.540604e+01 2.874443e-01 9.452617e-03 
4.813000e+02 6.519852e-02 -4.292590e-03 -2.740721e+00 1.080477e+04 1.532004e+04 1.676630e+02 1.477585e+04 9.997699e+03 -9.059658e-04     0 -2.617994e-01    20 9.602704e+01 2.871309e-01 9.089789e-03 
4.814000e+02 6.642721e-02 8.002875e-03 -2.736966e+00 1.079623e+04 1.531650e+04 1.649538e+02 1.477585e+04 9.997699e+03 -6.384705e-04     0 -2.617994e-01    20 9.660429e+01 2.868570e-01 8.535057e-03 
4.815000e+02 6.777248e-02 2.061285e-02 -2.732982e+00 1.078762e+04 1.531291e+04 1.623479e+02 1.475482e+04 9.957834e+03 -3.669230e-04     0 -2.617994e-01    20 9.713706e+01 2.866207e-01 7.866136e-03 
4.816000e+02 6.918364e-02 3.351024e-02 -2.728836e+00 1.077894e+04 1.530925e+04 1.598507e+02 1.475482e+04 9.957834e+03 1.127891e-03     0 -2.617994e-01    20 9.762473e+01 2.864210e-01 7.137882e-03 
4.817000e+02 7.048910e-02 4.666790e-02 -2.724583e+00 1.077021e+04 1.530554e+04 1.574675e+02 1.475482e+04 9.957834e+03 1.865043e-03     0 -2.617994e-01    20 9.806678e+01 2.862571e-01 6.353192e-03 
4.818000e+02 7.167063e-02 6.005873e-02 -2.720267e+00 1.076142e+04 1.530178e+04 1.552028e+02 1.475482e+04 9.957834e+03 2.303709e-03     0 -2.617994e-01    20 9.846277e+01 2.861272e-01 5.543738e-03 
4.819000e+02 7.276668e-02 7.365641e-02 -2.715932e+00 1.075258e+04 1.529796e+04 1.530611e+02 1.475482e+04 9.957834e+03 2.617489e-03     0 -2.617994e-01    20 9.881238e+01 2.860296e-01 4.757583e-03 
  482 7.380732e-02 8.743534e-02 -2.711622e+00 1.074370e+04 1.529408e+04 1.510463e+02 1.473238e+04 9.916363e+03 2.875865e-03     0 -2.617994e-01    20 9.911538e+01 2.859627e-01 4.040005e-03 
4.821000e+02 7.472230e-02 1.013702e-01 -2.707373e+00 1.073478e+04 1.529016e+04 1.491618e+02 1.473238e+04 9.916363e+03 4.714143e-03     0 -2.617994e-01    20 9.937162e+01 2.859260e-01 3.400036e-03 
4.822000e+02 7.529799e-02 1.154347e-01 -2.703198e+00 1.072583e+04 1.528618e+04 1.474105e+02 1.473238e+04 9.916363e+03 5.485038e-03     0 -2.617994e-01    20 9.958107e+01 2.859194e-01 2.777680e-03 
4.823000e+02 7.555213e-02 1.296022e-01 -2.699098e+00 1.071686e+04 1.528216e+04 1.457951e+02 1.473238e+04 9.916363e+03 5.809044e-03     0 -2.617994e-01    20 9.974378e+01 2.859421e-01 2.161716e-03 
4.824000e+02 7.558839e-02 1.438471e-01 -2.695080e+00 1.070786e+04 1.527809e+04 1.443176e+02 1.473238e+04 9.916363e+03 5.928463e-03     0 -2.617994e-01    20 9.985989e+01 2.859935e-01 1.575205e-03 
4.825000e+02 7.549959e-02 1.581443e-01 -2.691160e+00 1.069886e+04 1.527398e+04 1.429796e+02 1.470909e+04 9.873695e+03 5.948253e-03     0 -2.617994e-01    20 9.992962e+01 2.860733e-01 1.049872e-03 
4.826000e+02 7.526753e-02 1.724694e-01 -2.687353e+00 1.068985e+04 1.526983e+04 1.417823e+02 1.470909e+04 9.873695e+03 7.489420e-03     0 -2.617994e-01    20 9.995330e+01 2.861816e-01 5.890552e-04 
4.827000e+02 7.472103e-02 1.867969e-01 -2.683661e+00 1.068084e+04 1.526563e+04 1.407262e+02 1.470909e+04 9.873695e+03 7.978717e-03     0 -2.617994e-01    20 9.993134e+01 2.863182e-01 1.327919e-04 
4.828000e+02 7.390683e-02 2.011014e-01 -2.680075e+00 1.067183e+04 1.526141e+04 1.398116e+02 1.470909e+04 9.873695e+03 8.033273e-03     0 -2.617994e-01    20 9.986421e+01 2.864833e-01 -3.274368e-04 
4.829000e+02 7.294382e-02 2.153579e-01 -2.676599e+00 1.066284e+04 1.525715e+04 1.390383e+02 1.470909e+04 9.873695e+03 7.897304e-03     0 -2.617994e-01    20 9.975250e+01 2.866767e-01 -7.653162e-04 
  483 7.192991e-02 2.295426e-01 -2.673245e+00 1.065386e+04 1.525287e+04 1.384053e+02 1.468568e+04 9.830270e+03 7.677818e-03     0 -2.617994e-01    20 9.959685e+01 2.868984e-01 -1.146437e-03 
4.831000e+02 7.085175e-02 2.436318e-01 -2.670028e+00 1.064490e+04 1.524856e+04 1.379116e+02 1.468568e+04 9.830270e+03 8.860604e-03     0 -2.617994e-01 2.002339e+01 9.939805e+01 2.871483e-01 -1.463738e-03 
4.832000e+02 6.955887e-02 2.576011e-01 -2.666947e+00 1.063598e+04 1.524423e+04 1.375555e+02 1.468568e+04 9.830270e+03 9.094882e-03     0 -2.617994e-01 2.004475e+01 9.915705e+01 2.874256e-01 -1.768550e-03 
4.833000e+02 6.808776e-02 2.714265e-01 -2.663994e+00 1.062708e+04 1.523988e+04 1.373349e+02 1.468568e+04 9.830270e+03 8.949256e-03     0 -2.617994e-01 2.002990e+01 9.887457e+01 2.877316e-01 -2.068554e-03 
4.834000e+02 6.653969e-02 2.850846e-01 -2.661168e+00 1.061823e+04 1.523552e+04 1.372474e+02 1.468568e+04 9.830270e+03 8.646356e-03     0 -2.617994e-01    20 9.855134e+01 2.880675e-01 -2.341554e-03 
4.835000e+02 6.499711e-02 2.985522e-01 -2.658478e+00 1.060942e+04 1.523114e+04 1.372899e+02 1.466298e+04 9.786498e+03 8.280738e-03     0 -2.617994e-01    20 9.818851e+01 2.884329e-01 -2.559213e-03 
4.836000e+02 6.344588e-02 3.118069e-01 -2.655930e+00 1.060065e+04 1.522676e+04 1.374593e+02 1.466298e+04 9.786498e+03 9.183454e-03     0 -2.617994e-01    20 9.778727e+01 2.888283e-01 -2.717826e-03 
4.837000e+02 6.174853e-02 3.248259e-01 -2.653521e+00 1.059194e+04 1.522237e+04 1.377519e+02 1.466298e+04 9.786498e+03 9.250657e-03     0 -2.617994e-01    20 9.734876e+01 2.892538e-01 -2.865713e-03 
4.838000e+02 5.993699e-02 3.375863e-01 -2.651240e+00 1.058329e+04 1.521799e+04 1.381636e+02 1.466298e+04 9.786498e+03 8.987596e-03     0 -2.617994e-01    20 9.687422e+01 2.897099e-01 -3.012229e-03 
4.839000e+02 5.809759e-02 3.500659e-01 -2.649080e+00 1.057469e+04 1.521360e+04 1.386903e+02 1.466298e+04 9.786498e+03 8.592722e-03     0 -2.617994e-01    20 9.636493e+01 2.901974e-01 -3.140710e-03 
  484 5.629969e-02 3.622434e-01 -2.647045e+00 1.056616e+04 1.520923e+04 1.393272e+02 1.464186e+04 9.742700e+03 8.151399e-03     0 -2.617994e-01    20 9.582223e+01 2.907171e-01 -3.228786e-03 
4.841000e+02 5.453003e-02 3.740977e-01 -2.645138e+00 1.055770e+04 1.520486e+04 1.400696e+02 1.464186e+04 9.742700e+03 8.875623e-03     0 -2.617994e-01    20 9.524753e+01 2.912696e-01 -3.274648e-03 
4.842000e+02 5.266880e-02 3.856080e-01 -2.643353e+00 1.054931e+04 1.520050e+04 1.409123e+02 1.464186e+04 9.742700e+03 8.847408e-03     0 -2.617994e-01    20 9.464228e+01 2.918553e-01 -3.321114e-03 
4.843000e+02 5.074202e-02 3.967535e-01 -2.641678e+00 1.054099e+04 1.519616e+04 1.418499e+02 1.464186e+04 9.742700e+03 8.527641e-03     0 -2.617994e-01    20 9.400798e+01 2.924753e-01 -3.376658e-03 
4.844000e+02 4.882244e-02 4.075141e-01 -2.640108e+00 1.053274e+04 1.519183e+04 1.428769e+02 1.464186e+04 9.742700e+03 8.096503e-03     0 -2.617994e-01    20 9.334618e+01 2.931307e-01 -3.426786e-03 
4.845000e+02 4.696805e-02 4.178706e-01 -2.638642e+00 1.052457e+04 1.518753e+04 1.439875e+02 1.462316e+04 9.699049e+03 7.630685e-03     0 -2.617994e-01    20 9.265849e+01 2.938225e-01 -3.451649e-03 
4.846000e+02 4.516342e-02 4.278041e-01 -2.637285e+00 1.051648e+04 1.518324e+04 1.451760e+02 1.462316e+04 9.699049e+03 8.304670e-03     0 -2.617994e-01    20 9.194653e+01 2.945517e-01 -3.449595e-03 
4.847000e+02 4.329755e-02 4.372958e-01 -2.636030e+00 1.050847e+04 1.517898e+04 1.464363e+02 1.462316e+04 9.699049e+03 8.254266e-03     0 -2.617994e-01    20 9.121200e+01 2.953188e-01 -3.459257e-03 
4.848000e+02 4.139095e-02 4.463273e-01 -2.634867e+00 1.050055e+04 1.517475e+04 1.477623e+02 1.462316e+04 9.699049e+03 7.926979e-03     0 -2.617994e-01    20 9.045662e+01 2.961251e-01 -3.487774e-03 
4.849000e+02 3.950672e-02 4.548808e-01 -2.633791e+00 1.049270e+04 1.517055e+04 1.491478e+02 1.462316e+04 9.699049e+03 7.496637e-03     0 -2.617994e-01    20 8.968214e+01 2.969717e-01 -3.521196e-03 
  485 3.769517e-02 4.629392e-01 -2.632803e+00 1.048494e+04 1.516637e+04 1.505867e+02 1.460772e+04 9.655539e+03 7.036255e-03     0 -2.617994e-01    20 8.889037e+01 2.978596e-01 -3.540439e-03 
4.851000e+02 3.593809e-02 4.704860e-01 -2.631907e+00 1.047727e+04 1.516223e+04 1.520727e+02 1.460772e+04 9.655539e+03 7.785944e-03     0 -2.617994e-01    20 8.808311e+01 2.987898e-01 -3.543800e-03 
4.852000e+02 3.412674e-02 4.775047e-01 -2.631100e+00 1.046968e+04 1.515811e+04 1.535995e+02 1.460772e+04 9.655539e+03 7.770625e-03     0 -2.617994e-01    20 8.726225e+01 2.997628e-01 -3.568784e-03 
4.853000e+02 3.227910e-02 4.839795e-01 -2.630370e+00 1.046217e+04 1.515403e+04 1.551609e+02 1.460772e+04 9.655539e+03 7.464352e-03     0 -2.617994e-01    20 8.642966e+01 3.007793e-01 -3.621958e-03 
4.854000e+02 3.045496e-02 4.898952e-01 -2.629715e+00 1.045475e+04 1.514999e+04 1.567507e+02 1.460772e+04 9.655539e+03 7.050218e-03     0 -2.617994e-01    20 8.558726e+01 3.018405e-01 -3.689090e-03 
4.855000e+02 2.870265e-02 4.952372e-01 -2.629136e+00 1.044741e+04 1.514598e+04 1.583628e+02 1.459639e+04 9.611973e+03 6.604264e-03     0 -2.617994e-01    20 8.473699e+01 3.029470e-01 -3.750627e-03 
4.856000e+02 2.700365e-02 4.999917e-01 -2.628639e+00 1.044015e+04 1.514201e+04 1.599909e+02 1.459639e+04 9.611973e+03 7.538433e-03     0 -2.617994e-01    20 8.388083e+01 3.040990e-01 -3.804736e-03 
4.857000e+02 2.525128e-02 5.041452e-01 -2.628222e+00 1.043298e+04 1.513807e+04 1.616292e+02 1.459639e+04 9.611973e+03 7.599925e-03     0 -2.617994e-01    20 8.302076e+01 3.052965e-01 -3.890431e-03 
4.858000e+02 2.346741e-02 5.076850e-01 -2.627875e+00 1.042589e+04 1.513417e+04 1.632718e+02 1.459639e+04 9.611973e+03 7.331294e-03     0 -2.617994e-01    20 8.215880e+01 3.065394e-01 -4.014556e-03 
4.859000e+02 2.171701e-02 5.105991e-01 -2.627595e+00 1.041888e+04 1.513031e+04 1.649128e+02 1.459639e+04 9.611973e+03 6.941641e-03     0 -2.617994e-01    20 8.129697e+01 3.078277e-01 -4.162223e-03 
  486 2.005462e-02 5.128764e-01 -2.627387e+00 1.041194e+04 1.512648e+04 1.665466e+02 1.459007e+04 9.567983e+03 6.517523e-03     0 -2.617994e-01    20 8.043734e+01 3.091610e-01 -4.312792e-03 
4.861000e+02 1.847186e-02 5.145067e-01 -2.627255e+00 1.040508e+04 1.512269e+04 1.681676e+02 1.459007e+04 9.567983e+03 7.750736e-03     0 -2.617994e-01    20 7.958196e+01 3.105382e-01 -4.464649e-03 
4.862000e+02 1.688811e-02 5.154804e-01 -2.627200e+00 1.039830e+04 1.511893e+04 1.697705e+02 1.459007e+04 9.567983e+03 7.945909e-03     0 -2.617994e-01    20 7.873291e+01 3.119573e-01 -4.660964e-03 
4.863000e+02 1.536103e-02 5.157892e-01 -2.627214e+00 1.039159e+04 1.511522e+04 1.713501e+02 1.459007e+04 9.567983e+03 7.761598e-03     0 -2.617994e-01    20 7.789227e+01 3.134166e-01 -4.910431e-03 
4.864000e+02 1.399796e-02 5.154257e-01 -2.627292e+00 1.038495e+04 1.511154e+04 1.729013e+02 1.459007e+04 9.567983e+03 7.456012e-03     0 -2.617994e-01    20 7.706215e+01 3.149139e-01 -5.198547e-03 
4.865000e+02 1.289972e-02 5.143838e-01 -2.627440e+00 1.037838e+04 1.510789e+04 1.744193e+02 1.458981e+04 9.523053e+03 7.140977e-03     0 -2.617994e-01    20 7.624464e+01 3.164464e-01 -5.504971e-03 
4.866000e+02 1.213013e-02 5.126585e-01 -2.627664e+00 1.037188e+04 1.510428e+04 1.758993e+02 1.458981e+04 9.523053e+03 8.913055e-03     0 -2.617994e-01    20 7.544183e+01 3.180104e-01 -5.831230e-03 
4.867000e+02 1.176713e-02 5.102462e-01 -2.627965e+00 1.036544e+04 1.510070e+04 1.773368e+02 1.458981e+04 9.523053e+03 9.473788e-03     0 -2.617994e-01    20 7.465581e+01 3.196006e-01 -6.230511e-03 
4.868000e+02 -1.195576e-02 5.071450e-01 -2.628333e+00 1.035906e+04 1.509716e+04 1.787276e+02 1.458981e+04 9.523053e+03 6.070667e-03     0 -2.617994e-01    20 7.388867e+01 3.212124e-01 -6.691358e-03 
4.869000e+02 -1.261402e-02 5.033542e-01 -2.628778e+00 1.035275e+04 1.509365e+04 1.800675e+02 1.458981e+04 9.523053e+03 4.578669e-03     0 -2.617994e-01    20 7.314246e+01 3.228421e-01 -7.094634e-03 
  487 -1.350498e-02 4.988745e-01 -2.629329e+00 1.034648e+04 1.509017e+04 1.813526e+02 1.459698e+04 9.476562e+03 3.886602e-03     0 -2.617994e-01    20 7.241923e+01 3.244834e-01 -7.368819e-03 
4.871000e+02 -1.453670e-02 4.937084e-01 -2.630013e+00 1.034027e+04 1.508673e+04 1.825792e+02 1.459698e+04 9.476562e+03 6.021950e-03     0 -2.617994e-01    20 7.172098e+01 3.261279e-01 -7.524644e-03 
4.872000e+02 -1.581127e-02 4.878607e-01 -2.630834e+00 1.033412e+04 1.508331e+04 1.837437e+02 1.459698e+04 9.476562e+03 6.613055e-03     0 -2.617994e-01    20 7.104969e+01 3.277653e-01 -7.649529e-03 
4.873000e+02 -1.736742e-02 4.813383e-01 -2.631769e+00 1.032801e+04 1.507992e+04 1.848429e+02 1.459698e+04 9.476562e+03 6.590410e-03     0 -2.617994e-01    20 7.040727e+01 3.293860e-01 -7.791842e-03 
4.874000e+02 -1.916837e-02 4.741510e-01 -2.632795e+00 1.032194e+04 1.507656e+04 1.858736e+02 1.459698e+04 9.476562e+03 6.299351e-03     0 -2.617994e-01    20 6.979561e+01 3.309805e-01 -7.966974e-03 
4.875000e+02 -2.114684e-02 4.663109e-01 -2.633894e+00 1.031592e+04 1.507323e+04 1.868329e+02 1.461357e+04 9.427821e+03 5.876307e-03     0 -2.617994e-01    20 6.921650e+01 3.325386e-01 -8.174840e-03 
4.876000e+02 -2.330316e-02 4.578325e-01 -2.635056e+00 1.030993e+04 1.506992e+04 1.877182e+02 1.461357e+04 9.427821e+03 8.566284e-03     0 -2.617994e-01    20 6.867166e+01 3.340487e-01 -8.434046e-03 
4.877000e+02 -2.578537e-02 4.487332e-01 -2.636269e+00 1.030399e+04 1.506664e+04 1.885269e+02 1.461357e+04 9.427821e+03 9.180667e-03     0 -2.617994e-01    20 6.816274e+01 3.354973e-01 -8.822266e-03 
4.878000e+02 -2.856697e-02 4.390335e-01 -2.637510e+00 1.029807e+04 1.506338e+04 1.892567e+02 1.461357e+04 9.427821e+03 8.978123e-03     0 -2.617994e-01    20 6.769127e+01 3.368722e-01 -9.359643e-03 
4.879000e+02 -3.153519e-02 4.287569e-01 -2.638770e+00 1.029219e+04 1.506014e+04 1.899056e+02 1.461357e+04 9.427821e+03 8.437020e-03     0 -2.617994e-01    20 6.725870e+01 3.381614e-01 -1.002371e-02 
  488 -3.457516e-02 4.179294e-01 -2.640051e+00 1.028633e+04 1.505693e+04 1.904715e+02 1.515693e+04 1.038633e+04 7.752064e-03     0 -2.617994e-01    20 6.686635e+01 3.393530e-01 -1.077445e-02 
4.881000e+02 -3.944282e-02 4.065790e-01 -2.641394e+00 1.028050e+04 1.505373e+04 1.909529e+02 1.515693e+04 1.038633e+04 8.694695e-02     0 -2.617994e-01    20 6.651539e+01 3.404144e-01 -1.219665e-02 
4.882000e+02 -5.032765e-02 3.820466e-01 -2.642084e+00 1.027468e+04 1.505056e+04 1.913557e+02 1.515693e+04 1.038633e+04 1.000000e-01     0 2.617994e-01    20 6.619636e+01 3.260808e-01 -1.626340e-02 
4.883000e+02 -6.761693e-02 3.278686e-01 -2.640275e+00 1.026889e+04 1.504741e+04 1.916808e+02 1.515693e+04 1.038633e+04 1.000000e-01     0 2.617994e-01    20 6.593075e+01 2.849447e-01 -2.273564e-02 
4.884000e+02 -8.831102e-02 2.538593e-01 -2.635642e+00 1.026310e+04 1.504427e+04 1.918991e+02 1.515693e+04 1.038633e+04 1.000000e-01     0 2.617994e-01    20 6.574556e+01 2.288063e-01 -3.038148e-02 
4.885000e+02 -1.112999e-01 1.690630e-01 -2.628369e+00 1.025732e+04 1.504115e+04 1.919748e+02 1.514115e+04 1.035732e+04 1.000000e-01     0 2.617994e-01    20 6.566289e+01 1.671315e-01 -3.816834e-02 
4.886000e+02 -1.361070e-01 8.075429e-02 -2.618975e+00 1.025154e+04 1.503805e+04 1.918708e+02 1.514115e+04 1.035732e+04 1.000000e-01     0 2.617994e-01    20 6.570079e+01 1.069559e-01 -4.543916e-02 
4.887000e+02 -1.625506e-01 -5.737343e-03 -2.608101e+00 1.024574e+04 1.503495e+04 1.915522e+02 1.514115e+04 1.035732e+04 1.000000e-01     0 2.617994e-01    20 6.587289e+01 5.294251e-02 -5.188695e-02 
4.888000e+02 -1.905215e-01 -8.685865e-02 -2.596397e+00 1.023994e+04 1.503185e+04 1.909886e+02 1.514115e+04 1.035732e+04 1.000000e-01     0 2.617994e-01    20 6.618847e+01 7.735558e-03 -5.745559e-02 
4.889000e+02 -2.198675e-01 -1.605841e-01 -2.584460e+00 1.023413e+04 1.502875e+04 1.901551e+02 1.514115e+04 1.035732e+04 9.713806e-02     0 2.617994e-01    20 6.665266e+01 -2.765325e-02 -6.223475e-02 
  489 -2.500663e-01 -2.261659e-01 -2.572849e+00 1.022830e+04 1.502565e+04 1.890326e+02 1.512565e+04 1.032830e+04 9.017013e-02     0 2.617994e-01    20 6.726681e+01 -5.342923e-02 -6.634242e-02 
4.891000e+02 -2.802925e-01 -2.836617e-01 -2.562123e+00 1.022247e+04 1.502254e+04 1.876074e+02 1.512565e+04 1.032830e+04 8.300055e-02     0 2.617994e-01    20 6.802904e+01 -7.047019e-02 -6.986442e-02 
4.892000e+02 -3.098711e-01 -3.337761e-01 -2.552728e+00 1.021663e+04 1.501941e+04 1.858707e+02 1.512565e+04 1.032830e+04 7.580071e-02     0 2.617994e-01    20 6.893478e+01 -8.017979e-02 -7.284904e-02 
4.893000e+02 -3.383071e-01 -3.776725e-01 -2.544936e+00 1.021078e+04 1.501628e+04 1.838180e+02 1.512565e+04 1.032830e+04 6.872382e-02     0 2.617994e-01    20 6.997747e+01 -8.426022e-02 -7.528364e-02 
4.894000e+02 -3.652785e-01 -4.166897e-01 -2.538853e+00 1.020493e+04 1.501314e+04 1.814477e+02 1.512565e+04 1.032830e+04 6.188769e-02     0 2.617994e-01 2.005474e+01 7.114938e+01 -8.443260e-02 -7.709638e-02 
4.895000e+02 -3.906240e-01 -4.521903e-01 -2.534433e+00 1.019907e+04 1.500998e+04 1.787605e+02 1.510998e+04 1.029907e+04 5.537187e-02     0 2.617994e-01 2.047968e+01 7.244397e+01 -8.229469e-02 -7.817177e-02 
4.896000e+02 -4.143061e-01 -4.853828e-01 -2.531536e+00 1.019320e+04 1.500682e+04 1.757584e+02 1.510998e+04 1.029907e+04 4.921957e-02     0 2.617994e-01 2.090129e+01 7.385407e+01 -7.916244e-02 -7.837845e-02 
4.897000e+02 -4.363789e-01 -5.172720e-01 -2.529961e+00 1.018732e+04 1.500364e+04 1.724437e+02 1.510998e+04 1.029907e+04 4.344446e-02     0 2.617994e-01 2.132057e+01 7.537182e+01 -7.605317e-02 -7.759638e-02 
4.898000e+02 -4.569536e-01 -5.486285e-01 -2.529480e+00 1.018143e+04 1.500045e+04 1.688187e+02 1.510998e+04 1.029907e+04 3.803768e-02     0 2.617994e-01 2.174481e+01 7.699008e+01 -7.367488e-02 -7.573813e-02 
4.899000e+02 -4.761639e-01 -5.799682e-01 -2.529869e+00 1.017553e+04 1.499724e+04 1.648853e+02 1.510998e+04 1.029907e+04 3.297706e-02     0 2.617994e-01 2.217771e+01 7.870260e+01 -7.243165e-02 -7.276617e-02 
  490 -4.941367e-01 -6.115615e-01 -2.530932e+00 1.016961e+04 1.499403e+04 1.606443e+02 1.509403e+04 1.026961e+04 2.823465e-02     0 2.617994e-01 2.262219e+01 8.050394e+01 -7.246028e-02 -6.870408e-02 
4.901000e+02 -5.107945e-01 -6.430364e-01 -2.532804e+00 1.016367e+04 1.499081e+04 1.560956e+02 1.509403e+04 1.026961e+04 2.378941e-02     0 1.963452e-01 2.308425e+01 8.239013e+01 -7.302615e-02 -6.364289e-02 
4.902000e+02 -5.238510e-01 -6.691164e-01 -2.539132e+00 1.015772e+04 1.498757e+04 1.512361e+02 1.509403e+04 1.026961e+04 1.982595e-02     0 1.122917e-01 2.356414e+01 8.435753e+01 -6.786562e-02 -5.780212e-02 
4.903000e+02 -5.306183e-01 -6.845863e-01 -2.553899e+00 1.015175e+04 1.498433e+04 1.460667e+02 1.509403e+04 1.026961e+04 1.687364e-02     0 5.783482e-02 2.406273e+01 8.639273e+01 -5.228231e-02 -5.157998e-02 
4.904000e+02 -5.307441e-01 -6.887027e-01 -2.577571e+00 1.014575e+04 1.498108e+04 1.405975e+02 1.509403e+04 1.026961e+04 1.534674e-02     0 1.922031e-02 2.458345e+01 8.847632e+01 -2.700760e-02 -4.542493e-02 
4.905000e+02 -5.257928e-01 -6.832168e-01 -2.608164e+00 1.013971e+04 1.497783e+04 1.348476e+02 1.507783e+04 1.023971e+04 1.526529e-02     0 -1.273904e-02 2.512222e+01 9.058766e+01 4.618706e-03 -3.974569e-02 
4.906000e+02 -5.180475e-01 -6.705618e-01 -2.642923e+00 1.013359e+04 1.497458e+04 1.288418e+02 1.507783e+04 1.023971e+04 1.630697e-02     0 -4.754051e-02 2.568177e+01 9.270774e+01 3.894319e-02 -3.489060e-02 
4.907000e+02 -5.094811e-01 -6.526911e-01 -2.679600e+00 1.012738e+04 1.497136e+04 1.226087e+02 1.507783e+04 1.023971e+04 1.801566e-02     0 -8.511429e-02 2.626194e+01 9.482031e+01 7.336583e-02 -3.114695e-02 
4.908000e+02 -5.013969e-01 -6.307851e-01 -2.716808e+00 1.012103e+04 1.496816e+04 1.161786e+02 1.507783e+04 1.023971e+04 1.997323e-02     0 -1.226337e-01 2.686143e+01 9.691151e+01 1.064908e-01 -2.872906e-02 
4.909000e+02 -4.945437e-01 -6.055868e-01 -2.753768e+00 1.011451e+04 1.496500e+04 1.095828e+02 1.507783e+04 1.023971e+04 2.187436e-02     0 -1.576448e-01 2.747869e+01 9.896923e+01 1.376163e-01 -2.775167e-02 
  491 -4.892838e-01 -5.777178e-01 -2.790063e+00 1.010780e+04 1.496189e+04 1.028539e+02 1.506189e+04 1.020780e+04 2.352664e-02     0 -1.888791e-01 2.811195e+01 1.009828e+02 1.663208e-01 -2.820243e-02 
4.911000e+02 -4.857103e-01 -5.478222e-01 -2.825500e+00 1.010086e+04 1.495886e+04 9.602494e+01 1.506189e+04 1.020780e+04 2.482818e-02     0 -2.160114e-01 2.875927e+01 1.029431e+02 1.922829e-01 -2.992954e-02 
4.912000e+02 -4.837314e-01 -5.165685e-01 -2.860067e+00 1.009367e+04 1.495592e+04 8.912949e+01 1.506189e+04 1.020780e+04 2.574444e-02     0 -2.391335e-01 2.941853e+01 1.048421e+02 2.152641e-01 -3.265273e-02 
4.913000e+02 -4.831492e-01 -4.846009e-01 -2.893902e+00 1.008619e+04 1.495310e+04 8.220115e+01 1.506189e+04 1.020780e+04 2.628714e-02     0 -2.584017e-01 3.008752e+01 1.066736e+02 2.351367e-01 -3.599790e-02 
4.914000e+02 -4.837742e-01 -4.526370e-01 -2.927168e+00 1.007842e+04 1.495040e+04 7.527314e+01 1.506189e+04 1.020780e+04 2.649016e-02     0 -2.617994e-01 3.076384e+01 1.084321e+02 2.517038e-01 -3.954726e-02 
4.915000e+02 -4.857329e-01 -4.225666e-01 -2.959366e+00 1.007033e+04 1.494786e+04 6.837804e+01 1.504786e+04 1.017033e+04 2.637160e-02     0 -2.617994e-01 3.144492e+01 1.101144e+02 2.635378e-01 -4.288138e-02 
4.916000e+02 -4.890008e-01 -3.956899e-01 -2.990320e+00 1.006192e+04 1.494550e+04 6.154518e+01 1.504786e+04 1.017033e+04 2.591985e-02     0 -2.617994e-01 3.212862e+01 1.117215e+02 2.701871e-01 -4.561842e-02 
4.917000e+02 -4.933532e-01 -3.720848e-01 -3.020423e+00 1.005318e+04 1.494334e+04 5.479874e+01 1.504786e+04 1.017033e+04 2.515488e-02     0 -2.617994e-01 3.281288e+01 1.132568e+02 2.724826e-01 -4.747966e-02 
4.918000e+02 -4.985311e-01 -3.510805e-01 -3.050301e+00 1.004412e+04 1.494139e+04 4.815792e+01 1.504786e+04 1.017033e+04 2.412384e-02     0 -2.617994e-01 3.349789e+01 1.147235e+02 2.718515e-01 -4.832565e-02 
4.919000e+02 -5.043302e-01 -3.317431e-01 -3.080514e+00 1.003475e+04 1.493968e+04 4.163797e+01 1.504786e+04 1.017033e+04 2.287998e-02     0 -2.617994e-01 3.418184e+01 1.161242e+02 2.697403e-01 -4.815979e-02 
  492 -5.106120e-01 -3.131507e-01 -3.111267e+00 1.002508e+04 1.493823e+04 3.525154e+01 1.503823e+04 1.012508e+04 2.146943e-02     0 -2.617994e-01 3.486363e+01 1.174603e+02 2.673248e-01 -4.710705e-02 
4.921000e+02 -5.172997e-01 -2.946240e-01 3.133672e+00 1.001513e+04 1.493705e+04 2.901002e+01 1.503823e+04 1.012508e+04 1.992554e-02     0 -2.617994e-01 3.554255e+01 1.187316e+02 2.653201e-01 -4.537548e-02 
4.922000e+02 -5.243475e-01 -2.757712e-01 3.104698e+00 1.000490e+04 1.493615e+04 2.292445e+01 1.503823e+04 1.012508e+04 1.826991e-02     0 -2.617994e-01 3.621788e+01 1.199371e+02 2.640141e-01 -4.321061e-02 
4.923000e+02 -5.317079e-01 -2.564438e-01 3.070936e+00 9.994421e+03 1.493557e+04 1.700593e+01 1.503823e+04 1.012508e+04 1.651790e-02     0 -2.617994e-01 3.688881e+01 1.210757e+02 2.633882e-01 -4.085240e-02 
4.924000e+02 -5.393105e-01 -2.366541e-01 3.036370e+00 9.983704e+03 1.493531e+04 1.126571e+01 1.503823e+04 1.012508e+04 1.468483e-02     0 -2.617994e-01 3.755446e+01 1.221458e+02 2.632609e-01 -3.850197e-02 
4.925000e+02 -5.470558e-01 -2.164922e-01 3.001426e+00 9.972767e+03 1.493539e+04 5.715014e+00 1.503539e+04 1.007277e+04 1.279014e-02     0 -2.617994e-01 3.821387e+01 1.231463e+02 2.634089e-01 -3.630198e-02 
4.926000e+02 -5.548243e-01 -1.960650e-01 2.966343e+00 9.961633e+03 1.493583e+04 3.647223e-01 1.503539e+04 1.007277e+04 1.085852e-02     0 -2.617994e-01 3.886605e+01 1.240766e+02 2.636443e-01 -3.433131e-02 
4.927000e+02 -5.624949e-01 -1.754624e-01 2.931265e+00 9.950322e+03 1.493664e+04     0 1.503539e+04 1.007277e+04 8.917999e-03     0 -2.617994e-01 3.910882e+01 1.249352e+02 2.638503e-01 -3.261195e-02 
4.928000e+02 -5.699640e-01 -1.547480e-01 2.896254e+00 9.938858e+03 1.493784e+04     0 1.503539e+04 1.007277e+04 6.996168e-03     0 -2.617994e-01 3.923975e+01 1.257199e+02 2.639800e-01 -3.112326e-02 
4.929000e+02 -5.771737e-01 -1.341155e-01 2.861413e+00 9.927266e+03 1.493945e+04     0 1.503539e+04 1.007277e+04 5.115612e-03     0 -2.471066e-01 3.937900e+01 1.264305e+02 2.638019e-01 -2.981778e-02 
  493 -5.842548e-01 -1.160238e-01 2.828313e+00 9.915571e+03 1.494146e+04     0 1.504146e+04 1.001557e+04 3.277089e-03     0 -2.289650e-01 3.952880e+01 1.270686e+02 2.605119e-01 -2.861678e-02 
4.931000e+02 -5.911527e-01 -1.017848e-01 2.797792e+00 9.903800e+03 1.494390e+04     0 1.504146e+04 1.001557e+04 1.469307e-03     0 -2.224684e-01 3.968812e+01 1.276443e+02 2.534053e-01 -2.741393e-02 
4.932000e+02 -5.976294e-01 -8.984722e-02 2.768815e+00 9.891981e+03 1.494674e+04     0 1.504146e+04 1.001557e+04 -2.803259e-04     0 -2.130895e-01 3.985608e+01 1.281666e+02 2.448094e-01 -2.614852e-02 
4.933000e+02 -6.035688e-01 -7.910648e-02 2.740656e+00 9.880138e+03 1.494999e+04     0 1.504146e+04 1.001557e+04 -1.934078e-03     0 -2.036484e-01 4.003185e+01 1.286407e+02 2.361167e-01 -2.481539e-02 
4.934000e+02 -6.089501e-01 -6.912288e-02 2.713049e+00 9.868296e+03 1.495364e+04     0 1.504146e+04 1.001557e+04 -3.468855e-03     0 -1.906312e-01 4.021468e+01 1.290699e+02 2.277637e-01 -2.344286e-02 
4.935000e+02 -6.138048e-01 -6.016253e-02 2.686231e+00 9.856475e+03 1.495768e+04     0 1.505768e+04 9.956475e+03 -4.878746e-03     0 -1.774042e-01 4.040390e+01 1.294575e+02 2.193612e-01 -2.207153e-02 
4.936000e+02 -6.181516e-01 -5.239241e-02 2.660379e+00 9.844697e+03 1.496210e+04     0 1.505768e+04 9.956475e+03 -6.165220e-03     0 -1.653540e-01 4.059890e+01 1.298077e+02 2.107249e-01 -2.074331e-02 
4.937000e+02 -6.219903e-01 -4.566257e-02 2.635446e+00 9.832979e+03 1.496689e+04     0 1.505768e+04 9.956475e+03 -7.329404e-03     0 -1.540292e-01 4.079914e+01 1.301246e+02 2.020462e-01 -1.949779e-02 
4.938000e+02 -6.253215e-01 -3.974441e-02 2.611319e+00 9.821337e+03 1.497204e+04     0 1.505768e+04 9.956475e+03 -8.371162e-03     0 -1.429332e-01 4.100411e+01 1.304120e+02 1.935644e-01 -1.836828e-02 
4.939000e+02 -6.281554e-01 -3.449665e-02 2.587931e+00 9.809784e+03 1.497754e+04     0 1.505768e+04 9.956475e+03 -9.291067e-03     0 -1.320760e-01 4.121337e+01 1.306730e+02 1.853885e-01 -1.737778e-02 
  494 -6.305118e-01 -2.985458e-02 2.565252e+00 9.798334e+03 1.498336e+04     0 1.508336e+04 9.898334e+03 -1.009159e-02     0 -1.216541e-01 4.142651e+01 1.309106e+02 1.775373e-01 -1.653699e-02 
4.941000e+02 -6.324187e-01 -2.577271e-02 2.543251e+00 9.786997e+03 1.498951e+04     0 1.508336e+04 9.898334e+03 -1.077728e-02     0 -1.117651e-01 4.164315e+01 1.311274e+02 1.700166e-01 -1.584509e-02 
4.942000e+02 -6.339110e-01 -2.220310e-02 2.521881e+00 9.775782e+03 1.499596e+04     0 1.508336e+04 9.898334e+03 -1.135468e-02     0 -1.023998e-01 4.186297e+01 1.313259e+02 1.628413e-01 -1.529192e-02 
4.943000e+02 -6.350303e-01 -1.910150e-02 2.501087e+00 9.764698e+03 1.500272e+04     0 1.508336e+04 9.898334e+03 -1.183212e-02     0 -9.352917e-02 4.208566e+01 1.315086e+02 1.560248e-01 -1.486085e-02 
4.944000e+02 -6.358225e-01 -1.643348e-02 2.480817e+00 9.753751e+03 1.500975e+04     0 1.508336e+04 9.898334e+03 -1.221949e-02     0 -8.514312e-02 4.231095e+01 1.316774e+02 1.495701e-01 -1.453173e-02 
4.945000e+02 -6.363352e-01 -1.417226e-02 2.461020e+00 9.742947e+03 1.501706e+04     0 1.511706e+04 9.842947e+03 -1.252763e-02     0 -7.724007e-02 4.253859e+01 1.318343e+02 1.434726e-01 -1.428345e-02 
4.946000e+02 -6.366148e-01 -1.229410e-02 2.441649e+00 9.732291e+03 1.502463e+04     0 1.511706e+04 9.842947e+03 -1.276779e-02     0 -6.981310e-02 4.276836e+01 1.319812e+02 1.377243e-01 -1.409605e-02 
4.947000e+02 -6.367045e-01 -1.077548e-02 2.422659e+00 9.721787e+03 1.503245e+04     0 1.511706e+04 9.842947e+03 -1.295095e-02     0 -6.284871e-02 4.300005e+01 1.321195e+02 1.323164e-01 -1.395216e-02 
4.948000e+02 -6.366426e-01 -9.592459e-03 2.404011e+00 9.711439e+03 1.504052e+04     0 1.511706e+04 9.842947e+03 -1.308736e-02     0 -5.633122e-02 4.323349e+01 1.322509e+02 1.272393e-01 -1.383772e-02 
4.949000e+02 -6.364619e-01 -8.720596e-03 2.385669e+00 9.701250e+03 1.504881e+04     0 1.511706e+04 9.842947e+03 -1.318616e-02     0 -5.024520e-02 4.346850e+01 1.323767e+02 1.224827e-01 -1.374221e-02 
  495 -6.361888e-01 -8.134886e-03 2.367601e+00 9.691222e+03 1.505733e+04     0 1.515733e+04 9.791222e+03 -1.325514e-02     0 -4.457526e-02 4.370494e+01 1.324981e+02 1.180352e-01 -1.365842e-02 
4.951000e+02 -6.358441e-01 -7.809831e-03 2.349781e+00 9.681357e+03 1.506607e+04     0 1.515733e+04 9.791222e+03 -1.330068e-02     0 -3.930551e-02 4.394267e+01 1.326162e+02 1.138855e-01 -1.358190e-02 
4.952000e+02 -6.354436e-01 -7.719726e-03 2.332182e+00 9.671658e+03 1.507501e+04     0 1.515733e+04 9.791222e+03 -1.332784e-02     0 -3.441948e-02 4.418156e+01 1.327321e+02 1.100222e-01 -1.351033e-02 
4.953000e+02 -6.349987e-01 -7.839094e-03 2.314785e+00 9.662126e+03 1.508415e+04     0 1.515733e+04 9.791222e+03 -1.334044e-02     0 -2.990037e-02 4.442152e+01 1.328468e+02 1.064334e-01 -1.344284e-02 
4.954000e+02 -6.345173e-01 -8.143121e-03 2.297568e+00 9.652762e+03 1.509349e+04     0 1.515733e+04 9.791222e+03 -1.334130e-02     0 -2.573118e-02 4.466243e+01 1.329609e+02 1.031076e-01 -1.337938e-02 
4.955000e+02 -6.340053e-01 -8.608020e-03 2.280515e+00 9.643567e+03 1.510301e+04     0 1.520301e+04 9.743567e+03 -1.333244e-02     0 -2.189482e-02 4.490420e+01 1.330753e+02 1.000328e-01 -1.332029e-02 
4.956000e+02 -6.334665e-01 -9.211292e-03 2.263608e+00 9.634543e+03 1.511272e+04     0 1.520301e+04 9.743567e+03 -1.331529e-02     0 -1.837408e-02 4.514676e+01 1.331905e+02 9.719699e-02 -1.326587e-02 
4.957000e+02 -6.329039e-01 -9.931899e-03 2.246832e+00 9.625691e+03 1.512260e+04     0 1.520301e+04 9.743567e+03 -1.329086e-02     0 -1.515168e-02 4.539002e+01 1.333072e+02 9.458816e-02 -1.321626e-02 
4.958000e+02 -6.323200e-01 -1.075035e-02 2.230172e+00 9.617012e+03 1.513265e+04     0 1.520301e+04 9.743567e+03 -1.325993e-02     0 -1.221041e-02 4.563393e+01 1.334257e+02 9.219419e-02 -1.317133e-02 
4.959000e+02 -6.317168e-01 -1.164870e-02 2.213616e+00 9.608506e+03 1.514286e+04     0 1.520301e+04 9.743567e+03 -1.322308e-02     0 -9.533166e-03 4.587842e+01 1.335466e+02 9.000297e-02 -1.313066e-02 
  496 -6.310964e-01 -1.261053e-02 2.197150e+00 9.600175e+03 1.515323e+04     0 1.525323e+04 9.700175e+03 -1.318088e-02     0 -7.103030e-03 4.612343e+01 1.336702e+02 8.800246e-02 -1.309365e-02 
4.961000e+02 -6.304608e-01 -1.362088e-02 2.180763e+00 9.592019e+03 1.516376e+04     0 1.525323e+04 9.700175e+03 -1.313381e-02     0 -4.903363e-03 4.636891e+01 1.337967e+02 8.618069e-02 -1.305955e-02 
4.962000e+02 -6.298121e-01 -1.466612e-02 2.164445e+00 9.584040e+03 1.517444e+04     0 1.525323e+04 9.700175e+03 -1.308238e-02     0 -2.917861e-03 4.661483e+01 1.339263e+02 8.452587e-02 -1.302762e-02 
4.963000e+02 -6.291524e-01 -1.573390e-02 2.148186e+00 9.576239e+03 1.518527e+04     0 1.525323e+04 9.700175e+03 -1.302707e-02     0 -1.130626e-03 4.686113e+01 1.340593e+02 8.302642e-02 -1.299718e-02 
4.964000e+02 -6.284835e-01 -1.681302e-02 2.131977e+00 9.568616e+03 1.519624e+04     0 1.525323e+04 9.700175e+03 -1.296839e-02     0 4.737741e-04 4.710779e+01 1.341957e+02 8.167103e-02 -1.296763e-02 
4.965000e+02 -6.278072e-01 -1.789342e-02 2.115811e+00 9.561172e+03 1.520734e+04     0 1.530734e+04 9.661172e+03 -1.290678e-02     0 1.910262e-03 4.735476e+01 1.343356e+02 8.044869e-02 -1.293853e-02 
4.966000e+02 -6.271254e-01 -1.896604e-02 2.099681e+00 9.553910e+03 1.521859e+04     0 1.530734e+04 9.661172e+03 -1.284270e-02     0 3.193202e-03 4.760202e+01 1.344791e+02 7.934874e-02 -1.290959e-02 
4.967000e+02 -6.264395e-01 -2.002285e-02 2.083581e+00 9.546829e+03 1.522996e+04     0 1.530734e+04 9.661172e+03 -1.277654e-02     0 4.336370e-03 4.784955e+01 1.346262e+02 7.836091e-02 -1.288063e-02 
4.968000e+02 -6.257509e-01 -2.105671e-02 2.067507e+00 9.539931e+03 1.524147e+04     0 1.530734e+04 9.661172e+03 -1.270869e-02     0 5.352919e-03 4.809731e+01 1.347769e+02 7.747532e-02 -1.285157e-02 
4.969000e+02 -6.250608e-01 -2.206142e-02 2.051455e+00 9.533218e+03 1.525310e+04     0 1.530734e+04 9.661172e+03 -1.263948e-02     0 6.255367e-03 4.834528e+01 1.349310e+02 7.668253e-02 -1.282241e-02 
  497 -6.243704e-01 -2.303161e-02 2.035420e+00 9.526690e+03 1.526485e+04     0 1.536485e+04 9.626690e+03 -1.256921e-02     0 7.055571e-03 4.859344e+01 1.350886e+02 7.597356e-02 -1.279318e-02 
4.971000e+02 -6.236805e-01 -2.396273e-02 2.019400e+00 9.520349e+03 1.527672e+04     0 1.536485e+04 9.626690e+03 -1.249815e-02     0 7.764727e-03 4.884178e+01 1.352495e+02 7.533988e-02 -1.276392e-02 
4.972000e+02 -6.229923e-01 -2.485099e-02 2.003393e+00 9.514197e+03 1.528871e+04     0 1.536485e+04 9.626690e+03 -1.242656e-02     0 8.393357e-03 4.909028e+01 1.354136e+02 7.477341e-02 -1.273467e-02 
4.973000e+02 -6.223064e-01 -2.569332e-02 1.987396e+00 9.508234e+03 1.530081e+04     0 1.536485e+04 9.626690e+03 -1.235466e-02     0 8.951314e-03 4.933892e+01 1.355808e+02 7.426656e-02 -1.270542e-02 
4.974000e+02 -6.216237e-01 -2.648731e-02 1.971408e+00 9.502462e+03 1.531302e+04     0 1.536485e+04 9.626690e+03 -1.228267e-02     0 9.447787e-03 4.958769e+01 1.357509e+02 7.381221e-02 -1.267616e-02 
4.975000e+02 -6.209449e-01 -2.723113e-02 1.955427e+00 9.496882e+03 1.532534e+04     0 1.542534e+04 9.596882e+03 -1.221078e-02     0 9.891304e-03 4.983658e+01 1.359239e+02 7.340371e-02 -1.264687e-02 
4.976000e+02 -6.202708e-01 -2.792354e-02 1.939454e+00 9.491497e+03 1.533777e+04     0 1.542534e+04 9.596882e+03 -1.213918e-02     0 1.028975e-02 5.008557e+01 1.360994e+02 7.303487e-02 -1.261747e-02 
4.977000e+02 -6.196019e-01 -2.856377e-02 1.923486e+00 9.486306e+03 1.535029e+04     0 1.542534e+04 9.596882e+03 -1.206806e-02     0 1.065038e-02 5.033466e+01 1.362775e+02 7.269997e-02 -1.258791e-02 
4.978000e+02 -6.189390e-01 -2.915147e-02 1.907525e+00 9.481313e+03 1.536291e+04     0 1.542534e+04 9.596882e+03 -1.199758e-02     0 1.097983e-02 5.058383e+01 1.364578e+02 7.239373e-02 -1.255812e-02 
4.979000e+02 -6.182824e-01 -2.968672e-02 1.891569e+00 9.476518e+03 1.537563e+04     0 1.542534e+04 9.596882e+03 -1.192789e-02     0 1.128417e-02 5.083309e+01 1.366403e+02 7.211131e-02 -1.252803e-02 
  498 -6.176328e-01 -3.016989e-02 1.875620e+00 9.471922e+03 1.538844e+04     0 1.548844e+04 9.571922e+03 -1.185913e-02     0 1.156888e-02 5.108241e+01 1.368247e+02 7.184828e-02 -1.249759e-02 
4.981000e+02 -6.169905e-01 -3.060169e-02 1.859677e+00 9.467528e+03 1.540134e+04     0 1.548844e+04 9.571922e+03 -1.179143e-02     0 1.183889e-02 5.133180e+01 1.370110e+02 7.160065e-02 -1.246675e-02 
4.982000e+02 -6.163559e-01 -3.098306e-02 1.843742e+00 9.463336e+03 1.541433e+04     0 1.548844e+04 9.571922e+03 -1.172490e-02     0 1.209865e-02 5.158125e+01 1.371988e+02 7.136478e-02 -1.243549e-02 
4.983000e+02 -6.157293e-01 -3.131516e-02 1.827814e+00 9.459348e+03 1.542740e+04     0 1.548844e+04 9.571922e+03 -1.165964e-02     0 1.235210e-02 5.183075e+01 1.373881e+02 7.113742e-02 -1.240378e-02 
4.984000e+02 -6.151109e-01 -3.159934e-02 1.811894e+00 9.455566e+03 1.544055e+04     0 1.548844e+04 9.571922e+03 -1.159574e-02     0 1.260271e-02 5.208029e+01 1.375787e+02 7.091567e-02 -1.237162e-02 
4.985000e+02 -6.145009e-01 -3.183710e-02 1.795984e+00 9.451990e+03 1.545378e+04     0  1000  5000 -1.153324e-02     0 1.285354e-02 5.232988e+01 1.377704e+02 7.069697e-02 -1.233901e-02 
4.986000e+02 -6.012311e-01 -6.961944e-03 1.760831e+00 9.448614e+03 1.546708e+04     0  1000  5000 -1.000000e-01     0 -2.617994e-01 5.354323e+01 1.379671e+02 1.031704e-01 -9.661188e-03 
4.987000e+02 -5.682465e-01 5.215557e-02 1.698369e+00 9.445473e+03 1.548046e+04     0  1000  5000 -1.000000e-01     0 -2.617994e-01 5.468870e+01 1.380398e+02 1.685426e-01 1.566353e-03 
4.988000e+02 -5.325526e-01 1.169070e-01 1.630920e+00 9.442649e+03 1.549392e+04     0  1000  5000 -1.000000e-01     0 -2.617994e-01 5.577274e+01 1.379241e+02 2.282867e-01 2.026956e-02 
4.989000e+02 -4.994311e-01 1.720936e-01 1.570890e+00 9.440206e+03 1.550746e+04     0  1000  5000 -1.000000e-01     0 -2.617994e-01 5.680120e+01 1.376226e+02 2.661123e-01 4.192474e-02 
  499 -4.685679e-01 2.146775e-01 1.522884e+00 9.438174e+03 1.552104e+04     0  1000  5000 -1.000000e-01     0 -2.617994e-01 5.777937e+01 1.371673e+02 2.818338e-01 6.170366e-02 
4.991000e+02 -4.378387e-01 2.484579e-01 1.487186e+00 9.436551e+03 1.553463e+04     0  1000  5000 -1.000000e-01     0 -2.617994e-01 5.871204e+01 1.365936e+02 2.825728e-01 7.642533e-02 
4.992000e+02 -4.049323e-01 2.790027e-01 1.462201e+00 9.435314e+03 1.554819e+04     0  1000  5000 -1.000000e-01     0 -2.617994e-01 5.960353e+01 1.359282e+02 2.763772e-01 8.495597e-02 
4.993000e+02 -3.680938e-01 3.106418e-01 1.445878e+00 9.434427e+03 1.556168e+04     0  1000  5000 -1.000000e-01     0 -2.617994e-01 6.045777e+01 1.351853e+02 2.691498e-01 8.778398e-02 
4.994000e+02 -3.264021e-01 3.454782e-01 1.436399e+00 9.433851e+03 1.557507e+04     0  1000  5000 -1.000000e-01     0 -2.617994e-01 6.127830e+01 1.343693e+02 2.639762e-01 8.637911e-02 
4.995000e+02 -2.797253e-01 3.836642e-01 1.432364e+00 9.433542e+03 1.558834e+04     0  1000  5000 -1.000000e-01     0 -2.617994e-01 6.206833e+01 1.334780e+02 2.616772e-01 8.259127e-02 
4.996000e+02 -2.285104e-01 4.241856e-01 1.432741e+00 9.433457e+03 1.560145e+04     0  1000  5000 -1.000000e-01     0 -2.617994e-01 6.283075e+01 1.325068e+02 2.617362e-01 7.817386e-02 
4.997000e+02 -1.735352e-01 4.656493e-01 1.436763e+00 9.433549e+03 1.561438e+04     0  1000  5000 -1.000000e-01     0 -2.617994e-01 6.356821e+01 1.314513e+02 2.631344e-01 7.447422e-02 
4.998000e+02 -1.156906e-01 5.068263e-01 1.443886e+00 9.433772e+03 1.562711e+04     0  1000  5000 -1.000000e-01     0 -2.617994e-01 6.428306e+01 1.303091e+02 2.649082e-01 7.230380e-02 
4.999000e+02 -5.590724e-02 5.468930e-01 1.453806e+00 9.434079e+03 1.563962e+04     0  1000  5000 -1.000000e-01     0 -2.617994e-01 6.497747e+01 1.290798e+02 2.664111e-01 7.196013e-02 
  500 1.094521e-02 5.854322e-01 1.466494e+00 9.434426e+03 1.565188e+04     0  1000  5000 -1.000000e-01     0 -2.617994e-01 6.565338e+01 1.277654e+02 2.673531e-01 7.334467e-02 
