ISO-10303-21;
HEADER;
/* Generated by software containing ST-Developer
 * from STEP Tools, Inc. (www.steptools.com) 
 */

FILE_DESCRIPTION(
/* description */ (''),
/* implementation_level */ '2;1');

FILE_NAME(
/* name */ 
'C:\\Users\\caspe\\OneDrive\\Documenten\\Inventor\\propellors\\8x4x3_p
ropellor\\8x4x3_propellor.stp',
/* time_stamp */ '2022-03-13T16:03:46+01:00',
/* author */ ('caspe'),
/* organization */ (''),
/* preprocessor_version */ 'ST-DEVELOPER v18.1',
/* originating_system */ 'Autodesk Inventor 2022',
/* authorisation */ '');

FILE_SCHEMA (('AUTOMOTIVE_DESIGN { 1 0 10303 214 3 1 1 }'));
ENDSEC;

DATA;
#10=MECHANICAL_DESIGN_GEOMETRIC_PRESENTATION_REPRESENTATION('',(#13),#3165);
#11=SHAPE_REPRESENTATION_RELATIONSHIP('SRR','None',#3172,#12);
#12=ADVANCED_BREP_SHAPE_REPRESENTATION('',(#14),#3164);
#13=STYLED_ITEM('',(#3181),#14);
#14=MANIFOLD_SOLID_BREP('Solid1',#811);
#15=FACE_BOUND('',#139,.T.);
#16=FACE_BOUND('',#160,.T.);
#17=PLANE('',#852);
#18=PLANE('',#859);
#19=PLANE('',#860);
#20=PLANE('',#862);
#21=PLANE('',#865);
#22=CYLINDRICAL_SURFACE('',#837,8.);
#23=CYLINDRICAL_SURFACE('',#840,8.);
#24=CYLINDRICAL_SURFACE('',#846,8.);
#25=CYLINDRICAL_SURFACE('',#855,7.);
#26=CYLINDRICAL_SURFACE('',#856,7.);
#27=CYLINDRICAL_SURFACE('',#861,7.);
#28=CYLINDRICAL_SURFACE('',#863,4.5);
#29=CIRCLE('',#834,4.);
#30=CIRCLE('',#835,4.);
#31=CIRCLE('',#836,4.);
#32=CIRCLE('',#838,8.);
#33=CIRCLE('',#839,8.);
#34=CIRCLE('',#841,8.);
#35=CIRCLE('',#842,8.);
#36=CIRCLE('',#843,4.);
#37=CIRCLE('',#844,4.);
#38=CIRCLE('',#845,4.);
#39=CIRCLE('',#847,8.);
#40=CIRCLE('',#848,8.);
#41=CIRCLE('',#849,4.);
#42=CIRCLE('',#850,4.);
#43=CIRCLE('',#851,4.);
#44=CIRCLE('',#853,4.5);
#45=CIRCLE('',#854,30.);
#46=CIRCLE('',#857,30.);
#47=CIRCLE('',#858,30.);
#48=CIRCLE('',#864,4.5);
#49=LINE('',#1030,#59);
#50=LINE('',#1151,#60);
#51=LINE('',#1272,#61);
#52=LINE('',#2387,#62);
#53=LINE('',#2463,#63);
#54=LINE('',#2766,#64);
#55=LINE('',#2872,#65);
#56=LINE('',#2939,#66);
#57=LINE('',#3092,#67);
#58=LINE('',#3160,#68);
#59=VECTOR('',#868,10.);
#60=VECTOR('',#869,10.);
#61=VECTOR('',#870,10.);
#62=VECTOR('',#915,10.);
#63=VECTOR('',#918,10.);
#64=VECTOR('',#925,10.);
#65=VECTOR('',#928,10.);
#66=VECTOR('',#931,10.);
#67=VECTOR('',#934,10.);
#68=VECTOR('',#939,4.5);
#69=FACE_OUTER_BOUND('',#114,.T.);
#70=FACE_OUTER_BOUND('',#115,.T.);
#71=FACE_OUTER_BOUND('',#116,.T.);
#72=FACE_OUTER_BOUND('',#117,.T.);
#73=FACE_OUTER_BOUND('',#118,.T.);
#74=FACE_OUTER_BOUND('',#119,.T.);
#75=FACE_OUTER_BOUND('',#120,.T.);
#76=FACE_OUTER_BOUND('',#121,.T.);
#77=FACE_OUTER_BOUND('',#122,.T.);
#78=FACE_OUTER_BOUND('',#123,.T.);
#79=FACE_OUTER_BOUND('',#124,.T.);
#80=FACE_OUTER_BOUND('',#125,.T.);
#81=FACE_OUTER_BOUND('',#126,.T.);
#82=FACE_OUTER_BOUND('',#127,.T.);
#83=FACE_OUTER_BOUND('',#128,.T.);
#84=FACE_OUTER_BOUND('',#129,.T.);
#85=FACE_OUTER_BOUND('',#130,.T.);
#86=FACE_OUTER_BOUND('',#131,.T.);
#87=FACE_OUTER_BOUND('',#132,.T.);
#88=FACE_OUTER_BOUND('',#133,.T.);
#89=FACE_OUTER_BOUND('',#134,.T.);
#90=FACE_OUTER_BOUND('',#135,.T.);
#91=FACE_OUTER_BOUND('',#136,.T.);
#92=FACE_OUTER_BOUND('',#137,.T.);
#93=FACE_OUTER_BOUND('',#138,.T.);
#94=FACE_OUTER_BOUND('',#140,.T.);
#95=FACE_OUTER_BOUND('',#141,.T.);
#96=FACE_OUTER_BOUND('',#142,.T.);
#97=FACE_OUTER_BOUND('',#143,.T.);
#98=FACE_OUTER_BOUND('',#144,.T.);
#99=FACE_OUTER_BOUND('',#145,.T.);
#100=FACE_OUTER_BOUND('',#146,.T.);
#101=FACE_OUTER_BOUND('',#147,.T.);
#102=FACE_OUTER_BOUND('',#148,.T.);
#103=FACE_OUTER_BOUND('',#149,.T.);
#104=FACE_OUTER_BOUND('',#150,.T.);
#105=FACE_OUTER_BOUND('',#151,.T.);
#106=FACE_OUTER_BOUND('',#152,.T.);
#107=FACE_OUTER_BOUND('',#153,.T.);
#108=FACE_OUTER_BOUND('',#154,.T.);
#109=FACE_OUTER_BOUND('',#155,.T.);
#110=FACE_OUTER_BOUND('',#156,.T.);
#111=FACE_OUTER_BOUND('',#157,.T.);
#112=FACE_OUTER_BOUND('',#158,.T.);
#113=FACE_OUTER_BOUND('',#159,.T.);
#114=EDGE_LOOP('',(#475,#476,#477,#478,#479));
#115=EDGE_LOOP('',(#480,#481,#482,#483,#484,#485));
#116=EDGE_LOOP('',(#486,#487,#488,#489,#490));
#117=EDGE_LOOP('',(#491,#492,#493,#494,#495,#496));
#118=EDGE_LOOP('',(#497,#498,#499,#500,#501));
#119=EDGE_LOOP('',(#502,#503,#504,#505,#506,#507));
#120=EDGE_LOOP('',(#508,#509,#510,#511,#512,#513));
#121=EDGE_LOOP('',(#514,#515,#516,#517,#518,#519));
#122=EDGE_LOOP('',(#520,#521,#522,#523));
#123=EDGE_LOOP('',(#524,#525,#526,#527));
#124=EDGE_LOOP('',(#528,#529,#530,#531,#532,#533));
#125=EDGE_LOOP('',(#534,#535,#536,#537,#538,#539,#540));
#126=EDGE_LOOP('',(#541,#542,#543,#544,#545,#546,#547));
#127=EDGE_LOOP('',(#548,#549,#550,#551,#552,#553));
#128=EDGE_LOOP('',(#554,#555,#556,#557,#558,#559));
#129=EDGE_LOOP('',(#560,#561,#562,#563));
#130=EDGE_LOOP('',(#564,#565,#566,#567));
#131=EDGE_LOOP('',(#568,#569,#570,#571,#572,#573));
#132=EDGE_LOOP('',(#574,#575,#576,#577,#578,#579,#580));
#133=EDGE_LOOP('',(#581,#582,#583,#584,#585,#586));
#134=EDGE_LOOP('',(#587,#588,#589,#590,#591,#592));
#135=EDGE_LOOP('',(#593,#594,#595,#596));
#136=EDGE_LOOP('',(#597,#598,#599,#600));
#137=EDGE_LOOP('',(#601,#602,#603,#604,#605,#606));
#138=EDGE_LOOP('',(#607,#608,#609,#610,#611,#612,#613,#614,#615,#616,#617,
#618));
#139=EDGE_LOOP('',(#619));
#140=EDGE_LOOP('',(#620,#621,#622,#623,#624,#625,#626));
#141=EDGE_LOOP('',(#627,#628,#629,#630,#631));
#142=EDGE_LOOP('',(#632,#633,#634,#635,#636));
#143=EDGE_LOOP('',(#637,#638,#639,#640,#641,#642,#643));
#144=EDGE_LOOP('',(#644,#645,#646,#647));
#145=EDGE_LOOP('',(#648,#649,#650,#651,#652,#653,#654));
#146=EDGE_LOOP('',(#655,#656,#657,#658));
#147=EDGE_LOOP('',(#659,#660,#661,#662));
#148=EDGE_LOOP('',(#663,#664,#665,#666));
#149=EDGE_LOOP('',(#667,#668,#669,#670,#671,#672,#673,#674));
#150=EDGE_LOOP('',(#675,#676,#677,#678));
#151=EDGE_LOOP('',(#679,#680,#681,#682));
#152=EDGE_LOOP('',(#683,#684,#685,#686,#687,#688,#689,#690));
#153=EDGE_LOOP('',(#691,#692,#693,#694,#695));
#154=EDGE_LOOP('',(#696,#697,#698,#699));
#155=EDGE_LOOP('',(#700,#701,#702,#703));
#156=EDGE_LOOP('',(#704,#705,#706,#707));
#157=EDGE_LOOP('',(#708,#709,#710,#711,#712,#713,#714,#715));
#158=EDGE_LOOP('',(#716,#717,#718,#719));
#159=EDGE_LOOP('',(#720,#721,#722,#723,#724,#725,#726,#727,#728,#729,#730,
#731));
#160=EDGE_LOOP('',(#732));
#161=B_SPLINE_CURVE_WITH_KNOTS('',3,(#961,#962,#963,#964),.UNSPECIFIED.,
 .F.,.F.,(4,4),(-0.0155413908404898,0.),.UNSPECIFIED.);
#162=B_SPLINE_CURVE_WITH_KNOTS('',3,(#966,#967,#968,#969),.UNSPECIFIED.,
 .F.,.F.,(4,4),(0.359611490760254,0.49023517466995),.UNSPECIFIED.);
#163=B_SPLINE_CURVE_WITH_KNOTS('',3,(#971,#972,#973,#974),.UNSPECIFIED.,
 .F.,.F.,(4,4),(0.,0.358529369110313),.UNSPECIFIED.);
#164=B_SPLINE_CURVE_WITH_KNOTS('',3,(#976,#977,#978,#979),.UNSPECIFIED.,
 .F.,.F.,(4,4),(-0.49023517466995,-0.357521440724075),.UNSPECIFIED.);
#165=B_SPLINE_CURVE_WITH_KNOTS('',3,(#980,#981,#982,#983,#984,#985,#986,
#987),.UNSPECIFIED.,.F.,.F.,(4,2,2,4),(-0.342782308541262,-0.341980675788837,
-0.163015852671401,0.),.UNSPECIFIED.);
#166=B_SPLINE_CURVE_WITH_KNOTS('',3,(#1021,#1022,#1023,#1024,#1025,#1026,
#1027,#1028),.UNSPECIFIED.,.F.,.F.,(4,2,2,4),(0.0238015558773009,0.289989186655979,
0.507839344049697,1.),.UNSPECIFIED.);
#167=B_SPLINE_CURVE_WITH_KNOTS('',3,(#1032,#1033,#1034,#1035,#1036,#1037,
#1038,#1039),.UNSPECIFIED.,.F.,.F.,(4,2,2,4),(0.0535515005175245,0.289989186655979,
0.507839344049697,1.),.UNSPECIFIED.);
#168=B_SPLINE_CURVE_WITH_KNOTS('',3,(#1041,#1042,#1043,#1044,#1045,#1046,
#1047,#1048,#1049,#1050,#1051,#1052,#1053,#1054,#1055,#1056,#1057,#1058,
#1059),.UNSPECIFIED.,.F.,.F.,(4,3,3,3,3,3,4),(0.42810337381681,0.435531552748397,
0.505218709723578,0.576882984761983,0.609900484641985,0.681285398632208,
0.713047170772928),.UNSPECIFIED.);
#169=B_SPLINE_CURVE_WITH_KNOTS('',3,(#1060,#1061,#1062,#1063),
 .UNSPECIFIED.,.F.,.F.,(4,4),(1.75422589512889,1.77165307631262),
 .UNSPECIFIED.);
#170=B_SPLINE_CURVE_WITH_KNOTS('',3,(#1082,#1083,#1084,#1085),
 .UNSPECIFIED.,.F.,.F.,(4,4),(-0.015540558032067,0.),.UNSPECIFIED.);
#171=B_SPLINE_CURVE_WITH_KNOTS('',3,(#1087,#1088,#1089,#1090),
 .UNSPECIFIED.,.F.,.F.,(4,4),(0.359611490757357,0.490235174667052),
 .UNSPECIFIED.);
#172=B_SPLINE_CURVE_WITH_KNOTS('',3,(#1092,#1093,#1094,#1095),
 .UNSPECIFIED.,.F.,.F.,(4,4),(0.,0.358529369110313),.UNSPECIFIED.);
#173=B_SPLINE_CURVE_WITH_KNOTS('',3,(#1097,#1098,#1099,#1100),
 .UNSPECIFIED.,.F.,.F.,(4,4),(-0.490235174667052,-0.357521440720157),
 .UNSPECIFIED.);
#174=B_SPLINE_CURVE_WITH_KNOTS('',3,(#1101,#1102,#1103,#1104,#1105,#1106,
#1107,#1108),.UNSPECIFIED.,.F.,.F.,(4,2,2,4),(-0.342738433114818,-0.34193079637304,
-0.173990092597628,0.),.UNSPECIFIED.);
#175=B_SPLINE_CURVE_WITH_KNOTS('',3,(#1142,#1143,#1144,#1145,#1146,#1147,
#1148,#1149),.UNSPECIFIED.,.F.,.F.,(4,2,2,4),(0.0238015558773009,0.289989186655979,
0.507839344049697,1.),.UNSPECIFIED.);
#176=B_SPLINE_CURVE_WITH_KNOTS('',3,(#1153,#1154,#1155,#1156,#1157,#1158,
#1159,#1160),.UNSPECIFIED.,.F.,.F.,(4,2,2,4),(0.0535515005175244,0.289989186655979,
0.507839344049697,1.),.UNSPECIFIED.);
#177=B_SPLINE_CURVE_WITH_KNOTS('',3,(#1162,#1163,#1164,#1165,#1166,#1167,
#1168,#1169,#1170,#1171,#1172,#1173,#1174,#1175,#1176,#1177,#1178,#1179,
#1180),.UNSPECIFIED.,.F.,.F.,(4,3,3,3,3,3,4),(0.428103156785652,0.435570671186286,
0.505255509550621,0.576920005379598,0.609925608773963,0.68131029535129,
0.713046659241204),.UNSPECIFIED.);
#178=B_SPLINE_CURVE_WITH_KNOTS('',3,(#1181,#1182,#1183,#1184),
 .UNSPECIFIED.,.F.,.F.,(4,4),(1.44276819039104,1.46018995180181),
 .UNSPECIFIED.);
#179=B_SPLINE_CURVE_WITH_KNOTS('',3,(#1203,#1204,#1205,#1206),
 .UNSPECIFIED.,.F.,.F.,(4,4),(-0.0155406172699211,0.),.UNSPECIFIED.);
#180=B_SPLINE_CURVE_WITH_KNOTS('',3,(#1208,#1209,#1210,#1211),
 .UNSPECIFIED.,.F.,.F.,(4,4),(0.359611494380899,0.490235178290594),
 .UNSPECIFIED.);
#181=B_SPLINE_CURVE_WITH_KNOTS('',3,(#1213,#1214,#1215,#1216),
 .UNSPECIFIED.,.F.,.F.,(4,4),(0.,0.358529369110313),.UNSPECIFIED.);
#182=B_SPLINE_CURVE_WITH_KNOTS('',3,(#1218,#1219,#1220,#1221),
 .UNSPECIFIED.,.F.,.F.,(4,4),(-0.490235178290594,-0.357521444344078),
 .UNSPECIFIED.);
#183=B_SPLINE_CURVE_WITH_KNOTS('',3,(#1222,#1223,#1224,#1225,#1226,#1227,
#1228,#1229),.UNSPECIFIED.,.F.,.F.,(4,2,2,4),(-0.342747876312525,-0.341941754602014,
-0.171238942116603,0.),.UNSPECIFIED.);
#184=B_SPLINE_CURVE_WITH_KNOTS('',3,(#1263,#1264,#1265,#1266,#1267,#1268,
#1269,#1270),.UNSPECIFIED.,.F.,.F.,(4,2,2,4),(0.0238015558773009,0.289989186655979,
0.507839344049697,1.),.UNSPECIFIED.);
#185=B_SPLINE_CURVE_WITH_KNOTS('',3,(#1274,#1275,#1276,#1277,#1278,#1279,
#1280,#1281),.UNSPECIFIED.,.F.,.F.,(4,2,2,4),(0.0535515005175244,0.289989186655979,
0.507839344049697,1.),.UNSPECIFIED.);
#186=B_SPLINE_CURVE_WITH_KNOTS('',3,(#1283,#1284,#1285,#1286,#1287,#1288,
#1289,#1290,#1291,#1292,#1293,#1294,#1295,#1296,#1297,#1298,#1299,#1300,
#1301),.UNSPECIFIED.,.F.,.F.,(4,3,3,3,3,3,4),(0.428103173985007,0.435567518931645,
0.505252551300858,0.576917029363271,0.609923593437621,0.681308298247859,
0.713046700047436),.UNSPECIFIED.);
#187=B_SPLINE_CURVE_WITH_KNOTS('',3,(#1302,#1303,#1304,#1305),
 .UNSPECIFIED.,.F.,.F.,(4,4),(2.11595237186689,2.13335840545523),
 .UNSPECIFIED.);
#188=B_SPLINE_CURVE_WITH_KNOTS('',3,(#1362,#1363,#1364,#1365,#1366,#1367,
#1368),.UNSPECIFIED.,.F.,.F.,(4,1,1,1,4),(-0.387788828727364,-0.00884112729879244,
0.370106574129779,0.749054275558351,1.01326223115615),.UNSPECIFIED.);
#189=B_SPLINE_CURVE_WITH_KNOTS('',3,(#1369,#1370,#1371,#1372,#1373,#1374,
#1375,#1376,#1377,#1378,#1379,#1380),.UNSPECIFIED.,.F.,.F.,(4,2,2,2,2,4),
(0.,0.369120529873823,0.612586960493427,0.806673809830071,0.868403855385413,
0.887386009517388),.UNSPECIFIED.);
#190=B_SPLINE_CURVE_WITH_KNOTS('',3,(#1382,#1383,#1384,#1385,#1386,#1387,
#1388,#1389),.UNSPECIFIED.,.F.,.F.,(4,1,1,1,1,4),(-2.1005016623132,-1.88589737984407,
-1.50694967841549,-0.749054275558351,-0.370106574129779,-4.0517519439163E-5),
 .UNSPECIFIED.);
#191=B_SPLINE_CURVE_WITH_KNOTS('',3,(#1391,#1392,#1393,#1394,#1395),
 .UNSPECIFIED.,.F.,.F.,(4,1,4),(-4.05175194391772E-5,0.00884112729879244,
0.043166337521162),.UNSPECIFIED.);
#192=B_SPLINE_CURVE_WITH_KNOTS('',3,(#1396,#1397,#1398,#1399,#1400,#1401,
#1402,#1403),.UNSPECIFIED.,.F.,.F.,(4,2,2,4),(0.,0.210772949456306,0.372503891536116,
0.373301834990072),.UNSPECIFIED.);
#193=B_SPLINE_CURVE_WITH_KNOTS('',3,(#1438,#1439,#1440,#1441,#1442,#1443),
 .UNSPECIFIED.,.F.,.F.,(4,1,1,4),(0.0459830084225362,0.582988114974381,
0.940991519342278,1.11778195648392),.UNSPECIFIED.);
#194=B_SPLINE_CURVE_WITH_KNOTS('',3,(#1444,#1445,#1446,#1447),
 .UNSPECIFIED.,.F.,.F.,(4,4),(1.11778195648392,1.11871239020137),
 .UNSPECIFIED.);
#195=B_SPLINE_CURVE_WITH_KNOTS('',3,(#1449,#1450,#1451,#1452,#1453),
 .UNSPECIFIED.,.F.,.F.,(4,1,4),(0.843464853922625,0.940991519342278,1.29899492371017),
 .UNSPECIFIED.);
#196=B_SPLINE_CURVE_WITH_KNOTS('',3,(#1454,#1455,#1456,#1457,#1458,#1459,
#1460),.UNSPECIFIED.,.F.,.F.,(4,3,4),(-0.843463086738201,-0.582988114973926,
-0.0459830084225364),.UNSPECIFIED.);
#197=B_SPLINE_CURVE_WITH_KNOTS('',3,(#1482,#1483,#1484,#1485,#1486,#1487,
#1488,#1489,#1490,#1491),.UNSPECIFIED.,.F.,.F.,(4,3,3,4),(0.,0.0180568604233013,
0.0374940074544097,0.0400694203167534),.UNSPECIFIED.);
#198=B_SPLINE_CURVE_WITH_KNOTS('',3,(#1494,#1495,#1496,#1497),
 .UNSPECIFIED.,.F.,.F.,(4,4),(1.35528773446874E-16,0.0459832051239918),
 .UNSPECIFIED.);
#199=B_SPLINE_CURVE_WITH_KNOTS('',3,(#1519,#1520,#1521,#1522,#1523,#1524,
#1525,#1526,#1527,#1528,#1529,#1530,#1531,#1532,#1533,#1534,#1535,#1536,
#1537),.UNSPECIFIED.,.F.,.F.,(4,3,3,3,3,3,4),(0.,0.0354977650049074,0.0723163473861092,
0.0906370692969764,0.130461439910183,0.172733049149025,0.194913199774174),
 .UNSPECIFIED.);
#200=B_SPLINE_CURVE_WITH_KNOTS('',3,(#1540,#1541,#1542,#1543),
 .UNSPECIFIED.,.F.,.F.,(4,4),(0.,0.213805235960848),.UNSPECIFIED.);
#201=B_SPLINE_CURVE_WITH_KNOTS('',3,(#1600,#1601,#1602,#1603,#1604,#1605,
#1606,#1607,#1608),.UNSPECIFIED.,.F.,.F.,(4,1,1,1,1,1,4),(0.000149256194628835,
0.462871293820577,0.694306940730866,0.925742587641155,1.0414604110963,1.09931932282387,
1.15717823455144),.UNSPECIFIED.);
#202=B_SPLINE_CURVE_WITH_KNOTS('',3,(#1610,#1611,#1612,#1613,#1614,#1615,
#1616,#1617,#1618,#1619,#1620,#1621,#1622,#1623,#1624,#1625,#1626,#1627),
 .UNSPECIFIED.,.F.,.F.,(4,2,2,2,2,2,2,2,4),(0.,0.0134964281802917,0.289941295996976,
0.422291172946955,0.507357411547967,0.594643927558493,0.732152924286239,
1.01715518639438,1.23795774777982),.UNSPECIFIED.);
#203=B_SPLINE_CURVE_WITH_KNOTS('',3,(#1628,#1629,#1630,#1631),
 .UNSPECIFIED.,.F.,.F.,(4,4),(0.422439217076136,0.590062508389517),
 .UNSPECIFIED.);
#204=B_SPLINE_CURVE_WITH_KNOTS('',3,(#1632,#1633,#1634,#1635),
 .UNSPECIFIED.,.F.,.F.,(4,4),(0.398281273376985,0.70882039178173),
 .UNSPECIFIED.);
#205=B_SPLINE_CURVE_WITH_KNOTS('',3,(#1641,#1642,#1643,#1644,#1645,#1646,
#1647),.UNSPECIFIED.,.F.,.F.,(4,3,4),(-0.843463086738201,-0.582988542036291,
-0.0459830084225364),.UNSPECIFIED.);
#206=B_SPLINE_CURVE_WITH_KNOTS('',3,(#1648,#1649,#1650,#1651,#1652),
 .UNSPECIFIED.,.F.,.F.,(4,1,4),(0.843465194004252,0.940992231112886,1.29899592018903),
 .UNSPECIFIED.);
#207=B_SPLINE_CURVE_WITH_KNOTS('',3,(#1657,#1658,#1659,#1660,#1661,#1662),
 .UNSPECIFIED.,.F.,.F.,(4,1,1,4),(-0.3877869622878,-0.00883996855700647,
0.370107025173787,1.01370370521774),.UNSPECIFIED.);
#208=B_SPLINE_CURVE_WITH_KNOTS('',3,(#1664,#1665,#1666,#1667),
 .UNSPECIFIED.,.F.,.F.,(4,4),(0.422425580001476,0.590056496918119),
 .UNSPECIFIED.);
#209=B_SPLINE_CURVE_WITH_KNOTS('',3,(#1717,#1718,#1719,#1720,#1721,#1722,
#1723,#1724,#1725,#1726,#1727,#1728),.UNSPECIFIED.,.F.,.F.,(4,2,2,2,2,4),
(0.,0.411178809829947,0.648680038251985,0.811648888282357,0.873197019488184,
0.888094408267149),.UNSPECIFIED.);
#210=B_SPLINE_CURVE_WITH_KNOTS('',3,(#1730,#1731,#1732,#1733,#1734,#1735,
#1736),.UNSPECIFIED.,.F.,.F.,(4,1,1,1,4),(-2.10097006142876,-1.88589500009696,
-1.12800101263537,-0.370107025173787,8.76432482301204E-5),.UNSPECIFIED.);
#211=B_SPLINE_CURVE_WITH_KNOTS('',3,(#1738,#1739,#1740,#1741,#1742),
 .UNSPECIFIED.,.F.,.F.,(4,1,4),(8.76432482302957E-5,0.00883996855700647,
0.0433146707404379),.UNSPECIFIED.);
#212=B_SPLINE_CURVE_WITH_KNOTS('',3,(#1743,#1744,#1745,#1746,#1747,#1748,
#1749,#1750),.UNSPECIFIED.,.F.,.F.,(4,2,2,4),(0.,0.210666274306494,0.372520752659382,
0.373318677526357),.UNSPECIFIED.);
#213=B_SPLINE_CURVE_WITH_KNOTS('',3,(#1785,#1786,#1787,#1788,#1789,#1790),
 .UNSPECIFIED.,.F.,.F.,(4,1,1,4),(0.0459830084225364,0.582988402876079,
0.940991999178441,1.11778195648392),.UNSPECIFIED.);
#214=B_SPLINE_CURVE_WITH_KNOTS('',3,(#1791,#1792,#1793,#1794),
 .UNSPECIFIED.,.F.,.F.,(4,4),(1.11778195648392,1.11871239020266),
 .UNSPECIFIED.);
#215=B_SPLINE_CURVE_WITH_KNOTS('',3,(#1796,#1797,#1798,#1799,#1800),
 .UNSPECIFIED.,.F.,.F.,(4,1,4),(0.843464807560471,0.940991999178441,1.2989955954808),
 .UNSPECIFIED.);
#216=B_SPLINE_CURVE_WITH_KNOTS('',3,(#1801,#1802,#1803,#1804,#1805,#1806,
#1807),.UNSPECIFIED.,.F.,.F.,(4,3,4),(-0.843463086738202,-0.582988402875623,
-0.0459830084225366),.UNSPECIFIED.);
#217=B_SPLINE_CURVE_WITH_KNOTS('',3,(#1829,#1830,#1831,#1832),
 .UNSPECIFIED.,.F.,.F.,(4,4),(0.,0.0399425054328095),.UNSPECIFIED.);
#218=B_SPLINE_CURVE_WITH_KNOTS('',3,(#1835,#1836,#1837,#1838),
 .UNSPECIFIED.,.F.,.F.,(4,4),(-1.19058951066064E-16,0.045983205123992),
 .UNSPECIFIED.);
#219=B_SPLINE_CURVE_WITH_KNOTS('',3,(#1860,#1861,#1862,#1863,#1864,#1865,
#1866,#1867,#1868,#1869,#1870,#1871,#1872,#1873,#1874,#1875,#1876,#1877,
#1878),.UNSPECIFIED.,.F.,.F.,(4,3,3,3,3,3,4),(0.,0.0355001673434047,0.0723173234706668,
0.0906370692968787,0.130422923005273,0.172686380497538,0.194913199773985),
 .UNSPECIFIED.);
#220=B_SPLINE_CURVE_WITH_KNOTS('',3,(#1881,#1882,#1883,#1884),
 .UNSPECIFIED.,.F.,.F.,(4,4),(0.,0.213805235960848),.UNSPECIFIED.);
#221=B_SPLINE_CURVE_WITH_KNOTS('',3,(#1946,#1947,#1948,#1949,#1950,#1951,
#1952,#1953,#1954,#1955),.UNSPECIFIED.,.F.,.F.,(4,1,1,1,1,1,1,4),(0.00014256219293165,
0.347153470365433,0.694306940730866,0.925742587641155,1.0414604110963,1.09931932282387,
1.11378405075576,1.15717823455144),.UNSPECIFIED.);
#222=B_SPLINE_CURVE_WITH_KNOTS('',3,(#1956,#1957,#1958,#1959,#1960,#1961,
#1962,#1963,#1964,#1965,#1966,#1967,#1968,#1969,#1970,#1971,#1972,#1973,
#1974,#1975),.UNSPECIFIED.,.F.,.F.,(4,2,2,2,2,2,2,2,2,4),(0.,0.0137582848831986,
0.306592082971691,0.422250997383702,0.490745943724267,0.555027009031366,
0.64598388065691,0.830680814552217,1.0502698069238,1.20328510593718),
 .UNSPECIFIED.);
#223=B_SPLINE_CURVE_WITH_KNOTS('',3,(#1976,#1977,#1978,#1979,#1980,#1981),
 .UNSPECIFIED.,.F.,.F.,(4,2,4),(0.351123540634622,0.36528285612937,0.558791007721677),
 .UNSPECIFIED.);
#224=B_SPLINE_CURVE_WITH_KNOTS('',3,(#1986,#1987,#1988,#1989,#1990,#1991),
 .UNSPECIFIED.,.F.,.F.,(4,1,1,4),(-0.387783404566967,-0.00883749523458199,
0.749054323430189,1.01334438788415),.UNSPECIFIED.);
#225=B_SPLINE_CURVE_WITH_KNOTS('',3,(#1993,#1994,#1995,#1996),
 .UNSPECIFIED.,.F.,.F.,(4,4),(0.422425739648101,0.590059973073906),
 .UNSPECIFIED.);
#226=B_SPLINE_CURVE_WITH_KNOTS('',3,(#2046,#2047,#2048,#2049,#2050,#2051,
#2052,#2053,#2054,#2055,#2056,#2057),.UNSPECIFIED.,.F.,.F.,(4,2,2,2,2,4),
(0.,0.372666338027029,0.61564927095952,0.806995860880638,0.868740657243632,
0.887463639436847),.UNSPECIFIED.);
#227=B_SPLINE_CURVE_WITH_KNOTS('',3,(#2059,#2060,#2061,#2062,#2063,#2064,
#2065),.UNSPECIFIED.,.F.,.F.,(4,1,1,1,4),(-2.1005137246933,-1.88589205142734,
-1.50694614209496,-0.749054323430189,-5.99667066310152E-5),
 .UNSPECIFIED.);
#228=B_SPLINE_CURVE_WITH_KNOTS('',3,(#2067,#2068,#2069,#2070,#2071),
 .UNSPECIFIED.,.F.,.F.,(4,1,4),(-5.99667066311501E-5,0.00883749523458199,
0.043140645359774),.UNSPECIFIED.);
#229=B_SPLINE_CURVE_WITH_KNOTS('',3,(#2072,#2073,#2074,#2075,#2076,#2077,
#2078,#2079),.UNSPECIFIED.,.F.,.F.,(4,2,2,4),(0.,0.210764292193125,0.372505258924188,
0.373303200904495),.UNSPECIFIED.);
#230=B_SPLINE_CURVE_WITH_KNOTS('',3,(#2113,#2114,#2115,#2116,#2117,#2118),
 .UNSPECIFIED.,.F.,.F.,(4,1,1,4),(0.0459830084225364,0.582988542036746,
0.940992231112886,1.11778195648392),.UNSPECIFIED.);
#231=B_SPLINE_CURVE_WITH_KNOTS('',3,(#2119,#2120,#2121,#2122),
 .UNSPECIFIED.,.F.,.F.,(4,4),(1.11778195648392,1.11871239020179),
 .UNSPECIFIED.);
#232=B_SPLINE_CURVE_WITH_KNOTS('',3,(#2144,#2145,#2146,#2147),
 .UNSPECIFIED.,.F.,.F.,(4,4),(0.,0.0400384344863202),.UNSPECIFIED.);
#233=B_SPLINE_CURVE_WITH_KNOTS('',3,(#2150,#2151,#2152,#2153),
 .UNSPECIFIED.,.F.,.F.,(4,4),(2.19626546088973E-16,0.0459832051239921),
 .UNSPECIFIED.);
#234=B_SPLINE_CURVE_WITH_KNOTS('',3,(#2175,#2176,#2177,#2178,#2179,#2180,
#2181,#2182,#2183,#2184,#2185,#2186,#2187,#2188,#2189,#2190,#2191,#2192,
#2193),.UNSPECIFIED.,.F.,.F.,(4,3,3,3,3,3,4),(0.,0.0339972010750245,0.0696712337458231,
0.0906370692969298,0.131182705850145,0.172783949749666,0.194913199774087),
 .UNSPECIFIED.);
#235=B_SPLINE_CURVE_WITH_KNOTS('',3,(#2196,#2197,#2198,#2199),
 .UNSPECIFIED.,.F.,.F.,(4,4),(0.,0.213805235960848),.UNSPECIFIED.);
#236=B_SPLINE_CURVE_WITH_KNOTS('',3,(#2261,#2262,#2263,#2264,#2265,#2266,
#2267,#2268,#2269,#2270),.UNSPECIFIED.,.F.,.F.,(4,1,1,1,1,1,1,4),(0.000143716190476497,
0.347153470365433,0.694306940730866,0.925742587641155,1.0414604110963,1.09931932282387,
1.11378405075576,1.15717823455144),.UNSPECIFIED.);
#237=B_SPLINE_CURVE_WITH_KNOTS('',3,(#2271,#2272,#2273,#2274,#2275,#2276,
#2277,#2278,#2279,#2280,#2281,#2282,#2283,#2284,#2285,#2286,#2287,#2288),
 .UNSPECIFIED.,.F.,.F.,(4,2,2,2,2,2,2,2,4),(0.,0.0135050243990623,0.290669096864724,
0.422170935724861,0.506339361329162,0.592278355575381,0.72701508231212,
1.00767636490609,1.2368541315659),.UNSPECIFIED.);
#238=B_SPLINE_CURVE_WITH_KNOTS('',3,(#2289,#2290,#2291,#2292),
 .UNSPECIFIED.,.F.,.F.,(4,4),(0.398255477726686,0.708809568238929),
 .UNSPECIFIED.);
#239=B_SPLINE_CURVE_WITH_KNOTS('',3,(#2339,#2340,#2341,#2342,#2343,#2344,
#2345,#2346,#2347,#2348,#2349,#2350,#2351,#2352,#2353,#2354,#2355,#2356),
 .UNSPECIFIED.,.F.,.F.,(4,2,2,2,2,2,2,2,4),(-1.01916072000668,-0.86575122355941,
-0.692051348857901,-0.462142574599092,-0.263612711386345,-0.153912949828639,
-0.0724997258705413,-0.0308205813167587,-0.00112134116296896),
 .UNSPECIFIED.);
#240=B_SPLINE_CURVE_WITH_KNOTS('',3,(#2357,#2358,#2359,#2360,#2361,#2362,
#2363,#2364),.UNSPECIFIED.,.F.,.F.,(4,2,2,4),(0.0449065853638732,0.289989186655979,
0.507839344049697,0.937140146568576),.UNSPECIFIED.);
#241=B_SPLINE_CURVE_WITH_KNOTS('',3,(#2368,#2369,#2370,#2371,#2372,#2373,
#2374,#2375,#2376,#2377,#2378,#2379,#2380,#2381,#2382,#2383,#2384,#2385),
 .UNSPECIFIED.,.F.,.F.,(4,2,2,2,2,2,2,2,4),(-1.40623865051258,-1.22944067896323,
-1.03446648586529,-0.810090512870271,-0.617747659323789,-0.498706279035946,
-0.438511079982371,-0.403661686364729,-0.387907346463933),.UNSPECIFIED.);
#242=B_SPLINE_CURVE_WITH_KNOTS('',3,(#2389,#2390,#2391,#2392,#2393,#2394,
#2395,#2396,#2397,#2398),.UNSPECIFIED.,.F.,.F.,(4,2,2,2,4),(-0.487612133977708,
-0.438373941568687,-0.35265368292779,-0.283262103815814,-0.170739923987998),
 .UNSPECIFIED.);
#243=B_SPLINE_CURVE_WITH_KNOTS('',3,(#2400,#2401,#2402,#2403,#2404,#2405,
#2406,#2407,#2408,#2409,#2410,#2411,#2412,#2413,#2414,#2415,#2416,#2417,
#2418),.UNSPECIFIED.,.F.,.F.,(4,3,3,3,3,3,4),(-0.176737643691089,-0.141864640546753,
-0.10797005716994,-0.0821833619948608,-0.0498634944599761,-0.018559592768634,
0.),.UNSPECIFIED.);
#244=B_SPLINE_CURVE_WITH_KNOTS('',3,(#2419,#2420,#2421,#2422,#2423,#2424,
#2425,#2426,#2427,#2428,#2429,#2430,#2431,#2432,#2433,#2434,#2435,#2436,
#2437,#2438,#2439,#2440),.UNSPECIFIED.,.F.,.F.,(4,2,2,2,2,2,2,2,2,2,4),
(-0.364309418830792,-0.361648783666767,-0.358330374277044,-0.350068629541336,
-0.270198510607716,-0.238892646221582,-0.212026717679938,-0.176622705537808,
-0.156542087682591,-0.0593569454170532,0.),.UNSPECIFIED.);
#245=B_SPLINE_CURVE_WITH_KNOTS('',3,(#2444,#2445,#2446,#2447,#2448,#2449,
#2450,#2451,#2452,#2453,#2454,#2455,#2456,#2457,#2458,#2459,#2460,#2461),
 .UNSPECIFIED.,.F.,.F.,(4,2,2,2,2,2,2,2,4),(-1.378434132901,-1.20746514527472,
-1.0202353186819,-0.794154856019917,-0.599889666402648,-0.4752807092759,
-0.41272757040407,-0.377349585580885,-0.360186141360755),.UNSPECIFIED.);
#246=B_SPLINE_CURVE_WITH_KNOTS('',3,(#2465,#2466,#2467,#2468,#2469,#2470,
#2471,#2472),.UNSPECIFIED.,.F.,.F.,(4,2,2,4),(-0.630306465961004,-0.584339289742754,
-0.504479786124289,-0.313459531367701),.UNSPECIFIED.);
#247=B_SPLINE_CURVE_WITH_KNOTS('',3,(#2474,#2475,#2476,#2477,#2478,#2479,
#2480,#2481,#2482,#2483,#2484,#2485,#2486,#2487,#2488,#2489,#2490,#2491,
#2492),.UNSPECIFIED.,.F.,.F.,(4,3,3,3,3,3,4),(-0.176737643690923,-0.141864640546765,
-0.107970057169814,-0.0821833619948217,-0.0498634944605108,-0.0185595927696922,
0.),.UNSPECIFIED.);
#248=B_SPLINE_CURVE_WITH_KNOTS('',3,(#2493,#2494,#2495,#2496,#2497,#2498,
#2499,#2500,#2501,#2502,#2503,#2504,#2505,#2506,#2507,#2508,#2509,#2510,
#2511,#2512,#2513,#2514),.UNSPECIFIED.,.F.,.F.,(4,2,2,2,2,2,2,2,2,2,4),
(-0.364309418824784,-0.361648783661857,-0.358330374272827,-0.350068629537107,
-0.270198510605192,-0.238892646219739,-0.212026717678589,-0.176622705536917,
-0.156542087681868,-0.0593569454168603,0.),.UNSPECIFIED.);
#249=B_SPLINE_CURVE_WITH_KNOTS('',3,(#2556,#2557,#2558,#2559,#2560,#2561,
#2562,#2563),.UNSPECIFIED.,.F.,.F.,(4,2,2,4),(0.0449065853638732,0.289989186655979,
0.507839344049697,0.937140146572438),.UNSPECIFIED.);
#250=B_SPLINE_CURVE_WITH_KNOTS('',3,(#2612,#2613,#2614,#2615,#2616,#2617,
#2618,#2619),.UNSPECIFIED.,.F.,.F.,(4,2,2,4),(0.0698202596019169,0.289989186655979,
0.507839344049697,0.983479272203898),.UNSPECIFIED.);
#251=B_SPLINE_CURVE_WITH_KNOTS('',3,(#2661,#2662,#2663,#2664,#2665,#2666,
#2667,#2668),.UNSPECIFIED.,.F.,.F.,(4,2,2,4),(0.0449065853638732,0.289989186655979,
0.507839344049697,0.937140146572438),.UNSPECIFIED.);
#252=B_SPLINE_CURVE_WITH_KNOTS('',3,(#2717,#2718,#2719,#2720,#2721,#2722,
#2723,#2724),.UNSPECIFIED.,.F.,.F.,(4,2,2,4),(0.0698202596019169,0.289989186655979,
0.507839344049697,0.983479272203898),.UNSPECIFIED.);
#253=B_SPLINE_CURVE_WITH_KNOTS('',3,(#2757,#2758,#2759,#2760,#2761,#2762,
#2763,#2764),.UNSPECIFIED.,.F.,.F.,(4,2,2,4),(0.0651821432087417,0.289989186655979,
0.507839344049697,0.99314214261362),.UNSPECIFIED.);
#254=B_SPLINE_CURVE_WITH_KNOTS('',3,(#2863,#2864,#2865,#2866,#2867,#2868,
#2869,#2870),.UNSPECIFIED.,.F.,.F.,(4,2,2,4),(0.0651821432087417,0.289989186655979,
0.507839344049697,0.99314214261362),.UNSPECIFIED.);
#255=B_SPLINE_CURVE_WITH_KNOTS('',3,(#2941,#2942,#2943,#2944,#2945,#2946,
#2947,#2948),.UNSPECIFIED.,.F.,.F.,(4,2,2,4),(-0.324929381214558,-0.280575656471644,
-0.203622574489634,-0.00803475910295728),.UNSPECIFIED.);
#256=B_SPLINE_CURVE_WITH_KNOTS('',3,(#2950,#2951,#2952,#2953,#2954,#2955,
#2956,#2957,#2958,#2959,#2960,#2961,#2962,#2963,#2964,#2965,#2966,#2967,
#2968),.UNSPECIFIED.,.F.,.F.,(4,3,3,3,3,3,4),(-0.176737643690797,-0.141864640546747,
-0.107970057170042,-0.0821833619948041,-0.0498634944602907,-0.0185595927698323,
0.),.UNSPECIFIED.);
#257=B_SPLINE_CURVE_WITH_KNOTS('',3,(#2969,#2970,#2971,#2972,#2973,#2974,
#2975,#2976,#2977,#2978,#2979,#2980,#2981,#2982,#2983,#2984,#2985,#2986,
#2987,#2988,#2989,#2990,#2991,#2992,#2993,#2994),.UNSPECIFIED.,.F.,.F.,
(4,2,2,2,2,2,2,2,2,2,2,2,4),(-0.364687922501284,-0.363826713161869,-0.362091364824482,
-0.3585795786606,-0.35056552918866,-0.285916439646951,-0.251376701822685,
-0.222953571023122,-0.186163601171664,-0.153473843512864,-0.131442858677986,
-0.0593569454169089,0.),.UNSPECIFIED.);
#258=B_SPLINE_CURVE_WITH_KNOTS('',3,(#3043,#3044,#3045,#3046,#3047,#3048,
#3049,#3050),.UNSPECIFIED.,.F.,.F.,(4,2,2,4),(0.0698202596019169,0.289989186655979,
0.507839344049697,0.983479272205804),.UNSPECIFIED.);
#259=B_SPLINE_CURVE_WITH_KNOTS('',3,(#3083,#3084,#3085,#3086,#3087,#3088,
#3089,#3090),.UNSPECIFIED.,.F.,.F.,(4,2,2,4),(0.0651821432087417,0.289989186655979,
0.507839344049697,0.993142142613629),.UNSPECIFIED.);
#260=VERTEX_POINT('',#959);
#261=VERTEX_POINT('',#960);
#262=VERTEX_POINT('',#965);
#263=VERTEX_POINT('',#970);
#264=VERTEX_POINT('',#975);
#265=VERTEX_POINT('',#1020);
#266=VERTEX_POINT('',#1029);
#267=VERTEX_POINT('',#1031);
#268=VERTEX_POINT('',#1040);
#269=VERTEX_POINT('',#1080);
#270=VERTEX_POINT('',#1081);
#271=VERTEX_POINT('',#1086);
#272=VERTEX_POINT('',#1091);
#273=VERTEX_POINT('',#1096);
#274=VERTEX_POINT('',#1141);
#275=VERTEX_POINT('',#1150);
#276=VERTEX_POINT('',#1152);
#277=VERTEX_POINT('',#1161);
#278=VERTEX_POINT('',#1201);
#279=VERTEX_POINT('',#1202);
#280=VERTEX_POINT('',#1207);
#281=VERTEX_POINT('',#1212);
#282=VERTEX_POINT('',#1217);
#283=VERTEX_POINT('',#1262);
#284=VERTEX_POINT('',#1271);
#285=VERTEX_POINT('',#1273);
#286=VERTEX_POINT('',#1282);
#287=VERTEX_POINT('',#1360);
#288=VERTEX_POINT('',#1361);
#289=VERTEX_POINT('',#1381);
#290=VERTEX_POINT('',#1390);
#291=VERTEX_POINT('',#1434);
#292=VERTEX_POINT('',#1435);
#293=VERTEX_POINT('',#1437);
#294=VERTEX_POINT('',#1448);
#295=VERTEX_POINT('',#1481);
#296=VERTEX_POINT('',#1492);
#297=VERTEX_POINT('',#1518);
#298=VERTEX_POINT('',#1538);
#299=VERTEX_POINT('',#1599);
#300=VERTEX_POINT('',#1609);
#301=VERTEX_POINT('',#1638);
#302=VERTEX_POINT('',#1640);
#303=VERTEX_POINT('',#1654);
#304=VERTEX_POINT('',#1656);
#305=VERTEX_POINT('',#1663);
#306=VERTEX_POINT('',#1729);
#307=VERTEX_POINT('',#1737);
#308=VERTEX_POINT('',#1781);
#309=VERTEX_POINT('',#1782);
#310=VERTEX_POINT('',#1784);
#311=VERTEX_POINT('',#1795);
#312=VERTEX_POINT('',#1828);
#313=VERTEX_POINT('',#1833);
#314=VERTEX_POINT('',#1859);
#315=VERTEX_POINT('',#1879);
#316=VERTEX_POINT('',#1945);
#317=VERTEX_POINT('',#1983);
#318=VERTEX_POINT('',#1985);
#319=VERTEX_POINT('',#1992);
#320=VERTEX_POINT('',#2058);
#321=VERTEX_POINT('',#2066);
#322=VERTEX_POINT('',#2110);
#323=VERTEX_POINT('',#2112);
#324=VERTEX_POINT('',#2143);
#325=VERTEX_POINT('',#2148);
#326=VERTEX_POINT('',#2174);
#327=VERTEX_POINT('',#2194);
#328=VERTEX_POINT('',#2260);
#329=VERTEX_POINT('',#2294);
#330=VERTEX_POINT('',#2336);
#331=VERTEX_POINT('',#2338);
#332=VERTEX_POINT('',#2366);
#333=VERTEX_POINT('',#2367);
#334=VERTEX_POINT('',#2386);
#335=VERTEX_POINT('',#2388);
#336=VERTEX_POINT('',#2399);
#337=VERTEX_POINT('',#2442);
#338=VERTEX_POINT('',#2443);
#339=VERTEX_POINT('',#2462);
#340=VERTEX_POINT('',#2464);
#341=VERTEX_POINT('',#2473);
#342=VERTEX_POINT('',#2938);
#343=VERTEX_POINT('',#2940);
#344=VERTEX_POINT('',#2949);
#345=VERTEX_POINT('',#3158);
#346=EDGE_CURVE('',#260,#261,#161,.F.);
#347=EDGE_CURVE('',#260,#262,#162,.T.);
#348=EDGE_CURVE('',#262,#263,#163,.T.);
#349=EDGE_CURVE('',#263,#264,#164,.T.);
#350=EDGE_CURVE('',#264,#261,#165,.T.);
#351=EDGE_CURVE('',#260,#265,#166,.T.);
#352=EDGE_CURVE('',#265,#266,#49,.T.);
#353=EDGE_CURVE('',#267,#266,#167,.T.);
#354=EDGE_CURVE('',#267,#268,#168,.F.);
#355=EDGE_CURVE('',#268,#262,#169,.T.);
#356=EDGE_CURVE('',#269,#270,#170,.F.);
#357=EDGE_CURVE('',#269,#271,#171,.T.);
#358=EDGE_CURVE('',#271,#272,#172,.T.);
#359=EDGE_CURVE('',#272,#273,#173,.T.);
#360=EDGE_CURVE('',#273,#270,#174,.T.);
#361=EDGE_CURVE('',#269,#274,#175,.T.);
#362=EDGE_CURVE('',#274,#275,#50,.T.);
#363=EDGE_CURVE('',#276,#275,#176,.T.);
#364=EDGE_CURVE('',#276,#277,#177,.F.);
#365=EDGE_CURVE('',#277,#271,#178,.T.);
#366=EDGE_CURVE('',#278,#279,#179,.F.);
#367=EDGE_CURVE('',#278,#280,#180,.T.);
#368=EDGE_CURVE('',#280,#281,#181,.T.);
#369=EDGE_CURVE('',#281,#282,#182,.T.);
#370=EDGE_CURVE('',#282,#279,#183,.T.);
#371=EDGE_CURVE('',#278,#283,#184,.T.);
#372=EDGE_CURVE('',#283,#284,#51,.T.);
#373=EDGE_CURVE('',#285,#284,#185,.T.);
#374=EDGE_CURVE('',#285,#286,#186,.F.);
#375=EDGE_CURVE('',#286,#280,#187,.T.);
#376=EDGE_CURVE('',#287,#288,#188,.T.);
#377=EDGE_CURVE('',#288,#277,#189,.T.);
#378=EDGE_CURVE('',#276,#289,#190,.T.);
#379=EDGE_CURVE('',#289,#290,#191,.T.);
#380=EDGE_CURVE('',#290,#287,#192,.T.);
#381=EDGE_CURVE('',#291,#292,#29,.T.);
#382=EDGE_CURVE('',#292,#293,#193,.T.);
#383=EDGE_CURVE('',#270,#293,#194,.F.);
#384=EDGE_CURVE('',#294,#273,#195,.T.);
#385=EDGE_CURVE('',#294,#291,#196,.T.);
#386=EDGE_CURVE('',#291,#295,#197,.T.);
#387=EDGE_CURVE('',#295,#296,#30,.T.);
#388=EDGE_CURVE('',#296,#292,#198,.T.);
#389=EDGE_CURVE('',#295,#297,#199,.T.);
#390=EDGE_CURVE('',#297,#298,#31,.T.);
#391=EDGE_CURVE('',#298,#296,#200,.T.);
#392=EDGE_CURVE('',#299,#298,#201,.T.);
#393=EDGE_CURVE('',#297,#300,#202,.T.);
#394=EDGE_CURVE('',#300,#287,#203,.T.);
#395=EDGE_CURVE('',#290,#299,#204,.T.);
#396=EDGE_CURVE('',#288,#281,#32,.T.);
#397=EDGE_CURVE('',#301,#300,#33,.T.);
#398=EDGE_CURVE('',#302,#301,#205,.T.);
#399=EDGE_CURVE('',#302,#282,#206,.T.);
#400=EDGE_CURVE('',#303,#272,#34,.T.);
#401=EDGE_CURVE('',#304,#303,#207,.T.);
#402=EDGE_CURVE('',#305,#304,#208,.T.);
#403=EDGE_CURVE('',#291,#305,#35,.T.);
#404=EDGE_CURVE('',#303,#268,#209,.T.);
#405=EDGE_CURVE('',#267,#306,#210,.T.);
#406=EDGE_CURVE('',#306,#307,#211,.T.);
#407=EDGE_CURVE('',#307,#304,#212,.T.);
#408=EDGE_CURVE('',#308,#309,#36,.T.);
#409=EDGE_CURVE('',#309,#310,#213,.T.);
#410=EDGE_CURVE('',#261,#310,#214,.F.);
#411=EDGE_CURVE('',#311,#264,#215,.T.);
#412=EDGE_CURVE('',#311,#308,#216,.T.);
#413=EDGE_CURVE('',#308,#312,#217,.T.);
#414=EDGE_CURVE('',#312,#313,#37,.T.);
#415=EDGE_CURVE('',#313,#309,#218,.T.);
#416=EDGE_CURVE('',#312,#314,#219,.T.);
#417=EDGE_CURVE('',#314,#315,#38,.T.);
#418=EDGE_CURVE('',#315,#313,#220,.T.);
#419=EDGE_CURVE('',#316,#315,#221,.T.);
#420=EDGE_CURVE('',#314,#305,#222,.T.);
#421=EDGE_CURVE('',#307,#316,#223,.T.);
#422=EDGE_CURVE('',#317,#263,#39,.T.);
#423=EDGE_CURVE('',#318,#317,#224,.T.);
#424=EDGE_CURVE('',#319,#318,#225,.T.);
#425=EDGE_CURVE('',#308,#319,#40,.T.);
#426=EDGE_CURVE('',#317,#286,#226,.T.);
#427=EDGE_CURVE('',#285,#320,#227,.T.);
#428=EDGE_CURVE('',#320,#321,#228,.T.);
#429=EDGE_CURVE('',#321,#318,#229,.T.);
#430=EDGE_CURVE('',#301,#322,#41,.T.);
#431=EDGE_CURVE('',#322,#323,#230,.T.);
#432=EDGE_CURVE('',#279,#323,#231,.F.);
#433=EDGE_CURVE('',#301,#324,#232,.T.);
#434=EDGE_CURVE('',#324,#325,#42,.T.);
#435=EDGE_CURVE('',#325,#322,#233,.T.);
#436=EDGE_CURVE('',#324,#326,#234,.T.);
#437=EDGE_CURVE('',#326,#327,#43,.T.);
#438=EDGE_CURVE('',#327,#325,#235,.T.);
#439=EDGE_CURVE('',#328,#327,#236,.T.);
#440=EDGE_CURVE('',#326,#319,#237,.T.);
#441=EDGE_CURVE('',#321,#328,#238,.T.);
#442=EDGE_CURVE('',#329,#329,#44,.T.);
#443=EDGE_CURVE('',#266,#330,#45,.T.);
#444=EDGE_CURVE('',#330,#331,#239,.T.);
#445=EDGE_CURVE('',#316,#331,#240,.T.);
#446=EDGE_CURVE('',#332,#333,#241,.T.);
#447=EDGE_CURVE('',#332,#334,#52,.T.);
#448=EDGE_CURVE('',#335,#334,#242,.T.);
#449=EDGE_CURVE('',#336,#335,#243,.T.);
#450=EDGE_CURVE('',#333,#336,#244,.T.);
#451=EDGE_CURVE('',#337,#338,#245,.T.);
#452=EDGE_CURVE('',#337,#339,#53,.T.);
#453=EDGE_CURVE('',#340,#339,#246,.T.);
#454=EDGE_CURVE('',#341,#340,#247,.T.);
#455=EDGE_CURVE('',#338,#341,#248,.T.);
#456=EDGE_CURVE('',#275,#332,#46,.T.);
#457=EDGE_CURVE('',#299,#333,#249,.T.);
#458=EDGE_CURVE('',#298,#336,#250,.T.);
#459=EDGE_CURVE('',#284,#337,#47,.T.);
#460=EDGE_CURVE('',#328,#338,#251,.T.);
#461=EDGE_CURVE('',#327,#341,#252,.T.);
#462=EDGE_CURVE('',#296,#335,#253,.T.);
#463=EDGE_CURVE('',#334,#274,#54,.T.);
#464=EDGE_CURVE('',#325,#340,#254,.T.);
#465=EDGE_CURVE('',#339,#283,#55,.T.);
#466=EDGE_CURVE('',#342,#330,#56,.T.);
#467=EDGE_CURVE('',#343,#342,#255,.T.);
#468=EDGE_CURVE('',#344,#343,#256,.T.);
#469=EDGE_CURVE('',#331,#344,#257,.T.);
#470=EDGE_CURVE('',#315,#344,#258,.T.);
#471=EDGE_CURVE('',#313,#343,#259,.T.);
#472=EDGE_CURVE('',#342,#265,#57,.T.);
#473=EDGE_CURVE('',#345,#345,#48,.T.);
#474=EDGE_CURVE('',#345,#329,#58,.T.);
#475=ORIENTED_EDGE('',*,*,#346,.F.);
#476=ORIENTED_EDGE('',*,*,#347,.T.);
#477=ORIENTED_EDGE('',*,*,#348,.T.);
#478=ORIENTED_EDGE('',*,*,#349,.T.);
#479=ORIENTED_EDGE('',*,*,#350,.T.);
#480=ORIENTED_EDGE('',*,*,#347,.F.);
#481=ORIENTED_EDGE('',*,*,#351,.T.);
#482=ORIENTED_EDGE('',*,*,#352,.T.);
#483=ORIENTED_EDGE('',*,*,#353,.F.);
#484=ORIENTED_EDGE('',*,*,#354,.T.);
#485=ORIENTED_EDGE('',*,*,#355,.T.);
#486=ORIENTED_EDGE('',*,*,#356,.F.);
#487=ORIENTED_EDGE('',*,*,#357,.T.);
#488=ORIENTED_EDGE('',*,*,#358,.T.);
#489=ORIENTED_EDGE('',*,*,#359,.T.);
#490=ORIENTED_EDGE('',*,*,#360,.T.);
#491=ORIENTED_EDGE('',*,*,#357,.F.);
#492=ORIENTED_EDGE('',*,*,#361,.T.);
#493=ORIENTED_EDGE('',*,*,#362,.T.);
#494=ORIENTED_EDGE('',*,*,#363,.F.);
#495=ORIENTED_EDGE('',*,*,#364,.T.);
#496=ORIENTED_EDGE('',*,*,#365,.T.);
#497=ORIENTED_EDGE('',*,*,#366,.F.);
#498=ORIENTED_EDGE('',*,*,#367,.T.);
#499=ORIENTED_EDGE('',*,*,#368,.T.);
#500=ORIENTED_EDGE('',*,*,#369,.T.);
#501=ORIENTED_EDGE('',*,*,#370,.T.);
#502=ORIENTED_EDGE('',*,*,#367,.F.);
#503=ORIENTED_EDGE('',*,*,#371,.T.);
#504=ORIENTED_EDGE('',*,*,#372,.T.);
#505=ORIENTED_EDGE('',*,*,#373,.F.);
#506=ORIENTED_EDGE('',*,*,#374,.T.);
#507=ORIENTED_EDGE('',*,*,#375,.T.);
#508=ORIENTED_EDGE('',*,*,#376,.T.);
#509=ORIENTED_EDGE('',*,*,#377,.T.);
#510=ORIENTED_EDGE('',*,*,#364,.F.);
#511=ORIENTED_EDGE('',*,*,#378,.T.);
#512=ORIENTED_EDGE('',*,*,#379,.T.);
#513=ORIENTED_EDGE('',*,*,#380,.T.);
#514=ORIENTED_EDGE('',*,*,#381,.T.);
#515=ORIENTED_EDGE('',*,*,#382,.T.);
#516=ORIENTED_EDGE('',*,*,#383,.F.);
#517=ORIENTED_EDGE('',*,*,#360,.F.);
#518=ORIENTED_EDGE('',*,*,#384,.F.);
#519=ORIENTED_EDGE('',*,*,#385,.T.);
#520=ORIENTED_EDGE('',*,*,#386,.T.);
#521=ORIENTED_EDGE('',*,*,#387,.T.);
#522=ORIENTED_EDGE('',*,*,#388,.T.);
#523=ORIENTED_EDGE('',*,*,#381,.F.);
#524=ORIENTED_EDGE('',*,*,#389,.T.);
#525=ORIENTED_EDGE('',*,*,#390,.T.);
#526=ORIENTED_EDGE('',*,*,#391,.T.);
#527=ORIENTED_EDGE('',*,*,#387,.F.);
#528=ORIENTED_EDGE('',*,*,#392,.T.);
#529=ORIENTED_EDGE('',*,*,#390,.F.);
#530=ORIENTED_EDGE('',*,*,#393,.T.);
#531=ORIENTED_EDGE('',*,*,#394,.T.);
#532=ORIENTED_EDGE('',*,*,#380,.F.);
#533=ORIENTED_EDGE('',*,*,#395,.T.);
#534=ORIENTED_EDGE('',*,*,#369,.F.);
#535=ORIENTED_EDGE('',*,*,#396,.F.);
#536=ORIENTED_EDGE('',*,*,#376,.F.);
#537=ORIENTED_EDGE('',*,*,#394,.F.);
#538=ORIENTED_EDGE('',*,*,#397,.F.);
#539=ORIENTED_EDGE('',*,*,#398,.F.);
#540=ORIENTED_EDGE('',*,*,#399,.T.);
#541=ORIENTED_EDGE('',*,*,#359,.F.);
#542=ORIENTED_EDGE('',*,*,#400,.F.);
#543=ORIENTED_EDGE('',*,*,#401,.F.);
#544=ORIENTED_EDGE('',*,*,#402,.F.);
#545=ORIENTED_EDGE('',*,*,#403,.F.);
#546=ORIENTED_EDGE('',*,*,#385,.F.);
#547=ORIENTED_EDGE('',*,*,#384,.T.);
#548=ORIENTED_EDGE('',*,*,#401,.T.);
#549=ORIENTED_EDGE('',*,*,#404,.T.);
#550=ORIENTED_EDGE('',*,*,#354,.F.);
#551=ORIENTED_EDGE('',*,*,#405,.T.);
#552=ORIENTED_EDGE('',*,*,#406,.T.);
#553=ORIENTED_EDGE('',*,*,#407,.T.);
#554=ORIENTED_EDGE('',*,*,#408,.T.);
#555=ORIENTED_EDGE('',*,*,#409,.T.);
#556=ORIENTED_EDGE('',*,*,#410,.F.);
#557=ORIENTED_EDGE('',*,*,#350,.F.);
#558=ORIENTED_EDGE('',*,*,#411,.F.);
#559=ORIENTED_EDGE('',*,*,#412,.T.);
#560=ORIENTED_EDGE('',*,*,#413,.T.);
#561=ORIENTED_EDGE('',*,*,#414,.T.);
#562=ORIENTED_EDGE('',*,*,#415,.T.);
#563=ORIENTED_EDGE('',*,*,#408,.F.);
#564=ORIENTED_EDGE('',*,*,#416,.T.);
#565=ORIENTED_EDGE('',*,*,#417,.T.);
#566=ORIENTED_EDGE('',*,*,#418,.T.);
#567=ORIENTED_EDGE('',*,*,#414,.F.);
#568=ORIENTED_EDGE('',*,*,#419,.T.);
#569=ORIENTED_EDGE('',*,*,#417,.F.);
#570=ORIENTED_EDGE('',*,*,#420,.T.);
#571=ORIENTED_EDGE('',*,*,#402,.T.);
#572=ORIENTED_EDGE('',*,*,#407,.F.);
#573=ORIENTED_EDGE('',*,*,#421,.T.);
#574=ORIENTED_EDGE('',*,*,#349,.F.);
#575=ORIENTED_EDGE('',*,*,#422,.F.);
#576=ORIENTED_EDGE('',*,*,#423,.F.);
#577=ORIENTED_EDGE('',*,*,#424,.F.);
#578=ORIENTED_EDGE('',*,*,#425,.F.);
#579=ORIENTED_EDGE('',*,*,#412,.F.);
#580=ORIENTED_EDGE('',*,*,#411,.T.);
#581=ORIENTED_EDGE('',*,*,#423,.T.);
#582=ORIENTED_EDGE('',*,*,#426,.T.);
#583=ORIENTED_EDGE('',*,*,#374,.F.);
#584=ORIENTED_EDGE('',*,*,#427,.T.);
#585=ORIENTED_EDGE('',*,*,#428,.T.);
#586=ORIENTED_EDGE('',*,*,#429,.T.);
#587=ORIENTED_EDGE('',*,*,#430,.T.);
#588=ORIENTED_EDGE('',*,*,#431,.T.);
#589=ORIENTED_EDGE('',*,*,#432,.F.);
#590=ORIENTED_EDGE('',*,*,#370,.F.);
#591=ORIENTED_EDGE('',*,*,#399,.F.);
#592=ORIENTED_EDGE('',*,*,#398,.T.);
#593=ORIENTED_EDGE('',*,*,#433,.T.);
#594=ORIENTED_EDGE('',*,*,#434,.T.);
#595=ORIENTED_EDGE('',*,*,#435,.T.);
#596=ORIENTED_EDGE('',*,*,#430,.F.);
#597=ORIENTED_EDGE('',*,*,#436,.T.);
#598=ORIENTED_EDGE('',*,*,#437,.T.);
#599=ORIENTED_EDGE('',*,*,#438,.T.);
#600=ORIENTED_EDGE('',*,*,#434,.F.);
#601=ORIENTED_EDGE('',*,*,#439,.T.);
#602=ORIENTED_EDGE('',*,*,#437,.F.);
#603=ORIENTED_EDGE('',*,*,#440,.T.);
#604=ORIENTED_EDGE('',*,*,#424,.T.);
#605=ORIENTED_EDGE('',*,*,#429,.F.);
#606=ORIENTED_EDGE('',*,*,#441,.T.);
#607=ORIENTED_EDGE('',*,*,#422,.T.);
#608=ORIENTED_EDGE('',*,*,#348,.F.);
#609=ORIENTED_EDGE('',*,*,#355,.F.);
#610=ORIENTED_EDGE('',*,*,#404,.F.);
#611=ORIENTED_EDGE('',*,*,#400,.T.);
#612=ORIENTED_EDGE('',*,*,#358,.F.);
#613=ORIENTED_EDGE('',*,*,#365,.F.);
#614=ORIENTED_EDGE('',*,*,#377,.F.);
#615=ORIENTED_EDGE('',*,*,#396,.T.);
#616=ORIENTED_EDGE('',*,*,#368,.F.);
#617=ORIENTED_EDGE('',*,*,#375,.F.);
#618=ORIENTED_EDGE('',*,*,#426,.F.);
#619=ORIENTED_EDGE('',*,*,#442,.T.);
#620=ORIENTED_EDGE('',*,*,#405,.F.);
#621=ORIENTED_EDGE('',*,*,#353,.T.);
#622=ORIENTED_EDGE('',*,*,#443,.T.);
#623=ORIENTED_EDGE('',*,*,#444,.T.);
#624=ORIENTED_EDGE('',*,*,#445,.F.);
#625=ORIENTED_EDGE('',*,*,#421,.F.);
#626=ORIENTED_EDGE('',*,*,#406,.F.);
#627=ORIENTED_EDGE('',*,*,#446,.F.);
#628=ORIENTED_EDGE('',*,*,#447,.T.);
#629=ORIENTED_EDGE('',*,*,#448,.F.);
#630=ORIENTED_EDGE('',*,*,#449,.F.);
#631=ORIENTED_EDGE('',*,*,#450,.F.);
#632=ORIENTED_EDGE('',*,*,#451,.F.);
#633=ORIENTED_EDGE('',*,*,#452,.T.);
#634=ORIENTED_EDGE('',*,*,#453,.F.);
#635=ORIENTED_EDGE('',*,*,#454,.F.);
#636=ORIENTED_EDGE('',*,*,#455,.F.);
#637=ORIENTED_EDGE('',*,*,#378,.F.);
#638=ORIENTED_EDGE('',*,*,#363,.T.);
#639=ORIENTED_EDGE('',*,*,#456,.T.);
#640=ORIENTED_EDGE('',*,*,#446,.T.);
#641=ORIENTED_EDGE('',*,*,#457,.F.);
#642=ORIENTED_EDGE('',*,*,#395,.F.);
#643=ORIENTED_EDGE('',*,*,#379,.F.);
#644=ORIENTED_EDGE('',*,*,#392,.F.);
#645=ORIENTED_EDGE('',*,*,#457,.T.);
#646=ORIENTED_EDGE('',*,*,#450,.T.);
#647=ORIENTED_EDGE('',*,*,#458,.F.);
#648=ORIENTED_EDGE('',*,*,#427,.F.);
#649=ORIENTED_EDGE('',*,*,#373,.T.);
#650=ORIENTED_EDGE('',*,*,#459,.T.);
#651=ORIENTED_EDGE('',*,*,#451,.T.);
#652=ORIENTED_EDGE('',*,*,#460,.F.);
#653=ORIENTED_EDGE('',*,*,#441,.F.);
#654=ORIENTED_EDGE('',*,*,#428,.F.);
#655=ORIENTED_EDGE('',*,*,#439,.F.);
#656=ORIENTED_EDGE('',*,*,#460,.T.);
#657=ORIENTED_EDGE('',*,*,#455,.T.);
#658=ORIENTED_EDGE('',*,*,#461,.F.);
#659=ORIENTED_EDGE('',*,*,#391,.F.);
#660=ORIENTED_EDGE('',*,*,#458,.T.);
#661=ORIENTED_EDGE('',*,*,#449,.T.);
#662=ORIENTED_EDGE('',*,*,#462,.F.);
#663=ORIENTED_EDGE('',*,*,#447,.F.);
#664=ORIENTED_EDGE('',*,*,#456,.F.);
#665=ORIENTED_EDGE('',*,*,#362,.F.);
#666=ORIENTED_EDGE('',*,*,#463,.F.);
#667=ORIENTED_EDGE('',*,*,#388,.F.);
#668=ORIENTED_EDGE('',*,*,#462,.T.);
#669=ORIENTED_EDGE('',*,*,#448,.T.);
#670=ORIENTED_EDGE('',*,*,#463,.T.);
#671=ORIENTED_EDGE('',*,*,#361,.F.);
#672=ORIENTED_EDGE('',*,*,#356,.T.);
#673=ORIENTED_EDGE('',*,*,#383,.T.);
#674=ORIENTED_EDGE('',*,*,#382,.F.);
#675=ORIENTED_EDGE('',*,*,#438,.F.);
#676=ORIENTED_EDGE('',*,*,#461,.T.);
#677=ORIENTED_EDGE('',*,*,#454,.T.);
#678=ORIENTED_EDGE('',*,*,#464,.F.);
#679=ORIENTED_EDGE('',*,*,#452,.F.);
#680=ORIENTED_EDGE('',*,*,#459,.F.);
#681=ORIENTED_EDGE('',*,*,#372,.F.);
#682=ORIENTED_EDGE('',*,*,#465,.F.);
#683=ORIENTED_EDGE('',*,*,#435,.F.);
#684=ORIENTED_EDGE('',*,*,#464,.T.);
#685=ORIENTED_EDGE('',*,*,#453,.T.);
#686=ORIENTED_EDGE('',*,*,#465,.T.);
#687=ORIENTED_EDGE('',*,*,#371,.F.);
#688=ORIENTED_EDGE('',*,*,#366,.T.);
#689=ORIENTED_EDGE('',*,*,#432,.T.);
#690=ORIENTED_EDGE('',*,*,#431,.F.);
#691=ORIENTED_EDGE('',*,*,#444,.F.);
#692=ORIENTED_EDGE('',*,*,#466,.F.);
#693=ORIENTED_EDGE('',*,*,#467,.F.);
#694=ORIENTED_EDGE('',*,*,#468,.F.);
#695=ORIENTED_EDGE('',*,*,#469,.F.);
#696=ORIENTED_EDGE('',*,*,#419,.F.);
#697=ORIENTED_EDGE('',*,*,#445,.T.);
#698=ORIENTED_EDGE('',*,*,#469,.T.);
#699=ORIENTED_EDGE('',*,*,#470,.F.);
#700=ORIENTED_EDGE('',*,*,#418,.F.);
#701=ORIENTED_EDGE('',*,*,#470,.T.);
#702=ORIENTED_EDGE('',*,*,#468,.T.);
#703=ORIENTED_EDGE('',*,*,#471,.F.);
#704=ORIENTED_EDGE('',*,*,#466,.T.);
#705=ORIENTED_EDGE('',*,*,#443,.F.);
#706=ORIENTED_EDGE('',*,*,#352,.F.);
#707=ORIENTED_EDGE('',*,*,#472,.F.);
#708=ORIENTED_EDGE('',*,*,#415,.F.);
#709=ORIENTED_EDGE('',*,*,#471,.T.);
#710=ORIENTED_EDGE('',*,*,#467,.T.);
#711=ORIENTED_EDGE('',*,*,#472,.T.);
#712=ORIENTED_EDGE('',*,*,#351,.F.);
#713=ORIENTED_EDGE('',*,*,#346,.T.);
#714=ORIENTED_EDGE('',*,*,#410,.T.);
#715=ORIENTED_EDGE('',*,*,#409,.F.);
#716=ORIENTED_EDGE('',*,*,#473,.F.);
#717=ORIENTED_EDGE('',*,*,#474,.T.);
#718=ORIENTED_EDGE('',*,*,#442,.F.);
#719=ORIENTED_EDGE('',*,*,#474,.F.);
#720=ORIENTED_EDGE('',*,*,#397,.T.);
#721=ORIENTED_EDGE('',*,*,#393,.F.);
#722=ORIENTED_EDGE('',*,*,#389,.F.);
#723=ORIENTED_EDGE('',*,*,#386,.F.);
#724=ORIENTED_EDGE('',*,*,#403,.T.);
#725=ORIENTED_EDGE('',*,*,#420,.F.);
#726=ORIENTED_EDGE('',*,*,#416,.F.);
#727=ORIENTED_EDGE('',*,*,#413,.F.);
#728=ORIENTED_EDGE('',*,*,#425,.T.);
#729=ORIENTED_EDGE('',*,*,#440,.F.);
#730=ORIENTED_EDGE('',*,*,#436,.F.);
#731=ORIENTED_EDGE('',*,*,#433,.F.);
#732=ORIENTED_EDGE('',*,*,#473,.T.);
#733=B_SPLINE_SURFACE_WITH_KNOTS('',3,3,((#943,#944,#945,#946),(#947,#948,
#949,#950),(#951,#952,#953,#954),(#955,#956,#957,#958)),.UNSPECIFIED.,.F.,
 .F.,.F.,(4,4),(4,4),(0.,1.),(0.354980376783868,0.49023517466995),
 .UNSPECIFIED.);
#734=B_SPLINE_SURFACE_WITH_KNOTS('',3,3,((#988,#989,#990,#991,#992,#993,
#994,#995),(#996,#997,#998,#999,#1000,#1001,#1002,#1003),(#1004,#1005,#1006,
#1007,#1008,#1009,#1010,#1011),(#1012,#1013,#1014,#1015,#1016,#1017,#1018,
#1019)),.UNSPECIFIED.,.F.,.F.,.F.,(4,4),(4,2,2,4),(-8.88178419700125E-16,
2.61247368662743),(0.0238015558772999,0.289989186655979,0.507839344049697,
1.),.UNSPECIFIED.);
#735=B_SPLINE_SURFACE_WITH_KNOTS('',3,3,((#1064,#1065,#1066,#1067),(#1068,
#1069,#1070,#1071),(#1072,#1073,#1074,#1075),(#1076,#1077,#1078,#1079)),
 .UNSPECIFIED.,.F.,.F.,.F.,(4,4),(4,4),(0.,1.),(0.355134448900277,0.490235174667052),
 .UNSPECIFIED.);
#736=B_SPLINE_SURFACE_WITH_KNOTS('',3,3,((#1109,#1110,#1111,#1112,#1113,
#1114,#1115,#1116),(#1117,#1118,#1119,#1120,#1121,#1122,#1123,#1124),(#1125,
#1126,#1127,#1128,#1129,#1130,#1131,#1132),(#1133,#1134,#1135,#1136,#1137,
#1138,#1139,#1140)),.UNSPECIFIED.,.F.,.F.,.F.,(4,4),(4,2,2,4),(-1.55431223447522E-15,
2.61247368443452),(0.0238015558772999,0.289989186655979,0.507839344049697,
1.),.UNSPECIFIED.);
#737=B_SPLINE_SURFACE_WITH_KNOTS('',3,3,((#1185,#1186,#1187,#1188),(#1189,
#1190,#1191,#1192),(#1193,#1194,#1195,#1196),(#1197,#1198,#1199,#1200)),
 .UNSPECIFIED.,.F.,.F.,.F.,(4,4),(4,4),(0.,1.),(0.355095855390545,0.490235178290594),
 .UNSPECIFIED.);
#738=B_SPLINE_SURFACE_WITH_KNOTS('',3,3,((#1230,#1231,#1232,#1233,#1234,
#1235,#1236,#1237),(#1238,#1239,#1240,#1241,#1242,#1243,#1244,#1245),(#1246,
#1247,#1248,#1249,#1250,#1251,#1252,#1253),(#1254,#1255,#1256,#1257,#1258,
#1259,#1260,#1261)),.UNSPECIFIED.,.F.,.F.,.F.,(4,4),(4,2,2,4),(-1.04716984020972E-15,
2.61247367819771),(0.0238015558773,0.289989186655979,0.507839344049697,
1.),.UNSPECIFIED.);
#739=B_SPLINE_SURFACE_WITH_KNOTS('',3,3,((#1306,#1307,#1308,#1309,#1310,
#1311,#1312,#1313,#1314),(#1315,#1316,#1317,#1318,#1319,#1320,#1321,#1322,
#1323),(#1324,#1325,#1326,#1327,#1328,#1329,#1330,#1331,#1332),(#1333,#1334,
#1335,#1336,#1337,#1338,#1339,#1340,#1341),(#1342,#1343,#1344,#1345,#1346,
#1347,#1348,#1349,#1350),(#1351,#1352,#1353,#1354,#1355,#1356,#1357,#1358,
#1359)),.UNSPECIFIED.,.F.,.F.,.F.,(4,1,1,4),(4,1,1,1,1,1,4),(0.,0.285714285714286,
0.571428571428571,1.),(-0.387788828727364,-0.00884112729879244,0.370106574129779,
0.749054275558351,1.50694967841549,1.88589737984407,2.26484508127264),
 .UNSPECIFIED.);
#740=B_SPLINE_SURFACE_WITH_KNOTS('',3,3,((#1404,#1405,#1406,#1407,#1408,
#1409),(#1410,#1411,#1412,#1413,#1414,#1415),(#1416,#1417,#1418,#1419,#1420,
#1421),(#1422,#1423,#1424,#1425,#1426,#1427),(#1428,#1429,#1430,#1431,#1432,
#1433)),.UNSPECIFIED.,.F.,.F.,.F.,(4,1,4),(4,1,1,4),(0.,0.571428571428571,
1.),(0.0459830084225362,0.582988114974381,0.940991519342278,1.29899492371017),
 .UNSPECIFIED.);
#741=B_SPLINE_SURFACE_WITH_KNOTS('',3,3,((#1461,#1462,#1463,#1464),(#1465,
#1466,#1467,#1468),(#1469,#1470,#1471,#1472),(#1473,#1474,#1475,#1476),
(#1477,#1478,#1479,#1480)),.UNSPECIFIED.,.F.,.F.,.F.,(4,1,4),(4,4),(0.,
0.571428571428571,1.),(1.35528773446874E-16,0.0459832051239918),
 .UNSPECIFIED.);
#742=B_SPLINE_SURFACE_WITH_KNOTS('',3,3,((#1498,#1499,#1500,#1501),(#1502,
#1503,#1504,#1505),(#1506,#1507,#1508,#1509),(#1510,#1511,#1512,#1513),
(#1514,#1515,#1516,#1517)),.UNSPECIFIED.,.F.,.F.,.F.,(4,1,4),(4,4),(0.0507093636816428,
0.457548207818082,1.),(0.,0.213805235960848),.UNSPECIFIED.);
#743=B_SPLINE_SURFACE_WITH_KNOTS('',3,3,((#1544,#1545,#1546,#1547,#1548,
#1549,#1550,#1551,#1552,#1553,#1554),(#1555,#1556,#1557,#1558,#1559,#1560,
#1561,#1562,#1563,#1564,#1565),(#1566,#1567,#1568,#1569,#1570,#1571,#1572,
#1573,#1574,#1575,#1576),(#1577,#1578,#1579,#1580,#1581,#1582,#1583,#1584,
#1585,#1586,#1587),(#1588,#1589,#1590,#1591,#1592,#1593,#1594,#1595,#1596,
#1597,#1598)),.UNSPECIFIED.,.F.,.F.,.F.,(4,1,4),(4,2,1,1,1,1,1,4),(0.,0.571428571428571,
1.),(-0.590062508389517,0.,0.462871293820577,0.694306940730866,0.925742587641155,
1.0414604110963,1.09931932282387,1.15717823455144),.UNSPECIFIED.);
#744=B_SPLINE_SURFACE_WITH_KNOTS('',3,3,((#1669,#1670,#1671,#1672,#1673,
#1674,#1675,#1676),(#1677,#1678,#1679,#1680,#1681,#1682,#1683,#1684),(#1685,
#1686,#1687,#1688,#1689,#1690,#1691,#1692),(#1693,#1694,#1695,#1696,#1697,
#1698,#1699,#1700),(#1701,#1702,#1703,#1704,#1705,#1706,#1707,#1708),(#1709,
#1710,#1711,#1712,#1713,#1714,#1715,#1716)),.UNSPECIFIED.,.F.,.F.,.F.,(4,
1,1,4),(4,1,1,1,1,4),(0.,0.285714285714286,0.571428571428571,1.),(-0.3877869622878,
-0.00883996855700647,0.370107025173787,1.12800101263537,1.88589500009696,
2.26484199382775),.UNSPECIFIED.);
#745=B_SPLINE_SURFACE_WITH_KNOTS('',3,3,((#1751,#1752,#1753,#1754,#1755,
#1756),(#1757,#1758,#1759,#1760,#1761,#1762),(#1763,#1764,#1765,#1766,#1767,
#1768),(#1769,#1770,#1771,#1772,#1773,#1774),(#1775,#1776,#1777,#1778,#1779,
#1780)),.UNSPECIFIED.,.F.,.F.,.F.,(4,1,4),(4,1,1,4),(0.,0.571428571428571,
1.),(0.0459830084225364,0.582988402876079,0.940991999178441,1.2989955954808),
 .UNSPECIFIED.);
#746=B_SPLINE_SURFACE_WITH_KNOTS('',3,3,((#1808,#1809,#1810,#1811),(#1812,
#1813,#1814,#1815),(#1816,#1817,#1818,#1819),(#1820,#1821,#1822,#1823),
(#1824,#1825,#1826,#1827)),.UNSPECIFIED.,.F.,.F.,.F.,(4,1,4),(4,4),(0.,
0.571428571428571,1.),(-1.19058951066064E-16,0.045983205123992),
 .UNSPECIFIED.);
#747=B_SPLINE_SURFACE_WITH_KNOTS('',3,3,((#1839,#1840,#1841,#1842),(#1843,
#1844,#1845,#1846),(#1847,#1848,#1849,#1850),(#1851,#1852,#1853,#1854),
(#1855,#1856,#1857,#1858)),.UNSPECIFIED.,.F.,.F.,.F.,(4,1,4),(4,4),(0.050709363681643,
0.457548207818082,1.),(0.,0.213805235960848),.UNSPECIFIED.);
#748=B_SPLINE_SURFACE_WITH_KNOTS('',3,3,((#1885,#1886,#1887,#1888,#1889,
#1890,#1891,#1892,#1893,#1894,#1895,#1896),(#1897,#1898,#1899,#1900,#1901,
#1902,#1903,#1904,#1905,#1906,#1907,#1908),(#1909,#1910,#1911,#1912,#1913,
#1914,#1915,#1916,#1917,#1918,#1919,#1920),(#1921,#1922,#1923,#1924,#1925,
#1926,#1927,#1928,#1929,#1930,#1931,#1932),(#1933,#1934,#1935,#1936,#1937,
#1938,#1939,#1940,#1941,#1942,#1943,#1944)),.UNSPECIFIED.,.F.,.F.,.F.,(4,
1,4),(4,2,1,1,1,1,1,1,4),(0.,0.571428571428571,1.),(-0.590056496918119,
0.,0.347153470365433,0.694306940730866,0.925742587641155,1.0414604110963,
1.09931932282387,1.11378405075576,1.15717823455144),.UNSPECIFIED.);
#749=B_SPLINE_SURFACE_WITH_KNOTS('',3,3,((#1998,#1999,#2000,#2001,#2002,
#2003,#2004,#2005),(#2006,#2007,#2008,#2009,#2010,#2011,#2012,#2013),(#2014,
#2015,#2016,#2017,#2018,#2019,#2020,#2021),(#2022,#2023,#2024,#2025,#2026,
#2027,#2028,#2029),(#2030,#2031,#2032,#2033,#2034,#2035,#2036,#2037),(#2038,
#2039,#2040,#2041,#2042,#2043,#2044,#2045)),.UNSPECIFIED.,.F.,.F.,.F.,(4,
1,1,4),(4,1,1,1,1,4),(0.,0.285714285714286,0.571428571428571,1.),(-0.387783404566967,
-0.00883749523458199,0.749054323430189,1.50694614209496,1.88589205142734,
2.26483796075973),.UNSPECIFIED.);
#750=B_SPLINE_SURFACE_WITH_KNOTS('',3,3,((#2080,#2081,#2082,#2083,#2084,
#2085),(#2086,#2087,#2088,#2089,#2090,#2091),(#2092,#2093,#2094,#2095,#2096,
#2097),(#2098,#2099,#2100,#2101,#2102,#2103),(#2104,#2105,#2106,#2107,#2108,
#2109)),.UNSPECIFIED.,.F.,.F.,.F.,(4,1,4),(4,1,1,4),(0.,0.571428571428571,
1.),(0.0459830084225364,0.582988542036746,0.940992231112886,1.29899592018903),
 .UNSPECIFIED.);
#751=B_SPLINE_SURFACE_WITH_KNOTS('',3,3,((#2123,#2124,#2125,#2126),(#2127,
#2128,#2129,#2130),(#2131,#2132,#2133,#2134),(#2135,#2136,#2137,#2138),
(#2139,#2140,#2141,#2142)),.UNSPECIFIED.,.F.,.F.,.F.,(4,1,4),(4,4),(0.,
0.571428571428571,1.),(2.19626546088973E-16,0.0459832051239921),
 .UNSPECIFIED.);
#752=B_SPLINE_SURFACE_WITH_KNOTS('',3,3,((#2154,#2155,#2156,#2157),(#2158,
#2159,#2160,#2161),(#2162,#2163,#2164,#2165),(#2166,#2167,#2168,#2169),
(#2170,#2171,#2172,#2173)),.UNSPECIFIED.,.F.,.F.,.F.,(4,1,4),(4,4),(0.0507093636816429,
0.593161155863561,1.),(0.,0.213805235960848),.UNSPECIFIED.);
#753=B_SPLINE_SURFACE_WITH_KNOTS('',3,3,((#2200,#2201,#2202,#2203,#2204,
#2205,#2206,#2207,#2208,#2209,#2210,#2211),(#2212,#2213,#2214,#2215,#2216,
#2217,#2218,#2219,#2220,#2221,#2222,#2223),(#2224,#2225,#2226,#2227,#2228,
#2229,#2230,#2231,#2232,#2233,#2234,#2235),(#2236,#2237,#2238,#2239,#2240,
#2241,#2242,#2243,#2244,#2245,#2246,#2247),(#2248,#2249,#2250,#2251,#2252,
#2253,#2254,#2255,#2256,#2257,#2258,#2259)),.UNSPECIFIED.,.F.,.F.,.F.,(4,
1,4),(4,2,1,1,1,1,1,1,4),(0.,0.571428571428571,1.),(-0.590059973073906,
0.,0.347153470365433,0.694306940730866,0.925742587641155,1.0414604110963,
1.09931932282387,1.11378405075576,1.15717823455144),.UNSPECIFIED.);
#754=B_SPLINE_SURFACE_WITH_KNOTS('',3,3,((#2296,#2297,#2298,#2299,#2300,
#2301,#2302,#2303),(#2304,#2305,#2306,#2307,#2308,#2309,#2310,#2311),(#2312,
#2313,#2314,#2315,#2316,#2317,#2318,#2319),(#2320,#2321,#2322,#2323,#2324,
#2325,#2326,#2327),(#2328,#2329,#2330,#2331,#2332,#2333,#2334,#2335)),
 .UNSPECIFIED.,.F.,.F.,.F.,(4,1,4),(4,2,2,4),(0.,0.43738160213213,1.02055707164164),
(0.0220800797903261,0.289989186655979,0.507839344049697,1.),
 .UNSPECIFIED.);
#755=B_SPLINE_SURFACE_WITH_KNOTS('',3,3,((#2515,#2516,#2517,#2518,#2519,
#2520,#2521,#2522),(#2523,#2524,#2525,#2526,#2527,#2528,#2529,#2530),(#2531,
#2532,#2533,#2534,#2535,#2536,#2537,#2538),(#2539,#2540,#2541,#2542,#2543,
#2544,#2545,#2546),(#2547,#2548,#2549,#2550,#2551,#2552,#2553,#2554)),
 .UNSPECIFIED.,.F.,.F.,.F.,(4,1,4),(4,2,2,4),(0.,0.437381602132131,1.02055707164164),
(0.0220800797903285,0.289989186655979,0.507839344049697,1.),
 .UNSPECIFIED.);
#756=B_SPLINE_SURFACE_WITH_KNOTS('',3,3,((#2564,#2565,#2566,#2567,#2568,
#2569,#2570,#2571),(#2572,#2573,#2574,#2575,#2576,#2577,#2578,#2579),(#2580,
#2581,#2582,#2583,#2584,#2585,#2586,#2587),(#2588,#2589,#2590,#2591,#2592,
#2593,#2594,#2595),(#2596,#2597,#2598,#2599,#2600,#2601,#2602,#2603),(#2604,
#2605,#2606,#2607,#2608,#2609,#2610,#2611)),.UNSPECIFIED.,.F.,.F.,.F.,(4,
1,1,4),(4,2,2,4),(0.,0.285714285714286,0.571428571428571,1.),(0.044906585363873,
0.289989186655979,0.507839344049697,0.983479272205804),.UNSPECIFIED.);
#757=B_SPLINE_SURFACE_WITH_KNOTS('',3,3,((#2620,#2621,#2622,#2623,#2624,
#2625,#2626,#2627),(#2628,#2629,#2630,#2631,#2632,#2633,#2634,#2635),(#2636,
#2637,#2638,#2639,#2640,#2641,#2642,#2643),(#2644,#2645,#2646,#2647,#2648,
#2649,#2650,#2651),(#2652,#2653,#2654,#2655,#2656,#2657,#2658,#2659)),
 .UNSPECIFIED.,.F.,.F.,.F.,(4,1,4),(4,2,2,4),(0.,0.437381602132131,1.02055707164164),
(0.0220800797903286,0.289989186655979,0.507839344049697,1.),
 .UNSPECIFIED.);
#758=B_SPLINE_SURFACE_WITH_KNOTS('',3,3,((#2669,#2670,#2671,#2672,#2673,
#2674,#2675,#2676),(#2677,#2678,#2679,#2680,#2681,#2682,#2683,#2684),(#2685,
#2686,#2687,#2688,#2689,#2690,#2691,#2692),(#2693,#2694,#2695,#2696,#2697,
#2698,#2699,#2700),(#2701,#2702,#2703,#2704,#2705,#2706,#2707,#2708),(#2709,
#2710,#2711,#2712,#2713,#2714,#2715,#2716)),.UNSPECIFIED.,.F.,.F.,.F.,(4,
1,1,4),(4,2,2,4),(0.,0.285714285714286,0.571428571428571,1.),(0.044906585363873,
0.289989186655979,0.507839344049697,0.983479272205804),.UNSPECIFIED.);
#759=B_SPLINE_SURFACE_WITH_KNOTS('',3,3,((#2725,#2726,#2727,#2728,#2729,
#2730,#2731,#2732),(#2733,#2734,#2735,#2736,#2737,#2738,#2739,#2740),(#2741,
#2742,#2743,#2744,#2745,#2746,#2747,#2748),(#2749,#2750,#2751,#2752,#2753,
#2754,#2755,#2756)),.UNSPECIFIED.,.F.,.F.,.F.,(4,4),(4,2,2,4),(0.,1.),(0.0651821432087417,
0.289989186655979,0.507839344049697,0.993142142613629),.UNSPECIFIED.);
#760=B_SPLINE_SURFACE_WITH_KNOTS('',3,3,((#2767,#2768,#2769,#2770,#2771,
#2772,#2773,#2774),(#2775,#2776,#2777,#2778,#2779,#2780,#2781,#2782),(#2783,
#2784,#2785,#2786,#2787,#2788,#2789,#2790),(#2791,#2792,#2793,#2794,#2795,
#2796,#2797,#2798),(#2799,#2800,#2801,#2802,#2803,#2804,#2805,#2806),(#2807,
#2808,#2809,#2810,#2811,#2812,#2813,#2814),(#2815,#2816,#2817,#2818,#2819,
#2820,#2821,#2822),(#2823,#2824,#2825,#2826,#2827,#2828,#2829,#2830)),
 .UNSPECIFIED.,.F.,.F.,.F.,(4,1,1,2,4),(4,2,2,4),(-1.01029057528326E-14,
0.399999999999994,0.599999999999996,1.,1.0008196987222),(0.02222831014155,
0.289989186655979,0.507839344049697,1.),.UNSPECIFIED.);
#761=B_SPLINE_SURFACE_WITH_KNOTS('',3,3,((#2831,#2832,#2833,#2834,#2835,
#2836,#2837,#2838),(#2839,#2840,#2841,#2842,#2843,#2844,#2845,#2846),(#2847,
#2848,#2849,#2850,#2851,#2852,#2853,#2854),(#2855,#2856,#2857,#2858,#2859,
#2860,#2861,#2862)),.UNSPECIFIED.,.F.,.F.,.F.,(4,4),(4,2,2,4),(0.,1.),(0.0651821432087417,
0.289989186655979,0.507839344049697,0.993142142613629),.UNSPECIFIED.);
#762=B_SPLINE_SURFACE_WITH_KNOTS('',3,3,((#2873,#2874,#2875,#2876,#2877,
#2878,#2879,#2880),(#2881,#2882,#2883,#2884,#2885,#2886,#2887,#2888),(#2889,
#2890,#2891,#2892,#2893,#2894,#2895,#2896),(#2897,#2898,#2899,#2900,#2901,
#2902,#2903,#2904),(#2905,#2906,#2907,#2908,#2909,#2910,#2911,#2912),(#2913,
#2914,#2915,#2916,#2917,#2918,#2919,#2920),(#2921,#2922,#2923,#2924,#2925,
#2926,#2927,#2928),(#2929,#2930,#2931,#2932,#2933,#2934,#2935,#2936)),
 .UNSPECIFIED.,.F.,.F.,.F.,(4,1,1,2,4),(4,2,2,4),(-6.40615126658194E-15,
0.399999999999996,0.599999999999997,1.,1.00081969868228),(0.0222283101415487,
0.289989186655979,0.507839344049697,1.),.UNSPECIFIED.);
#763=B_SPLINE_SURFACE_WITH_KNOTS('',3,3,((#2995,#2996,#2997,#2998,#2999,
#3000,#3001,#3002),(#3003,#3004,#3005,#3006,#3007,#3008,#3009,#3010),(#3011,
#3012,#3013,#3014,#3015,#3016,#3017,#3018),(#3019,#3020,#3021,#3022,#3023,
#3024,#3025,#3026),(#3027,#3028,#3029,#3030,#3031,#3032,#3033,#3034),(#3035,
#3036,#3037,#3038,#3039,#3040,#3041,#3042)),.UNSPECIFIED.,.F.,.F.,.F.,(4,
1,1,4),(4,2,2,4),(0.,0.285714285714286,0.571428571428571,1.),(0.044906585363873,
0.289989186655979,0.507839344049697,0.983479272205805),.UNSPECIFIED.);
#764=B_SPLINE_SURFACE_WITH_KNOTS('',3,3,((#3051,#3052,#3053,#3054,#3055,
#3056,#3057,#3058),(#3059,#3060,#3061,#3062,#3063,#3064,#3065,#3066),(#3067,
#3068,#3069,#3070,#3071,#3072,#3073,#3074),(#3075,#3076,#3077,#3078,#3079,
#3080,#3081,#3082)),.UNSPECIFIED.,.F.,.F.,.F.,(4,4),(4,2,2,4),(0.,1.),(0.0651821432087417,
0.289989186655979,0.507839344049697,0.993142142613629),.UNSPECIFIED.);
#765=B_SPLINE_SURFACE_WITH_KNOTS('',3,3,((#3093,#3094,#3095,#3096,#3097,
#3098,#3099,#3100),(#3101,#3102,#3103,#3104,#3105,#3106,#3107,#3108),(#3109,
#3110,#3111,#3112,#3113,#3114,#3115,#3116),(#3117,#3118,#3119,#3120,#3121,
#3122,#3123,#3124),(#3125,#3126,#3127,#3128,#3129,#3130,#3131,#3132),(#3133,
#3134,#3135,#3136,#3137,#3138,#3139,#3140),(#3141,#3142,#3143,#3144,#3145,
#3146,#3147,#3148),(#3149,#3150,#3151,#3152,#3153,#3154,#3155,#3156)),
 .UNSPECIFIED.,.F.,.F.,.F.,(4,1,1,2,4),(4,2,2,4),(-1.29823243256515E-15,
0.399999999999999,0.599999999999999,1.,1.00081969869607),(0.0222283101415176,
0.289989186655979,0.507839344049697,1.),.UNSPECIFIED.);
#766=ADVANCED_FACE('',(#69),#733,.T.);
#767=ADVANCED_FACE('',(#70),#734,.F.);
#768=ADVANCED_FACE('',(#71),#735,.T.);
#769=ADVANCED_FACE('',(#72),#736,.F.);
#770=ADVANCED_FACE('',(#73),#737,.T.);
#771=ADVANCED_FACE('',(#74),#738,.F.);
#772=ADVANCED_FACE('',(#75),#739,.T.);
#773=ADVANCED_FACE('',(#76),#740,.T.);
#774=ADVANCED_FACE('',(#77),#741,.T.);
#775=ADVANCED_FACE('',(#78),#742,.T.);
#776=ADVANCED_FACE('',(#79),#743,.T.);
#777=ADVANCED_FACE('',(#80),#22,.T.);
#778=ADVANCED_FACE('',(#81),#23,.T.);
#779=ADVANCED_FACE('',(#82),#744,.T.);
#780=ADVANCED_FACE('',(#83),#745,.T.);
#781=ADVANCED_FACE('',(#84),#746,.T.);
#782=ADVANCED_FACE('',(#85),#747,.T.);
#783=ADVANCED_FACE('',(#86),#748,.T.);
#784=ADVANCED_FACE('',(#87),#24,.T.);
#785=ADVANCED_FACE('',(#88),#749,.T.);
#786=ADVANCED_FACE('',(#89),#750,.T.);
#787=ADVANCED_FACE('',(#90),#751,.T.);
#788=ADVANCED_FACE('',(#91),#752,.T.);
#789=ADVANCED_FACE('',(#92),#753,.T.);
#790=ADVANCED_FACE('',(#93,#15),#17,.T.);
#791=ADVANCED_FACE('',(#94),#754,.F.);
#792=ADVANCED_FACE('',(#95),#25,.T.);
#793=ADVANCED_FACE('',(#96),#26,.T.);
#794=ADVANCED_FACE('',(#97),#755,.F.);
#795=ADVANCED_FACE('',(#98),#756,.F.);
#796=ADVANCED_FACE('',(#99),#757,.F.);
#797=ADVANCED_FACE('',(#100),#758,.F.);
#798=ADVANCED_FACE('',(#101),#759,.F.);
#799=ADVANCED_FACE('',(#102),#18,.T.);
#800=ADVANCED_FACE('',(#103),#760,.F.);
#801=ADVANCED_FACE('',(#104),#761,.F.);
#802=ADVANCED_FACE('',(#105),#19,.T.);
#803=ADVANCED_FACE('',(#106),#762,.F.);
#804=ADVANCED_FACE('',(#107),#27,.T.);
#805=ADVANCED_FACE('',(#108),#763,.F.);
#806=ADVANCED_FACE('',(#109),#764,.F.);
#807=ADVANCED_FACE('',(#110),#20,.T.);
#808=ADVANCED_FACE('',(#111),#765,.F.);
#809=ADVANCED_FACE('',(#112),#28,.F.);
#810=ADVANCED_FACE('',(#113,#16),#21,.T.);
#811=CLOSED_SHELL('',(#766,#767,#768,#769,#770,#771,#772,#773,#774,#775,
#776,#777,#778,#779,#780,#781,#782,#783,#784,#785,#786,#787,#788,#789,#790,
#791,#792,#793,#794,#795,#796,#797,#798,#799,#800,#801,#802,#803,#804,#805,
#806,#807,#808,#809,#810));
#812=DERIVED_UNIT_ELEMENT(#815,1.);
#813=DERIVED_UNIT_ELEMENT(#3167,-3.);
#814=DIMENSIONAL_EXPONENTS(1.,0.,0.,0.,0.,0.,0.);
#815=(
CONVERSION_BASED_UNIT('gram',#817)
MASS_UNIT()
NAMED_UNIT(#814)
);
#816=(
MASS_UNIT()
NAMED_UNIT(*)
SI_UNIT(.KILO.,.GRAM.)
);
#817=MASS_MEASURE_WITH_UNIT(MASS_MEASURE(0.001),#816);
#818=DERIVED_UNIT((#812,#813));
#819=MEASURE_REPRESENTATION_ITEM('density measure',
POSITIVE_RATIO_MEASURE(1.),#818);
#820=PROPERTY_DEFINITION_REPRESENTATION(#825,#822);
#821=PROPERTY_DEFINITION_REPRESENTATION(#826,#823);
#822=REPRESENTATION('material name',(#824),#3164);
#823=REPRESENTATION('density',(#819),#3164);
#824=DESCRIPTIVE_REPRESENTATION_ITEM('Generic','Generic');
#825=PROPERTY_DEFINITION('material property','material name',#3174);
#826=PROPERTY_DEFINITION('material property','density of part',#3174);
#827=DATE_TIME_ROLE('creation_date');
#828=APPLIED_DATE_AND_TIME_ASSIGNMENT(#829,#827,(#3174));
#829=DATE_AND_TIME(#830,#831);
#830=CALENDAR_DATE(2022,4,3);
#831=LOCAL_TIME(0,0,0.,#832);
#832=COORDINATED_UNIVERSAL_TIME_OFFSET(0,0,.BEHIND.);
#833=AXIS2_PLACEMENT_3D('placement',#942,#866,#867);
#834=AXIS2_PLACEMENT_3D('',#1436,#871,#872);
#835=AXIS2_PLACEMENT_3D('',#1493,#873,#874);
#836=AXIS2_PLACEMENT_3D('',#1539,#875,#876);
#837=AXIS2_PLACEMENT_3D('',#1636,#877,#878);
#838=AXIS2_PLACEMENT_3D('',#1637,#879,#880);
#839=AXIS2_PLACEMENT_3D('',#1639,#881,#882);
#840=AXIS2_PLACEMENT_3D('',#1653,#883,#884);
#841=AXIS2_PLACEMENT_3D('',#1655,#885,#886);
#842=AXIS2_PLACEMENT_3D('',#1668,#887,#888);
#843=AXIS2_PLACEMENT_3D('',#1783,#889,#890);
#844=AXIS2_PLACEMENT_3D('',#1834,#891,#892);
#845=AXIS2_PLACEMENT_3D('',#1880,#893,#894);
#846=AXIS2_PLACEMENT_3D('',#1982,#895,#896);
#847=AXIS2_PLACEMENT_3D('',#1984,#897,#898);
#848=AXIS2_PLACEMENT_3D('',#1997,#899,#900);
#849=AXIS2_PLACEMENT_3D('',#2111,#901,#902);
#850=AXIS2_PLACEMENT_3D('',#2149,#903,#904);
#851=AXIS2_PLACEMENT_3D('',#2195,#905,#906);
#852=AXIS2_PLACEMENT_3D('',#2293,#907,#908);
#853=AXIS2_PLACEMENT_3D('',#2295,#909,#910);
#854=AXIS2_PLACEMENT_3D('',#2337,#911,#912);
#855=AXIS2_PLACEMENT_3D('',#2365,#913,#914);
#856=AXIS2_PLACEMENT_3D('',#2441,#916,#917);
#857=AXIS2_PLACEMENT_3D('',#2555,#919,#920);
#858=AXIS2_PLACEMENT_3D('',#2660,#921,#922);
#859=AXIS2_PLACEMENT_3D('',#2765,#923,#924);
#860=AXIS2_PLACEMENT_3D('',#2871,#926,#927);
#861=AXIS2_PLACEMENT_3D('',#2937,#929,#930);
#862=AXIS2_PLACEMENT_3D('',#3091,#932,#933);
#863=AXIS2_PLACEMENT_3D('',#3157,#935,#936);
#864=AXIS2_PLACEMENT_3D('',#3159,#937,#938);
#865=AXIS2_PLACEMENT_3D('',#3161,#940,#941);
#866=DIRECTION('axis',(0.,0.,1.));
#867=DIRECTION('refdir',(1.,0.,0.));
#868=DIRECTION('',(0.,-1.58603289232165E-15,-1.));
#869=DIRECTION('',(-1.37354477598826E-15,7.93016446160827E-16,-1.));
#870=DIRECTION('',(1.37354477598826E-15,7.93016446160826E-16,-1.));
#871=DIRECTION('center_axis',(-0.837084987733834,0.157129370722575,0.524022026413942));
#872=DIRECTION('ref_axis',(0.184488084402937,0.982834750460796,1.00902619593057E-11));
#873=DIRECTION('center_axis',(-0.837570920478558,0.185808910524935,0.513760646544904));
#874=DIRECTION('ref_axis',(0.216577271943154,0.976265478892735,-2.77555756156289E-16));
#875=DIRECTION('center_axis',(-0.788236691479874,0.305677843956223,0.534082366231219));
#876=DIRECTION('ref_axis',(0.361563888708628,0.932347335697322,0.));
#877=DIRECTION('center_axis',(0.,0.,1.));
#878=DIRECTION('ref_axis',(-0.999359289387565,-0.0357912100211934,0.));
#879=DIRECTION('center_axis',(0.,0.,-1.));
#880=DIRECTION('ref_axis',(-1.,0.,0.));
#881=DIRECTION('center_axis',(0.,0.,1.));
#882=DIRECTION('ref_axis',(1.,0.,0.));
#883=DIRECTION('center_axis',(0.,0.,1.));
#884=DIRECTION('ref_axis',(1.,0.,0.));
#885=DIRECTION('center_axis',(0.,0.,-1.));
#886=DIRECTION('ref_axis',(-1.,0.,0.));
#887=DIRECTION('center_axis',(0.,0.,1.));
#888=DIRECTION('ref_axis',(1.,0.,0.));
#889=DIRECTION('center_axis',(0.282464467140505,-0.803501549865373,0.524022026413942));
#890=DIRECTION('ref_axis',(-0.943403903822657,-0.331646007441927,1.00902619593057E-11));
#891=DIRECTION('center_axis',(0.257870223475177,-0.818262149868014,0.513760646544905));
#892=DIRECTION('ref_axis',(-0.953759341530466,-0.300571320061266,1.38777878078145E-16));
#893=DIRECTION('center_axis',(0.129393567499793,-0.835471920994679,0.534082366231219));
#894=DIRECTION('ref_axis',(-0.988218422218933,-0.1530501551359,0.));
#895=DIRECTION('center_axis',(0.,0.,1.));
#896=DIRECTION('ref_axis',(1.,0.,0.));
#897=DIRECTION('center_axis',(0.,0.,-1.));
#898=DIRECTION('ref_axis',(-1.,0.,0.));
#899=DIRECTION('center_axis',(0.,0.,1.));
#900=DIRECTION('ref_axis',(1.,0.,0.));
#901=DIRECTION('center_axis',(0.55462052059333,0.646372179142798,0.524022026413942));
#902=DIRECTION('ref_axis',(0.75891581941972,-0.651188743018869,1.00902619593057E-11));
#903=DIRECTION('center_axis',(0.579700697003381,0.63245323934308,0.513760646544905));
#904=DIRECTION('ref_axis',(0.737182069587313,-0.675694158831469,1.38777878078145E-16));
#905=DIRECTION('center_axis',(0.658843123980081,0.529794077038456,0.534082366231219));
#906=DIRECTION('ref_axis',(0.626654533510305,-0.779297180561422,0.));
#907=DIRECTION('center_axis',(0.,0.,-1.));
#908=DIRECTION('ref_axis',(-1.,0.,0.));
#909=DIRECTION('center_axis',(0.,0.,1.));
#910=DIRECTION('ref_axis',(1.,0.,0.));
#911=DIRECTION('center_axis',(-1.,0.,0.));
#912=DIRECTION('ref_axis',(0.,-0.279023673419816,-0.960284223379366));
#913=DIRECTION('center_axis',(0.,0.,-1.));
#914=DIRECTION('ref_axis',(0.923580512711927,-0.383404533800493,0.));
#915=DIRECTION('',(0.,0.,1.));
#916=DIRECTION('center_axis',(0.,0.,-1.));
#917=DIRECTION('ref_axis',(-0.79382832255332,-0.608141919548539,0.));
#918=DIRECTION('',(0.,0.,1.));
#919=DIRECTION('center_axis',(0.5,0.866025403784438,0.));
#920=DIRECTION('ref_axis',(-0.241641589438813,0.139511836709908,-0.960284223379366));
#921=DIRECTION('center_axis',(0.5,-0.866025403784439,0.));
#922=DIRECTION('ref_axis',(0.241641589438814,0.139511836709908,-0.960284223379366));
#923=DIRECTION('center_axis',(-0.5,-0.866025403784438,-9.92223255957211E-29));
#924=DIRECTION('ref_axis',(4.96111627978606E-29,8.59290545884654E-29,-1.));
#925=DIRECTION('',(0.840049659376417,-0.485002896973629,-0.243081796333566));
#926=DIRECTION('center_axis',(-0.5,0.866025403784439,-9.92223255957211E-29));
#927=DIRECTION('ref_axis',(4.96111627978605E-29,-8.59290545884654E-29,-1.));
#928=DIRECTION('',(-0.840049659376418,-0.485002896973628,-0.243081796333566));
#929=DIRECTION('center_axis',(0.,0.,-1.));
#930=DIRECTION('ref_axis',(-0.129752190158608,0.991546453349032,0.));
#931=DIRECTION('',(0.,0.,-1.));
#932=DIRECTION('center_axis',(1.,-1.8186495648927E-29,-9.92223255957211E-29));
#933=DIRECTION('ref_axis',(-9.92223255957211E-29,0.,-1.));
#934=DIRECTION('',(0.,0.970005793947256,-0.243081796333566));
#935=DIRECTION('center_axis',(0.,0.,1.));
#936=DIRECTION('ref_axis',(-1.,0.,0.));
#937=DIRECTION('center_axis',(0.,0.,-1.));
#938=DIRECTION('ref_axis',(-1.,0.,0.));
#939=DIRECTION('',(0.,0.,-1.));
#940=DIRECTION('center_axis',(0.,0.,1.));
#941=DIRECTION('ref_axis',(1.,0.,0.));
#942=CARTESIAN_POINT('',(0.,0.,0.));
#943=CARTESIAN_POINT('Ctrl Pts',(3.83551371368368,7.02060072587413,-4.14745202113919));
#944=CARTESIAN_POINT('Ctrl Pts',(3.83551371368368,7.02060072587413,-4.59830134742613));
#945=CARTESIAN_POINT('Ctrl Pts',(3.83551371368368,7.02060072587413,-5.04915067371306));
#946=CARTESIAN_POINT('Ctrl Pts',(3.83551371368368,7.02060072587413,-5.5));
#947=CARTESIAN_POINT('Ctrl Pts',(4.88152340323782,6.44914186279637,-4.14745202113919));
#948=CARTESIAN_POINT('Ctrl Pts',(4.88152340323782,6.44914186279637,-4.59830134742613));
#949=CARTESIAN_POINT('Ctrl Pts',(4.88152340323782,6.44914186279637,-5.04915067371306));
#950=CARTESIAN_POINT('Ctrl Pts',(4.88152340323782,6.44914186279637,-5.5));
#951=CARTESIAN_POINT('Ctrl Pts',(6.1356952268334,6.26928464017021,-4.14745202113919));
#952=CARTESIAN_POINT('Ctrl Pts',(6.1356952268334,6.26928464017021,-4.59830134742613));
#953=CARTESIAN_POINT('Ctrl Pts',(6.1356952268334,6.26928464017021,-5.04915067371306));
#954=CARTESIAN_POINT('Ctrl Pts',(6.1356952268334,6.26928464017021,-5.5));
#955=CARTESIAN_POINT('Ctrl Pts',(7.30014798645608,6.52374735539273,-4.14745202113919));
#956=CARTESIAN_POINT('Ctrl Pts',(7.30014798645608,6.52374735539273,-4.59830134742613));
#957=CARTESIAN_POINT('Ctrl Pts',(7.30014798645608,6.52374735539273,-5.04915067371306));
#958=CARTESIAN_POINT('Ctrl Pts',(7.30014798645608,6.52374735539273,-5.5));
#959=CARTESIAN_POINT('',(7.30014798645608,6.52374735539273,-4.19376316090305));
#960=CARTESIAN_POINT('',(7.1481227251717,6.49298849789242,-4.18731529192359));
#961=CARTESIAN_POINT('Ctrl Pts',(7.14812987153397,6.49308113446391,-4.18731529192359));
#962=CARTESIAN_POINT('Ctrl Pts',(7.19898818825991,6.50249439036218,-4.18754256648997));
#963=CARTESIAN_POINT('Ctrl Pts',(7.24969116122262,6.51272124837008,-4.18973146435791));
#964=CARTESIAN_POINT('Ctrl Pts',(7.30014798645608,6.52374735539273,-4.19376316090304));
#965=CARTESIAN_POINT('',(7.30014798645608,6.52374735539273,-5.5));
#966=CARTESIAN_POINT('Ctrl Pts',(7.30014798645608,6.52374735539273,-4.19376316090305));
#967=CARTESIAN_POINT('Ctrl Pts',(7.30014798645608,6.52374735539273,-4.62917544060203));
#968=CARTESIAN_POINT('Ctrl Pts',(7.30014798645608,6.52374735539273,-5.06458772030102));
#969=CARTESIAN_POINT('Ctrl Pts',(7.30014798645608,6.52374735539273,-5.5));
#970=CARTESIAN_POINT('',(3.83551371368368,7.02060072587413,-5.5));
#971=CARTESIAN_POINT('Ctrl Pts',(7.30014798645608,6.52374735539273,-5.5));
#972=CARTESIAN_POINT('Ctrl Pts',(6.1356952268334,6.26928464017021,-5.5));
#973=CARTESIAN_POINT('Ctrl Pts',(4.88152340323782,6.44914186279637,-5.5));
#974=CARTESIAN_POINT('Ctrl Pts',(3.83551371368368,7.02060072587413,-5.5));
#975=CARTESIAN_POINT('',(3.83551371368368,7.02060072587413,-4.17286266054126));
#976=CARTESIAN_POINT('Ctrl Pts',(3.83551371368368,7.02060072587413,-5.5));
#977=CARTESIAN_POINT('Ctrl Pts',(3.83551371368368,7.02060072587413,-5.05762088684709));
#978=CARTESIAN_POINT('Ctrl Pts',(3.83551371368368,7.02060072587413,-4.61524177369417));
#979=CARTESIAN_POINT('Ctrl Pts',(3.83551371368368,7.02060072587413,-4.17286266054126));
#980=CARTESIAN_POINT('Ctrl Pts',(3.83551371368368,7.02060072587413,-4.17286266053039));
#981=CARTESIAN_POINT('Ctrl Pts',(3.83785896158078,7.0193194636542,-4.17274927247179));
#982=CARTESIAN_POINT('Ctrl Pts',(3.84020525650735,7.01804007085757,-4.17263642680686));
#983=CARTESIAN_POINT('Ctrl Pts',(4.36659705386182,6.73155528511045,-4.14745202113919));
#984=CARTESIAN_POINT('Ctrl Pts',(4.93755557185139,6.54237012722441,-4.14973533547009));
#985=CARTESIAN_POINT('Ctrl Pts',(6.06699000166984,6.38172229164285,-4.16914887505252));
#986=CARTESIAN_POINT('Ctrl Pts',(6.61392628413152,6.39350491324463,-4.18492477573541));
#987=CARTESIAN_POINT('Ctrl Pts',(7.14812272517173,6.49298849789243,-4.18731529192359));
#988=CARTESIAN_POINT('Ctrl Pts',(7.30014798645607,6.52374735539273,-4.19376316090305));
#989=CARTESIAN_POINT('Ctrl Pts',(15.8741503801915,8.39738620540609,-4.87885929346422));
#990=CARTESIAN_POINT('Ctrl Pts',(24.4407677180395,9.38947042027518,-5.14760490649654));
#991=CARTESIAN_POINT('Ctrl Pts',(40.0049464520192,9.59045832170817,-4.87919892438919));
#992=CARTESIAN_POINT('Ctrl Pts',(46.9928734501536,8.50503616593885,-4.15990772089884));
#993=CARTESIAN_POINT('Ctrl Pts',(69.8302938145991,6.85903717637498,-2.99013991579536));
#994=CARTESIAN_POINT('Ctrl Pts',(85.6969604812658,5.69237050970832,-2.38728802252279));
#995=CARTESIAN_POINT('Ctrl Pts',(101.6,4.5,-1.99243623914328));
#996=CARTESIAN_POINT('Ctrl Pts',(7.30014798645607,6.52374735539273,-4.62917544200762));
#997=CARTESIAN_POINT('Ctrl Pts',(15.8741503801915,8.39738620540609,-5.31427157456879));
#998=CARTESIAN_POINT('Ctrl Pts',(24.4407677180395,9.38947042027518,-5.58301718760111));
#999=CARTESIAN_POINT('Ctrl Pts',(40.0049464520192,9.59045832170817,-5.31461120549377));
#1000=CARTESIAN_POINT('Ctrl Pts',(46.9928734501536,8.50503616593885,-4.60123350164641));
#1001=CARTESIAN_POINT('Ctrl Pts',(69.8302938145991,6.85903717637498,-3.41219259276616));
#1002=CARTESIAN_POINT('Ctrl Pts',(85.6969604812658,5.69237050970832,-2.76579947138312));
#1003=CARTESIAN_POINT('Ctrl Pts',(101.6,4.5,-2.29722483591648));
#1004=CARTESIAN_POINT('Ctrl Pts',(7.30014798645607,6.52374735539273,-5.06458772311219));
#1005=CARTESIAN_POINT('Ctrl Pts',(15.8741503801915,8.39738620540609,-5.74968385567337));
#1006=CARTESIAN_POINT('Ctrl Pts',(24.4407677180395,9.38947042027518,-6.01842946870568));
#1007=CARTESIAN_POINT('Ctrl Pts',(40.0049464520192,9.59045832170817,-5.75002348659834));
#1008=CARTESIAN_POINT('Ctrl Pts',(46.9928734501536,8.50503616593885,-5.04255928239399));
#1009=CARTESIAN_POINT('Ctrl Pts',(69.8302938145991,6.85903717637498,-3.83424526973695));
#1010=CARTESIAN_POINT('Ctrl Pts',(85.6969604812658,5.69237050970832,-3.14431092024345));
#1011=CARTESIAN_POINT('Ctrl Pts',(101.6,4.5,-2.60201343268968));
#1012=CARTESIAN_POINT('Ctrl Pts',(7.30014798645607,6.52374735539273,-5.50000000421676));
#1013=CARTESIAN_POINT('Ctrl Pts',(15.8741503801915,8.39738620540609,-6.18509613677794));
#1014=CARTESIAN_POINT('Ctrl Pts',(24.4407677180395,9.38947042027518,-6.45384174981026));
#1015=CARTESIAN_POINT('Ctrl Pts',(40.0049464520192,9.59045832170817,-6.18543576770291));
#1016=CARTESIAN_POINT('Ctrl Pts',(46.9928734501536,8.50503616593885,-5.48388506314156));
#1017=CARTESIAN_POINT('Ctrl Pts',(69.8302938145991,6.85903717637498,-4.25629794670774));
#1018=CARTESIAN_POINT('Ctrl Pts',(85.6969604812658,5.69237050970832,-3.52282236910379));
#1019=CARTESIAN_POINT('Ctrl Pts',(101.6,4.5,-2.90680202946288));
#1020=CARTESIAN_POINT('',(101.6,4.5,-1.99243623914328));
#1021=CARTESIAN_POINT('Ctrl Pts',(7.30014798645616,6.52374735539275,-4.19376316090306));
#1022=CARTESIAN_POINT('Ctrl Pts',(15.8741503801915,8.3973862054061,-4.87885929346422));
#1023=CARTESIAN_POINT('Ctrl Pts',(24.4407677180395,9.38947042027519,-5.14760490649654));
#1024=CARTESIAN_POINT('Ctrl Pts',(40.0049464520192,9.59045832170817,-4.87919892438919));
#1025=CARTESIAN_POINT('Ctrl Pts',(46.9928734501536,8.50503616593885,-4.15990772089884));
#1026=CARTESIAN_POINT('Ctrl Pts',(69.8302938145991,6.85903717637498,-2.99013991579537));
#1027=CARTESIAN_POINT('Ctrl Pts',(85.6969604812658,5.69237050970832,-2.38728802252279));
#1028=CARTESIAN_POINT('Ctrl Pts',(101.6,4.5,-1.99243623914328));
#1029=CARTESIAN_POINT('',(101.6,4.5,-2.34243623914328));
#1030=CARTESIAN_POINT('',(101.6,4.5,-2.34243623914328));
#1031=CARTESIAN_POINT('',(10.1746415259426,7.11892375016383,-4.90786660467028));
#1032=CARTESIAN_POINT('Ctrl Pts',(10.1746415259427,7.11892375016384,-4.90786660467028));
#1033=CARTESIAN_POINT('Ctrl Pts',(17.7889209002003,8.60813146125059,-5.43373033176038));
#1034=CARTESIAN_POINT('Ctrl Pts',(25.3973737248861,9.40182354452931,-5.63110813020362));
#1035=CARTESIAN_POINT('Ctrl Pts',(40.0049464520192,9.59045832170817,-5.3791989243892));
#1036=CARTESIAN_POINT('Ctrl Pts',(46.9928734501536,8.50503616593885,-4.666698410895));
#1037=CARTESIAN_POINT('Ctrl Pts',(69.8302938145991,6.85903717637498,-3.47479858906488));
#1038=CARTESIAN_POINT('Ctrl Pts',(85.6969604812658,5.69237050970832,-2.8219466957923));
#1039=CARTESIAN_POINT('Ctrl Pts',(101.6,4.5,-2.34243623914328));
#1040=CARTESIAN_POINT('',(7.47018798360456,6.56079007998788,-5.5));
#1041=CARTESIAN_POINT('Ctrl Pts',(7.47018798360456,6.56079007998788,-5.5));
#1042=CARTESIAN_POINT('Ctrl Pts',(7.49174312589202,6.56547118141413,-5.48853223689595));
#1043=CARTESIAN_POINT('Ctrl Pts',(7.51336790074634,6.57016184246957,-5.47722441478362));
#1044=CARTESIAN_POINT('Ctrl Pts',(7.53505768464672,6.5748609556439,-5.46607737619142));
#1045=CARTESIAN_POINT('Ctrl Pts',(7.73854087556666,6.61894579058729,-5.36150118527742));
#1046=CARTESIAN_POINT('Ctrl Pts',(7.94911062902999,6.66406672106022,-5.27037658629907));
#1047=CARTESIAN_POINT('Ctrl Pts',(8.1643463801806,6.70961680561636,-5.19354829881686));
#1048=CARTESIAN_POINT('Ctrl Pts',(8.38568865812786,6.75645920713399,-5.11454028982582));
#1049=CARTESIAN_POINT('Ctrl Pts',(8.61254220830655,6.80387762084311,-5.05044771118102));
#1050=CARTESIAN_POINT('Ctrl Pts',(8.84264937647893,6.85132910962422,-5.00231553209218));
#1051=CARTESIAN_POINT('Ctrl Pts',(8.94866542692314,6.87319118140681,-4.98013984948829));
#1052=CARTESIAN_POINT('Ctrl Pts',(9.05537211921057,6.8950609154954,-4.96135233963698));
#1053=CARTESIAN_POINT('Ctrl Pts',(9.16254869058512,6.91688861517598,-4.94605680328447));
#1054=CARTESIAN_POINT('Ctrl Pts',(9.39426794119905,6.96408081537178,-4.91298735372209));
#1055=CARTESIAN_POINT('Ctrl Pts',(9.62822166480001,7.01108124880284,-4.89622752920042));
#1056=CARTESIAN_POINT('Ctrl Pts',(9.86230104596633,7.05744645353086,-4.89677226398002));
#1057=CARTESIAN_POINT('Ctrl Pts',(9.96645156673972,7.07807603736746,-4.89701463650636));
#1058=CARTESIAN_POINT('Ctrl Pts',(10.070626968994,7.09858048816102,-4.90068306439022));
#1059=CARTESIAN_POINT('Ctrl Pts',(10.1746415259426,7.11892375016384,-4.90786660467028));
#1060=CARTESIAN_POINT('Ctrl Pts',(7.47018798361017,6.5607900799891,-5.5));
#1061=CARTESIAN_POINT('Ctrl Pts',(7.41350183456558,6.54847962480386,-5.5));
#1062=CARTESIAN_POINT('Ctrl Pts',(7.35682183507702,6.5361320410599,-5.5));
#1063=CARTESIAN_POINT('Ctrl Pts',(7.30014798645607,6.52374735539273,-5.5));
#1064=CARTESIAN_POINT('Ctrl Pts',(4.16226172159262,-6.83195267555073,-4.14899274233225));
#1065=CARTESIAN_POINT('Ctrl Pts',(4.16226172159262,-6.83195267555073,-4.59932849488817));
#1066=CARTESIAN_POINT('Ctrl Pts',(4.16226172159262,-6.83195267555073,-5.04966424744408));
#1067=CARTESIAN_POINT('Ctrl Pts',(4.16226172159262,-6.83195267555073,-5.5));
#1068=CARTESIAN_POINT('Ctrl Pts',(3.14435898417244,-7.45209420777041,-4.14899274233225));
#1069=CARTESIAN_POINT('Ctrl Pts',(3.14435898417244,-7.45209420777041,-4.59932849488817));
#1070=CARTESIAN_POINT('Ctrl Pts',(3.14435898417244,-7.45209420777041,-5.04966424744408));
#1071=CARTESIAN_POINT('Ctrl Pts',(3.14435898417244,-7.45209420777041,-5.5));
#1072=CARTESIAN_POINT('Ctrl Pts',(2.36151214852628,-8.44831025640176,-4.14899274233225));
#1073=CARTESIAN_POINT('Ctrl Pts',(2.36151214852628,-8.44831025640176,-4.59932849488817));
#1074=CARTESIAN_POINT('Ctrl Pts',(2.36151214852628,-8.44831025640176,-5.04966424744409));
#1075=CARTESIAN_POINT('Ctrl Pts',(2.36151214852628,-8.44831025640176,-5.5));
#1076=CARTESIAN_POINT('Ctrl Pts',(1.99965694441361,-9.58398728535315,-4.14899274233225));
#1077=CARTESIAN_POINT('Ctrl Pts',(1.99965694441361,-9.58398728535315,-4.59932849488817));
#1078=CARTESIAN_POINT('Ctrl Pts',(1.99965694441361,-9.58398728535315,-5.04966424744408));
#1079=CARTESIAN_POINT('Ctrl Pts',(1.99965694441361,-9.58398728535315,-5.5));
#1080=CARTESIAN_POINT('',(1.99965694441361,-9.58398728535315,-4.19376316090305));
#1081=CARTESIAN_POINT('',(2.04903162306259,-9.43695011833231,-4.18731529192367));
#1082=CARTESIAN_POINT('Ctrl Pts',(2.04910827550567,-9.43700262554931,-4.18731529192367));
#1083=CARTESIAN_POINT('Ctrl Pts',(2.03183031247808,-9.48575645338092,-4.18754258456954));
#1084=CARTESIAN_POINT('Ctrl Pts',(2.01533562828085,-9.53477997560646,-4.18973168033871));
#1085=CARTESIAN_POINT('Ctrl Pts',(1.99965694441361,-9.58398728535315,-4.19376316090305));
#1086=CARTESIAN_POINT('',(1.99965694441361,-9.58398728535315,-5.5));
#1087=CARTESIAN_POINT('Ctrl Pts',(1.99965694441361,-9.58398728535315,-4.19376316090305));
#1088=CARTESIAN_POINT('Ctrl Pts',(1.99965694441361,-9.58398728535315,-4.62917544060203));
#1089=CARTESIAN_POINT('Ctrl Pts',(1.99965694441361,-9.58398728535315,-5.06458772030102));
#1090=CARTESIAN_POINT('Ctrl Pts',(1.99965694441361,-9.58398728535315,-5.5));
#1091=CARTESIAN_POINT('',(4.16226172159262,-6.83195267555073,-5.5));
#1092=CARTESIAN_POINT('Ctrl Pts',(1.99965694441361,-9.58398728535315,-5.5));
#1093=CARTESIAN_POINT('Ctrl Pts',(2.36151214852628,-8.44831025640176,-5.5));
#1094=CARTESIAN_POINT('Ctrl Pts',(3.14435898417244,-7.45209420777041,-5.5));
#1095=CARTESIAN_POINT('Ctrl Pts',(4.16226172159262,-6.83195267555073,-5.5));
#1096=CARTESIAN_POINT('',(4.16226172159262,-6.83195267555073,-4.17286266053105));
#1097=CARTESIAN_POINT('Ctrl Pts',(4.16226172159262,-6.83195267555073,-5.5));
#1098=CARTESIAN_POINT('Ctrl Pts',(4.16226172159262,-6.83195267555073,-5.05762088684368));
#1099=CARTESIAN_POINT('Ctrl Pts',(4.16226172159262,-6.83195267555073,-4.61524177368736));
#1100=CARTESIAN_POINT('Ctrl Pts',(4.16226172159262,-6.83195267555073,-4.17286266053105));
#1101=CARTESIAN_POINT('Ctrl Pts',(4.16226172159262,-6.83195267555073,-4.17286266053039));
#1102=CARTESIAN_POINT('Ctrl Pts',(4.15996211881491,-6.83335367305044,-4.17274840931885));
#1103=CARTESIAN_POINT('Ctrl Pts',(4.15766362832763,-6.83475654010012,-4.17263470879463));
#1104=CARTESIAN_POINT('Ctrl Pts',(3.67764787236044,-7.12826318445015,-4.14899274233225));
#1105=CARTESIAN_POINT('Ctrl Pts',(3.25226770841192,-7.49859154992483,-4.14951686549767));
#1106=CARTESIAN_POINT('Ctrl Pts',(2.52895883212691,-8.38085985048765,-4.16704389334776));
#1107=CARTESIAN_POINT('Ctrl Pts',(2.2421556227793,-8.89008788399167,-4.18476384599903));
#1108=CARTESIAN_POINT('Ctrl Pts',(2.04903162306913,-9.43695011831378,-4.18731529192359));
#1109=CARTESIAN_POINT('Ctrl Pts',(1.99965694441361,-9.58398728535314,-4.19376316090305));
#1110=CARTESIAN_POINT('Ctrl Pts',(-0.664725410825057,-17.9461105954433,
-4.87885929346422));
#1111=CARTESIAN_POINT('Ctrl Pts',(-4.08886394697888,-25.8610609419544,-5.14760490649654));
#1112=CARTESIAN_POINT('Ctrl Pts',(-11.6968926854745,-39.4405290653388,-4.87919892438919));
#1113=CARTESIAN_POINT('Ctrl Pts',(-16.1308593452684,-44.9495402876297,-4.15990772089884));
#1114=CARTESIAN_POINT('Ctrl Pts',(-28.975046467057,-63.9043269853617,-2.99013991579537));
#1115=CARTESIAN_POINT('Ctrl Pts',(-37.9187427714721,-77.0619300587414,-2.38728802252279));
#1116=CARTESIAN_POINT('Ctrl Pts',(-46.9028856829701,-90.238181024499,-1.99243623914328));
#1117=CARTESIAN_POINT('Ctrl Pts',(1.99965694441361,-9.58398728535314,-4.62917544164213));
#1118=CARTESIAN_POINT('Ctrl Pts',(-0.664725410825057,-17.9461105954433,
-5.31427157420331));
#1119=CARTESIAN_POINT('Ctrl Pts',(-4.08886394697888,-25.8610609419544,-5.58301718723563));
#1120=CARTESIAN_POINT('Ctrl Pts',(-11.6968926854745,-39.4405290653388,-5.31461120512828));
#1121=CARTESIAN_POINT('Ctrl Pts',(-16.1308593452684,-44.9495402876297,-4.60123350127597));
#1122=CARTESIAN_POINT('Ctrl Pts',(-28.975046467057,-63.9043269853617,-3.41219259241189));
#1123=CARTESIAN_POINT('Ctrl Pts',(-37.9187427714721,-77.0619300587414,-2.7657994710654));
#1124=CARTESIAN_POINT('Ctrl Pts',(-46.9028856829701,-90.238181024499,-2.29722483566064));
#1125=CARTESIAN_POINT('Ctrl Pts',(1.99965694441361,-9.58398728535314,-5.06458772238122));
#1126=CARTESIAN_POINT('Ctrl Pts',(-0.664725410825057,-17.9461105954433,
-5.74968385494239));
#1127=CARTESIAN_POINT('Ctrl Pts',(-4.08886394697888,-25.8610609419544,-6.01842946797471));
#1128=CARTESIAN_POINT('Ctrl Pts',(-11.6968926854745,-39.4405290653388,-5.75002348586736));
#1129=CARTESIAN_POINT('Ctrl Pts',(-16.1308593452684,-44.9495402876297,-5.04255928165309));
#1130=CARTESIAN_POINT('Ctrl Pts',(-28.975046467057,-63.9043269853617,-3.8342452690284));
#1131=CARTESIAN_POINT('Ctrl Pts',(-37.9187427714721,-77.0619300587414,-3.14431091960801));
#1132=CARTESIAN_POINT('Ctrl Pts',(-46.9028856829701,-90.238181024499,-2.602013432178));
#1133=CARTESIAN_POINT('Ctrl Pts',(1.99965694441361,-9.58398728535314,-5.5000000031203));
#1134=CARTESIAN_POINT('Ctrl Pts',(-0.664725410825057,-17.9461105954433,
-6.18509613568148));
#1135=CARTESIAN_POINT('Ctrl Pts',(-4.08886394697888,-25.8610609419544,-6.4538417487138));
#1136=CARTESIAN_POINT('Ctrl Pts',(-11.6968926854745,-39.4405290653388,-6.18543576660645));
#1137=CARTESIAN_POINT('Ctrl Pts',(-16.1308593452684,-44.9495402876297,-5.48388506203021));
#1138=CARTESIAN_POINT('Ctrl Pts',(-28.975046467057,-63.9043269853617,-4.25629794564493));
#1139=CARTESIAN_POINT('Ctrl Pts',(-37.9187427714721,-77.0619300587414,-3.52282236815062));
#1140=CARTESIAN_POINT('Ctrl Pts',(-46.9028856829701,-90.238181024499,-2.90680202869536));
#1141=CARTESIAN_POINT('',(-46.9028856829701,-90.238181024499,-1.99243623914328));
#1142=CARTESIAN_POINT('Ctrl Pts',(1.99965694441358,-9.58398728535323,-4.19376316090305));
#1143=CARTESIAN_POINT('Ctrl Pts',(-0.664725410825081,-17.9461105954433,
-4.87885929346423));
#1144=CARTESIAN_POINT('Ctrl Pts',(-4.08886394697889,-25.8610609419544,-5.14760490649654));
#1145=CARTESIAN_POINT('Ctrl Pts',(-11.6968926854745,-39.4405290653388,-4.87919892438919));
#1146=CARTESIAN_POINT('Ctrl Pts',(-16.1308593452684,-44.9495402876297,-4.15990772089884));
#1147=CARTESIAN_POINT('Ctrl Pts',(-28.975046467057,-63.9043269853617,-2.99013991579537));
#1148=CARTESIAN_POINT('Ctrl Pts',(-37.9187427714721,-77.0619300587414,-2.38728802252279));
#1149=CARTESIAN_POINT('Ctrl Pts',(-46.9028856829701,-90.238181024499,-1.99243623914328));
#1150=CARTESIAN_POINT('',(-46.9028856829701,-90.238181024499,-2.34243623914328));
#1151=CARTESIAN_POINT('',(-46.9028856829701,-90.238181024499,-2.34243623914328));
#1152=CARTESIAN_POINT('',(1.07784805227495,-12.3709599109483,-4.90786660467028));
#1153=CARTESIAN_POINT('Ctrl Pts',(1.07784805227494,-12.3709599109483,-4.90786660467028));
#1154=CARTESIAN_POINT('Ctrl Pts',(-1.43959992554107,-19.7097231361107,-5.43373033176038));
#1155=CARTESIAN_POINT('Ctrl Pts',(-4.556468830982,-26.6956826074234,-5.63110813020362));
#1156=CARTESIAN_POINT('Ctrl Pts',(-11.6968926854745,-39.4405290653388,-5.3791989243892));
#1157=CARTESIAN_POINT('Ctrl Pts',(-16.1308593452684,-44.9495402876297,-4.666698410895));
#1158=CARTESIAN_POINT('Ctrl Pts',(-28.975046467057,-63.9043269853617,-3.47479858906488));
#1159=CARTESIAN_POINT('Ctrl Pts',(-37.9187427714721,-77.0619300587414,-2.8219466957923));
#1160=CARTESIAN_POINT('Ctrl Pts',(-46.9028856829701,-90.238181024499,-2.34243623914328));
#1161=CARTESIAN_POINT('',(1.94671688636416,-9.74976760484074,-5.5));
#1162=CARTESIAN_POINT('Ctrl Pts',(1.94671688636416,-9.74976760484074,-5.5));
#1163=CARTESIAN_POINT('Ctrl Pts',(1.93995762036626,-9.77088683680591,-5.4884714365538));
#1164=CARTESIAN_POINT('Ctrl Pts',(1.93317153299289,-9.79207184981616,-5.47710451072951));
#1165=CARTESIAN_POINT('Ctrl Pts',(1.92635999720096,-9.81331801724537,-5.46590007883655));
#1166=CARTESIAN_POINT('Ctrl Pts',(1.86279614540713,-10.0115828842168,-5.3613426236556));
#1167=CARTESIAN_POINT('Ctrl Pts',(1.79658678432913,-10.2165013447802,-5.2702361997373));
#1168=CARTESIAN_POINT('Ctrl Pts',(1.72841644055757,-10.4256741448564,-5.19342550017533));
#1169=CARTESIAN_POINT('Ctrl Pts',(1.65830946418296,-10.6407892776522,-5.11443270651197));
#1170=CARTESIAN_POINT('Ctrl Pts',(1.5859459962896,-10.8609642324723,-5.05035595344252));
#1171=CARTESIAN_POINT('Ctrl Pts',(1.5119846579659,-11.0839724492743,-5.0022402413439));
#1172=CARTESIAN_POINT('Ctrl Pts',(1.47792122709974,-11.1866805011807,-4.98008020111486));
#1173=CARTESIAN_POINT('Ctrl Pts',(1.4435194198037,-11.2899898500076,-4.9613060077615));
#1174=CARTESIAN_POINT('Ctrl Pts',(1.40884650426633,-11.3936847056989,-4.94602135177215));
#1175=CARTESIAN_POINT('Ctrl Pts',(1.33385574652186,-11.6179564660048,-4.91296362020444));
#1176=CARTESIAN_POINT('Ctrl Pts',(1.25758192162859,-11.8440666889355,-4.89621581308882));
#1177=CARTESIAN_POINT('Ctrl Pts',(1.18069540149375,-12.0699673687192,-4.89677285096777));
#1178=CARTESIAN_POINT('Ctrl Pts',(1.14651302011444,-12.1703987990488,-4.89702050011599));
#1179=CARTESIAN_POINT('Ctrl Pts',(1.11221007319775,-12.270789127793,-4.9006888037576));
#1180=CARTESIAN_POINT('Ctrl Pts',(1.07784805227494,-12.3709599109483,-4.90786660467028));
#1181=CARTESIAN_POINT('Ctrl Pts',(1.94671688636555,-9.74976760483641,-5.5));
#1182=CARTESIAN_POINT('Ctrl Pts',(1.96439892333823,-9.69452032790447,-5.5));
#1183=CARTESIAN_POINT('Ctrl Pts',(1.98204560141323,-9.6392602162581,-5.5));
#1184=CARTESIAN_POINT('Ctrl Pts',(1.99965694441361,-9.58398728535314,-5.5));
#1185=CARTESIAN_POINT('Ctrl Pts',(-7.99777543527631,-0.188648050323401,
-4.14860677099951));
#1186=CARTESIAN_POINT('Ctrl Pts',(-7.99777543527631,-0.188648050323401,
-4.59907118066634));
#1187=CARTESIAN_POINT('Ctrl Pts',(-7.99777543527631,-0.188648050323401,
-5.04953559033317));
#1188=CARTESIAN_POINT('Ctrl Pts',(-7.99777543527631,-0.188648050323401,
-5.5));
#1189=CARTESIAN_POINT('Ctrl Pts',(-8.02588238741027,1.00295234497404,-4.14860677099951));
#1190=CARTESIAN_POINT('Ctrl Pts',(-8.02588238741027,1.00295234497404,-4.59907118066634));
#1191=CARTESIAN_POINT('Ctrl Pts',(-8.02588238741027,1.00295234497404,-5.04953559033317));
#1192=CARTESIAN_POINT('Ctrl Pts',(-8.02588238741027,1.00295234497404,-5.5));
#1193=CARTESIAN_POINT('Ctrl Pts',(-8.49720737535968,2.17902561623155,-4.14860677099951));
#1194=CARTESIAN_POINT('Ctrl Pts',(-8.49720737535968,2.17902561623155,-4.59907118066634));
#1195=CARTESIAN_POINT('Ctrl Pts',(-8.49720737535968,2.17902561623155,-5.04953559033317));
#1196=CARTESIAN_POINT('Ctrl Pts',(-8.49720737535968,2.17902561623155,-5.5));
#1197=CARTESIAN_POINT('Ctrl Pts',(-9.29980493086969,3.06023992996042,-4.14860677099951));
#1198=CARTESIAN_POINT('Ctrl Pts',(-9.29980493086969,3.06023992996042,-4.59907118066634));
#1199=CARTESIAN_POINT('Ctrl Pts',(-9.29980493086969,3.06023992996042,-5.04953559033317));
#1200=CARTESIAN_POINT('Ctrl Pts',(-9.29980493086969,3.06023992996042,-5.5));
#1201=CARTESIAN_POINT('',(-9.29980493086969,3.06023992996042,-4.19376316090305));
#1202=CARTESIAN_POINT('',(-9.1971543482531,2.94396162043566,-4.18731529192367));
#1203=CARTESIAN_POINT('Ctrl Pts',(-9.19723814705845,2.9439214910812,-4.18731529192367));
#1204=CARTESIAN_POINT('Ctrl Pts',(-9.23082109127845,2.98326141031338,-4.18754258316871));
#1205=CARTESIAN_POINT('Ctrl Pts',(-9.26502935998179,3.02205799104953,-4.18973166497476));
#1206=CARTESIAN_POINT('Ctrl Pts',(-9.29980493086969,3.06023992996042,-4.19376316090305));
#1207=CARTESIAN_POINT('',(-9.29980493086969,3.06023992996042,-5.5));
#1208=CARTESIAN_POINT('Ctrl Pts',(-9.29980493086969,3.06023992996042,-4.19376316090305));
#1209=CARTESIAN_POINT('Ctrl Pts',(-9.29980493086969,3.06023992996042,-4.62917544060203));
#1210=CARTESIAN_POINT('Ctrl Pts',(-9.29980493086969,3.06023992996042,-5.06458772030102));
#1211=CARTESIAN_POINT('Ctrl Pts',(-9.29980493086969,3.06023992996042,-5.5));
#1212=CARTESIAN_POINT('',(-7.99777543527631,-0.188648050323401,-5.5));
#1213=CARTESIAN_POINT('Ctrl Pts',(-9.29980493086969,3.06023992996042,-5.5));
#1214=CARTESIAN_POINT('Ctrl Pts',(-8.49720737535968,2.17902561623155,-5.5));
#1215=CARTESIAN_POINT('Ctrl Pts',(-8.02588238741027,1.00295234497404,-5.5));
#1216=CARTESIAN_POINT('Ctrl Pts',(-7.99777543527631,-0.188648050323401,
-5.5));
#1217=CARTESIAN_POINT('',(-7.99777543527631,-0.188648050323401,-4.17286266053484));
#1218=CARTESIAN_POINT('Ctrl Pts',(-7.99777543527631,-0.188648050323401,
-5.5));
#1219=CARTESIAN_POINT('Ctrl Pts',(-7.99777543527631,-0.188648050323401,
-5.05762088684495));
#1220=CARTESIAN_POINT('Ctrl Pts',(-7.99777543527631,-0.188648050323401,
-4.6152417736899));
#1221=CARTESIAN_POINT('Ctrl Pts',(-7.99777543527631,-0.188648050323401,
-4.17286266053484));
#1222=CARTESIAN_POINT('Ctrl Pts',(-7.99777543527631,-0.188648050323401,
-4.1728626605304));
#1223=CARTESIAN_POINT('Ctrl Pts',(-7.99783881207718,-0.185961176961754,
-4.17274862745664));
#1224=CARTESIAN_POINT('Ctrl Pts',(-7.99790435578154,-0.183274332847351,
-4.17263514300301));
#1225=CARTESIAN_POINT('Ctrl Pts',(-8.01231035582074,0.388367125962324,-4.14860677099951));
#1226=CARTESIAN_POINT('Ctrl Pts',(-8.12366983143073,0.950827867398517,-4.14955078726965));
#1227=CARTESIAN_POINT('Ctrl Pts',(-8.53190782426053,2.01612731632016,-4.16758071453323));
#1228=CARTESIAN_POINT('Ctrl Pts',(-8.82608147316865,2.51024831630797,-4.18480418974262));
#1229=CARTESIAN_POINT('Ctrl Pts',(-9.19715434824087,2.94396162042136,-4.18731529192359));
#1230=CARTESIAN_POINT('Ctrl Pts',(-9.29980493086969,3.06023992996042,-4.19376316090305));
#1231=CARTESIAN_POINT('Ctrl Pts',(-15.2094249693664,9.54872439003718,-4.87885929346422));
#1232=CARTESIAN_POINT('Ctrl Pts',(-20.3519037710606,16.4715905216792,-5.14760490649654));
#1233=CARTESIAN_POINT('Ctrl Pts',(-28.3080537665447,29.8500707436307,-4.87919892438919));
#1234=CARTESIAN_POINT('Ctrl Pts',(-30.8620141048852,36.4445041216908,-4.15990772089884));
#1235=CARTESIAN_POINT('Ctrl Pts',(-40.8552473475422,57.0452898089867,-2.99013991579537));
#1236=CARTESIAN_POINT('Ctrl Pts',(-47.7782177097936,71.3695595490331,-2.38728802252279));
#1237=CARTESIAN_POINT('Ctrl Pts',(-54.69711431703,85.738181024499,-1.99243623914328));
#1238=CARTESIAN_POINT('Ctrl Pts',(-9.29980493086969,3.06023992996042,-4.62917544060267));
#1239=CARTESIAN_POINT('Ctrl Pts',(-15.2094249693664,9.54872439003718,-5.31427157316384));
#1240=CARTESIAN_POINT('Ctrl Pts',(-20.3519037710606,16.4715905216792,-5.58301718619616));
#1241=CARTESIAN_POINT('Ctrl Pts',(-28.3080537665447,29.8500707436307,-5.31461120408881));
#1242=CARTESIAN_POINT('Ctrl Pts',(-30.8620141048852,36.4445041216908,-4.60123350022238));
#1243=CARTESIAN_POINT('Ctrl Pts',(-40.8552473475422,57.0452898089867,-3.41219259140431));
#1244=CARTESIAN_POINT('Ctrl Pts',(-47.7782177097936,71.3695595490331,-2.76579947016177));
#1245=CARTESIAN_POINT('Ctrl Pts',(-54.69711431703,85.738181024499,-2.29722483493301));
#1246=CARTESIAN_POINT('Ctrl Pts',(-9.29980493086969,3.06023992996042,-5.06458772030229));
#1247=CARTESIAN_POINT('Ctrl Pts',(-15.2094249693664,9.54872439003718,-5.74968385286346));
#1248=CARTESIAN_POINT('Ctrl Pts',(-20.3519037710606,16.4715905216792,-6.01842946589578));
#1249=CARTESIAN_POINT('Ctrl Pts',(-28.3080537665447,29.8500707436307,-5.75002348378843));
#1250=CARTESIAN_POINT('Ctrl Pts',(-30.8620141048852,36.4445041216908,-5.04255927954592));
#1251=CARTESIAN_POINT('Ctrl Pts',(-40.8552473475422,57.0452898089867,-3.83424526701326));
#1252=CARTESIAN_POINT('Ctrl Pts',(-47.7782177097936,71.3695595490331,-3.14431091780076));
#1253=CARTESIAN_POINT('Ctrl Pts',(-54.69711431703,85.738181024499,-2.60201343072275));
#1254=CARTESIAN_POINT('Ctrl Pts',(-9.29980493086969,3.06023992996042,-5.5000000000019));
#1255=CARTESIAN_POINT('Ctrl Pts',(-15.2094249693664,9.54872439003718,-6.18509613256308));
#1256=CARTESIAN_POINT('Ctrl Pts',(-20.3519037710606,16.4715905216792,-6.4538417455954));
#1257=CARTESIAN_POINT('Ctrl Pts',(-28.3080537665447,29.8500707436307,-6.18543576348805));
#1258=CARTESIAN_POINT('Ctrl Pts',(-30.8620141048852,36.4445041216908,-5.48388505886946));
#1259=CARTESIAN_POINT('Ctrl Pts',(-40.8552473475422,57.0452898089867,-4.25629794262221));
#1260=CARTESIAN_POINT('Ctrl Pts',(-47.7782177097936,71.3695595490331,-3.52282236543974));
#1261=CARTESIAN_POINT('Ctrl Pts',(-54.69711431703,85.738181024499,-2.90680202651248));
#1262=CARTESIAN_POINT('',(-54.69711431703,85.738181024499,-1.99243623914328));
#1263=CARTESIAN_POINT('Ctrl Pts',(-9.29980493086975,3.06023992996049,-4.19376316090306));
#1264=CARTESIAN_POINT('Ctrl Pts',(-15.2094249693665,9.54872439003723,-4.87885929346423));
#1265=CARTESIAN_POINT('Ctrl Pts',(-20.3519037710606,16.4715905216792,-5.14760490649654));
#1266=CARTESIAN_POINT('Ctrl Pts',(-28.3080537665447,29.8500707436307,-4.87919892438919));
#1267=CARTESIAN_POINT('Ctrl Pts',(-30.8620141048852,36.4445041216908,-4.15990772089884));
#1268=CARTESIAN_POINT('Ctrl Pts',(-40.8552473475422,57.0452898089867,-2.99013991579537));
#1269=CARTESIAN_POINT('Ctrl Pts',(-47.7782177097936,71.3695595490331,-2.38728802252279));
#1270=CARTESIAN_POINT('Ctrl Pts',(-54.69711431703,85.738181024499,-1.99243623914328));
#1271=CARTESIAN_POINT('',(-54.69711431703,85.738181024499,-2.34243623914328));
#1272=CARTESIAN_POINT('',(-54.69711431703,85.738181024499,-2.34243623914328));
#1273=CARTESIAN_POINT('',(-11.2524895782176,5.25203616078447,-4.90786660467028));
#1274=CARTESIAN_POINT('Ctrl Pts',(-11.2524895782176,5.2520361607845,-4.90786660467028));
#1275=CARTESIAN_POINT('Ctrl Pts',(-16.3493209746592,11.1015916748601,-5.43373033176038));
#1276=CARTESIAN_POINT('Ctrl Pts',(-20.8409048939041,17.2938590628941,-5.63110813020362));
#1277=CARTESIAN_POINT('Ctrl Pts',(-28.3080537665447,29.8500707436307,-5.3791989243892));
#1278=CARTESIAN_POINT('Ctrl Pts',(-30.8620141048852,36.4445041216908,-4.666698410895));
#1279=CARTESIAN_POINT('Ctrl Pts',(-40.8552473475422,57.0452898089867,-3.47479858906488));
#1280=CARTESIAN_POINT('Ctrl Pts',(-47.7782177097936,71.3695595490331,-2.8219466957923));
#1281=CARTESIAN_POINT('Ctrl Pts',(-54.69711431703,85.738181024499,-2.34243623914328));
#1282=CARTESIAN_POINT('',(-9.41690486996872,3.18897752485286,-5.5));
#1283=CARTESIAN_POINT('Ctrl Pts',(-9.41690486996872,3.18897752485286,-5.5));
#1284=CARTESIAN_POINT('Ctrl Pts',(-9.43180869236004,3.20538386214268,-5.48847633556099));
#1285=CARTESIAN_POINT('Ctrl Pts',(-9.44675603478411,3.22184626990502,-5.47711417170773));
#1286=CARTESIAN_POINT('Ctrl Pts',(-9.46174358094248,3.23836125001987,-5.46591436363372));
#1287=CARTESIAN_POINT('Ctrl Pts',(-9.60166405662038,3.39254151736086,-5.36135538802434));
#1288=CARTESIAN_POINT('Ctrl Pts',(-9.7460240515073,3.55233975925048,-5.27024749162226));
#1289=CARTESIAN_POINT('Ctrl Pts',(-9.89308798459128,3.7159635020479,-5.19343536992263));
#1290=CARTESIAN_POINT('Ctrl Pts',(-10.0443293580677,3.88423507669635,-5.11444135322611));
#1291=CARTESIAN_POINT('Ctrl Pts',(-10.1988244835936,4.05699080610169,-5.05036332806429));
#1292=CARTESIAN_POINT('Ctrl Pts',(-10.3549744079323,4.2325470232524,-5.00224629231128));
#1293=CARTESIAN_POINT('Ctrl Pts',(-10.4268924993248,4.31340308593089,-4.98008499194897));
#1294=CARTESIAN_POINT('Ctrl Pts',(-10.4991621736686,4.39485288732108,-4.96130972630182));
#1295=CARTESIAN_POINT('Ctrl Pts',(-10.5716301713113,4.4767302613576,-4.94602419476009));
#1296=CARTESIAN_POINT('Ctrl Pts',(-10.7283598026739,4.65380995262957,-4.91296552332383));
#1297=CARTESIAN_POINT('Ctrl Pts',(-10.8860400990981,4.83292009157836,-4.89621675232392));
#1298=CARTESIAN_POINT('Ctrl Pts',(-11.043232620073,5.01245611663589,-4.89677280340337));
#1299=CARTESIAN_POINT('Ctrl Pts',(-11.1131220929488,5.09227974994673,-4.89702002964921));
#1300=CARTESIAN_POINT('Ctrl Pts',(-11.1829156840315,5.17218726551671,-4.90068834342146));
#1301=CARTESIAN_POINT('Ctrl Pts',(-11.2524895782176,5.25203616078447,-4.90786660467028));
#1302=CARTESIAN_POINT('Ctrl Pts',(-9.41690486997187,3.18897752485633,-5.50000000001001));
#1303=CARTESIAN_POINT('Ctrl Pts',(-9.37790124547672,3.14604178648054,-5.50000000000585));
#1304=CARTESIAN_POINT('Ctrl Pts',(-9.33886792566173,3.10312925838105,-5.5000000000034));
#1305=CARTESIAN_POINT('Ctrl Pts',(-9.29980493087031,3.0602399299611,-5.50000000000198));
#1306=CARTESIAN_POINT('Ctrl Pts',(-9.15817266291786,-0.965325760011299,
4.97204062296744));
#1307=CARTESIAN_POINT('Ctrl Pts',(-9.25309700553262,-1.57921238724306,4.23932749495354));
#1308=CARTESIAN_POINT('Ctrl Pts',(-9.38357725544017,-3.03402343595397,2.86870030554517));
#1309=CARTESIAN_POINT('Ctrl Pts',(-9.02705522039368,-5.48555718380892,0.913983672548584));
#1310=CARTESIAN_POINT('Ctrl Pts',(-7.66455253686229,-8.73778019532616,-1.54109418590435));
#1311=CARTESIAN_POINT('Ctrl Pts',(-4.77849678892647,-11.4882743179669,-3.6295910184753));
#1312=CARTESIAN_POINT('Ctrl Pts',(-0.727220300183555,-12.5761823764143,
-4.78720313342693));
#1313=CARTESIAN_POINT('Ctrl Pts',(1.4061922509431,-12.3911052563588,-4.96022681434254));
#1314=CARTESIAN_POINT('Ctrl Pts',(2.42093419172939,-12.1136351407509,-4.94570583371065));
#1315=CARTESIAN_POINT('Ctrl Pts',(-8.96192016117497,-0.827316829874785,
4.84318929093364));
#1316=CARTESIAN_POINT('Ctrl Pts',(-9.03942440830978,-1.43511989929848,4.09554952736025));
#1317=CARTESIAN_POINT('Ctrl Pts',(-9.12447330735215,-2.86833185612409,2.70712879918971));
#1318=CARTESIAN_POINT('Ctrl Pts',(-8.70291235328604,-5.25444396775968,0.762056970433001));
#1319=CARTESIAN_POINT('Ctrl Pts',(-7.28644272159476,-8.38455959323311,-1.6429422973739));
#1320=CARTESIAN_POINT('Ctrl Pts',(-4.45098648812473,-10.9579667053077,-3.6295437666951));
#1321=CARTESIAN_POINT('Ctrl Pts',(-0.636080373499019,-11.9327511172783,
-4.71597811648238));
#1322=CARTESIAN_POINT('Ctrl Pts',(1.34799359956313,-11.7543362153012,-4.89206882944506));
#1323=CARTESIAN_POINT('Ctrl Pts',(2.29554723605254,-11.496639960034,-4.88990466308764));
#1324=CARTESIAN_POINT('Ctrl Pts',(-8.60797763094613,-0.517973073900146,
4.56255876802746));
#1325=CARTESIAN_POINT('Ctrl Pts',(-8.65710357844851,-1.11041948415317,3.77771063981986));
#1326=CARTESIAN_POINT('Ctrl Pts',(-8.66675652455643,-2.49319705104357,2.33411076107792));
#1327=CARTESIAN_POINT('Ctrl Pts',(-8.1378492097236,-4.7404636038361,0.364214461731003));
#1328=CARTESIAN_POINT('Ctrl Pts',(-6.63554558664304,-7.62151190848329,-2.01343377994783));
#1329=CARTESIAN_POINT('Ctrl Pts',(-3.89846879359069,-9.84828217423512,-3.88457164243968));
#1330=CARTESIAN_POINT('Ctrl Pts',(-0.508613147662165,-10.6125146409027,
-4.8834118070274));
#1331=CARTESIAN_POINT('Ctrl Pts',(1.21166642292705,-10.4541039678212,-5.06733876263797));
#1332=CARTESIAN_POINT('Ctrl Pts',(2.04232848076597,-10.2384762203273,-5.08319282662851));
#1333=CARTESIAN_POINT('Ctrl Pts',(-8.1486936701971,0.117395412680396,4.01166128738279));
#1334=CARTESIAN_POINT('Ctrl Pts',(-8.17690197630741,-0.441913197107416,
3.14212314284307));
#1335=CARTESIAN_POINT('Ctrl Pts',(-8.12687352643928,-1.72447709677656,1.54906111440952));
#1336=CARTESIAN_POINT('Ctrl Pts',(-7.53331037323548,-3.74602314786702,-0.591705235850204));
#1337=CARTESIAN_POINT('Ctrl Pts',(-6.02572366862228,-6.27044418712268,-3.14478614816403));
#1338=CARTESIAN_POINT('Ctrl Pts',(-3.48433918405261,-8.10301714044672,-5.1274019984661));
#1339=CARTESIAN_POINT('Ctrl Pts',(-0.526893455474596,-8.69180641312847,
-6.18875088146723));
#1340=CARTESIAN_POINT('Ctrl Pts',(0.956353763050643,-8.57982192207721,-6.38954745463163));
#1341=CARTESIAN_POINT('Ctrl Pts',(1.68483935356536,-8.42045167941776,-6.40870413005399));
#1342=CARTESIAN_POINT('Ctrl Pts',(-7.98136974646258,0.631746386960931,3.58516835118455));
#1343=CARTESIAN_POINT('Ctrl Pts',(-8.02402777238888,0.0965621851217191,
2.64417848364285));
#1344=CARTESIAN_POINT('Ctrl Pts',(-8.0079031586068,-1.11870664455538,0.914523902679369));
#1345=CARTESIAN_POINT('Ctrl Pts',(-7.50168860231285,-3.03816710197988,-1.42357258858721));
#1346=CARTESIAN_POINT('Ctrl Pts',(-6.15312936135079,-5.46645818273316,-4.23864579383068));
#1347=CARTESIAN_POINT('Ctrl Pts',(-3.77102968312584,-7.3534978950615,-6.50938591047092));
#1348=CARTESIAN_POINT('Ctrl Pts',(-0.756920861599507,-8.07770099348368,
-7.76669763830524));
#1349=CARTESIAN_POINT('Ctrl Pts',(0.813905542588128,-7.99648955163065,-7.98067335758869));
#1350=CARTESIAN_POINT('Ctrl Pts',(1.58041735162878,-7.84234255541626,-7.98188019978415));
#1351=CARTESIAN_POINT('Ctrl Pts',(-7.94364617269413,0.947884741433227,3.32923307308841));
#1352=CARTESIAN_POINT('Ctrl Pts',(-8.00612096524152,0.424321458877812,2.34534053410369));
#1353=CARTESIAN_POINT('Ctrl Pts',(-8.0380838690175,-0.760514337913139,0.533764854988872));
#1354=CARTESIAN_POINT('Ctrl Pts',(-7.63055193538444,-2.65977128728954,-1.92304001916586));
#1355=CARTESIAN_POINT('Ctrl Pts',(-6.42450114491128,-5.120114140655,-4.89605068584925));
#1356=CARTESIAN_POINT('Ctrl Pts',(-4.12086689986395,-7.1832796858986,-7.34132504063389));
#1357=CARTESIAN_POINT('Ctrl Pts',(-0.93979733317319,-8.07727811212913,-8.71816402552802));
#1358=CARTESIAN_POINT('Ctrl Pts',(0.762329235141256,-8.00800142739045,-8.93991283107394));
#1359=CARTESIAN_POINT('Ctrl Pts',(1.58773619107706,-7.84086052595913,-8.92996318186347));
#1360=CARTESIAN_POINT('',(-7.94364617269413,0.947884741433228,3.32923307308842));
#1361=CARTESIAN_POINT('',(-5.68310128459689,-5.63048486269284,-5.5));
#1362=CARTESIAN_POINT('Ctrl Pts',(-7.94364617269413,0.947884741433227,3.32923307308841));
#1363=CARTESIAN_POINT('Ctrl Pts',(-8.00612096524152,0.424321458877812,2.34534053410369));
#1364=CARTESIAN_POINT('Ctrl Pts',(-8.0380838690175,-0.760514337913139,0.533764854988872));
#1365=CARTESIAN_POINT('Ctrl Pts',(-7.63055193538444,-2.65977128728954,-1.92304001916586));
#1366=CARTESIAN_POINT('Ctrl Pts',(-6.81730741723408,-4.31878959238503,-3.92775213094537));
#1367=CARTESIAN_POINT('Ctrl Pts',(-6.04210634422893,-5.26738181796105,-5.06253119378386));
#1368=CARTESIAN_POINT('Ctrl Pts',(-5.68230103383954,-5.63007180983557,-5.49968403651723));
#1369=CARTESIAN_POINT('Ctrl Pts',(-5.68310128459688,-5.63048486269285,-5.5));
#1370=CARTESIAN_POINT('Ctrl Pts',(-4.81713146961199,-6.50454709498327,-5.5));
#1371=CARTESIAN_POINT('Ctrl Pts',(-3.90536556334369,-7.41868210277526,-5.5));
#1372=CARTESIAN_POINT('Ctrl Pts',(-2.25687646239767,-8.68088208130219,-5.5));
#1373=CARTESIAN_POINT('Ctrl Pts',(-1.53742511722911,-9.13776097400727,-5.5));
#1374=CARTESIAN_POINT('Ctrl Pts',(-0.16515312720733,-9.69118144662713,-5.5));
#1375=CARTESIAN_POINT('Ctrl Pts',(0.477537367164629,-9.84412419373341,-5.5));
#1376=CARTESIAN_POINT('Ctrl Pts',(1.34370193414867,-9.8375356290667,-5.5));
#1377=CARTESIAN_POINT('Ctrl Pts',(1.55128638036988,-9.82001615858105,-5.5));
#1378=CARTESIAN_POINT('Ctrl Pts',(1.82091743059755,-9.77536728517424,-5.5));
#1379=CARTESIAN_POINT('Ctrl Pts',(1.88398534877902,-9.76333004126199,-5.5));
#1380=CARTESIAN_POINT('Ctrl Pts',(1.94671688636417,-9.74976760484075,-5.5));
#1381=CARTESIAN_POINT('',(-9.2888399787519,-3.13320067900171,2.83858134040571));
#1382=CARTESIAN_POINT('Ctrl Pts',(1.07781901269624,-12.3705093710268,-4.90755748615199));
#1383=CARTESIAN_POINT('Ctrl Pts',(0.486033716039068,-12.4370908575426,-4.8661092348237));
#1384=CARTESIAN_POINT('Ctrl Pts',(-1.16646338491533,-12.4582303944094,-4.6616937741652));
#1385=CARTESIAN_POINT('Ctrl Pts',(-4.77849678892647,-11.4882743179669,-3.6295910184753));
#1386=CARTESIAN_POINT('Ctrl Pts',(-7.66455253686229,-8.73778019532616,-1.54109418590435));
#1387=CARTESIAN_POINT('Ctrl Pts',(-9.01907175403843,-5.50461330260123,0.89959835667407));
#1388=CARTESIAN_POINT('Ctrl Pts',(-9.25910496800989,-3.88950568494682,2.18659583044561));
#1389=CARTESIAN_POINT('Ctrl Pts',(-9.28950052440451,-3.13328511503827,2.83859862706711));
#1390=CARTESIAN_POINT('',(-9.29608238374639,-2.87030577374503,3.06780261202677));
#1391=CARTESIAN_POINT('Ctrl Pts',(-9.28950052440451,-3.13328511503827,2.83859862706711));
#1392=CARTESIAN_POINT('Ctrl Pts',(-9.29023002264172,-3.11513569985632,2.8542467989452));
#1393=CARTESIAN_POINT('Ctrl Pts',(-9.29353169717176,-3.02696060060693,2.93041623103276));
#1394=CARTESIAN_POINT('Ctrl Pts',(-9.29563683709879,-2.93936902647811,3.00680498383401));
#1395=CARTESIAN_POINT('Ctrl Pts',(-9.29660041219099,-2.87020215441326,3.06765229679343));
#1396=CARTESIAN_POINT('Ctrl Pts',(-9.29608238374639,-2.87030577374503,3.06780261202677));
#1397=CARTESIAN_POINT('Ctrl Pts',(-8.91965851662521,-2.28053835910372,3.13178076997547));
#1398=CARTESIAN_POINT('Ctrl Pts',(-8.58962149106979,-1.56128072224025,3.19880216345281));
#1399=CARTESIAN_POINT('Ctrl Pts',(-8.15844776957394,-0.254073376712351,
3.28262897708136));
#1400=CARTESIAN_POINT('Ctrl Pts',(-8.01652808882499,0.342919732923814,3.3098245714465));
#1401=CARTESIAN_POINT('Ctrl Pts',(-7.94434987656309,0.942001676700865,3.32904488212171));
#1402=CARTESIAN_POINT('Ctrl Pts',(-7.94399718665953,0.944943106632115,3.32913906668434));
#1403=CARTESIAN_POINT('Ctrl Pts',(-7.94364617269413,0.947884741433226,3.32923307308842));
#1404=CARTESIAN_POINT('Ctrl Pts',(-1.47590467515028,-7.86267800370011,4.4999999998849));
#1405=CARTESIAN_POINT('Ctrl Pts',(-0.477012952099205,-8.05018014525115,
3.56202845717918));
#1406=CARTESIAN_POINT('Ctrl Pts',(1.17863894388966,-8.02507648542766,1.83584450974449));
#1407=CARTESIAN_POINT('Ctrl Pts',(3.11198828305119,-7.42510229975823,-1.06668467134205));
#1408=CARTESIAN_POINT('Ctrl Pts',(3.89155229226815,-6.9968782171728,-3.07773779216153));
#1409=CARTESIAN_POINT('Ctrl Pts',(4.16226172159277,-6.83195267555064,-4.172862660531));
#1410=CARTESIAN_POINT('Ctrl Pts',(-2.00548936243401,-7.76326956862465,3.62422120972974));
#1411=CARTESIAN_POINT('Ctrl Pts',(-1.02544758635497,-8.01892622229858,2.7693022830495));
#1412=CARTESIAN_POINT('Ctrl Pts',(0.642412914133878,-8.10490826772453,1.17353360770074));
#1413=CARTESIAN_POINT('Ctrl Pts',(2.62166913240289,-7.63124479734351,-1.51393952251564));
#1414=CARTESIAN_POINT('Ctrl Pts',(3.41920609355514,-7.25878956438264,-3.38678019223844));
#1415=CARTESIAN_POINT('Ctrl Pts',(3.68807972716557,-7.12084073701746,-4.4139455208468));
#1416=CARTESIAN_POINT('Ctrl Pts',(-3.06160815068957,-8.30611887587791,2.09992724381444));
#1417=CARTESIAN_POINT('Ctrl Pts',(-2.00343430255435,-8.59337419938948,1.38481833131052));
#1418=CARTESIAN_POINT('Ctrl Pts',(-0.203635785303505,-8.72321371666212,
0.0174295765178568));
#1419=CARTESIAN_POINT('Ctrl Pts',(1.89361869743341,-8.27457601173708,-2.2972430748035));
#1420=CARTESIAN_POINT('Ctrl Pts',(2.71774700413501,-7.94006487196424,-3.92714083874957));
#1421=CARTESIAN_POINT('Ctrl Pts',(2.98611658027379,-7.83504437715104,-4.83556657151911));
#1422=CARTESIAN_POINT('Ctrl Pts',(-3.83591322536606,-9.83107063678337,1.32029504750171));
#1423=CARTESIAN_POINT('Ctrl Pts',(-2.61141212148136,-10.0281973999871,0.586658446110751));
#1424=CARTESIAN_POINT('Ctrl Pts',(-0.617512868413084,-9.96439796809228,
-0.76800798167937));
#1425=CARTESIAN_POINT('Ctrl Pts',(1.55087819357525,-9.27577380738168,-2.91450456582893));
#1426=CARTESIAN_POINT('Ctrl Pts',(2.36237090508996,-8.88516751193803,-4.36923349307996));
#1427=CARTESIAN_POINT('Ctrl Pts',(2.63020230988969,-8.78816817678512,-5.18284725416303));
#1428=CARTESIAN_POINT('Ctrl Pts',(-4.06186620310879,-10.5542071908015,1.17618688006131));
#1429=CARTESIAN_POINT('Ctrl Pts',(-2.76906743117498,-10.7105886669566,0.399071197646213));
#1430=CARTESIAN_POINT('Ctrl Pts',(-0.69738081709878,-10.5522717806127,-1.00035480378064));
#1431=CARTESIAN_POINT('Ctrl Pts',(1.48469407410983,-9.7386705321531,-3.13086303857848));
#1432=CARTESIAN_POINT('Ctrl Pts',(2.28233422199258,-9.31395175859141,-4.52943421285328));
#1433=CARTESIAN_POINT('Ctrl Pts',(2.54956460590702,-9.21661073602631,-5.30953213362578));
#1434=CARTESIAN_POINT('',(-1.47590467511367,-7.86267800370698,4.49999999992526));
#1435=CARTESIAN_POINT('',(-4.06186620310879,-10.5542071908015,1.1761868800613));
#1436=CARTESIAN_POINT('Origin',(-2.21385701272542,-11.7940170055502,4.4999999998849));
#1437=CARTESIAN_POINT('',(2.0459521959251,-9.43840443073518,-4.18179743738123));
#1438=CARTESIAN_POINT('Ctrl Pts',(-4.06186620310879,-10.5542071908015,1.17618688006131));
#1439=CARTESIAN_POINT('Ctrl Pts',(-2.76906743117498,-10.7105886669566,0.399071197646213));
#1440=CARTESIAN_POINT('Ctrl Pts',(-0.69738081709878,-10.5522717806127,-1.00035480378064));
#1441=CARTESIAN_POINT('Ctrl Pts',(1.1691182516285,-9.8563350927,-2.82274488406033));
#1442=CARTESIAN_POINT('Ctrl Pts',(1.8498106436733,-9.53150920559473,-3.83311268112199));
#1443=CARTESIAN_POINT('Ctrl Pts',(2.0451213150528,-9.43922075699743,-4.18243839900741));
#1444=CARTESIAN_POINT('Ctrl Pts',(2.04532754848538,-9.43818224134276,-4.18208797099268));
#1445=CARTESIAN_POINT('Ctrl Pts',(2.04635528091343,-9.43769672067928,-4.18392628803284));
#1446=CARTESIAN_POINT('Ctrl Pts',(2.04738219069255,-9.43721161769,-4.18576502944659));
#1447=CARTESIAN_POINT('Ctrl Pts',(2.04840827748409,-9.43672693421633,-4.18760419585704));
#1448=CARTESIAN_POINT('',(2.62831010545293,-7.55592390046207,-0.424110752360849));
#1449=CARTESIAN_POINT('Ctrl Pts',(2.62834555689445,-7.5556705890892,-0.424001913673869));
#1450=CARTESIAN_POINT('Ctrl Pts',(2.76798933835198,-7.50719909139903,-0.661501540244055));
#1451=CARTESIAN_POINT('Ctrl Pts',(3.3955865511749,-7.26931828875434,-1.79828743317562));
#1452=CARTESIAN_POINT('Ctrl Pts',(3.89155229226815,-6.9968782171728,-3.07773779216153));
#1453=CARTESIAN_POINT('Ctrl Pts',(4.16226172159277,-6.83195267555064,-4.172862660531));
#1454=CARTESIAN_POINT('Ctrl Pts',(2.62833796584794,-7.55567322399925,-0.423989003190857));
#1455=CARTESIAN_POINT('Ctrl Pts',(2.25537576415856,-7.68513103678587,0.210326265864645));
#1456=CARTESIAN_POINT('Ctrl Pts',(1.8447615753045,-7.79705836897894,0.802695203567237));
#1457=CARTESIAN_POINT('Ctrl Pts',(1.4108816134587,-7.87481399468443,1.36566929476893));
#1458=CARTESIAN_POINT('Ctrl Pts',(0.516378185496441,-8.03511794935664,2.52631808871535));
#1459=CARTESIAN_POINT('Ctrl Pts',(-0.477012952094043,-8.05018014525107,
3.5620284571738));
#1460=CARTESIAN_POINT('Ctrl Pts',(-1.47590467514249,-7.86267800370157,4.49999999987759));
#1461=CARTESIAN_POINT('Ctrl Pts',(-1.73261817554523,-7.81012383114188,4.73861202204315));
#1462=CARTESIAN_POINT('Ctrl Pts',(-1.64703107456244,-7.82911069613418,4.65986415139412));
#1463=CARTESIAN_POINT('Ctrl Pts',(-1.56144212114386,-7.84662175462277,4.58032070765155));
#1464=CARTESIAN_POINT('Ctrl Pts',(-1.47590467515004,-7.86267800370015,4.49999999988468));
#1465=CARTESIAN_POINT('Ctrl Pts',(-2.25702764551855,-7.69378747095757,3.84160588131838));
#1466=CARTESIAN_POINT('Ctrl Pts',(-2.17345553036581,-7.71854170102782,3.77003456712006));
#1467=CARTESIAN_POINT('Ctrl Pts',(-2.08941264316433,-7.74137708848703,3.69742992678311));
#1468=CARTESIAN_POINT('Ctrl Pts',(-2.00548936243378,-7.76326956862471,3.62422120972953));
#1469=CARTESIAN_POINT('Ctrl Pts',(-3.33277034141554,-8.2276541431923,2.28093045656699));
#1470=CARTESIAN_POINT('Ctrl Pts',(-3.24258108838115,-8.25519900115113,2.22140838341736));
#1471=CARTESIAN_POINT('Ctrl Pts',(-3.15222835937251,-8.28148084598737,2.16114174642894));
#1472=CARTESIAN_POINT('Ctrl Pts',(-3.06161444567377,-8.3060791944913,2.09990528949228));
#1473=CARTESIAN_POINT('Ctrl Pts',(-4.15087305755819,-9.77539330255937,1.50696047521288));
#1474=CARTESIAN_POINT('Ctrl Pts',(-4.04572950140807,-9.79559931411748,1.44542843280363));
#1475=CARTESIAN_POINT('Ctrl Pts',(-3.94077013290225,-9.81419020873265,1.38311807398422));
#1476=CARTESIAN_POINT('Ctrl Pts',(-3.83591322536578,-9.83107063678342,1.32029504750154));
#1477=CARTESIAN_POINT('Ctrl Pts',(-4.3949361285344,-10.5086948939002,1.37427969925709));
#1478=CARTESIAN_POINT('Ctrl Pts',(-4.28362586259013,-10.525653635395,1.3087764225975));
#1479=CARTESIAN_POINT('Ctrl Pts',(-4.17257160048368,-10.5408158774466,1.24273312244312));
#1480=CARTESIAN_POINT('Ctrl Pts',(-4.06186620310849,-10.5542071908015,1.17618688006112));
#1481=CARTESIAN_POINT('',(-1.87421264939987,-7.78862834469891,4.5));
#1482=CARTESIAN_POINT('Ctrl Pts',(-1.47590467515004,-7.86267800370015,4.49999999988468));
#1483=CARTESIAN_POINT('Ctrl Pts',(-1.53507445175075,-7.85157123449614,4.49999999988468));
#1484=CARTESIAN_POINT('Ctrl Pts',(-1.59456068888108,-7.84049245137389,4.5000024121493));
#1485=CARTESIAN_POINT('Ctrl Pts',(-1.65434464846856,-7.82943871751349,4.50001611107141));
#1486=CARTESIAN_POINT('Ctrl Pts',(-1.71869856079675,-7.81754002387292,4.50003085715445));
#1487=CARTESIAN_POINT('Ctrl Pts',(-1.78339730656294,-7.80567004932742,4.5000584878677));
#1488=CARTESIAN_POINT('Ctrl Pts',(-1.84839025800938,-7.79377485424931,4.50009222577328));
#1489=CARTESIAN_POINT('Ctrl Pts',(-1.85700179358345,-7.7921987464823,4.50009669602994));
#1490=CARTESIAN_POINT('Ctrl Pts',(-1.86561846012288,-7.79062213345976,4.50010125246214));
#1491=CARTESIAN_POINT('Ctrl Pts',(-1.87424011012362,-7.7890448354323,4.50010586133077));
#1492=CARTESIAN_POINT('',(-4.3949361285344,-10.5086948939002,1.37427969925709));
#1493=CARTESIAN_POINT('Origin',(-2.59892726331785,-11.7151857467128,4.73861202204315));
#1494=CARTESIAN_POINT('Ctrl Pts',(-4.3949361285344,-10.5086948939002,1.37427969925709));
#1495=CARTESIAN_POINT('Ctrl Pts',(-4.28362586259013,-10.525653635395,1.3087764225975));
#1496=CARTESIAN_POINT('Ctrl Pts',(-4.17257160048368,-10.5408158774466,1.24273312244312));
#1497=CARTESIAN_POINT('Ctrl Pts',(-4.06186620310849,-10.5542071908015,1.17618688006112));
#1498=CARTESIAN_POINT('Ctrl Pts',(-3.04379755639905,-7.41186175356055,5.61094242870721));
#1499=CARTESIAN_POINT('Ctrl Pts',(-2.6672149729125,-7.56593436245192,5.23449073588076));
#1500=CARTESIAN_POINT('Ctrl Pts',(-2.27651720616248,-7.69233892370068,4.86263867379222));
#1501=CARTESIAN_POINT('Ctrl Pts',(-1.87421264939987,-7.78862834469891,4.5));
#1502=CARTESIAN_POINT('Ctrl Pts',(-3.45825038851739,-7.31396496679398,4.94323304449944));
#1503=CARTESIAN_POINT('Ctrl Pts',(-3.07454842939786,-7.49112900592274,4.5778084764342));
#1504=CARTESIAN_POINT('Ctrl Pts',(-2.67317994655604,-7.63956070576071,4.21628109469367));
#1505=CARTESIAN_POINT('Ctrl Pts',(-2.25788147670152,-7.7565309870415,3.86290599503825));
#1506=CARTESIAN_POINT('Ctrl Pts',(-4.60925942839487,-7.61665698748851,3.41773554691855));
#1507=CARTESIAN_POINT('Ctrl Pts',(-4.17448910420779,-7.83413280771435,3.07625363570698));
#1508=CARTESIAN_POINT('Ctrl Pts',(-3.71836828401052,-8.0197268955513,2.73704919851881));
#1509=CARTESIAN_POINT('Ctrl Pts',(-3.24418535230745,-8.16807876073436,2.40380202017109));
#1510=CARTESIAN_POINT('Ctrl Pts',(-5.72075436628914,-9.05205034449509,2.59884847350745));
#1511=CARTESIAN_POINT('Ctrl Pts',(-5.19497598293509,-9.26774311839024,2.24266450212882));
#1512=CARTESIAN_POINT('Ctrl Pts',(-4.64917118776478,-9.44448478272045,1.88788772849237));
#1513=CARTESIAN_POINT('Ctrl Pts',(-4.08602041126931,-9.58053978155727,1.54221652356947));
#1514=CARTESIAN_POINT('Ctrl Pts',(-6.1583635659324,-10.0079542515201,2.50009782062334));
#1515=CARTESIAN_POINT('Ctrl Pts',(-5.58950601080606,-10.2168582338726,2.11876732643708));
#1516=CARTESIAN_POINT('Ctrl Pts',(-5.00063541418529,-10.3849824819125,1.74198986027423));
#1517=CARTESIAN_POINT('Ctrl Pts',(-4.3949361285344,-10.5086948939002,1.37427969925709));
#1518=CARTESIAN_POINT('',(-3.81647942144016,-7.4632931415618,4.5));
#1519=CARTESIAN_POINT('Ctrl Pts',(-1.87421264939987,-7.78862834469891,4.5));
#1520=CARTESIAN_POINT('Ctrl Pts',(-1.99057321061556,-7.76715197479956,4.5));
#1521=CARTESIAN_POINT('Ctrl Pts',(-2.10788556921275,-7.7457193236931,4.49999942190163));
#1522=CARTESIAN_POINT('Ctrl Pts',(-2.22555789858093,-7.72451896419601,4.49998362051554));
#1523=CARTESIAN_POINT('Ctrl Pts',(-2.34760863479578,-7.70252977184696,4.49996723118412));
#1524=CARTESIAN_POINT('Ctrl Pts',(-2.47004666578407,-7.68079054636155,4.49993490299617));
#1525=CARTESIAN_POINT('Ctrl Pts',(-2.59215807234897,-7.65951575043415,4.4998889207292));
#1526=CARTESIAN_POINT('Ctrl Pts',(-2.65292002941342,-7.64892953025161,4.49986604020878));
#1527=CARTESIAN_POINT('Ctrl Pts',(-2.71360029547994,-7.63845836057686,4.49984002308501));
#1528=CARTESIAN_POINT('Ctrl Pts',(-2.77410626862515,-7.62812884771167,4.49981206878167));
#1529=CARTESIAN_POINT('Ctrl Pts',(-2.90563014146,-7.60567523749922,4.49975130357047));
#1530=CARTESIAN_POINT('Ctrl Pts',(-3.03822940240699,-7.58356459862606,4.49968012853518));
#1531=CARTESIAN_POINT('Ctrl Pts',(-3.17124327784349,-7.56207953521293,4.49959479829842));
#1532=CARTESIAN_POINT('Ctrl Pts',(-3.3124309596378,-7.53927419790094,4.49950422445208));
#1533=CARTESIAN_POINT('Ctrl Pts',(-3.45408614746195,-7.51717425490826,4.49939879681161));
#1534=CARTESIAN_POINT('Ctrl Pts',(-3.59536989572644,-7.49614400780525,4.49929478313094));
#1535=CARTESIAN_POINT('Ctrl Pts',(-3.66950227142301,-7.485109319114,4.4992402065689));
#1536=CARTESIAN_POINT('Ctrl Pts',(-3.74353156324663,-7.47436951331235,4.49918625750242));
#1537=CARTESIAN_POINT('Ctrl Pts',(-3.81733109805743,-7.46397870423251,4.49913541155983));
#1538=CARTESIAN_POINT('',(-6.15836356593241,-10.0079542515201,2.50009782062335));
#1539=CARTESIAN_POINT('Origin',(-4.33876666450353,-11.1881680283679,5.8610742497655));
#1540=CARTESIAN_POINT('Ctrl Pts',(-6.1583635659324,-10.0079542515201,2.50009782062334));
#1541=CARTESIAN_POINT('Ctrl Pts',(-5.58950601080606,-10.2168582338726,2.11876732643708));
#1542=CARTESIAN_POINT('Ctrl Pts',(-5.00063541418529,-10.3849824819125,1.74198986027423));
#1543=CARTESIAN_POINT('Ctrl Pts',(-4.3949361285344,-10.5086948939002,1.37427969925709));
#1544=CARTESIAN_POINT('Ctrl Pts',(-7.94364617269413,0.947884741433222,3.32923307308841));
#1545=CARTESIAN_POINT('Ctrl Pts',(-8.04741287325707,0.0782790628635222,
4.79222031272911));
#1546=CARTESIAN_POINT('Ctrl Pts',(-8.02502078276838,-1.03897336428426,5.95303965000043));
#1547=CARTESIAN_POINT('Ctrl Pts',(-7.434534032702,-3.10491358576018,7.34747464553623));
#1548=CARTESIAN_POINT('Ctrl Pts',(-6.75378570281985,-4.50667876868038,7.88397837726404));
#1549=CARTESIAN_POINT('Ctrl Pts',(-5.33841782873564,-6.02301160994081,7.62933833284305));
#1550=CARTESIAN_POINT('Ctrl Pts',(-4.33269938991665,-6.75489663667644,7.08421418359836));
#1551=CARTESIAN_POINT('Ctrl Pts',(-3.60974884718915,-7.14564497894548,6.52639814894227));
#1552=CARTESIAN_POINT('Ctrl Pts',(-3.19823754728292,-7.33546155472369,6.16146791784331));
#1553=CARTESIAN_POINT('Ctrl Pts',(-2.99385892556408,-7.41947604693293,5.96407899804227));
#1554=CARTESIAN_POINT('Ctrl Pts',(-2.89251110966904,-7.45877868557857,5.86107424976552));
#1555=CARTESIAN_POINT('Ctrl Pts',(-8.0104664683574,0.387904437180938,2.82284201167571));
#1556=CARTESIAN_POINT('Ctrl Pts',(-8.05242230651644,-0.495586570949724,
4.11460398511296));
#1557=CARTESIAN_POINT('Ctrl Pts',(-7.93900831264446,-1.5865007974148,5.09700163913089));
#1558=CARTESIAN_POINT('Ctrl Pts',(-7.28496875331955,-3.42517169586521,6.22156514160311));
#1559=CARTESIAN_POINT('Ctrl Pts',(-6.64996671619392,-4.58337867846443,6.62092108298185));
#1560=CARTESIAN_POINT('Ctrl Pts',(-5.50216625890589,-5.85246859350885,6.39705331968616));
#1561=CARTESIAN_POINT('Ctrl Pts',(-4.67933644227243,-6.52300881978843,5.94879434778285));
#1562=CARTESIAN_POINT('Ctrl Pts',(-4.06544795810902,-6.91248946725232,5.48103767183527));
#1563=CARTESIAN_POINT('Ctrl Pts',(-3.71075342226365,-7.11090336756654,5.17330097350064));
#1564=CARTESIAN_POINT('Ctrl Pts',(-3.53163874381287,-7.20197031960257,5.00521327902454));
#1565=CARTESIAN_POINT('Ctrl Pts',(-3.4464034201479,-7.24397949000543,4.92066200440619));
#1566=CARTESIAN_POINT('Ctrl Pts',(-8.51198951140215,-0.544556745346585,
1.93809581489749));
#1567=CARTESIAN_POINT('Ctrl Pts',(-8.57876495900221,-1.47804114129331,2.9326922334873));
#1568=CARTESIAN_POINT('Ctrl Pts',(-8.48291536905113,-2.60161983887866,3.60414058994613));
#1569=CARTESIAN_POINT('Ctrl Pts',(-7.92352763972422,-4.33243263875633,4.27066596732607));
#1570=CARTESIAN_POINT('Ctrl Pts',(-7.40747151596851,-5.32460144080997,4.44006611661046));
#1571=CARTESIAN_POINT('Ctrl Pts',(-6.51495409475609,-6.38682417150931,4.27025508596185));
#1572=CARTESIAN_POINT('Ctrl Pts',(-5.8295853239302,-6.98626706878132,3.98500876506467));
#1573=CARTESIAN_POINT('Ctrl Pts',(-5.28242454123208,-7.3542403523427,3.67002903922463));
#1574=CARTESIAN_POINT('Ctrl Pts',(-4.95910579560723,-7.54508473955998,3.45891542725868));
#1575=CARTESIAN_POINT('Ctrl Pts',(-4.79249025571148,-7.63444399333977,3.34070742811162));
#1576=CARTESIAN_POINT('Ctrl Pts',(-4.71920981141192,-7.67243526550922,3.28738722094298));
#1577=CARTESIAN_POINT('Ctrl Pts',(-9.54719546753439,-1.14248230926001,1.29484409484202));
#1578=CARTESIAN_POINT('Ctrl Pts',(-9.81329124939127,-2.08336561415909,2.14575883156903));
#1579=CARTESIAN_POINT('Ctrl Pts',(-9.98479575195159,-3.25659292201325,2.7796530707751));
#1580=CARTESIAN_POINT('Ctrl Pts',(-9.71486035164116,-5.29242074022859,3.51432472295204));
#1581=CARTESIAN_POINT('Ctrl Pts',(-9.25060839660768,-6.60891968057001,3.77893773508303));
#1582=CARTESIAN_POINT('Ctrl Pts',(-8.08016364956135,-7.98202523765818,3.61983047634692));
#1583=CARTESIAN_POINT('Ctrl Pts',(-7.17540413144803,-8.64178349521422,3.30320328678861));
#1584=CARTESIAN_POINT('Ctrl Pts',(-6.49004965264952,-8.99032411614261,2.96834293238415));
#1585=CARTESIAN_POINT('Ctrl Pts',(-6.09696202599217,-9.15468896444176,2.75037338983843));
#1586=CARTESIAN_POINT('Ctrl Pts',(-5.89806959275808,-9.22696803986831,2.63005499005175));
#1587=CARTESIAN_POINT('Ctrl Pts',(-5.81262445593201,-9.25272934690159,2.57811711927601));
#1588=CARTESIAN_POINT('Ctrl Pts',(-10.0478684736123,-1.31475050189153,1.08798113084875));
#1589=CARTESIAN_POINT('Ctrl Pts',(-10.4110489347612,-2.24327536948624,1.91908102512703));
#1590=CARTESIAN_POINT('Ctrl Pts',(-10.7045018479203,-3.4299154929357,2.60276907212709));
#1591=CARTESIAN_POINT('Ctrl Pts',(-10.5302204719704,-5.62700703959804,3.47672868242308));
#1592=CARTESIAN_POINT('Ctrl Pts',(-10.0472301623283,-7.12516993183444,3.84056270667687));
#1593=CARTESIAN_POINT('Ctrl Pts',(-8.69025962436262,-8.69340877819653,3.67718153988917));
#1594=CARTESIAN_POINT('Ctrl Pts',(-7.65802630330494,-9.40753763666871,3.31029463875603));
#1595=CARTESIAN_POINT('Ctrl Pts',(-6.89716660417455,-9.7605160358867,2.93258566922982));
#1596=CARTESIAN_POINT('Ctrl Pts',(-6.46677653704102,-9.91904800051826,2.69012649589365));
#1597=CARTESIAN_POINT('Ctrl Pts',(-6.25111348586224,-9.9860550439757,2.55800159277437));
#1598=CARTESIAN_POINT('Ctrl Pts',(-6.15836356593243,-10.0079542515201,2.50009782062336));
#1599=CARTESIAN_POINT('',(-10.6048402797963,-4.66151576592822,3.0929868700565));
#1600=CARTESIAN_POINT('Ctrl Pts',(-10.6067606376358,-4.6620966099651,3.09290632855563));
#1601=CARTESIAN_POINT('Ctrl Pts',(-10.5300127889698,-5.62765114932403,3.47688508782813));
#1602=CARTESIAN_POINT('Ctrl Pts',(-10.0470113798488,-7.12542277681057,3.84053636495774));
#1603=CARTESIAN_POINT('Ctrl Pts',(-8.69025962436262,-8.69340877819653,3.67718153988917));
#1604=CARTESIAN_POINT('Ctrl Pts',(-7.65802630330494,-9.40753763666871,3.31029463875603));
#1605=CARTESIAN_POINT('Ctrl Pts',(-6.89716660417455,-9.7605160358867,2.93258566922982));
#1606=CARTESIAN_POINT('Ctrl Pts',(-6.46677653704102,-9.91904800051826,2.69012649589365));
#1607=CARTESIAN_POINT('Ctrl Pts',(-6.25111348586224,-9.9860550439757,2.55800159277437));
#1608=CARTESIAN_POINT('Ctrl Pts',(-6.15836356593243,-10.0079542515201,2.50009782062336));
#1609=CARTESIAN_POINT('',(-7.99858160896026,0.150639453008557,4.49999999945989));
#1610=CARTESIAN_POINT('Ctrl Pts',(-3.81647942144019,-7.46329314156179,4.5));
#1611=CARTESIAN_POINT('Ctrl Pts',(-3.8610316862993,-7.45704619896839,4.5));
#1612=CARTESIAN_POINT('Ctrl Pts',(-3.90739074545414,-7.45047186773913,4.5));
#1613=CARTESIAN_POINT('Ctrl Pts',(-4.87675400869585,-7.31156462133603,4.5));
#1614=CARTESIAN_POINT('Ctrl Pts',(-5.67648902894398,-7.16815100731013,4.5));
#1615=CARTESIAN_POINT('Ctrl Pts',(-6.65808996893214,-6.75706475999377,4.5));
#1616=CARTESIAN_POINT('Ctrl Pts',(-6.95881062540214,-6.58721567906017,4.5));
#1617=CARTESIAN_POINT('Ctrl Pts',(-7.38866884768963,-6.21753986235344,4.5));
#1618=CARTESIAN_POINT('Ctrl Pts',(-7.53527656251143,-6.05486533847914,4.5));
#1619=CARTESIAN_POINT('Ctrl Pts',(-7.78894900670327,-5.68384141043603,4.5));
#1620=CARTESIAN_POINT('Ctrl Pts',(-7.88986553504437,-5.48172507329794,4.49999999999925));
#1621=CARTESIAN_POINT('Ctrl Pts',(-8.09258119018301,-4.93188913977666,4.49999999999925));
#1622=CARTESIAN_POINT('Ctrl Pts',(-8.15911020585008,-4.57313069928872,4.5));
#1623=CARTESIAN_POINT('Ctrl Pts',(-8.26237050098968,-3.47954908701257,4.5));
#1624=CARTESIAN_POINT('Ctrl Pts',(-8.19923728300208,-2.66310894105109,4.5));
#1625=CARTESIAN_POINT('Ctrl Pts',(-8.0724045507025,-1.18382261119129,4.5));
#1626=CARTESIAN_POINT('Ctrl Pts',(-8.01120015156785,-0.519373889300856,
4.5));
#1627=CARTESIAN_POINT('Ctrl Pts',(-7.99858160897602,0.15063945217156,4.5));
#1628=CARTESIAN_POINT('Ctrl Pts',(-7.99735591186866,0.151573100095188,4.50111213183482));
#1629=CARTESIAN_POINT('Ctrl Pts',(-7.99242068077782,0.433829436317248,4.13605073949947));
#1630=CARTESIAN_POINT('Ctrl Pts',(-7.97312392399977,0.700849615638661,3.7448343573106));
#1631=CARTESIAN_POINT('Ctrl Pts',(-7.94364617269413,0.947884741433222,3.32923307308841));
#1632=CARTESIAN_POINT('Ctrl Pts',(-9.29608238374635,-2.87030577374496,3.06780261202678));
#1633=CARTESIAN_POINT('Ctrl Pts',(-9.66318012440381,-3.44546134792253,3.00540955120943));
#1634=CARTESIAN_POINT('Ctrl Pts',(-10.1183711629263,-4.0899028104247,3.00333294306948));
#1635=CARTESIAN_POINT('Ctrl Pts',(-10.6048402797963,-4.66151576592822,3.0929868700565));
#1636=CARTESIAN_POINT('Origin',(0.,0.,0.));
#1637=CARTESIAN_POINT('Origin',(0.,0.,-5.5));
#1638=CARTESIAN_POINT('',(-6.07132655543053,5.20950994406614,4.49999999992526));
#1639=CARTESIAN_POINT('Origin',(0.,0.,4.5));
#1640=CARTESIAN_POINT('',(-7.85777709958862,1.50177862988544,-0.424110752360847));
#1641=CARTESIAN_POINT('Ctrl Pts',(-7.85758321481494,1.50161931378455,-0.423974412104094));
#1642=CARTESIAN_POINT('Ctrl Pts',(-7.78321756451307,1.88934390346174,0.210334806503646));
#1643=CARTESIAN_POINT('Ctrl Pts',(-7.67484327354386,2.30091337015826,0.802692674959547));
#1644=CARTESIAN_POINT('Ctrl Pts',(-7.52524108529081,2.71554389358281,1.36566139906884));
#1645=CARTESIAN_POINT('Ctrl Pts',(-7.21681477428775,3.57036402865192,2.52630195396121));
#1646=CARTESIAN_POINT('Ctrl Pts',(-6.73315456111097,4.4381947936723,3.56202771123612));
#1647=CARTESIAN_POINT('Ctrl Pts',(-6.07132655541143,5.20950994408841,4.49999999987759));
#1648=CARTESIAN_POINT('Ctrl Pts',(-7.85758501968571,1.50160990359294,-0.423989806994205));
#1649=CARTESIAN_POINT('Ctrl Pts',(-7.88542884557303,1.35643797187429,-0.661488503736499));
#1650=CARTESIAN_POINT('Ctrl Pts',(-7.99321320189092,0.693980627836925,-1.79827095576217));
#1651=CARTESIAN_POINT('Ctrl Pts',(-8.0052503698962,0.128253441000792,-3.07774650855915));
#1652=CARTESIAN_POINT('Ctrl Pts',(-7.99777543527628,-0.188648050324587,
-4.1728626605345));
#1653=CARTESIAN_POINT('Origin',(0.,0.,0.));
#1654=CARTESIAN_POINT('',(7.71769356901418,-2.10646765339446,-5.5));
#1655=CARTESIAN_POINT('Origin',(0.,0.,-5.5));
#1656=CARTESIAN_POINT('',(3.15093082040625,-7.35334175494475,3.32923307308841));
#1657=CARTESIAN_POINT('Ctrl Pts',(3.15093082040625,-7.35334175494476,3.32923307308842));
#1658=CARTESIAN_POINT('Ctrl Pts',(3.63559175114648,-7.14566297228934,2.34533153823129));
#1659=CARTESIAN_POINT('Ctrl Pts',(4.67885096220807,-6.57940049653095,0.530555784404088));
#1660=CARTESIAN_POINT('Ctrl Pts',(6.45141487077223,-4.97862482853386,-2.48747947546767));
#1661=CARTESIAN_POINT('Ctrl Pts',(7.39395676315991,-3.30482300723638,-4.44101452134419));
#1662=CARTESIAN_POINT('Ctrl Pts',(7.72011315090751,-2.10789378501047,-5.50129018403949));
#1663=CARTESIAN_POINT('',(3.86883321138141,-7.00229459409644,4.4999999994738));
#1664=CARTESIAN_POINT('Ctrl Pts',(3.86754141774315,-7.00175160368672,4.50100956041226));
#1665=CARTESIAN_POINT('Ctrl Pts',(3.62058214134734,-7.13858331384102,4.13603392473575));
#1666=CARTESIAN_POINT('Ctrl Pts',(3.37962759755107,-7.25534444329409,3.7448692642035));
#1667=CARTESIAN_POINT('Ctrl Pts',(3.15093082040625,-7.35334175494475,3.32923307308841));
#1668=CARTESIAN_POINT('Origin',(0.,0.,4.5));
#1669=CARTESIAN_POINT('Ctrl Pts',(5.41508296255624,-7.4485472983254,4.97204062296743));
#1670=CARTESIAN_POINT('Ctrl Pts',(5.99419184291808,-7.22380882205369,4.23932079565098));
#1671=CARTESIAN_POINT('Ctrl Pts',(7.32032271530639,-6.60657886627444,2.866057148734));
#1672=CARTESIAN_POINT('Ctrl Pts',(9.90992030171412,-4.57063095677292,0.269215925492348));
#1673=CARTESIAN_POINT('Ctrl Pts',(12.2972596684825,-0.541371438700967,-2.73787218638152));
#1674=CARTESIAN_POINT('Ctrl Pts',(11.8897021082301,4.75774793256265,-4.70464218191814));
#1675=CARTESIAN_POINT('Ctrl Pts',(10.027935286584,7.41333155928083,-4.96022719265979));
#1676=CARTESIAN_POINT('Ctrl Pts',(9.2802486682014,8.15340808130355,-4.94570583371065));
#1677=CARTESIAN_POINT('Ctrl Pts',(5.19743747223746,-7.34759211132807,4.84318929093364));
#1678=CARTESIAN_POINT('Ctrl Pts',(5.76256766144411,-7.11080905861409,4.09554269158128));
#1679=CARTESIAN_POINT('Ctrl Pts',(7.04636684366384,-6.46473011563733,2.70484372144341));
#1680=CARTESIAN_POINT('Ctrl Pts',(9.52029709228445,-4.39836664615569,0.119604917125508));
#1681=CARTESIAN_POINT('Ctrl Pts',(11.7219567453652,-0.415040415757739,-2.79633286489136));
#1682=CARTESIAN_POINT('Ctrl Pts',(11.2445922104645,4.5859649927934,-4.63343911574856));
#1683=CARTESIAN_POINT('Ctrl Pts',(9.50557512498984,7.04454678655404,-4.89206888582841));
#1684=CARTESIAN_POINT('Ctrl Pts',(8.80860864552641,7.73632220202574,-4.88990466308764));
#1685=CARTESIAN_POINT('Ctrl Pts',(4.75256670539076,-7.19574104865814,4.56255871527515));
#1686=CARTESIAN_POINT('Ctrl Pts',(5.29020823649164,-6.94205984263076,3.77770341108711));
#1687=CARTESIAN_POINT('Ctrl Pts',(6.49089479189074,-6.25538214755486,2.33231654517573));
#1688=CARTESIAN_POINT('Ctrl Pts',(8.73910940641625,-4.15948719864751,-0.287749066300349));
#1689=CARTESIAN_POINT('Ctrl Pts',(10.5795738289864,-0.289198135925591,-3.12414853031919));
#1690=CARTESIAN_POINT('Ctrl Pts',(9.95896689677768,4.16009636702533,-4.79954843332109));
#1691=CARTESIAN_POINT('Ctrl Pts',(8.44770641091186,6.27637382188729,-5.06734283238091));
#1692=CARTESIAN_POINT('Ctrl Pts',(7.84562058907996,6.88795032526619,-5.0831973094197));
#1693=CARTESIAN_POINT('Ctrl Pts',(3.97267963492154,-7.11567414556001,4.01166121637256));
#1694=CARTESIAN_POINT('Ctrl Pts',(4.47116381027986,-6.86044661679433,3.14211512151928));
#1695=CARTESIAN_POINT('Ctrl Pts',(5.55415100581745,-6.17246881896076,1.54714159940682));
#1696=CARTESIAN_POINT('Ctrl Pts',(7.50244086816276,-4.15146146941899,-1.30026566045799));
#1697=CARTESIAN_POINT('Ctrl Pts',(8.93617377684589,-0.567096301525916,-4.32484466768523));
#1698=CARTESIAN_POINT('Ctrl Pts',(8.22121363714487,3.28421380789974,-6.09656742594235));
#1699=CARTESIAN_POINT('Ctrl Pts',(6.95219485299918,5.11813649107524,-6.3895540677225));
#1700=CARTESIAN_POINT('Ctrl Pts',(6.44992029349935,5.66935275796654,-6.40871124223654));
#1701=CARTESIAN_POINT('Ctrl Pts',(3.44357645337409,-7.22794215091362,3.58516835118455));
#1702=CARTESIAN_POINT('Ctrl Pts',(3.9283930135418,-6.99729087526265,2.6441698800358));
#1703=CARTESIAN_POINT('Ctrl Pts',(4.97193717916164,-6.37344969191769,0.911803804681527));
#1704=CARTESIAN_POINT('Ctrl Pts',(6.85381175304092,-4.51714497064801,-2.19583809103885));
#1705=CARTESIAN_POINT('Ctrl Pts',(8.34328090213976,-1.18536123214262,-5.55960960537097));
#1706=CARTESIAN_POINT('Ctrl Pts',(7.81256207455994,2.72034917237073,-7.66405170449066));
#1707=CARTESIAN_POINT('Ctrl Pts',(6.5182237845078,4.70309236541863,-7.98067332614666));
#1708=CARTESIAN_POINT('Ctrl Pts',(6.0014592023558,5.28985285280045,-7.98188019978415));
#1709=CARTESIAN_POINT('Ctrl Pts',(3.15093082040625,-7.35334175494476,3.32923307308842));
#1710=CARTESIAN_POINT('Ctrl Pts',(3.63559175114648,-7.14566297228934,2.34533153823129));
#1711=CARTESIAN_POINT('Ctrl Pts',(4.67885096220807,-6.57940049653095,0.530555784404088));
#1712=CARTESIAN_POINT('Ctrl Pts',(6.59597472170235,-4.8480750126315,-2.73361261919298));
#1713=CARTESIAN_POINT('Ctrl Pts',(8.26982412409881,-1.6418102942281,-6.30197909451158));
#1714=CARTESIAN_POINT('Ctrl Pts',(7.93401557664201,2.48876055757527,-8.60926596887819));
#1715=CARTESIAN_POINT('Ctrl Pts',(6.55398257546381,4.66418075124942,-8.93991309029362));
#1716=CARTESIAN_POINT('Ctrl Pts',(5.99651630747263,5.29545013896032,-8.92996318186347));
#1717=CARTESIAN_POINT('Ctrl Pts',(7.71769356901418,-2.10646765339445,-5.5));
#1718=CARTESIAN_POINT('Ctrl Pts',(8.07858309512585,-0.784237629919663,-5.5));
#1719=CARTESIAN_POINT('Ctrl Pts',(8.45619742896353,0.619711578900491,-5.5));
#1720=CARTESIAN_POINT('Ctrl Pts',(8.66543719497103,2.80093240334403,-5.5));
#1721=CARTESIAN_POINT('Ctrl Pts',(8.66383505994354,3.62917273403601,-5.5));
#1722=CARTESIAN_POINT('Ctrl Pts',(8.39674666223509,4.95229713818541,-5.5));
#1723=CARTESIAN_POINT('Ctrl Pts',(8.2138920735466,5.47086975822851,-5.49999999984751));
#1724=CARTESIAN_POINT('Ctrl Pts',(7.82284357893723,6.11964859951109,-5.49999999984751));
#1725=CARTESIAN_POINT('Ctrl Pts',(7.70276266110708,6.28821649174273,-5.5));
#1726=CARTESIAN_POINT('Ctrl Pts',(7.53692020662081,6.48577137185751,-5.5));
#1727=CARTESIAN_POINT('Ctrl Pts',(7.50390188918297,6.52360813734819,-5.5));
#1728=CARTESIAN_POINT('Ctrl Pts',(7.47018798360449,6.56079007998796,-5.5));
#1729=CARTESIAN_POINT('',(7.35785137254609,-6.47777105378679,2.83858134040571));
#1730=CARTESIAN_POINT('Ctrl Pts',(10.1746812394127,7.11890637803833,-4.90835957574428));
#1731=CARTESIAN_POINT('Ctrl Pts',(10.5310672446961,6.63685856809479,-4.86733464877713));
#1732=CARTESIAN_POINT('Ctrl Pts',(11.9249509668131,4.2994374322826,-4.53454008052403));
#1733=CARTESIAN_POINT('Ctrl Pts',(12.2972596684825,-0.541371438700967,-2.73787218638152));
#1734=CARTESIAN_POINT('Ctrl Pts',(9.92094810829714,-4.55201864917367,0.255325321358952));
#1735=CARTESIAN_POINT('Ctrl Pts',(7.99759713406796,-6.07402753066609,2.18686645152972));
#1736=CARTESIAN_POINT('Ctrl Pts',(7.35787716103721,-6.4779070125303,2.83851802674978));
#1737=CARTESIAN_POINT('',(7.13379890856555,-6.61549061312486,3.06780261202677));
#1738=CARTESIAN_POINT('Ctrl Pts',(7.35787716103721,-6.4779070125303,2.83851802674978));
#1739=CARTESIAN_POINT('Ctrl Pts',(7.34275258527183,-6.48745573084621,2.85392469535096));
#1740=CARTESIAN_POINT('Ctrl Pts',(7.26802992026905,-6.53435219954595,2.93006611370395));
#1741=CARTESIAN_POINT('Ctrl Pts',(7.19320532972262,-6.57994501872663,3.00645100192105));
#1742=CARTESIAN_POINT('Ctrl Pts',(7.13353501539594,-6.61548959838266,3.06754545080044));
#1743=CARTESIAN_POINT('Ctrl Pts',(7.13379890856555,-6.61549061312486,3.06780261202677));
#1744=CARTESIAN_POINT('Ctrl Pts',(6.43518716785559,-6.58439743359122,3.13174838973122));
#1745=CARTESIAN_POINT('Ctrl Pts',(5.64774798221904,-6.65811712405465,3.19873426940468));
#1746=CARTESIAN_POINT('Ctrl Pts',(4.30009030049645,-6.93813710626682,3.28258974643078));
#1747=CARTESIAN_POINT('Ctrl Pts',(3.71167238765305,-7.11381208926665,3.3098112228769));
#1748=CARTESIAN_POINT('Ctrl Pts',(3.15637707869636,-7.35100985214631,3.32904489862342));
#1749=CARTESIAN_POINT('Ctrl Pts',(3.15365361951192,-7.35217502668626,3.32913907491257));
#1750=CARTESIAN_POINT('Ctrl Pts',(3.15093082040625,-7.35334175494475,3.32923307308841));
#1751=CARTESIAN_POINT('Ctrl Pts',(7.54723123055655,2.6531680596057,4.4999999998849));
#1752=CARTESIAN_POINT('Ctrl Pts',(7.21016680616974,3.61198525221874,3.56202795430949));
#1753=CARTESIAN_POINT('Ctrl Pts',(6.36059441337337,5.03326559842818,1.83585370585305));
#1754=CARTESIAN_POINT('Ctrl Pts',(4.87433727507263,6.40760518169589,-1.0667028372069));
#1755=CARTESIAN_POINT('Ctrl Pts',(4.11369664756011,6.86862306762865,-3.07774365610309));
#1756=CARTESIAN_POINT('Ctrl Pts',(3.83551371368114,7.02060072587552,-4.17286266054042));
#1757=CARTESIAN_POINT('Ctrl Pts',(7.72593334407261,2.14483004942502,3.62422120972974));
#1758=CARTESIAN_POINT('Ctrl Pts',(7.45731746874971,3.12139997467941,2.76930182470636));
#1759=CARTESIAN_POINT('Ctrl Pts',(6.69786319712265,4.60878867516794,1.17355108854734));
#1760=CARTESIAN_POINT('Ctrl Pts',(5.29803491495566,6.08605027247961,-1.513952041555));
#1761=CARTESIAN_POINT('Ctrl Pts',(4.57669175715134,6.59051499747877,-3.38678569228468));
#1762=CARTESIAN_POINT('Ctrl Pts',(4.32278911097525,6.75439110341791,-4.41394552085564));
#1763=CARTESIAN_POINT('Ctrl Pts',(8.72417698426389,1.50168000922204,2.09997151841211));
#1764=CARTESIAN_POINT('Ctrl Pts',(8.443860317445,2.56171367339318,1.38486222252063));
#1765=CARTESIAN_POINT('Ctrl Pts',(7.65633747980858,4.18526693079118,0.0174462464103789));
#1766=CARTESIAN_POINT('Ctrl Pts',(6.21919900141071,5.77722211775148,-2.29724928063));
#1767=CARTESIAN_POINT('Ctrl Pts',(5.51742517184479,6.3236826967804,-3.92714409937849));
#1768=CARTESIAN_POINT('Ctrl Pts',(5.29229117285409,6.50358635659881,-4.8355649679112));
#1769=CARTESIAN_POINT('Ctrl Pts',(10.4319135305367,1.59353701851197,1.32029504750171));
#1770=CARTESIAN_POINT('Ctrl Pts',(9.99037952657742,2.7525500844153,0.586658052790042));
#1771=CARTESIAN_POINT('Ctrl Pts',(8.93816399685466,4.44740329810375,-0.767995602093013));
#1772=CARTESIAN_POINT('Ctrl Pts',(7.25762249744687,5.98098169200189,-2.9145129458796));
#1773=CARTESIAN_POINT('Ctrl Pts',(6.51359416280314,6.48845795523301,-4.36923784964563));
#1774=CARTESIAN_POINT('Ctrl Pts',(6.29567573887917,6.67190610585113,-5.18284725417003));
#1775=CARTESIAN_POINT('Ctrl Pts',(11.1711446455929,1.7594242767351,1.1761868800613));
#1776=CARTESIAN_POINT('Ctrl Pts',(10.6601753167144,2.95721223545201,0.399070781015292));
#1777=CARTESIAN_POINT('Ctrl Pts',(9.48721563433062,4.6721713564895,-1.0003480195508));
#1778=CARTESIAN_POINT('Ctrl Pts',(7.69159908693545,6.15511394797149,-3.13087166067093));
#1779=CARTESIAN_POINT('Ctrl Pts',(6.9249505547208,6.63353627406079,-4.52943838995548));
#1780=CARTESIAN_POINT('Ctrl Pts',(6.70703673123579,6.81629308531987,-5.30953213363249));
#1781=CARTESIAN_POINT('',(7.5472312305442,2.65316805964084,4.49999999992526));
#1782=CARTESIAN_POINT('',(11.1711446455929,1.7594242767351,1.1761868800613));
#1783=CARTESIAN_POINT('Origin',(11.3208468458348,3.97975208940855,4.4999999998849));
#1784=CARTESIAN_POINT('',(7.15092191024572,6.49104879196728,-4.18179743738123));
#1785=CARTESIAN_POINT('Ctrl Pts',(11.1711446455929,1.7594242767351,1.1761868800613));
#1786=CARTESIAN_POINT('Ctrl Pts',(10.6601753167144,2.95721223545201,0.399070781015292));
#1787=CARTESIAN_POINT('Ctrl Pts',(9.48721563433062,4.6721713564895,-1.0003480195508));
#1788=CARTESIAN_POINT('Ctrl Pts',(7.95128539189142,5.9406472888162,-2.82275030102627));
#1789=CARTESIAN_POINT('Ctrl Pts',(7.32962817114903,6.36773502652185,-3.83311608834346));
#1790=CARTESIAN_POINT('Ctrl Pts',(7.15204785820026,6.49073539136484,-4.18243965740075));
#1791=CARTESIAN_POINT('Ctrl Pts',(7.15104229000453,6.49039413034974,-4.18208913456513));
#1792=CARTESIAN_POINT('Ctrl Pts',(7.15010794415106,6.49104141720593,-4.18392744572603));
#1793=CARTESIAN_POINT('Ctrl Pts',(7.14917437133943,6.49168820045166,-4.18576618124225));
#1794=CARTESIAN_POINT('Ctrl Pts',(7.14824157333394,6.4923344807143,-4.1876053417369));
#1795=CARTESIAN_POINT('',(5.22946699413569,6.05414527057663,-0.42411075236085));
#1796=CARTESIAN_POINT('Ctrl Pts',(5.22923221349008,6.05404263331472,-0.424007632697895));
#1797=CARTESIAN_POINT('Ctrl Pts',(5.11743257369922,6.15074257303395,-0.66150938408157));
#1798=CARTESIAN_POINT('Ctrl Pts',(4.59762366387191,6.57531897376845,-1.79829979264254));
#1799=CARTESIAN_POINT('Ctrl Pts',(4.11369664756011,6.86862306762865,-3.07774365610309));
#1800=CARTESIAN_POINT('Ctrl Pts',(3.83551371368114,7.02060072587552,-4.17286266054042));
#1801=CARTESIAN_POINT('Ctrl Pts',(5.22923813144964,6.05403751463192,-0.423995060877131));
#1802=CARTESIAN_POINT('Ctrl Pts',(5.52783158054047,5.79577170052826,0.210321774579285));
#1803=CARTESIAN_POINT('Ctrl Pts',(5.83006832428964,5.49613416837134,0.802694452274343));
#1804=CARTESIAN_POINT('Ctrl Pts',(6.11434558922917,5.15926235016066,1.36566990310495));
#1805=CARTESIAN_POINT('Ctrl Pts',(6.7004233704904,4.46475345994621,2.52632340523261));
#1806=CARTESIAN_POINT('Ctrl Pts',(7.21016680616709,3.61198525222317,3.56202795430411));
#1807=CARTESIAN_POINT('Ctrl Pts',(7.54723123055392,2.65316805961317,4.49999999987759));
#1808=CARTESIAN_POINT('Ctrl Pts',(7.63007473224373,2.40457056049013,4.73861202204315));
#1809=CARTESIAN_POINT('Ctrl Pts',(7.60372428917389,2.48818459667364,4.65986415139412));
#1810=CARTESIAN_POINT('Ctrl Pts',(7.57609483396287,2.57106233386175,4.58032070765154));
#1811=CARTESIAN_POINT('Ctrl Pts',(7.54723123055647,2.65316805960592,4.49999999988468));
#1812=CARTESIAN_POINT('Ctrl Pts',(7.79152922392696,1.89225045741594,3.84160588131837));
#1813=CARTESIAN_POINT('Ctrl Pts',(7.77118095844255,1.97700314722134,3.77003456712005));
#1814=CARTESIAN_POINT('Ctrl Pts',(7.74893554048675,2.06120411627482,3.6974299267831));
#1815=CARTESIAN_POINT('Ctrl Pts',(7.72593334407255,2.14483004942525,3.62422120972953));
#1816=CARTESIAN_POINT('Ctrl Pts',(8.7916730989294,1.22751055048682,2.28088137800433));
#1817=CARTESIAN_POINT('Ctrl Pts',(8.77043301914819,1.31938916374236,2.2213593048547));
#1818=CARTESIAN_POINT('Ctrl Pts',(8.74802292655722,1.41077869498803,2.16109670445883));
#1819=CARTESIAN_POINT('Ctrl Pts',(8.7240187644034,1.50155182043944,2.09986024752217));
#1820=CARTESIAN_POINT('Ctrl Pts',(10.5411754607798,1.29293513554991,1.50696047521288));
#1821=CARTESIAN_POINT('Ctrl Pts',(10.5061026020232,1.3940951319992,1.44542843280363));
#1822=CARTESIAN_POINT('Ctrl Pts',(10.4697231047861,1.49428805879801,1.38311807398422));
#1823=CARTESIAN_POINT('Ctrl Pts',(10.4319135305366,1.59353701851225,1.32029504750154));
#1824=CARTESIAN_POINT('Ctrl Pts',(11.2982648030046,1.44822111162929,1.37427969925709));
#1825=CARTESIAN_POINT('Ctrl Pts',(11.2572963709832,1.55309800038644,1.3087764225975));
#1826=CARTESIAN_POINT('Ctrl Pts',(11.2149001267249,1.65685493359494,1.24273312244312));
#1827=CARTESIAN_POINT('Ctrl Pts',(11.1711446455928,1.75942427673538,1.17618688006112));
#1828=CARTESIAN_POINT('',(7.68225633184473,2.27119840587504,4.5));
#1829=CARTESIAN_POINT('Ctrl Pts',(7.54723123055647,2.65316805960592,4.5));
#1830=CARTESIAN_POINT('Ctrl Pts',(7.59138713873558,2.52756167442635,4.5));
#1831=CARTESIAN_POINT('Ctrl Pts',(7.63648406590257,2.40014946050322,4.5));
#1832=CARTESIAN_POINT('Ctrl Pts',(7.68225633184473,2.27119840587504,4.5));
#1833=CARTESIAN_POINT('',(11.2982648030046,1.44822111162929,1.37427969925709));
#1834=CARTESIAN_POINT('Origin',(11.4451120983656,3.60685584073519,4.73861202204315));
#1835=CARTESIAN_POINT('Ctrl Pts',(11.2982648030046,1.44822111162929,1.37427969925709));
#1836=CARTESIAN_POINT('Ctrl Pts',(11.2572963709832,1.55309800038644,1.3087764225975));
#1837=CARTESIAN_POINT('Ctrl Pts',(11.2149001267249,1.65685493359494,1.24273312244312));
#1838=CARTESIAN_POINT('Ctrl Pts',(11.1711446455928,1.75942427673538,1.17618688006112));
#1839=CARTESIAN_POINT('Ctrl Pts',(7.94075934612123,1.0699248689617,5.61094242870721));
#1840=CARTESIAN_POINT('Ctrl Pts',(7.88589884770523,1.47309125732951,5.23449073588076));
#1841=CARTESIAN_POINT('Ctrl Pts',(7.80001952552587,1.87464772916126,4.86263867379222));
#1842=CARTESIAN_POINT('Ctrl Pts',(7.68225633184473,2.27119840587504,4.5));
#1843=CARTESIAN_POINT('Ctrl Pts',(8.06320465789169,0.662049794293528,4.94323304449944));
#1844=CARTESIAN_POINT('Ctrl Pts',(8.02478223685449,1.08292745793728,4.5778084764342));
#1845=CARTESIAN_POINT('Ctrl Pts',(7.95264361822016,1.5047386102757,4.21628109469367));
#1846=CARTESIAN_POINT('Ctrl Pts',(7.84629361836989,1.92288277596291,3.86290599503826));
#1847=CARTESIAN_POINT('Ctrl Pts',(8.90070402191276,-0.183527776444183,3.41758194762163));
#1848=CARTESIAN_POINT('Ctrl Pts',(8.87165844484366,0.301732279226349,3.07610003641006));
#1849=CARTESIAN_POINT('Ctrl Pts',(8.8043647307668,0.789554952002443,2.73693214193092));
#1850=CARTESIAN_POINT('Ctrl Pts',(8.6957497488626,1.27438534948981,2.4036849635832));
#1851=CARTESIAN_POINT('Ctrl Pts',(10.699682737813,-0.428293437769598,2.59884847350745));
#1852=CARTESIAN_POINT('Ctrl Pts',(10.6235889677419,0.134890385923309,2.24266450212882));
#1853=CARTESIAN_POINT('Ctrl Pts',(10.5037493413739,0.695942036213247,1.88788772849237));
#1854=CARTESIAN_POINT('Ctrl Pts',(10.3400010384307,1.25167241423768,1.54221652356947));
#1855=CARTESIAN_POINT('Ctrl Pts',(11.7463244046951,-0.32932216807793,2.50009782062334));
#1856=CARTESIAN_POINT('Ctrl Pts',(11.642811782801,0.267774916972473,2.11876732643708));
#1857=CARTESIAN_POINT('Ctrl Pts',(11.4939763542853,0.861813937207692,1.74198986027423));
#1858=CARTESIAN_POINT('Ctrl Pts',(11.2982648030046,1.44822111162929,1.37427969925709));
#1859=CARTESIAN_POINT('',(8.37164116720276,0.426478438793188,4.5));
#1860=CARTESIAN_POINT('Ctrl Pts',(7.68225633184473,2.27119840587504,4.5));
#1861=CARTESIAN_POINT('Ctrl Pts',(7.72184020922667,2.15968147243059,4.5));
#1862=CARTESIAN_POINT('Ctrl Pts',(7.76193740714461,2.04736148891426,4.49999886078503));
#1863=CARTESIAN_POINT('Ctrl Pts',(7.80241532043047,1.93484548455569,4.49998197472409));
#1864=CARTESIAN_POINT('Ctrl Pts',(7.84439488742055,1.81815535013425,4.49996446222237));
#1865=CARTESIAN_POINT('Ctrl Pts',(7.88678400569464,1.70125437890039,4.49993043959024));
#1866=CARTESIAN_POINT('Ctrl Pts',(7.92941146978962,1.58486808096758,4.49988221361866));
#1867=CARTESIAN_POINT('Ctrl Pts',(7.9506223505197,1.52695574823844,4.49985821699224));
#1868=CARTESIAN_POINT('Ctrl Pts',(7.97189188554131,1.46917158313533,4.49983094870704));
#1869=CARTESIAN_POINT('Ctrl Pts',(7.99319682991584,1.41160908415363,4.49980162040388));
#1870=CARTESIAN_POINT('Ctrl Pts',(8.03946577972506,1.2865978975738,4.4997379267484));
#1871=CARTESIAN_POINT('Ctrl Pts',(8.08656721404948,1.1608279379006,4.49966320669286));
#1872=CARTESIAN_POINT('Ctrl Pts',(8.13441595829491,1.03501083473625,4.49957394899987));
#1873=CARTESIAN_POINT('Ctrl Pts',(8.18524441062112,0.901358662022801,4.49947913291922));
#1874=CARTESIAN_POINT('Ctrl Pts',(8.23691682524333,0.767653251385742,4.49936900188951));
#1875=CARTESIAN_POINT('Ctrl Pts',(8.28932986399212,0.634803039294719,4.49926038296744));
#1876=CARTESIAN_POINT('Ctrl Pts',(8.31689446019705,0.564935644855319,4.49920325907617));
#1877=CARTESIAN_POINT('Ctrl Pts',(8.34466382316397,0.495305687292938,4.499146798241));
#1878=CARTESIAN_POINT('Ctrl Pts',(8.37262148335349,0.426050840345367,4.49909359841992));
#1879=CARTESIAN_POINT('',(11.7463244046951,-0.329322168077947,2.50009782062335));
#1880=CARTESIAN_POINT('Origin',(11.8586210666272,1.8366018616308,5.8610742497655));
#1881=CARTESIAN_POINT('Ctrl Pts',(11.7463244046951,-0.32932216807793,2.50009782062334));
#1882=CARTESIAN_POINT('Ctrl Pts',(11.642811782801,0.267774916972473,2.11876732643708));
#1883=CARTESIAN_POINT('Ctrl Pts',(11.4939763542853,0.861813937207692,1.74198986027423));
#1884=CARTESIAN_POINT('Ctrl Pts',(11.2982648030046,1.44822111162929,1.37427969925709));
#1885=CARTESIAN_POINT('Ctrl Pts',(3.15093082040625,-7.35334175494475,3.32923307308841));
#1886=CARTESIAN_POINT('Ctrl Pts',(3.95593756773339,-7.00839374962698,4.79226172814083));
#1887=CARTESIAN_POINT('Ctrl Pts',(4.91282071762385,-6.43095794883942,5.95208278136654));
#1888=CARTESIAN_POINT('Ctrl Pts',(6.24074300370476,-5.05400149647343,7.1937002949596));
#1889=CARTESIAN_POINT('Ctrl Pts',(7.14869809087583,-3.83994429256357,7.83151423640259));
#1890=CARTESIAN_POINT('Ctrl Pts',(7.86097248082462,-1.86038729369174,7.7406499422675));
#1891=CARTESIAN_POINT('Ctrl Pts',(8.01578651746731,-0.374385813814539,7.08360992305187));
#1892=CARTESIAN_POINT('Ctrl Pts',(7.99331152666656,0.446580988719779,6.5264967927615));
#1893=CARTESIAN_POINT('Ctrl Pts',(7.95956652747361,0.813375864595489,6.22990677061499));
#1894=CARTESIAN_POINT('Ctrl Pts',(7.93342938124195,1.03481613242984,6.03802222152042));
#1895=CARTESIAN_POINT('Ctrl Pts',(7.91822499608494,1.14383541420769,5.93832781097308));
#1896=CARTESIAN_POINT('Ctrl Pts',(7.90574737775147,1.22440124108718,5.86107424976552));
#1897=CARTESIAN_POINT('Ctrl Pts',(3.66929813733931,-7.1312196763514,2.82284201167571));
#1898=CARTESIAN_POINT('Ctrl Pts',(4.45542396712323,-6.72579751727933,4.11464055334302));
#1899=CARTESIAN_POINT('Ctrl Pts',(5.34434892322042,-6.08379935763164,5.09630910895288));
#1900=CARTESIAN_POINT('Ctrl Pts',(6.46856256570035,-4.76042045552546,6.09812099125754));
#1901=CARTESIAN_POINT('Ctrl Pts',(7.19685004617855,-3.66855308657786,6.58547876799162));
#1902=CARTESIAN_POINT('Ctrl Pts',(7.7863806127789,-2.04815916544782,6.48789737346895));
#1903=CARTESIAN_POINT('Ctrl Pts',(7.98929239419016,-0.790983409138867,5.94878636868927));
#1904=CARTESIAN_POINT('Ctrl Pts',(8.01942933500775,-0.0650263399498392,
5.48152795833036));
#1905=CARTESIAN_POINT('Ctrl Pts',(8.01456861032979,0.265923963946106,5.23085796614121));
#1906=CARTESIAN_POINT('Ctrl Pts',(8.00713956617095,0.466458062665273,5.06881031783846));
#1907=CARTESIAN_POINT('Ctrl Pts',(8.00134946271587,0.566201425868754,4.98407546036995));
#1908=CARTESIAN_POINT('Ctrl Pts',(7.99667197291209,0.63731683146507,4.92066200440619));
#1909=CARTESIAN_POINT('Ctrl Pts',(4.72759474872575,-7.09932135558156,1.93809600347347));
#1910=CARTESIAN_POINT('Ctrl Pts',(5.56942750405167,-6.69039681574402,2.93272057789338));
#1911=CARTESIAN_POINT('Ctrl Pts',(6.49600379677351,-6.04658807197458,3.6037976094379));
#1912=CARTESIAN_POINT('Ctrl Pts',(7.57825539643941,-4.84508164960786,4.19812521180043));
#1913=CARTESIAN_POINT('Ctrl Pts',(8.23450305539726,-3.90521719582055,4.43065092194273));
#1914=CARTESIAN_POINT('Ctrl Pts',(8.75218384362093,-2.62611015598246,4.32585401507092));
#1915=CARTESIAN_POINT('Ctrl Pts',(8.96513657876955,-1.55586811232451,3.98520166631882));
#1916=CARTESIAN_POINT('Ctrl Pts',(9.01015476903515,-0.898812978114131,3.67087568558552));
#1917=CARTESIAN_POINT('Ctrl Pts',(9.01308093414556,-0.592171940532329,3.49819209460117));
#1918=CARTESIAN_POINT('Ctrl Pts',(9.01023459261158,-0.406077194608715,3.38654465157204));
#1919=CARTESIAN_POINT('Ctrl Pts',(9.00693473405243,-0.312580484620054,3.32737885869834));
#1920=CARTESIAN_POINT('Ctrl Pts',(9.00413062255572,-0.250736712783485,3.28738870332186));
#1921=CARTESIAN_POINT('Ctrl Pts',(5.76301643696068,-7.69687265515042,1.29484409484202));
#1922=CARTESIAN_POINT('Ctrl Pts',(6.71092000518035,-7.45686991563184,2.14578291994327));
#1923=CARTESIAN_POINT('Ctrl Pts',(7.81373245566991,-7.01991285218623,2.77886689529897));
#1924=CARTESIAN_POINT('Ctrl Pts',(9.26006579566032,-5.90355663077783,3.43406232764302));
#1925=CARTESIAN_POINT('Ctrl Pts',(10.2167738375597,-4.90602696852836,3.75427010817127));
#1926=CARTESIAN_POINT('Ctrl Pts',(10.9302238320166,-3.23102801129014,3.68439058673686));
#1927=CARTESIAN_POINT('Ctrl Pts',(11.0712283024949,-1.89261650202841,3.30303980832283));
#1928=CARTESIAN_POINT('Ctrl Pts',(11.0309528137388,-1.12724303028326,2.96967552653629));
#1929=CARTESIAN_POINT('Ctrl Pts',(10.9868364495381,-0.781417748809472,2.79082064508084));
#1930=CARTESIAN_POINT('Ctrl Pts',(10.9536721929353,-0.575273147929483,2.67707740451621));
#1931=CARTESIAN_POINT('Ctrl Pts',(10.9347203632902,-0.472674502523415,2.61707052235781));
#1932=CARTESIAN_POINT('Ctrl Pts',(10.9194108967246,-0.407515768045019,2.57811711927601));
#1933=CARTESIAN_POINT('Ctrl Pts',(6.16254157108256,-8.04433410108725,1.08798113084875));
#1934=CARTESIAN_POINT('Ctrl Pts',(7.14828582948572,-7.89459093387374,1.91910455256687));
#1935=CARTESIAN_POINT('Ctrl Pts',(8.3235040605286,-7.55654632112462,2.60152315106537));
#1936=CARTESIAN_POINT('Ctrl Pts',(9.93696441721486,-6.44078486186571,3.38061607847631));
#1937=CARTESIAN_POINT('Ctrl Pts',(11.0368368788941,-5.37082501118086,3.80155828441423));
#1938=CARTESIAN_POINT('Ctrl Pts',(11.8558819483713,-3.43261867792222,3.75326784667349));
#1939=CARTESIAN_POINT('Ctrl Pts',(11.9755521818029,-1.92732105895828,3.30955778058612));
#1940=CARTESIAN_POINT('Ctrl Pts',(11.9016006354669,-1.09491520172182,2.93395195820419));
#1941=CARTESIAN_POINT('Ctrl Pts',(11.8381408344412,-0.724976511985992,2.73518464936269));
#1942=CARTESIAN_POINT('Ctrl Pts',(11.7924100086964,-0.506081159391258,2.60940263911853));
#1943=CARTESIAN_POINT('Ctrl Pts',(11.7668816721266,-0.397777211050745,2.54352564973662));
#1944=CARTESIAN_POINT('Ctrl Pts',(11.7463244046951,-0.329322168077964,2.50009782062336));
#1945=CARTESIAN_POINT('',(9.33941121333369,-6.85330320241599,3.0929868700565));
#1946=CARTESIAN_POINT('Ctrl Pts',(9.3400562014089,-6.85356665280587,3.09238649026256));
#1947=CARTESIAN_POINT('Ctrl Pts',(9.93741607083873,-6.44034545551807,3.38078892350893));
#1948=CARTESIAN_POINT('Ctrl Pts',(11.0369630099189,-5.37052653193954,3.80155084779978));
#1949=CARTESIAN_POINT('Ctrl Pts',(11.8558819483713,-3.43261867792222,3.75326784667349));
#1950=CARTESIAN_POINT('Ctrl Pts',(11.9755521818029,-1.92732105895828,3.30955778058612));
#1951=CARTESIAN_POINT('Ctrl Pts',(11.9016006354669,-1.09491520172182,2.93395195820419));
#1952=CARTESIAN_POINT('Ctrl Pts',(11.8381408344412,-0.724976511985992,2.73518464936269));
#1953=CARTESIAN_POINT('Ctrl Pts',(11.7924100086964,-0.506081159391258,2.60940263911853));
#1954=CARTESIAN_POINT('Ctrl Pts',(11.7668816721266,-0.397777211050745,2.54352564973662));
#1955=CARTESIAN_POINT('Ctrl Pts',(11.7463244046951,-0.329322168077964,2.50009782062336));
#1956=CARTESIAN_POINT('Ctrl Pts',(8.37164116720277,0.426478438793162,4.5));
#1957=CARTESIAN_POINT('Ctrl Pts',(8.3888345238933,0.383962380827919,4.5));
#1958=CARTESIAN_POINT('Ctrl Pts',(8.40667564572432,0.339641413342921,4.5));
#1959=CARTESIAN_POINT('Ctrl Pts',(8.79216098264659,-0.622107951793907,4.5));
#1960=CARTESIAN_POINT('Ctrl Pts',(9.08442899275535,-1.43729081211322,4.5));
#1961=CARTESIAN_POINT('Ctrl Pts',(9.18100000965644,-2.49538888000103,4.5));
#1962=CARTESIAN_POINT('Ctrl Pts',(9.17441075581613,-2.79582911737702,4.49999999999984));
#1963=CARTESIAN_POINT('Ctrl Pts',(9.08193932149572,-3.26631154463585,4.49999999999984));
#1964=CARTESIAN_POINT('Ctrl Pts',(9.03031253134535,-3.43549420956675,4.5));
#1965=CARTESIAN_POINT('Ctrl Pts',(8.8943217627741,-3.75334353017196,4.5));
#1966=CARTESIAN_POINT('Ctrl Pts',(8.8137592530407,-3.89890693849861,4.5));
#1967=CARTESIAN_POINT('Ctrl Pts',(8.58677894713249,-4.2333172647147,4.5));
#1968=CARTESIAN_POINT('Ctrl Pts',(8.42978087671229,-4.41078149067534,4.5));
#1969=CARTESIAN_POINT('Ctrl Pts',(7.90785550919412,-4.90275366853053,4.5));
#1970=CARTESIAN_POINT('Ctrl Pts',(7.47815310942286,-5.18658250556903,4.5));
#1971=CARTESIAN_POINT('Ctrl Pts',(6.43683116858753,-5.76389005534329,4.5));
#1972=CARTESIAN_POINT('Ctrl Pts',(5.80893602259104,-6.04711407536571,4.5));
#1973=CARTESIAN_POINT('Ctrl Pts',(4.72736895431285,-6.55689676515334,4.5));
#1974=CARTESIAN_POINT('Ctrl Pts',(4.29445063483062,-6.76713698947813,4.5));
#1975=CARTESIAN_POINT('Ctrl Pts',(3.86883321209527,-7.00229459370202,4.5));
#1976=CARTESIAN_POINT('Ctrl Pts',(7.13379890856558,-6.61549061312486,3.06780261202676));
#1977=CARTESIAN_POINT('Ctrl Pts',(7.18098908489611,-6.61759091081436,3.06348317055503));
#1978=CARTESIAN_POINT('Ctrl Pts',(7.22795866179713,-6.61986206222188,3.05951819666322));
#1979=CARTESIAN_POINT('Ctrl Pts',(7.91271789416048,-6.655519718443,3.00630975983512));
#1980=CARTESIAN_POINT('Ctrl Pts',(8.64376383772528,-6.72563650930508,3.00850847398922));
#1981=CARTESIAN_POINT('Ctrl Pts',(9.33941121333368,-6.85330320241599,3.0929868700565));
#1982=CARTESIAN_POINT('Origin',(0.,0.,0.));
#1983=CARTESIAN_POINT('',(-2.0345922844173,7.7369525160873,-5.5));
#1984=CARTESIAN_POINT('Origin',(0.,0.,-5.5));
#1985=CARTESIAN_POINT('',(4.79271535228788,6.40545701351153,3.3292330730884));
#1986=CARTESIAN_POINT('Ctrl Pts',(4.79271535228788,6.40545701351153,3.3292330730884));
#1987=CARTESIAN_POINT('Ctrl Pts',(4.37052179942441,6.72135227565715,2.3453129271587));
#1988=CARTESIAN_POINT('Ctrl Pts',(2.85067988703676,7.651964081622,-0.363272696776563));
#1989=CARTESIAN_POINT('Ctrl Pts',(0.380253930998875,8.17978542555101,-3.25768454742372));
#1990=CARTESIAN_POINT('Ctrl Pts',(-1.54160831268242,7.86654234394361,-5.0609873583148));
#1991=CARTESIAN_POINT('Ctrl Pts',(-2.03567212184729,7.73616830843775,-5.49854705789748));
#1992=CARTESIAN_POINT('',(4.12974839759606,6.85165514109932,4.49999999946114));
#1993=CARTESIAN_POINT('Ctrl Pts',(4.12992257660447,6.85027214953752,4.50100377257244));
#1994=CARTESIAN_POINT('Ctrl Pts',(4.37190374503567,6.70481054344275,4.13602995325924));
#1995=CARTESIAN_POINT('Ctrl Pts',(4.59349951759798,6.55451504127179,3.74486777188775));
#1996=CARTESIAN_POINT('Ctrl Pts',(4.79271535228788,6.40545701351153,3.3292330730884));
#1997=CARTESIAN_POINT('Origin',(0.,0.,4.5));
#1998=CARTESIAN_POINT('Ctrl Pts',(3.74308970036162,8.4138730583367,4.97204062296743));
#1999=CARTESIAN_POINT('Ctrl Pts',(3.25889687190446,8.80303418322228,4.23930693582714));
#2000=CARTESIAN_POINT('Ctrl Pts',(1.4624543266353,10.0675890055289,2.19059004801241));
#2001=CARTESIAN_POINT('Ctrl Pts',(-2.78088868260275,11.2918798549733,-1.01296749823275));
#2002=CARTESIAN_POINT('Ctrl Pts',(-7.55909491837933,9.88088946011315,-3.63179024708506));
#2003=CARTESIAN_POINT('Ctrl Pts',(-10.5279110647172,6.91858888902519,-4.78630172408843));
#2004=CARTESIAN_POINT('Ctrl Pts',(-11.4340924461946,4.97781389731688,-4.96022766318784));
#2005=CARTESIAN_POINT('Ctrl Pts',(-11.7011828599309,3.96022705944746,-4.94570583371065));
#2006=CARTESIAN_POINT('Ctrl Pts',(3.76448268893751,8.17490894120285,4.84318929093363));
#2007=CARTESIAN_POINT('Ctrl Pts',(3.27684823178194,8.54594153330994,4.09552854940884));
#2008=CARTESIAN_POINT('Ctrl Pts',(1.47589385957405,9.73543513555068,2.02105639986994));
#2009=CARTESIAN_POINT('Ctrl Pts',(-2.70785935414862,10.7991639985049,-1.13977413882464));
#2010=CARTESIAN_POINT('Ctrl Pts',(-7.26390441248002,9.33201415144049,-3.63192595408214));
#2011=CARTESIAN_POINT('Ctrl Pts',(-10.0161470825642,6.51795447462308,-4.71499895149689));
#2012=CARTESIAN_POINT('Ctrl Pts',(-10.8535359173534,4.70982690800033,-4.89206895595459));
#2013=CARTESIAN_POINT('Ctrl Pts',(-11.104155881579,3.76031775800835,-4.88990466308764));
#2014=CARTESIAN_POINT('Ctrl Pts',(3.85541116083609,7.71371399615828,4.56255872335063));
#2015=CARTESIAN_POINT('Ctrl Pts',(3.36688678585396,8.05249102525182,3.77768857316577));
#2016=CARTESIAN_POINT('Ctrl Pts',(1.57782136741141,9.1064812443753,1.62207351352957));
#2017=CARTESIAN_POINT('Ctrl Pts',(-2.45820348444184,9.87628185141845,-1.53813182718185));
#2018=CARTESIAN_POINT('Ctrl Pts',(-6.57974794938895,8.29852387315692,-3.88730657520895));
#2019=CARTESIAN_POINT('Ctrl Pts',(-8.93630635913625,5.747465734374,-4.8823080183889));
#2020=CARTESIAN_POINT('Ctrl Pts',(-9.65934412462534,4.17776796967402,-5.06734163212164));
#2021=CARTESIAN_POINT('Ctrl Pts',(-9.88794940913141,3.35053129736827,-5.08319662288482));
#2022=CARTESIAN_POINT('Ctrl Pts',(4.17601467918355,6.99827847542679,4.01166122724342));
#2023=CARTESIAN_POINT('Ctrl Pts',(3.70573017231014,7.30237042225689,3.14209868441753));
#2024=CARTESIAN_POINT('Ctrl Pts',(2.0038382089513,8.2035081063757,0.763166588709434));
#2025=CARTESIAN_POINT('Ctrl Pts',(-1.70192632770928,8.67919413965511,-2.64091005996074));
#2026=CARTESIAN_POINT('Ctrl Pts',(-5.27564062427474,7.06740661299632,-5.13038627148979));
#2027=CARTESIAN_POINT('Ctrl Pts',(-7.26371178373026,4.80295092796456,-6.18756188418125));
#2028=CARTESIAN_POINT('Ctrl Pts',(-7.90852342443058,3.46173117223274,-6.38955235845092));
#2029=CARTESIAN_POINT('Ctrl Pts',(-8.13476076520121,2.75111748568569,-6.40871015370493));
#2030=CARTESIAN_POINT('Ctrl Pts',(4.53779329308848,6.59619576395269,3.58516835118454));
#2031=CARTESIAN_POINT('Ctrl Pts',(4.09562678519589,6.90073934391867,2.64415208049973));
#2032=CARTESIAN_POINT('Ctrl Pts',(2.50288051863261,7.7934383380811,0.059181887108601));
#2033=CARTESIAN_POINT('Ctrl Pts',(-0.95258851108764,8.34467517188348,-3.66331791091607));
#2034=CARTESIAN_POINT('Ctrl Pts',(-4.482439621962,6.94139986576787,-6.5121903731119));
#2035=CARTESIAN_POINT('Ctrl Pts',(-6.6171140431226,4.69470142591643,-7.76553478777675));
#2036=CARTESIAN_POINT('Ctrl Pts',(-7.33210126397437,3.29342520959673,-7.98067328704095));
#2037=CARTESIAN_POINT('Ctrl Pts',(-7.58187655398465,2.55248970261588,-7.98188019978415));
#2038=CARTESIAN_POINT('Ctrl Pts',(4.79271535228788,6.40545701351153,3.3292330730884));
#2039=CARTESIAN_POINT('Ctrl Pts',(4.37052179942441,6.72135227565715,2.3453129271587));
#2040=CARTESIAN_POINT('Ctrl Pts',(2.85067988703676,7.651964081622,-0.363272696776563));
#2041=CARTESIAN_POINT('Ctrl Pts',(-0.490049685928891,8.36573102071867,-4.27735368437565));
#2042=CARTESIAN_POINT('Ctrl Pts',(-4.15947541904321,7.16004713524356,-7.34402869057352));
#2043=CARTESIAN_POINT('Ctrl Pts',(-6.52555476116413,4.85274446959996,-8.71705935164464));
#2044=CARTESIAN_POINT('Ctrl Pts',(-7.3162816235166,3.34385090130235,-8.93991341269533));
#2045=CARTESIAN_POINT('Ctrl Pts',(-7.58425249854976,2.54541038699888,-8.92996318186347));
#2046=CARTESIAN_POINT('Ctrl Pts',(-2.03459228441731,7.7369525160873,-5.5));
#2047=CARTESIAN_POINT('Ctrl Pts',(-3.235968018442,7.42102582608236,-5.5));
#2048=CARTESIAN_POINT('Ctrl Pts',(-4.49651991336953,7.08497401744835,-5.5));
#2049=CARTESIAN_POINT('Ctrl Pts',(-6.42077290359237,6.27946984057858,-5.5));
#2050=CARTESIAN_POINT('Ctrl Pts',(-7.17307746103137,5.88308540825027,-5.5));
#2051=CARTESIAN_POINT('Ctrl Pts',(-8.32527880849896,4.97285169416761,-5.5));
#2052=CARTESIAN_POINT('Ctrl Pts',(-8.77041286166013,4.49811690844026,-5.5));
#2053=CARTESIAN_POINT('Ctrl Pts',(-9.19262134457058,3.75266473440376,-5.5));
#2054=CARTESIAN_POINT('Ctrl Pts',(-9.28110736134801,3.56408123931575,-5.5));
#2055=CARTESIAN_POINT('Ctrl Pts',(-9.37676327197034,3.3090325961318,-5.5));
#2056=CARTESIAN_POINT('Ctrl Pts',(-9.39755821127637,3.249233413034,-5.5));
#2057=CARTESIAN_POINT('Ctrl Pts',(-9.41690486996873,3.18897752485285,-5.5));
#2058=CARTESIAN_POINT('',(1.93098860620581,9.61097173278851,2.83858134040571));
#2059=CARTESIAN_POINT('Ctrl Pts',(-11.2521767525881,5.25186422850041,-4.90740113588901));
#2060=CARTESIAN_POINT('Ctrl Pts',(-11.0139580727308,5.79779511191621,-4.86584680556822));
#2061=CARTESIAN_POINT('Ctrl Pts',(-10.206065365071,7.23972824318841,-4.66114255769002));
#2062=CARTESIAN_POINT('Ctrl Pts',(-7.55909491837933,9.88088946011315,-3.63179024708506));
#2063=CARTESIAN_POINT('Ctrl Pts',(-2.80332666495489,11.2852539840886,-1.02526523000124));
#2064=CARTESIAN_POINT('Ctrl Pts',(0.573918346200512,10.3238728322804,1.51980747989078));
#2065=CARTESIAN_POINT('Ctrl Pts',(1.92980028861303,9.61262939615871,2.84047158415209));
#2066=CARTESIAN_POINT('',(2.16228347518084,9.4857963868699,3.06780261202677));
#2067=CARTESIAN_POINT('Ctrl Pts',(1.92980028861303,9.61262939615871,2.84047158415209));
#2068=CARTESIAN_POINT('Ctrl Pts',(1.94590709618921,9.60418038536575,2.85616003160074));
#2069=CARTESIAN_POINT('Ctrl Pts',(2.02389071140395,9.56299726390824,2.93237162349565));
#2070=CARTESIAN_POINT('Ctrl Pts',(2.10079191826485,9.5210488233,3.00876600690563));
#2071=CARTESIAN_POINT('Ctrl Pts',(2.16114908693389,9.48732509627589,3.06956822294238));
#2072=CARTESIAN_POINT('Ctrl Pts',(2.16228347518084,9.4857963868699,3.06780261202677));
#2073=CARTESIAN_POINT('Ctrl Pts',(2.48481185698717,8.86494554983278,3.13177814214418));
#2074=CARTESIAN_POINT('Ctrl Pts',(2.94266323057755,8.21952605129925,3.1987966534879));
#2075=CARTESIAN_POINT('Ctrl Pts',(3.85913858510865,7.19250810734022,3.28262579326626));
#2076=CARTESIAN_POINT('Ctrl Pts',(4.30521401553479,6.77107752439899,3.30982348785807));
#2077=CARTESIAN_POINT('Ctrl Pts',(4.78797235436126,6.40900794609782,3.3290448834598));
#2078=CARTESIAN_POINT('Ctrl Pts',(4.79034334551914,6.40723180541666,3.32913906734676));
#2079=CARTESIAN_POINT('Ctrl Pts',(4.79271535228788,6.40545701351153,3.3292330730884));
#2080=CARTESIAN_POINT('Ctrl Pts',(-6.07132655540627,5.20950994409441,4.4999999998849));
#2081=CARTESIAN_POINT('Ctrl Pts',(-6.73315456110845,4.4381947936768,3.5620277112415));
#2082=CARTESIAN_POINT('Ctrl Pts',(-7.53925491640595,2.99181018530569,1.83581811577938));
#2083=CARTESIAN_POINT('Ctrl Pts',(-7.98633023869886,1.01746862784134,-1.06665508638249));
#2084=CARTESIAN_POINT('Ctrl Pts',(-8.0052503698962,0.128253441000792,-3.07774650855915));
#2085=CARTESIAN_POINT('Ctrl Pts',(-7.99777543527628,-0.188648050324587,
-4.1728626605345));
#2086=CARTESIAN_POINT('Ctrl Pts',(-5.72044398163861,5.61843951919963,3.62422120972973));
#2087=CARTESIAN_POINT('Ctrl Pts',(-6.43187059217983,4.8975261978641,2.7693016031608));
#2088=CARTESIAN_POINT('Ctrl Pts',(-7.34027235547177,3.49606973279174,1.17349084993656));
#2089=CARTESIAN_POINT('Ctrl Pts',(-7.919677012845,1.54514805889982,-1.51392070752671));
#2090=CARTESIAN_POINT('Ctrl Pts',(-7.99589932940571,0.668273042083709,-3.38678836772753));
#2091=CARTESIAN_POINT('Ctrl Pts',(-8.01086883814306,0.366449633599995,-4.41394552085009));
#2092=CARTESIAN_POINT('Ctrl Pts',(-5.66250608552167,6.80448995246352,2.09992736525588));
#2093=CARTESIAN_POINT('Ctrl Pts',(-6.4403640357268,6.03171156554929,1.3848178840495));
#2094=CARTESIAN_POINT('Ctrl Pts',(-7.45275424448354,4.53797833271961,0.0174114604269822));
#2095=CARTESIAN_POINT('Ctrl Pts',(-8.11282498678806,2.49734884198786,-2.29721176971074));
#2096=CARTESIAN_POINT('Ctrl Pts',(-8.23517176269512,1.61639221071112,-3.92714806475921));
#2097=CARTESIAN_POINT('Ctrl Pts',(-8.2784057902242,1.33146936056169,-4.83556656712343));
#2098=CARTESIAN_POINT('Ctrl Pts',(-6.59600030517063,8.2375336182714,1.32029504750171));
#2099=CARTESIAN_POINT('Ctrl Pts',(-7.37896826448124,7.27564717199118,0.586657862673838));
#2100=CARTESIAN_POINT('Ctrl Pts',(-8.32070734317066,5.51698731965572,-0.768039054798473));
#2101=CARTESIAN_POINT('Ctrl Pts',(-8.80849822585727,3.29476329921089,-2.91449282319974));
#2102=CARTESIAN_POINT('Ctrl Pts',(-8.87596663202522,2.3967083068336,-4.36923996885382));
#2103=CARTESIAN_POINT('Ctrl Pts',(-8.9258780487709,2.11626207093468,-5.18284725416563));
#2104=CARTESIAN_POINT('Ctrl Pts',(-7.1092784424841,8.7947829140664,1.1761868800613));
#2105=CARTESIAN_POINT('Ctrl Pts',(-7.89110878124591,7.75337624547233,0.399070579631822));
#2106=CARTESIAN_POINT('Ctrl Pts',(-8.78988505322175,5.88008337007187,-1.00037441150641));
#2107=CARTESIAN_POINT('Ctrl Pts',(-9.17627985931314,3.58352222291588,-3.13085094421413));
#2108=CARTESIAN_POINT('Ctrl Pts',(-9.20728633607382,2.68041423374027,-4.52944042186544));
#2109=CARTESIAN_POINT('Ctrl Pts',(-9.25660133714485,2.40031765070711,-5.30953213362827));
#2110=CARTESIAN_POINT('',(-7.1092784424841,8.7947829140664,1.1761868800613));
#2111=CARTESIAN_POINT('Origin',(-9.10698983310941,7.81426491614162,4.4999999998849));
#2112=CARTESIAN_POINT('',(-9.19687410617082,2.9473556387679,-4.18179743738123));
#2113=CARTESIAN_POINT('Ctrl Pts',(-7.1092784424841,8.7947829140664,1.1761868800613));
#2114=CARTESIAN_POINT('Ctrl Pts',(-7.89110878124591,7.75337624547233,0.399070579631822));
#2115=CARTESIAN_POINT('Ctrl Pts',(-8.78988505322175,5.88008337007187,-1.00037441150641));
#2116=CARTESIAN_POINT('Ctrl Pts',(-9.12039844443756,3.91565682780241,-2.82273592524885));
#2117=CARTESIAN_POINT('Ctrl Pts',(-9.17943460528165,3.16376040185847,-3.83310873744314));
#2118=CARTESIAN_POINT('Ctrl Pts',(-9.19716546803374,2.94847699611508,-4.18243414091318));
#2119=CARTESIAN_POINT('Ctrl Pts',(-9.19637311416041,2.94778231201715,-4.18208580687888));
#2120=CARTESIAN_POINT('Ctrl Pts',(-9.19646650566721,2.9466495256783,-4.18392413593572));
#2121=CARTESIAN_POINT('Ctrl Pts',(-9.19655984758218,2.94551766061485,-4.18576288934742));
#2122=CARTESIAN_POINT('Ctrl Pts',(-9.19665314133056,2.94438671804039,-4.18760206773665));
#2123=CARTESIAN_POINT('Ctrl Pts',(-5.8974565566985,5.40555327065175,4.73861202204315));
#2124=CARTESIAN_POINT('Ctrl Pts',(-5.95669321461145,5.34092609946054,4.65986415139412));
#2125=CARTESIAN_POINT('Ctrl Pts',(-6.01465271281902,5.27555942076102,4.58032070765154));
#2126=CARTESIAN_POINT('Ctrl Pts',(-6.07132655540643,5.20950994409423,4.49999999988468));
#2127=CARTESIAN_POINT('Ctrl Pts',(-5.53450157840841,5.80153701354163,3.84160588131837));
#2128=CARTESIAN_POINT('Ctrl Pts',(-5.59772542807674,5.74153855380648,3.77003456712005));
#2129=CARTESIAN_POINT('Ctrl Pts',(-5.65952289732242,5.68017297221221,3.69742992678311));
#2130=CARTESIAN_POINT('Ctrl Pts',(-5.72044398163877,5.61843951919946,3.62422120972953));
#2131=CARTESIAN_POINT('Ctrl Pts',(-5.45902397208163,7.00011259824341,2.28096195592213));
#2132=CARTESIAN_POINT('Ctrl Pts',(-5.52797314533481,6.93577884294671,2.2214398827725));
#2133=CARTESIAN_POINT('Ctrl Pts',(-5.59590800902207,6.87066920772494,2.16117065503864));
#2134=CARTESIAN_POINT('Ctrl Pts',(-5.66251776056699,6.80449443077747,2.09993419810198));
#2135=CARTESIAN_POINT('Ctrl Pts',(-6.39030240322159,8.48245816700946,1.50696047521288));
#2136=CARTESIAN_POINT('Ctrl Pts',(-6.46037310061513,8.40150418211828,1.44542843280363));
#2137=CARTESIAN_POINT('Ctrl Pts',(-6.52895297188386,8.31990214993464,1.38311807398422));
#2138=CARTESIAN_POINT('Ctrl Pts',(-6.59600030517081,8.23753361827117,1.32029504750154));
#2139=CARTESIAN_POINT('Ctrl Pts',(-6.90332867447021,9.06047378227093,1.37427969925709));
#2140=CARTESIAN_POINT('Ctrl Pts',(-6.97367050839308,8.9725556350086,1.3087764225975));
#2141=CARTESIAN_POINT('Ctrl Pts',(-7.04232852624127,8.88396094385165,1.24273312244312));
#2142=CARTESIAN_POINT('Ctrl Pts',(-7.10927844248429,8.79478291406616,1.17618688006112));
#2143=CARTESIAN_POINT('',(-5.80804368244487,5.51742993882388,4.5));
#2144=CARTESIAN_POINT('Ctrl Pts',(-6.07132655540643,5.20950994409423,4.5));
#2145=CARTESIAN_POINT('Ctrl Pts',(-5.98441796265369,5.3107959484818,4.5));
#2146=CARTESIAN_POINT('Ctrl Pts',(-5.89663867528322,5.41354167718927,4.5));
#2147=CARTESIAN_POINT('Ctrl Pts',(-5.80804368244487,5.51742993882388,4.5));
#2148=CARTESIAN_POINT('',(-6.9033286744702,9.06047378227093,1.37427969925709));
#2149=CARTESIAN_POINT('Origin',(-8.84618483504775,8.10832990597763,4.73861202204315));
#2150=CARTESIAN_POINT('Ctrl Pts',(-6.90332867447021,9.06047378227093,1.37427969925709));
#2151=CARTESIAN_POINT('Ctrl Pts',(-6.97367050839308,8.9725556350086,1.3087764225975));
#2152=CARTESIAN_POINT('Ctrl Pts',(-7.04232852624127,8.88396094385165,1.24273312244312));
#2153=CARTESIAN_POINT('Ctrl Pts',(-7.10927844248429,8.79478291406616,1.17618688006112));
#2154=CARTESIAN_POINT('Ctrl Pts',(-4.89696178972219,6.34193688459884,5.61094242870721));
#2155=CARTESIAN_POINT('Ctrl Pts',(-5.21868387479273,6.0928431051224,5.23449073588076));
#2156=CARTESIAN_POINT('Ctrl Pts',(-5.5235023193634,5.81769119453942,4.86263867379222));
#2157=CARTESIAN_POINT('Ctrl Pts',(-5.80804368244487,5.51742993882388,4.5));
#2158=CARTESIAN_POINT('Ctrl Pts',(-4.50761842925834,6.75524126846765,4.72066324976351));
#2159=CARTESIAN_POINT('Ctrl Pts',(-4.86106732893823,6.51370829365307,4.35930719549635));
#2160=CARTESIAN_POINT('Ctrl Pts',(-5.19781269590651,6.2402494430638,4.00052743162015));
#2161=CARTESIAN_POINT('Ctrl Pts',(-5.5152016280762,5.93905430183016,3.65054132671767));
#2162=CARTESIAN_POINT('Ctrl Pts',(-4.33543505977372,8.05359165793434,3.22033254054517));
#2163=CARTESIAN_POINT('Ctrl Pts',(-4.7498355021723,7.77419427888156,2.88068100416375));
#2164=CARTESIAN_POINT('Ctrl Pts',(-5.14644942387685,7.46036642176543,2.54303469367401));
#2165=CARTESIAN_POINT('Ctrl Pts',(-5.51908144927039,7.11165059753583,2.21142138714558));
#2166=CARTESIAN_POINT('Ctrl Pts',(-5.13118648833356,9.69457694159802,2.57416081028642));
#2167=CARTESIAN_POINT('Ctrl Pts',(-5.58454284555632,9.33665114176537,2.21137877846223));
#2168=CARTESIAN_POINT('Ctrl Pts',(-6.01449900437776,8.9423874431357,1.85165266200776));
#2169=CARTESIAN_POINT('Ctrl Pts',(-6.41631763898857,8.51176897105743,1.50023231749137));
#2170=CARTESIAN_POINT('Ctrl Pts',(-5.58796083876268,10.337276419598,2.50009782062334));
#2171=CARTESIAN_POINT('Ctrl Pts',(-6.05330577199489,9.9490833169002,2.11876732643709));
#2172=CARTESIAN_POINT('Ctrl Pts',(-6.49334094010001,9.52316854470483,1.74198986027421));
#2173=CARTESIAN_POINT('Ctrl Pts',(-6.9033286744702,9.06047378227093,1.37427969925709));
#2174=CARTESIAN_POINT('',(-4.55516174576261,7.03681470276861,4.5));
#2175=CARTESIAN_POINT('Ctrl Pts',(-5.80804368244487,5.51742993882388,4.5));
#2176=CARTESIAN_POINT('Ctrl Pts',(-5.7345099423431,5.60365707408198,4.5));
#2177=CARTESIAN_POINT('Ctrl Pts',(-5.66061531780413,5.69066779771715,4.50002528922856));
#2178=CARTESIAN_POINT('Ctrl Pts',(-5.58676894750257,5.77811082457302,4.50007386791355));
#2179=CARTESIAN_POINT('Ctrl Pts',(-5.50928027951062,5.86986677207017,4.50012484262736));
#2180=CARTESIAN_POINT('Ctrl Pts',(-5.43184433250709,5.96209851053134,4.50020139344162));
#2181=CARTESIAN_POINT('Ctrl Pts',(-5.35494109823768,6.05434219505242,4.5002975708363));
#2182=CARTESIAN_POINT('Ctrl Pts',(-5.30974462219251,6.10855434253078,4.50035409484802));
#2183=CARTESIAN_POINT('Ctrl Pts',(-5.26473231791117,6.16276954941726,4.50041734646559));
#2184=CARTESIAN_POINT('Ctrl Pts',(-5.22000354853598,6.2168856380273,4.50048556505974));
#2185=CARTESIAN_POINT('Ctrl Pts',(-5.13350299280387,6.32154024409419,4.50061749237157));
#2186=CARTESIAN_POINT('Ctrl Pts',(-5.0467898468205,6.42736149865196,4.50076992184309));
#2187=CARTESIAN_POINT('Ctrl Pts',(-4.96043552057818,6.53387294460441,4.50090858741049));
#2188=CARTESIAN_POINT('Ctrl Pts',(-4.87183295583437,6.64315742051449,4.50105086314174));
#2189=CARTESIAN_POINT('Ctrl Pts',(-4.78360784818755,6.75316817932242,4.50117897687851));
#2190=CARTESIAN_POINT('Ctrl Pts',(-4.69642101220392,6.86336140010447,4.50127429764112));
#2191=CARTESIAN_POINT('Ctrl Pts',(-4.65004308905864,6.92197727561943,4.50132500230258));
#2192=CARTESIAN_POINT('Ctrl Pts',(-4.60395972002288,6.9806443352352,4.50136672011099));
#2193=CARTESIAN_POINT('Ctrl Pts',(-4.55827532304674,7.03927762576289,4.50139775625868));
#2194=CARTESIAN_POINT('',(-5.58796083876267,10.337276419598,2.50009782062335));
#2195=CARTESIAN_POINT('Origin',(-7.51985440212366,9.35156616673707,5.8610742497655));
#2196=CARTESIAN_POINT('Ctrl Pts',(-5.58796083876268,10.337276419598,2.50009782062334));
#2197=CARTESIAN_POINT('Ctrl Pts',(-6.05330577199489,9.9490833169002,2.11876732643709));
#2198=CARTESIAN_POINT('Ctrl Pts',(-6.49334094010001,9.52316854470483,1.74198986027421));
#2199=CARTESIAN_POINT('Ctrl Pts',(-6.9033286744702,9.06047378227093,1.37427969925709));
#2200=CARTESIAN_POINT('Ctrl Pts',(4.79271535228788,6.40545701351153,3.3292330730884));
#2201=CARTESIAN_POINT('Ctrl Pts',(4.09149050309831,6.93013013098426,4.79223614931072));
#2202=CARTESIAN_POINT('Ctrl Pts',(3.11298104683868,7.47013540030153,5.95202782174419));
#2203=CARTESIAN_POINT('Ctrl Pts',(1.25651936955187,7.9316363611182,7.19370914936215));
#2204=CARTESIAN_POINT('Ctrl Pts',(-0.248847746846386,8.11093542725906,7.83149532521553));
#2205=CARTESIAN_POINT('Ctrl Pts',(-2.31934454996481,7.73799910846925,7.74065951296309));
#2206=CARTESIAN_POINT('Ctrl Pts',(-3.68366345962037,7.12906600048833,7.083603022542));
#2207=CARTESIAN_POINT('Ctrl Pts',(-4.38340620217567,6.69912108845624,6.5264975401431));
#2208=CARTESIAN_POINT('Ctrl Pts',(-4.68418727254947,6.48649887884454,6.22990628669178));
#2209=CARTESIAN_POINT('Ctrl Pts',(-4.86289167622056,6.35314340898133,6.03802207383583));
#2210=CARTESIAN_POINT('Ctrl Pts',(-4.94970302449462,6.28546629238665,5.93832781097308));
#2211=CARTESIAN_POINT('Ctrl Pts',(-5.01323626808243,6.23437744449139,5.86107424976552));
#2212=CARTESIAN_POINT('Ctrl Pts',(4.3411683310181,6.74331523917046,2.8228420116757));
#2213=CARTESIAN_POINT('Ctrl Pts',(3.59701253777191,7.22140074005469,4.11461796821094));
#2214=CARTESIAN_POINT('Ctrl Pts',(2.5966208728197,7.67030915534377,5.09626538430684));
#2215=CARTESIAN_POINT('Ctrl Pts',(0.888418578558676,7.98218489797979,6.09814291883218));
#2216=CARTESIAN_POINT('Ctrl Pts',(-0.421307519376126,8.06704559224135,6.5855058244162));
#2217=CARTESIAN_POINT('Ctrl Pts',(-2.11944508258728,7.76738031701814,6.48794906192852));
#2218=CARTESIAN_POINT('Ctrl Pts',(-3.30965153925484,7.31449500753543,5.9488187966919));
#2219=CARTESIAN_POINT('Ctrl Pts',(-3.95340659796219,6.97757110614575,5.48154342356279));
#2220=CARTESIAN_POINT('Ctrl Pts',(-4.23758347623112,6.80787001237838,5.23086426263551));
#2221=CARTESIAN_POINT('Ctrl Pts',(-4.40753572661986,6.70116558876017,5.06881492995004));
#2222=CARTESIAN_POINT('Ctrl Pts',(-4.49101954981925,6.64627118633453,4.98407546036995));
#2223=CARTESIAN_POINT('Ctrl Pts',(-4.5502685527642,6.60666265854036,4.92066200440619));
#2224=CARTESIAN_POINT('Ctrl Pts',(3.78439811932352,7.64387959403643,1.93809710309768));
#2225=CARTESIAN_POINT('Ctrl Pts',(3.00935625259514,8.16845670437474,2.93270428802018));
#2226=CARTESIAN_POINT('Ctrl Pts',(1.98851315866616,8.64908946882477,3.60378827048687));
#2227=CARTESIAN_POINT('Ctrl Pts',(0.406812354992759,8.98548417381673,4.19813248889496));
#2228=CARTESIAN_POINT('Ctrl Pts',(-0.735265543665323,9.0839235839291,4.430659883742));
#2229=CARTESIAN_POINT('Ctrl Pts',(-2.10181286700423,8.89264388873815,4.32584199820578));
#2230=CARTESIAN_POINT('Ctrl Pts',(-3.13514221265137,8.54198019222815,3.98521419097774));
#2231=CARTESIAN_POINT('Ctrl Pts',(-3.72668293564989,8.25243386517817,3.67088555922284));
#2232=CARTESIAN_POINT('Ctrl Pts',(-3.99371061197948,8.10165021759564,3.49820302406342));
#2233=CARTESIAN_POINT('Ctrl Pts',(-4.15345133544368,8.00613749625287,3.38655518640718));
#2234=CARTESIAN_POINT('Ctrl Pts',(-4.23277641951014,7.95653035930052,3.32738750274522));
#2235=CARTESIAN_POINT('Ctrl Pts',(-4.2849326412381,7.92318004159104,3.28739734736874));
#2236=CARTESIAN_POINT('Ctrl Pts',(3.78417903057371,8.83935496441044,1.29484409484202));
#2237=CARTESIAN_POINT('Ctrl Pts',(3.10239069730302,9.5402499107713,2.1457680425726));
#2238=CARTESIAN_POINT('Ctrl Pts',(2.17258555850335,10.2769113995727,2.77882441471737));
#2239=CARTESIAN_POINT('Ctrl Pts',(0.482595497665094,10.9712116407808,3.43408274510032));
#2240=CARTESIAN_POINT('Ctrl Pts',(-0.85963564550324,11.3010039488977,3.75428531522915));
#2241=CARTESIAN_POINT('Ctrl Pts',(-2.66694831936781,11.0813484434478,3.68442566857669));
#2242=CARTESIAN_POINT('Ctrl Pts',(-3.89654099370522,10.5342699012312,3.30306993128311));
#2243=CARTESIAN_POINT('Ctrl Pts',(-4.5392424603666,10.1167082989503,2.96969258858071));
#2244=CARTESIAN_POINT('Ctrl Pts',(-4.81668379297091,9.90558996079933,2.79082869075456));
#2245=CARTESIAN_POINT('Ctrl Pts',(-4.97862942496947,9.77379654368061,2.67708365870426));
#2246=CARTESIAN_POINT('Ctrl Pts',(-5.05801205473866,9.70608286915005,2.61707052235781));
#2247=CARTESIAN_POINT('Ctrl Pts',(-5.10678644079258,9.66024511494662,2.57811711927601));
#2248=CARTESIAN_POINT('Ctrl Pts',(3.88532690252974,9.35908460297878,1.08798113084874));
#2249=CARTESIAN_POINT('Ctrl Pts',(3.26278427087915,10.1378789725111,1.91909002163838));
#2250=CARTESIAN_POINT('Ctrl Pts',(2.38243970736858,10.9866917076231,2.60145743300145));
#2251=CARTESIAN_POINT('Ctrl Pts',(0.609395385104472,11.8260446404283,3.38062926370214));
#2252=CARTESIAN_POINT('Ctrl Pts',(-0.867134339658583,12.2436057273998,3.80154118657018));
#2253=CARTESIAN_POINT('Ctrl Pts',(-2.95519825066588,11.9838139259533,3.75328364104261));
#2254=CARTESIAN_POINT('Ctrl Pts',(-4.31864777882327,11.3348002006231,3.30956521009704));
#2255=CARTESIAN_POINT('Ctrl Pts',(-5.00256346609438,10.854554193469,2.93396233979366));
#2256=CARTESIAN_POINT('Ctrl Pts',(-5.29121550547495,10.6146227547673,2.7351894762505));
#2257=CARTESIAN_POINT('Ctrl Pts',(-5.45792032106988,10.4655704675843,2.60940680063454));
#2258=CARTESIAN_POINT('Ctrl Pts',(-5.53895566624684,10.3893070569125,2.54352564973662));
#2259=CARTESIAN_POINT('Ctrl Pts',(-5.58796083876266,10.337276419598,2.50009782062336));
#2260=CARTESIAN_POINT('',(1.26542906646265,11.5148189683442,3.0929868700565));
#2261=CARTESIAN_POINT('Ctrl Pts',(1.26533348446575,11.5155257837923,3.09237443149496));
#2262=CARTESIAN_POINT('Ctrl Pts',(0.608784120701886,11.8262174780488,3.38080349517101));
#2263=CARTESIAN_POINT('Ctrl Pts',(-0.867458499521992,12.243565396223,3.80153369486493));
#2264=CARTESIAN_POINT('Ctrl Pts',(-2.95519825066588,11.9838139259533,3.75328364104261));
#2265=CARTESIAN_POINT('Ctrl Pts',(-4.31864777882327,11.3348002006231,3.30956521009704));
#2266=CARTESIAN_POINT('Ctrl Pts',(-5.00256346609438,10.854554193469,2.93396233979366));
#2267=CARTESIAN_POINT('Ctrl Pts',(-5.29121550547495,10.6146227547673,2.7351894762505));
#2268=CARTESIAN_POINT('Ctrl Pts',(-5.45792032106988,10.4655704675843,2.60940680063454));
#2269=CARTESIAN_POINT('Ctrl Pts',(-5.53895566624684,10.3893070569125,2.54352564973662));
#2270=CARTESIAN_POINT('Ctrl Pts',(-5.58796083876266,10.337276419598,2.50009782062336));
#2271=CARTESIAN_POINT('Ctrl Pts',(-4.55516174576259,7.03681470276863,4.5));
#2272=CARTESIAN_POINT('Ctrl Pts',(-4.52745796834145,7.07229720996321,4.5));
#2273=CARTESIAN_POINT('Ctrl Pts',(-4.4985655671183,7.10918278080935,4.5));
#2274=CARTESIAN_POINT('Ctrl Pts',(-3.89205471240702,7.88116925860197,4.5));
#2275=CARTESIAN_POINT('Ctrl Pts',(-3.36644873378795,8.50376867694891,4.5));
#2276=CARTESIAN_POINT('Ctrl Pts',(-2.5190126174427,9.14680140883545,4.5));
#2277=CARTESIAN_POINT('Ctrl Pts',(-2.22332394170711,9.32077963637565,4.5));
#2278=CARTESIAN_POINT('Ctrl Pts',(-1.69261707756447,9.50671807398042,4.5));
#2279=CARTESIAN_POINT('Ctrl Pts',(-1.48072406837757,9.55218467087937,4.5));
#2280=CARTESIAN_POINT('Ctrl Pts',(-1.03855800638058,9.5871576735513,4.5));
#2281=CARTESIAN_POINT('Ctrl Pts',(-0.816506344436084,9.574781897473,4.4999999999994));
#2282=CARTESIAN_POINT('Ctrl Pts',(-0.249072588963588,9.4804559173378,4.4999999999994));
#2283=CARTESIAN_POINT('Ctrl Pts',(0.0883304050321275,9.36386769929491,4.5));
#2284=CARTESIAN_POINT('Ctrl Pts',(1.07337864241864,8.92089274975355,4.5));
#2285=CARTESIAN_POINT('Ctrl Pts',(1.74036670472255,8.46854375450263,4.5));
#2286=CARTESIAN_POINT('Ctrl Pts',(2.96739806214712,7.61373080051305,4.5));
#2287=CARTESIAN_POINT('Ctrl Pts',(3.53282872718922,7.21144091563242,4.5));
#2288=CARTESIAN_POINT('Ctrl Pts',(4.12974839688075,6.85165514153047,4.5));
#2289=CARTESIAN_POINT('Ctrl Pts',(2.16228347518088,9.48579638686983,3.06780261202678));
#2290=CARTESIAN_POINT('Ctrl Pts',(1.84775047627198,10.0912565158505,3.00541301632075));
#2291=CARTESIAN_POINT('Ctrl Pts',(1.5172360901733,10.807689116695,3.00332929649812));
#2292=CARTESIAN_POINT('Ctrl Pts',(1.26542906646266,11.5148189683442,3.0929868700565));
#2293=CARTESIAN_POINT('Origin',(0.,0.,-5.5));
#2294=CARTESIAN_POINT('',(4.5,5.51091059616309E-16,-5.5));
#2295=CARTESIAN_POINT('Origin',(0.,0.,-5.5));
#2296=CARTESIAN_POINT('Ctrl Pts',(7.13379890856523,6.48728541847989,-4.68041905633225));
#2297=CARTESIAN_POINT('Ctrl Pts',(15.763346824374,8.38451741475198,-5.37536584209456));
#2298=CARTESIAN_POINT('Ctrl Pts',(24.3854138548523,9.38875560859202,-5.64855948998381));
#2299=CARTESIAN_POINT('Ctrl Pts',(40.0049464520192,9.59045832170815,-5.3791989243892));
#2300=CARTESIAN_POINT('Ctrl Pts',(46.9928734501536,8.5050361659388,-4.666698410895));
#2301=CARTESIAN_POINT('Ctrl Pts',(69.8302938145991,6.85903717637489,-3.47479858906487));
#2302=CARTESIAN_POINT('Ctrl Pts',(85.6969604812658,5.69237050970825,-2.82194669579229));
#2303=CARTESIAN_POINT('Ctrl Pts',(101.6,4.5,-2.34243623914327));
#2304=CARTESIAN_POINT('Ctrl Pts',(7.13379890856523,4.25652631391263,-4.46138387008219));
#2305=CARTESIAN_POINT('Ctrl Pts',(15.763346824374,5.60119919805379,-4.94580511907627));
#2306=CARTESIAN_POINT('Ctrl Pts',(24.3854138548523,6.32392212440932,-5.08965916786935));
#2307=CARTESIAN_POINT('Ctrl Pts',(40.0049464520192,6.50663858239928,-4.7329888149426));
#2308=CARTESIAN_POINT('Ctrl Pts',(46.9928734501536,5.76760623625091,-4.06638003263561));
#2309=CARTESIAN_POINT('Ctrl Pts',(69.8302938145991,4.68946213639383,-2.99454607787202));
#2310=CARTESIAN_POINT('Ctrl Pts',(85.6969604812658,3.93443557004239,-2.53881001180565));
#2311=CARTESIAN_POINT('Ctrl Pts',(101.6,3.1717233192276,-2.37030473641944));
#2312=CARTESIAN_POINT('Ctrl Pts',(7.13379890856523,-0.857324910509846,-2.96724034191568));
#2313=CARTESIAN_POINT('Ctrl Pts',(15.763346824374,-0.739813818917723,-2.90619672365764));
#2314=CARTESIAN_POINT('Ctrl Pts',(24.3854138548523,-0.648779931447255,-2.79375166995729));
#2315=CARTESIAN_POINT('Ctrl Pts',(40.0049464520192,-0.531729013046446,-2.49667348941851));
#2316=CARTESIAN_POINT('Ctrl Pts',(46.9928734501536,-0.528292391697093,-2.23958896140308));
#2317=CARTESIAN_POINT('Ctrl Pts',(69.8302938145991,-0.368492965205508,-1.87671092477601));
#2318=CARTESIAN_POINT('Ctrl Pts',(85.6969604812658,-0.186048215868199,-1.91036821099386));
#2319=CARTESIAN_POINT('Ctrl Pts',(101.6,0.0680725605778823,-2.22922020959241));
#2320=CARTESIAN_POINT('Ctrl Pts',(7.13379890856523,-4.91904335856599,0.596827158467069));
#2321=CARTESIAN_POINT('Ctrl Pts',(15.763346824374,-5.99567066665856,1.34565084013263));
#2322=CARTESIAN_POINT('Ctrl Pts',(24.3854138548523,-6.60609305123977,1.63620799583737));
#2323=CARTESIAN_POINT('Ctrl Pts',(40.0049464520192,-6.86758086926223,1.33212583432336));
#2324=CARTESIAN_POINT('Ctrl Pts',(46.9928734501536,-6.45439713804698,0.534591232198436));
#2325=CARTESIAN_POINT('Ctrl Pts',(69.8302938145991,-5.55142247463234,-0.71772913471248));
#2326=CARTESIAN_POINT('Ctrl Pts',(85.6969604812658,-4.48623325427398,-1.30438284940749));
#2327=CARTESIAN_POINT('Ctrl Pts',(101.6,-2.98177289015611,-1.60961503028693));
#2328=CARTESIAN_POINT('Ctrl Pts',(7.13379890856523,-6.61549061312479,3.06780261202673));
#2329=CARTESIAN_POINT('Ctrl Pts',(15.763346824374,-8.38782481386723,4.29999705890001));
#2330=CARTESIAN_POINT('Ctrl Pts',(24.3854138548523,-9.45833100293887,4.70984595144162));
#2331=CARTESIAN_POINT('Ctrl Pts',(40.0049464520192,-10.1267996574685,3.96192783367093));
#2332=CARTESIAN_POINT('Ctrl Pts',(46.9928734501536,-9.65878876153895,2.39442133668805));
#2333=CARTESIAN_POINT('Ctrl Pts',(69.8302938145991,-8.6009281554322,0.00032935185835488));
#2334=CARTESIAN_POINT('Ctrl Pts',(85.6969604812658,-7.04943352774991,-0.921198478449944));
#2335=CARTESIAN_POINT('Ctrl Pts',(101.6,-4.6797251746203,-1.10473310147886));
#2336=CARTESIAN_POINT('',(101.6,1.60579171714174,-2.26341728461586));
#2337=CARTESIAN_POINT('Origin',(101.6,3.87071020259448,27.6509629405243));
#2338=CARTESIAN_POINT('',(95.5082653311103,-5.33503345630148,-1.04869102207816));
#2339=CARTESIAN_POINT('Ctrl Pts',(101.6,1.60579171714174,-2.26341728461586));
#2340=CARTESIAN_POINT('Ctrl Pts',(101.6,1.0961966627431,-2.22483412661238));
#2341=CARTESIAN_POINT('Ctrl Pts',(101.544431968787,0.589853130144626,-2.17282726405275));
#2342=CARTESIAN_POINT('Ctrl Pts',(101.310949563035,-0.466158246938473,-2.03642649013235));
#2343=CARTESIAN_POINT('Ctrl Pts',(101.118855394412,-1.00775165225771,-1.94938057185906));
#2344=CARTESIAN_POINT('Ctrl Pts',(100.52659336521,-2.19509795915688,-1.73294945344268));
#2345=CARTESIAN_POINT('Ctrl Pts',(100.081564729969,-2.81297646942226,-1.60066722769318));
#2346=CARTESIAN_POINT('Ctrl Pts',(99.0832657525881,-3.80970816530739,-1.3805224235439));
#2347=CARTESIAN_POINT('Ctrl Pts',(98.5570203916892,-4.20583327685393,-1.29013643721804));
#2348=CARTESIAN_POINT('Ctrl Pts',(97.662453973417,-4.69925223031593,-1.18059282535229));
#2349=CARTESIAN_POINT('Ctrl Pts',(97.3304667268929,-4.85002511102435,-1.14772486082116));
#2350=CARTESIAN_POINT('Ctrl Pts',(96.7331779416516,-5.06675025680748,-1.10173269866646));
#2351=CARTESIAN_POINT('Ctrl Pts',(96.4734202787632,-5.14430366449316,-1.08574030974701));
#2352=CARTESIAN_POINT('Ctrl Pts',(96.0745258976853,-5.23855153577059,-1.06692568907192));
#2353=CARTESIAN_POINT('Ctrl Pts',(95.9385072878238,-5.26644805595483,-1.06148891473723));
#2354=CARTESIAN_POINT('Ctrl Pts',(95.7042356473377,-5.30727227541432,-1.05374569665969));
#2355=CARTESIAN_POINT('Ctrl Pts',(95.6063984325657,-5.32219191489119,-1.05098967983989));
#2356=CARTESIAN_POINT('Ctrl Pts',(95.5082653311102,-5.33503345630148,-1.04869102207816));
#2357=CARTESIAN_POINT('Ctrl Pts',(9.3394112133337,-6.85330320241599,3.0929868700565));
#2358=CARTESIAN_POINT('Ctrl Pts',(17.2325345555481,-8.30186606738149,4.05151618144546));
#2359=CARTESIAN_POINT('Ctrl Pts',(25.1193974844368,-9.18409833324283,4.35385389142663));
#2360=CARTESIAN_POINT('Ctrl Pts',(40.0049464520192,-9.78080013620374,3.68546471460946));
#2361=CARTESIAN_POINT('Ctrl Pts',(46.9928734501536,-9.31924961078311,2.19876346587956));
#2362=CARTESIAN_POINT('Ctrl Pts',(67.8084134856226,-8.37087897593145,0.125946389268847));
#2363=CARTESIAN_POINT('Ctrl Pts',(81.644501929326,-7.14922346136528,-0.723947924410881));
#2364=CARTESIAN_POINT('Ctrl Pts',(95.5082653311103,-5.33503345630148,-1.04869102207816));
#2365=CARTESIAN_POINT('Origin',(-45.9093435797687,-82.7288990565788,0.));
#2366=CARTESIAN_POINT('',(-49.4093435797687,-88.7910768830698,-2.26341728461586));
#2367=CARTESIAN_POINT('',(-52.3744071687521,-80.0450673199753,-1.04869102207816));
#2368=CARTESIAN_POINT('Ctrl Pts',(-49.4093435797687,-88.7910768830698,-2.26341728461586));
#2369=CARTESIAN_POINT('Ctrl Pts',(-49.9181551182393,-88.497314404367,-2.21893379116964));
#2370=CARTESIAN_POINT('Ctrl Pts',(-50.3858152830804,-88.1420498440884,-2.15649563167793));
#2371=CARTESIAN_POINT('Ctrl Pts',(-51.2637720494238,-87.2835467209667,-1.9934205299211));
#2372=CARTESIAN_POINT('Ctrl Pts',(-51.6585258416696,-86.7732838256267,-1.89064745320002));
#2373=CARTESIAN_POINT('Ctrl Pts',(-52.3451117990869,-85.5791722571508,-1.66068358892806));
#2374=CARTESIAN_POINT('Ctrl Pts',(-52.6099386454681,-84.8850380074945,-1.53391567547693));
#2375=CARTESIAN_POINT('Ctrl Pts',(-52.8909640733915,-83.5406085626272,-1.3294936755386));
#2376=CARTESIAN_POINT('Ctrl Pts',(-52.9361869962621,-82.9037226270317,-1.24829073419347));
#2377=CARTESIAN_POINT('Ctrl Pts',(-52.8680402929284,-81.873053081576,-1.14799026983981));
#2378=CARTESIAN_POINT('Ctrl Pts',(-52.8086729596103,-81.4814606622892,-1.11710448121139));
#2379=CARTESIAN_POINT('Ctrl Pts',(-52.6696010744778,-80.901599277971,-1.08210867177417));
#2380=CARTESIAN_POINT('Ctrl Pts',(-52.6145392261197,-80.7088661214898,-1.07232143156856));
#2381=CARTESIAN_POINT('Ctrl Pts',(-52.5146037599283,-80.4085530247501,-1.05990834664151));
#2382=CARTESIAN_POINT('Ctrl Pts',(-52.4752218324851,-80.2993475486778,-1.05600434136862));
#2383=CARTESIAN_POINT('Ctrl Pts',(-52.4141070134338,-80.1422396131716,-1.05125775658777));
#2384=CARTESIAN_POINT('Ctrl Pts',(-52.3945302876553,-80.0935417610302,-1.04991003948057));
#2385=CARTESIAN_POINT('Ctrl Pts',(-52.3744071687522,-80.0450673199753,-1.04869102207815));
#2386=CARTESIAN_POINT('',(-49.4093435797686,-88.7910768830698,-1.26715258336449));
#2387=CARTESIAN_POINT('',(-49.4093435797686,-88.7910768830698,0.));
#2388=CARTESIAN_POINT('',(-51.6554506235026,-86.7266801713913,-0.515243247425879));
#2389=CARTESIAN_POINT('Ctrl Pts',(-51.6554506235026,-86.7266801713913,-0.515243247425881));
#2390=CARTESIAN_POINT('Ctrl Pts',(-51.5641029634025,-86.8579763624671,-0.552382118003453));
#2391=CARTESIAN_POINT('Ctrl Pts',(-51.4683650197933,-86.9859852169969,-0.589908445013897));
#2392=CARTESIAN_POINT('Ctrl Pts',(-51.1943831159057,-87.3273389417634,-0.693831773475969));
#2393=CARTESIAN_POINT('Ctrl Pts',(-51.0077417240179,-87.5334153234143,-0.760917913772909));
#2394=CARTESIAN_POINT('Ctrl Pts',(-50.6490764641711,-87.8850039209,-0.883774746463162));
#2395=CARTESIAN_POINT('Ctrl Pts',(-50.4812125743172,-88.0344066642398,-0.93920743233262));
#2396=CARTESIAN_POINT('Ctrl Pts',(-50.0232995505579,-88.4040979213782,-1.08538683955958));
#2397=CARTESIAN_POINT('Ctrl Pts',(-49.7232642861089,-88.6098346787601,-1.1763146092617));
#2398=CARTESIAN_POINT('Ctrl Pts',(-49.4093435797686,-88.7910768830699,-1.26715258336449));
#2399=CARTESIAN_POINT('',(-52.4675540678698,-85.1763212093265,-0.338346924604694));
#2400=CARTESIAN_POINT('Ctrl Pts',(-52.4675540678698,-85.1763212093264,-0.338346924604694));
#2401=CARTESIAN_POINT('Ctrl Pts',(-52.4268288304619,-85.2854501876677,-0.339500370232648));
#2402=CARTESIAN_POINT('Ctrl Pts',(-52.3834235076247,-85.3934640037015,-0.34194500093628));
#2403=CARTESIAN_POINT('Ctrl Pts',(-52.3373979894128,-85.5002272369147,-0.346118729359262));
#2404=CARTESIAN_POINT('Ctrl Pts',(-52.2926637932199,-85.6039950510816,-0.350175356929863));
#2405=CARTESIAN_POINT('Ctrl Pts',(-52.2454540801449,-85.706581637841,-0.355865689432388));
#2406=CARTESIAN_POINT('Ctrl Pts',(-52.1958556683112,-85.8078442848339,-0.363623591846311));
#2407=CARTESIAN_POINT('Ctrl Pts',(-52.1581216412277,-85.8848839988673,-0.369525734454817));
#2408=CARTESIAN_POINT('Ctrl Pts',(-52.1190056147252,-85.9611570739786,-0.376625247678411));
#2409=CARTESIAN_POINT('Ctrl Pts',(-52.0785603296543,-86.0365922909269,-0.385124651293769));
#2410=CARTESIAN_POINT('Ctrl Pts',(-52.0278680541599,-86.1311393510554,-0.395777416105576));
#2411=CARTESIAN_POINT('Ctrl Pts',(-51.9751983738954,-86.2241614157967,-0.408604692330276));
#2412=CARTESIAN_POINT('Ctrl Pts',(-51.9206604217583,-86.3155680380892,-0.424006211377354));
#2413=CARTESIAN_POINT('Ctrl Pts',(-51.8678368546349,-86.4041013192077,-0.438923588053687));
#2414=CARTESIAN_POINT('Ctrl Pts',(-51.813260448176,-86.4911192266403,-0.456256070800864));
#2415=CARTESIAN_POINT('Ctrl Pts',(-51.7570670612384,-86.5765183984679,-0.476390526701705));
#2416=CARTESIAN_POINT('Ctrl Pts',(-51.723750882695,-86.6271502292066,-0.488327930090656));
#2417=CARTESIAN_POINT('Ctrl Pts',(-51.6898670280999,-86.6772126444814,-0.501250700767484));
#2418=CARTESIAN_POINT('Ctrl Pts',(-51.6554506235026,-86.7266801713913,-0.51524324742588));
#2419=CARTESIAN_POINT('Ctrl Pts',(-52.3744071687522,-80.0450673199753,-1.04869102207818));
#2420=CARTESIAN_POINT('Ctrl Pts',(-52.3795275171979,-80.0574016917051,-1.04900120231872));
#2421=CARTESIAN_POINT('Ctrl Pts',(-52.3846128214531,-80.0697513262105,-1.04926508789591));
#2422=CARTESIAN_POINT('Ctrl Pts',(-52.3959621260796,-80.0975386945728,-1.04975485727858));
#2423=CARTESIAN_POINT('Ctrl Pts',(-52.4022061453879,-80.1129836754776,-1.04995519217049));
#2424=CARTESIAN_POINT('Ctrl Pts',(-52.4238047735252,-80.1669630884357,-1.0504074120119));
#2425=CARTESIAN_POINT('Ctrl Pts',(-52.4388686385756,-80.2056030257522,-1.05029133208083));
#2426=CARTESIAN_POINT('Ctrl Pts',(-52.5959100865261,-80.619251626038,-1.04451328120831));
#2427=CARTESIAN_POINT('Ctrl Pts',(-52.7040282071492,-81.000478196771,-0.999029394698379));
#2428=CARTESIAN_POINT('Ctrl Pts',(-52.8091350756384,-81.5386395657955,-0.907991708136619));
#2429=CARTESIAN_POINT('Ctrl Pts',(-52.8336399113103,-81.6907705756993,-0.879399909478355));
#2430=CARTESIAN_POINT('Ctrl Pts',(-52.869754132286,-81.9738768882926,-0.823339991811557));
#2431=CARTESIAN_POINT('Ctrl Pts',(-52.8827201894317,-82.1049474304605,-0.796258046589883));
#2432=CARTESIAN_POINT('Ctrl Pts',(-52.9041786698966,-82.4090239525784,-0.732554209626283));
#2433=CARTESIAN_POINT('Ctrl Pts',(-52.9099592054976,-82.5824081251948,-0.695583875569389));
#2434=CARTESIAN_POINT('Ctrl Pts',(-52.9089131626662,-82.8542064403523,-0.638938055151912));
#2435=CARTESIAN_POINT('Ctrl Pts',(-52.9064610785688,-82.952627803879,-0.618689682868254));
#2436=CARTESIAN_POINT('Ctrl Pts',(-52.8799809951267,-83.5273992003565,-0.503373736591587));
#2437=CARTESIAN_POINT('Ctrl Pts',(-52.8093294982323,-84.0027176001534,-0.419838147767244));
#2438=CARTESIAN_POINT('Ctrl Pts',(-52.616216578051,-84.7548689244678,-0.345663829212782));
#2439=CARTESIAN_POINT('Ctrl Pts',(-52.5367275826543,-84.9909610867791,-0.336387749084141));
#2440=CARTESIAN_POINT('Ctrl Pts',(-52.4675540678698,-85.1763212093265,-0.338346924604695));
#2441=CARTESIAN_POINT('Origin',(-48.6906564202314,81.123107339437,0.));
#2442=CARTESIAN_POINT('',(-52.1906564202314,87.1852851659281,-2.26341728461586));
#2443=CARTESIAN_POINT('',(-43.1338581623581,85.3801007762768,-1.04869102207816));
#2444=CARTESIAN_POINT('Ctrl Pts',(-52.1906564202314,87.1852851659281,-2.26341728461586));
#2445=CARTESIAN_POINT('Ctrl Pts',(-51.698618146487,87.469363595726,-2.22040021509108));
#2446=CARTESIAN_POINT('Ctrl Pts',(-51.1759283164782,87.6913998869817,-2.16062306225658));
#2447=CARTESIAN_POINT('Ctrl Pts',(-50.039011117404,88.0198136100529,-2.00538400193182));
#2448=CARTESIAN_POINT('Ctrl Pts',(-49.4264235658388,88.1114560112399,-1.90805638491552));
#2449=CARTESIAN_POINT('Ctrl Pts',(-48.0687505879017,88.1348774953089,-1.68257217346879));
#2450=CARTESIAN_POINT('Ctrl Pts',(-47.3275875661872,88.0294048275933,-1.55395154527215));
#2451=CARTESIAN_POINT('Ctrl Pts',(-46.0048015610568,87.6189442275617,-1.34457420329905));
#2452=CARTESIAN_POINT('Ctrl Pts',(-45.4207260326652,87.3458584217658,-1.26056449090398));
#2453=CARTESIAN_POINT('Ctrl Pts',(-44.533611066384,86.7702086758258,-1.15461188897865));
#2454=CARTESIAN_POINT('Ctrl Pts',(-44.2070907654348,86.5147207818885,-1.12132152916788));
#2455=CARTESIAN_POINT('Ctrl Pts',(-43.7527109992251,86.0889912256044,-1.08390620315941));
#2456=CARTESIAN_POINT('Ctrl Pts',(-43.6071987422618,85.9399374881922,-1.07352562376698));
#2457=CARTESIAN_POINT('Ctrl Pts',(-43.3900235793402,85.6966368248865,-1.06053232709386));
#2458=CARTESIAN_POINT('Ctrl Pts',(-43.3137851135239,85.6067605441905,-1.05650629347354));
#2459=CARTESIAN_POINT('Ctrl Pts',(-43.2039631153811,85.4704589545769,-1.05150005184466));
#2460=CARTESIAN_POINT('Ctrl Pts',(-43.168633789873,85.4254945851371,-1.05001915606742));
#2461=CARTESIAN_POINT('Ctrl Pts',(-43.1338581623581,85.3801007762768,-1.04869102207816));
#2462=CARTESIAN_POINT('',(-52.1906564202314,87.1852851659281,-1.26715258336449));
#2463=CARTESIAN_POINT('',(-52.1906564202314,87.1852851659281,0.));
#2464=CARTESIAN_POINT('',(-49.2797829025617,88.0982725695816,-0.515243247425879));
#2465=CARTESIAN_POINT('Ctrl Pts',(-49.2797829025617,88.0982725695816,-0.51524324742588));
#2466=CARTESIAN_POINT('Ctrl Pts',(-49.4285944111189,88.085703863655,-0.549919511109973));
#2467=CARTESIAN_POINT('Ctrl Pts',(-49.5768378049082,88.0683876571015,-0.584932186821132));
#2468=CARTESIAN_POINT('Ctrl Pts',(-49.9805456859366,88.0081128054974,-0.681711537730281));
#2469=CARTESIAN_POINT('Ctrl Pts',(-50.2342477656083,87.9556932978646,-0.74408615087515));
#2470=CARTESIAN_POINT('Ctrl Pts',(-51.0823211370183,87.7308856168132,-0.958146300963677));
#2471=CARTESIAN_POINT('Ctrl Pts',(-51.6560342006843,87.4939494482984,-1.11245109871201));
#2472=CARTESIAN_POINT('Ctrl Pts',(-52.1906564202314,87.1852851659281,-1.2671525833645));
#2473=CARTESIAN_POINT('',(-47.5310809342451,88.026395301872,-0.338346924604694));
#2474=CARTESIAN_POINT('Ctrl Pts',(-47.5310809342451,88.026395301872,-0.338346924604694));
#2475=CARTESIAN_POINT('Ctrl Pts',(-47.6459520204811,88.0456907008722,-0.339500370232643));
#2476=CARTESIAN_POINT('Ctrl Pts',(-47.7611973905442,88.0621074966526,-0.34194500093626));
#2477=CARTESIAN_POINT('Ctrl Pts',(-47.8766698218025,88.0756298452653,-0.346118729359213));
#2478=CARTESIAN_POINT('Ctrl Pts',(-47.9889024830633,88.0887728020279,-0.350175356929821));
#2479=CARTESIAN_POINT('Ctrl Pts',(-48.1013499298226,88.0991812845793,-0.35586568943237));
#2480=CARTESIAN_POINT('Ctrl Pts',(-48.2138451604904,88.1068591234405,-0.363623591846342));
#2481=CARTESIAN_POINT('Ctrl Pts',(-48.2994305234852,88.1127003544158,-0.369525734454842));
#2482=CARTESIAN_POINT('Ctrl Pts',(-48.3850429574074,88.1169614193251,-0.376625247678428));
#2483=CARTESIAN_POINT('Ctrl Pts',(-48.47059441416,88.1196523834645,-0.385124651293771));
#2484=CARTESIAN_POINT('Ctrl Pts',(-48.5778207078299,88.123025115175,-0.395777416105406));
#2485=CARTESIAN_POINT('Ctrl Pts',(-48.6847150191389,88.1239228664274,-0.408604692329858));
#2486=CARTESIAN_POINT('Ctrl Pts',(-48.7911444521849,88.1223949255526,-0.424006211376583));
#2487=CARTESIAN_POINT('Ctrl Pts',(-48.894228306274,88.1209150150646,-0.438923588052589));
#2488=CARTESIAN_POINT('Ctrl Pts',(-48.9968762279225,88.1171594143404,-0.456256070799348));
#2489=CARTESIAN_POINT('Ctrl Pts',(-49.0989307736545,88.1111940996417,-0.476390526699662));
#2490=CARTESIAN_POINT('Ctrl Pts',(-49.1594373145895,88.1076573580354,-0.488327930089181));
#2491=CARTESIAN_POINT('Ctrl Pts',(-49.2197345652933,88.1033442868151,-0.501250700766686));
#2492=CARTESIAN_POINT('Ctrl Pts',(-49.2797829025617,88.0982725695816,-0.51524324742588));
#2493=CARTESIAN_POINT('Ctrl Pts',(-43.1338581623582,85.3801007762768,-1.04869102207814));
#2494=CARTESIAN_POINT('Ctrl Pts',(-43.1419798673936,85.3907023139727,-1.0490012023187));
#2495=CARTESIAN_POINT('Ctrl Pts',(-43.1501323124756,85.401281133897,-1.04926508789593));
#2496=CARTESIAN_POINT('Ctrl Pts',(-43.1685222270686,85.4250036042002,-1.04975485727861));
#2497=CARTESIAN_POINT('Ctrl Pts',(-43.17877596324,85.4381335739966,-1.0499551921705));
#2498=CARTESIAN_POINT('Ctrl Pts',(-43.2147241920719,85.4838282411262,-1.05040741201187));
#2499=CARTESIAN_POINT('Ctrl Pts',(-43.2406554268631,85.516193899597,-1.05029133208082));
#2500=CARTESIAN_POINT('Ctrl Pts',(-43.5203648989758,85.8590200831128,-1.04451328120829));
#2501=CARTESIAN_POINT('Ctrl Pts',(-43.7964577335166,86.1432664075483,-0.999029394698385));
#2502=CARTESIAN_POINT('Ctrl Pts',(-44.2099657161826,86.5033723102844,-0.907991708136624));
#2503=CARTESIAN_POINT('Ctrl Pts',(-44.3294626176267,86.6006596254437,-0.879399909478375));
#2504=CARTESIAN_POINT('Ctrl Pts',(-44.5565827658169,86.7734886145436,-0.823339991811448));
#2505=CARTESIAN_POINT('Ctrl Pts',(-44.6636101564497,86.8502528205029,-0.796258046589628));
#2506=CARTESIAN_POINT('Ctrl Pts',(-44.9162189090644,87.02087467077,-0.732554209626406));
#2507=CARTESIAN_POINT('Ctrl Pts',(-45.0634837393641,87.1125728477564,-0.695583875569455));
#2508=CARTESIAN_POINT('Ctrl Pts',(-45.2993910064128,87.2475661056703,-0.63893805515178));
#2509=CARTESIAN_POINT('Ctrl Pts',(-45.3858524495504,87.2946532203129,-0.618689682868188));
#2510=CARTESIAN_POINT('Ctrl Pts',(-45.8968591219893,87.5591064935961,-0.503373736591603));
#2511=CARTESIAN_POINT('Ctrl Pts',(-46.3438226795469,87.7355797023688,-0.419838147767245));
#2512=CARTESIAN_POINT('Ctrl Pts',(-47.0917612939846,87.9444146698501,-0.345663829212715));
#2513=CARTESIAN_POINT('Ctrl Pts',(-47.3359676018788,87.9936212616709,-0.336387749084148));
#2514=CARTESIAN_POINT('Ctrl Pts',(-47.5310809342451,88.026395301872,-0.338346924604695));
#2515=CARTESIAN_POINT('Ctrl Pts',(2.05125451972126,-9.42169378954736,-4.68041905633227));
#2516=CARTESIAN_POINT('Ctrl Pts',(-0.620468332538822,-17.8437175059488,
-5.37536584209457));
#2517=CARTESIAN_POINT('Ctrl Pts',(-4.06180606046186,-25.8127656843951,-5.64855948998381));
#2518=CARTESIAN_POINT('Ctrl Pts',(-11.6968926854745,-39.4405290653388,-5.3791989243892));
#2519=CARTESIAN_POINT('Ctrl Pts',(-16.1308593452684,-44.9495402876297,-4.666698410895));
#2520=CARTESIAN_POINT('Ctrl Pts',(-28.975046467057,-63.9043269853616,-3.47479858906486));
#2521=CARTESIAN_POINT('Ctrl Pts',(-37.9187427714722,-77.0619300587414,-2.82194669579229));
#2522=CARTESIAN_POINT('Ctrl Pts',(-46.9028856829701,-90.238181024499,-2.34243623914327));
#2523=CARTESIAN_POINT('Ctrl Pts',(0.119360465442573,-8.30631423726373,-4.46138387008221));
#2524=CARTESIAN_POINT('Ctrl Pts',(-3.03089261501546,-16.4520583975997,-4.94580511907628));
#2525=CARTESIAN_POINT('Ctrl Pts',(-6.71602971613325,-24.2803489423038,-5.08965916786935));
#2526=CARTESIAN_POINT('Ctrl Pts',(-14.3675589204079,-37.8986191956844,-4.7329888149426));
#2527=CARTESIAN_POINT('Ctrl Pts',(-18.501543205458,-43.5808253227857,-4.06638003263561));
#2528=CARTESIAN_POINT('Ctrl Pts',(-30.8539535670973,-62.8195394653711,-2.99454607787202));
#2529=CARTESIAN_POINT('Ctrl Pts',(-39.4411590874231,-76.1829625889085,-2.53881001180565));
#2530=CARTESIAN_POINT('Ctrl Pts',(-48.0532070317734,-89.5740426841128,-2.37030473641944));
#2531=CARTESIAN_POINT('Ctrl Pts',(-4.30934727343896,-5.74939863205829,-2.96720225776058));
#2532=CARTESIAN_POINT('Ctrl Pts',(-8.5223585502692,-13.2815590616353,-2.90616842790236));
#2533=CARTESIAN_POINT('Ctrl Pts',(-12.7545583399055,-20.7940028158596,-2.79373153581266));
#2534=CARTESIAN_POINT('Ctrl Pts',(-20.4629609322479,-34.3794372033295,-2.49666520388219));
#2535=CARTESIAN_POINT('Ctrl Pts',(-23.9539498781273,-40.4328768625887,-2.23958515074934));
#2536=CARTESIAN_POINT('Ctrl Pts',(-35.2342736929884,-60.2905604615511,-1.87671664958484));
#2537=CARTESIAN_POINT('Ctrl Pts',(-43.0096052838141,-74.1227192168334,-1.91037384723157));
#2538=CARTESIAN_POINT('Ctrl Pts',(-50.7410473159927,-88.02221737248,-2.22921905895826));
#2539=CARTESIAN_POINT('Ctrl Pts',(-7.82691596511804,-3.71852940102437,0.596827158467103));
#2540=CARTESIAN_POINT('Ctrl Pts',(-13.0740765222386,-10.6536234652435,1.34565084013265));
#2541=CARTESIAN_POINT('Ctrl Pts',(-17.9137513295637,-17.8153413544792,1.63620799583738));
#2542=CARTESIAN_POINT('Ctrl Pts',(-25.9499727213347,-31.2115094698536,1.33212583432338));
#2543=CARTESIAN_POINT('Ctrl Pts',(-29.0861086127391,-37.4698236356367,0.53459123219844));
#2544=CARTESIAN_POINT('Ctrl Pts',(-39.7228197974711,-57.699097159858,-0.71772913471248));
#2545=CARTESIAN_POINT('Ctrl Pts',(-46.7336722061368,-71.9726281767503,-1.30438284940749));
#2546=CARTESIAN_POINT('Ctrl Pts',(-53.382291071191,-86.4972945794209,-1.60961503028693));
#2547=CARTESIAN_POINT('Ctrl Pts',(-9.29608238374634,-2.87030577374496,3.06780261202678));
#2548=CARTESIAN_POINT('Ctrl Pts',(-15.1457427834896,-9.45754639163913,4.29999705890004));
#2549=CARTESIAN_POINT('Ctrl Pts',(-20.3838618533732,-16.3892223786297,4.70984595144164));
#2550=CARTESIAN_POINT('Ctrl Pts',(-28.7725389884129,-29.5819000757505,3.96192783367095));
#2551=CARTESIAN_POINT('Ctrl Pts',(-31.8611931623572,-35.8676278238908,2.39442133668806));
#2552=CARTESIAN_POINT('Ctrl Pts',(-42.3637691860287,-56.1743443194581,0.000329351858354154));
#2553=CARTESIAN_POINT('Ctrl Pts',(-48.9534687579541,-70.6910280400123,-0.921198478449947));
#2554=CARTESIAN_POINT('Ctrl Pts',(-54.8527608839508,-85.6483184371888,-1.10473310147885));
#2555=CARTESIAN_POINT('Origin',(-47.4478666338656,-89.9235361257962,27.6509629405243));
#2556=CARTESIAN_POINT('Ctrl Pts',(-10.6048402797964,-4.66151576592824,3.0929868700565));
#2557=CARTESIAN_POINT('Ctrl Pts',(-15.8058941909424,-10.7728796630071,4.05151618144546));
#2558=CARTESIAN_POINT('Ctrl Pts',(-20.513361209661,-17.1619871826598,4.35385389142663));
#2559=CARTESIAN_POINT('Ctrl Pts',(-28.4728946133003,-29.7548998363829,3.68546471460946));
#2560=CARTESIAN_POINT('Ctrl Pts',(-31.5671436322232,-36.0373973992687,2.19876346587956));
#2561=CARTESIAN_POINT('Ctrl Pts',(-41.1536005880303,-54.5383691810132,0.125946389256474));
#2562=CARTESIAN_POINT('Ctrl Pts',(-47.0136600996425,-67.1316010196679,-0.723947924426176));
#2563=CARTESIAN_POINT('Ctrl Pts',(-52.3744071688969,-80.0450673203239,-1.04869102208693));
#2564=CARTESIAN_POINT('Ctrl Pts',(-10.6048402797963,-4.66151576592822,3.0929868700565));
#2565=CARTESIAN_POINT('Ctrl Pts',(-15.8058941909424,-10.7728796630071,4.05151618144546));
#2566=CARTESIAN_POINT('Ctrl Pts',(-20.513361209661,-17.1619871826598,4.35385389142663));
#2567=CARTESIAN_POINT('Ctrl Pts',(-28.4728946133003,-29.7548998363829,3.68546471460946));
#2568=CARTESIAN_POINT('Ctrl Pts',(-31.5671436322232,-36.0373973992687,2.19876346587956));
#2569=CARTESIAN_POINT('Ctrl Pts',(-41.8400370777657,-55.8631278676793,-0.0224772968352879));
#2570=CARTESIAN_POINT('Ctrl Pts',(-48.2729229748284,-69.8539823305616,-0.901306016238598));
#2571=CARTESIAN_POINT('Ctrl Pts',(-54.092886325248,-84.2379351930066,-1.13549423924891));
#2572=CARTESIAN_POINT('Ctrl Pts',(-10.0922224969189,-4.95747578086389,3.33541612138519));
#2573=CARTESIAN_POINT('Ctrl Pts',(-15.1418304539491,-11.1562770403192,4.17961286771191));
#2574=CARTESIAN_POINT('Ctrl Pts',(-19.7961719368387,-17.5760566023837,4.42490038101987));
#2575=CARTESIAN_POINT('Ctrl Pts',(-27.8410732593117,-30.119682065188,3.75694974978828));
#2576=CARTESIAN_POINT('Ctrl Pts',(-31.1589058578584,-36.2730935881916,2.37907971037428));
#2577=CARTESIAN_POINT('Ctrl Pts',(-41.717713953198,-55.9337511565765,0.244937120606439));
#2578=CARTESIAN_POINT('Ctrl Pts',(-48.2130259525017,-69.8885638925255,-0.660461760516941));
#2579=CARTESIAN_POINT('Ctrl Pts',(-53.9617429238447,-84.3136508711092,-1.00752781379879));
#2580=CARTESIAN_POINT('Ctrl Pts',(-8.78203181218892,-5.7139147253825,3.75236572708677));
#2581=CARTESIAN_POINT('Ctrl Pts',(-13.5017695363678,-12.1031666525722,4.32036833458127));
#2582=CARTESIAN_POINT('Ctrl Pts',(-18.052555839071,-18.5827338257933,4.43007838042426));
#2583=CARTESIAN_POINT('Ctrl Pts',(-26.3293363978617,-30.99248374909,3.77164622399159));
#2584=CARTESIAN_POINT('Ctrl Pts',(-30.1826900124103,-36.8367120693483,2.66165040988628));
#2585=CARTESIAN_POINT('Ctrl Pts',(-41.4391676230749,-56.0945699552549,0.764331135645709));
#2586=CARTESIAN_POINT('Ctrl Pts',(-48.0851559775701,-69.9623896569735,-0.174980505118789));
#2587=CARTESIAN_POINT('Ctrl Pts',(-53.656719210451,-84.4897563941463,-0.752300679230619));
#2588=CARTESIAN_POINT('Ctrl Pts',(-6.25633267968266,-7.17212779942699,3.47650067942575));
#2589=CARTESIAN_POINT('Ctrl Pts',(-10.512941485873,-13.8287673320869,3.56916570893664));
#2590=CARTESIAN_POINT('Ctrl Pts',(-14.9441443559953,-20.3773760322991,3.49311226961917));
#2591=CARTESIAN_POINT('Ctrl Pts',(-23.6439633940967,-32.5428845756883,3.03076637444197));
#2592=CARTESIAN_POINT('Ctrl Pts',(-28.3459325075749,-37.897164509201,2.56203053906676));
#2593=CARTESIAN_POINT('Ctrl Pts',(-40.7606971789408,-56.4862850488129,1.39586798481887));
#2594=CARTESIAN_POINT('Ctrl Pts',(-47.6926813446803,-70.1889849919226,0.522377960785946));
#2595=CARTESIAN_POINT('Ctrl Pts',(-53.0418087297572,-84.8447751257024,-0.424773098980756));
#2596=CARTESIAN_POINT('Ctrl Pts',(-5.12798366853176,-7.82358040475481,2.69801388453352));
#2597=CARTESIAN_POINT('Ctrl Pts',(-9.19752722016699,-14.5882221124881,2.58766107199281));
#2598=CARTESIAN_POINT('Ctrl Pts',(-13.5677931226186,-21.1720127873886,2.459446878765));
#2599=CARTESIAN_POINT('Ctrl Pts',(-22.3907510415986,-33.2664270647548,2.18352697236396));
#2600=CARTESIAN_POINT('Ctrl Pts',(-27.3786725988586,-38.4556122778747,2.08712502328591));
#2601=CARTESIAN_POINT('Ctrl Pts',(-40.2038028282629,-56.807808152087,1.43255362936982));
#2602=CARTESIAN_POINT('Ctrl Pts',(-47.2804640160383,-70.4269787775787,0.689640548027698));
#2603=CARTESIAN_POINT('Ctrl Pts',(-52.6374904559809,-85.0782083899054,-0.347238618495163));
#2604=CARTESIAN_POINT('Ctrl Pts',(-4.91530541483245,-7.94637025177889,2.54393698521305));
#2605=CARTESIAN_POINT('Ctrl Pts',(-8.9604778339311,-14.7250826394426,2.40023218851776));
#2606=CARTESIAN_POINT('Ctrl Pts',(-13.3098988922211,-21.3209080907311,2.25605711738152));
#2607=CARTESIAN_POINT('Ctrl Pts',(-22.1001440573603,-33.4342090853332,1.98283874730512));
#2608=CARTESIAN_POINT('Ctrl Pts',(-27.0674200897378,-38.6353139978016,1.91195359063007));
#2609=CARTESIAN_POINT('Ctrl Pts',(-39.8868701608658,-56.9907893129237,1.31547421802961));
#2610=CARTESIAN_POINT('Ctrl Pts',(-47.0112315029241,-70.5824202414998,0.627832581698882));
#2611=CARTESIAN_POINT('Ctrl Pts',(-52.4675540678698,-85.1763212093265,-0.338346924604695));
#2612=CARTESIAN_POINT('Ctrl Pts',(-6.15836356593243,-10.0079542515201,2.50009782062336));
#2613=CARTESIAN_POINT('Ctrl Pts',(-9.84789559206998,-16.0641794003652,2.37091532766928));
#2614=CARTESIAN_POINT('Ctrl Pts',(-13.7829639333267,-21.9728101850732,2.24135331139627));
#2615=CARTESIAN_POINT('Ctrl Pts',(-22.1001440573603,-33.4342090853332,1.98283874730512));
#2616=CARTESIAN_POINT('Ctrl Pts',(-27.0674200897378,-38.6353139978015,1.91195359063007));
#2617=CARTESIAN_POINT('Ctrl Pts',(-39.8868701608306,-56.9907893128732,1.31547421803125));
#2618=CARTESIAN_POINT('Ctrl Pts',(-47.011231502867,-70.5824202413908,0.627832581704397));
#2619=CARTESIAN_POINT('Ctrl Pts',(-52.4675540678042,-85.1763212091509,-0.338346924593075));
#2620=CARTESIAN_POINT('Ctrl Pts',(-9.18505342828673,2.93440837106743,-4.68041905633227));
#2621=CARTESIAN_POINT('Ctrl Pts',(-15.1428784918353,9.45920009119678,-5.37536584209456));
#2622=CARTESIAN_POINT('Ctrl Pts',(-20.3236077943905,16.4240100758031,-5.64855948998381));
#2623=CARTESIAN_POINT('Ctrl Pts',(-28.3080537665447,29.8500707436307,-5.3791989243892));
#2624=CARTESIAN_POINT('Ctrl Pts',(-30.8620141048852,36.4445041216909,-4.666698410895));
#2625=CARTESIAN_POINT('Ctrl Pts',(-40.8552473475421,57.0452898089867,-3.47479858906487));
#2626=CARTESIAN_POINT('Ctrl Pts',(-47.7782177097936,71.3695595490332,-2.82194669579229));
#2627=CARTESIAN_POINT('Ctrl Pts',(-54.69711431703,85.738181024499,-2.34243623914327));
#2628=CARTESIAN_POINT('Ctrl Pts',(-7.25315937400804,4.04978792335107,-4.46138387008221));
#2629=CARTESIAN_POINT('Ctrl Pts',(-12.7324542093587,10.8508591995459,-4.94580511907628));
#2630=CARTESIAN_POINT('Ctrl Pts',(-17.6693841387191,17.9564268178945,-5.08965916786934));
#2631=CARTESIAN_POINT('Ctrl Pts',(-25.6373875316113,31.3919806132851,-4.7329888149426));
#2632=CARTESIAN_POINT('Ctrl Pts',(-28.4913302446956,37.8132190865348,-4.06638003263561));
#2633=CARTESIAN_POINT('Ctrl Pts',(-38.9763402475018,58.1300773289773,-2.99454607787202));
#2634=CARTESIAN_POINT('Ctrl Pts',(-46.2558013938427,72.2485270188661,-2.53881001180565));
#2635=CARTESIAN_POINT('Ctrl Pts',(-53.5467929682266,86.4023193648852,-2.37030473641944));
#2636=CARTESIAN_POINT('Ctrl Pts',(-2.8244532432256,6.60670260012006,-2.96719872436428));
#2637=CARTESIAN_POINT('Ctrl Pts',(-7.24098942670994,14.0213578700535,-2.90616580266053));
#2638=CARTESIAN_POINT('Ctrl Pts',(-11.6308563026022,21.4427724895856,-2.793729667794));
#2639=CARTESIAN_POINT('Ctrl Pts',(-19.5419858098891,34.9111624381403,-2.49666443516136));
#2640=CARTESIAN_POINT('Ctrl Pts',(-23.038923709226,40.9611674675195,-2.23958479720205));
#2641=CARTESIAN_POINT('Ctrl Pts',(-34.5960198881142,60.6590564676065,-1.87671718072485));
#2642=CARTESIAN_POINT('Ctrl Pts',(-42.6873549597611,74.3087705281719,-1.91037437015407));
#2643=CARTESIAN_POINT('Ctrl Pts',(-50.8589526948852,87.9541446702375,-2.22921895220398));
#2644=CARTESIAN_POINT('Ctrl Pts',(0.693117056552572,8.63757275959042,0.596827158467104));
#2645=CARTESIAN_POINT('Ctrl Pts',(-2.68927030213555,16.6492941319021,1.34565084013265));
#2646=CARTESIAN_POINT('Ctrl Pts',(-6.47166252528864,24.421434405719,1.63620799583739));
#2647=CARTESIAN_POINT('Ctrl Pts',(-14.0549737306845,38.0790903391159,1.33212583432338));
#2648=CARTESIAN_POINT('Ctrl Pts',(-17.9067648374145,43.9242207736838,0.534591232198444));
#2649=CARTESIAN_POINT('Ctrl Pts',(-30.107474017128,63.2505196344903,-0.717729134712483));
#2650=CARTESIAN_POINT('Ctrl Pts',(-38.9632882751291,76.4588614310243,-1.30438284940749));
#2651=CARTESIAN_POINT('Ctrl Pts',(-48.217708928809,89.479067469577,-1.60961503028693));
#2652=CARTESIAN_POINT('Ctrl Pts',(2.16228347518088,9.48579638686983,3.06780261202678));
#2653=CARTESIAN_POINT('Ctrl Pts',(-0.617604040884537,17.8453712055064,4.29999705890004));
#2654=CARTESIAN_POINT('Ctrl Pts',(-4.00155200147913,25.8475533815686,4.70984595144164));
#2655=CARTESIAN_POINT('Ctrl Pts',(-11.2324074636063,39.708699733219,3.96192783367095));
#2656=CARTESIAN_POINT('Ctrl Pts',(-15.1316802877964,45.5264165854298,2.39442133668806));
#2657=CARTESIAN_POINT('Ctrl Pts',(-27.4665246285704,64.7752724748903,0.000329351858353401));
#2658=CARTESIAN_POINT('Ctrl Pts',(-36.7434917233117,77.7404615677622,-0.921198478449947));
#2659=CARTESIAN_POINT('Ctrl Pts',(-46.7472391160492,90.3280436118091,-1.10473310147885));
#2660=CARTESIAN_POINT('Origin',(-54.1521333661344,86.0528259232017,27.6509629405243));
#2661=CARTESIAN_POINT('Ctrl Pts',(1.26542906646265,11.5148189683442,3.0929868700565));
#2662=CARTESIAN_POINT('Ctrl Pts',(-1.42664036460565,19.0747457303885,4.05151618144546));
#2663=CARTESIAN_POINT('Ctrl Pts',(-4.6060362747758,26.3460855159026,4.35385389142663));
#2664=CARTESIAN_POINT('Ctrl Pts',(-11.5320518387188,39.5356999725866,3.68546471460946));
#2665=CARTESIAN_POINT('Ctrl Pts',(-15.4257298179303,45.3566470100518,2.19876346587956));
#2666=CARTESIAN_POINT('Ctrl Pts',(-26.6548128977166,62.909248156939,0.125946389256475));
#2667=CARTESIAN_POINT('Ctrl Pts',(-34.6308418299325,74.2808244810112,-0.723947924426175));
#2668=CARTESIAN_POINT('Ctrl Pts',(-43.1338581625877,85.3801007765764,-1.04869102208693));
#2669=CARTESIAN_POINT('Ctrl Pts',(1.26542906646265,11.5148189683442,3.0929868700565));
#2670=CARTESIAN_POINT('Ctrl Pts',(-1.42664036460564,19.0747457303885,4.05151618144546));
#2671=CARTESIAN_POINT('Ctrl Pts',(-4.6060362747758,26.3460855159026,4.35385389142662));
#2672=CARTESIAN_POINT('Ctrl Pts',(-11.5320518387188,39.5356999725866,3.68546471460946));
#2673=CARTESIAN_POINT('Ctrl Pts',(-15.4257298179303,45.3566470100518,2.19876346587956));
#2674=CARTESIAN_POINT('Ctrl Pts',(-27.4588693293858,64.1660989384676,-0.0224772968352873));
#2675=CARTESIAN_POINT('Ctrl Pts',(-36.3588617663614,76.7325687764116,-0.901306016238598));
#2676=CARTESIAN_POINT('Ctrl Pts',(-45.9057486768669,88.9647813181919,-1.13549423924891));
#2677=CARTESIAN_POINT('Ctrl Pts',(0.752811283585237,11.2188589534085,3.33541612138519));
#2678=CARTESIAN_POINT('Ctrl Pts',(-2.09070410159893,18.6913483530764,4.17961286771191));
#2679=CARTESIAN_POINT('Ctrl Pts',(-5.32322554759814,25.9320160961787,4.42490038101987));
#2680=CARTESIAN_POINT('Ctrl Pts',(-12.1638731927075,39.1709177437815,3.75694974978827));
#2681=CARTESIAN_POINT('Ctrl Pts',(-15.8339675922952,45.1209508211289,2.37907971037428));
#2682=CARTESIAN_POINT('Ctrl Pts',(-27.5811924539535,64.0954756495703,0.244937120606439));
#2683=CARTESIAN_POINT('Ctrl Pts',(-36.4187587886881,76.6979872144477,-0.660461760516941));
#2684=CARTESIAN_POINT('Ctrl Pts',(-46.0368920782702,88.8890656400893,-1.00752781379879));
#2685=CARTESIAN_POINT('Ctrl Pts',(-0.557380104287907,10.4624196029301,3.75236522414352));
#2686=CARTESIAN_POINT('Ctrl Pts',(-3.73076571021531,17.7444583418542,4.32036863807942));
#2687=CARTESIAN_POINT('Ctrl Pts',(-7.06684238353161,24.925338446589,4.43007933653609));
#2688=CARTESIAN_POINT('Ctrl Pts',(-13.6756109932427,38.2981155176984,3.77164812225257));
#2689=CARTESIAN_POINT('Ctrl Pts',(-16.8101846674316,44.5573316300114,2.66165267810434));
#2690=CARTESIAN_POINT('Ctrl Pts',(-27.8597401376398,63.9346560694119,0.764333888189527));
#2691=CARTESIAN_POINT('Ctrl Pts',(-36.5466297138079,76.6241609014082,-0.174978229237186));
#2692=CARTESIAN_POINT('Ctrl Pts',(-46.3419158501408,88.7129600832905,-0.752299688855082));
#2693=CARTESIAN_POINT('Ctrl Pts',(-3.08308481855353,9.0042033062553,3.47649662667724));
#2694=CARTESIAN_POINT('Ctrl Pts',(-6.71959794691766,16.0188552454314,3.5691625374014));
#2695=CARTESIAN_POINT('Ctrl Pts',(-10.1752571408645,23.1306943496898,3.49311024394386));
#2696=CARTESIAN_POINT('Ctrl Pts',(-16.3609864621639,36.7477132678415,3.03076701305092));
#2697=CARTESIAN_POINT('Ctrl Pts',(-18.6469451368563,43.4968774785521,2.5620334029713));
#2698=CARTESIAN_POINT('Ctrl Pts',(-28.5382131814441,63.5429394749336,1.39587374417153));
#2699=CARTESIAN_POINT('Ctrl Pts',(-36.9391061431971,76.3975645292498,0.522383068396532));
#2700=CARTESIAN_POINT('Ctrl Pts',(-46.9568267712772,88.3579410974448,-0.424771280738141));
#2701=CARTESIAN_POINT('Ctrl Pts',(-4.21142754480193,8.35275432951763,2.69801388453352));
#2702=CARTESIAN_POINT('Ctrl Pts',(-8.03500733538108,15.2594032809075,2.58766107199281));
#2703=CARTESIAN_POINT('Ctrl Pts',(-11.5516043618183,22.3360599111738,2.459446878765));
#2704=CARTESIAN_POINT('Ctrl Pts',(-17.6141954104206,36.0241727442147,2.18352697236395));
#2705=CARTESIAN_POINT('Ctrl Pts',(-19.614200851295,42.9384321314458,2.08712502328591));
#2706=CARTESIAN_POINT('Ctrl Pts',(-29.0951035788887,63.2214186540598,1.43255362936982));
#2707=CARTESIAN_POINT('Ctrl Pts',(-37.3513207251515,76.1595723293945,0.689640548027699));
#2708=CARTESIAN_POINT('Ctrl Pts',(-47.361144546134,88.1245081212931,-0.347238618495162));
#2709=CARTESIAN_POINT('Ctrl Pts',(-4.42410579850125,8.22996448249355,2.54393698521305));
#2710=CARTESIAN_POINT('Ctrl Pts',(-8.27205672161696,15.122542753953,2.40023218851776));
#2711=CARTESIAN_POINT('Ctrl Pts',(-11.8094985922157,22.1871646078314,2.25605711738152));
#2712=CARTESIAN_POINT('Ctrl Pts',(-17.9048023946589,35.8563907236363,1.98283874730512));
#2713=CARTESIAN_POINT('Ctrl Pts',(-19.9254533604158,42.758730411519,1.91195359063007));
#2714=CARTESIAN_POINT('Ctrl Pts',(-29.4120362462857,63.0384374932231,1.31547421802961));
#2715=CARTESIAN_POINT('Ctrl Pts',(-37.6205532382657,76.0041308654734,0.627832581698883));
#2716=CARTESIAN_POINT('Ctrl Pts',(-47.5310809342451,88.026395301872,-0.338346924604694));
#2717=CARTESIAN_POINT('Ctrl Pts',(-5.58796083876265,10.337276419598,2.50009782062336));
#2718=CARTESIAN_POINT('Ctrl Pts',(-8.98803965563193,16.560617456732,2.37091532766928));
#2719=CARTESIAN_POINT('Ctrl Pts',(-12.1375298461436,22.9228019982422,2.24135331139627));
#2720=CARTESIAN_POINT('Ctrl Pts',(-17.9048023946589,35.8563907236363,1.98283874730512));
#2721=CARTESIAN_POINT('Ctrl Pts',(-19.9254533604158,42.758730411519,1.91195359063007));
#2722=CARTESIAN_POINT('Ctrl Pts',(-29.4120362462596,63.0384374931674,1.31547421803125));
#2723=CARTESIAN_POINT('Ctrl Pts',(-37.6205532381999,76.0041308653695,0.627832581704397));
#2724=CARTESIAN_POINT('Ctrl Pts',(-47.5310809341259,88.0263953017275,-0.338346924593076));
#2725=CARTESIAN_POINT('Ctrl Pts',(-5.92551751679002,-9.6250133173742,2.50826145702853));
#2726=CARTESIAN_POINT('Ctrl Pts',(-9.68221090737035,-15.8151694406213,2.37637391057232));
#2727=CARTESIAN_POINT('Ctrl Pts',(-13.6948945983412,-21.851447203378,2.24409068216425));
#2728=CARTESIAN_POINT('Ctrl Pts',(-22.1001440573603,-33.4342090853332,1.98283874730512));
#2729=CARTESIAN_POINT('Ctrl Pts',(-27.0674200897378,-38.6353139978016,1.91195359063007));
#2730=CARTESIAN_POINT('Ctrl Pts',(-40.0654923031545,-57.2465486711897,1.30716306405859));
#2731=CARTESIAN_POINT('Ctrl Pts',(-47.3000132184554,-71.1350758804502,0.599778034640687));
#2732=CARTESIAN_POINT('Ctrl Pts',(-52.7980327875975,-86.0670100513798,-0.397577103866234));
#2733=CARTESIAN_POINT('Ctrl Pts',(-5.41532372070481,-9.91957384288287,2.13026753777138));
#2734=CARTESIAN_POINT('Ctrl Pts',(-9.12110439812396,-16.1391244347787,1.93315554920365));
#2735=CARTESIAN_POINT('Ctrl Pts',(-13.0897982985356,-22.2007997149564,1.76979065706792));
#2736=CARTESIAN_POINT('Ctrl Pts',(-21.4220610941375,-33.8257004666827,1.51456622216784));
#2737=CARTESIAN_POINT('Ctrl Pts',(-26.3411642351227,-39.0546180109641,1.50322024776644));
#2738=CARTESIAN_POINT('Ctrl Pts',(-39.3257980730151,-57.6736113340787,1.03586645436893));
#2739=CARTESIAN_POINT('Ctrl Pts',(-46.6763759572302,-71.4951330210952,0.460814354353971));
#2740=CARTESIAN_POINT('Ctrl Pts',(-52.4157843754342,-86.2877012750396,-0.366731144992699));
#2741=CARTESIAN_POINT('Ctrl Pts',(-4.90512992461961,-10.2141343683915,1.75227361851423));
#2742=CARTESIAN_POINT('Ctrl Pts',(-8.55999788887758,-16.4630794289362,1.48993718783497));
#2743=CARTESIAN_POINT('Ctrl Pts',(-12.48470199873,-22.5501522265348,1.29549063197159));
#2744=CARTESIAN_POINT('Ctrl Pts',(-20.7439781309148,-34.2171918480323,1.04629369703057));
#2745=CARTESIAN_POINT('Ctrl Pts',(-25.6151564005753,-39.4737788296739,1.09776356743932));
#2746=CARTESIAN_POINT('Ctrl Pts',(-38.5855513308445,-58.1009929899377,0.757270453584296));
#2747=CARTESIAN_POINT('Ctrl Pts',(-46.0504028459556,-71.8565387653951,0.290991105249594));
#2748=CARTESIAN_POINT('Ctrl Pts',(-52.0281859492163,-86.511481330754,-0.406565719287256));
#2749=CARTESIAN_POINT('Ctrl Pts',(-4.3949361285344,-10.5086948939002,1.37427969925709));
#2750=CARTESIAN_POINT('Ctrl Pts',(-7.99889137963119,-16.7870344230936,1.0467188264663));
#2751=CARTESIAN_POINT('Ctrl Pts',(-11.8796056989244,-22.8995047381132,0.82119060687526));
#2752=CARTESIAN_POINT('Ctrl Pts',(-20.065895167692,-34.6086832293819,0.57802117189329));
#2753=CARTESIAN_POINT('Ctrl Pts',(-24.8884595309794,-39.8933374629543,0.695498361732606));
#2754=CARTESIAN_POINT('Ctrl Pts',(-37.8468395457349,-58.5274884379242,0.471564834044455));
#2755=CARTESIAN_POINT('Ctrl Pts',(-45.4309190585767,-72.2141978967969,0.0911105861086502));
#2756=CARTESIAN_POINT('Ctrl Pts',(-51.6554506235026,-86.7266801713913,-0.51524324742588));
#2757=CARTESIAN_POINT('Ctrl Pts',(-4.3949361285344,-10.5086948939002,1.37427969925709));
#2758=CARTESIAN_POINT('Ctrl Pts',(-7.99889137963119,-16.7870344230936,1.0467188264663));
#2759=CARTESIAN_POINT('Ctrl Pts',(-11.8796056989244,-22.8995047381132,0.82119060687526));
#2760=CARTESIAN_POINT('Ctrl Pts',(-20.065895167692,-34.6086832293819,0.57802117189329));
#2761=CARTESIAN_POINT('Ctrl Pts',(-24.8884595309794,-39.8933374629543,0.695498361732605));
#2762=CARTESIAN_POINT('Ctrl Pts',(-37.8468395457348,-58.527488437924,0.471564834044457));
#2763=CARTESIAN_POINT('Ctrl Pts',(-45.4309190585764,-72.2141978967964,0.0911105861086627));
#2764=CARTESIAN_POINT('Ctrl Pts',(-51.6554506235022,-86.7266801713905,-0.515243247425848));
#2765=CARTESIAN_POINT('Origin',(-50.7542313402353,-88.0146055725345,-1.50123784964419));
#2766=CARTESIAN_POINT('',(-46.9028856829701,-90.238181024499,-1.99243623914328));
#2767=CARTESIAN_POINT('Ctrl Pts',(-2.35942676201177,-6.89172548297964,1.57321557503577));
#2768=CARTESIAN_POINT('Ctrl Pts',(-6.52602071839262,-14.4451621693038,1.13662705616338));
#2769=CARTESIAN_POINT('Ctrl Pts',(-11.08523815986,-21.7632889546302,0.844786877979451));
#2770=CARTESIAN_POINT('Ctrl Pts',(-20.0658951676921,-34.6086832293819,0.578021171893304));
#2771=CARTESIAN_POINT('Ctrl Pts',(-24.8884595309794,-39.8933374629543,0.695498361732618));
#2772=CARTESIAN_POINT('Ctrl Pts',(-37.9732227477775,-58.709227487472,0.469380808244812));
#2773=CARTESIAN_POINT('Ctrl Pts',(-45.6449901896108,-72.6011790320534,0.0803130105192321));
#2774=CARTESIAN_POINT('Ctrl Pts',(-51.9185144104772,-87.3424064285175,-0.541083896795196));
#2775=CARTESIAN_POINT('Ctrl Pts',(-2.16732598852319,-7.0026349162648,1.43846867897275));
#2776=CARTESIAN_POINT('Ctrl Pts',(-6.30840330637996,-14.5708036407096,0.96458931422364));
#2777=CARTESIAN_POINT('Ctrl Pts',(-10.8460325833085,-21.9013943586438,0.654832913335379));
#2778=CARTESIAN_POINT('Ctrl Pts',(-19.794661982403,-34.7652797819217,0.390712161838415));
#2779=CARTESIAN_POINT('Ctrl Pts',(-24.5977807831411,-40.0611609162665,0.534592279449953));
#2780=CARTESIAN_POINT('Ctrl Pts',(-37.6776911611001,-58.8798527285942,0.355553283124526));
#2781=CARTESIAN_POINT('Ctrl Pts',(-45.3985547175925,-72.743458618161,0.00133147417725802));
#2782=CARTESIAN_POINT('Ctrl Pts',(-51.7736350268921,-87.4260525796304,-0.58300706219437));
#2783=CARTESIAN_POINT('Ctrl Pts',(-1.17717889874358,-7.57429660508619,0.736628176240045));
#2784=CARTESIAN_POINT('Ctrl Pts',(-5.18897762060588,-15.2171043617287,0.0762429581452742));
#2785=CARTESIAN_POINT('Ctrl Pts',(-9.61687231155762,-22.6110503724165,-0.322293233742113));
#2786=CARTESIAN_POINT('Ctrl Pts',(-18.4019321129932,-35.5693727469334,-0.570189030588701));
#2787=CARTESIAN_POINT('Ctrl Pts',(-23.1093611290756,-40.920500404208,-0.290544518455878));
#2788=CARTESIAN_POINT('Ctrl Pts',(-36.1493234801822,-59.7622562205928,-0.23211829025797));
#2789=CARTESIAN_POINT('Ctrl Pts',(-44.088424489085,-73.499862658263,-0.41717915201205));
#2790=CARTESIAN_POINT('Ctrl Pts',(-50.9276706154147,-87.9144703603194,-0.827800386589807));
#2791=CARTESIAN_POINT('Ctrl Pts',(0.778309121108372,-8.70329813974491,-1.50204980582311));
#2792=CARTESIAN_POINT('Ctrl Pts',(-2.72184877846352,-16.6415018628653,-2.30948514490722));
#2793=CARTESIAN_POINT('Ctrl Pts',(-6.7572491338428,-24.262054583851,-2.72815189466801));
#2794=CARTESIAN_POINT('Ctrl Pts',(-15.0465653702483,-37.5065946390873,-2.78237518819399));
#2795=CARTESIAN_POINT('Ctrl Pts',(-19.5762601733258,-42.9603371920844,-2.24955018944743));
#2796=CARTESIAN_POINT('Ctrl Pts',(-32.516973711082,-61.8593943375738,-1.62850119826425));
#2797=CARTESIAN_POINT('Ctrl Pts',(-40.9643970877586,-75.3035207193748,-1.41473518400393));
#2798=CARTESIAN_POINT('Ctrl Pts',(-48.8890845935216,-89.0914485488268,-1.4176978368789));
#2799=CARTESIAN_POINT('Ctrl Pts',(1.68842925264056,-9.22875624267939,-3.24684173468399));
#2800=CARTESIAN_POINT('Ctrl Pts',(-1.30054569479291,-17.4620915808215,-3.99318394656212));
#2801=CARTESIAN_POINT('Ctrl Pts',(-4.96602257468312,-25.2962197199617,-4.32433914431246));
#2802=CARTESIAN_POINT('Ctrl Pts',(-12.8406338611367,-38.7801897896856,-4.17193907092119));
#2803=CARTESIAN_POINT('Ctrl Pts',(-17.2985393700291,-44.2753799110058,-3.51252024321464));
#2804=CARTESIAN_POINT('Ctrl Pts',(-30.1748033044881,-63.2116470523085,-2.52887048592329));
#2805=CARTESIAN_POINT('Ctrl Pts',(-38.9489090938909,-76.4671632551817,-2.05827455145049));
#2806=CARTESIAN_POINT('Ctrl Pts',(-47.5716361799687,-89.852077745029,-1.79892259349684));
#2807=CARTESIAN_POINT('Ctrl Pts',(2.04755462113404,-9.43609737085255,-4.1834872895428));
#2808=CARTESIAN_POINT('Ctrl Pts',(-0.622890302291832,-17.853336104101,-4.87747626280561));
#2809=CARTESIAN_POINT('Ctrl Pts',(-4.06228757473813,-25.8179913654557,-5.15016609888515));
#2810=CARTESIAN_POINT('Ctrl Pts',(-11.6945490063939,-39.4418821890869,-4.88064832131889));
#2811=CARTESIAN_POINT('Ctrl Pts',(-16.1284664807078,-44.9509218086279,-4.16123437761941));
#2812=CARTESIAN_POINT('Ctrl Pts',(-28.9725878691905,-63.9057464575017,-2.99108517070101));
#2813=CARTESIAN_POINT('Ctrl Pts',(-37.9166317064268,-77.0631488827136,-2.38796225232735));
#2814=CARTESIAN_POINT('Ctrl Pts',(-46.9015152481504,-90.238972245411,-1.99283279636344));
#2815=CARTESIAN_POINT('Ctrl Pts',(2.04829457121258,-9.43652458122957,-4.18540077832644));
#2816=CARTESIAN_POINT('Ctrl Pts',(-0.621501794313244,-17.8541377595562,
-4.87928372251574));
#2817=CARTESIAN_POINT('Ctrl Pts',(-4.06043856083806,-25.8190588941287,-5.15185466159452));
#2818=CARTESIAN_POINT('Ctrl Pts',(-11.6922058701163,-39.4432349994475,-4.88209791520002));
#2819=CARTESIAN_POINT('Ctrl Pts',(-16.1260736161472,-44.9523033296261,-4.16256103433998));
#2820=CARTESIAN_POINT('Ctrl Pts',(-28.970129271324,-63.9071659296418,-2.99203042560665));
#2821=CARTESIAN_POINT('Ctrl Pts',(-37.9145206413815,-77.0643677066859,-2.38863648213191));
#2822=CARTESIAN_POINT('Ctrl Pts',(-46.9001448133308,-90.239763466323,-1.9932293535836));
#2823=CARTESIAN_POINT('Ctrl Pts',(2.04903163869207,-9.43695012733727,-4.18731533250736));
#2824=CARTESIAN_POINT('Ctrl Pts',(-0.620114678255635,-17.8549386113855,
-4.88109169667438));
#2825=CARTESIAN_POINT('Ctrl Pts',(-4.05858997799262,-25.8201261739321,-5.15354338361999));
#2826=CARTESIAN_POINT('Ctrl Pts',(-11.6898623831328,-39.4445880122883,-4.88354737946163));
#2827=CARTESIAN_POINT('Ctrl Pts',(-16.1236807515866,-44.9536848506243,-4.16388769106054));
#2828=CARTESIAN_POINT('Ctrl Pts',(-28.9676706734575,-63.9085854017818,-2.99297568051229));
#2829=CARTESIAN_POINT('Ctrl Pts',(-37.9124095763361,-77.0655865306581,-2.38931071193647));
#2830=CARTESIAN_POINT('Ctrl Pts',(-46.8987743785111,-90.2405546872351,-1.99362591080376));
#2831=CARTESIAN_POINT('Ctrl Pts',(-5.37274728621459,9.94415535879694,2.50826145702853));
#2832=CARTESIAN_POINT('Ctrl Pts',(-8.85523304704819,16.2926253308921,2.37637391057232));
#2833=CARTESIAN_POINT('Ctrl Pts',(-12.0764610884092,22.7858502260027,2.24409068216425));
#2834=CARTESIAN_POINT('Ctrl Pts',(-17.9048023946589,35.8563907236363,1.98283874730512));
#2835=CARTESIAN_POINT('Ctrl Pts',(-19.9254533604158,42.758730411519,1.91195359063007));
#2836=CARTESIAN_POINT('Ctrl Pts',(-29.5442192766553,63.3210084852566,1.3071630640586));
#2837=CARTESIAN_POINT('Ctrl Pts',(-37.9547762033759,76.5305509867472,0.599778034640687));
#2838=CARTESIAN_POINT('Ctrl Pts',(-48.1372007384668,88.7579426895931,-0.397577103866233));
#2839=CARTESIAN_POINT('Ctrl Pts',(-5.88294108229979,9.64959483328827,2.13026753777138));
#2840=CARTESIAN_POINT('Ctrl Pts',(-9.41633955629457,15.9686703367347,1.93315554920364));
#2841=CARTESIAN_POINT('Ctrl Pts',(-12.6815573882148,22.4364977144243,1.76979065706792));
#2842=CARTESIAN_POINT('Ctrl Pts',(-18.5828853578817,35.4648993422868,1.51456622216784));
#2843=CARTESIAN_POINT('Ctrl Pts',(-20.6517092150309,42.3394263983564,1.50322024776644));
#2844=CARTESIAN_POINT('Ctrl Pts',(-30.2839135067947,62.8939458223676,1.03586645436893));
#2845=CARTESIAN_POINT('Ctrl Pts',(-38.5784134646011,76.1704938461022,0.46081435435397));
#2846=CARTESIAN_POINT('Ctrl Pts',(-48.5194491506301,88.5372514659333,-0.366731144992699));
#2847=CARTESIAN_POINT('Ctrl Pts',(-6.393134878385,9.3550343077796,1.75227361851423));
#2848=CARTESIAN_POINT('Ctrl Pts',(-9.97744606554096,15.6447153425772,1.48993718783497));
#2849=CARTESIAN_POINT('Ctrl Pts',(-13.2866536880204,22.0871452028459,1.29549063197159));
#2850=CARTESIAN_POINT('Ctrl Pts',(-19.2609683211044,35.0734079609372,1.04629369703057));
#2851=CARTESIAN_POINT('Ctrl Pts',(-21.3777170495783,41.9202655796467,1.09776356743932));
#2852=CARTESIAN_POINT('Ctrl Pts',(-31.0241602489653,62.4665641665086,0.757270453584296));
#2853=CARTESIAN_POINT('Ctrl Pts',(-39.2043865758757,75.8090881018023,0.290991105249594));
#2854=CARTESIAN_POINT('Ctrl Pts',(-48.907047576848,88.3134714102189,-0.406565719287256));
#2855=CARTESIAN_POINT('Ctrl Pts',(-6.9033286744702,9.06047378227093,1.37427969925709));
#2856=CARTESIAN_POINT('Ctrl Pts',(-10.5385525747873,15.3207603484198,1.0467188264663));
#2857=CARTESIAN_POINT('Ctrl Pts',(-13.891749987826,21.7377926912675,0.82119060687526));
#2858=CARTESIAN_POINT('Ctrl Pts',(-19.9390512843272,34.6819165795876,0.578021171893291));
#2859=CARTESIAN_POINT('Ctrl Pts',(-22.1044139191742,41.5007069463662,0.695498361732606));
#2860=CARTESIAN_POINT('Ctrl Pts',(-31.7628720340749,62.0400687185221,0.471564834044455));
#2861=CARTESIAN_POINT('Ctrl Pts',(-39.8238703632546,75.4514289704005,0.0911105861086502));
#2862=CARTESIAN_POINT('Ctrl Pts',(-49.2797829025617,88.0982725695816,-0.51524324742588));
#2863=CARTESIAN_POINT('Ctrl Pts',(-6.9033286744702,9.06047378227093,1.37427969925709));
#2864=CARTESIAN_POINT('Ctrl Pts',(-10.5385525747873,15.3207603484198,1.0467188264663));
#2865=CARTESIAN_POINT('Ctrl Pts',(-13.891749987826,21.7377926912675,0.82119060687526));
#2866=CARTESIAN_POINT('Ctrl Pts',(-19.9390512843272,34.6819165795876,0.57802117189329));
#2867=CARTESIAN_POINT('Ctrl Pts',(-22.1044139191742,41.5007069463662,0.695498361732605));
#2868=CARTESIAN_POINT('Ctrl Pts',(-31.7628720340748,62.0400687185218,0.471564834044457));
#2869=CARTESIAN_POINT('Ctrl Pts',(-39.8238703632543,75.4514289704,0.0911105861086627));
#2870=CARTESIAN_POINT('Ctrl Pts',(-49.2797829025612,88.0982725695809,-0.515243247425848));
#2871=CARTESIAN_POINT('Origin',(-50.8457686597647,87.9617564764634,-1.50123784964419));
#2872=CARTESIAN_POINT('',(-54.69711431703,85.738181024499,-1.99243623914328));
#2873=CARTESIAN_POINT('Ctrl Pts',(-4.788695963163,5.48918625576075,1.57321557503578));
#2874=CARTESIAN_POINT('Ctrl Pts',(-9.24686704120664,12.8742808124034,1.13662705616338));
#2875=CARTESIAN_POINT('Ctrl Pts',(-13.304942024681,20.4817423307545,0.844786877979447));
#2876=CARTESIAN_POINT('Ctrl Pts',(-19.9390512843271,34.6819165795876,0.578021171893299));
#2877=CARTESIAN_POINT('Ctrl Pts',(-22.1044139191742,41.5007069463662,0.695498361732613));
#2878=CARTESIAN_POINT('Ctrl Pts',(-31.8570710668217,62.2403893068764,0.469380808244809));
#2879=CARTESIAN_POINT('Ctrl Pts',(-40.051970291655,75.8303105757211,0.0803130105192295));
#2880=CARTESIAN_POINT('Ctrl Pts',(-49.6814855895228,88.6339556204805,-0.541083896795197));
#2881=CARTESIAN_POINT('Ctrl Pts',(-4.98079673665158,5.37827682247559,1.43846867897275));
#2882=CARTESIAN_POINT('Ctrl Pts',(-9.4644844532193,12.7486393409975,0.964589314223631));
#2883=CARTESIAN_POINT('Ctrl Pts',(-13.5441476012325,20.3436369267408,0.654832913335367));
#2884=CARTESIAN_POINT('Ctrl Pts',(-20.2102844696162,34.5253200270478,0.390712161838401));
#2885=CARTESIAN_POINT('Ctrl Pts',(-22.3950926670125,41.3328834930541,0.534592279449941));
#2886=CARTESIAN_POINT('Ctrl Pts',(-32.152602653499,62.0697640657542,0.355553283124518));
#2887=CARTESIAN_POINT('Ctrl Pts',(-40.2984057636733,75.6880309896135,0.00133147417725216));
#2888=CARTESIAN_POINT('Ctrl Pts',(-49.8263649731079,88.5503094693676,-0.583007062194374));
#2889=CARTESIAN_POINT('Ctrl Pts',(-5.97093523353805,4.80662009476306,0.736621164562496));
#2890=CARTESIAN_POINT('Ctrl Pts',(-10.583905989742,12.1023410155495,0.076239572415555));
#2891=CARTESIAN_POINT('Ctrl Pts',(-14.7733065880296,19.6339816548364,-0.322294282246066));
#2892=CARTESIAN_POINT('Ctrl Pts',(-21.6030153844644,33.7212264584515,-0.570188177526394));
#2893=CARTESIAN_POINT('Ctrl Pts',(-23.8835123210777,40.4735440051122,-0.290544518455834));
#2894=CARTESIAN_POINT('Ctrl Pts',(-33.6809703344173,61.1873605737549,-0.232118290257964));
#2895=CARTESIAN_POINT('Ctrl Pts',(-41.6085359921802,74.9316269495105,-0.417179152012036));
#2896=CARTESIAN_POINT('Ctrl Pts',(-50.6723293845843,88.0618916886759,-0.827800386589807));
#2897=CARTESIAN_POINT('Ctrl Pts',(-7.92641600821291,3.67762274310945,-1.50205794540942));
#2898=CARTESIAN_POINT('Ctrl Pts',(-13.0510313334047,10.6779455342613,-2.30948907527036));
#2899=CARTESIAN_POINT('Ctrl Pts',(-17.6329286823239,17.9829780689151,-2.72815311183575));
#2900=CARTESIAN_POINT('Ctrl Pts',(-24.9583830086796,31.7840040573807,-2.7823741979068));
#2901=CARTESIAN_POINT('Ctrl Pts',(-27.4166132768276,38.433707217236,-2.24955018944741));
#2902=CARTESIAN_POINT('Ctrl Pts',(-37.3133201035173,59.0902224567743,-1.62850119826425));
#2903=CARTESIAN_POINT('Ctrl Pts',(-44.7325633935069,73.1279688883993,-1.41473518400392));
#2904=CARTESIAN_POINT('Ctrl Pts',(-52.7109154064779,86.8849135001699,-1.4176978368789));
#2905=CARTESIAN_POINT('Ctrl Pts',(-8.83654742060136,3.15215812716876,-3.24684413287812));
#2906=CARTESIAN_POINT('Ctrl Pts',(-14.4723398642639,9.85735267136836,-3.9931851045786));
#2907=CARTESIAN_POINT('Ctrl Pts',(-19.4241569283866,16.9488119588702,-4.32433950293113));
#2908=CARTESIAN_POINT('Ctrl Pts',(-27.1643131453286,30.5104096991727,-4.17193877914954));
#2909=CARTESIAN_POINT('Ctrl Pts',(-29.6943340801235,37.1186644983138,-3.51252024321446));
#2910=CARTESIAN_POINT('Ctrl Pts',(-39.655490510112,57.7379697420378,-2.52887048592324));
#2911=CARTESIAN_POINT('Ctrl Pts',(-46.7480513873728,71.9643263525894,-2.05827455145043));
#2912=CARTESIAN_POINT('Ctrl Pts',(-54.0283638200283,86.1242843039607,-1.79892259349683));
#2913=CARTESIAN_POINT('Ctrl Pts',(-9.19567735277494,2.94481436415463,-4.18348728602778));
#2914=CARTESIAN_POINT('Ctrl Pts',(-15.1499974603795,9.46610687583245,-4.8774762610653));
#2915=CARTESIAN_POINT('Ctrl Pts',(-20.3278926106851,16.4270399194196,-5.15016609829123));
#2916=CARTESIAN_POINT('Ctrl Pts',(-28.3103974447201,29.8487176204052,-4.88064832166461));
#2917=CARTESIAN_POINT('Ctrl Pts',(-30.8644069693293,36.4431226007599,-4.16123437755481));
#2918=CARTESIAN_POINT('Ctrl Pts',(-40.8577059452889,57.0438703369158,-2.99108517065497));
#2919=CARTESIAN_POINT('Ctrl Pts',(-47.7803287747362,71.3683407251203,-2.38796225229451));
#2920=CARTESIAN_POINT('Ctrl Pts',(-54.6984847517829,85.7373898036255,-1.99283279634413));
#2921=CARTESIAN_POINT('Ctrl Pts',(-9.19641729631549,2.94438715755231,-4.18540077813998));
#2922=CARTESIAN_POINT('Ctrl Pts',(-15.1513859651509,9.46530522222893,-4.87928372233965));
#2923=CARTESIAN_POINT('Ctrl Pts',(-20.3297416235229,16.4259723913599,-5.15185466143005));
#2924=CARTESIAN_POINT('Ctrl Pts',(-28.3127405816747,29.8473648096538,-4.88209791505885));
#2925=CARTESIAN_POINT('Ctrl Pts',(-30.8667998337733,36.441741079829,-4.16256103421077));
#2926=CARTESIAN_POINT('Ctrl Pts',(-40.8601645430357,57.0424508648449,-2.99203042551458));
#2927=CARTESIAN_POINT('Ctrl Pts',(-47.7824398396787,71.3671219012074,-2.38863648206624));
#2928=CARTESIAN_POINT('Ctrl Pts',(-54.6998551865358,85.736598582752,-1.99322935354498));
#2929=CARTESIAN_POINT('Ctrl Pts',(-9.19715436375913,2.94396161146531,-4.18731533222765));
#2930=CARTESIAN_POINT('Ctrl Pts',(-15.152773081141,9.46450437043866,-4.88109169641025));
#2931=CARTESIAN_POINT('Ctrl Pts',(-20.3315902062783,16.4249051116085,-5.15354338337328));
#2932=CARTESIAN_POINT('Ctrl Pts',(-28.315084068544,29.8460117968789,-4.88354737924987));
#2933=CARTESIAN_POINT('Ctrl Pts',(-30.8691926982174,36.4403595588981,-4.16388769086673));
#2934=CARTESIAN_POINT('Ctrl Pts',(-40.8626231407824,57.041031392774,-2.99297568037419));
#2935=CARTESIAN_POINT('Ctrl Pts',(-47.7845509046213,71.3659030772946,-2.38931071183797));
#2936=CARTESIAN_POINT('Ctrl Pts',(-54.7012256212887,85.7358073618785,-1.99362591074583));
#2937=CARTESIAN_POINT('Origin',(94.6,1.60579171714174,0.));
#2938=CARTESIAN_POINT('',(101.6,1.60579171714175,-1.26715258336449));
#2939=CARTESIAN_POINT('',(101.6,1.60579171714174,0.));
#2940=CARTESIAN_POINT('',(100.935233526064,-1.37159239819027,-0.515243247425879));
#2941=CARTESIAN_POINT('Ctrl Pts',(100.935233526064,-1.37159239819026,-0.515243247425881));
#2942=CARTESIAN_POINT('Ctrl Pts',(100.996510502418,-1.24120816158126,-0.548694527195774));
#2943=CARTESIAN_POINT('Ctrl Pts',(101.053697025856,-1.10907281812052,-0.582458175187801));
#2944=CARTESIAN_POINT('Ctrl Pts',(101.19877432154,-0.743351163898754,-0.675678740765901));
#2945=CARTESIAN_POINT('Ctrl Pts',(101.278261995676,-0.506771131539301,-0.735704091781212));
#2946=CARTESIAN_POINT('Ctrl Pts',(101.514352171072,0.343677643922126,-0.950755733341041));
#2947=CARTESIAN_POINT('Ctrl Pts',(101.6,0.973582620648052,-1.10872206285312));
#2948=CARTESIAN_POINT('Ctrl Pts',(101.6,1.60579171714175,-1.26715258336449));
#2949=CARTESIAN_POINT('',(99.9986350021149,-2.85007409254555,-0.338346924604694));
#2950=CARTESIAN_POINT('Ctrl Pts',(99.9986350021149,-2.85007409254555,-0.338346924604696));
#2951=CARTESIAN_POINT('Ctrl Pts',(100.072780850943,-2.76024051320495,-0.339500370232644));
#2952=CARTESIAN_POINT('Ctrl Pts',(100.144620898169,-2.66864349295217,-0.341945000936253));
#2953=CARTESIAN_POINT('Ctrl Pts',(100.214067811216,-2.57540260835226,-0.346118729359193));
#2954=CARTESIAN_POINT('Ctrl Pts',(100.281566276283,-2.48477775094796,-0.350175356929772));
#2955=CARTESIAN_POINT('Ctrl Pts',(100.346804009966,-2.39259964674003,-0.355865689432272));
#2956=CARTESIAN_POINT('Ctrl Pts',(100.4097008288,-2.29901483860829,-0.363623591846162));
#2957=CARTESIAN_POINT('Ctrl Pts',(100.457552164712,-2.22781635554964,-0.369525734454698));
#2958=CARTESIAN_POINT('Ctrl Pts',(100.504048572132,-2.15580434534709,-0.376625247678339));
#2959=CARTESIAN_POINT('Ctrl Pts',(100.549154743814,-2.08306009253759,-0.38512465129377));
#2960=CARTESIAN_POINT('Ctrl Pts',(100.605688761991,-1.99188576412043,-0.39577741610548));
#2961=CARTESIAN_POINT('Ctrl Pts',(100.659913393037,-1.89976145063239,-0.408604692330031));
#2962=CARTESIAN_POINT('Ctrl Pts',(100.711804873947,-1.80682688746609,-0.424006211376891));
#2963=CARTESIAN_POINT('Ctrl Pts',(100.762065160913,-1.71681369586198,-0.438923588052764));
#2964=CARTESIAN_POINT('Ctrl Pts',(100.810136676103,-1.62604018770755,-0.456256070799334));
#2965=CARTESIAN_POINT('Ctrl Pts',(100.855997834898,-1.53467570118374,-0.476390526699392));
#2966=CARTESIAN_POINT('Ctrl Pts',(100.883188197288,-1.48050712883534,-0.488327930088987));
#2967=CARTESIAN_POINT('Ctrl Pts',(100.909601593395,-1.42613164233693,-0.501250700766579));
#2968=CARTESIAN_POINT('Ctrl Pts',(100.935233526064,-1.37159239819026,-0.515243247425879));
#2969=CARTESIAN_POINT('Ctrl Pts',(95.5082653311103,-5.33503345630147,-1.04869102207816));
#2970=CARTESIAN_POINT('Ctrl Pts',(95.5125359480805,-5.33447461016438,-1.04879105648755));
#2971=CARTESIAN_POINT('Ctrl Pts',(95.5168061582227,-5.33391180828151,-1.04888627686713));
#2972=CARTESIAN_POINT('Ctrl Pts',(95.5296797040983,-5.3322030202605,-1.04915888780636));
#2973=CARTESIAN_POINT('Ctrl Pts',(95.5382816012428,-5.33104495225336,-1.0493215763124));
#2974=CARTESIAN_POINT('Ctrl Pts',(95.5642856763461,-5.3274947818214,-1.04975481494661));
#2975=CARTESIAN_POINT('Ctrl Pts',(95.5816810108621,-5.3250531809801,-1.04996527119216));
#2976=CARTESIAN_POINT('Ctrl Pts',(95.6387472945846,-5.31682420516945,-1.05039793628071));
#2977=CARTESIAN_POINT('Ctrl Pts',(95.6783692387339,-5.31076282700847,-1.05028913145138));
#2978=CARTESIAN_POINT('Ctrl Pts',(96.0371726685734,-5.25271470607783,-1.0456958757156));
#2979=CARTESIAN_POINT('Ctrl Pts',(96.3490093524582,-5.17970698939446,-1.01553568190391));
#2980=CARTESIAN_POINT('Ctrl Pts',(96.8174976466319,-5.03588175418597,-0.94476150783184));
#2981=CARTESIAN_POINT('Ctrl Pts',(96.9782237016788,-4.98000923152516,-0.915696875711722));
#2982=CARTESIAN_POINT('Ctrl Pts',(97.2661730064151,-4.8680766482033,-0.858068543095585));
#2983=CARTESIAN_POINT('Ctrl Pts',(97.3944382450644,-4.81374372228301,-0.830301212805009));
#2984=CARTESIAN_POINT('Ctrl Pts',(97.6842624823188,-4.68067740456871,-0.764811376114835));
#2985=CARTESIAN_POINT('Ctrl Pts',(97.8447591437911,-4.59935827653411,-0.726520126262295));
#2986=CARTESIAN_POINT('Ctrl Pts',(98.141616463442,-4.43428217097757,-0.655076977935422));
#2987=CARTESIAN_POINT('Ctrl Pts',(98.2787494385734,-4.35176424417163,-0.621802586107704));
#2988=CARTESIAN_POINT('Ctrl Pts',(98.5036641490263,-4.20566813935101,-0.568497323887548));
#2989=CARTESIAN_POINT('Ctrl Pts',(98.5929620690103,-4.14468476426689,-0.547681160165978));
#2990=CARTESIAN_POINT('Ctrl Pts',(98.9688146016154,-3.8749926760444,-0.46279912067354));
#2991=CARTESIAN_POINT('Ctrl Pts',(99.2421103446445,-3.64574928888991,-0.40794538311087));
#2992=CARTESIAN_POINT('Ctrl Pts',(99.7079778720352,-3.18954574538175,-0.345663829212732));
#2993=CARTESIAN_POINT('Ctrl Pts',(99.8726951845328,-3.00266017489132,-0.336387749084145));
#2994=CARTESIAN_POINT('Ctrl Pts',(99.9986350021149,-2.85007409254557,-0.338346924604694));
#2995=CARTESIAN_POINT('Ctrl Pts',(9.33941121333369,-6.85330320241599,3.0929868700565));
#2996=CARTESIAN_POINT('Ctrl Pts',(17.2325345555481,-8.30186606738149,4.05151618144546));
#2997=CARTESIAN_POINT('Ctrl Pts',(25.1193974844368,-9.18409833324283,4.35385389142663));
#2998=CARTESIAN_POINT('Ctrl Pts',(40.0049464520192,-9.78080013620374,3.68546471460946));
#2999=CARTESIAN_POINT('Ctrl Pts',(46.9928734501536,-9.31924961078312,2.19876346587956));
#3000=CARTESIAN_POINT('Ctrl Pts',(69.2989064071515,-8.30297107078829,-0.0224772968352892));
#3001=CARTESIAN_POINT('Ctrl Pts',(84.6317847411898,-6.87858644585006,-0.901306016238601));
#3002=CARTESIAN_POINT('Ctrl Pts',(99.9986350021149,-4.7268461251853,-1.13549423924891));
#3003=CARTESIAN_POINT('Ctrl Pts',(9.33941121333369,-6.26138317254466,3.33541612138519));
#3004=CARTESIAN_POINT('Ctrl Pts',(17.2325345555481,-7.5350713127572,4.17961286771191));
#3005=CARTESIAN_POINT('Ctrl Pts',(25.1193974844368,-8.35595949379504,4.42490038101987));
#3006=CARTESIAN_POINT('Ctrl Pts',(40.0049464520192,-9.05123567859351,3.75694974978827));
#3007=CARTESIAN_POINT('Ctrl Pts',(46.9928734501536,-8.84785723293733,2.37907971037428));
#3008=CARTESIAN_POINT('Ctrl Pts',(69.2989064071515,-8.16172449299374,0.244937120606437));
#3009=CARTESIAN_POINT('Ctrl Pts',(84.6317847411898,-6.80942332192212,-0.660461760516943));
#3010=CARTESIAN_POINT('Ctrl Pts',(99.9986350021149,-4.57541476898003,-1.00752781379879));
#3011=CARTESIAN_POINT('Ctrl Pts',(9.33941121333369,-4.74850470451758,3.75236536851692));
#3012=CARTESIAN_POINT('Ctrl Pts',(17.2325345555481,-5.64129151952003,4.32036854987828));
#3013=CARTESIAN_POINT('Ctrl Pts',(25.1193974844368,-6.3426044397213,4.43007906020691));
#3014=CARTESIAN_POINT('Ctrl Pts',(40.0049464520192,-7.30563153862514,3.77164757452554));
#3015=CARTESIAN_POINT('Ctrl Pts',(46.9928734501536,-7.72061925956934,2.66165202403322));
#3016=CARTESIAN_POINT('Ctrl Pts',(69.2989064071515,-7.8400857828792,0.764333094895646));
#3017=CARTESIAN_POINT('Ctrl Pts',(84.6317847411898,-6.66177101188726,-0.174978885088715));
#3018=CARTESIAN_POINT('Ctrl Pts',(99.9986350021149,-4.22320367475941,-0.75229997433401));
#3019=CARTESIAN_POINT('Ctrl Pts',(9.33941121333369,-1.83207397178729,3.47649779579882));
#3020=CARTESIAN_POINT('Ctrl Pts',(17.2325345555481,-2.19008672206645,3.56916345251178));
#3021=CARTESIAN_POINT('Ctrl Pts',(25.1193974844368,-2.75331733729121,3.49311082864577));
#3022=CARTESIAN_POINT('Ctrl Pts',(40.0049464520192,-4.20482786050946,3.03076682934374));
#3023=CARTESIAN_POINT('Ctrl Pts',(46.9928734501536,-5.59971194468056,2.56203257734587));
#3024=CARTESIAN_POINT('Ctrl Pts',(69.2989064071515,-7.05665346027388,1.39587208331365));
#3025=CARTESIAN_POINT('Ctrl Pts',(84.6317847411898,-6.20857886625829,0.522381595438402));
#3026=CARTESIAN_POINT('Ctrl Pts',(99.9986350021149,-3.51316584988409,-0.42477180504084));
#3027=CARTESIAN_POINT('Ctrl Pts',(9.33941121333369,-0.529173924762814,2.69801388453352));
#3028=CARTESIAN_POINT('Ctrl Pts',(17.2325345555481,-0.67118116841943,2.58766107199281));
#3029=CARTESIAN_POINT('Ctrl Pts',(25.1193974844368,-1.16404712378515,2.45944687876501));
#3030=CARTESIAN_POINT('Ctrl Pts',(40.0049464520192,-2.75774567945986,2.18352697236395));
#3031=CARTESIAN_POINT('Ctrl Pts',(46.9928734501536,-4.48281985357106,2.08712502328591));
#3032=CARTESIAN_POINT('Ctrl Pts',(69.2989064071515,-6.41361050197277,1.43255362936982));
#3033=CARTESIAN_POINT('Ctrl Pts',(84.6317847411898,-5.73259355181583,0.689640548027697));
#3034=CARTESIAN_POINT('Ctrl Pts',(99.9986350021149,-3.04629973138765,-0.347238618495164));
#3035=CARTESIAN_POINT('Ctrl Pts',(9.33941121333369,-0.283594230714656,2.54393698521305));
#3036=CARTESIAN_POINT('Ctrl Pts',(17.2325345555481,-0.397460114510382,2.40023218851776));
#3037=CARTESIAN_POINT('Ctrl Pts',(25.1193974844368,-0.866256517100291,2.25605711738152));
#3038=CARTESIAN_POINT('Ctrl Pts',(40.0049464520192,-2.42218163830309,1.98283874730512));
#3039=CARTESIAN_POINT('Ctrl Pts',(46.9928734501536,-4.12341641371741,1.91195359063007));
#3040=CARTESIAN_POINT('Ctrl Pts',(69.2989064071515,-6.04764818029942,1.31547421802961));
#3041=CARTESIAN_POINT('Ctrl Pts',(84.6317847411898,-5.42171062397367,0.627832581698881));
#3042=CARTESIAN_POINT('Ctrl Pts',(99.9986350021149,-2.85007409254555,-0.338346924604697));
#3043=CARTESIAN_POINT('Ctrl Pts',(11.7463244046951,-0.329322168077964,2.50009782062336));
#3044=CARTESIAN_POINT('Ctrl Pts',(18.8359352477019,-0.496438056366804,2.37091532766928));
#3045=CARTESIAN_POINT('Ctrl Pts',(25.9204937794702,-0.949991813168945,2.24135331139627));
#3046=CARTESIAN_POINT('Ctrl Pts',(40.0049464520192,-2.4221816383031,1.98283874730512));
#3047=CARTESIAN_POINT('Ctrl Pts',(46.9928734501536,-4.12341641371741,1.91195359063007));
#3048=CARTESIAN_POINT('Ctrl Pts',(69.2989064071515,-6.04764818029942,1.31547421802961));
#3049=CARTESIAN_POINT('Ctrl Pts',(84.6317847411898,-5.42171062397367,0.627832581698884));
#3050=CARTESIAN_POINT('Ctrl Pts',(99.9986350021149,-2.85007409254555,-0.338346924604694));
#3051=CARTESIAN_POINT('Ctrl Pts',(11.2982648030046,-0.319142041422734,2.50826145702853));
#3052=CARTESIAN_POINT('Ctrl Pts',(18.5374439544185,-0.477455890270857,2.37637391057232));
#3053=CARTESIAN_POINT('Ctrl Pts',(25.7713556867503,-0.934403022624741,2.24409068216425));
#3054=CARTESIAN_POINT('Ctrl Pts',(40.0049464520192,-2.4221816383031,1.98283874730512));
#3055=CARTESIAN_POINT('Ctrl Pts',(46.9928734501536,-4.12341641371742,1.91195359063007));
#3056=CARTESIAN_POINT('Ctrl Pts',(69.6097115798098,-6.07445981406685,1.30716306405859));
#3057=CARTESIAN_POINT('Ctrl Pts',(85.2547894218312,-5.39547510629698,0.599778034640687));
#3058=CARTESIAN_POINT('Ctrl Pts',(100.935233526064,-2.6909326382132,-0.397577103866234));
#3059=CARTESIAN_POINT('Ctrl Pts',(11.2982648030046,0.269979009594607,2.13026753777138));
#3060=CARTESIAN_POINT('Ctrl Pts',(18.5374439544185,0.170454098044047,1.93315554920364));
#3061=CARTESIAN_POINT('Ctrl Pts',(25.7713556867503,-0.235697999467927,1.76979065706792));
#3062=CARTESIAN_POINT('Ctrl Pts',(40.0049464520192,-1.63919887560398,1.51456622216784));
#3063=CARTESIAN_POINT('Ctrl Pts',(46.9928734501536,-3.28480838739224,1.50322024776644));
#3064=CARTESIAN_POINT('Ctrl Pts',(69.6097115798098,-5.22033448828886,1.03586645436893));
#3065=CARTESIAN_POINT('Ctrl Pts',(85.2547894218312,-4.6753608250069,0.460814354353971));
#3066=CARTESIAN_POINT('Ctrl Pts',(100.935233526064,-2.24955019089367,-0.366731144992699));
#3067=CARTESIAN_POINT('Ctrl Pts',(11.2982648030046,0.859100060611949,1.75227361851423));
#3068=CARTESIAN_POINT('Ctrl Pts',(18.5374439544185,0.818364086358954,1.48993718783497));
#3069=CARTESIAN_POINT('Ctrl Pts',(25.7713556867503,0.463007023688886,1.29549063197159));
#3070=CARTESIAN_POINT('Ctrl Pts',(40.0049464520192,-0.856216112904866,1.04629369703057));
#3071=CARTESIAN_POINT('Ctrl Pts',(46.9928734501536,-2.44648674997279,1.09776356743932));
#3072=CARTESIAN_POINT('Ctrl Pts',(69.6097115798098,-4.36557117657095,0.757270453584296));
#3073=CARTESIAN_POINT('Ctrl Pts',(85.2547894218312,-3.95254933640715,0.290991105249593));
#3074=CARTESIAN_POINT('Ctrl Pts',(100.935233526064,-1.80199007946489,-0.406565719287256));
#3075=CARTESIAN_POINT('Ctrl Pts',(11.2982648030046,1.44822111162929,1.37427969925709));
#3076=CARTESIAN_POINT('Ctrl Pts',(18.5374439544185,1.46627407467386,1.0467188264663));
#3077=CARTESIAN_POINT('Ctrl Pts',(25.7713556867503,1.1617120468457,0.82119060687526));
#3078=CARTESIAN_POINT('Ctrl Pts',(40.0049464520192,-0.0732333502057499,
0.578021171893291));
#3079=CARTESIAN_POINT('Ctrl Pts',(46.9928734501536,-1.60736948341189,0.695498361732606));
#3080=CARTESIAN_POINT('Ctrl Pts',(69.6097115798098,-3.51258028059781,0.471564834044455));
#3081=CARTESIAN_POINT('Ctrl Pts',(85.2547894218312,-3.23723107360355,0.0911105861086502));
#3082=CARTESIAN_POINT('Ctrl Pts',(100.935233526064,-1.37159239819026,-0.51524324742588));
#3083=CARTESIAN_POINT('Ctrl Pts',(11.2982648030046,1.44822111162929,1.37427969925709));
#3084=CARTESIAN_POINT('Ctrl Pts',(18.5374439544185,1.46627407467386,1.0467188264663));
#3085=CARTESIAN_POINT('Ctrl Pts',(25.7713556867503,1.1617120468457,0.82119060687526));
#3086=CARTESIAN_POINT('Ctrl Pts',(40.0049464520192,-0.0732333502057494,
0.57802117189329));
#3087=CARTESIAN_POINT('Ctrl Pts',(46.9928734501536,-1.60736948341189,0.695498361732605));
#3088=CARTESIAN_POINT('Ctrl Pts',(69.6097115798098,-3.51258028059781,0.471564834044454));
#3089=CARTESIAN_POINT('Ctrl Pts',(85.2547894218312,-3.23723107360355,0.0911105861086498));
#3090=CARTESIAN_POINT('Ctrl Pts',(100.935233526064,-1.37159239819026,-0.515243247425879));
#3091=CARTESIAN_POINT('Origin',(101.6,0.0528490960711893,-1.50123784964419));
#3092=CARTESIAN_POINT('',(101.6,4.5,-1.99243623914328));
#3093=CARTESIAN_POINT('Ctrl Pts',(7.1481227251717,1.40253922721872,1.57321557503592));
#3094=CARTESIAN_POINT('Ctrl Pts',(15.7728877595972,1.57088135690039,1.13662705616344));
#3095=CARTESIAN_POINT('Ctrl Pts',(24.39018018454,1.28154662387575,0.844786877979457));
#3096=CARTESIAN_POINT('Ctrl Pts',(40.0049464520192,-0.0732333502057526,
0.578021171893292));
#3097=CARTESIAN_POINT('Ctrl Pts',(46.9928734501536,-1.60736948341189,0.695498361732608));
#3098=CARTESIAN_POINT('Ctrl Pts',(69.8302938145991,-3.53116181940438,0.469380808244804));
#3099=CARTESIAN_POINT('Ctrl Pts',(85.6969604812658,-3.22913154366767,0.0803130105192266));
#3100=CARTESIAN_POINT('Ctrl Pts',(101.6,-1.29154919196293,-0.541083896795198));
#3101=CARTESIAN_POINT('Ctrl Pts',(7.1481227251717,1.62435809378906,1.4384686789729));
#3102=CARTESIAN_POINT('Ctrl Pts',(15.7728877595972,1.82216429971212,0.964589314223687));
#3103=CARTESIAN_POINT('Ctrl Pts',(24.39018018454,1.55775743190311,0.654832913335365));
#3104=CARTESIAN_POINT('Ctrl Pts',(40.0049464520192,0.239959754873889,0.390712161838385));
#3105=CARTESIAN_POINT('Ctrl Pts',(46.9928734501536,-1.27172257678754,0.534592279449926));
#3106=CARTESIAN_POINT('Ctrl Pts',(69.8302938145991,-3.18991133715992,0.355553283124507));
#3107=CARTESIAN_POINT('Ctrl Pts',(85.6969604812658,-2.94457237145239,0.0013314741772443));
#3108=CARTESIAN_POINT('Ctrl Pts',(101.6,-1.12425688973718,-0.583007062194378));
#3109=CARTESIAN_POINT('Ctrl Pts',(7.14812272517171,2.76770344176866,0.73664375084911));
#3110=CARTESIAN_POINT('Ctrl Pts',(15.7728877595975,3.1147763505703,0.0762504786586592));
#3111=CARTESIAN_POINT('Ctrl Pts',(24.3901801845403,2.97707274482227,-0.322290904765127));
#3112=CARTESIAN_POINT('Ctrl Pts',(40.0049464520199,1.84814301191964,-0.570190925443851));
#3113=CARTESIAN_POINT('Ctrl Pts',(46.9928734501541,0.44695639909605,-0.290544518455988));
#3114=CARTESIAN_POINT('Ctrl Pts',(69.8302938146006,-1.42510435316172,-0.232118290258043));
#3115=CARTESIAN_POINT('Ctrl Pts',(85.6969604812663,-1.43176429124759,-0.417179152012124));
#3116=CARTESIAN_POINT('Ctrl Pts',(101.6,-0.147421328355309,-0.827800386589861));
#3117=CARTESIAN_POINT('Ctrl Pts',(7.1481227251717,5.02572525990924,-1.50203170699415));
#3118=CARTESIAN_POINT('Ctrl Pts',(15.7728877595973,5.96358040608982,-2.3094764055234));
#3119=CARTESIAN_POINT('Ctrl Pts',(24.3901801845401,6.27908397133023,-2.7281491882272));
#3120=CARTESIAN_POINT('Ctrl Pts',(40.0049464520195,5.72258451518699,-2.78237739015344));
#3121=CARTESIAN_POINT('Ctrl Pts',(46.9928734501538,4.52662997484857,-2.24955018944749));
#3122=CARTESIAN_POINT('Ctrl Pts',(69.8302938145998,2.7691718807996,-1.62850119826429));
#3123=CARTESIAN_POINT('Ctrl Pts',(85.696960481266,2.17555183097543,-1.41473518400397));
#3124=CARTESIAN_POINT('Ctrl Pts',(101.6,2.20653504865748,-1.41769783687893));
#3125=CARTESIAN_POINT('Ctrl Pts',(7.14812272517174,6.07661248901612,-3.24683638817214));
#3126=CARTESIAN_POINT('Ctrl Pts',(15.772887759598,7.60474584999104,-3.99318136489161));
#3127=CARTESIAN_POINT('Ctrl Pts',(24.3901801845409,8.34740991045932,-4.32433834481267));
#3128=CARTESIAN_POINT('Ctrl Pts',(40.0049464520215,8.26977834178925,-4.17193972139464));
#3129=CARTESIAN_POINT('Ctrl Pts',(46.9928734501553,7.15671541269259,-3.51252024321489));
#3130=CARTESIAN_POINT('Ctrl Pts',(69.8302938146038,5.47367731027158,-2.52887048592344));
#3131=CARTESIAN_POINT('Ctrl Pts',(85.6969604812676,4.50283690259171,-2.05827455145068));
#3132=CARTESIAN_POINT('Ctrl Pts',(101.6,3.72779344107184,-1.79892259349698));
#3133=CARTESIAN_POINT('Ctrl Pts',(7.1481227251717,6.49128298618341,-4.18348729710992));
#3134=CARTESIAN_POINT('Ctrl Pts',(15.7728877595972,8.38722921835383,-4.87747626643145));
#3135=CARTESIAN_POINT('Ctrl Pts',(24.39018018454,9.39095144295348,-5.15016609997207));
#3136=CARTESIAN_POINT('Ctrl Pts',(40.0049464520192,9.59316457115631,-4.8806483203446));
#3137=CARTESIAN_POINT('Ctrl Pts',(46.9928734501536,8.50779920784717,-4.16123437757712));
#3138=CARTESIAN_POINT('Ctrl Pts',(69.8302938145991,6.86187612056458,-2.99108517067088));
#3139=CARTESIAN_POINT('Ctrl Pts',(85.6969604812657,5.69480815757504,-2.38796225230586));
#3140=CARTESIAN_POINT('Ctrl Pts',(101.6,4.50158244177364,-1.9928327963508));
#3141=CARTESIAN_POINT('Ctrl Pts',(7.1481227251717,6.49213742366367,-4.18540077820416));
#3142=CARTESIAN_POINT('Ctrl Pts',(15.7728877595972,8.38883253730288,-4.87928372240043));
#3143=CARTESIAN_POINT('Ctrl Pts',(24.39018018454,9.39308650273658,-5.15185466148689));
#3144=CARTESIAN_POINT('Ctrl Pts',(40.0049464520192,9.59587018975305,-4.88209791510763));
#3145=CARTESIAN_POINT('Ctrl Pts',(46.9928734501536,8.51056224975549,-4.16256103425541));
#3146=CARTESIAN_POINT('Ctrl Pts',(69.8302938145991,6.86471506475418,-2.99203042554639));
#3147=CARTESIAN_POINT('Ctrl Pts',(85.6969604812658,5.69724580544177,-2.38863648208893));
#3148=CARTESIAN_POINT('Ctrl Pts',(101.6,4.50316488354727,-1.99322935355832));
#3149=CARTESIAN_POINT('Ctrl Pts',(7.1481227251717,6.49298851585197,-4.18731533232405));
#3150=CARTESIAN_POINT('Ctrl Pts',(15.7728877595972,8.39043424091036,-4.88109169650145));
#3151=CARTESIAN_POINT('Ctrl Pts',(24.39018018454,9.39522106227542,-5.15354338345854));
#3152=CARTESIAN_POINT('Ctrl Pts',(40.0049464520192,9.59857621534833,-4.88354737932304));
#3153=CARTESIAN_POINT('Ctrl Pts',(46.9928734501536,8.5133252916638,-4.16388769093369));
#3154=CARTESIAN_POINT('Ctrl Pts',(69.8302938145991,6.86755400894378,-2.99297568042191));
#3155=CARTESIAN_POINT('Ctrl Pts',(85.6969604812658,5.69968345330849,-2.389310711872));
#3156=CARTESIAN_POINT('Ctrl Pts',(101.6,4.50474732532091,-1.99362591076585));
#3157=CARTESIAN_POINT('Origin',(0.,0.,0.));
#3158=CARTESIAN_POINT('',(4.5,5.51091059616309E-16,4.5));
#3159=CARTESIAN_POINT('Origin',(0.,0.,4.5));
#3160=CARTESIAN_POINT('',(4.5,5.51091059616309E-16,0.));
#3161=CARTESIAN_POINT('Origin',(0.,0.,4.5));
#3162=UNCERTAINTY_MEASURE_WITH_UNIT(LENGTH_MEASURE(0.01),#3166,
'DISTANCE_ACCURACY_VALUE',
'Maximum model space distance between geometric entities at asserted c
onnectivities');
#3163=UNCERTAINTY_MEASURE_WITH_UNIT(LENGTH_MEASURE(0.01),#3166,
'DISTANCE_ACCURACY_VALUE',
'Maximum model space distance between geometric entities at asserted c
onnectivities');
#3164=(
GEOMETRIC_REPRESENTATION_CONTEXT(3)
GLOBAL_UNCERTAINTY_ASSIGNED_CONTEXT((#3162))
GLOBAL_UNIT_ASSIGNED_CONTEXT((#3166,#3168,#3169))
REPRESENTATION_CONTEXT('','3D')
);
#3165=(
GEOMETRIC_REPRESENTATION_CONTEXT(3)
GLOBAL_UNCERTAINTY_ASSIGNED_CONTEXT((#3163))
GLOBAL_UNIT_ASSIGNED_CONTEXT((#3166,#3168,#3169))
REPRESENTATION_CONTEXT('','3D')
);
#3166=(
LENGTH_UNIT()
NAMED_UNIT(*)
SI_UNIT(.MILLI.,.METRE.)
);
#3167=(
LENGTH_UNIT()
NAMED_UNIT(*)
SI_UNIT(.CENTI.,.METRE.)
);
#3168=(
NAMED_UNIT(*)
PLANE_ANGLE_UNIT()
SI_UNIT($,.RADIAN.)
);
#3169=(
NAMED_UNIT(*)
SI_UNIT($,.STERADIAN.)
SOLID_ANGLE_UNIT()
);
#3170=SHAPE_DEFINITION_REPRESENTATION(#3171,#3172);
#3171=PRODUCT_DEFINITION_SHAPE('',$,#3174);
#3172=SHAPE_REPRESENTATION('',(#833),#3164);
#3173=PRODUCT_DEFINITION_CONTEXT('part definition',#3178,'design');
#3174=PRODUCT_DEFINITION('prop_1','prop_1',#3175,#3173);
#3175=PRODUCT_DEFINITION_FORMATION('',$,#3180);
#3176=PRODUCT_RELATED_PRODUCT_CATEGORY('prop_1','prop_1',(#3180));
#3177=APPLICATION_PROTOCOL_DEFINITION('international standard',
'automotive_design',2009,#3178);
#3178=APPLICATION_CONTEXT(
'Core Data for Automotive Mechanical Design Process');
#3179=PRODUCT_CONTEXT('part definition',#3178,'mechanical');
#3180=PRODUCT('prop_1','prop_1',$,(#3179));
#3181=PRESENTATION_STYLE_ASSIGNMENT((#3182));
#3182=SURFACE_STYLE_USAGE(.BOTH.,#3185);
#3183=SURFACE_STYLE_RENDERING_WITH_PROPERTIES($,#3189,(#3184));
#3184=SURFACE_STYLE_TRANSPARENT(0.);
#3185=SURFACE_SIDE_STYLE('',(#3186,#3183));
#3186=SURFACE_STYLE_FILL_AREA(#3187);
#3187=FILL_AREA_STYLE('',(#3188));
#3188=FILL_AREA_STYLE_COLOUR('',#3189);
#3189=COLOUR_RGB('',0.,0.,0.);
ENDSEC;
END-ISO-10303-21;
