L_fuse,x_wle,Arw,Art,bw,SM_0,SM_dry,Max_Speed,ROC_Stall,Stall_Speed,Endurance_min,W_total,Result
4.2937521137652,1.127172137495,8.55271024544428,3.42387031460496,5.63535516796865,0.147556319976991,0.078834030795869,193.513513513514,50.4914803845764,53.9915614117894,161.353535300569,19.2957993697771,PASS
4.05953586003945,1.12774119119796,6.6206218739037,4.30530722943217,6.34607852696065,0.10380515547353,0.0447523652215319,175.675675675676,49.0803331277141,42.9123019776715,174.179547523429,19.9686128857896,PASS
5.93664193800889,0.957016516982732,6.86176860422572,3.55238067758188,6.94222105611932,0.114685440209876,0.0572866532354853,166.756756756757,47.6717015264376,40.5986425402951,180.011401807869,20.6374487581205,PASS
5.51940586739284,0.962053180347816,9.67200715851179,3.90941004580621,6.13771427691183,0.117820079252812,0.046647553874417,188.108108108108,49.6864559357593,53.3042020043511,171.094775662782,19.7283966688126,PASS
5.45143265928283,0.941276279254041,6.77090708849323,4.62100213999215,6.79440713420175,0.1050245516806,0.0492881529719809,168.378378378378,47.9162420434083,41.0805434921431,178.593794831754,20.5116602865748,PASS
4.18487516534266,1.14658357432826,6.26460164365745,4.67676150513825,6.04322035825618,0.145360228676348,0.0857411244563424,177.027027027027,49.1069671506158,43.7044218432259,165.688876871572,19.8502661375668,PASS
4.37181904102998,1.12587227970065,6.16834578831521,4.27939945817917,6.93777817657925,0.108192891890618,0.0520730743559734,165.405405405405,47.9493831280084,38.412610421665,183.541780833007,20.5254139992699,PASS
4.38591024487167,1.09599363854353,7.79777654510796,4.4865371784717,5.64080050785997,0.155936770301414,0.0901202865239022,189.72972972973,50.1161115018314,51.6651647427607,159.789656002568,19.4168379862195,PASS
4.28159941583286,1.1071526392082,7.99016578788731,4.68775398659276,5.80320708129316,0.149778763178506,0.0831668986620285,188.648648648649,50.1114941631803,50.9269304812632,165.141487257603,19.4871137977338,PASS
5.44150021626134,1.00237460867761,8.89106004756727,4.12145374002974,6.18205046798603,0.155219697318194,0.0854730110221191,184.864864864865,49.4868525745516,50.8535810881176,171.60450918644,19.8164933263215,PASS
5.93844105170531,0.945367350953288,9.48081128934401,4.6576424254722,6.87011660690681,0.147462613052431,0.077132710623242,178.378378378378,48.7410905969383,47.8239011611807,188.113029772099,20.2976093091477,PASS
3.80590858698854,1.19598675345955,8.8557002942857,4.6507011313729,6.91343906741435,0.114697016365512,0.0440140524367852,180,49.6109726821981,45.620761447398,197.940460768564,20.024542486769,PASS
4.664427874702,1.08966765157743,6.92618353808751,3.16228889466552,5.62351472485322,0.136856790266121,0.0756834411065351,185.405405405405,49.6946766568008,48.9513631558119,155.175414654889,19.5039884853613,PASS
3.86930485989185,1.19735761482365,6.05059675177845,4.20037490265499,5.88738491055802,0.14584572770823,0.0862094679437203,178.648648648649,49.3465451104415,43.9275504259667,162.577740512814,19.7057422030571,PASS
5.75477509349823,0.960645157300737,8.03233113250156,4.25001235731867,6.18063881092082,0.154416759907538,0.0884290408953774,180.810810810811,49.0211130446573,48.5208341333949,168.053806748178,19.9596911153258,PASS
4.32682374503226,1.13104115531537,8.56301191810881,4.41025577926594,6.96400929590979,0.114867757472129,0.0476254458100293,177.297297297297,49.1829863327971,44.7000450036412,195.158428754577,20.1734525268466,PASS
3.71354106766514,1.1599735360424,6.31448130707508,3.16562959625447,5.63205174605393,0.0999622191986261,0.0420378721742285,184.054054054054,49.8980427055134,46.5757283195068,157.151921878419,19.4261650571013,PASS
5.17329588615906,1.079386191618,7.51290574846948,3.00237351513301,6.30285241929372,0.137017755450663,0.073244853814213,178.648648648649,49.1243436813448,46.0064818220308,171.809327592605,19.9515461444911,PASS
3.75077475363903,1.25496232954836,7.70941584540916,3.05891707108761,6.27704155857082,0.149209108141615,0.0815273134160701,182.972972972973,50.0349939348453,46.465631559413,179.698445697098,19.6709076195207,PASS
5.24910215728504,0.960218930082545,7.84957931374814,4.58302175417835,5.60443525855048,0.139425967614849,0.0751872564702576,188.108108108108,49.6480085959925,52.3338062609735,154.951315028986,19.5368323586231,PASS
4.27730357438532,1.15974253328989,9.0786602760151,4.84975125771195,6.8229876612236,0.149935402125153,0.0781971958042935,181.081081081081,49.5338083745086,46.8097363303083,194.591918594127,20.0295858924716,PASS
5.47454981195383,0.964899418130892,7.15893494343462,3.94958197570549,5.39077533136044,0.154969362746099,0.0920816683017778,187.297297297297,49.4260047727751,51.9020293518199,146.556699426723,19.4937279474036,PASS
3.95057075475785,1.19113894574099,8.81365809677745,4.57512319305073,6.60274523398186,0.142005579335138,0.070622645468103,183.243243243243,49.8671866990419,47.4462595486573,189.856446439547,19.8503887420361,PASS
5.87608448529318,0.998073626205896,6.61212143910874,3.75959819001821,6.97094787862834,0.141531484374444,0.0838246352157763,165.135135135135,47.5131613070279,39.7502156996743,180.135929931009,20.7011276395381,PASS
5.81072344779922,0.836696568716683,7.17358856688168,4.32947146691746,5.20085167959295,0.100442504267081,0.0400704129676277,188.918918918919,49.2897975781965,53.7777371742158,139.932365501539,19.4397061170579,PASS
5.64185835022949,0.943601389358381,7.0288391449077,3.3343530085441,5.79224551869537,0.108542066884094,0.0484821823916508,181.351351351351,49.0347513140456,48.2041237959516,155.202987042598,19.7720126723203,PASS
5.46342452587774,1.04962261287441,8.15871127349642,3.75987036528605,6.74615487573359,0.153865214688625,0.0874518321919371,175.675675675676,48.7268713399929,45.1239984718942,183.354890068199,20.2478248853319,PASS
3.87312453444062,1.16530101779756,8.93868630963134,4.89067272310101,6.05147383979484,0.146934597276381,0.0751752786856427,190.540540540541,50.4535451659295,51.6544765884513,176.355123115986,19.4866295134197,PASS
5.42685389112704,0.986335427665527,8.69769998752304,4.03956433127697,6.02750944826577,0.142515112808634,0.0741155144635058,186.216216216216,49.5589556162359,51.4786045615383,167.028053683322,19.7331802155403,PASS
4.95288577629379,1.07437826805733,8.59219858091638,3.66099375155665,6.23422584783414,0.147073312861139,0.0786316637225686,184.594594594595,49.6509098823774,49.526960805286,174.296128706454,19.7795445997189,PASS
5.76429822264598,0.953959512561856,9.84412208203386,4.44563752813729,6.81350096082107,0.131701698307122,0.0606214540833054,180.540540540541,48.9969297610684,49.0065854430263,188.106318051399,20.1903902760767,PASS
3.95576116545995,1.16633097650033,6.53257184269709,3.48024210023777,6.18886826544615,0.11065637387194,0.0512977058738578,177.567567567568,49.3443126098013,43.5483360747525,170.804573847248,19.8222791616921,PASS
3.5528049412472,1.24252911690517,8.34174548722115,3.54763155790127,6.008300150642,0.149888543480244,0.0792322231356766,189.459459459459,50.5853350006341,50.1728741428683,175.32212108422,19.4203225910101,PASS
4.61495696467369,1.14136084412688,6.97892955121747,3.24498666136129,6.40856647596212,0.138054416488438,0.0763904021342077,175.945945945946,49.0408515442267,43.6717363776911,175.174016435736,20.0081099963664,PASS
4.08469576870285,1.14294462879791,7.93113520735174,4.67841137378925,6.4836734462277,0.120974081873426,0.0551137182080627,180.540540540541,49.5576871711103,45.8904351139526,182.925467772949,19.8986419675279,PASS
4.03064655826145,1.20848142537992,8.53347590238609,3.08400885470833,6.61581856883276,0.129540159116348,0.0603984121614463,181.891891891892,49.8392178884704,46.5882758445819,188.484829621441,19.84571075798,PASS
4.73811062929932,1.00242074105016,6.02864445488875,4.47392199472466,6.02691443588663,0.104629526029775,0.050538477064207,174.864864864865,48.6584710374173,43.1140825867912,161.005071613654,19.965530425447,PASS
4.48334582080676,1.10813781944844,8.28027938143363,4.34558147481451,6.01923892314737,0.156543663480349,0.0885937837849795,186.756756756757,49.9472016098467,50.1503699870526,170.606545464316,19.6181762041012,PASS
5.07088219161215,1.02117952999272,8.63410711222278,4.74269033751396,6.71338839362023,0.127276337183935,0.0610782471422527,178.648648648649,49.0647163533952,46.5215649030367,185.96995961089,20.1394181505859,PASS
5.96000052065522,0.951295835084647,6.2865018097241,3.62397791008948,5.87451610399453,0.15439973829901,0.0957593114113018,175.945945945946,48.4051321911412,45.1993296441013,153.99275406384,19.9926937779572,PASS
4.7340418262714,0.982355695277861,6.56755901837812,4.04117333607397,5.45420941817189,0.0971209545439746,0.0406201502786914,185.405405405405,49.494976455876,49.1197454697993,148.909996473812,19.4824703141279,PASS
3.59408775816998,1.18017555689941,7.73328633693192,3.02560196907414,5.30981053959366,0.119841079451134,0.0550050026483399,196.216216216216,50.8722155307661,54.1257649401411,153.493005310954,19.0403193322315,PASS
5.85042396409316,0.986713887922367,8.07341889404096,3.02033329121874,6.27989958498887,0.120322722677985,0.0542587180629317,179.72972972973,48.9926095185741,47.9098400140323,169.496127069597,19.9880085943646,PASS
3.9193572252481,1.22944458114311,6.20757233771927,3.35231472952648,6.72652249173299,0.120544462494143,0.0616232806293562,168.918918918919,48.5985529790515,39.4664703177482,182.357323592855,20.2389583346123,PASS
5.08672137395145,0.976741961169987,6.75933054234068,4.14120004774262,5.98544983537013,0.109570696791021,0.0519877430508012,178.648648648649,48.9736870613265,45.86029893654,161.538090146244,19.87173754332,PASS
4.77241269723887,1.01070469968644,6.38392333729632,4.29680401621459,6.12630202368963,0.104115621262885,0.0483392542132189,175.675675675676,48.7825041610961,43.6577535240313,164.708611251505,19.9757956838661,PASS
4.52108259000335,1.04767276568951,8.41648344131724,4.40870022555067,5.51841173784341,0.134393065621382,0.0677414296202878,193.513513513514,50.3191295971846,54.706607055869,156.921188008803,19.3040868571192,PASS
3.90281894784735,1.24034466769496,6.35811379755846,4.32158537812836,6.78720090170631,0.136943354117234,0.075778706894827,168.918918918919,48.5241098097529,39.643561070167,184.686976134255,20.298811214071,PASS
5.50805431083938,0.941542517389564,7.42317002438372,4.50507059786102,6.41068277640867,0.116659705731877,0.056513610665,175.945945945946,48.6562664489628,45.1874124123334,172.474224521535,20.1523773034994,PASS
4.79559580347529,1.06394714186391,7.95061912501917,4.11382638751034,6.77588510037086,0.112129649579518,0.0488734289389837,175.675675675676,48.9116367869742,44.28933870666,186.020702038923,20.1930389304516,PASS
5.51453175435188,0.991737335633508,9.77256378819135,3.7679619706372,6.47917065762225,0.125077266202199,0.0533746792466956,184.594594594595,49.4551219590375,51.0068502919248,180.219077198233,19.923219110415,PASS
4.44944035904792,0.995374762260334,6.29555753118813,4.20389504288189,4.85558345946503,0.107926691608588,0.0520893618913626,193.243243243243,49.8343695675958,53.4718346560333,133.551334827438,19.0884644850912,PASS
5.03685001342192,1.0702597356281,8.00286520966874,3.00448163044363,6.41590659520693,0.114420337575829,0.049935554892844,180,49.2798042389684,46.6378417998904,176.319207787191,19.9443380678698,PASS
4.40307664496697,1.07923177590609,6.70478312450141,3.05712130127707,5.12995661651583,0.12225649582599,0.0629922213132362,191.621621621622,50.0447709510404,52.3422768028354,142.349965564266,19.1699086695699,PASS
5.7572212821798,0.971238165802794,7.96797517731132,3.34938393126857,5.36016689136293,0.158727185459272,0.0900667634616408,190.540540540541,49.610660354236,54.9694451627601,146.228079785305,19.4233229919916,PASS
5.1382106110262,0.997836138805828,8.42274583287326,3.83616812403637,5.70640573945748,0.128571758150557,0.0619063343370957,189.72972972973,49.8726552355384,53.1993473317476,158.96585861304,19.505468348909,PASS
4.89905971504097,0.97169681242642,6.73853314625518,4.3938464337476,5.01541456810861,0.134702369961133,0.0755707294734602,191.891891891892,49.7254498800247,53.7418424369207,137.673645429132,19.2196547450596,PASS
5.05707685905326,1.03115723790155,7.13584036793769,4.35270885872346,5.87765374104649,0.157134512082056,0.0948666491573009,182.162162162162,49.2819770796891,47.8405449804547,160.972497377758,19.7527369417338,PASS
4.76726156917079,1.00303089814206,6.14697322398584,3.68501563393984,5.19159326507231,0.118104737726907,0.0622294664964689,186.756756756757,49.4542233770841,49.7666256129301,140.842232660592,19.3592515457478,PASS
3.51537713931335,1.28899737335632,8.07970173378314,3.11070820164307,6.60461358474351,0.139826304238981,0.0699137901142217,181.081081081081,49.9842256535377,45.3581817011247,190.580123541544,19.8008094755118,PASS
4.10105924866266,1.17277500359956,6.23976376322521,3.54372086679541,6.25697425627358,0.125127593853585,0.0665840673017961,174.594594594595,49.0174196797875,42.2261892571125,170.740451354043,19.9432779635726,PASS
4.69215205435851,1.06913801441346,7.15040934109548,3.66907878574268,6.33969122537459,0.110602349516131,0.0503756403446023,177.297297297297,49.0951109338842,44.6429847343743,173.190587500523,19.9702695736786,PASS
3.54217346131487,1.17065139632025,6.7284576381849,4.68334966090023,5.92419385345632,0.101783935861041,0.0403704713841281,182.432432432432,49.8326768000847,45.8989330995231,166.997594719542,19.5893648647205,PASS
4.27959622643654,1.14052789181492,9.06610310782169,3.75944377783973,6.32416240938284,0.134856306776685,0.064390968526567,187.027027027027,50.0859903034449,50.0239408850921,181.034846007886,19.6794679995325,PASS
4.45027351495283,1.1643823076302,7.00494826750294,3.8161204026066,6.65205676889663,0.143199300123829,0.0808363350481998,173.513513513514,48.8234677096716,42.3199071357395,181.836732262776,20.168265390246,PASS
5.9188018937667,0.911000548865675,6.89849407333016,4.06503261523208,5.46628856941113,0.155197223381718,0.0931666803478398,184.054054054054,49.0063325539692,50.4453340372216,146.106243108721,19.6492053885431,PASS
5.39164620252608,0.920998809219246,7.26280896226064,4.02001835801887,5.40912304620649,0.110007634029788,0.0493697796965782,187.837837837838,49.4802522073023,52.0848197763853,147.217023385625,19.4824516187083,PASS
5.83531843349485,1.00659497121328,8.41940504351412,3.8388245279805,6.89799936522347,0.151694895638168,0.0846027556090311,174.324324324324,48.4726810636708,44.9808540700268,185.923172760282,20.3841433860735,PASS
5.66731551234332,1.0268907794833,6.43984247273985,3.01170668998883,5.96882740395577,0.151015182494412,0.0911784583887958,176.216216216216,48.633671443143,44.9840937481722,158.075682282355,19.956892730366,PASS
5.32971869861344,1.04251349533423,8.47683041824534,4.71830610769529,6.99500498760659,0.156562526936528,0.0895822840109004,174.594594594595,48.5843021167341,44.5126835153379,191.276788753328,20.3883598571528,PASS
5.28722432494872,1.00134050091428,8.73453116807404,4.05044732540953,6.03384324186799,0.14167068817048,0.0732801879433339,186.486486486486,49.6421813788823,51.5037202216161,167.910434778981,19.7105081891021,PASS
5.44542519761924,0.998053082498668,7.44317137329948,4.49593402335027,6.66796057344864,0.14043720271981,0.0787913583753705,173.243243243243,48.4417406749883,43.6761453554174,179.127745522691,20.3136893879797,PASS
4.82289518774892,0.995684391114576,6.33481199754294,4.30632370360645,5.3192261317949,0.13071125745743,0.0735621507629411,185.675675675676,49.4080540226736,49.4214042661702,144.80126410168,19.4475776037708,PASS
4.06277774455919,1.17156299932921,6.44374124763135,4.74538229294906,6.16328563262699,0.145569914422024,0.0845262502012751,176.756756756757,49.156523908535,43.5008743010522,169.987816798967,19.8863300551788,PASS
4.22225875582873,1.10513590415294,8.27702112736399,4.48058841371561,5.69508806416045,0.143728288866302,0.0763423349131664,191.621621621622,50.3353466992181,52.6663489553247,163.036930318037,19.376057877375,PASS
5.50468318578658,1.06035458532381,6.66359016773554,3.07093814062083,6.28330087170878,0.151671214622425,0.0911335136352667,174.054054054054,48.5491341391822,43.6375670381895,167.072277087803,20.1122503158635,PASS
4.23717138689055,1.16214650724125,9.94195208900465,3.81653406664634,6.82004596611541,0.131231982845567,0.0573640445467192,184.594594594595,49.8836947550041,48.8511251397745,196.121701579713,19.9032616958179,PASS
3.65784084395216,1.26380593027496,7.71825227701846,4.4868315647139,6.67446620288118,0.14847267544585,0.0793775199167135,178.108108108108,49.5366864060799,44.0574783969743,189.971743772218,19.9721838305078,PASS
4.48650153096621,1.15336707121349,8.12537598598425,4.11500445130586,6.70011398626161,0.151389328862126,0.0838980425836378,178.108108108108,49.2537584191402,45.1390749237896,187.184522875244,20.0677369280606,PASS
4.55826990741863,1.01069141544619,6.20665678187114,3.59690252079726,5.09456107822186,0.10408645376601,0.0485659772666905,188.918918918919,49.6617830555278,50.8172897019434,139.119375578156,19.2508977644642,PASS
4.77602917852905,1.04626378688989,6.61807498437335,3.60120190669568,6.42814316724525,0.0985310249934236,0.0417440986993889,173.243243243243,48.6734610863327,42.5162123224858,172.516685359452,20.1196632046329,PASS
4.64526442317836,1.05116609789712,6.33939610098357,4.77364322102613,6.70957687070822,0.106237656092833,0.0504653980081788,168.378378378378,48.1484374792913,40.1366739452213,178.30907827747,20.3937603865256,PASS
5.42431345771167,1.00095660612145,6.37319436844386,3.58096973511941,6.33212197813143,0.125694436731751,0.0690310555906778,171.891891891892,48.3061049015623,42.4416625709068,166.845361719607,20.202184416804,PASS
4.98295764847441,1.0751188569566,9.25915629502081,3.72566236942965,6.61112092413859,0.137901180946408,0.0675618876830026,182.702702702703,49.4929260110447,48.7023619681078,185.25182735967,19.9595621088627,PASS
4.53554554851281,1.08776556156365,6.98825444408303,4.13821843099495,6.31226529065472,0.121802081043382,0.0614046204234863,177.027027027027,49.0829937331193,44.3210664219229,172.926952966402,19.9661511156614,PASS
3.92222370999793,1.20610749019025,8.99190550732244,4.30334813172776,6.97409316005027,0.128682914186761,0.0570958681867878,179.72972972973,49.5629564539231,45.6078505926569,199.401650665308,20.0574232475235,PASS
5.75595288640971,1.01315005763642,7.21204068341821,3.29400041098712,6.22689319224906,0.151375012101756,0.0882268212512597,176.756756756757,48.7189692334663,45.7401042281734,166.49038826222,20.0516972530133,PASS
3.93923353282423,1.1344393922801,6.81080942734401,3.54988628478975,5.63662208015197,0.112292506838439,0.0520156238585507,186.216216216216,49.9922028759025,48.3228966732194,158.048757372582,19.418568001542,PASS
5.80732812594526,0.964053143930464,8.80553428318006,4.36407850815856,6.80675677665496,0.14086694041976,0.073391703672207,176.756756756757,48.6744215042568,46.5151636282181,185.136426592063,20.2948587306064,PASS
3.80417416838915,1.09660570914319,6.33683878038569,4.85471089628656,5.38412464260782,0.103679133696907,0.0457166954297094,187.297297297297,49.9161692606159,48.6904555777693,150.532228682594,19.3338080555619,PASS
3.91353807597316,1.13437972236396,6.47198836327725,3.64873455764877,5.01993902676927,0.142141576418209,0.0824273332372023,193.243243243243,50.2450414136231,52.4091326175026,141.099934874827,19.0653716142976,PASS
5.48454275456795,1.00803088286939,7.96032164990443,4.59477453490921,6.80832136653051,0.149077509168436,0.0847836108391028,174.054054054054,48.5008032280418,44.2760460877382,184.239858846877,20.3497610254985,PASS
4.29058364066957,1.09591994105326,8.17327393794384,4.82406911300506,6.43538601210493,0.113482033916504,0.0479905665873527,181.621621621622,49.5802705777403,46.9113241743909,181.396302157951,19.8783671360204,PASS
4.57777629706512,1.00412446431856,6.13250653798101,4.60771332533018,5.25254117995258,0.122468044593821,0.0665867591446273,186.216216216216,49.4527640704054,49.180914541557,143.372865345311,19.3984168163583,PASS
5.15158087454835,1.07887306853679,8.48685274079317,3.05371793419467,6.27986931997455,0.140679806143302,0.0723923690773043,183.243243243243,49.522115509543,48.9249273009874,174.094150451123,19.8283738360541,PASS
3.91363983911811,1.14772371189528,7.47292403378973,3.72619870668476,5.74064470219943,0.121239935449166,0.0574257048927999,188.108108108108,50.2193611303711,49.6893691665046,163.0978305302,19.4101955147222,PASS
3.62924385280314,1.23845994679957,9.15674457633921,3.86328891558325,6.2259227506417,0.156994794947868,0.0827036662647998,190,50.5857622240348,50.8369750712642,182.904241240895,19.5028433199661,PASS
5.29754255673125,0.989803326487759,7.51765316237461,4.21394415815363,6.11332565538154,0.134684820662636,0.0722576573343624,180.540540540541,49.1161802247532,47.3825459626664,166.658702110521,19.8967313683532,PASS
4.17426913854119,1.13797652837821,6.80757819214299,3.81752876794032,6.38643124641705,0.111397882967884,0.0513623031829128,175.945945945946,49.1292972714307,43.2383584030164,175.50500474556,19.967992829092,PASS
4.09480272467698,1.05105347490432,6.50776100724681,4.14277448030874,4.95689953189476,0.107226344148972,0.0498202478258887,193.783783783784,50.1210925086224,53.2244229996495,138.257182418383,19.0670162084884,PASS
4.80119609608449,1.02587046470262,7.27281652895654,4.95368120040877,5.88933360572545,0.140998125920397,0.0790641752255753,182.972972972973,49.4329529763007,48.1597811830185,162.859229347188,19.7183633088989,PASS
5.32478082802868,0.95607915312615,6.67420154654141,3.50423497260643,5.16729233236089,0.124774381248803,0.0654673523041087,188.378378378378,49.4280731925567,52.1109376071489,139.596422903587,19.3667477091513,PASS
5.26146368988843,1.00144775536797,6.3692191342566,3.83347130263957,6.81895580999775,0.105610644582422,0.0508911311132516,166.486486486486,47.8086852855556,39.7206200423802,177.880469354214,20.5330645975896,PASS
3.90639539194672,1.18598245659767,8.94408636647205,4.31362594759437,6.83782369704212,0.117330359034077,0.0467602962453234,181.081081081081,49.6965813954047,46.2937568520484,195.697451765255,19.9717830765595,PASS
4.64496096658825,1.07712225335786,7.46994217526559,4.08887389821601,5.60414513221194,0.158816707337193,0.0944947422616431,188.108108108108,49.8876110275767,50.9548264580446,156.660639987254,19.4600671851066,PASS
5.04915683281307,1.08617252285092,7.71331387915068,3.12513499590857,6.28841618721764,0.13839582772174,0.0737525650302128,180,49.2733938851701,46.6660610368086,172.650543456223,19.9028840500942,PASS
4.10211683896292,1.24544606673287,8.93665111210832,3.04363402907563,6.82905633133614,0.158132286747385,0.0855538913145505,181.081081081081,49.7444289618675,46.308408139523,195.408989487521,19.9497962954654,PASS
3.51863250900297,1.14126169631075,6.1415776497761,4.90241334382598,5.00567076041226,0.122703294206572,0.0639632732904852,192.162162162162,50.2304369792663,51.1986936922057,141.347915122259,19.0649008057826,PASS
5.5502569115168,1.01348448687211,6.47534693225177,3.31149775995716,6.44722482821297,0.128780018205636,0.0712347043217884,171.081081081081,48.2091187660581,42.0916095914264,169.427828794724,20.2742981986421,PASS
4.37694622853934,1.13223224169074,8.30050271460983,4.97409923609687,6.48167050789973,0.153022473314756,0.0846539309632268,181.351351351351,49.5443679496887,46.9788620232328,183.287051083112,19.9134571342352,PASS
3.9905821990436,1.20061600417877,6.68315921604224,3.56630184214101,5.96976342610304,0.149938111740248,0.0876149640455537,181.081081081081,49.6415885183523,45.4801021601956,166.724706385192,19.662895512226,PASS
5.74584574238778,0.901721037462451,6.92477752331893,4.22244140745291,5.34927892249506,0.142400555132996,0.0812728144222974,185.945945945946,49.169913376744,51.5122920581685,143.765970381232,19.5469312165352,PASS
4.71851651897771,1.02228120563278,7.17363066153921,4.81422377151805,5.74234576988503,0.132762774262835,0.0716165526545582,184.594594594595,49.560571763547,48.9273958064173,159.003691583894,19.6162524362423,PASS
3.56117753787118,1.24373543198332,6.18545429185866,3.25627814484877,5.77263642179017,0.13893783274172,0.0784067529838779,181.621621621622,49.8191286393252,45.0781910427537,162.139205621412,19.5156015241575,PASS
5.52484590323197,1.00915545891275,6.51491771306909,3.12062637024879,5.61681851299065,0.147498505393732,0.0873874456853062,181.351351351351,49.0136162517901,47.763245109815,150.202671715395,19.6938975253287,PASS
5.58148883217507,0.998018876475925,7.38446383690809,3.26760924725247,5.43471078283784,0.158840918514676,0.0935432946421859,187.567567567568,49.4808958442415,52.2854463494675,147.734705732383,19.4925079666958,PASS
4.18037164731277,1.14420348923412,6.48767230201273,4.04962977066011,6.31096323415222,0.122531773193751,0.063256061119676,175.135135135135,49.0152009035685,42.7235886223617,172.563780509928,19.9760684929898,PASS
5.38493457460781,0.949375453322711,6.11154403213419,4.02170634281738,5.85778507589261,0.121983528649442,0.0669027975850482,176.216216216216,48.573077767414,44.6197941426954,154.886167830888,19.9270596117756,PASS
3.80054011605206,1.22704297466225,9.87062278368704,4.89582625161047,6.94398943969078,0.150105553714511,0.073120613170382,183.513513513514,49.9137267249543,47.8595059951519,202.741446023517,19.9472093306336,PASS
4.57292429987907,1.07429655953943,8.74213789957892,4.42232050721685,5.79435163673073,0.15345585979482,0.0842937151763801,191.351351351351,50.2129028699039,53.3036835375468,165.212942856953,19.4526449266727,PASS
4.37958081646751,1.12670506736391,9.88703116098839,4.2387890307281,6.39873501860649,0.14855920200719,0.074603340163806,188.648648648649,50.1617597800365,51.6400196310248,184.748770777528,19.6864460037172,PASS
3.7225606974982,1.14581332350363,6.70870447646531,3.64036475973202,5.47377300985734,0.107754787832779,0.0477392820235883,188.378378378378,50.1872300126567,49.2258871103268,154.377261733788,19.2927520675311,PASS
5.74679578245215,0.919292793670182,8.78194544544905,4.42718878433766,5.95384725970699,0.133653786269679,0.0653889218068797,186.216216216216,49.4357071631603,52.3830010543544,163.981543774331,19.7450195844747,PASS
5.74309938609131,0.868836850968433,6.08340603971407,4.30114865959151,4.78442794003326,0.149157315587519,0.0914623393808528,189.189189189189,48.9894748083305,53.6199734340507,126.755379160272,19.2858415434462,PASS
5.28295253569726,0.976133712361595,6.25835362248783,4.90954932945449,6.74646918992624,0.120551609986808,0.0660244667182135,166.486486486486,47.72425881868,39.8143147459284,176.054418712818,20.5515058294893,PASS
5.43592875458628,0.949139228600912,6.22444984891689,3.64631110413404,4.92948839254348,0.149557278127258,0.0910478838021843,188.918918918919,49.2383760814584,52.6494102933045,131.936353776414,19.291318926313,PASS
5.84398095427108,0.998648828054708,7.85116568863831,3.57625088483236,6.65633458593097,0.144011319560018,0.0792605352645011,174.594594594595,48.511712709018,44.9017514192834,178.27022414806,20.2831256871323,PASS
4.82697156519681,1.05826483644706,8.9127454967269,3.19363813166056,5.74489821974864,0.122742624160948,0.0539058840600563,192.162162162162,50.2136283851929,54.2299060181713,162.103347188641,19.4134646792338,PASS
5.76587907870468,0.90831372979262,6.19634060681598,3.5999851528991,6.01232587797222,0.105626535193876,0.0508790896796332,174.054054054054,48.3104326847193,43.9273974214904,157.074887135155,20.067481077602,PASS
4.49630786228454,1.17368171151456,6.20768818891607,3.9242496870099,6.88597535739505,0.139830348936662,0.0815211678049572,166.216216216216,48.0306469551389,38.7859281283503,182.855762386896,20.4843215665281,PASS
5.09306948453163,0.991355042104853,7.37149433878328,4.12867306191391,5.85706415774409,0.123782138457871,0.0623763735887921,183.243243243243,49.3831392805358,48.7417676390504,160.525631507247,19.7096608011693,PASS
4.21888924494358,1.11806199257284,6.01270745163964,4.63604077418831,5.84199524458909,0.138049173297328,0.0803938147249934,178.108108108108,49.1215946625023,44.1861668414125,159.421709860489,19.755915259984,PASS
3.93011877585209,1.24769323579686,7.83891564437985,3.81817904820689,6.99500079600041,0.141067420413483,0.0732127560730582,174.594594594595,49.1297098077054,42.5998490695869,196.191951551875,20.1933252477411,PASS
5.83140817634399,0.978543806502274,7.51203535035389,3.25402846268184,6.19219642422325,0.130414189446225,0.0668529342178696,178.378378378378,48.8360935401287,46.8856272791674,165.975768488388,20.0024623270688,PASS
3.64620278837465,1.3082381997508,6.60338191435857,3.22208762866417,6.43185068478659,0.159389144008845,0.0950637661697964,175.405405405405,49.3915422751586,42.2242305410034,180.561331205961,19.9113705089386,PASS
3.94343209150724,1.12779790152498,9.12890019846235,3.99509885279504,5.79787264695721,0.116429228880604,0.0466127520479591,194.594594594595,50.6968554826144,54.2282763075599,168.397190834556,19.3037932989025,PASS
4.46123727244563,1.10723264996261,7.41094086520019,4.20473968500847,6.83481720928934,0.109255375715752,0.0476187877286861,173.243243243243,48.7689830146559,42.4532819713672,186.944854848831,20.2523383860421,PASS
4.05732694064042,1.22117737895563,6.94776337206379,4.08615795620896,6.70197012048625,0.145698314152082,0.0820055643726579,173.243243243243,48.9242449057202,41.8193440896749,184.964197446151,20.1551745501025,PASS
4.19044374283351,1.15745274435396,9.95235939162697,4.28060933382497,6.39380105852308,0.156830620646457,0.0816039625333566,189.459459459459,50.2925591267139,51.7983811009781,185.972522521406,19.6470221624071,PASS
5.56463116191458,0.997140697302753,7.56142406650772,3.57034773987842,5.802205623873,0.154534387175339,0.0895547915311011,183.783783783784,49.2957932809514,49.8368494174982,157.833303671048,19.7131473784703,PASS
4.26355050540959,0.999600658509976,6.21884489320249,4.85072163973029,4.86895496553633,0.105079226906087,0.0495975805873377,192.972972972973,49.8747388165621,53.0035293653324,134.584963953555,19.0916534490006,PASS
5.99821141184745,0.949432933774793,6.07427636070888,3.27017546987863,5.75018662187752,0.145349931811966,0.087652188964442,176.216216216216,48.386501207287,45.3207965671892,150.004332816689,19.9313435861428,PASS
4.67776499285966,1.03746846255512,6.97344020334601,4.39655427090986,5.75563196013789,0.129622503614665,0.0693255069460486,183.783783783784,49.5013289445304,48.1455601930317,158.690094080431,19.6301497354733,PASS
4.78684873653133,1.07289156934695,6.91058729579267,3.84575081308627,6.67153267074446,0.113867532298057,0.0548937793037608,171.891891891892,48.5526645537057,42.0018315868631,179.561144585188,20.2555905397263,PASS
3.88643137964749,1.1630382943088,6.92727760637261,3.71455397567949,6.28550532272399,0.103405850892379,0.0424254776523993,178.378378378378,49.4696449212971,44.1618566212535,174.873143400806,19.82826094837,PASS
5.33356039705216,1.019561150924,9.57916513174647,3.31570277277273,6.01287527784149,0.130925544749611,0.0585732779374341,189.72972972973,49.9046231762309,53.9864245388609,168.33360302556,19.6100199905131,PASS
3.66533833808544,1.22177191374097,8.2601315930906,4.38842483950722,6.72512054175668,0.119928528633728,0.0507041775856726,180,49.6942573736586,45.1935251084451,192.253131371474,19.9359891922387,PASS
4.12461332204381,1.21346855056296,9.43313409453442,3.05142525844625,6.56898910766621,0.151919524629539,0.0782030272568241,185.945945945946,50.135419371189,49.2049335563908,189.59571390253,19.7437911690535,PASS
3.61873020380961,1.25910715898007,7.42612491626286,3.29793507962669,6.71547980540349,0.120228922200437,0.0546067032331641,176.486486486486,49.4725487183496,42.9631472640185,189.485299171005,19.9827932398396,PASS
5.43989945139114,0.94601471922183,6.16921174337863,4.92028669480492,6.20820656465474,0.135555230036641,0.0803105151319731,171.891891891892,48.1794034256107,42.5937923778184,163.378838691794,20.2053991431539,PASS
5.05243312490259,1.10897707210966,9.48182262091672,3.24379732264698,6.63220878913008,0.155010897291498,0.0821983386721037,183.243243243243,49.5501329828267,49.1101795150327,186.139262922565,19.9452631388509,PASS
4.19046549517031,1.16251387386305,6.75825437739694,4.44421660390078,6.15204744493081,0.150974025621013,0.0886908782957209,178.648648648649,49.3050155876738,44.5818641581851,170.452195028469,19.8423652800487,PASS
4.21916396044948,1.19529936564192,6.20616928887749,3.36061455826838,6.01156014580349,0.156598210253553,0.0966082516762168,177.297297297297,49.2197188754283,43.6644071834627,164.900944636719,19.7914715266449,PASS
4.5695906456414,1.10400324274824,7.30829245504439,4.77992081484913,6.57302438540379,0.138792022356545,0.0760206973016581,175.405405405405,48.9153921911505,43.7019572232101,180.655599012666,20.1274389511071,PASS
4.38899731812129,1.17963770350847,7.45158745887498,4.01393808157013,6.58344499055054,0.158651207797479,0.093168897158903,176.486486486486,49.1451234925673,43.9794181432863,182.659906838098,20.0552810096008,PASS
4.11522882178438,1.19513692346553,9.15427324011905,4.483362056859,6.85547886109049,0.1524823804964,0.0795876503218508,181.351351351351,49.638453932994,46.7504032520401,196.450605195993,20.0029761628181,PASS
4.15586556270522,1.11602762747779,6.50760076534467,4.03987160549642,5.30918740479893,0.147517249375691,0.0874254819872489,188.648648648649,49.9261727045162,49.9927535668387,148.084304680995,19.298408692586,PASS
4.02719628278754,1.1703199269645,6.46796035690889,4.35532821736889,6.00652426016446,0.14341986033789,0.0824870289462121,179.189189189189,49.3790729355792,44.572115520796,166.392434972055,19.7550344134281,PASS
3.77760765763692,1.28065280325685,6.02033247225765,3.57853582213064,6.4300058274168,0.152369176629891,0.091621767982439,171.621621621622,48.8852157825537,40.4675520524211,176.397058763379,20.0487961138319,PASS
5.36343190140764,1.05958915690168,7.67630341699565,3.23301734092595,6.20665818092287,0.153071886637373,0.0877307128641471,180,49.155917165415,47.1784794138673,169.242121523201,19.9123985573948,PASS
3.58371000925603,1.21313714652819,7.69787153676621,3.33056886539951,5.36390145233149,0.154977488850399,0.0880438270717653,195.405405405405,50.8360483173108,53.5198065760243,155.727721109766,19.0850000592677,PASS
3.87034084088637,1.21923687265724,7.93402028079002,3.5543259535436,6.68360439359867,0.125907242719,0.0587779416209097,178.648648648649,49.5667859945339,44.5845522917935,189.018225779358,19.9512062961375,PASS
3.81041390311146,1.19649196728511,6.62008872779047,4.87632395207321,6.96925731682489,0.103898105309566,0.0433163330297945,168.378378378378,48.4491095204648,39.4830137332375,189.615849193772,20.3892829606816,PASS
3.72793901253614,1.14320835979415,7.4055336803586,4.87241188737918,5.35712856329894,0.13693047620598,0.072251489054135,193.243243243243,50.5157600534937,52.6884427247379,153.977378901582,19.1783250753439,PASS
5.73287982902381,0.878582546595989,6.09933255080113,4.47269792845562,5.0158720405286,0.152089900216861,0.09467561259163,186.216216216216,48.9218934566448,51.4124647333323,133.000538654161,19.4365691542431,PASS
5.32289903856615,0.976391232109822,7.95740497395963,4.41916718448269,6.02627585268026,0.136766552995735,0.0723624732258569,183.243243243243,49.3409976343273,49.3335955365393,165.75779604964,19.8008697067404,PASS
4.95422340900274,1.01832021910094,6.72164396629441,4.46384047432465,5.68797815932655,0.148249002548375,0.088384736736554,182.702702702703,49.2791967845185,47.8751782276053,155.203486405789,19.6667825918006,PASS
3.56062452999073,1.16865426574693,7.06467517258771,3.45499795171886,5.31022475458789,0.113700198170377,0.0516360321492827,192.972972972973,50.5812283072628,51.8307952651638,151.882132216389,19.1153179738081,PASS
4.78036921917231,0.951961175608328,6.82275351360443,4.88564707301423,5.3049248789224,0.104705053449539,0.0470228110293415,188.648648648649,49.6493729610196,51.3477287233879,146.019884536165,19.3871265545804,PASS
3.51552939462377,1.28756348577511,7.65194809298755,4.45458095334973,6.67005785367127,0.148855109194544,0.0792422414905082,178.108108108108,49.5955406718439,43.8747025964986,190.59217504246,19.9520595182286,PASS
5.809093318019,1.03070843135085,6.2592740187303,3.39476850054512,6.87378833017203,0.145656569058864,0.0888352948195484,164.594594594595,47.4709815967287,39.1874108149804,176.790500973609,20.6649166513433,PASS
5.22858522395645,1.04858810399388,8.70346190175402,3.97503543545439,6.53975767901816,0.150369904723425,0.0818339229045474,180.810810810811,49.2355261539302,47.8062120334434,181.108459302635,20.0203709979947,PASS
3.5129501670484,1.31229153514967,9.69380824842559,3.15994268268823,6.94256393556613,0.15919911793107,0.0813700460103849,183.783783783784,50.1899520888182,47.3237370009487,204.5037630018,19.8506891868685,PASS
5.66715699140296,0.991116649137409,6.83579573593319,4.20500136415788,6.34248573091728,0.159108263124875,0.0986870297182542,173.783783783784,48.385932883246,43.8859721409355,168.444544730563,20.2047527854148,PASS
3.73813995909063,1.29259191846956,6.93196381469584,3.4644482974212,6.70018174054789,0.151865078157067,0.0866018760855009,173.783783783784,49.1806306530939,41.6974693863565,187.323237068077,20.0728227660335,PASS
5.5976896672965,0.949515062564896,6.61468351553743,4.07502508362129,6.3049042514447,0.123569838827905,0.0664151640503876,172.972972972973,48.3310604829826,43.4177608099204,166.504188000294,20.1955152995922,PASS
5.33046393889202,1.01577940458826,7.71375154084446,3.49149578968231,6.82077315864576,0.104600268525676,0.0431963859179398,173.243243243243,48.5361118152618,43.4731416298274,183.367879350157,20.3196298526461,PASS
4.04266992638498,1.08688051659845,6.30917928595276,3.40009230108338,5.14468989733661,0.103810270455269,0.0470507504287289,190.27027027027,50.0126077640743,50.6382178854081,142.848097900367,19.1767292208,PASS
4.24091554390541,1.09987180097069,9.91388382001249,4.61308473410048,6.23463436949291,0.122671385822174,0.0501139404342997,191.081081081081,50.3566388791741,52.9158466575409,180.919893297982,19.5713969789078,PASS
5.29443264591455,1.00339324420195,6.52865685640741,3.52830052515781,5.60343115409794,0.142645304652829,0.0834389080425436,182.162162162162,49.1203399266549,47.8880690479512,150.768722936481,19.6612471887288,PASS
4.4486966652306,1.02420511571979,7.55706407112417,4.88892059900533,5.50413406638757,0.115809933955133,0.0537037761661426,190.27027027027,50.0402609489958,52.07097081921,154.851699578095,19.3770842083541,PASS
5.78978113874403,0.980048251813968,7.09975097913414,3.5930687190345,5.91628597989602,0.156730313181187,0.0938088361051792,179.72972972973,48.8833359175964,47.559504450148,158.476199282733,19.8793425204504,PASS
5.76515183389961,1.00013106798538,8.4568565874968,3.02649468205035,5.91042833822827,0.139760760769086,0.0701461537791499,185.945945945946,49.4607568225318,51.728361173373,161.620417779804,19.7041887679501,PASS
5.43391898079575,0.93920433912528,9.36524862053945,4.36729323173062,6.07268916021511,0.109045777274175,0.0402893108919454,187.837837837838,49.6780129542981,52.9930598907409,169.397340770087,19.7130108168916,PASS
4.54059728242395,1.07365533317468,6.23296593460005,4.85921907685167,6.51046862417309,0.117993009045114,0.0615105879268035,170.540540540541,48.3652011009984,40.8750360175974,174.128178479889,20.2543456863423,PASS
4.44879018443816,1.18415075679462,7.75299266893749,3.06080559514827,6.79071176428039,0.135358306010516,0.0699834823898912,175.675675675676,49.123749274375,43.5627950791511,188.045454184484,20.1217092388378,PASS
3.56046146856543,1.17146937884663,6.84118225360705,4.35789070217655,5.88563467101761,0.102600809537738,0.0409065524149973,183.783783783784,49.9484050693943,46.527462355955,166.30881371507,19.5409804015871,PASS
4.57357293562513,1.04916777853442,6.78770358264374,3.79224899518683,6.06250886194634,0.100079805209501,0.0420110861499422,179.189189189189,49.2212601511515,45.3121495191988,165.535656734753,19.8190762207982,PASS
5.60739124907364,0.924752372522205,6.90930966009504,4.43602855317906,5.74207107133634,0.138731528307827,0.0788117002801673,181.351351351351,48.9644425712264,48.2289536659329,154.334761856267,19.7874724794923,PASS
4.69860510414105,0.998157419995376,6.31435998487087,3.13339357504584,4.82497477362398,0.0995412789506204,0.0435085227017493,193.243243243243,49.7739738710914,53.8730969686367,131.552274317355,19.0755388617406,PASS
3.80831234808953,1.21243169537178,6.74343698344527,3.47863776447391,6.69640770034413,0.10705238712923,0.0461411402653847,172.702702702703,48.9949363908343,41.1905868571553,184.424291581617,20.1127105697757,PASS
5.84182322982474,0.971048539652341,8.0572550708158,4.63102577794791,6.78651608966127,0.157977766163827,0.0929319373817435,173.783783783784,48.3827944916877,44.7265294025637,182.521197443897,20.3849301521281,PASS
5.22731964411695,1.08987266222996,9.42478430007461,3.19712884716738,6.54220369764359,0.156300347660663,0.0834798222571226,183.513513513514,49.5252215728748,49.6073661038079,182.824471291663,19.9223798596151,PASS
4.05866477472158,1.14839610247763,7.66443292590661,4.4289974163934,5.99833784114704,0.140450265789881,0.0747676812996345,185.405405405405,49.9614053605659,48.3963096074201,170.218839594101,19.6010115328326,PASS
4.02047688786442,1.19391370826423,8.61263655659514,3.9543465387544,6.77748957703757,0.130349938229738,0.0607129644434963,180.27027027027,49.615727515184,45.8365653669958,192.760108312875,19.9755113236865,PASS
5.52261351716394,1.01540935225934,8.54003604284375,3.74098828404274,6.29339739859145,0.152681478905982,0.0841756279893717,182.162162162162,49.2644347677082,49.0873693476604,173.050098156404,19.9215121064391,PASS
3.61680285322176,1.1476690374345,6.00074633245796,4.47899082847874,4.81247646224276,0.144367083807978,0.0859834651311516,194.324324324324,50.2196827926333,52.5003804981463,135.415435123469,18.9639606030302,PASS
5.46156364725953,1.00318667304587,6.48048573553045,3.35211192504724,5.7392656259116,0.143654351479978,0.0844545873024447,179.72972972973,48.9106885130585,46.7205232579684,153.320197308969,19.7784685880974,PASS
4.36650235498848,1.11483492665998,9.74500888113813,4.90868007275834,6.98295674740807,0.120644564053052,0.0487991613236578,181.621621621622,49.5103133251738,47.4486627531104,199.398184100036,20.0824453238688,PASS
4.86064345213697,1.03194466372903,6.79541307376128,4.64814166878801,6.29594848058109,0.126752414920608,0.0678806217410033,175.675675675676,48.7878781014867,43.9185029434447,170.455118739034,20.0573567628685,PASS
5.86384292192231,0.867357500225555,6.28190803756354,3.52923904903423,5.05506419058089,0.110231996185761,0.0526578001606776,186.486486486486,48.9659425811899,51.7652642317357,133.483940635241,19.4317010119875,PASS
5.16903367173274,1.00521628375248,6.66273661872244,4.9118681565713,6.50044016209941,0.135770570625004,0.0777663112276589,171.891891891892,48.3174475909779,42.3558461802443,173.400560411726,20.2829809588768,PASS
3.95734929476216,1.07979207111206,6.82260785032689,3.76019206143703,4.99416610758669,0.104013200963484,0.0450782622506577,195.405405405405,50.3602785197416,54.0262713570717,140.533231725958,19.0220676397636,PASS
4.57846045342688,0.994937455923557,6.72467720288716,4.43755780137143,5.45393405430996,0.100410257612538,0.0429564835708059,186.486486486486,49.6418166684624,49.6633104101044,150.201975083187,19.4487559459519,PASS
5.8739185693769,1.00363775690424,7.15196211059085,3.52946876780296,6.79696816573168,0.142224610534642,0.081144758518901,169.72972972973,48.0336696521176,42.1698664303279,178.789545954965,20.4777337302144,PASS
4.44801951958548,1.07185229361284,8.7537921413043,4.31769489271827,5.70064584199993,0.137641431489757,0.0692286773828283,192.972972972973,50.3525827304617,54.1017295426008,162.989140870356,19.3707467710025,PASS
5.61223598207234,0.885858624779027,7.0937343469644,3.84912544676132,5.10486779193337,0.106744846070397,0.0460867653970366,190.27027027027,49.4418003374603,54.3453460581494,137.774264397682,19.341536367726,PASS
4.34240391359863,1.11148378386864,7.60490814035001,4.01146913985943,5.89892564229316,0.137701857965453,0.0733245288741861,185.675675675676,49.8861920756337,48.9927323551148,165.883719656046,19.5788584721576,PASS
3.58439874378245,1.17576963437703,9.10590487595279,4.91973317731968,5.92305601806999,0.126544446171256,0.0543639947375834,193.513513513514,50.7669283792781,53.0712298258245,174.382047377082,19.3445685708074,PASS
3.75482237578452,1.16770590373035,7.94078644591048,4.52045526321399,5.75019761587258,0.137366839501207,0.070013240302881,190.540540540541,50.4464623054359,51.0760506853734,165.944053510279,19.3646127526756,PASS
5.17115299300473,0.975347177105871,6.85425188795456,4.24252485725965,6.58982229324058,0.098343637310252,0.0416989594785755,171.891891891892,48.3632282929408,42.3851841942671,175.499088743626,20.2902626911125,PASS
4.74849793103549,1.03440554456171,6.89192815247395,4.8558318060555,5.71700861785522,0.147152505368007,0.0864276836775763,183.513513513514,49.4320878988727,48.1998863029943,157.510471116652,19.6408895790919,PASS
4.08908382041247,1.17814093699252,6.99811383693408,4.28787103195174,6.90971794515747,0.116457064561586,0.0546825409143408,170.810810810811,48.658076020564,40.8613279840646,188.961031767912,20.3065789939315,PASS
4.29425124345272,1.19366668933836,7.93806654621964,3.22544808194682,6.30330143134025,0.158722134130365,0.0909919617029313,182.432432432432,49.7744344580874,47.0623569148742,177.965641758581,19.762456963255,PASS
5.83815666668484,0.92225620997172,7.87389669231686,4.60107227632773,6.2426285459609,0.141873805342149,0.0778717837338802,179.189189189189,48.8356718358566,47.662571569259,168.792778082612,20.0434459989904,PASS
4.48320303122411,1.11182557885659,8.60657231936776,3.2504441565175,5.65475374653934,0.145998903556103,0.0771879481018972,192.972972972973,50.3950973426774,54.0218682637416,161.030241385173,19.3289625528198,PASS
4.03920480644994,1.12951591711626,9.17272102784822,4.98232764513883,5.90007399946484,0.147532443017485,0.0758101695523219,192.972972972973,50.5410095757336,53.5551750425861,171.91209027288,19.4040235112492,PASS
3.93874257574073,1.18670007100236,8.45781635454892,4.94877042281472,6.59592594351781,0.139982720066615,0.0699612717810787,181.621621621622,49.7271387375112,46.5778132267321,188.773158356804,19.8940706057971,PASS
4.23694934304767,1.17340545297698,9.26191190526344,3.80079530434092,6.54686386096739,0.150368763961045,0.0778903227991701,185.135135135135,49.967791760215,48.983374417852,187.891257997809,19.7940903459888,PASS
4.428512452228,1.10314757033804,8.37090764444106,3.86059229952866,5.59398581786151,0.156216375291169,0.0880791091790432,192.972972972973,50.3553806772836,53.847577062218,159.412921993427,19.3230055460735,PASS
4.58823203466013,1.12616838078286,6.99070003205862,3.57947429968476,6.39789619109983,0.135547623134657,0.0741148184154297,176.216216216216,49.0288921057095,43.7835512269361,174.96406447805,20.0100352033613,PASS
3.64162353672512,1.16054494172958,6.28373232246905,4.74432582393138,5.00046002228328,0.152416009512473,0.091902766300738,192.972972972973,50.2641437924804,51.8359863485443,141.542379776592,19.0606255773138,PASS
3.84262169964462,1.1710293772563,9.32734349814353,4.63067248060405,6.02703991804497,0.148525588198222,0.0752674488370429,192.432432432432,50.6183073777976,52.8967473524731,176.618984847502,19.4258609041938,PASS
5.26666801065962,0.989209874633155,6.78001636965476,4.43190477158988,6.7125397578318,0.116205713193727,0.0590739041023535,169.72972972973,48.1313766325762,41.5088927783656,177.793751922375,20.4125598763213,PASS
5.65117987932062,0.951875157060001,9.37527029668324,4.41621033738717,6.51825631208281,0.128659153371468,0.0592177258978531,182.432432432432,49.2002071064282,49.7888789655015,180.158943001712,20.0270019436958,PASS
5.46104064841608,0.987480522454338,9.31902091121324,3.97413618379352,6.51686977643775,0.123140405372786,0.0538095874535042,182.702702702703,49.3138232668686,49.5975383020194,180.551306967452,19.9848188636483,PASS
3.65313751061626,1.24462586620133,7.74035671842152,3.59462327934451,5.98273490936166,0.159066318665405,0.0905696471315982,187.027027027027,50.3243946198375,48.6177137207023,172.655961347894,19.4849718280734,PASS
4.36366051817882,1.09913035815783,8.83656568889684,4.5330063521859,6.51833294065701,0.117013257723475,0.0488788146932031,183.243243243243,49.7206254023486,48.1392460465903,185.002253686111,19.8637074705365,PASS
4.1611450487008,1.18741892151676,7.53983665229641,3.44965937034024,6.10509548975007,0.15419322124033,0.0882970070501676,183.243243243243,49.8405052873381,47.241459262611,172.254170144842,19.6671652862198,PASS
4.03717561684853,1.16547958969148,8.4651913614875,3.86457935345849,6.08071390757445,0.141499356238574,0.0724701422046425,188.108108108108,50.2427294207853,50.1036332042681,174.594793030698,19.5471287746447,PASS
3.7561627560633,1.09397282997378,6.15498408035233,4.14683887713747,4.67355709842552,0.118515757717107,0.0617414427990349,197.027027027027,50.2611208232185,54.6192389317302,130.940268952399,18.8725956322652,PASS
4.04909105987787,1.12524480040776,7.95303738109258,4.4860724027063,5.46334902269681,0.152304294806551,0.0855464971695619,193.783783783784,50.4900314080017,53.6185016719852,156.847142241883,19.2347430877269,PASS
5.88418336545878,0.968459054595405,6.93765120256014,3.23855366368091,6.20665900551603,0.127672704970808,0.0671823620119892,175.405405405405,48.5298226441402,45.0551967116316,164.215051288007,20.0939475644084,PASS
5.93383500047898,0.944976426959784,7.35053903215223,4.42897084478617,6.85797414067137,0.138728336217104,0.0782293014084839,169.72972972973,47.9516646630393,42.4350283335348,180.768776532245,20.5396796280639,PASS
5.3960687244697,1.08577485489309,6.16418072725927,3.55221415038162,6.75754166858573,0.156441831832146,0.099009166044469,165.945945945946,47.7355049992539,39.4338937857798,175.874879097093,20.5358933447712,PASS
3.94173522805641,1.13867542029161,7.32281805775023,3.6356047136317,5.29226425537491,0.137384131713535,0.073984567839394,193.513513513514,50.4701192727377,52.9937255909871,150.647588677033,19.1481084343528,PASS
4.27638524749734,1.0721360934149,8.49691260653697,4.92652639444769,5.80804023282072,0.124463661384326,0.057468479653471,190.810810810811,50.2613043143842,52.4181541893061,166.318652124612,19.4461531961033,PASS
3.64725909240178,1.19968353431753,6.29994654445153,4.41014475810838,5.69985667861523,0.138928377373022,0.0778945429819596,182.972972972973,49.7858037892019,46.0665034313961,159.913683808634,19.5089402939966,PASS
5.6017331270483,0.973866029439375,6.07678479214863,3.21183911108583,6.61249596232182,0.101951652054775,0.0484728245655995,166.756756756757,47.7504518236563,39.9424016417639,170.565311892369,20.4643288662185,PASS
5.08912347095744,1.02021339255868,6.5796642757588,4.72636011608369,6.31590250328842,0.141213399765259,0.0828975546057584,173.783783783784,48.5218991479863,43.1746926378981,169.213541754579,20.1464153393664,PASS
4.04168699965058,1.19530792362429,6.30087052293719,3.73630884179976,6.82016721498117,0.11452505729703,0.0559970771189293,168.108108108108,48.4207426499577,39.304363315941,183.804708861544,20.3302722891301,PASS
5.58621055856119,0.940108680262483,6.14900097571634,4.00381640813739,6.20351445173233,0.120277533726954,0.0655704582837716,171.891891891892,48.1622075094349,42.5457916808129,162.194619806512,20.1955845121797,PASS
4.8078737995394,1.05871833422645,6.52799852960127,3.01517917993803,5.42672611304157,0.12811917360601,0.0692757958870414,185.675675675676,49.5565141003354,49.1710588927304,148.142671188318,19.4440645612958,PASS
4.61804082920429,1.11574071479515,6.38825096002711,4.95563029882358,6.67560071330068,0.144343405560595,0.0854656128514532,169.189189189189,48.2380288220168,40.4649511442443,178.696919319238,20.3623993525535,PASS
5.99434737661258,0.896278405699706,6.4259605337832,3.73308377719605,5.30509190864149,0.144505485529076,0.08474743852078,183.513513513514,48.8483933876609,50.1086062308183,140.184653896262,19.6039953456452,PASS
5.006886374229,1.08800045187541,8.86012716774088,3.45700934496139,6.55678532147082,0.141823229043567,0.0725419695447965,181.891891891892,49.4318509166757,48.0341707603574,182.771954964176,19.9578954393663,PASS
4.93912340903115,1.06906275564536,6.46505343130098,3.39044309958453,6.8422604412319,0.106165095015499,0.0499860803242952,167.567567567568,48.0672977889129,39.8053170661124,180.426651089518,20.4541498208363,PASS
4.79334782865844,0.991795347244212,6.87917366129181,4.19703046436604,5.24138566350064,0.12298778688171,0.063681005517968,189.72972972973,49.7492694646547,52.0989290735973,144.363422385855,19.3234970955004,PASS
4.31715935111087,1.11812920486367,8.31655614628815,3.51887779277622,6.08302415886919,0.120316530977734,0.0538111941098036,186.756756756757,50.0427515399844,49.7085441009424,172.342125941893,19.5988152738554,PASS
4.9323177070551,1.03997201363481,7.54263320180266,3.00523412258585,5.45969796598337,0.119976697295518,0.056782174230471,189.72972972973,49.9106158427403,52.4400606173561,151.04089035659,19.3737098591791,PASS
4.08614388115716,1.19232976622388,7.08284871732288,3.01190725323111,5.73434700268065,0.15445111076672,0.0906415014214281,186.216216216216,50.0515759757414,48.480392104939,161.753488890294,19.4520060249507,PASS
3.52113412653257,1.17377332851705,6.18823109521166,3.70694427494786,5.202578778463,0.120863780487585,0.0620734207729761,189.72972972973,50.2206049906831,49.5597801193597,146.697584856739,19.1514527025179,PASS
5.06427941638735,1.02017949825962,6.20804243847521,4.37124257679408,6.72496559591023,0.11680371305135,0.0619735332242386,167.027027027027,47.8625650539048,39.7168750012722,176.157107493625,20.4855567138641,PASS
5.87059083942072,0.916406763587021,7.43388724975617,4.23789699336436,6.00472969939079,0.13765415168655,0.0751724700932765,180,48.8616046936931,48.0139236407289,161.289521843872,19.9332229478107,PASS
3.7826668850676,1.17443383910148,6.33492905710747,4.21584741023118,5.28246329512565,0.15564859676625,0.0947652448526625,188.918918918919,50.0785372374519,49.506167360064,148.718106865004,19.2451812583106,PASS
4.07761366817638,1.08628144464859,8.05123069364923,4.85903314678591,5.71776786293853,0.114034448752525,0.0488793539028337,190.540540540541,50.291485865321,51.7653641019484,163.515735961913,19.3973091747875,PASS
5.35452020277304,0.969842324858957,6.73397644413996,3.25815021774171,5.43015666586035,0.116001641029575,0.0567807596362693,185.135135135135,49.3181915125912,50.010316443706,146.401662628126,19.5229079053954,PASS
3.83527487112794,1.23513582834929,6.23128797544589,4.05615631348547,6.93272482421178,0.118350077470691,0.0588766122048431,166.756756756757,48.3133466552,38.5226111844261,187.09432893307,20.4048643067841,PASS
5.64217606578664,0.973226369653663,7.60217052168059,4.08018253321157,6.83251544330183,0.122208822775135,0.0610496618288807,171.891891891892,48.2649431465073,43.1916228987214,182.168973973472,20.4218394004067,PASS
3.54124939767605,1.25847755631221,8.22532824912248,3.90497261205541,6.26216157591078,0.152276821001701,0.0812214868186527,185.675675675676,50.2903948850707,48.0248754531013,181.973914628633,19.6019811961085,PASS
4.05877659848925,1.15114296925899,8.37182255902926,3.69312591760014,6.05428879771081,0.127741132201438,0.0600127909310259,187.837837837838,50.2270938118431,50.0318601036709,173.223454321421,19.53762300851,PASS
4.80807999198401,0.992025337786185,6.31627403527402,3.63063982250098,5.46435427722306,0.100107480058602,0.0444483426558374,183.783783783784,49.3477036201138,48.1278178606732,148.003233615088,19.5200645568071,PASS
5.29997377700802,0.952734157985926,7.35757225204919,4.30384199772773,5.18014330982906,0.149818544818659,0.0866893325259483,191.351351351351,49.6877096683179,54.5157380766476,142.156949040945,19.3225740589746,PASS
5.99228580522779,0.823881155623836,6.15970727238396,4.46228058388871,5.00542102859193,0.133649938563985,0.0764164025258689,185.945945945946,48.8004255254313,51.8117452705129,131.842462056482,19.4647921847445,PASS
4.34369953300664,1.1561385824935,8.46478538501729,4.45439323876397,6.6735518482768,0.14975927858394,0.0806683762456624,180,49.4613580742503,46.1751890063977,188.476513980146,19.9980506482331,PASS
5.50252447702828,0.958619544496252,6.32447927397073,3.41908601711409,5.91204168254126,0.112838465756847,0.0566210972436855,176.486486486486,48.6395136891216,44.9733361986231,156.375121818689,19.9265716913505,PASS
3.94286852433175,1.21911804845413,9.66070817372914,3.71955692663183,6.83197980473879,0.14346574266175,0.0687045146060984,184.054054054054,49.9728331868551,48.0451982128723,197.811097227519,19.8818291460362,PASS
4.25368101289098,1.04566139899136,6.04571688346043,4.5573912362673,5.51728518755802,0.106364788109052,0.0509607029993572,182.702702702703,49.3917118846083,46.6477274570445,150.887672945563,19.5315278290978,PASS
5.22821725658451,1.03159726281764,7.14596230890726,4.08740839146509,6.82233729757132,0.126238944277446,0.0664257027097581,170.540540540541,48.2680293503085,41.9266639855052,182.102901582595,20.4107255483278,PASS
3.72484961685119,1.13423660777928,7.57954874811019,4.69619715227209,5.24508670847743,0.132959577362457,0.0681216353110768,195.945945945946,50.6594491122641,54.3124669616869,151.16155109471,19.0868045762321,PASS
3.9438215586454,1.13141338596124,8.18353168238622,4.84328817338292,5.67459579711987,0.140459491607371,0.072801413388993,192.162162162162,50.4644650496981,52.5007698072713,163.721777966122,19.3344851929642,PASS
3.81227215169726,1.19546588146467,7.11309575274158,3.93890277644828,6.37317066911609,0.119180946869988,0.0559087389599122,178.378378378378,49.5071664892719,44.167272638302,178.534428066244,19.8575553020093,PASS
4.52374764139528,1.10008443502919,8.54374542245678,4.4658709473203,6.02013324538882,0.158910339559627,0.089918816770438,187.837837837838,50.0066879586006,50.9149821310076,171.181502940264,19.6032136702748,PASS
3.63708825030953,1.18040568444317,8.04542460827964,3.15945927377387,5.51975052724654,0.118742940036421,0.0524425366488895,194.594594594595,50.8131964073127,53.2607254725967,159.840998972341,19.1503298714824,PASS
5.27563561537383,1.02617395739258,6.49955148017902,3.85509233245407,5.99249118261768,0.152212090108999,0.0930953307558542,177.027027027027,48.7685323393673,44.9889461002254,160.456295044403,19.9349537612091,PASS
4.7339947724658,1.10603153004861,6.03396519081394,3.07902414786996,5.8400606014556,0.140270347592026,0.0830981614733035,177.567567567568,48.9960548355446,44.3014871142123,157.303405645872,19.7761018838189,PASS
4.58553068721727,1.07926883709916,7.34887738318273,3.15361517364173,5.36644664068012,0.133118625116589,0.0703526598499763,191.081081081081,50.0857434295698,52.5382271022868,149.744343070755,19.2830457093407,PASS
4.72681059205973,1.0617419398248,6.49625603150165,4.24154830729315,6.59503847402601,0.113666573246897,0.0566660713359957,170.810810810811,48.388378083498,41.2164654302799,176.26703217032,20.2761361643773,PASS
3.92300332879562,1.14638738416096,6.57229446450081,3.47426021682279,5.71055020199809,0.114162863092144,0.0546959510637969,184.054054054054,49.8275145531619,46.9425448617238,159.290753545803,19.4914580861849,PASS
4.68995063514268,1.09376047674859,8.63517951555508,4.89693279628806,6.78046877131256,0.143811820391639,0.075644117775983,178.918918918919,49.1940161055119,46.0452585974789,189.863062842384,20.122877179755,PASS
4.9092755736026,1.0030644117476,7.86288015993385,4.85152794436966,6.13659427975371,0.121871563553368,0.0587819810026008,182.432432432432,49.4059211815391,48.1881306030429,170.162798940422,19.8255615231727,PASS
4.57427531248437,1.1304238448934,6.45020226485069,3.14871850483104,6.39222158085289,0.123664665277614,0.0653093706176485,173.513513513514,48.7844089230763,42.1517448655837,172.557853499815,20.0647427690022,PASS
5.22229862755964,1.03978470614908,8.00503515626218,4.35674291760761,6.45524497843588,0.156153691509606,0.0904553788346121,178.648648648649,49.0403238876932,46.488641434059,177.263825395935,20.0552507780196,PASS
4.64421531649437,1.06840264020813,7.83950705329503,3.22893116162624,5.40185619212029,0.131108720298297,0.0663951931490642,192.702702702703,50.2022518665412,53.890064256979,151.519706176081,19.2702282251316,PASS
4.75207475839901,1.11990690336262,6.08325493247634,3.33888821356017,6.51943954155973,0.130864424453747,0.0742872831495265,169.459459459459,48.3052975151043,40.3286036364885,172.922779207551,20.257369578764,PASS
5.03562524673884,1.10080087183227,6.83179281765974,3.12873617851517,6.91681958511216,0.121125274647737,0.0620700300352285,168.648648648649,48.1903941369343,40.4702175865552,183.752360256914,20.4466169629235,PASS
5.3176886714811,1.08043444668474,8.31499680405653,3.41049318037725,6.81434053759023,0.148297748185405,0.0811365283255134,175.945945945946,48.8268479101849,45.0832942568994,186.060078156728,20.2343397936323,PASS
5.78088035718324,0.833311412641012,6.91015083960183,4.95759585858447,5.03597113014441,0.128222934638195,0.0681492334944405,189.72972972973,49.2514499544801,54.418012671703,135.520593266072,19.3747659493799,PASS
4.39349622684595,1.14243537094071,7.44445443215695,3.80583681239984,6.47117958700441,0.133501290051347,0.0697960406480453,177.837837837838,49.2657744437679,44.6295383201889,179.360861141031,19.9733536365408,PASS
4.27348387497683,1.08906449820939,7.22826804083236,4.86212253296922,5.36910300364433,0.156759251239012,0.093330656419967,191.081081081081,50.116995759907,52.097784002231,151.59709752314,19.296560187514,PASS
4.99617604687473,1.00746170418418,7.02110460216274,3.67642107689255,5.31733680849279,0.135657572521898,0.0746078613124119,188.918918918919,49.6946799026569,51.9492065722275,145.93670026955,19.3737150893316,PASS
5.11681674825524,1.0514553155029,6.48672327033194,4.89840701775001,6.83852246765309,0.144839246357242,0.0870254926723585,167.027027027027,47.8552902027345,39.9840719778706,180.341926763489,20.5468571011593,PASS
5.22383962130502,1.05269039610596,6.92646092888576,3.52957891823573,6.1817722042151,0.147444665347737,0.0863155257332144,177.027027027027,48.8771738552562,45.0714943082345,166.740273453562,19.9797796451515,PASS
3.80083193998171,1.19948619088523,8.02527858436838,4.39782214896752,6.52860405024953,0.126275434269295,0.0584232623893007,180.810810810811,49.7343379252586,45.7980892016648,185.955269210526,19.8585454141357,PASS
5.43275153855602,0.904481494863579,6.47907283402532,4.65346707070784,6.02846437579505,0.106557960635861,0.0513043128456521,175.945945945946,48.5571080801557,44.743385988584,160.174561122819,20.0184479339164,PASS
4.30481960402798,1.20294673790256,6.7706154738656,4.44291082848948,6.83656210664818,0.154823829703011,0.0921453902489934,170.27027027027,48.5062494741546,40.6515793916286,185.999697413473,20.3364151219879,PASS
5.25605479789009,0.979304962975003,6.56140639512253,4.02791557182067,5.90447287399359,0.127259697309023,0.0695131497374093,178.378378378378,48.8654626723797,45.8011333694978,158.343035256167,19.8696377687486,PASS
5.5040818764829,0.96423847629477,9.11550143840719,4.34766984106618,6.38049008592803,0.127303250142575,0.0588145967323148,183.243243243243,49.3292670024374,50.042087414684,176.705782139667,19.937491759535,PASS
4.24269549685577,1.1957057072991,7.02187867781279,3.35209146946523,6.56774811018798,0.138730821780359,0.075930769336626,174.864864864865,49.090727095144,42.7897951918769,181.082464537276,20.0508248966908,PASS
5.86903284330177,0.90310180437109,6.03889940726326,3.66966960867906,4.99991232411523,0.151561841640506,0.0932614655796187,185.945945945946,48.8585911226537,51.3143941604893,131.725777183567,19.4320029578169,PASS
5.39017480556278,0.994771204022045,8.36277247327687,4.31557513822682,6.54473096734512,0.133237164642244,0.067684732120317,178.918918918919,48.9935738908656,46.9184758993002,179.396521983331,20.099871580906,PASS
3.83942674974602,1.22998496494417,8.22202848882943,3.01321710763616,6.64232507058955,0.122911337684095,0.0548199283694131,180.810810810811,49.8093765389191,45.564562955278,189.249171805694,19.8603942943518,PASS
5.26831276172269,1.08540937544808,6.16881013249517,3.02589738605481,6.97201046701123,0.123001138095478,0.0673990654166792,163.783783783784,47.6100303302823,38.3308121526213,180.624436029602,20.6387254499001,PASS
5.74834929769094,0.817823978212895,6.23575557691018,4.94722542769521,4.84570181779765,0.126657692023275,0.0700462405477706,189.189189189189,49.0147717831725,53.6540743279345,128.846314533861,19.3242156615637,PASS
4.38958446690131,1.10381141004213,7.08789153400399,3.51368024601718,6.08886928801762,0.113172028597336,0.0524001985621084,180.810810810811,49.4885994341926,46.026764744907,168.343199318709,19.7537390006013,PASS
4.32675379265221,1.1388821820478,6.52243561415727,4.34719116125258,6.58846352314188,0.126398196967406,0.0671093355267127,171.621621621622,48.6201950282938,41.2652434536915,178.462338979769,20.2022382405243,PASS
5.79592140608522,0.911655812782737,9.44389501202157,4.36891452863272,5.92552900375299,0.128786888047977,0.05765352945518,188.918918918919,49.603997728235,54.4880738560762,164.21380111145,19.6778747507626,PASS
4.67400539801599,1.1098716808977,7.09665688401079,4.80307195570601,6.7481649277254,0.144393022586145,0.0824518904167889,172.162162162162,48.5556117777421,42.1252764917542,183.387977510648,20.2990293515038,PASS
5.74026960387094,0.974619082447328,6.87001162035793,3.46387974137886,5.94248184908744,0.141730130216831,0.0808069012556055,178.648648648649,48.787793718398,46.6163026360429,158.41566592504,19.9125133172989,PASS
4.03284671001111,1.25088648948859,6.0108586743008,3.29500389548655,6.53615826383302,0.147105074159997,0.0877285225471361,170,48.6469447812703,39.8851474308456,177.246807443775,20.1559456834283,PASS
4.79164095513114,1.11770872916626,7.19476747506665,3.31834720934548,6.41056694919235,0.139869498966628,0.0774457495475143,176.756756756757,49.0468723282528,44.333843371893,175.152833278894,20.0133161895412,PASS
4.67038960963433,1.12364696550332,9.82872785471628,3.69922574236261,6.98878351920094,0.131967128299931,0.0594631719172752,181.351351351351,49.4556794213196,47.6207271346126,197.62158096533,20.0895442864363,PASS
5.45323445060384,0.950609112587399,8.62622782488108,4.8743944043066,6.57543979331175,0.120157005575703,0.0549332514690287,179.459459459459,48.9862851027422,47.4523539063447,180.761856902274,20.119462898142,PASS
4.73232864715307,1.02314669072621,6.83718753755051,4.7158981112422,5.53737831096707,0.142162164069552,0.0819919708866457,185.675675675676,49.5547200005453,49.4167203060567,152.682701722789,19.5231957943055,PASS
5.60175535402978,0.999367085385394,7.28592999596861,3.02455334374026,5.43395486831808,0.147579334365329,0.0829360557314575,187.297297297297,49.4503741450581,51.9478173106394,147.286936003943,19.4963738082706,PASS
4.59565231220962,1.08341946738455,6.61162160890134,4.17702559280208,6.62864642220359,0.112705300627813,0.0548355997097838,171.081081081081,48.4902582383945,41.348532938258,178.16175357608,20.2550864937011,PASS
5.35948862693547,1.04413814886567,8.52298709749231,3.3288687256544,6.00223979162516,0.156740517575678,0.0873372599096031,185.945945945946,49.621074600447,51.1280789377549,166.237916699358,19.6981743216055,PASS
5.56697325343146,1.06076019179737,9.14933335415263,3.25787885434108,6.99248775730205,0.142940584357206,0.0725290549977176,177.027027027027,48.8199127623016,46.1542330256747,191.341111134612,20.2940734970274,PASS
3.63762522202786,1.26957902890158,7.68465547112881,4.07379102438914,6.4062327236368,0.159580438575268,0.0902986500851712,181.351351351351,49.8616538340458,45.5809823773852,183.613459430887,19.7797390494002,PASS
5.56287990928606,0.99433746509847,7.39024860757436,4.40273608650167,6.85392822953279,0.138625870626325,0.0775934588441524,170.810810810811,48.1635058048926,42.4985231249274,182.526772439587,20.4663269035446,PASS
4.47680752501028,1.09280038746351,9.75659511538855,4.78333241463108,6.38908548120594,0.141588370469122,0.0689558801575171,188.108108108108,50.0482904900152,51.4240239371994,183.92837309755,19.7234736019594,PASS
5.25620976023613,0.937806644391207,6.0980648373209,3.48970977421055,5.39460229127787,0.0998318965058066,0.0452060145719967,182.432432432432,49.0248525585767,47.9665963559366,143.732153913563,19.5738748226673,PASS
3.90991003810171,1.18059351178382,8.24341834594009,4.28240085954634,5.93908338787296,0.155169926763113,0.0858785976910531,189.189189189189,50.3372639437867,50.5246598813353,171.300858305329,19.4719962370303,PASS
5.01204287856188,0.931592020762886,6.39403423212518,4.28190505374496,5.20772584900175,0.103882393794509,0.0480965924887875,187.027027027027,49.3903853357604,50.6506770858708,141.05976444386,19.3983126447257,PASS
4.73960913083168,1.09136539988211,7.33604545655894,3.13814473884484,6.17085926277731,0.120300644710007,0.0582842493178399,180.27027027027,49.3798384274727,46.2804053104401,169.71685112275,19.8196395146172,PASS
4.34015259145639,1.1461337914456,6.76588728537014,3.4293314556956,6.65862672857334,0.112172150254284,0.0526562162640239,172.432432432432,48.7652048646243,41.5550798684628,180.878193800069,20.1727449560108,PASS
5.24821828818403,1.0901569947541,6.86491170256357,3.14341040922996,6.95765181349505,0.129259454340942,0.0697925870611729,167.837837837838,48.0588563955168,40.3900263751351,183.915003036501,20.507412842058,PASS
4.68064838508965,1.08548569030532,9.00769035292967,4.72564876664677,6.39602854008338,0.153554380200518,0.0833460741243111,184.864864864865,49.7212319425872,49.4891465138709,181.4354638558,19.8289373033059,PASS
3.77136704720477,1.26730518240629,7.30358019707019,4.94154346273401,6.92263287907075,0.149885269608171,0.0825625654992719,172.702702702703,48.9414262827386,41.5946401618733,193.507675337964,20.2373534200532,PASS
4.03271236086357,1.12706023383949,6.38285985086566,4.04985937454787,6.10219284634916,0.106009950601158,0.0479463775207468,177.297297297297,49.233378507114,43.6587763527644,167.523442410277,19.8231122832048,PASS
4.18618398133403,1.15711807204292,7.2522304078946,3.89074463926269,6.01176473629943,0.146686767121168,0.0826778144555426,182.972972972973,49.7403106501414,47.0451301724739,168.629967118495,19.6622802969315,PASS
4.90949103340796,0.982322101210496,6.43597934236652,3.51541878675134,5.32172034849394,0.102528798560213,0.0460504611919871,186.216216216216,49.4589182857278,49.7616136767786,144.346699072999,19.4245309785483,PASS
4.4791679259353,1.07138163549385,6.09776654221332,3.79394858134276,5.89662974304721,0.114244340913128,0.058341792492712,177.567567567568,49.0376645891643,44.1267783473191,159.455022963464,19.7930873297517,PASS
5.20482650555351,1.00324150080689,8.4423011440388,4.61479259848605,6.75364035944646,0.121888311130727,0.0570023263295001,177.297297297297,48.8874288125321,45.8039343614606,185.536337027153,20.2065775452124,PASS
4.37246487346458,1.19282212624623,9.551309151858,3.4753918331952,6.85662935079617,0.158570057374616,0.0845218090018229,182.432432432432,49.7066579409581,47.7086572982843,195.89673676804,19.9721586229233,PASS
5.44573294758835,1.04395675980303,6.14465380469641,3.2204477806223,6.13983932820823,0.148247583540734,0.0907030986850687,172.972972972973,48.3911659862985,42.8616600419636,161.782321351377,20.092165281954,PASS
5.34040714586807,0.983553604074872,8.15754066019732,3.72450421286403,6.04585317964857,0.117327198302923,0.052511970406616,184.054054054054,49.4285590482369,49.752534427909,166.173008914184,19.7723612858843,PASS
5.18419327102486,1.01863401175711,7.7612327204978,3.60908244813742,6.30247898543996,0.117050345518294,0.0541478923240274,179.72972972973,49.150275909463,46.7614717937359,172.158007880497,19.9498954676579,PASS
4.35208829520647,1.0798133426572,6.57258807001638,4.23766627452153,5.04062834110863,0.159816602035565,0.0995276321433326,192.162162162162,49.9914169031497,52.7260765670015,140.357168608016,19.158258360093,PASS
5.39541306747768,0.948831048933347,7.28599149085542,3.77176769569732,5.20529818515675,0.132960778923168,0.0704062081203214,190.540540540541,49.6149611278599,54.0204430684358,141.950783801418,19.3459929109032,PASS
3.81012327795234,1.09593226254386,6.46393828371281,4.35657134433941,5.30152408579595,0.0996777775172953,0.0416273513798517,189.189189189189,50.0658949785056,49.8342246320253,148.565348248794,19.250049979885,PASS
5.91010013543061,0.878034881764701,6.23610243412228,4.34989995883275,6.97689913830736,0.0978165419043836,0.0460384477830992,162.702702702703,47.1687300152806,38.672518087648,177.546088507524,20.8107976057082,PASS
3.92878307912035,1.22776683447629,7.62951902480511,4.25204366066797,6.92056660124467,0.135788450405125,0.069149588444985,174.324324324324,49.0751087173316,42.4749111946219,193.431000566,20.1893937373824,PASS
5.98820843046516,0.909083979572438,7.70744640770786,4.4701223187607,6.26591607343474,0.140709583161455,0.0773638311641277,177.837837837838,48.6766720012547,47.0467892896716,168.130703848433,20.0997561332651,PASS
3.59010085684843,1.23121990275511,8.36728054115274,3.14628765830281,5.77711835142546,0.148938167314519,0.0790027503063708,192.702702702703,50.7947932419182,52.0553717942527,168.80441992414,19.2682147660357,PASS
5.82894707442412,1.00103880146793,6.63721105081332,3.22695863297896,6.31469039441348,0.142137260136203,0.0825189076501962,172.702702702703,48.3070008574224,43.4296216535866,166.074739217285,20.2005299326976,PASS
5.23438183663193,0.999889886183959,8.74830800927553,4.10101221853759,6.65395199190761,0.110320308924187,0.0444428661151608,179.459459459459,49.1133401530824,47.1939746224101,183.467227319885,20.0946545416134,PASS
3.63384645621998,1.24432754104726,9.19223203765022,3.54192712220645,6.40403438995872,0.146100228992863,0.0721892977026404,187.837837837838,50.4517840088586,49.6404492135845,187.483490068888,19.5988194522922,PASS
5.22739112002822,1.02290756616684,6.50651405824139,3.84065459645366,6.25147085908062,0.134890442167335,0.0769577482235846,174.054054054054,48.5458808281254,43.3294174084718,166.560058815273,20.1026783169408,PASS
4.79106530513484,1.10071733251637,7.84577003893387,4.69379520050763,6.58856628760331,0.159669195602548,0.0938134981702243,177.297297297297,49.04889678767,45.1439043566749,182.260133581561,20.1009541562082,PASS
5.50936029513914,1.00437529334671,6.17563843818879,3.4266495930629,5.73578718696357,0.152174245306529,0.0941300537590043,178.108108108108,48.7176004644955,45.6964899999803,152.058686276527,19.830883203135,PASS
4.90184905376185,1.01805225864886,6.60765371210826,3.7038967593043,5.67081916403748,0.121305106959265,0.0631087494849363,182.432432432432,49.3061431325439,47.5734283444104,154.102578877806,19.6356551066259,PASS
4.86043412362567,1.11471955558457,9.73277339401999,3.09363088475452,6.40053278336349,0.147307909393816,0.0737451878838304,187.297297297297,49.9395306555698,51.2943572524669,181.518644341723,19.7427205958918,PASS
5.04319858992361,1.09930877218541,8.03277471927443,3.17888468514589,6.48082246963871,0.142954684475372,0.0767545509407873,179.189189189189,49.2213231202314,46.3121231467011,178.452102436046,19.9919989055075,PASS
4.63554360584964,1.06923219336864,6.81520934696817,3.99108230474224,6.68428687786448,0.101569575592243,0.0436002780657486,171.621621621622,48.5463558538727,41.6357463214135,179.914873726729,20.2598321201848,PASS
4.62443635170022,1.0824648232653,8.8992143976714,3.85342253266696,6.14309649897447,0.131758098739311,0.062908052332161,187.567567567568,49.9867077710093,50.9769569938925,174.084939173852,19.644591111191,PASS
3.53827163108359,1.17391733773276,6.01608515261227,4.68318780883531,5.61813546014912,0.115188305380407,0.056513089113091,182.432432432432,49.7002170449716,45.6450882563635,156.738205113436,19.4863596725141,PASS
3.91722254064914,1.27148966460995,7.51042725788263,3.10805429868783,6.71902640292623,0.152940603363892,0.0859009515728595,176.216216216216,49.391001035961,43.219614453906,189.161489405156,20.016217064777,PASS
4.50454414250401,1.07369267967934,6.34646219691856,3.00375434630151,4.99916974657896,0.131920883010189,0.0738658106399152,191.351351351351,49.8827810364583,52.2204406289185,137.570807214269,19.1433221339881,PASS
4.91858100243864,1.04854436317549,6.57907988504373,3.40792774447545,6.1667950018544,0.115260724224118,0.0575168314433729,176.216216216216,48.8645503452829,44.0138152290563,165.943128431086,19.9620008454059,PASS
4.69338533866303,1.0505720835468,7.56442527953801,4.66101045685529,6.09583846511785,0.132974336361612,0.0699366357962083,182.162162162162,49.449799544775,47.5398304567814,169.265457651066,19.7914855621843,PASS
3.79364722787211,1.28663121917163,6.46128512044416,4.22986307991973,6.67739301547265,0.158513544742834,0.0948677789230583,171.081081081081,48.8086301471446,40.5005184295695,184.089759283779,20.1784735661664,PASS
5.91544720060319,0.923573572839061,8.86006951364715,4.51931358960731,5.95977805168499,0.159650389713103,0.0893120519993281,186.216216216216,49.3633831626083,52.5996941857727,163.864769349885,19.7725032712614,PASS
4.65849341963665,1.09730593741922,6.71650223133211,3.60122338577337,6.63676982670209,0.113343203694059,0.0548764322674926,171.621621621622,48.5701191016263,41.5971007131852,178.545253330806,20.2287313087494,PASS
5.63203077906513,1.07535610944567,9.19946612188956,3.0499925642699,6.95056746889484,0.151515701759022,0.0798327709467151,177.567567567568,48.8713964473518,46.5245105379246,190.299221430758,20.2634645996985,PASS
4.36033512337207,1.17694570467289,9.22095184497312,3.55209457037559,6.64381660298367,0.154310351465263,0.0819021501427727,183.783783783784,49.8161805220636,48.2547874139393,189.630465496884,19.8706697122335,PASS
4.6462517279215,1.10210384136033,6.0698780557029,3.7925529303883,6.19655784674997,0.135946147090633,0.0790606679320774,173.243243243243,48.6391077712761,42.1497377927968,166.025191125172,20.0347062471801,PASS
4.6062126185107,1.16475733210815,7.73986222781073,3.28916745361397,6.67074052027514,0.147605069778803,0.081925607068122,176.486486486486,49.1345433546196,44.2649829264065,184.456266149312,20.0820313808961,PASS
5.339040296904,0.888403688664109,6.09138102399493,4.79186341114592,5.87585258000543,0.0993762086642479,0.0464406238424268,175.675675675676,48.4986540163708,44.4486416676639,155.331500422904,19.962511422839,PASS
4.6852245108702,1.11683759768544,8.29320724022451,3.45643744720186,6.48943363536321,0.135294308863822,0.0683928133245879,181.081081081081,49.4730173189073,46.9088768832685,181.074887012521,19.9192653361652,PASS
4.3909345733362,1.11572555965334,9.3341588356511,4.92628048484838,6.8594890585877,0.128325615326428,0.0575777260061757,181.351351351351,49.5022937133752,47.2337744013947,195.228712565869,20.0486818705153,PASS
5.79366043466282,1.04128725632979,9.84132632916594,3.20375420631574,6.68999779147719,0.159179770044941,0.0839336148045283,182.162162162162,49.1963638179413,49.7597859040123,184.621214038099,20.0737030883586,PASS
5.30036253274501,0.970213975543895,7.04411555221711,3.89224682109873,6.41569385259669,0.100466428781544,0.0424601421261431,174.594594594595,48.6121975264949,43.9811693508135,171.682413998002,20.1496037618215,PASS
5.66532477885381,0.937042812306523,6.44912828481144,4.05986048276634,6.06106040923707,0.129842872045685,0.0728315436521445,174.864864864865,48.4405763074826,44.4496931838757,159.980292489547,20.0634640616819,PASS
5.4085706056053,1.0892130604222,8.64443957309867,3.19589555410705,6.80808836265894,0.155270673311715,0.0859304117735072,177.297297297297,48.9341972253255,45.9694718313092,186.562199522145,20.198760828711,PASS
4.48528474328744,1.11693139096938,9.58192871488449,4.20789220783679,6.90109639435918,0.123688486522348,0.0524732268585972,181.621621621622,49.5295327066838,47.562454126704,195.904577634049,20.0439788711346,PASS
4.96239993226816,1.02898427152928,9.11280592997119,4.382390993976,5.95547505465504,0.148240563132062,0.0782288224556704,189.72972972973,49.9769093496039,53.1276597069845,168.410510593771,19.583677260337,PASS
3.56525650453686,1.21678447391709,9.83167761206198,3.6038585236809,6.31834146369849,0.123194192816184,0.0483228674715968,191.621621621622,50.7241931848256,51.8798068326927,186.301190323895,19.4826232035409,PASS
3.62193135080564,1.16370812929825,7.13230316621005,4.68717469996048,5.4287888477808,0.132591916244613,0.0687227149115851,191.351351351351,50.427285634106,51.0933719479044,155.576903786285,19.2299170003227,PASS
3.94143199182016,1.25408860295144,6.19817713129498,3.61686929689427,6.5839688818239,0.146382853600741,0.0857434558323076,170.540540540541,48.7240415913669,40.2082242705993,179.596929735571,20.1564254738458,PASS
4.9162790642383,1.05132521680151,6.31727728400261,4.25518180305428,6.66652963092262,0.12148832224854,0.0653207183917935,168.648648648649,48.1011525420859,40.3237725449068,176.217929903462,20.3922043474425,PASS
5.0259458688273,0.99408829689787,7.10105110118872,3.84532167506291,5.22005051180405,0.138235747165895,0.0767905150322132,190.540540540541,49.7497160064494,53.1366050706105,143.471397028204,19.3146371715851,PASS
5.20810875132913,1.03277705825512,7.94916911854627,3.65948163430047,6.13748582578313,0.139539963484536,0.0743213393125108,182.432432432432,49.3631318832707,48.4477450308846,168.830027595077,19.8279848062938,PASS
5.34825625486225,1.03273240185911,7.88328508821181,4.32492644883886,6.5326462428589,0.158048524296552,0.0928926600613116,177.027027027027,48.8505006530905,45.685139309088,178.158494132199,20.1415612005007,PASS
4.06386301336971,1.26853200284317,7.61223309067824,3.0052890736495,6.85460266135809,0.155683238225605,0.0884122616971917,174.864864864865,49.2272099496237,42.75430158433,192.032079374071,20.1133448195818,PASS
4.5581051112017,1.06151073317292,6.69644838945152,4.32386899612946,5.69481875760013,0.136130030711227,0.0764439559293486,183.243243243243,49.4861767174931,47.6506621397128,156.81824008765,19.6031264533065,PASS
5.80230430749925,1.00990751466206,8.99944647016695,3.22125399010409,6.11747856074878,0.155931487638095,0.0835490229486858,185.405405405405,49.4361330000178,51.6764631026617,168.16762721367,19.7964287452013,PASS
4.40638961084366,1.14789023154649,9.81176667323573,3.14870402212591,6.67217225991361,0.121316429922433,0.0487418992507682,185.405405405405,49.9536732161034,49.5101378205554,190.707804899633,19.8265766370292,PASS
5.97922404169435,0.87785298942139,6.22019313489618,3.71892455730488,5.54531165196584,0.121577187630133,0.0648281877887849,179.459459459459,48.5871121123634,47.3837286790601,145.393202378358,19.7869423319965,PASS
4.60041576197624,1.11820882331008,9.57543242419176,3.59100934245329,6.12930116867937,0.158459299706633,0.0852426792536097,190.540540540541,50.229197037464,52.8907148431422,175.582279331149,19.5656632493345,PASS
5.32744578354928,1.02781243735509,9.7011197539251,3.76882487707515,6.32087371310964,0.147581083998702,0.074766314537885,186.756756756757,49.678463273673,51.9320954068241,177.18139426738,19.8005032256814,PASS
4.84663434278569,1.03441775147987,6.20297581321478,4.39264321607077,6.4506504483504,0.116409173596484,0.0609767851444252,170.540540540541,48.2889650159119,41.151703892222,171.150797387224,20.2513858156832,PASS
5.16690799354627,0.933772232183826,6.99412386910287,4.43699299960085,5.23533596048576,0.12161044551954,0.0620181014338983,189.459459459459,49.5726687217598,52.6648103111386,143.096712897996,19.3762181617275,PASS
4.75934101755208,1.07015658580162,7.19515557012169,4.92208379621508,6.10479438790528,0.158479253098224,0.0955866810156857,180,49.2329064619749,46.380519686611,168.396562012199,19.8630204272251,PASS
4.660424209677,1.06353856635923,6.17421177028957,3.93125308560288,6.17223510213077,0.117897312332349,0.0618147658012462,174.054054054054,48.7015758199352,42.6498262332354,165.537977968634,20.0082960641408,PASS
5.51496401469727,1.01077020878433,9.365104906169,3.88636453719844,6.91837239352479,0.128775661318689,0.0592975059056003,178.378378378378,48.9261757198205,47.1342825695047,190.334262741986,20.2414303994103,PASS
5.47933491054724,0.967310023763204,7.00636815794731,3.79642884343557,5.54022298846237,0.144308486773535,0.0827467741821353,184.594594594595,49.2704332020302,50.099314753305,149.885236174376,19.6018599249308,PASS
5.18940025337933,1.00740089676753,8.51677532547409,3.80104248224262,5.8092946527311,0.136888590013298,0.0693251046634717,188.648648648649,49.80911683931,52.6315380702555,161.77548284177,19.5675258677494,PASS
4.93784926728312,1.14003980960186,6.83103997742464,3.76936115296529,6.97632028113977,0.153210837476597,0.0921766395257319,167.837837837838,48.109612719273,40.1805126696477,186.014776945699,20.5054410955805,PASS
4.43972287894408,1.18249799228373,6.47511916996048,3.72558883453564,6.695635870777,0.146008547664281,0.0857915389921065,170,48.4819259860442,40.5335290188379,180.576489814873,20.2785499485209,PASS
4.99856076775624,0.917676366772783,7.09728538972709,4.67103141545383,5.12615086815598,0.0995502369015555,0.0408767890058324,191.621621621622,49.7479646001372,54.0395042183883,140.977312769493,19.274600464836,PASS
5.97958325563824,0.936104018767989,6.74975535767157,3.7495688241416,6.19000836342626,0.137379872970393,0.0779940894015367,174.324324324324,48.3557192918126,44.620052562743,162.88234332896,20.1477599797916,PASS
3.61725909798289,1.16947352199273,6.21857444133036,3.42264222786015,4.94588840662281,0.136186356480162,0.0773222462016767,193.783783783784,50.3532577164103,52.0398796845828,139.619563204872,18.9907680989077,PASS
5.63699175623054,0.930325865131768,6.12247806843988,3.45052953311588,6.20289409388679,0.0990367173428862,0.0452408519151242,171.621621621622,48.1683343976533,42.4455699598098,161.548500308002,20.1835896375238,PASS
5.42446061711236,1.01257705793142,9.95891007922201,3.99510862658511,6.30608539359061,0.15512219970903,0.0810271496839572,187.297297297297,49.6854791779427,52.7325995756538,177.023263720994,19.7942212670883,PASS
5.77440247515081,0.959163304137509,9.68972866500523,3.94594115814758,6.19771617945987,0.141798842892134,0.0687954295815918,186.756756756757,49.5110039496132,52.9422012528459,171.825522666294,19.8074202281974,PASS
3.6503679712038,1.19642334670042,8.17906665926329,4.1997152213387,6.17746107215803,0.122375378244275,0.053988017327658,186.216216216216,50.2422173595171,48.5212804995685,178.165025867663,19.5818161245621,PASS
5.15267274142157,0.99822606830176,9.17582565716067,4.32759531185715,6.59992377801163,0.109992338989769,0.0424977958676966,181.891891891892,49.3321598852639,48.626520032678,183.796564726559,20.0101913312925,PASS
5.14149468780808,1.07986296378539,6.06336437199514,3.33172682615079,6.56342716567626,0.135108343371275,0.0790265324255524,168.108108108108,48.04003142055,40.0931211763659,172.034284566843,20.3591470965978,PASS
4.49889727635762,1.07557285584761,7.19955300632705,4.23683548413383,5.55212061199688,0.147103137478992,0.084510196097954,187.837837837838,49.8789670789023,50.4623833985555,155.082468090971,19.4365841216887,PASS
4.89958872599424,1.0825137084002,6.35236562927403,4.83797738004202,6.72342827233053,0.146524461371928,0.0885545938694982,168.108108108108,48.0246478441373,40.1481606919276,178.217135546305,20.4479392565055,PASS
5.83514558121917,0.884013348013749,6.45539253637898,4.43378187393236,5.36777050409209,0.147130823035939,0.0883703488897084,183.243243243243,48.8700025488626,49.6787530373101,142.679563104784,19.6371641258672,PASS
3.78885072718221,1.19840592734521,6.58191056676023,3.36431423182447,5.73482281671111,0.135677295833372,0.0743944964335532,184.054054054054,49.9287959243574,46.7627645202245,161.166018379921,19.4787265919274,PASS
5.78332772604126,1.03427444273881,7.24841500061517,3.01954367213129,6.94621542618385,0.127680866778528,0.066500849704045,168.918918918919,48.0167394077336,41.5884712588912,182.776503810618,20.5244502323133,PASS
5.51151979648806,0.989353097434084,6.71567381382447,4.44354992668288,6.24326493063915,0.155483345121551,0.095926624078403,174.594594594595,48.4814405307782,44.1155706160262,166.348391363847,20.1367747022726,PASS
3.70696646908826,1.20796242134228,9.92756776558827,3.92743670096484,6.52521585522072,0.128532898545921,0.0531917903323806,188.918918918919,50.4556623219825,50.6767445408009,191.483500698623,19.635252735647,PASS
5.97227064692929,0.909996027792336,8.39812718928437,4.44531214424461,6.35785311607998,0.133778920905689,0.0677631166208718,179.72972972973,48.8627176072566,48.3726469612399,172.34054791589,20.0775359565742,PASS
4.60259699017794,1.08295320812806,9.57125544072267,4.93352443633049,6.68079534079727,0.13554583082348,0.0642206969346548,183.783783783784,49.6441901043147,48.9857125175056,190.397792953885,19.9479587514438,PASS
5.01439983968889,1.08827604523411,7.10577369192218,3.19971270170014,5.84200005973518,0.158987320183469,0.0957829964087669,182.702702702703,49.4178700543231,47.9468909050319,160.081704759842,19.6836130108464,PASS
3.66832776875832,1.21410841056279,7.66337077969207,3.69046592067709,6.22495682722131,0.124176421433015,0.0578918254925627,183.513513513514,50.0228030824497,46.6953577537694,177.740192172153,19.6549723408977,PASS
5.30504967157718,1.03250371415823,8.4589467190023,4.38383501807443,6.90200728137255,0.141477034236859,0.0752524547237049,175.405405405405,48.7095048629686,44.9806387391315,188.782364398265,20.312245988433,PASS
4.55121187056462,1.16519978552025,8.54678631109482,3.12570221377172,6.86551963694063,0.13370760024412,0.0653964859704226,178.108108108108,49.296403500934,45.2117323763766,191.798212905455,20.0964085905006,PASS
5.63840396232689,0.894576052886347,6.79532868420666,4.80526718905356,5.3922753952279,0.145569859055073,0.0857210450842806,185.135135135135,49.1175838139151,50.6753593478645,145.196115659415,19.5884245886826,PASS
5.44170548502828,0.973444262194438,7.44376493683178,4.8918269675855,6.95363804040578,0.123275847451267,0.0634071288203343,170,48.0930874241944,42.101348220808,185.467848782329,20.5255919972702,PASS
3.62702075116126,1.23932190825031,9.96264478102508,4.57088891300998,6.92230263778849,0.136307791470306,0.0591186517093581,184.594594594595,50.0746403778843,48.1574113224023,203.009659359313,19.8849709212672,PASS
4.55688381924777,1.15637260138739,7.57230792709904,3.05427236130758,6.30919241350754,0.145145583730146,0.0802063983654437,180.27027027027,49.4814632058182,46.0192395093891,175.350244221538,19.8458784739423,PASS
5.16220756815975,1.01078504946186,7.38573874496666,4.59600878566461,6.32910728277774,0.139082266726423,0.0772542185537823,177.567567567568,48.9027926842268,45.5342868153077,172.283965312288,20.0465769291522,PASS
4.41060831895771,1.10376078990866,6.61086525402547,3.91188619203326,6.35396172973586,0.113728426109027,0.0551856121669161,174.864864864865,48.9177445046576,42.8829056798852,172.786011432549,20.020340882371,PASS
3.60462999611061,1.23227462458939,6.98538859424956,4.22242222759485,6.11029694038511,0.139361555311852,0.0745605971190021,181.351351351351,49.8235299569984,45.4402918682503,173.23592726393,19.6738094102236,PASS
4.98431143399698,1.05744131283422,6.14886655176463,3.63262297586049,5.91196595809545,0.144149082560215,0.0868311087720312,176.756756756757,48.8044252107325,44.2874984476678,158.300481716722,19.8748223721429,PASS
4.01575827191066,1.13081369277677,6.04699291969566,4.57989321651154,5.31428703282572,0.151133319455392,0.0924550749790302,186.216216216216,49.7153991638634,48.2159323726842,147.432397347277,19.3554765188499,PASS
4.21030573754065,1.09894520861993,7.14079972182684,4.79747296414292,5.83719504799726,0.130898225023233,0.0686586221620613,184.324324324324,49.7510705327036,47.9966773689125,163.597103313547,19.5954878356203,PASS
3.51491755040801,1.18637356319512,7.26611515559419,3.60857137172339,5.71650040663255,0.106892032973982,0.0434690405524163,188.378378378378,50.3882364061163,49.1220938296504,163.583356635818,19.3456851659983,PASS
3.94633084487562,1.14176810019017,7.38382968958867,3.53875905552025,5.26592987211131,0.139876667004643,0.0761466232914678,194.324324324324,50.5123659476973,53.4459145712347,150.072304629066,19.1236009052737,PASS
4.10233218400852,1.18460063066283,7.35335168437982,4.0821403965686,6.54011766641073,0.136735669393285,0.0722276787802196,177.027027027027,49.2848759145124,43.909279673896,182.329512706192,19.9926602632235,PASS
3.67951252720598,1.30479897534182,6.19605066791646,4.09861023981298,6.8239492730971,0.146864288662559,0.0846761072717276,168.108108108108,48.5388971754383,38.9321566414174,186.496996514456,20.3069975863462,PASS
4.65061806910488,1.11351662681324,6.31362511510807,4.86362306226769,6.66086299708674,0.144863404223116,0.0864018473339266,168.918918918919,48.2027707873627,40.3220271673892,177.826204863812,20.3675645198744,PASS
5.35896487244983,1.00347531034538,8.04111026072783,3.04188140864426,5.73294940737553,0.115510219844827,0.0499441269764008,187.297297297297,49.6638856497974,51.8202623018232,157.54359167887,19.5664297988394,PASS
4.72075048488923,0.991720338648418,6.90712572429412,4.37313833657724,5.2736207632542,0.118572977140426,0.0594287132758526,189.72972972973,49.7788825295898,51.8991889719208,145.607115311751,19.3336452898354,PASS
5.5348070587845,1.00719307975526,6.3476515177091,3.34961785668449,6.72023291449989,0.11676917961766,0.0610839189437393,167.027027027027,47.834349214141,40.1918997224406,174.710593173284,20.4882477419686,PASS
4.45483457772345,0.986861757189922,6.58826651311802,4.62786317578206,5.16633059317434,0.097116386208886,0.0404594657357926,190,49.8182250066917,51.6468780002066,142.758365179842,19.2643140339764,PASS
5.59007856975836,1.04906024290962,8.84262544050886,3.19926353158837,6.46571637491791,0.154302777594764,0.0836531391493847,181.351351351351,49.224317873365,48.7025184946759,177.728562774507,19.9906577738976,PASS
5.82116583734816,0.864520441963101,8.58226289201522,4.96434372634978,5.62042648492743,0.125420967604885,0.058376859967051,189.189189189189,49.5270819587534,54.6310978513433,154.68515583782,19.5834299875702,PASS
3.63865868239199,1.28271864286067,7.4851384254608,3.48003523030868,6.81220512290404,0.136961475016185,0.0698248614664544,175.405405405405,49.3757569302809,42.5946030938999,192.420213869582,20.0519642816954,PASS
4.71179402947735,1.05530907498485,6.19998868538215,3.97065514059591,6.55721171819346,0.104703940745705,0.0496263578061588,169.459459459459,48.264279251891,40.5088423087545,173.858758399497,20.2870711945653,PASS
5.95442899905938,0.943415803126121,6.15529657056998,3.02625527625837,5.00661266409766,0.153821650300434,0.0933830424482848,186.216216216216,48.930484672723,51.7115253688423,131.917196648983,19.4126969902173,PASS
3.50213361846316,1.22392585441299,7.28469789705449,3.12085380321581,5.89738174633971,0.117541742516161,0.0532531000697089,186.216216216216,50.314339467668,47.7890100855628,168.966432319996,19.4372660703243,PASS
5.00987313582635,1.0731611595128,6.04005907613167,3.24503350851999,5.82240768763479,0.14739064803656,0.0901178001150706,177.297297297297,48.8480811456143,44.5051322213729,155.722071892988,19.8178438547877,PASS
3.83979479017402,1.22612205178333,9.57716831191343,3.54816365138078,6.39884219693292,0.15786148942601,0.0826500437558539,189.189189189189,50.4504771242245,50.7086047405411,187.197870418354,19.5975227055206,PASS
5.67416749885625,0.999678480429176,6.48025598982501,4.22987120167827,6.98899608836033,0.140942183247598,0.0842794099111384,164.594594594595,47.4584562490495,39.2739265680655,180.760975094422,20.7261317365025,PASS
4.84233740239304,1.05786903504572,7.37081959924023,3.30459217257762,5.694272549438,0.130453497326669,0.0678228345583448,186.216216216216,49.715740139027,49.9090955397864,157.362671612396,19.5340498556194,PASS
4.06648311560998,1.14223919717739,7.8877119692218,3.24433620999398,5.71897153009588,0.122639525332424,0.0574493603487236,190.27027027027,50.3536147925418,51.1801398950475,162.864017195968,19.3624334073522,PASS
4.58678916944716,1.08003730838735,8.132619847506,4.16057189197927,5.6291802945514,0.1589892339921,0.0918983480051572,190.810810810811,50.1441267286658,52.8509849828466,159.257085353351,19.4016287778279,PASS
5.34441496078096,1.06735032449065,8.13901878566395,3.50825808478046,6.73966245632397,0.147196633855163,0.0809501543789027,175.945945945946,48.8103567498773,45.076231285318,183.585690145972,20.2149007216622,PASS
4.00233734578921,1.18363426617099,7.74797996355657,4.97669268322955,6.76057020932542,0.131495805535865,0.0650145675933175,176.486486486486,49.2074110993366,43.7226360819071,189.726591020168,20.1030992143644,PASS
5.02982393634149,1.00859965354469,6.25211033892736,4.62700887106982,6.53542596127622,0.118884388198332,0.0636264724332448,169.459459459459,48.1138810602351,40.8719055958134,172.520364623272,20.3443168526123,PASS
3.64187161700537,1.24194598139866,9.31553624259329,4.85089715507084,6.77151035856766,0.146135790523419,0.070744002471076,183.783783783784,50.0186697695773,47.5769786431291,197.710056095454,19.8622812076855,PASS
5.91349796340961,0.938260659460787,6.84341094781596,3.07356249259507,5.68283107971184,0.117493731161976,0.0567341086587961,181.081081081081,48.9095660346859,48.4631201729525,150.936288034652,19.7584008072467,PASS
5.49010150001668,1.00142119524344,8.29687165973075,3.53946852470832,6.48987483957662,0.120469364398798,0.0550540644315662,179.189189189189,49.0260402387948,47.081191607251,176.934744147083,20.0597417069998,PASS
5.93117840804194,0.996568761610191,7.91448365886427,3.50250137834037,6.42584508217551,0.155694224918347,0.0892916651382291,177.297297297297,48.7245202353334,46.5285424500698,172.734495901046,20.1348772208018,PASS
3.96231529023009,1.10552559308596,7.00518239954208,3.91607154801758,5.02178317095658,0.130766307828845,0.0695629592885899,195.675675675676,50.4359330165734,54.4485931197295,142.153686276818,19.0257578670447,PASS
5.59632448233282,0.996157809687845,6.28111718565435,3.23491572891691,5.9779017409845,0.135342834767812,0.0777400969030622,175.405405405405,48.5390319387772,44.3905023991666,157.711919218597,19.9854045157515,PASS
4.98040122303284,1.02051305007121,7.01248485363885,4.37923690874151,6.95000195630925,0.101126004461816,0.0434985046156638,168.918918918919,48.1385957435885,40.8507038544689,185.092664914448,20.4912843106066,PASS
3.95132787520898,1.06910063203662,6.18609911140699,4.03235746374941,4.78316097317611,0.112430053308331,0.0561144258736334,194.864864864865,50.1219281577266,53.6364701345282,133.201793338205,18.9673069136939,PASS
4.2443882630803,1.13640436067105,7.58672299420286,3.03309713386672,5.91700178912568,0.118137140881326,0.0545301470826766,185.945945945946,49.9989270432395,48.7347250967826,166.410803867774,19.5388225673299,PASS
4.66692129961725,1.15534266393906,7.80171004441726,3.51152337103322,6.63649790301279,0.155056269321385,0.0888649964769832,177.027027027027,49.145973726125,44.6596893234911,183.63065485269,20.0720479932455,PASS
4.87092633427194,0.950139783697281,6.48620358800499,4.66714685976285,5.1501478841801,0.116408355832732,0.0596092656384366,188.648648648649,49.5363095205171,51.5031387248524,140.627343681618,19.3369685590824,PASS
5.2331173129897,1.0024556026038,7.41185516665988,3.33969623984729,5.24141325310438,0.142793506496735,0.0788631933527321,191.081081081081,49.7790301929968,54.0662788489752,143.858870977531,19.315013440281,PASS
4.73243370192027,1.03916554713279,8.09013491383751,3.97082473353619,5.44491159465411,0.14077870934897,0.0750167442399023,192.702702702703,50.161018949553,54.3704502849013,153.144511335127,19.3118524699956,PASS
4.45195980600115,1.14185212591348,6.74131596962509,3.35031888113615,6.40232301311504,0.126952670778512,0.0668318361499579,175.135135135135,48.9851737285651,42.971734314957,174.629123556124,20.0155909892747,PASS
5.80714386562908,0.980846519385818,7.35766523714014,3.96893918163102,6.62375094960971,0.145175600091194,0.0832435306808912,172.702702702703,48.3038257197662,43.7392209295776,176.056813654566,20.3367816565153,PASS
3.84883761656192,1.31241646988704,6.29184317258183,3.22641997585975,6.9826524044523,0.148533376271842,0.0867513135731278,166.756756756757,48.4334663372514,38.4165844249686,190.117315120134,20.3879064001572,PASS
4.36645351120008,1.15986118242511,6.1297208259548,3.9075551338702,6.40021707659349,0.14059967530239,0.0823082487345941,171.621621621622,48.6166571162987,41.1016781322599,172.428042062616,20.1251902738591,PASS
4.19785480408108,1.12353090648322,7.230689816991,3.0138480946573,5.77180197507331,0.108410616648609,0.0469257126343287,186.216216216216,49.9885470642616,48.6982124044351,161.633218455216,19.4778638865359,PASS
4.10551672084757,1.13470524877773,9.82972220954205,4.18719479860234,6.26962317378293,0.127100916615883,0.0540441467115299,190.810810810811,50.4097785315546,52.387226617483,182.21336082422,19.5643139011932,PASS
5.48925038977023,0.946967841603461,7.48740217342128,4.95277623001909,6.66887360077881,0.121486314354073,0.0613643765308877,173.243243243243,48.4031580470484,43.8190893693275,179.045417307372,20.3316526229305,PASS
4.62493780733937,1.05437133377285,8.26072400345775,3.33216534553101,5.47859141970192,0.116199904899483,0.0506337375455526,193.513513513514,50.2900488982937,54.5570617434666,154.384270098906,19.2794141640459,PASS
4.51479770452876,1.14000322641469,7.4275688157255,3.00754423089608,6.67181145884568,0.111808718084582,0.0495709557203995,175.405405405405,49.057126165835,43.368575058481,183.131032698411,20.0938578504522,PASS
5.17753230473773,0.992646455205987,7.89797847098694,4.10028469988395,6.20997297870041,0.117015093380529,0.0539172243522448,181.351351351351,49.2505325652105,47.8035689266357,170.466623860786,19.8909851091221,PASS
5.50091671473628,1.05616482732825,8.67017148271253,3.51663570823065,6.89291706445072,0.148037586901357,0.0796326333771106,176.216216216216,48.7706578257604,45.5639747375477,188.073354469874,20.2812070041996,PASS
4.04873112524847,1.21927210345247,6.93025306077465,4.37046689979686,6.91641909846894,0.137842730722889,0.0745880329119377,170.540540540541,48.638841545812,40.6355824322724,189.593237606729,20.3188283370645,PASS
5.82124464873561,0.960550042775397,6.73507145746039,3.64443202304506,6.05890403714387,0.14202619122798,0.0821629817200963,176.216216216216,48.554759808172,45.4024905664518,160.43936546038,20.0298394417416,PASS
4.08116108310856,1.07621196706241,6.28695561093306,3.89613097741464,5.26945805865539,0.106754037749717,0.0499198106047417,188.108108108108,49.8667834219755,49.4889961586039,146.003537785822,19.283282938184,PASS
4.54555873568271,1.09497894886856,8.46295700809628,4.70530783942405,6.09260839333679,0.158222658967778,0.0896434326650798,186.486486486486,49.8920305374311,50.1525363936028,172.884867117302,19.6671926411112,PASS
4.73257019976331,1.05693848055197,6.68133916929571,3.8492308630483,6.71643472925697,0.0982598298943745,0.0413590886081432,170.27027027027,48.3946936859167,41.0829898406111,179.478908850288,20.3146964265741,PASS
5.44401585539567,0.987109512308216,8.14929582043939,4.02924572326677,6.95069026922403,0.107967303187843,0.0452523140419571,173.513513513514,48.4780070898611,43.9278374891861,187.521086216196,20.3933048630575,PASS
5.19662145220908,1.00170191506952,8.132962887598,4.90370585402451,6.86751818316693,0.122586360356988,0.0592116172315804,174.594594594595,48.6308891023177,44.3449915406828,187.363994216234,20.3288200835391,PASS
5.42260163410906,0.991296774928312,8.8830792755158,4.83755695348386,6.47293467176107,0.154372021726382,0.0856920998054954,181.621621621622,49.1993990293926,48.7949321046628,179.481030055115,20.0198362104044,PASS
5.56067664029976,0.934960553070617,7.10137214409674,3.58222229996885,5.39240389720529,0.120927831233568,0.0596498926550039,186.756756756757,49.3617502237792,51.6902169618335,145.674177562507,19.5034499290295,PASS
3.96989793187205,1.1914825238162,7.10809068820317,3.09502694515714,6.39242433783231,0.113829744406917,0.0516070895653258,178.108108108108,49.4821104697924,44.0227361759772,178.183385264707,19.8611536275123,PASS
4.6471024921167,1.03901764762695,9.19711789610029,4.95744904894822,5.83310463026924,0.142538854625304,0.07261956850989,192.162162162162,50.239516971252,54.3254050741327,167.040947761535,19.463722321888,PASS
4.70657750424102,1.07568627599713,7.87919974710506,4.5031078088652,6.39819856435176,0.137192238905194,0.0724735131629441,180,49.3020610953413,46.4102523842858,177.730490692113,19.949561398578,PASS
4.14395676596197,1.15419192587814,7.14157097049051,3.99386215756212,6.22038154694623,0.13152761226558,0.0686680445392525,179.72972972973,49.4915814866563,45.2890470853534,173.397757430873,19.8106548748916,PASS
5.93329380630921,0.876979616110498,7.8140657983784,4.00213707258581,5.49212575622887,0.117501370142642,0.0527621804490265,187.567567567568,49.3370739945616,53.3257961225309,148.601185651823,19.5681942974124,PASS
5.13192654653053,1.09562224949871,6.91098178723227,3.03392476862143,6.27046668346191,0.146788596451087,0.0852415559463037,176.216216216216,48.8955080780597,44.409901034175,169.344557595904,20.0028448158819,PASS
4.52403969328908,1.06843437657772,9.69799171888718,4.35216102217564,5.91293621813996,0.136985658936047,0.0651124316684049,193.513513513514,50.4060317605896,54.9928656847869,170.308975769999,19.4361148479643,PASS
5.75851595796601,0.979072926484817,9.3738172381895,3.93061322253714,6.47293793028723,0.145797749878567,0.0744149061417518,182.702702702703,49.2179922521607,50.1012519492103,178.413457388802,20.0011853271274,PASS
4.13260320203581,1.17419245361966,9.82114163140527,3.60524849034932,6.55400545309672,0.137572648155631,0.063562520510461,187.567567567568,50.1865162980277,50.2961705834125,189.619734420902,19.7239383910458,PASS
5.02741586445661,1.05250672654277,6.07566439279014,3.63280328612231,5.76130053105739,0.151015145093989,0.0936538196828022,178.108108108108,48.8719629666513,45.0784800514678,154.287030251975,19.7905555891125,PASS
5.09914064478491,1.06776682833231,7.34944283095121,3.56157383338958,6.04262731960845,0.156309741380405,0.0925656576544353,181.081081081081,49.2773699366407,47.2982175160137,165.433379507064,19.8133962968833,PASS
4.82648899382008,1.07895997502499,9.53683223418027,4.56452393786504,6.52767727265991,0.157091961626339,0.0848723059559794,184.864864864865,49.6864604305983,49.9621323434083,185.327055304836,19.8823315518046,PASS
5.4396744859123,0.950542184952486,6.83711916267151,4.36002760438108,5.63033629313481,0.144633606353119,0.084578902134409,182.702702702703,49.1118592130309,48.8108692853363,152.019127250979,19.6924966488814,PASS
5.6300112802076,0.945221023786445,8.29773145554173,3.8987587133883,5.57678567649214,0.139844597855283,0.0722801248971824,189.459459459459,49.6315234466686,54.0528056298944,153.255282729933,19.5216799932736,PASS
5.61918943540071,0.982064526480613,6.77352411409916,4.41900457902084,6.27166506981466,0.158316294220879,0.0983675069268469,174.324324324324,48.4309163744095,44.1355433244411,166.802009932085,20.1650898785198,PASS
3.52168073928613,1.24773483323379,9.61874534916032,3.38724755827034,6.13361015649121,0.153198947625834,0.0774444419353906,193.243243243243,50.8936679186744,52.7129151371448,181.869614854086,19.3740383118821,PASS
3.56662680242684,1.21787268454694,7.79138879818979,3.11781687130606,5.61438543339747,0.137798188165065,0.0709703773130476,192.432432432432,50.7219522342775,51.6204555689324,162.788802385483,19.2178770975561,PASS
4.20030595539684,1.12297881352981,6.84719575389999,3.04764342958584,5.79984664426159,0.10797543883036,0.0482006179395841,183.783783783784,49.7759288500044,47.2394419890903,161.141299240297,19.5434831448589,PASS
3.95415497479622,1.1582862656744,6.26693083384142,3.18016688311344,5.86302655920913,0.111554656875222,0.0536056289371546,180.27027027027,49.532165642536,44.803064984739,161.885383973526,19.6280179223185,PASS
5.69903814019284,0.851407672394355,6.30035008666488,4.44834051863973,5.55670620815177,0.105074645680189,0.05008588827863,180.27027027027,48.7143703274889,47.559692328794,147.039023982391,19.7615240751341,PASS
4.04879621924017,1.16003514819494,7.02705831563342,4.71705495771463,6.78572693066189,0.112411455279336,0.050629660962042,172.432432432432,48.7945291756656,41.6097979537364,186.4702070868,20.2247232782832,PASS
4.73848538395182,1.03374347666384,6.46473048655552,4.58729371271814,5.88462143582022,0.131724418821492,0.0737731970818098,179.189189189189,49.0724138935513,45.5380285826082,159.897510877438,19.8019180874186,PASS
3.6283039235737,1.26303324499332,7.42459357780088,4.45795660018263,6.32592473057027,0.159941357489571,0.0916022207015084,180.810810810811,49.7977497539817,45.3623915334728,180.714203815431,19.7714906842569,PASS
4.9187301369216,1.07193036825801,9.88776147767923,3.05832905365184,6.05969477153064,0.125575805660123,0.0525493898614453,191.621621621622,50.2004758043726,54.3217669299199,171.972046959767,19.5354521159375,PASS
4.15689255908198,1.18557012425461,8.36500882080598,3.80607992469068,6.53646603036851,0.145270709218837,0.0762713206831733,181.891891891892,49.718350180147,46.7085917199704,185.549769323275,19.8648520353995,PASS
4.06563034994697,1.15730928354493,8.96614218618908,3.43942236885106,5.90590289294719,0.138385779922296,0.0679420299415926,192.162162162162,50.5532492752667,52.8709549948741,170.690480793659,19.3853419468524,PASS
4.45174776288489,1.1008983252034,6.33041098816244,4.35117467430793,6.97018647908938,0.101680872274048,0.0455812159505601,165.945945945946,47.9659068102839,38.7415940185367,184.580647578651,20.5344953184517,PASS
5.55597998572853,0.938176294982408,7.81301441846903,4.88706834338463,6.74493422871598,0.11663642271003,0.055498099010396,173.783783783784,48.436268126426,44.2752052580763,181.612611977139,20.3483946954773,PASS
5.15197064447906,0.946950040307051,6.35426183694493,3.51064323636705,4.87770284479416,0.114956149578095,0.0578486078783957,191.351351351351,49.4847833168862,53.6219015321799,131.591406288914,19.1920853871417,PASS
5.28949533972056,1.12507661920073,7.09494822836487,3.05556310440112,6.79136229892217,0.157961410793611,0.0951939351673521,170.810810810811,48.3773433077565,41.9129464502604,181.632528485403,20.3579070468168,PASS
4.67161812037253,1.10534255778005,8.92708884746236,3.65624645313676,6.29683195887445,0.143475681995238,0.0736763707957405,185.675675675676,49.85800916227,49.9292430941144,178.073001608302,19.7386064844108,PASS
3.74936801040784,1.19959232675292,6.19505128269728,4.12353036282533,5.70915999224677,0.14439015986209,0.0839789285244636,182.162162162162,49.6763117436817,45.6412526018702,159.330488774631,19.5383014334395,PASS
5.48296082056471,1.04345116586238,7.28384843909226,3.66794502227871,6.79614989885642,0.143128889645453,0.0813779311437807,171.081081081081,48.284792406654,42.4781912131842,181.124500944305,20.3971365444233,PASS
5.62786526454425,0.996857229040573,7.00651824637644,3.12374756968784,5.61617503505858,0.1457416703912,0.0830160717339377,183.513513513514,49.1973307502465,49.4833335892059,151.188868075631,19.6502954674721,PASS
3.95934469170995,1.15623790253818,6.94442604468913,4.02394526519761,6.40405685773789,0.106452753486864,0.0453566013538273,176.756756756757,49.2809930244804,43.5104703968273,177.480417354049,19.9312130786337,PASS
4.89073621905007,1.09645130955093,9.92214767414893,3.82327165595051,6.98345628776964,0.136269277049951,0.0636206247386789,181.081081081081,49.3600944501349,47.9193844098649,196.642403120385,20.1200838508423,PASS
3.86765488263843,1.15481110295158,8.31964084863235,4.47481507621999,6.33973268362607,0.11077216711172,0.0433031495397908,184.324324324324,49.9896412727267,47.8477128279577,181.407248233522,19.7165921756928,PASS
5.97019697661065,0.947759572226698,8.10964623883988,3.13287178767235,5.96311703892483,0.115675225196239,0.0489519231171103,183.243243243243,49.1786441560126,50.3408443200919,161.053398038,19.8087888036882,PASS
5.7463406946892,0.946325092037821,6.90655223917596,4.07207920622877,6.27119429116056,0.133968017168514,0.0746360591942552,174.594594594595,48.4483923821796,44.55774748858,166.363319362017,20.1538416128779,PASS
5.2090876117992,0.982584527757034,6.54426228624223,3.83778290465312,6.45602871777083,0.100579604946869,0.0449096241648931,171.621621621622,48.3518455578521,42.2170547480121,170.938236161965,20.2357007107518,PASS
5.96402002116536,0.880295274373778,6.86141307805787,3.37421275521017,5.1136970938804,0.111836517695825,0.0503932371567865,188.378378378378,49.1687380718945,53.4561545347135,136.090691007972,19.4144027288072,PASS
4.55618109233749,1.12149325448463,6.00119604873712,3.29156497793004,6.80487020668613,0.106043873678647,0.0512459350368775,165.945945945946,48.0071360443999,38.5504605395924,179.092601925074,20.4424617054963,PASS
5.46381444734631,0.967556927126877,8.43246270427921,4.3531483139704,6.05870082031326,0.140225455689766,0.0734718646599783,184.594594594595,49.4097390242285,50.5043516388545,167.190463631384,19.7940362022789,PASS
3.86152269548662,1.29080484067481,7.7584606460124,3.04326331197099,6.88107517214868,0.154585781292379,0.0860640932574313,175.675675675676,49.3679592006132,42.9596997074437,194.518446927732,20.0785196968911,PASS
4.10609395075706,1.13848769819368,9.31139190429445,3.7324501764786,6.02061850683318,0.129207835535102,0.0580702899050328,191.891891891892,50.5085996563648,52.9302395202928,174.215886677539,19.442293957482,PASS
4.7895173997477,1.14441399059183,8.69030891327341,3.02054999406228,6.7108091140001,0.142556198726587,0.0733297286646215,180,49.3934389675434,46.5487615546584,187.352405279094,20.0171845269202,PASS
4.21607731739902,1.14758647750346,8.061633961675,4.34717101971384,6.74134422632023,0.121771755183678,0.0556934360288646,177.837837837838,49.2942788851173,44.6834185510384,188.848009546398,20.0648025286297,PASS
5.63396046776841,0.95145555574123,7.79391424352869,3.91175588132046,5.75969456877306,0.139447806468232,0.074568824169613,185.135135135135,49.3445357950938,50.9340652057372,156.955678216057,19.6848513063001,PASS
5.69044872390455,0.966902454323966,8.52382778244555,4.11508003358464,6.52392974843193,0.133725234487183,0.0672108983346145,179.189189189189,48.9259498171386,47.5343316829772,177.855250132492,20.1127216660683,PASS
4.47536079529004,1.11795728668642,9.87234934657039,3.22982003228252,6.33560213184116,0.119763678682142,0.0473306148171104,189.459459459459,50.2201311055309,52.0438943250996,181.57489154846,19.6321120554337,PASS
4.7502209756872,1.0413983693954,7.58864236961366,4.30939132209136,6.40420048087217,0.110563975206491,0.0488670635827404,178.378378378378,49.1491830371219,45.5502362887538,176.179330527592,19.9902945741853,PASS
4.38004330811313,1.07714887067202,8.4589254012951,4.50659889481069,6.27035544937235,0.110028624686232,0.0439635042419474,184.594594594595,49.8147451247252,48.8171607791798,177.429119899163,19.7463274382141,PASS
5.35568472811045,1.0078262621715,9.57615745487298,4.74058964485404,6.92633720239346,0.140052663625229,0.0698418704039386,179.459459459459,49.0104717259004,47.5912569532314,192.565429827501,20.2275138978324,PASS
5.35672822489607,1.02511869624843,6.98481740206284,3.09660658208155,6.12505407928846,0.123119211474339,0.0627026477048159,177.837837837838,48.9213006086825,45.6314529662635,164.664093105207,19.9372643328079,PASS
4.59574654373577,1.08306508815238,7.16241536977474,3.27297248961224,6.25933838819525,0.102790381110825,0.0426058008167455,178.648648648649,49.2699051572533,45.1532281438542,171.62111679255,19.8814081753489,PASS
5.39749541107394,0.979065578804542,6.11049658893887,4.09682115561903,6.79345427129502,0.112466775727905,0.0590188700743265,165.135135135135,47.5741412841533,39.1150305470645,175.501854206749,20.5998628204608,PASS
5.99886323752772,0.885253531548848,7.16915842851356,3.40280371202965,5.47157811243447,0.105040520358211,0.0431259450405359,185.135135135135,49.1021751276214,51.3281314092421,145.999945346501,19.6128231246163,PASS
3.54861200308533,1.14373575741499,6.93092203891288,4.41474843143929,5.02939266024819,0.123161655680457,0.0613491646406287,196.216216216216,50.6235912851183,54.0148050085356,144.028078810181,18.9818209645936,PASS
5.54677908495145,0.886428870486624,6.32089571445667,4.77898494940294,5.24995150275826,0.13791731621181,0.0808468786498743,184.594594594595,49.0104176907808,50.1357356382086,140.388865127389,19.5388462465588,PASS
5.36385757284298,0.984188774988667,6.7830426006952,4.60673324382962,6.40099288213069,0.136957002186077,0.0784010856914353,173.243243243243,48.416449950442,43.3293598233942,170.723303029896,20.2165415618588,PASS
5.89065894422416,0.996097289423025,8.32603387299636,3.99965049220843,6.98655000434555,0.151284209030621,0.085008787696441,172.972972972973,48.3007203008778,44.2573767995927,187.447725516466,20.4706146173814,PASS
5.63728901675711,0.887101894675171,6.20116905281915,4.07781926759169,5.71576764900023,0.107984102778181,0.0532306005640089,177.837837837838,48.6009332533031,45.9856687207396,150.701121091984,19.8606175213976,PASS
4.90676333310918,1.05075835851182,8.46054342113231,4.98531456000285,6.85052880000203,0.13210784107245,0.0660846557082887,176.756756756757,48.9286820260985,45.2307772518716,189.715557315141,20.2297357495984,PASS
5.96522532212557,0.854133544094995,7.15310645474261,3.71471982827894,5.07298038885595,0.106191700568673,0.0439139926784957,190,49.2768259996622,54.9562195481339,135.6879314375,19.3703537556721,PASS
5.18275004155526,1.01106957682389,7.34620403015599,4.16462749694956,5.96244434468185,0.144890654370267,0.082414544926767,181.621621621622,49.2428059962579,47.9045568645855,162.993379484057,19.7975532000892,PASS
5.56678453772432,0.958688871688852,7.3051116629005,3.70155402826687,5.16468404353793,0.158299173722992,0.0937774877330856,190.810810810811,49.5541402346223,54.5158358406349,140.428157635102,19.3454208370053,PASS
3.55553287788252,1.24695268224932,6.72732128540829,4.46875459591267,6.07116912673124,0.146748116563073,0.0822696289785583,180.540540540541,49.7409138121389,44.8915768106897,171.742816317961,19.6835935115579,PASS
3.94441251508184,1.14910397587938,9.21907339017814,4.29519370821416,6.42240330611553,0.11183688538309,0.0411809938504668,187.027027027027,50.1809583311317,49.6815160482538,185.526856811723,19.6865552737779,PASS
3.55457438544824,1.20665194110382,8.87246372671872,4.52220496957428,6.33613846999215,0.120570975067136,0.0488499206309295,187.567567567568,50.3687181180958,49.3000718297645,184.870974254776,19.6052491188099,PASS
3.83511337328152,1.23041756664967,6.88908549004342,4.0919993666929,6.53074002110284,0.138096729028723,0.0743957276864898,175.135135135135,49.2046295646295,42.577267850115,181.788968293621,20.0074145251065,PASS
5.85689691113104,0.886744546988693,7.02455897022029,4.95307403058725,5.78081582600651,0.14866847003069,0.0879868856594869,180.540540540541,48.8303324111526,48.3870160831495,154.954057832984,19.8558763513829,PASS
4.64933570806053,1.06584549494442,7.97604958351763,4.21284508849542,5.85958484541041,0.141805223202499,0.0763285971098757,187.027027027027,49.8730596732237,50.5028563265081,164.539797295798,19.5726624440366,PASS
5.73520573096559,0.964736546843747,6.42781063353872,3.71910083546552,6.21568073416698,0.136020404212106,0.0785200269209705,172.972972972973,48.2775232292652,43.3885971955062,163.231612250229,20.1714777961904,PASS
4.50446895750292,1.03662638875591,9.32780117329614,4.90739078396297,5.86758592017819,0.118264740317086,0.0490488617285004,192.702702702703,50.3252384001253,54.3673868264233,168.583741768398,19.4486171607262,PASS
4.22002425724725,1.18382949858783,6.74208233081119,3.26861950772864,5.96261486738237,0.153283305373288,0.0911061669422144,181.081081081081,49.5813578268024,45.7509856464573,165.708039886006,19.6767129190321,PASS
5.12714339758024,1.03279587811151,9.28954341435669,3.60556359347654,5.96983689764364,0.139339870235817,0.0683574464616842,189.72972972973,49.9632543122714,53.509290081891,167.848284258152,19.5821834762456,PASS
3.95342148265295,1.19628245014039,6.53366147865372,4.54044218671238,6.75842695699665,0.121591667956993,0.0609637840170376,170.27027027027,48.615672199694,40.3239654195218,184.206753829355,20.2643772129665,PASS
4.16866063697379,1.13841260341279,9.08979542163311,3.81871573151792,6.12624516162559,0.132282876878009,0.0618135047993424,189.72972972973,50.3209917861665,51.521999044618,176.383650385882,19.5385450514782,PASS
3.88399846636681,1.07034860615755,6.29974228891456,4.69415447957723,4.71337160020725,0.122517280601086,0.0650904715139359,196.756756756757,50.2150196487258,54.8546737780774,132.125665326006,18.9164669127969,PASS
4.44678227135647,1.18627182595325,8.07240852765495,3.29819056848399,6.83609944414366,0.14393836412979,0.0767299206193795,176.486486486486,49.1854215657624,44.1573429949923,190.355465210323,20.1229501754246,PASS
3.84970077703637,1.19779794379281,6.42433839175071,3.60987970297321,6.7193480538644,0.102039289644079,0.0431133095141343,170.540540540541,48.7291562908168,40.149899687945,182.962468001797,20.1960747612536,PASS
3.54316971932434,1.29623425226061,6.18339974576386,3.95071452408779,6.25781106838297,0.15551608707746,0.0927754603672862,175.135135135135,49.2885488012033,41.957241502356,174.52485760654,19.8748380995963,PASS
4.18351357424781,1.13451049215206,9.38525613320737,4.61262675175829,6.64232969911111,0.124357648264933,0.053006955125358,184.594594594595,49.8713015821434,48.6804389388559,190.769296594062,19.859845817078,PASS
5.0324548141367,1.04475868209092,6.15245134239928,3.36032617370796,6.41501351635569,0.112756449435343,0.0575481258676233,170.540540540541,48.3003651132397,41.1796039661113,169.257249572461,20.2201079125747,PASS
5.01795167738624,0.997161846684829,8.39411291841448,4.37905168829647,5.8517501059496,0.128202320363147,0.0622620192607638,188.108108108108,49.8004900738377,51.9066638345667,163.575534652471,19.5936408659476,PASS
5.6903450697794,1.00634614474121,7.06822476165788,3.85640628968906,6.97472176640785,0.135575456401969,0.0759867698533367,167.837837837838,47.8439863946513,40.97484097205,183.075796763486,20.5991903785123,PASS
3.88229952586738,1.24827010508598,9.59943189064535,3.11588412317053,6.60067537967051,0.159998931429624,0.084449460617756,186.756756756757,50.2903430660651,49.3557850432873,192.545195526321,19.7096775881972,PASS
4.5028539003474,1.05425785980997,9.23154291606722,4.99941505282182,5.89695041964487,0.136375870345989,0.0664205468225406,191.891891891892,50.2827994800317,53.8550480659865,169.499621210127,19.4762647453507,PASS
4.55745062023557,1.10900031633157,6.5722010507267,3.57846297927314,6.55020612181288,0.114672841579341,0.0565243025746202,172.162162162162,48.6467454338068,41.6343264052728,176.463934605936,20.1731794615406,PASS
5.20316486836724,0.99862886334801,6.64283424714882,4.44646393894004,6.38948776563918,0.128504282722462,0.0708395120014896,172.972972972973,48.436522570166,42.9357492275324,170.415945001639,20.1970962577774,PASS
4.51592511103813,1.10096535482703,9.50389821816188,4.3847885041506,6.31395422908905,0.146646953052793,0.0746054349128999,188.108108108108,50.0488120361582,51.3196729825225,181.007801027388,19.694321199864,PASS
5.10730740326203,1.0266855660377,6.58955593000687,4.1216625749981,6.84130284403146,0.113855626262624,0.057380187965321,167.837837837838,47.9761092311717,40.2338156927137,180.320769705852,20.4963298370033,PASS
3.79337358741892,1.15738172792996,7.89970584008567,3.69441335163837,5.75985785016019,0.11590387674125,0.050312920753004,190.27027027027,50.4465062196198,50.8470706253234,165.255613001516,19.3560466582448,PASS
5.6885316595864,0.979129331270097,6.08946922878675,3.50964876293052,6.77341284920862,0.1169566993722,0.0630371748451986,164.864864864865,47.5025440058562,39.1727485563027,173.826271917328,20.6099015934764,PASS
5.9657055553088,0.924874948293257,6.20811561044058,4.87340914573684,6.56802424030452,0.153222713347538,0.0975321360337048,167.027027027027,47.5627236894633,40.7262365645744,169.496939656884,20.5461488999472,PASS
4.03013466531004,1.18203849154969,7.21043487000876,3.2642050658433,6.40496838121834,0.116569560285472,0.0538956137745766,178.378378378378,49.4670872975292,44.2662148692086,178.527544704898,19.8741915608457,PASS
4.52677125478433,1.12918748539471,6.31988759388662,3.85182689847219,6.87058317557895,0.117855135579331,0.0607244651548429,167.027027027027,48.1082690294883,39.1928969236813,182.460628556353,20.453364306336,PASS
3.9433363569203,1.18806168660378,8.75789166991194,4.25370928354491,6.30009570604311,0.148965114834004,0.077727634976274,186.756756756757,50.174164587544,49.3201658487644,181.94335999921,19.6524163186433,PASS
5.07173870943269,0.994116790667606,7.53597664610959,4.8064375757532,5.69860089640023,0.151231521842974,0.087819758341804,185.945945945946,49.5553877978714,50.519177781834,157.611504019946,19.6056687881495,PASS
3.66801150262223,1.20458836724,6.87589199075981,4.70631663803763,6.66568913469957,0.106357675918952,0.043878757582888,173.783783783784,49.0576307222706,41.7694379665785,184.97021387683,20.0978917524723,PASS
3.75976606056658,1.20199471485489,6.68996138971279,4.78021758361355,6.8841095386173,0.104890024387278,0.0437028514915954,170,48.6311569445906,40.0963448220686,188.432577397334,20.3026942960626,PASS
4.38872686685418,1.11942826337616,6.58336557422734,4.13263447365085,6.75190640940366,0.110687220802414,0.0524234698991445,170,48.453419006693,40.5613287655528,181.736421606884,20.309600326521,PASS
4.68646517614029,1.10996648746625,9.9915325361234,3.08451463898417,6.41233470613863,0.124594191318514,0.051418739390179,188.378378378378,50.0812426188214,51.8188557959682,182.812586391723,19.6991765241645,PASS
4.46080697985989,1.14127517506717,7.55834672935949,3.44073543851994,6.05338321928855,0.149875737191327,0.0848655645267596,183.513513513514,49.7216037638439,47.722087547334,169.320490571909,19.6825138879999,PASS
5.83367134367293,0.972964054784611,6.24523341726235,3.40023353835161,6.71191105091463,0.12060355614047,0.0654240118958422,166.216216216216,47.6199261402004,39.9805768160408,172.779373751031,20.5548350088879,PASS
5.44590621266422,0.947179853267339,7.01786801335771,4.62897055533515,6.41823260418874,0.11947532064634,0.0611164174034374,174.054054054054,48.4715186076852,43.9452557806516,171.48971135518,20.2079321912749,PASS
4.75602397580991,1.00210413216116,6.74899151546795,4.52998412619455,5.51353813176273,0.124871670631848,0.0661179852769148,185.405405405405,49.5198290181107,49.3016920230622,151.417967911465,19.5172086832332,PASS
5.96601992053687,0.959347090167391,7.98173598062872,3.47789429777264,5.90635022418463,0.149143454723972,0.081695365050242,183.513513513514,49.1592795387597,50.4094047383637,159.746496730365,19.7986849496448,PASS
3.61974892134242,1.17943651334934,7.32906062827245,4.77527638010361,5.39790189803436,0.150333165660768,0.084645087864762,192.702702702703,50.5398530361259,52.0369832567981,155.636173219984,19.1910199521853,PASS
4.73160872108496,1.02396178849889,6.29874112326652,3.36057629284194,4.92809642587182,0.130530713729551,0.0730588777739077,191.621621621622,49.7127348306525,52.7902326287301,134.549746923672,19.1550795569174,PASS
5.90690454713806,0.870107893779485,6.08155598144253,4.52740792156063,6.02145588982081,0.125808502240615,0.0715129684406853,172.702702702703,48.0912875089192,43.545523567733,156.637457811896,20.1533625182064,PASS
4.89513853274326,1.06653191459706,7.28254049874565,3.22822372754549,5.38428690989435,0.15493752274645,0.0912252007302793,189.72972972973,49.8717158786097,52.2250627002286,149.0071147243,19.3554642904464,PASS
4.89882327437758,1.05207337897513,9.95229322293453,4.81988374909136,6.84822800139752,0.134339760527186,0.0624018835264805,182.702702702703,49.432204334311,48.8740949550973,193.908282916335,20.0660961842728,PASS
3.83381758475379,1.15564381687091,6.14947313332427,4.63879814082219,6.21599827864863,0.107989628026545,0.0499128417729155,174.864864864865,49.0334603006411,42.1804443061488,170.215638367811,19.928670965461,PASS
5.92936538190388,0.815863673666669,6.08273837571315,4.84894135077095,5.75674507586282,0.110724829527422,0.0572575825710472,175.945945945946,48.2816563449472,45.3588030302526,150.359444783031,19.9825175856948,PASS
5.69759295655851,0.945906433684126,9.91512300296614,4.58879042668879,6.39025673441767,0.140685384828267,0.0682417126072368,185.405405405405,49.4209040822707,52.0786942158659,178.078185434461,19.9127322492799,PASS
4.3864366650608,1.07661804961688,6.98063871483001,4.07101684519239,5.19522238172703,0.149318237160289,0.0876729400164364,192.162162162162,50.0847655830869,52.7943603178715,145.355475737965,19.2114595764683,PASS
4.52320186703882,1.14684043957284,6.55568749033231,4.81054863864684,6.5448398587412,0.158542723388205,0.0975505671728324,171.891891891892,48.5690298241851,41.6617508067852,177.323985356982,20.2174796404523,PASS
5.37060284003606,0.950779632400299,6.51299118872503,4.98202125321122,6.98501436385139,0.107121464326096,0.0527881444821063,165.135135135135,47.5502231756666,39.3672824831449,181.820750966247,20.6965121878353,PASS
4.89097488330523,1.05888967270074,7.65182321397836,4.18000539205576,6.62360516312135,0.12491579755654,0.062254939881506,175.945945945946,48.8954585667278,44.3988753367071,181.154858849587,20.1483764603934,PASS
5.05611823482709,1.03797763033655,6.04914313533648,3.18806022403562,6.43006789221976,0.104883711379125,0.0506378568809842,169.72972972973,48.2147110789631,40.7609837223566,168.900018053351,20.2441125616932,PASS
4.15262682984792,1.20301308553979,7.98588772868345,3.2083250330476,6.42863395837595,0.145851368168944,0.0783154408513229,181.621621621622,49.74586367275,46.3422253842522,181.804613507028,19.8125392535058,PASS
5.51257613158046,1.03208145810072,6.74663342700087,3.80434010114263,6.67548370826833,0.146489809849291,0.0871597541450059,169.72972972973,48.1041413251691,41.6310228918708,176.103311659588,20.4072603249442,PASS
5.84872852131334,0.988892846358917,8.74515117733978,4.26855043571297,6.86763607518474,0.158301242191432,0.0898853930533882,175.945945945946,48.5830626984681,46.0014561504716,186.386477443081,20.3452278316572,PASS
4.5363886741699,1.11683975188455,7.16565144531462,3.94126386221354,6.49152020351754,0.130203412612021,0.0683529892103933,175.945945945946,49.0116140657669,43.7378460060061,178.010059934634,20.0550663592982,PASS
3.80121985871413,1.21721904783366,6.64472580079673,3.65388835004041,6.11628976666924,0.137262919647159,0.0750998116076542,179.189189189189,49.5736210759523,44.3466260183009,170.971558563404,19.7375108428073,PASS
4.11248680903953,1.18715336783219,9.22837516953266,3.23484707441471,6.6696837582327,0.12609881715331,0.0547490332259664,184.054054054054,49.9480150145321,48.0386889590842,191.077667974751,19.830776034303,PASS
3.73361988730959,1.22563112004357,7.86889180220837,3.224687661877,6.64486474627097,0.111993341129301,0.0456470552278805,179.189189189189,49.6912164212108,44.5973500571255,188.358844341484,19.895231604254,PASS
4.97502810832903,1.01080120717528,8.03849122384201,4.98114437425444,5.85195345072874,0.152531649886145,0.0869217292596087,186.486486486486,49.6811540104525,50.8512191380726,163.498988022112,19.6382189023364,PASS
5.75358615010102,0.867447206618315,6.93473519162531,4.42256701463679,5.39893684007414,0.120443054424404,0.060822773217272,185.405405405405,49.1250069080347,51.124613066288,144.940589555823,19.5847870679343,PASS
5.34508512306446,0.910278495222544,6.74410363649187,4.8220866358444,5.59948617202715,0.119931717330263,0.0621674864771443,182.702702702703,49.1067500049383,48.7317320369064,151.251321476543,19.6819437599286,PASS
3.88091364032328,1.24993608949573,6.93235901470767,3.03752059682227,6.49926268089482,0.138693010332588,0.0752000097224742,175.945945945946,49.364002205696,42.8443204038849,181.435788356411,19.93911257579,PASS
3.73682173811536,1.13336486421969,6.06558831786262,3.35213288716788,4.68880037925648,0.130889004695223,0.073863281045905,196.486486486486,50.2803537630258,54.0347932363481,131.355038978295,18.8655607453455,PASS
5.98261059525355,0.976390205150292,7.02352217093865,3.01771896152777,6.25718578562381,0.126762989169931,0.065416423411762,175.135135135135,48.5014646027572,44.9986347969725,165.313914361747,20.1221319476209,PASS
5.37916745448993,1.00615507704578,8.97654485657537,4.89450793912377,6.8406546248138,0.147306167608491,0.0790358952888291,178.108108108108,48.8883731174812,46.6718587725911,188.918544970818,20.2427024750227,PASS
3.87855859529404,1.24035931640435,8.33408498509994,3.47310678192259,6.81141105117701,0.137838430488604,0.0682160866108677,178.918918918919,49.609190194427,44.8754521797159,193.822486800096,19.9850897951059,PASS
3.66019176629977,1.17085603431911,6.81171076938878,4.53482358996577,5.51689529544977,0.134046104440249,0.0714425262896003,188.378378378378,50.1971346940275,49.2570746010864,156.784532702963,19.3260317515258,PASS
4.61721371230012,1.10242924344575,7.28088207043746,3.81231658585118,6.18748981500779,0.138244332076665,0.0755604272538294,180,49.3483115817409,46.0112637740249,170.823026103468,19.8447437550889,PASS
4.50463444215452,1.11690765515848,6.48214587200231,3.61845845280463,5.66421754832542,0.154351898035544,0.0941922754278646,182.972972972973,49.4950096722143,47.1045812924823,155.759223248425,19.5776031044823,PASS
4.48207718071742,1.08854882761631,6.55386167894044,4.21868125481741,6.71796528410945,0.103473923489185,0.0462069410877892,170,48.4082682978599,40.6756276049449,180.225687486104,20.3104216001744,PASS
5.8083378523818,0.961442192628636,9.67463664360517,4.38551788027089,6.73157331483277,0.143869268081526,0.0724300343980918,180.810810810811,49.0122061293916,49.1367947902605,185.584816852783,20.1597117979295,PASS
4.65386588192027,1.0579148974812,6.38943351726578,3.70369495828018,6.16378404880856,0.108153255521474,0.0515623225759416,175.405405405405,48.8676248902743,43.3903035788539,166.142334021841,19.9567595593467,PASS
3.75166380909496,1.24539559702759,6.4895089538746,3.74889334774372,6.82190262070666,0.119165437289073,0.0581589970281086,169.72972972973,48.7059666648665,39.7967088641931,186.697497744932,20.2472332289332,PASS
5.88984686431427,1.01618460549493,9.20264275852302,3.16622889769029,6.27554826905007,0.159293007561022,0.0857419213785376,184.054054054054,49.3290748440754,51.0583735550334,172.300009277997,19.8882656498594,PASS
4.45938832312178,1.02427387269799,7.42883101942903,4.98104241968666,5.61708164906688,0.114013242852259,0.0525089132938681,188.108108108108,49.8967600400559,50.7059644541092,157.47949187585,19.4666519065708,PASS
4.68569068999196,1.11989551954561,8.84471767295712,3.09221545959799,6.01601609478231,0.14986366750936,0.0796223046841572,188.918918918919,50.1101997886774,51.7754029726901,170.445037433732,19.5547898838518,PASS
3.97930789989582,1.13151874642033,7.57126303535959,4.71402846616379,6.25352677310879,0.11028180526353,0.0463580449371567,181.891891891892,49.686476504674,46.3413605077979,176.313769166166,19.7738586953642,PASS
3.75085257924285,1.24213557872805,8.60683213893629,3.41503627560379,6.90241613994982,0.122892054624303,0.0526429308079682,179.459459459459,49.6797758548217,45.0063524054371,197.296263375516,19.98843314272,PASS
4.81758504258005,1.06876466894814,7.46069604796459,3.78269304709879,6.76667589580487,0.108765838668743,0.0477163277077087,173.513513513514,48.7203101221675,43.0139585464913,183.737853234494,20.2424186475968,PASS
4.87963431074911,1.04771399780546,8.94787781496213,3.95166904678467,6.59521710332001,0.111313130282968,0.044010241414949,181.891891891892,49.4380645228357,48.0052431317,184.234290392429,19.9704416213688,PASS
3.97483953909676,1.2228844193719,6.93782901259476,4.19861154672194,6.89352283622623,0.131972943222787,0.0688296361807401,171.081081081081,48.7194352033856,40.7551080628052,189.401623707724,20.2812686171529,PASS
3.54230602839,1.20199414027252,7.70629428359085,3.81682037335794,5.68857925711885,0.130914054838657,0.0643318322441602,190.810810810811,50.5788431045484,50.7665456096791,164.495813709261,19.2925412349261,PASS
5.74024402115508,0.944311398092475,9.03882440297788,4.4258584476379,6.17077994955308,0.146615155751821,0.0768335257538066,184.864864864865,49.3537211857036,51.4185073748667,170.338603780659,19.8554289926271,PASS
5.72859466811101,0.815768893495275,6.30908524637812,4.99910173426521,4.84227131362763,0.12364849974148,0.0668668303263136,189.459459459459,49.060496673013,53.9887934431483,129.017658993068,19.311288901766,PASS
4.69280977978811,1.04901669494034,8.44898944779909,3.72493900104699,5.92527255406217,0.113420799016846,0.0474926090737953,188.378378378378,49.9824136908854,51.3843715286659,166.634610969081,19.5589784744125,PASS
5.90086007507303,0.842110148201889,6.78653000069841,4.18817213582569,5.29751651225437,0.109652678042682,0.050683399772259,185.675675675676,49.0374561544221,51.5037338270771,141.178247713503,19.5544888779585,PASS
4.00689073625516,1.17982368177919,6.1862588326856,4.74253249071388,5.83508816764585,0.159590485157528,0.0989210858542983,179.72972972973,49.3661360571175,44.7981165231011,161.433682797967,19.6905769904658,PASS
3.92935737612952,1.13343597140465,9.15168771012795,4.0170872561742,5.8174834935952,0.119944132547723,0.0497662183632888,194.324324324324,50.698009411188,54.1242793070432,169.134482430218,19.3119244866604,PASS
4.1581134899182,1.1495325592674,7.78980628153335,4.93093250153676,6.99987056164225,0.113869599995669,0.0491101570420326,173.513513513514,48.8639341964351,42.534537722067,194.179033117493,20.2865861327088,PASS
5.92023211436718,0.894127504604535,8.34901631348931,4.72162957391274,6.59069419116858,0.117610862540915,0.0537258716777425,177.027027027027,48.6343557796225,46.7094148342562,178.054048306498,20.2352250640399,PASS
3.87922419702509,1.18745450005117,7.56573937310223,3.82449550054996,6.08446704206968,0.134892517706693,0.0692758234454994,184.324324324324,49.9872405005196,47.4222605032204,172.878123557112,19.6169004103908,PASS
4.6803893751477,1.01597618565899,6.31591851626565,3.48200007842603,4.83898470122785,0.127510245142914,0.070258472532303,192.972972972973,49.7665166804022,53.7480542117864,132.337270093711,19.0928010352773,PASS
4.5846782573098,1.03132220214898,6.18772378450898,4.60732724030573,5.61848015360605,0.126690939403127,0.070121051304006,181.351351351351,49.2156397944234,46.4669600147646,152.869397078357,19.6366535971698,PASS
5.4328575684975,0.90716594213544,6.42462072846735,4.72087268851302,6.32204834575186,0.101403268631038,0.0471516482326676,172.162162162162,48.2329497408401,42.7145819890203,166.655264454898,20.2345069284391,PASS
3.92098502334505,1.25958385292582,6.61470328052428,3.14905694118454,6.67520281169298,0.139679326038644,0.0775330959087552,172.162162162162,48.9551830522767,40.9339087757626,183.955875435206,20.1213526155325,PASS
5.8609019620038,0.929210505093217,6.01254239160454,3.55754420294823,6.79050592720868,0.103626578220081,0.0513049240878516,163.783783783784,47.3318527701297,38.8829657135902,172.811232787809,20.6698370394454,PASS
3.52941334383915,1.16761564928396,7.57379160323302,4.33802531913479,5.48626024320314,0.118251531116337,0.0531065803990272,192.972972972973,50.6372585878707,52.0503805198934,158.454714188803,19.1937330372532,PASS
3.86193191371797,1.2581031320836,6.25293377444895,4.37310411162557,6.99016498817127,0.133899778280701,0.0731328357071292,166.216216216216,48.2166470848093,38.3261176457325,188.696199849655,20.4622249479429,PASS
4.70338233470864,1.11115670804856,8.64347790057487,4.34926645257154,6.78553848531696,0.146406503210295,0.0778646252156353,178.918918918919,49.2233245506015,46.0175966604854,189.7317781936,20.1094480514497,PASS
