L_fuse,x_wle,Arw,Art,bw,SM_0,SM_dry,Max_Speed,ROC_Stall,Stall_Speed,Endurance_min,W_total,Result
5.78461790052218,1.05161231517139,9.18152281004699,3.05560836449485,7.08591214615813,0.139038852712301,0.0683422465330308,175.675675675676,48.644573055349,45.7208153511049,192.485504178262,20.3787206871017,PASS
4.6205440498905,1.31210932944166,7.53302157365044,3.36461211204489,9.56637777132702,0.121792378809567,0.0601226754742596,147.297297297297,45.288074011277,32.0419512969219,239.663567619316,22.2349382996178,PASS
5.0172244195342,1.22939492798952,9.38088093804508,4.68304167377558,9.43835537406569,0.152768161024711,0.0829593010500623,155.675675675676,46.0517988201349,35.9982738835356,246.309281547974,21.9373697194571,PASS
5.54682109188062,1.10324352937405,6.80618803962532,4.70354281209393,8.03132809699687,0.159714392903583,0.101047783512111,155.945945945946,46.3648352685022,35.6280994337832,203.928112042199,21.4451099988511,PASS
5.82070825733825,0.91378334979246,8.88322037575844,4.74701494182853,6.22673220862491,0.137358215455484,0.0692202328764011,183.243243243243,49.1996935443197,50.60800568977,171.172684913377,19.9278553278941,PASS
5.17525846924387,1.04042053471901,9.15183367965651,3.70926831842345,6.00175011933583,0.155061698042227,0.0838123495709108,188.918918918919,49.875670658104,52.8856119574281,168.464531917288,19.6243347252596,PASS
5.44144544675947,1.17088181685833,7.79896359306671,3.63419518327691,8.39035964029564,0.156639269187765,0.0928681300144401,157.837837837838,46.6435833919985,36.5058120755931,216.872445140018,21.4447240392233,PASS
4.59449765785779,1.23798652357159,8.35477203260903,4.65226837971548,8.98576121652515,0.129202143027096,0.0631772765154549,155.945945945946,46.3878146028312,35.4865298294271,234.885764127636,21.695735721796,PASS
5.3049152977504,1.07093254463002,9.66001758523693,3.19448754347176,6.84615415372747,0.133004990774133,0.060951353001404,180.810810810811,49.2574979229257,48.2106584495018,190.205608785997,20.1035951954175,PASS
3.53726846954528,1.17363213991523,7.69911571625395,3.90599675343692,5.39208037950309,0.123013828065273,0.0574970496970121,194.864864864865,50.7756926289785,53.2824851080101,156.090501890017,19.1123014455844,PASS
5.73261184682079,1.18222681906611,7.38785889804823,3.20293223939417,9.38225022903494,0.134281013839658,0.0755751643940241,147.027027027027,44.9936704696973,32.4090690318478,229.485354608236,22.3100588970522,PASS
5.26368525626032,1.20900652820817,8.92244294807349,3.47181876935071,9.03289656738164,0.145854886938199,0.0781933410800325,157.027027027027,46.4228073723323,36.4733135057248,235.145731083864,21.6866718604714,PASS
5.48493835660034,1.04310659363077,9.78832004196561,3.75041828968388,7.7437077207738,0.115801856866624,0.0464490360599917,171.621621621622,48.1922679045147,43.5635533800374,210.469656851271,20.7256668210053,PASS
5.98523864703685,1.15912228482294,9.08294175272692,3.00088554591722,9.53140274690686,0.135394436939729,0.0695206085467113,152.702702702703,45.5815720748294,35.2251551484187,240.333300740803,22.1240746926026,PASS
4.29129453448002,1.31633921787247,9.62902937922295,3.88120812643971,9.38526795884232,0.131685912126111,0.0588793155713769,158.108108108108,46.6402524479619,36.4660647164571,250.845327455473,21.6850691993801,PASS
4.09359770635479,1.44614565901779,6.40893487174646,4.95684432758853,9.4203822318414,0.145360481732768,0.0836980864687621,142.972972972973,44.7457602455616,30.1423335768347,232.444475345754,22.4273059951175,PASS
5.49275365702651,1.20496986301914,7.84780588008198,3.5752555041718,10.2342908663397,0.118778589550474,0.0602823866176768,142.702702702703,44.1097587152338,31.0074018462774,245.720136491649,22.8754785864475,PASS
4.55377537957595,1.42175910378587,6.06382498345966,4.29744917358591,9.70130094944098,0.149396479444404,0.0918512542269642,138.378378378378,43.9764859444548,28.7191171501424,230.451007462481,22.8206305956683,PASS
4.01175145480763,1.13436067548568,8.89099643772789,4.2247006418753,5.81360430305021,0.135637222769821,0.0657065090076087,193.243243243243,50.5753285561622,53.4374574445533,168.456302743572,19.3510371863093,PASS
5.20040119912515,1.20803354050326,7.03277466401415,3.12577421218086,8.86174102624408,0.125566999141328,0.0671954913322138,150.27027027027,45.7420153222722,33.1531394677196,221.578759388413,21.8792736964039,PASS
5.94340584168052,1.10651933355314,6.25255138135486,3.25907451433816,8.04559092559836,0.14881789970474,0.0932358057991076,152.432432432432,45.9680674395498,34.1831669372555,198.883096968289,21.5652943939735,PASS
5.19481795844599,0.98309278923361,6.48268729889083,3.13712062410354,5.46199122756202,0.107182442307465,0.0497836870946908,184.054054054054,49.2661210131251,48.8068854185078,147.012053240241,19.5425524349448,PASS
3.72915136877238,1.1693320415865,7.37465194558666,3.82902284301218,5.32528709898721,0.143091687338876,0.0784977881423102,193.783783783784,50.5913065630081,52.8307436020457,152.849396847656,19.1333116756726,PASS
5.75671709663097,0.912014185957639,9.28102229857086,4.51572268537315,5.9978946291634,0.128461548015249,0.0584938147636658,187.567567567568,49.5297871667403,53.4386978532795,166.113812519287,19.7326655811587,PASS
5.38343329824067,1.14638552818166,7.75322875576281,4.17908225189845,9.74162686810181,0.111851678649923,0.0539623337680058,145.945945945946,44.7005641200882,32.1284531292765,238.100459052738,22.5233087679256,PASS
4.47421465859143,1.15782446341679,8.63540863652558,3.90677990091404,7.74671199227402,0.106872419626102,0.0403881210567655,168.918918918919,48.2598299777848,40.8751836308454,211.926528568398,20.6987221076374,PASS
5.23966581435058,1.1256060209765,6.22340836849653,4.03212309703056,9.20626888395125,0.102767780831688,0.0516790530594547,142.702702702703,44.4908227573254,30.4077979918731,219.028009584595,22.4481795549024,PASS
5.92063178480839,1.04194167726214,9.34939890029056,4.13404006810952,9.57695083657352,0.106335548038491,0.0438338037022957,153.243243243243,45.4917964724454,35.6120116723518,241.69850592993,22.1786963163694,PASS
3.64262553786635,1.16773668815999,7.58431393878794,4.17252001376515,5.71566374102147,0.117484231183699,0.0524445360749536,189.72972972973,50.4112395044483,50.1999828657376,164.11428807795,19.3506853862926,PASS
3.5747215118673,1.1843100354179,7.32580875316813,4.37549940568694,5.16612361539716,0.157302029796027,0.0917628935540936,196.216216216216,50.7346885231001,54.1303781461698,149.348191681505,19.0295407266965,PASS
5.79655901134233,0.946038908520003,6.94326307416342,4.40476109473636,7.48355932766353,0.109595529845559,0.0540083125697773,161.621621621622,47.0516540451002,38.2460278517577,192.143387491678,21.0328264985415,PASS
5.9536649235059,0.871065597991141,7.31753545931948,3.82556058948384,5.73131533335992,0.101611727934816,0.0406108288278274,182.432432432432,48.9905083223265,49.7035494636823,153.275451338566,19.7692755063674,PASS
5.15559523005581,1.03724802233615,6.60804278582809,4.22563710131543,7.76800559523486,0.098191812614532,0.0438314418825146,157.837837837838,46.7943820947251,36.0810466064524,198.460540786496,21.1922291120239,PASS
4.553594711825,1.28763828786592,9.51231577624128,3.06685213304267,8.72834707631618,0.144618872296868,0.0719024730313158,163.243243243243,47.4541516915871,38.5612551802335,236.836405397688,21.23011044532,PASS
5.31049138297672,1.12887571743648,8.95281591104485,4.43854806745895,9.62580080570324,0.110618203038113,0.0476153998551725,152.162162162162,45.4877183983079,34.6818107820524,244.089598394582,22.1916599469622,PASS
3.98656290519929,1.38003728175746,6.70250619299453,4.63797736287331,8.68999849560776,0.140682726554371,0.077414747116949,151.081081081081,46.1264158212159,32.8731239198937,223.855318834829,21.7048258890227,PASS
4.21559010929268,1.17262681655151,9.25193561293062,3.15144087600582,6.55974644251757,0.126843433519677,0.0556656269408621,185.135135135135,50.0125247301077,48.8364405562746,187.738696690294,19.7743257156079,PASS
5.04880263044932,1.00363675863628,7.97924622221662,3.99320435708253,6.3236292819912,0.104915520255962,0.0421271115137909,180.540540540541,49.2513214330336,47.2313784164216,173.890927695826,19.9298647623153,PASS
4.41090780492765,1.32141496514554,6.34021506364782,4.56969481713023,9.34524896807701,0.122793215650358,0.0656206698795955,142.972972972973,44.6832209958976,30.214685686177,227.481064251146,22.4174442245399,PASS
5.26242094897497,1.08224693618222,6.10382406877888,3.10203426902237,7.64297453092064,0.104229606020783,0.0511455085143581,156.486486486486,46.7132945141702,35.2158395869091,192.98186162997,21.1578281451239,PASS
5.55597842149444,0.886805442180375,7.17876754229486,4.89915465282381,6.26212474282781,0.0996801066076568,0.0419990307448128,176.216216216216,48.6289058569676,45.4392192107481,167.860850963721,20.1060812451416,PASS
4.83183260377701,1.19226372508771,6.48888563467612,3.26764513592908,8.31563029446426,0.113065747746766,0.0569184976376434,152.702702702703,46.269923888804,33.6599491483824,210.104936451778,21.5238179805875,PASS
4.18309150184675,1.21773553165951,7.3203771308923,4.54294313091863,7.09984029421966,0.146979040273204,0.081825055203923,170.27027027027,48.5453650618809,40.781849675297,194.975709252226,20.4159557975097,PASS
5.03892180578069,1.2233312705163,9.64659254749833,3.01824839674438,9.02423452652646,0.12963503853136,0.0593110622340748,160.540540540541,46.8885422236151,37.7999354617945,239.338141984717,21.503101378116,PASS
5.92137678215332,1.15973075490252,7.3633102706119,4.53415165149929,10.4146594977196,0.138137366364815,0.0826210015941493,138.648648648649,43.2445495167193,29.7903940570721,242.073829391442,23.304603588507,PASS
5.71004104681511,1.05523493327338,6.28174031447362,4.49166223964378,10.3292451808193,0.0920161202020642,0.0454098613412953,133.783783783784,42.7016589270545,27.8779378632957,230.902876292782,23.5315567457757,PASS
3.74471174687633,1.2442489512537,9.25374083630016,3.92273356790678,7.03304858860469,0.132059470022173,0.0584243156365934,180.540540540541,49.7208861599095,45.8396606961052,202.778849317296,20.0228026093113,PASS
4.01309554723692,1.41652993042876,9.20667250128799,4.93858775043038,10.0471019251643,0.14050021502913,0.0667339675902836,151.081081081081,45.5618605716809,33.7477176058709,262.624306657215,22.2607559386442,PASS
3.72388139018301,1.3599892341468,9.76620684102974,3.87657474919882,8.30734233218152,0.155874576019957,0.0773830780091179,169.189189189189,48.4090903870182,40.6388016426622,235.463362160315,20.8042592354442,PASS
3.6855188224577,1.18852748529572,7.32470066964624,4.739662691136,5.64757460787431,0.150786427372594,0.0848404852643717,189.189189189189,50.3157505525354,49.9399277782549,162.120135925982,19.3598534837416,PASS
3.82424971191817,1.24769200312071,8.29135842056045,3.26808443707434,6.96195656262173,0.126116091961074,0.0571767003379853,177.297297297297,49.4724756782628,43.8853202079183,197.419377492749,20.070012654953,PASS
5.1295564180659,1.19743253121919,8.50693514698408,3.31724163548774,9.50871332495395,0.108823226962165,0.0460088895535996,151.621621621622,45.6654316991079,34.1359819316533,240.922629442622,22.0783879580015,PASS
5.54879406872919,1.16537328258873,8.2785507657083,3.40319014881128,9.54659381835626,0.120784394339735,0.0593208125241014,149.72972972973,45.3054261902401,33.6581787337229,238.077571296963,22.2328927084584,PASS
4.84374131175821,1.27219558682889,7.88576568078027,4.51655217046308,9.8798062988539,0.129283360628713,0.0670002588855023,145.945945945946,44.7868571872866,31.9520481917236,244.890487453543,22.5279965482569,PASS
5.84613237849849,0.892699372021614,6.35413801480462,4.94174728067194,6.24669288802089,0.136763380205177,0.0809680607666988,171.621621621622,48.0505304979162,43.0309216279976,163.426503334486,20.2710915804016,PASS
4.48998438553728,1.29632742475445,6.88840710152881,4.87336305014732,9.58382467425249,0.118672877838772,0.0598334009601755,143.783783783784,44.6704006186798,30.7621184213941,234.748797565572,22.4938382537168,PASS
4.92784758392625,1.06921739633016,9.80316300002246,3.34883667171632,6.1574939048793,0.134116374269534,0.061329070202704,190,50.0823656288007,53.3337679201208,174.628410162841,19.6118455773393,PASS
3.91895530764134,1.20978598016981,7.14003781304918,4.44371281654204,6.8870099480326,0.12357801739245,0.0598603363847581,172.162162162162,48.8387061656588,41.3465698988526,190.271952906956,20.2447331084664,PASS
4.90237150269566,1.19765042362354,7.17798851565732,4.99243841923062,10.1788213140161,0.0982366996009604,0.04292859947766,140.27027027027,43.7985942570791,29.8967414631221,241.904567399892,22.9991670464139,PASS
4.33210843799414,1.21218854489803,6.79873515069047,4.02528719847852,7.02441468664447,0.147990736567116,0.0857069938848745,168.108108108108,48.3251087048743,39.7592236665518,190.020713036015,20.4522045176796,PASS
4.00833728946909,1.30486513815411,9.71611612386151,4.91411100771662,9.21551461800721,0.119151930877567,0.0452748780422522,160,46.9214055398589,37.1893433199012,249.750677379846,21.5504171683721,PASS
5.69541165812903,0.946329845979721,8.50081470006009,4.69864857858756,6.17377004927324,0.153425363631868,0.0859361030156965,182.702702702703,49.1972926851738,49.9083654672885,169.596650449155,19.9094478954474,PASS
5.91313890623965,1.03456787118052,7.36964232833794,3.33649162507585,7.32019377456893,0.138283428228747,0.0769124904397201,165.405405405405,47.5576225029468,40.0656393916621,190.791759162649,20.8072686292817,PASS
4.74752279547174,1.23808014351817,6.70078226641188,3.29647351761277,8.41127386878247,0.126607288949332,0.0680625187563923,152.972972972973,46.3339114753162,33.8259162649977,214.173926675585,21.5362138028424,PASS
5.9040263896261,1.17227251313161,7.00005162128333,3.09936203742747,10.1285732493413,0.116909388471007,0.0630135877133214,139.189189189189,43.6445994069731,29.6962444187779,235.970274846168,23.0393666374734,PASS
5.12976404046141,1.02863030148931,7.32849215785858,4.6995294967351,7.83742760912931,0.0975134806463983,0.0400728223733295,160.810810810811,47.1134291065532,37.5969324542553,204.128963949245,21.1207558282196,PASS
5.90705600497894,1.02054138064882,6.93531991239949,4.08434689387803,7.65648250888846,0.143593984409691,0.085488015198101,159.72972972973,46.8229239653165,37.4791416017448,195.521223606404,21.1662311944296,PASS
4.10232788636815,1.40993878396323,9.20873921088855,3.41330381354378,9.70084463976013,0.143666198975694,0.0704460015210329,154.054054054054,46.2074884926603,34.6877400061907,257.092201399433,21.9201291939968,PASS
3.80507248236953,1.17364946800521,8.69067581392988,4.93742577559421,6.59549121538899,0.115056212195955,0.0452071736244114,182.972972972973,49.874741919326,47.159149219383,189.673770943589,19.8447137932108,PASS
5.00696380679682,1.17753271524057,7.06595709625861,3.19747696790331,8.9878115161048,0.0990685117735284,0.0424899399841751,149.459459459459,45.6502220268822,32.8117168795044,223.974085410602,21.9415347207947,PASS
5.38857644603621,1.09932046489739,6.40532073783576,4.83492254752561,10.4119514622029,0.0897393513322035,0.041697622712646,134.054054054054,42.757321244797,27.925721881773,234.552245278047,23.5290492835644,PASS
5.4479520742668,1.2749206873209,6.91578347357782,3.04711072425381,10.0456958812816,0.131038519743532,0.0746588593660583,140,43.9159127247714,29.6734665824565,237.52498540106,22.9048477964962,PASS
4.21677930338696,1.40228402876311,7.42260239833009,3.26928887125991,9.99382719451935,0.118029460688008,0.0556109660183854,143.783783783784,44.8146409684037,30.6422149312044,248.597874611561,22.5226743119258,PASS
5.213202496435,0.962553971367075,6.81994251623168,4.51489741866682,5.79033109307808,0.129434083459805,0.0705706697370335,181.081081081081,49.0873601273604,47.4921915468819,156.797303688077,19.7670871272304,PASS
4.91343878024238,1.22902663334556,6.25752872665661,4.85069374463032,10.3786243286,0.10108327823369,0.050166623642364,134.054054054054,42.8902118546494,27.6527211675642,235.764725956695,23.4652213609901,PASS
3.68086431323995,1.33002489275428,9.39395476538958,4.65334700657377,8.56728322864264,0.123458543331374,0.0483217185727902,165.135135135135,47.8526515820713,38.885178481464,238.308685185463,21.0609594553161,PASS
4.41742857986349,1.10484818114529,6.21453267131877,3.96891002252105,6.85426971671683,0.0984903588829294,0.0429826472664498,166.756756756757,48.0862413408172,38.9524899941276,181.607744925619,20.4482679695647,PASS
5.12952630987783,1.11262558706147,6.27752938431447,4.12050708544182,9.17173980304931,0.0936130263549453,0.0427095878341086,143.513513513514,44.6176937372181,30.6145194749356,219.2400801732,22.3893644188867,PASS
5.3048216429031,1.24300699353745,7.18395410226848,4.72755359371596,9.81701387223768,0.1476649890353,0.0888750064639799,142.702702702703,44.2214628359788,30.8419411884195,236.455272102854,22.748399353764,PASS
4.33294691737512,1.30684580471027,6.5294000050537,3.76955055575509,8.30175075359483,0.139063751576749,0.0786736967287283,153.513513513514,46.494664221497,33.7626174014779,213.762771138664,21.4491701338078,PASS
4.51705558823712,1.23043970382304,8.54340923610933,4.21657450293583,8.03167650170341,0.150828685721915,0.0815533905782295,165.675675675676,47.8311007834414,39.4352052540499,218.594650930381,20.9325236608141,PASS
5.16343625786831,1.3077349174067,6.77837713505053,3.26880465216626,9.952221498139,0.133772254688753,0.0769038467986212,140,44.0335527122675,29.6079757465285,236.660776305773,22.83515398946,PASS
5.24751782887505,1.2410783897447,6.38113040504773,3.20110678805144,9.03044724518866,0.135286367206676,0.0795850338922097,145.405405405405,45.026876166487,31.2100678461854,219.575441673036,22.1912874668842,PASS
3.8257831590761,1.2007502215575,7.60171653531127,4.11247787471505,6.07712606367976,0.145524266099324,0.0788272952372361,184.594594594595,50.0260258643154,47.5826203620166,173.35931320693,19.6089213074905,PASS
5.44312448038801,1.14907132291929,7.95069457178953,3.15733593661107,8.26007925986286,0.13585771659144,0.0724094199041506,159.72972972973,46.9457609854766,37.3080848633294,214.847756894813,21.2932250880673,PASS
4.63509415296648,1.29898294401303,6.13237251151437,3.30443918292106,10.2082768149988,0.094500947647394,0.0429928865228379,135.135135135135,43.4241502392406,27.655305769,235.639597221003,23.168901932466,PASS
5.89249390023776,0.965135997090562,9.15223045647436,4.80502493006237,7.22773879230687,0.148664430044987,0.0804292959208401,173.513513513514,48.2827397141515,44.9553285331791,195.953009096361,20.5642311234186,PASS
3.52455208414545,1.3902540713694,6.08142840724313,3.58611941283701,7.58926938917095,0.138084572783873,0.0761467622755504,158.918918918919,47.625966864673,35.1388435635189,203.646973750401,20.8468980435662,PASS
4.0598203189033,1.4065574818683,6.1218727726398,3.77955328423762,9.90793998935835,0.106763455966092,0.0509194299202934,137.567567567568,44.0178679202092,28.2708960791214,236.144549859935,22.8472407313341,PASS
5.24988940203156,1.2279003374487,8.02820194353437,3.59782772896052,10.229693331807,0.114822918673952,0.0550269380734777,143.783783783784,44.3159573905359,31.3149559075842,248.2354894632,22.7867676430335,PASS
5.42725766094419,1.20859000076302,7.77126810505306,4.05109085329419,9.83164978466066,0.135924074741742,0.0758265491009809,145.405405405405,44.6008514815953,31.9190738573944,240.128473786986,22.5909058340892,PASS
4.66460833162969,1.29657057957383,6.4266209862221,3.99249796190455,9.34464933065283,0.125517656682705,0.0688899176456061,143.243243243243,44.7278426279155,30.4077244767324,227.066019536411,22.3966646003632,PASS
5.29148333340811,1.20587464522042,6.00213330592104,3.26895716683069,9.48861561849618,0.113496491064751,0.0624697641956797,139.189189189189,44.050578362756,29.1379778904423,221.849408340484,22.7034085181842,PASS
5.85610347156783,0.994957609315199,6.83017407037113,3.78153803091739,7.45511193247586,0.1236543219742,0.0668711813151662,161.351351351351,47.0592583231787,38.0593092070798,190.90504507448,21.0121523789518,PASS
5.9654592869893,1.02025748231831,6.75386705878753,3.61534702945567,7.66518677375839,0.132854396548781,0.075971744456155,158.648648648649,46.7238617596503,36.9664916964004,194.27988867299,21.1924721423558,PASS
3.89400732972236,1.4223706563667,9.587153654974,4.20578428219804,9.66381292327386,0.147989442514591,0.0714086487283194,155.945945945946,46.4106038425408,35.4661671268011,259.833774896677,21.8427857929826,PASS
3.94167975047333,1.45825835608113,8.79454969649691,4.48790585071902,10.1447347243326,0.142130399015671,0.0695182448300457,148.918918918919,45.3205463850669,32.7513359547477,262.733062085282,22.3768008502966,PASS
3.86758155940438,1.38301750343179,7.71511189101024,3.62251435676714,8.86553773641833,0.129949206563772,0.062710614368745,155.135135135135,46.7057546033957,34.4348951337697,234.930245050976,21.5346411948491,PASS
5.82575538639567,0.948169746996041,6.89680298824262,4.81520179438561,7.70747447860805,0.116648764570271,0.0615177400296493,158.918918918919,46.6906330730136,37.1863178331475,196.297767362354,21.2331730023695,PASS
5.35994777849768,1.1210213960838,9.45756046466628,4.69682615030833,8.88120575202095,0.141686727469294,0.0735792024525264,160,46.6568622507966,38.0966802618811,234.186459704054,21.5779993922371,PASS
4.54375564621917,1.24167794209138,9.76090284280747,4.15628287481494,8.98991156114311,0.13069487476901,0.0587129207958545,161.621621621622,47.0657451470376,38.1135544661407,242.161835905662,21.4413402494303,PASS
5.25734131806321,1.31115130120276,8.02448553430995,3.09435386060487,10.25074975838,0.138050685708705,0.0755930409245048,143.783783783784,44.3871773569177,31.2266863055005,250.067317832865,22.7623994192465,PASS
5.26189073072125,1.04491774404311,7.17143396844826,4.80790603235118,8.40160831244497,0.102668735870282,0.0466245779767784,154.594594594595,46.1922205731521,35.0923829125755,213.054227690236,21.6081084262891,PASS
4.56651499611264,1.11168044689964,6.20420657829419,4.01367347660709,5.82717217449457,0.157063655078261,0.0981658860681454,178.918918918919,49.123840304174,44.9945020056941,158.537625137665,19.7524296501265,PASS
4.8098280049721,1.33012991577107,9.24818267826355,3.70877623454514,10.2522951963763,0.14121122289537,0.0720478068556502,149.189189189189,45.090793813238,33.311027173767,260.200563727551,22.4819526409281,PASS
3.76541675047053,1.31992143529361,9.99547656305459,4.64410582070347,8.22179167780937,0.148409058631499,0.0697002999932704,170.810810810811,48.4905756649621,41.495867494931,233.668465336677,20.759232945143,PASS
4.43266284545851,1.35491062335695,9.07707037709949,3.21898019260463,10.0367304136947,0.123695619940761,0.0547115780494787,150.540540540541,45.5514287149771,33.5297752730011,258.356231772931,22.2419200353952,PASS
4.94776779142952,0.963915337850674,6.12410864003885,4.83963653689167,5.31805505512579,0.134269595692533,0.0783096511263194,184.324324324324,49.1941176810005,48.6836556152032,143.759946470257,19.511978508983,PASS
4.24421906819613,1.44818242274941,9.05305780077769,3.60449098602714,10.2086066539789,0.153914353790281,0.0812552459948314,149.189189189189,45.3459359621346,33.0185103164751,263.922722606314,22.3730283319297,PASS
3.81926803362316,1.41241400551652,6.56433270314942,3.59564861964579,8.00609436491082,0.159708417273332,0.0949735571900154,157.297297297297,47.2444751140146,34.8240911548423,213.552187430868,21.1097252466598,PASS
4.48661725078042,1.1309581889562,8.48516123781938,4.51789383653438,6.95073704189525,0.133897021355269,0.0662114682919854,176.756756756757,49.0846493380573,44.6166392800498,194.164501770452,20.2054022400554,PASS
4.64705682823817,1.15562984934125,8.65159620406744,3.96247939754036,7.17172977296195,0.146807590002399,0.0778376893192616,174.864864864865,48.8697633034753,43.8082280415189,199.141631958659,20.3392596884752,PASS
3.58385506393771,1.49072207381415,7.0188345740255,4.52870245595351,8.94469227153419,0.149875964651296,0.081749253429948,150.810810810811,46.2162290777982,32.7172905592986,235.04007062814,21.7516715640788,PASS
4.09229586111281,1.4912985573927,6.34481653264799,4.32329479236879,9.43537957863427,0.156285023106587,0.0940241785392448,142.702702702703,44.7711446638362,29.9365964103882,233.402567104876,22.4169592762603,PASS
5.59124893278811,0.937741698020168,6.84930672988795,3.54396179589183,4.98939919563838,0.143429622710026,0.0815241471772176,190.810810810811,49.4248728704778,54.5529068587145,134.416568973788,19.2822565965173,PASS
4.90180160890524,1.20789497470916,6.33092038471139,4.66500799486264,10.3341063680063,0.0936838756388984,0.0430431080280484,134.864864864865,43.0383451053516,27.884666263644,235.866800540843,23.3820227552167,PASS
4.19051555235607,1.47471620046161,6.94791249872805,3.9191876953271,9.59190990345551,0.1577732725581,0.0931980836622969,144.594594594595,45.007103876941,30.7796959386572,240.466755007432,22.3643698530755,PASS
5.97577177677482,0.95988476075498,7.20084316529406,4.54528985779652,8.81141596148491,0.0996174105285318,0.0463259422025724,150.27027027027,45.3617823884372,33.8588167710392,216.505440531378,22.0355443460582,PASS
5.19739957686352,1.1206130840769,8.34968587478628,3.79506759124858,8.05314605695099,0.129858331105258,0.065136781509446,163.513513513514,47.4220112247256,39.0141453072504,213.613563282097,21.0754755479591,PASS
5.83060741027862,1.03029003516924,7.52112547264593,3.17943473144327,7.2960741137113,0.124046039687968,0.0626270554945024,166.486486486486,47.7173535821527,40.5470682493919,191.107205032168,20.7437242230615,PASS
3.69218175206948,1.35703043638723,6.49406913691017,3.54312687713693,8.50073507382027,0.106523920549158,0.0461314376429044,152.162162162162,46.5270364101298,32.9089101411383,220.695487581872,21.4830148623424,PASS
3.57713375818881,1.42769244652171,7.80192236383284,4.35136426610882,9.39229062675591,0.114745584563727,0.0464565490773903,151.081081081081,46.0443895331814,32.9743175266598,245.988582768854,21.9161985396806,PASS
3.73129262437602,1.42924552155044,7.26438639948412,3.38556815918323,8.76928178764765,0.137834493085033,0.0712621383626387,153.783783783784,46.6954474896774,33.763082010406,232.596628466589,21.5122311670192,PASS
4.30786768256149,1.21695208277688,6.69369231248137,4.70197617922601,8.60240318992479,0.100194164368662,0.0424714209128795,151.351351351351,46.048944762459,33.1812817831228,218.368480513381,21.6986309656149,PASS
4.85453417877444,1.27438215918145,8.47995530084339,3.66093114111748,9.67562218266055,0.129344787231204,0.0641229053801628,150.540540540541,45.5051786079888,33.575702449159,245.828092174951,22.1863892895149,PASS
3.67532616508331,1.47987559296124,8.45921670915808,4.80667305709664,9.52935990391745,0.151582638377311,0.0773349031993869,152.702702702703,46.1251560280343,33.8540726274401,253.49920031027,21.9326609754228,PASS
4.80385016813665,1.18200956884831,6.18179790584065,4.31072018702724,9.51644953119622,0.0929750251083389,0.041682056402817,140.27027027027,44.1630869867976,29.4609581629306,224.882124309126,22.6673631869847,PASS
3.94715584596213,1.23017902957179,9.48875979686583,3.50803999865401,7.46029412505225,0.115734016620238,0.0430984008292892,176.486486486486,49.2358188385583,44.0540267940145,211.943960629251,20.2929808013528,PASS
4.77880832828848,1.07781817685876,9.19527801030097,3.25440296001673,5.91471289402229,0.132563084268531,0.0621379990096206,191.081081081081,50.2023114828259,53.6012796123836,167.645234032095,19.4861015660347,PASS
3.50653431308018,1.47825733512898,7.03556190155679,3.9009014781337,8.39843253906705,0.158990460574137,0.0900291736000909,156.216216216216,47.1402014591225,34.4986019898936,227.054591890312,21.2702627202171,PASS
4.96175662934251,1.18896074521645,7.76151970299988,3.25817860117843,8.18460158577144,0.129332244293012,0.0661869108941828,160.27027027027,47.1591612366159,37.1130257782459,214.940559673084,21.192062357151,PASS
5.37044399591689,1.01007067966512,6.29563845438117,4.04345165953582,6.47155463104401,0.136450406996183,0.0799646845446592,170,48.0969933102028,41.3992409153634,170.020523061659,20.3251797115402,PASS
4.76471212055625,1.41826613180847,6.09919011307727,3.53097330219308,9.82078484346823,0.150083647966231,0.093301579726745,137.837837837838,43.8807562476818,28.4934857058056,231.979509878332,22.886720128944,PASS
3.9624851786345,1.30978776029349,9.55365442987664,4.11128271432899,8.20642720704351,0.150962674194987,0.075036566675321,168.918918918919,48.3051503751521,40.6987317849065,230.237133323992,20.8148191439146,PASS
4.4172718448646,1.25734655874379,8.73295337116149,4.10442332964936,9.36678692888038,0.107242620630749,0.040858203877651,154.324324324324,46.1808403881758,34.931181135403,243.992563206261,21.853392034265,PASS
4.28956072725153,1.36203917134065,9.28944178276544,3.32141861419536,9.09761463805436,0.156319616977755,0.0825255842563887,159.459459459459,46.9868996112493,36.7856587335968,245.454903859428,21.4928845223411,PASS
4.8085319140872,1.14389049315999,7.18811958675031,3.16266520302895,7.08539805629928,0.126166668239448,0.0647938387139606,168.918918918919,48.3125526379136,40.5479239352129,190.301133893947,20.4702258472113,PASS
5.33340978381262,1.07876670350009,6.84581323119906,4.88011285677985,7.56105433797094,0.151523597560345,0.0924772392785016,161.081081081081,47.0939559765567,37.6026932630094,196.169255066904,21.0498860874765,PASS
5.97266471898338,1.02415398396106,8.10048020575243,3.05151019832516,7.90691386363493,0.105165645476265,0.0432545556663536,162.702702702703,47.2011164717283,39.1631994624908,205.140698160967,21.1023952627782,PASS
5.79915820749281,1.14147783734846,6.70177682093165,3.03036179615341,9.38338243583664,0.114352157893312,0.0606819653210098,143.513513513514,44.5388378271428,30.9792837037931,223.801970945552,22.4772818256789,PASS
4.3418272385834,1.18073247438739,6.01344053384456,3.444415347061,5.97907519224904,0.159813425479038,0.100870817459579,176.486486486486,49.055823071837,43.2511282685437,162.685738952093,19.8249484125786,PASS
3.60892359071865,1.2390346213334,8.24414989302327,4.59793639520795,6.31491911673497,0.151214299045407,0.0800989060235554,184.864864864865,50.1500873811156,47.758455450347,183.026299268941,19.6681007875476,PASS
4.16660830986968,1.12481732359248,6.04264898498976,4.73225878053862,6.14986592208576,0.125170746812365,0.0678288273456754,174.324324324324,48.8460785717053,42.2967006079106,166.886834276489,19.9613120707436,PASS
5.83101355832895,0.955588736852323,7.03724634677971,3.82223031260555,7.56369955353733,0.0982252815314599,0.0425427647363583,161.351351351351,47.0511081868768,38.1129737024947,193.776283718099,21.0515282394199,PASS
4.41870411301028,1.37024038804959,8.09752241965569,3.56552869552129,9.76927964415467,0.134942586062379,0.0687824542492512,148.648648648649,45.3932045564374,32.5418984720817,248.542765406273,22.2500437505208,PASS
4.21279433920794,1.3156240916959,8.99843225213315,3.93266737281488,9.43192972076534,0.118194616871965,0.0486458222656326,155.405405405405,46.3380362294616,35.1774251418092,248.542759976172,21.8089386094828,PASS
4.93770568397517,1.06825220137193,9.70492646019251,4.94892215705946,7.27227861561282,0.13518749374423,0.0643744243909249,177.027027027027,48.8874533010457,45.7958338136024,203.458704960944,20.3738397111906,PASS
4.5281505294003,1.36112024508682,7.29621800860082,3.15158384062187,9.36484409006692,0.137520979213798,0.0748676049156435,148.108108108108,45.5202993229839,32.1116157282665,236.610521784129,22.0952943230691,PASS
4.30674620046,1.22902875080103,8.84872405873282,3.27779446361237,7.07964186755005,0.157416614472395,0.0856987775758172,177.567567567568,49.3038455420699,44.6901665449359,199.916124407096,20.1668489760985,PASS
4.44130835845675,1.29344710331488,7.5302301629876,4.34162783850954,10.0721436874995,0.100299518114451,0.0404286692666407,143.243243243243,44.4728117769797,30.7342029979937,246.574285239416,22.6856725792992,PASS
5.73881070840525,1.26517968784231,6.67847477087933,4.17185814141424,10.4676985702222,0.151225781075076,0.0964878170289283,135.135135135135,42.8640929452662,28.3439840079592,238.458023008212,23.4973609996102,PASS
3.54051178890158,1.33253966854306,7.46499080936328,4.75113509328975,7.15184074138466,0.155717064355462,0.0857594360700715,171.351351351351,48.8992881688587,40.7925965330828,201.358407475317,20.3255013354518,PASS
5.15550739559434,1.07793367726012,7.59230657149852,4.82793333607312,8.79185342625424,0.100321280216753,0.0426059689577526,153.243243243243,45.9580587139199,34.6612167612027,222.921670769286,21.8045397793626,PASS
3.74898742457183,1.20319261418844,6.16569186970098,4.75831577152668,6.04294138187569,0.137652892015903,0.0771721796804935,177.297297297297,49.2872211886832,43.2985650941485,167.32340363679,19.7940256302637,PASS
5.26195245300082,1.20506128776687,6.47099695188871,4.52817299941013,8.90172534284038,0.149651548957882,0.0929818108565021,146.486486486486,45.067169266601,31.8615513593994,217.613666747001,22.1606857589498,PASS
5.67664847954565,1.11519047114346,8.74317462134679,3.90163413439404,9.01778906847436,0.135561217647409,0.0711405247938547,155.945945945946,46.1188258996623,36.2637432371019,231.184459065267,21.8046153202665,PASS
3.93346811764046,1.40952147674082,6.87180370642353,4.72320644100967,10.0813368453337,0.105476438404763,0.0450365626254709,140.27027027027,44.2076124145751,29.4116015919898,245.2635698786,22.807360617285,PASS
4.12883896715782,1.46058137737271,9.30104843998125,3.50073497963058,10.2112577078202,0.153268063986296,0.0790412388227066,150.540540540541,45.5234275606974,33.404893327318,266.582205878461,22.3007218092694,PASS
4.96950452106326,1.18114474964751,7.40387739236735,3.54815736737892,9.19715055247556,0.100948053091081,0.0429725939119726,149.459459459459,45.5245716694325,32.9035175626032,229.627553057816,22.0497771672961,PASS
3.6408681740709,1.39599660417683,7.58187205976946,3.79458723353602,8.65210382966981,0.126819169271497,0.0590613972714946,156.486486486486,47.0133254611618,34.8438097604553,231.874640818001,21.3693068513002,PASS
5.86657406911842,1.21372232714191,7.62123941172296,3.14602478911192,10.0571704412921,0.136107692151653,0.0773295608704251,142.702702702703,44.1503563414447,31.0544935640075,240.505433803328,22.81639844132,PASS
5.04290291710981,1.19538982768069,7.37564338163462,3.2108828555934,9.26579242582634,0.102783893974888,0.0448501888645587,148.648648648649,45.4362893555029,32.6324891934615,230.462404691033,22.0972283347419,PASS
5.61435475768416,1.20003595856448,7.59062636783743,3.6066722275758,9.34894582494045,0.14779134914092,0.0870862830260755,148.378378378378,45.1523939259419,32.9222623039668,231.035620238609,22.2484206513667,PASS
5.56474366054294,1.2101266013465,8.59756329583183,4.48090578105376,9.84576684526556,0.159923389662344,0.0950340376908144,148.648648648649,44.9177652437406,33.4408489015071,245.485133258573,22.4776276985089,PASS
3.50084462865673,1.30903022455109,8.68263198630515,4.34703340262301,7.59519806179648,0.125709823804296,0.052642534972896,172.162162162162,48.9453080341361,41.5386049190021,215.814933349599,20.4363249913863,PASS
4.558176915692,1.16153708355358,7.6593561006337,3.60261764939511,7.12469689691892,0.129615746545327,0.0655497389298203,171.081081081081,48.5733220132909,41.5599951198588,194.458599221975,20.4062721620947,PASS
5.24176139397401,1.06427151425377,6.05778041927501,4.2918926040616,8.04082051696542,0.111403325031628,0.0592920367957439,152.162162162162,45.9838251801238,33.6571992396206,199.507933436828,21.5533772495899,PASS
3.84300200715257,1.44381261900662,6.14624314809347,3.30972435343817,9.6292645493525,0.110663606213371,0.0530924113914524,140.27027027027,44.6342663865709,28.9340636804353,235.820589954348,22.514771292417,PASS
3.77363323076,1.38772200891922,8.8768497567405,4.66329831114686,8.89919326521436,0.145691033404064,0.0711823197561222,160,47.1584722319192,36.6770613633146,242.831472217658,21.3945741005763,PASS
5.18818927030769,1.18922166306781,8.69163005033536,4.83801245531912,9.81083415007686,0.130258729412932,0.0663553039440614,149.72972972973,45.1251745784604,33.672620231119,246.927255094676,22.3839452079754,PASS
4.87617905860755,1.16040693684307,6.55122050184784,4.19909560313904,8.39709311096412,0.116520714323555,0.0604319384718561,151.891891891892,46.0478608965316,33.5856989820095,211.246058494543,21.6429610075428,PASS
5.87577502680819,0.886162711151011,7.2637493422555,4.98285054835201,7.27022325197315,0.100557742114693,0.0444427436845194,165.135135135135,47.4043228858299,40.0991677938767,189.136902762994,20.8582341489504,PASS
4.4128326018498,1.3599016324834,9.69215039690833,3.43673354913847,9.91184342832272,0.138807365688476,0.0658915678957704,154.054054054054,45.9656169918565,34.9371016823382,260.139084153407,22.0564007184597,PASS
4.55047600970304,1.38695656365888,7.21321280197176,4.68570258011805,10.209625039165,0.138331176825026,0.0767128941041189,140.540540540541,43.9948637921604,29.8344979440268,246.798595804084,22.9298113590874,PASS
4.55263310252072,1.25628436779304,6.83777259265106,4.5277209682774,9.65818772401499,0.103135431348168,0.0464796114342252,142.972972972973,44.5326486890625,30.4571610026453,234.466229863956,22.5594051499731,PASS
5.49510362915544,1.08961365492549,8.14297699082966,4.15336153598767,8.10026721645043,0.141912882497218,0.0782268936951158,161.621621621622,47.0922080887924,38.4278036488516,212.303960483291,21.211861563354,PASS
5.46679910291099,1.14375662657446,7.2497806875665,4.9452201794584,9.75249963569638,0.125854562677044,0.0697011642906286,143.243243243243,44.2510951048426,31.1685989286145,234.408067939991,22.7202837942992,PASS
4.55043956560669,1.10150461934672,7.57419681934322,4.81716280846546,6.41272624233121,0.144493308748454,0.0802089556233717,178.648648648649,49.2249321411516,45.4354844492841,178.045528376925,19.9807283133904,PASS
4.00797473035425,1.37218919511827,7.59871094530547,4.15608461027965,9.70011428343112,0.110567010464395,0.0465907518246323,147.027027027027,45.2878911183081,31.7647937575814,245.534049796517,22.2729648434885,PASS
3.95308558088756,1.19606598155344,6.64857956731892,4.38450472776927,6.91330509744706,0.114008968446494,0.0533784419557991,169.189189189189,48.507891579787,39.8483403521455,188.016451426803,20.3486324260614,PASS
3.81811259963323,1.26569331984871,9.93575422157425,3.72317930382068,7.29367393383285,0.147135290187909,0.0701038435254507,180.27027027027,49.6327406761314,45.9197863956715,211.123721871165,20.126290676897,PASS
4.66214363380087,1.17498822069642,9.30754674950347,3.99448501238222,8.25390409606816,0.121192472424197,0.0518761166866393,166.486486486486,47.7969176937529,40.1149114941389,224.572193505983,20.9974937811732,PASS
5.90761516766507,1.07767976615782,8.84759423258691,3.52265344909287,8.90810381693071,0.12314548900123,0.0591252596619859,157.027027027027,46.2456057930029,36.8612585313451,228.151359549901,21.7249024311833,PASS
5.25798219017613,1.27755657565867,7.47222966186632,3.1569128995902,10.1641292881446,0.124606313057133,0.0658704305060173,141.891891891892,44.161455361587,30.4352146341641,244.214153308955,22.8304809950085,PASS
3.92647851561857,1.44699461792873,7.56084369903741,4.48108776430297,9.24150969532277,0.15391917892595,0.0851830537381616,150.810810810811,45.9582538452295,32.9948375189161,240.676403282656,21.9219785684804,PASS
5.78548836752871,1.12463766549421,6.10325614631678,3.34585915982342,8.39428407635301,0.139509902266837,0.0857508674343874,148.648648648649,45.434912099311,32.5888247956052,204.27912238515,21.8582455503641,PASS
4.3225513736707,1.20038320056137,8.48123731896955,3.94374500810203,7.90945000074249,0.114374806909701,0.0473556272707616,167.027027027027,48.0697033695092,39.7800808967057,215.868669701712,20.8083120630395,PASS
4.32360035936286,1.22541744484139,8.5800809513451,3.45930036193925,7.57496746605744,0.135205960719784,0.0660911113032185,170.810810810811,48.5882952514863,41.5081260493947,209.724875203325,20.5403853197808,PASS
3.79610970252357,1.13255302148165,6.33780180735599,3.39149904306921,5.45790077593725,0.100324316917604,0.0426812047663513,186.486486486486,49.9685195917447,48.0344455609609,152.263425762343,19.3326040552464,PASS
5.38460602204276,1.21036149340472,9.02853246958972,4.80771615022679,9.75005595046594,0.15972484873123,0.0925737756619133,151.351351351351,45.2980749351355,34.4736217313244,247.585491109149,22.30709667539,PASS
5.33347317374368,1.15651499484323,8.15289152301531,3.03664981257364,9.01986565525191,0.106170684610745,0.044791318016799,154.054054054054,46.1031794684476,34.9983640728468,229.642472667511,21.7899451723656,PASS
3.84833374437576,1.09205171328406,6.50502178469682,3.6745358585484,4.81729815295463,0.109164486868138,0.0513698305209486,196.486486486486,50.3558419763333,54.5518109558745,135.302742642462,18.9255633885406,PASS
5.23589053116947,1.21184302617599,7.02979569082918,4.77702991102043,9.17074279156499,0.150064122785013,0.0909558141230747,147.297297297297,45.0664928522697,32.2961620661332,226.160009407213,22.2454055987562,PASS
4.06462288529912,1.40709424166922,7.33990810725174,3.44866396493822,8.96694419870119,0.14551219616272,0.0796463482479123,152.162162162162,46.2906689634635,33.3447843497102,233.850143883633,21.7133239435569,PASS
5.03028166720257,1.0856401755653,7.28558637506312,4.26664091813424,8.03558795559366,0.105758269559274,0.0474502166479798,158.918918918919,46.9193003412668,36.663619880908,208.287395091216,21.2380023312527,PASS
4.2100074328487,1.35321754599272,6.90873539514259,3.76377881815827,9.91788805808644,0.102682108556711,0.044099081600494,141.621621621622,44.476015823746,29.86456189994,241.776003606074,22.6372837856435,PASS
4.52105573845967,1.22680533069916,9.65177633637482,3.82231922488027,8.05903127496039,0.150417384249125,0.0768441848464556,170,48.2657620164055,41.6283325128352,223.423831287639,20.7878051228783,PASS
5.66064030261457,1.12496917618675,6.50461445299979,4.05586608188633,9.98990601999775,0.110396792104503,0.0597286841013708,137.567567567568,43.4318669424435,29.068442897483,230.076246369453,23.1109052353588,PASS
5.45484523810164,0.921096776751189,8.43874792626871,4.76551863062464,5.87211365211989,0.120001147557672,0.0546398634410864,186.756756756757,49.5319267516774,51.9864774319459,162.427223041897,19.6862885641394,PASS
5.62535983334451,1.11335328543514,7.62517098169902,4.60356302407403,9.8021124436807,0.119525409862573,0.0628211866016992,144.594594594595,44.3878797327867,31.7713667380675,236.896638584759,22.6742924207049,PASS
4.3777952576117,1.17811748941849,7.28167543664508,4.58998666292205,7.96393563177814,0.108454368336413,0.0473488914656359,160.540540540541,47.2979830661034,36.850801117128,210.541737087373,21.085805992408,PASS
4.91405468124834,1.28159150814318,8.97022615277673,4.86415085628104,9.90379446769029,0.152197361072807,0.0838048104695946,150.27027027027,45.2587237703525,33.8646856032768,252.535119278884,22.3545594498984,PASS
5.60646517997268,1.0870717501785,8.84087108044779,3.41744668895532,7.62302562975158,0.146342438694563,0.0780912569190627,169.189189189189,47.9903599500174,42.0927677343825,204.665147919768,20.760931817722,PASS
3.95522831342242,1.37503879857176,8.99874411063579,4.09827957611712,8.83972737689895,0.154285962301314,0.0799316498942546,160.810810810811,47.270626239154,37.1257175341201,241.266146931657,21.3362320692942,PASS
5.10935433693294,1.15300686208588,6.25983043357017,3.38549667084666,7.18769514213634,0.151388319479231,0.0934287637928325,162.432432432432,47.4649837545213,37.5760331112194,186.757183747855,20.7735520280736,PASS
5.91211588129749,0.939188361808706,6.11664478133107,3.06558907535327,5.5878774624645,0.126779379878402,0.0694108662969662,178.648648648649,48.5964310236497,46.6355986099893,146.394377891384,19.7919129941847,PASS
4.2539126409368,1.30444379080824,8.74882186916549,4.97826914914752,8.92311970489856,0.144375127350266,0.0734997763049142,158.378378378378,46.7957350509535,36.4327490559259,238.745457059618,21.534754399494,PASS
4.20339633977884,1.14072876052688,9.94213495239754,4.59549683960949,6.84235695134884,0.125187239204545,0.0517297728300777,184.324324324324,49.8222160749778,48.7336286980547,197.171737719781,19.9370764258941,PASS
5.44654016236702,1.25456650476721,7.69931712884165,3.44650046415829,10.4288702339179,0.126973756725127,0.0682597997764742,140.810810810811,43.7898519886478,30.2560115729015,248.028755360004,23.0524903124692,PASS
3.90540594661049,1.30895252298715,8.71709103366141,4.92171371187775,8.04622421654928,0.151574357742549,0.0783005840536947,167.027027027027,48.1345762073323,39.673782885897,223.898553704917,20.8397295350954,PASS
4.54159917219112,1.05674958260724,6.87581509423421,3.73323768935285,5.21280968014558,0.137837671132624,0.0773156082036016,190.810810810811,49.9514759218529,52.2714873529531,144.68189465631,19.2495880095203,PASS
3.95654865454065,1.30021432032748,8.56962446913484,3.24980912012411,7.90701396252577,0.133477116385009,0.0629694853181983,168.108108108108,48.3977975391888,39.8884219034538,219.600011501658,20.6932690252081,PASS
5.01247466864683,1.22241440708817,9.8275436016303,4.11595391213711,10.1995623310723,0.11670716766767,0.0488488999867011,151.351351351351,45.2531616065791,34.4565655128757,259.929944175215,22.40444760573,PASS
5.9875761026808,1.08341302936843,6.24414466511565,3.52968388683563,8.82028711322706,0.128482413821418,0.0762010549781182,145.405405405405,44.8328455328501,31.6270396731392,210.685463465512,22.2168124609512,PASS
3.88314525649044,1.45390000653033,6.36483557305633,4.77992967081012,9.86094765497149,0.118637191008972,0.0588668053150302,139.459459459459,44.1941878974867,28.9149875478217,238.910939483741,22.7702768729714,PASS
4.57301703213732,1.12302825693311,8.21398515041784,3.35564922157852,6.04364169759548,0.147249024562445,0.0798163716880043,186.216216216216,49.9259395010357,49.7521223049168,170.251439381084,19.6218025568409,PASS
5.93450932783135,1.09224978478222,6.53233061027071,3.11385187578262,9.71755804014437,0.098618201063484,0.0482641879107509,139.72972972973,43.8638142037597,29.7674679357374,225.80308412614,22.8350566110085,PASS
5.81420482423224,0.935769966657516,7.62003656506611,4.56636115380669,7.56977485340149,0.104514278873864,0.0464212062301709,163.783783783784,47.2921926161067,39.5680417446095,197.104218201083,20.9879566351986,PASS
5.68778464341489,0.861359241347304,6.01475070172091,4.67909164581097,4.82779594084813,0.150264658633915,0.0934447052121414,188.378378378378,48.9539412182553,52.8885463037411,128.042030017629,19.3230471386452,PASS
4.47990003144075,1.02311695319316,6.0811464511404,3.65443397076956,5.16156993320183,0.105846537428409,0.050753864423572,187.567567567568,49.5882430347408,49.7098701660233,140.826474203855,19.2990353193084,PASS
5.94777144973101,0.867943692969603,7.38649401465761,4.37887290139257,6.17504159170488,0.107277949312281,0.0473819387971757,177.567567567568,48.632674569038,46.6992762510076,164.706448910404,20.0693773049892,PASS
5.01425822751609,1.19139611867973,6.10930274721794,3.67608593829345,9.66662010260279,0.0971126137223822,0.0466060124205836,138.648648648649,43.9208266596466,28.9222694704699,225.663775473422,22.808386595621,PASS
5.35088982031452,1.15003560871503,9.295704247675,3.01077762434199,7.9181804765444,0.144152976426863,0.073634083842519,168.648648648649,47.9908347067296,41.6304497826898,214.093976847274,20.8383282587167,PASS
4.24779395250703,1.38760175224119,7.90647771708018,3.09171074280357,9.92881671627226,0.11783132191311,0.0533617779817364,146.756756756757,45.2167748864564,31.7077998814473,251.031075694837,22.3468506979478,PASS
3.99795377981165,1.44412709671898,7.29804359007498,3.46914008950267,10.4365202474838,0.108199828987692,0.0464627743260769,140,44.1644135680201,29.3370443586071,255.030519496815,22.8986498417608,PASS
3.67353709572344,1.24299497658813,8.76656781596848,4.37462734308812,6.94642293739802,0.129928640520781,0.0578423491978264,179.459459459459,49.648298764916,45.1740051406786,199.627203174295,20.0236025035572,PASS
5.25353199947301,0.954489454695611,6.75383949857151,3.4578932125424,4.94073225548109,0.123344874833321,0.0635738606074983,192.162162162162,49.5955596859527,54.592889185287,133.95115715009,19.203316293217,PASS
5.34852804982468,1.16067263366722,7.88837431402094,4.25918706800715,8.82571615488237,0.144713896175105,0.0822134180115306,154.324324324324,46.0698993131307,35.1714603867719,225.335955288541,21.77536174451,PASS
5.1570228306808,1.11147148164631,6.44098257930318,3.01052534534513,6.4924918042948,0.147371213351545,0.0881886572983074,171.081081081081,48.4050570822259,41.6397359774658,172.56020008664,20.2282728936769,PASS
5.28458461478113,1.04488976475754,6.8723759999084,3.42484168320516,7.15218203794598,0.108385295835919,0.0509350658372211,165.675675675676,47.7736300682395,39.4646932988129,187.393087993394,20.6661627319408,PASS
5.18302105978426,1.32397411524507,8.66892807994352,3.41359621360287,10.4842475543062,0.144635339759847,0.079087344160552,144.864864864865,44.3790509614146,31.7757037585688,257.983594081689,22.8229439637128,PASS
4.52232041435926,1.03854222152875,6.40647445027709,3.42481757360704,5.28513290538034,0.107898592024658,0.0510121190051797,187.567567567568,49.6972315821342,49.8774311220154,144.92819867359,19.3362858062431,PASS
5.68908992615305,0.87454587135334,7.19070187652594,4.21465429842226,5.16243730150621,0.118190516971941,0.0568154306022912,189.72972972973,49.3967204575046,54.1739534778016,139.490950779023,19.3906126874813,PASS
4.27189132134778,1.32235521705102,7.19272080373726,3.30796332101041,8.62696638727322,0.130092878676615,0.0671880136984725,154.324324324324,46.5816969323857,34.1488804025816,224.524649213845,21.5103819585306,PASS
5.48509050135921,1.00693149993642,7.52160338481043,4.71301366478239,7.46120181995593,0.126350511354836,0.0663892224080284,165.135135135135,47.5306437039453,39.7760357397584,196.405764868928,20.8747995616283,PASS
5.39138949162905,1.27796786909728,7.14128269109553,4.13339561667336,10.3747661338557,0.141555913214165,0.0841339968656813,138.378378378378,43.4426800792788,29.3881940703976,243.175688392401,23.2058979749235,PASS
3.7632003308773,1.44623970041999,7.26656800315452,3.51727771792388,8.57745210740793,0.156983273707027,0.0888245612331164,155.675675675676,46.948620647571,34.4173149927789,229.589141730191,21.3802809927106,PASS
4.17920255233523,1.30631678875126,7.16533459788902,3.57935481420147,9.04729729126297,0.106394357540878,0.0454932358207717,150.27027027027,45.9590025464999,32.7522229439736,230.898385884248,21.845147652422,PASS
4.87651839472804,1.25597938174949,6.3123162137587,4.35212527723219,8.92734876403063,0.139641865023343,0.0830021094170493,145.945945945946,45.1112563482962,31.3672186947437,218.741017951252,22.1452432201358,PASS
4.62965887567711,1.30061316922125,7.35036040708029,3.45761683180652,8.44216796567206,0.155481830418338,0.0911204482768729,156.216216216216,46.744669407601,35.1963426784327,220.424130000046,21.4124613464206,PASS
5.09112816177086,0.959166403862459,6.8428499270985,4.99505303223835,6.53508005374824,0.0999046326128366,0.0434544993353592,172.432432432432,48.4009950015086,42.6811745356052,174.843213745302,20.2679445268013,PASS
5.73187191957164,1.13537205922471,8.54061264461671,4.29293868871055,9.39557116692057,0.146518539206783,0.083040752665952,151.621621621622,45.4521033736119,34.6778362286768,236.571868162933,22.158150324898,PASS
4.92406391772028,1.28991678601863,8.83835649312966,4.20120628828423,10.4948352286407,0.127377320825134,0.0621712588350917,145.405405405405,44.4318767035983,32.0417608384791,259.709211641463,22.8078662321934,PASS
5.52297855163301,1.01062985380443,7.1724315622346,4.96354906618792,8.9212340420039,0.0960962275700947,0.0423310309488054,149.72972972973,45.3407518760928,33.4032860157944,220.299104870688,22.0716098796859,PASS
4.09498627574736,1.15806813357317,7.16552448420989,4.02208021117468,6.19791907180257,0.131108706001329,0.0680288894826989,180.27027027027,49.5520441046653,45.5000608538085,173.176280254543,19.7851773335381,PASS
4.43058923478784,1.14819308660908,7.33011638792821,3.93938041120714,6.60278287528538,0.13754338904049,0.0741411848171721,175.675675675676,49.0424813935471,43.5284925254884,181.97442129986,20.0891975755584,PASS
4.81195346079305,1.04936877671677,6.80255725696022,3.93773659804336,5.970928855377,0.130181535767925,0.0705924670515566,179.72972972973,49.1888153742368,46.0375371014153,162.789629472176,19.801948417916,PASS
4.54550208227163,1.36003870623908,9.37770120775811,3.68893818534595,9.97880703458716,0.147238322077165,0.0755128269844397,151.891891891892,45.6472389152402,34.2462025399595,258.822300995561,22.2002504379456,PASS
5.71608099237646,1.06624700097771,9.37342130157508,3.51163608665297,8.4845647044085,0.116171050132843,0.0495074170752654,162.972972972973,47.0776128194811,39.4528402115035,223.248575935494,21.3103074620995,PASS
5.87023818455642,1.06312862320624,6.67714588887837,4.06556591823868,8.25994402851664,0.142144691048492,0.0861104500978265,152.702702702703,45.8903820970992,34.4945291419073,205.245692636732,21.6738448354113,PASS
4.62453681742128,1.12191535924147,7.24070945059874,4.64418113955551,7.61833446105135,0.111687897351742,0.0514795889935226,163.513513513514,47.6014330153538,38.2295585234795,202.231358792639,20.8838078767756,PASS
4.55694770699855,1.09469763787866,9.06311363496818,3.35661444904012,6.1799376239958,0.116271989152551,0.0473169385910714,188.108108108108,50.0753002639614,51.1104655967648,175.343074753981,19.6237772931842,PASS
4.92424012002511,1.27044945166647,9.51150278700155,3.32784797036976,9.04935515016863,0.156765997681895,0.0846636754564389,159.72972972973,46.8268491793555,37.4621614212841,240.748088044224,21.5399138476707,PASS
4.41946401042045,1.10698278255228,6.13645387882148,3.15046656078523,6.01228875560896,0.110756791568472,0.0545069812132799,176.486486486486,49.0498796280654,43.4524303486656,162.724241672178,19.8272510151546,PASS
4.56320014671609,1.1377584588544,7.45855455367689,4.20741164969965,7.38372219035666,0.117151900715799,0.0551414658821249,167.297297297297,48.0925228808915,39.8057173654835,198.878706572234,20.6471023120764,PASS
4.74297926980304,1.05829008974294,8.91297716597043,3.17743613715826,5.81355343271954,0.1096521208893,0.0416005576911159,191.351351351351,50.2130804542175,53.626447457377,164.173188816745,19.4397543300087,PASS
3.75490318651063,1.32989760736693,7.24720322852412,4.20465363464377,7.33870097779462,0.157786498239362,0.0899181635103878,167.837837837838,48.4900770509451,39.3448642718754,203.170532225682,20.5076653315541,PASS
4.60844763854499,1.06306197634126,7.66408401413021,3.97506459566397,6.05811666115847,0.118283467937388,0.0553235758992013,183.513513513514,49.613222112357,48.0609530549805,168.549942199112,19.7184121132346,PASS
4.11514201234939,1.16546673103954,9.36628739140407,3.43399819611535,5.9229914768448,0.154239890122112,0.0814861117650647,193.513513513514,50.6274676018225,53.8624739359347,171.97846809114,19.3713328695773,PASS
4.97892200616735,0.977982820915061,7.96295759590425,4.66605740669163,6.03865495060965,0.108160579612556,0.0454882280966884,184.054054054054,49.498504771041,49.1955756528674,167.395559303816,19.757422809734,PASS
3.67253392409051,1.41578022821212,6.90980369571898,3.13075992554275,7.93639279789626,0.153943276932742,0.0876146397232638,160.27027027027,47.7192096410943,35.8876251571296,216.02670861364,20.9286981083983,PASS
4.40026418727547,1.18483377846458,7.45564002810936,3.88563651852012,7.751999886438,0.111515162873886,0.0493440855424165,163.783783783784,47.7432482634836,38.1092130363379,207.275185504748,20.8677064721857,PASS
4.30875975451363,1.30116963251418,6.23753228651815,3.75540700833082,8.26457405337442,0.133430525715836,0.0748393218181569,152.162162162162,46.3449421206364,33.1761787061395,210.981287574164,21.485874850918,PASS
4.00574053917338,1.21063644365727,6.06382586215592,4.98793706233121,7.77620062512288,0.0991023295882395,0.0426178695931581,156.216216216216,46.8630976056318,34.4995825399924,200.957831430975,21.1586544800504,PASS
5.17790386304175,1.07799752404865,6.21011018669549,4.16134942839544,8.72766725847194,0.0940518079760827,0.0431380723195113,146.756756756757,45.1747764113035,31.7560293633501,211.782516418603,22.0506613080182,PASS
5.21200160906443,0.96707445941256,7.93165325097128,4.42972432921045,5.36976698426756,0.147674089139598,0.0823710169868356,191.621621621622,49.8458593171932,54.6752934721701,148.973773998598,19.3732097481917,PASS
5.80061072500302,0.980068520773873,7.42250457558547,4.37475269017251,8.63808751845435,0.0963154835470733,0.0413323348611797,152.972972972973,45.8280097391456,34.8868631069872,215.792435679595,21.8112593592838,PASS
3.74427687696965,1.31742701971832,8.82798254767726,3.70789556054706,8.00637820499679,0.130804853495301,0.0582612118027628,168.378378378378,48.432087382146,40.0023146599777,224.03754480964,20.7134840573236,PASS
5.06239303615058,0.91249394884665,6.83187619798915,4.8843804602312,5.25486621167969,0.105797275833601,0.0481907038081839,188.378378378378,49.5212698528308,51.8903144642322,143.63288901389,19.4011788069622,PASS
4.41461060276841,1.31196431616614,6.79885000975273,3.8478333675995,9.35425664058979,0.116077185774742,0.0573476344471373,145.405405405405,45.1256162529021,31.1375067449922,231.653247152608,22.2445151860954,PASS
5.09254316584647,1.13588600540767,6.98107716472139,3.91688621113512,7.79936019091214,0.135898802811968,0.0763468892070438,159.72972972973,47.0766932437779,36.8668369441604,202.49210044098,21.1124895065435,PASS
5.27012512693063,1.03558173132752,7.9368267493888,3.00543185112003,5.7657750711625,0.133304478089188,0.0673202934913592,186.756756756757,49.6691714626529,51.2082809395904,158.800839636077,19.5803774571138,PASS
5.89917435728446,1.0779350991404,9.00933538485453,3.26569978610258,7.84607649279673,0.148187810052087,0.0792816512182671,167.297297297297,47.6702110513551,41.4559899683516,208.553309403931,20.9343305035219,PASS
5.25859389064474,1.11435165105538,9.4941399954679,4.9644291378598,9.27172408226692,0.121271171707769,0.0549662444470236,157.027027027027,46.1741801526662,36.7944717022923,241.679820890532,21.8525782478925,PASS
4.46400453047259,1.24457983456183,7.57355659956991,4.22790590784162,8.76707657403878,0.118516861151348,0.0559466869412961,154.324324324324,46.3715476236818,34.5791363826613,226.931568539517,21.6326728912865,PASS
5.43670345410577,1.21571559161271,8.29389113359893,3.01904703372263,8.81131032705213,0.150343578113826,0.0845902140639938,156.216216216216,46.4275975834943,36.0001730099256,227.478884710457,21.6273850985914,PASS
4.75493839178976,1.07303235265631,8.35995376196762,4.07899507808875,6.71213701737068,0.117153260807765,0.0517248022208833,178.378378378378,49.1744304361582,45.7324642612293,186.164763757814,20.092738523835,PASS
5.99375312412893,0.965249351541179,8.53111337299091,3.56469008606471,6.25124650478949,0.146347731071952,0.0772378757177649,181.621621621622,49.0531973224188,49.4511082342281,169.672893707248,19.9687908278439,PASS
3.66154606932004,1.37241526407003,8.68121442629485,3.66757761143744,8.82071909478042,0.119974955548842,0.0482791850765265,160,47.3411776862707,36.5083127765491,240.462613846142,21.2952723744141,PASS
5.59283754664329,0.968185371388425,6.05992170745748,4.34984510706537,7.91171861871943,0.0983808936052067,0.0483050672417946,152.702702702703,45.9874605143611,34.1821104559812,195.341718812846,21.5151596721222,PASS
5.31056284621553,1.06335606897701,9.64130123985665,3.86462482112024,7.40633675235899,0.132248488467954,0.0618354422655819,174.864864864865,48.607223416409,44.9508111225399,203.703750685825,20.493611391873,PASS
5.26902758117951,1.19403186823422,6.7527350215163,3.92680500474064,10.4979526298658,0.0992163374578974,0.0474895256763183,135.675675675676,43.080249780368,28.355026214698,240.473744999948,23.3917002210411,PASS
5.49033586695818,1.13779051123014,7.57131618256119,3.00456663742824,7.67368412646749,0.145716342753135,0.0824557290904963,163.513513513514,47.4920605482041,38.8559562944807,201.489509374701,20.9326316644031,PASS
3.96454623779546,1.31073262934186,6.8710765066261,3.5480864510812,8.06324039468528,0.12314595457271,0.0607972527854572,158.108108108108,47.2599591597139,35.3768093781234,213.641790404092,21.110762920264,PASS
5.32661224397336,0.971115618195582,7.04382726905308,4.99220740851215,6.35933371379818,0.135521977086893,0.075997822181549,175.135135135135,48.5922488869496,44.376565063937,171.090045285449,20.1555230943302,PASS
4.05110434564564,1.32773839437249,6.04967396834882,3.88186483381201,8.90499213443207,0.106893928191163,0.0506896052920726,145.405405405405,45.3589626310779,30.6979355344465,220.704734160672,22.0204213037243,PASS
4.33468100918624,1.23014356104099,9.2254568090564,3.2315968370234,7.73040174959938,0.132013950540792,0.0605628412695788,171.891891891892,48.6691573793396,42.1908677214818,215.422676417296,20.5553718941637,PASS
4.00557513594166,1.28657889208768,6.21557444422588,4.97104207578158,7.72660004456591,0.13497583022761,0.0746327928586152,157.567567567568,47.0765652188095,35.0891279372813,202.349332026107,21.0820537368933,PASS
4.94479796273816,1.26175939039857,7.71351680532931,3.03847522777881,9.61706269409947,0.113642912963357,0.0530648050376434,147.567567567568,45.2319390947626,32.2752702763788,239.536884446851,22.2661132695919,PASS
5.36547462726768,1.02389827272299,6.21146305391802,3.80591661726202,6.9329562969768,0.121876117864182,0.0670412264096786,164.324324324324,47.5382858682028,38.7023585677861,179.263035262912,20.6628421166805,PASS
4.09995806590877,1.41243352799359,6.54973817840914,3.50090555616344,9.92696788457825,0.111663762277592,0.0534019343625199,140,44.3391235720597,29.0965558014079,240.81056098932,22.7072549486866,PASS
4.64178728286796,1.41316477010189,7.05168536048928,4.55887955180762,10.448891077163,0.143217289402185,0.0824796337209274,138.108108108108,43.5413825306422,28.9862316404729,248.22914711737,23.1901292256611,PASS
5.11309648329935,1.00446750191361,8.43860440841464,3.4255150109695,5.70709762031577,0.113221280690858,0.0469120692224871,190,49.9135258781091,53.2176637007354,158.79389842999,19.4869449314551,PASS
4.53691546970326,1.33707772473725,7.16670057729889,3.55717821722412,8.62451568037472,0.158881868989014,0.0947352298219185,153.783783783784,46.4184305156805,34.1510966746844,223.349494536498,21.5790168986256,PASS
3.6935795022503,1.25375396691655,6.75919882288813,4.66212308572837,7.31246695932849,0.1101167380579,0.047700869989258,165.675675675676,48.1864524892384,38.2048361623563,198.629818054332,20.5845543610098,PASS
5.03385940261946,1.13740133930786,6.02503722570606,3.16308974280363,6.90682182409396,0.141202048092323,0.0847340648272729,164.054054054054,47.7035489127182,38.1915474311415,179.928081768427,20.5874925659512,PASS
3.83838241292463,1.40802345683174,8.163164553512,3.93835927567695,8.74287152461022,0.153595283687911,0.0820513937304537,158.108108108108,47.0983725278885,35.7828369980519,236.348878600161,21.3732889039567,PASS
5.7531255876797,1.08838178881791,8.72638541080996,3.22834148209714,8.88509648204317,0.108416328244039,0.0453245971165654,157.027027027027,46.3269037200234,36.6655108273164,227.724613196049,21.6809126682529,PASS
4.50225702175066,1.19562290043088,9.18220459362184,4.26738600345531,7.47275105016929,0.159046135853651,0.0867222712675957,174.054054054054,48.7720846555582,43.4467488612937,209.103534627211,20.464484271069,PASS
5.30916037569159,1.31789435820504,6.47451729463079,4.55271841099593,10.3932715163693,0.148440310300417,0.0932357718579857,134.864864864865,42.9393663034844,28.0802347619325,237.822364437147,23.4515090368555,PASS
4.09129321546064,1.34655901695532,8.88792776511755,4.85579922063511,9.76477200783703,0.120069773726768,0.0500513049308214,152.162162162162,45.7695262389063,34.0026353667444,254.441488255621,22.1116437939666,PASS
5.37576889563903,1.11287803263757,9.79320732660496,3.93934751939736,9.06473047729783,0.115505642559314,0.0478965298337269,160,46.6064370703701,38.0253897796861,238.001330881784,21.6274026379271,PASS
3.93212309732344,1.10099146056268,7.00201422174088,4.02965338764302,5.19996210827799,0.116349154037229,0.0555869224129349,193.243243243243,50.3512376384364,52.7209483909379,147.046936399636,19.1344494858838,PASS
5.65815876254753,1.21231722176664,7.33250315239691,4.190906747945,10.370340277853,0.136590824281133,0.0799716909529429,139.189189189189,43.4426619734843,29.7888678261259,242.870292905363,23.2013857356309,PASS
5.00138125270193,1.22970442609328,6.50710684037157,3.73966888568002,10.2652349839637,0.0976149126057038,0.0457069192357942,136.216216216216,43.377705738387,28.3495870529975,237.087872623389,23.2014699961025,PASS
5.16753583569466,1.1308013503125,9.46264083625034,4.32635443028606,8.96151519940692,0.120496909876252,0.0532669456430892,159.72972972973,46.6713374238381,37.7701223001421,236.148349305877,21.5833817028743,PASS
4.73565239764673,1.30521888051596,8.46961273227103,3.50874475225066,9.48901092584887,0.139112760907641,0.0723157551541584,152.162162162162,45.841067502433,34.0812161504876,244.024714501074,22.0130734083072,PASS
5.02265698130948,0.982986781852191,8.2248781050108,4.73027820767322,5.48487876529761,0.144704285123575,0.0786687739596506,191.891891891892,49.9736540305382,54.5360167137477,153.674077433542,19.3929374702714,PASS
5.95016649501152,0.90631023680504,6.35724015094724,4.24336354575201,7.40519334599706,0.10122345401882,0.0492181764364159,158.918918918919,46.7201171820501,37.0510149775429,186.508250697697,21.1094335674697,PASS
5.62211818517514,0.963524241860464,6.00716175379535,4.23615496405207,8.03530799533304,0.0937118331294536,0.0444668423492057,151.351351351351,45.7772956109399,33.5958855596146,196.847797538481,21.6261937862822,PASS
4.86246510019326,1.1302326209146,7.57980944743952,3.01659097752615,6.15581295048713,0.157757912738052,0.0922759841475624,181.351351351351,49.4660095921488,47.1300527094836,170.226855166069,19.7961423041222,PASS
5.06506940384555,1.15760604314006,7.68172320521922,4.48544815855979,8.15455050821437,0.147932730233123,0.0847120904738192,159.72972972973,46.9643360750515,37.1263008594334,213.577688991506,21.2704625069928,PASS
5.12022950648237,1.09066499256736,6.11074380376396,3.53365998745578,7.91904818853071,0.103037995493268,0.050356254140083,153.783783783784,46.3473951204555,34.1812497644761,198.425689121059,21.3746959079735,PASS
5.17780430333308,1.22366354275946,9.95392999214334,4.98843717320251,10.3467931857833,0.140945623897673,0.0717829754936221,150.27027027027,44.9436876676532,34.3145175459362,262.855733242765,22.5758922311611,PASS
3.7228429482555,1.31576384995644,7.72721242121539,4.73169044612953,7.65191231956119,0.142554730383194,0.0732134799965721,167.027027027027,48.2930759460166,39.1179445919231,211.88866923974,20.670041434441,PASS
5.46040846542241,1.25206239630729,8.45300675049556,4.59305083609743,10.2317616185373,0.159047337453427,0.0948036094890551,145.135135135135,44.3364250124693,32.1375574302058,250.980328749617,22.8027652528267,PASS
4.38317387706156,1.28276700717437,7.54420942054178,3.77663843682895,8.27529203005461,0.142195793844995,0.0771316287803476,158.918918918919,47.1463087333819,36.218208555943,219.281487749039,21.2265311008229,PASS
5.20812370365377,1.14217100346843,8.69839027932233,4.04610795609773,8.3908976096105,0.139790560028515,0.0733631564912628,161.891891891892,47.1180003499057,38.40169145847,222.067652680497,21.2789814237914,PASS
5.90746130921572,1.08322995674281,6.35374172477943,3.93443736655179,8.36015401202053,0.14619516508919,0.0914954819649162,150,45.53103685925,33.3644314737259,204.709107826517,21.8292407735062,PASS
4.61221664342666,1.23735005996817,6.70309668939279,4.68585022764724,9.22279913948136,0.112510806499643,0.0555639157707114,145.675675675676,45.0375241234945,31.3654190976671,226.926433126239,22.2548350934928,PASS
3.92238557112637,1.25243010280851,8.38130712023091,4.23205243158461,7.77878057041683,0.118994283506276,0.0500797568597994,168.378378378378,48.3692703026264,40.0793198607289,215.371686438112,20.6739826082339,PASS
3.80008333820598,1.31176859544036,8.85909338042513,3.60202758896169,7.57932541873773,0.151434729970045,0.07775331566928,172.972972972973,48.9680824657252,42.0328333247038,214.998140838573,20.4230844777274,PASS
5.61314233948868,1.0857909566281,9.56243305876469,3.7762331500397,9.09456130199181,0.111370772086596,0.0454941742875733,158.378378378378,46.389386964189,37.527071783937,236.060848942131,21.7148398846483,PASS
5.11275303092575,1.16130377123566,8.9696582828007,3.07318921988428,7.55227568460067,0.149160781417606,0.0791072453930052,171.351351351351,48.4119250974532,42.6229866325322,206.396327105926,20.5939522502872,PASS
4.90654372146984,1.07394902054066,6.44342859393813,4.93418214186625,8.10432555941952,0.0994268788834669,0.045507830217026,154.054054054054,46.2706382953695,34.3836571935369,204.726293318967,21.4829069827385,PASS
5.05364688719343,1.13302293358075,9.83395769200802,3.53185758632447,8.32837062859975,0.114845206920828,0.0449823986834386,167.027027027027,47.7483177818237,40.895124027965,225.479511179473,21.0284366092888,PASS
5.55870004299516,0.950358976348397,7.86434166593613,4.54389654798946,6.34737460638596,0.130475755053215,0.0673746817871516,178.648648648649,48.883723733668,46.8720023665245,172.394240764586,20.0643490703499,PASS
4.53231092746442,1.15670157452315,6.46555889724634,4.23978290968978,6.69488608992372,0.148486835387315,0.0885315236966763,169.72972972973,48.3837397356119,40.5484800727487,179.990817744276,20.3189679543561,PASS
5.50185723691008,1.11295092567013,6.82096230518107,3.56888074213203,9.19291086825269,0.10501848481413,0.0512344446598684,145.945945945946,44.9181979110273,31.7630229043924,222.592240398745,22.2831343516654,PASS
5.60004660134781,1.21246457780073,8.13816683994277,3.00127277795426,8.98009574165322,0.151283821049259,0.0866225948503635,154.054054054054,46.0596784646841,35.1358912435425,228.791261207907,21.807680069008,PASS
4.58649152987724,1.06775777404825,7.52257616076989,4.78273271510279,6.91517746457397,0.103274562256766,0.0421583014371498,172.432432432432,48.6125388777454,42.3614306328648,188.655368821634,20.3354355138412,PASS
4.96213436083877,1.01254407865405,8.35327776557134,3.53457345873658,5.65131089507833,0.112878811012715,0.0471832644623853,190.540540540541,50.0019000988914,53.4046606126149,157.808241013369,19.4389127089014,PASS
5.73907393415024,0.896234131803817,7.03164880594153,4.8987198650781,6.99877158305233,0.10175422784987,0.045945114434768,167.027027027027,47.6655164887638,40.802696808285,182.966557006939,20.6745648873404,PASS
4.79980408458484,1.2390713471044,9.77231593118052,3.87150924979491,9.90877692291901,0.11308026826916,0.044328907255569,153.783783783784,45.7500790203519,35.1590095463677,256.222410622886,22.1405314852089,PASS
3.54337563174921,1.3865093441143,7.79470722093804,3.63483282963961,7.64557291252935,0.158916683426512,0.0874991248488169,167.837837837838,48.5800395665381,39.2276448945764,214.819893369219,20.5720184902592,PASS
4.11483560976386,1.06504024601786,6.82434319296989,3.63683224462382,4.98890179460557,0.105712228622762,0.0469403500532819,194.864864864865,50.2797740933614,54.1175819693638,139.740797821811,19.0413612368356,PASS
4.04134512645809,1.36533600776817,8.58199422698188,4.81922339231778,9.9441194174296,0.115422335726451,0.0468557429963383,149.459459459459,45.3878145511044,32.9489657685632,255.63301092577,22.2997601701476,PASS
5.31980440675285,1.18517284911772,8.93815997523572,4.12354979212622,8.89491605301702,0.158442757013368,0.0903248287845152,158.108108108108,46.5084469486059,37.0243471572797,232.590080851368,21.6312978316282,PASS
4.27046461301864,1.36224026037594,7.72795476336826,3.1030021209797,9.57322716950188,0.118124651104505,0.0543050989532069,148.648648648649,45.6016705073989,32.3404415630289,243.962430680118,22.1113990666242,PASS
5.07512613700344,1.02639662610302,6.26489579884175,4.29802017162573,7.40775378596284,0.0990061351957952,0.0457473816079773,159.72972972973,47.057385116081,36.6564779179831,189.913090041009,20.9813229464291,PASS
5.59518460388563,1.27020663485409,7.33436313190361,4.06844894057517,10.399904376707,0.150701952599036,0.0923165279338732,138.918918918919,43.4555441302777,29.7101506779485,244.227837568385,23.2048180017565,PASS
4.7252070351736,1.02029779748196,8.5076726164977,4.17603309953074,5.90733581600141,0.106761181367136,0.0413287119702298,188.648648648649,49.9637606179697,51.7231833100084,166.253544677036,19.562088353009,PASS
5.83575756059799,0.915526950807327,6.76873685214695,3.43083657716203,5.8291954852012,0.108943884493756,0.0501985278382483,179.189189189189,48.7673334201158,47.1150795647612,154.540172202407,19.8655979203992,PASS
5.0667357596013,1.16804165954668,6.04335372416797,3.69215123578381,8.32033392452848,0.124346858442993,0.070494768088726,149.72972972973,45.7540436925927,32.6073129239495,205.651631974756,21.7122931874064,PASS
4.82872979687099,1.08296917226958,6.81618434337583,3.3803361763201,6.5702687635348,0.114539269582034,0.0557148543314376,172.702702702703,48.6396615341687,42.2836493466929,176.708847247246,20.1856176279614,PASS
4.71746488948721,1.12406004842389,7.32655746894196,3.4998055295216,6.24315772112891,0.152052181953347,0.08826690202635,179.459459459459,49.297842974203,45.7846649771963,172.107866650312,19.8802072754381,PASS
5.46086938760628,1.05991003249733,9.02113925316555,4.29938132348297,7.68949722172363,0.143656070671681,0.0758566718174873,169.459459459459,47.9657014194856,42.1904139394408,207.662531032168,20.7986069956505,PASS
5.62647896687898,1.17993907583912,9.62852562123693,4.22074821177318,10.4332720431358,0.134875284804183,0.0690713148546794,148.108108108108,44.5841657806208,33.5883608164761,259.176249067777,22.7368903052749,PASS
4.29023579674157,1.33881149250532,8.79078326512567,3.3871338604077,9.06529570727145,0.140207208413639,0.0697824810681342,157.567567567568,46.7988244167491,35.9613969578862,241.667755113134,21.5517062881631,PASS
4.37607737810476,1.34510637423979,7.59769904598381,3.60978168558787,10.1579987513457,0.106385027782879,0.0452644859623503,143.243243243243,44.5427748659517,30.6012397398268,249.718572118633,22.6717184804398,PASS
4.55021544070183,1.09108479285048,7.26398672167434,3.90108511042556,6.1956167750054,0.125356812229466,0.0634839281684296,180,49.3509461943638,45.8969763132558,171.069593746419,19.8442357024381,PASS
5.1245310887852,0.946184457597215,6.55648102742898,4.41042275120275,5.29430545414298,0.126528286925955,0.0687735267463406,186.486486486486,49.3598693629706,50.5274264959951,143.637186834035,19.4569029031905,PASS
4.96260887387326,1.0119949482521,9.6364452667941,4.93159196240308,6.12900097022094,0.141426742899586,0.0702291626495557,189.459459459459,49.9542672148686,53.1897475066999,174.416971029941,19.6603186562516,PASS
4.88292720753513,1.07325322952109,9.15173716293486,4.69196738124981,6.52582528806747,0.159591988809344,0.0888132155134367,183.243243243243,49.5373642929441,49.0164519651712,184.160798794282,19.930732668918,PASS
5.01095670331329,1.14838078284311,6.61308982438947,3.24848550391364,8.02639950098795,0.112629612195491,0.0561894813263143,155.945945945946,46.6631854680733,35.0242122262794,204.728947013352,21.3032590481709,PASS
5.03487999739401,1.04663743145711,6.92149036728525,3.03391696615574,6.37452288475028,0.101393335495581,0.042765055116274,175.135135135135,48.8200082563023,43.7747962172913,171.477640499658,20.0547009560874,PASS
4.6716737813806,1.16814437728667,7.580435014179,3.02497259171111,6.906052928452,0.1355778466443,0.0713643407499921,173.243243243243,48.8047534841173,42.4996184572267,188.911300826845,20.2585292303905,PASS
3.51216503672866,1.25060077609007,9.91150521019908,3.00973781877995,6.59412439495945,0.121082715082263,0.045615397235254,188.648648648649,50.5830055554582,50.0756184335341,194.324209929561,19.6109880379181,PASS
4.80343918094748,1.12080037082216,7.08653545125462,4.08260011315822,7.66785594301246,0.114151168628004,0.0549514069494179,162.162162162162,47.420857195234,37.6383605823296,201.465708629265,20.9530619657064,PASS
5.39490939509827,1.12460531639675,8.00466991831236,4.6643917122344,10.0005448960065,0.105886022711615,0.0482073041780622,144.864864864865,44.4184869056446,31.9304927223651,243.309711283754,22.708440717762,PASS
5.36968389609605,1.01100938197261,6.61164156436671,3.04059835762138,5.66545703264577,0.129960810279104,0.0704712374859189,181.621621621622,49.1170916432604,47.6908762605459,152.163415401606,19.6835477183477,PASS
5.86385937936506,0.966224544047432,6.70770959196651,4.29672620639779,8.83452891434629,0.0913818327037816,0.0406893383733047,147.567567567568,45.0712129946336,32.6683976204533,213.801000025678,22.1370823746501,PASS
5.94067107507859,0.875755097421276,8.06627864843842,4.13132887999524,5.63870462486245,0.116018406295858,0.0506380212431897,186.756756756757,49.3250610774866,52.8678809496047,153.030330170071,19.6399985244287,PASS
5.25061351731759,1.23549615744629,6.31685059206683,4.66284009010068,8.9491078612337,0.15932372232484,0.102527142278373,145.405405405405,44.8836486111056,31.3757521174312,217.401814783858,22.2494533194415,PASS
5.44835016758889,1.23619698198273,8.36304556593542,3.57269981618904,9.43922741559704,0.156424120651706,0.0911696219207692,151.081081081081,45.5306477791082,34.1336701366057,238.467921772614,22.1282252912921,PASS
5.14044698338585,1.13891305652989,7.59770184923116,3.44991170738548,8.05176659094654,0.123640303221251,0.0622146693516331,160.540540540541,47.1309768604774,37.3029730166396,210.251052824907,21.1669933344913,PASS
4.77421933353801,1.20361267995308,8.20659258753615,3.67910583042944,7.92409607481651,0.147034115403755,0.08017741625673,164.864864864865,47.7465588853493,39.1678319059047,213.241102396624,20.9251138662692,PASS
5.90379041739292,1.03177080031532,7.59402133527201,4.11421202771203,7.93145728140793,0.142801365699962,0.082046631922512,160.27027027027,46.8445629036885,37.9339462246656,204.267296359654,21.2501690081946,PASS
5.39170878194933,1.16992691679072,9.15544108602209,3.84581587972567,10.0486673731725,0.11352051227297,0.0497610475924798,149.459459459459,45.042441990303,33.796813670454,251.486277649869,22.4574973787448,PASS
3.84745631321266,1.41305754315154,9.44206811155139,3.00279339475572,8.90236391646914,0.156023407853311,0.0795229182417012,162.432432432432,47.5827021399724,37.6685461366134,246.73221072691,21.2311466063588,PASS
4.65286995043941,1.29033112413827,8.69994696934868,3.33898400987057,9.25148714436899,0.132722142545276,0.0649873535360392,155.135135135135,46.3336445896039,35.2292066688582,241.617346740067,21.7662891777458,PASS
5.44013002827499,1.13574566287268,7.01432538255413,3.44513463145431,9.01819125739689,0.112220570170392,0.0563088648275306,148.378378378378,45.3395145153581,32.6802362328511,221.905387157995,22.0747362555333,PASS
5.24015663018112,1.07932183799485,6.95885831036454,4.09904564130876,7.73779163651968,0.123586208293542,0.0656202407235706,160,47.0454899808988,37.0957500738511,200.100807365445,21.1065162114991,PASS
4.02120059425851,1.24213170081136,7.89190413418771,4.31538616451804,7.34979073037146,0.137616221341081,0.0699139509252014,170.540540540541,48.6308010534182,40.9546623500384,203.817168834742,20.4666621113528,PASS
5.71778077593579,1.06737423008453,9.47346914812507,3.17132181808014,7.10952751534641,0.153007338147783,0.0804626058904749,176.486486486486,48.7366390162323,46.2643622432869,194.371690167152,20.3581245583925,PASS
4.93075316252092,1.15929894145235,8.64592440583024,3.58877734609797,8.13462835038342,0.125080978065307,0.0586675520476172,164.594594594595,47.6000122421836,39.261692312096,217.938359019261,21.0316914819175,PASS
5.87090267051049,1.18901507828519,7.18794127682391,3.29431469276796,9.41882340398217,0.145339615461059,0.0870811171836814,145.675675675676,44.7560921204065,31.920925619993,228.155259690824,22.4187768736982,PASS
5.78983914041744,1.11163941064564,6.52354850425451,4.47382136490636,10.0633076028512,0.118322406763132,0.0676980429375172,137.027027027027,43.2315375961146,28.9698822524114,230.507385686362,23.2254016917949,PASS
4.99602901448332,0.955342754937684,6.48359437867514,3.89625561355838,5.4925843886555,0.097035691527401,0.0410476700512892,183.783783783784,49.2862664484487,48.5571211703357,148.529959872459,19.557605181409,PASS
4.76583916403567,1.375332551126,6.92416265114979,3.22614940290555,10.3239449299934,0.126160122931736,0.0680755293349182,138.378378378378,43.8015787352571,28.9697815680165,245.429080072955,23.0296168622484,PASS
4.28638604972049,1.25959194432066,6.10813386469555,3.73238560030735,8.23405407875146,0.11456161108936,0.058176540846521,151.891891891892,46.2838848774166,32.9544909442547,208.880680479628,21.4892012115593,PASS
4.7067019315738,1.24734684643413,8.0499296963854,4.46732250774196,9.13733758622508,0.13265825014033,0.0681824389918638,152.972972972973,45.9924088875657,34.3998721524986,235.15093144433,21.8792829470262,PASS
5.76480090564863,0.952883451001654,7.62303975616242,4.07573443114669,6.70354870957178,0.122904802618173,0.0614561257705784,173.243243243243,48.3490166774135,44.0072599463761,178.764526520758,20.3517699749524,PASS
4.10333325284005,1.29224834943227,9.71543330139039,3.41090852582811,8.65328408098395,0.122787006252314,0.0492713555814619,165.135135135135,47.7851629504543,39.180610220394,238.226111388433,21.0918325024423,PASS
5.41082017351097,0.895220516790788,6.69417306168932,4.68384827531625,5.53105485710781,0.114028683008722,0.0567075130328797,183.243243243243,49.0965211350998,49.112121275122,148.990730869918,19.6502715122226,PASS
5.31592271345176,1.33266604696975,6.60882211390954,3.08027349139632,9.67501425501753,0.153460633083872,0.0956226891616336,141.351351351351,44.2783169539332,29.9582485927737,231.552769937925,22.6612665559429,PASS
4.75203314215713,1.13124310410397,9.59585192056526,3.17343412561546,6.36373083359817,0.157268859908864,0.0836901125417288,187.567567567568,49.9934474122226,51.1926871632346,181.032380643216,19.7164215076719,PASS
5.02354068288327,1.12895569921999,9.11941369664597,4.26404958940989,8.74037095837219,0.111734130082107,0.0457843129799533,160.540540540541,46.8941531840802,37.8954277353729,231.053311196056,21.4456203716972,PASS
4.91826319354751,1.20579218187626,7.48953513688531,3.64474028111958,9.43557390627175,0.104094313632099,0.0455459510334624,147.837837837838,45.2511505151278,32.3789953647943,234.33521204334,22.2167583898512,PASS
4.30657073765466,1.20882701299892,9.88068592180607,4.74714953572154,8.54544177217771,0.115122835936773,0.0427538804537726,166.216216216216,47.7378683879995,40.015603360521,235.127456993498,21.096618883801,PASS
4.05615108516424,1.38492974158693,9.40741918241507,3.59269591027671,9.31423369422256,0.146996930797569,0.0723619095244093,158.108108108108,46.813980325714,36.2534686390802,251.381176293473,21.6070296811261,PASS
3.89846065297039,1.29178872476004,6.79801715851804,4.00859909879044,7.08514531490174,0.152949890828855,0.0884189301261863,168.108108108108,48.4864819390273,39.3845448117284,194.204435335033,20.4192178439944,PASS
5.10409766524481,1.28963372022204,7.44603436060235,4.0550512446069,10.4817936859154,0.126921536595927,0.0684082937283566,139.459459459459,43.6072480765245,29.6676062143283,248.373911606905,23.1517254800331,PASS
5.38233398239676,1.12910532626423,9.47608350017297,3.49233596657308,8.85999529010598,0.117867733208169,0.0505086676328435,160.540540540541,46.8039675042196,38.1573836034909,232.835600454224,21.5014353855535,PASS
5.32007400462984,1.06011111633977,8.7175576771848,3.49907057336338,7.18919682912258,0.122754487966402,0.056087674671392,173.513513513514,48.558387235564,43.9756749739515,195.592184037391,20.4391636500387,PASS
3.53064272210647,1.38702022026286,7.32860976864257,3.36522378524882,8.62054380856817,0.109397567272205,0.0439502512556493,155.675675675676,47.0291611791591,34.3650342784235,230.324625200912,21.3478167541614,PASS
4.7125348339394,1.17396995541931,6.13524028333273,3.16819703456382,6.97655940368834,0.136279927403036,0.0789571678274804,164.594594594595,47.862816602219,38.1295487198569,183.528404533315,20.5611083274635,PASS
3.9111800569662,1.23616320678554,9.22172048967115,4.57352815454245,7.49504981524672,0.130911407019034,0.05780077433521,174.864864864865,49.0339417374808,43.3241804834113,212.801390578049,20.383088005753,PASS
4.215675396643,1.1616080844524,8.87185523351326,4.57067534577507,7.1351751079237,0.122873225436903,0.0533698609625405,176.756756756757,49.1579355198412,44.4776762173506,201.118468234136,20.2372351035622,PASS
4.50936418396075,1.20466082182268,9.17900109060891,4.74555476221606,8.41776304455147,0.132171821841652,0.0620462851980911,164.594594594595,47.5476343099056,39.1909651216023,228.869467463269,21.1369374710315,PASS
3.8947361815292,1.34768708436343,7.67120017996364,3.00749252533632,8.14711470247324,0.133612382115482,0.0665880508928878,161.621621621622,47.7465120374809,36.875436588862,221.477139637508,20.9744635250628,PASS
4.42032469326303,1.3480599201553,7.24123320537642,3.67673666320879,10.0374675914666,0.111992261477951,0.0520835704827673,142.432432432432,44.4540454855401,30.2374795815452,245.168319755352,22.6777063881131,PASS
4.58509332794699,1.11126969460863,7.34901204143728,4.54745015886758,7.35101426253563,0.11021237607338,0.0493750802800628,167.027027027027,48.0232208712362,39.7008024327914,197.433147465169,20.6602853473629,PASS
5.79830876078699,0.996418586805329,8.25936081651469,4.94587450111234,7.67356783223555,0.146226747326217,0.0826028997994029,165.675675675676,47.459664842675,40.6254829519207,202.969933356363,20.9757492061626,PASS
4.58742324063353,1.40781572281486,6.7701268746441,4.7867719607782,9.83442362916606,0.155400226429602,0.0940657674882059,141.351351351351,44.2086425503326,29.8897582918074,238.30010274616,22.7519171062076,PASS
5.36650584110945,1.21020118861283,6.36234753801859,3.0255793419379,10.4456486961226,0.0948755644864331,0.045095078760309,134.054054054054,43.0145339137091,27.6678553837141,236.632817649186,23.4032736686329,PASS
4.90104071118085,1.20431544182619,6.58883438465462,4.96098338256065,8.69910164436152,0.137301924531429,0.0796796964842567,149.459459459459,45.5598873302788,32.7229665544209,216.864185774242,21.9238958536113,PASS
5.73867064168614,1.08485716082846,9.26920602965584,3.32579461594891,8.39771832683826,0.125055771421078,0.057693327065208,163.243243243243,47.1637726879944,39.5889205666567,221.221667958566,21.256882239566,PASS
4.1731342635638,1.08351196292426,7.89067869693681,4.51931315572472,5.89019024147863,0.108036569831979,0.043990837933458,187.567567567568,50.0533977923831,49.9153955804524,166.960123677981,19.5292467496931,PASS
5.78337312190816,0.974475090587025,6.49557499242347,3.70655086294725,6.23245992963321,0.144819129128152,0.0863871041098119,172.972972972973,48.2766021901758,43.5085633187315,163.804939669817,20.1800876648474,PASS
5.19694669107015,1.05394743567208,6.5653131351199,4.54149124134566,6.98506985202985,0.140809247799808,0.083020100245923,165.675675675676,47.7285540595316,39.4695091754054,183.355324965807,20.6386690861735,PASS
5.62777277869479,1.05626339046163,6.2170911103994,3.99056878124459,7.21190366579334,0.152995438998415,0.0966880817150316,160.810810810811,47.0638726528632,37.4567963885488,184.282654723053,20.9240638395377,PASS
5.41005675134232,0.990283472659744,8.95519024688723,4.85499833724158,7.44162214044126,0.113731520147946,0.0485439042844471,171.621621621622,48.2020416343943,43.2808836468197,202.04885332795,20.6502267134003,PASS
5.9405556132067,1.1742442738545,6.21851218888032,3.52837532952605,9.20807518838102,0.149542542549325,0.0958571967965545,142.162162162162,44.286674287543,30.4506590020101,217.11794462631,22.538073438008,PASS
4.11642864037303,1.30001966462923,6.30278434034621,3.24378705273359,7.29762154773101,0.149098807145902,0.0881281839274866,162.972972972973,47.896716354077,37.0385246281492,195.118087155494,20.6637795062943,PASS
5.9439206841613,1.09937936277444,6.14690709447223,4.59197811892751,9.06093373844056,0.147400052300749,0.0951867444338582,142.702702702703,44.2755106783084,30.75042396786,213.645732342938,22.5145696264389,PASS
4.83937292833268,1.01838504239484,6.18147991658897,4.35149412200773,5.95492907626966,0.12334062049823,0.0674071978843805,176.486486486486,48.7961803306825,44.1154062861719,159.81916956133,19.9027672723152,PASS
4.35731910772152,1.47908975070781,6.25802513272759,4.09061270103582,10.0371738283044,0.146352816862255,0.0872834862344462,137.297297297297,43.7766083415905,28.3072607097654,238.60622569039,22.9960609818813,PASS
4.40738970682659,1.13934513450655,6.8977540582301,4.14193915027792,6.4211986928199,0.139357117151765,0.0777641507876293,175.675675675676,49.0062225087807,43.3571390471846,176.120164752436,20.0317052060031,PASS
4.43904024746499,1.42942955853979,7.17559317485181,4.49096720624243,10.0646855140903,0.148742114405504,0.0855059883299706,141.621621621622,44.2666232716223,30.0886940557529,246.016007636015,22.7835535151367,PASS
3.54873607300746,1.29158245679971,7.11659114708271,3.38845493101454,7.29602435837385,0.10891883758612,0.0447498205448797,168.108108108108,48.6443582326486,39.1346925413949,201.61048808027,20.4219195424545,PASS
5.49171614964685,1.21508737404747,9.11786635735966,3.59072944296108,10.2901031875151,0.128782501005923,0.0641225432749184,147.567567567568,44.6942439672518,33.0779212370069,254.960092240918,22.6513884989674,PASS
3.56771365290773,1.41738090214039,8.45964809107231,4.06446357252098,8.80498139640638,0.13773232917066,0.0645735793846723,159.189189189189,47.2689215151538,36.1299563397468,240.737280546871,21.3261095381484,PASS
5.84362097948143,1.21076021011015,8.62128895812922,3.6513319655868,10.4398917011853,0.142963604552659,0.0804179153256923,144.054054054054,44.1007100819328,31.9028713549064,252.453639490664,22.9377864324278,PASS
4.91677526539638,1.28606714331558,7.10266469768513,4.09728794611881,9.95836204744432,0.126308553340515,0.0680700876287855,141.621621621622,44.1960934931791,30.248506321044,239.739809705968,22.7737501605018,PASS
4.86888419507183,1.18304404845491,8.00296475956947,3.31740436423619,7.66318985229214,0.14151821939347,0.0758894940248133,166.486486486486,47.9756484130865,39.8462346703012,206.297054841456,20.7689727518063,PASS
5.87654458927345,1.2156513712324,6.55837562110443,3.10014397360573,9.30446541645268,0.150040104419299,0.093987959765202,143.243243243243,44.5227734048893,30.9021859759277,222.172420927213,22.4717628596162,PASS
4.33708402618775,1.42753442485535,6.6536498098661,3.87852339932207,10.1388612994378,0.128767415163617,0.0695710875177643,138.648648648649,43.9478758145443,28.8564350029994,243.048913467536,22.9337962952625,PASS
3.93440671061393,1.34927331958093,6.7142793502838,4.9205288008432,7.83547546852922,0.159319701676945,0.0941146125625787,159.459459459459,47.339682481803,35.9263843885325,209.125499590172,21.0392620421712,PASS
5.02529372978309,1.08345340903289,8.84887208024429,4.77296292604774,7.06848184460419,0.156662878769519,0.0876316526186668,175.945945945946,48.7983896890511,44.9558045518883,195.81753984148,20.3426768210728,PASS
4.74328331973321,1.23727220099216,8.09492164530309,4.94993371378969,10.3376999779495,0.101177002231021,0.0407719417486078,143.513513513514,44.2280555405334,31.16708521345,252.395741517436,22.8612382223953,PASS
5.8273805025453,1.06209155111282,9.78465374559496,4.21925123788577,9.90846590387606,0.104867408616503,0.0412221686213774,152.432432432432,45.2582788722283,35.3445580796596,249.768451870906,22.3452214375793,PASS
3.85943482166988,1.24658141266736,6.05296472212243,3.51201482042659,6.00796925439667,0.159310158895618,0.0987329890860872,177.297297297297,49.3220866325658,43.112104482423,166.151124551189,19.7586778525224,PASS
5.05667129745153,1.13660722827592,6.78955519524428,3.49525550595345,7.33944270497168,0.138961882913834,0.0794097014682461,163.783783783784,47.6122664517802,38.330718203417,192.651479937839,20.780257903937,PASS
5.97480340073171,0.892573693042929,7.36057310989161,4.46668843384905,7.21366005811679,0.0995906098311233,0.0425492421017382,165.945945945946,47.5151931228607,40.623166478569,187.746806593254,20.797897494647,PASS
4.22244993470271,1.23100344036236,8.02313715124814,4.4742323686707,7.4000463126351,0.151100404463747,0.0827453396242417,170.27027027027,48.5140843063893,41.071198183673,204.631425458385,20.5244524056611,PASS
5.16693720277882,0.958163355156432,6.32612147258966,4.07491742922757,5.53611028570498,0.120789581096655,0.0643902717180214,181.891891891892,49.0731845606487,47.6897715147074,148.737092807245,19.6424020856707,PASS
3.93732547483552,1.34924352027079,7.96796722267444,3.81009668685973,8.06735750898504,0.15602999527666,0.085907422223451,163.783783783784,47.873986047126,37.9074963754611,221.085679426786,20.9236499672329,PASS
4.09672210574932,1.25024914308808,9.44470184203854,4.21495259794853,8.12478359126841,0.128152454319168,0.0552077697818772,169.189189189189,48.2762194286466,40.8589543445279,226.261318112587,20.8008950125114,PASS
4.61318391607535,1.39272702999836,6.19457894527558,4.65621394187772,9.61502421693134,0.150719346747511,0.0926588207105042,139.72972972973,44.1120770444737,29.2348518942463,229.762615686033,22.7385592059726,PASS
5.78413935188717,0.984626236603095,7.65457045717923,4.76728606344978,8.96660977632058,0.0975760495732948,0.0422896558186553,151.351351351351,45.473514590388,34.3061095373742,222.896394354196,22.0369166329354,PASS
5.81126171369811,0.904368868481587,7.1890727333414,4.42728222277891,6.45834363966785,0.11513368478181,0.0563395327373891,173.783783783784,48.3404583459082,44.2650723154113,171.363969594446,20.2658093023902,PASS
4.75895178003541,1.27200643637591,7.16323998249837,3.6292407331568,9.41867093921891,0.120045743753528,0.060808040150769,146.486486486486,45.1578823959885,31.7465349614139,233.439451684743,22.2502339565627,PASS
5.66103888319425,1.23008335292893,6.83874230843103,3.26793649816592,9.33563003757111,0.149638789823738,0.091961504532896,144.864864864865,44.7404037905118,31.3992810627015,225.745284786232,22.3986894629369,PASS
5.32635861503298,1.07645245254987,7.95814787278841,4.89171240541643,9.42068499583414,0.0977248499159478,0.0401369429893352,149.459459459459,45.2038450534449,33.4577943876755,234.513974515322,22.2545978007754,PASS
3.88985407021764,1.25511083062927,6.14320889914524,4.49657016080273,6.795854636804,0.143289101182383,0.0825437632812208,167.567567567568,48.367967044956,38.9685670162267,183.939195134128,20.351382813832,PASS
5.67926190142955,1.24211769991876,8.83846206209162,3.78508017435438,10.240946892505,0.157440860209528,0.0919987898919661,146.486486486486,44.5351507530242,32.769699700249,252.326023652983,22.7154122492591,PASS
4.11070087228953,1.24931494135027,9.50078651618531,4.14374867291598,7.69910571208876,0.148039359894209,0.0735664553720414,173.513513513514,48.82729799612,42.9375731503133,217.544824104441,20.5053963640919,PASS
4.96091138996615,1.06726143853354,9.70045032643403,3.3493653712188,6.11089301308743,0.137785584863155,0.0651433525008192,190.27027027027,50.0761609961785,53.4387184569758,173.084742238813,19.5975466858305,PASS
4.74688857691464,1.32373239613278,7.07100276645705,4.80156878578421,9.3348303953184,0.156009973264078,0.0939206827043094,146.756756756757,45.0755321440291,31.8473361778834,232.231850058576,22.2817991303803,PASS
4.72910389852906,1.14536629810911,9.08054213565216,3.50402850638766,7.29362683100069,0.131321577912377,0.0617268933119866,175.135135135135,48.8825728581123,44.1584765860959,202.4953773551,20.3645885343835,PASS
4.54730136603833,1.07934378808937,7.44035890034191,4.17800511971962,5.61148347351177,0.151913417868351,0.0880271493055299,188.108108108108,49.9162935454297,50.7795754958186,157.154559898669,19.4541292655937,PASS
4.33688142034267,1.21502876698815,7.45504988690976,4.48244589959416,8.36978629564568,0.109740829084364,0.0476859717644458,157.567567567568,46.8840654733099,35.6960063735097,219.502117606665,21.3446786011353,PASS
3.94881632955772,1.19637295479682,8.45821030965593,4.91509205318804,7.19867334417515,0.118664487316766,0.0497154795059331,174.864864864865,49.038351825217,43.1075196728752,202.706290122608,20.2957310211503,PASS
5.72373472292761,0.99453181615606,6.27080383146867,3.60959604115394,7.0307842710018,0.122647575759375,0.067850948213007,162.972972972973,47.3076817003091,38.4493982224887,180.019710935374,20.7747400336854,PASS
5.52957753897663,1.26843011447978,6.64875449381556,4.89394938344461,10.0969059516495,0.159373016218082,0.1031391245142,137.837837837838,43.3418512062862,29.1314406203712,234.647225846019,23.1970320935408,PASS
4.75895667471662,1.40756820487887,6.98887119269165,4.03461753456988,10.4579208156474,0.143043169721798,0.0831959459764741,137.567567567568,43.5194130907553,28.8365208777343,247.433974012235,23.1975200772245,PASS
5.25544226873211,1.04376969754618,7.16300600635402,4.05019030869311,7.07643549042009,0.126001687029553,0.066343618911067,167.837837837838,47.9743233093125,40.6464887311528,187.596635150392,20.5897954525452,PASS
5.22248858384752,1.29518400522672,6.6146199974648,4.02727587650349,9.75533448143065,0.148855883077186,0.0918033055264308,140.540540540541,44.0371939242944,29.8106554742492,231.86690035395,22.7926412340534,PASS
4.61412872541582,1.23069465735139,9.68680564355962,4.78126123290324,8.51445821041403,0.159932714891321,0.0861595254867038,165.405405405405,47.5733630765613,39.8212823587145,233.076393020372,21.1561241705224,PASS
4.17485881675094,1.29891192837642,7.16120054758216,3.63303612955683,8.51327768812182,0.120507744346906,0.058105949662268,155.135135135135,46.7054753088367,34.4684705279996,222.17393290658,21.4350234335266,PASS
5.34109231772722,1.33123179340408,6.34257123171867,4.81105177239967,10.2597735639716,0.159160735065374,0.103584320337154,135.135135135135,42.9840546870643,28.1255760451557,234.943498627744,23.4037378362491,PASS
5.61961484393728,1.21809691135307,9.73190588253034,3.02601510755756,9.30256240316191,0.158199749450002,0.086820145865391,157.567567567568,46.3060945708246,37.0787282233559,242.10541712434,21.7936071107753,PASS
4.33827532140232,1.23359962860013,9.26114710695013,4.99656172162964,9.14128161554186,0.109803237861414,0.0405904284762502,158.378378378378,46.6661326753059,36.6696311938612,243.541217993284,21.628910938256,PASS
4.86333982651445,1.26838332115844,9.13785642334964,4.57043787882599,10.1342688663027,0.131959952242401,0.0646624888986898,149.459459459459,45.059606517783,33.4932925403587,256.716755418587,22.4764839100033,PASS
4.34901794426386,1.34502098803606,6.17819060809205,4.28023246796235,8.6352560740972,0.145783095315031,0.086613716759743,148.378378378378,45.6803694264662,31.8615010485346,216.680151521014,21.8420691362845,PASS
4.10128713526583,1.4991296460171,7.12400883891315,3.51817979394991,10.3271309806535,0.135639081026226,0.0723654534789923,140,44.1778987041634,29.2796001207267,253.056213078508,22.8790178573272,PASS
5.88249882210882,1.06841272470091,9.7840209593588,3.70294714371755,8.46293496682139,0.139962158683075,0.0702809139659267,164.324324324324,47.1603620076812,40.383338862079,223.966928826108,21.2814518701773,PASS
5.23229564032454,1.05910100440959,6.50252239836191,4.22249468833107,8.09480345571349,0.105402141645381,0.0515359030721851,154.054054054054,46.2466475555654,34.5803022814187,203.49859556713,21.4812972457161,PASS
5.68714516665413,0.918130590554528,7.97779868709343,4.03066606732926,6.09433416730354,0.107466131861835,0.044280613314746,181.621621621622,49.109046902825,48.9565706048518,165.419126222662,19.891320035141,PASS
5.48432626777055,1.28229352852752,7.48853748811989,3.4582886204565,9.79705328253013,0.156497245659419,0.0953198451964336,144.324324324324,44.5566473295731,31.4466167227056,238.465054749197,22.5950840262494,PASS
5.01238766751901,0.985285888690123,6.37920197268745,3.6132885572648,5.42061523212895,0.11477483849674,0.0579921359981613,184.324324324324,49.3032503184838,48.7531950228424,146.463344044019,19.5168241153381,PASS
5.47380832167659,1.09789239424357,8.38279176800221,3.71786197070492,8.50565182549273,0.120678763744641,0.0576337139894608,159.189189189189,46.7348603331915,37.3309558488658,220.833847143115,21.4405991875151,PASS
4.61238482325772,1.12472904890967,7.78717678908969,4.91709488205932,6.93824084209308,0.145866963494401,0.0806583916047574,173.513513513514,48.7084151740592,42.9434969182388,191.00319165717,20.3229006798947,PASS
4.69816848244226,1.21214950478892,6.95193736079729,4.56534326747213,8.71733106632433,0.123243873393578,0.0641979171753388,151.351351351351,45.9106583990261,33.4402977665107,220.634155753316,21.7908251230422,PASS
5.80239078618542,0.994388119238306,7.0271299019266,3.05286788782398,6.42900408132801,0.122199657940832,0.0617197457559566,173.513513513514,48.4292211102307,43.9009159372707,170.053155885109,20.2082524099716,PASS
5.26416914987711,0.997619612404928,8.06222539006708,4.78234604129267,7.07818759102228,0.1156677499914,0.0533171304796922,171.891891891892,48.33831179316,43.0062750210517,191.397592594167,20.4892013982866,PASS
5.99919581128554,1.17711130857299,9.080916148968,3.47635998379152,10.0586216017949,0.146565988600648,0.0814704840121482,148.648648648649,44.7984414610042,33.7042318062196,248.762847341664,22.5625569704205,PASS
5.4720488955447,0.944380381268857,6.38995447993304,3.93331281603596,6.16851688743693,0.111004307002086,0.0554605676477832,173.783783783784,48.4121779671025,43.5239478671433,162.777425607356,20.1090932752353,PASS
4.49905556656683,1.41934708028266,7.50051604254498,4.7986776903074,10.0258129833282,0.157013676608095,0.091806592778556,143.513513513514,44.4772186677687,30.8222819450583,247.725925496888,22.6960252438905,PASS
3.62575729201429,1.322055907263,9.09733081185881,4.98986937980736,7.75574185284627,0.150390123885937,0.0741270136373121,172.162162162162,48.8018520164999,41.7438387158107,221.140055256821,20.5394894773986,PASS
4.50622829486539,1.11672807105723,8.24587648668306,4.91792183873803,7.36823638197268,0.114289285599376,0.0491100077156608,171.081081081081,48.4510406762128,41.8305785093256,202.450555192441,20.537623623031,PASS
3.62179908318572,1.30740499997111,8.562816483507,4.09941659164974,7.60203932658766,0.133010192447283,0.0607145712860903,171.621621621622,48.8515691075006,41.2455268769742,214.89791728082,20.4677202738112,PASS
4.29576763372448,1.24529016680749,6.92682800310627,4.76184100717288,7.88653909102482,0.138046057069314,0.0756460080967368,159.72972972973,47.2293850345797,36.2987055652968,208.33227142591,21.0907957986736,PASS
4.77828293373373,1.17286327644083,7.73154682032755,4.81963073125743,8.11228141628476,0.139809003174503,0.0760239788467827,160.810810810811,47.1485584567014,37.3742577526835,214.487519508812,21.1951723590777,PASS
5.97271235731514,0.955320829362548,6.22110372261353,3.51467793182908,6.13822630532974,0.143524044095813,0.0861884898407647,172.162162162162,48.1222564308522,43.2351427545466,159.718247188611,20.1820054173106,PASS
4.92961579117333,1.23812231880826,6.4651275344418,3.91242459803728,9.36343821862248,0.119452403749775,0.0643947483219931,143.243243243243,44.6164220063651,30.4692603351839,225.805262642793,22.4434490653535,PASS
4.51667466834939,1.23002342749992,8.5690796871111,4.00952532869665,8.05418761488129,0.146071108523636,0.0770261285077592,165.675675675676,47.834136350763,39.3861318268321,219.037634724281,20.9347672398413,PASS
4.99857251267174,0.97013076437978,8.14616784541738,4.99852629394342,6.04507448678076,0.111855652952534,0.0483935886954225,184.594594594595,49.5326902596483,49.7018540491432,168.218519795694,19.7545577935889,PASS
4.84915039815914,1.37170901375209,7.9718722454716,4.83646629651651,10.3185086853499,0.159771413297959,0.0944474022590234,142.972972972973,44.1788478418307,31.0046329062353,252.933052406611,22.8875285630449,PASS
5.53092317059897,0.972352802900209,7.95428774564353,3.11252378248559,5.49311358179918,0.116932411423221,0.0510908835569662,189.459459459459,49.6748873344202,53.6425258412798,150.267341669489,19.459266812621,PASS
3.74509952918319,1.36176453965078,8.05765097834749,4.38966802463045,9.09588190789586,0.111225873500535,0.0431838040524659,154.594594594595,46.5100226965487,34.405450152711,240.551831868382,21.6674517261085,PASS
5.38808146609379,1.1610329643915,7.3117415666735,3.48080078520616,9.43641919070797,0.110667980515268,0.0538965584602888,146.486486486486,44.9642848155645,32.0718432287522,230.717489716657,22.3312807822807,PASS
5.49140486360312,0.997255022405621,6.31492052300847,3.1908593978067,6.33970208966418,0.113726530736109,0.0577240943804759,171.351351351351,48.2659041424211,42.2041981114771,166.354521637112,20.2093940324094,PASS
4.04376924489098,1.43733702183836,6.07316431537261,4.36766792150753,10.1161981836521,0.112402650686507,0.0561141004975529,135.675675675676,43.5901941948206,27.7282372806432,238.062867629824,23.0959762297351,PASS
5.17328831570654,1.02682665424511,6.59335256365048,4.35006729480296,6.41359748152959,0.140381237530519,0.0820400009865236,172.432432432432,48.4124571184529,42.6315961221624,171.041806410226,20.2130784099489,PASS
3.73960440729503,1.47720838978239,7.80130549421245,3.15643817746435,9.35638561088298,0.142676180551015,0.0734441979341556,151.351351351351,46.2322035239082,33.0382080881218,247.461648874091,21.8350445461558,PASS
5.45211836362707,1.21876840386304,6.04076341555317,3.28925905899747,10.0718752867799,0.113519919898406,0.0635534216772894,134.864864864865,43.2105678397888,27.8566062066288,228.824336493385,23.2304400049574,PASS
5.46252586576883,1.17803234682165,6.21269601473494,4.71510107921897,9.36421070964476,0.139893214985543,0.0866914074610372,141.081081081081,44.0853331479091,30.0195770630858,220.790569243226,22.6748051268714,PASS
4.77490179805459,1.28839480425285,9.08583690604607,4.53361662265484,10.005337790044,0.137932452032444,0.0696796520715947,150.27027027027,45.2610411067114,33.7462473749024,255.240862033277,22.3677201040674,PASS
5.00502356190164,1.01755191090334,7.32034155845889,4.89824168575582,5.99432769040799,0.150384838545232,0.0879604808659674,181.621621621622,49.2582773999355,47.5863097713214,164.839389982941,19.8146244305922,PASS
4.06340415124928,1.25707564489021,9.50864979838109,4.94930307795682,7.83709627687901,0.153616271264722,0.0782654849768002,172.162162162162,48.6231665922372,42.3167738786736,221.434329838362,20.6200059819032,PASS
4.29685915076406,1.31618957955016,7.27979300497019,4.52052112127537,8.434809027794,0.152224780693695,0.0870395122723138,156.216216216216,46.7280945439579,35.0671168292404,221.395178744213,21.4241584784526,PASS
5.87214048224653,1.00003279326996,7.44200250352941,4.25471007295355,8.8961252675399,0.101831336208733,0.0467594198818108,150.810810810811,45.4730725880681,34.0765066925566,219.98177165884,22.0137624677116,PASS
4.75495705870049,1.12198251483843,6.19497870566056,3.53169702990369,6.33554570133002,0.145075085896079,0.087058658281059,172.162162162162,48.5589479510256,41.7337923427437,169.516137460207,20.1175974515933,PASS
4.10348881287467,1.15442665575733,8.37281656602874,4.35695549166295,6.45918519809456,0.129980688301307,0.0618763727579353,182.702702702703,49.7755309881692,47.241379185568,183.707543090975,19.8244527370672,PASS
4.74114629962214,1.03178460343527,8.52945880491247,4.68993800015532,6.23322601294828,0.119014995729993,0.0530203885176802,184.594594594595,49.666436590068,49.3573690521138,175.173854011235,19.7824670420087,PASS
3.70945997031516,1.2310093394793,7.58973225442453,4.31639276794742,6.67499700510378,0.127756902738784,0.0609956819310729,177.297297297297,49.4422415878373,43.707752711288,188.553600894997,19.9923949882989,PASS
3.74311976275244,1.44315416124715,7.41601506951604,3.38282558864116,8.57725438647939,0.155031550859153,0.0863374044234804,156.486486486486,47.0661096093652,34.7352114281481,230.776904506578,21.3372303228654,PASS
5.95311764618922,1.08825012153097,8.46868610712851,3.76485450463694,9.17123787704278,0.130927752741051,0.0687584014204637,152.972972972973,45.6795613715624,35.2560602227097,230.804092215592,22.0079511177519,PASS
5.39372497613215,1.18854073600351,7.85379761161642,4.0858821849399,9.95957662165965,0.123085906326389,0.0639042351184925,144.864864864865,44.4696138661773,31.7324477406437,242.322284112845,22.6715581893623,PASS
4.54973939601101,1.09701341132237,6.86224678494608,4.80576662602028,6.01562906449006,0.156203282053756,0.0943917943725409,180,49.2698694393829,45.9033563362319,165.89965640048,19.8087386436966,PASS
4.39503446188098,1.28205539770382,7.09225481431891,4.11293856267711,8.47980912820077,0.135555612542364,0.0731830768278764,154.864864864865,46.5432458974639,34.4841756330855,219.917047435397,21.4931313934614,PASS
5.7749497366532,0.941439125965691,6.34071791249593,3.16090505655807,5.37539198870963,0.129079190894583,0.0703246997158118,182.972972972973,48.9261287307796,49.1223579514002,142.362797540228,19.6025437487565,PASS
4.8845719749716,1.20167453218302,6.32778881839586,3.41064088598528,8.2595727340382,0.124413690612062,0.0683058824534643,152.162162162162,46.1853435026721,33.4764556057273,207.949929613159,21.5384427856802,PASS
4.36225414932808,1.32975103291058,7.78449121894007,3.44175468270876,9.3664153847061,0.121782371787864,0.0577102272965493,150.540540540541,45.824190498777,33.0779060944221,239.871262605586,21.9818777891401,PASS
4.66909714578429,1.09442562803776,6.99454049719037,3.52869156456827,6.4072812166172,0.119314872226516,0.059098423876687,175.945945945946,48.9740492266322,43.7504623518447,174.48513774144,20.0274589533318,PASS
5.53849956122236,1.10336607219739,6.97344094853952,3.06501724447322,7.6776976911742,0.12957990052182,0.0705466797226479,160.540540540541,47.1269955340539,37.3759259755374,197.985029899097,21.0509153049675,PASS
5.2520057322934,1.04557897969194,7.95410979981484,3.94523203422128,7.29880842117865,0.116852763386805,0.0543949895693295,169.189189189189,48.1097398011559,41.5584125931245,195.606648072312,20.6206533801038,PASS
4.80671374239275,1.23887934768066,6.75534420492616,4.51471239266965,10.2518738862517,0.0988161329081907,0.0449024390335148,137.837837837838,43.5265374369213,28.8831948601623,239.868013406799,23.1377786521507,PASS
4.50520440587355,1.2450411199541,9.2061535220981,3.55195491386355,8.72930306854019,0.123400787732234,0.0536655362600285,161.891891891892,47.2774450208894,37.9888197996689,234.789836113079,21.2943656809025,PASS
5.36636915639239,1.04080959169128,6.82961324505579,4.86824725076206,7.75253349564148,0.128068146520164,0.0712236669753172,158.918918918919,46.8120943126425,36.7633658980346,199.162565280885,21.2028333270659,PASS
4.475709423924,1.16119358719345,8.1877801052598,3.62414360126775,7.11037457418889,0.125950183379976,0.0596963113115281,173.783783783784,48.8638912590312,42.9561026251237,196.53786739779,20.3114396110501,PASS
4.19372583037688,1.30814993382724,9.65689655108775,4.04700193075639,9.00786700245736,0.136189865952005,0.062272017719571,161.621621621622,47.18491071587,37.7981690175138,244.771941652653,21.4003093377688,PASS
4.89369030273577,1.21723346871553,7.86886735919905,3.56002603866013,8.33979586616362,0.142470651068732,0.077891520795083,159.189189189189,47.010240185453,36.7612615233648,219.113051628989,21.2937231516204,PASS
4.50408450944833,1.146606411427,7.88468368255329,4.0678257408299,7.32715494506514,0.118513433437062,0.0543114125867578,170,48.4166611152476,41.1216290780187,199.900095645957,20.5257612421292,PASS
3.62598509132426,1.36716883713907,8.06007057987905,4.86806006225018,8.87287451510898,0.114674050875354,0.0452448787213005,156.486486486486,46.8341715254363,35.1395484996044,237.578306007818,21.500787274901,PASS
4.84523353473403,1.17751644119032,9.25497113491658,4.81223872741563,8.91842352088205,0.129227173448737,0.0609062721189306,159.72972972973,46.7507626648734,37.5038232744789,236.757400423383,21.5488638565876,PASS
4.47057498867252,1.3812518239252,8.53488104947417,3.72167169662736,10.1320334777697,0.137707551289384,0.0699315245911311,147.567567567568,45.0630620784034,32.3684524080325,256.56953655214,22.4652783795279,PASS
4.37380881116802,1.15922526943108,7.55649344651488,3.69964721829497,6.61737700949261,0.135029915685799,0.0706026897899153,176.756756756757,49.1811135421688,44.0534083138064,183.425352713531,20.0485352925996,PASS
3.56765900027656,1.30518500378985,6.81451646791671,3.14467426926015,7.27432772751509,0.113946298722893,0.0510061963655,166.756756756757,48.5369966310691,38.4333380397718,200.004287391695,20.4474458477263,PASS
3.86514880455324,1.38952821378449,7.47215519180243,3.7179025202219,9.29924350633765,0.115916688337293,0.0511144757697183,150,45.9266112232778,32.6005322129298,240.160198587129,21.9265806728551,PASS
4.91400556555001,1.31758330766504,7.5135008754964,4.75318758761425,9.6326592010023,0.159807014532988,0.0963945684404559,146.216216216216,44.8728860444799,31.9284002368427,239.125334060946,22.4427742681076,PASS
5.7096796920203,1.01821964723454,8.94799293952488,3.63734497458943,7.09387342445478,0.134479063686544,0.0662472457584516,174.594594594595,48.5332748995194,45.1337683855607,192.366935070017,20.422862025167,PASS
4.58219885593493,1.36488521043603,6.18209711439868,3.06518050153333,10.3659823423879,0.105480382216145,0.0524327206641556,134.324324324324,43.3274985124408,27.3953240515928,239.708067497485,23.2546691069405,PASS
4.4309023396575,1.26705483301812,9.48459213704871,3.78197287764185,8.74850421750085,0.136696747793761,0.0645279322393405,162.972972972973,47.3767485814495,38.4509194639105,237.292447337568,21.2683884663352,PASS
4.92956734682596,1.36049362151351,6.31280743585432,4.49149964968765,9.61075765319107,0.159956065575229,0.101973390527123,140.27027027027,44.090286329265,29.5284410136038,229.133648631097,22.742904169777,PASS
4.01208555688696,1.37971827537852,9.23670759191256,3.7512363265122,9.34366077071623,0.139286764908645,0.0657254449154393,157.297297297297,46.695579260809,35.8512570790419,250.972639870453,21.6569792548557,PASS
4.62196671479465,1.04107172207274,8.54769677065705,4.28349783543567,5.53952127587603,0.135788666308476,0.0685715634691342,193.513513513514,50.2925821880878,54.9429035645838,157.268388095391,19.319271684566,PASS
5.14845191494437,1.17170280145592,7.11637309118212,3.44963377452141,8.50787481016135,0.124546780210719,0.0656741787192158,153.783783783784,46.2462225412347,34.5158878475555,215.99002465005,21.6019892276197,PASS
5.03545897809783,1.26274734649722,9.02099164752956,3.52944536033525,9.1270298963505,0.15782188707733,0.0881249373564544,157.027027027027,46.4472861769504,36.3094621690376,239.161525561597,21.7028351464609,PASS
5.53834102329181,1.05368884840057,6.53115690545354,4.08256262832192,9.19858810232998,0.0949327549607513,0.0441352793573033,144.054054054054,44.6054502490657,31.1500516085594,219.673784308975,22.4100044226598,PASS
4.71287406967392,1.20948608826503,9.44150448498233,3.87177092929182,8.31645965360574,0.14412649898188,0.072622964981813,166.216216216216,47.7668783408683,40.1262559391395,226.726174472886,21.0264143253934,PASS
4.56810292184154,1.17564232602961,7.96908637410148,3.34443607481212,7.80922092024241,0.108424627087411,0.0447072585810377,165.405405405405,47.9072050930893,39.0712489002994,209.989852355007,20.8254140691388,PASS
3.83730327466768,1.22451610096316,8.12370765711002,3.73836491434536,6.40246584790104,0.145855164171836,0.0767499716843558,182.972972972973,49.9515053945771,46.8545741998881,183.304853575395,19.7476953989699,PASS
4.73876173254281,1.15044598458208,8.650540124076,3.2913013296089,7.30643345068141,0.126343771474748,0.0586825867541436,173.243243243243,48.7287265410554,43.0776818644679,201.240976094432,20.4147687264446,PASS
4.70896004349235,1.18291694066759,7.56629557833484,3.86997506574219,7.54129948818192,0.144122643486061,0.079991904000396,165.945945945946,47.9273361539169,39.3535255689297,202.596639752595,20.7514543270572,PASS
5.15364624701566,1.31222329504793,6.00660250912637,4.11113813090506,9.72168247769016,0.14689288952762,0.092721328920524,137.567567567568,43.6630266549144,28.6065932839636,226.140509387553,22.9540027016676,PASS
5.75611790281942,1.06077956259142,8.37589136774505,4.80607226070564,9.03056912248793,0.132193806404037,0.0707741326440688,154.054054054054,45.7928307747802,35.5548437231003,229.132269517263,21.9416320824257,PASS
5.74442173692946,1.15749777586508,7.38446229249634,3.11707053578679,9.27877817582924,0.124520784772533,0.0664696865379175,147.837837837838,45.1389314165948,32.699683912175,227.553999200107,22.2239878402232,PASS
3.90293257820198,1.39675774622579,6.87631775727798,4.27734791109838,9.36953988706727,0.117686841973193,0.0555618598434914,146.216216216216,45.3349724362845,31.2132147542157,236.195154278237,22.1732710661895,PASS
4.06309421805742,1.30575044605092,6.93934376304699,3.74992100957227,8.30982919004934,0.122245710576869,0.0601198109015846,155.945945945946,46.8910516510219,34.6626896939039,217.813823165224,21.3138784227629,PASS
4.83728647036185,1.24545467242415,7.60752892169305,4.55878977414558,9.24454239403615,0.135630275323974,0.0734813608673941,150,45.5203055314925,33.2077840279096,233.382498283432,22.084073835749,PASS
5.51085896052652,1.31701123164232,6.50258145079595,3.86557237818846,10.3835751751943,0.151295708144891,0.0961511257604215,135.135135135135,43.0040799656853,28.1440595354556,237.494619995293,23.412817385917,PASS
4.99484456513,1.14601217578868,7.92055718127028,3.72280519582754,7.47352103974148,0.146897467568844,0.08174866000434,167.837837837838,48.0582301104944,40.5710591302391,201.207937280166,20.6918658494522,PASS
4.06556187660046,1.33526879580314,6.09592663397208,3.04042981992792,7.52262270724758,0.148135976821215,0.0880237659568183,159.459459459459,47.5204041463953,35.4975841508051,199.159527704646,20.8530026530114,PASS
5.1460656895381,1.1244997564653,8.94272780154964,3.76984105652592,7.62933427369067,0.146948547293154,0.078036938920288,170.27027027027,48.2146581410459,42.2268518434736,207.687508576389,20.6896363944602,PASS
4.82534946315897,1.24384372721389,9.45170379505013,3.84498721400683,9.9911311409473,0.112464794149848,0.0451763590342089,151.891891891892,45.4971683270029,34.3835492076172,255.749915532793,22.2583413594048,PASS
5.80779286025223,0.946600044537565,6.44947147166204,3.99525760145188,6.87538116926863,0.118483736094596,0.0633822674004726,165.405405405405,47.5206586797509,39.7654185032226,177.276666008312,20.6610659311668,PASS
5.50739572649996,1.24895124646985,8.22909182333247,3.59045835501458,9.9767495489756,0.147931897091889,0.0847690083088773,146.216216216216,44.687914721591,32.3646891783465,245.514562637869,22.5861020899223,PASS
5.05862488994547,1.10967774071948,7.67323856388608,4.52560189275771,8.32258034207512,0.11716758198102,0.0566609352775227,158.108108108108,46.7179135844919,36.4656110501395,215.979656750267,21.3981612862462,PASS
4.3614919210448,1.48197612919981,6.52225608157239,3.28224429777415,10.197709147545,0.139690416055333,0.0802115024832074,137.567567567568,43.8939639093191,28.4309405137168,244.373505855272,22.9753440345974,PASS
5.83168510688448,1.28214016682375,6.11741819131842,3.32576764939302,10.4130285275235,0.143817508511352,0.0920551785244236,132.702702702703,42.6455466171207,27.3182084252159,232.641065870946,23.5810179317383,PASS
3.87951364442006,1.42746184191174,6.70186986173213,3.35727867427073,9.07763762366931,0.129366573361111,0.0670750703360998,148.108108108108,45.80873793883,31.6160423526562,232.355939243411,21.9097224886101,PASS
5.70753213017168,1.12907179306057,8.42022473504567,4.26173311407362,9.26498145738193,0.144311214154908,0.081257832895356,152.432432432432,45.5798370187003,34.8518036862918,233.808320755021,22.074359858607,PASS
5.43241479571204,1.08203482070099,6.68844730301765,4.94476044799253,10.1243680056596,0.0928543152076793,0.0429545591528342,137.567567567568,43.3338636620863,29.1371373505346,233.730917424717,23.1940437600696,PASS
4.43591003646557,1.17720323599364,9.6608847105069,4.06175146835391,7.06751042698206,0.158084875375063,0.0839504689110601,180.27027027027,49.4327025752576,46.7320622448903,201.178144443881,20.128809206274,PASS
3.58341420720675,1.20578138071135,7.63525149863685,3.71184656765091,6.07505269502307,0.116092674513316,0.0502852119501474,185.405405405405,50.1973254271832,47.6294307548213,174.036289199397,19.5478819632056,PASS
4.56691404641986,1.28187405632039,7.82360697215768,4.39474346609894,8.80996645664315,0.147116146183448,0.0814572600822819,155.135135135135,46.4040865092768,34.9830493094011,229.519042865882,21.6435742904409,PASS
5.11507460893285,1.0650455835749,6.32554588455051,4.54389993376305,7.79249370340861,0.113711649969577,0.0595368830956573,156.216216216216,46.5576574027175,35.2658905920631,197.644126243073,21.2831935907193,PASS
4.13346388661631,1.35524118041658,8.84096854956882,4.51519944064651,9.23798059155959,0.144455656587748,0.0725570063454185,156.216216216216,46.5154857722604,35.5189223554342,245.93346070364,21.709308038181,PASS
4.23000629150378,1.23019126988667,7.66877152897857,3.77012417931296,8.14741806518141,0.107916242224102,0.0444630772300331,161.081081081081,47.4316991789565,36.9627642123028,217.207630445282,21.0821676147611,PASS
3.84965776120403,1.23144704847212,7.42940513502164,3.24679403781627,6.19463181701952,0.146771929532979,0.0807910501695922,182.432432432432,49.9136012144423,46.227148277541,175.881177365825,19.6762954871832,PASS
5.85871204648246,1.05991291493669,6.01758540725535,3.82107216388983,8.52087455277385,0.126499722931097,0.075219047003892,146.756756756757,45.0767771097764,32.0057463388255,204.633701038324,22.0330272720122,PASS
5.46954793782806,1.08209004256087,9.71267782501346,3.57293347963201,7.29076915527472,0.156008187429983,0.0832739836347087,175.945945945946,48.7074838768333,45.7565961471616,200.68800743501,20.4261870810281,PASS
4.59387778769264,1.02536323645603,6.33952845882527,4.53875078016152,5.5633453736542,0.124124772614444,0.0670237412942457,182.972972972973,49.3525634568307,47.427530839906,151.96886520495,19.5770969804622,PASS
4.19915326228505,1.2357980460293,7.2051915296256,3.36908637736665,7.26202701348269,0.132020948505305,0.0685142137386491,168.108108108108,48.4018116357309,39.6341815217772,197.76737498618,20.4966154245313,PASS
4.97121468329722,1.06372498127197,7.3268161804149,3.306735710068,6.07405480225476,0.130305630683089,0.0679989801143303,180.810810810811,49.3180716686,46.9704513357222,166.343370175388,19.804494272286,PASS
5.0394446908868,1.11796662815096,9.79636142862781,4.58812187222454,8.96315480288705,0.108582266910076,0.0407893296155121,161.081081081081,46.8258036040662,38.3728802315436,238.180834392106,21.5267251106583,PASS
5.45870075137978,1.06026513138001,9.51687006435658,4.41886051081953,8.89805978528623,0.107164106617949,0.0418606959024622,160,46.6290340271502,38.1506360044322,233.241870207886,21.5860032368594,PASS
5.35882791962998,1.29614599598098,6.02544314912554,3.60744148506543,9.24079552603837,0.159988247576938,0.104609144344258,141.351351351351,44.329762581918,29.8605490282062,219.469582923483,22.5266950111685,PASS
3.62520641183915,1.43745708490689,6.32707277275853,4.2141911203609,8.21639900430761,0.148204887245311,0.0841563149624545,153.783783783784,46.7851133457648,33.4882493384861,216.536608671768,21.3312976664109,PASS
3.96296053991523,1.2582505893216,8.50495958729369,3.78034346555746,8.01751676021965,0.111340293007635,0.0427853932266581,166.486486486486,48.1421948528322,39.2993057571361,220.470387894786,20.808914676718,PASS
3.66267467434777,1.48655971482071,7.15427116617884,4.03400925016655,10.0604881066444,0.114440778738684,0.0502113844226649,142.162162162162,44.6651064697902,29.9406235289885,251.608337807692,22.6082299598825,PASS
4.42337425199686,1.38034771820217,8.00841416346437,3.98274860323622,10.0568717032631,0.134116883378755,0.0686230848216898,145.675675675676,44.8707261536282,31.6337097806872,251.926968504792,22.5295086635192,PASS
4.91126674350993,1.25913430437618,9.38093558249575,4.78020870940358,10.483332834898,0.125014741949521,0.0580923469518592,147.567567567568,44.6420249843305,32.9868136426036,262.831387964833,22.7250843043678,PASS
4.87081569151631,1.22019054463161,9.79749222645709,4.51855121405713,9.15060809204476,0.147216018571143,0.0754423077985668,159.72972972973,46.6822948572833,37.6773691516187,243.809824915208,21.6280964695918,PASS
4.78626943534455,1.07645416655459,7.77531648740677,4.76438105604795,6.22633700641295,0.159984665503078,0.0945112234039406,181.351351351351,49.372893674708,47.2823310322536,173.200772754295,19.8708801553436,PASS
3.62599723805335,1.20144067296501,6.08810362349599,4.70922531686827,5.45017688810236,0.153066410952226,0.0923144065690142,185.135135135135,49.8666962626042,47.2005999388528,153.05952363396,19.3778848645018,PASS
4.40296867039427,1.31776182299037,7.01913323911846,4.28391874733861,9.62080852831787,0.115691719165766,0.0560809182638993,144.324324324324,44.8305222848182,30.8924546386837,237.116910229109,22.4345140039089,PASS
5.76073775552304,0.945909331903441,7.97172077609295,4.2722836550933,6.73580418261447,0.122538416871031,0.05977988592214,174.324324324324,48.4546374100542,44.7683402662077,180.810857774131,20.33485077028,PASS
4.50364599357795,1.41437409176518,6.23996040801249,4.55070108137315,9.78461351827743,0.14542911198783,0.0871806222854116,138.918918918919,43.9728230870035,28.8997762665776,233.184338190322,22.8437108020217,PASS
4.67725112211335,1.16397888671526,9.64510750443825,3.18692205575203,7.01699204781595,0.146711923702253,0.0735037085447345,180.540540540541,49.4275652712692,47.0017714749648,198.092177499764,20.1046040027676,PASS
5.79041095666346,1.10256202343999,9.36989333517679,4.16263826698626,9.3782085550623,0.135985888001846,0.070146872791632,155.135135135135,45.8297557516084,36.2639520547966,239.920501920941,22.0053136796622,PASS
5.60294169111664,1.03942474261325,8.68098873741465,4.94845608305399,8.85440989657581,0.117996682655097,0.0559510075856707,156.756756756757,46.2212479823562,36.74231901533,228.230236957891,21.734785286135,PASS
5.47087904870873,1.0207839997999,6.1257734875634,4.90125682312002,8.51110754706695,0.107190861876465,0.0567623122821059,147.567567567568,45.2012521710264,32.3001448273061,206.478730408703,21.9933981332275,PASS
4.54767026758884,1.12642969958668,6.90185839778839,4.2872880982665,7.27469688875779,0.112931837602494,0.0536800217323382,165.675675675676,47.9100862894971,38.8813393802105,193.804503434997,20.6641891397397,PASS
5.79490394530448,0.890146517371703,7.97465419476566,4.92680312167904,5.8982809341659,0.135872562455344,0.0715710615156195,183.513513513514,49.1624562379346,50.4717699766528,160.756757115082,19.8110864279765,PASS
4.54847933586008,1.2228454325137,9.11323346052347,4.84656500506237,8.16110210651694,0.159278883256867,0.0873721423559735,166.756756756757,47.8335852247902,40.1247677744312,223.87395503285,20.9759850489429,PASS
5.29790226454618,1.08695973914914,7.00702082312214,4.87085719412779,7.88220918693413,0.142179055286355,0.0832440158483769,158.648648648649,46.7842508147727,36.6688259335348,203.285556559424,21.2534133467336,PASS
5.86944725506404,1.00175954538363,7.11409715185871,4.60844010786698,8.78273107030878,0.113103460989428,0.0587464343512591,150.27027027027,45.3856081443515,33.7500810982844,216.280753908406,22.0171546661941,PASS
5.2360426074858,1.17548053678111,9.12617036190103,4.35360236749991,9.55135724280531,0.130095972144462,0.0641812783081727,153.513513513514,45.7171706413701,35.2051570619651,244.803930131006,22.0864721875173,PASS
5.414698827492,1.24586704497313,7.07116638648194,4.04601702745991,10.1660230666531,0.135465373316773,0.0788140098416729,139.459459459459,43.6834341288285,29.7405928470268,239.567046008364,23.0453093409234,PASS
4.82180638343662,1.25239921912443,9.97227757948859,3.62444064249229,9.89648259000352,0.118693560130688,0.0486110047111202,154.594594594595,45.8694626429042,35.5190538302302,257.104497765497,22.0883015205961,PASS
4.65214999457729,1.27281512928728,8.22060472226031,3.55957200818154,8.94611238337682,0.134769454755202,0.0687619814210804,155.675675675676,46.484434181032,35.3089782540544,233.532043067379,21.6375162934589,PASS
4.85328791008343,1.23623421169154,9.31142519168534,4.28630311280256,9.47833964493769,0.134360521264578,0.0655452351133205,155.405405405405,46.0784642364572,35.7057609012275,247.066038824677,21.9279046772481,PASS
4.8784159942471,1.20725835013036,6.99594595580389,3.01357420448851,7.79061320299255,0.136161793531996,0.0753000872175949,160.540540540541,47.332747628281,36.8580459948526,204.122630602955,21.0103665184849,PASS
4.96166644682796,1.02994433493883,9.34184745673186,4.53628938477647,6.75005242981132,0.116876293829654,0.0482911949941579,181.351351351351,49.3292937629942,48.0372762535417,189.129175926237,20.0636731464914,PASS
4.41120196521751,1.25173881780861,9.22283696851014,4.15122289121467,8.34890040534555,0.146337782441516,0.0743042520742215,165.675675675676,47.7653769494211,39.5158155701709,228.589323242054,21.0381769040902,PASS
4.90603473559135,1.27425742437308,8.98581557968993,4.36992848841139,10.3423546221163,0.127332427563319,0.0613955837949657,147.027027027027,44.7011993602843,32.681163958935,258.490268777514,22.6646258648729,PASS
5.61522024552133,1.0154286604331,9.58268485582143,4.90894917283091,7.64356264511679,0.147576355569575,0.0780913272303211,171.621621621622,48.0935204940386,43.693735851441,208.155545287372,20.7498510985011,PASS
5.54048700819133,1.28596829219275,7.66235885873378,4.16671062247775,10.3452403826642,0.159499947925021,0.0986037737826658,140.810810810811,43.7496736414182,30.4378184713607,246.663470981034,23.0684228866017,PASS
5.21107820225055,1.17631031398146,8.7857942075638,3.53028892970145,8.20770405692231,0.154477653580523,0.085918113167637,164.054054054054,47.4500960144527,39.2978631225367,219.165510222963,21.1092302246057,PASS
4.22028275031977,1.43732829978002,8.41304008341136,3.03983643801803,10.4364958853284,0.125134082948336,0.0579446027946872,145.135135135135,44.8002346572874,31.3124360031383,263.041301782177,22.6288424940903,PASS
4.18993738488283,1.27307603780892,6.55701472216846,4.05336672241233,7.80220270001561,0.135164832408972,0.0742676911021841,158.648648648649,47.2278281686546,35.6630135714602,205.196839391714,21.0492463545712,PASS
3.58931102855166,1.33979262385036,6.66369860699473,4.26895665452219,7.25090856391143,0.145372631668223,0.0802103866988605,165.945945945946,48.3383972130593,38.1972343735679,199.008002093363,20.521330934622,PASS
5.41949991989428,1.17251388496082,6.86212089758581,3.57718753566105,9.22492133426195,0.123386879473682,0.0675029407714051,145.945945945946,44.9467792314204,31.7490578857838,224.422350950374,22.2843944361475,PASS
5.42240761251946,1.18571632877959,8.28106884787286,3.08660381611074,8.84402358311617,0.13445798851707,0.0701849805328782,155.945945945946,46.362680056188,35.8630507267261,227.532353116805,21.6560888043021,PASS
4.00427797684514,1.48007618128684,8.91128962709307,3.17017434133629,10.0214181007546,0.151902603928579,0.0786778303509217,150.540540540541,45.7276048128735,33.2250726302783,263.141443521712,22.1779732963503,PASS
3.90948592737854,1.18731577832307,7.69909316179213,3.99301300321649,6.22601170555736,0.134987266600085,0.0687412405733558,182.972972972973,49.8791489724991,46.8546684049515,176.780646173939,19.7041725671398,PASS
5.88262635814162,0.957137153128315,8.71087952868018,4.19514335389675,7.24014188198967,0.12043423563013,0.0553092313852728,171.891891891892,48.1532759319434,43.8214103531947,194.129503711161,20.6004649349898,PASS
5.15100692986505,1.15671682726083,7.43636578307999,3.95317801604439,9.21650573646206,0.109449408660286,0.0515285230538878,149.189189189189,45.3791221530175,32.9579142894873,229.196605181994,22.1188969647484,PASS
5.7153830955472,1.20133623225181,6.6255486219955,4.48208990975612,9.69843209616409,0.153569399397445,0.098211277633497,140.540540540541,43.8537292628747,30.0576068909515,228.13177451018,22.8645252292529,PASS
4.10707986414545,1.14237224059824,6.14081386723435,3.60898097776069,5.30782012881819,0.150728291820838,0.0919401456603939,186.756756756757,49.7918700375955,48.6055250735578,147.139088201648,19.3219036690924,PASS
3.86352341328207,1.05940732713766,6.18193380489199,3.97465713356486,4.69600430458936,0.096442698189657,0.0409779503764804,196.486486486486,50.1896728116078,54.5120694702242,130.884568829609,18.8968813266755,PASS
3.89980565686498,1.18954746522606,7.54609384975676,3.21288496639057,6.22078452739164,0.118290685366763,0.0538125579128306,182.432432432432,49.8876578399086,46.404749347473,175.876689669185,19.6863477164673,PASS
4.63355828652434,1.22052914689619,9.03645373282017,3.20497213089865,8.75896492738866,0.10875810861718,0.0412581785978234,160.810810810811,47.146534182369,37.5513242348627,233.397824410406,21.3417600694909,PASS
3.59507310620499,1.14997172192023,6.11746455657133,4.29997496496445,4.97559546503222,0.132113654784596,0.0735139428833748,192.432432432432,50.2296114554172,51.3805873350027,140.158889434903,19.0453504161,PASS
4.95888633988893,1.40246845194034,6.26894380340984,3.60814653096106,10.2567216613087,0.145957529033898,0.0899302795016456,135.135135135135,43.2930380218712,27.8808062874802,237.533207435599,23.2544244757556,PASS
3.87286907059321,1.31164687293124,7.45629321358297,3.21338765968227,7.41052773692082,0.14363958462175,0.0768271683683686,168.378378378378,48.5653869482394,39.5093162896185,204.985197882195,20.4949328076959,PASS
3.79835535062909,1.34620945418166,6.92269021132381,3.26783796041251,8.34157080838854,0.115191868899492,0.0525812127522905,155.945945945946,47.0436978477748,34.4472911091982,220.570149404031,21.2619507787554,PASS
4.02187827210785,1.2736659481187,6.76136704197902,4.43346648223717,7.98481134300436,0.121151444804812,0.059580717401003,158.108108108108,47.1537908969879,35.4583130807496,210.436333793478,21.1350423016691,PASS
5.64722250252655,1.05123975143015,6.31158321093686,4.85019901536124,8.81428798197298,0.1222096174013,0.0704230895941174,145.945945945946,44.8485359818141,31.822146952632,212.169122888065,22.2211886905427,PASS
4.33906026537709,1.3009482400726,7.67473250118919,4.98921385364049,9.76899745496439,0.110620185478609,0.0482232905118561,146.486486486486,44.9731944635472,31.805368888027,244.245156652385,22.4238300725365,PASS
5.52267511713047,0.978939598026046,7.93869658409475,4.6727403584084,7.57331812634612,0.108083630573884,0.0478425450084707,165.675675675676,47.5784353659052,40.2774426975513,200.116177245998,20.8938824928109,PASS
5.55114408331473,1.00819566607091,6.21385509388065,3.40923907271321,5.8011291055386,0.15460881990177,0.0962314938893902,177.297297297297,48.6591237839448,45.3725348488322,153.643174458983,19.8756893494806,PASS
5.69169797814384,1.11908992905281,6.59990897001408,3.94253828969935,9.79257745366927,0.112350928151043,0.0607574339575151,139.72972972973,43.7690375756238,29.7390955910399,228.324954205819,22.9078205692124,PASS
4.55178057008529,1.15436447379366,7.76363148225879,4.50742810268688,7.53179894181996,0.127087322388694,0.0630503743531751,167.027027027027,48.0442492514161,39.8787484418659,203.790728580674,20.7151335623408,PASS
3.72539335393118,1.40155484484844,7.78161206588516,3.16155933066838,8.08885909066162,0.156352373058495,0.0861443892454268,162.972972972973,47.9690828636538,37.3354836614663,223.282462349177,20.893957225475,PASS
5.07933224258683,1.33368645124938,6.5153333391708,3.1628291643204,10.075738459069,0.131178028105446,0.0755742719025524,137.837837837838,43.7503728691502,28.771090457935,236.711081080435,22.9933341335519,PASS
5.82018213538914,1.03615079257301,6.62996090748073,4.23518416621473,7.59872694845161,0.150620411093274,0.0934067028404328,158.918918918919,46.7339370426378,36.931870846138,193.246036495788,21.1760766582707,PASS
3.64962170347732,1.48453836565094,7.8397455643706,3.97821985221174,9.62275208475455,0.135351838575818,0.0656466827427349,149.189189189189,45.7669154976735,32.3818129513256,251.332105861602,22.0785790671856,PASS
4.70034915207486,1.34412518654289,7.89084071121909,4.05723699835374,10.0485565490114,0.138152135415711,0.0742376608534513,145.135135135135,44.6782194551768,31.4800100572909,249.010568706377,22.6061176818705,PASS
5.87485540159136,1.16518878612319,6.28349835202993,4.75497442970618,9.48132616862315,0.157995407862682,0.104414943347635,140,43.7920494230388,29.9197831155446,221.323241296163,22.8310415692254,PASS
3.66707172784283,1.49909118710499,6.19011522166881,4.76693911964611,9.95472023352621,0.114035200706741,0.0543008942128374,137.837837837838,44.0359996551405,28.3088578959716,240.526397679777,22.8705314269258,PASS
3.99832455494383,1.11400278200416,6.94916861150588,3.56417543918673,5.00036763019678,0.13427237549969,0.0731971954874255,195.675675675676,50.4252819304408,54.4457295880479,141.261603411352,19.0138839386456,PASS
5.5747574004312,0.991878035443954,7.21712260578991,4.91896444845719,7.69743554175468,0.122030600721291,0.0644272128855473,161.081081081081,47.0051453286173,37.9924879920395,199.17491181725,21.1249496341794,PASS
4.60485075925644,1.08812163620885,8.30712411336807,3.54382321834483,6.1108841363256,0.123863314119096,0.0576318068321672,185.675675675676,49.8540218836737,49.5398726062281,171.690871643789,19.6670555636585,PASS
3.78694912188268,1.25931057259717,9.03880734795982,4.44410677663448,7.44702582412877,0.133180015510858,0.0599612988210486,174.864864864865,49.1029866074912,43.1295770414038,211.912374848641,20.3459120160014,PASS
3.87497865663775,1.1261458349963,7.87568197062268,4.06663706622065,5.52453929639824,0.118015869205406,0.0529775884033685,192.972972972973,50.532779112087,52.7713796153529,158.48912886669,19.2385809083381,PASS
5.101842918167,1.18142737719186,6.68262669102813,4.62865145995777,8.8309302696389,0.134633731044818,0.0776871398474611,148.378378378378,45.3814290311463,32.5372249571849,218.55153666808,22.0241372100089,PASS
4.87344787496247,1.02095812342567,8.5622919037098,3.54286576414669,5.73433311961824,0.107729643560622,0.0415375562005695,190.540540540541,50.0604558491273,53.3096521648959,160.807937834182,19.4562742346195,PASS
5.57814285880904,1.05825329843023,8.27169364040983,3.47450898170652,7.1096197471653,0.14399923543632,0.0778183642970303,172.162162162162,48.3548702350878,43.3628784941994,191.388395044427,20.4836188977485,PASS
5.0027618377627,1.14044092020895,8.48041507135451,4.14757136982801,7.47397787045591,0.159024492570344,0.0909609882048588,170.27027027027,48.2583682060166,41.9200021713349,203.697193681874,20.6348479477705,PASS
5.62088506995314,1.04126282606519,6.13625247700555,3.02918134317767,7.34590134859108,0.111708685527124,0.0579769598906191,159.189189189189,46.9579483017465,36.5852991275134,186.057242081815,20.9832307983779,PASS
5.05308704162775,0.974963243106766,6.53337697047091,3.83817473369277,4.88550760932506,0.141898332249153,0.0828883802847268,192.432432432432,49.6181407004326,54.2554392230547,132.93479494539,19.1708077540654,PASS
3.71181222461641,1.37932015910477,7.03839318605671,4.86712940553421,9.21399950739644,0.106113855661184,0.0428249842753775,148.378378378378,45.6805571452293,31.9909424751785,235.489903542286,22.0064043759107,PASS
4.88571596811574,1.25144775724546,8.74921839411819,4.08434458715414,10.4343467116743,0.107505318633787,0.0443311891852028,145.675675675676,44.4946198201452,32.0330012999908,257.719832689184,22.7629584720292,PASS
4.60259630638685,1.34179660438942,6.57788873041973,4.97686965129826,9.90582912115975,0.131061089785901,0.0732713658509523,139.459459459459,43.9312143314125,29.3370539961206,236.256929286819,22.8876032014194,PASS
4.49122229820182,1.3930008341572,8.31832180817726,3.16591112790659,9.67590019351359,0.149793213725483,0.081540638012269,150.27027027027,45.6825572146886,33.1994874531336,249.131414453942,22.1147469426436,PASS
4.1299780677527,1.13271618811507,7.5592616773428,3.06398390665982,5.87729003782691,0.106718252421475,0.0437611335449962,186.486486486486,50.0766619949071,48.9247224686142,165.611701343703,19.4986158186191,PASS
4.51861081037642,1.28468650119131,7.12485106014582,4.65031900460637,10.1201753580515,0.101705081244027,0.0440558380337676,140.810810810811,44.0580887839352,29.8745480302531,243.353659227275,22.8704730053614,PASS
5.75158980280449,1.0540758405354,9.77024555192729,3.58463841941003,8.69247716050664,0.108179967730927,0.0410756128799178,162.432432432432,46.9349073672925,39.411300294132,228.449178010787,21.4138787467889,PASS
3.99203906122186,1.0924427392107,6.2190945891626,4.04144856937312,5.17171859378674,0.117475436769918,0.0602170044443034,189.189189189189,49.9383290005748,50.0668098992231,143.765009769693,19.2182847628199,PASS
5.67729539016668,0.919111579712022,8.26805570812089,4.25773513269801,5.98364982129845,0.119453282949636,0.0542996301397241,184.324324324324,49.2951964457111,50.639488186353,163.646682342099,19.7961043426581,PASS
4.43143261506363,1.13262261949896,6.42430433859124,3.79175639059757,6.00283796887089,0.146235585815819,0.0865364266363479,178.108108108108,49.181897407284,44.5071147380273,164.174352264487,19.8069767385954,PASS
4.19149853881932,1.36970052225047,9.15197705733954,4.66205364371173,10.4018448157242,0.118286364935216,0.0483959326122639,148.108108108108,44.9761698485884,32.7213817156632,265.212012849005,22.5653077182356,PASS
5.38560735563591,1.14916248527126,7.57642637944609,3.46293085582766,8.6188279647637,0.128123475676044,0.0676188226606257,154.594594594595,46.2587852100346,35.1836143619231,219.45669878801,21.6364046153122,PASS
3.89681615745347,1.24195837448603,8.5266390390432,3.45719766017507,7.48688445040117,0.110983107531999,0.0422006542748715,172.432432432432,48.8839038644507,41.7351434576166,209.476478392004,20.4126964795808,PASS
4.47879319537324,1.21834663483469,7.04031162197601,4.58126295703899,8.09903762630251,0.130736536659911,0.0693504099900765,157.837837837838,46.9358302327716,35.771156887275,211.764382779098,21.2526503283397,PASS
5.80423338804193,1.07372811029537,6.95946886554557,3.24359773473456,8.39373443783653,0.116596615466154,0.0603024596064983,153.243243243243,46.0342300308014,34.6354147054854,209.446340363658,21.6494721209474,PASS
4.6479927796243,1.41237566383819,7.43810751442015,3.47605818765147,9.83472517836805,0.156592231649037,0.092332708712385,144.864864864865,44.8442019620116,31.1455471868859,244.540590516846,22.4867198856357,PASS
4.5635558891636,1.33227079995291,9.93661023084677,4.96000423580301,10.4232337772613,0.140891134651935,0.0682258260217768,150.540540540541,45.1026350327205,33.9938384683115,268.235509629874,22.5236769112162,PASS
3.60300066735505,1.37753072925597,9.47669133053913,4.509467761891,8.78446655672383,0.134902802301776,0.0579115422967794,163.513513513514,47.661730938662,38.2005948910337,244.35538063487,21.1829518304556,PASS
5.27765438653134,1.02670642709288,6.81670972988578,3.6406626493993,6.78679680650954,0.115632626159116,0.0577843773847323,169.459459459459,48.141085497965,41.1793606887028,179.437092721101,20.4261382143232,PASS
5.9746369615303,1.27261135253593,6.61100986914881,3.47240370161758,10.3520060887441,0.155954253132436,0.101073951917645,135.405405405405,43.0074703707427,28.4551829654927,235.999623109685,23.3978617726549,PASS
3.97549101852078,1.39323991276886,7.08494908745272,4.44945138312528,9.32357245161238,0.126081993012426,0.0625115792974943,147.567567567568,45.4911645950397,31.7915957128356,236.751949037102,22.1067446177203,PASS
5.01786291107775,1.07429254477489,9.38664754121789,3.67663851527946,6.27938057447235,0.15597669426346,0.0838648909010861,186.756756756757,49.8145902009106,51.3503357603294,177.077993352759,19.7461234901496,PASS
4.64889119876907,1.16687277392928,9.41415418112161,3.44777222817302,7.56491463160163,0.128671956017244,0.0577996936518236,173.783783783784,48.7341433702282,43.4826623910063,210.191092195269,20.4894917347514,PASS
5.46760720691282,0.98550427691179,6.9487958637874,4.24004375000686,7.12684706706802,0.112144417831207,0.0551232192949868,165.945945945946,47.6651050484567,39.863675471866,186.447656143025,20.7067612811212,PASS
4.2485593587867,1.35849873434884,6.30996275653121,3.32190611345075,8.74267121767866,0.132306284911099,0.0733491337737833,148.378378378378,45.8289501842419,31.7780788286492,220.745165880962,21.8066496845939,PASS
4.69876628214325,1.17442045546891,8.21464803886377,3.81536490604541,7.14548435575183,0.159097259585073,0.091071228693676,173.243243243243,48.7165984692494,42.8861093343084,196.973507367694,20.3788585930362,PASS
4.744509812371,1.3270403077834,6.65919406591195,4.22874992991327,9.44677678179935,0.143111407412206,0.0841280755169827,143.783783783784,44.696556048847,30.6528939495905,230.528345331189,22.4471275787184,PASS
4.49903972355538,1.35335408042444,7.67764071525126,4.43822921580406,10.3337550017391,0.121455871613666,0.0592980809994156,141.891891891892,44.1640987564322,30.3788609704319,251.934613401098,22.8825111933649,PASS
5.50504960429684,1.10912753175981,8.22469318846462,4.94743864522439,8.5099349102158,0.156777476636913,0.0925785306765744,158.108108108108,46.5253478672731,37.0428522979362,220.97862684842,21.5384171721547,PASS
4.74925129242921,1.30666759015054,9.73355043932551,4.01362002434278,10.4400931921134,0.128647194711895,0.058818398842881,149.459459459459,45.0197428523215,33.6097214105488,265.503375240958,22.5496323898611,PASS
5.12028135123258,1.09936741670964,6.5019896243063,3.27788528447149,7.23747214507911,0.1200202862574,0.0631801633855679,162.972972972973,47.5475258438719,38.0183857788323,188.379426673706,20.7580741470037,PASS
4.03691193147309,1.46346373321011,6.20397024038241,3.41798293500177,9.048045338398,0.148403577183831,0.0875377628415749,145.405405405405,45.4157490486028,30.6191653108075,227.605861906706,22.0545753143357,PASS
5.25677669032209,0.986570060375284,9.81146464380571,4.84853206356134,6.07594640705338,0.15355384360543,0.0809606738136515,189.72972972973,49.8766526254913,54.1409838381677,171.99375882239,19.6615832591972,PASS
4.79523401431429,1.25874175961448,7.07582507434685,3.56768130763719,8.30748327514504,0.15107200040752,0.0889279735387666,155.945945945946,46.6575969701999,35.0845671823296,214.970196471638,21.4025876296245,PASS
4.62392868298171,1.17852363636254,7.40078152730935,4.07225655054296,7.81799282595236,0.126883354366673,0.0646645083734744,162.432432432432,47.4986690773364,37.7442798538127,207.455719152398,20.9742969557708,PASS
3.70037185121659,1.47519546842418,6.41636420577444,4.47074787376551,9.86398949546205,0.112927233082872,0.0524518838859614,139.72972972973,44.3600743631931,28.9779783634854,241.276698545768,22.6999309667472,PASS
3.8112901105197,1.31147989367845,6.24409498262764,3.72238477312315,6.82500324609923,0.158267389727057,0.0957663275998215,168.108108108108,48.5457089395617,39.0733601522234,186.48875026518,20.3034536627702,PASS
3.74304175614309,1.37356220616975,6.76939481003424,3.92616949612237,8.09471441527165,0.137734015852185,0.0733405716992435,157.567567567568,47.2320423661205,35.001215019815,215.744306820827,21.1393502075536,PASS
4.74477917519287,1.33401156635137,8.32703323089845,4.96714474759158,10.2113160399487,0.146117477071527,0.0800932177426165,145.405405405405,44.5618330153501,31.8928993189291,254.073411818693,22.7056174026877,PASS
4.46491508794046,1.40321550601182,8.45572801942424,3.76007368623401,10.3518201242327,0.13905559224768,0.0715703159565805,145.405405405405,44.7136966436421,31.6689871286241,259.496274784134,22.6580718542707,PASS
4.10691223611835,1.32336538921043,8.26688789623688,3.60201901647346,8.52260588044634,0.136813687460746,0.0678637249896988,160.540540540541,47.3423213863347,36.8093700516839,229.755109250464,21.2222636984288,PASS
3.87820759477917,1.16509402100813,8.14439250679294,4.72409159329619,5.97172079761318,0.142862934832898,0.0744690554133431,188.108108108108,50.2573843156433,49.9943832190276,171.993352065563,19.5098934263112,PASS
5.40360644499071,1.15289150795314,7.53515634397845,3.52623607453969,8.42431389544274,0.138873380808417,0.0775674212432883,156.216216216216,46.4804487349448,35.7888272816088,215.876420402091,21.5052216452508,PASS
4.70853313599287,1.35931575702079,8.35862606698331,3.06668055027184,9.89634572022154,0.139332488830016,0.0729112231663035,148.378378378378,45.3070408952421,32.6806195140791,250.874414997709,22.308355445171,PASS
5.47896563505191,1.14876953547662,9.45081113224138,3.8220747423097,8.88158649405523,0.146510126589199,0.0775627655942333,160,46.690750560405,38.0624074752645,233.335425002609,21.5564230193462,PASS
4.47947775689799,1.34386599523402,6.64218373837973,3.9132949474119,10.3097825946018,0.105778282522506,0.0499398547275607,137.027027027027,43.6110204900914,28.4653324416106,242.642003790906,23.1149428507604,PASS
4.12468267190546,1.34034557002736,6.7928735140727,4.3863575356056,8.14047057462584,0.154497744331464,0.0904463026384382,156.756756756757,46.937127858543,34.9669723531091,214.182947246576,21.2634498879694,PASS
5.89590789502877,1.14875339483249,8.42645027759136,4.3194142222172,10.3716201213091,0.135467191590467,0.0753506566140415,143.513513513514,43.9719937677159,31.7794888007639,249.448514519643,22.983413395625,PASS
4.31433307872648,1.26556623696971,8.42499775805257,3.81093331827482,8.09574090954792,0.143400850032361,0.0742454742375795,164.864864864865,47.8415777245877,38.857644987773,220.539405872534,20.9396073667453,PASS
5.90291056583337,1.0735226972422,7.33131340386831,3.25894846402747,7.60830437155266,0.14743836031833,0.0858795554120096,162.432432432432,47.2086727307037,38.6376218582883,196.812923408825,21.0129448558211,PASS
3.53919793239193,1.44941739890815,8.82245447652666,3.45970935586905,9.71197376105307,0.11577930582137,0.0433162166130542,152.972972972973,46.2713989372306,33.8946535034448,259.194777410471,21.8957661399373,PASS
4.02840027814912,1.46598087988776,6.97479837966061,4.26604416425288,9.84646507693608,0.137589869656099,0.073946901407985,142.702702702703,44.6613819725258,30.1757245852613,244.418500677306,22.5640275008647,PASS
5.92446018988568,1.12965842547624,6.74342929838478,3.40584299127314,8.86988223612332,0.140010574340615,0.0839323791710949,147.837837837838,45.1735122305608,32.601443404956,215.88882474639,22.105519735326,PASS
4.68768390542205,1.08464725712559,8.38156366233542,4.73599456309654,6.4395182492173,0.14793211811089,0.0805016163036194,181.621621621622,49.4583915212069,47.5280931811063,180.690125797307,19.9229967556801,PASS
4.75734431364625,1.30849188304631,7.68068123829436,3.51631364767841,9.56758296832572,0.132638904577682,0.0699417651852501,147.837837837838,45.2908099474824,32.3536561939812,240.038090157009,22.23942932872,PASS
5.8176333241567,1.19122865689409,8.33348177668802,3.45775901098552,10.1496555501527,0.13414495448684,0.0728918525273561,145.135135135135,44.385644164909,32.128418563786,246.463065603186,22.7471499105879,PASS
5.62938126873056,1.18304000660262,6.70592692651132,3.24953867833505,9.7311563454022,0.118784691102606,0.0650122338573333,140.810810810811,44.0847024320865,30.0645511955845,229.59804334616,22.7536832414729,PASS
4.33498123917327,1.38217388974487,8.54518003494651,4.08803164746552,10.3744480685426,0.124769733351576,0.0576313737881733,145.675675675676,44.7254371524835,31.7658250926603,260.397509651383,22.656939220869,PASS
5.13326887645262,1.02649062457039,9.30455074525456,3.54579385423304,6.30808612022322,0.115235515232006,0.0458015902847656,185.945945945946,49.6977571397619,50.9438153613728,176.43504430133,19.7858598411078,PASS
5.38294650351203,0.951198711740865,7.04347110038991,4.43615267125308,5.24208887320487,0.15986202616051,0.0977321673051202,188.918918918919,49.4824678824197,52.8297499207558,142.897873562645,19.4111518042602,PASS
5.51022062449555,1.02360744745033,9.22888204067483,3.37560416531866,7.08484758713299,0.1099772891254,0.0417894131906286,176.216216216216,48.7553794186404,45.8030588352572,193.473232474949,20.3410359400234,PASS
4.45092965161882,1.38007902071485,8.89880734340793,3.5821715216887,10.0671344204649,0.139991574471041,0.0703609146307567,149.459459459459,45.3652536337876,33.163464660483,258.146481339528,22.329134848229,PASS
4.05586150759118,1.09339798191758,7.05617219876216,3.65607175143188,5.11761521216098,0.118657731028229,0.0579204512626922,194.324324324324,50.3641767822767,53.7099991499379,144.324416300249,19.0874780914211,PASS
4.92426500235681,1.04098081272313,8.46507216136839,4.66522259363019,6.76193791737564,0.123034487363475,0.0574868226481958,177.837837837838,49.0324164809292,45.7599486389994,187.219989566771,20.1629895145653,PASS
5.40840783162693,1.22469774059467,6.11032158226906,3.56124775266322,8.72118735637285,0.152803905248433,0.0973972961438959,146.216216216216,45.1240976485192,31.5382958539445,211.811734991508,22.0717000381757,PASS
5.1734242665201,1.32774681813326,6.1955710796087,4.14640144392565,10.2265282782376,0.141303405456508,0.0872727743631131,134.864864864865,43.0843359472999,27.8514244140239,234.001724071465,23.3422168872848,PASS
4.76186721433303,1.23934266444293,6.82124347563208,4.78431469587246,9.52127258072664,0.116812364982079,0.0598884892354606,143.783783783784,44.6113694546834,30.8200549869708,231.508354923279,22.5042963497546,PASS
3.60487546807994,1.35359003058623,7.14155025310311,4.38927716610352,7.64974432165785,0.14304918123586,0.0756617705035433,164.324324324324,48.0827167323957,37.6741609400236,209.900245048396,20.7329306369081,PASS
5.23266210996276,1.17106509160652,6.67591819182484,4.11583312843208,8.72407073582091,0.134577895273345,0.0778430274480374,149.459459459459,45.5317140039024,32.8500145048564,216.201379565189,21.9316171357884,PASS
4.9847791401412,1.12793685644103,9.54256921858188,4.62705821121241,8.20280525066904,0.136892074069787,0.0669503078273348,167.297297297297,47.7375713582614,40.8896969920782,223.148867366504,21.0164539838568,PASS
5.21849073551409,1.20326452770677,9.20536094831327,3.08053280935559,9.20342799723917,0.12376098571022,0.0564253360222031,157.027027027027,46.3881023678403,36.3987747465503,239.359762773901,21.7322213208831,PASS
4.12453098643434,1.40808845119619,6.39476694712018,3.85672176920933,10.2436202452984,0.104899089281144,0.0484334660484491,136.486486486486,43.6987811043008,28.0816343162537,242.376698738265,23.0674268071858,PASS
4.32781099308112,1.36355116344613,6.97925974238693,3.16306965209002,9.28799099730834,0.125859729657322,0.0648568073719009,147.297297297297,45.5173902118294,31.6512145907961,234.063744823803,22.0743103879783,PASS
5.0977077927865,1.11047586398952,8.88875349244397,4.56759108510036,8.84661024070784,0.109164629196691,0.044923626621594,158.648648648649,46.590703579399,37.0853585594212,231.54854142976,21.5868892783378,PASS
5.64937793102049,1.16036263589952,8.04185226101936,3.04754980372519,9.69440440909207,0.109454150915375,0.0500225245453808,147.567567567568,44.9935336163245,32.7792564575391,238.343319288089,22.3849714744192,PASS
3.83234942109477,1.34253752431536,7.42044641853754,4.65719722890678,8.08616559361504,0.143739573615896,0.0760958092131039,160.810810810811,47.5057074296407,36.6128244213698,218.541518496139,21.0568725309145,PASS
4.59081661190279,1.18327551988587,9.35235359483471,3.5074241726086,8.05302116557431,0.116667094729262,0.0469420616143323,168.648648648649,48.148622179977,41.0367914515718,220.781635609185,20.8168844333491,PASS
5.11026467676817,1.15318132594292,6.06357444775466,4.00379479541966,9.94347701936753,0.089476245537867,0.0409036689992169,135.945945945946,43.3993783000386,28.1980604311505,227.573021484449,23.1131151248191,PASS
5.25249475944344,0.960659772480416,9.40927178382186,4.95368373318008,6.32511448730677,0.118468456611619,0.049863825527246,185.675675675676,49.5635639440616,51.1751907894771,177.460719722032,19.8505197953609,PASS
5.73999977858547,1.17749891881753,7.36090616522241,3.54117325086945,9.19403431862471,0.147105182664232,0.0876012551825763,148.378378378378,45.1840932670091,32.9269448686255,226.372239311018,22.1950438082614,PASS
3.75885133946184,1.4820997753991,8.74476845975375,3.61346989540449,10.116018923373,0.133340336050215,0.0609534156289928,149.189189189189,45.5436887516734,32.6740770380846,264.331630578212,22.2715161343169,PASS
3.79726766583049,1.26151971038471,6.93671602947173,4.86984601483442,7.23520924491033,0.130136588343164,0.0658607796230146,167.297297297297,48.3321067902635,39.0576758998978,197.937562382076,20.5226407973583,PASS
4.81032316607068,1.2809662443152,6.63069998532794,4.39335980335124,8.72559587242632,0.155063452996455,0.0950901756817168,149.459459459459,45.6621954675709,32.6985517844908,218.88600844718,21.8856788313286,PASS
4.50634983581351,1.11450205698755,9.25478797760411,4.22408688444718,6.84689152482828,0.125328943661646,0.0552920506123025,181.081081081081,49.4732070957932,47.1157626731496,193.609792514319,20.0458763044958,PASS
4.05635216326177,1.0930675861874,7.05961206553598,4.06586723826515,5.02097129867429,0.134751198684778,0.0733060123784929,195.675675675676,50.394652137917,54.6887028139225,141.944229736786,19.0397858587633,PASS
4.28123078593874,1.46047734109529,6.10609982264425,3.76401573675782,10.2723063970323,0.125837711814218,0.0695049019182253,134.594594594595,43.4044007911994,27.451317120608,240.138546581539,23.215101002038,PASS
4.10048767718965,1.48532610701402,6.7723250993624,4.99715717573478,10.148298748276,0.140037267099207,0.0774311401363043,139.189189189189,43.9593850543064,29.0928745166006,245.720987670754,22.9453206393834,PASS
4.48014417304537,1.26745375496683,6.98120638466201,4.64091514942238,9.43807692655285,0.109957203561719,0.0513904765525335,145.675675675676,44.9762238413953,31.3330973018998,233.137832152485,22.3313705091237,PASS
5.06222183373151,1.07386602810138,7.53238325303221,3.2377690118732,6.66419436169822,0.119289120157766,0.0570556970162596,174.864864864865,48.7989403945509,43.8174916362055,180.664803631843,20.1804152963694,PASS
5.64401512160264,1.31079187738098,6.26120021769448,3.23935290913097,10.1453453499703,0.149582458728389,0.0955041012087078,135.405405405405,43.2267917764469,28.1658831054991,232.318839807057,23.2485032298339,PASS
5.99577306954219,1.05855154866926,6.91872588445505,3.14220920547983,9.25278064996555,0.0978367483096569,0.0449763599810055,145.405405405405,44.7540543805679,31.8381071468656,221.782380251072,22.3606829055059,PASS
5.22490069327892,1.14412149413532,7.46030099598905,4.78979911583164,8.93304129315063,0.130937853491586,0.0714554641759191,151.351351351351,45.6684780946454,33.9306938448048,224.861326878664,21.9533088955381,PASS
4.30222169225203,1.4275109726252,7.78128281028183,3.87120575704616,9.89454860283813,0.146943976031084,0.0804211208627189,146.216216216216,45.0463714808267,31.6168093904854,249.698926274209,22.4206928052961,PASS
4.23617662485152,1.27291290380967,8.53345359436493,4.1942268977022,8.30018240871124,0.139394697048842,0.0697645194239787,163.513513513514,47.6192276056273,38.266168487942,225.541048324345,21.0742717154989,PASS
3.5140459307974,1.28607311562043,6.22873332656337,3.00576002214721,6.39238243232512,0.12888921940415,0.0680199748310247,174.054054054054,49.284659863496,41.2609839703495,178.011630424432,19.9102675567817,PASS
3.61484180950514,1.32255888151969,9.36129697837586,4.63839119285397,7.65605012149835,0.155058485424847,0.0776404653834983,174.324324324324,49.0607635113486,42.7766097181337,220.007093773748,20.4248280783285,PASS
5.95030633561099,0.904440085767322,7.42703029017604,4.38436559898463,7.14977442507631,0.103722770278067,0.0458142934866372,167.027027027027,47.6448344449315,41.1077196077469,186.832960995684,20.734254750589,PASS
4.26995552337109,1.16275234728687,7.64707490748908,4.84973179092954,7.48070333652697,0.112432932585078,0.0488264994557216,167.567567567568,48.1573437770055,39.7972787765246,203.440905026868,20.661814045856,PASS
5.85192129575722,1.10100941172374,8.12831941990951,3.46286581814211,10.1137563052599,0.0978789501579166,0.0410018623925398,144.324324324324,44.2941543495191,31.8588851799216,243.216746969777,22.7697116843047,PASS
4.96702062882866,1.15935398725321,6.07361246146306,3.37723911753471,6.82932240411858,0.157308782313816,0.0994157121688086,165.405405405405,47.8433936602334,38.7186968611999,179.111004789705,20.5220996475341,PASS
5.24412659599533,1.13055214652223,7.74677910647848,3.56062993031565,7.45247698370941,0.152292787972267,0.0878734215090314,166.756756756757,47.8984814279237,40.2818297420726,198.817462369342,20.7381813211646,PASS
4.57234113525345,1.28979812446714,9.46523671919971,3.87833410894084,9.01952789086167,0.153002350149635,0.0802679856208316,160.27027027027,46.9413294858587,37.4553785122912,242.070229228047,21.4949622362991,PASS
3.63835896374201,1.31538840184698,6.90834847652512,4.95260431449902,8.01030209957863,0.112952140528131,0.0489761059408519,159.189189189189,47.3512987267887,35.6812495092327,214.08231201564,21.0802538780474,PASS
5.84493739641633,0.986517789297201,6.43030113170223,4.86272834951149,7.52520691721773,0.143976112394229,0.0888103543901397,158.378378378378,46.6141850102289,36.7447353022033,190.473092669852,21.1966876918107,PASS
5.43629736108796,1.20234471305369,8.75727387873276,3.00504515688006,9.25270789977521,0.131076719745417,0.0654575743880376,154.594594594595,46.0517024373473,35.4274949198961,237.085187177626,21.8736790168579,PASS
3.84811669135299,1.35730727926211,6.20336704112884,3.94979746504622,8.93790890140154,0.104862047916477,0.0469581059960916,146.216216216216,45.5266676729384,30.9358694780189,223.958236398446,21.9705635551446,PASS
3.95668873747985,1.4667568935485,6.43655991094651,4.94789946216142,10.3666790486357,0.114370250037171,0.0554094204752895,135.945945945946,43.4597885752438,27.9297274493005,245.168719705418,23.2183342763546,PASS
5.42335553832546,1.00024283731096,6.88366217844576,4.87477852393222,7.3222780522385,0.125208302263371,0.0681027535459166,163.513513513514,47.3606340941587,38.7791798856754,190.707342592331,20.8805675408952,PASS
3.98639831695192,1.25092841404201,6.37252434240395,4.3619410826875,7.5840961291302,0.118482012025882,0.0588305900453759,160,47.4550775815884,36.0433606551847,200.348735423589,20.9034939979935,PASS
5.14714627563317,0.98581364700564,7.26876364349519,4.80953288300306,6.46614718781309,0.119819405963539,0.0599920632032088,175.405405405405,48.6969758480255,44.339806492682,174.98025526744,20.1599934184091,PASS
5.38343787399944,1.17561397513404,6.14318916026182,4.95201885707994,10.4215231169115,0.11245816189986,0.0633114451984065,132.702702702703,42.5360350244312,27.3890593514476,232.715759249484,23.6425824604659,PASS
5.47986941842724,1.13840352415979,7.08311999538946,3.03604116102458,7.46548713644691,0.15173077543546,0.0901529438087122,163.243243243243,47.4917073109367,38.568371630345,195.088080452417,20.8653889190978,PASS
3.99130453809458,1.35925893670769,9.48225296652188,3.55595071979228,9.72166664936801,0.112241013183522,0.0401972845303266,155.135135135135,46.3009296110503,35.0917494892126,257.77840455322,21.8802423566066,PASS
4.90914083181334,1.07486650240865,6.75419482593233,4.17174925880002,7.38937644878653,0.108218695619602,0.0512540750422805,162.972972972973,47.5061798714835,38.0206590057186,193.407027874742,20.8330787115171,PASS
5.35858590534473,1.23481322347773,6.3546795923662,3.38925663261196,9.99244993866896,0.118262070148099,0.0658674957477562,137.297297297297,43.5745183860244,28.6842657939078,231.415490104945,23.04676399603,PASS
3.53467008794061,1.33438521030531,7.40057405839406,3.60823720364521,6.86627002553567,0.159435874349857,0.0904101989950214,174.594594594595,49.3396941386011,42.0579709660483,194.970091225332,20.0883911467612,PASS
4.36279653086994,1.09134195105489,7.84309276081246,4.67371407359305,5.59784989719942,0.156063287795883,0.0900947389253386,190.540540540541,50.1670397161423,52.1719323347936,158.927389240331,19.3865783713254,PASS
4.69953041805423,1.17102562894359,8.64334564300146,4.03078038252607,7.27529532689604,0.15977122554846,0.0900748472533325,173.513513513514,48.7216745924471,43.2511944100615,201.515877086629,20.4215056475262,PASS
5.29545963286554,1.05952649581788,6.76582593239258,4.45521407819787,8.10789024813825,0.113870353319068,0.0583708480201842,155.135135135135,46.3650449329597,35.1957834450056,205.334953836629,21.4559797208012,PASS
4.60005412076563,1.14188688937039,7.63234584361621,4.0516705600651,7.18823008230166,0.128123235530319,0.0645847968497046,170.27027027027,48.4177053999067,41.1963429005555,195.478489664691,20.4821433234913,PASS
4.93602815627386,1.10909515258057,8.42508430779364,3.18136395218449,6.17887941800858,0.157876231150536,0.0889589998720348,184.594594594595,49.7001208022271,49.4328406072131,172.676156171774,19.7400611390329,PASS
4.86398164186134,1.16551867978384,6.48429907522603,4.85445910199005,8.0822728109522,0.136265032424366,0.0787363226556418,154.594594594595,46.3707369258316,34.5554859534294,205.773942862993,21.4442152243303,PASS
4.44956014288991,1.25464878289648,8.91305365807145,3.34152553363797,8.63677442442245,0.121453329358324,0.0526932327760691,161.621621621622,47.3329932206212,37.739153447285,232.09958395621,21.2487366771561,PASS
4.62718492859183,1.33330475549103,8.31813095788398,4.17110427586479,9.72684338141937,0.144908330730379,0.0780133729556843,149.459459459459,45.3891849027731,33.1268965068643,247.639519595365,22.2511144986042,PASS
4.38396844721161,1.3301103854483,9.48307216178355,3.28156985295518,9.0076233074868,0.15039534264508,0.0767810197867959,160.810810810811,47.1352257334117,37.469963839332,243.550598546957,21.4146065057089,PASS
4.52734141374036,1.21451173877025,6.65811265489436,3.49667642177069,7.53065764924811,0.133889565884185,0.0739140337571644,161.621621621622,47.5626466917687,37.0585239379304,198.615790225702,20.8527376040189,PASS
5.5621823482845,0.887459198726481,6.1791158939684,4.8925508730049,6.49044552697401,0.102048238515967,0.0495390488706734,168.378378378378,47.8101361284347,40.9969372170894,168.727529584355,20.4266749272741,PASS
4.43452272564258,1.12007552434358,8.35856129211666,4.27491694707922,6.42797267881897,0.138630334396187,0.0711035447597799,182.432432432432,49.6275206695665,47.4728038758608,181.268573521815,19.8599638309331,PASS
5.19095013307138,0.976342081362856,7.42412845613576,3.84876983817205,5.68946075712328,0.118106266910036,0.0564606388511634,185.405405405405,49.4925646481551,50.2204607503388,155.800080487359,19.6033500286568,PASS
5.02594049852628,1.10890731962391,6.64026714841129,4.57001434893628,7.9143713469065,0.12468120460251,0.0678482519077482,156.756756756757,46.6570926727194,35.583797013093,202.636553270649,21.2923720312928,PASS
5.90923990192673,1.05792309110951,6.6282899905787,3.19982711452727,7.59115211194916,0.136270028194071,0.0789651093010675,158.918918918919,46.8265349627525,36.9209224686553,192.670232823058,21.1266748240957,PASS
4.80515100471737,1.21142790214362,9.67427836648709,4.25727079811435,9.11268335342793,0.131938865300418,0.061504477894805,159.72972972973,46.7345280201446,37.5655688168744,242.437707408344,21.5936517233547,PASS
5.37568876613622,1.21815452314263,7.9231402733641,3.38832968546739,8.75474346074309,0.15782955834694,0.0933000640769707,155.135135135135,46.2928033897822,35.4455357878413,224.789232062342,21.6663008412456,PASS
3.86165565481538,1.2542655294189,6.21604053202279,4.46337376777576,6.88206229258275,0.136976674333001,0.0761822294099143,167.027027027027,48.3243003319357,38.7483278461229,186.224148965894,20.3939554468433,PASS
3.82592971998664,1.45484250427432,7.16856064005662,4.86646438371177,10.4137232455143,0.107101998903561,0.0444791400301759,139.459459459459,43.9650396745252,29.2001883070673,253.379033783316,22.9944792354255,PASS
5.37450124176,1.13561392119218,6.92569920537847,3.98773444068408,9.98783674897713,0.0969401885277551,0.044422722139686,140.27027027027,43.8380827187323,29.8790686285939,234.865365490523,22.9237429815647,PASS
3.93761633027333,1.29645964449047,6.31212176544407,4.85974786226568,8.53532705487993,0.106244666294327,0.0477146754644598,150.27027027027,46.0356324282197,32.4639774551798,216.930290169932,21.6840597863886,PASS
5.04455668596406,1.1568383743697,7.5896598625497,4.56728777360303,9.40990872040817,0.107375975052412,0.0490637193297543,148.108108108108,45.1753908162362,32.7137021961475,233.701792390325,22.2576892091154,PASS
4.11749959979586,1.16364532458683,7.80865261205779,3.49757871217748,6.66194378598676,0.108362802352881,0.0438650935077308,177.837837837838,49.3954325951857,44.4209077048895,186.15527148273,19.9927647836656,PASS
4.9140815881537,1.29542707107075,7.29856592299525,4.45965396020713,10.0485743265273,0.132771913420441,0.0731715785018074,141.891891891892,44.1545889439361,30.4196726195608,242.62256325675,22.821942615308,PASS
