L_fuse,x_wle,Arw,Art,bw,SM_0,SM_dry,Max_Speed,ROC_Stall,Stall_Speed,Endurance_min,W_total,Result
4.19348672608048,1.0109730059135,8.49135622204495,3.85364931963369,5.53261853580157,0.129499711945533,0.0533053243606347,195.405405405405,51.1655869431416,54.4297666249767,161.236168159979,19.0383590437919,PASS
4.09376442431598,1.12453042882305,7.094354910125,4.22503501810973,6.60656953381378,0.152008314440456,0.0611969105824219,176.756756756757,50.063486421519,42.4178088806573,189.057121127254,19.7336647314898,PASS
4.2934849786371,1.09099265683987,6.71912261671349,3.48412017790717,5.50125439578172,0.169654018947284,0.080464414565786,188.108108108108,50.6752223422324,48.826247404827,157.133676235324,19.1421078781247,PASS
4.11774089316805,1.12191208070548,6.50984643905917,3.43506839161841,6.23929187341794,0.143048968294921,0.055521198133718,178.378378378378,50.2365201691819,42.8082448768982,177.431365586835,19.5356056172853,PASS
3.56376058925641,1.0869248986703,8.89739460057453,3.67878217409609,6.89399178645282,0.115867533626977,0.0514361595196809,182.432432432432,50.7659711984988,45.3895874958908,204.51819878823,19.6183878899443,PASS
4.49018952368332,1.10079466450539,8.51888133347903,3.92001769577662,6.55482158818371,0.174465775499139,0.0732588157301677,182.702702702703,50.4012834235596,46.7300790512994,189.638995982233,19.6338011226512,PASS
4.29057439985156,1.07564648673326,6.05024484920932,4.18442304029631,5.69921779095118,0.144518619001459,0.0512824136097723,182.162162162162,50.1577099810517,44.9686114555394,160.123604868781,19.3530173349665,PASS
3.81166199936817,1.01643472749571,8.86795542856275,3.48881091735261,5.71341284416742,0.10140000363964,0.0431972065894312,195.675675675676,51.437400952164,53.8481003854677,168.713753861172,19.0274531077209,PASS
4.37246487346458,1.07712885049849,9.551309151858,3.6376959165976,6.88530348063694,0.144724661751792,0.051856758344374,182.972972972973,50.479984448492,47.1923836633414,200.853690621163,19.7060360963017,PASS
4.39911670652796,1.03266243469988,9.47304938451531,3.94187834943327,6.3754097950506,0.134082324368165,0.0438908882125199,188.108108108108,50.77937479448,50.439657928058,186.165129852107,19.4600005670258,PASS
4.35208829520647,1.03192533706288,6.57258807001638,4.01883313726076,5.4325026728869,0.134279299609132,0.0440321095419428,188.108108108108,50.514982996667,48.9200327941776,153.814219948441,19.1561900118564,PASS
5.38389815099346,1.01813169173418,7.73910816131165,3.91900236840113,5.56886377144463,0.174333767348235,0.0441356381135001,188.648648648649,50.261696911758,51.9882822959011,155.825533967804,19.3074706259489,PASS
3.57696699610701,1.14072726473488,7.8900052661358,3.70410536635505,6.88219763539244,0.145463278415554,0.0735838300079453,178.378378378378,50.5007299287727,42.8991086938494,202.664695340846,19.6945335408518,PASS
4.41913793659173,1.12332385413912,6.46883662668115,3.64426000020885,6.53416065275629,0.140313664606566,0.0418097186699887,174.054054054054,49.7646386891881,40.9958942083311,183.01529225208,19.7745375005736,PASS
5.21378847222139,1.05775170005045,9.89493158940422,3.84027609713308,6.64015888975438,0.179142042986695,0.0511251405999807,184.594594594595,50.2400963148283,49.8099249556662,190.242211054928,19.7082515125821,PASS
5.36174732251657,1.15371958935466,6.28425032988199,3.58663938226237,6.45099283959584,0.177748143737911,0.0480369077509681,172.162162162162,49.25471672054,41.0605770390735,175.992878711874,19.9031544812237,PASS
3.84174882607253,1.02932785915827,6.24043579562426,3.78665139619085,5.12048433002202,0.1154926709477,0.0458741008201571,191.891891891892,50.8152228570677,50.2563156452366,146.216015586777,18.9173644616926,PASS
3.59010085684843,1.09248796110205,8.36728054115274,3.47314382915141,6.02169468114037,0.147610146096055,0.0866027368439773,190.540540540541,51.3325388996302,49.8258328557965,179.539293252316,19.1793745522456,PASS
4.46903940777089,1.17694363670917,6.17362581471307,3.44674256559307,6.32510474150902,0.177535292043623,0.0756358372709862,174.864864864865,49.830139626623,41.2750079151145,177.317522287422,19.6807499978165,PASS
3.66274978284704,1.1239494576628,6.12053488284468,4.14769655403459,6.10740972307483,0.138838271560767,0.0621856881605845,178.648648648649,50.2923047795669,42.3336195988553,174.813476330708,19.4700790542725,PASS
5.10623180155046,1.09337104954861,7.25345737743304,3.86854184091275,6.19792964435442,0.176562729847011,0.0538224647386998,180.27027027027,49.9342408180505,45.608549414772,173.552426748938,19.6387080563299,PASS
3.63952803283599,1.14648070336198,8.81766834023788,3.47746534528608,6.9652927307509,0.163168378049372,0.0916088496059102,181.351351351351,50.7133792214608,44.7743010811578,207.655355137713,19.6632269385017,PASS
3.63384645621998,1.09773101641891,9.19223203765022,3.67096356110323,6.52322751196698,0.149029901631367,0.0843567700812324,187.567567567568,51.1208828362169,48.498648101506,195.301694873553,19.4104459180396,PASS
4.49275556773162,1.05741574426856,9.75674138571233,3.50462831508441,6.20122449499023,0.166638196711313,0.0743613480815508,191.081081081081,50.9603701760654,52.4721394605775,181.613070070548,19.3454943656427,PASS
4.56638770930293,1.05107398929519,8.06457277422169,4.26299956131088,6.00572702062377,0.161751040825462,0.0605310747164191,187.027027027027,50.5630188739635,49.3265395964683,172.752631273926,19.3991760430917,PASS
3.68625204707692,1.14529419550493,6.98381632060534,4.26804335664665,6.11322728784198,0.176930581660487,0.099652776923518,182.972972972973,50.6699052756094,45.0928148082335,178.664822651984,19.3970257944007,PASS
4.99544837537507,1.05168772438246,6.63828741442145,4.28479762357049,5.60051087314068,0.172269577265902,0.0548419807105344,184.594594594595,50.0650496868873,47.9478585904343,156.18151303235,19.3646585327842,PASS
4.23304008441679,1.0627051588782,6.35399054914124,3.83963648565766,5.22103330426074,0.159783421272687,0.0733653825657481,190.27027027027,50.6159022000804,49.8833481255291,148.240914183685,19.0304793225305,PASS
4.47479037116311,1.08122149445119,7.96736744526466,3.85359236635927,5.97915441628389,0.176491752552078,0.0789256145106337,187.297297297297,50.6698604408073,49.1903781126859,172.549493214396,19.3551788231591,PASS
4.30834991841932,1.16458640916736,7.45455323558565,4.12388315263134,6.98967828788311,0.175165561179015,0.0747052154243264,173.783783783784,49.7724326348763,41.3220772231859,199.46808628176,19.9493714843291,PASS
4.79310289918247,1.00269319302052,9.32817376006708,4.31841091969032,5.91821768655242,0.154029782887742,0.0483286690377231,191.891891891892,50.7547526822673,53.7141750264248,171.097585534919,19.3123550767565,PASS
4.23082932939006,1.06447777451768,7.06888592422625,3.56725207149003,5.83780271397439,0.13505234892497,0.04870594046379,185.675675675676,50.632703527699,47.3758652896672,167.149093962471,19.2900937966124,PASS
4.16322222148798,0.998830834755179,7.35212937216108,3.78884732145449,5.09601822256701,0.120642402694391,0.0462252717889202,196.756756756757,51.0279749104327,54.7499024712261,146.408810071256,18.8750311864189,PASS
5.4134601582285,1.04556827106904,8.62978959740272,3.75803555649645,6.15513004261369,0.175031244606489,0.0413369586608824,185.135135135135,50.1949738278528,49.9894042625177,173.664797304807,19.557005366066,PASS
3.62097407634697,1.12669273404339,6.14156365849876,4.02302493435721,6.20116552241169,0.134332087402115,0.0590247472513144,177.567567567568,50.2728835174155,41.8046530701873,177.625671867701,19.5069383348113,PASS
4.05775967358062,1.15148412038102,6.93786277954585,4.2968186464381,6.45085390072221,0.175885625002831,0.0844112507710808,177.837837837838,50.1599863220103,42.8775065175308,185.242669296165,19.6580268329853,PASS
4.11746987739818,1.12496497192998,6.62102135587143,3.66961802498238,5.76206986666078,0.17773166047071,0.0903046907191085,184.864864864865,50.5844450314547,46.4336741621401,165.343021945613,19.2739320771541,PASS
3.58286980124955,1.15589170353161,7.99420334675274,3.80017269447875,6.58619880300741,0.175080250993352,0.102935136175682,182.162162162162,50.7934115430403,44.931585632023,195.718433947165,19.5285565829959,PASS
5.32050816355278,1.03957467433582,9.7421206462353,3.84808221553929,6.42664461791409,0.174799852038786,0.0435841064636652,185.945945945946,50.292528531466,50.9541922518549,183.42259948315,19.6221722102901,PASS
5.01153515154139,1.16532319191031,6.35132877281188,3.89794206880616,6.93226915952643,0.160519587185976,0.0409200658578391,167.837837837838,48.9977777915976,38.6430698118536,189.487579513951,20.1419564340536,PASS
4.32651711996698,1.06754606984729,6.84327240424751,4.26154305770658,5.88378100725326,0.148043755866194,0.0540037779218034,183.783783783784,50.3664373301357,46.3691855468722,167.444343069545,19.3901103976072,PASS
3.91722254064914,1.10859586584398,7.51042725788263,3.45402714934392,6.77522112234098,0.123959732454575,0.0438011371145858,177.297297297297,50.2947523546388,42.5314091440782,195.545479876906,19.7094280397294,PASS
3.51224155257956,1.07156702006103,8.9776503740442,3.91027318357622,6.26815303709545,0.130235630418892,0.072506353967201,190,51.2828103242635,49.7128991197389,187.772530428652,19.2808799151236,PASS
3.59366730053928,1.06074982246968,9.77478314266607,3.4427898260383,6.66058019530448,0.108164854857602,0.050833549670428,188.108108108108,51.1688211577598,49.0020082786056,199.331750704752,19.427500326905,PASS
4.62217100764822,1.06785740790898,6.18461638506206,4.37176348470241,5.60633810240694,0.16201947408371,0.0571790813777894,183.243243243243,50.0695425806871,46.2180593055302,156.675335297807,19.3526921837561,PASS
4.66310177333147,1.15805076685673,6.19912539255469,3.93851790183361,6.7441402928694,0.15608953003767,0.0472859289693293,169.72972972973,49.2735149049847,39.0955555956313,186.075454091139,19.991699888609,PASS
4.05993675595035,1.02244231700948,7.70139316253226,3.81090566585398,5.53416032841569,0.121528495201446,0.0470897629191903,192.702702702703,51.0488065103135,51.8574787716075,160.484106036317,19.064663713824,PASS
4.17529880479517,1.06055000121317,8.91846685511285,4.25621336057739,5.95176074642249,0.174539865517581,0.0908623298863522,191.891891891892,51.0440644818312,52.1371926426887,175.194090977315,19.2472277905815,PASS
3.62147526540078,1.19829893080821,7.3731830112695,3.69029432081709,6.87081886778444,0.179505390650429,0.101327317342646,176.216216216216,50.3394990901007,41.5884598149844,201.861200911713,19.741485696132,PASS
4.26789215281141,1.02952764644027,9.81187911063134,3.60979720157496,6.06898635085951,0.137313085217319,0.0580008389437163,193.243243243243,51.1517089315669,53.6226408261764,178.606209246392,19.2419332490203,PASS
4.69890421118095,1.08577572485507,7.54234327822972,3.6872972582849,6.16692343574832,0.163049229464678,0.0568306573248375,182.702702702703,50.3077102233388,46.5976491667149,175.386673977445,19.5178064468753,PASS
4.00648980328416,1.12680593252577,6.77866859946128,4.07655869549621,6.44623925297363,0.149721558991372,0.0623381622288385,177.297297297297,50.1412573205637,42.403644727011,184.32360973972,19.6492956305874,PASS
3.50917893321351,1.19156402770327,6.90568822858603,3.68761208085583,6.80047847209949,0.1633120772489,0.088571354317764,174.864864864865,50.2821925916596,40.6507836537316,198.814079709585,19.7279514913828,PASS
4.36033512337207,1.07077828186916,9.22095184497312,3.6760472851878,6.71505328238694,0.141981957715387,0.0499928829143823,183.783783783784,50.5428199393079,47.460013194883,195.576876632102,19.6359110179301,PASS
4.32595373156638,1.03466178015623,7.03520253224282,4.35263204076654,5.51478549319724,0.146589801407196,0.0560978739127183,189.189189189189,50.6307341337967,49.8814861117441,157.596755102875,19.17483282123,PASS
4.74501279414302,1.11218263817449,8.18651617422258,3.61919134064608,6.64030685738192,0.172452309950225,0.0623788668744251,180,50.1456020468606,45.3314161173287,189.696630693481,19.7309465778602,PASS
3.96833082454508,1.19422626946173,6.06096886717721,3.97411262731024,6.63425220685281,0.165984555318479,0.0758817741070059,171.351351351351,49.6947925854455,39.1351408800514,187.330619093961,19.8265833026861,PASS
4.1463651732566,1.19966115410557,6.02573327755029,3.41368733719937,6.8052516934633,0.157211590523386,0.0641556557100911,169.189189189189,49.5373024685932,38.1307733591453,190.604744382855,19.9205755346039,PASS
4.47938688075323,1.1289309873242,6.83883581865141,4.02455114508665,6.2891540613543,0.174062793943722,0.0711507273837,178.648648648649,50.0449362652191,43.6352030854117,178.114211452437,19.6312731793504,PASS
3.91928035725532,1.15920949749771,6.59138493220272,3.63648664269114,6.47198780400089,0.1585886223094,0.0737227224424147,176.216216216216,50.1861935562515,41.6370357334153,185.501306958648,19.6395026703984,PASS
3.72297431701069,1.13535071347645,6.26109668390722,3.5153366970109,6.24253696672202,0.137626362641431,0.0608710763968073,177.567567567568,50.3420959730287,41.9236968662095,178.99670265837,19.5012816033316,PASS
4.93191680169472,1.03332792448395,9.88681075086549,4.04759524649501,6.35341428648252,0.168292877691897,0.0541346044302782,188.378378378378,50.5606408688285,51.7873227811482,183.697479064461,19.5198836038327,PASS
3.52980065568162,1.07443273966278,8.69791983535052,3.98042944784725,6.81300284629097,0.10855960540072,0.0447630878757285,182.432432432432,50.7492029472968,45.3911051698681,201.708626365496,19.6008735992552,PASS
4.5302575210434,1.15698868005899,6.11802678676595,3.47553032191501,6.4807023844652,0.156389488185288,0.0537631823190222,172.702702702703,49.6200573000271,40.2130599897261,180.216547062401,19.7896994576223,PASS
4.78793966995744,1.06068270622004,9.86690441692582,3.94143365063453,6.90165923302949,0.154949288730476,0.0445373072046961,182.972972972973,50.2565293962429,47.9460421532288,199.481421211659,19.7835307968588,PASS
4.69383333949096,1.03524107351194,6.51842513033547,3.87654403184451,5.33791277353616,0.151968190519693,0.0497694136433192,188.378378378378,50.3509694079164,49.5850536245977,149.680648476664,19.1590518319783,PASS
4.55452744984752,1.06817864712825,9.11254373281483,4.32507355344963,6.5661331091025,0.167278323300313,0.0641106762806921,184.594594594595,50.4435923627659,48.2445992961486,190.648674234693,19.6313117945493,PASS
5.1893495189286,1.07179980215589,9.52520640878069,3.71079285407016,6.85407972224337,0.166918951226202,0.0403303595594917,181.351351351351,50.0392878115265,47.4965723281678,195.410129257537,19.8344709058069,PASS
3.61421701884362,1.01342109289827,8.58458576069089,3.59648088806915,5.60722594028132,0.0918879304145842,0.0411654570647225,196.486486486486,51.5283683018732,53.8901081436633,166.016387586941,18.9612538661107,PASS
4.33554328553835,1.06689257575282,9.85370229976139,3.46046734847677,6.29971222530099,0.165106664796542,0.078864381200862,190.540540540541,51.0177665939633,51.9302877725177,185.546864280011,19.362240822222,PASS
3.56525650453686,1.08671378956683,9.83167761206198,3.70192926184045,6.4546731709588,0.149297180725878,0.0912284083949741,190.540540540541,51.3381411319929,50.5795158626855,194.907151010632,19.3260186638534,PASS
3.63908914566618,1.09436549631253,6.67836767533942,3.77362930211012,5.42465997770811,0.155004898037777,0.0879407700529763,190.540540540541,51.0579723829655,49.194525159063,158.064633347372,19.0099264923074,PASS
3.62193135080564,1.0654832517193,7.13230316621005,4.24358734998024,5.74303107822464,0.129415550686525,0.0625773568006626,188.378378378378,50.9797881966783,48.2186271516458,167.791479705278,19.1670111043023,PASS
3.94208329551399,1.02454190127161,9.15376783976418,4.05264738836762,6.06842957835018,0.117897659095326,0.0483605056200753,191.891891891892,51.1614376205451,51.8023046669426,179.231158933449,19.2452287301887,PASS
4.68776935162042,1.02976119203121,8.3331238822858,4.1647752098554,5.98866088759747,0.150433898281054,0.0466979552232204,187.837837837838,50.5783217951387,50.2678700405217,171.96183328259,19.3867382233196,PASS
5.03716991760218,1.10770678159701,6.69074963425514,3.96565842995599,6.37711238755165,0.162814868545638,0.0427136139786796,175.675675675676,49.6079567687188,42.7338725803548,176.740320195135,19.7874594670414,PASS
4.92767660301358,1.00199841896106,8.81016503245829,4.30295564694092,5.66231147567496,0.166697303775891,0.0553516204452187,192.702702702703,50.6979809473994,54.4447288104953,162.391444144955,19.2303557892422,PASS
4.40638961084366,1.0591560926186,9.81176667323573,3.47435201106295,6.73773780793089,0.135539562263623,0.0447584372497568,185.405405405405,50.6486756332156,48.7561872838035,196.824028708654,19.6070677253819,PASS
4.23198176811347,1.12072917470091,7.36057157165967,3.51903808191145,6.37936282299189,0.158656629076815,0.0674058348080845,180.540540540541,50.3895879891893,44.5480634633584,183.40196250222,19.5601823724235,PASS
4.49945388158229,1.03603492106749,8.76216906361853,4.35672351831667,5.8376630882083,0.171147286081569,0.075174248285954,191.621621621622,50.8618762190569,52.7002686575198,169.741232089563,19.2559193078528,PASS
3.53104349855238,1.04625794231046,8.08177843153791,3.61089455927866,5.32073963597274,0.130197492578928,0.0803612532355502,198.378378378378,51.6037458027893,54.9133152405776,157.876396810966,18.8306181816561,PASS
4.60041576197624,1.04728352932403,9.57543242419176,3.69550467122665,6.3034409349435,0.156530836598623,0.0583225155601402,188.918918918919,50.7710161652189,51.2604861739891,183.481042689865,19.4372399290745,PASS
4.42319986954637,1.16239667956196,6.24083713078106,3.63818199230688,6.53189354806068,0.161127530701418,0.0604960252686938,172.972972972973,49.6792498204052,40.3058423409464,182.622799321018,19.7990122997671,PASS
4.93312902276853,1.07223735436356,7.81425233523432,4.12672466197557,6.31270014864758,0.166401513135784,0.0493573448416238,181.621621621622,50.0932681765622,46.4811751337204,178.763871647201,19.6412563263045,PASS
3.7145376276936,1.05884105901578,9.78121279599234,4.23942535289458,6.438836344519,0.137704491624329,0.0732586787057153,190.27027027027,51.1672126766654,50.6358244189255,192.922966351561,19.3735858171263,PASS
4.62902457543898,1.01713115657143,7.09190660162111,4.32217214864528,5.14259128002437,0.169149920890559,0.069921184170423,193.513513513514,50.6106420565059,53.4887148355785,145.833721530418,19.0194306171651,PASS
3.62338539562676,1.11617569049841,9.35005161365729,3.83835416014052,6.47967599743073,0.175178181653828,0.109328291932586,188.648648648649,51.1868292019369,49.2096216611151,195.137505923513,19.384955070769,PASS
4.65999314523301,1.06385910520343,8.10917928547079,3.53959988892256,6.22070337579316,0.147370821322967,0.0451754105590485,184.594594594595,50.4784432690293,47.8633307076835,178.085444595027,19.4885753266459,PASS
3.90833238935853,1.13343209823838,6.89415136323347,3.61427192343235,6.8956462205359,0.128188185169899,0.0449566860761535,172.972972972973,49.9255346755021,40.1777724161818,196.728586186112,19.8478291391369,PASS
3.94898864223971,1.11175925423295,7.22919163074934,3.87641219613053,5.7874629411404,0.177892013677777,0.0975303484873861,187.837837837838,50.8715732051994,48.2384427488478,168.529339892152,19.2196485427169,PASS
5.37004788921671,1.00234107087929,8.62796468534933,4.1253372978899,5.70978520494955,0.173706478229967,0.0427452146431143,190.27027027027,50.3988264596637,53.5719026493631,161.35031940958,19.3320317168585,PASS
3.80141222605026,1.11695098291528,7.90535497073901,4.2212558477022,6.3411695264038,0.167004742154942,0.0890049420715233,184.054054054054,50.7499495908939,46.3289210364786,186.48717329494,19.4622881415759,PASS
5.34471500250795,1.07579473803644,6.77189698477711,3.55191031486621,5.85090202721728,0.170092361836489,0.0423165869194879,181.621621621622,49.8890965044971,46.5280295323201,161.750913294494,19.5090806464796,PASS
3.51612535142446,1.17712946604045,6.45435124608602,3.6046854245293,6.69352981672791,0.146856438021579,0.0726435935620418,173.783783783784,50.1730788784864,39.9097306564149,193.674944985308,19.710043205485,PASS
3.7735873324465,1.12895393417421,7.45928416907416,3.60844057700045,5.92440934961093,0.178457344970913,0.104422203438437,187.567567567568,51.0217817515312,47.8814300340674,174.29866665271,19.2308891372965,PASS
4.38403753558438,1.01997077794277,8.51766836517825,3.48925046540194,5.71454912883471,0.127663791259482,0.0434435884066904,192.702702702703,51.0231969854779,52.9257913969162,165.576292428244,19.1447681022826,PASS
3.87929319788343,1.17073880447447,6.14108770134372,3.40364978750173,6.87047600353181,0.134529598851676,0.0505803081399672,169.459459459459,49.6619703950789,38.1066948331083,193.836916813168,19.8977098084032,PASS
4.04333316342414,1.17569417002915,7.13539860625799,3.78309741308678,6.87874812744561,0.169293758964296,0.0785119930900541,174.054054054054,49.9622679128975,40.9759161767809,197.418295082176,19.8486098600397,PASS
4.67135578028239,1.08827995636411,6.28695833959175,3.99107715432416,5.96935193863388,0.153092206346686,0.0468300986787371,179.189189189189,49.9110383540388,43.9710547539824,166.430523714611,19.535283917834,PASS
5.02019456453113,1.11924929057856,6.06216770543995,3.44000873111876,6.07608347782315,0.160392797334223,0.0443078370271662,175.945945945946,49.634579965263,42.5363557343256,167.079049260458,19.6432005158734,PASS
4.22005676056883,1.05928974835604,6.70776676220403,3.71591724258815,5.75758858127689,0.130975673015616,0.0441708491545718,184.864864864865,50.5240685770432,46.785249194267,163.903174702943,19.2838334355444,PASS
5.20973730599238,0.999571331012351,6.88616829619691,4.33392046792818,5.16600589145686,0.172939776913975,0.0502920676662247,190.540540540541,50.183191547308,52.6403587489377,143.590984367918,19.1444113157079,PASS
3.80746431307203,1.13356761298252,8.264127002493,3.83940892583221,6.90731710986191,0.155222240735386,0.0760158954221257,179.189189189189,50.4376735720502,43.7796976158361,202.769030990743,19.7260212059011,PASS
3.57609807387417,1.03314124529431,6.59199926085823,3.90168186584413,5.06863579632171,0.115680208343382,0.0572949603251032,195.135135135135,51.1356209439806,52.0493011840958,146.844291373415,18.822053471823,PASS
3.92226194053508,1.11137295339799,7.34753552309639,3.66044579415415,6.26725910085973,0.14951099304689,0.0692460225383787,182.432432432432,50.6267806938792,45.1832742437289,181.938539346406,19.4554453867148,PASS
5.08641085015991,1.00337984908126,9.13597714134644,4.04336366445164,5.81333487834664,0.163182015089141,0.0456459690606111,191.621621621622,50.6267770713343,54.1069585632325,166.29322896261,19.3051907371556,PASS
4.40572880118805,1.11059523598133,7.44501434077321,4.31952523670424,6.97799876772134,0.141550505469261,0.0404636540148213,173.783783783784,49.6794301532069,41.3889580182279,197.58828828844,19.972728492058,PASS
4.40651760582962,1.01136016172575,9.99671356335966,4.04954910697919,5.98815455544275,0.144046653458713,0.0584172288753493,194.324324324324,51.0897109449374,54.8466214724123,175.871579261998,19.2353763749241,PASS
4.01699654793638,1.10900485010321,7.72092171893503,4.36608800443543,6.62534756151693,0.152164617978662,0.0649621959018141,179.72972972973,50.3064668929437,44.0671481701139,191.939906619066,19.681139899742,PASS
4.38388979818296,1.02473864662593,9.03957418843284,3.52864926796955,5.95067153344992,0.129164308353585,0.0442293412634558,191.891891891892,51.0126103958089,52.4878440388333,173.271968659167,19.2386071511495,PASS
4.15721151624831,1.11307931967533,6.07786528597968,4.03357393665202,5.91516510455197,0.154134133529961,0.06332321863497,179.72972972973,50.147977783797,43.5252492766047,166.981316393446,19.4418407174027,PASS
3.61725909798289,1.06778940879709,6.21857444133036,3.61132111393007,5.35671072529824,0.123004718085567,0.0575663627235187,189.189189189189,50.8971650811661,48.0603972352736,154.345719252263,18.9999490712887,PASS
3.50434901231005,1.07901175685557,7.62428873729127,3.61841922796719,5.44864387689703,0.148705197263947,0.0929891892748327,194.864864864865,51.4692286513314,52.2098666182091,161.56069186964,18.9214691152932,PASS
3.9978669041448,1.07695624508113,8.27836712774658,3.71579460119278,5.80252466195881,0.166320031544992,0.0906513578513966,191.891891891892,51.1549178428068,51.3960717424003,170.631489895342,19.1523175929259,PASS
3.6503679712038,1.07856933868017,8.17906665926329,3.99985761066935,6.34196885772642,0.128801223223674,0.0610760877402879,185.675675675676,50.9287413902153,47.0472602360751,187.199100716126,19.4037339765494,PASS
5.481991459398,1.04418547279373,8.83226676187962,3.98413656885318,6.28525670349559,0.178768134201135,0.0403292800228088,184.324324324324,50.0947480023989,49.6268252641536,177.338974805853,19.6371755631926,PASS
4.06475641250719,1.11049199958045,9.47261581594971,3.40366753508049,6.96130755732606,0.155595688919553,0.0730533845329136,182.702702702703,50.6233107086836,46.4592511780644,205.293379495375,19.6846775429256,PASS
5.22845241177382,1.04568016765387,9.25433194611527,4.34808644785727,6.56129429792107,0.173374393958617,0.0430820934321169,183.243243243243,50.0968721927771,48.7823748579191,187.023779719091,19.7347675246433,PASS
3.81411900586373,1.09950629886019,8.37761832252635,3.81792592923381,6.0714391385489,0.169226818888871,0.0969043494660831,189.459459459459,51.1239506306072,49.5547600082764,179.898970507614,19.2621894467414,PASS
3.75664833401064,1.05969983940534,8.28249885555075,4.07406155361649,6.22957496748947,0.124068606966163,0.0545433298995614,187.027027027027,50.960832671013,48.1404367876784,183.436535422413,19.3574290166856,PASS
4.9089226085006,1.09934576000033,8.95358766217,3.45492427372284,6.65857021965927,0.17717047607426,0.0622466356914272,182.162162162162,50.264594091691,47.2442683075311,190.958452298034,19.7031338059213,PASS
4.69163961946147,1.04987850452881,7.08413338412549,3.96536562648299,5.42180667518721,0.174545072993371,0.0711108777537123,189.72972972973,50.5304257271403,50.89749154657,153.65257120111,19.1631217120874,PASS
3.91477685189265,1.09152838770085,9.5127187098971,4.08652932342735,6.61567793233358,0.164326621630161,0.087290834237124,186.756756756757,50.8969930335906,48.7726126763187,196.817039290169,19.5104941749867,PASS
4.75719737126487,1.01595605291707,7.04600197239758,3.97802280878775,5.00866014391125,0.173712263693714,0.0717770610266011,194.864864864865,50.5839971947912,54.6521844693825,141.250879079788,18.9577849784921,PASS
3.97399151705803,1.0941451196562,7.25804638458753,4.34867122768466,5.85195097277476,0.168670089184165,0.0862041083345507,186.756756756757,50.7564540822353,47.8787799480844,169.991706559182,19.281461205673,PASS
4.25623030278313,1.11031864694036,6.41645717374656,3.91496226617313,6.2248979607938,0.145395493153546,0.0517347097886423,177.567567567568,50.0336387768885,42.660396327673,175.702386548528,19.5925570242128,PASS
3.84107504509773,1.14859904206889,6.89935282090631,4.20924524567283,6.98945878522214,0.140291239808274,0.0556118347408679,172.162162162162,49.7854048127928,39.7372706332421,199.609553831506,19.9318212804906,PASS
3.52144346149548,1.03028557641211,9.42303715073229,3.97024664754811,6.24975014046349,0.095989057222766,0.0435521389197894,191.621621621622,51.3535330502104,51.038442558154,186.995696971681,19.248700157162,PASS
3.89978060198987,1.13065525910353,8.47699050585463,3.41989616208139,6.46278515649214,0.174602204022569,0.0966383668213976,185.135135135135,50.8940920141112,47.0645985886602,191.120320627024,19.4562273699567,PASS
3.59961333690355,1.12310855895769,8.63916754610977,3.63255295967319,6.91266068275459,0.143157575213194,0.0738958557525174,181.081081081081,50.6939581841464,44.6420443077619,205.207720449668,19.6507397796052,PASS
4.36748651998251,1.11924444814208,7.52448442413058,4.12149121375864,6.47862527758958,0.171322980913302,0.0721629227495387,179.72972972973,50.2018910624488,44.4661880815919,185.769396435066,19.6616947827863,PASS
4.49645975298149,1.13364981544573,7.17917596873804,3.6538172178627,6.33568117022747,0.177242693099692,0.0751818179486051,179.72972972973,50.1973091477297,44.3503829833063,180.480520855525,19.6055465118433,PASS
3.78885072718221,1.07936237093808,6.58191056676023,3.58215711591223,5.98785825336889,0.116621325366914,0.0426058085401841,182.432432432432,50.5980579161594,44.6284645457682,172.008028844878,19.3413644897673,PASS
4.89652069110154,1.02043293960017,7.47103257066697,3.88952187806385,5.4728672394947,0.157976896420106,0.0488544944015529,190.27027027027,50.508045956675,51.8207691802008,154.686076281025,19.1923909023456,PASS
3.74758226188453,1.124739145767,6.00390939251452,3.77321304700874,5.34336894432387,0.173453172928105,0.0986162719407311,187.837837837838,50.7447050770363,47.3959312322311,153.692932123871,19.0436631047251,PASS
3.80111275076713,1.04544792362769,7.63628703591464,3.74210291347232,5.52628540533072,0.12943556784715,0.0635809657416579,193.243243243243,51.21352989311,51.6478709176989,161.675806669229,19.0178490862458,PASS
3.51114667072358,1.13385063245224,7.67185158784346,3.97391475287153,6.78621289038806,0.141293104788971,0.0708006000714531,178.648648648649,50.5022471845417,42.8687524133198,199.590752701284,19.6656646972104,PASS
3.72639041426148,1.08731601373786,6.44554682652158,3.45771637552458,5.19298102075376,0.154257184892406,0.086853437672044,192.432432432432,51.0456211556307,50.3422711994448,150.311712041509,18.9021622498936,PASS
3.66349322049653,1.09053556973376,6.97114216892547,3.97401547207962,5.23814958907738,0.173613552394256,0.108013442160322,194.324324324324,51.2085222110997,51.9021303938507,153.380569626881,18.9014184322336,PASS
4.16773975867534,1.08585883114832,6.34364099615422,4.39668494122657,5.40106924153145,0.175698710689079,0.0866323493499153,187.837837837838,50.5150571944529,48.328887662489,153.861782751031,19.1472613809513,PASS
5.16023841492224,1.14839617672744,6.18559387667328,3.58602375042901,6.39336511616968,0.171291263305933,0.0485702054778046,172.702702702703,49.358991228605,41.0457004268553,175.086285011935,19.8465548163515,PASS
3.70696646908826,1.08318496853691,9.92756776558827,3.86371835048242,6.62017268417658,0.149239694382145,0.0838895907088857,188.648648648649,51.1231619799069,49.7014716006938,198.761728870403,19.4404559020991,PASS
4.08772397367188,1.0369615895151,8.11061324415364,4.18980051246653,5.59963399724327,0.149513402906953,0.0718516213863525,193.243243243243,51.0836757882163,52.6366797265904,163.523624373739,19.0947834689945,PASS
4.22014024410855,1.14350960439073,7.50255135349958,3.61608299311214,6.9238924342568,0.154002492413924,0.0603715019567485,175.135135135135,49.9780021044826,41.7525119499612,198.194102092311,19.8577043233059,PASS
4.04450764096463,1.05703883168365,9.54710721979388,3.67670534659445,6.61444002540103,0.127210419160535,0.0502611111763054,186.756756756757,50.8645394657569,48.8661289206092,195.039101020219,19.507535810917,PASS
4.07149511111436,1.07366858371823,8.71682973478548,3.45575552490021,5.64808274988792,0.177816987919716,0.10371966367288,195.135135135135,51.3240479033538,54.029162917366,166.57300528284,19.0446147075972,PASS
3.84841522637626,1.13752871759622,6.78289086610312,3.43405527756544,5.92083890641315,0.169115938396548,0.0908981473483081,184.054054054054,50.760163894499,45.7527543696642,171.889432732901,19.286717666421,PASS
4.53416407921956,1.13279975909912,6.86750803491681,3.74255261771801,6.84008335986093,0.145339795607689,0.041875986576527,172.432432432432,49.5963819341589,40.5150494468599,191.630576212241,19.9355642980765,PASS
4.72926324086665,1.1808388373838,6.42572111804922,3.90449708944127,6.90486407160098,0.169083471057276,0.0569045629867468,169.189189189189,49.2259466969312,38.9518599444859,190.921458921166,20.0685949796182,PASS
4.06281032257312,1.10099620463407,6.90944120823244,4.35117074182768,5.97799477865848,0.162865234289269,0.0754484694204972,183.513513513514,50.4836003131531,45.8664260214718,171.951590405414,19.3968010876606,PASS
4.95429294618179,1.03191933087671,7.37187533443351,3.84541176089553,5.38794832925983,0.173887113475092,0.0620044049586698,190.810810810811,50.4890134780167,52.2452452246692,151.985842131713,19.1617239834225,PASS
4.30158262997326,1.11943011491243,6.69783342271917,3.84167850471385,6.42274624466748,0.148528402396956,0.0530108786097079,176.756756756757,49.9954875430612,42.3369018068144,181.712137435854,19.6796561623621,PASS
3.66832776875832,1.08564336422512,7.66337077969207,3.74523296033855,6.37996546177705,0.121535154378972,0.0518653534338575,182.972972972973,50.7618391731054,45.3261737784563,186.723540841747,19.4530234216414,PASS
5.0600536135002,1.00534630301939,9.54732108977674,4.10071616321147,5.98303265977131,0.162385180656402,0.0451977268274369,191.081081081081,50.6277816002414,53.8313118888907,171.877842878003,19.3688270000975,PASS
4.54212439680274,1.06934497797564,6.22629121922833,3.85799662019253,5.16080417190682,0.179730280034209,0.081472717345399,189.459459459459,50.394061930466,49.9964346371075,145.020006057323,19.0614341831449,PASS
3.97029017100125,1.09647741510654,9.17225412863641,4.39640115664618,6.4636882544286,0.178788396903289,0.0975078909101046,187.297297297297,50.8726232467845,48.9744986642586,191.832993965187,19.4758713593978,PASS
3.6714790436552,1.11478296328293,8.53847550037646,4.21894826409353,6.60777538072276,0.15950510276648,0.0868233171400994,184.054054054054,50.7970089907798,46.2954037729827,196.195822766282,19.5379112665801,PASS
3.62702075116126,1.09572876330013,9.96264478102508,4.18544445650499,6.93784211023079,0.149571812560046,0.0827304685730567,185.405405405405,50.8791567052646,47.7176966083993,208.450009872731,19.6112508800807,PASS
4.11168797006592,1.08210906071242,7.83607480836998,4.1863754856633,6.35211690428687,0.146520486481885,0.0596061715334572,182.972972972973,50.5254314804038,46.1201072795217,184.137839276771,19.5250063045991,PASS
4.35159412559261,1.13377987324178,6.25029881633677,4.33537048229206,6.14071950134806,0.171380508939684,0.0714515462314113,177.567567567568,49.9122955387606,42.6938902641322,172.787225804438,19.6038500593715,PASS
4.82555127775005,1.01805505036582,6.81812865461364,4.17130194878122,5.30621488333564,0.157929418080784,0.0504008671847701,189.72972972973,50.3617934851903,51.0083491319407,148.95340041488,19.1539868503586,PASS
3.60462999611061,1.09290984983576,6.98538859424956,4.01121111379742,6.28823755230809,0.12147991058196,0.0506879094924672,181.081081081081,50.5845454653252,43.921098579807,182.56397051968,19.4664102451465,PASS
4.20820894492932,1.11493592322205,6.82023918233475,4.27397794196302,6.22008695696656,0.162474840308414,0.0686765531229775,179.72972972973,50.1985448589835,43.9822460675472,177.448578366356,19.56231685198,PASS
3.8911535941804,1.1185138771716,9.08063602083769,3.75679124584131,6.60468434641321,0.175193603537312,0.0974468904713636,185.675675675676,50.8801475982911,47.7310584208909,196.238147414136,19.5102200825709,PASS
3.91119720460851,1.05529526094865,8.87976474654053,4.27828923495137,5.65317245222074,0.172739260436465,0.103223882567881,195.945945945946,51.3494049407761,54.4901066996789,167.788278237963,19.0498034257196,PASS
3.7663578332737,1.12187977867386,7.54341306164992,3.4630539792104,6.11269150377612,0.160990357642958,0.0876403380888994,185.675675675676,50.9426542080865,46.7709054765963,179.589813785292,19.3161601256879,PASS
3.68303797386766,1.14762536340374,7.15627094825149,3.472863207041,6.26791643689677,0.1633764659588,0.0892171181293069,182.162162162162,50.7476912492697,44.5452630012509,183.672566186754,19.4193571581657,PASS
3.59434279034884,1.03472582605559,9.35560325417987,3.70554626292826,5.90801527318135,0.112746144824275,0.0613610884654106,195.405405405405,51.5499437431211,53.5529824727121,176.785019118971,19.0744015748703,PASS
4.15678981001661,1.0749657859395,7.65744787180423,3.40447437163549,5.83979932127048,0.14880041282563,0.0667302523775306,188.378378378378,50.9054704104966,49.2071837931933,169.311265890671,19.2238775868883,PASS
3.6004481242468,1.06437978546001,7.01960625870361,4.14934796082257,5.05681005194069,0.159941823396588,0.100047195310495,197.297297297297,51.2848802491859,53.8042938614496,148.06492508382,18.7995119481044,PASS
4.12679118154291,1.10194371762816,6.22752112308028,3.89834236398876,5.5866431064075,0.164241013135298,0.0768428688575385,184.864864864865,50.4598599403628,46.3915870309757,158.876102000864,19.2281402119225,PASS
4.23916616446735,1.11393362008544,6.14535886632006,4.0107407365011,5.60892782848622,0.176220637046464,0.0835561336643562,183.783783783784,50.3388200720898,45.9560647209582,158.843249061199,19.273930711802,PASS
4.91123434930367,1.07432495629076,9.8014276549399,4.01121481792779,6.86397550491298,0.175092366787909,0.0578029785204193,182.702702702703,50.2029915925741,48.0594850696733,197.995426978916,19.7921289529023,PASS
3.84903333935857,1.18565684050246,6.73735813393271,3.82831485265229,6.68804036845733,0.171054594499076,0.0856714518943645,174.594594594595,50.0816243999571,40.849538247054,192.498530553018,19.7494322692707,PASS
4.38358156555853,1.11172089933264,6.52852871004358,3.40081753065595,5.71040615008344,0.170746186285395,0.0764466380539595,184.324324324324,50.4596617183479,46.535484205669,162.148069778217,19.2823218102201,PASS
3.51491755040801,1.07454942527805,7.26611515559419,3.7042856858617,5.97320032530604,0.116157529505504,0.0537332914878416,186.486486486486,51.0186807695556,46.8752616318011,175.164809610727,19.2340821781346,PASS
5.05686143843991,1.11586518722962,8.5732583979165,3.45129558405793,6.96750061833359,0.168530753780927,0.0472688228611643,177.297297297297,49.8423706048604,44.427244445626,197.381998479294,19.9241153383746,PASS
3.94633084487562,1.05670724007607,7.38382968958867,3.66937952776012,5.61274389768904,0.136622712246004,0.0629645357144361,190.540540540541,51.0191369829381,50.115444514935,163.035467046277,19.1022326198885,PASS
3.99527229824844,1.02029426302999,8.52932931897278,4.07776000650856,5.4843025858595,0.13802012538878,0.0690369907509137,196.756756756757,51.2952301017037,54.9592595786724,161.076906363954,18.9881150203357,PASS
4.1950211298965,1.11276497753239,6.37750422753466,4.04528278992558,5.6414389012131,0.178565080279463,0.0874953589391471,184.864864864865,50.448981198886,46.5343428809514,160.705623907909,19.264084201753,PASS
4.59705478743781,1.06631059127633,8.62420433740693,3.56888971040856,6.41363237393819,0.14769138283651,0.0474865313250066,184.324324324324,50.5106874585145,47.9473828476701,184.822216332568,19.5474933950301,PASS
4.6945442842256,1.08389292764499,8.6481818549135,3.93739816140486,6.89040854296264,0.150351355361192,0.0420859892325088,179.189189189189,50.0376084679948,45.0304533046913,197.212195977333,19.8449470130185,PASS
4.1256515769374,1.04590873765853,7.14388475655452,4.03113335814129,5.20137023087316,0.162140902575893,0.0826591117958286,194.594594594595,50.9616528059819,52.9802189136278,149.950581435212,18.9496313892997,PASS
3.50090891946698,1.15577922002873,8.00960886479496,4.1144445714321,6.96264519763222,0.158850449665852,0.0867102929019678,178.108108108108,50.4553031098731,42.7755828950105,206.037762440614,19.7424600556418,PASS
4.70994085040573,1.11962856051097,6.52275000810593,4.02582003575814,6.4429835146489,0.156857538354082,0.0471796878292111,174.594594594595,49.646335864403,41.7666780242273,179.456354703152,19.7913468058235,PASS
4.91906277873919,1.06670585086462,9.40542872966439,4.39836981408392,6.9652822520658,0.162868020324391,0.0438132576356227,180.27027027027,49.9793038998402,46.5154208358573,199.812484998984,19.8959612270759,PASS
4.96563492874759,1.01260673324862,8.53581976996304,3.488033787808,5.60228450230766,0.151058717915882,0.0426213880785153,192.432432432432,50.7316119519279,54.0977142284984,159.696962589968,19.1829364543177,PASS
4.27394182718171,1.03244158685287,7.20446362981376,3.68797916576677,5.07952294330884,0.156503918010992,0.0751024272807902,195.945945945946,50.9530487425561,54.3948319387296,145.645369194932,18.8899866901703,PASS
3.63679374608947,1.08633974249358,9.13301212385071,3.55570782393497,6.67894118987998,0.127972210938582,0.0635266056750994,185.405405405405,50.989388461093,47.313100762437,198.970969221383,19.4910933458104,PASS
4.50577578217754,1.02306372419328,9.55189672101095,3.65734496760307,5.90360931292149,0.147976876941212,0.0585443650521376,193.513513513514,51.0473331729162,54.3489179896534,172.246743710769,19.2131944877912,PASS
3.55571250670926,1.03842683553087,7.44896469451204,3.6452557631252,5.39815654955501,0.11136990878465,0.0562277141837103,194.594594594595,51.3657905233527,52.0826276359776,158.517332003067,18.9170312900526,PASS
3.87585883907952,1.05998853939503,9.03347162277533,3.70112460268683,5.8340908167573,0.154679787182093,0.0882528410108377,194.594594594595,51.3765645732261,53.327939546621,173.297342774139,19.1017636883582,PASS
4.86511118478879,1.09689958865251,7.76525810165797,4.01013024308493,6.39261375382908,0.176690332661015,0.0612379032856366,180.540540540541,50.0829491510706,45.7911536519831,181.346669899994,19.6714502442182,PASS
3.92621057753974,1.07973064941965,7.30948526471248,3.59267413390683,5.68454110846668,0.150074947223093,0.075132329123602,189.459459459459,50.9935619349027,49.2793999809475,165.374403491132,19.1384615789656,PASS
3.81318246708158,1.11227031002428,6.70748737026375,4.33157516215501,6.27008513247598,0.142893402783383,0.0620784178845856,179.459459459459,50.32032712796,43.2422317438937,180.319342222936,19.5377876617675,PASS
3.63119469728122,1.02886323898517,8.00613580567164,3.68143095594127,5.43136512759774,0.112419930365074,0.0578316705986181,196.486486486486,51.4562494825403,53.6587229705299,160.137856839764,18.9124540460337,PASS
4.14588964456699,1.19512569204908,6.30872839806242,3.6631981647157,6.74626527124907,0.16809835953097,0.0738692993721005,171.351351351351,49.6844345438151,39.307736899311,190.336883656123,19.8707039404987,PASS
3.63865868239199,1.11308745714427,7.4851384254608,3.64001761515434,6.84976409832323,0.119256807554969,0.0467615019217246,176.756756756757,50.3447096543303,42.0074386688412,199.126872399717,19.7185951996209,PASS
3.97471533443734,1.03738988649386,6.79592662385637,3.98603446345013,5.22900300500394,0.136936961087783,0.0625677648884225,192.972972972973,50.916951303543,51.4186765408762,150.389350807786,18.9628261788351,PASS
3.80807233428252,1.17298350611844,6.54089625234473,3.89576010010567,6.57221678573309,0.16259783716999,0.0790171967478325,175.135135135135,50.0976403870486,40.9087604047134,188.685944684361,19.7011380314102,PASS
4.10831411608679,1.06585273882411,7.74062587756914,3.95559777415453,5.49790851008519,0.17328493117785,0.0931854135821939,193.243243243243,51.0598128241867,52.3232735818063,160.135189390838,19.0581582502707,PASS
4.08730195695005,1.18750267974281,6.31124166212116,4.27134880239371,6.78173813136159,0.167540761880897,0.0729561909908606,170.810810810811,49.5655971557659,39.162484542127,191.127214885832,19.9241530444067,PASS
3.50213361846316,1.0895703417652,7.28469789705449,3.46042690160791,6.11790539707177,0.118650058060183,0.0558520426415313,184.864864864865,50.9763317477432,45.8968064032213,179.626230009715,19.2943910882024,PASS
4.1159602163876,1.11970174452457,9.09872666312709,4.35299178446128,6.93674086884096,0.178016595985101,0.0871454444684259,181.351351351351,50.3948585819658,45.7838638568338,203.846627570769,19.7618400945686,PASS
3.83979479017402,1.09044882071333,9.57716831191343,3.67408182569039,6.51907375754633,0.157692970197267,0.0867787378686439,188.378378378378,51.0831244961102,49.5475314204701,194.586076809429,19.4200742961894,PASS
4.24060712525804,1.07236480343535,6.29984205757508,4.36670218096764,5.3683260411154,0.168161084999158,0.0775093677416994,187.837837837838,50.4692941721008,48.4512998574244,152.331009051804,19.1439321896667,PASS
4.06648311560998,1.05689567887096,7.8877119692218,3.52216810499699,5.97517722407671,0.128632789844342,0.050571421066924,188.108108108108,50.9121809602919,48.8700269321024,173.703235241922,19.2711605437369,PASS
4.58678916944716,1.03201492335494,8.132619847506,3.98028594598964,5.90334423564112,0.145193523030967,0.0466353392303988,188.378378378378,50.6578131295618,50.3013607128311,169.586679722407,19.3284659183656,PASS
4.35212904832581,1.05704202643702,9.08692603849393,4.38980151666875,6.22355650578155,0.169056130869645,0.0762027172527999,188.648648648649,50.7901817713406,50.5506739609507,182.224626512673,19.4171888769172,PASS
4.60568718095645,1.19499232243308,6.23683027818657,3.78251548862056,6.75532437102209,0.176396057313873,0.0679715378982719,170,49.3564983288364,39.1306028853662,187.449685388945,19.9725603124175,PASS
4.21046879644412,1.12662573050074,8.69029427665344,4.13585142583203,6.97376075662602,0.17280275348926,0.078410377412335,179.459459459459,50.2303443222495,44.568865484931,203.132410163401,19.8168644058181,PASS
3.54583877924837,1.12368907668758,7.04152731280192,4.34146758027993,6.02128479113399,0.160915129266891,0.0902693479631431,184.594594594595,50.8231092419147,45.8792050244932,176.736753427822,19.3203687572479,PASS
4.26823134003548,1.02844891739242,6.44264966001131,4.37331861616909,5.38856309926905,0.134733567935274,0.0460437930639014,188.108108108108,50.4805117371592,48.8174504744256,152.640710438866,19.1471346928442,PASS
3.99388154142458,1.08454777888032,9.28156348707275,3.41595707740646,6.19547315645585,0.163606857129366,0.0896876917041349,190.810810810811,51.1935785153781,51.1386802096962,183.881016732155,19.2796446366546,PASS
4.78955662770914,1.01849779921482,6.57919946163022,4.0111371450429,5.09193253538315,0.162144501635598,0.0575041176690291,191.621621621622,50.3762322632035,52.0647624516803,142.50337131138,19.0437374447188,PASS
4.46708767954727,1.11553028376837,9.0447983786278,3.45413843837892,6.74297620004076,0.176882860755682,0.0780959946862629,182.702702702703,50.4749677706946,46.847257746556,196.209627639699,19.6673064796272,PASS
4.32069008664124,1.16042397410488,6.36952100224369,3.92345630056501,6.81838995089257,0.151257810471994,0.052554344125557,170.540540540541,49.4783958072632,39.1617897443061,190.533663405768,19.9551103443693,PASS
4.05591092450404,1.08974883028865,6.33888835600486,4.39057684379141,6.17212657663819,0.132330388654701,0.044414010696232,178.108108108108,50.0772950079701,42.7343052102355,174.71153888277,19.5650973835281,PASS
3.64187161700537,1.09677839255947,9.31553624259329,4.32544857753542,6.81720828685413,0.147846118132849,0.0784211748249848,184.594594594595,50.8117178939523,46.9424875201827,203.614545717334,19.5979046193186,PASS
3.83960323641744,1.12229227921496,8.39391880648575,3.85839364819799,6.55875944379684,0.166604806112526,0.0886045112751897,183.513513513514,50.7557966346397,46.2359484172177,193.593793282778,19.5303648364027,PASS
3.7709590069161,1.07261952732446,9.02579856637453,4.16317419981749,5.82435864190797,0.173736042278422,0.10829106983714,194.864864864865,51.3990273810744,53.3938823545533,174.039090606865,19.1014245035976,PASS
4.02368745328377,1.09044449387463,8.07095633776352,3.97575078987828,6.55807961878402,0.141245522082885,0.0576699648950764,181.891891891892,50.5195834013718,45.4152503749451,190.814497236589,19.5931368411843,PASS
3.96231529023009,1.04221023723438,7.00518239954208,3.85803577400879,5.41742653676526,0.131619604558657,0.0574084853565327,191.351351351351,50.9385304987515,50.4896896216633,156.323280719408,19.0390024433844,PASS
3.95132787520898,1.02764025281465,6.18609911140699,3.9161787318747,5.22652877854089,0.11555090914367,0.0405477278009552,190,50.6700200762919,49.1349966883938,148.572786552145,19.004824111243,PASS
5.59619565526746,1.01552773233899,6.19320513005901,3.89426221094757,5.08705389387322,0.178301788695356,0.042917299772629,187.567567567568,49.7557653236358,50.7713522412794,138.304628765402,19.2011326382798,PASS
3.64696986071718,1.13880428754098,7.2860047160954,3.82631509063398,6.20158884298777,0.166810423080393,0.093512032971487,183.513513513514,50.804092744532,45.3905767492039,182.231800535168,19.3874221809999,PASS
4.97112288331358,1.07391299079474,9.10935707412284,3.68538789364412,6.68582935279515,0.163591792939506,0.0464797848908911,182.162162162162,50.2022242510076,47.4939866004375,191.328456978745,19.7320530241112,PASS
4.14556119232167,1.05417177847828,8.90601405547353,3.53364177546329,5.85253691266001,0.153689804975773,0.0766490414463739,193.243243243243,51.1952425114611,52.8577805319608,172.025902744828,19.1555650669382,PASS
3.94608540902156,1.10736074621793,6.52219212633044,3.89277753252142,5.97793725521381,0.147799229211084,0.0653045948085875,181.891891891892,50.4496384663935,44.5523323539662,171.269045112211,19.3875164920014,PASS
3.89903362179285,1.13169538034628,6.33863931340785,3.40980442913015,6.39859577691994,0.133151495042859,0.0514852436008213,175.945945945946,50.1583628327945,41.2626335668197,182.19934513269,19.604662515073,PASS
4.45597620458464,1.11370949867826,7.69320108412272,4.04664713343638,6.93108286726881,0.148470067075615,0.0466079703340526,175.405405405405,49.8274492061039,42.2951209105484,197.103960350214,19.9135098891357,PASS
5.20910813172734,1.13682704834087,6.10066633122099,3.88544310006191,6.37800920065054,0.169138092848249,0.044089361591045,172.432432432432,49.2535911232515,40.892070201861,173.965497633227,19.8766586667656,PASS
3.7899213576275,1.02796893352524,6.83140517916636,4.02129508047353,5.10705936865426,0.126491705797976,0.0609108031042505,195.135135135135,51.0683609302171,52.6484851408482,147.619342923579,18.865820663926,PASS
4.86635856883024,1.07592491350134,9.12616069545735,4.03804180861852,6.83702237939893,0.163238118194833,0.047943253435269,180.810810810811,50.096900590591,46.5852360156116,196.069527435626,19.8159394033298,PASS
4.75377030389088,1.12939071719809,6.76563129427006,3.68949453552046,6.30272470337337,0.172603941006859,0.0621272776115667,177.567567567568,49.902880137572,43.3520798380449,176.809460094255,19.6716323554624,PASS
3.95979211308992,1.19333976313424,6.8939100127032,3.95494759101645,6.8865925350155,0.175187124694628,0.0851717484475304,172.972972972973,49.8751823339281,40.2580773627064,197.452739877763,19.8756526789748,PASS
4.09676708909855,1.01592613312149,9.28465476358757,3.91222829527401,5.92428395633271,0.122103951167807,0.0491100719103055,193.513513513514,51.1949340143291,53.3527659507819,174.388696713572,19.181917814155,PASS
4.35522073625594,1.06292641289871,7.2617994076777,4.06000959542618,5.78132767725451,0.156134263384795,0.0632314920704881,187.027027027027,50.5979066904044,48.4896779152844,165.680181783665,19.2921973139566,PASS
4.58520964289961,1.11498280643597,8.25423571553272,3.58611285664191,6.77199636720533,0.164047444122598,0.0598363442879647,179.189189189189,50.1529309255894,44.6763871562057,194.178823364144,19.7690059311156,PASS
4.10520200624799,1.09986473525321,7.87888919431249,4.19127243725295,6.96442881134989,0.132700517027691,0.043286476359702,176.486486486486,50.0242586483699,42.5449162559456,200.286449295818,19.8643123050594,PASS
5.18562896689646,1.1134040930708,6.71562102606656,3.81598297903408,6.28927774487159,0.173049438429227,0.048063381465215,176.486486486486,49.62825465918,43.3703652150107,173.997008889052,19.7503001942193,PASS
3.75251813333497,1.11749468534391,8.34967770110725,4.21022314338014,6.33893594516911,0.17512213900447,0.100128351013131,186.216216216216,50.9183967405798,47.5760637658874,188.022337981586,19.4183445942568,PASS
4.10551672084757,1.05388209951109,9.82972220954205,3.99359739930117,6.41569853902634,0.148507893216716,0.0694161585722433,189.72972972973,50.9940818498938,50.9962944729411,189.976711887395,19.413152583964,PASS
4.40351318892609,1.18543043850708,6.12327213644076,4.16901397008313,6.87928180084522,0.16219863306232,0.0590742284805112,168.378378378378,49.2227684989345,38.1516131594471,190.628868353738,20.0539821881559,PASS
4.73875277682169,1.04146447659702,7.66810112716864,4.11173102896724,5.94051890570997,0.15181151847767,0.0451346721160922,185.675675675676,50.3983110215036,48.646038529458,169.006065726783,19.4145829563638,PASS
4.18980905710824,1.12881113358461,7.84489909541814,3.82308624506581,6.83850106633687,0.157088526855439,0.0646215380750272,177.567567567568,50.1505794132388,43.1510102403055,197.134259632041,19.7873932828439,PASS
3.73599179171215,1.12061249392344,6.10802314816271,3.73451694099583,5.62110441665149,0.156521078354807,0.081299616221583,184.594594594595,50.6494241764291,45.6093614230455,161.623926228726,19.183276593515,PASS
3.58152153258161,1.14141811903329,7.3766750539031,3.5118742447031,6.58998716442547,0.145789304282285,0.0744494335424448,179.459459459459,50.6126237141322,43.1754777435709,193.382982135729,19.5638787274294,PASS
5.21730248699211,1.07200561104265,8.71467923852894,3.78225422109235,6.51651343494011,0.173356676692822,0.0459615520517811,182.162162162162,50.0875657001857,47.6394559747526,184.768851026428,19.7144626442801,PASS
3.63470098339099,1.01104851833247,8.12525007786735,3.554855617989,5.3614507986175,0.0951043963886751,0.0440613535200837,197.837837837838,51.5130557449634,54.6905446700246,157.865155748939,18.86360025011,PASS
4.85812250691095,1.14513644490746,6.41831688584025,3.64447596272762,6.44595251337282,0.167938067183191,0.0541665022264506,174.054054054054,49.5897747018735,41.4251235212276,178.752788615956,19.8039967519933,PASS
4.01145722264913,1.17257663581419,6.54572107383391,4.32159305463948,6.72277949108543,0.165583260966904,0.0738721188564213,172.972972972973,49.7702835248154,40.1597505962267,190.986975509308,19.8515501835405,PASS
4.54555873568271,1.03799157954742,8.46295700809628,4.25265391971203,6.27408671466943,0.140667157490959,0.0409555449285007,185.405405405405,50.4981591969268,48.5096115621521,180.824683530545,19.5122192421185,PASS
3.80884209975242,1.01624163955001,7.88937597644355,3.95881016286442,5.44097519708372,0.113260609595573,0.0503710871605604,195.405405405405,51.2753357894249,53.2501947959313,159.267214440775,18.9681691869033,PASS
5.02697999266645,1.13859633825709,7.36554489962487,3.51079913927621,6.64162201745547,0.177415345819489,0.0572119847608485,175.945945945946,49.7493619040228,43.1098069038433,186.13369046284,19.8411919865298,PASS
4.47427539676174,1.13228501742488,6.04406940503413,4.01058281524064,6.394316643234,0.150225675704589,0.0481152168287755,173.243243243243,49.5780868702384,40.4954969755738,177.56022821079,19.7762741819207,PASS
4.99378813907723,1.05310573909262,7.19429509438608,3.89900985233955,5.57693727840394,0.179296940809218,0.0635677519679529,187.567567567568,50.3339075511153,50.0238019341468,156.911693219316,19.2854083455759,PASS
3.6374447435804,1.15975091202927,6.23341376773091,4.11716114508424,6.75215073198139,0.136753849909094,0.0576769030851896,171.621621621622,49.8272120966146,38.9962077823244,192.335014624334,19.8278318460253,PASS
3.83501907582357,1.01192013910638,7.44354381830503,3.857229271422,5.33972899215758,0.106981502610009,0.0425669462296127,194.594594594595,51.175102131751,52.6714720296403,155.177686208826,18.9444398327212,PASS
3.69841855644007,1.05033915456504,7.93452001872147,4.08998831958968,5.61423950195303,0.136567134763268,0.0733149307591101,193.513513513514,51.277643502195,51.8572546088726,165.554837923205,19.0437480388467,PASS
5.02641544984015,1.12182074988931,8.0059246713375,4.16756459913503,6.94845796694706,0.177094621867029,0.0532116165558724,175.135135135135,49.5985620986632,43.1323767287982,195.683853568082,20.0006598344085,PASS
4.1688495376406,1.13019936596332,7.00709769516418,4.18341036090974,6.67976048672656,0.152227185992121,0.058625845478788,175.405405405405,49.9329744447722,41.7588547480949,190.225973203175,19.7948830966669,PASS
3.61146698981518,1.11432738220584,7.86433408074586,3.57784409049024,6.04836749527378,0.160359090688916,0.0940438171086853,188.108108108108,51.1599750087939,48.1653573239551,179.459450660772,19.2378322914233,PASS
4.6471024921167,1.01560705905078,9.19711789610029,4.37872452447411,6.06648370421539,0.151001201218976,0.0496951097007334,190,50.7284559012431,52.1179431246607,175.943863725858,19.3762186349219,PASS
4.32688129495429,1.03872534256082,9.83116342293528,3.41685643432935,6.30065088718672,0.131907125584917,0.0489109314676008,190.540540540541,51.0082298070087,51.8602163673638,184.906459583092,19.3600618430518,PASS
3.668022283297,1.09954663146829,8.99235126662336,3.42523551888139,6.06254037420532,0.166739320522146,0.104689664382945,192.162162162162,51.4223009395635,51.2962783961279,181.838586460829,19.1725515349643,PASS
4.52403969328908,1.02737375063109,9.69799171888718,4.07608051108782,6.13034897451197,0.155299673259965,0.060892546150305,191.351351351351,50.894381255967,52.9194517424285,179.171426547727,19.346011112264,PASS
4.8537272551991,1.14469165756343,6.85442479060837,3.87924423617629,6.84891534392359,0.161460613081396,0.0462867985901775,171.621621621622,49.3940087506419,40.4961092683059,190.277748105842,20.0065108548522,PASS
4.82083366717313,1.04002959510736,8.46887841002318,3.64285956054831,5.6962233124434,0.172699138744048,0.0668715960464529,191.621621621622,50.7575670772245,53.0468917031057,163.378082854133,19.219415372517,PASS
4.13260320203581,1.06967698144786,9.82114163140527,3.70262424517466,6.64320436247738,0.147199199175069,0.0658708300523779,187.027027027027,50.8526851966253,49.3673050810448,196.226396185445,19.5228971137911,PASS
5.09051456268462,1.06554992002279,8.42663160648584,3.56737827314462,6.10664463969871,0.176938995386894,0.0570914205287011,185.945945945946,50.3896163853128,49.6911410637448,173.682010983036,19.4796613061352,PASS
3.78201001404674,1.11795600298361,6.96798477619829,3.90829310973623,6.63082231547,0.130131397115127,0.0511345911784488,176.486486486486,50.2110146909899,41.8345159581069,190.824576086874,19.6865338738785,PASS
3.65740501024451,1.03609756187361,8.99806537689057,3.83695869364466,5.71950259218097,0.125034409226756,0.0703187082573521,196.216216216216,51.5277591958121,54.1653526669028,170.50051599702,19.01440335366,PASS
4.75278008860936,1.01116859577463,9.48061016635939,3.54795750408928,5.81548481122395,0.14574005862837,0.047102726894561,193.783783783784,50.9382800741237,54.9585226198438,168.168208129922,19.2078093173173,PASS
4.85095393613326,1.12030904711337,6.22414724359443,3.46877987372067,6.19417081731307,0.155734032242811,0.0446924570993772,175.945945945946,49.7157985952055,42.3044184764043,171.458780818201,19.6666383011538,PASS
3.62173598676802,1.10500660717693,9.82901188798339,4.0588926283246,6.65286850954638,0.168007811973339,0.102580867033768,188.108108108108,51.1162151386663,49.2348880819291,200.71932969794,19.4592502687994,PASS
3.84412727047503,1.09275784849479,8.96028996571006,3.72827297541287,6.49122451666468,0.151566469601007,0.0782732007673614,186.486486486486,50.9569090139849,48.1650085035849,192.468561849079,19.4476286783079,PASS
4.7154355298626,1.06807148993683,8.58817543147674,3.72156331326306,6.39869984838471,0.157452452678155,0.0513915105097567,184.054054054054,50.425567756343,47.9875324583857,183.832375859672,19.5709353315535,PASS
4.37788150445874,1.09164198701733,7.09186238825918,3.66358111585478,5.67779136850344,0.175860529208837,0.0823722402070853,187.567567567568,50.6521065897999,48.7163914900549,162.644577358455,19.2318453647921,PASS
3.51840929312752,1.04536038282757,9.08725627481188,4.21976997179546,5.9175938972231,0.126642368544743,0.0734215214309785,194.594594594595,51.4844226392021,52.7376984039074,177.496026245782,19.1061005129793,PASS
3.63072483476803,1.06396879328794,8.91011749691951,3.91739189517432,6.20302033709571,0.130456191266802,0.0688921883961788,190.27027027027,51.2390393069792,50.0331492240054,184.944428263495,19.2712919991346,PASS
3.89558217826104,1.15689907134571,7.4806335861762,3.7437809249029,6.48112675561779,0.17900484616098,0.095586601346504,180.540540540541,50.5303332145488,44.208251207311,189.184115565428,19.5632719746709,PASS
4.31668631784465,1.09549430022825,7.38797537117934,3.9129121577576,6.46850571565478,0.144699989217288,0.0499864571046613,179.459459459459,50.2095956495201,44.1133296095492,184.862419504453,19.6469140562401,PASS
3.52168073928613,1.09909393329352,9.61874534916032,3.59362377913517,6.30688812519297,0.161761830963174,0.105280440523934,191.891891891892,51.454120392828,51.0972235966333,190.976782368899,19.2476896579953,PASS
3.90573953160528,1.09870589311197,8.30802559032194,3.70251979720941,6.2949691767372,0.156663484026456,0.0799066276235673,186.216216216216,50.9058866208837,47.7610060929642,185.297237888114,19.3958357500016,PASS
3.50239561890654,1.12116649171231,7.54471626076335,4.252965406754,6.46300326634887,0.145729760404073,0.0763799643075163,181.621621621622,50.6981653576094,44.4614536869064,190.425553440849,19.5103620837505,PASS
3.76289983482918,1.13968101490947,6.86169045720499,3.48560265446943,6.44531358072147,0.14522882835801,0.0676480520883641,178.378378378378,50.4299149971397,42.5714804051289,186.490639302795,19.559901381133,PASS
3.56081996284199,1.00288428925923,9.7021717043874,4.38249759829404,5.96032075038453,0.0906291333528792,0.0417000545259263,195.945945945946,51.5106301958557,54.1050358741098,178.674852131279,19.1081155836762,PASS
4.85126261944345,1.13230729628145,6.84007060709653,4.26331675402568,6.6570611539485,0.169302204764709,0.0526380328910513,173.513513513514,49.4982804676233,41.5305013879729,185.453065793122,19.9209952031422,PASS
3.98696390224396,1.13478008690013,6.33878132089221,4.37852683157852,6.71265082030146,0.136409392334011,0.0474452734043226,171.891891891892,49.6617279723465,39.5972402414421,189.16706943218,19.8693817863153,PASS
4.20591187554832,1.14888025093823,6.27718676581845,4.10400031606091,6.33341316598525,0.16479664506397,0.0695384460472376,175.675675675676,49.8955068923063,41.5577447273873,178.729447020217,19.6737299956361,PASS
4.6939634616735,1.08074581268879,6.43598096869396,3.67653343481592,5.79577920442094,0.154902103869697,0.0499969727285923,182.162162162162,50.1220186468698,45.6713135042605,162.2252334861,19.4074328196031,PASS
3.78871997790932,1.17139755616352,7.07167384211056,3.82989561074922,6.68274792408129,0.167933131796609,0.0856408326444471,176.486486486486,50.2509427116022,41.8334710414256,193.833706362281,19.7018910337001,PASS
3.56662680242684,1.08714907381878,7.79138879818979,3.45890843565303,5.89150834671798,0.137299745374814,0.0761654643990098,189.72972972973,51.2639161726283,49.098860640358,174.442079751607,19.1449008063233,PASS
3.70793552119052,1.02840004696611,8.31090266328404,3.9475466106891,5.90326437954763,0.104316084253822,0.0423379135440973,191.351351351351,51.2132295093551,50.6363419823101,173.98203318258,19.166071062374,PASS
3.88539872016723,1.01682330789377,7.74582298809833,4.11181230925024,5.43200345193499,0.119742651133217,0.0523166496659971,194.594594594595,51.175128782432,52.8851725244773,158.463831233727,18.9929546588414,PASS
4.56460887554845,1.02431941118212,9.93638594309489,4.18772071376993,6.05472483706813,0.16606934606077,0.0702699661797416,192.702702702703,50.9429664211839,54.1785514935053,177.253500534825,19.305778696714,PASS
4.87831710486986,1.06099228204649,9.81427063141922,4.00722016823364,6.61587004886526,0.176090911301135,0.0616452943462539,185.405405405405,50.41064527233,49.71772229587,191.40062671714,19.6521705736912,PASS
4.13419747963087,1.04487246324271,8.86676928582688,3.92296148911423,5.84645968752391,0.153343223738504,0.075206177571651,192.972972972973,51.1450436559377,52.8192163913417,171.837655486806,19.1724049121176,PASS
3.77660558813336,1.08500528896967,6.45810352841031,3.92966611861819,5.74626223624318,0.1348442625429,0.0600953310508966,184.864864864865,50.6571730667918,45.9414708436244,165.324797973547,19.2374650973055,PASS
4.39807753307968,1.07907914101939,9.20669812728784,3.91393861786458,6.43179699444757,0.172486351561285,0.0777703639514545,186.756756756757,50.7089987802478,49.346144150652,188.077740882774,19.5047044267954,PASS
4.42917619369452,1.06142040642793,7.29047774982902,4.31782747686321,5.6966803847853,0.168855988616712,0.0722750787150205,187.837837837838,50.5840112885944,49.2779656300596,163.176947912407,19.2692776025028,PASS
3.6283039235737,1.10521329799733,7.42459357780088,4.12897830009131,6.46073978445622,0.134022556471574,0.0616228854599483,181.081081081081,50.5910471267686,44.1485269236857,188.778032817323,19.5342356474418,PASS
4.15689255908198,1.07422804970184,8.36500882080598,3.80303996234534,6.62917282429481,0.13049525411043,0.0443741179432761,181.891891891892,50.4885979774534,45.7731832003876,192.384249724467,19.6221542152387,PASS
4.06563034994697,1.06292371341797,8.96614218618908,3.61971118442553,6.12472231435775,0.147666423141904,0.0709385849236361,190.27027027027,51.0881923574573,50.8496384743082,180.432600031684,19.2847981673906,PASS
4.93307321914678,1.15698930875938,6.24853637092445,4.00660350334992,6.65721075563468,0.167470637894575,0.0497225074258191,170.540540540541,49.2289860124051,39.756991638956,182.857987036418,19.9850626124777,PASS
4.31907127799373,1.07272194026115,6.42031952838692,4.08222955042028,5.3040712382871,0.173608467484198,0.0819026651566118,189.189189189189,50.533504584135,49.4439874145997,150.544860614481,19.0968265043508,PASS
3.8951588427896,1.11974147395053,9.81537970375514,3.59220179960252,6.76774126529713,0.179406903670702,0.103235937591949,186.486486486486,50.9343695021788,48.4687368884305,202.358967103706,19.5423131098196,PASS
4.16981707520419,1.01964429311836,8.4463627929988,4.2323036178675,5.82959499610033,0.129766885812022,0.0493144284312962,191.621621621622,50.9871621760202,51.7520471691934,170.063283069005,19.2103057841241,PASS
3.77465502046184,1.08679283729143,7.38089614904462,3.40559545383098,5.76220286325425,0.143467294058553,0.0742853236665127,189.189189189189,51.0934840595681,48.8517458116629,168.631030852914,19.1381672019022,PASS
3.74936801040784,1.07983693070117,6.19505128269728,3.96176518141266,5.96732799379742,0.115715957888904,0.0403143053150746,180.540540540541,50.3841037755608,43.4952978688226,170.206810724787,19.3852633763133,PASS
3.86765488263843,1.06192444118063,8.31964084863235,4.13740753811,6.47178614690085,0.121577538397499,0.0461262747517732,184.054054054054,50.7127762202313,46.6238865950346,189.518322702326,19.5089034335762,PASS
4.07073155683076,1.08700349239518,7.84397994238421,3.93415712791274,6.36013030588136,0.14454436090968,0.0599921844503948,183.243243243243,50.5826694283149,46.0646994899398,184.619479200545,19.5076165924945,PASS
3.53335759265982,1.0905665006763,7.92983756573196,3.47458761993485,5.2879383329525,0.174156204431258,0.120702592045786,198.378378378378,51.6305672097633,54.7117322238305,157.632055273067,18.8166183632158,PASS
4.75357468291835,1.03079038157584,9.32096498913229,3.95718248112235,5.92556985063151,0.172118530573849,0.06800017615474,191.891891891892,50.8208660305963,53.6003840750262,171.654872731202,19.2933367459438,PASS
5.38452482581002,1.08088063123628,7.23772804450771,3.96384231242539,6.18946531052069,0.176110033264024,0.0431871072545189,179.459459459459,49.7693251739706,45.6784796814754,171.866686168744,19.6879030276084,PASS
4.25239612280767,1.09854065841868,9.03260494889438,3.77805218484585,6.8687929671455,0.155272837718999,0.0639522418310742,181.621621621622,50.4299709849016,46.0193209220705,200.409162390824,19.7197053844928,PASS
4.84259249563731,0.988381603771605,7.97656966583703,4.18044064206976,5.39242571645878,0.147020514049627,0.0416777211434466,193.243243243243,50.6666819227124,54.2422222698755,153.406576927995,19.1205025063809,PASS
5.22799089889937,1.03994373476783,8.05015267420019,4.21961620825807,5.99049300919458,0.17572716995395,0.0481718591312351,185.405405405405,50.196330970804,49.5374700325087,169.068744312644,19.5011774267422,PASS
3.55016830728515,1.15442504370721,8.25280537254146,3.68718250151339,6.89228243618412,0.162169695861185,0.0910737079688325,180,50.636643315986,43.7765395547109,204.826250237394,19.6643483802439,PASS
4.66769972340151,1.09693816796702,6.28668208247629,4.1073582323523,6.09701003308098,0.154224507054198,0.0470030580625763,177.567567567568,49.8084038739574,43.1369930618557,169.810672243244,19.614815702912,PASS
4.80368629744919,1.00180538102031,7.04641682841887,4.36595314156072,5.20795776761882,0.158177917627078,0.0521312104312305,191.891891891892,50.4657021612933,52.743539610795,146.739333787752,19.0887414315404,PASS
3.51059358569495,1.13003965413694,6.80334813538801,3.77247209311319,5.52313060726645,0.177646111097609,0.11245453905878,190,51.1619138559661,48.7944584855006,162.652225348489,19.0309781610123,PASS
4.29050512952361,1.06031199290611,6.90012402449919,3.96251434157562,5.87756192427179,0.136804413513353,0.0460753111187434,184.324324324324,50.4507898366403,46.5734199150246,167.439587777806,19.3591356606426,PASS
3.54556625140122,1.1819480111918,6.3137796698496,4.19836129388154,6.72226747565902,0.152155554870084,0.0743666966332581,172.432432432432,49.9473979197876,39.3835102933184,193.160621383621,19.789880631345,PASS
4.53935105079685,1.05734609542025,6.16218375598525,3.52838338092481,5.2443644205766,0.15401780221342,0.058035654979504,188.108108108108,50.3802476076328,48.9878491710229,146.951436650615,19.0941354017506,PASS
3.7958933245383,1.13818341625556,7.13132570217582,3.79199579240653,6.37112615417214,0.159111606132638,0.0798961513027469,180.540540540541,50.5307008731068,43.8590905503162,185.24190901899,19.5188198289943,PASS
4.42120951270528,1.07057185561043,6.27402781925827,3.79618689197936,5.36027912788178,0.162624556922725,0.0683059945443226,187.567567567568,50.4257045347767,48.4228711484417,151.145679646682,19.1426305723771,PASS
5.41918120127267,1.02703744697845,6.30566261863007,3.79132670507271,5.17670782150341,0.174859477669362,0.0461699099353816,187.297297297297,49.9051237392421,50.3489565126986,141.759558018111,19.2056804832908,PASS
4.90019760605838,1.11831818742877,8.10606936606115,4.30884883618883,6.98124547252641,0.174503181929625,0.0545857501166891,175.675675675676,49.6465713459195,43.1940910113103,197.48040408404,19.9975298577009,PASS
4.2698842760704,1.12287485152523,8.12988015029308,3.45918370145619,6.34578329039864,0.179645185029758,0.0880845009883895,184.054054054054,50.656587698987,46.973679797918,184.650682524226,19.4835311568708,PASS
3.63244732779118,1.11731635842619,6.62472549141909,3.67649931722167,6.2937399865397,0.129459263073874,0.0565637966426018,179.189189189189,50.4825366072208,42.7587092453217,181.831522370431,19.4881697648803,PASS
3.86152269548662,1.11632193626992,7.7584606460124,3.42163165598549,6.90486013771894,0.126907084636218,0.0482976330490578,177.027027027027,50.3094242799457,42.4582376526378,200.22989608124,19.7483270937618,PASS
4.58277336096209,1.09908644490258,8.39635755586657,4.23688980138972,6.60970478578401,0.176525750028471,0.0699996041524309,181.351351351351,50.2301157782068,46.0929268763029,190.327602885987,19.7067019297192,PASS
4.10609395075706,1.05539507927747,9.31139190429445,3.7662250882393,6.21649480546654,0.146426043854558,0.0682540446196422,190.27027027027,51.0557770636708,51.1101916562529,183.361990886702,19.3269684322993,PASS
5.30296998036729,1.15759358518019,6.32025403321231,4.0757642031031,6.67203871462119,0.176946268504158,0.0468629310345449,170,49.0364781993833,39.9635228629752,181.725183056748,20.0531353519424,PASS
3.83094612432724,1.09387165469593,7.33958792418976,4.01972206033025,5.7289035180796,0.165389511212895,0.0906861375541593,189.189189189189,50.9863307695285,49.0347238761828,167.496245711848,19.1668604642236,PASS
3.73681964798976,1.12194283405831,8.10155069335992,3.56115971592116,6.3628942157947,0.160902718045763,0.0883857490889642,184.864864864865,50.9300904101865,46.6775615243748,188.15324877376,19.4101882072134,PASS
3.73560737028445,1.13847813667884,6.33121969291813,3.42585905016657,6.61605041750474,0.125050844141458,0.0473788218161235,173.513513513514,50.0565278406711,39.9835471635313,188.71934513347,19.7035755202456,PASS
4.47536079529004,1.04718291467457,9.87234934657039,3.51491001614126,6.46848170547293,0.14181094504757,0.0500928514772269,188.378378378378,50.8090837976793,50.7714542034137,189.064213770483,19.4758119606116,PASS
4.14127283129069,1.00702609477349,9.91642142014848,4.07127945522208,6.0873794134787,0.118886746083576,0.0448321078240611,193.513513513514,51.170191177719,53.7516504323446,179.781096535625,19.2469336499201,PASS
4.5926416657544,1.08834845601872,6.03437767711796,3.44637539197976,5.57060156838252,0.155944060082519,0.0557414506743488,182.972972972973,50.161969564744,45.8709392440063,155.500499793738,19.2894189453616,PASS
4.13898841542971,1.1794777520872,6.74355166727567,4.13098237637211,6.93346041335849,0.166128043861119,0.0706805361352318,171.351351351351,49.6265167230539,39.6339254397215,196.393313692954,19.9626292663029,PASS
4.4798574907097,1.18230388294687,6.38921069832933,4.20466513965819,6.76063593129338,0.17570879920114,0.0695618310262601,170.810810810811,49.4241656003271,39.5674581857238,188.67828006247,19.9653241909613,PASS
3.86064367216673,1.14826131820325,7.00468628333991,3.43157974439462,6.73230159395209,0.143698154941033,0.0622457813225555,175.675675675676,50.1924938935672,41.3487480085172,193.933604567836,19.7212909115051,PASS
4.80108612569265,1.09870206240228,8.49118358999176,4.04621950376047,6.93162117639835,0.162637582754307,0.0486734117612725,177.837837837838,49.8920262149951,44.4214595342506,197.541372680138,19.9048647255122,PASS
4.17135966256119,1.06042885344033,8.09184942868222,4.21016441548745,6.20187893112749,0.142779668619277,0.0561569723412619,185.675675675676,50.6726537243145,47.8902613135931,180.159752534026,19.4341415957124,PASS
3.88627240309026,1.13080002826694,6.4194449773322,4.14740250615968,6.05230974081568,0.16082696522052,0.0773581197036078,180.540540540541,50.35800488473,43.7212348276321,173.546789445451,19.44472582062,PASS
4.80963451518115,1.05500947181573,6.54155528717595,3.70475047436164,5.65275176629439,0.149400901069932,0.0419474628912697,184.054054054054,50.175942814793,47.1267153072473,157.951447689091,19.3395038513456,PASS
4.80860218743674,1.02268957477119,8.49390234088564,4.23076713645959,5.62149858420932,0.177722145956289,0.0704100193430526,192.432432432432,50.7333098404636,53.8110231191338,161.45336054057,19.2048810153088,PASS
4.14744288095763,1.03295765302005,9.95252961318593,4.38489768480504,6.61198325766807,0.128755411968499,0.0468303498070721,187.837837837838,50.7936057376418,49.9485144456876,195.160159327956,19.5365259328118,PASS
4.55815932828708,1.06356550534215,9.02319093006607,4.13661079533394,6.79263380542666,0.14480122761543,0.0424338351231212,181.621621621622,50.2588622725255,46.5488052034353,196.146378427374,19.7517467047761,PASS
4.01272812470405,1.12047227871774,6.93727673054731,4.38508114185265,6.93986215218576,0.130527837967466,0.0415518286786882,172.432432432432,49.7086706753912,40.1389774594985,196.934209262357,19.9396463981401,PASS
3.61997126059924,1.07061238548918,6.35008300564548,3.8090177271819,5.15013178386099,0.141777330877506,0.0775172974951575,192.702702702703,51.023159607787,50.3648154139362,148.995980976995,18.8879119368402,PASS
3.54861200308533,1.05749430296599,6.93092203891288,4.10737421571964,5.42351412819855,0.128426246875705,0.0669746231480275,191.891891891892,51.1385871629182,50.1013334087006,158.469701028824,18.9907134495381,PASS
4.80646923148462,1.0638208275132,6.57072131289217,3.99508040918184,5.74888315970575,0.158162673510437,0.0485190477031658,182.972972972973,50.1026212375872,46.521884623534,160.771892778274,19.4062083800819,PASS
3.51295506098801,1.13110302698761,9.53418053441391,3.49574909038636,6.64638909228316,0.173749884961161,0.112096744496393,187.567567567568,51.2231126240863,48.4936332874455,201.428338707893,19.4236021966574,PASS
3.50686451644002,1.12252724023659,9.07557322957011,4.28549108883379,6.78418091624567,0.162440947423514,0.095655959127718,184.324324324324,50.8815343422235,46.5275331698112,203.724493162393,19.5709994728291,PASS
4.74279726187457,1.11203630585103,7.77585644047356,3.7448529097792,6.617415206066,0.16698079169575,0.0565886967218998,178.648648648649,50.0207354734844,44.3640930973293,187.932845953836,19.7589529085783,PASS
3.79110936754699,1.13066116544849,6.98964647088373,3.57846658740099,6.08587317166495,0.160504708871742,0.0837440003072872,183.243243243243,50.7292556143972,45.2696283884967,177.141930823327,19.358719085751,PASS
4.36159223513604,1.18872537531916,6.24360651137887,3.57427725367095,6.65043046233014,0.170084134063124,0.070223148037186,171.621621621622,49.6281116909474,39.6497883883074,186.345642993351,19.8526236833995,PASS
4.31902645697736,1.03835414420948,7.67262732076893,4.29049256935961,5.40136326922134,0.168748483961272,0.0808305686154255,193.513513513514,50.9053782084336,53.0303904455178,155.993790383255,19.0627035065355,PASS
3.55553287788252,1.09878107289973,6.72732128540829,4.13437729795634,6.256935301385,0.122484190662658,0.0518180054060736,180.27027027027,50.5156993153392,43.3246053996702,181.187502992887,19.472538219794,PASS
3.94441251508184,1.05964159035175,9.21907339017814,4.04759685410708,6.53792264489242,0.132154744430961,0.0565237387353276,186.756756756757,50.8614946835066,48.5600696589247,193.061325116062,19.490503547844,PASS
3.78868097509283,1.04216274685357,7.56995780438311,3.52392636326074,5.75206690556537,0.109176975673653,0.04301638939819,190,51.1051621571568,49.5476166381494,167.785293739953,19.128112200672,PASS
3.55457438544824,1.08266077644153,8.87246372671872,4.16110248478714,6.46891077599372,0.136552707915293,0.0731166454360247,187.027027027027,51.0542422649132,48.0539348037547,193.187037186756,19.4154818533615,PASS
4.30533103930323,1.0638036030086,8.47767545643557,3.99184816778271,6.40618282956431,0.143202531661408,0.0521014199707704,184.594594594595,50.5844364285512,47.5702292835816,185.904818077994,19.5283043384354,PASS
5.17901608431601,1.14329270142714,7.0648204121266,4.03347770126801,6.95226787307092,0.169105791697157,0.0420817266927405,170.810810810811,49.1976730632965,40.6071304582475,191.885159659129,20.1107674225882,PASS
3.92168015871906,1.06761578160432,9.63574881420769,3.75490819570496,6.92465611945476,0.122015561063061,0.0472621198916681,184.054054054054,50.6948773854068,47.0658726881847,204.490531819621,19.6514842394931,PASS
4.99563471655435,1.09730617589479,6.77931218858104,4.314338505189,6.37687802459669,0.163042544323477,0.0429373345886463,176.216216216216,49.6148866124406,43.0228464499562,177.187274823551,19.792517669711,PASS
4.02562426479865,1.07089506795828,6.31211456820888,3.79022407207334,5.81187684948801,0.124827704539537,0.0425746825146159,182.702702702703,50.4173398143874,45.0053159900973,165.116099091247,19.3222518379612,PASS
4.2946590687529,1.06056445136488,9.66541195281526,3.9338644195487,6.37317206470707,0.162142491568424,0.0744231513882436,189.189189189189,50.8942752694362,50.9269302294622,187.589942495087,19.4293418670689,PASS
4.50446895750292,1.01465055550236,9.32780117329614,4.35369539198148,6.09406873614255,0.143327032137294,0.0487655943499904,190.540540540541,50.8219915717588,52.2244722774762,177.594232957693,19.3577871791945,PASS
4.88888936609819,1.01849830108773,6.69579977126881,3.92796246175119,5.04915311466391,0.169821246366949,0.0619253940356054,192.432432432432,50.3789614718124,52.9420694811047,141.156348267657,19.0242973244598,PASS
3.90036157773884,1.03461963267224,6.75169871420668,4.12397772020295,5.19387304327804,0.134549842993897,0.0626485398968709,193.243243243243,50.9359840391118,51.5688368994905,149.585298305429,18.9415908719424,PASS
4.16866063697379,1.05536504136512,9.08979542163311,3.80935786575896,6.30099612930047,0.141911882284014,0.059753582013054,188.378378378378,50.9078549192722,49.9124179591979,184.933765171414,19.397855037322,PASS
3.71324166747873,1.06323413232366,6.89778730705211,3.60856452157084,5.01086269996919,0.154268589792318,0.0923983733651353,197.297297297297,51.2453503949398,53.7932291640379,145.826608560579,18.7777093311494,PASS
3.90918913816646,1.07168981879655,7.72875943791942,3.89868641652105,5.31504784651404,0.179048701620919,0.108414013699063,196.216216216216,51.2636238322144,53.8954212815181,155.856543480195,18.9269433855522,PASS
3.88399846636681,1.02813944246302,6.29974228891456,4.24707723978861,5.1706972801658,0.12356655100284,0.0503594812284868,191.351351351351,50.7511021762508,50.073075574032,147.708509585801,18.9695116396947,PASS
4.00645570121074,1.02234599785699,7.43302987720641,3.91223758227283,5.40043653058561,0.124048630929252,0.0511939302224977,193.513513513514,51.0461726743017,52.1307371842463,156.370897813509,19.0086713034583,PASS
4.0761293933971,1.05177985518288,6.56223567089902,4.2732374697275,5.41786588137077,0.144934918349105,0.0623881330390723,188.918918918919,50.658260077769,48.961453777307,154.882411398628,19.1154910843821,PASS
3.87228466104674,1.05065948956635,7.62211741023641,3.79676241541682,5.51024080656902,0.139881354564647,0.0706417372038886,193.243243243243,51.1694829648492,51.7601160821247,160.981147694787,19.0251539760369,PASS
3.54316971932434,1.11849370090424,6.18339974576386,3.87535726204389,6.40624885470637,0.117437629221495,0.0450019540059123,175.405405405405,50.1856717818507,40.6985172521955,183.30186065241,19.597904391768,PASS
4.16255127322649,1.12854579883784,6.96415390736732,3.55502248149155,6.84622187999111,0.133097320375432,0.0426073774347748,173.513513513514,49.8704588547611,40.6766064089886,194.207877264775,19.8515846626179,PASS
3.81299419087946,1.05444537710219,9.89052983612202,4.37513166102701,5.94378623587568,0.169462068132477,0.105427234932437,196.216216216216,51.4401101548411,54.8139934184777,178.532072605228,19.1320658568194,PASS
3.91122445947172,1.10881039975219,6.80100298614206,4.15379728733797,5.64896156092384,0.176221285074788,0.0957750250752294,187.567567567568,50.7779482044754,47.8954898412579,163.594823780298,19.1878222270175,PASS
4.18351357424781,1.05380419686083,9.38525613320737,4.20631337587914,6.71386375928889,0.133705740661891,0.0475897182832331,184.594594594595,50.6033495377806,47.8747765231501,196.807643214516,19.623867923203,PASS
3.75075635340631,1.00293323676625,7.44832452861296,4.17099397011687,5.26199886104135,0.103798111617068,0.0427436639895965,195.945945945946,51.2181403718365,53.4091988055584,153.278461908471,18.9037170825647,PASS
4.41493101226518,1.05662532529288,7.82627462386318,4.16215921141764,5.76143792813745,0.16844347376495,0.0741337576420347,189.459459459459,50.7408521699533,50.4628286297758,166.236886835461,19.2540478503928,PASS
3.85189230441461,1.14527401765298,6.1081882449586,4.35808080826888,6.14561662697266,0.160007854379686,0.0753145718809221,177.567567567568,50.1238922069285,42.1019071990824,175.06476946767,19.5386354551707,PASS
4.15273734186467,1.12472065923098,8.70875411572861,3.5299521107759,6.78767953182455,0.167898958024773,0.0795156303644685,181.621621621622,50.52061497512,45.664401541707,198.616010052825,19.6659234945952,PASS
5.39404541433138,1.11202034347445,8.12490749500193,3.41529873541939,6.69996494369835,0.17614090045824,0.0430968012995525,177.567567567568,49.7598987531094,44.9108553769967,187.568291492543,19.8655897809954,PASS
4.88361953410752,1.09276388163303,7.12373638277661,4.33165618505152,6.19490956867695,0.176586563835487,0.0597762867080127,180,49.9519060120785,45.2193984741761,174.24223374607,19.6373932924482,PASS
4.38308807375531,1.07451633944686,8.22113649611327,3.81056825100021,6.16218298694624,0.16029236010544,0.0667897514636764,186.216216216216,50.6733875591145,48.5617981668125,178.463310623872,19.4177549298144,PASS
4.7731668844695,1.05615987531239,7.31838752832325,3.58559892887088,5.43507944176542,0.177492111262367,0.0727826372618551,190.540540540541,50.6007333147741,51.5840466832098,154.171622272894,19.1469402275497,PASS
4.21065619613372,1.12674956377364,8.96279070642292,3.66910543682217,6.98617884761229,0.169484173105491,0.0777274115383215,180.27027027027,50.3619287891536,45.1340710303548,204.150573024856,19.7750383273654,PASS
4.7002891425232,1.11102120651727,7.33729724933755,4.23676896908778,6.81898350248393,0.15345083358413,0.0426593914164128,174.324324324324,49.6372738125318,42.0087452954725,191.757088889764,19.936768252588,PASS
3.88229952586738,1.09930804203439,9.59943189064535,3.45794206158526,6.68054030373641,0.155710844208772,0.0825903558902999,186.756756756757,50.9740866222205,48.5042671011176,198.9670900135,19.49888208162,PASS
5.35601764949178,1.13825793529946,7.06361670361327,3.86247485824815,6.7112209677042,0.179369876686206,0.046735253166446,173.243243243243,49.3440391842959,41.9350433632219,185.133299118044,19.9895178282335,PASS
3.83416017178311,1.02263889548661,9.35060889449383,4.32619741009717,6.18565408075317,0.113088479454496,0.0467736707993933,191.351351351351,51.1585385135165,51.4236188188231,183.559215743236,19.2898482991931,PASS
4.5028539003474,1.02170314392399,9.23154291606722,4.39970752641091,6.11756033571589,0.148769847829073,0.0530995369862011,190,50.7872127083944,51.7815574540496,178.228392618006,19.3778067840635,PASS
4.80537095627614,1.13093367892356,6.02897817218368,4.20479846018758,6.21253805269058,0.169643630388553,0.0560945581265807,174.594594594595,49.5074746978199,41.5903787403527,171.433503550916,19.7402358319206,PASS
4.53540658128057,1.14055865880679,6.60140206781014,4.18055439081805,6.8293273598297,0.151550872388605,0.0458639289762274,171.081081081081,49.4199642906927,39.8382371400539,190.319405802632,19.989046385871,PASS
3.56863378113264,1.08850276223218,7.72509970527675,3.58858935620138,5.62887662139324,0.153152885081911,0.0931454576804419,192.972972972973,51.3795171558782,51.0012692562869,166.880790027799,19.0183794673965,PASS
4.75307399055705,1.03056528934386,7.27414115570055,4.24875616555549,5.35849811611387,0.175039245261746,0.0692934644290488,191.081081081081,50.5405499448676,52.1517725168814,151.946498177133,19.1388025411902,PASS
4.51592511103813,1.04038614193081,9.50389821816188,4.0923942520753,6.45116338327124,0.147050679902704,0.0499684823300685,187.297297297297,50.6525301611671,50.0129785304921,187.942838960115,19.5259385912366,PASS
3.79337358741892,1.06295269117199,7.89970584008567,3.74720667581918,6.00788628012815,0.126720931918794,0.0571738930541453,188.108108108108,51.0253551360534,48.6194583873231,176.181665451008,19.2541740987105,PASS
4.79089471453156,1.17067917879364,6.60704246468919,3.644945795041,6.6614754398252,0.17730502603417,0.0641149748145,172.702702702703,49.5357179965063,40.7651520134643,185.508809953188,19.8968382914033,PASS
4.44976818846588,1.0021568219985,9.8122233403708,4.00330900002152,6.00912678854609,0.130101137975066,0.0429384293835529,193.243243243243,51.0216802547065,54.1845048222464,175.77409039377,19.2609499059802,PASS
3.9433363569203,1.07522467464151,8.75789166991194,4.02685464177246,6.44007656483449,0.143680834685682,0.0661439354500155,186.216216216216,50.8368454370196,48.0202691146184,189.689611052435,19.467215907157,PASS
3.96423272567799,1.04581051695994,8.19662338595873,4.05398776838317,6.17726346754946,0.120861856802677,0.0445649759021858,187.027027027027,50.8473591622251,48.3110278602548,180.438221617083,19.3696600306039,PASS
3.95046542752622,1.09901413623245,6.33630964043272,4.03424624198015,6.22508731075785,0.128451930176027,0.0447141682208167,177.837837837838,50.143153100813,42.3527850097004,176.721223587298,19.556477087683,PASS
4.18553024881158,1.15083245615496,7.75524949780036,3.56325564381348,6.8468165234651,0.16721142956313,0.0746474663888393,177.027027027027,50.1706680610774,42.8455830983348,197.580453564294,19.781804032728,PASS
3.8371181083012,1.17360390952519,6.16154814434778,4.14835074859307,6.98400400557474,0.139395320128209,0.0534781092858831,168.108108108108,49.4477349073018,37.6578902819039,196.443941179515,20.0125881953305,PASS
5.44865417482453,1.1374144455981,6.00633013916978,3.84778203470297,6.23928843644975,0.178987551265464,0.0462940370598044,172.972972972973,49.1913946810812,41.4431753892653,169.12837423873,19.8444537270135,PASS
4.60362140319573,1.02736801579704,9.60110800991694,3.81274855603514,5.90636069883072,0.163410031527457,0.06809249182013,193.513513513514,50.9829431972644,54.4957185424213,172.115120485637,19.2360331290108,PASS
3.62536067090883,1.07353435583955,9.66854455855474,3.95235632398027,6.48770479304771,0.139168822800079,0.0776443657340757,189.459459459459,51.2027984248629,49.9676962649375,194.806527678696,19.3763461900196,PASS
4.68646517614029,1.0439865949865,9.9915325361234,3.44225731949209,6.52986776491091,0.142296584855251,0.0420897067075928,187.567567567568,50.6757961862433,50.6710324279796,189.702261937995,19.5329728564813,PASS
4.09559500471876,1.06336040376405,9.7291947378756,4.01582659357587,6.24729753346569,0.166365439096025,0.0875290759257844,191.351351351351,51.0993706299562,51.9906568268712,185.394006040064,19.3299293341347,PASS
4.24281128269421,1.07052783612102,6.24496788793842,3.74480058275817,5.31515731119031,0.156545745795058,0.069006044779113,188.378378378378,50.5456559602981,48.6508781835534,150.576968621719,19.0877869080157,PASS
4.79520750774581,1.05032058642833,7.47016662447052,4.24115646373273,5.72748514483837,0.174267866681929,0.0643799360030911,187.297297297297,50.4177377920715,49.6911910768306,162.665585890415,19.3298570091367,PASS
4.1075347965809,1.14188582702506,7.28667983456377,3.68230489828981,6.55423634167183,0.164181400100072,0.0744857045471246,178.378378378378,50.2799824334792,43.2443765798774,188.767627305422,19.6537742355478,PASS
4.58221761453951,1.0581443664477,7.05888365582196,4.03363471573286,5.68735296431283,0.161394603502071,0.060394531731742,186.486486486486,50.4469764226118,48.5998372997671,161.476041886203,19.2941719532321,PASS
3.61974892134242,1.07177460533974,7.32906062827245,4.2876381900518,5.71832151842749,0.140258304618456,0.0738902182860991,189.72972972973,51.066220752449,49.0553055496513,167.826904696019,19.1396050027617,PASS
3.86144803133419,1.16192469710804,6.86283056885739,3.80982480426323,6.62939665899072,0.160415934630103,0.0763868415248329,175.945945945946,50.1663192198524,41.5444811599178,190.936553664189,19.7035094359594,PASS
3.85686358789206,1.08951690786125,7.72227905974809,3.79636325167354,5.74943113536974,0.165393384067633,0.0922970341626606,190.540540540541,51.1102591842094,50.0850258481118,168.829249770381,19.1422172084869,PASS
4.06453238742117,1.09811420250518,8.19117106157568,3.90494249388711,6.43836533141015,0.156348299961541,0.0716874210760723,183.783783783784,50.6438324909785,46.5169795312073,187.950557758922,19.5209264387188,PASS
4.04776268326981,1.16678383273553,6.33398953125664,3.66373781648762,6.53926219719035,0.157934841256813,0.0683263291172698,174.054054054054,49.9206795303898,40.4891723565177,185.430097761964,19.7301384970355,PASS
4.36702633863971,1.00807620171931,6.5294875987866,4.34547998794163,5.18508478502618,0.134344105239645,0.0446620856537023,191.081081081081,50.5376706138495,50.935414302197,146.619802232974,19.043399712674,PASS
4.05473273173954,1.09172237235856,6.84892633521841,4.22572633750925,6.46160831273033,0.128465495379617,0.0410999526995057,177.297297297297,50.0954527133834,42.5420847074617,184.061522472362,19.668374641583,PASS
3.55432857758744,1.13473455042704,8.36668015644766,3.78791969947106,6.74972175569117,0.156023351741738,0.086759749559022,181.891891891892,50.7700874318122,44.9161675996239,200.778511412744,19.5837625576097,PASS
3.99022260366391,1.12742665710132,6.7650376478855,4.18034222651325,6.56207587219617,0.145308103962346,0.0577728296949003,175.945945945946,50.0337865743302,41.6891320858218,187.258871196513,19.7210556554893,PASS
4.42592542133844,1.16345554573145,6.06090956128658,4.20759127644118,6.70394610248081,0.156580322219539,0.0536754452691168,169.72972972973,49.3185556357937,38.8612459655819,185.73104938461,19.9631394303108,PASS
4.34991280604793,1.05312688078108,8.89184350109539,4.32314302216106,5.99698984015667,0.173464793467578,0.082170565037512,190.810810810811,50.8985362207908,51.7446848251455,175.446623113827,19.3053856587467,PASS
3.71462144963291,1.10443185144861,6.05577779660741,3.41675827389289,5.77802468359588,0.129756991840916,0.0567059334116959,182.432432432432,50.5761174217704,44.2601145172218,165.491527845345,19.2524540217627,PASS
4.3864366650608,1.03064721984675,6.98063871483001,3.93550842259619,5.55617790538162,0.133359245759993,0.0426145874834214,188.378378378378,50.600168600669,49.3383717181874,158.127115497232,19.1910582689051,PASS
3.8799769206815,1.16430852536525,7.21851950673374,3.42195446076395,6.69636201056118,0.162076291749439,0.0793327936411879,177.027027027027,50.3128628122654,42.1594977033432,194.167580482538,19.683065758103,PASS
3.72877369578501,1.1896764646231,6.05601027443636,3.95268112902232,6.63335447446341,0.156995004153158,0.0742027758884735,171.621621621622,49.8362227073526,39.0821701314692,188.758989037168,19.7837822953944,PASS
3.52482482657223,1.09141086271205,6.41739176459729,4.00490558513708,5.00618414830166,0.168494039874985,0.107162626472121,195.405405405405,51.1521710563484,51.9640000896671,145.876313772272,18.7988989134366,PASS
3.85499590103398,1.12365254852224,9.92126719201228,3.49198807818284,6.96477198927801,0.171355031017155,0.0962274583894522,184.594594594595,50.8321669678109,47.4545248384308,208.258246744028,19.6279115784444,PASS
5.31948616509643,1.06592215194628,9.04537181846912,3.98118483664166,6.62942088502605,0.176525900766374,0.0435189962870871,181.621621621622,49.9983481180296,47.7896703123376,187.953211689272,19.7817634187913,PASS
4.79617741133654,1.08228047876863,8.76110106419961,4.05919889555826,6.71984017229487,0.166397979754746,0.0535495639783004,181.081081081081,50.1388228631493,46.3822722748879,192.642830615575,19.7667565396868,PASS
3.69781527179535,1.03967659687516,8.02982689982437,4.15826516207509,6.05536118851351,0.108246709352767,0.0423662533779769,188.378378378378,51.0232039849607,48.6613596099873,177.901074227205,19.2758960137342,PASS
4.08391206166387,1.1477708879458,7.58874573407003,3.41989136870143,6.48122972030963,0.174158033523798,0.0866811585239158,180.810810810811,50.5069172820059,44.5282401899221,188.254484665419,19.5653699984819,PASS
4.62196231090713,1.17923421735026,6.22784065575068,3.90792760142344,6.7063398303787,0.170926800239025,0.0622091643114196,170.540540540541,49.3598478893312,39.372167039333,185.868719160338,19.9565025998171,PASS
4.15262682984792,1.08120523421592,7.98588772868345,3.5041625165238,6.54290716670076,0.127646191479718,0.0424482813437518,181.621621621622,50.4961604828451,45.2701537356183,189.168744494771,19.5845875268001,PASS
3.75135654815782,1.1110191609141,6.12348641227209,3.55892290518867,5.57785044492106,0.149370175613445,0.0752748336656968,185.405405405405,50.7018371475711,45.9809824254069,160.287328567613,19.1497733900063,PASS
3.73268865924307,1.05394520147299,9.76957590820981,3.54210906025964,6.69647842910692,0.107806514634449,0.044719082014905,187.297297297297,51.0401407597033,48.7877078251891,199.307343773317,19.4764696925419,PASS
4.13603627919794,1.08596189024442,8.62115061403241,4.10604031235346,6.14732606088077,0.177079222684218,0.0917654649978266,188.648648648649,50.9024339100755,49.7701705152549,180.622761803963,19.3560928765529,PASS
3.54984042329171,1.02034654720992,8.06148273947451,3.60146740585081,5.38827429996222,0.099609354169837,0.0502523554136292,197.297297297297,51.5395803209034,54.2123372799634,159.122469605038,18.8691745149146,PASS
4.21438680979953,1.08720389090648,7.17830086200245,3.60035310483108,6.19018532591889,0.138505235321441,0.049988831514204,181.891891891892,50.4489452503081,45.23680218208,177.322830869185,19.4733923277349,PASS
4.99489246651044,1.08797576026977,6.62475413163432,4.28105820894878,6.11250157378356,0.167416337005862,0.0480271684325047,178.378378378378,49.7479599654779,44.2138492727329,169.87708930918,19.6542750750306,PASS
4.32031594302565,1.10962054412381,6.01268262797212,3.83247219886685,5.51463412540802,0.174678470482291,0.0805108179212795,184.324324324324,50.2910966582274,46.1912564009077,155.430586858058,19.2378640637117,PASS
3.92804371874203,1.05581943185621,8.73298095415019,3.57079700512262,6.03976067626103,0.133565093499549,0.0631513729837251,190.810810810811,51.17162879415,50.8157737978157,178.108435748624,19.2285354718002,PASS
4.46348355367264,1.04090249442481,8.05918401317019,3.77847576553574,5.34056982419573,0.177737086522004,0.0878302990248216,195.405405405405,50.9988925282537,54.8876241509123,154.186916299964,19.0066318186712,PASS
5.06090441444124,1.06974601174061,8.84339532334098,3.52715829443552,6.34637155865744,0.172425345985414,0.0533215841888945,184.864864864865,50.3585151552989,49.0993395895585,181.184328081303,19.5729112022477,PASS
4.03585570591869,1.08972284201764,6.92468385955839,4.01533757711153,6.19231773946426,0.137156832861165,0.052226586526339,181.081081081081,50.387592009967,44.4366542823709,177.514712743961,19.4922240180036,PASS
4.11248680903953,1.07486134713287,9.22837516953266,3.51742353720735,6.73574700658616,0.132698902467908,0.051074141983858,184.324324324324,50.6907569525383,47.2834520614226,197.558414796298,19.5946187307801,PASS
4.64170488269583,1.0390944147255,9.25293285147422,3.83851828623074,6.01322827859692,0.165518025199397,0.0660331380121448,191.081081081081,50.8419399576015,52.6598992389251,174.60423272261,19.3182682994853,PASS
3.83703727157761,1.16981171340194,7.84289088424615,3.81820673020265,6.99612594897979,0.171263313986944,0.0876913096263816,176.486486486486,50.230251145099,42.203234299907,204.338276112816,19.815393896421,PASS
4.33934485661169,1.06270162540309,6.21073816620824,4.3404925476033,5.10406339602945,0.179078383545817,0.0866275317590302,190.810810810811,50.4704504175687,50.4363776186644,144.242813505855,19.0216790123597,PASS
3.73361988730959,1.09025244801743,7.86889180220837,3.5123438309385,6.71589179701678,0.113414313271841,0.0413595057479557,180,50.5549729165539,43.8171191555108,195.857993644496,19.6179499518789,PASS
3.6794890037002,1.074915120378,6.96986180337081,4.24706147650231,5.32397471402316,0.159503176476512,0.0924590177876269,193.243243243243,51.1178325007646,51.1438188953608,155.513327911008,18.9629666969841,PASS
3.80926916253657,1.12871219512248,6.35223416731708,3.78795515086561,6.35414171464454,0.136362793210962,0.0560492666909597,176.486486486486,50.1813663286616,41.5790452631188,181.444277061656,19.5888298252166,PASS
4.354453365045,1.09260699185599,7.96162288774768,3.53465306704474,6.43295039676761,0.149073298943035,0.0557666299293932,182.162162162162,50.4667480035458,45.9481896211998,185.398058601813,19.5626545455705,PASS
3.57368497809707,1.10531439030456,6.58649100547933,4.17355173938437,5.67281149038025,0.152534010528691,0.083247921463964,186.756756756757,50.867520944586,46.9064214705729,165.190397942813,19.1637006420232,PASS
4.4191991290888,1.1119109291661,7.39925242535059,3.98107202739183,6.89809893522022,0.140575022881078,0.0405680526061168,174.324324324324,49.7804019571954,41.6757523664955,195.380625242174,19.9117791170948,PASS
4.32776192994295,1.06533718338696,8.96862729128696,3.458833409669,5.93658973011301,0.167731607341007,0.0820250329663961,191.891891891892,51.0706284189844,52.3831193536661,173.802442984523,19.2221952220632,PASS
3.96161839368537,1.16849692628925,6.2891539366868,3.77265674648845,6.94543258734436,0.139552085049972,0.0517687533949218,169.189189189189,49.5516160950887,38.2136489104908,195.500312886239,19.9671264510324,PASS
4.86424343422056,1.05108004524201,8.44410060137695,3.69184488602329,5.9052020816489,0.172787912004113,0.0631321180611254,188.918918918919,50.6194788502492,51.2553218899519,169.1438356639,19.3404348353484,PASS
3.99544332157743,1.11110510417524,6.68890739069282,4.05132072085596,6.05995550631142,0.154392308225688,0.0693258004883106,181.621621621622,50.4138504229329,44.5623215067239,173.831740062506,19.4353102245551,PASS
3.83501369229388,1.05460162825413,8.53858395830022,4.02654823713091,6.32629074199164,0.121445369197977,0.0498091256252111,186.756756756757,50.9167781256113,48.1876508461993,186.166032067875,19.4024299970385,PASS
3.73682173811536,1.05334594568788,6.06558831786262,3.57606644358394,5.15104030340519,0.122632465508406,0.055034552787486,190.810810810811,50.8386634562338,49.2569443800162,147.362932387462,18.9201281512359,PASS
4.64839246159778,1.09133687508504,8.6906883223847,3.83590739398489,6.44082049302739,0.179752379306438,0.073770764241155,184.324324324324,50.4539351316382,47.9706739056961,186.006664659083,19.581773787833,PASS
4.3339741770723,1.09406043495138,7.97669703888286,4.22322904748132,6.64442944254841,0.152739607764152,0.0559664837468923,179.72972972973,50.2104527754997,44.7023127408792,191.211193255908,19.7162560537223,PASS
3.87855859529404,1.09614372656174,8.33408498509994,3.6365533909613,6.84912884094161,0.126915026349658,0.0493394615220299,180,50.4813600120554,44.2947655656439,200.037787708305,19.6874621452587,PASS
4.77774641007036,1.09849552496879,9.1615988044656,3.46483032424094,6.98219326407495,0.159192098043687,0.0492823154365598,180,50.1228959704245,45.7362072252916,200.516038010494,19.8428902220836,PASS
4.5804838603212,1.07246552173226,9.71927785750293,3.93737682530168,6.71481273590613,0.167221830711611,0.0648988676732331,184.864864864865,50.4956848212973,48.7528877147409,195.631701670369,19.6565219882709,PASS
3.52562912595357,1.09147264465231,6.28320636001571,3.95010434995075,5.49539910631968,0.1384806001947,0.0725105897347117,187.837837837838,50.8843514933936,47.1812327387174,159.275834802996,19.0733902935682,PASS
3.66019176629977,1.06834241372764,6.81171076938878,4.16741179498288,5.81351623635981,0.123651528053329,0.0538320551419451,185.945945945946,50.7956831164996,46.6345025872731,168.575769197735,19.2357202329485,PASS
4.92685300693833,1.01789872414483,7.09892568317685,4.32471206202109,5.29064655815272,0.173411055333532,0.0610491360788628,190.810810810811,50.3961106680687,52.1929355766487,148.834859358166,19.1478709515646,PASS
4.6741737273852,1.0719985852589,6.80866803932975,3.87785630197035,6.0228564921274,0.14736297516359,0.0422378149855956,181.081081081081,50.1142726799797,45.3212031019086,169.360388339367,19.5082316746243,PASS
4.43356034929026,1.11877960217597,7.70301796816612,3.83997106944968,6.60265617034431,0.165208183637672,0.0650175575792247,178.918918918919,50.1652247350618,44.1997748910344,189.1173790565,19.7100961364113,PASS
3.79305073309196,1.02731216788822,9.04759275759568,3.65692209455111,5.99284737497691,0.106286012194376,0.0450888376491413,192.702702702703,51.3197013612454,52.0442270379933,177.446589963336,19.1668476081052,PASS
4.09419042356225,1.13461056507865,8.40092412069637,3.74937850544019,6.69755988937284,0.177211936327749,0.0889011264463571,181.621621621622,50.5191289599838,45.4270651023597,196.000945086849,19.6429939165145,PASS
4.86720005996726,1.09276868206998,9.18030675285972,3.62473918624119,6.806603108262,0.171060407521077,0.0569895245558891,181.621621621622,50.1970623502016,46.8793175492814,195.504052667412,19.7714444067848,PASS
3.61856554344021,1.07706829356674,9.09753605868901,3.56629654622122,6.72606221813297,0.116270733643071,0.0528295372955228,184.864864864865,50.9424948816546,46.9205088545184,199.955160969025,19.5162141947597,PASS
3.56493554677048,1.05977970779591,7.20976716024028,3.59222806517154,5.12491802072534,0.141800518399553,0.0865163284675738,197.297297297297,51.4125392186638,53.7896198187921,150.456801317722,18.7897814861355,PASS
3.51511572445282,1.0786788386769,7.71757665296682,4.28214326563211,5.39609928055573,0.166036969372241,0.108058369806781,195.945945945946,51.4335231558246,53.0393959885078,160.305206914962,18.9211803234035,PASS
3.89158705093416,1.02690794624551,9.2849137292089,3.59356795324458,6.05008430495526,0.109442307894518,0.0450688266982759,192.702702702703,51.2847168031038,52.2637194109463,178.976319388767,19.1963111668657,PASS
4.64411537992962,1.0187115292954,7.72348748439037,3.98223035097718,5.44446798682593,0.155124339587005,0.0565808534188464,192.162162162162,50.7307720322133,52.8669885829459,155.507963948048,19.1222402130132,PASS
3.72961478262589,1.10546440657465,8.75251821986797,3.84160967845295,6.55392705785008,0.154158334030143,0.0826699217861279,185.405405405405,50.9118694540737,47.1897726387255,194.684193983719,19.4822058366781,PASS
4.2816664871184,1.13408705792501,8.50180981000022,4.13491045867194,6.95493900599663,0.17804867419776,0.0803949529848453,178.648648648649,50.1585312542658,44.2205233920569,201.816000946229,19.8333098635862,PASS
4.2753456508392,1.04347821529425,6.41444708867138,4.06969283841951,5.44257447151808,0.138331300511477,0.0495198278837766,187.297297297297,50.4820187787631,48.2500306566017,154.112740885394,19.165356174439,PASS
4.36044527354507,1.07847605099531,9.42407242169418,3.72587050143067,6.58787205483042,0.161203200106687,0.0689617915288985,185.945945945946,50.6853388679884,48.8086137905187,192.847462897394,19.5576566774641,PASS
4.68569068999196,1.04795820781824,8.84471767295712,3.44610772979899,6.21281287582585,0.144362794029678,0.0435972639546709,187.297297297297,50.6599617029158,49.9800907050324,179.058535964813,19.433849085522,PASS
4.78886096168031,1.04813850922448,9.0288029350222,4.27276088656471,6.39630496419476,0.164025321335236,0.0532420124317947,185.405405405405,50.4184239749692,49.235528422109,184.358020404043,19.5820218369712,PASS
5.28679877583829,1.07782431102497,9.27527323632715,3.6329127518831,6.67214489746064,0.178735229965978,0.0482523353236949,182.162162162162,50.0855894640973,48.0619287097113,189.703036577287,19.7641795261673,PASS
3.86386208354796,1.15822528387932,7.18109983941314,3.78099830619947,6.54003278910336,0.169305544502983,0.0861153892383495,178.648648648649,50.3843253972698,42.9863457591244,189.843188197262,19.6201406269485,PASS
3.75085257924285,1.09685423149122,8.60683213893629,3.6075181378019,6.92193291195986,0.124326966305083,0.0517396172083071,180.540540540541,50.5736037465734,44.5349925980096,203.527267910267,19.6827774308591,PASS
5.05444160560214,1.00588268349533,9.32341462563963,3.79583825365456,5.86555369291058,0.155918851901654,0.0413489372414163,191.621621621622,50.6816744575596,54.1719231559885,168.045700563346,19.30472913729,PASS
4.39994887082658,1.05750933851531,6.80978783598692,3.84060674307571,5.78306993293336,0.139133767443428,0.0454453348851295,184.594594594595,50.4227974693323,46.9838611983467,164.082662505584,19.3264857382697,PASS
4.24851968916628,1.12935584987085,6.38776372180056,3.53451794622805,6.38887452568259,0.14366185975927,0.050786688837923,175.675675675676,49.9661396103514,41.5466044698161,180.123226211929,19.6626984633974,PASS
4.28604375518555,1.07978861443104,6.66716849390941,4.18589635055174,5.9559659452238,0.147346611345585,0.0539390623158111,182.162162162162,50.2821309064728,45.2673518934118,169.11189263783,19.4359303317205,PASS
3.54230602839,1.08079765610901,7.70629428359085,3.80841018667897,5.95086340569508,0.132660427308525,0.0704041650911898,188.648648648649,51.1598650857833,48.4103883678019,175.84507546844,19.1983401178224,PASS
3.51165370491423,1.15505696784289,7.78450801080032,3.97616821503083,6.73479203424407,0.162493459865581,0.090947660770272,179.72972972973,50.6020176506894,43.4693593339951,199.315042619306,19.6270876602631,PASS
4.23380540854385,1.01474151626755,7.95162558119736,4.31972337461781,5.77413111280854,0.124917622329659,0.0406132178625188,190,50.8363404045612,50.7205239934909,167.116421881965,19.2290131889224,PASS
4.12409679988937,1.19335740079011,6.555996809818,3.59771619808298,6.97903789746682,0.16116555908914,0.0678486293970922,170,49.6067656393174,38.8306517070726,197.227922633045,19.9698090754915,PASS
4.43496628943857,1.07162032589012,6.0211268866732,4.16090690591753,5.80167493712369,0.139883281826504,0.0419546777023347,180.27027027027,49.9953789935458,44.164266366983,161.984745358936,19.4376259165637,PASS
3.6392761061582,1.02522896790404,8.91988705091693,3.58468229436501,5.86615277164021,0.098486444654741,0.0448175260203344,194.324324324324,51.4635883123264,52.6702895627825,174.254625416697,19.0787962055317,PASS
4.73032357570505,0.99715392595082,7.60163660463548,3.8216221384586,5.25918777693641,0.142052519902561,0.0432273245593642,193.783783783784,50.7151119103116,54.1788259721922,149.295913632043,19.0397658935801,PASS
4.45810163390581,1.12082888302167,7.29628738621024,4.3548793444967,6.46908677183458,0.174106963136237,0.0705334471026605,178.648648648649,50.0443253530078,43.9004618829997,184.338335061554,19.7058137839173,PASS
4.45109559662324,1.03720913529623,7.03215917988338,3.83151639429597,5.13917564574161,0.166378105314012,0.0756095978587994,194.054054054054,50.7583441086263,53.2286156719914,146.379544260049,18.9697123991967,PASS
5.39436402717148,1.0061322299986,7.92858115614811,3.78474883180513,5.42815998584576,0.172593720632539,0.0436195791077246,191.081081081081,50.3667509452442,53.8563376560424,152.011417672958,19.2156735021384,PASS
4.44593773535339,1.06516408394791,9.80347374431114,3.82593294753196,6.53735898714042,0.163651529153637,0.0691125111868914,187.567567567568,50.73290598115,50.1280703916565,191.554567503553,19.5280476889962,PASS
3.88618367109645,1.13819352495272,6.89658787909298,4.07844006802977,6.69627783166318,0.14544776361355,0.0608974756787323,175.135135135135,50.046146756796,41.2901332022783,191.972943250328,19.7604757421341,PASS
4.59358566176682,1.1368029407428,6.58702486126052,3.53847880484596,6.40272300818757,0.161019003841287,0.0565461810526157,175.945945945946,49.8564354436728,42.1477960882097,179.588973642415,19.7088842956651,PASS
4.26207679348992,1.01862942290638,7.10812895585607,3.99167424738342,5.40316294257986,0.129071499627398,0.0448139182183168,191.351351351351,50.7750459725926,51.0493146264145,154.588845231297,19.0806355672986,PASS
3.92935737612952,1.05337438856186,9.15168771012795,3.9085436280871,6.05398679487616,0.145305988743672,0.0746281283671527,192.162162162162,51.2119882538466,51.8974796164545,179.448681755595,19.2285464068663,PASS
5.24607112294977,1.0789720602176,8.65613800127148,4.09538129873962,6.71762145681214,0.174898042215638,0.0441376636398214,179.72972972973,49.8648111972195,46.2179021535027,189.947369963622,19.8517827953146,PASS
3.87922419702509,1.07498180002047,7.56573937310223,3.81224775027498,6.26757363365574,0.124609097281701,0.0482038574000013,183.513513513514,50.6800242514073,45.8279484274705,182.066915828212,19.4392953709867,PASS
3.7749803937335,1.04866318956893,9.4498590722616,3.7393046357681,6.00785789630432,0.135441374001291,0.0743278711661959,194.054054054054,51.4087898048362,53.0365240718915,179.291259141527,19.1529754710843,PASS
4.65237842888216,1.00024413704429,9.69043681211241,4.31229752175211,5.94847737995354,0.148652320780005,0.0502950736848073,192.972972972973,50.8848502561984,54.4288957887643,173.136707615089,19.2841053981184,PASS
3.98184071963919,1.14487109990096,6.07797354856075,3.77845035091714,6.22652324370589,0.151717784063027,0.0651459198042659,176.216216216216,50.063403709002,41.4901723497073,176.402018881138,19.5746981351794,PASS
3.84664062328393,1.09627530537594,9.26780415204374,4.18672745614427,6.72931627285508,0.157338462128824,0.0808938036921522,184.864864864865,50.7767492106173,47.4134237546847,199.843058120887,19.581224256289,PASS
4.72473462628686,1.02358043240051,6.50950719913329,3.87771387522179,5.14359952175796,0.155357158840639,0.0534115618164824,190.810810810811,50.3886611333137,51.2896672612584,144.038570535558,19.0597903894215,PASS
4.70148290991472,1.1020436760071,8.96450512840829,4.04338622164429,6.85790647786154,0.177404772742251,0.0666872741036114,180.540540540541,50.1393366341616,46.0245013248753,197.578219049598,19.8110344807448,PASS
3.52941334383915,1.06704625971358,7.57379160323302,4.06901265956739,5.78900819456252,0.129023445350529,0.0678131071768858,190,51.1844561704478,49.2498766776713,170.765815833377,19.1327521807489,PASS
3.86699016979557,1.12217332547562,7.77161997060793,3.42422306862896,6.94217081047698,0.130330061118701,0.0510423829268464,176.756756756757,50.2772999160872,42.2882010356525,201.338850701781,19.7692243315609,PASS
4.11769195700239,1.15275046084159,7.62193669139278,3.69314663742283,6.83584573338337,0.166671473578809,0.0755685067522556,176.756756756757,50.1512385383526,42.5468817379902,197.270192288259,19.7845791136443,PASS
4.34408902844808,1.0905547379731,8.12730512560877,3.77097417573514,6.26065746126389,0.165132226404657,0.0716758296502973,184.864864864865,50.6154258395832,47.5869087754069,181.35989986041,19.4688582577367,PASS
3.7000788183482,1.03987817975707,6.99871176462328,3.88826826787952,5.11980375292617,0.132472559979363,0.0708789608561047,196.216216216216,51.2049202854122,53.1187138203527,148.919205980538,18.8389110891387,PASS
3.90742007945553,1.10077135942268,7.94850252661358,4.36546767586637,6.9620462773542,0.131088659992776,0.0478113918753408,177.027027027027,50.1361679424771,42.7134374799513,201.659639492426,19.8330595850645,PASS
4.43986216990498,1.08293761371281,8.63132427326342,3.58155811244254,6.42347607623356,0.158116577983501,0.0627183494607382,184.864864864865,50.6011436118718,47.8677696953782,186.25663734962,19.526362546026,PASS
3.73400246801821,1.18020711503088,6.48434068804225,3.64276566121031,6.42927849298988,0.167688123061787,0.0872365836960532,176.486486486486,50.2889888219595,41.5246763156705,185.644626191072,19.5949129045795,PASS
5.07517918984458,1.11761951318848,7.36040141227815,3.80827247012814,6.55581298106161,0.174264460333103,0.0517437884758111,176.756756756757,49.7364708765839,43.6368159431445,183.447641859388,19.8211977067675,PASS
4.82458621502585,1.0374020700212,6.04804544994673,4.0797075261207,5.14603690597435,0.165834178455077,0.0578450415619869,188.108108108108,50.1154287065584,49.5028728219777,142.689848750812,19.1277429781791,PASS
3.66313203898142,1.15778764630476,7.38629977329553,3.99648836450949,6.92922744366529,0.152415823930027,0.0742081883745754,175.405405405405,50.1818455135113,41.3371550839931,201.714174139123,19.8014068194545,PASS
3.90249013146223,1.07120193437708,7.96835227025609,4.17217790672374,6.59882163041779,0.120338828829388,0.0413242715980169,181.081081081081,50.4826873382857,44.8715738295864,191.835833039825,19.6145808419184,PASS
4.60701934000219,1.02770021501977,8.4464696908045,4.35576595013328,5.77294930152106,0.165332373867649,0.0651057725643075,191.081081081081,50.7562952408374,52.3272049607457,166.685014747343,19.2596108798946,PASS
4.0647812712202,1.03863078105977,7.43550001462296,3.59981137716016,5.23654260899417,0.144571213000435,0.0712496534506681,195.405405405405,51.1217702797004,53.6413519964239,151.601277432508,18.9169322936665,PASS
3.84180112221557,1.06780942682938,8.72670175741173,4.25541168415816,5.82348985346687,0.168486094797776,0.0987517903307777,193.513513513514,51.2769355766191,52.5557440771691,172.985491066428,19.1350263558284,PASS
4.03233541756618,1.10038700887501,6.03990458309769,3.7201556332507,5.45282749534101,0.159235294356723,0.0761325630373049,185.945945945946,50.5198878679628,46.7082315879427,155.044652653129,19.1457535053891,PASS
4.6205440498905,1.12484373177666,7.53302157365044,3.58230605602244,6.79252839362823,0.155654065040693,0.0499449072093744,175.945945945946,49.882373225794,42.6346423833582,192.389234643653,19.846829411445,PASS
4.19769421403918,1.0663083461894,8.5692591692757,4.13154574791723,6.5745404451129,0.137410900397788,0.0491486687521582,183.243243243243,50.5181506519483,46.690661170786,191.259007330821,19.6028739225147,PASS
3.79801793742177,1.09137179732775,6.21885980989421,3.91365640355675,5.23967664287716,0.162163169216385,0.0885415432719694,190.27027027027,50.8173547818295,49.1132655431639,150.691702279062,18.98313788338,PASS
3.74775966654515,1.05628435194762,8.5738508921103,3.91209098380636,6.25273299375082,0.120924275512665,0.0536975798137437,188.108108108108,51.0458512596133,48.775757105725,184.702687857462,19.3394470931846,PASS
3.74722963061428,1.07629834489774,6.61429696023849,3.6666643909178,5.16319654137064,0.155039382733597,0.0876894024582788,193.513513513514,51.0713777937606,51.2714365839301,149.623543700055,18.8875997639099,PASS
4.59449765785779,1.09519460942864,8.35477203260903,4.22613418985774,6.66350249256115,0.169245747374081,0.0625755009810018,180.540540540541,50.1656435315759,45.6472847133703,191.465019703239,19.7411567456194,PASS
3.84098388440271,1.07087556462672,6.86972196010709,3.76431281355592,5.48868434865166,0.143798064630161,0.0714768171422197,190.27027027027,50.9576120413958,49.3804877868863,158.984663330564,19.0625184091941,PASS
5.04950017868685,1.16782694993325,6.60759564356475,3.70022737409605,6.9040125173531,0.167703785490094,0.0467921976139412,169.459459459459,49.1741110265016,39.5219990344972,189.867484868263,20.086749451758,PASS
3.60020781622898,1.08344887381184,7.64971525484063,4.38300110643351,5.39558605523004,0.176147508562233,0.113635865437031,195.405405405405,51.3524433293283,52.8430439161911,159.841051205295,18.9443541577442,PASS
4.52313052996148,1.02821015178858,9.50386363953822,3.70124404894291,6.24439690926195,0.135367444553017,0.0423711756234563,189.459459459459,50.8294107453318,51.4989034633093,181.752945466961,19.3976420838296,PASS
3.58919703035292,1.09977459393184,8.8316746578873,3.89896391246921,6.9653388445722,0.127766959702516,0.0597836523953767,181.351351351351,50.6448156205307,44.8288747083253,206.455314603815,19.6801898519192,PASS
3.57186035222221,1.07502837944148,6.659263669821,4.00388784235833,5.36859933064986,0.141336424353104,0.0773516174027807,191.351351351351,51.0687780342326,49.6004040554966,156.377824146118,18.9818430299748,PASS
3.53726846954528,1.06945285596609,7.69911571625395,3.85299837671846,5.86490675100069,0.126589930649289,0.0658163348659249,189.72972972973,51.2006990075168,49.0406543198361,173.191175905052,19.1542901589229,PASS
4.39431666301891,1.12982802746296,6.30742169920474,3.73604672815599,6.23770986450567,0.156727743634872,0.0583127276104229,176.756756756757,49.9384385492348,42.2427075426451,175.227347748657,19.6233947405556,PASS
3.67598855478775,1.12510878746195,7.3008741019887,3.75658289519037,5.93755770335162,0.169380534812014,0.0978249625380997,186.756756756757,50.9865330277792,47.2795019458847,174.639442413346,19.2423800072926,PASS
5.26368525626032,1.08360261128327,8.92244294807349,3.63590938467535,6.6739770149737,0.175594820419581,0.0462409668161582,181.081081081081,50.0182785345798,47.1506958268322,189.202536740216,19.7849073133996,PASS
3.51288982040331,1.06264892467011,7.11759367725712,3.44732381005052,5.81364100253976,0.10565568470245,0.0457749207951152,187.837837837838,51.0976368905036,47.555349283855,170.071471241106,19.1440647414934,PASS
3.64292493211444,1.08278346613361,7.56341557148974,3.88940542833661,5.24542900468646,0.176150414824091,0.115317670935002,197.027027027027,51.415009978186,53.9224731574168,154.934345609982,18.8562723928372,PASS
4.09359770635479,1.17845826360712,6.40893487174646,4.37842216379426,6.7600849404092,0.166723057278312,0.0719693511639348,171.621621621622,49.6168015356247,39.5743063964168,190.850314602196,19.9075238784013,PASS
3.93442708448728,1.06405145513913,8.65786952167999,3.55425230563897,5.75418028340558,0.155936894783883,0.0866804311795633,194.054054054054,51.3224639323453,52.9087865833126,170.032481204335,19.0846267095771,PASS
4.17099333454277,1.06291233640707,7.31352862506549,3.73857137154148,5.21965130270968,0.176671196649511,0.0961221874577139,194.864864864865,51.0241391813272,53.4056547163386,150.82996382209,18.9409901296269,PASS
4.39126440710455,1.05800387290843,6.73738016969724,4.34403573984143,5.9168650949165,0.140143891480983,0.0438308089671793,182.702702702703,50.2493517512445,45.8032472503517,167.562879940812,19.4337670375193,PASS
4.55377537957595,1.16870364151435,6.06382498345966,4.04872458679296,6.82251132209799,0.15470198702148,0.0485840334631719,168.378378378378,49.1710577161046,38.2731764839446,187.950047151533,20.0448616071353,PASS
4.01175145480763,1.05374427019427,8.89099643772789,4.01235032093765,5.95857873401116,0.152822706574843,0.0778736101851868,192.162162162162,51.1532718379097,51.9513268239267,175.886156695903,19.213230367599,PASS
3.51283282535912,1.09100899048026,7.40073846883837,4.22684477380177,5.51579356640259,0.163666812185847,0.102176504974913,192.972972972973,51.2921836562687,50.9232810421982,163.243261918575,19.004037584638,PASS
3.89926651347408,1.15434696127503,6.29303474129814,3.52654620812758,5.98910158856754,0.169434951697287,0.0868082944873447,180.540540540541,50.4547725653769,43.6787575872498,171.951867626929,19.3854531550129,PASS
4.83141724206264,1.08634606439163,6.44023860919052,3.74346692199471,5.81610426282545,0.163739255924685,0.0532783416179048,181.621621621622,50.0304684270502,45.5714968509103,162.238860666454,19.4455920324565,PASS
4.15476318293597,1.09189606427537,7.3153754249017,3.77468961146542,5.84064486364621,0.165554847165619,0.0794587510954157,187.027027027027,50.7514083790184,48.1473672782534,168.810127071969,19.2709109477036,PASS
3.72915136877238,1.0677328166346,7.37465194558666,3.81451142150609,5.85006379977494,0.12828149983282,0.059492095028202,188.108108108108,50.9940231673279,48.1770806112625,170.875398184492,19.201396238442,PASS
3.89384622313672,1.09027109805966,9.99901249830129,3.47585028082358,6.58157260484568,0.159416038431724,0.0883552739728652,188.918918918919,51.1154854802705,50.1547046156372,196.77299207413,19.4266434780388,PASS
4.62860995158204,1.14623718117289,6.57208479376192,3.57470201998905,6.51967221493382,0.162578607876406,0.0563005814031432,174.324324324324,49.7382400063873,41.425548324127,182.388163893671,19.7859574262964,PASS
4.24028730318949,1.02554717392262,7.05004332469414,4.3062656851306,5.16412229389794,0.154785023404489,0.0707697148134282,194.054054054054,50.8312916382373,53.0369151843971,148.012004235694,18.9683667073541,PASS
4.06565226158681,1.02804839923571,7.80600880149605,4.24722928927241,5.62916628682277,0.133631551510123,0.0559806915658572,191.891891891892,50.9868725582084,51.4151467273603,163.662935605245,19.1299331539438,PASS
4.47421465859143,1.06312978536672,8.63540863652558,3.85338995045702,6.38815822050534,0.149508545864114,0.0527964356629006,185.135135135135,50.561860770156,48.1464785982652,184.867425069446,19.528535062997,PASS
3.64262553786635,1.067094675264,7.58431393878794,3.98626000688257,5.93681416467144,0.126395390259546,0.0602783111865696,188.108108108108,51.0354499631496,48.1749163909391,174.294250289433,19.2266987298592,PASS
5.34419526960479,1.06195501936066,8.80625153841021,3.41105236626708,6.22139865333503,0.175989903675672,0.0463765226476489,185.405405405405,50.2848886981208,49.9506534236586,176.167847504868,19.5496729755291,PASS
4.28547523467125,1.07019170871608,6.60470855180137,4.17958757852406,5.67117464296056,0.153927840014053,0.0619487004886359,185.405405405405,50.4370731258606,47.1297001503063,161.225769219797,19.2820814192331,PASS
4.58254711553692,1.05843159746385,6.1705531229136,3.49340427340682,5.09130228116488,0.165618050932359,0.0688205040602079,190.27027027027,50.4117774049923,50.3911939839115,142.589109138985,19.0158236686058,PASS
3.5747215118673,1.07372401416716,7.32580875316813,4.08774970284347,5.81469413675492,0.132093644180996,0.0673275573973224,188.648648648649,51.0566340795374,48.2754020172037,170.711719104073,19.1744159994124,PASS
4.61248105810556,1.04776714251843,7.69897801233746,3.53170144109251,5.35881178602658,0.174831716577506,0.0786067020003529,193.513513513514,50.8421788587564,53.5273142921283,153.37978148653,19.0514049917721,PASS
4.84286839867181,1.12230944360943,6.06368402787648,3.45674737049363,5.82564816111812,0.173905371342341,0.0630877684299664,179.459459459459,49.9021669574226,44.1767439332106,161.584630873345,19.4720430496324,PASS
5.23667823626511,0.998127046180678,8.02847652721364,4.0801422454583,5.38432272648708,0.173807730594214,0.0505646637873155,192.432432432432,50.4638423069523,54.5765611919685,151.686048806691,19.1740357719645,PASS
4.7379033563872,1.08321300254383,7.40076886487439,3.6098238340583,5.99643991730681,0.167015835341435,0.0602322637707383,184.054054054054,50.3638330773647,47.3732382404467,170.238134353418,19.4378600477613,PASS
3.98656290519929,1.15201491270298,6.70250619299453,4.21898868143666,6.59777744346839,0.159778159539329,0.0706093019005805,175.135135135135,49.9768671445272,41.3019388649622,188.38517298505,19.7501843062886,PASS
4.21559010929268,1.0690507266206,9.25193561293062,3.47572043800291,6.12438809833724,0.161781790422156,0.0799693289655034,191.081081081081,51.0844891270537,51.6571879770921,180.274058222011,19.2853045811876,PASS
3.88391939092835,1.0411853807512,7.77018678147015,3.60778833680118,5.48388404498042,0.130448220488929,0.0633766652714636,194.054054054054,51.2362103809162,52.4682172423051,160.259858576754,18.9937124105356,PASS
3.95826475091431,1.03098003247028,7.46197473445117,4.21008730733376,5.17635611592383,0.149901397274383,0.0790303522099859,196.486486486486,51.143648221009,54.3291910020193,150.46631982476,18.8944027942537,PASS
3.7272325173023,1.02635437628094,7.23351996706787,4.03390155506498,5.13105354512506,0.126825746704796,0.0657333879248252,197.027027027027,51.2392252663678,53.8850278584677,149.470520499185,18.8396055842065,PASS
3.95774444624175,1.05880520990848,9.73438458161825,3.95276394840998,6.56241829648611,0.136963698385059,0.0627297062497503,188.108108108108,50.9585768019747,49.6849653450955,194.704689926913,19.4689027221236,PASS
3.9890692451451,1.10727110986195,7.85592596575139,3.65144093226674,6.57175890218775,0.143705521069775,0.0613321712855307,181.081081081081,50.515242232409,44.7119187412291,191.046259497574,19.5922652076184,PASS
4.18309150184675,1.0870942126638,7.3203771308923,4.17147156545932,6.24440895427103,0.148084489633717,0.0578631777558673,181.891891891892,50.3933385858926,45.3394720271835,179.437609221242,19.5197526957244,PASS
4.94160968876735,1.09177730904813,6.25649826959256,3.70431893269636,5.87678306850541,0.161719470519628,0.0476088957150139,179.459459459459,49.8515150566848,44.5309272194974,162.758925913302,19.5138804917062,PASS
3.86081457552096,1.05329239855726,9.70237415556328,3.70081386038349,5.87089194115416,0.155806366637822,0.0932648190137704,196.216216216216,51.4880096110063,54.892242339039,175.427170954396,19.0820167780818,PASS
4.21084121804197,1.0705655467349,8.56379924772647,4.33961985783143,6.51117922929897,0.148646523609882,0.05870112307842,183.783783783784,50.5380784937591,47.1048176819083,189.690158523238,19.5819370709125,PASS
3.66696141106714,1.15891082220572,6.39640749044434,4.33663880256536,6.20664483994239,0.167439124770054,0.0881209960978801,178.918918918919,50.3424481972146,42.627807485697,179.205530962589,19.5090369688436,PASS
4.19584801297639,1.09801886802182,8.05437116211796,3.90016346338636,6.86680886434322,0.13693725363258,0.0461597637430761,178.108108108108,50.1666334688648,43.5474740373466,197.845068441954,19.791394294697,PASS
5.19416201989158,1.14005124763627,6.21058442884533,4.09042385720544,6.35592477565039,0.179339307399609,0.0529779681568892,173.243243243243,49.3072651830047,41.3868327375736,174.00389825268,19.8619363030049,PASS
3.75695494123367,1.06072352629366,8.80616851341285,4.26853797811062,6.64759016466318,0.117860039887887,0.0466365973030317,184.324324324324,50.7499118440476,46.7574619092715,196.108851172263,19.5575979017421,PASS
4.10109504157296,1.15548503467087,7.31889010309459,3.99640104783132,6.5813322079128,0.17886126639387,0.086933598067336,178.108108108108,50.2230611050827,43.1957373222694,189.855355828493,19.6850425450136,PASS
3.74471174687633,1.09769958050148,9.25374083630016,3.86136678395339,6.22956635302327,0.174122411910364,0.106432288906821,190.810810810811,51.2607976143226,50.7839380058188,186.686283366331,19.2807189256112,PASS
3.64829371746425,1.10451994382347,9.02748061829343,3.56233488813656,6.05712531159511,0.175177075962178,0.11292897651967,192.432432432432,51.4304611151672,51.4413429578569,182.032780380552,19.171819102486,PASS
3.74671274335338,1.07035665760927,7.72559519640141,3.99281172478165,5.5157742058731,0.158701726740077,0.0923322427715261,193.783783783784,51.2638699267511,52.0365116970409,162.412470127858,19.009449319566,PASS
4.07908880878233,1.12741305891991,6.07085141367854,4.29873414977421,6.16621557929916,0.152302554399634,0.0616414200166653,176.756756756757,49.9531697022626,41.8880437427683,173.928954434619,19.5902571023116,PASS
4.87166097523816,1.05268516053057,9.96292218321462,3.94420525182658,6.84350183398338,0.154916191732546,0.0416485149404415,183.513513513514,50.2728389328493,48.5601471614521,197.548546627813,19.7606943247345,PASS
3.74299644368884,1.10627397376818,9.39965863333196,3.45113497346892,6.67202265155676,0.153902750370596,0.0851426302484637,186.486486486486,51.0239198857272,48.0377424229545,199.38051875991,19.4823030609396,PASS
3.6855188224577,1.07541099411829,7.32470066964624,4.269831345568,5.92168324619429,0.136257616596956,0.0658609117361175,187.027027027027,50.8965437973324,47.5067604751874,173.151468302648,19.2612058028747,PASS
5.19940239669714,1.03265487271049,7.00592087990704,4.14505810604073,5.51380570497728,0.174872562863851,0.0510373581858711,186.756756756757,50.1383272815674,49.9652561329266,153.729107970351,19.3128380441704,PASS
3.82424971191817,1.09907680124828,8.29135842056045,3.53404221853717,6.21376812502705,0.154118738215159,0.0817190372277553,187.297297297297,51.0343109150393,48.2541731102782,183.499346584493,19.3297539726431,PASS
4.01359498681864,1.07210990165371,8.61180476289636,3.92978604627652,5.75490417948335,0.176951454216134,0.101406627313937,193.513513513514,51.2242064727931,52.8099706250792,169.874353524632,19.119918832404,PASS
4.98949761924961,1.11896793072734,6.52305607381979,3.84916960832898,6.36487524335443,0.163890043476148,0.0457894197281031,175.135135135135,49.5875478340019,42.2704960750997,176.167363208363,19.7822434657306,PASS
5.0573681144007,1.1116506561831,6.14727720463153,4.08221515393066,6.17159869373966,0.166169135299543,0.0456648242682264,175.135135135135,49.4811359310635,42.2723904268439,169.527141294382,19.7377819796692,PASS
4.6380801368102,1.09502854035021,6.40851466586905,3.8714799713349,5.94834236534775,0.158941614929793,0.053932232064271,180.27027027027,50.0224684642338,44.5085513922667,166.559928123274,19.4981597741697,PASS
5.10026495317824,1.01048247210367,8.28352402152142,3.84930100880104,5.51738670416903,0.168709678934326,0.0519062866873181,192.162162162162,50.5883753793127,54.1283294422178,156.471430490854,19.1943377890244,PASS
4.84374131175821,1.10887823473156,7.88576568078027,4.15827608523154,6.86217917752309,0.164343990826537,0.0481948484591536,175.945945945946,49.732101484768,43.2693912339963,193.929430896419,19.9303067623381,PASS
5.05741293332622,1.13085081069269,6.71010585693003,3.4717797209245,6.44020236147057,0.166002607338721,0.046773816680571,175.135135135135,49.6367805591619,42.3811865175122,178.564090473501,19.7919257258465,PASS
3.83895211584549,1.09462271502431,9.65898232779879,4.0884926789714,6.64920717283252,0.165103489838126,0.0910879777500934,187.297297297297,50.946638595942,48.8932544414191,198.593525189551,19.5064582971305,PASS
4.48998438553728,1.11853096990178,6.88840710152881,4.33668152507366,6.79640548316722,0.146094329947249,0.0420300393766312,172.972972972973,49.5759948367982,40.8419310929083,190.66502882322,19.9399685021994,PASS
4.92784758392625,1.02768695853206,9.80316300002246,3.57441833585816,6.03499864552873,0.164839115566867,0.0556724882354792,191.621621621622,50.7874569231852,54.0297680568971,174.299142370824,19.3342135196728,PASS
3.91895530764134,1.08391439206792,7.14003781304918,4.12185640827102,6.19711332178502,0.134073751837006,0.0534892496318821,182.162162162162,50.5159783059568,45.0517825240163,178.875508712054,19.4614186822845,PASS
3.81537902949682,1.07572054631489,8.81477269775047,4.03352715289639,6.78775998002733,0.124161390591585,0.0499131826664044,182.702702702703,50.6367563972149,45.8999265717072,199.769775766045,19.6307996932558,PASS
3.69104163838911,1.15373518167144,7.24353904032034,3.66045937318542,6.7810180738604,0.149431740051156,0.0721624183343991,176.486486486486,50.3094183609331,41.73674153057,197.274633608609,19.7127971256011,PASS
4.33210843799414,1.08487541795921,6.79873515069047,3.91264359923926,6.22764770814322,0.136856772126461,0.0423904314438919,179.459459459459,50.1545924710311,43.866361047314,176.414373836343,19.5684011316768,PASS
4.7543813335454,1.09220687298547,6.39830732333922,3.46029286378416,5.6074929370689,0.170935703144733,0.0646936155072469,184.054054054054,50.2207024616866,46.9403794202841,156.996706941264,19.3035746589545,PASS
4.19402051495477,1.0154178561757,8.06494624442114,3.78608022579779,5.32736334568514,0.137530296993927,0.061451544216667,196.486486486486,51.1506269926316,54.9681967522074,154.584372032887,18.9547610371797,PASS
3.8164988376987,1.03092103669693,6.9668018206451,3.81637923407542,5.01433696060487,0.133697598695276,0.0695348698466163,197.027027027027,51.1549433633939,54.0591474635756,145.132776665309,18.80200362475,PASS
4.41483756726182,1.04062349630044,8.72134041914263,4.16794933320451,5.65716720316105,0.178314796278703,0.0877835999273641,194.054054054054,51.0149947624952,54.0927559394162,164.90101172506,19.1410246496879,PASS
4.24173206379714,1.11887886263616,7.34171059129475,4.26749586376505,6.32981961280288,0.173199076387644,0.0780677249384422,180.810810810811,50.3025614589941,44.8631589552694,182.005614982397,19.5811088385921,PASS
3.7221407716328,1.04234646275565,8.70458828896001,3.81030972016292,5.74877308111863,0.129147115386693,0.0694468749776361,194.864864864865,51.4173845227859,53.0615198053403,170.621138543939,19.0560832751896,PASS
3.80507248236953,1.06945978720208,8.69067581392988,4.3687128877971,6.13233138119755,0.152412659844034,0.0809384076414448,189.72972972973,51.0827587024149,50.0201139162183,181.873788583914,19.3000843857443,PASS
4.45149953167814,1.07346661900994,7.89271649622364,3.64752095492242,5.91299453522648,0.165498320915668,0.0708124352633152,187.837837837838,50.7215245010728,49.4491321478351,170.476931012076,19.309808812761,PASS
4.38819831100017,1.09636346562624,6.46168087957931,3.67728247586094,6.05143857507209,0.144517432177049,0.048763356117581,179.72972972973,50.146156758333,43.9296745205257,170.587980289851,19.4966456258151,PASS
3.91208530009903,1.07629434124997,9.91106732882931,4.28863687396149,6.51923133367242,0.165107453888762,0.0902621609290292,189.189189189189,51.0234292548864,50.4346234191715,194.783000277322,19.4447380440712,PASS
3.96305444984709,1.02421834245204,6.11997791614774,4.26854474296528,5.08384648766219,0.125937747078697,0.0499137162543971,191.351351351351,50.6428890285139,50.1737751152942,144.406824367815,18.9522481013813,PASS
3.80264134061301,1.11327090396684,7.03179221154644,3.66807759780817,6.49483303958378,0.130793735612398,0.0529734689124307,178.378378378378,50.3865028978918,42.8010721765096,187.452259590172,19.5907663201354,PASS
4.21677930338696,1.16091361150524,7.42260239833009,3.53464443562995,6.88751715433764,0.165349116920592,0.0711195522871489,175.135135135135,50.0080553282659,41.728221521049,197.426244990615,19.8381474540695,PASS
4.23265604941284,1.1301803443603,7.55378700745407,3.6870421044308,6.40309733888506,0.172921311634966,0.0801836790518164,181.081081081081,50.4203204995678,44.9704511821917,184.823889634737,19.5678061164461,PASS
5.22437469963464,1.05202910628552,7.11034582567914,4.3158461699738,5.95450660438962,0.168687050653572,0.0416033972770365,181.891891891892,49.9101240973882,46.9083769622999,165.928949424375,19.5602240792144,PASS
3.83352691273806,1.11270054301848,9.17740316250773,4.07306955841114,6.81053969373566,0.164508089900209,0.0871168630219045,183.783783783784,50.7171355492472,46.6686771006847,202.244042216028,19.6230450496077,PASS
5.23381422327444,1.04013538288686,8.2619789566936,3.67697474104631,5.79970748860353,0.177698222581965,0.0532985682742187,188.378378378378,50.4157333424642,51.6446211807731,164.003297847853,19.3575532385406,PASS
3.71508469264391,1.0855310853537,8.15095066827091,3.45791115227536,5.35512587771399,0.17895878638795,0.119122394024464,197.837837837838,51.5440153658728,54.8474182775345,159.009877915341,18.8675563809394,PASS
4.33294691737512,1.12273832188411,6.5294000050537,3.78477527787755,6.51150016746552,0.142666841672269,0.0461981965414496,174.864864864865,49.8343515600239,41.3049462045764,183.131752724936,19.749910536156,PASS
4.13735570014231,1.10342747136631,8.93535529969478,3.40246536597724,6.59184690977461,0.159692032731782,0.0754129608819125,184.864864864865,50.7570538613697,47.4685971884258,193.594076930109,19.5338283948447,PASS
4.51705558823712,1.09217588152921,8.54340923610933,4.00828725146791,6.4514836670452,0.176096967349224,0.0742294162142212,183.783783783784,50.4583111831834,47.4879786419019,186.707727841884,19.5851785978887,PASS
4.28373407746556,1.06306982552902,7.85968264181819,3.45413677400834,5.70566189243841,0.15529732157868,0.0701848186218658,190.540540540541,50.9492335028084,50.94400059791,165.234908375493,19.1630804267631,PASS
3.8257831590761,1.080300088623,7.60171653531127,3.95623893735752,6.01713912526217,0.142033599923465,0.0678873220199191,186.756756756757,50.8911165494096,47.675108539914,175.886286545375,19.298519378391,PASS
4.7776476626951,1.04749706556432,7.91740805905489,3.61804352796751,5.98855689725725,0.147886089249176,0.0421809018976299,186.216216216216,50.4890750226092,49.017902467203,170.600754145432,19.4018414921461,PASS
4.03218335960144,1.07081857721678,8.39707502555609,4.02369860239257,6.51835904820912,0.133022706527245,0.0511853434050494,183.513513513514,50.6260804910318,46.555239290657,190.245222697437,19.550498012703,PASS
3.65176429328317,1.13941016642511,7.85765035915307,3.85283183651319,6.23091927372629,0.17959115737601,0.107444870228388,185.675675675676,50.9757296240466,46.8819955949567,184.824983187537,19.3595787295611,PASS
3.50180289463555,1.09310878003787,7.27784924317361,3.44963639883585,6.20889231164789,0.117647134122275,0.0540938903506675,183.783783783784,50.912538830268,45.2609412812549,182.146100497144,19.3439222070752,PASS
4.52449474029848,1.16759813531986,6.6407402284826,3.70872295271058,6.67784392802276,0.170978463484457,0.0660746130829175,172.972972972973,49.6710126015243,40.7327456885281,187.429461303631,19.8616618186844,PASS
3.6111732089558,1.14061915340816,7.15618973508441,3.64484214476146,6.68216175517597,0.139688720053888,0.0660238114238331,177.297297297297,50.4045459352181,42.0311730847954,194.615968958201,19.6502155524776,PASS
3.8857292763178,1.06035972169308,7.66701732744087,4.26259206652773,5.56787121401794,0.157166684202963,0.0841147184577781,192.432432432432,51.1001695707266,51.4454953166654,162.992891258713,19.0773829672914,PASS
4.58424730531693,1.0428594925124,8.25665058998866,4.0539860037154,5.96705005325204,0.156067107604471,0.0562543355706177,188.108108108108,50.6495952821654,50.1798571787231,171.827540701062,19.3573753465527,PASS
4.81128763143264,1.12552052529631,6.28700358602253,4.02584358391785,6.09672653738691,0.177116361707543,0.0638212932266341,177.297297297297,49.7528013152034,43.1611836476757,169.502341939693,19.633991092697,PASS
4.43097754533223,1.12988092279493,6.25623993311308,3.57923097921183,5.8685911666466,0.173861544939231,0.0754057111069357,180.810810810811,50.1861818392944,44.4792216844531,165.431758550155,19.4151543524302,PASS
3.59241145540517,1.02338693623907,8.4055931657517,4.17233012721479,5.55596044625636,0.114192948568601,0.0602160665035294,196.486486486486,51.4684842961848,53.8282431263522,164.822293188628,18.9689158131376,PASS
3.52455208414545,1.15610162854776,6.08142840724313,3.6930597064185,6.35317097537132,0.139820555819545,0.0663972956161294,175.675675675676,50.253275190294,40.6626144520538,182.679776474239,19.5631263234037,PASS
4.0598203189033,1.16262299274732,6.1218727726398,3.78977664211881,6.8684311087463,0.137556274480038,0.0472505793647456,168.918918918919,49.4806683662847,38.1184336532369,192.091364142318,19.9605755854112,PASS
3.59232933863262,1.14035851117624,6.5012272810541,3.59722946541483,6.87766377470413,0.118560884113424,0.0440213454660214,171.621621621622,49.9488245634117,39.0950866303191,196.779887771171,19.8245375948934,PASS
3.57300617956212,1.05231352536139,6.87603077241084,4.23479366943166,5.1075432755801,0.142340241277428,0.082616595693399,195.945945945946,51.2155125180706,52.7734483993434,149.11721414771,18.8360319882472,PASS
3.8658368428089,1.15501735092658,7.69879684265056,3.70838238540691,6.83654032255636,0.163418744045334,0.0806272729123509,177.567567567568,50.3225804704889,42.7037327369766,199.235238338996,19.7357552472214,PASS
4.12817482951846,1.0969164860436,7.9126808935885,4.14582628881602,6.08356648784897,0.175804362641912,0.0885598793239253,186.486486486486,50.7541418197148,48.2013779584441,177.367124248737,19.3724231958495,PASS
3.99923761532268,1.11083025453384,9.06883643158631,4.36396701492273,6.70628238122662,0.177457311603946,0.0925875520804026,184.054054054054,50.6465388550581,47.1067512365675,198.233995258168,19.6178127624487,PASS
3.6339414430817,1.04789120144652,8.67904590054975,4.13286097374811,6.15803225614441,0.117158271720961,0.0551848852776947,189.72972972973,51.174918948318,49.7441661321448,182.825603476441,19.2738474799302,PASS
3.84455023815682,1.12630620158756,7.34921328213538,3.50880731487635,5.83674338559833,0.179295908158579,0.103582597028139,187.837837837838,51.010362787609,48.1999111375998,171.112346207713,19.198398301227,PASS
3.73972237099557,1.03445185483864,8.43414690499294,3.66411892062363,5.53213680146998,0.12497635828332,0.0668728590679797,196.486486486486,51.4611303066465,54.1333576741891,163.520091363671,18.9560028698404,PASS
3.86758155940438,1.15320700137272,7.71511189101024,3.71125717838357,6.63678616364852,0.17222156291328,0.0900496033935955,180,50.5004455528786,43.9096363549224,194.127965575703,19.6229942177494,PASS
5.35994777849768,1.04840855843352,9.45756046466628,4.24841307515417,6.64026794489354,0.176908231793253,0.0410012437032463,182.702702702703,50.0223317298955,48.7863475214841,188.816079186866,19.781574955992,PASS
4.44106246175391,1.07572084069376,6.228854725384,3.73251296941373,5.77146284461157,0.141311443221121,0.0451252815884831,181.891891891892,50.1746820835371,45.0815750821508,161.948731066946,19.3746534320638,PASS
5.21038927325952,1.08191782937324,6.35061197439047,3.41116698739425,5.75494156303611,0.163140083846517,0.0417493511960675,181.081081081081,49.8652352982892,45.754586446447,158.608260404299,19.4629067057017,PASS
3.60330053502623,1.12897564990923,8.22024983199339,3.80981555531762,6.53356034693487,0.160385596807493,0.0903918362295275,183.783783783784,50.8728246363774,45.8796093204972,194.097028735992,19.4861657734366,PASS
3.92521567816925,1.11466738927682,8.65631112420315,3.67991910856579,6.83297924404251,0.15149782437799,0.0712752470312754,181.351351351351,50.5689922492873,45.2237220047628,200.799910165344,19.6649173410241,PASS
3.77878020547827,1.03459279115043,9.83965647927318,3.41017645081705,5.93250164158496,0.119905220983659,0.0645450088709538,196.216216216216,51.5493739079793,54.6993154703364,177.197697228023,19.0779521134647,PASS
3.61442649615231,1.03896863996226,7.77413110005828,3.94858072184772,5.48636684855198,0.121736619605193,0.063788647149694,194.864864864865,51.3525279980559,52.4198044940866,161.629497479814,18.9662204732298,PASS
5.17362631534769,1.1371398453512,6.88847169105757,4.20676198920311,6.84467460414396,0.169202217381357,0.0420829765085793,171.081081081081,49.1920629252155,40.6933151699354,188.596038273871,20.0771032929197,PASS
4.05405020983932,1.13179956129184,6.48942207580571,3.60813822579736,6.05917510033169,0.160107885977484,0.0735561257572721,180.540540540541,50.3772464369655,43.9003552700034,173.204824502964,19.436999704234,PASS
4.8831499506948,1.01172492499822,8.55531077979935,3.6595266405688,5.64810852322633,0.150538914383721,0.0444728930601779,192.162162162162,50.7451325047201,53.7445836009838,161.478291613741,19.2004697449507,PASS
3.77005618345159,1.05212247601634,8.41885110649305,3.59666629581038,5.48330479585412,0.146582070763019,0.0865236845456592,197.027027027027,51.4806242811623,54.5336924368231,162.294951288537,18.9336318697596,PASS
3.65632845704284,1.10888749225252,8.87789098206475,3.65299527021327,6.97087962243942,0.134719560566664,0.064834505129624,181.351351351351,50.6609792483666,44.905746197218,206.570186205168,19.6762063040825,PASS
4.28602136274513,1.042954393105,9.52518707243657,4.23751890314449,5.88113232709616,0.177496731380578,0.0928038327382462,194.324324324324,51.1344554508307,54.4519231132793,173.402709616957,19.193183165842,PASS
4.1775559799463,1.03779116257804,6.39763801455158,4.29382116348225,5.56837513994128,0.126735681753296,0.0401819365316035,185.945945945946,50.4335984907784,47.1796337328302,157.844408490409,19.2317414744697,PASS
3.80224651019176,1.10615459124035,9.18632636162021,3.74051450030161,6.79204669376561,0.152376814981751,0.0785100287754019,184.054054054054,50.7975922550396,46.776578510872,201.716496209253,19.5879295524669,PASS
3.53325554856988,1.08659834184807,8.43210212644024,4.14322114552295,6.93623415562149,0.11299962791659,0.0459734805203282,180,50.5430854972237,44.0086688230147,204.459977582556,19.6997299179637,PASS
3.88918039462388,1.09454472301339,7.75564356411527,3.71627474866492,5.95473961032235,0.159208645219114,0.0836646889322422,188.108108108108,50.9857955314387,48.5996892979573,174.543536050071,19.2507151939591,PASS
3.81926803362316,1.16496560220661,6.56433270314942,3.6978243098229,6.44579874775796,0.161357849893729,0.0790148158853498,176.756756756757,50.2451356809908,41.6936395411959,185.453007953707,19.6143846525507,PASS
4.48661725078042,1.05238327558248,8.48516123781938,4.15894691826719,6.21127489819894,0.15388516840295,0.0561720911935502,186.486486486486,50.5992909458385,49.0010350322639,179.666666850766,19.4618483059968,PASS
4.64705682823817,1.0622519397365,8.65159620406744,3.88123969877018,6.26038439399154,0.163246205070831,0.0597662171066802,186.216216216216,50.5543430291192,49.1259893495353,180.602005773492,19.4894934886153,PASS
3.68912185267391,1.07227431477696,7.48038918512029,4.18885749598397,5.31480785743965,0.16792590769389,0.103542765100846,195.675675675676,51.2943942352342,53.0146664803016,156.412183578966,18.9197408882293,PASS
4.09229586111281,1.19651942295708,6.34481653264799,4.06164739618439,6.76341768414095,0.172918314565806,0.078473528220641,171.351351351351,49.6424393537918,39.3448958654588,191.081730944476,19.8958419973947,PASS
4.04400142694017,1.10370954476182,8.74490038470178,3.46065303792969,6.19371257251618,0.175867629683621,0.0964240550100486,188.918918918919,51.0495647848072,49.7071407439232,182.896571704955,19.3222175258302,PASS
4.04285804641542,1.03645408561135,6.03001248467743,4.17192721876848,5.05015822946822,0.138661027290712,0.0592945608364798,191.351351351351,50.5827120928894,50.1337555915904,143.03410886416,18.9506631724005,PASS
4.22782758221992,1.05152150222296,7.94219381544164,3.46856100506843,5.51605486212872,0.154590357655359,0.074050810342173,193.513513513514,51.0868187166944,52.8143692489267,160.114331875805,19.049914984778,PASS
4.22463655452951,1.05448251765445,6.12467044052042,3.50268801001964,5.22728459352158,0.139320178872874,0.0548393067702897,188.918918918919,50.5595511940133,48.9209008335615,147.628625744731,19.0340248108027,PASS
3.57530772939791,1.05846868188797,6.92822652700172,4.38663836208436,5.72180321784476,0.120764520926834,0.0548080875547765,187.837837837838,50.9186134288152,47.7059951323891,166.698160232602,19.1717540686357,PASS
3.89041082665323,1.07358383414172,9.0585253874616,4.2047530461524,6.54037255379351,0.143437324689371,0.0675384889035683,186.216216216216,50.8415046710606,48.1307962408854,193.457073626803,19.501397548339,PASS
4.72596396895564,1.10142438765072,7.79255373765716,3.79682325670024,6.34662392498968,0.175028853226854,0.0657579033353242,181.621621621622,50.233761627878,46.1290473425459,180.942424329006,19.6077097089793,PASS
4.60939439947344,1.11959267562453,6.84691631396846,4.1563192727229,6.24626810216798,0.1757620244843,0.0683045726738583,178.918918918919,49.984401355035,43.9661283689599,176.269084353002,19.6360822966695,PASS
3.51733871572137,1.04487045088812,8.43428950708917,4.37069763051282,6.20363804708602,0.107014341390409,0.0473842844225881,188.378378378378,51.1139222412585,48.7189025667782,184.102200828697,19.3068563567443,PASS
3.5682624913356,1.09189965533825,6.07176278473602,3.84366230857563,5.62899021945471,0.128696204210369,0.0600201997933673,184.594594594595,50.686328708079,45.3934294477577,161.965451453821,19.1692161991803,PASS
3.84053663086037,1.11804876737574,6.50790507596826,4.28522098787471,5.76248746971867,0.168941201387141,0.0885111838310357,184.594594594595,50.6105958831008,46.0299640200158,166.222404611484,19.2722412382322,PASS
4.31749709211177,1.04801267015939,9.73518080214285,4.31789426809263,6.82204504630786,0.136026386880177,0.0444769946412851,184.324324324324,50.5012188056514,48.0649933109422,199.683559989066,19.6886115372756,PASS
4.2371696321024,1.03205437169126,7.70608944870544,3.88056165208278,5.65888485216426,0.134179814519865,0.0506938009067621,190.540540540541,50.8851818092163,50.8616486923523,163.405950328752,19.1637594040491,PASS
3.69218175206948,1.14281217455489,6.49406913691017,3.67156343856847,6.55571890529339,0.135734855057478,0.0584114596474529,175.135135135135,50.1820843172224,40.82328774978,188.197055628654,19.6612837053302,PASS
3.57713375818881,1.17107697860868,7.80192236383284,4.07568213305441,6.75384236150131,0.178164946773641,0.102811729972178,179.459459459459,50.5478769536809,43.424585567514,199.834307971516,19.6536742627915,PASS
3.6112684526054,1.06929173605543,7.17637934866247,3.76183537212131,5.64190738683813,0.129912473551694,0.0662068199709537,190,51.1256818856754,49.1246719766568,165.171246824804,19.0817419689848,PASS
3.73129262437602,1.17169820862018,7.26438639948412,3.59278407959162,6.61539595281059,0.171091880053606,0.0921247712076972,178.378378378378,50.4702034963518,42.741752032761,193.397698090976,19.6195736098368,PASS
3.68658765745855,1.09561238968269,8.25198904111719,4.17558260547122,6.05941820028117,0.164122874988978,0.0950236854060971,189.189189189189,51.12475484596,49.2780972095883,179.940724153128,19.2611957717131,PASS
4.08357108994654,1.02738529987348,7.10745747022289,4.11516850124235,5.29796115985175,0.137416092328465,0.0596378867236101,192.972972972973,50.9186116835057,51.9510502724645,152.545538035026,19.000459699712,PASS
4.41453918588942,1.05365860633536,7.99670815209545,3.59319528278293,5.65114076759434,0.161428413578429,0.0715496194712366,191.621621621622,50.9123218149078,51.8708257489949,163.266917014078,19.1548829403661,PASS
4.85453417877444,1.10975286367258,8.47995530084339,3.73046557055874,6.81680492948012,0.172526246653345,0.0575391052001906,178.918918918919,50.0068788797457,45.0565790384613,194.408269730615,19.8315551757421,PASS
3.93840952354429,1.01917343167051,8.84494588695245,3.90023715260824,5.86528869286846,0.114094163956687,0.0464254231977483,193.243243243243,51.2314245721041,52.553156790274,172.721192889845,19.1493217955921,PASS
4.18293849715423,1.0993774924903,7.37041733831626,3.6608176496428,6.64798600095377,0.13056760826366,0.0411855926031253,177.567567567568,50.1618807917474,42.9405549319889,190.110602524245,19.7104069961691,PASS
3.87244228674779,1.0189373610534,9.11767099134001,4.13022239065136,5.91039277999373,0.117089915032377,0.0518386530785221,193.783783783784,51.2782038059589,52.9600468343992,174.961633933262,19.1565661992892,PASS
3.94715584596213,1.09207161182872,9.48875979686583,3.654019999327,6.32450980556717,0.172421164198762,0.0980939341235669,190,51.1479742946567,50.7308656871587,188.433383667262,19.3402021131915,PASS
3.55464724840558,1.06280767610877,7.47159899234256,3.87727971490656,6.07887581847979,0.109270184310609,0.0456979349652557,185.945945945946,50.961556668041,46.7771501279296,178.15558706911,19.291796874005,PASS
4.22688201261434,1.01821332180498,7.19762142422501,4.18060602136871,5.14253814596853,0.148291126678449,0.0666743578309504,195.135135135135,50.8997238540164,53.7716510584633,147.626532346622,18.9384730801413,PASS
4.77880832828848,1.0311272707435,9.19527801030097,3.52720148000837,5.98104730978273,0.15310545300695,0.0503909391471254,190.810810810811,50.8011946922402,52.7692705601708,172.605647682713,19.3118538869649,PASS
4.46751447267172,1.07836182694522,6.48970611700272,3.61255969556035,5.37120220163254,0.171097400595845,0.0758466370029451,188.378378378378,50.5116482621823,49.1284258138137,151.955665503277,19.1273957931539,PASS
3.74721956734784,1.05780694941865,7.28608279225995,3.57529105372186,5.29518509008423,0.141238809654824,0.0778045457125394,194.864864864865,51.2662923710517,52.4923474207369,154.71026794762,18.9030703976677,PASS
4.34760911648177,1.06599453325978,8.59154217823987,3.91436261757261,6.04341376621259,0.167793687344376,0.0769429705255007,189.189189189189,50.8517139035512,50.5031730350051,176.136971889037,19.3287174083848,PASS
4.05902382154909,1.06982131543499,6.44914376182281,4.12987349921862,5.93445285408764,0.127532739429409,0.0425604726208507,181.621621621622,50.3329091838253,44.6449081182301,168.670197827581,19.403288933801,PASS
3.99718421078684,1.05934894685999,9.07561733158198,3.80456732146458,6.61500498493818,0.123320618484025,0.0460882744785943,185.135135135135,50.7685121215246,47.6760961731162,194.369903136869,19.5369931471163,PASS
4.08522005749718,1.01326370825314,6.74077574053317,4.25806290491801,5.03239477557981,0.135906450419946,0.0590621586263058,194.864864864865,50.8453040416673,53.1125819819117,143.962129850844,18.8932438432265,PASS
4.76471212055625,1.16730645272339,6.09919011307727,3.66548665109654,6.8490632985485,0.15164060303526,0.0411489294055389,167.837837837838,49.1229816453181,38.2539093400384,187.709937909106,20.0638379671029,PASS
4.33992673210955,0.991881528903449,7.76551359229637,4.18915084892761,5.34075971707569,0.12544820248407,0.0415254140488139,194.594594594595,50.9263453970604,53.9002899577422,153.652121572452,19.0234933736844,PASS
3.53835316384347,1.1064468969814,7.63314877516565,3.46610300166727,6.64622174461445,0.118598873701714,0.0518053836730951,180,50.6679917825221,43.5462561724356,194.980775924074,19.5622924444543,PASS
4.19810558849897,1.06497469060536,6.32204780924748,4.24280823080814,5.44989727956735,0.153722388139923,0.0652987094697715,187.027027027027,50.4770086621448,47.8473741388836,154.681291185691,19.1737583284301,PASS
4.4172718448646,1.10293862349752,8.73295337116149,3.95221166482468,6.74817487308453,0.168474695704543,0.0694802088203882,181.621621621622,50.3403126587399,46.0511994390746,195.703415105896,19.7135837407809,PASS
4.03982020656471,1.15463547458473,6.12513523529098,3.78374057183402,6.25392757328,0.159824726165172,0.0708783835607898,176.216216216216,50.0373013294578,41.4903174767793,177.160586447423,19.5954708297728,PASS
5.42157928074667,1.0293921435831,6.26158568214585,3.62671193700098,5.10671259899612,0.175729682042334,0.0479665796421918,188.108108108108,49.9177501086079,50.8039238905148,139.702564321035,19.1630747415154,PASS
4.13289004213478,1.07935017918752,9.20050020780779,3.4960616217198,6.62107863910915,0.142218988396118,0.059975525574649,185.405405405405,50.7714799492079,47.9592349266071,194.443009318857,19.5372178629295,PASS
4.2316883407201,1.04018303164937,9.67970189233816,4.10596027458819,6.24848370790807,0.148986858261855,0.0656415750706542,190.810810810811,50.987951413197,51.8898249239761,184.178909074803,19.3608261813583,PASS
4.52762972397258,1.07658756509854,8.92241751235639,3.97615265993567,6.71545263076424,0.154432788786456,0.0532288524581244,182.432432432432,50.3409892083629,46.7615397735146,194.223596864187,19.7023404397718,PASS
5.18818785660071,1.03686452930556,6.85400257664546,3.77327764793266,5.52003165670625,0.163615068369053,0.0424638032745014,186.216216216216,50.1327254420608,49.3577563576677,153.471130161349,19.307314331054,PASS
3.60892359071865,1.09561384853336,8.24414989302327,4.19896819760397,6.0699820259411,0.160029034076499,0.0937240070108893,189.189189189189,51.1563828940137,49.1614965680946,180.650639858631,19.2553445898656,PASS
4.88734266528412,1.07015921844155,6.3932907285066,3.49150054894259,5.37146237664545,0.173106990954518,0.063609611448402,186.756756756757,50.2370649319891,48.8510491550635,149.784314143051,19.1990874596043,PASS
4.20597137140693,1.07864779400161,8.50308287795674,4.15882284080237,6.58385254574198,0.147594804678593,0.0577737950746768,182.972972972973,50.4896453814757,46.459525668968,191.545134982219,19.6157761325006,PASS
3.73640101445933,1.08068066645697,6.66373044567563,4.39569635928641,5.61117646762629,0.147448327179634,0.0739141813471672,187.567567567568,50.7966729804949,47.6963897458636,162.501634583605,19.1616817245703,PASS
4.24826140272728,0.997816323878806,9.76491547889995,4.33585997321773,6.00168797928978,0.123179071723272,0.0437308211799949,193.783783783784,51.099671444692,54.0921943105377,176.637413645509,19.2406487251035,PASS
4.16623704854226,1.07263912520839,8.40988523178166,4.22784712234018,6.5310543380066,0.142930026971022,0.0547953493625479,183.243243243243,50.5190258607442,46.5479355009181,190.024182043834,19.5906816264535,PASS
4.84368972331756,1.01878847237548,8.3262267657794,3.67535753964281,5.69131354431283,0.149917353356012,0.044484235424439,191.081081081081,50.6979626147269,52.6596349528529,162.577463329615,19.2311232932872,PASS
3.53744480292933,1.09136350943917,7.44199985468218,3.97383592547157,5.45671850257226,0.165320488524514,0.104705431763271,193.783783783784,51.3494736084898,51.5603219703287,161.505160199463,18.9616819916125,PASS
4.93770568397517,1.02730088054877,9.70492646019251,4.37446107852973,6.28272858124729,0.17229191401116,0.0564000824323152,188.378378378378,50.533994983906,51.8722702638876,181.583947300911,19.5095401774103,PASS
4.88686396127509,1.01078001306582,9.50790393436729,4.01885022045514,5.87130952163317,0.164982328288397,0.0564757011804388,192.702702702703,50.7880141172626,54.6168315756969,169.507679999814,19.280147207664,PASS
4.5281505294003,1.14444809803473,7.29621800860082,3.47579192031093,6.74774313112598,0.163046669160843,0.0599861427485728,175.405405405405,49.9167485935598,42.2090430346622,191.329952186832,19.8199460204605,PASS
4.30674620046,1.09161150032041,8.84872405873282,3.53889723180618,6.23992041501112,0.17563943936774,0.0861423698989939,188.108108108108,50.8706508283066,49.7169416787489,182.680653839606,19.3891349696871,PASS
3.9894061496917,1.14693372607987,7.20363038994225,3.46108172411891,6.18054282755938,0.178230415055377,0.0942547553195051,182.702702702703,50.6525057420012,45.3234918149926,179.616727671954,19.418725187405,PASS
3.57118006709925,1.05635375247589,7.43234219560129,4.1833907277656,5.5782120361174,0.130709360955909,0.069371626426358,192.162162162162,51.210629866295,50.5124490898142,164.065713561599,19.0429122146187,PASS
3.96205252679725,1.06716942717352,8.68587148670659,3.44949640385541,6.41473483725771,0.124607331723108,0.0500440629675918,186.216216216216,50.9027077957697,47.9638143156605,188.335333750033,19.4286944542198,PASS
4.44130835845675,1.11737884132595,7.5302301629876,4.07081391925477,6.90492081944434,0.149038002473259,0.0474038265055395,174.864864864865,49.798596817878,42.0024981277886,196.024996405736,19.9127651233248,PASS
5.32582654402157,1.00972048068937,9.54561226145405,3.66845888210525,5.88734508014861,0.168879427248548,0.0419128241495366,191.351351351351,50.5662690827341,54.6650021416052,167.668001334234,19.3431013744211,PASS
4.62537553247795,1.08079000070369,8.4612291052584,3.46202634700815,6.60390486500376,0.145562997628172,0.0433770697329541,181.621621621622,50.3306856762293,46.2564676450086,189.508577769942,19.6600793286878,PASS
3.79522969233087,1.06396708814803,7.44942541025267,3.68580331734482,5.39109028232135,0.15002010401278,0.0836025394685248,194.324324324324,51.2412043641675,52.2058915662583,157.766737573068,18.9557792163413,PASS
3.58864473834236,1.06953663580418,7.94941210234512,4.0580522819505,6.30392858094305,0.117142359139395,0.0515233165288789,185.135135135135,50.9071081686452,46.6490618305159,185.641101047609,19.3930250688467,PASS
4.28115594933515,1.0602258467581,6.7533941155692,3.81754503254229,5.79141032753405,0.135149871144132,0.0455542445608178,184.594594594595,50.4671360277209,46.7072260409325,164.704238545544,19.3146526249956,PASS
3.54051178890158,1.13301586741722,7.46499080936328,4.27556754664487,6.25596460919659,0.165269749353272,0.0944715181920914,183.783783783784,50.8225389319128,45.5713727571374,184.737462261678,19.4095597745791,PASS
3.74898742457183,1.08127704567537,6.16569186970098,4.27915788576334,6.00954252930571,0.118508541039228,0.0415779300249677,179.72972972973,50.2955825007647,43.1384456285672,171.199000204539,19.4313139163773,PASS
5.38187316920877,1.09786017765173,6.09636945467557,4.2240730364503,6.05809429132743,0.172536229399758,0.0410411265463156,175.675675675676,49.3352789426865,42.8891996164476,164.963209564193,19.7409858041014,PASS
3.80426987931836,1.07386928072765,7.55095432150222,3.91154107847484,6.41210150948506,0.116229423957462,0.0414159302266142,181.891891891892,50.5850126766344,44.8365248031207,186.192140600704,19.5134920910762,PASS
3.93346811764046,1.16380859069633,6.87180370642353,4.26160322050483,6.90696374340749,0.156444435537181,0.0678075111568953,172.702702702703,49.7980314242477,40.1053703678106,197.249259582622,19.9058553540101,PASS
3.72671639480144,1.0272848694992,7.02628105807169,4.11367289591247,5.457586396179,0.109972041017386,0.0442440957708999,191.351351351351,51.0267558396076,50.1843367776411,158.329026273733,19.0319931665015,PASS
4.3482140189781,1.06510278668411,9.3766243514335,3.55348133556451,6.50646172224986,0.146315795789492,0.0570732138965175,186.756756756757,50.7600095015146,49.228800748802,190.24586619312,19.5053580624393,PASS
3.98541258297614,1.12285995903601,7.14639962295755,3.45860933264848,6.81304938277818,0.128295046667578,0.0444055858713409,175.135135135135,50.085750501159,41.3279896197833,195.070259349737,19.7768222011012,PASS
4.09575119480797,1.0988270089201,9.57886312187708,3.58051195530363,6.5912097777064,0.17076844027174,0.0887822301089082,187.027027027027,50.8979123980379,49.1060000734065,195.222397934848,19.4965422454118,PASS
3.6408681740709,1.15839864167073,7.58187205976946,3.79729361676801,6.58935640659329,0.169566172086901,0.0942774642193144,180.27027027027,50.6203896419308,43.7878627715022,194.05757364166,19.5744341234354,PASS
4.85313938161211,1.03692221543268,6.18993185799366,3.49243406180905,5.1587133566612,0.152986644030242,0.0473263488589043,188.648648648649,50.2270484576798,49.9150758602745,143.177483392473,19.095567555699,PASS
4.33921609018318,1.0643297921105,6.51206662065843,3.80184430645364,5.84241256750644,0.132789896136461,0.0404949247210132,182.702702702703,50.305632175543,45.5344009440656,165.073796690075,19.373899273265,PASS
3.50084462865673,1.12361208982044,8.68263198630515,4.07351670131151,6.354488458177,0.173635253606744,0.109334933961909,187.837837837838,51.1671620606771,48.3150851697304,191.061119013909,19.3529631441788,PASS
4.41310972606276,1.05708262576887,7.36265895268444,3.5947439021592,5.87898030937076,0.139018364067036,0.0466773031208717,185.945945945946,50.595670491007,48.0505412695762,168.102464598799,19.3213767831523,PASS
3.86385119431367,1.12943399588545,7.16888332019628,3.48538887727295,6.09304418287559,0.164019372050421,0.0857191055222724,183.783783783784,50.7650566026071,45.7866137112858,177.500429368808,19.3538052735518,PASS
5.25333274678595,0.986662464488996,6.41892329287894,4.3772111410315,5.03626430398444,0.163229990803024,0.040047883013599,190,50.0013816288751,52.099993806159,138.663232386178,19.12063711872,PASS
4.92217754688464,1.0298287960309,8.61464388369511,4.16064427945045,5.86782854353328,0.173637938538624,0.0603004188811223,189.72972972973,50.5845620220154,52.1035885138965,168.122355450941,19.3430496438554,PASS
4.63910851763133,1.02230049517213,6.82041698922503,3.86331321614872,5.28577687192607,0.14741447580049,0.0487943299341616,190.540540540541,50.5181385034118,51.1372598039229,149.075338548408,19.0965011955062,PASS
3.61963836237917,1.12326612448887,7.57997723148176,3.7939841749284,6.7693987715808,0.133319999382512,0.0605519290485325,178.108108108108,50.4475776893919,42.7236527446606,197.829817777724,19.6716696417444,PASS
3.73634825289977,1.04888126803655,8.66365719778216,4.13154373779772,5.73345253615979,0.143964415525788,0.0814545901163043,194.594594594595,51.3760889869442,53.0949624802325,170.331732857919,19.0682129697138,PASS
3.84300200715257,1.17752504760265,6.14624314809347,3.55486217671908,6.80650323318944,0.142525027534018,0.0586006011512515,170.27027027027,49.7294868958318,38.4495099364484,192.623515995953,19.865164458717,PASS
3.6984228943154,1.16808329755204,6.40232154508839,4.28018660153541,6.29731817597884,0.170002053775868,0.089091135833911,177.567567567568,50.2649736014452,42.0913018748,181.575330197692,19.5627850438903,PASS
3.81017885677274,1.06878593218126,8.43995498215785,3.57271599232702,5.60800333057091,0.159519538036416,0.0953075147936456,195.405405405405,51.4207243891648,53.4842400486909,166.134585667383,19.0020400167659,PASS
4.1932876015461,1.04570138267267,7.07104569826533,3.44327626879322,5.413943091132,0.136348662195449,0.0556318613117073,191.351351351351,50.8819632709096,50.7722932730304,155.341726331496,19.0488807361098,PASS
4.55047600970304,1.15478262546355,7.21321280197176,4.24285129005903,6.93547223092556,0.172368708890268,0.0641469306772241,172.972972972973,49.5751316019909,41.0085545274375,195.615488350903,19.9914560563611,PASS
4.11371918350916,1.12072224370472,6.00173641950334,3.41029207917258,5.72010042790876,0.155955922539271,0.0694283921731809,182.162162162162,50.360099889444,44.5551022893119,162.04000723112,19.2928973353315,PASS
4.27755977757491,1.01280515274239,8.08553418575113,3.45751444481486,5.47573846261486,0.120846110824758,0.0422440221718864,194.324324324324,51.0873341618733,53.6500887906323,158.327398915964,19.027850915976,PASS
4.79904790503935,1.08775262682871,6.00108284688564,3.46530940401269,5.78531282134389,0.148524090496559,0.0411819513306261,179.72972972973,49.899772115992,44.2282844994914,160.068109395876,19.4489623055085,PASS
4.00797473035425,1.14887567804731,7.59871094530547,3.97804230513983,6.82224761854025,0.165219511917492,0.0767380767651551,177.027027027027,50.1675288210959,42.5603968335052,197.391627804429,19.7787364652275,PASS
3.88660883425251,1.03214588228895,9.4204999863736,3.57163365442906,5.83319175870071,0.126723619261547,0.0648847787901089,195.945945945946,51.4426734705354,54.429244458861,173.162121108905,19.0754740498663,PASS
3.75520812002487,1.07502216628766,7.81585423883462,4.10094563130281,5.81852004428659,0.150818696877002,0.0811313724136263,190.27027027027,51.1095900635006,49.82646446992,171.277238841791,19.1708308940548,PASS
4.66214363380087,1.06999528827857,9.30754674950347,3.89724250619111,6.50086757690404,0.170937695271635,0.0658731764221112,185.675675675676,50.5288663569582,49.1821918880177,188.55224786162,19.5792182113451,PASS
4.74572559476719,1.07045421507998,9.07758593711443,4.3485910230039,6.81943995121917,0.161293641878769,0.0495686943864158,181.081081081081,50.1244089056818,46.5694759116541,196.229149248502,19.8062348790419,PASS
3.5796335643822,1.08639029840511,8.81213906801306,3.85360902876684,5.7852882682274,0.169553966424537,0.111845405602866,195.135135135135,51.5359341744923,53.0381724619801,173.72834596171,19.0466210666484,PASS
4.00072921032409,1.0416307133349,9.68987515093315,4.01634404057958,6.63811732570159,0.118445587965481,0.0430453326038026,187.027027027027,50.8488354651617,49.0734361195852,196.033232781212,19.5225605037431,PASS
4.33897978545327,1.04788718346617,6.87404755499478,3.93231170513605,5.1693313638115,0.168436112216062,0.0802135707713624,193.243243243243,50.7580157497055,52.3387427778606,147.514121404745,18.9834419528159,PASS
4.39732192897671,1.0940577323101,9.35890309142137,4.13239634485868,6.75744750385387,0.17622515190854,0.078142687825148,183.783783783784,50.4712487367181,47.5693074567863,197.537480491794,19.6818647105181,PASS
4.36884641728524,1.03640761209981,6.48046765894084,4.15366074369381,5.31069305725263,0.146919508865076,0.0554632820956117,189.189189189189,50.5021645872535,49.6265352170404,150.242494449185,19.1071599374955,PASS
4.078145099185,1.13877372470955,6.8437978096257,3.60844327205189,6.91634349374558,0.133728387378305,0.0449191006583969,172.162162162162,49.7913762324616,39.9574490973678,196.101064216429,19.89406906299,PASS
4.18755128256405,1.04165955144462,8.99218134737167,3.83833625485991,5.75140252263872,0.158239557125333,0.0797297761597842,194.594594594595,51.1971613117982,53.9976698384575,168.98601485965,19.1207394056979,PASS
3.87563251716977,1.06375576267245,6.48821021356177,3.96107976653619,5.29405583079629,0.145814416017745,0.0716958936594486,190.810810810811,50.8416934959362,49.6787291203062,152.218916935665,19.0048851854158,PASS
4.79277485785333,1.07299762538559,6.24392831774028,4.17619601468796,5.55314023860245,0.173211212741394,0.0629611301491472,183.783783783784,50.0529782469298,46.8628807375301,154.766169363501,19.3352375312363,PASS
4.3225513736707,1.08015328022455,8.48123731896955,3.87187250405102,6.42432222238722,0.155379570568699,0.062918000827717,184.324324324324,50.5841054122951,47.4529697727561,186.578181602263,19.5341439637441,PASS
5.25492429508108,1.12957113831876,6.62552237949435,3.49428102083343,6.41505384336368,0.16856492076743,0.0428455785671948,174.594594594595,49.5111565231797,42.3095958768318,176.652384790661,19.8212215046991,PASS
3.57764262214174,1.09618020925234,7.85289185669914,4.24451701761056,5.57840877553505,0.178798804705489,0.115949922183599,194.054054054054,51.3608227695968,51.8848633552482,165.959082730156,19.0171128073276,PASS
4.64945161727957,1.14943110283692,6.12472425479391,3.69305653704141,6.26446828912237,0.16943024249934,0.0621998904998012,174.864864864865,49.6953057738294,41.5288492035282,174.161502556841,19.6994389241096,PASS
4.65331639262006,1.02260559252458,7.09623469052579,3.88872420511717,5.07966006953386,0.168688258306536,0.0708505115954394,194.324324324324,50.6621654196461,54.0977873930212,143.836428066275,18.9702262203316,PASS
4.32360035936286,1.09016697793655,8.5800809513451,3.62965018096963,6.34999277023499,0.165201229263191,0.073696755142156,185.675675675676,50.7044234061142,48.2123062114539,184.955542243991,19.4734573092066,PASS
4.10981564803078,1.05671177903756,6.15540358253093,4.25553565875016,5.49796415083169,0.137448620109796,0.0520258761533042,185.675675675676,50.4147997947596,46.8344590703195,155.697342497827,19.2021768713068,PASS
4.82142554594962,1.02365567951606,7.45086479111611,4.36228338260451,5.75220846382888,0.151677438743579,0.0419282541816016,186.756756756757,50.3575658901477,49.4459575269325,162.893322664681,19.3551396027903,PASS
4.54941494755113,1.11530602252021,7.90085075261937,3.98444577914315,6.54174957423192,0.176634513044708,0.0717117646711727,180.27027027027,50.196733331861,45.1553256698859,187.517373115592,19.6881134527584,PASS
3.52325091971581,1.14038797616099,7.07166014812917,4.09312528097785,6.56977426301591,0.145277261440309,0.07282626224752,178.108108108108,50.4502745571799,42.4518286371795,191.833170410053,19.6085054348646,PASS
4.83077098126115,1.11367685639745,6.48627446578766,4.19927286637221,6.41981053409049,0.158852991176263,0.0447212936204355,174.594594594595,49.5523582026382,41.8233674894931,178.088692184382,19.8134119941712,PASS
4.77498770458526,1.06681147071593,6.73645192702841,4.22260281743172,5.72897569057915,0.169648124191061,0.0596792623347506,184.054054054054,50.1688023352549,47.2453053018712,160.986394668909,19.3870726410487,PASS
4.06462288529912,1.16283769666769,7.33990810725174,3.62433198246911,6.65932093304471,0.173953784454644,0.0844264722200774,177.567567567568,50.2540547601937,42.7639070122188,192.36998970901,19.6968235817159,PASS
4.2100074328487,1.14128701839709,6.90873539514259,3.78188940907914,6.87064179068587,0.144285377703428,0.0503967774728291,172.972972972973,49.763413368352,40.4155367033138,194.507422645839,19.895961356013,PASS
4.07522177869749,0.99556976676454,7.20273502529754,4.28163688710434,5.03875712120084,0.125628808429373,0.0524063946476072,197.027027027027,50.9967802245636,54.7884377383051,144.972409623114,18.8625072453663,PASS
3.72937187192342,1.08574377320802,9.1381355586079,3.70390416266045,6.3639648119568,0.148732727924218,0.082098564270837,188.918918918919,51.1613152270572,49.4855378283525,189.88615450143,19.3475824685827,PASS
3.52149758562057,1.0418936366317,6.37762043049544,3.93593835000003,5.00043770613351,0.121399757931082,0.063640969773298,195.135135135135,51.1000223972767,51.8571156818617,144.712756987175,18.7951702213296,PASS
4.12337065839691,1.01901988424914,8.12387186228589,3.52379962954165,5.47634685351623,0.122726231267056,0.0498000860336799,194.864864864865,51.1837658032102,53.7365581134162,159.230107025323,19.0033731152713,PASS
3.70548122576902,1.1224220478429,9.18579190912963,3.92748243269488,6.9232247195657,0.16072515232012,0.087597445828809,182.702702702703,50.721750676155,45.9657147964148,206.315153220013,19.6535253986784,PASS
4.09674222353564,1.00514217432359,6.93709200657258,3.87161443439721,5.11449745374877,0.118522728611883,0.0438436910998707,194.864864864865,50.9247774300295,53.0338137095267,146.455981685754,18.9062924052917,PASS
4.46096196450332,1.06784229510997,6.57015611512311,4.27154647881205,5.51297616406633,0.169388167992616,0.0712158203064353,186.756756756757,50.3941256759775,48.292108862554,156.073274615332,19.2318497085183,PASS
4.23579727216614,1.12191883681361,6.17676143576485,3.47675081120434,5.75312434592479,0.16447633582721,0.0736865680262815,182.432432432432,50.3504463393317,44.9708149066208,162.958477055357,19.3188105006329,PASS
4.14451667165971,1.07911228117025,8.20588240380653,4.18401543747322,6.14501704457962,0.163712550200435,0.0773159160808874,187.027027027027,50.7720849576977,48.6161981562916,179.397068917137,19.3889841573968,PASS
3.60765305484303,1.13277237796318,6.60273630126001,4.12910161021228,5.79046043546768,0.169756860224605,0.0970605443596402,185.405405405405,50.803563806267,46.0906212711701,168.841037485796,19.2308970359892,PASS
4.30545786694049,1.02357081008095,8.93917440645765,4.3192454007593,6.05850578581045,0.137859593452704,0.0508011595803129,190.27027027027,50.8827739397754,51.3846423619096,176.94390551021,19.3273581151048,PASS
4.65265104543166,1.11721337477438,6.20164735752656,3.80651671717854,6.20116999632731,0.154972459932393,0.0487212938952433,175.945945945946,49.7561780420116,42.175784282371,172.417910778546,19.6624990808014,PASS
3.56499375282413,1.04585820370545,9.7352294100648,4.08067747383455,6.00125819493096,0.132603565720386,0.0805238198678104,195.675675675676,51.5506578825558,53.8367904978138,180.811152948463,19.1147635727612,PASS
4.71865499380338,1.06028384206857,8.00164137627889,3.51863018915576,5.62542567365769,0.179966448143075,0.0775431434271117,191.081081081081,50.762038644034,52.1691954459569,161.223797741073,19.1881078614463,PASS
3.52973581564616,1.09382647039741,7.71237901504309,4.03644844873919,6.8794826482686,0.108910548740544,0.0401096609539647,177.567567567568,50.3854447199012,42.4596775175894,200.784291652429,19.72189996859,PASS
4.07891098604114,1.04881188414031,9.51955185085426,3.84101122102214,5.91662738166191,0.160405338038807,0.0865435682194964,194.594594594595,51.2816216365838,54.0605139787744,175.311055809473,19.1586299600909,PASS
4.20339633977884,1.05629150421075,9.94213495239754,4.19774841980475,6.18719043363308,0.176018940097674,0.0930438513616572,192.432432432432,51.090414213033,53.0448697174106,183.473945619258,19.313734670395,PASS
3.88581152324107,1.12735600876888,7.76293102106137,3.96348985913547,6.67424003316347,0.155214703757858,0.0730335361808931,179.459459459459,50.4194090587669,43.8382454889939,194.466510711771,19.6587734907861,PASS
3.88041256110264,1.07323029766409,8.66529849769325,3.92329912125654,6.72814355861278,0.122712442279038,0.0466398252981041,182.702702702703,50.6249001075118,45.8924837984593,197.331330476292,19.6138239034165,PASS
4.81723077521794,1.0869041395295,6.00457439319155,3.81483676855632,5.76593652660382,0.157542869045179,0.0476889549003506,180,49.8532568728678,44.405814509193,159.502811418889,19.4629801433859,PASS
4.31206446864291,1.06216912686285,8.58557252009011,3.55428097025551,6.26144437173467,0.14108015496073,0.0531153814754345,186.756756756757,50.7700250523398,48.8418255317939,182.036156142123,19.4193970788952,PASS
3.95654865454065,1.12008572813099,8.56962446913484,3.52490456006206,6.42378088056128,0.173256626544054,0.0938234063937814,185.675675675676,50.8923024039121,47.5946727665105,189.680138980371,19.4450251994548,PASS
4.74745324780593,1.03737070899753,7.26716354075923,4.11341869371717,5.46910878291097,0.169991744881559,0.0643336220925014,189.72972972973,50.5174685706749,51.1425517399719,155.063239909113,19.1913334011203,PASS
3.60395643985333,1.1797276735411,7.74268510654795,3.45760440527713,6.9565714509406,0.166746735898916,0.0917854901108555,177.027027027027,50.4381933872917,42.0873996827103,205.223583166884,19.7367329919607,PASS
3.99781357112637,1.13837880669893,8.49147729927366,3.58850229613187,6.84722906386191,0.16856431075548,0.0840136130662284,180.540540540541,50.4969536084872,44.7283154905863,200.855698512509,19.6917230814067,PASS
4.28609192902833,1.02711599458143,7.17208259659927,3.4994925856095,5.08516452912848,0.145076403075946,0.064518375271957,195.675675675676,50.9509935169612,54.2091345848134,145.552167409278,18.8878209761705,PASS
4.36307105324926,1.02382562770151,9.92727694300114,3.96795054708204,6.44415375569557,0.127363471934717,0.0400232788985976,188.918918918919,50.832294244901,51.090623282591,188.905287216898,19.4650814914954,PASS
4.43226084932571,1.174521899442,6.26940428005366,3.9448465200151,6.60957372646273,0.170700226022589,0.0676652758281533,172.162162162162,49.5610644629334,39.9891015781502,184.694501746627,19.8644294071135,PASS
4.17882444115187,1.10739050345854,6.23531714077964,4.29283436808343,5.96582093499776,0.15567085170394,0.0633868735945213,180,50.1293045521895,43.7458953139671,168.716033633326,19.4728120838948,PASS
4.37498724298152,1.07792316162062,9.53721166210377,4.2983415548109,6.79142922231035,0.165019214074677,0.0684063834006529,184.054054054054,50.4673533722688,47.7942754956557,198.730761950865,19.6935892728488,PASS
4.13236143536013,1.04230112560466,8.35397355269513,4.10573519905457,5.6871358166499,0.15481569900549,0.0754558388905889,192.972972972973,51.0883605308972,52.6454575763492,166.360772447784,19.1288158995174,PASS
3.98064842619175,1.13064736818728,6.10018903958188,3.94978310932121,5.78689930932424,0.167188087581357,0.0817964572395943,181.891891891892,50.3693815592003,44.4449439862474,164.897718329658,19.3314957546451,PASS
3.88314525649044,1.18156000261213,6.36483557305633,4.28996483540506,6.85798836777144,0.156875376106511,0.0686505168210028,170.540540540541,49.6278333240448,38.8958397317342,194.349014253946,19.9289665236769,PASS
4.57301703213732,1.04921130277325,8.21398515041784,3.57782461078926,6.00969815502122,0.145693615645838,0.0485338736331894,187.567567567568,50.6794781976483,49.6927543649619,172.831150983948,19.3557372767457,PASS
5.51025722844094,1.06550681626593,8.68423491345939,3.7122352698175,6.41251107711898,0.178977272686129,0.0402280953717274,182.432432432432,49.9992911338974,48.3165455807062,180.388362738474,19.7055527267598,PASS
3.99806890764465,1.10091960246135,9.06264347443357,4.31704200466685,6.83275127326046,0.160738552315949,0.0764522105944756,182.702702702703,50.5382938310462,46.2979918677731,201.298026330349,19.6848817858628,PASS
4.64248545902258,1.02586444353102,8.51548634341908,3.86069155174806,5.53682114785685,0.168624536475603,0.0713127680452701,194.054054054054,50.90947572477,54.5747247156807,159.651103809427,19.1146704441548,PASS
3.92959431650952,1.03601217464927,9.39036568496836,3.45764613100365,6.05265770688124,0.118732499636508,0.0531629882917193,192.972972972973,51.3052043362739,52.5300030631625,179.198868729688,19.1909621755227,PASS
4.49146156128061,1.10306804791618,7.68739331155869,3.85361690278041,6.2984904391974,0.170852399937745,0.0700044626345548,182.162162162162,50.3602835235065,46.1026127791635,180.623434483789,19.553166537564,PASS
5.35088982031452,1.06001424348601,9.295704247675,3.405388812171,6.42626232812098,0.171009858196264,0.0407166821270747,184.594594594595,50.2535208383642,49.7844151358795,182.502663637054,19.6287930052746,PASS
4.20245092764479,1.13392796048279,7.24238694757802,3.65321979961967,6.92890873187965,0.141445666588402,0.0488243234179099,173.783783783784,49.8689089513734,41.0207483574988,197.2009563993,19.8850775580115,PASS
4.24779395250703,1.15504070089648,7.90647771708018,3.44585537140179,6.87307038139384,0.172011670432083,0.0776678259750468,177.297297297297,50.186553429949,43.1007531649315,198.496816910231,19.7861102069625,PASS
4.3925412009338,1.04969307364356,9.94967637015975,3.91389836421343,6.84040461218931,0.134274536375548,0.0419768097545412,184.864864864865,50.5388637502345,48.4462272093243,199.962731092173,19.6764490260951,PASS
4.77633351744392,0.998890672511619,8.7569163288663,4.18289056503463,5.70307957759331,0.148812813144018,0.0452358463934515,192.432432432432,50.7669412392626,53.8832640721159,164.002085381242,19.2241713580267,PASS
3.99795377981165,1.17765083868759,7.29804359007498,3.63457004475133,6.98589338832974,0.16628878804473,0.0774544018493193,173.783783783784,49.9849739916663,40.8324906266908,201.128724957472,19.875651366159,PASS
3.67353709572344,1.09719799063525,8.76656781596848,4.08731367154406,6.21031620831067,0.165804291576876,0.0982789885903956,189.459459459459,51.1740132943108,49.6076424887809,185.504318377664,19.3004387310783,PASS
3.60097159599899,1.18641608558157,7.42455143348473,3.71203192554912,6.95791069421465,0.167702584150302,0.0907352356048197,175.405405405405,50.2782569041333,41.2551914130432,204.046935814949,19.7841259072414,PASS
3.9645810023581,1.06926093868362,8.12134203082457,3.8558432871081,6.24554929212789,0.134099777427959,0.0563732101691455,185.945945945946,50.8177009695169,47.6017731327983,182.508248692601,19.4013483662808,PASS
3.50794766224536,1.08281840347414,9.25677793676946,3.82140903688491,6.92194790217367,0.116298887510294,0.0546488298332181,183.513513513514,50.8415931615249,46.0975023085604,206.470014953202,19.607569840129,PASS
4.70809044245815,1.01080767800621,9.21867274544998,4.39586719221331,5.79056952000898,0.167449580411324,0.064987614885221,193.243243243243,50.8441856356943,54.4741783442004,167.882804701707,19.2410032307677,PASS
3.56820521534277,1.06273759514347,7.07354781777169,3.9889408988642,5.43220548689576,0.134279227099539,0.072891826547149,192.432432432432,51.1902153503979,50.5212875123757,159.095378439025,18.981742590759,PASS
3.90820270770363,1.08071500203904,7.77322199264882,4.14997085316842,5.9268273504938,0.157451909399592,0.0803475890005855,188.378378378378,50.9322584519363,48.8965655609477,173.525094366418,19.260713342844,PASS
4.53826241951419,1.11725672627229,6.26472400434908,3.41212017426399,6.21238737652384,0.145487553967687,0.0449370373767404,176.486486486486,49.9055424261429,42.2627059096507,173.551061713882,19.6156131467384,PASS
4.26396887082003,1.15165901336575,6.32575351865754,4.00435729606596,6.39203086607226,0.16510456336876,0.0682338281212205,175.135135135135,49.8633639258535,41.3693969615059,180.149830847962,19.7058882546664,PASS
4.27189132134778,1.12894208682041,7.19272080373726,3.5539816605052,6.58377030828294,0.15279753423258,0.0590129737528868,177.297297297297,50.1372039373385,42.8206444983886,187.983248802349,19.6985705598924,PASS
4.09050506838176,1.04898300333166,8.29593043926545,4.26416934004014,5.87620410778737,0.150879448003492,0.0703869444088958,190.540540540541,50.9800218373894,50.9124523368304,171.954093426906,19.2330805325086,PASS
3.57930088262176,1.03939015717914,6.6468333892306,3.90984263400627,5.01551880909102,0.125367363044143,0.0673011102323395,196.216216216216,51.1772120678805,52.7747037499908,145.552770133309,18.7906029656591,PASS
4.17920255233523,1.12252671550051,7.16533459788902,3.68967740710074,6.67717717583622,0.143017721610589,0.05191340982947,176.216216216216,50.0731685707379,42.1933531208805,190.593759975488,19.7473843764104,PASS
3.7864554818287,1.05887608227179,7.20387629663444,3.55918493025356,5.4141394893377,0.136048944383381,0.0696301704971581,192.972972972973,51.1687693669128,51.1485193754616,157.755846405925,18.9771478757597,PASS
4.00812885029889,1.09114820573218,6.32437467420765,3.60299454581342,5.5064567728453,0.152295709883002,0.0716080583713523,186.756756756757,50.6617969136272,47.3201659154891,157.411716311588,19.1377804950759,PASS
4.48624098369943,1.06938435946661,7.8880289008696,3.78501553434817,5.81787544876566,0.172343809727754,0.076142326077445,188.918918918919,50.7369831825725,50.194338861613,167.661427173083,19.2726749344403,PASS
3.87108525712455,1.08006044617812,8.4890237333884,3.99704154963836,5.7561989824567,0.176760714063088,0.10567367938256,193.513513513514,51.2760657740603,52.4030610804501,170.572538350158,19.1073006128929,PASS
4.09157935807107,1.08485265890132,7.95667375235041,3.48062002222722,5.92213029893737,0.158929320666447,0.0784919177684029,188.918918918919,50.9780661446614,49.4827206054,172.861669626064,19.2399384820471,PASS
4.62965887567711,1.1202452676885,7.35036040708029,3.62880841590326,6.54270399237157,0.16230692489133,0.0564386672191911,177.837837837838,50.0170312005831,43.5907209741378,185.391252005907,19.7272336579768,PASS
3.94136731313446,1.05329559548137,9.18995737846755,4.3008405559795,6.70798133724876,0.122264278882851,0.0450717545125934,184.594594594595,50.6848312681841,47.3833372007033,197.530276580165,19.5971834301278,PASS
3.80704585679445,1.07430945490113,6.60550735422498,4.19570309127131,5.85627243535082,0.12921355881832,0.0529114981644506,184.054054054054,50.5887164353892,45.6699218220061,168.439996999748,19.3049674638383,PASS
4.91124550237787,1.0291641895756,6.34975576075408,4.28673070468597,5.08731612059515,0.179008864629503,0.0672495085309932,190,50.188033450036,51.2618941401154,141.540338808873,19.0933398285799,PASS
4.40889811715195,1.04168689930759,7.41104638306573,3.50584585668454,5.44700513048413,0.147656386471276,0.0592416646892306,191.621621621622,50.844824195715,51.7073379361355,156.068024855149,19.0815025719122,PASS
4.38056717901159,1.06906292512895,9.32074440352741,3.60544982046418,6.44738987470165,0.155126451864334,0.064012518348322,187.027027027027,50.7678913107479,49.5069380126745,188.4724667453,19.4859495308257,PASS
3.88958843938686,1.0429623159923,9.91862307707405,3.65916161216594,6.58652168445597,0.112359236052585,0.0445057848757949,188.648648648649,51.0432970796051,49.936652320118,195.499912496232,19.4433855618928,PASS
4.02341228229948,1.06277977783289,6.8618567568194,3.70984993789169,5.09096724417146,0.166697607752508,0.0914665044875129,195.135135135135,51.0015705051689,52.951274996153,146.736469463327,18.8792168702401,PASS
4.09498627574736,1.06322725342927,7.16552448420989,3.91104010558734,6.04398201595613,0.127797438509048,0.0440193924235674,183.783783783784,50.5549926891202,46.1930506188592,173.627965860201,19.3920536999554,PASS
4.37803281180925,1.0569117794532,8.86812040452121,3.89996649191339,5.94333103722464,0.171317439575579,0.0811323352758846,191.351351351351,50.9567623699873,52.0848823573034,173.59238740238,19.2629948942511,PASS
3.73828199282433,1.09368138638663,7.59209795336285,3.49595080422373,6.65527864865948,0.11412925157281,0.0412817349219093,179.459459459459,50.5120022698606,43.4198021221651,193.455634742778,19.6073336131083,PASS
5.27905458269178,1.11470228434952,6.89207797882369,3.86938644469879,6.41952783291835,0.173943180639646,0.0450657381882411,175.675675675676,49.5424854091842,43.1279102761557,177.443851867508,19.8264516124296,PASS
3.74759297263681,1.02934022109739,8.45302110593486,3.69909407136609,5.92715543432585,0.102707229699823,0.0407818584021032,191.621621621622,51.2438056946359,50.8579519284714,174.681443426961,19.1633127463571,PASS
3.83470691744882,1.13904236375574,7.38872300042734,3.8725739843373,6.92286376601805,0.142404230917059,0.0604278838056685,175.135135135135,50.1066423411662,41.4003363405479,199.960470075823,19.8190164436964,PASS
4.55694770699855,1.03787905515146,9.06311363496818,3.57830722452006,6.03998613866573,0.147340398402591,0.0529885954834772,190.27027027027,50.8666632915198,51.8823835081218,175.24883667655,19.315522999965,PASS
4.118637468893,1.10957637837712,6.08144510435232,3.62062305873687,5.27806097768066,0.179439264164988,0.0942474797449688,188.378378378378,50.59353891024,48.3049533643336,150.164365334283,19.0544985545735,PASS
3.98197724431124,1.04512973524515,7.94454691378113,4.05543729797461,5.46333740552959,0.154288615662563,0.0815396945274309,194.864864864865,51.1857482171906,53.2759310695083,159.839939329485,19.0099590737279,PASS
4.36580736105041,1.14844080012059,7.19804908051165,3.97534262600773,6.58144827576473,0.177677439722552,0.0772890139854035,177.027027027027,50.0276320204317,42.8971740609177,187.761513156698,19.7404787739483,PASS
3.65182983634047,1.07124972808205,6.77113255075315,3.69009723676559,5.1996162585442,0.147306408801008,0.0841447361802292,194.054054054054,51.1729397518556,51.5019994265107,151.416258876676,18.8799840893367,PASS
3.75490318651063,1.13195904294677,7.24720322852412,4.00232681732189,6.29748910617658,0.162118554776242,0.0843045610417037,181.891891891892,50.6223971962503,44.678406613366,183.795084670749,19.4729584086922,PASS
5.11574131857348,1.06415699469614,7.96523400563748,4.28377929366471,6.36132709477721,0.168980758547003,0.0442456497863455,181.081081081081,49.984104385462,46.6337661199853,179.518314986652,19.6956387463994,PASS
4.11514201234939,1.06618669241582,9.36628739140407,3.61699909805767,5.9828869948544,0.168730768905191,0.0919404093975935,193.243243243243,51.2315036577829,53.0815395052106,177.019381413971,19.1961137464004,PASS
3.99992274497869,1.1007814070008,8.58373300663931,3.63553115307084,6.73893468371448,0.143995432362769,0.0625558358362329,182.162162162162,50.5844932253622,45.6203034017117,197.327262966702,19.6288477311301,PASS
5.11823294002961,1.15204986473881,6.26779816374962,3.55290086118979,6.38444884636073,0.175131542747771,0.05341873236258,173.243243243243,49.4359579429954,41.3503210964182,175.4610447865,19.8226524765361,PASS
3.67253392409051,1.16631209128485,6.90980369571898,3.46537996277137,6.43030951064361,0.163822781241648,0.0876347921486275,178.918918918919,50.541810871752,42.7873232594867,187.594438331578,19.5299196156908,PASS
3.78083119089609,1.08766650202106,8.76056866110373,3.98133093003136,6.4358199185807,0.148010591338376,0.0760484420164307,186.486486486486,50.9475614087681,48.0189455411421,190.777559615217,19.4344780578575,PASS
4.46606910155485,1.02273974771902,9.78311562858449,3.78415251450913,5.91459532381776,0.153179199763974,0.0652957134240347,194.324324324324,51.0899824186109,54.8907183000871,173.179535412873,19.2062636666037,PASS
4.52562099453706,1.008263506449,7.37584892925162,3.50058684528554,5.13251225200322,0.137691220980019,0.0490052816864449,195.405405405405,50.8449148759541,54.5401808336242,146.073944452977,18.9388366266308,PASS
4.48231529038566,1.17899671847986,6.35876283921545,3.67222384217591,6.63729092875629,0.171606039022555,0.0679558631986923,172.162162162162,49.6116676546272,40.0999839147722,185.655913751567,19.8595613538499,PASS
5.0625703086047,1.0276043712198,6.2010938977617,4.18109952707993,5.09702349666805,0.176783670349155,0.0598360430050542,188.918918918919,50.0456089132332,50.6124826001888,140.795256526031,19.131649628149,PASS
4.9266983393193,1.01965253134466,8.24443971411327,4.06861514339356,5.72338615124593,0.162797323902966,0.0509315845882183,190,50.5733029200522,52.181877126136,163.183652725617,19.2866375812458,PASS
4.41461060276841,1.12478572646645,6.79885000975273,3.82391668379975,6.74539036457551,0.141530197203966,0.0419892237356211,173.243243243243,49.7087085027205,40.8138362263969,189.559323310454,19.8731048806619,PASS
3.86625220243631,1.04333144110671,6.10845002639661,4.07786347911625,5.03729536870431,0.136473817652561,0.0638349262782253,192.432432432432,50.7409884028548,50.5232671837366,143.67276937702,18.9024821865366,PASS
5.39818405913716,1.09944556004287,8.14238234396553,3.79927025058638,6.67062372143944,0.179164909747729,0.0440201345611695,177.837837837838,49.7240188910031,45.1657943967613,186.792569112354,19.8734321172073,PASS
4.20377675096876,1.09492418772636,6.57205510994776,3.84299811441614,5.8232254624328,0.155372742734492,0.0657470368644439,183.513513513514,50.4314962151336,45.8507520360679,165.879227363956,19.3370898315462,PASS
4.63137683337023,1.05926140593611,7.59305288888263,4.23943708981594,6.15582318097815,0.152223422207709,0.0473568786214414,183.243243243243,50.2857303139271,46.8497693444088,175.339004938799,19.5273331943701,PASS
4.89402858293682,1.09386974390028,7.10366214287316,3.40846057179307,5.9773410132628,0.169175343455903,0.0572978957121666,182.702702702703,50.2175936312206,46.5940251239689,168.282606450282,19.4655375845232,PASS
4.51994324654966,1.05571474901437,7.13580708734283,3.60782840366225,5.57699549864246,0.154764173550243,0.0591918957521977,188.648648648649,50.6209264720956,49.7024962253141,158.78441882005,19.194909256708,PASS
4.46400453047259,1.09783193382473,7.57355659956991,4.01395295392081,6.61490590534195,0.149121191688159,0.0483864587290268,178.108108108108,50.0542506616434,43.7834022309009,188.491084885905,19.7441595589748,PASS
3.9385628650721,1.06647417835772,9.94369751047959,4.1087068459674,6.72770044344058,0.142487683947101,0.0671424391979629,187.027027027027,50.867162831229,49.0835643477916,200.015721320906,19.5492340818628,PASS
3.63403717877186,1.02810630013583,6.68419590763133,3.69184432405562,5.08492579534615,0.110416966847402,0.0515820193394146,195.135135135135,51.1548214849526,52.2454292630658,147.16937240246,18.8230001942824,PASS
4.93661314266679,1.09817160911734,7.63552378989493,3.72488478924823,6.32670293587537,0.173879937615189,0.0574878155343307,180.810810810811,50.0897589312451,45.8442383642876,178.8494662607,19.6407356076877,PASS
4.089390269249,1.06277147833955,6.07437626833188,3.80099555986619,5.04892276829057,0.156875296671276,0.0760588902859546,191.621621621622,50.6412264336032,50.3097494468239,143.232459489444,18.935302508893,PASS
3.51700659175142,1.05567627833464,6.8005572747754,3.8638170839081,5.37052770259778,0.121480565342426,0.0620981231292578,192.162162162162,51.162479524368,50.0703943637848,156.679940194326,18.9549925325526,PASS
3.78133592029489,1.09298495778319,6.36407608686877,3.70759964164288,5.18531585257573,0.165544049448049,0.09432660883687,191.891891891892,50.9464174169627,50.1306779129247,149.701020714553,18.9275497873031,PASS
3.62225802480422,1.15829475876796,6.74214877557526,3.65544917377111,6.95116786163367,0.133534317597985,0.0570194506565245,172.162162162162,49.97355555304,39.4170632891657,199.949261618294,19.8498817671591,PASS
4.12162053421052,1.09865134164522,7.52051545049642,4.39821594416255,6.86302961855203,0.132821346678444,0.0419170347417341,175.945945945946,49.9529028469007,42.1701087474859,196.404169452527,19.8548108695271,PASS
3.96454623779546,1.12429305173675,6.8710765066261,3.6740432255406,6.45849786548562,0.142180096493008,0.0581976806525168,177.837837837838,50.2624018567853,42.5722743411603,185.235742539068,19.6139080417641,PASS
4.41245101764869,1.07705413816202,9.50042647834474,3.77617355235425,6.74619107702909,0.155751329030928,0.0607528735484216,184.324324324324,50.541284316341,47.967953200763,196.930869553268,19.6493741944979,PASS
4.33468100918624,1.0920574244164,9.2254568090564,3.5157984185117,6.3845337221332,0.175898906355539,0.0853740709350023,187.567567567568,50.842847933634,49.6866137472027,187.288521404593,19.4456051815383,PASS
4.36232393775862,1.05746215225263,6.71968829829537,3.506204952565,5.36431457994226,0.151614173325413,0.0626845645532198,189.72972972973,50.6706867800297,49.9951285772258,152.532857251052,19.0812535174474,PASS
4.00557513594166,1.11463155683507,6.21557444422588,4.38552103789079,6.38368889879242,0.135578894301809,0.0474071749767775,175.135135135135,49.870151960362,41.0480612764073,180.13464165787,19.6933513698887,PASS
5.17254039478182,1.07471255208155,6.76039283239741,3.78312972546098,5.92396241420624,0.166213443119353,0.0435076839541884,181.081081081081,49.9034798298296,45.9465718614128,164.416053212647,19.5357935636928,PASS
4.09995806590877,1.16497341119744,6.54973817840914,3.65045277808172,6.87265952990628,0.147688659688993,0.056493400631795,171.351351351351,49.6941652687613,39.3518061242913,194.16256261156,19.9079817214689,PASS
4.64989323719983,1.16381526032799,6.56437426004367,4.3256673570746,6.73965081768999,0.175070790153843,0.0636724515734186,171.621621621622,49.4057578993631,40.235199198295,187.768561808568,19.9694426704972,PASS
4.64178728286796,1.16526590804076,7.05168536048928,4.17943977590381,6.98864246159177,0.173748324665536,0.0625337446696012,171.351351351351,49.4284219726631,40.2982761078948,195.88867639578,20.0510827466788,PASS
4.53691546970326,1.1348310898949,7.16670057729889,3.67858910861206,6.58322570674994,0.165655252789402,0.0618847653888278,176.756756756757,49.9625795244421,42.8072459039006,186.521191621159,19.7544516632195,PASS
3.94688618769661,1.06903538386595,6.97681511177053,4.37592516102025,5.6249585072279,0.152690708108765,0.0733368892757087,188.378378378378,50.7888981556982,48.703833971369,162.658291158328,19.1769663778376,PASS
3.52806278821185,1.09497262093103,8.10396858358619,4.27877494140587,5.65802949864835,0.176184067064842,0.115694037237494,194.054054054054,51.4173453526444,51.9911767576439,169.091546457203,19.0354932406578,PASS
3.6935795022503,1.10150158676662,6.75919882288813,4.23106154286418,6.29165932429522,0.129649849643035,0.0538813123826515,179.72972972973,50.4021506839859,43.238434119257,181.501030756568,19.518537133869,PASS
4.26635801352817,1.04301179768752,8.58935073962359,3.93592019099381,6.26627889056709,0.130107361631882,0.043282805566076,186.756756756757,50.733209014061,48.8348168991859,182.195603766408,19.4352622045556,PASS
3.70832995035177,1.03752329270469,7.15575377897016,4.24332084869982,5.7652981472968,0.108437786572583,0.0403727655389836,188.108108108108,50.9072768491553,48.1425613773871,167.510625466789,19.1919327739457,PASS
4.18384113788249,1.07304982999798,9.46672919878303,3.40047667373873,6.87702839137942,0.127712523539236,0.0440820234257334,183.243243243243,50.6055665357523,46.9845089955477,201.324048243515,19.6599876175947,PASS
3.78835411644422,1.10055297900538,7.64322823881383,3.64233111929191,6.03524166309283,0.152587171796309,0.0798544622841509,186.756756756757,50.9728717670229,47.6401986082305,177.115244624281,19.2810997679669,PASS
4.87521826883864,1.03743280847614,9.42314809354608,4.31623782248196,6.53871934207419,0.156958247159836,0.0428908991249318,184.864864864865,50.3450586076977,49.2892855807137,188.407618700263,19.6501829330186,PASS
4.97645996598847,1.08132610269674,9.34542518455966,3.70681031343894,6.84244393387114,0.16706430099604,0.0487916542105754,181.351351351351,50.1300389278783,47.0893562783759,196.037192824749,19.8034616293809,PASS
4.93332583121623,1.00804986777078,7.00082529915685,4.30347745655933,5.35298552232078,0.157303976540775,0.0452944084843823,189.459459459459,50.3302071639785,51.2826020413696,150.201028011081,19.1891252279224,PASS
5.16753583569466,1.052320540125,9.46264083625034,4.06317721514303,6.65811448875709,0.168546684672598,0.0420044624495449,183.243243243243,50.137751630137,48.6280628482412,190.205041837581,19.7485981985651,PASS
5.08530983667408,1.11906512948307,6.89915890666609,3.42335374932666,6.31204768957847,0.168894983962226,0.0490144749293433,177.297297297297,49.8033598635051,43.7473836548978,175.72429789496,19.7024728867928,PASS
5.23561205007265,1.07597339659794,7.25246511851765,3.42072842189175,5.93645863392981,0.169503578218435,0.0457100601478363,182.972972972973,50.092834801173,47.432593684073,165.784892153151,19.4892516571167,PASS
4.17462865990391,1.00820433646574,9.32620182446517,4.33590498883559,5.96750082731143,0.126325015121083,0.0480356274172762,192.972972972973,51.0857379404056,53.1579364177266,175.472486045634,19.2348395052983,PASS
4.97345732145807,1.02989136417631,9.30991488231032,3.6342187931998,5.9100340964756,0.170258188140417,0.058368838764584,191.351351351351,50.7338149774402,53.7282819595067,169.913888787592,19.3068909559114,PASS
3.72135910328086,1.08146217712427,8.4197947770256,3.7777208840975,6.27169255280004,0.137784340393088,0.0695003608419657,187.297297297297,51.0411286655455,48.200449841705,185.575304583911,19.3482803530068,PASS
3.7228429482555,1.12630553998258,7.72721242121539,4.26584522306476,6.36709162656915,0.167176841631464,0.0905990864863049,183.243243243243,50.7128379064455,45.6382313990734,187.296138754436,19.4800081521147,PASS
3.8240968974987,1.11158773933397,7.04082661254901,4.38864874165751,6.82246721839222,0.126039936085371,0.0438694053233397,174.594594594595,49.962420149785,41.0173294193126,195.427797137139,19.8274197598278,PASS
3.68208225797158,1.09290303072721,7.28011974876474,4.20500051667649,5.69077527347755,0.161479799911372,0.0916132392025058,189.72972972973,51.0514307749508,49.1220057666562,167.029603733356,19.1350105600758,PASS
3.71004807505763,1.05194531189302,9.09671071541065,3.64619069181991,5.71516675048883,0.142940397424523,0.0861350673082943,196.756756756757,51.5521488848302,54.4913517255113,170.590709994602,19.006439393419,PASS
4.38317387706156,1.11310680286975,7.54420942054178,3.78831921841447,6.50562045112325,0.159781886083964,0.06216111734619,179.459459459459,50.2269980134306,44.33511802625,186.286804301191,19.6576510211443,PASS
4.13038542750457,1.09599947613093,7.93436390825527,3.64428178098837,6.07902828735523,0.165495997416725,0.0809151688350679,186.756756756757,50.8280920591385,48.2646200334439,177.161269165578,19.3413226660893,PASS
4.69260095707325,1.08723438433005,6.36144033749252,3.5877351658981,5.82871975095429,0.154165247333475,0.0494170051779864,181.351351351351,50.0934650868497,45.1724640715643,162.92317151935,19.4272186089525,PASS
3.87230478520484,1.09784034276516,6.0715139730542,3.87591945367602,5.83898764770666,0.135039054338716,0.0551690062547126,181.351351351351,50.3704897332488,43.9557721601915,166.125120474714,19.3411420864254,PASS
3.63953744130713,1.14927785030909,6.93317617820204,3.86681104915125,6.0156828733154,0.176819552520835,0.102824132132043,184.054054054054,50.8158871679027,45.5626878234981,176.323846541403,19.3165017197362,PASS
4.83699100581783,1.03212179561097,7.27487364216908,4.01416704895507,5.69351875977814,0.151659601486116,0.0427421304079596,186.756756756757,50.3669638674931,49.3199240032207,160.746256485059,19.3220423194962,PASS
3.92238557112637,1.1009720411234,8.38130712023091,4.01602621579231,6.39528457120374,0.161610208028593,0.0821384258454529,185.135135135135,50.8006380216093,47.3032223951198,188.21562912905,19.4653232746148,PASS
3.53449062847035,1.05430038722936,9.10266278068218,3.46062490061745,6.24774013301403,0.107480685092133,0.0533829007225792,190.540540540541,51.3615199092432,50.1703118501328,186.687789504271,19.2416909814264,PASS
4.23177970469388,1.05878279060965,6.31194844940412,4.06184241057462,5.33441438327238,0.153219702607015,0.0653218583035244,188.378378378378,50.5229054261737,48.7594555677009,151.239284454772,19.1073264940681,PASS
3.72869999338128,1.13277743948118,6.37780567198323,3.59589507761578,6.0084666261342,0.150291328317046,0.0741922471966147,181.081081081081,50.5617411830987,43.8051708660455,173.278456299087,19.3632813333252,PASS
5.11275303092575,1.06452150849426,8.9696582828007,3.43659460994214,6.34495015213348,0.168446881531535,0.0481591303564473,185.135135135135,50.3688297760453,49.4528571104327,181.008448696197,19.5675062196322,PASS
5.05364688719343,1.0532091734323,9.83395769200802,3.66592879316223,6.51741569524439,0.170084411315021,0.0510249762211196,186.216216216216,50.4249365846726,50.4651881828977,187.489906817842,19.6100398825603,PASS
4.42906623688981,1.17501132852336,7.07445324829055,3.48793888908283,6.74227652591653,0.178316175671118,0.0766842805212282,174.864864864865,49.8959494866151,41.5984203028613,191.52541582785,19.8219370052277,PASS
3.94372366006816,1.01585731527957,6.40471041962444,4.03211579037675,5.17163616013812,0.113429205880445,0.0402374687481531,191.891891891892,50.7738168991234,50.4675396722183,147.557044550404,18.9606345873109,PASS
3.74123711630736,1.12606163926375,7.40154337831437,3.44214011858436,6.75877044586037,0.131047728979251,0.0553680109112748,177.297297297297,50.382241785151,42.2918810663103,196.303764178635,19.6788303821791,PASS
4.26970576063702,1.13450394673572,6.1555180868664,3.44332833989077,5.98940528644071,0.160647344054585,0.0676854548846335,179.189189189189,50.1770948361855,43.2764689843486,169.085103662661,19.4571220258036,PASS
4.95227104287236,1.03861703497696,7.12512499989947,4.25517598195181,5.55851892431615,0.173467241865568,0.0583878285178162,187.567567567568,50.291780155406,49.956004976559,156.385198742692,19.2918227830736,PASS
4.80081977337978,1.15740481553302,6.01223300288398,3.88554628199111,6.30925195054645,0.1757971627334,0.0626928390623528,173.513513513514,49.4897747777384,40.934424516783,174.108245644608,19.7774133506703,PASS
4.4439109566509,1.01155020720171,7.88300372315347,3.90321098248388,5.27678124895289,0.149709448568338,0.0622363416054543,195.675675675676,50.9563734714718,54.9121974894905,151.736124048924,18.9869965409971,PASS
5.49864242285646,1.08736196170485,6.16319975248345,3.86993850580176,5.81749503929491,0.177724224451649,0.0437006575683402,178.648648648649,49.5128535731297,44.7392037036813,158.500361989006,19.5936106400436,PASS
4.48353592159941,1.03277542678161,9.96378138135089,3.41226119119511,6.09029554491724,0.145333020350021,0.057564547895799,192.972972972973,51.0639910141239,53.88788374721,178.290424079345,19.271120974126,PASS
3.69627095833607,1.1040443210148,7.29379213435927,4.19412441904889,6.85072807849587,0.118069411195135,0.0416029329115913,175.675675675676,50.1380035181871,41.529691374802,197.732873849118,19.7837975232256,PASS
3.98920204617345,1.09812564213691,7.90066420117789,4.26048170925298,6.00676301712945,0.177246299870864,0.0950847171815103,187.837837837838,50.8711057406137,48.7068321900716,176.01497764227,19.3138714432582,PASS
3.63611786265524,1.14475746270349,8.47153961265014,3.89027799112035,6.78486143711049,0.16959130013938,0.0962792077772363,181.891891891892,50.7111047050841,44.9990074559164,201.744377157688,19.6154223197932,PASS
4.74853387305898,0.988615458093047,8.01620837375695,4.15020362423842,5.40445682221162,0.141781265960753,0.0407920814035966,193.513513513514,50.7308755067823,54.2369689402555,154.1946202578,19.1072462537285,PASS
3.54337563174921,1.15460373764572,7.79470722093804,3.71741641481981,6.36568286945097,0.177825280716213,0.10808144365846,184.054054054054,50.9483986210403,45.7665636309656,189.45037287044,19.4114945360995,PASS
4.27046461301864,1.14489610415037,7.72795476336826,3.45150106048985,6.79405048211153,0.164582964655077,0.0702016340162051,177.567567567568,50.1778796905764,43.0801043137008,195.527662891383,19.7614421015849,PASS
5.41781376180428,1.05303122173139,7.89873140258844,3.42401988340901,5.86243084747431,0.173909062358073,0.0430963678565028,185.945945945946,50.2217500363417,50.0521600412006,164.204377642888,19.4319302550665,PASS
3.59240155208612,1.18295123140394,6.97422306348814,3.4573673792349,6.87701770340436,0.155053977341832,0.0792132299156154,174.324324324324,50.2263540727157,40.4326331585311,200.307398025387,19.7624450782002,PASS
4.82760217855127,1.00645916472112,7.84380617036507,3.68534107742455,5.3326841993005,0.151167845948685,0.0483135112182526,193.513513513514,50.7185089822688,54.322664120537,151.482527226187,19.0721289060048,PASS
4.33578292913718,1.08098214039446,7.23014403715254,4.37728137555045,5.74804434952832,0.178772049336875,0.0838544338751694,187.297297297297,50.5914983897232,48.6604617895805,165.143564278821,19.2893635122851,PASS
3.86283869939847,1.05631369383748,8.79225984338065,4.31380140523309,6.39471765934354,0.130133554440103,0.0563086842761139,186.756756756757,50.8816191611588,48.4237432837345,188.674636786862,19.4415606664244,PASS
4.37607737810476,1.13804254969592,7.59769904598381,3.70489084279393,6.92399972252126,0.157272379842787,0.0583025052007228,175.135135135135,49.9083504205533,42.0414287369216,197.495724172794,19.8819558180111,PASS
3.57917870290425,1.10193280580682,6.67288854222611,3.60799003788131,5.32267719539127,0.161301368540426,0.0973909558278228,192.162162162162,51.1702633659889,50.0197037001829,155.633033235217,18.9365469670688,PASS
3.51041801292618,1.13143551952877,7.99090533630642,4.03466170779174,6.7861400474066,0.146175528904747,0.0764541053719241,180,50.6006762031137,43.7247788969074,200.646269366499,19.6416093162492,PASS
5.09391325992865,1.18718417388335,6.39911501390555,3.76377044686588,6.90339392226821,0.176140606088065,0.0532136607412573,168.378378378378,49.0490121539275,38.9321783126957,188.946689656067,20.1231042628443,PASS
3.61480968458404,1.07850638524544,7.40421301432586,4.0877828588798,5.56673765761482,0.152268878437202,0.0879965303352052,192.162162162162,51.2086492502173,50.5189614865808,163.902384171413,19.0416074446583,PASS
4.49142334323008,1.12213140606152,6.58234518645673,3.7191737380365,6.24197836842816,0.159946439783215,0.0587668045756466,177.837837837838,50.0064784140808,43.1122280002428,175.798562092653,19.6126814178057,PASS
3.69482868205226,0.997142001283615,6.87250895097946,4.29616791272682,5.01408474076328,0.101909358728796,0.0422252885890328,197.027027027027,51.1171545364613,53.7060656908414,145.009842336674,18.8099168752578,PASS
4.96260887387326,1.00479797930084,9.6364452667941,4.36579598120154,6.02866688227132,0.164146635486662,0.049817256359738,191.081081081081,50.6504215770051,53.6927751722736,173.960042917727,19.3833836954279,PASS
4.88292720753513,1.02930129180844,9.15173716293486,4.2459836906249,6.11685006401499,0.168305122861534,0.0557723130300704,188.648648648649,50.5733309510061,51.6448708747396,176.242167265849,19.4392138558615,PASS
5.03758114818514,1.09933198597216,6.82042259691898,4.1033910783652,6.19600923786001,0.173613214098149,0.0526105914597267,178.378378378378,49.7731662084257,44.2858660638418,172.574490541559,19.6795556035302,PASS
3.51216503672866,1.10024031043603,9.91150521019908,3.40486890938997,6.13202764332432,0.172693586469834,0.120637022320321,194.864864864865,51.6602009777659,53.1848877490581,186.605764917106,19.130100973949,PASS
3.65031255598121,1.10856301327639,8.09214855160067,3.8585092200355,5.90376636231664,0.174423423867927,0.107706353909824,190.540540540541,51.2529954926711,49.9620533628981,175.648489639597,19.1666940116047,PASS
3.51914921152204,1.03649764638864,7.04640178961171,4.39928113424144,5.4480811291319,0.112986133156283,0.0533483921216764,192.162162162162,51.1398259582005,50.3064919215874,159.268020091273,19.0037789282873,PASS
3.72246849710307,1.09182412228669,6.31976070815748,4.32932997020709,5.61645197025533,0.147345034997837,0.0726300414235177,185.945945945946,50.6583667108772,46.4406835602779,161.746937615433,19.19078965219,PASS
4.75986725764902,0.99469878421559,7.26895114951428,3.884592559003,5.19655224517731,0.141015387496585,0.0404530467301513,193.243243243243,50.6098300338882,53.615028341981,146.753122783101,19.037245019475,PASS
4.15928465869215,1.12867613545924,8.07723444653908,3.56630321161536,6.98626658526699,0.14936781011472,0.0592225889838248,177.027027027027,50.1521810338778,42.9034055946264,201.806456970097,19.8282016380391,PASS
3.9673070652272,1.12684296681162,7.02412298152308,3.50649090368813,6.22890001425464,0.155546893269094,0.072980395341866,181.351351351351,50.5404441467736,44.4552252757011,179.958626454096,19.4602500942806,PASS
4.77421933353801,1.08144507198123,8.20659258753615,3.73955291521472,6.42757690551478,0.162273705105898,0.0527244328723723,182.162162162162,50.2733539922133,46.7630746718887,183.587874865921,19.6250142290998,PASS
3.99701319814583,1.04892475478463,9.60100074648669,3.47897385376018,5.90499610325004,0.147984774742343,0.0803823695920701,195.135135135135,51.3938707713765,54.3385100051523,175.326714604746,19.1165867758234,PASS
4.46164262906568,1.0421037826992,6.48781554882587,4.29110994499254,5.2352293016245,0.163728090987903,0.0680935483174032,190,50.4716630770599,50.3445132699753,147.911867794759,19.087514921423,PASS
3.89528816468001,1.18185203323215,6.67153685096759,3.76514987314627,6.51682788871377,0.175542072201126,0.0894496729677368,176.216216216216,50.1890875841449,41.6245009400315,187.569629477922,19.6615099087305,PASS
4.38111157108913,1.0474927271878,7.77864952854605,3.6665051277735,5.6504652605785,0.151689271606943,0.0627069795686204,190.810810810811,50.8606611005483,51.1815030960877,162.855454189728,19.1673670715585,PASS
4.16555095508384,1.05681922796211,8.85877568750628,3.51763455976537,5.89162935961142,0.153874874421265,0.0754087771210815,192.432432432432,51.1550543423072,52.4024775866698,172.995256522797,19.1810751188245,PASS
4.65286995043941,1.11613244965531,8.69994696934868,3.56949200493528,6.72255269874866,0.179249887608823,0.0724106121876413,181.351351351351,50.2825136461744,46.1456601847127,193.778935237076,19.7190381248849,PASS
4.02120059425851,1.09685268032454,7.89190413418771,4.05769308225902,6.2999534956381,0.157449763644743,0.0737222368469314,184.054054054054,50.6615579727009,46.6007113270549,183.663290907594,19.4692917041321,PASS
4.8419974642314,1.08075819791717,6.74418759078108,3.89791181307252,5.77245452538764,0.173588472607604,0.0619498935181724,183.513513513514,50.1568213872769,46.9369746017292,161.957960355801,19.4041113828184,PASS
5.13871239329803,1.09193045252607,6.20438949008911,3.40591621171025,5.81976901030747,0.16123788461343,0.0422240293279045,179.72972972973,49.8008455781101,44.7646197023366,160.234271237322,19.5008891830902,PASS
4.93075316252092,1.06371957658094,8.64592440583024,3.69438867304898,6.47436185564076,0.15603167063635,0.0416912905351176,182.972972972973,50.2673236574248,47.6731484936663,184.780467452356,19.6427526414097,PASS
4.62440147251697,1.01569081116126,9.43536593088888,3.91834484832084,6.01547886806658,0.144741924152667,0.0479103648217687,191.621621621622,50.8655461917884,53.1453818536765,174.70554889686,19.3101167993323,PASS
4.95437006288776,1.04265139447844,9.16168659163905,3.69156658943035,6.01387670313445,0.175433275425087,0.0624933070662904,189.72972972973,50.6609790172807,52.4626607213316,172.906938622376,19.3689647239852,PASS
4.33519943567996,1.0733199129285,6.54588741494185,3.64271898546426,5.3335306847181,0.166096456082667,0.0761255709328823,189.459459459459,50.6237204060767,49.6298722156471,151.579832854106,19.0818093580231,PASS
4.81648202949176,1.1257630537236,6.28771983345026,3.50698699064553,6.15582320741417,0.163443845561785,0.0528233257203031,176.756756756757,49.7946751123154,42.7501936671015,170.98280552712,19.6348434044982,PASS
4.57350797317118,1.0003175513784,7.41526669720183,3.88204748853454,5.16172791492624,0.142755809818744,0.0501979151674593,194.864864864865,50.7768785128819,54.432209855907,146.859568812771,18.9778735117332,PASS
3.76945595149282,1.13350775318755,6.97436191647622,4.01039255181951,6.81452456722733,0.134632976886414,0.0542363734450848,174.594594594595,50.0507199459312,40.8385946702674,195.831548992232,19.7961344415458,PASS
4.32123838697225,1.06493348172992,9.88326263592534,3.55480012265196,6.40787036012318,0.159599448849396,0.0729913298123548,189.459459459459,50.9456384067509,51.2059675013734,188.678452454494,19.4196064202712,PASS
4.59150269132672,1.15852941607642,6.1413148649608,3.68872317499989,6.54538206191784,0.159620580692613,0.0539844239399893,171.891891891892,49.5030903310542,39.9531342628642,181.519780734623,19.8510061144995,PASS
4.36441904286019,1.03759655836174,6.62982646865757,4.25507571257109,5.45682529469123,0.144197517952357,0.051966625520911,188.108108108108,50.4947571411689,48.942228717481,154.735164281726,19.1786307060976,PASS
4.29274831112572,1.04573633992398,7.07314113975553,4.01322646503101,5.24567094356362,0.165518783045071,0.0789108534949301,193.243243243243,50.8206407380466,52.3488857074883,150.336865330545,19.0053915650998,PASS
4.19537635158084,1.01497540643416,7.0124952417837,3.57732654180366,5.00701444676379,0.13262097810969,0.0561904102040431,196.486486486486,50.9552748406527,54.3801376784461,143.180314279319,18.8468115904803,PASS
4.76583916403567,1.1501330204504,6.92416265114979,3.51307470145278,6.96087665110965,0.152832127312611,0.0422321634817345,171.081081081081,49.4406066981868,40.0629965160886,193.824055714378,20.022562017728,PASS
4.7067019315738,1.09893873857365,8.0499296963854,4.13366125387098,6.69718613027224,0.165203072795497,0.0546398671917169,178.918918918919,50.0006560617798,44.6458569881553,190.866444928434,19.7982658838977,PASS
3.50878037522329,1.03987559471346,9.08139684950017,3.97412379526981,6.01151343391212,0.111311180692796,0.0590995661421024,193.243243243243,51.4539063018177,51.946047313775,179.936462825994,19.1422144388892,PASS
4.8277782307251,1.00710310320044,6.46099403777099,4.21422416814615,5.13340612203928,0.153267690166989,0.0465037851015444,190.27027027027,50.2685517838354,51.2426059626423,143.177126725669,19.0917833693747,PASS
4.43808675279478,1.05787890404703,6.30927512983661,3.9556247709394,5.40589023532213,0.154292796222107,0.0592248516291498,187.027027027027,50.3821196415629,48.1909026926056,152.283175323112,19.1759671560023,PASS
4.50102912814414,1.07165510056773,9.38896818381959,3.50115614513424,6.41583016357133,0.162236303680811,0.0667643707520372,187.297297297297,50.751303665538,49.9241324668969,187.110150572784,19.4796468142199,PASS
3.59616850321116,1.11752615175165,9.53319821945657,4.38671579502986,6.8953354578053,0.16651721676193,0.0970206914994646,184.594594594595,50.825980581216,46.977522345955,207.191475499798,19.6211548535103,PASS
3.94202034595628,1.14397066242912,7.46357012307427,3.99740651984983,6.80668795954796,0.157559212318443,0.0714656787431485,176.756756756757,50.1635835993009,42.2697337537022,196.787965685962,19.7722578003856,PASS
4.75203314215713,1.05249724164159,9.59585192056526,3.48671706280773,6.08082907413293,0.175500638940926,0.0724485733599811,191.081081081081,50.8515846815985,53.0532031595446,176.538587155286,19.3347004894262,PASS
4.18315127378918,1.0471208588649,9.40590974978076,3.47657512867516,6.11455378950745,0.14003886243805,0.0620877887710642,191.621621621622,51.1267504459254,52.1429711583914,179.952811719255,19.2660398598756,PASS
3.71395523014363,1.0228145898408,8.59525633377347,4.3160915798197,5.75536649512721,0.116507032109909,0.0557536321187561,194.324324324324,51.3251328801031,52.7115528529391,170.460052040536,19.0884616770622,PASS
3.93249143804535,1.05873779839907,9.32361655070617,4.24444408474693,6.37388645576382,0.14429664353787,0.0695497526657695,188.918918918919,50.9925383354523,49.9803564207696,188.989136231313,19.4041718843442,PASS
3.71702461397572,1.02878051270094,8.93511012475709,3.86216365689878,6.04283402622884,0.105153371258678,0.044897160928136,191.891891891892,51.283438829066,51.332535986454,179.148590085303,19.1972507266718,PASS
4.09047978864552,1.05626511879766,8.09381741554731,3.87623800714055,5.43931556296122,0.171910531864791,0.0954843701692234,195.405405405405,51.1946413634021,53.9943478421838,159.079780566431,18.9978249378525,PASS
3.69122824010002,1.04708291356039,9.64587016695383,3.58727174591807,6.08477087681526,0.124624654769537,0.0682420404874317,194.054054054054,51.4665804632773,52.9160828236818,182.148528200098,19.1599599060051,PASS
3.89846065297039,1.11671548990402,6.79801715851804,3.90429954939522,6.2411434033115,0.146637434087562,0.0647260044428087,180,50.404450199397,43.6943926992876,179.570829450032,19.5015735700149,PASS
5.05712181914395,1.01271709282763,7.9147291832967,3.86256308313687,5.59034218309531,0.157025984298524,0.0416370849221098,190,50.4923341064057,52.2943974632164,158.066429650539,19.2496671769743,PASS
3.53064272210647,1.15480808810514,7.32860976864257,3.58261189262441,6.5823430685707,0.154895729108513,0.0838915152826995,179.459459459459,50.6318909111543,43.0801989150333,193.734282547032,19.5599168497989,PASS
3.9111800569662,1.09446528271422,9.22172048967115,4.18676407727122,6.33223329227705,0.178799970830982,0.102054121124139,189.189189189189,51.0407904769581,50.0046686344552,188.545924597541,19.3818460807851,PASS
4.215675396643,1.06464323378096,8.87185523351326,4.18533767288754,6.25226113509416,0.160306237965847,0.0730857138741868,188.108108108108,50.8234237937665,49.7145092013256,183.271192312094,19.41325044768,PASS
4.31851122120851,1.09577574344411,8.02354803619472,3.73082693363808,6.14996031354657,0.172149540533873,0.0797547047147615,185.945945945946,50.6835623157472,48.0603195537257,178.339770858409,19.4099158109598,PASS
3.8947361815292,1.13907483374537,7.67120017996364,3.40374626266816,6.47713660054961,0.163144283052118,0.083050149512942,181.621621621622,50.6471710476618,44.7491084480367,189.377473068034,19.5228737158966,PASS
4.42032469326303,1.13922396806212,7.24123320537642,3.73836833160439,6.89721502032592,0.153026339320965,0.0525308558561381,173.783783783784,49.7684311744361,41.2322902185915,195.264824237757,19.9104963407028,PASS
4.3455866942277,1.09008845366648,6.63058345959969,3.77152527658841,5.93220500927563,0.150302466424169,0.0562098028605089,182.162162162162,50.3113397278285,45.2960408196987,168.193536743781,19.4121311795513,PASS
3.90730570200913,1.08020212479624,6.87148742025637,3.57300871953203,5.80971989834465,0.13448185029864,0.0581519405929455,185.945945945946,50.7706328854333,46.8706216598903,167.647320394757,19.2368179331813,PASS
4.56583870140103,1.06415507508011,6.00150167562247,4.20325294272238,5.59843130930067,0.150294315752134,0.0484679429638356,182.432432432432,50.0257716950232,45.5879304331177,155.991797575734,19.3483842628594,PASS
4.58742324063353,1.16312628912594,6.7701268746441,4.2933859803891,6.85209413981468,0.172383789498921,0.0629080913355321,171.621621621622,49.4367475974892,40.2207910063197,191.685044663546,19.9996881279508,PASS
3.56642046569483,1.10808029389911,6.90530683478692,4.19997858895217,6.34030431166026,0.130381849882119,0.0586765063787289,180,50.5128327286912,43.3563636432036,184.179574798834,19.5081056644023,PASS
3.78202883038347,1.07355168530924,6.87190384846238,4.06409835090069,5.55615684955536,0.145476519094844,0.0732821546410055,189.459459459459,50.9209036356255,48.84240932501,161.231438315789,19.1046133348309,PASS
4.64926625231497,1.11676360843485,6.55855687692525,4.12569775277208,6.26041151290302,0.165938509813807,0.0577710266645509,177.027027027027,49.8339463916628,42.9790129761179,175.323193152831,19.6780709870039,PASS
4.13145456840594,1.11173775684991,6.40590705335437,4.27191815690943,6.02274346624977,0.158063051761941,0.0671898403757996,180.27027027027,50.2066016783676,43.9273373559371,171.141967267798,19.4782542418831,PASS
