    0     0     0     0     0     0  1000  1000  5000     0     0     0    20 1.181000e+02     0     0 
1.000000e-01 1.253889e-03 -4.613255e-03 -2.102530e-04 1.180484e+01 1.115270e-05 9.999287e+02  1000  5000 -1.866743e-02     0 2.617994e-01    20 1.180032e+02 6.786913e-03 1.903104e-04 
2.000000e-01 6.644942e-03 -3.556658e-02 -1.221470e-03 2.360001e+01 2.401709e-04 9.997262e+02  1000  5000 -2.497232e-02     0 2.617994e-01    20 1.179481e+02 -1.204006e-02 1.174601e-03 
3.000000e-01 1.541522e-02 -8.128864e-02 -3.496149e-03 3.538967e+01 1.085192e-03 9.993561e+02  1000  5000 -2.614725e-02     0 2.617994e-01    20 1.179808e+02 -4.131280e-02 2.948686e-03 
4.000000e-01 2.588629e-02 -1.286947e-01 -6.842560e-03 4.717876e+01 2.420819e-03 9.987628e+02  1000  5000 -2.507199e-02     0 2.103871e-01    20 1.181232e+02 -6.753495e-02 5.197872e-03 
5.000000e-01 3.675104e-02 -1.635448e-01 -1.057309e-02 5.897064e+01 3.239737e-03 9.978952e+02  1000  5000 -2.302781e-02     0 1.824076e-01    20 1.183742e+02 -7.806135e-02 7.691175e-03 
6.000000e-01 4.723138e-02 -1.832106e-01 -1.395672e-02 7.076684e+01 2.588266e-03 9.967335e+02  1000  5000 -2.186867e-02     0 1.812919e-01    20 1.187085e+02 -7.347121e-02 1.029221e-02 
7.000000e-01 5.710612e-02 -1.939246e-01 -1.668343e-02 8.256858e+01 4.237158e-04 9.952884e+02  1000  5000 -1.989566e-02     0 1.753693e-01    20 1.191030e+02 -6.171895e-02 1.280773e-02 
8.000000e-01 6.620865e-02 -2.004651e-01 -1.858199e-02 9.437780e+01 -2.454364e-03 9.935825e+02  1000  5000 -1.772997e-02     0 1.608750e-01    20 1.195441e+02 -4.801196e-02 1.497300e-02 
9.000000e-01 7.444729e-02 -2.045257e-01 -1.944266e-02 1.061972e+02 -4.645402e-03 9.916405e+02  1000  5000 -1.561955e-02     0 1.382614e-01    20 1.200233e+02 -3.401137e-02 1.654426e-02 
    1 8.182164e-02 -2.059144e-01 -1.906398e-02 1.180303e+02 -4.225693e-03 9.894870e+02  1000  5000 -1.366115e-02     0 1.152755e-01    20 1.205325e+02 -1.952115e-02 1.737312e-02 
1.100000e+00 8.848059e-02 -2.045158e-01 -1.739383e-02 1.298812e+02 1.371375e-03 9.871478e+02  1000  5000 -1.290747e-02     0 9.504333e-02    20 1.210627e+02 -4.537041e-03 1.743676e-02 
1.200000e+00 9.471649e-02 -2.008391e-01 -1.455587e-02 1.417546e+02 1.540273e-02 9.846504e+02  1000  5000 -1.164981e-02     0 7.704421e-02    20 1.216053e+02 1.036115e-02 1.684291e-02 
1.300000e+00 1.006064e-01 -1.955855e-01 -1.075875e-02 1.536557e+02 4.171861e-02 9.820224e+02  1000  5000 -1.025985e-02     0 6.038085e-02    20 1.221525e+02 2.452365e-02 1.575053e-02 
1.400000e+00 1.061477e-01 -1.892738e-01 -6.246734e-03 1.655896e+02 8.458636e-02 9.792907e+02  1000  5000 -8.872693e-03     0 4.495741e-02    20 1.226983e+02 3.756878e-02 1.433258e-02 
1.500000e+00 1.113256e-01 -1.822072e-01 -1.556853e-03 1.775608e+02 1.485173e-01 9.764805e+02  1000  5000 -7.540301e-03     0 3.109203e-02    20 1.232375e+02 4.936168e-02 1.275899e-02 
1.600000e+00 1.160187e-01 -1.745876e-01 4.511908e-03 1.895737e+02 2.381187e-01 9.736149e+02  1000  5000 -4.857477e-03     0 1.899086e-02    20 1.237658e+02 5.987668e-02 1.116205e-02 
1.700000e+00 1.199592e-01 -1.665932e-01 1.005949e-02 2.016318e+02 3.579319e-01 9.707152e+02  1000  5000 -3.210230e-03     0 8.630116e-03    20 1.242796e+02 6.911788e-02 9.595013e-03 
1.800000e+00 1.232079e-01 -1.583819e-01 1.574882e-02 2.137378e+02 5.122636e-01 9.678005e+02  1000  5000 -2.057810e-03     0 -1.177773e-04    20 1.247760e+02 7.710567e-02 8.121182e-03 
1.900000e+00 1.259108e-01 -1.500800e-01 2.141279e-02 2.258939e+02 7.050824e-01 9.648880e+02  1000  5000 -1.179873e-03     0 -7.379778e-03    20 1.252527e+02 8.388872e-02 6.812260e-03 
    2 1.281809e-01 -1.417837e-01 2.694536e-02 2.381013e+02 9.399662e-01 9.619928e+02  1000  5000 -4.753443e-04     0 -1.326703e-02    20 1.257080e+02 8.954122e-02 5.725932e-03 
2.100000e+00 1.298986e-01 -1.335701e-01 3.229805e-02 2.503605e+02 1.220068e+00 9.591280e+02  1000  5000 2.573302e-03     0 -1.789296e-02    20 1.261405e+02 9.415236e-02 4.855188e-03 
2.200000e+00 1.306578e-01 -1.255193e-01 3.750425e-02 2.626714e+02 1.548032e+00 9.563048e+02  1000  5000 3.882843e-03     0 -2.061856e-02    20 1.265496e+02 9.780817e-02 4.075298e-03 
2.300000e+00 1.306370e-01 -1.177873e-01 4.257091e-02 2.750332e+02 1.925910e+00 9.535330e+02  1000  5000 4.413165e-03     0 -2.255919e-02    20 1.269346e+02 1.004978e-01 3.337813e-03 
2.400000e+00 1.301509e-01 -1.103940e-01 4.748142e-02 2.874446e+02 2.355155e+00 9.508200e+02  1000  5000 4.566373e-03     0 -2.559627e-02    20 1.272958e+02 1.023701e-01 2.662827e-03 
2.500000e+00 1.294365e-01 -1.030856e-01 5.223447e-02 2.999038e+02 2.836743e+00 9.481719e+02  1000  5000 4.533125e-03     0 -2.659211e-02    20 1.276333e+02 1.037755e-01 2.094433e-03 
2.600000e+00 1.284678e-01 -9.592972e-02 5.680183e-02 3.124088e+02 3.371364e+00 9.455937e+02  1000  5000 6.585074e-03     0 -2.635667e-02    20 1.279467e+02 1.047068e-01 1.637318e-03 
2.700000e+00 1.269181e-01 -8.911687e-02 6.120214e-02 3.249572e+02 3.959378e+00 9.430898e+02  1000  5000 7.150138e-03     0 -2.503124e-02    20 1.282364e+02 1.050715e-01 1.199185e-03 
2.800000e+00 1.249555e-01 -8.281262e-02 6.543503e-02 3.375465e+02 4.600717e+00 9.406630e+02  1000  5000 7.087046e-03     0 -2.361542e-02    20 1.285031e+02 1.048044e-01 7.633179e-04 
2.900000e+00 1.228457e-01 -7.696540e-02 6.948938e-02 3.501740e+02 5.294911e+00 9.383148e+02  1000  5000 6.754309e-03     0 -2.361280e-02    20 1.287481e+02 1.040767e-01 3.702691e-04 
    3 1.207717e-01 -7.128132e-02 7.336735e-02 3.628368e+02 6.041227e+00 9.360456e+02  1000  5000 6.318248e-03     0 -2.201188e-02    20 1.289720e+02 1.032232e-01 7.262324e-05 
3.100000e+00 1.186848e-01 -6.580835e-02 7.704660e-02 3.755321e+02 6.838855e+00 9.338554e+02  1000  5000 7.656290e-03     0 -1.960861e-02    20 1.291754e+02 1.022067e-01 -1.190882e-04 
3.200000e+00 1.162845e-01 -6.070901e-02 8.054991e-02 3.882571e+02 7.686852e+00 9.317439e+02  1000  5000 7.810920e-03     0 -1.671084e-02    20 1.293591e+02 1.009147e-01 -2.819703e-04 
3.300000e+00 1.136883e-01 -5.610341e-02 8.388987e-02 4.010091e+02 8.584054e+00 9.297100e+02  1000  5000 7.486608e-03     0 -1.390992e-02    20 1.295241e+02 9.928454e-02 -4.346642e-04 
3.400000e+00 1.110987e-01 -5.192372e-02 8.707075e-02 4.137853e+02 9.529099e+00 9.277518e+02  1000  5000 6.974722e-03     0 -1.234848e-02    20 1.296720e+02 9.745491e-02 -5.519215e-04 
3.500000e+00 1.086518e-01 -4.793353e-02 9.010191e-02 4.265832e+02 1.052054e+01 9.258666e+02  1000  5000 6.408566e-03     0 -9.747409e-03    20 1.298037e+02 9.567044e-02 -6.000908e-04 
3.600000e+00 1.063005e-01 -4.416499e-02 9.297687e-02 4.394002e+02 1.155698e+01 9.240519e+02  1000  5000 7.249166e-03     0 -6.726471e-03    20 1.299199e+02 9.388746e-02 -5.777420e-04 
3.700000e+00 1.038019e-01 -4.072601e-02 9.572636e-02 4.522341e+02 1.263702e+01 9.223052e+02  1000  5000 7.193524e-03     0 -3.833493e-03    20 1.300215e+02 9.201752e-02 -5.497052e-04 
3.800000e+00 1.012411e-01 -3.763655e-02 9.837474e-02 4.650827e+02 1.375918e+01 9.206234e+02  1000  5000 6.788880e-03     0 -1.094512e-03    20 1.301098e+02 9.006700e-02 -5.344134e-04 
3.900000e+00 9.876880e-02 -3.485650e-02 1.009256e-01 4.779438e+02 1.492198e+01 9.190033e+02  1000  5000 6.260267e-03     0 1.614812e-03    20 1.301857e+02 8.809014e-02 -5.147300e-04 
    4 9.648391e-02 -3.234848e-02 1.033702e-01 4.908157e+02 1.612394e+01 9.174416e+02  1000  5000 5.709515e-03     0 4.326708e-03    20 1.302503e+02 8.612693e-02 -4.646094e-04 
4.100000e+00 9.434039e-02 -3.009499e-02 1.057081e-01 5.036966e+02 1.736367e+01 9.159346e+02  1000  5000 6.270069e-03     0 6.997256e-03    20 1.303045e+02 8.419405e-02 -3.808072e-04 
4.200000e+00 9.214044e-02 -2.808781e-02 1.079719e-01 5.165847e+02 1.863983e+01 9.144790e+02  1000  5000 6.150354e-03     0 9.583943e-03    20 1.303492e+02 8.230051e-02 -3.099489e-04 
4.300000e+00 8.994262e-02 -2.631408e-02 1.101800e-01 5.294788e+02 1.995111e+01 9.130713e+02  1000  5000 5.773599e-03     0 1.207157e-02    20 1.303853e+02 8.045684e-02 -2.633225e-04 
4.400000e+00 8.785624e-02 -2.475639e-02 1.123299e-01 5.423774e+02 2.129623e+01 9.117080e+02  1000  5000 5.312739e-03     0 1.445742e-02    20 1.304136e+02 7.867394e-02 -2.247944e-04 
4.500000e+00 8.595001e-02 -2.339701e-02 1.144097e-01 5.552793e+02 2.267396e+01 9.103856e+02  1000  5000 4.844953e-03     0 1.673721e-02    20 1.304350e+02 7.696029e-02 -1.712885e-04 
4.600000e+00 8.417728e-02 -2.222039e-02 1.164166e-01 5.681835e+02 2.408319e+01 9.091010e+02  1000  5000 5.294442e-03     0 1.890426e-02    20 1.304501e+02 7.532169e-02 -9.797859e-05 
4.700000e+00 8.237022e-02 -2.121406e-02 1.183759e-01 5.810889e+02 2.552287e+01 9.078509e+02  1000  5000 5.191771e-03     0 2.095306e-02    20 1.304597e+02 7.376228e-02 -4.030445e-05 
4.800000e+00 8.057268e-02 -2.036456e-02 1.203005e-01 5.939947e+02 2.699197e+01 9.066322e+02  1000  5000 4.881844e-03     0 2.288167e-02    20 1.304644e+02 7.228520e-02 -5.936061e-06 
4.900000e+00 7.887073e-02 -1.965757e-02 1.221858e-01 6.069002e+02 2.848951e+01 9.054420e+02  1000  5000 4.505094e-03     0 2.469023e-02    20 1.304648e+02 7.089242e-02 1.942617e-05 
    5 7.731796e-02 -1.907900e-02 1.240200e-01 6.198047e+02 3.001458e+01 9.042775e+02  1000  5000 4.123820e-03     0 2.637937e-02    20 1.304615e+02 6.958471e-02 5.566847e-05 
5.100000e+00 7.587046e-02 -1.861043e-02 1.258001e-01 6.327075e+02 3.156633e+01 9.031360e+02  1000  5000 4.532879e-03     0 2.807988e-02    20 1.304549e+02 6.836750e-02 1.073170e-04 
5.200000e+00 7.438542e-02 -1.826652e-02 1.275455e-01 6.456082e+02 3.314399e+01 9.020151e+02  1000  5000 4.463342e-03     0 2.952498e-02    20 1.304457e+02 6.721449e-02 1.448577e-04 
5.300000e+00 7.289916e-02 -1.803046e-02 1.292666e-01 6.585063e+02 3.474679e+01 9.009124e+02  1000  5000 4.213407e-03     0 3.083664e-02    20 1.304342e+02 6.613569e-02 1.620147e-04 
5.400000e+00 7.148615e-02 -1.787102e-02 1.309596e-01 6.714015e+02 3.637400e+01 8.998256e+02  1000  5000 3.903850e-03     0 3.194270e-02    20 1.304209e+02 6.514929e-02 1.713080e-04 
5.500000e+00 7.019302e-02 -1.775923e-02 1.326144e-01 6.842933e+02 3.802494e+01 8.987527e+02  1000  5000 3.588373e-03     0 3.306873e-02    20 1.304061e+02 6.426684e-02 1.901576e-04 
5.600000e+00 6.898210e-02 -1.770054e-02 1.342263e-01 6.971817e+02 3.969901e+01 8.976919e+02  1000  5000 3.971291e-03     0 3.412781e-02    20 1.303901e+02 6.346691e-02 2.227680e-04 
5.700000e+00 6.772579e-02 -1.770414e-02 1.358125e-01 7.100662e+02 4.139561e+01 8.966414e+02  1000  5000 3.927698e-03     0 3.506190e-02    20 1.303731e+02 6.273104e-02 2.435059e-04 
5.800000e+00 6.645884e-02 -1.776459e-02 1.373808e-01 7.229468e+02 4.311420e+01 8.955996e+02  1000  5000 3.721223e-03     0 3.588663e-02    20 1.303555e+02 6.205614e-02 2.469659e-04 
5.900000e+00 6.524824e-02 -1.786964e-02 1.389260e-01 7.358233e+02 4.485422e+01 8.945652e+02  1000  5000 3.459386e-03     0 3.662892e-02    20 1.303375e+02 6.144432e-02 2.443357e-04 
    6 6.413639e-02 -1.800931e-02 1.404374e-01 7.486956e+02 4.661517e+01 8.935368e+02  1000  5000 3.190076e-03     0 3.729837e-02    20 1.303192e+02 6.089470e-02 2.512402e-04 
6.100000e+00 6.308979e-02 -1.817750e-02 1.419114e-01 7.615637e+02 4.839659e+01 8.925133e+02  1000  5000 3.551216e-03     0 3.789482e-02    20 1.303009e+02 6.040349e-02 2.715020e-04 
6.200000e+00 6.199398e-02 -1.837041e-02 1.433644e-01 7.744273e+02 5.019804e+01 8.914935e+02  1000  5000 3.523838e-03     0 3.841944e-02    20 1.302828e+02 5.996655e-02 2.820931e-04 
6.300000e+00 6.088141e-02 -1.858351e-02 1.448031e-01 7.872867e+02 5.201908e+01 8.904764e+02  1000  5000 3.346968e-03     0 3.887735e-02    20 1.302648e+02 5.958042e-02 2.780088e-04 
6.400000e+00 5.981365e-02 -1.881168e-02 1.462221e-01 8.001416e+02 5.385931e+01 8.894613e+02  1000  5000 3.118220e-03     0 3.927467e-02    20 1.302473e+02 5.924186e-02 2.692334e-04 
6.500000e+00 5.882992e-02 -1.905018e-02 1.476114e-01 8.129922e+02 5.571832e+01 8.884473e+02  1000  5000 2.881185e-03     0 3.961650e-02    20 1.302302e+02 5.894752e-02 2.698405e-04 
6.600000e+00 5.790043e-02 -1.929534e-02 1.489675e-01 8.258384e+02 5.759575e+01 8.874338e+02  1000  5000 3.218559e-03     0 3.990703e-02    20 1.302137e+02 5.869396e-02 2.832647e-04 
6.700000e+00 5.692153e-02 -1.954491e-02 1.503052e-01 8.386803e+02 5.949126e+01 8.864203e+02  1000  5000 3.199826e-03     0 4.015023e-02    20 1.301978e+02 5.847789e-02 2.885464e-04 
6.800000e+00 5.592348e-02 -1.979641e-02 1.516306e-01 8.515180e+02 6.140451e+01 8.854061e+02  1000  5000 3.043469e-03     0 4.035048e-02    20 1.301825e+02 5.829620e-02 2.810318e-04 
6.900000e+00 5.496302e-02 -2.004707e-02 1.529384e-01 8.643514e+02 6.333516e+01 8.843909e+02  1000  5000 2.838788e-03     0 4.051215e-02    20 1.301679e+02 5.814585e-02 2.697361e-04 
    7 5.407649e-02 -2.029434e-02 1.542194e-01 8.771807e+02 6.528288e+01 8.833743e+02  1000  5000 2.625728e-03     0 4.063915e-02    20 1.301541e+02 5.802389e-02 2.674489e-04 
7.100000e+00 5.323701e-02 -2.053638e-02 1.554703e-01 8.900060e+02 6.724739e+01 8.823560e+02  1000  5000 2.939074e-03     0 4.073494e-02    20 1.301410e+02 5.792747e-02 2.772702e-04 
7.200000e+00 5.234996e-02 -2.077246e-02 1.567046e-01 9.028273e+02 6.922839e+01 8.813358e+02  1000  5000 2.924980e-03     0 4.080268e-02    20 1.301286e+02 5.785400e-02 2.799800e-04 
7.300000e+00 5.144342e-02 -2.100157e-02 1.579278e-01 9.156447e+02 7.122561e+01 8.803135e+02  1000  5000 2.784043e-03     0 4.084570e-02    20 1.301170e+02 5.780104e-02 2.712515e-04 
7.400000e+00 5.056973e-02 -2.122241e-02 1.591350e-01 9.284582e+02 7.323875e+01 8.792888e+02  1000  5000 2.598289e-03     0 4.086723e-02    20 1.301061e+02 5.776628e-02 2.592987e-04 
7.500000e+00 4.976251e-02 -2.143378e-02 1.603176e-01 9.412680e+02 7.526756e+01 8.782618e+02  1000  5000 2.404445e-03     0 4.087007e-02    20 1.300960e+02 5.774753e-02 2.558239e-04 
7.600000e+00 4.899729e-02 -2.163501e-02 1.614727e-01 9.540742e+02 7.731176e+01 8.772322e+02  1000  5000 2.694239e-03     0 4.085665e-02    20 1.300865e+02 5.774270e-02 2.636553e-04 
7.700000e+00 4.818734e-02 -2.182631e-02 1.626125e-01 9.668769e+02 7.937113e+01 8.762002e+02  1000  5000 2.682685e-03     0 4.082910e-02    20 1.300778e+02 5.774996e-02 2.651254e-04 
7.800000e+00 4.735862e-02 -2.200754e-02 1.637421e-01 9.796760e+02 8.144540e+01 8.751656e+02  1000  5000 2.554261e-03     0 4.078970e-02    20 1.300698e+02 5.776764e-02 2.562328e-04 
7.900000e+00 4.655935e-02 -2.217831e-02 1.648569e-01 9.924718e+02 8.353434e+01 8.741285e+02  1000  5000 2.384421e-03     0 4.074062e-02    20 1.300624e+02 5.779416e-02 2.445063e-04 
    8 4.582058e-02 -2.233821e-02 1.659490e-01 1.005264e+03 8.563770e+01 8.730889e+02  1000  5000 2.206962e-03     0 4.068368e-02    20 1.300556e+02 5.782804e-02 2.406905e-04 
8.100000e+00 4.511991e-02 -2.248724e-02 1.670156e-01 1.018054e+03 8.775526e+01 8.720468e+02  1000  5000 2.474180e-03     0 4.062036e-02    20 1.300494e+02 5.786794e-02 2.473769e-04 
8.200000e+00 4.437774e-02 -2.262607e-02 1.680682e-01 1.030840e+03 8.988680e+01 8.710024e+02  1000  5000 2.464111e-03     0 4.055194e-02    20 1.300437e+02 5.791269e-02 2.483078e-04 
8.300000e+00 4.361795e-02 -2.275504e-02 1.691111e-01 1.043623e+03 9.203210e+01 8.699556e+02  1000  5000 2.346454e-03     0 4.047981e-02    20 1.300386e+02 5.796126e-02 2.397903e-04 
8.400000e+00 4.288496e-02 -2.287422e-02 1.701403e-01 1.056403e+03 9.419093e+01 8.689066e+02  1000  5000 2.190619e-03     0 4.040529e-02    20 1.300340e+02 5.801271e-02 2.287378e-04 
8.500000e+00 4.220737e-02 -2.298361e-02 1.711486e-01 1.069181e+03 9.636307e+01 8.678554e+02  1000  5000 2.027707e-03     0 4.032942e-02    20 1.300299e+02 5.806615e-02 2.250235e-04 
8.600000e+00 4.156466e-02 -2.308353e-02 1.721332e-01 1.081955e+03 9.854833e+01 8.668022e+02  1000  5000 2.273532e-03     0 4.025299e-02    20 1.300262e+02 5.812080e-02 2.310226e-04 
8.700000e+00 4.088371e-02 -2.317481e-02 1.731048e-01 1.094727e+03 1.007465e+02 8.657471e+02  1000  5000 2.264412e-03     0 4.017662e-02    20 1.300229e+02 5.817600e-02 2.317763e-04 
8.800000e+00 4.018648e-02 -2.325798e-02 1.740674e-01 1.107496e+03 1.029574e+02 8.646901e+02  1000  5000 2.156361e-03     0 4.010104e-02    20 1.300199e+02 5.823123e-02 2.238826e-04 
8.900000e+00 3.951382e-02 -2.333328e-02 1.750172e-01 1.120262e+03 1.051808e+02 8.636314e+02  1000  5000 2.013195e-03     0 4.002698e-02    20 1.300173e+02 5.828600e-02 2.136920e-04 
    9 3.889203e-02 -2.340090e-02 1.759477e-01 1.133026e+03 1.074165e+02 8.625711e+02  1000  5000 1.863505e-03     0 3.995493e-02    20 1.300151e+02 5.833984e-02 2.102755e-04 
9.100000e+00 3.830230e-02 -2.346124e-02 1.768564e-01 1.145788e+03 1.096643e+02 8.615093e+02  1000  5000 2.089252e-03     0 3.988518e-02    20 1.300131e+02 5.839238e-02 2.158107e-04 
9.200000e+00 3.767749e-02 -2.351512e-02 1.777529e-01 1.158547e+03 1.119240e+02 8.604460e+02  1000  5000 2.080825e-03     0 3.981795e-02    20 1.300114e+02 5.844333e-02 2.165449e-04 
9.300000e+00 3.703776e-02 -2.356308e-02 1.786410e-01 1.171304e+03 1.141955e+02 8.593814e+02  1000  5000 1.981535e-03     0 3.975353e-02    20 1.300099e+02 5.849248e-02 2.093499e-04 
9.400000e+00 3.642063e-02 -2.360539e-02 1.795174e-01 1.184058e+03 1.164786e+02 8.583157e+02  1000  5000 1.849998e-03     0 3.969224e-02    20 1.300087e+02 5.853964e-02 2.000580e-04 
9.500000e+00 3.585025e-02 -2.364227e-02 1.803758e-01 1.196810e+03 1.187730e+02 8.572488e+02  1000  5000 1.712478e-03     0 3.963425e-02    20 1.300076e+02 5.858464e-02 1.969983e-04 
9.600000e+00 3.530938e-02 -2.367408e-02 1.812141e-01 1.209560e+03 1.210786e+02 8.561809e+02  1000  5000 1.919548e-03     0 3.957955e-02    20 1.300067e+02 5.862734e-02 2.021670e-04 
9.700000e+00 3.473639e-02 -2.370154e-02 1.820412e-01 1.222308e+03 1.233952e+02 8.551120e+02  1000  5000 1.911711e-03     0 3.952810e-02    20 1.300060e+02 5.866769e-02 2.029319e-04 
9.800000e+00 3.414979e-02 -2.372512e-02 1.828606e-01 1.235054e+03 1.257227e+02 8.540423e+02  1000  5000 1.820498e-03     0 3.947995e-02    20 1.300054e+02 5.870567e-02 1.964209e-04 
9.900000e+00 3.358398e-02 -2.374505e-02 1.836690e-01 1.247798e+03 1.280609e+02 8.529719e+02  1000  5000 1.699706e-03     0 3.943520e-02    20 1.300050e+02 5.874126e-02 1.879872e-04 
   10 3.306114e-02 -2.376149e-02 1.844610e-01 1.260539e+03 1.304096e+02 8.519008e+02  1000  5000 1.573438e-03     0 3.939380e-02    20 1.300046e+02 5.877445e-02 1.852741e-04 
1.010000e+01 3.256505e-02 -2.377363e-02 1.852345e-01 1.273279e+03 1.327686e+02 8.508290e+02  1000  5000 1.763613e-03     0 3.934921e-02    20 1.300044e+02 5.880634e-02 1.901059e-04 
1.020000e+01 3.204015e-02 -2.378289e-02 1.859976e-01 1.286017e+03 1.351378e+02 8.497567e+02  1000  5000 1.756156e-03     0 3.932031e-02    20 1.300042e+02 5.883587e-02 1.908999e-04 
1.030000e+01 3.150276e-02 -2.379100e-02 1.867536e-01 1.298752e+03 1.375170e+02 8.486840e+02  1000  5000 1.672322e-03     0 3.928730e-02    20 1.300041e+02 5.886196e-02 1.850149e-04 
1.040000e+01 3.098446e-02 -2.379760e-02 1.874995e-01 1.311486e+03 1.399060e+02 8.476108e+02  1000  5000 1.561411e-03     0 3.925960e-02    20 1.300040e+02 5.888539e-02 1.773644e-04 
1.050000e+01 3.050556e-02 -2.380253e-02 1.882302e-01 1.324218e+03 1.423048e+02 8.465372e+02  1000  5000 1.445533e-03     0 3.923342e-02    20 1.300040e+02 5.890652e-02 1.749580e-04 
1.060000e+01 3.005123e-02 -2.380555e-02 1.889440e-01 1.336948e+03 1.447131e+02 8.454633e+02  1000  5000 1.619842e-03     0 3.920753e-02    20 1.300040e+02 5.892585e-02 1.794679e-04 
1.070000e+01 2.957055e-02 -2.380681e-02 1.896482e-01 1.349677e+03 1.471308e+02 8.443891e+02  1000  5000 1.612955e-03     0 3.918724e-02    20 1.300041e+02 5.894371e-02 1.802691e-04 
1.080000e+01 2.907851e-02 -2.380684e-02 1.903459e-01 1.362403e+03 1.495578e+02 8.433147e+02  1000  5000 1.536006e-03     0 3.917006e-02    20 1.300042e+02 5.895987e-02 1.749409e-04 
1.090000e+01 2.860395e-02 -2.380608e-02 1.910344e-01 1.375128e+03 1.519938e+02 8.422401e+02  1000  5000 1.434300e-03     0 3.915359e-02    20 1.300043e+02 5.897410e-02 1.679865e-04 
   11 2.816555e-02 -2.380446e-02 1.917089e-01 1.387851e+03 1.544388e+02 8.411653e+02  1000  5000 1.328038e-03     0 3.913854e-02    20 1.300044e+02 5.898665e-02 1.658350e-04 
1.110000e+01 2.774975e-02 -2.380227e-02 1.923679e-01 1.400573e+03 1.568927e+02 8.400904e+02  1000  5000 1.487773e-03     0 3.912629e-02    20 1.300046e+02 5.899744e-02 1.700197e-04 
1.120000e+01 2.730985e-02 -2.379930e-02 1.930182e-01 1.413292e+03 1.593552e+02 8.390154e+02  1000  5000 1.481384e-03     0 3.911385e-02    20 1.300047e+02 5.900715e-02 1.707991e-04 
1.130000e+01 2.685945e-02 -2.379550e-02 1.936624e-01 1.426011e+03 1.618262e+02 8.379403e+02  1000  5000 1.410892e-03     0 3.910506e-02    20 1.300049e+02 5.901601e-02 1.659528e-04 
1.140000e+01 2.642515e-02 -2.379126e-02 1.942982e-01 1.438727e+03 1.643057e+02 8.368651e+02  1000  5000 1.317669e-03     0 3.909767e-02    20 1.300050e+02 5.902371e-02 1.596125e-04 
1.150000e+01 2.602402e-02 -2.378677e-02 1.949213e-01 1.451442e+03 1.667934e+02 8.357899e+02  1000  5000 1.220262e-03     0 3.909112e-02    20 1.300051e+02 5.903016e-02 1.576723e-04 
1.160000e+01 2.564388e-02 -2.378207e-02 1.955301e-01 1.464155e+03 1.692892e+02 8.347146e+02  1000  5000 1.366472e-03     0 3.908566e-02    20 1.300053e+02 5.903549e-02 1.615405e-04 
1.170000e+01 2.524122e-02 -2.377730e-02 1.961309e-01 1.476867e+03 1.717931e+02 8.336394e+02  1000  5000 1.360813e-03     0 3.908140e-02    20 1.300054e+02 5.903988e-02 1.622763e-04 
1.180000e+01 2.482907e-02 -2.377258e-02 1.967261e-01 1.489577e+03 1.743048e+02 8.325642e+02  1000  5000 1.296259e-03     0 3.907826e-02    20 1.300055e+02 5.904344e-02 1.578514e-04 
1.190000e+01 2.443171e-02 -2.376788e-02 1.973137e-01 1.502286e+03 1.768244e+02 8.314889e+02  1000  5000 1.210831e-03     0 3.907607e-02    20 1.300056e+02 5.904624e-02 1.520538e-04 
   12 2.406477e-02 -2.376319e-02 1.978896e-01 1.514993e+03 1.793515e+02 8.304137e+02  1000  5000 1.121557e-03     0 3.907472e-02    20 1.300057e+02 5.904835e-02 1.502878e-04 
1.210000e+01 2.371707e-02 -2.375851e-02 1.984524e-01 1.527699e+03 1.818862e+02 8.293385e+02  1000  5000 1.255668e-03     0 3.907410e-02    20 1.300058e+02 5.904982e-02 1.538442e-04 
1.220000e+01 2.334872e-02 -2.375403e-02 1.990080e-01 1.540403e+03 1.844282e+02 8.282634e+02  1000  5000 1.250518e-03     0 3.907407e-02    20 1.300059e+02 5.905074e-02 1.545244e-04 
1.230000e+01 2.297167e-02 -2.374979e-02 1.995584e-01 1.553106e+03 1.869776e+02 8.271883e+02  1000  5000 1.191364e-03     0 3.907459e-02    20 1.300059e+02 5.905118e-02 1.504694e-04 
1.240000e+01 2.260817e-02 -2.374577e-02 2.001018e-01 1.565807e+03 1.895341e+02 8.261132e+02  1000  5000 1.113068e-03     0 3.907563e-02    20 1.300060e+02 5.905120e-02 1.451538e-04 
1.250000e+01 2.227254e-02 -2.374189e-02 2.006346e-01 1.578507e+03 1.920977e+02 8.250382e+02  1000  5000 1.031243e-03     0 3.907710e-02    20 1.300060e+02 5.905084e-02 1.435339e-04 
1.260000e+01 2.195454e-02 -2.373816e-02 2.011553e-01 1.591206e+03 1.946682e+02 8.239633e+02  1000  5000 1.154305e-03     0 3.907893e-02    20 1.300060e+02 5.905017e-02 1.467934e-04 
1.270000e+01 2.161760e-02 -2.373471e-02 2.016694e-01 1.603903e+03 1.972456e+02 8.228884e+02  1000  5000 1.149632e-03     0 3.908101e-02    20 1.300060e+02 5.904921e-02 1.474128e-04 
1.280000e+01 2.127266e-02 -2.373156e-02 2.021789e-01 1.616598e+03 1.998297e+02 8.218135e+02  1000  5000 1.095426e-03     0 3.908331e-02    20 1.300060e+02 5.904804e-02 1.436876e-04 
1.290000e+01 2.094014e-02 -2.372866e-02 2.026819e-01 1.629293e+03 2.024204e+02 8.207387e+02  1000  5000 1.023660e-03     0 3.908582e-02    20 1.300060e+02 5.904668e-02 1.388054e-04 
   13 2.063315e-02 -2.372596e-02 2.031751e-01 1.641986e+03 2.050177e+02 8.196640e+02  1000  5000 9.486538e-04     0 3.908850e-02    20 1.300060e+02 5.904517e-02 1.373129e-04 
1.310000e+01 2.034231e-02 -2.372343e-02 2.036574e-01 1.654678e+03 2.076213e+02 8.185893e+02  1000  5000 1.061622e-03     0 3.909129e-02    20 1.300059e+02 5.904353e-02 1.402955e-04 
1.320000e+01 2.003408e-02 -2.372116e-02 2.041336e-01 1.667368e+03 2.102313e+02 8.175146e+02  1000  5000 1.057391e-03     0 3.909412e-02    20 1.300059e+02 5.904179e-02 1.408546e-04 
1.330000e+01 1.971850e-02 -2.371918e-02 2.046055e-01 1.680057e+03 2.128476e+02 8.164400e+02  1000  5000 1.007712e-03     0 3.909698e-02    20 1.300059e+02 5.904000e-02 1.374268e-04 
1.340000e+01 1.941429e-02 -2.371743e-02 2.050716e-01 1.692745e+03 2.154700e+02 8.153655e+02  1000  5000 9.419198e-04     0 3.909986e-02    20 1.300058e+02 5.903816e-02 1.329371e-04 
1.350000e+01 1.913349e-02 -2.371586e-02 2.055287e-01 1.705432e+03 2.180984e+02 8.142910e+02  1000  5000 8.731492e-04     0 3.910276e-02    20 1.300057e+02 5.903631e-02 1.315575e-04 
1.360000e+01 1.886746e-02 -2.371442e-02 2.059757e-01 1.718117e+03 2.207328e+02 8.132165e+02  1000  5000 9.768907e-04     0 3.910564e-02    20 1.300057e+02 5.903444e-02 1.342841e-04 
1.370000e+01 1.858547e-02 -2.371321e-02 2.064172e-01 1.730802e+03 2.233730e+02 8.121421e+02  1000  5000 9.730654e-04     0 3.910844e-02    20 1.300056e+02 5.903258e-02 1.347855e-04 
1.380000e+01 1.829672e-02 -2.371222e-02 2.068548e-01 1.743485e+03 2.260190e+02 8.110677e+02  1000  5000 9.275258e-04     0 3.911116e-02    20 1.300055e+02 5.903075e-02 1.316275e-04 
1.390000e+01 1.801838e-02 -2.371142e-02 2.072870e-01 1.756167e+03 2.286707e+02 8.099933e+02  1000  5000 8.671946e-04     0 3.911383e-02    20 1.300054e+02 5.902897e-02 1.274951e-04 
   14 1.776150e-02 -2.371074e-02 2.077110e-01 1.768847e+03 2.313280e+02 8.089190e+02  1000  5000 8.041250e-04     0 3.911642e-02    20 1.300054e+02 5.902722e-02 1.262175e-04 
1.410000e+01 1.751815e-02 -2.371016e-02 2.081259e-01 1.781527e+03 2.339908e+02 8.078447e+02  1000  5000 8.994269e-04     0 3.911893e-02    20 1.300053e+02 5.902552e-02 1.287090e-04 
1.420000e+01 1.726013e-02 -2.370974e-02 2.085356e-01 1.794205e+03 2.366590e+02 8.067704e+02  1000  5000 8.959703e-04     0 3.912132e-02    20 1.300052e+02 5.902388e-02 1.291574e-04 
1.430000e+01 1.699590e-02 -2.370948e-02 2.089417e-01 1.806882e+03 2.393326e+02 8.056961e+02  1000  5000 8.542146e-04     0 3.912359e-02    20 1.300051e+02 5.902231e-02 1.262461e-04 
1.440000e+01 1.674120e-02 -2.370936e-02 2.093430e-01 1.819558e+03 2.420115e+02 8.046219e+02  1000  5000 7.988760e-04     0 3.912577e-02    20 1.300050e+02 5.902081e-02 1.224406e-04 
1.450000e+01 1.650617e-02 -2.370930e-02 2.097367e-01 1.832233e+03 2.446955e+02 8.035477e+02  1000  5000 7.410184e-04     0 3.912785e-02    20 1.300049e+02 5.901938e-02 1.212568e-04 
1.460000e+01 1.628354e-02 -2.370930e-02 2.101220e-01 1.844907e+03 2.473847e+02 8.024735e+02  1000  5000 8.285946e-04     0 3.912983e-02    20 1.300048e+02 5.901801e-02 1.235340e-04 
1.470000e+01 1.604743e-02 -2.370940e-02 2.105026e-01 1.857580e+03 2.500789e+02 8.013993e+02  1000  5000 8.254717e-04     0 3.913168e-02    20 1.300047e+02 5.901672e-02 1.239347e-04 
1.480000e+01 1.580561e-02 -2.370962e-02 2.108800e-01 1.870252e+03 2.527780e+02 8.003251e+02  1000  5000 7.871748e-04     0 3.913341e-02    20 1.300046e+02 5.901551e-02 1.212503e-04 
1.490000e+01 1.557252e-02 -2.370991e-02 2.112529e-01 1.882922e+03 2.554821e+02 7.992509e+02  1000  5000 7.364012e-04     0 3.913505e-02    20 1.300045e+02 5.901437e-02 1.177450e-04 
   15 1.535746e-02 -2.371024e-02 2.116189e-01 1.895592e+03 2.581910e+02 7.981768e+02  1000  5000 6.833095e-04     0 3.913660e-02    20 1.300044e+02 5.901330e-02 1.166483e-04 
1.510000e+01 1.515376e-02 -2.371058e-02 2.119771e-01 1.908261e+03 2.609046e+02 7.971026e+02  1000  5000 7.638082e-04     0 3.913805e-02    20 1.300043e+02 5.901230e-02 1.187306e-04 
1.520000e+01 1.493768e-02 -2.371098e-02 2.123311e-01 1.920928e+03 2.636229e+02 7.960285e+02  1000  5000 7.609861e-04     0 3.913938e-02    20 1.300042e+02 5.901136e-02 1.190892e-04 
1.530000e+01 1.471634e-02 -2.371145e-02 2.126821e-01 1.933595e+03 2.663459e+02 7.949544e+02  1000  5000 7.258515e-04     0 3.914061e-02    20 1.300041e+02 5.901050e-02 1.166141e-04 
1.540000e+01 1.450301e-02 -2.371196e-02 2.130290e-01 1.946260e+03 2.690733e+02 7.938802e+02  1000  5000 6.792534e-04     0 3.914177e-02    20 1.300040e+02 5.900970e-02 1.133854e-04 
1.550000e+01 1.430620e-02 -2.371247e-02 2.133696e-01 1.958925e+03 2.718053e+02 7.928061e+02  1000  5000 6.305215e-04     0 3.914285e-02    20 1.300039e+02 5.900897e-02 1.123700e-04 
1.560000e+01 1.411981e-02 -2.371297e-02 2.137031e-01 1.971589e+03 2.745417e+02 7.917320e+02  1000  5000 7.045316e-04     0 3.914385e-02    20 1.300039e+02 5.900828e-02 1.142755e-04 
1.570000e+01 1.392205e-02 -2.371350e-02 2.140327e-01 1.984251e+03 2.772824e+02 7.906578e+02  1000  5000 7.019801e-04     0 3.914475e-02    20 1.300038e+02 5.900766e-02 1.145972e-04 
1.580000e+01 1.371945e-02 -2.371407e-02 2.143596e-01 1.996913e+03 2.800274e+02 7.895837e+02  1000  5000 6.697379e-04     0 3.914558e-02    20 1.300037e+02 5.900709e-02 1.123157e-04 
1.590000e+01 1.352418e-02 -2.371465e-02 2.146826e-01 2.009574e+03 2.827767e+02 7.885096e+02  1000  5000 6.269608e-04     0 3.914635e-02    20 1.300036e+02 5.900657e-02 1.093422e-04 
   16 1.334408e-02 -2.371522e-02 2.149999e-01 2.022234e+03 2.855301e+02 7.874355e+02  1000  5000 5.822190e-04     0 3.914706e-02    20 1.300035e+02 5.900609e-02 1.084030e-04 
1.610000e+01 1.317352e-02 -2.371576e-02 2.153107e-01 2.034893e+03 2.882876e+02 7.863613e+02  1000  5000 6.502761e-04     0 3.914772e-02    20 1.300035e+02 5.900566e-02 1.101482e-04 
1.620000e+01 1.299251e-02 -2.371631e-02 2.156179e-01 2.047551e+03 2.910492e+02 7.852872e+02  1000  5000 6.479676e-04     0 3.914831e-02    20 1.300034e+02 5.900527e-02 1.104381e-04 
1.630000e+01 1.280705e-02 -2.371687e-02 2.159227e-01 2.060208e+03 2.938148e+02 7.842130e+02  1000  5000 6.183721e-04     0 3.914884e-02    20 1.300033e+02 5.900491e-02 1.083358e-04 
1.640000e+01 1.262832e-02 -2.371744e-02 2.162240e-01 2.072865e+03 2.965843e+02 7.831389e+02  1000  5000 5.790935e-04     0 3.914933e-02    20 1.300032e+02 5.900460e-02 1.055982e-04 
1.650000e+01 1.246350e-02 -2.371798e-02 2.165199e-01 2.085520e+03 2.993577e+02 7.820648e+02  1000  5000 5.380055e-04     0 3.914978e-02    20 1.300032e+02 5.900432e-02 1.047306e-04 
1.660000e+01 1.230743e-02 -2.371849e-02 2.168099e-01 2.098175e+03 3.021350e+02 7.809906e+02  1000  5000 6.005969e-04     0 3.915020e-02    20 1.300031e+02 5.900406e-02 1.063306e-04 
1.670000e+01 1.214176e-02 -2.371900e-02 2.170966e-01 2.110829e+03 3.049160e+02 7.799164e+02  1000  5000 5.985062e-04     0 3.915057e-02    20 1.300030e+02 5.900383e-02 1.065931e-04 
1.680000e+01 1.197200e-02 -2.371951e-02 2.173811e-01 2.123482e+03 3.077008e+02 7.788423e+02  1000  5000 5.713339e-04     0 3.915089e-02    20 1.300030e+02 5.900363e-02 1.046572e-04 
1.690000e+01 1.180841e-02 -2.372002e-02 2.176623e-01 2.136134e+03 3.104892e+02 7.777681e+02  1000  5000 5.352602e-04     0 3.915120e-02    20 1.300029e+02 5.900345e-02 1.021377e-04 
   17 1.165758e-02 -2.372049e-02 2.179387e-01 2.148786e+03 3.132813e+02 7.766940e+02  1000  5000 4.975202e-04     0 3.915148e-02    20 1.300029e+02 5.900329e-02 1.013376e-04 
1.710000e+01 1.151477e-02 -2.372093e-02 2.182097e-01 2.161436e+03 3.160769e+02 7.756198e+02  1000  5000 5.550892e-04     0 3.915174e-02    20 1.300028e+02 5.900315e-02 1.028061e-04 
1.720000e+01 1.136315e-02 -2.372137e-02 2.184776e-01 2.174086e+03 3.188760e+02 7.745456e+02  1000  5000 5.531935e-04     0 3.915197e-02    20 1.300027e+02 5.900303e-02 1.030453e-04 
1.730000e+01 1.120777e-02 -2.372180e-02 2.187434e-01 2.186735e+03 3.216787e+02 7.734714e+02  1000  5000 5.282411e-04     0 3.915217e-02    20 1.300027e+02 5.900292e-02 1.012639e-04 
1.740000e+01 1.105805e-02 -2.372222e-02 2.190064e-01 2.199383e+03 3.244848e+02 7.723972e+02  1000  5000 4.951052e-04     0 3.915235e-02    20 1.300026e+02 5.900282e-02 9.894648e-05 
1.750000e+01 1.092004e-02 -2.372262e-02 2.192648e-01 2.212031e+03 3.272942e+02 7.713230e+02  1000  5000 4.604347e-04     0 3.915253e-02    20 1.300026e+02 5.900274e-02 9.821011e-05 
1.760000e+01 1.078938e-02 -2.372298e-02 2.195183e-01 2.224678e+03 3.301070e+02 7.702488e+02  1000  5000 5.133847e-04     0 3.915270e-02    20 1.300025e+02 5.900267e-02 9.955957e-05 
1.770000e+01 1.065063e-02 -2.372334e-02 2.197690e-01 2.237324e+03 3.329231e+02 7.691746e+02  1000  5000 5.116632e-04     0 3.915284e-02    20 1.300025e+02 5.900261e-02 9.977922e-05 
1.780000e+01 1.050844e-02 -2.372369e-02 2.200178e-01 2.249969e+03 3.357425e+02 7.681004e+02  1000  5000 4.887455e-04     0 3.915297e-02    20 1.300024e+02 5.900255e-02 9.814166e-05 
1.790000e+01 1.037143e-02 -2.372403e-02 2.202639e-01 2.262614e+03 3.385651e+02 7.670262e+02  1000  5000 4.583044e-04     0 3.915309e-02    20 1.300024e+02 5.900250e-02 9.601176e-05 
   18 1.024516e-02 -2.372435e-02 2.205059e-01 2.275257e+03 3.413908e+02 7.659520e+02  1000  5000 4.264499e-04     0 3.915321e-02    20 1.300024e+02 5.900246e-02 9.533570e-05 
1.810000e+01 1.012565e-02 -2.372464e-02 2.207433e-01 2.287901e+03 3.442197e+02 7.648778e+02  1000  5000 4.751482e-04     0 3.915332e-02    20 1.300023e+02 5.900243e-02 9.657755e-05 
1.820000e+01 9.998701e-03 -2.372492e-02 2.209782e-01 2.300543e+03 3.470516e+02 7.638036e+02  1000  5000 4.735819e-04     0 3.915342e-02    20 1.300023e+02 5.900239e-02 9.678110e-05 
1.830000e+01 9.868597e-03 -2.372520e-02 2.212114e-01 2.313185e+03 3.498866e+02 7.627293e+02  1000  5000 4.525304e-04     0 3.915351e-02    20 1.300022e+02 5.900237e-02 9.527771e-05 
1.840000e+01 9.743253e-03 -2.372547e-02 2.214421e-01 2.325826e+03 3.527246e+02 7.616551e+02  1000  5000 4.245628e-04     0 3.915359e-02    20 1.300022e+02 5.900234e-02 9.332209e-05 
1.850000e+01 9.627757e-03 -2.372572e-02 2.216690e-01 2.338466e+03 3.555656e+02 7.605809e+02  1000  5000 3.952936e-04     0 3.915368e-02    20 1.300022e+02 5.900232e-02 9.270331e-05 
1.860000e+01 9.518456e-03 -2.372594e-02 2.218917e-01 2.351106e+03 3.584095e+02 7.595066e+02  1000  5000 4.400741e-04     0 3.915377e-02    20 1.300021e+02 5.900230e-02 9.384800e-05 
1.870000e+01 9.402344e-03 -2.372616e-02 2.221121e-01 2.363745e+03 3.612563e+02 7.584324e+02  1000  5000 4.386457e-04     0 3.915384e-02    20 1.300021e+02 5.900228e-02 9.403868e-05 
1.880000e+01 9.283337e-03 -2.372638e-02 2.223309e-01 2.376384e+03 3.641059e+02 7.573582e+02  1000  5000 4.193069e-04     0 3.915391e-02    20 1.300021e+02 5.900226e-02 9.266073e-05 
1.890000e+01 9.168697e-03 -2.372659e-02 2.225475e-01 2.389022e+03 3.669584e+02 7.562839e+02  1000  5000 3.936113e-04     0 3.915399e-02    20 1.300020e+02 5.900225e-02 9.086749e-05 
   19 9.063089e-03 -2.372679e-02 2.227606e-01 2.401659e+03 3.698137e+02 7.552097e+02  1000  5000 3.667174e-04     0 3.915406e-02    20 1.300020e+02 5.900223e-02 9.030333e-05 
1.910000e+01 8.963165e-03 -2.372696e-02 2.229699e-01 2.414295e+03 3.726717e+02 7.541354e+02  1000  5000 4.078839e-04     0 3.915413e-02    20 1.300020e+02 5.900221e-02 9.136047e-05 
1.920000e+01 8.857000e-03 -2.372713e-02 2.231770e-01 2.426931e+03 3.755324e+02 7.530612e+02  1000  5000 4.065773e-04     0 3.915420e-02    20 1.300019e+02 5.900220e-02 9.154131e-05 
1.930000e+01 8.748185e-03 -2.372730e-02 2.233827e-01 2.439567e+03 3.783958e+02 7.519869e+02  1000  5000 3.888116e-04     0 3.915426e-02    20 1.300019e+02 5.900218e-02 9.028101e-05 
1.940000e+01 8.643377e-03 -2.372746e-02 2.235863e-01 2.452201e+03 3.812618e+02 7.509127e+02  1000  5000 3.652046e-04     0 3.915433e-02    20 1.300019e+02 5.900217e-02 8.863941e-05 
1.950000e+01 8.546853e-03 -2.372761e-02 2.237868e-01 2.464836e+03 3.841305e+02 7.498384e+02  1000  5000 3.404948e-04     0 3.915439e-02    20 1.300019e+02 5.900215e-02 8.812758e-05 
1.960000e+01 8.455542e-03 -2.372775e-02 2.239836e-01 2.477469e+03 3.870018e+02 7.487641e+02  1000  5000 3.783232e-04     0 3.915446e-02    20 1.300018e+02 5.900214e-02 8.910605e-05 
1.970000e+01 8.358517e-03 -2.372788e-02 2.241786e-01 2.490102e+03 3.898756e+02 7.476899e+02  1000  5000 3.771239e-04     0 3.915452e-02    20 1.300018e+02 5.900212e-02 8.927998e-05 
1.980000e+01 8.259071e-03 -2.372801e-02 2.243722e-01 2.502734e+03 3.927519e+02 7.466156e+02  1000  5000 3.608041e-04     0 3.915458e-02    20 1.300018e+02 5.900210e-02 8.813037e-05 
1.990000e+01 8.163303e-03 -2.372814e-02 2.245640e-01 2.515366e+03 3.956307e+02 7.455414e+02  1000  5000 3.391188e-04     0 3.915464e-02    20 1.300018e+02 5.900209e-02 8.663081e-05 
   20 8.075128e-03 -2.372826e-02 2.247528e-01 2.527998e+03 3.985120e+02 7.444671e+02  1000  5000 3.164191e-04     0 3.915471e-02    20 1.300017e+02 5.900207e-02 8.616939e-05 
2.010000e+01 7.991735e-03 -2.372836e-02 2.249384e-01 2.540628e+03 4.013957e+02 7.433928e+02  1000  5000 3.511600e-04     0 3.915477e-02    20 1.300017e+02 5.900205e-02 8.707741e-05 
2.020000e+01 7.903118e-03 -2.372846e-02 2.251222e-01 2.553258e+03 4.042818e+02 7.423185e+02  1000  5000 3.500546e-04     0 3.915483e-02    20 1.300017e+02 5.900204e-02 8.724725e-05 
2.030000e+01 7.812293e-03 -2.372857e-02 2.253047e-01 2.565888e+03 4.071703e+02 7.412443e+02  1000  5000 3.350648e-04     0 3.915489e-02    20 1.300017e+02 5.900202e-02 8.620219e-05 
2.040000e+01 7.724842e-03 -2.372867e-02 2.254856e-01 2.578517e+03 4.100612e+02 7.401700e+02  1000  5000 3.151492e-04     0 3.915495e-02    20 1.300017e+02 5.900200e-02 8.483613e-05 
2.050000e+01 7.644350e-03 -2.372877e-02 2.256638e-01 2.591146e+03 4.129543e+02 7.390957e+02  1000  5000 2.943015e-04     0 3.915501e-02    20 1.300016e+02 5.900198e-02 8.442354e-05 
2.060000e+01 7.568244e-03 -2.372885e-02 2.258390e-01 2.603774e+03 4.158498e+02 7.380215e+02  1000  5000 3.261823e-04     0 3.915507e-02    20 1.300016e+02 5.900196e-02 8.526877e-05 
2.070000e+01 7.487368e-03 -2.372893e-02 2.260126e-01 2.616401e+03 4.187475e+02 7.369472e+02  1000  5000 3.251582e-04     0 3.915513e-02    20 1.300016e+02 5.900194e-02 8.543727e-05 
2.080000e+01 7.404483e-03 -2.372902e-02 2.261850e-01 2.629028e+03 4.216475e+02 7.358729e+02  1000  5000 3.113931e-04     0 3.915518e-02    20 1.300016e+02 5.900192e-02 8.449138e-05 
2.090000e+01 7.324694e-03 -2.372910e-02 2.263559e-01 2.641654e+03 4.245497e+02 7.347986e+02  1000  5000 2.931092e-04     0 3.915524e-02    20 1.300016e+02 5.900191e-02 8.325128e-05 
   21 7.251279e-03 -2.372918e-02 2.265244e-01 2.654280e+03 4.274540e+02 7.337243e+02  1000  5000 2.739695e-04     0 3.915529e-02    20 1.300015e+02 5.900189e-02 8.288629e-05 
2.110000e+01 7.181885e-03 -2.372924e-02 2.266901e-01 2.666906e+03 4.303606e+02 7.326501e+02  1000  5000 3.031961e-04     0 3.915535e-02    20 1.300015e+02 5.900187e-02 8.367589e-05 
2.120000e+01 7.108145e-03 -2.372931e-02 2.268543e-01 2.679531e+03 4.332693e+02 7.315758e+02  1000  5000 3.022419e-04     0 3.915540e-02    20 1.300015e+02 5.900185e-02 8.384578e-05 
2.130000e+01 7.032580e-03 -2.372938e-02 2.270175e-01 2.692155e+03 4.361801e+02 7.305015e+02  1000  5000 2.896056e-04     0 3.915546e-02    20 1.300015e+02 5.900183e-02 8.299441e-05 
2.140000e+01 6.959857e-03 -2.372945e-02 2.271793e-01 2.704779e+03 4.390930e+02 7.294272e+02  1000  5000 2.728279e-04     0 3.915551e-02    20 1.300015e+02 5.900181e-02 8.187363e-05 
2.150000e+01 6.892968e-03 -2.372951e-02 2.273388e-01 2.717403e+03 4.420080e+02 7.283529e+02  1000  5000 2.552655e-04     0 3.915556e-02    20 1.300015e+02 5.900179e-02 8.155536e-05 
2.160000e+01 6.829766e-03 -2.372957e-02 2.274959e-01 2.730026e+03 4.449250e+02 7.272787e+02  1000  5000 2.820242e-04     0 3.915561e-02    20 1.300014e+02 5.900177e-02 8.229605e-05 
2.170000e+01 6.762612e-03 -2.372963e-02 2.276515e-01 2.742648e+03 4.478440e+02 7.262044e+02  1000  5000 2.811291e-04     0 3.915566e-02    20 1.300014e+02 5.900175e-02 8.247004e-05 
2.180000e+01 6.693807e-03 -2.372969e-02 2.278063e-01 2.755270e+03 4.507651e+02 7.251301e+02  1000  5000 2.695345e-04     0 3.915571e-02    20 1.300014e+02 5.900174e-02 8.170923e-05 
2.190000e+01 6.627608e-03 -2.372974e-02 2.279597e-01 2.767892e+03 4.536882e+02 7.240558e+02  1000  5000 2.541489e-04     0 3.915575e-02    20 1.300014e+02 5.900172e-02 8.070202e-05 
   22 6.566747e-03 -2.372980e-02 2.281111e-01 2.780513e+03 4.566132e+02 7.229815e+02  1000  5000 2.380452e-04     0 3.915580e-02    20 1.300014e+02 5.900170e-02 8.042992e-05 
2.210000e+01 6.509264e-03 -2.372984e-02 2.282602e-01 2.793134e+03 4.595401e+02 7.219072e+02  1000  5000 2.625043e-04     0 3.915584e-02    20 1.300014e+02 5.900168e-02 8.112806e-05 
2.220000e+01 6.448196e-03 -2.372989e-02 2.284080e-01 2.805754e+03 4.624690e+02 7.208329e+02  1000  5000 2.616582e-04     0 3.915589e-02    20 1.300013e+02 5.900167e-02 8.130886e-05 
2.230000e+01 6.385642e-03 -2.372994e-02 2.285550e-01 2.818374e+03 4.653998e+02 7.197587e+02  1000  5000 2.510263e-04     0 3.915593e-02    20 1.300013e+02 5.900165e-02 8.063530e-05 
2.240000e+01 6.325478e-03 -2.372999e-02 2.287008e-01 2.830993e+03 4.683325e+02 7.186844e+02  1000  5000 2.369295e-04     0 3.915597e-02    20 1.300013e+02 5.900163e-02 7.973676e-05 
2.250000e+01 6.270191e-03 -2.373004e-02 2.288448e-01 2.843612e+03 4.712670e+02 7.176101e+02  1000  5000 2.221769e-04     0 3.915601e-02    20 1.300013e+02 5.900162e-02 7.951062e-05 
2.260000e+01 6.217999e-03 -2.373007e-02 2.289866e-01 2.856231e+03 4.742034e+02 7.165358e+02  1000  5000 2.444876e-04     0 3.915605e-02    20 1.300013e+02 5.900160e-02 8.017221e-05 
2.270000e+01 6.162568e-03 -2.373012e-02 2.291273e-01 2.868849e+03 4.771416e+02 7.154615e+02  1000  5000 2.436812e-04     0 3.915609e-02    20 1.300013e+02 5.900159e-02 8.036260e-05 
2.280000e+01 6.105802e-03 -2.373016e-02 2.292673e-01 2.881467e+03 4.800816e+02 7.143872e+02  1000  5000 2.339404e-04     0 3.915612e-02    20 1.300013e+02 5.900158e-02 7.977363e-05 
2.290000e+01 6.051229e-03 -2.373020e-02 2.294061e-01 2.894084e+03 4.830235e+02 7.133129e+02  1000  5000 2.210386e-04     0 3.915616e-02    20 1.300013e+02 5.900156e-02 7.897963e-05 
   23 6.001108e-03 -2.373024e-02 2.295433e-01 2.906701e+03 4.859671e+02 7.122386e+02  1000  5000 2.075399e-04     0 3.915619e-02    20 1.300012e+02 5.900155e-02 7.879956e-05 
2.310000e+01 5.953821e-03 -2.373027e-02 2.296785e-01 2.919317e+03 4.889124e+02 7.111643e+02  1000  5000 2.278379e-04     0 3.915623e-02    20 1.300012e+02 5.900154e-02 7.943035e-05 
2.320000e+01 5.903617e-03 -2.373031e-02 2.298127e-01 2.931933e+03 4.918595e+02 7.100900e+02  1000  5000 2.270624e-04     0 3.915626e-02    20 1.300012e+02 5.900153e-02 7.963316e-05 
2.330000e+01 5.852225e-03 -2.373034e-02 2.299462e-01 2.944549e+03 4.948083e+02 7.090158e+02  1000  5000 2.181476e-04     0 3.915629e-02    20 1.300012e+02 5.900151e-02 7.912672e-05 
2.340000e+01 5.802843e-03 -2.373038e-02 2.300788e-01 2.957164e+03 4.977589e+02 7.079415e+02  1000  5000 2.063564e-04     0 3.915632e-02    20 1.300012e+02 5.900150e-02 7.843391e-05 
2.350000e+01 5.757518e-03 -2.373041e-02 2.302097e-01 2.969779e+03 5.007111e+02 7.068672e+02  1000  5000 1.940238e-04     0 3.915635e-02    20 1.300012e+02 5.900149e-02 7.830038e-05 
2.360000e+01 5.714788e-03 -2.373044e-02 2.303390e-01 2.982393e+03 5.036650e+02 7.057929e+02  1000  5000 2.124300e-04     0 3.915637e-02    20 1.300012e+02 5.900148e-02 7.890587e-05 
2.370000e+01 5.669444e-03 -2.373047e-02 2.304673e-01 2.995007e+03 5.066206e+02 7.047186e+02  1000  5000 2.116769e-04     0 3.915640e-02    20 1.300012e+02 5.900147e-02 7.912402e-05 
2.380000e+01 5.623050e-03 -2.373050e-02 2.305950e-01 3.007621e+03 5.095778e+02 7.036443e+02  1000  5000 2.035296e-04     0 3.915642e-02    20 1.300012e+02 5.900147e-02 7.869868e-05 
2.390000e+01 5.578498e-03 -2.373054e-02 2.307217e-01 3.020234e+03 5.125367e+02 7.025700e+02  1000  5000 1.927728e-04     0 3.915645e-02    20 1.300011e+02 5.900146e-02 7.810445e-05 
   24 5.537638e-03 -2.373056e-02 2.308471e-01 3.032847e+03 5.154971e+02 7.014957e+02  1000  5000 1.815272e-04     0 3.915647e-02    20 1.300011e+02 5.900145e-02 7.801824e-05 
2.410000e+01 5.499152e-03 -2.373059e-02 2.309709e-01 3.045459e+03 5.184592e+02 7.004214e+02  1000  5000 1.981489e-04     0 3.915650e-02    20 1.300011e+02 5.900144e-02 7.860378e-05 
2.420000e+01 5.458338e-03 -2.373061e-02 2.310939e-01 3.058071e+03 5.214229e+02 6.993471e+02  1000  5000 1.974101e-04     0 3.915652e-02    20 1.300011e+02 5.900143e-02 7.884030e-05 
2.430000e+01 5.416606e-03 -2.373064e-02 2.312163e-01 3.070683e+03 5.243882e+02 6.982728e+02  1000  5000 1.899775e-04     0 3.915654e-02    20 1.300011e+02 5.900143e-02 7.849524e-05 
2.440000e+01 5.376561e-03 -2.373067e-02 2.313378e-01 3.083295e+03 5.273550e+02 6.971985e+02  1000  5000 1.801867e-04     0 3.915656e-02    20 1.300011e+02 5.900142e-02 7.799772e-05 
2.450000e+01 5.339869e-03 -2.373069e-02 2.314582e-01 3.095906e+03 5.303233e+02 6.961242e+02  1000  5000 1.699573e-04     0 3.915658e-02    20 1.300011e+02 5.900142e-02 7.796001e-05 
2.460000e+01 5.305347e-03 -2.373071e-02 2.315771e-01 3.108516e+03 5.332933e+02 6.950499e+02  1000  5000 1.848884e-04     0 3.915660e-02    20 1.300011e+02 5.900141e-02 7.853077e-05 
2.470000e+01 5.268769e-03 -2.373073e-02 2.316952e-01 3.121127e+03 5.362647e+02 6.939756e+02  1000  5000 1.841560e-04     0 3.915661e-02    20 1.300011e+02 5.900141e-02 7.878887e-05 
2.480000e+01 5.231398e-03 -2.373076e-02 2.318128e-01 3.133736e+03 5.392377e+02 6.929013e+02  1000  5000 1.773909e-04     0 3.915663e-02    20 1.300011e+02 5.900140e-02 7.852387e-05 
2.490000e+01 5.195572e-03 -2.373078e-02 2.319297e-01 3.146346e+03 5.422121e+02 6.918270e+02  1000  5000 1.685051e-04     0 3.915664e-02    20 1.300011e+02 5.900140e-02 7.812196e-05 
   25 5.162785e-03 -2.373080e-02 2.320454e-01 3.158955e+03 5.451881e+02 6.907527e+02  1000  5000 1.592289e-04     0 3.915666e-02    20 1.300010e+02 5.900139e-02 7.813429e-05 
2.510000e+01 5.131978e-03 -2.373082e-02 2.321599e-01 3.171564e+03 5.481655e+02 6.896784e+02  1000  5000 1.725504e-04     0 3.915667e-02    20 1.300010e+02 5.900139e-02 7.869537e-05 
2.520000e+01 5.099375e-03 -2.373084e-02 2.322737e-01 3.184173e+03 5.511444e+02 6.886041e+02  1000  5000 1.718168e-04     0 3.915669e-02    20 1.300010e+02 5.900139e-02 7.897845e-05 
2.530000e+01 5.066100e-03 -2.373086e-02 2.323870e-01 3.196781e+03 5.541247e+02 6.875298e+02  1000  5000 1.656769e-04     0 3.915670e-02    20 1.300010e+02 5.900139e-02 7.879396e-05 
2.540000e+01 5.034239e-03 -2.373088e-02 2.324997e-01 3.209389e+03 5.571065e+02 6.864556e+02  1000  5000 1.576421e-04     0 3.915671e-02    20 1.300010e+02 5.900138e-02 7.848730e-05 
2.550000e+01 5.005123e-03 -2.373089e-02 2.326113e-01 3.221996e+03 5.600898e+02 6.853813e+02  1000  5000 1.492634e-04     0 3.915672e-02    20 1.300010e+02 5.900138e-02 7.855163e-05 
2.560000e+01 4.977813e-03 -2.373091e-02 2.327219e-01 3.234603e+03 5.630745e+02 6.843070e+02  1000  5000 1.610438e-04     0 3.915673e-02    20 1.300010e+02 5.900138e-02 7.910812e-05 
2.570000e+01 4.948955e-03 -2.373092e-02 2.328318e-01 3.247210e+03 5.660605e+02 6.832327e+02  1000  5000 1.603011e-04     0 3.915674e-02    20 1.300010e+02 5.900138e-02 7.941981e-05 
2.580000e+01 4.919543e-03 -2.373094e-02 2.329413e-01 3.259817e+03 5.690480e+02 6.821584e+02  1000  5000 1.547493e-04     0 3.915675e-02    20 1.300010e+02 5.900138e-02 7.931696e-05 
2.590000e+01 4.891424e-03 -2.373096e-02 2.330502e-01 3.272423e+03 5.720369e+02 6.810841e+02  1000  5000 1.475180e-04     0 3.915676e-02    20 1.300010e+02 5.900138e-02 7.910602e-05 
   26 4.865775e-03 -2.373097e-02 2.331582e-01 3.285029e+03 5.750272e+02 6.800098e+02  1000  5000 1.399881e-04     0 3.915677e-02    20 1.300010e+02 5.900138e-02 7.922479e-05 
2.610000e+01 4.841772e-03 -2.373098e-02 2.332653e-01 3.297634e+03 5.780189e+02 6.789355e+02  1000  5000 1.502834e-04     0 3.915677e-02    20 1.300010e+02 5.900138e-02 7.978177e-05 
2.620000e+01 4.816460e-03 -2.373100e-02 2.333717e-01 3.310239e+03 5.810119e+02 6.778612e+02  1000  5000 1.495236e-04     0 3.915678e-02    20 1.300009e+02 5.900138e-02 8.012603e-05 
2.630000e+01 4.790711e-03 -2.373101e-02 2.334779e-01 3.322844e+03 5.840063e+02 6.767869e+02  1000  5000 1.445272e-04     0 3.915679e-02    20 1.300009e+02 5.900138e-02 8.010672e-05 
2.640000e+01 4.766143e-03 -2.373102e-02 2.335835e-01 3.335449e+03 5.870020e+02 6.757126e+02  1000  5000 1.380585e-04     0 3.915679e-02    20 1.300009e+02 5.900138e-02 7.999283e-05 
2.650000e+01 4.743787e-03 -2.373104e-02 2.336883e-01 3.348053e+03 5.899991e+02 6.746383e+02  1000  5000 1.313357e-04     0 3.915680e-02    20 1.300009e+02 5.900138e-02 8.016901e-05 
2.660000e+01 4.722928e-03 -2.373105e-02 2.337922e-01 3.360657e+03 5.929976e+02 6.735640e+02  1000  5000 1.401888e-04     0 3.915680e-02    20 1.300009e+02 5.900138e-02 8.073169e-05 
2.670000e+01 4.700995e-03 -2.373106e-02 2.338957e-01 3.373260e+03 5.959973e+02 6.724897e+02  1000  5000 1.394035e-04     0 3.915681e-02    20 1.300009e+02 5.900138e-02 8.111288e-05 
2.680000e+01 4.678738e-03 -2.373107e-02 2.339989e-01 3.385863e+03 5.989984e+02 6.714154e+02  1000  5000 1.349344e-04     0 3.915681e-02    20 1.300009e+02 5.900139e-02 8.117983e-05 
2.690000e+01 4.657560e-03 -2.373108e-02 2.341016e-01 3.398466e+03 6.020008e+02 6.703411e+02  1000  5000 1.291938e-04     0 3.915681e-02    20 1.300009e+02 5.900139e-02 8.116532e-05 
   27 4.638351e-03 -2.373109e-02 2.342036e-01 3.411069e+03 6.050045e+02 6.692668e+02  1000  5000 1.232431e-04     0 3.915681e-02    20 1.300009e+02 5.900139e-02 8.140251e-05 
2.710000e+01 4.620501e-03 -2.373110e-02 2.343049e-01 3.423671e+03 6.080095e+02 6.681925e+02  1000  5000 1.306833e-04     0 3.915682e-02    20 1.300009e+02 5.900139e-02 8.197627e-05 
2.720000e+01 4.601807e-03 -2.373111e-02 2.344058e-01 3.436273e+03 6.110158e+02 6.671182e+02  1000  5000 1.298635e-04     0 3.915682e-02    20 1.300009e+02 5.900140e-02 8.239925e-05 
2.730000e+01 4.582905e-03 -2.373112e-02 2.345064e-01 3.448875e+03 6.140234e+02 6.660439e+02  1000  5000 1.258981e-04     0 3.915682e-02    20 1.300009e+02 5.900140e-02 8.255620e-05 
2.740000e+01 4.564987e-03 -2.373113e-02 2.346066e-01 3.461476e+03 6.170323e+02 6.649695e+02  1000  5000 1.208573e-04     0 3.915682e-02    20 1.300009e+02 5.900140e-02 8.264447e-05 
2.750000e+01 4.548808e-03 -2.373114e-02 2.347062e-01 3.474077e+03 6.200424e+02 6.638952e+02  1000  5000 1.156504e-04     0 3.915682e-02    20 1.300009e+02 5.900141e-02 8.294703e-05 
2.760000e+01 4.533860e-03 -2.373114e-02 2.348052e-01 3.486678e+03 6.230538e+02 6.628209e+02  1000  5000 1.216927e-04     0 3.915682e-02    20 1.300009e+02 5.900141e-02 8.353757e-05 
2.770000e+01 4.518298e-03 -2.373115e-02 2.349039e-01 3.499279e+03 6.260665e+02 6.617466e+02  1000  5000 1.208283e-04     0 3.915682e-02    20 1.300009e+02 5.900141e-02 8.400786e-05 
2.780000e+01 4.502645e-03 -2.373116e-02 2.350023e-01 3.511879e+03 6.290805e+02 6.606723e+02  1000  5000 1.173474e-04     0 3.915682e-02    20 1.300008e+02 5.900142e-02 8.425967e-05 
2.790000e+01 4.487887e-03 -2.373117e-02 2.351005e-01 3.524479e+03 6.320957e+02 6.595980e+02  1000  5000 1.129846e-04     0 3.915682e-02    20 1.300008e+02 5.900142e-02 8.445545e-05 
   28 4.474651e-03 -2.373117e-02 2.351981e-01 3.537078e+03 6.351121e+02 6.585237e+02  1000  5000 1.085003e-04     0 3.915681e-02    20 1.300008e+02 5.900143e-02 8.482868e-05 
2.810000e+01 4.462526e-03 -2.373118e-02 2.352953e-01 3.549678e+03 6.381298e+02 6.574494e+02  1000  5000 1.131432e-04     0 3.915681e-02    20 1.300008e+02 5.900143e-02 8.544214e-05 
2.820000e+01 4.450019e-03 -2.373118e-02 2.353921e-01 3.562277e+03 6.411487e+02 6.563751e+02  1000  5000 1.122229e-04     0 3.915681e-02    20 1.300008e+02 5.900144e-02 8.596608e-05 
2.830000e+01 4.437542e-03 -2.373119e-02 2.354888e-01 3.574875e+03 6.441689e+02 6.553008e+02  1000  5000 1.092119e-04     0 3.915680e-02    20 1.300008e+02 5.900144e-02 8.631904e-05 
2.840000e+01 4.425881e-03 -2.373120e-02 2.355852e-01 3.587474e+03 6.471903e+02 6.542265e+02  1000  5000 1.055121e-04     0 3.915680e-02    20 1.300008e+02 5.900145e-02 8.662861e-05 
2.850000e+01 4.415530e-03 -2.373120e-02 2.356812e-01 3.600072e+03 6.502129e+02 6.531522e+02  1000  5000 1.017366e-04     0 3.915680e-02    20 1.300008e+02 5.900145e-02 8.707894e-05 
2.860000e+01 4.406180e-03 -2.373121e-02 2.357769e-01 3.612669e+03 6.532367e+02 6.520779e+02  1000  5000 1.049604e-04     0 3.915679e-02    20 1.300008e+02 5.900146e-02 8.772211e-05 
2.870000e+01 4.396686e-03 -2.373121e-02 2.358723e-01 3.625267e+03 6.562618e+02 6.510036e+02  1000  5000 1.039709e-04     0 3.915679e-02    20 1.300008e+02 5.900146e-02 8.830712e-05 
2.880000e+01 4.387348e-03 -2.373122e-02 2.359676e-01 3.637864e+03 6.592880e+02 6.499293e+02  1000  5000 1.014198e-04     0 3.915678e-02    20 1.300008e+02 5.900147e-02 8.876923e-05 
2.890000e+01 4.378753e-03 -2.373122e-02 2.360627e-01 3.650461e+03 6.623155e+02 6.488550e+02  1000  5000 9.837534e-05     0 3.915678e-02    20 1.300008e+02 5.900148e-02 8.920078e-05 
   29 4.371264e-03 -2.373123e-02 2.361575e-01 3.663058e+03 6.653442e+02 6.477807e+02  1000  5000 9.530247e-05     0 3.915677e-02    20 1.300008e+02 5.900148e-02 8.973611e-05 
2.910000e+01 4.364673e-03 -2.373123e-02 2.362520e-01 3.675654e+03 6.683741e+02 6.467064e+02  1000  5000 9.706619e-05     0 3.915676e-02    20 1.300008e+02 5.900149e-02 9.041665e-05 
2.920000e+01 4.358186e-03 -2.373123e-02 2.363464e-01 3.688250e+03 6.714052e+02 6.456321e+02  1000  5000 9.599183e-05     0 3.915676e-02    20 1.300008e+02 5.900150e-02 9.107159e-05 
2.930000e+01 4.351992e-03 -2.373124e-02 2.364406e-01 3.700846e+03 6.744375e+02 6.445578e+02  1000  5000 9.389573e-05     0 3.915675e-02    20 1.300008e+02 5.900150e-02 9.165300e-05 
2.940000e+01 4.346472e-03 -2.373124e-02 2.365348e-01 3.713441e+03 6.774710e+02 6.434835e+02  1000  5000 9.150665e-05     0 3.915674e-02    20 1.300008e+02 5.900151e-02 9.221710e-05 
2.950000e+01 4.341858e-03 -2.373124e-02 2.366287e-01 3.726036e+03 6.805057e+02 6.424092e+02  1000  5000 8.913925e-05     0 3.915673e-02    20 1.300008e+02 5.900152e-02 9.284717e-05 
2.960000e+01 4.338046e-03 -2.373125e-02 2.367225e-01 3.738631e+03 6.835416e+02 6.413349e+02  1000  5000 8.937635e-05     0 3.915673e-02    20 1.300008e+02 5.900152e-02 9.357396e-05 
2.970000e+01 4.334603e-03 -2.373125e-02 2.368162e-01 3.751226e+03 6.865787e+02 6.402606e+02  1000  5000 8.819795e-05     0 3.915672e-02    20 1.300008e+02 5.900153e-02 9.430953e-05 
2.980000e+01 4.331601e-03 -2.373125e-02 2.369099e-01 3.763820e+03 6.896170e+02 6.391863e+02  1000  5000 8.655741e-05     0 3.915671e-02    20 1.300007e+02 5.900154e-02 9.502314e-05 
2.990000e+01 4.329211e-03 -2.373126e-02 2.370035e-01 3.776414e+03 6.926564e+02 6.381120e+02  1000  5000 8.483284e-05     0 3.915670e-02    20 1.300007e+02 5.900155e-02 9.573335e-05 
   30 4.327527e-03 -2.373126e-02 2.370970e-01 3.789008e+03 6.956971e+02 6.370376e+02  1000  5000 8.318353e-05     0 3.915669e-02    20 1.300007e+02 5.900156e-02 9.647032e-05 
3.010000e+01 4.326556e-03 -2.373126e-02 2.371905e-01 3.801601e+03 6.987389e+02 6.359633e+02  1000  5000 8.179649e-05     0 3.915668e-02    20 1.300007e+02 5.900157e-02 9.725389e-05 
3.020000e+01 4.326241e-03 -2.373126e-02 2.372839e-01 3.814195e+03 7.017820e+02 6.348890e+02  1000  5000 8.049038e-05     0 3.915667e-02    20 1.300007e+02 5.900157e-02 9.808323e-05 
3.030000e+01 4.326531e-03 -2.373127e-02 2.373773e-01 3.826787e+03 7.048262e+02 6.338147e+02  1000  5000 7.931212e-05     0 3.915666e-02    20 1.300007e+02 5.900158e-02 9.894545e-05 
3.040000e+01 4.327377e-03 -2.373127e-02 2.374707e-01 3.839380e+03 7.078716e+02 6.327404e+02  1000  5000 7.827148e-05     0 3.915664e-02    20 1.300007e+02 5.900159e-02 9.981920e-05 
3.050000e+01 4.328728e-03 -2.373127e-02 2.375642e-01 3.851972e+03 7.109182e+02 6.316661e+02  1000  5000 7.736444e-05     0 3.915663e-02    20 1.300007e+02 5.900160e-02 1.006784e-04 
3.060000e+01 4.330707e-03 -2.373127e-02 2.376577e-01 3.864564e+03 7.139660e+02 6.305918e+02  1000  5000 7.421706e-05     0 3.915662e-02    20 1.300007e+02 5.900161e-02 1.015315e-04 
3.070000e+01 4.333660e-03 -2.373127e-02 2.377513e-01 3.877156e+03 7.170149e+02 6.295175e+02  1000  5000 7.275351e-05     0 3.915661e-02    20 1.300007e+02 5.900162e-02 1.024710e-04 
3.080000e+01 4.337407e-03 -2.373128e-02 2.378448e-01 3.889748e+03 7.200651e+02 6.284432e+02  1000  5000 7.205133e-05     0 3.915659e-02    20 1.300007e+02 5.900163e-02 1.035028e-04 
3.090000e+01 4.341657e-03 -2.373128e-02 2.379385e-01 3.902339e+03 7.231164e+02 6.273689e+02  1000  5000 7.172628e-05     0 3.915658e-02    20 1.300007e+02 5.900164e-02 1.045626e-04 
   31 4.346206e-03 -2.373128e-02 2.380323e-01 3.914930e+03 7.261690e+02 6.262946e+02  1000  5000 7.159947e-05     0 3.915656e-02    20 1.300007e+02 5.900165e-02 1.055633e-04 
3.110000e+01 4.351303e-03 -2.373128e-02 2.381264e-01 3.927520e+03 7.292227e+02 6.252203e+02  1000  5000 6.650644e-05     0 3.915655e-02    20 1.300007e+02 5.900166e-02 1.065018e-04 
3.120000e+01 4.357736e-03 -2.373128e-02 2.382205e-01 3.940110e+03 7.322776e+02 6.241460e+02  1000  5000 6.484749e-05     0 3.915653e-02    20 1.300007e+02 5.900167e-02 1.075722e-04 
3.130000e+01 4.365177e-03 -2.373128e-02 2.383147e-01 3.952700e+03 7.353337e+02 6.230717e+02  1000  5000 6.464359e-05     0 3.915652e-02    20 1.300007e+02 5.900168e-02 1.088007e-04 
3.140000e+01 4.373077e-03 -2.373128e-02 2.384090e-01 3.965290e+03 7.383910e+02 6.219974e+02  1000  5000 6.508070e-05     0 3.915650e-02    20 1.300007e+02 5.900169e-02 1.100755e-04 
3.150000e+01 4.381057e-03 -2.373128e-02 2.385036e-01 3.977880e+03 7.414495e+02 6.209230e+02  1000  5000 6.578898e-05     0 3.915649e-02    20 1.300007e+02 5.900171e-02 1.112428e-04 
3.160000e+01 4.389513e-03 -2.373129e-02 2.385986e-01 3.990469e+03 7.445092e+02 6.198487e+02  1000  5000 5.850124e-05     0 3.915647e-02    20 1.300007e+02 5.900172e-02 1.122867e-04 
3.170000e+01 4.399722e-03 -2.373129e-02 2.386937e-01 4.003057e+03 7.475701e+02 6.187744e+02  1000  5000 5.659780e-05     0 3.915645e-02    20 1.300007e+02 5.900173e-02 1.135145e-04 
3.180000e+01 4.411192e-03 -2.373129e-02 2.387889e-01 4.015646e+03 7.506322e+02 6.177001e+02  1000  5000 5.692450e-05     0 3.915643e-02    20 1.300007e+02 5.900174e-02 1.149750e-04 
3.190000e+01 4.423083e-03 -2.373129e-02 2.388844e-01 4.028234e+03 7.536956e+02 6.166258e+02  1000  5000 5.818894e-05     0 3.915641e-02    20 1.300007e+02 5.900176e-02 1.165028e-04 
   32 4.434822e-03 -2.373129e-02 2.389803e-01 4.040822e+03 7.567601e+02 6.155515e+02  1000  5000 5.980837e-05     0 3.915639e-02    20 1.300007e+02 5.900177e-02 1.178691e-04 
3.210000e+01 4.446968e-03 -2.373129e-02 2.390767e-01 4.053410e+03 7.598258e+02 6.144772e+02  1000  5000 4.999253e-05     0 3.915637e-02    20 1.300007e+02 5.900178e-02 1.190440e-04 
3.220000e+01 4.461358e-03 -2.373129e-02 2.391733e-01 4.065997e+03 7.628928e+02 6.134029e+02  1000  5000 4.778008e-05     0 3.915635e-02    20 1.300007e+02 5.900180e-02 1.204639e-04 
3.230000e+01 4.477315e-03 -2.373129e-02 2.392701e-01 4.078584e+03 7.659610e+02 6.123286e+02  1000  5000 4.868229e-05     0 3.915633e-02    20 1.300007e+02 5.900181e-02 1.222027e-04 
3.240000e+01 4.493661e-03 -2.373129e-02 2.393672e-01 4.091171e+03 7.690304e+02 6.112543e+02  1000  5000 5.086298e-05     0 3.915631e-02    20 1.300007e+02 5.900182e-02 1.240336e-04 
3.250000e+01 4.509600e-03 -2.373129e-02 2.394649e-01 4.103757e+03 7.721011e+02 6.101800e+02  1000  5000 5.349683e-05     0 3.915628e-02    20 1.300006e+02 5.900184e-02 1.256413e-04 
3.260000e+01 4.525885e-03 -2.373129e-02 2.395633e-01 4.116344e+03 7.751730e+02 6.091056e+02  1000  5000 4.070551e-05     0 3.915626e-02    20 1.300006e+02 5.900185e-02 1.269811e-04 
3.270000e+01 4.545007e-03 -2.373129e-02 2.396619e-01 4.128929e+03 7.782461e+02 6.080313e+02  1000  5000 3.809790e-05     0 3.915623e-02    20 1.300006e+02 5.900187e-02 1.286390e-04 
3.280000e+01 4.566069e-03 -2.373129e-02 2.397608e-01 4.141515e+03 7.813205e+02 6.069570e+02  1000  5000 3.963651e-05     0 3.915621e-02    20 1.300006e+02 5.900188e-02 1.307177e-04 
3.290000e+01 4.587497e-03 -2.373129e-02 2.398600e-01 4.154100e+03 7.843962e+02 6.058827e+02  1000  5000 4.285338e-05     0 3.915618e-02    20 1.300006e+02 5.900190e-02 1.329183e-04 
   33 4.608233e-03 -2.373129e-02 2.399601e-01 4.166685e+03 7.874731e+02 6.048084e+02  1000  5000 4.664072e-05     0 3.915616e-02    20 1.300006e+02 5.900192e-02 1.348246e-04 
3.310000e+01 4.629262e-03 -2.373130e-02 2.400610e-01 4.179270e+03 7.905513e+02 6.037341e+02  1000  5000 3.026882e-05     0 3.915613e-02    20 1.300006e+02 5.900193e-02 1.363744e-04 
3.320000e+01 4.653857e-03 -2.373130e-02 2.401623e-01 4.191854e+03 7.936307e+02 6.026598e+02  1000  5000 2.714900e-05     0 3.915610e-02    20 1.300006e+02 5.900195e-02 1.383320e-04 
3.330000e+01 4.680858e-03 -2.373130e-02 2.402638e-01 4.204438e+03 7.967115e+02 6.015855e+02  1000  5000 2.940567e-05     0 3.915607e-02    20 1.300006e+02 5.900197e-02 1.408340e-04 
3.340000e+01 4.708215e-03 -2.373130e-02 2.403659e-01 4.217022e+03 7.997935e+02 6.005112e+02  1000  5000 3.382013e-05     0 3.915604e-02    20 1.300006e+02 5.900198e-02 1.434948e-04 
3.350000e+01 4.734552e-03 -2.373130e-02 2.404689e-01 4.229605e+03 8.028769e+02 5.994368e+02  1000  5000 3.894819e-05     0 3.915601e-02    20 1.300006e+02 5.900200e-02 1.457768e-04 
3.360000e+01 4.761142e-03 -2.373130e-02 2.405731e-01 4.242188e+03 8.059615e+02 5.983625e+02  1000  5000 1.816705e-05     0 3.915597e-02    20 1.300006e+02 5.900202e-02 1.475982e-04 
3.370000e+01 4.792216e-03 -2.373130e-02 2.406777e-01 4.254771e+03 8.090475e+02 5.972882e+02  1000  5000 1.437267e-05     0 3.915594e-02    20 1.300006e+02 5.900204e-02 1.499403e-04 
3.380000e+01 4.826288e-03 -2.373130e-02 2.407826e-01 4.267353e+03 8.121347e+02 5.962139e+02  1000  5000 1.745655e-05     0 3.915591e-02    20 1.300006e+02 5.900206e-02 1.529802e-04 
3.390000e+01 4.860722e-03 -2.373130e-02 2.408882e-01 4.279935e+03 8.152234e+02 5.951396e+02  1000  5000 2.328688e-05     0 3.915587e-02    20 1.300006e+02 5.900208e-02 1.562259e-04 
   34 4.893753e-03 -2.373130e-02 2.409950e-01 4.292517e+03 8.183133e+02 5.940653e+02  1000  5000 3.000924e-05     0 3.915583e-02    20 1.300006e+02 5.900210e-02 1.589908e-04 
3.410000e+01 4.927014e-03 -2.373130e-02 2.411032e-01 4.305098e+03 8.214047e+02 5.929910e+02  1000  5000 3.664283e-06     0 3.915579e-02    20 1.300006e+02 5.900213e-02 1.611699e-04 
3.420000e+01 4.965943e-03 -2.373130e-02 2.412119e-01 4.317679e+03 8.244973e+02 5.919166e+02  1000  5000 -1.035143e-06     0 3.915575e-02    20 1.300006e+02 5.900215e-02 1.640154e-04 
3.430000e+01 5.008639e-03 -2.373130e-02 2.413210e-01 4.330260e+03 8.275914e+02 5.908423e+02  1000  5000 3.022416e-06     0 3.915571e-02    20 1.300006e+02 5.900217e-02 1.677544e-04 
3.440000e+01 5.051730e-03 -2.373130e-02 2.414309e-01 4.342840e+03 8.306869e+02 5.897680e+02  1000  5000 1.056685e-05     0 3.915567e-02    20 1.300006e+02 5.900219e-02 1.717608e-04 
3.450000e+01 5.092956e-03 -2.373130e-02 2.415423e-01 4.355420e+03 8.337837e+02 5.886937e+02  1000  5000 1.923109e-05     0 3.915562e-02    20 1.300006e+02 5.900222e-02 1.751602e-04 
3.460000e+01 5.134420e-03 -2.373131e-02 2.416554e-01 4.368000e+03 8.368820e+02 5.876194e+02  1000  5000 -1.432264e-05     0 3.915557e-02    20 1.300006e+02 5.900225e-02 1.778203e-04 
3.470000e+01 5.183114e-03 -2.373131e-02 2.417693e-01 4.380579e+03 8.399817e+02 5.865451e+02  1000  5000 -2.026345e-05     0 3.915552e-02    20 1.300006e+02 5.900227e-02 1.813405e-04 
3.480000e+01 5.236603e-03 -2.373131e-02 2.418835e-01 4.393158e+03 8.430829e+02 5.854707e+02  1000  5000 -1.503402e-05     0 3.915547e-02    20 1.300006e+02 5.900230e-02 1.860112e-04 
3.490000e+01 5.290559e-03 -2.373131e-02 2.419987e-01 4.405737e+03 8.461855e+02 5.843964e+02  1000  5000 -5.361570e-06     0 3.915542e-02    20 1.300006e+02 5.900233e-02 1.910324e-04 
   35 5.342078e-03 -2.373131e-02 2.421157e-01 4.418315e+03 8.492896e+02 5.833221e+02  1000  5000 5.729132e-06     0 3.915536e-02    20 1.300006e+02 5.900236e-02 1.952869e-04 
3.510000e+01 5.393898e-03 -2.373131e-02 2.422350e-01 4.430893e+03 8.523952e+02 5.822478e+02  1000  5000 -3.744355e-05     0 3.915531e-02    20 1.300006e+02 5.900239e-02 1.986098e-04 
3.520000e+01 5.455068e-03 -2.373132e-02 2.423551e-01 4.443470e+03 8.555023e+02 5.811735e+02  1000  5000 -4.513277e-05     0 3.915525e-02    20 1.300006e+02 5.900242e-02 2.030592e-04 
3.530000e+01 5.522444e-03 -2.373131e-02 2.424756e-01 4.456048e+03 8.586110e+02 5.800991e+02  1000  5000 -3.845989e-05     0 3.915518e-02    20 1.300006e+02 5.900245e-02 2.090072e-04 
3.540000e+01 5.590421e-03 -2.373131e-02 2.425973e-01 4.468624e+03 8.617211e+02 5.790248e+02  1000  5000 -2.607253e-05     0 3.915512e-02    20 1.300006e+02 5.900248e-02 2.154225e-04 
3.550000e+01 5.655240e-03 -2.373131e-02 2.427213e-01 4.481201e+03 8.648329e+02 5.779505e+02  1000  5000 -1.186433e-05     0 3.915505e-02    20 1.300006e+02 5.900252e-02 2.208638e-04 
3.560000e+01 5.720513e-03 -2.373132e-02 2.428480e-01 4.493777e+03 8.679462e+02 5.768762e+02  1000  5000 -6.831299e-05     0 3.915498e-02    20 1.300006e+02 5.900255e-02 2.251272e-04 
3.570000e+01 5.798117e-03 -2.373133e-02 2.429758e-01 4.506352e+03 8.710611e+02 5.758018e+02  1000  5000 -7.854536e-05     0 3.915490e-02    20 1.300006e+02 5.900259e-02 2.308970e-04 
3.580000e+01 5.883925e-03 -2.373132e-02 2.431040e-01 4.518927e+03 8.741777e+02 5.747275e+02  1000  5000 -7.005054e-05     0 3.915482e-02    20 1.300006e+02 5.900263e-02 2.386559e-04 
3.590000e+01 5.970574e-03 -2.373132e-02 2.432336e-01 4.531502e+03 8.772959e+02 5.736532e+02  1000  5000 -5.409293e-05     0 3.915474e-02    20 1.300006e+02 5.900267e-02 2.470529e-04 
   36 6.053128e-03 -2.373132e-02 2.433662e-01 4.544076e+03 8.804158e+02 5.725789e+02  1000  5000 -3.575257e-05     0 3.915465e-02    20 1.300006e+02 5.900271e-02 2.541992e-04 
3.610000e+01 6.136460e-03 -2.373133e-02 2.435023e-01 4.556650e+03 8.835374e+02 5.715045e+02  1000  5000 -1.112741e-04     0 3.915456e-02    20 1.300006e+02 5.900275e-02 2.598447e-04 
3.620000e+01 6.236476e-03 -2.373134e-02 2.436396e-01 4.569224e+03 8.866608e+02 5.704302e+02  1000  5000 -1.253561e-04     0 3.915446e-02    20 1.300006e+02 5.900280e-02 2.675648e-04 
3.630000e+01 6.347641e-03 -2.373133e-02 2.437772e-01 4.581797e+03 8.897859e+02 5.693559e+02  1000  5000 -1.145011e-04     0 3.915437e-02    20 1.300006e+02 5.900284e-02 2.779961e-04 
3.640000e+01 6.460080e-03 -2.373132e-02 2.439167e-01 4.594369e+03 8.929128e+02 5.682816e+02  1000  5000 -9.368185e-05     0 3.915426e-02    20 1.300006e+02 5.900289e-02 2.893278e-04 
3.650000e+01 6.567161e-03 -2.373133e-02 2.440600e-01 4.606941e+03 8.960415e+02 5.672072e+02  1000  5000 -6.966316e-05     0 3.915414e-02    20 1.300006e+02 5.900295e-02 2.990283e-04 
3.660000e+01 6.675682e-03 -2.373134e-02 2.442077e-01 4.619513e+03 8.991721e+02 5.661329e+02  1000  5000 -1.739713e-04     0 3.915402e-02    20 1.300006e+02 5.900300e-02 3.067952e-04 
3.670000e+01 6.807564e-03 -2.373135e-02 2.443568e-01 4.632084e+03 9.023045e+02 5.650585e+02  1000  5000 -1.941812e-04     0 3.915389e-02    20 1.300006e+02 5.900306e-02 3.175351e-04 
3.680000e+01 6.955157e-03 -2.373134e-02 2.445062e-01 4.644655e+03 9.054389e+02 5.639842e+02  1000  5000 -1.801828e-04     0 3.915377e-02    20 1.300006e+02 5.900311e-02 3.321106e-04 
3.690000e+01 7.104811e-03 -2.373132e-02 2.446578e-01 4.657225e+03 9.085753e+02 5.629099e+02  1000  5000 -1.524620e-04     0 3.915363e-02    20 1.300006e+02 5.900317e-02 3.480159e-04 
   37 7.247351e-03 -2.373132e-02 2.448144e-01 4.669795e+03 9.117137e+02 5.618355e+02 3.271122e+03 1.154888e+04 -1.202938e-04     0 3.915347e-02    20 1.300006e+02 5.900324e-02 3.617466e-04 
3.710000e+01 7.909126e-03 -2.310901e-02 2.449188e-01 4.682364e+03 9.148541e+02 5.607609e+02 3.271122e+03 1.154888e+04 -6.805228e-03     0 2.884154e-02    20 1.300008e+02 5.967232e-02 4.698036e-04 
3.720000e+01 1.026615e-02 -2.085266e-02 2.447502e-01 4.694933e+03 9.179968e+02 5.596867e+02 3.271122e+03 1.154888e+04 -9.012149e-03     0 3.080979e-02    20 1.299983e+02 6.172533e-02 1.000236e-03 
3.730000e+01 1.392020e-02 -1.843451e-02 2.442395e-01 4.707501e+03 9.211423e+02 5.586180e+02 3.271122e+03 1.154888e+04 -9.333023e-03     0 3.392493e-02    20 1.299900e+02 6.352433e-02 2.019952e-03 
3.740000e+01 1.808122e-02 -1.695968e-02 2.434990e-01 4.720067e+03 9.242914e+02 5.575587e+02 3.271122e+03 1.154888e+04 -8.836009e-03     0 3.402698e-02 2.004671e+01 1.299770e+02 6.416363e-02 3.362963e-03 
3.750000e+01 2.219845e-02 -1.623594e-02 2.427422e-01 4.732632e+03 9.274449e+02 5.565101e+02 3.277108e+03 1.155065e+04 -8.016386e-03     0 3.318703e-02 2.006951e+01 1.299613e+02 6.404293e-02 4.773527e-03 
3.760000e+01 2.604110e-02 -1.510124e-02 2.422119e-01 4.745195e+03 9.306036e+02 5.554714e+02 3.277108e+03 1.155065e+04 -7.446958e-03     0 2.225228e-02    20 1.299438e+02 6.444589e-02 6.013653e-03 
3.770000e+01 2.959986e-02 -1.232523e-02 2.421049e-01 4.757755e+03 9.337681e+02 5.544425e+02 3.277108e+03 1.155065e+04 -6.677225e-03     0 2.518889e-02    20 1.299215e+02 6.628804e-02 6.927285e-03 
3.780000e+01 3.290106e-02 -9.532238e-03 2.424781e-01 4.770311e+03 9.369393e+02 5.534279e+02 3.277108e+03 1.155065e+04 -5.873819e-03     0 2.883875e-02    20 1.298919e+02 6.779411e-02 7.425762e-03 
3.790000e+01 3.598511e-02 -7.859479e-03 2.433214e-01 4.782864e+03 9.401181e+02 5.524310e+02 3.277108e+03 1.155065e+04 -5.092767e-03     0 2.983413e-02    20 1.298561e+02 6.805414e-02 7.485755e-03 
   38 3.889405e-02 -7.135242e-03 2.445999e-01 4.795413e+03 9.433054e+02 5.514520e+02 3.283196e+03 1.155246e+04 -4.347698e-03     0 2.986213e-02    20 1.298167e+02 6.746108e-02 7.148343e-03 
3.810000e+01 4.166020e-02 -6.163240e-03 2.462748e-01 4.807956e+03 9.465020e+02 5.504891e+02 3.283196e+03 1.155246e+04 -3.602617e-03     0 1.941934e-02    20 1.297753e+02 6.734309e-02 6.503402e-03 
3.820000e+01 4.425863e-02 -3.626744e-03 2.482890e-01 4.820492e+03 9.497090e+02 5.495410e+02 3.283196e+03 1.155246e+04 -2.916081e-03     0 2.265750e-02    20 1.297294e+02 6.869522e-02 5.668250e-03 
3.830000e+01 4.668572e-02 -1.083299e-03 2.504636e-01 4.833023e+03 9.529276e+02 5.486108e+02 3.283196e+03 1.155246e+04 -2.276139e-03     0 2.715491e-02    20 1.296763e+02 6.978197e-02 4.760030e-03 
3.840000e+01 4.891518e-02 2.881011e-04 2.526358e-01 4.845545e+03 9.561589e+02 5.477011e+02 3.283196e+03 1.155246e+04 -1.681629e-03     0 2.872521e-02    20 1.296175e+02 6.963346e-02 3.876442e-03 
3.850000e+01 5.091423e-02 6.685915e-04 2.547239e-01 4.858059e+03 9.594037e+02 5.468111e+02 3.289473e+03 1.155433e+04 -1.136986e-03     0 2.913890e-02    20 1.295555e+02 6.864636e-02 3.090698e-03 
3.860000e+01 5.259860e-02 1.285474e-03 2.567372e-01 4.870565e+03 9.626627e+02 5.459379e+02 3.289473e+03 1.155433e+04 1.663239e-04     0 1.908423e-02    20 1.294923e+02 6.817180e-02 2.437666e-03 
3.870000e+01 5.379142e-02 3.467196e-03 2.587386e-01 4.883060e+03 9.659366e+02 5.450795e+02 3.289473e+03 1.155433e+04 8.644399e-04     0 2.263667e-02    20 1.294253e+02 6.921181e-02 1.899851e-03 
3.880000e+01 5.455737e-02 5.672655e-03 2.606492e-01 4.895546e+03 9.692258e+02 5.442383e+02 3.289473e+03 1.155433e+04 1.267664e-03     0 2.742286e-02    20 1.293520e+02 7.004079e-02 1.466207e-03 
3.890000e+01 5.500694e-02 6.723914e-03 2.624011e-01 4.908021e+03 9.725309e+02 5.434162e+02 3.289473e+03 1.155433e+04 1.506801e-03     0 2.924636e-02    20 1.292739e+02 6.968339e-02 1.133774e-03 
   39 5.523063e-02 6.792582e-03 2.640008e-01 4.920484e+03 9.758518e+02 5.426119e+02 3.296033e+03 1.155628e+04 1.645693e-03     0 2.985318e-02    20 1.291935e+02 6.852365e-02 9.005475e-04 
3.910000e+01 5.524254e-02 7.093245e-03 2.655260e-01 4.932936e+03 9.791884e+02 5.418221e+02 3.296033e+03 1.155628e+04 2.454120e-03     0 1.999385e-02    20 1.291129e+02 6.789861e-02 7.497549e-04 
3.920000e+01 5.494431e-02 8.948654e-03 2.670803e-01 4.945376e+03 9.825406e+02 5.410444e+02 3.296033e+03 1.155628e+04 2.728770e-03     0 2.360995e-02    20 1.290295e+02 6.880671e-02 6.341077e-04 
3.930000e+01 5.442664e-02 1.084370e-02 2.686017e-01 4.957804e+03 9.859084e+02 5.402810e+02 3.296033e+03 1.155628e+04 2.765768e-03     0 2.845300e-02    20 1.289409e+02 6.954552e-02 5.306384e-04 
3.940000e+01 5.380103e-02 1.160786e-02 2.700301e-01 4.970219e+03 9.892915e+02 5.395334e+02 3.296033e+03 1.155628e+04 2.692042e-03     0 3.033814e-02    20 1.288485e+02 6.913943e-02 4.395232e-04 
3.950000e+01 5.314613e-02 1.140127e-02 2.713696e-01 4.982621e+03 9.926897e+02 5.388004e+02 3.302934e+03 1.155833e+04 2.568846e-03     0 3.097005e-02    20 1.287548e+02 6.795528e-02 3.703040e-04 
3.960000e+01 5.247056e-02 1.142248e-02 2.726840e-01 4.995010e+03 9.961024e+02 5.380784e+02 3.302934e+03 1.155833e+04 2.982234e-03     0 2.116265e-02    20 1.286618e+02 6.731042e-02 3.241357e-04 
3.970000e+01 5.168499e-02 1.298859e-02 2.740538e-01 5.007386e+03 9.995294e+02 5.373650e+02 3.302934e+03 1.155833e+04 3.024371e-03     0 2.469447e-02    20 1.285671e+02 6.819897e-02 2.783844e-04 
3.980000e+01 5.084059e-02 1.461638e-02 2.754072e-01 5.019749e+03 1.002970e+03 5.366623e+02 3.302934e+03 1.155833e+04 2.916319e-03     0 2.946760e-02    20 1.284682e+02 6.894756e-02 2.277544e-04 
3.990000e+01 5.000122e-02 1.514484e-02 2.766799e-01 5.032098e+03 1.006425e+03 5.359718e+02 3.302934e+03 1.155833e+04 2.749882e-03     0 3.131112e-02    20 1.283663e+02 6.858255e-02 1.824292e-04 
   40 4.920761e-02 1.472064e-02 2.778711e-01 5.044433e+03 1.009893e+03 5.352922e+02 3.310195e+03 1.156049e+04 2.566852e-03     0 3.187898e-02    20 1.282640e+02 6.745258e-02 1.560579e-04 
4.010000e+01 4.844855e-02 1.452346e-02 2.790373e-01 5.056755e+03 1.013374e+03 5.346201e+02 3.310195e+03 1.156049e+04 2.859127e-03     0 2.204764e-02    20 1.281632e+02 6.685451e-02 1.514892e-04 
4.020000e+01 4.763259e-02 1.586298e-02 2.802518e-01 5.069062e+03 1.016867e+03 5.339533e+02 3.310195e+03 1.156049e+04 2.848461e-03     0 2.542360e-02    20 1.280615e+02 6.777927e-02 1.488649e-04 
4.030000e+01 4.679401e-02 1.728894e-02 2.814515e-01 5.081356e+03 1.020372e+03 5.332937e+02 3.310195e+03 1.156049e+04 2.719512e-03     0 3.006954e-02    20 1.279564e+02 6.858604e-02 1.419330e-04 
4.040000e+01 4.598016e-02 1.764936e-02 2.825799e-01 5.093636e+03 1.023890e+03 5.326430e+02 3.310195e+03 1.156049e+04 2.547863e-03     0 3.182781e-02    20 1.278491e+02 6.830419e-02 1.373946e-04 
4.050000e+01 4.522157e-02 1.707550e-02 2.836386e-01 5.105902e+03 1.027419e+03 5.319999e+02 3.317817e+03 1.156275e+04 2.367386e-03     0 3.229644e-02    20 1.277420e+02 6.726358e-02 1.450635e-04 
4.060000e+01 4.450766e-02 1.672649e-02 2.846805e-01 5.118153e+03 1.030959e+03 5.313615e+02 3.317817e+03 1.156275e+04 2.595903e-03     0 2.241203e-02    20 1.276369e+02 6.674027e-02 1.660662e-04 
4.070000e+01 4.375748e-02 1.790396e-02 2.857726e-01 5.130391e+03 1.034511e+03 5.307254e+02 3.317817e+03 1.156275e+04 2.570107e-03     0 2.560901e-02    20 1.275317e+02 6.772271e-02 1.828811e-04 
4.080000e+01 4.299954e-02 1.919123e-02 2.868583e-01 5.142615e+03 1.038072e+03 5.300937e+02 3.317817e+03 1.156275e+04 2.446804e-03     0 3.011317e-02    20 1.274236e+02 6.860405e-02 1.901913e-04 
4.090000e+01 4.227231e-02 1.944544e-02 2.878860e-01 5.154825e+03 1.041645e+03 5.294682e+02 3.317817e+03 1.156275e+04 2.289905e-03     0 3.177914e-02    20 1.273139e+02 6.841731e-02 1.942772e-04 
   41 4.160025e-02 1.878189e-02 2.888561e-01 5.167020e+03 1.045227e+03 5.288479e+02 3.325794e+03 1.156512e+04 2.127862e-03     0 3.214669e-02    20 1.272049e+02 6.747364e-02 2.044389e-04 
4.110000e+01 4.097390e-02 1.833874e-02 2.898157e-01 5.179202e+03 1.048820e+03 5.282299e+02 3.325794e+03 1.156512e+04 2.322646e-03     0 2.220956e-02    20 1.270983e+02 6.702852e-02 2.227009e-04 
4.120000e+01 4.032012e-02 1.940946e-02 2.908243e-01 5.191369e+03 1.052421e+03 5.276121e+02 3.325794e+03 1.156512e+04 2.298300e-03     0 2.523336e-02    20 1.269919e+02 6.806842e-02 2.350672e-04 
4.130000e+01 3.966303e-02 2.061081e-02 2.918300e-01 5.203523e+03 1.056032e+03 5.269966e+02 3.325794e+03 1.156512e+04 2.190535e-03     0 2.960556e-02    20 1.268831e+02 6.902092e-02 2.379686e-04 
4.140000e+01 3.903440e-02 2.080910e-02 2.927849e-01 5.215663e+03 1.059653e+03 5.263854e+02 3.325794e+03 1.156512e+04 2.054412e-03     0 3.119248e-02    20 1.267730e+02 6.892322e-02 2.376591e-04 
4.150000e+01 3.845432e-02 2.010371e-02 2.936883e-01 5.227788e+03 1.063282e+03 5.257776e+02 3.334115e+03 1.156760e+04 1.914292e-03     0 3.147504e-02    20 1.266639e+02 6.806818e-02 2.427976e-04 
4.160000e+01 3.791454e-02 1.961179e-02 2.945824e-01 5.239900e+03 1.066920e+03 5.251706e+02 3.334115e+03 1.156760e+04 2.092201e-03     0 2.150108e-02    20 1.265574e+02 6.769118e-02 2.554531e-04 
4.170000e+01 3.734802e-02 2.061854e-02 2.955216e-01 5.251999e+03 1.070566e+03 5.245623e+02 3.334115e+03 1.156760e+04 2.074652e-03     0 2.437192e-02    20 1.264514e+02 6.877698e-02 2.634027e-04 
4.180000e+01 3.677668e-02 2.177362e-02 2.964588e-01 5.264083e+03 1.074221e+03 5.239550e+02 3.334115e+03 1.156760e+04 1.982434e-03     0 2.863334e-02    20 1.263433e+02 6.978730e-02 2.635114e-04 
4.190000e+01 3.622845e-02 2.195253e-02 2.973499e-01 5.276154e+03 1.077884e+03 5.233507e+02 3.334115e+03 1.156760e+04 1.864479e-03     0 3.016302e-02    20 1.262341e+02 6.976393e-02 2.612349e-04 
   42 3.572123e-02 2.123912e-02 2.981942e-01 5.288211e+03 1.081555e+03 5.227487e+02 3.342771e+03 1.157017e+04 1.742452e-03     0 3.038372e-02    20 1.261259e+02 6.898210e-02 2.641470e-04 
4.210000e+01 3.524899e-02 2.072990e-02 2.990301e-01 5.300255e+03 1.085233e+03 5.221465e+02 3.342771e+03 1.157017e+04 1.904499e-03     0 2.039449e-02    20 1.260205e+02 6.865758e-02 2.740000e-04 
4.220000e+01 3.475054e-02 2.170187e-02 2.999076e-01 5.312285e+03 1.088919e+03 5.215423e+02 3.342771e+03 1.157017e+04 1.891215e-03     0 2.313726e-02    20 1.259157e+02 6.977350e-02 2.798665e-04 
4.230000e+01 3.424644e-02 2.283677e-02 3.007837e-01 5.324302e+03 1.092613e+03 5.209382e+02 3.342771e+03 1.157017e+04 1.810745e-03     0 2.731173e-02    20 1.258090e+02 7.082504e-02 2.788994e-04 
4.240000e+01 3.376164e-02 2.301947e-02 3.016183e-01 5.336306e+03 1.096314e+03 5.203363e+02 3.342771e+03 1.157017e+04 1.706883e-03     0 2.880706e-02    20 1.257013e+02 7.085892e-02 2.758887e-04 
4.250000e+01 3.331222e-02 2.231892e-02 3.024101e-01 5.348296e+03 1.100022e+03 5.197362e+02 3.351749e+03 1.157284e+04 1.599044e-03     0 2.898918e-02    20 1.255947e+02 7.013343e-02 2.775450e-04 
4.260000e+01 3.289419e-02 2.181153e-02 3.031943e-01 5.360273e+03 1.103737e+03 5.191353e+02 3.351749e+03 1.157284e+04 1.744858e-03     0 1.900572e-02    20 1.254908e+02 6.984522e-02 2.854441e-04 
4.270000e+01 3.245141e-02 2.276621e-02 3.040169e-01 5.372237e+03 1.107458e+03 5.185321e+02 3.351749e+03 1.157284e+04 1.733779e-03     0 2.164402e-02    20 1.253876e+02 7.097577e-02 2.898997e-04 
4.280000e+01 3.200318e-02 2.389593e-02 3.048389e-01 5.384188e+03 1.111187e+03 5.179285e+02 3.351749e+03 1.157284e+04 1.662516e-03     0 2.575309e-02    20 1.252826e+02 7.205282e-02 2.883947e-04 
4.290000e+01 3.157161e-02 2.409505e-02 3.056229e-01 5.396125e+03 1.114922e+03 5.173269e+02 3.351749e+03 1.157284e+04 1.570197e-03     0 2.723387e-02    20 1.251765e+02 7.212823e-02 2.851805e-04 
   43 3.117102e-02 2.341833e-02 3.063677e-01 5.408050e+03 1.118663e+03 5.167266e+02 3.361040e+03 1.157560e+04 1.474184e-03     0 2.739710e-02    20 1.250716e+02 7.144404e-02 2.862196e-04 
4.310000e+01 3.079917e-02 2.292266e-02 3.071055e-01 5.419962e+03 1.122411e+03 5.161255e+02 3.361040e+03 1.157560e+04 1.604443e-03     0 1.743666e-02    20 1.249693e+02 7.117829e-02 2.929234e-04 
4.320000e+01 3.040426e-02 2.386897e-02 3.078788e-01 5.431861e+03 1.126165e+03 5.155219e+02 3.361040e+03 1.157560e+04 1.594637e-03     0 1.998991e-02    20 1.248678e+02 7.231063e-02 2.966902e-04 
4.330000e+01 3.000445e-02 2.500057e-02 3.086519e-01 5.443748e+03 1.129925e+03 5.149178e+02 3.361040e+03 1.157560e+04 1.531090e-03     0 2.405056e-02    20 1.247644e+02 7.340039e-02 2.952707e-04 
4.340000e+01 2.961924e-02 2.522138e-02 3.093904e-01 5.455622e+03 1.133691e+03 5.143155e+02 3.361040e+03 1.157560e+04 1.448695e-03     0 2.553177e-02    20 1.246601e+02 7.350475e-02 2.924107e-04 
4.350000e+01 2.926136e-02 2.457271e-02 3.100926e-01 5.467483e+03 1.137462e+03 5.137146e+02 3.370633e+03 1.157845e+04 1.362945e-03     0 2.569090e-02    20 1.245567e+02 7.285015e-02 2.933805e-04 
4.360000e+01 2.893010e-02 2.409249e-02 3.107886e-01 5.479331e+03 1.141240e+03 5.131128e+02 3.370633e+03 1.157845e+04 1.478463e-03     0 1.576595e-02    20 1.244561e+02 7.259641e-02 2.994295e-04 
4.370000e+01 2.857757e-02 2.503373e-02 3.115176e-01 5.491167e+03 1.145023e+03 5.125085e+02 3.370633e+03 1.157845e+04 1.469406e-03     0 1.824850e-02    20 1.243560e+02 7.372117e-02 3.029320e-04 
4.380000e+01 2.822087e-02 2.616916e-02 3.122467e-01 5.502991e+03 1.148811e+03 5.119039e+02 3.370633e+03 1.157845e+04 1.412573e-03     0 2.227273e-02    20 1.242543e+02 7.481436e-02 3.018810e-04 
4.390000e+01 2.787715e-02 2.641239e-02 3.129442e-01 5.514802e+03 1.152605e+03 5.113009e+02 3.370633e+03 1.157845e+04 1.338974e-03     0 2.376447e-02    20 1.241515e+02 7.493863e-02 2.995720e-04 
   44 2.755760e-02 2.579191e-02 3.136083e-01 5.526601e+03 1.156404e+03 5.106995e+02 3.380520e+03 1.158139e+04 1.262388e-03     0 2.392944e-02    20 1.240496e+02 7.430539e-02 3.006564e-04 
4.410000e+01 2.726294e-02 2.532720e-02 3.142668e-01 5.538388e+03 1.160208e+03 5.100972e+02 3.380520e+03 1.158139e+04 1.364187e-03     0 1.404792e-02    20 1.239503e+02 7.405660e-02 3.062452e-04 
4.420000e+01 2.694876e-02 2.626339e-02 3.149560e-01 5.550162e+03 1.164018e+03 5.094926e+02 3.380520e+03 1.158139e+04 1.355658e-03     0 1.646950e-02    20 1.238516e+02 7.516771e-02 3.096082e-04 
4.430000e+01 2.663117e-02 2.740178e-02 3.156458e-01 5.561925e+03 1.167832e+03 5.088878e+02 3.380520e+03 1.158139e+04 1.304856e-03     0 2.046490e-02    20 1.237512e+02 7.625830e-02 3.089680e-04 
4.440000e+01 2.632518e-02 2.766573e-02 3.163066e-01 5.573675e+03 1.171651e+03 5.082847e+02 3.380520e+03 1.158139e+04 1.239228e-03     0 2.197311e-02    20 1.236498e+02 7.639660e-02 3.072200e-04 
4.450000e+01 2.604059e-02 2.707151e-02 3.169366e-01 5.585413e+03 1.175475e+03 5.076831e+02 3.390692e+03 1.158441e+04 1.170975e-03     0 2.214987e-02    20 1.235492e+02 7.577954e-02 3.084594e-04 
4.460000e+01 2.577934e-02 2.662056e-02 3.175616e-01 5.597139e+03 1.179304e+03 5.070810e+02 3.390692e+03 1.158441e+04 1.260189e-03     0 1.231611e-02    20 1.234511e+02 7.553154e-02 3.136735e-04 
4.470000e+01 2.550017e-02 2.755016e-02 3.182153e-01 5.608853e+03 1.183137e+03 5.064766e+02 3.390692e+03 1.158441e+04 1.252123e-03     0 1.468270e-02    20 1.233536e+02 7.662560e-02 3.169468e-04 
4.480000e+01 2.521833e-02 2.868940e-02 3.188702e-01 5.620556e+03 1.186975e+03 5.058721e+02 3.390692e+03 1.158441e+04 1.206827e-03     0 1.865341e-02    20 1.232544e+02 7.771015e-02 3.167111e-04 
4.490000e+01 2.494686e-02 2.897140e-02 3.194983e-01 5.632246e+03 1.190817e+03 5.052694e+02 3.390692e+03 1.158441e+04 1.148487e-03     0 2.018091e-02    20 1.231541e+02 7.785907e-02 3.155005e-04 
   45 2.469426e-02 2.840074e-02 3.200979e-01 5.643925e+03 1.194664e+03 5.046684e+02 3.401143e+03 1.158752e+04 1.087863e-03     0 2.037248e-02    20 1.230547e+02 7.725533e-02 3.169056e-04 
4.510000e+01 2.446361e-02 2.796123e-02 3.206931e-01 5.655591e+03 1.198515e+03 5.040669e+02 3.401143e+03 1.158752e+04 1.165586e-03     0 1.058824e-02    20 1.229576e+02 7.700607e-02 3.218007e-04 
4.520000e+01 2.421650e-02 2.888225e-02 3.213154e-01 5.667246e+03 1.202370e+03 5.034634e+02 3.401143e+03 1.158752e+04 1.157959e-03     0 1.290316e-02    20 1.228611e+02 7.808165e-02 3.250096e-04 
4.530000e+01 2.396738e-02 3.001992e-02 3.219392e-01 5.678890e+03 1.206229e+03 5.028597e+02 3.401143e+03 1.158752e+04 1.117712e-03     0 1.685095e-02    20 1.227630e+02 7.915854e-02 3.251538e-04 
4.540000e+01 2.372751e-02 3.031720e-02 3.225384e-01 5.690522e+03 1.210093e+03 5.022580e+02 3.401143e+03 1.158752e+04 1.066050e-03     0 1.839846e-02    20 1.226638e+02 7.931643e-02 3.244410e-04 
4.550000e+01 2.350423e-02 2.976744e-02 3.231111e-01 5.702142e+03 1.213960e+03 5.016581e+02 3.411866e+03 1.159071e+04 1.012419e-03     0 1.860589e-02    20 1.225652e+02 7.872474e-02 3.260046e-04 
4.560000e+01 2.330162e-02 2.933714e-02 3.236800e-01 5.713750e+03 1.217831e+03 5.010577e+02 3.411866e+03 1.159071e+04 1.079675e-03     0 8.871332e-03    20 1.224691e+02 7.847360e-02 3.306161e-04 
4.570000e+01 2.308385e-02 3.024774e-02 3.242746e-01 5.725347e+03 1.221707e+03 5.004555e+02 3.411866e+03 1.159071e+04 1.072475e-03     0 1.113619e-02    20 1.223735e+02 7.953052e-02 3.337702e-04 
4.580000e+01 2.286468e-02 3.138170e-02 3.248710e-01 5.736933e+03 1.225585e+03 4.998533e+02 3.411866e+03 1.159071e+04 1.036862e-03     0 1.506131e-02    20 1.222763e+02 8.059930e-02 3.342607e-04 
4.590000e+01 2.265374e-02 3.169183e-02 3.254446e-01 5.748507e+03 1.229468e+03 4.992530e+02 3.411866e+03 1.159071e+04 9.913210e-04     0 1.662830e-02    20 1.221780e+02 8.076559e-02 3.340007e-04 
   46 2.245732e-02 3.116073e-02 3.259938e-01 5.760070e+03 1.233354e+03 4.986545e+02 3.422857e+03 1.159397e+04 9.440981e-04     0 1.685152e-02    20 1.220803e+02 8.018567e-02 3.357097e-04 
4.610000e+01 2.228037e-02 3.073785e-02 3.265396e-01 5.771621e+03 1.237244e+03 4.980558e+02 3.422857e+03 1.159397e+04 1.001839e-03     0 7.165951e-03    20 1.219850e+02 7.993286e-02 3.400656e-04 
4.620000e+01 2.208945e-02 3.163660e-02 3.271099e-01 5.783161e+03 1.241137e+03 4.974553e+02 3.422857e+03 1.159397e+04 9.950579e-04     0 9.381360e-03    20 1.218902e+02 8.097164e-02 3.431712e-04 
4.630000e+01 2.189766e-02 3.276516e-02 3.276823e-01 5.794689e+03 1.245034e+03 4.968548e+02 3.422857e+03 1.159397e+04 9.636961e-04     0 1.328328e-02    20 1.217939e+02 8.203253e-02 3.439758e-04 
4.640000e+01 2.171318e-02 3.308625e-02 3.282337e-01 5.806207e+03 1.248934e+03 4.962563e+02 3.422857e+03 1.159397e+04 9.237617e-04     0 1.486856e-02    20 1.216964e+02 8.220721e-02 3.441267e-04 
4.650000e+01 2.154134e-02 3.257207e-02 3.287622e-01 5.817713e+03 1.252838e+03 4.956596e+02 3.434110e+03 1.159732e+04 8.824088e-04     0 1.510694e-02    20 1.215995e+02 8.163927e-02 3.459689e-04 
4.660000e+01 2.138787e-02 3.215533e-02 3.292880e-01 5.829207e+03 1.256745e+03 4.950627e+02 3.434110e+03 1.159732e+04 9.315108e-04     0 5.469365e-03    20 1.215049e+02 8.138544e-02 3.500952e-04 
4.670000e+01 2.122149e-02 3.304130e-02 3.298371e-01 5.840691e+03 1.260655e+03 4.944641e+02 3.434110e+03 1.159732e+04 9.251372e-04     0 7.635496e-03    20 1.214109e+02 8.240693e-02 3.531580e-04 
4.680000e+01 2.105472e-02 3.416327e-02 3.303887e-01 5.852164e+03 1.264568e+03 4.938656e+02 3.434110e+03 1.159732e+04 8.976732e-04     0 1.151332e-02    20 1.213153e+02 8.346040e-02 3.542477e-04 
4.690000e+01 2.089442e-02 3.449393e-02 3.309207e-01 5.863625e+03 1.268484e+03 4.932691e+02 3.434110e+03 1.159732e+04 8.628704e-04     0 1.311548e-02    20 1.212186e+02 8.364374e-02 3.547714e-04 
   47 2.074506e-02 3.399547e-02 3.314315e-01 5.875075e+03 1.272404e+03 4.926744e+02 3.445623e+03 1.160074e+04 8.268893e-04     0 1.336821e-02    20 1.211225e+02 8.308820e-02 3.567359e-04 
4.710000e+01 2.061301e-02 3.358405e-02 3.319399e-01 5.886514e+03 1.276326e+03 4.920796e+02 3.445623e+03 1.160074e+04 8.681554e-04     0 3.777658e-03    20 1.210286e+02 8.283411e-02 3.606561e-04 
4.720000e+01 2.046906e-02 3.445674e-02 3.324709e-01 5.897942e+03 1.280252e+03 4.914831e+02 3.445623e+03 1.160074e+04 8.621784e-04     0 5.894547e-03    20 1.209353e+02 8.383922e-02 3.636816e-04 
4.730000e+01 2.032512e-02 3.557137e-02 3.330045e-01 5.909359e+03 1.284180e+03 4.908868e+02 3.445623e+03 1.160074e+04 8.382851e-04     0 9.747321e-03    20 1.208404e+02 8.488581e-02 3.650299e-04 
4.740000e+01 2.018690e-02 3.591062e-02 3.335200e-01 5.920766e+03 1.288111e+03 4.902923e+02 3.445623e+03 1.160074e+04 8.081751e-04     0 1.136498e-02    20 1.207445e+02 8.507808e-02 3.658919e-04 
4.750000e+01 2.005807e-02 3.542707e-02 3.340155e-01 5.932161e+03 1.292046e+03 4.896998e+02 3.457393e+03 1.160424e+04 7.771059e-04     0 1.163129e-02    20 1.206491e+02 8.453538e-02 3.679686e-04 
4.760000e+01 1.994557e-02 3.502055e-02 3.345092e-01 5.943545e+03 1.295983e+03 4.891071e+02 3.457393e+03 1.160424e+04 8.112720e-04     0 2.086961e-03    20 1.205558e+02 8.428176e-02 3.717046e-04 
4.770000e+01 1.982207e-02 3.587979e-02 3.350246e-01 5.954918e+03 1.299922e+03 4.885129e+02 3.457393e+03 1.160424e+04 8.056797e-04     0 4.154698e-03    20 1.204632e+02 8.527135e-02 3.746982e-04 
4.780000e+01 1.969895e-02 3.698664e-02 3.355429e-01 5.966280e+03 1.303865e+03 4.879187e+02 3.457393e+03 1.160424e+04 7.850550e-04     0 7.981542e-03    20 1.203691e+02 8.631152e-02 3.762813e-04 
4.790000e+01 1.958087e-02 3.733383e-02 3.360444e-01 5.977632e+03 1.307810e+03 4.873264e+02 3.457393e+03 1.160424e+04 7.592336e-04     0 9.613427e-03    20 1.202738e+02 8.651296e-02 3.774501e-04 
   48 1.947078e-02 3.686469e-02 3.365272e-01 5.988973e+03 1.311758e+03 4.867360e+02 3.469416e+03 1.160781e+04 7.326527e-04     0 9.892682e-03    20 1.201791e+02 8.598342e-02 3.796305e-04 
4.810000e+01 1.937610e-02 3.646290e-02 3.370084e-01 6.000302e+03 1.315708e+03 4.861456e+02 3.469416e+03 1.160781e+04 7.603916e-04     0 3.940668e-04    20 1.200866e+02 8.573092e-02 3.832023e-04 
4.820000e+01 1.927125e-02 3.730876e-02 3.375107e-01 6.011622e+03 1.319661e+03 4.855535e+02 3.469416e+03 1.160781e+04 7.551713e-04     0 2.412869e-03    20 1.199946e+02 8.670571e-02 3.861691e-04 
4.830000e+01 1.916711e-02 3.840761e-02 3.380163e-01 6.022930e+03 1.323617e+03 4.849616e+02 3.469416e+03 1.160781e+04 7.375372e-04     0 6.213043e-03    20 1.199012e+02 8.773980e-02 3.879656e-04 
4.840000e+01 1.906739e-02 3.876231e-02 3.385061e-01 6.034227e+03 1.327575e+03 4.843715e+02 3.469416e+03 1.160781e+04 7.156328e-04     0 7.858058e-03    20 1.198067e+02 8.795050e-02 3.894133e-04 
4.850000e+01 1.897439e-02 3.830725e-02 3.389782e-01 6.045514e+03 1.331535e+03 4.837833e+02 3.481690e+03 1.161146e+04 6.931508e-04     0 8.149777e-03    20 1.197127e+02 8.743437e-02 3.916894e-04 
4.860000e+01 1.889593e-02 3.791020e-02 3.394492e-01 6.056790e+03 1.335498e+03 4.831951e+02 3.481690e+03 1.161146e+04 7.150768e-04     0 -1.303375e-03    20 1.196207e+02 8.718349e-02 3.951157e-04 
4.870000e+01 1.880807e-02 3.874288e-02 3.399408e-01 6.068056e+03 1.339464e+03 4.826053e+02 3.481690e+03 1.161146e+04 7.102154e-04     0 6.668478e-04    20 1.195295e+02 8.814407e-02 3.980604e-04 
4.880000e+01 1.872122e-02 3.983365e-02 3.404358e-01 6.079311e+03 1.343431e+03 4.820155e+02 3.481690e+03 1.161146e+04 6.953163e-04     0 4.439756e-03    20 1.194367e+02 8.917229e-02 4.000511e-04 
4.890000e+01 1.863822e-02 4.019553e-02 3.409161e-01 6.090555e+03 1.347402e+03 4.814277e+02 3.481690e+03 1.161146e+04 6.769880e-04     0 6.096952e-03    20 1.193429e+02 8.939224e-02 4.017521e-04 
   49 1.856080e-02 3.975434e-02 3.413797e-01 6.101788e+03 1.351374e+03 4.808416e+02 3.494215e+03 1.161518e+04 6.582476e-04     0 6.400798e-03    20 1.192496e+02 8.888963e-02 4.041170e-04 
4.910000e+01 1.849709e-02 3.936213e-02 3.418424e-01 6.113011e+03 1.355349e+03 4.802555e+02 3.494215e+03 1.161518e+04 6.749204e-04     0 -3.006899e-03    20 1.191583e+02 8.864076e-02 4.074147e-04 
4.920000e+01 1.842471e-02 4.018190e-02 3.423253e-01 6.124223e+03 1.359326e+03 4.796680e+02 3.494215e+03 1.161518e+04 6.704048e-04     0 -1.084778e-03    20 1.190677e+02 8.958761e-02 4.103417e-04 
4.930000e+01 1.835359e-02 4.126456e-02 3.428119e-01 6.135425e+03 1.363305e+03 4.790805e+02 3.494215e+03 1.161518e+04 6.580063e-04     0 2.660382e-03    20 1.189756e+02 9.061007e-02 4.125093e-04 
4.940000e+01 1.828582e-02 4.163337e-02 3.432846e-01 6.146617e+03 1.367287e+03 4.784948e+02 3.494215e+03 1.161518e+04 6.429417e-04     0 4.328934e-03    20 1.188825e+02 9.083916e-02 4.144404e-04 
4.950000e+01 1.822260e-02 4.120590e-02 3.437415e-01 6.157797e+03 1.371271e+03 4.779108e+02 3.506988e+03 1.161898e+04 6.276157e-04     0 4.644676e-03    20 1.187899e+02 9.035008e-02 4.168878e-04 
4.960000e+01 1.817229e-02 4.081866e-02 3.441978e-01 6.168967e+03 1.375257e+03 4.773269e+02 3.506988e+03 1.161898e+04 6.395449e-04     0 -4.717378e-03    20 1.186993e+02 9.010352e-02 4.200720e-04 
4.970000e+01 1.811400e-02 4.162582e-02 3.446739e-01 6.180127e+03 1.379245e+03 4.767416e+02 3.506988e+03 1.161898e+04 6.353622e-04     0 -2.842792e-03    20 1.186093e+02 9.103701e-02 4.229854e-04 
4.980000e+01 1.805720e-02 4.270037e-02 3.451540e-01 6.191276e+03 1.383236e+03 4.761562e+02 3.506988e+03 1.161898e+04 6.252495e-04     0 8.742214e-04    20 1.185179e+02 9.205373e-02 4.253141e-04 
4.990000e+01 1.800328e-02 4.307587e-02 3.456209e-01 6.202415e+03 1.387228e+03 4.755727e+02 3.506988e+03 1.161898e+04 6.131629e-04     0 2.553387e-03    20 1.184255e+02 9.229178e-02 4.274544e-04 
   50 1.795299e-02 4.266199e-02 3.460729e-01 6.213544e+03 1.391223e+03 4.749909e+02 3.520008e+03 1.162285e+04 6.009518e-04     0 2.880867e-03    20 1.183335e+02 9.181619e-02 4.299783e-04 
5.010000e+01 1.791485e-02 4.227986e-02 3.465245e-01 6.224662e+03 1.395220e+03 4.744091e+02 3.520008e+03 1.162285e+04 6.086008e-04     0 -6.435202e-03    20 1.182435e+02 9.157217e-02 4.330629e-04 
5.020000e+01 1.786938e-02 4.307469e-02 3.469956e-01 6.235769e+03 1.399219e+03 4.738259e+02 3.520008e+03 1.162285e+04 6.047381e-04     0 -4.607530e-03    20 1.181542e+02 9.249260e-02 4.359661e-04 
5.030000e+01 1.782560e-02 4.414112e-02 3.474709e-01 6.246867e+03 1.403220e+03 4.732427e+02 3.520008e+03 1.162285e+04 5.967146e-04     0 -9.190097e-04    20 1.180635e+02 9.350354e-02 4.384416e-04 
5.040000e+01 1.778429e-02 4.452308e-02 3.479338e-01 6.257953e+03 1.407223e+03 4.726612e+02 3.520008e+03 1.162285e+04 5.873449e-04     0 7.700800e-04    20 1.179718e+02 9.375032e-02 4.407721e-04 
5.050000e+01 1.774577e-02 4.412265e-02 3.483823e-01 6.269030e+03 1.411228e+03 4.720815e+02 3.533276e+03 1.162679e+04 5.779753e-04     0 1.109177e-03    20 1.178805e+02 9.328814e-02 4.433670e-04 
5.060000e+01 1.771867e-02 4.374576e-02 3.488309e-01 6.280096e+03 1.415235e+03 4.715019e+02 3.533276e+03 1.162679e+04 5.817643e-04     0 -8.160448e-03    20 1.177912e+02 9.304685e-02 4.463643e-04 
5.070000e+01 1.768487e-02 4.452854e-02 3.492986e-01 6.291152e+03 1.419244e+03 4.709208e+02 3.533276e+03 1.162679e+04 5.782089e-04     0 -6.379039e-03    20 1.177025e+02 9.395447e-02 4.492605e-04 
5.080000e+01 1.765292e-02 4.558684e-02 3.497707e-01 6.302198e+03 1.423255e+03 4.703397e+02 3.533276e+03 1.162679e+04 5.720949e-04     0 -2.719335e-03    20 1.176125e+02 9.495957e-02 4.518697e-04 
5.090000e+01 1.762307e-02 4.597501e-02 3.502311e-01 6.313233e+03 1.427268e+03 4.697603e+02 3.533276e+03 1.162679e+04 5.652039e-04     0 -1.020985e-03    20 1.175215e+02 9.521483e-02 4.543729e-04 
   51 1.759527e-02 4.558787e-02 3.506777e-01 6.324258e+03 1.431284e+03 4.691827e+02 3.546791e+03 1.163081e+04 5.584259e-04     0 -6.703788e-04    20 1.174308e+02 9.476593e-02 4.570340e-04 
5.110000e+01 1.757819e-02 4.521634e-02 3.511245e-01 6.335273e+03 1.435301e+03 4.686051e+02 3.546791e+03 1.163081e+04 5.587359e-04     0 -9.893014e-03    20 1.173421e+02 9.452752e-02 4.599549e-04 
5.120000e+01 1.755499e-02 4.598732e-02 3.515903e-01 6.346277e+03 1.439320e+03 4.680261e+02 3.546791e+03 1.163081e+04 5.554752e-04     0 -8.157209e-03    20 1.172540e+02 9.542258e-02 4.628469e-04 
5.130000e+01 1.753380e-02 4.703745e-02 3.520608e-01 6.357272e+03 1.443341e+03 4.674472e+02 3.546791e+03 1.163081e+04 5.511065e-04     0 -4.526636e-03    20 1.171647e+02 9.642175e-02 4.655780e-04 
5.140000e+01 1.751437e-02 4.743158e-02 3.525201e-01 6.368256e+03 1.447364e+03 4.668698e+02 3.546791e+03 1.163081e+04 5.464766e-04     0 -2.819680e-03    20 1.170744e+02 9.668521e-02 4.682383e-04 
5.150000e+01 1.749632e-02 4.705757e-02 3.529661e-01 6.379230e+03 1.451389e+03 4.662942e+02 3.560552e+03 1.163490e+04 5.420625e-04     0 -2.457675e-03    20 1.169844e+02 9.624948e-02 4.709609e-04 
5.160000e+01 1.748831e-02 4.669148e-02 3.534126e-01 6.390193e+03 1.455416e+03 4.657187e+02 3.560552e+03 1.163490e+04 5.392379e-04     0 -1.163271e-02    20 1.168963e+02 9.601409e-02 4.738154e-04 
5.170000e+01 1.747475e-02 4.745089e-02 3.538778e-01 6.401147e+03 1.459445e+03 4.651418e+02 3.560552e+03 1.163490e+04 5.362592e-04     0 -9.941852e-03    20 1.168089e+02 9.689679e-02 4.767057e-04 
5.180000e+01 1.746334e-02 4.849280e-02 3.543480e-01 6.412090e+03 1.463476e+03 4.645649e+02 3.560552e+03 1.163490e+04 5.334858e-04     0 -6.340730e-03    20 1.167203e+02 9.788994e-02 4.795481e-04 
5.190000e+01 1.745338e-02 4.889262e-02 3.548075e-01 6.423024e+03 1.467509e+03 4.639896e+02 3.560552e+03 1.163490e+04 5.309189e-04     0 -4.625826e-03    20 1.166306e+02 9.816134e-02 4.823514e-04 
   52 1.744419e-02 4.853157e-02 3.552542e-01 6.433947e+03 1.471543e+03 4.634159e+02 3.574561e+03 1.163906e+04 5.286609e-04     0 -4.252545e-03    20 1.165413e+02 9.773864e-02 4.851313e-04 
5.210000e+01 1.744440e-02 4.817102e-02 3.557015e-01 6.444860e+03 1.475580e+03 4.628424e+02 3.574561e+03 1.163906e+04 5.230125e-04     0 -1.337931e-02    20 1.164538e+02 9.750642e-02 4.879285e-04 
5.220000e+01 1.743960e-02 4.891906e-02 3.561674e-01 6.455763e+03 1.479619e+03 4.622675e+02 3.574561e+03 1.163906e+04 5.203033e-04     0 -1.173276e-02    20 1.163671e+02 9.837697e-02 4.908193e-04 
5.230000e+01 1.743707e-02 4.995269e-02 3.566386e-01 6.466656e+03 1.483659e+03 4.616927e+02 3.574561e+03 1.163906e+04 5.189882e-04     0 -8.161418e-03    20 1.162791e+02 9.936400e-02 4.937637e-04 
5.240000e+01 1.743572e-02 5.035793e-02 3.570994e-01 6.477538e+03 1.487701e+03 4.611194e+02 3.574561e+03 1.163906e+04 5.183036e-04     0 -6.439231e-03    20 1.161901e+02 9.964307e-02 4.966972e-04 
5.250000e+01 1.743459e-02 5.000964e-02 3.575479e-01 6.488411e+03 1.491746e+03 4.605477e+02 3.588817e+03 1.164330e+04 5.180125e-04     0 -6.054815e-03    20 1.161015e+02 9.923327e-02 4.995309e-04 
5.260000e+01 1.744224e-02 4.965470e-02 3.579971e-01 6.499274e+03 1.495792e+03 4.599762e+02 3.588817e+03 1.164330e+04 5.098201e-04     0 -1.513260e-02    20 1.160146e+02 9.900435e-02 5.022789e-04 
5.270000e+01 1.744540e-02 5.039157e-02 3.584650e-01 6.510126e+03 1.499840e+03 4.594033e+02 3.588817e+03 1.164330e+04 5.073676e-04     0 -1.352973e-02    20 1.159285e+02 9.986295e-02 5.051726e-04 
5.280000e+01 1.745094e-02 5.141686e-02 3.589382e-01 6.520969e+03 1.503890e+03 4.588304e+02 3.588817e+03 1.164330e+04 5.073859e-04     0 -9.988504e-03    20 1.158411e+02 1.008438e-01 5.082105e-04 
5.290000e+01 1.745742e-02 5.182724e-02 3.594015e-01 6.531801e+03 1.507942e+03 4.582591e+02 3.588817e+03 1.164330e+04 5.084193e-04     0 -8.259710e-03    20 1.157528e+02 1.011303e-01 5.112632e-04 
   53 1.746361e-02 5.149154e-02 3.598528e-01 6.542624e+03 1.511996e+03 4.576894e+02 3.603322e+03 1.164761e+04 5.099229e-04     0 -7.864321e-03    20 1.156649e+02 1.007332e-01 5.141475e-04 
5.310000e+01 1.747800e-02 5.114226e-02 3.603050e-01 6.553436e+03 1.516052e+03 4.571198e+02 3.603322e+03 1.164761e+04 4.994376e-04     0 -1.689239e-02    20 1.155786e+02 1.005077e-01 5.168540e-04 
5.320000e+01 1.748839e-02 5.186815e-02 3.607758e-01 6.564239e+03 1.520110e+03 4.565489e+02 3.603322e+03 1.164761e+04 4.972293e-04     0 -1.533257e-02    20 1.154931e+02 1.013546e-01 5.197527e-04 
5.330000e+01 1.750126e-02 5.288502e-02 3.612521e-01 6.575031e+03 1.524169e+03 4.559780e+02 3.603322e+03 1.164761e+04 4.984669e-04     0 -1.182181e-02    20 1.154064e+02 1.023291e-01 5.228770e-04 
5.340000e+01 1.751484e-02 5.330027e-02 3.617190e-01 6.585814e+03 1.528231e+03 4.554086e+02 3.603322e+03 1.164761e+04 5.010688e-04     0 -1.008709e-02    20 1.153188e+02 1.026228e-01 5.260390e-04 
5.350000e+01 1.752770e-02 5.297695e-02 3.621741e-01 6.596587e+03 1.532295e+03 4.548408e+02 3.618076e+03 1.165200e+04 5.042108e-04     0 -9.680910e-03    20 1.152315e+02 1.022384e-01 5.289714e-04 
5.360000e+01 1.754818e-02 5.263341e-02 3.626302e-01 6.607349e+03 1.536360e+03 4.542731e+02 3.618076e+03 1.165200e+04 4.916574e-04     0 -1.865847e-02    20 1.151459e+02 1.020164e-01 5.316434e-04 
5.370000e+01 1.756514e-02 5.334849e-02 3.631049e-01 6.618102e+03 1.540427e+03 4.537042e+02 3.618076e+03 1.165200e+04 4.896806e-04     0 -1.714110e-02    20 1.150610e+02 1.028517e-01 5.345495e-04 
5.380000e+01 1.758467e-02 5.435686e-02 3.635853e-01 6.628845e+03 1.544497e+03 4.531352e+02 3.618076e+03 1.165200e+04 4.920339e-04     0 -1.366116e-02    20 1.149750e+02 1.038199e-01 5.377539e-04 
5.390000e+01 1.760471e-02 5.477671e-02 3.640566e-01 6.639578e+03 1.548568e+03 4.525677e+02 3.618076e+03 1.165200e+04 4.960685e-04     0 -1.192122e-02    20 1.148880e+02 1.041204e-01 5.410167e-04 
   54 1.762362e-02 5.446559e-02 3.645164e-01 6.650300e+03 1.552641e+03 4.520018e+02 3.633080e+03 1.165646e+04 5.007067e-04     0 -1.150444e-02    20 1.148014e+02 1.037486e-01 5.439953e-04 
5.410000e+01 1.764961e-02 5.412784e-02 3.649773e-01 6.661013e+03 1.556717e+03 4.514360e+02 3.633080e+03 1.165646e+04 4.862863e-04     0 -2.043068e-02    20 1.147164e+02 1.035303e-01 5.466392e-04 
5.420000e+01 1.767255e-02 5.483229e-02 3.654567e-01 6.671717e+03 1.560794e+03 4.508690e+02 3.633080e+03 1.165646e+04 4.845285e-04     0 -1.895516e-02    20 1.146321e+02 1.043543e-01 5.495551e-04 
5.430000e+01 1.769813e-02 5.583209e-02 3.659421e-01 6.682410e+03 1.564873e+03 4.503019e+02 3.633080e+03 1.165646e+04 4.879030e-04     0 -1.550640e-02    20 1.145468e+02 1.053159e-01 5.528344e-04 
5.440000e+01 1.772404e-02 5.625626e-02 3.664186e-01 6.693093e+03 1.568954e+03 4.497362e+02 3.633080e+03 1.165646e+04 4.932472e-04     0 -1.376192e-02    20 1.144605e+02 1.056232e-01 5.561907e-04 
5.450000e+01 1.774846e-02 5.595716e-02 3.668840e-01 6.703767e+03 1.573037e+03 4.491721e+02 3.648336e+03 1.166099e+04 4.992530e-04     0 -1.333476e-02    20 1.143745e+02 1.052637e-01 5.592139e-04 
5.460000e+01 1.777944e-02 5.562524e-02 3.673504e-01 6.714430e+03 1.577122e+03 4.486082e+02 3.648336e+03 1.166099e+04 4.831446e-04     0 -2.220884e-02    20 1.142902e+02 1.050493e-01 5.618361e-04 
5.470000e+01 1.780781e-02 5.631923e-02 3.678354e-01 6.725084e+03 1.581209e+03 4.480430e+02 3.648336e+03 1.166099e+04 4.815935e-04     0 -2.077458e-02    20 1.142065e+02 1.058621e-01 5.647641e-04 
5.480000e+01 1.783889e-02 5.731040e-02 3.683266e-01 6.735728e+03 1.585298e+03 4.474778e+02 3.648336e+03 1.166099e+04 4.859034e-04     0 -1.735736e-02    20 1.141218e+02 1.068172e-01 5.681141e-04 
5.490000e+01 1.787014e-02 5.773862e-02 3.688092e-01 6.746362e+03 1.589389e+03 4.469140e+02 3.648336e+03 1.166099e+04 4.924459e-04     0 -1.560905e-02    20 1.140362e+02 1.071308e-01 5.715577e-04 
   55 1.789957e-02 5.745134e-02 3.692808e-01 6.756987e+03 1.593482e+03 4.463517e+02 3.663846e+03 1.166560e+04 4.997028e-04     0 -1.517174e-02    20 1.139509e+02 1.067837e-01 5.746245e-04 
5.510000e+01 1.793507e-02 5.712531e-02 3.697536e-01 6.767601e+03 1.597578e+03 4.457896e+02 3.663846e+03 1.166560e+04 4.820658e-04     0 -2.399277e-02    20 1.138671e+02 1.065732e-01 5.772308e-04 
5.520000e+01 1.796837e-02 5.780900e-02 3.702450e-01 6.778206e+03 1.601675e+03 4.452262e+02 3.663846e+03 1.166560e+04 4.807092e-04     0 -2.259918e-02    20 1.137841e+02 1.073750e-01 5.801735e-04 
5.530000e+01 1.800447e-02 5.879147e-02 3.707427e-01 6.788801e+03 1.605774e+03 4.446628e+02 3.663846e+03 1.166560e+04 4.858769e-04     0 -1.921386e-02    20 1.137001e+02 1.083234e-01 5.835906e-04 
5.540000e+01 1.804057e-02 5.922348e-02 3.712321e-01 6.799386e+03 1.609875e+03 4.441008e+02 3.663846e+03 1.166560e+04 4.935169e-04     0 -1.746243e-02    20 1.136151e+02 1.086432e-01 5.871164e-04 
5.550000e+01 1.807457e-02 5.894784e-02 3.717106e-01 6.809961e+03 1.613979e+03 4.435403e+02 3.679610e+03 1.167029e+04 5.019198e-04     0 -1.701521e-02    20 1.135305e+02 1.083083e-01 5.902261e-04 
5.560000e+01 1.811415e-02 5.862775e-02 3.721904e-01 6.820526e+03 1.618084e+03 4.429799e+02 3.679610e+03 1.167029e+04 4.828956e-04     0 -2.578230e-02    20 1.134474e+02 1.081018e-01 5.928220e-04 
5.570000e+01 1.815196e-02 5.930130e-02 3.726888e-01 6.831082e+03 1.622192e+03 4.424183e+02 3.679610e+03 1.167029e+04 4.817219e-04     0 -2.442879e-02    20 1.133650e+02 1.088928e-01 5.957819e-04 
5.580000e+01 1.819261e-02 6.027500e-02 3.731937e-01 6.841628e+03 1.626301e+03 4.418567e+02 3.679610e+03 1.167029e+04 4.876771e-04     0 -2.107573e-02    20 1.132816e+02 1.098346e-01 5.992633e-04 
5.590000e+01 1.823314e-02 6.071055e-02 3.736905e-01 6.852164e+03 1.630413e+03 4.412964e+02 3.679610e+03 1.167029e+04 4.963239e-04     0 -1.932188e-02    20 1.131973e+02 1.101603e-01 6.028670e-04 
   56 1.827130e-02 6.044635e-02 3.741767e-01 6.862691e+03 1.634527e+03 4.407376e+02 3.695631e+03 1.167505e+04 5.057781e-04     0 -1.886501e-02    20 1.131133e+02 1.098374e-01 6.060194e-04 
5.610000e+01 1.831459e-02 6.013225e-02 3.746641e-01 6.873207e+03 1.638643e+03 4.401790e+02 3.695631e+03 1.167505e+04 4.854919e-04     0 -2.757722e-02    20 1.130308e+02 1.096351e-01 6.086101e-04 
5.620000e+01 1.835649e-02 6.079583e-02 3.751701e-01 6.883714e+03 1.642761e+03 4.396192e+02 3.695631e+03 1.167505e+04 4.844899e-04     0 -2.626321e-02    20 1.129491e+02 1.104154e-01 6.115899e-04 
5.630000e+01 1.840130e-02 6.176069e-02 3.756829e-01 6.894211e+03 1.646881e+03 4.390593e+02 3.695631e+03 1.167505e+04 4.911691e-04     0 -2.294276e-02    20 1.128663e+02 1.113504e-01 6.151334e-04 
5.640000e+01 1.844588e-02 6.219952e-02 3.761878e-01 6.904699e+03 1.651004e+03 4.385007e+02 3.695631e+03 1.167505e+04 5.007409e-04     0 -2.118721e-02    20 1.127828e+02 1.116818e-01 6.188114e-04 
5.650000e+01 1.848783e-02 6.194658e-02 3.766821e-01 6.915177e+03 1.655128e+03 4.379435e+02 3.711911e+03 1.167989e+04 5.111614e-04     0 -2.072094e-02    20 1.126994e+02 1.113708e-01 6.220066e-04 
5.660000e+01 1.853449e-02 6.163850e-02 3.771777e-01 6.925644e+03 1.659255e+03 4.373866e+02 3.711911e+03 1.167989e+04 4.897241e-04     0 -2.937733e-02    20 1.126176e+02 1.111728e-01 6.245970e-04 
5.670000e+01 1.858013e-02 6.229227e-02 3.776920e-01 6.936103e+03 1.663384e+03 4.368285e+02 3.711911e+03 1.167989e+04 4.888831e-04     0 -2.810223e-02    20 1.125364e+02 1.119427e-01 6.275991e-04 
5.680000e+01 1.862874e-02 6.324824e-02 3.782132e-01 6.946551e+03 1.667516e+03 4.362703e+02 3.711911e+03 1.167989e+04 4.962292e-04     0 -2.481475e-02    20 1.124544e+02 1.128708e-01 6.312032e-04 
5.690000e+01 1.867700e-02 6.369009e-02 3.787268e-01 6.956990e+03 1.671649e+03 4.357133e+02 3.711911e+03 1.167989e+04 5.066528e-04     0 -2.305819e-02    20 1.123714e+02 1.132077e-01 6.349526e-04 
   57 1.872242e-02 6.344823e-02 3.792298e-01 6.967419e+03 1.675785e+03 4.351578e+02 3.728452e+03 1.168480e+04 5.179630e-04     0 -2.258280e-02    20 1.122887e+02 1.129085e-01 6.381909e-04 
5.710000e+01 1.877215e-02 6.314622e-02 3.797341e-01 6.977839e+03 1.679923e+03 4.346025e+02 3.728452e+03 1.168480e+04 4.954726e-04     0 -3.118239e-02    20 1.122075e+02 1.127149e-01 6.407856e-04 
5.720000e+01 1.882121e-02 6.379032e-02 3.802572e-01 6.988249e+03 1.684063e+03 4.340461e+02 3.728452e+03 1.168480e+04 4.947827e-04     0 -2.994562e-02    20 1.121270e+02 1.134744e-01 6.438126e-04 
5.730000e+01 1.887329e-02 6.473733e-02 3.807874e-01 6.998649e+03 1.688206e+03 4.334895e+02 3.728452e+03 1.168480e+04 5.027444e-04     0 -2.669145e-02    20 1.120456e+02 1.143956e-01 6.474759e-04 
5.740000e+01 1.892493e-02 6.518196e-02 3.813101e-01 7.009039e+03 1.692351e+03 4.329342e+02 3.728452e+03 1.168480e+04 5.139539e-04     0 -2.493458e-02    20 1.119634e+02 1.147377e-01 6.512944e-04 
5.750000e+01 1.897353e-02 6.495100e-02 3.818224e-01 7.019420e+03 1.696498e+03 4.323803e+02 3.745255e+03 1.168980e+04 5.260856e-04     0 -2.445037e-02    20 1.118814e+02 1.144501e-01 6.545763e-04 
5.760000e+01 1.902604e-02 6.465508e-02 3.823360e-01 7.029791e+03 1.700647e+03 4.318265e+02 3.745255e+03 1.168980e+04 5.026287e-04     0 -3.299217e-02    20 1.118008e+02 1.142609e-01 6.571795e-04 
5.770000e+01 1.907824e-02 6.528967e-02 3.828684e-01 7.040152e+03 1.704799e+03 4.312717e+02 3.745255e+03 1.168980e+04 5.020805e-04     0 -3.179315e-02    20 1.117209e+02 1.150103e-01 6.602338e-04 
5.780000e+01 1.913351e-02 6.622766e-02 3.834080e-01 7.050504e+03 1.708954e+03 4.307168e+02 3.745255e+03 1.168980e+04 5.106118e-04     0 -2.857262e-02    20 1.116402e+02 1.159245e-01 6.639554e-04 
5.790000e+01 1.918825e-02 6.667482e-02 3.839404e-01 7.060846e+03 1.713110e+03 4.301630e+02 3.745255e+03 1.168980e+04 5.225485e-04     0 -2.681615e-02    20 1.115587e+02 1.162715e-01 6.678412e-04 
   58 1.923976e-02 6.645456e-02 3.844624e-01 7.071179e+03 1.717269e+03 4.296106e+02 3.762324e+03 1.169487e+04 5.354405e-04     0 -2.632341e-02    20 1.114773e+02 1.159955e-01 6.711672e-04 
5.810000e+01 1.929482e-02 6.616478e-02 3.849857e-01 7.081502e+03 1.721431e+03 4.290584e+02 3.762324e+03 1.169487e+04 5.110936e-04     0 -3.480640e-02    20 1.113974e+02 1.158109e-01 6.737829e-04 
5.820000e+01 1.934990e-02 6.679000e-02 3.855278e-01 7.091815e+03 1.725594e+03 4.285052e+02 3.762324e+03 1.169487e+04 5.106785e-04     0 -3.364453e-02    20 1.113181e+02 1.165503e-01 6.768668e-04 
5.830000e+01 1.940809e-02 6.771892e-02 3.860775e-01 7.102119e+03 1.729761e+03 4.279518e+02 3.762324e+03 1.169487e+04 5.197383e-04     0 -3.045799e-02    20 1.112381e+02 1.174573e-01 6.806462e-04 
5.840000e+01 1.946568e-02 6.816837e-02 3.866199e-01 7.112412e+03 1.733929e+03 4.273995e+02 3.762324e+03 1.169487e+04 5.323496e-04     0 -2.870262e-02    20 1.111572e+02 1.178091e-01 6.845977e-04 
5.850000e+01 1.951988e-02 6.795862e-02 3.871521e-01 7.122697e+03 1.738101e+03 4.268487e+02 3.779660e+03 1.170002e+04 5.459475e-04     0 -2.820165e-02    20 1.110765e+02 1.175444e-01 6.879685e-04 
5.860000e+01 1.957728e-02 6.767500e-02 3.876855e-01 7.132971e+03 1.742274e+03 4.262980e+02 3.779660e+03 1.170002e+04 5.207781e-04     0 -3.662480e-02    20 1.109972e+02 1.173644e-01 6.906003e-04 
5.870000e+01 1.963500e-02 6.829099e-02 3.882379e-01 7.143237e+03 1.746450e+03 4.257462e+02 3.779660e+03 1.170002e+04 5.204883e-04     0 -3.549951e-02    20 1.109186e+02 1.180940e-01 6.937160e-04 
5.880000e+01 1.969589e-02 6.921077e-02 3.887979e-01 7.153492e+03 1.750629e+03 4.251943e+02 3.779660e+03 1.170002e+04 5.300399e-04     0 -3.234727e-02    20 1.108393e+02 1.189939e-01 6.975527e-04 
5.890000e+01 1.975610e-02 6.966227e-02 3.893509e-01 7.163738e+03 1.754810e+03 4.246436e+02 3.779660e+03 1.170002e+04 5.432791e-04     0 -3.059369e-02    20 1.107591e+02 1.193502e-01 7.015687e-04 
   59 1.981278e-02 6.946285e-02 3.898936e-01 7.173974e+03 1.758994e+03 4.240941e+02 3.797267e+03 1.170525e+04 5.575342e-04     0 -3.008482e-02    20 1.106790e+02 1.190967e-01 7.049850e-04 
5.910000e+01 1.987232e-02 6.918541e-02 3.904376e-01 7.184201e+03 1.763181e+03 4.235449e+02 3.797267e+03 1.170525e+04 5.316022e-04     0 -3.844709e-02    20 1.106004e+02 1.189214e-01 7.076362e-04 
5.920000e+01 1.993248e-02 6.979231e-02 3.910006e-01 7.194418e+03 1.767370e+03 4.229946e+02 3.797267e+03 1.170525e+04 5.314304e-04     0 -3.735778e-02    20 1.105225e+02 1.196413e-01 7.107858e-04 
5.930000e+01 1.999587e-02 7.070290e-02 3.915714e-01 7.204625e+03 1.771561e+03 4.224442e+02 3.797267e+03 1.170525e+04 5.414411e-04     0 -3.424016e-02    20 1.104438e+02 1.205339e-01 7.146794e-04 
5.940000e+01 2.005851e-02 7.115620e-02 3.921353e-01 7.214823e+03 1.775755e+03 4.218949e+02 3.797267e+03 1.170525e+04 5.552666e-04     0 -3.248907e-02    20 1.103643e+02 1.208945e-01 7.187590e-04 
5.950000e+01 2.011748e-02 7.096692e-02 3.926890e-01 7.225012e+03 1.779952e+03 4.213468e+02 3.815146e+03 1.171057e+04 5.701357e-04     0 -3.197262e-02    20 1.102849e+02 1.206520e-01 7.222214e-04 
5.960000e+01 2.017899e-02 7.069568e-02 3.932440e-01 7.235190e+03 1.784152e+03 4.207990e+02 3.815146e+03 1.171057e+04 5.434940e-04     0 -4.027295e-02    20 1.102069e+02 1.204816e-01 7.248949e-04 
5.970000e+01 2.024142e-02 7.129362e-02 3.938180e-01 7.245359e+03 1.788354e+03 4.202501e+02 3.815146e+03 1.171057e+04 5.434340e-04     0 -3.921903e-02    20 1.101297e+02 1.211919e-01 7.280802e-04 
5.980000e+01 2.030711e-02 7.219497e-02 3.943999e-01 7.255519e+03 1.792558e+03 4.197011e+02 3.815146e+03 1.171057e+04 5.538747e-04     0 -3.613634e-02    20 1.100516e+02 1.220771e-01 7.320306e-04 
5.990000e+01 2.037201e-02 7.264984e-02 3.949752e-01 7.265669e+03 1.796766e+03 4.191532e+02 3.815146e+03 1.171057e+04 5.682493e-04     0 -3.438844e-02    20 1.099728e+02 1.224417e-01 7.361729e-04 
   60 2.043311e-02 7.247050e-02 3.955402e-01 7.275810e+03 1.800976e+03 4.186065e+02 3.833300e+03 1.127443e+04 5.836940e-04     0 -3.386474e-02    20 1.098942e+02 1.222102e-01 7.396821e-04 
6.010000e+01 2.072234e-02 7.220587e-02 3.960859e-01 7.285940e+03 1.805189e+03 4.180600e+02 3.833300e+03 1.127443e+04 -3.317803e-03     0 -4.210195e-02    20 1.098168e+02 1.220444e-01 7.926151e-04 
6.020000e+01 2.178151e-02 7.279675e-02 3.965466e-01 7.296062e+03 1.809405e+03 4.175125e+02 3.833300e+03 1.127443e+04 -4.647448e-03     0 -4.107099e-02    20 1.097402e+02 1.227435e-01 1.060654e-03 
6.030000e+01 2.347985e-02 7.369153e-02 3.968724e-01 7.306173e+03 1.813624e+03 4.169648e+02 3.833300e+03 1.127443e+04 -4.913198e-03     0 -3.797714e-02    20 1.096629e+02 1.236166e-01 1.584351e-03 
6.040000e+01 2.548663e-02 7.415222e-02 3.970760e-01 7.316275e+03 1.817847e+03 4.164182e+02 3.833300e+03 1.127443e+04 -4.719748e-03     0 -3.627506e-02    20 1.095848e+02 1.239774e-01 2.301657e-03 
6.050000e+01 2.754343e-02 7.399007e-02 3.972244e-01 7.326367e+03 1.822073e+03 4.158727e+02 3.845882e+03 1.127621e+04 -4.336068e-03     0 -3.576612e-02    20 1.095068e+02 1.237495e-01 3.107462e-03 
6.060000e+01 2.951888e-02 7.381000e-02 3.974211e-01 7.336448e+03 1.826303e+03 4.153274e+02 3.845882e+03 1.127621e+04 -4.038967e-03     0 -4.550456e-02    20 1.094303e+02 1.236596e-01 3.894156e-03 
6.070000e+01 3.137410e-02 7.466796e-02 3.977766e-01 7.346520e+03 1.830539e+03 4.147809e+02 3.845882e+03 1.127621e+04 -3.640542e-03     0 -4.443062e-02    20 1.093542e+02 1.246006e-01 4.578179e-03 
6.080000e+01 3.310912e-02 7.590118e-02 3.983353e-01 7.356580e+03 1.834779e+03 4.142346e+02 3.845882e+03 1.127621e+04 -3.222702e-03     0 -4.099908e-02    20 1.092769e+02 1.257510e-01 5.098575e-03 
6.090000e+01 3.473978e-02 7.663768e-02 3.991081e-01 7.366631e+03 1.839025e+03 4.136901e+02 3.845882e+03 1.127621e+04 -2.814207e-03     0 -3.908321e-02    20 1.091982e+02 1.263025e-01 5.419192e-03 
   61 3.629253e-02 7.664677e-02 4.000991e-01 7.376670e+03 1.843277e+03 4.131479e+02 3.858748e+03 1.127803e+04 -2.421852e-03     0 -3.857363e-02    20 1.091193e+02 1.261553e-01 5.530623e-03 
6.110000e+01 3.779993e-02 7.654782e-02 4.013200e-01 7.386698e+03 1.847535e+03 4.126069e+02 3.858748e+03 1.127803e+04 -2.087977e-03     0 -4.829966e-02    20 1.090413e+02 1.260633e-01 5.448337e-03 
6.120000e+01 3.928155e-02 7.742472e-02 4.027822e-01 7.396714e+03 1.851800e+03 4.120660e+02 3.858748e+03 1.127803e+04 -1.735305e-03     0 -4.725159e-02    20 1.089635e+02 1.269545e-01 5.208386e-03 
6.130000e+01 4.074207e-02 7.865413e-02 4.044238e-01 7.406720e+03 1.856072e+03 4.115263e+02 3.858748e+03 1.127803e+04 -1.377923e-03     0 -4.378150e-02    20 1.088844e+02 1.280463e-01 4.855131e-03 
6.140000e+01 4.216876e-02 7.938439e-02 4.061656e-01 7.416713e+03 1.860351e+03 4.109893e+02 3.858748e+03 1.127803e+04 -1.022412e-03     0 -4.176731e-02    20 1.088037e+02 1.285455e-01 4.433056e-03 
6.150000e+01 4.354256e-02 7.938502e-02 4.079521e-01 7.426694e+03 1.864639e+03 4.104553e+02 3.871928e+03 1.127989e+04 -6.738985e-04     0 -4.114870e-02    20 1.087226e+02 1.283480e-01 3.983052e-03 
6.160000e+01 4.482260e-02 7.926452e-02 4.097705e-01 7.436663e+03 1.868936e+03 4.099232e+02 3.871928e+03 1.127989e+04 8.249663e-05     0 -5.070944e-02    20 1.086424e+02 1.281950e-01 3.534852e-03 
6.170000e+01 4.592840e-02 8.009658e-02 4.116439e-01 7.446619e+03 1.873242e+03 4.093918e+02 3.871928e+03 1.127989e+04 5.463355e-04     0 -4.961389e-02    20 1.085624e+02 1.290076e-01 3.099302e-03 
6.180000e+01 4.685877e-02 8.127727e-02 4.135263e-01 7.456562e+03 1.877558e+03 4.088621e+02 3.871928e+03 1.127989e+04 8.749045e-04     0 -4.610193e-02    20 1.084809e+02 1.300243e-01 2.691254e-03 
6.190000e+01 4.763429e-02 8.197009e-02 4.153597e-01 7.466492e+03 1.881883e+03 4.083353e+02 3.871928e+03 1.127989e+04 1.128614e-03     0 -4.401452e-02    20 1.083980e+02 1.304642e-01 2.326270e-03 
   62 4.827470e-02 8.194348e-02 4.171168e-01 7.476408e+03 1.886219e+03 4.078118e+02 3.885456e+03 1.128181e+04 1.332953e-03     0 -4.331542e-02    20 1.083147e+02 1.302199e-01 2.016486e-03 
6.210000e+01 4.876840e-02 8.179214e-02 4.188177e-01 7.486311e+03 1.890565e+03 4.072904e+02 3.885456e+03 1.128181e+04 2.038048e-03     0 -5.272912e-02    20 1.082322e+02 1.300177e-01 1.762193e-03 
6.220000e+01 4.905099e-02 8.257536e-02 4.205197e-01 7.496201e+03 1.894922e+03 4.067697e+02 3.885456e+03 1.128181e+04 2.359365e-03     0 -5.161574e-02    20 1.081500e+02 1.307689e-01 1.542844e-03 
6.230000e+01 4.915110e-02 8.370619e-02 4.222003e-01 7.506077e+03 1.899289e+03 4.062506e+02 3.885456e+03 1.128181e+04 2.508433e-03     0 -4.809659e-02    20 1.080666e+02 1.317313e-01 1.349637e-03 
6.240000e+01 4.912029e-02 8.436188e-02 4.238197e-01 7.515938e+03 1.903667e+03 4.057344e+02 3.885456e+03 1.128181e+04 2.570666e-03     0 -4.597130e-02    20 1.079818e+02 1.321359e-01 1.183377e-03 
6.250000e+01 4.900250e-02 8.430884e-02 4.253645e-01 7.525786e+03 1.908056e+03 4.052213e+02 3.899359e+03 1.128377e+04 2.585004e-03     0 -4.522627e-02    20 1.078966e+02 1.318708e-01 1.048192e-03 
6.260000e+01 4.880756e-02 8.412702e-02 4.268629e-01 7.535620e+03 1.912456e+03 4.047100e+02 3.899359e+03 1.128377e+04 3.017463e-03     0 -5.451944e-02    20 1.078124e+02 1.316461e-01 9.421556e-04 
6.270000e+01 4.849331e-02 8.486069e-02 4.283737e-01 7.545440e+03 1.916866e+03 4.041993e+02 3.899359e+03 1.128377e+04 3.140868e-03     0 -5.342169e-02    20 1.077286e+02 1.323614e-01 8.478965e-04 
6.280000e+01 4.808740e-02 8.594039e-02 4.298746e-01 7.555247e+03 1.921287e+03 4.036899e+02 3.899359e+03 1.128377e+04 3.133787e-03     0 -4.992936e-02    20 1.076437e+02 1.332938e-01 7.594976e-04 
6.290000e+01 4.763148e-02 8.655805e-02 4.313268e-01 7.565039e+03 1.925718e+03 4.031830e+02 3.899359e+03 1.128377e+04 3.068293e-03     0 -4.779732e-02    20 1.075575e+02 1.336863e-01 6.804946e-04 
   63 4.715837e-02 8.647856e-02 4.327164e-01 7.574817e+03 1.930160e+03 4.026789e+02 3.913648e+03 1.128579e+04 2.976714e-03     0 -4.703435e-02    20 1.074712e+02 1.334223e-01 6.175711e-04 
6.310000e+01 4.667278e-02 8.626731e-02 4.340689e-01 7.584581e+03 1.934611e+03 4.021763e+02 3.913648e+03 1.128579e+04 3.230953e-03     0 -5.622964e-02    20 1.073859e+02 1.331957e-01 5.721222e-04 
6.320000e+01 4.613621e-02 8.695339e-02 4.354368e-01 7.594331e+03 1.939073e+03 4.016738e+02 3.913648e+03 1.128579e+04 3.250070e-03     0 -5.517154e-02    20 1.073011e+02 1.338937e-01 5.322236e-04 
6.330000e+01 4.556521e-02 8.798482e-02 4.367979e-01 7.604068e+03 1.943544e+03 4.011722e+02 3.913648e+03 1.128579e+04 3.175563e-03     0 -5.172928e-02    20 1.072154e+02 1.348128e-01 4.944876e-04 
6.340000e+01 4.498705e-02 8.856837e-02 4.381154e-01 7.613791e+03 1.948025e+03 4.006728e+02 3.913648e+03 1.128579e+04 3.063636e-03     0 -4.961155e-02    20 1.071286e+02 1.352085e-01 4.627692e-04 
6.350000e+01 4.442273e-02 8.846759e-02 4.393767e-01 7.623500e+03 1.952515e+03 4.001756e+02 3.928321e+03 1.128787e+04 2.938768e-03     0 -4.884903e-02    20 1.070417e+02 1.349599e-01 4.429809e-04 
6.360000e+01 4.387268e-02 8.823331e-02 4.406057e-01 7.633195e+03 1.957014e+03 3.996796e+02 3.928321e+03 1.128787e+04 3.097412e-03     0 -5.796270e-02    20 1.069560e+02 1.347444e-01 4.362940e-04 
6.370000e+01 4.330268e-02 8.887916e-02 4.418510e-01 7.642876e+03 1.961522e+03 3.991833e+02 3.928321e+03 1.128787e+04 3.073756e-03     0 -5.695845e-02    20 1.068709e+02 1.354372e-01 4.327520e-04 
6.380000e+01 4.272329e-02 8.987015e-02 4.430925e-01 7.652545e+03 1.966040e+03 3.986875e+02 3.928321e+03 1.128787e+04 2.980287e-03     0 -5.357944e-02    20 1.067850e+02 1.363537e-01 4.291115e-04 
6.390000e+01 4.215349e-02 9.042766e-02 4.442971e-01 7.662199e+03 1.970565e+03 3.981934e+02 3.928321e+03 1.128787e+04 2.861237e-03     0 -5.148799e-02    20 1.066982e+02 1.367619e-01 4.280661e-04 
   64 4.160800e-02 9.031400e-02 4.454540e-01 7.671840e+03 1.975100e+03 3.977012e+02 3.943374e+03 1.128999e+04 2.735568e-03     0 -5.073610e-02    20 1.066113e+02 1.365371e-01 4.340776e-04 
6.410000e+01 4.108671e-02 9.006555e-02 4.465855e-01 7.681468e+03 1.979642e+03 3.972097e+02 3.943374e+03 1.128999e+04 2.835684e-03     0 -5.977783e-02    20 1.065258e+02 1.363403e-01 4.479576e-04 
6.420000e+01 4.056148e-02 9.068052e-02 4.477361e-01 7.691082e+03 1.984193e+03 3.967176e+02 3.943374e+03 1.128999e+04 2.795795e-03     0 -5.883369e-02    20 1.064409e+02 1.370345e-01 4.617932e-04 
6.430000e+01 4.003965e-02 9.164037e-02 4.488874e-01 7.700684e+03 1.988751e+03 3.962256e+02 3.943374e+03 1.128999e+04 2.703983e-03     0 -5.552320e-02    20 1.063553e+02 1.379542e-01 4.730421e-04 
6.440000e+01 3.953450e-02 9.218086e-02 4.500090e-01 7.710272e+03 1.993317e+03 3.957350e+02 3.943374e+03 1.128999e+04 2.594636e-03     0 -5.346280e-02    20 1.062690e+02 1.383794e-01 4.839908e-04 
6.450000e+01 3.905628e-02 9.206580e-02 4.510908e-01 7.719847e+03 1.997891e+03 3.952458e+02 3.958797e+03 1.129218e+04 2.482310e-03     0 -5.276020e-02 2.003568e+01 1.061828e+02 1.381843e-01 4.984043e-04 
6.460000e+01 3.860331e-02 9.181971e-02 4.521532e-01 7.729409e+03 2.002472e+03 3.947571e+02 3.958797e+03 1.129218e+04 2.548877e-03     0 -6.183058e-02 2.003047e+01 1.060980e+02 1.380156e-01 5.172095e-04 
6.470000e+01 3.815532e-02 9.242562e-02 4.532369e-01 7.738958e+03 2.007061e+03 3.942676e+02 3.958797e+03 1.129218e+04 2.507448e-03     0 -6.085447e-02    20 1.060138e+02 1.387244e-01 5.344775e-04 
6.480000e+01 3.771605e-02 9.337010e-02 4.543239e-01 7.748494e+03 2.011657e+03 3.937779e+02 3.958797e+03 1.129218e+04 2.426992e-03     0 -5.750324e-02    20 1.059290e+02 1.396522e-01 5.484766e-04 
6.490000e+01 3.729447e-02 9.389696e-02 4.553859e-01 7.758017e+03 2.016259e+03 3.932893e+02 3.958797e+03 1.129218e+04 2.334247e-03     0 -5.551572e-02    20 1.058433e+02 1.400866e-01 5.612681e-04 
   65 3.689753e-02 9.377322e-02 4.564134e-01 7.767528e+03 2.020869e+03 3.928020e+02 3.974585e+03 1.129441e+04 2.240306e-03     0 -5.482609e-02    20 1.057579e+02 1.399045e-01 5.760508e-04 
6.510000e+01 3.652519e-02 9.351595e-02 4.574254e-01 7.777026e+03 2.025485e+03 3.923149e+02 3.974585e+03 1.129441e+04 2.288643e-03     0 -6.373503e-02    20 1.056737e+02 1.397443e-01 5.937344e-04 
6.520000e+01 3.615830e-02 9.409340e-02 4.584589e-01 7.786511e+03 2.030108e+03 3.918267e+02 3.974585e+03 1.129441e+04 2.252518e-03     0 -6.289862e-02    20 1.055903e+02 1.404444e-01 6.097530e-04 
6.530000e+01 3.580066e-02 9.501569e-02 4.594977e-01 7.795984e+03 2.034737e+03 3.913383e+02 3.974585e+03 1.129441e+04 2.186267e-03     0 -5.971276e-02    20 1.055064e+02 1.413721e-01 6.228196e-04 
6.540000e+01 3.545860e-02 9.554466e-02 4.605153e-01 7.805445e+03 2.039373e+03 3.908506e+02 3.974585e+03 1.129441e+04 2.110803e-03     0 -5.770796e-02    20 1.054219e+02 1.418300e-01 6.346363e-04 
6.550000e+01 3.513703e-02 9.543926e-02 4.615027e-01 7.814893e+03 2.044015e+03 3.903640e+02 3.990729e+03 1.129669e+04 2.034761e-03     0 -5.699358e-02    20 1.053374e+02 1.416828e-01 6.477925e-04 
6.560000e+01 3.483640e-02 9.519485e-02 4.624770e-01 7.824328e+03 2.048663e+03 3.898775e+02 3.990729e+03 1.129669e+04 2.070854e-03     0 -6.582824e-02    20 1.052543e+02 1.415461e-01 6.630697e-04 
6.570000e+01 3.454116e-02 9.576471e-02 4.634727e-01 7.833751e+03 2.053317e+03 3.893898e+02 3.990729e+03 1.129669e+04 2.040886e-03     0 -6.505246e-02    20 1.051720e+02 1.422481e-01 6.769218e-04 
6.580000e+01 3.425439e-02 9.667634e-02 4.644747e-01 7.843163e+03 2.057977e+03 3.889018e+02 3.990729e+03 1.129669e+04 1.987574e-03     0 -6.193320e-02    20 1.050892e+02 1.431761e-01 6.883570e-04 
6.590000e+01 3.398047e-02 9.720675e-02 4.654582e-01 7.852561e+03 2.062643e+03 3.884144e+02 3.990729e+03 1.129669e+04 1.927262e-03     0 -5.995400e-02    20 1.050058e+02 1.436462e-01 6.987299e-04 
   66 3.372288e-02 9.711455e-02 4.664146e-01 7.861948e+03 2.067315e+03 3.879280e+02 4.007225e+03 1.129902e+04 1.866641e-03     0 -5.924464e-02    20 1.049225e+02 1.435201e-01 7.100892e-04 
6.610000e+01 3.348269e-02 9.688177e-02 4.673599e-01 7.871323e+03 2.071993e+03 3.874416e+02 4.007225e+03 1.129902e+04 1.892806e-03     0 -6.800350e-02    20 1.048404e+02 1.433991e-01 7.230767e-04 
6.620000e+01 3.324750e-02 9.744677e-02 4.683265e-01 7.880686e+03 2.076676e+03 3.869540e+02 4.007225e+03 1.129902e+04 1.868149e-03     0 -6.727285e-02    20 1.047592e+02 1.440995e-01 7.349627e-04 
6.630000e+01 3.301989e-02 9.835127e-02 4.693000e-01 7.890036e+03 2.081365e+03 3.864660e+02 4.007225e+03 1.129902e+04 1.825720e-03     0 -6.420751e-02    20 1.046776e+02 1.450252e-01 7.449744e-04 
6.640000e+01 3.280270e-02 9.888555e-02 4.702572e-01 7.899375e+03 2.086060e+03 3.859787e+02 4.007225e+03 1.129902e+04 1.778078e-03     0 -6.224747e-02    20 1.045953e+02 1.455040e-01 7.541559e-04 
6.650000e+01 3.259828e-02 9.880785e-02 4.711898e-01 7.908702e+03 2.090759e+03 3.854922e+02 4.024069e+03 1.130140e+04 1.730312e-03     0 -6.153958e-02    20 1.045131e+02 1.453951e-01 7.640884e-04 
6.660000e+01 3.240825e-02 9.858760e-02 4.721129e-01 7.918017e+03 2.095465e+03 3.850057e+02 4.024069e+03 1.130140e+04 1.747537e-03     0 -7.021965e-02    20 1.044322e+02 1.452858e-01 7.752869e-04 
6.670000e+01 3.222299e-02 9.914877e-02 4.730571e-01 7.927320e+03 2.100175e+03 3.845182e+02 4.024069e+03 1.130140e+04 1.727043e-03     0 -6.952892e-02    20 1.043520e+02 1.459813e-01 7.857076e-04 
6.680000e+01 3.204465e-02 1.000469e-01 4.740089e-01 7.936612e+03 2.104891e+03 3.840301e+02 4.024069e+03 1.130140e+04 1.693581e-03     0 -6.651260e-02    20 1.042714e+02 1.469015e-01 7.947506e-04 
6.690000e+01 3.187477e-02 1.005853e-01 4.749460e-01 7.945891e+03 2.109612e+03 3.835427e+02 4.024069e+03 1.130140e+04 1.656469e-03     0 -6.456793e-02    20 1.041903e+02 1.473856e-01 8.031847e-04 
   67 3.171474e-02 1.005219e-01 4.758606e-01 7.955160e+03 2.114338e+03 3.830562e+02 4.041258e+03 1.130383e+04 1.619418e-03     0 -6.385808e-02    20 1.041092e+02 1.472907e-01 8.121809e-04 
6.710000e+01 3.156665e-02 1.003141e-01 4.767671e-01 7.964416e+03 2.119069e+03 3.825697e+02 4.041258e+03 1.130383e+04 1.628381e-03     0 -7.245622e-02    20 1.040293e+02 1.471903e-01 8.221389e-04 
6.720000e+01 3.142330e-02 1.008714e-01 4.776945e-01 7.973661e+03 2.123806e+03 3.820821e+02 4.041258e+03 1.130383e+04 1.611095e-03     0 -7.180117e-02    20 1.039502e+02 1.478786e-01 8.316001e-04 
6.730000e+01 3.128646e-02 1.017629e-01 4.786300e-01 7.982894e+03 2.128547e+03 3.815941e+02 4.041258e+03 1.130383e+04 1.585076e-03     0 -6.883048e-02    20 1.038706e+02 1.487909e-01 8.401057e-04 
6.740000e+01 3.115655e-02 1.023047e-01 4.795524e-01 7.992116e+03 2.133294e+03 3.811068e+02 4.041258e+03 1.130383e+04 1.556808e-03     0 -6.689888e-02    20 1.037905e+02 1.492781e-01 8.481797e-04 
6.750000e+01 3.103409e-02 1.022548e-01 4.804540e-01 8.001326e+03 2.138045e+03 3.806203e+02 4.058791e+03 1.130631e+04 1.528806e-03     0 -6.618506e-02    20 1.037104e+02 1.491947e-01 8.566345e-04 
6.760000e+01 3.092159e-02 1.020584e-01 4.813487e-01 8.010525e+03 2.142801e+03 3.801339e+02 4.058791e+03 1.130631e+04 1.530159e-03     0 -7.469909e-02    20 1.036315e+02 1.491014e-01 8.657677e-04 
6.770000e+01 3.081396e-02 1.026114e-01 4.822641e-01 8.019713e+03 2.147562e+03 3.796465e+02 4.058791e+03 1.130631e+04 1.515397e-03     0 -7.407675e-02    20 1.035534e+02 1.497809e-01 8.746295e-04 
6.780000e+01 3.071261e-02 1.034954e-01 4.831882e-01 8.028889e+03 2.152328e+03 3.791586e+02 4.058791e+03 1.130631e+04 1.495661e-03     0 -7.114956e-02    20 1.034748e+02 1.506840e-01 8.828816e-04 
6.790000e+01 3.061700e-02 1.040395e-01 4.841005e-01 8.038054e+03 2.157099e+03 3.786714e+02 4.058791e+03 1.130631e+04 1.474948e-03     0 -6.922993e-02    20 1.033957e+02 1.511725e-01 8.908351e-04 
   68 3.052687e-02 1.040018e-01 4.849936e-01 8.047207e+03 2.161874e+03 3.781851e+02 4.076667e+03 1.130884e+04 1.454716e-03     0 -6.851120e-02    20 1.033166e+02 1.510993e-01 8.989903e-04 
6.810000e+01 3.044503e-02 1.038159e-01 4.858807e-01 8.056349e+03 2.166654e+03 3.776989e+02 4.076667e+03 1.130884e+04 1.449174e-03     0 -7.693979e-02    20 1.032386e+02 1.510118e-01 9.075569e-04 
6.820000e+01 3.036829e-02 1.043636e-01 4.867886e-01 8.065480e+03 2.171439e+03 3.772118e+02 4.076667e+03 1.130884e+04 1.436484e-03     0 -7.634823e-02    20 1.031614e+02 1.516819e-01 9.160317e-04 
6.830000e+01 3.029775e-02 1.052394e-01 4.877056e-01 8.074599e+03 2.176229e+03 3.767243e+02 4.076667e+03 1.130884e+04 1.422162e-03     0 -7.346345e-02    20 1.030838e+02 1.525749e-01 9.241820e-04 
6.840000e+01 3.023195e-02 1.057846e-01 4.886120e-01 8.083707e+03 2.181023e+03 3.762374e+02 4.076667e+03 1.130884e+04 1.408005e-03     0 -7.155562e-02    20 1.030056e+02 1.530640e-01 9.321342e-04 
6.850000e+01 3.016998e-02 1.057578e-01 4.895005e-01 8.092804e+03 2.185822e+03 3.757514e+02 4.094887e+03 1.131142e+04 1.394539e-03     0 -7.083191e-02    20 1.029274e+02 1.530001e-01 9.401180e-04 
6.860000e+01 3.011491e-02 1.055814e-01 4.903840e-01 8.101890e+03 2.190625e+03 3.752655e+02 4.094887e+03 1.131142e+04 1.382861e-03     0 -7.917427e-02    20 1.028503e+02 1.529180e-01 9.482678e-04 
6.870000e+01 3.006517e-02 1.061230e-01 4.912883e-01 8.110965e+03 2.195433e+03 3.747788e+02 4.094887e+03 1.131142e+04 1.371950e-03     0 -7.861232e-02    20 1.027740e+02 1.535784e-01 9.564717e-04 
6.880000e+01 3.002161e-02 1.069906e-01 4.922022e-01 8.120028e+03 2.200246e+03 3.742917e+02 4.094887e+03 1.131142e+04 1.362357e-03     0 -7.573744e-02 2.000846e+01 1.026972e+02 1.544623e-01 9.645898e-04 
6.890000e+01 2.998195e-02 1.075374e-01 4.931065e-01 8.129081e+03 2.205063e+03 3.738052e+02 4.094887e+03 1.131142e+04 1.353960e-03     0 -7.385827e-02 2.000657e+01 1.026200e+02 1.549529e-01 9.725870e-04 
   69 2.994475e-02 1.075241e-01 4.939942e-01 8.138122e+03 2.209885e+03 3.733196e+02 4.113451e+03 1.131404e+04 1.346450e-03     0 -7.312102e-02    20 1.025427e+02 1.549007e-01 9.804601e-04 
6.910000e+01 2.991180e-02 1.073542e-01 4.948773e-01 8.147152e+03 2.214711e+03 3.728342e+02 4.113451e+03 1.131404e+04 1.329209e-03     0 -8.143835e-02    20 1.024664e+02 1.548209e-01 9.882783e-04 
6.920000e+01 2.988581e-02 1.078866e-01 4.957815e-01 8.156171e+03 2.219542e+03 3.723480e+02 4.113451e+03 1.131404e+04 1.319783e-03     0 -8.089750e-02    20 1.023909e+02 1.554692e-01 9.962796e-04 
6.930000e+01 2.986602e-02 1.087423e-01 4.966957e-01 8.165179e+03 2.224377e+03 3.718614e+02 4.113451e+03 1.131404e+04 1.314343e-03     0 -7.808129e-02    20 1.023150e+02 1.563410e-01 1.004412e-03 
6.940000e+01 2.984951e-02 1.092881e-01 4.976012e-01 8.174176e+03 2.229217e+03 3.713754e+02 4.113451e+03 1.131404e+04 1.311028e-03     0 -7.618660e-02    20 1.022386e+02 1.568315e-01 1.012501e-03 
6.950000e+01 2.983420e-02 1.092813e-01 4.984911e-01 8.183162e+03 2.234061e+03 3.708903e+02 4.132362e+03 1.131671e+04 1.308792e-03     0 -7.545032e-02    20 1.021621e+02 1.567862e-01 1.020333e-03 
6.960000e+01 2.982346e-02 1.091214e-01 4.993773e-01 8.192137e+03 2.238910e+03 3.704054e+02 4.132362e+03 1.131671e+04 1.287017e-03     0 -8.361943e-02    20 1.020867e+02 1.567147e-01 1.027918e-03 
6.970000e+01 2.981854e-02 1.096491e-01 5.002847e-01 8.201101e+03 2.243763e+03 3.699197e+02 4.132362e+03 1.131671e+04 1.279121e-03     0 -8.311636e-02    20 1.020121e+02 1.573560e-01 1.035780e-03 
6.980000e+01 2.981975e-02 1.104952e-01 5.012024e-01 8.210054e+03 2.248621e+03 3.694336e+02 4.132362e+03 1.131671e+04 1.277452e-03     0 -8.035891e-02    20 1.019370e+02 1.582181e-01 1.043928e-03 
6.990000e+01 2.982357e-02 1.110380e-01 5.021122e-01 8.218996e+03 2.253483e+03 3.689481e+02 4.132362e+03 1.131671e+04 1.278665e-03     0 -7.849021e-02    20 1.018614e+02 1.587070e-01 1.052066e-03 
   70 2.982750e-02 1.110383e-01 5.030073e-01 8.227926e+03 2.258350e+03 3.684635e+02 4.151621e+03 1.131944e+04 1.281099e-03     0 -7.775494e-02    20 1.017858e+02 1.586696e-01 1.059806e-03 
7.010000e+01 2.983504e-02 1.108856e-01 5.038994e-01 8.236846e+03 2.263221e+03 3.679792e+02 4.151621e+03 1.131944e+04 1.255254e-03     0 -8.583557e-02    20 1.017112e+02 1.586037e-01 1.067113e-03 
7.020000e+01 2.984861e-02 1.114063e-01 5.048127e-01 8.245755e+03 2.268097e+03 3.674939e+02 4.151621e+03 1.131944e+04 1.248654e-03     0 -8.535896e-02    20 1.016374e+02 1.592367e-01 1.074778e-03 
7.030000e+01 2.986829e-02 1.122422e-01 5.057368e-01 8.254653e+03 2.272977e+03 3.670084e+02 4.151621e+03 1.131944e+04 1.250288e-03     0 -8.264367e-02    20 1.015631e+02 1.600895e-01 1.082876e-03 
7.040000e+01 2.989005e-02 1.127835e-01 5.066537e-01 8.263541e+03 2.277861e+03 3.665234e+02 4.151621e+03 1.131944e+04 1.255501e-03     0 -8.079010e-02    20 1.014884e+02 1.605787e-01 1.091011e-03 
7.050000e+01 2.991098e-02 1.127916e-01 5.075567e-01 8.272417e+03 2.282750e+03 3.660393e+02 4.171232e+03 1.132221e+04 1.262072e-03     0 -8.005323e-02    20 1.014136e+02 1.605503e-01 1.098646e-03 
7.060000e+01 2.993466e-02 1.126462e-01 5.084572e-01 8.281282e+03 2.287644e+03 3.655554e+02 4.171232e+03 1.132221e+04 1.232712e-03     0 -8.804593e-02    20 1.013399e+02 1.604903e-01 1.105707e-03 
7.070000e+01 2.996455e-02 1.131597e-01 5.093790e-01 8.290136e+03 2.292541e+03 3.650707e+02 4.171232e+03 1.132221e+04 1.227298e-03     0 -8.759713e-02    20 1.012669e+02 1.611150e-01 1.113211e-03 
7.080000e+01 3.000052e-02 1.139850e-01 5.103120e-01 8.298980e+03 2.297444e+03 3.645856e+02 4.171232e+03 1.132221e+04 1.231874e-03     0 -8.492510e-02    20 1.011935e+02 1.619584e-01 1.121285e-03 
7.090000e+01 3.003810e-02 1.145241e-01 5.112384e-01 8.307812e+03 2.302351e+03 3.641012e+02 4.171232e+03 1.132221e+04 1.240637e-03     0 -8.308748e-02    20 1.011195e+02 1.624477e-01 1.129443e-03 
   71 3.007404e-02 1.145395e-01 5.121515e-01 8.316634e+03 2.307262e+03 3.636175e+02 4.191198e+03 1.132503e+04 1.250880e-03     0 -8.235199e-02 2.002533e+01 1.010457e+02 1.624278e-01 1.137014e-03 
7.110000e+01 3.011079e-02 1.144024e-01 5.130626e-01 8.325445e+03 2.312178e+03 3.631341e+02 4.191198e+03 1.132503e+04 1.218278e-03     0 -9.035411e-02 2.001351e+01 1.009730e+02 1.623751e-01 1.143884e-03 
7.120000e+01 3.015505e-02 1.149157e-01 5.139953e-01 8.334245e+03 2.317098e+03 3.626498e+02 4.191198e+03 1.132503e+04 1.213857e-03     0 -8.987816e-02    20 1.009008e+02 1.629984e-01 1.151276e-03 
7.130000e+01 3.020547e-02 1.157366e-01 5.149395e-01 8.343034e+03 2.322023e+03 3.621653e+02 4.191198e+03 1.132503e+04 1.221021e-03     0 -8.716590e-02    20 1.008282e+02 1.638373e-01 1.159365e-03 
7.140000e+01 3.025708e-02 1.162731e-01 5.158776e-01 8.351812e+03 2.326953e+03 3.616812e+02 4.191198e+03 1.132503e+04 1.232953e-03     0 -8.536353e-02    20 1.007551e+02 1.643243e-01 1.167586e-03 
7.150000e+01 3.030628e-02 1.162919e-01 5.168028e-01 8.360579e+03 2.331887e+03 3.611981e+02 4.211523e+03 1.132791e+04 1.246466e-03     0 -8.464559e-02    20 1.006820e+02 1.643083e-01 1.175148e-03 
7.160000e+01 3.035675e-02 1.161570e-01 5.177263e-01 8.369335e+03 2.336825e+03 3.607151e+02 4.211523e+03 1.132791e+04 1.211403e-03     0 -9.246441e-02    20 1.006099e+02 1.642568e-01 1.181904e-03 
7.170000e+01 3.041373e-02 1.166547e-01 5.186716e-01 8.378081e+03 2.341768e+03 3.602313e+02 4.211523e+03 1.132791e+04 1.208045e-03     0 -9.206614e-02    20 1.005385e+02 1.648641e-01 1.189229e-03 
7.180000e+01 3.047675e-02 1.174581e-01 5.196286e-01 8.386816e+03 2.346716e+03 3.597472e+02 4.211523e+03 1.132791e+04 1.217572e-03     0 -8.947708e-02    20 1.004668e+02 1.656886e-01 1.197332e-03 
7.190000e+01 3.054059e-02 1.179920e-01 5.205802e-01 8.395539e+03 2.351668e+03 3.592636e+02 4.211523e+03 1.132791e+04 1.232289e-03     0 -8.767152e-02    20 1.003946e+02 1.661776e-01 1.205576e-03 
   72 3.060140e-02 1.180217e-01 5.215195e-01 8.404252e+03 2.356625e+03 3.587808e+02 4.232210e+03 1.133083e+04 1.248681e-03     0 -8.693270e-02    20 1.003224e+02 1.661753e-01 1.213074e-03 
7.210000e+01 3.066287e-02 1.178965e-01 5.224576e-01 8.412954e+03 2.361586e+03 3.582982e+02 4.232210e+03 1.133083e+04 1.211232e-03     0 -9.465520e-02    20 1.002511e+02 1.661332e-01 1.219657e-03 
7.220000e+01 3.073099e-02 1.183880e-01 5.234174e-01 8.421646e+03 2.366552e+03 3.578147e+02 4.232210e+03 1.133083e+04 1.208723e-03     0 -9.428636e-02    20 1.001805e+02 1.667339e-01 1.226858e-03 
7.230000e+01 3.080516e-02 1.191804e-01 5.243893e-01 8.430326e+03 2.371523e+03 3.573310e+02 4.232210e+03 1.133083e+04 1.220309e-03     0 -9.174552e-02    20 1.001096e+02 1.675491e-01 1.234924e-03 
7.240000e+01 3.087984e-02 1.197113e-01 5.253562e-01 8.438995e+03 2.376498e+03 3.568477e+02 4.232210e+03 1.133083e+04 1.237507e-03     0 -8.996043e-02    20 1.000383e+02 1.680379e-01 1.243164e-03 
7.250000e+01 3.095095e-02 1.197476e-01 5.263113e-01 8.447654e+03 2.381478e+03 3.563652e+02 4.253265e+03 1.133381e+04 1.256467e-03     0 -8.922284e-02    20 9.996696e+01 1.680442e-01 1.250605e-03 
7.260000e+01 3.102215e-02 1.196293e-01 5.272653e-01 8.456302e+03 2.386463e+03 3.558829e+02 4.253265e+03 1.133381e+04 1.217005e-03     0 -9.685261e-02    20 9.989655e+01 1.680086e-01 1.257056e-03 
7.270000e+01 3.110013e-02 1.201139e-01 5.282413e-01 8.464939e+03 2.391452e+03 3.553998e+02 4.253265e+03 1.133381e+04 1.215297e-03     0 -9.650903e-02    20 9.982681e+01 1.686020e-01 1.264178e-03 
7.280000e+01 3.118414e-02 1.208957e-01 5.292295e-01 8.473565e+03 2.396447e+03 3.549163e+02 4.253265e+03 1.133381e+04 1.228732e-03     0 -9.401245e-02    20 9.975680e+01 1.694080e-01 1.272246e-03 
7.290000e+01 3.126838e-02 1.214236e-01 5.302132e-01 8.482180e+03 2.401445e+03 3.544333e+02 4.253265e+03 1.133381e+04 1.248143e-03     0 -9.224659e-02    20 9.968633e+01 1.698965e-01 1.280515e-03 
   73 3.134855e-02 1.214665e-01 5.311854e-01 8.490784e+03 2.406449e+03 3.539511e+02 4.274692e+03 1.133684e+04 1.269389e-03     0 -9.151059e-02    20 9.961587e+01 1.699112e-01 1.287936e-03 
7.310000e+01 3.142832e-02 1.213549e-01 5.321569e-01 8.499378e+03 2.411458e+03 3.534690e+02 4.274692e+03 1.133684e+04 1.228141e-03     0 -9.904653e-02    20 9.954632e+01 1.698817e-01 1.294296e-03 
7.320000e+01 3.151497e-02 1.218326e-01 5.331503e-01 8.507960e+03 2.416471e+03 3.529861e+02 4.274692e+03 1.133684e+04 1.227144e-03     0 -9.872767e-02    20 9.947743e+01 1.704676e-01 1.301370e-03 
7.330000e+01 3.160764e-02 1.226034e-01 5.341563e-01 8.516532e+03 2.421489e+03 3.525029e+02 4.274692e+03 1.133684e+04 1.242223e-03     0 -9.627542e-02    20 9.940829e+01 1.712643e-01 1.309454e-03 
7.340000e+01 3.170030e-02 1.231281e-01 5.351581e-01 8.525093e+03 2.426512e+03 3.520201e+02 4.274692e+03 1.133684e+04 1.263602e-03     0 -9.452927e-02    20 9.933870e+01 1.717520e-01 1.317759e-03 
7.350000e+01 3.178847e-02 1.231773e-01 5.361488e-01 8.533643e+03 2.431540e+03 3.515380e+02 4.296496e+03 1.133992e+04 1.286882e-03     0 -9.379522e-02    20 9.926913e+01 1.717748e-01 1.325170e-03 
7.360000e+01 3.187580e-02 1.230722e-01 5.371390e-01 8.542182e+03 2.436572e+03 3.510561e+02 4.296496e+03 1.133992e+04 1.244053e-03     0 -1.012357e-01    20 9.920044e+01 1.717513e-01 1.331456e-03 
7.370000e+01 3.197011e-02 1.235429e-01 5.381512e-01 8.550710e+03 2.441610e+03 3.505734e+02 4.296496e+03 1.133992e+04 1.243696e-03     0 -1.009408e-01    20 9.913241e+01 1.723296e-01 1.338490e-03 
7.380000e+01 3.207044e-02 1.243028e-01 5.391762e-01 8.559227e+03 2.446652e+03 3.500904e+02 4.296496e+03 1.133992e+04 1.260243e-03     0 -9.853290e-02    20 9.906414e+01 1.731168e-01 1.346593e-03 
7.390000e+01 3.217056e-02 1.248239e-01 5.401973e-01 8.567734e+03 2.451700e+03 3.496078e+02 4.296496e+03 1.133992e+04 1.283381e-03     0 -9.680705e-02    20 9.899544e+01 1.736035e-01 1.354932e-03 
   74 3.226581e-02 1.248791e-01 5.412076e-01 8.576229e+03 2.456752e+03 3.491258e+02 4.318683e+03 1.134306e+04 1.308481e-03     0 -9.607545e-02    20 9.892676e+01 1.736340e-01 1.362338e-03 
7.410000e+01 3.235982e-02 1.247803e-01 5.422176e-01 8.584714e+03 2.461810e+03 3.486440e+02 4.318683e+03 1.134306e+04 1.264259e-03     0 -1.034189e-01    20 9.885894e+01 1.736162e-01 1.368564e-03 
7.420000e+01 3.246092e-02 1.252440e-01 5.432497e-01 8.593187e+03 2.466872e+03 3.481615e+02 4.318683e+03 1.134306e+04 1.264483e-03     0 -1.031471e-01    20 9.879178e+01 1.741870e-01 1.375570e-03 
7.430000e+01 3.256804e-02 1.259928e-01 5.442948e-01 8.601650e+03 2.471940e+03 3.476786e+02 4.318683e+03 1.134306e+04 1.282348e-03     0 -1.007837e-01    20 9.872439e+01 1.749645e-01 1.383694e-03 
7.440000e+01 3.267476e-02 1.265101e-01 5.453363e-01 8.610102e+03 2.477013e+03 3.471960e+02 4.318683e+03 1.134306e+04 1.307065e-03     0 -9.907882e-02    20 9.865658e+01 1.754499e-01 1.392069e-03 
7.450000e+01 3.277630e-02 1.265709e-01 5.463673e-01 8.618543e+03 2.482090e+03 3.467142e+02 4.341258e+03 1.134625e+04 1.333797e-03     0 -9.835019e-02    20 9.858880e+01 1.754878e-01 1.399477e-03 
7.460000e+01 3.287623e-02 1.264782e-01 5.473982e-01 8.626973e+03 2.487173e+03 3.462324e+02 4.341258e+03 1.134625e+04 1.288346e-03     0 -1.055949e-01    20 9.852187e+01 1.754757e-01 1.405655e-03 
7.470000e+01 3.298334e-02 1.269349e-01 5.484511e-01 8.635392e+03 2.492261e+03 3.457500e+02 4.341258e+03 1.134625e+04 1.289099e-03     0 -1.053456e-01    20 9.845558e+01 1.760389e-01 1.412643e-03 
7.480000e+01 3.309647e-02 1.276724e-01 5.495173e-01 8.643800e+03 2.497355e+03 3.452671e+02 4.341258e+03 1.134625e+04 1.308151e-03     0 -1.030269e-01    20 9.838908e+01 1.768066e-01 1.420791e-03 
7.490000e+01 3.320906e-02 1.281855e-01 5.505802e-01 8.652197e+03 2.502453e+03 3.447847e+02 4.341258e+03 1.134625e+04 1.334285e-03     0 -1.013436e-01    20 9.832218e+01 1.772903e-01 1.429205e-03 
   75 3.331617e-02 1.282523e-01 5.516330e-01 8.660583e+03 2.507557e+03 3.443028e+02 4.364226e+03 1.134950e+04 1.362488e-03     0 -1.006339e-01 2.001300e+01 9.825531e+01 1.773364e-01 1.436618e-03 
7.510000e+01 3.342033e-02 1.281705e-01 5.526856e-01 8.668958e+03 2.512666e+03 3.438211e+02 4.364226e+03 1.134950e+04 1.315737e-03     0 -1.078600e-01 2.001164e+01 9.818939e+01 1.773343e-01 1.442760e-03 
7.520000e+01 3.353281e-02 1.286301e-01 5.537608e-01 8.677322e+03 2.517780e+03 3.433387e+02 4.364226e+03 1.134950e+04 1.316917e-03     0 -1.075525e-01    20 9.812398e+01 1.778987e-01 1.449741e-03 
7.530000e+01 3.365137e-02 1.293610e-01 5.548491e-01 8.685675e+03 2.522899e+03 3.428559e+02 4.364226e+03 1.134950e+04 1.337049e-03     0 -1.052249e-01    20 9.805835e+01 1.786591e-01 1.457931e-03 
7.540000e+01 3.376925e-02 1.298679e-01 5.559342e-01 8.694018e+03 2.528024e+03 3.423734e+02 4.364226e+03 1.134950e+04 1.364491e-03     0 -1.035795e-01    20 9.799233e+01 1.791368e-01 1.466409e-03 
7.550000e+01 3.388138e-02 1.299332e-01 5.570092e-01 8.702349e+03 2.533155e+03 3.418916e+02 4.387593e+03 1.135280e+04 1.394037e-03     0 -1.028787e-01    20 9.792633e+01 1.791818e-01 1.473866e-03 
7.560000e+01 3.399129e-02 1.298474e-01 5.580842e-01 8.710669e+03 2.538290e+03 3.414099e+02 4.387593e+03 1.135280e+04 1.346597e-03     0 -1.099264e-01    20 9.786115e+01 1.791757e-01 1.480017e-03 
7.570000e+01 3.410853e-02 1.302869e-01 5.591815e-01 8.718978e+03 2.543431e+03 3.409275e+02 4.387593e+03 1.135280e+04 1.348306e-03     0 -1.097165e-01    20 9.779661e+01 1.797210e-01 1.487020e-03 
7.580000e+01 3.423179e-02 1.310000e-01 5.602925e-01 8.727276e+03 2.548578e+03 3.404447e+02 4.387593e+03 1.135280e+04 1.369414e-03     0 -1.074829e-01    20 9.773190e+01 1.804677e-01 1.495247e-03 
7.590000e+01 3.435425e-02 1.315031e-01 5.614007e-01 8.735563e+03 2.553730e+03 3.399622e+02 4.387593e+03 1.135280e+04 1.397992e-03     0 -1.058421e-01    20 9.766682e+01 1.809469e-01 1.503749e-03 
   76 3.447075e-02 1.315780e-01 5.624991e-01 8.743839e+03 2.558888e+03 3.394803e+02 4.411365e+03 1.135616e+04 1.428720e-03     0 -1.051251e-01    20 9.760176e+01 1.810052e-01 1.511192e-03 
7.610000e+01 3.458477e-02 1.315018e-01 5.635976e-01 8.752104e+03 2.564051e+03 3.389985e+02 4.411365e+03 1.135616e+04 1.380365e-03     0 -1.120640e-01    20 9.753751e+01 1.810092e-01 1.517286e-03 
7.620000e+01 3.470621e-02 1.319361e-01 5.647185e-01 8.760358e+03 2.569219e+03 3.385160e+02 4.411365e+03 1.135616e+04 1.382455e-03     0 -1.118783e-01    20 9.747388e+01 1.815492e-01 1.524250e-03 
7.630000e+01 3.483367e-02 1.326382e-01 5.658530e-01 8.768601e+03 2.574394e+03 3.380330e+02 4.411365e+03 1.135616e+04 1.404428e-03     0 -1.096949e-01    20 9.741009e+01 1.822866e-01 1.532468e-03 
7.640000e+01 3.496024e-02 1.331365e-01 5.669851e-01 8.776832e+03 2.579573e+03 3.375504e+02 4.411365e+03 1.135616e+04 1.434045e-03     0 -1.080806e-01    20 9.734595e+01 1.827640e-01 1.540978e-03 
7.650000e+01 3.508068e-02 1.332163e-01 5.681075e-01 8.785053e+03 2.584759e+03 3.370683e+02 4.435549e+03 1.135958e+04 1.465853e-03     0 -1.073699e-01    20 9.728184e+01 1.828292e-01 1.548415e-03 
7.660000e+01 3.519838e-02 1.331461e-01 5.692301e-01 8.793262e+03 2.589950e+03 3.365863e+02 4.435549e+03 1.135958e+04 1.416812e-03     0 -1.142036e-01    20 9.721852e+01 1.828390e-01 1.554482e-03 
7.670000e+01 3.532355e-02 1.335736e-01 5.703750e-01 8.801461e+03 2.595147e+03 3.361035e+02 4.435549e+03 1.135958e+04 1.419302e-03     0 -1.140376e-01    20 9.715581e+01 1.833719e-01 1.561440e-03 
7.680000e+01 3.545475e-02 1.342643e-01 5.715338e-01 8.809648e+03 2.600350e+03 3.356204e+02 4.435549e+03 1.135958e+04 1.442079e-03     0 -1.118997e-01    20 9.709296e+01 1.840993e-01 1.569681e-03 
7.690000e+01 3.558496e-02 1.347578e-01 5.726902e-01 8.817824e+03 2.605558e+03 3.351375e+02 4.435549e+03 1.135958e+04 1.472641e-03     0 -1.103099e-01    20 9.702977e+01 1.845743e-01 1.578220e-03 
   77 3.570885e-02 1.348420e-01 5.738373e-01 8.825989e+03 2.610773e+03 3.346552e+02 4.460150e+03 1.136306e+04 1.505425e-03     0 -1.096052e-01    20 9.696661e+01 1.846459e-01 1.585670e-03 
7.710000e+01 3.582978e-02 1.347773e-01 5.749846e-01 8.834142e+03 2.615993e+03 3.341729e+02 4.460150e+03 1.136306e+04 1.455766e-03     0 -1.163353e-01 2.000037e+01 9.690422e+01 1.846608e-01 1.591726e-03 
7.720000e+01 3.595821e-02 1.351954e-01 5.761541e-01 8.842285e+03 2.621219e+03 3.336899e+02 4.460150e+03 1.136306e+04 1.458589e-03     0 -1.162351e-01    20 9.684247e+01 1.851837e-01 1.598686e-03 
7.730000e+01 3.609268e-02 1.358739e-01 5.773376e-01 8.850416e+03 2.626451e+03 3.332065e+02 4.460150e+03 1.136306e+04 1.482084e-03     0 -1.140886e-01    20 9.678056e+01 1.859010e-01 1.606946e-03 
7.740000e+01 3.622609e-02 1.363632e-01 5.785191e-01 8.858536e+03 2.631689e+03 3.327233e+02 4.460150e+03 1.136306e+04 1.513509e-03     0 -1.125220e-01    20 9.671833e+01 1.863743e-01 1.615510e-03 
7.750000e+01 3.635303e-02 1.364516e-01 5.796914e-01 8.866645e+03 2.636932e+03 3.322407e+02 4.485175e+03 1.136659e+04 1.547177e-03     0 -1.118283e-01    20 9.665614e+01 1.864519e-01 1.622967e-03 
7.760000e+01 3.647681e-02 1.363923e-01 5.808639e-01 8.874743e+03 2.642182e+03 3.317581e+02 4.485175e+03 1.136659e+04 1.496984e-03     0 -1.184481e-01    20 9.659469e+01 1.864720e-01 1.629009e-03 
7.770000e+01 3.660816e-02 1.368057e-01 5.820587e-01 8.882829e+03 2.647438e+03 3.312748e+02 4.485175e+03 1.136659e+04 1.500164e-03     0 -1.183196e-01    20 9.653385e+01 1.869898e-01 1.635966e-03 
7.780000e+01 3.674552e-02 1.374730e-01 5.832676e-01 8.890904e+03 2.652700e+03 3.307910e+02 4.485175e+03 1.136659e+04 1.524315e-03     0 -1.162724e-01    20 9.647289e+01 1.876965e-01 1.644241e-03 
7.790000e+01 3.688175e-02 1.379557e-01 5.844745e-01 8.898968e+03 2.657968e+03 3.303076e+02 4.485175e+03 1.136659e+04 1.556495e-03     0 -1.147328e-01    20 9.641163e+01 1.881655e-01 1.652823e-03 
   78 3.701138e-02 1.380476e-01 5.856725e-01 8.907021e+03 2.663242e+03 3.298245e+02 4.510629e+03 1.137019e+04 1.590953e-03     0 -1.140413e-01    20 9.635040e+01 1.882485e-01 1.660284e-03 
7.810000e+01 3.713767e-02 1.379934e-01 5.868707e-01 8.915062e+03 2.668522e+03 3.293415e+02 4.510629e+03 1.137019e+04 1.540329e-03     0 -1.205483e-01    20 9.628991e+01 1.882733e-01 1.666311e-03 
7.820000e+01 3.727157e-02 1.383992e-01 5.880912e-01 8.923092e+03 2.673809e+03 3.288579e+02 4.510629e+03 1.137019e+04 1.543828e-03     0 -1.204370e-01    20 9.623001e+01 1.887829e-01 1.673261e-03 
7.830000e+01 3.741145e-02 1.390540e-01 5.893258e-01 8.931110e+03 2.679101e+03 3.283738e+02 4.510629e+03 1.137019e+04 1.568575e-03     0 -1.184358e-01    20 9.617001e+01 1.894783e-01 1.681544e-03 
7.840000e+01 3.755015e-02 1.395303e-01 5.905588e-01 8.939118e+03 2.684400e+03 3.278899e+02 4.510629e+03 1.137019e+04 1.601449e-03     0 -1.169224e-01    20 9.610972e+01 1.899434e-01 1.690134e-03 
7.850000e+01 3.768213e-02 1.396252e-01 5.917828e-01 8.947114e+03 2.689705e+03 3.274065e+02 4.536519e+03 1.137385e+04 1.636623e-03     0 -1.162382e-01    20 9.604947e+01 1.900314e-01 1.697592e-03 
7.860000e+01 3.781061e-02 1.395755e-01 5.930072e-01 8.955098e+03 2.695017e+03 3.269230e+02 4.536519e+03 1.137385e+04 1.585648e-03     0 -1.226326e-01    20 9.598994e+01 1.900606e-01 1.703599e-03 
7.870000e+01 3.794671e-02 1.399736e-01 5.942539e-01 8.963071e+03 2.700334e+03 3.264389e+02 4.536519e+03 1.137385e+04 1.589448e-03     0 -1.225380e-01    20 9.593100e+01 1.905622e-01 1.710538e-03 
7.880000e+01 3.808879e-02 1.406159e-01 5.955147e-01 8.971033e+03 2.705659e+03 3.259544e+02 4.536519e+03 1.137385e+04 1.614735e-03     0 -1.205825e-01    20 9.587196e+01 1.912466e-01 1.718819e-03 
7.890000e+01 3.822963e-02 1.410864e-01 5.967740e-01 8.978983e+03 2.710989e+03 3.254701e+02 4.536519e+03 1.137385e+04 1.648231e-03     0 -1.190976e-01 2.002157e+01 9.581271e+01 1.917085e-01 1.727410e-03 
   79 3.836367e-02 1.411871e-01 5.980247e-01 8.986922e+03 2.716326e+03 3.249862e+02 4.562852e+03 1.137758e+04 1.684053e-03     0 -1.184839e-01 2.001516e+01 9.575361e+01 1.918044e-01 1.734852e-03 
7.910000e+01 3.849341e-02 1.411517e-01 5.992760e-01 8.994850e+03 2.721670e+03 3.245022e+02 4.562852e+03 1.137758e+04 1.632591e-03     0 -1.247490e-01    20 9.569506e+01 1.918471e-01 1.740839e-03 
7.920000e+01 3.863144e-02 1.415515e-01 6.005495e-01 9.002766e+03 2.727020e+03 3.240177e+02 4.562852e+03 1.137758e+04 1.636721e-03     0 -1.246187e-01    20 9.563706e+01 1.923476e-01 1.747761e-03 
7.930000e+01 3.877544e-02 1.421820e-01 6.018370e-01 9.010670e+03 2.732376e+03 3.235327e+02 4.562852e+03 1.137758e+04 1.662540e-03     0 -1.227016e-01    20 9.557897e+01 1.930190e-01 1.756040e-03 
7.940000e+01 3.891814e-02 1.426416e-01 6.031229e-01 9.018563e+03 2.737739e+03 3.230479e+02 4.562852e+03 1.137758e+04 1.696619e-03     0 -1.212481e-01    20 9.552062e+01 1.934708e-01 1.764638e-03 
7.950000e+01 3.905395e-02 1.427371e-01 6.044001e-01 9.026445e+03 2.743109e+03 3.225635e+02 4.589633e+03 1.138136e+04 1.733025e-03     0 -1.205856e-01    20 9.546232e+01 1.935627e-01 1.772089e-03 
7.960000e+01 3.918596e-02 1.426921e-01 6.056779e-01 9.034315e+03 2.748485e+03 3.220791e+02 4.589633e+03 1.138136e+04 1.681685e-03     0 -1.267500e-01    20 9.540471e+01 1.935962e-01 1.778067e-03 
7.970000e+01 3.932558e-02 1.430718e-01 6.069777e-01 9.042173e+03 2.753868e+03 3.215940e+02 4.589633e+03 1.138136e+04 1.686079e-03     0 -1.266845e-01    20 9.534768e+01 1.940789e-01 1.784983e-03 
7.980000e+01 3.947113e-02 1.436865e-01 6.082919e-01 9.050020e+03 2.759258e+03 3.211085e+02 4.589633e+03 1.138136e+04 1.712308e-03     0 -1.248184e-01    20 9.529060e+01 1.947391e-01 1.793247e-03 
7.990000e+01 3.961533e-02 1.441409e-01 6.096049e-01 9.057855e+03 2.764654e+03 3.206231e+02 4.589633e+03 1.138136e+04 1.746867e-03     0 -1.233853e-01    20 9.523327e+01 1.951906e-01 1.801814e-03 
   80 3.975257e-02 1.442417e-01 6.109095e-01 9.065679e+03 2.770057e+03 3.201381e+02 4.616868e+03 1.138521e+04 1.783768e-03     0 -1.227263e-01    20 9.517600e+01 1.952919e-01 1.809216e-03 
8.010000e+01 3.988588e-02 1.442036e-01 6.122146e-01 9.073491e+03 2.775467e+03 3.196531e+02 4.616868e+03 1.138521e+04 1.732271e-03     0 -1.287728e-01    20 9.511941e+01 1.953335e-01 1.815132e-03 
8.020000e+01 4.002680e-02 1.445773e-01 6.135416e-01 9.081291e+03 2.780884e+03 3.191673e+02 4.616868e+03 1.138521e+04 1.736903e-03     0 -1.287250e-01    20 9.506339e+01 1.958107e-01 1.821986e-03 
8.030000e+01 4.017363e-02 1.451804e-01 6.148830e-01 9.089080e+03 2.786308e+03 3.186812e+02 4.616868e+03 1.138521e+04 1.763512e-03     0 -1.269084e-01    20 9.500733e+01 1.964613e-01 1.830195e-03 
8.040000e+01 4.031908e-02 1.456284e-01 6.162234e-01 9.096857e+03 2.791738e+03 3.181951e+02 4.616868e+03 1.138521e+04 1.798501e-03     0 -1.255063e-01    20 9.495104e+01 1.969096e-01 1.838713e-03 
8.050000e+01 4.045751e-02 1.457321e-01 6.175555e-01 9.104623e+03 2.797176e+03 3.177093e+02 4.644565e+03 1.138913e+04 1.835844e-03     0 -1.248583e-01    20 9.489481e+01 1.970161e-01 1.846067e-03 
8.060000e+01 4.059190e-02 1.456987e-01 6.188881e-01 9.112377e+03 2.802620e+03 3.172235e+02 4.644565e+03 1.138913e+04 1.784429e-03     0 -1.307863e-01    20 9.483924e+01 1.970627e-01 1.851934e-03 
8.070000e+01 4.073386e-02 1.460653e-01 6.202425e-01 9.120119e+03 2.808071e+03 3.167370e+02 4.644565e+03 1.138913e+04 1.789350e-03     0 -1.307532e-01    20 9.478425e+01 1.975326e-01 1.858741e-03 
8.080000e+01 4.088167e-02 1.466561e-01 6.216113e-01 9.127849e+03 2.813529e+03 3.162501e+02 4.644565e+03 1.138913e+04 1.816315e-03     0 -1.289835e-01    20 9.472921e+01 1.981722e-01 1.866902e-03 
8.090000e+01 4.102805e-02 1.470973e-01 6.229792e-01 9.135568e+03 2.818995e+03 3.157633e+02 4.644565e+03 1.138913e+04 1.851677e-03     0 -1.276109e-01    20 9.467397e+01 1.986160e-01 1.875367e-03 
   81 4.116736e-02 1.472031e-01 6.243390e-01 9.143274e+03 2.824467e+03 3.152767e+02 4.672728e+03 1.139311e+04 1.889394e-03     0 -1.269735e-01    20 9.461878e+01 1.987267e-01 1.882664e-03 
8.110000e+01 4.130252e-02 1.471740e-01 6.256993e-01 9.150969e+03 2.829947e+03 3.147901e+02 4.672728e+03 1.139311e+04 1.838138e-03     0 -1.327806e-01    20 9.456425e+01 1.987774e-01 1.888470e-03 
8.120000e+01 4.144520e-02 1.475330e-01 6.270813e-01 9.158653e+03 2.835434e+03 3.143028e+02 4.672728e+03 1.139311e+04 1.843329e-03     0 -1.327612e-01    20 9.451028e+01 1.992392e-01 1.895211e-03 
8.130000e+01 4.159367e-02 1.481110e-01 6.284776e-01 9.166324e+03 2.840927e+03 3.138151e+02 4.672728e+03 1.139311e+04 1.870593e-03     0 -1.310380e-01    20 9.445628e+01 1.998672e-01 1.903298e-03 
8.140000e+01 4.174066e-02 1.485447e-01 6.298732e-01 9.173984e+03 2.846429e+03 3.133274e+02 4.672728e+03 1.139311e+04 1.906261e-03     0 -1.296950e-01    20 9.440209e+01 2.003059e-01 1.911684e-03 
8.150000e+01 4.188056e-02 1.486522e-01 6.312608e-01 9.181631e+03 2.851937e+03 3.128400e+02 4.701365e+03 1.139716e+04 1.944279e-03     0 -1.290684e-01    20 9.434796e+01 2.004202e-01 1.918901e-03 
8.160000e+01 4.201621e-02 1.486269e-01 6.326489e-01 9.189267e+03 2.857452e+03 3.123525e+02 4.701365e+03 1.139716e+04 1.893282e-03     0 -1.347527e-01    20 9.429447e+01 2.004745e-01 1.924626e-03 
8.170000e+01 4.215930e-02 1.489781e-01 6.340586e-01 9.196891e+03 2.862975e+03 3.118643e+02 4.701365e+03 1.139716e+04 1.898736e-03     0 -1.347460e-01    20 9.424154e+01 2.009279e-01 1.931279e-03 
8.180000e+01 4.230812e-02 1.495431e-01 6.354825e-01 9.204503e+03 2.868505e+03 3.113757e+02 4.701365e+03 1.139716e+04 1.926251e-03     0 -1.330692e-01    20 9.418858e+01 2.015440e-01 1.939271e-03 
8.190000e+01 4.245543e-02 1.499690e-01 6.369059e-01 9.212103e+03 2.874043e+03 3.108871e+02 4.701365e+03 1.139716e+04 1.962157e-03     0 -1.317563e-01    20 9.413545e+01 2.019771e-01 1.947559e-03 
   82 4.259561e-02 1.500777e-01 6.383214e-01 9.219691e+03 2.879588e+03 3.103988e+02 4.730479e+03 1.140128e+04 2.000407e-03     0 -1.311408e-01    20 9.408238e+01 2.020946e-01 1.954679e-03 
8.210000e+01 4.273146e-02 1.500559e-01 6.397375e-01 9.227267e+03 2.885140e+03 3.099104e+02 4.730479e+03 1.140128e+04 1.949779e-03     0 -1.367005e-01    20 9.402994e+01 2.021523e-01 1.960309e-03 
8.220000e+01 4.287467e-02 1.503990e-01 6.411749e-01 9.234831e+03 2.890700e+03 3.094213e+02 4.730479e+03 1.140128e+04 1.955489e-03     0 -1.367058e-01    20 9.397805e+01 2.025972e-01 1.966862e-03 
8.230000e+01 4.302352e-02 1.509507e-01 6.426265e-01 9.242384e+03 2.896268e+03 3.089318e+02 4.730479e+03 1.140128e+04 1.983204e-03     0 -1.350755e-01    20 9.392615e+01 2.032011e-01 1.974744e-03 
8.240000e+01 4.317082e-02 1.513684e-01 6.440776e-01 9.249924e+03 2.901843e+03 3.084422e+02 4.730479e+03 1.140128e+04 2.019283e-03     0 -1.337931e-01    20 9.387408e+01 2.036283e-01 1.982917e-03 
8.250000e+01 4.331099e-02 1.514779e-01 6.455212e-01 9.257452e+03 2.907425e+03 3.079529e+02 4.760078e+03 1.140546e+04 2.057691e-03     0 -1.331893e-01    20 9.382209e+01 2.037487e-01 1.989925e-03 
8.260000e+01 4.344649e-02 1.514597e-01 6.469652e-01 9.264968e+03 2.913015e+03 3.074635e+02 4.760078e+03 1.140546e+04 2.007433e-03     0 -1.386648e-01 2.003262e+01 9.377080e+01 2.038099e-01 1.995450e-03 
8.270000e+01 4.358953e-02 1.518009e-01 6.484306e-01 9.272472e+03 2.918613e+03 3.069735e+02 4.760078e+03 1.140546e+04 2.013408e-03     0 -1.387414e-01 2.003792e+01 9.372023e+01 2.042519e-01 2.001879e-03 
8.280000e+01 4.373820e-02 1.523527e-01 6.499104e-01 9.279963e+03 2.924218e+03 3.064830e+02 4.760078e+03 1.140546e+04 2.041297e-03     0 -1.370835e-01    20 9.366949e+01 2.048556e-01 2.009627e-03 
8.290000e+01 4.388530e-02 1.527742e-01 6.513899e-01 9.287443e+03 2.929831e+03 3.059925e+02 4.760078e+03 1.140546e+04 2.077516e-03     0 -1.357647e-01    20 9.361846e+01 2.052857e-01 2.017665e-03 
   83 4.402521e-02 1.528872e-01 6.528615e-01 9.294911e+03 2.935452e+03 3.055022e+02 4.790166e+03 1.140971e+04 2.116037e-03     0 -1.351803e-01    20 9.356748e+01 2.054074e-01 2.024547e-03 
8.310000e+01 4.416057e-02 1.528661e-01 6.543332e-01 9.302366e+03 2.941080e+03 3.050119e+02 4.790166e+03 1.140971e+04 2.066649e-03     0 -1.405102e-01    20 9.351711e+01 2.054628e-01 2.029955e-03 
8.320000e+01 4.430302e-02 1.531855e-01 6.558257e-01 9.309809e+03 2.946716e+03 3.045209e+02 4.790166e+03 1.140971e+04 2.072912e-03     0 -1.405501e-01    20 9.346727e+01 2.058815e-01 2.036257e-03 
8.330000e+01 4.445090e-02 1.537044e-01 6.573323e-01 9.317240e+03 2.952360e+03 3.040294e+02 4.790166e+03 1.140971e+04 2.100886e-03     0 -1.390127e-01    20 9.341745e+01 2.064544e-01 2.043849e-03 
8.340000e+01 4.459715e-02 1.541011e-01 6.588388e-01 9.324659e+03 2.958012e+03 3.035380e+02 4.790166e+03 1.140971e+04 2.137094e-03     0 -1.377876e-01    20 9.336749e+01 2.068655e-01 2.051710e-03 
8.350000e+01 4.473626e-02 1.542089e-01 6.603380e-01 9.332065e+03 2.963671e+03 3.030467e+02 4.820748e+03 1.141404e+04 2.175580e-03     0 -1.372033e-01    20 9.331762e+01 2.069886e-01 2.058415e-03 
8.360000e+01 4.487084e-02 1.541940e-01 6.618377e-01 9.339459e+03 2.969339e+03 3.025552e+02 4.820748e+03 1.141404e+04 2.126629e-03     0 -1.423775e-01    20 9.326835e+01 2.070538e-01 2.063654e-03 
8.370000e+01 4.501244e-02 1.545103e-01 6.633580e-01 9.346841e+03 2.975014e+03 3.020632e+02 4.820748e+03 1.141404e+04 2.133025e-03     0 -1.424137e-01    20 9.321960e+01 2.074713e-01 2.069785e-03 
8.380000e+01 4.515939e-02 1.550194e-01 6.648923e-01 9.354211e+03 2.980698e+03 3.015706e+02 4.820748e+03 1.141404e+04 2.161003e-03     0 -1.409226e-01    20 9.317088e+01 2.080370e-01 2.077205e-03 
8.390000e+01 4.530469e-02 1.554093e-01 6.664264e-01 9.361568e+03 2.986389e+03 3.010779e+02 4.820748e+03 1.141404e+04 2.197163e-03     0 -1.397349e-01    20 9.312204e+01 2.084446e-01 2.084903e-03 
   84 4.544289e-02 1.555182e-01 6.679533e-01 9.368913e+03 2.992089e+03 3.005855e+02 4.851830e+03 1.141843e+04 2.235583e-03     0 -1.391692e-01    20 9.307330e+01 2.085716e-01 2.091470e-03 
8.410000e+01 4.557650e-02 1.555067e-01 6.694808e-01 9.376245e+03 2.997796e+03 3.000928e+02 4.851830e+03 1.141843e+04 2.187550e-03     0 -1.442167e-01    20 9.302513e+01 2.086409e-01 2.096594e-03 
8.420000e+01 4.571696e-02 1.558154e-01 6.710284e-01 9.383565e+03 3.003511e+03 2.995995e+02 4.851830e+03 1.141843e+04 2.194217e-03     0 -1.442640e-01    20 9.297748e+01 2.090509e-01 2.102594e-03 
8.430000e+01 4.586262e-02 1.563115e-01 6.725899e-01 9.390873e+03 3.009235e+03 2.991057e+02 4.851830e+03 1.141843e+04 2.222199e-03     0 -1.428203e-01    20 9.292988e+01 2.096052e-01 2.109854e-03 
8.440000e+01 4.600659e-02 1.566932e-01 6.741514e-01 9.398168e+03 3.014967e+03 2.986118e+02 4.851830e+03 1.141843e+04 2.258250e-03     0 -1.416656e-01    20 9.288216e+01 2.100069e-01 2.117375e-03 
8.450000e+01 4.614349e-02 1.568026e-01 6.757059e-01 9.405451e+03 3.020706e+03 2.981180e+02 4.883416e+03 1.142290e+04 2.296521e-03     0 -1.411142e-01    20 9.283454e+01 2.101366e-01 2.123768e-03 
8.460000e+01 4.627574e-02 1.567942e-01 6.772608e-01 9.412721e+03 3.026454e+03 2.976241e+02 4.883416e+03 1.142290e+04 2.249472e-03     0 -1.460307e-01    20 9.278749e+01 2.102090e-01 2.128725e-03 
8.470000e+01 4.641468e-02 1.570951e-01 6.788357e-01 9.419979e+03 3.032211e+03 2.971295e+02 4.883416e+03 1.142290e+04 2.256374e-03     0 -1.460874e-01    20 9.274095e+01 2.106106e-01 2.134530e-03 
8.480000e+01 4.655867e-02 1.575778e-01 6.804242e-01 9.427224e+03 3.037975e+03 2.966344e+02 4.883416e+03 1.142290e+04 2.284285e-03     0 -1.446904e-01    20 9.269447e+01 2.111524e-01 2.141561e-03 
8.490000e+01 4.670094e-02 1.579506e-01 6.820128e-01 9.434456e+03 3.043748e+03 2.961392e+02 4.883416e+03 1.142290e+04 2.320143e-03     0 -1.435687e-01    20 9.264788e+01 2.115473e-01 2.148839e-03 
   85 4.683619e-02 1.580599e-01 6.835946e-01 9.441676e+03 3.049529e+03 2.956441e+02 4.915510e+03 1.142744e+04 2.358177e-03     0 -1.430314e-01    20 9.260140e+01 2.116788e-01 2.154998e-03 
8.510000e+01 4.696676e-02 1.580542e-01 6.851768e-01 9.448884e+03 3.055318e+03 2.951488e+02 4.915510e+03 1.142744e+04 2.312261e-03     0 -1.478152e-01    20 9.255546e+01 2.117536e-01 2.159740e-03 
8.520000e+01 4.710382e-02 1.583468e-01 6.867785e-01 9.456078e+03 3.061116e+03 2.946529e+02 4.915510e+03 1.142744e+04 2.319398e-03     0 -1.478801e-01    20 9.251004e+01 2.121462e-01 2.165307e-03 
8.530000e+01 4.724578e-02 1.588158e-01 6.883937e-01 9.463261e+03 3.066922e+03 2.941564e+02 4.915510e+03 1.142744e+04 2.347182e-03     0 -1.465294e-01    20 9.246467e+01 2.126750e-01 2.172070e-03 
8.540000e+01 4.738598e-02 1.591794e-01 6.900091e-01 9.470430e+03 3.072736e+03 2.936599e+02 4.915510e+03 1.142744e+04 2.382766e-03     0 -1.454407e-01    20 9.241922e+01 2.130627e-01 2.179070e-03 
8.550000e+01 4.751920e-02 1.592882e-01 6.916178e-01 9.477587e+03 3.078559e+03 2.931634e+02 4.948116e+03 1.143205e+04 2.420474e-03     0 -1.449176e-01    20 9.237387e+01 2.131953e-01 2.184972e-03 
8.560000e+01 4.764754e-02 1.592839e-01 6.932268e-01 9.484731e+03 3.084390e+03 2.926667e+02 4.948116e+03 1.143205e+04 2.375635e-03     0 -1.496056e-01 2.001555e+01 9.232909e+01 2.132712e-01 2.189488e-03 
8.570000e+01 4.778231e-02 1.595705e-01 6.948551e-01 9.491862e+03 3.090230e+03 2.921694e+02 4.948116e+03 1.143205e+04 2.383071e-03     0 -1.497268e-01 2.002088e+01 9.228494e+01 2.136571e-01 2.194792e-03 
8.580000e+01 4.792190e-02 1.600348e-01 6.964971e-01 9.498981e+03 3.096078e+03 2.916716e+02 4.948116e+03 1.143205e+04 2.410702e-03     0 -1.483636e-01    20 9.224073e+01 2.141816e-01 2.201267e-03 
8.590000e+01 4.805970e-02 1.603977e-01 6.981392e-01 9.506086e+03 3.101935e+03 2.911736e+02 4.948116e+03 1.143205e+04 2.445965e-03     0 -1.472579e-01    20 9.219639e+01 2.145684e-01 2.207971e-03 
   86 4.819056e-02 1.605086e-01 6.997745e-01 9.513179e+03 3.107800e+03 2.906757e+02 4.981237e+03 1.143673e+04 2.483278e-03     0 -1.467482e-01    20 9.215215e+01 2.147021e-01 2.213602e-03 
8.610000e+01 4.831666e-02 1.605042e-01 7.014099e-01 9.520260e+03 3.113674e+03 2.901777e+02 4.981237e+03 1.143673e+04 2.440163e-03     0 -1.512774e-01    20 9.210843e+01 2.147756e-01 2.217871e-03 
8.620000e+01 4.844876e-02 1.607749e-01 7.030639e-01 9.527327e+03 3.119557e+03 2.896790e+02 4.981237e+03 1.143673e+04 2.447784e-03     0 -1.513659e-01    20 9.206521e+01 2.151437e-01 2.222913e-03 
8.630000e+01 4.858536e-02 1.612118e-01 7.047310e-01 9.534381e+03 3.125448e+03 2.891798e+02 4.981237e+03 1.143673e+04 2.475119e-03     0 -1.501085e-01    20 9.202206e+01 2.156415e-01 2.229076e-03 
8.640000e+01 4.872011e-02 1.615531e-01 7.063984e-01 9.541423e+03 3.131348e+03 2.886804e+02 4.981237e+03 1.143673e+04 2.509877e-03     0 -1.490836e-01    20 9.197886e+01 2.160107e-01 2.235448e-03 
8.650000e+01 4.884803e-02 1.616579e-01 7.080594e-01 9.548451e+03 3.137257e+03 2.881811e+02 5.014877e+03 1.144148e+04 2.546628e-03     0 -1.485865e-01    20 9.193577e+01 2.161429e-01 2.240764e-03 
8.660000e+01 4.897123e-02 1.616567e-01 7.097208e-01 9.555467e+03 3.143174e+03 2.876816e+02 5.014877e+03 1.144148e+04 2.504847e-03     0 -1.529632e-01    20 9.189320e+01 2.162219e-01 2.244748e-03 
8.670000e+01 4.910024e-02 1.619221e-01 7.114004e-01 9.562470e+03 3.149100e+03 2.871814e+02 5.014877e+03 1.144148e+04 2.512584e-03     0 -1.530474e-01    20 9.185111e+01 2.165857e-01 2.249483e-03 
8.680000e+01 4.923356e-02 1.623477e-01 7.130929e-01 9.569459e+03 3.155034e+03 2.866807e+02 5.014877e+03 1.144148e+04 2.539553e-03     0 -1.518340e-01    20 9.180911e+01 2.170739e-01 2.255312e-03 
8.690000e+01 4.936503e-02 1.626808e-01 7.147856e-01 9.576436e+03 3.160978e+03 2.861799e+02 5.014877e+03 1.144148e+04 2.573752e-03     0 -1.508457e-01    20 9.176707e+01 2.174374e-01 2.261351e-03 
   87 4.948975e-02 1.627850e-01 7.164720e-01 9.583400e+03 3.166930e+03 2.856790e+02 5.049038e+03 1.144631e+04 2.609881e-03     0 -1.503675e-01    20 9.172514e+01 2.175715e-01 2.266370e-03 
8.710000e+01 4.960976e-02 1.627860e-01 7.181587e-01 9.590350e+03 3.172891e+03 2.851779e+02 5.049038e+03 1.144631e+04 2.569827e-03     0 -1.546102e-01    20 9.168372e+01 2.176528e-01 2.270099e-03 
8.720000e+01 4.973530e-02 1.630433e-01 7.198632e-01 9.597288e+03 3.178861e+03 2.846761e+02 5.049038e+03 1.144631e+04 2.577770e-03     0 -1.547014e-01    20 9.164278e+01 2.180080e-01 2.274549e-03 
8.730000e+01 4.986492e-02 1.634552e-01 7.215802e-01 9.604212e+03 3.184840e+03 2.841739e+02 5.049038e+03 1.144631e+04 2.604339e-03     0 -1.535342e-01    20 9.160193e+01 2.184835e-01 2.280047e-03 
8.740000e+01 4.999264e-02 1.637787e-01 7.232975e-01 9.611124e+03 3.190828e+03 2.836714e+02 5.049038e+03 1.144631e+04 2.637895e-03     0 -1.525803e-01    20 9.156105e+01 2.188394e-01 2.285736e-03 
8.750000e+01 5.011372e-02 1.638818e-01 7.250087e-01 9.618022e+03 3.196825e+03 2.831689e+02 5.083722e+03 1.145122e+04 2.673299e-03     0 -1.521180e-01    20 9.152029e+01 2.189740e-01 2.290428e-03 
8.760000e+01 5.023009e-02 1.638845e-01 7.267200e-01 9.624907e+03 3.202830e+03 2.826662e+02 5.083722e+03 1.145122e+04 2.635040e-03     0 -1.562439e-01 2.000278e+01 9.148002e+01 2.190568e-01 2.293863e-03 
8.770000e+01 5.035171e-02 1.641334e-01 7.284486e-01 9.631779e+03 3.208845e+03 2.821628e+02 5.083722e+03 1.145122e+04 2.643144e-03     0 -1.563753e-01 2.000301e+01 9.144028e+01 2.194028e-01 2.297976e-03 
8.780000e+01 5.047721e-02 1.645339e-01 7.301896e-01 9.638637e+03 3.214868e+03 2.816589e+02 5.083722e+03 1.145122e+04 2.669241e-03     0 -1.552081e-01    20 9.140059e+01 2.198676e-01 2.303087e-03 
8.790000e+01 5.060077e-02 1.648500e-01 7.319309e-01 9.645483e+03 3.220901e+03 2.811549e+02 5.083722e+03 1.145122e+04 2.702066e-03     0 -1.542752e-01    20 9.136087e+01 2.202172e-01 2.308370e-03 
   88 5.071782e-02 1.649539e-01 7.336662e-01 9.652315e+03 3.226942e+03 2.806507e+02 5.118930e+03 1.145620e+04 2.736648e-03     0 -1.538349e-01    20 9.132126e+01 2.203536e-01 2.312686e-03 
8.810000e+01 5.083020e-02 1.649603e-01 7.354015e-01 9.659133e+03 3.232993e+03 2.801463e+02 5.118930e+03 1.145620e+04 2.700417e-03     0 -1.577935e-01    20 9.128214e+01 2.204387e-01 2.315785e-03 
8.820000e+01 5.094749e-02 1.652002e-01 7.371536e-01 9.665939e+03 3.239052e+03 2.796413e+02 5.118930e+03 1.145620e+04 2.708703e-03     0 -1.578953e-01    20 9.124348e+01 2.207739e-01 2.319527e-03 
8.830000e+01 5.106838e-02 1.655823e-01 7.389174e-01 9.672731e+03 3.245121e+03 2.791358e+02 5.118930e+03 1.145620e+04 2.734231e-03     0 -1.568226e-01    20 9.120492e+01 2.212200e-01 2.324214e-03 
8.840000e+01 5.118728e-02 1.658835e-01 7.406814e-01 9.679510e+03 3.251199e+03 2.786301e+02 5.118930e+03 1.145620e+04 2.766198e-03     0 -1.559390e-01    20 9.116636e+01 2.215566e-01 2.329058e-03 
8.850000e+01 5.129980e-02 1.659813e-01 7.424396e-01 9.686275e+03 3.257286e+03 2.781243e+02 5.154664e+03 1.146125e+04 2.799827e-03     0 -1.555085e-01    20 9.112792e+01 2.216889e-01 2.332970e-03 
8.860000e+01 5.140770e-02 1.659855e-01 7.441978e-01 9.693027e+03 3.263382e+03 2.776182e+02 5.154664e+03 1.146125e+04 2.765634e-03     0 -1.593375e-01    20 9.108996e+01 2.217726e-01 2.335712e-03 
8.870000e+01 5.152020e-02 1.662161e-01 7.459724e-01 9.699766e+03 3.269487e+03 2.771115e+02 5.154664e+03 1.146125e+04 2.774029e-03     0 -1.594412e-01    20 9.105245e+01 2.220987e-01 2.339063e-03 
8.880000e+01 5.163607e-02 1.665851e-01 7.477584e-01 9.706491e+03 3.275602e+03 2.766042e+02 5.154664e+03 1.146125e+04 2.798908e-03     0 -1.584084e-01    20 9.101505e+01 2.225329e-01 2.343310e-03 
8.890000e+01 5.174992e-02 1.668773e-01 7.495446e-01 9.713203e+03 3.281725e+03 2.760968e+02 5.154664e+03 1.146125e+04 2.829925e-03     0 -1.575567e-01    20 9.097765e+01 2.228626e-01 2.347703e-03 
   89 5.185753e-02 1.669740e-01 7.513251e-01 9.719901e+03 3.287858e+03 2.755892e+02 5.190924e+03 1.146637e+04 2.862506e-03     0 -1.571425e-01    20 9.094039e+01 2.229957e-01 2.351207e-03 
8.910000e+01 5.196058e-02 1.669799e-01 7.531054e-01 9.726586e+03 3.294000e+03 2.750814e+02 5.190924e+03 1.146637e+04 2.830539e-03     0 -1.608346e-01    20 9.090359e+01 2.230809e-01 2.353594e-03 
8.920000e+01 5.206789e-02 1.672022e-01 7.549015e-01 9.733257e+03 3.300151e+03 2.745729e+02 5.190924e+03 1.146637e+04 2.839049e-03     0 -1.609428e-01    20 9.086724e+01 2.233978e-01 2.356551e-03 
8.930000e+01 5.217829e-02 1.675573e-01 7.567086e-01 9.739915e+03 3.306312e+03 2.740639e+02 5.190924e+03 1.146637e+04 2.863209e-03     0 -1.599550e-01    20 9.083101e+01 2.238187e-01 2.360348e-03 
8.940000e+01 5.228664e-02 1.678392e-01 7.585160e-01 9.746559e+03 3.312482e+03 2.735547e+02 5.190924e+03 1.146637e+04 2.893178e-03     0 -1.591380e-01    20 9.079478e+01 2.241397e-01 2.364274e-03 
8.950000e+01 5.238891e-02 1.679339e-01 7.603177e-01 9.753189e+03 3.318661e+03 2.730453e+02 5.227709e+03 1.147158e+04 2.924602e-03     0 -1.587405e-01    20 9.075870e+01 2.242722e-01 2.367352e-03 
8.960000e+01 5.248668e-02 1.679409e-01 7.621192e-01 9.759806e+03 3.324849e+03 2.725357e+02 5.227709e+03 1.147158e+04 2.894992e-03     0 -1.622944e-01    20 9.072306e+01 2.243580e-01 2.369366e-03 
8.970000e+01 5.258836e-02 1.681545e-01 7.639357e-01 9.766410e+03 3.331047e+03 2.720254e+02 5.227709e+03 1.147158e+04 2.903593e-03     0 -1.624056e-01    20 9.068786e+01 2.246653e-01 2.371904e-03 
8.980000e+01 5.269284e-02 1.684957e-01 7.657630e-01 9.772999e+03 3.337254e+03 2.715147e+02 5.227709e+03 1.147158e+04 2.926951e-03     0 -1.614617e-01    20 9.065279e+01 2.250725e-01 2.375221e-03 
8.990000e+01 5.279525e-02 1.687672e-01 7.675903e-01 9.779575e+03 3.343470e+03 2.710036e+02 5.227709e+03 1.147158e+04 2.955768e-03     0 -1.606788e-01    20 9.061774e+01 2.253844e-01 2.378649e-03 
   90 5.289175e-02 1.688594e-01 7.694122e-01 9.786137e+03 3.349696e+03 2.704924e+02 5.265019e+03 1.154152e+04 2.985923e-03     0 -1.602979e-01    20 9.058282e+01 2.255157e-01 2.381272e-03 
9.010000e+01 5.291019e-02 1.688670e-01 7.712367e-01 9.792686e+03 3.355931e+03 2.699809e+02 5.265019e+03 1.154152e+04 4.725644e-03     0 -1.637138e-01    20 9.054835e+01 2.256018e-01 2.362600e-03 
9.020000e+01 5.266474e-02 1.690708e-01 7.730968e-01 9.799221e+03 3.362176e+03 2.694688e+02 5.265019e+03 1.154152e+04 5.353628e-03     0 -1.638280e-01    20 9.051430e+01 2.259002e-01 2.257403e-03 
9.030000e+01 5.217738e-02 1.693950e-01 7.750042e-01 9.805742e+03 3.368429e+03 2.689562e+02 5.265019e+03 1.154152e+04 5.530443e-03     0 -1.629289e-01    20 9.048038e+01 2.262949e-01 2.047113e-03 
9.040000e+01 5.154652e-02 1.696518e-01 7.769490e-01 9.812249e+03 3.374693e+03 2.684434e+02 5.265019e+03 1.154152e+04 5.512657e-03     0 -1.621813e-01    20 9.044649e+01 2.265993e-01 1.749207e-03 
9.050000e+01 5.086124e-02 1.697364e-01 7.789111e-01 9.818743e+03 3.380965e+03 2.679304e+02 5.304645e+03 1.154915e+04 5.409823e-03     0 -1.618339e-01 2.003494e+01 9.041283e+01 2.267308e-01 1.396627e-03 
9.060000e+01 5.018099e-02 1.697294e-01 7.808715e-01 9.825224e+03 3.387246e+03 2.674171e+02 5.304645e+03 1.154915e+04 5.292254e-03     0 -1.647084e-01 2.004535e+01 9.037977e+01 2.268050e-01 1.026082e-03 
9.070000e+01 4.953623e-02 1.698743e-01 7.828165e-01 9.831691e+03 3.393536e+03 2.669033e+02 5.304645e+03 1.154915e+04 5.154238e-03     0 -1.647783e-01 2.000359e+01 9.034703e+01 2.270459e-01 6.707867e-04 
9.080000e+01 4.893541e-02 1.701110e-01 7.847183e-01 9.838145e+03 3.399835e+03 2.663890e+02 5.304645e+03 1.154915e+04 5.015044e-03     0 -1.639091e-01    20 9.031428e+01 2.273586e-01 3.578466e-04 
9.090000e+01 4.837281e-02 1.702797e-01 7.865491e-01 9.844586e+03 3.406142e+03 2.658743e+02 5.304645e+03 1.154915e+04 4.881566e-03     0 -1.632412e-01    20 9.028165e+01 2.275850e-01 1.065710e-04 
   91 4.783608e-02 1.702970e-01 7.882914e-01 9.851014e+03 3.412459e+03 2.653594e+02 5.344760e+03 1.155687e+04 4.754666e-03     0 -1.629250e-01    20 9.024927e+01 2.276618e-01 -7.214859e-05 
9.110000e+01 4.731184e-02 1.702426e-01 7.899421e-01 9.857429e+03 3.418783e+03 2.648440e+02 5.344760e+03 1.155687e+04 4.638439e-03     0 -1.655759e-01    20 9.021740e+01 2.277003e-01 -1.754443e-04 
9.120000e+01 4.678899e-02 1.703402e-01 7.915120e-01 9.863832e+03 3.425116e+03 2.643278e+02 5.344760e+03 1.155687e+04 4.520673e-03     0 -1.656558e-01    20 9.018605e+01 2.279053e-01 -2.074017e-04 
9.130000e+01 4.625872e-02 1.705358e-01 7.930035e-01 9.870222e+03 3.431457e+03 2.638109e+02 5.344760e+03 1.155687e+04 4.401269e-03     0 -1.649431e-01    20 9.015500e+01 2.281904e-01 -1.768903e-04 
9.140000e+01 4.571597e-02 1.706848e-01 7.944194e-01 9.876599e+03 3.437807e+03 2.632933e+02 5.344760e+03 1.155687e+04 4.279161e-03     0 -1.643478e-01    20 9.012418e+01 2.284122e-01 -9.564108e-05 
9.150000e+01 4.516031e-02 1.707053e-01 7.957677e-01 9.882964e+03 3.444164e+03 2.627752e+02 5.385357e+03 1.156469e+04 4.153626e-03     0 -1.640568e-01    20 9.009369e+01 2.285063e-01 2.330558e-05 
9.160000e+01 4.460338e-02 1.706654e-01 7.970642e-01 9.889316e+03 3.450529e+03 2.622563e+02 5.385357e+03 1.156469e+04 3.848774e-03     0 -1.665924e-01    20 9.006374e+01 2.285706e-01 1.688774e-04 
9.170000e+01 4.407235e-02 1.707719e-01 7.983299e-01 9.895657e+03 3.456902e+03 2.617365e+02 5.385357e+03 1.156469e+04 3.656073e-03     0 -1.666956e-01    20 9.003434e+01 2.287937e-01 3.354660e-04 
9.180000e+01 4.357284e-02 1.709712e-01 7.995727e-01 9.901986e+03 3.463283e+03 2.612158e+02 5.385357e+03 1.156469e+04 3.509238e-03     0 -1.660515e-01    20 9.000526e+01 2.290921e-01 5.144443e-04 
9.190000e+01 4.310221e-02 1.711259e-01 8.007971e-01 9.908303e+03 3.469671e+03 2.606944e+02 5.385357e+03 1.156469e+04 3.383699e-03     0 -1.655188e-01    20 8.997643e+01 2.293293e-01 6.958473e-04 
   92 4.265870e-02 1.711579e-01 8.020098e-01 9.914608e+03 3.476066e+03 2.601722e+02 5.426422e+03 1.157260e+04 3.270044e-03     0 -1.652725e-01    20 8.994793e+01 2.294438e-01 8.705602e-04 
9.210000e+01 4.225569e-02 1.711316e-01 8.032219e-01 9.920902e+03 3.482469e+03 2.596493e+02 5.426422e+03 1.157260e+04 2.870295e-03     0 -1.677097e-01    20 8.991997e+01 2.295282e-01 1.034635e-03 
9.220000e+01 4.192867e-02 1.712431e-01 8.044460e-01 9.927185e+03 3.488878e+03 2.591254e+02 5.426422e+03 1.157260e+04 2.669434e-03     0 -1.678350e-01    20 8.989252e+01 2.297612e-01 1.193930e-03 
9.230000e+01 4.167657e-02 1.714421e-01 8.056823e-01 9.933456e+03 3.495295e+03 2.586006e+02 5.426422e+03 1.157260e+04 2.553901e-03     0 -1.672472e-01    20 8.986539e+01 2.300637e-01 1.348620e-03 
9.240000e+01 4.148395e-02 1.715986e-01 8.069283e-01 9.939717e+03 3.501719e+03 2.580750e+02 5.426422e+03 1.157260e+04 2.479907e-03     0 -1.667613e-01    20 8.983848e+01 2.303066e-01 1.494922e-03 
9.250000e+01 4.133634e-02 1.716386e-01 8.081847e-01 9.945966e+03 3.508150e+03 2.575487e+02 5.467946e+03 1.158059e+04 2.428928e-03     0 -1.665446e-01    20 8.981188e+01 2.304316e-01 1.628206e-03 
9.260000e+01 4.123656e-02 1.716227e-01 8.094568e-01 9.952204e+03 3.514588e+03 2.570217e+02 5.467946e+03 1.158059e+04 2.089733e-03     0 -1.688732e-01    20 8.978578e+01 2.305261e-01 1.747865e-03 
9.270000e+01 4.121221e-02 1.717368e-01 8.107525e-01 9.958432e+03 3.521032e+03 2.564937e+02 5.467946e+03 1.158059e+04 1.957224e-03     0 -1.690084e-01    20 8.976015e+01 2.307591e-01 1.862413e-03 
9.280000e+01 4.125574e-02 1.719335e-01 8.120690e-01 9.964648e+03 3.527484e+03 2.559649e+02 5.467946e+03 1.158059e+04 1.912303e-03     0 -1.684644e-01 2.000635e+01 8.973481e+01 2.310567e-01 1.973724e-03 
9.290000e+01 4.134679e-02 1.720914e-01 8.134017e-01 9.970854e+03 3.533942e+03 2.554353e+02 5.467946e+03 1.158059e+04 1.908340e-03     0 -1.680665e-01 2.001607e+01 8.970977e+01 2.312981e-01 2.078903e-03 
   93 4.146748e-02 1.721444e-01 8.147497e-01 9.977049e+03 3.540407e+03 2.549052e+02 5.509919e+03 1.158867e+04 1.925084e-03     0 -1.678592e-01    20 8.968493e+01 2.314320e-01 2.173676e-03 
9.310000e+01 4.161700e-02 1.721457e-01 8.161171e-01 9.983233e+03 3.546879e+03 2.543743e+02 5.509919e+03 1.158867e+04 1.685492e-03     0 -1.700506e-01    20 8.966049e+01 2.315358e-01 2.257066e-03 
9.320000e+01 4.181784e-02 1.722659e-01 8.175107e-01 9.989406e+03 3.553358e+03 2.538426e+02 5.509919e+03 1.158867e+04 1.625968e-03     0 -1.701578e-01    20 8.963647e+01 2.317654e-01 2.336115e-03 
9.330000e+01 4.206284e-02 1.724591e-01 8.189273e-01 9.995568e+03 3.559844e+03 2.533102e+02 5.509919e+03 1.158867e+04 1.640326e-03     0 -1.696480e-01    20 8.961269e+01 2.320503e-01 2.412147e-03 
9.340000e+01 4.233411e-02 1.726110e-01 8.203624e-01 1.000172e+04 3.566337e+03 2.527771e+02 5.509919e+03 1.158867e+04 1.687180e-03     0 -1.692344e-01    20 8.958908e+01 2.322775e-01 2.482376e-03 
9.350000e+01 4.261641e-02 1.726576e-01 8.218146e-01 1.000786e+04 3.572838e+03 2.522435e+02 5.552334e+03 1.159683e+04 1.748672e-03     0 -1.690565e-01    20 8.956571e+01 2.323975e-01 2.542939e-03 
9.360000e+01 4.290924e-02 1.726539e-01 8.232873e-01 1.001399e+04 3.579345e+03 2.517093e+02 5.552334e+03 1.159683e+04 1.595737e-03     0 -1.711519e-01    20 8.954274e+01 2.324890e-01 2.592870e-03 
9.370000e+01 4.323197e-02 1.727657e-01 8.247870e-01 1.002011e+04 3.585860e+03 2.511743e+02 5.552334e+03 1.159683e+04 1.588221e-03     0 -1.712834e-01    20 8.952017e+01 2.327034e-01 2.638063e-03 
9.380000e+01 4.357930e-02 1.729514e-01 8.263106e-01 1.002621e+04 3.592382e+03 2.506387e+02 5.552334e+03 1.159683e+04 1.638905e-03     0 -1.708050e-01    20 8.949781e+01 2.329750e-01 2.679818e-03 
9.390000e+01 4.393710e-02 1.731016e-01 8.278529e-01 1.003231e+04 3.598911e+03 2.501025e+02 5.552334e+03 1.159683e+04 1.713676e-03     0 -1.704074e-01    20 8.947561e+01 2.331952e-01 2.716167e-03 
   94 4.429339e-02 1.731536e-01 8.294115e-01 1.003839e+04 3.605448e+03 2.495658e+02 5.595187e+03 1.160508e+04 1.797903e-03     0 -1.702346e-01    20 8.945360e+01 2.333146e-01 2.744317e-03 
9.410000e+01 4.464792e-02 1.731573e-01 8.309890e-01 1.004447e+04 3.611992e+03 2.490286e+02 5.595187e+03 1.160508e+04 1.714586e-03     0 -1.722093e-01    20 8.943197e+01 2.334058e-01 2.763749e-03 
9.420000e+01 4.501610e-02 1.732683e-01 8.325912e-01 1.005053e+04 3.618544e+03 2.484907e+02 5.595187e+03 1.160508e+04 1.741197e-03     0 -1.723372e-01    20 8.941068e+01 2.336108e-01 2.779292e-03 
9.430000e+01 4.539415e-02 1.734479e-01 8.342149e-01 1.005658e+04 3.625103e+03 2.479522e+02 5.595187e+03 1.160508e+04 1.810500e-03     0 -1.718903e-01    20 8.938959e+01 2.338687e-01 2.792253e-03 
9.440000e+01 4.577138e-02 1.735952e-01 8.358546e-01 1.006262e+04 3.631671e+03 2.474132e+02 5.595187e+03 1.160508e+04 1.896228e-03     0 -1.715490e-01 2.002678e+01 8.936870e+01 2.340792e-01 2.801416e-03 
9.450000e+01 4.613886e-02 1.736540e-01 8.375074e-01 1.006865e+04 3.638246e+03 2.468738e+02 5.638475e+03 1.161342e+04 1.987150e-03     0 -1.714319e-01 2.003181e+01 8.934813e+01 2.341979e-01 2.804896e-03 
9.460000e+01 4.649646e-02 1.736723e-01 8.391755e-01 1.007466e+04 3.644829e+03 2.463339e+02 5.638475e+03 1.161342e+04 1.956255e-03     0 -1.732700e-01    20 8.932776e+01 2.342943e-01 2.802437e-03 
9.470000e+01 4.685553e-02 1.737903e-01 8.408641e-01 1.008066e+04 3.651420e+03 2.457935e+02 5.638475e+03 1.161342e+04 2.002158e-03     0 -1.733384e-01    20 8.930759e+01 2.344951e-01 2.797589e-03 
9.480000e+01 4.721358e-02 1.739658e-01 8.425699e-01 1.008666e+04 3.658019e+03 2.452526e+02 5.638475e+03 1.161342e+04 2.076672e-03     0 -1.728958e-01    20 8.928757e+01 2.347384e-01 2.791399e-03 
9.490000e+01 4.756314e-02 1.741035e-01 8.442874e-01 1.009264e+04 3.664626e+03 2.447112e+02 5.638475e+03 1.161342e+04 2.160989e-03     0 -1.725490e-01    20 8.926766e+01 2.349302e-01 2.783104e-03 
   95 4.789804e-02 1.741510e-01 8.460135e-01 1.009860e+04 3.671242e+03 2.441696e+02 5.682194e+03 1.162183e+04 2.247132e-03     0 -1.724040e-01    20 8.924790e+01 2.350304e-01 2.771459e-03 
9.510000e+01 4.821841e-02 1.741547e-01 8.477502e-01 1.010456e+04 3.677866e+03 2.436275e+02 5.682194e+03 1.162183e+04 2.250976e-03     0 -1.741425e-01    20 8.922845e+01 2.351053e-01 2.756283e-03 
9.520000e+01 4.853244e-02 1.742522e-01 8.495030e-01 1.011050e+04 3.684498e+03 2.430849e+02 5.682194e+03 1.162183e+04 2.303702e-03     0 -1.742547e-01    20 8.920929e+01 2.352808e-01 2.739942e-03 
9.530000e+01 4.883884e-02 1.744103e-01 8.512692e-01 1.011643e+04 3.691138e+03 2.425419e+02 5.682194e+03 1.162183e+04 2.373602e-03     0 -1.738590e-01    20 8.919029e+01 2.355039e-01 2.723162e-03 
9.540000e+01 4.913283e-02 1.745395e-01 8.530436e-01 1.012235e+04 3.697787e+03 2.419984e+02 5.682194e+03 1.162183e+04 2.448331e-03     0 -1.735269e-01    20 8.917140e+01 2.356855e-01 2.705492e-03 
9.550000e+01 4.941061e-02 1.745879e-01 8.548230e-01 1.012826e+04 3.704445e+03 2.414547e+02 5.726338e+03 1.163033e+04 2.522654e-03     0 -1.733800e-01    20 8.915266e+01 2.357845e-01 2.686170e-03 
9.560000e+01 4.967252e-02 1.745957e-01 8.566089e-01 1.013415e+04 3.711111e+03 2.409106e+02 5.726338e+03 1.163033e+04 2.546066e-03     0 -1.749957e-01    20 8.913420e+01 2.358596e-01 2.665084e-03 
9.570000e+01 4.992419e-02 1.746898e-01 8.584070e-01 1.014003e+04 3.717786e+03 2.403659e+02 5.726338e+03 1.163033e+04 2.597105e-03     0 -1.751020e-01    20 8.911602e+01 2.360268e-01 2.643660e-03 
9.580000e+01 5.016516e-02 1.748392e-01 8.602148e-01 1.014590e+04 3.724469e+03 2.398209e+02 5.726338e+03 1.163033e+04 2.656883e-03     0 -1.747370e-01    20 8.909798e+01 2.362373e-01 2.622366e-03 
9.590000e+01 5.039271e-02 1.749613e-01 8.620274e-01 1.015175e+04 3.731161e+03 2.392754e+02 5.726338e+03 1.163033e+04 2.718072e-03     0 -1.744307e-01    20 8.908005e+01 2.364086e-01 2.600982e-03 
   96 5.060477e-02 1.750079e-01 8.638419e-01 1.015760e+04 3.737862e+03 2.387297e+02 5.770904e+03 1.163891e+04 2.777580e-03     0 -1.742957e-01    20 8.906226e+01 2.365027e-01 2.579115e-03 
9.610000e+01 5.080181e-02 1.750165e-01 8.656597e-01 1.016343e+04 3.744572e+03 2.381837e+02 5.770904e+03 1.163891e+04 2.810478e-03     0 -1.757968e-01    20 8.904473e+01 2.365742e-01 2.556698e-03 
9.620000e+01 5.098739e-02 1.751046e-01 8.674862e-01 1.016924e+04 3.751291e+03 2.376371e+02 5.770904e+03 1.163891e+04 2.855274e-03     0 -1.758975e-01    20 8.902747e+01 2.367309e-01 2.534437e-03 
9.630000e+01 5.116157e-02 1.752438e-01 8.693194e-01 1.017505e+04 3.758018e+03 2.370902e+02 5.770904e+03 1.163891e+04 2.902809e-03     0 -1.755605e-01    20 8.901035e+01 2.369275e-01 2.512593e-03 
9.640000e+01 5.132311e-02 1.753576e-01 8.711548e-01 1.018084e+04 3.764755e+03 2.365429e+02 5.770904e+03 1.163891e+04 2.949542e-03     0 -1.752774e-01    20 8.899333e+01 2.370878e-01 2.491111e-03 
9.650000e+01 5.147115e-02 1.754015e-01 8.729897e-01 1.018662e+04 3.771500e+03 2.359954e+02 5.815884e+03 1.164757e+04 2.993995e-03     0 -1.751535e-01 2.000027e+01 8.897644e+01 2.371767e-01 2.469866e-03 
9.660000e+01 5.160618e-02 1.754107e-01 8.748254e-01 1.019238e+04 3.778255e+03 2.354475e+02 5.815884e+03 1.164757e+04 3.029968e-03     0 -1.765889e-01 2.001171e+01 8.895988e+01 2.372452e-01 2.448825e-03 
9.670000e+01 5.173019e-02 1.754963e-01 8.766674e-01 1.019813e+04 3.785018e+03 2.348992e+02 5.815884e+03 1.164757e+04 3.066653e-03     0 -1.766679e-01    20 8.894352e+01 2.373952e-01 2.428167e-03 
9.680000e+01 5.184352e-02 1.756296e-01 8.785138e-01 1.020387e+04 3.791790e+03 2.343504e+02 5.815884e+03 1.164757e+04 3.101992e-03     0 -1.763291e-01    20 8.892727e+01 2.375821e-01 2.407999e-03 
9.690000e+01 5.194589e-02 1.757370e-01 8.803603e-01 1.020960e+04 3.798572e+03 2.338014e+02 5.815884e+03 1.164757e+04 3.135196e-03     0 -1.760575e-01    20 8.891111e+01 2.377329e-01 2.388385e-03 
   97 5.203727e-02 1.757770e-01 8.822044e-01 1.021531e+04 3.805362e+03 2.332521e+02 5.861270e+03 1.165631e+04 3.165948e-03     0 -1.759464e-01    20 8.889508e+01 2.378149e-01 2.369398e-03 
9.710000e+01 5.211807e-02 1.757823e-01 8.840474e-01 1.022101e+04 3.812161e+03 2.327025e+02 5.861270e+03 1.165631e+04 3.201661e-03     0 -1.772284e-01    20 8.887930e+01 2.378759e-01 2.351030e-03 
9.720000e+01 5.218898e-02 1.758539e-01 8.858944e-01 1.022669e+04 3.818970e+03 2.321525e+02 5.861270e+03 1.165631e+04 3.230165e-03     0 -1.773207e-01    20 8.886375e+01 2.380087e-01 2.333079e-03 
9.730000e+01 5.225055e-02 1.759690e-01 8.877441e-01 1.023236e+04 3.825787e+03 2.316021e+02 5.861270e+03 1.165631e+04 3.254558e-03     0 -1.770388e-01    20 8.884835e+01 2.381762e-01 2.315540e-03 
9.740000e+01 5.230319e-02 1.760632e-01 8.895927e-01 1.023802e+04 3.832614e+03 2.310513e+02 5.861270e+03 1.165631e+04 3.276052e-03     0 -1.768008e-01    20 8.883306e+01 2.383141e-01 2.298570e-03 
9.750000e+01 5.234742e-02 1.760987e-01 8.914379e-01 1.024367e+04 3.839450e+03 2.305003e+02 5.907054e+03 1.166512e+04 3.295160e-03     0 -1.766973e-01    20 8.881790e+01 2.383922e-01 2.282384e-03 
9.760000e+01 5.238355e-02 1.761040e-01 8.932810e-01 1.024930e+04 3.846294e+03 2.299490e+02 5.907054e+03 1.166512e+04 3.329072e-03     0 -1.778659e-01    20 8.880298e+01 2.384525e-01 2.267003e-03 
9.770000e+01 5.241125e-02 1.761700e-01 8.951265e-01 1.025492e+04 3.853148e+03 2.293973e+02 5.907054e+03 1.166512e+04 3.350255e-03     0 -1.779512e-01    20 8.878829e+01 2.385782e-01 2.251957e-03 
9.780000e+01 5.243114e-02 1.762753e-01 8.969734e-01 1.026052e+04 3.860011e+03 2.288452e+02 5.907054e+03 1.166512e+04 3.365493e-03     0 -1.776974e-01    20 8.877374e+01 2.387351e-01 2.237171e-03 
9.790000e+01 5.244406e-02 1.763612e-01 8.988183e-01 1.026612e+04 3.866883e+03 2.282927e+02 5.907054e+03 1.166512e+04 3.377415e-03     0 -1.774844e-01    20 8.875931e+01 2.388645e-01 2.222874e-03 
   98 5.245089e-02 1.763934e-01 9.006591e-01 1.027169e+04 3.873764e+03 2.277400e+02 5.953228e+03 1.167401e+04 3.387120e-03     0 -1.773945e-01    20 8.874501e+01 2.389394e-01 2.209396e-03 
9.810000e+01 5.245179e-02 1.763978e-01 9.024970e-01 1.027726e+04 3.880654e+03 2.271869e+02 5.953228e+03 1.167401e+04 3.419288e-03     0 -1.784596e-01    20 8.873095e+01 2.389975e-01 2.196776e-03 
9.820000e+01 5.244560e-02 1.764569e-01 9.043361e-01 1.028281e+04 3.887553e+03 2.266335e+02 5.953228e+03 1.167401e+04 3.434552e-03     0 -1.785418e-01    20 8.871711e+01 2.391149e-01 2.184341e-03 
9.830000e+01 5.243297e-02 1.765517e-01 9.061757e-01 1.028835e+04 3.894461e+03 2.260796e+02 5.953228e+03 1.167401e+04 3.442518e-03     0 -1.783159e-01    20 8.870341e+01 2.392604e-01 2.171970e-03 
9.840000e+01 5.241505e-02 1.766290e-01 9.080127e-01 1.029387e+04 3.901378e+03 2.255254e+02 5.953228e+03 1.167401e+04 3.446907e-03     0 -1.781323e-01 2.001517e+01 8.868985e+01 2.393812e-01 2.159954e-03 
9.850000e+01 5.239300e-02 1.766596e-01 9.098454e-01 1.029938e+04 3.908304e+03 2.249709e+02 5.999781e+03 1.168297e+04 3.449241e-03     0 -1.781176e-01 2.002732e+01 8.867658e+01 2.394543e-01 2.148710e-03 
9.860000e+01 5.236688e-02 1.766712e-01 9.116749e-01 1.030488e+04 3.915239e+03 2.244161e+02 5.999781e+03 1.168297e+04 3.480210e-03     0 -1.790736e-01    20 8.866346e+01 2.395181e-01 2.138303e-03 
9.870000e+01 5.233479e-02 1.767335e-01 9.135050e-01 1.031036e+04 3.922182e+03 2.238609e+02 5.999781e+03 1.168297e+04 3.490964e-03     0 -1.790982e-01    20 8.865045e+01 2.396352e-01 2.127910e-03 
9.880000e+01 5.229732e-02 1.768228e-01 9.153345e-01 1.031584e+04 3.929135e+03 2.233054e+02 5.999781e+03 1.168297e+04 3.493325e-03     0 -1.788773e-01    20 8.863757e+01 2.397720e-01 2.117380e-03 
9.890000e+01 5.225586e-02 1.768908e-01 9.171608e-01 1.032129e+04 3.936097e+03 2.227495e+02 5.999781e+03 1.168297e+04 3.491882e-03     0 -1.787155e-01    20 8.862479e+01 2.398812e-01 2.107068e-03 
   99 5.221176e-02 1.769120e-01 9.189822e-01 1.032674e+04 3.943068e+03 2.221933e+02 6.046702e+03 1.169200e+04 3.488532e-03     0 -1.786589e-01    20 8.861216e+01 2.399435e-01 2.097479e-03 
9.910000e+01 5.216490e-02 1.769098e-01 9.207998e-01 1.033217e+04 3.950047e+03 2.216369e+02 6.046702e+03 1.169200e+04 3.519138e-03     0 -1.795285e-01    20 8.859975e+01 2.399922e-01 2.088700e-03 
9.920000e+01 5.211284e-02 1.769518e-01 9.226172e-01 1.033758e+04 3.957036e+03 2.210800e+02 6.046702e+03 1.169200e+04 3.526571e-03     0 -1.796036e-01    20 8.858756e+01 2.400893e-01 2.079773e-03 
9.930000e+01 5.205619e-02 1.770232e-01 9.244338e-01 1.034299e+04 3.964033e+03 2.205227e+02 6.046702e+03 1.169200e+04 3.524650e-03     0 -1.794287e-01    20 8.857551e+01 2.402104e-01 2.070528e-03 
9.940000e+01 5.199662e-02 1.770815e-01 9.262472e-01 1.034838e+04 3.971039e+03 2.199651e+02 6.046702e+03 1.169200e+04 3.518698e-03     0 -1.792832e-01    20 8.856359e+01 2.403128e-01 2.061372e-03 
9.950000e+01 5.193564e-02 1.771015e-01 9.280559e-01 1.035375e+04 3.978054e+03 2.194072e+02 6.093982e+03 1.170110e+04 3.510930e-03     0 -1.792281e-01    20 8.855182e+01 2.403763e-01 2.052890e-03 
9.960000e+01 5.187298e-02 1.771013e-01 9.298606e-01 1.035912e+04 3.985077e+03 2.188490e+02 6.093982e+03 1.170110e+04 3.541657e-03     0 -1.799974e-01    20 8.854026e+01 2.404276e-01 2.045189e-03 
9.970000e+01 5.180565e-02 1.771394e-01 9.316644e-01 1.036446e+04 3.992110e+03 2.182903e+02 6.093982e+03 1.170110e+04 3.546674e-03     0 -1.800701e-01    20 8.852891e+01 2.405205e-01 2.037210e-03 
9.980000e+01 5.173428e-02 1.772028e-01 9.334668e-01 1.036980e+04 3.999151e+03 2.177312e+02 6.093982e+03 1.170110e+04 3.541469e-03     0 -1.799242e-01    20 8.851772e+01 2.406337e-01 2.028772e-03 
9.990000e+01 5.166071e-02 1.772543e-01 9.352659e-01 1.037512e+04 4.006201e+03 2.171718e+02 6.093982e+03 1.170110e+04 3.532011e-03     0 -1.798040e-01    20 8.850665e+01 2.407299e-01 2.020334e-03 
  100 5.158665e-02 1.772720e-01 9.370602e-01 1.038043e+04 4.013259e+03 2.166121e+02 6.141610e+03 1.171027e+04 3.520780e-03     0 -1.797630e-01    20 8.849573e+01 2.407915e-01 2.012549e-03 
1.001000e+02 5.151167e-02 1.772716e-01 9.388503e-01 1.038573e+04 4.020327e+03 2.160521e+02 6.141610e+03 1.171027e+04 3.552494e-03     0 -1.804502e-01 2.000663e+01 8.848502e+01 2.408419e-01 2.005540e-03 
1.002000e+02 5.143233e-02 1.773057e-01 9.406391e-01 1.039101e+04 4.027402e+03 2.154916e+02 6.141610e+03 1.171027e+04 3.555878e-03     0 -1.805652e-01 2.001709e+01 8.847461e+01 2.409295e-01 1.998140e-03 
1.003000e+02 5.134926e-02 1.773663e-01 9.424262e-01 1.039628e+04 4.034487e+03 2.149307e+02 6.141610e+03 1.171027e+04 3.548142e-03     0 -1.804362e-01    20 8.846429e+01 2.410389e-01 1.990149e-03 
1.004000e+02 5.126453e-02 1.774183e-01 9.442100e-01 1.040154e+04 4.041580e+03 2.143695e+02 6.141610e+03 1.171027e+04 3.535880e-03     0 -1.802958e-01    20 8.845405e+01 2.411341e-01 1.982078e-03 
1.005000e+02 5.117995e-02 1.774376e-01 9.459887e-01 1.040678e+04 4.048681e+03 2.138080e+02 6.189574e+03 1.171951e+04 3.521842e-03     0 -1.802579e-01    20 8.844395e+01 2.411954e-01 1.974647e-03 
1.006000e+02 5.109502e-02 1.774374e-01 9.477630e-01 1.041201e+04 4.055792e+03 2.132461e+02 6.189574e+03 1.171951e+04 3.554902e-03     0 -1.808439e-01    20 8.843403e+01 2.412429e-01 1.967997e-03 
1.007000e+02 5.100576e-02 1.774628e-01 9.495351e-01 1.041722e+04 4.062910e+03 2.126839e+02 6.189574e+03 1.171951e+04 3.557178e-03     0 -1.809157e-01    20 8.842430e+01 2.413187e-01 1.960862e-03 
1.008000e+02 5.091284e-02 1.775060e-01 9.513050e-01 1.042243e+04 4.070037e+03 2.121213e+02 6.189574e+03 1.171951e+04 3.547397e-03     0 -1.808232e-01    20 8.841473e+01 2.414090e-01 1.953031e-03 
1.009000e+02 5.081857e-02 1.775406e-01 9.530712e-01 1.042762e+04 4.077173e+03 2.115583e+02 6.189574e+03 1.171951e+04 3.532779e-03     0 -1.807466e-01    20 8.840529e+01 2.414872e-01 1.945062e-03 
  101 5.072499e-02 1.775508e-01 9.548327e-01 1.043279e+04 4.084317e+03 2.109951e+02 6.237863e+03 1.172880e+04 3.516332e-03     0 -1.807270e-01    20 8.839600e+01 2.415408e-01 1.937741e-03 
1.011000e+02 5.063155e-02 1.775480e-01 9.565897e-01 1.043796e+04 4.091469e+03 2.104315e+02 6.237863e+03 1.172880e+04 3.550740e-03     0 -1.812270e-01    20 8.838689e+01 2.415863e-01 1.931229e-03 
1.012000e+02 5.053383e-02 1.775691e-01 9.583443e-01 1.044310e+04 4.098630e+03 2.098674e+02 6.237863e+03 1.172880e+04 3.552091e-03     0 -1.812902e-01    20 8.837797e+01 2.416577e-01 1.924171e-03 
1.013000e+02 5.043253e-02 1.776062e-01 9.600962e-01 1.044824e+04 4.105799e+03 2.093031e+02 6.237863e+03 1.172880e+04 3.540547e-03     0 -1.812164e-01    20 8.836921e+01 2.417420e-01 1.916345e-03 
1.014000e+02 5.033014e-02 1.776362e-01 9.618444e-01 1.045336e+04 4.112977e+03 2.087383e+02 6.237863e+03 1.172880e+04 3.523884e-03     0 -1.811588e-01    20 8.836058e+01 2.418158e-01 1.908357e-03 
1.015000e+02 5.022887e-02 1.776456e-01 9.635877e-01 1.045848e+04 4.120162e+03 2.081732e+02 6.286467e+03 1.173816e+04 3.505341e-03     0 -1.811511e-01    20 8.835209e+01 2.418684e-01 1.901051e-03 
1.016000e+02 5.012809e-02 1.776435e-01 9.653264e-01 1.046357e+04 4.127356e+03 2.076078e+02 6.286467e+03 1.173816e+04 3.541349e-03     0 -1.815693e-01    20 8.834378e+01 2.419134e-01 1.894599e-03 
1.017000e+02 5.002296e-02 1.776604e-01 9.670622e-01 1.046866e+04 4.134558e+03 2.070420e+02 6.286467e+03 1.173816e+04 3.542028e-03     0 -1.816310e-01    20 8.833565e+01 2.419790e-01 1.887553e-03 
1.018000e+02 4.991421e-02 1.776905e-01 9.687950e-01 1.047373e+04 4.141769e+03 2.064759e+02 6.286467e+03 1.173816e+04 3.528978e-03     0 -1.816010e-01 2.002131e+01 8.832771e+01 2.420549e-01 1.879675e-03 
1.019000e+02 4.980459e-02 1.777179e-01 9.705239e-01 1.047879e+04 4.148987e+03 2.059094e+02 6.286467e+03 1.173816e+04 3.510482e-03     0 -1.816250e-01 2.003421e+01 8.832007e+01 2.421250e-01 1.871606e-03 
  102 4.969652e-02 1.777357e-01 9.722485e-01 1.048383e+04 4.156214e+03 2.053425e+02 6.335373e+03 1.174757e+04 3.490046e-03     0 -1.816243e-01 2.000940e+01 8.831252e+01 2.421842e-01 1.864244e-03 
1.021000e+02 4.958922e-02 1.777465e-01 9.739684e-01 1.048886e+04 4.163449e+03 2.047753e+02 6.335373e+03 1.174757e+04 3.527756e-03     0 -1.818796e-01    20 8.830497e+01 2.422380e-01 1.857775e-03 
1.022000e+02 4.947747e-02 1.777652e-01 9.756845e-01 1.049388e+04 4.170692e+03 2.042078e+02 6.335373e+03 1.174757e+04 3.527863e-03     0 -1.819229e-01    20 8.829755e+01 2.422996e-01 1.850670e-03 
1.023000e+02 4.936198e-02 1.777866e-01 9.773969e-01 1.049889e+04 4.177943e+03 2.036400e+02 6.335373e+03 1.174757e+04 3.513395e-03     0 -1.818990e-01    20 8.829027e+01 2.423623e-01 1.842680e-03 
1.024000e+02 4.924567e-02 1.778001e-01 9.791051e-01 1.050388e+04 4.185202e+03 2.030719e+02 6.335373e+03 1.174757e+04 3.493216e-03     0 -1.818883e-01    20 8.828312e+01 2.424156e-01 1.834490e-03 
1.025000e+02 4.913114e-02 1.777999e-01 9.808083e-01 1.050886e+04 4.192469e+03 2.025034e+02 6.384572e+03 1.175704e+04 3.471013e-03     0 -1.819046e-01    20 8.827611e+01 2.424556e-01 1.827051e-03 
1.026000e+02 4.901762e-02 1.777930e-01 9.825067e-01 1.051383e+04 4.199744e+03 2.019346e+02 6.384572e+03 1.175704e+04 3.510022e-03     0 -1.821623e-01    20 8.826927e+01 2.424916e-01 1.820563e-03 
1.027000e+02 4.889958e-02 1.777974e-01 9.842013e-01 1.051878e+04 4.207027e+03 2.013655e+02 6.384572e+03 1.175704e+04 3.509562e-03     0 -1.822139e-01    20 8.826259e+01 2.425404e-01 1.813408e-03 
1.028000e+02 4.877782e-02 1.778099e-01 9.858923e-01 1.052372e+04 4.214318e+03 2.007960e+02 6.384572e+03 1.175704e+04 3.493791e-03     0 -1.822011e-01    20 8.825605e+01 2.425959e-01 1.805330e-03 
1.029000e+02 4.865542e-02 1.778198e-01 9.875790e-01 1.052865e+04 4.221616e+03 2.002261e+02 6.384572e+03 1.175704e+04 3.472036e-03     0 -1.821966e-01    20 8.824964e+01 2.426474e-01 1.797045e-03 
  103 4.853510e-02 1.778208e-01 9.892609e-01 1.053357e+04 4.228923e+03 1.996560e+02 6.434051e+03 1.176657e+04 3.448195e-03     0 -1.822165e-01    20 8.824338e+01 2.426896e-01 1.789550e-03 
1.031000e+02 4.841606e-02 1.778164e-01 9.909378e-01 1.053847e+04 4.236237e+03 1.990855e+02 6.434051e+03 1.176657e+04 3.488366e-03     0 -1.823992e-01    20 8.823727e+01 2.427277e-01 1.783057e-03 
1.032000e+02 4.829242e-02 1.778183e-01 9.926104e-01 1.054336e+04 4.243559e+03 1.985147e+02 6.434051e+03 1.176657e+04 3.487335e-03     0 -1.824508e-01    20 8.823131e+01 2.427729e-01 1.775881e-03 
1.033000e+02 4.816503e-02 1.778251e-01 9.942790e-01 1.054824e+04 4.250889e+03 1.979435e+02 6.434051e+03 1.176657e+04 3.470339e-03     0 -1.824608e-01    20 8.822550e+01 2.428219e-01 1.767752e-03 
1.034000e+02 4.803714e-02 1.778303e-01 9.959432e-01 1.055310e+04 4.258227e+03 1.973720e+02 6.434051e+03 1.176657e+04 3.447127e-03     0 -1.824757e-01    20 8.821982e+01 2.428681e-01 1.759419e-03 
1.035000e+02 4.791160e-02 1.778300e-01 9.976026e-01 1.055795e+04 4.265572e+03 1.968001e+02 6.483800e+03 1.177615e+04 3.421776e-03     0 -1.825059e-01    20 8.821427e+01 2.429084e-01 1.751918e-03 
1.036000e+02 4.778756e-02 1.778261e-01 9.992569e-01 1.056279e+04 4.272925e+03 1.962279e+02 6.483800e+03 1.177615e+04 3.463109e-03     0 -1.826170e-01    20 8.820887e+01 2.429456e-01 1.745467e-03 
1.037000e+02 4.765885e-02 1.778246e-01 1.000906e+00 1.056762e+04 4.280285e+03 1.956554e+02 6.483800e+03 1.177615e+04 3.461583e-03     0 -1.826659e-01    20 8.820361e+01 2.429853e-01 1.738309e-03 
1.038000e+02 4.752635e-02 1.778252e-01 1.002552e+00 1.057243e+04 4.287654e+03 1.950826e+02 6.483800e+03 1.177615e+04 3.443467e-03     0 -1.826950e-01    20 8.819849e+01 2.430267e-01 1.730165e-03 
1.039000e+02 4.739347e-02 1.778254e-01 1.004193e+00 1.057724e+04 4.295029e+03 1.945094e+02 6.483800e+03 1.177615e+04 3.418911e-03     0 -1.827262e-01    20 8.819351e+01 2.430669e-01 1.721807e-03 
  104 4.726318e-02 1.778236e-01 1.005829e+00 1.058202e+04 4.302413e+03 1.939359e+02 6.533809e+03 1.178577e+04 3.392162e-03     0 -1.827650e-01    20 8.818866e+01 2.431045e-01 1.714309e-03 
1.041000e+02 4.713462e-02 1.778197e-01 1.007459e+00 1.058680e+04 4.309803e+03 1.933620e+02 6.533809e+03 1.178577e+04 3.434481e-03     0 -1.828065e-01    20 8.818394e+01 2.431398e-01 1.707899e-03 
1.042000e+02 4.700134e-02 1.778145e-01 1.009085e+00 1.059157e+04 4.317202e+03 1.927879e+02 6.533809e+03 1.178577e+04 3.432465e-03     0 -1.828523e-01    20 8.817935e+01 2.431737e-01 1.700759e-03 
1.043000e+02 4.686423e-02 1.778089e-01 1.010706e+00 1.059632e+04 4.324607e+03 1.922134e+02 6.533809e+03 1.178577e+04 3.413316e-03     0 -1.829222e-01 2.003552e+01 8.817500e+01 2.432069e-01 1.692599e-03 
1.044000e+02 4.672691e-02 1.778079e-01 1.012323e+00 1.060106e+04 4.332020e+03 1.916386e+02 6.533809e+03 1.178577e+04 3.387518e-03     0 -1.830685e-01 2.005945e+01 8.817102e+01 2.432440e-01 1.684211e-03 
1.045000e+02 4.659253e-02 1.778197e-01 1.013936e+00 1.060578e+04 4.339441e+03 1.910635e+02 6.584066e+03 1.179545e+04 3.359501e-03     0 -1.831486e-01 2.004809e+01 8.816719e+01 2.432926e-01 1.676701e-03 
1.046000e+02 4.646018e-02 1.778403e-01 1.015543e+00 1.061050e+04 4.346869e+03 1.904881e+02 6.584066e+03 1.179545e+04 3.402787e-03     0 -1.830527e-01 2.000497e+01 8.816328e+01 2.433466e-01 1.670306e-03 
1.047000e+02 4.632303e-02 1.778508e-01 1.017145e+00 1.061520e+04 4.354304e+03 1.899125e+02 6.584066e+03 1.179545e+04 3.400399e-03     0 -1.829697e-01    20 8.815925e+01 2.433874e-01 1.663159e-03 
1.048000e+02 4.618193e-02 1.778424e-01 1.018742e+00 1.061989e+04 4.361746e+03 1.893366e+02 6.584066e+03 1.179545e+04 3.380323e-03     0 -1.830322e-01    20 8.815533e+01 2.434094e-01 1.654971e-03 
1.049000e+02 4.604059e-02 1.778247e-01 1.020333e+00 1.062457e+04 4.369196e+03 1.887604e+02 6.584066e+03 1.179545e+04 3.353414e-03     0 -1.831180e-01    20 8.815153e+01 2.434237e-01 1.646568e-03 
  105 4.590225e-02 1.778077e-01 1.021920e+00 1.062923e+04 4.376653e+03 1.881840e+02 6.634561e+03 1.180517e+04 3.324211e-03     0 -1.831875e-01    20 8.814786e+01 2.434406e-01 1.639092e-03 
1.051000e+02 4.576600e-02 1.777929e-01 1.023501e+00 1.063389e+04 4.384117e+03 1.876073e+02 6.634561e+03 1.180517e+04 3.368217e-03     0 -1.830987e-01    20 8.814430e+01 2.434598e-01 1.632784e-03 
1.052000e+02 4.562497e-02 1.777721e-01 1.025076e+00 1.063853e+04 4.391588e+03 1.870302e+02 6.634561e+03 1.180517e+04 3.365322e-03     0 -1.831307e-01    20 8.814088e+01 2.434735e-01 1.625720e-03 
1.053000e+02 4.548009e-02 1.777483e-01 1.026647e+00 1.064316e+04 4.399066e+03 1.864529e+02 6.634561e+03 1.180517e+04 3.344321e-03     0 -1.832016e-01    20 8.813758e+01 2.434859e-01 1.617593e-03 
1.054000e+02 4.533518e-02 1.777285e-01 1.028213e+00 1.064777e+04 4.406552e+03 1.858753e+02 6.634561e+03 1.180517e+04 3.316344e-03     0 -1.832702e-01    20 8.813442e+01 2.435035e-01 1.609245e-03 
1.055000e+02 4.519353e-02 1.777166e-01 1.029774e+00 1.065238e+04 4.414044e+03 1.852974e+02 6.685285e+03 1.181493e+04 3.286061e-03     0 -1.833275e-01    20 8.813139e+01 2.435290e-01 1.601841e-03 
1.056000e+02 4.505418e-02 1.777077e-01 1.031330e+00 1.065697e+04 4.421544e+03 1.847192e+02 6.685285e+03 1.181493e+04 3.330350e-03     0 -1.831743e-01    20 8.812848e+01 2.435557e-01 1.595629e-03 
1.057000e+02 4.491008e-02 1.776876e-01 1.032880e+00 1.066155e+04 4.429050e+03 1.841406e+02 6.685285e+03 1.181493e+04 3.326923e-03     0 -1.832096e-01    20 8.812568e+01 2.435705e-01 1.588660e-03 
1.058000e+02 4.476218e-02 1.776607e-01 1.034425e+00 1.066612e+04 4.436564e+03 1.835618e+02 6.685285e+03 1.181493e+04 3.305094e-03     0 -1.833041e-01    20 8.812301e+01 2.435801e-01 1.580626e-03 
1.059000e+02 4.461439e-02 1.776381e-01 1.035964e+00 1.067068e+04 4.444084e+03 1.829826e+02 6.685285e+03 1.181493e+04 3.276195e-03     0 -1.833925e-01    20 8.812048e+01 2.435952e-01 1.572381e-03 
  106 4.447007e-02 1.776261e-01 1.037500e+00 1.067522e+04 4.451611e+03 1.824031e+02 6.736226e+03 1.182474e+04 3.244982e-03     0 -1.834607e-01    20 8.811807e+01 2.436208e-01 1.565110e-03 
1.061000e+02 4.432821e-02 1.776185e-01 1.039029e+00 1.067975e+04 4.459145e+03 1.818233e+02 6.736226e+03 1.182474e+04 3.289826e-03     0 -1.832511e-01    20 8.811578e+01 2.436479e-01 1.559059e-03 
1.062000e+02 4.418159e-02 1.775965e-01 1.040553e+00 1.068427e+04 4.466686e+03 1.812432e+02 6.736226e+03 1.182474e+04 3.286055e-03     0 -1.832851e-01    20 8.811359e+01 2.436595e-01 1.552236e-03 
1.063000e+02 4.403119e-02 1.775657e-01 1.042071e+00 1.068878e+04 4.474234e+03 1.806628e+02 6.736226e+03 1.182474e+04 3.263548e-03     0 -1.833957e-01    20 8.811152e+01 2.436640e-01 1.544322e-03 
1.064000e+02 4.388099e-02 1.775399e-01 1.043585e+00 1.069328e+04 4.481788e+03 1.800821e+02 6.736226e+03 1.182474e+04 3.233857e-03     0 -1.834979e-01    20 8.810959e+01 2.436750e-01 1.536185e-03 
1.065000e+02 4.373443e-02 1.775273e-01 1.045094e+00 1.069777e+04 4.489349e+03 1.795011e+02 6.787376e+03 1.183459e+04 3.201829e-03     0 -1.835736e-01    20 8.810779e+01 2.436989e-01 1.529024e-03 
1.066000e+02 4.359048e-02 1.775205e-01 1.046597e+00 1.070224e+04 4.496917e+03 1.789198e+02 6.787376e+03 1.183459e+04 3.247087e-03     0 -1.833084e-01    20 8.810608e+01 2.437250e-01 1.523093e-03 
1.067000e+02 4.344179e-02 1.774961e-01 1.048094e+00 1.070670e+04 4.504492e+03 1.783382e+02 6.787376e+03 1.183459e+04 3.242985e-03     0 -1.833401e-01    20 8.810447e+01 2.437321e-01 1.516368e-03 
1.068000e+02 4.328933e-02 1.774609e-01 1.049585e+00 1.071115e+04 4.512073e+03 1.777563e+02 6.787376e+03 1.183459e+04 3.219872e-03     0 -1.834648e-01    20 8.810298e+01 2.437305e-01 1.508529e-03 
1.069000e+02 4.313718e-02 1.774315e-01 1.051072e+00 1.071559e+04 4.519661e+03 1.771741e+02 6.787376e+03 1.183459e+04 3.189484e-03     0 -1.835793e-01    20 8.810162e+01 2.437364e-01 1.500457e-03 
  107 4.298882e-02 1.774179e-01 1.052554e+00 1.072002e+04 4.527255e+03 1.765916e+02 6.838725e+03 1.184447e+04 3.156748e-03     0 -1.836612e-01    20 8.810038e+01 2.437579e-01 1.493371e-03 
1.071000e+02 4.284318e-02 1.774111e-01 1.054031e+00 1.072444e+04 4.534856e+03 1.760088e+02 6.838725e+03 1.184447e+04 3.202491e-03     0 -1.833546e-01 2.002944e+01 8.809929e+01 2.437820e-01 1.487520e-03 
1.072000e+02 4.269289e-02 1.773868e-01 1.055501e+00 1.072884e+04 4.542464e+03 1.754258e+02 6.838725e+03 1.184447e+04 3.198029e-03     0 -1.834874e-01 2.005810e+01 8.809854e+01 2.437864e-01 1.480870e-03 
1.073000e+02 4.253897e-02 1.773611e-01 1.056966e+00 1.073324e+04 4.550078e+03 1.748424e+02 6.838725e+03 1.184447e+04 3.174356e-03     0 -1.836670e-01 2.005496e+01 8.809798e+01 2.437911e-01 1.473081e-03 
1.074000e+02 4.238552e-02 1.773527e-01 1.058427e+00 1.073762e+04 4.557698e+03 1.742589e+02 6.838725e+03 1.184447e+04 3.143386e-03     0 -1.837466e-01 2.002319e+01 8.809740e+01 2.438129e-01 1.465048e-03 
1.075000e+02 4.223601e-02 1.773617e-01 1.059883e+00 1.074199e+04 4.565325e+03 1.736750e+02 6.890264e+03 1.185439e+04 3.110096e-03     0 -1.837239e-01    20 8.809665e+01 2.438493e-01 1.458009e-03 
1.076000e+02 4.208928e-02 1.773656e-01 1.061333e+00 1.074635e+04 4.572958e+03 1.730909e+02 6.890264e+03 1.185439e+04 3.156340e-03     0 -1.833075e-01    20 8.809591e+01 2.438744e-01 1.452228e-03 
1.077000e+02 4.193771e-02 1.773317e-01 1.062776e+00 1.075069e+04 4.580598e+03 1.725067e+02 6.890264e+03 1.185439e+04 3.151763e-03     0 -1.833465e-01    20 8.809524e+01 2.438608e-01 1.445640e-03 
1.078000e+02 4.178232e-02 1.772756e-01 1.064213e+00 1.075503e+04 4.588244e+03 1.719222e+02 6.890264e+03 1.185439e+04 3.127697e-03     0 -1.835176e-01    20 8.809467e+01 2.438299e-01 1.437914e-03 
1.079000e+02 4.162733e-02 1.772258e-01 1.065645e+00 1.075936e+04 4.595896e+03 1.713375e+02 6.890264e+03 1.185439e+04 3.096184e-03     0 -1.836619e-01    20 8.809423e+01 2.438103e-01 1.429955e-03 
  108 4.147639e-02 1.771988e-01 1.067072e+00 1.076367e+04 4.603555e+03 1.707525e+02 6.941983e+03 1.186435e+04 3.062289e-03     0 -1.837504e-01    20 8.809391e+01 2.438149e-01 1.423008e-03 
1.081000e+02 4.132844e-02 1.771836e-01 1.068494e+00 1.076797e+04 4.611220e+03 1.701673e+02 6.941983e+03 1.186435e+04 3.108180e-03     0 -1.833217e-01    20 8.809367e+01 2.438273e-01 1.417340e-03 
1.082000e+02 4.117582e-02 1.771444e-01 1.069910e+00 1.077226e+04 4.618891e+03 1.695818e+02 6.941983e+03 1.186435e+04 3.103213e-03     0 -1.833362e-01    20 8.809351e+01 2.438143e-01 1.410874e-03 
1.083000e+02 4.101954e-02 1.770899e-01 1.071319e+00 1.077654e+04 4.626568e+03 1.689960e+02 6.941983e+03 1.186435e+04 3.078692e-03     0 -1.834925e-01    20 8.809347e+01 2.437898e-01 1.403283e-03 
1.084000e+02 4.086382e-02 1.770442e-01 1.072724e+00 1.078081e+04 4.634251e+03 1.684100e+02 6.941983e+03 1.186435e+04 3.046725e-03     0 -1.836361e-01    20 8.809357e+01 2.437775e-01 1.395475e-03 
1.085000e+02 4.071226e-02 1.770218e-01 1.074124e+00 1.078507e+04 4.641940e+03 1.678236e+02 6.993874e+03 1.187434e+04 3.012397e-03     0 -1.837324e-01    20 8.809377e+01 2.437888e-01 1.388701e-03 
1.086000e+02 4.056381e-02 1.770106e-01 1.075519e+00 1.078932e+04 4.649636e+03 1.672370e+02 6.993874e+03 1.187434e+04 3.058361e-03     0 -1.832653e-01    20 8.809406e+01 2.438058e-01 1.383223e-03 
1.087000e+02 4.041072e-02 1.769714e-01 1.076907e+00 1.079356e+04 4.657337e+03 1.666501e+02 6.993874e+03 1.187434e+04 3.053184e-03     0 -1.832855e-01    20 8.809442e+01 2.437930e-01 1.376948e-03 
1.088000e+02 4.025400e-02 1.769148e-01 1.078289e+00 1.079778e+04 4.665045e+03 1.660630e+02 6.993874e+03 1.187434e+04 3.028353e-03     0 -1.834590e-01    20 8.809489e+01 2.437663e-01 1.369541e-03 
1.089000e+02 4.009791e-02 1.768676e-01 1.079667e+00 1.080200e+04 4.672758e+03 1.654756e+02 6.993874e+03 1.187434e+04 2.996047e-03     0 -1.836161e-01    20 8.809550e+01 2.437525e-01 1.361909e-03 
  109 3.994608e-02 1.768459e-01 1.081039e+00 1.080620e+04 4.680477e+03 1.648878e+02 7.045929e+03 1.188436e+04 2.961384e-03     0 -1.837196e-01    20 8.809621e+01 2.437640e-01 1.355307e-03 
1.091000e+02 3.979744e-02 1.768362e-01 1.082407e+00 1.081040e+04 4.688203e+03 1.642998e+02 7.045929e+03 1.188436e+04 3.007404e-03     0 -1.832097e-01    20 8.809699e+01 2.437815e-01 1.349996e-03 
1.092000e+02 3.964419e-02 1.767962e-01 1.083768e+00 1.081458e+04 4.695934e+03 1.637116e+02 7.045929e+03 1.188436e+04 3.002061e-03     0 -1.832287e-01    20 8.809785e+01 2.437662e-01 1.343870e-03 
1.093000e+02 3.948736e-02 1.767369e-01 1.085122e+00 1.081875e+04 4.703671e+03 1.631231e+02 7.045929e+03 1.188436e+04 2.976987e-03     0 -1.834141e-01    20 8.809881e+01 2.437356e-01 1.336595e-03 
1.094000e+02 3.933122e-02 1.766877e-01 1.086472e+00 1.082291e+04 4.711414e+03 1.625343e+02 7.045929e+03 1.188436e+04 2.944420e-03     0 -1.835813e-01    20 8.809990e+01 2.437184e-01 1.329084e-03 
1.095000e+02 3.917943e-02 1.766643e-01 1.087818e+00 1.082706e+04 4.719163e+03 1.619452e+02 7.098139e+03 1.189441e+04 2.909499e-03     0 -1.837007e-01 2.003920e+01 8.810121e+01 2.437266e-01 1.322592e-03 
1.096000e+02 3.903093e-02 1.766569e-01 1.089158e+00 1.083120e+04 4.726918e+03 1.613559e+02 7.098139e+03 1.189441e+04 2.955509e-03     0 -1.832654e-01 2.006637e+01 8.810284e+01 2.437443e-01 1.317380e-03 
1.097000e+02 3.887795e-02 1.766306e-01 1.090492e+00 1.083533e+04 4.734678e+03 1.607663e+02 7.098139e+03 1.189441e+04 2.950037e-03     0 -1.833377e-01 2.006532e+01 8.810459e+01 2.437394e-01 1.311336e-03 
1.098000e+02 3.872155e-02 1.765966e-01 1.091820e+00 1.083945e+04 4.742444e+03 1.601765e+02 7.098139e+03 1.189441e+04 2.924814e-03     0 -1.834951e-01 2.003888e+01 8.810633e+01 2.437282e-01 1.304125e-03 
1.099000e+02 3.856593e-02 1.765744e-01 1.093144e+00 1.084356e+04 4.750216e+03 1.595865e+02 7.098139e+03 1.189441e+04 2.892116e-03     0 -1.835531e-01    20 8.810790e+01 2.437295e-01 1.296668e-03 
  110 3.841467e-02 1.765675e-01 1.094463e+00 1.084766e+04 4.757993e+03 1.589962e+02 7.150497e+03 1.190449e+04 2.857072e-03     0 -1.835940e-01    20 8.810941e+01 2.437438e-01 1.290237e-03 
1.101000e+02 3.826661e-02 1.765568e-01 1.095776e+00 1.085174e+04 4.765777e+03 1.584058e+02 7.150497e+03 1.190449e+04 2.903418e-03     0 -1.830112e-01    20 8.811095e+01 2.437479e-01 1.285103e-03 
1.102000e+02 3.811388e-02 1.765009e-01 1.097081e+00 1.085582e+04 4.773565e+03 1.578153e+02 7.150497e+03 1.190449e+04 2.897965e-03     0 -1.830502e-01    20 8.811252e+01 2.437066e-01 1.279146e-03 
1.103000e+02 3.795757e-02 1.764206e-01 1.098381e+00 1.085989e+04 4.781360e+03 1.572246e+02 7.150497e+03 1.190449e+04 2.872616e-03     0 -1.832663e-01    20 8.811421e+01 2.436478e-01 1.272031e-03 
1.104000e+02 3.780201e-02 1.763536e-01 1.099676e+00 1.086394e+04 4.789160e+03 1.566336e+02 7.150497e+03 1.190449e+04 2.839718e-03     0 -1.834467e-01    20 8.811602e+01 2.436084e-01 1.264675e-03 
1.105000e+02 3.765093e-02 1.763203e-01 1.100966e+00 1.086799e+04 4.796965e+03 1.560424e+02 7.202995e+03 1.191460e+04 2.804465e-03     0 -1.835531e-01    20 8.811794e+01 2.436041e-01 1.258343e-03 
1.106000e+02 3.750324e-02 1.763040e-01 1.102252e+00 1.087203e+04 4.804776e+03 1.554509e+02 7.202995e+03 1.191460e+04 2.850101e-03     0 -1.829124e-01    20 8.811991e+01 2.436103e-01 1.253310e-03 
1.107000e+02 3.735109e-02 1.762519e-01 1.103530e+00 1.087605e+04 4.812592e+03 1.548592e+02 7.202995e+03 1.191460e+04 2.844307e-03     0 -1.829170e-01    20 8.812193e+01 2.435784e-01 1.247474e-03 
1.108000e+02 3.719550e-02 1.761769e-01 1.104803e+00 1.088007e+04 4.820414e+03 1.542673e+02 7.202995e+03 1.191460e+04 2.818782e-03     0 -1.831266e-01    20 8.812406e+01 2.435289e-01 1.240510e-03 
1.109000e+02 3.704078e-02 1.761143e-01 1.106071e+00 1.088407e+04 4.828241e+03 1.536751e+02 7.202995e+03 1.191460e+04 2.785789e-03     0 -1.833159e-01    20 8.812632e+01 2.434965e-01 1.233333e-03 
  111 3.689060e-02 1.760849e-01 1.107334e+00 1.088807e+04 4.836074e+03 1.530826e+02 7.255626e+03 1.192473e+04 2.750482e-03     0 -1.834352e-01    20 8.812868e+01 2.434978e-01 1.227202e-03 
1.111000e+02 3.674386e-02 1.760717e-01 1.108593e+00 1.089205e+04 4.843911e+03 1.524899e+02 7.255626e+03 1.192473e+04 2.796014e-03     0 -1.827679e-01    20 8.813109e+01 2.435078e-01 1.222381e-03 
1.112000e+02 3.659269e-02 1.760201e-01 1.109844e+00 1.089603e+04 4.851755e+03 1.518969e+02 7.255626e+03 1.192473e+04 2.790179e-03     0 -1.827775e-01    20 8.813355e+01 2.434765e-01 1.216762e-03 
1.113000e+02 3.643812e-02 1.759441e-01 1.111090e+00 1.090000e+04 4.859603e+03 1.513037e+02 7.255626e+03 1.192473e+04 2.764642e-03     0 -1.830001e-01    20 8.813611e+01 2.434259e-01 1.210012e-03 
1.114000e+02 3.628444e-02 1.758809e-01 1.112330e+00 1.090395e+04 4.867457e+03 1.507103e+02 7.255626e+03 1.192473e+04 2.731656e-03     0 -1.832069e-01 2.000460e+01 8.813880e+01 2.433929e-01 1.203038e-03 
1.115000e+02 3.613533e-02 1.758535e-01 1.113567e+00 1.090790e+04 4.875316e+03 1.501165e+02 7.308383e+03 1.193488e+04 2.696366e-03     0 -1.833747e-01 2.002584e+01 8.814170e+01 2.433955e-01 1.197088e-03 
1.116000e+02 3.598971e-02 1.758479e-01 1.114799e+00 1.091183e+04 4.883180e+03 1.495225e+02 7.308383e+03 1.193488e+04 2.741764e-03     0 -1.826968e-01 2.002256e+01 8.814470e+01 2.434114e-01 1.192420e-03 
1.117000e+02 3.583979e-02 1.758067e-01 1.116024e+00 1.091576e+04 4.891050e+03 1.489283e+02 7.308383e+03 1.193488e+04 2.735851e-03     0 -1.826713e-01    20 8.814763e+01 2.433876e-01 1.186943e-03 
1.118000e+02 3.568651e-02 1.757385e-01 1.117243e+00 1.091968e+04 4.898924e+03 1.483340e+02 7.308383e+03 1.193488e+04 2.710337e-03     0 -1.828573e-01    20 8.815057e+01 2.433408e-01 1.180319e-03 
1.119000e+02 3.553412e-02 1.756771e-01 1.118457e+00 1.092358e+04 4.906804e+03 1.477393e+02 7.308383e+03 1.193488e+04 2.677397e-03     0 -1.830543e-01    20 8.815361e+01 2.433050e-01 1.173460e-03 
  112 3.538630e-02 1.756465e-01 1.119667e+00 1.092748e+04 4.914689e+03 1.471444e+02 7.361260e+03 1.194506e+04 2.642177e-03     0 -1.831910e-01    20 8.815674e+01 2.433007e-01 1.167617e-03 
1.121000e+02 3.524198e-02 1.756310e-01 1.120872e+00 1.093137e+04 4.922579e+03 1.465493e+02 7.361260e+03 1.194506e+04 2.687363e-03     0 -1.824666e-01    20 8.815991e+01 2.433038e-01 1.163055e-03 
1.122000e+02 3.509330e-02 1.755732e-01 1.122070e+00 1.093525e+04 4.930474e+03 1.459540e+02 7.361260e+03 1.194506e+04 2.681485e-03     0 -1.824757e-01    20 8.816310e+01 2.432621e-01 1.157681e-03 
1.123000e+02 3.494131e-02 1.754895e-01 1.123262e+00 1.093911e+04 4.938374e+03 1.453586e+02 7.361260e+03 1.194506e+04 2.656032e-03     0 -1.827129e-01    20 8.816640e+01 2.432004e-01 1.151164e-03 
1.124000e+02 3.479028e-02 1.754204e-01 1.124450e+00 1.094297e+04 4.946279e+03 1.447628e+02 7.361260e+03 1.194506e+04 2.623187e-03     0 -1.829229e-01    20 8.816982e+01 2.431586e-01 1.144410e-03 
1.125000e+02 3.464387e-02 1.753896e-01 1.125633e+00 1.094682e+04 4.954189e+03 1.441668e+02 7.414248e+03 1.195526e+04 2.588073e-03     0 -1.830514e-01    20 8.817332e+01 2.431556e-01 1.138664e-03 
1.126000e+02 3.450100e-02 1.753774e-01 1.126812e+00 1.095066e+04 4.962104e+03 1.435705e+02 7.414248e+03 1.195526e+04 2.632830e-03     0 -1.822859e-01    20 8.817686e+01 2.431624e-01 1.134194e-03 
1.127000e+02 3.435384e-02 1.753215e-01 1.127984e+00 1.095449e+04 4.970024e+03 1.429741e+02 7.414248e+03 1.195526e+04 2.626933e-03     0 -1.823090e-01 2.000781e+01 8.818043e+01 2.431223e-01 1.128921e-03 
1.128000e+02 3.420348e-02 1.752401e-01 1.129150e+00 1.095831e+04 4.977949e+03 1.423775e+02 7.414248e+03 1.195526e+04 2.601538e-03     0 -1.825829e-01 2.002186e+01 8.818420e+01 2.430621e-01 1.122525e-03 
1.129000e+02 3.405414e-02 1.751769e-01 1.130311e+00 1.096213e+04 4.985879e+03 1.417806e+02 7.414248e+03 1.195526e+04 2.568826e-03     0 -1.828121e-01 2.001357e+01 8.818810e+01 2.430249e-01 1.115899e-03 
  113 3.390945e-02 1.751554e-01 1.131469e+00 1.096593e+04 4.993814e+03 1.411835e+02 7.467344e+03 1.196548e+04 2.533888e-03     0 -1.829117e-01    20 8.819197e+01 2.430288e-01 1.110285e-03 
1.131000e+02 3.376827e-02 1.751505e-01 1.132622e+00 1.096972e+04 5.001753e+03 1.405861e+02 7.467344e+03 1.196548e+04 2.578513e-03     0 -1.820801e-01    20 8.819583e+01 2.430393e-01 1.105940e-03 
1.132000e+02 3.362286e-02 1.750944e-01 1.133768e+00 1.097351e+04 5.009698e+03 1.399886e+02 7.467344e+03 1.196548e+04 2.572571e-03     0 -1.820822e-01    20 8.819969e+01 2.429949e-01 1.100807e-03 
1.133000e+02 3.347420e-02 1.750052e-01 1.134908e+00 1.097728e+04 5.017647e+03 1.393910e+02 7.467344e+03 1.196548e+04 2.547326e-03     0 -1.823445e-01    20 8.820364e+01 2.429240e-01 1.094553e-03 
1.134000e+02 3.332653e-02 1.749294e-01 1.136043e+00 1.098105e+04 5.025600e+03 1.387931e+02 7.467344e+03 1.196548e+04 2.514798e-03     0 -1.825755e-01    20 8.820771e+01 2.428728e-01 1.088074e-03 
1.135000e+02 3.318348e-02 1.748946e-01 1.137174e+00 1.098480e+04 5.033559e+03 1.381950e+02 7.520540e+03 1.197572e+04 2.480044e-03     0 -1.827124e-01    20 8.821186e+01 2.428634e-01 1.082598e-03 
1.136000e+02 3.304399e-02 1.748805e-01 1.138301e+00 1.098855e+04 5.041522e+03 1.375966e+02 7.520540e+03 1.197572e+04 2.524161e-03     0 -1.818891e-01    20 8.821604e+01 2.428658e-01 1.078386e-03 
1.137000e+02 3.290032e-02 1.748201e-01 1.139421e+00 1.099229e+04 5.049490e+03 1.369981e+02 7.520540e+03 1.197572e+04 2.518235e-03     0 -1.818870e-01    20 8.822023e+01 2.428185e-01 1.073385e-03 
1.138000e+02 3.275350e-02 1.747302e-01 1.140535e+00 1.099602e+04 5.057463e+03 1.363994e+02 7.520540e+03 1.197572e+04 2.493141e-03     0 -1.821439e-01    20 8.822451e+01 2.427478e-01 1.067273e-03 
1.139000e+02 3.260771e-02 1.746556e-01 1.141645e+00 1.099974e+04 5.065440e+03 1.358004e+02 7.520540e+03 1.197572e+04 2.460823e-03     0 -1.823731e-01    20 8.822890e+01 2.426984e-01 1.060937e-03 
  114 3.246655e-02 1.746229e-01 1.142751e+00 1.100345e+04 5.073422e+03 1.352012e+02 7.573830e+03 1.198598e+04 2.426307e-03     0 -1.825114e-01    20 8.823337e+01 2.426912e-01 1.055597e-03 
1.141000e+02 3.232895e-02 1.746107e-01 1.143852e+00 1.100715e+04 5.081408e+03 1.346018e+02 7.573830e+03 1.198598e+04 2.470019e-03     0 -1.816644e-01    20 8.823786e+01 2.426948e-01 1.051510e-03 
1.142000e+02 3.218724e-02 1.745507e-01 1.144947e+00 1.101085e+04 5.089400e+03 1.340023e+02 7.573830e+03 1.198598e+04 2.464118e-03     0 -1.816870e-01 2.002904e+01 8.824246e+01 2.426469e-01 1.046641e-03 
1.143000e+02 3.204245e-02 1.744635e-01 1.146036e+00 1.101453e+04 5.097395e+03 1.334025e+02 7.573830e+03 1.198598e+04 2.439205e-03     0 -1.820186e-01 2.004929e+01 8.824732e+01 2.425774e-01 1.040666e-03 
1.144000e+02 3.189877e-02 1.744002e-01 1.147121e+00 1.101821e+04 5.105395e+03 1.328025e+02 7.573830e+03 1.198598e+04 2.407146e-03     0 -1.822926e-01 2.004882e+01 8.825234e+01 2.425371e-01 1.034463e-03 
1.145000e+02 3.175976e-02 1.743880e-01 1.148203e+00 1.102188e+04 5.113400e+03 1.322023e+02 7.627210e+03 1.199626e+04 2.372927e-03     0 -1.824096e-01 2.002975e+01 8.825736e+01 2.425461e-01 1.029238e-03 
1.146000e+02 3.162431e-02 1.743972e-01 1.149279e+00 1.102554e+04 5.121409e+03 1.316020e+02 7.627210e+03 1.199626e+04 2.416434e-03     0 -1.814531e-01    20 8.826216e+01 2.425644e-01 1.025249e-03 
1.147000e+02 3.148476e-02 1.743468e-01 1.150349e+00 1.102919e+04 5.129423e+03 1.310015e+02 7.627210e+03 1.199626e+04 2.410642e-03     0 -1.813937e-01    20 8.826685e+01 2.425179e-01 1.020482e-03 
1.148000e+02 3.134207e-02 1.742516e-01 1.151413e+00 1.103283e+04 5.137441e+03 1.304009e+02 7.627210e+03 1.199626e+04 2.385962e-03     0 -1.816765e-01    20 8.827161e+01 2.424337e-01 1.014622e-03 
1.149000e+02 3.120039e-02 1.741647e-01 1.152473e+00 1.103646e+04 5.145463e+03 1.298002e+02 7.627210e+03 1.199626e+04 2.354170e-03     0 -1.819327e-01    20 8.827646e+01 2.423657e-01 1.008543e-03 
  115 3.106327e-02 1.741202e-01 1.153529e+00 1.104009e+04 5.153490e+03 1.291992e+02 7.680674e+03 1.200655e+04 2.320224e-03     0 -1.820837e-01    20 8.828140e+01 2.423424e-01 1.003445e-03 
1.151000e+02 3.092970e-02 1.740986e-01 1.154580e+00 1.104371e+04 5.161521e+03 1.285981e+02 7.680674e+03 1.200655e+04 2.363137e-03     0 -1.811868e-01    20 8.828634e+01 2.423334e-01 9.995815e-04 
1.152000e+02 3.079213e-02 1.740280e-01 1.155624e+00 1.104731e+04 5.169557e+03 1.279968e+02 7.680674e+03 1.200655e+04 2.357315e-03     0 -1.811758e-01    20 8.829130e+01 2.422726e-01 9.949533e-04 
1.153000e+02 3.065154e-02 1.739266e-01 1.156664e+00 1.105091e+04 5.177597e+03 1.273953e+02 7.680674e+03 1.200655e+04 2.332836e-03     0 -1.814445e-01    20 8.829635e+01 2.421882e-01 9.892460e-04 
1.154000e+02 3.051204e-02 1.738424e-01 1.157699e+00 1.105450e+04 5.185641e+03 1.267937e+02 7.680674e+03 1.200655e+04 2.301339e-03     0 -1.816838e-01    20 8.830150e+01 2.421280e-01 9.833222e-04 
1.155000e+02 3.037711e-02 1.738041e-01 1.158730e+00 1.105809e+04 5.193689e+03 1.261917e+02 7.734217e+03 1.201686e+04 2.267720e-03     0 -1.818261e-01    20 8.830674e+01 2.421144e-01 9.783680e-04 
1.156000e+02 3.024574e-02 1.737882e-01 1.159757e+00 1.106166e+04 5.201742e+03 1.255896e+02 7.734217e+03 1.201686e+04 2.310042e-03     0 -1.809083e-01    20 8.831199e+01 2.421131e-01 9.746360e-04 
1.157000e+02 3.011044e-02 1.737205e-01 1.160778e+00 1.106523e+04 5.209799e+03 1.249873e+02 7.734217e+03 1.201686e+04 2.304228e-03     0 -1.809026e-01    20 8.831725e+01 2.420563e-01 9.701523e-04 
1.158000e+02 2.997220e-02 1.736199e-01 1.161793e+00 1.106879e+04 5.217860e+03 1.243848e+02 7.734217e+03 1.201686e+04 2.279992e-03     0 -1.811836e-01    20 8.832259e+01 2.419736e-01 9.646070e-04 
1.159000e+02 2.983506e-02 1.735355e-01 1.162804e+00 1.107234e+04 5.225926e+03 1.237821e+02 7.734217e+03 1.201686e+04 2.248832e-03     0 -1.814445e-01 2.003092e+01 8.832815e+01 2.419132e-01 9.588508e-04 
  116 2.970248e-02 1.735004e-01 1.163812e+00 1.107588e+04 5.233995e+03 1.231792e+02 7.787834e+03 1.202718e+04 2.215585e-03     0 -1.816804e-01 2.005373e+01 8.833397e+01 2.419027e-01 9.540512e-04 
1.161000e+02 2.957350e-02 1.734989e-01 1.164815e+00 1.107941e+04 5.242069e+03 1.225760e+02 7.787834e+03 1.202718e+04 2.257500e-03     0 -1.807939e-01 2.005857e+01 8.833989e+01 2.419142e-01 9.504519e-04 
1.162000e+02 2.944071e-02 1.734553e-01 1.165813e+00 1.108294e+04 5.250147e+03 1.219727e+02 7.787834e+03 1.202718e+04 2.251801e-03     0 -1.807759e-01 2.004680e+01 8.834576e+01 2.418773e-01 9.460947e-04 
1.163000e+02 2.930506e-02 1.733811e-01 1.166805e+00 1.108645e+04 5.258229e+03 1.213693e+02 7.787834e+03 1.202718e+04 2.227891e-03     0 -1.810026e-01 2.002015e+01 8.835154e+01 2.418140e-01 9.406728e-04 
1.164000e+02 2.917050e-02 1.733171e-01 1.167793e+00 1.108996e+04 5.266315e+03 1.207657e+02 7.787834e+03 1.202718e+04 2.197150e-03     0 -1.811729e-01    20 8.835719e+01 2.417653e-01 9.350331e-04 
1.165000e+02 2.904038e-02 1.732857e-01 1.168777e+00 1.109346e+04 5.274405e+03 1.201619e+02 7.841521e+03 1.203752e+04 2.164326e-03     0 -1.812936e-01    20 8.836285e+01 2.417491e-01 9.303409e-04 
1.166000e+02 2.891369e-02 1.732645e-01 1.169757e+00 1.109696e+04 5.282499e+03 1.195580e+02 7.841521e+03 1.203752e+04 2.206042e-03     0 -1.803544e-01    20 8.836849e+01 2.417338e-01 9.268417e-04 
1.167000e+02 2.878311e-02 1.731838e-01 1.170730e+00 1.110044e+04 5.290597e+03 1.189541e+02 7.841521e+03 1.203752e+04 2.200505e-03     0 -1.803637e-01    20 8.837413e+01 2.416572e-01 9.225942e-04 
1.168000e+02 2.864963e-02 1.730686e-01 1.171698e+00 1.110392e+04 5.298699e+03 1.183500e+02 7.841521e+03 1.203752e+04 2.176881e-03     0 -1.806576e-01    20 8.837985e+01 2.415556e-01 9.172909e-04 
1.169000e+02 2.851723e-02 1.729735e-01 1.172661e+00 1.110739e+04 5.306806e+03 1.177457e+02 7.841521e+03 1.203752e+04 2.146460e-03     0 -1.809082e-01    20 8.838569e+01 2.414822e-01 9.117656e-04 
  117 2.838931e-02 1.729289e-01 1.173622e+00 1.111085e+04 5.314916e+03 1.171411e+02 7.895274e+03 1.204786e+04 2.113992e-03     0 -1.810501e-01    20 8.839160e+01 2.414607e-01 9.071663e-04 
1.171000e+02 2.826488e-02 1.729095e-01 1.174579e+00 1.111431e+04 5.323030e+03 1.165363e+02 7.895274e+03 1.204786e+04 2.154807e-03     0 -1.800691e-01    20 8.839752e+01 2.414541e-01 9.037406e-04 
1.172000e+02 2.813673e-02 1.728357e-01 1.175529e+00 1.111775e+04 5.331148e+03 1.159314e+02 7.895274e+03 1.204786e+04 2.149193e-03     0 -1.800565e-01    20 8.840345e+01 2.413893e-01 8.995872e-04 
1.173000e+02 2.800579e-02 1.727273e-01 1.176474e+00 1.112119e+04 5.339270e+03 1.153264e+02 7.895274e+03 1.204786e+04 2.125821e-03     0 -1.803492e-01    20 8.840945e+01 2.412976e-01 8.944109e-04 
1.174000e+02 2.787598e-02 1.726371e-01 1.177416e+00 1.112462e+04 5.347395e+03 1.147211e+02 7.895274e+03 1.204786e+04 2.095787e-03     0 -1.806087e-01    20 8.841557e+01 2.412313e-01 8.890362e-04 
1.175000e+02 2.775062e-02 1.725966e-01 1.178354e+00 1.112805e+04 5.355525e+03 1.141156e+02 7.949088e+03 1.205822e+04 2.063755e-03     0 -1.807612e-01    20 8.842176e+01 2.412151e-01 8.845939e-04 
1.176000e+02 2.762872e-02 1.725805e-01 1.179288e+00 1.113146e+04 5.363659e+03 1.135098e+02 7.949088e+03 1.205822e+04 2.104171e-03     0 -1.797711e-01    20 8.842796e+01 2.412122e-01 8.813221e-04 
1.177000e+02 2.750313e-02 1.725086e-01 1.180216e+00 1.113487e+04 5.371796e+03 1.129039e+02 7.949088e+03 1.205822e+04 2.098702e-03     0 -1.797627e-01    20 8.843415e+01 2.411493e-01 8.773341e-04 
1.178000e+02 2.737480e-02 1.724016e-01 1.181138e+00 1.113827e+04 5.379937e+03 1.122978e+02 7.949088e+03 1.205822e+04 2.075684e-03     0 -1.800868e-01 2.003272e+01 8.844052e+01 2.410585e-01 8.723297e-04 
1.179000e+02 2.724759e-02 1.723169e-01 1.182057e+00 1.114167e+04 5.388082e+03 1.116915e+02 7.949088e+03 1.205822e+04 2.046079e-03     0 -1.804310e-01 2.005926e+01 8.844722e+01 2.409964e-01 8.671156e-04 
  118 2.712482e-02 1.722925e-01 1.182974e+00 1.114505e+04 5.396231e+03 1.110850e+02 8.002960e+03 1.206859e+04 2.014508e-03     0 -1.806445e-01 2.006980e+01 8.845410e+01 2.409938e-01 8.628027e-04 
1.181000e+02 2.700555e-02 1.723042e-01 1.183886e+00 1.114843e+04 5.404383e+03 1.104783e+02 8.002960e+03 1.206859e+04 2.054521e-03     0 -1.796451e-01 2.006653e+01 8.846096e+01 2.410133e-01 8.596229e-04 
1.182000e+02 2.688267e-02 1.722644e-01 1.184793e+00 1.115180e+04 5.412540e+03 1.098715e+02 8.002960e+03 1.206859e+04 2.049218e-03     0 -1.795999e-01 2.005039e+01 8.846771e+01 2.409736e-01 8.557126e-04 
1.183000e+02 2.675709e-02 1.721849e-01 1.185694e+00 1.115517e+04 5.420700e+03 1.092646e+02 8.002960e+03 1.206859e+04 2.026586e-03     0 -1.798405e-01 2.002273e+01 8.847433e+01 2.408990e-01 8.507819e-04 
1.184000e+02 2.663256e-02 1.721120e-01 1.186592e+00 1.115852e+04 5.428864e+03 1.086576e+02 8.002960e+03 1.206859e+04 1.997461e-03     0 -1.800182e-01    20 8.848080e+01 2.408365e-01 8.456397e-04 
1.185000e+02 2.651229e-02 1.720722e-01 1.187486e+00 1.116187e+04 5.437031e+03 1.080505e+02 8.056884e+03 1.207897e+04 1.966363e-03     0 -1.801561e-01    20 8.848726e+01 2.408081e-01 8.413963e-04 
1.186000e+02 2.639534e-02 1.720443e-01 1.188376e+00 1.116521e+04 5.445202e+03 1.074432e+02 8.056884e+03 1.207897e+04 2.006095e-03     0 -1.791548e-01    20 8.849370e+01 2.407827e-01 8.382865e-04 
1.187000e+02 2.627473e-02 1.719544e-01 1.189260e+00 1.116855e+04 5.453377e+03 1.068359e+02 8.056884e+03 1.207897e+04 2.000946e-03     0 -1.791576e-01    20 8.850012e+01 2.406942e-01 8.344649e-04 
1.188000e+02 2.615141e-02 1.718293e-01 1.190138e+00 1.117188e+04 5.461556e+03 1.062285e+02 8.056884e+03 1.207897e+04 1.978628e-03     0 -1.794622e-01    20 8.850663e+01 2.405805e-01 8.296397e-04 
1.189000e+02 2.602917e-02 1.717262e-01 1.191014e+00 1.117520e+04 5.469738e+03 1.056209e+02 8.056884e+03 1.207897e+04 1.949868e-03     0 -1.797213e-01    20 8.851325e+01 2.404978e-01 8.246034e-04 
  119 2.591121e-02 1.716773e-01 1.191886e+00 1.117851e+04 5.477923e+03 1.050130e+02 8.110859e+03 1.208936e+04 1.919177e-03     0 -1.798661e-01    20 8.851995e+01 2.404710e-01 8.204466e-04 
1.191000e+02 2.579662e-02 1.716553e-01 1.192755e+00 1.118182e+04 5.486113e+03 1.044050e+02 8.110859e+03 1.208936e+04 1.957928e-03     0 -1.788227e-01    20 8.852664e+01 2.404602e-01 8.174054e-04 
1.192000e+02 2.567854e-02 1.715757e-01 1.193618e+00 1.118511e+04 5.494305e+03 1.037968e+02 8.110859e+03 1.208936e+04 1.952706e-03     0 -1.788061e-01    20 8.853333e+01 2.403881e-01 8.136783e-04 
1.193000e+02 2.555787e-02 1.714596e-01 1.194476e+00 1.118841e+04 5.502502e+03 1.031885e+02 8.110859e+03 1.208936e+04 1.930675e-03     0 -1.791129e-01    20 8.854010e+01 2.402875e-01 8.089856e-04 
1.194000e+02 2.543831e-02 1.713631e-01 1.195330e+00 1.119169e+04 5.510701e+03 1.025799e+02 8.110859e+03 1.208936e+04 1.902345e-03     0 -1.793841e-01    20 8.854698e+01 2.402142e-01 8.041086e-04 
1.195000e+02 2.532299e-02 1.713188e-01 1.196182e+00 1.119497e+04 5.518905e+03 1.019711e+02 8.164881e+03 1.209976e+04 1.872143e-03     0 -1.795428e-01 2.001837e+01 8.855397e+01 2.401936e-01 8.001168e-04 
1.196000e+02 2.521096e-02 1.713018e-01 1.197030e+00 1.119824e+04 5.527112e+03 1.013621e+02 8.164881e+03 1.209976e+04 1.910540e-03     0 -1.785668e-01 2.004129e+01 8.856113e+01 2.401884e-01 7.972312e-04 
1.197000e+02 2.509557e-02 1.712341e-01 1.197872e+00 1.120151e+04 5.535322e+03 1.007529e+02 8.164881e+03 1.209976e+04 1.905446e-03     0 -1.786027e-01 2.005107e+01 8.856838e+01 2.401276e-01 7.936689e-04 
1.198000e+02 2.497766e-02 1.711387e-01 1.198710e+00 1.120476e+04 5.543536e+03 1.001436e+02 8.164881e+03 1.209976e+04 1.883799e-03     0 -1.789228e-01 2.004912e+01 8.857571e+01 2.400451e-01 7.891388e-04 
1.199000e+02 2.486086e-02 1.710680e-01 1.199545e+00 1.120801e+04 5.551753e+03 9.953410e+01 8.164881e+03 1.209976e+04 1.855955e-03     0 -1.791710e-01 2.003669e+01 8.858307e+01 2.399921e-01 7.844071e-04 
  120 2.474825e-02 1.710484e-01 1.200377e+00 1.121126e+04 5.559974e+03 9.892440e+01 8.218946e+03 1.217406e+04 1.826265e-03     0 -1.792813e-01 2.001494e+01 8.859035e+01 2.399882e-01 7.805303e-04 
1.201000e+02 2.455735e-02 1.710461e-01 1.201207e+00 1.121450e+04 5.568198e+03 9.831456e+01 8.218946e+03 1.217406e+04 3.895298e-03     0 -1.781605e-01    20 8.859742e+01 2.399886e-01 7.545646e-04 
1.202000e+02 2.407353e-02 1.709710e-01 1.202053e+00 1.121773e+04 5.576426e+03 9.770468e+01 8.218946e+03 1.217406e+04 4.600875e-03     0 -1.781308e-01    20 8.860443e+01 2.399125e-01 6.295704e-04 
1.203000e+02 2.331716e-02 1.708473e-01 1.202934e+00 1.122095e+04 5.584657e+03 9.709473e+01 8.218946e+03 1.217406e+04 4.760338e-03     0 -1.784624e-01    20 8.861149e+01 2.397982e-01 3.834206e-04 
1.204000e+02 2.240300e-02 1.707388e-01 1.203852e+00 1.122417e+04 5.592891e+03 9.648461e+01 8.218946e+03 1.217406e+04 4.687518e-03     0 -1.787531e-01    20 8.861865e+01 2.397093e-01 3.666542e-05 
1.205000e+02 2.143613e-02 1.706844e-01 1.204794e+00 1.122738e+04 5.601128e+03 9.587429e+01 8.273885e+03 1.218752e+04 4.515043e-03     0 -1.789139e-01    20 8.862589e+01 2.396768e-01 -3.724492e-04 
1.206000e+02 2.047976e-02 1.706525e-01 1.205732e+00 1.123058e+04 5.609369e+03 9.526380e+01 8.273885e+03 1.218752e+04 4.483019e-03     0 -1.776004e-01    20 8.863309e+01 2.396543e-01 -8.032085e-04 
1.207000e+02 1.955144e-02 1.705411e-01 1.206638e+00 1.123378e+04 5.617612e+03 9.465323e+01 8.273885e+03 1.218752e+04 4.327922e-03     0 -1.775598e-01    20 8.864029e+01 2.395491e-01 -1.222622e-03 
1.208000e+02 1.866406e-02 1.703794e-01 1.207485e+00 1.123698e+04 5.625858e+03 9.404253e+01 8.273885e+03 1.218752e+04 4.132785e-03     0 -1.779165e-01    20 8.864759e+01 2.394052e-01 -1.600548e-03 
1.209000e+02 1.782192e-02 1.702393e-01 1.208252e+00 1.124017e+04 5.634108e+03 9.343158e+01 8.273885e+03 1.218752e+04 3.929425e-03     0 -1.782266e-01 2.000026e+01 8.865505e+01 2.392939e-01 -1.913028e-03 
  121 1.701989e-02 1.701634e-01 1.208924e+00 1.124335e+04 5.642360e+03 9.282030e+01 8.328842e+03 1.220098e+04 3.729240e-03     0 -1.784284e-01 2.001724e+01 8.866270e+01 2.392486e-01 -2.144722e-03 
1.211000e+02 1.624136e-02 1.701221e-01 1.209489e+00 1.124653e+04 5.650614e+03 9.220873e+01 8.328842e+03 1.220098e+04 3.693521e-03     0 -1.771349e-01 2.002443e+01 8.867045e+01 2.392248e-01 -2.290933e-03 
1.212000e+02 1.545837e-02 1.700129e-01 1.209946e+00 1.124970e+04 5.658872e+03 9.159697e+01 8.328842e+03 1.220098e+04 3.560209e-03     0 -1.771042e-01 2.002225e+01 8.867824e+01 2.391280e-01 -2.358907e-03 
1.213000e+02 1.466348e-02 1.698607e-01 1.210300e+00 1.125287e+04 5.667131e+03 9.098496e+01 8.328842e+03 1.220098e+04 3.388717e-03     0 -1.774532e-01 2.001172e+01 8.868611e+01 2.389982e-01 -2.357963e-03 
1.214000e+02 1.385988e-02 1.697317e-01 1.210561e+00 1.125604e+04 5.675394e+03 9.037261e+01 8.328842e+03 1.220098e+04 3.201022e-03     0 -1.777390e-01    20 8.869407e+01 2.389009e-01 -2.298725e-03 
1.215000e+02 1.305436e-02 1.696629e-01 1.210742e+00 1.125920e+04 5.683658e+03 8.975986e+01 8.383814e+03 1.221444e+04 3.006093e-03     0 -1.779115e-01    20 8.870214e+01 2.388651e-01 -2.193067e-03 
1.216000e+02 1.225712e-02 1.696218e-01 1.210854e+00 1.126236e+04 5.691925e+03 8.914676e+01 8.383814e+03 1.221444e+04 2.754532e-03     0 -1.766079e-01    20 8.871024e+01 2.388443e-01 -2.052749e-03 
1.217000e+02 1.148213e-02 1.695057e-01 1.210910e+00 1.126551e+04 5.700194e+03 8.853340e+01 8.383814e+03 1.221444e+04 2.538327e-03     0 -1.765930e-01    20 8.871838e+01 2.387450e-01 -1.887715e-03 
1.218000e+02 1.073802e-02 1.693435e-01 1.210923e+00 1.126866e+04 5.708465e+03 8.791974e+01 8.383814e+03 1.221444e+04 2.339051e-03     0 -1.769792e-01    20 8.872668e+01 2.386112e-01 -1.708300e-03 
1.219000e+02 1.003107e-02 1.692069e-01 1.210905e+00 1.127181e+04 5.716738e+03 8.730568e+01 8.383814e+03 1.221444e+04 2.151049e-03     0 -1.773165e-01    20 8.873517e+01 2.385138e-01 -1.524499e-03 
  122 9.367073e-03 1.691384e-01 1.210867e+00 1.127496e+04 5.725013e+03 8.669116e+01 8.438797e+03 1.222791e+04 1.973205e-03     0 -1.775349e-01 2.001305e+01 8.874385e+01 2.384862e-01 -1.345008e-03 
1.221000e+02 8.758224e-03 1.691064e-01 1.210818e+00 1.127810e+04 5.733289e+03 8.607623e+01 8.438797e+03 1.222791e+04 1.596866e-03     0 -1.762616e-01 2.002817e+01 8.875267e+01 2.384807e-01 -1.174339e-03 
1.222000e+02 8.225649e-03 1.690064e-01 1.210764e+00 1.128124e+04 5.741567e+03 8.546102e+01 8.438797e+03 1.222791e+04 1.367149e-03     0 -1.762746e-01 2.003469e+01 8.876159e+01 2.384016e-01 -1.009561e-03 
1.223000e+02 7.767935e-03 1.688654e-01 1.210707e+00 1.128438e+04 5.749847e+03 8.484551e+01 8.438797e+03 1.222791e+04 1.203093e-03     0 -1.766728e-01 2.003357e+01 8.877066e+01 2.382903e-01 -8.513676e-04 
1.224000e+02 7.375007e-03 1.687521e-01 1.210652e+00 1.128752e+04 5.758129e+03 8.422961e+01 8.438797e+03 1.222791e+04 1.073735e-03     0 -1.770039e-01 2.002570e+01 8.877985e+01 2.382143e-01 -7.030642e-04 
1.225000e+02 7.036943e-03 1.687040e-01 1.210604e+00 1.129066e+04 5.766412e+03 8.361330e+01 8.493788e+03 1.224138e+04 9.660805e-04     0 -1.771760e-01 2.001187e+01 8.878907e+01 2.382026e-01 -5.683325e-04 
1.226000e+02 6.752489e-03 1.686837e-01 1.210564e+00 1.129379e+04 5.774696e+03 8.299665e+01 8.493788e+03 1.224138e+04 6.319037e-04     0 -1.758394e-01    20 8.879819e+01 2.382028e-01 -4.474403e-04 
1.227000e+02 6.530847e-03 1.685825e-01 1.210533e+00 1.129693e+04 5.782982e+03 8.237979e+01 8.493788e+03 1.224138e+04 4.658087e-04     0 -1.758199e-01    20 8.880728e+01 2.381164e-01 -3.332888e-04 
1.228000e+02 6.362959e-03 1.684290e-01 1.210511e+00 1.130006e+04 5.791269e+03 8.176269e+01 8.493788e+03 1.224138e+04 3.704159e-04     0 -1.762239e-01    20 8.881649e+01 2.379878e-01 -2.238887e-04 
1.229000e+02 6.234899e-03 1.682978e-01 1.210497e+00 1.130319e+04 5.799557e+03 8.114525e+01 8.493788e+03 1.224138e+04 3.078908e-04     0 -1.765803e-01    20 8.882585e+01 2.378916e-01 -1.209914e-04 
  123 6.135449e-03 1.682340e-01 1.210494e+00 1.130633e+04 5.807847e+03 8.052741e+01 8.548783e+03 1.225485e+04 2.624274e-04     0 -1.767845e-01    20 8.883533e+01 2.378637e-01 -2.738172e-05 
1.231000e+02 6.062219e-03 1.682048e-01 1.210503e+00 1.130946e+04 5.816138e+03 7.990925e+01 8.548783e+03 1.225485e+04 2.732839e-06     0 -1.754862e-01    20 8.884481e+01 2.378556e-01 5.692578e-05 
1.232000e+02 6.023050e-03 1.681040e-01 1.210523e+00 1.131259e+04 5.824430e+03 7.929087e+01 8.548783e+03 1.225485e+04 -1.071224e-04     0 -1.754744e-01    20 8.885429e+01 2.377698e-01 1.385706e-04 
1.233000e+02 6.013568e-03 1.679579e-01 1.210553e+00 1.131572e+04 5.832723e+03 7.867225e+01 8.548783e+03 1.225485e+04 -1.568353e-04     0 -1.758759e-01 2.001262e+01 8.886390e+01 2.376480e-01 2.192937e-04 
1.234000e+02 6.025777e-03 1.678394e-01 1.210594e+00 1.131885e+04 5.841018e+03 7.805330e+01 8.548783e+03 1.225485e+04 -1.805386e-04     0 -1.762709e-01 2.003035e+01 8.887378e+01 2.375619e-01 2.973621e-04 
1.235000e+02 6.053302e-03 1.677937e-01 1.210646e+00 1.132198e+04 5.849314e+03 7.743400e+01 8.603782e+03 1.226832e+04 -1.920266e-04     0 -1.765010e-01 2.004122e+01 8.888384e+01 2.375477e-01 3.700680e-04 
1.236000e+02 6.096611e-03 1.677884e-01 1.210712e+00 1.132510e+04 5.857611e+03 7.681440e+01 8.603782e+03 1.226832e+04 -3.936791e-04     0 -1.752161e-01 2.004672e+01 8.889391e+01 2.375566e-01 4.370745e-04 
1.237000e+02 6.165465e-03 1.677144e-01 1.210789e+00 1.132823e+04 5.865909e+03 7.619467e+01 8.603782e+03 1.226832e+04 -4.655342e-04     0 -1.752062e-01 2.004682e+01 8.890396e+01 2.374883e-01 5.038232e-04 
1.238000e+02 6.258999e-03 1.675955e-01 1.210879e+00 1.133136e+04 5.874209e+03 7.557478e+01 8.603782e+03 1.226832e+04 -4.855174e-04     0 -1.755876e-01 2.004219e+01 8.891404e+01 2.373819e-01 5.714218e-04 
1.239000e+02 6.371866e-03 1.674993e-01 1.210981e+00 1.133448e+04 5.882510e+03 7.495468e+01 8.603782e+03 1.226832e+04 -4.830643e-04     0 -1.759116e-01 2.003341e+01 8.892416e+01 2.373047e-01 6.379278e-04 
  124 6.498964e-03 1.674647e-01 1.211096e+00 1.133761e+04 5.890813e+03 7.433434e+01 8.658783e+03 1.228179e+04 -4.698330e-04     0 -1.760829e-01 2.002105e+01 8.893425e+01 2.372877e-01 7.005229e-04 
1.241000e+02 6.641035e-03 1.674555e-01 1.211227e+00 1.134073e+04 5.899116e+03 7.371383e+01 8.658783e+03 1.228179e+04 -6.165262e-04     0 -1.747493e-01 2.000629e+01 8.894417e+01 2.372804e-01 7.583916e-04 
1.242000e+02 6.807780e-03 1.673639e-01 1.211372e+00 1.134386e+04 5.907422e+03 7.309328e+01 8.658783e+03 1.228179e+04 -6.532044e-04     0 -1.746931e-01    20 8.895395e+01 2.371851e-01 8.156197e-04 
1.243000e+02 6.998206e-03 1.672175e-01 1.211532e+00 1.134698e+04 5.915728e+03 7.247265e+01 8.658783e+03 1.228179e+04 -6.451816e-04     0 -1.750906e-01    20 8.896378e+01 2.370458e-01 8.726707e-04 
1.244000e+02 7.206552e-03 1.670922e-01 1.211707e+00 1.135010e+04 5.924036e+03 7.185183e+01 8.658783e+03 1.228179e+04 -6.175395e-04     0 -1.754339e-01    20 8.897371e+01 2.369384e-01 9.275438e-04 
1.245000e+02 7.427053e-03 1.670336e-01 1.211899e+00 1.135322e+04 5.932345e+03 7.123077e+01 8.713785e+03 1.229526e+04 -5.803777e-04     0 -1.756248e-01    20 8.898371e+01 2.368994e-01 9.775915e-04 
1.246000e+02 7.659332e-03 1.670090e-01 1.212109e+00 1.135634e+04 5.940656e+03 7.060951e+01 8.713785e+03 1.229526e+04 -6.677958e-04     0 -1.743119e-01    20 8.899367e+01 2.368804e-01 1.021844e-03 
1.247000e+02 7.911129e-03 1.669116e-01 1.212336e+00 1.135946e+04 5.948969e+03 6.998817e+01 8.713785e+03 1.229526e+04 -6.688615e-04     0 -1.742844e-01 2.000965e+01 8.900360e+01 2.367835e-01 1.063295e-03 
1.248000e+02 8.180527e-03 1.667694e-01 1.212580e+00 1.136258e+04 5.957283e+03 6.936672e+01 8.713785e+03 1.229526e+04 -6.348256e-04     0 -1.747132e-01 2.002477e+01 8.901370e+01 2.366519e-01 1.102249e-03 
1.249000e+02 8.461551e-03 1.666575e-01 1.212841e+00 1.136570e+04 5.965598e+03 6.874506e+01 8.713785e+03 1.229526e+04 -5.856038e-04     0 -1.750745e-01 2.003540e+01 8.902399e+01 2.365595e-01 1.137226e-03 
  125 8.748514e-03 1.666189e-01 1.213121e+00 1.136881e+04 5.973915e+03 6.812314e+01 8.768788e+03 1.230873e+04 -5.294113e-04     0 -1.752777e-01 2.004212e+01 8.903438e+01 2.365397e-01 1.166365e-03 
1.251000e+02 9.040150e-03 1.666177e-01 1.213420e+00 1.137192e+04 5.982234e+03 6.750105e+01 8.768788e+03 1.230873e+04 -5.570293e-04     0 -1.739727e-01 2.004615e+01 8.904473e+01 2.365407e-01 1.189047e-03 
1.252000e+02 9.341325e-03 1.665444e-01 1.213736e+00 1.137504e+04 5.990555e+03 6.687892e+01 8.768788e+03 1.230873e+04 -5.271329e-04     0 -1.739535e-01 2.004720e+01 8.905503e+01 2.364621e-01 1.207432e-03 
1.253000e+02 9.650041e-03 1.664240e-01 1.214069e+00 1.137815e+04 5.998877e+03 6.625673e+01 8.768788e+03 1.230873e+04 -4.744849e-04     0 -1.743327e-01 2.004570e+01 8.906535e+01 2.363444e-01 1.222001e-03 
1.254000e+02 9.961535e-03 1.663263e-01 1.214419e+00 1.138125e+04 6.007201e+03 6.563441e+01 8.768788e+03 1.230873e+04 -4.125699e-04     0 -1.746579e-01 2.004205e+01 8.907571e+01 2.362571e-01 1.232129e-03 
1.255000e+02 1.027149e-02 1.662916e-01 1.214786e+00 1.138436e+04 6.015527e+03 6.501193e+01 8.823790e+03 1.232220e+04 -3.470726e-04     0 -1.748330e-01 2.003661e+01 8.908605e+01 2.362325e-01 1.237004e-03 
1.256000e+02 1.057829e-02 1.662847e-01 1.215170e+00 1.138746e+04 6.023855e+03 6.438934e+01 8.823790e+03 1.232220e+04 -3.224046e-04     0 -1.735060e-01 2.003039e+01 8.909627e+01 2.362204e-01 1.236486e-03 
1.257000e+02 1.088357e-02 1.661982e-01 1.215569e+00 1.139056e+04 6.032184e+03 6.376677e+01 8.823790e+03 1.232220e+04 -2.711805e-04     0 -1.734680e-01 2.002292e+01 8.910636e+01 2.361234e-01 1.231852e-03 
1.258000e+02 1.118594e-02 1.660597e-01 1.215981e+00 1.139366e+04 6.040516e+03 6.314418e+01 8.823790e+03 1.232220e+04 -2.103257e-04     0 -1.738293e-01 2.001447e+01 8.911642e+01 2.359851e-01 1.223660e-03 
1.259000e+02 1.148283e-02 1.659412e-01 1.216407e+00 1.139676e+04 6.048850e+03 6.252148e+01 8.823790e+03 1.232220e+04 -1.464603e-04     0 -1.741370e-01 2.000529e+01 8.912651e+01 2.358774e-01 1.212021e-03 
  126 1.177203e-02 1.658842e-01 1.216847e+00 1.139985e+04 6.057185e+03 6.189860e+01 8.878793e+03 1.233568e+04 -8.239908e-05     0 -1.742853e-01    20 8.913658e+01 2.358332e-01 1.197000e-03 
1.261000e+02 1.205191e-02 1.658541e-01 1.217298e+00 1.140294e+04 6.065523e+03 6.127558e+01 8.878793e+03 1.233568e+04 -2.016000e-05     0 -1.729684e-01    20 8.914658e+01 2.358031e-01 1.178767e-03 
1.262000e+02 1.232132e-02 1.657476e-01 1.217760e+00 1.140603e+04 6.073863e+03 6.065254e+01 8.878793e+03 1.233568e+04 4.067682e-05     0 -1.729535e-01    20 8.915654e+01 2.356931e-01 1.157628e-03 
1.263000e+02 1.257973e-02 1.655945e-01 1.218232e+00 1.140912e+04 6.082205e+03 6.002941e+01 8.878793e+03 1.233568e+04 9.945864e-05     0 -1.733320e-01 2.000673e+01 8.916658e+01 2.355484e-01 1.134013e-03 
1.264000e+02 1.282698e-02 1.654688e-01 1.218712e+00 1.141220e+04 6.090549e+03 5.940609e+01 8.878793e+03 1.233568e+04 1.558891e-04     0 -1.736948e-01 2.001766e+01 8.917679e+01 2.354417e-01 1.108477e-03 
1.265000e+02 1.306302e-02 1.654154e-01 1.219202e+00 1.141528e+04 6.098895e+03 5.878253e+01 8.933795e+03 1.234915e+04 2.098445e-04     0 -1.738947e-01 2.002693e+01 8.918713e+01 2.354085e-01 1.081653e-03 
1.266000e+02 1.328666e-02 1.654010e-01 1.219699e+00 1.141836e+04 6.107243e+03 5.815877e+01 8.933795e+03 1.234915e+04 2.925887e-04     0 -1.725919e-01 2.003556e+01 8.919748e+01 2.353988e-01 1.053837e-03 
1.267000e+02 1.349437e-02 1.653168e-01 1.220202e+00 1.142143e+04 6.115594e+03 5.753496e+01 8.933795e+03 1.234915e+04 3.524543e-04     0 -1.725818e-01 2.004307e+01 8.920782e+01 2.353129e-01 1.024455e-03 
1.268000e+02 1.368659e-02 1.651893e-01 1.220709e+00 1.142450e+04 6.123947e+03 5.691106e+01 8.933795e+03 1.234915e+04 4.015210e-04     0 -1.729745e-01 2.004970e+01 8.921825e+01 2.351922e-01 9.937047e-04 
1.269000e+02 1.386519e-02 1.650892e-01 1.221222e+00 1.142757e+04 6.132302e+03 5.628699e+01 8.933795e+03 1.234915e+04 4.444772e-04     0 -1.733165e-01 2.005570e+01 8.922879e+01 2.351065e-01 9.623594e-04 
  127 1.403189e-02 1.650573e-01 1.221739e+00 1.143064e+04 6.140660e+03 5.566273e+01 8.988796e+03 1.236262e+04 4.833329e-04     0 -1.735116e-01 2.006129e+01 8.923939e+01 2.350877e-01 9.313715e-04 
1.271000e+02 1.418586e-02 1.650582e-01 1.222259e+00 1.143370e+04 6.149019e+03 5.503835e+01 8.988796e+03 1.236262e+04 5.719392e-04     0 -1.722094e-01 2.006735e+01 8.924994e+01 2.350852e-01 9.010570e-04 
1.272000e+02 1.432215e-02 1.649845e-01 1.222781e+00 1.143675e+04 6.157382e+03 5.441398e+01 8.988796e+03 1.236262e+04 6.235761e-04     0 -1.722000e-01 2.007328e+01 8.926043e+01 2.350009e-01 8.701886e-04 
1.273000e+02 1.444184e-02 1.648638e-01 1.223304e+00 1.143981e+04 6.165746e+03 5.378961e+01 8.988796e+03 1.236262e+04 6.589456e-04     0 -1.725918e-01 2.007925e+01 8.927098e+01 2.348782e-01 8.387519e-04 
1.274000e+02 1.454818e-02 1.647683e-01 1.223828e+00 1.144286e+04 6.174114e+03 5.316514e+01 8.988796e+03 1.236262e+04 6.861139e-04     0 -1.729308e-01 2.008541e+01 8.928161e+01 2.347886e-01 8.076038e-04 
1.275000e+02 1.464409e-02 1.647397e-01 1.224354e+00 1.144590e+04 6.182483e+03 5.254055e+01 9.043795e+03 1.237609e+04 7.085379e-04     0 -1.731220e-01 2.009190e+01 8.929229e+01 2.347652e-01 7.778510e-04 
1.276000e+02 1.472904e-02 1.647434e-01 1.224880e+00 1.144895e+04 6.190855e+03 5.191590e+01 9.043795e+03 1.237609e+04 7.927160e-04     0 -1.718167e-01 2.009952e+01 8.930290e+01 2.347579e-01 7.497972e-04 
1.277000e+02 1.479726e-02 1.646721e-01 1.225403e+00 1.145199e+04 6.199229e+03 5.129133e+01 9.043795e+03 1.237609e+04 8.325358e-04     0 -1.718046e-01 2.010763e+01 8.931345e+01 2.346689e-01 7.218246e-04 
1.278000e+02 1.485020e-02 1.645540e-01 1.225926e+00 1.145502e+04 6.207606e+03 5.066682e+01 9.043795e+03 1.237609e+04 8.535000e-04     0 -1.721944e-01 2.011632e+01 8.932405e+01 2.345421e-01 6.937642e-04 
1.279000e+02 1.489185e-02 1.644617e-01 1.226447e+00 1.145806e+04 6.215986e+03 5.004227e+01 9.043795e+03 1.237609e+04 8.655512e-04     0 -1.725323e-01 2.012570e+01 8.933474e+01 2.344493e-01 6.664751e-04 
  128 1.492569e-02 1.644370e-01 1.226967e+00 1.146108e+04 6.224368e+03 4.941765e+01 9.098790e+03 1.238956e+04 8.729419e-04     0 -1.727234e-01 2.013585e+01 8.934548e+01 2.344236e-01 6.410993e-04 
1.281000e+02 1.495139e-02 1.644454e-01 1.227485e+00 1.146411e+04 6.232752e+03 4.879303e+01 9.098790e+03 1.238956e+04 9.470942e-04     0 -1.714202e-01 2.014755e+01 8.935616e+01 2.344148e-01 6.179082e-04 
1.282000e+02 1.496284e-02 1.643797e-01 1.227999e+00 1.146713e+04 6.241139e+03 4.816854e+01 9.098790e+03 1.238956e+04 9.745491e-04     0 -1.714108e-01 2.016010e+01 8.936679e+01 2.343253e-01 5.951022e-04 
1.283000e+02 1.496162e-02 1.642683e-01 1.228510e+00 1.147015e+04 6.249528e+03 4.754416e+01 9.098790e+03 1.238956e+04 9.826506e-04     0 -1.718039e-01 2.017356e+01 8.937748e+01 2.341988e-01 5.724128e-04 
1.284000e+02 1.495192e-02 1.641837e-01 1.229019e+00 1.147316e+04 6.257920e+03 4.691979e+01 9.098790e+03 1.238956e+04 9.820541e-04     0 -1.721456e-01 2.018801e+01 8.938827e+01 2.341073e-01 5.506510e-04 
1.285000e+02 1.493737e-02 1.641679e-01 1.229525e+00 1.147617e+04 6.266314e+03 4.629541e+01 9.153780e+03 1.240303e+04 9.773042e-04     0 -1.723410e-01 2.020351e+01 8.939912e+01 2.340835e-01 5.309193e-04 
1.286000e+02 1.491769e-02 1.641862e-01 1.230028e+00 1.147918e+04 6.274711e+03 4.567109e+01 9.153780e+03 1.240303e+04 1.039490e-03     0 -1.710442e-01 2.022079e+01 8.940993e+01 2.340773e-01 5.134508e-04 
1.287000e+02 1.488683e-02 1.641314e-01 1.230526e+00 1.148218e+04 6.283110e+03 4.504697e+01 9.153780e+03 1.240303e+04 1.055949e-03     0 -1.710408e-01 2.023914e+01 8.942069e+01 2.339908e-01 4.964153e-04 
1.288000e+02 1.484628e-02 1.640318e-01 1.231019e+00 1.148518e+04 6.291512e+03 4.442302e+01 9.153780e+03 1.240303e+04 1.053861e-03     0 -1.714397e-01 2.025861e+01 8.943153e+01 2.338679e-01 4.794953e-04 
1.289000e+02 1.480010e-02 1.639601e-01 1.231510e+00 1.148817e+04 6.299916e+03 4.379917e+01 9.153780e+03 1.240303e+04 1.043806e-03     0 -1.717871e-01 2.027924e+01 8.944248e+01 2.337802e-01 4.634346e-04 
  129 1.475181e-02 1.639581e-01 1.231997e+00 1.149116e+04 6.308323e+03 4.317538e+01 9.208766e+03 1.241649e+04 1.030282e-03     0 -1.719881e-01 2.030107e+01 8.945350e+01 2.337606e-01 4.492617e-04 
1.291000e+02 1.470112e-02 1.639909e-01 1.232481e+00 1.149415e+04 6.316732e+03 4.255174e+01 9.208766e+03 1.241649e+04 1.080959e-03     0 -1.706987e-01 2.032483e+01 8.946448e+01 2.337586e-01 4.371775e-04 
1.292000e+02 1.464218e-02 1.639513e-01 1.232959e+00 1.149713e+04 6.325144e+03 4.192839e+01 9.208766e+03 1.241649e+04 1.088715e-03     0 -1.707016e-01 2.034979e+01 8.947542e+01 2.336763e-01 4.254196e-04 
1.293000e+02 1.457634e-02 1.638676e-01 1.233433e+00 1.150011e+04 6.333559e+03 4.130532e+01 9.208766e+03 1.241649e+04 1.079393e-03     0 -1.711059e-01 2.037598e+01 8.948644e+01 2.335576e-01 4.136609e-04 
1.294000e+02 1.450737e-02 1.638123e-01 1.233904e+00 1.150309e+04 6.341975e+03 4.068244e+01 9.208766e+03 1.241649e+04 1.063037e-03     0 -1.714581e-01 2.040343e+01 8.949757e+01 2.334740e-01 4.025784e-04 
1.295000e+02 1.443848e-02 1.638273e-01 1.234371e+00 1.150606e+04 6.350395e+03 4.005974e+01 9.263744e+03 1.242996e+04 1.043904e-03     0 -1.716636e-01 2.043217e+01 8.950877e+01 2.334584e-01 3.931176e-04 
1.296000e+02 1.436935e-02 1.638775e-01 1.234834e+00 1.150903e+04 6.358816e+03 3.943730e+01 9.263744e+03 1.242996e+04 1.084826e-03     0 -1.703803e-01 2.046292e+01 8.951993e+01 2.334601e-01 3.854561e-04 
1.297000e+02 1.429445e-02 1.638556e-01 1.235293e+00 1.151200e+04 6.367241e+03 3.881528e+01 9.263744e+03 1.242996e+04 1.086369e-03     0 -1.703876e-01 2.049493e+01 8.953105e+01 2.333813e-01 3.779504e-04 
1.298000e+02 1.421493e-02 1.637899e-01 1.235746e+00 1.151496e+04 6.375667e+03 3.819365e+01 9.263744e+03 1.242996e+04 1.072505e-03     0 -1.707953e-01 2.052824e+01 8.954224e+01 2.332657e-01 3.702885e-04 
1.299000e+02 1.413421e-02 1.637529e-01 1.236197e+00 1.151792e+04 6.384096e+03 3.757236e+01 9.263744e+03 1.242996e+04 1.052539e-03     0 -1.711500e-01 2.056286e+01 8.955354e+01 2.331851e-01 3.630881e-04 
  130 1.405514e-02 1.637863e-01 1.236644e+00 1.152087e+04 6.392528e+03 3.695139e+01 9.318715e+03 1.244342e+04 1.030396e-03     0 -1.713575e-01 2.059882e+01 8.956491e+01 2.331719e-01 3.572155e-04 
1.301000e+02 1.397735e-02 1.638551e-01 1.237088e+00 1.152382e+04 6.400962e+03 3.633082e+01 9.318715e+03 1.244342e+04 1.063765e-03     0 -1.700783e-01 2.063682e+01 8.957622e+01 2.331759e-01 3.528325e-04 
1.302000e+02 1.389567e-02 1.638517e-01 1.237527e+00 1.152677e+04 6.409399e+03 3.571081e+01 9.318715e+03 1.244342e+04 1.061330e-03     0 -1.700875e-01 2.067612e+01 8.958749e+01 2.330988e-01 3.484301e-04 
1.303000e+02 1.381107e-02 1.638046e-01 1.237962e+00 1.152971e+04 6.417837e+03 3.509136e+01 9.318715e+03 1.244342e+04 1.045083e-03     0 -1.704960e-01 2.071674e+01 8.959883e+01 2.329848e-01 3.437237e-04 
1.304000e+02 1.372658e-02 1.637863e-01 1.238393e+00 1.153266e+04 6.426279e+03 3.447239e+01 9.318715e+03 1.244342e+04 1.023547e-03     0 -1.708507e-01 2.075870e+01 8.961027e+01 2.329053e-01 3.392813e-04 
1.305000e+02 1.364475e-02 1.638383e-01 1.238822e+00 1.153559e+04 6.434723e+03 3.385389e+01 9.373677e+03 1.245688e+04 1.000307e-03     0 -1.710578e-01 2.080202e+01 8.962176e+01 2.328931e-01 3.358991e-04 
1.306000e+02 1.356515e-02 1.639254e-01 1.239248e+00 1.153853e+04 6.443169e+03 3.323596e+01 9.373677e+03 1.245688e+04 1.028243e-03     0 -1.697808e-01 2.084739e+01 8.963319e+01 2.328974e-01 3.337285e-04 
1.307000e+02 1.348295e-02 1.639403e-01 1.239669e+00 1.154146e+04 6.451618e+03 3.261875e+01 9.373677e+03 1.245688e+04 1.023599e-03     0 -1.697898e-01 2.089408e+01 8.964457e+01 2.328205e-01 3.313901e-04 
1.308000e+02 1.339897e-02 1.639115e-01 1.240087e+00 1.154439e+04 6.460069e+03 3.200225e+01 9.373677e+03 1.245688e+04 1.006524e-03     0 -1.701968e-01 2.094209e+01 8.965601e+01 2.327064e-01 3.286294e-04 
1.309000e+02 1.331592e-02 1.639113e-01 1.240501e+00 1.154731e+04 6.468522e+03 3.138640e+01 9.373677e+03 1.245688e+04 9.848156e-04     0 -1.705496e-01 2.099144e+01 8.966753e+01 2.326267e-01 3.259742e-04 
  131 1.323607e-02 1.639812e-01 1.240913e+00 1.155023e+04 6.476978e+03 3.077120e+01 9.428628e+03 1.247034e+04 9.617434e-04     0 -1.707545e-01 2.104215e+01 8.967910e+01 2.326138e-01 3.241624e-04 
1.311000e+02 1.315894e-02 1.640860e-01 1.241323e+00 1.155315e+04 6.485436e+03 3.015672e+01 9.428628e+03 1.247034e+04 9.860247e-04     0 -1.694782e-01 2.109492e+01 8.969060e+01 2.326173e-01 3.233376e-04 
1.312000e+02 1.308001e-02 1.641184e-01 1.241728e+00 1.155606e+04 6.493897e+03 2.954313e+01 9.428628e+03 1.247034e+04 9.804399e-04     0 -1.694856e-01 2.114899e+01 8.970204e+01 2.325393e-01 3.222346e-04 
1.313000e+02 1.300000e-02 1.641069e-01 1.242130e+00 1.155897e+04 6.502360e+03 2.893042e+01 9.428628e+03 1.247034e+04 9.635453e-04     0 -1.698898e-01 2.120438e+01 8.971352e+01 2.324240e-01 3.206269e-04 
1.314000e+02 1.292135e-02 1.641238e-01 1.242529e+00 1.156188e+04 6.510826e+03 2.831853e+01 9.428628e+03 1.247034e+04 9.425150e-04     0 -1.702394e-01 2.126111e+01 8.972509e+01 2.323429e-01 3.190106e-04 
1.315000e+02 1.284609e-02 1.642106e-01 1.242927e+00 1.156479e+04 6.519293e+03 2.770745e+01 9.483569e+03 1.248380e+04 9.203496e-04     0 -1.704410e-01 2.131919e+01 8.973669e+01 2.323285e-01 3.180756e-04 
1.316000e+02 1.277373e-02 1.643321e-01 1.243322e+00 1.156769e+04 6.527764e+03 2.709726e+01 9.483569e+03 1.248380e+04 9.423304e-04     0 -1.691649e-01 2.137931e+01 8.974821e+01 2.323302e-01 3.179604e-04 
1.317000e+02 1.270003e-02 1.643809e-01 1.243713e+00 1.157059e+04 6.536236e+03 2.648812e+01 9.483569e+03 1.248380e+04 9.366291e-04     0 -1.691698e-01 2.144072e+01 8.975966e+01 2.322505e-01 3.174937e-04 
1.318000e+02 1.262560e-02 1.643857e-01 1.244101e+00 1.157348e+04 6.544711e+03 2.588003e+01 9.483569e+03 1.248380e+04 9.204916e-04     0 -1.695706e-01 2.150344e+01 8.977115e+01 2.321334e-01 3.164731e-04 
1.319000e+02 1.255268e-02 1.644188e-01 1.244487e+00 1.157638e+04 6.553188e+03 2.527292e+01 9.483569e+03 1.248380e+04 9.005795e-04     0 -1.699163e-01 2.156748e+01 8.978271e+01 2.320505e-01 3.153692e-04 
  132 1.248314e-02 1.645215e-01 1.244871e+00 1.157927e+04 6.561668e+03 2.466678e+01 9.538497e+03 1.249725e+04 8.796745e-04     0 -1.701143e-01 2.163286e+01 8.979431e+01 2.320341e-01 3.148340e-04 
1.321000e+02 1.241647e-02 1.646586e-01 1.245253e+00 1.158215e+04 6.570149e+03 2.406169e+01 9.538497e+03 1.249725e+04 9.003088e-04     0 -1.688383e-01 2.170026e+01 8.980582e+01 2.320338e-01 3.150012e-04 
1.322000e+02 1.234866e-02 1.647229e-01 1.245631e+00 1.158504e+04 6.578633e+03 2.345782e+01 9.538497e+03 1.249725e+04 8.949691e-04     0 -1.688407e-01 2.176893e+01 8.981725e+01 2.319521e-01 3.147749e-04 
1.323000e+02 1.228026e-02 1.647432e-01 1.246007e+00 1.158792e+04 6.587120e+03 2.285515e+01 9.538497e+03 1.249725e+04 8.798547e-04     0 -1.692378e-01 2.183889e+01 8.982872e+01 2.318330e-01 3.139713e-04 
1.324000e+02 1.221337e-02 1.647916e-01 1.246381e+00 1.159080e+04 6.595609e+03 2.225361e+01 9.538497e+03 1.249725e+04 8.612198e-04     0 -1.695798e-01 2.191016e+01 8.984025e+01 2.317482e-01 3.130410e-04 
1.325000e+02 1.214970e-02 1.649093e-01 1.246753e+00 1.159367e+04 6.604100e+03 2.165320e+01 9.593412e+03 1.251070e+04 8.416730e-04     0 -1.697742e-01 2.198273e+01 8.985181e+01 2.317299e-01 3.126055e-04 
1.326000e+02 1.208877e-02 1.650612e-01 1.247123e+00 1.159654e+04 6.612593e+03 2.105400e+01 9.593412e+03 1.251070e+04 8.615845e-04     0 -1.684987e-01 2.205731e+01 8.986329e+01 2.317275e-01 3.127946e-04 
1.327000e+02 1.202674e-02 1.651403e-01 1.247490e+00 1.159941e+04 6.621088e+03 2.045616e+01 9.593412e+03 1.251070e+04 8.568376e-04     0 -1.684987e-01 2.213314e+01 8.987468e+01 2.316439e-01 3.125709e-04 
1.328000e+02 1.196413e-02 1.651752e-01 1.247855e+00 1.160228e+04 6.629586e+03 1.985968e+01 9.593412e+03 1.251070e+04 8.428104e-04     0 -1.688924e-01 2.221023e+01 8.988610e+01 2.315231e-01 3.117649e-04 
1.329000e+02 1.190293e-02 1.652382e-01 1.248218e+00 1.160514e+04 6.638086e+03 1.926449e+01 9.593412e+03 1.251070e+04 8.254384e-04     0 -1.692309e-01 2.228861e+01 8.989759e+01 2.314365e-01 3.108107e-04 
  133 1.184475e-02 1.653704e-01 1.248579e+00 1.160800e+04 6.646589e+03 1.867056e+01 9.648314e+03 1.252415e+04 8.071955e-04     0 -1.694220e-01 2.236827e+01 8.990910e+01 2.314164e-01 3.103059e-04 
1.331000e+02 1.178911e-02 1.655365e-01 1.248939e+00 1.161086e+04 6.655093e+03 1.807799e+01 9.648314e+03 1.252415e+04 8.267588e-04     0 -1.681475e-01 2.244990e+01 8.992052e+01 2.314123e-01 3.103766e-04 
1.332000e+02 1.173234e-02 1.656298e-01 1.249296e+00 1.161372e+04 6.663600e+03 1.748693e+01 9.648314e+03 1.252415e+04 8.226753e-04     0 -1.681455e-01 2.253277e+01 8.993186e+01 2.313270e-01 3.100304e-04 
1.333000e+02 1.167493e-02 1.656789e-01 1.249650e+00 1.161657e+04 6.672109e+03 1.689737e+01 9.648314e+03 1.252415e+04 8.096815e-04     0 -1.685361e-01 2.261687e+01 8.994322e+01 2.312046e-01 3.091083e-04 
1.334000e+02 1.161878e-02 1.657560e-01 1.250003e+00 1.161942e+04 6.680620e+03 1.630924e+01 9.648314e+03 1.252415e+04 7.934642e-04     0 -1.688714e-01 2.270223e+01 8.995465e+01 2.311166e-01 3.080313e-04 
1.335000e+02 1.156543e-02 1.659021e-01 1.250355e+00 1.162227e+04 6.689134e+03 1.572252e+01 9.703201e+03 1.253759e+04 7.763931e-04     0 -1.690596e-01 2.278885e+01 8.996610e+01 2.310950e-01 3.073772e-04 
1.336000e+02 1.151443e-02 1.660819e-01 1.250705e+00 1.162511e+04 6.697650e+03 1.513730e+01 9.703201e+03 1.253759e+04 7.958082e-04     0 -1.677866e-01 2.287742e+01 8.997747e+01 2.310893e-01 3.072689e-04 
1.337000e+02 1.146220e-02 1.661890e-01 1.251052e+00 1.162795e+04 6.706167e+03 1.455373e+01 9.703201e+03 1.253759e+04 7.923639e-04     0 -1.677830e-01 2.296719e+01 8.998874e+01 2.310027e-01 3.067491e-04 
1.338000e+02 1.140927e-02 1.662519e-01 1.251397e+00 1.163079e+04 6.714688e+03 1.397179e+01 9.703201e+03 1.253759e+04 7.802909e-04     0 -1.681710e-01 2.305817e+01 9.000005e+01 2.308791e-01 3.056663e-04 
1.339000e+02 1.135743e-02 1.663428e-01 1.251741e+00 1.163363e+04 6.723210e+03 1.339142e+01 9.703201e+03 1.253759e+04 7.650806e-04     0 -1.685033e-01 2.315037e+01 9.001142e+01 2.307899e-01 3.044305e-04 
  134 1.130819e-02 1.665025e-01 1.252083e+00 1.163646e+04 6.731734e+03 1.281260e+01 9.758074e+03 1.255103e+04 7.490207e-04     0 -1.686889e-01 2.324381e+01 9.002281e+01 2.307671e-01 3.036032e-04 
1.341000e+02 1.126110e-02 1.666958e-01 1.252424e+00 1.163929e+04 6.740261e+03 1.223541e+01 9.758074e+03 1.255103e+04 7.683728e-04     0 -1.674180e-01 2.333917e+01 9.003411e+01 2.307602e-01 3.033045e-04 
1.342000e+02 1.121271e-02 1.668163e-01 1.252763e+00 1.164212e+04 6.748790e+03 1.166001e+01 9.758074e+03 1.255103e+04 7.654948e-04     0 -1.674131e-01 2.343570e+01 9.004533e+01 2.306724e-01 3.026047e-04 
1.343000e+02 1.116352e-02 1.668928e-01 1.253099e+00 1.164494e+04 6.757321e+03 1.108637e+01 9.758074e+03 1.255103e+04 7.542099e-04     0 -1.677985e-01 2.353341e+01 9.005658e+01 2.305479e-01 3.013579e-04 
1.344000e+02 1.111528e-02 1.669972e-01 1.253434e+00 1.164777e+04 6.765854e+03 1.051443e+01 9.758074e+03 1.255103e+04 7.398522e-04     0 -1.681282e-01 2.363231e+01 9.006789e+01 2.304578e-01 2.999644e-04 
1.345000e+02 1.106945e-02 1.671702e-01 1.253768e+00 1.165059e+04 6.774389e+03 9.944176e+00 9.812932e+03 1.256447e+04 7.246437e-04     0 -1.683114e-01 2.373242e+01 9.007922e+01 2.304339e-01 2.989724e-04 
1.346000e+02 1.102561e-02 1.673767e-01 1.254100e+00 1.165341e+04 6.782927e+03 9.375685e+00 9.812932e+03 1.256447e+04 7.439478e-04     0 -1.670429e-01 2.383442e+01 9.009046e+01 2.304259e-01 2.984988e-04 
1.347000e+02 1.098039e-02 1.675104e-01 1.254430e+00 1.165622e+04 6.791466e+03 8.809105e+00 9.812932e+03 1.256447e+04 7.415442e-04     0 -1.670369e-01 2.393755e+01 9.010162e+01 2.303372e-01 2.976369e-04 
1.348000e+02 1.093428e-02 1.676002e-01 1.254758e+00 1.165904e+04 6.800008e+03 8.244426e+00 9.812932e+03 1.256447e+04 7.309170e-04     0 -1.674199e-01 2.404184e+01 9.011280e+01 2.302119e-01 2.962450e-04 
1.349000e+02 1.088901e-02 1.677178e-01 1.255085e+00 1.166185e+04 6.808552e+03 7.681576e+00 9.812932e+03 1.256447e+04 7.172696e-04     0 -1.677471e-01 2.414729e+01 9.012405e+01 2.301210e-01 2.947148e-04 
  135 1.084599e-02 1.679039e-01 1.255411e+00 1.166465e+04 6.817098e+03 7.120533e+00 9.867774e+03 1.257790e+04 7.027692e-04     0 -1.679280e-01 2.425392e+01 9.013533e+01 2.300963e-01 2.935825e-04 
1.351000e+02 1.080481e-02 1.681233e-01 1.255735e+00 1.166746e+04 6.825646e+03 6.561385e+00 9.867774e+03 1.257790e+04 7.220006e-04     0 -1.666621e-01 2.436239e+01 9.014651e+01 2.300873e-01 2.929626e-04 
1.352000e+02 1.076219e-02 1.682700e-01 1.256057e+00 1.167026e+04 6.834196e+03 6.004276e+00 9.867774e+03 1.257790e+04 7.199784e-04     0 -1.666551e-01 2.447198e+01 9.015761e+01 2.299978e-01 2.919677e-04 
1.353000e+02 1.071862e-02 1.683728e-01 1.256377e+00 1.167306e+04 6.842749e+03 5.449194e+00 9.867774e+03 1.257790e+04 7.098929e-04     0 -1.670357e-01 2.458268e+01 9.016873e+01 2.298718e-01 2.904595e-04 
1.354000e+02 1.067579e-02 1.685034e-01 1.256696e+00 1.167586e+04 6.851303e+03 4.896067e+00 9.867774e+03 1.257790e+04 6.968339e-04     0 -1.673604e-01 2.469452e+01 9.017993e+01 2.297802e-01 2.888217e-04 
1.355000e+02 1.063507e-02 1.687023e-01 1.257013e+00 1.167866e+04 6.859860e+03 4.344874e+00 9.922601e+03 1.259133e+04 6.829213e-04     0 -1.675392e-01 2.480749e+01 9.019114e+01 2.297546e-01 2.875799e-04 
1.356000e+02 1.059607e-02 1.689343e-01 1.257330e+00 1.168145e+04 6.868418e+03 3.795701e+00 9.922601e+03 1.259133e+04 7.020363e-04     0 -1.662760e-01 2.492228e+01 9.020226e+01 2.297448e-01 2.868460e-04 
1.357000e+02 1.055559e-02 1.690937e-01 1.257644e+00 1.168424e+04 6.876979e+03 3.248690e+00 9.922601e+03 1.259133e+04 7.003108e-04     0 -1.662680e-01 2.503815e+01 9.021330e+01 2.296545e-01 2.857502e-04 
1.358000e+02 1.051413e-02 1.692093e-01 1.257956e+00 1.168703e+04 6.885542e+03 2.703832e+00 9.922601e+03 1.259133e+04 6.906698e-04     0 -1.666463e-01 2.515509e+01 9.022437e+01 2.295278e-01 2.841568e-04 
1.359000e+02 1.047331e-02 1.693525e-01 1.258267e+00 1.168982e+04 6.894107e+03 2.161053e+00 9.922601e+03 1.259133e+04 6.781004e-04     0 -1.669685e-01 2.527314e+01 9.023551e+01 2.294355e-01 2.824422e-04 
  136 1.043450e-02 1.695639e-01 1.258578e+00 1.169260e+04 6.902674e+03 1.620331e+00 9.977411e+03 1.260475e+04 6.646793e-04     0 -1.671450e-01 2.539229e+01 9.024667e+01 2.294091e-01 2.811218e-04 
1.361000e+02 1.039731e-02 1.698083e-01 1.258886e+00 1.169538e+04 6.911243e+03 1.081751e+00 9.977411e+03 1.260475e+04 6.836277e-04     0 -1.658846e-01 2.551322e+01 9.025773e+01 2.293984e-01 2.803054e-04 
1.362000e+02 1.035862e-02 1.699801e-01 1.259193e+00 1.169816e+04 6.919814e+03 5.454566e-01 9.977411e+03 1.260475e+04 6.821270e-04     0 -1.658755e-01 2.563519e+01 9.026871e+01 2.293073e-01 2.791392e-04 
1.363000e+02 1.031891e-02 1.701080e-01 1.259498e+00 1.170094e+04 6.928387e+03 1.143555e-02 9.977411e+03 1.260475e+04 6.728529e-04     0 -1.662514e-01 2.575821e+01 9.027973e+01 2.291800e-01 2.774901e-04 
1.364000e+02 1.027979e-02 1.702634e-01 1.259801e+00 1.170371e+04 6.936962e+03     0 9.977411e+03 1.260475e+04 6.606961e-04     0 -1.665445e-01 2.583578e+01 9.029066e+01 2.290870e-01 2.757279e-04 
1.365000e+02 1.024257e-02 1.704819e-01 1.260104e+00 1.170648e+04 6.945539e+03     0 1.003220e+04 1.261817e+04 6.476917e-04     0 -1.665910e-01 2.590732e+01 9.030127e+01 2.290556e-01 2.743601e-04 
1.366000e+02 1.020685e-02 1.707160e-01 1.260405e+00 1.170925e+04 6.954118e+03     0 1.003220e+04 1.261817e+04 6.664147e-04     0 -1.651938e-01 2.598054e+01 9.031145e+01 2.290244e-01 2.734963e-04 
1.367000e+02 1.016959e-02 1.708526e-01 1.260704e+00 1.171202e+04 6.962699e+03     0 1.003220e+04 1.261817e+04 6.650647e-04     0 -1.650651e-01 2.605472e+01 9.032123e+01 2.288926e-01 2.723018e-04 
1.368000e+02 1.013124e-02 1.709196e-01 1.261001e+00 1.171479e+04 6.971282e+03     0 1.003220e+04 1.261817e+04 6.560733e-04     0 -1.653359e-01 2.612976e+01 9.033077e+01 2.287064e-01 2.706484e-04 
1.369000e+02 1.009339e-02 1.709923e-01 1.261297e+00 1.171755e+04 6.979867e+03     0 1.003220e+04 1.261817e+04 6.442350e-04     0 -1.655542e-01 2.620559e+01 9.034015e+01 2.285420e-01 2.689000e-04 
  137 1.005732e-02 1.711154e-01 1.261591e+00 1.172031e+04 6.988454e+03     0 1.008698e+04 1.263159e+04 6.315454e-04     0 -1.656250e-01 2.628213e+01 9.034936e+01 2.284366e-01 2.675524e-04 
1.371000e+02 1.002270e-02 1.712575e-01 1.261884e+00 1.172307e+04 6.997042e+03     0 1.008698e+04 1.263159e+04 6.496547e-04     0 -1.642669e-01 2.635998e+01 9.035834e+01 2.283443e-01 2.667136e-04 
1.372000e+02 9.986589e-03 1.713164e-01 1.262175e+00 1.172582e+04 7.005633e+03     0 1.008698e+04 1.263159e+04 6.482643e-04     0 -1.641537e-01 2.643836e+01 9.036713e+01 2.281725e-01 2.655725e-04 
1.373000e+02 9.949453e-03 1.713226e-01 1.262464e+00 1.172858e+04 7.014225e+03     0 1.008698e+04 1.263159e+04 6.394538e-04     0 -1.644273e-01 2.651722e+01 9.037587e+01 2.279669e-01 2.640024e-04 
1.374000e+02 9.912820e-03 1.713490e-01 1.262752e+00 1.173133e+04 7.022819e+03     0 1.008698e+04 1.263159e+04 6.278832e-04     0 -1.646510e-01 2.659652e+01 9.038462e+01 2.277991e-01 2.623535e-04 
1.375000e+02 9.877946e-03 1.714368e-01 1.263039e+00 1.173408e+04 7.031414e+03     0 1.014175e+04 1.264500e+04 6.154917e-04     0 -1.647375e-01 2.667621e+01 9.039337e+01 2.277011e-01 2.611039e-04 
1.376000e+02 9.844506e-03 1.715522e-01 1.263325e+00 1.173683e+04 7.040012e+03     0 1.014175e+04 1.264500e+04 6.329659e-04     0 -1.634093e-01 2.675693e+01 9.040204e+01 2.276235e-01 2.603554e-04 
1.377000e+02 9.809641e-03 1.715913e-01 1.263608e+00 1.173957e+04 7.048611e+03     0 1.014175e+04 1.264500e+04 6.315414e-04     0 -1.633297e-01 2.683793e+01 9.041065e+01 2.274716e-01 2.593196e-04 
1.378000e+02 9.773814e-03 1.715838e-01 1.263890e+00 1.174231e+04 7.057211e+03     0 1.014175e+04 1.264500e+04 6.229299e-04     0 -1.636391e-01 2.691917e+01 9.041933e+01 2.272894e-01 2.578708e-04 
1.379000e+02 9.738502e-03 1.716018e-01 1.264171e+00 1.174505e+04 7.065814e+03     0 1.014175e+04 1.264500e+04 6.116495e-04     0 -1.638996e-01 2.700064e+01 9.042813e+01 2.271474e-01 2.563457e-04 
  138 9.704914e-03 1.716856e-01 1.264451e+00 1.174779e+04 7.074418e+03     0 1.019650e+04 1.265841e+04 5.995794e-04     0 -1.640231e-01 2.708232e+01 9.043703e+01 2.270766e-01 2.552052e-04 
1.381000e+02 9.672737e-03 1.718008e-01 1.264730e+00 1.175053e+04 7.083024e+03     0 1.019650e+04 1.265841e+04 6.166560e-04     0 -1.627348e-01 2.716485e+01 9.044592e+01 2.270268e-01 2.545444e-04 
1.382000e+02 9.639177e-03 1.718432e-01 1.265007e+00 1.175326e+04 7.091631e+03     0 1.019650e+04 1.265841e+04 6.152961e-04     0 -1.626908e-01 2.724749e+01 9.045481e+01 2.269026e-01 2.535906e-04 
1.383000e+02 9.604689e-03 1.718418e-01 1.265282e+00 1.175599e+04 7.100241e+03     0 1.019650e+04 1.265841e+04 6.069271e-04     0 -1.630330e-01 2.733025e+01 9.046384e+01 2.267477e-01 2.522192e-04 
1.384000e+02 9.570709e-03 1.718679e-01 1.265556e+00 1.175872e+04 7.108852e+03     0 1.019650e+04 1.265841e+04 5.959568e-04     0 -1.633241e-01 2.741311e+01 9.047303e+01 2.266318e-01 2.507578e-04 
1.385000e+02 9.538411e-03 1.719617e-01 1.265829e+00 1.176145e+04 7.117464e+03     0 1.025124e+04 1.267182e+04 5.842176e-04     0 -1.634760e-01 2.749605e+01 9.048235e+01 2.265856e-01 2.496568e-04 
1.386000e+02 9.507489e-03 1.720881e-01 1.266102e+00 1.176418e+04 7.126079e+03     0 1.025124e+04 1.267182e+04 6.010268e-04     0 -1.622176e-01 2.757974e+01 9.049168e+01 2.265587e-01 2.490094e-04 
1.387000e+02 9.475212e-03 1.721427e-01 1.266372e+00 1.176690e+04 7.134695e+03     0 1.025124e+04 1.267182e+04 5.997785e-04     0 -1.621978e-01 2.766345e+01 9.050104e+01 2.264557e-01 2.480597e-04 
1.388000e+02 9.442025e-03 1.721545e-01 1.266641e+00 1.176962e+04 7.143313e+03     0 1.025124e+04 1.267182e+04 5.916658e-04     0 -1.625605e-01 2.774719e+01 9.051054e+01 2.263202e-01 2.466876e-04 
1.389000e+02 9.409329e-03 1.721942e-01 1.266909e+00 1.177234e+04 7.151932e+03     0 1.025124e+04 1.267182e+04 5.810052e-04     0 -1.628693e-01 2.783095e+01 9.052020e+01 2.262218e-01 2.452163e-04 
  139 9.378265e-03 1.723017e-01 1.267176e+00 1.177506e+04 7.160554e+03     0 1.030596e+04 1.268522e+04 5.695900e-04     0 -1.630366e-01 2.791474e+01 9.052998e+01 2.261910e-01 2.440900e-04 
1.391000e+02 9.348533e-03 1.724418e-01 1.267442e+00 1.177777e+04 7.169177e+03     0 1.030596e+04 1.268522e+04 5.862060e-04     0 -1.617952e-01 2.799919e+01 9.053978e+01 2.261774e-01 2.434020e-04 
1.392000e+02 9.317458e-03 1.725101e-01 1.267706e+00 1.178048e+04 7.177801e+03     0 1.030596e+04 1.268522e+04 5.850865e-04     0 -1.617868e-01 2.808362e+01 9.054958e+01 2.260861e-01 2.424118e-04 
1.393000e+02 9.285477e-03 1.725353e-01 1.267968e+00 1.178320e+04 7.186428e+03     0 1.030596e+04 1.268522e+04 5.772240e-04     0 -1.621576e-01 2.816802e+01 9.055950e+01 2.259605e-01 2.410033e-04 
1.394000e+02 9.253958e-03 1.725881e-01 1.268230e+00 1.178590e+04 7.195056e+03     0 1.030596e+04 1.268522e+04 5.668565e-04     0 -1.624722e-01 2.825240e+01 9.056956e+01 2.258703e-01 2.394960e-04 
1.395000e+02 9.224013e-03 1.727080e-01 1.268491e+00 1.178861e+04 7.203686e+03     0 1.036067e+04 1.269862e+04 5.557431e-04     0 -1.626437e-01 2.833675e+01 9.057973e+01 2.258459e-01 2.383278e-04 
1.396000e+02 9.195349e-03 1.728598e-01 1.268751e+00 1.179132e+04 7.212318e+03     0 1.036067e+04 1.269862e+04 5.721739e-04     0 -1.614092e-01 2.842174e+01 9.058987e+01 2.258373e-01 2.375915e-04 
1.397000e+02 9.165347e-03 1.729394e-01 1.269009e+00 1.179402e+04 7.220952e+03     0 1.036067e+04 1.269862e+04 5.711682e-04     0 -1.614028e-01 2.850667e+01 9.060000e+01 2.257496e-01 2.365602e-04 
1.398000e+02 9.134438e-03 1.729752e-01 1.269265e+00 1.179672e+04 7.229587e+03     0 1.036067e+04 1.269862e+04 5.635310e-04     0 -1.617728e-01 2.859154e+01 9.061022e+01 2.256265e-01 2.351202e-04 
1.399000e+02 9.103958e-03 1.730380e-01 1.269521e+00 1.179942e+04 7.238224e+03     0 1.036067e+04 1.269862e+04 5.534273e-04     0 -1.620853e-01 2.867635e+01 9.062056e+01 2.255377e-01 2.335861e-04 
  140 9.074995e-03 1.731669e-01 1.269776e+00 1.180212e+04 7.246863e+03     0 1.041537e+04 1.271202e+04 5.425849e-04     0 -1.622537e-01 2.876112e+01 9.063097e+01 2.255136e-01 2.323889e-04 
1.401000e+02 9.047265e-03 1.733270e-01 1.270029e+00 1.180481e+04 7.255504e+03     0 1.041537e+04 1.271202e+04 5.587917e-04     0 -1.610203e-01 2.884650e+01 9.064133e+01 2.255042e-01 2.316204e-04 
1.402000e+02 9.018204e-03 1.734141e-01 1.270281e+00 1.180750e+04 7.264146e+03     0 1.041537e+04 1.271202e+04 5.578655e-04     0 -1.610103e-01 2.893179e+01 9.065165e+01 2.254152e-01 2.305661e-04 
1.403000e+02 8.988240e-03 1.734569e-01 1.270532e+00 1.181020e+04 7.272791e+03     0 1.041537e+04 1.271202e+04 5.504221e-04     0 -1.613747e-01 2.901701e+01 9.066204e+01 2.252902e-01 2.291145e-04 
1.404000e+02 8.958679e-03 1.735259e-01 1.270781e+00 1.181289e+04 7.281437e+03     0 1.041537e+04 1.271202e+04 5.405523e-04     0 -1.616810e-01 2.910215e+01 9.067252e+01 2.251988e-01 2.275747e-04 
1.405000e+02 8.930582e-03 1.736602e-01 1.271030e+00 1.181557e+04 7.290084e+03     0 1.047005e+04 1.272541e+04 5.299523e-04     0 -1.618432e-01 2.918724e+01 9.068304e+01 2.251715e-01 2.263698e-04 
1.406000e+02 8.903676e-03 1.738249e-01 1.271278e+00 1.181826e+04 7.298734e+03     0 1.047005e+04 1.272541e+04 5.458823e-04     0 -1.606083e-01 2.927291e+01 9.069350e+01 2.251586e-01 2.255901e-04 
1.407000e+02 8.875458e-03 1.739161e-01 1.271524e+00 1.182094e+04 7.307385e+03     0 1.047005e+04 1.272541e+04 5.450011e-04     0 -1.605927e-01 2.935849e+01 9.070389e+01 2.250659e-01 2.245343e-04 
1.408000e+02 8.846350e-03 1.739626e-01 1.271769e+00 1.182362e+04 7.316038e+03     0 1.047005e+04 1.272541e+04 5.377248e-04     0 -1.609500e-01 2.944399e+01 9.071433e+01 2.249372e-01 2.230929e-04 
1.409000e+02 8.817625e-03 1.740347e-01 1.272013e+00 1.182631e+04 7.324693e+03     0 1.047005e+04 1.272541e+04 5.280665e-04     0 -1.612490e-01 2.952940e+01 9.072484e+01 2.248419e-01 2.215687e-04 
  141 8.790321e-03 1.741715e-01 1.272256e+00 1.182898e+04 7.333349e+03     0 1.052471e+04 1.273880e+04 5.176891e-04     0 -1.614044e-01 2.961474e+01 9.073538e+01 2.248105e-01 2.203767e-04 
1.411000e+02 8.764172e-03 1.743380e-01 1.272498e+00 1.183166e+04 7.342007e+03     0 1.052471e+04 1.273880e+04 5.332965e-04     0 -1.601679e-01 2.970066e+01 9.074585e+01 2.247933e-01 2.196051e-04 
1.412000e+02 8.736740e-03 1.744309e-01 1.272738e+00 1.183433e+04 7.350667e+03     0 1.052471e+04 1.273880e+04 5.324342e-04     0 -1.601469e-01 2.978648e+01 9.075623e+01 2.246966e-01 2.185667e-04 
1.413000e+02 8.708437e-03 1.744787e-01 1.272977e+00 1.183701e+04 7.359329e+03     0 1.052471e+04 1.273880e+04 5.253075e-04     0 -1.604976e-01 2.987220e+01 9.076665e+01 2.245640e-01 2.171538e-04 
1.414000e+02 8.680507e-03 1.745517e-01 1.273214e+00 1.183968e+04 7.367992e+03     0 1.052471e+04 1.273880e+04 5.158476e-04     0 -1.607902e-01 2.995784e+01 9.077713e+01 2.244649e-01 2.156629e-04 
1.415000e+02 8.653959e-03 1.746890e-01 1.273452e+00 1.184235e+04 7.376658e+03     0 1.057935e+04 1.275218e+04 5.056824e-04     0 -1.609396e-01 3.004340e+01 9.078764e+01 2.244298e-01 2.144998e-04 
1.416000e+02 8.628538e-03 1.748556e-01 1.273688e+00 1.184502e+04 7.385324e+03     0 1.057935e+04 1.275218e+04 5.209355e-04     0 -1.597029e-01 3.012954e+01 9.079805e+01 2.244090e-01 2.137508e-04 
1.417000e+02 8.601867e-03 1.749484e-01 1.273922e+00 1.184768e+04 7.393993e+03     0 1.057935e+04 1.275218e+04 5.200765e-04     0 -1.596779e-01 3.021557e+01 9.080838e+01 2.243089e-01 2.127433e-04 
1.418000e+02 8.574352e-03 1.749962e-01 1.274155e+00 1.185035e+04 7.402663e+03     0 1.057935e+04 1.275218e+04 5.130908e-04     0 -1.600234e-01 3.030149e+01 9.081875e+01 2.241734e-01 2.113716e-04 
1.419000e+02 8.547204e-03 1.750690e-01 1.274388e+00 1.185301e+04 7.411335e+03     0 1.057935e+04 1.275218e+04 5.038240e-04     0 -1.603110e-01 3.038733e+01 9.082917e+01 2.240715e-01 2.099252e-04 
  142 8.521403e-03 1.752057e-01 1.274619e+00 1.185567e+04 7.420009e+03     0 1.063398e+04 1.276556e+04 4.938676e-04     0 -1.604561e-01 3.047309e+01 9.083961e+01 2.240337e-01 2.088010e-04 
1.421000e+02 8.496704e-03 1.753716e-01 1.274850e+00 1.185833e+04 7.428684e+03     0 1.063398e+04 1.276556e+04 5.087499e-04     0 -1.592209e-01 3.055942e+01 9.084996e+01 2.240103e-01 2.080831e-04 
1.422000e+02 8.470793e-03 1.754637e-01 1.275078e+00 1.186098e+04 7.437362e+03     0 1.063398e+04 1.276556e+04 5.078879e-04     0 -1.591934e-01 3.064564e+01 9.086023e+01 2.239081e-01 2.071139e-04 
1.423000e+02 8.444068e-03 1.755109e-01 1.275306e+00 1.186364e+04 7.446040e+03     0 1.063398e+04 1.276556e+04 5.010411e-04     0 -1.595353e-01 3.073176e+01 9.087052e+01 2.237707e-01 2.057897e-04 
1.424000e+02 8.417707e-03 1.755830e-01 1.275532e+00 1.186629e+04 7.454721e+03     0 1.063398e+04 1.276556e+04 4.919672e-04     0 -1.598195e-01 3.081778e+01 9.088088e+01 2.236673e-01 2.043934e-04 
1.425000e+02 8.392659e-03 1.757190e-01 1.275758e+00 1.186894e+04 7.463403e+03     0 1.068859e+04 1.277894e+04 4.822204e-04     0 -1.599620e-01 3.090372e+01 9.089125e+01 2.236279e-01 2.033124e-04 
1.426000e+02 8.368690e-03 1.758839e-01 1.275983e+00 1.187159e+04 7.472087e+03     0 1.068859e+04 1.277894e+04 4.967283e-04     0 -1.587296e-01 3.099023e+01 9.090154e+01 2.236031e-01 2.026287e-04 
1.427000e+02 8.343548e-03 1.759752e-01 1.276207e+00 1.187424e+04 7.480772e+03     0 1.068859e+04 1.277894e+04 4.958634e-04     0 -1.587012e-01 3.107663e+01 9.091174e+01 2.234999e-01 2.016999e-04 
1.428000e+02 8.317624e-03 1.760218e-01 1.276429e+00 1.187689e+04 7.489460e+03     0 1.068859e+04 1.277894e+04 4.891572e-04     0 -1.590408e-01 3.116292e+01 9.092197e+01 2.233618e-01 2.004248e-04 
1.429000e+02 8.292060e-03 1.760933e-01 1.276650e+00 1.187954e+04 7.498148e+03     0 1.068859e+04 1.277894e+04 4.802788e-04     0 -1.593230e-01 3.124913e+01 9.093227e+01 2.232578e-01 1.990793e-04 
  143 8.267777e-03 1.762286e-01 1.276870e+00 1.188218e+04 7.506839e+03     0 1.074318e+04 1.279231e+04 4.707445e-04     0 -1.594639e-01 3.133524e+01 9.094259e+01 2.232178e-01 1.980415e-04 
1.431000e+02 8.244551e-03 1.763927e-01 1.277090e+00 1.188482e+04 7.515531e+03     0 1.074318e+04 1.279231e+04 4.848833e-04     0 -1.582357e-01 3.142193e+01 9.095283e+01 2.231925e-01 1.973915e-04 
1.432000e+02 8.220189e-03 1.764835e-01 1.277308e+00 1.188746e+04 7.524225e+03     0 1.074318e+04 1.279231e+04 4.840194e-04     0 -1.582072e-01 3.150849e+01 9.096298e+01 2.230891e-01 1.965021e-04 
1.433000e+02 8.195076e-03 1.765298e-01 1.277524e+00 1.189010e+04 7.532920e+03     0 1.074318e+04 1.279231e+04 4.774571e-04     0 -1.585456e-01 3.159496e+01 9.097317e+01 2.229511e-01 1.952743e-04 
1.434000e+02 8.170320e-03 1.766011e-01 1.277740e+00 1.189274e+04 7.541617e+03     0 1.074318e+04 1.279231e+04 4.687772e-04     0 -1.588265e-01 3.168133e+01 9.098342e+01 2.228473e-01 1.939775e-04 
1.435000e+02 8.146812e-03 1.767360e-01 1.277955e+00 1.189537e+04 7.550316e+03     0 1.079775e+04 1.280567e+04 4.594582e-04     0 -1.589666e-01 3.176762e+01 9.099370e+01 2.228074e-01 1.929806e-04 
1.436000e+02 8.124339e-03 1.768997e-01 1.278170e+00 1.189801e+04 7.559016e+03     0 1.079775e+04 1.280567e+04 4.732384e-04     0 -1.577432e-01 3.185447e+01 9.100390e+01 2.227821e-01 1.923617e-04 
1.437000e+02 8.100766e-03 1.769904e-01 1.278382e+00 1.190064e+04 7.567718e+03     0 1.079775e+04 1.280567e+04 4.723809e-04     0 -1.577153e-01 3.194121e+01 9.101402e+01 2.226791e-01 1.915087e-04 
1.438000e+02 8.076470e-03 1.770367e-01 1.278594e+00 1.190327e+04 7.576422e+03     0 1.079775e+04 1.280567e+04 4.659658e-04     0 -1.580529e-01 3.202784e+01 9.102417e+01 2.225416e-01 1.903250e-04 
1.439000e+02 8.052527e-03 1.771081e-01 1.278804e+00 1.190590e+04 7.585127e+03     0 1.079775e+04 1.280567e+04 4.574866e-04     0 -1.583329e-01 3.211438e+01 9.103440e+01 2.224383e-01 1.890733e-04 
  144 8.029799e-03 1.772430e-01 1.279014e+00 1.190853e+04 7.593834e+03     0 1.085231e+04 1.281903e+04 4.483848e-04     0 -1.584727e-01 3.220084e+01 9.104465e+01 2.223989e-01 1.881138e-04 
1.441000e+02 8.008082e-03 1.774067e-01 1.279223e+00 1.191115e+04 7.602542e+03     0 1.085231e+04 1.281903e+04 4.618190e-04     0 -1.572543e-01 3.228785e+01 9.105482e+01 2.223741e-01 1.875226e-04 
1.442000e+02 7.985299e-03 1.774975e-01 1.279431e+00 1.191378e+04 7.611252e+03     0 1.085231e+04 1.281903e+04 4.609733e-04     0 -1.572273e-01 3.237475e+01 9.106492e+01 2.222716e-01 1.867025e-04 
1.443000e+02 7.961821e-03 1.775442e-01 1.279637e+00 1.191640e+04 7.619964e+03     0 1.085231e+04 1.281903e+04 4.547077e-04     0 -1.575642e-01 3.246155e+01 9.107506e+01 2.221349e-01 1.855590e-04 
1.444000e+02 7.938690e-03 1.776161e-01 1.279843e+00 1.191902e+04 7.628677e+03     0 1.085231e+04 1.281903e+04 4.464301e-04     0 -1.578436e-01 3.254825e+01 9.108527e+01 2.220324e-01 1.843488e-04 
1.445000e+02 7.916740e-03 1.777513e-01 1.280048e+00 1.192164e+04 7.637392e+03     0 1.090685e+04 1.283239e+04 4.375457e-04     0 -1.579830e-01 3.263487e+01 9.109550e+01 2.219934e-01 1.834231e-04 
1.446000e+02 7.895776e-03 1.779153e-01 1.280252e+00 1.192426e+04 7.646108e+03     0 1.090685e+04 1.283239e+04 4.506470e-04     0 -1.567697e-01 3.272205e+01 9.110566e+01 2.219691e-01 1.828562e-04 
1.447000e+02 7.873778e-03 1.780066e-01 1.280455e+00 1.192688e+04 7.654826e+03     0 1.090685e+04 1.283239e+04 4.498174e-04     0 -1.567435e-01 3.280911e+01 9.111574e+01 2.218673e-01 1.820653e-04 
1.448000e+02 7.851111e-03 1.780540e-01 1.280656e+00 1.192949e+04 7.663546e+03     0 1.090685e+04 1.283239e+04 4.437021e-04     0 -1.570797e-01 3.289607e+01 9.112587e+01 2.217314e-01 1.809586e-04 
1.449000e+02 7.828784e-03 1.781265e-01 1.280857e+00 1.193210e+04 7.672267e+03     0 1.090685e+04 1.283239e+04 4.356256e-04     0 -1.573583e-01 3.298293e+01 9.113607e+01 2.216295e-01 1.797862e-04 
  145 7.807604e-03 1.782623e-01 1.281057e+00 1.193472e+04 7.680990e+03     0 1.096137e+04 1.284575e+04 4.269575e-04     0 -1.574974e-01 3.306972e+01 9.114629e+01 2.215912e-01 1.788909e-04 
1.451000e+02 7.787384e-03 1.784267e-01 1.281256e+00 1.193733e+04 7.689714e+03     0 1.096137e+04 1.284575e+04 4.397379e-04     0 -1.562891e-01 3.315705e+01 9.115644e+01 2.215672e-01 1.783454e-04 
1.452000e+02 7.766161e-03 1.785187e-01 1.281454e+00 1.193994e+04 7.698440e+03     0 1.096137e+04 1.284575e+04 4.389277e-04     0 -1.562636e-01 3.324427e+01 9.116651e+01 2.214660e-01 1.775809e-04 
1.453000e+02 7.744292e-03 1.785668e-01 1.281650e+00 1.194255e+04 7.707168e+03     0 1.096137e+04 1.284575e+04 4.329625e-04     0 -1.565990e-01 3.333139e+01 9.117663e+01 2.213308e-01 1.765077e-04 
1.454000e+02 7.722755e-03 1.786401e-01 1.281846e+00 1.194515e+04 7.715897e+03     0 1.096137e+04 1.284575e+04 4.250851e-04     0 -1.568766e-01 3.341842e+01 9.118682e+01 2.212296e-01 1.753702e-04 
1.455000e+02 7.702331e-03 1.787766e-01 1.282042e+00 1.194776e+04 7.724627e+03     0 1.101587e+04 1.285909e+04 4.166306e-04     0 -1.570151e-01 3.350537e+01 9.119703e+01 2.211916e-01 1.745027e-04 
1.456000e+02 7.682842e-03 1.789415e-01 1.282236e+00 1.195036e+04 7.733359e+03     0 1.101587e+04 1.285909e+04 4.291012e-04     0 -1.558117e-01 3.359286e+01 9.120717e+01 2.211680e-01 1.739761e-04 
1.457000e+02 7.662378e-03 1.790342e-01 1.282429e+00 1.195296e+04 7.742093e+03     0 1.101587e+04 1.285909e+04 4.283125e-04     0 -1.557867e-01 3.368024e+01 9.121724e+01 2.210673e-01 1.732356e-04 
1.458000e+02 7.641291e-03 1.790833e-01 1.282621e+00 1.195556e+04 7.750828e+03     0 1.101587e+04 1.285909e+04 4.224957e-04     0 -1.561211e-01 3.376752e+01 9.122735e+01 2.209326e-01 1.721935e-04 
1.459000e+02 7.620526e-03 1.791575e-01 1.282812e+00 1.195816e+04 7.759565e+03     0 1.101587e+04 1.285909e+04 4.148145e-04     0 -1.563977e-01 3.385471e+01 9.123753e+01 2.208319e-01 1.710883e-04 
  146 7.600842e-03 1.792946e-01 1.283003e+00 1.196076e+04 7.768304e+03     0 1.107036e+04 1.287244e+04 4.065701e-04     0 -1.565353e-01 3.394181e+01 9.124774e+01 2.207943e-01 1.702465e-04 
1.461000e+02 7.582066e-03 1.794601e-01 1.283193e+00 1.196336e+04 7.777044e+03     0 1.107036e+04 1.287244e+04 4.187407e-04     0 -1.553367e-01 3.402947e+01 9.125787e+01 2.207709e-01 1.697370e-04 
1.462000e+02 7.562343e-03 1.795536e-01 1.283381e+00 1.196595e+04 7.785785e+03     0 1.107036e+04 1.287244e+04 4.179745e-04     0 -1.553121e-01 3.411701e+01 9.126793e+01 2.206705e-01 1.690185e-04 
1.463000e+02 7.542017e-03 1.796036e-01 1.283569e+00 1.196855e+04 7.794528e+03     0 1.107036e+04 1.287244e+04 4.123039e-04     0 -1.556454e-01 3.420444e+01 9.127802e+01 2.205363e-01 1.680056e-04 
1.464000e+02 7.522005e-03 1.796786e-01 1.283755e+00 1.197114e+04 7.803273e+03     0 1.107036e+04 1.287244e+04 4.048152e-04     0 -1.559207e-01 3.429179e+01 9.128819e+01 2.204361e-01 1.669309e-04 
1.465000e+02 7.503040e-03 1.798164e-01 1.283942e+00 1.197373e+04 7.812019e+03     0 1.112483e+04 1.288578e+04 3.967768e-04     0 -1.560575e-01 3.437905e+01 9.129839e+01 2.203986e-01 1.661129e-04 
1.466000e+02 7.484958e-03 1.799825e-01 1.284127e+00 1.197632e+04 7.820766e+03     0 1.112483e+04 1.288578e+04 4.086561e-04     0 -1.548635e-01 3.446686e+01 9.130851e+01 2.203753e-01 1.656192e-04 
1.467000e+02 7.465956e-03 1.800767e-01 1.284311e+00 1.197891e+04 7.829515e+03     0 1.112483e+04 1.288578e+04 4.079128e-04     0 -1.548392e-01 3.455456e+01 9.131856e+01 2.202752e-01 1.649213e-04 
1.468000e+02 7.446369e-03 1.801276e-01 1.284494e+00 1.198149e+04 7.838266e+03     0 1.112483e+04 1.288578e+04 4.023855e-04     0 -1.551712e-01 3.464216e+01 9.132865e+01 2.201414e-01 1.639359e-04 
1.469000e+02 7.427089e-03 1.802034e-01 1.284676e+00 1.198408e+04 7.847018e+03     0 1.112483e+04 1.288578e+04 3.950850e-04     0 -1.554451e-01 3.472966e+01 9.133881e+01 2.200415e-01 1.628902e-04 
  147 7.408822e-03 1.803419e-01 1.284858e+00 1.198666e+04 7.855772e+03     0 1.117927e+04 1.289912e+04 3.872479e-04     0 -1.555810e-01 3.481708e+01 9.134899e+01 2.200042e-01 1.620948e-04 
1.471000e+02 7.391413e-03 1.805086e-01 1.285039e+00 1.198925e+04 7.864527e+03     0 1.117927e+04 1.289912e+04 3.988440e-04     0 -1.543916e-01 3.490505e+01 9.135910e+01 2.199809e-01 1.616158e-04 
1.472000e+02 7.373109e-03 1.806035e-01 1.285219e+00 1.199183e+04 7.873284e+03     0 1.117927e+04 1.289912e+04 3.981235e-04     0 -1.543675e-01 3.499290e+01 9.136913e+01 2.198810e-01 1.609374e-04 
1.473000e+02 7.354239e-03 1.806551e-01 1.285398e+00 1.199441e+04 7.882042e+03     0 1.117927e+04 1.289912e+04 3.927361e-04     0 -1.546982e-01 3.508066e+01 9.137921e+01 2.197476e-01 1.599783e-04 
1.474000e+02 7.335668e-03 1.807318e-01 1.285576e+00 1.199699e+04 7.890802e+03     0 1.117927e+04 1.289912e+04 3.856194e-04     0 -1.549708e-01 3.516832e+01 9.138935e+01 2.196480e-01 1.589602e-04 
1.475000e+02 7.318077e-03 1.808709e-01 1.285753e+00 1.199956e+04 7.899563e+03     0 1.123370e+04 1.291245e+04 3.779787e-04     0 -1.551056e-01 3.525590e+01 9.139952e+01 2.196108e-01 1.581865e-04 
1.476000e+02 7.301320e-03 1.810381e-01 1.285930e+00 1.200214e+04 7.908326e+03     0 1.123370e+04 1.291245e+04 3.892989e-04     0 -1.539209e-01 3.534402e+01 9.140961e+01 2.195875e-01 1.577213e-04 
1.477000e+02 7.283692e-03 1.811336e-01 1.286105e+00 1.200472e+04 7.917090e+03     0 1.123370e+04 1.291245e+04 3.886009e-04     0 -1.538970e-01 3.543203e+01 9.141963e+01 2.194878e-01 1.570615e-04 
1.478000e+02 7.265518e-03 1.811861e-01 1.286280e+00 1.200729e+04 7.925856e+03     0 1.123370e+04 1.291245e+04 3.833500e-04     0 -1.542262e-01 3.551994e+01 9.142969e+01 2.193548e-01 1.561276e-04 
1.479000e+02 7.247632e-03 1.812636e-01 1.286454e+00 1.200986e+04 7.934623e+03     0 1.123370e+04 1.291245e+04 3.764125e-04     0 -1.544974e-01 3.560776e+01 9.143982e+01 2.192554e-01 1.551362e-04 
  148 7.230695e-03 1.814033e-01 1.286627e+00 1.201243e+04 7.943392e+03     0 1.128812e+04 1.292577e+04 3.689633e-04     0 -1.546313e-01 3.569550e+01 9.144997e+01 2.192182e-01 1.543831e-04 
1.481000e+02 7.214569e-03 1.815709e-01 1.286800e+00 1.201500e+04 7.952162e+03     0 1.128812e+04 1.292577e+04 3.800145e-04     0 -1.534512e-01 3.578377e+01 9.146004e+01 2.191950e-01 1.539312e-04 
1.482000e+02 7.197595e-03 1.816671e-01 1.286971e+00 1.201757e+04 7.960934e+03     0 1.128812e+04 1.292577e+04 3.793382e-04     0 -1.534274e-01 3.587194e+01 9.147005e+01 2.190955e-01 1.532892e-04 
1.483000e+02 7.180092e-03 1.817203e-01 1.287142e+00 1.202014e+04 7.969707e+03     0 1.128812e+04 1.292577e+04 3.742204e-04     0 -1.537554e-01 3.596000e+01 9.148009e+01 2.189628e-01 1.523797e-04 
1.484000e+02 7.162870e-03 1.817986e-01 1.287311e+00 1.202271e+04 7.978481e+03     0 1.128812e+04 1.292577e+04 3.674574e-04     0 -1.540251e-01 3.604798e+01 9.149020e+01 2.188637e-01 1.514140e-04 
1.485000e+02 7.146566e-03 1.819388e-01 1.287481e+00 1.202527e+04 7.987257e+03     0 1.134251e+04 1.293910e+04 3.601947e-04     0 -1.541580e-01 3.613587e+01 9.150033e+01 2.188266e-01 1.506809e-04 
1.486000e+02 7.131050e-03 1.821069e-01 1.287649e+00 1.202784e+04 7.996035e+03     0 1.134251e+04 1.293910e+04 3.709836e-04     0 -1.529825e-01 3.622430e+01 9.151039e+01 2.188033e-01 1.502416e-04 
1.487000e+02 7.114708e-03 1.822037e-01 1.287817e+00 1.203040e+04 8.004814e+03     0 1.134251e+04 1.293910e+04 3.703283e-04     0 -1.529590e-01 3.631262e+01 9.152037e+01 2.187041e-01 1.496168e-04 
1.488000e+02 7.097855e-03 1.822577e-01 1.287983e+00 1.203296e+04 8.013595e+03     0 1.134251e+04 1.293910e+04 3.653400e-04     0 -1.532856e-01 3.640084e+01 9.153039e+01 2.185717e-01 1.487308e-04 
1.489000e+02 7.081273e-03 1.823367e-01 1.288149e+00 1.203552e+04 8.022377e+03     0 1.134251e+04 1.293910e+04 3.587469e-04     0 -1.535540e-01 3.648897e+01 9.154048e+01 2.184729e-01 1.477900e-04 
  149 7.065581e-03 1.824775e-01 1.288314e+00 1.203808e+04 8.031160e+03     0 1.139689e+04 1.295241e+04 3.516658e-04     0 -1.536859e-01 3.657702e+01 9.155060e+01 2.184360e-01 1.470762e-04 
1.491000e+02 7.050653e-03 1.826460e-01 1.288479e+00 1.204064e+04 8.039945e+03     0 1.139689e+04 1.295241e+04 3.621985e-04     0 -1.525151e-01 3.666560e+01 9.156063e+01 2.184127e-01 1.466491e-04 
1.492000e+02 7.034922e-03 1.827434e-01 1.288643e+00 1.204319e+04 8.048731e+03     0 1.139689e+04 1.295241e+04 3.615636e-04     0 -1.524917e-01 3.675408e+01 9.157060e+01 2.183137e-01 1.460409e-04 
1.493000e+02 7.018697e-03 1.827983e-01 1.288805e+00 1.204575e+04 8.057519e+03     0 1.139689e+04 1.295241e+04 3.567012e-04     0 -1.528170e-01 3.684245e+01 9.158060e+01 2.181817e-01 1.451779e-04 
1.494000e+02 7.002735e-03 1.828780e-01 1.288967e+00 1.204830e+04 8.066308e+03     0 1.139689e+04 1.295241e+04 3.502735e-04     0 -1.530840e-01 3.693074e+01 9.159067e+01 2.180832e-01 1.442612e-04 
1.495000e+02 6.987633e-03 1.830194e-01 1.289129e+00 1.205086e+04 8.075099e+03     0 1.145124e+04 1.296573e+04 3.433692e-04     0 -1.532150e-01 3.701894e+01 9.160077e+01 2.180464e-01 1.435661e-04 
1.496000e+02 6.973274e-03 1.831882e-01 1.289290e+00 1.205341e+04 8.083891e+03     0 1.145124e+04 1.296573e+04 3.536518e-04     0 -1.520489e-01 3.710768e+01 9.161078e+01 2.180231e-01 1.431508e-04 
1.497000e+02 6.958133e-03 1.832863e-01 1.289449e+00 1.205596e+04 8.092684e+03     0 1.145124e+04 1.296573e+04 3.530363e-04     0 -1.520258e-01 3.719630e+01 9.162073e+01 2.179243e-01 1.425587e-04 
1.498000e+02 6.942514e-03 1.833419e-01 1.289608e+00 1.205851e+04 8.101479e+03     0 1.145124e+04 1.296573e+04 3.482965e-04     0 -1.523497e-01 3.728483e+01 9.163071e+01 2.177927e-01 1.417179e-04 
1.499000e+02 6.927150e-03 1.834223e-01 1.289766e+00 1.206106e+04 8.110276e+03     0 1.145124e+04 1.296573e+04 3.420297e-04     0 -1.526154e-01 3.737327e+01 9.164076e+01 2.176945e-01 1.408248e-04 
  150 6.912619e-03 1.835643e-01 1.289924e+00 1.206360e+04 8.119074e+03     0 1.150558e+04 1.202106e+04 3.352975e-04     0 -1.527454e-01 3.746163e+01 9.165083e+01 2.176578e-01 1.401479e-04 
1.501000e+02 7.722343e-03 1.837340e-01 1.290031e+00 1.206615e+04 8.127873e+03     0 1.150558e+04 1.202106e+04 -2.587540e-02     0 -1.515772e-01 3.755051e+01 9.166083e+01 2.176345e-01 4.429080e-04 
1.502000e+02 1.209712e-02 1.838361e-01 1.289800e+00 1.206870e+04 8.136674e+03     0 1.150558e+04 1.202106e+04 -3.514091e-02     0 -1.515557e-01 3.763929e+01 9.167075e+01 2.175300e-01 2.040881e-03 
1.503000e+02 2.046734e-02 1.839090e-01 1.288985e+00 1.207124e+04 8.145477e+03     0 1.150558e+04 1.202106e+04 -3.753152e-02     0 -1.518715e-01 3.772797e+01 9.168071e+01 2.173697e-01 5.214079e-03 
1.504000e+02 3.122527e-02 1.840351e-01 1.287593e+00 1.207377e+04 8.154282e+03     0 1.150558e+04 1.202106e+04 -3.691854e-02     0 -1.521139e-01 3.781657e+01 9.169075e+01 2.171999e-01 9.690590e-03 
1.505000e+02 4.282945e-02 1.842640e-01 1.285857e+00 1.207630e+04 8.163090e+03     0 1.155328e+04 1.200239e+04 -3.498158e-02     0 -1.521886e-01 3.790508e+01 9.170080e+01 2.170439e-01 1.496356e-02 
1.506000e+02 5.435321e-02 1.846166e-01 1.284144e+00 1.207882e+04 8.171903e+03     0 1.155328e+04 1.200239e+04 -3.378482e-02     0 -1.527827e-01 3.799319e+01 9.171079e+01 2.169276e-01 2.048107e-02 
1.507000e+02 6.545287e-02 1.851058e-01 1.282853e+00 1.208133e+04 8.180719e+03     0 1.155328e+04 1.200239e+04 -3.164874e-02     0 -1.527114e-01 3.808127e+01 9.172059e+01 2.168817e-01 2.576941e-02 
1.508000e+02 7.598153e-02 1.856613e-01 1.282349e+00 1.208382e+04 8.189542e+03     0 1.155328e+04 1.200239e+04 -2.924460e-02     0 -1.524611e-01 3.816930e+01 9.173008e+01 2.168708e-01 3.042428e-02 
1.509000e+02 8.595336e-02 1.861927e-01 1.282929e+00 1.208630e+04 8.198370e+03     0 1.155328e+04 1.200239e+04 -2.682615e-02     0 -1.522811e-01 3.825730e+01 9.173926e+01 2.168539e-01 3.414613e-02 
  151 9.549722e-02 1.866344e-01 1.284795e+00 1.208875e+04 8.207204e+03     0 1.160138e+04 1.198357e+04 -2.447198e-02     0 -1.522317e-01 3.834527e+01 9.174823e+01 2.168156e-01 3.676008e-02 
1.511000e+02 1.048300e-01 1.869683e-01 1.288047e+00 1.209119e+04 8.216046e+03     0 1.160138e+04 1.198357e+04 -2.315484e-02     0 -1.528251e-01 3.843294e+01 9.175721e+01 2.167801e-01 3.822372e-02 
1.512000e+02 1.142258e-01 1.872210e-01 1.292683e+00 1.209360e+04 8.224895e+03     0 1.160138e+04 1.198357e+04 -2.124841e-02     0 -1.529924e-01 3.852061e+01 9.176638e+01 2.167913e-01 3.862434e-02 
1.513000e+02 1.237892e-01 1.873769e-01 1.298609e+00 1.209598e+04 8.233753e+03     0 1.160138e+04 1.198357e+04 -1.909591e-02     0 -1.530742e-01 3.860827e+01 9.177587e+01 2.168427e-01 3.810141e-02 
1.514000e+02 1.335169e-01 1.874120e-01 1.305675e+00 1.209833e+04 8.242620e+03     0 1.160138e+04 1.198357e+04 -1.681931e-02     0 -1.532424e-01 3.869592e+01 9.178581e+01 2.169176e-01 3.682501e-02 
1.515000e+02 1.433481e-01 1.873210e-01 1.313699e+00 1.210064e+04 8.251497e+03     0 1.164986e+04 1.196459e+04 -1.447027e-02     0 -1.535273e-01 3.878357e+01 9.179635e+01 2.170125e-01 3.498176e-02 
1.516000e+02 1.531053e-01 1.871295e-01 1.322491e+00 1.210292e+04 8.260385e+03     0 1.164986e+04 1.196459e+04 -1.020019e-02     0 -1.543264e-01 3.887099e+01 9.180758e+01 2.171509e-01 3.273719e-02 
1.517000e+02 1.624585e-01 1.868868e-01 1.331880e+00 1.210516e+04 8.269284e+03     0 1.164986e+04 1.196459e+04 -7.142793e-03     0 -1.547848e-01 3.895843e+01 9.181955e+01 2.173698e-01 3.019428e-02 
1.518000e+02 1.713050e-01 1.866008e-01 1.341704e+00 1.210736e+04 8.278196e+03     0 1.164986e+04 1.196459e+04 -4.602703e-03     0 -1.551766e-01 3.904588e+01 9.183222e+01 2.176482e-01 2.748453e-02 
1.519000e+02 1.796298e-01 1.862703e-01 1.351798e+00 1.210950e+04 8.287120e+03     0 1.164986e+04 1.196459e+04 -2.329136e-03     0 -1.556322e-01 3.913334e+01 9.184556e+01 2.179536e-01 2.474952e-02 
  152 1.874176e-01 1.859080e-01 1.362014e+00 1.211160e+04 8.296058e+03     0 1.169870e+04 1.194548e+04 -2.319885e-04     0 -1.561650e-01 3.922080e+01 9.185955e+01 2.182677e-01 2.211570e-02 
1.521000e+02 1.944786e-01 1.855469e-01 1.372233e+00 1.211364e+04 8.305010e+03     0 1.169870e+04 1.194548e+04 5.461045e-03     0 -1.570707e-01 3.930811e+01 9.187417e+01 2.185997e-01 1.963924e-02 
1.522000e+02 2.003554e-01 1.852301e-01 1.382402e+00 1.211563e+04 8.313976e+03     0 1.169870e+04 1.194548e+04 8.577763e-03     0 -1.576922e-01 3.939544e+01 9.188937e+01 2.189743e-01 1.724591e-02 
1.523000e+02 2.050668e-01 1.849650e-01 1.392482e+00 1.211755e+04 8.322956e+03     0 1.169870e+04 1.194548e+04 1.055934e-02     0 -1.582347e-01 3.948278e+01 9.190504e+01 2.193734e-01 1.493418e-02 
1.524000e+02 2.088145e-01 1.847518e-01 1.402425e+00 1.211942e+04 8.331951e+03     0 1.169870e+04 1.194548e+04 1.196225e-02     0 -1.587882e-01 3.957014e+01 9.192110e+01 2.197724e-01 1.275449e-02 
1.525000e+02 2.117919e-01 1.845993e-01 1.412177e+00 1.212122e+04 8.340960e+03     0 1.174786e+04 1.192624e+04 1.302300e-02     0 -1.593552e-01 3.965751e+01 9.193744e+01 2.201593e-01 1.076845e-02 
1.526000e+02 2.139718e-01 1.845274e-01 1.421697e+00 1.212296e+04 8.349984e+03     0 1.174786e+04 1.192624e+04 1.780809e-02     0 -1.601450e-01 3.974478e+01 9.195397e+01 2.205411e-01 8.983244e-03 
1.527000e+02 2.150047e-01 1.845581e-01 1.430991e+00 1.212464e+04 8.359021e+03     0 1.174786e+04 1.192624e+04 1.985052e-02     0 -1.606850e-01 3.983206e+01 9.197057e+01 2.209349e-01 7.283287e-03 
1.528000e+02 2.150087e-01 1.846858e-01 1.440066e+00 1.212624e+04 8.368072e+03     0 1.174786e+04 1.192624e+04 2.070974e-02     0 -1.611226e-01 3.991936e+01 9.198706e+01 2.213277e-01 5.642877e-03 
1.529000e+02 2.142648e-01 1.849002e-01 1.448909e+00 1.212779e+04 8.377137e+03     0 1.174786e+04 1.192624e+04 2.099973e-02     0 -1.615225e-01 4.000668e+01 9.200329e+01 2.217019e-01 4.101247e-03 
  153 2.130204e-01 1.851972e-01 1.457489e+00 1.212926e+04 8.386214e+03     0 1.179733e+04 1.190688e+04 2.098819e-02     0 -1.618874e-01 4.009401e+01 9.201910e+01 2.220470e-01 2.716475e-03 
1.531000e+02 2.112960e-01 1.855803e-01 1.465778e+00 1.213067e+04 8.395304e+03     0 1.179733e+04 1.190688e+04 2.434327e-02     0 -1.623504e-01 4.018128e+01 9.203433e+01 2.223642e-01 1.501141e-03 
1.532000e+02 2.087998e-01 1.860528e-01 1.473784e+00 1.213201e+04 8.404405e+03     0 1.179733e+04 1.190688e+04 2.529376e-02     0 -1.626127e-01 4.026856e+01 9.204884e+01 2.226610e-01 3.576822e-04 
1.533000e+02 2.056428e-01 1.866016e-01 1.481520e+00 1.213328e+04 8.413518e+03     0 1.179733e+04 1.190688e+04 2.524253e-02     0 -1.627681e-01 4.035587e+01 9.206245e+01 2.229282e-01 -7.319405e-04 
1.534000e+02 2.020712e-01 1.872115e-01 1.488976e+00 1.213449e+04 8.422640e+03     0 1.179733e+04 1.190688e+04 2.474154e-02     0 -1.628588e-01 4.044318e+01 9.207501e+01 2.231548e-01 -1.729695e-03 
1.535000e+02 1.982942e-01 1.878724e-01 1.496133e+00 1.213563e+04 8.431773e+03     0 1.184710e+04 1.188740e+04 2.402987e-02     0 -1.628897e-01 4.053051e+01 9.208639e+01 2.233343e-01 -2.583222e-03 
1.536000e+02 1.943240e-01 1.885788e-01 1.502970e+00 1.213671e+04 8.440914e+03     0 1.184710e+04 1.188740e+04 2.617387e-02     0 -1.629195e-01 4.061782e+01 9.209648e+01 2.234663e-01 -3.280874e-03 
1.537000e+02 1.899067e-01 1.893236e-01 1.509499e+00 1.213772e+04 8.450064e+03     0 1.184710e+04 1.188740e+04 2.635858e-02     0 -1.628203e-01 4.070513e+01 9.210516e+01 2.235535e-01 -3.905830e-03 
1.538000e+02 1.851233e-01 1.900934e-01 1.515738e+00 1.213867e+04 8.459222e+03     0 1.184710e+04 1.188740e+04 2.575321e-02     0 -1.626350e-01 4.079246e+01 9.211237e+01 2.235943e-01 -4.476779e-03 
1.539000e+02 1.801676e-01 1.908756e-01 1.521692e+00 1.213956e+04 8.468386e+03     0 1.184710e+04 1.188740e+04 2.481607e-02     0 -1.623842e-01 4.087980e+01 9.211801e+01 2.235863e-01 -4.967104e-03 
  154 1.752031e-01 1.916609e-01 1.527353e+00 1.214040e+04 8.477557e+03     0 1.189717e+04 1.186781e+04 2.374416e-02     0 -1.620744e-01 4.096715e+01 9.212205e+01 2.235290e-01 -5.339144e-03 
1.541000e+02 1.702369e-01 1.924410e-01 1.532714e+00 1.214117e+04 8.486733e+03     0 1.189717e+04 1.186781e+04 2.492318e-02     0 -1.616891e-01 4.105452e+01 9.212446e+01 2.234227e-01 -5.587437e-03 
1.542000e+02 1.650677e-01 1.932049e-01 1.537794e+00 1.214189e+04 8.495914e+03     0 1.189717e+04 1.186781e+04 2.461439e-02     0 -1.612707e-01 4.114190e+01 9.212523e+01 2.232676e-01 -5.780596e-03 
1.543000e+02 1.597533e-01 1.939446e-01 1.542615e+00 1.214255e+04 8.505100e+03     0 1.189717e+04 1.186781e+04 2.372557e-02     0 -1.608100e-01 4.122928e+01 9.212438e+01 2.230688e-01 -5.937248e-03 
1.544000e+02 1.544384e-01 1.946552e-01 1.547190e+00 1.214316e+04 8.514289e+03     0 1.189717e+04 1.186781e+04 2.261181e-02     0 -1.603044e-01 4.131666e+01 9.212195e+01 2.228320e-01 -6.040803e-03 
1.545000e+02 1.492440e-01 1.953330e-01 1.551523e+00 1.214372e+04 8.523481e+03     0 1.194753e+04 1.184810e+04 2.142493e-02     0 -1.597589e-01 4.140405e+01 9.211796e+01 2.225617e-01 -6.065789e-03 
1.546000e+02 1.441746e-01 1.959714e-01 1.555614e+00 1.214423e+04 8.532676e+03     0 1.194753e+04 1.184810e+04 2.190036e-02     0 -1.590794e-01 4.149150e+01 9.211249e+01 2.222575e-01 -6.009739e-03 
1.547000e+02 1.390808e-01 1.965583e-01 1.559481e+00 1.214470e+04 8.541873e+03     0 1.194753e+04 1.184810e+04 2.132464e-02     0 -1.584759e-01 4.157895e+01 9.210561e+01 2.219164e-01 -5.923645e-03 
1.548000e+02 1.339999e-01 1.970932e-01 1.563148e+00 1.214511e+04 8.551071e+03     0 1.194753e+04 1.184810e+04 2.035660e-02     0 -1.578854e-01 4.166639e+01 9.209742e+01 2.215481e-01 -5.822225e-03 
1.549000e+02 1.290311e-01 1.975811e-01 1.566630e+00 1.214549e+04 8.560271e+03     0 1.194753e+04 1.184810e+04 1.925316e-02     0 -1.572786e-01 4.175384e+01 9.208803e+01 2.211641e-01 -5.694675e-03 
  155 1.242560e-01 1.980254e-01 1.569932e+00 1.214581e+04 8.569472e+03     0 1.199819e+04 1.182827e+04 1.812332e-02     0 -1.566557e-01 4.184129e+01 9.207755e+01 2.207719e-01 -5.523650e-03 
1.551000e+02 1.196734e-01 1.984215e-01 1.573059e+00 1.214610e+04 8.578672e+03     0 1.199819e+04 1.182827e+04 1.817021e-02     0 -1.558438e-01 4.192883e+01 9.206607e+01 2.203687e-01 -5.307544e-03 
1.552000e+02 1.151745e-01 1.987556e-01 1.576026e+00 1.214635e+04 8.587873e+03     0 1.199819e+04 1.182827e+04 1.751368e-02     0 -1.552158e-01 4.201637e+01 9.205373e+01 2.199460e-01 -5.081571e-03 
1.553000e+02 1.107791e-01 1.990343e-01 1.578852e+00 1.214656e+04 8.597074e+03     0 1.199819e+04 1.182827e+04 1.660913e-02     0 -1.546533e-01 4.210390e+01 9.204067e+01 2.195162e-01 -4.856003e-03 
1.554000e+02 1.065494e-01 1.992706e-01 1.581549e+00 1.214673e+04 8.606274e+03     0 1.199819e+04 1.182827e+04 1.563323e-02     0 -1.540988e-01 4.219142e+01 9.202702e+01 2.190948e-01 -4.623583e-03 
1.555000e+02 1.025353e-01 1.994736e-01 1.584125e+00 1.214687e+04 8.615474e+03     0 1.204914e+04 1.180833e+04 1.466001e-02     0 -1.535451e-01 4.227894e+01 9.201291e+01 2.186902e-01 -4.372537e-03 
1.556000e+02 9.873029e-02 1.996392e-01 1.586583e+00 1.214698e+04 8.624672e+03     0 1.204914e+04 1.180833e+04 1.450481e-02     0 -1.527421e-01 4.236659e+01 9.199843e+01 2.182955e-01 -4.101633e-03 
1.557000e+02 9.505466e-02 1.997500e-01 1.588935e+00 1.214705e+04 8.633870e+03     0 1.204914e+04 1.180833e+04 1.389109e-02     0 -1.522183e-01 4.245422e+01 9.198373e+01 2.178954e-01 -3.834405e-03 
1.558000e+02 9.151606e-02 1.998165e-01 1.591193e+00 1.214709e+04 8.643066e+03     0 1.204914e+04 1.180833e+04 1.312647e-02     0 -1.518012e-01 4.254184e+01 9.196894e+01 2.175037e-01 -3.577539e-03 
1.559000e+02 8.815116e-02 1.998579e-01 1.593370e+00 1.214710e+04 8.652261e+03     0 1.204914e+04 1.180833e+04 1.232944e-02     0 -1.514044e-01 4.262946e+01 9.195419e+01 2.171381e-01 -3.325885e-03 
  156 8.498832e-02 1.998865e-01 1.595469e+00 1.214709e+04 8.661454e+03     0 1.210035e+04 1.178829e+04 1.154893e-02     0 -1.510134e-01 4.271706e+01 9.193957e+01 2.168072e-01 -3.071180e-03 
1.561000e+02 8.201777e-02 1.998968e-01 1.597494e+00 1.214704e+04 8.670646e+03     0 1.210035e+04 1.178829e+04 1.134199e-02     0 -1.503047e-01 4.280482e+01 9.192516e+01 2.164992e-01 -2.812236e-03 
1.562000e+02 7.918005e-02 1.998660e-01 1.599452e+00 1.214697e+04 8.679837e+03     0 1.210035e+04 1.178829e+04 1.083278e-02     0 -1.499530e-01 4.289256e+01 9.191105e+01 2.161920e-01 -2.564604e-03 
1.563000e+02 7.647597e-02 1.998064e-01 1.601352e+00 1.214687e+04 8.689026e+03     0 1.210035e+04 1.178829e+04 1.023086e-02     0 -1.497349e-01 4.298029e+01 9.189737e+01 2.158996e-01 -2.332276e-03 
1.564000e+02 7.392659e-02 1.997412e-01 1.603202e+00 1.214675e+04 8.698213e+03     0 1.210035e+04 1.178829e+04 9.616356e-03     0 -1.495372e-01 4.306800e+01 9.188421e+01 2.156419e-01 -2.111110e-03 
1.565000e+02 7.154754e-02 1.996843e-01 1.605006e+00 1.214661e+04 8.707398e+03     0 1.215180e+04 1.176815e+04 9.021779e-03     0 -1.493384e-01 4.315569e+01 9.187160e+01 2.154273e-01 -1.894781e-03 
1.566000e+02 6.932787e-02 1.996276e-01 1.606764e+00 1.214644e+04 8.716582e+03     0 1.215180e+04 1.176815e+04 8.844934e-03     0 -1.487480e-01 4.324357e+01 9.185959e+01 2.152399e-01 -1.681940e-03 
1.567000e+02 6.722161e-02 1.995418e-01 1.608481e+00 1.214625e+04 8.725765e+03     0 1.215180e+04 1.176815e+04 8.456767e-03     0 -1.485759e-01 4.333143e+01 9.184822e+01 2.150507e-01 -1.483081e-03 
1.568000e+02 6.522662e-02 1.994402e-01 1.610163e+00 1.214604e+04 8.734946e+03     0 1.215180e+04 1.176815e+04 8.006654e-03     0 -1.485527e-01 4.341926e+01 9.183758e+01 2.148746e-01 -1.300371e-03 
1.569000e+02 6.335566e-02 1.993483e-01 1.611814e+00 1.214580e+04 8.744125e+03     0 1.215180e+04 1.176815e+04 7.551339e-03     0 -1.485408e-01 4.350707e+01 9.182772e+01 2.147337e-01 -1.130124e-03 
  157 6.161787e-02 1.992811e-01 1.613438e+00 1.214555e+04 8.753303e+03     0 1.220348e+04 1.174793e+04 7.113549e-03     0 -1.485132e-01 4.359486e+01 9.181863e+01 2.146368e-01 -9.670771e-04 
1.571000e+02 6.000266e-02 1.992273e-01 1.615034e+00 1.214528e+04 8.762479e+03     0 1.220348e+04 1.174793e+04 6.998502e-03     0 -1.480194e-01 4.368287e+01 9.181031e+01 2.145643e-01 -8.097613e-04 
1.572000e+02 5.847305e-02 1.991515e-01 1.616603e+00 1.214499e+04 8.771654e+03     0 1.220348e+04 1.174793e+04 6.720865e-03     0 -1.479928e-01 4.377085e+01 9.180277e+01 2.144818e-01 -6.657549e-04 
1.573000e+02 5.702635e-02 1.990671e-01 1.618149e+00 1.214468e+04 8.780828e+03     0 1.220348e+04 1.174793e+04 6.395248e-03     0 -1.481229e-01 4.385879e+01 9.179605e+01 2.144053e-01 -5.361955e-04 
1.574000e+02 5.567170e-02 1.990017e-01 1.619677e+00 1.214435e+04 8.790000e+03     0 1.220348e+04 1.174793e+04 6.065068e-03     0 -1.482512e-01 4.394671e+01 9.179017e+01 2.143596e-01 -4.176994e-04 
1.575000e+02 5.441564e-02 1.989709e-01 1.621187e+00 1.214400e+04 8.799171e+03     0 1.225535e+04 1.172763e+04 5.747634e-03     0 -1.483463e-01 4.403461e+01 9.178509e+01 2.143544e-01 -3.056707e-04 
1.576000e+02 5.324887e-02 1.989608e-01 1.622678e+00 1.214364e+04 8.808341e+03     0 1.225535e+04 1.172763e+04 5.695438e-03     0 -1.479044e-01 4.412274e+01 9.178077e+01 2.143674e-01 -1.986620e-04 
1.577000e+02 5.214061e-02 1.989303e-01 1.624150e+00 1.214326e+04 8.817510e+03     0 1.225535e+04 1.172763e+04 5.505600e-03     0 -1.479709e-01 4.421084e+01 9.177720e+01 2.143596e-01 -1.026991e-04 
1.578000e+02 5.108886e-02 1.988928e-01 1.625607e+00 1.214287e+04 8.826678e+03     0 1.225535e+04 1.172763e+04 5.273092e-03     0 -1.481993e-01 4.429890e+01 9.177439e+01 2.143491e-01 -1.844994e-05 
1.579000e+02 5.010166e-02 1.988782e-01 1.627050e+00 1.214246e+04 8.835845e+03     0 1.225535e+04 1.172763e+04 5.033945e-03     0 -1.484126e-01 4.438693e+01 9.177234e+01 2.143633e-01 5.717781e-05 
  158 4.918496e-02 1.989028e-01 1.628480e+00 1.214203e+04 8.845012e+03     0 1.230741e+04 1.170725e+04 4.802595e-03     0 -1.485760e-01 4.447494e+01 9.177100e+01 2.144131e-01 1.282764e-04 
1.581000e+02 4.833110e-02 1.989504e-01 1.629896e+00 1.214159e+04 8.854177e+03     0 1.230741e+04 1.170725e+04 4.799981e-03     0 -1.481385e-01 4.456320e+01 9.177029e+01 2.144746e-01 1.961715e-04 
1.582000e+02 4.751381e-02 1.989750e-01 1.631297e+00 1.214113e+04 8.863341e+03     0 1.230741e+04 1.170725e+04 4.673243e-03     0 -1.482469e-01 4.465142e+01 9.177019e+01 2.145051e-01 2.556491e-04 
1.583000e+02 4.673218e-02 1.989906e-01 1.632685e+00 1.214066e+04 8.872505e+03     0 1.230741e+04 1.170725e+04 4.505685e-03     0 -1.485223e-01 4.473960e+01 9.177071e+01 2.145244e-01 3.061983e-04 
1.584000e+02 4.599417e-02 1.990291e-01 1.634062e+00 1.214017e+04 8.881668e+03     0 1.230741e+04 1.170725e+04 4.329040e-03     0 -1.487718e-01 4.482775e+01 9.177184e+01 2.145632e-01 3.506091e-04 
1.585000e+02 4.530592e-02 1.991079e-01 1.635428e+00 1.213967e+04 8.890831e+03     0 1.235962e+04 1.168682e+04 4.156158e-03     0 -1.489578e-01 4.491586e+01 9.177351e+01 2.146338e-01 3.925435e-04 
1.586000e+02 4.466135e-02 1.992090e-01 1.636782e+00 1.213915e+04 8.899993e+03     0 1.235962e+04 1.168682e+04 4.186324e-03     0 -1.484871e-01 4.500426e+01 9.177565e+01 2.147109e-01 4.331602e-04 
1.587000e+02 4.403764e-02 1.992823e-01 1.638122e+00 1.213862e+04 8.909154e+03     0 1.235962e+04 1.168682e+04 4.101499e-03     0 -1.485980e-01 4.509260e+01 9.177822e+01 2.147487e-01 4.677158e-04 
1.588000e+02 4.343490e-02 1.993425e-01 1.639451e+00 1.213808e+04 8.918315e+03     0 1.235962e+04 1.168682e+04 3.976992e-03     0 -1.488829e-01 4.518090e+01 9.178124e+01 2.147690e-01 4.957142e-04 
1.589000e+02 4.286122e-02 1.994239e-01 1.640770e+00 1.213752e+04 8.927475e+03     0 1.235962e+04 1.168682e+04 3.841626e-03     0 -1.491342e-01 4.526917e+01 9.178470e+01 2.148055e-01 5.196401e-04 
  159 4.232302e-02 1.995449e-01 1.642078e+00 1.213695e+04 8.936635e+03     0 1.241199e+04 1.166633e+04 3.707200e-03     0 -1.493123e-01 4.535739e+01 9.178854e+01 2.148718e-01 5.427629e-04 
1.591000e+02 4.181556e-02 1.996861e-01 1.643376e+00 1.213637e+04 8.945795e+03     0 1.241199e+04 1.166633e+04 3.755338e-03     0 -1.487853e-01 4.544592e+01 9.179266e+01 2.149414e-01 5.660654e-04 
1.592000e+02 4.131880e-02 1.997941e-01 1.644660e+00 1.213577e+04 8.954954e+03     0 1.241199e+04 1.166633e+04 3.696611e-03     0 -1.488752e-01 4.553439e+01 9.179706e+01 2.149660e-01 5.851497e-04 
1.593000e+02 4.083358e-02 1.998845e-01 1.645934e+00 1.213517e+04 8.964112e+03     0 1.241199e+04 1.166633e+04 3.599767e-03     0 -1.491478e-01 4.562282e+01 9.180175e+01 2.149692e-01 5.994885e-04 
1.594000e+02 4.036800e-02 1.999938e-01 1.647198e+00 1.213454e+04 8.973271e+03     0 1.241199e+04 1.166633e+04 3.491230e-03     0 -1.493824e-01 4.571120e+01 9.180673e+01 2.149872e-01 6.112719e-04 
1.595000e+02 3.992858e-02 2.001415e-01 1.648452e+00 1.213391e+04 8.982429e+03     0 1.246449e+04 1.164578e+04 3.381912e-03     0 -1.495372e-01 4.579954e+01 9.181194e+01 2.150351e-01 6.234034e-04 
1.596000e+02 3.951159e-02 2.003075e-01 1.649696e+00 1.213326e+04 8.991586e+03     0 1.246449e+04 1.164578e+04 3.437204e-03     0 -1.489449e-01 4.588820e+01 9.181730e+01 2.150851e-01 6.367029e-04 
1.597000e+02 3.909933e-02 2.004352e-01 1.650927e+00 1.213260e+04 9.000744e+03     0 1.246449e+04 1.164578e+04 3.393945e-03     0 -1.490041e-01 4.597680e+01 9.182280e+01 2.150865e-01 6.470898e-04 
1.598000e+02 3.869311e-02 2.005411e-01 1.652148e+00 1.213193e+04 9.009901e+03     0 1.246449e+04 1.164578e+04 3.314810e-03     0 -1.492563e-01 4.606535e+01 9.182848e+01 2.150646e-01 6.540087e-04 
1.599000e+02 3.830077e-02 2.006640e-01 1.653360e+00 1.213125e+04 9.019057e+03     0 1.246449e+04 1.164578e+04 3.223964e-03     0 -1.494684e-01 4.615385e+01 9.183433e+01 2.150579e-01 6.593774e-04 
  160 3.792869e-02 2.008248e-01 1.654563e+00 1.213055e+04 9.028214e+03     0 1.251711e+04 1.162518e+04 3.131451e-03     0 -1.495965e-01 4.624231e+01 9.184031e+01 2.150827e-01 6.657630e-04 
1.601000e+02 3.757391e-02 2.010023e-01 1.655756e+00 1.212985e+04 9.037370e+03     0 1.251711e+04 1.162518e+04 3.187149e-03     0 -1.489402e-01 4.633110e+01 9.184634e+01 2.151099e-01 6.738452e-04 
1.602000e+02 3.722072e-02 2.011372e-01 1.656936e+00 1.212913e+04 9.046526e+03     0 1.251711e+04 1.162518e+04 3.152879e-03     0 -1.489693e-01 4.641983e+01 9.185242e+01 2.150864e-01 6.798651e-04 
1.603000e+02 3.687062e-02 2.012470e-01 1.658107e+00 1.212840e+04 9.055681e+03     0 1.251711e+04 1.162518e+04 3.085475e-03     0 -1.492022e-01 4.650851e+01 9.185860e+01 2.150390e-01 6.832591e-04 
1.604000e+02 3.653104e-02 2.013728e-01 1.659270e+00 1.212766e+04 9.064837e+03     0 1.251711e+04 1.162518e+04 3.006899e-03     0 -1.493943e-01 4.659714e+01 9.186488e+01 2.150083e-01 6.857046e-04 
1.605000e+02 3.620804e-02 2.015365e-01 1.660424e+00 1.212690e+04 9.073992e+03     0 1.256986e+04 1.160454e+04 2.926319e-03     0 -1.494996e-01 4.668572e+01 9.187123e+01 2.150115e-01 6.894680e-04 
1.606000e+02 3.589916e-02 2.017162e-01 1.661569e+00 1.212614e+04 9.083147e+03     0 1.256986e+04 1.160454e+04 2.978977e-03     0 -1.487866e-01 4.677464e+01 9.187757e+01 2.150184e-01 6.951148e-04 
1.607000e+02 3.559041e-02 2.018500e-01 1.662702e+00 1.212536e+04 9.092301e+03     0 1.256986e+04 1.160454e+04 2.950138e-03     0 -1.487915e-01 4.686350e+01 9.188391e+01 2.149734e-01 6.992097e-04 
1.608000e+02 3.528333e-02 2.019564e-01 1.663827e+00 1.212458e+04 9.101455e+03     0 1.256986e+04 1.160454e+04 2.891105e-03     0 -1.490112e-01 4.695231e+01 9.189031e+01 2.149045e-01 7.012031e-04 
1.609000e+02 3.498482e-02 2.020784e-01 1.664943e+00 1.212378e+04 9.110609e+03     0 1.256986e+04 1.160454e+04 2.821730e-03     0 -1.491899e-01 4.704106e+01 9.189677e+01 2.148544e-01 7.025682e-04 
  161 3.470048e-02 2.022391e-01 1.666053e+00 1.212297e+04 9.119763e+03     0 1.262271e+04 1.158386e+04 2.750325e-03     0 -1.492796e-01 4.712976e+01 9.190328e+01 2.148409e-01 7.053114e-04 
1.611000e+02 3.442824e-02 2.024158e-01 1.667153e+00 1.212215e+04 9.128916e+03     0 1.262271e+04 1.158386e+04 2.798786e-03     0 -1.485194e-01 4.721883e+01 9.190975e+01 2.148326e-01 7.099092e-04 
1.612000e+02 3.415551e-02 2.025441e-01 1.668244e+00 1.212132e+04 9.138070e+03     0 1.262271e+04 1.158386e+04 2.773657e-03     0 -1.485080e-01 4.730782e+01 9.191619e+01 2.147717e-01 7.132374e-04 
1.613000e+02 3.388383e-02 2.026434e-01 1.669326e+00 1.212048e+04 9.147222e+03     0 1.262271e+04 1.158386e+04 2.721186e-03     0 -1.487220e-01 4.739675e+01 9.192267e+01 2.146871e-01 7.147771e-04 
1.614000e+02 3.361949e-02 2.027585e-01 1.670401e+00 1.211963e+04 9.156375e+03     0 1.262271e+04 1.158386e+04 2.659286e-03     0 -1.488948e-01 4.748563e+01 9.192922e+01 2.146233e-01 7.158341e-04 
1.615000e+02 3.336765e-02 2.029136e-01 1.671470e+00 1.211877e+04 9.165527e+03     0 1.267568e+04 1.156313e+04 2.595469e-03     0 -1.489765e-01 4.757446e+01 9.193580e+01 2.145989e-01 7.181972e-04 
1.616000e+02 3.312645e-02 2.030853e-01 1.672531e+00 1.211790e+04 9.174679e+03     0 1.267568e+04 1.156313e+04 2.639923e-03     0 -1.481780e-01 4.766366e+01 9.194233e+01 2.145812e-01 7.222758e-04 
1.617000e+02 3.288453e-02 2.032067e-01 1.673582e+00 1.211702e+04 9.183831e+03     0 1.267568e+04 1.156313e+04 2.617792e-03     0 -1.481578e-01 4.775279e+01 9.194884e+01 2.145099e-01 7.252302e-04 
1.618000e+02 3.264331e-02 2.032980e-01 1.674626e+00 1.211613e+04 9.192982e+03     0 1.267568e+04 1.156313e+04 2.570885e-03     0 -1.483726e-01 4.784186e+01 9.195538e+01 2.144152e-01 7.265809e-04 
1.619000e+02 3.240858e-02 2.034058e-01 1.675664e+00 1.211523e+04 9.202133e+03     0 1.267568e+04 1.156313e+04 2.515404e-03     0 -1.485458e-01 4.793087e+01 9.196200e+01 2.143431e-01 7.275007e-04 
  162 3.218501e-02 2.035553e-01 1.676696e+00 1.211431e+04 9.211283e+03     0 1.272874e+04 1.154236e+04 2.458155e-03     0 -1.486257e-01 4.801983e+01 9.196865e+01 2.143129e-01 7.296016e-04 
1.621000e+02 3.197093e-02 2.037221e-01 1.677722e+00 1.211339e+04 9.220434e+03     0 1.272874e+04 1.154236e+04 2.499421e-03     0 -1.477963e-01 4.810916e+01 9.197527e+01 2.142905e-01 7.332431e-04 
1.622000e+02 3.175597e-02 2.038372e-01 1.678739e+00 1.211246e+04 9.229584e+03     0 1.272874e+04 1.154236e+04 2.480033e-03     0 -1.477729e-01 4.819843e+01 9.198185e+01 2.142135e-01 7.358342e-04 
1.623000e+02 3.154144e-02 2.039214e-01 1.679749e+00 1.211152e+04 9.238734e+03     0 1.272874e+04 1.154236e+04 2.438046e-03     0 -1.479933e-01 4.828763e+01 9.198849e+01 2.141132e-01 7.369365e-04 
1.624000e+02 3.133266e-02 2.040229e-01 1.680754e+00 1.211057e+04 9.247883e+03     0 1.272874e+04 1.154236e+04 2.388214e-03     0 -1.481714e-01 4.837677e+01 9.199521e+01 2.140368e-01 7.376195e-04 
1.625000e+02 3.113391e-02 2.041679e-01 1.681754e+00 1.210961e+04 9.257032e+03     0 1.278190e+04 1.152156e+04 2.336737e-03     0 -1.482535e-01 4.846586e+01 9.200198e+01 2.140045e-01 7.393547e-04 
1.626000e+02 3.094364e-02 2.043311e-01 1.682748e+00 1.210864e+04 9.266181e+03     0 1.278190e+04 1.152156e+04 2.375786e-03     0 -1.473986e-01 4.855534e+01 9.200872e+01 2.139808e-01 7.424656e-04 
1.627000e+02 3.075227e-02 2.044412e-01 1.683735e+00 1.210766e+04 9.275329e+03     0 1.278190e+04 1.152156e+04 2.359022e-03     0 -1.473754e-01 4.864475e+01 9.201544e+01 2.139013e-01 7.445688e-04 
1.628000e+02 3.056103e-02 2.045198e-01 1.684715e+00 1.210667e+04 9.284477e+03     0 1.278190e+04 1.152156e+04 2.321422e-03     0 -1.476042e-01 4.873409e+01 9.202222e+01 2.137982e-01 7.452649e-04 
1.629000e+02 3.037484e-02 2.046167e-01 1.685690e+00 1.210567e+04 9.293625e+03     0 1.278190e+04 1.152156e+04 2.276554e-03     0 -1.477896e-01 4.882336e+01 9.202910e+01 2.137202e-01 7.455440e-04 
  163 3.019769e-02 2.047587e-01 1.686662e+00 1.210466e+04 9.302773e+03     0 1.283515e+04 1.150072e+04 2.230124e-03     0 -1.478764e-01 4.891258e+01 9.203603e+01 2.136879e-01 7.467677e-04 
1.631000e+02 3.002808e-02 2.049199e-01 1.687628e+00 1.210364e+04 9.311920e+03     0 1.283515e+04 1.150072e+04 2.267813e-03     0 -1.469991e-01 4.900221e+01 9.204294e+01 2.136649e-01 7.492334e-04 
1.632000e+02 2.985708e-02 2.050267e-01 1.688587e+00 1.210261e+04 9.321067e+03     0 1.283515e+04 1.150072e+04 2.253531e-03     0 -1.469780e-01 4.909175e+01 9.204983e+01 2.135848e-01 7.507257e-04 
1.633000e+02 2.968587e-02 2.051015e-01 1.689540e+00 1.210158e+04 9.330213e+03     0 1.283515e+04 1.150072e+04 2.219797e-03     0 -1.472162e-01 4.918123e+01 9.205681e+01 2.134804e-01 7.508791e-04 
1.634000e+02 2.951904e-02 2.051953e-01 1.690490e+00 1.210053e+04 9.339359e+03     0 1.283515e+04 1.150072e+04 2.179228e-03     0 -1.474097e-01 4.927064e+01 9.206388e+01 2.134022e-01 7.506227e-04 
1.635000e+02 2.936033e-02 2.053358e-01 1.691436e+00 1.209948e+04 9.348505e+03     0 1.288849e+04 1.147984e+04 2.137138e-03     0 -1.475018e-01 4.936000e+01 9.207101e+01 2.133710e-01 7.512332e-04 
1.636000e+02 2.920833e-02 2.054964e-01 1.692377e+00 1.209841e+04 9.357651e+03     0 1.288849e+04 1.147984e+04 2.174103e-03     0 -1.466040e-01 4.944977e+01 9.207813e+01 2.133495e-01 7.529883e-04 
1.637000e+02 2.905460e-02 2.056014e-01 1.693311e+00 1.209734e+04 9.366796e+03     0 1.288849e+04 1.147984e+04 2.162091e-03     0 -1.465854e-01 4.953946e+01 9.208524e+01 2.132693e-01 7.538059e-04 
1.638000e+02 2.890028e-02 2.056736e-01 1.694241e+00 1.209626e+04 9.375941e+03     0 1.288849e+04 1.147984e+04 2.131688e-03     0 -1.468329e-01 4.962908e+01 9.209243e+01 2.131643e-01 7.533477e-04 
1.639000e+02 2.874972e-02 2.057657e-01 1.695166e+00 1.209517e+04 9.385085e+03     0 1.288849e+04 1.147984e+04 2.094768e-03     0 -1.470344e-01 4.971863e+01 9.209973e+01 2.130861e-01 7.524961e-04 
  164 2.860646e-02 2.059059e-01 1.696089e+00 1.209407e+04 9.394230e+03     0 1.294191e+04 1.145894e+04 2.056333e-03     0 -1.471314e-01 4.980812e+01 9.210709e+01 2.130563e-01 7.524619e-04 
1.641000e+02 2.846916e-02 2.060669e-01 1.697008e+00 1.209296e+04 9.403374e+03     0 1.294191e+04 1.145894e+04 2.092977e-03     0 -1.462141e-01 4.989804e+01 9.211444e+01 2.130363e-01 7.535076e-04 
1.642000e+02 2.832979e-02 2.061710e-01 1.697920e+00 1.209185e+04 9.412517e+03     0 1.294191e+04 1.145894e+04 2.082959e-03     0 -1.461976e-01 4.998787e+01 9.212179e+01 2.129561e-01 7.536553e-04 
1.643000e+02 2.818944e-02 2.062417e-01 1.698827e+00 1.209072e+04 9.421661e+03     0 1.294191e+04 1.145894e+04 2.055359e-03     0 -1.464537e-01 5.007764e+01 9.212921e+01 2.128504e-01 7.525879e-04 
1.644000e+02 2.805229e-02 2.063329e-01 1.699732e+00 1.208959e+04 9.430804e+03     0 1.294191e+04 1.145894e+04 2.021469e-03     0 -1.466624e-01 5.016733e+01 9.213674e+01 2.127722e-01 7.511511e-04 
1.645000e+02 2.792175e-02 2.064735e-01 1.700633e+00 1.208844e+04 9.439947e+03     0 1.299540e+04 1.143800e+04 1.986055e-03     0 -1.467637e-01 5.025696e+01 9.214434e+01 2.127434e-01 7.505042e-04 
1.646000e+02 2.779651e-02 2.066354e-01 1.701530e+00 1.208729e+04 9.449089e+03     0 1.299540e+04 1.143800e+04 2.022583e-03     0 -1.458272e-01 5.034703e+01 9.215193e+01 2.127246e-01 7.508977e-04 
1.647000e+02 2.766887e-02 2.067393e-01 1.702422e+00 1.208613e+04 9.458231e+03     0 1.299540e+04 1.143800e+04 2.014252e-03     0 -1.458123e-01 5.043701e+01 9.215950e+01 2.126441e-01 7.504348e-04 
1.648000e+02 2.753990e-02 2.068090e-01 1.703309e+00 1.208497e+04 9.467373e+03     0 1.299540e+04 1.143800e+04 1.988959e-03     0 -1.460760e-01 5.052691e+01 9.216716e+01 2.125373e-01 7.488145e-04 
1.649000e+02 2.741365e-02 2.068998e-01 1.704194e+00 1.208379e+04 9.476515e+03     0 1.299540e+04 1.143800e+04 1.957542e-03     0 -1.462907e-01 5.061675e+01 9.217493e+01 2.124586e-01 7.468532e-04 
  165 2.729342e-02 2.070412e-01 1.705075e+00 1.208260e+04 9.485656e+03     0 1.304898e+04 1.141703e+04 1.924580e-03     0 -1.463955e-01 5.070652e+01 9.218276e+01 2.124304e-01 7.456691e-04 
1.651000e+02 2.717794e-02 2.072044e-01 1.705953e+00 1.208141e+04 9.494797e+03     0 1.304898e+04 1.141703e+04 1.961063e-03     0 -1.454402e-01 5.079674e+01 9.219058e+01 2.124123e-01 7.455029e-04 
1.652000e+02 2.705977e-02 2.073083e-01 1.706826e+00 1.208021e+04 9.503937e+03     0 1.304898e+04 1.141703e+04 1.954110e-03     0 -1.454262e-01 5.088687e+01 9.219838e+01 2.123310e-01 7.445214e-04 
1.653000e+02 2.693998e-02 2.073773e-01 1.707694e+00 1.207900e+04 9.513078e+03     0 1.304898e+04 1.141703e+04 1.930680e-03     0 -1.456964e-01 5.097692e+01 9.220626e+01 2.122228e-01 7.424359e-04 
1.654000e+02 2.682250e-02 2.074678e-01 1.708559e+00 1.207778e+04 9.522218e+03     0 1.304898e+04 1.141703e+04 1.901254e-03     0 -1.459163e-01 5.106690e+01 9.221425e+01 2.121432e-01 7.400386e-04 
1.655000e+02 2.671054e-02 2.076100e-01 1.709422e+00 1.207655e+04 9.531358e+03     0 1.310262e+04 1.139604e+04 1.870263e-03     0 -1.460237e-01 5.115682e+01 9.222230e+01 2.121150e-01 7.384142e-04 
1.656000e+02 2.660291e-02 2.077746e-01 1.710282e+00 1.207532e+04 9.540497e+03     0 1.310262e+04 1.139604e+04 1.906685e-03     0 -1.450502e-01 5.124719e+01 9.223033e+01 2.120972e-01 7.377949e-04 
1.657000e+02 2.649234e-02 2.078785e-01 1.711136e+00 1.207408e+04 9.549636e+03     0 1.310262e+04 1.139604e+04 1.900825e-03     0 -1.450364e-01 5.133747e+01 9.223835e+01 2.120147e-01 7.363990e-04 
1.658000e+02 2.637990e-02 2.079468e-01 1.711987e+00 1.207282e+04 9.558775e+03     0 1.310262e+04 1.139604e+04 1.878884e-03     0 -1.453123e-01 5.142767e+01 9.224644e+01 2.119048e-01 7.339469e-04 
1.659000e+02 2.626945e-02 2.080371e-01 1.712834e+00 1.207157e+04 9.567914e+03     0 1.310262e+04 1.139604e+04 1.851050e-03     0 -1.455368e-01 5.151779e+01 9.225464e+01 2.118240e-01 7.312104e-04 
  166 2.616414e-02 2.081801e-01 1.713679e+00 1.207030e+04 9.577052e+03     0 1.315633e+04 1.137502e+04 1.821633e-03     0 -1.456462e-01 5.160786e+01 9.226290e+01 2.117956e-01 7.292460e-04 
1.661000e+02 2.606279e-02 2.083458e-01 1.714521e+00 1.206902e+04 9.586190e+03     0 1.315633e+04 1.137502e+04 1.857938e-03     0 -1.446549e-01 5.169838e+01 9.227112e+01 2.117776e-01 7.282789e-04 
1.662000e+02 2.595832e-02 2.084497e-01 1.715358e+00 1.206774e+04 9.595328e+03     0 1.315633e+04 1.137502e+04 1.852928e-03     0 -1.446411e-01 5.178881e+01 9.227933e+01 2.116938e-01 7.265697e-04 
1.663000e+02 2.585180e-02 2.085173e-01 1.716191e+00 1.206645e+04 9.604466e+03     0 1.315633e+04 1.137502e+04 1.832169e-03     0 -1.449221e-01 5.187916e+01 9.228762e+01 2.115819e-01 7.238457e-04 
1.664000e+02 2.574702e-02 2.086072e-01 1.717021e+00 1.206515e+04 9.613603e+03     0 1.315633e+04 1.137502e+04 1.805607e-03     0 -1.451505e-01 5.196943e+01 9.229601e+01 2.114997e-01 7.208615e-04 
1.665000e+02 2.564706e-02 2.087509e-01 1.717850e+00 1.206384e+04 9.622740e+03     0 1.321010e+04 1.135398e+04 1.777454e-03     0 -1.452616e-01 5.205964e+01 9.230446e+01 2.114708e-01 7.186491e-04 
1.666000e+02 2.555078e-02 2.089176e-01 1.718675e+00 1.206253e+04 9.631877e+03     0 1.321010e+04 1.135398e+04 1.813573e-03     0 -1.442532e-01 5.215032e+01 9.231287e+01 2.114526e-01 7.174276e-04 
1.667000e+02 2.545126e-02 2.090214e-01 1.719495e+00 1.206121e+04 9.641013e+03     0 1.321010e+04 1.135398e+04 1.809213e-03     0 -1.442391e-01 5.224090e+01 9.232126e+01 2.113673e-01 7.154936e-04 
1.668000e+02 2.534954e-02 2.090882e-01 1.720311e+00 1.205988e+04 9.650149e+03     0 1.321010e+04 1.135398e+04 1.789396e-03     0 -1.445248e-01 5.233140e+01 9.232972e+01 2.112534e-01 7.125805e-04 
1.669000e+02 2.524937e-02 2.091777e-01 1.721125e+00 1.205854e+04 9.659285e+03     0 1.321010e+04 1.135398e+04 1.763860e-03     0 -1.447568e-01 5.242183e+01 9.233828e+01 2.111697e-01 7.094269e-04 
  167 2.515377e-02 2.093219e-01 1.721937e+00 1.205719e+04 9.668421e+03     0 1.326393e+04 1.133291e+04 1.736728e-03     0 -1.448693e-01 5.251219e+01 9.234690e+01 2.111403e-01 7.070440e-04 
1.671000e+02 2.506164e-02 2.094895e-01 1.722746e+00 1.205584e+04 9.677556e+03     0 1.326393e+04 1.133291e+04 1.772598e-03     0 -1.438446e-01 5.260302e+01 9.235549e+01 2.111217e-01 7.056451e-04 
1.672000e+02 2.496617e-02 2.095930e-01 1.723550e+00 1.205448e+04 9.686691e+03     0 1.326393e+04 1.133291e+04 1.768733e-03     0 -1.438302e-01 5.269375e+01 9.236404e+01 2.110348e-01 7.035588e-04 
1.673000e+02 2.486842e-02 2.096590e-01 1.724350e+00 1.205311e+04 9.695826e+03     0 1.326393e+04 1.133291e+04 1.749675e-03     0 -1.441204e-01 5.278441e+01 9.237267e+01 2.109190e-01 7.005233e-04 
1.674000e+02 2.477207e-02 2.097481e-01 1.725147e+00 1.205173e+04 9.704961e+03     0 1.326393e+04 1.133291e+04 1.724976e-03     0 -1.443556e-01 5.287498e+01 9.238139e+01 2.108338e-01 6.972633e-04 
1.675000e+02 2.468009e-02 2.098926e-01 1.725943e+00 1.205035e+04 9.714095e+03     0 1.331782e+04 1.131182e+04 1.698686e-03     0 -1.444695e-01 5.296549e+01 9.239018e+01 2.108039e-01 6.947709e-04 
1.676000e+02 2.459141e-02 2.100610e-01 1.726736e+00 1.204896e+04 9.723229e+03     0 1.331782e+04 1.131182e+04 1.734256e-03     0 -1.434294e-01 5.305648e+01 9.239892e+01 2.107849e-01 6.932547e-04 
1.677000e+02 2.449934e-02 2.101642e-01 1.727524e+00 1.204756e+04 9.732363e+03     0 1.331782e+04 1.131182e+04 1.730769e-03     0 -1.434148e-01 5.314737e+01 9.240762e+01 2.106966e-01 6.910719e-04 
1.678000e+02 2.440493e-02 2.102293e-01 1.728309e+00 1.204615e+04 9.741496e+03     0 1.331782e+04 1.131182e+04 1.712332e-03     0 -1.437091e-01 5.323818e+01 9.241640e+01 2.105789e-01 6.879650e-04 
1.679000e+02 2.431180e-02 2.103178e-01 1.729091e+00 1.204474e+04 9.750630e+03     0 1.331782e+04 1.131182e+04 1.688332e-03     0 -1.439475e-01 5.332891e+01 9.242528e+01 2.104924e-01 6.846461e-04 
  168 2.422289e-02 2.104627e-01 1.729871e+00 1.204331e+04 9.759763e+03     0 1.337176e+04 1.129071e+04 1.662748e-03     0 -1.440627e-01 5.341957e+01 9.243421e+01 2.104619e-01 6.820900e-04 
1.681000e+02 2.413714e-02 2.106317e-01 1.730648e+00 1.204188e+04 9.768895e+03     0 1.337176e+04 1.129071e+04 1.697982e-03     0 -1.430080e-01 5.351071e+01 9.244310e+01 2.104426e-01 6.805010e-04 
1.682000e+02 2.404798e-02 2.107347e-01 1.731421e+00 1.204045e+04 9.778028e+03     0 1.337176e+04 1.129071e+04 1.694786e-03     0 -1.429932e-01 5.360176e+01 9.245195e+01 2.103530e-01 6.782627e-04 
1.683000e+02 2.395644e-02 2.107989e-01 1.732190e+00 1.203900e+04 9.787160e+03     0 1.337176e+04 1.129071e+04 1.676870e-03     0 -1.432916e-01 5.369272e+01 9.246087e+01 2.102335e-01 6.751216e-04 
1.684000e+02 2.386610e-02 2.108870e-01 1.732957e+00 1.203755e+04 9.796292e+03     0 1.337176e+04 1.129071e+04 1.653466e-03     0 -1.435331e-01 5.378361e+01 9.246989e+01 2.101458e-01 6.717783e-04 
1.685000e+02 2.377985e-02 2.110322e-01 1.733722e+00 1.203610e+04 9.805424e+03     0 1.342576e+04 1.126958e+04 1.628490e-03     0 -1.436495e-01 5.387442e+01 9.247897e+01 2.101149e-01 6.691915e-04 
1.686000e+02 2.369665e-02 2.112018e-01 1.734485e+00 1.203463e+04 9.814555e+03     0 1.342576e+04 1.126958e+04 1.663363e-03     0 -1.425812e-01 5.396572e+01 9.248799e+01 2.100953e-01 6.675616e-04 
1.687000e+02 2.361003e-02 2.113045e-01 1.735243e+00 1.203316e+04 9.823687e+03     0 1.342576e+04 1.126958e+04 1.660396e-03     0 -1.425663e-01 5.405693e+01 9.249698e+01 2.100045e-01 6.652969e-04 
1.688000e+02 2.352102e-02 2.113679e-01 1.735997e+00 1.203168e+04 9.832817e+03     0 1.342576e+04 1.126958e+04 1.642927e-03     0 -1.428685e-01 5.414805e+01 9.250604e+01 2.098834e-01 6.621479e-04 
1.689000e+02 2.343314e-02 2.114554e-01 1.736749e+00 1.203019e+04 9.841948e+03     0 1.342576e+04 1.126958e+04 1.620044e-03     0 -1.431130e-01 5.423909e+01 9.251520e+01 2.097945e-01 6.588042e-04 
  169 2.334925e-02 2.116010e-01 1.737499e+00 1.202869e+04 9.851079e+03     0 1.347980e+04 1.124843e+04 1.595603e-03     0 -1.432306e-01 5.433005e+01 9.252440e+01 2.097633e-01 6.562096e-04 
1.691000e+02 2.326832e-02 2.117712e-01 1.738247e+00 1.202719e+04 9.860209e+03     0 1.347980e+04 1.124843e+04 1.630101e-03     0 -1.421494e-01 5.442152e+01 9.253356e+01 2.097436e-01 6.545610e-04 
1.692000e+02 2.318397e-02 2.118736e-01 1.738990e+00 1.202568e+04 9.869339e+03     0 1.347980e+04 1.124843e+04 1.627318e-03     0 -1.421345e-01 5.451288e+01 9.254268e+01 2.096516e-01 6.522903e-04 
1.693000e+02 2.309722e-02 2.119363e-01 1.739729e+00 1.202417e+04 9.878469e+03     0 1.347980e+04 1.124843e+04 1.610241e-03     0 -1.424405e-01 5.460416e+01 9.255187e+01 2.095290e-01 6.491514e-04 
1.694000e+02 2.301155e-02 2.120234e-01 1.740467e+00 1.202265e+04 9.887598e+03     0 1.347980e+04 1.124843e+04 1.587823e-03     0 -1.426878e-01 5.469535e+01 9.256115e+01 2.094391e-01 6.458238e-04 
1.695000e+02 2.292979e-02 2.121693e-01 1.741203e+00 1.202112e+04 9.896727e+03     0 1.353388e+04 1.122726e+04 1.563864e-03     0 -1.428066e-01 5.478647e+01 9.257048e+01 2.094077e-01 6.432372e-04 
1.696000e+02 2.285091e-02 2.123402e-01 1.741936e+00 1.201958e+04 9.905856e+03     0 1.353388e+04 1.122726e+04 1.597976e-03     0 -1.417132e-01 5.487810e+01 9.257977e+01 2.093877e-01 6.415854e-04 
1.697000e+02 2.276863e-02 2.124424e-01 1.742665e+00 1.201804e+04 9.914985e+03     0 1.353388e+04 1.122726e+04 1.595345e-03     0 -1.416984e-01 5.496962e+01 9.258901e+01 2.092947e-01 6.393224e-04 
1.698000e+02 2.268395e-02 2.125043e-01 1.743390e+00 1.201649e+04 9.924114e+03     0 1.353388e+04 1.122726e+04 1.578620e-03     0 -1.420080e-01 5.506105e+01 9.259832e+01 2.091708e-01 6.362059e-04 
1.699000e+02 2.260031e-02 2.125911e-01 1.744113e+00 1.201493e+04 9.933242e+03     0 1.353388e+04 1.122726e+04 1.556626e-03     0 -1.422580e-01 5.515241e+01 9.260773e+01 2.090800e-01 6.329056e-04 
  170 2.252050e-02 2.127374e-01 1.744835e+00 1.201336e+04 9.942370e+03     0 1.358801e+04 1.120608e+04 1.533107e-03     0 -1.423779e-01 5.524368e+01 9.261718e+01 2.090483e-01 6.303378e-04 
1.701000e+02 2.244351e-02 2.129089e-01 1.745554e+00 1.201179e+04 9.951498e+03     0 1.358801e+04 1.120608e+04 1.566831e-03     0 -1.412732e-01 5.533547e+01 9.262658e+01 2.090283e-01 6.286934e-04 
1.702000e+02 2.236313e-02 2.130109e-01 1.746269e+00 1.201021e+04 9.960626e+03     0 1.358801e+04 1.120608e+04 1.564326e-03     0 -1.412585e-01 5.542715e+01 9.263595e+01 2.089343e-01 6.264478e-04 
1.703000e+02 2.228036e-02 2.130723e-01 1.746981e+00 1.200863e+04 9.969753e+03     0 1.358801e+04 1.120608e+04 1.547923e-03     0 -1.415715e-01 5.551875e+01 9.264537e+01 2.088091e-01 6.233621e-04 
1.704000e+02 2.219861e-02 2.131588e-01 1.747690e+00 1.200704e+04 9.978880e+03     0 1.358801e+04 1.120608e+04 1.526321e-03     0 -1.418240e-01 5.561026e+01 9.265490e+01 2.087174e-01 6.200968e-04 
1.705000e+02 2.212061e-02 2.133054e-01 1.748398e+00 1.200544e+04 9.988007e+03     0 1.364218e+04 1.118488e+04 1.503211e-03     0 -1.419450e-01 5.570169e+01 9.266447e+01 2.086855e-01 6.175553e-04 
1.706000e+02 2.204538e-02 2.134776e-01 1.749103e+00 1.200383e+04 9.997134e+03     0 1.364218e+04 1.118488e+04 1.536544e-03     0 -1.408295e-01 5.579364e+01 9.267399e+01 2.086654e-01 6.159256e-04 
1.707000e+02 2.196678e-02 2.135795e-01 1.749804e+00 1.200222e+04 1.000626e+04     0 1.364218e+04 1.118488e+04 1.534149e-03     0 -1.408150e-01 5.588549e+01 9.268346e+01 2.085706e-01 6.137042e-04 
1.708000e+02 2.188581e-02 2.136403e-01 1.750502e+00 1.200060e+04 1.001539e+04     0 1.364218e+04 1.118488e+04 1.518044e-03     0 -1.411313e-01 5.597724e+01 9.269300e+01 2.084442e-01 6.106553e-04 
1.709000e+02 2.180583e-02 2.137266e-01 1.751198e+00 1.199898e+04 1.002451e+04     0 1.364218e+04 1.118488e+04 1.496809e-03     0 -1.413862e-01 5.606891e+01 9.270263e+01 2.083517e-01 6.074303e-04 
  171 2.172953e-02 2.138737e-01 1.751892e+00 1.199734e+04 1.003364e+04     0 1.369638e+04 1.116366e+04 1.474085e-03     0 -1.415081e-01 5.616050e+01 9.271232e+01 2.083197e-01 6.049205e-04 
1.711000e+02 2.165595e-02 2.140465e-01 1.752584e+00 1.199570e+04 1.004276e+04     0 1.369638e+04 1.116366e+04 1.507025e-03     0 -1.403826e-01 5.625261e+01 9.272194e+01 2.082995e-01 6.033109e-04 
1.712000e+02 2.157904e-02 2.141483e-01 1.753271e+00 1.199406e+04 1.005189e+04     0 1.369638e+04 1.116366e+04 1.504724e-03     0 -1.403682e-01 5.634462e+01 9.273152e+01 2.082038e-01 6.011184e-04 
1.713000e+02 2.149977e-02 2.142087e-01 1.753955e+00 1.199241e+04 1.006101e+04     0 1.369638e+04 1.116366e+04 1.488899e-03     0 -1.406876e-01 5.643654e+01 9.274117e+01 2.080763e-01 5.981106e-04 
1.714000e+02 2.142146e-02 2.142949e-01 1.754638e+00 1.199075e+04 1.007014e+04     0 1.369638e+04 1.116366e+04 1.468013e-03     0 -1.409447e-01 5.652836e+01 9.275091e+01 2.079831e-01 5.949299e-04 
1.715000e+02 2.134679e-02 2.144423e-01 1.755319e+00 1.198908e+04 1.007926e+04     0 1.375063e+04 1.114244e+04 1.445656e-03     0 -1.410676e-01 5.662012e+01 9.276070e+01 2.079509e-01 5.924556e-04 
1.716000e+02 2.127478e-02 2.146158e-01 1.755997e+00 1.198741e+04 1.008839e+04     0 1.375063e+04 1.114244e+04 1.478201e-03     0 -1.399326e-01 5.671239e+01 9.277043e+01 2.079307e-01 5.908702e-04 
1.717000e+02 2.119946e-02 2.147176e-01 1.756672e+00 1.198573e+04 1.009751e+04     0 1.375063e+04 1.114244e+04 1.475984e-03     0 -1.399184e-01 5.680456e+01 9.278011e+01 2.078342e-01 5.887103e-04 
1.718000e+02 2.112182e-02 2.147776e-01 1.757343e+00 1.198405e+04 1.010664e+04     0 1.375063e+04 1.114244e+04 1.460425e-03     0 -1.402406e-01 5.689664e+01 9.278986e+01 2.077057e-01 5.857467e-04 
1.719000e+02 2.104511e-02 2.148636e-01 1.758012e+00 1.198236e+04 1.011576e+04     0 1.375063e+04 1.114244e+04 1.439872e-03     0 -1.404998e-01 5.698863e+01 9.279970e+01 2.076118e-01 5.826132e-04 
  172 2.097198e-02 2.150116e-01 1.758680e+00 1.198066e+04 1.012488e+04     0 1.380490e+04 1.112119e+04 1.417866e-03     0 -1.406235e-01 5.708054e+01 9.280959e+01 2.075794e-01 5.801774e-04 
1.721000e+02 2.090148e-02 2.151857e-01 1.759346e+00 1.197896e+04 1.013401e+04     0 1.380490e+04 1.112119e+04 1.450016e-03     0 -1.394797e-01 5.717298e+01 9.281942e+01 2.075592e-01 5.786190e-04 
1.722000e+02 2.082770e-02 2.152876e-01 1.760007e+00 1.197725e+04 1.014313e+04     0 1.380490e+04 1.112119e+04 1.447874e-03     0 -1.394656e-01 5.726531e+01 9.282919e+01 2.074619e-01 5.764944e-04 
1.723000e+02 2.075161e-02 2.153472e-01 1.760665e+00 1.197553e+04 1.015225e+04     0 1.380490e+04 1.112119e+04 1.432570e-03     0 -1.397906e-01 5.735755e+01 9.283904e+01 2.073324e-01 5.735774e-04 
1.724000e+02 2.067645e-02 2.154332e-01 1.761322e+00 1.197381e+04 1.016138e+04     0 1.380490e+04 1.112119e+04 1.412337e-03     0 -1.400518e-01 5.744970e+01 9.284898e+01 2.072378e-01 5.704934e-04 
1.725000e+02 2.060481e-02 2.155816e-01 1.761977e+00 1.197208e+04 1.017050e+04     0 1.385920e+04 1.109994e+04 1.390672e-03     0 -1.401762e-01 5.754178e+01 9.285896e+01 2.072054e-01 5.680982e-04 
1.726000e+02 2.053575e-02 2.157564e-01 1.762629e+00 1.197034e+04 1.017962e+04     0 1.385920e+04 1.109994e+04 1.422426e-03     0 -1.390240e-01 5.763438e+01 9.286888e+01 2.071851e-01 5.665692e-04 
1.727000e+02 2.046345e-02 2.158583e-01 1.763278e+00 1.196860e+04 1.018874e+04     0 1.385920e+04 1.109994e+04 1.420351e-03     0 -1.390102e-01 5.772688e+01 9.287875e+01 2.070871e-01 5.644819e-04 
1.728000e+02 2.038888e-02 2.159176e-01 1.763924e+00 1.196685e+04 1.019787e+04     0 1.385920e+04 1.109994e+04 1.405292e-03     0 -1.393377e-01 5.781928e+01 9.288868e+01 2.069566e-01 5.616133e-04 
1.729000e+02 2.031521e-02 2.160035e-01 1.764568e+00 1.196510e+04 1.020699e+04     0 1.385920e+04 1.109994e+04 1.385371e-03     0 -1.396007e-01 5.791159e+01 9.289871e+01 2.068615e-01 5.585804e-04 
  173 2.024501e-02 2.161524e-01 1.765210e+00 1.196334e+04 1.021611e+04     0 1.391354e+04 1.107868e+04 1.364036e-03     0 -1.397258e-01 5.800383e+01 9.290879e+01 2.068289e-01 5.562275e-04 
1.731000e+02 2.017735e-02 2.163279e-01 1.765850e+00 1.196157e+04 1.022523e+04     0 1.391354e+04 1.107868e+04 1.395392e-03     0 -1.385658e-01 5.809660e+01 9.291879e+01 2.068085e-01 5.547294e-04 
1.732000e+02 2.010649e-02 2.164299e-01 1.766487e+00 1.195980e+04 1.023435e+04     0 1.391354e+04 1.107868e+04 1.393380e-03     0 -1.385522e-01 5.818926e+01 9.292875e+01 2.067099e-01 5.526811e-04 
1.733000e+02 2.003338e-02 2.164890e-01 1.767120e+00 1.195802e+04 1.024347e+04     0 1.391354e+04 1.107868e+04 1.378559e-03     0 -1.388821e-01 5.828182e+01 9.293877e+01 2.065786e-01 5.498621e-04 
1.734000e+02 1.996116e-02 2.165749e-01 1.767751e+00 1.195624e+04 1.025259e+04     0 1.391354e+04 1.107868e+04 1.358941e-03     0 -1.391468e-01 5.837430e+01 9.294888e+01 2.064828e-01 5.468815e-04 
1.735000e+02 1.989236e-02 2.167243e-01 1.768381e+00 1.195445e+04 1.026172e+04     0 1.396790e+04 1.105740e+04 1.337929e-03     0 -1.392725e-01 5.846670e+01 9.295904e+01 2.064502e-01 5.445719e-04 
1.736000e+02 1.982606e-02 2.169005e-01 1.769009e+00 1.195265e+04 1.027084e+04     0 1.396790e+04 1.105740e+04 1.368887e-03     0 -1.381052e-01 5.855963e+01 9.296913e+01 2.064298e-01 5.431061e-04 
1.737000e+02 1.975660e-02 2.170025e-01 1.769633e+00 1.195085e+04 1.027996e+04     0 1.396790e+04 1.105740e+04 1.366932e-03     0 -1.380918e-01 5.865246e+01 9.297917e+01 2.063305e-01 5.410976e-04 
1.738000e+02 1.968492e-02 2.170614e-01 1.770254e+00 1.194904e+04 1.028908e+04     0 1.396790e+04 1.105740e+04 1.352343e-03     0 -1.384239e-01 5.874519e+01 9.298927e+01 2.061984e-01 5.383292e-04 
1.739000e+02 1.961411e-02 2.171474e-01 1.770874e+00 1.194722e+04 1.029820e+04     0 1.396790e+04 1.105740e+04 1.333023e-03     0 -1.386902e-01 5.883783e+01 9.299947e+01 2.061021e-01 5.354015e-04 
  174 1.954668e-02 2.172973e-01 1.771492e+00 1.194540e+04 1.030732e+04     0 1.402229e+04 1.103612e+04 1.312328e-03     0 -1.388164e-01 5.893039e+01 9.300970e+01 2.060693e-01 5.331361e-04 
1.741000e+02 1.948172e-02 2.174741e-01 1.772108e+00 1.194358e+04 1.031644e+04     0 1.402229e+04 1.103612e+04 1.342887e-03     0 -1.376424e-01 5.902349e+01 9.301987e+01 2.060489e-01 5.317033e-04 
1.742000e+02 1.941362e-02 2.175763e-01 1.772720e+00 1.194174e+04 1.032556e+04     0 1.402229e+04 1.103612e+04 1.340986e-03     0 -1.376292e-01 5.911648e+01 9.302999e+01 2.059491e-01 5.297354e-04 
1.743000e+02 1.934334e-02 2.176350e-01 1.773329e+00 1.193991e+04 1.033468e+04     0 1.402229e+04 1.103612e+04 1.326624e-03     0 -1.379635e-01 5.920937e+01 9.304016e+01 2.058161e-01 5.270180e-04 
1.744000e+02 1.927392e-02 2.177211e-01 1.773936e+00 1.193806e+04 1.034379e+04     0 1.402229e+04 1.103612e+04 1.307596e-03     0 -1.382311e-01 5.930218e+01 9.305044e+01 2.057193e-01 5.241437e-04 
1.745000e+02 1.920782e-02 2.178715e-01 1.774542e+00 1.193621e+04 1.035291e+04     0 1.407670e+04 1.101482e+04 1.287213e-03     0 -1.383579e-01 5.939490e+01 9.306075e+01 2.056865e-01 5.219229e-04 
1.746000e+02 1.914416e-02 2.180490e-01 1.775146e+00 1.193436e+04 1.036203e+04     0 1.407670e+04 1.101482e+04 1.317374e-03     0 -1.371775e-01 5.948817e+01 9.307099e+01 2.056661e-01 5.205234e-04 
1.747000e+02 1.907741e-02 2.181513e-01 1.775746e+00 1.193249e+04 1.037115e+04     0 1.407670e+04 1.101482e+04 1.315523e-03     0 -1.371645e-01 5.958132e+01 9.308118e+01 2.055657e-01 5.185963e-04 
1.748000e+02 1.900849e-02 2.182100e-01 1.776344e+00 1.193063e+04 1.038027e+04     0 1.407670e+04 1.101482e+04 1.301385e-03     0 -1.375008e-01 5.967438e+01 9.309143e+01 2.054320e-01 5.159302e-04 
1.749000e+02 1.894043e-02 2.182961e-01 1.776939e+00 1.192875e+04 1.038939e+04     0 1.407670e+04 1.101482e+04 1.282645e-03     0 -1.377698e-01 5.976735e+01 9.310177e+01 2.053348e-01 5.131094e-04 
  175 1.887564e-02 2.184471e-01 1.777534e+00 1.192687e+04 1.039851e+04     0 1.413113e+04 1.099352e+04 1.262569e-03     0 -1.378969e-01 5.986024e+01 9.311216e+01 2.053019e-01 5.109332e-04 
1.751000e+02 1.881326e-02 2.186252e-01 1.778126e+00 1.192499e+04 1.040763e+04     0 1.413113e+04 1.099352e+04 1.292332e-03     0 -1.367108e-01 5.995367e+01 9.312247e+01 2.052815e-01 5.095673e-04 
1.752000e+02 1.874782e-02 2.187277e-01 1.778715e+00 1.192310e+04 1.041674e+04     0 1.413113e+04 1.099352e+04 1.290530e-03     0 -1.366980e-01 6.004699e+01 9.313272e+01 2.051806e-01 5.076811e-04 
1.753000e+02 1.868025e-02 2.187863e-01 1.779301e+00 1.192120e+04 1.042586e+04     0 1.413113e+04 1.099352e+04 1.276611e-03     0 -1.370362e-01 6.014022e+01 9.314304e+01 2.050462e-01 5.050661e-04 
1.754000e+02 1.861353e-02 2.188726e-01 1.779885e+00 1.191930e+04 1.043498e+04     0 1.413113e+04 1.099352e+04 1.258156e-03     0 -1.373064e-01 6.023335e+01 9.315345e+01 2.049486e-01 5.022987e-04 
1.755000e+02 1.855003e-02 2.190240e-01 1.780468e+00 1.191739e+04 1.044410e+04     0 1.418558e+04 1.097221e+04 1.238383e-03     0 -1.374339e-01 6.032640e+01 9.316390e+01 2.049157e-01 5.001670e-04 
1.756000e+02 1.848890e-02 2.192028e-01 1.781049e+00 1.191548e+04 1.045321e+04     0 1.418558e+04 1.097221e+04 1.267749e-03     0 -1.362424e-01 6.042000e+01 9.317428e+01 2.048952e-01 4.988346e-04 
1.757000e+02 1.842476e-02 2.193055e-01 1.781627e+00 1.191356e+04 1.046233e+04     0 1.418558e+04 1.097221e+04 1.265994e-03     0 -1.362298e-01 6.051349e+01 9.318460e+01 2.047938e-01 4.969891e-04 
1.758000e+02 1.835851e-02 2.193641e-01 1.782201e+00 1.191164e+04 1.047145e+04     0 1.418558e+04 1.097221e+04 1.252292e-03     0 -1.365697e-01 6.060688e+01 9.319498e+01 2.046588e-01 4.944250e-04 
1.759000e+02 1.829310e-02 2.194506e-01 1.782774e+00 1.190971e+04 1.048056e+04     0 1.418558e+04 1.097221e+04 1.234119e-03     0 -1.368410e-01 6.070018e+01 9.320545e+01 2.045608e-01 4.917105e-04 
  176 1.823087e-02 2.196026e-01 1.783346e+00 1.190777e+04 1.048968e+04     0 1.424005e+04 1.095089e+04 1.214646e-03     0 -1.369688e-01 6.079340e+01 9.321597e+01 2.045279e-01 4.896232e-04 
1.761000e+02 1.817097e-02 2.197820e-01 1.783916e+00 1.190583e+04 1.049880e+04     0 1.424005e+04 1.095089e+04 1.243615e-03     0 -1.357723e-01 6.088716e+01 9.322641e+01 2.045074e-01 4.883238e-04 
1.762000e+02 1.810810e-02 2.198849e-01 1.784482e+00 1.190388e+04 1.050791e+04     0 1.424005e+04 1.095089e+04 1.241905e-03     0 -1.357601e-01 6.098082e+01 9.323679e+01 2.044056e-01 4.865187e-04 
1.763000e+02 1.804316e-02 2.199435e-01 1.785045e+00 1.190193e+04 1.051703e+04     0 1.424005e+04 1.095089e+04 1.228418e-03     0 -1.361016e-01 6.107438e+01 9.324723e+01 2.042700e-01 4.840051e-04 
1.764000e+02 1.797904e-02 2.200302e-01 1.785607e+00 1.189997e+04 1.052615e+04     0 1.424005e+04 1.095089e+04 1.210523e-03     0 -1.363739e-01 6.116784e+01 9.325776e+01 2.041716e-01 4.813432e-04 
1.765000e+02 1.791806e-02 2.201827e-01 1.786168e+00 1.189801e+04 1.053526e+04     0 1.429453e+04 1.092957e+04 1.191349e-03     0 -1.365020e-01 6.126122e+01 9.326833e+01 2.041387e-01 4.792996e-04 
1.766000e+02 1.785938e-02 2.203628e-01 1.786727e+00 1.189604e+04 1.054438e+04     0 1.429453e+04 1.092957e+04 1.219922e-03     0 -1.353009e-01 6.135516e+01 9.327883e+01 2.041183e-01 4.780330e-04 
1.767000e+02 1.779777e-02 2.204659e-01 1.787282e+00 1.189407e+04 1.055350e+04     0 1.429453e+04 1.092957e+04 1.218256e-03     0 -1.352889e-01 6.144898e+01 9.328927e+01 2.040160e-01 4.762678e-04 
1.768000e+02 1.773411e-02 2.205246e-01 1.787835e+00 1.189209e+04 1.056261e+04     0 1.429453e+04 1.092957e+04 1.204981e-03     0 -1.356319e-01 6.154270e+01 9.329976e+01 2.038799e-01 4.738040e-04 
1.769000e+02 1.767127e-02 2.206115e-01 1.788386e+00 1.189010e+04 1.057173e+04     0 1.429453e+04 1.092957e+04 1.187363e-03     0 -1.359052e-01 6.163633e+01 9.331035e+01 2.037812e-01 4.711941e-04 
  177 1.761151e-02 2.207646e-01 1.788936e+00 1.188811e+04 1.058084e+04     0 1.434904e+04 1.090824e+04 1.168482e-03     0 -1.360335e-01 6.172988e+01 9.332098e+01 2.037483e-01 4.691937e-04 
1.771000e+02 1.755403e-02 2.209453e-01 1.789484e+00 1.188612e+04 1.058996e+04     0 1.434904e+04 1.090824e+04 1.196663e-03     0 -1.348282e-01 6.182398e+01 9.333153e+01 2.037278e-01 4.679593e-04 
1.772000e+02 1.749365e-02 2.210487e-01 1.790029e+00 1.188412e+04 1.059907e+04     0 1.434904e+04 1.090824e+04 1.195039e-03     0 -1.348165e-01 6.191797e+01 9.334202e+01 2.036252e-01 4.662334e-04 
1.773000e+02 1.743126e-02 2.211074e-01 1.790571e+00 1.188211e+04 1.060819e+04     0 1.434904e+04 1.090824e+04 1.181974e-03     0 -1.351609e-01 6.201186e+01 9.335256e+01 2.034886e-01 4.638188e-04 
1.774000e+02 1.736967e-02 2.211946e-01 1.791111e+00 1.188010e+04 1.061730e+04     0 1.434904e+04 1.090824e+04 1.164629e-03     0 -1.354350e-01 6.210565e+01 9.336321e+01 2.033896e-01 4.612602e-04 
1.775000e+02 1.731113e-02 2.213483e-01 1.791651e+00 1.187809e+04 1.062642e+04     0 1.440355e+04 1.088691e+04 1.146041e-03     0 -1.355634e-01 6.219937e+01 9.337389e+01 2.033567e-01 4.593024e-04 
1.776000e+02 1.725483e-02 2.215297e-01 1.792188e+00 1.187606e+04 1.063553e+04     0 1.440355e+04 1.088691e+04 1.173830e-03     0 -1.343544e-01 6.229364e+01 9.338449e+01 2.033362e-01 4.580996e-04 
1.777000e+02 1.719567e-02 2.216333e-01 1.792723e+00 1.187404e+04 1.064465e+04     0 1.440355e+04 1.088691e+04 1.172247e-03     0 -1.343430e-01 6.238779e+01 9.339502e+01 2.032333e-01 4.564124e-04 
1.778000e+02 1.713453e-02 2.216922e-01 1.793254e+00 1.187201e+04 1.065376e+04     0 1.440355e+04 1.088691e+04 1.159391e-03     0 -1.346886e-01 6.248185e+01 9.340562e+01 2.030962e-01 4.540463e-04 
1.779000e+02 1.707418e-02 2.217796e-01 1.793784e+00 1.186997e+04 1.066288e+04     0 1.440355e+04 1.088691e+04 1.142317e-03     0 -1.349635e-01 6.257581e+01 9.341631e+01 2.029969e-01 4.515382e-04 
  178 1.701683e-02 2.219339e-01 1.794313e+00 1.186793e+04 1.067199e+04     0 1.445808e+04 1.086557e+04 1.124019e-03     0 -1.350921e-01 6.266969e+01 9.342704e+01 2.029641e-01 4.496223e-04 
1.781000e+02 1.696169e-02 2.221159e-01 1.794840e+00 1.186588e+04 1.068111e+04     0 1.445808e+04 1.086557e+04 1.151417e-03     0 -1.338796e-01 6.276413e+01 9.343768e+01 2.029437e-01 4.484505e-04 
1.782000e+02 1.690373e-02 2.222198e-01 1.795364e+00 1.186383e+04 1.069022e+04     0 1.445808e+04 1.086557e+04 1.149875e-03     0 -1.338684e-01 6.285845e+01 9.344827e+01 2.028404e-01 4.468013e-04 
1.783000e+02 1.684382e-02 2.222788e-01 1.795885e+00 1.186177e+04 1.069934e+04     0 1.445808e+04 1.086557e+04 1.137225e-03     0 -1.342153e-01 6.295267e+01 9.345891e+01 2.027028e-01 4.444829e-04 
1.784000e+02 1.678470e-02 2.223666e-01 1.796405e+00 1.185971e+04 1.070845e+04     0 1.445808e+04 1.086557e+04 1.120420e-03     0 -1.344908e-01 6.304680e+01 9.346965e+01 2.026034e-01 4.420246e-04 
1.785000e+02 1.672853e-02 2.225214e-01 1.796924e+00 1.185764e+04 1.071756e+04     0 1.451262e+04 1.084422e+04 1.102409e-03     0 -1.346195e-01 6.314085e+01 9.348042e+01 2.025705e-01 4.401498e-04 
1.786000e+02 1.667453e-02 2.227041e-01 1.797441e+00 1.185556e+04 1.072668e+04     0 1.451262e+04 1.084422e+04 1.129419e-03     0 -1.334039e-01 6.323545e+01 9.349111e+01 2.025502e-01 4.390083e-04 
1.787000e+02 1.661775e-02 2.228083e-01 1.797955e+00 1.185349e+04 1.073579e+04     0 1.451262e+04 1.084422e+04 1.127917e-03     0 -1.333930e-01 6.332994e+01 9.350173e+01 2.024466e-01 4.373963e-04 
1.788000e+02 1.655906e-02 2.228675e-01 1.798466e+00 1.185140e+04 1.074490e+04     0 1.451262e+04 1.084422e+04 1.115471e-03     0 -1.337410e-01 6.342433e+01 9.351242e+01 2.023087e-01 4.351249e-04 
1.789000e+02 1.650114e-02 2.229557e-01 1.798976e+00 1.184932e+04 1.075402e+04     0 1.451262e+04 1.084422e+04 1.098932e-03     0 -1.340170e-01 6.351863e+01 9.352320e+01 2.022090e-01 4.327155e-04 
  179 1.644613e-02 2.231110e-01 1.799485e+00 1.184722e+04 1.076313e+04     0 1.456717e+04 1.082287e+04 1.081206e-03     0 -1.341458e-01 6.361284e+01 9.353401e+01 2.021762e-01 4.308810e-04 
1.791000e+02 1.639325e-02 2.232943e-01 1.799992e+00 1.184513e+04 1.077225e+04     0 1.456717e+04 1.082287e+04 1.107830e-03     0 -1.329274e-01 6.370761e+01 9.354474e+01 2.021559e-01 4.297692e-04 
1.792000e+02 1.633765e-02 2.233989e-01 1.800496e+00 1.184302e+04 1.078136e+04     0 1.456717e+04 1.082287e+04 1.106367e-03     0 -1.329169e-01 6.380227e+01 9.355540e+01 2.020520e-01 4.281937e-04 
1.793000e+02 1.628015e-02 2.234583e-01 1.800997e+00 1.184092e+04 1.079047e+04     0 1.456717e+04 1.082287e+04 1.094124e-03     0 -1.332658e-01 6.389682e+01 9.356613e+01 2.019137e-01 4.259684e-04 
1.794000e+02 1.622341e-02 2.235468e-01 1.801497e+00 1.183880e+04 1.079959e+04     0 1.456717e+04 1.082287e+04 1.077848e-03     0 -1.335424e-01 6.399129e+01 9.357694e+01 2.018139e-01 4.236071e-04 
1.795000e+02 1.616955e-02 2.237028e-01 1.801996e+00 1.183669e+04 1.080870e+04     0 1.462173e+04 1.080152e+04 1.060404e-03     0 -1.336711e-01 6.408567e+01 9.358780e+01 2.017811e-01 4.218122e-04 
1.796000e+02 1.611778e-02 2.238867e-01 1.802493e+00 1.183456e+04 1.081781e+04     0 1.462173e+04 1.080152e+04 1.086645e-03     0 -1.324503e-01 6.418061e+01 9.359856e+01 2.017609e-01 4.207293e-04 
1.797000e+02 1.606333e-02 2.239916e-01 1.802988e+00 1.183244e+04 1.082693e+04     0 1.462173e+04 1.080152e+04 1.085220e-03     0 -1.324401e-01 6.427543e+01 9.360927e+01 2.016567e-01 4.191896e-04 
1.798000e+02 1.600701e-02 2.240513e-01 1.803479e+00 1.183030e+04 1.083604e+04     0 1.462173e+04 1.080152e+04 1.073177e-03     0 -1.327899e-01 6.437015e+01 9.362003e+01 2.015182e-01 4.170095e-04 
1.799000e+02 1.595145e-02 2.241401e-01 1.803970e+00 1.182817e+04 1.084515e+04     0 1.462173e+04 1.080152e+04 1.057163e-03     0 -1.330669e-01 6.446478e+01 9.363088e+01 2.014182e-01 4.146954e-04 
  180 1.589871e-02 2.242967e-01 1.804459e+00 1.182603e+04 1.085426e+04     0 1.467629e+04 1.142222e+04 1.039998e-03     0 -1.331956e-01 6.455933e+01 9.364176e+01 2.013855e-01 4.129393e-04 
1.801000e+02 1.520584e-02 2.244809e-01 1.804983e+00 1.182388e+04 1.086338e+04     0 1.467629e+04 1.142222e+04 1.639881e-02     0 -1.319669e-01 6.465444e+01 9.365257e+01 2.013657e-01 2.337153e-04 
1.802000e+02 1.227422e-02 2.245834e-01 1.805729e+00 1.182173e+04 1.087249e+04     0 1.467629e+04 1.142222e+04 2.176238e-02     0 -1.319612e-01 6.474943e+01 9.366330e+01 2.012608e-01 -7.065578e-04 
1.803000e+02 7.744833e-03 2.246395e-01 1.806846e+00 1.181957e+04 1.088160e+04     0 1.467629e+04 1.142222e+04 2.313582e-02     0 -1.323158e-01 6.484432e+01 9.367408e+01 2.011147e-01 -2.568582e-03 
1.804000e+02 -5.185187e-03 2.247308e-01 1.808319e+00 1.181742e+04 1.089072e+04     0 1.467629e+04 1.142222e+04 2.275190e-02     0 -1.325914e-01 6.493912e+01 9.368495e+01 2.009939e-01 -5.188036e-03 
1.805000e+02 -9.275098e-03 2.249029e-01 1.809998e+00 1.181526e+04 1.089983e+04     0 1.472825e+04 1.142179e+04 2.091255e-02     0 -1.326964e-01 6.503383e+01 9.369582e+01 2.009254e-01 -8.253510e-03 
1.806000e+02 -1.536100e-02 2.251415e-01 1.811642e+00 1.181310e+04 1.090895e+04     0 1.472825e+04 1.142179e+04 2.019587e-02     0 -1.321597e-01 6.512874e+01 9.370657e+01 2.008841e-01 -1.140955e-02 
1.807000e+02 -2.153174e-02 2.253872e-01 1.813008e+00 1.181095e+04 1.091806e+04     0 1.472825e+04 1.142179e+04 1.900226e-02     0 -1.321169e-01 6.522356e+01 9.371715e+01 2.008196e-01 -1.437916e-02 
1.808000e+02 -2.749418e-02 2.256356e-01 1.813878e+00 1.180879e+04 1.092718e+04     0 1.472825e+04 1.142179e+04 1.764957e-02     0 -1.322299e-01 6.531830e+01 9.372757e+01 2.007451e-01 -1.693779e-02 
1.809000e+02 -3.322525e-02 2.259005e-01 1.814082e+00 1.180665e+04 1.093630e+04     0 1.472825e+04 1.142179e+04 1.627113e-02     0 -1.323250e-01 6.541297e+01 9.373785e+01 2.006880e-01 -1.892590e-02 
  181 -3.879025e-02 2.261839e-01 1.813511e+00 1.180450e+04 1.094543e+04     0 1.478022e+04 1.142135e+04 1.490987e-02     0 -1.323744e-01 6.550757e+01 9.374799e+01 2.006599e-01 -2.025755e-02 
1.811000e+02 -4.430521e-02 2.264583e-01 1.812119e+00 1.180237e+04 1.095455e+04     0 1.478022e+04 1.142135e+04 1.416899e-02     0 -1.318599e-01 6.560239e+01 9.375797e+01 2.006379e-01 -2.092323e-02 
1.812000e+02 -4.991670e-02 2.266715e-01 1.809929e+00 1.180025e+04 1.096368e+04     0 1.478022e+04 1.142135e+04 1.304461e-02     0 -1.318890e-01 6.569714e+01 9.376788e+01 2.005821e-01 -2.098708e-02 
1.813000e+02 -5.566286e-02 2.268359e-01 1.807008e+00 1.179813e+04 1.097282e+04     0 1.478022e+04 1.142135e+04 1.175475e-02     0 -1.320906e-01 6.579182e+01 9.377780e+01 2.005178e-01 -2.053928e-02 
1.814000e+02 -6.151699e-02 2.269840e-01 1.803447e+00 1.179603e+04 1.098195e+04     0 1.478022e+04 1.142135e+04 1.038102e-02     0 -1.322752e-01 6.588644e+01 9.378780e+01 2.004807e-01 -1.968406e-02 
1.815000e+02 -6.742133e-02 2.271335e-01 1.799360e+00 1.179395e+04 1.099109e+04     0 1.483221e+04 1.142092e+04 8.961089e-03     0 -1.324089e-01 6.598101e+01 9.379789e+01 2.004855e-01 -1.853192e-02 
1.816000e+02 -7.325331e-02 2.272693e-01 1.794859e+00 1.179188e+04 1.100024e+04     0 1.483221e+04 1.142092e+04 6.442922e-03     0 -1.319680e-01 6.607580e+01 9.380801e+01 2.005094e-01 -1.717833e-02 
1.817000e+02 -7.880620e-02 2.273473e-01 1.790050e+00 1.178983e+04 1.100939e+04     0 1.483221e+04 1.142092e+04 4.626166e-03     0 -1.320690e-01 6.617053e+01 9.381819e+01 2.005109e-01 -1.568007e-02 
1.818000e+02 -8.401566e-02 2.273859e-01 1.785025e+00 1.178780e+04 1.101855e+04     0 1.483221e+04 1.142092e+04 3.116285e-03     0 -1.323398e-01 6.626521e+01 9.382847e+01 2.005087e-01 -1.410890e-02 
1.819000e+02 -8.887320e-02 2.274232e-01 1.779871e+00 1.178579e+04 1.102771e+04     0 1.483221e+04 1.142092e+04 1.771262e-03     0 -1.325878e-01 6.635983e+01 9.383887e+01 2.005315e-01 -1.254217e-02 
  182 -9.337231e-02 2.274827e-01 1.774668e+00 1.178381e+04 1.103688e+04     0 1.488419e+04 1.142049e+04 5.398717e-04     0 -1.327761e-01 6.645440e+01 9.384934e+01 2.005888e-01 -1.104850e-02 
1.821000e+02 -9.740643e-02 2.275537e-01 1.769484e+00 1.178185e+04 1.104606e+04     0 1.488419e+04 1.142049e+04 -2.680505e-03     0 -1.323788e-01 6.654921e+01 9.385982e+01 2.006552e-01 -9.656925e-03 
1.822000e+02 -1.007181e-01 2.275939e-01 1.764352e+00 1.177993e+04 1.105524e+04     0 1.488419e+04 1.142049e+04 -4.449976e-03     0 -1.325131e-01 6.664396e+01 9.387031e+01 2.006886e-01 -8.323230e-03 
1.823000e+02 -1.033294e-01 2.276224e-01 1.759288e+00 1.177803e+04 1.106443e+04     0 1.488419e+04 1.142049e+04 -5.572511e-03     0 -1.328057e-01 6.673866e+01 9.388084e+01 2.007086e-01 -7.044067e-03 
1.824000e+02 -1.053656e-01 2.276768e-01 1.754313e+00 1.177616e+04 1.107363e+04     0 1.488419e+04 1.142049e+04 -6.360612e-03     0 -1.330624e-01 6.683331e+01 9.389141e+01 2.007455e-01 -5.845773e-03 
1.825000e+02 -1.069441e-01 2.277793e-01 1.749455e+00 1.177432e+04 1.108283e+04     0 1.493617e+04 1.142005e+04 -6.948670e-03     0 -1.332457e-01 6.692792e+01 9.390197e+01 2.008111e-01 -4.761286e-03 
1.826000e+02 -1.080547e-01 2.279166e-01 1.744736e+00 1.177252e+04 1.109204e+04     0 1.493617e+04 1.142005e+04 -9.553298e-03     0 -1.328335e-01 6.702276e+01 9.391243e+01 2.008807e-01 -3.794026e-03 
1.827000e+02 -1.085060e-01 2.280426e-01 1.740159e+00 1.177075e+04 1.110126e+04     0 1.493617e+04 1.142005e+04 -1.065565e-02     0 -1.329380e-01 6.711755e+01 9.392279e+01 2.009121e-01 -2.880545e-03 
1.828000e+02 -1.083731e-01 2.281719e-01 1.735715e+00 1.176901e+04 1.111049e+04     0 1.493617e+04 1.142005e+04 -1.110595e-02     0 -1.331884e-01 6.721229e+01 9.393305e+01 2.009258e-01 -2.006184e-03 
1.829000e+02 -1.078198e-01 2.283375e-01 1.731406e+00 1.176730e+04 1.111972e+04     0 1.493617e+04 1.142005e+04 -1.124072e-02     0 -1.333927e-01 6.730699e+01 9.394320e+01 2.009524e-01 -1.191597e-03 
  183 -1.069868e-01 2.285568e-01 1.727246e+00 1.176563e+04 1.112896e+04     0 1.498814e+04 1.141962e+04 -1.120778e-02     0 -1.335155e-01 6.740164e+01 9.395318e+01 2.010032e-01 -4.675318e-04 
1.831000e+02 -1.058868e-01 2.288121e-01 1.723253e+00 1.176399e+04 1.113821e+04     0 1.498814e+04 1.141962e+04 -1.296704e-02     0 -1.330400e-01 6.749654e+01 9.396288e+01 2.010529e-01 1.596417e-04 
1.832000e+02 -1.043606e-01 2.290544e-01 1.719423e+00 1.176238e+04 1.114747e+04     0 1.498814e+04 1.141962e+04 -1.343932e-02     0 -1.330707e-01 6.759137e+01 9.397228e+01 2.010586e-01 7.422719e-04 
1.833000e+02 -1.024748e-01 2.292953e-01 1.715747e+00 1.176081e+04 1.115673e+04     0 1.498814e+04 1.141962e+04 -1.337395e-02     0 -1.332396e-01 6.768617e+01 9.398139e+01 2.010405e-01 1.290820e-03 
1.834000e+02 -1.003681e-01 2.295648e-01 1.712223e+00 1.175927e+04 1.116599e+04     0 1.498814e+04 1.141962e+04 -1.306699e-02     0 -1.333578e-01 6.778092e+01 9.399021e+01 2.010297e-01 1.786188e-03 
1.835000e+02 -9.815600e-02 2.298776e-01 1.708860e+00 1.175776e+04 1.117527e+04     0 1.504009e+04 1.141919e+04 -1.264738e-02     0 -1.333921e-01 6.787563e+01 9.399866e+01 2.010377e-01 2.201844e-03 
1.836000e+02 -9.584505e-02 2.302144e-01 1.705670e+00 1.175628e+04 1.118455e+04     0 1.504009e+04 1.141919e+04 -1.372373e-02     0 -1.328295e-01 6.797057e+01 9.400668e+01 2.010398e-01 2.532532e-03 
1.837000e+02 -9.329887e-02 2.305253e-01 1.702646e+00 1.175483e+04 1.119383e+04     0 1.504009e+04 1.141919e+04 -1.377301e-02     0 -1.327698e-01 6.806547e+01 9.401424e+01 2.009934e-01 2.822353e-03 
1.838000e+02 -9.056528e-02 2.308213e-01 1.699777e+00 1.175341e+04 1.120312e+04     0 1.504009e+04 1.141919e+04 -1.340830e-02     0 -1.328474e-01 6.816032e+01 9.402139e+01 2.009202e-01 3.082072e-03 
1.839000e+02 -8.775123e-02 2.311320e-01 1.697054e+00 1.175202e+04 1.121241e+04     0 1.504009e+04 1.141919e+04 -1.287090e-02     0 -1.328760e-01 6.825513e+01 9.402812e+01 2.008519e-01 3.298951e-03 
  184 -8.494509e-02 2.314718e-01 1.694481e+00 1.175065e+04 1.122171e+04     0 1.509204e+04 1.141875e+04 -1.226503e-02     0 -1.328244e-01 6.834990e+01 9.403440e+01 2.008012e-01 3.454486e-03 
1.841000e+02 -8.214997e-02 2.318213e-01 1.692061e+00 1.174932e+04 1.123102e+04     0 1.509204e+04 1.141875e+04 -1.282707e-02     0 -1.321810e-01 6.844491e+01 9.404018e+01 2.007442e-01 3.546601e-03 
1.842000e+02 -7.925824e-02 2.321314e-01 1.689785e+00 1.174801e+04 1.124032e+04     0 1.509204e+04 1.141875e+04 -1.262086e-02     0 -1.320452e-01 6.853986e+01 9.404546e+01 2.006397e-01 3.611114e-03 
1.843000e+02 -7.630317e-02 2.324146e-01 1.687641e+00 1.174672e+04 1.124964e+04     0 1.509204e+04 1.141875e+04 -1.211660e-02     0 -1.320523e-01 6.863478e+01 9.405032e+01 2.005099e-01 3.658214e-03 
1.844000e+02 -7.336305e-02 2.327015e-01 1.685617e+00 1.174547e+04 1.125895e+04     0 1.509204e+04 1.141875e+04 -1.149882e-02     0 -1.320173e-01 6.872965e+01 9.405477e+01 2.003878e-01 3.679939e-03 
1.845000e+02 -7.050171e-02 2.330073e-01 1.683713e+00 1.174423e+04 1.126827e+04     0 1.514400e+04 1.141832e+04 -1.084668e-02     0 -1.319098e-01 6.882448e+01 9.405882e+01 2.002866e-01 3.663660e-03 
1.846000e+02 -6.771959e-02 2.333138e-01 1.681928e+00 1.174302e+04 1.127759e+04     0 1.514400e+04 1.141832e+04 -1.105962e-02     0 -1.312168e-01 6.891956e+01 9.406241e+01 2.001832e-01 3.608416e-03 
1.847000e+02 -6.493567e-02 2.335736e-01 1.680254e+00 1.174183e+04 1.128692e+04     0 1.514400e+04 1.141832e+04 -1.073094e-02     0 -1.310414e-01 6.901458e+01 9.406560e+01 2.000367e-01 3.540578e-03 
1.848000e+02 -6.217059e-02 2.338007e-01 1.678678e+00 1.174066e+04 1.129625e+04     0 1.514400e+04 1.141832e+04 -1.020181e-02     0 -1.310176e-01 6.910956e+01 9.406846e+01 1.998701e-01 3.467809e-03 
1.849000e+02 -5.947734e-02 2.340272e-01 1.677193e+00 1.173951e+04 1.130558e+04     0 1.514400e+04 1.141832e+04 -9.605564e-03     0 -1.309599e-01 6.920450e+01 9.407103e+01 1.997166e-01 3.384550e-03 
  185 -5.689807e-02 2.342699e-01 1.675794e+00 1.173838e+04 1.131491e+04     0 1.519597e+04 1.141789e+04 -8.998863e-03     0 -1.308381e-01 6.929940e+01 9.407332e+01 1.995897e-01 3.281776e-03 
1.851000e+02 -5.442976e-02 2.345115e-01 1.674482e+00 1.173727e+04 1.132425e+04     0 1.519597e+04 1.141789e+04 -9.014736e-03     0 -1.301353e-01 6.939455e+01 9.407531e+01 1.994664e-01 3.158596e-03 
1.852000e+02 -5.201167e-02 2.347056e-01 1.673248e+00 1.173617e+04 1.133358e+04     0 1.519597e+04 1.141789e+04 -8.662342e-03     0 -1.299611e-01 6.948964e+01 9.407704e+01 1.993056e-01 3.033288e-03 
1.853000e+02 -4.965451e-02 2.348675e-01 1.672085e+00 1.173509e+04 1.134292e+04     0 1.519597e+04 1.141789e+04 -8.181074e-03     0 -1.299468e-01 6.958469e+01 9.407861e+01 1.991303e-01 2.910995e-03 
1.854000e+02 -4.739168e-02 2.350307e-01 1.670984e+00 1.173403e+04 1.135226e+04     0 1.519597e+04 1.141789e+04 -7.663931e-03     0 -1.299052e-01 6.967970e+01 9.408005e+01 1.989738e-01 2.787599e-03 
1.855000e+02 -4.524905e-02 2.352125e-01 1.669943e+00 1.173299e+04 1.136161e+04     0 1.524796e+04 1.141745e+04 -7.149893e-03     0 -1.298053e-01 6.977467e+01 9.408138e+01 1.988492e-01 2.656554e-03 
1.856000e+02 -4.322101e-02 2.353963e-01 1.668960e+00 1.173196e+04 1.137095e+04     0 1.524796e+04 1.141745e+04 -7.079525e-03     0 -1.291255e-01 6.986989e+01 9.408258e+01 1.987331e-01 2.516964e-03 
1.857000e+02 -4.126194e-02 2.355359e-01 1.668033e+00 1.173094e+04 1.138030e+04     0 1.524796e+04 1.141745e+04 -6.761346e-03     0 -1.289833e-01 6.996505e+01 9.408369e+01 1.985838e-01 2.381256e-03 
1.858000e+02 -3.937618e-02 2.356473e-01 1.667152e+00 1.172993e+04 1.138965e+04     0 1.524796e+04 1.141745e+04 -6.361472e-03     0 -1.290063e-01 7.006017e+01 9.408479e+01 1.984242e-01 2.252711e-03 
1.859000e+02 -3.758400e-02 2.357645e-01 1.666313e+00 1.172894e+04 1.139900e+04     0 1.524796e+04 1.141745e+04 -5.943988e-03     0 -1.290054e-01 7.015526e+01 9.408593e+01 1.982870e-01 2.128171e-03 
  186 -3.590059e-02 2.359052e-01 1.665514e+00 1.172796e+04 1.140835e+04     0 1.529996e+04 1.141702e+04 -5.535353e-03     0 -1.289485e-01 7.025030e+01 9.408711e+01 1.981852e-01 2.002781e-03 
1.861000e+02 -3.431932e-02 2.360526e-01 1.664754e+00 1.172700e+04 1.141770e+04     0 1.529996e+04 1.141702e+04 -5.444835e-03     0 -1.283091e-01 7.034559e+01 9.408830e+01 1.980945e-01 1.875637e-03 
1.862000e+02 -3.280575e-02 2.361602e-01 1.664030e+00 1.172604e+04 1.142705e+04     0 1.529996e+04 1.141702e+04 -5.185131e-03     0 -1.282130e-01 7.044083e+01 9.408954e+01 1.979726e-01 1.755161e-03 
1.863000e+02 -3.136080e-02 2.362442e-01 1.663338e+00 1.172509e+04 1.143641e+04     0 1.529996e+04 1.141702e+04 -4.872571e-03     0 -1.282844e-01 7.053603e+01 9.409089e+01 1.978419e-01 1.643327e-03 
1.864000e+02 -2.999674e-02 2.363386e-01 1.662673e+00 1.172416e+04 1.144576e+04     0 1.529996e+04 1.141702e+04 -4.551731e-03     0 -1.283318e-01 7.063118e+01 9.409239e+01 1.977351e-01 1.537570e-03 
1.865000e+02 -2.872240e-02 2.364612e-01 1.662034e+00 1.172323e+04 1.145512e+04     0 1.535198e+04 1.141658e+04 -4.240748e-03     0 -1.283225e-01 7.072630e+01 9.409404e+01 1.976646e-01 1.434129e-03 
1.866000e+02 -2.753123e-02 2.365948e-01 1.661421e+00 1.172231e+04 1.146448e+04     0 1.535198e+04 1.141658e+04 -4.162595e-03     0 -1.277257e-01 7.082167e+01 9.409578e+01 1.976057e-01 1.332081e-03 
1.867000e+02 -2.639695e-02 2.366923e-01 1.660833e+00 1.172140e+04 1.147384e+04     0 1.535198e+04 1.141658e+04 -3.964425e-03     0 -1.276750e-01 7.091698e+01 9.409765e+01 1.975153e-01 1.237219e-03 
1.868000e+02 -2.531897e-02 2.367696e-01 1.660265e+00 1.172050e+04 1.148319e+04     0 1.535198e+04 1.141658e+04 -3.729988e-03     0 -1.277912e-01 7.101225e+01 9.409971e+01 1.974156e-01 1.150663e-03 
1.869000e+02 -2.430504e-02 2.368608e-01 1.659716e+00 1.171961e+04 1.149256e+04     0 1.535198e+04 1.141658e+04 -3.491201e-03     0 -1.278814e-01 7.110748e+01 9.410197e+01 1.973392e-01 1.070251e-03 
  187 -2.336053e-02 2.369834e-01 1.659184e+00 1.171872e+04 1.150192e+04     0 1.540401e+04 1.141615e+04 -3.260899e-03     0 -1.279123e-01 7.120268e+01 9.410442e+01 1.972983e-01 9.929579e-04 
1.871000e+02 -2.247961e-02 2.371198e-01 1.658671e+00 1.171785e+04 1.151128e+04     0 1.540401e+04 1.141615e+04 -3.205949e-03     0 -1.273500e-01 7.129812e+01 9.410701e+01 1.972679e-01 9.178935e-04 
1.872000e+02 -2.164199e-02 2.372223e-01 1.658174e+00 1.171698e+04 1.152064e+04     0 1.540401e+04 1.141615e+04 -3.061307e-03     0 -1.273342e-01 7.139351e+01 9.410975e+01 1.972043e-01 8.491980e-04 
1.873000e+02 -2.084672e-02 2.373067e-01 1.657692e+00 1.171611e+04 1.153001e+04     0 1.540401e+04 1.141615e+04 -2.889638e-03     0 -1.274837e-01 7.148886e+01 9.411269e+01 1.971298e-01 7.875032e-04 
1.874000e+02 -2.009915e-02 2.374068e-01 1.657223e+00 1.171526e+04 1.153937e+04     0 1.540401e+04 1.141615e+04 -2.714751e-03     0 -1.276041e-01 7.158416e+01 9.411585e+01 1.970770e-01 7.309806e-04 
1.875000e+02 -1.940294e-02 2.375400e-01 1.656766e+00 1.171440e+04 1.154874e+04     0 1.545605e+04 1.141572e+04 -2.546161e-03     0 -1.276621e-01 7.167943e+01 9.411920e+01 1.970581e-01 6.771649e-04 
1.876000e+02 -1.875329e-02 2.376883e-01 1.656323e+00 1.171356e+04 1.155810e+04     0 1.545605e+04 1.141572e+04 -2.513201e-03     0 -1.271216e-01 7.177495e+01 9.412268e+01 1.970477e-01 6.252568e-04 
1.877000e+02 -1.813445e-02 2.378035e-01 1.655893e+00 1.171272e+04 1.156747e+04     0 1.545605e+04 1.141572e+04 -2.409988e-03     0 -1.271271e-01 7.187042e+01 9.412630e+01 1.970022e-01 5.783647e-04 
1.878000e+02 -1.754565e-02 2.379012e-01 1.655473e+00 1.171189e+04 1.157684e+04     0 1.545605e+04 1.141572e+04 -2.285139e-03     0 -1.272957e-01 7.196584e+01 9.413009e+01 1.969437e-01 5.368762e-04 
1.879000e+02 -1.699101e-02 2.380152e-01 1.655064e+00 1.171106e+04 1.158621e+04     0 1.545605e+04 1.141572e+04 -2.157117e-03     0 -1.274326e-01 7.206122e+01 9.413409e+01 1.969051e-01 4.992728e-04 
  188 -1.647336e-02 2.381627e-01 1.654664e+00 1.171023e+04 1.159557e+04     0 1.550809e+04 1.141528e+04 -2.033298e-03     0 -1.275041e-01 7.215656e+01 9.413824e+01 1.968986e-01 4.635511e-04 
1.881000e+02 -1.598901e-02 2.383254e-01 1.654275e+00 1.170941e+04 1.160494e+04     0 1.550809e+04 1.141528e+04 -2.016143e-03     0 -1.269733e-01 7.225216e+01 9.414250e+01 1.968989e-01 4.290368e-04 
1.882000e+02 -1.552573e-02 2.384549e-01 1.653897e+00 1.170860e+04 1.161432e+04     0 1.550809e+04 1.141528e+04 -1.942462e-03     0 -1.269875e-01 7.234770e+01 9.414685e+01 1.968622e-01 3.981599e-04 
1.883000e+02 -1.508311e-02 2.385666e-01 1.653527e+00 1.170779e+04 1.162369e+04     0 1.550809e+04 1.141528e+04 -1.850832e-03     0 -1.271631e-01 7.244320e+01 9.415135e+01 1.968109e-01 3.711982e-04 
1.884000e+02 -1.466453e-02 2.386944e-01 1.653165e+00 1.170699e+04 1.163306e+04     0 1.550809e+04 1.141528e+04 -1.755924e-03     0 -1.273049e-01 7.253865e+01 9.415600e+01 1.967778e-01 3.469245e-04 
1.885000e+02 -1.427238e-02 2.388553e-01 1.652812e+00 1.170619e+04 1.164243e+04     0 1.556014e+04 1.141485e+04 -1.663617e-03     0 -1.273793e-01 7.263407e+01 9.416077e+01 1.967755e-01 3.237340e-04 
1.886000e+02 -1.390394e-02 2.390310e-01 1.652468e+00 1.170539e+04 1.165181e+04     0 1.556014e+04 1.141485e+04 -1.655435e-03     0 -1.268488e-01 7.272974e+01 9.416560e+01 1.967786e-01 3.010869e-04 
1.887000e+02 -1.354982e-02 2.391727e-01 1.652132e+00 1.170460e+04 1.166118e+04     0 1.556014e+04 1.141485e+04 -1.601635e-03     0 -1.268627e-01 7.282536e+01 9.417049e+01 1.967434e-01 2.809193e-04 
1.888000e+02 -1.320989e-02 2.392960e-01 1.651804e+00 1.170381e+04 1.167056e+04     0 1.556014e+04 1.141485e+04 -1.532964e-03     0 -1.270369e-01 7.292093e+01 9.417548e+01 1.966924e-01 2.634617e-04 
1.889000e+02 -1.288698e-02 2.394347e-01 1.651483e+00 1.170303e+04 1.167994e+04     0 1.556014e+04 1.141485e+04 -1.461135e-03     0 -1.271758e-01 7.301647e+01 9.418059e+01 1.966586e-01 2.477535e-04 
  189 -1.258312e-02 2.396059e-01 1.651169e+00 1.170225e+04 1.168931e+04     0 1.561218e+04 1.141441e+04 -1.390861e-03     0 -1.272463e-01 7.311196e+01 9.418577e+01 1.966548e-01 2.325395e-04 
1.891000e+02 -1.229638e-02 2.397910e-01 1.650863e+00 1.170147e+04 1.169869e+04     0 1.561218e+04 1.141441e+04 -1.386184e-03     0 -1.267108e-01 7.320770e+01 9.419097e+01 1.966556e-01 2.174060e-04 
1.892000e+02 -1.201965e-02 2.399415e-01 1.650565e+00 1.170070e+04 1.170807e+04     0 1.561218e+04 1.141441e+04 -1.345343e-03     0 -1.267192e-01 7.330340e+01 9.419619e+01 1.966172e-01 2.038888e-04 
1.893000e+02 -1.175299e-02 2.400727e-01 1.650273e+00 1.169993e+04 1.171745e+04     0 1.561218e+04 1.141441e+04 -1.292523e-03     0 -1.268873e-01 7.339905e+01 9.420148e+01 1.965625e-01 1.921911e-04 
1.894000e+02 -1.149870e-02 2.402186e-01 1.649987e+00 1.169916e+04 1.172683e+04     0 1.561218e+04 1.141441e+04 -1.236952e-03     0 -1.270197e-01 7.349465e+01 9.420684e+01 1.965246e-01 1.815880e-04 
1.895000e+02 -1.125842e-02 2.403963e-01 1.649708e+00 1.169840e+04 1.173621e+04     0 1.566423e+04 1.141398e+04 -1.182350e-03     0 -1.270831e-01 7.359022e+01 9.421225e+01 1.965163e-01 1.711282e-04 
1.896000e+02 -1.103083e-02 2.405872e-01 1.649436e+00 1.169764e+04 1.174559e+04     0 1.566423e+04 1.141398e+04 -1.177599e-03     0 -1.265406e-01 7.368604e+01 9.421764e+01 1.965122e-01 1.605060e-04 
1.897000e+02 -1.081069e-02 2.407428e-01 1.649170e+00 1.169688e+04 1.175497e+04     0 1.566423e+04 1.141398e+04 -1.145180e-03     0 -1.265417e-01 7.378181e+01 9.422303e+01 1.964688e-01 1.509071e-04 
1.898000e+02 -1.059810e-02 2.408785e-01 1.648910e+00 1.169612e+04 1.176436e+04     0 1.566423e+04 1.141398e+04 -1.103567e-03     0 -1.267023e-01 7.387753e+01 9.422845e+01 1.964088e-01 1.425080e-04 
1.899000e+02 -1.039484e-02 2.410282e-01 1.648655e+00 1.169537e+04 1.177374e+04     0 1.566423e+04 1.141398e+04 -1.059811e-03     0 -1.268272e-01 7.397321e+01 9.423393e+01 1.963656e-01 1.347846e-04 
  190 -1.020216e-02 2.412091e-01 1.648406e+00 1.169462e+04 1.178312e+04     0 1.571627e+04 1.141355e+04 -1.016756e-03     0 -1.268832e-01 7.406885e+01 9.423942e+01 1.963518e-01 1.270443e-04 
1.901000e+02 -1.001916e-02 2.414027e-01 1.648163e+00 1.169388e+04 1.179251e+04     0 1.571627e+04 1.141355e+04 -1.010017e-03     0 -1.263338e-01 7.416474e+01 9.424488e+01 1.963424e-01 1.190686e-04 
1.902000e+02 -9.842117e-03 2.415605e-01 1.647925e+00 1.169313e+04 1.180190e+04     0 1.571627e+04 1.141355e+04 -9.832406e-04     0 -1.263280e-01 7.426059e+01 9.425031e+01 1.962938e-01 1.117284e-04 
1.903000e+02 -9.671122e-03 2.416979e-01 1.647693e+00 1.169239e+04 1.181128e+04     0 1.571627e+04 1.141355e+04 -9.498857e-04     0 -1.264819e-01 7.435638e+01 9.425577e+01 1.962287e-01 1.051677e-04 
1.904000e+02 -9.507419e-03 2.418490e-01 1.647465e+00 1.169166e+04 1.182067e+04     0 1.571627e+04 1.141355e+04 -9.150860e-04     0 -1.266001e-01 7.445214e+01 9.426126e+01 1.961805e-01 9.902868e-05 
1.905000e+02 -9.351886e-03 2.420308e-01 1.647242e+00 1.169092e+04 1.183006e+04     0 1.576831e+04 1.141311e+04 -8.809041e-04     0 -1.266499e-01 7.454785e+01 9.426675e+01 1.961619e-01 9.283567e-05 
1.906000e+02 -9.203917e-03 2.422250e-01 1.647024e+00 1.169019e+04 1.183945e+04     0 1.576831e+04 1.141311e+04 -8.714380e-04     0 -1.260953e-01 7.464382e+01 9.427220e+01 1.961479e-01 8.643731e-05 
1.907000e+02 -9.061013e-03 2.423831e-01 1.646811e+00 1.168946e+04 1.184883e+04     0 1.576831e+04 1.141311e+04 -8.486666e-04     0 -1.260841e-01 7.473974e+01 9.427761e+01 1.960949e-01 8.042338e-05 
1.908000e+02 -8.923196e-03 2.425205e-01 1.646602e+00 1.168873e+04 1.185822e+04     0 1.576831e+04 1.141311e+04 -8.216831e-04     0 -1.262327e-01 7.483560e+01 9.428303e+01 1.960257e-01 7.490103e-05 
1.909000e+02 -8.791245e-03 2.426714e-01 1.646398e+00 1.168800e+04 1.186761e+04     0 1.576831e+04 1.141311e+04 -7.939469e-04     0 -1.263461e-01 7.493143e+01 9.428848e+01 1.959737e-01 6.964769e-05 
  191 -8.665682e-03 2.428528e-01 1.646197e+00 1.168728e+04 1.187701e+04     0 1.582035e+04 1.141268e+04 -7.668380e-04     0 -1.263915e-01 7.502722e+01 9.429393e+01 1.959516e-01 6.436698e-05 
1.911000e+02 -8.546125e-03 2.430465e-01 1.646001e+00 1.168656e+04 1.188640e+04     0 1.582035e+04 1.141268e+04 -7.546041e-04     0 -1.258335e-01 7.512326e+01 9.429933e+01 1.959343e-01 5.895917e-05 
1.912000e+02 -8.431029e-03 2.432038e-01 1.645809e+00 1.168584e+04 1.189579e+04     0 1.582035e+04 1.141268e+04 -7.348715e-04     0 -1.258188e-01 7.521925e+01 9.430468e+01 1.958783e-01 5.376777e-05 
1.913000e+02 -8.320347e-03 2.433405e-01 1.645620e+00 1.168512e+04 1.190518e+04     0 1.582035e+04 1.141268e+04 -7.129908e-04     0 -1.259641e-01 7.531520e+01 9.431005e+01 1.958064e-01 4.886239e-05 
1.914000e+02 -8.214458e-03 2.434904e-01 1.645435e+00 1.168440e+04 1.191457e+04     0 1.582035e+04 1.141268e+04 -6.909862e-04     0 -1.260745e-01 7.541110e+01 9.431544e+01 1.957519e-01 4.412981e-05 
1.915000e+02 -8.113585e-03 2.436709e-01 1.645253e+00 1.168369e+04 1.192397e+04     0 1.587239e+04 1.141224e+04 -6.696536e-04     0 -1.261171e-01 7.550696e+01 9.432083e+01 1.957276e-01 3.942059e-05 
1.916000e+02 -8.017508e-03 2.438635e-01 1.645075e+00 1.168298e+04 1.193336e+04     0 1.587239e+04 1.141224e+04 -6.549648e-04     0 -1.255577e-01 7.560307e+01 9.432616e+01 1.957083e-01 3.467495e-05 
1.917000e+02 -7.925426e-03 2.440198e-01 1.644900e+00 1.168227e+04 1.194276e+04     0 1.587239e+04 1.141224e+04 -6.376730e-04     0 -1.255411e-01 7.569914e+01 9.433146e+01 1.956505e-01 3.002636e-05 
1.918000e+02 -7.837225e-03 2.441555e-01 1.644729e+00 1.168156e+04 1.195215e+04     0 1.587239e+04 1.141224e+04 -6.199784e-04     0 -1.256847e-01 7.579515e+01 9.433676e+01 1.955771e-01 2.550946e-05 
1.919000e+02 -7.752967e-03 2.443045e-01 1.644560e+00 1.168085e+04 1.196155e+04     0 1.587239e+04 1.141224e+04 -6.026990e-04     0 -1.257936e-01 7.589113e+01 9.434210e+01 1.955214e-01 2.109915e-05 
  192 -7.672637e-03 2.444839e-01 1.644394e+00 1.168015e+04 1.197095e+04     0 1.592442e+04 1.141181e+04 -5.861418e-04     0 -1.258350e-01 7.598706e+01 9.434743e+01 1.954960e-01 1.676557e-05 
1.921000e+02 -7.596133e-03 2.446756e-01 1.644231e+00 1.167945e+04 1.198034e+04     0 1.592442e+04 1.141181e+04 -5.694596e-04     0 -1.252754e-01 7.608325e+01 9.435271e+01 1.954758e-01 1.248052e-05 
1.922000e+02 -7.523221e-03 2.448309e-01 1.644070e+00 1.167875e+04 1.198974e+04     0 1.592442e+04 1.141181e+04 -5.542111e-04     0 -1.252583e-01 7.617939e+01 9.435795e+01 1.954173e-01 8.203190e-06 
1.923000e+02 -7.453738e-03 2.449657e-01 1.643913e+00 1.167805e+04 1.199914e+04     0 1.592442e+04 1.141181e+04 -5.399957e-04     0 -1.254012e-01 7.627548e+01 9.436321e+01 1.953434e-01 3.937891e-06 
1.924000e+02 -7.387504e-03 2.451139e-01 1.643757e+00 1.167735e+04 1.200854e+04     0 1.592442e+04 1.141181e+04 -5.266385e-04     0 -1.255096e-01 7.637152e+01 9.436850e+01 1.952873e-01 -2.698657e-07 
1.925000e+02 -7.324322e-03 2.452926e-01 1.643604e+00 1.167665e+04 1.201794e+04     0 1.597645e+04 1.141138e+04 -5.140473e-04     0 -1.255508e-01 7.646753e+01 9.437379e+01 1.952617e-01 -4.353604e-06 
1.926000e+02 -7.264183e-03 2.454835e-01 1.643453e+00 1.167596e+04 1.202734e+04     0 1.597645e+04 1.141138e+04 -4.958847e-04     0 -1.249920e-01 7.656379e+01 9.437903e+01 1.952413e-01 -8.316040e-06 
1.927000e+02 -7.207271e-03 2.456383e-01 1.643305e+00 1.167527e+04 1.203674e+04     0 1.597645e+04 1.141138e+04 -4.824015e-04     0 -1.249751e-01 7.666000e+01 9.438423e+01 1.951828e-01 -1.233833e-05 
1.928000e+02 -7.153389e-03 2.457726e-01 1.643158e+00 1.167457e+04 1.204614e+04     0 1.597645e+04 1.141138e+04 -4.711003e-04     0 -1.251180e-01 7.675616e+01 9.438945e+01 1.951090e-01 -1.644102e-05 
1.929000e+02 -7.102184e-03 2.459203e-01 1.643014e+00 1.167388e+04 1.205554e+04     0 1.597645e+04 1.141138e+04 -4.610081e-04     0 -1.252265e-01 7.685228e+01 9.439470e+01 1.950531e-01 -2.052281e-05 
  193 -7.053332e-03 2.460986e-01 1.642871e+00 1.167320e+04 1.206495e+04     0 1.602848e+04 1.141094e+04 -4.517150e-04     0 -1.252680e-01 7.694837e+01 9.439996e+01 1.950276e-01 -2.444106e-05 
1.931000e+02 -7.006887e-03 2.462891e-01 1.642729e+00 1.167251e+04 1.207435e+04     0 1.602848e+04 1.141094e+04 -4.326018e-04     0 -1.247104e-01 7.704470e+01 9.440517e+01 1.950075e-01 -2.817778e-05 
1.932000e+02 -6.963335e-03 2.464436e-01 1.642590e+00 1.167182e+04 1.208375e+04     0 1.602848e+04 1.141094e+04 -4.206916e-04     0 -1.246941e-01 7.714098e+01 9.441035e+01 1.949494e-01 -3.202296e-05 
1.933000e+02 -6.922462e-03 2.465777e-01 1.642452e+00 1.167114e+04 1.209316e+04     0 1.602848e+04 1.141094e+04 -4.118497e-04     0 -1.248374e-01 7.723721e+01 9.441555e+01 1.948760e-01 -3.601658e-05 
1.934000e+02 -6.883797e-03 2.467253e-01 1.642316e+00 1.167046e+04 1.210256e+04     0 1.602848e+04 1.141094e+04 -4.044825e-04     0 -1.249462e-01 7.733341e+01 9.442078e+01 1.948205e-01 -4.001456e-05 
1.935000e+02 -6.846928e-03 2.469035e-01 1.642181e+00 1.166978e+04 1.211197e+04     0 1.608050e+04 1.141051e+04 -3.979357e-04     0 -1.249881e-01 7.742956e+01 9.442602e+01 1.947955e-01 -4.381611e-05 
1.936000e+02 -6.811956e-03 2.470940e-01 1.642047e+00 1.166910e+04 1.212137e+04     0 1.608050e+04 1.141051e+04 -3.784113e-04     0 -1.244320e-01 7.752597e+01 9.443121e+01 1.947758e-01 -4.738661e-05 
1.937000e+02 -6.779572e-03 2.472484e-01 1.641915e+00 1.166842e+04 1.213078e+04     0 1.608050e+04 1.141051e+04 -3.679522e-04     0 -1.244163e-01 7.762232e+01 9.443637e+01 1.947181e-01 -5.109596e-05 
1.938000e+02 -6.749558e-03 2.473826e-01 1.641784e+00 1.166774e+04 1.214018e+04     0 1.608050e+04 1.141051e+04 -3.612075e-04     0 -1.245600e-01 7.771863e+01 9.444155e+01 1.946452e-01 -5.499849e-05 
1.939000e+02 -6.721367e-03 2.475304e-01 1.641654e+00 1.166707e+04 1.214959e+04     0 1.608050e+04 1.141051e+04 -3.561249e-04     0 -1.246692e-01 7.781489e+01 9.444677e+01 1.945902e-01 -5.891924e-05 
  194 -6.694538e-03 2.477087e-01 1.641525e+00 1.166639e+04 1.215900e+04     0 1.613253e+04 1.141007e+04 -3.518708e-04     0 -1.247114e-01 7.791112e+01 9.445200e+01 1.945656e-01 -6.261575e-05 
1.941000e+02 -6.669195e-03 2.478993e-01 1.641396e+00 1.166572e+04 1.216841e+04     0 1.613253e+04 1.141007e+04 -3.324819e-04     0 -1.241567e-01 7.800760e+01 9.445719e+01 1.945464e-01 -6.604041e-05 
1.942000e+02 -6.646163e-03 2.480540e-01 1.641269e+00 1.166505e+04 1.217781e+04     0 1.613253e+04 1.141007e+04 -3.234113e-04     0 -1.241416e-01 7.810402e+01 9.446234e+01 1.944892e-01 -6.961657e-05 
1.943000e+02 -6.625224e-03 2.481885e-01 1.641142e+00 1.166438e+04 1.218722e+04     0 1.613253e+04 1.141007e+04 -3.184798e-04     0 -1.242856e-01 7.820040e+01 9.446751e+01 1.944168e-01 -7.340841e-05 
1.944000e+02 -6.605797e-03 2.483365e-01 1.641016e+00 1.166371e+04 1.219663e+04     0 1.613253e+04 1.141007e+04 -3.153244e-04     0 -1.243950e-01 7.829674e+01 9.447272e+01 1.943622e-01 -7.722115e-05 
1.945000e+02 -6.587389e-03 2.485151e-01 1.640891e+00 1.166304e+04 1.220604e+04     0 1.618454e+04 1.140964e+04 -3.129920e-04     0 -1.244375e-01 7.839304e+01 9.447794e+01 1.943380e-01 -8.078582e-05 
1.946000e+02 -6.570143e-03 2.487061e-01 1.640766e+00 1.166237e+04 1.221545e+04     0 1.618454e+04 1.140964e+04 -2.942839e-04     0 -1.238841e-01 7.848959e+01 9.448312e+01 1.943191e-01 -8.404544e-05 
1.947000e+02 -6.554946e-03 2.488611e-01 1.640641e+00 1.166171e+04 1.222486e+04     0 1.618454e+04 1.140964e+04 -2.865846e-04     0 -1.238695e-01 7.858609e+01 9.448826e+01 1.942622e-01 -8.745261e-05 
1.948000e+02 -6.541594e-03 2.489959e-01 1.640518e+00 1.166104e+04 1.223428e+04     0 1.618454e+04 1.140964e+04 -2.832443e-04     0 -1.240135e-01 7.868254e+01 9.449342e+01 1.941902e-01 -9.107744e-05 
1.949000e+02 -6.529494e-03 2.491444e-01 1.640394e+00 1.166038e+04 1.224369e+04     0 1.618454e+04 1.140964e+04 -2.817249e-04     0 -1.241230e-01 7.877895e+01 9.449863e+01 1.941359e-01 -9.471560e-05 
  195 -6.518145e-03 2.493234e-01 1.640271e+00 1.165972e+04 1.225310e+04     0 1.623656e+04 1.140921e+04 -2.810073e-04     0 -1.241657e-01 7.887532e+01 9.450384e+01 1.941120e-01 -9.808578e-05 
1.951000e+02 -6.507692e-03 2.495146e-01 1.640148e+00 1.165906e+04 1.226251e+04     0 1.623656e+04 1.140921e+04 -2.635056e-04     0 -1.236134e-01 7.897194e+01 9.450901e+01 1.940934e-01 -1.011250e-04 
1.952000e+02 -6.499040e-03 2.496701e-01 1.640025e+00 1.165840e+04 1.227193e+04     0 1.623656e+04 1.140921e+04 -2.571880e-04     0 -1.235991e-01 7.906851e+01 9.451415e+01 1.940368e-01 -1.042935e-04 
1.953000e+02 -6.491998e-03 2.498053e-01 1.639902e+00 1.165774e+04 1.228134e+04     0 1.623656e+04 1.140921e+04 -2.552603e-04     0 -1.237431e-01 7.916504e+01 9.451931e+01 1.939650e-01 -1.076638e-04 
1.954000e+02 -6.485984e-03 2.499542e-01 1.639779e+00 1.165708e+04 1.229076e+04     0 1.623656e+04 1.140921e+04 -2.551326e-04     0 -1.238525e-01 7.926152e+01 9.452451e+01 1.939110e-01 -1.110316e-04 
1.955000e+02 -6.480505e-03 2.501335e-01 1.639657e+00 1.165643e+04 1.230017e+04     0 1.628857e+04 1.140877e+04 -2.557684e-04     0 -1.238951e-01 7.935797e+01 9.452971e+01 1.938872e-01 -1.141162e-04 
1.956000e+02 -6.475701e-03 2.503252e-01 1.639534e+00 1.165577e+04 1.230959e+04     0 1.628857e+04 1.140877e+04 -2.399517e-04     0 -1.233440e-01 7.945466e+01 9.453488e+01 1.938687e-01 -1.168521e-04 
1.957000e+02 -6.472448e-03 2.504810e-01 1.639411e+00 1.165512e+04 1.231900e+04     0 1.628857e+04 1.140877e+04 -2.350315e-04     0 -1.233297e-01 7.955130e+01 9.454001e+01 1.938122e-01 -1.196877e-04 
1.958000e+02 -6.470574e-03 2.506167e-01 1.639288e+00 1.165446e+04 1.232842e+04     0 1.628857e+04 1.140877e+04 -2.343607e-04     0 -1.234736e-01 7.964790e+01 9.454516e+01 1.937406e-01 -1.226955e-04 
1.959000e+02 -6.469524e-03 2.507659e-01 1.639165e+00 1.165381e+04 1.233784e+04     0 1.628857e+04 1.140877e+04 -2.354080e-04     0 -1.235828e-01 7.974445e+01 9.455035e+01 1.936868e-01 -1.256795e-04 
  196 -6.468829e-03 2.509457e-01 1.639041e+00 1.165316e+04 1.234725e+04     0 1.634058e+04 1.140834e+04 -2.371620e-04     0 -1.236253e-01 7.984097e+01 9.455555e+01 1.936631e-01 -1.283713e-04 
1.961000e+02 -6.468611e-03 2.511376e-01 1.638917e+00 1.165251e+04 1.235667e+04     0 1.634058e+04 1.140834e+04 -2.234285e-04     0 -1.230751e-01 7.993773e+01 9.456070e+01 1.936447e-01 -1.307061e-04 
1.962000e+02 -6.469687e-03 2.512938e-01 1.638793e+00 1.165187e+04 1.236609e+04     0 1.634058e+04 1.140834e+04 -2.199033e-04     0 -1.230610e-01 8.003445e+01 9.456582e+01 1.935883e-01 -1.331045e-04 
1.963000e+02 -6.471904e-03 2.514298e-01 1.638669e+00 1.165122e+04 1.237551e+04     0 1.634058e+04 1.140834e+04 -2.203373e-04     0 -1.232046e-01 8.013111e+01 9.457096e+01 1.935168e-01 -1.356362e-04 
1.964000e+02 -6.474749e-03 2.515795e-01 1.638544e+00 1.165057e+04 1.238493e+04     0 1.634058e+04 1.140834e+04 -2.223523e-04     0 -1.233136e-01 8.022774e+01 9.457614e+01 1.934630e-01 -1.381213e-04 
1.965000e+02 -6.477786e-03 2.517595e-01 1.638419e+00 1.164993e+04 1.239435e+04     0 1.639258e+04 1.140790e+04 -2.249990e-04     0 -1.233559e-01 8.032433e+01 9.458133e+01 1.934394e-01 -1.403132e-04 
1.966000e+02 -6.481120e-03 2.519518e-01 1.638293e+00 1.164929e+04 1.240377e+04     0 1.639258e+04 1.140790e+04 -2.136327e-04     0 -1.228067e-01 8.042116e+01 9.458648e+01 1.934210e-01 -1.421511e-04 
1.967000e+02 -6.485476e-03 2.521083e-01 1.638167e+00 1.164864e+04 1.241319e+04     0 1.639258e+04 1.140790e+04 -2.114605e-04     0 -1.227926e-01 8.051795e+01 9.459159e+01 1.933646e-01 -1.440146e-04 
1.968000e+02 -6.490721e-03 2.522447e-01 1.638040e+00 1.164800e+04 1.242261e+04     0 1.639258e+04 1.140790e+04 -2.128343e-04     0 -1.229359e-01 8.061469e+01 9.459672e+01 1.932932e-01 -1.459690e-04 
1.969000e+02 -6.496398e-03 2.523947e-01 1.637913e+00 1.164736e+04 1.243203e+04     0 1.639258e+04 1.140790e+04 -2.156055e-04     0 -1.230446e-01 8.071139e+01 9.460188e+01 1.932395e-01 -1.478561e-04 
  197 -6.502118e-03 2.525751e-01 1.637786e+00 1.164673e+04 1.244145e+04     0 1.644458e+04 1.140747e+04 -2.189170e-04     0 -1.230867e-01 8.080805e+01 9.460706e+01 1.932159e-01 -1.494591e-04 
1.971000e+02 -6.507962e-03 2.527676e-01 1.637657e+00 1.164609e+04 1.245088e+04     0 1.644458e+04 1.140747e+04 -2.100608e-04     0 -1.225384e-01 8.090495e+01 9.461219e+01 1.931975e-01 -1.507234e-04 
1.972000e+02 -6.514541e-03 2.529244e-01 1.637529e+00 1.164545e+04 1.246030e+04     0 1.644458e+04 1.140747e+04 -2.091449e-04     0 -1.225243e-01 8.100181e+01 9.461729e+01 1.931412e-01 -1.519786e-04 
1.973000e+02 -6.521746e-03 2.530612e-01 1.637400e+00 1.164482e+04 1.246972e+04     0 1.644458e+04 1.140747e+04 -2.112707e-04     0 -1.226673e-01 8.109862e+01 9.462241e+01 1.930698e-01 -1.532840e-04 
1.974000e+02 -6.529189e-03 2.532114e-01 1.637270e+00 1.164418e+04 1.247915e+04     0 1.644458e+04 1.140747e+04 -2.145756e-04     0 -1.227757e-01 8.119539e+01 9.462757e+01 1.930161e-01 -1.545072e-04 
1.975000e+02 -6.536531e-03 2.533921e-01 1.637140e+00 1.164355e+04 1.248857e+04     0 1.649657e+04 1.140704e+04 -2.183171e-04     0 -1.228176e-01 8.129212e+01 9.463273e+01 1.929926e-01 -1.554661e-04 
1.976000e+02 -6.543833e-03 2.535849e-01 1.637009e+00 1.164292e+04 1.249800e+04     0 1.649657e+04 1.140704e+04 -2.119578e-04     0 -1.222702e-01 8.138910e+01 9.463785e+01 1.929741e-01 -1.561145e-04 
1.977000e+02 -6.551578e-03 2.537419e-01 1.636877e+00 1.164229e+04 1.250742e+04     0 1.649657e+04 1.140704e+04 -2.121413e-04     0 -1.222562e-01 8.148603e+01 9.464294e+01 1.929179e-01 -1.567264e-04 
1.978000e+02 -6.559684e-03 2.538790e-01 1.636745e+00 1.164166e+04 1.251685e+04     0 1.649657e+04 1.140704e+04 -2.148079e-04     0 -1.223989e-01 8.158291e+01 9.464804e+01 1.928465e-01 -1.573540e-04 
1.979000e+02 -6.567836e-03 2.540296e-01 1.636613e+00 1.164103e+04 1.252628e+04 1.036388e-01 1.649657e+04 1.140704e+04 -2.184148e-04     0 -1.225070e-01 8.167979e+01 9.465319e+01 1.927929e-01 -1.578926e-04 
  198 -6.575757e-03 2.542101e-01 1.636480e+00 1.164041e+04 1.253570e+04 6.839189e-01 1.654857e+04 1.140660e+04 -2.223479e-04     0 -1.225147e-01 8.172151e+01 9.465817e+01 1.927692e-01 -1.581978e-04 
1.981000e+02 -6.583459e-03 2.543963e-01 1.636346e+00 1.163978e+04 1.254513e+04 1.266184e+00 1.654857e+04 1.140660e+04 -2.183172e-04     0 -1.218225e-01 8.175892e+01 9.466270e+01 1.927448e-01 -1.582335e-04 
1.982000e+02 -6.591301e-03 2.545257e-01 1.636212e+00 1.163916e+04 1.255456e+04 1.850477e+00 1.654857e+04 1.140660e+04 -2.193814e-04     0 -1.216573e-01 8.179591e+01 9.466682e+01 1.926635e-01 -1.582172e-04 
1.983000e+02 -6.599199e-03 2.546057e-01 1.636078e+00 1.163853e+04 1.256399e+04 2.436740e+00 1.654857e+04 1.140660e+04 -2.223468e-04     0 -1.216742e-01 8.183236e+01 9.467062e+01 1.925436e-01 -1.581949e-04 
1.984000e+02 -6.606914e-03 2.546704e-01 1.635943e+00 1.163791e+04 1.257341e+04 3.024851e+00 1.654857e+04 1.140660e+04 -2.259986e-04     0 -1.216720e-01 8.186818e+01 9.467416e+01 1.924217e-01 -1.580903e-04 
1.985000e+02 -6.614242e-03 2.547419e-01 1.635808e+00 1.163729e+04 1.258284e+04 3.614691e+00 1.660056e+04 1.140617e+04 -2.298548e-04     0 -1.216047e-01 8.190329e+01 9.467746e+01 1.923177e-01 -1.577969e-04 
1.986000e+02 -6.621210e-03 2.548072e-01 1.635673e+00 1.163667e+04 1.259227e+04 4.206180e+00 1.660056e+04 1.140617e+04 -2.276887e-04     0 -1.209459e-01 8.193787e+01 9.468052e+01 1.922131e-01 -1.572896e-04 
1.987000e+02 -6.628075e-03 2.548227e-01 1.635537e+00 1.163605e+04 1.260170e+04 4.799251e+00 1.660056e+04 1.140617e+04 -2.292982e-04     0 -1.208165e-01 8.197157e+01 9.468339e+01 1.920694e-01 -1.567348e-04 
1.988000e+02 -6.634807e-03 2.548064e-01 1.635401e+00 1.163544e+04 1.261113e+04 5.393760e+00 1.660056e+04 1.140617e+04 -2.322873e-04     0 -1.208453e-01 8.200431e+01 9.468616e+01 1.919121e-01 -1.561708e-04 
1.989000e+02 -6.641247e-03 2.547937e-01 1.635265e+00 1.163482e+04 1.262056e+04 5.989536e+00 1.660056e+04 1.140617e+04 -2.357487e-04     0 -1.208450e-01 8.203606e+01 9.468888e+01 1.917753e-01 -1.555446e-04 
  199 -6.647249e-03 2.548026e-01 1.635128e+00 1.163421e+04 1.262999e+04 6.586439e+00 1.665254e+04 1.140574e+04 -2.393249e-04     0 -1.207859e-01 8.206677e+01 9.469155e+01 1.916725e-01 -1.547801e-04 
1.991000e+02 -6.652832e-03 2.548164e-01 1.634991e+00 1.163359e+04 1.263942e+04 7.184387e+00 1.665254e+04 1.140574e+04 -2.385567e-04     0 -1.201481e-01 8.209667e+01 9.469415e+01 1.915795e-01 -1.538596e-04 
1.992000e+02 -6.658131e-03 2.547884e-01 1.634854e+00 1.163298e+04 1.264885e+04 7.783323e+00 1.665254e+04 1.140574e+04 -2.404458e-04     0 -1.200502e-01 8.212542e+01 9.469671e+01 1.914543e-01 -1.529031e-04 
1.993000e+02 -6.663143e-03 2.547356e-01 1.634717e+00 1.163237e+04 1.265828e+04 8.383122e+00 1.665254e+04 1.140574e+04 -2.432748e-04     0 -1.201168e-01 8.215300e+01 9.469932e+01 1.913200e-01 -1.519396e-04 
1.994000e+02 -6.667776e-03 2.546922e-01 1.634579e+00 1.163176e+04 1.266771e+04 8.983636e+00 1.665254e+04 1.140574e+04 -2.463961e-04     0 -1.201568e-01 8.217936e+01 9.470199e+01 1.912095e-01 -1.509333e-04 
1.995000e+02 -6.671940e-03 2.546757e-01 1.634441e+00 1.163116e+04 1.267715e+04 9.584754e+00 1.670453e+04 1.140530e+04 -2.495575e-04     0 -1.201385e-01 8.220451e+01 9.470473e+01 1.911351e-01 -1.498319e-04 
1.996000e+02 -6.675645e-03 2.546686e-01 1.634303e+00 1.163055e+04 1.268658e+04 1.018642e+01 1.670453e+04 1.140530e+04 -2.498774e-04     0 -1.195410e-01 8.222868e+01 9.470749e+01 1.910717e-01 -1.486215e-04 
1.997000e+02 -6.678927e-03 2.546237e-01 1.634165e+00 1.162994e+04 1.269601e+04 1.078863e+01 1.670453e+04 1.140530e+04 -2.518595e-04     0 -1.194823e-01 8.225155e+01 9.471030e+01 1.909764e-01 -1.473787e-04 
1.998000e+02 -6.681806e-03 2.545571e-01 1.634027e+00 1.162934e+04 1.270544e+04 1.139126e+01 1.670453e+04 1.140530e+04 -2.543931e-04     0 -1.195865e-01 8.227310e+01 9.471322e+01 1.908717e-01 -1.461235e-04 
1.999000e+02 -6.684253e-03 2.545027e-01 1.633889e+00 1.162874e+04 1.271488e+04 1.199423e+01 1.670453e+04 1.140530e+04 -2.570632e-04     0 -1.196622e-01 8.229333e+01 9.471627e+01 1.907899e-01 -1.448352e-04 
  200 -6.686226e-03 2.544774e-01 1.633751e+00 1.162813e+04 1.272431e+04 1.259744e+01 1.500000e+04 1.140487e+04 -2.597117e-04     0 -1.196775e-01 8.231222e+01 9.471943e+01 1.907429e-01 -1.434832e-04 
2.001000e+02 -6.578769e-03 2.544630e-01 1.633602e+00 1.162753e+04 1.273374e+04 1.320088e+01 1.500000e+04 1.140487e+04 -4.285720e-03     0 -1.191111e-01 8.233003e+01 9.472264e+01 1.907052e-01 -9.555493e-05 
2.002000e+02 -6.103344e-03 2.544121e-01 1.633389e+00 1.162694e+04 1.274318e+04 1.380456e+01 1.500000e+04 1.140487e+04 -5.727223e-03     0 -1.190817e-01 8.234645e+01 9.472593e+01 1.906340e-01 1.520543e-04 
2.003000e+02 -5.489102e-03 2.543406e-01 1.633072e+00 1.162634e+04 1.275261e+04 1.440841e+01 1.500000e+04 1.140487e+04 -6.174815e-03     0 -1.192118e-01 8.236148e+01 9.472935e+01 1.905511e-01 6.427039e-04 
2.004000e+02 -5.177853e-03 2.542826e-01 1.632655e+00 1.162574e+04 1.276205e+04 1.501235e+01 1.500000e+04 1.140487e+04 -6.277111e-03     0 -1.193100e-01 8.237510e+01 9.473290e+01 1.904884e-01 1.337085e-03 
2.005000e+02 5.468684e-03 2.542552e-01 1.632181e+00 1.162514e+04 1.277148e+04 1.561632e+01 1.500000e+04 1.140476e+04 -4.714426e-03     0 -1.193490e-01 8.238731e+01 9.473657e+01 1.904573e-01 2.148763e-03 
2.006000e+02 6.202902e-03 2.545752e-01 1.631728e+00 1.162455e+04 1.278092e+04 1.622014e+01 1.500000e+04 1.140476e+04 -4.227382e-03     0 -1.294359e-01 8.239306e+01 9.474049e+01 1.908153e-01 2.942292e-03 
2.007000e+02 7.084829e-03 2.559510e-01 1.631377e+00 1.162395e+04 1.279035e+04 1.682384e+01 1.500000e+04 1.140476e+04 -3.929450e-03     0 -1.297672e-01 8.239777e+01 9.474367e+01 1.921339e-01 3.633343e-03 
2.008000e+02 8.015254e-03 2.579387e-01 1.631186e+00 1.162335e+04 1.279979e+04 1.742912e+01 1.500000e+04 1.140476e+04 -3.687013e-03     0 -1.274128e-01 8.240127e+01 9.474439e+01 1.938240e-01 4.176448e-03 
2.009000e+02 8.977704e-03 2.598251e-01 1.631186e+00 1.162275e+04 1.280923e+04 1.803827e+01 1.500000e+04 1.140476e+04 -3.458367e-03     0 -1.258004e-01 8.240330e+01 9.474187e+01 1.951877e-01 4.549679e-03 
  201 9.985128e-03 2.612501e-01 1.631391e+00 1.162215e+04 1.281866e+04 1.865299e+01 1.500000e+04 1.140464e+04 -3.227413e-03     0 -1.253713e-01 8.240362e+01 9.473617e+01 1.959543e-01 4.750182e-03 
2.011000e+02 1.106740e-02 2.625146e-01 1.631800e+00 1.162155e+04 1.282809e+04 1.927396e+01 1.500000e+04 1.140464e+04 -3.136521e-03     0 -1.355310e-01 8.239703e+01 9.472794e+01 1.965572e-01 4.792165e-03 
2.012000e+02 1.223744e-02 2.644621e-01 1.632404e+00 1.162094e+04 1.283753e+04 1.990131e+01 1.500000e+04 1.140464e+04 -2.931783e-03     0 -1.358261e-01 8.238891e+01 9.471668e+01 1.977628e-01 4.705511e-03 
2.013000e+02 1.349708e-02 2.667804e-01 1.633174e+00 1.162033e+04 1.284696e+04 2.053647e+01 1.500000e+04 1.140464e+04 -2.669657e-03     0 -1.331065e-01 8.237909e+01 9.470111e+01 1.991437e-01 4.521985e-03 
2.014000e+02 1.482397e-02 2.688341e-01 1.634074e+00 1.161972e+04 1.285638e+04 2.118121e+01 1.500000e+04 1.140464e+04 -2.373611e-03     0 -1.308666e-01 8.236732e+01 9.468077e+01 2.000942e-01 4.270967e-03 
2.015000e+02 1.618819e-02 2.702979e-01 1.635068e+00 1.161911e+04 1.286581e+04 2.183664e+01 1.500000e+04 1.140453e+04 -2.056542e-03     0 -1.296909e-01 8.235341e+01 9.465603e+01 2.003866e-01 3.978499e-03 
2.016000e+02 1.755354e-02 2.714885e-01 1.636134e+00 1.161849e+04 1.287523e+04 2.250273e+01 1.500000e+04 1.140453e+04 -1.457471e-03     0 -1.390858e-01 8.233223e+01 9.462781e+01 2.004757e-01 3.663779e-03 
2.017000e+02 1.885573e-02 2.732625e-01 1.637264e+00 1.161787e+04 1.288465e+04 2.317892e+01 1.500000e+04 1.140453e+04 -1.030248e-03     0 -1.386600e-01 8.230919e+01 9.459589e+01 2.011455e-01 3.335561e-03 
2.018000e+02 2.007672e-02 2.753261e-01 1.638436e+00 1.161725e+04 1.289406e+04 2.386587e+01 1.500000e+04 1.140453e+04 -6.774904e-04     0 -1.352663e-01 8.228418e+01 9.455926e+01 2.019888e-01 3.005649e-03 
2.019000e+02 2.120934e-02 2.770638e-01 1.639622e+00 1.161661e+04 1.290346e+04 2.456458e+01 1.500000e+04 1.140453e+04 -3.649975e-04     0 -1.323969e-01 8.225702e+01 9.451773e+01 2.024183e-01 2.686244e-03 
  202 2.224956e-02 2.781664e-01 1.640800e+00 1.161598e+04 1.291287e+04 2.527541e+01 1.500000e+04 1.140441e+04 -8.091593e-05     0 -1.306415e-01 8.222758e+01 9.447185e+01 2.022189e-01 2.387497e-03 
2.021000e+02 2.318014e-02 2.789614e-01 1.641965e+00 1.161533e+04 1.292226e+04 2.599765e+01 1.500000e+04 1.140441e+04 6.447068e-04     0 -1.395022e-01 8.219078e+01 9.442277e+01 2.018519e-01 2.111501e-03 
2.022000e+02 2.394596e-02 2.803121e-01 1.643134e+00 1.161468e+04 1.293165e+04 2.673008e+01 1.500000e+04 1.140441e+04 1.044741e-03     0 -1.386317e-01 8.215209e+01 9.437044e+01 2.021033e-01 1.845596e-03 
2.023000e+02 2.455617e-02 2.819375e-01 1.644299e+00 1.161403e+04 1.294103e+04 2.747272e+01 1.500000e+04 1.140441e+04 1.299853e-03     0 -1.348591e-01 8.211146e+01 9.431400e+01 2.025744e-01 1.587340e-03 
2.024000e+02 2.503690e-02 2.832344e-01 1.645443e+00 1.161336e+04 1.295041e+04 2.822603e+01 1.500000e+04 1.140441e+04 1.480090e-03     0 -1.316636e-01 8.206875e+01 9.425339e+01 2.026833e-01 1.341437e-03 
2.025000e+02 2.541286e-02 2.839008e-01 1.646550e+00 1.161269e+04 1.295977e+04 2.898989e+01 1.500000e+04 1.140430e+04 1.615313e-03     0 -1.296383e-01 8.202386e+01 9.418929e+01 2.022154e-01 1.114768e-03 
2.026000e+02 2.568815e-02 2.842645e-01 1.647625e+00 1.161201e+04 1.296913e+04 2.976316e+01 1.500000e+04 1.140430e+04 2.191722e-03     0 -1.382684e-01 8.197178e+01 9.412288e+01 2.016253e-01 9.084082e-04 
2.027000e+02 2.582387e-02 2.851862e-01 1.648689e+00 1.161133e+04 1.297848e+04 3.054426e+01 1.500000e+04 1.140430e+04 2.439335e-03     0 -1.372687e-01 8.191798e+01 9.405421e+01 2.016922e-01 7.092331e-04 
2.028000e+02 2.583779e-02 2.863946e-01 1.649738e+00 1.161064e+04 1.298783e+04 3.133291e+01 1.500000e+04 1.140430e+04 2.545377e-03     0 -1.334227e-01 8.186244e+01 9.398249e+01 2.020218e-01 5.149632e-04 
2.029000e+02 2.576082e-02 2.872961e-01 1.650753e+00 1.160994e+04 1.299716e+04 3.212930e+01 1.500000e+04 1.140430e+04 2.583284e-03     0 -1.301858e-01 8.180505e+01 9.390767e+01 2.020359e-01 3.312052e-04 
  203 2.561971e-02 2.875915e-01 1.651722e+00 1.160923e+04 1.300649e+04 3.293311e+01 1.500000e+04 1.140418e+04 2.584635e-03     0 -1.281528e-01 8.174572e+01 9.383045e+01 2.015163e-01 1.659118e-04 
2.031000e+02 2.542070e-02 2.876041e-01 1.652648e+00 1.160852e+04 1.301580e+04 3.374307e+01 1.500000e+04 1.140418e+04 2.987337e-03     0 -1.367871e-01 8.167947e+01 9.375201e+01 2.009071e-01 2.145932e-05 
2.032000e+02 2.512994e-02 2.881869e-01 1.653556e+00 1.160780e+04 1.302511e+04 3.455751e+01 1.500000e+04 1.140418e+04 3.102602e-03     0 -1.358844e-01 8.161177e+01 9.367240e+01 2.009770e-01 -1.134275e-04 
2.033000e+02 2.476207e-02 2.890764e-01 1.654440e+00 1.160707e+04 1.303441e+04 3.537609e+01 1.500000e+04 1.140418e+04 3.098561e-03     0 -1.321708e-01 8.154259e+01 9.359083e+01 2.013368e-01 -2.410372e-04 
2.034000e+02 2.434256e-02 2.896879e-01 1.655284e+00 1.160633e+04 1.304370e+04 3.619897e+01 1.500000e+04 1.140418e+04 3.040830e-03     0 -1.290721e-01 8.147182e+01 9.350724e+01 2.014126e-01 -3.568217e-04 
2.035000e+02 2.389325e-02 2.897234e-01 1.656078e+00 1.160559e+04 1.305298e+04 3.702583e+01 1.500000e+04 1.140406e+04 2.957311e-03     0 -1.271869e-01 8.139940e+01 9.342226e+01 2.009828e-01 -4.543411e-04 
2.036000e+02 2.341962e-02 2.894985e-01 1.656828e+00 1.160484e+04 1.306225e+04 3.785547e+01 1.500000e+04 1.140406e+04 3.213217e-03     0 -1.359549e-01 8.132034e+01 9.333703e+01 2.004796e-01 -5.320797e-04 
2.037000e+02 2.289298e-02 2.898557e-01 1.657555e+00 1.160409e+04 1.307151e+04 3.868629e+01 1.500000e+04 1.140406e+04 3.235218e-03     0 -1.352662e-01 8.124009e+01 9.325157e+01 2.006606e-01 -6.003486e-04 
2.038000e+02 2.232476e-02 2.905390e-01 1.658258e+00 1.160333e+04 1.308077e+04 3.951806e+01 1.500000e+04 1.140406e+04 3.163349e-03     0 -1.317836e-01 8.115862e+01 9.316506e+01 2.011433e-01 -6.622267e-04 
2.039000e+02 2.173474e-02 2.909719e-01 1.658922e+00 1.160256e+04 1.309001e+04 4.035100e+01 1.500000e+04 1.140406e+04 3.052042e-03     0 -1.289013e-01 8.107582e+01 9.307738e+01 2.013595e-01 -7.149449e-04 
  204 2.113995e-02 2.908570e-01 1.659541e+00 1.160179e+04 1.309924e+04 4.118495e+01 1.500000e+04 1.140394e+04 2.924269e-03     0 -1.272232e-01 8.099160e+01 9.298911e+01 2.010847e-01 -7.539756e-04 
2.041000e+02 2.054570e-02 2.905008e-01 1.660122e+00 1.160101e+04 1.310847e+04 4.201885e+01 1.500000e+04 1.140394e+04 3.064633e-03     0 -1.361663e-01 8.090100e+01 9.290131e+01 2.007401e-01 -7.785347e-04 
2.042000e+02 1.992908e-02 2.907342e-01 1.660684e+00 1.160022e+04 1.311768e+04 4.285128e+01 1.500000e+04 1.140394e+04 3.027456e-03     0 -1.357222e-01 8.080942e+01 9.281394e+01 2.010721e-01 -7.971494e-04 
2.043000e+02 1.929881e-02 2.913081e-01 1.661224e+00 1.159943e+04 1.312689e+04 4.368213e+01 1.500000e+04 1.140394e+04 2.921772e-03     0 -1.324886e-01 8.071683e+01 9.272618e+01 2.017063e-01 -8.127434e-04 
2.044000e+02 1.866902e-02 2.916545e-01 1.661734e+00 1.159864e+04 1.313608e+04 4.451179e+01 1.500000e+04 1.140394e+04 2.789765e-03     0 -1.298280e-01 8.062310e+01 9.263783e+01 2.020815e-01 -8.234799e-04 
2.045000e+02 1.805168e-02 2.914761e-01 1.662207e+00 1.159784e+04 1.314527e+04 4.534026e+01 1.500000e+04 1.140382e+04 2.649069e-03     0 -1.283509e-01 8.052813e+01 9.254940e+01 2.019716e-01 -8.259820e-04 
2.046000e+02 1.745146e-02 2.910702e-01 1.662649e+00 1.159704e+04 1.315445e+04 4.616665e+01 1.500000e+04 1.140382e+04 2.711802e-03     0 -1.374530e-01 8.042698e+01 9.246189e+01 2.017869e-01 -8.195945e-04 
2.047000e+02 1.684960e-02 2.912557e-01 1.663078e+00 1.159623e+04 1.316362e+04 4.698973e+01 1.500000e+04 1.140382e+04 2.646062e-03     0 -1.372296e-01 8.032501e+01 9.237523e+01 2.022642e-01 -8.106987e-04 
2.048000e+02 1.625235e-02 2.917903e-01 1.663490e+00 1.159541e+04 1.317278e+04 4.780953e+01 1.500000e+04 1.140382e+04 2.533007e-03     0 -1.342143e-01 8.022217e+01 9.228853e+01 2.030374e-01 -8.015429e-04 
2.049000e+02 1.566875e-02 2.921144e-01 1.663879e+00 1.159460e+04 1.318193e+04 4.862661e+01 1.500000e+04 1.140382e+04 2.403802e-03     0 -1.317387e-01 8.011832e+01 9.220158e+01 2.035534e-01 -7.907189e-04 
  205 1.510627e-02 2.919309e-01 1.664239e+00 1.159378e+04 1.319108e+04 4.944109e+01 1.500000e+04 1.140370e+04 2.271277e-03     0 -1.304212e-01 8.001336e+01 9.211481e+01 2.035849e-01 -7.755991e-04 
2.051000e+02 1.456888e-02 2.915281e-01 1.664576e+00 1.159295e+04 1.320021e+04 5.025226e+01 1.500000e+04 1.140370e+04 2.290060e-03     0 -1.396370e-01 7.990236e+01 9.202918e+01 2.035332e-01 -7.555387e-04 
2.052000e+02 1.404045e-02 2.917133e-01 1.664903e+00 1.159212e+04 1.320934e+04 5.105904e+01 1.500000e+04 1.140370e+04 2.217888e-03     0 -1.395845e-01 7.979064e+01 9.194456e+01 2.041253e-01 -7.351295e-04 
2.053000e+02 1.352555e-02 2.922508e-01 1.665218e+00 1.159129e+04 1.321845e+04 5.186160e+01 1.500000e+04 1.140370e+04 2.113845e-03     0 -1.367355e-01 7.967814e+01 9.186007e+01 2.050045e-01 -7.159959e-04 
2.054000e+02 1.302949e-02 2.925893e-01 1.665516e+00 1.159046e+04 1.322756e+04 5.266059e+01 1.500000e+04 1.140370e+04 2.000401e-03     0 -1.343922e-01 7.956471e+01 9.177545e+01 2.056258e-01 -6.970359e-04 
2.055000e+02 1.255647e-02 2.924321e-01 1.665791e+00 1.158962e+04 1.323666e+04 5.345625e+01 1.500000e+04 1.140357e+04 1.886645e-03     0 -1.331807e-01 7.945026e+01 9.169110e+01 2.057617e-01 -6.762213e-04 
2.056000e+02 1.211028e-02 2.920594e-01 1.666049e+00 1.158878e+04 1.324575e+04 5.424801e+01 1.500000e+04 1.140357e+04 1.883836e-03     0 -1.424572e-01 7.932985e+01 9.160790e+01 2.058048e-01 -6.529582e-04 
2.057000e+02 1.167650e-02 2.922672e-01 1.666300e+00 1.158794e+04 1.325484e+04 5.503490e+01 1.500000e+04 1.140357e+04 1.817301e-03     0 -1.425207e-01 7.920879e+01 9.152575e+01 2.064737e-01 -6.305022e-04 
2.058000e+02 1.125892e-02 2.928264e-01 1.666543e+00 1.158709e+04 1.326391e+04 5.581717e+01 1.500000e+04 1.140357e+04 1.729519e-03     0 -1.397839e-01 7.908700e+01 9.144373e+01 2.074206e-01 -6.100044e-04 
2.059000e+02 1.086043e-02 2.931938e-01 1.666771e+00 1.158624e+04 1.327298e+04 5.659553e+01 1.500000e+04 1.140357e+04 1.636468e-03     0 -1.375208e-01 7.896433e+01 9.136158e+01 2.081087e-01 -5.906091e-04 
  206 1.048307e-02 2.930736e-01 1.666983e+00 1.158539e+04 1.328204e+04 5.737032e+01 1.500000e+04 1.140345e+04 1.544494e-03     0 -1.363654e-01 7.884069e+01 9.127966e+01 2.083111e-01 -5.707667e-04 
2.061000e+02 1.013105e-02 2.927384e-01 1.667182e+00 1.158454e+04 1.329109e+04 5.814103e+01 1.500000e+04 1.140345e+04 1.532409e-03     0 -1.456554e-01 7.871115e+01 9.119882e+01 2.084120e-01 -5.499470e-04 
2.062000e+02 9.790889e-03 2.929735e-01 1.667375e+00 1.158368e+04 1.330013e+04 5.890678e+01 1.500000e+04 1.140345e+04 1.476280e-03     0 -1.457875e-01 7.858099e+01 9.111895e+01 2.091223e-01 -5.304126e-04 
2.063000e+02 9.466322e-03 2.935564e-01 1.667561e+00 1.158283e+04 1.330917e+04 5.966785e+01 1.500000e+04 1.140345e+04 1.406181e-03     0 -1.431177e-01 7.845013e+01 9.103915e+01 2.101028e-01 -5.129620e-04 
2.064000e+02 9.158710e-03 2.939521e-01 1.667737e+00 1.158197e+04 1.331820e+04 6.042500e+01 1.500000e+04 1.140345e+04 1.333286e-03     0 -1.408933e-01 7.831843e+01 9.095914e+01 2.108250e-01 -4.969384e-04 
2.065000e+02 8.868743e-03 2.938660e-01 1.667900e+00 1.158111e+04 1.332722e+04 6.117859e+01 1.500000e+04 1.140332e+04 1.261951e-03     0 -1.397554e-01 7.818578e+01 9.087925e+01 2.110624e-01 -4.811733e-04 
2.066000e+02 8.601352e-03 2.935634e-01 1.668053e+00 1.158025e+04 1.333623e+04 6.192816e+01 1.500000e+04 1.140332e+04 1.246250e-03     0 -1.490239e-01 7.804728e+01 9.080034e+01 2.111918e-01 -4.652033e-04 
2.067000e+02 8.343529e-03 2.938198e-01 1.668201e+00 1.157939e+04 1.334523e+04 6.267288e+01 1.500000e+04 1.140332e+04 1.201116e-03     0 -1.491902e-01 7.790819e+01 9.072228e+01 2.119163e-01 -4.505484e-04 
2.068000e+02 8.099315e-03 2.944190e-01 1.668343e+00 1.157852e+04 1.335423e+04 6.341305e+01 1.500000e+04 1.140332e+04 1.147167e-03     0 -1.465561e-01 7.776842e+01 9.064420e+01 2.129052e-01 -4.377570e-04 
2.069000e+02 7.869150e-03 2.948342e-01 1.668477e+00 1.157766e+04 1.336322e+04 6.414941e+01 1.500000e+04 1.140332e+04 1.091951e-03     0 -1.443426e-01 7.762783e+01 9.056580e+01 2.136380e-01 -4.263499e-04 
  207 7.652884e-03 2.947721e-01 1.668600e+00 1.157679e+04 1.337220e+04 6.488234e+01 1.500000e+04 1.140319e+04 1.038358e-03     0 -1.431978e-01 7.748632e+01 9.048742e+01 2.138888e-01 -4.154804e-04 
2.071000e+02 7.456337e-03 2.944915e-01 1.668715e+00 1.157592e+04 1.338117e+04 6.561141e+01 1.500000e+04 1.140319e+04 1.020715e-03     0 -1.524234e-01 7.733900e+01 9.040989e+01 2.140271e-01 -4.047578e-04 
2.072000e+02 7.266624e-03 2.947583e-01 1.668826e+00 1.157506e+04 1.339014e+04 6.633579e+01 1.500000e+04 1.140319e+04 9.851374e-04     0 -1.526035e-01 7.719111e+01 9.033310e+01 2.147485e-01 -3.951358e-04 
2.073000e+02 7.088295e-03 2.953628e-01 1.668932e+00 1.157419e+04 1.339910e+04 6.705577e+01 1.500000e+04 1.140319e+04 9.446931e-04     0 -1.499873e-01 7.704257e+01 9.025620e+01 2.157305e-01 -3.869931e-04 
2.074000e+02 6.921244e-03 2.957859e-01 1.669030e+00 1.157332e+04 1.340805e+04 6.777209e+01 1.500000e+04 1.140319e+04 9.040569e-04     0 -1.477702e-01 7.689324e+01 9.017889e+01 2.164602e-01 -3.800234e-04 
2.075000e+02 6.764817e-03 2.957362e-01 1.669120e+00 1.157245e+04 1.341699e+04 6.848512e+01 1.500000e+04 1.140306e+04 8.649838e-04     0 -1.466063e-01 7.674301e+01 9.010151e+01 2.167123e-01 -3.736669e-04 
2.076000e+02 6.625711e-03 2.954659e-01 1.669202e+00 1.157158e+04 1.342593e+04 6.919442e+01 1.500000e+04 1.140306e+04 8.449879e-04     0 -1.557794e-01 7.658703e+01 9.002487e+01 2.168493e-01 -3.676108e-04 
2.077000e+02 6.490986e-03 2.957321e-01 1.669280e+00 1.157071e+04 1.343486e+04 6.989918e+01 1.500000e+04 1.140306e+04 8.168679e-04     0 -1.559646e-01 7.643049e+01 8.994889e+01 2.175592e-01 -3.623514e-04 
2.078000e+02 6.365734e-03 2.963310e-01 1.669354e+00 1.156983e+04 1.344378e+04 7.059966e+01 1.500000e+04 1.140306e+04 7.872365e-04     0 -1.533596e-01 7.627334e+01 8.987272e+01 2.185273e-01 -3.581526e-04 
2.079000e+02 6.249535e-03 2.967515e-01 1.669420e+00 1.156896e+04 1.345269e+04 7.129658e+01 1.500000e+04 1.140306e+04 7.583365e-04     0 -1.511344e-01 7.611543e+01 8.979608e+01 2.192483e-01 -3.548797e-04 
  208 6.141460e-03 2.967039e-01 1.669480e+00 1.156809e+04 1.346160e+04 7.199029e+01 1.500000e+04 1.140293e+04 7.309864e-04     0 -1.499489e-01 7.595666e+01 8.971930e+01 2.194973e-01 -3.522384e-04 
2.081000e+02 6.048927e-03 2.964344e-01 1.669533e+00 1.156722e+04 1.347050e+04 7.268035e+01 1.500000e+04 1.140293e+04 7.074031e-04     0 -1.590684e-01 7.579219e+01 8.964319e+01 2.196298e-01 -3.499926e-04 
2.082000e+02 5.958863e-03 2.966911e-01 1.669581e+00 1.156634e+04 1.347939e+04 7.336594e+01 1.500000e+04 1.140293e+04 6.847347e-04     0 -1.592580e-01 7.562721e+01 8.956767e+01 2.203265e-01 -3.482420e-04 
2.083000e+02 5.876821e-03 2.972760e-01 1.669624e+00 1.156547e+04 1.348827e+04 7.404730e+01 1.500000e+04 1.140293e+04 6.636857e-04     0 -1.566650e-01 7.546164e+01 8.949192e+01 2.212800e-01 -3.471671e-04 
2.084000e+02 5.802237e-03 2.976862e-01 1.669662e+00 1.156460e+04 1.349715e+04 7.472514e+01 1.500000e+04 1.140293e+04 6.442934e-04     0 -1.544340e-01 7.529536e+01 8.941567e+01 2.219922e-01 -3.468033e-04 
2.085000e+02 5.734074e-03 2.976334e-01 1.669692e+00 1.156373e+04 1.350602e+04 7.539976e+01 1.500000e+04 1.140280e+04 6.265482e-04     0 -1.532300e-01 7.512825e+01 8.933924e+01 2.222388e-01 -3.471064e-04 
2.086000e+02 5.680220e-03 2.973582e-01 1.669717e+00 1.156285e+04 1.351488e+04 7.607074e+01 1.500000e+04 1.140280e+04 5.979882e-04     0 -1.622997e-01 7.495552e+01 8.926344e+01 2.223684e-01 -3.479128e-04 
2.087000e+02 5.627449e-03 2.975996e-01 1.669737e+00 1.156198e+04 1.352374e+04 7.673726e+01 1.500000e+04 1.140280e+04 5.791530e-04     0 -1.624978e-01 7.478231e+01 8.918818e+01 2.230541e-01 -3.489523e-04 
2.088000e+02 5.581632e-03 2.981657e-01 1.669752e+00 1.156111e+04 1.353258e+04 7.739953e+01 1.500000e+04 1.140280e+04 5.650333e-04     0 -1.599213e-01 7.460856e+01 8.911268e+01 2.239957e-01 -3.503378e-04 
2.089000e+02 5.542208e-03 2.985609e-01 1.669761e+00 1.156024e+04 1.354142e+04 7.805822e+01 1.500000e+04 1.140280e+04 5.535553e-04     0 -1.576899e-01 7.443415e+01 8.903668e+01 2.247023e-01 -3.522721e-04 
  209 5.508194e-03 2.984991e-01 1.669764e+00 1.155936e+04 1.355026e+04 7.871365e+01 1.500000e+04 1.140267e+04 5.439379e-04     0 -1.564734e-01 7.425897e+01 8.896047e+01 2.249499e-01 -3.549501e-04 
2.091000e+02 5.487643e-03 2.982148e-01 1.669762e+00 1.155849e+04 1.355908e+04 7.936537e+01 1.500000e+04 1.140267e+04 5.090897e-04     0 -1.654992e-01 7.407823e+01 8.888486e+01 2.250804e-01 -3.582739e-04 
2.092000e+02 5.467181e-03 2.984384e-01 1.669754e+00 1.155762e+04 1.356790e+04 8.001257e+01 1.500000e+04 1.140267e+04 4.928641e-04     0 -1.657113e-01 7.389706e+01 8.880979e+01 2.257592e-01 -3.616097e-04 
2.093000e+02 5.452838e-03 2.989834e-01 1.669741e+00 1.155675e+04 1.357671e+04 8.065545e+01 1.500000e+04 1.140267e+04 4.845091e-04     0 -1.631574e-01 7.371541e+01 8.873449e+01 2.266932e-01 -3.650085e-04 
2.094000e+02 5.444213e-03 2.993621e-01 1.669722e+00 1.155588e+04 1.358552e+04 8.129465e+01 1.500000e+04 1.140267e+04 4.798528e-04     0 -1.609318e-01 7.353315e+01 8.865867e+01 2.273983e-01 -3.688381e-04 
2.095000e+02 5.440532e-03 2.992900e-01 1.669697e+00 1.155501e+04 1.359431e+04 8.193047e+01 1.500000e+04 1.140254e+04 4.773706e-04     0 -1.597089e-01 7.335017e+01 8.858267e+01 2.276512e-01 -3.735258e-04 
2.096000e+02 -5.441515e-03 2.989951e-01 1.669665e+00 1.155414e+04 1.360310e+04 8.256249e+01 1.500000e+04 1.140254e+04 -1.227508e-03     0 -1.687423e-01 7.316175e+01 8.850724e+01 2.277858e-01 -3.632093e-04 
2.097000e+02 5.441093e-03 2.992005e-01 1.669609e+00 1.155327e+04 1.361188e+04 8.318987e+01 1.500000e+04 1.140254e+04 -1.571829e-03     0 -1.689544e-01 7.297298e+01 8.843236e+01 2.284624e-01 -2.743156e-04 
2.098000e+02 5.450227e-03 2.997244e-01 1.669516e+00 1.155241e+04 1.362066e+04 8.381283e+01 1.500000e+04 1.140254e+04 -3.257987e-04     0 -1.663891e-01 7.278377e+01 8.835726e+01 2.293929e-01 -1.098627e-04 
2.099000e+02 5.463151e-03 3.000861e-01 1.669402e+00 1.155154e+04 1.362943e+04 8.443197e+01 1.500000e+04 1.140254e+04 1.329660e-04     0 -1.641853e-01 7.259395e+01 8.828166e+01 2.300999e-01 5.808523e-05 
  210 5.465501e-03 3.000036e-01 1.669290e+00 1.155067e+04 1.363819e+04 8.504760e+01 1.500000e+04 1.122184e+04 3.012449e-04     0 -1.629675e-01 7.240347e+01 8.820589e+01 2.303614e-01 1.901729e-04 
2.101000e+02 5.560294e-03 2.997009e-01 1.669182e+00 1.154981e+04 1.364694e+04 8.565929e+01 1.500000e+04 1.122184e+04 -1.190614e-02     0 -1.719224e-01 7.220758e+01 8.813070e+01 2.305060e-01 4.066769e-04 
2.102000e+02 6.265802e-03 2.998905e-01 1.668971e+00 1.154894e+04 1.365568e+04 8.626622e+01 1.500000e+04 1.122184e+04 -1.637160e-02     0 -1.721783e-01 7.201142e+01 8.805604e+01 2.311822e-01 1.151859e-03 
2.103000e+02 8.716207e-03 3.003966e-01 1.668547e+00 1.154808e+04 1.366442e+04 8.686860e+01 1.500000e+04 1.122184e+04 -1.777889e-02     0 -1.696706e-01 7.181490e+01 8.798119e+01 2.321056e-01 2.569904e-03 
2.104000e+02 1.276929e-02 3.007522e-01 1.667895e+00 1.154721e+04 1.367315e+04 8.746700e+01 1.500000e+04 1.122184e+04 -1.778577e-02     0 -1.674534e-01 7.161788e+01 8.790587e+01 2.328048e-01 4.570177e-03 
2.105000e+02 1.759565e-02 3.006791e-01 1.667090e+00 1.154634e+04 1.368188e+04 8.806171e+01 1.500000e+04 1.121878e+04 -1.710562e-02     0 -1.662298e-01 7.142024e+01 8.783037e+01 2.330556e-01 6.953592e-03 
2.106000e+02 2.264456e-02 3.003880e-01 1.666275e+00 1.154547e+04 1.369059e+04 8.865227e+01 1.500000e+04 1.121878e+04 -1.694787e-02     0 -1.749470e-01 7.121736e+01 8.775544e+01 2.331725e-01 9.494767e-03 
2.107000e+02 2.770323e-02 3.005695e-01 1.665624e+00 1.154460e+04 1.369930e+04 8.923785e+01 1.500000e+04 1.121878e+04 -1.613263e-02     0 -1.751856e-01 7.101424e+01 8.768106e+01 2.337922e-01 1.200347e-02 
2.108000e+02 3.265490e-02 3.010549e-01 1.665293e+00 1.154372e+04 1.370800e+04 8.981855e+01 1.500000e+04 1.121878e+04 -1.508353e-02     0 -1.727292e-01 7.081082e+01 8.760654e+01 2.346531e-01 1.430571e-02 
2.109000e+02 3.745616e-02 3.013834e-01 1.665408e+00 1.154283e+04 1.371670e+04 9.039486e+01 1.500000e+04 1.121878e+04 -1.396777e-02     0 -1.705447e-01 7.060699e+01 8.753164e+01 2.353058e-01 1.625818e-02 
  211 4.212806e-02 3.012754e-01 1.666061e+00 1.154193e+04 1.372538e+04 9.096699e+01 1.500000e+04 1.121569e+04 -1.284682e-02     0 -1.693146e-01 7.040267e+01 8.745668e+01 2.355366e-01 1.776282e-02 
2.111000e+02 4.676140e-02 3.009332e-01 1.667325e+00 1.154103e+04 1.373406e+04 9.153445e+01 1.500000e+04 1.121569e+04 -1.249572e-02     0 -1.779925e-01 7.019324e+01 8.738244e+01 2.356557e-01 1.877988e-02 
2.112000e+02 5.150720e-02 3.010322e-01 1.669249e+00 1.154011e+04 1.374272e+04 9.209639e+01 1.500000e+04 1.121569e+04 -1.165587e-02     0 -1.782957e-01 6.998367e+01 8.730896e+01 2.362858e-01 1.933741e-02 
2.113000e+02 5.640881e-02 3.014098e-01 1.671809e+00 1.153919e+04 1.375138e+04 9.265287e+01 1.500000e+04 1.121569e+04 -1.060930e-02     0 -1.759505e-01 6.977391e+01 8.723557e+01 2.371691e-01 1.948126e-02 
2.114000e+02 6.144770e-02 3.016186e-01 1.674937e+00 1.153825e+04 1.376004e+04 9.320439e+01 1.500000e+04 1.121569e+04 -9.460125e-03     0 -1.738855e-01 6.956384e+01 8.716209e+01 2.378624e-01 1.926589e-02 
2.115000e+02 6.658388e-02 3.013895e-01 1.678552e+00 1.153729e+04 1.376868e+04 9.375112e+01 1.500000e+04 1.121257e+04 -8.252003e-03     0 -1.727743e-01 6.935338e+01 8.708883e+01 2.381524e-01 1.875322e-02 
2.116000e+02 7.175503e-02 3.009269e-01 1.682594e+00 1.153632e+04 1.377731e+04 9.429260e+01 1.500000e+04 1.121257e+04 -6.514439e-03     0 -1.815274e-01 6.913795e+01 8.701652e+01 2.383429e-01 1.800459e-02 
2.117000e+02 7.687027e-02 3.009021e-01 1.687042e+00 1.153534e+04 1.378594e+04 9.482799e+01 1.500000e+04 1.121257e+04 -5.075600e-03     0 -1.819727e-01 6.892249e+01 8.694518e+01 2.390489e-01 1.707206e-02 
2.118000e+02 8.187502e-02 3.011618e-01 1.691815e+00 1.153433e+04 1.379455e+04 9.535739e+01 1.500000e+04 1.121257e+04 -3.758135e-03     0 -1.797808e-01 6.870694e+01 8.687413e+01 2.400152e-01 1.601637e-02 
2.119000e+02 8.672598e-02 3.012708e-01 1.696807e+00 1.153330e+04 1.380316e+04 9.588130e+01 1.500000e+04 1.121257e+04 -2.503869e-03     0 -1.778504e-01 6.849119e+01 8.680312e+01 2.408007e-01 1.489746e-02 
  212 9.138218e-02 3.009660e-01 1.701926e+00 1.153225e+04 1.381176e+04 9.639995e+01 1.500000e+04 1.120941e+04 -1.298070e-03     0 -1.768544e-01 6.827515e+01 8.673241e+01 2.411887e-01 1.376786e-02 
2.121000e+02 9.575514e-02 3.004492e-01 1.707127e+00 1.153118e+04 1.382035e+04 9.691295e+01 1.500000e+04 1.120941e+04 1.367573e-03     0 -1.856670e-01 6.805428e+01 8.666269e+01 2.414734e-01 1.265436e-02 
2.122000e+02 9.967647e-02 3.003828e-01 1.712440e+00 1.153007e+04 1.382892e+04 9.741953e+01 1.500000e+04 1.120941e+04 3.003338e-03     0 -1.862281e-01 6.783345e+01 8.659395e+01 2.422604e-01 1.153764e-02 
2.123000e+02 1.031303e-01 3.006190e-01 1.717824e+00 1.152895e+04 1.383749e+04 9.791985e+01 1.500000e+04 1.120941e+04 4.187841e-03     0 -1.841547e-01 6.761262e+01 8.652547e+01 2.432988e-01 1.042590e-02 
2.124000e+02 1.061606e-01 3.007309e-01 1.723206e+00 1.152779e+04 1.384605e+04 9.841450e+01 1.500000e+04 1.120941e+04 5.139066e-03     0 -1.823157e-01 6.739167e+01 8.645700e+01 2.441533e-01 9.344875e-03 
2.125000e+02 1.088158e-01 3.004584e-01 1.728524e+00 1.152660e+04 1.385460e+04 9.890378e+01 1.500000e+04 1.120622e+04 5.944742e-03     0 -1.813832e-01 6.717051e+01 8.638876e+01 2.446084e-01 8.323379e-03 
2.126000e+02 1.110745e-01 2.999971e-01 1.733771e+00 1.152539e+04 1.386313e+04 9.938741e+01 1.500000e+04 1.120622e+04 8.457537e-03     0 -1.901966e-01 6.694460e+01 8.632139e+01 2.449521e-01 7.367386e-03 
2.127000e+02 1.128034e-01 2.999978e-01 1.739011e+00 1.152414e+04 1.387166e+04 9.986472e+01 1.500000e+04 1.120622e+04 9.711725e-03     0 -1.908049e-01 6.671878e+01 8.625485e+01 2.457821e-01 6.431701e-03 
2.128000e+02 1.140362e-01 3.003151e-01 1.744227e+00 1.152286e+04 1.388017e+04 1.003360e+02 1.500000e+04 1.120622e+04 1.042163e-02     0 -1.887748e-01 6.649301e+01 8.618843e+01 2.468536e-01 5.508943e-03 
2.129000e+02 1.148663e-01 3.005266e-01 1.749357e+00 1.152155e+04 1.388867e+04 1.008019e+02 1.500000e+04 1.120622e+04 1.086328e-02     0 -1.869490e-01 6.626715e+01 8.612184e+01 2.477381e-01 4.618734e-03 
  213 1.153816e-01 3.003716e-01 1.754352e+00 1.152020e+04 1.389716e+04 1.012628e+02 1.500000e+04 1.120300e+04 1.115263e-02     0 -1.860015e-01 6.604110e+01 8.605526e+01 2.482211e-01 3.789029e-03 
2.131000e+02 1.155916e-01 3.000376e-01 1.759214e+00 1.151883e+04 1.390564e+04 1.017185e+02 1.500000e+04 1.120300e+04 1.309662e-02     0 -1.947392e-01 6.581034e+01 8.598931e+01 2.485843e-01 3.027594e-03 
2.132000e+02 1.153877e-01 3.001637e-01 1.764016e+00 1.151742e+04 1.391411e+04 1.021685e+02 1.500000e+04 1.120300e+04 1.383969e-02     0 -1.953192e-01 6.557970e+01 8.592393e+01 2.494170e-01 2.291700e-03 
2.133000e+02 1.148108e-01 3.006058e-01 1.768744e+00 1.151597e+04 1.392256e+04 1.026130e+02 1.500000e+04 1.120300e+04 1.407771e-02     0 -1.932596e-01 6.534908e+01 8.585841e+01 2.504800e-01 1.574445e-03 
2.134000e+02 1.139530e-01 3.009455e-01 1.773340e+00 1.151450e+04 1.393101e+04 1.030529e+02 1.500000e+04 1.120300e+04 1.408014e-02     0 -1.913789e-01 6.511838e+01 8.579244e+01 2.513515e-01 8.951973e-04 
2.135000e+02 1.128979e-01 3.009213e-01 1.777761e+00 1.151299e+04 1.393944e+04 1.034885e+02 1.500000e+04 1.119975e+04 1.396005e-02     0 -1.903535e-01 6.488749e+01 8.572621e+01 2.518183e-01 2.810780e-04 
2.136000e+02 1.116580e-01 3.007137e-01 1.782013e+00 1.151145e+04 1.394786e+04 1.039197e+02 1.500000e+04 1.119975e+04 1.531271e-02     0 -1.989573e-01 6.465190e+01 8.566031e+01 2.521566e-01 -2.596368e-04 
2.137000e+02 1.101398e-01 3.009515e-01 1.786170e+00 1.150987e+04 1.395626e+04 1.043459e+02 1.500000e+04 1.119975e+04 1.562689e-02     0 -1.994569e-01 6.441639e+01 8.559469e+01 2.529486e-01 -7.654193e-04 
2.138000e+02 1.083762e-01 3.014934e-01 1.790220e+00 1.150826e+04 1.396466e+04 1.047675e+02 1.500000e+04 1.119975e+04 1.551584e-02     0 -1.973228e-01 6.418091e+01 8.552867e+01 2.539613e-01 -1.244566e-03 
2.139000e+02 1.064437e-01 3.019254e-01 1.794115e+00 1.150663e+04 1.397304e+04 1.051852e+02 1.500000e+04 1.119975e+04 1.521636e-02     0 -1.953493e-01 6.394532e+01 8.546195e+01 2.547800e-01 -1.682446e-03 
  214 1.044119e-01 3.019867e-01 1.797821e+00 1.150496e+04 1.398140e+04 1.055993e+02 1.500000e+04 1.119646e+04 1.482717e-02     0 -1.942155e-01 6.370952e+01 8.539473e+01 2.551939e-01 -2.057739e-03 
2.141000e+02 1.022932e-01 3.018524e-01 1.801349e+00 1.150326e+04 1.398976e+04 1.060098e+02 1.500000e+04 1.119646e+04 1.564075e-02     0 -2.026611e-01 6.346903e+01 8.532761e+01 2.554747e-01 -2.364813e-03 
2.142000e+02 1.000152e-01 3.021429e-01 1.804770e+00 1.150153e+04 1.399810e+04 1.064159e+02 1.500000e+04 1.119646e+04 1.562902e-02     0 -2.030648e-01 6.322863e+01 8.526057e+01 2.561978e-01 -2.637069e-03 
2.143000e+02 9.760312e-02 3.027208e-01 1.808078e+00 1.149978e+04 1.400643e+04 1.068180e+02 1.500000e+04 1.119646e+04 1.528837e-02     0 -2.008488e-01 6.298823e+01 8.519295e+01 2.571371e-01 -2.884041e-03 
2.144000e+02 9.511580e-02 3.031783e-01 1.811234e+00 1.149799e+04 1.401475e+04 1.072168e+02 1.500000e+04 1.119646e+04 1.481007e-02     0 -1.987828e-01 6.274773e+01 8.512451e+01 2.578852e-01 -3.096370e-03 
2.145000e+02 9.260700e-02 3.032567e-01 1.814213e+00 1.149618e+04 1.402305e+04 1.076124e+02 1.500000e+04 1.119315e+04 1.427349e-02     0 -1.975480e-01 6.250703e+01 8.505544e+01 2.582338e-01 -3.258914e-03 
2.146000e+02 9.008941e-02 3.031269e-01 1.817030e+00 1.149434e+04 1.403135e+04 1.080048e+02 1.500000e+04 1.119315e+04 1.463379e-02     0 -2.058481e-01 6.226168e+01 8.498638e+01 2.584499e-01 -3.368092e-03 
2.147000e+02 8.751364e-02 3.034026e-01 1.819750e+00 1.149248e+04 1.403962e+04 1.083932e+02 1.500000e+04 1.119315e+04 1.439850e-02     0 -2.061763e-01 6.201642e+01 8.491732e+01 2.591025e-01 -3.449871e-03 
2.148000e+02 8.489724e-02 3.039511e-01 1.822369e+00 1.149059e+04 1.404789e+04 1.087779e+02 1.500000e+04 1.119315e+04 1.393418e-02     0 -2.039055e-01 6.177120e+01 8.484768e+01 2.599717e-01 -3.512952e-03 
2.149000e+02 8.228062e-02 3.043721e-01 1.824857e+00 1.148867e+04 1.405614e+04 1.091592e+02 1.500000e+04 1.119315e+04 1.338171e-02     0 -2.017794e-01 6.152591e+01 8.477720e+01 2.606575e-01 -3.551756e-03 
  215 7.970062e-02 3.044100e-01 1.827196e+00 1.148673e+04 1.406439e+04 1.095377e+02 1.500000e+04 1.118979e+04 1.279912e-02     0 -2.004803e-01 6.128045e+01 8.470613e+01 2.609537e-01 -3.556140e-03 
2.151000e+02 7.716809e-02 3.042325e-01 1.829401e+00 1.148478e+04 1.407261e+04 1.099128e+02 1.500000e+04 1.118979e+04 1.282231e-02     0 -2.086738e-01 6.103042e+01 8.463511e+01 2.611221e-01 -3.523686e-03 
2.152000e+02 7.465363e-02 3.044465e-01 1.831530e+00 1.148279e+04 1.408083e+04 1.102838e+02 1.500000e+04 1.118979e+04 1.246257e-02     0 -2.089699e-01 6.078054e+01 8.456416e+01 2.617250e-01 -3.472374e-03 
2.153000e+02 7.216723e-02 3.049248e-01 1.833580e+00 1.148079e+04 1.408903e+04 1.106510e+02 1.500000e+04 1.118979e+04 1.196372e-02     0 -2.066908e-01 6.053076e+01 8.449272e+01 2.625481e-01 -3.409111e-03 
2.154000e+02 6.973187e-02 3.052749e-01 1.835527e+00 1.147877e+04 1.409723e+04 1.110147e+02 1.500000e+04 1.118979e+04 1.141894e-02     0 -2.045526e-01 6.028097e+01 8.442057e+01 2.631983e-01 -3.331082e-03 
2.155000e+02 6.736859e-02 3.052444e-01 1.837357e+00 1.147673e+04 1.410541e+04 1.113751e+02 1.500000e+04 1.118640e+04 1.086609e-02     0 -2.032377e-01 6.003109e+01 8.434797e+01 2.634710e-01 -3.232239e-03 
2.156000e+02 6.508542e-02 3.049979e-01 1.839086e+00 1.147467e+04 1.411357e+04 1.117319e+02 1.500000e+04 1.118640e+04 1.067013e-02     0 -2.113727e-01 5.977674e+01 8.427555e+01 2.636226e-01 -3.111071e-03 
2.157000e+02 6.286877e-02 3.051350e-01 1.840762e+00 1.147259e+04 1.412173e+04 1.120843e+02 1.500000e+04 1.118640e+04 1.026773e-02     0 -2.116850e-01 5.952263e+01 8.420336e+01 2.642076e-01 -2.978558e-03 
2.158000e+02 6.072237e-02 3.055338e-01 1.842382e+00 1.147049e+04 1.412987e+04 1.124324e+02 1.500000e+04 1.118640e+04 9.798642e-03     0 -2.094450e-01 5.926869e+01 8.413085e+01 2.650171e-01 -2.839750e-03 
2.159000e+02 5.865495e-02 3.058092e-01 1.843929e+00 1.146838e+04 1.413801e+04 1.127765e+02 1.500000e+04 1.118640e+04 9.315694e-03     0 -2.073407e-01 5.901484e+01 8.405784e+01 2.656644e-01 -2.693891e-03 
  216 5.667472e-02 3.057120e-01 1.845390e+00 1.146626e+04 1.414613e+04 1.131169e+02 1.500000e+04 1.118298e+04 8.839729e-03     0 -2.060536e-01 5.876100e+01 8.398455e+01 2.659461e-01 -2.538177e-03 
2.161000e+02 5.478712e-02 3.054031e-01 1.846782e+00 1.146411e+04 1.415424e+04 1.134530e+02 1.500000e+04 1.118298e+04 8.523114e-03     0 -2.141712e-01 5.850282e+01 8.391161e+01 2.661126e-01 -2.371817e-03 
2.162000e+02 5.299060e-02 3.054742e-01 1.848142e+00 1.146196e+04 1.416234e+04 1.137843e+02 1.500000e+04 1.118298e+04 8.135247e-03     0 -2.145377e-01 5.824496e+01 8.383909e+01 2.667104e-01 -2.200164e-03 
2.163000e+02 5.128441e-02 3.058079e-01 1.849470e+00 1.145979e+04 1.417043e+04 1.141108e+02 1.500000e+04 1.118298e+04 7.734344e-03     0 -2.123718e-01 5.798739e+01 8.376645e+01 2.675355e-01 -2.026556e-03 
2.164000e+02 4.966682e-02 3.060261e-01 1.850750e+00 1.145760e+04 1.417850e+04 1.144327e+02 1.500000e+04 1.118298e+04 7.341699e-03     0 -2.103329e-01 5.772999e+01 8.369349e+01 2.682072e-01 -1.851623e-03 
2.165000e+02 4.813658e-02 3.058826e-01 1.851973e+00 1.145541e+04 1.418657e+04 1.147503e+02 1.500000e+04 1.117952e+04 6.964962e-03     0 -2.091018e-01 5.747271e+01 8.362042e+01 2.685231e-01 -1.674899e-03 
2.166000e+02 4.669719e-02 3.055337e-01 1.853152e+00 1.145320e+04 1.419462e+04 1.150633e+02 1.500000e+04 1.117952e+04 6.600232e-03     0 -2.172269e-01 5.721122e+01 8.354788e+01 2.687276e-01 -1.496075e-03 
2.167000e+02 4.535582e-02 3.055631e-01 1.854319e+00 1.145097e+04 1.420267e+04 1.153708e+02 1.500000e+04 1.117952e+04 6.260911e-03     0 -2.176679e-01 5.695015e+01 8.347590e+01 2.693590e-01 -1.316224e-03 
2.168000e+02 4.410891e-02 3.058571e-01 1.855473e+00 1.144874e+04 1.421070e+04 1.156730e+02 1.500000e+04 1.117952e+04 5.945376e-03     0 -2.155924e-01 5.668946e+01 8.340396e+01 2.702179e-01 -1.137205e-03 
2.169000e+02 4.294764e-02 3.060443e-01 1.856600e+00 1.144650e+04 1.421873e+04 1.159702e+02 1.500000e+04 1.117952e+04 5.651865e-03     0 -2.136322e-01 5.642905e+01 8.333185e+01 2.709296e-01 -9.604836e-04 
  217 4.186438e-02 3.058807e-01 1.857692e+00 1.144424e+04 1.422674e+04 1.162627e+02 1.500000e+04 1.117603e+04 5.378459e-03     0 -2.124667e-01 5.616884e+01 8.325977e+01 2.712927e-01 -7.871694e-04 
2.171000e+02 4.086140e-02 3.055183e-01 1.858761e+00 1.144198e+04 1.423474e+04 1.165500e+02 1.500000e+04 1.117603e+04 5.012804e-03     0 -2.206062e-01 5.590455e+01 8.318832e+01 2.715457e-01 -6.172561e-04 
2.172000e+02 3.995193e-02 3.055319e-01 1.859833e+00 1.143971e+04 1.424273e+04 1.168316e+02 1.500000e+04 1.117603e+04 4.737383e-03     0 -2.211241e-01 5.564077e+01 8.311753e+01 2.722187e-01 -4.487470e-04 
2.173000e+02 3.913098e-02 3.058116e-01 1.860907e+00 1.143742e+04 1.425072e+04 1.171075e+02 1.500000e+04 1.117603e+04 4.509124e-03     0 -2.191384e-01 5.537745e+01 8.304688e+01 2.731172e-01 -2.823428e-04 
2.174000e+02 3.838534e-02 3.059920e-01 1.861970e+00 1.143513e+04 1.425869e+04 1.173782e+02 1.500000e+04 1.117603e+04 4.310371e-03     0 -2.172536e-01 5.511450e+01 8.297615e+01 2.738721e-01 -1.199905e-04 
2.175000e+02 3.770346e-02 3.058311e-01 1.863014e+00 1.143283e+04 1.426666e+04 1.176437e+02 1.500000e+04 1.117250e+04 4.132686e-03     0 -2.161484e-01 5.485184e+01 8.290552e+01 2.742833e-01 3.616164e-05 
2.176000e+02 3.708706e-02 3.054767e-01 1.864051e+00 1.143051e+04 1.427461e+04 1.179040e+02 1.500000e+04 1.117250e+04 3.791556e-03     0 -2.242953e-01 5.458520e+01 8.283556e+01 2.745836e-01 1.859175e-04 
2.177000e+02 3.655365e-02 3.054949e-01 1.865102e+00 1.142819e+04 1.428255e+04 1.181582e+02 1.500000e+04 1.117250e+04 3.581956e-03     0 -2.248796e-01 5.431915e+01 8.276630e+01 2.752955e-01 3.333547e-04 
2.178000e+02 3.609774e-02 3.057788e-01 1.866165e+00 1.142586e+04 1.429049e+04 1.184066e+02 1.500000e+04 1.117250e+04 3.433309e-03     0 -2.229713e-01 5.405363e+01 8.269722e+01 2.762289e-01 4.786050e-04 
2.179000e+02 3.570372e-02 3.059691e-01 1.867229e+00 1.142353e+04 1.429841e+04 1.186496e+02 1.500000e+04 1.117250e+04 3.317489e-03     0 -2.211486e-01 5.378856e+01 8.262809e+01 2.770209e-01 6.194263e-04 
  218 3.535787e-02 3.058260e-01 1.868287e+00 1.142118e+04 1.430633e+04 1.188874e+02 1.500000e+04 1.116895e+04 3.221827e-03     0 -2.200894e-01 5.352385e+01 8.255907e+01 2.774725e-01 7.529760e-04 
2.181000e+02 3.506190e-02 3.054927e-01 1.869346e+00 1.141883e+04 1.431424e+04 1.191197e+02 1.500000e+04 1.116895e+04 2.914224e-03     0 -2.282290e-01 5.325525e+01 8.249071e+01 2.778113e-01 8.789036e-04 
2.182000e+02 3.483652e-02 3.055270e-01 1.870428e+00 1.141647e+04 1.432213e+04 1.193461e+02 1.500000e+04 1.116895e+04 2.764054e-03     0 -2.288629e-01 5.298730e+01 8.242304e+01 2.785526e-01 1.002661e-03 
2.183000e+02 3.467633e-02 3.058251e-01 1.871530e+00 1.141410e+04 1.433002e+04 1.195666e+02 1.500000e+04 1.116895e+04 2.682660e-03     0 -2.270147e-01 5.271995e+01 8.235553e+01 2.795109e-01 1.124937e-03 
2.184000e+02 3.456452e-02 3.060335e-01 1.872640e+00 1.141172e+04 1.433790e+04 1.197816e+02 1.500000e+04 1.116895e+04 2.635093e-03     0 -2.252370e-01 5.245310e+01 8.228796e+01 2.803290e-01 1.243274e-03 
2.185000e+02 3.448626e-02 3.059145e-01 1.873751e+00 1.140934e+04 1.434577e+04 1.199915e+02 1.500000e+04 1.116536e+04 2.605976e-03     0 -2.242069e-01 5.218668e+01 8.222046e+01 2.808094e-01 1.354332e-03 
2.186000e+02 3.444362e-02 3.056073e-01 1.874870e+00 1.140694e+04 1.435363e+04 1.201960e+02 1.500000e+04 1.116536e+04 2.329885e-03     0 -2.323226e-01 5.191645e+01 8.215359e+01 2.811751e-01 1.457630e-03 
2.187000e+02 3.445996e-02 3.056613e-01 1.876019e+00 1.140454e+04 1.436148e+04 1.203946e+02 1.500000e+04 1.116536e+04 2.228657e-03     0 -2.329891e-01 5.164692e+01 8.208736e+01 2.819341e-01 1.559559e-03 
2.188000e+02 3.453027e-02 3.059761e-01 1.877192e+00 1.140213e+04 1.436932e+04 1.205875e+02 1.500000e+04 1.116536e+04 2.201009e-03     0 -2.311842e-01 5.137805e+01 8.202126e+01 2.829056e-01 1.661161e-03 
2.189000e+02 3.463708e-02 3.062036e-01 1.878378e+00 1.139972e+04 1.437715e+04 1.207749e+02 1.500000e+04 1.116536e+04 2.207267e-03     0 -2.294358e-01 5.110973e+01 8.195504e+01 2.837382e-01 1.759781e-03 
  219 3.476496e-02 3.061086e-01 1.879570e+00 1.139730e+04 1.438498e+04 1.209574e+02 1.500000e+04 1.116173e+04 2.230201e-03     0 -2.284201e-01 5.084188e+01 8.188885e+01 2.842362e-01 1.851667e-03 
2.191000e+02 3.491654e-02 3.058263e-01 1.880775e+00 1.139486e+04 1.439279e+04 1.211346e+02 1.500000e+04 1.116173e+04 1.976942e-03     0 -2.364979e-01 5.057031e+01 8.182323e+01 2.846176e-01 1.936222e-03 
2.192000e+02 3.511774e-02 3.058983e-01 1.882012e+00 1.139243e+04 1.440060e+04 1.213060e+02 1.500000e+04 1.116173e+04 1.912946e-03     0 -2.371831e-01 5.029949e+01 8.175818e+01 2.853840e-01 2.020568e-03 
2.193000e+02 3.536397e-02 3.062270e-01 1.883278e+00 1.138998e+04 1.440839e+04 1.214718e+02 1.500000e+04 1.116173e+04 1.926539e-03     0 -2.354088e-01 5.002936e+01 8.169321e+01 2.863589e-01 2.105978e-03 
2.194000e+02 3.563722e-02 3.064704e-01 1.884561e+00 1.138752e+04 1.441618e+04 1.216323e+02 1.500000e+04 1.116173e+04 1.974163e-03     0 -2.336785e-01 4.975985e+01 8.162808e+01 2.871966e-01 2.189567e-03 
2.195000e+02 3.592157e-02 3.063954e-01 1.885852e+00 1.138506e+04 1.442396e+04 1.217880e+02 1.500000e+04 1.115808e+04 2.037065e-03     0 -2.326673e-01 4.949085e+01 8.156293e+01 2.877032e-01 2.267177e-03 
2.196000e+02 3.622033e-02 3.061336e-01 1.887158e+00 1.138259e+04 1.443172e+04 1.219386e+02 1.500000e+04 1.115808e+04 1.794234e-03     0 -2.406975e-01 4.921820e+01 8.149828e+01 2.880923e-01 2.338105e-03 
2.197000e+02 3.656224e-02 3.062190e-01 1.888500e+00 1.138011e+04 1.443948e+04 1.220836e+02 1.500000e+04 1.115808e+04 1.756191e-03     0 -2.413927e-01 4.894635e+01 8.143415e+01 2.888588e-01 2.410181e-03 
2.198000e+02 3.694302e-02 3.065569e-01 1.889873e+00 1.137763e+04 1.444723e+04 1.222231e+02 1.500000e+04 1.115808e+04 1.800579e-03     0 -2.396416e-01 4.867524e+01 8.137005e+01 2.898304e-01 2.484842e-03 
2.199000e+02 3.734397e-02 3.068111e-01 1.891265e+00 1.137513e+04 1.445497e+04 1.223576e+02 1.500000e+04 1.115808e+04 1.879829e-03     0 -2.379233e-01 4.840478e+01 8.130575e+01 2.906673e-01 2.558911e-03 
  220 3.774848e-02 3.067509e-01 1.892667e+00 1.137263e+04 1.446271e+04 1.224873e+02 1.500000e+04 1.115439e+04 1.973587e-03     0 -2.369117e-01 4.813490e+01 8.124138e+01 2.911772e-01 2.627768e-03 
2.201000e+02 3.816064e-02 3.065044e-01 1.894087e+00 1.137012e+04 1.447043e+04 1.226121e+02 1.500000e+04 1.115439e+04 1.726757e-03     0 -2.448891e-01 4.786144e+01 8.117746e+01 2.915695e-01 2.690599e-03 
2.202000e+02 3.861253e-02 3.065980e-01 1.895544e+00 1.136760e+04 1.447814e+04 1.227314e+02 1.500000e+04 1.115439e+04 1.704604e-03     0 -2.455906e-01 4.758882e+01 8.111401e+01 2.923322e-01 2.756062e-03 
2.203000e+02 3.910008e-02 3.069401e-01 1.897035e+00 1.136507e+04 1.448584e+04 1.228453e+02 1.500000e+04 1.115439e+04 1.771792e-03     0 -2.438601e-01 4.731699e+01 8.105055e+01 2.932975e-01 2.825744e-03 
2.204000e+02 3.960347e-02 3.072002e-01 1.898547e+00 1.136253e+04 1.449354e+04 1.229544e+02 1.500000e+04 1.115439e+04 1.875838e-03     0 -2.421525e-01 4.704586e+01 8.098687e+01 2.941310e-01 2.896077e-03 
2.205000e+02 4.010506e-02 3.071500e-01 1.900070e+00 1.135998e+04 1.450122e+04 1.230588e+02 1.500000e+04 1.115067e+04 1.994397e-03     0 -2.411400e-01 4.677536e+01 8.092309e+01 2.946423e-01 2.961863e-03 
2.206000e+02 4.060978e-02 3.069144e-01 1.901612e+00 1.135743e+04 1.450889e+04 1.231584e+02 1.500000e+04 1.115067e+04 1.727853e-03     0 -2.490632e-01 4.650135e+01 8.085972e+01 2.950362e-01 3.022164e-03 
2.207000e+02 4.115391e-02 3.070120e-01 1.903195e+00 1.135486e+04 1.451656e+04 1.232526e+02 1.500000e+04 1.115067e+04 1.712976e-03     0 -2.497708e-01 4.622824e+01 8.079680e+01 2.957944e-01 3.086703e-03 
2.208000e+02 4.173337e-02 3.073544e-01 1.904814e+00 1.135229e+04 1.452421e+04 1.233416e+02 1.500000e+04 1.115067e+04 1.797432e-03     0 -2.480621e-01 4.595596e+01 8.073385e+01 2.967530e-01 3.157235e-03 
2.209000e+02 4.232671e-02 3.076166e-01 1.906455e+00 1.134971e+04 1.453186e+04 1.234258e+02 1.500000e+04 1.115067e+04 1.922270e-03     0 -2.463671e-01 4.568444e+01 8.067065e+01 2.975832e-01 3.229672e-03 
  221 4.291469e-02 3.075730e-01 1.908109e+00 1.134712e+04 1.453949e+04 1.235055e+02 1.500000e+04 1.114691e+04 2.062495e-03     0 -2.453560e-01 4.541359e+01 8.060735e+01 2.980962e-01 3.298063e-03 
2.211000e+02 4.350323e-02 3.073452e-01 1.909784e+00 1.134451e+04 1.454712e+04 1.235804e+02 1.500000e+04 1.114691e+04 1.759202e-03     0 -2.532255e-01 4.513933e+01 8.054443e+01 2.984928e-01 3.361326e-03 
2.212000e+02 4.413388e-02 3.074442e-01 1.911503e+00 1.134190e+04 1.455474e+04 1.236501e+02 1.500000e+04 1.114691e+04 1.744304e-03     0 -2.539417e-01 4.486600e+01 8.048194e+01 2.992475e-01 3.430595e-03 
2.213000e+02 4.480243e-02 3.077844e-01 1.913260e+00 1.133928e+04 1.456234e+04 1.237146e+02 1.500000e+04 1.114691e+04 1.842789e-03     0 -2.522580e-01 4.459357e+01 8.041942e+01 3.002008e-01 3.507839e-03 
2.214000e+02 4.548503e-02 3.080465e-01 1.915042e+00 1.133665e+04 1.456994e+04 1.237743e+02 1.500000e+04 1.114691e+04 1.987054e-03     0 -2.505792e-01 4.432194e+01 8.035666e+01 3.010292e-01 3.588288e-03 
2.215000e+02 4.616017e-02 3.080077e-01 1.916840e+00 1.133400e+04 1.457752e+04 1.238296e+02 1.500000e+04 1.114312e+04 2.148535e-03     0 -2.495735e-01 4.405104e+01 8.029379e+01 3.015459e-01 3.665002e-03 
2.216000e+02 4.683495e-02 3.077862e-01 1.918660e+00 1.133135e+04 1.458510e+04 1.238802e+02 1.500000e+04 1.114312e+04 1.789387e-03     0 -2.573906e-01 4.377680e+01 8.023129e+01 3.019470e-01 3.736722e-03 
2.217000e+02 4.755766e-02 3.078852e-01 1.920528e+00 1.132869e+04 1.459266e+04 1.239256e+02 1.500000e+04 1.114312e+04 1.768091e-03     0 -2.581185e-01 4.350355e+01 8.016921e+01 3.027005e-01 3.816469e-03 
2.218000e+02 4.832374e-02 3.082221e-01 1.922439e+00 1.132601e+04 1.460021e+04 1.239658e+02 1.500000e+04 1.114312e+04 1.879413e-03     0 -2.564638e-01 4.323126e+01 8.010711e+01 3.036506e-01 3.906500e-03 
2.219000e+02 4.910604e-02 3.084833e-01 1.924377e+00 1.132332e+04 1.460776e+04 1.240014e+02 1.500000e+04 1.114312e+04 2.044193e-03     0 -2.548057e-01 4.295982e+01 8.004479e+01 3.044795e-01 4.001152e-03 
  222 4.987998e-02 3.084486e-01 1.926333e+00 1.132063e+04 1.461529e+04 1.240325e+02 1.500000e+04 1.113928e+04 2.229095e-03     0 -2.538097e-01 4.268916e+01 7.998235e+01 3.050019e-01 4.092191e-03 
2.221000e+02 5.065403e-02 3.082329e-01 1.928316e+00 1.131792e+04 1.462281e+04 1.240589e+02 1.500000e+04 1.113928e+04 1.791327e-03     0 -2.615752e-01 4.241526e+01 7.992029e+01 3.054099e-01 4.178142e-03 
2.222000e+02 5.148488e-02 3.083105e-01 1.930351e+00 1.131520e+04 1.463032e+04 1.240802e+02 1.500000e+04 1.113928e+04 1.757424e-03     0 -2.617994e-01 4.214242e+01 7.985864e+01 3.061399e-01 4.274547e-03 
2.223000e+02 5.236725e-02 3.085977e-01 1.932432e+00 1.131246e+04 1.463783e+04 1.240964e+02 1.500000e+04 1.113928e+04 1.881974e-03     0 -2.608680e-01 4.187062e+01 7.979704e+01 3.070489e-01 4.384038e-03 
2.224000e+02 5.327050e-02 3.088444e-01 1.934546e+00 1.130972e+04 1.464531e+04 1.241079e+02 1.500000e+04 1.113928e+04 2.070683e-03     0 -2.591817e-01 4.159974e+01 7.973527e+01 3.078761e-01 4.499787e-03 
2.225000e+02 5.416586e-02 3.088237e-01 1.936684e+00 1.130696e+04 1.465279e+04 1.241148e+02 1.500000e+04 1.113541e+04 2.283717e-03     0 -2.581322e-01 4.132964e+01 7.967343e+01 3.084233e-01 4.611896e-03 
2.226000e+02 5.506258e-02 3.085925e-01 1.938851e+00 1.130419e+04 1.466026e+04 1.241171e+02 1.500000e+04 1.113541e+04 1.736457e-03     0 -2.617994e-01 4.105642e+01 7.961192e+01 3.088109e-01 4.718684e-03 
2.227000e+02 5.602374e-02 3.083553e-01 1.941060e+00 1.130141e+04 1.466772e+04 1.241144e+02 1.500000e+04 1.113541e+04 1.683342e-03     0 -2.617994e-01 4.078431e+01 7.955084e+01 3.092224e-01 4.838853e-03 
2.228000e+02 5.704351e-02 3.080703e-01 1.943306e+00 1.129862e+04 1.467516e+04 1.241064e+02 1.500000e+04 1.113541e+04 1.822281e-03     0 -2.617994e-01 4.051320e+01 7.949025e+01 3.096119e-01 4.975482e-03 
2.229000e+02 5.808898e-02 3.077050e-01 1.945587e+00 1.129581e+04 1.468259e+04 1.240930e+02 1.500000e+04 1.113541e+04 2.038293e-03     0 -2.617994e-01 4.024311e+01 7.943028e+01 3.099511e-01 5.120171e-03 
  223 5.912969e-02 3.072411e-01 1.947905e+00 1.129299e+04 1.469002e+04 1.240739e+02 1.500000e+04 1.113149e+04 2.284120e-03     0 -2.617994e-01 3.997403e+01 7.937109e+01 3.102284e-01 5.260932e-03 
2.231000e+02 6.017654e-02 3.066721e-01 1.950265e+00 1.129015e+04 1.469743e+04 1.240489e+02 1.500000e+04 1.113149e+04 1.576075e-03     0 -2.617994e-01 3.970202e+01 7.931284e+01 3.104437e-01 5.396048e-03 
2.232000e+02 6.130522e-02 3.059999e-01 1.952667e+00 1.128730e+04 1.470482e+04 1.240174e+02 1.500000e+04 1.113149e+04 1.487473e-03     0 -2.617994e-01 3.943130e+01 7.925571e+01 3.106040e-01 5.549258e-03 
2.233000e+02 6.250891e-02 3.052319e-01 1.955109e+00 1.128444e+04 1.471221e+04 1.239793e+02 1.500000e+04 1.113149e+04 1.640863e-03     0 -2.617994e-01 3.916184e+01 7.919992e+01 3.107205e-01 5.724330e-03 
2.234000e+02 6.374731e-02 3.043779e-01 1.957592e+00 1.128156e+04 1.471959e+04 1.239340e+02 1.500000e+04 1.113149e+04 1.891885e-03     0 -2.617994e-01 3.889364e+01 7.914565e+01 3.108056e-01 5.910720e-03 
2.235000e+02 6.498285e-02 3.034477e-01 1.960119e+00 1.127866e+04 1.472695e+04 1.238811e+02 1.500000e+04 1.112752e+04 2.181068e-03     0 -2.617994e-01 3.862670e+01 7.909310e+01 3.108705e-01 6.093362e-03 
2.236000e+02 6.623024e-02 3.024505e-01 1.962698e+00 1.127576e+04 1.473430e+04 1.238202e+02 1.500000e+04 1.112752e+04 1.245680e-03     0 -2.617994e-01 3.835714e+01 7.904244e+01 3.109245e-01 6.270223e-03 
2.237000e+02 6.758655e-02 3.013941e-01 1.965331e+00 1.127283e+04 1.474164e+04 1.237509e+02 1.500000e+04 1.112752e+04 1.106566e-03     0 -2.617994e-01 3.808914e+01 7.899384e+01 3.109736e-01 6.471667e-03 
2.238000e+02 6.904333e-02 3.002850e-01 1.968014e+00 1.126989e+04 1.474897e+04 1.236727e+02 1.500000e+04 1.112752e+04 1.279081e-03     0 -2.617994e-01 3.782268e+01 7.894747e+01 3.110220e-01 6.702463e-03 
2.239000e+02 7.054904e-02 2.991277e-01 1.970749e+00 1.126693e+04 1.475629e+04 1.235853e+02 1.500000e+04 1.112752e+04 1.577915e-03     0 -2.617994e-01 3.755777e+01 7.890347e+01 3.110722e-01 6.949025e-03 
  224 7.205542e-02 2.979251e-01 1.973540e+00 1.126396e+04 1.476359e+04 1.234882e+02 1.500000e+04 1.112327e+04 1.926738e-03     0 -2.617994e-01 3.729440e+01 7.886200e+01 3.111248e-01 7.191893e-03 
2.241000e+02 7.358425e-02 2.966787e-01 1.976396e+00 1.126097e+04 1.477089e+04 1.233812e+02 1.500000e+04 1.112327e+04 6.018038e-04     0 -2.617994e-01 3.702872e+01 7.882317e+01 3.111791e-01 7.429227e-03 
2.242000e+02 7.526851e-02 2.953898e-01 1.979319e+00 1.125796e+04 1.477817e+04 1.232638e+02 1.500000e+04 1.112327e+04 3.661484e-04     0 -2.617994e-01 3.676488e+01 7.878710e+01 3.112327e-01 7.703013e-03 
2.243000e+02 7.709719e-02 2.940598e-01 1.982305e+00 1.125493e+04 1.478544e+04 1.231358e+02 1.500000e+04 1.112327e+04 5.577552e-04     0 -2.617994e-01 3.650284e+01 7.875391e+01 3.112841e-01 8.020168e-03 
2.244000e+02 7.900005e-02 2.926899e-01 1.985353e+00 1.125188e+04 1.479270e+04 1.229969e+02 1.500000e+04 1.112327e+04 9.235519e-04     0 -2.617994e-01 3.624260e+01 7.872372e+01 3.113321e-01 8.362332e-03 
2.245000e+02 8.091097e-02 2.912806e-01 1.988472e+00 1.124882e+04 1.479995e+04 1.228467e+02 1.500000e+04 1.111427e+04 1.359283e-03     0 -2.617994e-01 3.598416e+01 7.869663e+01 3.113757e-01 8.702849e-03 
2.246000e+02 8.290806e-02 2.898325e-01 1.991673e+00 1.124573e+04 1.480718e+04 1.226851e+02 1.500000e+04 1.111427e+04 -2.000484e-03     0 -2.617994e-01 3.572371e+01 7.867273e+01 3.114132e-01 9.054378e-03 
2.247000e+02 8.530683e-02 2.883475e-01 1.994953e+00 1.124262e+04 1.481441e+04 1.225117e+02 1.500000e+04 1.111427e+04 -2.896520e-03     0 -2.617994e-01 3.546532e+01 7.865209e+01 3.114408e-01 9.525313e-03 
2.248000e+02 8.808850e-02 2.868289e-01 1.998295e+00 1.123950e+04 1.482162e+04 1.223264e+02 1.500000e+04 1.111427e+04 -2.818395e-03     0 -2.617994e-01 3.520898e+01 7.863480e+01 3.114579e-01 1.014091e-02 
2.249000e+02 9.109392e-02 2.852798e-01 2.001696e+00 1.123635e+04 1.482882e+04 1.221288e+02 1.500000e+04 1.111427e+04 -2.335349e-03     0 -2.617994e-01 3.495467e+01 7.862094e+01 3.114655e-01 1.086494e-02 
  225 9.416921e-02 2.837015e-01 2.005171e+00 1.123317e+04 1.483601e+04 1.219189e+02 1.500000e+04 1.110527e+04 -1.682499e-03     0 -2.617994e-01 3.470238e+01 7.861059e+01 3.114646e-01 1.163810e-02 
2.251000e+02 9.736966e-02 2.820940e-01 2.008749e+00 1.122998e+04 1.484319e+04 1.216964e+02 1.500000e+04 1.110527e+04 -6.046729e-03     0 -2.617994e-01 3.444835e+01 7.860379e+01 3.114546e-01 1.244956e-02 
2.252000e+02 1.010861e-01 2.804592e-01 2.012445e+00 1.122676e+04 1.485036e+04 1.214610e+02 1.500000e+04 1.110527e+04 -7.122453e-03     0 -2.617994e-01 3.419661e+01 7.860061e+01 3.114307e-01 1.341667e-02 
2.253000e+02 1.052821e-01 2.788004e-01 2.016253e+00 1.122351e+04 1.485751e+04 1.212127e+02 1.500000e+04 1.110527e+04 -6.902217e-03     0 -2.617994e-01 3.394713e+01 7.860109e+01 3.113929e-01 1.455031e-02 
2.254000e+02 1.097460e-01 2.771199e-01 2.020186e+00 1.122024e+04 1.486465e+04 1.209513e+02 1.500000e+04 1.110527e+04 -6.147850e-03     0 -2.617994e-01 3.369990e+01 7.860530e+01 3.113437e-01 1.578505e-02 
2.255000e+02 1.142803e-01 2.754172e-01 2.024278e+00 1.121694e+04 1.487178e+04 1.206766e+02 1.500000e+04 1.109628e+04 -5.173013e-03     0 -2.617994e-01 3.345490e+01 7.861326e+01 3.112859e-01 1.703074e-02 
2.256000e+02 1.189758e-01 2.736897e-01 2.028578e+00 1.121361e+04 1.487890e+04 1.203884e+02 1.500000e+04 1.109628e+04 -1.108647e-02     0 -2.617994e-01 3.320846e+01 7.862502e+01 3.112181e-01 1.826954e-02 
2.257000e+02 1.243826e-01 2.719373e-01 2.033106e+00 1.121025e+04 1.488600e+04 1.200866e+02 1.500000e+04 1.109628e+04 -1.249189e-02     0 -2.617994e-01 3.296450e+01 7.864061e+01 3.111306e-01 1.966416e-02 
2.258000e+02 1.304619e-01 2.701637e-01 2.037856e+00 1.120686e+04 1.489309e+04 1.197711e+02 1.500000e+04 1.109628e+04 -1.211870e-02     0 -2.617994e-01 3.272301e+01 7.866005e+01 3.110236e-01 2.123484e-02 
2.259000e+02 1.369297e-01 2.683703e-01 2.042840e+00 1.120344e+04 1.490017e+04 1.194416e+02 1.500000e+04 1.109628e+04 -1.100924e-02     0 -2.617994e-01 3.248398e+01 7.868340e+01 3.109020e-01 2.289947e-02 
  226 1.435171e-01 2.665540e-01 2.048099e+00 1.119998e+04 1.490723e+04 1.190981e+02 1.529256e+04 1.088136e+04 -9.592196e-03     0 -2.617994e-01 3.224739e+01 7.871069e+01 3.107712e-01 2.454323e-02 
2.261000e+02 1.497667e-01 2.647078e-01 2.053692e+00 1.119648e+04 1.491427e+04 1.187404e+02 1.529256e+04 1.088136e+04 2.740389e-04     0 -2.617994e-01 3.207107e+01 7.874215e+01 3.106415e-01 2.596638e-02 
2.262000e+02 1.548266e-01 2.628172e-01 2.059716e+00 1.119295e+04 1.492130e+04 1.183684e+02 1.529256e+04 1.088136e+04 4.788948e-03     0 -2.617994e-01 3.189313e+01 7.877797e+01 3.105329e-01 2.678779e-02 
2.263000e+02 1.586770e-01 2.608615e-01 2.066288e+00 1.118938e+04 1.492832e+04 1.179820e+02 1.529256e+04 1.088136e+04 7.136725e-03     0 -2.617994e-01 3.171394e+01 7.881815e+01 3.104447e-01 2.684808e-02 
2.264000e+02 1.616728e-01 2.588275e-01 2.073470e+00 1.118577e+04 1.493531e+04 1.175812e+02 1.529256e+04 1.088136e+04 8.532889e-03     0 -2.617994e-01 3.153385e+01 7.886265e+01 3.103642e-01 2.616676e-02 
2.265000e+02 1.641942e-01 2.567136e-01 2.081253e+00 1.118211e+04 1.494229e+04 1.171663e+02 1.526625e+04 1.080126e+04 9.485943e-03     0 -2.617994e-01 3.135317e+01 7.891142e+01 3.102787e-01 2.485649e-02 
2.266000e+02 1.669767e-01 2.545300e-01 2.089566e+00 1.117842e+04 1.494925e+04 1.167372e+02 1.526625e+04 1.080126e+04 -3.207591e-03     0 -2.617994e-01 3.123000e+01 7.896460e+01 3.101697e-01 2.321472e-02 
2.267000e+02 1.714190e-01 2.523044e-01 2.098243e+00 1.117468e+04 1.495620e+04 1.162942e+02 1.526625e+04 1.080126e+04 -7.312521e-03     0 -2.617994e-01 3.110279e+01 7.902227e+01 3.100119e-01 2.187732e-02 
2.268000e+02 1.775793e-01 2.500783e-01 2.107049e+00 1.117090e+04 1.496312e+04 1.158372e+02 1.526625e+04 1.080126e+04 -7.963326e-03     0 -2.617994e-01 3.097216e+01 7.908434e+01 3.098148e-01 2.115705e-02 
2.269000e+02 1.849007e-01 2.478864e-01 2.115811e+00 1.116706e+04 1.497003e+04 1.153663e+02 1.526625e+04 1.080126e+04 -7.121485e-03     0 -2.617994e-01 3.083843e+01 7.915074e+01 3.095936e-01 2.110351e-02 
  227 1.927673e-01 2.457491e-01 2.124447e+00 1.116319e+04 1.497692e+04 1.148814e+02 1.516206e+04 1.069872e+04 -5.608167e-03     0 -2.617994e-01 3.070226e+01 7.922138e+01 3.093588e-01 2.163160e-02 
2.271000e+02 2.015427e-01 2.431992e-01 2.132860e+00 1.115925e+04 1.498378e+04 1.143826e+02 1.516206e+04 1.069872e+04 -3.058280e-02     0 -2.292328e-01 3.062212e+01 7.929591e+01 3.084990e-01 2.286724e-02 
2.272000e+02 2.131892e-01 2.382634e-01 2.140552e+00 1.115527e+04 1.499062e+04 1.138707e+02 1.516206e+04 1.069872e+04 -3.820389e-02     0 -2.243563e-01 3.053638e+01 7.937533e+01 3.051085e-01 2.553483e-02 
2.273000e+02 2.274637e-01 2.314214e-01 2.147454e+00 1.115123e+04 1.499744e+04 1.133427e+02 1.516206e+04 1.069872e+04 -3.898132e-02     0 -2.326799e-01 3.044575e+01 7.946318e+01 3.000492e-01 2.970856e-02 
2.274000e+02 2.432350e-01 2.244108e-01 2.153955e+00 1.114713e+04 1.500423e+04 1.127937e+02 1.516206e+04 1.069872e+04 -3.693839e-02     0 -2.418362e-01 3.035161e+01 7.956196e+01 2.951577e-01 3.502120e-02 
2.275000e+02 2.594359e-01 2.185387e-01 2.160575e+00 1.114297e+04 1.501099e+04 1.122192e+02 1.489640e+04 1.065628e+04 -3.372650e-02     0 -2.478883e-01 3.025511e+01 7.967247e+01 2.916640e-01 4.097117e-02 
2.276000e+02 2.759967e-01 2.132985e-01 2.167500e+00 1.113875e+04 1.501773e+04 1.116165e+02 1.489640e+04 1.065628e+04 -5.233925e-02     0 -2.044462e-01 3.021503e+01 7.979359e+01 2.886821e-01 4.727073e-02 
2.277000e+02 2.943673e-01 2.061164e-01 2.174219e+00 1.113446e+04 1.502444e+04 1.109848e+02 1.489640e+04 1.065628e+04 -5.655945e-02     0 -2.018692e-01 3.017031e+01 7.992642e+01 2.836967e-01 5.416133e-02 
2.278000e+02 3.143868e-01 1.975965e-01 2.181018e+00 1.113010e+04 1.503111e+04 1.103199e+02 1.489640e+04 1.065628e+04 -5.517313e-02     0 -2.130741e-01 3.012221e+01 8.007449e+01 2.777313e-01 6.143554e-02 
2.279000e+02 3.352707e-01 1.894884e-01 2.188660e+00 1.112566e+04 1.503775e+04 1.096159e+02 1.489640e+04 1.065628e+04 -5.153138e-02     0 -2.231965e-01 3.007136e+01 8.023988e+01 2.726965e-01 6.865515e-02 
  228 3.563049e-01 1.828860e-01 2.197855e+00 1.112115e+04 1.504435e+04 1.088681e+02 1.464696e+04 1.081770e+04 -4.699010e-02     0 -2.306107e-01 3.001946e+01 8.042280e+01 2.696747e-01 7.538001e-02 
2.281000e+02 3.769463e-01 1.770662e-01 2.208702e+00 1.111655e+04 1.505092e+04 1.080741e+02 1.464696e+04 1.081770e+04 -4.213803e-02     0 -1.892113e-01 3.002541e+01 8.062157e+01 2.676236e-01 8.123208e-02 
2.282000e+02 3.967684e-01 1.693175e-01 2.220425e+00 1.111187e+04 1.505744e+04 1.072338e+02 1.464696e+04 1.081770e+04 -3.726697e-02     0 -1.888523e-01 3.002796e+01 8.083695e+01 2.639786e-01 8.587020e-02 
2.283000e+02 4.157581e-01 1.600793e-01 2.233379e+00 1.110711e+04 1.506392e+04 1.063438e+02 1.464696e+04 1.081770e+04 -3.251180e-02     0 -2.026575e-01 3.002832e+01 8.107211e+01 2.597167e-01 8.905371e-02 
2.284000e+02 4.340980e-01 1.510081e-01 2.248404e+00 1.110225e+04 1.507036e+04 1.053998e+02 1.464696e+04 1.081770e+04 -2.790182e-02     0 -2.170137e-01 3.002782e+01 8.132869e+01 2.567186e-01 9.070479e-02 
2.285000e+02 4.519749e-01 1.432473e-01 2.266096e+00 1.109729e+04 1.507675e+04 1.043985e+02 1.459141e+04 1.097709e+04 -2.341702e-02     0 -2.281620e-01 3.002765e+01 8.160634e+01 2.560654e-01 9.088635e-02 
2.286000e+02 4.694487e-01 1.361603e-01 2.286137e+00 1.109223e+04 1.508308e+04 1.033394e+02 1.459141e+04 1.097709e+04 -1.902990e-02     0 -1.902269e-01 3.008654e+01 8.190260e+01 2.565968e-01 8.974882e-02 
2.287000e+02 4.863961e-01 1.271625e-01 2.307087e+00 1.108707e+04 1.508936e+04 1.022242e+02 1.459141e+04 1.097709e+04 -1.474182e-02     0 -1.934483e-01 3.014309e+01 8.221746e+01 2.555729e-01 8.744904e-02 
2.288000e+02 5.028641e-01 1.168292e-01 2.328993e+00 1.108180e+04 1.509558e+04 1.010514e+02 1.459141e+04 1.097709e+04 -1.055898e-02     0 -2.106695e-01 3.019840e+01 8.255329e+01 2.539440e-01 8.416735e-02 
2.289000e+02 5.189325e-01 1.069319e-01 2.352555e+00 1.107641e+04 1.510174e+04 9.981844e+01 1.459141e+04 1.097709e+04 -6.471964e-03     0 -2.279962e-01 3.025366e+01 8.291075e+01 2.535975e-01 8.014128e-02 
  229 5.346055e-01 9.868812e-02 2.378231e+00 1.107091e+04 1.510783e+04 9.852395e+01 1.460789e+04 1.106338e+04 -2.472249e-03     0 -2.416488e-01 3.030992e+01 8.328829e+01 2.555714e-01 7.564038e-02 
2.291000e+02 5.497591e-01 9.150595e-02 2.405444e+00 1.106528e+04 1.511385e+04 9.716930e+01 1.460789e+04 1.106338e+04 1.433028e-03     0 -2.060282e-01 3.042578e+01 8.368228e+01 2.585736e-01 7.092062e-02 
2.292000e+02 5.641271e-01 8.286317e-02 2.432395e+00 1.105953e+04 1.511978e+04 9.575775e+01 1.460789e+04 1.106338e+04 5.204898e-03     0 -2.116394e-01 3.053971e+01 8.409190e+01 2.597169e-01 6.615774e-02 
2.293000e+02 5.776100e-01 7.340620e-02 2.459191e+00 1.105364e+04 1.512563e+04 9.428952e+01 1.460789e+04 1.106338e+04 8.800523e-03     0 -2.308599e-01 3.065268e+01 8.451886e+01 2.600125e-01 6.147774e-02 
2.294000e+02 5.901739e-01 6.492861e-02 2.486763e+00 1.104761e+04 1.513139e+04 9.276360e+01 1.460789e+04 1.106338e+04 1.219537e-02     0 -2.494812e-01 3.076576e+01 8.496304e+01 2.614294e-01 5.700394e-02 
2.295000e+02 6.017774e-01 5.859440e-02 2.515738e+00 1.104145e+04 1.513705e+04 9.118026e+01 1.464171e+04 1.110954e+04 1.537406e-02     0 -2.617994e-01 3.088030e+01 8.542206e+01 2.649916e-01 5.284882e-02 
2.296000e+02 6.123382e-01 5.372682e-02 2.545552e+00 1.103514e+04 1.514261e+04 8.954257e+01 1.464171e+04 1.110954e+04 1.832124e-02     0 -2.297262e-01 3.105497e+01 8.589163e+01 2.693136e-01 4.908818e-02 
2.297000e+02 6.217128e-01 4.778219e-02 2.574324e+00 1.102868e+04 1.514805e+04 8.785549e+01 1.464171e+04 1.110954e+04 2.101053e-02     0 -2.356287e-01 3.122676e+01 8.637057e+01 2.714311e-01 4.572495e-02 
2.298000e+02 6.298845e-01 4.133747e-02 2.602352e+00 1.102206e+04 1.515337e+04 8.612088e+01 1.464171e+04 1.110954e+04 2.342016e-02     0 -2.551318e-01 3.139730e+01 8.686046e+01 2.724185e-01 4.272730e-02 
2.299000e+02 6.369044e-01 3.604080e-02 2.630778e+00 1.101530e+04 1.515856e+04 8.433939e+01 1.464171e+04 1.110954e+04 2.554629e-02     0 -2.617994e-01 3.156726e+01 8.736073e+01 2.742166e-01 4.007115e-02 
  230 6.428172e-01 3.207539e-02 2.659727e+00 1.100838e+04 1.516361e+04 8.251334e+01 1.467997e+04 1.113523e+04 2.739474e-02     0 -2.617994e-01 3.173741e+01 8.786863e+01 2.767661e-01 3.773239e-02 
2.301000e+02 6.476730e-01 2.887822e-02 2.688784e+00 1.100130e+04 1.516852e+04 8.064636e+01 1.467997e+04 1.113523e+04 2.897469e-02     0 -2.589181e-01 3.196606e+01 8.838226e+01 2.793105e-01 3.567407e-02 
2.302000e+02 6.515343e-01 2.585270e-02 2.717507e+00 1.099407e+04 1.517328e+04 7.874243e+01 1.467997e+04 1.113523e+04 3.029830e-02     0 -2.614853e-01 3.219198e+01 8.890030e+01 2.811286e-01 3.385231e-02 
2.303000e+02 6.544798e-01 2.294650e-02 2.745862e+00 1.098668e+04 1.517788e+04 7.680498e+01 1.467997e+04 1.113523e+04 3.138068e-02     0 -2.617994e-01 3.241516e+01 8.942220e+01 2.823032e-01 3.222393e-02 
2.304000e+02 6.565969e-01 2.021249e-02 2.773901e+00 1.097914e+04 1.518231e+04 7.483717e+01 1.467997e+04 1.113523e+04 3.224054e-02     0 -2.617994e-01 3.263666e+01 8.994704e+01 2.829331e-01 3.075319e-02 
2.305000e+02 6.579741e-01 1.763040e-02 2.801621e+00 1.097144e+04 1.518656e+04 7.284205e+01 1.471914e+04 1.114897e+04 3.289810e-02     0 -2.617994e-01 3.285724e+01 9.047407e+01 2.830605e-01 2.941165e-02 
2.306000e+02 6.586997e-01 1.524028e-02 2.829065e+00 1.096358e+04 1.519063e+04 7.082248e+01 1.471914e+04 1.114897e+04 3.337432e-02     0 -2.617994e-01 3.313527e+01 9.100280e+01 2.827935e-01 2.817843e-02 
2.307000e+02 6.588600e-01 1.311318e-02 2.856295e+00 1.095558e+04 1.519452e+04 6.878121e+01 1.471914e+04 1.114897e+04 3.369024e-02     0 -2.617994e-01 3.340931e+01 9.153266e+01 2.822641e-01 2.703963e-02 
2.308000e+02 6.585370e-01 1.132806e-02 2.883378e+00 1.094743e+04 1.519821e+04 6.672096e+01 1.471914e+04 1.114897e+04 3.386645e-02     0 -2.617994e-01 3.368017e+01 9.206280e+01 2.815991e-01 2.598723e-02 
2.309000e+02 6.578068e-01 9.955938e-03 2.910373e+00 1.093914e+04 1.520170e+04 6.464450e+01 1.471914e+04 1.114897e+04 3.392256e-02     0 -2.617994e-01 3.394854e+01 9.259227e+01 2.809015e-01 2.501752e-02 
  231 6.567396e-01 9.050865e-03 2.937323e+00 1.093071e+04 1.520499e+04 6.255475e+01 1.475785e+04 1.115447e+04 3.387691e-02     0 -2.617994e-01 3.421502e+01 9.312004e+01 2.802430e-01 2.412952e-02 
2.311000e+02 6.553983e-01 8.646782e-03 2.964254e+00 1.092215e+04 1.520807e+04 6.045477e+01 1.475785e+04 1.115447e+04 3.374637e-02     0 -2.617994e-01 3.453795e+01 9.364517e+01 2.796637e-01 2.332357e-02 
2.312000e+02 6.538392e-01 8.758520e-03 2.991177e+00 1.091346e+04 1.521093e+04 5.834782e+01 1.475785e+04 1.115447e+04 3.354624e-02     0 -2.617994e-01 3.485581e+01 9.416664e+01 2.791781e-01 2.260013e-02 
2.313000e+02 6.521122e-01 9.385143e-03 3.018092e+00 1.090464e+04 1.521357e+04 5.623732e+01 1.475785e+04 1.115447e+04 3.329021e-02     0 -2.617994e-01 3.516934e+01 9.468324e+01 2.787829e-01 2.195900e-02 
2.314000e+02 6.502609e-01 1.051421e-02 3.044986e+00 1.089571e+04 1.521598e+04 5.412685e+01 1.475785e+04 1.115447e+04 3.299044e-02     0 -2.617994e-01 3.547912e+01 9.519372e+01 2.784642e-01 2.139869e-02 
2.315000e+02 6.483236e-01 1.212604e-02 3.071837e+00 1.088666e+04 1.521816e+04 5.202014e+01 1.479529e+04 1.115345e+04 3.265766e-02     0 -2.617994e-01 3.578564e+01 9.569685e+01 2.782036e-01 2.091612e-02 
2.316000e+02 6.463339e-01 1.419728e-02 3.098577e+00 1.087750e+04 1.522011e+04 4.992098e+01 1.479529e+04 1.115345e+04 3.230133e-02     0 -2.617994e-01 3.614712e+01 9.619165e+01 2.779825e-01 2.050650e-02 
2.317000e+02 6.443217e-01 1.670360e-02 3.124767e+00 1.086824e+04 1.522181e+04 4.783325e+01 1.479529e+04 1.115345e+04 3.192982e-02     0 -2.617994e-01 3.650198e+01 9.667711e+01 2.777853e-01 2.016349e-02 
2.318000e+02 6.423133e-01 1.962132e-02 -3.128937e+00 1.085889e+04 1.522327e+04 4.576084e+01 1.479529e+04 1.115345e+04 3.155053e-02     0 -2.617994e-01 3.685085e+01 9.715211e+01 2.776016e-01 1.987963e-02 
2.319000e+02 6.403325e-01 2.292806e-02 -3.103156e+00 1.084944e+04 1.522448e+04 4.370766e+01 1.479529e+04 1.115345e+04 3.117011e-02     0 -2.617994e-01 3.719426e+01 9.761555e+01 2.774253e-01 1.964669e-02 
  232 6.384008e-01 2.660288e-02 -3.076545e+00 1.083992e+04 1.522544e+04 4.167758e+01 1.483080e+04 1.114694e+04 3.079453e-02     0 -2.617994e-01 3.753263e+01 9.806637e+01 2.772538e-01 1.945614e-02 
2.321000e+02 6.365377e-01 3.062606e-02 -3.049836e+00 1.083032e+04 1.522614e+04 3.967446e+01 1.483080e+04 1.114694e+04 3.042923e-02     0 -2.617994e-01 3.792416e+01 9.850377e+01 2.770864e-01 1.929953e-02 
2.322000e+02 6.347608e-01 3.497884e-02 -3.023098e+00 1.082066e+04 1.522658e+04 3.770208e+01 1.483080e+04 1.114694e+04 3.007911e-02     0 -2.617994e-01 3.830722e+01 9.892696e+01 2.769238e-01 1.916883e-02 
2.323000e+02 6.330854e-01 3.964314e-02 -2.996344e+00 1.081094e+04 1.522676e+04 3.576416e+01 1.483080e+04 1.114694e+04 2.974860e-02     0 -2.617994e-01 3.868242e+01 9.933500e+01 2.767682e-01 1.905681e-02 
2.324000e+02 6.315251e-01 4.460113e-02 -2.969575e+00 1.080117e+04 1.522667e+04 3.386434e+01 1.483080e+04 1.114694e+04 2.944163e-02     0 -2.617994e-01 3.905028e+01 9.972701e+01 2.766214e-01 1.895720e-02 
2.325000e+02 6.300912e-01 4.983511e-02 -2.942787e+00 1.079136e+04 1.522631e+04 3.200615e+01 1.486377e+04 1.113570e+04 2.916164e-02     0 -2.617994e-01 3.941123e+01 1.001022e+02 2.764850e-01 1.886477e-02 
2.326000e+02 6.287594e-01 5.454439e-02 -2.916547e+00 1.078152e+04 1.522568e+04 3.019349e+01 1.486377e+04 1.113570e+04 2.890995e-02     0 -2.263037e-01 3.982319e+01 1.004591e+02 2.752380e-01 1.877578e-02 
2.327000e+02 6.273853e-01 5.619278e-02 -2.892700e+00 1.077165e+04 1.522478e+04 2.842988e+01 1.486377e+04 1.113570e+04 2.867088e-02     0 -2.248088e-01 4.022469e+01 1.008007e+02 2.702136e-01 1.869043e-02 
2.328000e+02 6.259623e-01 5.616384e-02 -2.870235e+00 1.076177e+04 1.522361e+04 2.671297e+01 1.486377e+04 1.113570e+04 2.842613e-02     0 -2.344552e-01 4.061640e+01 1.011330e+02 2.637682e-01 1.860845e-02 
2.329000e+02 6.245725e-01 5.690597e-02 -2.847366e+00 1.075189e+04 1.522217e+04 2.503808e+01 1.486377e+04 1.113570e+04 2.817783e-02     0 -2.403779e-01 4.100065e+01 1.014576e+02 2.588587e-01 1.852444e-02 
  233 6.232842e-01 5.948458e-02 -2.823312e+00 1.074200e+04 1.522047e+04 2.340257e+01 1.489368e+04 1.112043e+04 2.793927e-02     0 -2.401469e-01 4.137797e+01 1.017725e+02 2.564142e-01 1.843173e-02 
2.331000e+02 6.220679e-01 6.229381e-02 -2.799210e+00 1.073213e+04 1.521851e+04 2.180769e+01 1.489368e+04 1.112043e+04 2.771957e-02     0 -1.928952e-01 4.180679e+01 1.020739e+02 2.539259e-01 1.832796e-02 
2.332000e+02 6.207404e-01 6.181043e-02 -2.777604e+00 1.072227e+04 1.521629e+04 2.025550e+01 1.489368e+04 1.112043e+04 2.749990e-02     0 -1.912891e-01 4.222531e+01 1.023651e+02 2.476151e-01 1.821996e-02 
2.333000e+02 6.193284e-01 5.966253e-02 -2.757325e+00 1.071244e+04 1.521381e+04 1.874137e+01 1.489368e+04 1.112043e+04 2.726189e-02     0 -2.017734e-01 4.263463e+01 1.026530e+02 2.401408e-01 1.811449e-02 
2.334000e+02 6.179400e-01 5.857324e-02 -2.736425e+00 1.070264e+04 1.521108e+04 1.725853e+01 1.489368e+04 1.112043e+04 2.701280e-02     0 -2.076499e-01 4.303711e+01 1.029392e+02 2.347074e-01 1.801069e-02 
2.335000e+02 6.166459e-01 5.962062e-02 -2.714129e+00 1.069288e+04 1.520811e+04 1.580308e+01 1.492016e+04 1.110164e+04 2.676959e-02     0 -2.073809e-01 4.343353e+01 1.032210e+02 2.321661e-01 1.790439e-02 
2.336000e+02 6.154111e-01 6.106204e-02 -2.691663e+00 1.068316e+04 1.520490e+04 1.437564e+01 1.492016e+04 1.110164e+04 2.654214e-02     0 -1.606137e-01 4.388240e+01 1.034943e+02 2.297956e-01 1.779473e-02 
2.337000e+02 6.140566e-01 5.925697e-02 -2.671620e+00 1.067350e+04 1.520144e+04 1.297793e+01 1.492016e+04 1.110164e+04 2.631174e-02     0 -1.602075e-01 4.432201e+01 1.037624e+02 2.236885e-01 1.769001e-02 
2.338000e+02 6.126194e-01 5.595048e-02 -2.652769e+00 1.066388e+04 1.519774e+04 1.160484e+01 1.492016e+04 1.110164e+04 2.606156e-02     0 -1.718946e-01 4.475357e+01 1.040322e+02 2.166257e-01 1.759707e-02 
2.339000e+02 6.112063e-01 5.395076e-02 -2.633127e+00 1.065433e+04 1.519382e+04 1.024941e+01 1.492016e+04 1.110164e+04 2.580003e-02     0 -1.782748e-01 4.517914e+01 1.043047e+02 2.118545e-01 1.751334e-02 
  234 6.098801e-01 5.426713e-02 -2.611980e+00 1.064484e+04 1.518967e+04 8.908019e+00 1.494303e+04 1.107978e+04 2.554361e-02     0 -1.787137e-01 4.559967e+01 1.045768e+02 2.100986e-01 1.743212e-02 
2.341000e+02 6.086083e-01 5.503171e-02 -2.590626e+00 1.063542e+04 1.518530e+04 7.581840e+00 1.494303e+04 1.107978e+04 2.530142e-02     0 -1.331388e-01 4.607364e+01 1.048440e+02 2.084835e-01 1.735031e-02 
2.342000e+02 6.072281e-01 5.252646e-02 -2.571671e+00 1.062607e+04 1.518070e+04 6.273179e+00 1.494303e+04 1.107978e+04 2.505648e-02     0 -1.344055e-01 4.653932e+01 1.051095e+02 2.030525e-01 1.727463e-02 
2.343000e+02 6.057787e-01 4.863526e-02 -2.553803e+00 1.061680e+04 1.517589e+04 4.977211e+00 1.494303e+04 1.107978e+04 2.479402e-02     0 -1.475199e-01 4.699797e+01 1.053801e+02 1.967521e-01 1.721020e-02 
2.344000e+02 6.043565e-01 4.625328e-02 -2.535008e+00 1.060761e+04 1.517086e+04 3.687404e+00 1.494303e+04 1.107978e+04 2.452227e-02     0 -1.546451e-01 4.745133e+01 1.056564e+02 1.928887e-01 1.715241e-02 
2.345000e+02 6.030171e-01 4.632528e-02 -2.514625e+00 1.059851e+04 1.516563e+04 2.400881e+00 1.496217e+04 1.105524e+04 2.425608e-02     0 -1.559001e-01 4.790045e+01 1.059349e+02 1.920781e-01 1.709308e-02 
2.346000e+02 6.017355e-01 4.686144e-02 -2.494020e+00 1.058949e+04 1.516020e+04 1.119803e+00 1.496217e+04 1.105524e+04 2.400400e-02     0 -1.115209e-01 4.840375e+01 1.062105e+02 1.913081e-01 1.702854e-02 
2.347000e+02 6.003700e-01 4.406804e-02 -2.475809e+00 1.058057e+04 1.515456e+04     0 1.496217e+04 1.105524e+04 2.375181e-02     0 -1.143631e-01 4.888646e+01 1.064866e+02 1.865846e-01 1.696559e-02 
2.348000e+02 5.989545e-01 3.996906e-02 -2.458605e+00 1.057174e+04 1.514871e+04     0 1.496217e+04 1.105524e+04 2.348675e-02     0 -1.285646e-01 4.924891e+01 1.067692e+02 1.810260e-01 1.690942e-02 
2.349000e+02 5.975689e-01 3.752664e-02 -2.440379e+00 1.056300e+04 1.514268e+04     0 1.496217e+04 1.105524e+04 2.321562e-02     0 -1.360756e-01 4.960593e+01 1.070585e+02 1.779806e-01 1.685568e-02 
  235 5.962597e-01 3.760389e-02 -2.420537e+00 1.055437e+04 1.513645e+04     0 1.497750e+04 1.102843e+04 2.295067e-02     0 -1.377121e-01 4.995824e+01 1.073503e+02 1.779469e-01 1.679698e-02 
2.351000e+02 5.950102e-01 3.808071e-02 -2.400514e+00 1.054584e+04 1.513004e+04     0 1.497750e+04 1.102843e+04 2.269950e-02     0 -9.408876e-02 5.036413e+01 1.076394e+02 1.777775e-01 1.673088e-02 
2.352000e+02 5.936993e-01 3.509398e-02 -2.382937e+00 1.053742e+04 1.512343e+04     0 1.497750e+04 1.102843e+04 2.245052e-02     0 -9.802297e-02 5.076209e+01 1.079292e+02 1.734597e-01 1.666501e-02 
2.353000e+02 5.923513e-01 3.082996e-02 -2.366329e+00 1.052911e+04 1.511664e+04     0 1.497750e+04 1.102843e+04 2.219255e-02     0 -1.131051e-01 5.115287e+01 1.082268e+02 1.683147e-01 1.660473e-02 
2.354000e+02 5.910283e-01 2.836688e-02 -2.348612e+00 1.052091e+04 1.510967e+04     0 1.497750e+04 1.102843e+04 2.193025e-02     0 -1.210925e-01 5.153717e+01 1.085321e+02 1.657932e-01 1.654582e-02 
2.355000e+02 5.897700e-01 2.853937e-02 -2.329224e+00 1.051282e+04 1.510252e+04     0 1.498894e+04 1.099975e+04 2.167325e-02     0 -1.231417e-01 5.191560e+01 1.088405e+02 1.663311e-01 1.648142e-02 
2.356000e+02 5.885714e-01 2.910785e-02 -2.309658e+00 1.050485e+04 1.509520e+04     0 1.498894e+04 1.099975e+04 2.142858e-02     0 -8.023158e-02 5.234654e+01 1.091465e+02 1.666448e-01 1.640972e-02 
2.357000e+02 5.873336e-01 2.612679e-02 -2.292561e+00 1.049701e+04 1.508770e+04     0 1.498894e+04 1.099975e+04 2.118797e-02     0 -8.521610e-02 5.276860e+01 1.094537e+02 1.626777e-01 1.633836e-02 
2.358000e+02 5.860697e-01 2.193475e-02 -2.276372e+00 1.048928e+04 1.508003e+04     0 1.498894e+04 1.099975e+04 2.094186e-02     0 -1.009780e-01 5.318262e+01 1.097693e+02 1.579349e-01 1.627227e-02 
2.359000e+02 5.848238e-01 1.969370e-02 -2.258990e+00 1.048168e+04 1.507220e+04     0 1.498894e+04 1.099975e+04 2.069273e-02     0 -1.091658e-01 5.358936e+01 1.100928e+02 1.559265e-01 1.620729e-02 
  236 5.836306e-01 2.017175e-02 -2.239902e+00 1.047421e+04 1.506420e+04     0 1.499641e+04 1.096959e+04 2.044767e-02     0 -1.113911e-01 5.398953e+01 1.104192e+02 1.569852e-01 1.613708e-02 
2.361000e+02 5.824975e-01 2.099219e-02 -2.220675e+00 1.046686e+04 1.505604e+04     0 1.499641e+04 1.096959e+04 2.021345e-02     0 -6.903217e-02 5.444157e+01 1.107427e+02 1.576793e-01 1.606042e-02 
2.362000e+02 5.813451e-01 1.813484e-02 -2.203967e+00 1.045965e+04 1.504772e+04     0 1.499641e+04 1.096959e+04 1.998497e-02     0 -7.490822e-02 5.488414e+01 1.110674e+02 1.539262e-01 1.598473e-02 
2.363000e+02 5.801747e-01 1.411364e-02 -2.188124e+00 1.045257e+04 1.503924e+04     0 1.499641e+04 1.096959e+04 1.975400e-02     0 -9.114164e-02 5.531815e+01 1.114004e+02 1.494442e-01 1.591437e-02 
2.364000e+02 5.790145e-01 1.218067e-02 -2.171011e+00 1.044563e+04 1.503061e+04     0 1.499641e+04 1.096959e+04 1.952084e-02     0 -9.933455e-02 5.574442e+01 1.117410e+02 1.478101e-01 1.584511e-02 
2.365000e+02 5.778962e-01 1.303343e-02 -2.152170e+00 1.043883e+04 1.502182e+04     0 1.499982e+04 1.093835e+04 1.929044e-02     0 -1.015303e-01 5.616367e+01 1.120840e+02 1.492491e-01 1.577103e-02 
2.366000e+02 5.768385e-01 1.415091e-02 -2.133242e+00 1.043217e+04 1.501289e+04     0 1.499982e+04 1.093835e+04 1.906953e-02     0 -5.954461e-02 5.663441e+01 1.124232e+02 1.501746e-01 1.569138e-02 
2.367000e+02 5.757782e-01 1.144200e-02 -2.116897e+00 1.042565e+04 1.500381e+04     0 1.499982e+04 1.093835e+04 1.885578e-02     0 -6.614222e-02 5.709533e+01 1.127630e+02 1.464846e-01 1.561322e-02 
2.368000e+02 5.747058e-01 7.612087e-03 -2.101377e+00 1.041929e+04 1.499458e+04     0 1.499982e+04 1.093835e+04 1.864198e-02     0 -8.265293e-02 5.754737e+01 1.131110e+02 1.421280e-01 1.554027e-02 
2.369000e+02 5.736358e-01 6.004035e-03 -2.084513e+00 1.041306e+04 1.498521e+04     0 1.499982e+04 1.093835e+04 1.842648e-02     0 -9.067365e-02 5.799137e+01 1.134662e+02 1.407469e-01 1.546822e-02 
  237 5.725981e-01 7.236512e-03 -2.065904e+00 1.040699e+04 1.497570e+04     0 1.499911e+04 1.090644e+04 1.821244e-02     0 -9.268233e-02 5.842811e+01 1.138228e+02 1.424480e-01 1.539158e-02 
2.371000e+02 5.716221e-01 8.637956e-03 -2.047269e+00 1.040107e+04 1.496606e+04     0 1.499911e+04 1.090644e+04 1.800674e-02     0 -5.095094e-02 5.891608e+01 1.141746e+02 1.434836e-01 1.531006e-02 
2.372000e+02 5.706567e-01 6.052764e-03 -2.031289e+00 1.039531e+04 1.495628e+04     0 1.499911e+04 1.090644e+04 1.780939e-02     0 -5.816190e-02 5.939403e+01 1.145266e+02 1.397408e-01 1.523034e-02 
2.373000e+02 5.696826e-01 2.393823e-03 -2.016091e+00 1.038970e+04 1.494636e+04     0 1.499911e+04 1.090644e+04 1.761383e-02     0 -7.481412e-02 5.986291e+01 1.148865e+02 1.354155e-01 1.515557e-02 
2.374000e+02 5.687033e-01 1.092735e-03 -1.999475e+00 1.038425e+04 1.493632e+04     0 1.499911e+04 1.090644e+04 1.741670e-02     0 -8.253159e-02 6.032358e+01 1.152531e+02 1.342085e-01 1.508141e-02 
2.375000e+02 5.677485e-01 2.678067e-03 -1.981100e+00 1.037896e+04 1.492616e+04     0 1.499422e+04 1.087431e+04 1.721981e-02     0 -8.425674e-02 6.077681e+01 1.156203e+02 1.360946e-01 1.500285e-02 
2.376000e+02 5.668524e-01 4.339600e-03 -1.962756e+00 1.037384e+04 1.491587e+04     0 1.499422e+04 1.087431e+04 1.703001e-02     0 -4.241489e-02 6.128115e+01 1.159817e+02 1.371820e-01 1.492001e-02 
2.377000e+02 5.659808e-01 1.835090e-03 -1.947150e+00 1.036888e+04 1.490545e+04     0 1.499422e+04 1.087431e+04 1.684930e-02     0 -5.037883e-02 6.177534e+01 1.163427e+02 1.333112e-01 1.483924e-02 
2.378000e+02 5.651019e-01 -1.706328e-03 -1.932293e+00 1.036409e+04 1.489492e+04     0 1.499422e+04 1.087431e+04 1.667196e-02     0 -6.707655e-02 6.226033e+01 1.167116e+02 1.289433e-01 1.476325e-02 
2.379000e+02 5.642103e-01 -2.763785e-03 -1.915947e+00 1.035946e+04 1.488427e+04     0 1.499422e+04 1.087431e+04 1.649303e-02     0 -7.480743e-02 6.273700e+01 1.170868e+02 1.278360e-01 1.468771e-02 
  238 5.633360e-01 -8.722505e-04 -1.897818e+00 1.035501e+04 1.487351e+04     0 1.498513e+04 1.084239e+04 1.631303e-02     0 -7.610552e-02 6.320615e+01 1.174618e+02 1.298671e-01 1.460800e-02 
2.381000e+02 5.625206e-01 1.010239e-03 -1.879771e+00 1.035072e+04 1.486265e+04     0 1.498513e+04 1.084239e+04 1.613919e-02     0 -3.422488e-02 6.372631e+01 1.178302e+02 1.309748e-01 1.452451e-02 
2.382000e+02 5.617374e-01 -1.453984e-03 -1.864546e+00 1.034661e+04 1.485167e+04     0 1.498513e+04 1.084239e+04 1.597506e-02     0 -4.273759e-02 6.423624e+01 1.181978e+02 1.269527e-01 1.444333e-02 
2.383000e+02 5.609468e-01 -4.901271e-03 -1.850025e+00 1.034268e+04 1.484059e+04     0 1.498513e+04 1.084239e+04 1.581518e-02     0 -5.955273e-02 6.473691e+01 1.185733e+02 1.225421e-01 1.436674e-02 
2.384000e+02 5.601366e-01 -5.712475e-03 -1.833931e+00 1.033893e+04 1.482940e+04     0 1.498513e+04 1.084239e+04 1.565332e-02     0 -6.677250e-02 6.522919e+01 1.189548e+02 1.215633e-01 1.429042e-02 
2.385000e+02 5.593381e-01 -3.545728e-03 -1.816048e+00 1.033534e+04 1.481813e+04     0 1.497183e+04 1.081113e+04 1.548929e-02     0 -6.776817e-02 6.571390e+01 1.193354e+02 1.237225e-01 1.421010e-02 
2.386000e+02 5.585985e-01 -1.515598e-03 -1.798323e+00 1.033194e+04 1.480675e+04     0 1.497183e+04 1.081113e+04 1.533060e-02     0 -2.606689e-02 6.624956e+01 1.197086e+02 1.247948e-01 1.412651e-02 
2.387000e+02 5.578961e-01 -3.999594e-03 -1.783496e+00 1.032873e+04 1.479528e+04     0 1.497183e+04 1.081113e+04 1.518201e-02     0 -3.518734e-02 6.677494e+01 1.200809e+02 1.205914e-01 1.404549e-02 
2.388000e+02 5.571850e-01 -7.381333e-03 -1.769312e+00 1.032570e+04 1.478372e+04     0 1.497183e+04 1.081113e+04 1.503812e-02     0 -5.205025e-02 6.729102e+01 1.204614e+02 1.161466e-01 1.396891e-02 
2.389000e+02 5.564479e-01 -7.964032e-03 -1.753462e+00 1.032285e+04 1.477208e+04     0 1.497183e+04 1.081113e+04 1.489171e-02     0 -5.870944e-02 6.779868e+01 1.208476e+02 1.153141e-01 1.389245e-02 
  239 5.557183e-01 -5.552895e-03 -1.735824e+00 1.032018e+04 1.476035e+04     0 1.495438e+04 1.078099e+04 1.474211e-02     0 -5.922580e-02 6.829871e+01 1.212323e+02 1.176015e-01 1.381214e-02 
2.391000e+02 5.550468e-01 -3.436047e-03 -1.718439e+00 1.031770e+04 1.474854e+04     0 1.495438e+04 1.078099e+04 1.459710e-02     0 -1.774530e-02 6.884968e+01 1.216089e+02 1.186065e-01 1.372901e-02 
2.392000e+02 5.544164e-01 -6.018317e-03 -1.704041e+00 1.031541e+04 1.473666e+04     0 1.495438e+04 1.078099e+04 1.446243e-02     0 -2.772786e-02 6.939034e+01 1.219847e+02 1.141793e-01 1.364871e-02 
2.393000e+02 5.537747e-01 -9.361134e-03 -1.690191e+00 1.031331e+04 1.472470e+04     0 1.495438e+04 1.078099e+04 1.433265e-02     0 -4.471802e-02 6.992166e+01 1.223691e+02 1.097233e-01 1.357276e-02 
2.394000e+02 5.531013e-01 -9.690959e-03 -1.674554e+00 1.031139e+04 1.471267e+04     0 1.495438e+04 1.078099e+04 1.419961e-02     0 -5.057718e-02 7.044454e+01 1.227592e+02 1.091090e-01 1.349674e-02 
2.395000e+02 5.524328e-01 -7.019662e-03 -1.657133e+00 1.030967e+04 1.470057e+04     0 1.493288e+04 1.075242e+04 1.406256e-02     0 -5.098302e-02 7.095979e+01 1.231469e+02 1.115730e-01 1.341696e-02 
2.396000e+02 5.518240e-01 -4.809648e-03 -1.640063e+00 1.030813e+04 1.468840e+04     0 1.493288e+04 1.075242e+04 1.392986e-02     0 -9.909007e-03 7.152594e+01 1.235260e+02 1.125471e-01 1.333476e-02 
2.397000e+02 5.512583e-01 -7.438913e-03 -1.626042e+00 1.030680e+04 1.467617e+04     0 1.493288e+04 1.075242e+04 1.380776e-02     0 -2.037805e-02 7.208176e+01 1.239044e+02 1.079742e-01 1.325569e-02 
2.398000e+02 5.506792e-01 -1.073888e-02 -1.612508e+00 1.030565e+04 1.466389e+04     0 1.493288e+04 1.075242e+04 1.369066e-02     0 -3.725865e-02 7.262824e+01 1.242918e+02 1.035162e-01 1.318097e-02 
2.399000e+02 5.500636e-01 -1.089712e-02 -1.597115e+00 1.030470e+04 1.465154e+04     0 1.493288e+04 1.075242e+04 1.356976e-02     0 -4.276804e-02 7.316625e+01 1.246847e+02 1.030376e-01 1.310613e-02 
  240 5.494505e-01 -8.060279e-03 -1.579953e+00 1.030394e+04 1.463915e+04     0 1.490747e+04 1.072585e+04 1.344409e-02     0 -4.263655e-02 7.369662e+01 1.250750e+02 1.056007e-01 1.302765e-02 
2.401000e+02 5.488987e-01 -5.849800e-03 -1.563236e+00 1.030338e+04 1.462670e+04     0 1.490747e+04 1.072585e+04 1.332252e-02     0 -2.369346e-03 7.427788e+01 1.254561e+02 1.064761e-01 1.294701e-02 
2.402000e+02 5.483885e-01 -8.554722e-03 -1.549593e+00 1.030302e+04 1.461421e+04     0 1.490747e+04 1.072585e+04 1.321154e-02     0 -1.323300e-02 7.484881e+01 1.258369e+02 1.017764e-01 1.286961e-02 
2.403000e+02 5.478623e-01 -1.178011e-02 -1.536338e+00 1.030285e+04 1.460167e+04     0 1.490747e+04 1.072585e+04 1.310527e-02     0 -2.934495e-02 7.541037e+01 1.262270e+02 9.739350e-02 1.279634e-02 
2.404000e+02 5.472964e-01 -1.176522e-02 -1.521174e+00 1.030288e+04 1.458910e+04     0 1.490747e+04 1.072585e+04 1.299453e-02     0 -3.480731e-02 7.596348e+01 1.266227e+02 9.707712e-02 1.272276e-02 
2.405000e+02 5.467316e-01 -8.756948e-03 -1.504249e+00 1.030310e+04 1.457648e+04     0 1.488065e+04 1.069994e+04 1.287853e-02     0 -3.505909e-02 7.650892e+01 1.270151e+02 9.977099e-02 1.264556e-02 
2.406000e+02 5.462269e-01 -6.456369e-03 -1.487813e+00 1.030352e+04 1.456383e+04     0 1.488065e+04 1.069994e+04 1.276630e-02     0 5.412058e-03 7.710525e+01 1.273980e+02 1.006684e-01 1.256642e-02 
2.407000e+02 5.457669e-01 -9.262058e-03 -1.474546e+00 1.030415e+04 1.455115e+04     0 1.488065e+04 1.069994e+04 1.266481e-02     0 -6.266882e-03 7.769123e+01 1.277808e+02 9.580552e-02 1.249072e-02 
2.408000e+02 5.452884e-01 -1.247533e-02 -1.461594e+00 1.030497e+04 1.453844e+04     0 1.488065e+04 1.069994e+04 1.256807e-02     0 -2.305313e-02 7.826785e+01 1.281736e+02 9.143710e-02 1.241922e-02 
2.409000e+02 5.447667e-01 -1.222177e-02 -1.446603e+00 1.030599e+04 1.452570e+04     0 1.488065e+04 1.069994e+04 1.246640e-02     0 -2.749061e-02 7.883601e+01 1.285717e+02 9.137608e-02 1.234737e-02 
  241 5.442470e-01 -9.015887e-03 -1.429883e+00 1.030720e+04 1.451294e+04     0 1.485031e+04 1.067623e+04 1.235914e-02     0 -2.699737e-02 7.939649e+01 1.289661e+02 9.422269e-02 1.227195e-02 
2.411000e+02 5.437883e-01 -6.745816e-03 -1.413786e+00 1.030862e+04 1.450016e+04     0 1.485031e+04 1.067623e+04 1.225575e-02     0 1.269322e-02 8.000786e+01 1.293505e+02 9.500423e-02 1.219485e-02 
2.412000e+02 5.433727e-01 -9.690299e-03 -1.400903e+00 1.031024e+04 1.448737e+04     0 1.485031e+04 1.067623e+04 1.216311e-02     0 2.456360e-04 8.060889e+01 1.297353e+02 8.996489e-02 1.212136e-02 
2.413000e+02 5.429355e-01 -1.284683e-02 -1.388212e+00 1.031206e+04 1.447456e+04     0 1.485031e+04 1.067623e+04 1.207484e-02     0 -1.635717e-02 8.120054e+01 1.301307e+02 8.568037e-02 1.205196e-02 
2.414000e+02 5.424530e-01 -1.236872e-02 -1.373390e+00 1.031408e+04 1.446174e+04     0 1.485031e+04 1.067623e+04 1.198104e-02     0 -2.020524e-02 8.178372e+01 1.305313e+02 8.586221e-02 1.198198e-02 
2.415000e+02 5.419738e-01 -8.984874e-03 -1.356873e+00 1.031629e+04 1.444891e+04     0  1000  5000 1.188148e-02     0 -1.956361e-02 8.235924e+01 1.309276e+02 8.885223e-02 1.190833e-02 
2.416000e+02 5.311700e-01 -2.933939e-03 -1.337535e+00 1.031870e+04 1.443608e+04     0  1000  5000 1.000000e-01     0 -6.289848e-02 8.291778e+01 1.313150e+02 9.510199e-02 9.693804e-03 
2.417000e+02 4.997252e-01 7.477655e-03 -1.311645e+00 1.032132e+04 1.442324e+04     0  1000  5000 1.000000e-01     0 -5.899033e-02 8.347076e+01 1.316787e+02 1.066615e-01 1.105039e-03 
2.418000e+02 4.608451e-01 1.782886e-02 -1.282899e+00 1.032414e+04 1.441041e+04     0  1000  5000 1.000000e-01     0 -5.198298e-02 8.401869e+01 1.320046e+02 1.166146e-01 -1.240277e-02 
2.419000e+02 4.204756e-01 2.554448e-02 -1.254898e+00 1.032718e+04 1.439759e+04     0  1000  5000 1.000000e-01     0 -5.340466e-02 8.456206e+01 1.322932e+02 1.214852e-01 -2.811875e-02 
  242 3.803886e-01 3.201967e-02 -1.229280e+00 1.033043e+04 1.438479e+04     0  1000  5000 1.000000e-01     0 -5.855473e-02 8.510131e+01 1.325492e+02 1.227129e-01 -4.337977e-02 
2.421000e+02 3.405837e-01 4.193857e-02 -1.206120e+00 1.033386e+04 1.437200e+04     0  1000  5000 1.000000e-01     0 -9.709438e-02 8.563682e+01 1.327753e+02 1.253251e-01 -5.628258e-02 
2.422000e+02 3.005019e-01 5.951706e-02 -1.185392e+00 1.033749e+04 1.435923e+04     0  1000  5000 1.000000e-01     0 -8.292954e-02 8.616895e+01 1.329584e+02 1.324635e-01 -6.599892e-02 
2.423000e+02 2.592537e-01 7.838410e-02 -1.170031e+00 1.034128e+04 1.434650e+04     0  1000  5000 1.000000e-01     0 -6.642651e-02 8.669802e+01 1.330889e+02 1.371544e-01 -7.227325e-02 
2.424000e+02 2.159067e-01 9.413236e-02 -1.161189e+00 1.034523e+04 1.433379e+04     0  1000  5000 1.000000e-01     0 -6.141057e-02 8.722433e+01 1.331748e+02 1.363477e-01 -7.512825e-02 
2.425000e+02 1.698969e-01 1.073826e-01 -1.157942e+00 1.034932e+04 1.432111e+04     0  1000  5000 1.000000e-01     0 -6.018661e-02 8.774813e+01 1.332278e+02 1.322845e-01 -7.502814e-02 
2.426000e+02 1.211807e-01 1.223764e-01 -1.158547e+00 1.035352e+04 1.430847e+04     0  1000  5000 1.000000e-01     0 -9.555377e-02 8.826967e+01 1.332552e+02 1.303590e-01 -7.291428e-02 
2.427000e+02 7.019337e-02 1.433955e-01 -1.161633e+00 1.035780e+04 1.429585e+04     0  1000  5000 1.000000e-01     0 -7.872400e-02 8.878916e+01 1.332458e+02 1.340986e-01 -7.017037e-02 
2.428000e+02 1.876388e-02 1.635186e-01 -1.167202e+00 1.036214e+04 1.428326e+04     0  1000  5000 1.000000e-01     0 -5.765586e-02 8.930679e+01 1.331888e+02 1.362097e-01 -6.784580e-02 
2.429000e+02 -3.983928e-02 1.779661e-01 -1.174603e+00 1.036651e+04 1.427069e+04     0  1000  5000 1.000000e-01     0 -5.139040e-02 8.982275e+01 1.330919e+02 1.330778e-01 -6.626531e-02 
  243 -9.521624e-02 1.880688e-01 -1.183010e+00 1.037088e+04 1.425814e+04     0  1000  5000 1.000000e-01     0 -4.664888e-02 9.033719e+01 1.329667e+02 1.269537e-01 -6.547168e-02 
2.431000e+02 -1.518051e-01 1.972109e-01 -1.192206e+00 1.037522e+04 1.424561e+04     0  1000  5000 1.000000e-01     0 -5.870580e-02 9.085025e+01 1.328205e+02 1.215154e-01 -6.552314e-02 
2.432000e+02 -2.089632e-01 2.079870e-01 -1.202488e+00 1.037951e+04 1.423308e+04     0  1000  5000 9.496950e-02     0 -4.334293e-02 9.136207e+01 1.326510e+02 1.186846e-01 -6.656561e-02 
2.433000e+02 -2.643599e-01 2.170780e-01 -1.213595e+00 1.038372e+04 1.422056e+04     0  1000  5000 8.089864e-02     0 -2.855841e-02 9.187277e+01 1.324568e+02 1.149832e-01 -6.803465e-02 
2.434000e+02 -3.149196e-01 2.224713e-01 -1.225641e+00 1.038784e+04 1.420805e+04     0  1000  5000 6.758286e-02     0 -2.116130e-02 9.238244e+01 1.322453e+02 1.092119e-01 -6.858028e-02 
2.435000e+02 -3.599548e-01 2.247778e-01 -1.239258e+00 1.039184e+04 1.419552e+04     0  1000  5000 5.536985e-02     0 -1.526169e-02 9.289120e+01 1.320255e+02 1.026933e-01 -6.727640e-02 
2.436000e+02 -3.994769e-01 2.248603e-01 -1.254941e+00 1.039571e+04 1.418299e+04     0  1000  5000 3.934770e-02     0 -8.829995e-03 9.339912e+01 1.318034e+02 9.661648e-02 -6.374124e-02 
2.437000e+02 -4.332216e-01 2.230246e-01 -1.272760e+00 1.039944e+04 1.417045e+04     0  1000  5000 2.783780e-02     0 -2.654759e-03 9.390629e+01 1.315831e+02 9.135284e-02 -5.791290e-02 
2.438000e+02 -4.620851e-01 2.194697e-01 -1.292287e+00 1.040302e+04 1.415790e+04     0  1000  5000 1.879437e-02     0 2.364157e-03 9.441278e+01 1.313677e+02 8.683121e-02 -5.028450e-02 
2.439000e+02 -4.869921e-01 2.146057e-01 -1.312839e+00 1.040645e+04 1.414532e+04     0  1000  5000 1.130958e-02     0 6.215748e-03 9.491865e+01 1.311596e+02 8.298980e-02 -4.167243e-02 
  244 -5.084849e-01 2.089833e-01 -1.333683e+00 1.040971e+04 1.413273e+04     0  1000  5000 4.944529e-03     0 9.264401e-03 9.542396e+01 1.309602e+02 7.980775e-02 -3.295879e-02 
2.441000e+02 -5.261068e-01 2.030907e-01 -1.354231e+00 1.041280e+04 1.412012e+04     0  1000  5000 -9.154360e-03     0 1.171510e-02 9.592877e+01 1.307705e+02 7.724537e-02 -2.477880e-02 
2.442000e+02 -5.383869e-01 1.972114e-01 -1.374232e+00 1.041573e+04 1.410749e+04     0  1000  5000 -1.667693e-02     0 1.331400e-02 9.643312e+01 1.305909e+02 7.523129e-02 -1.725843e-02 
2.443000e+02 -5.460123e-01 1.916583e-01 -1.393487e+00 1.041847e+04 1.409483e+04     0  1000  5000 -2.099153e-02     0 1.430147e-02 9.693705e+01 1.304217e+02 7.370032e-02 -1.065057e-02 
2.444000e+02 -5.501282e-01 1.867152e-01 -1.411770e+00 1.042104e+04 1.408215e+04     0  1000  5000 -2.351473e-02     0 1.573223e-02 9.744061e+01 1.302630e+02 7.257521e-02 -5.260519e-03 
2.445000e+02 -5.516164e-01 1.825017e-01 -1.428853e+00 1.042342e+04 1.406945e+04     0  1000  5000 -2.492339e-02     0 1.633657e-02 9.794383e+01 1.301148e+02 7.171423e-02 -1.299305e-03 
2.446000e+02 -5.504145e-01 1.791053e-01 -1.444756e+00 1.042563e+04 1.405673e+04     0  1000  5000 -3.431179e-02     0 1.642475e-02 9.844675e+01 1.299773e+02 7.112357e-02 1.308060e-03 
2.447000e+02 -5.454279e-01 1.764435e-01 -1.459819e+00 1.042765e+04 1.404399e+04     0  1000  5000 -3.733287e-02     0 1.628175e-02 9.894938e+01 1.298503e+02 7.083622e-02 3.089537e-03 
2.448000e+02 -5.376377e-01 1.744306e-01 -1.474278e+00 1.042950e+04 1.403123e+04     0  1000  5000 -3.749151e-02     0 1.599836e-02 9.945177e+01 1.297332e+02 7.084162e-02 4.333360e-03 
2.449000e+02 -5.283949e-01 1.730083e-01 -1.488206e+00 1.043117e+04 1.401845e+04     0  1000  5000 -3.629108e-02     0 1.559823e-02 9.995393e+01 1.296253e+02 7.108913e-02 5.112738e-03 
  245 -5.186847e-01 1.721295e-01 -1.501595e+00 1.043266e+04 1.400567e+04     0  1000  5000 -3.446314e-02     0 1.527199e-02   100 1.295243e+02 7.151416e-02 5.421336e-03 
2.451000e+02 -5.085691e-01 1.716339e-01 -1.514431e+00 1.043398e+04 1.399287e+04     0  1000  5000 -3.903820e-02     0 1.581070e-02   100 1.294275e+02 7.196068e-02 5.349578e-03 
2.452000e+02 -4.971834e-01 1.712216e-01 -1.526841e+00 1.043514e+04 1.398006e+04     0  1000  5000 -3.913926e-02     0 1.605691e-02   100 1.293345e+02 7.224964e-02 5.245743e-03 
2.453000e+02 -4.851273e-01 1.707841e-01 -1.538920e+00 1.043612e+04 1.396725e+04     0  1000  5000 -3.743358e-02     0 1.638351e-02   100 1.292452e+02 7.237156e-02 5.226193e-03 
2.454000e+02 -4.732311e-01 1.703387e-01 -1.550669e+00 1.043695e+04 1.395443e+04     0  1000  5000 -3.504024e-02     0 1.660110e-02   100 1.291593e+02 7.237303e-02 5.222375e-03 
2.455000e+02 -4.620337e-01 1.699581e-01 -1.562043e+00 1.043761e+04 1.394161e+04     0  1000  5000 -3.247186e-02     0 1.692371e-02   100 1.290768e+02 7.231673e-02 5.107482e-03 
2.456000e+02 -4.513475e-01 1.696638e-01 -1.573023e+00 1.043812e+04 1.392879e+04     0  1000  5000 -3.547926e-02     0 1.737890e-02   100 1.289972e+02 7.222287e-02 4.852898e-03 
2.457000e+02 -4.402482e-01 1.693842e-01 -1.583733e+00 1.043848e+04 1.391597e+04     0  1000  5000 -3.499198e-02     0 1.788573e-02   100 1.289206e+02 7.208499e-02 4.666640e-03 
2.458000e+02 -4.290574e-01 1.690878e-01 -1.594227e+00 1.043869e+04 1.390316e+04     0  1000  5000 -3.316770e-02     0 1.841333e-02   100 1.288465e+02 7.190555e-02 4.589631e-03 
2.459000e+02 -4.183230e-01 1.687905e-01 -1.604464e+00 1.043876e+04 1.389035e+04     0  1000  5000 -3.088795e-02     0 1.897552e-02   100 1.287750e+02 7.169120e-02 4.531585e-03 
  246 -4.083820e-01 1.685207e-01 -1.614371e+00 1.043869e+04 1.387755e+04     0  1000  5000 -2.854403e-02     0 1.957585e-02   100 1.287058e+02 7.144566e-02 4.370694e-03 
2.461000e+02 -3.989906e-01 1.682821e-01 -1.623919e+00 1.043848e+04 1.386475e+04     0  1000  5000 -3.107569e-02     0 2.019837e-02   100 1.286388e+02 7.116888e-02 4.080840e-03 
2.462000e+02 -3.893036e-01 1.680246e-01 -1.633226e+00 1.043814e+04 1.385197e+04     0  1000  5000 -3.061580e-02     0 2.082229e-02   100 1.285740e+02 7.086359e-02 3.845608e-03 
2.463000e+02 -3.795697e-01 1.677314e-01 -1.642349e+00 1.043766e+04 1.383919e+04     0  1000  5000 -2.901737e-02     0 2.145063e-02   100 1.285114e+02 7.054075e-02 3.708302e-03 
2.464000e+02 -3.702465e-01 1.674178e-01 -1.651263e+00 1.043707e+04 1.382642e+04     0  1000  5000 -2.703478e-02     0 2.209191e-02   100 1.284507e+02 7.020794e-02 3.599224e-03 
2.465000e+02 -3.616190e-01 1.671059e-01 -1.659907e+00 1.043635e+04 1.381367e+04     0  1000  5000 -2.500202e-02     0 2.274015e-02   100 1.283921e+02 6.986713e-02 3.419095e-03 
2.466000e+02 -3.534744e-01 1.667999e-01 -1.668261e+00 1.043551e+04 1.380093e+04     0  1000  5000 -2.721243e-02     0 2.338050e-02   100 1.283354e+02 6.951771e-02 3.147705e-03 
2.467000e+02 -3.450808e-01 1.664640e-01 -1.676430e+00 1.043456e+04 1.378820e+04     0  1000  5000 -2.682323e-02     0 2.399869e-02   100 1.282807e+02 6.916213e-02 2.942719e-03 
2.468000e+02 -3.366521e-01 1.660892e-01 -1.684463e+00 1.043349e+04 1.377549e+04     0  1000  5000 -2.544573e-02     0 2.459896e-02   100 1.282279e+02 6.880867e-02 2.839092e-03 
2.469000e+02 -3.285829e-01 1.656911e-01 -1.692332e+00 1.043231e+04 1.376279e+04     0  1000  5000 -2.373539e-02     0 2.518919e-02   100 1.281771e+02 6.846271e-02 2.772772e-03 
  247 -3.211179e-01 1.652908e-01 -1.699982e+00 1.043103e+04 1.375010e+04     0  1000  5000 -2.198195e-02     0 2.576593e-02   100 1.281281e+02 6.812515e-02 2.653242e-03 
2.471000e+02 -3.140674e-01 1.648948e-01 -1.707391e+00 1.042964e+04 1.373743e+04     0  1000  5000 -2.396152e-02     0 2.631898e-02   100 1.280811e+02 6.779489e-02 2.458600e-03 
2.472000e+02 -3.067871e-01 1.644778e-01 -1.714646e+00 1.042815e+04 1.372478e+04     0  1000  5000 -2.365136e-02     0 2.683837e-02   100 1.280359e+02 6.747311e-02 2.322626e-03 
2.473000e+02 -2.994620e-01 1.640350e-01 -1.721789e+00 1.042656e+04 1.371214e+04     0  1000  5000 -2.246882e-02     0 2.732880e-02   100 1.279927e+02 6.716517e-02 2.273196e-03 
2.474000e+02 -2.924367e-01 1.635806e-01 -1.728792e+00 1.042487e+04 1.369952e+04     0  1000  5000 -2.098995e-02     0 2.779822e-02   100 1.279513e+02 6.687418e-02 2.252451e-03 
2.475000e+02 -2.859257e-01 1.631325e-01 -1.735603e+00 1.042309e+04 1.368692e+04     0  1000  5000 -1.946923e-02     0 2.824578e-02   100 1.279118e+02 6.659977e-02 2.179964e-03 
2.476000e+02 -2.797607e-01 1.626962e-01 -1.742201e+00 1.042122e+04 1.367433e+04     0  1000  5000 -2.126290e-02     0 2.866504e-02   100 1.278742e+02 6.633994e-02 2.036249e-03 
2.477000e+02 -2.733721e-01 1.622519e-01 -1.748666e+00 1.041927e+04 1.366176e+04     0  1000  5000 -2.101570e-02     0 2.904952e-02   100 1.278384e+02 6.609449e-02 1.939768e-03 
2.478000e+02 -2.669251e-01 1.617960e-01 -1.755033e+00 1.041722e+04 1.364921e+04     0  1000  5000 -1.998807e-02     0 2.940431e-02   100 1.278044e+02 6.586642e-02 1.916055e-03 
2.479000e+02 -2.607275e-01 1.613395e-01 -1.761276e+00 1.041509e+04 1.363667e+04     0  1000  5000 -1.869248e-02     0 2.973722e-02   100 1.277722e+02 6.565706e-02 1.914810e-03 
  248 -2.549720e-01 1.608964e-01 -1.767350e+00 1.041288e+04 1.362415e+04     0  1000  5000 -1.735554e-02     0 3.004894e-02   100 1.277418e+02 6.546506e-02 1.865468e-03 
2.481000e+02 -2.495116e-01 1.604708e-01 -1.773236e+00 1.041058e+04 1.361165e+04     0  1000  5000 -1.897034e-02     0 3.033553e-02   100 1.277131e+02 6.528787e-02 1.751150e-03 
2.482000e+02 -2.438415e-01 1.600464e-01 -1.779005e+00 1.040821e+04 1.359916e+04     0  1000  5000 -1.876212e-02     0 3.059277e-02   100 1.276862e+02 6.512445e-02 1.677266e-03 
2.483000e+02 -2.381106e-01 1.596199e-01 -1.784688e+00 1.040576e+04 1.358669e+04     0  1000  5000 -1.785541e-02     0 3.082556e-02   100 1.276609e+02 6.497637e-02 1.666916e-03 
2.484000e+02 -2.325940e-01 1.591999e-01 -1.790262e+00 1.040324e+04 1.357424e+04     0  1000  5000 -1.670749e-02     0 3.104093e-02   100 1.276373e+02 6.484398e-02 1.675681e-03 
2.485000e+02 -2.274650e-01 1.587970e-01 -1.795685e+00 1.040065e+04 1.356180e+04     0  1000  5000 -1.552073e-02     0 3.124016e-02   100 1.276152e+02 6.472562e-02 1.640877e-03 
2.486000e+02 -2.225935e-01 1.584140e-01 -1.800941e+00 1.039798e+04 1.354938e+04     0  1000  5000 -1.696851e-02     0 3.142065e-02   100 1.275947e+02 6.461876e-02 1.547387e-03 
2.487000e+02 -2.175306e-01 1.580377e-01 -1.806093e+00 1.039524e+04 1.353698e+04     0  1000  5000 -1.678675e-02     0 3.157946e-02   100 1.275757e+02 6.452214e-02 1.488956e-03 
2.488000e+02 -2.124096e-01 1.576648e-01 -1.811169e+00 1.039244e+04 1.352460e+04     0  1000  5000 -1.598004e-02     0 3.172084e-02   100 1.275582e+02 6.443663e-02 1.486255e-03 
2.489000e+02 -2.074763e-01 1.573019e-01 -1.816147e+00 1.038957e+04 1.351223e+04     0  1000  5000 -1.495690e-02     0 3.185070e-02   100 1.275421e+02 6.436226e-02 1.499792e-03 
  249 -2.028859e-01 1.569570e-01 -1.820989e+00 1.038664e+04 1.349987e+04     0  1000  5000 -1.389817e-02     0 3.197029e-02   100 1.275274e+02 6.429745e-02 1.473719e-03 
2.491000e+02 -1.985231e-01 1.566320e-01 -1.825681e+00 1.038364e+04 1.348754e+04     0  1000  5000 -1.519313e-02     0 3.207771e-02   100 1.275139e+02 6.424004e-02 1.394533e-03 
2.492000e+02 -1.939875e-01 1.563158e-01 -1.830280e+00 1.038058e+04 1.347522e+04     0  1000  5000 -1.503116e-02     0 3.217068e-02   100 1.275018e+02 6.418886e-02 1.345863e-03 
2.493000e+02 -1.893984e-01 1.560057e-01 -1.834810e+00 1.037746e+04 1.346291e+04     0  1000  5000 -1.431018e-02     0 3.225265e-02   100 1.274909e+02 6.414453e-02 1.346300e-03 
2.494000e+02 -1.849756e-01 1.557063e-01 -1.839252e+00 1.037429e+04 1.345062e+04     0  1000  5000 -1.339536e-02     0 3.232834e-02   100 1.274811e+02 6.410703e-02 1.360742e-03 
2.495000e+02 -1.808578e-01 1.554239e-01 -1.843571e+00 1.037105e+04 1.343835e+04     0  1000  5000 -1.244835e-02     0 3.239875e-02   100 1.274725e+02 6.407508e-02 1.339424e-03 
2.496000e+02 -1.769427e-01 1.551594e-01 -1.847756e+00 1.036776e+04 1.342609e+04     0  1000  5000 -1.360343e-02     0 3.246230e-02   100 1.274650e+02 6.404696e-02 1.270311e-03 
2.497000e+02 -1.728734e-01 1.549040e-01 -1.851857e+00 1.036442e+04 1.341385e+04     0  1000  5000 -1.345698e-02     0 3.251708e-02   100 1.274585e+02 6.402176e-02 1.228047e-03 
2.498000e+02 -1.687561e-01 1.546550e-01 -1.855894e+00 1.036102e+04 1.340162e+04     0  1000  5000 -1.281115e-02     0 3.256575e-02   100 1.274529e+02 6.400004e-02 1.229319e-03 
2.499000e+02 -1.647873e-01 1.544159e-01 -1.859853e+00 1.035757e+04 1.338940e+04     0  1000  5000 -1.199213e-02     0 3.261198e-02   100 1.274483e+02 6.398181e-02 1.242882e-03 
  250 -1.610910e-01 1.541915e-01 -1.863702e+00 1.035407e+04 1.337720e+04     0  1000  5000 -1.114431e-02     0 3.265641e-02   100 1.274446e+02 6.396618e-02 1.224371e-03 
2.501000e+02 -1.575760e-01 1.539824e-01 -1.867429e+00 1.035052e+04 1.336502e+04     0  1000  5000 -1.217221e-02     0 3.269766e-02   100 1.274418e+02 6.395183e-02 1.163037e-03 
2.502000e+02 -1.539241e-01 1.537812e-01 -1.871080e+00 1.034693e+04 1.335285e+04     0  1000  5000 -1.203887e-02     0 3.273408e-02   100 1.274397e+02 6.393814e-02 1.125458e-03 
2.503000e+02 -1.502302e-01 1.535858e-01 -1.874675e+00 1.034328e+04 1.334069e+04     0  1000  5000 -1.146008e-02     0 3.276762e-02   100 1.274384e+02 6.392564e-02 1.126568e-03 
2.504000e+02 -1.466694e-01 1.533987e-01 -1.878198e+00 1.033959e+04 1.332855e+04 7.125270e-01  1000  5000 -1.072690e-02     0 3.280107e-02   100 1.274378e+02 6.391446e-02 1.138547e-03 
2.505000e+02 -1.433523e-01 1.532236e-01 -1.881622e+00 1.033585e+04 1.331642e+04 1.860867e+00  1000  5000 -9.968160e-03     0 3.283478e-02   100 1.274380e+02 6.390400e-02 1.121860e-03 
2.506000e+02 -1.401978e-01 1.530609e-01 -1.884937e+00 1.033207e+04 1.330430e+04 3.006721e+00  1000  5000 -1.088120e-02     0 3.286752e-02   100 1.274387e+02 6.389330e-02 1.066915e-03 
2.507000e+02 -1.369224e-01 1.529046e-01 -1.888184e+00 1.032825e+04 1.329220e+04 4.150215e+00  1000  5000 -1.075957e-02     0 3.289782e-02   100 1.274401e+02 6.388197e-02 1.033042e-03 
2.508000e+02 -1.336105e-01 1.527529e-01 -1.891379e+00 1.032439e+04 1.328011e+04 5.291479e+00  1000  5000 -1.024119e-02     0 3.292713e-02   100 1.274420e+02 6.387054e-02 1.033586e-03 
2.509000e+02 -1.304180e-01 1.526078e-01 -1.894511e+00 1.032048e+04 1.326803e+04 6.430641e+00  1000  5000 -9.585430e-03     0 3.295751e-02   100 1.274445e+02 6.385922e-02 1.043793e-03 
  251 -1.274435e-01 1.524721e-01 -1.897553e+00 1.031654e+04 1.325597e+04 7.567824e+00  1000  5000 -8.907081e-03     0 3.298911e-02   100 1.274475e+02 6.384761e-02 1.028462e-03 
2.511000e+02 -1.246147e-01 1.523461e-01 -1.900497e+00 1.031255e+04 1.324391e+04 8.703142e+00  1000  5000 -9.716872e-03     0 3.302084e-02   100 1.274510e+02 6.383506e-02 9.790469e-04 
2.512000e+02 -1.216795e-01 1.522249e-01 -1.903380e+00 1.030853e+04 1.323187e+04 9.836703e+00  1000  5000 -9.606019e-03     0 3.305143e-02   100 1.274549e+02 6.382133e-02 9.483588e-04 
2.513000e+02 -1.187128e-01 1.521072e-01 -1.906216e+00 1.030447e+04 1.321984e+04 1.096862e+01  1000  5000 -9.142294e-03     0 3.308192e-02   100 1.274593e+02 6.380692e-02 9.482991e-04 
2.514000e+02 -1.158534e-01 1.519944e-01 -1.908995e+00 1.030038e+04 1.320783e+04 1.209898e+01  1000  5000 -8.556524e-03     0 3.311384e-02   100 1.274640e+02 6.379209e-02 9.568603e-04 
2.515000e+02 -1.131886e-01 1.518888e-01 -1.911694e+00 1.029625e+04 1.319582e+04 1.322791e+01  1000  5000 -7.950847e-03     0 3.314723e-02   100 1.274691e+02 6.377658e-02 9.427325e-04 
2.516000e+02 -1.106544e-01 1.517906e-01 -1.914305e+00 1.029208e+04 1.318382e+04 1.435548e+01  1000  5000 -8.668193e-03     0 3.318113e-02   100 1.274746e+02 6.375995e-02 8.983032e-04 
2.517000e+02 -1.080266e-01 1.516959e-01 -1.916861e+00 1.028788e+04 1.317184e+04 1.548179e+01  1000  5000 -8.567398e-03     0 3.321447e-02   100 1.274804e+02 6.374206e-02 8.705265e-04 
2.518000e+02 -1.053719e-01 1.516036e-01 -1.919376e+00 1.028365e+04 1.315987e+04 1.660692e+01  1000  5000 -8.153161e-03     0 3.324800e-02   100 1.274865e+02 6.372338e-02 8.699980e-04 
2.519000e+02 -1.028132e-01 1.515149e-01 -1.921838e+00 1.027939e+04 1.314791e+04 1.773095e+01  1000  5000 -7.630649e-03     0 3.328288e-02   100 1.274929e+02 6.370415e-02 8.771686e-04 
  252 -1.004283e-01 1.514316e-01 -1.924230e+00 1.027510e+04 1.313595e+04 1.885395e+01  1000  5000 -7.090622e-03     0 3.331907e-02   100 1.274996e+02 6.368423e-02 8.642172e-04 
2.521000e+02 -9.816014e-02 1.513538e-01 -1.926543e+00 1.027077e+04 1.312401e+04 1.997601e+01  1000  5000 -7.725414e-03     0 3.335575e-02   100 1.275065e+02 6.366329e-02 8.243711e-04 
2.522000e+02 -9.580982e-02 1.512785e-01 -1.928806e+00 1.026642e+04 1.311208e+04 2.109718e+01  1000  5000 -7.634019e-03     0 3.339206e-02   100 1.275136e+02 6.364128e-02 7.993259e-04 
2.523000e+02 -9.343639e-02 1.512049e-01 -1.931032e+00 1.026203e+04 1.310016e+04 2.221754e+01  1000  5000 -7.264538e-03     0 3.342854e-02   100 1.275210e+02 6.361858e-02 7.985021e-04 
2.524000e+02 -9.114900e-02 1.511339e-01 -1.933211e+00 1.025762e+04 1.308825e+04 2.333713e+01  1000  5000 -6.799110e-03     0 3.346606e-02   100 1.275286e+02 6.359543e-02 8.045513e-04 
2.525000e+02 -8.901642e-02 1.510668e-01 -1.935327e+00 1.025318e+04 1.307634e+04 2.445603e+01  1000  5000 -6.318286e-03     0 3.350457e-02   100 1.275363e+02 6.357174e-02 7.927793e-04 
2.526000e+02 -8.698807e-02 1.510039e-01 -1.937373e+00 1.024872e+04 1.306445e+04 2.557428e+01  1000  5000 -6.879451e-03     0 3.354340e-02   100 1.275442e+02 6.354728e-02 7.571659e-04 
2.527000e+02 -8.488768e-02 1.509427e-01 -1.939374e+00 1.024422e+04 1.305256e+04 2.669193e+01  1000  5000 -6.796791e-03     0 3.358183e-02   100 1.275523e+02 6.352201e-02 7.346948e-04 
2.528000e+02 -8.276755e-02 1.508826e-01 -1.941342e+00 1.023970e+04 1.304069e+04 2.780902e+01  1000  5000 -6.467697e-03     0 3.362030e-02   100 1.275606e+02 6.349627e-02 7.337308e-04 
2.529000e+02 -8.072431e-02 1.508244e-01 -1.943268e+00 1.023516e+04 1.302882e+04 2.892562e+01  1000  5000 -6.053675e-03     0 3.365947e-02   100 1.275690e+02 6.347024e-02 7.388954e-04 
  253 -7.881879e-02 1.507691e-01 -1.945137e+00 1.023059e+04 1.301696e+04 3.004175e+01  1000  5000 -5.626126e-03     0 3.369927e-02   100 1.275775e+02 6.344387e-02 7.282939e-04 
2.531000e+02 -7.700618e-02 1.507169e-01 -1.946943e+00 1.022600e+04 1.300511e+04 3.115745e+01  1000  5000 -6.121651e-03     0 3.373917e-02   100 1.275862e+02 6.341700e-02 6.965809e-04 
2.532000e+02 -7.513050e-02 1.506660e-01 -1.948710e+00 1.022139e+04 1.299327e+04 3.227276e+01  1000  5000 -6.047042e-03     0 3.377861e-02   100 1.275949e+02 6.338959e-02 6.765215e-04 
2.533000e+02 -7.323802e-02 1.506158e-01 -1.950447e+00 1.021675e+04 1.298143e+04 3.338772e+01  1000  5000 -5.754307e-03     0 3.381793e-02   100 1.276038e+02 6.336191e-02 6.755349e-04 
2.534000e+02 -7.141415e-02 1.505670e-01 -1.952147e+00 1.021209e+04 1.296961e+04 3.450236e+01  1000  5000 -5.386486e-03     0 3.385764e-02   100 1.276128e+02 6.333413e-02 6.800044e-04 
2.535000e+02 -6.971260e-02 1.505203e-01 -1.953795e+00 1.020741e+04 1.295779e+04 3.561670e+01  1000  5000 -5.006789e-03     0 3.389768e-02   100 1.276218e+02 6.330620e-02 6.705413e-04 
2.536000e+02 -6.809375e-02 1.504761e-01 -1.955388e+00 1.020271e+04 1.294597e+04 3.673078e+01  1000  5000 -5.443781e-03     0 3.393764e-02   100 1.276310e+02 6.327798e-02 6.424043e-04 
2.537000e+02 -6.641982e-02 1.504327e-01 -1.956945e+00 1.019798e+04 1.293417e+04 3.784462e+01  1000  5000 -5.376531e-03     0 3.397708e-02   100 1.276402e+02 6.324946e-02 6.245851e-04 
2.538000e+02 -6.473165e-02 1.503898e-01 -1.958476e+00 1.019324e+04 1.292237e+04 3.895824e+01  1000  5000 -5.116465e-03     0 3.401626e-02   100 1.276495e+02 6.322084e-02 6.236558e-04 
2.539000e+02 -6.310464e-02 1.503480e-01 -1.959973e+00 1.018848e+04 1.291058e+04 4.007168e+01  1000  5000 -4.790102e-03     0 3.405560e-02   100 1.276588e+02 6.319226e-02 6.275761e-04 
  254 -6.158611e-02 1.503079e-01 -1.961424e+00 1.018370e+04 1.289879e+04 4.118494e+01  1000  5000 -4.453326e-03     0 3.409505e-02   100 1.276683e+02 6.316367e-02 6.191995e-04 
2.541000e+02 -6.014107e-02 1.502695e-01 -1.962826e+00 1.017890e+04 1.288701e+04 4.229805e+01  1000  5000 -4.838089e-03     0 3.413429e-02   100 1.276777e+02 6.313497e-02 5.943260e-04 
2.542000e+02 -5.864808e-02 1.502319e-01 -1.964196e+00 1.017408e+04 1.287524e+04 4.341103e+01  1000  5000 -4.777524e-03     0 3.417298e-02   100 1.276872e+02 6.310614e-02 5.785722e-04 
2.543000e+02 -5.714316e-02 1.501946e-01 -1.965542e+00 1.016925e+04 1.286348e+04 4.452390e+01  1000  5000 -4.546768e-03     0 3.421134e-02   100 1.276968e+02 6.307733e-02 5.777522e-04 
2.544000e+02 -5.569266e-02 1.501582e-01 -1.966857e+00 1.016439e+04 1.285172e+04 4.563667e+01  1000  5000 -4.257571e-03     0 3.424969e-02   100 1.277064e+02 6.304865e-02 5.812365e-04 
2.545000e+02 -5.433822e-02 1.501230e-01 -1.968133e+00 1.015952e+04 1.283996e+04 4.674935e+01  1000  5000 -3.959258e-03     0 3.428801e-02   100 1.277160e+02 6.302006e-02 5.738845e-04 
2.546000e+02 -5.304900e-02 1.500893e-01 -1.969363e+00 1.015464e+04 1.282821e+04 4.786197e+01  1000  5000 -4.297384e-03     0 3.432603e-02   100 1.277257e+02 6.299148e-02 5.519814e-04 
2.547000e+02 -5.171823e-02 1.500562e-01 -1.970566e+00 1.014974e+04 1.281647e+04 4.897454e+01  1000  5000 -4.242862e-03     0 3.436353e-02   100 1.277354e+02 6.296287e-02 5.381244e-04 
2.548000e+02 -5.037759e-02 1.500233e-01 -1.971746e+00 1.014482e+04 1.280473e+04 5.008706e+01  1000  5000 -4.038385e-03     0 3.440066e-02   100 1.277451e+02 6.293438e-02 5.374498e-04 
2.549000e+02 -4.908536e-02 1.499911e-01 -1.972900e+00 1.013989e+04 1.279300e+04 5.119956e+01  1000  5000 -3.782491e-03     0 3.443768e-02   100 1.277548e+02 6.290606e-02 5.405901e-04 
  255 -4.787800e-02 1.499600e-01 -1.974018e+00 1.013494e+04 1.278128e+04 5.231204e+01  1000  5000 -3.518636e-03     0 3.447458e-02   100 1.277646e+02 6.287789e-02 5.342007e-04 
2.551000e+02 -4.672846e-02 1.499300e-01 -1.975096e+00 1.012998e+04 1.276955e+04 5.342451e+01  1000  5000 -3.815085e-03     0 3.451116e-02   100 1.277744e+02 6.284979e-02 5.150009e-04 
2.552000e+02 -4.554314e-02 1.499004e-01 -1.976148e+00 1.012501e+04 1.275784e+04 5.453698e+01  1000  5000 -3.766012e-03     0 3.454724e-02   100 1.277842e+02 6.282175e-02 5.028866e-04 
2.553000e+02 -4.434977e-02 1.498712e-01 -1.977181e+00 1.012002e+04 1.274612e+04 5.564947e+01  1000  5000 -3.585167e-03     0 3.463535e-02 9.990964e+01 1.277937e+02 6.279385e-02 5.023921e-04 
2.554000e+02 -4.319937e-02 1.498241e-01 -1.978189e+00 1.011502e+04 1.273442e+04 5.676197e+01  1000  5000 -3.359080e-03     0 3.491986e-02 9.981579e+01 1.278026e+02 6.274751e-02 5.052562e-04 
2.555000e+02 -4.212344e-02 1.497253e-01 -1.979162e+00 1.011000e+04 1.272271e+04 5.787447e+01  1000  5000 -3.126025e-03     0 3.509461e-02 9.975436e+01 1.278110e+02 6.265495e-02 4.996841e-04 
2.556000e+02 -4.109776e-02 1.495837e-01 -1.980099e+00 1.010498e+04 1.271101e+04 5.898683e+01  1000  5000 -3.385270e-03     0 3.515055e-02 9.972201e+01 1.278193e+02 6.253404e-02 4.827330e-04 
2.557000e+02 -4.004252e-02 1.494349e-01 -1.981012e+00 1.009994e+04 1.269932e+04 6.009884e+01  1000  5000 -3.340386e-03     0 3.517537e-02 9.971573e+01 1.278277e+02 6.242254e-02 4.718421e-04 
2.558000e+02 -3.898090e-02 1.493049e-01 -1.981908e+00 1.009489e+04 1.268763e+04 6.121033e+01  1000  5000 -3.180249e-03     0 3.518852e-02 9.973279e+01 1.278365e+02 6.234223e-02 4.710809e-04 
2.559000e+02 -3.795761e-02 1.492047e-01 -1.982784e+00 1.008983e+04 1.267594e+04 6.232117e+01  1000  5000 -2.980768e-03     0 3.517078e-02 9.977072e+01 1.278457e+02 6.229764e-02 4.733309e-04 
  256 -3.700043e-02 1.491384e-01 -1.983632e+00 1.008475e+04 1.266426e+04 6.343135e+01  1000  5000 -2.775370e-03     0 3.510933e-02 9.982730e+01 1.278554e+02 6.228694e-02 4.683951e-04 
2.561000e+02 -3.608889e-02 1.491094e-01 -1.984451e+00 1.007967e+04 1.265258e+04 6.454090e+01  1000  5000 -2.999410e-03     0 3.500673e-02 9.990048e+01 1.278657e+02 6.230782e-02 4.537640e-04 
2.562000e+02 -3.515234e-02 1.491199e-01 -1.985250e+00 1.007457e+04 1.264091e+04 6.564992e+01  1000  5000 -2.959146e-03     0 3.487162e-02 9.998841e+01 1.278766e+02 6.235791e-02 4.446820e-04 
2.563000e+02 -3.421173e-02 1.491710e-01 -1.986035e+00 1.006947e+04 1.262923e+04 6.675860e+01  1000  5000 -2.818411e-03     0 3.475693e-02   100 1.278878e+02 6.243367e-02 4.446459e-04 
2.564000e+02 -3.330537e-02 1.492455e-01 -1.986801e+00 1.006435e+04 1.261756e+04 6.786715e+01  1000  5000 -2.643469e-03     0 3.481709e-02   100 1.278988e+02 6.251337e-02 4.473525e-04 
2.565000e+02 -3.245673e-02 1.493058e-01 -1.987540e+00 1.005923e+04 1.260590e+04 6.897582e+01  1000  5000 -2.463477e-03     0 3.485899e-02   100 1.279096e+02 6.256208e-02 4.437735e-04 
2.566000e+02 -3.164767e-02 1.493397e-01 -1.988251e+00 1.005409e+04 1.259424e+04 7.008477e+01  1000  5000 -2.660822e-03     0 3.483904e-02   100 1.279202e+02 6.257471e-02 4.316387e-04 
2.567000e+02 -3.081676e-02 1.493581e-01 -1.988942e+00 1.004895e+04 1.258258e+04 7.119407e+01  1000  5000 -2.625865e-03     0 3.483130e-02   100 1.279307e+02 6.256782e-02 4.243305e-04 
2.568000e+02 -2.998233e-02 1.493712e-01 -1.989619e+00 1.004379e+04 1.257092e+04 7.230379e+01  1000  5000 -2.502582e-03     0 3.485414e-02   100 1.279411e+02 6.255311e-02 4.249095e-04 
2.569000e+02 -2.917767e-02 1.493808e-01 -1.990278e+00 1.003863e+04 1.255926e+04 7.341393e+01  1000  5000 -2.349258e-03     0 3.489269e-02   100 1.279513e+02 6.253311e-02 4.278515e-04 
  257 -2.842334e-02 1.493860e-01 -1.990914e+00 1.003346e+04 1.254761e+04 7.452453e+01  1000  5000 -2.191416e-03     0 3.493380e-02   100 1.279615e+02 6.250773e-02 4.252799e-04 
2.571000e+02 -2.770393e-02 1.493869e-01 -1.991525e+00 1.002828e+04 1.253596e+04 7.563558e+01  1000  5000 -2.361371e-03     0 3.497472e-02   100 1.279715e+02 6.247789e-02 4.152228e-04 
2.572000e+02 -2.696693e-02 1.493844e-01 -1.992119e+00 1.002309e+04 1.252432e+04 7.674708e+01  1000  5000 -2.329672e-03     0 3.501692e-02   100 1.279815e+02 6.244530e-02 4.093081e-04 
2.573000e+02 -2.622807e-02 1.493794e-01 -1.992699e+00 1.001790e+04 1.251267e+04 7.785903e+01  1000  5000 -2.221503e-03     0 3.506096e-02   100 1.279913e+02 6.241130e-02 4.101957e-04 
2.574000e+02 -2.551573e-02 1.493725e-01 -1.993263e+00 1.001269e+04 1.250103e+04 7.897141e+01  1000  5000 -2.087460e-03     0 3.510601e-02   100 1.280011e+02 6.237661e-02 4.131037e-04 
2.575000e+02 -2.484730e-02 1.493639e-01 -1.993807e+00 1.000748e+04 1.248939e+04 8.008419e+01  1000  5000 -1.949625e-03     0 3.515106e-02   100 1.280108e+02 6.234161e-02 4.112235e-04 
2.576000e+02 -2.420965e-02 1.493541e-01 -1.994328e+00 1.000227e+04 1.247776e+04 8.119738e+01  1000  5000 -2.094989e-03     0 3.519558e-02   100 1.280204e+02 6.230654e-02 4.028583e-04 
2.577000e+02 -2.355841e-02 1.493429e-01 -1.994834e+00 9.997042e+03 1.246612e+04 8.231094e+01  1000  5000 -2.066415e-03     0 3.523940e-02   100 1.280300e+02 6.227167e-02 3.980670e-04 
2.578000e+02 -2.290692e-02 1.493307e-01 -1.995327e+00 9.991810e+03 1.245449e+04 8.342486e+01  1000  5000 -1.972113e-03     0 3.528248e-02   100 1.280395e+02 6.223720e-02 3.991745e-04 
2.579000e+02 -2.227908e-02 1.493175e-01 -1.995806e+00 9.986573e+03 1.244286e+04 8.453912e+01  1000  5000 -1.855731e-03     0 3.532476e-02   100 1.280489e+02 6.220327e-02 4.020880e-04 
  258 -2.168936e-02 1.493036e-01 -1.996266e+00 9.981329e+03 1.243123e+04 8.565371e+01  1000  5000 -1.736234e-03     0 3.537399e-02 9.998092e+01 1.280583e+02 6.216997e-02 4.009689e-04 
2.581000e+02 -2.112643e-02 1.492843e-01 -1.996706e+00 9.976079e+03 1.241960e+04 8.676860e+01  1000  5000 -1.860018e-03     0 3.552658e-02 9.992109e+01 1.280673e+02 6.213223e-02 3.943599e-04 
2.582000e+02 -2.055406e-02 1.492417e-01 -1.997132e+00 9.970823e+03 1.240798e+04 8.788378e+01  1000  5000 -1.834389e-03     0 3.564777e-02 9.988325e+01 1.280759e+02 6.207422e-02 3.908671e-04 
2.583000e+02 -1.998285e-02 1.491741e-01 -1.997546e+00 9.965561e+03 1.239635e+04 8.899917e+01  1000  5000 -1.752866e-03     0 3.571356e-02 9.986505e+01 1.280844e+02 6.199914e-02 3.924818e-04 
2.584000e+02 -1.943268e-02 1.490973e-01 -1.997947e+00 9.960294e+03 1.238473e+04 9.011465e+01  1000  5000 -1.652737e-03     0 3.574374e-02 9.986436e+01 1.280929e+02 6.192432e-02 3.957108e-04 
2.585000e+02 -1.891544e-02 1.490278e-01 -1.998331e+00 9.955021e+03 1.237311e+04 9.123012e+01  1000  5000 -1.550113e-03     0 3.575555e-02 9.987926e+01 1.281015e+02 6.186475e-02 3.955908e-04 
2.586000e+02 -1.842209e-02 1.489756e-01 -1.998698e+00 9.949743e+03 1.236149e+04 9.234550e+01  1000  5000 -1.653882e-03     0 3.574908e-02 9.990801e+01 1.281104e+02 6.182689e-02 3.908885e-04 
2.587000e+02 -1.792269e-02 1.489450e-01 -1.999052e+00 9.944460e+03 1.234987e+04 9.346075e+01  1000  5000 -1.631566e-03     0 3.571857e-02 9.994903e+01 1.281196e+02 6.181131e-02 3.889350e-04 
2.588000e+02 -1.742644e-02 1.489383e-01 -1.999396e+00 9.939173e+03 1.233825e+04 9.457590e+01  1000  5000 -1.562173e-03     0 3.566098e-02   100 1.281291e+02 6.181657e-02 3.914548e-04 
2.589000e+02 -1.694928e-02 1.489562e-01 -1.999728e+00 9.933880e+03 1.232664e+04 9.569100e+01  1000  5000 -1.477377e-03     0 3.563297e-02   100 1.281387e+02 6.184015e-02 3.955266e-04 
  259 -1.650050e-02 1.489863e-01 -2.000045e+00 9.928583e+03 1.231502e+04 9.680617e+01  1000  5000 -1.390698e-03     0 3.567959e-02   100 1.281482e+02 6.186666e-02 3.969570e-04 
2.591000e+02 -1.607268e-02 1.490088e-01 -2.000347e+00 9.923282e+03 1.230341e+04 9.792151e+01  1000  5000 -1.477835e-03     0 3.570982e-02   100 1.281576e+02 6.187780e-02 3.946688e-04 
2.592000e+02 -1.564223e-02 1.490182e-01 -2.000636e+00 9.917976e+03 1.229180e+04 9.903710e+01  1000  5000 -1.459240e-03     0 3.571851e-02   100 1.281669e+02 6.187194e-02 3.947915e-04 
2.593000e+02 -1.521657e-02 1.490198e-01 -2.000914e+00 9.912667e+03 1.228018e+04 1.001530e+02  1000  5000 -1.401538e-03     0 3.572980e-02   100 1.281761e+02 6.185667e-02 3.987586e-04 
2.594000e+02 -1.480822e-02 1.490185e-01 -2.001182e+00 9.907353e+03 1.226857e+04 1.012691e+02  1000  5000 -1.331303e-03     0 3.575323e-02   100 1.281852e+02 6.183767e-02 4.041271e-04 
2.595000e+02 -1.442426e-02 1.490156e-01 -2.001436e+00 9.902036e+03 1.225696e+04 1.023856e+02  1000  5000 -1.259773e-03     0 3.578399e-02   100 1.281943e+02 6.181655e-02 4.074146e-04 
2.596000e+02 -1.405906e-02 1.490108e-01 -2.001675e+00 9.896715e+03 1.224535e+04 1.035023e+02  1000  5000 -1.331954e-03     0 3.581620e-02   100 1.282033e+02 6.179339e-02 4.077363e-04 
2.597000e+02 -1.369507e-02 1.490040e-01 -2.001903e+00 9.891391e+03 1.223374e+04 1.046194e+02  1000  5000 -1.317384e-03     0 3.585179e-02 9.999561e+01 1.282122e+02 6.176853e-02 4.101763e-04 
2.598000e+02 -1.333818e-02 1.489936e-01 -2.002121e+00 9.886064e+03 1.222213e+04 1.057368e+02  1000  5000 -1.271235e-03     0 3.594047e-02 9.996050e+01 1.282209e+02 6.174037e-02 4.159594e-04 
2.599000e+02 -1.299770e-02 1.489706e-01 -2.002329e+00 9.880733e+03 1.221053e+04 1.068545e+02  1000  5000 -1.215382e-03     0 3.601576e-02 9.994049e+01 1.282293e+02 6.170112e-02 4.231283e-04 
  260 -1.267870e-02 1.489341e-01 -2.002523e+00 9.875399e+03 1.219892e+04 1.079724e+02  1000  5000 -1.158966e-03     0 3.606119e-02 9.993389e+01 1.282377e+02 6.165233e-02 4.288787e-04 
2.601000e+02 -1.237722e-02 1.488926e-01 -2.002705e+00 9.870063e+03 1.218731e+04 1.090905e+02  1000  5000 -1.218228e-03     0 3.608140e-02 9.993914e+01 1.282460e+02 6.160372e-02 4.325007e-04 
2.602000e+02 -1.208150e-02 1.488566e-01 -2.002875e+00 9.864724e+03 1.217570e+04 1.102087e+02  1000  5000 -1.208726e-03     0 3.608737e-02 9.995486e+01 1.282545e+02 6.156462e-02 4.380889e-04 
2.603000e+02 -1.179606e-02 1.488326e-01 -2.003037e+00 9.859382e+03 1.216410e+04 1.113270e+02  1000  5000 -1.174971e-03     0 3.608135e-02 9.997980e+01 1.282631e+02 6.153954e-02 4.466800e-04 
2.604000e+02 -1.152741e-02 1.488237e-01 -2.003188e+00 9.854038e+03 1.215249e+04 1.124454e+02  1000  5000 -1.134481e-03     0 3.605572e-02   100 1.282719e+02 6.152890e-02 4.568011e-04 
2.605000e+02 -1.127896e-02 1.488296e-01 -2.003327e+00 9.848692e+03 1.214088e+04 1.135640e+02  1000  5000 -1.094401e-03     0 3.608223e-02   100 1.282806e+02 6.153006e-02 4.663169e-04 
2.606000e+02 -1.104838e-02 1.488392e-01 -2.003454e+00 9.843343e+03 1.212928e+04 1.146827e+02  1000  5000 -1.144003e-03     0 3.612306e-02   100 1.282893e+02 6.153050e-02 4.747039e-04 
2.607000e+02 -1.082925e-02 1.488429e-01 -2.003571e+00 9.837993e+03 1.211767e+04 1.158016e+02  1000  5000 -1.142129e-03     0 3.614752e-02   100 1.282979e+02 6.152197e-02 4.851302e-04 
2.608000e+02 -1.062506e-02 1.488403e-01 -2.003678e+00 9.832640e+03 1.210606e+04 1.169207e+02  1000  5000 -1.123260e-03     0 3.616353e-02   100 1.283064e+02 6.150589e-02 4.984507e-04 
2.609000e+02 -1.044011e-02 1.488347e-01 -2.003774e+00 9.827286e+03 1.209446e+04 1.180401e+02  1000  5000 -1.100861e-03     0 3.618354e-02   100 1.283149e+02 6.148650e-02 5.136427e-04 
  261 -1.027669e-02 1.488283e-01 -2.003860e+00 9.821931e+03 1.208285e+04 1.191597e+02  1000  5000 -1.080363e-03     0 3.622366e-02 9.997497e+01 1.283232e+02 6.146613e-02 5.292159e-04 
2.611000e+02 -1.013432e-02 1.488158e-01 -2.003934e+00 9.816574e+03 1.207124e+04 1.202796e+02  1000  5000 -1.125274e-03     0 3.632768e-02 9.994621e+01 1.283313e+02 6.143964e-02 5.448555e-04 
2.612000e+02 -1.001156e-02 1.487865e-01 -2.003997e+00 9.811215e+03 1.205964e+04 1.213997e+02  1000  5000 -1.135915e-03     0 3.639418e-02 9.992848e+01 1.283392e+02 6.139827e-02 5.629054e-04 
2.613000e+02 -9.911471e-03 1.487436e-01 -2.004050e+00 9.805856e+03 1.204803e+04 1.225200e+02  1000  5000 -1.137269e-03     0 3.642625e-02 9.992045e+01 1.283470e+02 6.134815e-02 5.841311e-04 
2.614000e+02 -9.837207e-03 1.486984e-01 -2.004093e+00 9.800495e+03 1.203642e+04 1.236404e+02  1000  5000 -1.139065e-03     0 3.644798e-02 9.992094e+01 1.283548e+02 6.130107e-02 6.080375e-04 
2.615000e+02 -9.790955e-03 1.486592e-01 -2.004124e+00 9.795134e+03 1.202481e+04 1.247609e+02  1000  5000 -1.145281e-03     0 3.646490e-02 9.992888e+01 1.283627e+02 6.126396e-02 6.338501e-04 
2.616000e+02 -9.774486e-03 1.486295e-01 -2.004144e+00 9.789772e+03 1.201320e+04 1.258814e+02  1000  5000 -1.193921e-03     0 3.647216e-02 9.994330e+01 1.283706e+02 6.123835e-02 6.615456e-04 
2.617000e+02 9.780673e-03 1.486108e-01 -2.004130e+00 9.784409e+03 1.200159e+04 1.270019e+02  1000  5000 1.759508e-03     0 3.645930e-02 9.996331e+01 1.283787e+02 6.122384e-02 6.554766e-04 
2.618000e+02 -9.774310e-03 1.486042e-01 -2.003975e+00 9.779046e+03 1.198998e+04 1.281224e+02  1000  5000 3.701514e-03     0 3.644661e-02 9.998812e+01 1.283870e+02 6.122028e-02 4.680966e-04 
2.619000e+02 -9.814277e-03 1.486098e-01 -2.003645e+00 9.773682e+03 1.197837e+04 1.292430e+02  1000  5000 5.767496e-04     0 3.641833e-02   100 1.283953e+02 6.122529e-02 6.635650e-05 
  262 -9.860761e-03 1.486250e-01 -2.003294e+00 9.768318e+03 1.196676e+04 1.303637e+02  1000  5000 -6.165567e-04     0 3.645193e-02   100 1.284036e+02 6.123456e-02 -3.338652e-04 
2.621000e+02 -9.843181e-03 1.486379e-01 -2.003054e+00 9.762953e+03 1.195515e+04 1.314846e+02  1000  5000 -9.970965e-04     0 3.647828e-02   100 1.284118e+02 6.123695e-02 -5.819307e-04 
2.622000e+02 -9.800511e-03 1.486433e-01 -2.002980e+00 9.757588e+03 1.194353e+04 1.326057e+02  1000  5000 -1.142244e-03     0 3.649236e-02   100 1.284199e+02 6.122950e-02 -6.340800e-04 
2.623000e+02 -9.775492e-03 1.486433e-01 -2.003068e+00 9.752222e+03 1.193192e+04 1.337270e+02  1000  5000 -1.203425e-03     0 3.650589e-02   100 1.284280e+02 6.121557e-02 -5.059695e-04 
2.624000e+02 9.780559e-03 1.486408e-01 -2.003281e+00 9.746856e+03 1.192030e+04 1.348487e+02  1000  5000 5.983703e-04     0 3.652542e-02   100 1.284359e+02 6.119859e-02 -2.478261e-04 
2.625000e+02 9.778698e-03 1.486373e-01 -2.003490e+00 9.741490e+03 1.190869e+04 1.359705e+02  1000  5000 2.503948e-03     0 3.655861e-02 9.998832e+01 1.284438e+02 6.117994e-02 -2.991152e-05 
2.626000e+02 -9.786178e-03 1.486294e-01 -2.003559e+00 9.736124e+03 1.189707e+04 1.370926e+02  1000  5000 9.939190e-04     0 3.663834e-02 9.995836e+01 1.284515e+02 6.115699e-02 -1.110188e-05 
2.627000e+02 -9.838832e-03 1.486087e-01 -2.003533e+00 9.730757e+03 1.188546e+04 1.382150e+02  1000  5000 -5.034712e-04     0 3.671839e-02 9.993551e+01 1.284589e+02 6.112240e-02 -9.568357e-05 
2.628000e+02 -9.850675e-03 1.485731e-01 -2.003519e+00 9.725390e+03 1.187384e+04 1.393376e+02  1000  5000 -1.067233e-03     0 3.676173e-02 9.991883e+01 1.284662e+02 6.107671e-02 -1.416915e-04 
2.629000e+02 -9.819200e-03 1.485300e-01 -2.003571e+00 9.720022e+03 1.186222e+04 1.404604e+02  1000  5000 -1.282358e-03     0 3.679885e-02 9.990747e+01 1.284734e+02 6.102895e-02 -9.632617e-05 
  263 -9.784692e-03 1.484866e-01 -2.003697e+00 9.714654e+03 1.185060e+04 1.415832e+02  1000  5000 -1.368205e-03     0 3.683659e-02 9.990065e+01 1.284806e+02 6.098565e-02 4.156655e-05 
2.631000e+02 9.774175e-03 1.484460e-01 -2.003878e+00 9.709285e+03 1.183898e+04 1.427061e+02  1000  5000 -2.202636e-03     0 3.686977e-02 9.989769e+01 1.284878e+02 6.094872e-02 2.477161e-04 
2.632000e+02 9.795688e-03 1.484095e-01 -2.004077e+00 9.703916e+03 1.182737e+04 1.438290e+02  1000  5000 1.943123e-03     0 3.689348e-02 9.989795e+01 1.284951e+02 6.091829e-02 4.744163e-04 
2.633000e+02 9.779599e-03 1.483778e-01 -2.004127e+00 9.698546e+03 1.181575e+04 1.449518e+02  1000  5000 2.844434e-03     0 3.690806e-02 9.990087e+01 1.285023e+02 6.089472e-02 4.967856e-04 
2.634000e+02 -9.808090e-03 1.483518e-01 -2.003968e+00 9.693176e+03 1.180412e+04 1.460746e+02  1000  5000 8.043533e-04     0 3.691765e-02 9.990592e+01 1.285097e+02 6.087742e-02 2.609031e-04 
2.635000e+02 -9.869860e-03 1.483317e-01 -2.003719e+00 9.687806e+03 1.179250e+04 1.471974e+02  1000  5000 -6.977489e-04     0 3.692494e-02 9.991263e+01 1.285170e+02 6.086501e-02 -5.205341e-05 
2.636000e+02 -9.860122e-03 1.483170e-01 -2.003527e+00 9.682434e+03 1.178088e+04 1.483202e+02  1000  5000 -1.275460e-03     0 3.692646e-02 9.992059e+01 1.285245e+02 6.085669e-02 -2.671897e-04 
2.637000e+02 -9.809812e-03 1.483073e-01 -2.003462e+00 9.677063e+03 1.176926e+04 1.494429e+02  1000  5000 -1.491961e-03     0 3.692448e-02 9.992940e+01 1.285319e+02 6.085184e-02 -3.185315e-04 
2.638000e+02 -9.779320e-03 1.483023e-01 -2.003537e+00 9.671690e+03 1.175764e+04 1.505656e+02  1000  5000 -1.577559e-03     0 3.692104e-02 9.993871e+01 1.285394e+02 6.084953e-02 -2.064728e-04 
2.639000e+02 9.784955e-03 1.483017e-01 -2.003701e+00 9.666318e+03 1.174601e+04 1.516884e+02  1000  5000 1.349001e-03     0 3.691625e-02 9.994820e+01 1.285469e+02 6.084877e-02 -3.749355e-06 
  264 9.777632e-03 1.483050e-01 -2.003802e+00 9.660945e+03 1.173439e+04 1.528113e+02  1000  5000 2.535654e-03     0 3.691426e-02 9.995759e+01 1.285545e+02 6.084893e-02 8.711564e-05 
2.641000e+02 -9.800210e-03 1.483113e-01 -2.003756e+00 9.655572e+03 1.172276e+04 1.539343e+02  1000  5000 5.827252e-04     0 3.691353e-02 9.996662e+01 1.285620e+02 6.084911e-02 -1.627485e-05 
2.642000e+02 -9.847404e-03 1.483198e-01 -2.003653e+00 9.650198e+03 1.171114e+04 1.550575e+02  1000  5000 -8.860093e-04     0 3.691371e-02 9.997504e+01 1.285696e+02 6.084838e-02 -1.705439e-04 
2.643000e+02 -9.835325e-03 1.483298e-01 -2.003608e+00 9.644824e+03 1.169951e+04 1.561809e+02  1000  5000 -1.436855e-03     0 3.691666e-02 9.998264e+01 1.285771e+02 6.084651e-02 -2.309332e-04 
2.644000e+02 -9.794361e-03 1.483406e-01 -2.003671e+00 9.639450e+03 1.168788e+04 1.573045e+02  1000  5000 -1.644664e-03     0 3.692307e-02 9.998922e+01 1.285845e+02 6.084312e-02 -1.534568e-04 
2.645000e+02 9.777979e-03 1.483516e-01 -2.003838e+00 9.634075e+03 1.167626e+04 1.584284e+02  1000  5000 -1.088795e-03     0 3.693295e-02 9.999462e+01 1.285920e+02 6.083762e-02 4.907627e-05 
2.646000e+02 9.795207e-03 1.483623e-01 -2.004036e+00 9.628699e+03 1.166463e+04 1.595525e+02  1000  5000 2.300711e-03     0 3.694660e-02 9.999867e+01 1.285993e+02 6.082968e-02 2.757677e-04 
2.647000e+02 9.782048e-03 1.483715e-01 -2.004096e+00 9.623323e+03 1.165300e+04 1.606770e+02  1000  5000 2.656806e-03     0 3.697112e-02 9.999972e+01 1.286066e+02 6.081913e-02 3.032486e-04 
2.648000e+02 -9.814168e-03 1.483778e-01 -2.003992e+00 9.617947e+03 1.164137e+04 1.618018e+02  1000  5000 -1.859753e-04     0 3.700048e-02 9.999556e+01 1.286138e+02 6.080464e-02 1.343475e-04 
2.649000e+02 -9.835572e-03 1.483801e-01 -2.003860e+00 9.612571e+03 1.162974e+04 1.629269e+02  1000  5000 -1.258887e-03     0 3.702768e-02 9.999014e+01 1.286209e+02 6.078587e-02 -3.612625e-05 
  265 -9.806437e-03 1.483785e-01 -2.003803e+00 9.607194e+03 1.161811e+04 1.640524e+02  1000  5000 -1.660509e-03     0 3.706407e-02 9.998332e+01 1.286279e+02 6.076376e-02 -9.230221e-05 
2.651000e+02 -9.782342e-03 1.483724e-01 -2.003857e+00 9.601816e+03 1.160648e+04 1.651782e+02  1000  5000 -1.823621e-03     0 3.710523e-02 9.997496e+01 1.286347e+02 6.073825e-02 -5.887676e-06 
2.652000e+02 9.797606e-03 1.483612e-01 -2.003989e+00 9.596438e+03 1.159485e+04 1.663042e+02  1000  5000 1.092497e-03     0 3.715438e-02 9.996492e+01 1.286415e+02 6.070925e-02 1.662943e-04 
2.653000e+02 9.791341e-03 1.483444e-01 -2.004057e+00 9.591060e+03 1.158322e+04 1.674306e+02  1000  5000 2.261067e-03     0 3.719518e-02 9.995312e+01 1.286481e+02 6.067704e-02 2.334545e-04 
2.654000e+02 -9.786788e-03 1.483231e-01 -2.003977e+00 9.585682e+03 1.157159e+04 1.685572e+02  1000  5000 8.400792e-04     0 3.724163e-02 9.993944e+01 1.286546e+02 6.064323e-02 1.064241e-04 
2.655000e+02 -9.817031e-03 1.482976e-01 -2.003823e+00 9.580303e+03 1.155995e+04 1.696839e+02  1000  5000 -9.495111e-04     0 3.729373e-02 9.992380e+01 1.286610e+02 6.060800e-02 -9.315991e-05 
2.656000e+02 -9.806392e-03 1.482672e-01 -2.003728e+00 9.574924e+03 1.154832e+04 1.708109e+02  1000  5000 -1.631528e-03     0 3.734827e-02 9.990612e+01 1.286673e+02 6.057119e-02 -1.939710e-04 
2.657000e+02 -9.784011e-03 1.482313e-01 -2.003754e+00 9.569545e+03 1.153668e+04 1.719379e+02  1000  5000 -1.888794e-03     0 3.740405e-02 9.988632e+01 1.286735e+02 6.053269e-02 -1.370048e-04 
2.658000e+02 9.796056e-03 1.481898e-01 -2.003880e+00 9.564165e+03 1.152505e+04 1.730650e+02  1000  5000 9.937229e-04     0 3.746681e-02 9.986435e+01 1.286796e+02 6.049239e-02 3.139383e-05 
2.659000e+02 9.791720e-03 1.481421e-01 -2.003964e+00 9.558785e+03 1.151341e+04 1.741922e+02  1000  5000 2.150270e-03     0 3.752097e-02 9.984015e+01 1.286856e+02 6.045022e-02 1.196966e-04 
  266 -9.787401e-03 1.480891e-01 -2.003919e+00 9.553405e+03 1.150178e+04 1.753192e+02  1000  5000 7.249861e-04     0 3.757965e-02 9.981367e+01 1.286915e+02 6.040744e-02 3.232959e-05 
2.661000e+02 -9.813548e-03 1.480309e-01 -2.003809e+00 9.548025e+03 1.149014e+04 1.764462e+02  1000  5000 -1.087748e-03     0 3.764263e-02 9.978486e+01 1.286972e+02 6.036406e-02 -1.173526e-04 
2.662000e+02 -9.801313e-03 1.479670e-01 -2.003763e+00 9.542644e+03 1.147851e+04 1.775730e+02  1000  5000 -1.763526e-03     0 3.770685e-02 9.975368e+01 1.287029e+02 6.031978e-02 -1.656575e-04 
2.663000e+02 9.784866e-03 1.478967e-01 -2.003834e+00 9.537263e+03 1.146687e+04 1.786996e+02  1000  5000 -2.019017e-03     0 3.777137e-02 9.972010e+01 1.287084e+02 6.027442e-02 -6.095653e-05 
2.664000e+02 9.808581e-03 1.478201e-01 -2.003988e+00 9.531881e+03 1.145523e+04 1.798258e+02  1000  5000 1.597400e-03     0 3.783893e-02 9.968410e+01 1.287139e+02 6.022795e-02 1.364114e-04 
2.665000e+02 9.795589e-03 1.477369e-01 -2.004063e+00 9.526500e+03 1.144359e+04 1.809517e+02  1000  5000 2.292555e-03     0 3.790838e-02 9.964564e+01 1.287193e+02 6.018046e-02 2.050579e-04 
2.666000e+02 -9.795846e-03 1.476470e-01 -2.003986e+00 9.521118e+03 1.143195e+04 1.820771e+02  1000  5000 6.694018e-04     0 3.796956e-02 9.960469e+01 1.287246e+02 6.013216e-02 7.645597e-05 
2.667000e+02 -9.828240e-03 1.475515e-01 -2.003842e+00 9.515736e+03 1.142031e+04 1.832020e+02  1000  5000 -1.195217e-03     0 3.803592e-02 9.956124e+01 1.287297e+02 6.008400e-02 -1.113605e-04 
2.668000e+02 -9.810934e-03 1.474502e-01 -2.003771e+00 9.510354e+03 1.140867e+04 1.843264e+02  1000  5000 -1.889469e-03     0 3.810540e-02 9.951527e+01 1.287348e+02 6.003602e-02 -1.839124e-04 
2.669000e+02 9.789133e-03 1.473424e-01 -2.003832e+00 9.504971e+03 1.139703e+04 1.854500e+02  1000  5000 -2.150580e-03     0 3.817466e-02 9.946677e+01 1.287399e+02 5.998765e-02 -8.652351e-05 
  267 9.816838e-03 1.472280e-01 -2.003991e+00 9.499588e+03 1.138539e+04 1.865729e+02  1000  5000 3.258966e-04     0 3.824505e-02 9.941573e+01 1.287448e+02 5.993852e-02 1.205776e-04 
2.671000e+02 9.819465e-03 1.471066e-01 -2.004111e+00 9.494205e+03 1.137375e+04 1.876949e+02  1000  5000 1.736538e-03     0 3.831609e-02 9.936214e+01 1.287497e+02 5.988878e-02 2.560564e-04 
2.672000e+02 9.793576e-03 1.469785e-01 -2.004101e+00 9.488821e+03 1.136211e+04 1.888160e+02  1000  5000 2.241662e-03     0 3.838028e-02 9.930598e+01 1.287545e+02 5.983887e-02 2.184431e-04 
2.673000e+02 -9.812006e-03 1.468444e-01 -2.003949e+00 9.483438e+03 1.135047e+04 1.899361e+02  1000  5000 4.711445e-05     0 3.845190e-02 9.924726e+01 1.287592e+02 5.978942e-02 8.246296e-06 
2.674000e+02 -9.835123e-03 1.467041e-01 -2.003778e+00 9.478054e+03 1.133882e+04 1.910552e+02  1000  5000 -1.498150e-03     0 3.851830e-02 9.918596e+01 1.287639e+02 5.973993e-02 -1.960839e-04 
2.675000e+02 -9.805748e-03 1.465576e-01 -2.003718e+00 9.472669e+03 1.132718e+04 1.921730e+02  1000  5000 -2.072596e-03     0 3.858631e-02 9.912208e+01 1.287685e+02 5.969095e-02 -2.439016e-04 
2.676000e+02 9.795412e-03 1.464050e-01 -2.003809e+00 9.467285e+03 1.131554e+04 1.932896e+02  1000  5000 -4.373039e-04     0 3.865511e-02 9.905562e+01 1.287730e+02 5.964225e-02 -1.049029e-04 
2.677000e+02 9.815655e-03 1.462459e-01 -2.003956e+00 9.461900e+03 1.130389e+04 1.944049e+02  1000  5000 1.411671e-03     0 3.872315e-02 9.898659e+01 1.287775e+02 5.959343e-02 7.824280e-05 
2.678000e+02 9.799096e-03 1.460804e-01 -2.004020e+00 9.456515e+03 1.129225e+04 1.955188e+02  1000  5000 2.080555e-03     0 3.879067e-02 9.891498e+01 1.287819e+02 5.954476e-02 1.338231e-04 
2.679000e+02 -9.801368e-03 1.459086e-01 -2.003951e+00 9.451130e+03 1.128060e+04 1.966311e+02  1000  5000 4.750841e-04     0 3.885782e-02 9.884080e+01 1.287863e+02 5.949635e-02 1.632272e-05 
  268 -9.828073e-03 1.457306e-01 -2.003832e+00 9.445745e+03 1.126896e+04 1.977419e+02  1000  5000 -1.382756e-03     0 3.892444e-02 9.876405e+01 1.287906e+02 5.944811e-02 -1.407866e-04 
2.681000e+02 -9.807576e-03 1.455464e-01 -2.003797e+00 9.440359e+03 1.125731e+04 1.988510e+02  1000  5000 -2.097551e-03     0 3.899070e-02 9.868473e+01 1.287949e+02 5.940032e-02 -1.703741e-04 
2.682000e+02 9.796334e-03 1.453561e-01 -2.003896e+00 9.434973e+03 1.124566e+04 1.999583e+02  1000  5000 -5.261738e-04     0 3.905639e-02 9.860285e+01 1.287991e+02 5.935294e-02 -2.807789e-05 
2.683000e+02 9.815400e-03 1.451597e-01 -2.004043e+00 9.429586e+03 1.123402e+04 2.010638e+02  1000  5000 1.299710e-03     0 3.912135e-02 9.851841e+01 1.288033e+02 5.930582e-02 1.521656e-04 
2.684000e+02 9.801053e-03 1.449574e-01 -2.004104e+00 9.424200e+03 1.122237e+04 2.021674e+02  1000  5000 1.960538e-03     0 3.918587e-02 9.843142e+01 1.288075e+02 5.925926e-02 2.034428e-04 
2.685000e+02 -9.800931e-03 1.447491e-01 -2.004028e+00 9.418813e+03 1.121072e+04 2.032690e+02  1000  5000 3.521004e-04     0 3.924975e-02 9.834189e+01 1.288116e+02 5.921319e-02 8.265500e-05 
2.686000e+02 -9.820709e-03 1.445349e-01 -2.003904e+00 9.413426e+03 1.119907e+04 2.043685e+02  1000  5000 -1.538296e-03     0 3.931279e-02 9.824982e+01 1.288157e+02 5.916744e-02 -7.523893e-05 
2.687000e+02 -9.801095e-03 1.443149e-01 -2.003867e+00 9.408038e+03 1.118742e+04 2.054658e+02  1000  5000 -2.240585e-03     0 3.937529e-02 9.815523e+01 1.288198e+02 5.912225e-02 -1.017053e-04 
2.688000e+02 9.807597e-03 1.440891e-01 -2.003964e+00 9.402651e+03 1.117577e+04 2.065609e+02  1000  5000 -6.651191e-04     0 3.943715e-02 9.805811e+01 1.288239e+02 5.907755e-02 4.660364e-05 
2.689000e+02 9.844321e-03 1.438576e-01 -2.004110e+00 9.397263e+03 1.116412e+04 2.076536e+02  1000  5000 1.164848e-03     0 3.949821e-02 9.795848e+01 1.288279e+02 5.903325e-02 2.344353e-04 
  269 9.825492e-03 1.436205e-01 -2.004167e+00 9.391875e+03 1.115247e+04 2.087439e+02  1000  5000 1.827951e-03     0 3.955873e-02 9.785636e+01 1.288319e+02 5.898961e-02 2.936053e-04 
2.691000e+02 9.796594e-03 1.433777e-01 -2.004085e+00 9.386487e+03 1.114082e+04 2.098318e+02  1000  5000 2.031671e-03     0 3.961851e-02 9.775173e+01 1.288358e+02 5.894655e-02 1.768984e-04 
2.692000e+02 -9.809975e-03 1.431292e-01 -2.003899e+00 9.381098e+03 1.112916e+04 2.109170e+02  1000  5000 -8.931266e-04     0 3.967829e-02 9.764466e+01 1.288398e+02 5.890379e-02 -5.482382e-05 
2.693000e+02 -9.806280e-03 1.428753e-01 -2.003761e+00 9.375709e+03 1.111751e+04 2.119997e+02  1000  5000 -2.083788e-03     0 3.973571e-02 9.753508e+01 1.288437e+02 5.886145e-02 -1.980543e-04 
2.694000e+02 9.797140e-03 1.426160e-01 -2.003768e+00 9.370320e+03 1.110586e+04 2.130796e+02  1000  5000 -6.868863e-04     0 3.979325e-02 9.742304e+01 1.288477e+02 5.881989e-02 -1.490346e-04 
2.695000e+02 9.819722e-03 1.423513e-01 -2.003858e+00 9.364931e+03 1.109420e+04 2.141567e+02  1000  5000 1.076235e-03     0 3.985040e-02 9.730855e+01 1.288516e+02 5.877878e-02 -1.670126e-05 
2.696000e+02 9.809000e-03 1.420813e-01 -2.003906e+00 9.359542e+03 1.108255e+04 2.152309e+02  1000  5000 1.730750e-03     0 3.990679e-02 9.719162e+01 1.288555e+02 5.873813e-02 3.616491e-05 
2.697000e+02 -9.795875e-03 1.418060e-01 -2.003855e+00 9.354152e+03 1.107089e+04 2.163022e+02  1000  5000 1.318702e-03     0 3.996250e-02 9.707226e+01 1.288593e+02 5.869796e-02 -4.550722e-05 
2.698000e+02 -9.817952e-03 1.415254e-01 -2.003743e+00 9.348762e+03 1.105924e+04 2.173704e+02  1000  5000 -2.059735e-03     0 4.001748e-02 9.695048e+01 1.288632e+02 5.865818e-02 -1.918148e-04 
2.699000e+02 -9.801835e-03 1.412396e-01 -2.003733e+00 9.343372e+03 1.104758e+04 2.184356e+02  1000  5000 -2.548711e-03     0 4.007192e-02 9.682630e+01 1.288671e+02 5.861905e-02 -1.852997e-04 
  270 9.819540e-03 1.409487e-01 -2.003874e+00 9.337982e+03 1.103592e+04 2.194976e+02  1000  5000 -3.622979e-04     0 4.012620e-02 9.669977e+01 1.288709e+02 5.858033e-02 1.263863e-05 
2.701000e+02 9.853936e-03 1.406526e-01 -2.004048e+00 9.332591e+03 1.102427e+04 2.205563e+02  1000  5000 1.147768e-03     0 4.017864e-02 9.657082e+01 1.288747e+02 5.854187e-02 2.275014e-04 
2.702000e+02 9.830574e-03 1.403515e-01 -2.004127e+00 9.327201e+03 1.101261e+04 2.216117e+02  1000  5000 1.692639e-03     0 4.023117e-02 9.643950e+01 1.288786e+02 5.850411e-02 3.071034e-04 
2.703000e+02 9.799791e-03 1.400454e-01 -2.004065e+00 9.321810e+03 1.100095e+04 2.226638e+02  1000  5000 1.879800e-03     0 4.028335e-02 9.630582e+01 1.288824e+02 5.846692e-02 2.122175e-04 
2.704000e+02 -9.806839e-03 1.397342e-01 -2.003899e+00 9.316419e+03 1.098929e+04 2.237124e+02  1000  5000 -1.035680e-03     0 4.033498e-02 9.616985e+01 1.288862e+02 5.842997e-02 2.778090e-06 
2.705000e+02 -9.801085e-03 1.394181e-01 -2.003779e+00 9.311027e+03 1.097763e+04 2.247574e+02  1000  5000 -2.237521e-03     0 4.038527e-02 9.603151e+01 1.288900e+02 5.839335e-02 -1.172831e-04 
2.706000e+02 9.804651e-03 1.390971e-01 -2.003802e+00 9.305636e+03 1.096597e+04 2.257989e+02  1000  5000 -8.500978e-04     0 4.043554e-02 9.589085e+01 1.288938e+02 5.835730e-02 -4.784037e-05 
2.707000e+02 9.843921e-03 1.387713e-01 -2.003902e+00 9.300244e+03 1.095431e+04 2.268367e+02  1000  5000 9.117599e-04     0 4.048532e-02 9.574788e+01 1.288976e+02 5.832160e-02 1.010513e-04 
2.708000e+02 9.834612e-03 1.384407e-01 -2.003954e+00 9.294852e+03 1.094264e+04 2.278707e+02  1000  5000 1.551693e-03     0 4.053452e-02 9.560263e+01 1.289013e+02 5.828632e-02 1.661054e-04 
2.709000e+02 9.801757e-03 1.381052e-01 -2.003900e+00 9.289460e+03 1.093098e+04 2.289010e+02  1000  5000 1.774296e-03     0 4.058317e-02 9.545511e+01 1.289051e+02 5.825148e-02 9.282077e-05 
  271 -9.801848e-03 1.377649e-01 -2.003742e+00 9.284067e+03 1.091932e+04 2.299274e+02  1000  5000 6.239964e-06     0 4.063117e-02 9.530533e+01 1.289089e+02 5.821693e-02 -1.055432e-04 
2.711000e+02 -9.812933e-03 1.374200e-01 -2.003590e+00 9.278675e+03 1.090765e+04 2.309499e+02  1000  5000 -1.919463e-03     0 4.067874e-02 9.515330e+01 1.289126e+02 5.818274e-02 -2.765056e-04 
2.712000e+02 -9.795870e-03 1.370704e-01 -2.003578e+00 9.273282e+03 1.089599e+04 2.319684e+02  1000  5000 -2.633458e-03     0 4.072603e-02 9.499905e+01 1.289164e+02 5.814916e-02 -2.568859e-04 
2.713000e+02 9.826918e-03 1.367162e-01 -2.003719e+00 9.267888e+03 1.088432e+04 2.329828e+02  1000  5000 8.836906e-05     0 4.077278e-02 9.484262e+01 1.289201e+02 5.811583e-02 -5.317000e-05 
2.714000e+02 9.851240e-03 1.363574e-01 -2.003878e+00 9.262495e+03 1.087266e+04 2.339931e+02  1000  5000 1.191425e-03     0 4.081839e-02 9.468396e+01 1.289239e+02 5.808267e-02 1.427690e-04 
2.715000e+02 9.822266e-03 1.359941e-01 -2.003948e+00 9.257102e+03 1.086099e+04 2.349991e+02  1000  5000 1.585798e-03     0 4.086408e-02 9.452309e+01 1.289276e+02 5.805006e-02 2.109385e-04 
2.716000e+02 9.794345e-03 1.356261e-01 -2.003893e+00 9.251708e+03 1.084932e+04 2.360010e+02  1000  5000 1.684511e-03     0 4.090943e-02 9.436006e+01 1.289314e+02 5.801788e-02 1.251983e-04 
2.717000e+02 -9.800373e-03 1.352537e-01 -2.003752e+00 9.246315e+03 1.083765e+04 2.369985e+02  1000  5000 -1.261280e-03     0 4.095423e-02 9.419492e+01 1.289351e+02 5.798590e-02 -5.249766e-05 
2.718000e+02 -9.792816e-03 1.348768e-01 -2.003674e+00 9.240920e+03 1.082599e+04 2.379917e+02  1000  5000 -2.473672e-03     0 4.099813e-02 9.402759e+01 1.289388e+02 5.795424e-02 -1.236024e-04 
2.719000e+02 9.810349e-03 1.344955e-01 -2.003746e+00 9.235526e+03 1.081432e+04 2.389804e+02  1000  5000 -1.085847e-03     0 4.104193e-02 9.385813e+01 1.289426e+02 5.792303e-02 3.500642e-06 
  272 9.871572e-03 1.341100e-01 -2.003896e+00 9.230131e+03 1.080265e+04 2.399646e+02  1000  5000 6.783728e-04     0 4.108526e-02 9.368656e+01 1.289463e+02 5.789200e-02 2.099958e-04 
2.721000e+02 9.870275e-03 1.337201e-01 -2.003989e+00 9.224737e+03 1.079097e+04 2.409442e+02  1000  5000 1.311742e-03     0 4.112823e-02 9.351289e+01 1.289500e+02 5.786140e-02 3.254740e-04 
2.722000e+02 9.824406e-03 1.333257e-01 -2.003963e+00 9.219342e+03 1.077930e+04 2.419192e+02  1000  5000 1.531128e-03     0 4.117077e-02 9.333715e+01 1.289537e+02 5.783124e-02 2.910786e-04 
2.723000e+02 9.791630e-03 1.329270e-01 -2.003816e+00 9.213947e+03 1.076763e+04 2.428895e+02  1000  5000 1.599276e-03     0 4.121261e-02 9.315935e+01 1.289574e+02 5.780133e-02 1.147517e-04 
2.724000e+02 -9.798037e-03 1.325240e-01 -2.003589e+00 9.208552e+03 1.075596e+04 2.438551e+02  1000  5000 -7.532174e-04     0 4.125408e-02 9.297955e+01 1.289611e+02 5.777156e-02 -1.493182e-04 
2.725000e+02 -9.795575e-03 1.321170e-01 -2.003423e+00 9.203156e+03 1.074428e+04 2.448159e+02  1000  5000 -2.350309e-03     0 4.129503e-02 9.279767e+01 1.289648e+02 5.774221e-02 -3.144540e-04 
2.726000e+02 9.797987e-03 1.317058e-01 -2.003434e+00 9.197761e+03 1.073261e+04 2.457719e+02  1000  5000 -1.073495e-03     0 4.133601e-02 9.261377e+01 1.289685e+02 5.771346e-02 -2.503839e-04 
2.727000e+02 9.845241e-03 1.312904e-01 -2.003562e+00 9.192365e+03 1.072093e+04 2.467229e+02  1000  5000 6.480902e-04     0 4.137622e-02 9.242787e+01 1.289722e+02 5.768476e-02 -6.359712e-05 
2.728000e+02 9.845473e-03 1.308710e-01 -2.003673e+00 9.186969e+03 1.070926e+04 2.476689e+02  1000  5000 1.275031e-03     0 4.141591e-02 9.223999e+01 1.289759e+02 5.765626e-02 7.306991e-05 
2.729000e+02 9.809017e-03 1.304474e-01 -2.003696e+00 9.181573e+03 1.069758e+04 2.486099e+02  1000  5000 1.493221e-03     0 4.145542e-02 9.205015e+01 1.289796e+02 5.762818e-02 9.024423e-05 
  273 -9.788485e-03 1.300198e-01 -2.003618e+00 9.176177e+03 1.068590e+04 2.495458e+02  1000  5000 1.562683e-03     0 4.149450e-02 9.185835e+01 1.289833e+02 5.760040e-02 -1.758477e-05 
2.731000e+02 -9.801547e-03 1.295882e-01 -2.003488e+00 9.170780e+03 1.067422e+04 2.504766e+02  1000  5000 -2.172417e-03     0 4.153313e-02 9.166465e+01 1.289870e+02 5.757285e-02 -1.759305e-04 
2.732000e+02 9.790638e-03 1.291526e-01 -2.003473e+00 9.165383e+03 1.066255e+04 2.514022e+02  1000  5000 -2.635401e-03     0 4.157136e-02 9.146909e+01 1.289906e+02 5.754574e-02 -1.660034e-04 
2.733000e+02 9.824216e-03 1.287131e-01 -2.003601e+00 9.159986e+03 1.065087e+04 2.523225e+02  1000  5000 -6.000395e-06     0 4.160889e-02 9.127162e+01 1.289943e+02 5.751889e-02 2.127947e-05 
2.734000e+02 9.851290e-03 1.282699e-01 -2.003742e+00 9.154589e+03 1.063918e+04 2.532375e+02  1000  5000 9.562331e-04     0 4.164586e-02 9.107220e+01 1.289980e+02 5.749227e-02 1.987124e-04 
2.735000e+02 9.828054e-03 1.278228e-01 -2.003800e+00 9.149192e+03 1.062750e+04 2.541471e+02  1000  5000 1.300205e-03     0 4.168298e-02 9.087091e+01 1.290016e+02 5.746613e-02 2.614891e-04 
2.736000e+02 9.795634e-03 1.273718e-01 -2.003746e+00 9.143794e+03 1.061582e+04 2.550513e+02  1000  5000 1.382380e-03     0 4.171965e-02 9.066777e+01 1.290053e+02 5.744032e-02 1.870957e-04 
2.737000e+02 -9.790290e-03 1.269169e-01 -2.003595e+00 9.138397e+03 1.060414e+04 2.559501e+02  1000  5000 -4.349273e-04     0 4.175560e-02 9.046281e+01 1.290090e+02 5.741464e-02 2.438471e-06 
2.738000e+02 -9.791896e-03 1.264584e-01 -2.003461e+00 9.132999e+03 1.059246e+04 2.568433e+02  1000  5000 -3.126923e-03     0 4.179119e-02 9.025603e+01 1.290126e+02 5.738919e-02 -1.383046e-04 
2.739000e+02 9.809660e-03 1.259961e-01 -2.003493e+00 9.127600e+03 1.058077e+04 2.577310e+02  1000  5000 -1.522195e-03     0 4.182664e-02 9.004747e+01 1.290163e+02 5.736418e-02 -4.910895e-05 
  274 9.893703e-03 1.255303e-01 -2.003639e+00 9.122202e+03 1.056909e+04 2.586130e+02  1000  5000 3.249523e-04     0 4.186150e-02 8.983713e+01 1.290199e+02 5.733929e-02 1.662514e-04 
2.741000e+02 9.918492e-03 1.250609e-01 -2.003757e+00 9.116804e+03 1.055740e+04 2.594893e+02  1000  5000 1.003024e-03     0 4.189595e-02 8.962503e+01 1.290236e+02 5.731470e-02 3.237572e-04 
2.742000e+02 9.877012e-03 1.245878e-01 -2.003773e+00 9.111405e+03 1.054571e+04 2.603599e+02  1000  5000 1.240848e-03     0 4.193015e-02 8.941119e+01 1.290272e+02 5.729058e-02 3.497436e-04 
2.743000e+02 9.822981e-03 1.241110e-01 -2.003673e+00 9.106007e+03 1.053403e+04 2.612248e+02  1000  5000 1.313739e-03     0 4.196376e-02 8.919564e+01 1.290308e+02 5.726676e-02 2.390165e-04 
2.744000e+02 9.791602e-03 1.236306e-01 -2.003480e+00 9.100608e+03 1.052234e+04 2.620838e+02  1000  5000 1.329319e-03     0 4.199674e-02 8.897838e+01 1.290345e+02 5.724311e-02 2.274793e-05 
2.745000e+02 -9.791552e-03 1.231468e-01 -2.003235e+00 9.095209e+03 1.051065e+04 2.629369e+02  1000  5000 -5.105651e-04     0 4.202941e-02 8.875943e+01 1.290381e+02 5.721965e-02 -2.494813e-04 
2.746000e+02 -9.791212e-03 1.226597e-01 -2.003059e+00 9.089810e+03 1.049896e+04 2.637841e+02  1000  5000 -3.187227e-03     0 4.206207e-02 8.853882e+01 1.290417e+02 5.719666e-02 -4.197167e-04 
2.747000e+02 9.813617e-03 1.221692e-01 -2.003099e+00 9.084410e+03 1.048727e+04 2.646253e+02  1000  5000 -1.576570e-03     0 4.209437e-02 8.831656e+01 1.290453e+02 5.717427e-02 -3.103213e-04 
2.748000e+02 9.909152e-03 1.216754e-01 -2.003290e+00 9.079011e+03 1.047558e+04 2.654605e+02  1000  5000 2.740673e-04     0 4.212562e-02 8.809267e+01 1.290490e+02 5.715176e-02 -3.907062e-05 
2.749000e+02 9.938509e-03 1.211784e-01 -2.003475e+00 9.073612e+03 1.046389e+04 2.662897e+02  1000  5000 9.544071e-04     0 4.215651e-02 8.786717e+01 1.290526e+02 5.712939e-02 1.940853e-04 
  275 9.893222e-03 1.206780e-01 -2.003566e+00 9.068212e+03 1.045219e+04 2.671127e+02  1000  5000 1.192859e-03     0 4.218752e-02 8.764008e+01 1.290562e+02 5.710756e-02 3.004016e-04 
2.751000e+02 9.832216e-03 1.201743e-01 -2.003538e+00 9.062813e+03 1.044050e+04 2.679295e+02  1000  5000 1.218061e-03     0 4.221810e-02 8.741141e+01 1.290598e+02 5.708611e-02 2.631681e-04 
2.752000e+02 9.794452e-03 1.196672e-01 -2.003404e+00 9.057414e+03 1.042881e+04 2.687401e+02  1000  5000 1.215036e-03     0 4.224791e-02 8.718119e+01 1.290634e+02 5.706484e-02 1.075594e-04 
2.753000e+02 -9.788225e-03 1.191570e-01 -2.003203e+00 9.052014e+03 1.041711e+04 2.695445e+02  1000  5000 -6.322231e-04     0 4.227721e-02 8.694943e+01 1.290670e+02 5.704373e-02 -1.203928e-04 
2.754000e+02 -9.788140e-03 1.186438e-01 -2.003054e+00 9.046614e+03 1.040542e+04 2.703426e+02  1000  5000 -3.334165e-03     0 4.230643e-02 8.671616e+01 1.290706e+02 5.702301e-02 -2.636679e-04 
2.755000e+02 9.812071e-03 1.181276e-01 -2.003082e+00 9.041214e+03 1.039372e+04 2.711343e+02  1000  5000 -5.994622e-04     0 4.233554e-02 8.648145e+01 1.290742e+02 5.700279e-02 -1.751092e-04 
2.756000e+02 9.860425e-03 1.176083e-01 -2.003193e+00 9.035814e+03 1.038202e+04 2.719197e+02  1000  5000 5.582314e-04     0 4.236344e-02 8.624521e+01 1.290778e+02 5.698261e-02 -8.956421e-06 
2.757000e+02 9.858458e-03 1.170861e-01 -2.003281e+00 9.030414e+03 1.037032e+04 2.726986e+02  1000  5000 9.781099e-04     0 4.239119e-02 8.600748e+01 1.290814e+02 5.696272e-02 1.062484e-04 
2.758000e+02 9.822780e-03 1.165609e-01 -2.003293e+00 9.025013e+03 1.035863e+04 2.734710e+02  1000  5000 1.121235e-03     0 4.241884e-02 8.576832e+01 1.290850e+02 5.694323e-02 1.221817e-04 
2.759000e+02 9.791199e-03 1.160328e-01 -2.003223e+00 9.019613e+03 1.034693e+04 2.742369e+02  1000  5000 1.162817e-03     0 4.244600e-02 8.552773e+01 1.290885e+02 5.692402e-02 3.786503e-05 
  276 -9.783120e-03 1.155017e-01 -2.003090e+00 9.014213e+03 1.033522e+04 2.749963e+02  1000  5000 -6.676174e-04     0 4.247261e-02 8.528575e+01 1.290921e+02 5.690501e-02 -1.193015e-04 
2.761000e+02 -9.783481e-03 1.149679e-01 -2.002999e+00 9.008812e+03 1.032352e+04 2.757491e+02  1000  5000 -3.379187e-03     0 4.249890e-02 8.504238e+01 1.290957e+02 5.688632e-02 -2.039132e-04 
2.762000e+02 9.811313e-03 1.144313e-01 -2.003070e+00 9.003411e+03 1.031182e+04 2.764952e+02  1000  5000 -6.338672e-04     0 4.252498e-02 8.479771e+01 1.290993e+02 5.686802e-02 -7.525386e-05 
2.763000e+02 9.862530e-03 1.138920e-01 -2.003206e+00 8.998010e+03 1.030012e+04 2.772347e+02  1000  5000 4.824526e-04     0 4.255006e-02 8.455165e+01 1.291028e+02 5.684982e-02 1.139277e-04 
2.764000e+02 9.862795e-03 1.133501e-01 -2.003302e+00 8.992608e+03 1.028842e+04 2.779674e+02  1000  5000 8.874952e-04     0 4.257514e-02 8.430424e+01 1.291064e+02 5.683197e-02 2.363962e-04 
2.765000e+02 9.828064e-03 1.128054e-01 -2.003310e+00 8.987207e+03 1.027671e+04 2.786934e+02  1000  5000 1.025499e-03     0 4.260002e-02 8.405552e+01 1.291100e+02 5.681453e-02 2.477245e-04 
2.766000e+02 9.794374e-03 1.122580e-01 -2.003226e+00 8.981806e+03 1.026501e+04 2.794126e+02  1000  5000 1.028298e-03     0 4.262430e-02 8.380552e+01 1.291135e+02 5.679732e-02 1.515726e-04 
2.767000e+02 9.779561e-03 1.117079e-01 -2.003073e+00 8.976404e+03 1.025330e+04 2.801249e+02  1000  5000 1.021439e-03     0 4.264802e-02 8.355426e+01 1.291171e+02 5.678029e-02 -2.240500e-05 
2.768000e+02 -9.777850e-03 1.111554e-01 -2.002908e+00 8.971003e+03 1.024159e+04 2.808304e+02  1000  5000 -1.956360e-03     0 4.267156e-02 8.330182e+01 1.291207e+02 5.676350e-02 -2.003187e-04 
2.769000e+02 9.782695e-03 1.106005e-01 -2.002870e+00 8.965601e+03 1.022989e+04 2.815290e+02  1000  5000 -1.341862e-03     0 4.269454e-02 8.304810e+01 1.291242e+02 5.674718e-02 -1.991312e-04 
  277 9.827218e-03 1.100431e-01 -2.002955e+00 8.960198e+03 1.021818e+04 2.822206e+02  1000  5000 1.357261e-04     0 4.271726e-02 8.279315e+01 1.291278e+02 5.673109e-02 -5.819004e-05 
2.771000e+02 9.846514e-03 1.094834e-01 -2.003052e+00 8.954796e+03 1.020647e+04 2.829053e+02  1000  5000 6.936769e-04     0 4.273950e-02 8.253701e+01 1.291313e+02 5.671516e-02 7.602778e-05 
2.772000e+02 9.826867e-03 1.089213e-01 -2.003098e+00 8.949394e+03 1.019476e+04 2.835829e+02  1000  5000 8.902702e-04     0 4.276145e-02 8.227971e+01 1.291349e+02 5.669955e-02 1.355345e-04 
2.773000e+02 9.796342e-03 1.083568e-01 -2.003070e+00 8.943992e+03 1.018305e+04 2.842535e+02  1000  5000 9.521241e-04     0 4.278301e-02 8.202126e+01 1.291384e+02 5.668425e-02 1.041763e-04 
2.774000e+02 9.776935e-03 1.077899e-01 -2.002976e+00 8.938589e+03 1.017134e+04 2.849170e+02  1000  5000 9.662668e-04     0 4.280409e-02 8.176169e+01 1.291419e+02 5.666919e-02 -5.114799e-06 
2.775000e+02 -9.775519e-03 1.072208e-01 -2.002839e+00 8.933187e+03 1.015963e+04 2.855734e+02  1000  5000 -8.709341e-04     0 4.282475e-02 8.150101e+01 1.291455e+02 5.665434e-02 -1.621365e-04 
2.776000e+02 -9.774577e-03 1.066496e-01 -2.002765e+00 8.927784e+03 1.014792e+04 2.862226e+02  1000  5000 -3.571790e-03     0 4.284516e-02 8.123925e+01 1.291490e+02 5.663986e-02 -2.252904e-04 
2.777000e+02 9.811600e-03 1.060763e-01 -2.002864e+00 8.922381e+03 1.013620e+04 2.868647e+02  1000  5000 -8.253679e-04     0 4.286525e-02 8.097650e+01 1.291526e+02 5.662574e-02 -6.111344e-05 
2.778000e+02 9.880814e-03 1.055009e-01 -2.003034e+00 8.916977e+03 1.012449e+04 2.874996e+02  1000  5000 2.935177e-04     0 4.288433e-02 8.071264e+01 1.291561e+02 5.661165e-02 1.700114e-04 
2.779000e+02 9.893411e-03 1.049236e-01 -2.003164e+00 8.911574e+03 1.011278e+04 2.881272e+02  1000  5000 7.017955e-04     0 4.290353e-02 8.044773e+01 1.291596e+02 5.659794e-02 3.338871e-04 
  278 9.860236e-03 1.043441e-01 -2.003199e+00 8.906171e+03 1.010106e+04 2.887475e+02  1000  5000 8.418374e-04     0 4.292258e-02 8.018182e+01 1.291631e+02 5.658465e-02 3.807018e-04 
2.781000e+02 9.818316e-03 1.037625e-01 -2.003133e+00 8.900768e+03 1.008934e+04 2.893606e+02  1000  5000 8.308910e-04     0 4.294098e-02 7.991492e+01 1.291667e+02 5.657160e-02 3.110563e-04 
2.782000e+02 9.788135e-03 1.031789e-01 -2.002985e+00 8.895365e+03 1.007763e+04 2.899663e+02  1000  5000 8.169249e-04     0 4.295875e-02 7.964706e+01 1.291702e+02 5.655871e-02 1.541859e-04 
2.783000e+02 9.772817e-03 1.025933e-01 -2.002791e+00 8.889961e+03 1.006591e+04 2.905647e+02  1000  5000 8.046556e-04     0 4.297618e-02 7.937826e+01 1.291737e+02 5.654603e-02 -5.124516e-05 
2.784000e+02 -9.769415e-03 1.020061e-01 -2.002588e+00 8.884558e+03 1.005419e+04 2.911556e+02  1000  5000 -1.040876e-03     0 4.299345e-02 7.910853e+01 1.291772e+02 5.653362e-02 -2.640070e-04 
2.785000e+02 9.771731e-03 1.014171e-01 -2.002481e+00 8.879154e+03 1.004247e+04 2.917392e+02  1000  5000 -1.142369e-03     0 4.301055e-02 7.883791e+01 1.291807e+02 5.652165e-02 -3.454143e-04 
2.786000e+02 9.794240e-03 1.008263e-01 -2.002505e+00 8.873750e+03 1.003075e+04 2.923153e+02  1000  5000 1.212994e-04     0 4.302711e-02 7.856640e+01 1.291842e+02 5.650995e-02 -2.742947e-04 
2.787000e+02 9.805133e-03 1.002338e-01 -2.002575e+00 8.868346e+03 1.001903e+04 2.928839e+02  1000  5000 5.817973e-04     0 4.304299e-02 7.829402e+01 1.291877e+02 5.649832e-02 -1.708825e-04 
2.788000e+02 9.793654e-03 9.963957e-02 -2.002633e+00 8.862942e+03 1.000731e+04 2.934450e+02  1000  5000 7.435897e-04     0 4.305858e-02 7.802081e+01 1.291912e+02 5.648695e-02 -9.800519e-05 
2.789000e+02 9.776377e-03 9.904378e-02 -2.002653e+00 8.857538e+03 9.995591e+03 2.939987e+02  1000  5000 7.947774e-04     0 4.307396e-02 7.774677e+01 1.291947e+02 5.647590e-02 -7.893535e-05 
  279 9.768067e-03 9.844642e-02 -2.002631e+00 8.852134e+03 9.983868e+03 2.945447e+02  1000  5000 8.069149e-04     0 4.308896e-02 7.747194e+01 1.291982e+02 5.646515e-02 -1.139469e-04 
2.791000e+02 -9.768431e-03 9.784751e-02 -2.002601e+00 8.846729e+03 9.972145e+03 2.950832e+02  1000  5000 -2.207196e-03     0 4.310360e-02 7.719641e+01 1.292017e+02 5.645466e-02 -1.534439e-04 
2.792000e+02 9.775525e-03 9.724710e-02 -2.002682e+00 8.841324e+03 9.960422e+03 2.956142e+02  1000  5000 -1.592464e-03     0 4.311743e-02 7.692005e+01 1.292052e+02 5.644449e-02 -3.420792e-05 
2.793000e+02 9.828670e-03 9.664538e-02 -2.002857e+00 8.835920e+03 9.948697e+03 2.961374e+02  1000  5000 -1.150002e-04     0 4.313111e-02 7.664292e+01 1.292087e+02 5.643447e-02 1.952723e-04 
2.794000e+02 9.858430e-03 9.604234e-02 -2.003011e+00 8.830515e+03 9.936972e+03 2.966531e+02  1000  5000 4.269462e-04     0 4.314467e-02 7.636508e+01 1.292122e+02 5.642473e-02 3.841478e-04 
2.795000e+02 9.846504e-03 9.543785e-02 -2.003079e+00 8.825110e+03 9.925247e+03 2.971611e+02  1000  5000 6.191994e-04     0 4.315798e-02 7.608655e+01 1.292157e+02 5.641537e-02 4.661665e-04 
2.796000e+02 9.817802e-03 9.483186e-02 -2.003044e+00 8.819705e+03 9.913520e+03 2.976614e+02  1000  5000 6.208726e-04     0 4.317070e-02 7.580733e+01 1.292192e+02 5.640626e-02 4.314562e-04 
2.797000e+02 9.792605e-03 9.422443e-02 -2.002922e+00 8.814300e+03 9.901793e+03 2.981540e+02  1000  5000 6.125173e-04     0 4.318281e-02 7.552746e+01 1.292226e+02 5.639731e-02 3.034183e-04 
2.798000e+02 9.776221e-03 9.361576e-02 -2.002742e+00 8.808895e+03 9.890066e+03 2.986389e+02  1000  5000 6.022920e-04     0 4.319454e-02 7.524696e+01 1.292261e+02 5.638858e-02 1.179272e-04 
2.799000e+02 9.767382e-03 9.300598e-02 -2.002541e+00 8.803489e+03 9.878337e+03 2.991160e+02  1000  5000 5.928431e-04     0 4.320607e-02 7.496584e+01 1.292296e+02 5.638010e-02 -8.780599e-05 
  280 9.763838e-03 9.239514e-02 -2.002349e+00 8.798084e+03 9.866609e+03 2.995854e+02  1000  5000 5.845847e-04     0 4.321741e-02 7.468413e+01 1.292331e+02 5.637188e-02 -2.817042e-04 
2.801000e+02 -9.763454e-03 9.178324e-02 -2.002200e+00 8.792678e+03 9.854879e+03 3.000470e+02  1000  5000 -1.735535e-03     0 4.322855e-02 7.440193e+01 1.292365e+02 5.636392e-02 -4.283135e-04 
2.802000e+02 9.770465e-03 9.117026e-02 -2.002190e+00 8.787272e+03 9.843149e+03 3.005008e+02  1000  5000 -9.655355e-04     0 4.323895e-02 7.411919e+01 1.292400e+02 5.635641e-02 -3.958826e-04 
2.803000e+02 9.802059e-03 9.055628e-02 -2.002303e+00 8.781866e+03 9.831418e+03 3.009468e+02  1000  5000 5.047122e-05     0 4.324856e-02 7.383582e+01 1.292435e+02 5.634903e-02 -2.309363e-04 
2.804000e+02 9.815365e-03 8.994143e-02 -2.002443e+00 8.776460e+03 9.819687e+03 3.013850e+02  1000  5000 4.202007e-04     0 4.325818e-02 7.355192e+01 1.292469e+02 5.634181e-02 -5.493328e-05 
2.805000e+02 9.803266e-03 8.932571e-02 -2.002552e+00 8.771054e+03 9.807954e+03 3.018153e+02  1000  5000 5.488082e-04     0 4.326776e-02 7.326752e+01 1.292504e+02 5.633488e-02 7.063452e-05 
2.806000e+02 9.782906e-03 8.870905e-02 -2.002604e+00 8.765649e+03 9.796222e+03 3.022377e+02  1000  5000 5.510515e-04     0 4.327698e-02 7.298266e+01 1.292538e+02 5.632824e-02 1.237269e-04 
2.807000e+02 9.767455e-03 8.809145e-02 -2.002595e+00 8.760243e+03 9.784488e+03 3.026523e+02  1000  5000 5.444058e-04     0 4.328570e-02 7.269736e+01 1.292573e+02 5.632179e-02 1.075302e-04 
2.808000e+02 9.760534e-03 8.747300e-02 -2.002538e+00 8.754837e+03 9.772754e+03 3.030590e+02  1000  5000 5.362219e-04     0 4.329398e-02 7.241162e+01 1.292607e+02 5.631554e-02 3.756215e-05 
2.809000e+02 -9.760804e-03 8.685381e-02 -2.002452e+00 8.749430e+03 9.761019e+03 3.034578e+02  1000  5000 -1.305468e-03     0 4.330194e-02 7.212547e+01 1.292642e+02 5.630950e-02 -6.210155e-05 
  281 9.761482e-03 8.623391e-02 -2.002432e+00 8.744024e+03 9.749284e+03 3.038486e+02  1000  5000 -1.406153e-03     0 4.330964e-02 7.183894e+01 1.292676e+02 5.630375e-02 -6.284034e-05 
2.811000e+02 9.787848e-03 8.561339e-02 -2.002506e+00 8.738617e+03 9.737549e+03 3.042316e+02  1000  5000 -2.007892e-04     0 4.331697e-02 7.155204e+01 1.292711e+02 5.629822e-02 5.424615e-05 
2.812000e+02 9.810056e-03 8.499227e-02 -2.002594e+00 8.733210e+03 9.725812e+03 3.046065e+02  1000  5000 2.396274e-04     0 4.332390e-02 7.126480e+01 1.292745e+02 5.629289e-02 1.742373e-04 
2.813000e+02 9.809607e-03 8.437056e-02 -2.002643e+00 8.727803e+03 9.714075e+03 3.049736e+02  1000  5000 3.959175e-04     0 4.333054e-02 7.097723e+01 1.292780e+02 5.628785e-02 2.414350e-04 
2.814000e+02 9.796078e-03 8.374825e-02 -2.002634e+00 8.722397e+03 9.702338e+03 3.053326e+02  1000  5000 4.461707e-04     0 4.333682e-02 7.068936e+01 1.292814e+02 5.628308e-02 2.401181e-04 
2.815000e+02 9.780870e-03 8.312540e-02 -2.002570e+00 8.716990e+03 9.690600e+03 3.056837e+02  1000  5000 4.574801e-04     0 4.334268e-02 7.040120e+01 1.292848e+02 5.627853e-02 1.774409e-04 
2.816000e+02 9.769249e-03 8.250207e-02 -2.002466e+00 8.711583e+03 9.678861e+03 3.060268e+02  1000  5000 4.244342e-04     0 4.334814e-02 7.011277e+01 1.292882e+02 5.627421e-02 7.251123e-05 
2.817000e+02 9.762066e-03 8.187837e-02 -2.002344e+00 8.706175e+03 9.667122e+03 3.063619e+02  1000  5000 4.068095e-04     0 4.335329e-02 6.982411e+01 1.292917e+02 5.627011e-02 -5.077563e-05 
2.818000e+02 9.758212e-03 8.125434e-02 -2.002224e+00 8.700768e+03 9.655382e+03 3.066890e+02  1000  5000 3.954716e-04     0 4.335817e-02 6.953522e+01 1.292951e+02 5.626625e-02 -1.710642e-04 
2.819000e+02 9.756700e-03 8.063002e-02 -2.002122e+00 8.695361e+03 9.643642e+03 3.070081e+02  1000  5000 3.867743e-04     0 4.336284e-02 6.924619e+01 1.292985e+02 5.626262e-02 -2.724817e-04 
  282 9.756171e-03 8.000542e-02 -2.002072e+00 8.689953e+03 9.631901e+03 3.073192e+02  1000  5000 -1.398444e-03     0 4.336690e-02 6.895701e+01 1.293019e+02 5.625927e-02 -3.095393e-04 
2.821000e+02 9.765939e-03 7.938062e-02 -2.002130e+00 8.684545e+03 9.620160e+03 3.076223e+02  1000  5000 -2.532408e-04     0 4.337043e-02 6.866767e+01 1.293053e+02 5.625622e-02 -2.157499e-04 
2.822000e+02 9.777946e-03 7.875570e-02 -2.002235e+00 8.679138e+03 9.608418e+03 3.079173e+02  1000  5000 1.633330e-04     0 4.337355e-02 6.837808e+01 1.293087e+02 5.625336e-02 -8.059204e-05 
2.823000e+02 9.777658e-03 7.813072e-02 -2.002333e+00 8.673730e+03 9.596675e+03 3.082043e+02  1000  5000 3.107530e-04     0 4.337680e-02 6.808836e+01 1.293122e+02 5.625075e-02 3.452522e-05 
2.824000e+02 9.769260e-03 7.750562e-02 -2.002395e+00 8.668322e+03 9.584932e+03 3.084832e+02  1000  5000 3.583857e-04     0 4.337979e-02 6.779853e+01 1.293156e+02 5.624838e-02 1.021416e-04 
2.825000e+02 9.760303e-03 7.688038e-02 -2.002411e+00 8.662914e+03 9.573189e+03 3.087541e+02  1000  5000 3.696100e-04     0 4.338233e-02 6.750863e+01 1.293190e+02 5.624618e-02 1.161470e-04 
2.826000e+02 9.754661e-03 7.625506e-02 -2.002387e+00 8.657506e+03 9.561445e+03 3.090169e+02  1000  5000 3.179695e-04     0 4.338445e-02 6.721867e+01 1.293224e+02 5.624415e-02 8.403384e-05 
2.827000e+02 9.752693e-03 7.562973e-02 -2.002333e+00 8.652098e+03 9.549700e+03 3.092717e+02  1000  5000 2.943087e-04     0 4.338625e-02 6.692867e+01 1.293258e+02 5.624232e-02 2.177676e-05 
2.828000e+02 9.752196e-03 7.500447e-02 -2.002290e+00 8.646690e+03 9.537955e+03 3.095184e+02  1000  5000 -1.495494e-03     0 4.338787e-02 6.663874e+01 1.293291e+02 5.624071e-02 -1.816182e-05 
2.829000e+02 9.763346e-03 7.437934e-02 -2.002320e+00 8.641281e+03 9.526210e+03 3.097571e+02  1000  5000 -3.817086e-04     0 4.338886e-02 6.634883e+01 1.293325e+02 5.623933e-02 4.189675e-05 
  283 9.780304e-03 7.375443e-02 -2.002377e+00 8.635873e+03 9.514464e+03 3.099877e+02  1000  5000 2.401677e-05     0 4.338942e-02 6.605883e+01 1.293359e+02 5.623819e-02 1.262867e-04 
2.831000e+02 9.786782e-03 7.312978e-02 -2.002417e+00 8.630464e+03 9.502717e+03 3.102103e+02  1000  5000 1.534347e-04     0 4.339009e-02 6.576886e+01 1.293393e+02 5.623735e-02 1.861973e-04 
2.832000e+02 9.784014e-03 7.250534e-02 -2.002422e+00 8.625055e+03 9.490970e+03 3.104248e+02  1000  5000 1.953997e-04     0 4.339044e-02 6.547895e+01 1.293427e+02 5.623672e-02 2.044867e-04 
2.833000e+02 9.777681e-03 7.188109e-02 -2.002391e+00 8.619647e+03 9.479223e+03 3.106312e+02  1000  5000 2.050240e-04     0 4.339033e-02 6.518912e+01 1.293461e+02 5.623627e-02 1.816484e-04 
2.834000e+02 9.771300e-03 7.125710e-02 -2.002329e+00 8.614238e+03 9.467475e+03 3.108296e+02  1000  5000 2.029872e-04     0 4.338983e-02 6.489939e+01 1.293494e+02 5.623599e-02 1.274410e-04 
2.835000e+02 9.766082e-03 7.063346e-02 -2.002249e+00 8.608829e+03 9.455727e+03 3.110199e+02  1000  5000 1.969830e-04     0 4.338904e-02 6.460979e+01 1.293528e+02 5.623592e-02 5.544761e-05 
2.836000e+02 9.762094e-03 7.001023e-02 -2.002164e+00 8.603420e+03 9.443978e+03 3.112021e+02  1000  5000 1.832542e-04     0 4.338797e-02 6.432033e+01 1.293562e+02 5.623608e-02 -2.052940e-05 
2.837000e+02 9.759041e-03 6.938746e-02 -2.002085e+00 8.598011e+03 9.432228e+03 3.113763e+02  1000  5000 1.733316e-04     0 4.338661e-02 6.403103e+01 1.293595e+02 5.623645e-02 -8.871054e-05 
2.838000e+02 9.756527e-03 6.876519e-02 -2.002021e+00 8.592602e+03 9.420478e+03 3.115424e+02  1000  5000 1.648598e-04     0 4.338492e-02 6.374191e+01 1.293629e+02 5.623704e-02 -1.410666e-04 
2.839000e+02 9.754254e-03 6.814345e-02 -2.001977e+00 8.587193e+03 9.408728e+03 3.117005e+02  1000  5000 1.569108e-04     0 4.338290e-02 6.345299e+01 1.293662e+02 5.623783e-02 -1.736602e-04 
  284 9.752079e-03 6.752229e-02 -2.001954e+00 8.581785e+03 9.396977e+03 3.118505e+02  1000  5000 1.491253e-04     0 4.338056e-02 6.316430e+01 1.293696e+02 5.623884e-02 -1.862287e-04 
2.841000e+02 9.749976e-03 6.690176e-02 -2.001949e+00 8.576376e+03 9.385226e+03 3.119925e+02  1000  5000 1.505501e-04     0 4.337789e-02 6.287584e+01 1.293729e+02 5.624007e-02 -1.814936e-04 
2.842000e+02 9.748021e-03 6.628188e-02 -2.001959e+00 8.570967e+03 9.373474e+03 3.121265e+02  1000  5000 1.462116e-04     0 4.337491e-02 6.258764e+01 1.293763e+02 5.624151e-02 -1.643126e-04 
2.843000e+02 9.746413e-03 6.566271e-02 -2.001979e+00 8.565557e+03 9.361722e+03 3.122524e+02  1000  5000 1.398070e-04     0 4.337160e-02 6.229972e+01 1.293796e+02 5.624317e-02 -1.400007e-04 
2.844000e+02 9.745333e-03 6.504428e-02 -2.002004e+00 8.560148e+03 9.349970e+03 3.123703e+02  1000  5000 1.327449e-04     0 4.336799e-02 6.201210e+01 1.293830e+02 5.624504e-02 -1.134810e-04 
2.845000e+02 -9.744818e-03 6.442663e-02 -2.002033e+00 8.554739e+03 9.338217e+03 3.124802e+02  1000  5000 -1.705903e-03     0 4.336406e-02 6.172479e+01 1.293863e+02 5.624713e-02 -8.526552e-05 
2.846000e+02 9.749612e-03 6.380980e-02 -2.002113e+00 8.549330e+03 9.326463e+03 3.125820e+02  1000  5000 -6.890980e-04     0 4.335992e-02 6.143791e+01 1.293896e+02 5.624943e-02 1.632792e-05 
2.847000e+02 9.763918e-03 6.319386e-02 -2.002225e+00 8.543920e+03 9.314710e+03 3.126759e+02  1000  5000 -2.122463e-04     0 4.335500e-02 6.115132e+01 1.293930e+02 5.625189e-02 1.550570e-04 
2.848000e+02 9.774282e-03 6.257891e-02 -2.002321e+00 8.538511e+03 9.302956e+03 3.127618e+02  1000  5000 -4.115219e-05     0 4.335021e-02 6.086507e+01 1.293963e+02 5.625463e-02 2.699551e-04 
2.849000e+02 9.777103e-03 6.196490e-02 -2.002374e+00 8.533101e+03 9.291201e+03 3.128396e+02  1000  5000 1.685555e-05     0 4.334525e-02 6.057922e+01 1.293996e+02 5.625759e-02 3.347959e-04 
  285 9.775931e-03 6.135180e-02 -2.002375e+00 8.527691e+03 9.279446e+03 3.129095e+02  1000  5000 3.310113e-05     0 4.333986e-02 6.029378e+01 1.294029e+02 5.626073e-02 3.449057e-04 
2.851000e+02 9.774450e-03 6.073965e-02 -2.002331e+00 8.522282e+03 9.267691e+03 3.129715e+02  1000  5000 -1.762465e-05     0 4.333406e-02 6.000877e+01 1.294062e+02 5.626404e-02 3.092033e-04 
2.852000e+02 9.775020e-03 6.012852e-02 -2.002255e+00 8.516872e+03 9.255935e+03 3.130255e+02  1000  5000 -4.079171e-05     0 4.332794e-02 5.972422e+01 1.294096e+02 5.626753e-02 2.449106e-04 
2.853000e+02 9.778000e-03 5.951850e-02 -2.002164e+00 8.511462e+03 9.244179e+03 3.130715e+02  1000  5000 -5.340213e-05     0 4.332157e-02 5.944014e+01 1.294129e+02 5.627123e-02 1.693068e-04 
2.854000e+02 9.783089e-03 5.890963e-02 -2.002071e+00 8.506053e+03 9.232423e+03 3.131096e+02  1000  5000 -6.185005e-05     0 4.331493e-02 5.915655e+01 1.294162e+02 5.627515e-02 9.678042e-05 
2.855000e+02 9.789808e-03 5.830196e-02 -2.001987e+00 8.500643e+03 9.220666e+03 3.131397e+02  1000  5000 -6.857605e-05     0 4.330801e-02 5.887346e+01 1.294195e+02 5.627928e-02 3.772382e-05 
2.856000e+02 9.797453e-03 5.769552e-02 -2.001919e+00 8.495233e+03 9.208908e+03 3.131620e+02  1000  5000 -5.734405e-05     0 4.330078e-02 5.859090e+01 1.294228e+02 5.628360e-02 -2.116614e-06 
2.857000e+02 9.805076e-03 5.709034e-02 -2.001869e+00 8.489824e+03 9.197151e+03 3.131764e+02  1000  5000 -5.671069e-05     0 4.329325e-02 5.830889e+01 1.294260e+02 5.628811e-02 -2.172633e-05 
2.858000e+02 9.812236e-03 5.648648e-02 -2.001836e+00 8.484415e+03 9.185392e+03 3.131828e+02  1000  5000 -6.005620e-05     0 4.328542e-02 5.802744e+01 1.294293e+02 5.629281e-02 -2.288101e-05 
2.859000e+02 9.818801e-03 5.588397e-02 -2.001817e+00 8.479006e+03 9.173634e+03 3.131815e+02  1000  5000 -6.494863e-05     0 4.327731e-02 5.774658e+01 1.294326e+02 5.629771e-02 -9.224596e-06 
  286 9.824820e-03 5.528286e-02 -2.001807e+00 8.473597e+03 9.161874e+03 3.131722e+02  1000  5000 -7.048269e-05     0 4.326891e-02 5.746631e+01 1.294359e+02 5.630279e-02 1.452751e-05 
2.861000e+02 9.830505e-03 5.468317e-02 -2.001803e+00 8.468189e+03 9.150115e+03 3.131551e+02  1000  5000 -7.897118e-05     0 4.326023e-02 5.718666e+01 1.294392e+02 5.630807e-02 4.346115e-05 
2.862000e+02 9.836205e-03 5.408494e-02 -2.001799e+00 8.462780e+03 9.138355e+03 3.131302e+02  1000  5000 -8.586289e-05     0 4.325127e-02 5.690765e+01 1.294424e+02 5.631354e-02 7.322514e-05 
2.863000e+02 9.842242e-03 5.348821e-02 -2.001792e+00 8.457372e+03 9.126594e+03 3.130975e+02  1000  5000 -9.210363e-05     0 4.324202e-02 5.662930e+01 1.294457e+02 5.631920e-02 1.003410e-04 
2.864000e+02 9.848925e-03 5.289299e-02 -2.001780e+00 8.451965e+03 9.114833e+03 3.130570e+02  1000  5000 -9.799567e-05     0 4.323249e-02 5.635162e+01 1.294490e+02 5.632505e-02 1.224741e-04 
2.865000e+02 9.856548e-03 5.229934e-02 -2.001761e+00 8.446557e+03 9.103072e+03 3.130087e+02  1000  5000 -1.036063e-04     0 4.322268e-02 5.607463e+01 1.294522e+02 5.633109e-02 1.385121e-04 
2.866000e+02 9.865555e-03 5.170729e-02 -2.001735e+00 8.441150e+03 9.091310e+03 3.129527e+02  1000  5000 -1.244946e-04     0 4.321259e-02 5.579835e+01 1.294555e+02 5.633731e-02 1.486693e-04 
2.867000e+02 9.876628e-03 5.111688e-02 -2.001702e+00 8.435743e+03 9.079548e+03 3.128889e+02  1000  5000 -1.351386e-04     0 4.320222e-02 5.552280e+01 1.294587e+02 5.634372e-02 1.545326e-04 
2.868000e+02 9.889825e-03 5.052814e-02 -2.001664e+00 8.430336e+03 9.067785e+03 3.128174e+02  1000  5000 -1.416776e-04     0 4.319157e-02 5.524799e+01 1.294620e+02 5.635032e-02 1.576522e-04 
2.869000e+02 9.904995e-03 4.994112e-02 -2.001623e+00 8.424930e+03 9.056022e+03 3.127382e+02  1000  5000 -1.463983e-04     0 4.318065e-02 5.497394e+01 1.294652e+02 5.635710e-02 1.593187e-04 
  287 9.921991e-03 4.935586e-02 -2.001579e+00 8.419524e+03 9.044258e+03 3.126513e+02  1000  5000 -1.501626e-04     0 4.316944e-02 5.470068e+01 1.294685e+02 5.636407e-02 1.605785e-04 
2.871000e+02 9.940744e-03 4.877239e-02 -2.001532e+00 8.414118e+03 9.032494e+03 3.125568e+02  1000  5000 -1.561512e-04     0 4.315796e-02 5.442821e+01 1.294717e+02 5.637123e-02 1.622531e-04 
2.872000e+02 9.961278e-03 4.819075e-02 -2.001484e+00 8.408713e+03 9.020729e+03 3.124546e+02  1000  5000 -1.598288e-04     0 4.314621e-02 5.415656e+01 1.294749e+02 5.637856e-02 1.649788e-04 
2.873000e+02 9.983515e-03 4.761098e-02 -2.001435e+00 8.403308e+03 9.008964e+03 3.123449e+02  1000  5000 -1.623784e-04     0 4.313418e-02 5.388574e+01 1.294782e+02 5.638608e-02 1.690162e-04 
2.874000e+02 1.000736e-02 4.703311e-02 -2.001385e+00 8.397903e+03 8.997199e+03 3.122275e+02  1000  5000 -1.642487e-04     0 4.312188e-02 5.361577e+01 1.294814e+02 5.639379e-02 1.743048e-04 
2.875000e+02 1.003274e-02 4.645719e-02 -2.001333e+00 8.392500e+03 8.985433e+03 3.121025e+02  1000  5000 -1.656129e-04     0 4.310932e-02 5.334667e+01 1.294846e+02 5.640167e-02 1.805739e-04 
2.876000e+02 1.005958e-02 4.588324e-02 -2.001279e+00 8.387096e+03 8.973666e+03 3.119700e+02  1000  5000 -1.635209e-04     0 4.309648e-02 5.307845e+01 1.294878e+02 5.640973e-02 1.873985e-04 
2.877000e+02 1.008774e-02 4.531131e-02 -2.001222e+00 8.381693e+03 8.961899e+03 3.118300e+02  1000  5000 -1.629434e-04     0 4.308337e-02 5.281113e+01 1.294910e+02 5.641797e-02 1.942272e-04 
2.878000e+02 1.011726e-02 4.474142e-02 -2.001163e+00 8.376291e+03 8.950131e+03 3.116824e+02  1000  5000 -1.626941e-04     0 4.307000e-02 5.254473e+01 1.294942e+02 5.642640e-02 2.006591e-04 
2.879000e+02 1.014823e-02 4.417361e-02 -2.001100e+00 8.370890e+03 8.938363e+03 3.115274e+02  1000  5000 -1.623195e-04     0 4.305637e-02 5.227926e+01 1.294974e+02 5.643499e-02 2.064690e-04 
  288 1.018074e-02 4.360792e-02 -2.001034e+00 8.365489e+03 8.926594e+03 3.113649e+02  1000  5000 -1.616390e-04     0 4.304247e-02 5.201475e+01 1.295006e+02 5.644377e-02 2.115704e-04 
2.881000e+02 1.021464e-02 4.304437e-02 -2.000964e+00 8.360088e+03 8.914825e+03 3.111950e+02  1000  5000 -1.526678e-04     0 4.302830e-02 5.175120e+01 1.295038e+02 5.645272e-02 2.158659e-04 
2.882000e+02 1.024947e-02 4.248301e-02 -2.000891e+00 8.354689e+03 8.903055e+03 3.110177e+02  1000  5000 -1.483650e-04     0 4.301388e-02 5.148864e+01 1.295070e+02 5.646185e-02 2.190619e-04 
2.883000e+02 1.028528e-02 4.192388e-02 -2.000814e+00 8.349290e+03 8.891285e+03 3.108330e+02  1000  5000 -1.456077e-04     0 4.299919e-02 5.122708e+01 1.295102e+02 5.647115e-02 2.211949e-04 
2.884000e+02 1.032226e-02 4.136699e-02 -2.000734e+00 8.343892e+03 8.879514e+03 3.106409e+02  1000  5000 -1.432167e-04     0 4.298425e-02 5.096653e+01 1.295134e+02 5.648063e-02 2.225559e-04 
2.885000e+02 1.036049e-02 4.081239e-02 -2.000650e+00 8.338495e+03 8.867742e+03 3.104416e+02  1000  5000 -1.407405e-04     0 4.296904e-02 5.070702e+01 1.295165e+02 5.649028e-02 2.235194e-04 
2.886000e+02 1.039953e-02 4.026012e-02 -2.000563e+00 8.333099e+03 8.855970e+03 3.102349e+02  1000  5000 -1.221056e-04     0 4.295358e-02 5.044856e+01 1.295197e+02 5.650011e-02 2.242037e-04 
2.887000e+02 1.043824e-02 3.971021e-02 -2.000473e+00 8.327703e+03 8.844197e+03 3.100210e+02  1000  5000 -1.134015e-04     0 4.293787e-02 5.019117e+01 1.295229e+02 5.651010e-02 2.241065e-04 
2.888000e+02 1.047675e-02 3.916268e-02 -2.000380e+00 8.322309e+03 8.832423e+03 3.097998e+02  1000  5000 -1.083723e-04     0 4.292190e-02 4.993485e+01 1.295260e+02 5.652027e-02 2.232058e-04 
2.889000e+02 1.051551e-02 3.861758e-02 -2.000284e+00 8.316915e+03 8.820649e+03 3.095714e+02  1000  5000 -1.046447e-04     0 4.290568e-02 4.967963e+01 1.295292e+02 5.653060e-02 2.218659e-04 
  289 1.055479e-02 3.807494e-02 -2.000186e+00 8.311522e+03 8.808874e+03 3.093358e+02  1000  5000 -1.012948e-04     0 4.288921e-02 4.942553e+01 1.295323e+02 5.654111e-02 2.205539e-04 
2.891000e+02 1.059396e-02 3.753480e-02 -2.000085e+00 8.306131e+03 8.797099e+03 3.090931e+02  1000  5000 -7.448990e-05     0 4.287249e-02 4.917255e+01 1.295355e+02 5.655178e-02 2.193366e-04 
2.892000e+02 1.063124e-02 3.699717e-02 -1.999981e+00 8.300740e+03 8.785323e+03 3.088432e+02  1000  5000 -6.271442e-05     0 4.285553e-02 4.892072e+01 1.295386e+02 5.656262e-02 2.173517e-04 
2.893000e+02 1.066701e-02 3.646211e-02 -1.999875e+00 8.295351e+03 8.773546e+03 3.085862e+02  1000  5000 -5.671635e-05     0 4.283832e-02 4.867005e+01 1.295417e+02 5.657363e-02 2.144508e-04 
2.894000e+02 1.070210e-02 3.592963e-02 -1.999765e+00 8.289963e+03 8.761768e+03 3.083222e+02  1000  5000 -5.295545e-05     0 4.282087e-02 4.842055e+01 1.295449e+02 5.658480e-02 2.110732e-04 
2.895000e+02 1.073710e-02 3.539978e-02 -1.999654e+00 8.284575e+03 8.749990e+03 3.080512e+02  1000  5000 -5.002707e-05     0 4.280318e-02 4.817224e+01 1.295480e+02 5.659613e-02 2.078361e-04 
2.896000e+02 1.077125e-02 3.487258e-02 -1.999542e+00 8.279189e+03 8.738211e+03 3.077731e+02  1000  5000 -1.754204e-05     0 4.278525e-02 4.792513e+01 1.295511e+02 5.660762e-02 2.048618e-04 
2.897000e+02 1.080221e-02 3.434807e-02 -1.999427e+00 8.273804e+03 8.726431e+03 3.074881e+02  1000  5000 -4.375046e-06     0 4.276708e-02 4.767925e+01 1.295542e+02 5.661928e-02 2.010889e-04 
2.898000e+02 1.083063e-02 3.382628e-02 -1.999309e+00 8.268421e+03 8.714651e+03 3.071961e+02  1000  5000 1.249897e-06     0 4.274868e-02 4.743460e+01 1.295573e+02 5.663110e-02 1.963521e-04 
2.899000e+02 1.085776e-02 3.330723e-02 -1.999190e+00 8.263038e+03 8.702870e+03 3.068973e+02  1000  5000 3.867509e-06     0 4.273004e-02 4.719120e+01 1.295604e+02 5.664307e-02 1.912195e-04 
  290 1.088443e-02 3.279097e-02 -1.999070e+00 8.257657e+03 8.691088e+03 3.065916e+02  1000  5000 5.298736e-06     0 4.271118e-02 4.694906e+01 1.295635e+02 5.665520e-02 1.864709e-04 
2.901000e+02 1.090982e-02 3.227752e-02 -1.998948e+00 8.252277e+03 8.679305e+03 3.062790e+02  1000  5000 4.124025e-05     0 4.269209e-02 4.670820e+01 1.295666e+02 5.666749e-02 1.822863e-04 
2.902000e+02 1.093113e-02 3.176691e-02 -1.998826e+00 8.246899e+03 8.667522e+03 3.059596e+02  1000  5000 5.443072e-05     0 4.267277e-02 4.646863e+01 1.295697e+02 5.667993e-02 1.774307e-04 
2.903000e+02 1.094924e-02 3.125917e-02 -1.998701e+00 8.241521e+03 8.655738e+03 3.056335e+02  1000  5000 5.868762e-05     0 4.265322e-02 4.623037e+01 1.295728e+02 5.669253e-02 1.716949e-04 
2.904000e+02 1.096575e-02 3.075434e-02 -1.998576e+00 8.236145e+03 8.643953e+03 3.053007e+02  1000  5000 5.935593e-05     0 4.263345e-02 4.599343e+01 1.295759e+02 5.670528e-02 1.657103e-04 
2.905000e+02 1.098177e-02 3.025244e-02 -1.998450e+00 8.230771e+03 8.632167e+03 3.049611e+02  1000  5000 5.859931e-05     0 4.261347e-02 4.575783e+01 1.295789e+02 5.671818e-02 1.603443e-04 
2.906000e+02 1.099640e-02 2.975350e-02 -1.998324e+00 8.225397e+03 8.620381e+03 3.046149e+02  1000  5000 9.571161e-05     0 4.259326e-02 4.552357e+01 1.295820e+02 5.673122e-02 1.557935e-04 
2.907000e+02 1.100657e-02 2.925755e-02 -1.998197e+00 8.220025e+03 8.608594e+03 3.042621e+02  1000  5000 1.078052e-04     0 4.257284e-02 4.529068e+01 1.295851e+02 5.674442e-02 1.506832e-04 
2.908000e+02 1.101334e-02 2.876462e-02 -1.998069e+00 8.214655e+03 8.596806e+03 3.039027e+02  1000  5000 1.100783e-04     0 4.255220e-02 4.505916e+01 1.295881e+02 5.675776e-02 1.447533e-04 
2.909000e+02 1.101857e-02 2.827474e-02 -1.997941e+00 8.209285e+03 8.585017e+03 3.035367e+02  1000  5000 1.084271e-04     0 4.253135e-02 4.482903e+01 1.295912e+02 5.677125e-02 1.386596e-04 
  291 1.102352e-02 2.778794e-02 -1.997813e+00 8.203918e+03 8.573228e+03 3.031642e+02  1000  5000 1.052485e-04     0 4.251029e-02 4.460031e+01 1.295942e+02 5.678488e-02 1.333147e-04 
2.911000e+02 1.102731e-02 2.730425e-02 -1.997685e+00 8.198551e+03 8.561438e+03 3.027853e+02  1000  5000 1.416432e-04     0 4.248903e-02 4.437300e+01 1.295972e+02 5.679866e-02 1.289258e-04 
2.912000e+02 1.102672e-02 2.682368e-02 -1.997558e+00 8.193186e+03 8.549647e+03 3.023999e+02  1000  5000 1.519526e-04     0 4.246755e-02 4.414712e+01 1.296003e+02 5.681257e-02 1.240489e-04 
2.913000e+02 1.102291e-02 2.634627e-02 -1.997430e+00 8.187823e+03 8.537855e+03 3.020082e+02  1000  5000 1.520653e-04     0 4.244586e-02 4.392268e+01 1.296033e+02 5.682663e-02 1.183951e-04 
2.914000e+02 1.101789e-02 2.587205e-02 -1.997302e+00 8.182460e+03 8.526063e+03 3.016100e+02  1000  5000 1.481520e-04     0 4.242398e-02 4.369970e+01 1.296063e+02 5.684083e-02 1.126262e-04 
2.915000e+02 1.101295e-02 2.540105e-02 -1.997175e+00 8.177099e+03 8.514269e+03 3.012056e+02  1000  5000 1.427240e-04     0 4.240189e-02 4.347819e+01 1.296093e+02 5.685517e-02 1.076685e-04 
2.916000e+02 1.100725e-02 2.493328e-02 -1.997049e+00 8.171740e+03 8.502475e+03 3.007949e+02  1000  5000 1.771261e-04     0 4.237960e-02 4.325816e+01 1.296123e+02 5.686964e-02 1.037351e-04 
2.917000e+02 1.099757e-02 2.446879e-02 -1.996924e+00 8.166382e+03 8.490681e+03 3.003779e+02  1000  5000 1.853972e-04     0 4.235711e-02 4.303962e+01 1.296153e+02 5.688425e-02 9.936991e-05 
2.918000e+02 1.098510e-02 2.400758e-02 -1.996799e+00 8.161025e+03 8.478885e+03 2.999547e+02  1000  5000 1.835156e-04     0 4.233442e-02 4.282258e+01 1.296183e+02 5.689900e-02 9.427006e-05 
2.919000e+02 1.097184e-02 2.354968e-02 -1.996674e+00 8.155670e+03 8.467089e+03 2.995254e+02  1000  5000 1.776859e-04     0 4.231154e-02 4.260707e+01 1.296213e+02 5.691388e-02 8.908199e-05 
  292 1.095906e-02 2.309514e-02 -1.996550e+00 8.150316e+03 8.455292e+03 2.990900e+02  1000  5000 1.704289e-04     0 4.228846e-02 4.239308e+01 1.296243e+02 5.692889e-02 8.471495e-05 
2.921000e+02 1.094594e-02 2.264396e-02 -1.996428e+00 8.144964e+03 8.443495e+03 2.986485e+02  1000  5000 2.020490e-04     0 4.226519e-02 4.218064e+01 1.296273e+02 5.694404e-02 8.137949e-05 
2.922000e+02 1.092943e-02 2.219618e-02 -1.996307e+00 8.139613e+03 8.431696e+03 2.982010e+02  1000  5000 2.083085e-04     0 4.224173e-02 4.196975e+01 1.296302e+02 5.695932e-02 7.765338e-05 
2.923000e+02 1.091067e-02 2.175180e-02 -1.996186e+00 8.134263e+03 8.419897e+03 2.977475e+02  1000  5000 2.047830e-04     0 4.221808e-02 4.176043e+01 1.296332e+02 5.697473e-02 7.323167e-05 
2.924000e+02 1.089154e-02 2.131088e-02 -1.996066e+00 8.128915e+03 8.408097e+03 2.972880e+02  1000  5000 1.975135e-04     0 4.219423e-02 4.155268e+01 1.296362e+02 5.699027e-02 6.872975e-05 
2.925000e+02 1.087323e-02 2.087341e-02 -1.995948e+00 8.123568e+03 8.396297e+03 2.968227e+02  1000  5000 1.889461e-04     0 4.217020e-02 4.134653e+01 1.296391e+02 5.700594e-02 6.501693e-05 
2.926000e+02 1.085499e-02 2.043945e-02 -1.995831e+00 8.118222e+03 8.384496e+03 2.963514e+02  1000  5000 2.173542e-04     0 4.214598e-02 4.114197e+01 1.296421e+02 5.702174e-02 6.229686e-05 
2.927000e+02 1.083400e-02 2.000899e-02 -1.995716e+00 8.112878e+03 8.372694e+03 2.958744e+02  1000  5000 2.217839e-04     0 4.212158e-02 4.093903e+01 1.296450e+02 5.703766e-02 5.921822e-05 
2.928000e+02 1.081130e-02 1.958206e-02 -1.995601e+00 8.107535e+03 8.360891e+03 2.953916e+02  1000  5000 2.170283e-04     0 4.209699e-02 4.073771e+01 1.296479e+02 5.705371e-02 5.548559e-05 
2.929000e+02 1.078861e-02 1.915870e-02 -1.995487e+00 8.102193e+03 8.349088e+03 2.949031e+02  1000  5000 2.088143e-04     0 4.207222e-02 4.053802e+01 1.296508e+02 5.706989e-02 5.167316e-05 
  293 1.076698e-02 1.873892e-02 -1.995375e+00 8.096852e+03 8.337284e+03 2.944088e+02  1000  5000 1.994501e-04     0 4.204727e-02 4.033997e+01 1.296538e+02 5.708620e-02 4.859426e-05 
2.931000e+02 1.074575e-02 1.832274e-02 -1.995265e+00 8.091513e+03 8.325479e+03 2.939090e+02  1000  5000 2.244646e-04     0 4.202213e-02 4.014359e+01 1.296567e+02 5.710262e-02 4.644236e-05 
2.932000e+02 1.072238e-02 1.791019e-02 -1.995156e+00 8.086175e+03 8.313674e+03 2.934035e+02  1000  5000 2.273096e-04     0 4.199682e-02 3.994886e+01 1.296596e+02 5.711918e-02 4.396369e-05 
2.933000e+02 1.069782e-02 1.750129e-02 -1.995048e+00 8.080839e+03 8.301868e+03 2.928925e+02  1000  5000 2.217227e-04     0 4.197133e-02 3.975582e+01 1.296625e+02 5.713585e-02 4.088038e-05 
2.934000e+02 1.067354e-02 1.709605e-02 -1.994941e+00 8.075503e+03 8.290062e+03 2.923760e+02  1000  5000 2.130094e-04     0 4.194566e-02 3.956446e+01 1.296653e+02 5.715265e-02 3.771797e-05 
2.935000e+02 1.065049e-02 1.669451e-02 -1.994837e+00 8.070169e+03 8.278254e+03 2.918540e+02  1000  5000 2.032962e-04     0 4.191982e-02 3.937480e+01 1.296682e+02 5.716956e-02 3.522203e-05 
2.936000e+02 1.062805e-02 1.629668e-02 -1.994734e+00 8.064836e+03 8.266447e+03 2.913267e+02  1000  5000 2.248858e-04     0 4.189381e-02 3.918684e+01 1.296711e+02 5.718660e-02 3.357290e-05 
2.937000e+02 1.060404e-02 1.590259e-02 -1.994632e+00 8.059505e+03 8.254638e+03 2.907939e+02  1000  5000 2.263934e-04     0 4.186762e-02 3.900060e+01 1.296740e+02 5.720376e-02 3.163181e-05 
2.938000e+02 1.057927e-02 1.551225e-02 -1.994532e+00 8.054174e+03 8.242829e+03 2.902559e+02  1000  5000 2.203157e-04     0 4.184126e-02 3.881609e+01 1.296768e+02 5.722103e-02 2.914361e-05 
2.939000e+02 1.055499e-02 1.512568e-02 -1.994433e+00 8.048845e+03 8.231020e+03 2.897126e+02  1000  5000 2.114658e-04     0 4.181473e-02 3.863331e+01 1.296797e+02 5.723843e-02 2.658011e-05 
  294 1.053199e-02 1.474291e-02 -1.994335e+00 8.043516e+03 8.219209e+03 2.891640e+02  1000  5000 2.017613e-04     0 4.178804e-02 3.845228e+01 1.296825e+02 5.725594e-02 2.461143e-05 
2.941000e+02 1.050974e-02 1.436395e-02 -1.994240e+00 8.038189e+03 8.207399e+03 2.886103e+02  1000  5000 2.199817e-04     0 4.176117e-02 3.827300e+01 1.296854e+02 5.727357e-02 2.340256e-05 
2.942000e+02 1.048642e-02 1.398882e-02 -1.994146e+00 8.032863e+03 8.195587e+03 2.880515e+02  1000  5000 2.203712e-04     0 4.173414e-02 3.809549e+01 1.296882e+02 5.729131e-02 2.194036e-05 
2.943000e+02 1.046267e-02 1.361755e-02 -1.994054e+00 8.027538e+03 8.183775e+03 2.874875e+02  1000  5000 2.140705e-04     0 4.170695e-02 3.791975e+01 1.296910e+02 5.730916e-02 1.999565e-05 
2.944000e+02 1.043956e-02 1.325015e-02 -1.993962e+00 8.022214e+03 8.171963e+03 2.869186e+02  1000  5000 2.053578e-04     0 4.167960e-02 3.774579e+01 1.296938e+02 5.732713e-02 1.798371e-05 
2.945000e+02 1.041770e-02 1.288664e-02 -1.993873e+00 8.016892e+03 8.160150e+03 2.863446e+02  1000  5000 1.959266e-04     0 4.165208e-02 3.757363e+01 1.296967e+02 5.734521e-02 1.649490e-05 
2.946000e+02 1.039666e-02 1.252704e-02 -1.993785e+00 8.011570e+03 8.148336e+03 2.857658e+02  1000  5000 2.108864e-04     0 4.162441e-02 3.740326e+01 1.296995e+02 5.736341e-02 1.567738e-05 
2.947000e+02 1.037496e-02 1.217136e-02 -1.993699e+00 8.006249e+03 8.136522e+03 2.851820e+02  1000  5000 2.103393e-04     0 4.159658e-02 3.723470e+01 1.297023e+02 5.738171e-02 1.464874e-05 
2.948000e+02 1.035311e-02 1.181963e-02 -1.993614e+00 8.000930e+03 8.124708e+03 2.845934e+02  1000  5000 2.040119e-04     0 4.156859e-02 3.706796e+01 1.297050e+02 5.740012e-02 1.320750e-05 
2.949000e+02 1.033195e-02 1.147186e-02 -1.993530e+00 7.995611e+03 8.112893e+03 2.840001e+02  1000  5000 1.956276e-04     0 4.154045e-02 3.690304e+01 1.297078e+02 5.741864e-02 1.171139e-05 
  295 1.031198e-02 1.112807e-02 -1.993448e+00 7.990293e+03 8.101077e+03 2.834020e+02  1000  5000 1.866509e-04     0 4.151216e-02 3.673995e+01 1.297106e+02 5.743727e-02 1.066934e-05 
2.951000e+02 1.029285e-02 1.078827e-02 -1.993368e+00 7.984976e+03 8.089261e+03 2.827992e+02  1000  5000 1.984932e-04     0 4.148372e-02 3.657871e+01 1.297134e+02 5.745600e-02 1.021180e-05 
2.952000e+02 1.027337e-02 1.045249e-02 -1.993290e+00 7.979661e+03 8.077444e+03 2.821918e+02  1000  5000 1.971545e-04     0 4.145513e-02 3.641931e+01 1.297161e+02 5.747484e-02 9.587817e-06 
2.953000e+02 1.025395e-02 1.012073e-02 -1.993212e+00 7.974346e+03 8.065627e+03 2.815797e+02  1000  5000 1.909341e-04     0 4.142639e-02 3.626177e+01 1.297189e+02 5.749378e-02 8.624085e-06 
2.954000e+02 1.023523e-02 9.793023e-03 -1.993136e+00 7.969032e+03 8.053810e+03 2.809632e+02  1000  5000 1.829994e-04     0 4.139751e-02 3.610609e+01 1.297216e+02 5.751283e-02 7.621301e-06 
2.955000e+02 1.021760e-02 9.469373e-03 -1.993061e+00 7.963719e+03 8.041991e+03 2.803422e+02  1000  5000 1.745878e-04     0 4.136848e-02 3.595229e+01 1.297244e+02 5.753197e-02 7.007582e-06 
2.956000e+02 1.020080e-02 9.149799e-03 -1.992989e+00 7.958407e+03 8.030173e+03 2.797167e+02  1000  5000 1.834840e-04     0 4.133931e-02 3.580036e+01 1.297271e+02 5.755122e-02 6.895273e-06 
2.957000e+02 1.018388e-02 8.834315e-03 -1.992917e+00 7.953095e+03 8.018354e+03 2.790869e+02  1000  5000 1.814683e-04     0 4.131000e-02 3.565032e+01 1.297298e+02 5.757057e-02 6.662057e-06 
2.958000e+02 1.016717e-02 8.522935e-03 -1.992847e+00 7.947785e+03 8.006535e+03 2.784528e+02  1000  5000 1.754381e-04     0 4.128056e-02 3.550217e+01 1.297325e+02 5.759001e-02 6.162435e-06 
2.959000e+02 1.015115e-02 8.215675e-03 -1.992778e+00 7.942475e+03 7.994715e+03 2.778144e+02  1000  5000 1.680177e-04     0 4.125098e-02 3.535591e+01 1.297352e+02 5.760955e-02 5.641881e-06 
  296 1.013609e-02 7.912549e-03 -1.992710e+00 7.937166e+03 7.982894e+03 2.771717e+02  1000  5000 1.602254e-04     0 4.122126e-02 3.521157e+01 1.297379e+02 5.762919e-02 5.450289e-06 
2.961000e+02 1.012180e-02 7.613571e-03 -1.992644e+00 7.931858e+03 7.971074e+03 2.765249e+02  1000  5000 1.663757e-04     0 4.119142e-02 3.506913e+01 1.297406e+02 5.764892e-02 5.681964e-06 
2.962000e+02 1.010759e-02 7.318753e-03 -1.992579e+00 7.926551e+03 7.959253e+03 2.758740e+02  1000  5000 1.637766e-04     0 4.116144e-02 3.492862e+01 1.297433e+02 5.766875e-02 5.837360e-06 
2.963000e+02 1.009367e-02 7.028109e-03 -1.992515e+00 7.921245e+03 7.947431e+03 2.752190e+02  1000  5000 1.579816e-04     0 4.113134e-02 3.479003e+01 1.297460e+02 5.768866e-02 5.797702e-06 
2.964000e+02 1.008040e-02 6.741652e-03 -1.992453e+00 7.915939e+03 7.935609e+03 2.745599e+02  1000  5000 1.510972e-04     0 4.110111e-02 3.465337e+01 1.297486e+02 5.770867e-02 5.756252e-06 
2.965000e+02 1.006797e-02 6.459394e-03 -1.992391e+00 7.910634e+03 7.923787e+03 2.738970e+02  1000  5000 1.439361e-04     0 4.107075e-02 3.451864e+01 1.297513e+02 5.772877e-02 5.988958e-06 
2.966000e+02 1.005624e-02 6.181348e-03 -1.992331e+00 7.905330e+03 7.911964e+03 2.732301e+02  1000  5000 1.475743e-04     0 4.104028e-02 3.438586e+01 1.297539e+02 5.774895e-02 6.572543e-06 
2.967000e+02 1.004471e-02 5.907525e-03 -1.992273e+00 7.900026e+03 7.900141e+03 2.725594e+02  1000  5000 1.444741e-04     0 4.100968e-02 3.425503e+01 1.297566e+02 5.776922e-02 7.121653e-06 
2.968000e+02 1.003353e-02 5.637936e-03 -1.992215e+00 7.894723e+03 7.888317e+03 2.718849e+02  1000  5000 1.389331e-04     0 4.097897e-02 3.412615e+01 1.297592e+02 5.778958e-02 7.542530e-06 
2.969000e+02 1.002294e-02 5.372594e-03 -1.992158e+00 7.889421e+03 7.876493e+03 2.712066e+02  1000  5000 1.325769e-04     0 4.094814e-02 3.399923e+01 1.297618e+02 5.781002e-02 7.980323e-06 
  297 1.001307e-02 5.111509e-03 -1.992102e+00 7.884120e+03 7.864669e+03 2.705246e+02  1000  5000 1.260286e-04     0 4.091720e-02 3.387427e+01 1.297645e+02 5.783054e-02 8.642869e-06 
2.971000e+02 1.000382e-02 4.854692e-03 -1.992048e+00 7.878819e+03 7.852844e+03 2.698390e+02  1000  5000 1.274298e-04     0 4.088614e-02 3.375129e+01 1.297671e+02 5.785114e-02 9.590096e-06 
2.972000e+02 9.994859e-03 4.602152e-03 -1.991994e+00 7.873519e+03 7.841019e+03 2.691499e+02  1000  5000 1.239103e-04     0 4.085498e-02 3.363027e+01 1.297697e+02 5.787183e-02 1.053973e-05 
2.973000e+02 9.986264e-03 4.353900e-03 -1.991941e+00 7.868219e+03 7.829194e+03 2.684572e+02  1000  5000 1.186280e-04     0 4.082371e-02 3.351124e+01 1.297723e+02 5.789259e-02 1.142078e-05 
2.974000e+02 9.978199e-03 4.109945e-03 -1.991889e+00 7.862920e+03 7.817368e+03 2.677610e+02  1000  5000 1.127741e-04     0 4.079234e-02 3.339419e+01 1.297748e+02 5.791343e-02 1.233540e-05 
2.975000e+02 9.970750e-03 3.870298e-03 -1.991838e+00 7.857622e+03 7.805542e+03 2.670614e+02  1000  5000 1.068029e-04     0 4.076086e-02 3.327913e+01 1.297774e+02 5.793435e-02 1.343062e-05 
2.976000e+02 9.963848e-03 3.634966e-03 -1.991788e+00 7.852324e+03 7.793716e+03 2.663584e+02  1000  5000 1.062922e-04     0 4.072928e-02 3.316605e+01 1.297800e+02 5.795534e-02 1.475067e-05 
2.977000e+02 9.957273e-03 3.403958e-03 -1.991739e+00 7.847027e+03 7.781889e+03 2.656522e+02  1000  5000 1.024451e-04     0 4.069760e-02 3.305498e+01 1.297825e+02 5.797640e-02 1.610281e-05 
2.978000e+02 9.951075e-03 3.177284e-03 -1.991690e+00 7.841730e+03 7.770062e+03 2.649427e+02  1000  5000 9.742328e-05     0 4.066583e-02 3.294591e+01 1.297851e+02 5.799753e-02 1.743604e-05 
2.979000e+02 9.945351e-03 2.954949e-03 -1.991642e+00 7.836434e+03 7.758234e+03 2.642299e+02  1000  5000 9.203995e-05     0 4.063397e-02 3.283884e+01 1.297876e+02 5.801874e-02 1.881567e-05 
  298 9.940151e-03 2.736964e-03 -1.991595e+00 7.831139e+03 7.746406e+03 2.635141e+02  1000  5000 8.660373e-05     0 4.060201e-02 3.273377e+01 1.297902e+02 5.804001e-02 2.033660e-05 
2.981000e+02 9.935434e-03 2.523334e-03 -1.991548e+00 7.825844e+03 7.734578e+03 2.627951e+02  1000  5000 8.456550e-05     0 4.056996e-02 3.263072e+01 1.297927e+02 5.806135e-02 2.202875e-05 
2.982000e+02 9.931068e-03 2.314067e-03 -1.991502e+00 7.820550e+03 7.722750e+03 2.620732e+02  1000  5000 8.050332e-05     0 4.053782e-02 3.252969e+01 1.297952e+02 5.808276e-02 2.377306e-05 
2.983000e+02 9.927078e-03 2.109169e-03 -1.991457e+00 7.815256e+03 7.710921e+03 2.613482e+02  1000  5000 7.575192e-05     0 4.050560e-02 3.243067e+01 1.297977e+02 5.810423e-02 2.553528e-05 
2.984000e+02 9.923516e-03 1.908648e-03 -1.991411e+00 7.809963e+03 7.699092e+03 2.606203e+02  1000  5000 7.081231e-05     0 4.047330e-02 3.233368e+01 1.298002e+02 5.812576e-02 2.735094e-05 
2.985000e+02 9.920410e-03 1.712509e-03 -1.991367e+00 7.804670e+03 7.687262e+03 2.598896e+02  1000  5000 6.587383e-05     0 4.044091e-02 3.223871e+01 1.298027e+02 5.814735e-02 2.927292e-05 
2.986000e+02 9.917737e-03 1.520757e-03 -1.991322e+00 7.799378e+03 7.675432e+03 2.591561e+02  1000  5000 6.275894e-05     0 4.040845e-02 3.214576e+01 1.298052e+02 5.816901e-02 3.131851e-05 
2.987000e+02 9.915429e-03 1.333399e-03 -1.991279e+00 7.794087e+03 7.663602e+03 2.584198e+02  1000  5000 5.862372e-05     0 4.037591e-02 3.205485e+01 1.298076e+02 5.819072e-02 3.342428e-05 
2.988000e+02 9.913497e-03 1.150439e-03 -1.991235e+00 7.788795e+03 7.651771e+03 2.576808e+02  1000  5000 5.417040e-05     0 4.034330e-02 3.196597e+01 1.298101e+02 5.821249e-02 3.556903e-05 
2.989000e+02 9.911963e-03 9.718827e-04 -1.991191e+00 7.783505e+03 7.639941e+03 2.569391e+02  1000  5000 4.966210e-05     0 4.031062e-02 3.187912e+01 1.298125e+02 5.823431e-02 3.776658e-05 
  299 9.910841e-03 7.977338e-04 -1.991148e+00 7.778215e+03 7.628109e+03 2.561949e+02  1000  5000 4.519803e-05     0 4.027786e-02 3.179431e+01 1.298150e+02 5.825619e-02 4.003916e-05 
2.991000e+02 9.910123e-03 6.279969e-04 -1.991105e+00 7.772925e+03 7.616278e+03 2.554482e+02  1000  5000 4.152648e-05     0 4.024504e-02 3.171154e+01 1.298174e+02 5.827812e-02 4.239352e-05 
2.992000e+02 9.909780e-03 4.626756e-04 -1.991062e+00 7.767636e+03 7.604446e+03 2.546990e+02  1000  5000 3.749596e-05     0 4.021216e-02 3.163081e+01 1.298198e+02 5.830010e-02 4.480187e-05 
2.993000e+02 9.909817e-03 3.017735e-04 -1.991019e+00 7.762347e+03 7.592614e+03 2.539474e+02  1000  5000 3.339279e-05     0 4.017921e-02 3.155213e+01 1.298222e+02 5.832213e-02 4.725202e-05 
2.994000e+02 9.910243e-03 1.452939e-04 -1.990975e+00 7.757059e+03 7.580781e+03 2.531934e+02  1000  5000 2.932427e-05     0 4.014620e-02 3.147549e+01 1.298247e+02 5.834421e-02 4.974504e-05 
2.995000e+02 9.911063e-03 -6.760435e-06 -1.990932e+00 7.751772e+03 7.568948e+03 2.524371e+02  1000  5000 2.533107e-05     0 4.011314e-02 3.140090e+01 1.298270e+02 5.836633e-02 5.228512e-05 
2.996000e+02 9.912277e-03 -1.543869e-04 -1.990889e+00 7.746485e+03 7.557115e+03 2.516786e+02  1000  5000 2.168629e-05     0 4.008002e-02 3.132835e+01 1.298294e+02 5.838850e-02 5.487092e-05 
2.997000e+02 9.913875e-03 -2.975833e-04 -1.990845e+00 7.741198e+03 7.545282e+03 2.509179e+02  1000  5000 1.797405e-05     0 4.004684e-02 3.125785e+01 1.298318e+02 5.841072e-02 5.748889e-05 
2.998000e+02 9.915862e-03 -4.363476e-04 -1.990801e+00 7.735912e+03 7.533448e+03 2.501550e+02  1000  5000 1.429893e-05     0 4.001362e-02 3.118941e+01 1.298342e+02 5.843297e-02 6.013162e-05 
2.999000e+02 9.918243e-03 -5.706783e-04 -1.990757e+00 7.730626e+03 7.521614e+03 2.493901e+02  1000  5000 1.070068e-05     0 3.998035e-02 3.112301e+01 1.298365e+02 5.845526e-02 6.279713e-05 
  300 9.921025e-03 -7.005741e-04 -1.990713e+00 7.725341e+03 7.509779e+03 2.486232e+02  1000  5000 7.194957e-06     0 3.994703e-02 3.105867e+01 1.298389e+02 5.847759e-02 6.548518e-05 
3.001000e+02 9.924203e-03 -8.260340e-04 -1.990668e+00 7.720056e+03 7.497944e+03 2.478543e+02  1000  5000 4.205399e-06     0 3.991367e-02 3.099638e+01 1.298412e+02 5.849996e-02 6.818932e-05 
3.002000e+02 9.927769e-03 -9.470573e-04 -1.990623e+00 7.714772e+03 7.486109e+03 2.470835e+02  1000  5000 1.052216e-06     0 3.988026e-02 3.093614e+01 1.298435e+02 5.852237e-02 7.088812e-05 
3.003000e+02 9.931729e-03 -1.063644e-03 -1.990577e+00 7.709489e+03 7.474273e+03 2.463109e+02  1000  5000 -2.097312e-06     0 3.984682e-02 3.087796e+01 1.298459e+02 5.854480e-02 7.357467e-05 
3.004000e+02 9.936098e-03 -1.175793e-03 -1.990531e+00 7.704205e+03 7.462437e+03 2.455365e+02  1000  5000 -5.179233e-06     0 3.981334e-02 3.082183e+01 1.298482e+02 5.856727e-02 7.625415e-05 
3.005000e+02 9.940884e-03 -1.283506e-03 -1.990484e+00 7.698923e+03 7.450601e+03 2.447603e+02  1000  5000 -8.168101e-06     0 3.977982e-02 3.076775e+01 1.298505e+02 5.858977e-02 7.893618e-05 
3.006000e+02 9.946078e-03 -1.386783e-03 -1.990436e+00 7.693641e+03 7.438764e+03 2.439825e+02  1000  5000 -9.863205e-06     0 3.974628e-02 3.071573e+01 1.298527e+02 5.861230e-02 8.161268e-05 
3.007000e+02 9.951638e-03 -1.485625e-03 -1.990388e+00 7.688359e+03 7.426927e+03 2.432031e+02  1000  5000 -1.220898e-05     0 3.971270e-02 3.066576e+01 1.298550e+02 5.863486e-02 8.423247e-05 
3.008000e+02 9.957583e-03 -1.580033e-03 -1.990339e+00 7.683078e+03 7.415089e+03 2.424221e+02  1000  5000 -1.473129e-05     0 3.967910e-02 3.061784e+01 1.298573e+02 5.865744e-02 8.678511e-05 
3.009000e+02 9.963942e-03 -1.670009e-03 -1.990289e+00 7.677798e+03 7.403251e+03 2.416396e+02  1000  5000 -1.725024e-05     0 3.964547e-02 3.057198e+01 1.298595e+02 5.868004e-02 8.929325e-05 
  301 9.970739e-03 -1.755554e-03 -1.990238e+00 7.672518e+03 7.391413e+03 2.408556e+02  1000  5000 -1.969580e-05     0 3.961182e-02 3.052817e+01 1.298618e+02 5.870267e-02 9.179063e-05 
3.011000e+02 9.977940e-03 -1.836671e-03 -1.990187e+00 7.667238e+03 7.379574e+03 2.400703e+02  1000  5000 -1.949715e-05     0 3.957815e-02 3.048641e+01 1.298640e+02 5.872532e-02 9.427151e-05 
3.012000e+02 9.985447e-03 -1.913362e-03 -1.990134e+00 7.661960e+03 7.367735e+03 2.392837e+02  1000  5000 -2.081007e-05     0 3.954447e-02 3.044670e+01 1.298663e+02 5.874799e-02 9.663466e-05 
3.013000e+02 9.993293e-03 -1.985630e-03 -1.990081e+00 7.656681e+03 7.355896e+03 2.384957e+02  1000  5000 -2.262324e-05     0 3.951076e-02 3.040904e+01 1.298685e+02 5.877067e-02 9.886237e-05 
3.014000e+02 1.000154e-02 -2.053478e-03 -1.990027e+00 7.651404e+03 7.344056e+03 2.377066e+02  1000  5000 -2.455402e-05     0 3.947705e-02 3.037343e+01 1.298707e+02 5.879337e-02 1.010046e-04 
3.015000e+02 1.001022e-02 -2.116909e-03 -1.989972e+00 7.646127e+03 7.332215e+03 2.369163e+02  1000  5000 -2.645448e-05     0 3.944332e-02 3.033986e+01 1.298729e+02 5.881609e-02 1.031326e-04 
3.016000e+02 1.001928e-02 -2.175927e-03 -1.989915e+00 7.640850e+03 7.320375e+03 2.361249e+02  1000  5000 -2.386511e-05     0 3.940959e-02 3.030835e+01 1.298751e+02 5.883882e-02 1.052470e-04 
3.017000e+02 1.002853e-02 -2.230537e-03 -1.989858e+00 7.635574e+03 7.308533e+03 2.353324e+02  1000  5000 -2.397961e-05     0 3.937585e-02 3.027887e+01 1.298772e+02 5.886155e-02 1.071793e-04 
3.018000e+02 1.003801e-02 -2.280742e-03 -1.989800e+00 7.630299e+03 7.296692e+03 2.345390e+02  1000  5000 -2.504896e-05     0 3.934211e-02 3.025144e+01 1.298794e+02 5.888430e-02 1.089013e-04 
3.019000e+02 1.004784e-02 -2.326548e-03 -1.989740e+00 7.625024e+03 7.284849e+03 2.337446e+02  1000  5000 -2.641153e-05     0 3.930837e-02 3.022605e+01 1.298815e+02 5.890706e-02 1.104986e-04 
  302 1.005808e-02 -2.367958e-03 -1.989680e+00 7.619750e+03 7.273007e+03 2.329493e+02  1000  5000 -2.781174e-05     0 3.927463e-02 3.020269e+01 1.298837e+02 5.892982e-02 1.120913e-04 
3.021000e+02 1.006864e-02 -2.404978e-03 -1.989618e+00 7.614477e+03 7.261164e+03 2.321533e+02  1000  5000 -2.250040e-05     0 3.924089e-02 3.018138e+01 1.298858e+02 5.895258e-02 1.136906e-04 
3.022000e+02 1.007919e-02 -2.437613e-03 -1.989555e+00 7.609204e+03 7.249320e+03 2.313565e+02  1000  5000 -2.134571e-05     0 3.920717e-02 3.016209e+01 1.298879e+02 5.897535e-02 1.150473e-04 
3.023000e+02 1.008982e-02 -2.465871e-03 -1.989491e+00 7.603932e+03 7.237476e+03 2.305589e+02  1000  5000 -2.170684e-05     0 3.917345e-02 3.014484e+01 1.298900e+02 5.899812e-02 1.161200e-04 
3.024000e+02 1.010069e-02 -2.489756e-03 -1.989426e+00 7.598661e+03 7.225632e+03 2.297608e+02  1000  5000 -2.258369e-05     0 3.913974e-02 3.012962e+01 1.298921e+02 5.902089e-02 1.170362e-04 
3.025000e+02 1.011192e-02 -2.509275e-03 -1.989360e+00 7.593390e+03 7.213787e+03 2.289620e+02  1000  5000 -2.358910e-05     0 3.910605e-02 3.011642e+01 1.298942e+02 5.904365e-02 1.179730e-04 
3.026000e+02 1.012336e-02 -2.524435e-03 -1.989293e+00 7.588120e+03 7.201941e+03 2.281627e+02  1000  5000 -1.543945e-05     0 3.907237e-02 3.010525e+01 1.298963e+02 5.906641e-02 1.189552e-04 
3.027000e+02 1.013454e-02 -2.535242e-03 -1.989225e+00 7.582851e+03 7.190095e+03 2.273630e+02  1000  5000 -1.306183e-05     0 3.903872e-02 3.009609e+01 1.298984e+02 5.908917e-02 1.196450e-04 
3.028000e+02 1.014559e-02 -2.541704e-03 -1.989155e+00 7.577582e+03 7.178249e+03 2.265628e+02  1000  5000 -1.283039e-05     0 3.900508e-02 3.008896e+01 1.299004e+02 5.911191e-02 1.199862e-04 
3.029000e+02 1.015675e-02 -2.543830e-03 -1.989084e+00 7.572315e+03 7.166401e+03 2.257622e+02  1000  5000 -1.336963e-05     0 3.897148e-02 3.008383e+01 1.299025e+02 5.913465e-02 1.201506e-04 
  303 1.016819e-02 -2.541625e-03 -1.989012e+00 7.567048e+03 7.154554e+03 2.249614e+02  1000  5000 -1.414505e-05     0 3.893789e-02 3.008072e+01 1.299045e+02 5.915738e-02 1.203763e-04 
3.031000e+02 1.017970e-02 -2.535098e-03 -1.988940e+00 7.561781e+03 7.142706e+03 2.241602e+02  1000  5000 -3.276358e-06     0 3.890434e-02 3.007962e+01 1.299065e+02 5.918009e-02 1.207036e-04 
3.032000e+02 1.019067e-02 -2.524259e-03 -1.988866e+00 7.556516e+03 7.130857e+03 2.233589e+02  1000  5000 1.600579e-07     0 3.887082e-02 3.008052e+01 1.299085e+02 5.920279e-02 1.207044e-04 
3.033000e+02 1.020126e-02 -2.509116e-03 -1.988791e+00 7.551251e+03 7.119008e+03 2.225575e+02  1000  5000 7.974048e-07     0 3.883734e-02 3.008341e+01 1.299105e+02 5.922547e-02 1.203062e-04 
3.034000e+02 1.021180e-02 -2.489678e-03 -1.988715e+00 7.545987e+03 7.107158e+03 2.217560e+02  1000  5000 3.969516e-07     0 3.880389e-02 3.008831e+01 1.299125e+02 5.924813e-02 1.197243e-04 
3.035000e+02 1.022254e-02 -2.465953e-03 -1.988638e+00 7.540724e+03 7.095308e+03 2.209544e+02  1000  5000 -3.539546e-07     0 3.877049e-02 3.009519e+01 1.299145e+02 5.927077e-02 1.192568e-04 
3.036000e+02 1.023322e-02 -2.437952e-03 -1.988561e+00 7.535461e+03 7.083457e+03 2.201529e+02  1000  5000 1.289443e-05     0 3.873712e-02 3.010407e+01 1.299164e+02 5.929339e-02 1.189600e-04 
3.037000e+02 1.024305e-02 -2.405684e-03 -1.988483e+00 7.530200e+03 7.071605e+03 2.193515e+02  1000  5000 1.712995e-05     0 3.870381e-02 3.011492e+01 1.299184e+02 5.931599e-02 1.183199e-04 
3.038000e+02 1.025227e-02 -2.369162e-03 -1.988403e+00 7.524939e+03 7.059753e+03 2.185502e+02  1000  5000 1.794234e-05     0 3.867054e-02 3.012776e+01 1.299203e+02 5.933856e-02 1.172470e-04 
3.039000e+02 1.026131e-02 -2.328393e-03 -1.988322e+00 7.519679e+03 7.047900e+03 2.177491e+02  1000  5000 1.746091e-05     0 3.863732e-02 3.014257e+01 1.299223e+02 5.936110e-02 1.159961e-04 
  304 1.027046e-02 -2.283389e-03 -1.988241e+00 7.514420e+03 7.036047e+03 2.169483e+02  1000  5000 1.652002e-05     0 3.860415e-02 3.015935e+01 1.299242e+02 5.938362e-02 1.149193e-04 
3.041000e+02 1.027944e-02 -2.234160e-03 -1.988160e+00 7.509162e+03 7.024193e+03 2.161477e+02  1000  5000 3.163715e-05     0 3.857104e-02 3.017809e+01 1.299261e+02 5.940610e-02 1.140879e-04 
3.042000e+02 1.028731e-02 -2.180719e-03 -1.988078e+00 7.503904e+03 7.012339e+03 2.153475e+02  1000  5000 3.635618e-05     0 3.853799e-02 3.019879e+01 1.299280e+02 5.942855e-02 1.129123e-04 
3.043000e+02 1.029437e-02 -2.123078e-03 -1.987994e+00 7.498648e+03 7.000483e+03 2.145478e+02  1000  5000 3.710535e-05     0 3.850500e-02 3.022145e+01 1.299299e+02 5.945096e-02 1.112865e-04 
3.044000e+02 1.030115e-02 -2.061248e-03 -1.987910e+00 7.493392e+03 6.988628e+03 2.137485e+02  1000  5000 3.633790e-05     0 3.847207e-02 3.024606e+01 1.299317e+02 5.947334e-02 1.094976e-04 
3.045000e+02 1.030798e-02 -1.995241e-03 -1.987826e+00 7.488137e+03 6.976771e+03 2.129498e+02  1000  5000 3.501848e-05     0 3.843921e-02 3.027261e+01 1.299336e+02 5.949568e-02 1.079422e-04 
3.046000e+02 1.031458e-02 -1.925067e-03 -1.987742e+00 7.482883e+03 6.964914e+03 2.121516e+02  1000  5000 5.139054e-05     0 3.840642e-02 3.030110e+01 1.299354e+02 5.951798e-02 1.067043e-04 
3.047000e+02 1.031988e-02 -1.850743e-03 -1.987657e+00 7.477630e+03 6.953056e+03 2.113541e+02  1000  5000 5.626718e-05     0 3.837370e-02 3.033152e+01 1.299373e+02 5.954024e-02 1.051336e-04 
3.048000e+02 1.032423e-02 -1.772281e-03 -1.987571e+00 7.472378e+03 6.941198e+03 2.105572e+02  1000  5000 5.674336e-05     0 3.834105e-02 3.036387e+01 1.299391e+02 5.956245e-02 1.031097e-04 
3.049000e+02 1.032824e-02 -1.689693e-03 -1.987485e+00 7.467127e+03 6.929339e+03 2.097611e+02  1000  5000 5.553069e-05     0 3.830848e-02 3.039814e+01 1.299409e+02 5.958462e-02 1.009424e-04 
  305 1.033230e-02 -1.602993e-03 -1.987398e+00 7.461877e+03 6.917480e+03 2.089658e+02  1000  5000 5.369814e-05     0 3.827600e-02 3.043433e+01 1.299427e+02 5.960674e-02 9.906119e-05 
3.051000e+02 1.033610e-02 -1.512193e-03 -1.987312e+00 7.456627e+03 6.905619e+03 2.081714e+02  1000  5000 7.068059e-05     0 3.824359e-02 3.047242e+01 1.299445e+02 5.962881e-02 9.755946e-05 
3.052000e+02 1.033850e-02 -1.417310e-03 -1.987225e+00 7.451379e+03 6.893758e+03 2.073778e+02  1000  5000 7.541846e-05     0 3.821127e-02 3.051242e+01 1.299462e+02 5.965083e-02 9.574485e-05 
3.053000e+02 1.033990e-02 -1.318358e-03 -1.987138e+00 7.446131e+03 6.881897e+03 2.065853e+02  1000  5000 7.546615e-05     0 3.817903e-02 3.055432e+01 1.299480e+02 5.967280e-02 9.348521e-05 
3.054000e+02 1.034094e-02 -1.215351e-03 -1.987051e+00 7.440884e+03 6.870035e+03 2.057937e+02  1000  5000 7.371365e-05     0 3.814688e-02 3.059810e+01 1.299498e+02 5.969471e-02 9.110355e-05 
3.055000e+02 1.034206e-02 -1.108304e-03 -1.986964e+00 7.435639e+03 6.858172e+03 2.050032e+02  1000  5000 7.130188e-05     0 3.811483e-02 3.064377e+01 1.299515e+02 5.971656e-02 8.904843e-05 
3.056000e+02 1.034295e-02 -9.972302e-04 -1.986877e+00 7.430394e+03 6.846308e+03 2.042138e+02  1000  5000 8.828047e-05     0 3.808287e-02 3.069132e+01 1.299532e+02 5.973836e-02 8.741966e-05 
3.057000e+02 1.034243e-02 -8.821475e-04 -1.986790e+00 7.425150e+03 6.834444e+03 2.034256e+02  1000  5000 9.263916e-05     0 3.805101e-02 3.074074e+01 1.299549e+02 5.976009e-02 8.550289e-05 
3.058000e+02 1.034092e-02 -7.630721e-04 -1.986703e+00 7.419907e+03 6.822579e+03 2.026387e+02  1000  5000 9.216846e-05     0 3.801925e-02 3.079202e+01 1.299566e+02 5.978177e-02 8.315795e-05 
3.059000e+02 1.033910e-02 -6.400190e-04 -1.986615e+00 7.414664e+03 6.810714e+03 2.018530e+02  1000  5000 8.985008e-05     0 3.798759e-02 3.084515e+01 1.299583e+02 5.980338e-02 8.071124e-05 
  306 1.033741e-02 -5.130034e-04 -1.986529e+00 7.409423e+03 6.798847e+03 2.010686e+02  1000  5000 8.686153e-05     0 3.795603e-02 3.090014e+01 1.299600e+02 5.982492e-02 7.861710e-05 
3.061000e+02 1.033555e-02 -3.820413e-04 -1.986442e+00 7.404183e+03 6.786980e+03 2.002856e+02  1000  5000 1.032943e-04     0 3.792458e-02 3.095697e+01 1.299616e+02 5.984640e-02 7.697849e-05 
3.062000e+02 1.033236e-02 -2.471513e-04 -1.986356e+00 7.398943e+03 6.775113e+03 1.995041e+02  1000  5000 1.071003e-04     0 3.789325e-02 3.101563e+01 1.299633e+02 5.986781e-02 7.507938e-05 
3.063000e+02 1.032824e-02 -1.083509e-04 -1.986270e+00 7.393705e+03 6.763245e+03 1.987241e+02  1000  5000 1.060847e-04     0 3.786202e-02 3.107612e+01 1.299649e+02 5.988915e-02 7.277573e-05 
3.064000e+02 1.032390e-02 3.434365e-05 -1.986184e+00 7.388467e+03 6.751376e+03 1.979455e+02  1000  5000 1.032346e-04     0 3.783091e-02 3.113843e+01 1.299665e+02 5.991041e-02 7.038834e-05 
3.065000e+02 1.031976e-02 1.809159e-04 -1.986098e+00 7.383230e+03 6.739506e+03 1.971686e+02  1000  5000 9.972885e-05     0 3.779991e-02 3.120255e+01 1.299682e+02 5.993160e-02 6.836480e-05 
3.066000e+02 1.031552e-02 3.313484e-04 -1.986014e+00 7.377994e+03 6.727636e+03 1.963934e+02  1000  5000 1.151680e-04     0 3.776904e-02 3.126847e+01 1.299698e+02 5.995271e-02 6.680821e-05 
3.067000e+02 1.031009e-02 4.856216e-04 -1.985929e+00 7.372760e+03 6.715765e+03 1.956198e+02  1000  5000 1.183132e-04     0 3.773829e-02 3.133619e+01 1.299713e+02 5.997375e-02 6.501994e-05 
3.068000e+02 1.030386e-02 6.437167e-04 -1.985845e+00 7.367525e+03 6.703893e+03 1.948479e+02  1000  5000 1.167779e-04     0 3.770766e-02 3.140570e+01 1.299729e+02 5.999471e-02 6.285632e-05 
3.069000e+02 1.029749e-02 8.056162e-04 -1.985761e+00 7.362292e+03 6.692021e+03 1.940779e+02  1000  5000 1.134746e-04     0 3.767715e-02 3.147699e+01 1.299745e+02 6.001558e-02 6.062467e-05 
  307 1.029139e-02 9.713023e-04 -1.985678e+00 7.357060e+03 6.680148e+03 1.933097e+02  1000  5000 1.095509e-04     0 3.764678e-02 3.155005e+01 1.299760e+02 6.003637e-02 5.875473e-05 
3.071000e+02 1.028530e-02 1.140757e-03 -1.985595e+00 7.351828e+03 6.668274e+03 1.925434e+02  1000  5000 1.236489e-04     0 3.761654e-02 3.162487e+01 1.299775e+02 6.005708e-02 5.734710e-05 
3.072000e+02 1.027818e-02 1.313958e-03 -1.985513e+00 7.346598e+03 6.656400e+03 1.917790e+02  1000  5000 1.260803e-04     0 3.758643e-02 3.170144e+01 1.299791e+02 6.007770e-02 5.573738e-05 
3.073000e+02 1.027041e-02 1.490887e-03 -1.985432e+00 7.341368e+03 6.644525e+03 1.910167e+02  1000  5000 1.240864e-04     0 3.755646e-02 3.177977e+01 1.299806e+02 6.009824e-02 5.378622e-05 
3.074000e+02 1.026260e-02 1.671525e-03 -1.985351e+00 7.336139e+03 6.632649e+03 1.902564e+02  1000  5000 1.204348e-04     0 3.752662e-02 3.185982e+01 1.299821e+02 6.011868e-02 5.178095e-05 
3.075000e+02 1.025512e-02 1.855853e-03 -1.985270e+00 7.330911e+03 6.620773e+03 1.894982e+02  1000  5000 1.162134e-04     0 3.749693e-02 3.194161e+01 1.299835e+02 6.013903e-02 5.012407e-05 
3.076000e+02 1.024773e-02 2.043851e-03 -1.985191e+00 7.325684e+03 6.608896e+03 1.887421e+02  1000  5000 1.287181e-04     0 3.746738e-02 3.202512e+01 1.299850e+02 6.015929e-02 4.891147e-05 
3.077000e+02 1.023952e-02 2.235497e-03 -1.985112e+00 7.320457e+03 6.597018e+03 1.879882e+02  1000  5000 1.304252e-04     0 3.743797e-02 3.211033e+01 1.299865e+02 6.017945e-02 4.752696e-05 
3.078000e+02 1.023080e-02 2.430771e-03 -1.985034e+00 7.315232e+03 6.585140e+03 1.872366e+02  1000  5000 1.280537e-04     0 3.740871e-02 3.219725e+01 1.299879e+02 6.019952e-02 4.583897e-05 
3.079000e+02 1.022214e-02 2.629652e-03 -1.984956e+00 7.310007e+03 6.573261e+03 1.864872e+02  1000  5000 1.241684e-04     0 3.737960e-02 3.228586e+01 1.299893e+02 6.021949e-02 4.410964e-05 
  308 1.021385e-02 2.832120e-03 -1.984879e+00 7.304783e+03 6.561381e+03 1.857402e+02  1000  5000 1.197743e-04     0 3.735064e-02 3.237615e+01 1.299908e+02 6.023936e-02 4.270686e-05 
3.081000e+02 1.020573e-02 3.038155e-03 -1.984804e+00 7.299560e+03 6.549501e+03 1.849956e+02  1000  5000 1.305191e-04     0 3.732184e-02 3.246812e+01 1.299922e+02 6.025913e-02 4.171989e-05 
3.082000e+02 1.019699e-02 3.247734e-03 -1.984728e+00 7.294338e+03 6.537620e+03 1.842534e+02  1000  5000 1.315212e-04     0 3.729319e-02 3.256174e+01 1.299935e+02 6.027880e-02 4.059167e-05 
3.083000e+02 1.018790e-02 3.460835e-03 -1.984654e+00 7.289116e+03 6.525738e+03 1.835137e+02  1000  5000 1.288597e-04     0 3.726470e-02 3.265703e+01 1.299949e+02 6.029836e-02 3.920122e-05 
3.084000e+02 1.017892e-02 3.677437e-03 -1.984580e+00 7.283895e+03 6.513856e+03 1.827765e+02  1000  5000 1.248518e-04     0 3.723637e-02 3.275395e+01 1.299963e+02 6.031782e-02 3.778168e-05 
3.085000e+02 1.017037e-02 3.897519e-03 -1.984507e+00 7.278675e+03 6.501973e+03 1.820419e+02  1000  5000 1.204027e-04     0 3.720821e-02 3.285251e+01 1.299976e+02 6.033717e-02 3.666080e-05 
3.086000e+02 1.016203e-02 4.121058e-03 -1.984435e+00 7.273456e+03 6.490089e+03 1.813099e+02  1000  5000 1.292960e-04     0 3.718020e-02 3.295270e+01 1.299990e+02 6.035640e-02 3.591975e-05 
3.087000e+02 1.015326e-02 4.348031e-03 -1.984364e+00 7.268238e+03 6.478205e+03 1.805806e+02  1000  5000 1.296313e-04     0 3.715237e-02 3.305450e+01 1.300003e+02 6.037553e-02 3.506836e-05 
3.088000e+02 1.014428e-02 4.578416e-03 -1.984293e+00 7.263020e+03 6.466320e+03 1.798540e+02  1000  5000 1.267644e-04     0 3.712470e-02 3.315790e+01 1.300016e+02 6.039455e-02 3.399832e-05 
3.089000e+02 1.013548e-02 4.812190e-03 -1.984223e+00 7.257803e+03 6.454435e+03 1.791301e+02  1000  5000 1.227332e-04     0 3.709721e-02 3.326290e+01 1.300029e+02 6.041345e-02 3.291126e-05 
  309 1.012710e-02 5.049331e-03 -1.984154e+00 7.252586e+03 6.442549e+03 1.784091e+02  1000  5000 1.183309e-04     0 3.706989e-02 3.336948e+01 1.300042e+02 6.043224e-02 3.209118e-05 
3.091000e+02 1.011899e-02 5.289816e-03 -1.984086e+00 7.247371e+03 6.430662e+03 1.776909e+02  1000  5000 1.253463e-04     0 3.704275e-02 3.347764e+01 1.300054e+02 6.045091e-02 3.161003e-05 
3.092000e+02 1.011061e-02 5.533620e-03 -1.984018e+00 7.242156e+03 6.418775e+03 1.769756e+02  1000  5000 1.250653e-04     0 3.701578e-02 3.358736e+01 1.300067e+02 6.046946e-02 3.104924e-05 
3.093000e+02 1.010214e-02 5.780720e-03 -1.983952e+00 7.236942e+03 6.406887e+03 1.762632e+02  1000  5000 1.220688e-04     0 3.698899e-02 3.369863e+01 1.300079e+02 6.048789e-02 3.031453e-05 
3.094000e+02 1.009389e-02 6.031093e-03 -1.983886e+00 7.231728e+03 6.394998e+03 1.755538e+02  1000  5000 1.180967e-04     0 3.696239e-02 3.381144e+01 1.300092e+02 6.050620e-02 2.957479e-05 
3.095000e+02 1.008606e-02 6.284715e-03 -1.983821e+00 7.226515e+03 6.383109e+03 1.748475e+02  1000  5000 1.138239e-04     0 3.693597e-02 3.392578e+01 1.300104e+02 6.052439e-02 2.906839e-05 
3.096000e+02 1.007853e-02 6.541562e-03 -1.983756e+00 7.221303e+03 6.371219e+03 1.741442e+02  1000  5000 1.189925e-04     0 3.690973e-02 3.404164e+01 1.300116e+02 6.054245e-02 2.885735e-05 
3.097000e+02 1.007087e-02 6.801610e-03 -1.983693e+00 7.216091e+03 6.359329e+03 1.734440e+02  1000  5000 1.181535e-04     0 3.688369e-02 3.415901e+01 1.300128e+02 6.056039e-02 2.859641e-05 
3.098000e+02 1.006321e-02 7.064833e-03 -1.983630e+00 7.210881e+03 6.347438e+03 1.727470e+02  1000  5000 1.150920e-04     0 3.685783e-02 3.427788e+01 1.300139e+02 6.057820e-02 2.820606e-05 
3.099000e+02 1.005581e-02 7.331207e-03 -1.983568e+00 7.205670e+03 6.335546e+03 1.720532e+02  1000  5000 1.112435e-04     0 3.683217e-02 3.439824e+01 1.300151e+02 6.059588e-02 2.782238e-05 
  310 1.004881e-02 7.600708e-03 -1.983507e+00 7.200461e+03 6.323654e+03 1.713627e+02  1000  5000 1.071624e-04     0 3.680670e-02 3.452007e+01 1.300162e+02 6.061343e-02 2.763792e-05 
3.101000e+02 1.004211e-02 7.873312e-03 -1.983446e+00 7.195252e+03 6.311761e+03 1.706754e+02  1000  5000 1.105685e-04     0 3.678142e-02 3.464337e+01 1.300174e+02 6.063084e-02 2.770439e-05 
3.102000e+02 1.003540e-02 8.148992e-03 -1.983386e+00 7.190043e+03 6.299868e+03 1.699915e+02  1000  5000 1.092359e-04     0 3.675635e-02 3.476812e+01 1.300185e+02 6.064813e-02 2.774883e-05 
3.103000e+02 1.002878e-02 8.427723e-03 -1.983327e+00 7.184836e+03 6.287974e+03 1.693109e+02  1000  5000 1.061633e-04     0 3.673147e-02 3.489431e+01 1.300196e+02 6.066527e-02 2.770657e-05 
3.104000e+02 1.002242e-02 8.709479e-03 -1.983269e+00 7.179629e+03 6.276079e+03 1.686337e+02  1000  5000 1.024857e-04     0 3.670680e-02 3.502193e+01 1.300207e+02 6.068229e-02 2.768193e-05 
3.105000e+02 1.001644e-02 8.994237e-03 -1.983211e+00 7.174422e+03 6.264184e+03 1.679600e+02  1000  5000 9.863999e-05     0 3.668233e-02 3.515098e+01 1.300218e+02 6.069916e-02 2.782303e-05 
3.106000e+02 1.001077e-02 9.281968e-03 -1.983154e+00 7.169216e+03 6.252289e+03 1.672898e+02  1000  5000 1.004181e-04     0 3.665806e-02 3.528142e+01 1.300228e+02 6.071589e-02 2.817119e-05 
3.107000e+02 1.000517e-02 9.572648e-03 -1.983097e+00 7.164011e+03 6.240392e+03 1.666231e+02  1000  5000 9.866360e-05     0 3.663401e-02 3.541327e+01 1.300239e+02 6.073249e-02 2.852219e-05 
3.108000e+02 9.999721e-03 9.866251e-03 -1.983041e+00 7.158806e+03 6.228496e+03 1.659600e+02  1000  5000 9.562487e-05     0 3.661016e-02 3.554649e+01 1.300249e+02 6.074894e-02 2.882572e-05 
3.109000e+02 9.994542e-03 1.016275e-02 -1.982986e+00 7.153602e+03 6.216598e+03 1.653005e+02  1000  5000 9.215154e-05     0 3.658653e-02 3.568109e+01 1.300259e+02 6.076525e-02 2.915638e-05 
  311 9.989708e-03 1.046212e-02 -1.982931e+00 7.148398e+03 6.204700e+03 1.646447e+02  1000  5000 8.856941e-05     0 3.656311e-02 3.581705e+01 1.300269e+02 6.078141e-02 2.962076e-05 
3.111000e+02 9.985176e-03 1.076433e-02 -1.982877e+00 7.143195e+03 6.192802e+03 1.639925e+02  1000  5000 8.890337e-05     0 3.653991e-02 3.595435e+01 1.300279e+02 6.079743e-02 3.025000e-05 
3.112000e+02 9.980789e-03 1.106936e-02 -1.982823e+00 7.137992e+03 6.180903e+03 1.633441e+02  1000  5000 8.680756e-05     0 3.651692e-02 3.609299e+01 1.300289e+02 6.081330e-02 3.090269e-05 
3.113000e+02 9.976592e-03 1.137717e-02 -1.982770e+00 7.132790e+03 6.169003e+03 1.626994e+02  1000  5000 8.384249e-05     0 3.649415e-02 3.623296e+01 1.300299e+02 6.082902e-02 3.154183e-05 
3.114000e+02 9.972665e-03 1.168775e-02 -1.982717e+00 7.127589e+03 6.157103e+03 1.620586e+02  1000  5000 8.059684e-05     0 3.647160e-02 3.637423e+01 1.300308e+02 6.084459e-02 3.221538e-05 
3.115000e+02 9.969053e-03 1.200107e-02 -1.982665e+00 7.122388e+03 6.145202e+03 1.614216e+02  1000  5000 7.729554e-05     0 3.644928e-02 3.651680e+01 1.300318e+02 6.086001e-02 3.299260e-05 
3.116000e+02 9.965733e-03 1.231709e-02 -1.982613e+00 7.117187e+03 6.133301e+03 1.607885e+02  1000  5000 7.641794e-05     0 3.642718e-02 3.666066e+01 1.300327e+02 6.087528e-02 3.389506e-05 
3.117000e+02 9.962610e-03 1.263579e-02 -1.982562e+00 7.111988e+03 6.121400e+03 1.601593e+02  1000  5000 7.407328e-05     0 3.640530e-02 3.680579e+01 1.300336e+02 6.089039e-02 3.483590e-05 
3.118000e+02 9.959707e-03 1.295715e-02 -1.982510e+00 7.106788e+03 6.109497e+03 1.595341e+02  1000  5000 7.122044e-05     0 3.638366e-02 3.695219e+01 1.300345e+02 6.090535e-02 3.579002e-05 
3.119000e+02 9.957070e-03 1.328113e-02 -1.982460e+00 7.101589e+03 6.097594e+03 1.589128e+02  1000  5000 6.822049e-05     0 3.636224e-02 3.709983e+01 1.300354e+02 6.092015e-02 3.678265e-05 
  312 9.954724e-03 1.360771e-02 -1.982409e+00 7.096391e+03 6.085691e+03 1.582956e+02  1000  5000 6.521094e-05     0 3.634106e-02 3.724871e+01 1.300363e+02 6.093479e-02 3.785126e-05 
3.121000e+02 9.952658e-03 1.393686e-02 -1.982359e+00 7.091193e+03 6.073787e+03 1.576825e+02  1000  5000 6.340216e-05     0 3.632011e-02 3.739881e+01 1.300372e+02 6.094927e-02 3.900867e-05 
3.122000e+02 9.950826e-03 1.426855e-02 -1.982309e+00 7.085996e+03 6.061883e+03 1.570734e+02  1000  5000 6.091549e-05     0 3.629939e-02 3.755012e+01 1.300380e+02 6.096359e-02 4.021248e-05 
3.123000e+02 9.949236e-03 1.460275e-02 -1.982259e+00 7.080799e+03 6.049978e+03 1.564685e+02  1000  5000 5.821613e-05     0 3.627891e-02 3.770263e+01 1.300388e+02 6.097775e-02 4.144752e-05 
3.124000e+02 9.947909e-03 1.493944e-02 -1.982210e+00 7.075603e+03 6.038073e+03 1.558678e+02  1000  5000 5.547887e-05     0 3.625866e-02 3.785633e+01 1.300396e+02 6.099175e-02 4.272112e-05 
3.125000e+02 9.946855e-03 1.527858e-02 -1.982160e+00 7.070407e+03 6.026167e+03 1.552712e+02  1000  5000 5.276999e-05     0 3.623866e-02 3.801119e+01 1.300405e+02 6.100558e-02 4.404560e-05 
3.126000e+02 9.946071e-03 1.562016e-02 -1.982111e+00 7.065211e+03 6.014260e+03 1.546789e+02  1000  5000 5.035519e-05     0 3.621890e-02 3.816722e+01 1.300412e+02 6.101925e-02 4.542619e-05 
3.127000e+02 9.945547e-03 1.596413e-02 -1.982062e+00 7.060016e+03 6.002353e+03 1.540909e+02  1000  5000 4.784910e-05     0 3.619938e-02 3.832439e+01 1.300420e+02 6.103275e-02 4.685310e-05 
3.128000e+02 9.945282e-03 1.631047e-02 -1.982013e+00 7.054822e+03 5.990446e+03 1.535072e+02  1000  5000 4.535004e-05     0 3.618010e-02 3.848269e+01 1.300428e+02 6.104609e-02 4.831891e-05 
3.129000e+02 9.945279e-03 1.665915e-02 -1.981964e+00 7.049628e+03 5.978538e+03 1.529278e+02  1000  5000 4.289462e-05     0 3.616107e-02 3.864211e+01 1.300435e+02 6.105925e-02 4.981849e-05 
  313 9.945536e-03 1.701014e-02 -1.981915e+00 7.044435e+03 5.966629e+03 1.523528e+02  1000  5000 4.049651e-05     0 3.614229e-02 3.880264e+01 1.300443e+02 6.107224e-02 5.134670e-05 
3.131000e+02 9.946059e-03 1.736342e-02 -1.981866e+00 7.039242e+03 5.954720e+03 1.517822e+02  1000  5000 3.783896e-05     0 3.612376e-02 3.896426e+01 1.300450e+02 6.108507e-02 5.290262e-05 
3.132000e+02 9.946858e-03 1.771895e-02 -1.981816e+00 7.034050e+03 5.942811e+03 1.512161e+02  1000  5000 3.545090e-05     0 3.610547e-02 3.912696e+01 1.300457e+02 6.109772e-02 5.449598e-05 
3.133000e+02 9.947927e-03 1.807670e-02 -1.981767e+00 7.028858e+03 5.930901e+03 1.506544e+02  1000  5000 3.320538e-05     0 3.608744e-02 3.929073e+01 1.300464e+02 6.111020e-02 5.612459e-05 
3.134000e+02 9.949259e-03 1.843665e-02 -1.981718e+00 7.023666e+03 5.918990e+03 1.500972e+02  1000  5000 3.105438e-05     0 3.606966e-02 3.945555e+01 1.300471e+02 6.112250e-02 5.777696e-05 
3.135000e+02 9.950847e-03 1.879877e-02 -1.981668e+00 7.018476e+03 5.907079e+03 1.495445e+02  1000  5000 2.897944e-05     0 3.605214e-02 3.962141e+01 1.300477e+02 6.113463e-02 5.943894e-05 
3.136000e+02 9.952697e-03 1.916302e-02 -1.981618e+00 7.013285e+03 5.895168e+03 1.489964e+02  1000  5000 2.646864e-05     0 3.603487e-02 3.978829e+01 1.300484e+02 6.114659e-02 6.110518e-05 
3.137000e+02 9.954828e-03 1.952937e-02 -1.981568e+00 7.008095e+03 5.883256e+03 1.484529e+02  1000  5000 2.434649e-05     0 3.601785e-02 3.995618e+01 1.300490e+02 6.115836e-02 6.279105e-05 
3.138000e+02 9.957234e-03 1.989781e-02 -1.981518e+00 7.002906e+03 5.871343e+03 1.479140e+02  1000  5000 2.241218e-05     0 3.600110e-02 4.012508e+01 1.300497e+02 6.116996e-02 6.449696e-05 
3.139000e+02 9.959903e-03 2.026828e-02 -1.981467e+00 6.997717e+03 5.859430e+03 1.473797e+02  1000  5000 2.059007e-05     0 3.598460e-02 4.029495e+01 1.300503e+02 6.118138e-02 6.621151e-05 
  314 9.962830e-03 2.064078e-02 -1.981416e+00 6.992529e+03 5.847516e+03 1.468502e+02  1000  5000 1.885130e-05     0 3.596837e-02 4.046580e+01 1.300509e+02 6.119262e-02 6.792047e-05 
3.141000e+02 9.966015e-03 2.101526e-02 -1.981365e+00 6.987341e+03 5.835602e+03 1.463253e+02  1000  5000 1.688468e-05     0 3.595240e-02 4.063761e+01 1.300515e+02 6.120368e-02 6.961612e-05 
3.142000e+02 9.969470e-03 2.139169e-02 -1.981313e+00 6.982154e+03 5.823688e+03 1.458052e+02  1000  5000 1.517822e-05     0 3.593669e-02 4.081036e+01 1.300520e+02 6.121455e-02 7.130539e-05 
3.143000e+02 9.973193e-03 2.177005e-02 -1.981261e+00 6.976967e+03 5.811773e+03 1.452898e+02  1000  5000 1.361175e-05     0 3.592124e-02 4.098403e+01 1.300526e+02 6.122525e-02 7.298863e-05 
3.144000e+02 9.977176e-03 2.215031e-02 -1.981208e+00 6.971781e+03 5.799857e+03 1.447792e+02  1000  5000 1.214020e-05     0 3.590606e-02 4.115863e+01 1.300531e+02 6.123575e-02 7.466111e-05 
3.145000e+02 9.981417e-03 2.253243e-02 -1.981155e+00 6.966595e+03 5.787941e+03 1.442735e+02  1000  5000 1.074647e-05     0 3.589115e-02 4.133412e+01 1.300537e+02 6.124608e-02 7.631754e-05 
3.146000e+02 9.985909e-03 2.291638e-02 -1.981101e+00 6.961410e+03 5.776025e+03 1.437725e+02  1000  5000 9.704680e-06     0 3.587650e-02 4.151050e+01 1.300542e+02 6.125622e-02 7.795011e-05 
3.147000e+02 9.990639e-03 2.330214e-02 -1.981047e+00 6.956225e+03 5.764108e+03 1.432765e+02  1000  5000 8.552771e-06     0 3.586213e-02 4.168776e+01 1.300547e+02 6.126617e-02 7.954378e-05 
3.148000e+02 9.995611e-03 2.368967e-02 -1.980992e+00 6.951041e+03 5.752190e+03 1.427853e+02  1000  5000 7.401100e-06     0 3.584802e-02 4.186588e+01 1.300552e+02 6.127594e-02 8.109635e-05 
3.149000e+02 1.000083e-02 2.407895e-02 -1.980936e+00 6.945858e+03 5.740272e+03 1.422991e+02  1000  5000 6.291570e-06     0 3.583418e-02 4.204484e+01 1.300557e+02 6.128552e-02 8.261600e-05 
  315 1.000631e-02 2.446993e-02 -1.980880e+00 6.940675e+03 5.728354e+03 1.418178e+02  1000  5000 5.240474e-06     0 3.582062e-02 4.222463e+01 1.300561e+02 6.129491e-02 8.411507e-05 
3.151000e+02 1.001201e-02 2.486260e-02 -1.980824e+00 6.935493e+03 5.716435e+03 1.413415e+02  1000  5000 5.457590e-06     0 3.580732e-02 4.240524e+01 1.300566e+02 6.130411e-02 8.558806e-05 
3.152000e+02 1.001790e-02 2.525691e-02 -1.980766e+00 6.930311e+03 5.704515e+03 1.408702e+02  1000  5000 4.972579e-06     0 3.579431e-02 4.258665e+01 1.300570e+02 6.131312e-02 8.698578e-05 
3.153000e+02 1.002398e-02 2.565285e-02 -1.980708e+00 6.925130e+03 5.692595e+03 1.404039e+02  1000  5000 4.262403e-06     0 3.578156e-02 4.276885e+01 1.300575e+02 6.132194e-02 8.830118e-05 
3.154000e+02 1.003028e-02 2.605037e-02 -1.980650e+00 6.919949e+03 5.680674e+03 1.399426e+02  1000  5000 3.507463e-06     0 3.576909e-02 4.295182e+01 1.300579e+02 6.133057e-02 8.956098e-05 
3.155000e+02 1.003681e-02 2.644945e-02 -1.980590e+00 6.914769e+03 5.668753e+03 1.394864e+02  1000  5000 2.777305e-06     0 3.575690e-02 4.313556e+01 1.300583e+02 6.133900e-02 9.080284e-05 
3.156000e+02 1.004355e-02 2.685005e-02 -1.980530e+00 6.909590e+03 5.656832e+03 1.390353e+02  1000  5000 4.509692e-06     0 3.574499e-02 4.332004e+01 1.300586e+02 6.134725e-02 9.202587e-05 
3.157000e+02 1.005038e-02 2.725215e-02 -1.980469e+00 6.904411e+03 5.644910e+03 1.385893e+02  1000  5000 4.761407e-06     0 3.573335e-02 4.350525e+01 1.300590e+02 6.135530e-02 9.313680e-05 
3.158000e+02 1.005732e-02 2.765571e-02 -1.980408e+00 6.899233e+03 5.632987e+03 1.381484e+02  1000  5000 4.489156e-06     0 3.572199e-02 4.369118e+01 1.300594e+02 6.136316e-02 9.412167e-05 
3.159000e+02 1.006444e-02 2.806071e-02 -1.980345e+00 6.894056e+03 5.621064e+03 1.377127e+02  1000  5000 4.054934e-06     0 3.571091e-02 4.387781e+01 1.300597e+02 6.137082e-02 9.503026e-05 
  316 1.007176e-02 2.846710e-02 -1.980282e+00 6.888879e+03 5.609141e+03 1.372822e+02  1000  5000 3.598431e-06     0 3.570011e-02 4.406513e+01 1.300601e+02 6.137828e-02 9.593163e-05 
3.161000e+02 1.007924e-02 2.887487e-02 -1.980218e+00 6.883703e+03 5.597216e+03 1.368568e+02  1000  5000 6.997229e-06     0 3.568960e-02 4.425313e+01 1.300604e+02 6.138556e-02 9.683158e-05 
3.162000e+02 1.008668e-02 2.928397e-02 -1.980154e+00 6.878528e+03 5.585292e+03 1.364367e+02  1000  5000 8.000274e-06     0 3.567936e-02 4.444178e+01 1.300607e+02 6.139263e-02 9.758562e-05 
3.163000e+02 1.009414e-02 2.969438e-02 -1.980088e+00 6.873353e+03 5.573367e+03 1.360218e+02  1000  5000 8.125557e-06     0 3.566941e-02 4.463108e+01 1.300610e+02 6.139951e-02 9.817134e-05 
3.164000e+02 1.010171e-02 3.010607e-02 -1.980022e+00 6.868179e+03 5.561441e+03 1.356121e+02  1000  5000 7.948095e-06     0 3.565974e-02 4.482101e+01 1.300613e+02 6.140619e-02 9.866439e-05 
3.165000e+02 1.010945e-02 3.051900e-02 -1.979955e+00 6.863006e+03 5.549515e+03 1.352078e+02  1000  5000 7.690345e-06     0 3.565035e-02 4.501156e+01 1.300615e+02 6.141267e-02 9.916925e-05 
3.166000e+02 1.011728e-02 3.093314e-02 -1.979887e+00 6.857833e+03 5.537588e+03 1.348087e+02  1000  5000 1.278331e-05     0 3.564125e-02 4.520271e+01 1.300618e+02 6.141896e-02 9.969993e-05 
3.167000e+02 1.012492e-02 3.134847e-02 -1.979819e+00 6.852661e+03 5.525661e+03 1.344149e+02  1000  5000 1.449111e-05     0 3.563243e-02 4.539444e+01 1.300620e+02 6.142504e-02 1.000571e-04 
3.168000e+02 1.013246e-02 3.176494e-02 -1.979750e+00 6.847490e+03 5.513733e+03 1.340265e+02  1000  5000 1.493622e-05     0 3.562390e-02 4.558675e+01 1.300623e+02 6.143093e-02 1.002086e-04 
3.169000e+02 1.014003e-02 3.218253e-02 -1.979680e+00 6.842320e+03 5.501805e+03 1.336434e+02  1000  5000 1.492378e-05     0 3.561565e-02 4.577962e+01 1.300625e+02 6.143662e-02 1.002572e-04 
  317 1.014772e-02 3.260121e-02 -1.979609e+00 6.837150e+03 5.489876e+03 1.332657e+02  1000  5000 1.476625e-05     0 3.560769e-02 4.597303e+01 1.300627e+02 6.144210e-02 1.003439e-04 
3.171000e+02 1.015543e-02 3.302095e-02 -1.979538e+00 6.831981e+03 5.477947e+03 1.328933e+02  1000  5000 2.145335e-05     0 3.560002e-02 4.616696e+01 1.300629e+02 6.144739e-02 1.004921e-04 
3.172000e+02 1.016280e-02 3.344170e-02 -1.979466e+00 6.826813e+03 5.466017e+03 1.325264e+02  1000  5000 2.376114e-05     0 3.559264e-02 4.636142e+01 1.300631e+02 6.145248e-02 1.004473e-04 
3.173000e+02 1.016993e-02 3.386345e-02 -1.979393e+00 6.821646e+03 5.454087e+03 1.321648e+02  1000  5000 2.441769e-05     0 3.558554e-02 4.655637e+01 1.300632e+02 6.145736e-02 1.001675e-04 
3.174000e+02 1.017701e-02 3.428617e-02 -1.979319e+00 6.816479e+03 5.442156e+03 1.318087e+02  1000  5000 2.445944e-05     0 3.557873e-02 4.675181e+01 1.300634e+02 6.146205e-02 9.978097e-05 
3.175000e+02 1.018418e-02 3.470981e-02 -1.979245e+00 6.811314e+03 5.430225e+03 1.314580e+02  1000  5000 2.428990e-05     0 3.557221e-02 4.694771e+01 1.300635e+02 6.146653e-02 9.946447e-05 
3.176000e+02 1.019129e-02 3.513434e-02 -1.979171e+00 6.806149e+03 5.418293e+03 1.311128e+02  1000  5000 3.235428e-05     0 3.556598e-02 4.714408e+01 1.300636e+02 6.147081e-02 9.925040e-05 
3.177000e+02 1.019790e-02 3.555975e-02 -1.979096e+00 6.800984e+03 5.406361e+03 1.307731e+02  1000  5000 3.511092e-05     0 3.556004e-02 4.734088e+01 1.300638e+02 6.147489e-02 9.883332e-05 
3.178000e+02 1.020415e-02 3.598599e-02 -1.979020e+00 6.795821e+03 5.394428e+03 1.304388e+02  1000  5000 3.585255e-05     0 3.555438e-02 4.753811e+01 1.300639e+02 6.147876e-02 9.816089e-05 
3.179000e+02 1.021028e-02 3.641303e-02 -1.978943e+00 6.790659e+03 5.382494e+03 1.301101e+02  1000  5000 3.583199e-05     0 3.554902e-02 4.773576e+01 1.300640e+02 6.148243e-02 9.738443e-05 
  318 1.021645e-02 3.684084e-02 -1.978866e+00 6.785497e+03 5.370560e+03 1.297868e+02  1000  5000 3.553840e-05     0 3.554395e-02 4.793380e+01 1.300640e+02 6.148590e-02 9.671220e-05 
3.181000e+02 1.022251e-02 3.726939e-02 -1.978789e+00 6.780336e+03 5.358626e+03 1.294691e+02  1000  5000 4.467077e-05     0 3.553917e-02 4.813222e+01 1.300641e+02 6.148917e-02 9.618525e-05 
3.182000e+02 1.022794e-02 3.769865e-02 -1.978711e+00 6.775176e+03 5.346691e+03 1.291569e+02  1000  5000 4.769690e-05     0 3.553468e-02 4.833101e+01 1.300642e+02 6.149223e-02 9.545411e-05 
3.183000e+02 1.023291e-02 3.812859e-02 -1.978632e+00 6.770017e+03 5.334755e+03 1.288503e+02  1000  5000 4.839520e-05     0 3.553048e-02 4.853016e+01 1.300642e+02 6.149509e-02 9.445691e-05 
3.184000e+02 1.023770e-02 3.855917e-02 -1.978554e+00 6.764859e+03 5.322819e+03 1.285492e+02  1000  5000 4.820515e-05     0 3.552656e-02 4.872964e+01 1.300642e+02 6.149775e-02 9.336343e-05 
3.185000e+02 1.024251e-02 3.899036e-02 -1.978474e+00 6.759701e+03 5.310883e+03 1.282537e+02  1000  5000 4.769021e-05     0 3.552295e-02 4.892945e+01 1.300642e+02 6.150020e-02 9.240749e-05 
3.186000e+02 1.024717e-02 3.942214e-02 -1.978395e+00 6.754545e+03 5.298946e+03 1.279637e+02  1000  5000 5.752177e-05     0 3.551962e-02 4.912957e+01 1.300643e+02 6.150245e-02 9.163750e-05 
3.187000e+02 1.025110e-02 3.985447e-02 -1.978315e+00 6.749389e+03 5.287008e+03 1.276794e+02  1000  5000 6.063030e-05     0 3.551658e-02 4.932998e+01 1.300642e+02 6.150449e-02 9.066987e-05 
3.188000e+02 1.025450e-02 4.028731e-02 -1.978235e+00 6.744235e+03 5.275070e+03 1.274007e+02  1000  5000 6.117023e-05     0 3.551383e-02 4.953067e+01 1.300642e+02 6.150634e-02 8.943453e-05 
3.189000e+02 1.025769e-02 4.072065e-02 -1.978154e+00 6.739081e+03 5.263131e+03 1.271275e+02  1000  5000 6.072598e-05     0 3.551138e-02 4.973163e+01 1.300642e+02 6.150797e-02 8.811409e-05 
  319 1.026090e-02 4.115444e-02 -1.978074e+00 6.733928e+03 5.251192e+03 1.268600e+02  1000  5000 5.991889e-05     0 3.550922e-02 4.993284e+01 1.300642e+02 6.150940e-02 8.696044e-05 
3.191000e+02 1.026394e-02 4.158865e-02 -1.977993e+00 6.728776e+03 5.239253e+03 1.265981e+02  1000  5000 7.005656e-05     0 3.550734e-02 5.013429e+01 1.300641e+02 6.151063e-02 8.602765e-05 
3.192000e+02 1.026620e-02 4.202326e-02 -1.977912e+00 6.723625e+03 5.227313e+03 1.263419e+02  1000  5000 7.307140e-05     0 3.550576e-02 5.033596e+01 1.300640e+02 6.151166e-02 8.490989e-05 
3.193000e+02 1.026790e-02 4.245823e-02 -1.977831e+00 6.718474e+03 5.215372e+03 1.260913e+02  1000  5000 7.336312e-05     0 3.550447e-02 5.053783e+01 1.300640e+02 6.151248e-02 8.353075e-05 
3.194000e+02 1.026939e-02 4.289354e-02 -1.977749e+00 6.713325e+03 5.203431e+03 1.258463e+02  1000  5000 7.261094e-05     0 3.550347e-02 5.073990e+01 1.300639e+02 6.151310e-02 8.207954e-05 
3.195000e+02 1.027090e-02 4.332914e-02 -1.977668e+00 6.708177e+03 5.191489e+03 1.256070e+02  1000  5000 7.147416e-05     0 3.550276e-02 5.094215e+01 1.300638e+02 6.151351e-02 8.081784e-05 
3.196000e+02 1.027225e-02 4.376501e-02 -1.977586e+00 6.703029e+03 5.179547e+03 1.253734e+02  1000  5000 8.153263e-05     0 3.550234e-02 5.114456e+01 1.300637e+02 6.151372e-02 7.980347e-05 
3.197000e+02 1.027283e-02 4.420112e-02 -1.977505e+00 6.697883e+03 5.167604e+03 1.251454e+02  1000  5000 8.430261e-05     0 3.550221e-02 5.134712e+01 1.300635e+02 6.151373e-02 7.862125e-05 
3.198000e+02 1.027285e-02 4.463743e-02 -1.977423e+00 6.692737e+03 5.155661e+03 1.249231e+02  1000  5000 8.428780e-05     0 3.550236e-02 5.154981e+01 1.300634e+02 6.151353e-02 7.719077e-05 
3.199000e+02 1.027267e-02 4.507392e-02 -1.977342e+00 6.687592e+03 5.143718e+03 1.247065e+02  1000  5000 8.320779e-05     0 3.550281e-02 5.175263e+01 1.300633e+02 6.151313e-02 7.570178e-05 
  320 1.027254e-02 4.551055e-02 -1.977260e+00 6.682448e+03 5.131774e+03 1.244955e+02  1000  5000 8.173808e-05     0 3.550355e-02 5.195555e+01 1.300631e+02 6.151253e-02 7.441706e-05 
3.201000e+02 1.027228e-02 4.594730e-02 -1.977179e+00 6.677306e+03 5.119829e+03 1.242903e+02  1000  5000 9.136490e-05     0 3.550457e-02 5.215856e+01 1.300629e+02 6.151172e-02 7.339615e-05 
3.202000e+02 1.027129e-02 4.638413e-02 -1.977098e+00 6.672164e+03 5.107884e+03 1.240908e+02  1000  5000 9.377179e-05     0 3.550589e-02 5.236165e+01 1.300628e+02 6.151071e-02 7.222755e-05 
3.203000e+02 1.026978e-02 4.682101e-02 -1.977017e+00 6.667023e+03 5.095938e+03 1.238969e+02  1000  5000 9.342448e-05     0 3.550749e-02 5.256480e+01 1.300626e+02 6.150951e-02 7.082943e-05 
3.204000e+02 1.026811e-02 4.725791e-02 -1.976936e+00 6.661883e+03 5.083992e+03 1.237087e+02  1000  5000 9.202822e-05     0 3.550938e-02 5.276800e+01 1.300624e+02 6.150809e-02 6.938609e-05 
3.205000e+02 1.026652e-02 4.769480e-02 -1.976855e+00 6.656743e+03 5.072046e+03 1.235263e+02  1000  5000 9.025275e-05     0 3.551155e-02 5.297123e+01 1.300622e+02 6.150648e-02 6.815332e-05 
3.206000e+02 1.026485e-02 4.813165e-02 -1.976774e+00 6.651605e+03 5.060099e+03 1.233495e+02  1000  5000 9.914516e-05     0 3.551401e-02 5.317448e+01 1.300619e+02 6.150467e-02 6.719042e-05 
3.207000e+02 1.026252e-02 4.856842e-02 -1.976694e+00 6.646468e+03 5.048152e+03 1.231785e+02  1000  5000 1.011060e-04     0 3.551676e-02 5.337774e+01 1.300617e+02 6.150265e-02 6.610197e-05 
3.208000e+02 1.025973e-02 4.900510e-02 -1.976614e+00 6.641332e+03 5.036204e+03 1.230132e+02  1000  5000 1.004291e-04     0 3.551979e-02 5.358099e+01 1.300615e+02 6.150044e-02 6.480735e-05 
3.209000e+02 1.025684e-02 4.944164e-02 -1.976534e+00 6.636196e+03 5.024256e+03 1.228535e+02  1000  5000 9.875357e-05     0 3.552311e-02 5.378422e+01 1.300612e+02 6.149802e-02 6.348007e-05 
  321 1.025406e-02 4.987802e-02 -1.976454e+00 6.631062e+03 5.012307e+03 1.226996e+02  1000  5000 9.672280e-05     0 3.552671e-02 5.398741e+01 1.300609e+02 6.149541e-02 6.236157e-05 
3.211000e+02 1.025126e-02 5.031420e-02 -1.976375e+00 6.625928e+03 5.000358e+03 1.225514e+02  1000  5000 1.046369e-04     0 3.553059e-02 5.419054e+01 1.300607e+02 6.149259e-02 6.150916e-05 
3.212000e+02 1.024789e-02 5.075016e-02 -1.976296e+00 6.620795e+03 4.988408e+03 1.224089e+02  1000  5000 1.061023e-04     0 3.553476e-02 5.439361e+01 1.300604e+02 6.148958e-02 6.055452e-05 
3.213000e+02 1.024415e-02 5.118587e-02 -1.976218e+00 6.615664e+03 4.976458e+03 1.222721e+02  1000  5000 1.051212e-04     0 3.553920e-02 5.459660e+01 1.300601e+02 6.148637e-02 5.942068e-05 
3.214000e+02 1.024036e-02 5.162129e-02 -1.976139e+00 6.610533e+03 4.964508e+03 1.221411e+02  1000  5000 1.032210e-04     0 3.554393e-02 5.479950e+01 1.300598e+02 6.148297e-02 5.826593e-05 
3.215000e+02 1.023672e-02 5.205640e-02 -1.976061e+00 6.605403e+03 4.952557e+03 1.220157e+02  1000  5000 1.010003e-04     0 3.554894e-02 5.500229e+01 1.300594e+02 6.147936e-02 5.731106e-05 
3.216000e+02 1.023311e-02 5.249116e-02 -1.975984e+00 6.600274e+03 4.940605e+03 1.218960e+02  1000  5000 1.077544e-04     0 3.555423e-02 5.520495e+01 1.300591e+02 6.147556e-02 5.660978e-05 
3.217000e+02 1.022905e-02 5.292555e-02 -1.975907e+00 6.595146e+03 4.928654e+03 1.217820e+02  1000  5000 1.087040e-04     0 3.555979e-02 5.540748e+01 1.300588e+02 6.147156e-02 5.583017e-05 
3.218000e+02 1.022471e-02 5.335954e-02 -1.975830e+00 6.590019e+03 4.916702e+03 1.216738e+02  1000  5000 1.074600e-04     0 3.556564e-02 5.560986e+01 1.300584e+02 6.146737e-02 5.490107e-05 
3.219000e+02 1.022037e-02 5.379309e-02 -1.975754e+00 6.584893e+03 4.904749e+03 1.215712e+02  1000  5000 1.053993e-04     0 3.557176e-02 5.581208e+01 1.300581e+02 6.146298e-02 5.396200e-05 
  322 1.021622e-02 5.422617e-02 -1.975678e+00 6.579768e+03 4.892796e+03 1.214743e+02  1000  5000 1.030609e-04     0 3.557815e-02 5.601412e+01 1.300577e+02 6.145840e-02 5.320807e-05 
3.221000e+02 1.021214e-02 5.465877e-02 -1.975602e+00 6.574643e+03 4.880843e+03 1.213832e+02  1000  5000 1.085344e-04     0 3.558482e-02 5.621596e+01 1.300573e+02 6.145363e-02 5.268809e-05 
3.222000e+02 1.020773e-02 5.509084e-02 -1.975527e+00 6.569520e+03 4.868889e+03 1.212977e+02  1000  5000 1.089721e-04     0 3.559177e-02 5.641760e+01 1.300569e+02 6.144866e-02 5.211369e-05 
3.223000e+02 1.020314e-02 5.552236e-02 -1.975453e+00 6.564397e+03 4.856935e+03 1.212179e+02  1000  5000 1.075153e-04     0 3.559898e-02 5.661902e+01 1.300565e+02 6.144350e-02 5.142132e-05 
3.224000e+02 1.019860e-02 5.595330e-02 -1.975378e+00 6.559275e+03 4.844980e+03 1.211437e+02  1000  5000 1.053612e-04     0 3.560647e-02 5.682021e+01 1.300561e+02 6.143815e-02 5.072914e-05 
3.225000e+02 1.019426e-02 5.638363e-02 -1.975305e+00 6.554155e+03 4.833026e+03 1.210753e+02  1000  5000 1.029772e-04     0 3.561423e-02 5.702115e+01 1.300557e+02 6.143261e-02 5.020294e-05 
3.226000e+02 1.019004e-02 5.681332e-02 -1.975231e+00 6.549035e+03 4.821070e+03 1.210125e+02  1000  5000 1.071084e-04     0 3.562226e-02 5.722183e+01 1.300553e+02 6.142688e-02 4.988554e-05 
3.227000e+02 1.018561e-02 5.724234e-02 -1.975158e+00 6.543916e+03 4.809115e+03 1.209553e+02  1000  5000 1.070573e-04     0 3.563056e-02 5.742223e+01 1.300549e+02 6.142096e-02 4.953707e-05 
3.228000e+02 1.018109e-02 5.767066e-02 -1.975086e+00 6.538798e+03 4.797159e+03 1.209039e+02  1000  5000 1.054420e-04     0 3.563913e-02 5.762235e+01 1.300544e+02 6.141485e-02 4.910294e-05 
3.229000e+02 1.017666e-02 5.809826e-02 -1.975014e+00 6.533680e+03 4.785203e+03 1.208580e+02  1000  5000 1.032591e-04     0 3.564796e-02 5.782217e+01 1.300540e+02 6.140855e-02 4.867837e-05 
  323 1.017245e-02 5.852510e-02 -1.974942e+00 6.528564e+03 4.773246e+03 1.208178e+02  1000  5000 1.008969e-04     0 3.565706e-02 5.802167e+01 1.300535e+02 6.140207e-02 4.839751e-05 
3.231000e+02 1.016839e-02 5.895116e-02 -1.974871e+00 6.523448e+03 4.761289e+03 1.207833e+02  1000  5000 1.036787e-04     0 3.566642e-02 5.822084e+01 1.300530e+02 6.139540e-02 4.829644e-05 
3.232000e+02 1.016424e-02 5.937641e-02 -1.974800e+00 6.518334e+03 4.749332e+03 1.207543e+02  1000  5000 1.031775e-04     0 3.567604e-02 5.841968e+01 1.300525e+02 6.138855e-02 4.818647e-05 
3.233000e+02 1.016006e-02 5.980082e-02 -1.974730e+00 6.513220e+03 4.737374e+03 1.207310e+02  1000  5000 1.014581e-04     0 3.568593e-02 5.861815e+01 1.300521e+02 6.138151e-02 4.802279e-05 
3.234000e+02 1.015603e-02 6.022436e-02 -1.974660e+00 6.508107e+03 4.725416e+03 1.207133e+02  1000  5000 9.930550e-05     0 3.569607e-02 5.881626e+01 1.300516e+02 6.137429e-02 4.787711e-05 
3.235000e+02 1.015221e-02 6.064700e-02 -1.974590e+00 6.502995e+03 4.713458e+03 1.207012e+02  1000  5000 9.702491e-05     0 3.570648e-02 5.901399e+01 1.300510e+02 6.136688e-02 4.785098e-05 
3.236000e+02 1.014858e-02 6.106872e-02 -1.974521e+00 6.497884e+03 4.701499e+03 1.206946e+02  1000  5000 9.850145e-05     0 3.571714e-02 5.921132e+01 1.300505e+02 6.135930e-02 4.797327e-05 
3.237000e+02 1.014494e-02 6.148949e-02 -1.974453e+00 6.492774e+03 4.689540e+03 1.206937e+02  1000  5000 9.760196e-05     0 3.572806e-02 5.940825e+01 1.300500e+02 6.135153e-02 4.810689e-05 
3.238000e+02 1.014136e-02 6.190928e-02 -1.974384e+00 6.487664e+03 4.677581e+03 1.206983e+02  1000  5000 9.583138e-05     0 3.573924e-02 5.960475e+01 1.300495e+02 6.134359e-02 4.821720e-05 
3.239000e+02 1.013794e-02 6.232806e-02 -1.974316e+00 6.482556e+03 4.665622e+03 1.207085e+02  1000  5000 9.376124e-05     0 3.575067e-02 5.980083e+01 1.300489e+02 6.133546e-02 4.835272e-05 
  324 1.013474e-02 6.274580e-02 -1.974249e+00 6.477448e+03 4.653662e+03 1.207242e+02  1000  5000 9.161318e-05     0 3.576235e-02 5.999645e+01 1.300484e+02 6.132716e-02 4.858279e-05 
3.241000e+02 1.013175e-02 6.316249e-02 -1.974181e+00 6.472341e+03 4.641702e+03 1.207454e+02  1000  5000 9.187642e-05     0 3.577429e-02 6.019162e+01 1.300478e+02 6.131868e-02 4.892885e-05 
3.242000e+02 1.012883e-02 6.357808e-02 -1.974114e+00 6.467235e+03 4.629741e+03 1.207722e+02  1000  5000 9.064175e-05     0 3.578647e-02 6.038631e+01 1.300473e+02 6.131003e-02 4.930372e-05 
3.243000e+02 1.012604e-02 6.399256e-02 -1.974048e+00 6.462130e+03 4.617781e+03 1.208045e+02  1000  5000 8.887081e-05     0 3.579890e-02 6.058052e+01 1.300467e+02 6.130120e-02 4.968289e-05 
3.244000e+02 1.012343e-02 6.440589e-02 -1.973981e+00 6.457025e+03 4.605820e+03 1.208423e+02  1000  5000 8.692827e-05     0 3.581158e-02 6.077423e+01 1.300461e+02 6.129219e-02 5.009285e-05 
3.245000e+02 1.012104e-02 6.481805e-02 -1.973915e+00 6.451922e+03 4.593859e+03 1.208856e+02  1000  5000 8.495516e-05     0 3.582450e-02 6.096743e+01 1.300455e+02 6.128302e-02 5.057237e-05 
3.246000e+02 1.011886e-02 6.522902e-02 -1.973850e+00 6.446819e+03 4.581897e+03 1.209343e+02  1000  5000 8.414139e-05     0 3.583767e-02 6.116010e+01 1.300449e+02 6.127367e-02 5.113553e-05 
3.247000e+02 1.011683e-02 6.563877e-02 -1.973784e+00 6.441717e+03 4.569935e+03 1.209885e+02  1000  5000 8.264539e-05     0 3.585108e-02 6.135224e+01 1.300443e+02 6.126415e-02 5.174141e-05 
3.248000e+02 1.011498e-02 6.604726e-02 -1.973719e+00 6.436616e+03 4.557973e+03 1.210482e+02  1000  5000 8.092319e-05     0 3.586473e-02 6.154384e+01 1.300437e+02 6.125446e-02 5.237510e-05 
3.249000e+02 1.011332e-02 6.645448e-02 -1.973654e+00 6.431516e+03 4.546011e+03 1.211133e+02  1000  5000 7.914731e-05     0 3.587862e-02 6.173487e+01 1.300431e+02 6.124461e-02 5.304310e-05 
  325 1.011188e-02 6.686039e-02 -1.973589e+00 6.426416e+03 4.534048e+03 1.211838e+02  1000  5000 7.738413e-05     0 3.589275e-02 6.192533e+01 1.300425e+02 6.123458e-02 5.375639e-05 
3.251000e+02 1.011065e-02 6.726498e-02 -1.973524e+00 6.421318e+03 4.522086e+03 1.212597e+02  1000  5000 7.567023e-05     0 3.590712e-02 6.211520e+01 1.300418e+02 6.122440e-02 5.452198e-05 
3.252000e+02 1.010964e-02 6.766821e-02 -1.973459e+00 6.416220e+03 4.510123e+03 1.213409e+02  1000  5000 7.399691e-05     0 3.592172e-02 6.230448e+01 1.300412e+02 6.121404e-02 5.533984e-05 
3.253000e+02 1.010884e-02 6.807006e-02 -1.973395e+00 6.411123e+03 4.498159e+03 1.214276e+02  1000  5000 7.237163e-05     0 3.593655e-02 6.249314e+01 1.300405e+02 6.120352e-02 5.620373e-05 
3.254000e+02 1.010826e-02 6.847051e-02 -1.973331e+00 6.406027e+03 4.486196e+03 1.215196e+02  1000  5000 7.079668e-05     0 3.595162e-02 6.268119e+01 1.300399e+02 6.119284e-02 5.710297e-05 
3.255000e+02 1.010787e-02 6.886952e-02 -1.973266e+00 6.400932e+03 4.474232e+03 1.216169e+02  1000  5000 6.927244e-05     0 3.596691e-02 6.286860e+01 1.300392e+02 6.118200e-02 5.802449e-05 
3.256000e+02 1.010771e-02 6.926708e-02 -1.973202e+00 6.395837e+03 4.462268e+03 1.217196e+02  1000  5000 6.687092e-05     0 3.598243e-02 6.305536e+01 1.300385e+02 6.117100e-02 5.896887e-05 
3.257000e+02 1.010782e-02 6.966316e-02 -1.973138e+00 6.390743e+03 4.450304e+03 1.218276e+02  1000  5000 6.511359e-05     0 3.599818e-02 6.324147e+01 1.300379e+02 6.115983e-02 5.996999e-05 
3.258000e+02 1.010817e-02 7.005773e-02 -1.973074e+00 6.385651e+03 4.438339e+03 1.219408e+02  1000  5000 6.363310e-05     0 3.601416e-02 6.342691e+01 1.300372e+02 6.114851e-02 6.102913e-05 
3.259000e+02 1.010873e-02 7.045077e-02 -1.973010e+00 6.380559e+03 4.426375e+03 1.220594e+02  1000  5000 6.228961e-05     0 3.603035e-02 6.361166e+01 1.300365e+02 6.113704e-02 6.212175e-05 
  326 1.010950e-02 7.084226e-02 -1.972946e+00 6.375467e+03 4.414410e+03 1.221831e+02  1000  5000 6.102855e-05     0 3.604677e-02 6.379572e+01 1.300358e+02 6.112540e-02 6.321547e-05 
3.261000e+02 1.011048e-02 7.123216e-02 -1.972882e+00 6.370377e+03 4.402445e+03 1.223122e+02  1000  5000 5.818080e-05     0 3.606341e-02 6.397908e+01 1.300351e+02 6.111362e-02 6.430524e-05 
3.262000e+02 1.011177e-02 7.162046e-02 -1.972817e+00 6.365288e+03 4.390479e+03 1.224464e+02  1000  5000 5.644018e-05     0 3.608027e-02 6.416172e+01 1.300344e+02 6.110168e-02 6.545074e-05 
3.263000e+02 1.011332e-02 7.200713e-02 -1.972753e+00 6.360199e+03 4.378514e+03 1.225858e+02  1000  5000 5.515187e-05     0 3.609734e-02 6.434364e+01 1.300337e+02 6.108959e-02 6.665930e-05 
3.264000e+02 1.011510e-02 7.239215e-02 -1.972689e+00 6.355111e+03 4.366548e+03 1.227304e+02  1000  5000 5.406708e-05     0 3.611462e-02 6.452481e+01 1.300330e+02 6.107735e-02 6.789645e-05 
3.265000e+02 1.011707e-02 7.277549e-02 -1.972624e+00 6.350024e+03 4.354582e+03 1.228801e+02  1000  5000 5.308907e-05     0 3.613212e-02 6.470524e+01 1.300322e+02 6.106496e-02 6.911581e-05 
3.266000e+02 1.011926e-02 7.315712e-02 -1.972559e+00 6.344938e+03 4.342616e+03 1.230350e+02  1000  5000 5.005593e-05     0 3.614983e-02 6.488490e+01 1.300315e+02 6.105242e-02 7.030780e-05 
3.267000e+02 1.012178e-02 7.353704e-02 -1.972494e+00 6.339852e+03 4.330650e+03 1.231950e+02  1000  5000 4.843673e-05     0 3.616775e-02 6.506379e+01 1.300308e+02 6.103973e-02 7.154896e-05 
3.268000e+02 1.012457e-02 7.391521e-02 -1.972429e+00 6.334768e+03 4.318683e+03 1.233601e+02  1000  5000 4.738617e-05     0 3.618588e-02 6.524189e+01 1.300300e+02 6.102690e-02 7.285105e-05 
3.269000e+02 1.012759e-02 7.429161e-02 -1.972363e+00 6.329684e+03 4.306716e+03 1.235303e+02  1000  5000 4.658321e-05     0 3.620421e-02 6.541920e+01 1.300293e+02 6.101393e-02 7.417385e-05 
  327 1.013079e-02 7.466621e-02 -1.972298e+00 6.324601e+03 4.294749e+03 1.237055e+02  1000  5000 4.590307e-05     0 3.622274e-02 6.559571e+01 1.300285e+02 6.100081e-02 7.546287e-05 
3.271000e+02 1.013422e-02 7.503899e-02 -1.972232e+00 6.319519e+03 4.282782e+03 1.238857e+02  1000  5000 4.295239e-05     0 3.624148e-02 6.577139e+01 1.300277e+02 6.098756e-02 7.670526e-05 
3.272000e+02 1.013796e-02 7.540994e-02 -1.972165e+00 6.314438e+03 4.270815e+03 1.240710e+02  1000  5000 4.155799e-05     0 3.626041e-02 6.594625e+01 1.300270e+02 6.097416e-02 7.798512e-05 
3.273000e+02 1.014200e-02 7.577903e-02 -1.972099e+00 6.309358e+03 4.258847e+03 1.242612e+02  1000  5000 4.078607e-05     0 3.627955e-02 6.612027e+01 1.300262e+02 6.096062e-02 7.931687e-05 
3.274000e+02 1.014625e-02 7.614623e-02 -1.972032e+00 6.304279e+03 4.246879e+03 1.244564e+02  1000  5000 4.028188e-05     0 3.629887e-02 6.629345e+01 1.300254e+02 6.094695e-02 8.065895e-05 
3.275000e+02 1.015068e-02 7.651152e-02 -1.971964e+00 6.299200e+03 4.234911e+03 1.246565e+02  1000  5000 3.990744e-05     0 3.631840e-02 6.646576e+01 1.300246e+02 6.093314e-02 8.195477e-05 
3.276000e+02 1.015532e-02 7.687489e-02 -1.971897e+00 6.294123e+03 4.222943e+03 1.248616e+02  1000  5000 3.729864e-05     0 3.633811e-02 6.663720e+01 1.300239e+02 6.091920e-02 8.318968e-05 
3.277000e+02 1.016027e-02 7.723630e-02 -1.971828e+00 6.289046e+03 4.210974e+03 1.250715e+02  1000  5000 3.622397e-05     0 3.635801e-02 6.680776e+01 1.300231e+02 6.090513e-02 8.444608e-05 
3.278000e+02 1.016550e-02 7.759575e-02 -1.971760e+00 6.283970e+03 4.199006e+03 1.252863e+02  1000  5000 3.576272e-05     0 3.637810e-02 6.697743e+01 1.300223e+02 6.089092e-02 8.573936e-05 
3.279000e+02 1.017094e-02 7.795320e-02 -1.971691e+00 6.278895e+03 4.187037e+03 1.255060e+02  1000  5000 3.556487e-05     0 3.639838e-02 6.714620e+01 1.300215e+02 6.087659e-02 8.703091e-05 
  328 1.017654e-02 7.830863e-02 -1.971621e+00 6.273821e+03 4.175068e+03 1.257305e+02  1000  5000 3.549400e-05     0 3.641884e-02 6.731406e+01 1.300207e+02 6.086213e-02 8.826791e-05 
3.281000e+02 1.018233e-02 7.866203e-02 -1.971551e+00 6.268748e+03 4.163099e+03 1.259597e+02  1000  5000 3.346046e-05     0 3.643948e-02 6.748099e+01 1.300199e+02 6.084754e-02 8.943543e-05 
3.282000e+02 1.018841e-02 7.901337e-02 -1.971480e+00 6.263675e+03 4.151129e+03 1.261938e+02  1000  5000 3.278366e-05     0 3.646030e-02 6.764700e+01 1.300190e+02 6.083282e-02 9.060566e-05 
3.283000e+02 1.019473e-02 7.936263e-02 -1.971409e+00 6.258604e+03 4.139159e+03 1.264326e+02  1000  5000 3.265133e-05     0 3.648130e-02 6.781206e+01 1.300182e+02 6.081798e-02 9.179326e-05 
3.284000e+02 1.020124e-02 7.970980e-02 -1.971337e+00 6.253534e+03 4.127190e+03 1.266761e+02  1000  5000 3.275429e-05     0 3.650248e-02 6.797617e+01 1.300174e+02 6.080302e-02 9.296648e-05 
3.285000e+02 1.020790e-02 8.005485e-02 -1.971265e+00 6.248464e+03 4.115220e+03 1.269243e+02  1000  5000 3.297168e-05     0 3.652383e-02 6.813932e+01 1.300166e+02 6.078794e-02 9.408171e-05 
3.286000e+02 1.021472e-02 8.039776e-02 -1.971192e+00 6.243396e+03 4.103249e+03 1.271771e+02  1000  5000 3.170272e-05     0 3.654535e-02 6.830150e+01 1.300157e+02 6.077273e-02 9.512524e-05 
3.287000e+02 1.022177e-02 8.073851e-02 -1.971119e+00 6.238328e+03 4.091279e+03 1.274346e+02  1000  5000 3.147675e-05     0 3.656703e-02 6.846270e+01 1.300149e+02 6.075741e-02 9.615163e-05 
3.288000e+02 1.022903e-02 8.107708e-02 -1.971045e+00 6.233261e+03 4.079308e+03 1.276967e+02  1000  5000 3.167308e-05     0 3.658889e-02 6.862291e+01 1.300141e+02 6.074198e-02 9.717334e-05 
3.289000e+02 1.023645e-02 8.141345e-02 -1.970970e+00 6.228195e+03 4.067337e+03 1.279634e+02  1000  5000 3.205506e-05     0 3.661091e-02 6.878213e+01 1.300132e+02 6.072643e-02 9.816878e-05 
  329 1.024398e-02 8.174760e-02 -1.970895e+00 6.223131e+03 4.055366e+03 1.282347e+02  1000  5000 3.252971e-05     0 3.663309e-02 6.894033e+01 1.300124e+02 6.071076e-02 9.910805e-05 
3.291000e+02 1.025164e-02 8.207952e-02 -1.970819e+00 6.218067e+03 4.043395e+03 1.285105e+02  1000  5000 3.215437e-05     0 3.665544e-02 6.909751e+01 1.300115e+02 6.069498e-02 9.998008e-05 
3.292000e+02 1.025946e-02 8.240918e-02 -1.970742e+00 6.213004e+03 4.031423e+03 1.287908e+02  1000  5000 3.240010e-05     0 3.667794e-02 6.925367e+01 1.300107e+02 6.067910e-02 1.008160e-04 
3.293000e+02 1.026743e-02 8.273657e-02 -1.970665e+00 6.207942e+03 4.019451e+03 1.290756e+02  1000  5000 3.290324e-05     0 3.670060e-02 6.940880e+01 1.300098e+02 6.066310e-02 1.016248e-04 
3.294000e+02 1.027551e-02 8.306166e-02 -1.970588e+00 6.202881e+03 4.007479e+03 1.293648e+02  1000  5000 3.352465e-05     0 3.672342e-02 6.956287e+01 1.300090e+02 6.064700e-02 1.023975e-04 
3.295000e+02 1.028368e-02 8.338444e-02 -1.970509e+00 6.197821e+03 3.995507e+03 1.296585e+02  1000  5000 3.420921e-05     0 3.674638e-02 6.971590e+01 1.300081e+02 6.063079e-02 1.031212e-04 
3.296000e+02 1.029193e-02 8.370489e-02 -1.970430e+00 6.192763e+03 3.983535e+03 1.299565e+02  1000  5000 3.478456e-05     0 3.676950e-02 6.986786e+01 1.300072e+02 6.061448e-02 1.037886e-04 
3.297000e+02 1.030026e-02 8.402299e-02 -1.970350e+00 6.187705e+03 3.971562e+03 1.302589e+02  1000  5000 3.548697e-05     0 3.679277e-02 7.001875e+01 1.300064e+02 6.059807e-02 1.044036e-04 
3.298000e+02 1.030865e-02 8.433873e-02 -1.970270e+00 6.182648e+03 3.959589e+03 1.305656e+02  1000  5000 3.625294e-05     0 3.681618e-02 7.016856e+01 1.300055e+02 6.058155e-02 1.049709e-04 
3.299000e+02 1.031711e-02 8.465208e-02 -1.970189e+00 6.177592e+03 3.947616e+03 1.308766e+02  1000  5000 3.705753e-05     0 3.683973e-02 7.031729e+01 1.300046e+02 6.056493e-02 1.054952e-04 
  330 1.032563e-02 8.496303e-02 -1.970107e+00 6.172537e+03 3.935643e+03 1.311919e+02  1000  5000 3.789025e-05     0 3.686342e-02 7.046491e+01 1.300037e+02 6.054822e-02 1.059826e-04 
3.301000e+02 1.033417e-02 8.527156e-02 -1.970024e+00 6.167484e+03 3.923669e+03 1.315115e+02  1000  5000 3.939637e-05     0 3.688726e-02 7.061144e+01 1.300029e+02 6.053141e-02 1.064303e-04 
3.302000e+02 1.034269e-02 8.557766e-02 -1.969941e+00 6.162431e+03 3.911695e+03 1.318352e+02  1000  5000 4.050497e-05     0 3.691123e-02 7.075685e+01 1.300020e+02 6.051451e-02 1.068136e-04 
3.303000e+02 1.035121e-02 8.588130e-02 -1.969858e+00 6.157379e+03 3.899721e+03 1.321631e+02  1000  5000 4.147051e-05     0 3.693534e-02 7.090113e+01 1.300011e+02 6.049751e-02 1.071321e-04 
3.304000e+02 1.035973e-02 8.618247e-02 -1.969773e+00 6.152329e+03 3.887747e+03 1.324952e+02  1000  5000 4.238943e-05     0 3.695958e-02 7.104429e+01 1.300002e+02 6.048043e-02 1.074044e-04 
3.305000e+02 1.036827e-02 8.648116e-02 -1.969688e+00 6.147279e+03 3.875773e+03 1.328314e+02  1000  5000 4.329895e-05     0 3.698395e-02 7.118631e+01 1.299993e+02 6.046325e-02 1.076558e-04 
3.306000e+02 1.037679e-02 8.677735e-02 -1.969603e+00 6.142231e+03 3.863798e+03 1.331717e+02  1000  5000 4.564180e-05     0 3.700844e-02 7.132719e+01 1.299984e+02 6.044598e-02 1.078883e-04 
3.307000e+02 1.038519e-02 8.707101e-02 -1.969517e+00 6.137184e+03 3.851823e+03 1.335160e+02  1000  5000 4.707549e-05     0 3.703307e-02 7.146691e+01 1.299975e+02 6.042863e-02 1.080494e-04 
3.308000e+02 1.039351e-02 8.736215e-02 -1.969430e+00 6.132138e+03 3.839848e+03 1.338644e+02  1000  5000 4.816404e-05     0 3.705781e-02 7.160548e+01 1.299966e+02 6.041119e-02 1.081334e-04 
3.309000e+02 1.040178e-02 8.765073e-02 -1.969342e+00 6.127092e+03 3.827872e+03 1.342168e+02  1000  5000 4.912243e-05     0 3.708268e-02 7.174287e+01 1.299957e+02 6.039367e-02 1.081719e-04 
  331 1.041003e-02 8.793675e-02 -1.969254e+00 6.122049e+03 3.815896e+03 1.345731e+02  1000  5000 5.003480e-05     0 3.710767e-02 7.187909e+01 1.299948e+02 6.037607e-02 1.082077e-04 
3.311000e+02 1.041822e-02 8.822019e-02 -1.969166e+00 6.117006e+03 3.803920e+03 1.349333e+02  1000  5000 5.305657e-05     0 3.713277e-02 7.201413e+01 1.299939e+02 6.035839e-02 1.082479e-04 
3.312000e+02 1.042620e-02 8.850103e-02 -1.969077e+00 6.111964e+03 3.791944e+03 1.352974e+02  1000  5000 5.471229e-05     0 3.715799e-02 7.214798e+01 1.299930e+02 6.034063e-02 1.082150e-04 
3.313000e+02 1.043403e-02 8.877927e-02 -1.968987e+00 6.106923e+03 3.779967e+03 1.356654e+02  1000  5000 5.584211e-05     0 3.718332e-02 7.228063e+01 1.299921e+02 6.032279e-02 1.080981e-04 
3.314000e+02 1.044177e-02 8.905487e-02 -1.968897e+00 6.101884e+03 3.767991e+03 1.360373e+02  1000  5000 5.676711e-05     0 3.720877e-02 7.241207e+01 1.299912e+02 6.030488e-02 1.079397e-04 
3.315000e+02 1.044946e-02 8.932784e-02 -1.968806e+00 6.096846e+03 3.756013e+03 1.364129e+02  1000  5000 5.761366e-05     0 3.723432e-02 7.254231e+01 1.299903e+02 6.028689e-02 1.077975e-04 
3.316000e+02 1.045705e-02 8.959816e-02 -1.968715e+00 6.091808e+03 3.744036e+03 1.367923e+02  1000  5000 6.110908e-05     0 3.725997e-02 7.267133e+01 1.299894e+02 6.026883e-02 1.076828e-04 
3.317000e+02 1.046438e-02 8.986581e-02 -1.968623e+00 6.086772e+03 3.732058e+03 1.371754e+02  1000  5000 6.287263e-05     0 3.728573e-02 7.279912e+01 1.299885e+02 6.025071e-02 1.074985e-04 
3.318000e+02 1.047149e-02 9.013078e-02 -1.968531e+00 6.081738e+03 3.720081e+03 1.375622e+02  1000  5000 6.396555e-05     0 3.731159e-02 7.292568e+01 1.299876e+02 6.023251e-02 1.072289e-04 
3.319000e+02 1.047847e-02 9.039305e-02 -1.968438e+00 6.076704e+03 3.708102e+03 1.379526e+02  1000  5000 6.479413e-05     0 3.733755e-02 7.305100e+01 1.299867e+02 6.021424e-02 1.069245e-04 
  332 1.048540e-02 9.065262e-02 -1.968345e+00 6.071671e+03 3.696124e+03 1.383467e+02  1000  5000 6.551891e-05     0 3.736360e-02 7.317508e+01 1.299858e+02 6.019591e-02 1.066538e-04 
3.321000e+02 1.049221e-02 9.090946e-02 -1.968251e+00 6.066640e+03 3.684145e+03 1.387444e+02  1000  5000 6.925459e-05     0 3.738975e-02 7.329790e+01 1.299849e+02 6.017752e-02 1.064316e-04 
3.322000e+02 1.049870e-02 9.116357e-02 -1.968157e+00 6.061610e+03 3.672166e+03 1.391456e+02  1000  5000 7.101183e-05     0 3.741600e-02 7.341947e+01 1.299839e+02 6.015906e-02 1.061475e-04 
3.323000e+02 1.050494e-02 9.141494e-02 -1.968063e+00 6.056581e+03 3.660187e+03 1.395504e+02  1000  5000 7.200105e-05     0 3.744233e-02 7.353978e+01 1.299830e+02 6.014055e-02 1.057823e-04 
3.324000e+02 1.051105e-02 9.166354e-02 -1.967968e+00 6.051553e+03 3.648207e+03 1.399586e+02  1000  5000 7.268631e-05     0 3.746875e-02 7.365882e+01 1.299821e+02 6.012197e-02 1.053906e-04 
3.325000e+02 1.051709e-02 9.190938e-02 -1.967873e+00 6.046527e+03 3.636228e+03 1.403703e+02  1000  5000 7.325151e-05     0 3.749525e-02 7.377658e+01 1.299812e+02 6.010334e-02 1.050471e-04 
3.326000e+02 1.052300e-02 9.215243e-02 -1.967778e+00 6.041502e+03 3.624247e+03 1.407854e+02  1000  5000 7.698568e-05     0 3.752184e-02 7.389306e+01 1.299803e+02 6.008465e-02 1.047692e-04 
3.327000e+02 1.052859e-02 9.239268e-02 -1.967682e+00 6.036477e+03 3.612267e+03 1.412039e+02  1000  5000 7.863229e-05     0 3.754851e-02 7.400825e+01 1.299794e+02 6.006591e-02 1.044405e-04 
3.328000e+02 1.053391e-02 9.263013e-02 -1.967586e+00 6.031454e+03 3.600286e+03 1.416258e+02  1000  5000 7.946807e-05     0 3.757525e-02 7.412215e+01 1.299785e+02 6.004712e-02 1.040395e-04 
3.329000e+02 1.053910e-02 9.286476e-02 -1.967489e+00 6.026433e+03 3.588305e+03 1.420509e+02  1000  5000 7.998306e-05     0 3.760207e-02 7.423475e+01 1.299775e+02 6.002827e-02 1.036213e-04 
  333 1.054422e-02 9.309657e-02 -1.967392e+00 6.021412e+03 3.576324e+03 1.424793e+02  1000  5000 8.037189e-05     0 3.762897e-02 7.434605e+01 1.299766e+02 6.000938e-02 1.032616e-04 
3.331000e+02 1.054923e-02 9.332553e-02 -1.967295e+00 6.016393e+03 3.564342e+03 1.429110e+02  1000  5000 8.387196e-05     0 3.765593e-02 7.445603e+01 1.299757e+02 5.999044e-02 1.029790e-04 
3.332000e+02 1.055393e-02 9.355164e-02 -1.967198e+00 6.011375e+03 3.552360e+03 1.433458e+02  1000  5000 8.532064e-05     0 3.768297e-02 7.456471e+01 1.299748e+02 5.997145e-02 1.026594e-04 
3.333000e+02 1.055837e-02 9.377489e-02 -1.967100e+00 6.006358e+03 3.540378e+03 1.437838e+02  1000  5000 8.597324e-05     0 3.771007e-02 7.467206e+01 1.299739e+02 5.995242e-02 1.022803e-04 
3.334000e+02 1.056269e-02 9.399527e-02 -1.967002e+00 6.001343e+03 3.528396e+03 1.442250e+02  1000  5000 8.631202e-05     0 3.773724e-02 7.477809e+01 1.299730e+02 5.993335e-02 1.018934e-04 
3.335000e+02 1.056697e-02 9.421276e-02 -1.966904e+00 5.996328e+03 3.516413e+03 1.446692e+02  1000  5000 8.652881e-05     0 3.776447e-02 7.488279e+01 1.299721e+02 5.991423e-02 1.015705e-04 
3.336000e+02 1.057115e-02 9.442737e-02 -1.966806e+00 5.991315e+03 3.504430e+03 1.451165e+02  1000  5000 8.958527e-05     0 3.779176e-02 7.498616e+01 1.299711e+02 5.989508e-02 1.013299e-04 
3.337000e+02 1.057505e-02 9.463907e-02 -1.966708e+00 5.986304e+03 3.492446e+03 1.455667e+02  1000  5000 9.077001e-05     0 3.781910e-02 7.508818e+01 1.299702e+02 5.987589e-02 1.010677e-04 
3.338000e+02 1.057874e-02 9.484786e-02 -1.966609e+00 5.981293e+03 3.480463e+03 1.460200e+02  1000  5000 9.123004e-05     0 3.784650e-02 7.518886e+01 1.299693e+02 5.985666e-02 1.007621e-04 
3.339000e+02 1.058233e-02 9.505374e-02 -1.966510e+00 5.976284e+03 3.468479e+03 1.464762e+02  1000  5000 9.140628e-05     0 3.787396e-02 7.528820e+01 1.299684e+02 5.983740e-02 1.004579e-04 
  334 1.058589e-02 9.525668e-02 -1.966411e+00 5.971276e+03 3.456494e+03 1.469353e+02  1000  5000 9.147434e-05     0 3.790146e-02 7.538618e+01 1.299675e+02 5.981811e-02 1.002177e-04 
3.341000e+02 1.058939e-02 9.545669e-02 -1.966312e+00 5.966269e+03 3.444510e+03 1.473973e+02  1000  5000 9.391032e-05     0 3.792902e-02 7.548280e+01 1.299666e+02 5.979879e-02 1.000588e-04 
3.342000e+02 1.059267e-02 9.565375e-02 -1.966213e+00 5.961263e+03 3.432525e+03 1.478621e+02  1000  5000 9.478792e-05     0 3.795661e-02 7.557807e+01 1.299657e+02 5.977943e-02 9.989463e-05 
3.343000e+02 1.059579e-02 9.584786e-02 -1.966113e+00 5.956259e+03 3.420539e+03 1.483297e+02  1000  5000 9.506458e-05     0 3.798426e-02 7.567196e+01 1.299648e+02 5.976005e-02 9.970565e-05 
3.344000e+02 1.059885e-02 9.603900e-02 -1.966014e+00 5.951256e+03 3.408554e+03 1.488000e+02  1000  5000 9.510852e-05     0 3.801194e-02 7.576449e+01 1.299639e+02 5.974065e-02 9.952677e-05 
3.345000e+02 1.060190e-02 9.622717e-02 -1.965914e+00 5.946254e+03 3.396568e+03 1.492731e+02  1000  5000 9.506650e-05     0 3.803966e-02 7.585564e+01 1.299630e+02 5.972122e-02 9.940684e-05 
3.346000e+02 1.060492e-02 9.641237e-02 -1.965814e+00 5.941254e+03 3.384581e+03 1.497488e+02  1000  5000 9.674318e-05     0 3.806742e-02 7.594542e+01 1.299621e+02 5.970176e-02 9.936082e-05 
3.347000e+02 1.060781e-02 9.659458e-02 -1.965714e+00 5.936254e+03 3.372595e+03 1.502272e+02  1000  5000 9.729257e-05     0 3.809522e-02 7.603381e+01 1.299612e+02 5.968229e-02 9.932635e-05 
3.348000e+02 1.061060e-02 9.677380e-02 -1.965614e+00 5.931256e+03 3.360608e+03 1.507082e+02  1000  5000 9.741064e-05     0 3.812304e-02 7.612082e+01 1.299603e+02 5.966279e-02 9.928760e-05 
3.349000e+02 1.061336e-02 9.695002e-02 -1.965513e+00 5.926260e+03 3.348620e+03 1.511917e+02  1000  5000 9.736508e-05     0 3.815090e-02 7.620645e+01 1.299594e+02 5.964328e-02 9.926672e-05 
  335 1.061614e-02 9.712323e-02 -1.965413e+00 5.921264e+03 3.336633e+03 1.516777e+02  1000  5000 9.726268e-05     0 3.817878e-02 7.629068e+01 1.299585e+02 5.962376e-02 9.929518e-05 
3.351000e+02 1.061893e-02 9.729343e-02 -1.965313e+00 5.916270e+03 3.324645e+03 1.521662e+02  1000  5000 9.808122e-05     0 3.820669e-02 7.637351e+01 1.299576e+02 5.960421e-02 9.938462e-05 
3.352000e+02 1.062167e-02 9.746062e-02 -1.965212e+00 5.911277e+03 3.312657e+03 1.526572e+02  1000  5000 9.830137e-05     0 3.823462e-02 7.645495e+01 1.299567e+02 5.958466e-02 9.950232e-05 
3.353000e+02 1.062439e-02 9.762477e-02 -1.965111e+00 5.906285e+03 3.300668e+03 1.531505e+02  1000  5000 9.829755e-05     0 3.826257e-02 7.653499e+01 1.299558e+02 5.956509e-02 9.963748e-05 
3.354000e+02 1.062712e-02 9.778590e-02 -1.965010e+00 5.901295e+03 3.288679e+03 1.536463e+02  1000  5000 9.821379e-05     0 3.829054e-02 7.661362e+01 1.299549e+02 5.954552e-02 9.979736e-05 
3.355000e+02 1.062989e-02 9.794399e-02 -1.964909e+00 5.896306e+03 3.276690e+03 1.541443e+02  1000  5000 9.810749e-05     0 3.831853e-02 7.669085e+01 1.299540e+02 5.952593e-02 9.999302e-05 
3.356000e+02 1.063270e-02 9.809904e-02 -1.964808e+00 5.891318e+03 3.264700e+03 1.546447e+02  1000  5000 9.800818e-05     0 3.834653e-02 7.676666e+01 1.299531e+02 5.950634e-02 1.002320e-04 
3.357000e+02 1.063557e-02 9.825104e-02 -1.964707e+00 5.886332e+03 3.252710e+03 1.551472e+02  1000  5000 9.791519e-05     0 3.837454e-02 7.684107e+01 1.299523e+02 5.948675e-02 1.005154e-04 
3.358000e+02 1.063849e-02 9.839999e-02 -1.964606e+00 5.881346e+03 3.240720e+03 1.556520e+02  1000  5000 9.783459e-05     0 3.840256e-02 7.691405e+01 1.299514e+02 5.946715e-02 1.008386e-04 
3.359000e+02 1.064146e-02 9.854588e-02 -1.964504e+00 5.876363e+03 3.228729e+03 1.561590e+02  1000  5000 9.776859e-05     0 3.843059e-02 7.698563e+01 1.299505e+02 5.944755e-02 1.011925e-04 
  336 1.064449e-02 9.868872e-02 -1.964403e+00 5.871380e+03 3.216738e+03 1.566680e+02  1000  5000 9.771799e-05     0 3.845863e-02 7.705578e+01 1.299496e+02 5.942795e-02 1.015653e-04 
3.361000e+02 1.064759e-02 9.882848e-02 -1.964301e+00 5.866398e+03 3.204747e+03 1.571792e+02  1000  5000 9.667733e-05     0 3.848666e-02 7.712451e+01 1.299488e+02 5.940835e-02 1.019599e-04 
3.362000e+02 1.065085e-02 9.896518e-02 -1.964199e+00 5.861418e+03 3.192755e+03 1.576924e+02  1000  5000 9.630123e-05     0 3.851470e-02 7.719181e+01 1.299479e+02 5.938875e-02 1.024144e-04 
3.363000e+02 1.065424e-02 9.909881e-02 -1.964097e+00 5.856440e+03 3.180763e+03 1.582076e+02  1000  5000 9.619409e-05     0 3.854274e-02 7.725769e+01 1.299470e+02 5.936916e-02 1.029310e-04 
3.364000e+02 1.065772e-02 9.922936e-02 -1.963995e+00 5.851462e+03 3.168771e+03 1.587248e+02  1000  5000 9.620343e-05     0 3.857077e-02 7.732214e+01 1.299462e+02 5.934958e-02 1.034832e-04 
3.365000e+02 1.066126e-02 9.935683e-02 -1.963893e+00 5.846486e+03 3.156778e+03 1.592439e+02  1000  5000 9.626818e-05     0 3.859879e-02 7.738516e+01 1.299453e+02 5.933000e-02 1.040351e-04 
3.366000e+02 1.066492e-02 9.948121e-02 -1.963790e+00 5.841511e+03 3.144785e+03 1.597649e+02  1000  5000 9.429455e-05     0 3.862681e-02 7.744675e+01 1.299445e+02 5.931043e-02 1.045842e-04 
3.367000e+02 1.066883e-02 9.960251e-02 -1.963688e+00 5.836537e+03 3.132791e+03 1.602877e+02  1000  5000 9.367606e-05     0 3.865482e-02 7.750690e+01 1.299436e+02 5.929087e-02 1.052077e-04 
3.368000e+02 1.067294e-02 9.972072e-02 -1.963585e+00 5.831565e+03 3.120798e+03 1.608124e+02  1000  5000 9.359506e-05     0 3.868281e-02 7.756562e+01 1.299428e+02 5.927133e-02 1.059150e-04 
3.369000e+02 1.067718e-02 9.983584e-02 -1.963482e+00 5.826594e+03 3.108803e+03 1.613388e+02  1000  5000 9.373646e-05     0 3.871079e-02 7.762291e+01 1.299419e+02 5.925180e-02 1.066619e-04 
  337 1.068148e-02 9.994787e-02 -1.963378e+00 5.821624e+03 3.096809e+03 1.618669e+02  1000  5000 9.397406e-05     0 3.873875e-02 7.767876e+01 1.299411e+02 5.923228e-02 1.073874e-04 
3.371000e+02 1.068592e-02 1.000568e-01 -1.963275e+00 5.816656e+03 3.084814e+03 1.623967e+02  1000  5000 9.110211e-05     0 3.876670e-02 7.773316e+01 1.299402e+02 5.921278e-02 1.080838e-04 
3.372000e+02 1.069072e-02 1.001626e-01 -1.963171e+00 5.811688e+03 3.072818e+03 1.629282e+02  1000  5000 9.028939e-05     0 3.879462e-02 7.778613e+01 1.299394e+02 5.919330e-02 1.088675e-04 
3.373000e+02 1.069579e-02 1.002654e-01 -1.963067e+00 5.806723e+03 3.060823e+03 1.634612e+02  1000  5000 9.028742e-05     0 3.882252e-02 7.783766e+01 1.299386e+02 5.917384e-02 1.097561e-04 
3.374000e+02 1.070102e-02 1.003650e-01 -1.962963e+00 5.801758e+03 3.048827e+03 1.639959e+02  1000  5000 9.061494e-05     0 3.885039e-02 7.788774e+01 1.299377e+02 5.915440e-02 1.106871e-04 
3.375000e+02 1.070630e-02 1.004615e-01 -1.962858e+00 5.796795e+03 3.036830e+03 1.645320e+02  1000  5000 9.107913e-05     0 3.887824e-02 7.793638e+01 1.299369e+02 5.913498e-02 1.115747e-04 
3.376000e+02 1.071175e-02 1.005550e-01 -1.962753e+00 5.791833e+03 3.024833e+03 1.650696e+02  1000  5000 8.736328e-05     0 3.890606e-02 7.798358e+01 1.299361e+02 5.911559e-02 1.124053e-04 
3.377000e+02 1.071764e-02 1.006453e-01 -1.962648e+00 5.786872e+03 3.012836e+03 1.656087e+02  1000  5000 8.640875e-05     0 3.893384e-02 7.802934e+01 1.299353e+02 5.909622e-02 1.133351e-04 
3.378000e+02 1.072389e-02 1.007325e-01 -1.962543e+00 5.781913e+03 3.000838e+03 1.661492e+02  1000  5000 8.653697e-05     0 3.896159e-02 7.807365e+01 1.299345e+02 5.907688e-02 1.143897e-04 
3.379000e+02 1.073030e-02 1.008167e-01 -1.962437e+00 5.776955e+03 2.988840e+03 1.666910e+02  1000  5000 8.710066e-05     0 3.898931e-02 7.811651e+01 1.299336e+02 5.905757e-02 1.154887e-04 
  338 1.073677e-02 1.008977e-01 -1.962331e+00 5.771998e+03 2.976842e+03 1.672341e+02  1000  5000 8.784025e-05     0 3.901699e-02 7.815793e+01 1.299328e+02 5.903829e-02 1.165216e-04 
3.381000e+02 1.074341e-02 1.009756e-01 -1.962224e+00 5.767043e+03 2.964843e+03 1.677786e+02  1000  5000 8.334730e-05     0 3.904462e-02 7.819791e+01 1.299320e+02 5.901903e-02 1.174694e-04 
3.382000e+02 1.075059e-02 1.010504e-01 -1.962117e+00 5.762089e+03 2.952844e+03 1.683242e+02  1000  5000 8.230432e-05     0 3.907222e-02 7.823644e+01 1.299312e+02 5.899982e-02 1.185269e-04 
3.383000e+02 1.075818e-02 1.011221e-01 -1.962010e+00 5.757136e+03 2.940844e+03 1.688711e+02  1000  5000 8.261053e-05     0 3.909977e-02 7.827352e+01 1.299304e+02 5.898063e-02 1.197277e-04 
3.384000e+02 1.076596e-02 1.011907e-01 -1.961903e+00 5.752185e+03 2.928844e+03 1.694191e+02  1000  5000 8.345539e-05     0 3.912728e-02 7.830916e+01 1.299297e+02 5.896148e-02 1.209743e-04 
3.385000e+02 1.077378e-02 1.012562e-01 -1.961795e+00 5.747235e+03 2.916843e+03 1.699683e+02  1000  5000 8.451347e-05     0 3.915474e-02 7.834336e+01 1.299289e+02 5.894237e-02 1.221322e-04 
3.386000e+02 1.078177e-02 1.013186e-01 -1.961686e+00 5.742287e+03 2.904842e+03 1.705185e+02  1000  5000 7.931439e-05     0 3.918215e-02 7.837610e+01 1.299281e+02 5.892330e-02 1.231768e-04 
3.387000e+02 1.079039e-02 1.013780e-01 -1.961577e+00 5.737339e+03 2.892841e+03 1.710697e+02  1000  5000 7.823393e-05     0 3.920951e-02 7.840741e+01 1.299273e+02 5.890427e-02 1.243407e-04 
3.388000e+02 1.079949e-02 1.014342e-01 -1.961467e+00 5.732393e+03 2.880839e+03 1.716219e+02  1000  5000 7.876102e-05     0 3.923681e-02 7.843727e+01 1.299265e+02 5.888527e-02 1.256655e-04 
3.389000e+02 1.080878e-02 1.014873e-01 -1.961358e+00 5.727449e+03 2.868837e+03 1.721751e+02  1000  5000 7.992619e-05     0 3.926406e-02 7.846569e+01 1.299258e+02 5.886632e-02 1.270371e-04 
  339 1.081809e-02 1.015373e-01 -1.961247e+00 5.722506e+03 2.856834e+03 1.727292e+02  1000  5000 8.133958e-05     0 3.929125e-02 7.849267e+01 1.299250e+02 5.884742e-02 1.282976e-04 
3.391000e+02 1.082756e-02 1.015843e-01 -1.961136e+00 5.717564e+03 2.844831e+03 1.732842e+02  1000  5000 7.550080e-05     0 3.931839e-02 7.851820e+01 1.299243e+02 5.882856e-02 1.294172e-04 
3.392000e+02 1.083776e-02 1.016281e-01 -1.961025e+00 5.712624e+03 2.832828e+03 1.738400e+02  1000  5000 7.442800e-05     0 3.934546e-02 7.854229e+01 1.299235e+02 5.880974e-02 1.306653e-04 
3.393000e+02 1.084847e-02 1.016689e-01 -1.960913e+00 5.707684e+03 2.820824e+03 1.743966e+02  1000  5000 7.521260e-05     0 3.937247e-02 7.856495e+01 1.299228e+02 5.879098e-02 1.320912e-04 
3.394000e+02 1.085939e-02 1.017066e-01 -1.960800e+00 5.702747e+03 2.808819e+03 1.749539e+02  1000  5000 7.673075e-05     0 3.939941e-02 7.858616e+01 1.299220e+02 5.877226e-02 1.335647e-04 
3.395000e+02 1.087029e-02 1.017412e-01 -1.960687e+00 5.697811e+03 2.796814e+03 1.755120e+02  1000  5000 7.852969e-05     0 3.942629e-02 7.860594e+01 1.299213e+02 5.875359e-02 1.349053e-04 
3.396000e+02 1.088136e-02 1.017727e-01 -1.960573e+00 5.692876e+03 2.784809e+03 1.760707e+02  1000  5000 7.210415e-05     0 3.945309e-02 7.862428e+01 1.299206e+02 5.873497e-02 1.360784e-04 
3.397000e+02 1.089322e-02 1.018012e-01 -1.960458e+00 5.687942e+03 2.772803e+03 1.766301e+02  1000  5000 7.107503e-05     0 3.947983e-02 7.864119e+01 1.299198e+02 5.871641e-02 1.373894e-04 
3.398000e+02 1.090565e-02 1.018266e-01 -1.960343e+00 5.683010e+03 2.760797e+03 1.771900e+02  1000  5000 7.214640e-05     0 3.950650e-02 7.865667e+01 1.299191e+02 5.869790e-02 1.388949e-04 
3.399000e+02 1.091828e-02 1.018489e-01 -1.960228e+00 5.678080e+03 2.748790e+03 1.777505e+02  1000  5000 7.404350e-05     0 3.953309e-02 7.867071e+01 1.299184e+02 5.867944e-02 1.404493e-04 
  340 1.093085e-02 1.018682e-01 -1.960111e+00 5.673151e+03 2.736782e+03 1.783115e+02  1000  5000 7.625175e-05     0 3.955961e-02 7.868332e+01 1.299177e+02 5.866105e-02 1.418499e-04 
3.401000e+02 1.094358e-02 1.018844e-01 -1.959994e+00 5.668223e+03 2.724775e+03 1.788729e+02  1000  5000 6.927013e-05     0 3.958604e-02 7.869451e+01 1.299170e+02 5.864270e-02 1.430574e-04 
3.402000e+02 1.095718e-02 1.018976e-01 -1.959876e+00 5.663296e+03 2.712766e+03 1.794348e+02  1000  5000 6.830868e-05     0 3.961240e-02 7.870427e+01 1.299163e+02 5.862442e-02 1.444128e-04 
3.403000e+02 1.097139e-02 1.019078e-01 -1.959758e+00 5.658372e+03 2.700758e+03 1.799971e+02  1000  5000 6.968803e-05     0 3.963868e-02 7.871261e+01 1.299156e+02 5.860620e-02 1.459805e-04 
3.404000e+02 1.098580e-02 1.019148e-01 -1.959639e+00 5.653448e+03 2.688748e+03 1.805597e+02  1000  5000 7.198362e-05     0 3.966488e-02 7.871952e+01 1.299149e+02 5.858804e-02 1.475990e-04 
3.405000e+02 1.100010e-02 1.019189e-01 -1.959519e+00 5.648526e+03 2.676738e+03 1.811226e+02  1000  5000 7.461906e-05     0 3.969099e-02 7.872501e+01 1.299142e+02 5.856994e-02 1.490437e-04 
3.406000e+02 1.101454e-02 1.019199e-01 -1.959398e+00 5.643606e+03 2.664728e+03 1.816857e+02  1000  5000 6.708186e-05     0 3.971701e-02 7.872909e+01 1.299135e+02 5.855191e-02 1.502706e-04 
3.407000e+02 1.102993e-02 1.019179e-01 -1.959276e+00 5.638687e+03 2.652717e+03 1.822491e+02  1000  5000 6.619779e-05     0 3.974295e-02 7.873175e+01 1.299128e+02 5.853394e-02 1.516573e-04 
3.408000e+02 1.104598e-02 1.019129e-01 -1.959154e+00 5.633769e+03 2.640706e+03 1.828127e+02  1000  5000 6.789836e-05     0 3.976880e-02 7.873300e+01 1.299122e+02 5.851604e-02 1.532757e-04 
3.409000e+02 1.106221e-02 1.019049e-01 -1.959031e+00 5.628853e+03 2.628694e+03 1.833765e+02  1000  5000 7.060648e-05     0 3.979455e-02 7.873284e+01 1.299115e+02 5.849820e-02 1.549481e-04 
  341 1.107828e-02 1.018939e-01 -1.958907e+00 5.623939e+03 2.616681e+03 1.839403e+02  1000  5000 7.368250e-05     0 3.982021e-02 7.873128e+01 1.299109e+02 5.848043e-02 1.564273e-04 
3.411000e+02 1.109447e-02 1.018798e-01 -1.958782e+00 5.619026e+03 2.604668e+03 1.845042e+02  1000  5000 6.555330e-05     0 3.984578e-02 7.872830e+01 1.299102e+02 5.846273e-02 1.576647e-04 
3.412000e+02 1.111169e-02 1.018628e-01 -1.958656e+00 5.614114e+03 2.592655e+03 1.850681e+02  1000  5000 6.474077e-05     0 3.987126e-02 7.872393e+01 1.299096e+02 5.844510e-02 1.590763e-04 
3.413000e+02 1.112961e-02 1.018428e-01 -1.958530e+00 5.609205e+03 2.580641e+03 1.856320e+02  1000  5000 6.676869e-05     0 3.989663e-02 7.871816e+01 1.299089e+02 5.842755e-02 1.607418e-04 
3.414000e+02 1.114770e-02 1.018198e-01 -1.958402e+00 5.604296e+03 2.568626e+03 1.861959e+02  1000  5000 6.989974e-05     0 3.992191e-02 7.871099e+01 1.299083e+02 5.841006e-02 1.624663e-04 
3.415000e+02 1.116558e-02 1.017939e-01 -1.958274e+00 5.599389e+03 2.556611e+03 1.867596e+02  1000  5000 7.342743e-05     0 3.994709e-02 7.870243e+01 1.299077e+02 5.839265e-02 1.639781e-04 
3.416000e+02 1.118354e-02 1.017649e-01 -1.958145e+00 5.594484e+03 2.544595e+03 1.873233e+02  1000  5000 6.462782e-05     0 3.997216e-02 7.869248e+01 1.299070e+02 5.837531e-02 1.652244e-04 
3.417000e+02 1.120263e-02 1.017331e-01 -1.958014e+00 5.589580e+03 2.532579e+03 1.878867e+02  1000  5000 6.386530e-05     0 3.999713e-02 7.868115e+01 1.299064e+02 5.835805e-02 1.666626e-04 
3.418000e+02 1.122249e-02 1.016982e-01 -1.957884e+00 5.584678e+03 2.520562e+03 1.884500e+02  1000  5000 6.622151e-05     0 4.002199e-02 7.866843e+01 1.299058e+02 5.834087e-02 1.683808e-04 
3.419000e+02 1.124249e-02 1.016605e-01 -1.957752e+00 5.579778e+03 2.508544e+03 1.890130e+02  1000  5000 6.978494e-05     0 4.004675e-02 7.865433e+01 1.299052e+02 5.832376e-02 1.701650e-04 
  342 1.126221e-02 1.016198e-01 -1.957619e+00 5.574879e+03 2.496526e+03 1.895757e+02  1000  5000 7.377616e-05     0 4.007140e-02 7.863886e+01 1.299046e+02 5.830673e-02 1.717167e-04 
3.421000e+02 1.128199e-02 1.015762e-01 -1.957485e+00 5.569982e+03 2.484507e+03 1.901380e+02  1000  5000 6.418232e-05     0 4.009594e-02 7.862202e+01 1.299040e+02 5.828979e-02 1.729780e-04 
3.422000e+02 1.130301e-02 1.015296e-01 -1.957350e+00 5.565086e+03 2.472488e+03 1.907000e+02  1000  5000 6.343359e-05     0 4.012037e-02 7.860381e+01 1.299035e+02 5.827292e-02 1.744533e-04 
3.423000e+02 1.132487e-02 1.014802e-01 -1.957214e+00 5.560192e+03 2.460468e+03 1.912616e+02  1000  5000 6.611659e-05     0 4.014469e-02 7.858423e+01 1.299029e+02 5.825613e-02 1.762397e-04 
3.424000e+02 1.134685e-02 1.014279e-01 -1.957077e+00 5.555299e+03 2.448447e+03 1.918228e+02  1000  5000 7.012447e-05     0 4.016889e-02 7.856329e+01 1.299023e+02 5.823943e-02 1.781013e-04 
3.425000e+02 1.136848e-02 1.013727e-01 -1.956939e+00 5.550409e+03 2.436426e+03 1.923834e+02  1000  5000 7.459567e-05     0 4.019297e-02 7.854100e+01 1.299017e+02 5.822281e-02 1.797091e-04 
3.426000e+02 1.139015e-02 1.013146e-01 -1.956800e+00 5.545520e+03 2.424404e+03 1.929436e+02  1000  5000 6.403631e-05     0 4.021694e-02 7.851736e+01 1.299012e+02 5.820628e-02 1.809998e-04 
3.427000e+02 1.141320e-02 1.012536e-01 -1.956660e+00 5.540632e+03 2.412381e+03 1.935032e+02  1000  5000 6.325233e-05     0 4.024079e-02 7.849237e+01 1.299006e+02 5.818983e-02 1.825313e-04 
3.428000e+02 1.143717e-02 1.011898e-01 -1.956519e+00 5.535746e+03 2.400358e+03 1.940622e+02  1000  5000 6.626170e-05     0 4.026453e-02 7.846603e+01 1.299001e+02 5.817347e-02 1.844112e-04 
3.429000e+02 1.146125e-02 1.011231e-01 -1.956377e+00 5.530862e+03 2.388334e+03 1.946205e+02  1000  5000 7.073283e-05     0 4.028814e-02 7.843836e+01 1.298996e+02 5.815719e-02 1.863780e-04 
  343 1.148490e-02 1.010536e-01 -1.956234e+00 5.525980e+03 2.376309e+03 1.951782e+02  1000  5000 7.570947e-05     0 4.031163e-02 7.840935e+01 1.298990e+02 5.814100e-02 1.880669e-04 
3.431000e+02 1.150858e-02 1.009812e-01 -1.956090e+00 5.521100e+03 2.364284e+03 1.957351e+02  1000  5000 6.396440e-05     0 4.033499e-02 7.837901e+01 1.298985e+02 5.812491e-02 1.894087e-04 
3.432000e+02 1.153381e-02 1.009061e-01 -1.955944e+00 5.516221e+03 2.352258e+03 1.962913e+02  1000  5000 6.308569e-05     0 4.035823e-02 7.834735e+01 1.298980e+02 5.810890e-02 1.910238e-04 
3.433000e+02 1.156006e-02 1.008281e-01 -1.955798e+00 5.511344e+03 2.340232e+03 1.968468e+02  1000  5000 6.642600e-05     0 4.038134e-02 7.831436e+01 1.298975e+02 5.809298e-02 1.930317e-04 
3.434000e+02 1.158642e-02 1.007473e-01 -1.955651e+00 5.506468e+03 2.328204e+03 1.974013e+02  1000  5000 7.139047e-05     0 4.040433e-02 7.828006e+01 1.298970e+02 5.807716e-02 1.951410e-04 
3.435000e+02 1.161227e-02 1.006638e-01 -1.955502e+00 5.501595e+03 2.316176e+03 1.979551e+02  1000  5000 7.691163e-05     0 4.042719e-02 7.824445e+01 1.298965e+02 5.806143e-02 1.969444e-04 
3.436000e+02 1.163813e-02 1.005775e-01 -1.955352e+00 5.496723e+03 2.304148e+03 1.985079e+02  1000  5000 6.370994e-05     0 4.044991e-02 7.820753e+01 1.298960e+02 5.804579e-02 1.983654e-04 
3.437000e+02 1.166576e-02 1.004884e-01 -1.955201e+00 5.491853e+03 2.292118e+03 1.990598e+02  1000  5000 6.266893e-05     0 4.047251e-02 7.816931e+01 1.298955e+02 5.803024e-02 2.000989e-04 
3.438000e+02 1.169456e-02 1.003965e-01 -1.955048e+00 5.486985e+03 2.280088e+03 1.996107e+02  1000  5000 6.635375e-05     0 4.049497e-02 7.812980e+01 1.298950e+02 5.801479e-02 2.022782e-04 
3.439000e+02 1.172346e-02 1.003019e-01 -1.954895e+00 5.482119e+03 2.268057e+03 2.001606e+02  1000  5000 7.185752e-05     0 4.051730e-02 7.808899e+01 1.298945e+02 5.799944e-02 2.045757e-04 
  344 1.175177e-02 1.002046e-01 -1.954741e+00 5.477254e+03 2.256025e+03 2.007095e+02  1000  5000 7.798065e-05     0 4.053950e-02 7.804690e+01 1.298941e+02 5.798418e-02 2.065342e-04 
3.441000e+02 1.178007e-02 1.001046e-01 -1.954584e+00 5.472392e+03 2.243993e+03 2.012572e+02  1000  5000 6.299712e-05     0 4.056155e-02 7.800353e+01 1.298936e+02 5.796902e-02 2.080682e-04 
3.442000e+02 1.181043e-02 1.000019e-01 -1.954427e+00 5.467531e+03 2.231960e+03 2.018039e+02  1000  5000 6.171983e-05     0 4.058347e-02 7.795888e+01 1.298932e+02 5.795396e-02 2.099614e-04 
3.443000e+02 1.184213e-02 9.989646e-02 -1.954269e+00 5.462672e+03 2.219926e+03 2.023494e+02  1000  5000 6.577554e-05     0 4.060526e-02 7.791297e+01 1.298927e+02 5.793900e-02 2.123632e-04 
3.444000e+02 1.187394e-02 9.978836e-02 -1.954110e+00 5.457815e+03 2.207891e+03 2.028936e+02  1000  5000 7.188506e-05     0 4.062690e-02 7.786579e+01 1.298923e+02 5.792413e-02 2.149033e-04 
3.445000e+02 1.190506e-02 9.967759e-02 -1.953949e+00 5.452960e+03 2.195856e+03 2.034367e+02  1000  5000 7.869078e-05     0 4.064840e-02 7.781736e+01 1.298919e+02 5.790937e-02 2.170640e-04 
3.446000e+02 1.193618e-02 9.956416e-02 -1.953786e+00 5.448107e+03 2.183819e+03 2.039785e+02  1000  5000 6.153894e-05     0 4.066976e-02 7.776767e+01 1.298914e+02 5.789471e-02 2.187497e-04 
3.447000e+02 1.196969e-02 9.944810e-02 -1.953623e+00 5.443256e+03 2.171782e+03 2.045190e+02  1000  5000 5.994551e-05     0 4.069098e-02 7.771674e+01 1.298910e+02 5.788015e-02 2.208497e-04 
3.448000e+02 1.200477e-02 9.932941e-02 -1.953458e+00 5.438407e+03 2.159744e+03 2.050582e+02  1000  5000 6.441478e-05     0 4.071205e-02 7.766457e+01 1.298906e+02 5.786570e-02 2.235334e-04 
3.449000e+02 1.203999e-02 9.920810e-02 -1.953292e+00 5.433559e+03 2.147706e+03 2.055960e+02  1000  5000 7.122162e-05     0 4.073298e-02 7.761116e+01 1.298902e+02 5.785134e-02 2.263785e-04 
  345 1.207440e-02 9.908419e-02 -1.953124e+00 5.428714e+03 2.135666e+03 2.061323e+02  1000  5000 7.881855e-05     0 4.075376e-02 7.755652e+01 1.298898e+02 5.783709e-02 2.287953e-04 
3.451000e+02 1.210882e-02 9.895769e-02 -1.952955e+00 5.423871e+03 2.123626e+03 2.066673e+02  1000  5000 5.903860e-05     0 4.077439e-02 7.750067e+01 1.298894e+02 5.782295e-02 2.306756e-04 
3.452000e+02 1.214606e-02 9.882862e-02 -1.952784e+00 5.419030e+03 2.111585e+03 2.072007e+02  1000  5000 5.704210e-05     0 4.079487e-02 7.744359e+01 1.298890e+02 5.780891e-02 2.330360e-04 
3.453000e+02 1.218516e-02 9.869700e-02 -1.952613e+00 5.414190e+03 2.099542e+03 2.077327e+02  1000  5000 6.198712e-05     0 4.081521e-02 7.738531e+01 1.298887e+02 5.779498e-02 2.360694e-04 
3.454000e+02 1.222443e-02 9.856282e-02 -1.952440e+00 5.409353e+03 2.087500e+03 2.082631e+02  1000  5000 6.961284e-05     0 4.083540e-02 7.732583e+01 1.298883e+02 5.778115e-02 2.392913e-04 
3.455000e+02 1.226274e-02 9.842612e-02 -1.952265e+00 5.404518e+03 2.075456e+03 2.087919e+02  1000  5000 7.814300e-05     0 4.085543e-02 7.726515e+01 1.298879e+02 5.776743e-02 2.420254e-04 
3.456000e+02 1.230109e-02 9.828689e-02 -1.952088e+00 5.399685e+03 2.063411e+03 2.093191e+02  1000  5000 5.518242e-05     0 4.087531e-02 7.720328e+01 1.298876e+02 5.775382e-02 2.441484e-04 
3.457000e+02 1.234280e-02 9.814516e-02 -1.951910e+00 5.394855e+03 2.051366e+03 2.098447e+02  1000  5000 5.268551e-05     0 4.089503e-02 7.714022e+01 1.298872e+02 5.774032e-02 2.468302e-04 
3.458000e+02 1.238672e-02 9.800095e-02 -1.951731e+00 5.390026e+03 2.039319e+03 2.103685e+02  1000  5000 5.819111e-05     0 4.091461e-02 7.707599e+01 1.298869e+02 5.772693e-02 2.502919e-04 
3.459000e+02 1.243085e-02 9.785426e-02 -1.951550e+00 5.385199e+03 2.027272e+03 2.108907e+02  1000  5000 6.679298e-05     0 4.093403e-02 7.701059e+01 1.298866e+02 5.771364e-02 2.539743e-04 
  346 1.247387e-02 9.770512e-02 -1.951368e+00 5.380375e+03 2.015224e+03 2.114111e+02  1000  5000 7.643823e-05     0 4.095329e-02 7.694402e+01 1.298863e+02 5.770047e-02 2.570961e-04 
3.461000e+02 1.251695e-02 9.755352e-02 -1.951183e+00 5.375553e+03 2.003175e+03 2.119297e+02  1000  5000 4.962228e-05     0 4.097239e-02 7.687630e+01 1.298859e+02 5.768741e-02 2.595166e-04 
3.462000e+02 1.256405e-02 9.739950e-02 -1.950996e+00 5.370733e+03 1.991125e+03 2.124466e+02  1000  5000 4.651116e-05     0 4.099133e-02 7.680743e+01 1.298856e+02 5.767446e-02 2.625908e-04 
3.463000e+02 1.261382e-02 9.724307e-02 -1.950809e+00 5.365915e+03 1.979074e+03 2.129615e+02  1000  5000 5.268830e-05     0 4.101012e-02 7.673742e+01 1.298853e+02 5.766162e-02 2.665740e-04 
3.464000e+02 1.266385e-02 9.708425e-02 -1.950620e+00 5.361099e+03 1.967022e+03 2.134746e+02  1000  5000 6.246655e-05     0 4.102874e-02 7.666627e+01 1.298850e+02 5.764890e-02 2.708162e-04 
3.465000e+02 1.271257e-02 9.692304e-02 -1.950429e+00 5.356286e+03 1.954969e+03 2.139858e+02  1000  5000 7.345713e-05     0 4.104720e-02 7.659400e+01 1.298848e+02 5.763629e-02 2.744095e-04 
3.466000e+02 1.276139e-02 9.675946e-02 -1.950235e+00 5.351475e+03 1.942915e+03 2.144950e+02  1000  5000 4.194525e-05     0 4.106550e-02 7.652060e+01 1.298845e+02 5.762379e-02 2.771919e-04 
3.467000e+02 1.281506e-02 9.659353e-02 -1.950040e+00 5.346666e+03 1.930860e+03 2.150022e+02  1000  5000 3.808022e-05     0 4.108364e-02 7.644609e+01 1.298842e+02 5.761141e-02 2.807439e-04 
3.468000e+02 1.287195e-02 9.642528e-02 -1.949844e+00 5.341860e+03 1.918804e+03 2.155075e+02  1000  5000 4.507041e-05     0 4.110162e-02 7.637047e+01 1.298839e+02 5.759914e-02 2.853623e-04 
3.469000e+02 1.292919e-02 9.625470e-02 -1.949646e+00 5.337056e+03 1.906747e+03 2.160106e+02  1000  5000 5.627826e-05     0 4.111943e-02 7.629376e+01 1.298837e+02 5.758699e-02 2.902864e-04 
  347 1.298486e-02 9.608183e-02 -1.949445e+00 5.332255e+03 1.894690e+03 2.165118e+02  1000  5000 6.890462e-05     0 4.113707e-02 7.621595e+01 1.298834e+02 5.757495e-02 2.944539e-04 
3.471000e+02 1.304069e-02 9.590666e-02 -1.949242e+00 5.327455e+03 1.882631e+03 2.170108e+02  1000  5000 3.162675e-05     0 4.115454e-02 7.613706e+01 1.298832e+02 5.756303e-02 2.976773e-04 
3.472000e+02 1.310241e-02 9.572922e-02 -1.949036e+00 5.322659e+03 1.870571e+03 2.175077e+02  1000  5000 2.682815e-05     0 4.117185e-02 7.605709e+01 1.298830e+02 5.755123e-02 3.018135e-04 
3.473000e+02 1.316806e-02 9.554954e-02 -1.948830e+00 5.317864e+03 1.858510e+03 2.180024e+02  1000  5000 3.480961e-05     0 4.118899e-02 7.597605e+01 1.298827e+02 5.753954e-02 3.072105e-04 
3.474000e+02 1.323415e-02 9.536763e-02 -1.948622e+00 5.313072e+03 1.846448e+03 2.184949e+02  1000  5000 4.776763e-05     0 4.120597e-02 7.589395e+01 1.298825e+02 5.752798e-02 3.129713e-04 
3.475000e+02 1.329837e-02 9.518350e-02 -1.948411e+00 5.308283e+03 1.834385e+03 2.189852e+02  1000  5000 6.239755e-05     0 4.122276e-02 7.581080e+01 1.298823e+02 5.751653e-02 3.178434e-04 
3.476000e+02 1.336280e-02 9.499715e-02 -1.948196e+00 5.303496e+03 1.822321e+03 2.194732e+02  1000  5000 1.796062e-05     0 4.123939e-02 7.572660e+01 1.298821e+02 5.750520e-02 3.216088e-04 
3.477000e+02 1.343447e-02 9.480863e-02 -1.947980e+00 5.298712e+03 1.810256e+03 2.199589e+02  1000  5000 1.198814e-05     0 4.125585e-02 7.564137e+01 1.298819e+02 5.749399e-02 3.264674e-04 
3.478000e+02 1.351096e-02 9.461795e-02 -1.947763e+00 5.293930e+03 1.798190e+03 2.204424e+02  1000  5000 2.118484e-05     0 4.127214e-02 7.555511e+01 1.298817e+02 5.748291e-02 3.328297e-04 
3.479000e+02 1.358802e-02 9.442513e-02 -1.947543e+00 5.289151e+03 1.786122e+03 2.209234e+02  1000  5000 3.630204e-05     0 4.128825e-02 7.546782e+01 1.298815e+02 5.747194e-02 3.396296e-04 
  348 1.366282e-02 9.423016e-02 -1.947320e+00 5.284375e+03 1.774054e+03 2.214021e+02  1000  5000 5.340589e-05     0 4.130418e-02 7.537952e+01 1.298814e+02 5.746109e-02 3.453779e-04 
3.481000e+02 1.373792e-02 9.403307e-02 -1.947094e+00 5.279601e+03 1.761984e+03 2.218784e+02  1000  5000 -4.562006e-08     0 4.131994e-02 7.529022e+01 1.298812e+02 5.745037e-02 3.498196e-04 
3.482000e+02 1.382198e-02 9.383389e-02 -1.946865e+00 5.274830e+03 1.749913e+03 2.223523e+02  1000  5000 -7.523839e-06     0 4.133552e-02 7.519991e+01 1.298810e+02 5.743976e-02 3.555853e-04 
3.483000e+02 1.391202e-02 9.363265e-02 -1.946635e+00 5.270062e+03 1.737841e+03 2.228237e+02  1000  5000 3.171231e-06     0 4.135094e-02 7.510862e+01 1.298809e+02 5.742928e-02 3.631639e-04 
3.484000e+02 1.400280e-02 9.342934e-02 -1.946403e+00 5.265297e+03 1.725768e+03 2.232926e+02  1000  5000 2.097653e-05     0 4.136617e-02 7.501635e+01 1.298807e+02 5.741892e-02 3.712755e-04 
3.485000e+02 1.409080e-02 9.322399e-02 -1.946167e+00 5.260534e+03 1.713694e+03 2.237590e+02  1000  5000 4.116489e-05     0 4.138121e-02 7.492310e+01 1.298806e+02 5.740869e-02 3.781325e-04 
3.486000e+02 1.417925e-02 9.301660e-02 -1.945926e+00 5.255774e+03 1.701618e+03 2.242228e+02  1000  5000 -2.383205e-05     0 4.139608e-02 7.482889e+01 1.298805e+02 5.739858e-02 3.834349e-04 
3.487000e+02 1.427892e-02 9.280721e-02 -1.945683e+00 5.251017e+03 1.689542e+03 2.246841e+02  1000  5000 -3.328709e-05     0 4.141077e-02 7.473373e+01 1.298804e+02 5.738860e-02 3.903627e-04 
3.488000e+02 1.438611e-02 9.259585e-02 -1.945439e+00 5.246263e+03 1.677464e+03 2.251428e+02  1000  5000 -2.073132e-05     0 4.142528e-02 7.463762e+01 1.298803e+02 5.737873e-02 3.995043e-04 
3.489000e+02 1.449424e-02 9.238252e-02 -1.945192e+00 5.241512e+03 1.665384e+03 2.255988e+02  1000  5000 4.585600e-07     0 4.143961e-02 7.454057e+01 1.298801e+02 5.736900e-02 4.093056e-04 
  349 1.459896e-02 9.216723e-02 -1.944941e+00 5.236764e+03 1.653304e+03 2.260522e+02  1000  5000 2.453941e-05     0 4.145375e-02 7.444259e+01 1.298800e+02 5.735939e-02 4.175955e-04 
3.491000e+02 1.470434e-02 9.194999e-02 -1.944684e+00 5.232018e+03 1.641222e+03 2.265028e+02  1000  5000 -5.554476e-05     0 4.146769e-02 7.434368e+01 1.298800e+02 5.734991e-02 4.240197e-04 
3.492000e+02 1.482395e-02 9.173085e-02 -1.944425e+00 5.227276e+03 1.629139e+03 2.269508e+02  1000  5000 -6.766320e-05     0 4.148147e-02 7.424387e+01 1.298799e+02 5.734055e-02 4.324722e-04 
3.493000e+02 1.495314e-02 9.150984e-02 -1.944165e+00 5.222538e+03 1.617055e+03 2.273961e+02  1000  5000 -5.277515e-05     0 4.149506e-02 7.414315e+01 1.298798e+02 5.733132e-02 4.436697e-04 
3.494000e+02 1.508359e-02 9.128696e-02 -1.943901e+00 5.217802e+03 1.604969e+03 2.278385e+02  1000  5000 -2.726304e-05     0 4.150846e-02 7.404154e+01 1.298797e+02 5.732222e-02 4.556993e-04 
3.495000e+02 1.520977e-02 9.106221e-02 -1.943632e+00 5.213069e+03 1.592882e+03 2.282782e+02  1000  5000 1.804399e-06     0 4.152166e-02 7.393904e+01 1.298797e+02 5.731324e-02 4.658882e-04 
3.496000e+02 1.533694e-02 9.083559e-02 -1.943357e+00 5.208340e+03 1.580794e+03 2.287151e+02  1000  5000 -9.846918e-05     0 4.153466e-02 7.383566e+01 1.298796e+02 5.730441e-02 4.738149e-04 
3.497000e+02 1.548250e-02 9.060718e-02 -1.943080e+00 5.203614e+03 1.568704e+03 2.291491e+02  1000  5000 -1.142808e-04     0 4.154749e-02 7.373141e+01 1.298796e+02 5.729569e-02 4.843235e-04 
3.498000e+02 1.564045e-02 9.037699e-02 -1.942800e+00 5.198891e+03 1.556613e+03 2.295803e+02  1000  5000 -9.643412e-05     0 4.156013e-02 7.362630e+01 1.298795e+02 5.728710e-02 4.982994e-04 
3.499000e+02 1.580013e-02 9.014504e-02 -1.942517e+00 5.194172e+03 1.544520e+03 2.300086e+02  1000  5000 -6.530436e-05     0 4.157258e-02 7.352035e+01 1.298795e+02 5.727864e-02 5.133487e-04 
  350 1.595441e-02 8.991130e-02 -1.942228e+00 5.189456e+03 1.532426e+03 2.304339e+02  1000  5000 -2.972862e-05     0 4.158481e-02 7.341355e+01 1.298795e+02 5.727032e-02 5.261269e-04 
3.501000e+02 1.611020e-02 8.967578e-02 -1.941932e+00 5.184744e+03 1.520330e+03 2.308563e+02  1000  5000 -1.577946e-04     0 4.159684e-02 7.330592e+01 1.298795e+02 5.726214e-02 5.361297e-04 
3.502000e+02 1.629024e-02 8.943857e-02 -1.941632e+00 5.180035e+03 1.508233e+03 2.312758e+02  1000  5000 -1.788971e-04     0 4.160869e-02 7.319746e+01 1.298795e+02 5.725408e-02 5.494997e-04 
3.503000e+02 1.648667e-02 8.919971e-02 -1.941331e+00 5.175330e+03 1.496135e+03 2.316923e+02  1000  5000 -1.572409e-04     0 4.162035e-02 7.308819e+01 1.298795e+02 5.724614e-02 5.673503e-04 
3.504000e+02 1.668553e-02 8.895917e-02 -1.941025e+00 5.170629e+03 1.484035e+03 2.321057e+02  1000  5000 -1.186490e-04     0 4.163180e-02 7.297812e+01 1.298795e+02 5.723835e-02 5.866249e-04 
3.505000e+02 1.687748e-02 8.871694e-02 -1.940712e+00 5.165931e+03 1.471933e+03 2.325161e+02  1000  5000 -7.438149e-05     0 4.164303e-02 7.286725e+01 1.298795e+02 5.723069e-02 6.030524e-04 
3.506000e+02 1.707182e-02 8.847302e-02 -1.940390e+00 5.161237e+03 1.459830e+03 2.329235e+02  1000  5000 -2.420416e-04     0 4.165405e-02 7.275560e+01 1.298795e+02 5.722318e-02 6.160281e-04 
3.507000e+02 1.729894e-02 8.822751e-02 -1.940064e+00 5.156547e+03 1.447725e+03 2.333278e+02  1000  5000 -2.710189e-04     0 4.166488e-02 7.264316e+01 1.298796e+02 5.721579e-02 6.335300e-04 
3.508000e+02 1.754833e-02 8.798046e-02 -1.939737e+00 5.151861e+03 1.435618e+03 2.337289e+02  1000  5000 -2.443684e-04     0 4.167551e-02 7.252996e+01 1.298796e+02 5.720853e-02 6.569894e-04 
3.509000e+02 1.780125e-02 8.773185e-02 -1.939405e+00 5.147179e+03 1.423510e+03 2.341270e+02  1000  5000 -1.955931e-04     0 4.168593e-02 7.241601e+01 1.298797e+02 5.720140e-02 6.824041e-04 
  351 1.804516e-02 8.748163e-02 -1.939063e+00 5.142501e+03 1.411400e+03 2.345219e+02  1000  5000 -1.393834e-04     0 4.169610e-02 7.230130e+01 1.298797e+02 5.719443e-02 7.041810e-04 
3.511000e+02 1.829302e-02 8.722980e-02 -1.938710e+00 5.137828e+03 1.399288e+03 2.349136e+02  1000  5000 -3.659070e-04     0 4.170604e-02 7.218585e+01 1.298798e+02 5.718761e-02 7.215973e-04 
3.512000e+02 1.858666e-02 8.697651e-02 -1.938354e+00 5.133159e+03 1.387175e+03 2.353021e+02  1000  5000 -4.071623e-04     0 4.171579e-02 7.206968e+01 1.298799e+02 5.718091e-02 7.453364e-04 
3.513000e+02 1.891155e-02 8.672181e-02 -1.937995e+00 5.128494e+03 1.375060e+03 2.356874e+02  1000  5000 -3.738243e-04     0 4.172535e-02 7.195278e+01 1.298800e+02 5.717434e-02 7.772909e-04 
3.514000e+02 1.924180e-02 8.646565e-02 -1.937631e+00 5.123833e+03 1.362943e+03 2.360695e+02  1000  5000 -3.106751e-04     0 4.173466e-02 7.183518e+01 1.298801e+02 5.716791e-02 8.120509e-04 
3.515000e+02 1.956008e-02 8.620796e-02 -1.937254e+00 5.119177e+03 1.350824e+03 2.364483e+02  1000  5000 -2.374624e-04     0 4.174370e-02 7.171687e+01 1.298802e+02 5.716165e-02 8.420530e-04 
3.516000e+02 1.988520e-02 8.594874e-02 -1.936864e+00 5.114526e+03 1.338703e+03 2.368238e+02  1000  5000 -5.564067e-04     0 4.175248e-02 7.159787e+01 1.298803e+02 5.715554e-02 8.664511e-04 
3.517000e+02 2.027697e-02 8.568818e-02 -1.936470e+00 5.109880e+03 1.326580e+03 2.371961e+02  1000  5000 -6.179612e-04     0 4.176106e-02 7.147819e+01 1.298804e+02 5.714955e-02 9.001389e-04 
3.518000e+02 2.071451e-02 8.542637e-02 -1.936074e+00 5.105238e+03 1.314456e+03 2.375650e+02  1000  5000 -5.754534e-04     0 4.176944e-02 7.135784e+01 1.298805e+02 5.714368e-02 9.457143e-04 
3.519000e+02 2.116067e-02 8.516323e-02 -1.935671e+00 5.100602e+03 1.302329e+03 2.379306e+02  1000  5000 -4.911208e-04     0 4.177755e-02 7.123683e+01 1.298807e+02 5.713797e-02 9.955518e-04 
  352 2.159050e-02 8.489863e-02 -1.935252e+00 5.095971e+03 1.290200e+03 2.382928e+02  1000  5000 -3.925683e-04     0 4.178534e-02 7.111516e+01 1.298808e+02 5.713245e-02 1.038986e-03 
3.521000e+02 2.203290e-02 8.463253e-02 -1.934815e+00 5.091345e+03 1.278069e+03 2.386516e+02  1000  5000 -8.675623e-04     0 4.179280e-02 7.099286e+01 1.298810e+02 5.712709e-02 1.075097e-03 
3.522000e+02 2.257800e-02 8.436528e-02 -1.934374e+00 5.086724e+03 1.265936e+03 2.390070e+02  1000  5000 -9.653743e-04     0 4.180007e-02 7.086992e+01 1.298811e+02 5.712183e-02 1.125826e-03 
3.523000e+02 2.319415e-02 8.409699e-02 -1.933932e+00 5.082109e+03 1.253800e+03 2.393590e+02  1000  5000 -9.099820e-04     0 4.180715e-02 7.074636e+01 1.298813e+02 5.711667e-02 1.194928e-03 
3.524000e+02 2.382510e-02 8.382752e-02 -1.933483e+00 5.077500e+03 1.241662e+03 2.397075e+02  1000  5000 -7.925971e-04     0 4.181390e-02 7.062219e+01 1.298815e+02 5.711169e-02 1.271028e-03 
3.525000e+02 2.443304e-02 8.355661e-02 -1.933011e+00 5.072897e+03 1.229522e+03 2.400526e+02  1000  5000 -6.539146e-04     0 4.182022e-02 7.049742e+01 1.298817e+02 5.710694e-02 1.338196e-03 
3.526000e+02 2.506621e-02 8.328423e-02 -1.932515e+00 5.068299e+03 1.217380e+03 2.403942e+02  1000  5000 -1.420703e-03     0 4.182614e-02 7.037205e+01 1.298819e+02 5.710237e-02 1.395721e-03 
3.527000e+02 2.587091e-02 8.301096e-02 -1.932016e+00 5.063709e+03 1.205235e+03 2.407323e+02  1000  5000 -1.590623e-03     0 4.183186e-02 7.024610e+01 1.298821e+02 5.709780e-02 1.478618e-03 
3.528000e+02 2.679542e-02 8.273703e-02 -1.931521e+00 5.059124e+03 1.193087e+03 2.410669e+02  1000  5000 -1.516822e-03     0 4.183740e-02 7.011959e+01 1.298824e+02 5.709331e-02 1.592750e-03 
3.529000e+02 2.774781e-02 8.246215e-02 -1.931017e+00 5.054547e+03 1.180936e+03 2.413979e+02  1000  5000 -1.343593e-03     0 4.184253e-02 6.999251e+01 1.298826e+02 5.708900e-02 1.719703e-03 
  353 2.866628e-02 8.218579e-02 -1.930481e+00 5.049977e+03 1.168783e+03 2.417253e+02  1000  5000 -1.135699e-03     0 4.184705e-02 6.986488e+01 1.298829e+02 5.708500e-02 1.833639e-03 
3.531000e+02 2.964251e-02 8.190788e-02 -1.929909e+00 5.045413e+03 1.156627e+03 2.420492e+02  1000  5000 -2.539515e-03     0 4.185095e-02 6.973671e+01 1.298832e+02 5.708118e-02 1.935365e-03 
3.532000e+02 3.094367e-02 8.162974e-02 -1.929343e+00 5.040858e+03 1.144468e+03 2.423694e+02  1000  5000 -2.877949e-03     0 4.185473e-02 6.960802e+01 1.298835e+02 5.707708e-02 2.088310e-03 
3.533000e+02 3.247445e-02 8.135185e-02 -1.928794e+00 5.036310e+03 1.132306e+03 2.426861e+02  1000  5000 -2.778668e-03     0 4.185845e-02 6.947880e+01 1.298838e+02 5.707285e-02 2.302855e-03 
3.534000e+02 3.406560e-02 8.107357e-02 -1.928236e+00 5.031771e+03 1.120141e+03 2.429990e+02  1000  5000 -2.499009e-03     0 4.186162e-02 6.934908e+01 1.298841e+02 5.706877e-02 2.545159e-03 
3.535000e+02 3.560331e-02 8.079367e-02 -1.927628e+00 5.027241e+03 1.107972e+03 2.433083e+02  1000  5000 -2.155161e-03     0 4.186377e-02 6.921886e+01 1.298845e+02 5.706516e-02 2.767526e-03 
3.536000e+02 3.730807e-02 8.051206e-02 -1.926968e+00 5.022719e+03 1.095800e+03 2.436139e+02  1000  5000 -5.377486e-03     0 4.186482e-02 6.908816e+01 1.298848e+02 5.706149e-02 2.979728e-03 
3.537000e+02 3.978429e-02 8.023271e-02 -1.926352e+00 5.018207e+03 1.083624e+03 2.439157e+02  1000  5000 -6.234894e-03     0 4.186628e-02 6.895698e+01 1.298852e+02 5.705610e-02 3.326598e-03 
3.538000e+02 4.281388e-02 7.995739e-02 -1.925805e+00 5.013706e+03 1.071444e+03 2.442137e+02  1000  5000 -6.113445e-03     0 4.186858e-02 6.882534e+01 1.298857e+02 5.704935e-02 3.831518e-03 
3.539000e+02 4.600953e-02 7.968432e-02 -1.925267e+00 5.009215e+03 1.059260e+03 2.445079e+02  1000  5000 -5.583407e-03     0 4.187044e-02 6.869326e+01 1.298862e+02 5.704216e-02 4.416446e-03 
  354 4.911068e-02 7.940958e-02 -1.924641e+00 5.004737e+03 1.047071e+03 2.447983e+02  1000  5000 -4.903850e-03     0 4.187046e-02 6.856074e+01 1.298867e+02 5.703567e-02 4.970309e-03 
3.541000e+02 5.306871e-02 7.913518e-02 -1.923968e+00 5.000270e+03 1.034878e+03 2.450847e+02  1000  5000 -1.777321e-02     0 4.186828e-02 6.842780e+01 1.298872e+02 5.702506e-02 5.591213e-03 
3.542000e+02 6.020659e-02 7.888686e-02 -1.923655e+00 4.995818e+03 1.022680e+03 2.453671e+02  1000  5000 -2.163161e-02     0 4.187040e-02 6.829449e+01 1.298879e+02 5.699675e-02 6.866357e-03 
3.543000e+02 6.966919e-02 7.868207e-02 -1.923801e+00 4.991380e+03 1.010476e+03 2.456454e+02  1000  5000 -2.171899e-02     0 4.188781e-02 6.816080e+01 1.298886e+02 5.694916e-02 8.893395e-03 
3.544000e+02 7.993609e-02 7.851653e-02 -1.924160e+00 4.986960e+03 9.982650e+02 2.459193e+02  1000  5000 -2.020778e-02     0 4.191838e-02 6.802677e+01 1.298895e+02 5.688639e-02 1.135995e-02 
3.545000e+02 8.998168e-02 7.836567e-02 -1.924339e+00 4.982559e+03 9.860472e+02 2.461885e+02  5000 10000 -1.808977e-02     0 4.195464e-02 6.789242e+01 1.298905e+02 5.681839e-02 1.381065e-02 
3.546000e+02 1.039781e-01 7.825067e-02 -1.924509e+00 4.978180e+03 9.738214e+02 2.464529e+02  5000 10000 -7.433436e-02     0 4.199102e-02 6.775780e+01 1.298916e+02 5.668554e-02 1.667631e-02 
3.547000e+02 1.320549e-01 7.842332e-02 -1.926399e+00 4.973825e+03 9.615865e+02 2.467116e+02  5000 10000 -9.162113e-02     0 4.211519e-02 6.762296e+01 1.298932e+02 5.628475e-02 2.246614e-02 
3.548000e+02 1.704506e-01 7.913854e-02 -1.930372e+00 4.969502e+03 9.493402e+02 2.469635e+02  5000 10000 -9.262047e-02     0 4.246888e-02 6.748797e+01 1.298953e+02 5.554110e-02 3.156226e-02 
3.549000e+02 2.125087e-01 8.045133e-02 -1.935303e+00 4.965218e+03 9.370798e+02 2.472058e+02  5000 10000 -8.669377e-02     0 4.310683e-02 6.735310e+01 1.298982e+02 5.449527e-02 4.257049e-02 
  355 2.537749e-01 8.212717e-02 -1.939435e+00 4.960980e+03 9.248026e+02 2.474355e+02  5000 10000 -7.811058e-02     0 4.405548e-02 6.721871e+01 1.299018e+02 5.331329e-02 5.349072e-02 
3.551000e+02 2.922581e-01 8.367362e-02 -1.941082e+00 4.956797e+03 9.125061e+02 2.476489e+02  5000 10000 -6.888289e-02     0 4.508001e-02 6.708516e+01 1.299066e+02 5.218551e-02 6.247135e-02 
3.552000e+02 3.275762e-01 8.452081e-02 -1.939047e+00 4.952676e+03 9.001877e+02 2.478424e+02  5000 10000 -5.988814e-02     0 4.572402e-02 6.695283e+01 1.299139e+02 5.126237e-02 6.822007e-02 
3.553000e+02 3.601058e-01 8.423603e-02 -1.932769e+00 4.948624e+03 8.878450e+02 2.480125e+02  5000 10000 -5.142290e-02     0 4.558698e-02 6.682212e+01 1.299256e+02 5.067014e-02 7.015186e-02 
3.554000e+02 3.903896e-01 8.264610e-02 -1.922289e+00 4.944649e+03 8.754753e+02 2.481559e+02  5000 10000 -4.351511e-02     0 4.452357e-02 6.669339e+01 1.299437e+02 5.053293e-02 6.835291e-02 
3.555000e+02 4.188160e-01 7.983257e-02 -1.908119e+00 4.940761e+03 8.630755e+02 2.482694e+02  5000 10000 -3.610380e-02     0 4.263103e-02 6.656699e+01 1.299699e+02 5.095071e-02 6.343091e-02 
3.556000e+02 4.455104e-01 7.605115e-02 -1.891080e+00 4.936969e+03 8.506426e+02 2.483504e+02  5000 10000 -2.913319e-02     0 4.011813e-02 6.644324e+01 1.300048e+02 5.195518e-02 5.631255e-02 
3.557000e+02 4.703614e-01 7.164234e-02 -1.872129e+00 4.933284e+03 8.381733e+02 2.483969e+02  5000 10000 -2.258966e-02     0 3.719041e-02 6.632238e+01 1.300481e+02 5.348790e-02 4.803778e-02 
3.558000e+02 4.931131e-01 6.696697e-02 -1.852207e+00 4.929716e+03 8.256648e+02 2.484077e+02  5000 10000 -1.650353e-02     0 3.400403e-02 6.620462e+01 1.300991e+02 5.541891e-02 3.958600e-02 
3.559000e+02 5.134718e-01 6.236618e-02 -1.832115e+00 4.926278e+03 8.131147e+02 2.483820e+02  5000 10000 -1.093330e-02     0 3.066949e-02 6.609008e+01 1.301564e+02 5.759137e-02 3.175399e-02 
  356 5.311951e-01 5.813378e-02 -1.812441e+00 4.922979e+03 8.005210e+02 2.483196e+02  5000 10000 -5.944317e-03     0 2.726987e-02 6.597884e+01 1.302192e+02 5.986600e-02 2.509098e-02 
3.561000e+02 5.461510e-01 5.449376e-02 -1.793534e+00 4.919830e+03 7.878827e+02 2.482210e+02  5000 10000 -1.589877e-03     0 2.387351e-02 6.587092e+01 1.302866e+02 6.214691e-02 1.988551e-02 
3.562000e+02 5.583446e-01 5.158396e-02 -1.775525e+00 4.916839e+03 7.751992e+02 2.480870e+02  5000 10000 2.101805e-03     0 2.053779e-02 6.576631e+01 1.303579e+02 6.438468e-02 1.619190e-02 
3.563000e+02 5.679177e-01 4.945081e-02 -1.758374e+00 4.914014e+03 7.624706e+02 2.479189e+02  5000 10000 5.133748e-03     0 1.730823e-02 6.566494e+01 1.304325e+02 6.656375e-02 1.388180e-02 
3.564000e+02 5.751271e-01 4.805769e-02 -1.741929e+00 4.911361e+03 7.496977e+02 2.477188e+02  5000 10000 7.540179e-03     0 1.421762e-02 6.556668e+01 1.305099e+02 6.868442e-02 1.270705e-02 
3.565000e+02 5.803112e-01 4.730513e-02 -1.725981e+00 4.908886e+03 7.368816e+02 2.474892e+02  5000 10000 9.381799e-03     0 1.128719e-02 6.547136e+01 1.305893e+02 7.074814e-02 1.236218e-02 
3.566000e+02 5.838506e-01 4.705784e-02 -1.710312e+00 4.906595e+03 7.240240e+02 2.472328e+02  5000 10000 1.073808e-02     0 8.529734e-03 6.537875e+01 1.306702e+02 7.274976e-02 1.253822e-02 
3.567000e+02 5.861300e-01 4.717190e-02 -1.694727e+00 4.904489e+03 7.111266e+02 2.469528e+02  5000 10000 1.169829e-02     0 5.953040e-03 6.528861e+01 1.307518e+02 7.467667e-02 1.296277e-02 
3.568000e+02 5.875063e-01 4.751686e-02 -1.679073e+00 4.902575e+03 6.981919e+02 2.466528e+02  5000 10000 1.235277e-02     0 3.562444e-03 6.520065e+01 1.308334e+02 7.651184e-02 1.342446e-02 
3.569000e+02 5.882852e-01 4.798972e-02 -1.663252e+00 4.900854e+03 6.852222e+02 2.463359e+02  5000 10000 1.278550e-02     0 1.361864e-03 6.511459e+01 1.309144e+02 7.823809e-02 1.378243e-02 
  357 5.887083e-01 4.852036e-02 -1.647211e+00 4.899329e+03 6.722201e+02 2.460056e+02  5000 10000 1.306876e-02     0 -6.463499e-04 6.503015e+01 1.309942e+02 7.984140e-02 1.396367e-02 
3.571000e+02 5.889498e-01 4.907011e-02 -1.630944e+00 4.898003e+03 6.591886e+02 2.456650e+02  5000 10000 1.326008e-02     0 -2.462055e-03 6.494707e+01 1.310724e+02 8.131255e-02 1.395178e-02 
3.572000e+02 5.891213e-01 4.962565e-02 -1.614476e+00 4.896878e+03 6.461307e+02 2.453169e+02  5000 10000 1.340141e-02     0 -4.087775e-03 6.486509e+01 1.311484e+02 8.264731e-02 1.377122e-02 
3.573000e+02 5.892818e-01 5.019097e-02 -1.597853e+00 4.895957e+03 6.330494e+02 2.449640e+02  5000 10000 1.352013e-02     0 -5.528671e-03 6.478400e+01 1.312220e+02 8.384566e-02 1.347039e-02 
3.574000e+02 5.894508e-01 5.077919e-02 -1.581129e+00 4.895242e+03 6.199480e+02 2.446086e+02  5000 10000 1.363136e-02     0 -6.792038e-03 6.470360e+01 1.312929e+02 8.491073e-02 1.310646e-02 
3.575000e+02 5.896226e-01 5.140568e-02 -1.564357e+00 4.894735e+03 6.068301e+02 2.442528e+02  5000 10000 1.374094e-02     0 -7.886574e-03 6.462372e+01 1.313609e+02 8.584777e-02 1.273346e-02 
3.576000e+02 5.897782e-01 5.208309e-02 -1.547584e+00 4.894438e+03 5.936990e+02 2.438986e+02  5000 10000 1.384858e-02     0 -8.821669e-03 6.454419e+01 1.314257e+02 8.666325e-02 1.239444e-02 
3.577000e+02 5.898954e-01 5.281830e-02 -1.530843e+00 4.894351e+03 5.805584e+02 2.435475e+02  5000 10000 1.395071e-02     0 -9.606889e-03 6.446490e+01 1.314873e+02 8.736425e-02 1.211770e-02 
3.578000e+02 5.899555e-01 5.361143e-02 -1.514157e+00 4.894477e+03 5.674121e+02 2.432010e+02  5000 10000 1.404279e-02     0 -1.025169e-02 6.438570e+01 1.315454e+02 8.795798e-02 1.191637e-02 
3.579000e+02 5.899474e-01 5.445611e-02 -1.497536e+00 4.894816e+03 5.542637e+02 2.428604e+02  5000 10000 1.412093e-02     0 -1.076535e-02 6.430651e+01 1.316000e+02 8.845152e-02 1.179040e-02 
  358 5.898684e-01 5.534088e-02 -1.480980e+00 4.895369e+03 5.411171e+02 2.425268e+02  5000 10000 1.418276e-02     0 -1.115693e-02 6.422723e+01 1.316511e+02 8.885165e-02 1.173004e-02 
3.581000e+02 5.897237e-01 5.625107e-02 -1.464485e+00 4.896137e+03 5.279762e+02 2.422012e+02  5000 10000 1.422778e-02     0 -1.143541e-02 6.414778e+01 1.316986e+02 8.916479e-02 1.171982e-02 
3.582000e+02 5.895241e-01 5.717081e-02 -1.448043e+00 4.897119e+03 5.148448e+02 2.418844e+02  5000 10000 1.425720e-02     0 -1.160969e-02 6.406809e+01 1.317424e+02 8.939712e-02 1.174221e-02 
3.583000e+02 5.892836e-01 5.808471e-02 -1.431643e+00 4.898317e+03 5.017268e+02 2.415772e+02  5000 10000 1.427353e-02     0 -1.168865e-02 6.398810e+01 1.317827e+02 8.955461e-02 1.178061e-02 
3.584000e+02 5.890170e-01 5.897921e-02 -1.415279e+00 4.899730e+03 4.886261e+02 2.412800e+02  5000 10000 1.427997e-02     0 -1.168109e-02 6.390777e+01 1.318194e+02 8.964316e-02 1.182139e-02 
3.585000e+02 5.887380e-01 5.984337e-02 -1.398944e+00 4.901357e+03 4.755466e+02 2.409932e+02  5000 10000 1.427995e-02     0 -1.159574e-02 6.382705e+01 1.318526e+02 8.966864e-02 1.185489e-02 
3.586000e+02 5.884575e-01 6.066915e-02 -1.382636e+00 4.903199e+03 4.624922e+02 2.407172e+02  5000 10000 1.427659e-02     0 -1.144118e-02 6.374592e+01 1.318824e+02 8.963696e-02 1.187563e-02 
3.587000e+02 5.881831e-01 6.145132e-02 -1.366354e+00 4.905255e+03 4.494666e+02 2.404522e+02  5000 10000 1.427243e-02     0 -1.122575e-02 6.366436e+01 1.319088e+02 8.955401e-02 1.188180e-02 
3.588000e+02 5.879192e-01 6.218704e-02 -1.350099e+00 4.907524e+03 4.364737e+02 2.401981e+02  5000 10000 1.426929e-02     0 -1.095751e-02 6.358236e+01 1.319320e+02 8.942565e-02 1.187447e-02 
3.589000e+02 5.876671e-01 6.287531e-02 -1.333874e+00 4.910005e+03 4.235173e+02 2.399550e+02  5000 10000 1.426818e-02     0 -1.064410e-02 6.349992e+01 1.319521e+02 8.925764e-02 1.185651e-02 
  359 5.874258e-01 6.351641e-02 -1.317682e+00 4.912698e+03 4.106011e+02 2.397226e+02  5000 10000 1.426946e-02     0 -1.029274e-02 6.341706e+01 1.319693e+02 8.905550e-02 1.183165e-02 
3.591000e+02 5.871931e-01 6.411136e-02 -1.301526e+00 4.915601e+03 3.977288e+02 2.395009e+02  5000 10000 1.427297e-02     0 -9.910154e-03 6.333377e+01 1.319835e+02 8.882454e-02 1.180370e-02 
3.592000e+02 5.869658e-01 6.466147e-02 -1.285409e+00 4.918713e+03 3.849039e+02 2.392894e+02  5000 10000 1.427819e-02     0 -9.502525e-03 6.325009e+01 1.319951e+02 8.856970e-02 1.177593e-02 
3.593000e+02 5.867408e-01 6.516809e-02 -1.269333e+00 4.922034e+03 3.721302e+02 2.390879e+02  5000 10000 1.428444e-02     0 -9.075519e-03 6.316603e+01 1.320042e+02 8.829558e-02 1.175074e-02 
3.594000e+02 5.865153e-01 6.563242e-02 -1.253298e+00 4.925561e+03 3.594111e+02 2.388959e+02  5000 10000 1.429100e-02     0 -8.634270e-03 6.308162e+01 1.320108e+02 8.800637e-02 1.172961e-02 
3.595000e+02 5.862875e-01 6.605546e-02 -1.237304e+00 4.929294e+03 3.467500e+02 2.387131e+02  5000 10000 1.429726e-02     0 -8.183408e-03 6.299690e+01 1.320152e+02 8.770588e-02 1.171309e-02 
3.596000e+02 5.860558e-01 6.643802e-02 -1.221352e+00 4.933232e+03 3.341505e+02 2.385388e+02  5000 10000 1.430273e-02     0 -7.727084e-03 6.291188e+01 1.320175e+02 8.739753e-02 1.170103e-02 
3.597000e+02 5.858198e-01 6.678084e-02 -1.205439e+00 4.937371e+03 3.216158e+02 2.383728e+02  5000 10000 1.430712e-02     0 -7.269005e-03 6.282662e+01 1.320178e+02 8.708438e-02 1.169280e-02 
3.598000e+02 5.855795e-01 6.708462e-02 -1.189564e+00 4.941712e+03 3.091492e+02 2.382144e+02  5000 10000 1.431026e-02     0 -6.812463e-03 6.274115e+01 1.320163e+02 8.676914e-02 1.168749e-02 
3.599000e+02 5.853352e-01 6.735014e-02 -1.173726e+00 4.946252e+03 2.967541e+02 2.380631e+02  5000 10000 1.431216e-02     0 -6.360373e-03 6.265549e+01 1.320132e+02 8.645423e-02 1.168415e-02 
  360 5.850876e-01 6.757834e-02 -1.157922e+00 4.950990e+03 2.844336e+02 2.379185e+02  5000 10000 1.431289e-02     0 -5.915297e-03 6.256969e+01 1.320084e+02 8.614178e-02 1.168194e-02 
3.601000e+02 5.848374e-01 6.777033e-02 -1.142151e+00 4.955924e+03 2.721907e+02 2.377799e+02  5000 10000 1.431259e-02     0 -5.479473e-03 6.248380e+01 1.320023e+02 8.583365e-02 1.168018e-02 
3.602000e+02 5.845852e-01 6.792743e-02 -1.126411e+00 4.961053e+03 2.600287e+02 2.376469e+02  5000 10000 1.431142e-02     0 -5.054839e-03 6.239783e+01 1.319949e+02 8.553149e-02 1.167842e-02 
3.603000e+02 5.843316e-01 6.805112e-02 -1.110701e+00 4.966373e+03 2.479504e+02 2.375189e+02  5000 10000 1.430952e-02     0 -4.643054e-03 6.231184e+01 1.319863e+02 8.523671e-02 1.167645e-02 
3.604000e+02 5.840770e-01 6.814307e-02 -1.095018e+00 4.971885e+03 2.359590e+02 2.373955e+02  5000 10000 1.430701e-02     0 -4.245512e-03 6.222585e+01 1.319766e+02 8.495056e-02 1.167421e-02 
3.605000e+02 5.838215e-01 6.820505e-02 -1.079363e+00 4.977585e+03 2.240572e+02 2.372761e+02  5000 10000 1.430398e-02     0 -3.863367e-03 6.213991e+01 1.319661e+02 8.467408e-02 1.167180e-02 
3.606000e+02 5.835652e-01 6.823890e-02 -1.063734e+00 4.983473e+03 2.122480e+02 2.371602e+02  5000 10000 1.430048e-02     0 -3.497544e-03 6.205405e+01 1.319547e+02 8.440813e-02 1.166937e-02 
3.607000e+02 5.833083e-01 6.824650e-02 -1.048130e+00 4.989545e+03 2.005341e+02 2.370473e+02  5000 10000 1.429653e-02     0 -3.148758e-03 6.196831e+01 1.319426e+02 8.415342e-02 1.166710e-02 
3.608000e+02 5.830505e-01 6.822971e-02 -1.032549e+00 4.995801e+03 1.889185e+02 2.369370e+02  5000 10000 1.429214e-02     0 -2.817531e-03 6.188271e+01 1.319298e+02 8.391052e-02 1.166518e-02 
3.609000e+02 5.827920e-01 6.819037e-02 -1.016991e+00 5.002237e+03 1.774037e+02 2.368289e+02  5000 10000 1.428730e-02     0 -2.504206e-03 6.179730e+01 1.319165e+02 8.367984e-02 1.166372e-02 
  361 5.825325e-01 6.813025e-02 -1.001454e+00 5.008853e+03 1.659924e+02 2.367225e+02  5000 10000 1.428199e-02     0 -2.208966e-03 6.171210e+01 1.319028e+02 8.346168e-02 1.166280e-02 
3.611000e+02 5.822722e-01 6.805107e-02 -9.859376e-01 5.015646e+03 1.546874e+02 2.366173e+02  5000 10000 1.427622e-02     0 -1.931848e-03 6.162714e+01 1.318886e+02 8.325620e-02 1.166244e-02 
3.612000e+02 5.820110e-01 6.795448e-02 -9.704402e-01 5.022615e+03 1.434912e+02 2.365132e+02  5000 10000 1.426997e-02     0 -1.672762e-03 6.154245e+01 1.318742e+02 8.306346e-02 1.166262e-02 
3.613000e+02 5.817491e-01 6.784202e-02 -9.549607e-01 5.029756e+03 1.324063e+02 2.364095e+02  5000 10000 1.426327e-02     0 -1.431503e-03 6.145806e+01 1.318595e+02 8.288343e-02 1.166330e-02 
3.614000e+02 5.814865e-01 6.771522e-02 -9.394982e-01 5.037069e+03 1.214354e+02 2.363061e+02  5000 10000 1.425612e-02     0 -1.207765e-03 6.137400e+01 1.318447e+02 8.271601e-02 1.166438e-02 
3.615000e+02 5.812233e-01 6.757548e-02 -9.240515e-01 5.044550e+03 1.105808e+02 2.362026e+02  5000 10000 1.424855e-02     0 -1.001158e-03 6.129028e+01 1.318297e+02 8.256098e-02 1.166579e-02 
3.616000e+02 5.809598e-01 6.742418e-02 -9.086197e-01 5.052199e+03 9.984503e+01 2.360987e+02  5000 10000 1.424060e-02     0 -8.112185e-04 6.120693e+01 1.318146e+02 8.241810e-02 1.166745e-02 
3.617000e+02 5.806961e-01 6.726262e-02 -8.932018e-01 5.060012e+03 8.923050e+01 2.359941e+02  5000 10000 1.423229e-02     0 -6.374195e-04 6.112397e+01 1.317996e+02 8.228706e-02 1.166929e-02 
3.618000e+02 5.804323e-01 6.709202e-02 -8.777970e-01 5.067988e+03 7.873956e+01 2.358886e+02  5000 10000 1.422368e-02     0 -4.791840e-04 6.104143e+01 1.317845e+02 8.216749e-02 1.167126e-02 
3.619000e+02 5.801686e-01 6.691357e-02 -8.624043e-01 5.076125e+03 6.837457e+01 2.357819e+02  5000 10000 1.421478e-02     0 -3.358925e-04 6.095932e+01 1.317695e+02 8.205901e-02 1.167331e-02 
  362 5.799050e-01 6.672838e-02 -8.470230e-01 5.084420e+03 5.813782e+01 2.356738e+02  5000 10000 1.420563e-02     0 -2.068926e-04 6.087766e+01 1.317546e+02 8.196119e-02 1.167542e-02 
3.621000e+02 5.796417e-01 6.653750e-02 -8.316524e-01 5.092871e+03 4.803159e+01 2.355642e+02  5000 10000 1.419627e-02     0 -9.150705e-05 6.079646e+01 1.317398e+02 8.187356e-02 1.167757e-02 
3.622000e+02 5.793788e-01 6.634190e-02 -8.162918e-01 5.101476e+03 3.805812e+01 2.354528e+02  5000 10000 1.418672e-02     0 1.095962e-05 6.071575e+01 1.317252e+02 8.179567e-02 1.167975e-02 
3.623000e+02 5.791164e-01 6.614251e-02 -8.009407e-01 5.110233e+03 2.821960e+01 2.353394e+02  5000 10000 1.417700e-02     0 1.012140e-04 6.063552e+01 1.317107e+02 8.172701e-02 1.168196e-02 
3.624000e+02 5.788545e-01 6.594018e-02 -7.855985e-01 5.119139e+03 1.851822e+01 2.352241e+02  5000 10000 1.416713e-02     0 1.799681e-04 6.055581e+01 1.316964e+02 8.166711e-02 1.168420e-02 
3.625000e+02 5.785932e-01 6.573569e-02 -7.702646e-01 5.128193e+03 8.956113e+00 2.351065e+02  5000 10000 1.415714e-02     0 2.479340e-04 6.047661e+01 1.316823e+02 8.161546e-02 1.168646e-02 
3.626000e+02 5.783326e-01 6.552977e-02 -7.549386e-01 5.137392e+03 -4.646214e-01 2.349866e+02  5000 10000 1.414703e-02     0 3.058189e-04 6.039795e+01 1.316684e+02 8.157155e-02 1.168874e-02 
3.627000e+02 5.780727e-01 6.532307e-02 -7.396200e-01 5.146733e+03 -9.741906e+00 2.348644e+02  5000 10000 1.413684e-02     0 3.543210e-04 6.031983e+01 1.316547e+02 8.153489e-02 1.169104e-02 
3.628000e+02 5.778136e-01 6.511619e-02 -7.243085e-01 5.156215e+03 -1.887370e+01 2.347396e+02  5000 10000 1.412656e-02     0 3.941258e-04 6.024225e+01 1.316413e+02 8.150497e-02 1.169334e-02 
3.629000e+02 5.775553e-01 6.490967e-02 -7.090038e-01 5.165835e+03 -2.785800e+01 2.346123e+02  5000 10000 1.411622e-02     0 4.259023e-04 6.016523e+01 1.316281e+02 8.148133e-02 1.169564e-02 
  363 5.772979e-01 6.470400e-02 -6.937053e-01 5.175590e+03 -3.669282e+01 2.344825e+02  5000 10000 1.410583e-02     0 4.503008e-04 6.008878e+01 1.316152e+02 8.146347e-02 1.169793e-02 
3.631000e+02 5.770415e-01 6.449960e-02 -6.784130e-01 5.185479e+03 -4.537624e+01 2.343499e+02  5000 10000 1.409541e-02     0 4.679500e-04 6.001290e+01 1.316025e+02 8.145094e-02 1.170019e-02 
3.632000e+02 5.767860e-01 6.429687e-02 -6.631265e-01 5.195498e+03 -5.390634e+01 2.342147e+02  5000 10000 1.408496e-02     0 4.794553e-04 5.993760e+01 1.315901e+02 8.144329e-02 1.170242e-02 
3.633000e+02 5.765316e-01 6.409614e-02 -6.478455e-01 5.205646e+03 -6.228125e+01 2.340768e+02  5000 10000 1.407451e-02     0 4.853969e-04 5.986288e+01 1.315779e+02 8.144008e-02 1.170461e-02 
3.634000e+02 5.762782e-01 6.389769e-02 -6.325700e-01 5.215920e+03 -7.049913e+01 2.339361e+02  5000 10000 1.406405e-02     0 4.863289e-04 5.978875e+01 1.315659e+02 8.144090e-02 1.170676e-02 
3.635000e+02 5.760259e-01 6.370180e-02 -6.172997e-01 5.226318e+03 -7.855818e+01 2.337927e+02  5000 10000 1.405361e-02     0 4.827779e-04 5.971521e+01 1.315542e+02 8.144535e-02 1.170885e-02 
3.636000e+02 5.757748e-01 6.350867e-02 -6.020345e-01 5.236836e+03 -8.645664e+01 2.336465e+02  5000 10000 1.404319e-02     0 4.752429e-04 5.964227e+01 1.315428e+02 8.145305e-02 1.171089e-02 
3.637000e+02 5.755249e-01 6.331848e-02 -5.867742e-01 5.247473e+03 -9.419276e+01 2.334977e+02  5000 10000 1.403281e-02     0 4.641943e-04 5.956994e+01 1.315315e+02 8.146365e-02 1.171287e-02 
3.638000e+02 5.752761e-01 6.313140e-02 -5.715188e-01 5.258227e+03 -1.017649e+02 2.333461e+02  5000 10000 1.402246e-02     0 4.500745e-04 5.949820e+01 1.315205e+02 8.147681e-02 1.171479e-02 
3.639000e+02 5.750286e-01 6.294753e-02 -5.562681e-01 5.269093e+03 -1.091713e+02 2.331917e+02  5000 10000 1.401217e-02     0 4.332973e-04 5.942708e+01 1.315098e+02 8.149221e-02 1.171665e-02 
  364 5.747823e-01 6.276697e-02 -5.410222e-01 5.280070e+03 -1.164104e+02 2.330347e+02  5000 10000 1.400192e-02     0 4.142484e-04 5.935656e+01 1.314992e+02 8.150954e-02 1.171845e-02 
3.641000e+02 5.745372e-01 6.258980e-02 -5.257809e-01 5.291156e+03 -1.234806e+02 2.328751e+02  5000 10000 1.399174e-02     0 3.932863e-04 5.928666e+01 1.314889e+02 8.152853e-02 1.172019e-02 
3.642000e+02 5.742934e-01 6.241605e-02 -5.105442e-01 5.302347e+03 -1.303804e+02 2.327128e+02  5000 10000 1.398162e-02     0 3.707419e-04 5.921737e+01 1.314787e+02 8.154893e-02 1.172186e-02 
3.643000e+02 5.740509e-01 6.224576e-02 -4.953122e-01 5.313641e+03 -1.371082e+02 2.325479e+02  5000 10000 1.397158e-02     0 3.469202e-04 5.914870e+01 1.314688e+02 8.157048e-02 1.172348e-02 
3.644000e+02 5.738096e-01 6.207893e-02 -4.800847e-01 5.325036e+03 -1.436627e+02 2.323804e+02  5000 10000 1.396160e-02     0 3.221005e-04 5.908065e+01 1.314590e+02 8.159298e-02 1.172504e-02 
3.645000e+02 5.735697e-01 6.191555e-02 -4.648619e-01 5.336528e+03 -1.500423e+02 2.322104e+02  5000 10000 1.395171e-02     0 2.965373e-04 5.901322e+01 1.314494e+02 8.161621e-02 1.172653e-02 
3.646000e+02 5.733310e-01 6.175561e-02 -4.496437e-01 5.348115e+03 -1.562456e+02 2.320379e+02  5000 10000 1.394189e-02     0 2.704617e-04 5.894641e+01 1.314400e+02 8.163999e-02 1.172797e-02 
3.647000e+02 5.730936e-01 6.159906e-02 -4.344302e-01 5.359795e+03 -1.622714e+02 2.318630e+02  5000 10000 1.393216e-02     0 2.440818e-04 5.888022e+01 1.314307e+02 8.166416e-02 1.172935e-02 
3.648000e+02 5.728576e-01 6.144586e-02 -4.192213e-01 5.371564e+03 -1.681183e+02 2.316856e+02  5000 10000 1.392251e-02     0 2.175844e-04 5.881466e+01 1.314216e+02 8.168855e-02 1.173067e-02 
3.649000e+02 5.726228e-01 6.129595e-02 -4.040172e-01 5.383419e+03 -1.737850e+02 2.315059e+02  5000 10000 1.391295e-02     0 1.911355e-04 5.874973e+01 1.314127e+02 8.171304e-02 1.173194e-02 
  365 5.723893e-01 6.114928e-02 -3.888179e-01 5.395359e+03 -1.792704e+02 2.313239e+02  5000 10000 1.390347e-02     0 1.648821e-04 5.868542e+01 1.314039e+02 8.173750e-02 1.173315e-02 
3.651000e+02 5.721571e-01 6.100578e-02 -3.736234e-01 5.407380e+03 -1.845732e+02 2.311396e+02  5000 10000 1.389408e-02     0 1.389524e-04 5.862175e+01 1.313952e+02 8.176182e-02 1.173431e-02 
3.652000e+02 5.719262e-01 6.086536e-02 -3.584339e-01 5.419479e+03 -1.896923e+02 2.309531e+02  5000 10000 1.388479e-02     0 1.134581e-04 5.855870e+01 1.313866e+02 8.178591e-02 1.173541e-02 
3.653000e+02 5.716966e-01 6.072795e-02 -3.432494e-01 5.431654e+03 -1.946265e+02 2.307643e+02  5000 10000 1.387558e-02     0 8.849447e-05 5.849628e+01 1.313782e+02 8.180968e-02 1.173647e-02 
3.654000e+02 5.714683e-01 6.059348e-02 -3.280700e-01 5.443902e+03 -1.993750e+02 2.305735e+02  5000 10000 1.386646e-02     0 6.414206e-05 5.843450e+01 1.313699e+02 8.183307e-02 1.173748e-02 
3.655000e+02 5.712412e-01 6.046185e-02 -3.128958e-01 5.456219e+03 -2.039365e+02 2.303805e+02  5000 10000 1.385743e-02     0 4.046767e-05 5.837335e+01 1.313617e+02 8.185602e-02 1.173844e-02 
3.656000e+02 5.710154e-01 6.033298e-02 -2.977270e-01 5.468604e+03 -2.083102e+02 2.301855e+02  5000 10000 1.384849e-02     0 1.752538e-05 5.831283e+01 1.313536e+02 8.187847e-02 1.173935e-02 
3.657000e+02 5.707909e-01 6.020679e-02 -2.825637e-01 5.481052e+03 -2.124951e+02 2.299884e+02  5000 10000 1.383964e-02     0 -4.642386e-06 5.825296e+01 1.313455e+02 8.190038e-02 1.174022e-02 
3.658000e+02 5.705676e-01 6.008319e-02 -2.674061e-01 5.493562e+03 -2.164904e+02 2.297894e+02  5000 10000 1.383088e-02     0 -2.600384e-05 5.819372e+01 1.313376e+02 8.192172e-02 1.174105e-02 
3.659000e+02 5.703455e-01 5.996210e-02 -2.522543e-01 5.506131e+03 -2.202952e+02 2.295885e+02  5000 10000 1.382220e-02     0 -4.653689e-05 5.813511e+01 1.313298e+02 8.194246e-02 1.174183e-02 
  366 5.701247e-01 5.984344e-02 -2.371087e-01 5.518755e+03 -2.239088e+02 2.293856e+02  5000 10000 1.381361e-02     0 -6.622816e-05 5.807715e+01 1.313220e+02 8.196260e-02 1.174258e-02 
3.661000e+02 5.699051e-01 5.972712e-02 -2.219696e-01 5.531431e+03 -2.273303e+02 2.291810e+02  5000 10000 1.380511e-02     0 -8.507216e-05 5.801983e+01 1.313143e+02 8.198210e-02 1.174329e-02 
3.662000e+02 5.696867e-01 5.961307e-02 -2.068373e-01 5.544157e+03 -2.305590e+02 2.289745e+02  5000 10000 1.379669e-02     0 -1.030704e-04 5.796316e+01 1.313067e+02 8.200098e-02 1.174397e-02 
3.663000e+02 5.694695e-01 5.950121e-02 -1.917124e-01 5.556930e+03 -2.335944e+02 2.287662e+02  5000 10000 1.378835e-02     0 -1.202306e-04 5.790713e+01 1.312992e+02 8.201923e-02 1.174461e-02 
3.664000e+02 5.692535e-01 5.939147e-02 -1.765955e-01 5.569747e+03 -2.364358e+02 2.285561e+02  5000 10000 1.378010e-02     0 -1.365659e-04 5.785174e+01 1.312917e+02 8.203686e-02 1.174522e-02 
3.665000e+02 5.690387e-01 5.928378e-02 -1.614877e-01 5.582604e+03 -2.390826e+02 2.283444e+02  5000 10000 1.377193e-02     0 -1.520943e-04 5.779700e+01 1.312843e+02 8.205387e-02 1.174579e-02 
3.666000e+02 5.688251e-01 5.917807e-02 -1.463901e-01 5.595499e+03 -2.415342e+02 2.281310e+02  5000 10000 1.376384e-02     0 -1.668378e-04 5.774292e+01 1.312769e+02 8.207027e-02 1.174633e-02 
3.667000e+02 5.686126e-01 5.907427e-02 -1.313047e-01 5.608429e+03 -2.437904e+02 2.279160e+02  5000 10000 1.375582e-02     0 -1.808218e-04 5.768948e+01 1.312696e+02 8.208608e-02 1.174685e-02 
3.668000e+02 5.684013e-01 5.897234e-02 -1.162344e-01 5.621391e+03 -2.458505e+02 2.276993e+02  5000 10000 1.374789e-02     0 -1.940748e-04 5.763669e+01 1.312623e+02 8.210131e-02 1.174734e-02 
3.669000e+02 5.681912e-01 5.887221e-02 -1.011837e-01 5.634382e+03 -2.477142e+02 2.274811e+02  5000 10000 1.374003e-02     0 -2.066275e-04 5.758456e+01 1.312551e+02 8.211599e-02 1.174780e-02 
  367 5.679822e-01 5.877383e-02 -8.616027e-02 5.647399e+03 -2.493812e+02 2.272613e+02  5000 10000 1.373224e-02     0 -2.185124e-04 5.753309e+01 1.312480e+02 8.213014e-02 1.174823e-02 
3.671000e+02 5.677743e-01 5.867715e-02 -7.117844e-02 5.660439e+03 -2.508511e+02 2.270400e+02  5000 10000 1.372454e-02     0 -2.297638e-04 5.748227e+01 1.312409e+02 8.214378e-02 1.174864e-02 
3.672000e+02 5.675675e-01 5.858213e-02 -5.626747e-02 5.673499e+03 -2.521238e+02 2.268172e+02  5000 10000 1.371690e-02     0 -2.404166e-04 5.743211e+01 1.312338e+02 8.215693e-02 1.174902e-02 
3.673000e+02 5.673618e-01 5.848871e-02 -4.149847e-02 5.686576e+03 -2.531989e+02 2.265930e+02  5000 10000 1.370933e-02     0 -2.505065e-04 5.738261e+01 1.312268e+02 8.216962e-02 1.174938e-02 
3.674000e+02 5.671573e-01 5.839688e-02 -2.709641e-02 5.699667e+03 -2.540764e+02 2.263673e+02  5000 10000 1.370184e-02     0 -2.600697e-04 5.733378e+01 1.312198e+02 8.218187e-02 1.174971e-02 
3.675000e+02 5.669538e-01 5.830658e-02 -1.420797e-02 5.712768e+03 -2.547562e+02 2.261402e+02  5000 10000 1.369442e-02     0 -2.691421e-04 5.728560e+01 1.312128e+02 8.219371e-02 1.175003e-02 
3.676000e+02 5.667514e-01 5.821779e-02 1.116410e-02 5.725878e+03 -2.552380e+02 2.259118e+02  5000 10000 1.368706e-02     0 -2.777598e-04 5.723810e+01 1.312059e+02 8.220516e-02 1.175032e-02 
3.677000e+02 5.665502e-01 5.813047e-02 2.240738e-02 5.738993e+03 -2.555221e+02 2.256819e+02  5000 10000 1.367978e-02     0 -2.859580e-04 5.719126e+01 1.311991e+02 8.221626e-02 1.175059e-02 
3.678000e+02 5.663499e-01 5.804461e-02 3.652111e-02 5.752111e+03 -2.556082e+02 2.254508e+02  5000 10000 1.367256e-02     0 -2.937714e-04 5.714509e+01 1.311922e+02 8.222702e-02 1.175084e-02 
3.679000e+02 5.661508e-01 5.796018e-02 5.117915e-02 5.765227e+03 -2.554966e+02 2.252183e+02  5000 10000 1.366540e-02     0 -3.012340e-04 5.709959e+01 1.311854e+02 8.223747e-02 1.175107e-02 
  368 5.659527e-01 5.787715e-02 6.601668e-02 5.778339e+03 -2.551873e+02 2.249845e+02  5000 10000 1.365832e-02     0 -3.083785e-04 5.705477e+01 1.311787e+02 8.224763e-02 1.175128e-02 
3.681000e+02 5.654165e-01 5.777553e-02 8.096601e-02 5.791445e+03 -2.546805e+02 2.247495e+02  5000 10000 1.786521e-02     0 -3.188854e-04 5.701062e+01 1.311719e+02 8.226166e-02 1.168343e-02 
3.682000e+02 5.637689e-01 5.758427e-02 9.610237e-02 5.804540e+03 -2.539764e+02 2.245133e+02  5000 10000 1.926044e-02     0 -3.482921e-04 5.696714e+01 1.311652e+02 8.228993e-02 1.132945e-02 
3.683000e+02 5.613095e-01 5.729011e-02 1.114440e-01 5.817623e+03 -2.530757e+02 2.242762e+02  5000 10000 1.946535e-02     0 -3.848165e-04 5.692431e+01 1.311585e+02 8.233191e-02 1.065856e-02 
3.684000e+02 5.585479e-01 5.694095e-02 1.269138e-01 5.830691e+03 -2.519791e+02 2.240385e+02  5000 10000 1.915617e-02     0 -4.003228e-04 5.688211e+01 1.311516e+02 8.238201e-02 9.788018e-03 
3.685000e+02 5.558241e-01 5.660818e-02 1.423855e-01 5.843739e+03 -2.506873e+02 2.238007e+02  5000 10000 1.864625e-02     0 -3.820156e-04 5.684049e+01 1.311444e+02 8.243125e-02 8.886312e-03 
3.686000e+02 5.527654e-01 5.632883e-02 1.577809e-01 5.856767e+03 -2.492013e+02 2.235632e+02  5000 10000 2.461256e-02     0 -3.373148e-04 5.679941e+01 1.311369e+02 8.247442e-02 8.005935e-03 
3.687000e+02 5.482005e-01 5.604493e-02 1.731786e-01 5.869770e+03 -2.475220e+02 2.233264e+02  5000 10000 2.623649e-02     0 -2.913917e-04 5.675884e+01 1.311290e+02 8.251545e-02 6.921796e-03 
3.688000e+02 5.425594e-01 5.576219e-02 1.885773e-01 5.882746e+03 -2.456509e+02 2.230911e+02  5000 10000 2.605095e-02     0 -2.214536e-04 5.671871e+01 1.311205e+02 8.255120e-02 5.640839e-03 
3.689000e+02 5.365826e-01 5.555096e-02 2.038593e-01 5.895692e+03 -2.435898e+02 2.228581e+02  5000 10000 2.510406e-02     0 -8.262210e-05 5.667895e+01 1.311112e+02 8.257510e-02 4.343977e-03 
  369 5.307596e-01 5.549228e-02 2.188609e-01 5.908606e+03 -2.413407e+02 2.226282e+02  5000 10000 2.387477e-02     0 1.392047e-04 5.663945e+01 1.311010e+02 8.257527e-02 3.248359e-03 
3.691000e+02 5.247817e-01 5.561598e-02 2.334875e-01 5.921485e+03 -2.389054e+02 2.224024e+02  5000 10000 2.916519e-02     0 4.283335e-04 5.660014e+01 1.310896e+02 8.253990e-02 2.421893e-03 
3.692000e+02 5.174892e-01 5.584588e-02 2.478348e-01 5.934327e+03 -2.362864e+02 2.221814e+02  5000 10000 3.010790e-02     0 7.575052e-04 5.656093e+01 1.310769e+02 8.246592e-02 1.618482e-03 
3.693000e+02 5.093167e-01 5.615600e-02 2.619388e-01 5.947130e+03 -2.334864e+02 2.219663e+02  5000 10000 2.926817e-02     0 1.148876e-03 5.652172e+01 1.310627e+02 8.235477e-02 7.982591e-04 
3.694000e+02 5.010099e-01 5.657351e-02 2.757325e-01 5.959891e+03 -2.305083e+02 2.217581e+02  5000 10000 2.770691e-02     0 1.638956e-03 5.648240e+01 1.310470e+02 8.220485e-02 8.029787e-05 
3.695000e+02 4.930657e-01 5.713286e-02 2.891084e-01 5.972608e+03 -2.273556e+02 2.215579e+02  5000 10000 2.590897e-02     0 2.230928e-03 5.644285e+01 1.310294e+02 8.200732e-02 -3.841364e-04 
3.696000e+02 4.852295e-01 5.782648e-02 3.020241e-01 5.985280e+03 -2.240313e+02 2.213666e+02  5000 10000 3.013361e-02     0 2.903307e-03 5.640298e+01 1.310100e+02 8.175170e-02 -5.782598e-04 
3.697000e+02 4.764531e-01 5.856185e-02 3.146137e-01 5.997904e+03 -2.205390e+02 2.211850e+02  5000 10000 3.042807e-02     0 3.630404e-03 5.636270e+01 1.309886e+02 8.143614e-02 -7.667048e-04 
3.698000e+02 4.671377e-01 5.929606e-02 3.269479e-01 6.010480e+03 -2.168825e+02 2.210138e+02  5000 10000 2.914988e-02     0 4.426436e-03 5.632192e+01 1.309651e+02 8.106752e-02 -1.017285e-03 
3.699000e+02 4.579606e-01 6.003762e-02 3.389925e-01 6.023005e+03 -2.130656e+02 2.208538e+02  5000 10000 2.727341e-02     0 5.313026e-03 5.628055e+01 1.309396e+02 8.064919e-02 -1.242530e-03 
  370 4.493643e-01 6.080789e-02 3.506679e-01 6.035480e+03 -2.090925e+02 2.207055e+02  5000 10000 2.524227e-02     0 6.284065e-03 5.623851e+01 1.309119e+02 8.017787e-02 -1.315174e-03 
3.701000e+02 4.411205e-01 6.160035e-02 3.619447e-01 6.047901e+03 -2.049669e+02 2.205694e+02  5000 10000 2.851524e-02     0 7.315668e-03 5.619576e+01 1.308820e+02 7.964937e-02 -1.216572e-03 
3.702000e+02 4.322990e-01 6.234499e-02 3.729470e-01 6.060270e+03 -2.006928e+02 2.204457e+02  5000 10000 2.842560e-02     0 8.382347e-03 5.615224e+01 1.308502e+02 7.906709e-02 -1.167245e-03 
3.703000e+02 4.232218e-01 6.301433e-02 3.837372e-01 6.072584e+03 -1.962742e+02 2.203344e+02  5000 10000 2.702308e-02     0 9.489161e-03 5.610794e+01 1.308163e+02 7.844232e-02 -1.216483e-03 
3.704000e+02 4.144469e-01 6.362303e-02 3.942836e-01 6.084843e+03 -1.917152e+02 2.202356e+02  5000 10000 2.515026e-02     0 1.064675e-02 5.606282e+01 1.307805e+02 7.778300e-02 -1.279534e-03 
3.705000e+02 4.063289e-01 6.419633e-02 4.045144e-01 6.097047e+03 -1.870200e+02 2.201491e+02  5000 10000 2.318643e-02     0 1.184538e-02 5.601689e+01 1.307430e+02 7.709144e-02 -1.238181e-03 
3.706000e+02 3.986429e-01 6.473717e-02 4.144033e-01 6.109195e+03 -1.821922e+02 2.200747e+02  5000 10000 2.586816e-02     0 1.306278e-02 5.597014e+01 1.307038e+02 7.636868e-02 -1.068881e-03 
3.707000e+02 3.905599e-01 6.519763e-02 4.240612e-01 6.121286e+03 -1.772357e+02 2.200118e+02  5000 10000 2.565895e-02     0 1.427624e-02 5.592260e+01 1.306631e+02 7.562113e-02 -9.556005e-04 
3.708000e+02 3.823385e-01 6.556311e-02 4.335428e-01 6.133322e+03 -1.721543e+02 2.199599e+02  5000 10000 2.433442e-02     0 1.548737e-02 5.587431e+01 1.306212e+02 7.486054e-02 -9.377749e-04 
3.709000e+02 3.744446e-01 6.585151e-02 4.428203e-01 6.145300e+03 -1.669517e+02 2.199186e+02  5000 10000 2.262161e-02     0 1.670313e-02 5.582529e+01 1.305780e+02 7.409516e-02 -9.409886e-04 
  371 3.671714e-01 6.608838e-02 4.518318e-01 6.157223e+03 -1.616316e+02 2.198870e+02  5000 10000 2.084568e-02     0 1.791560e-02 5.577559e+01 1.305339e+02 7.332815e-02 -8.625935e-04 
3.711000e+02 3.603126e-01 6.628086e-02 4.605562e-01 6.169089e+03 -1.561973e+02 2.198646e+02  5000 10000 2.313760e-02     0 1.910780e-02 5.572525e+01 1.304890e+02 7.256114e-02 -6.814596e-04 
3.712000e+02 3.531397e-01 6.639511e-02 4.690935e-01 6.180898e+03 -1.506523e+02 2.198503e+02  5000 10000 2.291547e-02     0 2.026252e-02 5.567435e+01 1.304434e+02 7.179944e-02 -5.555324e-04 
3.713000e+02 3.458710e-01 6.642371e-02 4.774922e-01 6.192652e+03 -1.449997e+02 2.198435e+02  5000 10000 2.172756e-02     0 2.138201e-02 5.562294e+01 1.303975e+02 7.105185e-02 -5.190540e-04 
3.714000e+02 3.389069e-01 6.638471e-02 4.857274e-01 6.204349e+03 -1.392429e+02 2.198433e+02  5000 10000 2.020681e-02     0 2.247339e-02 5.557108e+01 1.303513e+02 7.032408e-02 -5.077173e-04 
3.715000e+02 3.324985e-01 6.630185e-02 4.937439e-01 6.215991e+03 -1.333849e+02 2.198489e+02  5000 10000 1.863557e-02     0 2.353258e-02 5.551884e+01 1.303050e+02 6.961758e-02 -4.320833e-04 
3.716000e+02 3.264612e-01 6.618374e-02 5.015229e-01 6.227578e+03 -1.274286e+02 2.198594e+02  5000 10000 2.064836e-02     0 2.454839e-02 5.546628e+01 1.302587e+02 6.893251e-02 -2.726829e-04 
3.717000e+02 3.201540e-01 6.600573e-02 5.091533e-01 6.239110e+03 -1.213767e+02 2.198738e+02  5000 10000 2.045008e-02     0 2.550921e-02 5.541346e+01 1.302127e+02 6.827181e-02 -1.655636e-04 
3.718000e+02 3.137665e-01 6.576432e-02 5.166764e-01 6.250588e+03 -1.152320e+02 2.198915e+02  5000 10000 1.940317e-02     0 2.641888e-02 5.536047e+01 1.301671e+02 6.764080e-02 -1.399390e-04 
3.719000e+02 3.076477e-01 6.547613e-02 5.240678e-01 6.262011e+03 -1.089971e+02 2.199116e+02  5000 10000 1.806410e-02     0 2.728548e-02 5.530736e+01 1.301220e+02 6.704234e-02 -1.390178e-04 
  372 3.020169e-01 6.516197e-02 5.312770e-01 6.273382e+03 -1.026746e+02 2.199333e+02  5000 10000 1.668080e-02     0 2.810832e-02 5.525419e+01 1.300776e+02 6.647597e-02 -8.367161e-05 
3.721000e+02 2.967088e-01 6.483002e-02 5.382863e-01 6.284699e+03 -9.626686e+01 2.199558e+02  5000 10000 1.848912e-02     0 2.888085e-02 5.520102e+01 1.300339e+02 6.594025e-02 4.408579e-05 
3.722000e+02 2.911541e-01 6.446110e-02 5.451750e-01 6.295964e+03 -8.977603e+01 2.199786e+02  5000 10000 1.832652e-02     0 2.959570e-02 5.514792e+01 1.299911e+02 6.543602e-02 1.251403e-04 
3.723000e+02 2.855206e-01 6.405311e-02 5.519782e-01 6.307177e+03 -8.320438e+01 2.200008e+02  5000 10000 1.740646e-02     0 3.025794e-02 5.509493e+01 1.299492e+02 6.496585e-02 1.338391e-04 
3.724000e+02 2.801185e-01 6.362015e-02 5.586724e-01 6.318339e+03 -7.655408e+01 2.200218e+02  5000 10000 1.622438e-02     0 3.087619e-02 5.504211e+01 1.299084e+02 6.453048e-02 1.205670e-04 
3.725000e+02 2.751429e-01 6.317946e-02 5.652110e-01 6.329450e+03 -6.982716e+01 2.200412e+02  5000 10000 1.500100e-02     0 3.145194e-02 5.498950e+01 1.298687e+02 6.412809e-02 1.557915e-04 
3.726000e+02 2.704458e-01 6.273770e-02 5.715775e-01 6.340511e+03 -6.302555e+01 2.200584e+02  5000 10000 1.664760e-02     0 3.198166e-02 5.493716e+01 1.298302e+02 6.375618e-02 2.558344e-04 
3.727000e+02 2.655171e-01 6.227886e-02 5.778430e-01 6.351523e+03 -5.615104e+01 2.200729e+02  5000 10000 1.651789e-02     0 3.246079e-02 5.488512e+01 1.297929e+02 6.341422e-02 3.146585e-04 
3.728000e+02 2.605082e-01 6.180101e-02 5.840381e-01 6.362485e+03 -4.920545e+01 2.200842e+02  5000 10000 1.570412e-02     0 3.289479e-02 5.483342e+01 1.297569e+02 6.310307e-02 3.092044e-04 
3.729000e+02 2.556982e-01 6.131540e-02 5.901404e-01 6.373399e+03 -4.219055e+01 2.200920e+02  5000 10000 1.465225e-02     0 3.329208e-02 5.478210e+01 1.297222e+02 6.282223e-02 2.845300e-04 
  373 2.512635e-01 6.083584e-02 5.961067e-01 6.384265e+03 -3.510801e+01 2.200960e+02  5000 10000 1.356098e-02     0 3.365515e-02 5.473118e+01 1.296889e+02 6.256924e-02 3.039635e-04 
3.731000e+02 2.470710e-01 6.036722e-02 6.019216e-01 6.395084e+03 -2.795939e+01 2.200959e+02  5000 10000 1.506979e-02     0 3.398211e-02 5.468069e+01 1.296568e+02 6.234122e-02 3.823551e-04 
3.732000e+02 2.426605e-01 5.989563e-02 6.076494e-01 6.405856e+03 -2.074617e+01 2.200913e+02  5000 10000 1.496565e-02     0 3.426995e-02 5.463066e+01 1.296262e+02 6.213704e-02 4.242780e-04 
3.733000e+02 2.381693e-01 5.941884e-02 6.133170e-01 6.416582e+03 -1.346986e+01 2.200822e+02  5000 10000 1.423920e-02     0 3.452385e-02 5.458111e+01 1.295968e+02 6.195671e-02 4.088172e-04 
3.734000e+02 2.338511e-01 5.894556e-02 6.189031e-01 6.427262e+03 -6.131909e+00 2.200682e+02  5000 10000 1.329492e-02     0 3.475141e-02 5.453206e+01 1.295689e+02 6.179924e-02 3.766322e-04 
3.735000e+02 2.298665e-01 5.848659e-02 6.243680e-01 6.437898e+03 1.266283e+00 2.200494e+02  5000 10000 1.231313e-02     0 3.495524e-02 5.448352e+01 1.295422e+02 6.166214e-02 3.850761e-04 
3.736000e+02 2.260953e-01 5.804531e-02 6.296970e-01 6.448489e+03 8.723419e+00 2.200256e+02  5000 10000 1.369894e-02     0 3.513415e-02 5.443551e+01 1.295169e+02 6.154265e-02 4.476985e-04 
3.737000e+02 2.221196e-01 5.760937e-02 6.349489e-01 6.459036e+03 1.623825e+01 2.199967e+02  5000 10000 1.361330e-02     0 3.528587e-02 5.438803e+01 1.294929e+02 6.143958e-02 4.779471e-04 
3.738000e+02 2.180649e-01 5.717625e-02 6.401474e-01 6.469539e+03 2.380952e+01 2.199627e+02  5000 10000 1.295912e-02     0 3.541483e-02 5.434110e+01 1.294701e+02 6.135267e-02 4.567218e-04 
3.739000e+02 2.141627e-01 5.675257e-02 6.452729e-01 6.480000e+03 3.143600e+01 2.199235e+02  5000 10000 1.210510e-02     0 3.552750e-02 5.429473e+01 1.294486e+02 6.128093e-02 4.209138e-04 
  374 2.105599e-01 5.634671e-02 6.502884e-01 6.490419e+03 3.911648e+01 2.198793e+02  5000 10000 1.121567e-02     0 3.562615e-02 5.424891e+01 1.294283e+02 6.122220e-02 4.227024e-04 
3.741000e+02 2.071474e-01 5.596086e-02 6.551807e-01 6.500796e+03 4.684987e+01 2.198300e+02  5000 10000 1.248841e-02     0 3.570975e-02 5.420365e+01 1.294092e+02 6.117414e-02 4.744538e-04 
3.742000e+02 2.035447e-01 5.558410e-02 6.600031e-01 6.511132e+03 5.463511e+01 2.197756e+02  5000 10000 1.241562e-02     0 3.577627e-02 5.415895e+01 1.293912e+02 6.113576e-02 4.972805e-04 
3.743000e+02 1.998665e-01 5.521373e-02 6.647773e-01 6.521427e+03 6.247110e+01 2.197163e+02  5000 10000 1.182247e-02     0 3.582927e-02 5.411482e+01 1.293743e+02 6.110689e-02 4.736760e-04 
3.744000e+02 1.963245e-01 5.485479e-02 6.694850e-01 6.531683e+03 7.035678e+01 2.196521e+02  5000 10000 1.104591e-02     0 3.587402e-02 5.407125e+01 1.293585e+02 6.108676e-02 4.372276e-04 
3.745000e+02 1.930533e-01 5.451381e-02 6.740923e-01 6.541898e+03 7.829111e+01 2.195832e+02  5000 10000 1.023625e-02     0 3.591222e-02 5.402824e+01 1.293437e+02 6.107367e-02 4.355351e-04 
3.746000e+02 1.899537e-01 5.419217e-02 6.785869e-01 6.552075e+03 8.627314e+01 2.195096e+02  5000 10000 1.140376e-02     0 3.594280e-02 5.398579e+01 1.293299e+02 6.106580e-02 4.798921e-04 
3.747000e+02 1.866784e-01 5.388027e-02 6.830176e-01 6.562213e+03 9.430193e+01 2.194315e+02  5000 10000 1.133991e-02     0 3.596379e-02 5.394390e+01 1.293170e+02 6.106249e-02 4.982244e-04 
3.748000e+02 1.833324e-01 5.357549e-02 6.874042e-01 6.572312e+03 1.023765e+02 2.193489e+02  5000 10000 1.079962e-02     0 3.597788e-02 5.390256e+01 1.293050e+02 6.106375e-02 4.744742e-04 
3.749000e+02 1.801093e-01 5.328167e-02 6.917298e-01 6.582375e+03 1.104960e+02 2.192620e+02  5000 10000 1.009113e-02     0 3.598924e-02 5.386177e+01 1.292938e+02 6.106912e-02 4.392835e-04 
  375 1.771325e-01 5.300400e-02 6.959634e-01 6.592400e+03 1.186594e+02 2.191710e+02  5000 10000 9.351989e-03     0 3.599903e-02 5.382153e+01 1.292835e+02 6.107736e-02 4.361340e-04 
3.751000e+02 1.743117e-01 5.274334e-02 7.000936e-01 6.602389e+03 1.268660e+02 2.190760e+02  5000 10000 1.042153e-02     0 3.600606e-02 5.378183e+01 1.292739e+02 6.108715e-02 4.753431e-04 
3.752000e+02 1.713294e-01 5.249139e-02 7.041652e-01 6.612341e+03 1.351148e+02 2.189771e+02  5000 10000 1.036421e-02     0 3.600839e-02 5.374266e+01 1.292651e+02 6.109813e-02 4.910003e-04 
3.753000e+02 1.682818e-01 5.224571e-02 7.081963e-01 6.622258e+03 1.434051e+02 2.188745e+02  5000 10000 9.870797e-03     0 3.600800e-02 5.370402e+01 1.292569e+02 6.111050e-02 4.683818e-04 
3.754000e+02 1.653459e-01 5.200934e-02 7.121714e-01 6.632140e+03 1.517360e+02 2.187682e+02  5000 10000 9.223330e-03     0 3.600810e-02 5.366592e+01 1.292494e+02 6.112408e-02 4.354700e-04 
3.755000e+02 1.626348e-01 5.178645e-02 7.160621e-01 6.641987e+03 1.601067e+02 2.186585e+02  5000 10000 8.547661e-03     0 3.600942e-02 5.362833e+01 1.292425e+02 6.113801e-02 4.320046e-04 
3.756000e+02 1.600660e-01 5.157763e-02 7.198579e-01 6.651800e+03 1.685164e+02 2.185456e+02  5000 10000 9.526430e-03     0 3.601073e-02 5.359126e+01 1.292362e+02 6.115139e-02 4.674124e-04 
3.757000e+02 1.573495e-01 5.137579e-02 7.236001e-01 6.661579e+03 1.769644e+02 2.184294e+02  5000 10000 9.474307e-03     0 3.601012e-02 5.355470e+01 1.292305e+02 6.116409e-02 4.814085e-04 
3.758000e+02 1.545730e-01 5.117877e-02 7.273050e-01 6.671324e+03 1.854500e+02 2.183102e+02  5000 10000 9.023213e-03     0 3.600902e-02 5.351865e+01 1.292253e+02 6.117647e-02 4.605035e-04 
3.759000e+02 1.518986e-01 5.098904e-02 7.309587e-01 6.681037e+03 1.939724e+02 2.181880e+02  5000 10000 8.431161e-03     0 3.600992e-02 5.348311e+01 1.292205e+02 6.118852e-02 4.302626e-04 
  376 1.494295e-01 5.081005e-02 7.345349e-01 6.690718e+03 2.025309e+02 2.180631e+02  5000 10000 7.813275e-03     0 3.601323e-02 5.344807e+01 1.292163e+02 6.119969e-02 4.270110e-04 
3.761000e+02 1.470907e-01 5.064224e-02 7.380244e-01 6.700366e+03 2.111247e+02 2.179355e+02  5000 10000 8.708482e-03     0 3.601772e-02 5.341352e+01 1.292124e+02 6.120936e-02 4.593629e-04 
3.762000e+02 1.446168e-01 5.047961e-02 7.414646e-01 6.709983e+03 2.197533e+02 2.178054e+02  5000 10000 8.660871e-03     0 3.602161e-02 5.337947e+01 1.292090e+02 6.121758e-02 4.721854e-04 
3.763000e+02 1.420882e-01 5.032032e-02 7.448708e-01 6.719569e+03 2.284159e+02 2.176728e+02  5000 10000 8.248398e-03     0 3.602592e-02 5.334590e+01 1.292059e+02 6.122478e-02 4.531302e-04 
3.764000e+02 1.396529e-01 5.016644e-02 7.482301e-01 6.729124e+03 2.371119e+02 2.175379e+02  5000 10000 7.707030e-03     0 3.603261e-02 5.331283e+01 1.292032e+02 6.123106e-02 4.255612e-04 
3.765000e+02 1.374054e-01 5.002087e-02 7.515186e-01 6.738649e+03 2.458407e+02 2.174007e+02  5000 10000 7.142043e-03     0 3.604188e-02 5.328024e+01 1.292008e+02 6.123607e-02 4.226853e-04 
3.766000e+02 1.352770e-01 4.988399e-02 7.547277e-01 6.748143e+03 2.546015e+02 2.172615e+02  5000 10000 7.960783e-03     0 3.605257e-02 5.324813e+01 1.291988e+02 6.123940e-02 4.523758e-04 
3.767000e+02 1.330253e-01 4.975077e-02 7.578919e-01 6.757609e+03 2.633939e+02 2.171202e+02  5000 10000 7.917351e-03     0 3.606307e-02 5.321650e+01 1.291970e+02 6.124119e-02 4.642165e-04 
3.768000e+02 1.307236e-01 4.961967e-02 7.610251e-01 6.767045e+03 2.722172e+02 2.169770e+02  5000 10000 7.540295e-03     0 3.607413e-02 5.318535e+01 1.291955e+02 6.124186e-02 4.469100e-04 
3.769000e+02 1.285073e-01 4.949247e-02 7.641155e-01 6.776453e+03 2.810708e+02 2.168319e+02  5000 10000 7.045393e-03     0 3.608731e-02 5.315467e+01 1.291942e+02 6.124159e-02 4.218146e-04 
  377 1.264627e-01 4.937163e-02 7.671412e-01 6.785833e+03 2.899542e+02 2.166850e+02  5000 10000 6.528907e-03     0 3.610270e-02 5.312447e+01 1.291932e+02 6.124015e-02 4.192924e-04 
3.771000e+02 1.245270e-01 4.925751e-02 7.700945e-01 6.795184e+03 2.988667e+02 2.165365e+02  5000 10000 7.277987e-03     0 3.611926e-02 5.309475e+01 1.291925e+02 6.123725e-02 4.465416e-04 
3.772000e+02 1.224787e-01 4.914591e-02 7.730068e-01 6.804508e+03 3.078079e+02 2.163863e+02  5000 10000 7.238542e-03     0 3.613558e-02 5.306549e+01 1.291919e+02 6.123306e-02 4.574552e-04 
3.773000e+02 1.203847e-01 4.903557e-02 7.758910e-01 6.813805e+03 3.167772e+02 2.162346e+02  5000 10000 6.893989e-03     0 3.615222e-02 5.303671e+01 1.291916e+02 6.122799e-02 4.416996e-04 
3.774000e+02 1.183687e-01 4.892803e-02 7.787362e-01 6.823075e+03 3.257740e+02 2.160814e+02  5000 10000 6.441669e-03     0 3.617046e-02 5.300841e+01 1.291914e+02 6.122221e-02 4.188075e-04 
3.775000e+02 1.165097e-01 4.882541e-02 7.815224e-01 6.832319e+03 3.347979e+02 2.159267e+02  5000 10000 5.969610e-03     0 3.619035e-02 5.298057e+01 1.291914e+02 6.121557e-02 4.165491e-04 
3.776000e+02 1.147502e-01 4.872803e-02 7.842425e-01 6.841537e+03 3.438483e+02 2.157707e+02  5000 10000 6.655413e-03     0 3.621098e-02 5.295320e+01 1.291915e+02 6.120784e-02 4.415080e-04 
3.777000e+02 1.128876e-01 4.863242e-02 7.869254e-01 6.850730e+03 3.529247e+02 2.156133e+02  5000 10000 6.619787e-03     0 3.623112e-02 5.292631e+01 1.291919e+02 6.119922e-02 4.515054e-04 
3.778000e+02 1.109832e-01 4.853754e-02 7.895827e-01 6.859897e+03 3.620268e+02 2.154547e+02  5000 10000 6.305020e-03     0 3.625124e-02 5.289988e+01 1.291923e+02 6.119004e-02 4.370880e-04 
3.779000e+02 1.091501e-01 4.844473e-02 7.922047e-01 6.869039e+03 3.711539e+02 2.152949e+02  5000 10000 5.891653e-03     0 3.627241e-02 5.287393e+01 1.291929e+02 6.118047e-02 4.161285e-04 
  378 1.074605e-01 4.835581e-02 7.947729e-01 6.878156e+03 3.803057e+02 2.151339e+02  5000 10000 5.460211e-03     0 3.629465e-02 5.284845e+01 1.291937e+02 6.117038e-02 4.140387e-04 
3.781000e+02 1.058618e-01 4.827111e-02 7.972807e-01 6.887249e+03 3.894816e+02 2.149718e+02  5000 10000 6.088613e-03     0 3.631720e-02 5.282344e+01 1.291945e+02 6.115961e-02 4.368432e-04 
3.782000e+02 1.041686e-01 4.818772e-02 7.997549e-01 6.896319e+03 3.986813e+02 2.148085e+02  5000 10000 6.056614e-03     0 3.633902e-02 5.279890e+01 1.291955e+02 6.114831e-02 4.459372e-04 
3.783000e+02 1.024370e-01 4.810480e-02 8.022059e-01 6.905364e+03 4.079043e+02 2.146442e+02  5000 10000 5.769080e-03     0 3.636052e-02 5.277483e+01 1.291966e+02 6.113677e-02 4.326692e-04 
3.784000e+02 1.007705e-01 4.802350e-02 8.046247e-01 6.914387e+03 4.171501e+02 2.144789e+02  5000 10000 5.391269e-03     0 3.638257e-02 5.275124e+01 1.291978e+02 6.112513e-02 4.134035e-04 
3.785000e+02 9.923509e-02 4.794541e-02 8.069946e-01 6.923387e+03 4.264184e+02 2.143126e+02  5000 10000 4.996881e-03     0 3.640523e-02 5.272812e+01 1.291991e+02 6.111328e-02 4.114086e-04 
3.786000e+02 9.778269e-02 4.787083e-02 8.093095e-01 6.932364e+03 4.357088e+02 2.141454e+02  5000 10000 5.573231e-03     0 3.642787e-02 5.270547e+01 1.292004e+02 6.110107e-02 4.322005e-04 
3.787000e+02 9.624362e-02 4.779731e-02 8.115937e-01 6.941318e+03 4.450209e+02 2.139772e+02  5000 10000 5.544632e-03     0 3.644960e-02 5.268330e+01 1.292019e+02 6.108863e-02 4.404220e-04 
3.788000e+02 9.466923e-02 4.772419e-02 8.138571e-01 6.950251e+03 4.543542e+02 2.138081e+02  5000 10000 5.281940e-03     0 3.647078e-02 5.266161e+01 1.292035e+02 6.107620e-02 4.281508e-04 
3.789000e+02 9.315423e-02 4.765245e-02 8.160912e-01 6.959162e+03 4.637084e+02 2.136382e+02  5000 10000 4.936523e-03     0 3.649217e-02 5.264039e+01 1.292051e+02 6.106388e-02 4.103809e-04 
  379 9.175906e-02 4.758347e-02 8.182807e-01 6.968052e+03 4.730831e+02 2.134674e+02  5000 10000 4.575877e-03     0 3.651383e-02 5.261965e+01 1.292068e+02 6.105157e-02 4.084342e-04 
3.791000e+02 9.043964e-02 4.751751e-02 8.204201e-01 6.976920e+03 4.824780e+02 2.132958e+02  5000 10000 5.105007e-03     0 3.653524e-02 5.259938e+01 1.292086e+02 6.103914e-02 4.273641e-04 
3.792000e+02 8.904060e-02 4.745252e-02 8.225316e-01 6.985768e+03 4.918927e+02 2.131234e+02  5000 10000 5.079554e-03     0 3.655566e-02 5.257960e+01 1.292105e+02 6.102669e-02 4.347626e-04 
3.793000e+02 8.760899e-02 4.738795e-02 8.246243e-01 6.994596e+03 5.013269e+02 2.129503e+02  5000 10000 4.839480e-03     0 3.657541e-02 5.256029e+01 1.292124e+02 6.101442e-02 4.233696e-04 
3.794000e+02 8.623157e-02 4.732465e-02 8.266905e-01 7.003403e+03 5.107802e+02 2.127764e+02  5000 10000 4.523533e-03     0 3.659514e-02 5.254146e+01 1.292144e+02 6.100239e-02 4.069353e-04 
3.795000e+02 8.496371e-02 4.726380e-02 8.287160e-01 7.012190e+03 5.202523e+02 2.126018e+02  5000 10000 4.193576e-03     0 3.661493e-02 5.252311e+01 1.292164e+02 6.099050e-02 4.050131e-04 
3.796000e+02 8.376501e-02 4.720565e-02 8.306957e-01 7.020957e+03 5.297429e+02 2.124264e+02  5000 10000 4.679836e-03     0 3.663434e-02 5.250525e+01 1.292186e+02 6.097865e-02 4.222360e-04 
3.797000e+02 8.249306e-02 4.714845e-02 8.326502e-01 7.029706e+03 5.392516e+02 2.122504e+02  5000 10000 4.657263e-03     0 3.665277e-02 5.248786e+01 1.292207e+02 6.096691e-02 4.288737e-04 
3.798000e+02 8.119103e-02 4.709175e-02 8.345877e-01 7.038435e+03 5.487781e+02 2.120738e+02  5000 10000 4.437754e-03     0 3.667048e-02 5.247096e+01 1.292229e+02 6.095542e-02 4.182678e-04 
3.799000e+02 7.993846e-02 4.703629e-02 8.365010e-01 7.047145e+03 5.583222e+02 2.118964e+02  5000 10000 4.148593e-03     0 3.668806e-02 5.245454e+01 1.292252e+02 6.094424e-02 4.030387e-04 
  380 7.878610e-02 4.698306e-02 8.383773e-01 7.055837e+03 5.678835e+02 2.117185e+02  5000 10000 3.846526e-03     0 3.670557e-02 5.243861e+01 1.292276e+02 6.093329e-02 4.011334e-04 
3.801000e+02 7.769689e-02 4.693228e-02 8.402117e-01 7.064510e+03 5.774617e+02 2.115400e+02  5000 10000 4.293829e-03     0 3.672266e-02 5.242315e+01 1.292299e+02 6.092244e-02 4.168027e-04 
3.802000e+02 7.654024e-02 4.688248e-02 8.420233e-01 7.073165e+03 5.870566e+02 2.113608e+02  5000 10000 4.273871e-03     0 3.673883e-02 5.240818e+01 1.292324e+02 6.091176e-02 4.227481e-04 
3.803000e+02 7.535577e-02 4.683328e-02 8.438195e-01 7.081802e+03 5.966679e+02 2.111811e+02  5000 10000 4.073046e-03     0 3.675431e-02 5.239370e+01 1.292348e+02 6.090138e-02 4.128579e-04 
3.804000e+02 7.421644e-02 4.678530e-02 8.455938e-01 7.090422e+03 6.062953e+02 2.110009e+02  5000 10000 3.808222e-03     0 3.676961e-02 5.237970e+01 1.292373e+02 6.089131e-02 3.987259e-04 
3.805000e+02 7.316884e-02 4.673940e-02 8.473342e-01 7.099025e+03 6.159385e+02 2.108201e+02  5000 10000 3.531492e-03     0 3.678479e-02 5.236618e+01 1.292399e+02 6.088149e-02 3.968395e-04 
3.806000e+02 7.217891e-02 4.669577e-02 8.490365e-01 7.107610e+03 6.255973e+02 2.106388e+02  5000 10000 3.943361e-03     0 3.679956e-02 5.235315e+01 1.292425e+02 6.087181e-02 4.111016e-04 
3.807000e+02 7.112683e-02 4.665316e-02 8.507180e-01 7.116178e+03 6.352714e+02 2.104570e+02  5000 10000 3.925763e-03     0 3.681350e-02 5.234060e+01 1.292451e+02 6.086232e-02 4.164237e-04 
3.808000e+02 7.004899e-02 4.661122e-02 8.523856e-01 7.124730e+03 6.449606e+02 2.102747e+02  5000 10000 3.741907e-03     0 3.682681e-02 5.232854e+01 1.292478e+02 6.085311e-02 4.071909e-04 
3.809000e+02 6.901239e-02 4.657051e-02 8.540332e-01 7.133265e+03 6.546646e+02 2.100920e+02  5000 10000 3.499192e-03     0 3.683993e-02 5.231697e+01 1.292504e+02 6.084421e-02 3.940641e-04 
  381 6.805977e-02 4.653175e-02 8.556499e-01 7.141785e+03 6.643832e+02 2.099088e+02  5000 10000 3.245483e-03     0 3.685293e-02 5.230587e+01 1.292532e+02 6.083553e-02 3.922032e-04 
3.811000e+02 6.715987e-02 4.649511e-02 8.572318e-01 7.150288e+03 6.741162e+02 2.097252e+02  5000 10000 3.625091e-03     0 3.686557e-02 5.229527e+01 1.292559e+02 6.082700e-02 4.051946e-04 
3.812000e+02 6.620264e-02 4.645950e-02 8.587948e-01 7.158775e+03 6.838632e+02 2.095411e+02  5000 10000 3.609613e-03     0 3.687747e-02 5.228515e+01 1.292587e+02 6.081865e-02 4.099594e-04 
3.813000e+02 6.522154e-02 4.642466e-02 8.603452e-01 7.167247e+03 6.936242e+02 2.093567e+02  5000 10000 3.441169e-03     0 3.688883e-02 5.227551e+01 1.292615e+02 6.081056e-02 4.013347e-04 
3.814000e+02 6.427812e-02 4.639103e-02 8.618775e-01 7.175703e+03 7.033989e+02 2.091719e+02  5000 10000 3.218545e-03     0 3.690002e-02 5.226636e+01 1.292644e+02 6.080274e-02 3.891326e-04 
3.815000e+02 6.341166e-02 4.635925e-02 8.633815e-01 7.184145e+03 7.131870e+02 2.089867e+02  5000 10000 2.985755e-03     0 3.691110e-02 5.225770e+01 1.292672e+02 6.079512e-02 3.873052e-04 
3.816000e+02 6.259341e-02 4.632944e-02 8.648537e-01 7.192571e+03 7.229883e+02 2.088012e+02  5000 10000 3.335967e-03     0 3.692187e-02 5.224951e+01 1.292701e+02 6.078762e-02 3.991508e-04 
3.817000e+02 6.172223e-02 4.630070e-02 8.663086e-01 7.200982e+03 7.328028e+02 2.086153e+02  5000 10000 3.322387e-03     0 3.693202e-02 5.224182e+01 1.292730e+02 6.078029e-02 4.034192e-04 
3.818000e+02 6.082892e-02 4.627277e-02 8.677522e-01 7.209379e+03 7.426300e+02 2.084292e+02  5000 10000 3.167946e-03     0 3.694171e-02 5.223460e+01 1.292760e+02 6.077318e-02 3.953591e-04 
3.819000e+02 5.997006e-02 4.624604e-02 8.691793e-01 7.217762e+03 7.524699e+02 2.082427e+02  5000 10000 2.963585e-03     0 3.695125e-02 5.222787e+01 1.292789e+02 6.076630e-02 3.840098e-04 
  382 5.918177e-02 4.622106e-02 8.705806e-01 7.226131e+03 7.623222e+02 2.080560e+02  5000 10000 2.749814e-03     0 3.696071e-02 5.222162e+01 1.292819e+02 6.075959e-02 3.822236e-04 
3.821000e+02 5.843758e-02 4.619793e-02 8.719528e-01 7.234485e+03 7.721868e+02 2.078690e+02  5000 10000 3.073215e-03     0 3.696991e-02 5.221586e+01 1.292849e+02 6.075299e-02 3.930365e-04 
3.822000e+02 5.764450e-02 4.617587e-02 8.733092e-01 7.242826e+03 7.820635e+02 2.076817e+02  5000 10000 3.061334e-03     0 3.697859e-02 5.221057e+01 1.292879e+02 6.074652e-02 3.968638e-04 
3.823000e+02 5.683088e-02 4.615467e-02 8.746554e-01 7.251153e+03 7.919520e+02 2.074942e+02  5000 10000 2.919618e-03     0 3.698688e-02 5.220577e+01 1.292909e+02 6.074024e-02 3.893289e-04 
3.824000e+02 5.604879e-02 4.613465e-02 8.759866e-01 7.259466e+03 8.018523e+02 2.073065e+02  5000 10000 2.731866e-03     0 3.699506e-02 5.220145e+01 1.292940e+02 6.073415e-02 3.787672e-04 
3.825000e+02 5.533143e-02 4.611627e-02 8.772942e-01 7.267766e+03 8.117640e+02 2.071186e+02  5000 10000 2.535394e-03     0 3.700318e-02 5.219761e+01 1.292970e+02 6.072820e-02 3.770290e-04 
3.826000e+02 5.465446e-02 4.609964e-02 8.785750e-01 7.276054e+03 8.216872e+02 2.069305e+02  5000 10000 2.834325e-03     0 3.701109e-02 5.219425e+01 1.293001e+02 6.072233e-02 3.869110e-04 
3.827000e+02 5.393228e-02 4.608408e-02 8.798416e-01 7.284328e+03 8.316215e+02 2.067423e+02  5000 10000 2.823960e-03     0 3.701857e-02 5.219136e+01 1.293031e+02 6.071658e-02 3.903466e-04 
3.828000e+02 5.319103e-02 4.606939e-02 8.810989e-01 7.292589e+03 8.415669e+02 2.065539e+02  5000 10000 2.693815e-03     0 3.702572e-02 5.218896e+01 1.293062e+02 6.071097e-02 3.833009e-04 
3.829000e+02 5.247865e-02 4.605586e-02 8.823426e-01 7.300838e+03 8.515231e+02 2.063653e+02  5000 10000 2.521176e-03     0 3.703279e-02 5.218703e+01 1.293093e+02 6.070553e-02 3.734673e-04 
  383 5.182569e-02 4.604389e-02 8.835646e-01 7.309074e+03 8.614901e+02 2.061767e+02  5000 10000 2.340449e-03     0 3.703982e-02 5.218558e+01 1.293124e+02 6.070019e-02 3.717824e-04 
3.831000e+02 5.120974e-02 4.603357e-02 8.847621e-01 7.317298e+03 8.714675e+02 2.059879e+02  5000 10000 2.617027e-03     0 3.704668e-02 5.218460e+01 1.293155e+02 6.069492e-02 3.808250e-04 
3.832000e+02 5.055196e-02 4.602429e-02 8.859467e-01 7.325510e+03 8.814554e+02 2.057991e+02  5000 10000 2.608015e-03     0 3.705318e-02 5.218410e+01 1.293186e+02 6.068974e-02 3.839129e-04 
3.833000e+02 4.987647e-02 4.601590e-02 8.871229e-01 7.333710e+03 8.914536e+02 2.056101e+02  5000 10000 2.488396e-03     0 3.705942e-02 5.218407e+01 1.293218e+02 6.068469e-02 3.773230e-04 
3.834000e+02 4.922741e-02 4.600865e-02 8.882866e-01 7.341898e+03 9.014618e+02 2.054211e+02  5000 10000 2.329518e-03     0 3.706559e-02 5.218451e+01 1.293249e+02 6.067977e-02 3.681630e-04 
3.835000e+02 4.863296e-02 4.600288e-02 8.894305e-01 7.350075e+03 9.114800e+02 2.052321e+02  5000 10000 2.163128e-03     0 3.707173e-02 5.218543e+01 1.293280e+02 6.067493e-02 3.665356e-04 
3.836000e+02 4.807242e-02 4.599865e-02 8.905520e-01 7.358240e+03 9.215080e+02 2.050430e+02  5000 10000 2.419271e-03     0 3.707775e-02 5.218681e+01 1.293312e+02 6.067014e-02 3.748209e-04 
3.837000e+02 4.747316e-02 4.599546e-02 8.916616e-01 7.366393e+03 9.315457e+02 2.048539e+02  5000 10000 2.411464e-03     0 3.708346e-02 5.218867e+01 1.293343e+02 6.066543e-02 3.776004e-04 
3.838000e+02 4.685743e-02 4.599316e-02 8.927636e-01 7.374535e+03 9.415930e+02 2.046649e+02  5000 10000 2.301427e-03     0 3.708895e-02 5.219100e+01 1.293374e+02 6.066082e-02 3.714355e-04 
3.839000e+02 4.626594e-02 4.599196e-02 8.938543e-01 7.382666e+03 9.516497e+02 2.044758e+02  5000 10000 2.155084e-03     0 3.709439e-02 5.219379e+01 1.293406e+02 6.065632e-02 3.628991e-04 
  384 4.572463e-02 4.599217e-02 8.949268e-01 7.390786e+03 9.617156e+02 2.042868e+02  5000 10000 2.001757e-03     0 3.709982e-02 5.219705e+01 1.293437e+02 6.065189e-02 3.613326e-04 
3.841000e+02 4.521443e-02 4.599384e-02 8.959788e-01 7.398895e+03 9.717907e+02 2.040978e+02  5000 10000 2.239206e-03     0 3.710514e-02 5.220077e+01 1.293469e+02 6.064749e-02 3.689342e-04 
3.842000e+02 4.466837e-02 4.599652e-02 8.970199e-01 7.406994e+03 9.818749e+02 2.039089e+02  5000 10000 2.232472e-03     0 3.711021e-02 5.220496e+01 1.293500e+02 6.064316e-02 3.714403e-04 
3.843000e+02 4.410699e-02 4.600009e-02 8.980542e-01 7.415082e+03 9.919679e+02 2.037200e+02  5000 10000 2.131161e-03     0 3.711509e-02 5.220961e+01 1.293531e+02 6.063891e-02 3.656720e-04 
3.844000e+02 4.356783e-02 4.600474e-02 8.990781e-01 7.423159e+03 1.002070e+03 2.035313e+02  5000 10000 1.996245e-03     0 3.711993e-02 5.221472e+01 1.293563e+02 6.063475e-02 3.577136e-04 
3.845000e+02 4.307484e-02 4.601073e-02 9.000854e-01 7.431226e+03 1.012180e+03 2.033426e+02  5000 10000 1.854828e-03     0 3.712478e-02 5.222029e+01 1.293594e+02 6.063065e-02 3.562104e-04 
3.846000e+02 4.261040e-02 4.601809e-02 9.010738e-01 7.439283e+03 1.022299e+03 2.031541e+02  5000 10000 2.075160e-03     0 3.712953e-02 5.222632e+01 1.293626e+02 6.062658e-02 3.631949e-04 
3.847000e+02 4.211272e-02 4.602645e-02 9.020523e-01 7.447329e+03 1.032427e+03 2.029657e+02  5000 10000 2.069379e-03     0 3.713407e-02 5.223281e+01 1.293657e+02 6.062256e-02 3.654588e-04 
3.848000e+02 4.160077e-02 4.603570e-02 9.030247e-01 7.455366e+03 1.042563e+03 2.027775e+02  5000 10000 1.976021e-03     0 3.713845e-02 5.223975e+01 1.293688e+02 6.061861e-02 3.600611e-04 
3.849000e+02 4.110923e-02 4.604599e-02 9.039876e-01 7.463393e+03 1.052707e+03 2.025894e+02  5000 10000 1.851526e-03     0 3.714280e-02 5.224715e+01 1.293719e+02 6.061474e-02 3.526388e-04 
  385 4.066017e-02 4.605755e-02 9.049352e-01 7.471410e+03 1.062859e+03 2.024015e+02  5000 10000 1.720975e-03     0 3.714716e-02 5.225500e+01 1.293751e+02 6.061091e-02 3.512008e-04 
3.851000e+02 4.023734e-02 4.607042e-02 9.058654e-01 7.479417e+03 1.073019e+03 2.022137e+02  5000 10000 1.925622e-03     0 3.715145e-02 5.226330e+01 1.293782e+02 6.060711e-02 3.576281e-04 
3.852000e+02 3.978367e-02 4.608426e-02 9.067866e-01 7.487415e+03 1.083187e+03 2.020262e+02  5000 10000 1.920688e-03     0 3.715555e-02 5.227205e+01 1.293813e+02 6.060335e-02 3.596781e-04 
3.853000e+02 3.931672e-02 4.609899e-02 9.077023e-01 7.495404e+03 1.093363e+03 2.018389e+02  5000 10000 1.834580e-03     0 3.715951e-02 5.228125e+01 1.293844e+02 6.059965e-02 3.546269e-04 
3.854000e+02 3.886850e-02 4.611472e-02 9.086093e-01 7.503383e+03 1.103547e+03 2.016518e+02  5000 10000 1.719598e-03     0 3.716346e-02 5.229090e+01 1.293875e+02 6.059602e-02 3.477026e-04 
3.855000e+02 3.845942e-02 4.613167e-02 9.095023e-01 7.511353e+03 1.113738e+03 2.014650e+02  5000 10000 1.598966e-03     0 3.716741e-02 5.230099e+01 1.293906e+02 6.059243e-02 3.463314e-04 
3.856000e+02 3.807443e-02 4.614987e-02 9.103793e-01 7.519313e+03 1.123937e+03 2.012785e+02  5000 10000 1.789227e-03     0 3.717130e-02 5.231153e+01 1.293937e+02 6.058885e-02 3.522556e-04 
3.857000e+02 3.766082e-02 4.616902e-02 9.112482e-01 7.527265e+03 1.134143e+03 2.010922e+02  5000 10000 1.785044e-03     0 3.717503e-02 5.232251e+01 1.293967e+02 6.058532e-02 3.541169e-04 
3.858000e+02 3.723484e-02 4.618904e-02 9.121119e-01 7.535208e+03 1.144356e+03 2.009061e+02  5000 10000 1.705551e-03     0 3.717865e-02 5.233393e+01 1.293998e+02 6.058183e-02 3.493904e-04 
3.859000e+02 3.682608e-02 4.621004e-02 9.129678e-01 7.543142e+03 1.154577e+03 2.007204e+02  5000 10000 1.599257e-03     0 3.718225e-02 5.234579e+01 1.294029e+02 6.057840e-02 3.429292e-04 
  386 3.645338e-02 4.623220e-02 9.138108e-01 7.551068e+03 1.164805e+03 2.005350e+02  5000 10000 1.487686e-03     0 3.718586e-02 5.235808e+01 1.294059e+02 6.057501e-02 3.416260e-04 
3.861000e+02 3.610282e-02 4.625555e-02 9.146391e-01 7.558984e+03 1.175040e+03 2.003500e+02  5000 10000 1.664743e-03     0 3.718942e-02 5.237081e+01 1.294090e+02 6.057163e-02 3.470962e-04 
3.862000e+02 3.572570e-02 4.627983e-02 9.154600e-01 7.566893e+03 1.185282e+03 2.001652e+02  5000 10000 1.661225e-03     0 3.719285e-02 5.238398e+01 1.294120e+02 6.056828e-02 3.487916e-04 
3.863000e+02 3.533704e-02 4.630496e-02 9.162762e-01 7.574792e+03 1.195530e+03 1.999808e+02  5000 10000 1.587771e-03     0 3.719617e-02 5.239757e+01 1.294150e+02 6.056498e-02 3.443697e-04 
3.864000e+02 3.496422e-02 4.633106e-02 9.170853e-01 7.582684e+03 1.205786e+03 1.997968e+02  5000 10000 1.489416e-03     0 3.719949e-02 5.241160e+01 1.294181e+02 6.056172e-02 3.383399e-04 
3.865000e+02 3.462464e-02 4.635826e-02 9.178825e-01 7.590567e+03 1.216048e+03 1.996131e+02  5000 10000 1.386129e-03     0 3.720281e-02 5.242605e+01 1.294211e+02 6.055849e-02 3.371057e-04 
3.866000e+02 3.430544e-02 4.638659e-02 9.186662e-01 7.598442e+03 1.226317e+03 1.994299e+02  5000 10000 1.551056e-03     0 3.720610e-02 5.244093e+01 1.294241e+02 6.055528e-02 3.421662e-04 
3.867000e+02 3.396156e-02 4.641584e-02 9.194431e-01 7.606309e+03 1.236593e+03 1.992470e+02  5000 10000 1.548125e-03     0 3.720927e-02 5.245624e+01 1.294271e+02 6.055210e-02 3.437164e-04 
3.868000e+02 3.360692e-02 4.644592e-02 9.202158e-01 7.614168e+03 1.246875e+03 1.990646e+02  5000 10000 1.480189e-03     0 3.721235e-02 5.247196e+01 1.294300e+02 6.054895e-02 3.395807e-04 
3.869000e+02 3.326684e-02 4.647693e-02 9.209820e-01 7.622019e+03 1.257164e+03 1.988825e+02  5000 10000 1.389095e-03     0 3.721542e-02 5.248811e+01 1.294330e+02 6.054584e-02 3.339533e-04 
  387 3.295745e-02 4.650901e-02 9.217372e-01 7.629862e+03 1.267458e+03 1.987010e+02  5000 10000 1.293384e-03     0 3.721851e-02 5.250468e+01 1.294360e+02 6.054276e-02 3.327889e-04 
3.871000e+02 3.266681e-02 4.654217e-02 9.224800e-01 7.637698e+03 1.277760e+03 1.985198e+02  5000 10000 1.447159e-03     0 3.722156e-02 5.252166e+01 1.294389e+02 6.053969e-02 3.374800e-04 
3.872000e+02 3.235322e-02 4.657622e-02 9.232166e-01 7.645525e+03 1.288067e+03 1.983392e+02  5000 10000 1.444747e-03     0 3.722452e-02 5.253905e+01 1.294419e+02 6.053664e-02 3.389035e-04 
3.873000e+02 3.202959e-02 4.661108e-02 9.239494e-01 7.653346e+03 1.298380e+03 1.981590e+02  5000 10000 1.381855e-03     0 3.722740e-02 5.255686e+01 1.294448e+02 6.053363e-02 3.350371e-04 
3.874000e+02 3.171937e-02 4.664686e-02 9.246763e-01 7.661158e+03 1.308700e+03 1.979793e+02  5000 10000 1.297406e-03     0 3.723027e-02 5.257508e+01 1.294477e+02 6.053065e-02 3.297857e-04 
3.875000e+02 3.143749e-02 4.668365e-02 9.253931e-01 7.668964e+03 1.319025e+03 1.978000e+02  5000 10000 1.208632e-03     0 3.723316e-02 5.259371e+01 1.294506e+02 6.052769e-02 3.286917e-04 
3.876000e+02 3.117287e-02 4.672147e-02 9.260984e-01 7.676762e+03 1.329357e+03 1.976213e+02  5000 10000 1.352144e-03     0 3.723603e-02 5.261274e+01 1.294535e+02 6.052474e-02 3.330497e-04 
3.877000e+02 3.088691e-02 4.676016e-02 9.267981e-01 7.684552e+03 1.339694e+03 1.974432e+02  5000 10000 1.350189e-03     0 3.723881e-02 5.263217e+01 1.294564e+02 6.052181e-02 3.343633e-04 
3.878000e+02 3.059158e-02 4.679966e-02 9.274943e-01 7.692336e+03 1.350037e+03 1.972655e+02  5000 10000 1.291912e-03     0 3.724152e-02 5.265201e+01 1.294593e+02 6.051891e-02 3.307510e-04 
3.879000e+02 3.030861e-02 4.684003e-02 9.281852e-01 7.700112e+03 1.360386e+03 1.970884e+02  5000 10000 1.213550e-03     0 3.724424e-02 5.267225e+01 1.294621e+02 6.051604e-02 3.258513e-04 
  388 3.005180e-02 4.688137e-02 9.288667e-01 7.707881e+03 1.370741e+03 1.969119e+02  5000 10000 1.131131e-03     0 3.724697e-02 5.269288e+01 1.294650e+02 6.051319e-02 3.248280e-04 
3.881000e+02 2.981092e-02 4.692371e-02 9.295376e-01 7.715643e+03 1.381101e+03 1.967359e+02  5000 10000 1.265191e-03     0 3.724968e-02 5.271391e+01 1.294678e+02 6.051034e-02 3.288861e-04 
3.882000e+02 2.955017e-02 4.696689e-02 9.302034e-01 7.723398e+03 1.391467e+03 1.965605e+02  5000 10000 1.263638e-03     0 3.725232e-02 5.273533e+01 1.294707e+02 6.050750e-02 3.301049e-04 
3.883000e+02 2.928066e-02 4.701085e-02 9.308662e-01 7.731147e+03 1.401838e+03 1.963858e+02  5000 10000 1.209586e-03     0 3.725490e-02 5.275714e+01 1.294735e+02 6.050469e-02 3.267323e-04 
3.884000e+02 2.902255e-02 4.705565e-02 9.315239e-01 7.738888e+03 1.412215e+03 1.962116e+02  5000 10000 1.136803e-03     0 3.725749e-02 5.277934e+01 1.294763e+02 6.050191e-02 3.221622e-04 
3.885000e+02 2.878863e-02 4.710140e-02 9.321731e-01 7.746623e+03 1.422597e+03 1.960380e+02  5000 10000 1.060212e-03     0 3.726010e-02 5.280192e+01 1.294791e+02 6.049914e-02 3.212099e-04 
3.886000e+02 2.856940e-02 4.714809e-02 9.328126e-01 7.754351e+03 1.432984e+03 1.958650e+02  5000 10000 1.185559e-03     0 3.726269e-02 5.282489e+01 1.294819e+02 6.049637e-02 3.249978e-04 
3.887000e+02 2.833166e-02 4.719559e-02 9.334473e-01 7.762072e+03 1.443377e+03 1.956927e+02  5000 10000 1.184360e-03     0 3.726522e-02 5.284824e+01 1.294846e+02 6.049361e-02 3.261355e-04 
3.888000e+02 2.808574e-02 4.724386e-02 9.340793e-01 7.769787e+03 1.453775e+03 1.955211e+02  5000 10000 1.134179e-03     0 3.726771e-02 5.287197e+01 1.294874e+02 6.049088e-02 3.229895e-04 
3.889000e+02 2.785033e-02 4.729295e-02 9.347067e-01 7.777496e+03 1.464178e+03 1.953501e+02  5000 10000 1.066515e-03     0 3.727020e-02 5.289607e+01 1.294901e+02 6.048816e-02 3.187285e-04 
  389 2.763730e-02 4.734293e-02 9.353263e-01 7.785198e+03 1.474586e+03 1.951797e+02  5000 10000 9.952714e-04     0 3.727272e-02 5.292055e+01 1.294929e+02 6.048546e-02 3.178471e-04 
3.891000e+02 2.743783e-02 4.739382e-02 9.359368e-01 7.792893e+03 1.485000e+03 1.950101e+02  5000 10000 1.112580e-03     0 3.727522e-02 5.294539e+01 1.294956e+02 6.048275e-02 3.213920e-04 
3.892000e+02 2.722111e-02 4.744549e-02 9.365430e-01 7.800582e+03 1.495418e+03 1.948411e+02  5000 10000 1.111692e-03     0 3.727768e-02 5.297061e+01 1.294983e+02 6.048006e-02 3.224606e-04 
3.893000e+02 2.699674e-02 4.749791e-02 9.371468e-01 7.808265e+03 1.505841e+03 1.946728e+02  5000 10000 1.065063e-03     0 3.728010e-02 5.299619e+01 1.295010e+02 6.047738e-02 3.195291e-04 
3.894000e+02 2.678207e-02 4.755111e-02 9.377464e-01 7.815942e+03 1.516270e+03 1.945053e+02  5000 10000 1.002097e-03     0 3.728253e-02 5.302214e+01 1.295037e+02 6.047471e-02 3.155584e-04 
3.895000e+02 2.658812e-02 4.760517e-02 9.383388e-01 7.823613e+03 1.526703e+03 1.943385e+02  5000 10000 9.357653e-04     0 3.728497e-02 5.304845e+01 1.295063e+02 6.047206e-02 3.147478e-04 
3.896000e+02 2.640669e-02 4.766011e-02 9.389228e-01 7.831277e+03 1.537141e+03 1.941724e+02  5000 10000 1.045653e-03     0 3.728742e-02 5.307511e+01 1.295090e+02 6.046940e-02 3.180741e-04 
3.897000e+02 2.620918e-02 4.771579e-02 9.395029e-01 7.838935e+03 1.547583e+03 1.940070e+02  5000 10000 1.045038e-03     0 3.728983e-02 5.310213e+01 1.295116e+02 6.046675e-02 3.190845e-04 
3.898000e+02 2.600452e-02 4.777219e-02 9.400808e-01 7.846588e+03 1.558031e+03 1.938424e+02  5000 10000 1.001667e-03     0 3.729220e-02 5.312951e+01 1.295143e+02 6.046411e-02 3.163561e-04 
3.899000e+02 2.580881e-02 4.782935e-02 9.406549e-01 7.854234e+03 1.568483e+03 1.936786e+02  5000 10000 9.430201e-04     0 3.729459e-02 5.315723e+01 1.295169e+02 6.046148e-02 3.126582e-04 
  390 2.563230e-02 4.788733e-02 9.412224e-01 7.861874e+03 1.578940e+03 1.935155e+02  5000 10000 8.812035e-04     0 3.729701e-02 5.318530e+01 1.295195e+02 6.045885e-02 3.119180e-04 
3.901000e+02 2.546736e-02 4.794614e-02 9.417821e-01 7.869509e+03 1.589402e+03 1.933533e+02  5000 10000 9.842338e-04     0 3.729942e-02 5.321372e+01 1.295221e+02 6.045623e-02 3.150477e-04 
3.902000e+02 2.528741e-02 4.800568e-02 9.423382e-01 7.877138e+03 1.599868e+03 1.931918e+02  5000 10000 9.838593e-04     0 3.730180e-02 5.324248e+01 1.295247e+02 6.045360e-02 3.160096e-04 
3.903000e+02 2.510076e-02 4.806590e-02 9.428924e-01 7.884761e+03 1.610338e+03 1.930311e+02  5000 10000 9.434826e-04     0 3.730416e-02 5.327158e+01 1.295272e+02 6.045099e-02 3.134736e-04 
3.904000e+02 2.492240e-02 4.812686e-02 9.434431e-01 7.892378e+03 1.620813e+03 1.928712e+02  5000 10000 8.888069e-04     0 3.730654e-02 5.330102e+01 1.295298e+02 6.044838e-02 3.100325e-04 
3.905000e+02 2.476183e-02 4.818859e-02 9.439876e-01 7.899990e+03 1.631293e+03 1.927122e+02  5000 10000 8.311447e-04     0 3.730894e-02 5.333079e+01 1.295323e+02 6.044577e-02 3.093620e-04 
3.906000e+02 2.461197e-02 4.825112e-02 9.445250e-01 7.907596e+03 1.641777e+03 1.925540e+02  5000 10000 9.278337e-04     0 3.731135e-02 5.336089e+01 1.295349e+02 6.044316e-02 3.123150e-04 
3.907000e+02 2.444809e-02 4.831433e-02 9.450592e-01 7.915196e+03 1.652265e+03 1.923966e+02  5000 10000 9.276700e-04     0 3.731373e-02 5.339132e+01 1.295374e+02 6.044055e-02 3.132370e-04 
3.908000e+02 2.427794e-02 4.837822e-02 9.455916e-01 7.922791e+03 1.662758e+03 1.922401e+02  5000 10000 8.900466e-04     0 3.731610e-02 5.342208e+01 1.295399e+02 6.043794e-02 3.108834e-04 
3.909000e+02 2.411544e-02 4.844280e-02 9.461209e-01 7.930380e+03 1.673255e+03 1.920845e+02  5000 10000 8.390273e-04     0 3.731848e-02 5.345316e+01 1.295424e+02 6.043534e-02 3.076840e-04 
  391 2.396946e-02 4.850812e-02 9.466444e-01 7.937964e+03 1.683756e+03 1.919297e+02  5000 10000 7.851911e-04     0 3.732090e-02 5.348456e+01 1.295449e+02 6.043273e-02 3.070823e-04 
3.911000e+02 2.383339e-02 4.857420e-02 9.471614e-01 7.945542e+03 1.694262e+03 1.917758e+02  5000 10000 8.760116e-04     0 3.732332e-02 5.351627e+01 1.295473e+02 6.043012e-02 3.098765e-04 
3.912000e+02 2.368422e-02 4.864093e-02 9.476754e-01 7.953115e+03 1.704772e+03 1.916228e+02  5000 10000 8.760331e-04     0 3.732572e-02 5.354831e+01 1.295498e+02 6.042751e-02 3.107660e-04 
3.913000e+02 2.352917e-02 4.870831e-02 9.481879e-01 7.960683e+03 1.715285e+03 1.914706e+02  5000 10000 8.409442e-04     0 3.732812e-02 5.358065e+01 1.295522e+02 6.042490e-02 3.085855e-04 
3.914000e+02 2.338121e-02 4.877634e-02 9.486975e-01 7.968245e+03 1.725803e+03 1.913194e+02  5000 10000 7.932940e-04     0 3.733053e-02 5.361330e+01 1.295547e+02 6.042229e-02 3.056137e-04 
3.915000e+02 2.324858e-02 4.884509e-02 9.492018e-01 7.975803e+03 1.736326e+03 1.911691e+02  5000 10000 7.429848e-04     0 3.733297e-02 5.364626e+01 1.295571e+02 6.041968e-02 3.050797e-04 
3.916000e+02 2.312513e-02 4.891454e-02 9.497001e-01 7.983354e+03 1.746852e+03 1.910198e+02  5000 10000 8.283698e-04     0 3.733543e-02 5.367952e+01 1.295595e+02 6.041706e-02 3.077312e-04 
3.917000e+02 2.298944e-02 4.898463e-02 9.501956e-01 7.990901e+03 1.757382e+03 1.908713e+02  5000 10000 8.285543e-04     0 3.733788e-02 5.371308e+01 1.295619e+02 6.041443e-02 3.085949e-04 
3.918000e+02 2.284822e-02 4.905533e-02 9.506898e-01 7.998443e+03 1.767916e+03 1.907238e+02  5000 10000 7.958008e-04     0 3.734032e-02 5.374694e+01 1.295642e+02 6.041180e-02 3.065785e-04 
3.919000e+02 2.271358e-02 4.912665e-02 9.511814e-01 8.005979e+03 1.778454e+03 1.905773e+02  5000 10000 7.512581e-04     0 3.734278e-02 5.378109e+01 1.295666e+02 6.040917e-02 3.038212e-04 
  392 2.259318e-02 4.919864e-02 9.516682e-01 8.013510e+03 1.788996e+03 1.904317e+02  5000 10000 7.042035e-04     0 3.734528e-02 5.381554e+01 1.295690e+02 6.040654e-02 3.033536e-04 
3.921000e+02 2.248130e-02 4.927131e-02 9.521493e-01 8.021037e+03 1.799542e+03 1.902871e+02  5000 10000 7.845502e-04     0 3.734779e-02 5.385027e+01 1.295713e+02 6.040389e-02 3.058768e-04 
3.922000e+02 2.235795e-02 4.934457e-02 9.526279e-01 8.028558e+03 1.810092e+03 1.901434e+02  5000 10000 7.848783e-04     0 3.735029e-02 5.388528e+01 1.295736e+02 6.040124e-02 3.067203e-04 
3.923000e+02 2.222942e-02 4.941841e-02 9.531054e-01 8.036074e+03 1.820646e+03 1.900008e+02  5000 10000 7.542788e-04     0 3.735280e-02 5.392058e+01 1.295759e+02 6.039859e-02 3.048596e-04 
3.924000e+02 2.210698e-02 4.949285e-02 9.535805e-01 8.043585e+03 1.831204e+03 1.898591e+02  5000 10000 7.126052e-04     0 3.735533e-02 5.395616e+01 1.295782e+02 6.039593e-02 3.023044e-04 
3.925000e+02 2.199780e-02 4.956792e-02 9.540511e-01 8.051092e+03 1.841765e+03 1.897185e+02  5000 10000 6.685569e-04     0 3.735789e-02 5.399201e+01 1.295805e+02 6.039326e-02 3.019018e-04 
3.926000e+02 2.189651e-02 4.964362e-02 9.545165e-01 8.058593e+03 1.852330e+03 1.895788e+02  5000 10000 7.442294e-04     0 3.736047e-02 5.402813e+01 1.295828e+02 6.039058e-02 3.043096e-04 
3.927000e+02 2.178449e-02 4.971989e-02 9.549797e-01 8.066090e+03 1.862899e+03 1.894401e+02  5000 10000 7.446842e-04     0 3.736306e-02 5.406453e+01 1.295851e+02 6.038789e-02 3.051379e-04 
3.928000e+02 2.166759e-02 4.979670e-02 9.554419e-01 8.073582e+03 1.873472e+03 1.893025e+02  5000 10000 7.160738e-04     0 3.736564e-02 5.410119e+01 1.295873e+02 6.038519e-02 3.034248e-04 
3.929000e+02 2.155635e-02 4.987408e-02 9.559019e-01 8.081069e+03 1.884048e+03 1.891659e+02  5000 10000 6.770520e-04     0 3.736825e-02 5.413811e+01 1.295896e+02 6.038249e-02 3.010603e-04 
  393 2.145745e-02 4.995204e-02 9.563579e-01 8.088551e+03 1.894628e+03 1.890304e+02  5000 10000 6.357835e-04     0 3.737090e-02 5.417530e+01 1.295918e+02 6.037978e-02 3.007209e-04 
3.931000e+02 2.136588e-02 5.003061e-02 9.568089e-01 8.096028e+03 1.905212e+03 1.888959e+02  5000 10000 7.071157e-04     0 3.737357e-02 5.421274e+01 1.295940e+02 6.037706e-02 3.030248e-04 
3.932000e+02 2.126425e-02 5.010970e-02 9.572580e-01 8.103501e+03 1.915799e+03 1.887624e+02  5000 10000 7.076824e-04     0 3.737624e-02 5.425043e+01 1.295962e+02 6.037432e-02 3.038422e-04 
3.933000e+02 2.115803e-02 5.018931e-02 9.577062e-01 8.110969e+03 1.926390e+03 1.886300e+02  5000 10000 6.809108e-04     0 3.737892e-02 5.428838e+01 1.295984e+02 6.037158e-02 3.022691e-04 
3.934000e+02 2.105707e-02 5.026944e-02 9.581525e-01 8.118432e+03 1.936984e+03 1.884987e+02  5000 10000 6.443426e-04     0 3.738163e-02 5.432657e+01 1.296006e+02 6.036883e-02 3.000844e-04 
3.935000e+02 2.096760e-02 5.035013e-02 9.585949e-01 8.125891e+03 1.947582e+03 1.883684e+02  5000 10000 6.056474e-04     0 3.738438e-02 5.436501e+01 1.296027e+02 6.036606e-02 2.998067e-04 
3.936000e+02 2.088496e-02 5.043138e-02 9.590329e-01 8.133345e+03 1.958183e+03 1.882393e+02  5000 10000 6.729454e-04     0 3.738715e-02 5.440369e+01 1.296049e+02 6.036328e-02 3.020169e-04 
3.937000e+02 2.079287e-02 5.051312e-02 9.594691e-01 8.140795e+03 1.968788e+03 1.881112e+02  5000 10000 6.736111e-04     0 3.738993e-02 5.444261e+01 1.296070e+02 6.036049e-02 3.028270e-04 
3.938000e+02 2.069646e-02 5.059534e-02 9.599045e-01 8.148240e+03 1.979397e+03 1.879842e+02  5000 10000 6.485414e-04     0 3.739272e-02 5.448176e+01 1.296091e+02 6.035769e-02 3.013868e-04 
3.939000e+02 2.060494e-02 5.067806e-02 9.603382e-01 8.155680e+03 1.990009e+03 1.878583e+02  5000 10000 6.142459e-04     0 3.739554e-02 5.452114e+01 1.296112e+02 6.035488e-02 2.993717e-04 
  394 2.052414e-02 5.076129e-02 9.607684e-01 8.163116e+03 2.000624e+03 1.877335e+02  5000 10000 5.779356e-04     0 3.739839e-02 5.456075e+01 1.296134e+02 6.035205e-02 2.991538e-04 
3.941000e+02 2.044969e-02 5.084503e-02 9.611945e-01 8.170548e+03 2.011243e+03 1.876099e+02  5000 10000 6.414797e-04     0 3.740128e-02 5.460059e+01 1.296154e+02 6.034921e-02 3.012796e-04 
3.942000e+02 2.036637e-02 5.092924e-02 9.616189e-01 8.177975e+03 2.021865e+03 1.874873e+02  5000 10000 6.422332e-04     0 3.740417e-02 5.464065e+01 1.296175e+02 6.034635e-02 3.020856e-04 
3.943000e+02 2.027898e-02 5.101390e-02 9.620427e-01 8.185397e+03 2.032490e+03 1.873659e+02  5000 10000 6.187404e-04     0 3.740708e-02 5.468092e+01 1.296196e+02 6.034349e-02 3.007714e-04 
3.944000e+02 2.019613e-02 5.109901e-02 9.624650e-01 8.192815e+03 2.043119e+03 1.872457e+02  5000 10000 5.865528e-04     0 3.741002e-02 5.472142e+01 1.296216e+02 6.034061e-02 2.989165e-04 
3.945000e+02 2.012330e-02 5.118460e-02 9.628840e-01 8.200229e+03 2.053751e+03 1.871265e+02  5000 10000 5.524555e-04     0 3.741300e-02 5.476212e+01 1.296237e+02 6.033771e-02 2.987565e-04 
3.946000e+02 2.005638e-02 5.127066e-02 9.632992e-01 8.207639e+03 2.064387e+03 1.870085e+02  5000 10000 6.125021e-04     0 3.741601e-02 5.480303e+01 1.296257e+02 6.033480e-02 3.008061e-04 
3.947000e+02 1.998113e-02 5.135716e-02 9.637130e-01 8.215044e+03 2.075025e+03 1.868917e+02  5000 10000 6.133332e-04     0 3.741904e-02 5.484415e+01 1.296277e+02 6.033187e-02 3.016107e-04 
3.948000e+02 1.990203e-02 5.144406e-02 9.641262e-01 8.222444e+03 2.085667e+03 1.867760e+02  5000 10000 5.913037e-04     0 3.742208e-02 5.488547e+01 1.296297e+02 6.032893e-02 3.004162e-04 
3.949000e+02 1.982717e-02 5.153139e-02 9.645381e-01 8.229841e+03 2.096313e+03 1.866615e+02  5000 10000 5.610735e-04     0 3.742515e-02 5.492699e+01 1.296317e+02 6.032597e-02 2.987128e-04 
  395 1.976167e-02 5.161915e-02 9.649469e-01 8.237233e+03 2.106961e+03 1.865482e+02  5000 10000 5.290324e-04     0 3.742827e-02 5.496870e+01 1.296337e+02 6.032300e-02 2.986089e-04 
3.951000e+02 1.970168e-02 5.170735e-02 9.653523e-01 8.244620e+03 2.117613e+03 1.864360e+02  5000 10000 5.858157e-04     0 3.743141e-02 5.501061e+01 1.296357e+02 6.032001e-02 3.005897e-04 
3.952000e+02 1.963385e-02 5.179595e-02 9.657564e-01 8.252004e+03 2.128268e+03 1.863251e+02  5000 10000 5.867153e-04     0 3.743458e-02 5.505270e+01 1.296376e+02 6.031700e-02 3.013952e-04 
3.953000e+02 1.956240e-02 5.188492e-02 9.661600e-01 8.259383e+03 2.138926e+03 1.862153e+02  5000 10000 5.660453e-04     0 3.743776e-02 5.509498e+01 1.296396e+02 6.031398e-02 3.003146e-04 
3.954000e+02 1.949489e-02 5.197427e-02 9.665625e-01 8.266758e+03 2.149587e+03 1.861067e+02  5000 10000 5.376353e-04     0 3.744098e-02 5.513744e+01 1.296415e+02 6.031094e-02 2.987544e-04 
3.955000e+02 1.943614e-02 5.206402e-02 9.669621e-01 8.274129e+03 2.160252e+03 1.859993e+02  5000 10000 5.075075e-04     0 3.744423e-02 5.518008e+01 1.296434e+02 6.030788e-02 2.987049e-04 
3.956000e+02 1.938253e-02 5.215418e-02 9.673586e-01 8.281496e+03 2.170919e+03 1.858931e+02  5000 10000 5.612408e-04     0 3.744752e-02 5.522289e+01 1.296453e+02 6.030481e-02 3.006235e-04 
3.957000e+02 1.932154e-02 5.224469e-02 9.677539e-01 8.288858e+03 2.181590e+03 1.857881e+02  5000 10000 5.622006e-04     0 3.745083e-02 5.526588e+01 1.296472e+02 6.030171e-02 3.014322e-04 
3.958000e+02 1.925713e-02 5.233554e-02 9.681489e-01 8.296217e+03 2.192264e+03 1.856843e+02  5000 10000 5.427956e-04     0 3.745417e-02 5.530904e+01 1.296491e+02 6.029861e-02 3.004600e-04 
3.959000e+02 1.919640e-02 5.242673e-02 9.685428e-01 8.303571e+03 2.202941e+03 1.855818e+02  5000 10000 5.160807e-04     0 3.745754e-02 5.535236e+01 1.296510e+02 6.029548e-02 2.990356e-04 
  396 1.914387e-02 5.251829e-02 9.689341e-01 8.310921e+03 2.213621e+03 1.854804e+02  5000 10000 4.877358e-04     0 3.746095e-02 5.539584e+01 1.296529e+02 6.029233e-02 2.990389e-04 
3.961000e+02 1.909615e-02 5.261021e-02 9.693225e-01 8.318267e+03 2.224304e+03 1.853803e+02  5000 10000 5.386131e-04     0 3.746439e-02 5.543948e+01 1.296547e+02 6.028917e-02 3.009015e-04 
3.962000e+02 1.904147e-02 5.270244e-02 9.697099e-01 8.325609e+03 2.234990e+03 1.852815e+02  5000 10000 5.396252e-04     0 3.746786e-02 5.548327e+01 1.296565e+02 6.028598e-02 3.017151e-04 
3.963000e+02 1.898356e-02 5.279499e-02 9.700971e-01 8.332947e+03 2.245679e+03 1.851838e+02  5000 10000 5.213990e-04     0 3.747135e-02 5.552722e+01 1.296584e+02 6.028278e-02 3.008465e-04 
3.964000e+02 1.892910e-02 5.288784e-02 9.704833e-01 8.340281e+03 2.256371e+03 1.850874e+02  5000 10000 4.962655e-04     0 3.747488e-02 5.557131e+01 1.296602e+02 6.027956e-02 2.995513e-04 
3.965000e+02 1.888231e-02 5.298101e-02 9.708672e-01 8.347610e+03 2.267066e+03 1.849923e+02  5000 10000 4.695850e-04     0 3.747844e-02 5.561555e+01 1.296620e+02 6.027632e-02 2.996059e-04 
3.966000e+02 1.884003e-02 5.307451e-02 9.712483e-01 8.354936e+03 2.277764e+03 1.848984e+02  5000 10000 5.177815e-04     0 3.748205e-02 5.565993e+01 1.296638e+02 6.027306e-02 3.014179e-04 
3.967000e+02 1.879118e-02 5.316829e-02 9.716286e-01 8.362258e+03 2.288465e+03 1.848058e+02  5000 10000 5.188386e-04     0 3.748568e-02 5.570445e+01 1.296656e+02 6.026978e-02 3.022384e-04 
3.968000e+02 1.873928e-02 5.326233e-02 9.720087e-01 8.369576e+03 2.299169e+03 1.847144e+02  5000 10000 5.017127e-04     0 3.748933e-02 5.574910e+01 1.296674e+02 6.026648e-02 3.014690e-04 
3.969000e+02 1.869060e-02 5.335665e-02 9.723880e-01 8.376889e+03 2.309876e+03 1.846243e+02  5000 10000 4.780570e-04     0 3.749303e-02 5.579388e+01 1.296691e+02 6.026316e-02 3.002970e-04 
  397 1.864912e-02 5.345126e-02 9.727652e-01 8.384199e+03 2.320586e+03 1.845354e+02  5000 10000 4.529330e-04     0 3.749676e-02 5.583879e+01 1.296709e+02 6.025982e-02 3.004017e-04 
3.971000e+02 1.861187e-02 5.354614e-02 9.731398e-01 8.391505e+03 2.331299e+03 1.844478e+02  5000 10000 4.986067e-04     0 3.750053e-02 5.588383e+01 1.296726e+02 6.025646e-02 3.021685e-04 
3.972000e+02 1.856842e-02 5.364128e-02 9.735137e-01 8.398807e+03 2.342015e+03 1.843615e+02  5000 10000 4.997016e-04     0 3.750433e-02 5.592898e+01 1.296743e+02 6.025308e-02 3.029976e-04 
3.973000e+02 1.852208e-02 5.373664e-02 9.738876e-01 8.406105e+03 2.352734e+03 1.842765e+02  5000 10000 4.836046e-04     0 3.750816e-02 5.597426e+01 1.296761e+02 6.024968e-02 3.023237e-04 
3.974000e+02 1.847876e-02 5.383224e-02 9.742607e-01 8.413398e+03 2.363455e+03 1.841927e+02  5000 10000 4.613327e-04     0 3.751202e-02 5.601964e+01 1.296778e+02 6.024626e-02 3.012697e-04 
3.975000e+02 1.844221e-02 5.392808e-02 9.746319e-01 8.420689e+03 2.374180e+03 1.841103e+02  5000 10000 4.376676e-04     0 3.751593e-02 5.606514e+01 1.296795e+02 6.024282e-02 3.014237e-04 
3.976000e+02 1.840961e-02 5.402417e-02 9.750008e-01 8.427975e+03 2.384907e+03 1.840291e+02  5000 10000 4.809598e-04     0 3.751987e-02 5.611074e+01 1.296811e+02 6.023935e-02 3.031499e-04 
3.977000e+02 1.837117e-02 5.412047e-02 9.753690e-01 8.435257e+03 2.395637e+03 1.839492e+02  5000 10000 4.820853e-04     0 3.752384e-02 5.615645e+01 1.296828e+02 6.023586e-02 3.039896e-04 
3.978000e+02 1.833000e-02 5.421696e-02 9.757372e-01 8.442535e+03 2.406370e+03 1.838706e+02  5000 10000 4.669525e-04     0 3.752784e-02 5.620226e+01 1.296845e+02 6.023236e-02 3.034081e-04 
3.979000e+02 1.829165e-02 5.431365e-02 9.761049e-01 8.449810e+03 2.417106e+03 1.837933e+02  5000 10000 4.459794e-04     0 3.753189e-02 5.624816e+01 1.296861e+02 6.022883e-02 3.024677e-04 
  398 1.825967e-02 5.441055e-02 9.764708e-01 8.457080e+03 2.427845e+03 1.837173e+02  5000 10000 4.236846e-04     0 3.753597e-02 5.629416e+01 1.296878e+02 6.022528e-02 3.026704e-04 
3.981000e+02 1.823139e-02 5.450765e-02 9.768345e-01 8.464347e+03 2.438586e+03 1.836427e+02  5000 10000 4.647210e-04     0 3.754009e-02 5.634024e+01 1.296894e+02 6.022171e-02 3.043607e-04 
3.982000e+02 1.819761e-02 5.460493e-02 9.771977e-01 8.471610e+03 2.449331e+03 1.835693e+02  5000 10000 4.658698e-04     0 3.754424e-02 5.638642e+01 1.296910e+02 6.021811e-02 3.052130e-04 
3.983000e+02 1.816124e-02 5.470236e-02 9.775610e-01 8.478869e+03 2.460078e+03 1.834972e+02  5000 10000 4.516424e-04     0 3.754842e-02 5.643267e+01 1.296926e+02 6.021450e-02 3.047214e-04 
3.984000e+02 1.812753e-02 5.479996e-02 9.779238e-01 8.486124e+03 2.470828e+03 1.834264e+02  5000 10000 4.318913e-04     0 3.755264e-02 5.647901e+01 1.296942e+02 6.021086e-02 3.038910e-04 
3.985000e+02 1.809979e-02 5.489772e-02 9.782850e-01 8.493376e+03 2.481580e+03 1.833570e+02  5000 10000 4.108871e-04     0 3.755690e-02 5.652542e+01 1.296958e+02 6.020721e-02 3.041422e-04 
3.986000e+02 1.807555e-02 5.499565e-02 9.786443e-01 8.500623e+03 2.492336e+03 1.832888e+02  5000 10000 4.497781e-04     0 3.756121e-02 5.657190e+01 1.296974e+02 6.020352e-02 3.058012e-04 
3.987000e+02 1.804611e-02 5.509372e-02 9.790031e-01 8.507867e+03 2.503094e+03 1.832220e+02  5000 10000 4.509430e-04     0 3.756554e-02 5.661845e+01 1.296990e+02 6.019982e-02 3.066682e-04 
3.988000e+02 1.801422e-02 5.519191e-02 9.793621e-01 8.515107e+03 2.513855e+03 1.831565e+02  5000 10000 4.375679e-04     0 3.756990e-02 5.666507e+01 1.297005e+02 6.019609e-02 3.062648e-04 
3.989000e+02 1.798483e-02 5.529022e-02 9.797206e-01 8.522343e+03 2.524619e+03 1.830923e+02  5000 10000 4.189698e-04     0 3.757430e-02 5.671175e+01 1.297021e+02 6.019235e-02 3.055416e-04 
  399 1.796107e-02 5.538866e-02 9.800778e-01 8.529576e+03 2.535385e+03 1.830295e+02  5000 10000 3.991848e-04     0 3.757875e-02 5.675849e+01 1.297036e+02 6.018857e-02 3.058418e-04 
3.991000e+02 1.794059e-02 5.548723e-02 9.804331e-01 8.536804e+03 2.546154e+03 1.829679e+02  5000 10000 4.360264e-04     0 3.758323e-02 5.680528e+01 1.297051e+02 6.018478e-02 3.074738e-04 
3.992000e+02 1.791520e-02 5.558590e-02 9.807881e-01 8.544029e+03 2.556926e+03 1.829077e+02  5000 10000 4.371996e-04     0 3.758775e-02 5.685213e+01 1.297067e+02 6.018096e-02 3.083578e-04 
3.993000e+02 1.788752e-02 5.568466e-02 9.811433e-01 8.551250e+03 2.567701e+03 1.828489e+02  5000 10000 4.246292e-04     0 3.759230e-02 5.689902e+01 1.297082e+02 6.017712e-02 3.080418e-04 
3.994000e+02 1.786218e-02 5.578350e-02 9.814982e-01 8.558468e+03 2.578478e+03 1.827913e+02  5000 10000 4.071225e-04     0 3.759689e-02 5.694596e+01 1.297097e+02 6.017326e-02 3.074239e-04 
3.995000e+02 1.784214e-02 5.588244e-02 9.818518e-01 8.565681e+03 2.589258e+03 1.827351e+02  5000 10000 3.884930e-04     0 3.760152e-02 5.699295e+01 1.297112e+02 6.016938e-02 3.077738e-04 
3.996000e+02 1.782519e-02 5.598146e-02 9.822038e-01 8.572891e+03 2.600041e+03 1.826802e+02  5000 10000 4.233671e-04     0 3.760619e-02 5.703996e+01 1.297126e+02 6.016547e-02 3.093832e-04 
3.997000e+02 1.780362e-02 5.608055e-02 9.825555e-01 8.580097e+03 2.610826e+03 1.826267e+02  5000 10000 4.245408e-04     0 3.761089e-02 5.708702e+01 1.297141e+02 6.016154e-02 3.102870e-04 
3.998000e+02 1.777988e-02 5.617969e-02 9.829075e-01 8.587299e+03 2.621614e+03 1.825745e+02  5000 10000 4.127324e-04     0 3.761563e-02 5.713410e+01 1.297156e+02 6.015759e-02 3.100580e-04 
3.999000e+02 1.775835e-02 5.627887e-02 9.832593e-01 8.594498e+03 2.632405e+03 1.825236e+02  5000 10000 3.962625e-04     0 3.762040e-02 5.718122e+01 1.297170e+02 6.015361e-02 3.095444e-04 
  400 1.774181e-02 5.637812e-02 9.836099e-01 8.601693e+03 2.643199e+03 1.824741e+02  5000 10000 3.787322e-04     0 3.762522e-02 5.722836e+01 1.297185e+02 6.014961e-02 3.099453e-04 
4.001000e+02 1.772819e-02 5.647741e-02 9.839591e-01 8.608884e+03 2.653995e+03 1.824259e+02  5000 10000 4.117072e-04     0 3.763008e-02 5.727552e+01 1.297199e+02 6.014559e-02 3.115366e-04 
4.002000e+02 1.771022e-02 5.657673e-02 9.843081e-01 8.616072e+03 2.664793e+03 1.823791e+02  5000 10000 4.128730e-04     0 3.763496e-02 5.732269e+01 1.297213e+02 6.014154e-02 3.124633e-04 
4.003000e+02 1.769021e-02 5.667607e-02 9.846574e-01 8.623256e+03 2.675595e+03 1.823335e+02  5000 10000 4.017888e-04     0 3.763989e-02 5.736989e+01 1.297227e+02 6.013748e-02 3.123218e-04 
4.004000e+02 1.767229e-02 5.677541e-02 9.850065e-01 8.630436e+03 2.686399e+03 1.822894e+02  5000 10000 3.863078e-04     0 3.764485e-02 5.741709e+01 1.297241e+02 6.013339e-02 3.119124e-04 
4.005000e+02 1.765906e-02 5.687478e-02 9.853546e-01 8.637612e+03 2.697205e+03 1.822465e+02  5000 10000 3.698274e-04     0 3.764985e-02 5.746430e+01 1.297255e+02 6.012927e-02 3.123662e-04 
4.006000e+02 1.764859e-02 5.697416e-02 9.857015e-01 8.644785e+03 2.708015e+03 1.822051e+02  5000 10000 4.009586e-04     0 3.765490e-02 5.751152e+01 1.297269e+02 6.012513e-02 3.139438e-04 
4.007000e+02 1.763403e-02 5.707354e-02 9.860482e-01 8.651954e+03 2.718826e+03 1.821649e+02  5000 10000 4.021078e-04     0 3.765997e-02 5.755873e+01 1.297283e+02 6.012097e-02 3.148968e-04 
4.008000e+02 1.761757e-02 5.717289e-02 9.863953e-01 8.659119e+03 2.729641e+03 1.821261e+02  5000 10000 3.917146e-04     0 3.766508e-02 5.760595e+01 1.297296e+02 6.011679e-02 3.148443e-04 
4.009000e+02 1.760307e-02 5.727221e-02 9.867423e-01 8.666281e+03 2.740458e+03 1.820886e+02  5000 10000 3.771810e-04     0 3.767023e-02 5.765316e+01 1.297310e+02 6.011258e-02 3.145399e-04 
  401 1.759300e-02 5.737152e-02 9.870885e-01 8.673439e+03 2.751278e+03 1.820525e+02  5000 10000 3.617079e-04     0 3.767542e-02 5.770035e+01 1.297323e+02 6.010835e-02 3.150492e-04 
4.011000e+02 1.758553e-02 5.747081e-02 9.874334e-01 8.680593e+03 2.762100e+03 1.820178e+02  5000 10000 3.910376e-04     0 3.768065e-02 5.774754e+01 1.297337e+02 6.010410e-02 3.166178e-04 
4.012000e+02 1.757423e-02 5.757005e-02 9.877784e-01 8.687743e+03 2.772925e+03 1.819843e+02  5000 10000 3.921610e-04     0 3.768592e-02 5.779471e+01 1.297350e+02 6.009982e-02 3.176009e-04 
4.013000e+02 1.756116e-02 5.766923e-02 9.881238e-01 8.694890e+03 2.783752e+03 1.819522e+02  5000 10000 3.824300e-04     0 3.769121e-02 5.784187e+01 1.297363e+02 6.009552e-02 3.176395e-04 
4.014000e+02 1.754994e-02 5.776836e-02 9.884691e-01 8.702034e+03 2.794582e+03 1.819215e+02  5000 10000 3.688085e-04     0 3.769655e-02 5.788900e+01 1.297376e+02 6.009120e-02 3.174421e-04 
4.015000e+02 1.754289e-02 5.786743e-02 9.888137e-01 8.709173e+03 2.805415e+03 1.818921e+02  5000 10000 3.543071e-04     0 3.770193e-02 5.793610e+01 1.297389e+02 6.008686e-02 3.180098e-04 
4.016000e+02 1.753829e-02 5.796645e-02 9.891573e-01 8.716309e+03 2.816250e+03 1.818640e+02  5000 10000 3.818647e-04     0 3.770734e-02 5.798318e+01 1.297402e+02 6.008249e-02 3.195744e-04 
4.017000e+02 1.753014e-02 5.806538e-02 9.895009e-01 8.723441e+03 2.827088e+03 1.818373e+02  5000 10000 3.829527e-04     0 3.771279e-02 5.803022e+01 1.297415e+02 6.007809e-02 3.205918e-04 
4.018000e+02 1.752033e-02 5.816422e-02 9.898450e-01 8.730570e+03 2.837928e+03 1.818119e+02  5000 10000 3.738593e-04     0 3.771827e-02 5.807723e+01 1.297427e+02 6.007368e-02 3.207248e-04 
4.019000e+02 1.751227e-02 5.826296e-02 9.901892e-01 8.737694e+03 2.848771e+03 1.817879e+02  5000 10000 3.611206e-04     0 3.772379e-02 5.812420e+01 1.297440e+02 6.006925e-02 3.206370e-04 
  402 1.750813e-02 5.836162e-02 9.905327e-01 8.744816e+03 2.859617e+03 1.817652e+02  5000 10000 3.475616e-04     0 3.772935e-02 5.817112e+01 1.297453e+02 6.006479e-02 3.212670e-04 
4.021000e+02 1.750632e-02 5.846018e-02 9.908753e-01 8.751933e+03 2.870465e+03 1.817438e+02  5000 10000 3.733638e-04     0 3.773495e-02 5.821801e+01 1.297465e+02 6.006030e-02 3.228325e-04 
4.022000e+02 1.750120e-02 5.855863e-02 9.912181e-01 8.759047e+03 2.881316e+03 1.817238e+02  5000 10000 3.744061e-04     0 3.774058e-02 5.826484e+01 1.297477e+02 6.005580e-02 3.238891e-04 
4.023000e+02 1.749455e-02 5.865695e-02 9.915613e-01 8.766157e+03 2.892169e+03 1.817051e+02  5000 10000 3.659301e-04     0 3.774625e-02 5.831162e+01 1.297490e+02 6.005127e-02 3.241205e-04 
4.024000e+02 1.748957e-02 5.875514e-02 9.919047e-01 8.773264e+03 2.903024e+03 1.816877e+02  5000 10000 3.540510e-04     0 3.775195e-02 5.835835e+01 1.297502e+02 6.004672e-02 3.241462e-04 
4.025000e+02 1.748827e-02 5.885321e-02 9.922476e-01 8.780367e+03 2.913883e+03 1.816717e+02  5000 10000 3.414114e-04     0 3.775769e-02 5.840502e+01 1.297514e+02 6.004215e-02 3.248430e-04 
4.026000e+02 1.748916e-02 5.895115e-02 9.925897e-01 8.787466e+03 2.924743e+03 1.816569e+02  5000 10000 3.654622e-04     0 3.776348e-02 5.845163e+01 1.297526e+02 6.003756e-02 3.264149e-04 
4.027000e+02 1.748701e-02 5.904893e-02 9.929320e-01 8.794561e+03 2.935607e+03 1.816436e+02  5000 10000 3.664478e-04     0 3.776929e-02 5.849817e+01 1.297538e+02 6.003294e-02 3.275161e-04 
4.028000e+02 1.748346e-02 5.914656e-02 9.932748e-01 8.801653e+03 2.946473e+03 1.816315e+02  5000 10000 3.585730e-04     0 3.777513e-02 5.854465e+01 1.297550e+02 6.002830e-02 3.278509e-04 
4.029000e+02 1.748149e-02 5.924403e-02 9.936178e-01 8.808741e+03 2.957341e+03 1.816208e+02  5000 10000 3.475363e-04     0 3.778101e-02 5.859105e+01 1.297562e+02 6.002364e-02 3.279951e-04 
  403 1.748297e-02 5.934133e-02 9.939605e-01 8.815826e+03 2.968212e+03 1.816114e+02  5000 10000 3.357996e-04     0 3.778694e-02 5.863738e+01 1.297573e+02 6.001896e-02 3.287638e-04 
4.031000e+02 1.748653e-02 5.943847e-02 9.943025e-01 8.822907e+03 2.979086e+03 1.816033e+02  5000 10000 3.580894e-04     0 3.779289e-02 5.868364e+01 1.297585e+02 6.001425e-02 3.303479e-04 
4.032000e+02 1.748730e-02 5.953543e-02 9.946447e-01 8.829984e+03 2.989962e+03 1.815966e+02  5000 10000 3.590067e-04     0 3.779888e-02 5.872981e+01 1.297597e+02 6.000952e-02 3.314996e-04 
4.033000e+02 1.748682e-02 5.963219e-02 9.949876e-01 8.837058e+03 3.000840e+03 1.815911e+02  5000 10000 3.517212e-04     0 3.780491e-02 5.877590e+01 1.297608e+02 6.000477e-02 3.319439e-04 
4.034000e+02 1.748783e-02 5.972876e-02 9.953307e-01 8.844127e+03 3.011721e+03 1.815870e+02  5000 10000 3.415156e-04     0 3.781096e-02 5.882191e+01 1.297619e+02 6.000001e-02 3.322129e-04 
4.035000e+02 1.749206e-02 5.982513e-02 9.956735e-01 8.851194e+03 3.022605e+03 1.815842e+02  5000 10000 3.306716e-04     0 3.781706e-02 5.886782e+01 1.297631e+02 5.999521e-02 3.330597e-04 
4.036000e+02 1.749826e-02 5.992131e-02 9.960159e-01 8.858256e+03 3.033491e+03 1.815827e+02  5000 10000 3.511776e-04     0 3.782319e-02 5.891364e+01 1.297642e+02 5.999040e-02 3.346619e-04 
4.037000e+02 1.750195e-02 6.001727e-02 9.963585e-01 8.865315e+03 3.044379e+03 1.815825e+02  5000 10000 3.520141e-04     0 3.782935e-02 5.895937e+01 1.297653e+02 5.998556e-02 3.358709e-04 
4.038000e+02 1.750452e-02 6.011300e-02 9.967018e-01 8.872370e+03 3.055271e+03 1.815837e+02  5000 10000 3.453101e-04     0 3.783555e-02 5.900500e+01 1.297664e+02 5.998071e-02 3.364320e-04 
4.039000e+02 1.750850e-02 6.020851e-02 9.970454e-01 8.879421e+03 3.066164e+03 1.815861e+02  5000 10000 3.359303e-04     0 3.784178e-02 5.905052e+01 1.297675e+02 5.997583e-02 3.368331e-04 
  404 1.751550e-02 6.030379e-02 9.973888e-01 8.886469e+03 3.077060e+03 1.815898e+02  5000 10000 3.259755e-04     0 3.784804e-02 5.909594e+01 1.297686e+02 5.997094e-02 3.377649e-04 
4.041000e+02 1.752435e-02 6.039883e-02 9.977319e-01 8.893513e+03 3.087959e+03 1.815948e+02  5000 10000 3.446603e-04     0 3.785435e-02 5.914126e+01 1.297697e+02 5.996602e-02 3.393920e-04 
4.042000e+02 1.753096e-02 6.049363e-02 9.980754e-01 8.900554e+03 3.098860e+03 1.816012e+02  5000 10000 3.454024e-04     0 3.786068e-02 5.918646e+01 1.297708e+02 5.996108e-02 3.406656e-04 
4.043000e+02 1.753661e-02 6.058817e-02 9.984195e-01 8.907590e+03 3.109764e+03 1.816088e+02  5000 10000 3.392764e-04     0 3.786704e-02 5.923155e+01 1.297718e+02 5.995612e-02 3.413521e-04 
4.044000e+02 1.754359e-02 6.068245e-02 9.987640e-01 8.914623e+03 3.120670e+03 1.816177e+02  5000 10000 3.307235e-04     0 3.787344e-02 5.927652e+01 1.297729e+02 5.995114e-02 3.418941e-04 
4.045000e+02 1.755338e-02 6.077647e-02 9.991085e-01 8.921652e+03 3.131579e+03 1.816279e+02  5000 10000 3.216609e-04     0 3.787987e-02 5.932137e+01 1.297739e+02 5.994614e-02 3.429191e-04 
4.046000e+02 1.756491e-02 6.087023e-02 9.994527e-01 8.928678e+03 3.142490e+03 1.816393e+02  5000 10000 3.384718e-04     0 3.788633e-02 5.936610e+01 1.297750e+02 5.994112e-02 3.445780e-04 
4.047000e+02 1.757450e-02 6.096370e-02 9.997974e-01 8.935700e+03 3.153404e+03 1.816521e+02  5000 10000 3.391048e-04     0 3.789283e-02 5.941070e+01 1.297760e+02 5.993607e-02 3.459248e-04 
4.048000e+02 1.758327e-02 6.105689e-02 1.000143e+00 8.942718e+03 3.164320e+03 1.816661e+02  5000 10000 3.335577e-04     0 3.789935e-02 5.945517e+01 1.297770e+02 5.993101e-02 3.467466e-04 
4.049000e+02 1.759332e-02 6.114979e-02 1.000489e+00 8.949732e+03 3.175239e+03 1.816814e+02  5000 10000 3.258391e-04     0 3.790591e-02 5.949952e+01 1.297781e+02 5.992593e-02 3.474399e-04 
  405 1.760595e-02 6.124239e-02 1.000835e+00 8.956743e+03 3.186160e+03 1.816980e+02  5000 10000 3.176791e-04     0 3.791250e-02 5.954372e+01 1.297791e+02 5.992083e-02 3.485671e-04 
4.051000e+02 1.762023e-02 6.133470e-02 1.001180e+00 8.963750e+03 3.197084e+03 1.817158e+02  5000 10000 3.325468e-04     0 3.791912e-02 5.958780e+01 1.297801e+02 5.991571e-02 3.502658e-04 
4.052000e+02 1.763286e-02 6.142670e-02 1.001527e+00 8.970753e+03 3.208011e+03 1.817349e+02  5000 10000 3.330546e-04     0 3.792578e-02 5.963173e+01 1.297811e+02 5.991058e-02 3.516950e-04 
4.053000e+02 1.764486e-02 6.151838e-02 1.001874e+00 8.977753e+03 3.218939e+03 1.817553e+02  5000 10000 3.280918e-04     0 3.793246e-02 5.967551e+01 1.297821e+02 5.990542e-02 3.526637e-04 
4.054000e+02 1.765806e-02 6.160973e-02 1.002221e+00 8.984748e+03 3.229871e+03 1.817769e+02  5000 10000 3.212220e-04     0 3.793917e-02 5.971916e+01 1.297831e+02 5.990024e-02 3.535205e-04 
4.055000e+02 1.767362e-02 6.170077e-02 1.002569e+00 8.991740e+03 3.240805e+03 1.817998e+02  5000 10000 3.139822e-04     0 3.794591e-02 5.976265e+01 1.297840e+02 5.989505e-02 3.547605e-04 
4.056000e+02 1.769075e-02 6.179147e-02 1.002917e+00 8.998729e+03 3.251741e+03 1.818239e+02  5000 10000 3.268190e-04     0 3.795269e-02 5.980599e+01 1.297850e+02 5.988984e-02 3.565074e-04 
4.057000e+02 1.770654e-02 6.188184e-02 1.003265e+00 9.005713e+03 3.262680e+03 1.818493e+02  5000 10000 3.271836e-04     0 3.795949e-02 5.984918e+01 1.297860e+02 5.988460e-02 3.580298e-04 
4.058000e+02 1.772188e-02 6.197186e-02 1.003615e+00 9.012694e+03 3.273621e+03 1.818759e+02  5000 10000 3.228155e-04     0 3.796632e-02 5.989221e+01 1.297869e+02 5.987935e-02 3.591587e-04 
4.059000e+02 1.773836e-02 6.206153e-02 1.003964e+00 9.019671e+03 3.284565e+03 1.819037e+02  5000 10000 3.168161e-04     0 3.797318e-02 5.993508e+01 1.297879e+02 5.987409e-02 3.601930e-04 
  406 1.775698e-02 6.215084e-02 1.004315e+00 9.026644e+03 3.295512e+03 1.819327e+02  5000 10000 3.105223e-04     0 3.798007e-02 5.997779e+01 1.297888e+02 5.986880e-02 3.615578e-04 
4.061000e+02 1.777707e-02 6.223980e-02 1.004665e+00 9.033613e+03 3.306461e+03 1.819630e+02  5000 10000 3.212200e-04     0 3.798699e-02 6.002033e+01 1.297898e+02 5.986350e-02 3.633624e-04 
4.062000e+02 1.779617e-02 6.232839e-02 1.005016e+00 9.040579e+03 3.317412e+03 1.819945e+02  5000 10000 3.214214e-04     0 3.799394e-02 6.006271e+01 1.297907e+02 5.985818e-02 3.649901e-04 
4.063000e+02 1.781502e-02 6.241660e-02 1.005368e+00 9.047541e+03 3.328366e+03 1.820273e+02  5000 10000 3.176635e-04     0 3.800091e-02 6.010491e+01 1.297916e+02 5.985284e-02 3.662948e-04 
4.064000e+02 1.783494e-02 6.250444e-02 1.005720e+00 9.054498e+03 3.339323e+03 1.820612e+02  5000 10000 3.125642e-04     0 3.800792e-02 6.014694e+01 1.297925e+02 5.984748e-02 3.675229e-04 
4.065000e+02 1.785678e-02 6.259189e-02 1.006073e+00 9.061453e+03 3.350282e+03 1.820963e+02  5000 10000 3.072510e-04     0 3.801495e-02 6.018880e+01 1.297935e+02 5.984211e-02 3.690264e-04 
4.066000e+02 1.788000e-02 6.267895e-02 1.006426e+00 9.068403e+03 3.361243e+03 1.821327e+02  5000 10000 3.156781e-04     0 3.802200e-02 6.023047e+01 1.297944e+02 5.983673e-02 3.708995e-04 
4.067000e+02 1.790260e-02 6.276562e-02 1.006780e+00 9.075349e+03 3.372207e+03 1.821702e+02  5000 10000 3.156937e-04     0 3.802909e-02 6.027197e+01 1.297953e+02 5.983132e-02 3.726460e-04 
4.068000e+02 1.792515e-02 6.285188e-02 1.007135e+00 9.082292e+03 3.383174e+03 1.822090e+02  5000 10000 3.125670e-04     0 3.803619e-02 6.031328e+01 1.297962e+02 5.982590e-02 3.741444e-04 
4.069000e+02 1.794873e-02 6.293774e-02 1.007491e+00 9.089231e+03 3.394143e+03 1.822489e+02  5000 10000 3.084065e-04     0 3.804333e-02 6.035441e+01 1.297970e+02 5.982046e-02 3.755856e-04 
  407 1.797399e-02 6.302319e-02 1.007847e+00 9.096166e+03 3.405115e+03 1.822900e+02  5000 10000 3.041181e-04     0 3.805049e-02 6.039534e+01 1.297979e+02 5.981501e-02 3.772436e-04 
4.071000e+02 1.800053e-02 6.310822e-02 1.008204e+00 9.103097e+03 3.416089e+03 1.823323e+02  5000 10000 3.101164e-04     0 3.805767e-02 6.043609e+01 1.297988e+02 5.980954e-02 3.791971e-04 
4.072000e+02 1.802687e-02 6.319283e-02 1.008561e+00 9.110024e+03 3.427066e+03 1.823757e+02  5000 10000 3.099203e-04     0 3.806488e-02 6.047664e+01 1.297997e+02 5.980406e-02 3.810783e-04 
4.073000e+02 1.805339e-02 6.327700e-02 1.008920e+00 9.116947e+03 3.438046e+03 1.824204e+02  5000 10000 3.074523e-04     0 3.807212e-02 6.051699e+01 1.298005e+02 5.979856e-02 3.827913e-04 
4.074000e+02 1.808088e-02 6.336075e-02 1.009279e+00 9.123867e+03 3.449028e+03 1.824661e+02  5000 10000 3.042789e-04     0 3.807938e-02 6.055715e+01 1.298014e+02 5.979305e-02 3.844678e-04 
4.075000e+02 1.810980e-02 6.344406e-02 1.009639e+00 9.130782e+03 3.460012e+03 1.825131e+02  5000 10000 3.010704e-04     0 3.808666e-02 6.059710e+01 1.298022e+02 5.978752e-02 3.862988e-04 
4.076000e+02 1.813993e-02 6.352692e-02 1.010000e+00 9.137694e+03 3.470999e+03 1.825612e+02  5000 10000 3.044505e-04     0 3.809396e-02 6.063685e+01 1.298031e+02 5.978198e-02 3.883464e-04 
4.077000e+02 1.817027e-02 6.360934e-02 1.010361e+00 9.144601e+03 3.481989e+03 1.826104e+02  5000 10000 3.040130e-04     0 3.810129e-02 6.067640e+01 1.298039e+02 5.977643e-02 3.903804e-04 
4.078000e+02 1.820107e-02 6.369130e-02 1.010724e+00 9.151505e+03 3.492981e+03 1.826608e+02  5000 10000 3.022380e-04     0 3.810864e-02 6.071573e+01 1.298047e+02 5.977086e-02 3.923324e-04 
4.079000e+02 1.823278e-02 6.377280e-02 1.011087e+00 9.158405e+03 3.503976e+03 1.827123e+02  5000 10000 3.001113e-04     0 3.811602e-02 6.075485e+01 1.298056e+02 5.976528e-02 3.942702e-04 
  408 1.826567e-02 6.385383e-02 1.011451e+00 9.165301e+03 3.514973e+03 1.827649e+02  5000 10000 2.980504e-04     0 3.812341e-02 6.079376e+01 1.298064e+02 5.975968e-02 3.962956e-04 
4.081000e+02 1.829967e-02 6.393440e-02 1.011817e+00 9.172192e+03 3.525973e+03 1.828187e+02  5000 10000 2.985860e-04     0 3.813083e-02 6.083246e+01 1.298072e+02 5.975407e-02 3.984531e-04 
4.082000e+02 1.833438e-02 6.401450e-02 1.012183e+00 9.179080e+03 3.536975e+03 1.828736e+02  5000 10000 2.978724e-04     0 3.813827e-02 6.087094e+01 1.298080e+02 5.974845e-02 4.006611e-04 
4.083000e+02 1.836983e-02 6.409411e-02 1.012550e+00 9.185964e+03 3.547980e+03 1.829296e+02  5000 10000 2.968327e-04     0 3.814573e-02 6.090919e+01 1.298088e+02 5.974281e-02 4.028806e-04 
4.084000e+02 1.840614e-02 6.417324e-02 1.012918e+00 9.192844e+03 3.558988e+03 1.829866e+02  5000 10000 2.958252e-04     0 3.815320e-02 6.094722e+01 1.298096e+02 5.973717e-02 4.051104e-04 
4.085000e+02 1.844335e-02 6.425189e-02 1.013288e+00 9.199720e+03 3.569998e+03 1.830448e+02  5000 10000 2.949936e-04     0 3.816070e-02 6.098503e+01 1.298104e+02 5.973151e-02 4.073553e-04 
4.086000e+02 1.848158e-02 6.433003e-02 1.013658e+00 9.206592e+03 3.581011e+03 1.831041e+02  5000 10000 2.924149e-04     0 3.816822e-02 6.102261e+01 1.298112e+02 5.972584e-02 4.096409e-04 
4.087000e+02 1.852107e-02 6.440769e-02 1.014029e+00 9.213459e+03 3.592027e+03 1.831645e+02  5000 10000 2.913846e-04     0 3.817576e-02 6.105996e+01 1.298119e+02 5.972015e-02 4.120476e-04 
4.088000e+02 1.856162e-02 6.448484e-02 1.014402e+00 9.220323e+03 3.603045e+03 1.832259e+02  5000 10000 2.911314e-04     0 3.818331e-02 6.109708e+01 1.298127e+02 5.971446e-02 4.145683e-04 
4.089000e+02 1.860298e-02 6.456148e-02 1.014775e+00 9.227183e+03 3.614065e+03 1.832884e+02  5000 10000 2.913304e-04     0 3.819089e-02 6.113397e+01 1.298135e+02 5.970876e-02 4.171260e-04 
  409 1.864494e-02 6.463761e-02 1.015150e+00 9.234038e+03 3.625089e+03 1.833520e+02  5000 10000 2.918270e-04     0 3.819848e-02 6.117062e+01 1.298142e+02 5.970304e-02 4.196199e-04 
4.091000e+02 1.868783e-02 6.471322e-02 1.015526e+00 9.240890e+03 3.636115e+03 1.834166e+02  5000 10000 2.858114e-04     0 3.820608e-02 6.120703e+01 1.298150e+02 5.969732e-02 4.220552e-04 
4.092000e+02 1.873258e-02 6.478831e-02 1.015904e+00 9.247737e+03 3.647143e+03 1.834823e+02  5000 10000 2.844159e-04     0 3.821371e-02 6.124320e+01 1.298157e+02 5.969158e-02 4.246898e-04 
4.093000e+02 1.877877e-02 6.486287e-02 1.016282e+00 9.254580e+03 3.658174e+03 1.835491e+02  5000 10000 2.850111e-04     0 3.822135e-02 6.127913e+01 1.298165e+02 5.968584e-02 4.275514e-04 
4.094000e+02 1.882571e-02 6.493691e-02 1.016662e+00 9.261420e+03 3.669208e+03 1.836168e+02  5000 10000 2.865216e-04     0 3.822901e-02 6.131481e+01 1.298172e+02 5.968008e-02 4.304800e-04 
4.095000e+02 1.887294e-02 6.501041e-02 1.017043e+00 9.268254e+03 3.680245e+03 1.836857e+02  5000 10000 2.884646e-04     0 3.823668e-02 6.135025e+01 1.298180e+02 5.967432e-02 4.332579e-04 
4.096000e+02 1.892100e-02 6.508337e-02 1.017426e+00 9.275085e+03 3.691284e+03 1.837555e+02  5000 10000 2.786255e-04     0 3.824436e-02 6.138543e+01 1.298187e+02 5.966855e-02 4.358682e-04 
4.097000e+02 1.897161e-02 6.515579e-02 1.017809e+00 9.281912e+03 3.702326e+03 1.838263e+02  5000 10000 2.768071e-04     0 3.825206e-02 6.142037e+01 1.298194e+02 5.966277e-02 4.387653e-04 
4.098000e+02 1.902408e-02 6.522766e-02 1.018195e+00 9.288734e+03 3.713370e+03 1.838982e+02  5000 10000 2.783248e-04     0 3.825978e-02 6.145506e+01 1.298201e+02 5.965698e-02 4.420156e-04 
4.099000e+02 1.907725e-02 6.529899e-02 1.018581e+00 9.295552e+03 3.724418e+03 1.839711e+02  5000 10000 2.812729e-04     0 3.826751e-02 6.148949e+01 1.298209e+02 5.965118e-02 4.453662e-04 
  410 1.913035e-02 6.536975e-02 1.018969e+00 9.302366e+03 3.735468e+03 1.840450e+02  5000 10000 2.848043e-04     0 3.827525e-02 6.152366e+01 1.298216e+02 5.964538e-02 4.484699e-04 
4.101000e+02 1.918419e-02 6.543995e-02 1.019359e+00 9.309176e+03 3.746520e+03 1.841198e+02  5000 10000 2.706765e-04     0 3.828300e-02 6.155757e+01 1.298223e+02 5.963956e-02 4.512854e-04 
4.102000e+02 1.924136e-02 6.550959e-02 1.019751e+00 9.315981e+03 3.757576e+03 1.841957e+02  5000 10000 2.683651e-04     0 3.829076e-02 6.159123e+01 1.298230e+02 5.963375e-02 4.544867e-04 
4.103000e+02 1.930087e-02 6.557867e-02 1.020143e+00 9.322782e+03 3.768634e+03 1.842725e+02  5000 10000 2.708943e-04     0 3.829854e-02 6.162462e+01 1.298237e+02 5.962792e-02 4.581827e-04 
4.104000e+02 1.936105e-02 6.564718e-02 1.020537e+00 9.329579e+03 3.779694e+03 1.843503e+02  5000 10000 2.754312e-04     0 3.830633e-02 6.165775e+01 1.298244e+02 5.962209e-02 4.620168e-04 
4.105000e+02 1.942075e-02 6.571511e-02 1.020933e+00 9.336371e+03 3.790758e+03 1.844290e+02  5000 10000 2.807213e-04     0 3.831413e-02 6.169061e+01 1.298250e+02 5.961625e-02 4.654968e-04 
4.106000e+02 1.948110e-02 6.578245e-02 1.021331e+00 9.343159e+03 3.801824e+03 1.845087e+02  5000 10000 2.617420e-04     0 3.832193e-02 6.172320e+01 1.298257e+02 5.961041e-02 4.685541e-04 
4.107000e+02 1.954568e-02 6.584921e-02 1.021731e+00 9.349943e+03 3.812893e+03 1.845894e+02  5000 10000 2.588523e-04     0 3.832974e-02 6.175553e+01 1.298264e+02 5.960456e-02 4.721098e-04 
4.108000e+02 1.961317e-02 6.591540e-02 1.022132e+00 9.356722e+03 3.823965e+03 1.846710e+02  5000 10000 2.624994e-04     0 3.833757e-02 6.178758e+01 1.298271e+02 5.959871e-02 4.763208e-04 
4.109000e+02 1.968127e-02 6.598099e-02 1.022535e+00 9.363497e+03 3.835039e+03 1.847535e+02  5000 10000 2.688070e-04     0 3.834540e-02 6.181936e+01 1.298277e+02 5.959285e-02 4.807131e-04 
  411 1.974846e-02 6.604598e-02 1.022940e+00 9.370268e+03 3.846117e+03 1.848369e+02  5000 10000 2.760610e-04     0 3.835324e-02 6.185086e+01 1.298284e+02 5.958699e-02 4.846304e-04 
4.111000e+02 1.981619e-02 6.611037e-02 1.023347e+00 9.377034e+03 3.857197e+03 1.849213e+02  5000 10000 2.515450e-04     0 3.836108e-02 6.188209e+01 1.298291e+02 5.958112e-02 4.879740e-04 
4.112000e+02 1.988920e-02 6.617416e-02 1.023756e+00 9.383795e+03 3.868280e+03 1.850066e+02  5000 10000 2.479715e-04     0 3.836893e-02 6.191304e+01 1.298297e+02 5.957525e-02 4.919457e-04 
4.113000e+02 1.996577e-02 6.623736e-02 1.024166e+00 9.390552e+03 3.879366e+03 1.850927e+02  5000 10000 2.528647e-04     0 3.837679e-02 6.194371e+01 1.298304e+02 5.956938e-02 4.967563e-04 
4.114000e+02 2.004291e-02 6.629995e-02 1.024579e+00 9.397305e+03 3.890454e+03 1.851798e+02  5000 10000 2.611628e-04     0 3.838466e-02 6.197409e+01 1.298310e+02 5.956351e-02 5.017981e-04 
4.115000e+02 2.011865e-02 6.636192e-02 1.024994e+00 9.404053e+03 3.901546e+03 1.852677e+02  5000 10000 2.706289e-04     0 3.839252e-02 6.200420e+01 1.298317e+02 5.955763e-02 5.062276e-04 
4.116000e+02 2.019482e-02 6.642326e-02 1.025411e+00 9.410796e+03 3.912640e+03 1.853566e+02  5000 10000 2.397352e-04     0 3.840039e-02 6.203402e+01 1.298323e+02 5.955175e-02 5.099125e-04 
4.117000e+02 2.027751e-02 6.648400e-02 1.025831e+00 9.417535e+03 3.923737e+03 1.854463e+02  5000 10000 2.353465e-04     0 3.840826e-02 6.206355e+01 1.298329e+02 5.954587e-02 5.143760e-04 
4.118000e+02 2.036452e-02 6.654412e-02 1.026252e+00 9.424269e+03 3.934837e+03 1.855368e+02  5000 10000 2.416402e-04     0 3.841614e-02 6.209279e+01 1.298336e+02 5.953999e-02 5.198906e-04 
4.119000e+02 2.045206e-02 6.660362e-02 1.026675e+00 9.430998e+03 3.945940e+03 1.856282e+02  5000 10000 2.521959e-04     0 3.842401e-02 6.212175e+01 1.298342e+02 5.953411e-02 5.256945e-04 
  412 2.053762e-02 6.666248e-02 1.027101e+00 9.437723e+03 3.957046e+03 1.857205e+02  5000 10000 2.641755e-04     0 3.843189e-02 6.215041e+01 1.298348e+02 5.952823e-02 5.307291e-04 
4.121000e+02 2.062353e-02 6.672070e-02 1.027530e+00 9.444443e+03 3.968154e+03 1.858136e+02  5000 10000 2.258636e-04     0 3.843976e-02 6.217878e+01 1.298354e+02 5.952235e-02 5.348236e-04 
4.122000e+02 2.071740e-02 6.677829e-02 1.027961e+00 9.451159e+03 3.979266e+03 1.859075e+02  5000 10000 2.204941e-04     0 3.844763e-02 6.220686e+01 1.298360e+02 5.951647e-02 5.398735e-04 
4.123000e+02 2.081650e-02 6.683526e-02 1.028394e+00 9.457869e+03 3.990381e+03 1.860022e+02  5000 10000 2.283755e-04     0 3.845551e-02 6.223464e+01 1.298367e+02 5.951059e-02 5.462222e-04 
4.124000e+02 2.091610e-02 6.689160e-02 1.028829e+00 9.464575e+03 4.001498e+03 1.860978e+02  5000 10000 2.415150e-04     0 3.846338e-02 6.226213e+01 1.298373e+02 5.950471e-02 5.529289e-04 
4.125000e+02 2.101308e-02 6.694728e-02 1.029267e+00 9.471276e+03 4.012619e+03 1.861941e+02  5000 10000 2.563777e-04     0 3.847125e-02 6.228931e+01 1.298379e+02 5.949883e-02 5.586848e-04 
4.126000e+02 2.111029e-02 6.700229e-02 1.029709e+00 9.477972e+03 4.023742e+03 1.862913e+02  5000 10000 2.093467e-04     0 3.847910e-02 6.231620e+01 1.298385e+02 5.949296e-02 5.632752e-04 
4.127000e+02 2.121720e-02 6.705667e-02 1.030154e+00 9.484663e+03 4.034869e+03 1.863892e+02  5000 10000 2.027848e-04     0 3.848696e-02 6.234279e+01 1.298391e+02 5.948709e-02 5.690310e-04 
4.128000e+02 2.133044e-02 6.711041e-02 1.030600e+00 9.491350e+03 4.045998e+03 1.864879e+02  5000 10000 2.124822e-04     0 3.849482e-02 6.236907e+01 1.298397e+02 5.948122e-02 5.763779e-04 
4.129000e+02 2.144415e-02 6.716351e-02 1.031049e+00 9.498031e+03 4.057131e+03 1.865874e+02  5000 10000 2.286076e-04     0 3.850267e-02 6.239505e+01 1.298402e+02 5.947536e-02 5.841650e-04 
  413 2.155449e-02 6.721593e-02 1.031501e+00 9.504708e+03 4.068266e+03 1.866876e+02  5000 10000 2.468094e-04     0 3.851050e-02 6.242073e+01 1.298408e+02 5.946950e-02 5.907893e-04 
4.131000e+02 2.166497e-02 6.726766e-02 1.031958e+00 9.511379e+03 4.079405e+03 1.867886e+02  5000 10000 1.894147e-04     0 3.851832e-02 6.244610e+01 1.298414e+02 5.946365e-02 5.959860e-04 
4.132000e+02 2.178723e-02 6.731876e-02 1.032417e+00 9.518045e+03 4.090547e+03 1.868903e+02  5000 10000 1.813868e-04     0 3.852615e-02 6.247116e+01 1.298420e+02 5.945780e-02 6.026004e-04 
4.133000e+02 2.191714e-02 6.736921e-02 1.032878e+00 9.524706e+03 4.101691e+03 1.869928e+02  5000 10000 1.931810e-04     0 3.853397e-02 6.249592e+01 1.298426e+02 5.945196e-02 6.111552e-04 
4.134000e+02 2.204753e-02 6.741900e-02 1.033342e+00 9.531362e+03 4.112839e+03 1.870960e+02  5000 10000 2.127921e-04     0 3.854177e-02 6.252037e+01 1.298431e+02 5.944612e-02 6.202495e-04 
4.135000e+02 2.217366e-02 6.746810e-02 1.033811e+00 9.538013e+03 4.123991e+03 1.871999e+02  5000 10000 2.349013e-04     0 3.854955e-02 6.254450e+01 1.298437e+02 5.944030e-02 6.279315e-04 
4.136000e+02 2.229983e-02 6.751650e-02 1.034284e+00 9.544659e+03 4.135145e+03 1.873045e+02  5000 10000 1.650369e-04     0 3.855731e-02 6.256832e+01 1.298443e+02 5.943448e-02 6.338774e-04 
4.137000e+02 2.244034e-02 6.756424e-02 1.034760e+00 9.551300e+03 4.146302e+03 1.874099e+02  5000 10000 1.551840e-04     0 3.856507e-02 6.259183e+01 1.298448e+02 5.942867e-02 6.415488e-04 
4.138000e+02 2.259014e-02 6.761134e-02 1.035238e+00 9.557935e+03 4.157463e+03 1.875159e+02  5000 10000 1.694226e-04     0 3.857282e-02 6.261503e+01 1.298454e+02 5.942287e-02 6.515831e-04 
4.139000e+02 2.274043e-02 6.765777e-02 1.035720e+00 9.564564e+03 4.168627e+03 1.876226e+02  5000 10000 1.931476e-04     0 3.858055e-02 6.263791e+01 1.298459e+02 5.941708e-02 6.622791e-04 
  414 2.288540e-02 6.770349e-02 1.036206e+00 9.571189e+03 4.179794e+03 1.877299e+02  5000 10000 2.198805e-04     0 3.858824e-02 6.266048e+01 1.298465e+02 5.941130e-02 6.712651e-04 
4.141000e+02 2.303036e-02 6.774849e-02 1.036699e+00 9.577808e+03 4.190965e+03 1.878380e+02  5000 10000 1.348099e-04     0 3.859591e-02 6.268273e+01 1.298471e+02 5.940553e-02 6.781489e-04 
4.142000e+02 2.319281e-02 6.779283e-02 1.037194e+00 9.584421e+03 4.202138e+03 1.879467e+02  5000 10000 1.226526e-04     0 3.860358e-02 6.270466e+01 1.298476e+02 5.939978e-02 6.871384e-04 
4.143000e+02 2.336658e-02 6.783652e-02 1.037691e+00 9.591030e+03 4.213315e+03 1.880560e+02  5000 10000 1.397710e-04     0 3.861124e-02 6.272627e+01 1.298481e+02 5.939403e-02 6.990099e-04 
4.144000e+02 2.354089e-02 6.787954e-02 1.038193e+00 9.597632e+03 4.224496e+03 1.881659e+02  5000 10000 1.684092e-04     0 3.861886e-02 6.274757e+01 1.298487e+02 5.938829e-02 7.116955e-04 
4.145000e+02 2.370863e-02 6.792182e-02 1.038700e+00 9.604229e+03 4.235680e+03 1.882765e+02  5000 10000 2.006797e-04     0 3.862644e-02 6.276854e+01 1.298492e+02 5.938258e-02 7.223123e-04 
4.146000e+02 2.387632e-02 6.796337e-02 1.039214e+00 9.610820e+03 4.246867e+03 1.883877e+02  5000 10000 9.678724e-05     0 3.863399e-02 6.278919e+01 1.298498e+02 5.937688e-02 7.303866e-04 
4.147000e+02 2.406547e-02 6.800426e-02 1.039731e+00 9.617405e+03 4.258057e+03 1.884996e+02  5000 10000 8.167386e-05     0 3.864152e-02 6.280952e+01 1.298503e+02 5.937120e-02 7.410451e-04 
4.148000e+02 2.426850e-02 6.804450e-02 1.040250e+00 9.623985e+03 4.269251e+03 1.886120e+02  5000 10000 1.022236e-04     0 3.864905e-02 6.282952e+01 1.298508e+02 5.936552e-02 7.552330e-04 
4.149000e+02 2.447218e-02 6.808405e-02 1.040774e+00 9.630559e+03 4.280449e+03 1.887250e+02  5000 10000 1.368057e-04     0 3.865653e-02 6.284921e+01 1.298514e+02 5.935986e-02 7.704291e-04 
  415 2.466777e-02 6.812286e-02 1.041305e+00 9.637127e+03 4.291650e+03 1.888386e+02  5000 10000 1.757975e-04     0 3.866396e-02 6.286856e+01 1.298519e+02 5.935423e-02 7.831176e-04 
4.151000e+02 2.486333e-02 6.816091e-02 1.041844e+00 9.643689e+03 4.302855e+03 1.889527e+02  5000 10000 4.821346e-05     0 3.867133e-02 6.288760e+01 1.298524e+02 5.934863e-02 7.927279e-04 
4.152000e+02 2.508542e-02 6.819829e-02 1.042386e+00 9.650245e+03 4.314063e+03 1.890674e+02  5000 10000 2.923957e-05     0 3.867870e-02 6.290630e+01 1.298530e+02 5.934304e-02 8.055356e-04 
4.153000e+02 2.532468e-02 6.823504e-02 1.042931e+00 9.656795e+03 4.325275e+03 1.891827e+02  5000 10000 5.392774e-05     0 3.868604e-02 6.292468e+01 1.298535e+02 5.933746e-02 8.226955e-04 
4.154000e+02 2.556477e-02 6.827110e-02 1.043481e+00 9.663339e+03 4.336490e+03 1.892985e+02  5000 10000 9.580522e-05     0 3.869333e-02 6.294273e+01 1.298540e+02 5.933190e-02 8.411157e-04 
4.155000e+02 2.579491e-02 6.830639e-02 1.044039e+00 9.669876e+03 4.347709e+03 1.894149e+02  5000 10000 1.430766e-04     0 3.870055e-02 6.296046e+01 1.298545e+02 5.932638e-02 8.564841e-04 
4.156000e+02 2.602515e-02 6.834089e-02 1.044607e+00 9.676408e+03 4.358932e+03 1.895317e+02  5000 10000 -1.490428e-05     0 3.870770e-02 6.297786e+01 1.298550e+02 5.932090e-02 8.681135e-04 
4.157000e+02 2.628851e-02 6.837474e-02 1.045178e+00 9.682932e+03 4.370158e+03 1.896491e+02  5000 10000 -3.902467e-05     0 3.871483e-02 6.299492e+01 1.298556e+02 5.931542e-02 8.837435e-04 
4.158000e+02 2.657335e-02 6.840796e-02 1.045753e+00 9.689451e+03 4.381389e+03 1.897670e+02  5000 10000 -9.277872e-06     0 3.872195e-02 6.301166e+01 1.298561e+02 5.930997e-02 9.047931e-04 
4.159000e+02 2.685934e-02 6.844050e-02 1.046333e+00 9.695963e+03 4.392623e+03 1.898854e+02  5000 10000 4.170012e-05     0 3.872899e-02 6.302807e+01 1.298566e+02 5.930454e-02 9.274384e-04 
  416 2.713306e-02 6.847224e-02 1.046923e+00 9.702468e+03 4.403861e+03 1.900042e+02  5000 10000 9.934288e-05     0 3.873593e-02 6.304415e+01 1.298571e+02 5.929916e-02 9.463460e-04 
4.161000e+02 2.740719e-02 6.850316e-02 1.047524e+00 9.708967e+03 4.415103e+03 1.901236e+02  5000 10000 -9.850977e-05     0 3.874278e-02 6.305989e+01 1.298576e+02 5.929383e-02 9.606872e-04 
4.162000e+02 2.772320e-02 6.853343e-02 1.048130e+00 9.715459e+03 4.426349e+03 1.902434e+02  5000 10000 -1.296567e-04     0 3.874961e-02 6.307531e+01 1.298581e+02 5.928851e-02 9.801078e-04 
4.163000e+02 2.806647e-02 6.856311e-02 1.048739e+00 9.721945e+03 4.437599e+03 1.903636e+02  5000 10000 -9.363390e-05     0 3.875641e-02 6.309039e+01 1.298586e+02 5.928321e-02 1.006367e-03 
4.164000e+02 2.841141e-02 6.859210e-02 1.049354e+00 9.728423e+03 4.448852e+03 1.904843e+02  5000 10000 -3.109133e-05     0 3.876312e-02 6.310514e+01 1.298591e+02 5.927795e-02 1.034681e-03 
4.165000e+02 2.874114e-02 6.862026e-02 1.049981e+00 9.734894e+03 4.460110e+03 1.906054e+02  5000 10000 3.979496e-05     0 3.876969e-02 6.311956e+01 1.298597e+02 5.927275e-02 1.058376e-03 
4.166000e+02 2.907191e-02 6.864756e-02 1.050622e+00 9.741358e+03 4.471373e+03 1.907270e+02  5000 10000 -2.117339e-04     0 3.877614e-02 6.313365e+01 1.298602e+02 5.926762e-02 1.076452e-03 
4.167000e+02 2.945652e-02 6.867424e-02 1.051268e+00 9.747815e+03 4.482639e+03 1.908489e+02  5000 10000 -2.527468e-04     0 3.878257e-02 6.314740e+01 1.298607e+02 5.926249e-02 1.101101e-03 
4.168000e+02 2.987631e-02 6.870036e-02 1.051918e+00 9.754265e+03 4.493910e+03 1.909713e+02  5000 10000 -2.088074e-04     0 3.878896e-02 6.316082e+01 1.298612e+02 5.925739e-02 1.134530e-03 
4.169000e+02 3.029866e-02 6.872579e-02 1.052575e+00 9.760707e+03 4.505184e+03 1.910941e+02  5000 10000 -1.312494e-04     0 3.879522e-02 6.317391e+01 1.298617e+02 5.925234e-02 1.170661e-03 
  417 3.070203e-02 6.875036e-02 1.053246e+00 9.767142e+03 4.516464e+03 1.912172e+02  5000 10000 -4.306941e-05     0 3.880129e-02 6.318666e+01 1.298622e+02 5.924738e-02 1.201019e-03 
4.171000e+02 3.110760e-02 6.877401e-02 1.053935e+00 9.773568e+03 4.527747e+03 1.913407e+02  5000 10000 -3.691376e-04     0 3.880720e-02 6.319909e+01 1.298627e+02 5.924249e-02 1.224393e-03 
4.172000e+02 3.158385e-02 6.879707e-02 1.054629e+00 9.779988e+03 4.539036e+03 1.914646e+02  5000 10000 -4.244751e-04     0 3.881308e-02 6.321117e+01 1.298632e+02 5.923761e-02 1.256481e-03 
4.173000e+02 3.210655e-02 6.881964e-02 1.055327e+00 9.786399e+03 4.550328e+03 1.915888e+02  5000 10000 -3.703615e-04     0 3.881891e-02 6.322292e+01 1.298638e+02 5.923276e-02 1.300100e-03 
4.174000e+02 3.263327e-02 6.884153e-02 1.056034e+00 9.792802e+03 4.561626e+03 1.917133e+02  5000 10000 -2.728047e-04     0 3.882456e-02 6.323434e+01 1.298643e+02 5.922799e-02 1.347376e-03 
4.175000e+02 3.313603e-02 6.886250e-02 1.056759e+00 9.799197e+03 4.572928e+03 1.918382e+02  5000 10000 -1.614342e-04     0 3.882996e-02 6.324543e+01 1.298648e+02 5.922333e-02 1.387324e-03 
4.176000e+02 3.364320e-02 6.888247e-02 1.057504e+00 9.805584e+03 4.584234e+03 1.919634e+02  5000 10000 -5.950167e-04     0 3.883512e-02 6.325618e+01 1.298653e+02 5.921877e-02 1.418486e-03 
4.177000e+02 3.424568e-02 6.890190e-02 1.058257e+00 9.811962e+03 4.595546e+03 1.920889e+02  5000 10000 -6.720179e-04     0 3.884024e-02 6.326660e+01 1.298658e+02 5.921421e-02 1.461570e-03 
4.178000e+02 3.491119e-02 6.892095e-02 1.059013e+00 9.818332e+03 4.606863e+03 1.922147e+02  5000 10000 -6.045496e-04     0 3.884530e-02 6.327668e+01 1.298664e+02 5.920969e-02 1.520253e-03 
4.179000e+02 3.558328e-02 6.893936e-02 1.059780e+00 9.824692e+03 4.618184e+03 1.923408e+02  5000 10000 -4.795247e-04     0 3.885010e-02 6.328644e+01 1.298669e+02 5.920526e-02 1.584063e-03 
  418 3.622465e-02 6.895674e-02 1.060569e+00 9.831044e+03 4.629511e+03 1.924671e+02  5000 10000 -3.360368e-04     0 3.885454e-02 6.329585e+01 1.298674e+02 5.920100e-02 1.638397e-03 
4.181000e+02 3.687465e-02 6.897300e-02 1.061386e+00 9.837387e+03 4.640843e+03 1.925937e+02  5000 10000 -9.322474e-04     0 3.885863e-02 6.330494e+01 1.298680e+02 5.919688e-02 1.681514e-03 
4.182000e+02 3.765772e-02 6.898883e-02 1.062210e+00 9.843720e+03 4.652180e+03 1.927205e+02  5000 10000 -1.043721e-03     0 3.886267e-02 6.331370e+01 1.298685e+02 5.919272e-02 1.741636e-03 
4.183000e+02 3.852949e-02 6.900446e-02 1.063037e+00 9.850043e+03 4.663523e+03 1.928476e+02  5000 10000 -9.583033e-04     0 3.886664e-02 6.332212e+01 1.298691e+02 5.918861e-02 1.823698e-03 
4.184000e+02 3.941240e-02 6.901951e-02 1.063877e+00 9.856357e+03 4.674871e+03 1.929749e+02  5000 10000 -7.940833e-04     0 3.887023e-02 6.333021e+01 1.298696e+02 5.918462e-02 1.913298e-03 
4.185000e+02 4.025516e-02 6.903338e-02 1.064746e+00 9.862661e+03 4.686225e+03 1.931023e+02  5000 10000 -6.042907e-04     0 3.887326e-02 6.333797e+01 1.298702e+02 5.918089e-02 1.990346e-03 
4.186000e+02 4.111487e-02 6.904592e-02 1.065651e+00 9.868955e+03 4.697584e+03 1.932300e+02  5000 10000 -1.462106e-03     0 3.887577e-02 6.334540e+01 1.298708e+02 5.917735e-02 2.052845e-03 
4.187000e+02 4.216925e-02 6.905825e-02 1.066564e+00 9.875238e+03 4.708949e+03 1.933579e+02  5000 10000 -1.632139e-03     0 3.887821e-02 6.335250e+01 1.298714e+02 5.917371e-02 2.140987e-03 
4.188000e+02 4.335463e-02 6.907074e-02 1.067478e+00 9.881510e+03 4.720321e+03 1.934859e+02  5000 10000 -1.521970e-03     0 3.888056e-02 6.335927e+01 1.298719e+02 5.917007e-02 2.261675e-03 
4.189000e+02 4.455976e-02 6.908277e-02 1.068408e+00 9.887771e+03 4.731698e+03 1.936140e+02  5000 10000 -1.299017e-03     0 3.888235e-02 6.336572e+01 1.298726e+02 5.916663e-02 2.394168e-03 
  419 4.571102e-02 6.909336e-02 1.069378e+00 9.894021e+03 4.743082e+03 1.937423e+02  5000 10000 -1.038916e-03     0 3.888325e-02 6.337184e+01 1.298732e+02 5.916358e-02 2.509525e-03 
4.191000e+02 4.689680e-02 6.910225e-02 1.070395e+00 9.900259e+03 4.754473e+03 1.938706e+02  5000 10000 -2.353993e-03     0 3.888331e-02 6.337763e+01 1.298738e+02 5.916080e-02 2.605749e-03 
4.192000e+02 4.838650e-02 6.911143e-02 1.071419e+00 9.906486e+03 4.765869e+03 1.939991e+02  5000 10000 -2.632610e-03     0 3.888328e-02 6.338310e+01 1.298745e+02 5.915771e-02 2.743764e-03 
4.193000e+02 5.008299e-02 6.912154e-02 1.072439e+00 9.912699e+03 4.777273e+03 1.941276e+02  5000 10000 -2.487457e-03     0 3.888320e-02 6.338824e+01 1.298751e+02 5.915452e-02 2.933812e-03 
4.194000e+02 5.181681e-02 6.913152e-02 1.073479e+00 9.918900e+03 4.788684e+03 1.942562e+02  5000 10000 -2.170536e-03     0 3.888223e-02 6.339307e+01 1.298758e+02 5.915161e-02 3.144042e-03 
4.195000e+02 5.347569e-02 6.913956e-02 1.074575e+00 9.925088e+03 4.800102e+03 1.943847e+02  5000 10000 -1.795966e-03     0 3.887973e-02 6.339758e+01 1.298765e+02 5.914935e-02 3.329957e-03 
4.196000e+02 5.521045e-02 6.914527e-02 1.075738e+00 9.931262e+03 4.811528e+03 1.945133e+02  5000 10000 -4.011197e-03     0 3.887574e-02 6.340176e+01 1.298773e+02 5.914743e-02 3.490778e-03 
4.197000e+02 5.746731e-02 6.915256e-02 1.076900e+00 9.937422e+03 4.822961e+03 1.946419e+02  5000 10000 -4.517785e-03     0 3.887179e-02 6.340564e+01 1.298780e+02 5.914454e-02 3.727943e-03 
4.198000e+02 6.008424e-02 6.916282e-02 1.078044e+00 9.943567e+03 4.834403e+03 1.947704e+02  5000 10000 -4.322718e-03     0 3.886799e-02 6.340920e+01 1.298789e+02 5.914114e-02 4.058084e-03 
4.199000e+02 6.277873e-02 6.917396e-02 1.079210e+00 9.949697e+03 4.845852e+03 1.948987e+02  5000 10000 -3.840758e-03     0 3.886274e-02 6.341246e+01 1.298797e+02 5.913805e-02 4.427403e-03 
  420 6.536334e-02 6.918222e-02 1.080462e+00 9.955811e+03 4.857311e+03 1.950270e+02  5000 10000 -3.260208e-03     0 3.885467e-02 6.341541e+01 1.298806e+02 5.913615e-02 4.760541e-03 
4.201000e+02 6.814014e-02 6.918697e-02 1.081811e+00 9.961908e+03 4.868778e+03 1.951550e+02  5000 10000 -7.609553e-03     0 3.884367e-02 6.341805e+01 1.298816e+02 5.913436e-02 5.063732e-03 
4.202000e+02 7.196398e-02 6.919789e-02 1.083126e+00 9.967988e+03 4.880254e+03 1.952828e+02  5000 10000 -8.696167e-03     0 3.883347e-02 6.342041e+01 1.298826e+02 5.912893e-02 5.534193e-03 
4.203000e+02 7.652174e-02 6.921882e-02 1.084376e+00 9.974050e+03 4.891741e+03 1.954103e+02  5000 10000 -8.435638e-03     0 3.882484e-02 6.342247e+01 1.298837e+02 5.912098e-02 6.203497e-03 
4.204000e+02 8.126747e-02 6.924490e-02 1.085639e+00 9.980092e+03 4.903238e+03 1.955374e+02  5000 10000 -7.618194e-03     0 3.881407e-02 6.342426e+01 1.298848e+02 5.911273e-02 6.965585e-03 
4.205000e+02 8.583836e-02 6.926647e-02 1.087044e+00 9.986113e+03 4.914745e+03 1.956640e+02  5000 10000 -6.603620e-03     0 3.879762e-02 6.342577e+01 1.298861e+02 5.910676e-02 7.671066e-03 
4.206000e+02 9.105759e-02 6.928368e-02 1.088590e+00 9.992113e+03 4.926264e+03 1.957900e+02  5000 10000 -1.804359e-02     0 3.877469e-02 6.342702e+01 1.298875e+02 5.909746e-02 8.370376e-03 
4.207000e+02 9.909538e-02 6.933253e-02 1.089931e+00 9.998090e+03 4.937796e+03 1.959153e+02  5000 10000 -2.121559e-02     0 3.875305e-02 6.342803e+01 1.298891e+02 5.906800e-02 9.581532e-03 
4.208000e+02 1.091426e-01 6.943195e-02 1.090982e+00 1.000404e+04 4.949340e+03 1.960396e+02  5000 10000 -2.094455e-02     0 3.874601e-02 6.342881e+01 1.298908e+02 5.902147e-02 1.138662e-02 
4.209000e+02 1.197999e-01 6.956779e-02 1.091961e+00 1.000997e+04 4.960898e+03 1.961627e+02  5000 10000 -1.923135e-02     0 3.875732e-02 6.342939e+01 1.298928e+02 5.896595e-02 1.350534e-02 
  421 1.301344e-01 6.970120e-02 1.093207e+00 1.001586e+04 4.972472e+03 1.962842e+02  5000 10000 -1.698968e-02     0 3.875174e-02 6.342980e+01 1.298951e+02 5.891117e-02 1.553795e-02 
4.211000e+02 1.438614e-01 6.985843e-02 1.094557e+00 1.002173e+04 4.984062e+03 1.964037e+02  5000 10000 -6.665439e-02     0 3.870753e-02 6.343011e+01 1.298977e+02 5.880161e-02 1.788609e-02 
4.212000e+02 1.700164e-01 7.032286e-02 1.094474e+00 1.002756e+04 4.995670e+03 1.965205e+02  5000 10000 -8.170894e-02     0 3.877116e-02 6.343036e+01 1.299010e+02 5.845991e-02 2.281311e-02 
4.213000e+02 2.052417e-01 7.131378e-02 1.092620e+00 1.003335e+04 5.007298e+03 1.966331e+02  5000 10000 -8.231218e-02     0 3.901815e-02 6.343068e+01 1.299050e+02 5.784011e-02 3.067725e-02 
4.214000e+02 2.435946e-01 7.282257e-02 1.089969e+00 1.003909e+04 5.018951e+03 1.967391e+02  5000 10000 -7.677918e-02     0 3.944999e-02 6.343134e+01 1.299101e+02 5.698968e-02 4.024943e-02 
4.215000e+02 2.811100e-01 7.458022e-02 1.088050e+00 1.004477e+04 5.030631e+03 1.968353e+02 10000 11000 -6.891381e-02     0 4.013840e-02 6.343251e+01 1.299163e+02 5.604683e-02 4.975771e-02 
4.216000e+02 3.116540e-01 7.594764e-02 1.088841e+00 1.005040e+04 5.042342e+03 1.969186e+02 10000 11000 -5.718515e-03     0 4.063003e-02 6.343477e+01 1.299242e+02 5.540073e-02 5.676291e-02 
4.217000e+02 3.252636e-01 7.572757e-02 1.095161e+00 1.005596e+04 5.054087e+03 1.969864e+02 10000 11000 2.068082e-02     0 4.039385e-02 6.343823e+01 1.299344e+02 5.568605e-02 5.750953e-02 
4.218000e+02 3.259071e-01 7.332690e-02 1.107932e+00 1.006144e+04 5.065866e+03 1.970385e+02 10000 11000 3.119176e-02     0 3.864792e-02 6.344303e+01 1.299486e+02 5.659076e-02 5.097686e-02 
4.219000e+02 3.204361e-01 6.919266e-02 1.126212e+00 1.006685e+04 5.077682e+03 1.970756e+02 10000 11000 3.454058e-02     0 3.574977e-02 6.344914e+01 1.299682e+02 5.771020e-02 3.852934e-02 
  422 3.134822e-01 6.435258e-02 1.147998e+00 1.007219e+04 5.089535e+03 1.970987e+02 10000 11000 3.480383e-02     0 3.316231e-02 6.345635e+01 1.299932e+02 5.896513e-02 2.269502e-02 
4.221000e+02 3.067169e-01 5.973680e-02 1.170918e+00 1.007744e+04 5.101428e+03 1.971091e+02 10000 11000 3.930750e-02     0 3.135482e-02 6.346472e+01 1.300215e+02 6.034346e-02 6.160343e-03 
4.222000e+02 2.995545e-01 5.588846e-02 1.192864e+00 1.008260e+04 5.113361e+03 1.971083e+02 10000 11000 3.996214e-02     0 3.044022e-02 6.347389e+01 1.300506e+02 6.170618e-02 -8.955659e-03 
4.223000e+02 2.918028e-01 5.307165e-02 1.212139e+00 1.008768e+04 5.125337e+03 1.970983e+02 10000 11000 3.911455e-02     0 2.981795e-02 6.348384e+01 1.300784e+02 6.284291e-02 -2.104981e-02 
4.224000e+02 2.832813e-01 5.142851e-02 1.227656e+00 1.009266e+04 5.137355e+03 1.970809e+02 10000 11000 3.759816e-02     0 2.926136e-02 6.349441e+01 1.301044e+02 6.367482e-02 -2.917444e-02 
4.225000e+02 2.737281e-01 5.100714e-02 1.239002e+00 1.009754e+04 5.149414e+03 1.970580e+02 10000 11000 3.568070e-02     0 2.866253e-02 6.350544e+01 1.301291e+02 6.425662e-02 -3.308466e-02 
4.226000e+02 2.623186e-01 5.172982e-02 1.246440e+00 1.010234e+04 5.161513e+03 1.970313e+02 10000 11000 4.175114e-02     0 2.799489e-02 6.351677e+01 1.301531e+02 6.469423e-02 -3.326506e-02 
4.227000e+02 2.475947e-01 5.336911e-02 1.250874e+00 1.010704e+04 5.173651e+03 1.970030e+02 10000 11000 4.195389e-02     0 2.734246e-02 6.352822e+01 1.301770e+02 6.508906e-02 -3.091022e-02 
4.228000e+02 2.304227e-01 5.565875e-02 1.253255e+00 1.011165e+04 5.185825e+03 1.969755e+02 10000 11000 3.953154e-02     0 2.684161e-02 6.353954e+01 1.302005e+02 6.556116e-02 -2.709777e-02 
4.229000e+02 2.122654e-01 5.830826e-02 1.254376e+00 1.011619e+04 5.198031e+03 1.969520e+02 10000 11000 3.589700e-02     0 2.653266e-02 6.355046e+01 1.302228e+02 6.612596e-02 -2.265437e-02 
  423 1.943558e-01 6.103893e-02 1.254850e+00 1.012065e+04 5.210267e+03 1.969355e+02 10000 11000 3.178175e-02     0 2.637885e-02 6.356068e+01 1.302429e+02 6.670439e-02 -1.818115e-02 
4.231000e+02 1.774579e-01 6.363336e-02 1.255140e+00 1.012504e+04 5.222529e+03 1.969291e+02 10000 11000 2.888315e-02     0 2.636149e-02 6.356988e+01 1.302600e+02 6.719454e-02 -1.409513e-02 
4.232000e+02 1.618733e-01 6.595493e-02 1.255591e+00 1.012937e+04 5.234815e+03 1.969355e+02 10000 11000 2.534122e-02     0 2.650150e-02 6.357779e+01 1.302734e+02 6.752218e-02 -1.068288e-02 
4.233000e+02 1.479539e-01 6.794686e-02 1.256386e+00 1.013365e+04 5.247121e+03 1.969564e+02 10000 11000 2.179665e-02     0 2.682102e-02 6.358420e+01 1.302830e+02 6.765564e-02 -8.039854e-03 
4.234000e+02 1.359120e-01 6.960642e-02 1.257572e+00 1.013787e+04 5.259445e+03 1.969933e+02 10000 11000 1.852985e-02     0 2.731698e-02 6.358897e+01 1.302886e+02 6.759280e-02 -6.117106e-03 
4.235000e+02 1.257670e-01 7.096054e-02 1.259102e+00 1.014205e+04 5.271785e+03 1.970467e+02 10000 11000 1.565853e-02     0 2.796531e-02 6.359201e+01 1.302906e+02 6.735194e-02 -4.784855e-03 
4.236000e+02 1.173740e-01 7.204883e-02 1.260881e+00 1.014619e+04 5.284139e+03 1.971166e+02 10000 11000 1.342005e-02     0 2.873302e-02 6.359329e+01 1.302891e+02 6.696363e-02 -3.885383e-03 
4.237000e+02 1.104799e-01 7.291251e-02 1.262806e+00 1.015029e+04 5.296506e+03 1.972027e+02 10000 11000 1.145382e-02     0 2.958522e-02 6.359284e+01 1.302845e+02 6.646312e-02 -3.272482e-03 
4.238000e+02 1.048477e-01 7.358951e-02 1.264782e+00 1.015435e+04 5.308884e+03 1.973042e+02 10000 11000 9.795247e-03     0 3.048843e-02 6.359072e+01 1.302771e+02 6.588474e-02 -2.817901e-03 
4.239000e+02 1.002528e-01 7.411199e-02 1.266731e+00 1.015838e+04 5.321272e+03 1.974201e+02 10000 11000 8.422140e-03     0 3.141279e-02 6.358700e+01 1.302675e+02 6.525847e-02 -2.423184e-03 
  424 9.648911e-02 7.450579e-02 1.268604e+00 1.016237e+04 5.333670e+03 1.975492e+02 10000 11000 7.293289e-03     0 3.233370e-02 6.358179e+01 1.302558e+02 6.460901e-02 -2.025342e-03 
4.241000e+02 9.332408e-02 7.479051e-02 1.270387e+00 1.016634e+04 5.346077e+03 1.976904e+02 10000 11000 7.083262e-03     0 3.323223e-02 6.357519e+01 1.302425e+02 6.395583e-02 -1.605654e-03 
4.242000e+02 9.048847e-02 7.497974e-02 1.272108e+00 1.017027e+04 5.358492e+03 1.978421e+02 10000 11000 6.554328e-03     0 3.409460e-02 6.356733e+01 1.302278e+02 6.331395e-02 -1.196607e-03 
4.243000e+02 8.792639e-02 7.508539e-02 1.273793e+00 1.017417e+04 5.370914e+03 1.980033e+02 10000 11000 5.950322e-03     0 3.491158e-02 6.355830e+01 1.302121e+02 6.269478e-02 -8.195085e-04 
4.244000e+02 8.564664e-02 7.511848e-02 1.275459e+00 1.017805e+04 5.383343e+03 1.981725e+02 10000 11000 5.360955e-03     0 3.567699e-02 6.354823e+01 1.301956e+02 6.210621e-02 -4.807554e-04 
4.245000e+02 8.365320e-02 7.508900e-02 1.277113e+00 1.018189e+04 5.395779e+03 1.983487e+02 10000 11000 4.820710e-03     0 3.638662e-02 6.353722e+01 1.301785e+02 6.155333e-02 -1.794207e-04 
4.246000e+02 8.188544e-02 7.500551e-02 1.278767e+00 1.018572e+04 5.408222e+03 1.985306e+02 10000 11000 4.978306e-03     0 3.703809e-02 6.352537e+01 1.301611e+02 6.103928e-02 7.881843e-05 
4.247000e+02 8.020824e-02 7.487453e-02 1.280444e+00 1.018951e+04 5.420670e+03 1.987171e+02 10000 11000 4.774476e-03     0 3.763048e-02 6.351277e+01 1.301435e+02 6.056592e-02 2.671547e-04 
4.248000e+02 7.863822e-02 7.470315e-02 1.282153e+00 1.019328e+04 5.433124e+03 1.989072e+02 10000 11000 4.451158e-03     0 3.816455e-02 6.349952e+01 1.301259e+02 6.013410e-02 3.834934e-04 
4.249000e+02 7.722101e-02 7.449902e-02 1.283884e+00 1.019703e+04 5.445583e+03 1.991000e+02 10000 11000 4.104665e-03     0 3.864204e-02 6.348568e+01 1.301084e+02 5.974371e-02 4.458221e-04 
  425 7.597862e-02 7.426946e-02 1.285619e+00 1.020075e+04 5.458048e+03 1.992946e+02 10000 11000 3.775528e-03     0 3.906506e-02 6.347132e+01 1.300912e+02 5.939386e-02 4.791240e-04 
4.251000e+02 7.485809e-02 7.402061e-02 1.287346e+00 1.020444e+04 5.470518e+03 1.994903e+02 10000 11000 4.125478e-03     0 3.943589e-02 6.345653e+01 1.300744e+02 5.908321e-02 4.974315e-04 
4.252000e+02 7.372708e-02 7.375656e-02 1.289072e+00 1.020812e+04 5.482994e+03 1.996863e+02 10000 11000 4.082290e-03     0 3.975702e-02 6.344134e+01 1.300581e+02 5.881018e-02 4.869433e-04 
4.253000e+02 7.260628e-02 7.348168e-02 1.290797e+00 1.021177e+04 5.495474e+03 1.998821e+02 10000 11000 3.892727e-03     0 4.003175e-02 6.342582e+01 1.300423e+02 5.857290e-02 4.516094e-04 
4.254000e+02 7.154742e-02 7.320058e-02 1.292506e+00 1.021540e+04 5.507959e+03 2.000771e+02 10000 11000 3.655665e-03     0 4.026374e-02 6.341001e+01 1.300271e+02 5.836924e-02 4.092836e-04 
4.255000e+02 7.058096e-02 7.291746e-02 1.294184e+00 1.021901e+04 5.520449e+03 2.002708e+02 10000 11000 3.413727e-03     0 4.045642e-02 6.339394e+01 1.300126e+02 5.819686e-02 3.800019e-04 
4.256000e+02 6.966358e-02 7.263531e-02 1.295824e+00 1.022259e+04 5.532944e+03 2.004628e+02 10000 11000 3.844682e-03     0 4.061286e-02 6.337765e+01 1.299988e+02 5.805332e-02 3.695764e-04 
4.257000e+02 6.867286e-02 7.235526e-02 1.297442e+00 1.022616e+04 5.545444e+03 2.006528e+02 10000 11000 3.856073e-03     0 4.073599e-02 6.336116e+01 1.299857e+02 5.793629e-02 3.541638e-04 
4.258000e+02 6.764282e-02 7.207889e-02 1.299044e+00 1.022970e+04 5.557948e+03 2.008405e+02 10000 11000 3.702878e-03     0 4.082924e-02 6.334451e+01 1.299733e+02 5.784349e-02 3.281409e-04 
4.259000e+02 6.663871e-02 7.180827e-02 1.300624e+00 1.023322e+04 5.570457e+03 2.010256e+02 10000 11000 3.489134e-03     0 4.089611e-02 6.332770e+01 1.299617e+02 5.777262e-02 3.013984e-04 
  426 6.570280e-02 7.154533e-02 1.302172e+00 1.023672e+04 5.582970e+03 2.012081e+02 10000 11000 3.261314e-03     0 4.093964e-02 6.331075e+01 1.299508e+02 5.772135e-02 2.880678e-04 
4.261000e+02 6.480507e-02 7.129120e-02 1.303685e+00 1.024021e+04 5.595488e+03 2.013876e+02 10000 11000 3.653134e-03     0 4.096240e-02 6.329367e+01 1.299406e+02 5.768744e-02 2.909031e-04 
4.262000e+02 6.383873e-02 7.104560e-02 1.305178e+00 1.024367e+04 5.608011e+03 2.015643e+02 10000 11000 3.652985e-03     0 4.096669e-02 6.327647e+01 1.299312e+02 5.766888e-02 2.865300e-04 
4.263000e+02 6.283924e-02 7.080885e-02 1.306658e+00 1.024711e+04 5.620538e+03 2.017378e+02 10000 11000 3.499459e-03     0 4.095513e-02 6.325916e+01 1.299225e+02 5.766382e-02 2.694133e-04 
4.264000e+02 6.186900e-02 7.058179e-02 1.308120e+00 1.025054e+04 5.633069e+03 2.019083e+02 10000 11000 3.290223e-03     0 4.093037e-02 6.324174e+01 1.299145e+02 5.767048e-02 2.490373e-04 
4.265000e+02 6.096785e-02 7.036530e-02 1.309554e+00 1.025394e+04 5.645605e+03 2.020758e+02 10000 11000 3.068972e-03     0 4.089455e-02 6.322420e+01 1.299071e+02 5.768713e-02 2.391596e-04 
4.266000e+02 6.010834e-02 7.015965e-02 1.310955e+00 1.025733e+04 5.658145e+03 2.022402e+02 10000 11000 3.417699e-03     0 4.084938e-02 6.320655e+01 1.299004e+02 5.771216e-02 2.431804e-04 
4.267000e+02 5.919211e-02 6.996399e-02 1.312337e+00 1.026070e+04 5.670690e+03 2.024015e+02 10000 11000 3.408210e-03     0 4.079632e-02 6.318879e+01 1.298943e+02 5.774419e-02 2.404040e-04 
4.268000e+02 5.825068e-02 6.977803e-02 1.313708e+00 1.026405e+04 5.683239e+03 2.025599e+02 10000 11000 3.259386e-03     0 4.073710e-02 6.317091e+01 1.298888e+02 5.778201e-02 2.262615e-04 
4.269000e+02 5.734026e-02 6.960199e-02 1.315060e+00 1.026738e+04 5.695791e+03 2.027154e+02 10000 11000 3.060659e-03     0 4.067344e-02 6.315290e+01 1.298838e+02 5.782446e-02 2.097152e-04 
  427 5.649647e-02 6.943614e-02 1.316385e+00 1.027069e+04 5.708348e+03 2.028680e+02 10000 11000 2.851901e-03     0 4.060665e-02 6.313477e+01 1.298793e+02 5.787045e-02 2.034288e-04 
4.271000e+02 5.569352e-02 6.928031e-02 1.317679e+00 1.027399e+04 5.720910e+03 2.030180e+02 10000 11000 3.167629e-03     0 4.053769e-02 6.311651e+01 1.298754e+02 5.791898e-02 2.103874e-04 
4.272000e+02 5.484083e-02 6.913339e-02 1.318955e+00 1.027727e+04 5.733475e+03 2.031652e+02 10000 11000 3.154897e-03     0 4.046731e-02 6.309810e+01 1.298718e+02 5.796923e-02 2.113407e-04 
4.273000e+02 5.396698e-02 6.899481e-02 1.320220e+00 1.028054e+04 5.746044e+03 2.033099e+02 10000 11000 3.014719e-03     0 4.039650e-02 6.307955e+01 1.298688e+02 5.802052e-02 2.018333e-04 
4.274000e+02 5.312326e-02 6.886448e-02 1.321468e+00 1.028378e+04 5.758617e+03 2.034522e+02 10000 11000 2.829174e-03     0 4.032628e-02 6.306085e+01 1.298661e+02 5.807223e-02 1.898678e-04 
4.275000e+02 5.234218e-02 6.874238e-02 1.322691e+00 1.028702e+04 5.771194e+03 2.035922e+02 10000 11000 2.634823e-03     0 4.025732e-02 6.304199e+01 1.298637e+02 5.812374e-02 1.869043e-04 
4.276000e+02 5.160014e-02 6.862814e-02 1.323886e+00 1.029023e+04 5.783775e+03 2.037299e+02 10000 11000 2.920950e-03     0 4.019003e-02 6.302296e+01 1.298617e+02 5.817452e-02 1.956042e-04 
4.277000e+02 5.081440e-02 6.852068e-02 1.325065e+00 1.029343e+04 5.796360e+03 2.038655e+02 10000 11000 2.906838e-03     0 4.012466e-02 6.300376e+01 1.298601e+02 5.822416e-02 1.983256e-04 
4.278000e+02 5.001089e-02 6.841937e-02 1.326233e+00 1.029662e+04 5.808948e+03 2.039990e+02 10000 11000 2.776490e-03     0 4.006169e-02 6.298439e+01 1.298587e+02 5.827238e-02 1.910247e-04 
4.279000e+02 4.923623e-02 6.832402e-02 1.327386e+00 1.029979e+04 5.821541e+03 2.041307e+02 10000 11000 2.604988e-03     0 4.000164e-02 6.296482e+01 1.298575e+02 5.831891e-02 1.810920e-04 
  428 4.851991e-02 6.823452e-02 1.328516e+00 1.030294e+04 5.834136e+03 2.042605e+02 10000 11000 2.425735e-03     0 3.994477e-02 6.294507e+01 1.298566e+02 5.836346e-02 1.790961e-04 
4.281000e+02 4.784021e-02 6.815051e-02 1.329621e+00 1.030609e+04 5.846736e+03 2.043887e+02 10000 11000 2.686485e-03     0 3.989113e-02 6.292513e+01 1.298559e+02 5.840582e-02 1.875499e-04 
4.282000e+02 4.712149e-02 6.807102e-02 1.330711e+00 1.030921e+04 5.859339e+03 2.045152e+02 10000 11000 2.672689e-03     0 3.984066e-02 6.290498e+01 1.298554e+02 5.844587e-02 1.903708e-04 
4.283000e+02 4.638727e-02 6.799549e-02 1.331791e+00 1.031232e+04 5.871945e+03 2.046401e+02 10000 11000 2.552733e-03     0 3.979352e-02 6.288463e+01 1.298550e+02 5.848355e-02 1.839213e-04 
4.284000e+02 4.567990e-02 6.792375e-02 1.332857e+00 1.031542e+04 5.884555e+03 2.047636e+02 10000 11000 2.395284e-03     0 3.974994e-02 6.286406e+01 1.298548e+02 5.851881e-02 1.750151e-04 
4.285000e+02 4.502613e-02 6.785570e-02 1.333902e+00 1.031851e+04 5.897168e+03 2.048858e+02 10000 11000 2.230852e-03     0 3.970991e-02 6.284329e+01 1.298548e+02 5.855159e-02 1.733562e-04 
4.286000e+02 4.440607e-02 6.779105e-02 1.334924e+00 1.032158e+04 5.909785e+03 2.050067e+02 10000 11000 2.469315e-03     0 3.967331e-02 6.282230e+01 1.298548e+02 5.858185e-02 1.812555e-04 
4.287000e+02 4.375070e-02 6.772899e-02 1.335932e+00 1.032463e+04 5.922405e+03 2.051263e+02 10000 11000 2.456502e-03     0 3.963992e-02 6.280108e+01 1.298550e+02 5.860962e-02 1.839867e-04 
4.288000e+02 4.308138e-02 6.766907e-02 1.336931e+00 1.032768e+04 5.935028e+03 2.052448e+02 10000 11000 2.346582e-03     0 3.960972e-02 6.277965e+01 1.298552e+02 5.863498e-02 1.782201e-04 
4.289000e+02 4.243671e-02 6.761119e-02 1.337918e+00 1.033071e+04 5.947654e+03 2.053622e+02 10000 11000 2.202392e-03     0 3.958277e-02 6.275799e+01 1.298555e+02 5.865799e-02 1.701918e-04 
  429 4.184104e-02 6.755530e-02 1.338885e+00 1.033373e+04 5.960283e+03 2.054785e+02 10000 11000 2.051825e-03     0 3.955897e-02 6.273611e+01 1.298559e+02 5.867871e-02 1.687814e-04 
4.291000e+02 4.127621e-02 6.750118e-02 1.339830e+00 1.033674e+04 5.972916e+03 2.055939e+02 10000 11000 2.269942e-03     0 3.953808e-02 6.271399e+01 1.298564e+02 5.869717e-02 1.761011e-04 
4.292000e+02 4.067934e-02 6.744822e-02 1.340763e+00 1.033973e+04 5.985551e+03 2.057083e+02 10000 11000 2.258147e-03     0 3.951984e-02 6.269165e+01 1.298568e+02 5.871348e-02 1.786708e-04 
4.293000e+02 4.006992e-02 6.739607e-02 1.341688e+00 1.034271e+04 5.998189e+03 2.058218e+02 10000 11000 2.157543e-03     0 3.950418e-02 6.266908e+01 1.298573e+02 5.872778e-02 1.734465e-04 
4.294000e+02 3.948305e-02 6.734469e-02 1.342601e+00 1.034568e+04 6.010830e+03 2.059345e+02 10000 11000 2.025613e-03     0 3.949105e-02 6.264628e+01 1.298579e+02 5.874018e-02 1.661374e-04 
4.295000e+02 3.894088e-02 6.729410e-02 1.343497e+00 1.034864e+04 6.023474e+03 2.060464e+02 10000 11000 1.887850e-03     0 3.948033e-02 6.262324e+01 1.298584e+02 5.875077e-02 1.648702e-04 
4.296000e+02 3.842688e-02 6.724418e-02 1.344372e+00 1.035159e+04 6.036121e+03 2.061574e+02 10000 11000 2.087327e-03     0 3.947178e-02 6.259998e+01 1.298590e+02 5.875962e-02 1.715795e-04 
4.297000e+02 3.788384e-02 6.719444e-02 1.345237e+00 1.035452e+04 6.048770e+03 2.062677e+02 10000 11000 2.076510e-03     0 3.946513e-02 6.257648e+01 1.298596e+02 5.876686e-02 1.739367e-04 
4.298000e+02 3.732947e-02 6.714466e-02 1.346093e+00 1.035744e+04 6.061422e+03 2.063772e+02 10000 11000 1.984499e-03     0 3.946029e-02 6.255275e+01 1.298602e+02 5.877263e-02 1.691610e-04 
4.299000e+02 3.679571e-02 6.709484e-02 1.346939e+00 1.036036e+04 6.074077e+03 2.064860e+02 10000 11000 1.863859e-03     0 3.945721e-02 6.252880e+01 1.298608e+02 5.877704e-02 1.624764e-04 
  430 3.630268e-02 6.704505e-02 1.347769e+00 1.036326e+04 6.086735e+03 2.065942e+02 10000 11000 1.737876e-03     0 3.945576e-02 6.250462e+01 1.298614e+02 5.878019e-02 1.613157e-04 
4.301000e+02 3.583532e-02 6.699525e-02 1.348581e+00 1.036615e+04 6.099394e+03 2.067016e+02 10000 11000 1.920281e-03     0 3.945574e-02 6.248021e+01 1.298620e+02 5.878215e-02 1.674482e-04 
4.302000e+02 3.534165e-02 6.694505e-02 1.349382e+00 1.036903e+04 6.112057e+03 2.068083e+02 10000 11000 1.910380e-03     0 3.945691e-02 6.245557e+01 1.298625e+02 5.878305e-02 1.696000e-04 
4.303000e+02 3.483776e-02 6.689433e-02 1.350176e+00 1.037190e+04 6.124722e+03 2.069144e+02 10000 11000 1.826267e-03     0 3.945919e-02 6.243071e+01 1.298631e+02 5.878299e-02 1.652289e-04 
4.304000e+02 3.435268e-02 6.684313e-02 1.350961e+00 1.037476e+04 6.137389e+03 2.070198e+02 10000 11000 1.715993e-03     0 3.946255e-02 6.240563e+01 1.298637e+02 5.878209e-02 1.591110e-04 
4.305000e+02 3.390465e-02 6.679154e-02 1.351730e+00 1.037761e+04 6.150058e+03 2.071245e+02 10000 11000 1.600822e-03     0 3.946688e-02 6.238033e+01 1.298642e+02 5.878041e-02 1.580406e-04 
4.306000e+02 3.348001e-02 6.673957e-02 1.352483e+00 1.038045e+04 6.162730e+03 2.072286e+02 10000 11000 1.767577e-03     0 3.947203e-02 6.235481e+01 1.298648e+02 5.877802e-02 1.636351e-04 
4.307000e+02 3.303155e-02 6.668695e-02 1.353227e+00 1.038328e+04 6.175404e+03 2.073320e+02 10000 11000 1.758519e-03     0 3.947779e-02 6.232907e+01 1.298653e+02 5.877501e-02 1.655885e-04 
4.308000e+02 3.257389e-02 6.663357e-02 1.353964e+00 1.038610e+04 6.188081e+03 2.074348e+02 10000 11000 1.681648e-03     0 3.948412e-02 6.230312e+01 1.298658e+02 5.877148e-02 1.615778e-04 
4.309000e+02 3.213337e-02 6.657952e-02 1.354692e+00 1.038891e+04 6.200759e+03 2.075369e+02 10000 11000 1.580880e-03     0 3.949101e-02 6.227696e+01 1.298663e+02 5.876749e-02 1.559683e-04 
  431 3.172653e-02 6.652491e-02 1.355407e+00 1.039171e+04 6.213440e+03 2.076384e+02 10000 11000 1.475621e-03     0 3.949838e-02 6.225059e+01 1.298668e+02 5.876311e-02 1.549692e-04 
4.311000e+02 3.134097e-02 6.646976e-02 1.356106e+00 1.039450e+04 6.226123e+03 2.077392e+02 10000 11000 1.628030e-03     0 3.950611e-02 6.222401e+01 1.298673e+02 5.875837e-02 1.600593e-04 
4.312000e+02 3.093387e-02 6.641388e-02 1.356797e+00 1.039728e+04 6.238807e+03 2.078393e+02 10000 11000 1.619743e-03     0 3.951405e-02 6.219723e+01 1.298678e+02 5.875335e-02 1.618209e-04 
4.313000e+02 3.051851e-02 6.635720e-02 1.357482e+00 1.040005e+04 6.251494e+03 2.079388e+02 10000 11000 1.549507e-03     0 3.952219e-02 6.217024e+01 1.298682e+02 5.874810e-02 1.581319e-04 
4.314000e+02 3.011875e-02 6.629982e-02 1.358159e+00 1.040282e+04 6.264183e+03 2.080375e+02 10000 11000 1.457448e-03     0 3.953052e-02 6.214306e+01 1.298687e+02 5.874268e-02 1.529810e-04 
4.315000e+02 2.974958e-02 6.624184e-02 1.358823e+00 1.040557e+04 6.276874e+03 2.081356e+02 10000 11000 1.361268e-03     0 3.953900e-02 6.211567e+01 1.298691e+02 5.873712e-02 1.520412e-04 
4.316000e+02 2.939974e-02 6.618331e-02 1.359474e+00 1.040832e+04 6.289567e+03 2.082330e+02 10000 11000 1.500520e-03     0 3.954755e-02 6.208810e+01 1.298696e+02 5.873145e-02 1.566643e-04 
4.317000e+02 2.903046e-02 6.612407e-02 1.360116e+00 1.041106e+04 6.302261e+03 2.083297e+02 10000 11000 1.492930e-03     0 3.955606e-02 6.206033e+01 1.298700e+02 5.872571e-02 1.582469e-04 
4.318000e+02 2.865378e-02 6.606409e-02 1.360753e+00 1.041379e+04 6.314958e+03 2.084257e+02 10000 11000 1.428768e-03     0 3.956454e-02 6.203237e+01 1.298704e+02 5.871994e-02 1.548510e-04 
4.319000e+02 2.829129e-02 6.600345e-02 1.361383e+00 1.041651e+04 6.327656e+03 2.085210e+02 10000 11000 1.344682e-03     0 3.957299e-02 6.200422e+01 1.298708e+02 5.871418e-02 1.501199e-04 
  432 2.795654e-02 6.594227e-02 1.362001e+00 1.041922e+04 6.340356e+03 2.086156e+02 10000 11000 1.256816e-03     0 3.958139e-02 6.197590e+01 1.298712e+02 5.870843e-02 1.492346e-04 
4.321000e+02 2.763935e-02 6.588059e-02 1.362607e+00 1.042193e+04 6.353058e+03 2.087094e+02 10000 11000 1.383983e-03     0 3.958970e-02 6.194739e+01 1.298716e+02 5.870272e-02 1.534305e-04 
4.322000e+02 2.730464e-02 6.581828e-02 1.363205e+00 1.042463e+04 6.365762e+03 2.088025e+02 10000 11000 1.377016e-03     0 3.959784e-02 6.191870e+01 1.298720e+02 5.869705e-02 1.548511e-04 
4.323000e+02 2.696330e-02 6.575532e-02 1.363799e+00 1.042732e+04 6.378467e+03 2.088949e+02 10000 11000 1.318409e-03     0 3.960581e-02 6.188983e+01 1.298724e+02 5.869147e-02 1.517273e-04 
4.324000e+02 2.663488e-02 6.569179e-02 1.364385e+00 1.043000e+04 6.391174e+03 2.089864e+02 10000 11000 1.241621e-03     0 3.961365e-02 6.186080e+01 1.298728e+02 5.868599e-02 1.473852e-04 
4.325000e+02 2.633159e-02 6.562780e-02 1.364961e+00 1.043267e+04 6.403883e+03 2.090773e+02 10000 11000 1.161364e-03     0 3.962135e-02 6.183159e+01 1.298731e+02 5.868060e-02 1.465544e-04 
4.326000e+02 2.604422e-02 6.556338e-02 1.365526e+00 1.043534e+04 6.416593e+03 2.091673e+02 10000 11000 1.277414e-03     0 3.962887e-02 6.180221e+01 1.298735e+02 5.867532e-02 1.503635e-04 
4.327000e+02 2.574110e-02 6.549844e-02 1.366084e+00 1.043800e+04 6.429305e+03 2.092566e+02 10000 11000 1.270999e-03     0 3.963617e-02 6.177267e+01 1.298739e+02 5.867015e-02 1.516418e-04 
4.328000e+02 2.543209e-02 6.543295e-02 1.366637e+00 1.044065e+04 6.442018e+03 2.093451e+02 10000 11000 1.217471e-03     0 3.964325e-02 6.174297e+01 1.298743e+02 5.866511e-02 1.487749e-04 
4.329000e+02 2.513481e-02 6.536699e-02 1.367184e+00 1.044330e+04 6.454733e+03 2.094328e+02 10000 11000 1.147363e-03     0 3.965017e-02 6.171311e+01 1.298746e+02 5.866021e-02 1.447977e-04 
  433 2.486027e-02 6.530064e-02 1.367722e+00 1.044593e+04 6.467450e+03 2.095197e+02 10000 11000 1.074073e-03     0 3.965691e-02 6.168309e+01 1.298750e+02 5.865543e-02 1.440251e-04 
4.331000e+02 2.460016e-02 6.523395e-02 1.368249e+00 1.044857e+04 6.480167e+03 2.096058e+02 10000 11000 1.179880e-03     0 3.966345e-02 6.165291e+01 1.298754e+02 5.865078e-02 1.474876e-04 
4.332000e+02 2.432593e-02 6.516683e-02 1.368770e+00 1.045119e+04 6.492887e+03 2.096911e+02 10000 11000 1.173947e-03     0 3.966976e-02 6.162259e+01 1.298757e+02 5.864627e-02 1.486447e-04 
4.333000e+02 2.404648e-02 6.509926e-02 1.369287e+00 1.045381e+04 6.505608e+03 2.097756e+02 10000 11000 1.125065e-03     0 3.967586e-02 6.159211e+01 1.298761e+02 5.864189e-02 1.460242e-04 
4.334000e+02 2.377767e-02 6.503130e-02 1.369798e+00 1.045642e+04 6.518330e+03 2.098592e+02 10000 11000 1.061074e-03     0 3.968179e-02 6.156149e+01 1.298765e+02 5.863765e-02 1.423929e-04 
4.335000e+02 2.352942e-02 6.496304e-02 1.370300e+00 1.045902e+04 6.531054e+03 2.099420e+02 10000 11000 9.941658e-04     0 3.968755e-02 6.153072e+01 1.298769e+02 5.863354e-02 1.416846e-04 
4.336000e+02 2.329424e-02 6.489450e-02 1.370792e+00 1.046162e+04 6.543779e+03 2.100240e+02 10000 11000 1.090521e-03     0 3.969312e-02 6.149981e+01 1.298772e+02 5.862956e-02 1.448396e-04 
4.337000e+02 2.304645e-02 6.482560e-02 1.371279e+00 1.046421e+04 6.556505e+03 2.101051e+02 10000 11000 1.085006e-03     0 3.969849e-02 6.146876e+01 1.298776e+02 5.862570e-02 1.458971e-04 
4.338000e+02 2.279405e-02 6.475634e-02 1.371763e+00 1.046679e+04 6.569233e+03 2.101853e+02 10000 11000 1.040373e-03     0 3.970366e-02 6.143758e+01 1.298780e+02 5.862196e-02 1.435155e-04 
4.339000e+02 2.255130e-02 6.468677e-02 1.372240e+00 1.046937e+04 6.581962e+03 2.102647e+02 10000 11000 9.819865e-04     0 3.970868e-02 6.140626e+01 1.298784e+02 5.861836e-02 1.402151e-04 
  434 2.232711e-02 6.461696e-02 1.372710e+00 1.047194e+04 6.594693e+03 2.103433e+02 10000 11000 9.209282e-04     0 3.971355e-02 6.137481e+01 1.298788e+02 5.861487e-02 1.395785e-04 
4.341000e+02 2.211474e-02 6.454691e-02 1.373171e+00 1.047451e+04 6.607424e+03 2.104210e+02 10000 11000 1.008548e-03     0 3.971827e-02 6.134323e+01 1.298792e+02 5.861149e-02 1.424633e-04 
4.342000e+02 2.189114e-02 6.447658e-02 1.373627e+00 1.047707e+04 6.620157e+03 2.104978e+02 10000 11000 1.003392e-03     0 3.972281e-02 6.131153e+01 1.298796e+02 5.860822e-02 1.434425e-04 
4.343000e+02 2.166351e-02 6.440595e-02 1.374080e+00 1.047962e+04 6.632891e+03 2.105737e+02 10000 11000 9.626487e-04     0 3.972718e-02 6.127970e+01 1.298799e+02 5.860505e-02 1.412948e-04 
4.344000e+02 2.144462e-02 6.433507e-02 1.374527e+00 1.048217e+04 6.645627e+03 2.106488e+02 10000 11000 9.094008e-04     0 3.973143e-02 6.124775e+01 1.298803e+02 5.860200e-02 1.383130e-04 
4.345000e+02 2.124246e-02 6.426399e-02 1.374968e+00 1.048471e+04 6.658363e+03 2.107229e+02 10000 11000 8.537090e-04     0 3.973556e-02 6.121568e+01 1.298807e+02 5.859904e-02 1.377566e-04 
4.346000e+02 2.105099e-02 6.419272e-02 1.375400e+00 1.048725e+04 6.671101e+03 2.107962e+02 10000 11000 9.332452e-04     0 3.973955e-02 6.118349e+01 1.298811e+02 5.859617e-02 1.404064e-04 
4.347000e+02 2.084956e-02 6.412122e-02 1.375827e+00 1.048978e+04 6.683840e+03 2.108686e+02 10000 11000 9.283966e-04     0 3.974340e-02 6.115119e+01 1.298816e+02 5.859339e-02 1.413280e-04 
4.348000e+02 2.064462e-02 6.404947e-02 1.376252e+00 1.049231e+04 6.696580e+03 2.109401e+02 10000 11000 8.912147e-04     0 3.974712e-02 6.111878e+01 1.298820e+02 5.859070e-02 1.394108e-04 
4.349000e+02 2.044760e-02 6.397751e-02 1.376671e+00 1.049483e+04 6.709322e+03 2.110106e+02 10000 11000 8.426817e-04     0 3.975074e-02 6.108626e+01 1.298824e+02 5.858809e-02 1.367379e-04 
  435 2.026564e-02 6.390539e-02 1.377085e+00 1.049734e+04 6.722064e+03 2.110803e+02 10000 11000 7.919169e-04     0 3.975426e-02 6.105364e+01 1.298828e+02 5.858556e-02 1.362703e-04 
4.351000e+02 2.009332e-02 6.383311e-02 1.377490e+00 1.049985e+04 6.734808e+03 2.111491e+02 10000 11000 8.639651e-04     0 3.975768e-02 6.102091e+01 1.298832e+02 5.858311e-02 1.387186e-04 
4.352000e+02 1.991221e-02 6.376064e-02 1.377892e+00 1.050235e+04 6.747552e+03 2.112169e+02 10000 11000 8.593758e-04     0 3.976097e-02 6.098808e+01 1.298836e+02 5.858072e-02 1.396025e-04 
4.353000e+02 1.972807e-02 6.368796e-02 1.378291e+00 1.050485e+04 6.760298e+03 2.112839e+02 10000 11000 8.254583e-04     0 3.976416e-02 6.095515e+01 1.298840e+02 5.857841e-02 1.379138e-04 
4.354000e+02 1.955111e-02 6.361511e-02 1.378685e+00 1.050734e+04 6.773045e+03 2.113499e+02 10000 11000 7.812545e-04     0 3.976727e-02 6.092212e+01 1.298845e+02 5.857617e-02 1.355419e-04 
4.355000e+02 1.938766e-02 6.354212e-02 1.379073e+00 1.050983e+04 6.785792e+03 2.114150e+02 10000 11000 7.350168e-04     0 3.977030e-02 6.088900e+01 1.298849e+02 5.857399e-02 1.351721e-04 
4.356000e+02 1.923292e-02 6.346901e-02 1.379455e+00 1.051231e+04 6.798541e+03 2.114792e+02 10000 11000 8.001224e-04     0 3.977324e-02 6.085579e+01 1.298853e+02 5.857187e-02 1.374501e-04 
4.357000e+02 1.907046e-02 6.339573e-02 1.379833e+00 1.051479e+04 6.811291e+03 2.115425e+02 10000 11000 7.957510e-04     0 3.977609e-02 6.082249e+01 1.298858e+02 5.856980e-02 1.383156e-04 
4.358000e+02 1.890540e-02 6.332228e-02 1.380208e+00 1.051727e+04 6.824042e+03 2.116048e+02 10000 11000 7.648274e-04     0 3.977885e-02 6.078910e+01 1.298862e+02 5.856780e-02 1.368544e-04 
4.359000e+02 1.874684e-02 6.324869e-02 1.380579e+00 1.051973e+04 6.836794e+03 2.116662e+02 10000 11000 7.246012e-04     0 3.978154e-02 6.075563e+01 1.298866e+02 5.856585e-02 1.347770e-04 
  436 1.860039e-02 6.317498e-02 1.380945e+00 1.052220e+04 6.849546e+03 2.117267e+02 10000 11000 6.825264e-04     0 3.978417e-02 6.072208e+01 1.298871e+02 5.856395e-02 1.345141e-04 
4.361000e+02 1.846179e-02 6.310117e-02 1.381304e+00 1.052466e+04 6.862300e+03 2.117862e+02 10000 11000 7.411912e-04     0 3.978673e-02 6.068845e+01 1.298875e+02 5.856210e-02 1.366514e-04 
4.362000e+02 1.831645e-02 6.302722e-02 1.381661e+00 1.052711e+04 6.875055e+03 2.118448e+02 10000 11000 7.370017e-04     0 3.978920e-02 6.065474e+01 1.298880e+02 5.856029e-02 1.375167e-04 
4.363000e+02 1.816891e-02 6.295313e-02 1.382014e+00 1.052956e+04 6.887811e+03 2.119024e+02 10000 11000 7.088257e-04     0 3.979161e-02 6.062096e+01 1.298884e+02 5.855854e-02 1.362827e-04 
4.364000e+02 1.802723e-02 6.287891e-02 1.382364e+00 1.053200e+04 6.900567e+03 2.119591e+02 10000 11000 6.722568e-04     0 3.979395e-02 6.058711e+01 1.298888e+02 5.855683e-02 1.344945e-04 
4.365000e+02 1.789640e-02 6.280461e-02 1.382709e+00 1.053444e+04 6.913325e+03 2.120149e+02 10000 11000 6.340126e-04     0 3.979623e-02 6.055318e+01 1.298893e+02 5.855517e-02 1.343475e-04 
4.366000e+02 1.777264e-02 6.273022e-02 1.383049e+00 1.053688e+04 6.926083e+03 2.120697e+02 10000 11000 6.867004e-04     0 3.979846e-02 6.051919e+01 1.298897e+02 5.855355e-02 1.363718e-04 
4.367000e+02 1.764301e-02 6.265572e-02 1.383385e+00 1.053931e+04 6.938842e+03 2.121236e+02 10000 11000 6.826624e-04     0 3.980061e-02 6.048514e+01 1.298902e+02 5.855197e-02 1.372541e-04 
4.368000e+02 1.751156e-02 6.258110e-02 1.383719e+00 1.054174e+04 6.951603e+03 2.121765e+02 10000 11000 6.570099e-04     0 3.980270e-02 6.045103e+01 1.298906e+02 5.855043e-02 1.362475e-04 
4.369000e+02 1.738540e-02 6.250638e-02 1.384050e+00 1.054416e+04 6.964364e+03 2.122285e+02 10000 11000 6.238058e-04     0 3.980473e-02 6.041685e+01 1.298911e+02 5.854894e-02 1.347441e-04 
  437 1.726893e-02 6.243160e-02 1.384376e+00 1.054658e+04 6.977126e+03 2.122795e+02 10000 11000 5.890891e-04     0 3.980672e-02 6.038262e+01 1.298915e+02 5.854748e-02 1.347216e-04 
4.371000e+02 1.715881e-02 6.235675e-02 1.384698e+00 1.054899e+04 6.989889e+03 2.123296e+02 10000 11000 6.362309e-04     0 3.980865e-02 6.034834e+01 1.298920e+02 5.854606e-02 1.366587e-04 
4.372000e+02 1.704363e-02 6.228181e-02 1.385016e+00 1.055140e+04 7.002652e+03 2.123787e+02 10000 11000 6.323193e-04     0 3.981051e-02 6.031400e+01 1.298925e+02 5.854468e-02 1.375741e-04 
4.373000e+02 1.692696e-02 6.220678e-02 1.385332e+00 1.055381e+04 7.015417e+03 2.124269e+02 10000 11000 6.089865e-04     0 3.981231e-02 6.027962e+01 1.298929e+02 5.854334e-02 1.367953e-04 
4.374000e+02 1.681506e-02 6.213168e-02 1.385646e+00 1.055621e+04 7.028182e+03 2.124740e+02 10000 11000 5.788799e-04     0 3.981406e-02 6.024519e+01 1.298934e+02 5.854204e-02 1.355725e-04 
4.375000e+02 1.671179e-02 6.205652e-02 1.385955e+00 1.055861e+04 7.040948e+03 2.125203e+02 10000 11000 5.474137e-04     0 3.981577e-02 6.021071e+01 1.298938e+02 5.854077e-02 1.356824e-04 
4.376000e+02 1.661423e-02 6.198132e-02 1.386260e+00 1.056100e+04 7.053715e+03 2.125656e+02 10000 11000 5.894122e-04     0 3.981742e-02 6.017619e+01 1.298943e+02 5.853954e-02 1.375562e-04 
4.377000e+02 1.651234e-02 6.190606e-02 1.386562e+00 1.056339e+04 7.066483e+03 2.126099e+02 10000 11000 5.856074e-04     0 3.981901e-02 6.014163e+01 1.298948e+02 5.853834e-02 1.385195e-04 
4.378000e+02 1.640925e-02 6.183073e-02 1.386862e+00 1.056577e+04 7.079251e+03 2.126532e+02 10000 11000 5.644089e-04     0 3.982054e-02 6.010704e+01 1.298952e+02 5.853718e-02 1.379684e-04 
4.379000e+02 1.631045e-02 6.175535e-02 1.387160e+00 1.056816e+04 7.092021e+03 2.126956e+02 10000 11000 5.371559e-04     0 3.982202e-02 6.007241e+01 1.298957e+02 5.853606e-02 1.370223e-04 
  438 1.621935e-02 6.167994e-02 1.387454e+00 1.057053e+04 7.104791e+03 2.127370e+02 10000 11000 5.086868e-04     0 3.982346e-02 6.003775e+01 1.298961e+02 5.853498e-02 1.372716e-04 
4.381000e+02 1.613335e-02 6.160451e-02 1.387743e+00 1.057291e+04 7.117561e+03 2.127775e+02 10000 11000 5.459206e-04     0 3.982484e-02 6.000306e+01 1.298966e+02 5.853393e-02 1.391037e-04 
4.382000e+02 1.604369e-02 6.152903e-02 1.388031e+00 1.057528e+04 7.130333e+03 2.128169e+02 10000 11000 5.422086e-04     0 3.982617e-02 5.996835e+01 1.298971e+02 5.853291e-02 1.401280e-04 
4.383000e+02 1.595309e-02 6.145352e-02 1.388317e+00 1.057764e+04 7.143105e+03 2.128554e+02 10000 11000 5.229762e-04     0 3.982744e-02 5.993361e+01 1.298975e+02 5.853193e-02 1.398040e-04 
4.384000e+02 1.586635e-02 6.137798e-02 1.388600e+00 1.058001e+04 7.155878e+03 2.128930e+02 10000 11000 4.983536e-04     0 3.982866e-02 5.989884e+01 1.298980e+02 5.853099e-02 1.391299e-04 
4.385000e+02 1.578644e-02 6.130243e-02 1.388880e+00 1.058237e+04 7.168652e+03 2.129296e+02 10000 11000 4.726502e-04     0 3.982983e-02 5.986406e+01 1.298985e+02 5.853008e-02 1.395243e-04 
4.386000e+02 1.571111e-02 6.122688e-02 1.389157e+00 1.058472e+04 7.181427e+03 2.129652e+02 10000 11000 5.054773e-04     0 3.983095e-02 5.982926e+01 1.298989e+02 5.852920e-02 1.413338e-04 
4.387000e+02 1.563270e-02 6.115132e-02 1.389431e+00 1.058707e+04 7.194202e+03 2.129998e+02 10000 11000 5.018497e-04     0 3.983202e-02 5.979445e+01 1.298994e+02 5.852837e-02 1.424302e-04 
4.388000e+02 1.555359e-02 6.107574e-02 1.389704e+00 1.058942e+04 7.206978e+03 2.130335e+02 10000 11000 4.844308e-04     0 3.983303e-02 5.975962e+01 1.298999e+02 5.852756e-02 1.423314e-04 
4.389000e+02 1.547794e-02 6.100016e-02 1.389974e+00 1.059177e+04 7.219754e+03 2.130661e+02 10000 11000 4.622353e-04     0 3.983399e-02 5.972478e+01 1.299003e+02 5.852679e-02 1.419237e-04 
  439 1.540836e-02 6.092459e-02 1.390242e+00 1.059411e+04 7.232532e+03 2.130979e+02 10000 11000 4.390859e-04     0 3.983490e-02 5.968994e+01 1.299008e+02 5.852606e-02 1.424670e-04 
4.391000e+02 1.534287e-02 6.084904e-02 1.390507e+00 1.059644e+04 7.245310e+03 2.131286e+02 10000 11000 4.678468e-04     0 3.983577e-02 5.965509e+01 1.299013e+02 5.852536e-02 1.442705e-04 
4.392000e+02 1.527483e-02 6.077351e-02 1.390769e+00 1.059878e+04 7.258088e+03 2.131584e+02 10000 11000 4.643007e-04     0 3.983657e-02 5.962024e+01 1.299017e+02 5.852470e-02 1.454477e-04 
4.393000e+02 1.520628e-02 6.069798e-02 1.391031e+00 1.060111e+04 7.270868e+03 2.131872e+02 10000 11000 4.485576e-04     0 3.983733e-02 5.958539e+01 1.299022e+02 5.852407e-02 1.455704e-04 
4.394000e+02 1.514085e-02 6.062248e-02 1.391290e+00 1.060344e+04 7.283648e+03 2.132150e+02 10000 11000 4.286035e-04     0 3.983803e-02 5.955054e+01 1.299027e+02 5.852347e-02 1.454219e-04 
4.395000e+02 1.508078e-02 6.054701e-02 1.391547e+00 1.060576e+04 7.296428e+03 2.132418e+02 10000 11000 4.078149e-04     0 3.983869e-02 5.951570e+01 1.299031e+02 5.852292e-02 1.461159e-04 
4.396000e+02 1.502439e-02 6.047159e-02 1.391801e+00 1.060808e+04 7.309210e+03 2.132677e+02 10000 11000 4.328351e-04     0 3.983929e-02 5.948086e+01 1.299036e+02 5.852239e-02 1.479266e-04 
4.397000e+02 1.496589e-02 6.039620e-02 1.392053e+00 1.061040e+04 7.321992e+03 2.132926e+02 10000 11000 4.293730e-04     0 3.983984e-02 5.944604e+01 1.299041e+02 5.852190e-02 1.491906e-04 
4.398000e+02 1.490708e-02 6.032085e-02 1.392305e+00 1.061271e+04 7.334774e+03 2.133165e+02 10000 11000 4.151817e-04     0 3.984034e-02 5.941122e+01 1.299045e+02 5.852145e-02 1.495292e-04 
4.399000e+02 1.485106e-02 6.024555e-02 1.392554e+00 1.061502e+04 7.347558e+03 2.133395e+02 10000 11000 3.973001e-04     0 3.984079e-02 5.937642e+01 1.299050e+02 5.852103e-02 1.496309e-04 
  440 1.479978e-02 6.017031e-02 1.392802e+00 1.061733e+04 7.360341e+03 2.133615e+02 10000 11000 3.786959e-04     0 3.984119e-02 5.934164e+01 1.299055e+02 5.852064e-02 1.504745e-04 
4.401000e+02 1.475179e-02 6.009514e-02 1.393046e+00 1.061964e+04 7.373126e+03 2.133825e+02 10000 11000 4.002871e-04     0 3.984154e-02 5.930688e+01 1.299059e+02 5.852029e-02 1.523024e-04 
4.402000e+02 1.470211e-02 6.002002e-02 1.393290e+00 1.062194e+04 7.385911e+03 2.134025e+02 10000 11000 3.969167e-04     0 3.984184e-02 5.927214e+01 1.299064e+02 5.851997e-02 1.536561e-04 
4.403000e+02 1.465225e-02 5.994497e-02 1.393532e+00 1.062424e+04 7.398697e+03 2.134216e+02 10000 11000 3.841660e-04     0 3.984209e-02 5.923742e+01 1.299069e+02 5.851969e-02 1.542025e-04 
4.404000e+02 1.460492e-02 5.987000e-02 1.393773e+00 1.062653e+04 7.411483e+03 2.134397e+02 10000 11000 3.682035e-04     0 3.984229e-02 5.920273e+01 1.299073e+02 5.851944e-02 1.545427e-04 
4.405000e+02 1.456176e-02 5.979510e-02 1.394012e+00 1.062882e+04 7.424270e+03 2.134568e+02 10000 11000 3.516230e-04     0 3.984244e-02 5.916807e+01 1.299078e+02 5.851923e-02 1.555321e-04 
4.406000e+02 1.452154e-02 5.972030e-02 1.394249e+00 1.063111e+04 7.437058e+03 2.134729e+02 10000 11000 3.700841e-04     0 3.984254e-02 5.913343e+01 1.299083e+02 5.851905e-02 1.573835e-04 
4.407000e+02 1.447999e-02 5.964558e-02 1.394485e+00 1.063340e+04 7.449846e+03 2.134881e+02 10000 11000 3.668179e-04     0 3.984259e-02 5.909884e+01 1.299087e+02 5.851890e-02 1.588264e-04 
4.408000e+02 1.443840e-02 5.957096e-02 1.394720e+00 1.063568e+04 7.462635e+03 2.135023e+02 10000 11000 3.554082e-04     0 3.984259e-02 5.906428e+01 1.299092e+02 5.851879e-02 1.595697e-04 
4.409000e+02 1.439908e-02 5.949643e-02 1.394954e+00 1.063796e+04 7.475424e+03 2.135156e+02 10000 11000 3.412254e-04     0 3.984253e-02 5.902975e+01 1.299097e+02 5.851871e-02 1.601346e-04 
  441 1.436343e-02 5.942200e-02 1.395186e+00 1.064023e+04 7.488214e+03 2.135278e+02 10000 11000 3.265225e-04     0 3.984244e-02 5.899527e+01 1.299101e+02 5.851867e-02 1.612628e-04 
4.411000e+02 1.433040e-02 5.934769e-02 1.395416e+00 1.064251e+04 7.501005e+03 2.135392e+02 10000 11000 3.421394e-04     0 3.984229e-02 5.896083e+01 1.299106e+02 5.851866e-02 1.631402e-04 
4.412000e+02 1.429636e-02 5.927350e-02 1.395646e+00 1.064478e+04 7.513796e+03 2.135495e+02 10000 11000 3.389935e-04     0 3.984210e-02 5.892644e+01 1.299111e+02 5.851868e-02 1.646686e-04 
4.413000e+02 1.426241e-02 5.919941e-02 1.395874e+00 1.064705e+04 7.526588e+03 2.135589e+02 10000 11000 3.288360e-04     0 3.984185e-02 5.889209e+01 1.299115e+02 5.851874e-02 1.655952e-04 
4.414000e+02 1.423048e-02 5.912545e-02 1.396102e+00 1.064931e+04 7.539380e+03 2.135673e+02 10000 11000 3.163068e-04     0 3.984156e-02 5.885779e+01 1.299120e+02 5.851883e-02 1.663680e-04 
4.415000e+02 1.420178e-02 5.905162e-02 1.396329e+00 1.065157e+04 7.552173e+03 2.135748e+02 10000 11000 3.033483e-04     0 3.984122e-02 5.882355e+01 1.299125e+02 5.851895e-02 1.676250e-04 
4.416000e+02 1.417543e-02 5.897793e-02 1.396553e+00 1.065383e+04 7.564966e+03 2.135813e+02 10000 11000 3.163930e-04     0 3.984083e-02 5.878936e+01 1.299129e+02 5.851910e-02 1.695273e-04 
4.417000e+02 1.414833e-02 5.890437e-02 1.396778e+00 1.065609e+04 7.577760e+03 2.135868e+02 10000 11000 3.133862e-04     0 3.984039e-02 5.875522e+01 1.299134e+02 5.851929e-02 1.711344e-04 
4.418000e+02 1.412142e-02 5.883095e-02 1.397001e+00 1.065834e+04 7.590555e+03 2.135914e+02 10000 11000 3.044013e-04     0 3.983991e-02 5.872115e+01 1.299139e+02 5.851951e-02 1.722280e-04 
4.419000e+02 1.409633e-02 5.875768e-02 1.397224e+00 1.066059e+04 7.603350e+03 2.135950e+02 10000 11000 2.934115e-04     0 3.983938e-02 5.868713e+01 1.299143e+02 5.851977e-02 1.731897e-04 
  442 1.407408e-02 5.868456e-02 1.397446e+00 1.066284e+04 7.616145e+03 2.135977e+02 10000 11000 2.820762e-04     0 3.983880e-02 5.865318e+01 1.299148e+02 5.852005e-02 1.745628e-04 
4.421000e+02 1.405391e-02 5.861161e-02 1.397666e+00 1.066508e+04 7.628941e+03 2.135994e+02 10000 11000 2.928042e-04     0 3.983818e-02 5.861930e+01 1.299153e+02 5.852037e-02 1.764857e-04 
4.422000e+02 1.403325e-02 5.853881e-02 1.397886e+00 1.066732e+04 7.641738e+03 2.136001e+02 10000 11000 2.899565e-04     0 3.983751e-02 5.858548e+01 1.299157e+02 5.852072e-02 1.781615e-04 
4.423000e+02 1.401285e-02 5.846617e-02 1.398106e+00 1.066956e+04 7.654535e+03 2.136000e+02 10000 11000 2.820730e-04     0 3.983679e-02 5.855174e+01 1.299162e+02 5.852110e-02 1.794041e-04 
4.424000e+02 1.399409e-02 5.839371e-02 1.398325e+00 1.067180e+04 7.667333e+03 2.135988e+02 10000 11000 2.725186e-04     0 3.983603e-02 5.851806e+01 1.299167e+02 5.852151e-02 1.805339e-04 
4.425000e+02 1.397780e-02 5.832142e-02 1.398543e+00 1.067403e+04 7.680132e+03 2.135967e+02 10000 11000 2.626964e-04     0 3.983522e-02 5.848446e+01 1.299171e+02 5.852196e-02 1.820082e-04 
4.426000e+02 1.396338e-02 5.824932e-02 1.398761e+00 1.067626e+04 7.692931e+03 2.135937e+02 10000 11000 2.713438e-04     0 3.983437e-02 5.845094e+01 1.299176e+02 5.852243e-02 1.839445e-04 
4.427000e+02 1.394867e-02 5.817740e-02 1.398978e+00 1.067849e+04 7.705730e+03 2.135898e+02 10000 11000 2.686743e-04     0 3.983347e-02 5.841750e+01 1.299180e+02 5.852294e-02 1.856773e-04 
4.428000e+02 1.393430e-02 5.810567e-02 1.399194e+00 1.068071e+04 7.718530e+03 2.135848e+02 10000 11000 2.618276e-04     0 3.983253e-02 5.838414e+01 1.299185e+02 5.852348e-02 1.870493e-04 
4.429000e+02 1.392140e-02 5.803413e-02 1.399411e+00 1.068293e+04 7.731331e+03 2.135790e+02 10000 11000 2.536144e-04     0 3.983154e-02 5.835086e+01 1.299190e+02 5.852405e-02 1.883256e-04 
  443 1.391066e-02 5.796279e-02 1.399627e+00 1.068515e+04 7.744132e+03 2.135722e+02 10000 11000 2.452045e-04     0 3.983051e-02 5.831767e+01 1.299194e+02 5.852465e-02 1.898848e-04 
4.431000e+02 1.390157e-02 5.789165e-02 1.399842e+00 1.068737e+04 7.756933e+03 2.135645e+02 10000 11000 2.519845e-04     0 3.982943e-02 5.828456e+01 1.299199e+02 5.852528e-02 1.918258e-04 
4.432000e+02 1.389239e-02 5.782073e-02 1.400057e+00 1.068958e+04 7.769735e+03 2.135559e+02 10000 11000 2.495094e-04     0 3.982831e-02 5.825155e+01 1.299203e+02 5.852594e-02 1.936025e-04 
4.433000e+02 1.388360e-02 5.775001e-02 1.400272e+00 1.069179e+04 7.782538e+03 2.135463e+02 10000 11000 2.436403e-04     0 3.982715e-02 5.821863e+01 1.299208e+02 5.852663e-02 1.950843e-04 
4.434000e+02 1.387613e-02 5.767951e-02 1.400487e+00 1.069400e+04 7.795341e+03 2.135358e+02 10000 11000 2.366820e-04     0 3.982594e-02 5.818580e+01 1.299213e+02 5.852735e-02 1.964857e-04 
4.435000e+02 1.387053e-02 5.760923e-02 1.400701e+00 1.069621e+04 7.808145e+03 2.135243e+02 10000 11000 2.295925e-04     0 3.982469e-02 5.815307e+01 1.299217e+02 5.852810e-02 1.981134e-04 
4.436000e+02 1.386640e-02 5.753917e-02 1.400915e+00 1.069841e+04 7.820949e+03 2.135120e+02 10000 11000 2.346906e-04     0 3.982340e-02 5.812043e+01 1.299222e+02 5.852888e-02 2.000494e-04 
4.437000e+02 1.386234e-02 5.746935e-02 1.401129e+00 1.070061e+04 7.833754e+03 2.134987e+02 10000 11000 2.324215e-04     0 3.982206e-02 5.808790e+01 1.299226e+02 5.852969e-02 2.018571e-04 
4.438000e+02 1.385873e-02 5.739976e-02 1.401343e+00 1.070280e+04 7.846559e+03 2.134845e+02 10000 11000 2.274747e-04     0 3.982068e-02 5.805547e+01 1.299231e+02 5.853053e-02 2.034303e-04 
4.439000e+02 1.385629e-02 5.733041e-02 1.401557e+00 1.070500e+04 7.859365e+03 2.134694e+02 10000 11000 2.216923e-04     0 3.981926e-02 5.802314e+01 1.299236e+02 5.853139e-02 2.049369e-04 
  444 1.385547e-02 5.726130e-02 1.401771e+00 1.070719e+04 7.872171e+03 2.134534e+02 10000 11000 2.158390e-04     0 3.981780e-02 5.799092e+01 1.299240e+02 5.853229e-02 2.066179e-04 
4.441000e+02 1.385595e-02 5.719244e-02 1.401984e+00 1.070938e+04 7.884978e+03 2.134365e+02 10000 11000 2.194091e-04     0 3.981630e-02 5.795881e+01 1.299245e+02 5.853322e-02 2.085398e-04 
4.442000e+02 1.385665e-02 5.712383e-02 1.402198e+00 1.071156e+04 7.897785e+03 2.134187e+02 10000 11000 2.173507e-04     0 3.981476e-02 5.792681e+01 1.299249e+02 5.853417e-02 2.103670e-04 
4.443000e+02 1.385785e-02 5.705548e-02 1.402412e+00 1.071375e+04 7.910593e+03 2.134000e+02 10000 11000 2.132739e-04     0 3.981317e-02 5.789493e+01 1.299254e+02 5.853515e-02 2.120156e-04 
4.444000e+02 1.386010e-02 5.698738e-02 1.402626e+00 1.071593e+04 7.923401e+03 2.133803e+02 10000 11000 2.085953e-04     0 3.981155e-02 5.786315e+01 1.299258e+02 5.853616e-02 2.136105e-04 
4.445000e+02 1.386372e-02 5.691955e-02 1.402841e+00 1.071810e+04 7.936210e+03 2.133598e+02 10000 11000 2.039013e-04     0 3.980988e-02 5.783150e+01 1.299263e+02 5.853720e-02 2.153321e-04 
4.446000e+02 1.386849e-02 5.685199e-02 1.403055e+00 1.072028e+04 7.949019e+03 2.133384e+02 10000 11000 2.060614e-04     0 3.980818e-02 5.779996e+01 1.299267e+02 5.853826e-02 2.172326e-04 
4.447000e+02 1.387362e-02 5.678470e-02 1.403269e+00 1.072245e+04 7.961829e+03 2.133161e+02 10000 11000 2.042099e-04     0 3.980643e-02 5.776855e+01 1.299272e+02 5.853936e-02 2.190706e-04 
4.448000e+02 1.387930e-02 5.671769e-02 1.403484e+00 1.072462e+04 7.974639e+03 2.132929e+02 10000 11000 2.009533e-04     0 3.980465e-02 5.773725e+01 1.299276e+02 5.854048e-02 2.207826e-04 
4.449000e+02 1.388591e-02 5.665096e-02 1.403699e+00 1.072679e+04 7.987450e+03 2.132688e+02 10000 11000 1.973126e-04     0 3.980282e-02 5.770608e+01 1.299281e+02 5.854162e-02 2.224534e-04 
  445 1.389367e-02 5.658451e-02 1.403915e+00 1.072895e+04 8.000262e+03 2.132439e+02 10000 11000 1.937087e-04     0 3.980096e-02 5.767504e+01 1.299286e+02 5.854280e-02 2.242066e-04 
4.451000e+02 1.390245e-02 5.651836e-02 1.404130e+00 1.073111e+04 8.013074e+03 2.132180e+02 10000 11000 1.945373e-04     0 3.979906e-02 5.764413e+01 1.299290e+02 5.854400e-02 2.260816e-04 
4.452000e+02 1.391171e-02 5.645249e-02 1.404346e+00 1.073327e+04 8.025886e+03 2.131913e+02 10000 11000 1.928795e-04     0 3.979712e-02 5.761335e+01 1.299295e+02 5.854523e-02 2.279254e-04 
4.453000e+02 1.392158e-02 5.638692e-02 1.404563e+00 1.073542e+04 8.038699e+03 2.131637e+02 10000 11000 1.903957e-04     0 3.979514e-02 5.758270e+01 1.299299e+02 5.854648e-02 2.296939e-04 
4.454000e+02 1.393226e-02 5.632166e-02 1.404780e+00 1.073758e+04 8.051512e+03 2.131353e+02 10000 11000 1.877338e-04     0 3.979312e-02 5.755218e+01 1.299304e+02 5.854776e-02 2.314338e-04 
4.455000e+02 1.394390e-02 5.625669e-02 1.404997e+00 1.073973e+04 8.064326e+03 2.131060e+02 10000 11000 1.851587e-04     0 3.979107e-02 5.752180e+01 1.299308e+02 5.854907e-02 2.332146e-04 
4.456000e+02 1.395643e-02 5.619204e-02 1.405215e+00 1.074187e+04 8.077141e+03 2.130758e+02 10000 11000 1.846920e-04     0 3.978898e-02 5.749156e+01 1.299312e+02 5.855040e-02 2.350636e-04 
4.457000e+02 1.396958e-02 5.612770e-02 1.405433e+00 1.074402e+04 8.089956e+03 2.130448e+02 10000 11000 1.832048e-04     0 3.978685e-02 5.746146e+01 1.299317e+02 5.855175e-02 2.369132e-04 
4.458000e+02 1.398338e-02 5.606368e-02 1.405652e+00 1.074616e+04 8.102771e+03 2.130129e+02 10000 11000 1.814492e-04     0 3.978469e-02 5.743150e+01 1.299321e+02 5.855314e-02 2.387376e-04 
4.459000e+02 1.399791e-02 5.599997e-02 1.405871e+00 1.074830e+04 8.115587e+03 2.129802e+02 10000 11000 1.797149e-04     0 3.978249e-02 5.740168e+01 1.299326e+02 5.855455e-02 2.405462e-04 
  446 1.401320e-02 5.593659e-02 1.406091e+00 1.075043e+04 8.128404e+03 2.129466e+02 10000 11000 1.781167e-04     0 3.978025e-02 5.737201e+01 1.299330e+02 5.855598e-02 2.423562e-04 
4.461000e+02 1.402926e-02 5.587354e-02 1.406311e+00 1.075257e+04 8.141221e+03 2.129122e+02 10000 11000 1.763468e-04     0 3.977798e-02 5.734249e+01 1.299335e+02 5.855744e-02 2.441835e-04 
4.462000e+02 1.404610e-02 5.581082e-02 1.406532e+00 1.075470e+04 8.154038e+03 2.128769e+02 10000 11000 1.749973e-04     0 3.977568e-02 5.731311e+01 1.299339e+02 5.855892e-02 2.460444e-04 
4.463000e+02 1.406364e-02 5.574843e-02 1.406754e+00 1.075682e+04 8.166856e+03 2.128409e+02 10000 11000 1.739294e-04     0 3.977333e-02 5.728389e+01 1.299344e+02 5.856042e-02 2.479305e-04 
4.464000e+02 1.408183e-02 5.568639e-02 1.406976e+00 1.075895e+04 8.179675e+03 2.128040e+02 10000 11000 1.730807e-04     0 3.977096e-02 5.725482e+01 1.299348e+02 5.856196e-02 2.498146e-04 
4.465000e+02 1.410060e-02 5.562469e-02 1.407199e+00 1.076107e+04 8.192494e+03 2.127662e+02 10000 11000 1.724181e-04     0 3.976854e-02 5.722590e+01 1.299352e+02 5.856351e-02 2.516616e-04 
4.466000e+02 1.412003e-02 5.556333e-02 1.407423e+00 1.076319e+04 8.205313e+03 2.127277e+02 10000 11000 1.692920e-04     0 3.976610e-02 5.719714e+01 1.299357e+02 5.856509e-02 2.534763e-04 
4.467000e+02 1.414040e-02 5.550232e-02 1.407648e+00 1.076530e+04 8.218134e+03 2.126883e+02 10000 11000 1.680386e-04     0 3.976362e-02 5.716854e+01 1.299361e+02 5.856669e-02 2.553595e-04 
4.468000e+02 1.416155e-02 5.544167e-02 1.407873e+00 1.076742e+04 8.230954e+03 2.126481e+02 10000 11000 1.676232e-04     0 3.976110e-02 5.714009e+01 1.299366e+02 5.856832e-02 2.573204e-04 
4.469000e+02 1.418328e-02 5.538137e-02 1.408099e+00 1.076953e+04 8.243775e+03 2.126071e+02 10000 11000 1.676290e-04     0 3.975855e-02 5.711181e+01 1.299370e+02 5.856997e-02 2.592938e-04 
  447 1.420540e-02 5.532143e-02 1.408326e+00 1.077163e+04 8.256597e+03 2.125653e+02 10000 11000 1.678737e-04     0 3.975597e-02 5.708369e+01 1.299374e+02 5.857164e-02 2.611916e-04 
4.471000e+02 1.422809e-02 5.526186e-02 1.408553e+00 1.077374e+04 8.269419e+03 2.125228e+02 10000 11000 1.632928e-04     0 3.975336e-02 5.705573e+01 1.299379e+02 5.857333e-02 2.630078e-04 
4.472000e+02 1.425191e-02 5.520266e-02 1.408782e+00 1.077584e+04 8.282242e+03 2.124794e+02 10000 11000 1.620862e-04     0 3.975071e-02 5.702794e+01 1.299383e+02 5.857505e-02 2.649300e-04 
4.473000e+02 1.427661e-02 5.514382e-02 1.409011e+00 1.077794e+04 8.295065e+03 2.124352e+02 10000 11000 1.622955e-04     0 3.974803e-02 5.700032e+01 1.299387e+02 5.857679e-02 2.669854e-04 
4.474000e+02 1.430181e-02 5.508536e-02 1.409241e+00 1.078003e+04 8.307889e+03 2.123902e+02 10000 11000 1.631381e-04     0 3.974532e-02 5.697287e+01 1.299392e+02 5.857855e-02 2.690693e-04 
4.475000e+02 1.432724e-02 5.502728e-02 1.409473e+00 1.078213e+04 8.320713e+03 2.123445e+02 10000 11000 1.642766e-04     0 3.974258e-02 5.694558e+01 1.299396e+02 5.858033e-02 2.710378e-04 
4.476000e+02 1.435315e-02 5.496958e-02 1.409705e+00 1.078422e+04 8.333538e+03 2.122980e+02 10000 11000 1.580961e-04     0 3.973981e-02 5.691847e+01 1.299400e+02 5.858214e-02 2.728738e-04 
4.477000e+02 1.438041e-02 5.491226e-02 1.409938e+00 1.078630e+04 8.346363e+03 2.122507e+02 10000 11000 1.568805e-04     0 3.973700e-02 5.689154e+01 1.299405e+02 5.858397e-02 2.748571e-04 
4.478000e+02 1.440868e-02 5.485533e-02 1.410172e+00 1.078839e+04 8.359189e+03 2.122027e+02 10000 11000 1.576962e-04     0 3.973417e-02 5.686478e+01 1.299409e+02 5.858581e-02 2.770334e-04 
4.479000e+02 1.443738e-02 5.479879e-02 1.410407e+00 1.079047e+04 8.372015e+03 2.121538e+02 10000 11000 1.593731e-04     0 3.973130e-02 5.683820e+01 1.299413e+02 5.858768e-02 2.792556e-04 
  448 1.446614e-02 5.474265e-02 1.410643e+00 1.079254e+04 8.384842e+03 2.121043e+02 10000 11000 1.614096e-04     0 3.972840e-02 5.681179e+01 1.299418e+02 5.858957e-02 2.813203e-04 
4.481000e+02 1.449531e-02 5.468689e-02 1.410880e+00 1.079462e+04 8.397670e+03 2.120540e+02 10000 11000 1.534374e-04     0 3.972547e-02 5.678557e+01 1.299422e+02 5.859148e-02 2.831985e-04 
4.482000e+02 1.452609e-02 5.463154e-02 1.411118e+00 1.079669e+04 8.410498e+03 2.120029e+02 10000 11000 1.521521e-04     0 3.972252e-02 5.675953e+01 1.299426e+02 5.859342e-02 2.852700e-04 
4.483000e+02 1.455802e-02 5.457660e-02 1.411357e+00 1.079876e+04 8.423326e+03 2.119511e+02 10000 11000 1.535671e-04     0 3.971953e-02 5.673367e+01 1.299431e+02 5.859537e-02 2.875999e-04 
4.484000e+02 1.459034e-02 5.452206e-02 1.411598e+00 1.080082e+04 8.436155e+03 2.118985e+02 10000 11000 1.560937e-04     0 3.971652e-02 5.670799e+01 1.299435e+02 5.859734e-02 2.899948e-04 
4.485000e+02 1.462254e-02 5.446793e-02 1.411839e+00 1.080289e+04 8.448985e+03 2.118452e+02 10000 11000 1.590519e-04     0 3.971347e-02 5.668250e+01 1.299439e+02 5.859933e-02 2.921863e-04 
4.486000e+02 1.465509e-02 5.441421e-02 1.412082e+00 1.080495e+04 8.461815e+03 2.117912e+02 10000 11000 1.490468e-04     0 3.971040e-02 5.665720e+01 1.299443e+02 5.860134e-02 2.941329e-04 
4.487000e+02 1.468955e-02 5.436090e-02 1.412326e+00 1.080700e+04 8.474645e+03 2.117365e+02 10000 11000 1.476262e-04     0 3.970730e-02 5.663209e+01 1.299448e+02 5.860338e-02 2.963241e-04 
4.488000e+02 1.472535e-02 5.430802e-02 1.412570e+00 1.080905e+04 8.487477e+03 2.116811e+02 10000 11000 1.496467e-04     0 3.970417e-02 5.660717e+01 1.299452e+02 5.860543e-02 2.988464e-04 
4.489000e+02 1.476151e-02 5.425555e-02 1.412816e+00 1.081110e+04 8.500308e+03 2.116249e+02 10000 11000 1.530586e-04     0 3.970101e-02 5.658244e+01 1.299456e+02 5.860750e-02 3.014548e-04 
  449 1.479736e-02 5.420351e-02 1.413064e+00 1.081315e+04 8.513141e+03 2.115680e+02 10000 11000 1.569845e-04     0 3.969782e-02 5.655790e+01 1.299460e+02 5.860959e-02 3.038089e-04 
4.491000e+02 1.483349e-02 5.415189e-02 1.413312e+00 1.081519e+04 8.525973e+03 2.115105e+02 10000 11000 1.446514e-04     0 3.969461e-02 5.653356e+01 1.299464e+02 5.861170e-02 3.058535e-04 
4.492000e+02 1.487192e-02 5.410071e-02 1.413562e+00 1.081724e+04 8.538807e+03 2.114522e+02 10000 11000 1.430255e-04     0 3.969137e-02 5.650941e+01 1.299469e+02 5.861382e-02 3.082004e-04 
4.493000e+02 1.491191e-02 5.404996e-02 1.413813e+00 1.081927e+04 8.551641e+03 2.113933e+02 10000 11000 1.456728e-04     0 3.968810e-02 5.648546e+01 1.299473e+02 5.861597e-02 3.109601e-04 
4.494000e+02 1.495222e-02 5.399964e-02 1.414066e+00 1.082131e+04 8.564475e+03 2.113336e+02 10000 11000 1.500281e-04     0 3.968481e-02 5.646171e+01 1.299477e+02 5.861813e-02 3.138296e-04 
4.495000e+02 1.499203e-02 5.394976e-02 1.414320e+00 1.082334e+04 8.577310e+03 2.112733e+02 10000 11000 1.549926e-04     0 3.968149e-02 5.643816e+01 1.299481e+02 5.862031e-02 3.163872e-04 
4.496000e+02 1.503208e-02 5.390031e-02 1.414575e+00 1.082536e+04 8.590146e+03 2.112123e+02 10000 11000 1.399756e-04     0 3.967814e-02 5.641481e+01 1.299485e+02 5.862251e-02 3.185625e-04 
4.497000e+02 1.507486e-02 5.385131e-02 1.414832e+00 1.082739e+04 8.602982e+03 2.111507e+02 10000 11000 1.380691e-04     0 3.967477e-02 5.639166e+01 1.299489e+02 5.862473e-02 3.211061e-04 
4.498000e+02 1.511947e-02 5.380275e-02 1.415090e+00 1.082941e+04 8.615818e+03 2.110883e+02 10000 11000 1.413812e-04     0 3.967137e-02 5.636872e+01 1.299494e+02 5.862696e-02 3.241552e-04 
4.499000e+02 1.516440e-02 5.375465e-02 1.415349e+00 1.083143e+04 8.628655e+03 2.110254e+02 10000 11000 1.467634e-04     0 3.966795e-02 5.634597e+01 1.299498e+02 5.862921e-02 3.273406e-04 
  450 1.520860e-02 5.370699e-02 1.415610e+00 1.083344e+04 8.641493e+03 2.109617e+02 10000 11000 1.528654e-04     0 3.966450e-02 5.632344e+01 1.299502e+02 5.863148e-02 3.301482e-04 
4.501000e+02 1.525300e-02 5.365978e-02 1.415873e+00 1.083545e+04 8.654332e+03 2.108974e+02 10000 11000 1.347364e-04     0 3.966103e-02 5.630111e+01 1.299506e+02 5.863377e-02 3.324909e-04 
4.502000e+02 1.530066e-02 5.361303e-02 1.416137e+00 1.083746e+04 8.667170e+03 2.108325e+02 10000 11000 1.324668e-04     0 3.965753e-02 5.627899e+01 1.299510e+02 5.863607e-02 3.352777e-04 
4.503000e+02 1.535049e-02 5.356674e-02 1.416402e+00 1.083946e+04 8.680010e+03 2.107670e+02 10000 11000 1.365003e-04     0 3.965401e-02 5.625708e+01 1.299514e+02 5.863839e-02 3.386761e-04 
4.504000e+02 1.540061e-02 5.352091e-02 1.416669e+00 1.084147e+04 8.692850e+03 2.107008e+02 10000 11000 1.430215e-04     0 3.965046e-02 5.623538e+01 1.299518e+02 5.864073e-02 3.422410e-04 
4.505000e+02 1.544978e-02 5.347554e-02 1.416937e+00 1.084346e+04 8.705691e+03 2.106340e+02 10000 11000 1.503915e-04     0 3.964689e-02 5.621390e+01 1.299522e+02 5.864308e-02 3.453524e-04 
4.506000e+02 1.549910e-02 5.343063e-02 1.417208e+00 1.084546e+04 8.718532e+03 2.105666e+02 10000 11000 1.286343e-04     0 3.964329e-02 5.619262e+01 1.299526e+02 5.864545e-02 3.479038e-04 
4.507000e+02 1.555230e-02 5.338619e-02 1.417480e+00 1.084745e+04 8.731374e+03 2.104985e+02 10000 11000 1.259086e-04     0 3.963968e-02 5.617156e+01 1.299530e+02 5.864783e-02 3.509873e-04 
4.508000e+02 1.560809e-02 5.334222e-02 1.417754e+00 1.084943e+04 8.744216e+03 2.104299e+02 10000 11000 1.307411e-04     0 3.963604e-02 5.615071e+01 1.299534e+02 5.865023e-02 3.548050e-04 
4.509000e+02 1.566417e-02 5.329872e-02 1.418029e+00 1.085142e+04 8.757059e+03 2.103606e+02 10000 11000 1.385465e-04     0 3.963237e-02 5.613008e+01 1.299538e+02 5.865265e-02 3.588242e-04 
  451 1.571902e-02 5.325569e-02 1.418306e+00 1.085340e+04 8.769902e+03 2.102908e+02 10000 11000 1.473515e-04     0 3.962868e-02 5.610967e+01 1.299542e+02 5.865508e-02 3.623019e-04 
4.511000e+02 1.577399e-02 5.321313e-02 1.418585e+00 1.085537e+04 8.782746e+03 2.102204e+02 10000 11000 1.213388e-04     0 3.962497e-02 5.608948e+01 1.299546e+02 5.865753e-02 3.651096e-04 
4.512000e+02 1.583361e-02 5.317105e-02 1.418867e+00 1.085735e+04 8.795591e+03 2.101494e+02 10000 11000 1.180491e-04     0 3.962124e-02 5.606950e+01 1.299550e+02 5.865999e-02 3.685525e-04 
4.513000e+02 1.589629e-02 5.312946e-02 1.419149e+00 1.085932e+04 8.808436e+03 2.100778e+02 10000 11000 1.237815e-04     0 3.961748e-02 5.604974e+01 1.299554e+02 5.866246e-02 3.728730e-04 
4.514000e+02 1.595928e-02 5.308835e-02 1.419433e+00 1.086128e+04 8.821282e+03 2.100056e+02 10000 11000 1.330547e-04     0 3.961371e-02 5.603021e+01 1.299558e+02 5.866496e-02 3.774355e-04 
4.515000e+02 1.602071e-02 5.304772e-02 1.419719e+00 1.086324e+04 8.834129e+03 2.099329e+02 10000 11000 1.435053e-04     0 3.960990e-02 5.601090e+01 1.299562e+02 5.866746e-02 3.813538e-04 
4.516000e+02 1.608224e-02 5.300756e-02 1.420009e+00 1.086520e+04 8.846976e+03 2.098596e+02 10000 11000 1.124667e-04     0 3.960608e-02 5.599181e+01 1.299566e+02 5.866998e-02 3.844742e-04 
4.517000e+02 1.614933e-02 5.296789e-02 1.420300e+00 1.086716e+04 8.859823e+03 2.097858e+02 10000 11000 1.084832e-04     0 3.960223e-02 5.597294e+01 1.299570e+02 5.867252e-02 3.883517e-04 
4.518000e+02 1.622009e-02 5.292873e-02 1.420592e+00 1.086911e+04 8.872671e+03 2.097114e+02 10000 11000 1.152438e-04     0 3.959837e-02 5.595430e+01 1.299574e+02 5.867507e-02 3.932757e-04 
4.519000e+02 1.629116e-02 5.289005e-02 1.420886e+00 1.087106e+04 8.885520e+03 2.096365e+02 10000 11000 1.262153e-04     0 3.959448e-02 5.593588e+01 1.299578e+02 5.867763e-02 3.984900e-04 
  452 1.636032e-02 5.285186e-02 1.421183e+00 1.087300e+04 8.898370e+03 2.095611e+02 10000 11000 1.385744e-04     0 3.959057e-02 5.591769e+01 1.299582e+02 5.868021e-02 4.029393e-04 
4.521000e+02 1.642953e-02 5.281415e-02 1.421483e+00 1.087494e+04 8.911220e+03 2.094851e+02 10000 11000 1.015522e-04     0 3.958663e-02 5.589973e+01 1.299586e+02 5.868280e-02 4.064406e-04 
4.522000e+02 1.650544e-02 5.277695e-02 1.421784e+00 1.087687e+04 8.924071e+03 2.094086e+02 10000 11000 9.671446e-05     0 3.958268e-02 5.588200e+01 1.299590e+02 5.868541e-02 4.108450e-04 
4.523000e+02 1.658574e-02 5.274025e-02 1.422087e+00 1.087881e+04 8.936922e+03 2.093316e+02 10000 11000 1.046639e-04     0 3.957871e-02 5.586449e+01 1.299594e+02 5.868803e-02 4.164975e-04 
4.524000e+02 1.666637e-02 5.270405e-02 1.422393e+00 1.088073e+04 8.949774e+03 2.092541e+02 10000 11000 1.176216e-04     0 3.957472e-02 5.584722e+01 1.299598e+02 5.869066e-02 4.224980e-04 
4.525000e+02 1.674466e-02 5.266835e-02 1.422701e+00 1.088266e+04 8.962626e+03 2.091761e+02 10000 11000 1.322179e-04     0 3.957070e-02 5.583017e+01 1.299602e+02 5.869331e-02 4.275904e-04 
4.526000e+02 1.682298e-02 5.263313e-02 1.423013e+00 1.088458e+04 8.975479e+03 2.090975e+02 10000 11000 8.800444e-05     0 3.956665e-02 5.581336e+01 1.299605e+02 5.869597e-02 4.315576e-04 
4.527000e+02 1.690937e-02 5.259842e-02 1.423326e+00 1.088649e+04 8.988333e+03 2.090185e+02 10000 11000 8.210834e-05     0 3.956260e-02 5.579678e+01 1.299609e+02 5.869865e-02 4.366048e-04 
4.528000e+02 1.700104e-02 5.256423e-02 1.423642e+00 1.088841e+04 9.001188e+03 2.089390e+02 10000 11000 9.144730e-05     0 3.955852e-02 5.578043e+01 1.299613e+02 5.870133e-02 4.431432e-04 
4.529000e+02 1.709310e-02 5.253056e-02 1.423959e+00 1.089031e+04 9.014043e+03 2.088591e+02 10000 11000 1.067521e-04     0 3.955442e-02 5.576431e+01 1.299617e+02 5.870403e-02 4.501000e-04 
  453 1.718228e-02 5.249737e-02 1.424280e+00 1.089222e+04 9.026899e+03 2.087786e+02 10000 11000 1.239977e-04     0 3.955029e-02 5.574843e+01 1.299621e+02 5.870674e-02 4.559779e-04 
4.531000e+02 1.727148e-02 5.246468e-02 1.424605e+00 1.089412e+04 9.039755e+03 2.086977e+02 10000 11000 7.104760e-05     0 3.954614e-02 5.573279e+01 1.299625e+02 5.870947e-02 4.605196e-04 
4.532000e+02 1.737046e-02 5.243251e-02 1.424933e+00 1.089601e+04 9.052612e+03 2.086164e+02 10000 11000 6.382705e-05     0 3.954198e-02 5.571738e+01 1.299628e+02 5.871221e-02 4.663586e-04 
4.533000e+02 1.747584e-02 5.240087e-02 1.425261e+00 1.089790e+04 9.065470e+03 2.085346e+02 10000 11000 7.480609e-05     0 3.953780e-02 5.570221e+01 1.299632e+02 5.871497e-02 4.739857e-04 
4.534000e+02 1.758166e-02 5.236975e-02 1.425593e+00 1.089979e+04 9.078328e+03 2.084523e+02 10000 11000 9.291390e-05     0 3.953359e-02 5.568727e+01 1.299636e+02 5.871773e-02 4.821182e-04 
4.535000e+02 1.768397e-02 5.233912e-02 1.425928e+00 1.090167e+04 9.091187e+03 2.083696e+02 10000 11000 1.133302e-04     0 3.952936e-02 5.567257e+01 1.299640e+02 5.872051e-02 4.889658e-04 
4.536000e+02 1.778632e-02 5.230899e-02 1.426268e+00 1.090355e+04 9.104047e+03 2.082865e+02 10000 11000 4.963273e-05     0 3.952510e-02 5.565811e+01 1.299643e+02 5.872330e-02 4.942239e-04 
4.537000e+02 1.790058e-02 5.227939e-02 1.426611e+00 1.090543e+04 9.116907e+03 2.082029e+02 10000 11000 4.073297e-05     0 3.952082e-02 5.564389e+01 1.299647e+02 5.872611e-02 5.010502e-04 
4.538000e+02 1.802264e-02 5.225032e-02 1.426955e+00 1.090730e+04 9.129768e+03 2.081190e+02 10000 11000 5.366722e-05     0 3.951654e-02 5.562990e+01 1.299651e+02 5.872893e-02 5.100322e-04 
4.539000e+02 1.814524e-02 5.222178e-02 1.427302e+00 1.090916e+04 9.142630e+03 2.080346e+02 10000 11000 7.515978e-05     0 3.951222e-02 5.561616e+01 1.299655e+02 5.873175e-02 5.196292e-04 
  454 1.826355e-02 5.219374e-02 1.427653e+00 1.091102e+04 9.155492e+03 2.079498e+02 10000 11000 9.941414e-05     0 3.950787e-02 5.560266e+01 1.299658e+02 5.873460e-02 5.276905e-04 
4.541000e+02 1.838193e-02 5.216619e-02 1.428010e+00 1.091288e+04 9.168355e+03 2.078646e+02 10000 11000 2.230533e-05     0 3.950350e-02 5.558939e+01 1.299662e+02 5.873746e-02 5.338546e-04 
4.542000e+02 1.851495e-02 5.213918e-02 1.428370e+00 1.091473e+04 9.181219e+03 2.077790e+02 10000 11000 1.124290e-05     0 3.949911e-02 5.557637e+01 1.299666e+02 5.874033e-02 5.419304e-04 
4.543000e+02 1.865756e-02 5.211272e-02 1.428731e+00 1.091658e+04 9.194083e+03 2.076931e+02 10000 11000 2.653244e-05     0 3.949471e-02 5.556359e+01 1.299670e+02 5.874321e-02 5.526244e-04 
4.544000e+02 1.880084e-02 5.208679e-02 1.429096e+00 1.091842e+04 9.206949e+03 2.076067e+02 10000 11000 5.216253e-05     0 3.949028e-02 5.555106e+01 1.299673e+02 5.874611e-02 5.640738e-04 
4.545000e+02 1.893889e-02 5.206136e-02 1.429466e+00 1.092026e+04 9.219814e+03 2.075200e+02 10000 11000 8.112163e-05     0 3.948581e-02 5.553876e+01 1.299677e+02 5.874902e-02 5.736781e-04 
4.546000e+02 1.907708e-02 5.203641e-02 1.429842e+00 1.092209e+04 9.232681e+03 2.074329e+02 10000 11000 -1.300075e-05     0 3.948131e-02 5.552671e+01 1.299681e+02 5.875195e-02 5.810079e-04 
4.547000e+02 1.923343e-02 5.201202e-02 1.430221e+00 1.092392e+04 9.245548e+03 2.073455e+02 10000 11000 -2.690006e-05     0 3.947680e-02 5.551490e+01 1.299684e+02 5.875489e-02 5.906928e-04 
4.548000e+02 1.940170e-02 5.198818e-02 1.430602e+00 1.092574e+04 9.258416e+03 2.072577e+02 10000 11000 -8.740858e-06     0 3.947227e-02 5.550334e+01 1.299688e+02 5.875784e-02 6.035885e-04 
4.549000e+02 1.957085e-02 5.196488e-02 1.430987e+00 1.092756e+04 9.271285e+03 2.071695e+02 10000 11000 2.201699e-05     0 3.946771e-02 5.549202e+01 1.299692e+02 5.876080e-02 6.174234e-04 
  455 1.973357e-02 5.194208e-02 1.431378e+00 1.092937e+04 9.284155e+03 2.070811e+02 10000 11000 5.682573e-05     0 3.946311e-02 5.548095e+01 1.299695e+02 5.876379e-02 6.290264e-04 
4.551000e+02 1.989659e-02 5.191976e-02 1.431776e+00 1.093118e+04 9.297025e+03 2.069922e+02 10000 11000 -5.929542e-05     0 3.945847e-02 5.547012e+01 1.299699e+02 5.876679e-02 6.378852e-04 
4.552000e+02 2.008241e-02 5.189799e-02 1.432178e+00 1.093298e+04 9.309896e+03 2.069031e+02 10000 11000 -7.699582e-05     0 3.945382e-02 5.545953e+01 1.299702e+02 5.876980e-02 6.496849e-04 
4.553000e+02 2.028323e-02 5.187680e-02 1.432582e+00 1.093478e+04 9.322768e+03 2.068136e+02 10000 11000 -5.529574e-05     0 3.944915e-02 5.544920e+01 1.299706e+02 5.877282e-02 6.654708e-04 
4.554000e+02 2.048525e-02 5.185615e-02 1.432990e+00 1.093658e+04 9.335640e+03 2.067238e+02 10000 11000 -1.808198e-05     0 3.944444e-02 5.543910e+01 1.299710e+02 5.877586e-02 6.824423e-04 
4.555000e+02 2.067930e-02 5.183598e-02 1.433405e+00 1.093836e+04 9.348514e+03 2.066337e+02 10000 11000 2.411977e-05     0 3.943968e-02 5.542926e+01 1.299713e+02 5.877893e-02 6.966903e-04 
4.556000e+02 2.087398e-02 5.181629e-02 1.433829e+00 1.094014e+04 9.361388e+03 2.065434e+02 10000 11000 -1.210879e-04     0 3.943487e-02 5.541966e+01 1.299717e+02 5.878201e-02 7.076018e-04 
4.557000e+02 2.109769e-02 5.179717e-02 1.434257e+00 1.094192e+04 9.374263e+03 2.064527e+02 10000 11000 -1.440085e-04     0 3.943005e-02 5.541031e+01 1.299721e+02 5.878511e-02 7.222473e-04 
4.558000e+02 2.134056e-02 5.177864e-02 1.434687e+00 1.094369e+04 9.387138e+03 2.063617e+02 10000 11000 -1.178766e-04     0 3.942522e-02 5.540120e+01 1.299724e+02 5.878821e-02 7.419188e-04 
4.559000e+02 2.158514e-02 5.176065e-02 1.435122e+00 1.094546e+04 9.400015e+03 2.062704e+02 10000 11000 -7.238456e-05     0 3.942034e-02 5.539234e+01 1.299728e+02 5.879133e-02 7.631161e-04 
  456 2.181978e-02 5.174314e-02 1.435566e+00 1.094722e+04 9.412892e+03 2.061789e+02 10000 11000 -2.065957e-05     0 3.941538e-02 5.538373e+01 1.299731e+02 5.879449e-02 7.809533e-04 
4.561000e+02 2.205560e-02 5.172608e-02 1.436020e+00 1.094897e+04 9.425770e+03 2.060871e+02 10000 11000 -2.053563e-04     0 3.941036e-02 5.537537e+01 1.299735e+02 5.879767e-02 7.946945e-04 
4.562000e+02 2.232908e-02 5.170960e-02 1.436479e+00 1.095072e+04 9.438649e+03 2.059951e+02 10000 11000 -2.356577e-04     0 3.940534e-02 5.536725e+01 1.299739e+02 5.880086e-02 8.132776e-04 
4.563000e+02 2.262751e-02 5.169374e-02 1.436940e+00 1.095246e+04 9.451529e+03 2.059027e+02 10000 11000 -2.038881e-04     0 3.940029e-02 5.535938e+01 1.299742e+02 5.880405e-02 8.383226e-04 
4.564000e+02 2.292843e-02 5.167843e-02 1.437406e+00 1.095420e+04 9.464410e+03 2.058102e+02 10000 11000 -1.475493e-04     0 3.939518e-02 5.535177e+01 1.299746e+02 5.880728e-02 8.653785e-04 
4.565000e+02 2.321684e-02 5.166358e-02 1.437884e+00 1.095593e+04 9.477291e+03 2.057174e+02 10000 11000 -8.327763e-05     0 3.938998e-02 5.534439e+01 1.299749e+02 5.881054e-02 8.882329e-04 
4.566000e+02 2.350741e-02 5.164915e-02 1.438374e+00 1.095765e+04 9.490174e+03 2.056243e+02 10000 11000 -3.233264e-04     0 3.938469e-02 5.533727e+01 1.299753e+02 5.881384e-02 9.059998e-04 
4.567000e+02 2.384794e-02 5.163532e-02 1.438869e+00 1.095937e+04 9.503057e+03 2.055310e+02 10000 11000 -3.644326e-04     0 3.937939e-02 5.533040e+01 1.299756e+02 5.881714e-02 9.302138e-04 
4.568000e+02 2.422177e-02 5.162215e-02 1.439366e+00 1.096108e+04 9.515941e+03 2.054375e+02 10000 11000 -3.253574e-04     0 3.937407e-02 5.532377e+01 1.299760e+02 5.882045e-02 9.629448e-04 
4.569000e+02 2.459933e-02 5.160953e-02 1.439871e+00 1.096278e+04 9.528826e+03 2.053438e+02 10000 11000 -2.544340e-04     0 3.936866e-02 5.531740e+01 1.299764e+02 5.882380e-02 9.984076e-04 
  457 2.496094e-02 5.159734e-02 1.440388e+00 1.096448e+04 9.541712e+03 2.052499e+02 10000 11000 -1.731784e-04     0 3.936312e-02 5.531127e+01 1.299767e+02 5.882720e-02 1.028528e-03 
4.571000e+02 2.532650e-02 5.158553e-02 1.440922e+00 1.096617e+04 9.554599e+03 2.051557e+02 10000 11000 -4.939285e-04     0 3.935746e-02 5.530539e+01 1.299771e+02 5.883065e-02 1.052242e-03 
4.572000e+02 2.576029e-02 5.157436e-02 1.441461e+00 1.096785e+04 9.567487e+03 2.050614e+02 10000 11000 -5.515401e-04     0 3.935179e-02 5.529976e+01 1.299775e+02 5.883410e-02 1.084838e-03 
4.573000e+02 2.623981e-02 5.156389e-02 1.442002e+00 1.096953e+04 9.580376e+03 2.049669e+02 10000 11000 -5.027966e-04     0 3.934609e-02 5.529439e+01 1.299778e+02 5.883755e-02 1.129025e-03 
4.574000e+02 2.672520e-02 5.155400e-02 1.442552e+00 1.097120e+04 9.593265e+03 2.048721e+02 10000 11000 -4.116317e-04     0 3.934026e-02 5.528925e+01 1.299782e+02 5.884105e-02 1.177070e-03 
4.575000e+02 2.718988e-02 5.154448e-02 1.443118e+00 1.097286e+04 9.606156e+03 2.047772e+02 10000 11000 -3.066083e-04     0 3.933424e-02 5.528437e+01 1.299786e+02 5.884463e-02 1.218180e-03 
4.576000e+02 2.766190e-02 5.153528e-02 1.443704e+00 1.097452e+04 9.619048e+03 2.046821e+02 10000 11000 -7.510260e-04     0 3.932805e-02 5.527974e+01 1.299789e+02 5.884828e-02 1.251095e-03 
4.577000e+02 2.823062e-02 5.152677e-02 1.444297e+00 1.097616e+04 9.631941e+03 2.045868e+02 10000 11000 -8.352359e-04     0 3.932184e-02 5.527536e+01 1.299793e+02 5.885190e-02 1.296802e-03 
4.578000e+02 2.886462e-02 5.151907e-02 1.444891e+00 1.097780e+04 9.644835e+03 2.044914e+02 10000 11000 -7.733900e-04     0 3.931560e-02 5.527123e+01 1.299797e+02 5.885553e-02 1.358967e-03 
4.579000e+02 2.950828e-02 5.151198e-02 1.445496e+00 1.097943e+04 9.657730e+03 2.043958e+02 10000 11000 -6.529945e-04     0 3.930917e-02 5.526735e+01 1.299801e+02 5.885923e-02 1.426864e-03 
  458 3.012445e-02 5.150517e-02 1.446122e+00 1.098106e+04 9.670626e+03 2.043001e+02 10000 11000 -5.132857e-04     0 3.930245e-02 5.526371e+01 1.299805e+02 5.886305e-02 1.485523e-03 
4.581000e+02 3.075468e-02 5.149856e-02 1.446775e+00 1.098267e+04 9.683523e+03 2.042041e+02 10000 11000 -1.159976e-03     0 3.929546e-02 5.526033e+01 1.299808e+02 5.886696e-02 1.533523e-03 
4.582000e+02 3.152900e-02 5.149276e-02 1.447434e+00 1.098428e+04 9.696421e+03 2.041081e+02 10000 11000 -1.290130e-03     0 3.928844e-02 5.525720e+01 1.299812e+02 5.887081e-02 1.601092e-03 
4.583000e+02 3.240141e-02 5.148798e-02 1.448093e+00 1.098587e+04 9.709320e+03 2.040118e+02 10000 11000 -1.210070e-03     0 3.928139e-02 5.525431e+01 1.299816e+02 5.887464e-02 1.693409e-03 
4.584000e+02 3.329062e-02 5.148388e-02 1.448765e+00 1.098746e+04 9.722221e+03 2.039155e+02 10000 11000 -1.045228e-03     0 3.927404e-02 5.525168e+01 1.299820e+02 5.887856e-02 1.794844e-03 
4.585000e+02 3.414230e-02 5.147991e-02 1.449466e+00 1.098904e+04 9.735122e+03 2.038190e+02 10000 11000 -8.520544e-04     0 3.926622e-02 5.524930e+01 1.299824e+02 5.888269e-02 1.883569e-03 
4.586000e+02 3.502245e-02 5.147593e-02 1.450203e+00 1.099061e+04 9.748025e+03 2.037223e+02 10000 11000 -1.860484e-03     0 3.925795e-02 5.524717e+01 1.299829e+02 5.888695e-02 1.958255e-03 
4.587000e+02 3.613289e-02 5.147306e-02 1.450945e+00 1.099217e+04 9.760929e+03 2.036256e+02 10000 11000 -2.077838e-03     0 3.924966e-02 5.524529e+01 1.299833e+02 5.889101e-02 2.065512e-03 
4.588000e+02 3.740175e-02 5.147166e-02 1.451683e+00 1.099372e+04 9.773835e+03 2.035286e+02 10000 11000 -1.971875e-03     0 3.924136e-02 5.524366e+01 1.299837e+02 5.889500e-02 2.213152e-03 
4.589000e+02 3.870215e-02 5.147112e-02 1.452436e+00 1.099525e+04 9.786741e+03 2.034316e+02 10000 11000 -1.734540e-03     0 3.923259e-02 5.524228e+01 1.299842e+02 5.889911e-02 2.376744e-03 
  459 3.994922e-02 5.147044e-02 1.453231e+00 1.099678e+04 9.799649e+03 2.033344e+02 10000 11000 -1.452545e-03     0 3.922299e-02 5.524116e+01 1.299846e+02 5.890357e-02 2.522120e-03 
4.591000e+02 4.125977e-02 5.146939e-02 1.454077e+00 1.099830e+04 9.812559e+03 2.032370e+02 10000 11000 -3.198125e-03     0 3.921256e-02 5.524029e+01 1.299851e+02 5.890819e-02 2.649217e-03 
4.592000e+02 4.297931e-02 5.147025e-02 1.454920e+00 1.099980e+04 9.825470e+03 2.031395e+02 10000 11000 -3.605168e-03     0 3.920220e-02 5.523967e+01 1.299856e+02 5.891218e-02 2.837819e-03 
4.593000e+02 4.498379e-02 5.147384e-02 1.455746e+00 1.100129e+04 9.838382e+03 2.030419e+02 10000 11000 -3.462368e-03     0 3.919200e-02 5.523931e+01 1.299861e+02 5.891582e-02 3.100965e-03 
4.594000e+02 4.705443e-02 5.147895e-02 1.456588e+00 1.100277e+04 9.851296e+03 2.029441e+02 10000 11000 -3.094077e-03     0 3.918101e-02 5.523920e+01 1.299867e+02 5.891958e-02 3.396219e-03 
4.595000e+02 4.904477e-02 5.148337e-02 1.457496e+00 1.100424e+04 9.864211e+03 2.028461e+02 10000 11000 -2.647397e-03     0 3.916844e-02 5.523935e+01 1.299872e+02 5.892401e-02 3.664042e-03 
4.596000e+02 5.120326e-02 5.148680e-02 1.458478e+00 1.100569e+04 9.877128e+03 2.027479e+02 10000 11000 -6.249190e-03     0 3.915421e-02 5.523977e+01 1.299878e+02 5.892837e-02 3.911543e-03 
4.597000e+02 5.422835e-02 5.149523e-02 1.459425e+00 1.100713e+04 9.890047e+03 2.026495e+02 10000 11000 -7.169692e-03     0 3.914064e-02 5.524044e+01 1.299884e+02 5.893026e-02 4.301975e-03 
4.598000e+02 5.786676e-02 5.151114e-02 1.460310e+00 1.100855e+04 9.902968e+03 2.025509e+02 10000 11000 -6.981911e-03     0 3.912825e-02 5.524138e+01 1.299891e+02 5.893034e-02 4.861443e-03 
4.599000e+02 6.167184e-02 5.153159e-02 1.461200e+00 1.100995e+04 9.915890e+03 2.024520e+02 10000 11000 -6.334261e-03     0 3.911482e-02 5.524258e+01 1.299898e+02 5.893002e-02 5.501964e-03 
  460 6.534423e-02 5.155055e-02 1.462202e+00 1.101134e+04 9.928814e+03 2.023528e+02 10000 11000 -5.522028e-03     0 3.909815e-02 5.524407e+01 1.299906e+02 5.893095e-02 6.099260e-03 
4.601000e+02 6.965862e-02 5.156879e-02 1.463303e+00 1.101271e+04 9.941741e+03 2.022532e+02 10000 11000 -1.620737e-02     0 3.907775e-02 5.524583e+01 1.299915e+02 5.892874e-02 6.711819e-03 
4.602000e+02 7.661590e-02 5.161257e-02 1.464178e+00 1.101406e+04 9.954669e+03 2.021531e+02 10000 11000 -1.925388e-02     0 3.906007e-02 5.524788e+01 1.299924e+02 5.891051e-02 7.825646e-03 
4.603000e+02 8.547685e-02 5.169681e-02 1.464746e+00 1.101539e+04 9.967600e+03 2.020524e+02 10000 11000 -1.911319e-02     0 3.905317e-02 5.525024e+01 1.299935e+02 5.887761e-02 9.518517e-03 
4.604000e+02 9.494496e-02 5.181275e-02 1.465211e+00 1.101670e+04 9.980533e+03 2.019510e+02 10000 11000 -1.763061e-02     0 3.906283e-02 5.525291e+01 1.299947e+02 5.883571e-02 1.152816e-02 
4.605000e+02 1.041493e-01 5.193236e-02 1.465894e+00 1.101798e+04 9.993469e+03 2.018484e+02 10000 11000 -1.565059e-02     0 3.906393e-02 5.525592e+01 1.299961e+02 5.879253e-02 1.347820e-02 
4.606000e+02 1.172570e-01 5.208516e-02 1.466563e+00 1.101923e+04 1.000641e+04 2.017446e+02 10000 11000 -7.083845e-02     0 3.904318e-02 5.525933e+01 1.299978e+02 5.869169e-02 1.586782e-02 
4.607000e+02 1.442628e-01 5.254252e-02 1.465484e+00 1.102045e+04 1.001935e+04 2.016388e+02 10000 11000 -8.788798e-02     0 3.912157e-02 5.526316e+01 1.299999e+02 5.834680e-02 2.122850e-02 
4.608000e+02 1.814638e-01 5.355137e-02 1.462268e+00 1.102163e+04 1.003230e+04 2.015298e+02 10000 11000 -8.897637e-02     0 3.941532e-02 5.526751e+01 1.300026e+02 5.768121e-02 2.996541e-02 
4.609000e+02 2.222786e-01 5.514880e-02 1.458004e+00 1.102277e+04 1.004525e+04 2.014150e+02 10000 11000 -8.327007e-02     0 3.995037e-02 5.527260e+01 1.300061e+02 5.672200e-02 4.070851e-02 
  461 2.622773e-01 5.709413e-02 1.454418e+00 1.102385e+04 1.005820e+04 2.012913e+02 15000 12000 -7.496049e-02     0 4.076691e-02 5.527877e+01 1.300105e+02 5.562584e-02 5.147230e-02 
4.611000e+02 2.922908e-01 5.863780e-02 1.454019e+00 1.102487e+04 1.007116e+04 2.011553e+02 15000 12000 2.386291e-02     0 4.152856e-02 5.528652e+01 1.300161e+02 5.498207e-02 5.910083e-02 
4.612000e+02 2.960853e-01 5.811624e-02 1.460933e+00 1.102583e+04 1.008413e+04 2.010049e+02 15000 12000 6.245395e-02     0 4.127529e-02 5.529597e+01 1.300236e+02 5.575313e-02 5.800388e-02 
4.613000e+02 2.800011e-01 5.483336e-02 1.476479e+00 1.102671e+04 1.009710e+04 2.008414e+02 15000 12000 7.523494e-02     0 3.902890e-02 5.530695e+01 1.300346e+02 5.719375e-02 4.673032e-02 
4.614000e+02 2.550394e-01 4.970710e-02 1.499183e+00 1.102752e+04 1.011008e+04 2.006672e+02 15000 12000 7.656042e-02     0 3.529694e-02 5.531934e+01 1.300511e+02 5.844228e-02 2.745627e-02 
4.615000e+02 2.286954e-01 4.442130e-02 1.525985e+00 1.102826e+04 1.012306e+04 2.004841e+02 15000 12000 7.308709e-02     0 3.233516e-02 5.533298e+01 1.300721e+02 5.941756e-02 4.052741e-03 
4.616000e+02 2.038850e-01 4.025187e-02 1.553292e+00 1.102893e+04 1.013605e+04 2.002939e+02 15000 12000 7.492824e-02     0 3.160048e-02 5.534771e+01 1.300939e+02 6.028618e-02 -1.947056e-02 
4.617000e+02 1.800438e-01 3.757687e-02 1.577949e+00 1.102953e+04 1.014905e+04 2.000984e+02 15000 12000 7.198647e-02     0 3.264547e-02 5.536337e+01 1.301122e+02 6.090781e-02 -4.002781e-02 
4.618000e+02 1.568691e-01 3.624449e-02 1.597555e+00 1.103005e+04 1.016205e+04 1.998994e+02 15000 12000 6.738519e-02     0 3.422064e-02 5.537977e+01 1.301250e+02 6.104635e-02 -5.542261e-02 
4.619000e+02 1.339358e-01 3.600066e-02 1.610726e+00 1.103051e+04 1.017505e+04 1.996982e+02 15000 12000 6.222083e-02     0 3.539803e-02 5.539678e+01 1.301335e+02 6.070044e-02 -6.451503e-02 
  462 1.107294e-01 3.667163e-02 1.617149e+00 1.103089e+04 1.018806e+04 1.994953e+02 15000 12000 5.681762e-02     0 3.583061e-02 5.541433e+01 1.301406e+02 6.012965e-02 -6.723422e-02 
4.621000e+02 8.625810e-02 3.812921e-02 1.617490e+00 1.103121e+04 1.020106e+04 1.992909e+02 15000 12000 6.003052e-02     0 3.559274e-02 5.543243e+01 1.301494e+02 5.965695e-02 -6.451487e-02 
4.622000e+02 5.905715e-02 4.021031e-02 1.613247e+00 1.103148e+04 1.021408e+04 1.990855e+02 15000 12000 5.721458e-02     0 3.492442e-02 5.545103e+01 1.301614e+02 5.951052e-02 -5.816334e-02 
4.623000e+02 3.063788e-02 4.269772e-02 1.606001e+00 1.103171e+04 1.022709e+04 1.988803e+02 15000 12000 5.184259e-02     0 3.421405e-02 5.547005e+01 1.301765e+02 5.987941e-02 -4.988973e-02 
4.624000e+02 -1.095169e-02 4.528857e-02 1.597133e+00 1.103191e+04 1.024010e+04 1.986774e+02 15000 12000 4.513982e-02     0 3.380479e-02 5.548933e+01 1.301932e+02 6.069514e-02 -4.107975e-02 
4.625000e+02 -3.119385e-02 4.766018e-02 1.587734e+00 1.103210e+04 1.025312e+04 1.984794e+02 15000 12000 3.754691e-02     0 3.329376e-02 5.550856e+01 1.302095e+02 6.169664e-02 -3.272796e-02 
4.626000e+02 -5.573004e-02 4.962409e-02 1.578542e+00 1.103228e+04 1.026614e+04 1.982887e+02 15000 12000 2.843850e-02     0 3.278947e-02 5.552747e+01 1.302241e+02 6.264844e-02 -2.538874e-02 
4.627000e+02 -7.713109e-02 5.113702e-02 1.569972e+00 1.103247e+04 1.027916e+04 1.981072e+02 15000 12000 2.157756e-02     0 3.217154e-02 5.554601e+01 1.302360e+02 6.340501e-02 -1.926722e-02 
4.628000e+02 -9.493427e-02 5.227077e-02 1.562244e+00 1.103268e+04 1.029218e+04 1.979361e+02 15000 12000 1.608244e-02     0 3.184666e-02 5.556398e+01 1.302450e+02 6.392270e-02 -1.442101e-02 
4.629000e+02 -1.093751e-01 5.310835e-02 1.555441e+00 1.103292e+04 1.030520e+04 1.977759e+02 15000 12000 1.162520e-02     0 3.180397e-02 5.558128e+01 1.302511e+02 6.419464e-02 -1.080505e-02 
  463 -1.208337e-01 5.372028e-02 1.549530e+00 1.103318e+04 1.031823e+04 1.976267e+02 15000 12000 8.032958e-03     0 3.194107e-02 5.559788e+01 1.302544e+02 6.424249e-02 -8.287166e-03 
4.631000e+02 -1.294616e-01 5.416662e-02 1.544363e+00 1.103348e+04 1.033125e+04 1.974879e+02 15000 12000 1.809741e-03     0 3.219914e-02 5.561383e+01 1.302555e+02 6.411688e-02 -6.626245e-03 
4.632000e+02 -1.350724e-01 5.448437e-02 1.539664e+00 1.103383e+04 1.034427e+04 1.973590e+02 15000 12000 -1.539812e-03     0 3.254315e-02 5.562918e+01 1.302547e+02 6.387906e-02 -5.439804e-03 
4.633000e+02 -1.383065e-01 5.470313e-02 1.535223e+00 1.103421e+04 1.035729e+04 1.972390e+02 15000 12000 -3.417748e-03     0 3.294627e-02 5.564399e+01 1.302524e+02 6.357786e-02 -4.484462e-03 
4.634000e+02 -1.399385e-01 5.484859e-02 1.530936e+00 1.103464e+04 1.037030e+04 1.971272e+02 15000 12000 -4.462357e-03     0 3.338215e-02 5.565836e+01 1.302488e+02 6.324765e-02 -3.654391e-03 
4.635000e+02 -1.405685e-01 5.494184e-02 1.526769e+00 1.103512e+04 1.038332e+04 1.970228e+02 15000 12000 -5.013293e-03     0 3.382526e-02 5.567235e+01 1.302442e+02 6.290989e-02 -2.923797e-03 
4.636000e+02 -1.404463e-01 5.499771e-02 1.522713e+00 1.103564e+04 1.039633e+04 1.969249e+02 15000 12000 -7.191325e-03     0 3.425657e-02 5.568603e+01 1.302388e+02 6.257787e-02 -2.276857e-03 
4.637000e+02 -1.394734e-01 5.502154e-02 1.518724e+00 1.103620e+04 1.040934e+04 1.968328e+02 15000 12000 -7.911794e-03     0 3.466409e-02 5.569947e+01 1.302327e+02 6.226027e-02 -1.643081e-03 
4.638000e+02 -1.379269e-01 5.502250e-02 1.514801e+00 1.103681e+04 1.042235e+04 1.967459e+02 15000 12000 -7.986193e-03     0 3.504527e-02 5.571273e+01 1.302260e+02 6.196185e-02 -1.023228e-03 
4.639000e+02 -1.361151e-01 5.501286e-02 1.510987e+00 1.103746e+04 1.043536e+04 1.966636e+02 15000 12000 -7.764232e-03     0 3.540178e-02 5.572586e+01 1.302190e+02 6.168497e-02 -4.681438e-04 
  464 -1.342373e-01 5.500343e-02 1.507333e+00 1.103816e+04 1.044836e+04 1.965852e+02 15000 12000 -7.412314e-03     0 3.573374e-02 5.573890e+01 1.302116e+02 6.142995e-02 -3.701283e-05 
4.641000e+02 -1.322661e-01 5.499943e-02 1.503866e+00 1.103890e+04 1.046136e+04 1.965103e+02 15000 12000 -8.637331e-03     0 3.603985e-02 5.575189e+01 1.302040e+02 6.119587e-02 2.507535e-04 
4.642000e+02 -1.299483e-01 5.499742e-02 1.500548e+00 1.103969e+04 1.047436e+04 1.964384e+02 15000 12000 -8.770729e-03     0 3.631902e-02 5.576488e+01 1.301961e+02 6.098166e-02 4.568251e-04 
4.643000e+02 -1.274059e-01 5.499643e-02 1.497358e+00 1.104051e+04 1.048735e+04 1.963692e+02 15000 12000 -8.455237e-03     0 3.657415e-02 5.577789e+01 1.301882e+02 6.078668e-02 6.045574e-04 
4.644000e+02 -1.248312e-01 5.499798e-02 1.494299e+00 1.104138e+04 1.050034e+04 1.963023e+02 15000 12000 -7.957742e-03     0 3.680918e-02 5.579094e+01 1.301802e+02 6.060985e-02 6.845172e-04 
4.645000e+02 -1.223550e-01 5.500346e-02 1.491381e+00 1.104229e+04 1.051332e+04 1.962374e+02 15000 12000 -7.401038e-03     0 3.702586e-02 5.580405e+01 1.301721e+02 6.044937e-02 6.801441e-04 
4.646000e+02 -1.199407e-01 5.501158e-02 1.488596e+00 1.104324e+04 1.052631e+04 1.961743e+02 15000 12000 -8.156513e-03     0 3.722453e-02 5.581725e+01 1.301641e+02 6.030313e-02 6.010482e-04 
4.647000e+02 -1.173762e-01 5.501639e-02 1.485893e+00 1.104423e+04 1.053928e+04 1.961127e+02 15000 12000 -8.064846e-03     0 3.740546e-02 5.583054e+01 1.301561e+02 6.016956e-02 5.134587e-04 
4.648000e+02 -1.147539e-01 5.501530e-02 1.483244e+00 1.104525e+04 1.055226e+04 1.960524e+02 15000 12000 -7.642753e-03     0 3.757095e-02 5.584395e+01 1.301481e+02 6.004780e-02 4.434279e-04 
4.649000e+02 -1.122209e-01 5.500895e-02 1.480647e+00 1.104631e+04 1.056523e+04 1.959932e+02 15000 12000 -7.103841e-03     0 3.772351e-02 5.585747e+01 1.301403e+02 5.993687e-02 3.821107e-04 
  465 -1.098723e-01 5.499895e-02 1.478116e+00 1.104741e+04 1.057820e+04 1.959350e+02 15000 12000 -6.545090e-03     0 3.786411e-02 5.587113e+01 1.301326e+02 5.983554e-02 3.084215e-04 
4.651000e+02 -1.076636e-01 5.498574e-02 1.475651e+00 1.104854e+04 1.059116e+04 1.958775e+02 15000 12000 -7.085292e-03     0 3.799276e-02 5.588492e+01 1.301250e+02 5.974262e-02 2.185480e-04 
4.652000e+02 -1.054058e-01 5.496665e-02 1.473224e+00 1.104971e+04 1.060412e+04 1.958207e+02 15000 12000 -6.953958e-03     0 3.810931e-02 5.589886e+01 1.301175e+02 5.965747e-02 1.532323e-04 
4.653000e+02 -1.031580e-01 5.494154e-02 1.470821e+00 1.105091e+04 1.061707e+04 1.957644e+02 15000 12000 -6.570056e-03     0 3.821495e-02 5.591296e+01 1.301103e+02 5.957988e-02 1.207960e-04 
4.654000e+02 -1.010246e-01 5.491242e-02 1.468452e+00 1.105215e+04 1.063003e+04 1.957085e+02 15000 12000 -6.104425e-03     0 3.831120e-02 5.592721e+01 1.301032e+02 5.950958e-02 1.028687e-04 
4.655000e+02 -9.906914e-02 5.488174e-02 1.466136e+00 1.105342e+04 1.064297e+04 1.956529e+02 15000 12000 -5.632649e-03     0 3.839858e-02 5.594163e+01 1.300963e+02 5.944604e-02 7.375205e-05 
4.656000e+02 -9.723706e-02 5.485064e-02 1.463879e+00 1.105471e+04 1.065592e+04 1.955975e+02 15000 12000 -6.154291e-03     0 3.847697e-02 5.595622e+01 1.300896e+02 5.938870e-02 2.612323e-05 
4.657000e+02 -9.534970e-02 5.481739e-02 1.461657e+00 1.105604e+04 1.066886e+04 1.955422e+02 15000 12000 -6.072228e-03     0 3.854610e-02 5.597098e+01 1.300832e+02 5.933730e-02 -5.157878e-06 
4.658000e+02 -9.345526e-02 5.478204e-02 1.459459e+00 1.105740e+04 1.068180e+04 1.954869e+02 15000 12000 -5.760891e-03     0 3.860689e-02 5.598592e+01 1.300770e+02 5.929180e-02 -1.284126e-05 
4.659000e+02 -9.164600e-02 5.474624e-02 1.457295e+00 1.105879e+04 1.069473e+04 1.954315e+02 15000 12000 -5.372611e-03     0 3.866063e-02 5.600104e+01 1.300710e+02 5.925198e-02 -1.275395e-05 
  466 -8.997935e-02 5.471187e-02 1.455180e+00 1.106021e+04 1.070766e+04 1.953761e+02 15000 12000 -4.974814e-03     0 3.870784e-02 5.601635e+01 1.300652e+02 5.921738e-02 -2.687424e-05 
4.661000e+02 -8.840677e-02 5.467967e-02 1.453120e+00 1.106166e+04 1.072058e+04 1.953204e+02 15000 12000 -5.479178e-03     0 3.874851e-02 5.603184e+01 1.300597e+02 5.918749e-02 -6.038970e-05 
4.662000e+02 -8.676769e-02 5.464798e-02 1.451091e+00 1.106313e+04 1.073350e+04 1.952646e+02 15000 12000 -5.428411e-03     0 3.878250e-02 5.604752e+01 1.300545e+02 5.916202e-02 -8.027094e-05 
4.663000e+02 -8.510848e-02 5.461662e-02 1.449083e+00 1.106463e+04 1.074642e+04 1.952086e+02 15000 12000 -5.164634e-03     0 3.881067e-02 5.606338e+01 1.300495e+02 5.914082e-02 -7.902556e-05 
4.664000e+02 -8.351553e-02 5.458676e-02 1.447105e+00 1.106616e+04 1.075934e+04 1.951523e+02 15000 12000 -4.827367e-03     0 3.883417e-02 5.607944e+01 1.300447e+02 5.912363e-02 -7.061386e-05 
4.665000e+02 -8.204319e-02 5.455980e-02 1.445170e+00 1.106772e+04 1.077225e+04 1.950958e+02 15000 12000 -4.478642e-03     0 3.885350e-02 5.609568e+01 1.300401e+02 5.911000e-02 -7.496675e-05 
4.666000e+02 -8.064902e-02 5.453619e-02 1.443284e+00 1.106930e+04 1.078516e+04 1.950390e+02 15000 12000 -4.949805e-03     0 3.886869e-02 5.611210e+01 1.300358e+02 5.909944e-02 -9.698037e-05 
4.667000e+02 -7.918826e-02 5.451442e-02 1.441426e+00 1.107091e+04 1.079806e+04 1.949819e+02 15000 12000 -4.913212e-03     0 3.887964e-02 5.612871e+01 1.300317e+02 5.909167e-02 -1.068723e-04 
4.668000e+02 -7.770403e-02 5.449421e-02 1.439588e+00 1.107254e+04 1.081096e+04 1.949245e+02 15000 12000 -4.680990e-03     0 3.888708e-02 5.614551e+01 1.300279e+02 5.908654e-02 -9.813840e-05 
4.669000e+02 -7.627561e-02 5.447641e-02 1.437776e+00 1.107419e+04 1.082386e+04 1.948669e+02 15000 12000 -4.380510e-03     0 3.889195e-02 5.616249e+01 1.300242e+02 5.908381e-02 -8.376927e-05 
  467 -7.495299e-02 5.446207e-02 1.436006e+00 1.107587e+04 1.083675e+04 1.948090e+02 15000 12000 -4.068455e-03     0 3.889464e-02 5.617965e+01 1.300208e+02 5.908312e-02 -8.210569e-05 
4.671000e+02 -7.369788e-02 5.445143e-02 1.434280e+00 1.107758e+04 1.084964e+04 1.947509e+02 15000 12000 -4.504176e-03     0 3.889516e-02 5.619698e+01 1.300175e+02 5.908408e-02 -9.766153e-05 
4.672000e+02 -7.237878e-02 5.444311e-02 1.432580e+00 1.107930e+04 1.086252e+04 1.946925e+02 15000 12000 -4.475248e-03     0 3.889338e-02 5.621449e+01 1.300145e+02 5.908646e-02 -1.031963e-04 
4.673000e+02 -7.103542e-02 5.443677e-02 1.430900e+00 1.108105e+04 1.087541e+04 1.946340e+02 15000 12000 -4.266863e-03     0 3.888983e-02 5.623218e+01 1.300116e+02 5.909017e-02 -9.264918e-05 
4.674000e+02 -6.974047e-02 5.443298e-02 1.429244e+00 1.108283e+04 1.088829e+04 1.945752e+02 15000 12000 -3.995438e-03     0 3.888526e-02 5.625003e+01 1.300089e+02 5.909505e-02 -7.771690e-05 
4.675000e+02 -6.853987e-02 5.443253e-02 1.427626e+00 1.108462e+04 1.090116e+04 1.945163e+02 15000 12000 -3.712817e-03     0 3.887995e-02 5.626805e+01 1.300064e+02 5.910082e-02 -7.496680e-05 
4.676000e+02 -6.739923e-02 5.443551e-02 1.426050e+00 1.108644e+04 1.091404e+04 1.944573e+02 15000 12000 -4.111428e-03     0 3.887382e-02 5.628624e+01 1.300040e+02 5.910720e-02 -8.836633e-05 
4.677000e+02 -6.619929e-02 5.444070e-02 1.424498e+00 1.108827e+04 1.092691e+04 1.943982e+02 15000 12000 -4.086042e-03     0 3.886670e-02 5.630458e+01 1.300018e+02 5.911405e-02 -9.294855e-05 
4.678000e+02 -6.497648e-02 5.444772e-02 1.422963e+00 1.109013e+04 1.093977e+04 1.943390e+02 15000 12000 -3.896784e-03     0 3.885898e-02 5.632309e+01 1.299997e+02 5.912133e-02 -8.307073e-05 
4.679000e+02 -6.379712e-02 5.445700e-02 1.421452e+00 1.109201e+04 1.095264e+04 1.942798e+02 15000 12000 -3.649849e-03     0 3.885122e-02 5.634174e+01 1.299977e+02 5.912895e-02 -6.930011e-05 
  468 -6.270318e-02 5.446911e-02 1.419975e+00 1.109390e+04 1.096550e+04 1.942206e+02 15000 12000 -3.392533e-03     0 3.884356e-02 5.636055e+01 1.299959e+02 5.913673e-02 -6.666996e-05 
4.681000e+02 -6.166359e-02 5.448410e-02 1.418536e+00 1.109582e+04 1.097835e+04 1.941614e+02 15000 12000 -3.755076e-03     0 3.883589e-02 5.637950e+01 1.299942e+02 5.914448e-02 -7.876928e-05 
4.682000e+02 -6.057024e-02 5.450091e-02 1.417120e+00 1.109776e+04 1.099121e+04 1.941022e+02 15000 12000 -3.731707e-03     0 3.882801e-02 5.639860e+01 1.299927e+02 5.915213e-02 -8.286861e-05 
4.683000e+02 -5.945626e-02 5.451918e-02 1.415719e+00 1.109971e+04 1.100406e+04 1.940431e+02 15000 12000 -3.559222e-03     0 3.882018e-02 5.641784e+01 1.299912e+02 5.915969e-02 -7.382899e-05 
4.684000e+02 -5.838187e-02 5.453925e-02 1.414339e+00 1.110169e+04 1.101691e+04 1.939842e+02 15000 12000 -3.334269e-03     0 3.881279e-02 5.643722e+01 1.299898e+02 5.916713e-02 -6.126241e-05 
4.685000e+02 -5.738511e-02 5.456156e-02 1.412992e+00 1.110368e+04 1.102975e+04 1.939253e+02 15000 12000 -3.099870e-03     0 3.880592e-02 5.645674e+01 1.299885e+02 5.917435e-02 -5.884389e-05 
4.686000e+02 -5.643785e-02 5.458614e-02 1.411678e+00 1.110569e+04 1.104259e+04 1.938667e+02 15000 12000 -3.429191e-03     0 3.879943e-02 5.647638e+01 1.299873e+02 5.918122e-02 -6.983964e-05 
4.687000e+02 -5.544209e-02 5.461208e-02 1.410386e+00 1.110771e+04 1.105543e+04 1.938082e+02 15000 12000 -3.407587e-03     0 3.879309e-02 5.649616e+01 1.299862e+02 5.918773e-02 -7.357920e-05 
4.688000e+02 -5.442785e-02 5.463909e-02 1.409108e+00 1.110976e+04 1.106827e+04 1.937500e+02 15000 12000 -3.250441e-03     0 3.878708e-02 5.651606e+01 1.299852e+02 5.919392e-02 -6.538557e-05 
4.689000e+02 -5.344969e-02 5.466743e-02 1.407849e+00 1.111182e+04 1.108110e+04 1.936920e+02 15000 12000 -3.045628e-03     0 3.878168e-02 5.653608e+01 1.299842e+02 5.919980e-02 -5.399128e-05 
  469 -5.254207e-02 5.469746e-02 1.406619e+00 1.111390e+04 1.109394e+04 1.936343e+02 15000 12000 -2.832242e-03     0 3.877691e-02 5.655623e+01 1.299833e+02 5.920530e-02 -5.182139e-05 
4.691000e+02 -5.167949e-02 5.472921e-02 1.405421e+00 1.111599e+04 1.110676e+04 1.935769e+02 15000 12000 -3.131222e-03     0 3.877263e-02 5.657649e+01 1.299825e+02 5.921036e-02 -6.184090e-05 
4.692000e+02 -5.077321e-02 5.476192e-02 1.404242e+00 1.111810e+04 1.111959e+04 1.935197e+02 15000 12000 -3.111287e-03     0 3.876862e-02 5.659687e+01 1.299817e+02 5.921499e-02 -6.526030e-05 
4.693000e+02 -4.985043e-02 5.479534e-02 1.403076e+00 1.112023e+04 1.113241e+04 1.934630e+02 15000 12000 -2.968227e-03     0 3.876498e-02 5.661736e+01 1.299809e+02 5.921925e-02 -5.782590e-05 
4.694000e+02 -4.896052e-02 5.482970e-02 1.401928e+00 1.112237e+04 1.114523e+04 1.934066e+02 15000 12000 -2.781895e-03     0 3.876194e-02 5.663796e+01 1.299803e+02 5.922317e-02 -4.746921e-05 
4.695000e+02 -4.813464e-02 5.486530e-02 1.400806e+00 1.112453e+04 1.115805e+04 1.933506e+02 15000 12000 -2.587783e-03     0 3.875949e-02 5.665867e+01 1.299796e+02 5.922671e-02 -4.547702e-05 
4.696000e+02 -4.734968e-02 5.490217e-02 1.399713e+00 1.112670e+04 1.117087e+04 1.932949e+02 15000 12000 -2.859099e-03     0 3.875748e-02 5.667948e+01 1.299790e+02 5.922984e-02 -5.454428e-05 
4.697000e+02 -4.652541e-02 5.493967e-02 1.398637e+00 1.112889e+04 1.118368e+04 1.932397e+02 15000 12000 -2.840749e-03     0 3.875571e-02 5.670040e+01 1.299785e+02 5.923257e-02 -5.760620e-05 
4.698000e+02 -4.568644e-02 5.497763e-02 1.397574e+00 1.113109e+04 1.119649e+04 1.931849e+02 15000 12000 -2.710622e-03     0 3.875426e-02 5.672142e+01 1.299779e+02 5.923498e-02 -5.080094e-05 
4.699000e+02 -4.487737e-02 5.501622e-02 1.396527e+00 1.113330e+04 1.120930e+04 1.931306e+02 15000 12000 -2.541234e-03     0 3.875329e-02 5.674253e+01 1.299774e+02 5.923710e-02 -4.133168e-05 
  470 -4.412633e-02 5.505571e-02 1.395503e+00 1.113553e+04 1.122210e+04 1.930767e+02 15000 12000 -2.364785e-03     0 3.875279e-02 5.676375e+01 1.299770e+02 5.923891e-02 -3.944743e-05 
4.701000e+02 -4.341243e-02 5.509611e-02 1.394507e+00 1.113777e+04 1.123490e+04 1.930233e+02 15000 12000 -2.610888e-03     0 3.875262e-02 5.678505e+01 1.299765e+02 5.924038e-02 -4.759735e-05 
4.702000e+02 -4.266323e-02 5.513694e-02 1.393526e+00 1.114002e+04 1.124770e+04 1.929704e+02 15000 12000 -2.594031e-03     0 3.875262e-02 5.680645e+01 1.299761e+02 5.924155e-02 -5.029202e-05 
4.703000e+02 -4.190094e-02 5.517803e-02 1.392556e+00 1.114229e+04 1.126050e+04 1.929179e+02 15000 12000 -2.475756e-03     0 3.875284e-02 5.682794e+01 1.299758e+02 5.924248e-02 -4.402676e-05 
4.704000e+02 -4.116582e-02 5.521955e-02 1.391601e+00 1.114457e+04 1.127330e+04 1.928660e+02 15000 12000 -2.321879e-03     0 3.875340e-02 5.684952e+01 1.299754e+02 5.924319e-02 -3.533840e-05 
4.705000e+02 -4.048321e-02 5.526171e-02 1.390668e+00 1.114687e+04 1.128609e+04 1.928146e+02 15000 12000 -2.161592e-03     0 3.875430e-02 5.687119e+01 1.299751e+02 5.924369e-02 -3.352689e-05 
4.706000e+02 -3.983427e-02 5.530456e-02 1.389759e+00 1.114917e+04 1.129888e+04 1.927637e+02 15000 12000 -2.384678e-03     0 3.875542e-02 5.689294e+01 1.299748e+02 5.924395e-02 -4.081603e-05 
4.707000e+02 -3.915368e-02 5.534767e-02 1.388865e+00 1.115149e+04 1.131167e+04 1.927134e+02 15000 12000 -2.369198e-03     0 3.875661e-02 5.691477e+01 1.299745e+02 5.924399e-02 -4.315512e-05 
4.708000e+02 -3.846150e-02 5.539093e-02 1.387980e+00 1.115382e+04 1.132446e+04 1.926636e+02 15000 12000 -2.261765e-03     0 3.875793e-02 5.693669e+01 1.299742e+02 5.924388e-02 -3.736512e-05 
4.709000e+02 -3.779397e-02 5.543448e-02 1.387110e+00 1.115616e+04 1.133724e+04 1.926143e+02 15000 12000 -2.122071e-03     0 3.875947e-02 5.695868e+01 1.299739e+02 5.924363e-02 -2.937330e-05 
  471 -3.717390e-02 5.547852e-02 1.386259e+00 1.115851e+04 1.135003e+04 1.925656e+02 15000 12000 -1.976558e-03     0 3.876122e-02 5.698075e+01 1.299737e+02 5.924325e-02 -2.761185e-05 
4.711000e+02 -3.658430e-02 5.552306e-02 1.385431e+00 1.116088e+04 1.136281e+04 1.925175e+02 15000 12000 -2.178598e-03     0 3.876309e-02 5.700290e+01 1.299734e+02 5.924272e-02 -3.409868e-05 
4.712000e+02 -3.596642e-02 5.556778e-02 1.384615e+00 1.116325e+04 1.137559e+04 1.924699e+02 15000 12000 -2.164374e-03     0 3.876496e-02 5.702512e+01 1.299732e+02 5.924205e-02 -3.609857e-05 
4.713000e+02 -3.533831e-02 5.561259e-02 1.383810e+00 1.116564e+04 1.138836e+04 1.924229e+02 15000 12000 -2.066851e-03     0 3.876688e-02 5.704741e+01 1.299730e+02 5.924129e-02 -3.073008e-05 
4.714000e+02 -3.473256e-02 5.565760e-02 1.383016e+00 1.116804e+04 1.140114e+04 1.923765e+02 15000 12000 -1.940124e-03     0 3.876893e-02 5.706977e+01 1.299728e+02 5.924047e-02 -2.336285e-05 
4.715000e+02 -3.416964e-02 5.570299e-02 1.382241e+00 1.117044e+04 1.141391e+04 1.923307e+02 15000 12000 -1.808115e-03     0 3.877110e-02 5.709220e+01 1.299726e+02 5.923957e-02 -2.163532e-05 
4.716000e+02 -3.363426e-02 5.574876e-02 1.381486e+00 1.117286e+04 1.142668e+04 1.922855e+02 15000 12000 -1.990886e-03     0 3.877331e-02 5.711470e+01 1.299725e+02 5.923859e-02 -2.737714e-05 
4.717000e+02 -3.307370e-02 5.579467e-02 1.380744e+00 1.117529e+04 1.143945e+04 1.922408e+02 15000 12000 -1.977798e-03     0 3.877548e-02 5.713727e+01 1.299723e+02 5.923753e-02 -2.905684e-05 
4.718000e+02 -3.250419e-02 5.584063e-02 1.380009e+00 1.117773e+04 1.145221e+04 1.921968e+02 15000 12000 -1.889333e-03     0 3.877764e-02 5.715990e+01 1.299722e+02 5.923644e-02 -2.406507e-05 
4.719000e+02 -3.195493e-02 5.588674e-02 1.379287e+00 1.118017e+04 1.146498e+04 1.921533e+02 15000 12000 -1.774462e-03     0 3.877986e-02 5.718259e+01 1.299720e+02 5.923532e-02 -1.726082e-05 
  472 -3.144424e-02 5.593315e-02 1.378581e+00 1.118263e+04 1.147774e+04 1.921105e+02 15000 12000 -1.654804e-03     0 3.878214e-02 5.720534e+01 1.299719e+02 5.923418e-02 -1.555561e-05 
4.721000e+02 -3.095843e-02 5.597988e-02 1.377893e+00 1.118509e+04 1.149050e+04 1.920683e+02 15000 12000 -1.819904e-03     0 3.878442e-02 5.722815e+01 1.299718e+02 5.923299e-02 -2.060689e-05 
4.722000e+02 -3.045030e-02 5.602670e-02 1.377217e+00 1.118757e+04 1.150326e+04 1.920267e+02 15000 12000 -1.807838e-03     0 3.878663e-02 5.725102e+01 1.299717e+02 5.923177e-02 -2.198579e-05 
4.723000e+02 -2.993440e-02 5.607357e-02 1.376549e+00 1.119005e+04 1.151602e+04 1.919857e+02 15000 12000 -1.727656e-03     0 3.878880e-02 5.727394e+01 1.299716e+02 5.923055e-02 -1.733207e-05 
4.724000e+02 -2.943684e-02 5.612057e-02 1.375891e+00 1.119254e+04 1.152878e+04 1.919453e+02 15000 12000 -1.623635e-03     0 3.879099e-02 5.729692e+01 1.299715e+02 5.922933e-02 -1.103653e-05 
4.725000e+02 -2.897394e-02 5.616780e-02 1.375248e+00 1.119505e+04 1.154153e+04 1.919055e+02 15000 12000 -1.515278e-03     0 3.879320e-02 5.731995e+01 1.299714e+02 5.922810e-02 -9.344304e-06 
4.726000e+02 -2.853346e-02 5.621530e-02 1.374623e+00 1.119756e+04 1.155428e+04 1.918663e+02 15000 12000 -1.664146e-03     0 3.879540e-02 5.734303e+01 1.299713e+02 5.922687e-02 -1.375510e-05 
4.727000e+02 -2.807334e-02 5.626289e-02 1.374007e+00 1.120007e+04 1.156703e+04 1.918278e+02 15000 12000 -1.652995e-03     0 3.879750e-02 5.736615e+01 1.299712e+02 5.922562e-02 -1.485150e-05 
4.728000e+02 -2.760653e-02 5.631051e-02 1.373399e+00 1.120260e+04 1.157978e+04 1.917899e+02 15000 12000 -1.580392e-03     0 3.879956e-02 5.738933e+01 1.299712e+02 5.922439e-02 -1.050161e-05 
4.729000e+02 -2.715631e-02 5.635823e-02 1.372801e+00 1.120513e+04 1.159253e+04 1.917527e+02 15000 12000 -1.486307e-03     0 3.880162e-02 5.741255e+01 1.299711e+02 5.922317e-02 -4.666387e-06 
  473 -2.673718e-02 5.640617e-02 1.372216e+00 1.120768e+04 1.160528e+04 1.917160e+02 15000 12000 -1.388303e-03     0 3.880368e-02 5.743582e+01 1.299710e+02 5.922196e-02 -2.979175e-06 
4.731000e+02 -2.633822e-02 5.645432e-02 1.371647e+00 1.121023e+04 1.161802e+04 1.916800e+02 15000 12000 -1.522231e-03     0 3.880572e-02 5.745913e+01 1.299710e+02 5.922075e-02 -6.795096e-06 
4.732000e+02 -2.592207e-02 5.650254e-02 1.371088e+00 1.121278e+04 1.163076e+04 1.916446e+02 15000 12000 -1.511894e-03     0 3.880767e-02 5.748248e+01 1.299709e+02 5.921955e-02 -7.625946e-06 
4.733000e+02 -2.550029e-02 5.655080e-02 1.370535e+00 1.121535e+04 1.164350e+04 1.916099e+02 15000 12000 -1.446232e-03     0 3.880957e-02 5.750587e+01 1.299709e+02 5.921836e-02 -3.549482e-06 
4.734000e+02 -2.509348e-02 5.659915e-02 1.369991e+00 1.121792e+04 1.165624e+04 1.915758e+02 15000 12000 -1.361258e-03     0 3.881147e-02 5.752929e+01 1.299709e+02 5.921719e-02 1.868651e-06 
4.735000e+02 -2.471447e-02 5.664768e-02 1.369460e+00 1.122050e+04 1.166898e+04 1.915423e+02 15000 12000 -1.272749e-03     0 3.881336e-02 5.755275e+01 1.299709e+02 5.921604e-02 3.557702e-06 
4.736000e+02 -2.435357e-02 5.669638e-02 1.368944e+00 1.122308e+04 1.168172e+04 1.915095e+02 15000 12000 -1.392895e-03     0 3.881523e-02 5.757625e+01 1.299708e+02 5.921489e-02 2.953159e-07 
4.737000e+02 -2.397779e-02 5.674515e-02 1.368435e+00 1.122568e+04 1.169446e+04 1.914773e+02 15000 12000 -1.383280e-03     0 3.881703e-02 5.759978e+01 1.299708e+02 5.921374e-02 -2.855806e-07 
4.738000e+02 -2.359733e-02 5.679395e-02 1.367934e+00 1.122828e+04 1.170719e+04 1.914458e+02 15000 12000 -1.323982e-03     0 3.881878e-02 5.762334e+01 1.299708e+02 5.921261e-02 3.544476e-06 
4.739000e+02 -2.323039e-02 5.684283e-02 1.367440e+00 1.123088e+04 1.171992e+04 1.914149e+02 15000 12000 -1.247372e-03     0 3.882053e-02 5.764692e+01 1.299708e+02 5.921150e-02 8.584095e-06 
  474 -2.288820e-02 5.689185e-02 1.366958e+00 1.123350e+04 1.173266e+04 1.913846e+02 15000 12000 -1.167583e-03     0 3.882227e-02 5.767054e+01 1.299708e+02 5.921041e-02 1.028090e-05 
4.741000e+02 -2.256225e-02 5.694103e-02 1.366490e+00 1.123611e+04 1.174539e+04 1.913550e+02 15000 12000 -1.274984e-03     0 3.882400e-02 5.769418e+01 1.299708e+02 5.920931e-02 7.534635e-06 
4.742000e+02 -2.222356e-02 5.699025e-02 1.366029e+00 1.123874e+04 1.175812e+04 1.913260e+02 15000 12000 -1.266002e-03     0 3.882567e-02 5.771785e+01 1.299708e+02 5.920822e-02 7.189349e-06 
4.743000e+02 -2.188110e-02 5.703950e-02 1.365574e+00 1.124137e+04 1.177084e+04 1.912977e+02 15000 12000 -1.212546e-03     0 3.882730e-02 5.774153e+01 1.299708e+02 5.920714e-02 1.079690e-05 
4.744000e+02 -2.155081e-02 5.708881e-02 1.365127e+00 1.124401e+04 1.178357e+04 1.912701e+02 15000 12000 -1.143627e-03     0 3.882894e-02 5.776524e+01 1.299708e+02 5.920607e-02 1.549229e-05 
4.745000e+02 -2.124250e-02 5.713823e-02 1.364690e+00 1.124665e+04 1.179630e+04 1.912430e+02 15000 12000 -1.071859e-03     0 3.883058e-02 5.778897e+01 1.299709e+02 5.920502e-02 1.720182e-05 
4.746000e+02 -2.094869e-02 5.718777e-02 1.364266e+00 1.124930e+04 1.180902e+04 1.912167e+02 15000 12000 -1.167440e-03     0 3.883220e-02 5.781271e+01 1.299709e+02 5.920396e-02 1.493771e-05 
4.747000e+02 -2.064413e-02 5.723735e-02 1.363848e+00 1.125195e+04 1.182174e+04 1.911910e+02 15000 12000 -1.159010e-03     0 3.883379e-02 5.783647e+01 1.299709e+02 5.920290e-02 1.481467e-05 
4.748000e+02 -2.033667e-02 5.728695e-02 1.363437e+00 1.125462e+04 1.183446e+04 1.911659e+02 15000 12000 -1.110925e-03     0 3.883535e-02 5.786025e+01 1.299709e+02 5.920185e-02 1.822057e-05 
4.749000e+02 -2.004014e-02 5.733659e-02 1.363033e+00 1.125728e+04 1.184719e+04 1.911415e+02 15000 12000 -1.049089e-03     0 3.883692e-02 5.788403e+01 1.299710e+02 5.920081e-02 2.260186e-05 
  475 -1.976303e-02 5.738631e-02 1.362638e+00 1.125995e+04 1.185990e+04 1.911178e+02 15000 12000 -9.847115e-04     0 3.883849e-02 5.790783e+01 1.299710e+02 5.919977e-02 2.432794e-05 
4.751000e+02 -1.949885e-02 5.743612e-02 1.362254e+00 1.126263e+04 1.187262e+04 1.910947e+02 15000 12000 -1.069295e-03     0 3.884006e-02 5.793164e+01 1.299711e+02 5.919872e-02 2.251491e-05 
4.752000e+02 -1.922577e-02 5.748596e-02 1.361877e+00 1.126531e+04 1.188534e+04 1.910723e+02 15000 12000 -1.061339e-03     0 3.884160e-02 5.795545e+01 1.299711e+02 5.919768e-02 2.260130e-05 
4.753000e+02 -1.895059e-02 5.753580e-02 1.361506e+00 1.126799e+04 1.189806e+04 1.910505e+02 15000 12000 -1.018198e-03     0 3.884313e-02 5.797927e+01 1.299711e+02 5.919663e-02 2.582326e-05 
4.754000e+02 -1.868522e-02 5.758566e-02 1.361141e+00 1.127069e+04 1.191077e+04 1.910294e+02 15000 12000 -9.628963e-04     0 3.884467e-02 5.800309e+01 1.299712e+02 5.919558e-02 2.991641e-05 
4.755000e+02 -1.843691e-02 5.763558e-02 1.360785e+00 1.127338e+04 1.192349e+04 1.910089e+02 15000 12000 -9.053432e-04     0 3.884622e-02 5.802692e+01 1.299712e+02 5.919454e-02 3.166143e-05 
4.756000e+02 -1.820009e-02 5.768556e-02 1.360439e+00 1.127608e+04 1.193620e+04 1.909891e+02 15000 12000 -9.796553e-04     0 3.884778e-02 5.805074e+01 1.299713e+02 5.919348e-02 3.027054e-05 
4.757000e+02 -1.795609e-02 5.773555e-02 1.360099e+00 1.127879e+04 1.194891e+04 1.909700e+02 15000 12000 -9.721005e-04     0 3.884932e-02 5.807457e+01 1.299713e+02 5.919242e-02 3.055355e-05 
4.758000e+02 -1.771075e-02 5.778552e-02 1.359765e+00 1.128150e+04 1.196163e+04 1.909515e+02 15000 12000 -9.335186e-04     0 3.885085e-02 5.809839e+01 1.299714e+02 5.919135e-02 3.360589e-05 
4.759000e+02 -1.747418e-02 5.783551e-02 1.359437e+00 1.128421e+04 1.197434e+04 1.909337e+02 15000 12000 -8.842561e-04     0 3.885240e-02 5.812221e+01 1.299714e+02 5.919029e-02 3.743245e-05 
  476 -1.725253e-02 5.788552e-02 1.359117e+00 1.128693e+04 1.198705e+04 1.909165e+02 15000 12000 -8.330165e-04     0 3.885397e-02 5.814602e+01 1.299715e+02 5.918921e-02 3.919683e-05 
4.761000e+02 -1.704104e-02 5.793556e-02 1.358806e+00 1.128965e+04 1.199975e+04 1.909000e+02 15000 12000 -8.976974e-04     0 3.885554e-02 5.816982e+01 1.299716e+02 5.918813e-02 3.820045e-05 
4.762000e+02 -1.682397e-02 5.798558e-02 1.358501e+00 1.129238e+04 1.201246e+04 1.908842e+02 15000 12000 -8.904727e-04     0 3.885710e-02 5.819361e+01 1.299716e+02 5.918703e-02 3.866659e-05 
4.763000e+02 -1.660625e-02 5.803558e-02 1.358201e+00 1.129511e+04 1.202517e+04 1.908690e+02 15000 12000 -8.560999e-04     0 3.885867e-02 5.821740e+01 1.299717e+02 5.918593e-02 4.155973e-05 
4.764000e+02 -1.639638e-02 5.808557e-02 1.357906e+00 1.129784e+04 1.203788e+04 1.908545e+02 15000 12000 -8.124294e-04     0 3.886026e-02 5.824117e+01 1.299717e+02 5.918482e-02 4.513643e-05 
4.765000e+02 -1.619944e-02 5.813556e-02 1.357620e+00 1.130058e+04 1.205058e+04 1.908407e+02 15000 12000 -7.670434e-04     0 3.886186e-02 5.826492e+01 1.299718e+02 5.918371e-02 4.691796e-05 
4.766000e+02 -1.601146e-02 5.818555e-02 1.357341e+00 1.130332e+04 1.206329e+04 1.908275e+02 15000 12000 -8.226510e-04     0 3.886348e-02 5.828866e+01 1.299719e+02 5.918258e-02 4.628873e-05 
4.767000e+02 -1.581938e-02 5.823551e-02 1.357069e+00 1.130607e+04 1.207599e+04 1.908150e+02 15000 12000 -8.156867e-04     0 3.886510e-02 5.831238e+01 1.299719e+02 5.918143e-02 4.692284e-05 
4.768000e+02 -1.562729e-02 5.828543e-02 1.356800e+00 1.130882e+04 1.208869e+04 1.908031e+02 15000 12000 -7.852052e-04     0 3.886672e-02 5.833609e+01 1.299720e+02 5.918028e-02 4.966263e-05 
4.769000e+02 -1.544219e-02 5.833532e-02 1.356538e+00 1.131157e+04 1.210139e+04 1.907919e+02 15000 12000 -7.467216e-04     0 3.886837e-02 5.835977e+01 1.299721e+02 5.917912e-02 5.300067e-05 
  477 -1.526823e-02 5.838518e-02 1.356282e+00 1.131433e+04 1.211410e+04 1.907814e+02 15000 12000 -7.067738e-04     0 3.887003e-02 5.838343e+01 1.299721e+02 5.917795e-02 5.479353e-05 
4.771000e+02 -1.510214e-02 5.843502e-02 1.356034e+00 1.131709e+04 1.212680e+04 1.907715e+02 15000 12000 -7.537903e-04     0 3.887171e-02 5.840706e+01 1.299722e+02 5.917677e-02 5.450304e-05 
4.772000e+02 -1.493329e-02 5.848480e-02 1.355791e+00 1.131985e+04 1.213950e+04 1.907623e+02 15000 12000 -7.470163e-04     0 3.887339e-02 5.843067e+01 1.299723e+02 5.917557e-02 5.528714e-05 
4.773000e+02 -1.476502e-02 5.853453e-02 1.355553e+00 1.132262e+04 1.215220e+04 1.907537e+02 15000 12000 -7.201351e-04     0 3.887509e-02 5.845426e+01 1.299723e+02 5.917436e-02 5.787380e-05 
4.774000e+02 -1.460295e-02 5.858421e-02 1.355320e+00 1.132539e+04 1.216490e+04 1.907458e+02 15000 12000 -6.864696e-04     0 3.887680e-02 5.847781e+01 1.299724e+02 5.917314e-02 6.097783e-05 
4.775000e+02 -1.445040e-02 5.863384e-02 1.355093e+00 1.132816e+04 1.217759e+04 1.907386e+02 15000 12000 -6.515835e-04     0 3.887854e-02 5.850133e+01 1.299725e+02 5.917190e-02 6.277126e-05 
4.776000e+02 -1.430473e-02 5.868342e-02 1.354874e+00 1.133094e+04 1.219029e+04 1.907320e+02 15000 12000 -6.904198e-04     0 3.888029e-02 5.852482e+01 1.299726e+02 5.917066e-02 6.278846e-05 
4.777000e+02 -1.415753e-02 5.873293e-02 1.354659e+00 1.133371e+04 1.220299e+04 1.907261e+02 15000 12000 -6.837635e-04     0 3.888205e-02 5.854828e+01 1.299726e+02 5.916940e-02 6.370011e-05 
4.778000e+02 -1.401141e-02 5.878236e-02 1.354448e+00 1.133650e+04 1.221568e+04 1.907208e+02 15000 12000 -6.602140e-04     0 3.888383e-02 5.857170e+01 1.299727e+02 5.916812e-02 6.612680e-05 
4.779000e+02 -1.387080e-02 5.883173e-02 1.354243e+00 1.133928e+04 1.222838e+04 1.907162e+02 15000 12000 -6.310282e-04     0 3.888563e-02 5.859508e+01 1.299728e+02 5.916683e-02 6.899344e-05 
  478 -1.373823e-02 5.888102e-02 1.354043e+00 1.134207e+04 1.224107e+04 1.907123e+02 15000 12000 -6.008602e-04     0 3.888745e-02 5.861843e+01 1.299728e+02 5.916554e-02 7.077003e-05 
4.781000e+02 -1.361168e-02 5.893024e-02 1.353850e+00 1.134486e+04 1.225377e+04 1.907090e+02 15000 12000 -6.318595e-04     0 3.888928e-02 5.864174e+01 1.299729e+02 5.916422e-02 7.105905e-05 
4.782000e+02 -1.348465e-02 5.897938e-02 1.353662e+00 1.134765e+04 1.226646e+04 1.907064e+02 15000 12000 -6.252433e-04     0 3.889113e-02 5.866500e+01 1.299730e+02 5.916290e-02 7.206931e-05 
4.783000e+02 -1.335916e-02 5.902842e-02 1.353477e+00 1.135044e+04 1.227916e+04 1.907044e+02 15000 12000 -6.047739e-04     0 3.889299e-02 5.868822e+01 1.299731e+02 5.916155e-02 7.432016e-05 
4.784000e+02 -1.323854e-02 5.907737e-02 1.353298e+00 1.135324e+04 1.229185e+04 1.907031e+02 15000 12000 -5.797535e-04     0 3.889487e-02 5.871140e+01 1.299731e+02 5.916020e-02 7.693592e-05 
4.785000e+02 -1.312467e-02 5.912623e-02 1.353124e+00 1.135604e+04 1.230454e+04 1.907024e+02 15000 12000 -5.539859e-04     0 3.889678e-02 5.873453e+01 1.299732e+02 5.915883e-02 7.866917e-05 
4.786000e+02 -1.301601e-02 5.917500e-02 1.352955e+00 1.135884e+04 1.231723e+04 1.907024e+02 15000 12000 -5.774271e-04     0 3.889870e-02 5.875761e+01 1.299733e+02 5.915745e-02 7.918663e-05 
4.787000e+02 -1.290782e-02 5.922367e-02 1.352791e+00 1.136165e+04 1.232992e+04 1.907030e+02 15000 12000 -5.707652e-04     0 3.890063e-02 5.878064e+01 1.299733e+02 5.915606e-02 8.025727e-05 
4.788000e+02 -1.280153e-02 5.927222e-02 1.352632e+00 1.136445e+04 1.234261e+04 1.907043e+02 15000 12000 -5.531350e-04     0 3.890258e-02 5.880362e+01 1.299734e+02 5.915465e-02 8.230462e-05 
4.789000e+02 -1.269953e-02 5.932066e-02 1.352476e+00 1.136726e+04 1.235530e+04 1.907062e+02 15000 12000 -5.319829e-04     0 3.890456e-02 5.882655e+01 1.299735e+02 5.915323e-02 8.464310e-05 
  479 -1.260313e-02 5.936900e-02 1.352326e+00 1.137007e+04 1.236799e+04 1.907087e+02 15000 12000 -5.103164e-04     0 3.890655e-02 5.884943e+01 1.299735e+02 5.915179e-02 8.629429e-05 
4.791000e+02 -1.251126e-02 5.941722e-02 1.352181e+00 1.137288e+04 1.238068e+04 1.907120e+02 15000 12000 -5.264171e-04     0 3.890856e-02 5.887225e+01 1.299736e+02 5.915035e-02 8.698566e-05 
4.792000e+02 -1.242061e-02 5.946532e-02 1.352040e+00 1.137570e+04 1.239337e+04 1.907158e+02 15000 12000 -5.196108e-04     0 3.891058e-02 5.889501e+01 1.299737e+02 5.914888e-02 8.806549e-05 
4.793000e+02 -1.233215e-02 5.951329e-02 1.351904e+00 1.137851e+04 1.240606e+04 1.907203e+02 15000 12000 -5.045828e-04     0 3.891262e-02 5.891771e+01 1.299737e+02 5.914741e-02 8.986631e-05 
4.794000e+02 -1.224746e-02 5.956114e-02 1.351771e+00 1.138133e+04 1.241875e+04 1.907255e+02 15000 12000 -4.870106e-04     0 3.891468e-02 5.894036e+01 1.299738e+02 5.914592e-02 9.188438e-05 
4.795000e+02 -1.216738e-02 5.960885e-02 1.351643e+00 1.138415e+04 1.243144e+04 1.907312e+02 15000 12000 -4.691558e-04     0 3.891676e-02 5.896294e+01 1.299739e+02 5.914442e-02 9.339830e-05 
4.796000e+02 -1.209121e-02 5.965644e-02 1.351520e+00 1.138697e+04 1.244413e+04 1.907377e+02 15000 12000 -4.780737e-04     0 3.891886e-02 5.898546e+01 1.299739e+02 5.914290e-02 9.419319e-05 
4.797000e+02 -1.201685e-02 5.970389e-02 1.351401e+00 1.138980e+04 1.245681e+04 1.907447e+02 15000 12000 -4.710064e-04     0 3.892098e-02 5.900792e+01 1.299740e+02 5.914137e-02 9.521332e-05 
4.798000e+02 -1.194488e-02 5.975119e-02 1.351286e+00 1.139262e+04 1.246950e+04 1.907524e+02 15000 12000 -4.583394e-04     0 3.892311e-02 5.903031e+01 1.299741e+02 5.913983e-02 9.670439e-05 
4.799000e+02 -1.187621e-02 5.979835e-02 1.351175e+00 1.139545e+04 1.248219e+04 1.907607e+02 15000 12000 -4.440579e-04     0 3.892526e-02 5.905263e+01 1.299741e+02 5.913828e-02 9.833715e-05 
  480 -1.181129e-02 5.984537e-02 1.351068e+00 1.139827e+04 1.249487e+04 1.907697e+02 15000 12000 -4.297246e-04     0 3.892743e-02 5.907488e+01 1.299742e+02 5.913671e-02 9.963661e-05 
4.801000e+02 -1.174973e-02 5.989223e-02 1.350966e+00 1.140110e+04 1.250756e+04 1.907793e+02 15000 12000 -4.315601e-04     0 3.892961e-02 5.909707e+01 1.299742e+02 5.913513e-02 1.004427e-04 
4.802000e+02 -1.169041e-02 5.993894e-02 1.350868e+00 1.140393e+04 1.252024e+04 1.907895e+02 15000 12000 -4.240904e-04     0 3.893181e-02 5.911918e+01 1.299743e+02 5.913354e-02 1.013104e-04 
4.803000e+02 -1.163356e-02 5.998550e-02 1.350773e+00 1.140677e+04 1.253293e+04 1.908003e+02 15000 12000 -4.135288e-04     0 3.893403e-02 5.914122e+01 1.299744e+02 5.913193e-02 1.024020e-04 
4.804000e+02 -1.157957e-02 6.003189e-02 1.350682e+00 1.140960e+04 1.254561e+04 1.908118e+02 15000 12000 -4.022369e-04     0 3.893627e-02 5.916319e+01 1.299744e+02 5.913031e-02 1.035564e-04 
4.805000e+02 -1.152862e-02 6.007812e-02 1.350595e+00 1.141243e+04 1.255830e+04 1.908239e+02 15000 12000 -3.911220e-04     0 3.893853e-02 5.918508e+01 1.299745e+02 5.912868e-02 1.045351e-04 
4.806000e+02 -1.148054e-02 6.012418e-02 1.350512e+00 1.141527e+04 1.257098e+04 1.908366e+02 15000 12000 -3.859206e-04     0 3.894080e-02 5.920689e+01 1.299745e+02 5.912704e-02 1.052305e-04 
4.807000e+02 -1.143493e-02 6.017007e-02 1.350433e+00 1.141811e+04 1.258367e+04 1.908499e+02 15000 12000 -3.778743e-04     0 3.894309e-02 5.922862e+01 1.299746e+02 5.912538e-02 1.058212e-04 
4.808000e+02 -1.139175e-02 6.021579e-02 1.350357e+00 1.142094e+04 1.259635e+04 1.908638e+02 15000 12000 -3.691366e-04     0 3.894540e-02 5.925028e+01 1.299746e+02 5.912371e-02 1.063896e-04 
4.809000e+02 -1.135103e-02 6.026134e-02 1.350285e+00 1.142378e+04 1.260903e+04 1.908784e+02 15000 12000 -3.605083e-04     0 3.894772e-02 5.927185e+01 1.299747e+02 5.912203e-02 1.069362e-04 
  481 -1.131274e-02 6.030670e-02 1.350217e+00 1.142662e+04 1.262172e+04 1.908936e+02 15000 12000 -3.522817e-04     0 3.895006e-02 5.929334e+01 1.299748e+02 5.912034e-02 1.074502e-04 
4.811000e+02 -1.127687e-02 6.035188e-02 1.350152e+00 1.142946e+04 1.263440e+04 1.909093e+02 15000 12000 -3.400381e-04     0 3.895242e-02 5.931474e+01 1.299748e+02 5.911864e-02 1.078741e-04 
4.812000e+02 -1.124350e-02 6.039688e-02 1.350091e+00 1.143231e+04 1.264708e+04 1.909257e+02 15000 12000 -3.312001e-04     0 3.895480e-02 5.933606e+01 1.299749e+02 5.911692e-02 1.080223e-04 
4.813000e+02 -1.121243e-02 6.044169e-02 1.350033e+00 1.143515e+04 1.265977e+04 1.909427e+02 15000 12000 -3.239667e-04     0 3.895719e-02 5.935730e+01 1.299749e+02 5.911519e-02 1.079002e-04 
4.814000e+02 -1.118342e-02 6.048631e-02 1.349978e+00 1.143799e+04 1.267245e+04 1.909603e+02 15000 12000 -3.176367e-04     0 3.895960e-02 5.937844e+01 1.299750e+02 5.911345e-02 1.076638e-04 
4.815000e+02 -1.115631e-02 6.053073e-02 1.349927e+00 1.144084e+04 1.268513e+04 1.909785e+02 15000 12000 -3.119256e-04     0 3.896202e-02 5.939950e+01 1.299750e+02 5.911170e-02 1.075215e-04 
4.816000e+02 -1.113121e-02 6.057496e-02 1.349879e+00 1.144368e+04 1.269781e+04 1.909973e+02 15000 12000 -2.925932e-04     0 3.896446e-02 5.942047e+01 1.299751e+02 5.910993e-02 1.074632e-04 
4.817000e+02 -1.110845e-02 6.061899e-02 1.349834e+00 1.144653e+04 1.271050e+04 1.910167e+02 15000 12000 -2.827004e-04     0 3.896692e-02 5.944134e+01 1.299751e+02 5.910816e-02 1.069520e-04 
4.818000e+02 -1.108771e-02 6.066281e-02 1.349792e+00 1.144937e+04 1.272318e+04 1.910367e+02 15000 12000 -2.766011e-04     0 3.896940e-02 5.946212e+01 1.299752e+02 5.910637e-02 1.059188e-04 
4.819000e+02 -1.106864e-02 6.070643e-02 1.349754e+00 1.145222e+04 1.273586e+04 1.910573e+02 15000 12000 -2.721517e-04     0 3.897189e-02 5.948281e+01 1.299752e+02 5.910457e-02 1.046687e-04 
  482 -1.105102e-02 6.074985e-02 1.349718e+00 1.145507e+04 1.274854e+04 1.910784e+02 15000 12000 -2.685263e-04     0 3.897439e-02 5.950340e+01 1.299752e+02 5.910276e-02 1.036200e-04 
4.821000e+02 -1.103499e-02 6.079305e-02 1.349685e+00 1.145792e+04 1.276122e+04 1.911002e+02 15000 12000 -2.420352e-04     0 3.897692e-02 5.952389e+01 1.299753e+02 5.910094e-02 1.028085e-04 
4.822000e+02 -1.102096e-02 6.083603e-02 1.349655e+00 1.146076e+04 1.277390e+04 1.911225e+02 15000 12000 -2.307741e-04     0 3.897946e-02 5.954429e+01 1.299753e+02 5.909911e-02 1.013595e-04 
4.823000e+02 -1.100857e-02 6.087880e-02 1.349628e+00 1.146361e+04 1.278659e+04 1.911454e+02 15000 12000 -2.253810e-04     0 3.898201e-02 5.956458e+01 1.299754e+02 5.909726e-02 9.913224e-05 
4.824000e+02 -1.099745e-02 6.092136e-02 1.349604e+00 1.146646e+04 1.279927e+04 1.911689e+02 15000 12000 -2.223330e-04     0 3.898458e-02 5.958478e+01 1.299754e+02 5.909541e-02 9.657397e-05 
4.825000e+02 -1.098735e-02 6.096369e-02 1.349582e+00 1.146931e+04 1.281195e+04 1.911930e+02 15000 12000 -2.202980e-04     0 3.898717e-02 5.960487e+01 1.299755e+02 5.909354e-02 9.430301e-05 
4.826000e+02 -1.097842e-02 6.100579e-02 1.349562e+00 1.147216e+04 1.282463e+04 1.912176e+02 15000 12000 -1.865907e-04     0 3.898978e-02 5.962486e+01 1.299755e+02 5.909167e-02 9.239896e-05 
4.827000e+02 -1.097101e-02 6.104767e-02 1.349545e+00 1.147501e+04 1.283731e+04 1.912428e+02 15000 12000 -1.736087e-04     0 3.899240e-02 5.964474e+01 1.299755e+02 5.908978e-02 8.966657e-05 
4.828000e+02 -1.096478e-02 6.108932e-02 1.349530e+00 1.147786e+04 1.284999e+04 1.912686e+02 15000 12000 -1.684405e-04     0 3.899503e-02 5.966452e+01 1.299756e+02 5.908788e-02 8.589672e-05 
4.829000e+02 -1.095939e-02 6.113074e-02 1.349518e+00 1.148072e+04 1.286267e+04 1.912950e+02 15000 12000 -1.662585e-04     0 3.899768e-02 5.968419e+01 1.299756e+02 5.908597e-02 8.167071e-05 
  483 -1.095464e-02 6.117192e-02 1.349508e+00 1.148357e+04 1.287535e+04 1.913219e+02 15000 12000 -1.652600e-04     0 3.900035e-02 5.970376e+01 1.299757e+02 5.908405e-02 7.779519e-05 
4.831000e+02 -1.095063e-02 6.121286e-02 1.349499e+00 1.148642e+04 1.288803e+04 1.913493e+02 15000 12000 -1.243596e-04     0 3.900303e-02 5.972321e+01 1.299757e+02 5.908212e-02 7.439255e-05 
4.832000e+02 -1.094759e-02 6.125357e-02 1.349493e+00 1.148927e+04 1.290071e+04 1.913774e+02 15000 12000 -1.093015e-04     0 3.900573e-02 5.974256e+01 1.299757e+02 5.908018e-02 6.996946e-05 
4.833000e+02 -1.094524e-02 6.129403e-02 1.349489e+00 1.149212e+04 1.291340e+04 1.914059e+02 15000 12000 -1.038550e-04     0 3.900845e-02 5.976179e+01 1.299758e+02 5.907823e-02 6.425337e-05 
4.834000e+02 -1.094333e-02 6.133425e-02 1.349487e+00 1.149497e+04 1.292608e+04 1.914350e+02 15000 12000 -1.019815e-04     0 3.901118e-02 5.978091e+01 1.299758e+02 5.907627e-02 5.794973e-05 
4.835000e+02 -1.094173e-02 6.137423e-02 1.349485e+00 1.149783e+04 1.293876e+04 1.914647e+02 15000 12000 -1.014471e-04     0 3.901392e-02 5.979992e+01 1.299758e+02 5.907430e-02 5.203967e-05 
4.836000e+02 -1.094047e-02 6.141395e-02 1.349485e+00 1.150068e+04 1.295144e+04 1.914949e+02 15000 12000 -5.357808e-05     0 3.901669e-02 5.981881e+01 1.299759e+02 5.907231e-02 4.668813e-05 
4.837000e+02 -1.093968e-02 6.145342e-02 1.349486e+00 1.150353e+04 1.296412e+04 1.915257e+02 15000 12000 -3.617136e-05     0 3.901946e-02 5.983758e+01 1.299759e+02 5.907032e-02 4.013537e-05 
4.838000e+02 -1.093918e-02 6.149264e-02 1.349489e+00 1.150638e+04 1.297680e+04 1.915570e+02 15000 12000 -3.000182e-05     0 3.902226e-02 5.985624e+01 1.299759e+02 5.906831e-02 3.205287e-05 
4.839000e+02 -1.093884e-02 6.153160e-02 1.349493e+00 1.150924e+04 1.298948e+04 1.915888e+02 15000 12000 -2.794466e-05     0 3.902507e-02 5.987478e+01 1.299760e+02 5.906630e-02 2.325842e-05 
  484 -1.093856e-02 6.157030e-02 1.349497e+00 1.151209e+04 1.300216e+04 1.916212e+02 15000 12000 -2.738175e-05     0 3.902789e-02 5.989320e+01 1.299760e+02 5.906427e-02 1.489050e-05 
4.841000e+02 -1.093839e-02 6.160875e-02 1.349501e+00 1.151494e+04 1.301484e+04 1.916540e+02 15000 12000 2.682427e-05     0 3.903074e-02 5.991150e+01 1.299760e+02 5.906224e-02 7.158118e-06 
4.842000e+02 -1.093844e-02 6.164693e-02 1.349506e+00 1.151779e+04 1.302752e+04 1.916874e+02 15000 12000 4.660726e-05     0 3.903359e-02 5.992968e+01 1.299760e+02 5.906019e-02 -1.919774e-06 
4.843000e+02 -1.093868e-02 6.168484e-02 1.349512e+00 1.152065e+04 1.304020e+04 1.917214e+02 15000 12000 5.372650e-05     0 3.903647e-02 5.994774e+01 1.299761e+02 5.905813e-02 -1.271593e-05 
4.844000e+02 -1.093904e-02 6.172249e-02 1.349519e+00 1.152350e+04 1.305288e+04 1.917558e+02 15000 12000 5.622332e-05     0 3.903936e-02 5.996567e+01 1.299761e+02 5.905606e-02 -2.431462e-05 
4.845000e+02 -1.093950e-02 6.175987e-02 1.349524e+00 1.152635e+04 1.306556e+04 1.917908e+02 15000 12000 5.704035e-05     0 3.904226e-02 5.998348e+01 1.299761e+02 5.905399e-02 -3.544139e-05 
4.846000e+02 -1.094014e-02 6.179698e-02 1.349528e+00 1.152921e+04 1.307824e+04 1.918263e+02 15000 12000 1.162296e-04     0 3.904518e-02 6.000116e+01 1.299761e+02 5.905190e-02 -4.583929e-05 
4.847000e+02 -1.094130e-02 6.183381e-02 1.349532e+00 1.153206e+04 1.309092e+04 1.918622e+02 15000 12000 1.379056e-04     0 3.904812e-02 6.001871e+01 1.299762e+02 5.904980e-02 -5.764712e-05 
4.848000e+02 -1.094307e-02 6.187037e-02 1.349536e+00 1.153491e+04 1.310361e+04 1.918987e+02 15000 12000 1.457229e-04     0 3.905107e-02 6.003614e+01 1.299762e+02 5.904769e-02 -7.126429e-05 
4.849000e+02 -1.094545e-02 6.190665e-02 1.349540e+00 1.153777e+04 1.311629e+04 1.919357e+02 15000 12000 1.484092e-04     0 3.905404e-02 6.005344e+01 1.299762e+02 5.904556e-02 -8.569516e-05 
  485 -1.094841e-02 6.194265e-02 1.349541e+00 1.154062e+04 1.312897e+04 1.919732e+02 15000 12000 1.491546e-04     0 3.905702e-02 6.007061e+01 1.299762e+02 5.904343e-02 -9.955726e-05 
4.851000e+02 -1.095220e-02 6.197837e-02 1.349539e+00 1.154347e+04 1.314165e+04 1.920112e+02 15000 12000 2.108379e-04     0 3.906002e-02 6.008765e+01 1.299763e+02 5.904129e-02 -1.125397e-04 
4.852000e+02 -1.095761e-02 6.201381e-02 1.349536e+00 1.154633e+04 1.315433e+04 1.920496e+02 15000 12000 2.330614e-04     0 3.906303e-02 6.010456e+01 1.299763e+02 5.903914e-02 -1.268534e-04 
4.853000e+02 -1.096487e-02 6.204896e-02 1.349532e+00 1.154918e+04 1.316701e+04 1.920886e+02 15000 12000 2.405182e-04     0 3.906606e-02 6.012133e+01 1.299763e+02 5.903697e-02 -1.429006e-04 
4.854000e+02 -1.097390e-02 6.208382e-02 1.349526e+00 1.155203e+04 1.317969e+04 1.921280e+02 15000 12000 2.423207e-04     0 3.906910e-02 6.013798e+01 1.299763e+02 5.903480e-02 -1.596314e-04 
4.855000e+02 -1.098462e-02 6.211839e-02 1.349516e+00 1.155489e+04 1.319237e+04 1.921679e+02 15000 12000 2.418105e-04     0 3.907215e-02 6.015448e+01 1.299763e+02 5.903262e-02 -1.755944e-04 
4.856000e+02 -1.099750e-02 6.215267e-02 1.349502e+00 1.155774e+04 1.320505e+04 1.922083e+02 15000 12000 3.019878e-04     0 3.907522e-02 6.017086e+01 1.299763e+02 5.903042e-02 -1.904213e-04 
4.857000e+02 -1.101401e-02 6.218666e-02 1.349484e+00 1.156060e+04 1.321773e+04 1.922492e+02 15000 12000 3.222607e-04     0 3.907829e-02 6.018709e+01 1.299764e+02 5.902822e-02 -2.062878e-04 
4.858000e+02 -1.103438e-02 6.222034e-02 1.349464e+00 1.156345e+04 1.323041e+04 1.922905e+02 15000 12000 3.272713e-04     0 3.908138e-02 6.020319e+01 1.299764e+02 5.902601e-02 -2.235751e-04 
4.859000e+02 -1.105830e-02 6.225374e-02 1.349441e+00 1.156631e+04 1.324309e+04 1.923323e+02 15000 12000 3.261424e-04     0 3.908448e-02 6.021915e+01 1.299764e+02 5.902379e-02 -2.412193e-04 
  486 -1.108546e-02 6.228682e-02 1.349412e+00 1.156916e+04 1.325577e+04 1.923746e+02 15000 12000 3.222574e-04     0 3.908759e-02 6.023498e+01 1.299764e+02 5.902156e-02 -2.577613e-04 
4.861000e+02 -1.111646e-02 6.231961e-02 1.349377e+00 1.157202e+04 1.326845e+04 1.924173e+02 15000 12000 3.754485e-04     0 3.909071e-02 6.025066e+01 1.299764e+02 5.901932e-02 -2.727851e-04 
4.862000e+02 -1.115351e-02 6.235208e-02 1.349338e+00 1.157488e+04 1.328113e+04 1.924605e+02 15000 12000 3.902502e-04     0 3.909383e-02 6.026620e+01 1.299764e+02 5.901708e-02 -2.883156e-04 
4.863000e+02 -1.119658e-02 6.238426e-02 1.349294e+00 1.157774e+04 1.329381e+04 1.925041e+02 15000 12000 3.899674e-04     0 3.909696e-02 6.028160e+01 1.299764e+02 5.901483e-02 -3.046993e-04 
4.864000e+02 -1.124487e-02 6.241612e-02 1.349245e+00 1.158059e+04 1.330649e+04 1.925481e+02 15000 12000 3.832996e-04     0 3.910010e-02 6.029686e+01 1.299765e+02 5.901257e-02 -3.209272e-04 
4.865000e+02 -1.129761e-02 6.244766e-02 1.349189e+00 1.158345e+04 1.331917e+04 1.925926e+02 15000 12000 3.735503e-04     0 3.910323e-02 6.031198e+01 1.299765e+02 5.901032e-02 -3.356288e-04 
4.866000e+02 -1.135535e-02 6.247889e-02 1.349126e+00 1.158631e+04 1.333185e+04 1.926376e+02 15000 12000 4.137649e-04     0 3.910637e-02 6.032695e+01 1.299765e+02 5.900805e-02 -3.483793e-04 
4.867000e+02 -1.142064e-02 6.250980e-02 1.349057e+00 1.158917e+04 1.334452e+04 1.926829e+02 15000 12000 4.195339e-04     0 3.910950e-02 6.034178e+01 1.299765e+02 5.900579e-02 -3.609514e-04 
4.868000e+02 -1.149297e-02 6.254039e-02 1.348982e+00 1.159203e+04 1.335720e+04 1.927287e+02 15000 12000 4.114490e-04     0 3.911264e-02 6.035647e+01 1.299765e+02 5.900352e-02 -3.736669e-04 
4.869000e+02 -1.157086e-02 6.257065e-02 1.348900e+00 1.159490e+04 1.336988e+04 1.927749e+02 15000 12000 3.973098e-04     0 3.911577e-02 6.037100e+01 1.299765e+02 5.900125e-02 -3.856731e-04 
  487 -1.165300e-02 6.260059e-02 1.348811e+00 1.159776e+04 1.338256e+04 1.928216e+02 15000 12000 3.801872e-04     0 3.911890e-02 6.038540e+01 1.299765e+02 5.899899e-02 -3.958159e-04 
4.871000e+02 -1.173962e-02 6.263020e-02 1.348714e+00 1.160062e+04 1.339524e+04 1.928686e+02 15000 12000 4.029766e-04     0 3.912202e-02 6.039964e+01 1.299765e+02 5.899673e-02 -4.037328e-04 
4.872000e+02 -1.183307e-02 6.265947e-02 1.348610e+00 1.160349e+04 1.340792e+04 1.929161e+02 15000 12000 3.978266e-04     0 3.912513e-02 6.041374e+01 1.299765e+02 5.899447e-02 -4.108745e-04 
4.873000e+02 -1.193233e-02 6.268842e-02 1.348499e+00 1.160636e+04 1.342059e+04 1.929640e+02 15000 12000 3.813523e-04     0 3.912824e-02 6.042768e+01 1.299765e+02 5.899221e-02 -4.175634e-04 
4.874000e+02 -1.203543e-02 6.271704e-02 1.348381e+00 1.160922e+04 1.343327e+04 1.930122e+02 15000 12000 3.599670e-04     0 3.913133e-02 6.044148e+01 1.299765e+02 5.898996e-02 -4.232036e-04 
4.875000e+02 -1.214073e-02 6.274531e-02 1.348255e+00 1.161209e+04 1.344595e+04 1.930609e+02 15000 12000 3.362993e-04     0 3.913442e-02 6.045513e+01 1.299766e+02 5.898771e-02 -4.269743e-04 
4.876000e+02 -1.224807e-02 6.277325e-02 1.348122e+00 1.161496e+04 1.345862e+04 1.931100e+02 15000 12000 3.408808e-04     0 3.913749e-02 6.046863e+01 1.299766e+02 5.898548e-02 -4.286416e-04 
4.877000e+02 -1.235920e-02 6.280085e-02 1.347982e+00 1.161784e+04 1.347130e+04 1.931594e+02 15000 12000 3.259034e-04     0 3.914055e-02 6.048197e+01 1.299766e+02 5.898325e-02 -4.292928e-04 
4.878000e+02 -1.247290e-02 6.282811e-02 1.347835e+00 1.162071e+04 1.348398e+04 1.932093e+02 15000 12000 3.031679e-04     0 3.914360e-02 6.049517e+01 1.299766e+02 5.898102e-02 -4.292528e-04 
4.879000e+02 -1.258729e-02 6.285504e-02 1.347681e+00 1.162359e+04 1.349665e+04 1.932595e+02 15000 12000 2.773142e-04     0 3.914665e-02 6.050821e+01 1.299766e+02 5.897881e-02 -4.282191e-04 
  488 -1.270083e-02 6.288162e-02 1.347521e+00 1.162647e+04 1.350933e+04 1.933101e+02 15000 12000 2.503074e-04     0 3.914967e-02 6.052109e+01 1.299766e+02 5.897660e-02 -4.257396e-04 
4.881000e+02 -1.281318e-02 6.290786e-02 1.347355e+00 1.162934e+04 1.352200e+04 1.933611e+02 15000 12000 2.401154e-04     0 3.915269e-02 6.053383e+01 1.299766e+02 5.897440e-02 -4.217213e-04 
4.882000e+02 -1.292534e-02 6.293377e-02 1.347182e+00 1.163223e+04 1.353467e+04 1.934124e+02 15000 12000 2.190453e-04     0 3.915570e-02 6.054641e+01 1.299766e+02 5.897221e-02 -4.168687e-04 
4.883000e+02 -1.303638e-02 6.295934e-02 1.347004e+00 1.163511e+04 1.354735e+04 1.934641e+02 15000 12000 1.940122e-04     0 3.915871e-02 6.055883e+01 1.299766e+02 5.897003e-02 -4.114676e-04 
4.884000e+02 -1.314498e-02 6.298458e-02 1.346820e+00 1.163800e+04 1.356002e+04 1.935162e+02 15000 12000 1.677721e-04     0 3.916170e-02 6.057110e+01 1.299766e+02 5.896786e-02 -4.054523e-04 
4.885000e+02 -1.325016e-02 6.300947e-02 1.346632e+00 1.164088e+04 1.357269e+04 1.935686e+02 15000 12000 1.415141e-04     0 3.916469e-02 6.058322e+01 1.299766e+02 5.896569e-02 -3.986710e-04 
4.886000e+02 -1.335160e-02 6.303404e-02 1.346438e+00 1.164377e+04 1.358537e+04 1.936213e+02 15000 12000 1.226804e-04     0 3.916768e-02 6.059517e+01 1.299766e+02 5.896352e-02 -3.911272e-04 
4.887000e+02 -1.344967e-02 6.305826e-02 1.346240e+00 1.164667e+04 1.359804e+04 1.936745e+02 15000 12000 1.001675e-04     0 3.917067e-02 6.060697e+01 1.299767e+02 5.896136e-02 -3.831678e-04 
4.888000e+02 -1.354396e-02 6.308216e-02 1.346038e+00 1.164956e+04 1.361071e+04 1.937279e+02 15000 12000 7.680439e-05     0 3.917365e-02 6.061861e+01 1.299767e+02 5.895921e-02 -3.749894e-04 
4.889000e+02 -1.363393e-02 6.310572e-02 1.345832e+00 1.165246e+04 1.362338e+04 1.937817e+02 15000 12000 5.372342e-05     0 3.917665e-02 6.063009e+01 1.299767e+02 5.895705e-02 -3.666562e-04 
  489 -1.371921e-02 6.312896e-02 1.345623e+00 1.165536e+04 1.363605e+04 1.938358e+02 15000 12000 3.141036e-05     0 3.917964e-02 6.064142e+01 1.299767e+02 5.895490e-02 -3.581961e-04 
4.891000e+02 -1.379965e-02 6.315186e-02 1.345411e+00 1.165826e+04 1.364872e+04 1.938903e+02 15000 12000 1.037964e-05     0 3.918264e-02 6.065258e+01 1.299767e+02 5.895274e-02 -3.496525e-04 
4.892000e+02 -1.387525e-02 6.317443e-02 1.345196e+00 1.166116e+04 1.366139e+04 1.939451e+02 15000 12000 -9.764950e-06     0 3.918565e-02 6.066359e+01 1.299767e+02 5.895059e-02 -3.411055e-04 
4.893000e+02 -1.394604e-02 6.319666e-02 1.344978e+00 1.166407e+04 1.367406e+04 1.940002e+02 15000 12000 -2.887252e-05     0 3.918867e-02 6.067443e+01 1.299767e+02 5.894843e-02 -3.326486e-04 
4.894000e+02 -1.401209e-02 6.321857e-02 1.344758e+00 1.166698e+04 1.368672e+04 1.940556e+02 15000 12000 -4.689360e-05     0 3.919171e-02 6.068512e+01 1.299767e+02 5.894626e-02 -3.243799e-04 
4.895000e+02 -1.407352e-02 6.324015e-02 1.344536e+00 1.166989e+04 1.369939e+04 1.941113e+02 15000 12000 -6.382233e-05     0 3.919476e-02 6.069564e+01 1.299767e+02 5.894409e-02 -3.163938e-04 
4.896000e+02 -1.413033e-02 6.326139e-02 1.344312e+00 1.167281e+04 1.371206e+04 1.941673e+02 15000 12000 -8.202149e-05     0 3.919782e-02 6.070600e+01 1.299767e+02 5.894192e-02 -3.087380e-04 
4.897000e+02 -1.418242e-02 6.328231e-02 1.344086e+00 1.167572e+04 1.372472e+04 1.942237e+02 15000 12000 -9.763586e-05     0 3.920090e-02 6.071620e+01 1.299767e+02 5.893973e-02 -3.013614e-04 
4.898000e+02 -1.423007e-02 6.330289e-02 1.343860e+00 1.167864e+04 1.373739e+04 1.942803e+02 15000 12000 -1.116140e-04     0 3.920400e-02 6.072624e+01 1.299767e+02 5.893754e-02 -2.942805e-04 
4.899000e+02 -1.427361e-02 6.332313e-02 1.343632e+00 1.168157e+04 1.375005e+04 1.943372e+02 15000 12000 -1.243573e-04     0 3.920712e-02 6.073611e+01 1.299767e+02 5.893533e-02 -2.875641e-04 
  490 -1.431336e-02 6.334304e-02 1.343403e+00 1.168449e+04 1.376272e+04 1.943945e+02 15000 12000 -1.360622e-04     0 3.921025e-02 6.074582e+01 1.299767e+02 5.893311e-02 -2.812890e-04 
4.901000e+02 -1.434951e-02 6.336260e-02 1.343173e+00 1.168742e+04 1.377538e+04 1.944520e+02 15000 12000 -1.483130e-04     0 3.921341e-02 6.075536e+01 1.299768e+02 5.893089e-02 -2.754921e-04 
4.902000e+02 -1.438210e-02 6.338183e-02 1.342942e+00 1.169035e+04 1.378804e+04 1.945098e+02 15000 12000 -1.587517e-04     0 3.921659e-02 6.076475e+01 1.299768e+02 5.892865e-02 -2.701304e-04 
4.903000e+02 -1.441141e-02 6.340072e-02 1.342711e+00 1.169329e+04 1.380071e+04 1.945678e+02 15000 12000 -1.680107e-04     0 3.921979e-02 6.077396e+01 1.299768e+02 5.892639e-02 -2.651854e-04 
4.904000e+02 -1.443773e-02 6.341927e-02 1.342479e+00 1.169622e+04 1.381337e+04 1.946262e+02 15000 12000 -1.763691e-04     0 3.922301e-02 6.078302e+01 1.299768e+02 5.892413e-02 -2.606580e-04 
4.905000e+02 -1.446133e-02 6.343747e-02 1.342247e+00 1.169916e+04 1.382603e+04 1.946848e+02 15000 12000 -1.839718e-04     0 3.922625e-02 6.079190e+01 1.299768e+02 5.892185e-02 -2.565475e-04 
4.906000e+02 -1.448256e-02 6.345532e-02 1.342015e+00 1.170210e+04 1.383869e+04 1.947437e+02 15000 12000 -1.887002e-04     0 3.922952e-02 6.080062e+01 1.299768e+02 5.891956e-02 -2.528741e-04 
4.907000e+02 -1.450187e-02 6.347282e-02 1.341783e+00 1.170505e+04 1.385135e+04 1.948028e+02 15000 12000 -1.942706e-04     0 3.923280e-02 6.080918e+01 1.299768e+02 5.891725e-02 -2.497196e-04 
4.908000e+02 -1.451936e-02 6.348997e-02 1.341550e+00 1.170800e+04 1.386401e+04 1.948622e+02 15000 12000 -1.998741e-04     0 3.923610e-02 6.081757e+01 1.299768e+02 5.891493e-02 -2.470686e-04 
4.909000e+02 -1.453503e-02 6.350677e-02 1.341317e+00 1.171095e+04 1.387666e+04 1.949218e+02 15000 12000 -2.052134e-04     0 3.923943e-02 6.082579e+01 1.299768e+02 5.891260e-02 -2.448278e-04 
  491 -1.454894e-02 6.352322e-02 1.341084e+00 1.171390e+04 1.388932e+04 1.949817e+02 15000 12000 -2.101835e-04     0 3.924276e-02 6.083385e+01 1.299768e+02 5.891026e-02 -2.428742e-04 
4.911000e+02 -1.456160e-02 6.353930e-02 1.340851e+00 1.171686e+04 1.390198e+04 1.950418e+02 15000 12000 -2.067281e-04     0 3.924612e-02 6.084173e+01 1.299768e+02 5.890791e-02 -2.412073e-04 
4.912000e+02 -1.457410e-02 6.355503e-02 1.340618e+00 1.171982e+04 1.391463e+04 1.951022e+02 15000 12000 -2.081418e-04     0 3.924949e-02 6.084945e+01 1.299768e+02 5.890554e-02 -2.401216e-04 
4.913000e+02 -1.458624e-02 6.357040e-02 1.340386e+00 1.172278e+04 1.392729e+04 1.951628e+02 15000 12000 -2.113201e-04     0 3.925288e-02 6.085701e+01 1.299768e+02 5.890317e-02 -2.396338e-04 
4.914000e+02 -1.459756e-02 6.358541e-02 1.340153e+00 1.172575e+04 1.393994e+04 1.952237e+02 15000 12000 -2.150474e-04     0 3.925627e-02 6.086439e+01 1.299768e+02 5.890078e-02 -2.395342e-04 
4.915000e+02 -1.460779e-02 6.360005e-02 1.339920e+00 1.172872e+04 1.395260e+04 1.952847e+02 15000 12000 -2.188224e-04     0 3.925968e-02 6.087161e+01 1.299768e+02 5.889839e-02 -2.395418e-04 
4.916000e+02 -1.461767e-02 6.361433e-02 1.339687e+00 1.173169e+04 1.396525e+04 1.953460e+02 15000 12000 -2.069032e-04     0 3.926310e-02 6.087866e+01 1.299767e+02 5.889599e-02 -2.396297e-04 
4.917000e+02 -1.462911e-02 6.362824e-02 1.339454e+00 1.173466e+04 1.397790e+04 1.954075e+02 15000 12000 -2.049212e-04     0 3.926653e-02 6.088554e+01 1.299767e+02 5.889358e-02 -2.403729e-04 
4.918000e+02 -1.464155e-02 6.364179e-02 1.339221e+00 1.173764e+04 1.399056e+04 1.954692e+02 15000 12000 -2.068110e-04     0 3.926997e-02 6.089225e+01 1.299767e+02 5.889116e-02 -2.418390e-04 
4.919000e+02 -1.465394e-02 6.365498e-02 1.338988e+00 1.174062e+04 1.400321e+04 1.955311e+02 15000 12000 -2.101752e-04     0 3.927341e-02 6.089880e+01 1.299767e+02 5.888874e-02 -2.436812e-04 
  492 -1.466563e-02 6.366779e-02 1.338755e+00 1.174361e+04 1.401586e+04 1.955932e+02 15000 12000 -2.140048e-04     0 3.927686e-02 6.090517e+01 1.299767e+02 5.888632e-02 -2.454286e-04 
4.921000e+02 -1.467762e-02 6.368023e-02 1.338521e+00 1.174659e+04 1.402851e+04 1.956555e+02 15000 12000 -1.933741e-04     0 3.928031e-02 6.091138e+01 1.299767e+02 5.888389e-02 -2.470220e-04 
4.922000e+02 -1.469282e-02 6.369230e-02 1.338287e+00 1.174958e+04 1.404116e+04 1.957180e+02 15000 12000 -1.886357e-04     0 3.928376e-02 6.091741e+01 1.299767e+02 5.888146e-02 -2.493722e-04 
4.923000e+02 -1.471028e-02 6.370401e-02 1.338053e+00 1.175257e+04 1.405380e+04 1.957806e+02 15000 12000 -1.901936e-04     0 3.928721e-02 6.092328e+01 1.299767e+02 5.887903e-02 -2.526115e-04 
4.924000e+02 -1.472827e-02 6.371534e-02 1.337819e+00 1.175557e+04 1.406645e+04 1.958435e+02 15000 12000 -1.942440e-04     0 3.929066e-02 6.092898e+01 1.299767e+02 5.887659e-02 -2.562344e-04 
4.925000e+02 -1.474568e-02 6.372630e-02 1.337585e+00 1.175857e+04 1.407910e+04 1.959065e+02 15000 12000 -1.991762e-04     0 3.929411e-02 6.093451e+01 1.299767e+02 5.887416e-02 -2.595482e-04 
4.926000e+02 -1.476385e-02 6.373688e-02 1.337349e+00 1.176157e+04 1.409175e+04 1.959697e+02 15000 12000 -1.694078e-04     0 3.929755e-02 6.093987e+01 1.299767e+02 5.887173e-02 -2.624555e-04 
4.927000e+02 -1.478689e-02 6.374710e-02 1.337113e+00 1.176457e+04 1.410439e+04 1.960331e+02 15000 12000 -1.623720e-04     0 3.930098e-02 6.094506e+01 1.299767e+02 5.886930e-02 -2.662567e-04 
4.928000e+02 -1.481339e-02 6.375695e-02 1.336877e+00 1.176758e+04 1.411704e+04 1.960966e+02 15000 12000 -1.643832e-04     0 3.930442e-02 6.095008e+01 1.299766e+02 5.886688e-02 -2.711595e-04 
4.929000e+02 -1.484086e-02 6.376643e-02 1.336641e+00 1.177059e+04 1.412968e+04 1.961603e+02 15000 12000 -1.700093e-04     0 3.930784e-02 6.095493e+01 1.299766e+02 5.886445e-02 -2.764754e-04 
  493 -1.486766e-02 6.377553e-02 1.336403e+00 1.177361e+04 1.414232e+04 1.962242e+02 15000 12000 -1.769438e-04     0 3.931126e-02 6.095961e+01 1.299766e+02 5.886204e-02 -2.812550e-04 
4.931000e+02 -1.489554e-02 6.378426e-02 1.336164e+00 1.177662e+04 1.415497e+04 1.962882e+02 15000 12000 -1.372826e-04     0 3.931466e-02 6.096412e+01 1.299766e+02 5.885963e-02 -2.853569e-04 
4.932000e+02 -1.493006e-02 6.379261e-02 1.335924e+00 1.177964e+04 1.416761e+04 1.963523e+02 15000 12000 -1.282186e-04     0 3.931805e-02 6.096846e+01 1.299766e+02 5.885722e-02 -2.905314e-04 
4.933000e+02 -1.496928e-02 6.380061e-02 1.335684e+00 1.178266e+04 1.418025e+04 1.964166e+02 15000 12000 -1.313440e-04     0 3.932144e-02 6.097263e+01 1.299766e+02 5.885482e-02 -2.970729e-04 
4.934000e+02 -1.500981e-02 6.380824e-02 1.335443e+00 1.178569e+04 1.419289e+04 1.964810e+02 15000 12000 -1.393454e-04     0 3.932481e-02 6.097663e+01 1.299766e+02 5.885243e-02 -3.040799e-04 
4.935000e+02 -1.504940e-02 6.381548e-02 1.335200e+00 1.178872e+04 1.420553e+04 1.965455e+02 15000 12000 -1.491108e-04     0 3.932816e-02 6.098047e+01 1.299766e+02 5.885004e-02 -3.103045e-04 
4.936000e+02 -1.509031e-02 6.382235e-02 1.334955e+00 1.179175e+04 1.421817e+04 1.966101e+02 15000 12000 -9.831765e-05     0 3.933150e-02 6.098413e+01 1.299766e+02 5.884767e-02 -3.155546e-04 
4.937000e+02 -1.513987e-02 6.382886e-02 1.334709e+00 1.179479e+04 1.423081e+04 1.966749e+02 15000 12000 -8.730043e-05     0 3.933483e-02 6.098763e+01 1.299766e+02 5.884530e-02 -3.221079e-04 
4.938000e+02 -1.519552e-02 6.383501e-02 1.334463e+00 1.179782e+04 1.424344e+04 1.967398e+02 15000 12000 -9.213223e-05     0 3.933814e-02 6.099095e+01 1.299765e+02 5.884294e-02 -3.303588e-04 
4.939000e+02 -1.525278e-02 6.384079e-02 1.334215e+00 1.180086e+04 1.425608e+04 1.968048e+02 15000 12000 -1.032967e-04     0 3.934143e-02 6.099411e+01 1.299765e+02 5.884059e-02 -3.391531e-04 
  494 -1.530866e-02 6.384619e-02 1.333964e+00 1.180391e+04 1.426872e+04 1.968698e+02 15000 12000 -1.167345e-04     0 3.934470e-02 6.099709e+01 1.299765e+02 5.883826e-02 -3.468900e-04 
4.941000e+02 -1.536608e-02 6.385121e-02 1.333711e+00 1.180696e+04 1.428135e+04 1.969350e+02 15000 12000 -5.286771e-05     0 3.934795e-02 6.099991e+01 1.299765e+02 5.883593e-02 -3.533197e-04 
4.942000e+02 -1.543455e-02 6.385588e-02 1.333456e+00 1.181001e+04 1.429399e+04 1.970003e+02 15000 12000 -3.975363e-05     0 3.935119e-02 6.100256e+01 1.299765e+02 5.883362e-02 -3.613523e-04 
4.943000e+02 -1.551078e-02 6.386019e-02 1.333200e+00 1.181306e+04 1.430662e+04 1.970657e+02 15000 12000 -4.686792e-05     0 3.935441e-02 6.100504e+01 1.299765e+02 5.883132e-02 -3.715002e-04 
4.944000e+02 -1.558891e-02 6.386415e-02 1.332942e+00 1.181612e+04 1.431925e+04 1.971311e+02 15000 12000 -6.205353e-05     0 3.935760e-02 6.100735e+01 1.299765e+02 5.882903e-02 -3.823025e-04 
4.945000e+02 -1.566505e-02 6.386772e-02 1.332681e+00 1.181918e+04 1.433188e+04 1.971966e+02 15000 12000 -8.010813e-05     0 3.936077e-02 6.100950e+01 1.299765e+02 5.882675e-02 -3.917295e-04 
4.946000e+02 -1.574296e-02 6.387091e-02 1.332416e+00 1.182225e+04 1.434451e+04 1.972622e+02 15000 12000 -1.794058e-07     0 3.936390e-02 6.101147e+01 1.299765e+02 5.882449e-02 -3.994659e-04 
4.947000e+02 -1.583499e-02 6.387375e-02 1.332149e+00 1.182531e+04 1.435715e+04 1.973279e+02 15000 12000 1.545651e-05     0 3.936703e-02 6.101328e+01 1.299765e+02 5.882224e-02 -4.092039e-04 
4.948000e+02 -1.593688e-02 6.387625e-02 1.331881e+00 1.182838e+04 1.436977e+04 1.973936e+02 15000 12000 5.449214e-06     0 3.937013e-02 6.101492e+01 1.299765e+02 5.882000e-02 -4.215994e-04 
4.949000e+02 -1.604102e-02 6.387839e-02 1.331610e+00 1.183146e+04 1.438240e+04 1.974594e+02 15000 12000 -1.478061e-05     0 3.937321e-02 6.101639e+01 1.299765e+02 5.881778e-02 -4.348070e-04 
  495 -1.614235e-02 6.388015e-02 1.331335e+00 1.183454e+04 1.439503e+04 1.975252e+02 15000 12000 -3.860838e-05     0 3.937625e-02 6.101770e+01 1.299765e+02 5.881558e-02 -4.462594e-04 
4.951000e+02 -1.624574e-02 6.388152e-02 1.331054e+00 1.183762e+04 1.440766e+04 1.975911e+02 15000 12000 6.198313e-05     0 3.937926e-02 6.101883e+01 1.299765e+02 5.881339e-02 -4.555658e-04 
4.952000e+02 -1.636735e-02 6.388256e-02 1.330771e+00 1.184070e+04 1.442028e+04 1.976571e+02 15000 12000 8.097132e-05     0 3.938225e-02 6.101980e+01 1.299764e+02 5.881122e-02 -4.674214e-04 
4.953000e+02 -1.650160e-02 6.388326e-02 1.330487e+00 1.184379e+04 1.443291e+04 1.977230e+02 15000 12000 6.737053e-05     0 3.938522e-02 6.102061e+01 1.299764e+02 5.880905e-02 -4.826626e-04 
4.954000e+02 -1.663858e-02 6.388361e-02 1.330199e+00 1.184688e+04 1.444553e+04 1.977890e+02 15000 12000 4.077998e-05     0 3.938815e-02 6.102125e+01 1.299764e+02 5.880691e-02 -4.989441e-04 
4.955000e+02 -1.677163e-02 6.388357e-02 1.329906e+00 1.184998e+04 1.445816e+04 1.978550e+02 15000 12000 9.658152e-06     0 3.939104e-02 6.102172e+01 1.299764e+02 5.880479e-02 -5.130005e-04 
4.956000e+02 -1.690721e-02 6.388315e-02 1.329606e+00 1.185308e+04 1.447078e+04 1.979211e+02 15000 12000 1.380907e-04     0 3.939389e-02 6.102203e+01 1.299764e+02 5.880269e-02 -5.243529e-04 
4.957000e+02 -1.706671e-02 6.388239e-02 1.329303e+00 1.185618e+04 1.448340e+04 1.979872e+02 15000 12000 1.618950e-04     0 3.939672e-02 6.102217e+01 1.299765e+02 5.880060e-02 -5.390343e-04 
4.958000e+02 -1.724276e-02 6.388132e-02 1.328999e+00 1.185929e+04 1.449602e+04 1.980532e+02 15000 12000 1.438359e-04     0 3.939952e-02 6.102215e+01 1.299765e+02 5.879853e-02 -5.581175e-04 
4.959000e+02 -1.742222e-02 6.387990e-02 1.328690e+00 1.186240e+04 1.450864e+04 1.981193e+02 15000 12000 1.090762e-04     0 3.940229e-02 6.102196e+01 1.299765e+02 5.879648e-02 -5.785813e-04 
  496 -1.759623e-02 6.387810e-02 1.328374e+00 1.186552e+04 1.452126e+04 1.981854e+02 15000 12000 6.853260e-05     0 3.940499e-02 6.102161e+01 1.299765e+02 5.879445e-02 -5.962159e-04 
4.961000e+02 -1.777359e-02 6.387589e-02 1.328050e+00 1.186864e+04 1.453388e+04 1.982515e+02 15000 12000 2.362937e-04     0 3.940764e-02 6.102109e+01 1.299765e+02 5.879245e-02 -6.104399e-04 
4.962000e+02 -1.798314e-02 6.387337e-02 1.327722e+00 1.187176e+04 1.454649e+04 1.983176e+02 15000 12000 2.674364e-04     0 3.941027e-02 6.102041e+01 1.299765e+02 5.879047e-02 -6.291510e-04 
4.963000e+02 -1.821499e-02 6.387055e-02 1.327392e+00 1.187489e+04 1.455911e+04 1.983837e+02 15000 12000 2.437764e-04     0 3.941288e-02 6.101957e+01 1.299765e+02 5.878849e-02 -6.537447e-04 
4.964000e+02 -1.845132e-02 6.386740e-02 1.327058e+00 1.187802e+04 1.457172e+04 1.984497e+02 15000 12000 1.982110e-04     0 3.941543e-02 6.101857e+01 1.299765e+02 5.878655e-02 -6.802446e-04 
4.965000e+02 -1.868012e-02 6.386385e-02 1.326714e+00 1.188116e+04 1.458434e+04 1.985157e+02 15000 12000 1.450951e-04     0 3.941790e-02 6.101740e+01 1.299765e+02 5.878464e-02 -7.031069e-04 
4.966000e+02 -1.891373e-02 6.385988e-02 1.326359e+00 1.188430e+04 1.459695e+04 1.985817e+02 15000 12000 3.713059e-04     0 3.942030e-02 6.101607e+01 1.299765e+02 5.878276e-02 -7.216336e-04 
4.967000e+02 -1.919222e-02 6.385562e-02 1.326000e+00 1.188745e+04 1.460956e+04 1.986477e+02 15000 12000 4.142114e-04     0 3.942267e-02 6.101458e+01 1.299765e+02 5.878089e-02 -7.464541e-04 
4.968000e+02 -1.950182e-02 6.385109e-02 1.325640e+00 1.189060e+04 1.462217e+04 1.987136e+02 15000 12000 3.833487e-04     0 3.942502e-02 6.101293e+01 1.299766e+02 5.877904e-02 -7.794273e-04 
4.969000e+02 -1.981773e-02 6.384625e-02 1.325273e+00 1.189375e+04 1.463478e+04 1.987795e+02 15000 12000 3.229041e-04     0 3.942729e-02 6.101112e+01 1.299766e+02 5.877721e-02 -8.151581e-04 
  497 -2.012318e-02 6.384098e-02 1.324894e+00 1.189691e+04 1.464739e+04 1.988454e+02 15000 12000 2.522790e-04     0 3.942945e-02 6.100915e+01 1.299766e+02 5.877544e-02 -8.461214e-04 
4.971000e+02 -2.043622e-02 6.383527e-02 1.324502e+00 1.190008e+04 1.465999e+04 1.989112e+02 15000 12000 5.706430e-04     0 3.943152e-02 6.100702e+01 1.299766e+02 5.877371e-02 -8.715017e-04 
4.972000e+02 -2.081472e-02 6.382931e-02 1.324104e+00 1.190325e+04 1.467260e+04 1.989769e+02 15000 12000 6.334662e-04     0 3.943355e-02 6.100473e+01 1.299767e+02 5.877198e-02 -9.061774e-04 
4.973000e+02 -2.123871e-02 6.382314e-02 1.323706e+00 1.190642e+04 1.468520e+04 1.990425e+02 15000 12000 5.930451e-04     0 3.943555e-02 6.100229e+01 1.299767e+02 5.877026e-02 -9.527122e-04 
4.974000e+02 -2.167229e-02 6.381667e-02 1.323300e+00 1.190960e+04 1.469780e+04 1.991081e+02 15000 12000 5.110299e-04     0 3.943744e-02 6.099968e+01 1.299767e+02 5.876859e-02 -1.003475e-03 
4.975000e+02 -2.209113e-02 6.380975e-02 1.322878e+00 1.191279e+04 1.471040e+04 1.991736e+02 15000 12000 4.146673e-04     0 3.943917e-02 6.099692e+01 1.299768e+02 5.876698e-02 -1.047816e-03 
4.976000e+02 -2.252326e-02 6.380234e-02 1.322437e+00 1.191598e+04 1.472300e+04 1.992391e+02 15000 12000 8.896490e-04     0 3.944075e-02 6.099400e+01 1.299768e+02 5.876544e-02 -1.084862e-03 
4.977000e+02 -2.305672e-02 6.379474e-02 1.321993e+00 1.191918e+04 1.473560e+04 1.993044e+02 15000 12000 9.886993e-04     0 3.944230e-02 6.099093e+01 1.299768e+02 5.876386e-02 -1.136627e-03 
4.978000e+02 -2.366100e-02 6.378705e-02 1.321548e+00 1.192238e+04 1.474820e+04 1.993697e+02 15000 12000 9.351514e-04     0 3.944382e-02 6.098770e+01 1.299769e+02 5.876229e-02 -1.206832e-03 
4.979000e+02 -2.428119e-02 6.377912e-02 1.321094e+00 1.192559e+04 1.476079e+04 1.994348e+02 15000 12000 8.197458e-04     0 3.944517e-02 6.098432e+01 1.299769e+02 5.876077e-02 -1.284044e-03 
  498 -2.488009e-02 6.377066e-02 1.320618e+00 1.192880e+04 1.477339e+04 1.994998e+02 15000 12000 6.828576e-04     0 3.944626e-02 6.098079e+01 1.299770e+02 5.875937e-02 -1.352285e-03 
4.981000e+02 -2.550506e-02 6.376161e-02 1.320116e+00 1.193202e+04 1.478598e+04 1.995648e+02 15000 12000 1.453193e-03     0 3.944711e-02 6.097710e+01 1.299771e+02 5.875804e-02 -1.410933e-03 
4.982000e+02 -2.630071e-02 6.375256e-02 1.319612e+00 1.193525e+04 1.479857e+04 1.996296e+02 15000 12000 1.625319e-03     0 3.944792e-02 6.097326e+01 1.299771e+02 5.875660e-02 -1.495328e-03 
4.983000e+02 -2.721658e-02 6.374370e-02 1.319112e+00 1.193849e+04 1.481116e+04 1.996942e+02 15000 12000 1.553279e-03     0 3.944873e-02 6.096927e+01 1.299772e+02 5.875512e-02 -1.611315e-03 
4.984000e+02 -2.816193e-02 6.373472e-02 1.318602e+00 1.194173e+04 1.482374e+04 1.997588e+02 15000 12000 1.381476e-03     0 3.944928e-02 6.096513e+01 1.299773e+02 5.875371e-02 -1.740271e-03 
4.985000e+02 -2.907521e-02 6.372508e-02 1.318060e+00 1.194498e+04 1.483633e+04 1.998232e+02 15000 12000 1.174605e-03     0 3.944937e-02 6.096085e+01 1.299774e+02 5.875249e-02 -1.856114e-03 
4.986000e+02 -3.004798e-02 6.371467e-02 1.317481e+00 1.194824e+04 1.484891e+04 1.998874e+02 15000 12000 2.597535e-03     0 3.944901e-02 6.095641e+01 1.299775e+02 5.875134e-02 -1.959889e-03 
4.987000e+02 -3.134831e-02 6.370481e-02 1.316907e+00 1.195150e+04 1.486149e+04 1.999515e+02 15000 12000 2.942899e-03     0 3.944870e-02 6.095183e+01 1.299776e+02 5.874978e-02 -2.116238e-03 
4.988000e+02 -3.288175e-02 6.369598e-02 1.316351e+00 1.195478e+04 1.487407e+04 2.000153e+02 15000 12000 2.845576e-03     0 3.944851e-02 6.094711e+01 1.299777e+02 5.874798e-02 -2.335607e-03 
4.989000e+02 -3.447866e-02 6.368751e-02 1.315786e+00 1.195806e+04 1.488665e+04 2.000790e+02 15000 12000 2.565542e-03     0 3.944791e-02 6.094224e+01 1.299778e+02 5.874621e-02 -2.583424e-03 
  499 -3.602404e-02 6.367811e-02 1.315170e+00 1.196135e+04 1.489922e+04 2.001425e+02 15000 12000 2.220090e-03     0 3.944643e-02 6.093723e+01 1.299780e+02 5.874480e-02 -2.811059e-03 
4.991000e+02 -3.774394e-02 6.366771e-02 1.314500e+00 1.196465e+04 1.491179e+04 2.002058e+02 15000 12000 5.546306e-03     0 3.944402e-02 6.093208e+01 1.299782e+02 5.874319e-02 -3.029404e-03 
4.992000e+02 -4.025896e-02 6.366037e-02 1.313877e+00 1.196797e+04 1.492436e+04 2.002688e+02 15000 12000 6.437200e-03     0 3.944222e-02 6.092679e+01 1.299784e+02 5.873964e-02 -3.388903e-03 
4.993000e+02 -4.334778e-02 6.365792e-02 1.313325e+00 1.197129e+04 1.493693e+04 2.003315e+02 15000 12000 6.319743e-03     0 3.944149e-02 6.092137e+01 1.299786e+02 5.873452e-02 -3.913539e-03 
4.994000e+02 -4.661277e-02 6.365854e-02 1.312782e+00 1.197462e+04 1.494949e+04 2.003939e+02 15000 12000 5.780660e-03     0 3.944051e-02 6.091582e+01 1.299788e+02 5.872878e-02 -4.522064e-03 
4.995000e+02 -4.978443e-02 6.365811e-02 1.312150e+00 1.197797e+04 1.496205e+04 2.004560e+02 15000 12000 5.086584e-03     0 3.943782e-02 6.091015e+01 1.299791e+02 5.872363e-02 -5.099019e-03 
4.996000e+02 -5.390636e-02 6.365904e-02 1.311476e+00 1.198133e+04 1.497461e+04 2.005177e+02 15000 12000 1.915773e-02     0 3.943307e-02 6.090435e+01 1.299795e+02 5.871357e-02 -5.757940e-03 
4.997000e+02 -6.151164e-02 6.369001e-02 1.311205e+00 1.198470e+04 1.498716e+04 2.005789e+02 15000 12000 2.340722e-02     0 3.943380e-02 6.089844e+01 1.299799e+02 5.868313e-02 -7.146172e-03 
4.998000e+02 -7.167696e-02 6.377119e-02 1.311444e+00 1.198809e+04 1.499971e+04 2.006394e+02 15000 12000 2.354227e-02     0 3.945365e-02 6.089244e+01 1.299804e+02 5.862984e-02 -9.370408e-03 
4.999000e+02 -8.274148e-02 6.389862e-02 1.311928e+00 1.199150e+04 1.501225e+04 2.006991e+02 15000 12000 2.193060e-02     0 3.948490e-02 6.088636e+01 1.299810e+02 5.855803e-02 -1.208605e-02 
  500 -9.357565e-02 6.404525e-02 1.312220e+00 1.199493e+04 1.502479e+04 2.007577e+02 1.500000e+04 1.021007e+04 1.965294e-02     0 3.953691e-02 6.088023e+01 1.299817e+02 5.847939e-02 -1.479091e-02 
